tool,run_id,dx_um,dt_min,average_source,center_source,cell_voxel_average_source,resolution_label,time_min,average_uM,center_uM,cell_voxel_average_uM
PhysiCell,PhysiCell_dx_40um_uptake,40.0,,mean over all voxels,single center voxel nearest the origin,mean over unique voxels nearest the configured cell positions,voxel size=40 um,0.0,10.0,10.0,10.0
PhysiCell,PhysiCell_dx_40um_uptake,40.0,,mean over all voxels,single center voxel nearest the origin,mean over unique voxels nearest the configured cell positions,voxel size=40 um,0.01,9.99861041920366,10.000000000000004,9.96248131849884
PhysiCell,PhysiCell_dx_40um_uptake,40.0,,mean over all voxels,single center voxel nearest the origin,mean over unique voxels nearest the configured cell positions,voxel size=40 um,0.02,9.997221458386846,9.999128485930052,9.926318799506067
PhysiCell,PhysiCell_dx_40um_uptake,40.0,,mean over all voxels,single center voxel nearest the origin,mean over unique voxels nearest the configured cell positions,voxel size=40 um,0.03,9.995833714491301,9.9974679652175,9.891447864551528
PhysiCell,PhysiCell_dx_40um_uptake,40.0,,mean over all voxels,single center voxel nearest the origin,mean over unique voxels nearest the configured cell positions,voxel size=40 um,0.04,9.994447761670205,9.995094036729633,9.857807561574846
PhysiCell,PhysiCell_dx_40um_uptake,40.0,,mean over all voxels,single center voxel nearest the origin,mean over unique voxels nearest the configured cell positions,voxel size=40 um,0.05,9.993064151574421,9.992075969164473,9.825340338161173
PhysiCell,PhysiCell_dx_40um_uptake,40.0,,mean over all voxels,single center voxel nearest the origin,mean over unique voxels nearest the configured cell positions,voxel size=40 um,0.06,9.991683413671607,9.988477229909778,9.793991830141213
PhysiCell,PhysiCell_dx_40um_uptake,40.0,,mean over all voxels,single center voxel nearest the origin,mean over unique voxels nearest the configured cell positions,voxel size=40 um,0.07,9.990306055594473,9.984355968727504,9.763710664446686
PhysiCell,PhysiCell_dx_40um_uptake,40.0,,mean over all voxels,single center voxel nearest the origin,mean over unique voxels nearest the configured cell positions,voxel size=40 um,0.08,9.98893256351458,9.979765460227664,9.734448275196582
PhysiCell,PhysiCell_dx_40um_uptake,40.0,,mean over all voxels,single center voxel nearest the origin,mean over unique voxels nearest the configured cell positions,voxel size=40 um,0.09,9.987563402538417,9.974754508738384,9.706158732067065
PhysiCell,PhysiCell_dx_40um_uptake,40.0,,mean over all voxels,single center voxel nearest the origin,mean over unique voxels nearest the configured cell positions,voxel size=40 um,0.1,9.986199017122702,9.969367818854874,9.678798580069236
PhysiCell,PhysiCell_dx_40um_uptake,40.0,,mean over all voxels,single center voxel nearest the origin,mean over unique voxels nearest the configured cell positions,voxel size=40 um,0.11,9.984839831506067,9.963646334655841,9.652326689924791
PhysiCell,PhysiCell_dx_40um_uptake,40.0,,mean over all voxels,single center voxel nearest the origin,mean over unique voxels nearest the configured cell positions,voxel size=40 um,0.12,9.983486250154506,9.957627550308478,9.62670411829019
PhysiCell,PhysiCell_dx_40um_uptake,40.0,,mean over all voxels,single center voxel nearest the origin,mean over unique voxels nearest the configured cell positions,voxel size=40 um,0.13,9.982138658218245,9.951345794540483,9.601893977135884
PhysiCell,PhysiCell_dx_40um_uptake,40.0,,mean over all voxels,single center voxel nearest the origin,mean over unique voxels nearest the configured cell positions,voxel size=40 um,0.14,9.98079742199768,9.944832491236992,9.577861311638648
PhysiCell,PhysiCell_dx_40um_uptake,40.0,,mean over all voxels,single center voxel nearest the origin,mean over unique voxels nearest the configured cell positions,voxel size=40 um,0.15,9.97946288941651,9.938116398219876,9.554572985992682
PhysiCell,PhysiCell_dx_40um_uptake,40.0,,mean over all voxels,single center voxel nearest the origin,mean over unique voxels nearest the configured cell positions,voxel size=40 um,0.16,9.978135390500025,9.93122382608459,9.531997576588891
PhysiCell,PhysiCell_dx_40um_uptake,40.0,,mean over all voxels,single center voxel nearest the origin,mean over unique voxels nearest the configured cell positions,voxel size=40 um,0.17,9.976815237856991,9.924178838804236,9.510105272052325
PhysiCell,PhysiCell_dx_40um_uptake,40.0,,mean over all voxels,single center voxel nearest the origin,mean over unique voxels nearest the configured cell positions,voxel size=40 um,0.18,9.975502727163445,9.917003437659723,9.48886777966512
PhysiCell,PhysiCell_dx_40um_uptake,40.0,,mean over all voxels,single center voxel nearest the origin,mean over unique voxels nearest the configured cell positions,voxel size=40 um,0.19,9.974198137647054,9.909717729918036,9.468258237736666
PhysiCell,PhysiCell_dx_40um_uptake,40.0,,mean over all voxels,single center voxel nearest the origin,mean over unique voxels nearest the configured cell positions,voxel size=40 um,0.2,9.972901732570733,9.902340083555845,9.448251133514768
PhysiCell,PhysiCell_dx_40um_uptake,40.0,,mean over all voxels,single center voxel nearest the origin,mean over unique voxels nearest the configured cell positions,voxel size=40 um,0.21,9.971613759714307,9.894887269212344,9.42882222626083
PhysiCell,PhysiCell_dx_40um_uptake,40.0,,mean over all voxels,single center voxel nearest the origin,mean over unique voxels nearest the configured cell positions,voxel size=40 um,0.22,9.970334451853226,9.88737459045185,9.409948475139414
PhysiCell,PhysiCell_dx_40um_uptake,40.0,,mean over all voxels,single center voxel nearest the origin,mean over unique voxels nearest the configured cell positions,voxel size=40 um,0.23,9.969064027233335,9.879816003322826,9.391607971597558
PhysiCell,PhysiCell_dx_40um_uptake,40.0,,mean over all voxels,single center voxel nearest the origin,mean over unique voxels nearest the configured cell positions,voxel size=40 um,0.24,9.967802690040884,9.87222422611424,9.373779875932597
PhysiCell,PhysiCell_dx_40um_uptake,40.0,,mean over all voxels,single center voxel nearest the origin,mean over unique voxels nearest the configured cell positions,voxel size=40 um,0.25,9.966550630866983,9.864610840132276,9.356444357768616
PhysiCell,PhysiCell_dx_40um_uptake,40.0,,mean over all voxels,single center voxel nearest the origin,mean over unique voxels nearest the configured cell positions,voxel size=40 um,0.26,9.965308027165857,9.856986382249403,9.339582540181592
PhysiCell,PhysiCell_dx_40um_uptake,40.0,,mean over all voxels,single center voxel nearest the origin,mean over unique voxels nearest the configured cell positions,voxel size=40 um,0.27,9.964075043706305,9.84936042991294,9.323176447231742
PhysiCell,PhysiCell_dx_40um_uptake,40.0,,mean over all voxels,single center voxel nearest the origin,mean over unique voxels nearest the configured cell positions,voxel size=40 um,0.28,9.962851833015835,9.841741679241393,9.307208954678432
PhysiCell,PhysiCell_dx_40um_uptake,40.0,,mean over all voxels,single center voxel nearest the origin,mean over unique voxels nearest the configured cell positions,voxel size=40 um,0.29,9.96163853581702,9.834138016782928,9.29166374366906
PhysiCell,PhysiCell_dx_40um_uptake,40.0,,mean over all voxels,single center voxel nearest the origin,mean over unique voxels nearest the configured cell positions,voxel size=40 um,0.3,9.960435281455695,9.826556585461333,9.276525257207584
PhysiCell,PhysiCell_dx_40um_uptake,40.0,,mean over all voxels,single center voxel nearest the origin,mean over unique voxels nearest the configured cell positions,voxel size=40 um,0.31,9.959242188320653,9.819003845190034,9.261778659222209
PhysiCell,PhysiCell_dx_40um_uptake,40.0,,mean over all voxels,single center voxel nearest the origin,mean over unique voxels nearest the configured cell positions,voxel size=40 um,0.32,9.958059364254588,9.811485628593939,9.247409796064028
PhysiCell,PhysiCell_dx_40um_uptake,40.0,,mean over all voxels,single center voxel nearest the origin,mean over unique voxels nearest the configured cell positions,voxel size=40 um,0.33,9.956886906956026,9.804007192241547,9.23340516028018
PhysiCell,PhysiCell_dx_40um_uptake,40.0,,mean over all voxels,single center voxel nearest the origin,mean over unique voxels nearest the configured cell positions,voxel size=40 um,0.34,9.955724904372053,9.796573263755803,9.219751856515773
PhysiCell,PhysiCell_dx_40um_uptake,40.0,,mean over all voxels,single center voxel nearest the origin,mean over unique voxels nearest the configured cell positions,voxel size=40 um,0.35,9.95457343508173,9.789188085141088,9.206437569408854
PhysiCell,PhysiCell_dx_40um_uptake,40.0,,mean over all voxels,single center voxel nearest the origin,mean over unique voxels nearest the configured cell positions,voxel size=40 um,0.36,9.953432568670092,9.781855452635366,9.19345053335191
PhysiCell,PhysiCell_dx_40um_uptake,40.0,,mean over all voxels,single center voxel nearest the origin,mean over unique voxels nearest the configured cell positions,voxel size=40 um,0.37,9.952302366092592,9.774578753370635,9.180779504002066
PhysiCell,PhysiCell_dx_40um_uptake,40.0,,mean over all voxels,single center voxel nearest the origin,mean over unique voxels nearest the configured cell positions,voxel size=40 um,0.38,9.951182880030053,9.767360999101047,9.168413731429998
PhysiCell,PhysiCell_dx_40um_uptake,40.0,,mean over all voxels,single center voxel nearest the origin,mean over unique voxels nearest the configured cell positions,voxel size=40 um,0.39,9.950074155234006,9.760204857236563,9.156342934805146
PhysiCell,PhysiCell_dx_40um_uptake,40.0,,mean over all voxels,single center voxel nearest the origin,mean over unique voxels nearest the configured cell positions,voxel size=40 um,0.4,9.948976228862538,9.753112679400095,9.144557278521482
PhysiCell,PhysiCell_dx_40um_uptake,40.0,,mean over all voxels,single center voxel nearest the origin,mean over unique voxels nearest the configured cell positions,voxel size=40 um,0.41,9.947889130806585,9.746086527708089,9.133047349674701
PhysiCell,PhysiCell_dx_40um_uptake,40.0,,mean over all voxels,single center voxel nearest the origin,mean over unique voxels nearest the configured cell positions,voxel size=40 um,0.42,9.946812884006796,9.73912819895791,9.121804136807452
PhysiCell,PhysiCell_dx_40um_uptake,40.0,,mean over all voxels,single center voxel nearest the origin,mean over unique voxels nearest the configured cell positions,voxel size=40 um,0.43,9.945747504761036,9.732239246890257,9.110819009844839
PhysiCell,PhysiCell_dx_40um_uptake,40.0,,mean over all voxels,single center voxel nearest the origin,mean over unique voxels nearest the configured cell positions,voxel size=40 um,0.44,9.94469300302256,9.725421002680982,9.100083701147554
PhysiCell,PhysiCell_dx_40um_uptake,40.0,,mean over all voxels,single center voxel nearest the origin,mean over unique voxels nearest the configured cell positions,voxel size=40 um,0.45,9.943649382689072,9.718674593804058,9.089590287614698
PhysiCell,PhysiCell_dx_40um_uptake,40.0,,mean over all voxels,single center voxel nearest the origin,mean over unique voxels nearest the configured cell positions,voxel size=40 um,0.46,9.942616641882685,9.71200096139574,9.07933117377288
PhysiCell,PhysiCell_dx_40um_uptake,40.0,,mean over all voxels,single center voxel nearest the origin,mean over unique voxels nearest the configured cell positions,voxel size=40 um,0.47,9.94159477322098,9.705400876239423,9.069299075792248
PhysiCell,PhysiCell_dx_40um_uptake,40.0,,mean over all voxels,single center voxel nearest the origin,mean over unique voxels nearest the configured cell positions,voxel size=40 um,0.48,9.940583764079287,9.69887495348092,9.059487006373953
PhysiCell,PhysiCell_dx_40um_uptake,40.0,,mean over all voxels,single center voxel nearest the origin,mean over unique voxels nearest the configured cell positions,voxel size=40 um,0.49,9.939583596844331,9.692423666174953,9.049888260457177
PhysiCell,PhysiCell_dx_40um_uptake,40.0,,mean over all voxels,single center voxel nearest the origin,mean over unique voxels nearest the configured cell positions,voxel size=40 um,0.5,9.938594249159413,9.68604735775551,9.040496401697123
PhysiCell,PhysiCell_dx_40um_uptake,40.0,,mean over all voxels,single center voxel nearest the origin,mean over unique voxels nearest the configured cell positions,voxel size=40 um,0.51,9.937615694161277,9.679746253515237,9.031305249668508
PhysiCell,PhysiCell_dx_40um_uptake,40.0,,mean over all voxels,single center voxel nearest the origin,mean over unique voxels nearest the configured cell positions,voxel size=40 um,0.52,9.936647900708886,9.67352047117206,9.02230886775196
PhysiCell,PhysiCell_dx_40um_uptake,40.0,,mean over all voxels,single center voxel nearest the origin,mean over unique voxels nearest the configured cell positions,voxel size=40 um,0.53,9.935690833604168,9.667370030595116,9.013501551663508
PhysiCell,PhysiCell_dx_40um_uptake,40.0,,mean over all voxels,single center voxel nearest the origin,mean over unique voxels nearest the configured cell positions,voxel size=40 um,0.54,9.934744453805049,9.661294862756092,9.004877818589716
PhysiCell,PhysiCell_dx_40um_uptake,40.0,,mean over all voxels,single center voxel nearest the origin,mean over unique voxels nearest the configured cell positions,voxel size=40 um,0.55,9.933808718630848,9.655294817966901,8.996432396893491
PhysiCell,PhysiCell_dx_40um_uptake,40.0,,mean over all voxels,single center voxel nearest the origin,mean over unique voxels nearest the configured cell positions,voxel size=40 um,0.56,9.932883581960269,9.649369673459752,8.988160216357741
PhysiCell,PhysiCell_dx_40um_uptake,40.0,,mean over all voxels,single center voxel nearest the origin,mean over unique voxels nearest the configured cell positions,voxel size=40 um,0.57,9.931968994422157,9.643519140361112,8.98005639893607
PhysiCell,PhysiCell_dx_40um_uptake,40.0,,mean over all voxels,single center voxel nearest the origin,mean over unique voxels nearest the configured cell positions,voxel size=40 um,0.58,9.931064903579214,9.637742870107058,8.97211624998162
PhysiCell,PhysiCell_dx_40um_uptake,40.0,,mean over all voxels,single center voxel nearest the origin,mean over unique voxels nearest the configured cell positions,voxel size=40 um,0.59,9.930171254104847,9.632040460343685,8.964335249927009
PhysiCell,PhysiCell_dx_40um_uptake,40.0,,mean over all voxels,single center voxel nearest the origin,mean over unique voxels nearest the configured cell positions,voxel size=40 um,0.6,9.929287987953332,9.626411460352829,8.956709046389872
PhysiCell,PhysiCell_dx_40um_uptake,40.0,,mean over all voxels,single center voxel nearest the origin,mean over unique voxels nearest the configured cell positions,voxel size=40 um,0.61,9.92841504452351,9.620855376040119,8.949233446680134
PhysiCell,PhysiCell_dx_40um_uptake,40.0,,mean over all voxels,single center voxel nearest the origin,mean over unique voxels nearest the configured cell positions,voxel size=40 um,0.62,9.927552360816131,9.615371674519517,8.941904410686595
PhysiCell,PhysiCell_dx_40um_uptake,40.0,,mean over all voxels,single center voxel nearest the origin,mean over unique voxels nearest the configured cell positions,voxel size=40 um,0.63,9.926699871585118,9.609959788325773,8.934718044121759
PhysiCell,PhysiCell_dx_40um_uptake,40.0,,mean over all voxels,single center voxel nearest the origin,mean over unique voxels nearest the configured cell positions,voxel size=40 um,0.64,9.92585750948284,9.604619119283777,8.92767059210504
PhysiCell,PhysiCell_dx_40um_uptake,40.0,,mean over all voxels,single center voxel nearest the origin,mean over unique voxels nearest the configured cell positions,voxel size=40 um,0.65,9.925025205199642,9.599349042061515,8.920758433065815
PhysiCell,PhysiCell_dx_40um_uptake,40.0,,mean over all voxels,single center voxel nearest the origin,mean over unique voxels nearest the configured cell positions,voxel size=40 um,0.66,9.924202887597753,9.594148907431231,8.913978072948723
PhysiCell,PhysiCell_dx_40um_uptake,40.0,,mean over all voxels,single center voxel nearest the origin,mean over unique voxels nearest the configured cell positions,voxel size=40 um,0.67,9.923390483839789,9.589018045261515,8.907326139704827
PhysiCell,PhysiCell_dx_40um_uptake,40.0,,mean over all voxels,single center voxel nearest the origin,mean over unique voxels nearest the configured cell positions,voxel size=40 um,0.68,9.922587919511999,9.583955767261191,8.900799378053067
PhysiCell,PhysiCell_dx_40um_uptake,40.0,,mean over all voxels,single center voxel nearest the origin,mean over unique voxels nearest the configured cell positions,voxel size=40 um,0.69,9.921795118742407,9.578961369494396,8.894394644497472
PhysiCell,PhysiCell_dx_40um_uptake,40.0,,mean over all voxels,single center voxel nearest the origin,mean over unique voxels nearest the configured cell positions,voxel size=40 um,0.7,9.921012004314038,9.574034134684519,8.88810890258638
PhysiCell,PhysiCell_dx_40um_uptake,40.0,,mean over all voxels,single center voxel nearest the origin,mean over unique voxels nearest the configured cell positions,voxel size=40 um,0.71,9.920238497773399,9.569173334323555,8.881939218400735
PhysiCell,PhysiCell_dx_40um_uptake,40.0,,mean over all voxels,single center voxel nearest the origin,mean over unique voxels nearest the configured cell positions,voxel size=40 um,0.72,9.91947451953432,9.564378230601928,8.87588275625929
PhysiCell,PhysiCell_dx_40um_uptake,40.0,,mean over all voxels,single center voxel nearest the origin,mean over unique voxels nearest the configured cell positions,voxel size=40 um,0.73,9.918719988977347,9.559648078172797,8.86993677462924
PhysiCell,PhysiCell_dx_40um_uptake,40.0,,mean over all voxels,single center voxel nearest the origin,mean over unique voxels nearest the configured cell positions,voxel size=40 um,0.74,9.91797482454486,9.554982125763756,8.864098622231444
PhysiCell,PhysiCell_dx_40um_uptake,40.0,,mean over all voxels,single center voxel nearest the origin,mean over unique voxels nearest the configured cell positions,voxel size=40 um,0.75,9.91723894383201,9.5503796176478,8.858365734330084
PhysiCell,PhysiCell_dx_40um_uptake,40.0,,mean over all voxels,single center voxel nearest the origin,mean over unique voxels nearest the configured cell positions,voxel size=40 um,0.76,9.916512263673638,9.545839794984579,8.852735629197092
PhysiCell,PhysiCell_dx_40um_uptake,40.0,,mean over all voxels,single center voxel nearest the origin,mean over unique voxels nearest the configured cell positions,voxel size=40 um,0.77,9.915794700227341,9.541361897042071,8.84720590474232
PhysiCell,PhysiCell_dx_40um_uptake,40.0,,mean over all voxels,single center voxel nearest the origin,mean over unique voxels nearest the configured cell positions,voxel size=40 um,0.78,9.915086169052783,9.536945162308058,8.841774235300852
PhysiCell,PhysiCell_dx_40um_uptake,40.0,,mean over all voxels,single center voxel nearest the origin,mean over unique voxels nearest the configured cell positions,voxel size=40 um,0.79,9.914386585187415,9.532588829499998,8.836438368569405
PhysiCell,PhysiCell_dx_40um_uptake,40.0,,mean over all voxels,single center voxel nearest the origin,mean over unique voxels nearest the configured cell positions,voxel size=40 um,0.8,9.913695863218713,9.528292138481358,8.831196122684178
PhysiCell,PhysiCell_dx_40um_uptake,40.0,,mean over all voxels,single center voxel nearest the origin,mean over unique voxels nearest the configured cell positions,voxel size=40 um,0.81,9.913013917353055,9.52405433109173,8.826045383432952
PhysiCell,PhysiCell_dx_40um_uptake,40.0,,mean over all voxels,single center voxel nearest the origin,mean over unique voxels nearest the configured cell positions,voxel size=40 um,0.82,9.9123406614814,9.519874651897537,8.820984101594636
PhysiCell,PhysiCell_dx_40um_uptake,40.0,,mean over all voxels,single center voxel nearest the origin,mean over unique voxels nearest the configured cell positions,voxel size=40 um,0.83,9.911676009241818,9.51575234886966,8.816010290399813
PhysiCell,PhysiCell_dx_40um_uptake,40.0,,mean over all voxels,single center voxel nearest the origin,mean over unique voxels nearest the configured cell positions,voxel size=40 um,0.84,9.911019874079061,9.511686673993765,8.811122023106233
PhysiCell,PhysiCell_dx_40um_uptake,40.0,,mean over all voxels,single center voxel nearest the origin,mean over unique voxels nearest the configured cell positions,voxel size=40 um,0.85,9.910372169301233,9.507676883818679,8.806317430683483
PhysiCell,PhysiCell_dx_40um_uptake,40.0,,mean over all voxels,single center voxel nearest the origin,mean over unique voxels nearest the configured cell positions,voxel size=40 um,0.86,9.909732808133702,9.503722239947821,8.80159469960144
PhysiCell,PhysiCell_dx_40um_uptake,40.0,,mean over all voxels,single center voxel nearest the origin,mean over unique voxels nearest the configured cell positions,voxel size=40 um,0.87,9.909101703770304,9.49982200947822,8.796952069717294
PhysiCell,PhysiCell_dx_40um_uptake,40.0,,mean over all voxels,single center voxel nearest the origin,mean over unique voxels nearest the configured cell positions,voxel size=40 um,0.88,9.908478769422038,9.495975465391373,8.792387832256377
PhysiCell,PhysiCell_dx_40um_uptake,40.0,,mean over all voxels,single center voxel nearest the origin,mean over unique voxels nearest the configured cell positions,voxel size=40 um,0.89,9.907863918363244,9.492181886899845,8.787900327882104
PhysiCell,PhysiCell_dx_40um_uptake,40.0,,mean over all voxels,single center voxel nearest the origin,mean over unique voxels nearest the configured cell positions,voxel size=40 um,0.9,9.907257063975443,9.488440559753204,8.783487944850744
PhysiCell,PhysiCell_dx_40um_uptake,40.0,,mean over all voxels,single center voxel nearest the origin,mean over unique voxels nearest the configured cell positions,voxel size=40 um,0.91,9.906658119788862,9.484750776506658,8.779149117246824
PhysiCell,PhysiCell_dx_40um_uptake,40.0,,mean over all voxels,single center voxel nearest the origin,mean over unique voxels nearest the configured cell positions,voxel size=40 um,0.92,9.906066999521814,9.481111836755408,8.774882323295328
PhysiCell,PhysiCell_dx_40um_uptake,40.0,,mean over all voxels,single center voxel nearest the origin,mean over unique voxels nearest the configured cell positions,voxel size=40 um,0.93,9.905483617117913,9.47752304733766,8.770686083746952
PhysiCell,PhysiCell_dx_40um_uptake,40.0,,mean over all voxels,single center voxel nearest the origin,mean over unique voxels nearest the configured cell positions,voxel size=40 um,0.94,9.904907886781343,9.473983722508809,8.766558960332917
PhysiCell,PhysiCell_dx_40um_uptake,40.0,,mean over all voxels,single center voxel nearest the origin,mean over unique voxels nearest the configured cell positions,voxel size=40 um,0.95,9.904339723010121,9.470493184089273,8.762499554285998
PhysiCell,PhysiCell_dx_40um_uptake,40.0,,mean over all voxels,single center voxel nearest the origin,mean over unique voxels nearest the configured cell positions,voxel size=40 um,0.96,9.903779040627539,9.46705076158826,8.75850650492466
PhysiCell,PhysiCell_dx_40um_uptake,40.0,,mean over all voxels,single center voxel nearest the origin,mean over unique voxels nearest the configured cell positions,voxel size=40 um,0.97,9.90322575481181,9.463655792305438,8.754578488297275
PhysiCell,PhysiCell_dx_40um_uptake,40.0,,mean over all voxels,single center voxel nearest the origin,mean over unique voxels nearest the configured cell positions,voxel size=40 um,0.98,9.902679781123988,9.460307621412488,8.750714215883585
PhysiCell,PhysiCell_dx_40um_uptake,40.0,,mean over all voxels,single center voxel nearest the origin,mean over unique voxels nearest the configured cell positions,voxel size=40 um,0.99,9.90214103553428,9.457005602016258,8.746912433350754
PhysiCell,PhysiCell_dx_40um_uptake,40.0,,mean over all voxels,single center voxel nearest the origin,mean over unique voxels nearest the configured cell positions,voxel size=40 um,1.0,9.901609434446739,9.453749095205197,8.743171919361442
PhysiCell,PhysiCell_dx_40um_uptake,40.0,,mean over all voxels,single center voxel nearest the origin,mean over unique voxels nearest the configured cell positions,voxel size=40 um,1.01,9.901084894722493,9.450537470080482,8.739491484431436
PhysiCell,PhysiCell_dx_40um_uptake,40.0,,mean over all voxels,single center voxel nearest the origin,mean over unique voxels nearest the configured cell positions,voxel size=40 um,1.02,9.900567333701488,9.447370103773316,8.735869969834628
PhysiCell,PhysiCell_dx_40um_uptake,40.0,,mean over all voxels,single center voxel nearest the origin,mean over unique voxels nearest the configured cell positions,voxel size=40 um,1.03,9.900056669222883,9.444246381449608,8.732306246553064
PhysiCell,PhysiCell_dx_40um_uptake,40.0,,mean over all voxels,single center voxel nearest the origin,mean over unique voxels nearest the configured cell positions,voxel size=40 um,1.04,9.899552819644093,9.441165696303216,8.72879921427005
PhysiCell,PhysiCell_dx_40um_uptake,40.0,,mean over all voxels,single center voxel nearest the origin,mean over unique voxels nearest the configured cell positions,voxel size=40 um,1.05,9.899055703858581,9.438127449538875,8.725347800404325
PhysiCell,PhysiCell_dx_40um_uptake,40.0,,mean over all voxels,single center voxel nearest the origin,mean over unique voxels nearest the configured cell positions,voxel size=40 um,1.06,9.898565241312417,9.435131050345767,8.721950959183426
PhysiCell,PhysiCell_dx_40um_uptake,40.0,,mean over all voxels,single center voxel nearest the origin,mean over unique voxels nearest the configured cell positions,voxel size=40 um,1.07,9.898081352019705,9.432175915862677,8.718607670754459
PhysiCell,PhysiCell_dx_40um_uptake,40.0,,mean over all voxels,single center voxel nearest the origin,mean over unique voxels nearest the configured cell positions,voxel size=40 um,1.08,9.897603956576862,9.429261471135574,8.715316940330611
PhysiCell,PhysiCell_dx_40um_uptake,40.0,,mean over all voxels,single center voxel nearest the origin,mean over unique voxels nearest the configured cell positions,voxel size=40 um,1.09,9.897132976175866,9.426387149068384,8.712077797371762
PhysiCell,PhysiCell_dx_40um_uptake,40.0,,mean over all voxels,single center voxel nearest the origin,mean over unique voxels nearest the configured cell positions,voxel size=40 um,1.1,9.896668332616473,9.423552390367712,8.70888929479768
PhysiCell,PhysiCell_dx_40um_uptake,40.0,,mean over all voxels,single center voxel nearest the origin,mean over unique voxels nearest the configured cell positions,voxel size=40 um,1.11,9.896209948317468,9.42075664348213,8.705750508232361
PhysiCell,PhysiCell_dx_40um_uptake,40.0,,mean over all voxels,single center voxel nearest the origin,mean over unique voxels nearest the configured cell positions,voxel size=40 um,1.12,9.895757746326986,9.417999364536644,8.702660535278092
PhysiCell,PhysiCell_dx_40um_uptake,40.0,,mean over all voxels,single center voxel nearest the origin,mean over unique voxels nearest the configured cell positions,voxel size=40 um,1.13,9.895311650331964,9.415280017262937,8.699618494817956
PhysiCell,PhysiCell_dx_40um_uptake,40.0,,mean over all voxels,single center voxel nearest the origin,mean over unique voxels nearest the configured cell positions,voxel size=40 um,1.14,9.894871584666713,9.412598072925844,8.696623526345505
PhysiCell,PhysiCell_dx_40um_uptake,40.0,,mean over all voxels,single center voxel nearest the origin,mean over unique voxels nearest the configured cell positions,voxel size=40 um,1.15,9.894437474320737,9.409953010246568,8.69367478932039
PhysiCell,PhysiCell_dx_40um_uptake,40.0,,mean over all voxels,single center voxel nearest the origin,mean over unique voxels nearest the configured cell positions,voxel size=40 um,1.16,9.894009244945734,9.407344315323046,8.69077146254887
PhysiCell,PhysiCell_dx_40um_uptake,40.0,,mean over all voxels,single center voxel nearest the origin,mean over unique voxels nearest the configured cell positions,voxel size=40 um,1.17,9.893586822861884,9.404771481547883,8.687912743588047
PhysiCell,PhysiCell_dx_40um_uptake,40.0,,mean over all voxels,single center voxel nearest the origin,mean over unique voxels nearest the configured cell positions,voxel size=40 um,1.18,9.893170135063452,9.402234009524182,8.685097848172832
PhysiCell,PhysiCell_dx_40um_uptake,40.0,,mean over all voxels,single center voxel nearest the origin,mean over unique voxels nearest the configured cell positions,voxel size=40 um,1.19,9.892759109223691,9.399731406979642,8.682326009664662
PhysiCell,PhysiCell_dx_40um_uptake,40.0,,mean over all voxels,single center voxel nearest the origin,mean over unique voxels nearest the configured cell positions,voxel size=40 um,1.2,9.892353673699173,9.397263188679183,8.679596478521018
PhysiCell,PhysiCell_dx_40um_uptake,40.0,,mean over all voxels,single center voxel nearest the origin,mean over unique voxels nearest the configured cell positions,voxel size=40 um,1.21,9.891953757533422,9.394828876336389,8.676908521784842
PhysiCell,PhysiCell_dx_40um_uptake,40.0,,mean over all voxels,single center voxel nearest the origin,mean over unique voxels nearest the configured cell positions,voxel size=40 um,1.22,9.891559290460071,9.392427998524067,8.674261422593045
PhysiCell,PhysiCell_dx_40um_uptake,40.0,,mean over all voxels,single center voxel nearest the origin,mean over unique voxels nearest the configured cell positions,voxel size=40 um,1.23,9.89117020290541,9.390060090584058,8.671654479703236
PhysiCell,PhysiCell_dx_40um_uptake,40.0,,mean over all voxels,single center voxel nearest the origin,mean over unique voxels nearest the configured cell positions,voxel size=40 um,1.24,9.890786425990434,9.387724694536596,8.669087007037943
PhysiCell,PhysiCell_dx_40um_uptake,40.0,,mean over all voxels,single center voxel nearest the origin,mean over unique voxels nearest the configured cell positions,voxel size=40 um,1.25,9.890407891532412,9.385421358989358,8.666558333245561
PhysiCell,PhysiCell_dx_40um_uptake,40.0,,mean over all voxels,single center voxel nearest the origin,mean over unique voxels nearest the configured cell positions,voxel size=40 um,1.26,9.890034532045958,9.383149639046383,8.66406780127734
PhysiCell,PhysiCell_dx_40um_uptake,40.0,,mean over all voxels,single center voxel nearest the origin,mean over unique voxels nearest the configured cell positions,voxel size=40 um,1.27,9.88966628074368,9.380909096217028,8.66161476797974
PhysiCell,PhysiCell_dx_40um_uptake,40.0,,mean over all voxels,single center voxel nearest the origin,mean over unique voxels nearest the configured cell positions,voxel size=40 um,1.28,9.8893030715364,9.3786992983251,8.659198603701489
PhysiCell,PhysiCell_dx_40um_uptake,40.0,,mean over all voxels,single center voxel nearest the origin,mean over unique voxels nearest the configured cell positions,voxel size=40 um,1.29,9.888944839032982,9.376519819418268,8.656818691914765
PhysiCell,PhysiCell_dx_40um_uptake,40.0,,mean over all voxels,single center voxel nearest the origin,mean over unique voxels nearest the configured cell positions,voxel size=40 um,1.3,9.888591518539762,9.3743702396779,8.654474428849891
PhysiCell,PhysiCell_dx_40um_uptake,40.0,,mean over all voxels,single center voxel nearest the origin,mean over unique voxels nearest the configured cell positions,voxel size=40 um,1.31,9.88824304605964,9.372250145329406,8.652165223143
PhysiCell,PhysiCell_dx_40um_uptake,40.0,,mean over all voxels,single center voxel nearest the origin,mean over unique voxels nearest the configured cell positions,voxel size=40 um,1.32,9.887899358290824,9.370159128553201,8.649890495496132
PhysiCell,PhysiCell_dx_40um_uptake,40.0,,mean over all voxels,single center voxel nearest the origin,mean over unique voxels nearest the configured cell positions,voxel size=40 um,1.33,9.887560392625243,9.368096787396329,8.647649678349262
PhysiCell,PhysiCell_dx_40um_uptake,40.0,,mean over all voxels,single center voxel nearest the origin,mean over unique voxels nearest the configured cell positions,voxel size=40 um,1.34,9.887226087146685,9.366062725684868,8.645442215563744
PhysiCell,PhysiCell_dx_40um_uptake,40.0,,mean over all voxels,single center voxel nearest the origin,mean over unique voxels nearest the configured cell positions,voxel size=40 um,1.35,9.886896380628613,9.364056552937157,8.643267562116758
PhysiCell,PhysiCell_dx_40um_uptake,40.0,,mean over all voxels,single center voxel nearest the origin,mean over unique voxels nearest the configured cell positions,voxel size=40 um,1.36,9.886571212531743,9.362077884277888,8.641125183806261
PhysiCell,PhysiCell_dx_40um_uptake,40.0,,mean over all voxels,single center voxel nearest the origin,mean over unique voxels nearest the configured cell positions,voxel size=40 um,1.37,9.886250523001335,9.360126340353135,8.63901455696606
PhysiCell,PhysiCell_dx_40um_uptake,40.0,,mean over all voxels,single center voxel nearest the origin,mean over unique voxels nearest the configured cell positions,voxel size=40 um,1.38,9.885934252864292,9.358201547246379,8.636935168190574
PhysiCell,PhysiCell_dx_40um_uptake,40.0,,mean over all voxels,single center voxel nearest the origin,mean over unique voxels nearest the configured cell positions,voxel size=40 um,1.39,9.88562234362597,9.356303136395496,8.634886514068913
PhysiCell,PhysiCell_dx_40um_uptake,40.0,,mean over all voxels,single center voxel nearest the origin,mean over unique voxels nearest the configured cell positions,voxel size=40 um,1.4,9.885314737466834,9.354430744510823,8.632868100927904
PhysiCell,PhysiCell_dx_40um_uptake,40.0,,mean over all voxels,single center voxel nearest the origin,mean over unique voxels nearest the configured cell positions,voxel size=40 um,1.41,9.885011377238882,9.352584013494281,8.630879444583694
PhysiCell,PhysiCell_dx_40um_uptake,40.0,,mean over all voxels,single center voxel nearest the origin,mean over unique voxels nearest the configured cell positions,voxel size=40 um,1.42,9.884712206461904,9.350762590359578,8.628920070101602
PhysiCell,PhysiCell_dx_40um_uptake,40.0,,mean over all voxels,single center voxel nearest the origin,mean over unique voxels nearest the configured cell positions,voxel size=40 um,1.43,9.884417169319532,9.348966127153536,8.626989511563908
PhysiCell,PhysiCell_dx_40um_uptake,40.0,,mean over all voxels,single center voxel nearest the origin,mean over unique voxels nearest the configured cell positions,voxel size=40 um,1.44,9.884126210655175,9.347194280878528,8.625087311845242
PhysiCell,PhysiCell_dx_40um_uptake,40.0,,mean over all voxels,single center voxel nearest the origin,mean over unique voxels nearest the configured cell positions,voxel size=40 um,1.45,9.883839275967773,9.345446713416036,8.623213022395282
PhysiCell,PhysiCell_dx_40um_uptake,40.0,,mean over all voxels,single center voxel nearest the origin,mean over unique voxels nearest the configured cell positions,voxel size=40 um,1.46,9.88355631140739,9.343723091451391,8.621366203028519
PhysiCell,PhysiCell_dx_40um_uptake,40.0,,mean over all voxels,single center voxel nearest the origin,mean over unique voxels nearest the configured cell positions,voxel size=40 um,1.47,9.883277263770733,9.342023086399601,8.619546421720743
PhysiCell,PhysiCell_dx_40um_uptake,40.0,,mean over all voxels,single center voxel nearest the origin,mean over unique voxels nearest the configured cell positions,voxel size=40 um,1.48,9.88300208049649,9.340346374332373,8.617753254412058
PhysiCell,PhysiCell_dx_40um_uptake,40.0,,mean over all voxels,single center voxel nearest the origin,mean over unique voxels nearest the configured cell positions,voxel size=40 um,1.49,9.8827307096606,9.33869263590625,8.615986284816135
PhysiCell,PhysiCell_dx_40um_uptake,40.0,,mean over all voxels,single center voxel nearest the origin,mean over unique voxels nearest the configured cell positions,voxel size=40 um,1.5,9.882463099971373,9.337061556291912,8.61424510423547
PhysiCell,PhysiCell_dx_40um_uptake,40.0,,mean over all voxels,single center voxel nearest the origin,mean over unique voxels nearest the configured cell positions,voxel size=40 um,1.51,9.882199200764559,9.335452825104602,8.612529311382456
PhysiCell,PhysiCell_dx_40um_uptake,40.0,,mean over all voxels,single center voxel nearest the origin,mean over unique voxels nearest the configured cell positions,voxel size=40 um,1.52,9.881938961998307,9.333866136335699,8.610838512205977
PhysiCell,PhysiCell_dx_40um_uptake,40.0,,mean over all voxels,single center voxel nearest the origin,mean over unique voxels nearest the configured cell positions,voxel size=40 um,1.53,9.881682334248035,9.332301188285404,8.609172319723402
PhysiCell,PhysiCell_dx_40um_uptake,40.0,,mean over all voxels,single center voxel nearest the origin,mean over unique voxels nearest the configured cell positions,voxel size=40 um,1.54,9.881429268701241,9.330757683496557,8.607530353857701
PhysiCell,PhysiCell_dx_40um_uptake,40.0,,mean over all voxels,single center voxel nearest the origin,mean over unique voxels nearest the configured cell positions,voxel size=40 um,1.55,9.88117971715225,9.329235328689562,8.605912241279539
PhysiCell,PhysiCell_dx_40um_uptake,40.0,,mean over all voxels,single center voxel nearest the origin,mean over unique voxels nearest the configured cell positions,voxel size=40 um,1.56,9.880933631996879,9.327733834698382,8.60431761525414
PhysiCell,PhysiCell_dx_40um_uptake,40.0,,mean over all voxels,single center voxel nearest the origin,mean over unique voxels nearest the configured cell positions,voxel size=40 um,1.57,9.880690966227075,9.326252916407672,8.602746115492758
PhysiCell,PhysiCell_dx_40um_uptake,40.0,,mean over all voxels,single center voxel nearest the origin,mean over unique voxels nearest the configured cell positions,voxel size=40 um,1.58,9.880451673425478,9.324792292690917,8.601197388008584
PhysiCell,PhysiCell_dx_40um_uptake,40.0,,mean over all voxels,single center voxel nearest the origin,mean over unique voxels nearest the configured cell positions,voxel size=40 um,1.59,9.88021570775997,9.323351686349701,8.599671084976904
PhysiCell,PhysiCell_dx_40um_uptake,40.0,,mean over all voxels,single center voxel nearest the origin,mean over unique voxels nearest the configured cell positions,voxel size=40 um,1.6,9.879983023978156,9.32193082405395,8.598166864599385
PhysiCell,PhysiCell_dx_40um_uptake,40.0,,mean over all voxels,single center voxel nearest the origin,mean over unique voxels nearest the configured cell positions,voxel size=40 um,1.61,9.879753577401841,9.320529436283266,8.596684390972321
PhysiCell,PhysiCell_dx_40um_uptake,40.0,,mean over all voxels,single center voxel nearest the origin,mean over unique voxels nearest the configured cell positions,voxel size=40 um,1.62,9.87952732392147,9.319147257269233,8.595223333958698
PhysiCell,PhysiCell_dx_40um_uptake,40.0,,mean over all voxels,single center voxel nearest the origin,mean over unique voxels nearest the configured cell positions,voxel size=40 um,1.63,9.87930421999052,9.317784024938746,8.59378336906395
PhysiCell,PhysiCell_dx_40um_uptake,40.0,,mean over all voxels,single center voxel nearest the origin,mean over unique voxels nearest the configured cell positions,voxel size=40 um,1.64,9.879084222619918,9.31643948085832,8.592364177315245
PhysiCell,PhysiCell_dx_40um_uptake,40.0,,mean over all voxels,single center voxel nearest the origin,mean over unique voxels nearest the configured cell positions,voxel size=40 um,1.65,9.878867289372414,9.315113370179349,8.590965445144224
PhysiCell,PhysiCell_dx_40um_uptake,40.0,,mean over all voxels,single center voxel nearest the origin,mean over unique voxels nearest the configured cell positions,voxel size=40 um,1.66,9.878653378356951,9.313805441584352,8.589586864273024
PhysiCell,PhysiCell_dx_40um_uptake,40.0,,mean over all voxels,single center voxel nearest the origin,mean over unique voxels nearest the configured cell positions,voxel size=40 um,1.67,9.87844244822303,9.312515447234126,8.588228131603486
PhysiCell,PhysiCell_dx_40um_uptake,40.0,,mean over all voxels,single center voxel nearest the origin,mean over unique voxels nearest the configured cell positions,voxel size=40 um,1.68,9.878234458155077,9.311243142715817,8.586888949109454
PhysiCell,PhysiCell_dx_40um_uptake,40.0,,mean over all voxels,single center voxel nearest the origin,mean over unique voxels nearest the configured cell positions,voxel size=40 um,1.69,9.878029367866795,9.309988286991924,8.585569023732026
PhysiCell,PhysiCell_dx_40um_uptake,40.0,,mean over all voxels,single center voxel nearest the origin,mean over unique voxels nearest the configured cell positions,voxel size=40 um,1.7,9.877827137595533,9.308750642350148,8.584268067277671
PhysiCell,PhysiCell_dx_40um_uptake,40.0,,mean over all voxels,single center voxel nearest the origin,mean over unique voxels nearest the configured cell positions,voxel size=40 um,1.71,9.877627728096657,9.307529974354152,8.582985796319125
PhysiCell,PhysiCell_dx_40um_uptake,40.0,,mean over all voxels,single center voxel nearest the origin,mean over unique voxels nearest the configured cell positions,voxel size=40 um,1.72,9.877431100637931,9.30632605179514,8.58172193209894
PhysiCell,PhysiCell_dx_40um_uptake,40.0,,mean over all voxels,single center voxel nearest the origin,mean over unique voxels nearest the configured cell positions,voxel size=40 um,1.73,9.877237216993912,9.305138646644297,8.58047620043562
PhysiCell,PhysiCell_dx_40um_uptake,40.0,,mean over all voxels,single center voxel nearest the origin,mean over unique voxels nearest the configured cell positions,voxel size=40 um,1.74,9.877046039440344,9.303967534006041,8.579248331632245
PhysiCell,PhysiCell_dx_40um_uptake,40.0,,mean over all voxels,single center voxel nearest the origin,mean over unique voxels nearest the configured cell positions,voxel size=40 um,1.75,9.876857530748602,9.302812492072093,8.57803806038751
PhysiCell,PhysiCell_dx_40um_uptake,40.0,,mean over all voxels,single center voxel nearest the origin,mean over unique voxels nearest the configured cell positions,voxel size=40 um,1.76,9.876671654180111,9.301673302076301,8.576845125709081
PhysiCell,PhysiCell_dx_40um_uptake,40.0,,mean over all voxels,single center voxel nearest the origin,mean over unique voxels nearest the configured cell positions,voxel size=40 um,1.77,9.876488373480829,9.300549748250301,8.575669270829199
PhysiCell,PhysiCell_dx_40um_uptake,40.0,,mean over all voxels,single center voxel nearest the origin,mean over unique voxels nearest the configured cell positions,voxel size=40 um,1.78,9.87630765287572,9.299441617779863,8.574510243122463
PhysiCell,PhysiCell_dx_40um_uptake,40.0,,mean over all voxels,single center voxel nearest the origin,mean over unique voxels nearest the configured cell positions,voxel size=40 um,1.79,9.876129457063277,9.298348700762048,8.573367794025712
PhysiCell,PhysiCell_dx_40um_uptake,40.0,,mean over all voxels,single center voxel nearest the origin,mean over unique voxels nearest the configured cell positions,voxel size=40 um,1.8,9.875953751210053,9.297270790163049,8.572241678959935
PhysiCell,PhysiCell_dx_40um_uptake,40.0,,mean over all voxels,single center voxel nearest the origin,mean over unique voxels nearest the configured cell positions,voxel size=40 um,1.81,9.87578050094522,9.296207681776766,8.571131657254158
PhysiCell,PhysiCell_dx_40um_uptake,40.0,,mean over all voxels,single center voxel nearest the origin,mean over unique voxels nearest the configured cell positions,voxel size=40 um,1.82,9.875609672355196,9.295159174184073,8.570037492071211
PhysiCell,PhysiCell_dx_40um_uptake,40.0,,mean over all voxels,single center voxel nearest the origin,mean over unique voxels nearest the configured cell positions,voxel size=40 um,1.83,9.875441231978229,9.294125068712782,8.568958950335366
PhysiCell,PhysiCell_dx_40um_uptake,40.0,,mean over all voxels,single center voxel nearest the origin,mean over unique voxels nearest the configured cell positions,voxel size=40 um,1.84,9.8752751467991,9.293105169398263,8.567895802661726
PhysiCell,PhysiCell_dx_40um_uptake,40.0,,mean over all voxels,single center voxel nearest the origin,mean over unique voxels nearest the configured cell positions,voxel size=40 um,1.85,9.875111384243786,9.292099282944728,8.566847823287357
PhysiCell,PhysiCell_dx_40um_uptake,40.0,,mean over all voxels,single center voxel nearest the origin,mean over unique voxels nearest the configured cell positions,voxel size=40 um,1.86,9.874949912174214,9.291107218687166,8.565814790004094
PhysiCell,PhysiCell_dx_40um_uptake,40.0,,mean over all voxels,single center voxel nearest the origin,mean over unique voxels nearest the configured cell positions,voxel size=40 um,1.87,9.874790698883011,9.290128788553906,8.564796484092932
PhysiCell,PhysiCell_dx_40um_uptake,40.0,,mean over all voxels,single center voxel nearest the origin,mean over unique voxels nearest the configured cell positions,voxel size=40 um,1.88,9.874633713088318,9.289163807029784,8.563792690260025
PhysiCell,PhysiCell_dx_40um_uptake,40.0,,mean over all voxels,single center voxel nearest the origin,mean over unique voxels nearest the configured cell positions,voxel size=40 um,1.89,9.874478923928628,9.288212091119934,8.56280319657417
PhysiCell,PhysiCell_dx_40um_uptake,40.0,,mean over all voxels,single center voxel nearest the origin,mean over unique voxels nearest the configured cell positions,voxel size=40 um,1.9,9.87432630095766,9.28727346031417,8.561827794405785
PhysiCell,PhysiCell_dx_40um_uptake,40.0,,mean over all voxels,single center voxel nearest the origin,mean over unique voxels nearest the configured cell positions,voxel size=40 um,1.91,9.874175814139297,9.286347736551933,8.56086627836729
PhysiCell,PhysiCell_dx_40um_uptake,40.0,,mean over all voxels,single center voxel nearest the origin,mean over unique voxels nearest the configured cell positions,voxel size=40 um,1.92,9.874027433842535,9.285434744187818,8.55991844625488
PhysiCell,PhysiCell_dx_40um_uptake,40.0,,mean over all voxels,single center voxel nearest the origin,mean over unique voxels nearest the configured cell positions,voxel size=40 um,1.93,9.873881130836489,9.284534309957673,8.55898409899165
PhysiCell,PhysiCell_dx_40um_uptake,40.0,,mean over all voxels,single center voxel nearest the origin,mean over unique voxels nearest the configured cell positions,voxel size=40 um,1.94,9.873736876285438,9.2836462629452,8.558063040571986
PhysiCell,PhysiCell_dx_40um_uptake,40.0,,mean over all voxels,single center voxel nearest the origin,mean over unique voxels nearest the configured cell positions,voxel size=40 um,1.95,9.873594641743908,9.28277043454915,8.557155078007256
PhysiCell,PhysiCell_dx_40um_uptake,40.0,,mean over all voxels,single center voxel nearest the origin,mean over unique voxels nearest the configured cell positions,voxel size=40 um,1.96,9.873454399151825,9.281906658450986,8.5562600212727
PhysiCell,PhysiCell_dx_40um_uptake,40.0,,mean over all voxels,single center voxel nearest the origin,mean over unique voxels nearest the configured cell positions,voxel size=40 um,1.97,9.87331612082965,9.281054770583093,8.555377683255491
PhysiCell,PhysiCell_dx_40um_uptake,40.0,,mean over all voxels,single center voxel nearest the origin,mean over unique voxels nearest the configured cell positions,voxel size=40 um,1.98,9.873179779473627,9.28021460909749,8.554507879703992
PhysiCell,PhysiCell_dx_40um_uptake,40.0,,mean over all voxels,single center voxel nearest the origin,mean over unique voxels nearest the configured cell positions,voxel size=40 um,1.99,9.873045348151042,9.279386014335007,8.553650429178091
PhysiCell,PhysiCell_dx_40um_uptake,40.0,,mean over all voxels,single center voxel nearest the origin,mean over unique voxels nearest the configured cell positions,voxel size=40 um,2.0,9.872912800295513,9.278568828794976,8.552805153000639
PhysiCell,PhysiCell_dx_40um_uptake,40.0,,mean over all voxels,single center voxel nearest the origin,mean over unique voxels nearest the configured cell positions,voxel size=40 um,2.01,9.872782109702355,9.277762897105381,8.551971875209935
PhysiCell,PhysiCell_dx_40um_uptake,40.0,,mean over all voxels,single center voxel nearest the origin,mean over unique voxels nearest the configured cell positions,voxel size=40 um,2.02,9.872653250523982,9.276968065993472,8.551150422513244
PhysiCell,PhysiCell_dx_40um_uptake,40.0,,mean over all voxels,single center voxel nearest the origin,mean over unique voxels nearest the configured cell positions,voxel size=40 um,2.03,9.872526197265326,9.276184184256822,8.550340624241299
PhysiCell,PhysiCell_dx_40um_uptake,40.0,,mean over all voxels,single center voxel nearest the origin,mean over unique voxels nearest the configured cell positions,voxel size=40 um,2.04,9.87240092477934,9.275411102734862,8.549542312303773
PhysiCell,PhysiCell_dx_40um_uptake,40.0,,mean over all voxels,single center voxel nearest the origin,mean over unique voxels nearest the configured cell positions,voxel size=40 um,2.05,9.872277408262532,9.274648674280822,8.5487553211457
PhysiCell,PhysiCell_dx_40um_uptake,40.0,,mean over all voxels,single center voxel nearest the origin,mean over unique voxels nearest the configured cell positions,voxel size=40 um,2.06,9.872155623250539,9.273896753734105,8.547979487704797
PhysiCell,PhysiCell_dx_40um_uptake,40.0,,mean over all voxels,single center voxel nearest the origin,mean over unique voxels nearest the configured cell positions,voxel size=40 um,2.07,9.872035545613741,9.273155197893093,8.547214651369679
PhysiCell,PhysiCell_dx_40um_uptake,40.0,,mean over all voxels,single center voxel nearest the origin,mean over unique voxels nearest the configured cell positions,voxel size=40 um,2.08,9.871917151552942,9.272423865488351,8.546460653938933
PhysiCell,PhysiCell_dx_40um_uptake,40.0,,mean over all voxels,single center voxel nearest the origin,mean over unique voxels nearest the configured cell positions,voxel size=40 um,2.09,9.871800417595088,9.271702617156246,8.54571733958105
PhysiCell,PhysiCell_dx_40um_uptake,40.0,,mean over all voxels,single center voxel nearest the origin,mean over unique voxels nearest the configured cell positions,voxel size=40 um,2.1,9.871685320589009,9.27099131541295,8.544984554795146
PhysiCell,PhysiCell_dx_40um_uptake,40.0,,mean over all voxels,single center voxel nearest the origin,mean over unique voxels nearest the configured cell positions,voxel size=40 um,2.11,9.871571837701243,9.270289824628838,8.544262148372503
PhysiCell,PhysiCell_dx_40um_uptake,40.0,,mean over all voxels,single center voxel nearest the origin,mean over unique voxels nearest the configured cell positions,voxel size=40 um,2.12,9.871459946411877,9.269598011003277,8.543549971358873
PhysiCell,PhysiCell_dx_40um_uptake,40.0,,mean over all voxels,single center voxel nearest the origin,mean over unique voxels nearest the configured cell positions,voxel size=40 um,2.13,9.871349624510449,9.268915742539761,8.542847877017543
PhysiCell,PhysiCell_dx_40um_uptake,40.0,,mean over all voxels,single center voxel nearest the origin,mean over unique voxels nearest the configured cell positions,voxel size=40 um,2.14,9.87124085009189,9.268242889021444,8.542155720793117
PhysiCell,PhysiCell_dx_40um_uptake,40.0,,mean over all voxels,single center voxel nearest the origin,mean over unique voxels nearest the configured cell positions,voxel size=40 um,2.15,9.871133601552502,9.26757932198701,8.541473360276042
PhysiCell,PhysiCell_dx_40um_uptake,40.0,,mean over all voxels,single center voxel nearest the origin,mean over unique voxels nearest the configured cell positions,voxel size=40 um,2.16,9.871027857586007,9.266924914706907,8.540800655167795
PhysiCell,PhysiCell_dx_40um_uptake,40.0,,mean over all voxels,single center voxel nearest the origin,mean over unique voxels nearest the configured cell positions,voxel size=40 um,2.17,9.870923597179607,9.266279542159914,8.540137467246781
PhysiCell,PhysiCell_dx_40um_uptake,40.0,,mean over all voxels,single center voxel nearest the origin,mean over unique voxels nearest the configured cell positions,voxel size=40 um,2.18,9.870820799610112,9.265643081010092,8.539483660334875
PhysiCell,PhysiCell_dx_40um_uptake,40.0,,mean over all voxels,single center voxel nearest the origin,mean over unique voxels nearest the configured cell positions,voxel size=40 um,2.19,9.870719444440118,9.265015409583997,8.538839100264607
PhysiCell,PhysiCell_dx_40um_uptake,40.0,,mean over all voxels,single center voxel nearest the origin,mean over unique voxels nearest the configured cell positions,voxel size=40 um,2.2,9.870619511514196,9.264396407848288,8.538203654846988
PhysiCell,PhysiCell_dx_40um_uptake,40.0,,mean over all voxels,single center voxel nearest the origin,mean over unique voxels nearest the configured cell positions,voxel size=40 um,2.21,9.870520980955158,9.263785957387613,8.53757719383993
PhysiCell,PhysiCell_dx_40um_uptake,40.0,,mean over all voxels,single center voxel nearest the origin,mean over unique voxels nearest the configured cell positions,voxel size=40 um,2.22,9.870423833160357,9.263183941382843,8.536959588917272
PhysiCell,PhysiCell_dx_40um_uptake,40.0,,mean over all voxels,single center voxel nearest the origin,mean over unique voxels nearest the configured cell positions,voxel size=40 um,2.23,9.870328048798028,9.262590244589592,8.536350713638413
PhysiCell,PhysiCell_dx_40um_uptake,40.0,,mean over all voxels,single center voxel nearest the origin,mean over unique voxels nearest the configured cell positions,voxel size=40 um,2.24,9.870233608803662,9.26200475331706,8.535750443418465
PhysiCell,PhysiCell_dx_40um_uptake,40.0,,mean over all voxels,single center voxel nearest the origin,mean over unique voxels nearest the configured cell positions,voxel size=40 um,2.25,9.870140494376447,9.261427355407156,8.535158655498991
PhysiCell,PhysiCell_dx_40um_uptake,40.0,,mean over all voxels,single center voxel nearest the origin,mean over unique voxels nearest the configured cell positions,voxel size=40 um,2.26,9.870048686975736,9.260857940213947,8.534575228919289
PhysiCell,PhysiCell_dx_40um_uptake,40.0,,mean over all voxels,single center voxel nearest the origin,mean over unique voxels nearest the configured cell positions,voxel size=40 um,2.27,9.869958168317552,9.260296398583362,8.53400004448819
PhysiCell,PhysiCell_dx_40um_uptake,40.0,,mean over all voxels,single center voxel nearest the origin,mean over unique voxels nearest the configured cell positions,voxel size=40 um,2.28,9.869868920371154,9.259742622833208,8.533432984756368
PhysiCell,PhysiCell_dx_40um_uptake,40.0,,mean over all voxels,single center voxel nearest the origin,mean over unique voxels nearest the configured cell positions,voxel size=40 um,2.29,9.869780925355624,9.259196506733447,8.53287393398918
PhysiCell,PhysiCell_dx_40um_uptake,40.0,,mean over all voxels,single center voxel nearest the origin,mean over unique voxels nearest the configured cell positions,voxel size=40 um,2.3,9.869694165736506,9.25865794548677,8.532322778139964
PhysiCell,PhysiCell_dx_40um_uptake,40.0,,mean over all voxels,single center voxel nearest the origin,mean over unique voxels nearest the configured cell positions,voxel size=40 um,2.31,9.8696086242225,9.258126835709412,8.531779404823837
PhysiCell,PhysiCell_dx_40um_uptake,40.0,,mean over all voxels,single center voxel nearest the origin,mean over unique voxels nearest the configured cell positions,voxel size=40 um,2.32,9.869524283762155,9.257603075412261,8.531243703291967
PhysiCell,PhysiCell_dx_40um_uptake,40.0,,mean over all voxels,single center voxel nearest the origin,mean over unique voxels nearest the configured cell positions,voxel size=40 um,2.33,9.869441127540664,9.25708656398221,8.530715564406286
PhysiCell,PhysiCell_dx_40um_uptake,40.0,,mean over all voxels,single center voxel nearest the origin,mean over unique voxels nearest the configured cell positions,voxel size=40 um,2.34,9.869359138976625,9.25657720216378,8.530194880614662
PhysiCell,PhysiCell_dx_40um_uptake,40.0,,mean over all voxels,single center voxel nearest the origin,mean over unique voxels nearest the configured cell positions,voxel size=40 um,2.35,9.869278301718918,9.256074892040983,8.529681545926515
PhysiCell,PhysiCell_dx_40um_uptake,40.0,,mean over all voxels,single center voxel nearest the origin,mean over unique voxels nearest the configured cell positions,voxel size=40 um,2.36,9.869198599643562,9.255579537019452,8.529175455888842
PhysiCell,PhysiCell_dx_40um_uptake,40.0,,mean over all voxels,single center voxel nearest the origin,mean over unique voxels nearest the configured cell positions,voxel size=40 um,2.37,9.869120016850639,9.255091041808786,8.52867650756269
PhysiCell,PhysiCell_dx_40um_uptake,40.0,,mean over all voxels,single center voxel nearest the origin,mean over unique voxels nearest the configured cell positions,voxel size=40 um,2.38,9.869042537661267,9.254609312405174,8.528184599500005
PhysiCell,PhysiCell_dx_40um_uptake,40.0,,mean over all voxels,single center voxel nearest the origin,mean over unique voxels nearest the configured cell positions,voxel size=40 um,2.39,9.868966146614568,9.254134256074236,8.527699631720903
PhysiCell,PhysiCell_dx_40um_uptake,40.0,,mean over all voxels,single center voxel nearest the origin,mean over unique voxels nearest the configured cell positions,voxel size=40 um,2.4,9.86889082846472,9.253665781334087,8.52722150569134
PhysiCell,PhysiCell_dx_40um_uptake,40.0,,mean over all voxels,single center voxel nearest the origin,mean over unique voxels nearest the configured cell positions,voxel size=40 um,2.41,9.868816568178033,9.25320379793865,8.526750124301133
PhysiCell,PhysiCell_dx_40um_uptake,40.0,,mean over all voxels,single center voxel nearest the origin,mean over unique voxels nearest the configured cell positions,voxel size=40 um,2.42,9.868743350930048,9.252748216861196,8.526285391842395
PhysiCell,PhysiCell_dx_40um_uptake,40.0,,mean over all voxels,single center voxel nearest the origin,mean over unique voxels nearest the configured cell positions,voxel size=40 um,2.43,9.86867116210268,9.252298950278085,8.52582721398831
PhysiCell,PhysiCell_dx_40um_uptake,40.0,,mean over all voxels,single center voxel nearest the origin,mean over unique voxels nearest the configured cell positions,voxel size=40 um,2.44,9.868599987281415,9.251855911552758,8.525375497772274
PhysiCell,PhysiCell_dx_40um_uptake,40.0,,mean over all voxels,single center voxel nearest the origin,mean over unique voxels nearest the configured cell positions,voxel size=40 um,2.45,9.868529812252515,9.251419015219913,8.524930151567398
PhysiCell,PhysiCell_dx_40um_uptake,40.0,,mean over all voxels,single center voxel nearest the origin,mean over unique voxels nearest the configured cell positions,voxel size=40 um,2.46,9.868460623000276,9.25098817696992,8.524491085066341
PhysiCell,PhysiCell_dx_40um_uptake,40.0,,mean over all voxels,single center voxel nearest the origin,mean over unique voxels nearest the configured cell positions,voxel size=40 um,2.47,9.868392405704327,9.250563313633416,8.524058209261494
PhysiCell,PhysiCell_dx_40um_uptake,40.0,,mean over all voxels,single center voxel nearest the origin,mean over unique voxels nearest the configured cell positions,voxel size=40 um,2.48,9.868325146736936,9.25014434316615,8.523631436425479
PhysiCell,PhysiCell_dx_40um_uptake,40.0,,mean over all voxels,single center voxel nearest the origin,mean over unique voxels nearest the configured cell positions,voxel size=40 um,2.49,9.868258832660393,9.249731184633994,8.52321068009199
PhysiCell,PhysiCell_dx_40um_uptake,40.0,,mean over all voxels,single center voxel nearest the origin,mean over unique voxels nearest the configured cell positions,voxel size=40 um,2.5,9.868193450224386,9.249323758198159,8.522795855036934
PhysiCell,PhysiCell_dx_40um_uptake,40.0,,mean over all voxels,single center voxel nearest the origin,mean over unique voxels nearest the configured cell positions,voxel size=40 um,2.51,9.868128986363436,9.248921985100631,8.522386877259892
PhysiCell,PhysiCell_dx_40um_uptake,40.0,,mean over all voxels,single center voxel nearest the origin,mean over unique voxels nearest the configured cell positions,voxel size=40 um,2.52,9.868065428194356,9.24852578764977,8.521983663965889
PhysiCell,PhysiCell_dx_40um_uptake,40.0,,mean over all voxels,single center voxel nearest the origin,mean over unique voxels nearest the configured cell positions,voxel size=40 um,2.53,9.868002763013758,9.248135089206126,8.521586133547437
PhysiCell,PhysiCell_dx_40um_uptake,40.0,,mean over all voxels,single center voxel nearest the origin,mean over unique voxels nearest the configured cell positions,voxel size=40 um,2.54,9.867940978295554,9.24774981416844,8.52119420556692
PhysiCell,PhysiCell_dx_40um_uptake,40.0,,mean over all voxels,single center voxel nearest the origin,mean over unique voxels nearest the configured cell positions,voxel size=40 um,2.55,9.867880061688542,9.247369887959813,8.520807800739206
PhysiCell,PhysiCell_dx_40um_uptake,40.0,,mean over all voxels,single center voxel nearest the origin,mean over unique voxels nearest the configured cell positions,voxel size=40 um,2.56,9.86782000101399,9.24699523701408,8.52042684091459
PhysiCell,PhysiCell_dx_40um_uptake,40.0,,mean over all voxels,single center voxel nearest the origin,mean over unique voxels nearest the configured cell positions,voxel size=40 um,2.57,9.867760784263256,9.246625788762342,8.520051249061979
PhysiCell,PhysiCell_dx_40um_uptake,40.0,,mean over all voxels,single center voxel nearest the origin,mean over unique voxels nearest the configured cell positions,voxel size=40 um,2.58,9.867702399595453,9.246261471619711,8.519680949252367
PhysiCell,PhysiCell_dx_40um_uptake,40.0,,mean over all voxels,single center voxel nearest the origin,mean over unique voxels nearest the configured cell positions,voxel size=40 um,2.59,9.867644835335117,9.245902214972187,8.519315866642563
PhysiCell,PhysiCell_dx_40um_uptake,40.0,,mean over all voxels,single center voxel nearest the origin,mean over unique voxels nearest the configured cell positions,voxel size=40 um,2.6,9.867588079969947,9.245547949163749,8.518955927459196
PhysiCell,PhysiCell_dx_40um_uptake,40.0,,mean over all voxels,single center voxel nearest the origin,mean over unique voxels nearest the configured cell positions,voxel size=40 um,2.61,9.867532122148532,9.245198605483589,8.518601058982954
PhysiCell,PhysiCell_dx_40um_uptake,40.0,,mean over all voxels,single center voxel nearest the origin,mean over unique voxels nearest the configured cell positions,voxel size=40 um,2.62,9.867476950678151,9.24485411615352,8.518251189533078
PhysiCell,PhysiCell_dx_40um_uptake,40.0,,mean over all voxels,single center voxel nearest the origin,mean over unique voxels nearest the configured cell positions,voxel size=40 um,2.63,9.867422554522555,9.244514414315558,8.517906248452126
PhysiCell,PhysiCell_dx_40um_uptake,40.0,,mean over all voxels,single center voxel nearest the origin,mean over unique voxels nearest the configured cell positions,voxel size=40 um,2.64,9.867368922799823,9.244179434019667,8.51756616609094
PhysiCell,PhysiCell_dx_40um_uptake,40.0,,mean over all voxels,single center voxel nearest the origin,mean over unique voxels nearest the configured cell positions,voxel size=40 um,2.65,9.86731604478022,9.243849110211654,8.517230873793878
PhysiCell,PhysiCell_dx_40um_uptake,40.0,,mean over all voxels,single center voxel nearest the origin,mean over unique voxels nearest the configured cell positions,voxel size=40 um,2.66,9.86726390988409,9.243523378721232,8.516900303884265
PhysiCell,PhysiCell_dx_40um_uptake,40.0,,mean over all voxels,single center voxel nearest the origin,mean over unique voxels nearest the configured cell positions,voxel size=40 um,2.67,9.867212507679778,9.243202176250238,8.516574389650078
PhysiCell,PhysiCell_dx_40um_uptake,40.0,,mean over all voxels,single center voxel nearest the origin,mean over unique voxels nearest the configured cell positions,voxel size=40 um,2.68,9.867161827881578,9.242885440361011,8.516253065329849
PhysiCell,PhysiCell_dx_40um_uptake,40.0,,mean over all voxels,single center voxel nearest the origin,mean over unique voxels nearest the configured cell positions,voxel size=40 um,2.69,9.867111860347727,9.242573109464908,8.515936266098798
PhysiCell,PhysiCell_dx_40um_uptake,40.0,,mean over all voxels,single center voxel nearest the origin,mean over unique voxels nearest the configured cell positions,voxel size=40 um,2.7,9.867062595078382,9.242265122810995,8.515623928055167
PhysiCell,PhysiCell_dx_40um_uptake,40.0,,mean over all voxels,single center voxel nearest the origin,mean over unique voxels nearest the configured cell positions,voxel size=40 um,2.71,9.867014022213677,9.241961420474857,8.515315988206773
PhysiCell,PhysiCell_dx_40um_uptake,40.0,,mean over all voxels,single center voxel nearest the origin,mean over unique voxels nearest the configured cell positions,voxel size=40 um,2.72,9.866966132031765,9.241661943347571,8.515012384457778
PhysiCell,PhysiCell_dx_40um_uptake,40.0,,mean over all voxels,single center voxel nearest the origin,mean over unique voxels nearest the configured cell positions,voxel size=40 um,2.73,9.866918914946904,9.241366633124839,8.514713055595656
PhysiCell,PhysiCell_dx_40um_uptake,40.0,,mean over all voxels,single center voxel nearest the origin,mean over unique voxels nearest the configured cell positions,voxel size=40 um,2.74,9.866872361507586,9.241075432296222,8.51441794127835
PhysiCell,PhysiCell_dx_40um_uptake,40.0,,mean over all voxels,single center voxel nearest the origin,mean over unique voxels nearest the configured cell positions,voxel size=40 um,2.75,9.866826462394643,9.240788284134563,8.514126982021635
PhysiCell,PhysiCell_dx_40um_uptake,40.0,,mean over all voxels,single center voxel nearest the origin,mean over unique voxels nearest the configured cell positions,voxel size=40 um,2.76,9.866781208419436,9.240505132685502,8.513840119186694
PhysiCell,PhysiCell_dx_40um_uptake,40.0,,mean over all voxels,single center voxel nearest the origin,mean over unique voxels nearest the configured cell positions,voxel size=40 um,2.77,9.866736590522024,9.240225922757164,8.51355729496785
PhysiCell,PhysiCell_dx_40um_uptake,40.0,,mean over all voxels,single center voxel nearest the origin,mean over unique voxels nearest the configured cell positions,voxel size=40 um,2.78,9.866692599769376,9.239950599909971,8.513278452380499
PhysiCell,PhysiCell_dx_40um_uptake,40.0,,mean over all voxels,single center voxel nearest the origin,mean over unique voxels nearest the configured cell positions,voxel size=40 um,2.79,9.866649227353617,9.239679110446586,8.513003535249247
PhysiCell,PhysiCell_dx_40um_uptake,40.0,,mean over all voxels,single center voxel nearest the origin,mean over unique voxels nearest the configured cell positions,voxel size=40 um,2.8,9.866606464590276,9.239411401401975,8.512732488196196
PhysiCell,PhysiCell_dx_40um_uptake,40.0,,mean over all voxels,single center voxel nearest the origin,mean over unique voxels nearest the configured cell positions,voxel size=40 um,2.81,9.866564302916572,9.239147420533628,8.512465256629426
PhysiCell,PhysiCell_dx_40um_uptake,40.0,,mean over all voxels,single center voxel nearest the origin,mean over unique voxels nearest the configured cell positions,voxel size=40 um,2.82,9.866522733889727,9.238887116311886,8.512201786731644
PhysiCell,PhysiCell_dx_40um_uptake,40.0,,mean over all voxels,single center voxel nearest the origin,mean over unique voxels nearest the configured cell positions,voxel size=40 um,2.83,9.866481749185285,9.238630437910395,8.511942025449017
PhysiCell,PhysiCell_dx_40um_uptake,40.0,,mean over all voxels,single center voxel nearest the origin,mean over unique voxels nearest the configured cell positions,voxel size=40 um,2.84,9.86644134059547,9.2383773351967,8.51168592048015
PhysiCell,PhysiCell_dx_40um_uptake,40.0,,mean over all voxels,single center voxel nearest the origin,mean over unique voxels nearest the configured cell positions,voxel size=40 um,2.85,9.866401500027557,9.23812775872295,8.51143342026526
PhysiCell,PhysiCell_dx_40um_uptake,40.0,,mean over all voxels,single center voxel nearest the origin,mean over unique voxels nearest the configured cell positions,voxel size=40 um,2.86,9.866362219502276,9.237881659716713,8.51118447397548
PhysiCell,PhysiCell_dx_40um_uptake,40.0,,mean over all voxels,single center voxel nearest the origin,mean over unique voxels nearest the configured cell positions,voxel size=40 um,2.87,9.866323491152228,9.23763899007195,8.510939031502357
PhysiCell,PhysiCell_dx_40um_uptake,40.0,,mean over all voxels,single center voxel nearest the origin,mean over unique voxels nearest the configured cell positions,voxel size=40 um,2.88,9.866285307220314,9.237399702340069,8.510697043447493
PhysiCell,PhysiCell_dx_40um_uptake,40.0,,mean over all voxels,single center voxel nearest the origin,mean over unique voxels nearest the configured cell positions,voxel size=40 um,2.89,9.866247660058216,9.237163749721105,8.510458461112318
PhysiCell,PhysiCell_dx_40um_uptake,40.0,,mean over all voxels,single center voxel nearest the origin,mean over unique voxels nearest the configured cell positions,voxel size=40 um,2.9,9.866210542124865,9.236931086055032,8.510223236488057
PhysiCell,PhysiCell_dx_40um_uptake,40.0,,mean over all voxels,single center voxel nearest the origin,mean over unique voxels nearest the configured cell positions,voxel size=40 um,2.91,9.866173945984954,9.23670166581316,8.509991322245822
PhysiCell,PhysiCell_dx_40um_uptake,40.0,,mean over all voxels,single center voxel nearest the origin,mean over unique voxels nearest the configured cell positions,voxel size=40 um,2.92,9.866137864307463,9.236475444089677,8.509762671726856
PhysiCell,PhysiCell_dx_40um_uptake,40.0,,mean over all voxels,single center voxel nearest the origin,mean over unique voxels nearest the configured cell positions,voxel size=40 um,2.93,9.866102289864186,9.23625237659328,8.509537238932914
PhysiCell,PhysiCell_dx_40um_uptake,40.0,,mean over all voxels,single center voxel nearest the origin,mean over unique voxels nearest the configured cell positions,voxel size=40 um,2.94,9.866067215528323,9.236032419638919,8.509314978516816
PhysiCell,PhysiCell_dx_40um_uptake,40.0,,mean over all voxels,single center voxel nearest the origin,mean over unique voxels nearest the configured cell positions,voxel size=40 um,2.95,9.866032634273047,9.235815530139659,8.509095845773102
PhysiCell,PhysiCell_dx_40um_uptake,40.0,,mean over all voxels,single center voxel nearest the origin,mean over unique voxels nearest the configured cell positions,voxel size=40 um,2.96,9.865998539170105,9.235601665598624,8.508879796628843
PhysiCell,PhysiCell_dx_40um_uptake,40.0,,mean over all voxels,single center voxel nearest the origin,mean over unique voxels nearest the configured cell positions,voxel size=40 um,2.97,9.865964923388457,9.235390784101087,8.508666787634603
PhysiCell,PhysiCell_dx_40um_uptake,40.0,,mean over all voxels,single center voxel nearest the origin,mean over unique voxels nearest the configured cell positions,voxel size=40 um,2.98,9.865931780192906,9.23518284430662,8.508456775955503
PhysiCell,PhysiCell_dx_40um_uptake,40.0,,mean over all voxels,single center voxel nearest the origin,mean over unique voxels nearest the configured cell positions,voxel size=40 um,2.99,9.865899102942752,9.234977805441382,8.508249719362446
PhysiCell,PhysiCell_dx_40um_uptake,40.0,,mean over all voxels,single center voxel nearest the origin,mean over unique voxels nearest the configured cell positions,voxel size=40 um,3.0,9.865866885090497,9.234775627290482,8.508045576223449
PhysiCell,PhysiCell_dx_40um_uptake,40.0,,mean over all voxels,single center voxel nearest the origin,mean over unique voxels nearest the configured cell positions,voxel size=40 um,3.01,9.865835120180515,9.234576270190466,8.50784430549512
PhysiCell,PhysiCell_dx_40um_uptake,40.0,,mean over all voxels,single center voxel nearest the origin,mean over unique voxels nearest the configured cell positions,voxel size=40 um,3.02,9.865803801847786,9.23437969502187,8.507645866714244
PhysiCell,PhysiCell_dx_40um_uptake,40.0,,mean over all voxels,single center voxel nearest the origin,mean over unique voxels nearest the configured cell positions,voxel size=40 um,3.03,9.865772923816614,9.234185863201915,8.507450219989511
PhysiCell,PhysiCell_dx_40um_uptake,40.0,,mean over all voxels,single center voxel nearest the origin,mean over unique voxels nearest the configured cell positions,voxel size=40 um,3.04,9.865742479899396,9.233994736677255,8.507257325993352
PhysiCell,PhysiCell_dx_40um_uptake,40.0,,mean over all voxels,single center voxel nearest the origin,mean over unique voxels nearest the configured cell positions,voxel size=40 um,3.05,9.865712463995374,9.233806277916846,8.507067145953897
PhysiCell,PhysiCell_dx_40um_uptake,40.0,,mean over all voxels,single center voxel nearest the origin,mean over unique voxels nearest the configured cell positions,voxel size=40 um,3.06,9.86568287008943,9.233620449904908,8.50687964164705
PhysiCell,PhysiCell_dx_40um_uptake,40.0,,mean over all voxels,single center voxel nearest the origin,mean over unique voxels nearest the configured cell positions,voxel size=40 um,3.07,9.865653692250879,9.233437216133959,8.506694775388679
PhysiCell,PhysiCell_dx_40um_uptake,40.0,,mean over all voxels,single center voxel nearest the origin,mean over unique voxels nearest the configured cell positions,voxel size=40 um,3.08,9.865624924632298,9.233256540597958,8.50651251002694
PhysiCell,PhysiCell_dx_40um_uptake,40.0,,mean over all voxels,single center voxel nearest the origin,mean over unique voxels nearest the configured cell positions,voxel size=40 um,3.09,9.865596561468358,9.23307838778555,8.50633280893467
PhysiCell,PhysiCell_dx_40um_uptake,40.0,,mean over all voxels,single center voxel nearest the origin,mean over unique voxels nearest the configured cell positions,voxel size=40 um,3.1,9.865568597074665,9.232902722673364,8.506155636001942
PhysiCell,PhysiCell_dx_40um_uptake,40.0,,mean over all voxels,single center voxel nearest the origin,mean over unique voxels nearest the configured cell positions,voxel size=40 um,3.11,9.865541025846644,9.232729510719432,8.505980955628681
PhysiCell,PhysiCell_dx_40um_uptake,40.0,,mean over all voxels,single center voxel nearest the origin,mean over unique voxels nearest the configured cell positions,voxel size=40 um,3.12,9.865513842258407,9.232558717856678,8.50580873271743
PhysiCell,PhysiCell_dx_40um_uptake,40.0,,mean over all voxels,single center voxel nearest the origin,mean over unique voxels nearest the configured cell positions,voxel size=40 um,3.13,9.865487040861655,9.232390310486494,8.50563893266618
PhysiCell,PhysiCell_dx_40um_uptake,40.0,,mean over all voxels,single center voxel nearest the origin,mean over unique voxels nearest the configured cell positions,voxel size=40 um,3.14,9.865460616284603,9.232224255472417,8.505471521361345
PhysiCell,PhysiCell_dx_40um_uptake,40.0,,mean over all voxels,single center voxel nearest the origin,mean over unique voxels nearest the configured cell positions,voxel size=40 um,3.15,9.86543456323089,9.232060520133857,8.505306465170802
PhysiCell,PhysiCell_dx_40um_uptake,40.0,,mean over all voxels,single center voxel nearest the origin,mean over unique voxels nearest the configured cell positions,voxel size=40 um,3.16,9.865408876478536,9.231899072239946,8.505143730937064
PhysiCell,PhysiCell_dx_40um_uptake,40.0,,mean over all voxels,single center voxel nearest the origin,mean over unique voxels nearest the configured cell positions,voxel size=40 um,3.17,9.865383550878896,9.231739880003433,8.504983285970523
PhysiCell,PhysiCell_dx_40um_uptake,40.0,,mean over all voxels,single center voxel nearest the origin,mean over unique voxels nearest the configured cell positions,voxel size=40 um,3.18,9.86535858135563,9.231582912074687,8.504825098042813
PhysiCell,PhysiCell_dx_40um_uptake,40.0,,mean over all voxels,single center voxel nearest the origin,mean over unique voxels nearest the configured cell positions,voxel size=40 um,3.19,9.8653339629037,9.231428137535756,8.504669135380258
PhysiCell,PhysiCell_dx_40um_uptake,40.0,,mean over all voxels,single center voxel nearest the origin,mean over unique voxels nearest the configured cell positions,voxel size=40 um,3.2,9.865309690588349,9.231275525894532,8.504515366657415
PhysiCell,PhysiCell_dx_40um_uptake,40.0,,mean over all voxels,single center voxel nearest the origin,mean over unique voxels nearest the configured cell positions,voxel size=40 um,3.21,9.865285759544149,9.231125047078962,8.504363760990719
PhysiCell,PhysiCell_dx_40um_uptake,40.0,,mean over all voxels,single center voxel nearest the origin,mean over unique voxels nearest the configured cell positions,voxel size=40 um,3.22,9.865262164973997,9.230976671431357,8.50421428793221
PhysiCell,PhysiCell_dx_40um_uptake,40.0,,mean over all voxels,single center voxel nearest the origin,mean over unique voxels nearest the configured cell positions,voxel size=40 um,3.23,9.865238902148176,9.230830369702774,8.504066917463346
PhysiCell,PhysiCell_dx_40um_uptake,40.0,,mean over all voxels,single center voxel nearest the origin,mean over unique voxels nearest the configured cell positions,voxel size=40 um,3.24,9.865215966403408,9.230686113047462,8.503921619988926
PhysiCell,PhysiCell_dx_40um_uptake,40.0,,mean over all voxels,single center voxel nearest the origin,mean over unique voxels nearest the configured cell positions,voxel size=40 um,3.25,9.865193353141924,9.230543873017389,8.503778366331082
PhysiCell,PhysiCell_dx_40um_uptake,40.0,,mean over all voxels,single center voxel nearest the origin,mean over unique voxels nearest the configured cell positions,voxel size=40 um,3.26,9.865171057830533,9.230403621556844,8.503637127723358
PhysiCell,PhysiCell_dx_40um_uptake,40.0,,mean over all voxels,single center voxel nearest the origin,mean over unique voxels nearest the configured cell positions,voxel size=40 um,3.27,9.86514907599973,9.230265330997108,8.503497875804891
PhysiCell,PhysiCell_dx_40um_uptake,40.0,,mean over all voxels,single center voxel nearest the origin,mean over unique voxels nearest the configured cell positions,voxel size=40 um,3.28,9.865127403242802,9.230128974051183,8.50336058261465
PhysiCell,PhysiCell_dx_40um_uptake,40.0,,mean over all voxels,single center voxel nearest the origin,mean over unique voxels nearest the configured cell positions,voxel size=40 um,3.29,9.865106035214945,9.229994523808623,8.503225220585785
PhysiCell,PhysiCell_dx_40um_uptake,40.0,,mean over all voxels,single center voxel nearest the origin,mean over unique voxels nearest the configured cell positions,voxel size=40 um,3.3,9.865084967632388,9.229861953730389,8.50309176254003
PhysiCell,PhysiCell_dx_40um_uptake,40.0,,mean over all voxels,single center voxel nearest the origin,mean over unique voxels nearest the configured cell positions,voxel size=40 um,3.31,9.865064196271554,9.22973123764381,8.502960181682212
PhysiCell,PhysiCell_dx_40um_uptake,40.0,,mean over all voxels,single center voxel nearest the origin,mean over unique voxels nearest the configured cell positions,voxel size=40 um,3.32,9.865043716968195,9.229602349737606,8.502830451594821
PhysiCell,PhysiCell_dx_40um_uptake,40.0,,mean over all voxels,single center voxel nearest the origin,mean over unique voxels nearest the configured cell positions,voxel size=40 um,3.33,9.865023525616584,9.229475264556942,8.502702546232667
PhysiCell,PhysiCell_dx_40um_uptake,40.0,,mean over all voxels,single center voxel nearest the origin,mean over unique voxels nearest the configured cell positions,voxel size=40 um,3.34,9.865003618168668,9.22934995699861,8.502576439917613
PhysiCell,PhysiCell_dx_40um_uptake,40.0,,mean over all voxels,single center voxel nearest the origin,mean over unique voxels nearest the configured cell positions,voxel size=40 um,3.35,9.864983990633284,9.229226402306198,8.502452107333363
PhysiCell,PhysiCell_dx_40um_uptake,40.0,,mean over all voxels,single center voxel nearest the origin,mean over unique voxels nearest the configured cell positions,voxel size=40 um,3.36,9.864964639075339,9.2291045760654,8.502329523520372
PhysiCell,PhysiCell_dx_40um_uptake,40.0,,mean over all voxels,single center voxel nearest the origin,mean over unique voxels nearest the configured cell positions,voxel size=40 um,3.37,9.864945559615041,9.228984454199335,8.502208663870771
PhysiCell,PhysiCell_dx_40um_uptake,40.0,,mean over all voxels,single center voxel nearest the origin,mean over unique voxels nearest the configured cell positions,voxel size=40 um,3.38,9.864926748427106,9.228866012963952,8.502089504123415
PhysiCell,PhysiCell_dx_40um_uptake,40.0,,mean over all voxels,single center voxel nearest the origin,mean over unique voxels nearest the configured cell positions,voxel size=40 um,3.39,9.86490820174001,9.228749228943483,8.501972020358965
PhysiCell,PhysiCell_dx_40um_uptake,40.0,,mean over all voxels,single center voxel nearest the origin,mean over unique voxels nearest the configured cell positions,voxel size=40 um,3.4,9.864889915835226,9.228634079045982,8.501856188995058
PhysiCell,PhysiCell_dx_40um_uptake,40.0,,mean over all voxels,single center voxel nearest the origin,mean over unique voxels nearest the configured cell positions,voxel size=40 um,3.41,9.864871887046482,9.22852054049888,8.501741986781553
PhysiCell,PhysiCell_dx_40um_uptake,40.0,,mean over all voxels,single center voxel nearest the origin,mean over unique voxels nearest the configured cell positions,voxel size=40 um,3.42,9.864854111759021,9.228408590844648,8.501629390795822
PhysiCell,PhysiCell_dx_40um_uptake,40.0,,mean over all voxels,single center voxel nearest the origin,mean over unique voxels nearest the configured cell positions,voxel size=40 um,3.43,9.864836586408888,9.228298207936481,8.501518378438124
PhysiCell,PhysiCell_dx_40um_uptake,40.0,,mean over all voxels,single center voxel nearest the origin,mean over unique voxels nearest the configured cell positions,voxel size=40 um,3.44,9.864819307482215,9.228189369934059,8.50140892742705
PhysiCell,PhysiCell_dx_40um_uptake,40.0,,mean over all voxels,single center voxel nearest the origin,mean over unique voxels nearest the configured cell positions,voxel size=40 um,3.45,9.864802271514515,9.22808205529936,8.501301015795017
PhysiCell,PhysiCell_dx_40um_uptake,40.0,,mean over all voxels,single center voxel nearest the origin,mean over unique voxels nearest the configured cell positions,voxel size=40 um,3.46,9.864785475089983,9.227976242792526,8.501194621883833
PhysiCell,PhysiCell_dx_40um_uptake,40.0,,mean over all voxels,single center voxel nearest the origin,mean over unique voxels nearest the configured cell positions,voxel size=40 um,3.47,9.864768914840825,9.227871911467785,8.501089724340336
PhysiCell,PhysiCell_dx_40um_uptake,40.0,,mean over all voxels,single center voxel nearest the origin,mean over unique voxels nearest the configured cell positions,voxel size=40 um,3.48,9.864752587446581,9.22776904066943,8.500986302112079
PhysiCell,PhysiCell_dx_40um_uptake,40.0,,mean over all voxels,single center voxel nearest the origin,mean over unique voxels nearest the configured cell positions,voxel size=40 um,3.49,9.86473648963345,9.227667610027856,8.500884334443077
PhysiCell,PhysiCell_dx_40um_uptake,40.0,,mean over all voxels,single center voxel nearest the origin,mean over unique voxels nearest the configured cell positions,voxel size=40 um,3.5,9.864720618173651,9.227567599455636,8.500783800869641
PhysiCell,PhysiCell_dx_40um_uptake,40.0,,mean over all voxels,single center voxel nearest the origin,mean over unique voxels nearest the configured cell positions,voxel size=40 um,3.51,9.864704969884764,9.227468989143667,8.500684681216223
PhysiCell,PhysiCell_dx_40um_uptake,40.0,,mean over all voxels,single center voxel nearest the origin,mean over unique voxels nearest the configured cell positions,voxel size=40 um,3.52,9.864689541629092,9.227371759557354,8.500586955591377
PhysiCell,PhysiCell_dx_40um_uptake,40.0,,mean over all voxels,single center voxel nearest the origin,mean over unique voxels nearest the configured cell positions,voxel size=40 um,3.53,9.864674330313049,9.227275891432852,8.500490604383721
PhysiCell,PhysiCell_dx_40um_uptake,40.0,,mean over all voxels,single center voxel nearest the origin,mean over unique voxels nearest the configured cell positions,voxel size=40 um,3.54,9.864659332886525,9.227181365773355,8.500395608258005
PhysiCell,PhysiCell_dx_40um_uptake,40.0,,mean over all voxels,single center voxel nearest the origin,mean over unique voxels nearest the configured cell positions,voxel size=40 um,3.55,9.864644546342282,9.227088163845435,8.5003019481512
PhysiCell,PhysiCell_dx_40um_uptake,40.0,,mean over all voxels,single center voxel nearest the origin,mean over unique voxels nearest the configured cell positions,voxel size=40 um,3.56,9.864629967715347,9.226996267175444,8.500209605268674
PhysiCell,PhysiCell_dx_40um_uptake,40.0,,mean over all voxels,single center voxel nearest the origin,mean over unique voxels nearest the configured cell positions,voxel size=40 um,3.57,9.86461559408243,9.226905657545936,8.50011856108038
PhysiCell,PhysiCell_dx_40um_uptake,40.0,,mean over all voxels,single center voxel nearest the origin,mean over unique voxels nearest the configured cell positions,voxel size=40 um,3.58,9.864601422561321,9.226816316992165,8.500028797317146
PhysiCell,PhysiCell_dx_40um_uptake,40.0,,mean over all voxels,single center voxel nearest the origin,mean over unique voxels nearest the configured cell positions,voxel size=40 um,3.59,9.864587450310328,9.226728227798608,8.499940295966974
PhysiCell,PhysiCell_dx_40um_uptake,40.0,,mean over all voxels,single center voxel nearest the origin,mean over unique voxels nearest the configured cell positions,voxel size=40 um,3.6,9.864573674527701,9.226641372495555,8.499853039271432
PhysiCell,PhysiCell_dx_40um_uptake,40.0,,mean over all voxels,single center voxel nearest the origin,mean over unique voxels nearest the configured cell positions,voxel size=40 um,3.61,9.864560092451077,9.226555733855728,8.499767009722063
PhysiCell,PhysiCell_dx_40um_uptake,40.0,,mean over all voxels,single center voxel nearest the origin,mean over unique voxels nearest the configured cell positions,voxel size=40 um,3.62,9.864546701356916,9.226471294890954,8.499682190056866
PhysiCell,PhysiCell_dx_40um_uptake,40.0,,mean over all voxels,single center voxel nearest the origin,mean over unique voxels nearest the configured cell positions,voxel size=40 um,3.63,9.864533498559968,9.226388038848889,8.499598563256816
PhysiCell,PhysiCell_dx_40um_uptake,40.0,,mean over all voxels,single center voxel nearest the origin,mean over unique voxels nearest the configured cell positions,voxel size=40 um,3.64,9.864520481412722,9.226305949209767,8.499516112542445
PhysiCell,PhysiCell_dx_40um_uptake,40.0,,mean over all voxels,single center voxel nearest the origin,mean over unique voxels nearest the configured cell positions,voxel size=40 um,3.65,9.86450764730489,9.226225009683205,8.499434821370453
PhysiCell,PhysiCell_dx_40um_uptake,40.0,,mean over all voxels,single center voxel nearest the origin,mean over unique voxels nearest the configured cell positions,voxel size=40 um,3.66,9.864494993662877,9.226145204205066,8.499354673430384
PhysiCell,PhysiCell_dx_40um_uptake,40.0,,mean over all voxels,single center voxel nearest the origin,mean over unique voxels nearest the configured cell positions,voxel size=40 um,3.67,9.864482517949256,9.226066516934333,8.499275652641346
PhysiCell,PhysiCell_dx_40um_uptake,40.0,,mean over all voxels,single center voxel nearest the origin,mean over unique voxels nearest the configured cell positions,voxel size=40 um,3.68,9.86447021766228,9.225988932250042,8.499197743148772
PhysiCell,PhysiCell_dx_40um_uptake,40.0,,mean over all voxels,single center voxel nearest the origin,mean over unique voxels nearest the configured cell positions,voxel size=40 um,3.69,9.86445809033537,9.225912434748262,8.499120929321222
PhysiCell,PhysiCell_dx_40um_uptake,40.0,,mean over all voxels,single center voxel nearest the origin,mean over unique voxels nearest the configured cell positions,voxel size=40 um,3.7,9.864446133536616,9.225837009239104,8.49904519574725
PhysiCell,PhysiCell_dx_40um_uptake,40.0,,mean over all voxels,single center voxel nearest the origin,mean over unique voxels nearest the configured cell positions,voxel size=40 um,3.71,9.864434344868302,9.225762640743781,8.498970527232304
PhysiCell,PhysiCell_dx_40um_uptake,40.0,,mean over all voxels,single center voxel nearest the origin,mean over unique voxels nearest the configured cell positions,voxel size=40 um,3.72,9.864422721966408,9.2256893144917,8.498896908795643
PhysiCell,PhysiCell_dx_40um_uptake,40.0,,mean over all voxels,single center voxel nearest the origin,mean over unique voxels nearest the configured cell positions,voxel size=40 um,3.73,9.864411262500155,9.225617015917589,8.49882432566737
PhysiCell,PhysiCell_dx_40um_uptake,40.0,,mean over all voxels,single center voxel nearest the origin,mean over unique voxels nearest the configured cell positions,voxel size=40 um,3.74,9.86439996417153,9.225545730658682,8.49875276328541
PhysiCell,PhysiCell_dx_40um_uptake,40.0,,mean over all voxels,single center voxel nearest the origin,mean over unique voxels nearest the configured cell positions,voxel size=40 um,3.75,9.864388824714831,9.225475444551922,8.498682207292621
PhysiCell,PhysiCell_dx_40um_uptake,40.0,,mean over all voxels,single center voxel nearest the origin,mean over unique voxels nearest the configured cell positions,voxel size=40 um,3.76,9.864377841896193,9.225406143631213,8.498612643533885
PhysiCell,PhysiCell_dx_40um_uptake,40.0,,mean over all voxels,single center voxel nearest the origin,mean over unique voxels nearest the configured cell positions,voxel size=40 um,3.77,9.86436701351317,9.225337814124698,8.498544058053268
PhysiCell,PhysiCell_dx_40um_uptake,40.0,,mean over all voxels,single center voxel nearest the origin,mean over unique voxels nearest the configured cell positions,voxel size=40 um,3.78,9.864356337394272,9.225270442452095,8.498476437091213
PhysiCell,PhysiCell_dx_40um_uptake,40.0,,mean over all voxels,single center voxel nearest the origin,mean over unique voxels nearest the configured cell positions,voxel size=40 um,3.79,9.86434581139854,9.22520401522204,8.498409767081775
PhysiCell,PhysiCell_dx_40um_uptake,40.0,,mean over all voxels,single center voxel nearest the origin,mean over unique voxels nearest the configured cell positions,voxel size=40 um,3.8,9.864335433415112,9.225138519229501,8.498344034649882
PhysiCell,PhysiCell_dx_40um_uptake,40.0,,mean over all voxels,single center voxel nearest the origin,mean over unique voxels nearest the configured cell positions,voxel size=40 um,3.81,9.864325201362801,9.225073941453193,8.498279226608672
PhysiCell,PhysiCell_dx_40um_uptake,40.0,,mean over all voxels,single center voxel nearest the origin,mean over unique voxels nearest the configured cell positions,voxel size=40 um,3.82,9.864315113189683,9.225010269053044,8.498215329956814
PhysiCell,PhysiCell_dx_40um_uptake,40.0,,mean over all voxels,single center voxel nearest the origin,mean over unique voxels nearest the configured cell positions,voxel size=40 um,3.83,9.86430516687268,9.224947489367704,8.49815233187591
PhysiCell,PhysiCell_dx_40um_uptake,40.0,,mean over all voxels,single center voxel nearest the origin,mean over unique voxels nearest the configured cell positions,voxel size=40 um,3.84,9.864295360417158,9.224885589912072,8.498090219727908
PhysiCell,PhysiCell_dx_40um_uptake,40.0,,mean over all voxels,single center voxel nearest the origin,mean over unique voxels nearest the configured cell positions,voxel size=40 um,3.85,9.86428569185652,9.224824558374861,8.498028981052581
PhysiCell,PhysiCell_dx_40um_uptake,40.0,,mean over all voxels,single center voxel nearest the origin,mean over unique voxels nearest the configured cell positions,voxel size=40 um,3.86,9.864276159251823,9.224764382616206,8.497968603564996
PhysiCell,PhysiCell_dx_40um_uptake,40.0,,mean over all voxels,single center voxel nearest the origin,mean over unique voxels nearest the configured cell positions,voxel size=40 um,3.87,9.864266760691388,9.224705050665287,8.497909075153075
PhysiCell,PhysiCell_dx_40um_uptake,40.0,,mean over all voxels,single center voxel nearest the origin,mean over unique voxels nearest the configured cell positions,voxel size=40 um,3.88,9.8642574942904,9.224646550718,8.497850383875123
PhysiCell,PhysiCell_dx_40um_uptake,40.0,,mean over all voxels,single center voxel nearest the origin,mean over unique voxels nearest the configured cell positions,voxel size=40 um,3.89,9.864248358190558,9.22458887113465,8.497792517957473
PhysiCell,PhysiCell_dx_40um_uptake,40.0,,mean over all voxels,single center voxel nearest the origin,mean over unique voxels nearest the configured cell positions,voxel size=40 um,3.9,9.864239350559675,9.224532000437693,8.497735465792081
PhysiCell,PhysiCell_dx_40um_uptake,40.0,,mean over all voxels,single center voxel nearest the origin,mean over unique voxels nearest the configured cell positions,voxel size=40 um,3.91,9.864230469591336,9.22447592730947,8.497679215934223
PhysiCell,PhysiCell_dx_40um_uptake,40.0,,mean over all voxels,single center voxel nearest the origin,mean over unique voxels nearest the configured cell positions,voxel size=40 um,3.92,9.864221713504513,9.224420640590015,8.497623757100168
PhysiCell,PhysiCell_dx_40um_uptake,40.0,,mean over all voxels,single center voxel nearest the origin,mean over unique voxels nearest the configured cell positions,voxel size=40 um,3.93,9.864213080543225,9.224366129274873,8.497569078164938
PhysiCell,PhysiCell_dx_40um_uptake,40.0,,mean over all voxels,single center voxel nearest the origin,mean over unique voxels nearest the configured cell positions,voxel size=40 um,3.94,9.864204568976175,9.224312382512943,8.497515168160055
PhysiCell,PhysiCell_dx_40um_uptake,40.0,,mean over all voxels,single center voxel nearest the origin,mean over unique voxels nearest the configured cell positions,voxel size=40 um,3.95,9.864196177096412,9.22425938960436,8.497462016271342
PhysiCell,PhysiCell_dx_40um_uptake,40.0,,mean over all voxels,single center voxel nearest the origin,mean over unique voxels nearest the configured cell positions,voxel size=40 um,3.96,9.86418790322098,9.224207139998406,8.497409611836755
PhysiCell,PhysiCell_dx_40um_uptake,40.0,,mean over all voxels,single center voxel nearest the origin,mean over unique voxels nearest the configured cell positions,voxel size=40 um,3.97,9.864179745690592,9.224155623291438,8.49735794434424
PhysiCell,PhysiCell_dx_40um_uptake,40.0,,mean over all voxels,single center voxel nearest the origin,mean over unique voxels nearest the configured cell positions,voxel size=40 um,3.98,9.864171702869285,9.224104829224864,8.497307003429608
PhysiCell,PhysiCell_dx_40um_uptake,40.0,,mean over all voxels,single center voxel nearest the origin,mean over unique voxels nearest the configured cell positions,voxel size=40 um,3.99,9.864163773144096,9.224054747683121,8.49725677887448
PhysiCell,PhysiCell_dx_40um_uptake,40.0,,mean over all voxels,single center voxel nearest the origin,mean over unique voxels nearest the configured cell positions,voxel size=40 um,4.0,9.864155954924748,9.224005368691708,8.497207260604204
PhysiCell,PhysiCell_dx_40um_uptake,40.0,,mean over all voxels,single center voxel nearest the origin,mean over unique voxels nearest the configured cell positions,voxel size=40 um,4.01,9.864148246643314,9.223956682415231,8.497158438685865
PhysiCell,PhysiCell_dx_40um_uptake,40.0,,mean over all voxels,single center voxel nearest the origin,mean over unique voxels nearest the configured cell positions,voxel size=40 um,4.02,9.864140646753917,9.223908679155466,8.497110303326254
PhysiCell,PhysiCell_dx_40um_uptake,40.0,,mean over all voxels,single center voxel nearest the origin,mean over unique voxels nearest the configured cell positions,voxel size=40 um,4.03,9.864133153732421,9.223861349349463,8.497062844869928
PhysiCell,PhysiCell_dx_40um_uptake,40.0,,mean over all voxels,single center voxel nearest the origin,mean over unique voxels nearest the configured cell positions,voxel size=40 um,4.04,9.86412576607611,9.223814683567689,8.497016053797266
PhysiCell,PhysiCell_dx_40um_uptake,40.0,,mean over all voxels,single center voxel nearest the origin,mean over unique voxels nearest the configured cell positions,voxel size=40 um,4.05,9.8641184823034,9.223768672512147,8.496969920722542
PhysiCell,PhysiCell_dx_40um_uptake,40.0,,mean over all voxels,single center voxel nearest the origin,mean over unique voxels nearest the configured cell positions,voxel size=40 um,4.06,9.864111300953544,9.223723307014582,8.496924436392067
PhysiCell,PhysiCell_dx_40um_uptake,40.0,,mean over all voxels,single center voxel nearest the origin,mean over unique voxels nearest the configured cell positions,voxel size=40 um,4.07,9.864104220586327,9.223678578034667,8.496879591682303
PhysiCell,PhysiCell_dx_40um_uptake,40.0,,mean over all voxels,single center voxel nearest the origin,mean over unique voxels nearest the configured cell positions,voxel size=40 um,4.08,9.864097239781785,9.22363447665824,8.49683537759805
PhysiCell,PhysiCell_dx_40um_uptake,40.0,,mean over all voxels,single center voxel nearest the origin,mean over unique voxels nearest the configured cell positions,voxel size=40 um,4.09,9.86409035713992,9.223590994095542,8.496791785270638
PhysiCell,PhysiCell_dx_40um_uptake,40.0,,mean over all voxels,single center voxel nearest the origin,mean over unique voxels nearest the configured cell positions,voxel size=40 um,4.1,9.864083571280421,9.223548121679496,8.496748805956129
PhysiCell,PhysiCell_dx_40um_uptake,40.0,,mean over all voxels,single center voxel nearest the origin,mean over unique voxels nearest the configured cell positions,voxel size=40 um,4.11,9.864076880842383,9.223505850864015,8.496706431033587
PhysiCell,PhysiCell_dx_40um_uptake,40.0,,mean over all voxels,single center voxel nearest the origin,mean over unique voxels nearest the configured cell positions,voxel size=40 um,4.12,9.864070284484036,9.22346417322231,8.496664652003332
PhysiCell,PhysiCell_dx_40um_uptake,40.0,,mean over all voxels,single center voxel nearest the origin,mean over unique voxels nearest the configured cell positions,voxel size=40 um,4.13,9.864063780882478,9.22342308044524,8.496623460485232
PhysiCell,PhysiCell_dx_40um_uptake,40.0,,mean over all voxels,single center voxel nearest the origin,mean over unique voxels nearest the configured cell positions,voxel size=40 um,4.14,9.864057368733405,9.223382564339689,8.49658284821703
PhysiCell,PhysiCell_dx_40um_uptake,40.0,,mean over all voxels,single center voxel nearest the origin,mean over unique voxels nearest the configured cell positions,voxel size=40 um,4.15,9.864051046750854,9.223342616826937,8.496542807052677
PhysiCell,PhysiCell_dx_40um_uptake,40.0,,mean over all voxels,single center voxel nearest the origin,mean over unique voxels nearest the configured cell positions,voxel size=40 um,4.16,9.864044813666945,9.223303229941084,8.496503328960697
PhysiCell,PhysiCell_dx_40um_uptake,40.0,,mean over all voxels,single center voxel nearest the origin,mean over unique voxels nearest the configured cell positions,voxel size=40 um,4.17,9.864038668231617,9.223264395827488,8.496464406022591
PhysiCell,PhysiCell_dx_40um_uptake,40.0,,mean over all voxels,single center voxel nearest the origin,mean over unique voxels nearest the configured cell positions,voxel size=40 um,4.18,9.864032609212401,9.223226106741201,8.496426030431222
PhysiCell,PhysiCell_dx_40um_uptake,40.0,,mean over all voxels,single center voxel nearest the origin,mean over unique voxels nearest the configured cell positions,voxel size=40 um,4.19,9.864026635394145,9.22318835504547,8.496388194489262
PhysiCell,PhysiCell_dx_40um_uptake,40.0,,mean over all voxels,single center voxel nearest the origin,mean over unique voxels nearest the configured cell positions,voxel size=40 um,4.2,9.864020745578793,9.223151133210216,8.496350890607644
PhysiCell,PhysiCell_dx_40um_uptake,40.0,,mean over all voxels,single center voxel nearest the origin,mean over unique voxels nearest the configured cell positions,voxel size=40 um,4.21,9.86401493858512,9.223114433810556,8.496314111304049
PhysiCell,PhysiCell_dx_40um_uptake,40.0,,mean over all voxels,single center voxel nearest the origin,mean over unique voxels nearest the configured cell positions,voxel size=40 um,4.22,9.864009213248526,9.223078249525352,8.496277849201384
PhysiCell,PhysiCell_dx_40um_uptake,40.0,,mean over all voxels,single center voxel nearest the origin,mean over unique voxels nearest the configured cell positions,voxel size=40 um,4.23,9.864003568420776,9.223042573135757,8.496242097026322
PhysiCell,PhysiCell_dx_40um_uptake,40.0,,mean over all voxels,single center voxel nearest the origin,mean over unique voxels nearest the configured cell positions,voxel size=40 um,4.24,9.863998002969787,9.223007397523794,8.49620684760782
PhysiCell,PhysiCell_dx_40um_uptake,40.0,,mean over all voxels,single center voxel nearest the origin,mean over unique voxels nearest the configured cell positions,voxel size=40 um,4.25,9.863992515779389,9.222972715670963,8.496172093875703
PhysiCell,PhysiCell_dx_40um_uptake,40.0,,mean over all voxels,single center voxel nearest the origin,mean over unique voxels nearest the configured cell positions,voxel size=40 um,4.26,9.863987105749105,9.222938520656847,8.496137828859231
PhysiCell,PhysiCell_dx_40um_uptake,40.0,,mean over all voxels,single center voxel nearest the origin,mean over unique voxels nearest the configured cell positions,voxel size=40 um,4.27,9.863981771793942,9.222904805657759,8.496104045685705
PhysiCell,PhysiCell_dx_40um_uptake,40.0,,mean over all voxels,single center voxel nearest the origin,mean over unique voxels nearest the configured cell positions,voxel size=40 um,4.28,9.863976512844154,9.222871563945393,8.496070737579078
PhysiCell,PhysiCell_dx_40um_uptake,40.0,,mean over all voxels,single center voxel nearest the origin,mean over unique voxels nearest the configured cell positions,voxel size=40 um,4.29,9.863971327845041,9.222838788885486,8.496037897858614
PhysiCell,PhysiCell_dx_40um_uptake,40.0,,mean over all voxels,single center voxel nearest the origin,mean over unique voxels nearest the configured cell positions,voxel size=40 um,4.3,9.86396621575673,9.222806473936531,8.496005519937524
PhysiCell,PhysiCell_dx_40um_uptake,40.0,,mean over all voxels,single center voxel nearest the origin,mean over unique voxels nearest the configured cell positions,voxel size=40 um,4.31,9.863961175553971,9.222774612648479,8.49597359732167
PhysiCell,PhysiCell_dx_40um_uptake,40.0,,mean over all voxels,single center voxel nearest the origin,mean over unique voxels nearest the configured cell positions,voxel size=40 um,4.32,9.863956206225932,9.222743198661453,8.49594212360824
PhysiCell,PhysiCell_dx_40um_uptake,40.0,,mean over all voxels,single center voxel nearest the origin,mean over unique voxels nearest the configured cell positions,voxel size=40 um,4.33,9.863951306775993,9.222712225704507,8.495911092484471
PhysiCell,PhysiCell_dx_40um_uptake,40.0,,mean over all voxels,single center voxel nearest the origin,mean over unique voxels nearest the configured cell positions,voxel size=40 um,4.34,9.86394647622155,9.22268168759439,8.495880497726386
PhysiCell,PhysiCell_dx_40um_uptake,40.0,,mean over all voxels,single center voxel nearest the origin,mean over unique voxels nearest the configured cell positions,voxel size=40 um,4.35,9.863941713593809,9.222651578234318,8.495850333197538
PhysiCell,PhysiCell_dx_40um_uptake,40.0,,mean over all voxels,single center voxel nearest the origin,mean over unique voxels nearest the configured cell positions,voxel size=40 um,4.36,9.863937017937607,9.222621891612771,8.495820592847785
PhysiCell,PhysiCell_dx_40um_uptake,40.0,,mean over all voxels,single center voxel nearest the origin,mean over unique voxels nearest the configured cell positions,voxel size=40 um,4.37,9.863932388311207,9.222592621802312,8.495791270712068
PhysiCell,PhysiCell_dx_40um_uptake,40.0,,mean over all voxels,single center voxel nearest the origin,mean over unique voxels nearest the configured cell positions,voxel size=40 um,4.38,9.863927823786113,9.22256376295841,8.495762360909227
PhysiCell,PhysiCell_dx_40um_uptake,40.0,,mean over all voxels,single center voxel nearest the origin,mean over unique voxels nearest the configured cell positions,voxel size=40 um,4.39,9.86392332344689,9.222535309318292,8.49573385764081
PhysiCell,PhysiCell_dx_40um_uptake,40.0,,mean over all voxels,single center voxel nearest the origin,mean over unique voxels nearest the configured cell positions,voxel size=40 um,4.4,9.86391888639097,9.2225072551998,8.495705755189904
PhysiCell,PhysiCell_dx_40um_uptake,40.0,,mean over all voxels,single center voxel nearest the origin,mean over unique voxels nearest the configured cell positions,voxel size=40 um,4.41,9.863914511728478,9.222479595000268,8.495678047920014
PhysiCell,PhysiCell_dx_40um_uptake,40.0,,mean over all voxels,single center voxel nearest the origin,mean over unique voxels nearest the configured cell positions,voxel size=40 um,4.42,9.863910198582053,9.222452323195412,8.495650730273898
PhysiCell,PhysiCell_dx_40um_uptake,40.0,,mean over all voxels,single center voxel nearest the origin,mean over unique voxels nearest the configured cell positions,voxel size=40 um,4.43,9.863905946086671,9.22242543433825,8.495623796772476
PhysiCell,PhysiCell_dx_40um_uptake,40.0,,mean over all voxels,single center voxel nearest the origin,mean over unique voxels nearest the configured cell positions,voxel size=40 um,4.44,9.86390175338947,9.222398923058003,8.495597242013716
PhysiCell,PhysiCell_dx_40um_uptake,40.0,,mean over all voxels,single center voxel nearest the origin,mean over unique voxels nearest the configured cell positions,voxel size=40 um,4.45,9.863897619649581,9.222372784059065,8.495571060671569
PhysiCell,PhysiCell_dx_40um_uptake,40.0,,mean over all voxels,single center voxel nearest the origin,mean over unique voxels nearest the configured cell positions,voxel size=40 um,4.46,9.863893544037959,9.222347012119926,8.49554524749488
PhysiCell,PhysiCell_dx_40um_uptake,40.0,,mean over all voxels,single center voxel nearest the origin,mean over unique voxels nearest the configured cell positions,voxel size=40 um,4.47,9.863889525737214,9.222321602092151,8.495519797306347
PhysiCell,PhysiCell_dx_40um_uptake,40.0,,mean over all voxels,single center voxel nearest the origin,mean over unique voxels nearest the configured cell positions,voxel size=40 um,4.48,9.863885563941457,9.222296548899365,8.49549470500147
PhysiCell,PhysiCell_dx_40um_uptake,40.0,,mean over all voxels,single center voxel nearest the origin,mean over unique voxels nearest the configured cell positions,voxel size=40 um,4.49,9.86388165785612,9.222271847536245,8.495469965547546
PhysiCell,PhysiCell_dx_40um_uptake,40.0,,mean over all voxels,single center voxel nearest the origin,mean over unique voxels nearest the configured cell positions,voxel size=40 um,4.5,9.863877806697822,9.222247493067526,8.495445573982643
PhysiCell,PhysiCell_dx_40um_uptake,40.0,,mean over all voxels,single center voxel nearest the origin,mean over unique voxels nearest the configured cell positions,voxel size=40 um,4.51,9.863874009694182,9.222223480627028,8.495421525414608
PhysiCell,PhysiCell_dx_40um_uptake,40.0,,mean over all voxels,single center voxel nearest the origin,mean over unique voxels nearest the configured cell positions,voxel size=40 um,4.52,9.863870266083689,9.22219980541669,8.495397815020093
PhysiCell,PhysiCell_dx_40um_uptake,40.0,,mean over all voxels,single center voxel nearest the origin,mean over unique voxels nearest the configured cell positions,voxel size=40 um,4.53,9.86386657511554,9.222176462705628,8.495374438043575
PhysiCell,PhysiCell_dx_40um_uptake,40.0,,mean over all voxels,single center voxel nearest the origin,mean over unique voxels nearest the configured cell positions,voxel size=40 um,4.54,9.863862936049486,9.222153447829193,8.49535138979641
PhysiCell,PhysiCell_dx_40um_uptake,40.0,,mean over all voxels,single center voxel nearest the origin,mean over unique voxels nearest the configured cell positions,voxel size=40 um,4.55,9.863859348155692,9.222130756188038,8.495328665655896
PhysiCell,PhysiCell_dx_40um_uptake,40.0,,mean over all voxels,single center voxel nearest the origin,mean over unique voxels nearest the configured cell positions,voxel size=40 um,4.56,9.863855810714579,9.222108383247217,8.49530626106433
PhysiCell,PhysiCell_dx_40um_uptake,40.0,,mean over all voxels,single center voxel nearest the origin,mean over unique voxels nearest the configured cell positions,voxel size=40 um,4.57,9.86385232301669,9.222086324535292,8.495284171528118
PhysiCell,PhysiCell_dx_40um_uptake,40.0,,mean over all voxels,single center voxel nearest the origin,mean over unique voxels nearest the configured cell positions,voxel size=40 um,4.58,9.863848884362545,9.222064575643437,8.495262392616848
PhysiCell,PhysiCell_dx_40um_uptake,40.0,,mean over all voxels,single center voxel nearest the origin,mean over unique voxels nearest the configured cell positions,voxel size=40 um,4.59,9.8638454940625,9.222043132224563,8.495240919962416
PhysiCell,PhysiCell_dx_40um_uptake,40.0,,mean over all voxels,single center voxel nearest the origin,mean over unique voxels nearest the configured cell positions,voxel size=40 um,4.6,9.863842151436605,9.222021989992463,8.49521974925815
PhysiCell,PhysiCell_dx_40um_uptake,40.0,,mean over all voxels,single center voxel nearest the origin,mean over unique voxels nearest the configured cell positions,voxel size=40 um,4.61,9.863838855814473,9.222001144720961,8.495198876257936
PhysiCell,PhysiCell_dx_40um_uptake,40.0,,mean over all voxels,single center voxel nearest the origin,mean over unique voxels nearest the configured cell positions,voxel size=40 um,4.62,9.863835606535144,9.22198059224307,8.495178296775379
PhysiCell,PhysiCell_dx_40um_uptake,40.0,,mean over all voxels,single center voxel nearest the origin,mean over unique voxels nearest the configured cell positions,voxel size=40 um,4.63,9.863832402946953,9.221960328450177,8.495158006682953
PhysiCell,PhysiCell_dx_40um_uptake,40.0,,mean over all voxels,single center voxel nearest the origin,mean over unique voxels nearest the configured cell positions,voxel size=40 um,4.64,9.863829244407402,9.221940349291208,8.495138001911176
PhysiCell,PhysiCell_dx_40um_uptake,40.0,,mean over all voxels,single center voxel nearest the origin,mean over unique voxels nearest the configured cell positions,voxel size=40 um,4.65,9.863826130283012,9.221920650771843,8.4951182784478
PhysiCell,PhysiCell_dx_40um_uptake,40.0,,mean over all voxels,single center voxel nearest the origin,mean over unique voxels nearest the configured cell positions,voxel size=40 um,4.66,9.863823059949237,9.221901228953717,8.495098832336991
PhysiCell,PhysiCell_dx_40um_uptake,40.0,,mean over all voxels,single center voxel nearest the origin,mean over unique voxels nearest the configured cell positions,voxel size=40 um,4.67,9.863820032790292,9.221882079953648,8.495079659678558
PhysiCell,PhysiCell_dx_40um_uptake,40.0,,mean over all voxels,single center voxel nearest the origin,mean over unique voxels nearest the configured cell positions,voxel size=40 um,4.68,9.863817048199055,9.22186319994284,8.495060756627144
PhysiCell,PhysiCell_dx_40um_uptake,40.0,,mean over all voxels,single center voxel nearest the origin,mean over unique voxels nearest the configured cell positions,voxel size=40 um,4.69,9.863814105576951,9.22184458514615,8.495042119391478
PhysiCell,PhysiCell_dx_40um_uptake,40.0,,mean over all voxels,single center voxel nearest the origin,mean over unique voxels nearest the configured cell positions,voxel size=40 um,4.7,9.863811204333812,9.221826231841328,8.495023744233597
PhysiCell,PhysiCell_dx_40um_uptake,40.0,,mean over all voxels,single center voxel nearest the origin,mean over unique voxels nearest the configured cell positions,voxel size=40 um,4.71,9.863808343887774,9.22180813635828,8.495005627468109
PhysiCell,PhysiCell_dx_40um_uptake,40.0,,mean over all voxels,single center voxel nearest the origin,mean over unique voxels nearest the configured cell positions,voxel size=40 um,4.72,9.863805523665148,9.221790295078343,8.49498776546145
PhysiCell,PhysiCell_dx_40um_uptake,40.0,,mean over all voxels,single center voxel nearest the origin,mean over unique voxels nearest the configured cell positions,voxel size=40 um,4.73,9.863802743100322,9.221772704433555,8.494970154631147
PhysiCell,PhysiCell_dx_40um_uptake,40.0,,mean over all voxels,single center voxel nearest the origin,mean over unique voxels nearest the configured cell positions,voxel size=40 um,4.74,9.863800001635633,9.22175536090596,8.494952791445112
PhysiCell,PhysiCell_dx_40um_uptake,40.0,,mean over all voxels,single center voxel nearest the origin,mean over unique voxels nearest the configured cell positions,voxel size=40 um,4.75,9.863797298721257,9.221738261026896,8.494935672420926
PhysiCell,PhysiCell_dx_40um_uptake,40.0,,mean over all voxels,single center voxel nearest the origin,mean over unique voxels nearest the configured cell positions,voxel size=40 um,4.76,9.863794633815107,9.221721401376325,8.494918794125136
PhysiCell,PhysiCell_dx_40um_uptake,40.0,,mean over all voxels,single center voxel nearest the origin,mean over unique voxels nearest the configured cell positions,voxel size=40 um,4.77,9.863792006382711,9.221704778582126,8.494902153172578
PhysiCell,PhysiCell_dx_40um_uptake,40.0,,mean over all voxels,single center voxel nearest the origin,mean over unique voxels nearest the configured cell positions,voxel size=40 um,4.78,9.863789415897118,9.22168838931946,8.494885746225696
PhysiCell,PhysiCell_dx_40um_uptake,40.0,,mean over all voxels,single center voxel nearest the origin,mean over unique voxels nearest the configured cell positions,voxel size=40 um,4.79,9.863786861838786,9.221672230310078,8.49486956999386
PhysiCell,PhysiCell_dx_40um_uptake,40.0,,mean over all voxels,single center voxel nearest the origin,mean over unique voxels nearest the configured cell positions,voxel size=40 um,4.8,9.863784343695482,9.221656298321689,8.49485362123272
PhysiCell,PhysiCell_dx_40um_uptake,40.0,,mean over all voxels,single center voxel nearest the origin,mean over unique voxels nearest the configured cell positions,voxel size=40 um,4.81,9.863781860962172,9.221640590167302,8.494837896743547
PhysiCell,PhysiCell_dx_40um_uptake,40.0,,mean over all voxels,single center voxel nearest the origin,mean over unique voxels nearest the configured cell positions,voxel size=40 um,4.82,9.86377941314092,9.22162510270461,8.494822393372596
PhysiCell,PhysiCell_dx_40um_uptake,40.0,,mean over all voxels,single center voxel nearest the origin,mean over unique voxels nearest the configured cell positions,voxel size=40 um,4.83,9.863776999740798,9.221609832835357,8.494807108010471
PhysiCell,PhysiCell_dx_40um_uptake,40.0,,mean over all voxels,single center voxel nearest the origin,mean over unique voxels nearest the configured cell positions,voxel size=40 um,4.84,9.86377462027778,9.221594777504716,8.494792037591498
PhysiCell,PhysiCell_dx_40um_uptake,40.0,,mean over all voxels,single center voxel nearest the origin,mean over unique voxels nearest the configured cell positions,voxel size=40 um,4.85,9.863772274274645,9.221579933700692,8.494777179093125
PhysiCell,PhysiCell_dx_40um_uptake,40.0,,mean over all voxels,single center voxel nearest the origin,mean over unique voxels nearest the configured cell positions,voxel size=40 um,4.86,9.863769961260886,9.221565298453516,8.494762529535292
PhysiCell,PhysiCell_dx_40um_uptake,40.0,,mean over all voxels,single center voxel nearest the origin,mean over unique voxels nearest the configured cell positions,voxel size=40 um,4.87,9.863767680772606,9.22155086883506,8.49474808597985
PhysiCell,PhysiCell_dx_40um_uptake,40.0,,mean over all voxels,single center voxel nearest the origin,mean over unique voxels nearest the configured cell positions,voxel size=40 um,4.88,9.863765432352436,9.22153664195825,8.49473384552997
PhysiCell,PhysiCell_dx_40um_uptake,40.0,,mean over all voxels,single center voxel nearest the origin,mean over unique voxels nearest the configured cell positions,voxel size=40 um,4.89,9.863763215549437,9.221522614976495,8.494719805329556
PhysiCell,PhysiCell_dx_40um_uptake,40.0,,mean over all voxels,single center voxel nearest the origin,mean over unique voxels nearest the configured cell positions,voxel size=40 um,4.9,9.86376102991901,9.221508785083115,8.494705962562682
PhysiCell,PhysiCell_dx_40um_uptake,40.0,,mean over all voxels,single center voxel nearest the origin,mean over unique voxels nearest the configured cell positions,voxel size=40 um,4.91,9.86375887502281,9.221495149510796,8.494692314453012
PhysiCell,PhysiCell_dx_40um_uptake,40.0,,mean over all voxels,single center voxel nearest the origin,mean over unique voxels nearest the configured cell positions,voxel size=40 um,4.92,9.863756750428655,9.221481705531023,8.494678858263255
PhysiCell,PhysiCell_dx_40um_uptake,40.0,,mean over all voxels,single center voxel nearest the origin,mean over unique voxels nearest the configured cell positions,voxel size=40 um,4.93,9.863754655710439,9.221468450453546,8.494665591294618
PhysiCell,PhysiCell_dx_40um_uptake,40.0,,mean over all voxels,single center voxel nearest the origin,mean over unique voxels nearest the configured cell positions,voxel size=40 um,4.94,9.86375259044805,9.221455381625846,8.494652510886253
PhysiCell,PhysiCell_dx_40um_uptake,40.0,,mean over all voxels,single center voxel nearest the origin,mean over unique voxels nearest the configured cell positions,voxel size=40 um,4.95,9.86375055422728,9.2214424964326,8.494639614414728
PhysiCell,PhysiCell_dx_40um_uptake,40.0,,mean over all voxels,single center voxel nearest the origin,mean over unique voxels nearest the configured cell positions,voxel size=40 um,4.96,9.863748546639753,9.221429792295167,8.494626899293513
PhysiCell,PhysiCell_dx_40um_uptake,40.0,,mean over all voxels,single center voxel nearest the origin,mean over unique voxels nearest the configured cell positions,voxel size=40 um,4.97,9.863746567282826,9.221417266671073,8.494614362972438
PhysiCell,PhysiCell_dx_40um_uptake,40.0,,mean over all voxels,single center voxel nearest the origin,mean over unique voxels nearest the configured cell positions,voxel size=40 um,4.98,9.863744615759526,9.221404917053508,8.494602002937203
PhysiCell,PhysiCell_dx_40um_uptake,40.0,,mean over all voxels,single center voxel nearest the origin,mean over unique voxels nearest the configured cell positions,voxel size=40 um,4.99,9.863742691678455,9.221392740970815,8.494589816708864
PhysiCell,PhysiCell_dx_40um_uptake,40.0,,mean over all voxels,single center voxel nearest the origin,mean over unique voxels nearest the configured cell positions,voxel size=40 um,5.0,9.863740794653728,9.221380735986012,8.494577801843333
PhysiCell,PhysiCell_dx_40um_uptake,40.0,,mean over all voxels,single center voxel nearest the origin,mean over unique voxels nearest the configured cell positions,voxel size=40 um,5.01,9.863738924304874,9.221368899696298,8.494565955930891
PhysiCell,PhysiCell_dx_40um_uptake,40.0,,mean over all voxels,single center voxel nearest the origin,mean over unique voxels nearest the configured cell positions,voxel size=40 um,5.02,9.863737080256781,9.221357229732579,8.49455427659571
PhysiCell,PhysiCell_dx_40um_uptake,40.0,,mean over all voxels,single center voxel nearest the origin,mean over unique voxels nearest the configured cell positions,voxel size=40 um,5.03,9.863735262139611,9.221345723759002,8.494542761495369
PhysiCell,PhysiCell_dx_40um_uptake,40.0,,mean over all voxels,single center voxel nearest the origin,mean over unique voxels nearest the configured cell positions,voxel size=40 um,5.04,9.863733469588723,9.221334379472472,8.494531408320388
PhysiCell,PhysiCell_dx_40um_uptake,40.0,,mean over all voxels,single center voxel nearest the origin,mean over unique voxels nearest the configured cell positions,voxel size=40 um,5.05,9.863731702244609,9.221323194602205,8.49452021479376
PhysiCell,PhysiCell_dx_40um_uptake,40.0,,mean over all voxels,single center voxel nearest the origin,mean over unique voxels nearest the configured cell positions,voxel size=40 um,5.06,9.863729959752808,9.221312166909273,8.4945091786705
PhysiCell,PhysiCell_dx_40um_uptake,40.0,,mean over all voxels,single center voxel nearest the origin,mean over unique voxels nearest the configured cell positions,voxel size=40 um,5.07,9.863728241763853,9.221301294186167,8.49449829773719
PhysiCell,PhysiCell_dx_40um_uptake,40.0,,mean over all voxels,single center voxel nearest the origin,mean over unique voxels nearest the configured cell positions,voxel size=40 um,5.08,9.863726547933187,9.221290574256345,8.494487569811549
PhysiCell,PhysiCell_dx_40um_uptake,40.0,,mean over all voxels,single center voxel nearest the origin,mean over unique voxels nearest the configured cell positions,voxel size=40 um,5.09,9.863724877921095,9.221280004973801,8.494476992741966
PhysiCell,PhysiCell_dx_40um_uptake,40.0,,mean over all voxels,single center voxel nearest the origin,mean over unique voxels nearest the configured cell positions,voxel size=40 um,5.1,9.863723231392639,9.221269584222643,8.494466564407096
PhysiCell,PhysiCell_dx_40um_uptake,40.0,,mean over all voxels,single center voxel nearest the origin,mean over unique voxels nearest the configured cell positions,voxel size=40 um,5.11,9.8637216080176,9.22125930991666,8.494456282715428
PhysiCell,PhysiCell_dx_40um_uptake,40.0,,mean over all voxels,single center voxel nearest the origin,mean over unique voxels nearest the configured cell positions,voxel size=40 um,5.12,9.86372000747039,9.22124917999892,8.494446145604853
PhysiCell,PhysiCell_dx_40um_uptake,40.0,,mean over all voxels,single center voxel nearest the origin,mean over unique voxels nearest the configured cell positions,voxel size=40 um,5.13,9.86371842943001,9.221239192441356,8.494436151042269
PhysiCell,PhysiCell_dx_40um_uptake,40.0,,mean over all voxels,single center voxel nearest the origin,mean over unique voxels nearest the configured cell positions,voxel size=40 um,5.14,9.863716873579971,9.221229345244357,8.494426297023162
PhysiCell,PhysiCell_dx_40um_uptake,40.0,,mean over all voxels,single center voxel nearest the origin,mean over unique voxels nearest the configured cell positions,voxel size=40 um,5.15,9.86371533960823,9.221219636436372,8.494416581571203
PhysiCell,PhysiCell_dx_40um_uptake,40.0,,mean over all voxels,single center voxel nearest the origin,mean over unique voxels nearest the configured cell positions,voxel size=40 um,5.16,9.863713827207137,9.22121006407351,8.494407002737852
PhysiCell,PhysiCell_dx_40um_uptake,40.0,,mean over all voxels,single center voxel nearest the origin,mean over unique voxels nearest the configured cell positions,voxel size=40 um,5.17,9.863712336073368,9.221200626239167,8.494397558601971
PhysiCell,PhysiCell_dx_40um_uptake,40.0,,mean over all voxels,single center voxel nearest the origin,mean over unique voxels nearest the configured cell positions,voxel size=40 um,5.18,9.86371086590786,9.221191321043637,8.494388247269445
PhysiCell,PhysiCell_dx_40um_uptake,40.0,,mean over all voxels,single center voxel nearest the origin,mean over unique voxels nearest the configured cell positions,voxel size=40 um,5.19,9.863709416415759,9.221182146623724,8.494379066872789
PhysiCell,PhysiCell_dx_40um_uptake,40.0,,mean over all voxels,single center voxel nearest the origin,mean over unique voxels nearest the configured cell positions,voxel size=40 um,5.2,9.863707987306363,9.221173101142396,8.494370015570771
PhysiCell,PhysiCell_dx_40um_uptake,40.0,,mean over all voxels,single center voxel nearest the origin,mean over unique voxels nearest the configured cell positions,voxel size=40 um,5.21,9.863706578293044,9.221164182788394,8.494361091548068
PhysiCell,PhysiCell_dx_40um_uptake,40.0,,mean over all voxels,single center voxel nearest the origin,mean over unique voxels nearest the configured cell positions,voxel size=40 um,5.22,9.863705189093215,9.221155389775879,8.494352293014868
PhysiCell,PhysiCell_dx_40um_uptake,40.0,,mean over all voxels,single center voxel nearest the origin,mean over unique voxels nearest the configured cell positions,voxel size=40 um,5.23,9.86370381942826,9.221146720344077,8.494343618206537
PhysiCell,PhysiCell_dx_40um_uptake,40.0,,mean over all voxels,single center voxel nearest the origin,mean over unique voxels nearest the configured cell positions,voxel size=40 um,5.24,9.86370246902348,9.221138172756936,8.494335065383252
PhysiCell,PhysiCell_dx_40um_uptake,40.0,,mean over all voxels,single center voxel nearest the origin,mean over unique voxels nearest the configured cell positions,voxel size=40 um,5.25,9.863701137608041,9.221129745302761,8.494326632829662
PhysiCell,PhysiCell_dx_40um_uptake,40.0,,mean over all voxels,single center voxel nearest the origin,mean over unique voxels nearest the configured cell positions,voxel size=40 um,5.26,9.863699824914914,9.221121436293886,8.49431831885452
PhysiCell,PhysiCell_dx_40um_uptake,40.0,,mean over all voxels,single center voxel nearest the origin,mean over unique voxels nearest the configured cell positions,voxel size=40 um,5.27,9.863698530680827,9.221113244066338,8.494310121790381
PhysiCell,PhysiCell_dx_40um_uptake,40.0,,mean over all voxels,single center voxel nearest the origin,mean over unique voxels nearest the configured cell positions,voxel size=40 um,5.28,9.863697254646208,9.221105166979497,8.49430203999324
PhysiCell,PhysiCell_dx_40um_uptake,40.0,,mean over all voxels,single center voxel nearest the origin,mean over unique voxels nearest the configured cell positions,voxel size=40 um,5.29,9.863695996555139,9.22109720341577,8.494294071842207
PhysiCell,PhysiCell_dx_40um_uptake,40.0,,mean over all voxels,single center voxel nearest the origin,mean over unique voxels nearest the configured cell positions,voxel size=40 um,5.3,9.863694756155304,9.22108935178028,8.494286215739193
PhysiCell,PhysiCell_dx_40um_uptake,40.0,,mean over all voxels,single center voxel nearest the origin,mean over unique voxels nearest the configured cell positions,voxel size=40 um,5.31,9.863693533197921,9.221081610500534,8.494278470108574
PhysiCell,PhysiCell_dx_40um_uptake,40.0,,mean over all voxels,single center voxel nearest the origin,mean over unique voxels nearest the configured cell positions,voxel size=40 um,5.32,9.863692327437722,9.221073978026109,8.494270833396886
PhysiCell,PhysiCell_dx_40um_uptake,40.0,,mean over all voxels,single center voxel nearest the origin,mean over unique voxels nearest the configured cell positions,voxel size=40 um,5.33,9.863691138632873,9.221066452828358,8.494263304072511
PhysiCell,PhysiCell_dx_40um_uptake,40.0,,mean over all voxels,single center voxel nearest the origin,mean over unique voxels nearest the configured cell positions,voxel size=40 um,5.34,9.863689966544957,9.221059033400087,8.494255880625365
PhysiCell,PhysiCell_dx_40um_uptake,40.0,,mean over all voxels,single center voxel nearest the origin,mean over unique voxels nearest the configured cell positions,voxel size=40 um,5.35,9.863688810938896,9.221051718255257,8.494248561566604
PhysiCell,PhysiCell_dx_40um_uptake,40.0,,mean over all voxels,single center voxel nearest the origin,mean over unique voxels nearest the configured cell positions,voxel size=40 um,5.36,9.863687671582925,9.221044505928706,8.494241345428318
PhysiCell,PhysiCell_dx_40um_uptake,40.0,,mean over all voxels,single center voxel nearest the origin,mean over unique voxels nearest the configured cell positions,voxel size=40 um,5.37,9.863686548248538,9.221037394975827,8.494234230763233
PhysiCell,PhysiCell_dx_40um_uptake,40.0,,mean over all voxels,single center voxel nearest the origin,mean over unique voxels nearest the configured cell positions,voxel size=40 um,5.38,9.863685440710437,9.221030383972309,8.494227216144438
PhysiCell,PhysiCell_dx_40um_uptake,40.0,,mean over all voxels,single center voxel nearest the origin,mean over unique voxels nearest the configured cell positions,voxel size=40 um,5.39,9.863684348746494,9.221023471513826,8.49422030016508
PhysiCell,PhysiCell_dx_40um_uptake,40.0,,mean over all voxels,single center voxel nearest the origin,mean over unique voxels nearest the configured cell positions,voxel size=40 um,5.4,9.86368327213771,9.221016656215776,8.49421348143809
PhysiCell,PhysiCell_dx_40um_uptake,40.0,,mean over all voxels,single center voxel nearest the origin,mean over unique voxels nearest the configured cell positions,voxel size=40 um,5.41,9.863682210668161,9.221009936712996,8.494206758595901
PhysiCell,PhysiCell_dx_40um_uptake,40.0,,mean over all voxels,single center voxel nearest the origin,mean over unique voxels nearest the configured cell positions,voxel size=40 um,5.42,9.863681164124955,9.22100331165949,8.494200130290189
PhysiCell,PhysiCell_dx_40um_uptake,40.0,,mean over all voxels,single center voxel nearest the origin,mean over unique voxels nearest the configured cell positions,voxel size=40 um,5.43,9.863680132298203,9.22099677972817,8.494193595191573
PhysiCell,PhysiCell_dx_40um_uptake,40.0,,mean over all voxels,single center voxel nearest the origin,mean over unique voxels nearest the configured cell positions,voxel size=40 um,5.44,9.863679114980966,9.220990339610562,8.494187151989381
PhysiCell,PhysiCell_dx_40um_uptake,40.0,,mean over all voxels,single center voxel nearest the origin,mean over unique voxels nearest the configured cell positions,voxel size=40 um,5.45,9.863678111969202,9.220983990016594,8.494180799391366
PhysiCell,PhysiCell_dx_40um_uptake,40.0,,mean over all voxels,single center voxel nearest the origin,mean over unique voxels nearest the configured cell positions,voxel size=40 um,5.46,9.863677123061755,9.220977729674278,8.494174536123447
PhysiCell,PhysiCell_dx_40um_uptake,40.0,,mean over all voxels,single center voxel nearest the origin,mean over unique voxels nearest the configured cell positions,voxel size=40 um,5.47,9.863676148060291,9.220971557329511,8.494168360929468
PhysiCell,PhysiCell_dx_40um_uptake,40.0,,mean over all voxels,single center voxel nearest the origin,mean over unique voxels nearest the configured cell positions,voxel size=40 um,5.48,9.863675186769264,9.22096547174579,8.49416227257093
PhysiCell,PhysiCell_dx_40um_uptake,40.0,,mean over all voxels,single center voxel nearest the origin,mean over unique voxels nearest the configured cell positions,voxel size=40 um,5.49,9.863674238995875,9.22095947170398,8.494156269826759
PhysiCell,PhysiCell_dx_40um_uptake,40.0,,mean over all voxels,single center voxel nearest the origin,mean over unique voxels nearest the configured cell positions,voxel size=40 um,5.5,9.863673304550044,9.22095355600206,8.494150351493039
PhysiCell,PhysiCell_dx_40um_uptake,40.0,,mean over all voxels,single center voxel nearest the origin,mean over unique voxels nearest the configured cell positions,voxel size=40 um,5.51,9.863672383244353,9.220947723454897,8.494144516382796
PhysiCell,PhysiCell_dx_40um_uptake,40.0,,mean over all voxels,single center voxel nearest the origin,mean over unique voxels nearest the configured cell positions,voxel size=40 um,5.52,9.863671474894034,9.220941972893995,8.49413876332574
PhysiCell,PhysiCell_dx_40um_uptake,40.0,,mean over all voxels,single center voxel nearest the origin,mean over unique voxels nearest the configured cell positions,voxel size=40 um,5.53,9.863670579316905,9.22093630316727,8.494133091168038
PhysiCell,PhysiCell_dx_40um_uptake,40.0,,mean over all voxels,single center voxel nearest the origin,mean over unique voxels nearest the configured cell positions,voxel size=40 um,5.54,9.86366969633335,9.22093071313882,8.49412749877209
PhysiCell,PhysiCell_dx_40um_uptake,40.0,,mean over all voxels,single center voxel nearest the origin,mean over unique voxels nearest the configured cell positions,voxel size=40 um,5.55,9.863668825766279,9.220925201688692,8.49412198501628
PhysiCell,PhysiCell_dx_40um_uptake,40.0,,mean over all voxels,single center voxel nearest the origin,mean over unique voxels nearest the configured cell positions,voxel size=40 um,5.56,9.863667967441092,9.220919767712664,8.494116548794773
PhysiCell,PhysiCell_dx_40um_uptake,40.0,,mean over all voxels,single center voxel nearest the origin,mean over unique voxels nearest the configured cell positions,voxel size=40 um,5.57,9.863667121185642,9.22091441012202,8.494111189017284
PhysiCell,PhysiCell_dx_40um_uptake,40.0,,mean over all voxels,single center voxel nearest the origin,mean over unique voxels nearest the configured cell positions,voxel size=40 um,5.58,9.863666286830208,9.220909127843335,8.494105904608857
PhysiCell,PhysiCell_dx_40um_uptake,40.0,,mean over all voxels,single center voxel nearest the origin,mean over unique voxels nearest the configured cell positions,voxel size=40 um,5.59,9.863665464207452,9.22090391981826,8.49410069450965
PhysiCell,PhysiCell_dx_40um_uptake,40.0,,mean over all voxels,single center voxel nearest the origin,mean over unique voxels nearest the configured cell positions,voxel size=40 um,5.6,9.86366465315239,9.220898785003314,8.494095557674731
PhysiCell,PhysiCell_dx_40um_uptake,40.0,,mean over all voxels,single center voxel nearest the origin,mean over unique voxels nearest the configured cell positions,voxel size=40 um,5.61,9.863663853502356,9.220893722369668,8.494090493073855
PhysiCell,PhysiCell_dx_40um_uptake,40.0,,mean over all voxels,single center voxel nearest the origin,mean over unique voxels nearest the configured cell positions,voxel size=40 um,5.62,9.863663065096972,9.22088873090295,8.494085499691273
PhysiCell,PhysiCell_dx_40um_uptake,40.0,,mean over all voxels,single center voxel nearest the origin,mean over unique voxels nearest the configured cell positions,voxel size=40 um,5.63,9.86366228777812,9.220883809603022,8.49408057652551
PhysiCell,PhysiCell_dx_40um_uptake,40.0,,mean over all voxels,single center voxel nearest the origin,mean over unique voxels nearest the configured cell positions,voxel size=40 um,5.64,9.863661521389895,9.220878957483812,8.49407572258918
PhysiCell,PhysiCell_dx_40um_uptake,40.0,,mean over all voxels,single center voxel nearest the origin,mean over unique voxels nearest the configured cell positions,voxel size=40 um,5.65,9.863660765778597,9.22087417357308,8.49407093690878
PhysiCell,PhysiCell_dx_40um_uptake,40.0,,mean over all voxels,single center voxel nearest the origin,mean over unique voxels nearest the configured cell positions,voxel size=40 um,5.66,9.86366002079268,9.220869456912256,8.494066218524495
PhysiCell,PhysiCell_dx_40um_uptake,40.0,,mean over all voxels,single center voxel nearest the origin,mean over unique voxels nearest the configured cell positions,voxel size=40 um,5.67,9.86365928628273,9.220864806556227,8.494061566490007
PhysiCell,PhysiCell_dx_40um_uptake,40.0,,mean over all voxels,single center voxel nearest the origin,mean over unique voxels nearest the configured cell positions,voxel size=40 um,5.68,9.863658562101433,9.22086022157316,8.494056979872306
PhysiCell,PhysiCell_dx_40um_uptake,40.0,,mean over all voxels,single center voxel nearest the origin,mean over unique voxels nearest the configured cell positions,voxel size=40 um,5.69,9.86365784810355,9.220855701044307,8.494052457751504
PhysiCell,PhysiCell_dx_40um_uptake,40.0,,mean over all voxels,single center voxel nearest the origin,mean over unique voxels nearest the configured cell positions,voxel size=40 um,5.7,9.863657144145881,9.22085124406383,8.494047999220648
PhysiCell,PhysiCell_dx_40um_uptake,40.0,,mean over all voxels,single center voxel nearest the origin,mean over unique voxels nearest the configured cell positions,voxel size=40 um,5.71,9.86365645008724,9.220846849738612,8.494043603385533
PhysiCell,PhysiCell_dx_40um_uptake,40.0,,mean over all voxels,single center voxel nearest the origin,mean over unique voxels nearest the configured cell positions,voxel size=40 um,5.72,9.863655765788428,9.220842517188089,8.494039269364533
PhysiCell,PhysiCell_dx_40um_uptake,40.0,,mean over all voxels,single center voxel nearest the origin,mean over unique voxels nearest the configured cell positions,voxel size=40 um,5.73,9.863655091112205,9.220838245544059,8.494034996288425
PhysiCell,PhysiCell_dx_40um_uptake,40.0,,mean over all voxels,single center voxel nearest the origin,mean over unique voxels nearest the configured cell positions,voxel size=40 um,5.74,9.863654425923253,9.220834033950515,8.494030783300197
PhysiCell,PhysiCell_dx_40um_uptake,40.0,,mean over all voxels,single center voxel nearest the origin,mean over unique voxels nearest the configured cell positions,voxel size=40 um,5.75,9.863653770088167,9.22082988156348,8.494026629554893
PhysiCell,PhysiCell_dx_40um_uptake,40.0,,mean over all voxels,single center voxel nearest the origin,mean over unique voxels nearest the configured cell positions,voxel size=40 um,5.76,9.863653123475412,9.220825787550833,8.494022534219443
PhysiCell,PhysiCell_dx_40um_uptake,40.0,,mean over all voxels,single center voxel nearest the origin,mean over unique voxels nearest the configured cell positions,voxel size=40 um,5.77,9.863652485955308,9.22082175109214,8.494018496472492
PhysiCell,PhysiCell_dx_40um_uptake,40.0,,mean over all voxels,single center voxel nearest the origin,mean over unique voxels nearest the configured cell positions,voxel size=40 um,5.78,9.863651857399985,9.220817771378496,8.494014515504226
PhysiCell,PhysiCell_dx_40um_uptake,40.0,,mean over all voxels,single center voxel nearest the origin,mean over unique voxels nearest the configured cell positions,voxel size=40 um,5.79,9.86365123768339,9.220813847612362,8.494010590516227
PhysiCell,PhysiCell_dx_40um_uptake,40.0,,mean over all voxels,single center voxel nearest the origin,mean over unique voxels nearest the configured cell positions,voxel size=40 um,5.8,9.863650626681226,9.220809979007393,8.494006720721302
PhysiCell,PhysiCell_dx_40um_uptake,40.0,,mean over all voxels,single center voxel nearest the origin,mean over unique voxels nearest the configured cell positions,voxel size=40 um,5.81,9.863650024270957,9.220806164788304,8.494002905343324
PhysiCell,PhysiCell_dx_40um_uptake,40.0,,mean over all voxels,single center voxel nearest the origin,mean over unique voxels nearest the configured cell positions,voxel size=40 um,5.82,9.863649430331758,9.220802404190692,8.493999143617087
PhysiCell,PhysiCell_dx_40um_uptake,40.0,,mean over all voxels,single center voxel nearest the origin,mean over unique voxels nearest the configured cell positions,voxel size=40 um,5.83,9.863648844744514,9.2207986964609,8.493995434788136
PhysiCell,PhysiCell_dx_40um_uptake,40.0,,mean over all voxels,single center voxel nearest the origin,mean over unique voxels nearest the configured cell positions,voxel size=40 um,5.84,9.863648267391778,9.220795040855856,8.493991778112637
PhysiCell,PhysiCell_dx_40um_uptake,40.0,,mean over all voxels,single center voxel nearest the origin,mean over unique voxels nearest the configured cell positions,voxel size=40 um,5.85,9.863647698157758,9.22079143664293,8.493988172857206
PhysiCell,PhysiCell_dx_40um_uptake,40.0,,mean over all voxels,single center voxel nearest the origin,mean over unique voxels nearest the configured cell positions,voxel size=40 um,5.86,9.863647136928286,9.220787883099781,8.493984618298773
PhysiCell,PhysiCell_dx_40um_uptake,40.0,,mean over all voxels,single center voxel nearest the origin,mean over unique voxels nearest the configured cell positions,voxel size=40 um,5.87,9.863646583590807,9.220784379514223,8.493981113724443
PhysiCell,PhysiCell_dx_40um_uptake,40.0,,mean over all voxels,single center voxel nearest the origin,mean over unique voxels nearest the configured cell positions,voxel size=40 um,5.88,9.86364603803434,9.220780925184075,8.493977658431335
PhysiCell,PhysiCell_dx_40um_uptake,40.0,,mean over all voxels,single center voxel nearest the origin,mean over unique voxels nearest the configured cell positions,voxel size=40 um,5.89,9.86364550014947,9.220777519417014,8.493974251726462
PhysiCell,PhysiCell_dx_40um_uptake,40.0,,mean over all voxels,single center voxel nearest the origin,mean over unique voxels nearest the configured cell positions,voxel size=40 um,5.9,9.86364496982832,9.220774161530452,8.493970892926576
PhysiCell,PhysiCell_dx_40um_uptake,40.0,,mean over all voxels,single center voxel nearest the origin,mean over unique voxels nearest the configured cell positions,voxel size=40 um,5.91,9.863644446964527,9.220770850851386,8.493967581358035
PhysiCell,PhysiCell_dx_40um_uptake,40.0,,mean over all voxels,single center voxel nearest the origin,mean over unique voxels nearest the configured cell positions,voxel size=40 um,5.92,9.863643931453229,9.220767586716278,8.493964316356678
PhysiCell,PhysiCell_dx_40um_uptake,40.0,,mean over all voxels,single center voxel nearest the origin,mean over unique voxels nearest the configured cell positions,voxel size=40 um,5.93,9.863643423191032,9.220764368470904,8.493961097267674
PhysiCell,PhysiCell_dx_40um_uptake,40.0,,mean over all voxels,single center voxel nearest the origin,mean over unique voxels nearest the configured cell positions,voxel size=40 um,5.94,9.863642922076002,9.220761195470239,8.493957923445409
PhysiCell,PhysiCell_dx_40um_uptake,40.0,,mean over all voxels,single center voxel nearest the origin,mean over unique voxels nearest the configured cell positions,voxel size=40 um,5.95,9.863642428007635,9.220758067078316,8.493954794253339
PhysiCell,PhysiCell_dx_40um_uptake,40.0,,mean over all voxels,single center voxel nearest the origin,mean over unique voxels nearest the configured cell positions,voxel size=40 um,5.96,9.863641940886845,9.220754982668112,8.493951709063877
PhysiCell,PhysiCell_dx_40um_uptake,40.0,,mean over all voxels,single center voxel nearest the origin,mean over unique voxels nearest the configured cell positions,voxel size=40 um,5.97,9.86364146061593,9.220751941621407,8.49394866725826
PhysiCell,PhysiCell_dx_40um_uptake,40.0,,mean over all voxels,single center voxel nearest the origin,mean over unique voxels nearest the configured cell positions,voxel size=40 um,5.98,9.863640987098565,9.220748943328662,8.493945668226424
PhysiCell,PhysiCell_dx_40um_uptake,40.0,,mean over all voxels,single center voxel nearest the origin,mean over unique voxels nearest the configured cell positions,voxel size=40 um,5.99,9.863640520239791,9.220745987188916,8.493942711366888
PhysiCell,PhysiCell_dx_40um_uptake,40.0,,mean over all voxels,single center voxel nearest the origin,mean over unique voxels nearest the configured cell positions,voxel size=40 um,6.0,9.863640059945965,9.22074307260965,8.493939796086623
PhysiCell,PhysiCell_dx_40um_uptake,40.0,,mean over all voxels,single center voxel nearest the origin,mean over unique voxels nearest the configured cell positions,voxel size=40 um,6.01,9.863639606124776,9.220740199006666,8.493936921800943
PhysiCell,PhysiCell_dx_40um_uptake,40.0,,mean over all voxels,single center voxel nearest the origin,mean over unique voxels nearest the configured cell positions,voxel size=40 um,6.02,9.86363915868521,9.220737365803977,8.493934087933383
PhysiCell,PhysiCell_dx_40um_uptake,40.0,,mean over all voxels,single center voxel nearest the origin,mean over unique voxels nearest the configured cell positions,voxel size=40 um,6.03,9.863638717537523,9.220734572433686,8.493931293915585
PhysiCell,PhysiCell_dx_40um_uptake,40.0,,mean over all voxels,single center voxel nearest the origin,mean over unique voxels nearest the configured cell positions,voxel size=40 um,6.04,9.863638282593238,9.220731818335885,8.49392853918718
PhysiCell,PhysiCell_dx_40um_uptake,40.0,,mean over all voxels,single center voxel nearest the origin,mean over unique voxels nearest the configured cell positions,voxel size=40 um,6.05,9.863637853765125,9.22072910295853,8.493925823195688
PhysiCell,PhysiCell_dx_40um_uptake,40.0,,mean over all voxels,single center voxel nearest the origin,mean over unique voxels nearest the configured cell positions,voxel size=40 um,6.06,9.863637430967184,9.220726425757327,8.493923145396387
PhysiCell,PhysiCell_dx_40um_uptake,40.0,,mean over all voxels,single center voxel nearest the origin,mean over unique voxels nearest the configured cell positions,voxel size=40 um,6.07,9.863637014114609,9.220723786195641,8.49392050525222
PhysiCell,PhysiCell_dx_40um_uptake,40.0,,mean over all voxels,single center voxel nearest the origin,mean over unique voxels nearest the configured cell positions,voxel size=40 um,6.08,9.863636603123807,9.220721183744377,8.493917902233683
PhysiCell,PhysiCell_dx_40um_uptake,40.0,,mean over all voxels,single center voxel nearest the origin,mean over unique voxels nearest the configured cell positions,voxel size=40 um,6.09,9.863636197912339,9.220718617881872,8.493915335818713
PhysiCell,PhysiCell_dx_40um_uptake,40.0,,mean over all voxels,single center voxel nearest the origin,mean over unique voxels nearest the configured cell positions,voxel size=40 um,6.1,9.863635798398942,9.220716088093788,8.493912805492593
PhysiCell,PhysiCell_dx_40um_uptake,40.0,,mean over all voxels,single center voxel nearest the origin,mean over unique voxels nearest the configured cell positions,voxel size=40 um,6.11,9.863635404503489,9.220713593873025,8.493910310747847
PhysiCell,PhysiCell_dx_40um_uptake,40.0,,mean over all voxels,single center voxel nearest the origin,mean over unique voxels nearest the configured cell positions,voxel size=40 um,6.12,9.863635016146983,9.220711134719608,8.493907851084122
PhysiCell,PhysiCell_dx_40um_uptake,40.0,,mean over all voxels,single center voxel nearest the origin,mean over unique voxels nearest the configured cell positions,voxel size=40 um,6.13,9.863634633251536,9.220708710140581,8.493905426008116
PhysiCell,PhysiCell_dx_40um_uptake,40.0,,mean over all voxels,single center voxel nearest the origin,mean over unique voxels nearest the configured cell positions,voxel size=40 um,6.14,9.86363425574035,9.220706319649924,8.493903035033457
PhysiCell,PhysiCell_dx_40um_uptake,40.0,,mean over all voxels,single center voxel nearest the origin,mean over unique voxels nearest the configured cell positions,voxel size=40 um,6.15,9.863633883537714,9.22070396276844,8.493900677680607
PhysiCell,PhysiCell_dx_40um_uptake,40.0,,mean over all voxels,single center voxel nearest the origin,mean over unique voxels nearest the configured cell positions,voxel size=40 um,6.16,9.863633516568978,9.220701639023671,8.493898353476784
PhysiCell,PhysiCell_dx_40um_uptake,40.0,,mean over all voxels,single center voxel nearest the origin,mean over unique voxels nearest the configured cell positions,voxel size=40 um,6.17,9.863633154760544,9.220699347949804,8.493896061955846
PhysiCell,PhysiCell_dx_40um_uptake,40.0,,mean over all voxels,single center voxel nearest the origin,mean over unique voxels nearest the configured cell positions,voxel size=40 um,6.18,9.863632798039852,9.220697089087562,8.493893802658208
PhysiCell,PhysiCell_dx_40um_uptake,40.0,,mean over all voxels,single center voxel nearest the origin,mean over unique voxels nearest the configured cell positions,voxel size=40 um,6.19,9.863632446335354,9.220694861984123,8.493891575130743
PhysiCell,PhysiCell_dx_40um_uptake,40.0,,mean over all voxels,single center voxel nearest the origin,mean over unique voxels nearest the configured cell positions,voxel size=40 um,6.2,9.863632099576511,9.220692666193038,8.493889378926701
PhysiCell,PhysiCell_dx_40um_uptake,40.0,,mean over all voxels,single center voxel nearest the origin,mean over unique voxels nearest the configured cell positions,voxel size=40 um,6.21,9.863631757693781,9.220690501274124,8.493887213605614
PhysiCell,PhysiCell_dx_40um_uptake,40.0,,mean over all voxels,single center voxel nearest the origin,mean over unique voxels nearest the configured cell positions,voxel size=40 um,6.22,9.863631420618596,9.220688366793388,8.493885078733205
PhysiCell,PhysiCell_dx_40um_uptake,40.0,,mean over all voxels,single center voxel nearest the origin,mean over unique voxels nearest the configured cell positions,voxel size=40 um,6.23,9.86363108828335,9.220686262322936,8.49388297388131
PhysiCell,PhysiCell_dx_40um_uptake,40.0,,mean over all voxels,single center voxel nearest the origin,mean over unique voxels nearest the configured cell positions,voxel size=40 um,6.24,9.86363076062139,9.220684187440886,8.493880898627777
PhysiCell,PhysiCell_dx_40um_uptake,40.0,,mean over all voxels,single center voxel nearest the origin,mean over unique voxels nearest the configured cell positions,voxel size=40 um,6.25,9.863630437567007,9.22068214173129,8.493878852556396
PhysiCell,PhysiCell_dx_40um_uptake,40.0,,mean over all voxels,single center voxel nearest the origin,mean over unique voxels nearest the configured cell positions,voxel size=40 um,6.26,9.863630119055399,9.220680124784039,8.493876835256806
PhysiCell,PhysiCell_dx_40um_uptake,40.0,,mean over all voxels,single center voxel nearest the origin,mean over unique voxels nearest the configured cell positions,voxel size=40 um,6.27,9.863629805022695,9.220678136194795,8.493874846324424
PhysiCell,PhysiCell_dx_40um_uptake,40.0,,mean over all voxels,single center voxel nearest the origin,mean over unique voxels nearest the configured cell positions,voxel size=40 um,6.28,9.863629495405908,9.220676175564899,8.493872885360346
PhysiCell,PhysiCell_dx_40um_uptake,40.0,,mean over all voxels,single center voxel nearest the origin,mean over unique voxels nearest the configured cell positions,voxel size=40 um,6.29,9.863629190142941,9.220674242501289,8.493870951971285
PhysiCell,PhysiCell_dx_40um_uptake,40.0,,mean over all voxels,single center voxel nearest the origin,mean over unique voxels nearest the configured cell positions,voxel size=40 um,6.3,9.86362888917257,9.22067233661644,8.493869045769484
PhysiCell,PhysiCell_dx_40um_uptake,40.0,,mean over all voxels,single center voxel nearest the origin,mean over unique voxels nearest the configured cell positions,voxel size=40 um,6.31,9.863628592434438,9.220670457528268,8.493867166372633
PhysiCell,PhysiCell_dx_40um_uptake,40.0,,mean over all voxels,single center voxel nearest the origin,mean over unique voxels nearest the configured cell positions,voxel size=40 um,6.32,9.863628299869028,9.220668604860055,8.493865313403802
PhysiCell,PhysiCell_dx_40um_uptake,40.0,,mean over all voxels,single center voxel nearest the origin,mean over unique voxels nearest the configured cell positions,voxel size=40 um,6.33,9.863628011417664,9.220666778240384,8.493863486491362
PhysiCell,PhysiCell_dx_40um_uptake,40.0,,mean over all voxels,single center voxel nearest the origin,mean over unique voxels nearest the configured cell positions,voxel size=40 um,6.34,9.86362772702249,9.220664977303052,8.493861685268909
PhysiCell,PhysiCell_dx_40um_uptake,40.0,,mean over all voxels,single center voxel nearest the origin,mean over unique voxels nearest the configured cell positions,voxel size=40 um,6.35,9.863627446626474,9.220663201687012,8.493859909375189
PhysiCell,PhysiCell_dx_40um_uptake,40.0,,mean over all voxels,single center voxel nearest the origin,mean over unique voxels nearest the configured cell positions,voxel size=40 um,6.36,9.863627170173379,9.220661451036284,8.493858158454033
PhysiCell,PhysiCell_dx_40um_uptake,40.0,,mean over all voxels,single center voxel nearest the origin,mean over unique voxels nearest the configured cell positions,voxel size=40 um,6.37,9.863626897607755,9.220659724999893,8.493856432154274
PhysiCell,PhysiCell_dx_40um_uptake,40.0,,mean over all voxels,single center voxel nearest the origin,mean over unique voxels nearest the configured cell positions,voxel size=40 um,6.38,9.863626628874945,9.220658023231803,8.49385473012969
PhysiCell,PhysiCell_dx_40um_uptake,40.0,,mean over all voxels,single center voxel nearest the origin,mean over unique voxels nearest the configured cell positions,voxel size=40 um,6.39,9.863626363921044,9.22065634539083,8.493853052038926
PhysiCell,PhysiCell_dx_40um_uptake,40.0,,mean over all voxels,single center voxel nearest the origin,mean over unique voxels nearest the configured cell positions,voxel size=40 um,6.4,9.863626102692917,9.220654691140593,8.49385139754542
PhysiCell,PhysiCell_dx_40um_uptake,40.0,,mean over all voxels,single center voxel nearest the origin,mean over unique voxels nearest the configured cell positions,voxel size=40 um,6.41,9.863625845138172,9.220653060149441,8.493849766317354
PhysiCell,PhysiCell_dx_40um_uptake,40.0,,mean over all voxels,single center voxel nearest the origin,mean over unique voxels nearest the configured cell positions,voxel size=40 um,6.42,9.863625591205153,9.220651452090381,8.493848158027562
PhysiCell,PhysiCell_dx_40um_uptake,40.0,,mean over all voxels,single center voxel nearest the origin,mean over unique voxels nearest the configured cell positions,voxel size=40 um,6.43,9.863625340842933,9.22064986664102,8.493846572353494
PhysiCell,PhysiCell_dx_40um_uptake,40.0,,mean over all voxels,single center voxel nearest the origin,mean over unique voxels nearest the configured cell positions,voxel size=40 um,6.44,9.863625094001296,9.220648303483491,8.493845008977123
PhysiCell,PhysiCell_dx_40um_uptake,40.0,,mean over all voxels,single center voxel nearest the origin,mean over unique voxels nearest the configured cell positions,voxel size=40 um,6.45,9.863624850630739,9.220646762304398,8.493843467584902
PhysiCell,PhysiCell_dx_40um_uptake,40.0,,mean over all voxels,single center voxel nearest the origin,mean over unique voxels nearest the configured cell positions,voxel size=40 um,6.46,9.863624610682454,9.220645242794749,8.493841947867693
PhysiCell,PhysiCell_dx_40um_uptake,40.0,,mean over all voxels,single center voxel nearest the origin,mean over unique voxels nearest the configured cell positions,voxel size=40 um,6.47,9.863624374108312,9.220643744649895,8.493840449520698
PhysiCell,PhysiCell_dx_40um_uptake,40.0,,mean over all voxels,single center voxel nearest the origin,mean over unique voxels nearest the configured cell positions,voxel size=40 um,6.48,9.863624140860866,9.220642267569474,8.493838972243413
PhysiCell,PhysiCell_dx_40um_uptake,40.0,,mean over all voxels,single center voxel nearest the origin,mean over unique voxels nearest the configured cell positions,voxel size=40 um,6.49,9.863623910893342,9.220640811257338,8.493837515739553
PhysiCell,PhysiCell_dx_40um_uptake,40.0,,mean over all voxels,single center voxel nearest the origin,mean over unique voxels nearest the configured cell positions,voxel size=40 um,6.5,9.863623684159611,9.220639375421507,8.493836079717006
PhysiCell,PhysiCell_dx_40um_uptake,40.0,,mean over all voxels,single center voxel nearest the origin,mean over unique voxels nearest the configured cell positions,voxel size=40 um,6.51,9.863623460614203,9.220637959774107,8.493834663887766
PhysiCell,PhysiCell_dx_40um_uptake,40.0,,mean over all voxels,single center voxel nearest the origin,mean over unique voxels nearest the configured cell positions,voxel size=40 um,6.52,9.863623240212284,9.220636564031306,8.49383326796787
PhysiCell,PhysiCell_dx_40um_uptake,40.0,,mean over all voxels,single center voxel nearest the origin,mean over unique voxels nearest the configured cell positions,voxel size=40 um,6.53,9.86362302290965,9.220635187913262,8.493831891677356
PhysiCell,PhysiCell_dx_40um_uptake,40.0,,mean over all voxels,single center voxel nearest the origin,mean over unique voxels nearest the configured cell positions,voxel size=40 um,6.54,9.86362280866272,9.220633831144069,8.493830534740198
PhysiCell,PhysiCell_dx_40um_uptake,40.0,,mean over all voxels,single center voxel nearest the origin,mean over unique voxels nearest the configured cell positions,voxel size=40 um,6.55,9.86362259742852,9.220632493451696,8.493829196884247
PhysiCell,PhysiCell_dx_40um_uptake,40.0,,mean over all voxels,single center voxel nearest the origin,mean over unique voxels nearest the configured cell positions,voxel size=40 um,6.56,9.86362238916469,9.220631174567941,8.493827877841182
PhysiCell,PhysiCell_dx_40um_uptake,40.0,,mean over all voxels,single center voxel nearest the origin,mean over unique voxels nearest the configured cell positions,voxel size=40 um,6.57,9.86362218382946,9.220629874228369,8.493826577346464
PhysiCell,PhysiCell_dx_40um_uptake,40.0,,mean over all voxels,single center voxel nearest the origin,mean over unique voxels nearest the configured cell positions,voxel size=40 um,6.58,9.863621981381648,9.220628592172263,8.493825295139262
PhysiCell,PhysiCell_dx_40um_uptake,40.0,,mean over all voxels,single center voxel nearest the origin,mean over unique voxels nearest the configured cell positions,voxel size=40 um,6.59,9.86362178178065,9.220627328142568,8.493824030962413
PhysiCell,PhysiCell_dx_40um_uptake,40.0,,mean over all voxels,single center voxel nearest the origin,mean over unique voxels nearest the configured cell positions,voxel size=40 um,6.6,9.863621584986435,9.220626081885847,8.493822784562385
PhysiCell,PhysiCell_dx_40um_uptake,40.0,,mean over all voxels,single center voxel nearest the origin,mean over unique voxels nearest the configured cell positions,voxel size=40 um,6.61,9.863621390959532,9.220624853152223,8.493821555689193
PhysiCell,PhysiCell_dx_40um_uptake,40.0,,mean over all voxels,single center voxel nearest the origin,mean over unique voxels nearest the configured cell positions,voxel size=40 um,6.62,9.863621199661033,9.220623641695331,8.493820344096376
PhysiCell,PhysiCell_dx_40um_uptake,40.0,,mean over all voxels,single center voxel nearest the origin,mean over unique voxels nearest the configured cell positions,voxel size=40 um,6.63,9.863621011052565,9.22062244727227,8.49381914954094
PhysiCell,PhysiCell_dx_40um_uptake,40.0,,mean over all voxels,single center voxel nearest the origin,mean over unique voxels nearest the configured cell positions,voxel size=40 um,6.64,9.863620825096302,9.220621269643551,8.493817971783304
PhysiCell,PhysiCell_dx_40um_uptake,40.0,,mean over all voxels,single center voxel nearest the origin,mean over unique voxels nearest the configured cell positions,voxel size=40 um,6.65,9.863620641754952,9.22062010857306,8.49381681058726
PhysiCell,PhysiCell_dx_40um_uptake,40.0,,mean over all voxels,single center voxel nearest the origin,mean over unique voxels nearest the configured cell positions,voxel size=40 um,6.66,9.863620460991742,9.220618963827993,8.49381566571992
PhysiCell,PhysiCell_dx_40um_uptake,40.0,,mean over all voxels,single center voxel nearest the origin,mean over unique voxels nearest the configured cell positions,voxel size=40 um,6.67,9.86362028277042,9.220617835178821,8.493814536951668
PhysiCell,PhysiCell_dx_40um_uptake,40.0,,mean over all voxels,single center voxel nearest the origin,mean over unique voxels nearest the configured cell positions,voxel size=40 um,6.68,9.863620107055237,9.220616722399244,8.493813424056118
PhysiCell,PhysiCell_dx_40um_uptake,40.0,,mean over all voxels,single center voxel nearest the origin,mean over unique voxels nearest the configured cell positions,voxel size=40 um,6.69,9.863619933810956,9.220615625266142,8.49381232681007
PhysiCell,PhysiCell_dx_40um_uptake,40.0,,mean over all voxels,single center voxel nearest the origin,mean over unique voxels nearest the configured cell positions,voxel size=40 um,6.7,9.863619763002832,9.22061454355953,8.493811244993465
PhysiCell,PhysiCell_dx_40um_uptake,40.0,,mean over all voxels,single center voxel nearest the origin,mean over unique voxels nearest the configured cell positions,voxel size=40 um,6.71,9.863619594596607,9.220613477062514,8.493810178389326
PhysiCell,PhysiCell_dx_40um_uptake,40.0,,mean over all voxels,single center voxel nearest the origin,mean over unique voxels nearest the configured cell positions,voxel size=40 um,6.72,9.863619428558504,9.220612425561258,8.493809126783745
PhysiCell,PhysiCell_dx_40um_uptake,40.0,,mean over all voxels,single center voxel nearest the origin,mean over unique voxels nearest the configured cell positions,voxel size=40 um,6.73,9.863619264855224,9.220611388844922,8.493808089965805
PhysiCell,PhysiCell_dx_40um_uptake,40.0,,mean over all voxels,single center voxel nearest the origin,mean over unique voxels nearest the configured cell positions,voxel size=40 um,6.74,9.863619103453933,9.220610366705634,8.49380706772757
PhysiCell,PhysiCell_dx_40um_uptake,40.0,,mean over all voxels,single center voxel nearest the origin,mean over unique voxels nearest the configured cell positions,voxel size=40 um,6.75,9.863618944322262,9.220609358938443,8.493806059864015
PhysiCell,PhysiCell_dx_40um_uptake,40.0,,mean over all voxels,single center voxel nearest the origin,mean over unique voxels nearest the configured cell positions,voxel size=40 um,6.76,9.863618787428296,9.220608365341283,8.493805066173007
PhysiCell,PhysiCell_dx_40um_uptake,40.0,,mean over all voxels,single center voxel nearest the origin,mean over unique voxels nearest the configured cell positions,voxel size=40 um,6.77,9.863618632740566,9.220607385714926,8.49380408645525
PhysiCell,PhysiCell_dx_40um_uptake,40.0,,mean over all voxels,single center voxel nearest the origin,mean over unique voxels nearest the configured cell positions,voxel size=40 um,6.78,9.863618480228055,9.22060641986294,8.493803120514253
PhysiCell,PhysiCell_dx_40um_uptake,40.0,,mean over all voxels,single center voxel nearest the origin,mean over unique voxels nearest the configured cell positions,voxel size=40 um,6.79,9.863618329860167,9.220605467591662,8.49380216815629
PhysiCell,PhysiCell_dx_40um_uptake,40.0,,mean over all voxels,single center voxel nearest the origin,mean over unique voxels nearest the configured cell positions,voxel size=40 um,6.8,9.863618181606748,9.220604528710147,8.493801229190352
PhysiCell,PhysiCell_dx_40um_uptake,40.0,,mean over all voxels,single center voxel nearest the origin,mean over unique voxels nearest the configured cell positions,voxel size=40 um,6.81,9.863618035438062,9.220603603030138,8.493800303428124
PhysiCell,PhysiCell_dx_40um_uptake,40.0,,mean over all voxels,single center voxel nearest the origin,mean over unique voxels nearest the configured cell positions,voxel size=40 um,6.82,9.863617891324798,9.220602690366023,8.493799390683936
PhysiCell,PhysiCell_dx_40um_uptake,40.0,,mean over all voxels,single center voxel nearest the origin,mean over unique voxels nearest the configured cell positions,voxel size=40 um,6.83,9.863617749238049,9.220601790534795,8.493798490774726
PhysiCell,PhysiCell_dx_40um_uptake,40.0,,mean over all voxels,single center voxel nearest the origin,mean over unique voxels nearest the configured cell positions,voxel size=40 um,6.84,9.86361760914932,9.220600903356027,8.493797603520012
PhysiCell,PhysiCell_dx_40um_uptake,40.0,,mean over all voxels,single center voxel nearest the origin,mean over unique voxels nearest the configured cell positions,voxel size=40 um,6.85,9.863617471030514,9.220600028651825,8.493796728741847
PhysiCell,PhysiCell_dx_40um_uptake,40.0,,mean over all voxels,single center voxel nearest the origin,mean over unique voxels nearest the configured cell positions,voxel size=40 um,6.86,9.863617334853929,9.22059916624679,8.493795866264783
PhysiCell,PhysiCell_dx_40um_uptake,40.0,,mean over all voxels,single center voxel nearest the origin,mean over unique voxels nearest the configured cell positions,voxel size=40 um,6.87,9.863617200592257,9.220598315968003,8.493795015915845
PhysiCell,PhysiCell_dx_40um_uptake,40.0,,mean over all voxels,single center voxel nearest the origin,mean over unique voxels nearest the configured cell positions,voxel size=40 um,6.88,9.863617068218565,9.220597477644963,8.493794177524487
PhysiCell,PhysiCell_dx_40um_uptake,40.0,,mean over all voxels,single center voxel nearest the origin,mean over unique voxels nearest the configured cell positions,voxel size=40 um,6.89,9.86361693770631,9.220596651109572,8.493793350922562
PhysiCell,PhysiCell_dx_40um_uptake,40.0,,mean over all voxels,single center voxel nearest the origin,mean over unique voxels nearest the configured cell positions,voxel size=40 um,6.9,9.863616809029313,9.220595836196095,8.493792535944289
PhysiCell,PhysiCell_dx_40um_uptake,40.0,,mean over all voxels,single center voxel nearest the origin,mean over unique voxels nearest the configured cell positions,voxel size=40 um,6.91,9.86361668216177,9.220595032741125,8.493791732426214
PhysiCell,PhysiCell_dx_40um_uptake,40.0,,mean over all voxels,single center voxel nearest the origin,mean over unique voxels nearest the configured cell positions,voxel size=40 um,6.92,9.863616557078231,9.220594240583553,8.493790940207184
PhysiCell,PhysiCell_dx_40um_uptake,40.0,,mean over all voxels,single center voxel nearest the origin,mean over unique voxels nearest the configured cell positions,voxel size=40 um,6.93,9.863616433753617,9.220593459564535,8.493790159128315
PhysiCell,PhysiCell_dx_40um_uptake,40.0,,mean over all voxels,single center voxel nearest the origin,mean over unique voxels nearest the configured cell positions,voxel size=40 um,6.94,9.863616312163186,9.220592689527459,8.49378938903295
PhysiCell,PhysiCell_dx_40um_uptake,40.0,,mean over all voxels,single center voxel nearest the origin,mean over unique voxels nearest the configured cell positions,voxel size=40 um,6.95,9.863616192282555,9.22059193031792,8.493788629766641
PhysiCell,PhysiCell_dx_40um_uptake,40.0,,mean over all voxels,single center voxel nearest the origin,mean over unique voxels nearest the configured cell positions,voxel size=40 um,6.96,9.863616074087686,9.220591181783675,8.493787881177111
PhysiCell,PhysiCell_dx_40um_uptake,40.0,,mean over all voxels,single center voxel nearest the origin,mean over unique voxels nearest the configured cell positions,voxel size=40 um,6.97,9.863615957554867,9.220590443774627,8.493787143114226
PhysiCell,PhysiCell_dx_40um_uptake,40.0,,mean over all voxels,single center voxel nearest the origin,mean over unique voxels nearest the configured cell positions,voxel size=40 um,6.98,9.86361584266073,9.220589716142793,8.493786415429955
PhysiCell,PhysiCell_dx_40um_uptake,40.0,,mean over all voxels,single center voxel nearest the origin,mean over unique voxels nearest the configured cell positions,voxel size=40 um,6.99,9.86361572938223,9.220588998742265,8.49378569797836
PhysiCell,PhysiCell_dx_40um_uptake,40.0,,mean over all voxels,single center voxel nearest the origin,mean over unique voxels nearest the configured cell positions,voxel size=40 um,7.0,9.863615617696649,9.220588291429182,8.493784990615545
PhysiCell,PhysiCell_dx_40um_uptake,40.0,,mean over all voxels,single center voxel nearest the origin,mean over unique voxels nearest the configured cell positions,voxel size=40 um,7.01,9.863615507581585,9.220587594061715,8.493784293199646
PhysiCell,PhysiCell_dx_40um_uptake,40.0,,mean over all voxels,single center voxel nearest the origin,mean over unique voxels nearest the configured cell positions,voxel size=40 um,7.02,9.863615399014957,9.220586906500026,8.493783605590785
PhysiCell,PhysiCell_dx_40um_uptake,40.0,,mean over all voxels,single center voxel nearest the origin,mean over unique voxels nearest the configured cell positions,voxel size=40 um,7.03,9.86361529197499,9.220586228606237,8.49378292765106
PhysiCell,PhysiCell_dx_40um_uptake,40.0,,mean over all voxels,single center voxel nearest the origin,mean over unique voxels nearest the configured cell positions,voxel size=40 um,7.04,9.863615186440216,9.220585560244416,8.4937822592445
PhysiCell,PhysiCell_dx_40um_uptake,40.0,,mean over all voxels,single center voxel nearest the origin,mean over unique voxels nearest the configured cell positions,voxel size=40 um,7.05,9.863615082389467,9.22058490128054,8.493781600237051
PhysiCell,PhysiCell_dx_40um_uptake,40.0,,mean over all voxels,single center voxel nearest the origin,mean over unique voxels nearest the configured cell positions,voxel size=40 um,7.06,9.863614979801879,9.220584251582471,8.493780950496546
PhysiCell,PhysiCell_dx_40um_uptake,40.0,,mean over all voxels,single center voxel nearest the origin,mean over unique voxels nearest the configured cell positions,voxel size=40 um,7.07,9.863614878656874,9.220583611019919,8.493780309892669
PhysiCell,PhysiCell_dx_40um_uptake,40.0,,mean over all voxels,single center voxel nearest the origin,mean over unique voxels nearest the configured cell positions,voxel size=40 um,7.08,9.863614778934162,9.220582979464442,8.493779678296946
PhysiCell,PhysiCell_dx_40um_uptake,40.0,,mean over all voxels,single center voxel nearest the origin,mean over unique voxels nearest the configured cell positions,voxel size=40 um,7.09,9.863614680613754,9.220582356789395,8.493779055582701
PhysiCell,PhysiCell_dx_40um_uptake,40.0,,mean over all voxels,single center voxel nearest the origin,mean over unique voxels nearest the configured cell positions,voxel size=40 um,7.1,9.863614583675922,9.220581742869907,8.493778441625045
PhysiCell,PhysiCell_dx_40um_uptake,40.0,,mean over all voxels,single center voxel nearest the origin,mean over unique voxels nearest the configured cell positions,voxel size=40 um,7.11,9.863614488101225,9.220581137582878,8.49377783630084
PhysiCell,PhysiCell_dx_40um_uptake,40.0,,mean over all voxels,single center voxel nearest the origin,mean over unique voxels nearest the configured cell positions,voxel size=40 um,7.12,9.863614393870497,9.22058054080693,8.493777239488688
PhysiCell,PhysiCell_dx_40um_uptake,40.0,,mean over all voxels,single center voxel nearest the origin,mean over unique voxels nearest the configured cell positions,voxel size=40 um,7.13,9.863614300964837,9.220579952422385,8.493776651068886
PhysiCell,PhysiCell_dx_40um_uptake,40.0,,mean over all voxels,single center voxel nearest the origin,mean over unique voxels nearest the configured cell positions,voxel size=40 um,7.14,9.863614209365617,9.220579372311263,8.493776070923426
PhysiCell,PhysiCell_dx_40um_uptake,40.0,,mean over all voxels,single center voxel nearest the origin,mean over unique voxels nearest the configured cell positions,voxel size=40 um,7.15,9.86361411905446,9.220578800357233,8.493775498935953
PhysiCell,PhysiCell_dx_40um_uptake,40.0,,mean over all voxels,single center voxel nearest the origin,mean over unique voxels nearest the configured cell positions,voxel size=40 um,7.16,9.863614030013258,9.220578236445599,8.49377493499175
PhysiCell,PhysiCell_dx_40um_uptake,40.0,,mean over all voxels,single center voxel nearest the origin,mean over unique voxels nearest the configured cell positions,voxel size=40 um,7.17,9.863613942224148,9.220577680463279,8.493774378977713
PhysiCell,PhysiCell_dx_40um_uptake,40.0,,mean over all voxels,single center voxel nearest the origin,mean over unique voxels nearest the configured cell positions,voxel size=40 um,7.18,9.863613855669527,9.220577132298784,8.493773830782327
PhysiCell,PhysiCell_dx_40um_uptake,40.0,,mean over all voxels,single center voxel nearest the origin,mean over unique voxels nearest the configured cell positions,voxel size=40 um,7.19,9.863613770332034,9.22057659184219,8.493773290295652
PhysiCell,PhysiCell_dx_40um_uptake,40.0,,mean over all voxels,single center voxel nearest the origin,mean over unique voxels nearest the configured cell positions,voxel size=40 um,7.2,9.863613686194554,9.220576058985115,8.49377275740928
PhysiCell,PhysiCell_dx_40um_uptake,40.0,,mean over all voxels,single center voxel nearest the origin,mean over unique voxels nearest the configured cell positions,voxel size=40 um,7.21,9.863613603240212,9.220575533620705,8.493772232016338
PhysiCell,PhysiCell_dx_40um_uptake,40.0,,mean over all voxels,single center voxel nearest the origin,mean over unique voxels nearest the configured cell positions,voxel size=40 um,7.22,9.863613521452374,9.22057501564361,8.493771714011455
PhysiCell,PhysiCell_dx_40um_uptake,40.0,,mean over all voxels,single center voxel nearest the origin,mean over unique voxels nearest the configured cell positions,voxel size=40 um,7.23,9.86361344081463,9.220574504949958,8.493771203290741
PhysiCell,PhysiCell_dx_40um_uptake,40.0,,mean over all voxels,single center voxel nearest the origin,mean over unique voxels nearest the configured cell positions,voxel size=40 um,7.24,9.863613361310813,9.22057400143734,8.493770699751765
PhysiCell,PhysiCell_dx_40um_uptake,40.0,,mean over all voxels,single center voxel nearest the origin,mean over unique voxels nearest the configured cell positions,voxel size=40 um,7.25,9.863613282924979,9.220573505004783,8.49377020329354
PhysiCell,PhysiCell_dx_40um_uptake,40.0,,mean over all voxels,single center voxel nearest the origin,mean over unique voxels nearest the configured cell positions,voxel size=40 um,7.26,9.863613205641402,9.220573015552732,8.493769713816494
PhysiCell,PhysiCell_dx_40um_uptake,40.0,,mean over all voxels,single center voxel nearest the origin,mean over unique voxels nearest the configured cell positions,voxel size=40 um,7.27,9.863613129444582,9.22057253298304,8.493769231222457
PhysiCell,PhysiCell_dx_40um_uptake,40.0,,mean over all voxels,single center voxel nearest the origin,mean over unique voxels nearest the configured cell positions,voxel size=40 um,7.28,9.863613054319242,9.220572057198936,8.493768755414644
PhysiCell,PhysiCell_dx_40um_uptake,40.0,,mean over all voxels,single center voxel nearest the origin,mean over unique voxels nearest the configured cell positions,voxel size=40 um,7.29,9.863612980250311,9.220571588105004,8.493768286297625
PhysiCell,PhysiCell_dx_40um_uptake,40.0,,mean over all voxels,single center voxel nearest the origin,mean over unique voxels nearest the configured cell positions,voxel size=40 um,7.3,9.863612907222935,9.220571125607178,8.493767823777313
PhysiCell,PhysiCell_dx_40um_uptake,40.0,,mean over all voxels,single center voxel nearest the origin,mean over unique voxels nearest the configured cell positions,voxel size=40 um,7.31,9.863612835222469,9.220570669612714,8.493767367760947
PhysiCell,PhysiCell_dx_40um_uptake,40.0,,mean over all voxels,single center voxel nearest the origin,mean over unique voxels nearest the configured cell positions,voxel size=40 um,7.32,9.86361276423447,9.220570220030165,8.49376691815707
PhysiCell,PhysiCell_dx_40um_uptake,40.0,,mean over all voxels,single center voxel nearest the origin,mean over unique voxels nearest the configured cell positions,voxel size=40 um,7.33,9.8636126942447,9.220569776769374,8.493766474875509
PhysiCell,PhysiCell_dx_40um_uptake,40.0,,mean over all voxels,single center voxel nearest the origin,mean over unique voxels nearest the configured cell positions,voxel size=40 um,7.34,9.863612625239128,9.22056933974145,8.493766037827356
PhysiCell,PhysiCell_dx_40um_uptake,40.0,,mean over all voxels,single center voxel nearest the origin,mean over unique voxels nearest the configured cell positions,voxel size=40 um,7.35,9.863612557203906,9.220568908858757,8.493765606924965
PhysiCell,PhysiCell_dx_40um_uptake,40.0,,mean over all voxels,single center voxel nearest the origin,mean over unique voxels nearest the configured cell positions,voxel size=40 um,7.36,9.863612490125396,9.220568484034889,8.493765182081908
PhysiCell,PhysiCell_dx_40um_uptake,40.0,,mean over all voxels,single center voxel nearest the origin,mean over unique voxels nearest the configured cell positions,voxel size=40 um,7.37,9.863612423990142,9.220568065184645,8.49376476321298
PhysiCell,PhysiCell_dx_40um_uptake,40.0,,mean over all voxels,single center voxel nearest the origin,mean over unique voxels nearest the configured cell positions,voxel size=40 um,7.38,9.86361235878488,9.220567652224037,8.493764350234175
PhysiCell,PhysiCell_dx_40um_uptake,40.0,,mean over all voxels,single center voxel nearest the origin,mean over unique voxels nearest the configured cell positions,voxel size=40 um,7.39,9.863612294496532,9.22056724507025,8.493763943062666
PhysiCell,PhysiCell_dx_40um_uptake,40.0,,mean over all voxels,single center voxel nearest the origin,mean over unique voxels nearest the configured cell positions,voxel size=40 um,7.4,9.863612231112203,9.22056684364163,8.493763541616786
PhysiCell,PhysiCell_dx_40um_uptake,40.0,,mean over all voxels,single center voxel nearest the origin,mean over unique voxels nearest the configured cell positions,voxel size=40 um,7.41,9.863612168619184,9.220566447857678,8.493763145816027
PhysiCell,PhysiCell_dx_40um_uptake,40.0,,mean over all voxels,single center voxel nearest the origin,mean over unique voxels nearest the configured cell positions,voxel size=40 um,7.42,9.863612107004938,9.220566057639026,8.493762755581004
PhysiCell,PhysiCell_dx_40um_uptake,40.0,,mean over all voxels,single center voxel nearest the origin,mean over unique voxels nearest the configured cell positions,voxel size=40 um,7.43,9.863612046257112,9.220565672907421,8.493762370833455
PhysiCell,PhysiCell_dx_40um_uptake,40.0,,mean over all voxels,single center voxel nearest the origin,mean over unique voxels nearest the configured cell positions,voxel size=40 um,7.44,9.863611986363518,9.220565293585704,8.493761991496212
PhysiCell,PhysiCell_dx_40um_uptake,40.0,,mean over all voxels,single center voxel nearest the origin,mean over unique voxels nearest the configured cell positions,voxel size=40 um,7.45,9.863611927312146,9.220564919597813,8.4937616174932
PhysiCell,PhysiCell_dx_40um_uptake,40.0,,mean over all voxels,single center voxel nearest the origin,mean over unique voxels nearest the configured cell positions,voxel size=40 um,7.46,9.863611869091155,9.220564550868742,8.493761248749408
PhysiCell,PhysiCell_dx_40um_uptake,40.0,,mean over all voxels,single center voxel nearest the origin,mean over unique voxels nearest the configured cell positions,voxel size=40 um,7.47,9.863611811688864,9.220564187324552,8.493760885190877
PhysiCell,PhysiCell_dx_40um_uptake,40.0,,mean over all voxels,single center voxel nearest the origin,mean over unique voxels nearest the configured cell positions,voxel size=40 um,7.48,9.863611755093762,9.220563828892336,8.493760526744694
PhysiCell,PhysiCell_dx_40um_uptake,40.0,,mean over all voxels,single center voxel nearest the origin,mean over unique voxels nearest the configured cell positions,voxel size=40 um,7.49,9.863611699294498,9.220563475500217,8.493760173338972
PhysiCell,PhysiCell_dx_40um_uptake,40.0,,mean over all voxels,single center voxel nearest the origin,mean over unique voxels nearest the configured cell positions,voxel size=40 um,7.5,9.863611644279883,9.220563127077321,8.493759824902828
PhysiCell,PhysiCell_dx_40um_uptake,40.0,,mean over all voxels,single center voxel nearest the origin,mean over unique voxels nearest the configured cell positions,voxel size=40 um,7.51,9.86361159003888,9.220562783553778,8.493759481366382
PhysiCell,PhysiCell_dx_40um_uptake,40.0,,mean over all voxels,single center voxel nearest the origin,mean over unique voxels nearest the configured cell positions,voxel size=40 um,7.52,9.863611536560615,9.220562444860695,8.493759142660737
PhysiCell,PhysiCell_dx_40um_uptake,40.0,,mean over all voxels,single center voxel nearest the origin,mean over unique voxels nearest the configured cell positions,voxel size=40 um,7.53,9.863611483834358,9.220562110930153,8.493758808717958
PhysiCell,PhysiCell_dx_40um_uptake,40.0,,mean over all voxels,single center voxel nearest the origin,mean over unique voxels nearest the configured cell positions,voxel size=40 um,7.54,9.863611431849534,9.220561781695183,8.493758479471072
PhysiCell,PhysiCell_dx_40um_uptake,40.0,,mean over all voxels,single center voxel nearest the origin,mean over unique voxels nearest the configured cell positions,voxel size=40 um,7.55,9.863611380595723,9.220561457089762,8.493758154854046
PhysiCell,PhysiCell_dx_40um_uptake,40.0,,mean over all voxels,single center voxel nearest the origin,mean over unique voxels nearest the configured cell positions,voxel size=40 um,7.56,9.86361133006264,9.220561137048792,8.493757834801771
PhysiCell,PhysiCell_dx_40um_uptake,40.0,,mean over all voxels,single center voxel nearest the origin,mean over unique voxels nearest the configured cell positions,voxel size=40 um,7.57,9.863611280240148,9.22056082150809,8.493757519250064
PhysiCell,PhysiCell_dx_40um_uptake,40.0,,mean over all voxels,single center voxel nearest the origin,mean over unique voxels nearest the configured cell positions,voxel size=40 um,7.58,9.863611231118261,9.22056051040438,8.493757208135635
PhysiCell,PhysiCell_dx_40um_uptake,40.0,,mean over all voxels,single center voxel nearest the origin,mean over unique voxels nearest the configured cell positions,voxel size=40 um,7.59,9.863611182687125,9.220560203675275,8.49375690139609
PhysiCell,PhysiCell_dx_40um_uptake,40.0,,mean over all voxels,single center voxel nearest the origin,mean over unique voxels nearest the configured cell positions,voxel size=40 um,7.6,9.863611134937027,9.220559901259257,8.493756598969902
PhysiCell,PhysiCell_dx_40um_uptake,40.0,,mean over all voxels,single center voxel nearest the origin,mean over unique voxels nearest the configured cell positions,voxel size=40 um,7.61,9.863611087858386,9.220559603095678,8.493756300796422
PhysiCell,PhysiCell_dx_40um_uptake,40.0,,mean over all voxels,single center voxel nearest the origin,mean over unique voxels nearest the configured cell positions,voxel size=40 um,7.62,9.863611041441768,9.22055930912475,8.49375600681585
PhysiCell,PhysiCell_dx_40um_uptake,40.0,,mean over all voxels,single center voxel nearest the origin,mean over unique voxels nearest the configured cell positions,voxel size=40 um,7.63,9.863610995677856,9.220559019287514,8.493755716969222
PhysiCell,PhysiCell_dx_40um_uptake,40.0,,mean over all voxels,single center voxel nearest the origin,mean over unique voxels nearest the configured cell positions,voxel size=40 um,7.64,9.863610950557476,9.220558733525847,8.49375543119841
PhysiCell,PhysiCell_dx_40um_uptake,40.0,,mean over all voxels,single center voxel nearest the origin,mean over unique voxels nearest the configured cell positions,voxel size=40 um,7.65,9.863610906071573,9.220558451782443,8.493755149446097
PhysiCell,PhysiCell_dx_40um_uptake,40.0,,mean over all voxels,single center voxel nearest the origin,mean over unique voxels nearest the configured cell positions,voxel size=40 um,7.66,9.863610862211235,9.220558174000796,8.493754871655776
PhysiCell,PhysiCell_dx_40um_uptake,40.0,,mean over all voxels,single center voxel nearest the origin,mean over unique voxels nearest the configured cell positions,voxel size=40 um,7.67,9.863610818967658,9.220557900125204,8.493754597771735
PhysiCell,PhysiCell_dx_40um_uptake,40.0,,mean over all voxels,single center voxel nearest the origin,mean over unique voxels nearest the configured cell positions,voxel size=40 um,7.68,9.86361077633217,9.220557630100737,8.49375432773904
PhysiCell,PhysiCell_dx_40um_uptake,40.0,,mean over all voxels,single center voxel nearest the origin,mean over unique voxels nearest the configured cell positions,voxel size=40 um,7.69,9.86361073429622,9.220557363873247,8.493754061503537
PhysiCell,PhysiCell_dx_40um_uptake,40.0,,mean over all voxels,single center voxel nearest the origin,mean over unique voxels nearest the configured cell positions,voxel size=40 um,7.7,9.863610692851378,9.220557101389343,8.49375379901183
PhysiCell,PhysiCell_dx_40um_uptake,40.0,,mean over all voxels,single center voxel nearest the origin,mean over unique voxels nearest the configured cell positions,voxel size=40 um,7.71,9.863610651989333,9.220556842596384,8.493753540211275
PhysiCell,PhysiCell_dx_40um_uptake,40.0,,mean over all voxels,single center voxel nearest the origin,mean over unique voxels nearest the configured cell positions,voxel size=40 um,7.72,9.863610611701892,9.220556587442472,8.493753285049962
PhysiCell,PhysiCell_dx_40um_uptake,40.0,,mean over all voxels,single center voxel nearest the origin,mean over unique voxels nearest the configured cell positions,voxel size=40 um,7.73,9.863610571980969,9.22055633587644,8.49375303347672
PhysiCell,PhysiCell_dx_40um_uptake,40.0,,mean over all voxels,single center voxel nearest the origin,mean over unique voxels nearest the configured cell positions,voxel size=40 um,7.74,9.8636105328186,9.220556087847834,8.493752785441094
PhysiCell,PhysiCell_dx_40um_uptake,40.0,,mean over all voxels,single center voxel nearest the origin,mean over unique voxels nearest the configured cell positions,voxel size=40 um,7.75,9.863610494206931,9.220555843306913,8.493752540893336
PhysiCell,PhysiCell_dx_40um_uptake,40.0,,mean over all voxels,single center voxel nearest the origin,mean over unique voxels nearest the configured cell positions,voxel size=40 um,7.76,9.863610456138218,9.220555602204636,8.493752299784402
PhysiCell,PhysiCell_dx_40um_uptake,40.0,,mean over all voxels,single center voxel nearest the origin,mean over unique voxels nearest the configured cell positions,voxel size=40 um,7.77,9.863610418604827,9.220555364492652,8.493752062065935
PhysiCell,PhysiCell_dx_40um_uptake,40.0,,mean over all voxels,single center voxel nearest the origin,mean over unique voxels nearest the configured cell positions,voxel size=40 um,7.78,9.863610381599226,9.220555130123289,8.493751827690255
PhysiCell,PhysiCell_dx_40um_uptake,40.0,,mean over all voxels,single center voxel nearest the origin,mean over unique voxels nearest the configured cell positions,voxel size=40 um,7.79,9.863610345114003,9.220554899049542,8.493751596610359
PhysiCell,PhysiCell_dx_40um_uptake,40.0,,mean over all voxels,single center voxel nearest the origin,mean over unique voxels nearest the configured cell positions,voxel size=40 um,7.8,9.863610309141828,9.220554671225074,8.493751368779902
PhysiCell,PhysiCell_dx_40um_uptake,40.0,,mean over all voxels,single center voxel nearest the origin,mean over unique voxels nearest the configured cell positions,voxel size=40 um,7.81,9.863610273675494,9.220554446604195,8.493751144153189
PhysiCell,PhysiCell_dx_40um_uptake,40.0,,mean over all voxels,single center voxel nearest the origin,mean over unique voxels nearest the configured cell positions,voxel size=40 um,7.82,9.86361023870789,9.220554225141859,8.49375092268517
PhysiCell,PhysiCell_dx_40um_uptake,40.0,,mean over all voxels,single center voxel nearest the origin,mean over unique voxels nearest the configured cell positions,voxel size=40 um,7.83,9.863610204231994,9.220554006793648,8.493750704331426
PhysiCell,PhysiCell_dx_40um_uptake,40.0,,mean over all voxels,single center voxel nearest the origin,mean over unique voxels nearest the configured cell positions,voxel size=40 um,7.84,9.863610170240898,9.220553791515776,8.493750489048166
PhysiCell,PhysiCell_dx_40um_uptake,40.0,,mean over all voxels,single center voxel nearest the origin,mean over unique voxels nearest the configured cell positions,voxel size=40 um,7.85,9.863610136727788,9.220553579265069,8.493750276792213
PhysiCell,PhysiCell_dx_40um_uptake,40.0,,mean over all voxels,single center voxel nearest the origin,mean over unique voxels nearest the configured cell positions,voxel size=40 um,7.86,9.863610103685936,9.220553369998964,8.493750067520995
PhysiCell,PhysiCell_dx_40um_uptake,40.0,,mean over all voxels,single center voxel nearest the origin,mean over unique voxels nearest the configured cell positions,voxel size=40 um,7.87,9.863610071108718,9.220553163675488,8.493749861192544
PhysiCell,PhysiCell_dx_40um_uptake,40.0,,mean over all voxels,single center voxel nearest the origin,mean over unique voxels nearest the configured cell positions,voxel size=40 um,7.88,9.863610038989599,9.220552960253267,8.493749657765477
PhysiCell,PhysiCell_dx_40um_uptake,40.0,,mean over all voxels,single center voxel nearest the origin,mean over unique voxels nearest the configured cell positions,voxel size=40 um,7.89,9.863610007322137,9.220552759691504,8.493749457198994
PhysiCell,PhysiCell_dx_40um_uptake,40.0,,mean over all voxels,single center voxel nearest the origin,mean over unique voxels nearest the configured cell positions,voxel size=40 um,7.9,9.863609976099982,9.22055256194998,8.493749259452871
PhysiCell,PhysiCell_dx_40um_uptake,40.0,,mean over all voxels,single center voxel nearest the origin,mean over unique voxels nearest the configured cell positions,voxel size=40 um,7.91,9.863609945316874,9.220552366989033,8.493749064487448
PhysiCell,PhysiCell_dx_40um_uptake,40.0,,mean over all voxels,single center voxel nearest the origin,mean over unique voxels nearest the configured cell positions,voxel size=40 um,7.92,9.863609914966634,9.220552174769566,8.493748872263621
PhysiCell,PhysiCell_dx_40um_uptake,40.0,,mean over all voxels,single center voxel nearest the origin,mean over unique voxels nearest the configured cell positions,voxel size=40 um,7.93,9.863609885043182,9.220551985253032,8.49374868274284
PhysiCell,PhysiCell_dx_40um_uptake,40.0,,mean over all voxels,single center voxel nearest the origin,mean over unique voxels nearest the configured cell positions,voxel size=40 um,7.94,9.86360985554051,9.220551798401422,8.493748495887095
PhysiCell,PhysiCell_dx_40um_uptake,40.0,,mean over all voxels,single center voxel nearest the origin,mean over unique voxels nearest the configured cell positions,voxel size=40 um,7.95,9.863609826452706,9.22055161417726,8.493748311658909
PhysiCell,PhysiCell_dx_40um_uptake,40.0,,mean over all voxels,single center voxel nearest the origin,mean over unique voxels nearest the configured cell positions,voxel size=40 um,7.96,9.86360979777393,9.220551432543608,8.493748130021334
PhysiCell,PhysiCell_dx_40um_uptake,40.0,,mean over all voxels,single center voxel nearest the origin,mean over unique voxels nearest the configured cell positions,voxel size=40 um,7.97,9.863609769498435,9.220551253464036,8.49374795093794
PhysiCell,PhysiCell_dx_40um_uptake,40.0,,mean over all voxels,single center voxel nearest the origin,mean over unique voxels nearest the configured cell positions,voxel size=40 um,7.98,9.86360974162055,9.220551076902627,8.493747774372816
PhysiCell,PhysiCell_dx_40um_uptake,40.0,,mean over all voxels,single center voxel nearest the origin,mean over unique voxels nearest the configured cell positions,voxel size=40 um,7.99,9.863609714134684,9.220550902823975,8.493747600290538
PhysiCell,PhysiCell_dx_40um_uptake,40.0,,mean over all voxels,single center voxel nearest the origin,mean over unique voxels nearest the configured cell positions,voxel size=40 um,8.0,9.863609687035323,9.22055073119317,8.493747428656203
PhysiCell,PhysiCell_dx_40um_uptake,40.0,,mean over all voxels,single center voxel nearest the origin,mean over unique voxels nearest the configured cell positions,voxel size=40 um,8.01,9.863609660317032,9.220550561975788,8.493747259435386
PhysiCell,PhysiCell_dx_40um_uptake,40.0,,mean over all voxels,single center voxel nearest the origin,mean over unique voxels nearest the configured cell positions,voxel size=40 um,8.02,9.86360963397445,9.220550395137892,8.493747092594145
PhysiCell,PhysiCell_dx_40um_uptake,40.0,,mean over all voxels,single center voxel nearest the origin,mean over unique voxels nearest the configured cell positions,voxel size=40 um,8.03,9.863609608002301,9.220550230646026,8.493746928099018
PhysiCell,PhysiCell_dx_40um_uptake,40.0,,mean over all voxels,single center voxel nearest the origin,mean over unique voxels nearest the configured cell positions,voxel size=40 um,8.04,9.86360958239537,9.220550068467201,8.493746765917018
PhysiCell,PhysiCell_dx_40um_uptake,40.0,,mean over all voxels,single center voxel nearest the origin,mean over unique voxels nearest the configured cell positions,voxel size=40 um,8.05,9.863609557148523,9.22054990856889,8.493746606015618
PhysiCell,PhysiCell_dx_40um_uptake,40.0,,mean over all voxels,single center voxel nearest the origin,mean over unique voxels nearest the configured cell positions,voxel size=40 um,8.06,9.863609532256694,9.220549750919027,8.493746448362746
PhysiCell,PhysiCell_dx_40um_uptake,40.0,,mean over all voxels,single center voxel nearest the origin,mean over unique voxels nearest the configured cell positions,voxel size=40 um,8.07,9.863609507714896,9.220549595485998,8.493746292926785
PhysiCell,PhysiCell_dx_40um_uptake,40.0,,mean over all voxels,single center voxel nearest the origin,mean over unique voxels nearest the configured cell positions,voxel size=40 um,8.08,9.863609483518204,9.220549442238628,8.493746139676556
PhysiCell,PhysiCell_dx_40um_uptake,40.0,,mean over all voxels,single center voxel nearest the origin,mean over unique voxels nearest the configured cell positions,voxel size=40 um,8.09,9.863609459661763,9.220549291146181,8.49374598858133
PhysiCell,PhysiCell_dx_40um_uptake,40.0,,mean over all voxels,single center voxel nearest the origin,mean over unique voxels nearest the configured cell positions,voxel size=40 um,8.1,9.863609436140791,9.220549142178358,8.4937458396108
PhysiCell,PhysiCell_dx_40um_uptake,40.0,,mean over all voxels,single center voxel nearest the origin,mean over unique voxels nearest the configured cell positions,voxel size=40 um,8.11,9.863609412950574,9.220548995305284,8.493745692735086
PhysiCell,PhysiCell_dx_40um_uptake,40.0,,mean over all voxels,single center voxel nearest the origin,mean over unique voxels nearest the configured cell positions,voxel size=40 um,8.12,9.863609390086454,9.2205488504975,8.493745547924735
PhysiCell,PhysiCell_dx_40um_uptake,40.0,,mean over all voxels,single center voxel nearest the origin,mean over unique voxels nearest the configured cell positions,voxel size=40 um,8.13,9.863609367543845,9.220548707725971,8.493745405150703
PhysiCell,PhysiCell_dx_40um_uptake,40.0,,mean over all voxels,single center voxel nearest the origin,mean over unique voxels nearest the configured cell positions,voxel size=40 um,8.14,9.863609345318233,9.220548566962059,8.493745264384357
PhysiCell,PhysiCell_dx_40um_uptake,40.0,,mean over all voxels,single center voxel nearest the origin,mean over unique voxels nearest the configured cell positions,voxel size=40 um,8.15,9.863609323405159,9.220548428177535,8.493745125597458
PhysiCell,PhysiCell_dx_40um_uptake,40.0,,mean over all voxels,single center voxel nearest the origin,mean over unique voxels nearest the configured cell positions,voxel size=40 um,8.16,9.863609301800222,9.220548291344567,8.493744988762181
PhysiCell,PhysiCell_dx_40um_uptake,40.0,,mean over all voxels,single center voxel nearest the origin,mean over unique voxels nearest the configured cell positions,voxel size=40 um,8.17,9.863609280499094,9.220548156435711,8.493744853851075
PhysiCell,PhysiCell_dx_40um_uptake,40.0,,mean over all voxels,single center voxel nearest the origin,mean over unique voxels nearest the configured cell positions,voxel size=40 um,8.18,9.863609259497505,9.220548023423914,8.493744720837084
PhysiCell,PhysiCell_dx_40um_uptake,40.0,,mean over all voxels,single center voxel nearest the origin,mean over unique voxels nearest the configured cell positions,voxel size=40 um,8.19,9.863609238791234,9.220547892282495,8.493744589693533
PhysiCell,PhysiCell_dx_40um_uptake,40.0,,mean over all voxels,single center voxel nearest the origin,mean over unique voxels nearest the configured cell positions,voxel size=40 um,8.2,9.863609218376139,9.22054776298516,8.493744460394117
PhysiCell,PhysiCell_dx_40um_uptake,40.0,,mean over all voxels,single center voxel nearest the origin,mean over unique voxels nearest the configured cell positions,voxel size=40 um,8.21,9.863609198248119,9.220547635505973,8.493744332912906
PhysiCell,PhysiCell_dx_40um_uptake,40.0,,mean over all voxels,single center voxel nearest the origin,mean over unique voxels nearest the configured cell positions,voxel size=40 um,8.22,9.863609178403136,9.22054750981937,8.493744207224331
PhysiCell,PhysiCell_dx_40um_uptake,40.0,,mean over all voxels,single center voxel nearest the origin,mean over unique voxels nearest the configured cell positions,voxel size=40 um,8.23,9.863609158837216,9.220547385900144,8.493744083303186
PhysiCell,PhysiCell_dx_40um_uptake,40.0,,mean over all voxels,single center voxel nearest the origin,mean over unique voxels nearest the configured cell positions,voxel size=40 um,8.24,9.86360913954643,9.220547263723446,8.493743961124617
PhysiCell,PhysiCell_dx_40um_uptake,40.0,,mean over all voxels,single center voxel nearest the origin,mean over unique voxels nearest the configured cell positions,voxel size=40 um,8.25,9.863609120526908,9.220547143264769,8.493743840664118
PhysiCell,PhysiCell_dx_40um_uptake,40.0,,mean over all voxels,single center voxel nearest the origin,mean over unique voxels nearest the configured cell positions,voxel size=40 um,8.26,9.863609101774841,9.220547024499956,8.49374372189753
PhysiCell,PhysiCell_dx_40um_uptake,40.0,,mean over all voxels,single center voxel nearest the origin,mean over unique voxels nearest the configured cell positions,voxel size=40 um,8.27,9.863609083286466,9.220546907405188,8.493743604801036
PhysiCell,PhysiCell_dx_40um_uptake,40.0,,mean over all voxels,single center voxel nearest the origin,mean over unique voxels nearest the configured cell positions,voxel size=40 um,8.28,9.863609065058071,9.220546791956979,8.493743489351148
PhysiCell,PhysiCell_dx_40um_uptake,40.0,,mean over all voxels,single center voxel nearest the origin,mean over unique voxels nearest the configured cell positions,voxel size=40 um,8.29,9.863609047086005,9.22054667813218,8.49374337552471
PhysiCell,PhysiCell_dx_40um_uptake,40.0,,mean over all voxels,single center voxel nearest the origin,mean over unique voxels nearest the configured cell positions,voxel size=40 um,8.3,9.86360902936666,9.220546565907965,8.493743263298901
PhysiCell,PhysiCell_dx_40um_uptake,40.0,,mean over all voxels,single center voxel nearest the origin,mean over unique voxels nearest the configured cell positions,voxel size=40 um,8.31,9.863609011896486,9.220546455261823,8.493743152651204
PhysiCell,PhysiCell_dx_40um_uptake,40.0,,mean over all voxels,single center voxel nearest the origin,mean over unique voxels nearest the configured cell positions,voxel size=40 um,8.32,9.863608994671976,9.220546346171563,8.493743043559432
PhysiCell,PhysiCell_dx_40um_uptake,40.0,,mean over all voxels,single center voxel nearest the origin,mean over unique voxels nearest the configured cell positions,voxel size=40 um,8.33,9.863608977689676,9.220546238615311,8.493742936001704
PhysiCell,PhysiCell_dx_40um_uptake,40.0,,mean over all voxels,single center voxel nearest the origin,mean over unique voxels nearest the configured cell positions,voxel size=40 um,8.34,9.863608960946179,9.220546132571494,8.493742829956451
PhysiCell,PhysiCell_dx_40um_uptake,40.0,,mean over all voxels,single center voxel nearest the origin,mean over unique voxels nearest the configured cell positions,voxel size=40 um,8.35,9.86360894443813,9.220546028018845,8.493742725402402
PhysiCell,PhysiCell_dx_40um_uptake,40.0,,mean over all voxels,single center voxel nearest the origin,mean over unique voxels nearest the configured cell positions,voxel size=40 um,8.36,9.863608928162217,9.220545924936394,8.493742622318589
PhysiCell,PhysiCell_dx_40um_uptake,40.0,,mean over all voxels,single center voxel nearest the origin,mean over unique voxels nearest the configured cell positions,voxel size=40 um,8.37,9.863608912115177,9.220545823303466,8.493742520684338
PhysiCell,PhysiCell_dx_40um_uptake,40.0,,mean over all voxels,single center voxel nearest the origin,mean over unique voxels nearest the configured cell positions,voxel size=40 um,8.38,9.863608896293787,9.220545723099686,8.493742420479265
PhysiCell,PhysiCell_dx_40um_uptake,40.0,,mean over all voxels,single center voxel nearest the origin,mean over unique voxels nearest the configured cell positions,voxel size=40 um,8.39,9.86360888069488,9.22054562430495,8.493742321683273
PhysiCell,PhysiCell_dx_40um_uptake,40.0,,mean over all voxels,single center voxel nearest the origin,mean over unique voxels nearest the configured cell positions,voxel size=40 um,8.4,9.86360886531532,9.220545526899446,8.493742224276545
PhysiCell,PhysiCell_dx_40um_uptake,40.0,,mean over all voxels,single center voxel nearest the origin,mean over unique voxels nearest the configured cell positions,voxel size=40 um,8.41,9.863608850152032,9.220545430863643,8.493742128239548
PhysiCell,PhysiCell_dx_40um_uptake,40.0,,mean over all voxels,single center voxel nearest the origin,mean over unique voxels nearest the configured cell positions,voxel size=40 um,8.42,9.863608835201966,9.220545336178276,8.493742033553021
PhysiCell,PhysiCell_dx_40um_uptake,40.0,,mean over all voxels,single center voxel nearest the origin,mean over unique voxels nearest the configured cell positions,voxel size=40 um,8.43,9.86360882046213,9.220545242824356,8.493741940197973
PhysiCell,PhysiCell_dx_40um_uptake,40.0,,mean over all voxels,single center voxel nearest the origin,mean over unique voxels nearest the configured cell positions,voxel size=40 um,8.44,9.863608805929564,9.220545150783163,8.493741848155679
PhysiCell,PhysiCell_dx_40um_uptake,40.0,,mean over all voxels,single center voxel nearest the origin,mean over unique voxels nearest the configured cell positions,voxel size=40 um,8.45,9.863608791601353,9.220545060036237,8.493741757407681
PhysiCell,PhysiCell_dx_40um_uptake,40.0,,mean over all voxels,single center voxel nearest the origin,mean over unique voxels nearest the configured cell positions,voxel size=40 um,8.46,9.863608777474624,9.220544970565378,8.49374166793578
PhysiCell,PhysiCell_dx_40um_uptake,40.0,,mean over all voxels,single center voxel nearest the origin,mean over unique voxels nearest the configured cell positions,voxel size=40 um,8.47,9.863608763546548,9.220544882352643,8.493741579722027
PhysiCell,PhysiCell_dx_40um_uptake,40.0,,mean over all voxels,single center voxel nearest the origin,mean over unique voxels nearest the configured cell positions,voxel size=40 um,8.48,9.863608749814327,9.220544795380343,8.493741492748734
PhysiCell,PhysiCell_dx_40um_uptake,40.0,,mean over all voxels,single center voxel nearest the origin,mean over unique voxels nearest the configured cell positions,voxel size=40 um,8.49,9.863608736275207,9.220544709631032,8.493741406998458
PhysiCell,PhysiCell_dx_40um_uptake,40.0,,mean over all voxels,single center voxel nearest the origin,mean over unique voxels nearest the configured cell positions,voxel size=40 um,8.5,9.863608722926474,9.220544625087514,8.493741322454001
PhysiCell,PhysiCell_dx_40um_uptake,40.0,,mean over all voxels,single center voxel nearest the origin,mean over unique voxels nearest the configured cell positions,voxel size=40 um,8.51,9.863608709765451,9.22054454173283,8.493741239098403
PhysiCell,PhysiCell_dx_40um_uptake,40.0,,mean over all voxels,single center voxel nearest the origin,mean over unique voxels nearest the configured cell positions,voxel size=40 um,8.52,9.863608696789496,9.22054445955027,8.49374115691495
PhysiCell,PhysiCell_dx_40um_uptake,40.0,,mean over all voxels,single center voxel nearest the origin,mean over unique voxels nearest the configured cell positions,voxel size=40 um,8.53,9.863608683996011,9.220544378523348,8.49374107588716
PhysiCell,PhysiCell_dx_40um_uptake,40.0,,mean over all voxels,single center voxel nearest the origin,mean over unique voxels nearest the configured cell positions,voxel size=40 um,8.54,9.863608671382428,9.22054429863581,8.493740995998778
PhysiCell,PhysiCell_dx_40um_uptake,40.0,,mean over all voxels,single center voxel nearest the origin,mean over unique voxels nearest the configured cell positions,voxel size=40 um,8.55,9.863608658946216,9.220544219871638,8.493740917233781
PhysiCell,PhysiCell_dx_40um_uptake,40.0,,mean over all voxels,single center voxel nearest the origin,mean over unique voxels nearest the configured cell positions,voxel size=40 um,8.56,9.86360864668488,9.220544142215038,8.493740839576377
PhysiCell,PhysiCell_dx_40um_uptake,40.0,,mean over all voxels,single center voxel nearest the origin,mean over unique voxels nearest the configured cell positions,voxel size=40 um,8.57,9.863608634595964,9.220544065650431,8.493740763010992
PhysiCell,PhysiCell_dx_40um_uptake,40.0,,mean over all voxels,single center voxel nearest the origin,mean over unique voxels nearest the configured cell positions,voxel size=40 um,8.58,9.863608622677042,9.220543990162465,8.493740687522264
PhysiCell,PhysiCell_dx_40um_uptake,40.0,,mean over all voxels,single center voxel nearest the origin,mean over unique voxels nearest the configured cell positions,voxel size=40 um,8.59,9.863608610925723,9.220543915735998,8.493740613095058
PhysiCell,PhysiCell_dx_40um_uptake,40.0,,mean over all voxels,single center voxel nearest the origin,mean over unique voxels nearest the configured cell positions,voxel size=40 um,8.6,9.86360859933965,9.220543842356106,8.493740539714443
PhysiCell,PhysiCell_dx_40um_uptake,40.0,,mean over all voxels,single center voxel nearest the origin,mean over unique voxels nearest the configured cell positions,voxel size=40 um,8.61,9.863608587916502,9.22054377000807,8.493740467365704
PhysiCell,PhysiCell_dx_40um_uptake,40.0,,mean over all voxels,single center voxel nearest the origin,mean over unique voxels nearest the configured cell positions,voxel size=40 um,8.62,9.863608576653986,9.220543698677384,8.493740396034335
PhysiCell,PhysiCell_dx_40um_uptake,40.0,,mean over all voxels,single center voxel nearest the origin,mean over unique voxels nearest the configured cell positions,voxel size=40 um,8.63,9.863608565549841,9.220543628349738,8.493740325706021
PhysiCell,PhysiCell_dx_40um_uptake,40.0,,mean over all voxels,single center voxel nearest the origin,mean over unique voxels nearest the configured cell positions,voxel size=40 um,8.64,9.863608554601843,9.220543559011027,8.49374025636666
PhysiCell,PhysiCell_dx_40um_uptake,40.0,,mean over all voxels,single center voxel nearest the origin,mean over unique voxels nearest the configured cell positions,voxel size=40 um,8.65,9.863608543807796,9.220543490647348,8.49374018800235
PhysiCell,PhysiCell_dx_40um_uptake,40.0,,mean over all voxels,single center voxel nearest the origin,mean over unique voxels nearest the configured cell positions,voxel size=40 um,8.66,9.863608533165532,9.220543423244992,8.493740120599378
PhysiCell,PhysiCell_dx_40um_uptake,40.0,,mean over all voxels,single center voxel nearest the origin,mean over unique voxels nearest the configured cell positions,voxel size=40 um,8.67,9.863608522672921,9.220543356790436,8.493740054144224
PhysiCell,PhysiCell_dx_40um_uptake,40.0,,mean over all voxels,single center voxel nearest the origin,mean over unique voxels nearest the configured cell positions,voxel size=40 um,8.68,9.863608512327858,9.220543291270358,8.49373998862356
PhysiCell,PhysiCell_dx_40um_uptake,40.0,,mean over all voxels,single center voxel nearest the origin,mean over unique voxels nearest the configured cell positions,voxel size=40 um,8.69,9.863608502128264,9.22054322667161,8.493739924024242
PhysiCell,PhysiCell_dx_40um_uptake,40.0,,mean over all voxels,single center voxel nearest the origin,mean over unique voxels nearest the configured cell positions,voxel size=40 um,8.7,9.8636084920721,9.22054316298124,8.49373986033332
PhysiCell,PhysiCell_dx_40um_uptake,40.0,,mean over all voxels,single center voxel nearest the origin,mean over unique voxels nearest the configured cell positions,voxel size=40 um,8.71,9.863608482157344,9.220543100186479,8.49373979753802
PhysiCell,PhysiCell_dx_40um_uptake,40.0,,mean over all voxels,single center voxel nearest the origin,mean over unique voxels nearest the configured cell positions,voxel size=40 um,8.72,9.86360847238201,9.220543038274727,8.493739735625743
PhysiCell,PhysiCell_dx_40um_uptake,40.0,,mean over all voxels,single center voxel nearest the origin,mean over unique voxels nearest the configured cell positions,voxel size=40 um,8.73,9.863608462744132,9.22054297723357,8.493739674584075
PhysiCell,PhysiCell_dx_40um_uptake,40.0,,mean over all voxels,single center voxel nearest the origin,mean over unique voxels nearest the configured cell positions,voxel size=40 um,8.74,9.863608453241786,9.220542917050764,8.493739614400772
PhysiCell,PhysiCell_dx_40um_uptake,40.0,,mean over all voxels,single center voxel nearest the origin,mean over unique voxels nearest the configured cell positions,voxel size=40 um,8.75,9.863608443873062,9.220542857714243,8.493739555063767
PhysiCell,PhysiCell_dx_40um_uptake,40.0,,mean over all voxels,single center voxel nearest the origin,mean over unique voxels nearest the configured cell positions,voxel size=40 um,8.76,9.863608434636078,9.220542799212106,8.493739496561155
PhysiCell,PhysiCell_dx_40um_uptake,40.0,,mean over all voxels,single center voxel nearest the origin,mean over unique voxels nearest the configured cell positions,voxel size=40 um,8.77,9.863608425528984,9.220542741532615,8.493739438881205
PhysiCell,PhysiCell_dx_40um_uptake,40.0,,mean over all voxels,single center voxel nearest the origin,mean over unique voxels nearest the configured cell positions,voxel size=40 um,8.78,9.863608416549958,9.220542684664208,8.49373938201235
PhysiCell,PhysiCell_dx_40um_uptake,40.0,,mean over all voxels,single center voxel nearest the origin,mean over unique voxels nearest the configured cell positions,voxel size=40 um,8.79,9.863608407697189,9.220542628595478,8.493739325943183
PhysiCell,PhysiCell_dx_40um_uptake,40.0,,mean over all voxels,single center voxel nearest the origin,mean over unique voxels nearest the configured cell positions,voxel size=40 um,8.8,9.86360839896891,9.220542573315175,8.493739270662457
PhysiCell,PhysiCell_dx_40um_uptake,40.0,,mean over all voxels,single center voxel nearest the origin,mean over unique voxels nearest the configured cell positions,voxel size=40 um,8.81,9.86360839036337,9.22054251881222,8.493739216159089
PhysiCell,PhysiCell_dx_40um_uptake,40.0,,mean over all voxels,single center voxel nearest the origin,mean over unique voxels nearest the configured cell positions,voxel size=40 um,8.82,9.863608381878839,9.22054246507568,8.493739162422141
PhysiCell,PhysiCell_dx_40um_uptake,40.0,,mean over all voxels,single center voxel nearest the origin,mean over unique voxels nearest the configured cell positions,voxel size=40 um,8.83,9.863608373513616,9.220542412094773,8.493739109440845
PhysiCell,PhysiCell_dx_40um_uptake,40.0,,mean over all voxels,single center voxel nearest the origin,mean over unique voxels nearest the configured cell positions,voxel size=40 um,8.84,9.863608365266025,9.220542359858879,8.49373905720457
PhysiCell,PhysiCell_dx_40um_uptake,40.0,,mean over all voxels,single center voxel nearest the origin,mean over unique voxels nearest the configured cell positions,voxel size=40 um,8.85,9.86360835713441,9.22054230835752,8.493739005702837
PhysiCell,PhysiCell_dx_40um_uptake,40.0,,mean over all voxels,single center voxel nearest the origin,mean over unique voxels nearest the configured cell positions,voxel size=40 um,8.86,9.863608349117147,9.220542257580368,8.493738954925321
PhysiCell,PhysiCell_dx_40um_uptake,40.0,,mean over all voxels,single center voxel nearest the origin,mean over unique voxels nearest the configured cell positions,voxel size=40 um,8.87,9.863608341212617,9.220542207517237,8.49373890486184
PhysiCell,PhysiCell_dx_40um_uptake,40.0,,mean over all voxels,single center voxel nearest the origin,mean over unique voxels nearest the configured cell positions,voxel size=40 um,8.88,9.863608333419242,9.220542158158084,8.493738855502343
PhysiCell,PhysiCell_dx_40um_uptake,40.0,,mean over all voxels,single center voxel nearest the origin,mean over unique voxels nearest the configured cell positions,voxel size=40 um,8.89,9.863608325735456,9.220542109493017,8.493738806836943
PhysiCell,PhysiCell_dx_40um_uptake,40.0,,mean over all voxels,single center voxel nearest the origin,mean over unique voxels nearest the configured cell positions,voxel size=40 um,8.9,9.863608318159722,9.220542061512274,8.493738758855873
PhysiCell,PhysiCell_dx_40um_uptake,40.0,,mean over all voxels,single center voxel nearest the origin,mean over unique voxels nearest the configured cell positions,voxel size=40 um,8.91,9.863608310690514,9.220542014206233,8.493738711549513
PhysiCell,PhysiCell_dx_40um_uptake,40.0,,mean over all voxels,single center voxel nearest the origin,mean over unique voxels nearest the configured cell positions,voxel size=40 um,8.92,9.86360830332634,9.220541967565401,8.49373866490837
PhysiCell,PhysiCell_dx_40um_uptake,40.0,,mean over all voxels,single center voxel nearest the origin,mean over unique voxels nearest the configured cell positions,voxel size=40 um,8.93,9.863608296065722,9.220541921580429,8.493738618923095
PhysiCell,PhysiCell_dx_40um_uptake,40.0,,mean over all voxels,single center voxel nearest the origin,mean over unique voxels nearest the configured cell positions,voxel size=40 um,8.94,9.863608288907201,9.220541876242091,8.493738573584464
PhysiCell,PhysiCell_dx_40um_uptake,40.0,,mean over all voxels,single center voxel nearest the origin,mean over unique voxels nearest the configured cell positions,voxel size=40 um,8.95,9.863608281849345,9.220541831541293,8.493738528883382
PhysiCell,PhysiCell_dx_40um_uptake,40.0,,mean over all voxels,single center voxel nearest the origin,mean over unique voxels nearest the configured cell positions,voxel size=40 um,8.96,9.863608274890733,9.220541787469077,8.493738484810885
PhysiCell,PhysiCell_dx_40um_uptake,40.0,,mean over all voxels,single center voxel nearest the origin,mean over unique voxels nearest the configured cell positions,voxel size=40 um,8.97,9.863608268029974,9.220541744016598,8.493738441358134
PhysiCell,PhysiCell_dx_40um_uptake,40.0,,mean over all voxels,single center voxel nearest the origin,mean over unique voxels nearest the configured cell positions,voxel size=40 um,8.98,9.86360826126569,9.220541701175144,8.493738398516417
PhysiCell,PhysiCell_dx_40um_uptake,40.0,,mean over all voxels,single center voxel nearest the origin,mean over unique voxels nearest the configured cell positions,voxel size=40 um,8.99,9.863608254596524,9.22054165893612,8.493738356277138
PhysiCell,PhysiCell_dx_40um_uptake,40.0,,mean over all voxels,single center voxel nearest the origin,mean over unique voxels nearest the configured cell positions,voxel size=40 um,9.0,9.863608248021144,9.220541617291058,8.493738314631825
PhysiCell,PhysiCell_dx_40um_uptake,40.0,,mean over all voxels,single center voxel nearest the origin,mean over unique voxels nearest the configured cell positions,voxel size=40 um,9.01,9.863608241538225,9.220541576231605,8.493738273572129
PhysiCell,PhysiCell_dx_40um_uptake,40.0,,mean over all voxels,single center voxel nearest the origin,mean over unique voxels nearest the configured cell positions,voxel size=40 um,9.02,9.86360823514647,9.220541535749527,8.493738233089815
PhysiCell,PhysiCell_dx_40um_uptake,40.0,,mean over all voxels,single center voxel nearest the origin,mean over unique voxels nearest the configured cell positions,voxel size=40 um,9.03,9.86360822884459,9.2205414958367,8.493738193176757
PhysiCell,PhysiCell_dx_40um_uptake,40.0,,mean over all voxels,single center voxel nearest the origin,mean over unique voxels nearest the configured cell positions,voxel size=40 um,9.04,9.863608222631331,9.220541456485128,8.493738153824957
PhysiCell,PhysiCell_dx_40um_uptake,40.0,,mean over all voxels,single center voxel nearest the origin,mean over unique voxels nearest the configured cell positions,voxel size=40 um,9.05,9.863608216505444,9.220541417686912,8.493738115026522
PhysiCell,PhysiCell_dx_40um_uptake,40.0,,mean over all voxels,single center voxel nearest the origin,mean over unique voxels nearest the configured cell positions,voxel size=40 um,9.06,9.863608210465697,9.220541379434271,8.493738076773669
PhysiCell,PhysiCell_dx_40um_uptake,40.0,,mean over all voxels,single center voxel nearest the origin,mean over unique voxels nearest the configured cell positions,voxel size=40 um,9.07,9.863608204510884,9.220541341719535,8.493738039058728
PhysiCell,PhysiCell_dx_40um_uptake,40.0,,mean over all voxels,single center voxel nearest the origin,mean over unique voxels nearest the configured cell positions,voxel size=40 um,9.08,9.863608198639803,9.220541304535143,8.49373800187413
PhysiCell,PhysiCell_dx_40um_uptake,40.0,,mean over all voxels,single center voxel nearest the origin,mean over unique voxels nearest the configured cell positions,voxel size=40 um,9.09,9.86360819285128,9.220541267873633,8.493737965212421
PhysiCell,PhysiCell_dx_40um_uptake,40.0,,mean over all voxels,single center voxel nearest the origin,mean over unique voxels nearest the configured cell positions,voxel size=40 um,9.1,9.863608187144157,9.220541231727653,8.49373792906625
PhysiCell,PhysiCell_dx_40um_uptake,40.0,,mean over all voxels,single center voxel nearest the origin,mean over unique voxels nearest the configured cell positions,voxel size=40 um,9.11,9.863608181517288,9.220541196089956,8.493737893428364
PhysiCell,PhysiCell_dx_40um_uptake,40.0,,mean over all voxels,single center voxel nearest the origin,mean over unique voxels nearest the configured cell positions,voxel size=40 um,9.12,9.863608175969544,9.22054116095339,8.493737858291615
PhysiCell,PhysiCell_dx_40um_uptake,40.0,,mean over all voxels,single center voxel nearest the origin,mean over unique voxels nearest the configured cell positions,voxel size=40 um,9.13,9.863608170499814,9.220541126310913,8.493737823648962
PhysiCell,PhysiCell_dx_40um_uptake,40.0,,mean over all voxels,single center voxel nearest the origin,mean over unique voxels nearest the configured cell positions,voxel size=40 um,9.14,9.863608165106998,9.220541092155575,8.49373778949345
PhysiCell,PhysiCell_dx_40um_uptake,40.0,,mean over all voxels,single center voxel nearest the origin,mean over unique voxels nearest the configured cell positions,voxel size=40 um,9.15,9.863608159790013,9.220541058480526,8.493737755818232
PhysiCell,PhysiCell_dx_40um_uptake,40.0,,mean over all voxels,single center voxel nearest the origin,mean over unique voxels nearest the configured cell positions,voxel size=40 um,9.16,9.863608154547796,9.22054102527901,8.493737722616553
PhysiCell,PhysiCell_dx_40um_uptake,40.0,,mean over all voxels,single center voxel nearest the origin,mean over unique voxels nearest the configured cell positions,voxel size=40 um,9.17,9.863608149379296,9.220540992544372,8.493737689881758
PhysiCell,PhysiCell_dx_40um_uptake,40.0,,mean over all voxels,single center voxel nearest the origin,mean over unique voxels nearest the configured cell positions,voxel size=40 um,9.18,9.863608144283479,9.220540960270045,8.493737657607275
PhysiCell,PhysiCell_dx_40um_uptake,40.0,,mean over all voxels,single center voxel nearest the origin,mean over unique voxels nearest the configured cell positions,voxel size=40 um,9.19,9.863608139259313,9.220540928449557,8.49373762578664
PhysiCell,PhysiCell_dx_40um_uptake,40.0,,mean over all voxels,single center voxel nearest the origin,mean over unique voxels nearest the configured cell positions,voxel size=40 um,9.2,9.863608134305798,9.220540897076525,8.493737594413462
PhysiCell,PhysiCell_dx_40um_uptake,40.0,,mean over all voxels,single center voxel nearest the origin,mean over unique voxels nearest the configured cell positions,voxel size=40 um,9.21,9.86360812942194,9.22054086614466,8.49373756348145
PhysiCell,PhysiCell_dx_40um_uptake,40.0,,mean over all voxels,single center voxel nearest the origin,mean over unique voxels nearest the configured cell positions,voxel size=40 um,9.22,9.863608124606758,9.220540835647759,8.493737532984408
PhysiCell,PhysiCell_dx_40um_uptake,40.0,,mean over all voxels,single center voxel nearest the origin,mean over unique voxels nearest the configured cell positions,voxel size=40 um,9.23,9.863608119859286,9.220540805579699,8.493737502916211
PhysiCell,PhysiCell_dx_40um_uptake,40.0,,mean over all voxels,single center voxel nearest the origin,mean over unique voxels nearest the configured cell positions,voxel size=40 um,9.24,9.863608115178577,9.220540775934452,8.493737473270834
PhysiCell,PhysiCell_dx_40um_uptake,40.0,,mean over all voxels,single center voxel nearest the origin,mean over unique voxels nearest the configured cell positions,voxel size=40 um,9.25,9.863608110563684,9.220540746706076,8.49373744404233
PhysiCell,PhysiCell_dx_40um_uptake,40.0,,mean over all voxels,single center voxel nearest the origin,mean over unique voxels nearest the configured cell positions,voxel size=40 um,9.26,9.863608106013688,9.220540717888706,8.493737415224833
PhysiCell,PhysiCell_dx_40um_uptake,40.0,,mean over all voxels,single center voxel nearest the origin,mean over unique voxels nearest the configured cell positions,voxel size=40 um,9.27,9.863608101527673,9.220540689476566,8.493737386812569
PhysiCell,PhysiCell_dx_40um_uptake,40.0,,mean over all voxels,single center voxel nearest the origin,mean over unique voxels nearest the configured cell positions,voxel size=40 um,9.28,9.86360809710474,9.220540661463957,8.493737358799837
PhysiCell,PhysiCell_dx_40um_uptake,40.0,,mean over all voxels,single center voxel nearest the origin,mean over unique voxels nearest the configured cell positions,voxel size=40 um,9.29,9.863608092744002,9.220540633845255,8.493737331181022
PhysiCell,PhysiCell_dx_40um_uptake,40.0,,mean over all voxels,single center voxel nearest the origin,mean over unique voxels nearest the configured cell positions,voxel size=40 um,9.3,9.863608088444586,9.220540606614927,8.49373730395058
PhysiCell,PhysiCell_dx_40um_uptake,40.0,,mean over all voxels,single center voxel nearest the origin,mean over unique voxels nearest the configured cell positions,voxel size=40 um,9.31,9.863608084205627,9.220540579767508,8.493737277103051
PhysiCell,PhysiCell_dx_40um_uptake,40.0,,mean over all voxels,single center voxel nearest the origin,mean over unique voxels nearest the configured cell positions,voxel size=40 um,9.32,9.863608080026275,9.220540553297612,8.49373725063305
PhysiCell,PhysiCell_dx_40um_uptake,40.0,,mean over all voxels,single center voxel nearest the origin,mean over unique voxels nearest the configured cell positions,voxel size=40 um,9.33,9.863608075905695,9.220540527199937,8.493737224535272
PhysiCell,PhysiCell_dx_40um_uptake,40.0,,mean over all voxels,single center voxel nearest the origin,mean over unique voxels nearest the configured cell positions,voxel size=40 um,9.34,9.863608071843057,9.220540501469245,8.493737198804476
PhysiCell,PhysiCell_dx_40um_uptake,40.0,,mean over all voxels,single center voxel nearest the origin,mean over unique voxels nearest the configured cell positions,voxel size=40 um,9.35,9.86360806783755,9.220540476100377,8.49373717343551
PhysiCell,PhysiCell_dx_40um_uptake,40.0,,mean over all voxels,single center voxel nearest the origin,mean over unique voxels nearest the configured cell positions,voxel size=40 um,9.36,9.863608063888364,9.220540451088244,8.493737148423277
PhysiCell,PhysiCell_dx_40um_uptake,40.0,,mean over all voxels,single center voxel nearest the origin,mean over unique voxels nearest the configured cell positions,voxel size=40 um,9.37,9.863608059994716,9.220540426427828,8.49373712376277
PhysiCell,PhysiCell_dx_40um_uptake,40.0,,mean over all voxels,single center voxel nearest the origin,mean over unique voxels nearest the configured cell positions,voxel size=40 um,9.38,9.863608056155817,9.220540402114187,8.493737099449035
PhysiCell,PhysiCell_dx_40um_uptake,40.0,,mean over all voxels,single center voxel nearest the origin,mean over unique voxels nearest the configured cell positions,voxel size=40 um,9.39,9.863608052370902,9.220540378142443,8.4937370754772
PhysiCell,PhysiCell_dx_40um_uptake,40.0,,mean over all voxels,single center voxel nearest the origin,mean over unique voxels nearest the configured cell positions,voxel size=40 um,9.4,9.86360804863921,9.220540354507785,8.493737051842457
PhysiCell,PhysiCell_dx_40um_uptake,40.0,,mean over all voxels,single center voxel nearest the origin,mean over unique voxels nearest the configured cell positions,voxel size=40 um,9.41,9.863608044959994,9.220540331205479,8.493737028540066
PhysiCell,PhysiCell_dx_40um_uptake,40.0,,mean over all voxels,single center voxel nearest the origin,mean over unique voxels nearest the configured cell positions,voxel size=40 um,9.42,9.863608041332514,9.220540308230847,8.493737005565352
PhysiCell,PhysiCell_dx_40um_uptake,40.0,,mean over all voxels,single center voxel nearest the origin,mean over unique voxels nearest the configured cell positions,voxel size=40 um,9.43,9.863608037756041,9.22054028557928,8.493736982913706
PhysiCell,PhysiCell_dx_40um_uptake,40.0,,mean over all voxels,single center voxel nearest the origin,mean over unique voxels nearest the configured cell positions,voxel size=40 um,9.44,9.863608034229864,9.220540263246239,8.493736960580588
PhysiCell,PhysiCell_dx_40um_uptake,40.0,,mean over all voxels,single center voxel nearest the origin,mean over unique voxels nearest the configured cell positions,voxel size=40 um,9.45,9.863608030753271,9.220540241227246,8.493736938561518
PhysiCell,PhysiCell_dx_40um_uptake,40.0,,mean over all voxels,single center voxel nearest the origin,mean over unique voxels nearest the configured cell positions,voxel size=40 um,9.46,9.863608027325567,9.220540219517881,8.493736916852079
PhysiCell,PhysiCell_dx_40um_uptake,40.0,,mean over all voxels,single center voxel nearest the origin,mean over unique voxels nearest the configured cell positions,voxel size=40 um,9.47,9.86360802394606,9.220540198113792,8.493736895447915
PhysiCell,PhysiCell_dx_40um_uptake,40.0,,mean over all voxels,single center voxel nearest the origin,mean over unique voxels nearest the configured cell positions,voxel size=40 um,9.48,9.863608020614079,9.220540177010685,8.493736874344739
PhysiCell,PhysiCell_dx_40um_uptake,40.0,,mean over all voxels,single center voxel nearest the origin,mean over unique voxels nearest the configured cell positions,voxel size=40 um,9.49,9.863608017328948,9.220540156204327,8.493736853538314
PhysiCell,PhysiCell_dx_40um_uptake,40.0,,mean over all voxels,single center voxel nearest the origin,mean over unique voxels nearest the configured cell positions,voxel size=40 um,9.5,9.863608014090016,9.220540135690545,8.493736833024464
PhysiCell,PhysiCell_dx_40um_uptake,40.0,,mean over all voxels,single center voxel nearest the origin,mean over unique voxels nearest the configured cell positions,voxel size=40 um,9.51,9.863608010896627,9.220540115465228,8.493736812799083
PhysiCell,PhysiCell_dx_40um_uptake,40.0,,mean over all voxels,single center voxel nearest the origin,mean over unique voxels nearest the configured cell positions,voxel size=40 um,9.52,9.863608007748146,9.22054009552432,8.49373679285811
PhysiCell,PhysiCell_dx_40um_uptake,40.0,,mean over all voxels,single center voxel nearest the origin,mean over unique voxels nearest the configured cell positions,voxel size=40 um,9.53,9.86360800464394,9.220540075863818,8.493736773197549
PhysiCell,PhysiCell_dx_40um_uptake,40.0,,mean over all voxels,single center voxel nearest the origin,mean over unique voxels nearest the configured cell positions,voxel size=40 um,9.54,9.863608001583382,9.220540056479782,8.493736753813451
PhysiCell,PhysiCell_dx_40um_uptake,40.0,,mean over all voxels,single center voxel nearest the origin,mean over unique voxels nearest the configured cell positions,voxel size=40 um,9.55,9.863607998565863,9.220540037368322,8.493736734701933
PhysiCell,PhysiCell_dx_40um_uptake,40.0,,mean over all voxels,single center voxel nearest the origin,mean over unique voxels nearest the configured cell positions,voxel size=40 um,9.56,9.863607995590776,9.220540018525606,8.49373671585916
PhysiCell,PhysiCell_dx_40um_uptake,40.0,,mean over all voxels,single center voxel nearest the origin,mean over unique voxels nearest the configured cell positions,voxel size=40 um,9.57,9.863607992657524,9.220539999947857,8.493736697281355
PhysiCell,PhysiCell_dx_40um_uptake,40.0,,mean over all voxels,single center voxel nearest the origin,mean over unique voxels nearest the configured cell positions,voxel size=40 um,9.58,9.863607989765518,9.220539981631344,8.493736678964789
PhysiCell,PhysiCell_dx_40um_uptake,40.0,,mean over all voxels,single center voxel nearest the origin,mean over unique voxels nearest the configured cell positions,voxel size=40 um,9.59,9.863607986914182,9.2205399635724,8.493736660905789
PhysiCell,PhysiCell_dx_40um_uptake,40.0,,mean over all voxels,single center voxel nearest the origin,mean over unique voxels nearest the configured cell positions,voxel size=40 um,9.6,9.86360798410294,9.220539945767396,8.493736643100737
PhysiCell,PhysiCell_dx_40um_uptake,40.0,,mean over all voxels,single center voxel nearest the origin,mean over unique voxels nearest the configured cell positions,voxel size=40 um,9.61,9.863607981331231,9.220539928212764,8.493736625546058
PhysiCell,PhysiCell_dx_40um_uptake,40.0,,mean over all voxels,single center voxel nearest the origin,mean over unique voxels nearest the configured cell positions,voxel size=40 um,9.62,9.863607978598496,9.220539910904987,8.49373660823823
PhysiCell,PhysiCell_dx_40um_uptake,40.0,,mean over all voxels,single center voxel nearest the origin,mean over unique voxels nearest the configured cell positions,voxel size=40 um,9.63,9.863607975904188,9.22053989384059,8.493736591173786
PhysiCell,PhysiCell_dx_40um_uptake,40.0,,mean over all voxels,single center voxel nearest the origin,mean over unique voxels nearest the configured cell positions,voxel size=40 um,9.64,9.86360797324777,9.22053987701615,8.4937365743493
PhysiCell,PhysiCell_dx_40um_uptake,40.0,,mean over all voxels,single center voxel nearest the origin,mean over unique voxels nearest the configured cell positions,voxel size=40 um,9.65,9.863607970628705,9.220539860428294,8.493736557761402
PhysiCell,PhysiCell_dx_40um_uptake,40.0,,mean over all voxels,single center voxel nearest the origin,mean over unique voxels nearest the configured cell positions,voxel size=40 um,9.66,9.86360796804647,9.220539844073699,8.49373654140676
PhysiCell,PhysiCell_dx_40um_uptake,40.0,,mean over all voxels,single center voxel nearest the origin,mean over unique voxels nearest the configured cell positions,voxel size=40 um,9.67,9.863607965500545,9.22053982794908,8.493736525282099
PhysiCell,PhysiCell_dx_40um_uptake,40.0,,mean over all voxels,single center voxel nearest the origin,mean over unique voxels nearest the configured cell positions,voxel size=40 um,9.68,9.863607962990422,9.220539812051205,8.49373650938418
PhysiCell,PhysiCell_dx_40um_uptake,40.0,,mean over all voxels,single center voxel nearest the origin,mean over unique voxels nearest the configured cell positions,voxel size=40 um,9.69,9.863607960515594,9.220539796376883,8.493736493709818
PhysiCell,PhysiCell_dx_40um_uptake,40.0,,mean over all voxels,single center voxel nearest the origin,mean over unique voxels nearest the configured cell positions,voxel size=40 um,9.7,9.86360795807557,9.220539780922973,8.49373647825587
PhysiCell,PhysiCell_dx_40um_uptake,40.0,,mean over all voxels,single center voxel nearest the origin,mean over unique voxels nearest the configured cell positions,voxel size=40 um,9.71,9.863607955669856,9.220539765686375,8.493736463019234
PhysiCell,PhysiCell_dx_40um_uptake,40.0,,mean over all voxels,single center voxel nearest the origin,mean over unique voxels nearest the configured cell positions,voxel size=40 um,9.72,9.863607953297969,9.220539750664035,8.493736447996854
PhysiCell,PhysiCell_dx_40um_uptake,40.0,,mean over all voxels,single center voxel nearest the origin,mean over unique voxels nearest the configured cell positions,voxel size=40 um,9.73,9.863607950959437,9.220539735852938,8.493736433185719
PhysiCell,PhysiCell_dx_40um_uptake,40.0,,mean over all voxels,single center voxel nearest the origin,mean over unique voxels nearest the configured cell positions,voxel size=40 um,9.74,9.863607948653792,9.22053972125011,8.493736418582857
PhysiCell,PhysiCell_dx_40um_uptake,40.0,,mean over all voxels,single center voxel nearest the origin,mean over unique voxels nearest the configured cell positions,voxel size=40 um,9.75,9.863607946380567,9.220539706852627,8.49373640418534
PhysiCell,PhysiCell_dx_40um_uptake,40.0,,mean over all voxels,single center voxel nearest the origin,mean over unique voxels nearest the configured cell positions,voxel size=40 um,9.76,9.863607944139307,9.2205396926576,8.49373638999028
PhysiCell,PhysiCell_dx_40um_uptake,40.0,,mean over all voxels,single center voxel nearest the origin,mean over unique voxels nearest the configured cell positions,voxel size=40 um,9.77,9.863607941929564,9.220539678662183,8.493736375994832
PhysiCell,PhysiCell_dx_40um_uptake,40.0,,mean over all voxels,single center voxel nearest the origin,mean over unique voxels nearest the configured cell positions,voxel size=40 um,9.78,9.863607939750896,9.220539664863571,8.493736362196188
PhysiCell,PhysiCell_dx_40um_uptake,40.0,,mean over all voxels,single center voxel nearest the origin,mean over unique voxels nearest the configured cell positions,voxel size=40 um,9.79,9.863607937602863,9.220539651258992,8.493736348591579
PhysiCell,PhysiCell_dx_40um_uptake,40.0,,mean over all voxels,single center voxel nearest the origin,mean over unique voxels nearest the configured cell positions,voxel size=40 um,9.8,9.863607935485033,9.22053963784572,8.493736335178278
PhysiCell,PhysiCell_dx_40um_uptake,40.0,,mean over all voxels,single center voxel nearest the origin,mean over unique voxels nearest the configured cell positions,voxel size=40 um,9.81,9.863607933396988,9.220539624621066,8.493736321953595
PhysiCell,PhysiCell_dx_40um_uptake,40.0,,mean over all voxels,single center voxel nearest the origin,mean over unique voxels nearest the configured cell positions,voxel size=40 um,9.82,9.863607931338304,9.220539611582375,8.493736308914874
PhysiCell,PhysiCell_dx_40um_uptake,40.0,,mean over all voxels,single center voxel nearest the origin,mean over unique voxels nearest the configured cell positions,voxel size=40 um,9.83,9.863607929308568,9.220539598727035,8.493736296059506
PhysiCell,PhysiCell_dx_40um_uptake,40.0,,mean over all voxels,single center voxel nearest the origin,mean over unique voxels nearest the configured cell positions,voxel size=40 um,9.84,9.863607927307374,9.220539586052466,8.49373628338491
PhysiCell,PhysiCell_dx_40um_uptake,40.0,,mean over all voxels,single center voxel nearest the origin,mean over unique voxels nearest the configured cell positions,voxel size=40 um,9.85,9.86360792533432,9.220539573556124,8.493736270888542
PhysiCell,PhysiCell_dx_40um_uptake,40.0,,mean over all voxels,single center voxel nearest the origin,mean over unique voxels nearest the configured cell positions,voxel size=40 um,9.86,9.863607923389013,9.220539561235507,8.4937362585679
PhysiCell,PhysiCell_dx_40um_uptake,40.0,,mean over all voxels,single center voxel nearest the origin,mean over unique voxels nearest the configured cell positions,voxel size=40 um,9.87,9.863607921471061,9.22053954908814,8.493736246420509
PhysiCell,PhysiCell_dx_40um_uptake,40.0,,mean over all voxels,single center voxel nearest the origin,mean over unique voxels nearest the configured cell positions,voxel size=40 um,9.88,9.86360791958008,9.22053953711159,8.493736234443933
PhysiCell,PhysiCell_dx_40um_uptake,40.0,,mean over all voxels,single center voxel nearest the origin,mean over unique voxels nearest the configured cell positions,voxel size=40 um,9.89,9.863607917715688,9.220539525303453,8.493736222635773
PhysiCell,PhysiCell_dx_40um_uptake,40.0,,mean over all voxels,single center voxel nearest the origin,mean over unique voxels nearest the configured cell positions,voxel size=40 um,9.9,9.863607915877513,9.220539513661361,8.493736210993658
PhysiCell,PhysiCell_dx_40um_uptake,40.0,,mean over all voxels,single center voxel nearest the origin,mean over unique voxels nearest the configured cell positions,voxel size=40 um,9.91,9.863607914065186,9.220539502182978,8.493736199515256
PhysiCell,PhysiCell_dx_40um_uptake,40.0,,mean over all voxels,single center voxel nearest the origin,mean over unique voxels nearest the configured cell positions,voxel size=40 um,9.92,9.863607912278347,9.220539490866008,8.49373618819826
PhysiCell,PhysiCell_dx_40um_uptake,40.0,,mean over all voxels,single center voxel nearest the origin,mean over unique voxels nearest the configured cell positions,voxel size=40 um,9.93,9.863607910516631,9.220539479708174,8.493736177040406
PhysiCell,PhysiCell_dx_40um_uptake,40.0,,mean over all voxels,single center voxel nearest the origin,mean over unique voxels nearest the configured cell positions,voxel size=40 um,9.94,9.863607908779692,9.22053946870724,8.49373616603945
PhysiCell,PhysiCell_dx_40um_uptake,40.0,,mean over all voxels,single center voxel nearest the origin,mean over unique voxels nearest the configured cell positions,voxel size=40 um,9.95,9.863607907067172,9.220539457861,8.493736155193194
PhysiCell,PhysiCell_dx_40um_uptake,40.0,,mean over all voxels,single center voxel nearest the origin,mean over unique voxels nearest the configured cell positions,voxel size=40 um,9.96,9.863607905378737,9.220539447167281,8.493736144499454
PhysiCell,PhysiCell_dx_40um_uptake,40.0,,mean over all voxels,single center voxel nearest the origin,mean over unique voxels nearest the configured cell positions,voxel size=40 um,9.97,9.863607903714044,9.22053943662394,8.49373613395609
PhysiCell,PhysiCell_dx_40um_uptake,40.0,,mean over all voxels,single center voxel nearest the origin,mean over unique voxels nearest the configured cell positions,voxel size=40 um,9.98,9.863607902072761,9.220539426228854,8.493736123560987
PhysiCell,PhysiCell_dx_40um_uptake,40.0,,mean over all voxels,single center voxel nearest the origin,mean over unique voxels nearest the configured cell positions,voxel size=40 um,9.99,9.863607900454555,9.220539415979944,8.49373611331206
PhysiCell,PhysiCell_dx_40um_uptake,40.0,,mean over all voxels,single center voxel nearest the origin,mean over unique voxels nearest the configured cell positions,voxel size=40 um,10.0,9.863607898859106,9.220539405875153,8.493736103207253
