time_min,distance_um,radius_sum_um,overlap_um,velocity_um_per_min
0.0,9.0,10.000007794777245,1.000007794777245,1.0
0.1,9.01016458670195,10.000007794777245,0.9898432080752944,1.0
0.2,9.01678639529618,10.000007794777245,0.9832213994810655,1.0
0.3,9.023359452868759,10.000007794777245,0.9766483419084864,1.0
0.4,9.029866729750296,10.000007794777245,0.9701410650269491,1.0
0.5,9.036309189836716,10.000007794777245,0.9636986049405287,1.0
0.6,9.04268769061745,10.000007794777245,0.9573201041597947,1.0
0.7,9.04900307590199,10.000007794777245,0.9510047188752555,1.0
0.8,9.055256175628415,10.000007794777245,0.9447516191488301,1.0
0.9,9.06144780613843,10.000007794777245,0.938559988638815,1.0
1.0,9.067578770443744,10.000007794777245,0.9324290243335014,1.0
1.1,9.073649858486418,10.000007794777245,0.9263579362908274,1.0
1.2,9.079661847393288,10.000007794777245,0.9203459473839573,1.0
1.3,9.085615501724629,10.000007794777245,0.9143922930526163,1.0
1.4,9.091511573717213,10.000007794777245,0.908496221060032,1.0
1.5,9.097350803521895,10.000007794777245,0.9026569912553501,1.0
1.6,9.103133919435873,10.000007794777245,0.8968738753413721,1.0
1.7,9.108861638129758,10.000007794777245,0.891146156647487,1.0
1.8,9.114534664869595,10.000007794777245,0.8854731299076501,1.0
1.9,9.120153693733931,10.000007794777245,0.8798541010433141,1.0
2.0,9.125719407826105,10.000007794777245,0.8742883869511395,1.0
2.1,9.131232479481834,10.000007794777245,0.8687753152954105,1.0
2.2,9.13669357047224,10.000007794777245,0.8633142243050056,1.0
2.3,9.142103332202424,10.000007794777245,0.8579044625748207,1.0
2.4,9.147462405905706,10.000007794777245,0.8525453888715386,1.0
2.5,9.152771422833615,10.000007794777245,0.8472363719436302,1.0
2.6,9.158031004441769,10.000007794777245,0.841976790335476,1.0
2.7,9.16324176257172,10.000007794777245,0.8367660322055244,1.0
2.8,9.168404299628884,10.000007794777245,0.8316034951483608,1.0
2.9,9.173519208756618,10.000007794777245,0.826488586020627,1.0
3.0,9.17858707400659,10.000007794777245,0.8214207207706554,1.0
3.1,9.183608470505487,10.000007794777245,0.8163993242717584,1.0
3.2,9.188583964618168,10.000007794777245,0.811423830159077,1.0
3.3,9.193514114107359,10.000007794777245,0.8064936806698864,1.0
3.4,9.19839946828995,10.000007794777245,0.8016083264872957,1.0
3.5,9.203240568189996,10.000007794777245,0.7967672265872494,1.0
3.6,9.208037946688494,10.000007794777245,0.7919698480887511,1.0
3.7,9.212792128670007,10.000007794777245,0.7872156661072385,1.0
3.8,9.217503631166233,10.000007794777245,0.7825041636110122,1.0
3.9,9.222172963496554,10.000007794777245,0.7778348312806909,1.0
4.0,9.226800627405678,10.000007794777245,0.7732071673715666,1.0
4.1,9.23138711719841,10.000007794777245,0.7686206775788342,1.0
4.2,9.235932919871647,10.000007794777245,0.7640748749055977,1.0
4.3,9.240438515243632,10.000007794777245,0.7595692795336131,1.0
4.4,9.24490437608057,10.000007794777245,0.7551034186966756,1.0
4.5,9.249330968220628,10.000007794777245,0.7506768265566173,1.0
4.6,9.253718750695404,10.000007794777245,0.7462890440818413,1.0
4.7,9.258068175848924,10.000007794777245,0.7419396189283205,1.0
4.8,9.262379689454217,10.000007794777245,0.7376281053230276,1.0
4.9,9.266653730827521,10.000007794777245,0.733354063949724,1.0
5.0,9.270890732940185,10.000007794777245,0.7291170618370604,1.0
5.1,9.27509112252831,10.000007794777245,0.7249166722489342,1.0
5.2,9.279255320200198,10.000007794777245,0.720752474577047,1.0
5.3,9.283383740541625,10.000007794777245,0.7166240542356199,1.0
5.4,9.28747679221904,10.000007794777245,0.7125310025582046,1.0
5.5,9.29153487808068,10.000007794777245,0.7084729166965644,1.0
5.6,9.295558395255686,10.000007794777245,0.7044493995215593,1.0
5.7,9.299547735251258,10.000007794777245,0.7004600595259873,1.0
5.8,9.303503284047885,10.000007794777245,0.6965045107293601,1.0
5.9,9.307425422192704,10.000007794777245,0.6925823725845408,1.0
6.0,9.311314524891015,10.000007794777245,0.6886932698862296,1.0
6.1,9.315170962096015,10.000007794777245,0.6848368326812295,1.0
6.2,9.318995098596764,10.000007794777245,0.6810126961804812,1.0
6.3,9.322787294104447,10.000007794777245,0.6772205006727976,1.0
6.4,9.326547903336966,10.000007794777245,0.6734598914402792,1.0
6.5,9.330277276101867,10.000007794777245,0.6697305186753777,1.0
6.6,9.333975757377697,10.000007794777245,0.6660320373995479,1.0
6.7,9.33764368739377,10.000007794777245,0.6623641073834747,1.0
6.8,9.34128140170841,10.000007794777245,0.6587263930688358,1.0
6.9,9.344889231285682,10.000007794777245,0.6551185634915626,1.0
7.0,9.348467502570687,10.000007794777245,0.6515402922065583,1.0
7.1,9.352016537563376,10.000007794777245,0.6479912572138691,1.0
7.2,9.355536653891003,10.000007794777245,0.6444711408862425,1.0
7.3,9.359028164879179,10.000007794777245,0.6409796298980659,1.0
7.4,9.362491379621593,10.000007794777245,0.6375164151556518,1.0
7.5,9.365926603048415,10.000007794777245,0.6340811917288303,1.0
7.6,9.369334135993407,10.000007794777245,0.630673658783838,1.0
7.7,9.372714275259796,10.000007794777245,0.6272935195174494,1.0
7.8,9.376067313684882,10.000007794777245,0.6239404810923634,1.0
7.9,9.379393540203472,10.000007794777245,0.6206142545737734,1.0
8.0,9.382693239910116,10.000007794777245,0.6173145548671286,1.0
8.1,9.385966694120196,10.000007794777245,0.6140411006570492,1.0
8.2,9.38921418042987,10.000007794777245,0.6107936143473758,1.0
8.3,9.392435972774928,10.000007794777245,0.607571822002317,1.0
8.4,9.395632341488568,10.000007794777245,0.6043754532886769,1.0
8.5,9.398803553358075,10.000007794777245,0.6012042414191701,1.0
8.6,9.401949871680507,10.000007794777245,0.5980579230967376,1.0
8.7,9.405071556317338,10.000007794777245,0.5949362384599066,1.0
8.8,9.408168863748106,10.000007794777245,0.5918389310291392,1.0
8.9,9.411242047123098,10.000007794777245,0.588765747654147,1.0
9.0,9.414291356315067,10.000007794777245,0.5857164384621782,1.0
9.1,9.417317037970028,10.000007794777245,0.5826907568072173,1.0
9.2,9.420319335557123,10.000007794777245,0.5796884592201224,1.0
9.3,9.423298489417599,10.000007794777245,0.5767093053596462,1.0
9.4,9.426254736812908,10.000007794777245,0.5737530579643373,1.0
9.5,9.42918831197194,10.000007794777245,0.5708194828053053,1.0
9.6,9.432099446137414,10.000007794777245,0.5679083486398309,1.0
9.7,9.434988367611455,10.000007794777245,0.5650194271657902,1.0
9.8,9.437855301800338,10.000007794777245,0.5621524929769066,1.0
9.9,9.440700471258465,10.000007794777245,0.5593073235187802,1.0
10.0,9.443524095731547,10.000007794777245,0.5564836990456978,1.0
10.1,9.446326392199035,10.000007794777245,0.55368140257821,1.0
10.2,9.449107574915805,10.000007794777245,0.5509002198614397,1.0
10.3,9.451867855453097,10.000007794777245,0.5481399393241482,1.0
10.4,9.454607442738764,10.000007794777245,0.5454003520384809,1.0
10.5,9.457326543096793,10.000007794777245,0.5426812516804524,1.0
10.6,9.460025360286155,10.000007794777245,0.5399824344910904,1.0
10.7,9.462704095538976,10.000007794777245,0.5373036992382687,1.0
10.8,9.465362947598045,10.000007794777245,0.5346448471791998,1.0
10.9,9.468002112753673,10.000007794777245,0.5320056820235717,1.0
11.0,9.470621784879922,10.000007794777245,0.5293860098973227,1.0
11.1,9.473222155470207,10.000007794777245,0.5267856393070378,1.0
11.2,9.475803413672287,10.000007794777245,0.5242043811049584,1.0
11.3,9.47836574632266,10.000007794777245,0.5216420484545843,1.0
11.4,9.480909337980377,10.000007794777245,0.5190984567968684,1.0
11.5,9.483434370960259,10.000007794777245,0.5165734238169861,1.0
11.6,9.485941025365578,10.000007794777245,0.5140667694116665,1.0
11.7,9.488429479120166,10.000007794777245,0.5115783156570792,1.0
11.8,9.490899907999983,10.000007794777245,0.5091078867772616,1.0
11.9,9.493352485664161,10.000007794777245,0.5066553091130839,1.0
12.0,9.495787383685517,10.000007794777245,0.5042204110917279,1.0
12.1,9.498204771580562,10.000007794777245,0.5018030231966826,1.0
12.2,9.500604816839001,10.000007794777245,0.49940297793824406,1.0
12.3,9.50298768495274,10.000007794777245,0.4970201098245042,1.0
12.4,9.505353539444421,10.000007794777245,0.4946542553328239,1.0
12.5,9.507702541895465,10.000007794777245,0.4923052528817795,1.0
12.6,9.510034851973666,10.000007794777245,0.48997294280357906,1.0
12.7,9.512350627460322,10.000007794777245,0.48765716731692343,1.0
12.8,9.514650024276913,10.000007794777245,0.48535777050033246,1.0
12.9,9.516933196511353,10.000007794777245,0.48307459826589216,1.0
13.0,9.519200296443795,10.000007794777245,0.4808074983334496,1.0
13.1,9.521451474572034,10.000007794777245,0.478556320205211,1.0
13.2,9.523686879636463,10.000007794777245,0.4763209151407821,1.0
13.3,9.525906658644658,10.000007794777245,0.4741011361325871,1.0
13.4,9.528110956895539,10.000007794777245,0.47189683788170633,1.0
13.5,9.530299918003143,10.000007794777245,0.46970787677410186,1.0
13.6,9.532473683920022,10.000007794777245,0.46753411085722263,1.0
13.7,9.534632394960248,10.000007794777245,0.46537539981699716,1.0
13.8,9.536776189822064,10.000007794777245,0.46323160495518145,1.0
13.9,9.538905205610147,10.000007794777245,0.4611025891670977,1.0
14.0,9.541019577857547,10.000007794777245,0.45898821691969793,1.0
14.1,9.543119440547239,10.000007794777245,0.4568883542300064,1.0
14.2,9.545204926133357,10.000007794777245,0.4548028686438883,1.0
14.3,9.547276165562076,10.000007794777245,0.45273162921516885,1.0
14.4,9.549333288292171,10.000007794777245,0.4506745064850737,1.0
14.5,9.55137642231524,10.000007794777245,0.448631372462005,1.0
14.6,9.553405694175613,10.000007794777245,0.4466021006016323,1.0
14.7,9.555421228989944,10.000007794777245,0.4445865657873007,1.0
14.8,9.557423150466503,10.000007794777245,0.44258464431074174,1.0
14.9,9.559411580924147,10.000007794777245,0.4405962138530981,1.0
15.0,9.56138664131101,10.000007794777245,0.43862115346623476,1.0
15.1,9.563348451222891,10.000007794777245,0.43665934355435354,1.0
15.2,9.565297128921365,10.000007794777245,0.4347106658558797,1.0
15.3,9.567232791351591,10.000007794777245,0.4327750034256539,1.0
15.4,9.56915555415987,10.000007794777245,0.4308522406173747,1.0
15.5,9.571065531710913,10.000007794777245,0.42894226306633243,1.0
15.6,9.572962837104843,10.000007794777245,0.42704495767240225,1.0
15.7,9.57484758219394,10.000007794777245,0.4251602125833056,1.0
15.8,9.576719877599126,10.000007794777245,0.42328791717811853,1.0
15.9,9.578579832726197,10.000007794777245,0.42142796205104815,1.0
16.0,9.580427555781801,10.000007794777245,0.4195802389954437,1.0
16.1,9.582263153789176,10.000007794777245,0.41774464098806874,1.0
16.2,9.584086732603653,10.000007794777245,0.4159210621735916,1.0
16.3,9.585898396927906,10.000007794777245,0.4141093978493391,1.0
16.4,9.587698250326989,10.000007794777245,0.412309544450256,1.0
16.5,9.589486395243132,10.000007794777245,0.4105213995341135,1.0
16.6,9.59126293301032,10.000007794777245,0.4087448617669249,1.0
16.7,9.593027963868646,10.000007794777245,0.40697983090859857,1.0
16.8,9.594781586978453,10.000007794777245,0.40522620779879226,1.0
16.9,9.596523900434256,10.000007794777245,0.4034838943429886,1.0
17.0,9.598255001278465,10.000007794777245,0.4017527934987797,1.0
17.1,9.599974985514898,10.000007794777245,0.4000328092623473,1.0
17.2,9.601683948122082,10.000007794777245,0.3983238466551633,1.0
17.3,9.603381983066372,10.000007794777245,0.39662581171087297,1.0
17.4,9.605069183314868,10.000007794777245,0.3949386114623774,1.0
17.5,9.606745640848132,10.000007794777245,0.393262153929113,1.0
17.6,9.608411446672733,10.000007794777245,0.39159634810451216,1.0
17.7,9.61006669083359,10.000007794777245,0.3899411039436558,1.0
17.8,9.611711462426141,10.000007794777245,0.3882963323511035,1.0
17.9,9.613345849608338,10.000007794777245,0.38666194516890684,1.0
18.0,9.61496993961245,10.000007794777245,0.3850378551647946,1.0
18.1,9.616583818756709,10.000007794777245,0.383423976020536,1.0
18.2,9.618187572456776,10.000007794777245,0.38182022232046897,1.0
18.3,9.619781285237043,10.000007794777245,0.38022650954020243,1.0
18.4,9.621365040741766,10.000007794777245,0.37864275403547865,1.0
18.5,9.62293892174605,10.000007794777245,0.3770688730311953,1.0
18.6,9.624503010166652,10.000007794777245,0.3755047846105928,1.0
18.7,9.626057387072645,10.000007794777245,0.37395040770459964,1.0
18.8,9.627602132695927,10.000007794777245,0.3724056620813183,1.0
18.9,9.62913732644156,10.000007794777245,0.37087046833568493,1.0
19.0,9.630663046897991,10.000007794777245,0.36934474787925353,1.0
19.1,9.632179371847096,10.000007794777245,0.36782842293014895,1.0
19.2,9.633686378274097,10.000007794777245,0.36632141650314765,1.0
19.3,9.635184142377343,10.000007794777245,0.36482365239990244,1.0
19.4,9.636672739577921,10.000007794777245,0.3633350551993235,1.0
19.5,9.63815224452917,10.000007794777245,0.3618555502480749,1.0
19.6,9.63962273112603,10.000007794777245,0.3603850636512149,1.0
19.7,9.641084272514272,10.000007794777245,0.3589235222629732,1.0
19.8,9.642536941099591,10.000007794777245,0.3574708536776541,1.0
19.9,9.643980808556575,10.000007794777245,0.35602698622066953,1.0
20.0,9.645415945837547,10.000007794777245,0.3545918489396982,1.0
20.1,9.646842423181281,10.000007794777245,0.3531653715959635,1.0
20.2,9.648260310121593,10.000007794777245,0.3517474846556521,1.0
20.3,9.649669675495817,10.000007794777245,0.3503381192814281,1.0
20.4,9.651070587453157,10.000007794777245,0.34893720732408795,1.0
20.5,9.652463113462929,10.000007794777245,0.34754468131431615,1.0
20.6,9.653847320322683,10.000007794777245,0.3461604744545621,1.0
20.7,9.655223274166207,10.000007794777245,0.3447845206110376,1.0
20.8,9.656591040471437,10.000007794777245,0.3434167543058084,1.0
20.9,9.657950684068238,10.000007794777245,0.3420571107090069,1.0
21.0,9.659302269146089,10.000007794777245,0.3407055256311562,1.0
21.1,9.660645859261654,10.000007794777245,0.3393619355155906,1.0
21.2,9.661981517346266,10.000007794777245,0.3380262774309788,1.0
21.3,9.663309305713282,10.000007794777245,0.3366984890639628,1.0
21.4,9.664629286065358,10.000007794777245,0.33537850871188724,1.0
21.5,9.66594151950161,10.000007794777245,0.33406627527563515,1.0
21.6,9.667246066524697,10.000007794777245,0.3327617282525477,1.0
21.7,9.668542987047784,10.000007794777245,0.33146480772946063,1.0
21.8,9.66983234040142,10.000007794777245,0.33017545437582463,1.0
21.9,9.671114185340333,10.000007794777245,0.32889360943691237,1.0
22.0,9.672388580050113,10.000007794777245,0.3276192147271324,1.0
22.1,9.673655582153819,10.000007794777245,0.3263522126234264,1.0
22.2,9.674915248718493,10.000007794777245,0.3250925460587517,1.0
22.3,9.67616763626159,10.000007794777245,0.3238401585156545,1.0
22.4,9.677412800757306,10.000007794777245,0.32259499401993885,1.0
22.5,9.67865079764284,10.000007794777245,0.321356997134405,1.0
22.6,9.679881681824565,10.000007794777245,0.32012611295268023,1.0
22.7,9.68110550768411,10.000007794777245,0.3189022870931346,1.0
22.8,9.682322329084373,10.000007794777245,0.3176854656928718,1.0
22.9,9.683532199375442,10.000007794777245,0.31647559540180303,1.0
23.0,9.684735171400446,10.000007794777245,0.3152726233767993,1.0
23.1,9.68593129750132,10.000007794777245,0.31407649727592535,1.0
23.2,9.687120629524506,10.000007794777245,0.3128871652527394,1.0
23.3,9.688303218826563,10.000007794777245,0.3117045759506816,1.0
23.4,9.68947911627972,10.000007794777245,0.3105286784975245,1.0
23.5,9.690648372277337,10.000007794777245,0.30935942249990767,1.0
23.6,9.69181103673931,10.000007794777245,0.3081967580379352,1.0
23.7,9.692967159117396,10.000007794777245,0.30704063565984896,1.0
23.8,9.694116788400475,10.000007794777245,0.30589100637677014,1.0
23.9,9.695259973119734,10.000007794777245,0.3047478216575108,1.0
24.0,9.696396761353798,10.000007794777245,0.3036110334234472,1.0
24.1,9.69752720073377,10.000007794777245,0.30248059404347494,1.0
24.2,9.698651338448235,10.000007794777245,0.3013564563290103,1.0
24.3,9.699769221248173,10.000007794777245,0.3002385735290716,1.0
24.4,9.700880895451833,10.000007794777245,0.2991268993254117,1.0
24.5,9.701986406949514,10.000007794777245,0.29802138782773113,1.0
24.6,9.703085801208312,10.000007794777245,0.2969219935689331,1.0
24.7,9.704179123276795,10.000007794777245,0.2958286715004501,1.0
24.8,9.70526641778961,10.000007794777245,0.29474137698763414,1.0
24.9,9.70634772897205,10.000007794777245,0.2936600658051951,1.0
25.0,9.707423100644535,10.000007794777245,0.29258469413271015,1.0
25.1,9.708492576227064,10.000007794777245,0.29151521855018103,1.0
25.2,9.709556198743597,10.000007794777245,0.29045159603364823,1.0
25.3,9.710614010826376,10.000007794777245,0.2893937839508691,1.0
25.4,9.711666054720201,10.000007794777245,0.28834174005704405,1.0
25.5,9.712712372286648,10.000007794777245,0.2872954224905975,1.0
25.6,9.713753005008229,10.000007794777245,0.28625478976901597,1.0
25.7,9.714787993992505,10.000007794777245,0.2852198007847395,1.0
25.8,9.715817379976153,10.000007794777245,0.28419041480109186,1.0
25.9,9.716841203328961,10.000007794777245,0.2831665914482837,1.0
26.0,9.717859504057797,10.000007794777245,0.2821482907194479,1.0
26.1,9.718872321810508,10.000007794777245,0.2811354729667368,1.0
26.2,9.719879695879794,10.000007794777245,0.2801280988974515,1.0
26.3,9.720881665206996,10.000007794777245,0.2791261295702494,1.0
26.4,9.72187826838588,10.000007794777245,0.2781295263913641,1.0
26.5,9.722869543666349,10.000007794777245,0.2771382511108964,1.0
26.6,9.723855528958099,10.000007794777245,0.276152265819146,1.0
26.7,9.72483626183426,10.000007794777245,0.27517153294298424,1.0
26.8,9.725811779534974,10.000007794777245,0.27419601524227133,1.0
26.9,9.726782118970915,10.000007794777245,0.27322567580633006,1.0
27.0,9.727747316726797,10.000007794777245,0.2722604780504483,1.0
27.1,9.728707409064814,10.000007794777245,0.271300385712431,1.0
27.2,9.729662431928048,10.000007794777245,0.27034536284919675,1.0
27.3,9.730612420943833,10.000007794777245,0.2693953738334116,1.0
27.4,9.73155741142708,10.000007794777245,0.26845038335016547,1.0
27.5,9.73249743838355,10.000007794777245,0.2675103563936947,1.0
27.6,9.733432536513108,10.000007794777245,0.26657525826413675,1.0
27.7,9.734362740212918,10.000007794777245,0.2656450545643274,1.0
27.8,9.735288083580603,10.000007794777245,0.2647197111966424,1.0
27.9,9.73620860041738,10.000007794777245,0.26379919435986565,1.0
28.0,9.737124324231134,10.000007794777245,0.26288347054611094,1.0
28.1,9.738035288239479,10.000007794777245,0.2619725065377665,1.0
28.2,9.738941525372764,10.000007794777245,0.2610662694044805,1.0
28.3,9.739843068277048,10.000007794777245,0.2601647265001965,1.0
28.4,9.740739949317046,10.000007794777245,0.2592678454601991,1.0
28.5,9.741632200579023,10.000007794777245,0.2583755941982222,1.0
28.6,9.742519853873679,10.000007794777245,0.25748794090356597,1.0
28.7,9.743402940738969,10.000007794777245,0.25660485403827593,1.0
28.8,9.744281492442912,10.000007794777245,0.2557263023343328,1.0
28.9,9.745155539986358,10.000007794777245,0.2548522547908867,1.0
29.0,9.746025114105725,10.000007794777245,0.25398268067151974,1.0
29.1,9.746890245275694,10.000007794777245,0.2531175495015514,1.0
29.2,9.747750963711884,10.000007794777245,0.25225683106536145,1.0
29.3,9.748607299373493,10.000007794777245,0.2514004954037521,1.0
29.4,9.749459281965898,10.000007794777245,0.2505485128113474,1.0
29.5,9.750306940943233,10.000007794777245,0.2497008538340122,1.0
29.6,9.751150305510942,10.000007794777245,0.24885748926630313,1.0
29.7,9.751989404628281,10.000007794777245,0.24801839014896387,1.0
29.8,9.75282426701082,10.000007794777245,0.24718352776642583,1.0
29.9,9.753654921132883,10.000007794777245,0.2463528736443621,1.0
30.0,9.754481395229991,10.000007794777245,0.24552639954725386,1.0
30.1,9.75530371730125,10.000007794777245,0.24470407747599587,1.0
30.2,9.756121915111725,10.000007794777245,0.24388587966551967,1.0
30.3,9.756936016194793,10.000007794777245,0.24307177858245232,1.0
30.4,9.757746047854445,10.000007794777245,0.24226174692280011,1.0
30.5,9.758552037167584,10.000007794777245,0.24145575760966054,1.0
30.6,9.759354010986288,10.000007794777245,0.24065378379095748,1.0
30.7,9.760151995940037,10.000007794777245,0.2398557988372083,1.0
30.8,9.760946018437936,10.000007794777245,0.2390617763393088,1.0
30.9,9.761736104670897,10.000007794777245,0.2382716901063482,1.0
31.0,9.762522280613794,10.000007794777245,0.23748551416345087,1.0
31.1,9.763304572027597,10.000007794777245,0.2367032227496484,1.0
31.2,9.764083004461487,10.000007794777245,0.23592479031575841,1.0
31.3,9.76485760325494,10.000007794777245,0.23515019152230465,1.0
31.4,9.765628393539794,10.000007794777245,0.23437940123745094,1.0
31.5,9.766395400242276,10.000007794777245,0.23361239453496907,1.0
31.6,9.767158648085028,10.000007794777245,0.23284914669221735,1.0
31.7,9.767918161589096,10.000007794777245,0.23208963318814924,1.0
31.8,9.768673965075894,10.000007794777245,0.23133382970135052,1.0
31.9,9.769426082669163,10.000007794777245,0.23058171210808176,1.0
32.0,9.770174538296882,10.000007794777245,0.22983325648036335,1.0
32.1,9.770919355693179,10.000007794777245,0.22908843908406595,1.0
32.2,9.771660558400214,10.000007794777245,0.22834723637703114,1.0
32.3,9.772398169770034,10.000007794777245,0.2276096250072115,1.0
32.4,9.773132212966413,10.000007794777245,0.22687558181083212,1.0
32.5,9.773862710966675,10.000007794777245,0.22614508381056986,1.0
32.6,9.77458968656349,10.000007794777245,0.22541810821375563,1.0
32.7,9.775313162366647,10.000007794777245,0.22469463241059806,1.0
32.8,9.77603316080482,10.000007794777245,0.2239746339724249,1.0
32.9,9.776749704127303,10.000007794777245,0.22325809064994218,1.0
33.0,9.777462814405723,10.000007794777245,0.22254498037152182,1.0
33.1,9.778172513535752,10.000007794777245,0.22183528124149277,1.0
33.2,9.778878823238772,10.000007794777245,0.221128971538473,1.0
33.3,9.779581765063552,10.000007794777245,0.22042602971369263,1.0
33.4,9.780281360387884,10.000007794777245,0.21972643438936146,1.0
33.5,9.780977630420207,10.000007794777245,0.21903016435703826,1.0
33.6,9.781670596201218,10.000007794777245,0.21833719857602674,1.0
33.7,9.78236027860546,10.000007794777245,0.21764751617178568,1.0
33.8,9.783046698342895,10.000007794777245,0.2169610964343498,1.0
33.9,9.783729875960457,10.000007794777245,0.21627791881678782,1.0
34.0,9.784409831843591,10.000007794777245,0.21559796293365352,1.0
34.1,9.785086586217774,10.000007794777245,0.2149212085594705,1.0
34.2,9.785760159150016,10.000007794777245,0.21424763562722937,1.0
34.3,9.78643057055035,10.000007794777245,0.21357722422689562,1.0
34.4,9.787097840173303,10.000007794777245,0.21290995460394235,1.0
34.5,9.787761987619351,10.000007794777245,0.21224580715789365,1.0
34.6,9.788423032336363,10.000007794777245,0.2115847624408822,1.0
34.7,9.789080993621013,10.000007794777245,0.21092680115623175,1.0
34.8,9.7897358906202,10.000007794777245,0.2102719041570449,1.0
34.9,9.790387742332435,10.000007794777245,0.2096200524448104,1.0
35.0,9.791036567609217,10.000007794777245,0.2089712271680284,1.0
35.1,9.791682385156404,10.000007794777245,0.20832540962084067,1.0
35.2,9.792325213535555,10.000007794777245,0.2076825812416896,1.0
35.3,9.792965071165263,10.000007794777245,0.20704272361198228,1.0
35.4,9.793601976322478,10.000007794777245,0.20640581845476724,1.0
35.5,9.794235947143807,10.000007794777245,0.2057718476334376,1.0
35.6,9.794867001626814,10.000007794777245,0.20514079315043077,1.0
35.7,9.795495157631288,10.000007794777245,0.2045126371459567,1.0
35.8,9.79612043288051,10.000007794777245,0.20388736189673473,1.0
35.9,9.796742844962505,10.000007794777245,0.20326494981473964,1.0
36.0,9.797362411331278,10.000007794777245,0.20264538344596694,1.0
36.1,9.797979149308036,10.000007794777245,0.20202864546920907,1.0
36.2,9.7985930760824,10.000007794777245,0.20141471869484562,1.0
36.3,9.799204208713599,10.000007794777245,0.20080358606364612,1.0
36.4,9.799812564131662,10.000007794777245,0.20019523064558342,1.0
36.5,9.800418159138585,10.000007794777245,0.1995896356386595,1.0
36.6,9.801021010409496,10.000007794777245,0.19898678436774908,1.0
36.7,9.801621134493793,10.000007794777245,0.1983866602834521,1.0
36.8,9.802218547816294,10.000007794777245,0.19778924696095146,1.0
36.9,9.802813266678347,10.000007794777245,0.1971945280988976,1.0
37.0,9.803405307258956,10.000007794777245,0.19660248751828924,1.0
37.1,9.803994685615866,10.000007794777245,0.19601310916137926,1.0
37.2,9.804581417686663,10.000007794777245,0.1954263770905822,1.0
37.3,9.805165519289845,10.000007794777245,0.19484227548739952,1.0
37.4,9.805747006125896,10.000007794777245,0.19426078865134855,1.0
37.5,9.806325893778332,10.000007794777245,0.19368190099891258,1.0
37.6,9.80690219771475,10.000007794777245,0.19310559706249464,1.0
37.7,9.807475933287863,10.000007794777245,0.19253186148938184,1.0
37.8,9.808047115736514,10.000007794777245,0.1919606790407311,1.0
37.9,9.808615760186699,10.000007794777245,0.191392034590546,1.0
38.0,9.80918188165256,10.000007794777245,0.19082591312468544,1.0
38.1,9.80974549503738,10.000007794777245,0.19026229973986553,1.0
38.2,9.81030661513456,10.000007794777245,0.18970117964268418,1.0
38.3,9.8108652566286,10.000007794777245,0.18914253814864423,1.0
38.4,9.811421434096049,10.000007794777245,0.18858636068119594,1.0
38.5,9.811975162006453,10.000007794777245,0.18803263277079196,1.0
38.6,9.81252645472331,10.000007794777245,0.18748134005393524,1.0
38.7,9.813075326504988,10.000007794777245,0.18693246827225707,1.0
38.8,9.813621791505659,10.000007794777245,0.18638600327158628,1.0
38.9,9.814165863776196,10.000007794777245,0.18584193100104862,1.0
39.0,9.814707557265097,10.000007794777245,0.1853002375121484,1.0
39.1,9.815246885819356,10.000007794777245,0.1847609089578892,1.0
39.2,9.815783863185365,10.000007794777245,0.18422393159188033,1.0
39.3,9.816318503009786,10.000007794777245,0.1836892917674593,1.0
39.4,9.81685081884041,10.000007794777245,0.18315697593683566,1.0
39.5,9.817380824127023,10.000007794777245,0.18262697065022238,1.0
39.6,9.817908532222257,10.000007794777245,0.18209926255498843,1.0
39.7,9.818433956382425,10.000007794777245,0.18157383839482044,1.0
39.8,9.818957109768357,10.000007794777245,0.18105068500888777,1.0
39.9,9.819478005446227,10.000007794777245,0.18052978933101826,1.0
40.0,9.819996656388357,10.000007794777245,0.18001113838888827,1.0
40.1,9.82051307547404,10.000007794777245,0.17949471930320549,1.0
40.2,9.82102727549033,10.000007794777245,0.17898051928691494,1.0
40.3,9.821539269132836,10.000007794777245,0.17846852564440852,1.0
40.4,9.822049069006505,10.000007794777245,0.1779587257707398,1.0
40.5,9.8225566876264,10.000007794777245,0.17745110715084422,1.0
40.6,9.823062137418468,10.000007794777245,0.1769456573587771,1.0
40.7,9.823565430720292,10.000007794777245,0.17644236405695324,1.0
40.8,9.824066579781856,10.000007794777245,0.1759412149953885,1.0
40.9,9.824565596766288,10.000007794777245,0.17544219801095728,1.0
41.0,9.825062493750588,10.000007794777245,0.17494530102665706,1.0
41.1,9.82555728272637,10.000007794777245,0.1744505120508748,1.0
41.2,9.826049975600583,10.000007794777245,0.1739578191766622,1.0
41.3,9.82654058419622,10.000007794777245,0.1734672105810251,1.0
41.4,9.827029120253037,10.000007794777245,0.17297867452420768,1.0
41.5,9.827515595428252,10.000007794777245,0.17249219934899251,1.0
41.6,9.828000021297235,10.000007794777245,0.17200777348000962,1.0
41.7,9.828482409354207,10.000007794777245,0.1715253854230383,1.0
41.8,9.828962771012911,10.000007794777245,0.17104502376433395,1.0
41.9,9.829441117607296,10.000007794777245,0.17056667716994944,1.0
42.0,9.829917460392176,10.000007794777245,0.17009033438506904,1.0
42.1,9.830391810543905,10.000007794777245,0.16961598423334046,1.0
42.2,9.830864179161017,10.000007794777245,0.16914361561622826,1.0
42.3,9.831334577264892,10.000007794777245,0.1686732175123531,1.0
42.4,9.831803015800384,10.000007794777245,0.16820477897686104,1.0
42.5,9.832269505636468,10.000007794777245,0.16773828914077704,1.0
42.6,9.832734057566862,10.000007794777245,0.1672737372103832,1.0
42.7,9.833196682310659,10.000007794777245,0.1668111124665863,1.0
42.8,9.83365739051294,10.000007794777245,0.16635040426430514,1.0
42.9,9.83411619274539,10.000007794777245,0.1658916020318557,1.0
43.0,9.834573099506901,10.000007794777245,0.16543469527034382,1.0
43.1,9.835028121224179,10.000007794777245,0.16497967355306642,1.0
43.2,9.835481268252327,10.000007794777245,0.16452652652491828,1.0
43.3,9.835932550875446,10.000007794777245,0.16407524390179873,1.0
43.4,9.836381979307214,10.000007794777245,0.16362581547003074,1.0
43.5,9.836829563691463,10.000007794777245,0.1631782310857819,1.0
43.6,9.837275314102751,10.000007794777245,0.16273248067449408,1.0
43.7,9.83771924054693,10.000007794777245,0.16228855423031519,1.0
43.8,9.83816135296171,10.000007794777245,0.16184644181553587,1.0
43.9,9.83860166121721,10.000007794777245,0.16140613356003541,1.0
44.0,9.839040175116514,10.000007794777245,0.16096761966073103,1.0
44.1,9.839476904396212,10.000007794777245,0.16053089038103252,1.0
44.2,9.839911858726945,10.000007794777245,0.16009593605030048,1.0
44.3,9.840345047713935,10.000007794777245,0.15966274706330985,1.0
44.4,9.84077648089752,10.000007794777245,0.1592313138797241,1.0
44.5,9.841206167753679,10.000007794777245,0.15880162702356593,1.0
44.6,9.841634117694548,10.000007794777245,0.15837367708269667,1.0
44.7,9.84206034006894,10.000007794777245,0.15794745470830485,1.0
44.8,9.84248484416285,10.000007794777245,0.15752295061439447,1.0
44.9,9.842907639199973,10.000007794777245,0.15710015557727175,1.0
45.0,9.843328734342188,10.000007794777245,0.15667906043505653,1.0
45.1,9.843748138690069,10.000007794777245,0.15625965608717607,1.0
45.2,9.844165861283365,10.000007794777245,0.1558419334938801,1.0
45.3,9.8445819111015,10.000007794777245,0.15542588367574517,1.0
45.4,9.844996297064041,10.000007794777245,0.155011497713204,1.0
45.5,9.845409028031188,10.000007794777245,0.15459876674605688,1.0
45.6,9.84582011280424,10.000007794777245,0.1541876819730046,1.0
45.7,9.846229560126073,10.000007794777245,0.15377823465117224,1.0
45.8,9.84663737868159,10.000007794777245,0.1533704160956546,1.0
45.9,9.847043577098198,10.000007794777245,0.1529642176790471,1.0
46.0,9.847448163946252,10.000007794777245,0.1525596308309929,1.0
46.1,9.847851147739515,10.000007794777245,0.1521566470377298,1.0
46.2,9.848252536935602,10.000007794777245,0.1517552578416428,1.0
46.3,9.848652339936423,10.000007794777245,0.15135545484082158,1.0
46.4,9.849050565088628,10.000007794777245,0.15095722968861658,1.0
46.5,9.849447220684034,10.000007794777245,0.15056057409321078,1.0
46.6,9.849842314960064,10.000007794777245,0.15016547981718098,1.0
46.7,9.850235856100172,10.000007794777245,0.14977193867707328,1.0
46.8,9.850627852234267,10.000007794777245,0.14937994254297848,1.0
46.9,9.85101831143913,10.000007794777245,0.14898948333811468,1.0
47.0,9.851407241738839,10.000007794777245,0.14860055303840625,1.0
47.1,9.851794651105166,10.000007794777245,0.14821314367207883,1.0
47.2,9.852180547458003,10.000007794777245,0.1478272473192419,1.0
47.3,9.852564938665754,10.000007794777245,0.14744285611149088,1.0
47.4,9.852947832545741,10.000007794777245,0.14705996223150386,1.0
47.5,9.853329236864601,10.000007794777245,0.14667855791264373,1.0
47.6,9.85370915933868,10.000007794777245,0.14629863543856558,1.0
47.7,9.854087607634417,10.000007794777245,0.14592018714282773,1.0
47.8,9.854464589368748,10.000007794777245,0.1455432054084973,1.0
47.9,9.85484011210947,10.000007794777245,0.14516768266777547,1.0
48.0,9.855214183375628,10.000007794777245,0.14479361140161728,1.0
48.1,9.855586810637897,10.000007794777245,0.144420984139348,1.0
48.2,9.855958001318946,10.000007794777245,0.14404979345829894,1.0
48.3,9.856327762793814,10.000007794777245,0.14368003198343082,1.0
48.4,9.856696102390272,10.000007794777245,0.14331169238697328,1.0
48.5,9.857063027389191,10.000007794777245,0.1429447673880535,1.0
48.6,9.857428545024895,10.000007794777245,0.14257924975234992,1.0
48.7,9.857792662485524,10.000007794777245,0.1422151322917209,1.0
48.8,9.858155386913385,10.000007794777245,0.1418524078638601,1.0
48.9,9.8585167254053,10.000007794777245,0.1414910693719449,1.0
49.0,9.858876685012955,10.000007794777245,0.14113110976428977,1.0
49.1,9.859235272743248,10.000007794777245,0.1407725220339966,1.0
49.2,9.859592495558623,10.000007794777245,0.14041529921862228,1.0
49.3,9.85994836037741,10.000007794777245,0.14005943439983426,1.0
49.4,9.860302874074167,10.000007794777245,0.13970492070307827,1.0
49.5,9.860656043479999,10.000007794777245,0.1393517512972462,1.0
49.6,9.861007875382898,10.000007794777245,0.13899991939434742,1.0
49.7,9.861358376528065,10.000007794777245,0.1386494182491802,1.0
49.8,9.861707553618233,10.000007794777245,0.13830024115901196,1.0
49.9,9.862055413313987,10.000007794777245,0.13795238146325772,1.0
50.0,9.862401962234086,10.000007794777245,0.1376058325431586,1.0
50.1,9.862747206955772,10.000007794777245,0.13726058782147277,1.0
50.2,9.863091154015084,10.000007794777245,0.13691664076216092,1.0
50.3,9.863433809907171,10.000007794777245,0.13657398487007377,1.0
50.4,9.863775181086593,10.000007794777245,0.13623261369065176,1.0
50.5,9.864115273967627,10.000007794777245,0.13589252080961778,1.0
50.6,9.864454094924572,10.000007794777245,0.1355536998526734,1.0
50.7,9.864791650292041,10.000007794777245,0.13521614448520403,1.0
50.8,9.865127946365263,10.000007794777245,0.1348798484119822,1.0
50.9,9.86546298940037,10.000007794777245,0.13454480537687452,1.0
51.0,9.8657967856147,10.000007794777245,0.13421100916254503,1.0
51.1,9.866129341187069,10.000007794777245,0.13387845359017625,1.0
51.2,9.86646066225807,10.000007794777245,0.13354713251917438,1.0
51.3,9.866790754930351,10.000007794777245,0.13321703984689393,1.0
51.4,9.867119625268899,10.000007794777245,0.13288816950834637,1.0
51.5,9.86744727930131,10.000007794777245,0.1325605154759355,1.0
51.6,9.867773723018079,10.000007794777245,0.13223407175916613,1.0
51.7,9.868098962372862,10.000007794777245,0.1319088324043829,1.0
51.8,9.868423003282755,10.000007794777245,0.13158479149448965,1.0
51.9,9.868745851628557,10.000007794777245,0.13126194314868833,1.0
52.0,9.86906751325504,10.000007794777245,0.13094028152220538,1.0
52.1,9.869387993971216,10.000007794777245,0.13061980080602886,1.0
52.2,9.869707299550596,10.000007794777245,0.1303004952266491,1.0
52.3,9.870025435731447,10.000007794777245,0.12998235904579758,1.0
52.4,9.870342408217057,10.000007794777245,0.12966538656018756,1.0
52.5,9.870658222675988,10.000007794777245,0.12934957210125653,1.0
52.6,9.870972884742324,10.000007794777245,0.12903491003492107,1.0
52.7,9.871286400015931,10.000007794777245,0.12872139476131395,1.0
52.8,9.871598774062702,10.000007794777245,0.12840902071454252,1.0
52.9,9.8719100124148,10.000007794777245,0.1280977823624454,1.0
53.0,9.87222012057091,10.000007794777245,0.12778767420633486,1.0
53.1,9.872529103996477,10.000007794777245,0.12747869078076768,1.0
53.2,9.872836968123952,10.000007794777245,0.12717082665329293,1.0
53.3,9.87314371835302,10.000007794777245,0.1268640764242246,1.0
53.4,9.873449360050854,10.000007794777245,0.12655843472639106,1.0
53.5,9.87375389855233,10.000007794777245,0.1262538962249149,1.0
53.6,9.874057339160279,10.000007794777245,0.12595045561696594,1.0
53.7,9.874359687145702,10.000007794777245,0.12564810763154277,1.0
53.8,9.874660947748005,10.000007794777245,0.12534684702924004,1.0
53.9,9.874961126175233,10.000007794777245,0.1250466686020122,1.0
54.0,9.87526022760428,10.000007794777245,0.12474756717296565,1.0
54.1,9.875558257181126,10.000007794777245,0.12444953759611899,1.0
54.2,9.875855220021052,10.000007794777245,0.12415257475619335,1.0
54.3,9.876151121208858,10.000007794777245,0.12385667356838681,1.0
54.4,9.876445965799087,10.000007794777245,0.1235618289781577,1.0
54.5,9.876739758816235,10.000007794777245,0.12326803596100966,1.0
54.6,9.877032505254968,10.000007794777245,0.12297528952227665,1.0
54.7,9.877324210080332,10.000007794777245,0.12268358469691343,1.0
54.8,9.877614878227964,10.000007794777245,0.12239291654928053,1.0
54.9,9.877904514604303,10.000007794777245,0.12210328017294181,1.0
55.0,9.878193124086799,10.000007794777245,0.12181467069044594,1.0
55.1,9.878480711524109,10.000007794777245,0.12152708325313633,1.0
55.2,9.878767281736307,10.000007794777245,0.12124051304093797,1.0
55.3,9.879052839515092,10.000007794777245,0.12095495526215316,1.0
55.4,9.879337389623975,10.000007794777245,0.12067040515326966,1.0
55.5,9.879620936798489,10.000007794777245,0.12038685797875637,1.0
55.6,9.879903485746379,10.000007794777245,0.12010430903086622,1.0
55.7,9.8801850411478,10.000007794777245,0.11982275362944428,1.0
55.8,9.880465607655514,10.000007794777245,0.11954218712173059,1.0
55.9,9.880745189895075,10.000007794777245,0.11926260488217011,1.0
56.0,9.881023792465022,10.000007794777245,0.11898400231222261,1.0
56.1,9.881301419937078,10.000007794777245,0.11870637484016733,1.0
56.2,9.881578076856322,10.000007794777245,0.1184297179209235,1.0
56.3,9.881853767741385,10.000007794777245,0.11815402703586031,1.0
56.4,9.882128497084631,10.000007794777245,0.11787929769261396,1.0
56.5,9.88240226935234,10.000007794777245,0.11760552542490466,1.0
56.6,9.882675088984895,10.000007794777245,0.11733270579235011,1.0
56.7,9.88294696039695,10.000007794777245,0.11706083438029502,1.0
56.8,9.883217887977622,10.000007794777245,0.11678990679962276,1.0
56.9,9.883487876090658,10.000007794777245,0.11651991868658662,1.0
57.0,9.883756929074618,10.000007794777245,0.11625086570262688,1.0
57.1,9.884025051243045,10.000007794777245,0.11598274353420024,1.0
57.2,9.884292246884637,10.000007794777245,0.11571554789260752,1.0
57.3,9.884558520263424,10.000007794777245,0.11544927451382136,1.0
57.4,9.884823875618933,10.000007794777245,0.11518391915831216,1.0
57.5,9.885088317166357,10.000007794777245,0.11491947761088817,1.0
57.6,9.885351849096725,10.000007794777245,0.11465594568051962,1.0
57.7,9.88561447557707,10.000007794777245,0.11439331920017537,1.0
57.8,9.88587620075058,10.000007794777245,0.11413159402666473,1.0
57.9,9.886137028736787,10.000007794777245,0.1138707660404581,1.0
58.0,9.886396963631702,10.000007794777245,0.11361083114554305,1.0
58.1,9.886656009507993,10.000007794777245,0.11335178526925205,1.0
58.2,9.886914170415139,10.000007794777245,0.11309362436210613,1.0
58.3,9.887171450379586,10.000007794777245,0.11283634439765855,1.0
58.4,9.887427853404912,10.000007794777245,0.11257994137233318,1.0
58.5,9.887683383471972,10.000007794777245,0.11232441130527349,1.0
58.6,9.88793804453906,10.000007794777245,0.11206975023818444,1.0
58.7,9.888191840542062,10.000007794777245,0.11181595423518331,1.0
58.8,9.888444775394602,10.000007794777245,0.11156301938264335,1.0
58.9,9.888696852988199,10.000007794777245,0.11131094178904632,1.0
59.0,9.888948077192417,10.000007794777245,0.11105971758482802,1.0
59.1,9.889198451855009,10.000007794777245,0.1108093429222361,1.0
59.2,9.889447980802068,10.000007794777245,0.11055981397517733,1.0
59.3,9.88969666783817,10.000007794777245,0.11031112693907552,1.0
59.4,9.889944516746521,10.000007794777245,0.11006327803072402,1.0
59.5,9.890191531289103,10.000007794777245,0.10981626348814189,1.0
59.6,9.890437715206813,10.000007794777245,0.10957007957043174,1.0
59.7,9.890683072219604,10.000007794777245,0.10932472255764125,1.0
59.8,9.890927606026631,10.000007794777245,0.10908018875061387,1.0
59.9,9.891171320306384,10.000007794777245,0.10883647447086098,1.0
60.0,9.891414218716832,10.000007794777245,0.10859357606041264,1.0
60.1,9.891656304895559,10.000007794777245,0.10835148988168619,1.0
60.2,9.891897582459894,10.000007794777245,0.10811021231735118,1.0
60.3,9.892138055007052,10.000007794777245,0.10786973977019265,1.0
60.4,9.89237772611427,10.000007794777245,0.10763006866297431,1.0
60.5,9.892616599338934,10.000007794777245,0.10739119543831066,1.0
60.6,9.892854678218718,10.000007794777245,0.10715311655852666,1.0
60.7,9.893091966271706,10.000007794777245,0.10691582850553871,1.0
60.8,9.89332846699653,10.000007794777245,0.10667932778071432,1.0
60.9,9.893564183872497,10.000007794777245,0.10644361090474774,1.0
61.0,9.893799120359711,10.000007794777245,0.1062086744175339,1.0
61.1,9.89403327989921,10.000007794777245,0.10597451487803511,1.0
61.2,9.894266665913085,10.000007794777245,0.10574112886416032,1.0
61.3,9.894499281804606,10.000007794777245,0.10550851297263897,1.0
61.4,9.89473113095835,10.000007794777245,0.10527666381889489,1.0
61.5,9.894962216740318,10.000007794777245,0.10504557803692727,1.0
61.6,9.89519254249806,10.000007794777245,0.10481525227918453,1.0
61.7,9.895422111560801,10.000007794777245,0.10458568321644357,1.0
61.8,9.89565092723955,10.000007794777245,0.10435686753769424,1.0
61.9,9.895878992827233,10.000007794777245,0.10412880195001151,1.0
62.0,9.896106311598798,10.000007794777245,0.10390148317844705,1.0
62.1,9.896332886811345,10.000007794777245,0.10367490796589962,1.0
62.2,9.896558721704233,10.000007794777245,0.10344907307301199,1.0
62.3,9.896783819499204,10.000007794777245,0.10322397527804128,1.0
62.4,9.897008183400487,10.000007794777245,0.10299961137675773,1.0
62.5,9.897231816594925,10.000007794777245,0.10277597818232032,1.0
62.6,9.897454722252078,10.000007794777245,0.10255307252516666,1.0
62.7,9.89767690352434,10.000007794777245,0.10233089125290462,1.0
62.8,9.89789836354705,10.000007794777245,0.10210943123019511,1.0
62.9,9.898119105438603,10.000007794777245,0.10188868933864192,1.0
63.0,9.898339132300556,10.000007794777245,0.10166866247668871,1.0
63.1,9.898558447217743,10.000007794777245,0.10144934755950175,1.0
63.2,9.898777053258378,10.000007794777245,0.1012307415188669,1.0
63.3,9.898994953474165,10.000007794777245,0.10101284130307953,1.0
63.4,9.899212150900404,10.000007794777245,0.10079564387684137,1.0
63.5,9.899428648556096,10.000007794777245,0.10057914622114872,1.0
63.6,9.899644449444049,10.000007794777245,0.10036334533319646,1.0
63.7,9.899859556550979,10.000007794777245,0.10014823822626617,1.0
63.8,9.90007397284762,10.000007794777245,0.09993382192962486,1.0
63.9,9.90028770128882,10.000007794777245,0.09972009348842548,1.0
64.0,9.900500744813645,10.000007794777245,0.09950704996360038,1.0
64.1,9.900713106345483,10.000007794777245,0.09929468843176181,1.0
64.2,9.900924788792137,10.000007794777245,0.09908300598510777,1.0
64.3,9.901135795045931,10.000007794777245,0.09887199973131366,1.0
64.4,9.90134612798381,10.000007794777245,0.09866166679343458,1.0
64.5,9.901555790467432,10.000007794777245,0.09845200430981293,1.0
64.6,9.901764785343266,10.000007794777245,0.09824300943397901,1.0
64.7,9.901973115442697,10.000007794777245,0.0980346793345479,1.0
64.8,9.90218078358211,10.000007794777245,0.09782701119513426,1.0
64.9,9.902387792562996,10.000007794777245,0.09762000221424927,1.0
65.0,9.902594145172035,10.000007794777245,0.09741364960521004,1.0
65.1,9.902799844181203,10.000007794777245,0.09720795059604193,1.0
65.2,9.903004892347854,10.000007794777245,0.09700290242939147,1.0
65.3,9.903209292414818,10.000007794777245,0.09679850236242693,1.0
65.4,9.90341304711049,10.000007794777245,0.0965947476667548,1.0
65.5,9.903616159148928,10.000007794777245,0.09639163562831676,1.0
65.6,9.903818631229932,10.000007794777245,0.09618916354731333,1.0
65.7,9.904020466039139,10.000007794777245,0.09598732873810611,1.0
65.8,9.90422166624812,10.000007794777245,0.09578612852912549,1.0
65.9,9.904422234514453,10.000007794777245,0.09558556026279241,1.0
66.0,9.904622173481823,10.000007794777245,0.0953856212954225,1.0
66.1,9.904821485780102,10.000007794777245,0.09518630899714253,1.0
66.2,9.905020174025445,10.000007794777245,0.0949876207517999,1.0
66.3,9.905218240820362,10.000007794777245,0.0947895539568826,1.0
66.4,9.905415688753813,10.000007794777245,0.09459210602343227,1.0
66.5,9.90561252040129,10.000007794777245,0.0943952743759553,1.0
66.6,9.9058087383249,10.000007794777245,0.09419905645234472,1.0
66.7,9.906004345073454,10.000007794777245,0.09400344970379138,1.0
66.8,9.90619934318254,10.000007794777245,0.09380845159470574,1.0
66.9,9.906393735174612,10.000007794777245,0.0936140596026327,1.0
67.0,9.906587523559072,10.000007794777245,0.09342027121817331,1.0
67.1,9.906780710832345,10.000007794777245,0.09322708394489965,1.0
67.2,9.906973299477968,10.000007794777245,0.09303449529927654,1.0
67.3,9.90716529196666,10.000007794777245,0.09284250281058526,1.0
67.4,9.90735669075641,10.000007794777245,0.09265110402083465,1.0
67.5,9.907547498292553,10.000007794777245,0.0924602964846919,1.0
67.6,9.907737717007844,10.000007794777245,0.09227007776940077,1.0
67.7,9.90792734932254,10.000007794777245,0.09208044545470528,1.0
67.8,9.908116397644473,10.000007794777245,0.0918913971327715,1.0
67.9,9.908304864369136,10.000007794777245,0.0917029304081094,1.0
68.0,9.908492751879745,10.000007794777245,0.09151504289750001,1.0
68.1,9.908680062547328,10.000007794777245,0.0913277322299173,1.0
68.2,9.908866798730784,10.000007794777245,0.09114099604646064,1.0
68.3,9.909052962776977,10.000007794777245,0.09095483200026777,1.0
68.4,9.90923855702079,10.000007794777245,0.0907692377564544,1.0
68.5,9.909423583785214,10.000007794777245,0.09058421099203073,1.0
68.6,9.90960804538141,10.000007794777245,0.09039974939583573,1.0
68.7,9.909791944108786,10.000007794777245,0.09021585066845894,1.0
68.8,9.90997528225507,10.000007794777245,0.09003251252217481,1.0
68.9,9.910158062096379,10.000007794777245,0.08984973268086627,1.0
69.0,9.910340285897282,10.000007794777245,0.08966750887996255,1.0
69.1,9.910521955910891,10.000007794777245,0.08948583886635397,1.0
69.2,9.910703074378906,10.000007794777245,0.08930472039833859,1.0
69.3,9.910883643531703,10.000007794777245,0.0891241512455423,1.0
69.4,9.91106366558839,10.000007794777245,0.08894412918885486,1.0
69.5,9.911243142756884,10.000007794777245,0.08876465202036066,1.0
69.6,9.911422077233974,10.000007794777245,0.08858571754327116,1.0
69.7,9.911600471205388,10.000007794777245,0.08840732357185743,1.0
69.8,9.911778326845864,10.000007794777245,0.08822946793138087,1.0
69.9,9.91195564631921,10.000007794777245,0.08805214845803455,1.0
70.0,9.91213243177838,10.000007794777245,0.08787536299886511,1.0
70.1,9.912308685365522,10.000007794777245,0.08769910941172299,1.0
70.2,9.912484409212063,10.000007794777245,0.08752338556518247,1.0
70.3,9.912659605438757,10.000007794777245,0.08734818933848842,1.0
70.4,9.91283427615576,10.000007794777245,0.08717351862148526,1.0
70.5,9.913008423462689,10.000007794777245,0.08699937131455648,1.0
70.6,9.913182049448684,10.000007794777245,0.0868257453285608,1.0
70.7,9.913355156192475,10.000007794777245,0.0866526385847699,1.0
70.8,9.913527745762437,10.000007794777245,0.0864800490148081,1.0
70.9,9.913699820216658,10.000007794777245,0.08630797456058659,1.0
71.0,9.913871381603004,10.000007794777245,0.08613641317424126,1.0
71.1,9.914042431959162,10.000007794777245,0.08596536281808298,1.0
71.2,9.914212973312726,10.000007794777245,0.08579482146451944,1.0
71.3,9.914383007681238,10.000007794777245,0.08562478709600718,1.0
71.4,9.914552537072254,10.000007794777245,0.08545525770499118,1.0
71.5,9.914721563483402,10.000007794777245,0.08528623129384272,1.0
71.6,9.914890088902442,10.000007794777245,0.0851177058748025,1.0
71.7,9.91505811530733,10.000007794777245,0.08494967946991494,1.0
71.8,9.915225644666263,10.000007794777245,0.084782150110982,1.0
71.9,9.915392678937744,10.000007794777245,0.08461511583950099,1.0
72.0,9.915559220070646,10.000007794777245,0.08444857470659883,1.0
72.1,9.915725270004254,10.000007794777245,0.08428252477299125,1.0
72.2,9.915890830668337,10.000007794777245,0.08411696410890812,1.0
72.3,9.91605590398319,10.000007794777245,0.0839518907940544,1.0
72.4,9.9162204918597,10.000007794777245,0.08378730291754444,1.0
72.5,9.916384596199398,10.000007794777245,0.08362319857784684,1.0
72.6,9.91654821889451,10.000007794777245,0.08345957588273478,1.0
72.7,9.916711361828016,10.000007794777245,0.08329643294922917,1.0
72.8,9.916874026873705,10.000007794777245,0.08313376790353999,1.0
72.9,9.917036215896227,10.000007794777245,0.08297157888101836,1.0
73.0,9.917197930751145,10.000007794777245,0.08280986402609969,1.0
73.1,9.917359173284991,10.000007794777245,0.08264862149225394,1.0
73.2,9.917519945335316,10.000007794777245,0.08248784944192877,1.0
73.3,9.917680248730742,10.000007794777245,0.08232754604650339,1.0
73.4,9.917840085291019,10.000007794777245,0.08216770948622631,1.0
73.5,9.91799945682707,10.000007794777245,0.08200833795017459,1.0
73.6,9.918158365141046,10.000007794777245,0.08184942963619868,1.0
73.7,9.91831681202638,10.000007794777245,0.08169098275086562,1.0
73.8,9.918474799267829,10.000007794777245,0.0815329955094164,1.0
73.9,9.918632328641532,10.000007794777245,0.08137546613571267,1.0
74.0,9.91878940191506,10.000007794777245,0.08121839286218524,1.0
74.1,9.918946020847457,10.000007794777245,0.08106177392978786,1.0
74.2,9.919102187189297,10.000007794777245,0.08090560758794751,1.0
74.3,9.919257902682734,10.000007794777245,0.08074989209451111,1.0
74.4,9.91941316906154,10.000007794777245,0.08059462571570464,1.0
74.5,9.91956798805117,10.000007794777245,0.08043980672607454,1.0
74.6,9.919722361368798,10.000007794777245,0.08028543340844685,1.0
74.7,9.919876290723362,10.000007794777245,0.08013150405388281,1.0
74.8,9.920029777815623,10.000007794777245,0.07997801696162199,1.0
74.9,9.920182824338204,10.000007794777245,0.07982497043904146,1.0
75.0,9.920335431975634,10.000007794777245,0.07967236280161138,1.0
75.1,9.920487602404405,10.000007794777245,0.07952019237283992,1.0
75.2,9.920639337293009,10.000007794777245,0.07936845748423593,1.0
75.3,9.920790638301984,10.000007794777245,0.07921715647526106,1.0
75.4,9.920941507083965,10.000007794777245,0.07906628769327995,1.0
75.5,9.921091945283726,10.000007794777245,0.07891584949351937,1.0
75.6,9.921241954538223,10.000007794777245,0.07876584023902211,1.0
75.7,9.92139153647664,10.000007794777245,0.07861625830060426,1.0
75.8,9.921540692720438,10.000007794777245,0.07846710205680729,1.0
75.9,9.921689424883388,10.000007794777245,0.07831836989385721,1.0
76.0,9.921837734571625,10.000007794777245,0.07817006020562012,1.0
76.1,9.921985623383685,10.000007794777245,0.0780221713935596,1.0
76.2,9.922133092910556,10.000007794777245,0.07787470186668877,1.0
76.3,9.922280144735712,10.000007794777245,0.07772765004153293,1.0
76.4,9.922426780435158,10.000007794777245,0.07758101434208697,1.0
76.5,9.92257300157747,10.000007794777245,0.07743479319977453,1.0
76.6,9.922718809723849,10.000007794777245,0.07728898505339643,1.0
76.7,9.922864206428144,10.000007794777245,0.07714358834910051,1.0
76.8,9.923009193236913,10.000007794777245,0.07699860154033189,1.0
76.9,9.923153771689446,10.000007794777245,0.0768540230877992,1.0
77.0,9.923297943317817,10.000007794777245,0.07670985145942844,1.0
77.1,9.923441709646921,10.000007794777245,0.07656608513032381,1.0
77.2,9.923585072194518,10.000007794777245,0.07642272258272698,1.0
77.3,9.923728032471267,10.000007794777245,0.07627976230597788,1.0
77.4,9.923870591980771,10.000007794777245,0.07613720279647396,1.0
77.5,9.92401275221961,10.000007794777245,0.07599504255763456,1.0
77.6,9.924154514677392,10.000007794777245,0.07585328009985304,1.0
77.7,9.924295880836778,10.000007794777245,0.0757119139404665,1.0
77.8,9.92443685217353,10.000007794777245,0.075570942603715,1.0
77.9,9.924577430156546,10.000007794777245,0.07543036462069885,1.0
78.0,9.924717616247902,10.000007794777245,0.07529017852934317,1.0
78.1,9.924857411902885,10.000007794777245,0.07515038287436049,1.0
78.2,9.924996818570035,10.000007794777245,0.07501097620720998,1.0
78.3,9.925135837691176,10.000007794777245,0.07487195708606897,1.0
78.4,9.925274470701464,10.000007794777245,0.07473332407578148,1.0
78.5,9.925412719029413,10.000007794777245,0.07459507574783153,1.0
78.6,9.92555058409694,10.000007794777245,0.07445721068030586,1.0
78.7,9.925688067319394,10.000007794777245,0.07431972745785131,1.0
78.8,9.9258251701056,10.000007794777245,0.0741826246716446,1.0
78.9,9.925961893857894,10.000007794777245,0.07404590091935148,1.0
79.0,9.92609823997215,10.000007794777245,0.07390955480509476,1.0
79.1,9.926234209837828,10.000007794777245,0.07377358493941699,1.0
79.2,9.926369804838,10.000007794777245,0.07363798993924497,1.0
79.3,9.926505026349389,10.000007794777245,0.07350276842785597,1.0
79.4,9.926639875742406,10.000007794777245,0.07336791903483864,1.0
79.5,9.92677435438118,10.000007794777245,0.07323344039606461,1.0
79.6,9.926908463623597,10.000007794777245,0.07309933115364764,1.0
79.7,9.92704220482133,10.000007794777245,0.07296558995591518,1.0
79.8,9.927175579319876,10.000007794777245,0.07283221545736929,1.0
79.9,9.92730858845859,10.000007794777245,0.07269920631865467,1.0
80.0,9.927441233570717,10.000007794777245,0.07256656120652849,1.0
80.1,9.927573515983424,10.000007794777245,0.07243427879382125,1.0
80.2,9.927705437017837,10.000007794777245,0.07230235775940841,1.0
80.3,9.927836997989074,10.000007794777245,0.07217079678817129,1.0
80.4,9.927968200206275,10.000007794777245,0.07203959457097042,1.0
80.5,9.928099044972633,10.000007794777245,0.07190874980461182,1.0
80.6,9.928229533585434,10.000007794777245,0.07177826119181141,1.0
80.7,9.928359667336078,10.000007794777245,0.07164812744116666,1.0
80.8,9.928489447510124,10.000007794777245,0.07151834726712103,1.0
80.9,9.928618875387306,10.000007794777245,0.07138891938993908,1.0
81.0,9.928747952241583,10.000007794777245,0.07125984253566209,1.0
81.1,9.928876679341155,10.000007794777245,0.0711311154360903,1.0
81.2,9.9290050579485,10.000007794777245,0.07100273682874558,1.0
81.3,9.929133089320406,10.000007794777245,0.07087470545683949,1.0
81.4,9.929260774708002,10.000007794777245,0.07074702006924305,1.0
81.5,9.929388115356783,10.000007794777245,0.07061967942046188,1.0
81.6,9.92951511250665,10.000007794777245,0.07049268227059535,1.0
81.7,9.929641767391931,10.000007794777245,0.0703660273853135,1.0
81.8,9.929768081241415,10.000007794777245,0.07023971353583036,1.0
81.9,9.929894055278382,10.000007794777245,0.07011373949886313,1.0
82.0,9.930019690720632,10.000007794777245,0.0699881040566126,1.0
82.1,9.930144988780517,10.000007794777245,0.06986280599672767,1.0
82.2,9.930269950664963,10.000007794777245,0.06973784411228223,1.0
82.3,9.930394577575507,10.000007794777245,0.06961321720173785,1.0
82.4,9.930518870708323,10.000007794777245,0.06948892406892249,1.0
82.5,9.930642831254248,10.000007794777245,0.0693649635229967,1.0
82.6,9.930766460398814,10.000007794777245,0.06924133437843061,1.0
82.7,9.930889759322278,10.000007794777245,0.06911803545496653,1.0
82.8,9.931012729199646,10.000007794777245,0.06899506557759949,1.0
82.9,9.931135371200698,10.000007794777245,0.06887242357654699,1.0
83.0,9.931257686490028,10.000007794777245,0.06875010828721706,1.0
83.1,9.931379676227056,10.000007794777245,0.06862811855018869,1.0
83.2,9.93150134156607,10.000007794777245,0.06850645321117455,1.0
83.3,9.931622683656245,10.000007794777245,0.06838511112099965,1.0
83.4,9.93174370364167,10.000007794777245,0.06826409113557474,1.0
83.5,9.931864402661377,10.000007794777245,0.06814339211586784,1.0
83.6,9.93198478184937,10.000007794777245,0.06802301292787583,1.0
83.7,9.932104842334645,10.000007794777245,0.06790295244259958,1.0
83.8,9.932224585241226,10.000007794777245,0.06778320953601913,1.0
83.9,9.932344011688183,10.000007794777245,0.06766378308906162,1.0
84.0,9.932463122789661,10.000007794777245,0.06754467198758363,1.0
84.1,9.93258191965491,10.000007794777245,0.06742587512233555,1.0
84.2,9.9327004033883,10.000007794777245,0.0673073913889457,1.0
84.3,9.932818575089357,10.000007794777245,0.06718921968788827,1.0
84.4,9.932936435852788,10.000007794777245,0.0670713589244567,1.0
84.5,9.9330539867685,10.000007794777245,0.06695380800874418,1.0
84.6,9.933171228921632,10.000007794777245,0.06683656585561337,1.0
84.7,9.933288163392572,10.000007794777245,0.0667196313846734,1.0
84.8,9.93340479125699,10.000007794777245,0.06660300352025494,1.0
84.9,9.933521113585858,10.000007794777245,0.06648668119138712,1.0
85.0,9.933637131445478,10.000007794777245,0.06637066333176733,1.0
85.1,9.933752845897503,10.000007794777245,0.0662549488797417,1.0
85.2,9.933868257998963,10.000007794777245,0.066139536778282,1.0
85.3,9.933983368802288,10.000007794777245,0.06602442597495717,1.0
85.4,9.934098179355335,10.000007794777245,0.06590961542191032,1.0
85.5,9.934212690701404,10.000007794777245,0.06579510407584088,1.0
85.6,9.934326903879276,10.000007794777245,0.06568089089796914,1.0
85.7,9.934440819923221,10.000007794777245,0.06556697485402374,1.0
85.8,9.934554439863033,10.000007794777245,0.06545335491421156,1.0
85.9,9.934667764724043,10.000007794777245,0.06534003005320166,1.0
86.0,9.934780795527153,10.000007794777245,0.06522699925009157,1.0
86.1,9.934893533288854,10.000007794777245,0.06511426148839128,1.0
86.2,9.935005979021243,10.000007794777245,0.06500181575600195,1.0
86.3,9.935118133732058,10.000007794777245,0.06488966104518745,1.0
86.4,9.935229998424687,10.000007794777245,0.06477779635255843,1.0
86.5,9.935341574098203,10.000007794777245,0.06466622067904204,1.0
86.6,9.93545286174738,10.000007794777245,0.06455493302986426,1.0
86.7,9.935563862362713,10.000007794777245,0.06444393241453206,1.0
86.8,9.935674576930444,10.000007794777245,0.06433321784680146,1.0
86.9,9.935785006432585,10.000007794777245,0.06422278834465978,1.0
87.0,9.935895151846934,10.000007794777245,0.06411264293031138,1.0
87.1,9.936005014147101,10.000007794777245,0.06400278063014397,1.0
87.2,9.936114594302532,10.000007794777245,0.06389320047471259,1.0
87.3,9.936223893278523,10.000007794777245,0.06378390149872182,1.0
87.4,9.936332912036248,10.000007794777245,0.06367488274099742,1.0
87.5,9.936441651532775,10.000007794777245,0.0635661432444703,1.0
87.6,9.936550112721092,10.000007794777245,0.06345768205615343,1.0
87.7,9.936658296550123,10.000007794777245,0.06334949822712233,1.0
87.8,9.936766203964755,10.000007794777245,0.06324159081249014,1.0
87.9,9.93687383590585,10.000007794777245,0.06313395887139528,1.0
88.0,9.936981193310274,10.000007794777245,0.06302660146697114,1.0
88.1,9.93708827711091,10.000007794777245,0.06291951766633552,1.0
88.2,9.937195088236685,10.000007794777245,0.06281270654056037,1.0
88.3,9.937301627612586,10.000007794777245,0.06270616716465938,1.0
88.4,9.937407896159682,10.000007794777245,0.0625998986175631,1.0
88.5,9.93751389479514,10.000007794777245,0.06249389998210475,1.0
88.6,9.937619624432251,10.000007794777245,0.062388170344993554,1.0
88.7,9.937725085980444,10.000007794777245,0.062282708796800534,1.0
88.8,9.937830280345311,10.000007794777245,0.062177514431933645,1.0
88.9,9.93793520842862,10.000007794777245,0.062072586348625336,1.0
89.0,9.93803987112834,10.000007794777245,0.06196792364890413,1.0
89.1,9.93814426933866,10.000007794777245,0.061863525438585754,1.0
89.2,9.938248403949999,10.000007794777245,0.06175939082724646,1.0
89.3,9.93835227584904,10.000007794777245,0.06165551892820531,1.0
89.4,9.938455885918735,10.000007794777245,0.06155190885850992,1.0
89.5,9.938559235038333,10.000007794777245,0.06144855973891161,1.0
89.6,9.938662324083396,10.000007794777245,0.061345470693849435,1.0
89.7,9.938765153925814,10.000007794777245,0.06124264085143061,1.0
89.8,9.93886772543383,10.000007794777245,0.06114006934341454,1.0
89.9,9.938970039472048,10.000007794777245,0.06103775530519684,1.0
90.0,9.939072096901466,10.000007794777245,0.06093569787577913,1.0
90.1,9.939173898579483,10.000007794777245,0.060833896197761916,1.0
90.2,9.939275445359916,10.000007794777245,0.060732349417328635,1.0
90.3,9.939376738093026,10.000007794777245,0.060631056684218976,1.0
90.4,9.939477777625532,10.000007794777245,0.06053001715171291,1.0
90.5,9.939578564800629,10.000007794777245,0.06042922997661648,1.0
90.6,9.939679100458001,10.000007794777245,0.060328694319244036,1.0
90.7,9.939779385433845,10.000007794777245,0.06022840934340046,1.0
90.8,9.939879420560885,10.000007794777245,0.06012837421635986,1.0
90.9,9.939979206668394,10.000007794777245,0.060028588108851366,1.0
91.0,9.9400787445822,10.000007794777245,0.05992905019504491,1.0
91.1,9.940178035124717,10.000007794777245,0.059829759652528125,1.0
91.2,9.940277079114953,10.000007794777245,0.059730715662292155,1.0
91.3,9.94037587736853,10.000007794777245,0.05963191740871565,1.0
91.4,9.940474430697696,10.000007794777245,0.05953336407954879,1.0
91.5,9.940572739911353,10.000007794777245,0.059435054865891956,1.0
91.6,9.94067080581506,10.000007794777245,0.05933698896218509,1.0
91.7,9.94076862921106,10.000007794777245,0.05923916556618458,1.0
91.8,9.94086621089829,10.000007794777245,0.05914158387895441,1.0
91.9,9.9409635516724,10.000007794777245,0.059044243104844796,1.0
92.0,9.941060652325769,10.000007794777245,0.05894714245147625,1.0
92.1,9.941157513647521,10.000007794777245,0.05885028112972357,1.0
92.2,9.941254136423543,10.000007794777245,0.05875365835370161,1.0
92.3,9.941350521436496,10.000007794777245,0.05865727334074933,1.0
92.4,9.941446669465835,10.000007794777245,0.05856112531141022,1.0
92.5,9.941542581287822,10.000007794777245,0.05846521348942346,1.0
92.6,9.941638257675544,10.000007794777245,0.058369537101700786,1.0
92.7,9.941733699398933,10.000007794777245,0.058274095378312296,1.0
92.8,9.941828907224767,10.000007794777245,0.058178887552477576,1.0
92.9,9.9419238819167,10.000007794777245,0.05808391286054437,1.0
93.0,9.942018624235272,10.000007794777245,0.05798917054197261,1.0
93.1,9.942113134937923,10.000007794777245,0.05789465983932196,1.0
93.2,9.94220741477901,10.000007794777245,0.05780037999823584,1.0
93.3,9.94230146450982,10.000007794777245,0.05770633026742544,1.0
93.4,9.94239528487859,10.000007794777245,0.05761250989865552,1.0
93.5,9.942488876630513,10.000007794777245,0.057518918146731934,1.0
93.6,9.942582240507765,10.000007794777245,0.05742555426948037,1.0
93.7,9.942675377249504,10.000007794777245,0.057332417527740986,1.0
93.8,9.9427682875919,10.000007794777245,0.05723950718534532,1.0
93.9,9.94286097226814,10.000007794777245,0.05714682250910563,1.0
94.0,9.942953432008446,10.000007794777245,0.05705436276879894,1.0
94.1,9.94304566754009,10.000007794777245,0.05696212723715455,1.0
94.2,9.943137679587407,10.000007794777245,0.05687011518983809,1.0
94.3,9.943229468871806,10.000007794777245,0.056778325905439075,1.0
94.4,9.943321036111792,10.000007794777245,0.05668675866545314,1.0
94.5,9.943412382022974,10.000007794777245,0.05659541275427138,1.0
94.6,9.943503507318077,10.000007794777245,0.05650428745916791,1.0
94.7,9.943594412706965,10.000007794777245,0.05641338207028035,1.0
94.8,9.943685098896644,10.000007794777245,0.056322695880600904,1.0
94.9,9.943775566591286,10.000007794777245,0.05623222818595863,1.0
95.0,9.943865816492234,10.000007794777245,0.05614197828501055,1.0
95.1,9.943955849298021,10.000007794777245,0.056051945479223875,1.0
95.2,9.944045665704378,10.000007794777245,0.05596212907286713,1.0
95.3,9.944135266404258,10.000007794777245,0.05587252837298706,1.0
95.4,9.944224652087836,10.000007794777245,0.05578314268940865,1.0
95.5,9.944313823442535,10.000007794777245,0.05569397133471021,1.0
95.6,9.944402781153025,10.000007794777245,0.05560501362421988,1.0
95.7,9.944491525901253,10.000007794777245,0.05551626887599248,1.0
95.8,9.944580058366439,10.000007794777245,0.055427736410806006,1.0
95.9,9.944668379225105,10.000007794777245,0.05533941555214028,1.0
96.0,9.944756489151073,10.000007794777245,0.05525130562617164,1.0
96.1,9.944844388815492,10.000007794777245,0.0551634059617534,1.0
96.2,9.944932078886838,10.000007794777245,0.05507571589040694,1.0
96.3,9.945019560030936,10.000007794777245,0.05498823474630932,1.0
96.4,9.945106832910966,10.000007794777245,0.05490096186627902,1.0
96.5,9.945193898187485,10.000007794777245,0.05481389658975999,1.0
96.6,9.945280756518427,10.000007794777245,0.054727038258818084,1.0
96.7,9.945367408559122,10.000007794777245,0.05464038621812328,1.0
96.8,9.945453854962311,10.000007794777245,0.05455393981493373,1.0
96.9,9.945540096378155,10.000007794777245,0.05446769839909038,1.0
97.0,9.945626133454244,10.000007794777245,0.05438166132300104,1.0
97.1,9.945711966835617,10.000007794777245,0.054295827941627905,1.0
97.2,9.945797597164768,10.000007794777245,0.05421019761247692,1.0
97.3,9.94588302508166,10.000007794777245,0.05412476969558533,1.0
97.4,9.945968251223736,10.000007794777245,0.05403954355350926,1.0
97.5,9.94605327622593,10.000007794777245,0.053954518551314834,1.0
97.6,9.946138100720688,10.000007794777245,0.05386969405655684,1.0
97.7,9.946222725337963,10.000007794777245,0.053785069439282296,1.0
97.8,9.946307150705241,10.000007794777245,0.05370064407200381,1.0
97.9,9.946391377447545,10.000007794777245,0.05361641732969957,1.0
98.0,9.946475406187455,10.000007794777245,0.05353238858979026,1.0
98.1,9.946559237545104,10.000007794777245,0.053448557232140814,1.0
98.2,9.946642872138206,10.000007794777245,0.053364922639039136,1.0
98.3,9.946726310582061,10.000007794777245,0.05328148419518364,1.0
98.4,9.946809553489562,10.000007794777245,0.053198241287683246,1.0
98.5,9.94689260147121,10.000007794777245,0.053115193306034314,1.0
98.6,9.94697545513513,10.000007794777245,0.05303233964211529,1.0
98.7,9.947058115087072,10.000007794777245,0.0529496796901725,1.0
98.8,9.94714058193043,10.000007794777245,0.05286721284681484,1.0
98.9,9.94722285626625,10.000007794777245,0.052784938510994195,1.0
99.0,9.947304938693243,10.000007794777245,0.05270285608400194,1.0
99.1,9.947386829807792,10.000007794777245,0.0526209649694529,1.0
99.2,9.947468530203965,10.000007794777245,0.052539264573280064,1.0
99.3,9.947550040473526,10.000007794777245,0.05245775430371857,1.0
99.4,9.94763136120595,10.000007794777245,0.05237643357129507,1.0
99.5,9.94771249298842,10.000007794777245,0.05229530178882413,1.0
99.6,9.94779343640586,10.000007794777245,0.05221435837138522,1.0
99.7,9.947874192040917,10.000007794777245,0.052133602736327944,1.0
99.8,9.947954760474,10.000007794777245,0.05205303430324548,1.0
99.9,9.94803514228327,10.000007794777245,0.051972652493974536,1.0
100.0,9.94811533804466,10.000007794777245,0.05189245673258469,1.0
100.1,9.948195348331884,10.000007794777245,0.05181244644536065,1.0
100.2,9.948275173716445,10.000007794777245,0.051732621060800454,1.0
100.3,9.948354814767645,10.000007794777245,0.0516529800095995,1.0
100.4,9.9484342720526,10.000007794777245,0.051573522724645215,1.0
100.5,9.948513546136244,10.000007794777245,0.05149424864100105,1.0
100.6,9.948592637581344,10.000007794777245,0.05141515719590117,1.0
100.7,9.948671546948505,10.000007794777245,0.0513362478287398,1.0
100.8,9.948750274796184,10.000007794777245,0.05125751998106054,1.0
100.9,9.9488288216807,10.000007794777245,0.05117897309654573,1.0
101.0,9.94890718815624,10.000007794777245,0.051100606621005795,1.0
101.1,9.948985374774873,10.000007794777245,0.051022420002372115,1.0
101.2,9.949063382086557,10.000007794777245,0.05094441269068817,1.0
101.3,9.94914121063915,10.000007794777245,0.050866584138095305,1.0
101.4,9.949218860978418,10.000007794777245,0.05078893379882743,1.0
101.5,9.949296333648046,10.000007794777245,0.050711461129198554,1.0
101.6,9.949373629189651,10.000007794777245,0.05063416558759393,1.0
101.7,9.949450748142782,10.000007794777245,0.05055704663446292,1.0
101.8,9.949527691044938,10.000007794777245,0.0504801037323066,1.0
101.9,9.949604458431576,10.000007794777245,0.05040333634566885,1.0
102.0,9.949681050836114,10.000007794777245,0.050326743941131014,1.0
102.1,9.94975746878995,10.000007794777245,0.050250325987294175,1.0
102.2,9.949833712822468,10.000007794777245,0.05017408195477735,1.0
102.3,9.949909783461036,10.000007794777245,0.05009801131620861,1.0
102.4,9.949985681231036,10.000007794777245,0.05002211354620911,1.0
102.5,9.950061406655854,10.000007794777245,0.049946388121391294,1.0
102.6,9.950136960256899,10.000007794777245,0.04987083452034646,1.0
102.7,9.950212342553609,10.000007794777245,0.049795452223635905,1.0
102.8,9.950287554063463,10.000007794777245,0.049720240713782005,1.0
102.9,9.950362595301984,10.000007794777245,0.04964519947526114,1.0
103.0,9.950437466782756,10.000007794777245,0.04957032799448946,1.0
103.1,9.950512169017422,10.000007794777245,0.049495625759822914,1.0
103.2,9.950586702515702,10.000007794777245,0.04942109226154301,1.0
103.3,9.9506610677854,10.000007794777245,0.04934672699184439,1.0
103.4,9.95073526533241,10.000007794777245,0.049272529444834845,1.0
103.5,9.950809295660726,10.000007794777245,0.0491984991165193,1.0
103.6,9.950883159272447,10.000007794777245,0.049124635504798064,1.0
103.7,9.950956856667794,10.000007794777245,0.049050938109450826,1.0
103.8,9.951030388345112,10.000007794777245,0.04897740643213311,1.0
103.9,9.951103754800878,10.000007794777245,0.048904039976367386,1.0
104.0,9.95117695652971,10.000007794777245,0.0488308382475342,1.0
104.1,9.951249994024382,10.000007794777245,0.04875780075286329,1.0
104.2,9.95132286777582,10.000007794777245,0.04868492700142468,1.0
104.3,9.951395578273123,10.000007794777245,0.04861221650412162,1.0
104.4,9.95146812600356,10.000007794777245,0.04853966877368521,1.0
104.5,9.951540511452587,10.000007794777245,0.04846728332465844,1.0
104.6,9.95161273510385,10.000007794777245,0.048395059673394414,1.0
104.7,9.951684797439196,10.000007794777245,0.048322997338049234,1.0
104.8,9.951756698938675,10.000007794777245,0.04825109583856957,1.0
104.9,9.951828440080561,10.000007794777245,0.048179354696683774,1.0
105.0,9.951900021341345,10.000007794777245,0.048107773435900114,1.0
105.1,9.951971443195749,10.000007794777245,0.048036351581496106,1.0
105.2,9.952042706116739,10.000007794777245,0.04796508866050608,1.0
105.3,9.952113810575526,10.000007794777245,0.04789398420171942,1.0
105.4,9.952184757041573,10.000007794777245,0.04782303773567165,1.0
105.5,9.952255545982613,10.000007794777245,0.047752248794632024,1.0
105.6,9.952326177864641,10.000007794777245,0.04768161691260353,1.0
105.7,9.952396653151936,10.000007794777245,0.04761114162530866,1.0
105.8,9.95246697230706,10.000007794777245,0.04754082247018587,1.0
105.9,9.952537135790866,10.000007794777245,0.04747065898637892,1.0
106.0,9.952607144062515,10.000007794777245,0.047400650714729764,1.0
106.1,9.952676997579472,10.000007794777245,0.04733079719777322,1.0
106.2,9.952746696797517,10.000007794777245,0.047261097979728106,1.0
106.3,9.952816242170755,10.000007794777245,0.047191552606490106,1.0
106.4,9.95288563415162,10.000007794777245,0.04712216062562469,1.0
106.5,9.952954873190887,10.000007794777245,0.04705292158635821,1.0
106.6,9.953023959737672,10.000007794777245,0.0469838350395726,1.0
106.7,9.953092894239449,10.000007794777245,0.046914900537796456,1.0
106.8,9.953161677142043,10.000007794777245,0.04684611763520152,1.0
106.9,9.95323030888966,10.000007794777245,0.0467774858875849,1.0
107.0,9.953298789924869,10.000007794777245,0.04670900485237617,1.0
107.1,9.953367120688622,10.000007794777245,0.04664067408862316,1.0
107.2,9.953435301620264,10.000007794777245,0.04657249315698131,1.0
107.3,9.953503333157531,10.000007794777245,0.046504461619713666,1.0
107.4,9.953571215736565,10.000007794777245,0.046436579040680215,1.0
107.5,9.953638949791916,10.000007794777245,0.046368844985329005,1.0
107.6,9.95370653575655,10.000007794777245,0.046301259020694374,1.0
107.7,9.953773974061857,10.000007794777245,0.04623382071538806,1.0
107.8,9.953841265137658,10.000007794777245,0.046166529639586784,1.0
107.9,9.953908409412211,10.000007794777245,0.046099385365033996,1.0
108.0,9.953975407312216,10.000007794777245,0.046032387465029245,1.0
108.1,9.954042259262826,10.000007794777245,0.04596553551441929,1.0
108.2,9.95410896568765,10.000007794777245,0.04589882908959453,1.0
108.3,9.954175527008765,10.000007794777245,0.04583226776848015,1.0
108.4,9.954241943646714,10.000007794777245,0.04576585113053078,1.0
108.5,9.95430821602052,10.000007794777245,0.045699578756725145,1.0
108.6,9.95437434454769,10.000007794777245,0.04563345022955545,1.0
108.7,9.95444032964422,10.000007794777245,0.045567465133025564,1.0
108.8,9.954506171724606,10.000007794777245,0.04550162305263861,1.0
108.9,9.954571871201846,10.000007794777245,0.04543592357539872,1.0
109.0,9.95463742848745,10.000007794777245,0.04537036628979507,1.0
109.1,9.954702843991443,10.000007794777245,0.04530495078580188,1.0
109.2,9.954768118122374,10.000007794777245,0.045239676654871275,1.0
109.3,9.95483325128732,10.000007794777245,0.045174543489924446,1.0
109.4,9.954898243891897,10.000007794777245,0.04510955088534807,1.0
109.5,9.95496309634026,10.000007794777245,0.04504469843698544,1.0
109.6,9.955027809035114,10.000007794777245,0.044979985742131134,1.0
109.7,9.955092382377716,10.000007794777245,0.04491541239952923,1.0
109.8,9.95515681676789,10.000007794777245,0.04485097800935556,1.0
109.9,9.95522111260402,10.000007794777245,0.04478668217322479,1.0
110.0,9.95528527028307,10.000007794777245,0.044722524494174465,1.0
110.1,9.955349290200578,10.000007794777245,0.04465850457666676,1.0
110.2,9.95541317275067,10.000007794777245,0.04459462202657427,1.0
110.3,9.955476918326063,10.000007794777245,0.04453087645118181,1.0
110.4,9.955540527318073,10.000007794777245,0.04446726745917218,1.0
110.5,9.955604000116615,10.000007794777245,0.044403794660629714,1.0
110.6,9.95566733711022,10.000007794777245,0.044340457667024324,1.0
110.7,9.955730538686032,10.000007794777245,0.044277256091213246,1.0
110.8,9.955793605229813,10.000007794777245,0.04421418954743217,1.0
110.9,9.955856537125955,10.000007794777245,0.04415125765128991,1.0
111.0,9.955919334757485,10.000007794777245,0.04408846001975952,1.0
111.1,9.955981998506067,10.000007794777245,0.04402579627117831,1.0
111.2,9.95604452875201,10.000007794777245,0.04396326602523537,1.0
111.3,9.956106925874273,10.000007794777245,0.043900868902971624,1.0
111.4,9.956169190250472,10.000007794777245,0.043838604526772684,1.0
111.5,9.956231322256887,10.000007794777245,0.04377647252035821,1.0
111.6,9.956293322268461,10.000007794777245,0.043714472508783686,1.0
111.7,9.956355190658815,10.000007794777245,0.04365260411842975,1.0
111.8,9.956416927800246,10.000007794777245,0.043590866976998655,1.0
111.9,9.956478534063738,10.000007794777245,0.043529260713507156,1.0
112.0,9.956540009818962,10.000007794777245,0.04346778495828296,1.0
112.1,9.95660135543429,10.000007794777245,0.04340643934295585,1.0
112.2,9.956662571276787,10.000007794777245,0.043345223500457664,1.0
112.3,9.956723657712233,10.000007794777245,0.04328413706501166,1.0
112.4,9.956784615105116,10.000007794777245,0.043223179672128964,1.0
112.5,9.956845443818642,10.000007794777245,0.04316235095860321,1.0
112.6,9.95690614421474,10.000007794777245,0.043101650562505256,1.0
112.7,9.956966716654069,10.000007794777245,0.043041078123176035,1.0
112.8,9.957027161496018,10.000007794777245,0.04298063328122659,1.0
112.9,9.957087479098723,10.000007794777245,0.04292031567852206,1.0
113.0,9.957147669819054,10.000007794777245,0.04286012495819058,1.0
113.1,9.957207734012638,10.000007794777245,0.042800060764607295,1.0
113.2,9.957267672033854,10.000007794777245,0.042740122743390785,1.0
113.3,9.957327484235844,10.000007794777245,0.04268031054140131,1.0
113.4,9.95738717097051,10.000007794777245,0.04262062380673548,1.0
113.5,9.95744673258853,10.000007794777245,0.04256106218871558,1.0
113.6,9.957506169439354,10.000007794777245,0.04250162533789137,1.0
113.7,9.957565481871217,10.000007794777245,0.042442312906027624,1.0
113.8,9.957624670231137,10.000007794777245,0.04238312454610771,1.0
113.9,9.957683734864922,10.000007794777245,0.04232405991232291,1.0
114.0,9.957742676117178,10.000007794777245,0.0422651186600671,1.0
114.1,9.957801494331312,10.000007794777245,0.04220630044593321,1.0
114.2,9.957860189849534,10.000007794777245,0.04214760492771141,1.0
114.3,9.95791876301287,10.000007794777245,0.04208903176437495,1.0
114.4,9.957977214161158,10.000007794777245,0.04203058061608722,1.0
114.5,9.958035543633061,10.000007794777245,0.041972251144184014,1.0
114.6,9.958093751766063,10.000007794777245,0.0419140430111824,1.0
114.7,9.958151838896482,10.000007794777245,0.04185595588076296,1.0
114.8,9.958209805359472,10.000007794777245,0.04179798941777335,1.0
114.9,9.958267651489026,10.000007794777245,0.0417401432882194,1.0
115.0,9.95832537761798,10.000007794777245,0.04168241715926513,1.0
115.1,9.958382984078023,10.000007794777245,0.04162481069922208,1.0
115.2,9.958440471199701,10.000007794777245,0.041567323577544,1.0
115.3,9.958497839312413,10.000007794777245,0.04150995546483216,1.0
115.4,9.95855508874443,10.000007794777245,0.04145270603281581,1.0
115.5,9.958612219822884,10.000007794777245,0.04139557495436108,1.0
115.6,9.958669232873788,10.000007794777245,0.04133856190345675,1.0
115.7,9.958726128222027,10.000007794777245,0.04128166655521781,1.0
115.8,9.958782906191374,10.000007794777245,0.041224888585871255,1.0
115.9,9.958839567104485,10.000007794777245,0.04116822767275963,1.0
116.0,9.958896111282913,10.000007794777245,0.04111168349433214,1.0
116.1,9.958952539047102,10.000007794777245,0.0410552557301429,1.0
116.2,9.959008850716401,10.000007794777245,0.04099894406084381,1.0
116.3,9.959065046609064,10.000007794777245,0.040942748168181,1.0
116.4,9.959121127042257,10.000007794777245,0.040886667734987725,1.0
116.5,9.959177092332055,10.000007794777245,0.040830702445189715,1.0
116.6,9.95923294279346,10.000007794777245,0.04077485198378561,1.0
116.7,9.959288678740391,10.000007794777245,0.040719116036854075,1.0
116.8,9.959344300485697,10.000007794777245,0.040663494291548474,1.0
116.9,9.95939980834116,10.000007794777245,0.04060798643608443,1.0
117.0,9.9594552026175,10.000007794777245,0.04055259215974516,1.0
117.1,9.959510483624374,10.000007794777245,0.04049731115287081,1.0
117.2,9.95956565167039,10.000007794777245,0.0404421431068549,1.0
117.3,9.959620707063102,10.000007794777245,0.04038708771414257,1.0
117.4,9.959675650109016,10.000007794777245,0.040332144668228764,1.0
117.5,9.959730481113601,10.000007794777245,0.040277313663644065,1.0
117.6,9.959785200381287,10.000007794777245,0.04022259439595821,1.0
117.7,9.959839808215468,10.000007794777245,0.04016798656177656,1.0
117.8,9.959894304918514,10.000007794777245,0.0401134898587312,1.0
117.9,9.959948690791766,10.000007794777245,0.04005910398547918,1.0
118.0,9.960002966135546,10.000007794777245,0.040004828641698964,1.0
118.1,9.960057131249158,10.000007794777245,0.03995066352808685,1.0
118.2,9.960111186430895,10.000007794777245,0.03989660834634989,1.0
118.3,9.96016513197804,10.000007794777245,0.03984266279920412,1.0
118.4,9.960218968186876,10.000007794777245,0.0397888265903692,1.0
118.5,9.96027269535268,10.000007794777245,0.03973509942456488,1.0
118.6,9.960326313769738,10.000007794777245,0.03968148100750746,1.0
118.7,9.96037982373134,10.000007794777245,0.03962797104590443,1.0
118.8,9.960433225529792,10.000007794777245,0.03957456924745273,1.0
118.9,9.960486519456412,10.000007794777245,0.03952127532083338,1.0
119.0,9.960539705801539,10.000007794777245,0.039468088975706195,1.0
119.1,9.960592784854537,10.000007794777245,0.039415009922707966,1.0
119.2,9.960645756903794,10.000007794777245,0.03936203787345072,1.0
119.3,9.960698622236738,10.000007794777245,0.039309172540507475,1.0
119.4,9.960751381139822,10.000007794777245,0.03925641363742294,1.0
119.5,9.960804033898548,10.000007794777245,0.03920376087869748,1.0
119.6,9.960856580797453,10.000007794777245,0.03915121397979249,1.0
119.7,9.960909022120129,10.000007794777245,0.03909877265711614,1.0
119.8,9.960961358149213,10.000007794777245,0.03904643662803231,1.0
119.9,9.9610135891664,10.000007794777245,0.038994205610844546,1.0
120.0,9.961065715452444,10.000007794777245,0.038942079324801426,1.0
120.1,9.961117737287157,10.000007794777245,0.03889005749008767,1.0
120.2,9.961169654949423,10.000007794777245,0.03883813982782236,1.0
120.3,9.961221468717191,10.000007794777245,0.03878632606005361,1.0
120.4,9.961273178867488,10.000007794777245,0.0387346159097568,1.0
120.5,9.961324785676414,10.000007794777245,0.038683009100831,1.0
120.6,9.961376289419151,10.000007794777245,0.038631505358093676,1.0
120.7,9.96142769036997,10.000007794777245,0.03858010440727533,1.0
120.8,9.961478988802224,10.000007794777245,0.038528805975021285,1.0
120.9,9.961530184988362,10.000007794777245,0.038477609788882816,1.0
121.0,9.961581279199928,10.000007794777245,0.03842651557731713,1.0
121.1,9.961632271707561,10.000007794777245,0.03837552306968384,1.0
121.2,9.96168316278101,10.000007794777245,0.03832463199623426,1.0
121.3,9.961733952689125,10.000007794777245,0.03827384208812035,1.0
121.4,9.961784641699868,10.000007794777245,0.03822315307737689,1.0
121.5,9.961835230080313,10.000007794777245,0.0381725646969322,1.0
121.6,9.961885718096651,10.000007794777245,0.038122076680593864,1.0
121.7,9.961936106014196,10.000007794777245,0.03807168876304878,1.0
121.8,9.961986394097384,10.000007794777245,0.03802140067986137,1.0
121.9,9.962036582609777,10.000007794777245,0.03797121216746824,1.0
122.0,9.962086671814069,10.000007794777245,0.0379211229631764,1.0
122.1,9.96213666197209,10.000007794777245,0.03787113280515442,1.0
122.2,9.962186553344806,10.000007794777245,0.03782124143243948,1.0
122.3,9.962236346192322,10.000007794777245,0.037771448584923206,1.0
122.4,9.96228604077389,10.000007794777245,0.0377217540033552,1.0
122.5,9.96233563734791,10.000007794777245,0.03767215742933416,1.0
122.6,9.962385136171935,10.000007794777245,0.03762265860530967,1.0
122.7,9.962434537502666,10.000007794777245,0.03757325727457861,1.0
122.8,9.96248384159597,10.000007794777245,0.03752395318127455,1.0
122.9,9.96253304870687,10.000007794777245,0.03747474607037482,1.0
123.0,9.962582159089553,10.000007794777245,0.03742563568769164,1.0
123.1,9.962631172997376,10.000007794777245,0.03737662177986856,1.0
123.2,9.96268009068287,10.000007794777245,0.037327704094375136,1.0
123.3,9.962728912397733,10.000007794777245,0.03727888237951227,1.0
123.4,9.962777638392845,10.000007794777245,0.03723015638439975,1.0
123.5,9.962826268918267,10.000007794777245,0.03718152585897805,1.0
123.6,9.962874804223244,10.000007794777245,0.03713299055400121,1.0
123.7,9.962923244556205,10.000007794777245,0.0370845502210404,1.0
123.8,9.962971590164772,10.000007794777245,0.037036204612473256,1.0
123.9,9.963019841295761,10.000007794777245,0.03698795348148387,1.0
124.0,9.963067998195184,10.000007794777245,0.036939796582061035,1.0
124.1,9.963116061108252,10.000007794777245,0.0368917336689929,1.0
124.2,9.963164030279378,10.000007794777245,0.03684376449786697,1.0
124.3,9.963211905952184,10.000007794777245,0.03679588882506124,1.0
124.4,9.963259688369499,10.000007794777245,0.03674810640774595,1.0
124.5,9.963307377773365,10.000007794777245,0.03670041700388005,1.0
124.6,9.963354974405037,10.000007794777245,0.03665282037220763,1.0
124.7,9.963402478504992,10.000007794777245,0.03660531627225261,1.0
124.8,9.963449890312926,10.000007794777245,0.036557904464318725,1.0
124.9,9.963497210067763,10.000007794777245,0.03651058470948243,1.0
125.0,9.963544438007647,10.000007794777245,0.03646335676959822,1.0
125.1,9.963591574369959,10.000007794777245,0.036416220407286204,1.0
125.2,9.963638619391308,10.000007794777245,0.036369175385937424,1.0
125.3,9.963685573307545,10.000007794777245,0.036322221469699656,1.0
125.4,9.963732436353759,10.000007794777245,0.03627535842348628,1.0
125.5,9.963779208764276,10.000007794777245,0.03622858601296919,1.0
125.6,9.963825890772673,10.000007794777245,0.03618190400457166,1.0
125.7,9.963872482611773,10.000007794777245,0.036135312165471944,1.0
125.8,9.96391898451365,10.000007794777245,0.03608881026359434,1.0
125.9,9.963965396709632,10.000007794777245,0.03604239806761278,1.0
126.0,9.964011719430303,10.000007794777245,0.035996075346941936,1.0
126.1,9.964057952905506,10.000007794777245,0.035949841871739,1.0
126.2,9.96410409736435,10.000007794777245,0.035903697412894786,1.0
126.3,9.964150153035206,10.000007794777245,0.03585764174203909,1.0
126.4,9.964196120145713,10.000007794777245,0.03581167463153179,1.0
126.5,9.964241998922782,10.000007794777245,0.03576579585446282,1.0
126.6,9.964287789592598,10.000007794777245,0.03572000518464691,1.0
126.7,9.964333492380623,10.000007794777245,0.035674302396621727,1.0
126.8,9.964379107511597,10.000007794777245,0.03562868726564794,1.0
126.9,9.964424635209541,10.000007794777245,0.03558315956770386,1.0
127.0,9.964470075697763,10.000007794777245,0.03553771907948189,1.0
127.1,9.96451542919886,10.000007794777245,0.03549236557838498,1.0
127.2,9.964560695934715,10.000007794777245,0.03544709884253017,1.0
127.3,9.964605876126505,10.000007794777245,0.03540191865073972,1.0
127.4,9.964650969994706,10.000007794777245,0.03535682478253932,1.0
127.5,9.964695977759089,10.000007794777245,0.03531181701815633,1.0
127.6,9.964740899638727,10.000007794777245,0.035266895138517995,1.0
127.7,9.964785735851995,10.000007794777245,0.035222058925249655,1.0
127.8,9.964830486616579,10.000007794777245,0.03517730816066589,1.0
127.9,9.964875152149471,10.000007794777245,0.03513264262777405,1.0
128.0,9.964919732666974,10.000007794777245,0.03508806211027071,1.0
128.1,9.964964228384707,10.000007794777245,0.03504356639253814,1.0
128.2,9.965008639517604,10.000007794777245,0.0349991552596407,1.0
128.3,9.96505296627992,10.000007794777245,0.0349548284973249,1.0
128.4,9.965097208885231,10.000007794777245,0.03491058589201401,1.0
128.5,9.965141367546439,10.000007794777245,0.03486642723080635,1.0
128.6,9.965185442475772,10.000007794777245,0.03482235230147346,1.0
128.7,9.965229433884787,10.000007794777245,0.03477836089245834,1.0
128.8,9.965273341984375,10.000007794777245,0.03473445279287013,1.0
128.9,9.965317166984761,10.000007794777245,0.03469062779248411,1.0
129.0,9.965360909095507,10.000007794777245,0.03464688568173813,1.0
129.1,9.965404568525516,10.000007794777245,0.03460322625172907,1.0
129.2,9.965448145483032,10.000007794777245,0.034559649294212846,1.0
129.3,9.965491640175644,10.000007794777245,0.034516154601600846,1.0
129.4,9.965535052810289,10.000007794777245,0.03447274196695638,1.0
129.5,9.965578383593252,10.000007794777245,0.0344294111839929,1.0
129.6,9.965621632730175,10.000007794777245,0.03438616204707046,1.0
129.7,9.965664800426048,10.000007794777245,0.034342994351197476,1.0
129.8,9.965707886885221,10.000007794777245,0.03429990789202364,1.0
129.9,9.965750892311405,10.000007794777245,0.0342569024658399,1.0
130.0,9.965793816907672,10.000007794777245,0.03421397786957314,1.0
130.1,9.965836660876455,10.000007794777245,0.03417113390078974,1.0
130.2,9.965879424419558,10.000007794777245,0.03412837035768668,1.0
130.3,9.965922107738153,10.000007794777245,0.03408568703909154,1.0
130.4,9.96596471103278,10.000007794777245,0.0340430837444643,1.0
130.5,9.96600723450336,10.000007794777245,0.03400056027388487,1.0
130.6,9.966049678349183,10.000007794777245,0.03395811642806201,1.0
130.7,9.966092042768919,10.000007794777245,0.033915752008326194,1.0
130.8,9.966134327960622,10.000007794777245,0.03387346681662251,1.0
130.9,9.966176534121727,10.000007794777245,0.03383126065551778,1.0
131.0,9.966218661449053,10.000007794777245,0.03378913332819167,1.0
131.1,9.966260710138808,10.000007794777245,0.033747084638436675,1.0
131.2,9.966302680386592,10.000007794777245,0.033705114390652824,1.0
131.3,9.966344572387394,10.000007794777245,0.0336632223898512,1.0
131.4,9.966386386335596,10.000007794777245,0.033621408441648626,1.0
131.5,9.966428122424983,10.000007794777245,0.033579672352262335,1.0
131.6,9.966469780848733,10.000007794777245,0.033538013928511745,1.0
131.7,9.96651136179943,10.000007794777245,0.033496432977814905,1.0
131.8,9.966552865469056,10.000007794777245,0.0334549293081885,1.0
131.9,9.966594292049006,10.000007794777245,0.03341350272823895,1.0
132.0,9.966635641730075,10.000007794777245,0.03337215304716956,1.0
132.1,9.966676914702475,10.000007794777245,0.03333088007476981,1.0
132.2,9.966718111155824,10.000007794777245,0.03328968362142071,1.0
132.3,9.966759231279157,10.000007794777245,0.03324856349808769,1.0
132.4,9.96680027526093,10.000007794777245,0.03320751951631529,1.0
132.5,9.966841243289009,10.000007794777245,0.033166551488235996,1.0
132.6,9.966882135550689,10.000007794777245,0.03312565922655608,1.0
132.7,9.966922952232682,10.000007794777245,0.033084842544562676,1.0
132.8,9.966963693521132,10.000007794777245,0.03304410125611312,1.0
132.9,9.967004359601605,10.000007794777245,0.033003435175640305,1.0
133.0,9.967044950659096,10.000007794777245,0.03296284411814909,1.0
133.1,9.967085466878034,10.000007794777245,0.03292232789921101,1.0
133.2,9.96712590844228,10.000007794777245,0.03288188633496425,1.0
133.3,9.967166275535135,10.000007794777245,0.032841519242110095,1.0
133.4,9.96720656833933,10.000007794777245,0.03280122643791472,1.0
133.5,9.967246787037045,10.000007794777245,0.0327610077402003,1.0
133.6,9.967286931809891,10.000007794777245,0.03272086296735388,1.0
133.7,9.967327002838934,10.000007794777245,0.032680791938311415,1.0
133.8,9.96736700030468,10.000007794777245,0.03264079447256485,1.0
133.9,9.967406924387083,10.000007794777245,0.03260087039016213,1.0
134.0,9.967446775265548,10.000007794777245,0.03256101951169654,1.0
134.1,9.967486553118936,10.000007794777245,0.0325212416583085,1.0
134.2,9.967526258125556,10.000007794777245,0.03248153665168907,1.0
134.3,9.967565890463176,10.000007794777245,0.03244190431406935,1.0
134.4,9.96760545030902,10.000007794777245,0.03240234446822576,1.0
134.5,9.967644937839774,10.000007794777245,0.03236285693747121,1.0
134.6,9.967684353231586,10.000007794777245,0.03232344154565858,1.0
134.7,9.96772369666007,10.000007794777245,0.032284098117175475,1.0
134.8,9.967762968300299,10.000007794777245,0.03224482647694593,1.0
134.9,9.967802168326823,10.000007794777245,0.032205626450421576,1.0
135.0,9.967841296913655,10.000007794777245,0.03216649786359049,1.0
135.1,9.967880354234282,10.000007794777245,0.032127440542963015,1.0
135.2,9.967919340461666,10.000007794777245,0.03208845431557883,1.0
135.3,9.967958255768242,10.000007794777245,0.032049539009003425,1.0
135.4,9.967997100325924,10.000007794777245,0.03201069445132099,1.0
135.5,9.968035874306107,10.000007794777245,0.03197192047113795,1.0
135.6,9.968074577879664,10.000007794777245,0.03193321689758122,1.0
135.7,9.968113211216952,10.000007794777245,0.031894583560292844,1.0
135.8,9.968151774487817,10.000007794777245,0.031856020289428244,1.0
135.9,9.968190267861587,10.000007794777245,0.03181752691565798,1.0
136.0,9.968228691507079,10.000007794777245,0.031779103270165976,1.0
136.1,9.968267045592606,10.000007794777245,0.03174074918463887,1.0
136.2,9.968305330285967,10.000007794777245,0.03170246449127845,1.0
136.3,9.968343545754458,10.000007794777245,0.031664249022787416,1.0
136.4,9.968381692164872,10.000007794777245,0.031626102612372975,1.0
136.5,9.968419769683498,10.000007794777245,0.03158802509374681,1.0
136.6,9.968457778476127,10.000007794777245,0.03155001630111798,1.0
136.7,9.968495718708052,10.000007794777245,0.03151207606919293,1.0
136.8,9.968533590544064,10.000007794777245,0.031474204233180814,1.0
136.9,9.968571394148466,10.000007794777245,0.03143640062877928,1.0
137.0,9.968609129685063,10.000007794777245,0.03139866509218159,1.0
137.1,9.968646797317172,10.000007794777245,0.03136099746007304,1.0
137.2,9.96868439720762,10.000007794777245,0.031323397569625655,1.0
137.3,9.968721929518743,10.000007794777245,0.031285865258501744,1.0
137.4,9.968759394412396,10.000007794777245,0.03124840036484855,1.0
137.5,9.968796792049945,10.000007794777245,0.03121100272730004,1.0
137.6,9.968834122592277,10.000007794777245,0.031173672184968026,1.0
137.7,9.968871386199796,10.000007794777245,0.03113640857744926,1.0
137.8,9.968908583032427,10.000007794777245,0.031099211744818334,1.0
137.9,9.968945713249619,10.000007794777245,0.031062081527625907,1.0
138.0,9.968982777010346,10.000007794777245,0.0310250177668987,1.0
138.1,9.969019774473107,10.000007794777245,0.03098802030413772,1.0
138.2,9.969056705795929,10.000007794777245,0.030951088981316488,1.0
138.3,9.969093571136364,10.000007794777245,0.030914223640881033,1.0
138.4,9.969130370651504,10.000007794777245,0.030877424125741015,1.0
138.5,9.969167104497966,10.000007794777245,0.030840690279278604,1.0
138.6,9.969203772831905,10.000007794777245,0.0308040219453396,1.0
138.7,9.969240375809013,10.000007794777245,0.030767418968231652,1.0
138.8,9.969276913584517,10.000007794777245,0.03073088119272782,1.0
138.9,9.969313386313186,10.000007794777245,0.030694408464059464,1.0
139.0,9.969349794149325,10.000007794777245,0.03065800062791979,1.0
139.1,9.96938613724679,10.000007794777245,0.030621657530454982,1.0
139.2,9.969422415758975,10.000007794777245,0.03058537901826952,1.0
139.3,9.969458629838824,10.000007794777245,0.03054916493842086,1.0
139.4,9.969494779638822,10.000007794777245,0.030513015138422972,1.0
139.5,9.969530865311011,10.000007794777245,0.030476929466233926,1.0
139.6,9.969566887006978,10.000007794777245,0.030440907770266534,1.0
139.7,9.969602844877869,10.000007794777245,0.03040494989937592,1.0
139.8,9.969638739074375,10.000007794777245,0.030369055702870185,1.0
139.9,9.969674569746749,10.000007794777245,0.03033322503049618,1.0
140.0,9.969710337044798,10.000007794777245,0.03029745773244663,1.0
140.1,9.969746041117888,10.000007794777245,0.03026175365935657,1.0
140.2,9.969781682114949,10.000007794777245,0.030226112662296245,1.0
140.3,9.969817260184467,10.000007794777245,0.030190534592778207,1.0
140.4,9.969852775474495,10.000007794777245,0.03015501930275022,1.0
140.5,9.96988822813265,10.000007794777245,0.030119566644595253,1.0
140.6,9.969923618306115,10.000007794777245,0.03008417647112971,1.0
140.7,9.96995894614164,10.000007794777245,0.030048848635605196,1.0
140.8,9.969994211785547,10.000007794777245,0.030013582991697874,1.0
140.9,9.97002941538373,10.000007794777245,0.029978379393515553,1.0
141.0,9.970064557081649,10.000007794777245,0.029943237695595926,1.0
141.1,9.970099637024344,10.000007794777245,0.029908157752901232,1.0
141.2,9.970134655356427,10.000007794777245,0.029873139420818262,1.0
141.3,9.97016961222209,10.000007794777245,0.029838182555154802,1.0
141.4,9.9702045077651,10.000007794777245,0.029803287012144963,1.0
141.5,9.970239342128806,10.000007794777245,0.029768452648438526,1.0
141.6,9.970274115456139,10.000007794777245,0.029733679321106266,1.0
141.7,9.97030882788961,10.000007794777245,0.029698966887634626,1.0
141.8,9.97034347957132,10.000007794777245,0.029664315205925718,1.0
141.9,9.97037807064295,10.000007794777245,0.029629724134295543,1.0
142.0,9.97041260124577,10.000007794777245,0.029595193531475772,1.0
142.1,9.970447071520637,10.000007794777245,0.029560723256608412,1.0
142.2,9.970481481608003,10.000007794777245,0.029526313169242258,1.0
142.3,9.970515831647907,10.000007794777245,0.029491963129338217,1.0
142.4,9.97055012177998,10.000007794777245,0.02945767299726576,1.0
142.5,9.970584352143453,10.000007794777245,0.029423442633792263,1.0
142.6,9.970618522877148,10.000007794777245,0.029389271900097214,1.0
142.7,9.970652634119487,10.000007794777245,0.029355160657758006,1.0
142.8,9.970686686008488,10.000007794777245,0.029321108768757043,1.0
142.9,9.97072067868177,10.000007794777245,0.02928711609547463,1.0
143.0,9.970754612276556,10.000007794777245,0.02925318250068898,1.0
143.1,9.970788486929669,10.000007794777245,0.029219307847576204,1.0
143.2,9.970822302777533,10.000007794777245,0.0291854919997121,1.0
143.3,9.970856059956184,10.000007794777245,0.02915173482106148,1.0
143.4,9.97088975860126,10.000007794777245,0.029118036175985296,1.0
143.5,9.970923398848011,10.000007794777245,0.02908439592923351,1.0
143.6,9.970956980831293,10.000007794777245,0.029050813945952214,1.0
143.7,9.970990504685577,10.000007794777245,0.029017290091667647,1.0
143.8,9.971023970544943,10.000007794777245,0.02898382423230217,1.0
143.9,9.971057378543085,10.000007794777245,0.02895041623416006,1.0
144.0,9.97109072881331,10.000007794777245,0.02891706596393462,1.0
144.1,9.97112402148855,10.000007794777245,0.028883773288695735,1.0
144.2,9.971157256701341,10.000007794777245,0.028850538075904097,1.0
144.3,9.971190434583852,10.000007794777245,0.028817360193393426,1.0
144.4,9.971223555267862,10.000007794777245,0.028784239509382914,1.0
144.5,9.971256618884777,10.000007794777245,0.02875117589246834,1.0
144.6,9.971289625565623,10.000007794777245,0.02871816921162207,1.0
144.7,9.971322575441052,10.000007794777245,0.028685219336193057,1.0
144.8,9.971355468641338,10.000007794777245,0.028652326135906847,1.0
144.9,9.97138830529639,10.000007794777245,0.02861948948085491,1.0
145.0,9.971421085535734,10.000007794777245,0.028586709241510633,1.0
145.1,9.971453809488533,10.000007794777245,0.02855398528871156,1.0
145.2,9.97148647728358,10.000007794777245,0.02852131749366471,1.0
145.3,9.971519089049297,10.000007794777245,0.02848870572794837,1.0
145.4,9.971551644913738,10.000007794777245,0.028456149863506752,1.0
145.5,9.971584145004595,10.000007794777245,0.028423649772649995,1.0
145.6,9.971616589449196,10.000007794777245,0.02839120532804884,1.0
145.7,9.971648978374503,10.000007794777245,0.028358816402741738,1.0
145.8,9.971681311907117,10.000007794777245,0.028326482870127734,1.0
145.9,9.97171359017328,10.000007794777245,0.0282942046039647,1.0
146.0,9.971745813298872,10.000007794777245,0.02826198147837289,1.0
146.1,9.971777981409415,10.000007794777245,0.028229813367829593,1.0
146.2,9.97181009463008,10.000007794777245,0.028197700147165605,1.0
146.3,9.97184215308567,10.000007794777245,0.02816564169157587,1.0
146.4,9.971874156900645,10.000007794777245,0.02813363787659995,1.0
146.5,9.971906106199107,10.000007794777245,0.028101688578137995,1.0
146.6,9.971938001104807,10.000007794777245,0.028069793672438337,1.0
146.7,9.971969841741142,10.000007794777245,0.028037953036102792,1.0
146.8,9.972001628231162,10.000007794777245,0.028006166546083122,1.0
146.9,9.97203336069757,10.000007794777245,0.027974434079675703,1.0
147.0,9.972065039262718,10.000007794777245,0.02794275551452685,1.0
147.1,9.972096664048616,10.000007794777245,0.027911130728629274,1.0
147.2,9.972128235176923,10.000007794777245,0.027879559600322068,1.0
147.3,9.972159752768958,10.000007794777245,0.027848042008287166,1.0
147.4,9.972191216945697,10.000007794777245,0.027816577831547562,1.0
147.5,9.972222627827776,10.000007794777245,0.027785166949469087,1.0
147.6,9.97225398553549,10.000007794777245,0.02775380924175508,1.0
147.7,9.972285290188792,10.000007794777245,0.02772250458845349,1.0
147.8,9.972316541907297,10.000007794777245,0.027691252869948002,1.0
147.9,9.972347740810289,10.000007794777245,0.027660053966956255,1.0
148.0,9.97237888701671,10.000007794777245,0.02762890776053517,1.0
148.1,9.972409980645168,10.000007794777245,0.027597814132077403,1.0
148.2,9.972441021813939,10.000007794777245,0.027566772963306008,1.0
148.3,9.97247201064097,10.000007794777245,0.027535784136274444,1.0
148.4,9.972502947243871,10.000007794777245,0.027504847533373677,1.0
148.5,9.972533831739923,10.000007794777245,0.027473963037321525,1.0
148.6,9.97256466424608,10.000007794777245,0.027443130531164428,1.0
148.7,9.972595444878968,10.000007794777245,0.027412349898277455,1.0
148.8,9.972626173754884,10.000007794777245,0.027381621022360747,1.0
148.9,9.972656850989802,10.000007794777245,0.02735094378744307,1.0
149.0,9.972687476699367,10.000007794777245,0.02732031807787827,1.0
149.1,9.972718050998905,10.000007794777245,0.027289743778339925,1.0
149.2,9.972748574003418,10.000007794777245,0.027259220773826698,1.0
149.3,9.972779045827588,10.000007794777245,0.02722874894965699,1.0
149.4,9.972809466585772,10.000007794777245,0.0271983281914725,1.0
149.5,9.972839836392012,10.000007794777245,0.027167958385232893,1.0
149.6,9.972870155360033,10.000007794777245,0.027137639417212256,1.0
149.7,9.972900423603237,10.000007794777245,0.027107371174007966,1.0
149.8,9.972930641234715,10.000007794777245,0.02707715354253004,1.0
149.9,9.972960808367244,10.000007794777245,0.02704698641000114,1.0
150.0,9.972990925113281,10.000007794777245,0.02701686966396366,1.0
150.1,9.973020991584978,10.000007794777245,0.026986803192267317,1.0
150.2,9.973051007894165,10.000007794777245,0.026956786883079786,1.0
150.3,9.973080974152372,10.000007794777245,0.026926820624872505,1.0
150.4,9.973110890470814,10.000007794777245,0.026896904306431324,1.0
150.5,9.973140756960396,10.000007794777245,0.026867037816849404,1.0
150.6,9.973170573731718,10.000007794777245,0.026837221045527215,1.0
150.7,9.97320034089507,10.000007794777245,0.026807453882174315,1.0
150.8,9.973230058560443,10.000007794777245,0.02677773621680224,1.0
150.9,9.973259726837515,10.000007794777245,0.026748067939729836,1.0
151.0,9.973289345835665,10.000007794777245,0.02671844894157971,1.0
151.1,9.973318915663969,10.000007794777245,0.026688879113276442,1.0
151.2,9.973348436431202,10.000007794777245,0.02665935834604305,1.0
151.3,9.973377908245837,10.000007794777245,0.026629886531408076,1.0
151.4,9.973407331216048,10.000007794777245,0.02660046356119672,1.0
151.5,9.973436705449709,10.000007794777245,0.026571089327536157,1.0
151.6,9.973466031054397,10.000007794777245,0.026541763722848444,1.0
151.7,9.973495308137394,10.000007794777245,0.026512486639850508,1.0
151.8,9.973524536805687,10.000007794777245,0.026483257971557705,1.0
151.9,9.973553717165965,10.000007794777245,0.02645407761128027,1.0
152.0,9.973582849324623,10.000007794777245,0.02642494545262153,1.0
152.1,9.973611933387769,10.000007794777245,0.02639586138947614,1.0
152.2,9.973640969461211,10.000007794777245,0.026366825316033626,1.0
152.3,9.973669957650474,10.000007794777245,0.02633783712677129,1.0
152.4,9.973698898060787,10.000007794777245,0.026308896716457753,1.0
152.5,9.973727790797094,10.000007794777245,0.02628000398015118,1.0
152.6,9.973756635964047,10.000007794777245,0.026251158813197506,1.0
152.7,9.973785433666016,10.000007794777245,0.026222361111228665,1.0
152.8,9.973814184007082,10.000007794777245,0.02619361077016258,1.0
152.9,9.973842887091042,10.000007794777245,0.026164907686203165,1.0
153.0,9.973871543021406,10.000007794777245,0.026136251755838558,1.0
153.1,9.973900151901406,10.000007794777245,0.026107642875839332,1.0
153.2,9.973928713833988,10.000007794777245,0.026079080943256727,1.0
153.3,9.973957228921817,10.000007794777245,0.026050565855427976,1.0
153.4,9.973985697267276,10.000007794777245,0.0260220975099692,1.0
153.5,9.974014118972473,10.000007794777245,0.025993675804771854,1.0
153.6,9.974042494139232,10.000007794777245,0.02596530063801339,1.0
153.7,9.974070822869102,10.000007794777245,0.025936971908143036,1.0
153.8,9.974099105263356,10.000007794777245,0.025908689513888916,1.0
153.9,9.97412734142299,10.000007794777245,0.025880453354254485,1.0
154.0,9.974155531448726,10.000007794777245,0.025852263328518532,1.0
154.1,9.974183675441008,10.000007794777245,0.02582411933623696,1.0
154.2,9.974211773500011,10.000007794777245,0.025796021277233905,1.0
154.3,9.974239825725638,10.000007794777245,0.025767969051607054,1.0
154.4,9.974267832217517,10.000007794777245,0.025739962559727658,1.0
154.5,9.974295793075008,10.000007794777245,0.025712001702236975,1.0
154.6,9.9743237083972,10.000007794777245,0.02568408638004449,1.0
154.7,9.974351578282915,10.000007794777245,0.025656216494329698,1.0
154.8,9.974379402830705,10.000007794777245,0.02562839194654032,1.0
154.9,9.974407182138856,10.000007794777245,0.025600612638388753,1.0
155.0,9.974434916305388,10.000007794777245,0.025572878471857408,1.0
155.1,9.974462605428053,10.000007794777245,0.025545189349191588,1.0
155.2,9.974490249604345,10.000007794777245,0.025517545172899503,1.0
155.3,9.97451784893149,10.000007794777245,0.025489945845755813,1.0
155.4,9.974545403506447,10.000007794777245,0.02546239127079808,1.0
155.5,9.97457291342592,10.000007794777245,0.02543488135132499,1.0
155.6,9.97460037878635,10.000007794777245,0.025407415990894577,1.0
155.7,9.974627799683917,10.000007794777245,0.02537999509332778,1.0
155.8,9.974655176214542,10.000007794777245,0.0253526185627031,1.0
155.9,9.974682508473888,10.000007794777245,0.02532528630335662,1.0
156.0,9.97470979655736,10.000007794777245,0.025297998219885542,1.0
156.1,9.974737040560102,10.000007794777245,0.025270754217142866,1.0
156.2,9.974764240577011,10.000007794777245,0.02524355420023383,1.0
156.3,9.974791396702722,10.000007794777245,0.025216398074523028,1.0
156.4,9.974818509031616,10.000007794777245,0.025189285745629064,1.0
156.5,9.974845577657824,10.000007794777245,0.025162217119421015,1.0
156.6,9.97487260267522,10.000007794777245,0.025135192102025528,1.0
156.7,9.974899584177427,10.000007794777245,0.025108210599817937,1.0
156.8,9.97492652225782,10.000007794777245,0.025081272519425823,1.0
156.9,9.97495341700952,10.000007794777245,0.025054377767725455,1.0
157.0,9.974980268525401,10.000007794777245,0.025027526251843568,1.0
157.1,9.97500707689809,10.000007794777245,0.025000717879155587,1.0
157.2,9.975033842219961,10.000007794777245,0.02497395255728385,1.0
157.3,9.975060564583144,10.000007794777245,0.024947230194101166,1.0
157.4,9.97508724407952,10.000007794777245,0.024920550697725474,1.0
157.5,9.975113880800729,10.000007794777245,0.024893913976516302,1.0
157.6,9.975140474838161,10.000007794777245,0.024867319939083643,1.0
157.7,9.97516702628297,10.000007794777245,0.024840768494275522,1.0
157.8,9.975193535226056,10.000007794777245,0.024814259551188655,1.0
157.9,9.975220001758085,10.000007794777245,0.024787793019159565,1.0
158.0,9.975246425969479,10.000007794777245,0.02476136880776636,1.0
158.1,9.975272807950418,10.000007794777245,0.024734986826826955,1.0
158.2,9.975299147790844,10.000007794777245,0.02470864698640085,1.0
158.3,9.975325445580458,10.000007794777245,0.024682349196787357,1.0
158.4,9.975351701408721,10.000007794777245,0.024656093368523813,1.0
158.5,9.97537791536486,10.000007794777245,0.02462987941238559,1.0
158.6,9.975404087537862,10.000007794777245,0.024603707239382544,1.0
158.7,9.97543021801648,10.000007794777245,0.02457757676076433,1.0
158.8,9.97545630688923,10.000007794777245,0.02455148788801509,1.0
158.9,9.975482354244392,10.000007794777245,0.024525440532853438,1.0
159.0,9.975508360170014,10.000007794777245,0.024499434607230697,1.0
159.1,9.975534324753912,10.000007794777245,0.024473470023332666,1.0
159.2,9.975560248083667,10.000007794777245,0.02444754669357785,1.0
159.3,9.975586130246626,10.000007794777245,0.024421664530619225,1.0
159.4,9.975611971329911,10.000007794777245,0.024395823447333598,1.0
159.5,9.97563777142041,10.000007794777245,0.0243700233568358,1.0
159.6,9.97566353060478,10.000007794777245,0.02434426417246449,1.0
159.7,9.975689248969452,10.000007794777245,0.024318545807792802,1.0
159.8,9.975714926600629,10.000007794777245,0.02429286817661591,1.0
159.9,9.975740563584285,10.000007794777245,0.024267231192959926,1.0
160.0,9.975766160006167,10.000007794777245,0.024241634771078324,1.0
160.1,9.975791715951797,10.000007794777245,0.024216078825448406,1.0
160.2,9.97581723150647,10.000007794777245,0.024190563270774845,1.0
160.3,9.97584270675526,10.000007794777245,0.02416508802198436,1.0
160.4,9.975868141783014,10.000007794777245,0.024139652994231042,1.0
160.5,9.975893536674356,10.000007794777245,0.024114258102889252,1.0
160.6,9.97591889151369,10.000007794777245,0.024088903263555395,1.0
160.7,9.975944206385195,10.000007794777245,0.024063588392049695,1.0
160.8,9.975969481372832,10.000007794777245,0.024038313404412648,1.0
160.9,9.97599471656034,10.000007794777245,0.024013078216905015,1.0
161.0,9.976019912031237,10.000007794777245,0.023987882746007827,1.0
161.1,9.976045067868826,10.000007794777245,0.02396272690841883,1.0
161.2,9.976070184156189,10.000007794777245,0.023937610621056038,1.0
161.3,9.97609526097619,10.000007794777245,0.02391253380105418,1.0
161.4,9.976120298411477,10.000007794777245,0.023887496365768257,1.0
161.5,9.976145296544482,10.000007794777245,0.023862498232762874,1.0
161.6,9.97617025545742,10.000007794777245,0.023837539319824685,1.0
161.7,9.976195175232293,10.000007794777245,0.02381261954495173,1.0
161.8,9.976220055950888,10.000007794777245,0.023787738826356986,1.0
161.9,9.97624489769478,10.000007794777245,0.023762897082464818,1.0
162.0,9.976269700545327,10.000007794777245,0.023738094231918083,1.0
162.1,9.97629446458368,10.000007794777245,0.023713330193565696,1.0
162.2,9.976319189890772,10.000007794777245,0.023688604886473286,1.0
162.3,9.976343876547332,10.000007794777245,0.02366391822991254,1.0
162.4,9.976368524633877,10.000007794777245,0.023639270143368307,1.0
162.5,9.97639313423071,10.000007794777245,0.02361466054653505,1.0
162.6,9.97641770541793,10.000007794777245,0.02359008935931506,1.0
162.7,9.976442238275427,10.000007794777245,0.023565556501818463,1.0
162.8,9.97646673288288,10.000007794777245,0.023541061894365,1.0
162.9,9.976491189319766,10.000007794777245,0.02351660545747869,1.0
163.0,9.976515607665352,10.000007794777245,0.02349218711189316,1.0
163.1,9.976539987998702,10.000007794777245,0.023467806778542766,1.0
163.2,9.976564330398674,10.000007794777245,0.023443464378571477,1.0
163.3,9.976588634943917,10.000007794777245,0.02341915983332754,1.0
163.4,9.976612901712885,10.000007794777245,0.023394893064359934,1.0
163.5,9.976637130783825,10.000007794777245,0.023370663993420138,1.0
163.6,9.976661322234776,10.000007794777245,0.023346472542469243,1.0
163.7,9.976685476143583,10.000007794777245,0.023322318633661965,1.0
163.8,9.976709592587888,10.000007794777245,0.023298202189357298,1.0
163.9,9.976733671645128,10.000007794777245,0.023274123132116742,1.0
164.0,9.976757713392548,10.000007794777245,0.023250081384697197,1.0
164.1,9.976781717907183,10.000007794777245,0.023226076870061618,1.0
164.2,9.97680568526588,10.000007794777245,0.02320210951136481,1.0
164.3,9.976829615545281,10.000007794777245,0.02317817923196408,1.0
164.4,9.976853508821831,10.000007794777245,0.02315428595541391,1.0
164.5,9.97687736517178,10.000007794777245,0.023130429605464187,1.0
164.6,9.976901184671185,10.000007794777245,0.023106610106060188,1.0
164.7,9.976924967395899,10.000007794777245,0.02308282738134615,1.0
164.8,9.976948713421587,10.000007794777245,0.02305908135565815,1.0
164.9,9.976972422823716,10.000007794777245,0.02303537195352945,1.0
165.0,9.976996095677558,10.000007794777245,0.023011699099686922,1.0
165.1,9.977019732058196,10.000007794777245,0.022988062719049296,1.0
165.2,9.977043332040518,10.000007794777245,0.022964462736727143,1.0
165.3,9.977066895699219,10.000007794777245,0.022940899078026433,1.0
165.4,9.977090423108805,10.000007794777245,0.022917371668439657,1.0
165.5,9.977113914343589,10.000007794777245,0.022893880433656477,1.0
165.6,9.977137369477694,10.000007794777245,0.0228704252995513,1.0
165.7,9.977160788585053,10.000007794777245,0.022847006192192154,1.0
165.8,9.97718417173941,10.000007794777245,0.02282362303783536,1.0
165.9,9.977207519014321,10.000007794777245,0.02280027576292376,1.0
166.0,9.977230830483153,10.000007794777245,0.02277696429409204,1.0
166.1,9.977254106219087,10.000007794777245,0.022753688558157847,1.0
166.2,9.977277346295116,10.000007794777245,0.022730448482128907,1.0
166.3,9.977300550784047,10.000007794777245,0.02270724399319768,1.0
166.4,9.977323719758504,10.000007794777245,0.022684075018741368,1.0
166.5,9.977346853290921,10.000007794777245,0.022660941486323694,1.0
166.6,9.977369951453548,10.000007794777245,0.02263784332369667,1.0
166.7,9.977393014318455,10.000007794777245,0.02261478045878995,1.0
166.8,9.977416041957525,10.000007794777245,0.0225917528197197,1.0
166.9,9.97743903444246,10.000007794777245,0.022568760334785054,1.0
167.0,9.977461991844779,10.000007794777245,0.02254580293246633,1.0
167.1,9.977484914235818,10.000007794777245,0.022522880541426815,1.0
167.2,9.977507801686732,10.000007794777245,0.02249999309051276,1.0
167.3,9.977530654268499,10.000007794777245,0.022477140508746274,1.0
167.4,9.97755347205191,10.000007794777245,0.022454322725334208,1.0
167.5,9.977576255107586,10.000007794777245,0.022431539669659273,1.0
167.6,9.97759900350596,10.000007794777245,0.022408791271285367,1.0
167.7,9.977621717317291,10.000007794777245,0.022386077459954024,1.0
167.8,9.977644396611659,10.000007794777245,0.02236339816558619,1.0
167.9,9.977667041458966,10.000007794777245,0.022340753318278672,1.0
168.0,9.977689651928939,10.000007794777245,0.02231814284830591,1.0
168.1,9.977712228091125,10.000007794777245,0.022295566686119983,1.0
168.2,9.9777347700149,10.000007794777245,0.022273024762345273,1.0
168.3,9.977757277769461,10.000007794777245,0.0222505170077838,1.0
168.4,9.977779751423832,10.000007794777245,0.02222804335341344,1.0
168.5,9.977802191046862,10.000007794777245,0.022205603730382606,1.0
168.6,9.97782459670723,10.000007794777245,0.022183198070015564,1.0
168.7,9.977846968473433,10.000007794777245,0.022160826303812442,1.0
168.8,9.977869306413805,10.000007794777245,0.022138488363440345,1.0
168.9,9.977891610596503,10.000007794777245,0.022116184180742238,1.0
169.0,9.977913881089513,10.000007794777245,0.022093913687731614,1.0
169.1,9.97793611796065,10.000007794777245,0.022071676816594277,1.0
169.2,9.97795832127756,10.000007794777245,0.02204947349968478,1.0
169.3,9.977980491107717,10.000007794777245,0.02202730366952821,1.0
169.4,9.978002627518425,10.000007794777245,0.02200516725882018,1.0
169.5,9.978024730576822,10.000007794777245,0.021983064200423286,1.0
169.6,9.978046800349876,10.000007794777245,0.021960994427368874,1.0
169.7,9.978068836904384,10.000007794777245,0.0219389578728606,1.0
169.8,9.978090840306981,10.000007794777245,0.02191695447026376,1.0
169.9,9.978112810624129,10.000007794777245,0.02189498415311597,1.0
170.0,9.97813474792213,10.000007794777245,0.02187304685511471,1.0
170.1,9.978156652267115,10.000007794777245,0.021851142510129762,1.0
170.2,9.97817852372505,10.000007794777245,0.021829271052194343,1.0
170.3,9.978200362361738,10.000007794777245,0.021807432415506867,1.0
170.4,9.97822216824282,10.000007794777245,0.021785626534425617,1.0
170.5,9.978243941433766,10.000007794777245,0.02176385334347941,1.0
170.6,9.978265681999886,10.000007794777245,0.021742112777358713,1.0
170.7,9.97828739000633,10.000007794777245,0.021720404770915636,1.0
170.8,9.97830906551808,10.000007794777245,0.021698729259165717,1.0
170.9,9.978330708599959,10.000007794777245,0.021677086177286142,1.0
171.0,9.97835231931663,10.000007794777245,0.021655475460615747,1.0
171.1,9.97837389773259,10.000007794777245,0.021633897044655015,1.0
171.2,9.978395443912182,10.000007794777245,0.021612350865062524,1.0
171.3,9.978416957919583,10.000007794777245,0.021590836857662055,1.0
171.4,9.978438439818813,10.000007794777245,0.02156935495843193,1.0
171.5,9.978459889673733,10.000007794777245,0.02154790510351212,1.0
171.6,9.978481307548044,10.000007794777245,0.021526487229200697,1.0
171.7,9.97850269350529,10.000007794777245,0.021505101271955596,1.0
171.8,9.978524047608857,10.000007794777245,0.021483747168387524,1.0
171.9,9.978545369921973,10.000007794777245,0.02146242485527239,1.0
172.0,9.97856666050771,10.000007794777245,0.02144113426953531,1.0
172.1,9.978587919428984,10.000007794777245,0.021419875348261286,1.0
172.2,9.978609146748553,10.000007794777245,0.021398648028691625,1.0
172.3,9.978630342529023,10.000007794777245,0.021377452248222184,1.0
172.4,9.978651506832842,10.000007794777245,0.021356287944403363,1.0
172.5,9.978672639722305,10.000007794777245,0.021335155054940103,1.0
172.6,9.978693741259553,10.000007794777245,0.02131405351769189,1.0
172.7,9.978714811506572,10.000007794777245,0.02129298327067275,1.0
172.8,9.978735850525196,10.000007794777245,0.02127194425204948,1.0
172.9,9.978756858377107,10.000007794777245,0.021250936400138087,1.0
173.0,9.978777835123836,10.000007794777245,0.021229959653409125,1.0
173.1,9.978798780826757,10.000007794777245,0.021209013950487687,1.0
173.2,9.978819695547097,10.000007794777245,0.021188099230148083,1.0
173.3,9.978840579345933,10.000007794777245,0.02116721543131206,1.0
173.4,9.978861432284187,10.000007794777245,0.02114636249305768,1.0
173.5,9.978882254422636,10.000007794777245,0.021125540354608674,1.0
173.6,9.978903045821905,10.000007794777245,0.021104748955339758,1.0
173.7,9.978923806542468,10.000007794777245,0.02108398823477664,1.0
173.8,9.978944536644654,10.000007794777245,0.02106325813259069,1.0
173.9,9.978965236188643,10.000007794777245,0.02104255858860249,1.0
174.0,9.978985905234465,10.000007794777245,0.02102188954278006,1.0
174.1,9.979006543842004,10.000007794777245,0.021001250935240634,1.0
174.2,9.979027152071,10.000007794777245,0.020980642706245334,1.0
174.3,9.97904772998104,10.000007794777245,0.02096006479620449,1.0
174.4,9.979068277631571,10.000007794777245,0.020939517145674102,1.0
174.5,9.979088795081891,10.000007794777245,0.020918999695354046,1.0
174.6,9.979109282391153,10.000007794777245,0.02089851238609164,1.0
174.7,9.979129739618369,10.000007794777245,0.020878055158876307,1.0
174.8,9.979150166822402,10.000007794777245,0.02085762795484314,1.0
174.9,9.979170564061974,10.000007794777245,0.020837230715271104,1.0
175.0,9.97919093139566,10.000007794777245,0.020816863381584838,1.0
175.1,9.979211268881897,10.000007794777245,0.02079652589534753,1.0
175.2,9.979231576578975,10.000007794777245,0.020776218198269802,1.0
175.3,9.979251854545046,10.000007794777245,0.020755940232199066,1.0
175.4,9.979272102838113,10.000007794777245,0.02073569193913194,1.0
175.5,9.979292321516047,10.000007794777245,0.02071547326119827,1.0
175.6,9.97931251063657,10.000007794777245,0.02069528414067534,1.0
175.7,9.979332670257268,10.000007794777245,0.020675124519977217,1.0
175.8,9.979352800435585,10.000007794777245,0.02065499434166007,1.0
175.9,9.979372901228826,10.000007794777245,0.02063489354841863,1.0
176.0,9.979392972694155,10.000007794777245,0.020614822083089734,1.0
176.1,9.979413014888602,10.000007794777245,0.020594779888643444,1.0
176.2,9.979433027869053,10.000007794777245,0.020574766908191933,1.0
176.3,9.979453011692256,10.000007794777245,0.02055478308498948,1.0
176.4,9.979472966414823,10.000007794777245,0.02053482836242182,1.0
176.5,9.979492892093232,10.000007794777245,0.020514902684013236,1.0
176.6,9.979512788783818,10.000007794777245,0.020495005993426574,1.0
176.7,9.979532656542785,10.000007794777245,0.020475138234459678,1.0
176.8,9.979552495426194,10.000007794777245,0.020455299351050726,1.0
176.9,9.97957230548998,10.000007794777245,0.020435489287265796,1.0
177.0,9.97959208678993,10.000007794777245,0.020415707987314846,1.0
177.1,9.979611839381707,10.000007794777245,0.020395955395537513,1.0
177.2,9.979631563320838,10.000007794777245,0.020376231456406657,1.0
177.3,9.97965125866271,10.000007794777245,0.020356536114535473,1.0
177.4,9.97967092546258,10.000007794777245,0.02033686931466505,1.0
177.5,9.97969056377557,10.000007794777245,0.02031723100167504,1.0
177.6,9.979710173656672,10.000007794777245,0.020297621120572984,1.0
177.7,9.979729755160744,10.000007794777245,0.02027803961650143,1.0
177.8,9.979749308342509,10.000007794777245,0.020258486434736156,1.0
177.9,9.97976883325656,10.000007794777245,0.020238961520684384,1.0
178.0,9.979788329957362,10.000007794777245,0.020219464819883015,1.0
178.1,9.979807798499245,10.000007794777245,0.0201999962780004,1.0
178.2,9.979827238936407,10.000007794777245,0.02018055584083811,1.0
178.3,9.97984665132292,10.000007794777245,0.020161143454325625,1.0
178.4,9.979866035712721,10.000007794777245,0.020141759064523868,1.0
178.5,9.979885392159623,10.000007794777245,0.02012240261762166,1.0
178.6,9.979904720717306,10.000007794777245,0.020103074059939274,1.0
178.7,9.979924021439324,10.000007794777245,0.02008377333792133,1.0
178.8,9.979943294379098,10.000007794777245,0.020064500398147445,1.0
178.9,9.979962539589923,10.000007794777245,0.020045255187321587,1.0
179.0,9.979981757124971,10.000007794777245,0.020026037652273843,1.0
179.1,9.98000094703728,10.000007794777245,0.02000684773996575,1.0
179.2,9.98002010937976,10.000007794777245,0.019987685397484967,1.0
179.3,9.980039244205201,10.000007794777245,0.019968550572043497,1.0
179.4,9.980058351566266,10.000007794777245,0.019949443210979467,1.0
179.5,9.980077431515486,10.000007794777245,0.0199303632617589,1.0
179.6,9.980096484105271,10.000007794777245,0.019911310671973936,1.0
179.7,9.980115509387906,10.000007794777245,0.019892285389339293,1.0
179.8,9.98013450741555,10.000007794777245,0.0198732873616958,1.0
179.9,9.980153478240236,10.000007794777245,0.019854316537008643,1.0
180.0,9.980172421913874,10.000007794777245,0.019835372863370893,1.0
