tool,run_id,dx_um,dt_min,average_source,center_source,resolution_label,time_min,average_uM,center_uM
PhysiCell,PhysiCell_dx_40um,40.0,,mean over all voxels from microenvironment[4],mean over center voxels from microenvironment[4],voxel size=40 um,0.0,10.0,10.0
PhysiCell,PhysiCell_dx_40um,40.0,,mean over all voxels from microenvironment[4],mean over center voxels from microenvironment[4],voxel size=40 um,0.01,9.970744966415051,9.900677628155362
PhysiCell,PhysiCell_dx_40um,40.0,,mean over all voxels from microenvironment[4],mean over center voxels from microenvironment[4],voxel size=40 um,0.02,9.942304530651274,9.80239945825169
PhysiCell,PhysiCell_dx_40um,40.0,,mean over all voxels from microenvironment[4],mean over center voxels from microenvironment[4],voxel size=40 um,0.03,9.914653080621791,9.705195586585756
PhysiCell,PhysiCell_dx_40um,40.0,,mean over all voxels from microenvironment[4],mean over center voxels from microenvironment[4],voxel size=40 um,0.04,9.887765948868816,9.609093441350296
PhysiCell,PhysiCell_dx_40um,40.0,,mean over all voxels from microenvironment[4],mean over center voxels from microenvironment[4],voxel size=40 um,0.05,9.861619371490551,9.514117887850553
PhysiCell,PhysiCell_dx_40um,40.0,,mean over all voxels from microenvironment[4],mean over center voxels from microenvironment[4],voxel size=40 um,0.06,9.836190449117673,9.42029133291026
PhysiCell,PhysiCell_dx_40um,40.0,,mean over all voxels from microenvironment[4],mean over center voxels from microenvironment[4],voxel size=40 um,0.07,9.811457109825874,9.327633828161444
PhysiCell,PhysiCell_dx_40um,40.0,,mean over all voxels from microenvironment[4],mean over center voxels from microenvironment[4],voxel size=40 um,0.08,9.78739807387777,9.236163171949336
PhysiCell,PhysiCell_dx_40um,40.0,,mean over all voxels from microenvironment[4],mean over center voxels from microenvironment[4],voxel size=40 um,0.09,9.763992820193845,9.14589500961797
PhysiCell,PhysiCell_dx_40um,40.0,,mean over all voxels from microenvironment[4],mean over center voxels from microenvironment[4],voxel size=40 um,0.1,9.741221554458066,9.056842931973389
PhysiCell,PhysiCell_dx_40um,40.0,,mean over all voxels from microenvironment[4],mean over center voxels from microenvironment[4],voxel size=40 um,0.11,9.719065178769418,8.96901857175018
PhysiCell,PhysiCell_dx_40um,40.0,,mean over all voxels from microenvironment[4],mean over center voxels from microenvironment[4],voxel size=40 um,0.12,9.697505262755858,8.882431697933423
PhysiCell,PhysiCell_dx_40um,40.0,,mean over all voxels from microenvironment[4],mean over center voxels from microenvironment[4],voxel size=40 um,0.13,9.676524016072,8.79709030781216
PhysiCell,PhysiCell_dx_40um,40.0,,mean over all voxels from microenvironment[4],mean over center voxels from microenvironment[4],voxel size=40 um,0.14,9.656104262206618,8.713000716662439
PhysiCell,PhysiCell_dx_40um,40.0,,mean over all voxels from microenvironment[4],mean over center voxels from microenvironment[4],voxel size=40 um,0.15,9.636229413530124,8.630167644977915
PhysiCell,PhysiCell_dx_40um,40.0,,mean over all voxels from microenvironment[4],mean over center voxels from microenvironment[4],voxel size=40 um,0.16,9.616883447516452,8.548594303184016
PhysiCell,PhysiCell_dx_40um,40.0,,mean over all voxels from microenvironment[4],mean over center voxels from microenvironment[4],voxel size=40 um,0.17,9.598050884077413,8.468282473788037
PhysiCell,PhysiCell_dx_40um,40.0,,mean over all voxels from microenvironment[4],mean over center voxels from microenvironment[4],voxel size=40 um,0.18,9.579716763951188,8.389232590932227
PhysiCell,PhysiCell_dx_40um,40.0,,mean over all voxels from microenvironment[4],mean over center voxels from microenvironment[4],voxel size=40 um,0.19,9.561866628089982,8.311443817330186
PhysiCell,PhysiCell_dx_40um,40.0,,mean over all voxels from microenvironment[4],mean over center voxels from microenvironment[4],voxel size=40 um,0.2,9.544486497994948,8.234914118578706
PhysiCell,PhysiCell_dx_40um,40.0,,mean over all voxels from microenvironment[4],mean over center voxels from microenvironment[4],voxel size=40 um,0.21,9.527562856949471,8.159640334847833
PhysiCell,PhysiCell_dx_40um,40.0,,mean over all voxels from microenvironment[4],mean over center voxels from microenvironment[4],voxel size=40 um,0.22,9.511082632104642,8.085618249961227
PhysiCell,PhysiCell_dx_40um,40.0,,mean over all voxels from microenvironment[4],mean over center voxels from microenvironment[4],voxel size=40 um,0.23,9.495033177373342,8.012842657887326
PhysiCell,PhysiCell_dx_40um,40.0,,mean over all voxels from microenvironment[4],mean over center voxels from microenvironment[4],voxel size=40 um,0.24,9.479402257091785,7.9413074266690655
PhysiCell,PhysiCell_dx_40um,40.0,,mean over all voxels from microenvironment[4],mean over center voxels from microenvironment[4],voxel size=40 um,0.25,9.46417803040971,7.871005559826361
PhysiCell,PhysiCell_dx_40um,40.0,,mean over all voxels from microenvironment[4],mean over center voxels from microenvironment[4],voxel size=40 um,0.26,9.449349036372485,7.8019292552711095
PhysiCell,PhysiCell_dx_40um,40.0,,mean over all voxels from microenvironment[4],mean over center voxels from microenvironment[4],voxel size=40 um,0.27,9.43490417966045,7.7340699617792925
PhysiCell,PhysiCell_dx_40um,40.0,,mean over all voxels from microenvironment[4],mean over center voxels from microenvironment[4],voxel size=40 um,0.28,9.420832716952814,7.667418433068864
PhysiCell,PhysiCell_dx_40um,40.0,,mean over all voxels from microenvironment[4],mean over center voxels from microenvironment[4],voxel size=40 um,0.29,9.407124243884997,7.601964779535588
PhysiCell,PhysiCell_dx_40um,40.0,,mean over all voxels from microenvironment[4],mean over center voxels from microenvironment[4],voxel size=40 um,0.3,9.393768682570242,7.5376985177018785
PhysiCell,PhysiCell_dx_40um,40.0,,mean over all voxels from microenvironment[4],mean over center voxels from microenvironment[4],voxel size=40 um,0.31,9.380756269657768,7.474608617436058
PhysiCell,PhysiCell_dx_40um,40.0,,mean over all voxels from microenvironment[4],mean over center voxels from microenvironment[4],voxel size=40 um,0.32,9.368077544901203,7.412683547001366
PhysiCell,PhysiCell_dx_40um,40.0,,mean over all voxels from microenvironment[4],mean over center voxels from microenvironment[4],voxel size=40 um,0.33,9.355723340212597,7.3519113159954825
PhysiCell,PhysiCell_dx_40um,40.0,,mean over all voxels from microenvironment[4],mean over center voxels from microenvironment[4],voxel size=40 um,0.34,9.343684769178473,7.2922795162424485
PhysiCell,PhysiCell_dx_40um,40.0,,mean over all voxels from microenvironment[4],mean over center voxels from microenvironment[4],voxel size=40 um,0.35,9.331953217015698,7.233775360699534
PhysiCell,PhysiCell_dx_40um,40.0,,mean over all voxels from microenvironment[4],mean over center voxels from microenvironment[4],voxel size=40 um,0.36,9.32052033094618,7.176385720442088
PhysiCell,PhysiCell_dx_40um,40.0,,mean over all voxels from microenvironment[4],mean over center voxels from microenvironment[4],voxel size=40 um,0.37,9.309378010970443,7.120097159789499
PhysiCell,PhysiCell_dx_40um,40.0,,mean over all voxels from microenvironment[4],mean over center voxels from microenvironment[4],voxel size=40 um,0.38,9.29851840102113,7.064895969635305
PhysiCell,PhysiCell_dx_40um,40.0,,mean over all voxels from microenvironment[4],mean over center voxels from microenvironment[4],voxel size=40 um,0.39,9.28793388047867,7.010768199044146
PhysiCell,PhysiCell_dx_40um,40.0,,mean over all voxels from microenvironment[4],mean over center voxels from microenvironment[4],voxel size=40 um,0.4,9.277617056032012,6.957699685177755
PhysiCell,PhysiCell_dx_40um,40.0,,mean over all voxels from microenvironment[4],mean over center voxels from microenvironment[4],voxel size=40 um,0.41,9.267560753868445,6.905676081611481
PhysiCell,PhysiCell_dx_40um,40.0,,mean over all voxels from microenvironment[4],mean over center voxels from microenvironment[4],voxel size=40 um,0.42,9.25775801217718,6.854682885101994
PhysiCell,PhysiCell_dx_40um,40.0,,mean over all voxels from microenvironment[4],mean over center voxels from microenvironment[4],voxel size=40 um,0.43,9.2482020739523,6.804705460865846
PhysiCell,PhysiCell_dx_40um,40.0,,mean over all voxels from microenvironment[4],mean over center voxels from microenvironment[4],voxel size=40 um,0.44,9.238886380081254,6.75572906642754
PhysiCell,PhysiCell_dx_40um,40.0,,mean over all voxels from microenvironment[4],mean over center voxels from microenvironment[4],voxel size=40 um,0.45,9.229804562705988,6.70773887409448
PhysiCell,PhysiCell_dx_40um,40.0,,mean over all voxels from microenvironment[4],mean over center voxels from microenvironment[4],voxel size=40 um,0.46,9.220950438844225,6.66071999211506
PhysiCell,PhysiCell_dx_40um,40.0,,mean over all voxels from microenvironment[4],mean over center voxels from microenvironment[4],voxel size=40 um,0.47,9.21231800425924,6.614657484574713
PhysiCell,PhysiCell_dx_40um,40.0,,mean over all voxels from microenvironment[4],mean over center voxels from microenvironment[4],voxel size=40 um,0.48,9.203901427566953,6.569536390083448
PhysiCell,PhysiCell_dx_40um,40.0,,mean over all voxels from microenvironment[4],mean over center voxels from microenvironment[4],voxel size=40 um,0.49,9.19569504456972,6.525341739306975
PhysiCell,PhysiCell_dx_40um,40.0,,mean over all voxels from microenvironment[4],mean over center voxels from microenvironment[4],voxel size=40 um,0.5,9.187693352806795,6.482058571392053
PhysiCell,PhysiCell_dx_40um,40.0,,mean over all voxels from microenvironment[4],mean over center voxels from microenvironment[4],voxel size=40 um,0.51,9.179891006311895,6.4396719493352625
PhysiCell,PhysiCell_dx_40um,40.0,,mean over all voxels from microenvironment[4],mean over center voxels from microenvironment[4],voxel size=40 um,0.52,9.172282810568738,6.398166974342896
PhysiCell,PhysiCell_dx_40um,40.0,,mean over all voxels from microenvironment[4],mean over center voxels from microenvironment[4],voxel size=40 um,0.53,9.164863717655933,6.357528799228197
PhysiCell,PhysiCell_dx_40um,40.0,,mean over all voxels from microenvironment[4],mean over center voxels from microenvironment[4],voxel size=40 um,0.54,9.15762882157304,6.317742640890662
PhysiCell,PhysiCell_dx_40um,40.0,,mean over all voxels from microenvironment[4],mean over center voxels from microenvironment[4],voxel size=40 um,0.55,9.150573353739878,6.27879379192066
PhysiCell,PhysiCell_dx_40um,40.0,,mean over all voxels from microenvironment[4],mean over center voxels from microenvironment[4],voxel size=40 um,0.56,9.143692678661747,6.240667631371102
PhysiCell,PhysiCell_dx_40um,40.0,,mean over all voxels from microenvironment[4],mean over center voxels from microenvironment[4],voxel size=40 um,0.57,9.136982289753409,6.2033496347365045
PhysiCell,PhysiCell_dx_40um,40.0,,mean over all voxels from microenvironment[4],mean over center voxels from microenvironment[4],voxel size=40 um,0.58,9.130437805315115,6.166825383178259
PhysiCell,PhysiCell_dx_40um,40.0,,mean over all voxels from microenvironment[4],mean over center voxels from microenvironment[4],voxel size=40 um,0.59,9.12405496465424,6.131080572033545
PhysiCell,PhysiCell_dx_40um,40.0,,mean over all voxels from microenvironment[4],mean over center voxels from microenvironment[4],voxel size=40 um,0.6,9.117829624346443,6.096101018643922
PhysiCell,PhysiCell_dx_40um,40.0,,mean over all voxels from microenvironment[4],mean over center voxels from microenvironment[4],voxel size=40 um,0.61,9.111757754630498,6.061872669538221
PhysiCell,PhysiCell_dx_40um,40.0,,mean over all voxels from microenvironment[4],mean over center voxels from microenvironment[4],voxel size=40 um,0.62,9.105835435931244,6.028381607003051
PhysiCell,PhysiCell_dx_40um,40.0,,mean over all voxels from microenvironment[4],mean over center voxels from microenvironment[4],voxel size=40 um,0.63,9.1000588555054,5.995614055072888
PhysiCell,PhysiCell_dx_40um,40.0,,mean over all voxels from microenvironment[4],mean over center voxels from microenvironment[4],voxel size=40 um,0.64,9.094424304205159,5.963556384970434
PhysiCell,PhysiCell_dx_40um,40.0,,mean over all voxels from microenvironment[4],mean over center voxels from microenvironment[4],voxel size=40 um,0.65,9.088928173354793,5.932195120026677
PhysiCell,PhysiCell_dx_40um,40.0,,mean over all voxels from microenvironment[4],mean over center voxels from microenvironment[4],voxel size=40 um,0.66,9.08356695173565,5.901516940108862
PhysiCell,PhysiCell_dx_40um,40.0,,mean over all voxels from microenvironment[4],mean over center voxels from microenvironment[4],voxel size=40 um,0.67,9.078337222675195,5.871508685583397
PhysiCell,PhysiCell_dx_40um,40.0,,mean over all voxels from microenvironment[4],mean over center voxels from microenvironment[4],voxel size=40 um,0.68,9.07323566123592,5.842157360839547
PhysiCell,PhysiCell_dx_40um,40.0,,mean over all voxels from microenvironment[4],mean over center voxels from microenvironment[4],voxel size=40 um,0.69,9.068259031500107,5.813450137398669
PhysiCell,PhysiCell_dx_40um,40.0,,mean over all voxels from microenvironment[4],mean over center voxels from microenvironment[4],voxel size=40 um,0.7,9.063404183946703,5.785374356632648
PhysiCell,PhysiCell_dx_40um,40.0,,mean over all voxels from microenvironment[4],mean over center voxels from microenvironment[4],voxel size=40 um,0.71,9.058668052916623,5.757917532114131
PhysiCell,PhysiCell_dx_40um,40.0,,mean over all voxels from microenvironment[4],mean over center voxels from microenvironment[4],voxel size=40 um,0.72,9.054047654163039,5.731067351620168
PhysiCell,PhysiCell_dx_40um,40.0,,mean over all voxels from microenvironment[4],mean over center voxels from microenvironment[4],voxel size=40 um,0.73,9.049540082483334,5.704811678809858
PhysiCell,PhysiCell_dx_40um,40.0,,mean over all voxels from microenvironment[4],mean over center voxels from microenvironment[4],voxel size=40 um,0.74,9.045142509429578,5.679138554595665
PhysiCell,PhysiCell_dx_40um,40.0,,mean over all voxels from microenvironment[4],mean over center voxels from microenvironment[4],voxel size=40 um,0.75,9.040852181094474,5.6540361982271605
PhysiCell,PhysiCell_dx_40um,40.0,,mean over all voxels from microenvironment[4],mean over center voxels from microenvironment[4],voxel size=40 um,0.76,9.036666415969904,5.629493008105048
PhysiCell,PhysiCell_dx_40um,40.0,,mean over all voxels from microenvironment[4],mean over center voxels from microenvironment[4],voxel size=40 um,0.77,9.032582602875301,5.605497562342501
PhysiCell,PhysiCell_dx_40um,40.0,,mean over all voxels from microenvironment[4],mean over center voxels from microenvironment[4],voxel size=40 um,0.78,9.028598198953208,5.582038619090018
PhysiCell,PhysiCell_dx_40um,40.0,,mean over all voxels from microenvironment[4],mean over center voxels from microenvironment[4],voxel size=40 um,0.79,9.0247107277295,5.559105116639196
PhysiCell,PhysiCell_dx_40um,40.0,,mean over all voxels from microenvironment[4],mean over center voxels from microenvironment[4],voxel size=40 um,0.8,9.020917777235846,5.536686173320103
PhysiCell,PhysiCell_dx_40um,40.0,,mean over all voxels from microenvironment[4],mean over center voxels from microenvironment[4],voxel size=40 um,0.81,9.01721699819208,5.514771087206198
PhysiCell,PhysiCell_dx_40um,40.0,,mean over all voxels from microenvironment[4],mean over center voxels from microenvironment[4],voxel size=40 um,0.82,9.01360610224632,5.493349335640006
PhysiCell,PhysiCell_dx_40um,40.0,,mean over all voxels from microenvironment[4],mean over center voxels from microenvironment[4],voxel size=40 um,0.83,9.010082860270627,5.472410574592158
PhysiCell,PhysiCell_dx_40um,40.0,,mean over all voxels from microenvironment[4],mean over center voxels from microenvironment[4],voxel size=40 um,0.84,9.006645100710264,5.451944637865712
PhysiCell,PhysiCell_dx_40um,40.0,,mean over all voxels from microenvironment[4],mean over center voxels from microenvironment[4],voxel size=40 um,0.85,9.003290707984531,5.431941536157098
PhysiCell,PhysiCell_dx_40um,40.0,,mean over all voxels from microenvironment[4],mean over center voxels from microenvironment[4],voxel size=40 um,0.86,9.000017620937378,5.412391455984394
PhysiCell,PhysiCell_dx_40um,40.0,,mean over all voxels from microenvironment[4],mean over center voxels from microenvironment[4],voxel size=40 um,0.87,8.996823831335949,5.393284758493125
PhysiCell,PhysiCell_dx_40um,40.0,,mean over all voxels from microenvironment[4],mean over center voxels from microenvironment[4],voxel size=40 um,0.88,8.993707382415378,5.374611978149237
PhysiCell,PhysiCell_dx_40um,40.0,,mean over all voxels from microenvironment[4],mean over center voxels from microenvironment[4],voxel size=40 um,0.89,8.990666367468227,5.356363821328313
PhysiCell,PhysiCell_dx_40um,40.0,,mean over all voxels from microenvironment[4],mean over center voxels from microenvironment[4],voxel size=40 um,0.9,8.987698928476886,5.338531164809727
PhysiCell,PhysiCell_dx_40um,40.0,,mean over all voxels from microenvironment[4],mean over center voxels from microenvironment[4],voxel size=40 um,0.91,8.984803254787556,5.321105054183847
PhysiCell,PhysiCell_dx_40um,40.0,,mean over all voxels from microenvironment[4],mean over center voxels from microenvironment[4],voxel size=40 um,0.92,8.981977581824253,5.304076702180012
PhysiCell,PhysiCell_dx_40um,40.0,,mean over all voxels from microenvironment[4],mean over center voxels from microenvironment[4],voxel size=40 um,0.93,8.979220189841543,5.287437486922582
PhysiCell,PhysiCell_dx_40um,40.0,,mean over all voxels from microenvironment[4],mean over center voxels from microenvironment[4],voxel size=40 um,0.94,8.976529402714553,5.271178950121914
PhysiCell,PhysiCell_dx_40um,40.0,,mean over all voxels from microenvironment[4],mean over center voxels from microenvironment[4],voxel size=40 um,0.95,8.97390358676512,5.255292795206753
PhysiCell,PhysiCell_dx_40um,40.0,,mean over all voxels from microenvironment[4],mean over center voxels from microenvironment[4],voxel size=40 um,0.96,8.97134114962271,5.239770885404159
PhysiCell,PhysiCell_dx_40um,40.0,,mean over all voxels from microenvironment[4],mean over center voxels from microenvironment[4],voxel size=40 um,0.97,8.968840539119023,5.224605241772732
PhysiCell,PhysiCell_dx_40um,40.0,,mean over all voxels from microenvironment[4],mean over center voxels from microenvironment[4],voxel size=40 um,0.98,8.966400242215105,5.209788041194529
PhysiCell,PhysiCell_dx_40um,40.0,,mean over all voxels from microenvironment[4],mean over center voxels from microenvironment[4],voxel size=40 um,0.99,8.964018783959869,5.195311614330818
PhysiCell,PhysiCell_dx_40um,40.0,,mean over all voxels from microenvironment[4],mean over center voxels from microenvironment[4],voxel size=40 um,1.0,8.961694726479003,5.181168443546427
PhysiCell,PhysiCell_dx_40um,40.0,,mean over all voxels from microenvironment[4],mean over center voxels from microenvironment[4],voxel size=40 um,1.01,8.959426667993247,5.167351160807202
PhysiCell,PhysiCell_dx_40um,40.0,,mean over all voxels from microenvironment[4],mean over center voxels from microenvironment[4],voxel size=40 um,1.02,8.957213241865055,5.153852545554824
PhysiCell,PhysiCell_dx_40um,40.0,,mean over all voxels from microenvironment[4],mean over center voxels from microenvironment[4],voxel size=40 um,1.03,8.955053115672724,5.140665522562912
PhysiCell,PhysiCell_dx_40um,40.0,,mean over all voxels from microenvironment[4],mean over center voxels from microenvironment[4],voxel size=40 um,1.04,8.95294499031109,5.12778315977816
PhysiCell,PhysiCell_dx_40um,40.0,,mean over all voxels from microenvironment[4],mean over center voxels from microenvironment[4],voxel size=40 um,1.05,8.95088759911793,5.1151986661499675
PhysiCell,PhysiCell_dx_40um,40.0,,mean over all voxels from microenvironment[4],mean over center voxels from microenvironment[4],voxel size=40 um,1.06,8.948879707025233,5.10290538945183
PhysiCell,PhysiCell_dx_40um,40.0,,mean over all voxels from microenvironment[4],mean over center voxels from microenvironment[4],voxel size=40 um,1.07,8.94692010973454,5.090896814097507
PhysiCell,PhysiCell_dx_40um,40.0,,mean over all voxels from microenvironment[4],mean over center voxels from microenvironment[4],voxel size=40 um,1.08,8.945007632915582,5.079166558954839
PhysiCell,PhysiCell_dx_40um,40.0,,mean over all voxels from microenvironment[4],mean over center voxels from microenvironment[4],voxel size=40 um,1.09,8.943141131427511,5.067708375159809
PhysiCell,PhysiCell_dx_40um,40.0,,mean over all voxels from microenvironment[4],mean over center voxels from microenvironment[4],voxel size=40 um,1.1,8.94131948856192,5.0565161439333615
PhysiCell,PhysiCell_dx_40um,40.0,,mean over all voxels from microenvironment[4],mean over center voxels from microenvironment[4],voxel size=40 um,1.11,8.939541615307078,5.0455838744032295
PhysiCell,PhysiCell_dx_40um,40.0,,mean over all voxels from microenvironment[4],mean over center voxels from microenvironment[4],voxel size=40 um,1.12,8.937806449632612,5.03490570143291
PhysiCell,PhysiCell_dx_40um,40.0,,mean over all voxels from microenvironment[4],mean over center voxels from microenvironment[4],voxel size=40 um,1.13,8.936112955794094,5.02447588345976
PhysiCell,PhysiCell_dx_40um,40.0,,mean over all voxels from microenvironment[4],mean over center voxels from microenvironment[4],voxel size=40 um,1.14,8.934460123656812,5.014288800344027
PhysiCell,PhysiCell_dx_40um,40.0,,mean over all voxels from microenvironment[4],mean over center voxels from microenvironment[4],voxel size=40 um,1.15,8.932846968038238,5.00433895123051
PhysiCell,PhysiCell_dx_40um,40.0,,mean over all voxels from microenvironment[4],mean over center voxels from microenvironment[4],voxel size=40 um,1.16,8.931272528068515,4.994620952424395
PhysiCell,PhysiCell_dx_40um,40.0,,mean over all voxels from microenvironment[4],mean over center voxels from microenvironment[4],voxel size=40 um,1.17,8.929735866568524,4.985129535282695
PhysiCell,PhysiCell_dx_40um,40.0,,mean over all voxels from microenvironment[4],mean over center voxels from microenvironment[4],voxel size=40 um,1.18,8.928236069444875,4.975859544122626
PhysiCell,PhysiCell_dx_40um,40.0,,mean over all voxels from microenvironment[4],mean over center voxels from microenvironment[4],voxel size=40 um,1.19,8.926772245101414,4.9668059341480815
PhysiCell,PhysiCell_dx_40um,40.0,,mean over all voxels from microenvironment[4],mean over center voxels from microenvironment[4],voxel size=40 um,1.2,8.925343523866678,4.9579637693953424
PhysiCell,PhysiCell_dx_40um,40.0,,mean over all voxels from microenvironment[4],mean over center voxels from microenvironment[4],voxel size=40 um,1.21,8.923949057436843,4.949328220699012
PhysiCell,PhysiCell_dx_40um,40.0,,mean over all voxels from microenvironment[4],mean over center voxels from microenvironment[4],voxel size=40 um,1.22,8.92258801833374,4.940894563679053
PhysiCell,PhysiCell_dx_40um,40.0,,mean over all voxels from microenvironment[4],mean over center voxels from microenvironment[4],voxel size=40 um,1.23,8.921259599377391,4.9326581767498
PhysiCell,PhysiCell_dx_40um,40.0,,mean over all voxels from microenvironment[4],mean over center voxels from microenvironment[4],voxel size=40 um,1.24,8.919963013172744,4.924614539151623
PhysiCell,PhysiCell_dx_40um,40.0,,mean over all voxels from microenvironment[4],mean over center voxels from microenvironment[4],voxel size=40 um,1.25,8.918697491610137,4.916759229005957
PhysiCell,PhysiCell_dx_40um,40.0,,mean over all voxels from microenvironment[4],mean over center voxels from microenvironment[4],voxel size=40 um,1.26,8.917462285379067,4.909087921394244
PhysiCell,PhysiCell_dx_40um,40.0,,mean over all voxels from microenvironment[4],mean over center voxels from microenvironment[4],voxel size=40 um,1.27,8.916256663494913,4.901596386461327
PhysiCell,PhysiCell_dx_40um,40.0,,mean over all voxels from microenvironment[4],mean over center voxels from microenvironment[4],voxel size=40 um,1.28,8.915079912838241,4.894280487543737
PhysiCell,PhysiCell_dx_40um,40.0,,mean over all voxels from microenvironment[4],mean over center voxels from microenvironment[4],voxel size=40 um,1.29,8.913931337706256,4.887136179323286
PhysiCell,PhysiCell_dx_40um,40.0,,mean over all voxels from microenvironment[4],mean over center voxels from microenvironment[4],voxel size=40 um,1.3,8.912810259376167,4.880159506006269
PhysiCell,PhysiCell_dx_40um,40.0,,mean over all voxels from microenvironment[4],mean over center voxels from microenvironment[4],voxel size=40 um,1.31,8.911716015679987,4.873346599528599
PhysiCell,PhysiCell_dx_40um,40.0,,mean over all voxels from microenvironment[4],mean over center voxels from microenvironment[4],voxel size=40 um,1.32,8.910647960590573,4.866693677787077
PhysiCell,PhysiCell_dx_40um,40.0,,mean over all voxels from microenvironment[4],mean over center voxels from microenvironment[4],voxel size=40 um,1.33,8.909605463818469,4.860197042896996
PhysiCell,PhysiCell_dx_40um,40.0,,mean over all voxels from microenvironment[4],mean over center voxels from microenvironment[4],voxel size=40 um,1.34,8.908587910419321,4.853853079476237
PhysiCell,PhysiCell_dx_40um,40.0,,mean over all voxels from microenvironment[4],mean over center voxels from microenvironment[4],voxel size=40 um,1.35,8.907594700411536,4.847658252955927
PhysiCell,PhysiCell_dx_40um,40.0,,mean over all voxels from microenvironment[4],mean over center voxels from microenvironment[4],voxel size=40 um,1.36,8.906625248403909,4.841609107917761
PhysiCell,PhysiCell_dx_40um,40.0,,mean over all voxels from microenvironment[4],mean over center voxels from microenvironment[4],voxel size=40 um,1.37,8.905678983232885,4.835702266457992
PhysiCell,PhysiCell_dx_40um,40.0,,mean over all voxels from microenvironment[4],mean over center voxels from microenvironment[4],voxel size=40 um,1.38,8.904755347609308,4.829934426578106
PhysiCell,PhysiCell_dx_40um,40.0,,mean over all voxels from microenvironment[4],mean over center voxels from microenvironment[4],voxel size=40 um,1.39,8.903853797774214,4.824302360602123
PhysiCell,PhysiCell_dx_40um,40.0,,mean over all voxels from microenvironment[4],mean over center voxels from microenvironment[4],voxel size=40 um,1.4,8.902973803163606,4.8188029136204955
PhysiCell,PhysiCell_dx_40um,40.0,,mean over all voxels from microenvironment[4],mean over center voxels from microenvironment[4],voxel size=40 um,1.41,8.902114846081796,4.81343300196049
PhysiCell,PhysiCell_dx_40um,40.0,,mean over all voxels from microenvironment[4],mean over center voxels from microenvironment[4],voxel size=40 um,1.42,8.901276421383217,4.8081896116829554
PhysiCell,PhysiCell_dx_40um,40.0,,mean over all voxels from microenvironment[4],mean over center voxels from microenvironment[4],voxel size=40 um,1.43,8.900458036162338,4.803069797105321
PhysiCell,PhysiCell_dx_40um,40.0,,mean over all voxels from microenvironment[4],mean over center voxels from microenvironment[4],voxel size=40 um,1.44,8.899659209451587,4.798070679350707
PhysiCell,PhysiCell_dx_40um,40.0,,mean over all voxels from microenvironment[4],mean over center voxels from microenvironment[4],voxel size=40 um,1.45,8.89887947192697,4.793189444922936
PhysiCell,PhysiCell_dx_40um,40.0,,mean over all voxels from microenvironment[4],mean over center voxels from microenvironment[4],voxel size=40 um,1.46,8.898118365621213,4.788423344307268
PhysiCell,PhysiCell_dx_40um,40.0,,mean over all voxels from microenvironment[4],mean over center voxels from microenvironment[4],voxel size=40 um,1.47,8.897375443644227,4.78376969059666
PhysiCell,PhysiCell_dx_40um,40.0,,mean over all voxels from microenvironment[4],mean over center voxels from microenvironment[4],voxel size=40 um,1.48,8.896650269910667,4.779225858143301
PhysiCell,PhysiCell_dx_40um,40.0,,mean over all voxels from microenvironment[4],mean over center voxels from microenvironment[4],voxel size=40 um,1.49,8.895942418874458,4.774789281235216
PhysiCell,PhysiCell_dx_40um,40.0,,mean over all voxels from microenvironment[4],mean over center voxels from microenvironment[4],voxel size=40 um,1.5,8.89525147526999,4.770457452797672
PhysiCell,PhysiCell_dx_40um,40.0,,mean over all voxels from microenvironment[4],mean over center voxels from microenvironment[4],voxel size=40 um,1.51,8.894577033859935,4.766227923119126
PhysiCell,PhysiCell_dx_40um,40.0,,mean over all voxels from microenvironment[4],mean over center voxels from microenvironment[4],voxel size=40 um,1.52,8.893918699189394,4.762098298601452
PhysiCell,PhysiCell_dx_40um,40.0,,mean over all voxels from microenvironment[4],mean over center voxels from microenvironment[4],voxel size=40 um,1.53,8.893276085346283,4.758066240534171
PhysiCell,PhysiCell_dx_40um,40.0,,mean over all voxels from microenvironment[4],mean over center voxels from microenvironment[4],voxel size=40 um,1.54,8.89264881572774,4.754129463892375
PhysiCell,PhysiCell_dx_40um,40.0,,mean over all voxels from microenvironment[4],mean over center voxels from microenvironment[4],voxel size=40 um,1.55,8.892036522812425,4.750285736158091
PhysiCell,PhysiCell_dx_40um,40.0,,mean over all voxels from microenvironment[4],mean over center voxels from microenvironment[4],voxel size=40 um,1.56,8.891438847938552,4.746532876164738
PhysiCell,PhysiCell_dx_40um,40.0,,mean over all voxels from microenvironment[4],mean over center voxels from microenvironment[4],voxel size=40 um,1.57,8.890855441087465,4.742868752964414
PhysiCell,PhysiCell_dx_40um,40.0,,mean over all voxels from microenvironment[4],mean over center voxels from microenvironment[4],voxel size=40 um,1.58,8.890285960672681,4.739291284717664
PhysiCell,PhysiCell_dx_40um,40.0,,mean over all voxels from microenvironment[4],mean over center voxels from microenvironment[4],voxel size=40 um,1.59,8.889730073334192,4.735798437605449
PhysiCell,PhysiCell_dx_40um,40.0,,mean over all voxels from microenvironment[4],mean over center voxels from microenvironment[4],voxel size=40 um,1.6,8.889187453737907,4.732388224762975
PhysiCell,PhysiCell_dx_40um,40.0,,mean over all voxels from microenvironment[4],mean over center voxels from microenvironment[4],voxel size=40 um,1.61,8.888657784380124,4.729058705235074
PhysiCell,PhysiCell_dx_40um,40.0,,mean over all voxels from microenvironment[4],mean over center voxels from microenvironment[4],voxel size=40 um,1.62,8.888140755396869,4.7258079829528
PhysiCell,PhysiCell_dx_40um,40.0,,mean over all voxels from microenvironment[4],mean over center voxels from microenvironment[4],voxel size=40 um,1.63,8.887636064377979,4.7226342057309285
PhysiCell,PhysiCell_dx_40um,40.0,,mean over all voxels from microenvironment[4],mean over center voxels from microenvironment[4],voxel size=40 um,1.64,8.887143416185832,4.719535564286038
PhysiCell,PhysiCell_dx_40um,40.0,,mean over all voxels from microenvironment[4],mean over center voxels from microenvironment[4],voxel size=40 um,1.65,8.886662522778563,4.7165102912748225
PhysiCell,PhysiCell_dx_40um,40.0,,mean over all voxels from microenvironment[4],mean over center voxels from microenvironment[4],voxel size=40 um,1.66,8.886193103037694,4.713556660352338
PhysiCell,PhysiCell_dx_40um,40.0,,mean over all voxels from microenvironment[4],mean over center voxels from microenvironment[4],voxel size=40 um,1.67,8.88573488260001,4.710672985249836
PhysiCell,PhysiCell_dx_40um,40.0,,mean over all voxels from microenvironment[4],mean over center voxels from microenvironment[4],voxel size=40 um,1.68,8.885287593693628,4.70785761887187
PhysiCell,PhysiCell_dx_40um,40.0,,mean over all voxels from microenvironment[4],mean over center voxels from microenvironment[4],voxel size=40 um,1.69,8.884850974978114,4.70510895241233
PhysiCell,PhysiCell_dx_40um,40.0,,mean over all voxels from microenvironment[4],mean over center voxels from microenvironment[4],voxel size=40 um,1.7,8.884424771388566,4.702425414489122
PhysiCell,PhysiCell_dx_40um,40.0,,mean over all voxels from microenvironment[4],mean over center voxels from microenvironment[4],voxel size=40 um,1.71,8.884008733983514,4.699805470297109
PhysiCell,PhysiCell_dx_40um,40.0,,mean over all voxels from microenvironment[4],mean over center voxels from microenvironment[4],voxel size=40 um,1.72,8.883602619796626,4.697247620779062
PhysiCell,PhysiCell_dx_40um,40.0,,mean over all voxels from microenvironment[4],mean over center voxels from microenvironment[4],voxel size=40 um,1.73,8.883206191692027,4.694750401814231
PhysiCell,PhysiCell_dx_40um,40.0,,mean over all voxels from microenvironment[4],mean over center voxels from microenvironment[4],voxel size=40 um,1.74,8.882819218223213,4.692312383424286
PhysiCell,PhysiCell_dx_40um,40.0,,mean over all voxels from microenvironment[4],mean over center voxels from microenvironment[4],voxel size=40 um,1.75,8.882441473495419,4.689932168996264
PhysiCell,PhysiCell_dx_40um,40.0,,mean over all voxels from microenvironment[4],mean over center voxels from microenvironment[4],voxel size=40 um,1.76,8.882072737031383,4.687608394522231
PhysiCell,PhysiCell_dx_40um,40.0,,mean over all voxels from microenvironment[4],mean over center voxels from microenvironment[4],voxel size=40 um,1.77,8.881712793640402,4.685339727855351
PhysiCell,PhysiCell_dx_40um,40.0,,mean over all voxels from microenvironment[4],mean over center voxels from microenvironment[4],voxel size=40 um,1.78,8.881361433290616,4.683124867982054
PhysiCell,PhysiCell_dx_40um,40.0,,mean over all voxels from microenvironment[4],mean over center voxels from microenvironment[4],voxel size=40 um,1.79,8.881018450984401,4.680962544309995
PhysiCell,PhysiCell_dx_40um,40.0,,mean over all voxels from microenvironment[4],mean over center voxels from microenvironment[4],voxel size=40 um,1.8,8.880683646636854,4.678851515971508
PhysiCell,PhysiCell_dx_40um,40.0,,mean over all voxels from microenvironment[4],mean over center voxels from microenvironment[4],voxel size=40 um,1.81,8.880356824957214,4.676790571142258
PhysiCell,PhysiCell_dx_40um,40.0,,mean over all voxels from microenvironment[4],mean over center voxels from microenvironment[4],voxel size=40 um,1.82,8.880037795333225,4.674778526374803
PhysiCell,PhysiCell_dx_40um,40.0,,mean over all voxels from microenvironment[4],mean over center voxels from microenvironment[4],voxel size=40 um,1.83,8.879726371718288,4.67281422594677
PhysiCell,PhysiCell_dx_40um,40.0,,mean over all voxels from microenvironment[4],mean over center voxels from microenvironment[4],voxel size=40 um,1.84,8.879422372521411,4.670896541223361
PhysiCell,PhysiCell_dx_40um,40.0,,mean over all voxels from microenvironment[4],mean over center voxels from microenvironment[4],voxel size=40 um,1.85,8.879125620499819,4.6690243700339025
PhysiCell,PhysiCell_dx_40um,40.0,,mean over all voxels from microenvironment[4],mean over center voxels from microenvironment[4],voxel size=40 um,1.86,8.878835942654195,4.667196636062179
PhysiCell,PhysiCell_dx_40um,40.0,,mean over all voxels from microenvironment[4],mean over center voxels from microenvironment[4],voxel size=40 um,1.87,8.878553170126485,4.665412288250251
PhysiCell,PhysiCell_dx_40um,40.0,,mean over all voxels from microenvironment[4],mean over center voxels from microenvironment[4],voxel size=40 um,1.88,8.878277138100183,4.663670300215502
PhysiCell,PhysiCell_dx_40um,40.0,,mean over all voxels from microenvironment[4],mean over center voxels from microenvironment[4],voxel size=40 um,1.89,8.878007685703043,4.661969669680645
PhysiCell,PhysiCell_dx_40um,40.0,,mean over all voxels from microenvironment[4],mean over center voxels from microenvironment[4],voxel size=40 um,1.9,8.877744655912176,4.660309417916422
PhysiCell,PhysiCell_dx_40um,40.0,,mean over all voxels from microenvironment[4],mean over center voxels from microenvironment[4],voxel size=40 um,1.91,8.877487895461448,4.6586885891967516
PhysiCell,PhysiCell_dx_40um,40.0,,mean over all voxels from microenvironment[4],mean over center voxels from microenvironment[4],voxel size=40 um,1.92,8.877237254751122,4.657106250266046
PhysiCell,PhysiCell_dx_40um,40.0,,mean over all voxels from microenvironment[4],mean over center voxels from microenvironment[4],voxel size=40 um,1.93,8.876992587759712,4.655561489818461
PhysiCell,PhysiCell_dx_40um,40.0,,mean over all voxels from microenvironment[4],mean over center voxels from microenvironment[4],voxel size=40 um,1.94,8.87675375195797,4.654053417988852
PhysiCell,PhysiCell_dx_40um,40.0,,mean over all voxels from microenvironment[4],mean over center voxels from microenvironment[4],voxel size=40 um,1.95,8.876520608224952,4.6525811658551435
PhysiCell,PhysiCell_dx_40um,40.0,,mean over all voxels from microenvironment[4],mean over center voxels from microenvironment[4],voxel size=40 um,1.96,8.876293020766157,4.651143884951926
PhysiCell,PhysiCell_dx_40um,40.0,,mean over all voxels from microenvironment[4],mean over center voxels from microenvironment[4],voxel size=40 um,1.97,8.876070857033596,4.64974074679501
PhysiCell,PhysiCell_dx_40um,40.0,,mean over all voxels from microenvironment[4],mean over center voxels from microenvironment[4],voxel size=40 um,1.98,8.875853987647856,4.648370942416723
PhysiCell,PhysiCell_dx_40um,40.0,,mean over all voxels from microenvironment[4],mean over center voxels from microenvironment[4],voxel size=40 um,1.99,8.87564228632201,4.647033681911717
PhysiCell,PhysiCell_dx_40um,40.0,,mean over all voxels from microenvironment[4],mean over center voxels from microenvironment[4],voxel size=40 um,2.0,8.875435629787399,4.645728193993074
PhysiCell,PhysiCell_dx_40um,40.0,,mean over all voxels from microenvironment[4],mean over center voxels from microenvironment[4],voxel size=40 um,2.01,8.875233897721186,4.644453725558467
PhysiCell,PhysiCell_dx_40um,40.0,,mean over all voxels from microenvironment[4],mean over center voxels from microenvironment[4],voxel size=40 um,2.02,8.875036972675685,4.643209541266191
PhysiCell,PhysiCell_dx_40um,40.0,,mean over all voxels from microenvironment[4],mean over center voxels from microenvironment[4],voxel size=40 um,2.03,8.874844740009403,4.641994923120827
PhysiCell,PhysiCell_dx_40um,40.0,,mean over all voxels from microenvironment[4],mean over center voxels from microenvironment[4],voxel size=40 um,2.04,8.874657087819706,4.6408091700683585
PhysiCell,PhysiCell_dx_40um,40.0,,mean over all voxels from microenvironment[4],mean over center voxels from microenvironment[4],voxel size=40 um,2.05,8.874473906877176,4.639651597600507
PhysiCell,PhysiCell_dx_40um,40.0,,mean over all voxels from microenvironment[4],mean over center voxels from microenvironment[4],voxel size=40 um,2.06,8.874295090561503,4.638521537368108
PhysiCell,PhysiCell_dx_40um,40.0,,mean over all voxels from microenvironment[4],mean over center voxels from microenvironment[4],voxel size=40 um,2.07,8.87412053479895,4.637418336803331
PhysiCell,PhysiCell_dx_40um,40.0,,mean over all voxels from microenvironment[4],mean over center voxels from microenvironment[4],voxel size=40 um,2.08,8.873950138001334,4.636341358750538
PhysiCell,PhysiCell_dx_40um,40.0,,mean over all voxels from microenvironment[4],mean over center voxels from microenvironment[4],voxel size=40 um,2.09,8.873783801006445,4.635289981105609
PhysiCell,PhysiCell_dx_40um,40.0,,mean over all voxels from microenvironment[4],mean over center voxels from microenvironment[4],voxel size=40 um,2.1,8.873621427019948,4.63426359646353
PhysiCell,PhysiCell_dx_40um,40.0,,mean over all voxels from microenvironment[4],mean over center voxels from microenvironment[4],voxel size=40 um,2.11,8.873462921558646,4.633261611774079
PhysiCell,PhysiCell_dx_40um,40.0,,mean over all voxels from microenvironment[4],mean over center voxels from microenvironment[4],voxel size=40 um,2.12,8.87330819239515,4.632283448005429
PhysiCell,PhysiCell_dx_40um,40.0,,mean over all voxels from microenvironment[4],mean over center voxels from microenvironment[4],voxel size=40 um,2.13,8.873157149503836,4.631328539815494
PhysiCell,PhysiCell_dx_40um,40.0,,mean over all voxels from microenvironment[4],mean over center voxels from microenvironment[4],voxel size=40 um,2.14,8.873009705008153,4.630396335230828
PhysiCell,PhysiCell_dx_40um,40.0,,mean over all voxels from microenvironment[4],mean over center voxels from microenvironment[4],voxel size=40 um,2.15,8.872865773129162,4.629486295332939
PhysiCell,PhysiCell_dx_40um,40.0,,mean over all voxels from microenvironment[4],mean over center voxels from microenvironment[4],voxel size=40 um,2.16,8.872725270135328,4.628597893951845
PhysiCell,PhysiCell_dx_40um,40.0,,mean over all voxels from microenvironment[4],mean over center voxels from microenvironment[4],voxel size=40 um,2.17,8.87258811429354,4.6277306173666934
PhysiCell,PhysiCell_dx_40um,40.0,,mean over all voxels from microenvironment[4],mean over center voxels from microenvironment[4],voxel size=40 um,2.18,8.872454225821263,4.626883964013307
PhysiCell,PhysiCell_dx_40um,40.0,,mean over all voxels from microenvironment[4],mean over center voxels from microenvironment[4],voxel size=40 um,2.19,8.872323526839894,4.6260574441985005
PhysiCell,PhysiCell_dx_40um,40.0,,mean over all voxels from microenvironment[4],mean over center voxels from microenvironment[4],voxel size=40 um,2.2,8.8721959413292,4.6252505798209995
PhysiCell,PhysiCell_dx_40um,40.0,,mean over all voxels from microenvironment[4],mean over center voxels from microenvironment[4],voxel size=40 um,2.21,8.872071395082877,4.624462904098833
PhysiCell,PhysiCell_dx_40um,40.0,,mean over all voxels from microenvironment[4],mean over center voxels from microenvironment[4],voxel size=40 um,2.22,8.871949815665158,4.6236939613030446
PhysiCell,PhysiCell_dx_40um,40.0,,mean over all voxels from microenvironment[4],mean over center voxels from microenvironment[4],voxel size=40 um,2.23,8.871831132368476,4.622943306497582
PhysiCell,PhysiCell_dx_40um,40.0,,mean over all voxels from microenvironment[4],mean over center voxels from microenvironment[4],voxel size=40 um,2.24,8.871715276172141,4.622210505285235
PhysiCell,PhysiCell_dx_40um,40.0,,mean over all voxels from microenvironment[4],mean over center voxels from microenvironment[4],voxel size=40 um,2.25,8.87160217970202,4.621495133559459
PhysiCell,PhysiCell_dx_40um,40.0,,mean over all voxels from microenvironment[4],mean over center voxels from microenvironment[4],voxel size=40 um,2.26,8.871491777191153,4.6207967772619805
PhysiCell,PhysiCell_dx_40um,40.0,,mean over all voxels from microenvironment[4],mean over center voxels from microenvironment[4],voxel size=40 um,2.27,8.871384004441355,4.62011503214605
PhysiCell,PhysiCell_dx_40um,40.0,,mean over all voxels from microenvironment[4],mean over center voxels from microenvironment[4],voxel size=40 um,2.28,8.871278798785713,4.619449503545191
PhysiCell,PhysiCell_dx_40um,40.0,,mean over all voxels from microenvironment[4],mean over center voxels from microenvironment[4],voxel size=40 um,2.29,8.871176099051995,4.618799806147346
PhysiCell,PhysiCell_dx_40um,40.0,,mean over all voxels from microenvironment[4],mean over center voxels from microenvironment[4],voxel size=40 um,2.3,8.871075845526933,4.618165563774287
PhysiCell,PhysiCell_dx_40um,40.0,,mean over all voxels from microenvironment[4],mean over center voxels from microenvironment[4],voxel size=40 um,2.31,8.870977979921365,4.6175464091661675
PhysiCell,PhysiCell_dx_40um,40.0,,mean over all voxels from microenvironment[4],mean over center voxels from microenvironment[4],voxel size=40 um,2.32,8.870882445336195,4.616941983771103
PhysiCell,PhysiCell_dx_40um,40.0,,mean over all voxels from microenvironment[4],mean over center voxels from microenvironment[4],voxel size=40 um,2.33,8.870789186229214,4.6163519375396715
PhysiCell,PhysiCell_dx_40um,40.0,,mean over all voxels from microenvironment[4],mean over center voxels from microenvironment[4],voxel size=40 um,2.34,8.870698148382663,4.615775928724204
PhysiCell,PhysiCell_dx_40um,40.0,,mean over all voxels from microenvironment[4],mean over center voxels from microenvironment[4],voxel size=40 um,2.35,8.870609278871614,4.61521362368278
PhysiCell,PhysiCell_dx_40um,40.0,,mean over all voxels from microenvironment[4],mean over center voxels from microenvironment[4],voxel size=40 um,2.36,8.870522526033081,4.614664696687792
PhysiCell,PhysiCell_dx_40um,40.0,,mean over all voxels from microenvironment[4],mean over center voxels from microenvironment[4],voxel size=40 um,2.37,8.870437839435901,4.614128829739004
PhysiCell,PhysiCell_dx_40um,40.0,,mean over all voxels from microenvironment[4],mean over center voxels from microenvironment[4],voxel size=40 um,2.38,8.870355169851296,4.613605712380974
PhysiCell,PhysiCell_dx_40um,40.0,,mean over all voxels from microenvironment[4],mean over center voxels from microenvironment[4],voxel size=40 um,2.39,8.870274469224178,4.613095041524763
PhysiCell,PhysiCell_dx_40um,40.0,,mean over all voxels from microenvironment[4],mean over center voxels from microenvironment[4],voxel size=40 um,2.4,8.870195690645133,4.612596521273813
PhysiCell,PhysiCell_dx_40um,40.0,,mean over all voxels from microenvironment[4],mean over center voxels from microenvironment[4],voxel size=40 um,2.41,8.870118788323047,4.612109862753915
PhysiCell,PhysiCell_dx_40um,40.0,,mean over all voxels from microenvironment[4],mean over center voxels from microenvironment[4],voxel size=40 um,2.42,8.870043717558435,4.611634783947153
PhysiCell,PhysiCell_dx_40um,40.0,,mean over all voxels from microenvironment[4],mean over center voxels from microenvironment[4],voxel size=40 um,2.43,8.869970434717365,4.61117100952976
PhysiCell,PhysiCell_dx_40um,40.0,,mean over all voxels from microenvironment[4],mean over center voxels from microenvironment[4],voxel size=40 um,2.44,8.869898897206028,4.610718270713766
PhysiCell,PhysiCell_dx_40um,40.0,,mean over all voxels from microenvironment[4],mean over center voxels from microenvironment[4],voxel size=40 um,2.45,8.869829063445923,4.610276305092368
PhysiCell,PhysiCell_dx_40um,40.0,,mean over all voxels from microenvironment[4],mean over center voxels from microenvironment[4],voxel size=40 um,2.46,8.869760892849616,4.609844856488938
PhysiCell,PhysiCell_dx_40um,40.0,,mean over all voxels from microenvironment[4],mean over center voxels from microenvironment[4],voxel size=40 um,2.47,8.869694345797091,4.609423674809566
PhysiCell,PhysiCell_dx_40um,40.0,,mean over all voxels from microenvironment[4],mean over center voxels from microenvironment[4],voxel size=40 um,2.48,8.869629383612669,4.609012515899088
PhysiCell,PhysiCell_dx_40um,40.0,,mean over all voxels from microenvironment[4],mean over center voxels from microenvironment[4],voxel size=40 um,2.49,8.869565968542465,4.60861114140048
PhysiCell,PhysiCell_dx_40um,40.0,,mean over all voxels from microenvironment[4],mean over center voxels from microenvironment[4],voxel size=40 um,2.5,8.86950406373241,4.608219318617576
PhysiCell,PhysiCell_dx_40um,40.0,,mean over all voxels from microenvironment[4],mean over center voxels from microenvironment[4],voxel size=40 um,2.51,8.869443633206762,4.607836820381002
PhysiCell,PhysiCell_dx_40um,40.0,,mean over all voxels from microenvironment[4],mean over center voxels from microenvironment[4],voxel size=40 um,2.52,8.869384641847171,4.6074634249172775
PhysiCell,PhysiCell_dx_40um,40.0,,mean over all voxels from microenvironment[4],mean over center voxels from microenvironment[4],voxel size=40 um,2.53,8.869327055372214,4.607098915720989
PhysiCell,PhysiCell_dx_40um,40.0,,mean over all voxels from microenvironment[4],mean over center voxels from microenvironment[4],voxel size=40 um,2.54,8.869270840317425,4.60674308142999
PhysiCell,PhysiCell_dx_40um,40.0,,mean over all voxels from microenvironment[4],mean over center voxels from microenvironment[4],voxel size=40 um,2.55,8.869215964015828,4.606395715703514
PhysiCell,PhysiCell_dx_40um,40.0,,mean over all voxels from microenvironment[4],mean over center voxels from microenvironment[4],voxel size=40 um,2.56,8.869162394578888,4.6060566171031905
PhysiCell,PhysiCell_dx_40um,40.0,,mean over all voxels from microenvironment[4],mean over center voxels from microenvironment[4],voxel size=40 um,2.57,8.86911010087797,4.605725588976845
PhysiCell,PhysiCell_dx_40um,40.0,,mean over all voxels from microenvironment[4],mean over center voxels from microenvironment[4],voxel size=40 um,2.58,8.869059052526197,4.605402439345051
PhysiCell,PhysiCell_dx_40um,40.0,,mean over all voxels from microenvironment[4],mean over center voxels from microenvironment[4],voxel size=40 um,2.59,8.869009219860763,4.605086980790348
PhysiCell,PhysiCell_dx_40um,40.0,,mean over all voxels from microenvironment[4],mean over center voxels from microenvironment[4],voxel size=40 um,2.6,8.868960573925671,4.604779030349077
PhysiCell,PhysiCell_dx_40um,40.0,,mean over all voxels from microenvironment[4],mean over center voxels from microenvironment[4],voxel size=40 um,2.61,8.868913086454878,4.6044784094057745
PhysiCell,PhysiCell_dx_40um,40.0,,mean over all voxels from microenvironment[4],mean over center voxels from microenvironment[4],voxel size=40 um,2.62,8.86886672985583,4.604184943590051
PhysiCell,PhysiCell_dx_40um,40.0,,mean over all voxels from microenvironment[4],mean over center voxels from microenvironment[4],voxel size=40 um,2.63,8.868821477193416,4.603898462675903
PhysiCell,PhysiCell_dx_40um,40.0,,mean over all voxels from microenvironment[4],mean over center voxels from microenvironment[4],voxel size=40 um,2.64,8.868777302174282,4.603618800483416
PhysiCell,PhysiCell_dx_40um,40.0,,mean over all voxels from microenvironment[4],mean over center voxels from microenvironment[4],voxel size=40 um,2.65,8.868734179131545,4.60334579478277
PhysiCell,PhysiCell_dx_40um,40.0,,mean over all voxels from microenvironment[4],mean over center voxels from microenvironment[4],voxel size=40 um,2.66,8.868692083009833,4.603079287200533
PhysiCell,PhysiCell_dx_40um,40.0,,mean over all voxels from microenvironment[4],mean over center voxels from microenvironment[4],voxel size=40 um,2.67,8.868650989350723,4.602819123128148
PhysiCell,PhysiCell_dx_40um,40.0,,mean over all voxels from microenvironment[4],mean over center voxels from microenvironment[4],voxel size=40 um,2.68,8.8686108742785,4.602565151632602
PhysiCell,PhysiCell_dx_40um,40.0,,mean over all voxels from microenvironment[4],mean over center voxels from microenvironment[4],voxel size=40 um,2.69,8.86857171448628,4.602317225369195
PhysiCell,PhysiCell_dx_40um,40.0,,mean over all voxels from microenvironment[4],mean over center voxels from microenvironment[4],voxel size=40 um,2.7,8.868533487222424,4.602075200496376
PhysiCell,PhysiCell_dx_40um,40.0,,mean over all voxels from microenvironment[4],mean over center voxels from microenvironment[4],voxel size=40 um,2.71,8.86849617027733,4.601838936592592
PhysiCell,PhysiCell_dx_40um,40.0,,mean over all voxels from microenvironment[4],mean over center voxels from microenvironment[4],voxel size=40 um,2.72,8.868459741970485,4.601608296575104
PhysiCell,PhysiCell_dx_40um,40.0,,mean over all voxels from microenvironment[4],mean over center voxels from microenvironment[4],voxel size=40 um,2.73,8.868424181137879,4.601383146620719
PhysiCell,PhysiCell_dx_40um,40.0,,mean over all voxels from microenvironment[4],mean over center voxels from microenvironment[4],voxel size=40 um,2.74,8.868389467119675,4.601163356088412
PhysiCell,PhysiCell_dx_40um,40.0,,mean over all voxels from microenvironment[4],mean over center voxels from microenvironment[4],voxel size=40 um,2.75,8.868355579748195,4.600948797443758
PhysiCell,PhysiCell_dx_40um,40.0,,mean over all voxels from microenvironment[4],mean over center voxels from microenvironment[4],voxel size=40 um,2.76,8.868322499336202,4.600739346185175
PhysiCell,PhysiCell_dx_40um,40.0,,mean over all voxels from microenvironment[4],mean over center voxels from microenvironment[4],voxel size=40 um,2.77,8.86829020666543,4.600534880771891
PhysiCell,PhysiCell_dx_40um,40.0,,mean over all voxels from microenvironment[4],mean over center voxels from microenvironment[4],voxel size=40 um,2.78,8.868258682975421,4.600335282553636
PhysiCell,PhysiCell_dx_40um,40.0,,mean over all voxels from microenvironment[4],mean over center voxels from microenvironment[4],voxel size=40 um,2.79,8.868227909952603,4.600140435701988
PhysiCell,PhysiCell_dx_40um,40.0,,mean over all voxels from microenvironment[4],mean over center voxels from microenvironment[4],voxel size=40 um,2.8,8.868197869719653,4.599950227143346
PhysiCell,PhysiCell_dx_40um,40.0,,mean over all voxels from microenvironment[4],mean over center voxels from microenvironment[4],voxel size=40 um,2.81,8.868168544825096,4.599764546493494
PhysiCell,PhysiCell_dx_40um,40.0,,mean over all voxels from microenvironment[4],mean over center voxels from microenvironment[4],voxel size=40 um,2.82,8.868139918233139,4.599583285993713
PhysiCell,PhysiCell_dx_40um,40.0,,mean over all voxels from microenvironment[4],mean over center voxels from microenvironment[4],voxel size=40 um,2.83,8.868111973313793,4.599406340448408
PhysiCell,PhysiCell_dx_40um,40.0,,mean over all voxels from microenvironment[4],mean over center voxels from microenvironment[4],voxel size=40 um,2.84,8.868084693833183,4.599233607164212
PhysiCell,PhysiCell_dx_40um,40.0,,mean over all voxels from microenvironment[4],mean over center voxels from microenvironment[4],voxel size=40 um,2.85,8.868058063944117,4.599064985890531
PhysiCell,PhysiCell_dx_40um,40.0,,mean over all voxels from microenvironment[4],mean over center voxels from microenvironment[4],voxel size=40 um,2.86,8.868032068176872,4.598900378761506
PhysiCell,PhysiCell_dx_40um,40.0,,mean over all voxels from microenvironment[4],mean over center voxels from microenvironment[4],voxel size=40 um,2.87,8.868006691430192,4.598739690239345
PhysiCell,PhysiCell_dx_40um,40.0,,mean over all voxels from microenvironment[4],mean over center voxels from microenvironment[4],voxel size=40 um,2.88,8.867981918962517,4.598582827058994
PhysiCell,PhysiCell_dx_40um,40.0,,mean over all voxels from microenvironment[4],mean over center voxels from microenvironment[4],voxel size=40 um,2.89,8.867957736383406,4.59842969817413
PhysiCell,PhysiCell_dx_40um,40.0,,mean over all voxels from microenvironment[4],mean over center voxels from microenvironment[4],voxel size=40 um,2.9,8.867934129645176,4.598280214704432
PhysiCell,PhysiCell_dx_40um,40.0,,mean over all voxels from microenvironment[4],mean over center voxels from microenvironment[4],voxel size=40 um,2.91,8.867911085034732,4.598134289884096
PhysiCell,PhysiCell_dx_40um,40.0,,mean over all voxels from microenvironment[4],mean over center voxels from microenvironment[4],voxel size=40 um,2.92,8.867888589165595,4.597991839011578
PhysiCell,PhysiCell_dx_40um,40.0,,mean over all voxels from microenvironment[4],mean over center voxels from microenvironment[4],voxel size=40 um,2.93,8.867866628970116,4.597852779400525
PhysiCell,PhysiCell_dx_40um,40.0,,mean over all voxels from microenvironment[4],mean over center voxels from microenvironment[4],voxel size=40 um,2.94,8.867845191691893,4.597717030331878
PhysiCell,PhysiCell_dx_40um,40.0,,mean over all voxels from microenvironment[4],mean over center voxels from microenvironment[4],voxel size=40 um,2.95,8.867824264878342,4.5975845130070985
PhysiCell,PhysiCell_dx_40um,40.0,,mean over all voxels from microenvironment[4],mean over center voxels from microenvironment[4],voxel size=40 um,2.96,8.867803836373465,4.597455150502516
PhysiCell,PhysiCell_dx_40um,40.0,,mean over all voxels from microenvironment[4],mean over center voxels from microenvironment[4],voxel size=40 um,2.97,8.867783894310781,4.597328867724759
PhysiCell,PhysiCell_dx_40um,40.0,,mean over all voxels from microenvironment[4],mean over center voxels from microenvironment[4],voxel size=40 um,2.98,8.867764427106431,4.597205591367228
PhysiCell,PhysiCell_dx_40um,40.0,,mean over all voxels from microenvironment[4],mean over center voxels from microenvironment[4],voxel size=40 um,2.99,8.867745423452442,4.597085249867625
PhysiCell,PhysiCell_dx_40um,40.0,,mean over all voxels from microenvironment[4],mean over center voxels from microenvironment[4],voxel size=40 um,3.0,8.86772687231016,4.596967773366475
PhysiCell,PhysiCell_dx_40um,40.0,,mean over all voxels from microenvironment[4],mean over center voxels from microenvironment[4],voxel size=40 um,3.01,8.867708762903831,4.596853093666634
PhysiCell,PhysiCell_dx_40um,40.0,,mean over all voxels from microenvironment[4],mean over center voxels from microenvironment[4],voxel size=40 um,3.02,8.867691084714329,4.596741144193766
PhysiCell,PhysiCell_dx_40um,40.0,,mean over all voxels from microenvironment[4],mean over center voxels from microenvironment[4],voxel size=40 um,3.03,8.867673827473064,4.5966318599577525
PhysiCell,PhysiCell_dx_40um,40.0,,mean over all voxels from microenvironment[4],mean over center voxels from microenvironment[4],voxel size=40 um,3.04,8.867656981155994,4.596525177515016
PhysiCell,PhysiCell_dx_40um,40.0,,mean over all voxels from microenvironment[4],mean over center voxels from microenvironment[4],voxel size=40 um,3.05,8.867640535977804,4.596421034931742
PhysiCell,PhysiCell_dx_40um,40.0,,mean over all voxels from microenvironment[4],mean over center voxels from microenvironment[4],voxel size=40 um,3.06,8.867624482386228,4.596319371747979
PhysiCell,PhysiCell_dx_40um,40.0,,mean over all voxels from microenvironment[4],mean over center voxels from microenvironment[4],voxel size=40 um,3.07,8.867608811056488,4.596220128942583
PhysiCell,PhysiCell_dx_40um,40.0,,mean over all voxels from microenvironment[4],mean over center voxels from microenvironment[4],voxel size=40 um,3.08,8.867593512885874,4.596123248898992
PhysiCell,PhysiCell_dx_40um,40.0,,mean over all voxels from microenvironment[4],mean over center voxels from microenvironment[4],voxel size=40 um,3.09,8.867578578988466,4.596028675371829
PhysiCell,PhysiCell_dx_40um,40.0,,mean over all voxels from microenvironment[4],mean over center voxels from microenvironment[4],voxel size=40 um,3.1,8.867564000689958,4.595936353454284
PhysiCell,PhysiCell_dx_40um,40.0,,mean over all voxels from microenvironment[4],mean over center voxels from microenvironment[4],voxel size=40 um,3.11,8.867549769522624,4.595846229546271
PhysiCell,PhysiCell_dx_40um,40.0,,mean over all voxels from microenvironment[4],mean over center voxels from microenvironment[4],voxel size=40 um,3.12,8.867535877220392,4.595758251323354
PhysiCell,PhysiCell_dx_40um,40.0,,mean over all voxels from microenvironment[4],mean over center voxels from microenvironment[4],voxel size=40 um,3.13,8.867522315714046,4.5956723677064
PhysiCell,PhysiCell_dx_40um,40.0,,mean over all voxels from microenvironment[4],mean over center voxels from microenvironment[4],voxel size=40 um,3.14,8.867509077126538,4.595588528831952
PhysiCell,PhysiCell_dx_40um,40.0,,mean over all voxels from microenvironment[4],mean over center voxels from microenvironment[4],voxel size=40 um,3.15,8.8674961537684,4.595506686023318
PhysiCell,PhysiCell_dx_40um,40.0,,mean over all voxels from microenvironment[4],mean over center voxels from microenvironment[4],voxel size=40 um,3.16,8.86748353813329,4.595426791762331
PhysiCell,PhysiCell_dx_40um,40.0,,mean over all voxels from microenvironment[4],mean over center voxels from microenvironment[4],voxel size=40 um,3.17,8.867471222893622,4.595348799661798
PhysiCell,PhysiCell_dx_40um,40.0,,mean over all voxels from microenvironment[4],mean over center voxels from microenvironment[4],voxel size=40 um,3.18,8.867459200896313,4.595272664438583
PhysiCell,PhysiCell_dx_40um,40.0,,mean over all voxels from microenvironment[4],mean over center voxels from microenvironment[4],voxel size=40 um,3.19,8.867447465158618,4.595198341887352
PhysiCell,PhysiCell_dx_40um,40.0,,mean over all voxels from microenvironment[4],mean over center voxels from microenvironment[4],voxel size=40 um,3.2,8.867436008864082,4.595125788854923
PhysiCell,PhysiCell_dx_40um,40.0,,mean over all voxels from microenvironment[4],mean over center voxels from microenvironment[4],voxel size=40 um,3.21,8.867424825358578,4.595054963215238
PhysiCell,PhysiCell_dx_40um,40.0,,mean over all voxels from microenvironment[4],mean over center voxels from microenvironment[4],voxel size=40 um,3.22,8.867413908146435,4.594985823844923
PhysiCell,PhysiCell_dx_40um,40.0,,mean over all voxels from microenvironment[4],mean over center voxels from microenvironment[4],voxel size=40 um,3.23,8.867403250886676,4.594918330599432
PhysiCell,PhysiCell_dx_40um,40.0,,mean over all voxels from microenvironment[4],mean over center voxels from microenvironment[4],voxel size=40 um,3.24,8.867392847389311,4.594852444289761
PhysiCell,PhysiCell_dx_40um,40.0,,mean over all voxels from microenvironment[4],mean over center voxels from microenvironment[4],voxel size=40 um,3.25,8.867382691611777,4.594788126659706
PhysiCell,PhysiCell_dx_40um,40.0,,mean over all voxels from microenvironment[4],mean over center voxels from microenvironment[4],voxel size=40 um,3.26,8.867372777655378,4.594725340363676
PhysiCell,PhysiCell_dx_40um,40.0,,mean over all voxels from microenvironment[4],mean over center voxels from microenvironment[4],voxel size=40 um,3.27,8.867363099761912,4.594664048945017
PhysiCell,PhysiCell_dx_40um,40.0,,mean over all voxels from microenvironment[4],mean over center voxels from microenvironment[4],voxel size=40 um,3.28,8.867353652310278,4.594604216814868
PhysiCell,PhysiCell_dx_40um,40.0,,mean over all voxels from microenvironment[4],mean over center voxels from microenvironment[4],voxel size=40 um,3.29,8.86734442981325,4.594545809231503
PhysiCell,PhysiCell_dx_40um,40.0,,mean over all voxels from microenvironment[4],mean over center voxels from microenvironment[4],voxel size=40 um,3.3,8.867335426914261,4.594488792280181
PhysiCell,PhysiCell_dx_40um,40.0,,mean over all voxels from microenvironment[4],mean over center voxels from microenvironment[4],voxel size=40 um,3.31,8.867326638384291,4.594433132853461
PhysiCell,PhysiCell_dx_40um,40.0,,mean over all voxels from microenvironment[4],mean over center voxels from microenvironment[4],voxel size=40 um,3.32,8.867318059118855,4.594378798631996
PhysiCell,PhysiCell_dx_40um,40.0,,mean over all voxels from microenvironment[4],mean over center voxels from microenvironment[4],voxel size=40 um,3.33,8.867309684135016,4.594325758065776
PhysiCell,PhysiCell_dx_40um,40.0,,mean over all voxels from microenvironment[4],mean over center voxels from microenvironment[4],voxel size=40 um,3.34,8.86730150856849,4.594273980355816
PhysiCell,PhysiCell_dx_40um,40.0,,mean over all voxels from microenvironment[4],mean over center voxels from microenvironment[4],voxel size=40 um,3.35,8.867293527670826,4.594223435436293
PhysiCell,PhysiCell_dx_40um,40.0,,mean over all voxels from microenvironment[4],mean over center voxels from microenvironment[4],voxel size=40 um,3.36,8.867285736806656,4.594174093957092
PhysiCell,PhysiCell_dx_40um,40.0,,mean over all voxels from microenvironment[4],mean over center voxels from microenvironment[4],voxel size=40 um,3.37,8.86727813145098,4.594125927266769
PhysiCell,PhysiCell_dx_40um,40.0,,mean over all voxels from microenvironment[4],mean over center voxels from microenvironment[4],voxel size=40 um,3.38,8.867270707186563,4.594078907395937
PhysiCell,PhysiCell_dx_40um,40.0,,mean over all voxels from microenvironment[4],mean over center voxels from microenvironment[4],voxel size=40 um,3.39,8.867263459701341,4.59403300704102
PhysiCell,PhysiCell_dx_40um,40.0,,mean over all voxels from microenvironment[4],mean over center voxels from microenvironment[4],voxel size=40 um,3.4,8.867256384785943,4.593988199548415
PhysiCell,PhysiCell_dx_40um,40.0,,mean over all voxels from microenvironment[4],mean over center voxels from microenvironment[4],voxel size=40 um,3.41,8.867249478331232,4.593944458899018
PhysiCell,PhysiCell_dx_40um,40.0,,mean over all voxels from microenvironment[4],mean over center voxels from microenvironment[4],voxel size=40 um,3.42,8.867242736325913,4.5939017596931295
PhysiCell,PhysiCell_dx_40um,40.0,,mean over all voxels from microenvironment[4],mean over center voxels from microenvironment[4],voxel size=40 um,3.43,8.86723615485422,4.593860077135708
PhysiCell,PhysiCell_dx_40um,40.0,,mean over all voxels from microenvironment[4],mean over center voxels from microenvironment[4],voxel size=40 um,3.44,8.867229730093621,4.593819387021976
PhysiCell,PhysiCell_dx_40um,40.0,,mean over all voxels from microenvironment[4],mean over center voxels from microenvironment[4],voxel size=40 um,3.45,8.867223458312607,4.593779665723381
PhysiCell,PhysiCell_dx_40um,40.0,,mean over all voxels from microenvironment[4],mean over center voxels from microenvironment[4],voxel size=40 um,3.46,8.867217335868535,4.593740890173871
PhysiCell,PhysiCell_dx_40um,40.0,,mean over all voxels from microenvironment[4],mean over center voxels from microenvironment[4],voxel size=40 um,3.47,8.867211359205488,4.593703037856511
PhysiCell,PhysiCell_dx_40um,40.0,,mean over all voxels from microenvironment[4],mean over center voxels from microenvironment[4],voxel size=40 um,3.48,8.867205524852237,4.593666086790412
PhysiCell,PhysiCell_dx_40um,40.0,,mean over all voxels from microenvironment[4],mean over center voxels from microenvironment[4],voxel size=40 um,3.49,8.867199829420198,4.593630015517973
PhysiCell,PhysiCell_dx_40um,40.0,,mean over all voxels from microenvironment[4],mean over center voxels from microenvironment[4],voxel size=40 um,3.5,8.867194269601484,4.593594803092424
PhysiCell,PhysiCell_dx_40um,40.0,,mean over all voxels from microenvironment[4],mean over center voxels from microenvironment[4],voxel size=40 um,3.51,8.867188842166968,4.593560429065672
PhysiCell,PhysiCell_dx_40um,40.0,,mean over all voxels from microenvironment[4],mean over center voxels from microenvironment[4],voxel size=40 um,3.52,8.867183543964424,4.593526873476423
PhysiCell,PhysiCell_dx_40um,40.0,,mean over all voxels from microenvironment[4],mean over center voxels from microenvironment[4],voxel size=40 um,3.53,8.867178371916683,4.593494116838603
PhysiCell,PhysiCell_dx_40um,40.0,,mean over all voxels from microenvironment[4],mean over center voxels from microenvironment[4],voxel size=40 um,3.54,8.867173323019841,4.593462140130041
PhysiCell,PhysiCell_dx_40um,40.0,,mean over all voxels from microenvironment[4],mean over center voxels from microenvironment[4],voxel size=40 um,3.55,8.867168394341544,4.593430924781429
PhysiCell,PhysiCell_dx_40um,40.0,,mean over all voxels from microenvironment[4],mean over center voxels from microenvironment[4],voxel size=40 um,3.56,8.867163583019234,4.593400452665541
PhysiCell,PhysiCell_dx_40um,40.0,,mean over all voxels from microenvironment[4],mean over center voxels from microenvironment[4],voxel size=40 um,3.57,8.867158886258538,4.5933707060867155
PhysiCell,PhysiCell_dx_40um,40.0,,mean over all voxels from microenvironment[4],mean over center voxels from microenvironment[4],voxel size=40 um,3.58,8.867154301331615,4.593341667770572
PhysiCell,PhysiCell_dx_40um,40.0,,mean over all voxels from microenvironment[4],mean over center voxels from microenvironment[4],voxel size=40 um,3.59,8.867149825575577,4.5933133208539925
PhysiCell,PhysiCell_dx_40um,40.0,,mean over all voxels from microenvironment[4],mean over center voxels from microenvironment[4],voxel size=40 um,3.6,8.867145456390945,4.593285648875328
PhysiCell,PhysiCell_dx_40um,40.0,,mean over all voxels from microenvironment[4],mean over center voxels from microenvironment[4],voxel size=40 um,3.61,8.86714119124014,4.593258635764842
PhysiCell,PhysiCell_dx_40um,40.0,,mean over all voxels from microenvironment[4],mean over center voxels from microenvironment[4],voxel size=40 um,3.62,8.867137027646,4.593232265835381
PhysiCell,PhysiCell_dx_40um,40.0,,mean over all voxels from microenvironment[4],mean over center voxels from microenvironment[4],voxel size=40 um,3.63,8.867132963190357,4.593206523773268
PhysiCell,PhysiCell_dx_40um,40.0,,mean over all voxels from microenvironment[4],mean over center voxels from microenvironment[4],voxel size=40 um,3.64,8.867128995512621,4.593181394629413
PhysiCell,PhysiCell_dx_40um,40.0,,mean over all voxels from microenvironment[4],mean over center voxels from microenvironment[4],voxel size=40 um,3.65,8.86712512230841,4.593156863810631
PhysiCell,PhysiCell_dx_40um,40.0,,mean over all voxels from microenvironment[4],mean over center voxels from microenvironment[4],voxel size=40 um,3.66,8.867121341328208,4.593132917071171
PhysiCell,PhysiCell_dx_40um,40.0,,mean over all voxels from microenvironment[4],mean over center voxels from microenvironment[4],voxel size=40 um,3.67,8.867117650376073,4.593109540504448
PhysiCell,PhysiCell_dx_40um,40.0,,mean over all voxels from microenvironment[4],mean over center voxels from microenvironment[4],voxel size=40 um,3.68,8.867114047308347,4.593086720534969
PhysiCell,PhysiCell_dx_40um,40.0,,mean over all voxels from microenvironment[4],mean over center voxels from microenvironment[4],voxel size=40 um,3.69,8.867110530032411,4.59306444391044
PhysiCell,PhysiCell_dx_40um,40.0,,mean over all voxels from microenvironment[4],mean over center voxels from microenvironment[4],voxel size=40 um,3.7,8.867107096505489,4.593042697694092
PhysiCell,PhysiCell_dx_40um,40.0,,mean over all voxels from microenvironment[4],mean over center voxels from microenvironment[4],voxel size=40 um,3.71,8.867103744733422,4.593021469257152
PhysiCell,PhysiCell_dx_40um,40.0,,mean over all voxels from microenvironment[4],mean over center voxels from microenvironment[4],voxel size=40 um,3.72,8.867100472769561,4.593000746271517
PhysiCell,PhysiCell_dx_40um,40.0,,mean over all voxels from microenvironment[4],mean over center voxels from microenvironment[4],voxel size=40 um,3.73,8.867097278713592,4.592980516702604
PhysiCell,PhysiCell_dx_40um,40.0,,mean over all voxels from microenvironment[4],mean over center voxels from microenvironment[4],voxel size=40 um,3.74,8.867094160710456,4.592960768802349
PhysiCell,PhysiCell_dx_40um,40.0,,mean over all voxels from microenvironment[4],mean over center voxels from microenvironment[4],voxel size=40 um,3.75,8.867091116949268,4.592941491102392
PhysiCell,PhysiCell_dx_40um,40.0,,mean over all voxels from microenvironment[4],mean over center voxels from microenvironment[4],voxel size=40 um,3.76,8.867088145662255,4.592922672407425
PhysiCell,PhysiCell_dx_40um,40.0,,mean over all voxels from microenvironment[4],mean over center voxels from microenvironment[4],voxel size=40 um,3.77,8.867085245123743,4.592904301788679
PhysiCell,PhysiCell_dx_40um,40.0,,mean over all voxels from microenvironment[4],mean over center voxels from microenvironment[4],voxel size=40 um,3.78,8.867082413649147,4.592886368577587
PhysiCell,PhysiCell_dx_40um,40.0,,mean over all voxels from microenvironment[4],mean over center voxels from microenvironment[4],voxel size=40 um,3.79,8.867079649593993,4.592868862359591
PhysiCell,PhysiCell_dx_40um,40.0,,mean over all voxels from microenvironment[4],mean over center voxels from microenvironment[4],voxel size=40 um,3.8,8.867076951352969,4.592851772968085
PhysiCell,PhysiCell_dx_40um,40.0,,mean over all voxels from microenvironment[4],mean over center voxels from microenvironment[4],voxel size=40 um,3.81,8.867074317358977,4.592835090478521
PhysiCell,PhysiCell_dx_40um,40.0,,mean over all voxels from microenvironment[4],mean over center voxels from microenvironment[4],voxel size=40 um,3.82,8.867071746082242,4.592818805202646
PhysiCell,PhysiCell_dx_40um,40.0,,mean over all voxels from microenvironment[4],mean over center voxels from microenvironment[4],voxel size=40 um,3.83,8.867069236029417,4.592802907682872
PhysiCell,PhysiCell_dx_40um,40.0,,mean over all voxels from microenvironment[4],mean over center voxels from microenvironment[4],voxel size=40 um,3.84,8.867066785742706,4.5927873886867845
PhysiCell,PhysiCell_dx_40um,40.0,,mean over all voxels from microenvironment[4],mean over center voxels from microenvironment[4],voxel size=40 um,3.85,8.867064393799021,4.592772239201788
PhysiCell,PhysiCell_dx_40um,40.0,,mean over all voxels from microenvironment[4],mean over center voxels from microenvironment[4],voxel size=40 um,3.86,8.867062058809177,4.592757450429867
PhysiCell,PhysiCell_dx_40um,40.0,,mean over all voxels from microenvironment[4],mean over center voxels from microenvironment[4],voxel size=40 um,3.87,8.86705977941705,4.59274301378248
PhysiCell,PhysiCell_dx_40um,40.0,,mean over all voxels from microenvironment[4],mean over center voxels from microenvironment[4],voxel size=40 um,3.88,8.867057554298814,4.592728920875569
PhysiCell,PhysiCell_dx_40um,40.0,,mean over all voxels from microenvironment[4],mean over center voxels from microenvironment[4],voxel size=40 um,3.89,8.867055382162164,4.592715163524695
PhysiCell,PhysiCell_dx_40um,40.0,,mean over all voxels from microenvironment[4],mean over center voxels from microenvironment[4],voxel size=40 um,3.9,8.867053261745562,4.592701733740285
PhysiCell,PhysiCell_dx_40um,40.0,,mean over all voxels from microenvironment[4],mean over center voxels from microenvironment[4],voxel size=40 um,3.91,8.867051191817518,4.5926886237229905
PhysiCell,PhysiCell_dx_40um,40.0,,mean over all voxels from microenvironment[4],mean over center voxels from microenvironment[4],voxel size=40 um,3.92,8.867049171175859,4.592675825859161
PhysiCell,PhysiCell_dx_40um,40.0,,mean over all voxels from microenvironment[4],mean over center voxels from microenvironment[4],voxel size=40 um,3.93,8.867047198647034,4.592663332716423
PhysiCell,PhysiCell_dx_40um,40.0,,mean over all voxels from microenvironment[4],mean over center voxels from microenvironment[4],voxel size=40 um,3.94,8.86704527308544,4.5926511370393595
PhysiCell,PhysiCell_dx_40um,40.0,,mean over all voxels from microenvironment[4],mean over center voxels from microenvironment[4],voxel size=40 um,3.95,8.86704339337275,4.592639231745306
PhysiCell,PhysiCell_dx_40um,40.0,,mean over all voxels from microenvironment[4],mean over center voxels from microenvironment[4],voxel size=40 um,3.96,8.867041558417267,4.592627609920226
PhysiCell,PhysiCell_dx_40um,40.0,,mean over all voxels from microenvironment[4],mean over center voxels from microenvironment[4],voxel size=40 um,3.97,8.867039767153292,4.592616264814708
PhysiCell,PhysiCell_dx_40um,40.0,,mean over all voxels from microenvironment[4],mean over center voxels from microenvironment[4],voxel size=40 um,3.98,8.86703801854049,4.592605189840039
PhysiCell,PhysiCell_dx_40um,40.0,,mean over all voxels from microenvironment[4],mean over center voxels from microenvironment[4],voxel size=40 um,3.99,8.867036311563304,4.592594378564377
PhysiCell,PhysiCell_dx_40um,40.0,,mean over all voxels from microenvironment[4],mean over center voxels from microenvironment[4],voxel size=40 um,4.0,8.867034645230367,4.592583824709025
PhysiCell,PhysiCell_dx_40um,40.0,,mean over all voxels from microenvironment[4],mean over center voxels from microenvironment[4],voxel size=40 um,4.01,8.867033018573904,4.592573522144773
PhysiCell,PhysiCell_dx_40um,40.0,,mean over all voxels from microenvironment[4],mean over center voxels from microenvironment[4],voxel size=40 um,4.02,8.86703143064919,4.59256346488835
PhysiCell,PhysiCell_dx_40um,40.0,,mean over all voxels from microenvironment[4],mean over center voxels from microenvironment[4],voxel size=40 um,4.03,8.86702988053399,4.592553647098944
PhysiCell,PhysiCell_dx_40um,40.0,,mean over all voxels from microenvironment[4],mean over center voxels from microenvironment[4],voxel size=40 um,4.04,8.867028367328034,4.592544063074806
PhysiCell,PhysiCell_dx_40um,40.0,,mean over all voxels from microenvironment[4],mean over center voxels from microenvironment[4],voxel size=40 um,4.05,8.867026890152488,4.592534707249949
PhysiCell,PhysiCell_dx_40um,40.0,,mean over all voxels from microenvironment[4],mean over center voxels from microenvironment[4],voxel size=40 um,4.06,8.867025448149441,4.5925255741909075
PhysiCell,PhysiCell_dx_40um,40.0,,mean over all voxels from microenvironment[4],mean over center voxels from microenvironment[4],voxel size=40 um,4.07,8.86702404048141,4.59251665859359
PhysiCell,PhysiCell_dx_40um,40.0,,mean over all voxels from microenvironment[4],mean over center voxels from microenvironment[4],voxel size=40 um,4.08,8.867022666330852,4.592507955280186
PhysiCell,PhysiCell_dx_40um,40.0,,mean over all voxels from microenvironment[4],mean over center voxels from microenvironment[4],voxel size=40 um,4.09,8.867021324899694,4.592499459196175
PhysiCell,PhysiCell_dx_40um,40.0,,mean over all voxels from microenvironment[4],mean over center voxels from microenvironment[4],voxel size=40 um,4.1,8.867020015408865,4.592491165407381
PhysiCell,PhysiCell_dx_40um,40.0,,mean over all voxels from microenvironment[4],mean over center voxels from microenvironment[4],voxel size=40 um,4.11,8.86701873709784,4.592483069097108
PhysiCell,PhysiCell_dx_40um,40.0,,mean over all voxels from microenvironment[4],mean over center voxels from microenvironment[4],voxel size=40 um,4.12,8.86701748922421,4.592475165563349
PhysiCell,PhysiCell_dx_40um,40.0,,mean over all voxels from microenvironment[4],mean over center voxels from microenvironment[4],voxel size=40 um,4.13,8.867016271063235,4.592467450216045
PhysiCell,PhysiCell_dx_40um,40.0,,mean over all voxels from microenvironment[4],mean over center voxels from microenvironment[4],voxel size=40 um,4.14,8.867015081907443,4.592459918574432
PhysiCell,PhysiCell_dx_40um,40.0,,mean over all voxels from microenvironment[4],mean over center voxels from microenvironment[4],voxel size=40 um,4.15,8.867013921066192,4.592452566264428
PhysiCell,PhysiCell_dx_40um,40.0,,mean over all voxels from microenvironment[4],mean over center voxels from microenvironment[4],voxel size=40 um,4.16,8.8670127878653,4.592445389016101
PhysiCell,PhysiCell_dx_40um,40.0,,mean over all voxels from microenvironment[4],mean over center voxels from microenvironment[4],voxel size=40 um,4.17,8.867011681646629,4.592438382661182
PhysiCell,PhysiCell_dx_40um,40.0,,mean over all voxels from microenvironment[4],mean over center voxels from microenvironment[4],voxel size=40 um,4.18,8.86701060176771,4.592431543130654
PhysiCell,PhysiCell_dx_40um,40.0,,mean over all voxels from microenvironment[4],mean over center voxels from microenvironment[4],voxel size=40 um,4.19,8.86700954760138,4.592424866452374
PhysiCell,PhysiCell_dx_40um,40.0,,mean over all voxels from microenvironment[4],mean over center voxels from microenvironment[4],voxel size=40 um,4.2,8.867008518535409,4.592418348748787
PhysiCell,PhysiCell_dx_40um,40.0,,mean over all voxels from microenvironment[4],mean over center voxels from microenvironment[4],voxel size=40 um,4.21,8.86700751397213,4.592411986234652
PhysiCell,PhysiCell_dx_40um,40.0,,mean over all voxels from microenvironment[4],mean over center voxels from microenvironment[4],voxel size=40 um,4.22,8.867006533328125,4.592405775214862
PhysiCell,PhysiCell_dx_40um,40.0,,mean over all voxels from microenvironment[4],mean over center voxels from microenvironment[4],voxel size=40 um,4.23,8.86700557603386,4.592399712082287
PhysiCell,PhysiCell_dx_40um,40.0,,mean over all voxels from microenvironment[4],mean over center voxels from microenvironment[4],voxel size=40 um,4.24,8.867004641533358,4.592393793315685
PhysiCell,PhysiCell_dx_40um,40.0,,mean over all voxels from microenvironment[4],mean over center voxels from microenvironment[4],voxel size=40 um,4.25,8.867003729283885,4.592388015477653
PhysiCell,PhysiCell_dx_40um,40.0,,mean over all voxels from microenvironment[4],mean over center voxels from microenvironment[4],voxel size=40 um,4.26,8.867002838755637,4.592382375212634
PhysiCell,PhysiCell_dx_40um,40.0,,mean over all voxels from microenvironment[4],mean over center voxels from microenvironment[4],voxel size=40 um,4.27,8.867001969431406,4.5923768692449665
PhysiCell,PhysiCell_dx_40um,40.0,,mean over all voxels from microenvironment[4],mean over center voxels from microenvironment[4],voxel size=40 um,4.28,8.867001120806318,4.592371494376983
PhysiCell,PhysiCell_dx_40um,40.0,,mean over all voxels from microenvironment[4],mean over center voxels from microenvironment[4],voxel size=40 um,4.29,8.867000292387512,4.592366247487153
PhysiCell,PhysiCell_dx_40um,40.0,,mean over all voxels from microenvironment[4],mean over center voxels from microenvironment[4],voxel size=40 um,4.3,8.866999483693862,4.592361125528272
PhysiCell,PhysiCell_dx_40um,40.0,,mean over all voxels from microenvironment[4],mean over center voxels from microenvironment[4],voxel size=40 um,4.31,8.866998694255697,4.5923561255256855
PhysiCell,PhysiCell_dx_40um,40.0,,mean over all voxels from microenvironment[4],mean over center voxels from microenvironment[4],voxel size=40 um,4.32,8.866997923614537,4.5923512445755685
PhysiCell,PhysiCell_dx_40um,40.0,,mean over all voxels from microenvironment[4],mean over center voxels from microenvironment[4],voxel size=40 um,4.33,8.866997171322808,4.592346479843236
PhysiCell,PhysiCell_dx_40um,40.0,,mean over all voxels from microenvironment[4],mean over center voxels from microenvironment[4],voxel size=40 um,4.34,8.8669964369436,4.5923418285615005
PhysiCell,PhysiCell_dx_40um,40.0,,mean over all voxels from microenvironment[4],mean over center voxels from microenvironment[4],voxel size=40 um,4.35,8.866995720050408,4.592337288029055
PhysiCell,PhysiCell_dx_40um,40.0,,mean over all voxels from microenvironment[4],mean over center voxels from microenvironment[4],voxel size=40 um,4.36,8.86699502022687,4.592332855608918
PhysiCell,PhysiCell_dx_40um,40.0,,mean over all voxels from microenvironment[4],mean over center voxels from microenvironment[4],voxel size=40 um,4.37,8.866994337066556,4.592328528726891
PhysiCell,PhysiCell_dx_40um,40.0,,mean over all voxels from microenvironment[4],mean over center voxels from microenvironment[4],voxel size=40 um,4.38,8.866993670172699,4.592324304870066
PhysiCell,PhysiCell_dx_40um,40.0,,mean over all voxels from microenvironment[4],mean over center voxels from microenvironment[4],voxel size=40 um,4.39,8.866993019157984,4.592320181585375
PhysiCell,PhysiCell_dx_40um,40.0,,mean over all voxels from microenvironment[4],mean over center voxels from microenvironment[4],voxel size=40 um,4.4,8.866992383644323,4.592316156478152
PhysiCell,PhysiCell_dx_40um,40.0,,mean over all voxels from microenvironment[4],mean over center voxels from microenvironment[4],voxel size=40 um,4.41,8.866991763262622,4.59231222721075
PhysiCell,PhysiCell_dx_40um,40.0,,mean over all voxels from microenvironment[4],mean over center voxels from microenvironment[4],voxel size=40 um,4.42,8.866991157652581,4.5923083915011835
PhysiCell,PhysiCell_dx_40um,40.0,,mean over all voxels from microenvironment[4],mean over center voxels from microenvironment[4],voxel size=40 um,4.43,8.866990566462476,4.592304647121799
PhysiCell,PhysiCell_dx_40um,40.0,,mean over all voxels from microenvironment[4],mean over center voxels from microenvironment[4],voxel size=40 um,4.44,8.866989989348962,4.592300991897987
PhysiCell,PhysiCell_dx_40um,40.0,,mean over all voxels from microenvironment[4],mean over center voxels from microenvironment[4],voxel size=40 um,4.45,8.866989425976866,4.592297423706913
PhysiCell,PhysiCell_dx_40um,40.0,,mean over all voxels from microenvironment[4],mean over center voxels from microenvironment[4],voxel size=40 um,4.46,8.866988876018992,4.592293940476291
PhysiCell,PhysiCell_dx_40um,40.0,,mean over all voxels from microenvironment[4],mean over center voxels from microenvironment[4],voxel size=40 um,4.47,8.866988339155945,4.592290540183175
PhysiCell,PhysiCell_dx_40um,40.0,,mean over all voxels from microenvironment[4],mean over center voxels from microenvironment[4],voxel size=40 um,4.48,8.866987815075927,4.592287220852785
PhysiCell,PhysiCell_dx_40um,40.0,,mean over all voxels from microenvironment[4],mean over center voxels from microenvironment[4],voxel size=40 um,4.49,8.866987303474563,4.592283980557362
PhysiCell,PhysiCell_dx_40um,40.0,,mean over all voxels from microenvironment[4],mean over center voxels from microenvironment[4],voxel size=40 um,4.5,8.866986804054735,4.592280817415048
PhysiCell,PhysiCell_dx_40um,40.0,,mean over all voxels from microenvironment[4],mean over center voxels from microenvironment[4],voxel size=40 um,4.51,8.866986316526384,4.592277729588794
PhysiCell,PhysiCell_dx_40um,40.0,,mean over all voxels from microenvironment[4],mean over center voxels from microenvironment[4],voxel size=40 um,4.52,8.866985840606377,4.592274715285288
PhysiCell,PhysiCell_dx_40um,40.0,,mean over all voxels from microenvironment[4],mean over center voxels from microenvironment[4],voxel size=40 um,4.53,8.866985376018306,4.592271772753919
PhysiCell,PhysiCell_dx_40um,40.0,,mean over all voxels from microenvironment[4],mean over center voxels from microenvironment[4],voxel size=40 um,4.54,8.86698492249235,4.592268900285761
PhysiCell,PhysiCell_dx_40um,40.0,,mean over all voxels from microenvironment[4],mean over center voxels from microenvironment[4],voxel size=40 um,4.55,8.866984479765113,4.592266096212574
PhysiCell,PhysiCell_dx_40um,40.0,,mean over all voxels from microenvironment[4],mean over center voxels from microenvironment[4],voxel size=40 um,4.56,8.866984047579479,4.592263358905845
PhysiCell,PhysiCell_dx_40um,40.0,,mean over all voxels from microenvironment[4],mean over center voxels from microenvironment[4],voxel size=40 um,4.57,8.866983625684435,4.5922606867758295
PhysiCell,PhysiCell_dx_40um,40.0,,mean over all voxels from microenvironment[4],mean over center voxels from microenvironment[4],voxel size=40 um,4.58,8.866983213834962,4.59225807827064
PhysiCell,PhysiCell_dx_40um,40.0,,mean over all voxels from microenvironment[4],mean over center voxels from microenvironment[4],voxel size=40 um,4.59,8.866982811791868,4.59225553187534
PhysiCell,PhysiCell_dx_40um,40.0,,mean over all voxels from microenvironment[4],mean over center voxels from microenvironment[4],voxel size=40 um,4.6,8.866982419321658,4.592253046111063
PhysiCell,PhysiCell_dx_40um,40.0,,mean over all voxels from microenvironment[4],mean over center voxels from microenvironment[4],voxel size=40 um,4.61,8.866982036196394,4.592250619534153
PhysiCell,PhysiCell_dx_40um,40.0,,mean over all voxels from microenvironment[4],mean over center voxels from microenvironment[4],voxel size=40 um,4.62,8.866981662193565,4.592248250735333
PhysiCell,PhysiCell_dx_40um,40.0,,mean over all voxels from microenvironment[4],mean over center voxels from microenvironment[4],voxel size=40 um,4.63,8.866981297095965,4.592245938338876
PhysiCell,PhysiCell_dx_40um,40.0,,mean over all voxels from microenvironment[4],mean over center voxels from microenvironment[4],voxel size=40 um,4.64,8.866980940691553,4.592243681001814
PhysiCell,PhysiCell_dx_40um,40.0,,mean over all voxels from microenvironment[4],mean over center voxels from microenvironment[4],voxel size=40 um,4.65,8.86698059277334,4.5922414774131575
PhysiCell,PhysiCell_dx_40um,40.0,,mean over all voxels from microenvironment[4],mean over center voxels from microenvironment[4],voxel size=40 um,4.66,8.86698025313926,4.5922393262931305
PhysiCell,PhysiCell_dx_40um,40.0,,mean over all voxels from microenvironment[4],mean over center voxels from microenvironment[4],voxel size=40 um,4.67,8.866979921592073,4.5922372263924265
PhysiCell,PhysiCell_dx_40um,40.0,,mean over all voxels from microenvironment[4],mean over center voxels from microenvironment[4],voxel size=40 um,4.68,8.866979597939213,4.59223517649149
PhysiCell,PhysiCell_dx_40um,40.0,,mean over all voxels from microenvironment[4],mean over center voxels from microenvironment[4],voxel size=40 um,4.69,8.86697928199272,4.592233175399802
PhysiCell,PhysiCell_dx_40um,40.0,,mean over all voxels from microenvironment[4],mean over center voxels from microenvironment[4],voxel size=40 um,4.7,8.866978973569095,4.592231221955187
PhysiCell,PhysiCell_dx_40um,40.0,,mean over all voxels from microenvironment[4],mean over center voxels from microenvironment[4],voxel size=40 um,4.71,8.86697867248922,4.592229315023146
PhysiCell,PhysiCell_dx_40um,40.0,,mean over all voxels from microenvironment[4],mean over center voxels from microenvironment[4],voxel size=40 um,4.72,8.86697837857823,4.59222745349619
PhysiCell,PhysiCell_dx_40um,40.0,,mean over all voxels from microenvironment[4],mean over center voxels from microenvironment[4],voxel size=40 um,4.73,8.866978091665432,4.592225636293202
PhysiCell,PhysiCell_dx_40um,40.0,,mean over all voxels from microenvironment[4],mean over center voxels from microenvironment[4],voxel size=40 um,4.74,8.866977811584198,4.592223862358806
PhysiCell,PhysiCell_dx_40um,40.0,,mean over all voxels from microenvironment[4],mean over center voxels from microenvironment[4],voxel size=40 um,4.75,8.86697753817186,4.592222130662753
PhysiCell,PhysiCell_dx_40um,40.0,,mean over all voxels from microenvironment[4],mean over center voxels from microenvironment[4],voxel size=40 um,4.76,8.86697727126963,4.592220440199328
PhysiCell,PhysiCell_dx_40um,40.0,,mean over all voxels from microenvironment[4],mean over center voxels from microenvironment[4],voxel size=40 um,4.77,8.866977010722497,4.5922187899867595
PhysiCell,PhysiCell_dx_40um,40.0,,mean over all voxels from microenvironment[4],mean over center voxels from microenvironment[4],voxel size=40 um,4.78,8.866976756379142,4.5922171790666555
PhysiCell,PhysiCell_dx_40um,40.0,,mean over all voxels from microenvironment[4],mean over center voxels from microenvironment[4],voxel size=40 um,4.79,8.86697650809185,4.592215606503441
PhysiCell,PhysiCell_dx_40um,40.0,,mean over all voxels from microenvironment[4],mean over center voxels from microenvironment[4],voxel size=40 um,4.8,8.866976265716426,4.592214071383816
PhysiCell,PhysiCell_dx_40um,40.0,,mean over all voxels from microenvironment[4],mean over center voxels from microenvironment[4],voxel size=40 um,4.81,8.866976029112099,4.592212572816234
PhysiCell,PhysiCell_dx_40um,40.0,,mean over all voxels from microenvironment[4],mean over center voxels from microenvironment[4],voxel size=40 um,4.82,8.866975798141462,4.592211109930369
PhysiCell,PhysiCell_dx_40um,40.0,,mean over all voxels from microenvironment[4],mean over center voxels from microenvironment[4],voxel size=40 um,4.83,8.866975572670365,4.592209681876621
PhysiCell,PhysiCell_dx_40um,40.0,,mean over all voxels from microenvironment[4],mean over center voxels from microenvironment[4],voxel size=40 um,4.84,8.86697535256787,4.5922082878256205
PhysiCell,PhysiCell_dx_40um,40.0,,mean over all voxels from microenvironment[4],mean over center voxels from microenvironment[4],voxel size=40 um,4.85,8.866975137706142,4.592206926967741
PhysiCell,PhysiCell_dx_40um,40.0,,mean over all voxels from microenvironment[4],mean over center voxels from microenvironment[4],voxel size=40 um,4.86,8.866974927960396,4.592205598512639
PhysiCell,PhysiCell_dx_40um,40.0,,mean over all voxels from microenvironment[4],mean over center voxels from microenvironment[4],voxel size=40 um,4.87,8.866974723208818,4.5922043016887875
PhysiCell,PhysiCell_dx_40um,40.0,,mean over all voxels from microenvironment[4],mean over center voxels from microenvironment[4],voxel size=40 um,4.88,8.866974523332493,4.592203035743029
PhysiCell,PhysiCell_dx_40um,40.0,,mean over all voxels from microenvironment[4],mean over center voxels from microenvironment[4],voxel size=40 um,4.89,8.866974328215342,4.59220179994014
PhysiCell,PhysiCell_dx_40um,40.0,,mean over all voxels from microenvironment[4],mean over center voxels from microenvironment[4],voxel size=40 um,4.9,8.866974137744043,4.592200593562402
PhysiCell,PhysiCell_dx_40um,40.0,,mean over all voxels from microenvironment[4],mean over center voxels from microenvironment[4],voxel size=40 um,4.91,8.866973951807973,4.592199415909186
PhysiCell,PhysiCell_dx_40um,40.0,,mean over all voxels from microenvironment[4],mean over center voxels from microenvironment[4],voxel size=40 um,4.92,8.86697377029915,4.592198266296547
PhysiCell,PhysiCell_dx_40um,40.0,,mean over all voxels from microenvironment[4],mean over center voxels from microenvironment[4],voxel size=40 um,4.93,8.866973593112156,4.592197144056824
PhysiCell,PhysiCell_dx_40um,40.0,,mean over all voxels from microenvironment[4],mean over center voxels from microenvironment[4],voxel size=40 um,4.94,8.86697342014409,4.592196048538254
PhysiCell,PhysiCell_dx_40um,40.0,,mean over all voxels from microenvironment[4],mean over center voxels from microenvironment[4],voxel size=40 um,4.95,8.866973251294493,4.592194979104589
PhysiCell,PhysiCell_dx_40um,40.0,,mean over all voxels from microenvironment[4],mean over center voxels from microenvironment[4],voxel size=40 um,4.96,8.8669730864653,4.592193935134734
PhysiCell,PhysiCell_dx_40um,40.0,,mean over all voxels from microenvironment[4],mean over center voxels from microenvironment[4],voxel size=40 um,4.97,8.86697292556079,4.592192916022385
PhysiCell,PhysiCell_dx_40um,40.0,,mean over all voxels from microenvironment[4],mean over center voxels from microenvironment[4],voxel size=40 um,4.98,8.866972768487507,4.592191921175668
PhysiCell,PhysiCell_dx_40um,40.0,,mean over all voxels from microenvironment[4],mean over center voxels from microenvironment[4],voxel size=40 um,4.99,8.866972615154227,4.592190950016807
PhysiCell,PhysiCell_dx_40um,40.0,,mean over all voxels from microenvironment[4],mean over center voxels from microenvironment[4],voxel size=40 um,5.0,8.866972465471903,4.592190001981781
PhysiCell,PhysiCell_dx_40um,40.0,,mean over all voxels from microenvironment[4],mean over center voxels from microenvironment[4],voxel size=40 um,5.01,8.866972319353602,4.5921890765199995
PhysiCell,PhysiCell_dx_40um,40.0,,mean over all voxels from microenvironment[4],mean over center voxels from microenvironment[4],voxel size=40 um,5.02,8.866972176714462,4.592188173093979
PhysiCell,PhysiCell_dx_40um,40.0,,mean over all voxels from microenvironment[4],mean over center voxels from microenvironment[4],voxel size=40 um,5.03,8.866972037471644,4.592187291179039
PhysiCell,PhysiCell_dx_40um,40.0,,mean over all voxels from microenvironment[4],mean over center voxels from microenvironment[4],voxel size=40 um,5.04,8.866971901544273,4.592186430262987
PhysiCell,PhysiCell_dx_40um,40.0,,mean over all voxels from microenvironment[4],mean over center voxels from microenvironment[4],voxel size=40 um,5.05,8.86697176885342,4.592185589845829
PhysiCell,PhysiCell_dx_40um,40.0,,mean over all voxels from microenvironment[4],mean over center voxels from microenvironment[4],voxel size=40 um,5.06,8.866971639322006,4.5921847694394735
PhysiCell,PhysiCell_dx_40um,40.0,,mean over all voxels from microenvironment[4],mean over center voxels from microenvironment[4],voxel size=40 um,5.07,8.86697151287481,4.592183968567455
PhysiCell,PhysiCell_dx_40um,40.0,,mean over all voxels from microenvironment[4],mean over center voxels from microenvironment[4],voxel size=40 um,5.08,8.8669713894384,4.5921831867646485
PhysiCell,PhysiCell_dx_40um,40.0,,mean over all voxels from microenvironment[4],mean over center voxels from microenvironment[4],voxel size=40 um,5.09,8.866971268941075,4.592182423577005
PhysiCell,PhysiCell_dx_40um,40.0,,mean over all voxels from microenvironment[4],mean over center voxels from microenvironment[4],voxel size=40 um,5.1,8.866971151312862,4.592181678561289
PhysiCell,PhysiCell_dx_40um,40.0,,mean over all voxels from microenvironment[4],mean over center voxels from microenvironment[4],voxel size=40 um,5.11,8.866971036485447,4.592180951284815
PhysiCell,PhysiCell_dx_40um,40.0,,mean over all voxels from microenvironment[4],mean over center voxels from microenvironment[4],voxel size=40 um,5.12,8.86697092439214,4.592180241325203
PhysiCell,PhysiCell_dx_40um,40.0,,mean over all voxels from microenvironment[4],mean over center voxels from microenvironment[4],voxel size=40 um,5.13,8.866970814967837,4.592179548270129
PhysiCell,PhysiCell_dx_40um,40.0,,mean over all voxels from microenvironment[4],mean over center voxels from microenvironment[4],voxel size=40 um,5.14,8.866970708148989,4.592178871717087
PhysiCell,PhysiCell_dx_40um,40.0,,mean over all voxels from microenvironment[4],mean over center voxels from microenvironment[4],voxel size=40 um,5.15,8.866970603873561,4.592178211273153
PhysiCell,PhysiCell_dx_40um,40.0,,mean over all voxels from microenvironment[4],mean over center voxels from microenvironment[4],voxel size=40 um,5.16,8.86697050208099,4.592177566554762
PhysiCell,PhysiCell_dx_40um,40.0,,mean over all voxels from microenvironment[4],mean over center voxels from microenvironment[4],voxel size=40 um,5.17,8.86697040271216,4.592176937187479
PhysiCell,PhysiCell_dx_40um,40.0,,mean over all voxels from microenvironment[4],mean over center voxels from microenvironment[4],voxel size=40 um,5.18,8.866970305709359,4.592176322805786
PhysiCell,PhysiCell_dx_40um,40.0,,mean over all voxels from microenvironment[4],mean over center voxels from microenvironment[4],voxel size=40 um,5.19,8.866970211016248,4.592175723052868
PhysiCell,PhysiCell_dx_40um,40.0,,mean over all voxels from microenvironment[4],mean over center voxels from microenvironment[4],voxel size=40 um,5.2,8.86697011857784,4.592175137580406
PhysiCell,PhysiCell_dx_40um,40.0,,mean over all voxels from microenvironment[4],mean over center voxels from microenvironment[4],voxel size=40 um,5.21,8.86697002834044,4.592174566048373
PhysiCell,PhysiCell_dx_40um,40.0,,mean over all voxels from microenvironment[4],mean over center voxels from microenvironment[4],voxel size=40 um,5.22,8.866969940251643,4.59217400812484
PhysiCell,PhysiCell_dx_40um,40.0,,mean over all voxels from microenvironment[4],mean over center voxels from microenvironment[4],voxel size=40 um,5.23,8.866969854260292,4.592173463485783
PhysiCell,PhysiCell_dx_40um,40.0,,mean over all voxels from microenvironment[4],mean over center voxels from microenvironment[4],voxel size=40 um,5.24,8.866969770316446,4.592172931814889
PhysiCell,PhysiCell_dx_40um,40.0,,mean over all voxels from microenvironment[4],mean over center voxels from microenvironment[4],voxel size=40 um,5.25,8.866969688371348,4.59217241280338
PhysiCell,PhysiCell_dx_40um,40.0,,mean over all voxels from microenvironment[4],mean over center voxels from microenvironment[4],voxel size=40 um,5.26,8.866969608377415,4.592171906149829
PhysiCell,PhysiCell_dx_40um,40.0,,mean over all voxels from microenvironment[4],mean over center voxels from microenvironment[4],voxel size=40 um,5.27,8.86696953028818,4.592171411559986
PhysiCell,PhysiCell_dx_40um,40.0,,mean over all voxels from microenvironment[4],mean over center voxels from microenvironment[4],voxel size=40 um,5.28,8.866969454058296,4.592170928746606
PhysiCell,PhysiCell_dx_40um,40.0,,mean over all voxels from microenvironment[4],mean over center voxels from microenvironment[4],voxel size=40 um,5.29,8.866969379643487,4.592170457429286
PhysiCell,PhysiCell_dx_40um,40.0,,mean over all voxels from microenvironment[4],mean over center voxels from microenvironment[4],voxel size=40 um,5.3,8.866969307000543,4.592169997334299
PhysiCell,PhysiCell_dx_40um,40.0,,mean over all voxels from microenvironment[4],mean over center voxels from microenvironment[4],voxel size=40 um,5.31,8.866969236087263,4.592169548194434
PhysiCell,PhysiCell_dx_40um,40.0,,mean over all voxels from microenvironment[4],mean over center voxels from microenvironment[4],voxel size=40 um,5.32,8.866969166862471,4.592169109748844
PhysiCell,PhysiCell_dx_40um,40.0,,mean over all voxels from microenvironment[4],mean over center voxels from microenvironment[4],voxel size=40 um,5.33,8.866969099285964,4.5921686817428915
PhysiCell,PhysiCell_dx_40um,40.0,,mean over all voxels from microenvironment[4],mean over center voxels from microenvironment[4],voxel size=40 um,5.34,8.866969033318489,4.592168263928004
PhysiCell,PhysiCell_dx_40um,40.0,,mean over all voxels from microenvironment[4],mean over center voxels from microenvironment[4],voxel size=40 um,5.35,8.86696896892174,4.5921678560615256
PhysiCell,PhysiCell_dx_40um,40.0,,mean over all voxels from microenvironment[4],mean over center voxels from microenvironment[4],voxel size=40 um,5.36,8.866968906058313,4.592167457906579
PhysiCell,PhysiCell_dx_40um,40.0,,mean over all voxels from microenvironment[4],mean over center voxels from microenvironment[4],voxel size=40 um,5.37,8.8669688446917,4.592167069231929
PhysiCell,PhysiCell_dx_40um,40.0,,mean over all voxels from microenvironment[4],mean over center voxels from microenvironment[4],voxel size=40 um,5.38,8.866968784786263,4.592166689811843
PhysiCell,PhysiCell_dx_40um,40.0,,mean over all voxels from microenvironment[4],mean over center voxels from microenvironment[4],voxel size=40 um,5.39,8.866968726307206,4.592166319425964
PhysiCell,PhysiCell_dx_40um,40.0,,mean over all voxels from microenvironment[4],mean over center voxels from microenvironment[4],voxel size=40 um,5.4,8.86696866922057,4.592165957859183
PhysiCell,PhysiCell_dx_40um,40.0,,mean over all voxels from microenvironment[4],mean over center voxels from microenvironment[4],voxel size=40 um,5.41,8.866968613493201,4.592165604901513
PhysiCell,PhysiCell_dx_40um,40.0,,mean over all voxels from microenvironment[4],mean over center voxels from microenvironment[4],voxel size=40 um,5.42,8.866968559092733,4.592165260347965
PhysiCell,PhysiCell_dx_40um,40.0,,mean over all voxels from microenvironment[4],mean over center voxels from microenvironment[4],voxel size=40 um,5.43,8.86696850598757,4.592164923998433
PhysiCell,PhysiCell_dx_40um,40.0,,mean over all voxels from microenvironment[4],mean over center voxels from microenvironment[4],voxel size=40 um,5.44,8.86696845414687,4.592164595657574
PhysiCell,PhysiCell_dx_40um,40.0,,mean over all voxels from microenvironment[4],mean over center voxels from microenvironment[4],voxel size=40 um,5.45,8.86696840354053,4.592164275134698
PhysiCell,PhysiCell_dx_40um,40.0,,mean over all voxels from microenvironment[4],mean over center voxels from microenvironment[4],voxel size=40 um,5.46,8.866968354139154,4.592163962243655
PhysiCell,PhysiCell_dx_40um,40.0,,mean over all voxels from microenvironment[4],mean over center voxels from microenvironment[4],voxel size=40 um,5.47,8.866968305914053,4.5921636568027235
PhysiCell,PhysiCell_dx_40um,40.0,,mean over all voxels from microenvironment[4],mean over center voxels from microenvironment[4],voxel size=40 um,5.48,8.866968258837224,4.592163358634515
PhysiCell,PhysiCell_dx_40um,40.0,,mean over all voxels from microenvironment[4],mean over center voxels from microenvironment[4],voxel size=40 um,5.49,8.866968212881313,4.592163067565863
PhysiCell,PhysiCell_dx_40um,40.0,,mean over all voxels from microenvironment[4],mean over center voxels from microenvironment[4],voxel size=40 um,5.5,8.866968168019644,4.592162783427719
PhysiCell,PhysiCell_dx_40um,40.0,,mean over all voxels from microenvironment[4],mean over center voxels from microenvironment[4],voxel size=40 um,5.51,8.866968124226156,4.592162506055067
PhysiCell,PhysiCell_dx_40um,40.0,,mean over all voxels from microenvironment[4],mean over center voxels from microenvironment[4],voxel size=40 um,5.52,8.866968081475417,4.592162235286816
PhysiCell,PhysiCell_dx_40um,40.0,,mean over all voxels from microenvironment[4],mean over center voxels from microenvironment[4],voxel size=40 um,5.53,8.866968039742597,4.592161970965711
PhysiCell,PhysiCell_dx_40um,40.0,,mean over all voxels from microenvironment[4],mean over center voxels from microenvironment[4],voxel size=40 um,5.54,8.866967999003458,4.592161712938242
PhysiCell,PhysiCell_dx_40um,40.0,,mean over all voxels from microenvironment[4],mean over center voxels from microenvironment[4],voxel size=40 um,5.55,8.866967959234342,4.5921614610545545
PhysiCell,PhysiCell_dx_40um,40.0,,mean over all voxels from microenvironment[4],mean over center voxels from microenvironment[4],voxel size=40 um,5.56,8.866967920412154,4.59216121516836
PhysiCell,PhysiCell_dx_40um,40.0,,mean over all voxels from microenvironment[4],mean over center voxels from microenvironment[4],voxel size=40 um,5.57,8.86696788251434,4.592160975136856
PhysiCell,PhysiCell_dx_40um,40.0,,mean over all voxels from microenvironment[4],mean over center voxels from microenvironment[4],voxel size=40 um,5.58,8.866967845518898,4.592160740820638
PhysiCell,PhysiCell_dx_40um,40.0,,mean over all voxels from microenvironment[4],mean over center voxels from microenvironment[4],voxel size=40 um,5.59,8.866967809404338,4.592160512083624
PhysiCell,PhysiCell_dx_40um,40.0,,mean over all voxels from microenvironment[4],mean over center voxels from microenvironment[4],voxel size=40 um,5.6,8.866967774149687,4.592160288792969
PhysiCell,PhysiCell_dx_40um,40.0,,mean over all voxels from microenvironment[4],mean over center voxels from microenvironment[4],voxel size=40 um,5.61,8.866967739734472,4.592160070818991
PhysiCell,PhysiCell_dx_40um,40.0,,mean over all voxels from microenvironment[4],mean over center voxels from microenvironment[4],voxel size=40 um,5.62,8.866967706138697,4.592159858035099
PhysiCell,PhysiCell_dx_40um,40.0,,mean over all voxels from microenvironment[4],mean over center voxels from microenvironment[4],voxel size=40 um,5.63,8.86696767334286,4.592159650317711
PhysiCell,PhysiCell_dx_40um,40.0,,mean over all voxels from microenvironment[4],mean over center voxels from microenvironment[4],voxel size=40 um,5.64,8.86696764132791,4.592159447546193
PhysiCell,PhysiCell_dx_40um,40.0,,mean over all voxels from microenvironment[4],mean over center voxels from microenvironment[4],voxel size=40 um,5.65,8.866967610075253,4.59215924960278
PhysiCell,PhysiCell_dx_40um,40.0,,mean over all voxels from microenvironment[4],mean over center voxels from microenvironment[4],voxel size=40 um,5.66,8.866967579566744,4.592159056372513
PhysiCell,PhysiCell_dx_40um,40.0,,mean over all voxels from microenvironment[4],mean over center voxels from microenvironment[4],voxel size=40 um,5.67,8.866967549784656,4.592158867743169
PhysiCell,PhysiCell_dx_40um,40.0,,mean over all voxels from microenvironment[4],mean over center voxels from microenvironment[4],voxel size=40 um,5.68,8.866967520711698,4.592158683605198
PhysiCell,PhysiCell_dx_40um,40.0,,mean over all voxels from microenvironment[4],mean over center voxels from microenvironment[4],voxel size=40 um,5.69,8.866967492330984,4.592158503851656
PhysiCell,PhysiCell_dx_40um,40.0,,mean over all voxels from microenvironment[4],mean over center voxels from microenvironment[4],voxel size=40 um,5.7,8.866967464626029,4.592158328378149
PhysiCell,PhysiCell_dx_40um,40.0,,mean over all voxels from microenvironment[4],mean over center voxels from microenvironment[4],voxel size=40 um,5.71,8.86696743758075,4.592158157082766
PhysiCell,PhysiCell_dx_40um,40.0,,mean over all voxels from microenvironment[4],mean over center voxels from microenvironment[4],voxel size=40 um,5.72,8.866967411179429,4.592157989866024
PhysiCell,PhysiCell_dx_40um,40.0,,mean over all voxels from microenvironment[4],mean over center voxels from microenvironment[4],voxel size=40 um,5.73,8.866967385406742,4.592157826630809
PhysiCell,PhysiCell_dx_40um,40.0,,mean over all voxels from microenvironment[4],mean over center voxels from microenvironment[4],voxel size=40 um,5.74,8.866967360247715,4.592157667282318
PhysiCell,PhysiCell_dx_40um,40.0,,mean over all voxels from microenvironment[4],mean over center voxels from microenvironment[4],voxel size=40 um,5.75,8.86696733568774,4.592157511728004
PhysiCell,PhysiCell_dx_40um,40.0,,mean over all voxels from microenvironment[4],mean over center voxels from microenvironment[4],voxel size=40 um,5.76,8.866967311712553,4.592157359877527
PhysiCell,PhysiCell_dx_40um,40.0,,mean over all voxels from microenvironment[4],mean over center voxels from microenvironment[4],voxel size=40 um,5.77,8.866967288308228,4.592157211642698
PhysiCell,PhysiCell_dx_40um,40.0,,mean over all voxels from microenvironment[4],mean over center voxels from microenvironment[4],voxel size=40 um,5.78,8.866967265461172,4.592157066937425
PhysiCell,PhysiCell_dx_40um,40.0,,mean over all voxels from microenvironment[4],mean over center voxels from microenvironment[4],voxel size=40 um,5.79,8.86696724315812,4.592156925677666
PhysiCell,PhysiCell_dx_40um,40.0,,mean over all voxels from microenvironment[4],mean over center voxels from microenvironment[4],voxel size=40 um,5.8,8.866967221386115,4.5921567877813825
PhysiCell,PhysiCell_dx_40um,40.0,,mean over all voxels from microenvironment[4],mean over center voxels from microenvironment[4],voxel size=40 um,5.81,8.866967200132514,4.592156653168488
PhysiCell,PhysiCell_dx_40um,40.0,,mean over all voxels from microenvironment[4],mean over center voxels from microenvironment[4],voxel size=40 um,5.82,8.866967179384975,4.5921565217608045
PhysiCell,PhysiCell_dx_40um,40.0,,mean over all voxels from microenvironment[4],mean over center voxels from microenvironment[4],voxel size=40 um,5.83,8.866967159131447,4.5921563934820115
PhysiCell,PhysiCell_dx_40um,40.0,,mean over all voxels from microenvironment[4],mean over center voxels from microenvironment[4],voxel size=40 um,5.84,8.866967139360165,4.592156268257611
PhysiCell,PhysiCell_dx_40um,40.0,,mean over all voxels from microenvironment[4],mean over center voxels from microenvironment[4],voxel size=40 um,5.85,8.866967120059648,4.592156146014875
PhysiCell,PhysiCell_dx_40um,40.0,,mean over all voxels from microenvironment[4],mean over center voxels from microenvironment[4],voxel size=40 um,5.86,8.866967101218691,4.592156026682807
PhysiCell,PhysiCell_dx_40um,40.0,,mean over all voxels from microenvironment[4],mean over center voxels from microenvironment[4],voxel size=40 um,5.87,8.866967082826344,4.592155910192106
PhysiCell,PhysiCell_dx_40um,40.0,,mean over all voxels from microenvironment[4],mean over center voxels from microenvironment[4],voxel size=40 um,5.88,8.86696706487193,4.592155796475115
PhysiCell,PhysiCell_dx_40um,40.0,,mean over all voxels from microenvironment[4],mean over center voxels from microenvironment[4],voxel size=40 um,5.89,8.866967047345021,4.592155685465789
PhysiCell,PhysiCell_dx_40um,40.0,,mean over all voxels from microenvironment[4],mean over center voxels from microenvironment[4],voxel size=40 um,5.9,8.86696703023544,4.592155577099659
PhysiCell,PhysiCell_dx_40um,40.0,,mean over all voxels from microenvironment[4],mean over center voxels from microenvironment[4],voxel size=40 um,5.91,8.86696701353325,4.592155471313788
PhysiCell,PhysiCell_dx_40um,40.0,,mean over all voxels from microenvironment[4],mean over center voxels from microenvironment[4],voxel size=40 um,5.92,8.866966997228744,4.592155368046741
PhysiCell,PhysiCell_dx_40um,40.0,,mean over all voxels from microenvironment[4],mean over center voxels from microenvironment[4],voxel size=40 um,5.93,8.866966981312459,4.592155267238538
PhysiCell,PhysiCell_dx_40um,40.0,,mean over all voxels from microenvironment[4],mean over center voxels from microenvironment[4],voxel size=40 um,5.94,8.866966965775148,4.592155168830639
PhysiCell,PhysiCell_dx_40um,40.0,,mean over all voxels from microenvironment[4],mean over center voxels from microenvironment[4],voxel size=40 um,5.95,8.866966950607791,4.592155072765887
PhysiCell,PhysiCell_dx_40um,40.0,,mean over all voxels from microenvironment[4],mean over center voxels from microenvironment[4],voxel size=40 um,5.96,8.866966935801578,4.592154978988492
PhysiCell,PhysiCell_dx_40um,40.0,,mean over all voxels from microenvironment[4],mean over center voxels from microenvironment[4],voxel size=40 um,5.97,8.866966921347908,4.592154887443989
PhysiCell,PhysiCell_dx_40um,40.0,,mean over all voxels from microenvironment[4],mean over center voxels from microenvironment[4],voxel size=40 um,5.98,8.866966907238389,4.592154798079214
PhysiCell,PhysiCell_dx_40um,40.0,,mean over all voxels from microenvironment[4],mean over center voxels from microenvironment[4],voxel size=40 um,5.99,8.866966893464825,4.592154710842266
PhysiCell,PhysiCell_dx_40um,40.0,,mean over all voxels from microenvironment[4],mean over center voxels from microenvironment[4],voxel size=40 um,6.0,8.86696688001922,4.59215462568248
PhysiCell,PhysiCell_dx_40um,40.0,,mean over all voxels from microenvironment[4],mean over center voxels from microenvironment[4],voxel size=40 um,6.01,8.866966866893762,4.592154542550396
PhysiCell,PhysiCell_dx_40um,40.0,,mean over all voxels from microenvironment[4],mean over center voxels from microenvironment[4],voxel size=40 um,6.02,8.866966854080827,4.592154461397735
PhysiCell,PhysiCell_dx_40um,40.0,,mean over all voxels from microenvironment[4],mean over center voxels from microenvironment[4],voxel size=40 um,6.03,8.866966841572975,4.592154382177364
PhysiCell,PhysiCell_dx_40um,40.0,,mean over all voxels from microenvironment[4],mean over center voxels from microenvironment[4],voxel size=40 um,6.04,8.866966829362944,4.592154304843276
PhysiCell,PhysiCell_dx_40um,40.0,,mean over all voxels from microenvironment[4],mean over center voxels from microenvironment[4],voxel size=40 um,6.05,8.86696681744364,4.592154229350558
PhysiCell,PhysiCell_dx_40um,40.0,,mean over all voxels from microenvironment[4],mean over center voxels from microenvironment[4],voxel size=40 um,6.06,8.866966805808142,4.592154155655364
PhysiCell,PhysiCell_dx_40um,40.0,,mean over all voxels from microenvironment[4],mean over center voxels from microenvironment[4],voxel size=40 um,6.07,8.86696679444969,4.592154083714895
PhysiCell,PhysiCell_dx_40um,40.0,,mean over all voxels from microenvironment[4],mean over center voxels from microenvironment[4],voxel size=40 um,6.08,8.86696678336169,4.592154013487369
PhysiCell,PhysiCell_dx_40um,40.0,,mean over all voxels from microenvironment[4],mean over center voxels from microenvironment[4],voxel size=40 um,6.09,8.866966772537703,4.592153944932001
PhysiCell,PhysiCell_dx_40um,40.0,,mean over all voxels from microenvironment[4],mean over center voxels from microenvironment[4],voxel size=40 um,6.1,8.866966761971439,4.592153878008976
PhysiCell,PhysiCell_dx_40um,40.0,,mean over all voxels from microenvironment[4],mean over center voxels from microenvironment[4],voxel size=40 um,6.11,8.866966751656767,4.592153812679427
PhysiCell,PhysiCell_dx_40um,40.0,,mean over all voxels from microenvironment[4],mean over center voxels from microenvironment[4],voxel size=40 um,6.12,8.86696674158769,4.59215374890541
PhysiCell,PhysiCell_dx_40um,40.0,,mean over all voxels from microenvironment[4],mean over center voxels from microenvironment[4],voxel size=40 um,6.13,8.866966731758364,4.59215368664989
PhysiCell,PhysiCell_dx_40um,40.0,,mean over all voxels from microenvironment[4],mean over center voxels from microenvironment[4],voxel size=40 um,6.14,8.866966722163083,4.59215362587671
PhysiCell,PhysiCell_dx_40um,40.0,,mean over all voxels from microenvironment[4],mean over center voxels from microenvironment[4],voxel size=40 um,6.15,8.866966712796266,4.592153566550572
PhysiCell,PhysiCell_dx_40um,40.0,,mean over all voxels from microenvironment[4],mean over center voxels from microenvironment[4],voxel size=40 um,6.16,8.866966703652484,4.592153508637026
PhysiCell,PhysiCell_dx_40um,40.0,,mean over all voxels from microenvironment[4],mean over center voxels from microenvironment[4],voxel size=40 um,6.17,8.866966694726418,4.592153452102434
PhysiCell,PhysiCell_dx_40um,40.0,,mean over all voxels from microenvironment[4],mean over center voxels from microenvironment[4],voxel size=40 um,6.18,8.866966686012885,4.592153396913964
PhysiCell,PhysiCell_dx_40um,40.0,,mean over all voxels from microenvironment[4],mean over center voxels from microenvironment[4],voxel size=40 um,6.19,8.866966677506829,4.592153343039561
PhysiCell,PhysiCell_dx_40um,40.0,,mean over all voxels from microenvironment[4],mean over center voxels from microenvironment[4],voxel size=40 um,6.2,8.866966669203306,4.592153290447939
PhysiCell,PhysiCell_dx_40um,40.0,,mean over all voxels from microenvironment[4],mean over center voxels from microenvironment[4],voxel size=40 um,6.21,8.866966661097493,4.592153239108553
PhysiCell,PhysiCell_dx_40um,40.0,,mean over all voxels from microenvironment[4],mean over center voxels from microenvironment[4],voxel size=40 um,6.22,8.866966653184686,4.592153188991587
PhysiCell,PhysiCell_dx_40um,40.0,,mean over all voxels from microenvironment[4],mean over center voxels from microenvironment[4],voxel size=40 um,6.23,8.866966645460288,4.5921531400679365
PhysiCell,PhysiCell_dx_40um,40.0,,mean over all voxels from microenvironment[4],mean over center voxels from microenvironment[4],voxel size=40 um,6.24,8.866966637919813,4.592153092309184
PhysiCell,PhysiCell_dx_40um,40.0,,mean over all voxels from microenvironment[4],mean over center voxels from microenvironment[4],voxel size=40 um,6.25,8.866966630558876,4.592153045687596
PhysiCell,PhysiCell_dx_40um,40.0,,mean over all voxels from microenvironment[4],mean over center voxels from microenvironment[4],voxel size=40 um,6.26,8.866966623373212,4.592153000176094
PhysiCell,PhysiCell_dx_40um,40.0,,mean over all voxels from microenvironment[4],mean over center voxels from microenvironment[4],voxel size=40 um,6.27,8.86696661635864,4.592152955748248
PhysiCell,PhysiCell_dx_40um,40.0,,mean over all voxels from microenvironment[4],mean over center voxels from microenvironment[4],voxel size=40 um,6.28,8.866966609511092,4.592152912378253
PhysiCell,PhysiCell_dx_40um,40.0,,mean over all voxels from microenvironment[4],mean over center voxels from microenvironment[4],voxel size=40 um,6.29,8.866966602826588,4.592152870040923
PhysiCell,PhysiCell_dx_40um,40.0,,mean over all voxels from microenvironment[4],mean over center voxels from microenvironment[4],voxel size=40 um,6.3,8.866966596301243,4.5921528287116695
PhysiCell,PhysiCell_dx_40um,40.0,,mean over all voxels from microenvironment[4],mean over center voxels from microenvironment[4],voxel size=40 um,6.31,8.866966589931273,4.592152788366489
PhysiCell,PhysiCell_dx_40um,40.0,,mean over all voxels from microenvironment[4],mean over center voxels from microenvironment[4],voxel size=40 um,6.32,8.866966583712973,4.592152748981951
PhysiCell,PhysiCell_dx_40um,40.0,,mean over all voxels from microenvironment[4],mean over center voxels from microenvironment[4],voxel size=40 um,6.33,8.866966577642735,4.5921527105351805
PhysiCell,PhysiCell_dx_40um,40.0,,mean over all voxels from microenvironment[4],mean over center voxels from microenvironment[4],voxel size=40 um,6.34,8.866966571717034,4.5921526730038496
PhysiCell,PhysiCell_dx_40um,40.0,,mean over all voxels from microenvironment[4],mean over center voxels from microenvironment[4],voxel size=40 um,6.35,8.866966565932424,4.592152636366161
PhysiCell,PhysiCell_dx_40um,40.0,,mean over all voxels from microenvironment[4],mean over center voxels from microenvironment[4],voxel size=40 um,6.36,8.866966560285555,4.592152600600836
PhysiCell,PhysiCell_dx_40um,40.0,,mean over all voxels from microenvironment[4],mean over center voxels from microenvironment[4],voxel size=40 um,6.37,8.866966554773136,4.592152565687106
PhysiCell,PhysiCell_dx_40um,40.0,,mean over all voxels from microenvironment[4],mean over center voxels from microenvironment[4],voxel size=40 um,6.38,8.866966549391972,4.5921525316046905
PhysiCell,PhysiCell_dx_40um,40.0,,mean over all voxels from microenvironment[4],mean over center voxels from microenvironment[4],voxel size=40 um,6.39,8.866966544138938,4.592152498333797
PhysiCell,PhysiCell_dx_40um,40.0,,mean over all voxels from microenvironment[4],mean over center voxels from microenvironment[4],voxel size=40 um,6.4,8.866966539010981,4.5921524658551025
PhysiCell,PhysiCell_dx_40um,40.0,,mean over all voxels from microenvironment[4],mean over center voxels from microenvironment[4],voxel size=40 um,6.41,8.866966534005124,4.592152434149744
PhysiCell,PhysiCell_dx_40um,40.0,,mean over all voxels from microenvironment[4],mean over center voxels from microenvironment[4],voxel size=40 um,6.42,8.866966529118457,4.59215240319931
PhysiCell,PhysiCell_dx_40um,40.0,,mean over all voxels from microenvironment[4],mean over center voxels from microenvironment[4],voxel size=40 um,6.43,8.866966524348147,4.592152372985822
PhysiCell,PhysiCell_dx_40um,40.0,,mean over all voxels from microenvironment[4],mean over center voxels from microenvironment[4],voxel size=40 um,6.44,8.86696651969142,4.592152343491735
PhysiCell,PhysiCell_dx_40um,40.0,,mean over all voxels from microenvironment[4],mean over center voxels from microenvironment[4],voxel size=40 um,6.45,8.866966515145572,4.592152314699918
PhysiCell,PhysiCell_dx_40um,40.0,,mean over all voxels from microenvironment[4],mean over center voxels from microenvironment[4],voxel size=40 um,6.46,8.866966510707964,4.5921522865936515
PhysiCell,PhysiCell_dx_40um,40.0,,mean over all voxels from microenvironment[4],mean over center voxels from microenvironment[4],voxel size=40 um,6.47,8.866966506376018,4.592152259156611
PhysiCell,PhysiCell_dx_40um,40.0,,mean over all voxels from microenvironment[4],mean over center voxels from microenvironment[4],voxel size=40 um,6.48,8.866966502147216,4.592152232372862
PhysiCell,PhysiCell_dx_40um,40.0,,mean over all voxels from microenvironment[4],mean over center voxels from microenvironment[4],voxel size=40 um,6.49,8.866966498019105,4.59215220622685
PhysiCell,PhysiCell_dx_40um,40.0,,mean over all voxels from microenvironment[4],mean over center voxels from microenvironment[4],voxel size=40 um,6.5,8.86696649398929,4.59215218070339
PhysiCell,PhysiCell_dx_40um,40.0,,mean over all voxels from microenvironment[4],mean over center voxels from microenvironment[4],voxel size=40 um,6.51,8.866966490055423,4.592152155787657
PhysiCell,PhysiCell_dx_40um,40.0,,mean over all voxels from microenvironment[4],mean over center voxels from microenvironment[4],voxel size=40 um,6.52,8.866966486215226,4.592152131465183
PhysiCell,PhysiCell_dx_40um,40.0,,mean over all voxels from microenvironment[4],mean over center voxels from microenvironment[4],voxel size=40 um,6.53,8.866966482466465,4.592152107721839
PhysiCell,PhysiCell_dx_40um,40.0,,mean over all voxels from microenvironment[4],mean over center voxels from microenvironment[4],voxel size=40 um,6.54,8.866966478806965,4.592152084543839
PhysiCell,PhysiCell_dx_40um,40.0,,mean over all voxels from microenvironment[4],mean over center voxels from microenvironment[4],voxel size=40 um,6.55,8.8669664752346,4.592152061917721
PhysiCell,PhysiCell_dx_40um,40.0,,mean over all voxels from microenvironment[4],mean over center voxels from microenvironment[4],voxel size=40 um,6.56,8.866966471747293,4.592152039830344
PhysiCell,PhysiCell_dx_40um,40.0,,mean over all voxels from microenvironment[4],mean over center voxels from microenvironment[4],voxel size=40 um,6.57,8.866966468343024,4.592152018268879
PhysiCell,PhysiCell_dx_40um,40.0,,mean over all voxels from microenvironment[4],mean over center voxels from microenvironment[4],voxel size=40 um,6.58,8.86696646501981,4.592151997220806
PhysiCell,PhysiCell_dx_40um,40.0,,mean over all voxels from microenvironment[4],mean over center voxels from microenvironment[4],voxel size=40 um,6.59,8.866966461775727,4.592151976673899
PhysiCell,PhysiCell_dx_40um,40.0,,mean over all voxels from microenvironment[4],mean over center voxels from microenvironment[4],voxel size=40 um,6.6,8.866966458608884,4.592151956616225
PhysiCell,PhysiCell_dx_40um,40.0,,mean over all voxels from microenvironment[4],mean over center voxels from microenvironment[4],voxel size=40 um,6.61,8.866966455517446,4.592151937036136
PhysiCell,PhysiCell_dx_40um,40.0,,mean over all voxels from microenvironment[4],mean over center voxels from microenvironment[4],voxel size=40 um,6.62,8.866966452499618,4.59215191792226
PhysiCell,PhysiCell_dx_40um,40.0,,mean over all voxels from microenvironment[4],mean over center voxels from microenvironment[4],voxel size=40 um,6.63,8.866966449553646,4.592151899263497
PhysiCell,PhysiCell_dx_40um,40.0,,mean over all voxels from microenvironment[4],mean over center voxels from microenvironment[4],voxel size=40 um,6.64,8.866966446677818,4.592151881049009
PhysiCell,PhysiCell_dx_40um,40.0,,mean over all voxels from microenvironment[4],mean over center voxels from microenvironment[4],voxel size=40 um,6.65,8.866966443870465,4.592151863268219
PhysiCell,PhysiCell_dx_40um,40.0,,mean over all voxels from microenvironment[4],mean over center voxels from microenvironment[4],voxel size=40 um,6.66,8.866966441129957,4.5921518459107995
PhysiCell,PhysiCell_dx_40um,40.0,,mean over all voxels from microenvironment[4],mean over center voxels from microenvironment[4],voxel size=40 um,6.67,8.866966438454705,4.592151828966671
PhysiCell,PhysiCell_dx_40um,40.0,,mean over all voxels from microenvironment[4],mean over center voxels from microenvironment[4],voxel size=40 um,6.68,8.86696643584315,4.59215181242599
PhysiCell,PhysiCell_dx_40um,40.0,,mean over all voxels from microenvironment[4],mean over center voxels from microenvironment[4],voxel size=40 um,6.69,8.866966433293776,4.592151796279154
PhysiCell,PhysiCell_dx_40um,40.0,,mean over all voxels from microenvironment[4],mean over center voxels from microenvironment[4],voxel size=40 um,6.7,8.866966430805105,4.592151780516782
PhysiCell,PhysiCell_dx_40um,40.0,,mean over all voxels from microenvironment[4],mean over center voxels from microenvironment[4],voxel size=40 um,6.71,8.866966428375692,4.592151765129722
PhysiCell,PhysiCell_dx_40um,40.0,,mean over all voxels from microenvironment[4],mean over center voxels from microenvironment[4],voxel size=40 um,6.72,8.866966426004124,4.592151750109036
PhysiCell,PhysiCell_dx_40um,40.0,,mean over all voxels from microenvironment[4],mean over center voxels from microenvironment[4],voxel size=40 um,6.73,8.866966423689023,4.592151735446002
PhysiCell,PhysiCell_dx_40um,40.0,,mean over all voxels from microenvironment[4],mean over center voxels from microenvironment[4],voxel size=40 um,6.74,8.86696642142905,4.592151721132103
PhysiCell,PhysiCell_dx_40um,40.0,,mean over all voxels from microenvironment[4],mean over center voxels from microenvironment[4],voxel size=40 um,6.75,8.866966419222884,4.592151707159026
PhysiCell,PhysiCell_dx_40um,40.0,,mean over all voxels from microenvironment[4],mean over center voxels from microenvironment[4],voxel size=40 um,6.76,8.86696641706925,4.592151693518655
PhysiCell,PhysiCell_dx_40um,40.0,,mean over all voxels from microenvironment[4],mean over center voxels from microenvironment[4],voxel size=40 um,6.77,8.866966414966896,4.59215168020307
PhysiCell,PhysiCell_dx_40um,40.0,,mean over all voxels from microenvironment[4],mean over center voxels from microenvironment[4],voxel size=40 um,6.78,8.866966412914598,4.592151667204537
PhysiCell,PhysiCell_dx_40um,40.0,,mean over all voxels from microenvironment[4],mean over center voxels from microenvironment[4],voxel size=40 um,6.79,8.866966410911168,4.592151654515506
PhysiCell,PhysiCell_dx_40um,40.0,,mean over all voxels from microenvironment[4],mean over center voxels from microenvironment[4],voxel size=40 um,6.8,8.866966408955442,4.592151642128608
PhysiCell,PhysiCell_dx_40um,40.0,,mean over all voxels from microenvironment[4],mean over center voxels from microenvironment[4],voxel size=40 um,6.81,8.866966407046279,4.59215163003665
PhysiCell,PhysiCell_dx_40um,40.0,,mean over all voxels from microenvironment[4],mean over center voxels from microenvironment[4],voxel size=40 um,6.82,8.866966405182579,4.592151618232608
PhysiCell,PhysiCell_dx_40um,40.0,,mean over all voxels from microenvironment[4],mean over center voxels from microenvironment[4],voxel size=40 um,6.83,8.86696640336325,4.592151606709626
PhysiCell,PhysiCell_dx_40um,40.0,,mean over all voxels from microenvironment[4],mean over center voxels from microenvironment[4],voxel size=40 um,6.84,8.866966401587243,4.592151595461014
PhysiCell,PhysiCell_dx_40um,40.0,,mean over all voxels from microenvironment[4],mean over center voxels from microenvironment[4],voxel size=40 um,6.85,8.866966399853524,4.592151584480237
PhysiCell,PhysiCell_dx_40um,40.0,,mean over all voxels from microenvironment[4],mean over center voxels from microenvironment[4],voxel size=40 um,6.86,8.866966398161084,4.592151573760919
PhysiCell,PhysiCell_dx_40um,40.0,,mean over all voxels from microenvironment[4],mean over center voxels from microenvironment[4],voxel size=40 um,6.87,8.866966396508944,4.592151563296834
PhysiCell,PhysiCell_dx_40um,40.0,,mean over all voxels from microenvironment[4],mean over center voxels from microenvironment[4],voxel size=40 um,6.88,8.86696639489614,4.592151553081905
PhysiCell,PhysiCell_dx_40um,40.0,,mean over all voxels from microenvironment[4],mean over center voxels from microenvironment[4],voxel size=40 um,6.89,8.866966393321741,4.592151543110201
PhysiCell,PhysiCell_dx_40um,40.0,,mean over all voxels from microenvironment[4],mean over center voxels from microenvironment[4],voxel size=40 um,6.9,8.866966391784826,4.592151533375927
PhysiCell,PhysiCell_dx_40um,40.0,,mean over all voxels from microenvironment[4],mean over center voxels from microenvironment[4],voxel size=40 um,6.91,8.86696639028451,4.592151523873431
PhysiCell,PhysiCell_dx_40um,40.0,,mean over all voxels from microenvironment[4],mean over center voxels from microenvironment[4],voxel size=40 um,6.92,8.866966388819915,4.592151514597197
PhysiCell,PhysiCell_dx_40um,40.0,,mean over all voxels from microenvironment[4],mean over center voxels from microenvironment[4],voxel size=40 um,6.93,8.866966387390192,4.5921515055418345
PhysiCell,PhysiCell_dx_40um,40.0,,mean over all voxels from microenvironment[4],mean over center voxels from microenvironment[4],voxel size=40 um,6.94,8.86696638599451,4.592151496702085
PhysiCell,PhysiCell_dx_40um,40.0,,mean over all voxels from microenvironment[4],mean over center voxels from microenvironment[4],voxel size=40 um,6.95,8.866966384632065,4.592151488072815
PhysiCell,PhysiCell_dx_40um,40.0,,mean over all voxels from microenvironment[4],mean over center voxels from microenvironment[4],voxel size=40 um,6.96,8.866966383302056,4.592151479649014
PhysiCell,PhysiCell_dx_40um,40.0,,mean over all voxels from microenvironment[4],mean over center voxels from microenvironment[4],voxel size=40 um,6.97,8.866966382003717,4.592151471425788
PhysiCell,PhysiCell_dx_40um,40.0,,mean over all voxels from microenvironment[4],mean over center voxels from microenvironment[4],voxel size=40 um,6.98,8.866966380736292,4.592151463398361
PhysiCell,PhysiCell_dx_40um,40.0,,mean over all voxels from microenvironment[4],mean over center voxels from microenvironment[4],voxel size=40 um,6.99,8.866966379499047,4.592151455562071
PhysiCell,PhysiCell_dx_40um,40.0,,mean over all voxels from microenvironment[4],mean over center voxels from microenvironment[4],voxel size=40 um,7.0,8.86696637829126,4.592151447912369
PhysiCell,PhysiCell_dx_40um,40.0,,mean over all voxels from microenvironment[4],mean over center voxels from microenvironment[4],voxel size=40 um,7.01,8.866966377112231,4.59215144044481
PhysiCell,PhysiCell_dx_40um,40.0,,mean over all voxels from microenvironment[4],mean over center voxels from microenvironment[4],voxel size=40 um,7.02,8.866966375961272,4.592151433155058
PhysiCell,PhysiCell_dx_40um,40.0,,mean over all voxels from microenvironment[4],mean over center voxels from microenvironment[4],voxel size=40 um,7.03,8.866966374837723,4.59215142603888
PhysiCell,PhysiCell_dx_40um,40.0,,mean over all voxels from microenvironment[4],mean over center voxels from microenvironment[4],voxel size=40 um,7.04,8.866966373740926,4.592151419092141
PhysiCell,PhysiCell_dx_40um,40.0,,mean over all voxels from microenvironment[4],mean over center voxels from microenvironment[4],voxel size=40 um,7.05,8.866966372670243,4.592151412310808
PhysiCell,PhysiCell_dx_40um,40.0,,mean over all voxels from microenvironment[4],mean over center voxels from microenvironment[4],voxel size=40 um,7.06,8.866966371625054,4.592151405690943
PhysiCell,PhysiCell_dx_40um,40.0,,mean over all voxels from microenvironment[4],mean over center voxels from microenvironment[4],voxel size=40 um,7.07,8.86696637060475,4.592151399228701
PhysiCell,PhysiCell_dx_40um,40.0,,mean over all voxels from microenvironment[4],mean over center voxels from microenvironment[4],voxel size=40 um,7.08,8.866966369608743,4.592151392920329
PhysiCell,PhysiCell_dx_40um,40.0,,mean over all voxels from microenvironment[4],mean over center voxels from microenvironment[4],voxel size=40 um,7.09,8.86696636863645,4.592151386762161
PhysiCell,PhysiCell_dx_40um,40.0,,mean over all voxels from microenvironment[4],mean over center voxels from microenvironment[4],voxel size=40 um,7.1,8.866966367687308,4.592151380750624
PhysiCell,PhysiCell_dx_40um,40.0,,mean over all voxels from microenvironment[4],mean over center voxels from microenvironment[4],voxel size=40 um,7.11,8.866966366760765,4.592151374882226
PhysiCell,PhysiCell_dx_40um,40.0,,mean over all voxels from microenvironment[4],mean over center voxels from microenvironment[4],voxel size=40 um,7.12,8.866966365856284,4.592151369153556
PhysiCell,PhysiCell_dx_40um,40.0,,mean over all voxels from microenvironment[4],mean over center voxels from microenvironment[4],voxel size=40 um,7.13,8.866966364973337,4.59215136356129
PhysiCell,PhysiCell_dx_40um,40.0,,mean over all voxels from microenvironment[4],mean over center voxels from microenvironment[4],voxel size=40 um,7.14,8.866966364111418,4.5921513581021784
PhysiCell,PhysiCell_dx_40um,40.0,,mean over all voxels from microenvironment[4],mean over center voxels from microenvironment[4],voxel size=40 um,7.15,8.866966363270018,4.592151352773052
PhysiCell,PhysiCell_dx_40um,40.0,,mean over all voxels from microenvironment[4],mean over center voxels from microenvironment[4],voxel size=40 um,7.16,8.866966362448654,4.592151347570814
PhysiCell,PhysiCell_dx_40um,40.0,,mean over all voxels from microenvironment[4],mean over center voxels from microenvironment[4],voxel size=40 um,7.17,8.866966361646844,4.5921513424924445
PhysiCell,PhysiCell_dx_40um,40.0,,mean over all voxels from microenvironment[4],mean over center voxels from microenvironment[4],voxel size=40 um,7.18,8.86696636086413,4.592151337534995
PhysiCell,PhysiCell_dx_40um,40.0,,mean over all voxels from microenvironment[4],mean over center voxels from microenvironment[4],voxel size=40 um,7.19,8.86696636010005,4.592151332695584
PhysiCell,PhysiCell_dx_40um,40.0,,mean over all voxels from microenvironment[4],mean over center voxels from microenvironment[4],voxel size=40 um,7.2,8.866966359354166,4.592151327971403
PhysiCell,PhysiCell_dx_40um,40.0,,mean over all voxels from microenvironment[4],mean over center voxels from microenvironment[4],voxel size=40 um,7.21,8.866966358626039,4.592151323359708
PhysiCell,PhysiCell_dx_40um,40.0,,mean over all voxels from microenvironment[4],mean over center voxels from microenvironment[4],voxel size=40 um,7.22,8.866966357915251,4.592151318857819
PhysiCell,PhysiCell_dx_40um,40.0,,mean over all voxels from microenvironment[4],mean over center voxels from microenvironment[4],voxel size=40 um,7.23,8.866966357221385,4.592151314463123
PhysiCell,PhysiCell_dx_40um,40.0,,mean over all voxels from microenvironment[4],mean over center voxels from microenvironment[4],voxel size=40 um,7.24,8.866966356544042,4.592151310173067
PhysiCell,PhysiCell_dx_40um,40.0,,mean over all voxels from microenvironment[4],mean over center voxels from microenvironment[4],voxel size=40 um,7.25,8.866966355882827,4.59215130598516
PhysiCell,PhysiCell_dx_40um,40.0,,mean over all voxels from microenvironment[4],mean over center voxels from microenvironment[4],voxel size=40 um,7.26,8.866966355237356,4.592151301896969
PhysiCell,PhysiCell_dx_40um,40.0,,mean over all voxels from microenvironment[4],mean over center voxels from microenvironment[4],voxel size=40 um,7.27,8.866966354607253,4.5921512979061205
PhysiCell,PhysiCell_dx_40um,40.0,,mean over all voxels from microenvironment[4],mean over center voxels from microenvironment[4],voxel size=40 um,7.28,8.866966353992154,4.592151294010296
PhysiCell,PhysiCell_dx_40um,40.0,,mean over all voxels from microenvironment[4],mean over center voxels from microenvironment[4],voxel size=40 um,7.29,8.866966353391701,4.592151290207234
PhysiCell,PhysiCell_dx_40um,40.0,,mean over all voxels from microenvironment[4],mean over center voxels from microenvironment[4],voxel size=40 um,7.3,8.866966352805544,4.592151286494724
PhysiCell,PhysiCell_dx_40um,40.0,,mean over all voxels from microenvironment[4],mean over center voxels from microenvironment[4],voxel size=40 um,7.31,8.866966352233344,4.5921512828706135
PhysiCell,PhysiCell_dx_40um,40.0,,mean over all voxels from microenvironment[4],mean over center voxels from microenvironment[4],voxel size=40 um,7.32,8.866966351674769,4.592151279332792
PhysiCell,PhysiCell_dx_40um,40.0,,mean over all voxels from microenvironment[4],mean over center voxels from microenvironment[4],voxel size=40 um,7.33,8.866966351129495,4.5921512758792105
PhysiCell,PhysiCell_dx_40um,40.0,,mean over all voxels from microenvironment[4],mean over center voxels from microenvironment[4],voxel size=40 um,7.34,8.866966350597204,4.592151272507859
PhysiCell,PhysiCell_dx_40um,40.0,,mean over all voxels from microenvironment[4],mean over center voxels from microenvironment[4],voxel size=40 um,7.35,8.866966350077586,4.5921512692167825
PhysiCell,PhysiCell_dx_40um,40.0,,mean over all voxels from microenvironment[4],mean over center voxels from microenvironment[4],voxel size=40 um,7.36,8.86696634957034,4.592151266004069
PhysiCell,PhysiCell_dx_40um,40.0,,mean over all voxels from microenvironment[4],mean over center voxels from microenvironment[4],voxel size=40 um,7.37,8.866966349075172,4.592151262867851
PhysiCell,PhysiCell_dx_40um,40.0,,mean over all voxels from microenvironment[4],mean over center voxels from microenvironment[4],voxel size=40 um,7.38,8.866966348591797,4.592151259806308
PhysiCell,PhysiCell_dx_40um,40.0,,mean over all voxels from microenvironment[4],mean over center voxels from microenvironment[4],voxel size=40 um,7.39,8.866966348119927,4.592151256817662
PhysiCell,PhysiCell_dx_40um,40.0,,mean over all voxels from microenvironment[4],mean over center voxels from microenvironment[4],voxel size=40 um,7.4,8.866966347659297,4.592151253900178
PhysiCell,PhysiCell_dx_40um,40.0,,mean over all voxels from microenvironment[4],mean over center voxels from microenvironment[4],voxel size=40 um,7.41,8.866966347209631,4.59215125105216
PhysiCell,PhysiCell_dx_40um,40.0,,mean over all voxels from microenvironment[4],mean over center voxels from microenvironment[4],voxel size=40 um,7.42,8.866966346770674,4.592151248271955
PhysiCell,PhysiCell_dx_40um,40.0,,mean over all voxels from microenvironment[4],mean over center voxels from microenvironment[4],voxel size=40 um,7.43,8.866966346342167,4.592151245557949
PhysiCell,PhysiCell_dx_40um,40.0,,mean over all voxels from microenvironment[4],mean over center voxels from microenvironment[4],voxel size=40 um,7.44,8.866966345923865,4.592151242908566
PhysiCell,PhysiCell_dx_40um,40.0,,mean over all voxels from microenvironment[4],mean over center voxels from microenvironment[4],voxel size=40 um,7.45,8.866966345515523,4.592151240322264
PhysiCell,PhysiCell_dx_40um,40.0,,mean over all voxels from microenvironment[4],mean over center voxels from microenvironment[4],voxel size=40 um,7.46,8.866966345116902,4.592151237797545
PhysiCell,PhysiCell_dx_40um,40.0,,mean over all voxels from microenvironment[4],mean over center voxels from microenvironment[4],voxel size=40 um,7.47,8.866966344727773,4.59215123533294
PhysiCell,PhysiCell_dx_40um,40.0,,mean over all voxels from microenvironment[4],mean over center voxels from microenvironment[4],voxel size=40 um,7.48,8.866966344347912,4.592151232927019
PhysiCell,PhysiCell_dx_40um,40.0,,mean over all voxels from microenvironment[4],mean over center voxels from microenvironment[4],voxel size=40 um,7.49,8.866966343977092,4.592151230578385
PhysiCell,PhysiCell_dx_40um,40.0,,mean over all voxels from microenvironment[4],mean over center voxels from microenvironment[4],voxel size=40 um,7.5,8.866966343615102,4.5921512282856725
PhysiCell,PhysiCell_dx_40um,40.0,,mean over all voxels from microenvironment[4],mean over center voxels from microenvironment[4],voxel size=40 um,7.51,8.866966343261733,4.592151226047552
PhysiCell,PhysiCell_dx_40um,40.0,,mean over all voxels from microenvironment[4],mean over center voxels from microenvironment[4],voxel size=40 um,7.52,8.866966342916779,4.592151223862721
PhysiCell,PhysiCell_dx_40um,40.0,,mean over all voxels from microenvironment[4],mean over center voxels from microenvironment[4],voxel size=40 um,7.53,8.866966342580035,4.592151221729913
PhysiCell,PhysiCell_dx_40um,40.0,,mean over all voxels from microenvironment[4],mean over center voxels from microenvironment[4],voxel size=40 um,7.54,8.866966342251311,4.592151219647888
PhysiCell,PhysiCell_dx_40um,40.0,,mean over all voxels from microenvironment[4],mean over center voxels from microenvironment[4],voxel size=40 um,7.55,8.866966341930416,4.592151217615437
PhysiCell,PhysiCell_dx_40um,40.0,,mean over all voxels from microenvironment[4],mean over center voxels from microenvironment[4],voxel size=40 um,7.56,8.86696634161716,4.59215121563138
PhysiCell,PhysiCell_dx_40um,40.0,,mean over all voxels from microenvironment[4],mean over center voxels from microenvironment[4],voxel size=40 um,7.57,8.866966341311361,4.592151213694565
PhysiCell,PhysiCell_dx_40um,40.0,,mean over all voxels from microenvironment[4],mean over center voxels from microenvironment[4],voxel size=40 um,7.58,8.866966341012846,4.592151211803866
PhysiCell,PhysiCell_dx_40um,40.0,,mean over all voxels from microenvironment[4],mean over center voxels from microenvironment[4],voxel size=40 um,7.59,8.866966340721435,4.592151209958185
PhysiCell,PhysiCell_dx_40um,40.0,,mean over all voxels from microenvironment[4],mean over center voxels from microenvironment[4],voxel size=40 um,7.6,8.866966340436965,4.592151208156452
PhysiCell,PhysiCell_dx_40um,40.0,,mean over all voxels from microenvironment[4],mean over center voxels from microenvironment[4],voxel size=40 um,7.61,8.86696634015927,4.592151206397619
PhysiCell,PhysiCell_dx_40um,40.0,,mean over all voxels from microenvironment[4],mean over center voxels from microenvironment[4],voxel size=40 um,7.62,8.866966339888183,4.592151204680665
PhysiCell,PhysiCell_dx_40um,40.0,,mean over all voxels from microenvironment[4],mean over center voxels from microenvironment[4],voxel size=40 um,7.63,8.866966339623556,4.592151203004593
PhysiCell,PhysiCell_dx_40um,40.0,,mean over all voxels from microenvironment[4],mean over center voxels from microenvironment[4],voxel size=40 um,7.64,8.866966339365227,4.592151201368428
PhysiCell,PhysiCell_dx_40um,40.0,,mean over all voxels from microenvironment[4],mean over center voxels from microenvironment[4],voxel size=40 um,7.65,8.866966339113047,4.592151199771221
PhysiCell,PhysiCell_dx_40um,40.0,,mean over all voxels from microenvironment[4],mean over center voxels from microenvironment[4],voxel size=40 um,7.66,8.866966338866876,4.592151198212045
PhysiCell,PhysiCell_dx_40um,40.0,,mean over all voxels from microenvironment[4],mean over center voxels from microenvironment[4],voxel size=40 um,7.67,8.866966338626563,4.592151196689994
PhysiCell,PhysiCell_dx_40um,40.0,,mean over all voxels from microenvironment[4],mean over center voxels from microenvironment[4],voxel size=40 um,7.68,8.866966338391974,4.592151195204184
PhysiCell,PhysiCell_dx_40um,40.0,,mean over all voxels from microenvironment[4],mean over center voxels from microenvironment[4],voxel size=40 um,7.69,8.866966338162971,4.592151193753751
PhysiCell,PhysiCell_dx_40um,40.0,,mean over all voxels from microenvironment[4],mean over center voxels from microenvironment[4],voxel size=40 um,7.7,8.866966337939418,4.592151192337854
PhysiCell,PhysiCell_dx_40um,40.0,,mean over all voxels from microenvironment[4],mean over center voxels from microenvironment[4],voxel size=40 um,7.71,8.86696633772119,4.592151190955672
PhysiCell,PhysiCell_dx_40um,40.0,,mean over all voxels from microenvironment[4],mean over center voxels from microenvironment[4],voxel size=40 um,7.72,8.866966337508156,4.592151189606399
PhysiCell,PhysiCell_dx_40um,40.0,,mean over all voxels from microenvironment[4],mean over center voxels from microenvironment[4],voxel size=40 um,7.73,8.866966337300198,4.592151188289254
PhysiCell,PhysiCell_dx_40um,40.0,,mean over all voxels from microenvironment[4],mean over center voxels from microenvironment[4],voxel size=40 um,7.74,8.86696633709719,4.59215118700347
PhysiCell,PhysiCell_dx_40um,40.0,,mean over all voxels from microenvironment[4],mean over center voxels from microenvironment[4],voxel size=40 um,7.75,8.866966336899013,4.592151185748302
PhysiCell,PhysiCell_dx_40um,40.0,,mean over all voxels from microenvironment[4],mean over center voxels from microenvironment[4],voxel size=40 um,7.76,8.86696633670556,4.5921511845230185
PhysiCell,PhysiCell_dx_40um,40.0,,mean over all voxels from microenvironment[4],mean over center voxels from microenvironment[4],voxel size=40 um,7.77,8.86696633651671,4.592151183326912
PhysiCell,PhysiCell_dx_40um,40.0,,mean over all voxels from microenvironment[4],mean over center voxels from microenvironment[4],voxel size=40 um,7.78,8.866966336332355,4.592151182159284
PhysiCell,PhysiCell_dx_40um,40.0,,mean over all voxels from microenvironment[4],mean over center voxels from microenvironment[4],voxel size=40 um,7.79,8.866966336152393,4.592151181019458
PhysiCell,PhysiCell_dx_40um,40.0,,mean over all voxels from microenvironment[4],mean over center voxels from microenvironment[4],voxel size=40 um,7.8,8.866966335976713,4.592151179906773
PhysiCell,PhysiCell_dx_40um,40.0,,mean over all voxels from microenvironment[4],mean over center voxels from microenvironment[4],voxel size=40 um,7.81,8.866966335805218,4.59215117882058
PhysiCell,PhysiCell_dx_40um,40.0,,mean over all voxels from microenvironment[4],mean over center voxels from microenvironment[4],voxel size=40 um,7.82,8.866966335637805,4.592151177760251
PhysiCell,PhysiCell_dx_40um,40.0,,mean over all voxels from microenvironment[4],mean over center voxels from microenvironment[4],voxel size=40 um,7.83,8.866966335474382,4.592151176725169
PhysiCell,PhysiCell_dx_40um,40.0,,mean over all voxels from microenvironment[4],mean over center voxels from microenvironment[4],voxel size=40 um,7.84,8.866966335314846,4.592151175714733
PhysiCell,PhysiCell_dx_40um,40.0,,mean over all voxels from microenvironment[4],mean over center voxels from microenvironment[4],voxel size=40 um,7.85,8.86696633515911,4.592151174728356
PhysiCell,PhysiCell_dx_40um,40.0,,mean over all voxels from microenvironment[4],mean over center voxels from microenvironment[4],voxel size=40 um,7.86,8.866966335007081,4.592151173765465
PhysiCell,PhysiCell_dx_40um,40.0,,mean over all voxels from microenvironment[4],mean over center voxels from microenvironment[4],voxel size=40 um,7.87,8.866966334858676,4.592151172825502
PhysiCell,PhysiCell_dx_40um,40.0,,mean over all voxels from microenvironment[4],mean over center voxels from microenvironment[4],voxel size=40 um,7.88,8.8669663347138,4.592151171907918
PhysiCell,PhysiCell_dx_40um,40.0,,mean over all voxels from microenvironment[4],mean over center voxels from microenvironment[4],voxel size=40 um,7.89,8.866966334572377,4.592151171012183
PhysiCell,PhysiCell_dx_40um,40.0,,mean over all voxels from microenvironment[4],mean over center voxels from microenvironment[4],voxel size=40 um,7.9,8.866966334434318,4.592151170137777
PhysiCell,PhysiCell_dx_40um,40.0,,mean over all voxels from microenvironment[4],mean over center voxels from microenvironment[4],voxel size=40 um,7.91,8.866966334299548,4.59215116928419
PhysiCell,PhysiCell_dx_40um,40.0,,mean over all voxels from microenvironment[4],mean over center voxels from microenvironment[4],voxel size=40 um,7.92,8.866966334167987,4.592151168450928
PhysiCell,PhysiCell_dx_40um,40.0,,mean over all voxels from microenvironment[4],mean over center voxels from microenvironment[4],voxel size=40 um,7.93,8.866966334039558,4.592151167637506
PhysiCell,PhysiCell_dx_40um,40.0,,mean over all voxels from microenvironment[4],mean over center voxels from microenvironment[4],voxel size=40 um,7.94,8.866966333914188,4.592151166843451
PhysiCell,PhysiCell_dx_40um,40.0,,mean over all voxels from microenvironment[4],mean over center voxels from microenvironment[4],voxel size=40 um,7.95,8.866966333791805,4.592151166068305
PhysiCell,PhysiCell_dx_40um,40.0,,mean over all voxels from microenvironment[4],mean over center voxels from microenvironment[4],voxel size=40 um,7.96,8.86696633367233,4.5921511653116145
PhysiCell,PhysiCell_dx_40um,40.0,,mean over all voxels from microenvironment[4],mean over center voxels from microenvironment[4],voxel size=40 um,7.97,8.866966333555704,4.592151164572942
PhysiCell,PhysiCell_dx_40um,40.0,,mean over all voxels from microenvironment[4],mean over center voxels from microenvironment[4],voxel size=40 um,7.98,8.866966333441853,4.592151163851857
PhysiCell,PhysiCell_dx_40um,40.0,,mean over all voxels from microenvironment[4],mean over center voxels from microenvironment[4],voxel size=40 um,7.99,8.866966333330714,4.592151163147942
PhysiCell,PhysiCell_dx_40um,40.0,,mean over all voxels from microenvironment[4],mean over center voxels from microenvironment[4],voxel size=40 um,8.0,8.866966333222223,4.5921511624607865
PhysiCell,PhysiCell_dx_40um,40.0,,mean over all voxels from microenvironment[4],mean over center voxels from microenvironment[4],voxel size=40 um,8.01,8.866966333116313,4.592151161789994
PhysiCell,PhysiCell_dx_40um,40.0,,mean over all voxels from microenvironment[4],mean over center voxels from microenvironment[4],voxel size=40 um,8.02,8.866966333012927,4.592151161135172
PhysiCell,PhysiCell_dx_40um,40.0,,mean over all voxels from microenvironment[4],mean over center voxels from microenvironment[4],voxel size=40 um,8.03,8.866966332912,4.592151160495943
PhysiCell,PhysiCell_dx_40um,40.0,,mean over all voxels from microenvironment[4],mean over center voxels from microenvironment[4],voxel size=40 um,8.04,8.866966332813478,4.592151159871933
PhysiCell,PhysiCell_dx_40um,40.0,,mean over all voxels from microenvironment[4],mean over center voxels from microenvironment[4],voxel size=40 um,8.05,8.8669663327173,4.592151159262783
PhysiCell,PhysiCell_dx_40um,40.0,,mean over all voxels from microenvironment[4],mean over center voxels from microenvironment[4],voxel size=40 um,8.06,8.866966332623415,4.592151158668137
PhysiCell,PhysiCell_dx_40um,40.0,,mean over all voxels from microenvironment[4],mean over center voxels from microenvironment[4],voxel size=40 um,8.07,8.866966332531762,4.592151158087649
PhysiCell,PhysiCell_dx_40um,40.0,,mean over all voxels from microenvironment[4],mean over center voxels from microenvironment[4],voxel size=40 um,8.08,8.866966332442292,4.5921511575209815
PhysiCell,PhysiCell_dx_40um,40.0,,mean over all voxels from microenvironment[4],mean over center voxels from microenvironment[4],voxel size=40 um,8.09,8.866966332354954,4.592151156967809
PhysiCell,PhysiCell_dx_40um,40.0,,mean over all voxels from microenvironment[4],mean over center voxels from microenvironment[4],voxel size=40 um,8.1,8.866966332269696,4.592151156427807
PhysiCell,PhysiCell_dx_40um,40.0,,mean over all voxels from microenvironment[4],mean over center voxels from microenvironment[4],voxel size=40 um,8.11,8.866966332186465,4.5921511559006625
PhysiCell,PhysiCell_dx_40um,40.0,,mean over all voxels from microenvironment[4],mean over center voxels from microenvironment[4],voxel size=40 um,8.12,8.86696633210522,4.59215115538607
PhysiCell,PhysiCell_dx_40um,40.0,,mean over all voxels from microenvironment[4],mean over center voxels from microenvironment[4],voxel size=40 um,8.13,8.866966332025905,4.592151154883729
PhysiCell,PhysiCell_dx_40um,40.0,,mean over all voxels from microenvironment[4],mean over center voxels from microenvironment[4],voxel size=40 um,8.14,8.866966331948483,4.59215115439335
PhysiCell,PhysiCell_dx_40um,40.0,,mean over all voxels from microenvironment[4],mean over center voxels from microenvironment[4],voxel size=40 um,8.15,8.8669663318729,4.592151153914648
PhysiCell,PhysiCell_dx_40um,40.0,,mean over all voxels from microenvironment[4],mean over center voxels from microenvironment[4],voxel size=40 um,8.16,8.86696633179912,4.592151153447343
PhysiCell,PhysiCell_dx_40um,40.0,,mean over all voxels from microenvironment[4],mean over center voxels from microenvironment[4],voxel size=40 um,8.17,8.866966331727095,4.592151152991165
PhysiCell,PhysiCell_dx_40um,40.0,,mean over all voxels from microenvironment[4],mean over center voxels from microenvironment[4],voxel size=40 um,8.18,8.866966331656785,4.592151152545849
PhysiCell,PhysiCell_dx_40um,40.0,,mean over all voxels from microenvironment[4],mean over center voxels from microenvironment[4],voxel size=40 um,8.19,8.866966331588149,4.5921511521111364
PhysiCell,PhysiCell_dx_40um,40.0,,mean over all voxels from microenvironment[4],mean over center voxels from microenvironment[4],voxel size=40 um,8.2,8.86696633152115,4.592151151686774
PhysiCell,PhysiCell_dx_40um,40.0,,mean over all voxels from microenvironment[4],mean over center voxels from microenvironment[4],voxel size=40 um,8.21,8.866966331455744,4.592151151272516
PhysiCell,PhysiCell_dx_40um,40.0,,mean over all voxels from microenvironment[4],mean over center voxels from microenvironment[4],voxel size=40 um,8.22,8.866966331391895,4.592151150868122
PhysiCell,PhysiCell_dx_40um,40.0,,mean over all voxels from microenvironment[4],mean over center voxels from microenvironment[4],voxel size=40 um,8.23,8.866966331329566,4.592151150473358
PhysiCell,PhysiCell_dx_40um,40.0,,mean over all voxels from microenvironment[4],mean over center voxels from microenvironment[4],voxel size=40 um,8.24,8.866966331268722,4.592151150087992
PhysiCell,PhysiCell_dx_40um,40.0,,mean over all voxels from microenvironment[4],mean over center voxels from microenvironment[4],voxel size=40 um,8.25,8.866966331209326,4.592151149711802
PhysiCell,PhysiCell_dx_40um,40.0,,mean over all voxels from microenvironment[4],mean over center voxels from microenvironment[4],voxel size=40 um,8.26,8.866966331151346,4.592151149344569
PhysiCell,PhysiCell_dx_40um,40.0,,mean over all voxels from microenvironment[4],mean over center voxels from microenvironment[4],voxel size=40 um,8.27,8.866966331094744,4.592151148986081
PhysiCell,PhysiCell_dx_40um,40.0,,mean over all voxels from microenvironment[4],mean over center voxels from microenvironment[4],voxel size=40 um,8.28,8.866966331039494,4.592151148636128
PhysiCell,PhysiCell_dx_40um,40.0,,mean over all voxels from microenvironment[4],mean over center voxels from microenvironment[4],voxel size=40 um,8.29,8.866966330985553,4.592151148294507
PhysiCell,PhysiCell_dx_40um,40.0,,mean over all voxels from microenvironment[4],mean over center voxels from microenvironment[4],voxel size=40 um,8.3,8.866966330932902,4.592151147961021
PhysiCell,PhysiCell_dx_40um,40.0,,mean over all voxels from microenvironment[4],mean over center voxels from microenvironment[4],voxel size=40 um,8.31,8.866966330881503,4.592151147635476
PhysiCell,PhysiCell_dx_40um,40.0,,mean over all voxels from microenvironment[4],mean over center voxels from microenvironment[4],voxel size=40 um,8.32,8.866966330831328,4.592151147317682
PhysiCell,PhysiCell_dx_40um,40.0,,mean over all voxels from microenvironment[4],mean over center voxels from microenvironment[4],voxel size=40 um,8.33,8.866966330782345,4.592151147007455
PhysiCell,PhysiCell_dx_40um,40.0,,mean over all voxels from microenvironment[4],mean over center voxels from microenvironment[4],voxel size=40 um,8.34,8.866966330734531,4.592151146704616
PhysiCell,PhysiCell_dx_40um,40.0,,mean over all voxels from microenvironment[4],mean over center voxels from microenvironment[4],voxel size=40 um,8.35,8.866966330687857,4.592151146408987
PhysiCell,PhysiCell_dx_40um,40.0,,mean over all voxels from microenvironment[4],mean over center voxels from microenvironment[4],voxel size=40 um,8.36,8.866966330642292,4.592151146120395
PhysiCell,PhysiCell_dx_40um,40.0,,mean over all voxels from microenvironment[4],mean over center voxels from microenvironment[4],voxel size=40 um,8.37,8.866966330597812,4.592151145838677
PhysiCell,PhysiCell_dx_40um,40.0,,mean over all voxels from microenvironment[4],mean over center voxels from microenvironment[4],voxel size=40 um,8.38,8.866966330554392,4.592151145563665
PhysiCell,PhysiCell_dx_40um,40.0,,mean over all voxels from microenvironment[4],mean over center voxels from microenvironment[4],voxel size=40 um,8.39,8.866966330512005,4.592151145295203
PhysiCell,PhysiCell_dx_40um,40.0,,mean over all voxels from microenvironment[4],mean over center voxels from microenvironment[4],voxel size=40 um,8.4,8.866966330470627,4.592151145033133
PhysiCell,PhysiCell_dx_40um,40.0,,mean over all voxels from microenvironment[4],mean over center voxels from microenvironment[4],voxel size=40 um,8.41,8.866966330430234,4.592151144777301
PhysiCell,PhysiCell_dx_40um,40.0,,mean over all voxels from microenvironment[4],mean over center voxels from microenvironment[4],voxel size=40 um,8.42,8.866966330390802,4.592151144527563
PhysiCell,PhysiCell_dx_40um,40.0,,mean over all voxels from microenvironment[4],mean over center voxels from microenvironment[4],voxel size=40 um,8.43,8.866966330352312,4.592151144283769
PhysiCell,PhysiCell_dx_40um,40.0,,mean over all voxels from microenvironment[4],mean over center voxels from microenvironment[4],voxel size=40 um,8.44,8.866966330314739,4.592151144045782
PhysiCell,PhysiCell_dx_40um,40.0,,mean over all voxels from microenvironment[4],mean over center voxels from microenvironment[4],voxel size=40 um,8.45,8.866966330278059,4.59215114381346
PhysiCell,PhysiCell_dx_40um,40.0,,mean over all voxels from microenvironment[4],mean over center voxels from microenvironment[4],voxel size=40 um,8.46,8.86696633024225,4.592151143586669
PhysiCell,PhysiCell_dx_40um,40.0,,mean over all voxels from microenvironment[4],mean over center voxels from microenvironment[4],voxel size=40 um,8.47,8.866966330207296,4.59215114336528
PhysiCell,PhysiCell_dx_40um,40.0,,mean over all voxels from microenvironment[4],mean over center voxels from microenvironment[4],voxel size=40 um,8.48,8.866966330173174,4.592151143149162
PhysiCell,PhysiCell_dx_40um,40.0,,mean over all voxels from microenvironment[4],mean over center voxels from microenvironment[4],voxel size=40 um,8.49,8.866966330139864,4.5921511429381905
PhysiCell,PhysiCell_dx_40um,40.0,,mean over all voxels from microenvironment[4],mean over center voxels from microenvironment[4],voxel size=40 um,8.5,8.866966330107344,4.5921511427322415
PhysiCell,PhysiCell_dx_40um,40.0,,mean over all voxels from microenvironment[4],mean over center voxels from microenvironment[4],voxel size=40 um,8.51,8.866966330075606,4.592151142531196
PhysiCell,PhysiCell_dx_40um,40.0,,mean over all voxels from microenvironment[4],mean over center voxels from microenvironment[4],voxel size=40 um,8.52,8.866966330044617,4.592151142334939
PhysiCell,PhysiCell_dx_40um,40.0,,mean over all voxels from microenvironment[4],mean over center voxels from microenvironment[4],voxel size=40 um,8.53,8.866966330014371,4.5921511421433525
PhysiCell,PhysiCell_dx_40um,40.0,,mean over all voxels from microenvironment[4],mean over center voxels from microenvironment[4],voxel size=40 um,8.54,8.866966329984843,4.592151141956329
PhysiCell,PhysiCell_dx_40um,40.0,,mean over all voxels from microenvironment[4],mean over center voxels from microenvironment[4],voxel size=40 um,8.55,8.866966329956014,4.592151141773759
PhysiCell,PhysiCell_dx_40um,40.0,,mean over all voxels from microenvironment[4],mean over center voxels from microenvironment[4],voxel size=40 um,8.56,8.866966329927875,4.5921511415955365
PhysiCell,PhysiCell_dx_40um,40.0,,mean over all voxels from microenvironment[4],mean over center voxels from microenvironment[4],voxel size=40 um,8.57,8.866966329900407,4.5921511414215574
PhysiCell,PhysiCell_dx_40um,40.0,,mean over all voxels from microenvironment[4],mean over center voxels from microenvironment[4],voxel size=40 um,8.58,8.866966329873593,4.592151141251721
PhysiCell,PhysiCell_dx_40um,40.0,,mean over all voxels from microenvironment[4],mean over center voxels from microenvironment[4],voxel size=40 um,8.59,8.866966329847417,4.592151141085927
PhysiCell,PhysiCell_dx_40um,40.0,,mean over all voxels from microenvironment[4],mean over center voxels from microenvironment[4],voxel size=40 um,8.6,8.866966329821862,4.5921511409240825
PhysiCell,PhysiCell_dx_40um,40.0,,mean over all voxels from microenvironment[4],mean over center voxels from microenvironment[4],voxel size=40 um,8.61,8.866966329796918,4.592151140766091
PhysiCell,PhysiCell_dx_40um,40.0,,mean over all voxels from microenvironment[4],mean over center voxels from microenvironment[4],voxel size=40 um,8.62,8.866966329772566,4.59215114061186
PhysiCell,PhysiCell_dx_40um,40.0,,mean over all voxels from microenvironment[4],mean over center voxels from microenvironment[4],voxel size=40 um,8.63,8.866966329748797,4.592151140461303
PhysiCell,PhysiCell_dx_40um,40.0,,mean over all voxels from microenvironment[4],mean over center voxels from microenvironment[4],voxel size=40 um,8.64,8.86696632972559,4.592151140314329
PhysiCell,PhysiCell_dx_40um,40.0,,mean over all voxels from microenvironment[4],mean over center voxels from microenvironment[4],voxel size=40 um,8.65,8.866966329702938,4.592151140170857
PhysiCell,PhysiCell_dx_40um,40.0,,mean over all voxels from microenvironment[4],mean over center voxels from microenvironment[4],voxel size=40 um,8.66,8.866966329680825,4.592151140030799
PhysiCell,PhysiCell_dx_40um,40.0,,mean over all voxels from microenvironment[4],mean over center voxels from microenvironment[4],voxel size=40 um,8.67,8.866966329659236,4.592151139894077
PhysiCell,PhysiCell_dx_40um,40.0,,mean over all voxels from microenvironment[4],mean over center voxels from microenvironment[4],voxel size=40 um,8.68,8.866966329638165,4.5921511397606105
PhysiCell,PhysiCell_dx_40um,40.0,,mean over all voxels from microenvironment[4],mean over center voxels from microenvironment[4],voxel size=40 um,8.69,8.866966329617595,4.592151139630322
PhysiCell,PhysiCell_dx_40um,40.0,,mean over all voxels from microenvironment[4],mean over center voxels from microenvironment[4],voxel size=40 um,8.7,8.866966329597513,4.592151139503135
PhysiCell,PhysiCell_dx_40um,40.0,,mean over all voxels from microenvironment[4],mean over center voxels from microenvironment[4],voxel size=40 um,8.71,8.866966329577911,4.592151139378977
PhysiCell,PhysiCell_dx_40um,40.0,,mean over all voxels from microenvironment[4],mean over center voxels from microenvironment[4],voxel size=40 um,8.72,8.866966329558773,4.5921511392577745
PhysiCell,PhysiCell_dx_40um,40.0,,mean over all voxels from microenvironment[4],mean over center voxels from microenvironment[4],voxel size=40 um,8.73,8.866966329540093,4.592151139139458
PhysiCell,PhysiCell_dx_40um,40.0,,mean over all voxels from microenvironment[4],mean over center voxels from microenvironment[4],voxel size=40 um,8.74,8.866966329521857,4.592151139023959
PhysiCell,PhysiCell_dx_40um,40.0,,mean over all voxels from microenvironment[4],mean over center voxels from microenvironment[4],voxel size=40 um,8.75,8.866966329504057,4.592151138911211
PhysiCell,PhysiCell_dx_40um,40.0,,mean over all voxels from microenvironment[4],mean over center voxels from microenvironment[4],voxel size=40 um,8.76,8.866966329486678,4.592151138801147
PhysiCell,PhysiCell_dx_40um,40.0,,mean over all voxels from microenvironment[4],mean over center voxels from microenvironment[4],voxel size=40 um,8.77,8.866966329469715,4.592151138693704
PhysiCell,PhysiCell_dx_40um,40.0,,mean over all voxels from microenvironment[4],mean over center voxels from microenvironment[4],voxel size=40 um,8.78,8.866966329453154,4.592151138588818
PhysiCell,PhysiCell_dx_40um,40.0,,mean over all voxels from microenvironment[4],mean over center voxels from microenvironment[4],voxel size=40 um,8.79,8.86696632943699,4.59215113848643
PhysiCell,PhysiCell_dx_40um,40.0,,mean over all voxels from microenvironment[4],mean over center voxels from microenvironment[4],voxel size=40 um,8.8,8.866966329421208,4.59215113838648
PhysiCell,PhysiCell_dx_40um,40.0,,mean over all voxels from microenvironment[4],mean over center voxels from microenvironment[4],voxel size=40 um,8.81,8.866966329405802,4.5921511382889095
PhysiCell,PhysiCell_dx_40um,40.0,,mean over all voxels from microenvironment[4],mean over center voxels from microenvironment[4],voxel size=40 um,8.82,8.866966329390767,4.592151138193663
PhysiCell,PhysiCell_dx_40um,40.0,,mean over all voxels from microenvironment[4],mean over center voxels from microenvironment[4],voxel size=40 um,8.83,8.866966329376085,4.592151138100684
PhysiCell,PhysiCell_dx_40um,40.0,,mean over all voxels from microenvironment[4],mean over center voxels from microenvironment[4],voxel size=40 um,8.84,8.866966329361755,4.5921511380099185
PhysiCell,PhysiCell_dx_40um,40.0,,mean over all voxels from microenvironment[4],mean over center voxels from microenvironment[4],voxel size=40 um,8.85,8.866966329347763,4.592151137921315
PhysiCell,PhysiCell_dx_40um,40.0,,mean over all voxels from microenvironment[4],mean over center voxels from microenvironment[4],voxel size=40 um,8.86,8.86696632933411,4.59215113783482
PhysiCell,PhysiCell_dx_40um,40.0,,mean over all voxels from microenvironment[4],mean over center voxels from microenvironment[4],voxel size=40 um,8.87,8.86696632932078,4.592151137750386
PhysiCell,PhysiCell_dx_40um,40.0,,mean over all voxels from microenvironment[4],mean over center voxels from microenvironment[4],voxel size=40 um,8.88,8.866966329307763,4.592151137667962
PhysiCell,PhysiCell_dx_40um,40.0,,mean over all voxels from microenvironment[4],mean over center voxels from microenvironment[4],voxel size=40 um,8.89,8.866966329295058,4.592151137587501
PhysiCell,PhysiCell_dx_40um,40.0,,mean over all voxels from microenvironment[4],mean over center voxels from microenvironment[4],voxel size=40 um,8.9,8.86696632928266,4.592151137508955
PhysiCell,PhysiCell_dx_40um,40.0,,mean over all voxels from microenvironment[4],mean over center voxels from microenvironment[4],voxel size=40 um,8.91,8.866966329270552,4.592151137432278
PhysiCell,PhysiCell_dx_40um,40.0,,mean over all voxels from microenvironment[4],mean over center voxels from microenvironment[4],voxel size=40 um,8.92,8.866966329258736,4.59215113735743
PhysiCell,PhysiCell_dx_40um,40.0,,mean over all voxels from microenvironment[4],mean over center voxels from microenvironment[4],voxel size=40 um,8.93,8.866966329247196,4.59215113728436
PhysiCell,PhysiCell_dx_40um,40.0,,mean over all voxels from microenvironment[4],mean over center voxels from microenvironment[4],voxel size=40 um,8.94,8.866966329235936,4.592151137213032
PhysiCell,PhysiCell_dx_40um,40.0,,mean over all voxels from microenvironment[4],mean over center voxels from microenvironment[4],voxel size=40 um,8.95,8.866966329224944,4.592151137143403
PhysiCell,PhysiCell_dx_40um,40.0,,mean over all voxels from microenvironment[4],mean over center voxels from microenvironment[4],voxel size=40 um,8.96,8.866966329214211,4.592151137075432
PhysiCell,PhysiCell_dx_40um,40.0,,mean over all voxels from microenvironment[4],mean over center voxels from microenvironment[4],voxel size=40 um,8.97,8.866966329203734,4.592151137009079
PhysiCell,PhysiCell_dx_40um,40.0,,mean over all voxels from microenvironment[4],mean over center voxels from microenvironment[4],voxel size=40 um,8.98,8.866966329193508,4.592151136944306
PhysiCell,PhysiCell_dx_40um,40.0,,mean over all voxels from microenvironment[4],mean over center voxels from microenvironment[4],voxel size=40 um,8.99,8.866966329183525,4.592151136881074
PhysiCell,PhysiCell_dx_40um,40.0,,mean over all voxels from microenvironment[4],mean over center voxels from microenvironment[4],voxel size=40 um,9.0,8.86696632917378,4.592151136819348
PhysiCell,PhysiCell_dx_40um,40.0,,mean over all voxels from microenvironment[4],mean over center voxels from microenvironment[4],voxel size=40 um,9.01,8.866966329164264,4.5921511367590915
PhysiCell,PhysiCell_dx_40um,40.0,,mean over all voxels from microenvironment[4],mean over center voxels from microenvironment[4],voxel size=40 um,9.02,8.866966329154977,4.592151136700271
PhysiCell,PhysiCell_dx_40um,40.0,,mean over all voxels from microenvironment[4],mean over center voxels from microenvironment[4],voxel size=40 um,9.03,8.866966329145912,4.592151136642851
PhysiCell,PhysiCell_dx_40um,40.0,,mean over all voxels from microenvironment[4],mean over center voxels from microenvironment[4],voxel size=40 um,9.04,8.866966329137064,4.592151136586796
PhysiCell,PhysiCell_dx_40um,40.0,,mean over all voxels from microenvironment[4],mean over center voxels from microenvironment[4],voxel size=40 um,9.05,8.866966329128424,4.592151136532079
PhysiCell,PhysiCell_dx_40um,40.0,,mean over all voxels from microenvironment[4],mean over center voxels from microenvironment[4],voxel size=40 um,9.06,8.866966329119988,4.5921511364786625
PhysiCell,PhysiCell_dx_40um,40.0,,mean over all voxels from microenvironment[4],mean over center voxels from microenvironment[4],voxel size=40 um,9.07,8.866966329111758,4.592151136426519
PhysiCell,PhysiCell_dx_40um,40.0,,mean over all voxels from microenvironment[4],mean over center voxels from microenvironment[4],voxel size=40 um,9.08,8.86696632910372,4.592151136375616
PhysiCell,PhysiCell_dx_40um,40.0,,mean over all voxels from microenvironment[4],mean over center voxels from microenvironment[4],voxel size=40 um,9.09,8.866966329095876,4.592151136325927
PhysiCell,PhysiCell_dx_40um,40.0,,mean over all voxels from microenvironment[4],mean over center voxels from microenvironment[4],voxel size=40 um,9.1,8.866966329088214,4.592151136277418
PhysiCell,PhysiCell_dx_40um,40.0,,mean over all voxels from microenvironment[4],mean over center voxels from microenvironment[4],voxel size=40 um,9.11,8.866966329080741,4.592151136230067
PhysiCell,PhysiCell_dx_40um,40.0,,mean over all voxels from microenvironment[4],mean over center voxels from microenvironment[4],voxel size=40 um,9.12,8.866966329073442,4.592151136183843
PhysiCell,PhysiCell_dx_40um,40.0,,mean over all voxels from microenvironment[4],mean over center voxels from microenvironment[4],voxel size=40 um,9.13,8.866966329066317,4.592151136138719
PhysiCell,PhysiCell_dx_40um,40.0,,mean over all voxels from microenvironment[4],mean over center voxels from microenvironment[4],voxel size=40 um,9.14,8.86696632905936,4.59215113609467
PhysiCell,PhysiCell_dx_40um,40.0,,mean over all voxels from microenvironment[4],mean over center voxels from microenvironment[4],voxel size=40 um,9.15,8.866966329052572,4.592151136051669
PhysiCell,PhysiCell_dx_40um,40.0,,mean over all voxels from microenvironment[4],mean over center voxels from microenvironment[4],voxel size=40 um,9.16,8.866966329045946,4.592151136009692
PhysiCell,PhysiCell_dx_40um,40.0,,mean over all voxels from microenvironment[4],mean over center voxels from microenvironment[4],voxel size=40 um,9.17,8.866966329039474,4.592151135968714
PhysiCell,PhysiCell_dx_40um,40.0,,mean over all voxels from microenvironment[4],mean over center voxels from microenvironment[4],voxel size=40 um,9.18,8.86696632903316,4.592151135928712
PhysiCell,PhysiCell_dx_40um,40.0,,mean over all voxels from microenvironment[4],mean over center voxels from microenvironment[4],voxel size=40 um,9.19,8.866966329026994,4.5921511358896625
PhysiCell,PhysiCell_dx_40um,40.0,,mean over all voxels from microenvironment[4],mean over center voxels from microenvironment[4],voxel size=40 um,9.2,8.866966329020975,4.592151135851543
PhysiCell,PhysiCell_dx_40um,40.0,,mean over all voxels from microenvironment[4],mean over center voxels from microenvironment[4],voxel size=40 um,9.21,8.866966329015101,4.592151135814332
PhysiCell,PhysiCell_dx_40um,40.0,,mean over all voxels from microenvironment[4],mean over center voxels from microenvironment[4],voxel size=40 um,9.22,8.866966329009363,4.592151135778007
PhysiCell,PhysiCell_dx_40um,40.0,,mean over all voxels from microenvironment[4],mean over center voxels from microenvironment[4],voxel size=40 um,9.23,8.866966329003764,4.5921511357425455
PhysiCell,PhysiCell_dx_40um,40.0,,mean over all voxels from microenvironment[4],mean over center voxels from microenvironment[4],voxel size=40 um,9.24,8.866966328998302,4.592151135707929
PhysiCell,PhysiCell_dx_40um,40.0,,mean over all voxels from microenvironment[4],mean over center voxels from microenvironment[4],voxel size=40 um,9.25,8.866966328992964,4.592151135674137
PhysiCell,PhysiCell_dx_40um,40.0,,mean over all voxels from microenvironment[4],mean over center voxels from microenvironment[4],voxel size=40 um,9.26,8.866966328987758,4.592151135641149
PhysiCell,PhysiCell_dx_40um,40.0,,mean over all voxels from microenvironment[4],mean over center voxels from microenvironment[4],voxel size=40 um,9.27,8.866966328982672,4.5921511356089475
PhysiCell,PhysiCell_dx_40um,40.0,,mean over all voxels from microenvironment[4],mean over center voxels from microenvironment[4],voxel size=40 um,9.28,8.86696632897771,4.592151135577511
PhysiCell,PhysiCell_dx_40um,40.0,,mean over all voxels from microenvironment[4],mean over center voxels from microenvironment[4],voxel size=40 um,9.29,8.866966328972863,4.592151135546824
PhysiCell,PhysiCell_dx_40um,40.0,,mean over all voxels from microenvironment[4],mean over center voxels from microenvironment[4],voxel size=40 um,9.3,8.866966328968134,4.592151135516868
PhysiCell,PhysiCell_dx_40um,40.0,,mean over all voxels from microenvironment[4],mean over center voxels from microenvironment[4],voxel size=40 um,9.31,8.866966328963517,4.592151135487625
PhysiCell,PhysiCell_dx_40um,40.0,,mean over all voxels from microenvironment[4],mean over center voxels from microenvironment[4],voxel size=40 um,9.32,8.86696632895901,4.592151135459078
PhysiCell,PhysiCell_dx_40um,40.0,,mean over all voxels from microenvironment[4],mean over center voxels from microenvironment[4],voxel size=40 um,9.33,8.86696632895461,4.5921511354312115
PhysiCell,PhysiCell_dx_40um,40.0,,mean over all voxels from microenvironment[4],mean over center voxels from microenvironment[4],voxel size=40 um,9.34,8.866966328950316,4.592151135404007
PhysiCell,PhysiCell_dx_40um,40.0,,mean over all voxels from microenvironment[4],mean over center voxels from microenvironment[4],voxel size=40 um,9.35,8.866966328946123,4.592151135377452
PhysiCell,PhysiCell_dx_40um,40.0,,mean over all voxels from microenvironment[4],mean over center voxels from microenvironment[4],voxel size=40 um,9.36,8.866966328942029,4.5921511353515285
PhysiCell,PhysiCell_dx_40um,40.0,,mean over all voxels from microenvironment[4],mean over center voxels from microenvironment[4],voxel size=40 um,9.37,8.866966328938034,4.5921511353262225
PhysiCell,PhysiCell_dx_40um,40.0,,mean over all voxels from microenvironment[4],mean over center voxels from microenvironment[4],voxel size=40 um,9.38,8.866966328934135,4.592151135301519
PhysiCell,PhysiCell_dx_40um,40.0,,mean over all voxels from microenvironment[4],mean over center voxels from microenvironment[4],voxel size=40 um,9.39,8.866966328930324,4.592151135277404
PhysiCell,PhysiCell_dx_40um,40.0,,mean over all voxels from microenvironment[4],mean over center voxels from microenvironment[4],voxel size=40 um,9.4,8.86696632892661,4.592151135253863
PhysiCell,PhysiCell_dx_40um,40.0,,mean over all voxels from microenvironment[4],mean over center voxels from microenvironment[4],voxel size=40 um,9.41,8.866966328922983,4.592151135230882
PhysiCell,PhysiCell_dx_40um,40.0,,mean over all voxels from microenvironment[4],mean over center voxels from microenvironment[4],voxel size=40 um,9.42,8.866966328919439,4.592151135208448
PhysiCell,PhysiCell_dx_40um,40.0,,mean over all voxels from microenvironment[4],mean over center voxels from microenvironment[4],voxel size=40 um,9.43,8.86696632891598,4.5921511351865485
PhysiCell,PhysiCell_dx_40um,40.0,,mean over all voxels from microenvironment[4],mean over center voxels from microenvironment[4],voxel size=40 um,9.44,8.866966328912605,4.592151135165172
PhysiCell,PhysiCell_dx_40um,40.0,,mean over all voxels from microenvironment[4],mean over center voxels from microenvironment[4],voxel size=40 um,9.45,8.86696632890931,4.592151135144302
PhysiCell,PhysiCell_dx_40um,40.0,,mean over all voxels from microenvironment[4],mean over center voxels from microenvironment[4],voxel size=40 um,9.46,8.866966328906093,4.59215113512393
PhysiCell,PhysiCell_dx_40um,40.0,,mean over all voxels from microenvironment[4],mean over center voxels from microenvironment[4],voxel size=40 um,9.47,8.866966328902956,4.592151135104043
PhysiCell,PhysiCell_dx_40um,40.0,,mean over all voxels from microenvironment[4],mean over center voxels from microenvironment[4],voxel size=40 um,9.48,8.866966328899888,4.592151135084627
PhysiCell,PhysiCell_dx_40um,40.0,,mean over all voxels from microenvironment[4],mean over center voxels from microenvironment[4],voxel size=40 um,9.49,8.866966328896897,4.592151135065676
PhysiCell,PhysiCell_dx_40um,40.0,,mean over all voxels from microenvironment[4],mean over center voxels from microenvironment[4],voxel size=40 um,9.5,8.866966328893977,4.592151135047177
PhysiCell,PhysiCell_dx_40um,40.0,,mean over all voxels from microenvironment[4],mean over center voxels from microenvironment[4],voxel size=40 um,9.51,8.866966328891126,4.592151135029119
PhysiCell,PhysiCell_dx_40um,40.0,,mean over all voxels from microenvironment[4],mean over center voxels from microenvironment[4],voxel size=40 um,9.52,8.86696632888834,4.592151135011489
PhysiCell,PhysiCell_dx_40um,40.0,,mean over all voxels from microenvironment[4],mean over center voxels from microenvironment[4],voxel size=40 um,9.53,8.866966328885626,4.592151134994278
PhysiCell,PhysiCell_dx_40um,40.0,,mean over all voxels from microenvironment[4],mean over center voxels from microenvironment[4],voxel size=40 um,9.54,8.866966328882972,4.592151134977479
PhysiCell,PhysiCell_dx_40um,40.0,,mean over all voxels from microenvironment[4],mean over center voxels from microenvironment[4],voxel size=40 um,9.55,8.866966328880382,4.592151134961079
PhysiCell,PhysiCell_dx_40um,40.0,,mean over all voxels from microenvironment[4],mean over center voxels from microenvironment[4],voxel size=40 um,9.56,8.866966328877854,4.59215113494507
PhysiCell,PhysiCell_dx_40um,40.0,,mean over all voxels from microenvironment[4],mean over center voxels from microenvironment[4],voxel size=40 um,9.57,8.866966328875389,4.592151134929441
PhysiCell,PhysiCell_dx_40um,40.0,,mean over all voxels from microenvironment[4],mean over center voxels from microenvironment[4],voxel size=40 um,9.58,8.866966328872978,4.592151134914185
PhysiCell,PhysiCell_dx_40um,40.0,,mean over all voxels from microenvironment[4],mean over center voxels from microenvironment[4],voxel size=40 um,9.59,8.866966328870626,4.592151134899293
PhysiCell,PhysiCell_dx_40um,40.0,,mean over all voxels from microenvironment[4],mean over center voxels from microenvironment[4],voxel size=40 um,9.6,8.866966328868331,4.592151134884755
PhysiCell,PhysiCell_dx_40um,40.0,,mean over all voxels from microenvironment[4],mean over center voxels from microenvironment[4],voxel size=40 um,9.61,8.866966328866091,4.592151134870563
PhysiCell,PhysiCell_dx_40um,40.0,,mean over all voxels from microenvironment[4],mean over center voxels from microenvironment[4],voxel size=40 um,9.62,8.866966328863903,4.592151134856709
PhysiCell,PhysiCell_dx_40um,40.0,,mean over all voxels from microenvironment[4],mean over center voxels from microenvironment[4],voxel size=40 um,9.63,8.86696632886177,4.592151134843184
PhysiCell,PhysiCell_dx_40um,40.0,,mean over all voxels from microenvironment[4],mean over center voxels from microenvironment[4],voxel size=40 um,9.64,8.866966328859682,4.592151134829981
PhysiCell,PhysiCell_dx_40um,40.0,,mean over all voxels from microenvironment[4],mean over center voxels from microenvironment[4],voxel size=40 um,9.65,8.866966328857648,4.592151134817094
PhysiCell,PhysiCell_dx_40um,40.0,,mean over all voxels from microenvironment[4],mean over center voxels from microenvironment[4],voxel size=40 um,9.66,8.866966328855662,4.592151134804514
PhysiCell,PhysiCell_dx_40um,40.0,,mean over all voxels from microenvironment[4],mean over center voxels from microenvironment[4],voxel size=40 um,9.67,8.866966328853726,4.592151134792231
PhysiCell,PhysiCell_dx_40um,40.0,,mean over all voxels from microenvironment[4],mean over center voxels from microenvironment[4],voxel size=40 um,9.68,8.866966328851833,4.5921511347802415
PhysiCell,PhysiCell_dx_40um,40.0,,mean over all voxels from microenvironment[4],mean over center voxels from microenvironment[4],voxel size=40 um,9.69,8.866966328849982,4.592151134768538
PhysiCell,PhysiCell_dx_40um,40.0,,mean over all voxels from microenvironment[4],mean over center voxels from microenvironment[4],voxel size=40 um,9.7,8.86696632884818,4.592151134757113
PhysiCell,PhysiCell_dx_40um,40.0,,mean over all voxels from microenvironment[4],mean over center voxels from microenvironment[4],voxel size=40 um,9.71,8.86696632884642,4.592151134745961
PhysiCell,PhysiCell_dx_40um,40.0,,mean over all voxels from microenvironment[4],mean over center voxels from microenvironment[4],voxel size=40 um,9.72,8.866966328844699,4.592151134735073
PhysiCell,PhysiCell_dx_40um,40.0,,mean over all voxels from microenvironment[4],mean over center voxels from microenvironment[4],voxel size=40 um,9.73,8.866966328843022,4.592151134724446
PhysiCell,PhysiCell_dx_40um,40.0,,mean over all voxels from microenvironment[4],mean over center voxels from microenvironment[4],voxel size=40 um,9.74,8.86696632884138,4.592151134714071
PhysiCell,PhysiCell_dx_40um,40.0,,mean over all voxels from microenvironment[4],mean over center voxels from microenvironment[4],voxel size=40 um,9.75,8.866966328839785,4.5921511347039425
PhysiCell,PhysiCell_dx_40um,40.0,,mean over all voxels from microenvironment[4],mean over center voxels from microenvironment[4],voxel size=40 um,9.76,8.866966328838224,4.592151134694055
PhysiCell,PhysiCell_dx_40um,40.0,,mean over all voxels from microenvironment[4],mean over center voxels from microenvironment[4],voxel size=40 um,9.77,8.8669663288367,4.592151134684404
PhysiCell,PhysiCell_dx_40um,40.0,,mean over all voxels from microenvironment[4],mean over center voxels from microenvironment[4],voxel size=40 um,9.78,8.866966328835211,4.5921511346749835
PhysiCell,PhysiCell_dx_40um,40.0,,mean over all voxels from microenvironment[4],mean over center voxels from microenvironment[4],voxel size=40 um,9.79,8.86696632883376,4.592151134665786
PhysiCell,PhysiCell_dx_40um,40.0,,mean over all voxels from microenvironment[4],mean over center voxels from microenvironment[4],voxel size=40 um,9.8,8.866966328832342,4.592151134656807
PhysiCell,PhysiCell_dx_40um,40.0,,mean over all voxels from microenvironment[4],mean over center voxels from microenvironment[4],voxel size=40 um,9.81,8.866966328830957,4.592151134648043
PhysiCell,PhysiCell_dx_40um,40.0,,mean over all voxels from microenvironment[4],mean over center voxels from microenvironment[4],voxel size=40 um,9.82,8.866966328829607,4.592151134639487
PhysiCell,PhysiCell_dx_40um,40.0,,mean over all voxels from microenvironment[4],mean over center voxels from microenvironment[4],voxel size=40 um,9.83,8.866966328828289,4.592151134631136
PhysiCell,PhysiCell_dx_40um,40.0,,mean over all voxels from microenvironment[4],mean over center voxels from microenvironment[4],voxel size=40 um,9.84,8.866966328827,4.5921511346229815
PhysiCell,PhysiCell_dx_40um,40.0,,mean over all voxels from microenvironment[4],mean over center voxels from microenvironment[4],voxel size=40 um,9.85,8.866966328825745,4.5921511346150234
PhysiCell,PhysiCell_dx_40um,40.0,,mean over all voxels from microenvironment[4],mean over center voxels from microenvironment[4],voxel size=40 um,9.86,8.86696632882452,4.592151134607254
PhysiCell,PhysiCell_dx_40um,40.0,,mean over all voxels from microenvironment[4],mean over center voxels from microenvironment[4],voxel size=40 um,9.87,8.866966328823322,4.592151134599669
PhysiCell,PhysiCell_dx_40um,40.0,,mean over all voxels from microenvironment[4],mean over center voxels from microenvironment[4],voxel size=40 um,9.88,8.866966328822151,4.592151134592265
PhysiCell,PhysiCell_dx_40um,40.0,,mean over all voxels from microenvironment[4],mean over center voxels from microenvironment[4],voxel size=40 um,9.89,8.866966328821011,4.592151134585037
PhysiCell,PhysiCell_dx_40um,40.0,,mean over all voxels from microenvironment[4],mean over center voxels from microenvironment[4],voxel size=40 um,9.9,8.866966328819897,4.592151134577981
PhysiCell,PhysiCell_dx_40um,40.0,,mean over all voxels from microenvironment[4],mean over center voxels from microenvironment[4],voxel size=40 um,9.91,8.866966328818808,4.592151134571094
PhysiCell,PhysiCell_dx_40um,40.0,,mean over all voxels from microenvironment[4],mean over center voxels from microenvironment[4],voxel size=40 um,9.92,8.866966328817746,4.592151134564371
PhysiCell,PhysiCell_dx_40um,40.0,,mean over all voxels from microenvironment[4],mean over center voxels from microenvironment[4],voxel size=40 um,9.93,8.866966328816712,4.592151134557806
PhysiCell,PhysiCell_dx_40um,40.0,,mean over all voxels from microenvironment[4],mean over center voxels from microenvironment[4],voxel size=40 um,9.94,8.866966328815698,4.5921511345514
PhysiCell,PhysiCell_dx_40um,40.0,,mean over all voxels from microenvironment[4],mean over center voxels from microenvironment[4],voxel size=40 um,9.95,8.86696632881471,4.592151134545144
PhysiCell,PhysiCell_dx_40um,40.0,,mean over all voxels from microenvironment[4],mean over center voxels from microenvironment[4],voxel size=40 um,9.96,8.86696632881375,4.59215113453904
PhysiCell,PhysiCell_dx_40um,40.0,,mean over all voxels from microenvironment[4],mean over center voxels from microenvironment[4],voxel size=40 um,9.97,8.866966328812806,4.592151134533078
PhysiCell,PhysiCell_dx_40um,40.0,,mean over all voxels from microenvironment[4],mean over center voxels from microenvironment[4],voxel size=40 um,9.98,8.866966328811888,4.592151134527261
PhysiCell,PhysiCell_dx_40um,40.0,,mean over all voxels from microenvironment[4],mean over center voxels from microenvironment[4],voxel size=40 um,9.99,8.86696632881099,4.59215113452158
PhysiCell,PhysiCell_dx_40um,40.0,,mean over all voxels from microenvironment[4],mean over center voxels from microenvironment[4],voxel size=40 um,10.0,8.866966328810115,4.592151134516035
