time_min,distance_um,radius_sum_um,overlap_um
0.0,9.0,10.000007794777245,1.000007794777245
0.1,9.1016458670195,10.000007794777245,0.8983619277577457
0.2,9.154312831636332,10.000007794777245,0.8456949631409127
0.3,9.204513808299062,10.000007794777245,0.7954939864781831
0.4,9.250280992260121,10.000007794777245,0.7497268025171238
0.5,9.292225947924535,10.000007794777245,0.7077818468527095
0.6,9.330756110310183,10.000007794777245,0.6692516844670617
0.7,9.366231630263613,10.000007794777245,0.6337761645136322
0.8,9.398966253053805,10.000007794777245,0.6010415417234398
0.9,9.429234563815701,10.000007794777245,0.5707732309615441
1.0,9.457277682940889,10.000007794777245,0.5427301118363559
1.1,9.483308033151925,10.000007794777245,0.5166997616253202
1.2,9.50751333387741,10.000007794777245,0.4924944608998345
1.3,9.530059963114201,10.000007794777245,0.46994783166304366
1.4,9.551095798445482,10.000007794777245,0.4489119963317627
1.5,9.570752627255782,10.000007794777245,0.42925516752146287
1.6,9.58914819907578,10.000007794777245,0.41085959570146535
1.7,9.606387979413043,10.000007794777245,0.3936198153642021
1.8,9.622566653594149,10.000007794777245,0.37744114118309646
1.9,9.637769420461318,10.000007794777245,0.3622383743159272
2.0,9.652073108773973,10.000007794777245,0.3479346860032724
2.1,9.665547143508157,10.000007794777245,0.3344606512690884
2.2,9.678254384650025,10.000007794777245,0.32175341012722036
2.3,9.690251857328915,10.000007794777245,0.30975593744832963
2.4,9.70159138906316,10.000007794777245,0.2984164057140841
2.5,9.712320167365299,10.000007794777245,0.2876876274119464
2.6,9.722481228867993,10.000007794777245,0.27752656590925184
2.7,9.732113889404726,10.000007794777245,0.2678939053725191
2.8,9.741254123043657,10.000007794777245,0.2587536717335883
2.9,9.749934896875821,10.000007794777245,0.25007289790142373
3.0,9.758186467357216,10.000007794777245,0.2418213274200287
3.1,9.766036643163863,10.000007794777245,0.23397115161338178
3.2,9.773511018811437,10.000007794777245,0.22649677596580808
3.3,9.780633182693878,10.000007794777245,0.21937461208336728
3.4,9.787424902689928,10.000007794777245,0.21258289208731718
3.5,9.793906292057423,10.000007794777245,0.20610150271982164
3.6,9.800095957970104,10.000007794777245,0.19991183680714109
3.7,9.806011134740134,10.000007794777245,0.19399666003711147
3.8,9.811667803503136,10.000007794777245,0.18833999127410905
3.9,9.817080799914121,10.000007794777245,0.18292699486312358
4.0,9.822263911206404,10.000007794777245,0.17774388357084092
4.1,9.827229963796608,10.000007794777245,0.17277783098063715
4.2,9.831990902472919,10.000007794777245,0.16801689230432615
4.3,9.836557862077607,10.000007794777245,0.16344993269963837
4.4,9.84094123248541,10.000007794777245,0.15906656229183547
4.5,9.845150717584474,10.000007794777245,0.1548570771927711
4.6,9.849195388883787,10.000007794777245,0.15081240589345768
4.7,9.85308373429911,10.000007794777245,0.14692406047813478
4.8,9.856823702606352,10.000007794777245,0.1431840921708929
4.9,9.860422743996411,10.000007794777245,0.13958505078083405
5.0,9.863887847117091,10.000007794777245,0.13611994766015378
5.1,9.867225572945467,10.000007794777245,0.13278222183177846
5.2,9.870442085796693,10.000007794777245,0.12956570898055197
5.3,9.87354318174249,10.000007794777245,0.12646461303475576
5.4,9.87653431468355,10.000007794777245,0.12347348009369519
5.5,9.87942062029453,10.000007794777245,0.12058717448271494
5.6,9.882206938037596,10.000007794777245,0.11780085673964891
5.7,9.884897831420497,10.000007794777245,0.11510996335674761
5.8,9.88749760665726,10.000007794777245,0.1125101881199857
5.9,9.890010329873757,10.000007794777245,0.10999746490348805
6.0,9.892439842986395,10.000007794777245,0.1075679517908501
6.1,9.894789778369486,10.000007794777245,0.10521801640775941
6.2,9.897063572415751,10.000007794777245,0.10294422236149359
6.3,9.899264478084367,10.000007794777245,0.10074331669287773
6.4,9.901395576521969,10.000007794777245,0.09861221825527622
6.5,9.903459787834068,10.000007794777245,0.096548006943177
6.6,9.905459881077084,10.000007794777245,0.09454791370016125
6.7,9.907398483534754,10.000007794777245,0.09260931124249083
6.8,9.909278089336905,10.000007794777245,0.09072970544034042
6.9,9.911101067473279,10.000007794777245,0.0889067273039661
7.0,9.912869669250474,10.000007794777245,0.0871381255267707
7.1,9.91458603523575,10.000007794777245,0.08542175954149478
7.2,9.916252201727659,10.000007794777245,0.08375559304958635
7.3,9.917870106789985,10.000007794777245,0.08213768798725951
7.4,9.919441595882335,10.000007794777245,0.08056619889491046
7.5,9.920968427117888,10.000007794777245,0.07903936765935704
7.6,9.92245227617627,10.000007794777245,0.07755551860097576
7.7,9.923894740897124,10.000007794777245,0.07611305388012113
7.8,9.925297345577892,10.000007794777245,0.07471044919935288
7.9,9.926661544997362,10.000007794777245,0.07334624977988291
8.0,9.927988728184793,10.000007794777245,0.07201906659245161
8.1,9.92928022195284,10.000007794777245,0.07072757282440456
8.2,9.930537294211021,10.000007794777245,0.06947050056622395
8.3,9.931761157075192,10.000007794777245,0.06824663770205319
8.4,9.93295296978723,10.000007794777245,0.0670548249900147
8.5,9.934113841458068,10.000007794777245,0.06589395331917736
8.6,9.935244833646147,10.000007794777245,0.06476296113109825
8.7,9.936346962782537,10.000007794777245,0.06366083199470829
8.8,9.937421202452988,10.000007794777245,0.06258659232425678
8.9,9.938468485546528,10.000007794777245,0.061539309230717265
9.0,9.939489706279414,10.000007794777245,0.06051808849783136
9.1,9.940485722102652,10.000007794777245,0.05952207267459286
9.2,9.941457355500674,10.000007794777245,0.058550439276571
9.3,9.94240539568819,10.000007794777245,0.0576023990890544
9.4,9.943330600211794,10.000007794777245,0.056677194565450506
9.5,9.944233696462318,10.000007794777245,0.0557740983149273
9.6,9.945115383103639,10.000007794777245,0.054892411673606034
9.7,9.945976331423127,10.000007794777245,0.0540314633541179
9.8,9.946817186608623,10.000007794777245,0.05319060816862198
9.9,9.947638568956476,10.000007794777245,0.05236922582076886
10.0,9.94844107501486,10.000007794777245,0.05156671976238414
10.1,9.9492252786663,10.000007794777245,0.05078251611094586
10.2,9.949991732153073,10.000007794777245,0.05001606262417191
10.3,9.950740967048914,10.000007794777245,0.049266827728331464
10.4,9.95147349518019,10.000007794777245,0.0485342995970548
10.5,9.952189809499556,10.000007794777245,0.04781798527768899
10.6,9.952890384914836,10.000007794777245,0.04711740986240898
10.7,9.953575679075767,10.000007794777245,0.04643211570147798
10.8,9.954246133121021,10.000007794777245,0.04576166165622375
10.9,9.954902172387767,10.000007794777245,0.04510562238947813
11.0,9.955544207085929,10.000007794777245,0.04446358769131642
11.1,9.956172632939115,10.000007794777245,0.04383516183813008
11.2,9.956787831794095,10.000007794777245,0.043219962983149784
11.3,9.957390172200576,10.000007794777245,0.042617622576669234
11.4,9.957980009962915,10.000007794777245,0.042027784814330005
11.5,9.958557688665316,10.000007794777245,0.04145010611192923
11.6,9.959123540171952,10.000007794777245,0.040884254605293435
11.7,9.959677885103376,10.000007794777245,0.040329909673868514
11.8,9.960221033290498,10.000007794777245,0.03978676148674687
11.9,9.960753284207309,10.000007794777245,0.03925451056993623
12.0,9.961274927383517,10.000007794777245,0.03873286739372794
12.1,9.961786242798109,10.000007794777245,0.03822155197913624
12.2,9.962287501254883,10.000007794777245,0.03772029352236217
12.3,9.962778964740862,10.000007794777245,0.03722883003638344
12.4,9.963260886768467,10.000007794777245,0.036746908008778334
12.5,9.96373351270233,10.000007794777245,0.03627428207491512
12.6,9.964197080071465,10.000007794777245,0.035810714705780455
12.7,9.9646518188676,10.000007794777245,0.035355975909645565
12.8,9.965097951830332,10.000007794777245,0.03490984294691302
12.9,9.965535694719785,10.000007794777245,0.03447210005746015
13.0,9.96596525657737,10.000007794777245,0.03404253819987524
13.1,9.96638683997526,10.000007794777245,0.033620954801984126
13.2,9.966800641255137,10.000007794777245,0.0332071535221079
13.3,9.967206850756698,10.000007794777245,0.03280094402054701
13.4,9.967605653036465,10.000007794777245,0.032402141740780266
13.5,9.967997227077339,10.000007794777245,0.03201056769990629
13.6,9.96838174648935,10.000007794777245,0.031626048287895614
13.7,9.96875937970202,10.000007794777245,0.031248415075225466
13.8,9.969130290148748,10.000007794777245,0.030877504628497476
13.9,9.969494636443573,10.000007794777245,0.030513158333672408
14.0,9.96985257255069,10.000007794777245,0.0301552222265542
14.1,9.970204247947065,10.000007794777245,0.029803546830180494
14.2,9.970549807778418,10.000007794777245,0.029457986998826513
14.3,9.970889393008962,10.000007794777245,0.029118401768283064
14.4,9.971223140565101,10.000007794777245,0.028784654212143934
14.5,9.971551183473427,10.000007794777245,0.02845661130381849
14.6,9.971873650993224,10.000007794777245,0.028134143784020793
14.7,9.97219066874377,10.000007794777245,0.02781712603347586
14.8,9.972502358826631,10.000007794777245,0.027505435950613943
14.9,9.972808839943207,10.000007794777245,0.02719895483403789
15.0,9.973110227507705,10.000007794777245,0.026897567269539735
15.1,9.973406633755763,10.000007794777245,0.0266011610214818
15.2,9.973698167848914,10.000007794777245,0.026309626928330943
15.3,9.973984935975064,10.000007794777245,0.026022858802180693
15.4,9.97426704144516,10.000007794777245,0.025740753332085475
15.5,9.974544584786205,10.000007794777245,0.025463209991039903
15.6,9.974817663830798,10.000007794777245,0.025190130946446843
15.7,9.97508637380332,10.000007794777245,0.024921420973925024
15.8,9.975350807402924,10.000007794777245,0.024656987374321204
15.9,9.975611054883464,10.000007794777245,0.024396739893781216
16.0,9.975867204130486,10.000007794777245,0.024140590646759108
16.1,9.976119340735407,10.000007794777245,0.02388845404183826
16.2,9.976367548066998,10.000007794777245,0.023640246710247226
16.3,9.976611907340276,10.000007794777245,0.023395887436969076
16.4,9.976852497682927,10.000007794777245,0.023155297094318072
16.5,9.977089396199345,10.000007794777245,0.022918398577900234
16.6,9.9773226780324,10.000007794777245,0.022685116744845857
16.7,9.977552416422999,10.000007794777245,0.02245537835424649
16.8,9.977778682767568,10.000007794777245,0.022229112009677365
16.9,9.978001546673504,10.000007794777245,0.0220062481037413
17.0,9.978221076012701,10.000007794777245,0.021786718764543522
17.1,9.97843733697321,10.000007794777245,0.021570457804035215
17.2,9.978650394109115,10.000007794777245,0.021357400668129856
17.3,9.978860310388704,10.000007794777245,0.02114748438854086
17.4,9.979067147240972,10.000007794777245,0.020940647536273005
17.5,9.979270964600559,10.000007794777245,0.020736830176685928
17.6,9.97947182095116,10.000007794777245,0.020535973826085296
17.7,9.97966977336746,10.000007794777245,0.0203380214097848
17.8,9.979864877555682,10.000007794777245,0.020142917221562584
17.9,9.980057187892765,10.000007794777245,0.019950606884480138
18.0,9.98024675746424,10.000007794777245,0.019761037313005048
18.1,9.98043363810086,10.000007794777245,0.01957415667638429
18.2,9.980617880414027,10.000007794777245,0.019389914363218352
18.3,9.980799533830037,10.000007794777245,0.019208260947207734
18.4,9.980978646623239,10.000007794777245,0.019029148154006137
18.5,9.981155265948086,10.000007794777245,0.018852528829159
18.6,9.981329437870173,10.000007794777245,0.018678356907072313
18.7,9.981501207396267,10.000007794777245,0.01850658738097799
18.8,9.981670618503374,10.000007794777245,0.01833717627387088
18.9,9.981837714166883,10.000007794777245,0.018170080610362405
19.0,9.98200253638781,10.000007794777245,0.018005258389434786
19.1,9.982165126219197,10.000007794777245,0.017842668558047947
19.2,9.98232552379166,10.000007794777245,0.017682270985584836
19.3,9.982483768338154,10.000007794777245,0.01752402643909079
19.4,9.982639898217952,10.000007794777245,0.017367896559292717
19.5,9.982793950939897,10.000007794777245,0.017213843837348364
19.6,9.982945963184918,10.000007794777245,0.017061831592327437
19.7,9.98309597082786,10.000007794777245,0.016911823949385507
19.8,9.983244008958653,10.000007794777245,0.016763785818591614
19.9,9.98339011190283,10.000007794777245,0.016617682874414896
20.0,9.983534313241407,10.000007794777245,0.016473481535838275
20.1,9.983676645830194,10.000007794777245,0.016331148947051233
20.2,9.983817141818491,10.000007794777245,0.01619065295875366
20.3,9.983955832667256,10.000007794777245,0.01605196210998905
20.4,9.984092749166697,10.000007794777245,0.015915045610547907
20.5,9.98422792145337,10.000007794777245,0.01577987332387565
20.6,9.984361379026755,10.000007794777245,0.015646415750490306
20.7,9.984493150765347,10.000007794777245,0.015514644011897616
20.8,9.984623264942282,10.000007794777245,0.015384529834962635
20.9,9.984751749240495,10.000007794777245,0.015256045536750307
21.0,9.984878630767437,10.000007794777245,0.015129164009808349
21.1,9.985003936069385,10.000007794777245,0.015003858707860473
21.2,9.98512769114531,10.000007794777245,0.014880103631934816
21.3,9.985249921460372,10.000007794777245,0.014757873316872505
21.4,9.98537065195901,10.000007794777245,0.014637142818234139
21.5,9.985489907077675,10.000007794777245,0.014517887699570409
21.6,9.98560771075718,10.000007794777245,0.014400084020065762
21.7,9.985724086454725,10.000007794777245,0.014283708322519573
21.8,9.985839057155571,10.000007794777245,0.0141687376216737
21.9,9.985952645384387,10.000007794777245,0.014055149392858013
22.0,9.986064873216273,10.000007794777245,0.013942921560971655
22.1,9.9861757622875,10.000007794777245,0.013832032489744961
22.2,9.986285333805917,10.000007794777245,0.013722460971328232
22.3,9.986393608561105,10.000007794777245,0.013614186216139856
22.4,9.98650060693423,10.000007794777245,0.013507187843014634
22.5,9.986606348907637,10.000007794777245,0.013401445869607898
22.6,9.98671085407417,10.000007794777245,0.013296940703074966
22.7,9.986814141646258,10.000007794777245,0.01319365313098686
22.8,9.986916230464734,10.000007794777245,0.013091564312510684
22.9,9.987017139007431,10.000007794777245,0.012990655769813841
23.0,9.987116885397542,10.000007794777245,0.01289090937970272
23.1,9.987215487411751,10.000007794777245,0.012792307365494082
23.2,9.98731296248816,10.000007794777245,0.012694832289085412
23.3,9.98740932773399,10.000007794777245,0.012598467043254402
23.4,9.987504599933098,10.000007794777245,0.012503194844146748
23.5,9.987598795553266,10.000007794777245,0.012408999223978867
23.6,9.987691930753334,10.000007794777245,0.01231586402391116
23.7,9.987784021390118,10.000007794777245,0.012223773387127324
23.8,9.987875083025163,10.000007794777245,0.012132711752082415
23.9,9.987965130931313,10.000007794777245,0.012042663845932111
24.0,9.98805418009912,10.000007794777245,0.01195361467812539
24.1,9.988142245243074,10.000007794777245,0.011865549534171294
24.2,9.988229340807688,10.000007794777245,0.01177845396955668
24.3,9.988315480973416,10.000007794777245,0.01169231380382918
24.4,9.988400679662425,10.000007794777245,0.011607115114820488
24.5,9.98848495054422,10.000007794777245,0.011522844233024188
24.6,9.98856830704113,10.000007794777245,0.011439487736115694
24.7,9.988650762333643,10.000007794777245,0.011357032443601867
24.8,9.988732329365623,10.000007794777245,0.01127546541162161
24.9,9.98881302084939,10.000007794777245,0.01119477392785484
25.0,9.988892849270666,10.000007794777245,0.011114945506578877
25.1,9.988971826893412,10.000007794777245,0.011035967883833209
25.2,9.989049965764531,10.000007794777245,0.010957829012713916
25.3,9.989127277718463,10.000007794777245,0.010880517058781791
25.4,9.989203774381672,10.000007794777245,0.010804020395573488
25.5,9.989279467177004,10.000007794777245,0.010728327600240561
25.6,9.989354367327966,10.000007794777245,0.010653427449279107
25.7,9.989428485862875,10.000007794777245,0.010579308914369534
25.8,9.989501833618917,10.000007794777245,0.010505961158328248
25.9,9.989574421246115,10.000007794777245,0.010433373531130385
26.0,9.989646259211188,10.000007794777245,0.0103615355660569
26.1,9.989717357801329,10.000007794777245,0.01029043697591625
26.2,9.989787727127885,10.000007794777245,0.010220067649360232
26.3,9.98985737712995,10.000007794777245,0.01015041764729574
26.4,9.989926317577872,10.000007794777245,0.010081477199372912
26.5,9.989994558076688,10.000007794777245,0.01001323670055676
26.6,9.990062108069463,10.000007794777245,0.009945686707782286
26.7,9.990128976840555,10.000007794777245,0.009878817936689543
26.8,9.99019517351881,10.000007794777245,0.009812621258435072
26.9,9.99026070708067,10.000007794777245,0.009747087696574397
27.0,9.990325586353226,10.000007794777245,0.009682208424019123
27.1,9.990389820017178,10.000007794777245,0.009617974760066872
27.2,9.99045341660975,10.000007794777245,0.009554378167495159
27.3,9.990516384527517,10.000007794777245,0.009491410249728105
27.4,9.990578732029185,10.000007794777245,0.009429062748059991
27.5,9.99064046723829,10.000007794777245,0.009367327538955195
27.6,9.990701598145849,10.000007794777245,0.009306196631396091
27.7,9.990762132612945,10.000007794777245,0.009245662164300228
27.8,9.990822078373254,10.000007794777245,0.009185716403990796
27.9,9.990881443035512,10.000007794777245,0.009126351741732819
28.0,9.990940234085935,10.000007794777245,0.009067560691310206
28.1,9.990998458890571,10.000007794777245,0.009009335886673853
28.2,9.991056124697616,10.000007794777245,0.008951670079628826
28.3,9.991113238639661,10.000007794777245,0.00889455613758372
28.4,9.991169807735904,10.000007794777245,0.008837987041340867
28.5,9.991225838894303,10.000007794777245,0.008781955882941617
28.6,9.991281338913685,10.000007794777245,0.008726455863559579
28.7,9.99133631448581,10.000007794777245,0.008671480291434719
28.8,9.991390772197384,10.000007794777245,0.008617022579860745
28.9,9.991444718532037,10.000007794777245,0.008563076245208023
29.0,9.991498159872249,10.000007794777245,0.008509634904996233
29.1,9.991551102501239,10.000007794777245,0.008456692276006095
29.2,9.991603552604811,10.000007794777245,0.00840424217243374
29.3,9.991655516273163,10.000007794777245,0.008352278504082378
29.4,9.991706999502647,10.000007794777245,0.008300795274598372
29.5,9.99175800819751,10.000007794777245,0.00824978657973574
29.6,9.99180854817158,10.000007794777245,0.008199246605665067
29.7,9.991858625149924,10.000007794777245,0.008149169627321484
29.8,9.991908244770466,10.000007794777245,0.00809955000677931
29.9,9.99195741258558,10.000007794777245,0.008050382191665761
30.0,9.992006134063637,10.000007794777245,0.008001660713608416
30.1,9.992054414590529,10.000007794777245,0.00795338018671643
30.2,9.992102259471157,10.000007794777245,0.007905535306088396
30.3,9.992149673930886,10.000007794777245,0.007858120846359284
30.4,9.992196663116975,10.000007794777245,0.007811131660270476
30.5,9.992243232099968,10.000007794777245,0.007764562677277098
30.6,9.99228938587507,10.000007794777245,0.0077184089021749
30.7,9.992335129363482,10.000007794777245,0.007672665413762658
30.8,9.992380467413708,10.000007794777245,0.007627327363536551
30.9,9.992425404802848,10.000007794777245,0.007582389974396975
31.0,9.992469946237854,10.000007794777245,0.007537848539390879
31.1,9.992514096356755,10.000007794777245,0.007493698420489636
31.2,9.99255785972988,10.000007794777245,0.0074499350473651305
31.3,9.99260124086102,10.000007794777245,0.007406553916224468
31.4,9.99264424418861,10.000007794777245,0.007363550588635803
31.5,9.99268687408684,10.000007794777245,0.007320920690405686
31.6,9.992729134866787,10.000007794777245,0.007278659910458174
31.7,9.992771030777494,10.000007794777245,0.007236763999751261
31.8,9.992812566007041,10.000007794777245,0.007195228770203954
31.9,9.992853744683595,10.000007794777245,0.0071540500936499996
32.0,9.992894570876427,10.000007794777245,0.007113223900818255
32.1,9.992935048596927,10.000007794777245,0.00707274618031839
32.2,9.99297518179958,10.000007794777245,0.007032612977665664
32.3,9.993014974382941,10.000007794777245,0.0069928203943039335
32.4,9.993054430190575,10.000007794777245,0.006953364586669508
32.5,9.993093553011988,10.000007794777245,0.00691424176525679
32.6,9.993132346583534,10.000007794777245,0.006875448193710554
32.7,9.993170814589314,10.000007794777245,0.0068369801879306635
32.8,9.993208960662042,10.000007794777245,0.006798834115203434
32.9,9.993246788383903,10.000007794777245,0.006761006393341873
33.0,9.993284301287407,10.000007794777245,0.006723493489838361
33.1,9.993321502856194,10.000007794777245,0.00668629192105108
33.2,9.993358396525858,10.000007794777245,0.006649398251386884
33.3,9.993394985684732,10.000007794777245,0.006612809092512606
33.4,9.993431273674672,10.000007794777245,0.006576521102573452
33.5,9.99346726379181,10.000007794777245,0.006540530985434501
33.6,9.993502959287321,10.000007794777245,0.006504835489923977
33.7,9.993538363368131,10.000007794777245,0.006469431409113824
33.8,9.993573479197662,10.000007794777245,0.006434315579582517
33.9,9.993608309896526,10.000007794777245,0.006399484880718731
34.0,9.993642858543216,10.000007794777245,0.006364936234028562
34.1,9.993677128174795,10.000007794777245,0.006330666602449853
34.2,9.993711121787555,10.000007794777245,0.006296672989689611
34.3,9.993744842337682,10.000007794777245,0.0062629524395632075
34.4,9.993778292741887,10.000007794777245,0.006229502035358436
34.5,9.993811475878042,10.000007794777245,0.006196318899203135
34.6,9.993844394585805,10.000007794777245,0.006163400191439905
34.7,9.993877051667214,10.000007794777245,0.006130743110031034
34.8,9.9939094498873,10.000007794777245,0.0060983448899456505
34.9,9.99394159197465,10.000007794777245,0.0060662028025948445
35.0,9.993973480622007,10.000007794777245,0.006034314155238363
35.1,9.994005118486815,10.000007794777245,0.0060026762904303865
35.2,9.994036508191781,10.000007794777245,0.005971286585463531
35.3,9.994067652325416,10.000007794777245,0.005940142451828834
35.4,9.994098553442571,10.000007794777245,0.005909241334673965
35.5,9.994129214064955,10.000007794777245,0.00587858071228986
35.6,9.994159636681657,10.000007794777245,0.005848158095588474
35.7,9.994189823749647,10.000007794777245,0.00581797102759829
35.8,9.994219777694273,10.000007794777245,0.005788017082972274
35.9,9.994249500909746,10.000007794777245,0.0057582938674993756
36.0,9.994278995759622,10.000007794777245,0.005728799017623132
36.1,9.99430826457727,10.000007794777245,0.00569953019997449
36.2,9.994337309666333,10.000007794777245,0.005670485110911727
36.3,9.994366133301183,10.000007794777245,0.005641661476062154
36.4,9.994394737727363,10.000007794777245,0.005613057049881576
36.5,9.994423125162028,10.000007794777245,0.005584669615217308
36.6,9.994451297794372,10.000007794777245,0.0055564969828729716
36.7,9.994479257786054,10.000007794777245,0.0055285369911910465
36.8,9.994507007271602,10.000007794777245,0.005500787505642535
36.9,9.994534548358837,10.000007794777245,0.00547324641840774
37.0,9.99456188312926,10.000007794777245,0.0054459116479854686
37.1,9.994589013638448,10.000007794777245,0.005418781138796902
37.2,9.994615941916445,10.000007794777245,0.005391852860800128
37.3,9.994642669968137,10.000007794777245,0.005365124809108224
37.4,9.994669199773629,10.000007794777245,0.00533859500361622
37.5,9.994695533288604,10.000007794777245,0.005312261488640502
37.6,9.994721672444697,10.000007794777245,0.005286122332547549
37.7,9.994747619149834,10.000007794777245,0.005260175627411101
37.8,9.99477337528859,10.000007794777245,0.0052344194886551065
37.9,9.994798942722529,10.000007794777245,0.005208852054716218
38.0,9.994824323290539,10.000007794777245,0.0051834714867062814
38.1,9.994849518809165,10.000007794777245,0.0051582759680801615
38.2,9.994874531072929,10.000007794777245,0.0051332637043159934
38.3,9.994899361854658,10.000007794777245,0.005108432922586559
38.4,9.994924012905788,10.000007794777245,0.005083781871457305
38.5,9.99494848595668,10.000007794777245,0.005059308820564823
38.6,9.994972782716923,10.000007794777245,0.005035012060321975
38.7,9.994996904875627,10.000007794777245,0.005010889901617688
38.8,9.995020854101728,10.000007794777245,0.004986940675516749
38.9,9.995044632044262,10.000007794777245,0.0049631627329826955
39.0,9.995068240332659,10.000007794777245,0.004939554444586491
39.1,9.995091680577017,10.000007794777245,0.004916114200227639
39.2,9.995114954368384,10.000007794777245,0.0048928404088606214
39.3,9.99513806327902,10.000007794777245,0.004869731498224894
39.4,9.995161008862661,10.000007794777245,0.004846785914583762
39.5,9.995183792654792,10.000007794777245,0.0048240021224525975
39.6,9.995206416172893,10.000007794777245,0.004801378604351925
39.7,9.995228880916693,10.000007794777245,0.004778913860551626
39.8,9.995251188368423,10.000007794777245,0.00475660640882225
39.9,9.995273339993055,10.000007794777245,0.004734454784189879
40.0,9.99529533723855,10.000007794777245,0.004712457538694537
40.1,9.995317181536088,10.000007794777245,0.004690613241157493
40.2,9.9953388743003,10.000007794777245,0.004668920476945004
40.3,9.995360416929506,10.000007794777245,0.004647377847739165
40.4,9.995381810805927,10.000007794777245,0.004625983971317638
40.5,9.995403057295922,10.000007794777245,0.004604737481322729
40.6,9.995424157750191,10.000007794777245,0.004583637027053555
40.7,9.995445113504,10.000007794777245,0.004562681273245772
40.8,9.995465925877387,10.000007794777245,0.0045418688998584145
40.9,9.995486596175374,10.000007794777245,0.00452119860187139
41.0,9.995507125688171,10.000007794777245,0.004500669089074094
41.1,9.99552751569137,10.000007794777245,0.004480279085875338
41.2,9.995547767446155,10.000007794777245,0.004460027331090188
41.3,9.995567882199486,10.000007794777245,0.004439912577758776
41.4,9.9955878611843,10.000007794777245,0.0044199335929455685
41.5,9.995607705619692,10.000007794777245,0.004400089157552856
41.6,9.995627416711107,10.000007794777245,0.00438037806613778
41.7,9.995646995650521,10.000007794777245,0.0043607991267240465
41.8,9.995666443616619,10.000007794777245,0.004341351160626061
41.9,9.995685761774977,10.000007794777245,0.0043220330022677445
42.0,9.99570495127823,10.000007794777245,0.004302843499015552
42.1,9.995724013266251,10.000007794777245,0.004283781510993734
42.2,9.995742948866319,10.000007794777245,0.0042648459109262404
42.3,9.995761759193277,10.000007794777245,0.004246035583967966
42.4,9.995780445349709,10.000007794777245,0.004227349427535998
42.5,9.995799008426095,10.000007794777245,0.00420878635114974
42.6,9.995817449500969,10.000007794777245,0.004190345276276375
42.7,9.995835769641076,10.000007794777245,0.004172025136169211
42.8,9.995853969901528,10.000007794777245,0.004153824875716694
42.9,9.995872051325959,10.000007794777245,0.004135743451286089
43.0,9.995890014946667,10.000007794777245,0.004117779830577817
43.1,9.995907861784767,10.000007794777245,0.004099932992478017
43.2,9.995925592850332,10.000007794777245,0.004082201926912887
43.3,9.995943209142542,10.000007794777245,0.004064585634703022
43.4,9.995960711649818,10.000007794777245,0.004047083127426632
43.5,9.995978101349966,10.000007794777245,0.004029693427279213
43.6,9.99599537921031,10.000007794777245,0.00401241556693499
43.7,9.996012546187828,10.000007794777245,0.003995248589417244
43.8,9.996029603229285,10.000007794777245,0.003978191547959753
43.9,9.996046551271363,10.000007794777245,0.00396124350588245
44.0,9.996063391240787,10.000007794777245,0.003944403536458196
44.1,9.996080124054457,10.000007794777245,0.003927670722788434
44.2,9.996096750619568,10.000007794777245,0.003911044157677068
44.3,9.996113271833735,10.000007794777245,0.0038945229435096707
44.4,9.996129688585116,10.000007794777245,0.003878106192129138
44.5,9.996146001752528,10.000007794777245,0.0038617930247166754
44.6,9.996162212205567,10.000007794777245,0.003845582571678108
44.7,9.99617832080472,10.000007794777245,0.003829473972524866
44.8,9.996194328401485,10.000007794777245,0.0038134663757602993
44.9,9.996210235838477,10.000007794777245,0.0037975589387677644
45.0,9.996226043949546,10.000007794777245,0.0037817508276987155
45.1,9.996241753559884,10.000007794777245,0.0037660412173607938
45.2,9.996257365486125,10.000007794777245,0.0037504292911201276
45.3,9.996272880536464,10.000007794777245,0.0037349142407805402
45.4,9.996288299510752,10.000007794777245,0.003719495266492956
45.5,9.996303623200603,10.000007794777245,0.0037041715766417127
45.6,9.996318852389496,10.000007794777245,0.0036889423877486394
45.7,9.996333987852871,10.000007794777245,0.0036738069243735794
45.8,9.996349030358234,10.000007794777245,0.003658764419011362
45.9,9.996363980665246,10.000007794777245,0.0036438141119994327
46.0,9.99637883952583,10.000007794777245,0.0036289552514148227
46.1,9.996393607684254,10.000007794777245,0.0036141870929906617
46.2,9.996408285877234,10.000007794777245,0.0035995089000113722
46.3,9.996422874834018,10.000007794777245,0.003584919943227405
46.4,9.996437375276482,10.000007794777245,0.003570419500762867
46.5,9.996451787919217,10.000007794777245,0.003556006858028482
46.6,9.996466113469618,10.000007794777245,0.0035416813076274423
46.7,9.996480352627968,10.000007794777245,0.003527442149277249
46.8,9.996494506087528,10.000007794777245,0.003513288689717342
46.9,9.996508574534616,10.000007794777245,0.003499220242629164
47.0,9.9965225586487,10.000007794777245,0.0034852361285455657
47.1,9.996536459102463,10.000007794777245,0.0034713356747815283
47.2,9.996550276561905,10.000007794777245,0.0034575182153400164
47.3,9.996564011686406,10.000007794777245,0.0034437830908391476
47.4,9.99657766512881,10.000007794777245,0.003430129648435809
47.5,9.996591237535505,10.000007794777245,0.003416557241740392
47.6,9.9966047295465,10.000007794777245,0.0034030652307457387
47.7,9.996618141795494,10.000007794777245,0.003389652981750757
47.8,9.99663147490996,10.000007794777245,0.0033763198672858152
47.9,9.996644729511205,10.000007794777245,0.0033630652660399107
48.0,9.996657906214459,10.000007794777245,0.003349888562786063
48.1,9.996671005628931,10.000007794777245,0.0033367891483138123
48.2,9.996684028357889,10.000007794777245,0.0033237664193563887
48.3,9.996696974998729,10.000007794777245,0.0033108197785161053
48.4,9.996709846143036,10.000007794777245,0.003297948634209291
48.5,9.99672264237666,10.000007794777245,0.003285152400584579
48.6,9.996735364279779,10.000007794777245,0.003272430497466061
48.7,9.996748012426965,10.000007794777245,0.00325978235028046
48.8,9.996760587387248,10.000007794777245,0.0032472073899967313
48.9,9.996773089724183,10.000007794777245,0.0032347050530621146
49.0,9.99678551999591,10.000007794777245,0.003222274781334633
49.1,9.996797878755217,10.000007794777245,0.0032099160220280254
49.2,9.996810166549603,10.000007794777245,0.0031976282276424683
49.3,9.996822383921335,10.000007794777245,0.0031854108559095096
49.4,9.996834531407515,10.000007794777245,0.003173263369729895
49.5,9.99684660954013,10.000007794777245,0.0031611852371149496
49.6,9.996858618846117,10.000007794777245,0.0031491759311279566
49.7,9.996870559847418,10.000007794777245,0.003137234929827315
49.8,9.996882433061032,10.000007794777245,0.0031253617162132485
49.9,9.996894238999083,10.000007794777245,0.0031135557781620804
50.0,9.996905978168865,10.000007794777245,0.003101816608380048
50.1,9.9969176510729,10.000007794777245,0.0030901437043446833
50.2,9.996929258208988,10.000007794777245,0.003078536568256851
50.3,9.996940800070268,10.000007794777245,0.0030669947069768
50.4,9.996952277145263,10.000007794777245,0.0030555176319815303
50.5,9.996963689917935,10.000007794777245,0.0030441048593097264
50.6,9.996975038867735,10.000007794777245,0.003032755909510243
50.7,9.996986324469654,10.000007794777245,0.00302147030759059
50.8,9.996997547194274,10.000007794777245,0.0030102475829707487
50.9,9.997008707507813,10.000007794777245,0.002999087269431655
51.0,9.997019805872176,10.000007794777245,0.0029879889050690167
51.1,9.997030842745005,10.000007794777245,0.002976952032240021
51.2,9.997041818579723,10.000007794777245,0.0029659761975224797
51.3,9.99705273382558,10.000007794777245,0.0029550609516650894
51.4,9.997063588927702,10.000007794777245,0.0029442058495430246
51.5,9.997074384327135,10.000007794777245,0.0029334104501099745
51.6,9.997085120460888,10.000007794777245,0.0029226743163572877
51.7,9.997095797761979,10.000007794777245,0.00291199701526601
51.8,9.99710641665948,10.000007794777245,0.002901378117764253
51.9,9.99711697757856,10.000007794777245,0.0028908171986845588
52.0,9.997127480940522,10.000007794777245,0.0028803138367230474
52.1,9.99713792716285,10.000007794777245,0.0028698676143950053
52.2,9.997148316659253,10.000007794777245,0.0028594781179922535
52.3,9.9971586498397,10.000007794777245,0.0028491449375458444
52.4,9.997168927110463,10.000007794777245,0.0028388676667816526
52.5,9.997179148874158,10.000007794777245,0.002828645903086624
52.6,9.997189315529784,10.000007794777245,0.0028184792474608145
52.7,9.997199427472758,10.000007794777245,0.0028083673044871915
52.8,9.99720948509496,10.000007794777245,0.002798309682285449
52.9,9.997219488784767,10.000007794777245,0.002788305992478257
53.0,9.997229438927091,10.000007794777245,0.0027783558501539574
53.1,9.997239335903416,10.000007794777245,0.0027684588738292604
53.2,9.997249180091837,10.000007794777245,0.0027586146854083893
53.3,9.99725897186709,10.000007794777245,0.002748822910154658
53.4,9.997268711600595,10.000007794777245,0.002739083176649615
53.5,9.99727839966049,10.000007794777245,0.0027293951167557395
53.6,9.997288036411653,10.000007794777245,0.0027197583655915736
53.7,9.99729762221576,10.000007794777245,0.0027101725614855354
53.8,9.997307157431297,10.000007794777245,0.0027006373459474986
53.9,9.997316642413608,10.000007794777245,0.0026911523636368173
54.0,9.99732607751492,10.000007794777245,0.002681717262325023
54.1,9.997335463084378,10.000007794777245,0.0026723316928674024
54.2,9.997344799468078,10.000007794777245,0.0026629953091674707
54.3,9.997354087009096,10.000007794777245,0.00265370776814855
54.4,9.997363326047529,10.000007794777245,0.002644468729716465
54.5,9.997372516920512,10.000007794777245,0.0026352778567328983
54.6,9.997381659962258,10.000007794777245,0.002626134814986969
54.7,9.997390755504087,10.000007794777245,0.0026170392731579284
54.8,9.997399803874455,10.000007794777245,0.0026079909027902914
54.9,9.997408805398981,10.000007794777245,0.0025989893782636386
55.0,9.997417760400486,10.000007794777245,0.002590034376758865
55.1,9.997426669199008,10.000007794777245,0.0025811255782368647
55.2,9.997435532111842,10.000007794777245,0.0025722626654030023
55.3,9.997444349453561,10.000007794777245,0.0025634453236840216
55.4,9.99745312153605,10.000007794777245,0.002554673241194294
55.5,9.99746184866853,10.000007794777245,0.002545946108714503
55.6,9.997470531157584,10.000007794777245,0.002537263619661445
55.7,9.997479169307185,10.000007794777245,0.002528625470059609
55.8,9.997487763418725,10.000007794777245,0.0025200313585198586
55.9,9.997496313791041,10.000007794777245,0.0025114809862039067
56.0,9.997504820720437,10.000007794777245,0.002502974056808327
56.1,9.99751328450071,10.000007794777245,0.0024945102765343563
56.2,9.997521705423186,10.000007794777245,0.002486089354059473
56.3,9.997530083776725,10.000007794777245,0.0024777110005196334
56.4,9.997538419847768,10.000007794777245,0.002469374929477297
56.5,9.997546713920341,10.000007794777245,0.0024610808569036635
56.6,9.9975549662761,10.000007794777245,0.0024528285011449213
56.7,9.997563177194335,10.000007794777245,0.002444617582909814
56.8,9.997571346952006,10.000007794777245,0.0024364478252394406
56.9,9.997579475823763,10.000007794777245,0.002428318953482389
57.0,9.997587564081968,10.000007794777245,0.0024202306952769703
57.1,9.997595611996722,10.000007794777245,0.002412182780522798
57.2,9.997603619835882,10.000007794777245,0.0024041749413630242
57.3,9.997611587865084,10.000007794777245,0.0023962069121612473
57.4,9.997619516347768,10.000007794777245,0.0023882784294766424
57.5,9.997627405545202,10.000007794777245,0.0023803892320426456
57.6,9.997635255716496,10.000007794777245,0.0023725390607491903
57.7,9.997643067118627,10.000007794777245,0.002364727658617838
57.8,9.997650840006463,10.000007794777245,0.002356954770782238
57.9,9.997658574632776,10.000007794777245,0.002349220144468589
58.0,9.997666271248278,10.000007794777245,0.0023415235289672154
58.1,9.99767393010162,10.000007794777245,0.0023338646756254633
58.2,9.997681551439426,10.000007794777245,0.002326243337819278
58.3,9.997689135506313,10.000007794777245,0.0023186592709318887
58.4,9.997696682544907,10.000007794777245,0.0023111122323378197
58.5,9.997704192795862,10.000007794777245,0.002303601981383352
58.6,9.997711666497876,10.000007794777245,0.0022961282793687587
58.7,9.997719103887722,10.000007794777245,0.002288690889523437
58.8,9.997726505200253,10.000007794777245,0.0022812895769916963
58.9,9.99773387066843,10.000007794777245,0.0022739241088149953
59.0,9.997741200523333,10.000007794777245,0.0022665942539124018
59.1,9.997748494994186,10.000007794777245,0.0022592997830592765
59.2,9.997755754308368,10.000007794777245,0.002252040468876615
59.3,9.99776297869144,10.000007794777245,0.002244816085804402
59.4,9.997770168367152,10.000007794777245,0.00223762641009273
59.5,9.99777732355747,10.000007794777245,0.002230471219775154
59.6,9.997784444482583,10.000007794777245,0.0022233502946615857
59.7,9.99779153136093,10.000007794777245,0.0022162634163152006
59.8,9.997798584409209,10.000007794777245,0.0022092103680364517
59.9,9.997805603842396,10.000007794777245,0.0022021909348488578
60.0,9.997812589873767,10.000007794777245,0.0021952049034776877
60.1,9.997819542714907,10.000007794777245,0.0021882520623375257
60.2,9.997826462575727,10.000007794777245,0.0021813322015180603
60.3,9.997833349664479,10.000007794777245,0.002174445112766321
60.4,9.997840204187778,10.000007794777245,0.002167590589467139
60.5,9.997847026350614,10.000007794777245,0.0021607684266307103
60.6,9.997853816356365,10.000007794777245,0.002153978420880165
60.7,9.99786057440681,10.000007794777245,0.0021472203704355763
60.8,9.997867300702154,10.000007794777245,0.0021404940750908708
60.9,9.997873995441033,10.000007794777245,0.00213379933621205
61.0,9.997880658820531,10.000007794777245,0.002127135956714099
61.1,9.9978872910362,10.000007794777245,0.002120503741044999
61.2,9.997893892282068,10.000007794777245,0.002113902495176845
61.3,9.997900462750655,10.000007794777245,0.0021073320265898587
61.4,9.997907002632987,10.000007794777245,0.002100792144258179
61.5,9.997913512118611,10.000007794777245,0.0020942826586338725
61.6,9.997919991395609,10.000007794777245,0.0020878033816362773
61.7,9.997926440650609,10.000007794777245,0.0020813541266360147
61.8,9.997932860068799,10.000007794777245,0.002074934708446108
61.9,9.997939249833944,10.000007794777245,0.0020685449433006653
62.0,9.997945610128395,10.000007794777245,0.002062184648849552
62.1,9.997951941133104,10.000007794777245,0.002055853644140626
62.2,9.997958243027636,10.000007794777245,0.00204955174960908
62.3,9.99796451599018,10.000007794777245,0.002043278787065006
62.4,9.99797076019757,10.000007794777245,0.002037034579675634
62.5,9.997976975825283,10.000007794777245,0.002030818951961777
62.6,9.997983163047463,10.000007794777245,0.002024631729781845
62.7,9.997989322036933,10.000007794777245,0.002018472740312305
62.8,9.997995452965199,10.000007794777245,0.0020123418120459036
62.9,9.998001556002468,10.000007794777245,0.002006238774777458
63.0,9.998007631317657,10.000007794777245,0.002000163459587867
63.1,9.998013679078412,10.000007794777245,0.001994115698833454
63.2,9.998019699451106,10.000007794777245,0.001988095326138861
63.3,9.998025692600862,10.000007794777245,0.0019821021763828384
63.4,9.998031658691561,10.000007794777245,0.0019761360856840327
63.5,9.998037597885853,10.000007794777245,0.0019701968913921064
63.6,9.998043510345163,10.000007794777245,0.001964284432082408
63.7,9.998049396229714,10.000007794777245,0.001958398547531104
63.8,9.998055255698524,10.000007794777245,0.0019525390787205055
63.9,9.99806108890943,10.000007794777245,0.0019467058678142024
64.0,9.998066896019086,10.000007794777245,0.0019408987581588377
64.1,9.99807267718298,10.000007794777245,0.0019351175942645682
64.2,9.998078432555447,10.000007794777245,0.001929362221797959
64.3,9.998084162289675,10.000007794777245,0.0019236324875695487
64.4,9.998089866537718,10.000007794777245,0.001917928239526745
64.5,9.998095545450498,10.000007794777245,0.0019122493267467178
64.6,9.998101199177832,10.000007794777245,0.0019065955994133077
64.7,9.998106827868419,10.000007794777245,0.0019009669088259074
64.8,9.998112431669872,10.000007794777245,0.001895363107372816
64.9,9.998118010728714,10.000007794777245,0.00188978404853124
65.0,9.998123565190392,10.000007794777245,0.0018842295868530812
65.1,9.998129095199284,10.000007794777245,0.0018786995779613846
65.2,9.998134600898714,10.000007794777245,0.0018731938785307989
65.3,9.998140082430954,10.000007794777245,0.0018677123462911283
65.4,9.998145539937235,10.000007794777245,0.0018622548400095695
65.5,9.998150973557765,10.000007794777245,0.0018568212194800537
65.6,9.998156383431724,10.000007794777245,0.0018514113455214698
65.7,9.998161769697283,10.000007794777245,0.0018460250799616773
65.8,9.99816713249161,10.000007794777245,0.0018406622856357302
65.9,9.998172471950872,10.000007794777245,0.0018353228263734422
66.0,9.99817778821026,10.000007794777245,0.0018300065669851762
66.1,9.99818308140398,10.000007794777245,0.0018247133732653964
66.2,9.998188351665272,10.000007794777245,0.0018194431119731291
66.3,9.998193599126413,10.000007794777245,0.0018141956508319623
66.4,9.998198823918731,10.000007794777245,0.0018089708585140585
66.5,9.998204026172608,10.000007794777245,0.001803768604636602
66.6,9.99820920601749,10.000007794777245,0.0017985887597546935
66.7,9.998214363581896,10.000007794777245,0.0017934311953489157
66.8,9.998219498993421,10.000007794777245,0.001788295783823557
66.9,9.998224612378753,10.000007794777245,0.0017831823984924
67.0,9.998229703863673,10.000007794777245,0.0017780909135716172
67.1,9.998234773573067,10.000007794777245,0.0017730212041779936
67.2,9.99823982163093,10.000007794777245,0.0017679731463147164
67.3,9.998244848160377,10.000007794777245,0.001762946616867822
67.4,9.99824985328365,10.000007794777245,0.0017579414935955384
67.5,9.99825483712212,10.000007794777245,0.0017529576551247317
67.6,9.998259799796308,10.000007794777245,0.0017479949809366957
67.7,9.998264741425874,10.000007794777245,0.0017430533513707047
67.8,9.99826966212964,10.000007794777245,0.0017381326476044734
67.9,9.998274562025586,10.000007794777245,0.0017332327516594859
68.0,9.998279441230864,10.000007794777245,0.0017283535463814559
68.1,9.998284299861801,10.000007794777245,0.0017234949154438794
68.2,9.998289138033911,10.000007794777245,0.001718656743333824
68.3,9.998293955861897,10.000007794777245,0.0017138389153483757
68.4,9.998298753459656,10.000007794777245,0.0017090413175893104
68.5,9.998303530940293,10.000007794777245,0.0017042638369524354
68.6,9.998308288416123,10.000007794777245,0.0016995063611222605
68.7,9.998313025998677,10.000007794777245,0.001694768778568445
68.8,9.998317743798708,10.000007794777245,0.0016900509785369167
68.9,9.998322441926206,10.000007794777245,0.0016853528510392124
69.0,9.99832712049039,10.000007794777245,0.0016806742868542557
69.1,9.99833177959973,10.000007794777245,0.0016760151775141452
69.2,9.998336419361937,10.000007794777245,0.0016713754153077076
69.3,9.998341039883982,10.000007794777245,0.001666754893262734
69.4,9.998345641272097,10.000007794777245,0.0016621535051477565
69.5,9.998350223631784,10.000007794777245,0.0016575711454613895
69.6,9.998354787067813,10.000007794777245,0.0016530077094323303
69.7,9.99835933168424,10.000007794777245,0.001648463093005148
69.8,9.998363857584405,10.000007794777245,0.0016439371928402835
69.9,9.998368364870938,10.000007794777245,0.001639429906306944
70.0,9.998372853645767,10.000007794777245,0.001634941131477774
70.1,9.998377324010127,10.000007794777245,0.0016304707671181973
70.2,9.998381776064555,10.000007794777245,0.0016260187126899694
70.3,9.99838620990891,10.000007794777245,0.0016215848683351908
70.4,9.998390625642365,10.000007794777245,0.001617169134879859
70.5,9.998395023363424,10.000007794777245,0.0016127714138214344
70.6,9.998399403169918,10.000007794777245,0.0016083916073270643
70.7,9.998403765159015,10.000007794777245,0.0016040296182300295
70.8,9.998408109427231,10.000007794777245,0.0015996853500137576
70.9,9.99841243607042,10.000007794777245,0.001595358706824257
71.0,9.998416745183798,10.000007794777245,0.0015910495934470248
71.1,9.99842103686193,10.000007794777245,0.001586757915314152
71.2,9.998425311198753,10.000007794777245,0.001582483578491889
71.3,9.998429568287564,10.000007794777245,0.0015782264896806453
71.4,9.99843380822104,10.000007794777245,0.001573986556204332
71.5,9.998438031091233,10.000007794777245,0.0015697636860121378
71.6,9.998442236989579,10.000007794777245,0.0015655577876660942
71.7,9.998446426006902,10.000007794777245,0.0015613687703428525
71.8,9.99845059823342,10.000007794777245,0.0015571965438248014
71.9,9.99845475375875,10.000007794777245,0.0015530410184947385
72.0,9.998458892671911,10.000007794777245,0.0015489021053340934
72.1,9.998463015061327,10.000007794777245,0.001544779715917599
72.2,9.998467121014839,10.000007794777245,0.0015406737624061861
72.3,9.998471210619703,10.000007794777245,0.001536584157541654
72.4,9.998475283962597,10.000007794777245,0.0015325108146484467
72.5,9.998479341129622,10.000007794777245,0.001528453647622996
72.6,9.998483382206318,10.000007794777245,0.0015244125709266143
72.7,9.99848740727765,10.000007794777245,0.0015203874995943778
72.8,9.998491416428033,10.000007794777245,0.001516378349212033
72.9,9.998495409741318,10.000007794777245,0.0015123850359266555
73.0,9.998499387300809,10.000007794777245,0.0015084074764359912
73.1,9.998503349189264,10.000007794777245,0.0015044455879813512
73.2,9.998507295488894,10.000007794777245,0.0015004992883511648
73.3,9.998511226281375,10.000007794777245,0.0014965684958703207
73.4,9.998515141647848,10.000007794777245,0.001492653129396615
73.5,9.998519041668924,10.000007794777245,0.0014887531083207506
73.6,9.998522926424688,10.000007794777245,0.0014848683525574558
73.7,9.998526795994701,10.000007794777245,0.0014809987825437076
73.8,9.998530650458012,10.000007794777245,0.0014771443192334033
73.9,9.99853448989315,10.000007794777245,0.0014733048840955831
74.0,9.998538314378138,10.000007794777245,0.0014694803991073258
74.1,9.998542123990493,10.000007794777245,0.0014656707867519714
74.2,9.99854591880723,10.000007794777245,0.0014618759700155692
74.3,9.998549698904865,10.000007794777245,0.0014580958723797721
74.4,9.998553464359423,10.000007794777245,0.0014543304178218364
74.5,9.998557215246434,10.000007794777245,0.0014505795308110692
74.6,9.998560951640947,10.000007794777245,0.0014468431362981704
74.7,9.998564673617524,10.000007794777245,0.0014431211597205618
74.8,9.99856838125025,10.000007794777245,0.0014394135269952812
74.9,9.998572074612733,10.000007794777245,0.0014357201645118778
75.0,9.998575753778113,10.000007794777245,0.0014320409991324112
75.1,9.99857941881906,10.000007794777245,0.001428375958184347
75.2,9.99858306980778,10.000007794777245,0.0014247249694641084
75.3,9.998586706816017,10.000007794777245,0.0014210879612281957
75.4,9.998590329915059,10.000007794777245,0.0014174648621860797
75.5,9.99859393917574,10.000007794777245,0.0014138556015055315
75.6,9.998597534668441,10.000007794777245,0.0014102601088037403
75.7,9.998601116463103,10.000007794777245,0.0014066783141419847
75.8,9.998604684629216,10.000007794777245,0.0014031101480291852
75.9,9.998608239235832,10.000007794777245,0.0013995555414130223
76.0,9.998611780351569,10.000007794777245,0.001396014425676384
76.1,9.99861530804461,10.000007794777245,0.0013924867326355894
76.2,9.998618822382706,10.000007794777245,0.0013889723945386123
76.3,9.998622323433183,10.000007794777245,0.0013854713440615285
76.4,9.998625811262945,10.000007794777245,0.001381983514299634
76.5,9.99862928593847,10.000007794777245,0.0013785088387745503
76.6,9.998632747525821,10.000007794777245,0.0013750472514235668
76.7,9.998636196090652,10.000007794777245,0.0013715986865925345
76.8,9.998639631698198,10.000007794777245,0.001368163079046525
76.9,9.998643054413293,10.000007794777245,0.001364740363952066
77.0,9.998646464300359,10.000007794777245,0.0013613304768860246
77.1,9.99864986142342,10.000007794777245,0.0013579333538249472
77.2,9.998653245846103,10.000007794777245,0.0013545489311415082
77.3,9.998656617631637,10.000007794777245,0.0013511771456080623
77.4,9.998659976842855,10.000007794777245,0.0013478179343895391
77.5,9.998663323542205,10.000007794777245,0.0013444712350398902
77.6,9.998666657791745,10.000007794777245,0.001341136985500313
77.7,9.99866997965315,10.000007794777245,0.0013378151240956981
77.8,9.99867328918771,10.000007794777245,0.0013345055895346292
77.9,9.998676586456343,10.000007794777245,0.0013312083209022774
78.0,9.998679871519586,10.000007794777245,0.0013279232576586253
78.1,9.998683144437605,10.000007794777245,0.0013246503396402431
78.2,9.998686405270194,10.000007794777245,0.001321389507051407
78.3,9.998689654076781,10.000007794777245,0.0013181407004640988
78.4,9.998692890916429,10.000007794777245,0.00131490386081623
78.5,9.998696115847839,10.000007794777245,0.0013116789294063125
78.6,9.998699328929352,10.000007794777245,0.0013084658478934585
78.7,9.998702530218951,10.000007794777245,0.0013052645582938283
78.8,9.99870571977427,10.000007794777245,0.0013020750029753003
78.9,9.998708897652584,10.000007794777245,0.0012988971246610248
79.0,9.998712063910823,10.000007794777245,0.0012957308664223177
79.1,9.99871521860557,10.000007794777245,0.0012925761716751083
79.2,9.998718361793065,10.000007794777245,0.001289432984179939
79.3,9.998721493529205,10.000007794777245,0.0012863012480401892
79.4,9.998724613869548,10.000007794777245,0.001283180907696746
79.5,9.998727722869315,10.000007794777245,0.0012800719079297807
79.6,9.998730820583397,10.000007794777245,0.0012769741938480905
79.7,9.998733907066347,10.000007794777245,0.0012738877108979807
79.8,9.998736982372394,10.000007794777245,0.0012708124048508296
79.9,9.998740046555435,10.000007794777245,0.0012677482218101943
80.0,9.99874309966905,10.000007794777245,0.0012646951081958235
80.1,9.998746141766489,10.000007794777245,0.001261653010756092
80.2,9.998749172900686,10.000007794777245,0.0012586218765591184
80.3,9.998752193124256,10.000007794777245,0.0012556016529892133
80.4,9.998755202489502,10.000007794777245,0.001252592287743326
80.5,9.99875820104841,10.000007794777245,0.001249593728834597
80.6,9.998761188852658,10.000007794777245,0.0012466059245870298
80.7,9.998764165953615,10.000007794777245,0.0012436288236301607
80.8,9.99876713240234,10.000007794777245,0.0012406623749043888
80.9,9.998770088249595,10.000007794777245,0.0012377065276503174
81.0,9.998773033545831,10.000007794777245,0.0012347612314140832
81.1,9.998775968341208,10.000007794777245,0.0012318264360366982
81.2,9.998778892685582,10.000007794777245,0.0012289020916629312
81.3,9.998781806628518,10.000007794777245,0.0012259881487270974
81.4,9.998784710219285,10.000007794777245,0.0012230845579601635
81.5,9.998787603506859,10.000007794777245,0.001220191270386195
81.6,9.99879048653993,10.000007794777245,0.001217308237315251
81.7,9.9987933593669,10.000007794777245,0.0012144354103451604
81.8,9.998796222035885,10.000007794777245,0.0012115727413597455
81.9,9.99879907459472,10.000007794777245,0.0012087201825252691
82.0,9.998801917090951,10.000007794777245,0.001205877686293988
82.1,9.998804749571857,10.000007794777245,0.0012030452053881646
82.2,9.99880757208443,10.000007794777245,0.001200222692814279
82.3,9.99881038467539,10.000007794777245,0.001197410101854146
82.4,9.998813187391185,10.000007794777245,0.0011946073860595874
82.5,9.998815980277989,10.000007794777245,0.0011918144992559832
82.6,9.998818763381708,10.000007794777245,0.0011890313955369436
82.7,9.998821536747979,10.000007794777245,0.0011862580292660851
82.8,9.998824300422175,10.000007794777245,0.001183494355069925
82.9,9.998827054449404,10.000007794777245,0.0011807403278414341
83.0,9.99882979887451,10.000007794777245,0.0011779959027347076
83.1,9.998832533742082,10.000007794777245,0.0011752610351631887
83.2,9.998835259096444,10.000007794777245,0.0011725356808014453
83.3,9.998837974981669,10.000007794777245,0.001169819795576288
83.4,9.998840681441571,10.000007794777245,0.001167113335673875
83.5,9.998843378519714,10.000007794777245,0.0011644162575308314
83.6,9.998846066259407,10.000007794777245,0.0011617285178378012
83.7,9.998848744703713,10.000007794777245,0.0011590500735323417
83.8,9.998851413895444,10.000007794777245,0.0011563808818007004
83.9,9.998854073877169,10.000007794777245,0.0011537209000760384
84.0,9.99885672469121,10.000007794777245,0.0011510700860348777
84.1,9.998859366379648,10.000007794777245,0.001148428397597101
84.2,9.998861998984319,10.000007794777245,0.0011457957929259521
84.3,9.998864622546824,10.000007794777245,0.0011431722304209302
84.4,9.998867237108525,10.000007794777245,0.0011405576687195662
84.5,9.998869842710548,10.000007794777245,0.001137952066697423
84.6,9.998872439393782,10.000007794777245,0.001135355383462766
84.7,9.998875027198885,10.000007794777245,0.0011327675783601165
84.8,9.998877606166285,10.000007794777245,0.0011301886109595927
84.9,9.998880176336176,10.000007794777245,0.0011276184410693446
85.0,9.998882737748527,10.000007794777245,0.0011250570287177908
85.1,9.998885290443079,10.000007794777245,0.0011225043341660523
85.2,9.998887834459348,10.000007794777245,0.001119960317897295
85.3,9.998890369836628,10.000007794777245,0.0011174249406167291
85.4,9.998892896613988,10.000007794777245,0.0011148981632569388
85.5,9.998895414830278,10.000007794777245,0.0011123799469672235
85.6,9.998897924524128,10.000007794777245,0.0011098702531171512
85.7,9.998900425733952,10.000007794777245,0.001107369043293005
85.8,9.998902918497947,10.000007794777245,0.001104876279297784
85.9,9.998905402854096,10.000007794777245,0.0011023919231494261
86.0,9.998907878840164,10.000007794777245,0.0010999159370808087
86.1,9.998910346493712,10.000007794777245,0.0010974482835326427
86.2,9.998912805852086,10.000007794777245,0.0010949889251588019
86.3,9.998915256952424,10.000007794777245,0.0010925378248209938
86.4,9.998917699831654,10.000007794777245,0.0010900949455905362
86.5,9.9989201345265,10.000007794777245,0.001087660250744804
86.6,9.998922561073483,10.000007794777245,0.0010852337037619009
86.7,9.998924979508917,10.000007794777245,0.0010828152683277636
86.8,9.998927389868914,10.000007794777245,0.0010804049083308342
86.9,9.99892979218939,10.000007794777245,0.0010780025878549537
87.0,9.998932186506055,10.000007794777245,0.0010756082711900206
87.1,9.998934572854425,10.000007794777245,0.001073221922819556
87.2,9.99893695126982,10.000007794777245,0.0010708435074242573
87.3,9.998939321787363,10.000007794777245,0.0010684729898819967
87.4,9.99894168444198,10.000007794777245,0.0010661103352642698
87.5,9.99894403926841,10.000007794777245,0.0010637555088344186
87.6,9.998946386301196,10.000007794777245,0.001061408476049408
87.7,9.99894872557469,10.000007794777245,0.0010590692025544968
87.8,9.99895105712306,10.000007794777245,0.0010567376541850138
87.9,9.99895338098028,10.000007794777245,0.0010544137969645817
88.0,9.998955697180143,10.000007794777245,0.0010520975971015645
88.1,9.998958005756256,10.000007794777245,0.001049789020989067
88.2,9.998960306742035,10.000007794777245,0.0010474880352102645
88.3,9.99896260017072,10.000007794777245,0.0010451946065241913
88.4,9.998964886075369,10.000007794777245,0.0010429087018763994
88.5,9.998967164488855,10.000007794777245,0.0010406302883900764
88.6,9.998969435443875,10.000007794777245,0.0010383593333695984
88.7,9.998971698972948,10.000007794777245,0.001036095804296977
88.8,9.998973955108415,10.000007794777245,0.0010338396688300833
88.9,9.99897620388244,10.000007794777245,0.001031590894804424
89.0,9.998978445327015,10.000007794777245,0.0010293494502295886
89.1,9.998980679473958,10.000007794777245,0.0010271153032874736
89.2,9.998982906354911,10.000007794777245,0.0010248884223340582
89.3,9.99898512600135,10.000007794777245,0.001022668775895852
89.4,9.998987338444572,10.000007794777245,0.0010204563326734473
89.5,9.998989543715716,10.000007794777245,0.0010182510615290852
89.6,9.998991741845748,10.000007794777245,0.0010160529314973132
89.7,9.998993932865464,10.000007794777245,0.001013861911781433
89.8,9.998996116805499,10.000007794777245,0.0010116779717463942
89.9,9.99899829369632,10.000007794777245,0.0010095010809241245
90.0,9.999000463568235,10.000007794777245,0.0010073312090099762
90.1,9.999002626451382,10.000007794777245,0.0010051683258627264
90.2,9.99900478237574,10.000007794777245,0.0010030124015045772
90.3,9.999006931371133,10.000007794777245,0.0010008634061122734
90.4,9.999009073467219,10.000007794777245,0.000998721310025985
90.5,9.999011208693497,10.000007794777245,0.0009965860837475304
90.6,9.999013337079315,10.000007794777245,0.0009944576979297182
90.7,9.999015458653858,10.000007794777245,0.0009923361233870054
90.8,9.999017573446158,10.000007794777245,0.000990221331086616
90.9,9.999019681485093,10.000007794777245,0.000988113292152093
91.0,9.999021782799389,10.000007794777245,0.0009860119778561938
91.1,9.999023877417613,10.000007794777245,0.0009839173596315476
91.2,9.999025965368189,10.000007794777245,0.000981829409056445
91.3,9.999028046679383,10.000007794777245,0.0009797480978619433
91.4,9.999030121379317,10.000007794777245,0.0009776733979283136
91.5,9.999032189495958,10.000007794777245,0.0009756052812868177
91.6,9.999034251057132,10.000007794777245,0.0009735437201126018
91.7,9.999036306090515,10.000007794777245,0.0009714886867300265
91.8,9.999038354623638,10.000007794777245,0.0009694401536073372
91.9,9.999040396683885,10.000007794777245,0.0009673980933602166
92.0,9.999042432298497,10.000007794777245,0.0009653624787482329
92.1,9.999044461494574,10.000007794777245,0.0009633332826712859
92.2,9.99904648429907,10.000007794777245,0.0009613104781749371
92.3,9.999048500738802,10.000007794777245,0.0009592940384433035
92.4,9.99905051084044,10.000007794777245,0.0009572839368043873
92.5,9.999052514630522,10.000007794777245,0.0009552801467229699
92.6,9.99905451213544,10.000007794777245,0.0009532826418041651
92.7,9.999056503381455,10.000007794777245,0.0009512913957898661
92.8,9.999058488394688,10.000007794777245,0.0009493063825569692
92.9,9.999060467201122,10.000007794777245,0.0009473275761227029
93.0,9.999062439826607,10.000007794777245,0.0009453549506375225
93.1,9.999064406296858,10.000007794777245,0.0009433884803868864
93.2,9.999066366637457,10.000007794777245,0.0009414281397877033
93.3,9.999068320873855,10.000007794777245,0.0009394739033901089
93.4,9.999070269031364,10.000007794777245,0.0009375257458810182
93.5,9.999072211135173,10.000007794777245,0.0009355836420716912
93.6,9.999074147210337,10.000007794777245,0.000933647566908391
93.7,9.99907607728178,10.000007794777245,0.0009317174954652785
93.8,9.9990780013743,10.000007794777245,0.0009297934029444122
93.9,9.999079919512567,10.000007794777245,0.0009278752646775246
94.0,9.999081831721124,10.000007794777245,0.0009259630561206933
94.1,9.999083738024387,10.000007794777245,0.0009240567528578936
94.2,9.999085638446644,10.000007794777245,0.0009221563306009983
94.3,9.999087533012062,10.000007794777245,0.0009202617651826728
94.4,9.999089421744682,10.000007794777245,0.0009183730325634798
94.5,9.999091304668422,10.000007794777245,0.0009164901088229982
94.6,9.99909318180708,10.000007794777245,0.0009146129701651518
94.7,9.999095053184329,10.000007794777245,0.0009127415929164329
94.8,9.99909691882372,10.000007794777245,0.0009108759535241262
94.9,9.99909877874869,10.000007794777245,0.0009090160285545323
95.0,9.99910063298255,10.000007794777245,0.0009071617946947441
95.1,9.999102481548494,10.000007794777245,0.0009053132287508703
95.2,9.9991043244696,10.000007794777245,0.0009034703076444828
95.3,9.999106161768827,10.000007794777245,0.0009016330084179458
95.4,9.999107993469018,10.000007794777245,0.0008998013082273104
95.5,9.999109819592901,10.000007794777245,0.0008979751843440908
95.6,9.999111640163084,10.000007794777245,0.0008961546141605936
95.7,9.999113455202068,10.000007794777245,0.000894339575177483
95.8,9.999115264732232,10.000007794777245,0.0008925300450126628
95.9,9.99911706877585,10.000007794777245,0.0008907260013941709
96.0,9.99911886735508,10.000007794777245,0.0008889274221655086
96.1,9.999120660491965,10.000007794777245,0.000887134285280311
96.2,9.99912244820844,10.000007794777245,0.000885346568804124
96.3,9.999124230526332,10.000007794777245,0.0008835642509126274
96.4,9.999126007467355,10.000007794777245,0.0008817873098898588
96.5,9.999127779053115,10.000007794777245,0.00088001572412999
96.6,9.999129545305108,10.000007794777245,0.0008782494721373268
96.7,9.999131306244726,10.000007794777245,0.000876488532519204
96.8,9.999133061893248,10.000007794777245,0.0008747328839966428
96.9,9.999134812271853,10.000007794777245,0.0008729825053919171
97.0,9.999136557401611,10.000007794777245,0.000871237375633882
97.1,9.999138297303485,10.000007794777245,0.0008694974737597505
97.2,9.999140031998337,10.000007794777245,0.0008677627789079878
97.3,9.999141761506923,10.000007794777245,0.0008660332703218643
97.4,9.999143485849897,10.000007794777245,0.000864308927347679
97.5,9.999145205047807,10.000007794777245,0.0008625897294383122
97.6,9.999146919121102,10.000007794777245,0.0008608756561425679
97.7,9.999148628090133,10.000007794777245,0.0008591666871122783
97.8,9.999150331975141,10.000007794777245,0.0008574628021040809
97.9,9.999152030796273,10.000007794777245,0.0008557639809723128
98.0,9.999153724573576,10.000007794777245,0.0008540702036690107
98.1,9.999155413326996,10.000007794777245,0.00085238145024924
98.2,9.999157097076383,10.000007794777245,0.000850697700862213
98.3,9.999158775841485,10.000007794777245,0.0008490189357601707
98.4,9.999160449641957,10.000007794777245,0.0008473451352877248
98.5,9.999162118497354,10.000007794777245,0.0008456762798907391
98.6,9.999163782427138,10.000007794777245,0.0008440123501074481
98.7,9.999165441450673,10.000007794777245,0.0008423533265720096
98.8,9.999167095587227,10.000007794777245,0.0008406991900180572
98.9,9.999168744855975,10.000007794777245,0.0008390499212698188
99.0,9.999170389276,10.000007794777245,0.0008374055012456694
99.1,9.999172028866289,10.000007794777245,0.0008357659109563542
99.2,9.999173663645735,10.000007794777245,0.0008341311315103184
99.3,9.999175293633142,10.000007794777245,0.0008325011441030483
99.4,9.99917691884722,10.000007794777245,0.0008308759300241775
99.5,9.99917853930659,10.000007794777245,0.0008292554706557098
99.6,9.999180155029778,10.000007794777245,0.0008276397474666908
99.7,9.999181766035225,10.000007794777245,0.0008260287420203127
99.8,9.99918337234128,10.000007794777245,0.0008244224359650332
99.9,9.999184973966202,10.000007794777245,0.0008228208110434565
100.0,9.999186570928162,10.000007794777245,0.0008212238490834523
100.1,9.999188163245242,10.000007794777245,0.0008196315320034842
100.2,9.99918975093544,10.000007794777245,0.0008180438418055047
100.3,9.999191334016661,10.000007794777245,0.000816460760583837
100.4,9.99919291250673,10.000007794777245,0.0008148822705145164
100.5,9.999194486423383,10.000007794777245,0.0008133083538623964
100.6,9.99919605578427,10.000007794777245,0.000811738992975819
100.7,9.999197620606953,10.000007794777245,0.000810174170291944
100.8,9.999199180908915,10.000007794777245,0.000808613868329644
100.9,9.999200736707554,10.000007794777245,0.0008070580696912799
101.0,9.999202288020182,10.000007794777245,0.0008055067570627017
101.1,9.99920383486403,10.000007794777245,0.0008039599132150244
101.2,9.999205377256242,10.000007794777245,0.0008024175210028517
101.3,9.999206915213886,10.000007794777245,0.0008008795633589472
101.4,9.999208448753944,10.000007794777245,0.0007993460233013394
101.5,9.999209977893319,10.000007794777245,0.0007978168839262167
101.6,9.999211502648832,10.000007794777245,0.0007962921284132563
101.7,9.999213023037223,10.000007794777245,0.0007947717400220711
101.8,9.999214539075153,10.000007794777245,0.0007932557020922104
101.9,9.999216050779207,10.000007794777245,0.0007917439980378305
102.0,9.999217558165885,10.000007794777245,0.0007902366113601289
102.1,9.999219061251612,10.000007794777245,0.000788733525633134
102.2,9.999220560052736,10.000007794777245,0.0007872347245090339
102.3,9.999222054585525,10.000007794777245,0.0007857401917199525
102.4,9.99922354486617,10.000007794777245,0.0007842499110743972
102.5,9.999225030910786,10.000007794777245,0.0007827638664590353
102.6,9.999226512735413,10.000007794777245,0.000781282041831588
102.7,9.999227990356014,10.000007794777245,0.0007798044212314892
102.8,9.999229463788474,10.000007794777245,0.0007783309887710033
102.9,9.999230933048608,10.000007794777245,0.0007768617286370016
103.0,9.999232398152152,10.000007794777245,0.0007753966250927391
103.1,9.99923385911477,10.000007794777245,0.000773935662474301
103.2,9.999235315952054,10.000007794777245,0.0007724788251906034
103.3,9.99923676867952,10.000007794777245,0.0007710260977251693
103.4,9.999238217312612,10.000007794777245,0.0007695774646325759
103.5,9.9992396618667,10.000007794777245,0.0007681329105455603
103.6,9.999241102357084,10.000007794777245,0.0007666924201608083
103.7,9.999242538798994,10.000007794777245,0.000765255978251389
103.8,9.999243971207584,10.000007794777245,0.000763823569661426
103.9,9.999245399597939,10.000007794777245,0.0007623951793060968
104.0,9.999246823985077,10.000007794777245,0.0007609707921680808
104.1,9.99924824438394,10.000007794777245,0.0007595503933046643
104.2,9.999249660809404,10.000007794777245,0.0007581339678406351
104.3,9.999251073276277,10.000007794777245,0.0007567215009682826
104.4,9.999252481799294,10.000007794777245,0.0007553129779509504
104.5,9.999253886393126,10.000007794777245,0.0007539083841194838
104.6,9.999255287072371,10.000007794777245,0.0007525077048740059
104.7,9.999256683851563,10.000007794777245,0.0007511109256821413
104.8,9.999258076745168,10.000007794777245,0.0007497180320772401
104.9,9.999259465767583,10.000007794777245,0.0007483290096619299
105.0,9.999260850933142,10.000007794777245,0.0007469438441027876
105.1,9.999262232256108,10.000007794777245,0.0007455625211374439
105.2,9.999263609750681,10.000007794777245,0.000744185026563926
105.3,9.999264983430997,10.000007794777245,0.0007428113462477626
105.4,9.999266353311123,10.000007794777245,0.0007414414661219837
105.5,9.999267719405065,10.000007794777245,0.0007400753721800157
105.6,9.999269081726762,10.000007794777245,0.0007387130504827866
105.7,9.999270440290088,10.000007794777245,0.0007373544871569493
105.8,9.999271795108855,10.000007794777245,0.0007359996683895531
105.9,9.999273146196813,10.000007794777245,0.0007346485804315961
106.0,9.999274493567647,10.000007794777245,0.0007333012095980251
106.1,9.999275837234979,10.000007794777245,0.0007319575422659597
106.2,9.99927717721237,10.000007794777245,0.0007306175648746915
106.3,9.99927851351332,10.000007794777245,0.0007292812639256852
106.4,9.99927984615126,10.000007794777245,0.0007279486259843537
106.5,9.999281175139572,10.000007794777245,0.0007266196376729539
106.6,9.999282500491567,10.000007794777245,0.0007252942856776912
106.7,9.9992838222205,10.000007794777245,0.0007239725567451671
106.8,9.999285140339563,10.000007794777245,0.0007226544376823796
106.9,9.99928645486189,10.000007794777245,0.000721339915354946
107.0,9.999287765800554,10.000007794777245,0.0007200289766906565
107.1,9.99928907316857,10.000007794777245,0.0007187216086741444
107.2,9.999290376978895,10.000007794777245,0.0007174177983504393
107.3,9.999291677244424,10.000007794777245,0.0007161175328214142
107.4,9.999292973977994,10.000007794777245,0.0007148207992511146
107.5,9.999294267192386,10.000007794777245,0.0007135275848586531
107.6,9.999295556900323,10.000007794777245,0.0007122378769217619
107.7,9.99929684311447,10.000007794777245,0.0007109516627750168
107.8,9.999298125847435,10.000007794777245,0.0007096689298098369
107.9,9.999299405111769,10.000007794777245,0.0007083896654762611
108.0,9.999300680919966,10.000007794777245,0.0007071138572793956
108.1,9.999301953284464,10.000007794777245,0.0007058414927811896
108.2,9.999303222217646,10.000007794777245,0.0007045725595986596
108.3,9.99930448773184,10.000007794777245,0.0007033070454056656
108.4,9.999305749839316,10.000007794777245,0.0007020449379293581
108.5,9.99930700855229,10.000007794777245,0.0007007862249555075
108.6,9.999308263882925,10.000007794777245,0.0006995308943196221
108.7,9.999309515843327,10.000007794777245,0.0006982789339176065
108.8,9.999310764445552,10.000007794777245,0.0006970303316933268
108.9,9.999312009701594,10.000007794777245,0.0006957850756510453
109.0,9.999313251623404,10.000007794777245,0.0006945431538412095
109.1,9.999314490222872,10.000007794777245,0.0006933045543728866
109.2,9.99931572551184,10.000007794777245,0.0006920692654048821
109.3,9.999316957502094,10.000007794777245,0.0006908372751510683
109.4,9.999318186205366,10.000007794777245,0.0006896085718786082
109.5,9.999319411633342,10.000007794777245,0.0006883831439026267
109.6,9.99932063379765,10.000007794777245,0.0006871609795950917
109.7,9.999321852709869,10.000007794777245,0.0006859420673759331
109.8,9.999323068381528,10.000007794777245,0.000684726395716595
109.9,9.999324280824105,10.000007794777245,0.0006835139531400358
110.0,9.999325490049022,10.000007794777245,0.0006823047282225048
110.1,9.999326696067659,10.000007794777245,0.0006810987095864363
110.2,9.999327898891336,10.000007794777245,0.0006798958859093318
110.3,9.99932909853133,10.000007794777245,0.0006786962459148782
110.4,9.999330294998868,10.000007794777245,0.0006774997783765002
110.5,9.999331488305124,10.000007794777245,0.0006763064721209133
110.6,9.999332678461228,10.000007794777245,0.0006751163160174656
110.7,9.999333865478254,10.000007794777245,0.0006739292989905721
110.8,9.999335049367234,10.000007794777245,0.0006727454100108332
110.9,9.99933623013915,10.000007794777245,0.0006715646380950346
111.0,9.99933740780493,10.000007794777245,0.0006703869723150291
111.1,9.999338582375463,10.000007794777245,0.0006692124017817491
111.2,9.999339753861584,10.000007794777245,0.0006680409156611944
111.3,9.999340922274085,10.000007794777245,0.0006668725031602207
111.4,9.999342087623708,10.000007794777245,0.0006657071535371983
111.5,9.999343249921148,10.000007794777245,0.0006645448560966827
111.6,9.999344409177054,10.000007794777245,0.0006633856001911909
111.7,9.99934556540203,10.000007794777245,0.0006622293752158726
111.8,9.999346718606631,10.000007794777245,0.000661076170613839
111.9,9.999347868801369,10.000007794777245,0.0006599259758761633
112.0,9.999349015996708,10.000007794777245,0.0006587787805365508
112.1,9.99935016020307,10.000007794777245,0.0006576345741748924
112.2,9.999351301430828,10.000007794777245,0.000656493346417264
112.3,9.99935243969031,10.000007794777245,0.0006553550869341507
112.4,9.999353574991803,10.000007794777245,0.0006542197854422227
112.5,9.999354707345544,10.000007794777245,0.0006530874317007829
112.6,9.999355836761731,10.000007794777245,0.0006519580155135429
112.7,9.999356963250516,10.000007794777245,0.0006508315267286235
112.8,9.999358086822006,10.000007794777245,0.0006497079552385543
112.9,9.999359207486266,10.000007794777245,0.0006485872909784973
113.0,9.999360325253317,10.000007794777245,0.0006474695239280237
113.1,9.999361440133137,10.000007794777245,0.0006463546441075607
113.2,9.999362552135661,10.000007794777245,0.0006452426415837209
113.3,9.999363661270781,10.000007794777245,0.000644133506463973
113.4,9.999364767548347,10.000007794777245,0.0006430272288984185
113.5,9.999365870978165,10.000007794777245,0.000641923799079791
113.6,9.999366971570003,10.000007794777245,0.0006408232072416808
113.7,9.999368069333585,10.000007794777245,0.0006397254436603106
113.8,9.99936916427859,10.000007794777245,0.0006386304986545355
113.9,9.999370256414663,10.000007794777245,0.0006375383625822906
114.0,9.999371345751399,10.000007794777245,0.0006364490258459199
114.1,9.99937243229836,10.000007794777245,0.0006353624788850709
114.2,9.999373516065061,10.000007794777245,0.0006342787121838
114.3,9.999374597060982,10.000007794777245,0.0006331977162634672
114.4,9.999375675295557,10.000007794777245,0.0006321194816880649
114.5,9.999376750778186,10.000007794777245,0.000631043999058889
114.6,9.999377823518223,10.000007794777245,0.0006299712590216444
114.7,9.999378893524987,10.000007794777245,0.0006289012522575632
114.8,9.999379960807756,10.000007794777245,0.0006278339694887336
114.9,9.999381025375765,10.000007794777245,0.0006267694014798764
115.0,9.999382087238217,10.000007794777245,0.0006257075390276867
115.1,9.999383146404268,10.000007794777245,0.0006246483729768215
115.2,9.999384202883043,10.000007794777245,0.0006235918942021357
115.3,9.999385256683624,10.000007794777245,0.0006225380936211167
115.4,9.999386307815053,10.000007794777245,0.0006214869621921082
115.5,9.99938735628634,10.000007794777245,0.0006204384909054284
115.6,9.99938840210645,10.000007794777245,0.0006193926707958042
115.7,9.999389445284317,10.000007794777245,0.0006183494929281608
115.8,9.999390485828831,10.000007794777245,0.0006173089484136085
115.9,9.999391523748852,10.000007794777245,0.0006162710283934558
116.0,9.999392559053192,10.000007794777245,0.0006152357240534201
116.1,9.999393591750637,10.000007794777245,0.0006142030266076404
116.2,9.999394621849932,10.000007794777245,0.0006131729273128883
116.3,9.999395649359784,10.000007794777245,0.0006121454174614627
116.4,9.999396674288864,10.000007794777245,0.0006111204883811894
116.5,9.999397696645808,10.000007794777245,0.0006100981314371978
116.6,9.999398716439215,10.000007794777245,0.0006090783380301446
116.7,9.999399733677647,10.000007794777245,0.0006080610995979896
116.8,9.999400748369634,10.000007794777245,0.0006070464076106674
116.9,9.99940176052367,10.000007794777245,0.000606034253575416
117.0,9.999402770148206,10.000007794777245,0.000605024629038553
117.1,9.999403777251668,10.000007794777245,0.0006040175255765945
117.2,9.99940478184244,10.000007794777245,0.0006030129348051361
117.3,9.999405783928873,10.000007794777245,0.0006020108483717479
117.4,9.999406783519287,10.000007794777245,0.0006010112579577509
117.5,9.999407780621961,10.000007794777245,0.0006000141552835458
117.6,9.999408775245147,10.000007794777245,0.0005990195320979552
117.7,9.999409767397056,10.000007794777245,0.0005980273801888814
117.8,9.999410757085869,10.000007794777245,0.000597037691376201
117.9,9.999411744319733,10.000007794777245,0.0005960504575117653
118.0,9.999412729106758,10.000007794777245,0.0005950656704865054
118.1,9.999413711455027,10.000007794777245,0.0005940833222179975
118.2,9.999414691372582,10.000007794777245,0.000593103404662898
118.3,9.999415668867437,10.000007794777245,0.0005921259098080611
118.4,9.999416643947573,10.000007794777245,0.0005911508296723156
118.5,9.999417616620933,10.000007794777245,0.0005901781563117936
118.6,9.999418586895436,10.000007794777245,0.0005892078818092727
118.7,9.99941955477896,10.000007794777245,0.0005882399982848341
118.8,9.999420520279356,10.000007794777245,0.0005872744978887567
118.9,9.999421483404442,10.000007794777245,0.0005863113728032943
119.0,9.999422444161999,10.000007794777245,0.0005853506152462273
119.1,9.999423402559783,10.000007794777245,0.000584392217461982
119.2,9.999424358605516,10.000007794777245,0.0005834361717287351
119.3,9.999425312306887,10.000007794777245,0.0005824824703584142
119.4,9.999426263671554,10.000007794777245,0.0005815311056913686
119.5,9.999427212707145,10.000007794777245,0.000580582070099922
119.6,9.999428159421257,10.000007794777245,0.0005796353559883727
119.7,9.999429103821454,10.000007794777245,0.0005786909557912168
119.8,9.99943004591527,10.000007794777245,0.0005777488619749249
119.9,9.99943098571021,10.000007794777245,0.0005768090670343895
120.0,9.999431923213747,10.000007794777245,0.0005758715634982536
120.1,9.999432858433323,10.000007794777245,0.0005749363439218058
120.2,9.999433791376351,10.000007794777245,0.0005740034008940853
120.3,9.999434722050216,10.000007794777245,0.0005730727270290004
120.4,9.999435650462267,10.000007794777245,0.0005721443149777627
120.5,9.99943657661983,10.000007794777245,0.0005712181574146769
120.6,9.999437500530197,10.000007794777245,0.0005702942470477979
120.7,9.999438422200633,10.000007794777245,0.0005693725766118263
120.8,9.999439341638372,10.000007794777245,0.0005684531388734371
120.9,9.999440258850619,10.000007794777245,0.0005675359266259505
121.0,9.999441173844552,10.000007794777245,0.000566620932692885
121.1,9.999442086627317,10.000007794777245,0.000565708149927957
121.2,9.999442997206032,10.000007794777245,0.0005647975712133046
121.3,9.999443905587789,10.000007794777245,0.000563889189455935
121.4,9.99944481177965,10.000007794777245,0.0005629829975948297
121.5,9.999445715788648,10.000007794777245,0.000562078988597392
121.6,9.999446617621786,10.000007794777245,0.0005611771554594469
121.7,9.999447517286043,10.000007794777245,0.0005602774912016883
121.8,9.999448414788366,10.000007794777245,0.0005593799888785611
121.9,9.99944931013568,10.000007794777245,0.0005584846415658262
122.0,9.999450203334874,10.000007794777245,0.0005575914423712192
122.1,9.999451094392818,10.000007794777245,0.0005567003844273444
122.2,9.999451983316348,10.000007794777245,0.0005558114608970044
122.3,9.999452870112277,10.000007794777245,0.0005549246649678707
122.4,9.999453754787387,10.000007794777245,0.000554039989857813
122.5,9.999454637348437,10.000007794777245,0.0005531574288077934
122.6,9.999455517802158,10.000007794777245,0.0005522769750871959
122.7,9.999456396155251,10.000007794777245,0.0005513986219938261
122.8,9.999457272414395,10.000007794777245,0.0005505223628503586
122.9,9.999458146586239,10.000007794777245,0.0005496481910061135
123.0,9.999459018677408,10.000007794777245,0.0005487760998370561
123.1,9.9994598886945,10.000007794777245,0.0005479060827457971
123.2,9.999460756644085,10.000007794777245,0.0005470381331598162
123.3,9.99946162253271,10.000007794777245,0.0005461722445350148
123.4,9.999462486366895,10.000007794777245,0.0005453084103503869
123.5,9.999463348153133,10.000007794777245,0.000544446624111572
123.6,9.999464207897892,10.000007794777245,0.0005435868793526311
123.7,9.999465065607614,10.000007794777245,0.0005427291696307179
123.8,9.99946592128872,10.000007794777245,0.0005418734885243026
123.9,9.9994667749476,10.000007794777245,0.0005410198296456059
124.0,9.999467626590619,10.000007794777245,0.0005401681866263885
124.1,9.999468476224122,10.000007794777245,0.0005393185531232803
124.2,9.999469323854424,10.000007794777245,0.0005384709228213325
124.3,9.99947016948782,10.000007794777245,0.0005376252894251365
124.4,9.999471013130574,10.000007794777245,0.0005367816466712583
124.5,9.999471854788931,10.000007794777245,0.000535939988314027
124.6,9.999472694469109,10.000007794777245,0.0005351003081361938
124.7,9.999473532177301,10.000007794777245,0.0005342625999436024
124.8,9.99947436791968,10.000007794777245,0.000533426857565189
124.9,9.99947520170239,10.000007794777245,0.0005325930748547592
125.0,9.999476033531552,10.000007794777245,0.0005317612456927634
125.1,9.999476863413264,10.000007794777245,0.0005309313639809687
125.2,9.9994776913536,10.000007794777245,0.0005301034236442348
125.3,9.999478517358613,10.000007794777245,0.0005292774186322902
125.4,9.999479341434329,10.000007794777245,0.0005284533429161797
125.5,9.999480163586751,10.000007794777245,0.0005276311904935937
125.6,9.999480983821858,10.000007794777245,0.0005268109553870914
125.7,9.999481802145608,10.000007794777245,0.0005259926316369956
125.8,9.999482618563935,10.000007794777245,0.0005251762133102744
125.9,9.99948343308275,10.000007794777245,0.0005243616944952123
126.0,9.99948424570794,10.000007794777245,0.0005235490693049627
126.1,9.999485056445371,10.000007794777245,0.0005227383318739953
126.2,9.999485865300885,10.000007794777245,0.0005219294763598725
126.3,9.999486672280302,10.000007794777245,0.0005211224969432493
126.4,9.999487477389419,10.000007794777245,0.0005203173878260969
126.5,9.999488280634012,10.000007794777245,0.0005195141432334793
126.6,9.999489082019831,10.000007794777245,0.000518712757413553
126.7,9.999489881552611,10.000007794777245,0.0005179132246340146
126.8,9.999490679238058,10.000007794777245,0.0005171155391874294
126.9,9.999491475081857,10.000007794777245,0.0005163196953876792
127.0,9.999492269089675,10.000007794777245,0.0005155256875699621
127.1,9.999493061267154,10.000007794777245,0.0005147335100907924
127.2,9.999493851619915,10.000007794777245,0.000513943157329777
127.3,9.999494640153559,10.000007794777245,0.0005131546236860629
127.4,9.999495426873663,10.000007794777245,0.0005123679035818895
127.5,9.999496211785786,10.000007794777245,0.0005115829914590364
127.6,9.999496994895459,10.000007794777245,0.0005107998817859283
127.7,9.999497776208202,10.000007794777245,0.0005100185690434245
127.8,9.999498555729504,10.000007794777245,0.000509239047740806
127.9,9.99949933346484,10.000007794777245,0.0005084613124051174
128.0,9.999500109419659,10.000007794777245,0.0005076853575864959
128.1,9.999500883599392,10.000007794777245,0.0005069111778528423
128.2,9.999501656009452,10.000007794777245,0.0005061387677933737
128.3,9.999502426655225,10.000007794777245,0.0005053681220203998
128.4,9.999503195542081,10.000007794777245,0.0005045992351639939
128.5,9.99950396267537,10.000007794777245,0.0005038321018755454
128.6,9.999504728060417,10.000007794777245,0.0005030667168277603
128.7,9.999505491702534,10.000007794777245,0.0005023030747111079
128.8,9.999506253607006,10.000007794777245,0.0005015411702391503
128.9,9.9995070137791,10.000007794777245,0.0005007809981449896
129.0,9.999507772224067,10.000007794777245,0.0005000225531777147
129.1,9.999508528947134,10.000007794777245,0.000499265830111284
129.2,9.999509283953508,10.000007794777245,0.0004985108237374192
129.3,9.999510037248376,10.000007794777245,0.0004977575288691583
129.4,9.999510788836911,10.000007794777245,0.0004970059403337501
129.5,9.99951153872426,10.000007794777245,0.000496256052985089
129.6,9.999512286915554,10.000007794777245,0.00049550786169128
129.7,9.999513033415903,10.000007794777245,0.0004947613613417445
129.8,9.9995137782304,10.000007794777245,0.0004940165468454438
129.9,9.999514521364114,10.000007794777245,0.0004932734131308791
130.0,9.999515262822102,10.000007794777245,0.0004925319551425389
130.1,9.999516002609397,10.000007794777245,0.0004917921678480042
130.2,9.999516740731014,10.000007794777245,0.0004910540462308433
130.3,9.999517477191949,10.000007794777245,0.0004903175852959407
130.4,9.999518211997183,10.000007794777245,0.000489582780062392
130.5,9.99951894515167,10.000007794777245,0.0004888496255741615
130.6,9.999519676660356,10.000007794777245,0.0004881181168894244
130.7,9.999520406528159,10.000007794777245,0.00048738824908589606
130.8,9.999521134759986,10.000007794777245,0.00048666001725905517
130.9,9.99952186136072,10.000007794777245,0.00048593341652569677
131.0,9.99952258633523,10.000007794777245,0.0004852084420150504
131.1,9.999523309688366,10.000007794777245,0.0004844850888794383
131.2,9.999524031424956,10.000007794777245,0.0004837633522889462
131.3,9.999524751549817,10.000007794777245,0.00048304322742787065
131.4,9.999525470067741,10.000007794777245,0.00048232470950360096
131.5,9.999526186983507,10.000007794777245,0.0004816077937377372
131.6,9.999526902301875,10.000007794777245,0.0004808924753696431
131.7,9.999527616027587,10.000007794777245,0.00048017874965822216
131.8,9.999528328165365,10.000007794777245,0.0004794666118801416
131.9,9.999529038719917,10.000007794777245,0.0004787560573280558
132.0,9.999529747695934,10.000007794777245,0.00047804708131060636
132.1,9.999530455098087,10.000007794777245,0.0004773396791577511
132.2,9.999531160931031,10.000007794777245,0.0004766338462136588
132.3,9.999531865199405,10.000007794777245,0.0004759295778402617
132.4,9.999532567907826,10.000007794777245,0.00047522686941903203
132.5,9.999533269060901,10.000007794777245,0.0004745257163438765
132.6,9.999533968663215,10.000007794777245,0.0004738261140300182
132.7,9.999534666719338,10.000007794777245,0.00047312805790689083
132.8,9.999535363233823,10.000007794777245,0.0004724315434216919
132.9,9.999536058211206,10.000007794777245,0.0004717365660393824
133.0,9.999536751656006,10.000007794777245,0.00047104312123913417
133.1,9.999537443572727,10.000007794777245,0.0004703512045178826
133.2,9.999538133965855,10.000007794777245,0.00046966081139032667
133.3,9.999538822839858,10.000007794777245,0.0004689719373871526
133.4,9.99953951019919,10.000007794777245,0.00046828457805503376
133.5,9.999540196048288,10.000007794777245,0.0004675987289566308
133.6,9.999540880391576,10.000007794777245,0.00046691438566881516
133.7,9.999541563233455,10.000007794777245,0.0004662315437897746
133.8,9.999542244578317,10.000007794777245,0.00046555019892835503
133.9,9.99954292443053,10.000007794777245,0.0004648703467147186
134.0,9.999543602794455,10.000007794777245,0.00046419198278968565
134.1,9.999544279674431,10.000007794777245,0.0004635151028136164
134.2,9.999544955074782,10.000007794777245,0.0004628397024628583
134.3,9.999545628999819,10.000007794777245,0.00046216577742619336
134.4,9.999546301453835,10.000007794777245,0.000461493323410167
134.5,9.999546972441108,10.000007794777245,0.00046082233613731205
134.6,9.9995476419659,10.000007794777245,0.000460152811344372
134.7,9.99954831003246,10.000007794777245,0.0004594847447858541
134.8,9.999548976645015,10.000007794777245,0.0004588181322304763
134.9,9.999549641807784,10.000007794777245,0.00045815296946116746
135.0,9.999550305524968,10.000007794777245,0.00045748925227684367
135.1,9.999550967800754,10.000007794777245,0.00045682697649063186
135.2,9.999551628639312,10.000007794777245,0.00045616613793342253
135.3,9.999552288044796,10.000007794777245,0.0004555067324485407
135.4,9.999552946021348,10.000007794777245,0.00045484875589707485
135.5,9.99955360257309,10.000007794777245,0.0004541922041543245
135.6,9.999554257704139,10.000007794777245,0.00045353707310624714
135.7,9.999554911418585,10.000007794777245,0.00045288335866011664
135.8,9.999555563720511,10.000007794777245,0.000452231056733865
135.9,9.999556214613984,10.000007794777245,0.00045158016326141137
136.0,9.999556864103056,10.000007794777245,0.0004509306741891095
136.1,9.999557512191764,10.000007794777245,0.0004502825854810766
136.2,9.999558158884131,10.000007794777245,0.0004496358931138644
136.3,9.999558804184165,10.000007794777245,0.000448990593080012
136.4,9.999559448095859,10.000007794777245,0.0004483466813862691
136.5,9.999560090623193,10.000007794777245,0.00044770415405182007
136.6,9.999560731770135,10.000007794777245,0.0004470630071100601
136.7,9.999561371540633,10.000007794777245,0.0004464232366121479
136.8,9.999562009938623,10.000007794777245,0.0004457848386216767
136.9,9.999562646968032,10.000007794777245,0.000445147809212898
137.0,9.999563282632767,10.000007794777245,0.0004445121444778266
137.1,9.999563916936722,10.000007794777245,0.0004438778405226884
137.2,9.99956454988378,10.000007794777245,0.00044324489346436735
137.3,9.99956518147781,10.000007794777245,0.0004426132994357346
137.4,9.999565811722661,10.000007794777245,0.0004419830545838721
137.5,9.999566440622175,10.000007794777245,0.0004413541550700728
137.6,9.999567068180179,10.000007794777245,0.0004407265970662877
137.7,9.999567694400485,10.000007794777245,0.000440100376760455
137.8,9.99956831928689,10.000007794777245,0.0004394754903547238
137.9,9.999568942843183,10.000007794777245,0.00043885193406190126
138.0,9.999569565073134,10.000007794777245,0.0004382297041107819
138.1,9.999570185980502,10.000007794777245,0.00043760879674259456
138.2,9.999570805569034,10.000007794777245,0.00043698920821100273
138.3,9.999571423842463,10.000007794777245,0.0004363709347821043
138.4,9.999572040804505,10.000007794777245,0.0004357539727397608
138.5,9.999572656458867,10.000007794777245,0.0004351383183784918
138.6,9.999573270809242,10.000007794777245,0.00043452396800347515
138.7,9.99957388385931,10.000007794777245,0.00043391091793587577
138.8,9.999574495612737,10.000007794777245,0.0004332991645075168
138.9,9.999575106073179,10.000007794777245,0.00043268870406620863
139.0,9.999575715244275,10.000007794777245,0.0004320795329704197
139.1,9.999576323129654,10.000007794777245,0.00043147164759105294
139.2,9.999576929732934,10.000007794777245,0.0004308650443114459
139.3,9.999577535057714,10.000007794777245,0.00043025971953092323
139.4,9.999578139107586,10.000007794777245,0.0004296556696594678
139.5,9.999578741886125,10.000007794777245,0.00042905289111949685
139.6,9.9995793433969,10.000007794777245,0.0004284513803458623
139.7,9.99957994364346,10.000007794777245,0.0004278511337858504
139.8,9.999580542629348,10.000007794777245,0.0004272521478974056
139.9,9.99958114035809,10.000007794777245,0.0004266544191544597
140.0,9.999581736833203,10.000007794777245,0.00042605794404160235
140.1,9.99958233205819,10.000007794777245,0.000425462719055858
140.2,9.999582926036538,10.000007794777245,0.00042486874070668534
140.3,9.999583518771729,10.000007794777245,0.00042427600551597777
140.4,9.99958411026723,10.000007794777245,0.00042368451001451035
140.5,9.999584700526496,10.000007794777245,0.0004230942507490454
140.6,9.999585289552968,10.000007794777245,0.0004225052242770033
140.7,9.999585877350077,10.000007794777245,0.0004219174271682391
140.8,9.99958646392124,10.000007794777245,0.00042133085600504216
140.9,9.999587049269865,10.000007794777245,0.0004207455073803601
141.0,9.999587633399347,10.000007794777245,0.0004201613778977986
141.1,9.99958821631307,10.000007794777245,0.0004195784641751743
141.2,9.999588798014404,10.000007794777245,0.0004189967628409619
141.3,9.999589378506709,10.000007794777245,0.00041841627053607056
141.4,9.999589957793333,10.000007794777245,0.0004178369839120677
141.5,9.999590535877612,10.000007794777245,0.00041725889963295515
141.6,9.999591112762873,10.000007794777245,0.00041668201437161656
141.7,9.999591688452428,10.000007794777245,0.0004161063248169228
141.8,9.99959226294958,10.000007794777245,0.0004155318276648501
141.9,9.999592836257618,10.000007794777245,0.00041495851962736197
142.0,9.999593408379821,10.000007794777245,0.00041438639742352734
142.1,9.99959397931946,10.000007794777245,0.00041381545778484963
142.2,9.99959454907979,10.000007794777245,0.00041324569745526674
142.3,9.999595117664056,10.000007794777245,0.0004126771131893747
142.4,9.999595685075493,10.000007794777245,0.0004121097017524278
142.5,9.999596251317323,10.000007794777245,0.0004115434599221146
142.6,9.99959681639276,10.000007794777245,0.0004109783844850057
142.7,9.999597380305005,10.000007794777245,0.00041041447224010597
142.8,9.999597943057248,10.000007794777245,0.0004098517199970786
142.9,9.999598504652667,10.000007794777245,0.00040929012457802116
143.0,9.999599065094433,10.000007794777245,0.00040872968281213673
143.1,9.9995996243857,10.000007794777245,0.00040817039154461554
143.2,9.999600182529619,10.000007794777245,0.0004076122476259769
143.3,9.999600739529324,10.000007794777245,0.00040705524792095105
143.4,9.999601295387938,10.000007794777245,0.0004064993893067026
143.5,9.99960185010858,10.000007794777245,0.0004059446686657253
143.6,9.999602403694348,10.000007794777245,0.00040539108289650017
143.7,9.999602956148344,10.000007794777245,0.0004048386289010608
143.8,9.999603507473644,10.000007794777245,0.00040428730360098086
143.9,9.999604057673324,10.000007794777245,0.0004037371039213866
144.0,9.999604606750442,10.000007794777245,0.0004031880268033916
144.1,9.999605154708055,10.000007794777245,0.0004026400691898857
144.2,9.9996057015492,10.000007794777245,0.0004020932280450751
144.3,9.99960624727691,10.000007794777245,0.00040154750033494224
144.4,9.999606791894205,10.000007794777245,0.00040100288303968057
144.5,9.999607335404097,10.000007794777245,0.0004004593731483652
144.6,9.999607877809582,10.000007794777245,0.00039991696766250584
144.7,9.999608419113654,10.000007794777245,0.0003993756635907175
144.8,9.999608959319291,10.000007794777245,0.00039883545795404984
144.9,9.999609498429463,10.000007794777245,0.00039829634778243417
145.0,9.99961003644713,10.000007794777245,0.00039775833011468364
145.1,9.999610573375245,10.000007794777245,0.00039722140200026956
145.2,9.999611109216742,10.000007794777245,0.00039668556050287407
145.3,9.999611643974553,10.000007794777245,0.0003961508026915084
145.4,9.999612177651603,10.000007794777245,0.0003956171256422891
145.5,9.999612710250794,10.000007794777245,0.0003950845264508729
145.6,9.999613241775034,10.000007794777245,0.00039455300221113987
145.7,9.999613772227208,10.000007794777245,0.0003940225500365102
145.8,9.999614301610201,10.000007794777245,0.00039349316704395676
145.9,9.999614829926882,10.000007794777245,0.00039296485036288686
146.0,9.999615357180115,10.000007794777245,0.0003924375971298133
146.1,9.999615883372751,10.000007794777245,0.00039191140449368334
146.2,9.999616408507631,10.000007794777245,0.0003913862696141024
146.3,9.99961693258759,10.000007794777245,0.0003908621896542286
146.4,9.999617455615452,10.000007794777245,0.00039033916179320727
146.5,9.999617977594028,10.000007794777245,0.0003898171832172892
146.6,9.999618498526125,10.000007794777245,0.00038929625111983057
146.7,9.999619018414538,10.000007794777245,0.0003887763627066221
146.8,9.999619537262054,10.000007794777245,0.00038825751519055984
146.9,9.999620055071452,10.000007794777245,0.00038773970579342176
147.0,9.999620571845494,10.000007794777245,0.0003872229317511966
147.1,9.99962108758694,10.000007794777245,0.0003867071903052022
147.2,9.999621602298541,10.000007794777245,0.00038619247870386175
147.3,9.999622115983035,10.000007794777245,0.00038567879420980944
147.4,9.999622628643154,10.000007794777245,0.0003851661340910084
147.5,9.99962314028162,10.000007794777245,0.00038465449562430365
147.6,9.999623650901146,10.000007794777245,0.0003841438760989746
147.7,9.999624160504435,10.000007794777245,0.0003836342728096298
147.8,9.999624669094182,10.000007794777245,0.0003831256830633123
147.9,9.999625176673073,10.000007794777245,0.00038261810417239417
148.0,9.999625683243783,10.000007794777245,0.00038211153346168203
148.1,9.999626188808984,10.000007794777245,0.00038160596826131155
148.2,9.999626693371331,10.000007794777245,0.0003811014059138529
148.3,9.999627196933478,10.000007794777245,0.0003805978437672053
148.4,9.999627699498065,10.000007794777245,0.00038009527917992614
148.5,9.999628201067726,10.000007794777245,0.0003795937095194546
148.6,9.999628701645083,10.000007794777245,0.0003790931321621116
148.7,9.999629201232755,10.000007794777245,0.0003785935444895472
148.8,9.999629699833347,10.000007794777245,0.0003780949438976222
148.9,9.99963019744946,10.000007794777245,0.0003775973277857503
149.0,9.99963069408368,10.000007794777245,0.00037710069356577947
149.1,9.99963118973859,10.000007794777245,0.0003766050386548869
149.2,9.999631684416766,10.000007794777245,0.0003761103604791316
149.3,9.999632178120768,10.000007794777245,0.00037561665647700693
149.4,9.999632670853154,10.000007794777245,0.00037512392409055906
149.5,9.999633162616474,10.000007794777245,0.00037463216077071593
149.6,9.999633653413264,10.000007794777245,0.00037414136398083997
149.7,9.999634143246057,10.000007794777245,0.00037365153118784633
149.8,9.999634632117376,10.000007794777245,0.0003731626598693083
149.9,9.999635120029735,10.000007794777245,0.0003726747475099046
150.0,9.99963560698564,10.000007794777245,0.00037218779160497206
150.1,9.999636092987588,10.000007794777245,0.000371701789656953
150.2,9.999636578038071,10.000007794777245,0.00037121673917361875
150.3,9.999637062139572,10.000007794777245,0.0003707326376733988
150.4,9.999637545294561,10.000007794777245,0.00037024948268360447
150.5,9.999638027505508,10.000007794777245,0.00036976727173687607
150.6,9.999638508774868,10.000007794777245,0.0003692860023765121
150.7,9.999638989105092,10.000007794777245,0.0003688056721529165
150.8,9.999639468498621,10.000007794777245,0.00036832627862359857
150.9,9.999639946957888,10.000007794777245,0.00036784781935672584
151.0,9.999640424485323,10.000007794777245,0.00036737029192224213
151.1,9.999640901083339,10.000007794777245,0.0003668936939060785
151.2,9.999641376754347,10.000007794777245,0.00036641802289771874
151.3,9.999641851500751,10.000007794777245,0.000365943276493752
151.4,9.999642325324947,10.000007794777245,0.000365469452297873
151.5,9.999642798229319,10.000007794777245,0.0003649965479262107
151.6,9.999643270216248,10.000007794777245,0.00036452456099667074
151.7,9.999643741288107,10.000007794777245,0.00036405348913781665
151.8,9.999644211447258,10.000007794777245,0.00036358332998709386
151.9,9.999644680696054,10.000007794777245,0.00036311408119082955
152.0,9.99964514903685,10.000007794777245,0.0003626457403953509
152.1,9.999645616471982,10.000007794777245,0.00036217830526297234
152.2,9.999646083003785,10.000007794777245,0.00036171177345956096
152.3,9.999646548634587,10.000007794777245,0.0003612461426580893
152.4,9.999647013366703,10.000007794777245,0.00036078141054218804
152.5,9.999647477202446,10.000007794777245,0.0003603175747990406
152.6,9.99964794014412,10.000007794777245,0.0003598546331247121
152.7,9.999648402194023,10.000007794777245,0.0003593925832223732
152.8,9.99964886335444,10.000007794777245,0.00035893142280585266
152.9,9.999649323627652,10.000007794777245,0.0003584711495925319
153.0,9.999649783015936,10.000007794777245,0.0003580117613086742
153.1,9.99965024152156,10.000007794777245,0.0003575532556858718
153.2,9.99965069914678,10.000007794777245,0.0003570956304645989
153.3,9.999651155893854,10.000007794777245,0.00035663888339065863
153.4,9.999651611765023,10.000007794777245,0.00035618301222228865
153.5,9.999652066762525,10.000007794777245,0.000355728014719503
153.6,9.999652520888592,10.000007794777245,0.0003552738886529738
153.7,9.999652974145448,10.000007794777245,0.000354820631796926
153.8,9.999653426535309,10.000007794777245,0.0003543682419362426
153.9,9.999653878060386,10.000007794777245,0.0003539167168593593
154.0,9.99965432872288,10.000007794777245,0.00035346605436537004
154.1,9.999654778524986,10.000007794777245,0.0003530162522586977
154.2,9.999655227468896,10.000007794777245,0.00035256730834909433
154.3,9.99965567555679,10.000007794777245,0.0003521192204551937
154.4,9.99965612279084,10.000007794777245,0.00035167198640451147
154.5,9.999656569173219,10.000007794777245,0.0003512256040263395
154.6,9.999657014706084,10.000007794777245,0.0003507800711606279
154.7,9.99965745939159,10.000007794777245,0.00035033538565443223
154.8,9.999657903231887,10.000007794777245,0.00034989154535836064
154.9,9.999658346229113,10.000007794777245,0.0003494485481319032
155.0,9.999658788385403,10.000007794777245,0.00034900639184165527
155.1,9.999659229702882,10.000007794777245,0.00034856507436309414
155.2,9.999659670183672,10.000007794777245,0.00034812459357347336
155.3,9.999660109829886,10.000007794777245,0.0003476849473589283
155.4,9.99966054864363,10.000007794777245,0.0003472461336144761
155.5,9.999660986627006,10.000007794777245,0.0003468081502386866
155.6,9.999661423782106,10.000007794777245,0.0003463709951390115
155.7,9.999661860111019,10.000007794777245,0.0003459346662264551
155.8,9.999662295615824,10.000007794777245,0.00034549916142090353
155.9,9.999662730298597,10.000007794777245,0.00034506447864757206
156.0,9.999663164161404,10.000007794777245,0.00034463061584055765
156.1,9.999663597206306,10.000007794777245,0.0003441975709392864
156.2,9.999664029435355,10.000007794777245,0.00034376534189028973
156.3,9.999664460850603,10.000007794777245,0.00034333392664187556
156.4,9.999664891454088,10.000007794777245,0.0003429033231565626
156.5,9.99966532124785,10.000007794777245,0.0003424735293950931
156.6,9.999665750233913,10.000007794777245,0.0003420445433324204
156.7,9.999666178414301,10.000007794777245,0.0003416163629434976
156.8,9.999666605791033,10.000007794777245,0.00034118898621215976
156.9,9.999667032366116,10.000007794777245,0.00034076241112934724
157.0,9.999667458141552,10.000007794777245,0.0003403366356931059
157.1,9.999667883119342,10.000007794777245,0.00033991165790325795
157.2,9.999668307301475,10.000007794777245,0.0003394874757702837
157.3,9.999668730689935,10.000007794777245,0.0003390640873099926
157.4,9.999669153286703,10.000007794777245,0.00033864149054174675
157.5,9.99966957509375,10.000007794777245,0.0003382196834955664
157.6,9.999669996113042,10.000007794777245,0.0003377986642032482
157.7,9.99967041634654,10.000007794777245,0.0003373784307054706
157.8,9.999670835796199,10.000007794777245,0.0003369589810464646
157.9,9.999671254463966,10.000007794777245,0.0003365403132793432
158.0,9.999671672351782,10.000007794777245,0.00033612242546254834
158.1,9.999672089461587,10.000007794777245,0.0003357053156580747
158.2,9.999672505795306,10.000007794777245,0.00033528898193857515
158.3,9.999672921354868,10.000007794777245,0.0003348734223767025
158.4,9.999673336142187,10.000007794777245,0.00033445863505754403
158.5,9.999673750159177,10.000007794777245,0.0003340446180679635
158.6,9.999674163407743,10.000007794777245,0.00033363136950192995
158.7,9.999674575889788,10.000007794777245,0.00033321888745696526
158.8,9.999674987607206,10.000007794777245,0.000332807170039473
158.9,9.999675398561882,10.000007794777245,0.00033239621536296227
159.0,9.999675808755702,10.000007794777245,0.0003319860215427184
159.1,9.999676218190542,10.000007794777245,0.00033157658670290857
159.2,9.999676626868274,10.000007794777245,0.0003311679089712527
159.3,9.999677034790762,10.000007794777245,0.0003307599864825761
159.4,9.999677441959868,10.000007794777245,0.00033035281737703315
159.5,9.999677848377443,10.000007794777245,0.00032994639980188367
159.6,9.999678254045335,10.000007794777245,0.00032954073190971656
159.7,9.999678658965392,10.000007794777245,0.0003291358118531207
159.8,9.999679063139444,10.000007794777245,0.00032873163780067216
159.9,9.999679466569328,10.000007794777245,0.00032832820791739437
160.0,9.999679869256864,10.000007794777245,0.0003279255203807452
160.1,9.999680271203877,10.000007794777245,0.0003275235733681825
160.2,9.99968067241218,10.000007794777245,0.0003271223650642696
160.3,9.999681072883583,10.000007794777245,0.00032672189366245163
160.4,9.999681472619887,10.000007794777245,0.00032632215735795
160.5,9.999681871622892,10.000007794777245,0.0003259231543530916
160.6,9.99968226989439,10.000007794777245,0.0003255248828555324
160.7,9.999682667436167,10.000007794777245,0.00032512734107825736
160.8,9.999683064250005,10.000007794777245,0.0003247305272395806
160.9,9.99968346033768,10.000007794777245,0.0003243344395649217
161.0,9.999683855700962,10.000007794777245,0.0003239390762832528
161.1,9.999684250341618,10.000007794777245,0.0003235444356270989
161.2,9.999684644261405,10.000007794777245,0.00032315051583964305
161.3,9.999685037462083,10.000007794777245,0.000322757315162292
161.4,9.999685429945394,10.000007794777245,0.00032236483185066334
161.5,9.999685821713088,10.000007794777245,0.0003219730641568219
161.6,9.9996862127669,10.000007794777245,0.0003215820103452671
161.7,9.999686603108564,10.000007794777245,0.0003211916686804983
161.8,9.999686992739809,10.000007794777245,0.00032080203743589664
161.9,9.999687381662358,10.000007794777245,0.0003204131148866196
162.0,9.999687769877927,10.000007794777245,0.0003200248993184829
162.1,9.999688157388228,10.000007794777245,0.0003196373890173021
162.2,9.99968854419497,10.000007794777245,0.000319250582274222
162.3,9.999688930299858,10.000007794777245,0.0003188644773874927
162.4,9.999689315704583,10.000007794777245,0.0003184790726624698
162.5,9.999689700410839,10.000007794777245,0.0003180943664062852
162.6,9.999690084420314,10.000007794777245,0.00031771035693139993
162.7,9.999690467734686,10.000007794777245,0.0003173270425591568
162.8,9.999690850355636,10.000007794777245,0.0003169444216091222
162.9,9.999691232284832,10.000007794777245,0.00031656249241329704
163.0,9.999691613523941,10.000007794777245,0.0003161812533036823
163.1,9.999691994074627,10.000007794777245,0.00031580070261760795
163.2,9.999692373938544,10.000007794777245,0.0003154208387012858
163.3,9.999692753117344,10.000007794777245,0.0003150416599009276
163.4,9.999693131612673,10.000007794777245,0.0003146631645716269
163.5,9.999693509426175,10.000007794777245,0.0003142853510702537
163.6,9.999693886559482,10.000007794777245,0.0003139082177625596
163.7,9.99969426301423,10.000007794777245,0.0003135317630142964
163.8,9.999694638792045,10.000007794777245,0.0003131559852000976
163.9,9.999695013894547,10.000007794777245,0.0003127808826981493
164.0,9.999695388323355,10.000007794777245,0.0003124064538901905
164.1,9.99969576208008,10.000007794777245,0.00031203269716506554
164.2,9.99969613516633,10.000007794777245,0.00031165961091517147
164.3,9.999696507583707,10.000007794777245,0.0003112871935382344
164.4,9.99969687933381,10.000007794777245,0.00031091544343553323
164.5,9.99969725041823,10.000007794777245,0.0003105443590154522
164.6,9.999697620838559,10.000007794777245,0.00031017393868637555
164.7,9.999697990596376,10.000007794777245,0.0003098041808691221
164.8,9.999698359693262,10.000007794777245,0.0003094350839827342
164.9,9.999698728130793,10.000007794777245,0.00030906664645158344
165.0,9.999699095910536,10.000007794777245,0.000308698866708923
165.1,9.999699463034057,10.000007794777245,0.00030833174318800616
165.2,9.999699829502916,10.000007794777245,0.00030796527432919163
165.3,9.999700195318669,10.000007794777245,0.0003075994585763908
165.4,9.999700560482864,10.000007794777245,0.00030723429438062055
165.5,9.999700924997052,10.000007794777245,0.0003068697801928977
165.6,9.999701288862772,10.000007794777245,0.0003065059144731208
165.7,9.999701652081562,10.000007794777245,0.0003061426956829649
165.8,9.999702014654954,10.000007794777245,0.00030578012229121043
165.9,9.999702376584475,10.000007794777245,0.00030541819277019044
166.0,9.99970273787165,10.000007794777245,0.0003050569055957908
166.1,9.999703098517996,10.000007794777245,0.0003046962592492264
166.2,9.99970345852503,10.000007794777245,0.00030433625221526484
166.3,9.999703817894263,10.000007794777245,0.00030397688298222647
166.4,9.999704176627198,10.000007794777245,0.0003036181500473134
166.5,9.999704534725337,10.000007794777245,0.00030326005190772776
166.6,9.999704892190177,10.000007794777245,0.00030290258706777706
166.7,9.999705249023211,10.000007794777245,0.0003025457540335452
166.8,9.999705605225927,10.000007794777245,0.00030218955131822156
166.9,9.999705960799808,10.000007794777245,0.00030183397743677176
167.0,9.999706315746332,10.000007794777245,0.0003014790309130433
167.1,9.999706670066976,10.000007794777245,0.00030112471026910725
167.2,9.999707023763209,10.000007794777245,0.00030077101403591655
167.3,9.999707376836497,10.000007794777245,0.0003004179407479768
167.4,9.999707729288303,10.000007794777245,0.0003000654889415699
167.5,9.999708081120085,10.000007794777245,0.00029971365716008336
167.6,9.999708432333296,10.000007794777245,0.00029936244394868083
167.7,9.999708782929385,10.000007794777245,0.00029901184785963153
167.8,9.999709132909796,10.000007794777245,0.00029866186744875733
167.9,9.999709482275971,10.000007794777245,0.0002983125012736565
168.0,9.999709831029344,10.000007794777245,0.00029796374790080904
168.1,9.99971017917135,10.000007794777245,0.00029761560589491864
168.2,9.999710526703417,10.000007794777245,0.0002972680738277944
168.3,9.999710873626968,10.000007794777245,0.0002969211502765745
168.4,9.999711219943423,10.000007794777245,0.0002965748338219498
168.5,9.999711565654197,10.000007794777245,0.00029622912304816396
168.6,9.9997119107607,10.000007794777245,0.0002958840165447896
168.7,9.999712255264344,10.000007794777245,0.00029553951290139935
168.8,9.999712599166529,10.000007794777245,0.00029519561071644773
168.9,9.999712942468653,10.000007794777245,0.0002948523085919419
169.0,9.999713285172113,10.000007794777245,0.00029450960513166535
169.1,9.999713627278302,10.000007794777245,0.00029416749894295435
169.2,9.999713968788603,10.000007794777245,0.0002938259886420269
169.3,9.999714309704402,10.000007794777245,0.0002934850728433247
169.4,9.999714650027075,10.000007794777245,0.00029314475017017116
169.5,9.999714989757999,10.000007794777245,0.00029280501924588975
169.6,9.999715328898548,10.000007794777245,0.00029246587869735663
169.7,9.999715667450083,10.000007794777245,0.0002921273271621061
169.8,9.99971600541397,10.000007794777245,0.00029178936327411975
169.9,9.99971634279157,10.000007794777245,0.0002914519856744846
170.0,9.999716679584235,10.000007794777245,0.00029111519300961675
170.1,9.99971701579332,10.000007794777245,0.0002907789839241559
170.2,9.99971735142017,10.000007794777245,0.0002904433570751763
170.3,9.999717686466127,10.000007794777245,0.00029010831111797586
170.4,9.999718020932534,10.000007794777245,0.0002897738447114051
170.5,9.999718354820724,10.000007794777245,0.00028943995652142007
170.6,9.999718688132031,10.000007794777245,0.0002891066452139768
170.7,9.999719020867783,10.000007794777245,0.00028877390946213666
170.8,9.999719353029302,10.000007794777245,0.00028844174794251387
170.9,9.999719684617911,10.000007794777245,0.00028811015933349893
171.0,9.999720015634926,10.000007794777245,0.0002877791423188114
171.1,9.99972034608166,10.000007794777245,0.0002874486955857236
171.2,9.99972067595942,10.000007794777245,0.00028711881782506055
171.3,9.999721005269514,10.000007794777245,0.00028678950773119993
171.4,9.999721334013243,10.000007794777245,0.0002864607640020722
171.5,9.999721662191906,10.000007794777245,0.00028613258533916053
171.6,9.999721989806796,10.000007794777245,0.0002858049704492771
171.7,9.999722316859202,10.000007794777245,0.0002854779180427869
171.8,9.999722643350413,10.000007794777245,0.00028515142683183115
171.9,9.999722969281713,10.000007794777245,0.0002848254955321039
172.0,9.999723294654379,10.000007794777245,0.0002845001228664046
172.1,9.999723619469687,10.000007794777245,0.0002841753075575326
172.2,9.999723943728911,10.000007794777245,0.0002838510483336165
172.3,9.999724267433319,10.000007794777245,0.0002835273439263375
172.4,9.999724590584176,10.000007794777245,0.0002832041930691531
172.5,9.999724913182742,10.000007794777245,0.0002828815945026264
172.6,9.999725235230274,10.000007794777245,0.00028255954697087304
172.7,9.99972555672803,10.000007794777245,0.00028223804921445605
172.8,9.999725877677259,10.000007794777245,0.00028191709998637293
172.9,9.999726198079205,10.000007794777245,0.0002815966980396212
173.0,9.999726517935116,10.000007794777245,0.00028127684212897464
173.1,9.999726837246229,10.000007794777245,0.0002809575310163126
173.2,9.99972715601378,10.000007794777245,0.0002806387634652907
173.3,9.999727474239004,10.000007794777245,0.00028032053824134096
173.4,9.99972779192313,10.000007794777245,0.0002800028541152244
173.5,9.999728109067384,10.000007794777245,0.00027968570986125485
173.6,9.999728425672988,10.000007794777245,0.00027936910425729877
173.7,9.999728741741162,10.000007794777245,0.00027905303608299903
173.8,9.999729057273122,10.000007794777245,0.00027873750412332754
173.9,9.999729372270076,10.000007794777245,0.0002784225071685853
174.0,9.999729686733238,10.000007794777245,0.00027810804400729694
174.1,9.99973000066381,10.000007794777245,0.0002777941134350925
174.2,9.999730314062996,10.000007794777245,0.0002774807142493785
174.3,9.999730626931994,10.000007794777245,0.00027716784525111393
174.4,9.999730939271997,10.000007794777245,0.00027685550524836344
174.5,9.9997312510842,10.000007794777245,0.00027654369304563886
174.6,9.999731562369789,10.000007794777245,0.0002762324074563338
174.7,9.999731873129951,10.000007794777245,0.00027592164729384194
174.8,9.999732183365866,10.000007794777245,0.0002756114113786623
174.9,9.999732493078715,10.000007794777245,0.0002753016985295176
175.0,9.999732802269671,10.000007794777245,0.0002749925075740123
175.1,9.999733110939905,10.000007794777245,0.0002746838373397509
175.2,9.999733419090587,10.000007794777245,0.0002743756866578906
175.3,9.999733726722884,10.000007794777245,0.00027406805436136494
175.4,9.999734033837955,10.000007794777245,0.00027376093929021295
175.5,9.99973434043696,10.000007794777245,0.0002734543402844736
175.6,9.999734646521055,10.000007794777245,0.0002731482561895149
175.7,9.999734952091393,10.000007794777245,0.0002728426858524813
175.8,9.99973525714912,10.000007794777245,0.00027253762812584625
175.9,9.999735561695383,10.000007794777245,0.0002722330818620833
176.0,9.999735865731326,10.000007794777245,0.0002719290459189949
176.1,9.999736169258087,10.000007794777245,0.0002716255191579364
176.2,9.999736472276805,10.000007794777245,0.00027132250044026307
176.3,9.99973677478861,10.000007794777245,0.00027101998863443555
176.4,9.999737076794633,10.000007794777245,0.00027071798261246727
176.5,9.999737378296002,10.000007794777245,0.0002704164812428189
176.6,9.999737679293839,10.000007794777245,0.0002701154834063857
176.7,9.999737979789264,10.000007794777245,0.00026981498798051007
176.8,9.999738279783397,10.000007794777245,0.0002695149938478636
176.9,9.99973857927735,10.000007794777245,0.00026921549989467053
177.0,9.999738878272236,10.000007794777245,0.0002689165050089315
177.1,9.999739176769163,10.000007794777245,0.0002686180080821998
177.2,9.999739474769234,10.000007794777245,0.0002683200080113579
177.3,9.999739772273553,10.000007794777245,0.0002680225036915118
177.4,9.999740069283218,10.000007794777245,0.00026772549402664936
177.5,9.999740365799326,10.000007794777245,0.000267428977918982
177.6,9.999740661822969,10.000007794777245,0.00026713295427605033
177.7,9.999740957355238,10.000007794777245,0.0002668374220071712
177.8,9.999741252397216,10.000007794777245,0.00026654238002876696
177.9,9.999741546949991,10.000007794777245,0.0002662478272537072
178.0,9.999741841014643,10.000007794777245,0.000265953762601967
178.1,9.99974213459225,10.000007794777245,0.00026566018499529775
178.2,9.999742427683886,10.000007794777245,0.00026536709335900355
178.3,9.999742720290623,10.000007794777245,0.0002650744866219412
178.4,9.99974301241353,10.000007794777245,0.00026478236371474395
178.5,9.999743304053673,10.000007794777245,0.00026449072357159764
178.6,9.999743595212115,10.000007794777245,0.0002641995651302409
178.7,9.999743885889917,10.000007794777245,0.00026390888732841233
178.8,9.999744176088136,10.000007794777245,0.0002636186891091796
178.9,9.999744465807826,10.000007794777245,0.00026332896941916317
179.0,9.99974475505004,10.000007794777245,0.00026303972720498336
179.1,9.999745043815825,10.000007794777245,0.000262750961420366
179.2,9.999745332106224,10.000007794777245,0.00026246267102081333
179.3,9.999745619922285,10.000007794777245,0.0002621748549600511
179.4,9.999745907265044,10.000007794777245,0.00026188751220068696
179.5,9.999746194135541,10.000007794777245,0.00026160064170355213
179.6,9.999746480534808,10.000007794777245,0.0002613142424365833
179.7,9.999746766463879,10.000007794777245,0.0002610283133659408
179.8,9.99974705192378,10.000007794777245,0.00026074285346489035
179.9,9.99974733691554,10.000007794777245,0.00026045786170492136
180.0,9.999747621440179,10.000007794777245,0.000260173337066405
180.1,9.999747905498719,10.000007794777245,0.00025988927852615973
180.2,9.999748189092175,10.000007794777245,0.0002596056850698858
180.3,9.999748472221563,10.000007794777245,0.0002593225556815071
180.4,9.999748754887896,10.000007794777245,0.0002590398893485002
180.5,9.999749037092183,10.000007794777245,0.00025875768506189445
180.6,9.999749318835429,10.000007794777245,0.00025847594181627187
180.7,9.999749600118639,10.000007794777245,0.0002581946586062145
180.8,9.999749880942812,10.000007794777245,0.00025791383443340976
180.9,9.999750161308947,10.000007794777245,0.0002576334682977688
181.0,9.999750441218042,10.000007794777245,0.0002573535592027554
181.1,9.999750720671088,10.000007794777245,0.0002570741061571624
181.2,9.999750999669073,10.000007794777245,0.00025679510817155915
181.3,9.999751278212988,10.000007794777245,0.0002565165642565148
181.4,9.999751556303817,10.000007794777245,0.0002562384734279277
181.5,9.99975183394254,10.000007794777245,0.0002559608347052489
181.6,9.999752111130137,10.000007794777245,0.00025568364710792935
181.7,9.999752387867584,10.000007794777245,0.0002554069096607492
181.8,9.999752664155858,10.000007794777245,0.00025513062138671216
181.9,9.999752939995929,10.000007794777245,0.0002548547813159274
182.0,9.999753215388765,10.000007794777245,0.0002545793884802805
182.1,9.999753490335333,10.000007794777245,0.0002543044419116569
182.2,9.999753764836596,10.000007794777245,0.0002540299406490476
182.3,9.999754038893515,10.000007794777245,0.0002537558837296672
182.4,9.99975431250705,10.000007794777245,0.00025348227019428293
182.5,9.999754585678158,10.000007794777245,0.0002532090990872149
182.6,9.999754858407787,10.000007794777245,0.00025293636945811215
182.7,9.999755130696892,10.000007794777245,0.0002526640803530711
182.8,9.99975540254642,10.000007794777245,0.0002523922308252935
182.9,9.999755673957317,10.000007794777245,0.0002521208199279812
183.0,9.999755944930527,10.000007794777245,0.0002518498467178887
183.1,9.99975621546699,10.000007794777245,0.0002515793102553232
183.2,9.99975648556764,10.000007794777245,0.0002513092096041447
183.3,9.999756755233419,10.000007794777245,0.0002510395438264368
183.4,9.999757024465255,10.000007794777245,0.0002507703119896121
183.5,9.999757293264082,10.000007794777245,0.0002505015131628596
183.6,9.999757561630824,10.000007794777245,0.0002502331464206975
183.7,9.999757829566411,10.000007794777245,0.00024996521083409107
183.8,9.999758097071762,10.000007794777245,0.0002496977054828875
183.9,9.9997583641478,10.000007794777245,0.0002494306294451576
184.0,9.999758630795442,10.000007794777245,0.00024916398180252486
184.1,9.999758897015605,10.000007794777245,0.0002488977616401655
184.2,9.9997591628092,10.000007794777245,0.0002486319680450322
184.3,9.999759428177141,10.000007794777245,0.0002483666001040774
184.4,9.999759693120332,10.000007794777245,0.00024810165691313557
184.5,9.999759957639682,10.000007794777245,0.000247837137562712
184.6,9.999760221736095,10.000007794777245,0.00024757304115041734
184.7,9.999760485410471,10.000007794777245,0.0002473093667738624
184.8,9.999760748663707,10.000007794777245,0.0002470461135377633
184.9,9.999761011496702,10.000007794777245,0.00024678328054328347
185.0,9.999761273910348,10.000007794777245,0.00024652086689691544
185.1,9.999761535905538,10.000007794777245,0.00024625887170692806
185.2,9.999761797483162,10.000007794777245,0.00024599729408336657
185.3,9.999762058644103,10.000007794777245,0.00024573613314160525
185.4,9.99976231938925,10.000007794777245,0.00024547538799524204
185.5,9.999762579719482,10.000007794777245,0.00024521505776320396
185.6,9.999762839635679,10.000007794777245,0.00024495514156619436
185.7,9.999763099138718,10.000007794777245,0.00024469563852669296
185.8,9.999763358229478,10.000007794777245,0.0002444365477671795
185.9,9.999763616908828,10.000007794777245,0.0002441778684172391
186.0,9.99976387517764,10.000007794777245,0.00024391959960468057
186.1,9.999764133036782,10.000007794777245,0.00024366174046264177
186.2,9.99976439048712,10.000007794777245,0.00024340429012426057
186.3,9.999764647529517,10.000007794777245,0.0002431472477280039
186.4,9.999764904164834,10.000007794777245,0.0002428906124105623
186.5,9.999765160393931,10.000007794777245,0.00024263438331395548
186.6,9.999765416217665,10.000007794777245,0.00024237855958020305
186.7,9.99976567163689,10.000007794777245,0.00024212314035487736
186.8,9.99976592665246,10.000007794777245,0.00024186812478532715
186.9,9.99976618126522,10.000007794777245,0.0002416135120242302
187.0,9.999766435476024,10.000007794777245,0.00024135930122071159
187.1,9.999766689285716,10.000007794777245,0.00024110549152922545
187.2,9.999766942695135,10.000007794777245,0.000240852082109555
187.3,9.999767195705127,10.000007794777245,0.00024059907211793075
187.4,9.999767448316529,10.000007794777245,0.00024034646071591226
187.5,9.999767700530178,10.000007794777245,0.00024009424706683546
187.6,9.99976795234691,10.000007794777245,0.00023984243033581265
187.7,9.999768203767553,10.000007794777245,0.00023959100969150882
187.8,9.999768454792942,10.000007794777245,0.00023933998430258896
187.9,9.999768705423904,10.000007794777245,0.0002390893533412708
188.0,9.999768955661263,10.000007794777245,0.0002388391159815484
188.1,9.999769205505844,10.000007794777245,0.00023858927140096853
188.2,9.999769454958468,10.000007794777245,0.000238339818777078
188.3,9.999769704019956,10.000007794777245,0.00023809075728919993
188.4,9.999769952691121,10.000007794777245,0.0002378420861237629
188.5,9.999770200972783,10.000007794777245,0.0002375938044618664
188.6,9.999770448865753,10.000007794777245,0.00023734591149171536
188.7,9.99977069637084,10.000007794777245,0.0002370984064050674
188.8,9.999770943488857,10.000007794777245,0.00023685128838835112
188.9,9.999771190220606,10.000007794777245,0.0002366045566386532
189.0,9.999771436566895,10.000007794777245,0.00023635821034950766
189.1,9.999771682528525,10.000007794777245,0.00023611224871977754
189.2,9.999771928106297,10.000007794777245,0.00023586667094832592
189.3,9.999772173301007,10.000007794777245,0.00023562147623756857
189.4,9.999772418113453,10.000007794777245,0.00023537666379169764
189.5,9.999772662544428,10.000007794777245,0.0002351322328166816
189.6,9.999772906594728,10.000007794777245,0.00023488818251671262
189.7,9.999773150265138,10.000007794777245,0.00023464451210664095
189.8,9.999773393556449,10.000007794777245,0.0002344012207959878
189.9,9.999773636469445,10.000007794777245,0.00023415830779960345
190.0,9.999773879004913,10.000007794777245,0.00023391577233233818
190.1,9.99977412116363,10.000007794777245,0.00023367361361437133
190.2,9.999774362946381,10.000007794777245,0.0002334318308641059
190.3,9.99977460435394,10.000007794777245,0.00023319042330527395
190.4,9.999774845387085,10.000007794777245,0.00023294939015983118
190.5,9.999775086046588,10.000007794777245,0.00023270873065683872
190.6,9.999775326333223,10.000007794777245,0.000232468444021805
190.7,9.99977556624776,10.000007794777245,0.0002322285294855675
190.8,9.999775805790962,10.000007794777245,0.0002319889862825164
190.9,9.999776044963602,10.000007794777245,0.00023174981364348923
191.0,9.999776283766439,10.000007794777245,0.00023151101080642889
191.1,9.999776522200234,10.000007794777245,0.00023127257701105464
191.2,9.99977676026575,10.000007794777245,0.0002310345114953094
191.3,9.999776997963744,10.000007794777245,0.0002307968135006888
191.4,9.999777235294975,10.000007794777245,0.00023055948227046485
191.5,9.999777472260192,10.000007794777245,0.00023032251705323858
191.6,9.99977770886015,10.000007794777245,0.0002300859170958347
191.7,9.999777945095598,10.000007794777245,0.00022984968164685426
191.8,9.999778180967287,10.000007794777245,0.00022961380995845104
191.9,9.99977841647596,10.000007794777245,0.00022937830128455516
192.0,9.999778651622362,10.000007794777245,0.00022914315488264947
192.1,9.999778886407237,10.000007794777245,0.00022890837000844044
192.2,9.999779120831326,10.000007794777245,0.00022867394591941093
192.3,9.999779354895367,10.000007794777245,0.00022843988187837283
192.4,9.999779588600095,10.000007794777245,0.00022820617714991442
192.5,9.999779821946246,10.000007794777245,0.00022797283099862398
192.6,9.999780054934556,10.000007794777245,0.00022773984268908976
192.7,9.999780287565752,10.000007794777245,0.00022750721149300546
192.8,9.999780519840568,10.000007794777245,0.0002272749366767357
192.9,9.999780751759728,10.000007794777245,0.00022704301751730327
193.0,9.999780983323959,10.000007794777245,0.00022681145328640184
193.1,9.999781214533984,10.000007794777245,0.0002265802432610542
193.2,9.999781445390527,10.000007794777245,0.00022634938671828309
193.3,9.999781675894305,10.000007794777245,0.00022611888294044036
193.4,9.999781906046039,10.000007794777245,0.00022588873120632513
193.5,9.999782135846443,10.000007794777245,0.00022565893080184196
193.6,9.999782365296234,10.000007794777245,0.00022542948101111904
193.7,9.999782594396123,10.000007794777245,0.00022520038112183727
193.8,9.999782823146822,10.000007794777245,0.00022497163042345392
193.9,9.99978305154904,10.000007794777245,0.00022474322820542625
194.0,9.999783279603484,10.000007794777245,0.00022451517376076424
194.1,9.99978350731086,10.000007794777245,0.00022428746638425423
194.2,9.999783734671873,10.000007794777245,0.0002240601053724589
194.3,9.999783961687221,10.000007794777245,0.00022383309002371732
194.4,9.99978418835761,10.000007794777245,0.00022360641963459216
194.5,9.999784414683734,10.000007794777245,0.0002233800935105279
194.6,9.999784640666293,10.000007794777245,0.00022315411095163995
194.7,9.99978486630598,10.000007794777245,0.00022292847126514914
194.8,9.99978509160349,10.000007794777245,0.0002227031737547236
194.9,9.999785316559512,10.000007794777245,0.0002224782177329132
195.0,9.999785541174736,10.000007794777245,0.00022225360250871518
195.1,9.99978576544985,10.000007794777245,0.0002220293273946794
195.2,9.999785989385543,10.000007794777245,0.00022180539170157942
195.3,9.999786212982498,10.000007794777245,0.00022158179474729423
195.4,9.999786436241395,10.000007794777245,0.00022135853584970278
195.5,9.99978665916292,10.000007794777245,0.0002211356143249077
195.6,9.999786881747749,10.000007794777245,0.00022091302949611702
195.7,9.99978710399656,10.000007794777245,0.00022069078068476244
195.8,9.99978732591003,10.000007794777245,0.00022046886721582837
195.9,9.999787547488832,10.000007794777245,0.00022024728841252283
196.0,9.99978776873364,10.000007794777245,0.00022002604360515932
196.1,9.999787989645123,10.000007794777245,0.00021980513212227493
196.2,9.99978821022395,10.000007794777245,0.00021958455329418314
196.3,9.999788430470792,10.000007794777245,0.00021936430645297378
196.4,9.99978865038631,10.000007794777245,0.0002191443909342894
196.5,9.999788869971173,10.000007794777245,0.00021892480607199616
196.6,9.99978908922604,10.000007794777245,0.00021870555120528934
196.7,9.999789308151573,10.000007794777245,0.00021848662567158783
196.8,9.999789526748431,10.000007794777245,0.0002182680288136396
196.9,9.999789745017273,10.000007794777245,0.00021804975997241627
197.0,9.999789962958753,10.000007794777245,0.00021783181849244215
197.1,9.999790180573527,10.000007794777245,0.00021761420371824158
197.2,9.999790397862245,10.000007794777245,0.00021739691499966796
197.3,9.99979061482556,10.000007794777245,0.0002171799516847983
197.4,9.999790831464122,10.000007794777245,0.00021696331312348605
197.5,9.999791047778576,10.000007794777245,0.00021674699866913727
197.6,9.99979126376957,10.000007794777245,0.0002165310076751581
197.7,9.999791479437746,10.000007794777245,0.00021631533949850734
197.8,9.999791694783752,10.000007794777245,0.00021609999349259112
197.9,9.999791909808227,10.000007794777245,0.00021588496901792098
198.0,9.999792124511808,10.000007794777245,0.0002156702654367848
198.1,9.999792338895137,10.000007794777245,0.00021545588210791777
198.2,9.999792552958848,10.000007794777245,0.0002152418183971605
198.3,9.999792766703576,10.000007794777245,0.00021502807366857724
198.4,9.999792980129957,10.000007794777245,0.0002148146472880086
198.5,9.99979319323862,10.000007794777245,0.00021460153862484788
198.6,9.999793406030197,10.000007794777245,0.00021438874704848843
198.7,9.999793618505317,10.000007794777245,0.00021417627192832356
198.8,9.999793830664604,10.000007794777245,0.00021396411264085202
198.9,9.999794042508686,10.000007794777245,0.00021375226855901985
199.0,9.999794254038187,10.000007794777245,0.00021354073905754944
199.1,9.99979446525373,10.000007794777245,0.0002133295235147159
199.2,9.999794676155934,10.000007794777245,0.0002131186213105707
199.3,9.999794886745422,10.000007794777245,0.0002129080318233889
199.4,9.999795097022806,10.000007794777245,0.0002126977544385511
199.5,9.999795306988709,10.000007794777245,0.00021248778853610872
199.6,9.999795516643742,10.000007794777245,0.00021227813350321867
199.7,9.999795725988518,10.000007794777245,0.00021206878872703783
199.8,9.99979593502365,10.000007794777245,0.0002118597535947231
199.9,9.999796143749748,10.000007794777245,0.00021165102749698406
200.0,9.999796352167422,10.000007794777245,0.00021144260982275398
200.1,9.999796560277277,10.000007794777245,0.00021123449996807153
200.2,9.99979676807992,10.000007794777245,0.00021102669732542267
200.3,9.999796975575956,10.000007794777245,0.00021081920128906972
200.4,9.999797182765986,10.000007794777245,0.00021061201125860407
200.5,9.999797389650613,10.000007794777245,0.00021040512663184074
200.6,9.999797596230437,10.000007794777245,0.00021019854680837113
200.7,9.999797802506055,10.000007794777245,0.00020999227118956298
200.8,9.999798008478066,10.000007794777245,0.0002097862991785604
200.9,9.999798214147065,10.000007794777245,0.00020958063018028383
201.0,9.999798419513644,10.000007794777245,0.0002093752636014301
201.1,9.999798624578395,10.000007794777245,0.0002091701988504724
201.2,9.999798829341913,10.000007794777245,0.00020896543533233114
201.3,9.999799033804784,10.000007794777245,0.0002087609724608086
201.4,9.999799237967599,10.000007794777245,0.0002085568096461543
201.5,9.999799441830945,10.000007794777245,0.00020835294630039414
201.6,9.999799645395404,10.000007794777245,0.00020814938184088305
201.7,9.999799848661562,10.000007794777245,0.00020794611568319965
201.8,9.999800051630002,10.000007794777245,0.00020774314724292253
201.9,9.999800254301304,10.000007794777245,0.00020754047594095937
202.0,9.999800456676049,10.000007794777245,0.00020733810119644147
202.1,9.999800658754813,10.000007794777245,0.00020713602243205287
202.2,9.999800860538175,10.000007794777245,0.0002069342390704776
202.3,9.999801062026709,10.000007794777245,0.000206732750536176
202.4,9.99980126322099,10.000007794777245,0.00020653155625538488
202.5,9.99980146412159,10.000007794777245,0.00020633065565434094
202.6,9.99980166472908,10.000007794777245,0.00020613004816461
202.7,9.999801865044033,10.000007794777245,0.0002059297332124288
202.8,9.999802065067012,10.000007794777245,0.00020572971023291586
202.9,9.999802264798587,10.000007794777245,0.000205529978657637
203.0,9.999802464239325,10.000007794777245,0.00020533053791993439
203.1,9.999802663389787,10.000007794777245,0.00020513138745847925
203.2,9.999802862250538,10.000007794777245,0.00020493252670661377
203.3,9.999803060822142,10.000007794777245,0.00020473395510300918
203.4,9.999803259105155,10.000007794777245,0.00020453567208988943
203.5,9.999803457100139,10.000007794777245,0.00020433767710592576
203.6,9.99980365480765,10.000007794777245,0.0002041399695951185
203.7,9.999803852228244,10.000007794777245,0.0002039425490014679
203.8,9.999804049362474,10.000007794777245,0.0002037454147707507
203.9,9.999804246210898,10.000007794777245,0.00020354856634696716
204.0,9.999804442774066,10.000007794777245,0.00020335200317944668
204.1,9.999804639052527,10.000007794777245,0.00020315572471751864
204.2,9.999804835046833,10.000007794777245,0.00020295973041228876
204.3,9.99980503075753,10.000007794777245,0.0002027640197148628
204.4,9.999805226185169,10.000007794777245,0.00020256859207634648
204.5,9.99980542133029,10.000007794777245,0.00020237344695495096
204.6,9.999805616193441,10.000007794777245,0.00020217858380355835
204.7,9.999805810775166,10.000007794777245,0.00020198400207860345
204.8,9.999806005076003,10.000007794777245,0.00020178970124185014
204.9,9.999806199096493,10.000007794777245,0.00020159568075150958
205.0,9.99980639283718,10.000007794777245,0.00020140194006579293
205.1,9.999806586298593,10.000007794777245,0.00020120847865179314
205.2,9.999806779481274,10.000007794777245,0.0002010152959712741
205.3,9.999806972385757,10.000007794777245,0.00020082239148777603
205.4,9.999807165012577,10.000007794777245,0.00020062976466839189
205.5,9.999807357362265,10.000007794777245,0.0002004374149802146
205.6,9.999807549435355,10.000007794777245,0.00020024534189033716
205.7,9.999807741232372,10.000007794777245,0.0002000535448729579
205.8,9.99980793275385,10.000007794777245,0.00019986202339516979
205.9,9.999808124000312,10.000007794777245,0.00019967077693294755
206.0,9.999808314972288,10.000007794777245,0.00019947980495693685
206.1,9.999808505670302,10.000007794777245,0.00019928910694311242
206.2,9.999808696094876,10.000007794777245,0.00019909868236922534
206.3,9.999808886246534,10.000007794777245,0.00019890853071125036
206.4,9.999809076125796,10.000007794777245,0.00019871865144871492
206.5,9.999809265733184,10.000007794777245,0.00019852904406114646
206.6,9.999809455069215,10.000007794777245,0.0001983397080298488
206.7,9.999809644134407,10.000007794777245,0.00019815064283790207
206.8,9.999809832929277,10.000007794777245,0.00019796184796838645
206.9,9.999810021454339,10.000007794777245,0.00019777332290615846
207.0,9.999810209710105,10.000007794777245,0.0001975850671396273
207.1,9.999810397697091,10.000007794777245,0.00019739708015364954
207.2,9.999810585415808,10.000007794777245,0.00019720936143663437
207.3,9.999810772866766,10.000007794777245,0.00019702191047876738
207.4,9.999810960050471,10.000007794777245,0.00019683472677378688
207.5,9.999811146967435,10.000007794777245,0.0001966478098101021
207.6,9.999811333618162,10.000007794777245,0.0001964611590832277
207.7,9.999811520003156,10.000007794777245,0.00019627477408867833
207.8,9.999811706122925,10.000007794777245,0.0001960886543201923
207.9,9.99981189197797,10.000007794777245,0.0001959027992750606
208.0,9.999812077568793,10.000007794777245,0.00019571720845235063
208.1,9.999812262895892,10.000007794777245,0.0001955318813529061
208.2,9.99981244795977,10.000007794777245,0.0001953468174757944
208.3,9.999812632760921,10.000007794777245,0.0001951620163236356
208.4,9.999812817299848,10.000007794777245,0.00019497747739727345
208.5,9.999813001577042,10.000007794777245,0.0001947932002028807
208.6,9.999813185593,10.000007794777245,0.00019460918424485385
208.7,9.999813369348214,10.000007794777245,0.00019442542903114202
208.8,9.999813552843177,10.000007794777245,0.000194241934067918
208.9,9.99981373607838,10.000007794777245,0.00019405869886490734
209.0,9.999813919054313,10.000007794777245,0.00019387572293183553
209.1,9.999814101771467,10.000007794777245,0.00019369300577842807
209.2,9.999814284230325,10.000007794777245,0.00019351054691973957
209.3,9.999814466431378,10.000007794777245,0.00019332834586727188
209.4,9.99981464837511,10.000007794777245,0.00019314640213430323
209.5,9.999814830062004,10.000007794777245,0.00019296471524121728
209.6,9.999815011492545,10.000007794777245,0.0001927832846995159
209.7,9.999815192667214,10.000007794777245,0.00019260211003135908
209.8,9.999815373586491,10.000007794777245,0.00019242119075357778
209.9,9.999815554250858,10.000007794777245,0.00019224052638655564
210.0,9.999815734660793,10.000007794777245,0.0001920601164524527
210.1,9.999815914816772,10.000007794777245,0.00019187996047342892
210.2,9.99981609471927,10.000007794777245,0.00019170005797519707
210.3,9.999816274368767,10.000007794777245,0.00019152040847814078
210.4,9.999816453765733,10.000007794777245,0.0001913410115115255
210.5,9.999816632910644,10.000007794777245,0.00019116186660106393
210.6,9.999816811803969,10.000007794777245,0.00019098297327602154
210.7,9.999816990446181,10.000007794777245,0.0001908043310638874
210.8,9.99981716883775,10.000007794777245,0.00019062593949570328
210.9,9.99981734697914,10.000007794777245,0.00019044779810428736
211.0,9.999817524870826,10.000007794777245,0.00019026990641890507
211.1,9.99981770251327,10.000007794777245,0.0001900922639741509
211.2,9.999817879906939,10.000007794777245,0.00018991487030639576
211.3,9.999818057052295,10.000007794777245,0.0001897377249502341
211.4,9.999818233949803,10.000007794777245,0.00018956082744203684
211.5,9.999818410599923,10.000007794777245,0.00018938417732172752
211.6,9.999818587003118,10.000007794777245,0.00018920777412745338
211.7,9.999818763159848,10.000007794777245,0.00018903161739736163
211.8,9.99981893907057,10.000007794777245,0.00018885570667492857
211.9,9.999819114735745,10.000007794777245,0.00018868004150007778
212.0,9.999819290155827,10.000007794777245,0.0001885046214180619
212.1,9.999819465331273,10.000007794777245,0.00018832944597235723
212.2,9.999819640262537,10.000007794777245,0.00018815451470821642
212.3,9.999819814950072,10.000007794777245,0.00018797982717266848
212.4,9.99981998939433,10.000007794777245,0.00018780538291451876
212.5,9.999820163595766,10.000007794777245,0.00018763118147901992
212.6,9.999820337554828,10.000007794777245,0.00018745722241675367
212.7,9.999820511271965,10.000007794777245,0.0001872835052800781
212.8,9.999820684747625,10.000007794777245,0.0001871100296195749
212.9,9.999820857982257,10.000007794777245,0.00018693679498760218
213.0,9.999821030976307,10.000007794777245,0.00018676380093829437
213.1,9.99982120373022,10.000007794777245,0.00018659104702578588
213.2,9.999821376244437,10.000007794777245,0.00018641853280776388
213.3,9.999821548519405,10.000007794777245,0.00018624625784013915
213.4,9.999821720555566,10.000007794777245,0.00018607422167882248
213.5,9.99982189235336,10.000007794777245,0.00018590242388505374
213.6,9.999822063913227,10.000007794777245,0.00018573086401829642
213.7,9.999822235235605,10.000007794777245,0.00018555954163979038
213.8,9.999822406320936,10.000007794777245,0.00018538845630899914
213.9,9.999822577169653,10.000007794777245,0.00018521760759249162
214.0,9.999822747782193,10.000007794777245,0.00018504699505150768
214.1,9.999822918158992,10.000007794777245,0.00018487661825261625
214.2,9.999823088300484,10.000007794777245,0.00018470647676060992
214.3,9.999823258207103,10.000007794777245,0.0001845365701420576
214.4,9.999823427879278,10.000007794777245,0.00018436689796708094
214.5,9.999823597317443,10.000007794777245,0.00018419745980224889
214.6,9.999823766522027,10.000007794777245,0.00018402825521768307
214.7,9.99982393549346,10.000007794777245,0.0001838592837852815
214.8,9.99982410423217,10.000007794777245,0.0001836905450751658
214.9,9.999824272738582,10.000007794777245,0.0001835220386627867
215.0,9.999824441013125,10.000007794777245,0.00018335376412004223
215.1,9.99982460905622,10.000007794777245,0.00018318572102415942
215.2,9.999824776868294,10.000007794777245,0.000183017908950589
215.3,9.999824944449772,10.000007794777245,0.00018285032747300534
215.4,9.999825111801073,10.000007794777245,0.0001826829761721882
215.5,9.99982527892262,10.000007794777245,0.00018251585462536468
215.6,9.999825445814833,10.000007794777245,0.0001823489624115382
215.7,9.999825612478132,10.000007794777245,0.0001821822991132649
215.8,9.999825778912935,10.000007794777245,0.0001820158643095482
215.9,9.999825945119658,10.000007794777245,0.00018184965758649696
216.0,9.99982611109872,10.000007794777245,0.00018168367852489098
216.1,9.999826276850534,10.000007794777245,0.0001815179267108391
216.2,9.999826442375516,10.000007794777245,0.00018135240172867384
216.3,9.99982660767408,10.000007794777245,0.00018118710316450404
216.4,9.999826772746639,10.000007794777245,0.0001810220306062149
216.5,9.999826937593602,10.000007794777245,0.00018085718364346803
216.6,9.999827102215383,10.000007794777245,0.00018069256186237226
216.7,9.999827266612389,10.000007794777245,0.00018052816485614187
216.8,9.99982743078503,10.000007794777245,0.00018036399221443844
216.9,9.999827594733718,10.000007794777245,0.00018020004352692354
217.0,9.999827758458855,10.000007794777245,0.00018003631839036416
217.1,9.999827921960849,10.000007794777245,0.00017987281639619823
217.2,9.999828085240106,10.000007794777245,0.0001797095371394164
217.3,9.99982824829703,10.000007794777245,0.0001795464802150093
217.4,9.999828411132023,10.000007794777245,0.00017938364522152028
217.5,9.99982857374549,10.000007794777245,0.00017922103175571635
217.6,9.999828736137829,10.000007794777245,0.00017905863941614086
217.7,9.999828898309444,10.000007794777245,0.00017889646780133717
217.8,9.999829060260733,10.000007794777245,0.00017873451651162497
217.9,9.999829221992096,10.000007794777245,0.00017857278514910035
218.0,9.999829383503931,10.000007794777245,0.00017841127331408302
218.1,9.999829544796635,10.000007794777245,0.0001782499806104454
218.2,9.999829705870603,10.000007794777245,0.0001780889066420599
218.3,9.99982986672623,10.000007794777245,0.00017792805101457532
218.4,9.999830027363913,10.000007794777245,0.00017776741333186408
218.5,9.999830187784044,10.000007794777245,0.00017760699320135132
218.6,9.999830347987015,10.000007794777245,0.00017744679023046217
218.7,9.999830507973217,10.000007794777245,0.00017728680402839814
218.8,9.999830667743042,10.000007794777245,0.00017712703420258435
218.9,9.999830827296883,10.000007794777245,0.00017696748036222232
219.0,9.999830986635125,10.000007794777245,0.00017680814212006624
219.1,9.999831145758156,10.000007794777245,0.00017664901908887032
219.2,9.999831304666367,10.000007794777245,0.00017649011087783606
219.3,9.99983146336014,10.000007794777245,0.00017633141710504674
219.4,9.999831621839864,10.000007794777245,0.0001761729373814802
219.5,9.999831780105922,10.000007794777245,0.0001760146713234434
219.6,9.999831938158698,10.000007794777245,0.00017585661854724322
219.7,9.999832095998578,10.000007794777245,0.00017569877866741024
219.8,9.99983225362594,10.000007794777245,0.00017554115130558046
219.9,9.999832411041165,10.000007794777245,0.00017538373607983715
220.0,9.999832568244639,10.000007794777245,0.00017522653260648724
220.1,9.999832725236736,10.000007794777245,0.00017506954050894308
220.2,9.999832882017836,10.000007794777245,0.00017491275940884066
220.3,9.999833038588319,10.000007794777245,0.0001747561889260396
220.4,9.99983319494856,10.000007794777245,0.00017459982868572865
220.5,9.999833351098935,10.000007794777245,0.00017444367830954377
220.6,9.99983350703982,10.000007794777245,0.00017428773742445003
220.7,9.99983366277159,10.000007794777245,0.00017413200565563614
220.8,9.999833818294617,10.000007794777245,0.0001739764826282908
220.9,9.999833973609276,10.000007794777245,0.00017382116796937908
221.0,9.999834128715937,10.000007794777245,0.0001736660613076424
221.1,9.999834283614975,10.000007794777245,0.00017351116227004582
221.2,9.999834438306756,10.000007794777245,0.00017335647048888347
221.3,9.999834592791652,10.000007794777245,0.0001732019855928968
221.4,9.99983474707003,10.000007794777245,0.0001730477072143799
221.5,9.99983490114226,10.000007794777245,0.00017289363498562693
221.6,9.999835055008706,10.000007794777245,0.00017273976853893203
221.7,9.999835208669737,10.000007794777245,0.00017258610750836567
221.8,9.999835362125717,10.000007794777245,0.00017243265152799836
221.9,9.999835515377011,10.000007794777245,0.00017227940023367694
222.0,9.999835668423986,10.000007794777245,0.0001721263532594719
222.1,9.999835821266998,10.000007794777245,0.00017197351024655916
222.2,9.999835973906416,10.000007794777245,0.0001718208708290092
222.3,9.999836126342597,10.000007794777245,0.00017166843464799797
222.4,9.999836278575904,10.000007794777245,0.00017151620134114864
222.5,9.999836430606695,10.000007794777245,0.00017136417054963715
222.6,9.999836582435332,10.000007794777245,0.00017121234191286305
222.7,9.999836734062171,10.000007794777245,0.00017106071507377862
222.8,9.999836885487568,10.000007794777245,0.0001709092896771125
222.9,9.999837036711881,10.000007794777245,0.0001707580653640406
223.0,9.999837187735467,10.000007794777245,0.00017060704177751518
223.1,9.999837338558681,10.000007794777245,0.00017045621856404125
223.2,9.999837489181877,10.000007794777245,0.00017030559536834744
223.3,9.999837639605406,10.000007794777245,0.0001701551718387151
223.4,9.999837789829623,10.000007794777245,0.0001700049476216492
223.5,9.99983793985488,10.000007794777245,0.0001698549223654311
223.6,9.999838089681527,10.000007794777245,0.00016970509571834214
223.7,9.999838239309915,10.000007794777245,0.00016955546733044002
223.8,9.999838388740393,10.000007794777245,0.00016940603685178246
223.9,9.999838537973313,10.000007794777245,0.00016925680393242715
224.0,9.999838687009017,10.000007794777245,0.00016910776822776086
224.1,9.999838835847859,10.000007794777245,0.00016895892938606494
224.2,9.99983898449018,10.000007794777245,0.00016881028706450252
224.3,9.999839132936328,10.000007794777245,0.00016866184091668401
224.4,9.99983928118665,10.000007794777245,0.00016851359059444349
224.5,9.999839429241488,10.000007794777245,0.00016836553575672042
224.6,9.999839577101184,10.000007794777245,0.00016821767606067795
224.7,9.999839724766085,10.000007794777245,0.00016807001115992648
224.8,9.999839872236528,10.000007794777245,0.00016792254071695822
224.9,9.999840019512858,10.000007794777245,0.00016777526438715995
225.0,9.999840166595412,10.000007794777245,0.00016762818183302386
225.1,9.999840313484533,10.000007794777245,0.00016748129271171308
225.2,9.999840460180561,10.000007794777245,0.00016733459668394346
225.3,9.999840606683831,10.000007794777245,0.00016718809341398355
225.4,9.999840752994682,10.000007794777245,0.0001670417825625492
225.5,9.99984089911345,10.000007794777245,0.00016689566379568532
225.6,9.999841045040471,10.000007794777245,0.00016674973677410776
225.7,9.99984119077608,10.000007794777245,0.00016660400116563778
225.8,9.999841336320612,10.000007794777245,0.0001664584566327676
225.9,9.999841481674403,10.000007794777245,0.0001663131028415421
226.0,9.999841626837785,10.000007794777245,0.0001661679394597826
226.1,9.999841771811088,10.000007794777245,0.00016602296615708667
226.2,9.999841916594645,10.000007794777245,0.00016587818259949927
226.3,9.99984206118879,10.000007794777245,0.00016573358845484165
226.4,9.99984220559385,10.000007794777245,0.0001655891833944878
226.5,9.999842349810155,10.000007794777245,0.0001654449670898117
226.6,9.999842493838033,10.000007794777245,0.00016530093921218736
226.7,9.999842637677814,10.000007794777245,0.00016515709943121237
226.8,9.999842781329823,10.000007794777245,0.00016501344742181345
226.9,9.999842924794388,10.000007794777245,0.00016486998285714094
227.0,9.999843068071835,10.000007794777245,0.00016472670541034518
227.1,9.999843211162489,10.000007794777245,0.00016458361475635286
227.2,9.999843354066675,10.000007794777245,0.0001644407105700907
227.3,9.999843496784715,10.000007794777245,0.00016429799253003807
227.4,9.999843639316936,10.000007794777245,0.00016415546030934536
227.5,9.999843781663655,10.000007794777245,0.00016401311359004467
227.6,9.999843923825198,10.000007794777245,0.0001638709520470627
227.7,9.999844065801884,10.000007794777245,0.00016372897536065523
227.8,9.999844207594034,10.000007794777245,0.000163587183211078
227.9,9.999844349201966,10.000007794777245,0.00016344557527858683
228.0,9.999844490626003,10.000007794777245,0.0001633041512416611
228.1,9.999844631866459,10.000007794777245,0.00016316291078588563
228.2,9.999844772923653,10.000007794777245,0.00016302185359151622
228.3,9.999844913797903,10.000007794777245,0.00016288097934236134
228.4,9.999845054489523,10.000007794777245,0.00016274028772222948
228.5,9.99984519499883,10.000007794777245,0.00016259977841492912
228.6,9.999845335326139,10.000007794777245,0.0001624594511060451
228.7,9.999845475471764,10.000007794777245,0.00016231930548116225
228.8,9.99984561543602,10.000007794777245,0.00016217934122586541
228.9,9.999845755219216,10.000007794777245,0.00016203955802929215
229.0,9.999845894821664,10.000007794777245,0.00016189995558058
229.1,9.99984603424368,10.000007794777245,0.00016176053356531384
229.2,9.999846173485572,10.000007794777245,0.00016162129167263117
229.3,9.999846312547652,10.000007794777245,0.00016148222959344594
229.4,9.999846451430225,10.000007794777245,0.0001613433470204484
229.5,9.999846590133602,10.000007794777245,0.0001612046436427761
229.6,9.999846728658094,10.000007794777245,0.00016106611915134295
229.7,9.999846867004004,10.000007794777245,0.00016092777324061558
229.8,9.999847005171642,10.000007794777245,0.00016078960560328426
229.9,9.999847143161313,10.000007794777245,0.00016065161593203925
230.0,9.999847280973322,10.000007794777245,0.00016051380392312353
230.1,9.999847418607976,10.000007794777245,0.00016037616926922738
230.2,9.999847556065577,10.000007794777245,0.00016023871166837012
230.3,9.999847693346428,10.000007794777245,0.00016010143081679473
230.4,9.999847830450832,10.000007794777245,0.00015996432641252056
230.5,9.999847967379093,10.000007794777245,0.0001598273981517906
230.6,9.999848104131512,10.000007794777245,0.00015969064573262415
230.7,9.999848240708388,10.000007794777245,0.0001595540688565933
230.8,9.999848377110023,10.000007794777245,0.00015941766722171735
230.9,9.999848513336719,10.000007794777245,0.00015928144052601567
231.0,9.99984864938877,10.000007794777245,0.00015914538847461301
231.1,9.999848785266478,10.000007794777245,0.00015900951076730507
231.2,9.99984892097014,10.000007794777245,0.0001588738071056639
231.3,9.99984905650005,10.000007794777245,0.00015873827719481426
231.4,9.999849191856507,10.000007794777245,0.00015860292073810456
231.5,9.999849327039808,10.000007794777245,0.00015846773743710685
231.6,9.999849462050246,10.000007794777245,0.00015833272699872225
231.7,9.999849596888117,10.000007794777245,0.00015819788912807553
231.8,9.999849731553715,10.000007794777245,0.00015806322353029145
231.9,9.999849866047333,10.000007794777245,0.00015792872991227114
232.0,9.999850000369262,10.000007794777245,0.00015779440798269206
232.1,9.999850134519797,10.000007794777245,0.00015766025744845535
232.2,9.999850268499227,10.000007794777245,0.00015752627801823849
232.3,9.999850402307844,10.000007794777245,0.00015739246940071894
232.4,9.999850535945937,10.000007794777245,0.0001572588313081269
232.5,9.999850669413796,10.000007794777245,0.00015712536344913985
232.6,9.999850802711713,10.000007794777245,0.00015699206553243528
232.7,9.999850935839971,10.000007794777245,0.00015685893727379607
232.8,9.999851068798863,10.000007794777245,0.00015672597838189972
232.9,9.999851201588672,10.000007794777245,0.00015659318857252913
233.0,9.999851334209687,10.000007794777245,0.0001564605675579145
233.1,9.999851466662193,10.000007794777245,0.00015632811505206234
233.2,9.999851598946474,10.000007794777245,0.0001561958307707556
233.3,9.999851731062817,10.000007794777245,0.00015606371442800082
233.4,9.999851863011505,10.000007794777245,0.0001559317657395809
233.5,9.999851994792824,10.000007794777245,0.00015579998442127874
233.6,9.999852126407053,10.000007794777245,0.00015566837019242996
233.7,9.999852257854476,10.000007794777245,0.00015553692276881748
233.8,9.999852389135375,10.000007794777245,0.0001554056418697769
233.9,9.99985252025003,10.000007794777245,0.00015527452721464385
234.0,9.999852651198724,10.000007794777245,0.0001551435785209776
234.1,9.999852781981735,10.000007794777245,0.0001550127955098901
234.2,9.999852912599343,10.000007794777245,0.00015488217790249337
234.3,9.999853043051825,10.000007794777245,0.00015475172541989934
234.4,9.999853173339462,10.000007794777245,0.00015462143778322002
234.5,9.99985330346253,10.000007794777245,0.00015449131471534372
234.6,9.999853433421304,10.000007794777245,0.00015436135594093514
234.7,9.999853563216064,10.000007794777245,0.00015423156118110626
234.8,9.999853692847083,10.000007794777245,0.00015410193016229812
234.9,9.99985382231464,10.000007794777245,0.0001539724626056227
235.0,9.999853951619006,10.000007794777245,0.0001538431582392974
235.1,9.999854080760455,10.000007794777245,0.00015371401678976326
235.2,9.999854209739265,10.000007794777245,0.00015358503797990863
235.3,9.999854338555705,10.000007794777245,0.00015345622153972727
235.4,9.999854467210048,10.000007794777245,0.00015332756719743657
235.5,9.999854595702566,10.000007794777245,0.00015319907467947758
235.6,9.999854724033531,10.000007794777245,0.0001530707437140677
235.7,9.999854852203212,10.000007794777245,0.00015294257403297706
235.8,9.99985498021188,10.000007794777245,0.00015281456536442306
235.9,9.999855108059805,10.000007794777245,0.0001526867174401758
236.0,9.999855235747257,10.000007794777245,0.00015255902998845272
236.1,9.9998553632745,10.000007794777245,0.00015243150274457662
236.2,9.999855490641808,10.000007794777245,0.0001523041354367649
236.3,9.999855617849445,10.000007794777245,0.00015217692780034042
236.4,9.999855744897676,10.000007794777245,0.00015204987956884963
236.5,9.999855871786771,10.000007794777245,0.00015192299047406266
236.6,9.999855998516994,10.000007794777245,0.00015179626025130233
236.7,9.999856125088609,10.000007794777245,0.00015166968863589148
236.8,9.99985625150188,10.000007794777245,0.00015154327536492929
236.9,9.999856377757073,10.000007794777245,0.00015141702017196224
237.0,9.999856503854451,10.000007794777245,0.0001512909227940895
237.1,9.999856629794275,10.000007794777245,0.00015116498297018666
237.2,9.999856755576811,10.000007794777245,0.00015103920043380015
237.3,9.99985688120232,10.000007794777245,0.00015091357492558188
237.4,9.999857006671059,10.000007794777245,0.00015078810618618377
237.5,9.999857131983292,10.000007794777245,0.000150662793952705
237.6,9.99985725713928,10.000007794777245,0.00015053763796579744
237.7,9.999857382139279,10.000007794777245,0.00015041263796611304
237.8,9.99985750698355,10.000007794777245,0.00015028779369430367
237.9,9.999857631672354,10.000007794777245,0.00015016310489102125
238.0,9.999857756205946,10.000007794777245,0.00015003857129869402
238.1,9.999857880584587,10.000007794777245,0.0001499141926579739
238.2,9.999858004808528,10.000007794777245,0.0001497899687166182
238.3,9.999858128878031,10.000007794777245,0.00014966589921350248
238.4,9.999858252793349,10.000007794777245,0.00014954198389638407
238.5,9.999858376554737,10.000007794777245,0.0001494182225076912
238.6,9.999858500162452,10.000007794777245,0.0001492946147934049
238.7,9.999858623616747,10.000007794777245,0.00014917116049772972
238.8,9.999858746917875,10.000007794777245,0.00014904785937019938
238.9,9.99985887006609,10.000007794777245,0.00014892471115501849
239.0,9.999858993061645,10.000007794777245,0.00014880171559994437
239.1,9.99985911590479,10.000007794777245,0.00014867887245451072
239.2,9.99985923859578,10.000007794777245,0.0001485561814646985
239.3,9.999859361134865,10.000007794777245,0.00014843364238004142
239.4,9.999859483522297,10.000007794777245,0.00014831125494829678
239.5,9.999859605758322,10.000007794777245,0.00014818901892255099
239.6,9.999859727843193,10.000007794777245,0.00014806693405233773
239.7,9.999859849777156,10.000007794777245,0.00014794500008896705
239.8,9.999859971560463,10.000007794777245,0.00014782321678197263
239.9,9.99986009319336,10.000007794777245,0.00014770158388444088
240.0,9.999860214676096,10.000007794777245,0.0001475801011494582
240.1,9.999860336008917,10.000007794777245,0.0001474587683283346
240.2,9.999860457192069,10.000007794777245,0.00014733758517593287
240.3,9.9998605782258,10.000007794777245,0.0001472165514453394
240.4,9.999860699110354,10.000007794777245,0.00014709566689141695
240.5,9.999860819845976,10.000007794777245,0.00014697493126902827
240.6,9.99986094043291,10.000007794777245,0.00014685434433481248
240.7,9.999861060871401,10.000007794777245,0.00014673390584363233
240.8,9.999861181161695,10.000007794777245,0.00014661361555035057
240.9,9.99986130130403,10.000007794777245,0.00014649347321515904
241.0,9.999861421298652,10.000007794777245,0.0001463734785929205
241.1,9.999861541145801,10.000007794777245,0.00014625363144382675
241.2,9.99986166084572,10.000007794777245,0.00014613393152451692
241.3,9.999861780398648,10.000007794777245,0.0001460143785969592
241.4,9.999861899804827,10.000007794777245,0.0001458949724177927
241.5,9.999862019064498,10.000007794777245,0.00014577571274720924
241.6,9.9998621381779,10.000007794777245,0.00014565659934540065
241.7,9.99986225714527,10.000007794777245,0.0001455376319743351
241.8,9.999862375966849,10.000007794777245,0.0001454188103959808
241.9,9.999862494642874,10.000007794777245,0.00014530013437052958
242.0,9.999862613173583,10.000007794777245,0.00014518160366172594
242.1,9.999862731559212,10.000007794777245,0.00014506321803331446
242.2,9.9998628498,10.000007794777245,0.00014494497724548694
242.3,9.999862967896181,10.000007794777245,0.0001448268810637643
242.4,9.999863085847991,10.000007794777245,0.0001447089292536674
242.5,9.999863203655666,10.000007794777245,0.00014459112157894083
242.6,9.99986332131944,10.000007794777245,0.00014447345780510545
242.7,9.999863438839547,10.000007794777245,0.00014435593769768218
242.8,9.999863556216223,10.000007794777245,0.0001442385610221919
242.9,9.999863673449697,10.000007794777245,0.00014412132754770823
243.0,9.999863790540205,10.000007794777245,0.00014400423703975207
243.1,9.99986390748798,10.000007794777245,0.00014388728926562067
243.2,9.999864024293252,10.000007794777245,0.00014377048399261128
243.3,9.999864140956253,10.000007794777245,0.00014365382099157387
243.4,9.999864257477213,10.000007794777245,0.00014353730003158205
243.5,9.999864373856365,10.000007794777245,0.00014342092087993308
243.6,9.999864490093936,10.000007794777245,0.00014330468330925328
243.7,9.999864606190156,10.000007794777245,0.00014318858708861626
243.8,9.999864722145256,10.000007794777245,0.000143072631988872
243.9,9.999864837959462,10.000007794777245,0.0001429568177826468
244.0,9.999864953633004,10.000007794777245,0.00014284114424079064
244.1,9.99986506916611,10.000007794777245,0.0001427256111341535
244.2,9.999865184559006,10.000007794777245,0.0001426102182389144
244.3,9.999865299811919,10.000007794777245,0.00014249496532592332
244.4,9.999865414925075,10.000007794777245,0.00014237985216958293
244.5,9.9998655298987,10.000007794777245,0.00014226487854429593
244.6,9.99986564473302,10.000007794777245,0.00014215004422446498
244.7,9.99986575942826,10.000007794777245,0.00014203534898449277
244.8,9.999865873984643,10.000007794777245,0.0001419207926023347
244.9,9.999865988402394,10.000007794777245,0.0001418063748506171
245.0,9.999866102681738,10.000007794777245,0.00014169209550729533
245.1,9.999866216822896,10.000007794777245,0.00014157795434854847
245.2,9.999866330826093,10.000007794777245,0.0001414639511523319
245.3,9.999866444691547,10.000007794777245,0.00014135008569837737
245.4,9.999866558419482,10.000007794777245,0.00014123635776286392
245.5,9.999866672010121,10.000007794777245,0.00014112276712374694
245.6,9.999866785463682,10.000007794777245,0.00014100931356253454
245.7,9.99986689878039,10.000007794777245,0.00014089599685540577
245.8,9.99986701196046,10.000007794777245,0.00014078281678564508
245.9,9.999867125004112,10.000007794777245,0.00014066977313298423
246.0,9.999867237911568,10.000007794777245,0.00014055686567715497
246.1,9.999867350683045,10.000007794777245,0.00014044409419966541
246.2,9.999867463318761,10.000007794777245,0.00014033145848380002
246.3,9.999867575818934,10.000007794777245,0.0001402189583110669
246.4,9.999867688183782,10.000007794777245,0.00014010659346297416
246.5,9.999867800413522,10.000007794777245,0.00013999436372280627
246.6,9.99986791250837,10.000007794777245,0.00013988226887562405
246.7,9.999868024468542,10.000007794777245,0.0001397703087029356
246.8,9.999868136294253,10.000007794777245,0.00013965848299157813
246.9,9.99986824798572,10.000007794777245,0.00013954679152483607
247.0,9.999868359543157,10.000007794777245,0.00013943523408777025
247.1,9.999868470966778,10.000007794777245,0.00013932381046721787
247.2,9.999868582256795,10.000007794777245,0.00013921252045001609
247.3,9.999868693413424,10.000007794777245,0.00013910136382122573
247.4,9.999868804436879,10.000007794777245,0.00013899034036590763
247.5,9.999868915327369,10.000007794777245,0.00013887944987622802
247.6,9.99986902608511,10.000007794777245,0.00013876869213547138
247.7,9.999869136710311,10.000007794777245,0.0001386580669340276
247.8,9.999869247203184,10.000007794777245,0.00013854757406051021
247.9,9.999869357563941,10.000007794777245,0.00013843721330353276
248.0,9.999869467792792,10.000007794777245,0.00013832698445348512
248.1,9.999869577889944,10.000007794777245,0.0001382168873007572
248.2,9.999869687855611,10.000007794777245,0.00013810692163396254
248.3,9.999869797690002,10.000007794777245,0.00013799708724349102
248.4,9.999869907393322,10.000007794777245,0.00013788738392328526
248.5,9.999870016965783,10.000007794777245,0.00013777781146195878
248.6,9.999870126407592,10.000007794777245,0.0001376683696534542
248.7,9.999870235718957,10.000007794777245,0.0001375590582881614
248.8,9.999870344900085,10.000007794777245,0.000137449877160023
248.9,9.999870453951182,10.000007794777245,0.0001373408260629816
249.0,9.999870562872454,10.000007794777245,0.0001372319047909798
249.1,9.99987067166411,10.000007794777245,0.0001371231131344075
249.2,9.999870780326354,10.000007794777245,0.00013701445089076003
249.3,9.99987088885939,10.000007794777245,0.00013690591785575634
249.4,9.999870997263422,10.000007794777245,0.00013679751382333905
249.5,9.999871105538656,10.000007794777245,0.0001366892385892271
249.6,9.999871213685296,10.000007794777245,0.00013658109194913948
249.7,9.999871321703544,10.000007794777245,0.0001364730737005715
249.8,9.999871429593604,10.000007794777245,0.00013636518364101846
249.9,9.99987153735568,10.000007794777245,0.000136257421564423
250.0,9.999871644989973,10.000007794777245,0.00013614978727183313
250.1,9.999871752496684,10.000007794777245,0.0001360422805607442
250.2,9.999871859876016,10.000007794777245,0.00013593490122865148
250.3,9.99987196712817,10.000007794777245,0.0001358276490748267
250.4,9.999872074253346,10.000007794777245,0.0001357205238985415
250.5,9.999872181251746,10.000007794777245,0.00013561352549906758
250.6,9.999872288123568,10.000007794777245,0.00013550665367745296
250.7,9.99987239486901,10.000007794777245,0.00013539990823474568
250.8,9.999872501488277,10.000007794777245,0.00013529328896844106
250.9,9.999872607981562,10.000007794777245,0.00013518679568313985
251.0,9.999872714349065,10.000007794777245,0.00013508042817989008
251.1,9.999872820590985,10.000007794777245,0.00013497418625973978
251.2,9.99987292670752,10.000007794777245,0.00013486806972551335
251.3,9.999873032698865,10.000007794777245,0.00013476207838003518
251.4,9.999873138565219,10.000007794777245,0.00013465621202612965
251.5,9.999873244306777,10.000007794777245,0.00013455047046839752
251.6,9.999873349923735,10.000007794777245,0.00013444485350966318
251.7,9.999873455416289,10.000007794777245,0.00013433936095630372
251.8,9.999873560784636,10.000007794777245,0.0001342339926093672
251.9,9.999873666028968,10.000007794777245,0.00013412874827700705
252.0,9.999873771149481,10.000007794777245,0.00013402362776382404
252.1,9.999873876146369,10.000007794777245,0.00013391863087619527
252.2,9.999873981019824,10.000007794777245,0.00013381375742049784
252.3,9.999874085770042,10.000007794777245,0.00013370900720310885
252.4,9.999874190397215,10.000007794777245,0.00013360438003040542
252.5,9.999874294901534,10.000007794777245,0.000133499875710541
252.6,9.999874399283195,10.000007794777245,0.0001333954940498927
252.7,9.999874503542387,10.000007794777245,0.00013329123485839034
252.8,9.999874607679303,10.000007794777245,0.00013318709794241101
252.9,9.999874711694133,10.000007794777245,0.00013308308311188455
253.0,9.999874815587068,10.000007794777245,0.00013297919017674076
253.1,9.999874919358298,10.000007794777245,0.00013287541894690946
253.2,9.999875023008013,10.000007794777245,0.00013277176923232048
253.3,9.999875126536402,10.000007794777245,0.00013266824084290363
253.4,9.999875229943656,10.000007794777245,0.00013256483358858873
253.5,9.999875333229964,10.000007794777245,0.00013246154728108195
253.6,9.999875436395513,10.000007794777245,0.00013235838173208947
253.7,9.99987553944049,10.000007794777245,0.00013225533675509382
253.8,9.999875642365085,10.000007794777245,0.00013215241216002482
253.9,9.999875745169485,10.000007794777245,0.000132049607760365
254.0,9.999875847853877,10.000007794777245,0.00013194692336782055
254.1,9.999875950418447,10.000007794777245,0.00013184435879765033
254.2,9.999876052863382,10.000007794777245,0.0001317419138633369
254.3,9.999876155188868,10.000007794777245,0.0001316395883765864
254.4,9.99987625739509,10.000007794777245,0.0001315373821544341
254.5,9.999876359482235,10.000007794777245,0.00013143529501036255
254.6,9.999876461450485,10.000007794777245,0.0001313333267596306
254.7,9.999876563300026,10.000007794777245,0.00013123147721927353
254.8,9.999876665031042,10.000007794777245,0.00013112974620277384
254.9,9.999876766643718,10.000007794777245,0.0001310281335271668
255.0,9.999876868138237,10.000007794777245,0.0001309266390077113
255.1,9.999876969514782,10.000007794777245,0.0001308252624632189
255.2,9.999877070773532,10.000007794777245,0.00013072400371250126
255.3,9.999877171914676,10.000007794777245,0.00013062286256904088
255.4,9.99987727293839,10.000007794777245,0.00013052183885520208
255.5,9.999877373844859,10.000007794777245,0.00013042093238624375
255.6,9.999877474634264,10.000007794777245,0.0001303201429809775
255.7,9.999877575306785,10.000007794777245,0.00013021947045999127
255.8,9.999877675862605,10.000007794777245,0.00013011891464032033
255.9,9.9998777763019,10.000007794777245,0.00013001847534432898
256.0,9.999877876624854,10.000007794777245,0.00012991815239082882
256.1,9.999877976831646,10.000007794777245,0.00012981794559863147
256.2,9.999878076922453,10.000007794777245,0.00012971785479187758
256.3,9.999878176897456,10.000007794777245,0.00012961787978937878
256.4,9.999878276756831,10.000007794777245,0.00012951802041349936
256.5,9.999878376500758,10.000007794777245,0.00012941827648660365
256.6,9.999878476129416,10.000007794777245,0.0001293186478292796
256.7,9.999878575642981,10.000007794777245,0.00012921913426389153
256.8,9.999878675041629,10.000007794777245,0.00012911973561635648
256.9,9.999878774325538,10.000007794777245,0.0001290204517072624
257.0,9.999878873494886,10.000007794777245,0.0001289212823589736
257.1,9.999878972549848,10.000007794777245,0.00012882222739740712
257.2,9.999879071490598,10.000007794777245,0.00012872328664670363
257.3,9.999879170317314,10.000007794777245,0.0001286244599310038
257.4,9.99987926903017,10.000007794777245,0.0001285257470744483
257.5,9.999879367629342,10.000007794777245,0.00012842714790295418
257.6,9.999879466115003,10.000007794777245,0.00012832866224243844
257.7,9.999879564487328,10.000007794777245,0.00012823028991704177
257.8,9.99987966274649,10.000007794777245,0.00012813203075445756
257.9,9.999879760892664,10.000007794777245,0.00012803388458060283
258.0,9.999879858926022,10.000007794777245,0.00012793585122317097
258.1,9.999879956846737,10.000007794777245,0.000127837930508079
258.2,9.999880054654982,10.000007794777245,0.00012774012226302034
258.3,9.999880152350928,10.000007794777245,0.0001276424263174647
258.4,9.999880249934746,10.000007794777245,0.00012754484249910547
258.5,9.99988034740661,10.000007794777245,0.00012744737063563605
258.6,9.99988044476669,10.000007794777245,0.00012735001055474982
258.7,9.999880542015156,10.000007794777245,0.00012725276208946923
258.8,9.99988063915218,10.000007794777245,0.00012715562506571132
258.9,9.99988073617793,10.000007794777245,0.0001270585993147222
259.0,9.99988083309258,10.000007794777245,0.00012696168466419522
259.1,9.999880929896296,10.000007794777245,0.00012686488094892923
259.2,9.999881026589248,10.000007794777245,0.0001267681879966176
259.3,9.999881123171605,10.000007794777245,0.0001266716056402828
259.4,9.999881219643536,10.000007794777245,0.00012657513370939455
259.5,9.999881316005208,10.000007794777245,0.00012647877203697533
259.6,9.999881412256789,10.000007794777245,0.0001263825204560476
259.7,9.999881508398449,10.000007794777245,0.00012628637879608107
259.8,9.999881604430353,10.000007794777245,0.00012619034689187458
259.9,9.999881700352669,10.000007794777245,0.0001260944245764506
260.0,9.999881796165562,10.000007794777245,0.00012599861168283155
260.1,9.999881891869201,10.000007794777245,0.00012590290804403992
260.2,9.99988198746375,10.000007794777245,0.0001258073134948745
260.3,9.999882082949375,10.000007794777245,0.00012571182787013413
260.4,9.999882178326242,10.000007794777245,0.00012561645100284125
260.5,9.999882273594515,10.000007794777245,0.00012552118272957102
260.6,9.99988236875436,10.000007794777245,0.00012542602288512228
260.7,9.999882463805939,10.000007794777245,0.00012533097130607018
260.8,9.99988255874942,10.000007794777245,0.0001252360278254372
260.9,9.999882653584963,10.000007794777245,0.00012514119228157483
261.0,9.999882748312734,10.000007794777245,0.00012504646451105828
261.1,9.999882842932896,10.000007794777245,0.00012495184434868634
261.2,9.999882937445612,10.000007794777245,0.00012485733163281054
261.3,9.999883031851043,10.000007794777245,0.00012476292620178242
261.4,9.999883126149353,10.000007794777245,0.00012466862789217714
261.5,9.999883220340703,10.000007794777245,0.00012457443654234623
261.6,9.999883314425254,10.000007794777245,0.00012448035199064122
261.7,9.99988340840317,10.000007794777245,0.00012438637407541364
261.8,9.999883502274608,10.000007794777245,0.00012429250263679137
261.9,9.999883596039734,10.000007794777245,0.00012419873751134958
262.0,9.999883689698704,10.000007794777245,0.0001241050785409925
262.1,9.99988378325168,10.000007794777245,0.00012401152556584805
262.2,9.999883876698823,10.000007794777245,0.00012391807842249136
262.3,9.99988397004029,10.000007794777245,0.00012382473695460305
262.4,9.999884063276241,10.000007794777245,0.00012373150100408736
262.5,9.999884156406836,10.000007794777245,0.00012363837040929582
262.6,9.999884249432231,10.000007794777245,0.00012354534501390901
262.7,9.999884342352587,10.000007794777245,0.00012345242465805484
262.8,9.999884435168063,10.000007794777245,0.00012335960918186117
262.9,9.999884527878814,10.000007794777245,0.00012326689843078498
263.0,9.999884620485,10.000007794777245,0.00012317429224495413
263.1,9.999884712986775,10.000007794777245,0.0001230817904698256
263.2,9.9998848053843,10.000007794777245,0.00012298939294552724
263.3,9.999884897677726,10.000007794777245,0.0001228970995192924
263.4,9.999884989867214,10.000007794777245,0.00012280491003124894
263.5,9.999885081952918,10.000007794777245,0.00012271282432685382
263.6,9.999885173934993,10.000007794777245,0.000122620842251564
263.7,9.999885265813596,10.000007794777245,0.00012252896364906007
263.8,9.999885357588882,10.000007794777245,0.00012243718836302264
263.9,9.999885449261006,10.000007794777245,0.00012234551623890866
264.0,9.999885540830121,10.000007794777245,0.00012225394712395143
264.1,9.999885632296381,10.000007794777245,0.00012216248086360793
264.2,9.999885723659943,10.000007794777245,0.00012207111730155873
264.3,9.999885814920958,10.000007794777245,0.00012197985628681351
264.4,9.99988590607958,10.000007794777245,0.00012188869766482924
264.5,9.999885997135964,10.000007794777245,0.00012179764128106285
264.6,9.999886088090259,10.000007794777245,0.00012170668698630038
264.7,9.99988617894262,10.000007794777245,0.00012161583462422243
264.8,9.9998862696932,10.000007794777245,0.00012152508404561502
264.9,9.999886360342149,10.000007794777245,0.0001214344350959351
265.0,9.999886450889617,10.000007794777245,0.00012134388762774506
265.1,9.99988654133576,10.000007794777245,0.0001212534414847255
265.2,9.999886631680727,10.000007794777245,0.00012116309651766244
265.3,9.99988672192467,10.000007794777245,0.00012107285257556555
265.4,9.999886812067736,10.000007794777245,0.00012098270950922085
265.5,9.999886902110077,10.000007794777245,0.00012089266716763802
265.6,9.999886992051845,10.000007794777245,0.00012080272539982673
265.7,9.999887081893187,10.000007794777245,0.00012071288405834935
265.8,9.999887171634253,10.000007794777245,0.00012062314299221555
265.9,9.999887261275193,10.000007794777245,0.00012053350205221136
266.0,9.999887350816154,10.000007794777245,0.00012044396109089917
266.1,9.99988744025729,10.000007794777245,0.00012035451995551227
266.2,9.999887529598743,10.000007794777245,0.00012026517850216578
266.3,9.999887618840663,10.000007794777245,0.00012017593658164571
266.4,9.999887707983198,10.000007794777245,0.00012008679404651446
266.5,9.999887797026497,10.000007794777245,0.00011999775074755803
266.6,9.999887885970706,10.000007794777245,0.00011990880653911518
266.7,9.999887974815971,10.000007794777245,0.00011981996127374828
266.8,9.999888063562441,10.000007794777245,0.00011973121480401971
266.9,9.99988815221026,10.000007794777245,0.00011964256698426823
267.0,9.999888240759576,10.000007794777245,0.00011955401766883256
267.1,9.999888329210533,10.000007794777245,0.00011946556671205144
267.2,9.999888417563277,10.000007794777245,0.00011937721396826362
267.3,9.999888505817953,10.000007794777245,0.00011928895929180783
267.4,9.999888593974708,10.000007794777245,0.00011920080253702281
267.5,9.999888682033685,10.000007794777245,0.00011911274356002366
267.6,9.99988876999503,10.000007794777245,0.00011902478221514912
267.7,9.999888857858886,10.000007794777245,0.00011893691835851428
267.8,9.999888945625399,10.000007794777245,0.00011884915184623424
267.9,9.999889033294709,10.000007794777245,0.00011876148253620045
268.0,9.999889120866962,10.000007794777245,0.00011867391028275165
268.1,9.9998892083423,10.000007794777245,0.00011858643494555565
268.2,9.999889295720868,10.000007794777245,0.00011849905637717484
268.3,9.999889383002806,10.000007794777245,0.00011841177443905337
268.4,9.999889470188258,10.000007794777245,0.00011832458898730636
268.5,9.999889557277367,10.000007794777245,0.00011823749987804888
268.6,9.999889644270272,10.000007794777245,0.00011815050697272511
268.7,9.999889731167118,10.000007794777245,0.00011806361012745015
268.8,9.999889817968043,10.000007794777245,0.0001179768092018918
268.9,9.99988990467319,10.000007794777245,0.00011789010405571787
269.0,9.999889991282698,10.000007794777245,0.00011780349454681982
269.1,9.999890077796712,10.000007794777245,0.0001177169805330891
269.2,9.999890164215367,10.000007794777245,0.00011763056187774623
269.3,9.999890250538808,10.000007794777245,0.00011754423843690631
269.4,9.99989033676717,10.000007794777245,0.00011745801007556622
269.5,9.999890422900595,10.000007794777245,0.00011737187664984106
269.6,9.999890508939224,10.000007794777245,0.00011728583802117498
269.7,9.999890594883192,10.000007794777245,0.00011719989405278852
269.8,9.999890680732642,10.000007794777245,0.00011711404460257313
269.9,9.99989076648771,10.000007794777245,0.00011702828953552569
270.0,9.999890852148534,10.000007794777245,0.000116942628711314
270.1,9.999890937715252,10.000007794777245,0.0001168570619931586
270.2,9.999891023188002,10.000007794777245,0.00011677158924250364
270.3,9.999891108566924,10.000007794777245,0.0001166862103207933
270.4,9.999891193852152,10.000007794777245,0.00011660092509302444
270.5,9.999891279043824,10.000007794777245,0.00011651573342064125
270.6,9.999891364142078,10.000007794777245,0.00011643063516686425
270.7,9.999891449147048,10.000007794777245,0.00011634563019669031
270.8,9.999891534058873,10.000007794777245,0.0001162607183715636
270.9,9.999891618877687,10.000007794777245,0.00011617589955825736
271.0,9.999891703603627,10.000007794777245,0.00011609117361821575
271.1,9.999891788236829,10.000007794777245,0.00011600654041643566
271.2,9.999891872777425,10.000007794777245,0.00011592199981969031
271.3,9.999891957225554,10.000007794777245,0.00011583755169120025
271.4,9.999892041581349,10.000007794777245,0.00011575319589596234
271.5,9.999892125844942,10.000007794777245,0.00011566893230252617
271.6,9.999892210016473,10.000007794777245,0.00011558476077233593
271.7,9.999892294096071,10.000007794777245,0.00011550068117394119
271.8,9.999892378083873,10.000007794777245,0.00011541669337233884
271.9,9.99989246198001,10.000007794777245,0.00011533279723430212
272.0,9.999892545784618,10.000007794777245,0.00011524899262660426
272.1,9.999892629497829,10.000007794777245,0.0001151652794160185
272.2,9.999892713119774,10.000007794777245,0.00011508165747109445
272.3,9.999892796650586,10.000007794777245,0.00011499812665860532
272.4,9.9998928800904,10.000007794777245,0.00011491468684532435
272.5,9.999892963439345,10.000007794777245,0.00011483133789980116
272.6,9.999893046697556,10.000007794777245,0.00011474807968880896
272.7,9.999893129865162,10.000007794777245,0.00011466491208267371
272.8,9.999893212942295,10.000007794777245,0.000114581834949945
272.9,9.999893295929088,10.000007794777245,0.00011449884815739608
273.0,9.99989337882567,10.000007794777245,0.00011441595157535289
273.1,9.99989346163217,10.000007794777245,0.00011433314507414138
273.2,9.999893544348723,10.000007794777245,0.00011425042852231115
273.3,9.999893626975457,10.000007794777245,0.0001141678017884118
273.4,9.9998937095125,10.000007794777245,0.00011408526474454561
273.5,9.999893791959986,10.000007794777245,0.0001140028172592622
273.6,9.99989387431804,10.000007794777245,0.00011392045920466387
273.7,9.999893956586792,10.000007794777245,0.00011383819045285293
273.8,9.999894038766374,10.000007794777245,0.00011375601087060261
273.9,9.999894120856911,10.000007794777245,0.00011367392033356793
274.0,9.999894202858535,10.000007794777245,0.0001135919187102985
274.1,9.999894284771372,10.000007794777245,0.00011351000587289661
274.2,9.999894366595552,10.000007794777245,0.00011342818169346458
274.3,9.999894448331201,10.000007794777245,0.00011334644604410471
274.4,9.999894529978446,10.000007794777245,0.00011326479879869567
274.5,9.99989461153742,10.000007794777245,0.00011318323982578704
274.6,9.999894693008244,10.000007794777245,0.00011310176900103386
274.7,9.999894774391047,10.000007794777245,0.00011302038619831478
274.8,9.999894855685955,10.000007794777245,0.00011293909128973212
274.9,9.999894936893098,10.000007794777245,0.00011285788414738818
275.0,9.999895018012596,10.000007794777245,0.00011277676464871433
275.1,9.999895099044581,10.000007794777245,0.00011269573266403654
275.2,9.999895179989176,10.000007794777245,0.00011261478806900982
275.3,9.999895260846506,10.000007794777245,0.00011253393073928919
275.4,9.999895341616698,10.000007794777245,0.00011245316054697696
275.5,9.999895422299875,10.000007794777245,0.00011237247736950451
275.6,9.999895502896166,10.000007794777245,0.00011229188107897414
275.7,9.99989558340569,10.000007794777245,0.0001122113715545936
275.8,9.999895663828577,10.000007794777245,0.00011213094866846518
275.9,9.999895744164947,10.000007794777245,0.00011205061229802027
276.0,9.999895824414924,10.000007794777245,0.00011197036232069024
276.1,9.999895904578636,10.000007794777245,0.00011189019860857741
276.2,9.999895984656202,10.000007794777245,0.00011181012104266586
276.3,9.999896064647748,10.000007794777245,0.00011173012949683425
276.4,9.999896144553396,10.000007794777245,0.00011165022384851397
276.5,9.999896224373272,10.000007794777245,0.00011157040397336004
276.6,9.999896304107494,10.000007794777245,0.0001114906697505802
276.7,9.999896383756187,10.000007794777245,0.00011141102105760581
276.8,9.999896463319475,10.000007794777245,0.0001113314577700919
276.9,9.999896542797476,10.000007794777245,0.00011125197976902257
277.0,9.999896622190315,10.000007794777245,0.00011117258693005283
277.1,9.99989670149811,10.000007794777245,0.00011109327913416678
277.2,9.999896780720988,10.000007794777245,0.00011101405625701943
277.3,9.999896859859065,10.000007794777245,0.00011093491817959489
277.4,9.999896938912466,10.000007794777245,0.00011085586477932452
277.5,9.999897017881306,10.000007794777245,0.00011077689593896878
277.6,9.99989709676571,10.000007794777245,0.00011069801153418268
277.7,9.999897175565799,10.000007794777245,0.00011061921144595033
277.8,9.999897254281692,10.000007794777245,0.00011054049555347945
277.9,9.999897332913505,10.000007794777245,0.00011046186373953049
278.0,9.999897411461365,10.000007794777245,0.00011038331587975847
278.1,9.999897489925386,10.000007794777245,0.0001103048518587002
278.2,9.999897568305688,10.000007794777245,0.00011022647155733978
278.3,9.999897646602392,10.000007794777245,0.00011014817485310857
278.4,9.999897724815614,10.000007794777245,0.00011006996163054339
278.5,9.999897802945476,10.000007794777245,0.00010999183176885197
278.6,9.999897880992094,10.000007794777245,0.00010991378515079475
278.7,9.999897958955586,10.000007794777245,0.0001098358216591322
278.8,9.999898036836072,10.000007794777245,0.00010975794117307203
278.9,9.999898114633668,10.000007794777245,0.00010968014357715106
279.0,9.99989819234849,10.000007794777245,0.00010960242875412973
279.1,9.99989826998066,10.000007794777245,0.00010952479658499215
279.2,9.99989834753029,10.000007794777245,0.0001094472469542751
279.3,9.999898424997502,10.000007794777245,0.00010936977974296269
279.4,9.99989850238241,10.000007794777245,0.00010929239483559172
279.5,9.99989857968513,10.000007794777245,0.00010921509211492264
279.6,9.99989865690578,10.000007794777245,0.00010913787146549225
279.7,9.999898734044473,10.000007794777245,0.00010906073277183737
279.8,9.999898811101328,10.000007794777245,0.00010898367591671843
279.9,9.99989888807646,10.000007794777245,0.00010890670078467224
280.0,9.999898964969985,10.000007794777245,0.00010882980726023561
280.1,9.999899041782017,10.000007794777245,0.00010875299522794535
280.2,9.99989911851267,10.000007794777245,0.00010867626457411461
280.3,9.999899195162062,10.000007794777245,0.00010859961518328021
280.4,9.999899271730305,10.000007794777245,0.00010852304693997894
280.5,9.999899348217514,10.000007794777245,0.00010844655973052397
280.6,9.999899424623806,10.000007794777245,0.00010837015343945211
280.7,9.999899500949292,10.000007794777245,0.00010829382795307652
280.8,9.999899577194086,10.000007794777245,0.00010821758315948671
280.9,9.999899653358304,10.000007794777245,0.00010814141894144313
281.0,9.999899729442056,10.000007794777245,0.00010806533518881167
281.1,9.999899805445459,10.000007794777245,0.00010798933178612913
281.2,9.999899881368624,10.000007794777245,0.00010791340862148502
281.3,9.999899957211664,10.000007794777245,0.00010783756558119251
281.4,9.999900032974692,10.000007794777245,0.00010776180255334111
281.5,9.99990010865782,10.000007794777245,0.000107686119424244
281.6,9.999900184261161,10.000007794777245,0.00010761051608376704
281.7,9.999900259784825,10.000007794777245,0.00010753499241999975
281.8,9.999900335228928,10.000007794777245,0.00010745954831747895
281.9,9.999900410593579,10.000007794777245,0.0001073841836660705
282.0,9.99990048587889,10.000007794777245,0.00010730889835564028
282.1,9.99990056108497,10.000007794777245,0.00010723369227427781
282.2,9.999900636211935,10.000007794777245,0.00010715856531007262
282.3,9.999900711259892,10.000007794777245,0.00010708351735289057
282.4,9.999900786228952,10.000007794777245,0.00010700854829259754
282.5,9.999900861119228,10.000007794777245,0.00010693365801728305
282.6,9.999900935930828,10.000007794777245,0.00010685884641681298
282.7,9.999901010663862,10.000007794777245,0.00010678411338282956
282.8,9.999901085318442,10.000007794777245,0.00010670945880342231
282.9,9.999901159894675,10.000007794777245,0.00010663488257023346
283.0,9.999901234392674,10.000007794777245,0.00010656038457135253
283.1,9.999901308812543,10.000007794777245,0.00010648596470197447
283.2,9.999901383154397,10.000007794777245,0.00010641162284841243
283.3,9.999901457418341,10.000007794777245,0.00010633735890408502
283.4,9.999901531604486,10.000007794777245,0.0001062631727588581
283.5,9.99990160571294,10.000007794777245,0.00010618906430437391
283.6,9.999901679743813,10.000007794777245,0.00010611503343227469
283.7,9.99990175369721,10.000007794777245,0.00010604108003420265
283.8,9.999901827573241,10.000007794777245,0.0001059672040035764
283.9,9.999901901372013,10.000007794777245,0.00010589340523203816
284.0,9.999901975093636,10.000007794777245,0.00010581968360945382
284.1,9.999902048738214,10.000007794777245,0.00010574603903101831
284.2,9.999902122305857,10.000007794777245,0.00010567247138837388
284.3,9.999902195796668,10.000007794777245,0.00010559898057671546
284.4,9.999902269210759,10.000007794777245,0.00010552556648590894
284.5,9.999902342548234,10.000007794777245,0.00010545222901114926
284.6,9.999902415809201,10.000007794777245,0.00010537896804407865
284.7,9.999902488993765,10.000007794777245,0.00010530578347989206
284.8,9.999902562102033,10.000007794777245,0.00010523267521200808
284.9,9.999902635134111,10.000007794777245,0.00010515964313384529
285.0,9.999902708090104,10.000007794777245,0.00010508668714059866
285.1,9.99990278097012,10.000007794777245,0.00010501380712568675
285.2,9.99990285377426,10.000007794777245,0.00010494100298430453
285.3,9.999902926502633,10.000007794777245,0.00010486827461164694
285.4,9.999902999155342,10.000007794777245,0.00010479562190290892
285.5,9.999903071732493,10.000007794777245,0.00010472304475150906
285.6,9.999903144234192,10.000007794777245,0.00010465054305264232
285.7,9.999903216660542,10.000007794777245,0.00010457811670327999
285.8,9.999903289011646,10.000007794777245,0.00010450576559861702
285.9,9.99990336128761,10.000007794777245,0.00010443348963562471
286.0,9.999903433488535,10.000007794777245,0.00010436128870949801
286.1,9.99990350561453,10.000007794777245,0.00010428916271543187
286.2,9.999903577665695,10.000007794777245,0.00010421711155039759
286.3,9.999903649642134,10.000007794777245,0.00010414513511136647
286.4,9.999903721543951,10.000007794777245,0.00010407323329353346
286.5,9.99990379337125,10.000007794777245,0.00010400140599564622
286.6,9.999903865124132,10.000007794777245,0.0001039296531128997
286.7,9.999903936802701,10.000007794777245,0.00010385797454404155
286.8,9.999904008407059,10.000007794777245,0.00010378637018604309
286.9,9.99990407993731,10.000007794777245,0.0001037148399358756
287.0,9.999904151393551,10.000007794777245,0.00010364338369406312
287.1,9.99990422277589,10.000007794777245,0.00010357200135580058
287.2,9.999904294084425,10.000007794777245,0.00010350069281983565
287.3,9.99990436531926,10.000007794777245,0.00010342945798491598
287.4,9.999904436480495,10.000007794777245,0.00010335829674978925
287.5,9.999904507568232,10.000007794777245,0.0001032872090132031
287.6,9.999904578582573,10.000007794777245,0.00010321619467212884
287.7,9.999904649523616,10.000007794777245,0.00010314525362886684
287.8,9.999904720391466,10.000007794777245,0.00010307438577861205
287.9,9.99990479118622,10.000007794777245,0.00010300359102544121
288.0,9.99990486190798,10.000007794777245,0.00010293286926454925
288.1,9.999904932556847,10.000007794777245,0.00010286222039823656
288.2,9.99990500313292,10.000007794777245,0.00010279164432525079
288.3,9.999905073636299,10.000007794777245,0.00010272114094611595
288.4,9.999905144067084,10.000007794777245,0.00010265071016135607
288.5,9.999905214425375,10.000007794777245,0.00010258035186971881
288.6,9.999905284711271,10.000007794777245,0.00010251006597350454
288.7,9.999905354924872,10.000007794777245,0.00010243985237323727
288.8,9.999905425066276,10.000007794777245,0.00010236971096944103
288.9,9.99990549513558,10.000007794777245,0.00010229964166441619
289.0,9.999905565132888,10.000007794777245,0.0001022296443569104
289.1,9.999905635058296,10.000007794777245,0.00010215971894922404
289.2,9.999905704911901,10.000007794777245,0.00010208986534365749
289.3,9.999905774693802,10.000007794777245,0.00010202008344251112
289.4,9.999905844404099,10.000007794777245,0.00010195037314630895
289.5,9.999905914042888,10.000007794777245,0.00010188073435735134
289.6,9.999905983610265,10.000007794777245,0.00010181116697971504
289.7,9.999906053106331,10.000007794777245,0.00010174167091392405
289.8,9.999906122531181,10.000007794777245,0.00010167224606405512
289.9,9.999906191884913,10.000007794777245,0.0001016028923324086
290.0,9.999906261167625,10.000007794777245,0.00010153360961950852
290.1,9.999906330379414,10.000007794777245,0.00010146439783120798
290.2,9.999906399520375,10.000007794777245,0.00010139525686980733
290.3,9.999906468590607,10.000007794777245,0.00010132618663760695
290.4,9.999906537590205,10.000007794777245,0.00010125718704045994
290.5,9.999906606519263,10.000007794777245,0.00010118825798244302
290.6,9.999906675377881,10.000007794777245,0.00010111939936408021
290.7,9.999906744166154,10.000007794777245,0.0001010506110912246
290.8,9.999906812884177,10.000007794777245,0.00010098189306795291
290.9,9.999906881532045,10.000007794777245,0.00010091324520011824
291.0,9.999906950109853,10.000007794777245,0.00010084466739179732
291.1,9.999907018617698,10.000007794777245,0.00010077615954706687
291.2,9.999907087055675,10.000007794777245,0.00010070772157000363
291.3,9.999907155423877,10.000007794777245,0.00010063935336823704
291.4,9.999907223722401,10.000007794777245,0.00010057105484406748
291.5,9.99990729195134,10.000007794777245,0.00010050282590512438
291.6,9.99990736011079,10.000007794777245,0.00010043466645548449
291.7,9.999907428200844,10.000007794777245,0.00010036657640100088
291.8,9.999907496221596,10.000007794777245,0.00010029855564930301
291.9,9.99990756417314,10.000007794777245,0.0001002306041044676
292.0,9.999907632055574,10.000007794777245,0.00010016272167057139
292.1,9.999907699868986,10.000007794777245,0.00010009490825879652
292.2,9.999907767613472,10.000007794777245,0.00010002716377321974
292.3,9.999907835289125,10.000007794777245,9.995948811969413e-05
292.4,9.99990790289604,10.000007794777245,9.989188120584913e-05
292.5,9.999907970434306,10.000007794777245,9.982434293931419e-05
292.6,9.999908037904017,10.000007794777245,9.975687322771876e-05
292.7,9.99990810530527,10.000007794777245,9.968947197513955e-05
292.8,9.999908172638154,10.000007794777245,9.962213909098239e-05
292.9,9.999908239902762,10.000007794777245,9.95548744828767e-05
293.0,9.999908307099185,10.000007794777245,9.948767806022829e-05
293.1,9.999908374227516,10.000007794777245,9.942054972889025e-05
293.2,9.999908441287847,10.000007794777245,9.935348939826838e-05
293.3,9.999908508280269,10.000007794777245,9.928649697599212e-05
293.4,9.999908575204877,10.000007794777245,9.921957236791457e-05
293.5,9.999908642061758,10.000007794777245,9.915271548699423e-05
293.6,9.999908708851006,10.000007794777245,9.908592623908419e-05
293.7,9.999908775572711,10.000007794777245,9.901920453359025e-05
293.8,9.999908842226965,10.000007794777245,9.895255027991823e-05
293.9,9.99990890881386,10.000007794777245,9.888596338569755e-05
294.0,9.999908975333483,10.000007794777245,9.881944376211038e-05
294.1,9.999909041785928,10.000007794777245,9.875299131678617e-05
294.2,9.999909108171284,10.000007794777245,9.868660596090706e-05
294.3,9.99990917448964,10.000007794777245,9.862028760565522e-05
294.4,9.999909240741088,10.000007794777245,9.855403615688374e-05
294.5,9.999909306925717,10.000007794777245,9.848785152755113e-05
294.6,9.999909373043618,10.000007794777245,9.842173362706319e-05
294.7,9.99990943909488,10.000007794777245,9.835568236482573e-05
294.8,9.999909505079593,10.000007794777245,9.828969765202089e-05
294.9,9.999909570997843,10.000007794777245,9.82237794016072e-05
295.0,9.999909636849724,10.000007794777245,9.81579275212141e-05
295.1,9.999909702635321,10.000007794777245,9.809214192380011e-05
295.2,9.999909768354726,10.000007794777245,9.802642251877103e-05
295.3,9.999909834008026,10.000007794777245,9.796076921908536e-05
295.4,9.999909899595309,10.000007794777245,9.789518193592528e-05
295.5,9.999909965116666,10.000007794777245,9.782966057869658e-05
295.6,9.999910030572185,10.000007794777245,9.776420506035777e-05
295.7,9.999910095961951,10.000007794777245,9.769881529386737e-05
295.8,9.999910161286055,10.000007794777245,9.763349119040754e-05
295.9,9.999910226544584,10.000007794777245,9.756823266116044e-05
296.0,9.999910291737624,10.000007794777245,9.750303962086093e-05
296.1,9.999910356865266,10.000007794777245,9.743791197891483e-05
296.2,9.999910421927595,10.000007794777245,9.737284965005699e-05
296.3,9.999910486924698,10.000007794777245,9.730785254724594e-05
296.4,9.999910551856663,10.000007794777245,9.724292058166384e-05
296.5,9.999910616723579,10.000007794777245,9.717805366626919e-05
296.6,9.99991068152553,10.000007794777245,9.711325171579688e-05
296.7,9.999910746262602,10.000007794777245,9.704851464320541e-05
296.8,9.999910810934884,10.000007794777245,9.69838423614533e-05
296.9,9.999910875542461,10.000007794777245,9.691923478349906e-05
297.0,9.999910940085421,10.000007794777245,9.685469182407758e-05
297.1,9.999911004563849,10.000007794777245,9.679021339614735e-05
297.2,9.99991106897783,10.000007794777245,9.672579941444326e-05
297.3,9.999911133327451,10.000007794777245,9.666144979370017e-05
297.4,9.999911197612796,10.000007794777245,9.659716444865296e-05
297.5,9.999911261833953,10.000007794777245,9.653294329226014e-05
297.6,9.999911325991006,10.000007794777245,9.646878623925659e-05
297.7,9.99991139008404,10.000007794777245,9.640469320437717e-05
297.8,9.999911454113143,10.000007794777245,9.634066410235675e-05
297.9,9.999911518078395,10.000007794777245,9.627669884970658e-05
298.0,9.999911581979884,10.000007794777245,9.62127973611615e-05
298.1,9.999911645817695,10.000007794777245,9.614895954968006e-05
298.2,9.999911709591911,10.000007794777245,9.608518533354982e-05
298.3,9.999911773302617,10.000007794777245,9.602147462750565e-05
298.4,9.999911836949897,10.000007794777245,9.59578273480588e-05
298.5,9.999911900533837,10.000007794777245,9.589424340816777e-05
298.6,9.999911964054519,10.000007794777245,9.583072272612014e-05
298.7,9.999912027512027,10.000007794777245,9.576726521842716e-05
298.8,9.999912090906445,10.000007794777245,9.570387079982368e-05
298.9,9.999912154237858,10.000007794777245,9.564053938682093e-05
299.0,9.999912217506347,10.000007794777245,9.557727089770651e-05
299.1,9.999912280711996,10.000007794777245,9.551406524899164e-05
299.2,9.99991234385489,10.000007794777245,9.54509223554112e-05
299.3,9.99991240693511,10.000007794777245,9.538784213525275e-05
299.4,9.999912469952738,10.000007794777245,9.532482450680391e-05
299.5,9.99991253290786,10.000007794777245,9.526186938479952e-05
299.6,9.999912595800557,10.000007794777245,9.519897668752719e-05
299.7,9.99991265863091,10.000007794777245,9.513614633505085e-05
299.8,9.999912721399003,10.000007794777245,9.507337824210538e-05
299.9,9.999912784104918,10.000007794777245,9.501067232697835e-05
300.0,9.999912846748737,10.000007794777245,9.494802850795736e-05
