-90.0,-556.3397459621556,0,0
-80.0,-556.3397459621556,0,0
-70.0,-556.3397459621556,0,0
-60.0,-556.3397459621556,0,0
-50.0,-556.3397459621556,0,0
-40.0,-556.3397459621556,0,0
-30.0,-556.3397459621556,0,0
-20.0,-556.3397459621556,0,0
-10.0,-556.3397459621556,0,0
0.0,-556.3397459621556,0,0
10.0,-556.3397459621556,0,0
20.0,-556.3397459621556,0,0
30.0,-556.3397459621556,0,0
40.0,-556.3397459621556,0,0
50.0,-556.3397459621556,0,0
60.0,-556.3397459621556,0,0
70.0,-556.3397459621556,0,0
80.0,-556.3397459621556,0,0
90.0,-556.3397459621556,0,0
-135.0,-547.6794919243112,0,0
-125.0,-547.6794919243112,0,0
-115.0,-547.6794919243112,0,0
-105.0,-547.6794919243112,0,0
-95.0,-547.6794919243112,0,0
-85.0,-547.6794919243112,0,0
-75.0,-547.6794919243112,0,0
-65.0,-547.6794919243112,0,0
-55.0,-547.6794919243112,0,0
-45.0,-547.6794919243112,0,0
-35.0,-547.6794919243112,0,0
-25.0,-547.6794919243112,0,0
-15.0,-547.6794919243112,0,0
-5.0,-547.6794919243112,0,0
5.0,-547.6794919243112,0,0
15.0,-547.6794919243112,0,0
25.0,-547.6794919243112,0,0
35.0,-547.6794919243112,0,0
45.0,-547.6794919243112,0,0
55.0,-547.6794919243112,0,0
65.0,-547.6794919243112,0,0
75.0,-547.6794919243112,0,0
85.0,-547.6794919243112,0,0
95.0,-547.6794919243112,0,0
105.0,-547.6794919243112,0,0
115.0,-547.6794919243112,0,0
125.0,-547.6794919243112,0,0
135.0,-547.6794919243112,0,0
-160.0,-539.0192378864667,0,0
-150.0,-539.0192378864667,0,0
-140.0,-539.0192378864667,0,0
-130.0,-539.0192378864667,0,0
-120.0,-539.0192378864667,0,0
-110.0,-539.0192378864667,0,0
-100.0,-539.0192378864667,0,0
-90.0,-539.0192378864667,0,0
-80.0,-539.0192378864667,0,0
-70.0,-539.0192378864667,0,0
-60.0,-539.0192378864667,0,0
-50.0,-539.0192378864667,0,0
-40.0,-539.0192378864667,0,0
-30.0,-539.0192378864667,0,0
-20.0,-539.0192378864667,0,0
-10.0,-539.0192378864667,0,0
0.0,-539.0192378864667,0,0
10.0,-539.0192378864667,0,0
20.0,-539.0192378864667,0,0
30.0,-539.0192378864667,0,0
40.0,-539.0192378864667,0,0
50.0,-539.0192378864667,0,0
60.0,-539.0192378864667,0,0
70.0,-539.0192378864667,0,0
80.0,-539.0192378864667,0,0
90.0,-539.0192378864667,0,0
100.0,-539.0192378864667,0,0
110.0,-539.0192378864667,0,0
120.0,-539.0192378864667,0,0
130.0,-539.0192378864667,0,0
140.0,-539.0192378864667,0,0
150.0,-539.0192378864667,0,0
160.0,-539.0192378864667,0,0
-185.0,-530.3589838486223,0,0
-175.0,-530.3589838486223,0,0
-165.0,-530.3589838486223,0,0
-155.0,-530.3589838486223,0,0
-145.0,-530.3589838486223,0,0
-135.0,-530.3589838486223,0,0
-125.0,-530.3589838486223,0,0
-115.0,-530.3589838486223,0,0
-105.0,-530.3589838486223,0,0
-95.0,-530.3589838486223,0,0
-85.0,-530.3589838486223,0,0
-75.0,-530.3589838486223,0,0
-65.0,-530.3589838486223,0,0
-55.0,-530.3589838486223,0,0
-45.0,-530.3589838486223,0,0
-35.0,-530.3589838486223,0,0
-25.0,-530.3589838486223,0,0
-15.0,-530.3589838486223,0,0
-5.0,-530.3589838486223,0,0
5.0,-530.3589838486223,0,0
15.0,-530.3589838486223,0,0
25.0,-530.3589838486223,0,0
35.0,-530.3589838486223,0,0
45.0,-530.3589838486223,0,0
55.0,-530.3589838486223,0,0
65.0,-530.3589838486223,0,0
75.0,-530.3589838486223,0,0
85.0,-530.3589838486223,0,0
95.0,-530.3589838486223,0,0
105.0,-530.3589838486223,0,0
115.0,-530.3589838486223,0,0
125.0,-530.3589838486223,0,0
135.0,-530.3589838486223,0,0
145.0,-530.3589838486223,0,0
155.0,-530.3589838486223,0,0
165.0,-530.3589838486223,0,0
175.0,-530.3589838486223,0,0
185.0,-530.3589838486223,0,0
-210.0,-521.6987298107779,0,0
-200.0,-521.6987298107779,0,0
-190.0,-521.6987298107779,0,0
-180.0,-521.6987298107779,0,0
-170.0,-521.6987298107779,0,0
-160.0,-521.6987298107779,0,0
-150.0,-521.6987298107779,0,0
-140.0,-521.6987298107779,0,0
-130.0,-521.6987298107779,0,0
-120.0,-521.6987298107779,0,0
-110.0,-521.6987298107779,0,0
-100.0,-521.6987298107779,0,0
-90.0,-521.6987298107779,0,0
-80.0,-521.6987298107779,0,0
-70.0,-521.6987298107779,0,0
-60.0,-521.6987298107779,0,0
-50.0,-521.6987298107779,0,0
-40.0,-521.6987298107779,0,0
-30.0,-521.6987298107779,0,0
-20.0,-521.6987298107779,0,0
-10.0,-521.6987298107779,0,0
0.0,-521.6987298107779,0,0
10.0,-521.6987298107779,0,0
20.0,-521.6987298107779,0,0
30.0,-521.6987298107779,0,0
40.0,-521.6987298107779,0,0
50.0,-521.6987298107779,0,0
60.0,-521.6987298107779,0,0
70.0,-521.6987298107779,0,0
80.0,-521.6987298107779,0,0
90.0,-521.6987298107779,0,0
100.0,-521.6987298107779,0,0
110.0,-521.6987298107779,0,0
120.0,-521.6987298107779,0,0
130.0,-521.6987298107779,0,0
140.0,-521.6987298107779,0,0
150.0,-521.6987298107779,0,0
160.0,-521.6987298107779,0,0
170.0,-521.6987298107779,0,0
180.0,-521.6987298107779,0,0
190.0,-521.6987298107779,0,0
200.0,-521.6987298107779,0,0
210.0,-521.6987298107779,0,0
-235.0,-513.0384757729335,0,0
-225.0,-513.0384757729335,0,0
-215.0,-513.0384757729335,0,0
-205.0,-513.0384757729335,0,0
-195.0,-513.0384757729335,0,0
-185.0,-513.0384757729335,0,0
-175.0,-513.0384757729335,0,0
-165.0,-513.0384757729335,0,0
-155.0,-513.0384757729335,0,0
-145.0,-513.0384757729335,0,0
-135.0,-513.0384757729335,0,0
-125.0,-513.0384757729335,0,0
-115.0,-513.0384757729335,0,0
-105.0,-513.0384757729335,0,0
-95.0,-513.0384757729335,0,0
-85.0,-513.0384757729335,0,0
-75.0,-513.0384757729335,0,0
-65.0,-513.0384757729335,0,0
-55.0,-513.0384757729335,0,0
-45.0,-513.0384757729335,0,0
-35.0,-513.0384757729335,0,0
-25.0,-513.0384757729335,0,0
-15.0,-513.0384757729335,0,0
-5.0,-513.0384757729335,0,0
5.0,-513.0384757729335,0,0
15.0,-513.0384757729335,0,0
25.0,-513.0384757729335,0,0
35.0,-513.0384757729335,0,0
45.0,-513.0384757729335,0,0
55.0,-513.0384757729335,0,0
65.0,-513.0384757729335,0,0
75.0,-513.0384757729335,0,0
85.0,-513.0384757729335,0,0
95.0,-513.0384757729335,0,0
105.0,-513.0384757729335,0,0
115.0,-513.0384757729335,0,0
125.0,-513.0384757729335,0,0
135.0,-513.0384757729335,0,0
145.0,-513.0384757729335,0,0
155.0,-513.0384757729335,0,0
165.0,-513.0384757729335,0,0
175.0,-513.0384757729335,0,0
185.0,-513.0384757729335,0,0
195.0,-513.0384757729335,0,0
205.0,-513.0384757729335,0,0
215.0,-513.0384757729335,0,0
225.0,-513.0384757729335,0,0
235.0,-513.0384757729335,0,0
-250.0,-504.3782217350891,0,0
-240.0,-504.3782217350891,0,0
-230.0,-504.3782217350891,0,0
-220.0,-504.3782217350891,0,0
-210.0,-504.3782217350891,0,0
-200.0,-504.3782217350891,0,0
-190.0,-504.3782217350891,0,0
-180.0,-504.3782217350891,0,0
-170.0,-504.3782217350891,0,0
-160.0,-504.3782217350891,0,0
-150.0,-504.3782217350891,0,0
-140.0,-504.3782217350891,0,0
-130.0,-504.3782217350891,0,0
-120.0,-504.3782217350891,0,0
-110.0,-504.3782217350891,0,0
-100.0,-504.3782217350891,0,0
-90.0,-504.3782217350891,0,0
-80.0,-504.3782217350891,0,0
-70.0,-504.3782217350891,0,0
-60.0,-504.3782217350891,0,0
-50.0,-504.3782217350891,0,0
-40.0,-504.3782217350891,0,0
-30.0,-504.3782217350891,0,0
-20.0,-504.3782217350891,0,0
-10.0,-504.3782217350891,0,0
0.0,-504.3782217350891,0,0
10.0,-504.3782217350891,0,0
20.0,-504.3782217350891,0,0
30.0,-504.3782217350891,0,0
40.0,-504.3782217350891,0,0
50.0,-504.3782217350891,0,0
60.0,-504.3782217350891,0,0
70.0,-504.3782217350891,0,0
80.0,-504.3782217350891,0,0
90.0,-504.3782217350891,0,0
100.0,-504.3782217350891,0,0
110.0,-504.3782217350891,0,0
120.0,-504.3782217350891,0,0
130.0,-504.3782217350891,0,0
140.0,-504.3782217350891,0,0
150.0,-504.3782217350891,0,0
160.0,-504.3782217350891,0,0
170.0,-504.3782217350891,0,0
180.0,-504.3782217350891,0,0
190.0,-504.3782217350891,0,0
200.0,-504.3782217350891,0,0
210.0,-504.3782217350891,0,0
220.0,-504.3782217350891,0,0
230.0,-504.3782217350891,0,0
240.0,-504.3782217350891,0,0
250.0,-504.3782217350891,0,0
-265.0,-495.7179676972447,0,0
-255.0,-495.7179676972447,0,0
-245.0,-495.7179676972447,0,0
-235.0,-495.7179676972447,0,0
-225.0,-495.7179676972447,0,0
-215.0,-495.7179676972447,0,0
-205.0,-495.7179676972447,0,0
-195.0,-495.7179676972447,0,0
-185.0,-495.7179676972447,0,0
-175.0,-495.7179676972447,0,0
-165.0,-495.7179676972447,0,0
-155.0,-495.7179676972447,0,0
-145.0,-495.7179676972447,0,0
-135.0,-495.7179676972447,0,0
-125.0,-495.7179676972447,0,0
-115.0,-495.7179676972447,0,0
-105.0,-495.7179676972447,0,0
-95.0,-495.7179676972447,0,0
-85.0,-495.7179676972447,0,0
-75.0,-495.7179676972447,0,0
-65.0,-495.7179676972447,0,0
-55.0,-495.7179676972447,0,0
-45.0,-495.7179676972447,0,0
-35.0,-495.7179676972447,0,0
-25.0,-495.7179676972447,0,0
-15.0,-495.7179676972447,0,0
-5.0,-495.7179676972447,0,0
5.0,-495.7179676972447,0,0
15.0,-495.7179676972447,0,0
25.0,-495.7179676972447,0,0
35.0,-495.7179676972447,0,0
45.0,-495.7179676972447,0,0
55.0,-495.7179676972447,0,0
65.0,-495.7179676972447,0,0
75.0,-495.7179676972447,0,0
85.0,-495.7179676972447,0,0
95.0,-495.7179676972447,0,0
105.0,-495.7179676972447,0,0
115.0,-495.7179676972447,0,0
125.0,-495.7179676972447,0,0
135.0,-495.7179676972447,0,0
145.0,-495.7179676972447,0,0
155.0,-495.7179676972447,0,0
165.0,-495.7179676972447,0,0
175.0,-495.7179676972447,0,0
185.0,-495.7179676972447,0,0
195.0,-495.7179676972447,0,0
205.0,-495.7179676972447,0,0
215.0,-495.7179676972447,0,0
225.0,-495.7179676972447,0,0
235.0,-495.7179676972447,0,0
245.0,-495.7179676972447,0,0
255.0,-495.7179676972447,0,0
265.0,-495.7179676972447,0,0
-280.0,-487.05771365940035,0,0
-270.0,-487.05771365940035,0,0
-260.0,-487.05771365940035,0,0
-250.0,-487.05771365940035,0,0
-240.0,-487.05771365940035,0,0
-230.0,-487.05771365940035,0,0
-220.0,-487.05771365940035,0,0
-210.0,-487.05771365940035,0,0
-200.0,-487.05771365940035,0,0
-190.0,-487.05771365940035,0,0
-180.0,-487.05771365940035,0,0
-170.0,-487.05771365940035,0,0
-160.0,-487.05771365940035,0,0
-150.0,-487.05771365940035,0,0
-140.0,-487.05771365940035,0,0
-130.0,-487.05771365940035,0,0
-120.0,-487.05771365940035,0,0
-110.0,-487.05771365940035,0,0
-100.0,-487.05771365940035,0,0
-90.0,-487.05771365940035,0,0
-80.0,-487.05771365940035,0,0
-70.0,-487.05771365940035,0,0
-60.0,-487.05771365940035,0,0
-50.0,-487.05771365940035,0,0
-40.0,-487.05771365940035,0,0
-30.0,-487.05771365940035,0,0
-20.0,-487.05771365940035,0,0
-10.0,-487.05771365940035,0,0
0.0,-487.05771365940035,0,0
10.0,-487.05771365940035,0,0
20.0,-487.05771365940035,0,0
30.0,-487.05771365940035,0,0
40.0,-487.05771365940035,0,0
50.0,-487.05771365940035,0,0
60.0,-487.05771365940035,0,0
70.0,-487.05771365940035,0,0
80.0,-487.05771365940035,0,0
90.0,-487.05771365940035,0,0
100.0,-487.05771365940035,0,0
110.0,-487.05771365940035,0,0
120.0,-487.05771365940035,0,0
130.0,-487.05771365940035,0,0
140.0,-487.05771365940035,0,0
150.0,-487.05771365940035,0,0
160.0,-487.05771365940035,0,0
170.0,-487.05771365940035,0,0
180.0,-487.05771365940035,0,0
190.0,-487.05771365940035,0,0
200.0,-487.05771365940035,0,0
210.0,-487.05771365940035,0,0
220.0,-487.05771365940035,0,0
230.0,-487.05771365940035,0,0
240.0,-487.05771365940035,0,0
250.0,-487.05771365940035,0,0
260.0,-487.05771365940035,0,0
270.0,-487.05771365940035,0,0
280.0,-487.05771365940035,0,0
-295.0,-478.397459621556,0,0
-285.0,-478.397459621556,0,0
-275.0,-478.397459621556,0,0
-265.0,-478.397459621556,0,0
-255.0,-478.397459621556,0,0
-245.0,-478.397459621556,0,0
-235.0,-478.397459621556,0,0
-225.0,-478.397459621556,0,0
-215.0,-478.397459621556,0,0
-205.0,-478.397459621556,0,0
-195.0,-478.397459621556,0,0
-185.0,-478.397459621556,0,0
-175.0,-478.397459621556,0,0
-165.0,-478.397459621556,0,0
-155.0,-478.397459621556,0,0
-145.0,-478.397459621556,0,0
-135.0,-478.397459621556,0,0
-125.0,-478.397459621556,0,0
-115.0,-478.397459621556,0,0
-105.0,-478.397459621556,0,0
-95.0,-478.397459621556,0,0
-85.0,-478.397459621556,0,0
-75.0,-478.397459621556,0,0
-65.0,-478.397459621556,0,0
-55.0,-478.397459621556,0,0
-45.0,-478.397459621556,0,0
-35.0,-478.397459621556,0,0
-25.0,-478.397459621556,0,0
-15.0,-478.397459621556,0,0
-5.0,-478.397459621556,0,0
5.0,-478.397459621556,0,0
15.0,-478.397459621556,0,0
25.0,-478.397459621556,0,0
35.0,-478.397459621556,0,0
45.0,-478.397459621556,0,0
55.0,-478.397459621556,0,0
65.0,-478.397459621556,0,0
75.0,-478.397459621556,0,0
85.0,-478.397459621556,0,0
95.0,-478.397459621556,0,0
105.0,-478.397459621556,0,0
115.0,-478.397459621556,0,0
125.0,-478.397459621556,0,0
135.0,-478.397459621556,0,0
145.0,-478.397459621556,0,0
155.0,-478.397459621556,0,0
165.0,-478.397459621556,0,0
175.0,-478.397459621556,0,0
185.0,-478.397459621556,0,0
195.0,-478.397459621556,0,0
205.0,-478.397459621556,0,0
215.0,-478.397459621556,0,0
225.0,-478.397459621556,0,0
235.0,-478.397459621556,0,0
245.0,-478.397459621556,0,0
255.0,-478.397459621556,0,0
265.0,-478.397459621556,0,0
275.0,-478.397459621556,0,0
285.0,-478.397459621556,0,0
295.0,-478.397459621556,0,0
-310.0,-469.7372055837116,0,0
-300.0,-469.7372055837116,0,0
-290.0,-469.7372055837116,0,0
-280.0,-469.7372055837116,0,0
-270.0,-469.7372055837116,0,0
-260.0,-469.7372055837116,0,0
-250.0,-469.7372055837116,0,0
-240.0,-469.7372055837116,0,0
-230.0,-469.7372055837116,0,0
-220.0,-469.7372055837116,0,0
-210.0,-469.7372055837116,0,0
-200.0,-469.7372055837116,0,0
-190.0,-469.7372055837116,0,0
-180.0,-469.7372055837116,0,0
-170.0,-469.7372055837116,0,0
-160.0,-469.7372055837116,0,0
-150.0,-469.7372055837116,0,0
-140.0,-469.7372055837116,0,0
-130.0,-469.7372055837116,0,0
-120.0,-469.7372055837116,0,0
-110.0,-469.7372055837116,0,0
-100.0,-469.7372055837116,0,0
-90.0,-469.7372055837116,0,0
-80.0,-469.7372055837116,0,0
-70.0,-469.7372055837116,0,0
-60.0,-469.7372055837116,0,0
-50.0,-469.7372055837116,0,0
-40.0,-469.7372055837116,0,0
-30.0,-469.7372055837116,0,0
-20.0,-469.7372055837116,0,0
-10.0,-469.7372055837116,0,0
0.0,-469.7372055837116,0,0
10.0,-469.7372055837116,0,0
20.0,-469.7372055837116,0,0
30.0,-469.7372055837116,0,0
40.0,-469.7372055837116,0,0
50.0,-469.7372055837116,0,0
60.0,-469.7372055837116,0,0
70.0,-469.7372055837116,0,0
80.0,-469.7372055837116,0,0
90.0,-469.7372055837116,0,0
100.0,-469.7372055837116,0,0
110.0,-469.7372055837116,0,0
120.0,-469.7372055837116,0,0
130.0,-469.7372055837116,0,0
140.0,-469.7372055837116,0,0
150.0,-469.7372055837116,0,0
160.0,-469.7372055837116,0,0
170.0,-469.7372055837116,0,0
180.0,-469.7372055837116,0,0
190.0,-469.7372055837116,0,0
200.0,-469.7372055837116,0,0
210.0,-469.7372055837116,0,0
220.0,-469.7372055837116,0,0
230.0,-469.7372055837116,0,0
240.0,-469.7372055837116,0,0
250.0,-469.7372055837116,0,0
260.0,-469.7372055837116,0,0
270.0,-469.7372055837116,0,0
280.0,-469.7372055837116,0,0
290.0,-469.7372055837116,0,0
300.0,-469.7372055837116,0,0
310.0,-469.7372055837116,0,0
-325.0,-461.07695154586725,0,0
-315.0,-461.07695154586725,0,0
-305.0,-461.07695154586725,0,0
-295.0,-461.07695154586725,0,0
-285.0,-461.07695154586725,0,0
-275.0,-461.07695154586725,0,0
-265.0,-461.07695154586725,0,0
-255.0,-461.07695154586725,0,0
-245.0,-461.07695154586725,0,0
-235.0,-461.07695154586725,0,0
-225.0,-461.07695154586725,0,0
-215.0,-461.07695154586725,0,0
-205.0,-461.07695154586725,0,0
-195.0,-461.07695154586725,0,0
-185.0,-461.07695154586725,0,0
-175.0,-461.07695154586725,0,0
-165.0,-461.07695154586725,0,0
-155.0,-461.07695154586725,0,0
-145.0,-461.07695154586725,0,0
-135.0,-461.07695154586725,0,0
-125.0,-461.07695154586725,0,0
-115.0,-461.07695154586725,0,0
-105.0,-461.07695154586725,0,0
-95.0,-461.07695154586725,0,0
-85.0,-461.07695154586725,0,0
-75.0,-461.07695154586725,0,0
-65.0,-461.07695154586725,0,0
-55.0,-461.07695154586725,0,0
-45.0,-461.07695154586725,0,0
-35.0,-461.07695154586725,0,0
-25.0,-461.07695154586725,0,0
-15.0,-461.07695154586725,0,0
-5.0,-461.07695154586725,0,0
5.0,-461.07695154586725,0,0
15.0,-461.07695154586725,0,0
25.0,-461.07695154586725,0,0
35.0,-461.07695154586725,0,0
45.0,-461.07695154586725,0,0
55.0,-461.07695154586725,0,0
65.0,-461.07695154586725,0,0
75.0,-461.07695154586725,0,0
85.0,-461.07695154586725,0,0
95.0,-461.07695154586725,0,0
105.0,-461.07695154586725,0,0
115.0,-461.07695154586725,0,0
125.0,-461.07695154586725,0,0
135.0,-461.07695154586725,0,0
145.0,-461.07695154586725,0,0
155.0,-461.07695154586725,0,0
165.0,-461.07695154586725,0,0
175.0,-461.07695154586725,0,0
185.0,-461.07695154586725,0,0
195.0,-461.07695154586725,0,0
205.0,-461.07695154586725,0,0
215.0,-461.07695154586725,0,0
225.0,-461.07695154586725,0,0
235.0,-461.07695154586725,0,0
245.0,-461.07695154586725,0,0
255.0,-461.07695154586725,0,0
265.0,-461.07695154586725,0,0
275.0,-461.07695154586725,0,0
285.0,-461.07695154586725,0,0
295.0,-461.07695154586725,0,0
305.0,-461.07695154586725,0,0
315.0,-461.07695154586725,0,0
325.0,-461.07695154586725,0,0
-330.0,-452.4166975080229,0,0
-320.0,-452.4166975080229,0,0
-310.0,-452.4166975080229,0,0
-300.0,-452.4166975080229,0,0
-290.0,-452.4166975080229,0,0
-280.0,-452.4166975080229,0,0
-270.0,-452.4166975080229,0,0
-260.0,-452.4166975080229,0,0
-250.0,-452.4166975080229,0,0
-240.0,-452.4166975080229,0,0
-230.0,-452.4166975080229,0,0
-220.0,-452.4166975080229,0,0
-210.0,-452.4166975080229,0,0
-200.0,-452.4166975080229,0,0
-190.0,-452.4166975080229,0,0
-180.0,-452.4166975080229,0,0
-170.0,-452.4166975080229,0,0
-160.0,-452.4166975080229,0,0
-150.0,-452.4166975080229,0,0
-140.0,-452.4166975080229,0,0
-130.0,-452.4166975080229,0,0
-120.0,-452.4166975080229,0,0
-110.0,-452.4166975080229,0,0
-100.0,-452.4166975080229,0,0
-90.0,-452.4166975080229,0,0
-80.0,-452.4166975080229,0,0
-70.0,-452.4166975080229,0,0
-60.0,-452.4166975080229,0,0
-50.0,-452.4166975080229,0,0
-40.0,-452.4166975080229,0,0
-30.0,-452.4166975080229,0,0
-20.0,-452.4166975080229,0,0
-10.0,-452.4166975080229,0,0
0.0,-452.4166975080229,0,0
10.0,-452.4166975080229,0,0
20.0,-452.4166975080229,0,0
30.0,-452.4166975080229,0,0
40.0,-452.4166975080229,0,0
50.0,-452.4166975080229,0,0
60.0,-452.4166975080229,0,0
70.0,-452.4166975080229,0,0
80.0,-452.4166975080229,0,0
90.0,-452.4166975080229,0,0
100.0,-452.4166975080229,0,0
110.0,-452.4166975080229,0,0
120.0,-452.4166975080229,0,0
130.0,-452.4166975080229,0,0
140.0,-452.4166975080229,0,0
150.0,-452.4166975080229,0,0
160.0,-452.4166975080229,0,0
170.0,-452.4166975080229,0,0
180.0,-452.4166975080229,0,0
190.0,-452.4166975080229,0,0
200.0,-452.4166975080229,0,0
210.0,-452.4166975080229,0,0
220.0,-452.4166975080229,0,0
230.0,-452.4166975080229,0,0
240.0,-452.4166975080229,0,0
250.0,-452.4166975080229,0,0
260.0,-452.4166975080229,0,0
270.0,-452.4166975080229,0,0
280.0,-452.4166975080229,0,0
290.0,-452.4166975080229,0,0
300.0,-452.4166975080229,0,0
310.0,-452.4166975080229,0,0
320.0,-452.4166975080229,0,0
330.0,-452.4166975080229,0,0
-345.0,-443.7564434701785,0,0
-335.0,-443.7564434701785,0,0
-325.0,-443.7564434701785,0,0
-315.0,-443.7564434701785,0,0
-305.0,-443.7564434701785,0,0
-295.0,-443.7564434701785,0,0
-285.0,-443.7564434701785,0,0
-275.0,-443.7564434701785,0,0
-265.0,-443.7564434701785,0,0
-255.0,-443.7564434701785,0,0
-245.0,-443.7564434701785,0,0
-235.0,-443.7564434701785,0,0
-225.0,-443.7564434701785,0,0
-215.0,-443.7564434701785,0,0
-205.0,-443.7564434701785,0,0
-195.0,-443.7564434701785,0,0
-185.0,-443.7564434701785,0,0
-175.0,-443.7564434701785,0,0
-165.0,-443.7564434701785,0,0
-155.0,-443.7564434701785,0,0
-145.0,-443.7564434701785,0,0
-135.0,-443.7564434701785,0,0
-125.0,-443.7564434701785,0,0
-115.0,-443.7564434701785,0,0
-105.0,-443.7564434701785,0,0
-95.0,-443.7564434701785,0,0
-85.0,-443.7564434701785,0,0
-75.0,-443.7564434701785,0,0
-65.0,-443.7564434701785,0,0
-55.0,-443.7564434701785,0,0
-45.0,-443.7564434701785,0,0
-35.0,-443.7564434701785,0,0
-25.0,-443.7564434701785,0,0
-15.0,-443.7564434701785,0,0
-5.0,-443.7564434701785,0,0
5.0,-443.7564434701785,0,0
15.0,-443.7564434701785,0,0
25.0,-443.7564434701785,0,0
35.0,-443.7564434701785,0,0
45.0,-443.7564434701785,0,0
55.0,-443.7564434701785,0,0
65.0,-443.7564434701785,0,0
75.0,-443.7564434701785,0,0
85.0,-443.7564434701785,0,0
95.0,-443.7564434701785,0,0
105.0,-443.7564434701785,0,0
115.0,-443.7564434701785,0,0
125.0,-443.7564434701785,0,0
135.0,-443.7564434701785,0,0
145.0,-443.7564434701785,0,0
155.0,-443.7564434701785,0,0
165.0,-443.7564434701785,0,0
175.0,-443.7564434701785,0,0
185.0,-443.7564434701785,0,0
195.0,-443.7564434701785,0,0
205.0,-443.7564434701785,0,0
215.0,-443.7564434701785,0,0
225.0,-443.7564434701785,0,0
235.0,-443.7564434701785,0,0
245.0,-443.7564434701785,0,0
255.0,-443.7564434701785,0,0
265.0,-443.7564434701785,0,0
275.0,-443.7564434701785,0,0
285.0,-443.7564434701785,0,0
295.0,-443.7564434701785,0,0
305.0,-443.7564434701785,0,0
315.0,-443.7564434701785,0,0
325.0,-443.7564434701785,0,0
335.0,-443.7564434701785,0,0
345.0,-443.7564434701785,0,0
-360.0,-435.09618943233414,0,0
-350.0,-435.09618943233414,0,0
-340.0,-435.09618943233414,0,0
-330.0,-435.09618943233414,0,0
-320.0,-435.09618943233414,0,0
-310.0,-435.09618943233414,0,0
-300.0,-435.09618943233414,0,0
-290.0,-435.09618943233414,0,0
-280.0,-435.09618943233414,0,0
-270.0,-435.09618943233414,0,0
-260.0,-435.09618943233414,0,0
-250.0,-435.09618943233414,0,0
-240.0,-435.09618943233414,0,0
-230.0,-435.09618943233414,0,0
-220.0,-435.09618943233414,0,0
-210.0,-435.09618943233414,0,0
-200.0,-435.09618943233414,0,0
-190.0,-435.09618943233414,0,0
-180.0,-435.09618943233414,0,0
-170.0,-435.09618943233414,0,0
-160.0,-435.09618943233414,0,0
-150.0,-435.09618943233414,0,0
-140.0,-435.09618943233414,0,0
-130.0,-435.09618943233414,0,0
-120.0,-435.09618943233414,0,0
-110.0,-435.09618943233414,0,0
-100.0,-435.09618943233414,0,0
-90.0,-435.09618943233414,0,0
-80.0,-435.09618943233414,0,0
-70.0,-435.09618943233414,0,0
-60.0,-435.09618943233414,0,0
-50.0,-435.09618943233414,0,0
-40.0,-435.09618943233414,0,0
-30.0,-435.09618943233414,0,0
-20.0,-435.09618943233414,0,0
-10.0,-435.09618943233414,0,0
0.0,-435.09618943233414,0,0
10.0,-435.09618943233414,0,0
20.0,-435.09618943233414,0,0
30.0,-435.09618943233414,0,0
40.0,-435.09618943233414,0,0
50.0,-435.09618943233414,0,0
60.0,-435.09618943233414,0,0
70.0,-435.09618943233414,0,0
80.0,-435.09618943233414,0,0
90.0,-435.09618943233414,0,0
100.0,-435.09618943233414,0,0
110.0,-435.09618943233414,0,0
120.0,-435.09618943233414,0,0
130.0,-435.09618943233414,0,0
140.0,-435.09618943233414,0,0
150.0,-435.09618943233414,0,0
160.0,-435.09618943233414,0,0
170.0,-435.09618943233414,0,0
180.0,-435.09618943233414,0,0
190.0,-435.09618943233414,0,0
200.0,-435.09618943233414,0,0
210.0,-435.09618943233414,0,0
220.0,-435.09618943233414,0,0
230.0,-435.09618943233414,0,0
240.0,-435.09618943233414,0,0
250.0,-435.09618943233414,0,0
260.0,-435.09618943233414,0,0
270.0,-435.09618943233414,0,0
280.0,-435.09618943233414,0,0
290.0,-435.09618943233414,0,0
300.0,-435.09618943233414,0,0
310.0,-435.09618943233414,0,0
320.0,-435.09618943233414,0,0
330.0,-435.09618943233414,0,0
340.0,-435.09618943233414,0,0
350.0,-435.09618943233414,0,0
360.0,-435.09618943233414,0,0
-365.0,-426.4359353944898,0,0
-355.0,-426.4359353944898,0,0
-345.0,-426.4359353944898,0,0
-335.0,-426.4359353944898,0,0
-325.0,-426.4359353944898,0,0
-315.0,-426.4359353944898,0,0
-305.0,-426.4359353944898,0,0
-295.0,-426.4359353944898,0,0
-285.0,-426.4359353944898,0,0
-275.0,-426.4359353944898,0,0
-265.0,-426.4359353944898,0,0
-255.0,-426.4359353944898,0,0
-245.0,-426.4359353944898,0,0
-235.0,-426.4359353944898,0,0
-225.0,-426.4359353944898,0,0
-215.0,-426.4359353944898,0,0
-205.0,-426.4359353944898,0,0
-195.0,-426.4359353944898,0,0
-185.0,-426.4359353944898,0,0
-175.0,-426.4359353944898,0,0
-165.0,-426.4359353944898,0,0
-155.0,-426.4359353944898,0,0
-145.0,-426.4359353944898,0,0
-135.0,-426.4359353944898,0,0
-125.0,-426.4359353944898,0,0
-115.0,-426.4359353944898,0,0
-105.0,-426.4359353944898,0,0
-95.0,-426.4359353944898,0,0
-85.0,-426.4359353944898,0,0
-75.0,-426.4359353944898,0,0
-65.0,-426.4359353944898,0,0
-55.0,-426.4359353944898,0,0
-45.0,-426.4359353944898,0,0
-35.0,-426.4359353944898,0,0
-25.0,-426.4359353944898,0,0
-15.0,-426.4359353944898,0,0
-5.0,-426.4359353944898,0,0
5.0,-426.4359353944898,0,0
15.0,-426.4359353944898,0,0
25.0,-426.4359353944898,0,0
35.0,-426.4359353944898,0,0
45.0,-426.4359353944898,0,0
55.0,-426.4359353944898,0,0
65.0,-426.4359353944898,0,0
75.0,-426.4359353944898,0,0
85.0,-426.4359353944898,0,0
95.0,-426.4359353944898,0,0
105.0,-426.4359353944898,0,0
115.0,-426.4359353944898,0,0
125.0,-426.4359353944898,0,0
135.0,-426.4359353944898,0,0
145.0,-426.4359353944898,0,0
155.0,-426.4359353944898,0,0
165.0,-426.4359353944898,0,0
175.0,-426.4359353944898,0,0
185.0,-426.4359353944898,0,0
195.0,-426.4359353944898,0,0
205.0,-426.4359353944898,0,0
215.0,-426.4359353944898,0,0
225.0,-426.4359353944898,0,0
235.0,-426.4359353944898,0,0
245.0,-426.4359353944898,0,0
255.0,-426.4359353944898,0,0
265.0,-426.4359353944898,0,0
275.0,-426.4359353944898,0,0
285.0,-426.4359353944898,0,0
295.0,-426.4359353944898,0,0
305.0,-426.4359353944898,0,0
315.0,-426.4359353944898,0,0
325.0,-426.4359353944898,0,0
335.0,-426.4359353944898,0,0
345.0,-426.4359353944898,0,0
355.0,-426.4359353944898,0,0
365.0,-426.4359353944898,0,0
-380.0,-417.7756813566454,0,0
-370.0,-417.7756813566454,0,0
-360.0,-417.7756813566454,0,0
-350.0,-417.7756813566454,0,0
-340.0,-417.7756813566454,0,0
-330.0,-417.7756813566454,0,0
-320.0,-417.7756813566454,0,0
-310.0,-417.7756813566454,0,0
-300.0,-417.7756813566454,0,0
-290.0,-417.7756813566454,0,0
-280.0,-417.7756813566454,0,0
-270.0,-417.7756813566454,0,0
-260.0,-417.7756813566454,0,0
-250.0,-417.7756813566454,0,0
-240.0,-417.7756813566454,0,0
-230.0,-417.7756813566454,0,0
-220.0,-417.7756813566454,0,0
-210.0,-417.7756813566454,0,0
-200.0,-417.7756813566454,0,0
-190.0,-417.7756813566454,0,0
-180.0,-417.7756813566454,0,0
-170.0,-417.7756813566454,0,0
-160.0,-417.7756813566454,0,0
-150.0,-417.7756813566454,0,0
-140.0,-417.7756813566454,0,0
-130.0,-417.7756813566454,0,0
-120.0,-417.7756813566454,0,0
-110.0,-417.7756813566454,0,0
-100.0,-417.7756813566454,0,0
-90.0,-417.7756813566454,0,0
-80.0,-417.7756813566454,0,0
-70.0,-417.7756813566454,0,0
-60.0,-417.7756813566454,0,0
-50.0,-417.7756813566454,0,0
-40.0,-417.7756813566454,0,0
-30.0,-417.7756813566454,0,0
-20.0,-417.7756813566454,0,0
-10.0,-417.7756813566454,0,0
0.0,-417.7756813566454,0,0
10.0,-417.7756813566454,0,0
20.0,-417.7756813566454,0,0
30.0,-417.7756813566454,0,0
40.0,-417.7756813566454,0,0
50.0,-417.7756813566454,0,0
60.0,-417.7756813566454,0,0
70.0,-417.7756813566454,0,0
80.0,-417.7756813566454,0,0
90.0,-417.7756813566454,0,0
100.0,-417.7756813566454,0,0
110.0,-417.7756813566454,0,0
120.0,-417.7756813566454,0,0
130.0,-417.7756813566454,0,0
140.0,-417.7756813566454,0,0
150.0,-417.7756813566454,0,0
160.0,-417.7756813566454,0,0
170.0,-417.7756813566454,0,0
180.0,-417.7756813566454,0,0
190.0,-417.7756813566454,0,0
200.0,-417.7756813566454,0,0
210.0,-417.7756813566454,0,0
220.0,-417.7756813566454,0,0
230.0,-417.7756813566454,0,0
240.0,-417.7756813566454,0,0
250.0,-417.7756813566454,0,0
260.0,-417.7756813566454,0,0
270.0,-417.7756813566454,0,0
280.0,-417.7756813566454,0,0
290.0,-417.7756813566454,0,0
300.0,-417.7756813566454,0,0
310.0,-417.7756813566454,0,0
320.0,-417.7756813566454,0,0
330.0,-417.7756813566454,0,0
340.0,-417.7756813566454,0,0
350.0,-417.7756813566454,0,0
360.0,-417.7756813566454,0,0
370.0,-417.7756813566454,0,0
380.0,-417.7756813566454,0,0
-385.0,-409.11542731880104,0,0
-375.0,-409.11542731880104,0,0
-365.0,-409.11542731880104,0,0
-355.0,-409.11542731880104,0,0
-345.0,-409.11542731880104,0,0
-335.0,-409.11542731880104,0,0
-325.0,-409.11542731880104,0,0
-315.0,-409.11542731880104,0,0
-305.0,-409.11542731880104,0,0
-295.0,-409.11542731880104,0,0
-285.0,-409.11542731880104,0,0
-275.0,-409.11542731880104,0,0
-265.0,-409.11542731880104,0,0
-255.0,-409.11542731880104,0,0
-245.0,-409.11542731880104,0,0
-235.0,-409.11542731880104,0,0
-225.0,-409.11542731880104,0,0
-215.0,-409.11542731880104,0,0
-205.0,-409.11542731880104,0,0
-195.0,-409.11542731880104,0,0
-185.0,-409.11542731880104,0,0
-175.0,-409.11542731880104,0,0
-165.0,-409.11542731880104,0,0
-155.0,-409.11542731880104,0,0
-145.0,-409.11542731880104,0,0
-135.0,-409.11542731880104,0,0
-125.0,-409.11542731880104,0,0
-115.0,-409.11542731880104,0,0
-105.0,-409.11542731880104,0,0
-95.0,-409.11542731880104,0,0
-85.0,-409.11542731880104,0,0
-75.0,-409.11542731880104,0,0
-65.0,-409.11542731880104,0,0
-55.0,-409.11542731880104,0,0
-45.0,-409.11542731880104,0,0
-35.0,-409.11542731880104,0,0
-25.0,-409.11542731880104,0,0
-15.0,-409.11542731880104,0,0
-5.0,-409.11542731880104,0,0
5.0,-409.11542731880104,0,0
15.0,-409.11542731880104,0,0
25.0,-409.11542731880104,0,0
35.0,-409.11542731880104,0,0
45.0,-409.11542731880104,0,0
55.0,-409.11542731880104,0,0
65.0,-409.11542731880104,0,0
75.0,-409.11542731880104,0,0
85.0,-409.11542731880104,0,0
95.0,-409.11542731880104,0,0
105.0,-409.11542731880104,0,0
115.0,-409.11542731880104,0,0
125.0,-409.11542731880104,0,0
135.0,-409.11542731880104,0,0
145.0,-409.11542731880104,0,0
155.0,-409.11542731880104,0,0
165.0,-409.11542731880104,0,0
175.0,-409.11542731880104,0,0
185.0,-409.11542731880104,0,0
195.0,-409.11542731880104,0,0
205.0,-409.11542731880104,0,0
215.0,-409.11542731880104,0,0
225.0,-409.11542731880104,0,0
235.0,-409.11542731880104,0,0
245.0,-409.11542731880104,0,0
255.0,-409.11542731880104,0,0
265.0,-409.11542731880104,0,0
275.0,-409.11542731880104,0,0
285.0,-409.11542731880104,0,0
295.0,-409.11542731880104,0,0
305.0,-409.11542731880104,0,0
315.0,-409.11542731880104,0,0
325.0,-409.11542731880104,0,0
335.0,-409.11542731880104,0,0
345.0,-409.11542731880104,0,0
355.0,-409.11542731880104,0,0
365.0,-409.11542731880104,0,0
375.0,-409.11542731880104,0,0
385.0,-409.11542731880104,0,0
-390.0,-400.45517328095667,0,0
-380.0,-400.45517328095667,0,0
-370.0,-400.45517328095667,0,0
-360.0,-400.45517328095667,0,0
-350.0,-400.45517328095667,0,0
-340.0,-400.45517328095667,0,0
-330.0,-400.45517328095667,0,0
-320.0,-400.45517328095667,0,0
-310.0,-400.45517328095667,0,0
-300.0,-400.45517328095667,0,0
-290.0,-400.45517328095667,0,0
-280.0,-400.45517328095667,0,0
-270.0,-400.45517328095667,0,0
-260.0,-400.45517328095667,0,0
-250.0,-400.45517328095667,0,0
-240.0,-400.45517328095667,0,0
-230.0,-400.45517328095667,0,0
-220.0,-400.45517328095667,0,0
-210.0,-400.45517328095667,0,0
-200.0,-400.45517328095667,0,0
-190.0,-400.45517328095667,0,0
-180.0,-400.45517328095667,0,0
-170.0,-400.45517328095667,0,0
-160.0,-400.45517328095667,0,0
-150.0,-400.45517328095667,0,0
-140.0,-400.45517328095667,0,0
-130.0,-400.45517328095667,0,0
-120.0,-400.45517328095667,0,0
-110.0,-400.45517328095667,0,0
-100.0,-400.45517328095667,0,0
-90.0,-400.45517328095667,0,0
-80.0,-400.45517328095667,0,0
-70.0,-400.45517328095667,0,0
-60.0,-400.45517328095667,0,0
-50.0,-400.45517328095667,0,0
-40.0,-400.45517328095667,0,0
-30.0,-400.45517328095667,0,0
-20.0,-400.45517328095667,0,0
-10.0,-400.45517328095667,0,0
0.0,-400.45517328095667,0,0
10.0,-400.45517328095667,0,0
20.0,-400.45517328095667,0,0
30.0,-400.45517328095667,0,0
40.0,-400.45517328095667,0,0
50.0,-400.45517328095667,0,0
60.0,-400.45517328095667,0,0
70.0,-400.45517328095667,0,0
80.0,-400.45517328095667,0,0
90.0,-400.45517328095667,0,0
100.0,-400.45517328095667,0,0
110.0,-400.45517328095667,0,0
120.0,-400.45517328095667,0,0
130.0,-400.45517328095667,0,0
140.0,-400.45517328095667,0,0
150.0,-400.45517328095667,0,0
160.0,-400.45517328095667,0,0
170.0,-400.45517328095667,0,0
180.0,-400.45517328095667,0,0
190.0,-400.45517328095667,0,0
200.0,-400.45517328095667,0,0
210.0,-400.45517328095667,0,0
220.0,-400.45517328095667,0,0
230.0,-400.45517328095667,0,0
240.0,-400.45517328095667,0,0
250.0,-400.45517328095667,0,0
260.0,-400.45517328095667,0,0
270.0,-400.45517328095667,0,0
280.0,-400.45517328095667,0,0
290.0,-400.45517328095667,0,0
300.0,-400.45517328095667,0,0
310.0,-400.45517328095667,0,0
320.0,-400.45517328095667,0,0
330.0,-400.45517328095667,0,0
340.0,-400.45517328095667,0,0
350.0,-400.45517328095667,0,0
360.0,-400.45517328095667,0,0
370.0,-400.45517328095667,0,0
380.0,-400.45517328095667,0,0
390.0,-400.45517328095667,0,0
-405.0,-391.7949192431123,0,0
-395.0,-391.7949192431123,0,0
-385.0,-391.7949192431123,0,0
-375.0,-391.7949192431123,0,0
-365.0,-391.7949192431123,0,0
-355.0,-391.7949192431123,0,0
-345.0,-391.7949192431123,0,0
-335.0,-391.7949192431123,0,0
-325.0,-391.7949192431123,0,0
-315.0,-391.7949192431123,0,0
-305.0,-391.7949192431123,0,0
-295.0,-391.7949192431123,0,0
-285.0,-391.7949192431123,0,0
-275.0,-391.7949192431123,0,0
-265.0,-391.7949192431123,0,0
-255.0,-391.7949192431123,0,0
-245.0,-391.7949192431123,0,0
-235.0,-391.7949192431123,0,0
-225.0,-391.7949192431123,0,0
-215.0,-391.7949192431123,0,0
-205.0,-391.7949192431123,0,0
-195.0,-391.7949192431123,0,0
-185.0,-391.7949192431123,0,0
-175.0,-391.7949192431123,0,0
-165.0,-391.7949192431123,0,0
-155.0,-391.7949192431123,0,0
-145.0,-391.7949192431123,0,0
-135.0,-391.7949192431123,0,0
-125.0,-391.7949192431123,0,0
-115.0,-391.7949192431123,0,0
-105.0,-391.7949192431123,0,0
-95.0,-391.7949192431123,0,0
-85.0,-391.7949192431123,0,0
-75.0,-391.7949192431123,0,0
-65.0,-391.7949192431123,0,0
-55.0,-391.7949192431123,0,0
-45.0,-391.7949192431123,0,0
-35.0,-391.7949192431123,0,0
-25.0,-391.7949192431123,0,0
-15.0,-391.7949192431123,0,0
-5.0,-391.7949192431123,0,0
5.0,-391.7949192431123,0,0
15.0,-391.7949192431123,0,0
25.0,-391.7949192431123,0,0
35.0,-391.7949192431123,0,0
45.0,-391.7949192431123,0,0
55.0,-391.7949192431123,0,0
65.0,-391.7949192431123,0,0
75.0,-391.7949192431123,0,0
85.0,-391.7949192431123,0,0
95.0,-391.7949192431123,0,0
105.0,-391.7949192431123,0,0
115.0,-391.7949192431123,0,0
125.0,-391.7949192431123,0,0
135.0,-391.7949192431123,0,0
145.0,-391.7949192431123,0,0
155.0,-391.7949192431123,0,0
165.0,-391.7949192431123,0,0
175.0,-391.7949192431123,0,0
185.0,-391.7949192431123,0,0
195.0,-391.7949192431123,0,0
205.0,-391.7949192431123,0,0
215.0,-391.7949192431123,0,0
225.0,-391.7949192431123,0,0
235.0,-391.7949192431123,0,0
245.0,-391.7949192431123,0,0
255.0,-391.7949192431123,0,0
265.0,-391.7949192431123,0,0
275.0,-391.7949192431123,0,0
285.0,-391.7949192431123,0,0
295.0,-391.7949192431123,0,0
305.0,-391.7949192431123,0,0
315.0,-391.7949192431123,0,0
325.0,-391.7949192431123,0,0
335.0,-391.7949192431123,0,0
345.0,-391.7949192431123,0,0
355.0,-391.7949192431123,0,0
365.0,-391.7949192431123,0,0
375.0,-391.7949192431123,0,0
385.0,-391.7949192431123,0,0
395.0,-391.7949192431123,0,0
405.0,-391.7949192431123,0,0
-410.0,-383.13466520526794,0,0
-400.0,-383.13466520526794,0,0
-390.0,-383.13466520526794,0,0
-380.0,-383.13466520526794,0,0
-370.0,-383.13466520526794,0,0
-360.0,-383.13466520526794,0,0
-350.0,-383.13466520526794,0,0
-340.0,-383.13466520526794,0,0
-330.0,-383.13466520526794,0,0
-320.0,-383.13466520526794,0,0
-310.0,-383.13466520526794,0,0
-300.0,-383.13466520526794,0,0
-290.0,-383.13466520526794,0,0
-280.0,-383.13466520526794,0,0
-270.0,-383.13466520526794,0,0
-260.0,-383.13466520526794,0,0
-250.0,-383.13466520526794,0,0
-240.0,-383.13466520526794,0,0
-230.0,-383.13466520526794,0,0
-220.0,-383.13466520526794,0,0
-210.0,-383.13466520526794,0,0
-200.0,-383.13466520526794,0,0
-190.0,-383.13466520526794,0,0
-180.0,-383.13466520526794,0,0
-170.0,-383.13466520526794,0,0
-160.0,-383.13466520526794,0,0
-150.0,-383.13466520526794,0,0
-140.0,-383.13466520526794,0,0
-130.0,-383.13466520526794,0,0
-120.0,-383.13466520526794,0,0
-110.0,-383.13466520526794,0,0
-100.0,-383.13466520526794,0,0
-90.0,-383.13466520526794,0,0
-80.0,-383.13466520526794,0,0
-70.0,-383.13466520526794,0,0
-60.0,-383.13466520526794,0,0
-50.0,-383.13466520526794,0,0
-40.0,-383.13466520526794,0,0
-30.0,-383.13466520526794,0,0
-20.0,-383.13466520526794,0,0
-10.0,-383.13466520526794,0,0
0.0,-383.13466520526794,0,0
10.0,-383.13466520526794,0,0
20.0,-383.13466520526794,0,0
30.0,-383.13466520526794,0,0
40.0,-383.13466520526794,0,0
50.0,-383.13466520526794,0,0
60.0,-383.13466520526794,0,0
70.0,-383.13466520526794,0,0
80.0,-383.13466520526794,0,0
90.0,-383.13466520526794,0,0
100.0,-383.13466520526794,0,0
110.0,-383.13466520526794,0,0
120.0,-383.13466520526794,0,0
130.0,-383.13466520526794,0,0
140.0,-383.13466520526794,0,0
150.0,-383.13466520526794,0,0
160.0,-383.13466520526794,0,0
170.0,-383.13466520526794,0,0
180.0,-383.13466520526794,0,0
190.0,-383.13466520526794,0,0
200.0,-383.13466520526794,0,0
210.0,-383.13466520526794,0,0
220.0,-383.13466520526794,0,0
230.0,-383.13466520526794,0,0
240.0,-383.13466520526794,0,0
250.0,-383.13466520526794,0,0
260.0,-383.13466520526794,0,0
270.0,-383.13466520526794,0,0
280.0,-383.13466520526794,0,0
290.0,-383.13466520526794,0,0
300.0,-383.13466520526794,0,0
310.0,-383.13466520526794,0,0
320.0,-383.13466520526794,0,0
330.0,-383.13466520526794,0,0
340.0,-383.13466520526794,0,0
350.0,-383.13466520526794,0,0
360.0,-383.13466520526794,0,0
370.0,-383.13466520526794,0,0
380.0,-383.13466520526794,0,0
390.0,-383.13466520526794,0,0
400.0,-383.13466520526794,0,0
410.0,-383.13466520526794,0,0
-415.0,-374.47441116742357,0,0
-405.0,-374.47441116742357,0,0
-395.0,-374.47441116742357,0,0
-385.0,-374.47441116742357,0,0
-375.0,-374.47441116742357,0,0
-365.0,-374.47441116742357,0,0
-355.0,-374.47441116742357,0,0
-345.0,-374.47441116742357,0,0
-335.0,-374.47441116742357,0,0
-325.0,-374.47441116742357,0,0
-315.0,-374.47441116742357,0,0
-305.0,-374.47441116742357,0,0
-295.0,-374.47441116742357,0,0
-285.0,-374.47441116742357,0,0
-275.0,-374.47441116742357,0,0
-265.0,-374.47441116742357,0,0
-255.0,-374.47441116742357,0,0
-245.0,-374.47441116742357,0,0
-235.0,-374.47441116742357,0,0
-225.0,-374.47441116742357,0,0
-215.0,-374.47441116742357,0,0
-205.0,-374.47441116742357,0,0
-195.0,-374.47441116742357,0,0
-185.0,-374.47441116742357,0,0
-175.0,-374.47441116742357,0,0
-165.0,-374.47441116742357,0,0
-155.0,-374.47441116742357,0,0
-145.0,-374.47441116742357,0,0
-135.0,-374.47441116742357,0,0
-125.0,-374.47441116742357,0,0
-115.0,-374.47441116742357,0,0
-105.0,-374.47441116742357,0,0
-95.0,-374.47441116742357,0,0
-85.0,-374.47441116742357,0,0
-75.0,-374.47441116742357,0,0
-65.0,-374.47441116742357,0,0
-55.0,-374.47441116742357,0,0
-45.0,-374.47441116742357,0,0
-35.0,-374.47441116742357,0,0
-25.0,-374.47441116742357,0,0
-15.0,-374.47441116742357,0,0
-5.0,-374.47441116742357,0,0
5.0,-374.47441116742357,0,0
15.0,-374.47441116742357,0,0
25.0,-374.47441116742357,0,0
35.0,-374.47441116742357,0,0
45.0,-374.47441116742357,0,0
55.0,-374.47441116742357,0,0
65.0,-374.47441116742357,0,0
75.0,-374.47441116742357,0,0
85.0,-374.47441116742357,0,0
95.0,-374.47441116742357,0,0
105.0,-374.47441116742357,0,0
115.0,-374.47441116742357,0,0
125.0,-374.47441116742357,0,0
135.0,-374.47441116742357,0,0
145.0,-374.47441116742357,0,0
155.0,-374.47441116742357,0,0
165.0,-374.47441116742357,0,0
175.0,-374.47441116742357,0,0
185.0,-374.47441116742357,0,0
195.0,-374.47441116742357,0,0
205.0,-374.47441116742357,0,0
215.0,-374.47441116742357,0,0
225.0,-374.47441116742357,0,0
235.0,-374.47441116742357,0,0
245.0,-374.47441116742357,0,0
255.0,-374.47441116742357,0,0
265.0,-374.47441116742357,0,0
275.0,-374.47441116742357,0,0
285.0,-374.47441116742357,0,0
295.0,-374.47441116742357,0,0
305.0,-374.47441116742357,0,0
315.0,-374.47441116742357,0,0
325.0,-374.47441116742357,0,0
335.0,-374.47441116742357,0,0
345.0,-374.47441116742357,0,0
355.0,-374.47441116742357,0,0
365.0,-374.47441116742357,0,0
375.0,-374.47441116742357,0,0
385.0,-374.47441116742357,0,0
395.0,-374.47441116742357,0,0
405.0,-374.47441116742357,0,0
415.0,-374.47441116742357,0,0
-430.0,-365.8141571295792,0,0
-420.0,-365.8141571295792,0,0
-410.0,-365.8141571295792,0,0
-400.0,-365.8141571295792,0,0
-390.0,-365.8141571295792,0,0
-380.0,-365.8141571295792,0,0
-370.0,-365.8141571295792,0,0
-360.0,-365.8141571295792,0,0
-350.0,-365.8141571295792,0,0
-340.0,-365.8141571295792,0,0
-330.0,-365.8141571295792,0,0
-320.0,-365.8141571295792,0,0
-310.0,-365.8141571295792,0,0
-300.0,-365.8141571295792,0,0
-290.0,-365.8141571295792,0,0
-280.0,-365.8141571295792,0,0
-270.0,-365.8141571295792,0,0
-260.0,-365.8141571295792,0,0
-250.0,-365.8141571295792,0,0
-240.0,-365.8141571295792,0,0
-230.0,-365.8141571295792,0,0
-220.0,-365.8141571295792,0,0
-210.0,-365.8141571295792,0,0
-200.0,-365.8141571295792,0,0
-190.0,-365.8141571295792,0,0
-180.0,-365.8141571295792,0,0
-170.0,-365.8141571295792,0,0
-160.0,-365.8141571295792,0,0
-150.0,-365.8141571295792,0,0
-140.0,-365.8141571295792,0,0
-130.0,-365.8141571295792,0,0
-120.0,-365.8141571295792,0,0
-110.0,-365.8141571295792,0,0
-100.0,-365.8141571295792,0,0
-90.0,-365.8141571295792,0,0
-80.0,-365.8141571295792,0,0
-70.0,-365.8141571295792,0,0
-60.0,-365.8141571295792,0,0
-50.0,-365.8141571295792,0,0
-40.0,-365.8141571295792,0,0
-30.0,-365.8141571295792,0,0
-20.0,-365.8141571295792,0,0
-10.0,-365.8141571295792,0,0
0.0,-365.8141571295792,0,0
10.0,-365.8141571295792,0,0
20.0,-365.8141571295792,0,0
30.0,-365.8141571295792,0,0
40.0,-365.8141571295792,0,0
50.0,-365.8141571295792,0,0
60.0,-365.8141571295792,0,0
70.0,-365.8141571295792,0,0
80.0,-365.8141571295792,0,0
90.0,-365.8141571295792,0,0
100.0,-365.8141571295792,0,0
110.0,-365.8141571295792,0,0
120.0,-365.8141571295792,0,0
130.0,-365.8141571295792,0,0
140.0,-365.8141571295792,0,0
150.0,-365.8141571295792,0,0
160.0,-365.8141571295792,0,0
170.0,-365.8141571295792,0,0
180.0,-365.8141571295792,0,0
190.0,-365.8141571295792,0,0
200.0,-365.8141571295792,0,0
210.0,-365.8141571295792,0,0
220.0,-365.8141571295792,0,0
230.0,-365.8141571295792,0,0
240.0,-365.8141571295792,0,0
250.0,-365.8141571295792,0,0
260.0,-365.8141571295792,0,0
270.0,-365.8141571295792,0,0
280.0,-365.8141571295792,0,0
290.0,-365.8141571295792,0,0
300.0,-365.8141571295792,0,0
310.0,-365.8141571295792,0,0
320.0,-365.8141571295792,0,0
330.0,-365.8141571295792,0,0
340.0,-365.8141571295792,0,0
350.0,-365.8141571295792,0,0
360.0,-365.8141571295792,0,0
370.0,-365.8141571295792,0,0
380.0,-365.8141571295792,0,0
390.0,-365.8141571295792,0,0
400.0,-365.8141571295792,0,0
410.0,-365.8141571295792,0,0
420.0,-365.8141571295792,0,0
430.0,-365.8141571295792,0,0
-435.0,-357.15390309173483,0,0
-425.0,-357.15390309173483,0,0
-415.0,-357.15390309173483,0,0
-405.0,-357.15390309173483,0,0
-395.0,-357.15390309173483,0,0
-385.0,-357.15390309173483,0,0
-375.0,-357.15390309173483,0,0
-365.0,-357.15390309173483,0,0
-355.0,-357.15390309173483,0,0
-345.0,-357.15390309173483,0,0
-335.0,-357.15390309173483,0,0
-325.0,-357.15390309173483,0,0
-315.0,-357.15390309173483,0,0
-305.0,-357.15390309173483,0,0
-295.0,-357.15390309173483,0,0
-285.0,-357.15390309173483,0,0
-275.0,-357.15390309173483,0,0
-265.0,-357.15390309173483,0,0
-255.0,-357.15390309173483,0,0
-245.0,-357.15390309173483,0,0
-235.0,-357.15390309173483,0,0
-225.0,-357.15390309173483,0,0
-215.0,-357.15390309173483,0,0
-205.0,-357.15390309173483,0,0
-195.0,-357.15390309173483,0,0
-185.0,-357.15390309173483,0,0
-175.0,-357.15390309173483,0,0
-165.0,-357.15390309173483,0,0
-155.0,-357.15390309173483,0,0
-145.0,-357.15390309173483,0,0
-135.0,-357.15390309173483,0,0
-125.0,-357.15390309173483,0,0
-115.0,-357.15390309173483,0,0
-105.0,-357.15390309173483,0,0
-95.0,-357.15390309173483,0,0
-85.0,-357.15390309173483,0,0
-75.0,-357.15390309173483,0,0
-65.0,-357.15390309173483,0,0
-55.0,-357.15390309173483,0,0
-45.0,-357.15390309173483,0,0
-35.0,-357.15390309173483,0,0
-25.0,-357.15390309173483,0,0
-15.0,-357.15390309173483,0,0
-5.0,-357.15390309173483,0,0
5.0,-357.15390309173483,0,0
15.0,-357.15390309173483,0,0
25.0,-357.15390309173483,0,0
35.0,-357.15390309173483,0,0
45.0,-357.15390309173483,0,0
55.0,-357.15390309173483,0,0
65.0,-357.15390309173483,0,0
75.0,-357.15390309173483,0,0
85.0,-357.15390309173483,0,0
95.0,-357.15390309173483,0,0
105.0,-357.15390309173483,0,0
115.0,-357.15390309173483,0,0
125.0,-357.15390309173483,0,0
135.0,-357.15390309173483,0,0
145.0,-357.15390309173483,0,0
155.0,-357.15390309173483,0,0
165.0,-357.15390309173483,0,0
175.0,-357.15390309173483,0,0
185.0,-357.15390309173483,0,0
195.0,-357.15390309173483,0,0
205.0,-357.15390309173483,0,0
215.0,-357.15390309173483,0,0
225.0,-357.15390309173483,0,0
235.0,-357.15390309173483,0,0
245.0,-357.15390309173483,0,0
255.0,-357.15390309173483,0,0
265.0,-357.15390309173483,0,0
275.0,-357.15390309173483,0,0
285.0,-357.15390309173483,0,0
295.0,-357.15390309173483,0,0
305.0,-357.15390309173483,0,0
315.0,-357.15390309173483,0,0
325.0,-357.15390309173483,0,0
335.0,-357.15390309173483,0,0
345.0,-357.15390309173483,0,0
355.0,-357.15390309173483,0,0
365.0,-357.15390309173483,0,0
375.0,-357.15390309173483,0,0
385.0,-357.15390309173483,0,0
395.0,-357.15390309173483,0,0
405.0,-357.15390309173483,0,0
415.0,-357.15390309173483,0,0
425.0,-357.15390309173483,0,0
435.0,-357.15390309173483,0,0
-440.0,-348.49364905389046,0,0
-430.0,-348.49364905389046,0,0
-420.0,-348.49364905389046,0,0
-410.0,-348.49364905389046,0,0
-400.0,-348.49364905389046,0,0
-390.0,-348.49364905389046,0,0
-380.0,-348.49364905389046,0,0
-370.0,-348.49364905389046,0,0
-360.0,-348.49364905389046,0,0
-350.0,-348.49364905389046,0,0
-340.0,-348.49364905389046,0,0
-330.0,-348.49364905389046,0,0
-320.0,-348.49364905389046,0,0
-310.0,-348.49364905389046,0,0
-300.0,-348.49364905389046,0,0
-290.0,-348.49364905389046,0,0
-280.0,-348.49364905389046,0,0
-270.0,-348.49364905389046,0,0
-260.0,-348.49364905389046,0,0
-250.0,-348.49364905389046,0,0
-240.0,-348.49364905389046,0,0
-230.0,-348.49364905389046,0,0
-220.0,-348.49364905389046,0,0
-210.0,-348.49364905389046,0,0
-200.0,-348.49364905389046,0,0
-190.0,-348.49364905389046,0,0
-180.0,-348.49364905389046,0,0
-170.0,-348.49364905389046,0,0
-160.0,-348.49364905389046,0,0
-150.0,-348.49364905389046,0,0
-140.0,-348.49364905389046,0,0
-130.0,-348.49364905389046,0,0
-120.0,-348.49364905389046,0,0
-110.0,-348.49364905389046,0,0
-100.0,-348.49364905389046,0,0
-90.0,-348.49364905389046,0,0
-80.0,-348.49364905389046,0,0
-70.0,-348.49364905389046,0,0
-60.0,-348.49364905389046,0,0
-50.0,-348.49364905389046,0,0
-40.0,-348.49364905389046,0,0
-30.0,-348.49364905389046,0,0
-20.0,-348.49364905389046,0,0
-10.0,-348.49364905389046,0,0
0.0,-348.49364905389046,0,0
10.0,-348.49364905389046,0,0
20.0,-348.49364905389046,0,0
30.0,-348.49364905389046,0,0
40.0,-348.49364905389046,0,0
50.0,-348.49364905389046,0,0
60.0,-348.49364905389046,0,0
70.0,-348.49364905389046,0,0
80.0,-348.49364905389046,0,0
90.0,-348.49364905389046,0,0
100.0,-348.49364905389046,0,0
110.0,-348.49364905389046,0,0
120.0,-348.49364905389046,0,0
130.0,-348.49364905389046,0,0
140.0,-348.49364905389046,0,0
150.0,-348.49364905389046,0,0
160.0,-348.49364905389046,0,0
170.0,-348.49364905389046,0,0
180.0,-348.49364905389046,0,0
190.0,-348.49364905389046,0,0
200.0,-348.49364905389046,0,0
210.0,-348.49364905389046,0,0
220.0,-348.49364905389046,0,0
230.0,-348.49364905389046,0,0
240.0,-348.49364905389046,0,0
250.0,-348.49364905389046,0,0
260.0,-348.49364905389046,0,0
270.0,-348.49364905389046,0,0
280.0,-348.49364905389046,0,0
290.0,-348.49364905389046,0,0
300.0,-348.49364905389046,0,0
310.0,-348.49364905389046,0,0
320.0,-348.49364905389046,0,0
330.0,-348.49364905389046,0,0
340.0,-348.49364905389046,0,0
350.0,-348.49364905389046,0,0
360.0,-348.49364905389046,0,0
370.0,-348.49364905389046,0,0
380.0,-348.49364905389046,0,0
390.0,-348.49364905389046,0,0
400.0,-348.49364905389046,0,0
410.0,-348.49364905389046,0,0
420.0,-348.49364905389046,0,0
430.0,-348.49364905389046,0,0
440.0,-348.49364905389046,0,0
-445.0,-339.8333950160461,0,0
-435.0,-339.8333950160461,0,0
-425.0,-339.8333950160461,0,0
-415.0,-339.8333950160461,0,0
-405.0,-339.8333950160461,0,0
-395.0,-339.8333950160461,0,0
-385.0,-339.8333950160461,0,0
-375.0,-339.8333950160461,0,0
-365.0,-339.8333950160461,0,0
-355.0,-339.8333950160461,0,0
-345.0,-339.8333950160461,0,0
-335.0,-339.8333950160461,0,0
-325.0,-339.8333950160461,0,0
-315.0,-339.8333950160461,0,0
-305.0,-339.8333950160461,0,0
-295.0,-339.8333950160461,0,0
-285.0,-339.8333950160461,0,0
-275.0,-339.8333950160461,0,0
-265.0,-339.8333950160461,0,0
-255.0,-339.8333950160461,0,0
-245.0,-339.8333950160461,0,0
-235.0,-339.8333950160461,0,0
-225.0,-339.8333950160461,0,0
-215.0,-339.8333950160461,0,0
-205.0,-339.8333950160461,0,0
-195.0,-339.8333950160461,0,0
-185.0,-339.8333950160461,0,0
-175.0,-339.8333950160461,0,0
-165.0,-339.8333950160461,0,0
-155.0,-339.8333950160461,0,0
-145.0,-339.8333950160461,0,0
-135.0,-339.8333950160461,0,0
-125.0,-339.8333950160461,0,0
-115.0,-339.8333950160461,0,0
-105.0,-339.8333950160461,0,0
-95.0,-339.8333950160461,0,0
-85.0,-339.8333950160461,0,0
-75.0,-339.8333950160461,0,0
-65.0,-339.8333950160461,0,0
-55.0,-339.8333950160461,0,0
-45.0,-339.8333950160461,0,0
-35.0,-339.8333950160461,0,0
-25.0,-339.8333950160461,0,0
-15.0,-339.8333950160461,0,0
-5.0,-339.8333950160461,0,0
5.0,-339.8333950160461,0,0
15.0,-339.8333950160461,0,0
25.0,-339.8333950160461,0,0
35.0,-339.8333950160461,0,0
45.0,-339.8333950160461,0,0
55.0,-339.8333950160461,0,0
65.0,-339.8333950160461,0,0
75.0,-339.8333950160461,0,0
85.0,-339.8333950160461,0,0
95.0,-339.8333950160461,0,0
105.0,-339.8333950160461,0,0
115.0,-339.8333950160461,0,0
125.0,-339.8333950160461,0,0
135.0,-339.8333950160461,0,0
145.0,-339.8333950160461,0,0
155.0,-339.8333950160461,0,0
165.0,-339.8333950160461,0,0
175.0,-339.8333950160461,0,0
185.0,-339.8333950160461,0,0
195.0,-339.8333950160461,0,0
205.0,-339.8333950160461,0,0
215.0,-339.8333950160461,0,0
225.0,-339.8333950160461,0,0
235.0,-339.8333950160461,0,0
245.0,-339.8333950160461,0,0
255.0,-339.8333950160461,0,0
265.0,-339.8333950160461,0,0
275.0,-339.8333950160461,0,0
285.0,-339.8333950160461,0,0
295.0,-339.8333950160461,0,0
305.0,-339.8333950160461,0,0
315.0,-339.8333950160461,0,0
325.0,-339.8333950160461,0,0
335.0,-339.8333950160461,0,0
345.0,-339.8333950160461,0,0
355.0,-339.8333950160461,0,0
365.0,-339.8333950160461,0,0
375.0,-339.8333950160461,0,0
385.0,-339.8333950160461,0,0
395.0,-339.8333950160461,0,0
405.0,-339.8333950160461,0,0
415.0,-339.8333950160461,0,0
425.0,-339.8333950160461,0,0
435.0,-339.8333950160461,0,0
445.0,-339.8333950160461,0,0
-450.0,-331.17314097820173,0,0
-440.0,-331.17314097820173,0,0
-430.0,-331.17314097820173,0,0
-420.0,-331.17314097820173,0,0
-410.0,-331.17314097820173,0,0
-400.0,-331.17314097820173,0,0
-390.0,-331.17314097820173,0,0
-380.0,-331.17314097820173,0,0
-370.0,-331.17314097820173,0,0
-360.0,-331.17314097820173,0,0
-350.0,-331.17314097820173,0,0
-340.0,-331.17314097820173,0,0
-330.0,-331.17314097820173,0,0
-320.0,-331.17314097820173,0,0
-310.0,-331.17314097820173,0,0
-300.0,-331.17314097820173,0,0
-290.0,-331.17314097820173,0,0
-280.0,-331.17314097820173,0,0
-270.0,-331.17314097820173,0,0
-260.0,-331.17314097820173,0,0
-250.0,-331.17314097820173,0,0
-240.0,-331.17314097820173,0,0
-230.0,-331.17314097820173,0,0
-220.0,-331.17314097820173,0,0
-210.0,-331.17314097820173,0,0
-200.0,-331.17314097820173,0,0
-190.0,-331.17314097820173,0,0
-180.0,-331.17314097820173,0,0
-170.0,-331.17314097820173,0,0
-160.0,-331.17314097820173,0,0
-150.0,-331.17314097820173,0,0
-140.0,-331.17314097820173,0,0
-130.0,-331.17314097820173,0,0
-120.0,-331.17314097820173,0,0
-110.0,-331.17314097820173,0,0
-100.0,-331.17314097820173,0,0
-90.0,-331.17314097820173,0,0
-80.0,-331.17314097820173,0,0
-70.0,-331.17314097820173,0,0
-60.0,-331.17314097820173,0,0
-50.0,-331.17314097820173,0,0
-40.0,-331.17314097820173,0,0
-30.0,-331.17314097820173,0,0
-20.0,-331.17314097820173,0,0
-10.0,-331.17314097820173,0,0
0.0,-331.17314097820173,0,0
10.0,-331.17314097820173,0,0
20.0,-331.17314097820173,0,0
30.0,-331.17314097820173,0,0
40.0,-331.17314097820173,0,0
50.0,-331.17314097820173,0,0
60.0,-331.17314097820173,0,0
70.0,-331.17314097820173,0,0
80.0,-331.17314097820173,0,0
90.0,-331.17314097820173,0,0
100.0,-331.17314097820173,0,0
110.0,-331.17314097820173,0,0
120.0,-331.17314097820173,0,0
130.0,-331.17314097820173,0,0
140.0,-331.17314097820173,0,0
150.0,-331.17314097820173,0,0
160.0,-331.17314097820173,0,0
170.0,-331.17314097820173,0,0
180.0,-331.17314097820173,0,0
190.0,-331.17314097820173,0,0
200.0,-331.17314097820173,0,0
210.0,-331.17314097820173,0,0
220.0,-331.17314097820173,0,0
230.0,-331.17314097820173,0,0
240.0,-331.17314097820173,0,0
250.0,-331.17314097820173,0,0
260.0,-331.17314097820173,0,0
270.0,-331.17314097820173,0,0
280.0,-331.17314097820173,0,0
290.0,-331.17314097820173,0,0
300.0,-331.17314097820173,0,0
310.0,-331.17314097820173,0,0
320.0,-331.17314097820173,0,0
330.0,-331.17314097820173,0,0
340.0,-331.17314097820173,0,0
350.0,-331.17314097820173,0,0
360.0,-331.17314097820173,0,0
370.0,-331.17314097820173,0,0
380.0,-331.17314097820173,0,0
390.0,-331.17314097820173,0,0
400.0,-331.17314097820173,0,0
410.0,-331.17314097820173,0,0
420.0,-331.17314097820173,0,0
430.0,-331.17314097820173,0,0
440.0,-331.17314097820173,0,0
450.0,-331.17314097820173,0,0
-455.0,-322.51288694035736,0,0
-445.0,-322.51288694035736,0,0
-435.0,-322.51288694035736,0,0
-425.0,-322.51288694035736,0,0
-415.0,-322.51288694035736,0,0
-405.0,-322.51288694035736,0,0
-395.0,-322.51288694035736,0,0
-385.0,-322.51288694035736,0,0
-375.0,-322.51288694035736,0,0
-365.0,-322.51288694035736,0,0
-355.0,-322.51288694035736,0,0
-345.0,-322.51288694035736,0,0
-335.0,-322.51288694035736,0,0
-325.0,-322.51288694035736,0,0
-315.0,-322.51288694035736,0,0
-305.0,-322.51288694035736,0,0
-295.0,-322.51288694035736,0,0
-285.0,-322.51288694035736,0,0
-275.0,-322.51288694035736,0,0
-265.0,-322.51288694035736,0,0
-255.0,-322.51288694035736,0,0
-245.0,-322.51288694035736,0,0
-235.0,-322.51288694035736,0,0
-225.0,-322.51288694035736,0,0
-215.0,-322.51288694035736,0,0
-205.0,-322.51288694035736,0,0
-195.0,-322.51288694035736,0,0
-185.0,-322.51288694035736,0,0
-175.0,-322.51288694035736,0,0
-165.0,-322.51288694035736,0,0
-155.0,-322.51288694035736,0,0
-145.0,-322.51288694035736,0,0
-135.0,-322.51288694035736,0,0
-125.0,-322.51288694035736,0,0
-115.0,-322.51288694035736,0,0
-105.0,-322.51288694035736,0,0
-95.0,-322.51288694035736,0,0
-85.0,-322.51288694035736,0,0
-75.0,-322.51288694035736,0,0
-65.0,-322.51288694035736,0,0
-55.0,-322.51288694035736,0,0
-45.0,-322.51288694035736,0,0
-35.0,-322.51288694035736,0,0
-25.0,-322.51288694035736,0,0
-15.0,-322.51288694035736,0,0
-5.0,-322.51288694035736,0,0
5.0,-322.51288694035736,0,0
15.0,-322.51288694035736,0,0
25.0,-322.51288694035736,0,0
35.0,-322.51288694035736,0,0
45.0,-322.51288694035736,0,0
55.0,-322.51288694035736,0,0
65.0,-322.51288694035736,0,0
75.0,-322.51288694035736,0,0
85.0,-322.51288694035736,0,0
95.0,-322.51288694035736,0,0
105.0,-322.51288694035736,0,0
115.0,-322.51288694035736,0,0
125.0,-322.51288694035736,0,0
135.0,-322.51288694035736,0,0
145.0,-322.51288694035736,0,0
155.0,-322.51288694035736,0,0
165.0,-322.51288694035736,0,0
175.0,-322.51288694035736,0,0
185.0,-322.51288694035736,0,0
195.0,-322.51288694035736,0,0
205.0,-322.51288694035736,0,0
215.0,-322.51288694035736,0,0
225.0,-322.51288694035736,0,0
235.0,-322.51288694035736,0,0
245.0,-322.51288694035736,0,0
255.0,-322.51288694035736,0,0
265.0,-322.51288694035736,0,0
275.0,-322.51288694035736,0,0
285.0,-322.51288694035736,0,0
295.0,-322.51288694035736,0,0
305.0,-322.51288694035736,0,0
315.0,-322.51288694035736,0,0
325.0,-322.51288694035736,0,0
335.0,-322.51288694035736,0,0
345.0,-322.51288694035736,0,0
355.0,-322.51288694035736,0,0
365.0,-322.51288694035736,0,0
375.0,-322.51288694035736,0,0
385.0,-322.51288694035736,0,0
395.0,-322.51288694035736,0,0
405.0,-322.51288694035736,0,0
415.0,-322.51288694035736,0,0
425.0,-322.51288694035736,0,0
435.0,-322.51288694035736,0,0
445.0,-322.51288694035736,0,0
455.0,-322.51288694035736,0,0
-460.0,-313.852632902513,0,0
-450.0,-313.852632902513,0,0
-440.0,-313.852632902513,0,0
-430.0,-313.852632902513,0,0
-420.0,-313.852632902513,0,0
-410.0,-313.852632902513,0,0
-400.0,-313.852632902513,0,0
-390.0,-313.852632902513,0,0
-380.0,-313.852632902513,0,0
-370.0,-313.852632902513,0,0
-360.0,-313.852632902513,0,0
-350.0,-313.852632902513,0,0
-340.0,-313.852632902513,0,0
-330.0,-313.852632902513,0,0
-320.0,-313.852632902513,0,0
-310.0,-313.852632902513,0,0
-300.0,-313.852632902513,0,0
-290.0,-313.852632902513,0,0
-280.0,-313.852632902513,0,0
-270.0,-313.852632902513,0,0
-260.0,-313.852632902513,0,0
-250.0,-313.852632902513,0,0
-240.0,-313.852632902513,0,0
-230.0,-313.852632902513,0,0
-220.0,-313.852632902513,0,0
-210.0,-313.852632902513,0,0
-200.0,-313.852632902513,0,0
-190.0,-313.852632902513,0,0
-180.0,-313.852632902513,0,0
-170.0,-313.852632902513,0,0
-160.0,-313.852632902513,0,0
-150.0,-313.852632902513,0,0
-140.0,-313.852632902513,0,0
-130.0,-313.852632902513,0,0
-120.0,-313.852632902513,0,0
-110.0,-313.852632902513,0,0
-100.0,-313.852632902513,0,0
-90.0,-313.852632902513,0,0
-80.0,-313.852632902513,0,0
-70.0,-313.852632902513,0,0
-60.0,-313.852632902513,0,0
-50.0,-313.852632902513,0,0
-40.0,-313.852632902513,0,0
-30.0,-313.852632902513,0,0
-20.0,-313.852632902513,0,0
-10.0,-313.852632902513,0,0
0.0,-313.852632902513,0,0
10.0,-313.852632902513,0,0
20.0,-313.852632902513,0,0
30.0,-313.852632902513,0,0
40.0,-313.852632902513,0,0
50.0,-313.852632902513,0,0
60.0,-313.852632902513,0,0
70.0,-313.852632902513,0,0
80.0,-313.852632902513,0,0
90.0,-313.852632902513,0,0
100.0,-313.852632902513,0,0
110.0,-313.852632902513,0,0
120.0,-313.852632902513,0,0
130.0,-313.852632902513,0,0
140.0,-313.852632902513,0,0
150.0,-313.852632902513,0,0
160.0,-313.852632902513,0,0
170.0,-313.852632902513,0,0
180.0,-313.852632902513,0,0
190.0,-313.852632902513,0,0
200.0,-313.852632902513,0,0
210.0,-313.852632902513,0,0
220.0,-313.852632902513,0,0
230.0,-313.852632902513,0,0
240.0,-313.852632902513,0,0
250.0,-313.852632902513,0,0
260.0,-313.852632902513,0,0
270.0,-313.852632902513,0,0
280.0,-313.852632902513,0,0
290.0,-313.852632902513,0,0
300.0,-313.852632902513,0,0
310.0,-313.852632902513,0,0
320.0,-313.852632902513,0,0
330.0,-313.852632902513,0,0
340.0,-313.852632902513,0,0
350.0,-313.852632902513,0,0
360.0,-313.852632902513,0,0
370.0,-313.852632902513,0,0
380.0,-313.852632902513,0,0
390.0,-313.852632902513,0,0
400.0,-313.852632902513,0,0
410.0,-313.852632902513,0,0
420.0,-313.852632902513,0,0
430.0,-313.852632902513,0,0
440.0,-313.852632902513,0,0
450.0,-313.852632902513,0,0
460.0,-313.852632902513,0,0
-475.0,-305.1923788646686,0,0
-465.0,-305.1923788646686,0,0
-455.0,-305.1923788646686,0,0
-445.0,-305.1923788646686,0,0
-435.0,-305.1923788646686,0,0
-425.0,-305.1923788646686,0,0
-415.0,-305.1923788646686,0,0
-405.0,-305.1923788646686,0,0
-395.0,-305.1923788646686,0,0
-385.0,-305.1923788646686,0,0
-375.0,-305.1923788646686,0,0
-365.0,-305.1923788646686,0,0
-355.0,-305.1923788646686,0,0
-345.0,-305.1923788646686,0,0
-335.0,-305.1923788646686,0,0
-325.0,-305.1923788646686,0,0
-315.0,-305.1923788646686,0,0
-305.0,-305.1923788646686,0,0
-295.0,-305.1923788646686,0,0
-285.0,-305.1923788646686,0,0
-275.0,-305.1923788646686,0,0
-265.0,-305.1923788646686,0,0
-255.0,-305.1923788646686,0,0
-245.0,-305.1923788646686,0,0
-235.0,-305.1923788646686,0,0
-225.0,-305.1923788646686,0,0
-215.0,-305.1923788646686,0,0
-205.0,-305.1923788646686,0,0
-195.0,-305.1923788646686,0,0
-185.0,-305.1923788646686,0,0
-175.0,-305.1923788646686,0,0
-165.0,-305.1923788646686,0,0
-155.0,-305.1923788646686,0,0
-145.0,-305.1923788646686,0,0
-135.0,-305.1923788646686,0,0
-125.0,-305.1923788646686,0,0
-115.0,-305.1923788646686,0,0
-105.0,-305.1923788646686,0,0
-95.0,-305.1923788646686,0,0
-85.0,-305.1923788646686,0,0
-75.0,-305.1923788646686,0,0
-65.0,-305.1923788646686,0,0
-55.0,-305.1923788646686,0,0
-45.0,-305.1923788646686,0,0
-35.0,-305.1923788646686,0,0
-25.0,-305.1923788646686,0,0
-15.0,-305.1923788646686,0,0
-5.0,-305.1923788646686,0,0
5.0,-305.1923788646686,0,0
15.0,-305.1923788646686,0,0
25.0,-305.1923788646686,0,0
35.0,-305.1923788646686,0,0
45.0,-305.1923788646686,0,0
55.0,-305.1923788646686,0,0
65.0,-305.1923788646686,0,0
75.0,-305.1923788646686,0,0
85.0,-305.1923788646686,0,0
95.0,-305.1923788646686,0,0
105.0,-305.1923788646686,0,0
115.0,-305.1923788646686,0,0
125.0,-305.1923788646686,0,0
135.0,-305.1923788646686,0,0
145.0,-305.1923788646686,0,0
155.0,-305.1923788646686,0,0
165.0,-305.1923788646686,0,0
175.0,-305.1923788646686,0,0
185.0,-305.1923788646686,0,0
195.0,-305.1923788646686,0,0
205.0,-305.1923788646686,0,0
215.0,-305.1923788646686,0,0
225.0,-305.1923788646686,0,0
235.0,-305.1923788646686,0,0
245.0,-305.1923788646686,0,0
255.0,-305.1923788646686,0,0
265.0,-305.1923788646686,0,0
275.0,-305.1923788646686,0,0
285.0,-305.1923788646686,0,0
295.0,-305.1923788646686,0,0
305.0,-305.1923788646686,0,0
315.0,-305.1923788646686,0,0
325.0,-305.1923788646686,0,0
335.0,-305.1923788646686,0,0
345.0,-305.1923788646686,0,0
355.0,-305.1923788646686,0,0
365.0,-305.1923788646686,0,0
375.0,-305.1923788646686,0,0
385.0,-305.1923788646686,0,0
395.0,-305.1923788646686,0,0
405.0,-305.1923788646686,0,0
415.0,-305.1923788646686,0,0
425.0,-305.1923788646686,0,0
435.0,-305.1923788646686,0,0
445.0,-305.1923788646686,0,0
455.0,-305.1923788646686,0,0
465.0,-305.1923788646686,0,0
475.0,-305.1923788646686,0,0
-480.0,-296.53212482682426,0,0
-470.0,-296.53212482682426,0,0
-460.0,-296.53212482682426,0,0
-450.0,-296.53212482682426,0,0
-440.0,-296.53212482682426,0,0
-430.0,-296.53212482682426,0,0
-420.0,-296.53212482682426,0,0
-410.0,-296.53212482682426,0,0
-400.0,-296.53212482682426,0,0
-390.0,-296.53212482682426,0,0
-380.0,-296.53212482682426,0,0
-370.0,-296.53212482682426,0,0
-360.0,-296.53212482682426,0,0
-350.0,-296.53212482682426,0,0
-340.0,-296.53212482682426,0,0
-330.0,-296.53212482682426,0,0
-320.0,-296.53212482682426,0,0
-310.0,-296.53212482682426,0,0
-300.0,-296.53212482682426,0,0
-290.0,-296.53212482682426,0,0
-280.0,-296.53212482682426,0,0
-270.0,-296.53212482682426,0,0
-260.0,-296.53212482682426,0,0
-250.0,-296.53212482682426,0,0
-240.0,-296.53212482682426,0,0
-230.0,-296.53212482682426,0,0
-220.0,-296.53212482682426,0,0
-210.0,-296.53212482682426,0,0
-200.0,-296.53212482682426,0,0
-190.0,-296.53212482682426,0,0
-180.0,-296.53212482682426,0,0
-170.0,-296.53212482682426,0,0
-160.0,-296.53212482682426,0,0
-150.0,-296.53212482682426,0,0
-140.0,-296.53212482682426,0,0
-130.0,-296.53212482682426,0,0
-120.0,-296.53212482682426,0,0
-110.0,-296.53212482682426,0,0
-100.0,-296.53212482682426,0,0
-90.0,-296.53212482682426,0,0
-80.0,-296.53212482682426,0,0
-70.0,-296.53212482682426,0,0
-60.0,-296.53212482682426,0,0
-50.0,-296.53212482682426,0,0
-40.0,-296.53212482682426,0,0
-30.0,-296.53212482682426,0,0
-20.0,-296.53212482682426,0,0
-10.0,-296.53212482682426,0,0
0.0,-296.53212482682426,0,0
10.0,-296.53212482682426,0,0
20.0,-296.53212482682426,0,0
30.0,-296.53212482682426,0,0
40.0,-296.53212482682426,0,0
50.0,-296.53212482682426,0,0
60.0,-296.53212482682426,0,0
70.0,-296.53212482682426,0,0
80.0,-296.53212482682426,0,0
90.0,-296.53212482682426,0,0
100.0,-296.53212482682426,0,0
110.0,-296.53212482682426,0,0
120.0,-296.53212482682426,0,0
130.0,-296.53212482682426,0,0
140.0,-296.53212482682426,0,0
150.0,-296.53212482682426,0,0
160.0,-296.53212482682426,0,0
170.0,-296.53212482682426,0,0
180.0,-296.53212482682426,0,0
190.0,-296.53212482682426,0,0
200.0,-296.53212482682426,0,0
210.0,-296.53212482682426,0,0
220.0,-296.53212482682426,0,0
230.0,-296.53212482682426,0,0
240.0,-296.53212482682426,0,0
250.0,-296.53212482682426,0,0
260.0,-296.53212482682426,0,0
270.0,-296.53212482682426,0,0
280.0,-296.53212482682426,0,0
290.0,-296.53212482682426,0,0
300.0,-296.53212482682426,0,0
310.0,-296.53212482682426,0,0
320.0,-296.53212482682426,0,0
330.0,-296.53212482682426,0,0
340.0,-296.53212482682426,0,0
350.0,-296.53212482682426,0,0
360.0,-296.53212482682426,0,0
370.0,-296.53212482682426,0,0
380.0,-296.53212482682426,0,0
390.0,-296.53212482682426,0,0
400.0,-296.53212482682426,0,0
410.0,-296.53212482682426,0,0
420.0,-296.53212482682426,0,0
430.0,-296.53212482682426,0,0
440.0,-296.53212482682426,0,0
450.0,-296.53212482682426,0,0
460.0,-296.53212482682426,0,0
470.0,-296.53212482682426,0,0
480.0,-296.53212482682426,0,0
-485.0,-287.8718707889799,0,0
-475.0,-287.8718707889799,0,0
-465.0,-287.8718707889799,0,0
-455.0,-287.8718707889799,0,0
-445.0,-287.8718707889799,0,0
-435.0,-287.8718707889799,0,0
-425.0,-287.8718707889799,0,0
-415.0,-287.8718707889799,0,0
-405.0,-287.8718707889799,0,0
-395.0,-287.8718707889799,0,0
-385.0,-287.8718707889799,0,0
-375.0,-287.8718707889799,0,0
-365.0,-287.8718707889799,0,0
-355.0,-287.8718707889799,0,0
-345.0,-287.8718707889799,0,0
-335.0,-287.8718707889799,0,0
-325.0,-287.8718707889799,0,0
-315.0,-287.8718707889799,0,0
-305.0,-287.8718707889799,0,0
-295.0,-287.8718707889799,0,0
-285.0,-287.8718707889799,0,0
-275.0,-287.8718707889799,0,0
-265.0,-287.8718707889799,0,0
-255.0,-287.8718707889799,0,0
-245.0,-287.8718707889799,0,0
-235.0,-287.8718707889799,0,0
-225.0,-287.8718707889799,0,0
-215.0,-287.8718707889799,0,0
-205.0,-287.8718707889799,0,0
-195.0,-287.8718707889799,0,0
-185.0,-287.8718707889799,0,0
-175.0,-287.8718707889799,0,0
-165.0,-287.8718707889799,0,0
-155.0,-287.8718707889799,0,0
-145.0,-287.8718707889799,0,0
-135.0,-287.8718707889799,0,0
-125.0,-287.8718707889799,0,0
-115.0,-287.8718707889799,0,0
-105.0,-287.8718707889799,0,0
-95.0,-287.8718707889799,0,0
-85.0,-287.8718707889799,0,0
-75.0,-287.8718707889799,0,0
-65.0,-287.8718707889799,0,0
-55.0,-287.8718707889799,0,0
-45.0,-287.8718707889799,0,0
-35.0,-287.8718707889799,0,0
-25.0,-287.8718707889799,0,0
-15.0,-287.8718707889799,0,0
-5.0,-287.8718707889799,0,0
5.0,-287.8718707889799,0,0
15.0,-287.8718707889799,0,0
25.0,-287.8718707889799,0,0
35.0,-287.8718707889799,0,0
45.0,-287.8718707889799,0,0
55.0,-287.8718707889799,0,0
65.0,-287.8718707889799,0,0
75.0,-287.8718707889799,0,0
85.0,-287.8718707889799,0,0
95.0,-287.8718707889799,0,0
105.0,-287.8718707889799,0,0
115.0,-287.8718707889799,0,0
125.0,-287.8718707889799,0,0
135.0,-287.8718707889799,0,0
145.0,-287.8718707889799,0,0
155.0,-287.8718707889799,0,0
165.0,-287.8718707889799,0,0
175.0,-287.8718707889799,0,0
185.0,-287.8718707889799,0,0
195.0,-287.8718707889799,0,0
205.0,-287.8718707889799,0,0
215.0,-287.8718707889799,0,0
225.0,-287.8718707889799,0,0
235.0,-287.8718707889799,0,0
245.0,-287.8718707889799,0,0
255.0,-287.8718707889799,0,0
265.0,-287.8718707889799,0,0
275.0,-287.8718707889799,0,0
285.0,-287.8718707889799,0,0
295.0,-287.8718707889799,0,0
305.0,-287.8718707889799,0,0
315.0,-287.8718707889799,0,0
325.0,-287.8718707889799,0,0
335.0,-287.8718707889799,0,0
345.0,-287.8718707889799,0,0
355.0,-287.8718707889799,0,0
365.0,-287.8718707889799,0,0
375.0,-287.8718707889799,0,0
385.0,-287.8718707889799,0,0
395.0,-287.8718707889799,0,0
405.0,-287.8718707889799,0,0
415.0,-287.8718707889799,0,0
425.0,-287.8718707889799,0,0
435.0,-287.8718707889799,0,0
445.0,-287.8718707889799,0,0
455.0,-287.8718707889799,0,0
465.0,-287.8718707889799,0,0
475.0,-287.8718707889799,0,0
485.0,-287.8718707889799,0,0
-490.0,-279.2116167511355,0,0
-480.0,-279.2116167511355,0,0
-470.0,-279.2116167511355,0,0
-460.0,-279.2116167511355,0,0
-450.0,-279.2116167511355,0,0
-440.0,-279.2116167511355,0,0
-430.0,-279.2116167511355,0,0
-420.0,-279.2116167511355,0,0
-410.0,-279.2116167511355,0,0
-400.0,-279.2116167511355,0,0
-390.0,-279.2116167511355,0,0
-380.0,-279.2116167511355,0,0
-370.0,-279.2116167511355,0,0
-360.0,-279.2116167511355,0,0
-350.0,-279.2116167511355,0,0
-340.0,-279.2116167511355,0,0
-330.0,-279.2116167511355,0,0
-320.0,-279.2116167511355,0,0
-310.0,-279.2116167511355,0,0
-300.0,-279.2116167511355,0,0
-290.0,-279.2116167511355,0,0
-280.0,-279.2116167511355,0,0
-270.0,-279.2116167511355,0,0
-260.0,-279.2116167511355,0,0
-250.0,-279.2116167511355,0,0
-240.0,-279.2116167511355,0,0
-230.0,-279.2116167511355,0,0
-220.0,-279.2116167511355,0,0
-210.0,-279.2116167511355,0,0
-200.0,-279.2116167511355,0,0
-190.0,-279.2116167511355,0,0
-180.0,-279.2116167511355,0,0
-170.0,-279.2116167511355,0,0
-160.0,-279.2116167511355,0,0
-150.0,-279.2116167511355,0,0
-140.0,-279.2116167511355,0,0
-130.0,-279.2116167511355,0,0
-120.0,-279.2116167511355,0,0
-110.0,-279.2116167511355,0,0
-100.0,-279.2116167511355,0,0
-90.0,-279.2116167511355,0,0
-80.0,-279.2116167511355,0,0
-70.0,-279.2116167511355,0,0
-60.0,-279.2116167511355,0,0
-50.0,-279.2116167511355,0,0
-40.0,-279.2116167511355,0,0
-30.0,-279.2116167511355,0,0
-20.0,-279.2116167511355,0,0
-10.0,-279.2116167511355,0,0
0.0,-279.2116167511355,0,0
10.0,-279.2116167511355,0,0
20.0,-279.2116167511355,0,0
30.0,-279.2116167511355,0,0
40.0,-279.2116167511355,0,0
50.0,-279.2116167511355,0,0
60.0,-279.2116167511355,0,0
70.0,-279.2116167511355,0,0
80.0,-279.2116167511355,0,0
90.0,-279.2116167511355,0,0
100.0,-279.2116167511355,0,0
110.0,-279.2116167511355,0,0
120.0,-279.2116167511355,0,0
130.0,-279.2116167511355,0,0
140.0,-279.2116167511355,0,0
150.0,-279.2116167511355,0,0
160.0,-279.2116167511355,0,0
170.0,-279.2116167511355,0,0
180.0,-279.2116167511355,0,0
190.0,-279.2116167511355,0,0
200.0,-279.2116167511355,0,0
210.0,-279.2116167511355,0,0
220.0,-279.2116167511355,0,0
230.0,-279.2116167511355,0,0
240.0,-279.2116167511355,0,0
250.0,-279.2116167511355,0,0
260.0,-279.2116167511355,0,0
270.0,-279.2116167511355,0,0
280.0,-279.2116167511355,0,0
290.0,-279.2116167511355,0,0
300.0,-279.2116167511355,0,0
310.0,-279.2116167511355,0,0
320.0,-279.2116167511355,0,0
330.0,-279.2116167511355,0,0
340.0,-279.2116167511355,0,0
350.0,-279.2116167511355,0,0
360.0,-279.2116167511355,0,0
370.0,-279.2116167511355,0,0
380.0,-279.2116167511355,0,0
390.0,-279.2116167511355,0,0
400.0,-279.2116167511355,0,0
410.0,-279.2116167511355,0,0
420.0,-279.2116167511355,0,0
430.0,-279.2116167511355,0,0
440.0,-279.2116167511355,0,0
450.0,-279.2116167511355,0,0
460.0,-279.2116167511355,0,0
470.0,-279.2116167511355,0,0
480.0,-279.2116167511355,0,0
490.0,-279.2116167511355,0,0
-495.0,-270.55136271329116,0,0
-485.0,-270.55136271329116,0,0
-475.0,-270.55136271329116,0,0
-465.0,-270.55136271329116,0,0
-455.0,-270.55136271329116,0,0
-445.0,-270.55136271329116,0,0
-435.0,-270.55136271329116,0,0
-425.0,-270.55136271329116,0,0
-415.0,-270.55136271329116,0,0
-405.0,-270.55136271329116,0,0
-395.0,-270.55136271329116,0,0
-385.0,-270.55136271329116,0,0
-375.0,-270.55136271329116,0,0
-365.0,-270.55136271329116,0,0
-355.0,-270.55136271329116,0,0
-345.0,-270.55136271329116,0,0
-335.0,-270.55136271329116,0,0
-325.0,-270.55136271329116,0,0
-315.0,-270.55136271329116,0,0
-305.0,-270.55136271329116,0,0
-295.0,-270.55136271329116,0,0
-285.0,-270.55136271329116,0,0
-275.0,-270.55136271329116,0,0
-265.0,-270.55136271329116,0,0
-255.0,-270.55136271329116,0,0
-245.0,-270.55136271329116,0,0
-235.0,-270.55136271329116,0,0
-225.0,-270.55136271329116,0,0
-215.0,-270.55136271329116,0,0
-205.0,-270.55136271329116,0,0
-195.0,-270.55136271329116,0,0
-185.0,-270.55136271329116,0,0
-175.0,-270.55136271329116,0,0
-165.0,-270.55136271329116,0,0
-155.0,-270.55136271329116,0,0
-145.0,-270.55136271329116,0,0
-135.0,-270.55136271329116,0,0
-125.0,-270.55136271329116,0,0
-115.0,-270.55136271329116,0,0
-105.0,-270.55136271329116,0,0
-95.0,-270.55136271329116,0,0
-85.0,-270.55136271329116,0,0
-75.0,-270.55136271329116,0,0
-65.0,-270.55136271329116,0,0
-55.0,-270.55136271329116,0,0
-45.0,-270.55136271329116,0,0
-35.0,-270.55136271329116,0,0
-25.0,-270.55136271329116,0,0
-15.0,-270.55136271329116,0,0
-5.0,-270.55136271329116,0,0
5.0,-270.55136271329116,0,0
15.0,-270.55136271329116,0,0
25.0,-270.55136271329116,0,0
35.0,-270.55136271329116,0,0
45.0,-270.55136271329116,0,0
55.0,-270.55136271329116,0,0
65.0,-270.55136271329116,0,0
75.0,-270.55136271329116,0,0
85.0,-270.55136271329116,0,0
95.0,-270.55136271329116,0,0
105.0,-270.55136271329116,0,0
115.0,-270.55136271329116,0,0
125.0,-270.55136271329116,0,0
135.0,-270.55136271329116,0,0
145.0,-270.55136271329116,0,0
155.0,-270.55136271329116,0,0
165.0,-270.55136271329116,0,0
175.0,-270.55136271329116,0,0
185.0,-270.55136271329116,0,0
195.0,-270.55136271329116,0,0
205.0,-270.55136271329116,0,0
215.0,-270.55136271329116,0,0
225.0,-270.55136271329116,0,0
235.0,-270.55136271329116,0,0
245.0,-270.55136271329116,0,0
255.0,-270.55136271329116,0,0
265.0,-270.55136271329116,0,0
275.0,-270.55136271329116,0,0
285.0,-270.55136271329116,0,0
295.0,-270.55136271329116,0,0
305.0,-270.55136271329116,0,0
315.0,-270.55136271329116,0,0
325.0,-270.55136271329116,0,0
335.0,-270.55136271329116,0,0
345.0,-270.55136271329116,0,0
355.0,-270.55136271329116,0,0
365.0,-270.55136271329116,0,0
375.0,-270.55136271329116,0,0
385.0,-270.55136271329116,0,0
395.0,-270.55136271329116,0,0
405.0,-270.55136271329116,0,0
415.0,-270.55136271329116,0,0
425.0,-270.55136271329116,0,0
435.0,-270.55136271329116,0,0
445.0,-270.55136271329116,0,0
455.0,-270.55136271329116,0,0
465.0,-270.55136271329116,0,0
475.0,-270.55136271329116,0,0
485.0,-270.55136271329116,0,0
495.0,-270.55136271329116,0,0
-500.0,-261.8911086754468,0,0
-490.0,-261.8911086754468,0,0
-480.0,-261.8911086754468,0,0
-470.0,-261.8911086754468,0,0
-460.0,-261.8911086754468,0,0
-450.0,-261.8911086754468,0,0
-440.0,-261.8911086754468,0,0
-430.0,-261.8911086754468,0,0
-420.0,-261.8911086754468,0,0
-410.0,-261.8911086754468,0,0
-400.0,-261.8911086754468,0,0
-390.0,-261.8911086754468,0,0
-380.0,-261.8911086754468,0,0
-370.0,-261.8911086754468,0,0
-360.0,-261.8911086754468,0,0
-350.0,-261.8911086754468,0,0
-340.0,-261.8911086754468,0,0
-330.0,-261.8911086754468,0,0
-320.0,-261.8911086754468,0,0
-310.0,-261.8911086754468,0,0
-300.0,-261.8911086754468,0,0
-290.0,-261.8911086754468,0,0
-280.0,-261.8911086754468,0,0
-270.0,-261.8911086754468,0,0
-260.0,-261.8911086754468,0,0
-250.0,-261.8911086754468,0,0
-240.0,-261.8911086754468,0,0
-230.0,-261.8911086754468,0,0
-220.0,-261.8911086754468,0,0
-210.0,-261.8911086754468,0,0
-200.0,-261.8911086754468,0,0
-190.0,-261.8911086754468,0,0
-180.0,-261.8911086754468,0,0
-170.0,-261.8911086754468,0,0
-160.0,-261.8911086754468,0,0
-150.0,-261.8911086754468,0,0
-140.0,-261.8911086754468,0,0
-130.0,-261.8911086754468,0,0
-120.0,-261.8911086754468,0,0
-110.0,-261.8911086754468,0,0
-100.0,-261.8911086754468,0,0
-90.0,-261.8911086754468,0,0
-80.0,-261.8911086754468,0,0
-70.0,-261.8911086754468,0,0
-60.0,-261.8911086754468,0,0
-50.0,-261.8911086754468,0,0
-40.0,-261.8911086754468,0,0
-30.0,-261.8911086754468,0,0
-20.0,-261.8911086754468,0,0
-10.0,-261.8911086754468,0,0
0.0,-261.8911086754468,0,0
10.0,-261.8911086754468,0,0
20.0,-261.8911086754468,0,0
30.0,-261.8911086754468,0,0
40.0,-261.8911086754468,0,0
50.0,-261.8911086754468,0,0
60.0,-261.8911086754468,0,0
70.0,-261.8911086754468,0,0
80.0,-261.8911086754468,0,0
90.0,-261.8911086754468,0,0
100.0,-261.8911086754468,0,0
110.0,-261.8911086754468,0,0
120.0,-261.8911086754468,0,0
130.0,-261.8911086754468,0,0
140.0,-261.8911086754468,0,0
150.0,-261.8911086754468,0,0
160.0,-261.8911086754468,0,0
170.0,-261.8911086754468,0,0
180.0,-261.8911086754468,0,0
190.0,-261.8911086754468,0,0
200.0,-261.8911086754468,0,0
210.0,-261.8911086754468,0,0
220.0,-261.8911086754468,0,0
230.0,-261.8911086754468,0,0
240.0,-261.8911086754468,0,0
250.0,-261.8911086754468,0,0
260.0,-261.8911086754468,0,0
270.0,-261.8911086754468,0,0
280.0,-261.8911086754468,0,0
290.0,-261.8911086754468,0,0
300.0,-261.8911086754468,0,0
310.0,-261.8911086754468,0,0
320.0,-261.8911086754468,0,0
330.0,-261.8911086754468,0,0
340.0,-261.8911086754468,0,0
350.0,-261.8911086754468,0,0
360.0,-261.8911086754468,0,0
370.0,-261.8911086754468,0,0
380.0,-261.8911086754468,0,0
390.0,-261.8911086754468,0,0
400.0,-261.8911086754468,0,0
410.0,-261.8911086754468,0,0
420.0,-261.8911086754468,0,0
430.0,-261.8911086754468,0,0
440.0,-261.8911086754468,0,0
450.0,-261.8911086754468,0,0
460.0,-261.8911086754468,0,0
470.0,-261.8911086754468,0,0
480.0,-261.8911086754468,0,0
490.0,-261.8911086754468,0,0
500.0,-261.8911086754468,0,0
-505.0,-253.2308546376024,0,0
-495.0,-253.2308546376024,0,0
-485.0,-253.2308546376024,0,0
-475.0,-253.2308546376024,0,0
-465.0,-253.2308546376024,0,0
-455.0,-253.2308546376024,0,0
-445.0,-253.2308546376024,0,0
-435.0,-253.2308546376024,0,0
-425.0,-253.2308546376024,0,0
-415.0,-253.2308546376024,0,0
-405.0,-253.2308546376024,0,0
-395.0,-253.2308546376024,0,0
-385.0,-253.2308546376024,0,0
-375.0,-253.2308546376024,0,0
-365.0,-253.2308546376024,0,0
-355.0,-253.2308546376024,0,0
-345.0,-253.2308546376024,0,0
-335.0,-253.2308546376024,0,0
-325.0,-253.2308546376024,0,0
-315.0,-253.2308546376024,0,0
-305.0,-253.2308546376024,0,0
-295.0,-253.2308546376024,0,0
-285.0,-253.2308546376024,0,0
-275.0,-253.2308546376024,0,0
-265.0,-253.2308546376024,0,0
-255.0,-253.2308546376024,0,0
-245.0,-253.2308546376024,0,0
-235.0,-253.2308546376024,0,0
-225.0,-253.2308546376024,0,0
-215.0,-253.2308546376024,0,0
-205.0,-253.2308546376024,0,0
-195.0,-253.2308546376024,0,0
-185.0,-253.2308546376024,0,0
-175.0,-253.2308546376024,0,0
-165.0,-253.2308546376024,0,0
-155.0,-253.2308546376024,0,0
-145.0,-253.2308546376024,0,0
-135.0,-253.2308546376024,0,0
-125.0,-253.2308546376024,0,0
-115.0,-253.2308546376024,0,0
-105.0,-253.2308546376024,0,0
-95.0,-253.2308546376024,0,0
-85.0,-253.2308546376024,0,0
-75.0,-253.2308546376024,0,0
-65.0,-253.2308546376024,0,0
-55.0,-253.2308546376024,0,0
-45.0,-253.2308546376024,0,0
-35.0,-253.2308546376024,0,0
-25.0,-253.2308546376024,0,0
-15.0,-253.2308546376024,0,0
-5.0,-253.2308546376024,0,0
5.0,-253.2308546376024,0,0
15.0,-253.2308546376024,0,0
25.0,-253.2308546376024,0,0
35.0,-253.2308546376024,0,0
45.0,-253.2308546376024,0,0
55.0,-253.2308546376024,0,0
65.0,-253.2308546376024,0,0
75.0,-253.2308546376024,0,0
85.0,-253.2308546376024,0,0
95.0,-253.2308546376024,0,0
105.0,-253.2308546376024,0,0
115.0,-253.2308546376024,0,0
125.0,-253.2308546376024,0,0
135.0,-253.2308546376024,0,0
145.0,-253.2308546376024,0,0
155.0,-253.2308546376024,0,0
165.0,-253.2308546376024,0,0
175.0,-253.2308546376024,0,0
185.0,-253.2308546376024,0,0
195.0,-253.2308546376024,0,0
205.0,-253.2308546376024,0,0
215.0,-253.2308546376024,0,0
225.0,-253.2308546376024,0,0
235.0,-253.2308546376024,0,0
245.0,-253.2308546376024,0,0
255.0,-253.2308546376024,0,0
265.0,-253.2308546376024,0,0
275.0,-253.2308546376024,0,0
285.0,-253.2308546376024,0,0
295.0,-253.2308546376024,0,0
305.0,-253.2308546376024,0,0
315.0,-253.2308546376024,0,0
325.0,-253.2308546376024,0,0
335.0,-253.2308546376024,0,0
345.0,-253.2308546376024,0,0
355.0,-253.2308546376024,0,0
365.0,-253.2308546376024,0,0
375.0,-253.2308546376024,0,0
385.0,-253.2308546376024,0,0
395.0,-253.2308546376024,0,0
405.0,-253.2308546376024,0,0
415.0,-253.2308546376024,0,0
425.0,-253.2308546376024,0,0
435.0,-253.2308546376024,0,0
445.0,-253.2308546376024,0,0
455.0,-253.2308546376024,0,0
465.0,-253.2308546376024,0,0
475.0,-253.2308546376024,0,0
485.0,-253.2308546376024,0,0
495.0,-253.2308546376024,0,0
505.0,-253.2308546376024,0,0
-500.0,-244.570600599758,0,0
-490.0,-244.570600599758,0,0
-480.0,-244.570600599758,0,0
-470.0,-244.570600599758,0,0
-460.0,-244.570600599758,0,0
-450.0,-244.570600599758,0,0
-440.0,-244.570600599758,0,0
-430.0,-244.570600599758,0,0
-420.0,-244.570600599758,0,0
-410.0,-244.570600599758,0,0
-400.0,-244.570600599758,0,0
-390.0,-244.570600599758,0,0
-380.0,-244.570600599758,0,0
-370.0,-244.570600599758,0,0
-360.0,-244.570600599758,0,0
-350.0,-244.570600599758,0,0
-340.0,-244.570600599758,0,0
-330.0,-244.570600599758,0,0
-320.0,-244.570600599758,0,0
-310.0,-244.570600599758,0,0
-300.0,-244.570600599758,0,0
-290.0,-244.570600599758,0,0
-280.0,-244.570600599758,0,0
-270.0,-244.570600599758,0,0
-260.0,-244.570600599758,0,0
-250.0,-244.570600599758,0,0
-240.0,-244.570600599758,0,0
-230.0,-244.570600599758,0,0
-220.0,-244.570600599758,0,0
-210.0,-244.570600599758,0,0
-200.0,-244.570600599758,0,0
-190.0,-244.570600599758,0,0
-180.0,-244.570600599758,0,0
-170.0,-244.570600599758,0,0
-160.0,-244.570600599758,0,0
-150.0,-244.570600599758,0,0
-140.0,-244.570600599758,0,0
-130.0,-244.570600599758,0,0
-120.0,-244.570600599758,0,0
-110.0,-244.570600599758,0,0
-100.0,-244.570600599758,0,0
-90.0,-244.570600599758,0,0
-80.0,-244.570600599758,0,0
-70.0,-244.570600599758,0,0
-60.0,-244.570600599758,0,0
-50.0,-244.570600599758,0,0
-40.0,-244.570600599758,0,0
-30.0,-244.570600599758,0,0
-20.0,-244.570600599758,0,0
-10.0,-244.570600599758,0,0
0.0,-244.570600599758,0,0
10.0,-244.570600599758,0,0
20.0,-244.570600599758,0,0
30.0,-244.570600599758,0,0
40.0,-244.570600599758,0,0
50.0,-244.570600599758,0,0
60.0,-244.570600599758,0,0
70.0,-244.570600599758,0,0
80.0,-244.570600599758,0,0
90.0,-244.570600599758,0,0
100.0,-244.570600599758,0,0
110.0,-244.570600599758,0,0
120.0,-244.570600599758,0,0
130.0,-244.570600599758,0,0
140.0,-244.570600599758,0,0
150.0,-244.570600599758,0,0
160.0,-244.570600599758,0,0
170.0,-244.570600599758,0,0
180.0,-244.570600599758,0,0
190.0,-244.570600599758,0,0
200.0,-244.570600599758,0,0
210.0,-244.570600599758,0,0
220.0,-244.570600599758,0,0
230.0,-244.570600599758,0,0
240.0,-244.570600599758,0,0
250.0,-244.570600599758,0,0
260.0,-244.570600599758,0,0
270.0,-244.570600599758,0,0
280.0,-244.570600599758,0,0
290.0,-244.570600599758,0,0
300.0,-244.570600599758,0,0
310.0,-244.570600599758,0,0
320.0,-244.570600599758,0,0
330.0,-244.570600599758,0,0
340.0,-244.570600599758,0,0
350.0,-244.570600599758,0,0
360.0,-244.570600599758,0,0
370.0,-244.570600599758,0,0
380.0,-244.570600599758,0,0
390.0,-244.570600599758,0,0
400.0,-244.570600599758,0,0
410.0,-244.570600599758,0,0
420.0,-244.570600599758,0,0
430.0,-244.570600599758,0,0
440.0,-244.570600599758,0,0
450.0,-244.570600599758,0,0
460.0,-244.570600599758,0,0
470.0,-244.570600599758,0,0
480.0,-244.570600599758,0,0
490.0,-244.570600599758,0,0
500.0,-244.570600599758,0,0
-505.0,-235.9103465619136,0,0
-495.0,-235.9103465619136,0,0
-485.0,-235.9103465619136,0,0
-475.0,-235.9103465619136,0,0
-465.0,-235.9103465619136,0,0
-455.0,-235.9103465619136,0,0
-445.0,-235.9103465619136,0,0
-435.0,-235.9103465619136,0,0
-425.0,-235.9103465619136,0,0
-415.0,-235.9103465619136,0,0
-405.0,-235.9103465619136,0,0
-395.0,-235.9103465619136,0,0
-385.0,-235.9103465619136,0,0
-375.0,-235.9103465619136,0,0
-365.0,-235.9103465619136,0,0
-355.0,-235.9103465619136,0,0
-345.0,-235.9103465619136,0,0
-335.0,-235.9103465619136,0,0
-325.0,-235.9103465619136,0,0
-315.0,-235.9103465619136,0,0
-305.0,-235.9103465619136,0,0
-295.0,-235.9103465619136,0,0
-285.0,-235.9103465619136,0,0
-275.0,-235.9103465619136,0,0
-265.0,-235.9103465619136,0,0
-255.0,-235.9103465619136,0,0
-245.0,-235.9103465619136,0,0
-235.0,-235.9103465619136,0,0
-225.0,-235.9103465619136,0,0
-215.0,-235.9103465619136,0,0
-205.0,-235.9103465619136,0,0
-195.0,-235.9103465619136,0,0
-185.0,-235.9103465619136,0,0
-175.0,-235.9103465619136,0,0
-165.0,-235.9103465619136,0,0
-155.0,-235.9103465619136,0,0
-145.0,-235.9103465619136,0,0
-135.0,-235.9103465619136,0,0
-125.0,-235.9103465619136,0,0
-115.0,-235.9103465619136,0,0
-105.0,-235.9103465619136,0,0
-95.0,-235.9103465619136,0,0
-85.0,-235.9103465619136,0,0
-75.0,-235.9103465619136,0,0
-65.0,-235.9103465619136,0,0
-55.0,-235.9103465619136,0,0
-45.0,-235.9103465619136,0,0
-35.0,-235.9103465619136,0,0
-25.0,-235.9103465619136,0,0
-15.0,-235.9103465619136,0,0
-5.0,-235.9103465619136,0,0
5.0,-235.9103465619136,0,0
15.0,-235.9103465619136,0,0
25.0,-235.9103465619136,0,0
35.0,-235.9103465619136,0,0
45.0,-235.9103465619136,0,0
55.0,-235.9103465619136,0,0
65.0,-235.9103465619136,0,0
75.0,-235.9103465619136,0,0
85.0,-235.9103465619136,0,0
95.0,-235.9103465619136,0,0
105.0,-235.9103465619136,0,0
115.0,-235.9103465619136,0,0
125.0,-235.9103465619136,0,0
135.0,-235.9103465619136,0,0
145.0,-235.9103465619136,0,0
155.0,-235.9103465619136,0,0
165.0,-235.9103465619136,0,0
175.0,-235.9103465619136,0,0
185.0,-235.9103465619136,0,0
195.0,-235.9103465619136,0,0
205.0,-235.9103465619136,0,0
215.0,-235.9103465619136,0,0
225.0,-235.9103465619136,0,0
235.0,-235.9103465619136,0,0
245.0,-235.9103465619136,0,0
255.0,-235.9103465619136,0,0
265.0,-235.9103465619136,0,0
275.0,-235.9103465619136,0,0
285.0,-235.9103465619136,0,0
295.0,-235.9103465619136,0,0
305.0,-235.9103465619136,0,0
315.0,-235.9103465619136,0,0
325.0,-235.9103465619136,0,0
335.0,-235.9103465619136,0,0
345.0,-235.9103465619136,0,0
355.0,-235.9103465619136,0,0
365.0,-235.9103465619136,0,0
375.0,-235.9103465619136,0,0
385.0,-235.9103465619136,0,0
395.0,-235.9103465619136,0,0
405.0,-235.9103465619136,0,0
415.0,-235.9103465619136,0,0
425.0,-235.9103465619136,0,0
435.0,-235.9103465619136,0,0
445.0,-235.9103465619136,0,0
455.0,-235.9103465619136,0,0
465.0,-235.9103465619136,0,0
475.0,-235.9103465619136,0,0
485.0,-235.9103465619136,0,0
495.0,-235.9103465619136,0,0
505.0,-235.9103465619136,0,0
-510.0,-227.2500925240692,0,0
-500.0,-227.2500925240692,0,0
-490.0,-227.2500925240692,0,0
-480.0,-227.2500925240692,0,0
-470.0,-227.2500925240692,0,0
-460.0,-227.2500925240692,0,0
-450.0,-227.2500925240692,0,0
-440.0,-227.2500925240692,0,0
-430.0,-227.2500925240692,0,0
-420.0,-227.2500925240692,0,0
-410.0,-227.2500925240692,0,0
-400.0,-227.2500925240692,0,0
-390.0,-227.2500925240692,0,0
-380.0,-227.2500925240692,0,0
-370.0,-227.2500925240692,0,0
-360.0,-227.2500925240692,0,0
-350.0,-227.2500925240692,0,0
-340.0,-227.2500925240692,0,0
-330.0,-227.2500925240692,0,0
-320.0,-227.2500925240692,0,0
-310.0,-227.2500925240692,0,0
-300.0,-227.2500925240692,0,0
-290.0,-227.2500925240692,0,0
-280.0,-227.2500925240692,0,0
-270.0,-227.2500925240692,0,0
-260.0,-227.2500925240692,0,0
-250.0,-227.2500925240692,0,0
-240.0,-227.2500925240692,0,0
-230.0,-227.2500925240692,0,0
-220.0,-227.2500925240692,0,0
-210.0,-227.2500925240692,0,0
-200.0,-227.2500925240692,0,0
-190.0,-227.2500925240692,0,0
-180.0,-227.2500925240692,0,0
-170.0,-227.2500925240692,0,0
-160.0,-227.2500925240692,0,0
-150.0,-227.2500925240692,0,0
-140.0,-227.2500925240692,0,0
-130.0,-227.2500925240692,0,0
-120.0,-227.2500925240692,0,0
-110.0,-227.2500925240692,0,0
-100.0,-227.2500925240692,0,0
-90.0,-227.2500925240692,0,0
-80.0,-227.2500925240692,0,0
-70.0,-227.2500925240692,0,0
-60.0,-227.2500925240692,0,0
-50.0,-227.2500925240692,0,0
-40.0,-227.2500925240692,0,0
-30.0,-227.2500925240692,0,0
-20.0,-227.2500925240692,0,0
-10.0,-227.2500925240692,0,0
0.0,-227.2500925240692,0,0
10.0,-227.2500925240692,0,0
20.0,-227.2500925240692,0,0
30.0,-227.2500925240692,0,0
40.0,-227.2500925240692,0,0
50.0,-227.2500925240692,0,0
60.0,-227.2500925240692,0,0
70.0,-227.2500925240692,0,0
80.0,-227.2500925240692,0,0
90.0,-227.2500925240692,0,0
100.0,-227.2500925240692,0,0
110.0,-227.2500925240692,0,0
120.0,-227.2500925240692,0,0
130.0,-227.2500925240692,0,0
140.0,-227.2500925240692,0,0
150.0,-227.2500925240692,0,0
160.0,-227.2500925240692,0,0
170.0,-227.2500925240692,0,0
180.0,-227.2500925240692,0,0
190.0,-227.2500925240692,0,0
200.0,-227.2500925240692,0,0
210.0,-227.2500925240692,0,0
220.0,-227.2500925240692,0,0
230.0,-227.2500925240692,0,0
240.0,-227.2500925240692,0,0
250.0,-227.2500925240692,0,0
260.0,-227.2500925240692,0,0
270.0,-227.2500925240692,0,0
280.0,-227.2500925240692,0,0
290.0,-227.2500925240692,0,0
300.0,-227.2500925240692,0,0
310.0,-227.2500925240692,0,0
320.0,-227.2500925240692,0,0
330.0,-227.2500925240692,0,0
340.0,-227.2500925240692,0,0
350.0,-227.2500925240692,0,0
360.0,-227.2500925240692,0,0
370.0,-227.2500925240692,0,0
380.0,-227.2500925240692,0,0
390.0,-227.2500925240692,0,0
400.0,-227.2500925240692,0,0
410.0,-227.2500925240692,0,0
420.0,-227.2500925240692,0,0
430.0,-227.2500925240692,0,0
440.0,-227.2500925240692,0,0
450.0,-227.2500925240692,0,0
460.0,-227.2500925240692,0,0
470.0,-227.2500925240692,0,0
480.0,-227.2500925240692,0,0
490.0,-227.2500925240692,0,0
500.0,-227.2500925240692,0,0
510.0,-227.2500925240692,0,0
-515.0,-218.5898384862248,0,0
-505.0,-218.5898384862248,0,0
-495.0,-218.5898384862248,0,0
-485.0,-218.5898384862248,0,0
-475.0,-218.5898384862248,0,0
-465.0,-218.5898384862248,0,0
-455.0,-218.5898384862248,0,0
-445.0,-218.5898384862248,0,0
-435.0,-218.5898384862248,0,0
-425.0,-218.5898384862248,0,0
-415.0,-218.5898384862248,0,0
-405.0,-218.5898384862248,0,0
-395.0,-218.5898384862248,0,0
-385.0,-218.5898384862248,0,0
-375.0,-218.5898384862248,0,0
-365.0,-218.5898384862248,0,0
-355.0,-218.5898384862248,0,0
-345.0,-218.5898384862248,0,0
-335.0,-218.5898384862248,0,0
-325.0,-218.5898384862248,0,0
-315.0,-218.5898384862248,0,0
-305.0,-218.5898384862248,0,0
-295.0,-218.5898384862248,0,0
-285.0,-218.5898384862248,0,0
-275.0,-218.5898384862248,0,0
-265.0,-218.5898384862248,0,0
-255.0,-218.5898384862248,0,0
-245.0,-218.5898384862248,0,0
-235.0,-218.5898384862248,0,0
-225.0,-218.5898384862248,0,0
-215.0,-218.5898384862248,0,0
-205.0,-218.5898384862248,0,0
-195.0,-218.5898384862248,0,0
-185.0,-218.5898384862248,0,0
-175.0,-218.5898384862248,0,0
-165.0,-218.5898384862248,0,0
-155.0,-218.5898384862248,0,0
-145.0,-218.5898384862248,0,0
-135.0,-218.5898384862248,0,0
-125.0,-218.5898384862248,0,0
-115.0,-218.5898384862248,0,0
-105.0,-218.5898384862248,0,0
-95.0,-218.5898384862248,0,0
-85.0,-218.5898384862248,0,0
-75.0,-218.5898384862248,0,0
-65.0,-218.5898384862248,0,0
-55.0,-218.5898384862248,0,0
-45.0,-218.5898384862248,0,0
-35.0,-218.5898384862248,0,0
-25.0,-218.5898384862248,0,0
-15.0,-218.5898384862248,0,0
-5.0,-218.5898384862248,0,0
5.0,-218.5898384862248,0,0
15.0,-218.5898384862248,0,0
25.0,-218.5898384862248,0,0
35.0,-218.5898384862248,0,0
45.0,-218.5898384862248,0,0
55.0,-218.5898384862248,0,0
65.0,-218.5898384862248,0,0
75.0,-218.5898384862248,0,0
85.0,-218.5898384862248,0,0
95.0,-218.5898384862248,0,0
105.0,-218.5898384862248,0,0
115.0,-218.5898384862248,0,0
125.0,-218.5898384862248,0,0
135.0,-218.5898384862248,0,0
145.0,-218.5898384862248,0,0
155.0,-218.5898384862248,0,0
165.0,-218.5898384862248,0,0
175.0,-218.5898384862248,0,0
185.0,-218.5898384862248,0,0
195.0,-218.5898384862248,0,0
205.0,-218.5898384862248,0,0
215.0,-218.5898384862248,0,0
225.0,-218.5898384862248,0,0
235.0,-218.5898384862248,0,0
245.0,-218.5898384862248,0,0
255.0,-218.5898384862248,0,0
265.0,-218.5898384862248,0,0
275.0,-218.5898384862248,0,0
285.0,-218.5898384862248,0,0
295.0,-218.5898384862248,0,0
305.0,-218.5898384862248,0,0
315.0,-218.5898384862248,0,0
325.0,-218.5898384862248,0,0
335.0,-218.5898384862248,0,0
345.0,-218.5898384862248,0,0
355.0,-218.5898384862248,0,0
365.0,-218.5898384862248,0,0
375.0,-218.5898384862248,0,0
385.0,-218.5898384862248,0,0
395.0,-218.5898384862248,0,0
405.0,-218.5898384862248,0,0
415.0,-218.5898384862248,0,0
425.0,-218.5898384862248,0,0
435.0,-218.5898384862248,0,0
445.0,-218.5898384862248,0,0
455.0,-218.5898384862248,0,0
465.0,-218.5898384862248,0,0
475.0,-218.5898384862248,0,0
485.0,-218.5898384862248,0,0
495.0,-218.5898384862248,0,0
505.0,-218.5898384862248,0,0
515.0,-218.5898384862248,0,0
-520.0,-209.9295844483804,0,0
-510.0,-209.9295844483804,0,0
-500.0,-209.9295844483804,0,0
-490.0,-209.9295844483804,0,0
-480.0,-209.9295844483804,0,0
-470.0,-209.9295844483804,0,0
-460.0,-209.9295844483804,0,0
-450.0,-209.9295844483804,0,0
-440.0,-209.9295844483804,0,0
-430.0,-209.9295844483804,0,0
-420.0,-209.9295844483804,0,0
-410.0,-209.9295844483804,0,0
-400.0,-209.9295844483804,0,0
-390.0,-209.9295844483804,0,0
-380.0,-209.9295844483804,0,0
-370.0,-209.9295844483804,0,0
-360.0,-209.9295844483804,0,0
-350.0,-209.9295844483804,0,0
-340.0,-209.9295844483804,0,0
-330.0,-209.9295844483804,0,0
-320.0,-209.9295844483804,0,0
-310.0,-209.9295844483804,0,0
-300.0,-209.9295844483804,0,0
-290.0,-209.9295844483804,0,0
-280.0,-209.9295844483804,0,0
-270.0,-209.9295844483804,0,0
-260.0,-209.9295844483804,0,0
-250.0,-209.9295844483804,0,0
-240.0,-209.9295844483804,0,0
-230.0,-209.9295844483804,0,0
-220.0,-209.9295844483804,0,0
-210.0,-209.9295844483804,0,0
-200.0,-209.9295844483804,0,0
-190.0,-209.9295844483804,0,0
-180.0,-209.9295844483804,0,0
-170.0,-209.9295844483804,0,0
-160.0,-209.9295844483804,0,0
-150.0,-209.9295844483804,0,0
-140.0,-209.9295844483804,0,0
-130.0,-209.9295844483804,0,0
-120.0,-209.9295844483804,0,0
-110.0,-209.9295844483804,0,0
-100.0,-209.9295844483804,0,0
-90.0,-209.9295844483804,0,0
-80.0,-209.9295844483804,0,0
-70.0,-209.9295844483804,0,0
-60.0,-209.9295844483804,0,0
-50.0,-209.9295844483804,0,0
-40.0,-209.9295844483804,0,0
-30.0,-209.9295844483804,0,0
-20.0,-209.9295844483804,0,0
-10.0,-209.9295844483804,0,0
0.0,-209.9295844483804,0,0
10.0,-209.9295844483804,0,0
20.0,-209.9295844483804,0,0
30.0,-209.9295844483804,0,0
40.0,-209.9295844483804,0,0
50.0,-209.9295844483804,0,0
60.0,-209.9295844483804,0,0
70.0,-209.9295844483804,0,0
80.0,-209.9295844483804,0,0
90.0,-209.9295844483804,0,0
100.0,-209.9295844483804,0,0
110.0,-209.9295844483804,0,0
120.0,-209.9295844483804,0,0
130.0,-209.9295844483804,0,0
140.0,-209.9295844483804,0,0
150.0,-209.9295844483804,0,0
160.0,-209.9295844483804,0,0
170.0,-209.9295844483804,0,0
180.0,-209.9295844483804,0,0
190.0,-209.9295844483804,0,0
200.0,-209.9295844483804,0,0
210.0,-209.9295844483804,0,0
220.0,-209.9295844483804,0,0
230.0,-209.9295844483804,0,0
240.0,-209.9295844483804,0,0
250.0,-209.9295844483804,0,0
260.0,-209.9295844483804,0,0
270.0,-209.9295844483804,0,0
280.0,-209.9295844483804,0,0
290.0,-209.9295844483804,0,0
300.0,-209.9295844483804,0,0
310.0,-209.9295844483804,0,0
320.0,-209.9295844483804,0,0
330.0,-209.9295844483804,0,0
340.0,-209.9295844483804,0,0
350.0,-209.9295844483804,0,0
360.0,-209.9295844483804,0,0
370.0,-209.9295844483804,0,0
380.0,-209.9295844483804,0,0
390.0,-209.9295844483804,0,0
400.0,-209.9295844483804,0,0
410.0,-209.9295844483804,0,0
420.0,-209.9295844483804,0,0
430.0,-209.9295844483804,0,0
440.0,-209.9295844483804,0,0
450.0,-209.9295844483804,0,0
460.0,-209.9295844483804,0,0
470.0,-209.9295844483804,0,0
480.0,-209.9295844483804,0,0
490.0,-209.9295844483804,0,0
500.0,-209.9295844483804,0,0
510.0,-209.9295844483804,0,0
520.0,-209.9295844483804,0,0
-525.0,-201.269330410536,0,0
-515.0,-201.269330410536,0,0
-505.0,-201.269330410536,0,0
-495.0,-201.269330410536,0,0
-485.0,-201.269330410536,0,0
-475.0,-201.269330410536,0,0
-465.0,-201.269330410536,0,0
-455.0,-201.269330410536,0,0
-445.0,-201.269330410536,0,0
-435.0,-201.269330410536,0,0
-425.0,-201.269330410536,0,0
-415.0,-201.269330410536,0,0
-405.0,-201.269330410536,0,0
-395.0,-201.269330410536,0,0
-385.0,-201.269330410536,0,0
-375.0,-201.269330410536,0,0
-365.0,-201.269330410536,0,0
-355.0,-201.269330410536,0,0
-345.0,-201.269330410536,0,0
-335.0,-201.269330410536,0,0
-325.0,-201.269330410536,0,0
-315.0,-201.269330410536,0,0
-305.0,-201.269330410536,0,0
-295.0,-201.269330410536,0,0
-285.0,-201.269330410536,0,0
-275.0,-201.269330410536,0,0
-265.0,-201.269330410536,0,0
-255.0,-201.269330410536,0,0
-245.0,-201.269330410536,0,0
-235.0,-201.269330410536,0,0
-225.0,-201.269330410536,0,0
-215.0,-201.269330410536,0,0
-205.0,-201.269330410536,0,0
-195.0,-201.269330410536,0,0
-185.0,-201.269330410536,0,0
-175.0,-201.269330410536,0,0
-165.0,-201.269330410536,0,0
-155.0,-201.269330410536,0,0
-145.0,-201.269330410536,0,0
-135.0,-201.269330410536,0,0
-125.0,-201.269330410536,0,0
-115.0,-201.269330410536,0,0
-105.0,-201.269330410536,0,0
-95.0,-201.269330410536,0,0
-85.0,-201.269330410536,0,0
-75.0,-201.269330410536,0,0
-65.0,-201.269330410536,0,0
-55.0,-201.269330410536,0,0
-45.0,-201.269330410536,0,0
-35.0,-201.269330410536,0,0
-25.0,-201.269330410536,0,0
-15.0,-201.269330410536,0,0
-5.0,-201.269330410536,0,0
5.0,-201.269330410536,0,0
15.0,-201.269330410536,0,0
25.0,-201.269330410536,0,0
35.0,-201.269330410536,0,0
45.0,-201.269330410536,0,0
55.0,-201.269330410536,0,0
65.0,-201.269330410536,0,0
75.0,-201.269330410536,0,0
85.0,-201.269330410536,0,0
95.0,-201.269330410536,0,0
105.0,-201.269330410536,0,0
115.0,-201.269330410536,0,0
125.0,-201.269330410536,0,0
135.0,-201.269330410536,0,0
145.0,-201.269330410536,0,0
155.0,-201.269330410536,0,0
165.0,-201.269330410536,0,0
175.0,-201.269330410536,0,0
185.0,-201.269330410536,0,0
195.0,-201.269330410536,0,0
205.0,-201.269330410536,0,0
215.0,-201.269330410536,0,0
225.0,-201.269330410536,0,0
235.0,-201.269330410536,0,0
245.0,-201.269330410536,0,0
255.0,-201.269330410536,0,0
265.0,-201.269330410536,0,0
275.0,-201.269330410536,0,0
285.0,-201.269330410536,0,0
295.0,-201.269330410536,0,0
305.0,-201.269330410536,0,0
315.0,-201.269330410536,0,0
325.0,-201.269330410536,0,0
335.0,-201.269330410536,0,0
345.0,-201.269330410536,0,0
355.0,-201.269330410536,0,0
365.0,-201.269330410536,0,0
375.0,-201.269330410536,0,0
385.0,-201.269330410536,0,0
395.0,-201.269330410536,0,0
405.0,-201.269330410536,0,0
415.0,-201.269330410536,0,0
425.0,-201.269330410536,0,0
435.0,-201.269330410536,0,0
445.0,-201.269330410536,0,0
455.0,-201.269330410536,0,0
465.0,-201.269330410536,0,0
475.0,-201.269330410536,0,0
485.0,-201.269330410536,0,0
495.0,-201.269330410536,0,0
505.0,-201.269330410536,0,0
515.0,-201.269330410536,0,0
525.0,-201.269330410536,0,0
-530.0,-192.60907637269162,0,0
-520.0,-192.60907637269162,0,0
-510.0,-192.60907637269162,0,0
-500.0,-192.60907637269162,0,0
-490.0,-192.60907637269162,0,0
-480.0,-192.60907637269162,0,0
-470.0,-192.60907637269162,0,0
-460.0,-192.60907637269162,0,0
-450.0,-192.60907637269162,0,0
-440.0,-192.60907637269162,0,0
-430.0,-192.60907637269162,0,0
-420.0,-192.60907637269162,0,0
-410.0,-192.60907637269162,0,0
-400.0,-192.60907637269162,0,0
-390.0,-192.60907637269162,0,0
-380.0,-192.60907637269162,0,0
-370.0,-192.60907637269162,0,0
-360.0,-192.60907637269162,0,0
-350.0,-192.60907637269162,0,0
-340.0,-192.60907637269162,0,0
-330.0,-192.60907637269162,0,0
-320.0,-192.60907637269162,0,0
-310.0,-192.60907637269162,0,0
-300.0,-192.60907637269162,0,0
-290.0,-192.60907637269162,0,0
-280.0,-192.60907637269162,0,0
-270.0,-192.60907637269162,0,0
-260.0,-192.60907637269162,0,0
-250.0,-192.60907637269162,0,0
-240.0,-192.60907637269162,0,0
-230.0,-192.60907637269162,0,0
-220.0,-192.60907637269162,0,0
-210.0,-192.60907637269162,0,0
-200.0,-192.60907637269162,0,0
-190.0,-192.60907637269162,0,0
-180.0,-192.60907637269162,0,0
-170.0,-192.60907637269162,0,0
-160.0,-192.60907637269162,0,0
-150.0,-192.60907637269162,0,0
-140.0,-192.60907637269162,0,0
-130.0,-192.60907637269162,0,0
-120.0,-192.60907637269162,0,0
-110.0,-192.60907637269162,0,0
-100.0,-192.60907637269162,0,0
-90.0,-192.60907637269162,0,0
-80.0,-192.60907637269162,0,0
-70.0,-192.60907637269162,0,0
-60.0,-192.60907637269162,0,0
-50.0,-192.60907637269162,0,0
-40.0,-192.60907637269162,0,0
-30.0,-192.60907637269162,0,0
-20.0,-192.60907637269162,0,0
-10.0,-192.60907637269162,0,0
0.0,-192.60907637269162,0,0
10.0,-192.60907637269162,0,0
20.0,-192.60907637269162,0,0
30.0,-192.60907637269162,0,0
40.0,-192.60907637269162,0,0
50.0,-192.60907637269162,0,0
60.0,-192.60907637269162,0,0
70.0,-192.60907637269162,0,0
80.0,-192.60907637269162,0,0
90.0,-192.60907637269162,0,0
100.0,-192.60907637269162,0,0
110.0,-192.60907637269162,0,0
120.0,-192.60907637269162,0,0
130.0,-192.60907637269162,0,0
140.0,-192.60907637269162,0,0
150.0,-192.60907637269162,0,0
160.0,-192.60907637269162,0,0
170.0,-192.60907637269162,0,0
180.0,-192.60907637269162,0,0
190.0,-192.60907637269162,0,0
200.0,-192.60907637269162,0,0
210.0,-192.60907637269162,0,0
220.0,-192.60907637269162,0,0
230.0,-192.60907637269162,0,0
240.0,-192.60907637269162,0,0
250.0,-192.60907637269162,0,0
260.0,-192.60907637269162,0,0
270.0,-192.60907637269162,0,0
280.0,-192.60907637269162,0,0
290.0,-192.60907637269162,0,0
300.0,-192.60907637269162,0,0
310.0,-192.60907637269162,0,0
320.0,-192.60907637269162,0,0
330.0,-192.60907637269162,0,0
340.0,-192.60907637269162,0,0
350.0,-192.60907637269162,0,0
360.0,-192.60907637269162,0,0
370.0,-192.60907637269162,0,0
380.0,-192.60907637269162,0,0
390.0,-192.60907637269162,0,0
400.0,-192.60907637269162,0,0
410.0,-192.60907637269162,0,0
420.0,-192.60907637269162,0,0
430.0,-192.60907637269162,0,0
440.0,-192.60907637269162,0,0
450.0,-192.60907637269162,0,0
460.0,-192.60907637269162,0,0
470.0,-192.60907637269162,0,0
480.0,-192.60907637269162,0,0
490.0,-192.60907637269162,0,0
500.0,-192.60907637269162,0,0
510.0,-192.60907637269162,0,0
520.0,-192.60907637269162,0,0
530.0,-192.60907637269162,0,0
-525.0,-183.94882233484722,0,0
-515.0,-183.94882233484722,0,0
-505.0,-183.94882233484722,0,0
-495.0,-183.94882233484722,0,0
-485.0,-183.94882233484722,0,0
-475.0,-183.94882233484722,0,0
-465.0,-183.94882233484722,0,0
-455.0,-183.94882233484722,0,0
-445.0,-183.94882233484722,0,0
-435.0,-183.94882233484722,0,0
-425.0,-183.94882233484722,0,0
-415.0,-183.94882233484722,0,0
-405.0,-183.94882233484722,0,0
-395.0,-183.94882233484722,0,0
-385.0,-183.94882233484722,0,0
-375.0,-183.94882233484722,0,0
-365.0,-183.94882233484722,0,0
-355.0,-183.94882233484722,0,0
-345.0,-183.94882233484722,0,0
-335.0,-183.94882233484722,0,0
-325.0,-183.94882233484722,0,0
-315.0,-183.94882233484722,0,0
-305.0,-183.94882233484722,0,0
-295.0,-183.94882233484722,0,0
-285.0,-183.94882233484722,0,0
-275.0,-183.94882233484722,0,0
-265.0,-183.94882233484722,0,0
-255.0,-183.94882233484722,0,0
-245.0,-183.94882233484722,0,0
-235.0,-183.94882233484722,0,0
-225.0,-183.94882233484722,0,0
-215.0,-183.94882233484722,0,0
-205.0,-183.94882233484722,0,0
-195.0,-183.94882233484722,0,0
-185.0,-183.94882233484722,0,0
-175.0,-183.94882233484722,0,0
-165.0,-183.94882233484722,0,0
-155.0,-183.94882233484722,0,0
-145.0,-183.94882233484722,0,0
-135.0,-183.94882233484722,0,0
-125.0,-183.94882233484722,0,0
-115.0,-183.94882233484722,0,0
-105.0,-183.94882233484722,0,0
-95.0,-183.94882233484722,0,0
-85.0,-183.94882233484722,0,0
-75.0,-183.94882233484722,0,0
-65.0,-183.94882233484722,0,0
-55.0,-183.94882233484722,0,0
-45.0,-183.94882233484722,0,0
-35.0,-183.94882233484722,0,0
-25.0,-183.94882233484722,0,0
-15.0,-183.94882233484722,0,0
-5.0,-183.94882233484722,0,0
5.0,-183.94882233484722,0,0
15.0,-183.94882233484722,0,0
25.0,-183.94882233484722,0,0
35.0,-183.94882233484722,0,0
45.0,-183.94882233484722,0,0
55.0,-183.94882233484722,0,0
65.0,-183.94882233484722,0,0
75.0,-183.94882233484722,0,0
85.0,-183.94882233484722,0,0
95.0,-183.94882233484722,0,0
105.0,-183.94882233484722,0,0
115.0,-183.94882233484722,0,0
125.0,-183.94882233484722,0,0
135.0,-183.94882233484722,0,0
145.0,-183.94882233484722,0,0
155.0,-183.94882233484722,0,0
165.0,-183.94882233484722,0,0
175.0,-183.94882233484722,0,0
185.0,-183.94882233484722,0,0
195.0,-183.94882233484722,0,0
205.0,-183.94882233484722,0,0
215.0,-183.94882233484722,0,0
225.0,-183.94882233484722,0,0
235.0,-183.94882233484722,0,0
245.0,-183.94882233484722,0,0
255.0,-183.94882233484722,0,0
265.0,-183.94882233484722,0,0
275.0,-183.94882233484722,0,0
285.0,-183.94882233484722,0,0
295.0,-183.94882233484722,0,0
305.0,-183.94882233484722,0,0
315.0,-183.94882233484722,0,0
325.0,-183.94882233484722,0,0
335.0,-183.94882233484722,0,0
345.0,-183.94882233484722,0,0
355.0,-183.94882233484722,0,0
365.0,-183.94882233484722,0,0
375.0,-183.94882233484722,0,0
385.0,-183.94882233484722,0,0
395.0,-183.94882233484722,0,0
405.0,-183.94882233484722,0,0
415.0,-183.94882233484722,0,0
425.0,-183.94882233484722,0,0
435.0,-183.94882233484722,0,0
445.0,-183.94882233484722,0,0
455.0,-183.94882233484722,0,0
465.0,-183.94882233484722,0,0
475.0,-183.94882233484722,0,0
485.0,-183.94882233484722,0,0
495.0,-183.94882233484722,0,0
505.0,-183.94882233484722,0,0
515.0,-183.94882233484722,0,0
525.0,-183.94882233484722,0,0
-530.0,-175.28856829700283,0,0
-520.0,-175.28856829700283,0,0
-510.0,-175.28856829700283,0,0
-500.0,-175.28856829700283,0,0
-490.0,-175.28856829700283,0,0
-480.0,-175.28856829700283,0,0
-470.0,-175.28856829700283,0,0
-460.0,-175.28856829700283,0,0
-450.0,-175.28856829700283,0,0
-440.0,-175.28856829700283,0,0
-430.0,-175.28856829700283,0,0
-420.0,-175.28856829700283,0,0
-410.0,-175.28856829700283,0,0
-400.0,-175.28856829700283,0,0
-390.0,-175.28856829700283,0,0
-380.0,-175.28856829700283,0,0
-370.0,-175.28856829700283,0,0
-360.0,-175.28856829700283,0,0
-350.0,-175.28856829700283,0,0
-340.0,-175.28856829700283,0,0
-330.0,-175.28856829700283,0,0
-320.0,-175.28856829700283,0,0
-310.0,-175.28856829700283,0,0
-300.0,-175.28856829700283,0,0
-290.0,-175.28856829700283,0,0
-280.0,-175.28856829700283,0,0
-270.0,-175.28856829700283,0,0
-260.0,-175.28856829700283,0,0
-250.0,-175.28856829700283,0,0
-240.0,-175.28856829700283,0,0
-230.0,-175.28856829700283,0,0
-220.0,-175.28856829700283,0,0
-210.0,-175.28856829700283,0,0
-200.0,-175.28856829700283,0,0
-190.0,-175.28856829700283,0,0
-180.0,-175.28856829700283,0,0
-170.0,-175.28856829700283,0,0
-160.0,-175.28856829700283,0,0
-150.0,-175.28856829700283,0,0
-140.0,-175.28856829700283,0,0
-130.0,-175.28856829700283,0,0
-120.0,-175.28856829700283,0,0
-110.0,-175.28856829700283,0,0
-100.0,-175.28856829700283,0,0
-90.0,-175.28856829700283,0,0
-80.0,-175.28856829700283,0,0
-70.0,-175.28856829700283,0,0
-60.0,-175.28856829700283,0,0
-50.0,-175.28856829700283,0,0
-40.0,-175.28856829700283,0,0
-30.0,-175.28856829700283,0,0
-20.0,-175.28856829700283,0,0
-10.0,-175.28856829700283,0,0
0.0,-175.28856829700283,0,0
10.0,-175.28856829700283,0,0
20.0,-175.28856829700283,0,0
30.0,-175.28856829700283,0,0
40.0,-175.28856829700283,0,0
50.0,-175.28856829700283,0,0
60.0,-175.28856829700283,0,0
70.0,-175.28856829700283,0,0
80.0,-175.28856829700283,0,0
90.0,-175.28856829700283,0,0
100.0,-175.28856829700283,0,0
110.0,-175.28856829700283,0,0
120.0,-175.28856829700283,0,0
130.0,-175.28856829700283,0,0
140.0,-175.28856829700283,0,0
150.0,-175.28856829700283,0,0
160.0,-175.28856829700283,0,0
170.0,-175.28856829700283,0,0
180.0,-175.28856829700283,0,0
190.0,-175.28856829700283,0,0
200.0,-175.28856829700283,0,0
210.0,-175.28856829700283,0,0
220.0,-175.28856829700283,0,0
230.0,-175.28856829700283,0,0
240.0,-175.28856829700283,0,0
250.0,-175.28856829700283,0,0
260.0,-175.28856829700283,0,0
270.0,-175.28856829700283,0,0
280.0,-175.28856829700283,0,0
290.0,-175.28856829700283,0,0
300.0,-175.28856829700283,0,0
310.0,-175.28856829700283,0,0
320.0,-175.28856829700283,0,0
330.0,-175.28856829700283,0,0
340.0,-175.28856829700283,0,0
350.0,-175.28856829700283,0,0
360.0,-175.28856829700283,0,0
370.0,-175.28856829700283,0,0
380.0,-175.28856829700283,0,0
390.0,-175.28856829700283,0,0
400.0,-175.28856829700283,0,0
410.0,-175.28856829700283,0,0
420.0,-175.28856829700283,0,0
430.0,-175.28856829700283,0,0
440.0,-175.28856829700283,0,0
450.0,-175.28856829700283,0,0
460.0,-175.28856829700283,0,0
470.0,-175.28856829700283,0,0
480.0,-175.28856829700283,0,0
490.0,-175.28856829700283,0,0
500.0,-175.28856829700283,0,0
510.0,-175.28856829700283,0,0
520.0,-175.28856829700283,0,0
530.0,-175.28856829700283,0,0
-535.0,-166.62831425915843,0,0
-525.0,-166.62831425915843,0,0
-515.0,-166.62831425915843,0,0
-505.0,-166.62831425915843,0,0
-495.0,-166.62831425915843,0,0
-485.0,-166.62831425915843,0,0
-475.0,-166.62831425915843,0,0
-465.0,-166.62831425915843,0,0
-455.0,-166.62831425915843,0,0
-445.0,-166.62831425915843,0,0
-435.0,-166.62831425915843,0,0
-425.0,-166.62831425915843,0,0
-415.0,-166.62831425915843,0,0
-405.0,-166.62831425915843,0,0
-395.0,-166.62831425915843,0,0
-385.0,-166.62831425915843,0,0
-375.0,-166.62831425915843,0,0
-365.0,-166.62831425915843,0,0
-355.0,-166.62831425915843,0,0
-345.0,-166.62831425915843,0,0
-335.0,-166.62831425915843,0,0
-325.0,-166.62831425915843,0,0
-315.0,-166.62831425915843,0,0
-305.0,-166.62831425915843,0,0
-295.0,-166.62831425915843,0,0
-285.0,-166.62831425915843,0,0
-275.0,-166.62831425915843,0,0
-265.0,-166.62831425915843,0,0
-255.0,-166.62831425915843,0,0
-245.0,-166.62831425915843,0,0
-235.0,-166.62831425915843,0,0
-225.0,-166.62831425915843,0,0
-215.0,-166.62831425915843,0,0
-205.0,-166.62831425915843,0,0
-195.0,-166.62831425915843,0,0
-185.0,-166.62831425915843,0,0
-175.0,-166.62831425915843,0,0
-165.0,-166.62831425915843,0,0
-155.0,-166.62831425915843,0,0
-145.0,-166.62831425915843,0,0
-135.0,-166.62831425915843,0,0
-125.0,-166.62831425915843,0,0
-115.0,-166.62831425915843,0,0
-105.0,-166.62831425915843,0,0
-95.0,-166.62831425915843,0,0
-85.0,-166.62831425915843,0,0
-75.0,-166.62831425915843,0,0
-65.0,-166.62831425915843,0,0
-55.0,-166.62831425915843,0,0
-45.0,-166.62831425915843,0,0
-35.0,-166.62831425915843,0,0
-25.0,-166.62831425915843,0,0
-15.0,-166.62831425915843,0,0
-5.0,-166.62831425915843,0,0
5.0,-166.62831425915843,0,0
15.0,-166.62831425915843,0,0
25.0,-166.62831425915843,0,0
35.0,-166.62831425915843,0,0
45.0,-166.62831425915843,0,0
55.0,-166.62831425915843,0,0
65.0,-166.62831425915843,0,0
75.0,-166.62831425915843,0,0
85.0,-166.62831425915843,0,0
95.0,-166.62831425915843,0,0
105.0,-166.62831425915843,0,0
115.0,-166.62831425915843,0,0
125.0,-166.62831425915843,0,0
135.0,-166.62831425915843,0,0
145.0,-166.62831425915843,0,0
155.0,-166.62831425915843,0,0
165.0,-166.62831425915843,0,0
175.0,-166.62831425915843,0,0
185.0,-166.62831425915843,0,0
195.0,-166.62831425915843,0,0
205.0,-166.62831425915843,0,0
215.0,-166.62831425915843,0,0
225.0,-166.62831425915843,0,0
235.0,-166.62831425915843,0,0
245.0,-166.62831425915843,0,0
255.0,-166.62831425915843,0,0
265.0,-166.62831425915843,0,0
275.0,-166.62831425915843,0,0
285.0,-166.62831425915843,0,0
295.0,-166.62831425915843,0,0
305.0,-166.62831425915843,0,0
315.0,-166.62831425915843,0,0
325.0,-166.62831425915843,0,0
335.0,-166.62831425915843,0,0
345.0,-166.62831425915843,0,0
355.0,-166.62831425915843,0,0
365.0,-166.62831425915843,0,0
375.0,-166.62831425915843,0,0
385.0,-166.62831425915843,0,0
395.0,-166.62831425915843,0,0
405.0,-166.62831425915843,0,0
415.0,-166.62831425915843,0,0
425.0,-166.62831425915843,0,0
435.0,-166.62831425915843,0,0
445.0,-166.62831425915843,0,0
455.0,-166.62831425915843,0,0
465.0,-166.62831425915843,0,0
475.0,-166.62831425915843,0,0
485.0,-166.62831425915843,0,0
495.0,-166.62831425915843,0,0
505.0,-166.62831425915843,0,0
515.0,-166.62831425915843,0,0
525.0,-166.62831425915843,0,0
535.0,-166.62831425915843,0,0
-540.0,-157.96806022131403,0,0
-530.0,-157.96806022131403,0,0
-520.0,-157.96806022131403,0,0
-510.0,-157.96806022131403,0,0
-500.0,-157.96806022131403,0,0
-490.0,-157.96806022131403,0,0
-480.0,-157.96806022131403,0,0
-470.0,-157.96806022131403,0,0
-460.0,-157.96806022131403,0,0
-450.0,-157.96806022131403,0,0
-440.0,-157.96806022131403,0,0
-430.0,-157.96806022131403,0,0
-420.0,-157.96806022131403,0,0
-410.0,-157.96806022131403,0,0
-400.0,-157.96806022131403,0,0
-390.0,-157.96806022131403,0,0
-380.0,-157.96806022131403,0,0
-370.0,-157.96806022131403,0,0
-360.0,-157.96806022131403,0,0
-350.0,-157.96806022131403,0,0
-340.0,-157.96806022131403,0,0
-330.0,-157.96806022131403,0,0
-320.0,-157.96806022131403,0,0
-310.0,-157.96806022131403,0,0
-300.0,-157.96806022131403,0,0
-290.0,-157.96806022131403,0,0
-280.0,-157.96806022131403,0,0
-270.0,-157.96806022131403,0,0
-260.0,-157.96806022131403,0,0
-250.0,-157.96806022131403,0,0
-240.0,-157.96806022131403,0,0
-230.0,-157.96806022131403,0,0
-220.0,-157.96806022131403,0,0
-210.0,-157.96806022131403,0,0
-200.0,-157.96806022131403,0,0
-190.0,-157.96806022131403,0,0
-180.0,-157.96806022131403,0,0
-170.0,-157.96806022131403,0,0
-160.0,-157.96806022131403,0,0
-150.0,-157.96806022131403,0,0
-140.0,-157.96806022131403,0,0
-130.0,-157.96806022131403,0,0
-120.0,-157.96806022131403,0,0
-110.0,-157.96806022131403,0,0
-100.0,-157.96806022131403,0,0
-90.0,-157.96806022131403,0,0
-80.0,-157.96806022131403,0,0
-70.0,-157.96806022131403,0,0
-60.0,-157.96806022131403,0,0
-50.0,-157.96806022131403,0,0
-40.0,-157.96806022131403,0,0
-30.0,-157.96806022131403,0,0
-20.0,-157.96806022131403,0,0
-10.0,-157.96806022131403,0,0
0.0,-157.96806022131403,0,0
10.0,-157.96806022131403,0,0
20.0,-157.96806022131403,0,0
30.0,-157.96806022131403,0,0
40.0,-157.96806022131403,0,0
50.0,-157.96806022131403,0,0
60.0,-157.96806022131403,0,0
70.0,-157.96806022131403,0,0
80.0,-157.96806022131403,0,0
90.0,-157.96806022131403,0,0
100.0,-157.96806022131403,0,0
110.0,-157.96806022131403,0,0
120.0,-157.96806022131403,0,0
130.0,-157.96806022131403,0,0
140.0,-157.96806022131403,0,0
150.0,-157.96806022131403,0,0
160.0,-157.96806022131403,0,0
170.0,-157.96806022131403,0,0
180.0,-157.96806022131403,0,0
190.0,-157.96806022131403,0,0
200.0,-157.96806022131403,0,0
210.0,-157.96806022131403,0,0
220.0,-157.96806022131403,0,0
230.0,-157.96806022131403,0,0
240.0,-157.96806022131403,0,0
250.0,-157.96806022131403,0,0
260.0,-157.96806022131403,0,0
270.0,-157.96806022131403,0,0
280.0,-157.96806022131403,0,0
290.0,-157.96806022131403,0,0
300.0,-157.96806022131403,0,0
310.0,-157.96806022131403,0,0
320.0,-157.96806022131403,0,0
330.0,-157.96806022131403,0,0
340.0,-157.96806022131403,0,0
350.0,-157.96806022131403,0,0
360.0,-157.96806022131403,0,0
370.0,-157.96806022131403,0,0
380.0,-157.96806022131403,0,0
390.0,-157.96806022131403,0,0
400.0,-157.96806022131403,0,0
410.0,-157.96806022131403,0,0
420.0,-157.96806022131403,0,0
430.0,-157.96806022131403,0,0
440.0,-157.96806022131403,0,0
450.0,-157.96806022131403,0,0
460.0,-157.96806022131403,0,0
470.0,-157.96806022131403,0,0
480.0,-157.96806022131403,0,0
490.0,-157.96806022131403,0,0
500.0,-157.96806022131403,0,0
510.0,-157.96806022131403,0,0
520.0,-157.96806022131403,0,0
530.0,-157.96806022131403,0,0
540.0,-157.96806022131403,0,0
-535.0,-149.30780618346964,0,0
-525.0,-149.30780618346964,0,0
-515.0,-149.30780618346964,0,0
-505.0,-149.30780618346964,0,0
-495.0,-149.30780618346964,0,0
-485.0,-149.30780618346964,0,0
-475.0,-149.30780618346964,0,0
-465.0,-149.30780618346964,0,0
-455.0,-149.30780618346964,0,0
-445.0,-149.30780618346964,0,0
-435.0,-149.30780618346964,0,0
-425.0,-149.30780618346964,0,0
-415.0,-149.30780618346964,0,0
-405.0,-149.30780618346964,0,0
-395.0,-149.30780618346964,0,0
-385.0,-149.30780618346964,0,0
-375.0,-149.30780618346964,0,0
-365.0,-149.30780618346964,0,0
-355.0,-149.30780618346964,0,0
-345.0,-149.30780618346964,0,0
-335.0,-149.30780618346964,0,0
-325.0,-149.30780618346964,0,0
-315.0,-149.30780618346964,0,0
-305.0,-149.30780618346964,0,0
-295.0,-149.30780618346964,0,0
-285.0,-149.30780618346964,0,0
-275.0,-149.30780618346964,0,0
-265.0,-149.30780618346964,0,0
-255.0,-149.30780618346964,0,0
-245.0,-149.30780618346964,0,0
-235.0,-149.30780618346964,0,0
-225.0,-149.30780618346964,0,0
-215.0,-149.30780618346964,0,0
-205.0,-149.30780618346964,0,0
-195.0,-149.30780618346964,0,0
-185.0,-149.30780618346964,0,0
-175.0,-149.30780618346964,0,0
-165.0,-149.30780618346964,0,0
-155.0,-149.30780618346964,0,0
-145.0,-149.30780618346964,0,0
-135.0,-149.30780618346964,0,0
-125.0,-149.30780618346964,0,0
-115.0,-149.30780618346964,0,0
-105.0,-149.30780618346964,0,0
-95.0,-149.30780618346964,0,0
-85.0,-149.30780618346964,0,0
-75.0,-149.30780618346964,0,0
-65.0,-149.30780618346964,0,0
-55.0,-149.30780618346964,0,0
-45.0,-149.30780618346964,0,0
-35.0,-149.30780618346964,0,0
-25.0,-149.30780618346964,0,0
-15.0,-149.30780618346964,0,0
-5.0,-149.30780618346964,0,0
5.0,-149.30780618346964,0,0
15.0,-149.30780618346964,0,0
25.0,-149.30780618346964,0,0
35.0,-149.30780618346964,0,0
45.0,-149.30780618346964,0,0
55.0,-149.30780618346964,0,0
65.0,-149.30780618346964,0,0
75.0,-149.30780618346964,0,0
85.0,-149.30780618346964,0,0
95.0,-149.30780618346964,0,0
105.0,-149.30780618346964,0,0
115.0,-149.30780618346964,0,0
125.0,-149.30780618346964,0,0
135.0,-149.30780618346964,0,0
145.0,-149.30780618346964,0,0
155.0,-149.30780618346964,0,0
165.0,-149.30780618346964,0,0
175.0,-149.30780618346964,0,0
185.0,-149.30780618346964,0,0
195.0,-149.30780618346964,0,0
205.0,-149.30780618346964,0,0
215.0,-149.30780618346964,0,0
225.0,-149.30780618346964,0,0
235.0,-149.30780618346964,0,0
245.0,-149.30780618346964,0,0
255.0,-149.30780618346964,0,0
265.0,-149.30780618346964,0,0
275.0,-149.30780618346964,0,0
285.0,-149.30780618346964,0,0
295.0,-149.30780618346964,0,0
305.0,-149.30780618346964,0,0
315.0,-149.30780618346964,0,0
325.0,-149.30780618346964,0,0
335.0,-149.30780618346964,0,0
345.0,-149.30780618346964,0,0
355.0,-149.30780618346964,0,0
365.0,-149.30780618346964,0,0
375.0,-149.30780618346964,0,0
385.0,-149.30780618346964,0,0
395.0,-149.30780618346964,0,0
405.0,-149.30780618346964,0,0
415.0,-149.30780618346964,0,0
425.0,-149.30780618346964,0,0
435.0,-149.30780618346964,0,0
445.0,-149.30780618346964,0,0
455.0,-149.30780618346964,0,0
465.0,-149.30780618346964,0,0
475.0,-149.30780618346964,0,0
485.0,-149.30780618346964,0,0
495.0,-149.30780618346964,0,0
505.0,-149.30780618346964,0,0
515.0,-149.30780618346964,0,0
525.0,-149.30780618346964,0,0
535.0,-149.30780618346964,0,0
-540.0,-140.64755214562524,0,0
-530.0,-140.64755214562524,0,0
-520.0,-140.64755214562524,0,0
-510.0,-140.64755214562524,0,0
-500.0,-140.64755214562524,0,0
-490.0,-140.64755214562524,0,0
-480.0,-140.64755214562524,0,0
-470.0,-140.64755214562524,0,0
-460.0,-140.64755214562524,0,0
-450.0,-140.64755214562524,0,0
-440.0,-140.64755214562524,0,0
-430.0,-140.64755214562524,0,0
-420.0,-140.64755214562524,0,0
-410.0,-140.64755214562524,0,0
-400.0,-140.64755214562524,0,0
-390.0,-140.64755214562524,0,0
-380.0,-140.64755214562524,0,0
-370.0,-140.64755214562524,0,0
-360.0,-140.64755214562524,0,0
-350.0,-140.64755214562524,0,0
-340.0,-140.64755214562524,0,0
-330.0,-140.64755214562524,0,0
-320.0,-140.64755214562524,0,0
-310.0,-140.64755214562524,0,0
-300.0,-140.64755214562524,0,0
-290.0,-140.64755214562524,0,0
-280.0,-140.64755214562524,0,0
-270.0,-140.64755214562524,0,0
-260.0,-140.64755214562524,0,0
-250.0,-140.64755214562524,0,0
-240.0,-140.64755214562524,0,0
-230.0,-140.64755214562524,0,0
-220.0,-140.64755214562524,0,0
-210.0,-140.64755214562524,0,0
-200.0,-140.64755214562524,0,0
-190.0,-140.64755214562524,0,0
-180.0,-140.64755214562524,0,0
-170.0,-140.64755214562524,0,0
-160.0,-140.64755214562524,0,0
-150.0,-140.64755214562524,0,0
-140.0,-140.64755214562524,0,0
-130.0,-140.64755214562524,0,0
-120.0,-140.64755214562524,0,0
-110.0,-140.64755214562524,0,0
-100.0,-140.64755214562524,0,0
-90.0,-140.64755214562524,0,0
-80.0,-140.64755214562524,0,0
-70.0,-140.64755214562524,0,0
-60.0,-140.64755214562524,0,0
-50.0,-140.64755214562524,0,0
-40.0,-140.64755214562524,0,0
-30.0,-140.64755214562524,0,0
-20.0,-140.64755214562524,0,0
-10.0,-140.64755214562524,0,0
0.0,-140.64755214562524,0,0
10.0,-140.64755214562524,0,0
20.0,-140.64755214562524,0,0
30.0,-140.64755214562524,0,0
40.0,-140.64755214562524,0,0
50.0,-140.64755214562524,0,0
60.0,-140.64755214562524,0,0
70.0,-140.64755214562524,0,0
80.0,-140.64755214562524,0,0
90.0,-140.64755214562524,0,0
100.0,-140.64755214562524,0,0
110.0,-140.64755214562524,0,0
120.0,-140.64755214562524,0,0
130.0,-140.64755214562524,0,0
140.0,-140.64755214562524,0,0
150.0,-140.64755214562524,0,0
160.0,-140.64755214562524,0,0
170.0,-140.64755214562524,0,0
180.0,-140.64755214562524,0,0
190.0,-140.64755214562524,0,0
200.0,-140.64755214562524,0,0
210.0,-140.64755214562524,0,0
220.0,-140.64755214562524,0,0
230.0,-140.64755214562524,0,0
240.0,-140.64755214562524,0,0
250.0,-140.64755214562524,0,0
260.0,-140.64755214562524,0,0
270.0,-140.64755214562524,0,0
280.0,-140.64755214562524,0,0
290.0,-140.64755214562524,0,0
300.0,-140.64755214562524,0,0
310.0,-140.64755214562524,0,0
320.0,-140.64755214562524,0,0
330.0,-140.64755214562524,0,0
340.0,-140.64755214562524,0,0
350.0,-140.64755214562524,0,0
360.0,-140.64755214562524,0,0
370.0,-140.64755214562524,0,0
380.0,-140.64755214562524,0,0
390.0,-140.64755214562524,0,0
400.0,-140.64755214562524,0,0
410.0,-140.64755214562524,0,0
420.0,-140.64755214562524,0,0
430.0,-140.64755214562524,0,0
440.0,-140.64755214562524,0,0
450.0,-140.64755214562524,0,0
460.0,-140.64755214562524,0,0
470.0,-140.64755214562524,0,0
480.0,-140.64755214562524,0,0
490.0,-140.64755214562524,0,0
500.0,-140.64755214562524,0,0
510.0,-140.64755214562524,0,0
520.0,-140.64755214562524,0,0
530.0,-140.64755214562524,0,0
540.0,-140.64755214562524,0,0
-545.0,-131.98729810778084,0,0
-535.0,-131.98729810778084,0,0
-525.0,-131.98729810778084,0,0
-515.0,-131.98729810778084,0,0
-505.0,-131.98729810778084,0,0
-495.0,-131.98729810778084,0,0
-485.0,-131.98729810778084,0,0
-475.0,-131.98729810778084,0,0
-465.0,-131.98729810778084,0,0
-455.0,-131.98729810778084,0,0
-445.0,-131.98729810778084,0,0
-435.0,-131.98729810778084,0,0
-425.0,-131.98729810778084,0,0
-415.0,-131.98729810778084,0,0
-405.0,-131.98729810778084,0,0
-395.0,-131.98729810778084,0,0
-385.0,-131.98729810778084,0,0
-375.0,-131.98729810778084,0,0
-365.0,-131.98729810778084,0,0
-355.0,-131.98729810778084,0,0
-345.0,-131.98729810778084,0,0
-335.0,-131.98729810778084,0,0
-325.0,-131.98729810778084,0,0
-315.0,-131.98729810778084,0,0
-305.0,-131.98729810778084,0,0
-295.0,-131.98729810778084,0,0
-285.0,-131.98729810778084,0,0
-275.0,-131.98729810778084,0,0
-265.0,-131.98729810778084,0,0
-255.0,-131.98729810778084,0,0
-245.0,-131.98729810778084,0,0
-235.0,-131.98729810778084,0,0
-225.0,-131.98729810778084,0,0
-215.0,-131.98729810778084,0,0
-205.0,-131.98729810778084,0,0
-195.0,-131.98729810778084,0,0
-185.0,-131.98729810778084,0,0
-175.0,-131.98729810778084,0,0
-165.0,-131.98729810778084,0,0
-155.0,-131.98729810778084,0,0
-145.0,-131.98729810778084,0,0
-135.0,-131.98729810778084,0,0
-125.0,-131.98729810778084,0,0
-115.0,-131.98729810778084,0,0
-105.0,-131.98729810778084,0,0
-95.0,-131.98729810778084,0,0
-85.0,-131.98729810778084,0,0
-75.0,-131.98729810778084,0,0
-65.0,-131.98729810778084,0,0
-55.0,-131.98729810778084,0,0
-45.0,-131.98729810778084,0,0
-35.0,-131.98729810778084,0,0
-25.0,-131.98729810778084,0,0
-15.0,-131.98729810778084,0,0
-5.0,-131.98729810778084,0,0
5.0,-131.98729810778084,0,0
15.0,-131.98729810778084,0,0
25.0,-131.98729810778084,0,0
35.0,-131.98729810778084,0,0
45.0,-131.98729810778084,0,0
55.0,-131.98729810778084,0,0
65.0,-131.98729810778084,0,0
75.0,-131.98729810778084,0,0
85.0,-131.98729810778084,0,0
95.0,-131.98729810778084,0,0
105.0,-131.98729810778084,0,0
115.0,-131.98729810778084,0,0
125.0,-131.98729810778084,0,0
135.0,-131.98729810778084,0,0
145.0,-131.98729810778084,0,0
155.0,-131.98729810778084,0,0
165.0,-131.98729810778084,0,0
175.0,-131.98729810778084,0,0
185.0,-131.98729810778084,0,0
195.0,-131.98729810778084,0,0
205.0,-131.98729810778084,0,0
215.0,-131.98729810778084,0,0
225.0,-131.98729810778084,0,0
235.0,-131.98729810778084,0,0
245.0,-131.98729810778084,0,0
255.0,-131.98729810778084,0,0
265.0,-131.98729810778084,0,0
275.0,-131.98729810778084,0,0
285.0,-131.98729810778084,0,0
295.0,-131.98729810778084,0,0
305.0,-131.98729810778084,0,0
315.0,-131.98729810778084,0,0
325.0,-131.98729810778084,0,0
335.0,-131.98729810778084,0,0
345.0,-131.98729810778084,0,0
355.0,-131.98729810778084,0,0
365.0,-131.98729810778084,0,0
375.0,-131.98729810778084,0,0
385.0,-131.98729810778084,0,0
395.0,-131.98729810778084,0,0
405.0,-131.98729810778084,0,0
415.0,-131.98729810778084,0,0
425.0,-131.98729810778084,0,0
435.0,-131.98729810778084,0,0
445.0,-131.98729810778084,0,0
455.0,-131.98729810778084,0,0
465.0,-131.98729810778084,0,0
475.0,-131.98729810778084,0,0
485.0,-131.98729810778084,0,0
495.0,-131.98729810778084,0,0
505.0,-131.98729810778084,0,0
515.0,-131.98729810778084,0,0
525.0,-131.98729810778084,0,0
535.0,-131.98729810778084,0,0
545.0,-131.98729810778084,0,0
-550.0,-123.32704406993646,0,0
-540.0,-123.32704406993646,0,0
-530.0,-123.32704406993646,0,0
-520.0,-123.32704406993646,0,0
-510.0,-123.32704406993646,0,0
-500.0,-123.32704406993646,0,0
-490.0,-123.32704406993646,0,0
-480.0,-123.32704406993646,0,0
-470.0,-123.32704406993646,0,0
-460.0,-123.32704406993646,0,0
-450.0,-123.32704406993646,0,0
-440.0,-123.32704406993646,0,0
-430.0,-123.32704406993646,0,0
-420.0,-123.32704406993646,0,0
-410.0,-123.32704406993646,0,0
-400.0,-123.32704406993646,0,0
-390.0,-123.32704406993646,0,0
-380.0,-123.32704406993646,0,0
-370.0,-123.32704406993646,0,0
-360.0,-123.32704406993646,0,0
-350.0,-123.32704406993646,0,0
-340.0,-123.32704406993646,0,0
-330.0,-123.32704406993646,0,0
-320.0,-123.32704406993646,0,0
-310.0,-123.32704406993646,0,0
-300.0,-123.32704406993646,0,0
-290.0,-123.32704406993646,0,0
-280.0,-123.32704406993646,0,0
-270.0,-123.32704406993646,0,0
-260.0,-123.32704406993646,0,0
-250.0,-123.32704406993646,0,0
-240.0,-123.32704406993646,0,0
-230.0,-123.32704406993646,0,0
-220.0,-123.32704406993646,0,0
-210.0,-123.32704406993646,0,0
-200.0,-123.32704406993646,0,0
-190.0,-123.32704406993646,0,0
-180.0,-123.32704406993646,0,0
-170.0,-123.32704406993646,0,0
-160.0,-123.32704406993646,0,0
-150.0,-123.32704406993646,0,0
-140.0,-123.32704406993646,0,0
-130.0,-123.32704406993646,0,0
-120.0,-123.32704406993646,0,0
-110.0,-123.32704406993646,0,0
-100.0,-123.32704406993646,0,0
-90.0,-123.32704406993646,0,0
-80.0,-123.32704406993646,0,0
-70.0,-123.32704406993646,0,0
-60.0,-123.32704406993646,0,0
-50.0,-123.32704406993646,0,0
-40.0,-123.32704406993646,0,0
-30.0,-123.32704406993646,0,0
-20.0,-123.32704406993646,0,0
-10.0,-123.32704406993646,0,0
0.0,-123.32704406993646,0,0
10.0,-123.32704406993646,0,0
20.0,-123.32704406993646,0,0
30.0,-123.32704406993646,0,0
40.0,-123.32704406993646,0,0
50.0,-123.32704406993646,0,0
60.0,-123.32704406993646,0,0
70.0,-123.32704406993646,0,0
80.0,-123.32704406993646,0,0
90.0,-123.32704406993646,0,0
100.0,-123.32704406993646,0,0
110.0,-123.32704406993646,0,0
120.0,-123.32704406993646,0,0
130.0,-123.32704406993646,0,0
140.0,-123.32704406993646,0,0
150.0,-123.32704406993646,0,0
160.0,-123.32704406993646,0,0
170.0,-123.32704406993646,0,0
180.0,-123.32704406993646,0,0
190.0,-123.32704406993646,0,0
200.0,-123.32704406993646,0,0
210.0,-123.32704406993646,0,0
220.0,-123.32704406993646,0,0
230.0,-123.32704406993646,0,0
240.0,-123.32704406993646,0,0
250.0,-123.32704406993646,0,0
260.0,-123.32704406993646,0,0
270.0,-123.32704406993646,0,0
280.0,-123.32704406993646,0,0
290.0,-123.32704406993646,0,0
300.0,-123.32704406993646,0,0
310.0,-123.32704406993646,0,0
320.0,-123.32704406993646,0,0
330.0,-123.32704406993646,0,0
340.0,-123.32704406993646,0,0
350.0,-123.32704406993646,0,0
360.0,-123.32704406993646,0,0
370.0,-123.32704406993646,0,0
380.0,-123.32704406993646,0,0
390.0,-123.32704406993646,0,0
400.0,-123.32704406993646,0,0
410.0,-123.32704406993646,0,0
420.0,-123.32704406993646,0,0
430.0,-123.32704406993646,0,0
440.0,-123.32704406993646,0,0
450.0,-123.32704406993646,0,0
460.0,-123.32704406993646,0,0
470.0,-123.32704406993646,0,0
480.0,-123.32704406993646,0,0
490.0,-123.32704406993646,0,0
500.0,-123.32704406993646,0,0
510.0,-123.32704406993646,0,0
520.0,-123.32704406993646,0,0
530.0,-123.32704406993646,0,0
540.0,-123.32704406993646,0,0
550.0,-123.32704406993646,0,0
-545.0,-114.66679003209208,0,0
-535.0,-114.66679003209208,0,0
-525.0,-114.66679003209208,0,0
-515.0,-114.66679003209208,0,0
-505.0,-114.66679003209208,0,0
-495.0,-114.66679003209208,0,0
-485.0,-114.66679003209208,0,0
-475.0,-114.66679003209208,0,0
-465.0,-114.66679003209208,0,0
-455.0,-114.66679003209208,0,0
-445.0,-114.66679003209208,0,0
-435.0,-114.66679003209208,0,0
-425.0,-114.66679003209208,0,0
-415.0,-114.66679003209208,0,0
-405.0,-114.66679003209208,0,0
-395.0,-114.66679003209208,0,0
-385.0,-114.66679003209208,0,0
-375.0,-114.66679003209208,0,0
-365.0,-114.66679003209208,0,0
-355.0,-114.66679003209208,0,0
-345.0,-114.66679003209208,0,0
-335.0,-114.66679003209208,0,0
-325.0,-114.66679003209208,0,0
-315.0,-114.66679003209208,0,0
-305.0,-114.66679003209208,0,0
-295.0,-114.66679003209208,0,0
-285.0,-114.66679003209208,0,0
-275.0,-114.66679003209208,0,0
-265.0,-114.66679003209208,0,0
-255.0,-114.66679003209208,0,0
-245.0,-114.66679003209208,0,0
-235.0,-114.66679003209208,0,0
-225.0,-114.66679003209208,0,0
-215.0,-114.66679003209208,0,0
-205.0,-114.66679003209208,0,0
-195.0,-114.66679003209208,0,0
-185.0,-114.66679003209208,0,0
-175.0,-114.66679003209208,0,0
-165.0,-114.66679003209208,0,0
-155.0,-114.66679003209208,0,0
-145.0,-114.66679003209208,0,0
-135.0,-114.66679003209208,0,0
-125.0,-114.66679003209208,0,0
-115.0,-114.66679003209208,0,0
-105.0,-114.66679003209208,0,0
-95.0,-114.66679003209208,0,0
-85.0,-114.66679003209208,0,0
-75.0,-114.66679003209208,0,0
-65.0,-114.66679003209208,0,0
-55.0,-114.66679003209208,0,0
-45.0,-114.66679003209208,0,0
-35.0,-114.66679003209208,0,0
-25.0,-114.66679003209208,0,0
-15.0,-114.66679003209208,0,0
-5.0,-114.66679003209208,0,0
5.0,-114.66679003209208,0,0
15.0,-114.66679003209208,0,0
25.0,-114.66679003209208,0,0
35.0,-114.66679003209208,0,0
45.0,-114.66679003209208,0,0
55.0,-114.66679003209208,0,0
65.0,-114.66679003209208,0,0
75.0,-114.66679003209208,0,0
85.0,-114.66679003209208,0,0
95.0,-114.66679003209208,0,0
105.0,-114.66679003209208,0,0
115.0,-114.66679003209208,0,0
125.0,-114.66679003209208,0,0
135.0,-114.66679003209208,0,0
145.0,-114.66679003209208,0,0
155.0,-114.66679003209208,0,0
165.0,-114.66679003209208,0,0
175.0,-114.66679003209208,0,0
185.0,-114.66679003209208,0,0
195.0,-114.66679003209208,0,0
205.0,-114.66679003209208,0,0
215.0,-114.66679003209208,0,0
225.0,-114.66679003209208,0,0
235.0,-114.66679003209208,0,0
245.0,-114.66679003209208,0,0
255.0,-114.66679003209208,0,0
265.0,-114.66679003209208,0,0
275.0,-114.66679003209208,0,0
285.0,-114.66679003209208,0,0
295.0,-114.66679003209208,0,0
305.0,-114.66679003209208,0,0
315.0,-114.66679003209208,0,0
325.0,-114.66679003209208,0,0
335.0,-114.66679003209208,0,0
345.0,-114.66679003209208,0,0
355.0,-114.66679003209208,0,0
365.0,-114.66679003209208,0,0
375.0,-114.66679003209208,0,0
385.0,-114.66679003209208,0,0
395.0,-114.66679003209208,0,0
405.0,-114.66679003209208,0,0
415.0,-114.66679003209208,0,0
425.0,-114.66679003209208,0,0
435.0,-114.66679003209208,0,0
445.0,-114.66679003209208,0,0
455.0,-114.66679003209208,0,0
465.0,-114.66679003209208,0,0
475.0,-114.66679003209208,0,0
485.0,-114.66679003209208,0,0
495.0,-114.66679003209208,0,0
505.0,-114.66679003209208,0,0
515.0,-114.66679003209208,0,0
525.0,-114.66679003209208,0,0
535.0,-114.66679003209208,0,0
545.0,-114.66679003209208,0,0
-550.0,-106.0065359942477,0,0
-540.0,-106.0065359942477,0,0
-530.0,-106.0065359942477,0,0
-520.0,-106.0065359942477,0,0
-510.0,-106.0065359942477,0,0
-500.0,-106.0065359942477,0,0
-490.0,-106.0065359942477,0,0
-480.0,-106.0065359942477,0,0
-470.0,-106.0065359942477,0,0
-460.0,-106.0065359942477,0,0
-450.0,-106.0065359942477,0,0
-440.0,-106.0065359942477,0,0
-430.0,-106.0065359942477,0,0
-420.0,-106.0065359942477,0,0
-410.0,-106.0065359942477,0,0
-400.0,-106.0065359942477,0,0
-390.0,-106.0065359942477,0,0
-380.0,-106.0065359942477,0,0
-370.0,-106.0065359942477,0,0
-360.0,-106.0065359942477,0,0
-350.0,-106.0065359942477,0,0
-340.0,-106.0065359942477,0,0
-330.0,-106.0065359942477,0,0
-320.0,-106.0065359942477,0,0
-310.0,-106.0065359942477,0,0
-300.0,-106.0065359942477,0,0
-290.0,-106.0065359942477,0,0
-280.0,-106.0065359942477,0,0
-270.0,-106.0065359942477,0,0
-260.0,-106.0065359942477,0,0
-250.0,-106.0065359942477,0,0
-240.0,-106.0065359942477,0,0
-230.0,-106.0065359942477,0,0
-220.0,-106.0065359942477,0,0
-210.0,-106.0065359942477,0,0
-200.0,-106.0065359942477,0,0
-190.0,-106.0065359942477,0,0
-180.0,-106.0065359942477,0,0
-170.0,-106.0065359942477,0,0
-160.0,-106.0065359942477,0,0
-150.0,-106.0065359942477,0,0
-140.0,-106.0065359942477,0,0
-130.0,-106.0065359942477,0,0
-120.0,-106.0065359942477,0,0
-110.0,-106.0065359942477,0,0
-100.0,-106.0065359942477,0,0
-90.0,-106.0065359942477,0,0
-80.0,-106.0065359942477,0,0
-70.0,-106.0065359942477,0,0
-60.0,-106.0065359942477,0,0
-50.0,-106.0065359942477,0,0
-40.0,-106.0065359942477,0,0
-30.0,-106.0065359942477,0,0
-20.0,-106.0065359942477,0,0
-10.0,-106.0065359942477,0,0
0.0,-106.0065359942477,0,0
10.0,-106.0065359942477,0,0
20.0,-106.0065359942477,0,0
30.0,-106.0065359942477,0,0
40.0,-106.0065359942477,0,0
50.0,-106.0065359942477,0,0
60.0,-106.0065359942477,0,0
70.0,-106.0065359942477,0,0
80.0,-106.0065359942477,0,0
90.0,-106.0065359942477,0,0
100.0,-106.0065359942477,0,0
110.0,-106.0065359942477,0,0
120.0,-106.0065359942477,0,0
130.0,-106.0065359942477,0,0
140.0,-106.0065359942477,0,0
150.0,-106.0065359942477,0,0
160.0,-106.0065359942477,0,0
170.0,-106.0065359942477,0,0
180.0,-106.0065359942477,0,0
190.0,-106.0065359942477,0,0
200.0,-106.0065359942477,0,0
210.0,-106.0065359942477,0,0
220.0,-106.0065359942477,0,0
230.0,-106.0065359942477,0,0
240.0,-106.0065359942477,0,0
250.0,-106.0065359942477,0,0
260.0,-106.0065359942477,0,0
270.0,-106.0065359942477,0,0
280.0,-106.0065359942477,0,0
290.0,-106.0065359942477,0,0
300.0,-106.0065359942477,0,0
310.0,-106.0065359942477,0,0
320.0,-106.0065359942477,0,0
330.0,-106.0065359942477,0,0
340.0,-106.0065359942477,0,0
350.0,-106.0065359942477,0,0
360.0,-106.0065359942477,0,0
370.0,-106.0065359942477,0,0
380.0,-106.0065359942477,0,0
390.0,-106.0065359942477,0,0
400.0,-106.0065359942477,0,0
410.0,-106.0065359942477,0,0
420.0,-106.0065359942477,0,0
430.0,-106.0065359942477,0,0
440.0,-106.0065359942477,0,0
450.0,-106.0065359942477,0,0
460.0,-106.0065359942477,0,0
470.0,-106.0065359942477,0,0
480.0,-106.0065359942477,0,0
490.0,-106.0065359942477,0,0
500.0,-106.0065359942477,0,0
510.0,-106.0065359942477,0,0
520.0,-106.0065359942477,0,0
530.0,-106.0065359942477,0,0
540.0,-106.0065359942477,0,0
550.0,-106.0065359942477,0,0
-555.0,-97.34628195640332,0,0
-545.0,-97.34628195640332,0,0
-535.0,-97.34628195640332,0,0
-525.0,-97.34628195640332,0,0
-515.0,-97.34628195640332,0,0
-505.0,-97.34628195640332,0,0
-495.0,-97.34628195640332,0,0
-485.0,-97.34628195640332,0,0
-475.0,-97.34628195640332,0,0
-465.0,-97.34628195640332,0,0
-455.0,-97.34628195640332,0,0
-445.0,-97.34628195640332,0,0
-435.0,-97.34628195640332,0,0
-425.0,-97.34628195640332,0,0
-415.0,-97.34628195640332,0,0
-405.0,-97.34628195640332,0,0
-395.0,-97.34628195640332,0,0
-385.0,-97.34628195640332,0,0
-375.0,-97.34628195640332,0,0
-365.0,-97.34628195640332,0,0
-355.0,-97.34628195640332,0,0
-345.0,-97.34628195640332,0,0
-335.0,-97.34628195640332,0,0
-325.0,-97.34628195640332,0,0
-315.0,-97.34628195640332,0,0
-305.0,-97.34628195640332,0,0
-295.0,-97.34628195640332,0,0
-285.0,-97.34628195640332,0,0
-275.0,-97.34628195640332,0,0
-265.0,-97.34628195640332,0,0
-255.0,-97.34628195640332,0,0
-245.0,-97.34628195640332,0,0
-235.0,-97.34628195640332,0,0
-225.0,-97.34628195640332,0,0
-215.0,-97.34628195640332,0,0
-205.0,-97.34628195640332,0,0
-195.0,-97.34628195640332,0,0
-185.0,-97.34628195640332,0,0
-175.0,-97.34628195640332,0,0
-165.0,-97.34628195640332,0,0
-155.0,-97.34628195640332,0,0
-145.0,-97.34628195640332,0,0
-135.0,-97.34628195640332,0,0
-125.0,-97.34628195640332,0,0
-115.0,-97.34628195640332,0,0
-105.0,-97.34628195640332,0,0
-95.0,-97.34628195640332,0,0
-85.0,-97.34628195640332,0,0
-75.0,-97.34628195640332,0,0
-65.0,-97.34628195640332,0,0
-55.0,-97.34628195640332,0,0
-45.0,-97.34628195640332,0,0
-35.0,-97.34628195640332,0,0
-25.0,-97.34628195640332,0,0
-15.0,-97.34628195640332,0,0
-5.0,-97.34628195640332,0,0
5.0,-97.34628195640332,0,0
15.0,-97.34628195640332,0,0
25.0,-97.34628195640332,0,0
35.0,-97.34628195640332,0,0
45.0,-97.34628195640332,0,0
55.0,-97.34628195640332,0,0
65.0,-97.34628195640332,0,0
75.0,-97.34628195640332,0,0
85.0,-97.34628195640332,0,0
95.0,-97.34628195640332,0,0
105.0,-97.34628195640332,0,0
115.0,-97.34628195640332,0,0
125.0,-97.34628195640332,0,0
135.0,-97.34628195640332,0,0
145.0,-97.34628195640332,0,0
155.0,-97.34628195640332,0,0
165.0,-97.34628195640332,0,0
175.0,-97.34628195640332,0,0
185.0,-97.34628195640332,0,0
195.0,-97.34628195640332,0,0
205.0,-97.34628195640332,0,0
215.0,-97.34628195640332,0,0
225.0,-97.34628195640332,0,0
235.0,-97.34628195640332,0,0
245.0,-97.34628195640332,0,0
255.0,-97.34628195640332,0,0
265.0,-97.34628195640332,0,0
275.0,-97.34628195640332,0,0
285.0,-97.34628195640332,0,0
295.0,-97.34628195640332,0,0
305.0,-97.34628195640332,0,0
315.0,-97.34628195640332,0,0
325.0,-97.34628195640332,0,0
335.0,-97.34628195640332,0,0
345.0,-97.34628195640332,0,0
355.0,-97.34628195640332,0,0
365.0,-97.34628195640332,0,0
375.0,-97.34628195640332,0,0
385.0,-97.34628195640332,0,0
395.0,-97.34628195640332,0,0
405.0,-97.34628195640332,0,0
415.0,-97.34628195640332,0,0
425.0,-97.34628195640332,0,0
435.0,-97.34628195640332,0,0
445.0,-97.34628195640332,0,0
455.0,-97.34628195640332,0,0
465.0,-97.34628195640332,0,0
475.0,-97.34628195640332,0,0
485.0,-97.34628195640332,0,0
495.0,-97.34628195640332,0,0
505.0,-97.34628195640332,0,0
515.0,-97.34628195640332,0,0
525.0,-97.34628195640332,0,0
535.0,-97.34628195640332,0,0
545.0,-97.34628195640332,0,0
555.0,-97.34628195640332,0,0
-550.0,-88.68602791855893,0,0
-540.0,-88.68602791855893,0,0
-530.0,-88.68602791855893,0,0
-520.0,-88.68602791855893,0,0
-510.0,-88.68602791855893,0,0
-500.0,-88.68602791855893,0,0
-490.0,-88.68602791855893,0,0
-480.0,-88.68602791855893,0,0
-470.0,-88.68602791855893,0,0
-460.0,-88.68602791855893,0,0
-450.0,-88.68602791855893,0,0
-440.0,-88.68602791855893,0,0
-430.0,-88.68602791855893,0,0
-420.0,-88.68602791855893,0,0
-410.0,-88.68602791855893,0,0
-400.0,-88.68602791855893,0,0
-390.0,-88.68602791855893,0,0
-380.0,-88.68602791855893,0,0
-370.0,-88.68602791855893,0,0
-360.0,-88.68602791855893,0,0
-350.0,-88.68602791855893,0,0
-340.0,-88.68602791855893,0,0
-330.0,-88.68602791855893,0,0
-320.0,-88.68602791855893,0,0
-310.0,-88.68602791855893,0,0
-300.0,-88.68602791855893,0,0
-290.0,-88.68602791855893,0,0
-280.0,-88.68602791855893,0,0
-270.0,-88.68602791855893,0,0
-260.0,-88.68602791855893,0,0
-250.0,-88.68602791855893,0,0
-240.0,-88.68602791855893,0,0
-230.0,-88.68602791855893,0,0
-220.0,-88.68602791855893,0,0
-210.0,-88.68602791855893,0,0
-200.0,-88.68602791855893,0,0
-190.0,-88.68602791855893,0,0
-180.0,-88.68602791855893,0,0
-170.0,-88.68602791855893,0,0
-160.0,-88.68602791855893,0,0
-150.0,-88.68602791855893,0,0
-140.0,-88.68602791855893,0,0
-130.0,-88.68602791855893,0,0
-120.0,-88.68602791855893,0,0
-110.0,-88.68602791855893,0,0
-100.0,-88.68602791855893,0,0
-90.0,-88.68602791855893,0,0
-80.0,-88.68602791855893,0,0
-70.0,-88.68602791855893,0,0
-60.0,-88.68602791855893,0,0
-50.0,-88.68602791855893,0,0
-40.0,-88.68602791855893,0,0
-30.0,-88.68602791855893,0,0
-20.0,-88.68602791855893,0,0
-10.0,-88.68602791855893,0,0
0.0,-88.68602791855893,0,0
10.0,-88.68602791855893,0,0
20.0,-88.68602791855893,0,0
30.0,-88.68602791855893,0,0
40.0,-88.68602791855893,0,0
50.0,-88.68602791855893,0,0
60.0,-88.68602791855893,0,0
70.0,-88.68602791855893,0,0
80.0,-88.68602791855893,0,0
90.0,-88.68602791855893,0,0
100.0,-88.68602791855893,0,0
110.0,-88.68602791855893,0,0
120.0,-88.68602791855893,0,0
130.0,-88.68602791855893,0,0
140.0,-88.68602791855893,0,0
150.0,-88.68602791855893,0,0
160.0,-88.68602791855893,0,0
170.0,-88.68602791855893,0,0
180.0,-88.68602791855893,0,0
190.0,-88.68602791855893,0,0
200.0,-88.68602791855893,0,0
210.0,-88.68602791855893,0,0
220.0,-88.68602791855893,0,0
230.0,-88.68602791855893,0,0
240.0,-88.68602791855893,0,0
250.0,-88.68602791855893,0,0
260.0,-88.68602791855893,0,0
270.0,-88.68602791855893,0,0
280.0,-88.68602791855893,0,0
290.0,-88.68602791855893,0,0
300.0,-88.68602791855893,0,0
310.0,-88.68602791855893,0,0
320.0,-88.68602791855893,0,0
330.0,-88.68602791855893,0,0
340.0,-88.68602791855893,0,0
350.0,-88.68602791855893,0,0
360.0,-88.68602791855893,0,0
370.0,-88.68602791855893,0,0
380.0,-88.68602791855893,0,0
390.0,-88.68602791855893,0,0
400.0,-88.68602791855893,0,0
410.0,-88.68602791855893,0,0
420.0,-88.68602791855893,0,0
430.0,-88.68602791855893,0,0
440.0,-88.68602791855893,0,0
450.0,-88.68602791855893,0,0
460.0,-88.68602791855893,0,0
470.0,-88.68602791855893,0,0
480.0,-88.68602791855893,0,0
490.0,-88.68602791855893,0,0
500.0,-88.68602791855893,0,0
510.0,-88.68602791855893,0,0
520.0,-88.68602791855893,0,0
530.0,-88.68602791855893,0,0
540.0,-88.68602791855893,0,0
550.0,-88.68602791855893,0,0
-555.0,-80.02577388071455,0,0
-545.0,-80.02577388071455,0,0
-535.0,-80.02577388071455,0,0
-525.0,-80.02577388071455,0,0
-515.0,-80.02577388071455,0,0
-505.0,-80.02577388071455,0,0
-495.0,-80.02577388071455,0,0
-485.0,-80.02577388071455,0,0
-475.0,-80.02577388071455,0,0
-465.0,-80.02577388071455,0,0
-455.0,-80.02577388071455,0,0
-445.0,-80.02577388071455,0,0
-435.0,-80.02577388071455,0,0
-425.0,-80.02577388071455,0,0
-415.0,-80.02577388071455,0,0
-405.0,-80.02577388071455,0,0
-395.0,-80.02577388071455,0,0
-385.0,-80.02577388071455,0,0
-375.0,-80.02577388071455,0,0
-365.0,-80.02577388071455,0,0
-355.0,-80.02577388071455,0,0
-345.0,-80.02577388071455,0,0
-335.0,-80.02577388071455,0,0
-325.0,-80.02577388071455,0,0
-315.0,-80.02577388071455,0,0
-305.0,-80.02577388071455,0,0
-295.0,-80.02577388071455,0,0
-285.0,-80.02577388071455,0,0
-275.0,-80.02577388071455,0,0
-265.0,-80.02577388071455,0,0
-255.0,-80.02577388071455,0,0
-245.0,-80.02577388071455,0,0
-235.0,-80.02577388071455,0,0
-225.0,-80.02577388071455,0,0
-215.0,-80.02577388071455,0,0
-205.0,-80.02577388071455,0,0
-195.0,-80.02577388071455,0,0
-185.0,-80.02577388071455,0,0
-175.0,-80.02577388071455,0,0
-165.0,-80.02577388071455,0,0
-155.0,-80.02577388071455,0,0
-145.0,-80.02577388071455,0,0
-135.0,-80.02577388071455,0,0
-125.0,-80.02577388071455,0,0
-115.0,-80.02577388071455,0,0
-105.0,-80.02577388071455,0,0
-95.0,-80.02577388071455,0,0
-85.0,-80.02577388071455,0,0
-75.0,-80.02577388071455,0,0
-65.0,-80.02577388071455,0,0
-55.0,-80.02577388071455,0,0
-45.0,-80.02577388071455,0,0
-35.0,-80.02577388071455,0,0
-25.0,-80.02577388071455,0,0
-15.0,-80.02577388071455,0,0
-5.0,-80.02577388071455,0,0
5.0,-80.02577388071455,0,0
15.0,-80.02577388071455,0,0
25.0,-80.02577388071455,0,0
35.0,-80.02577388071455,0,0
45.0,-80.02577388071455,0,0
55.0,-80.02577388071455,0,0
65.0,-80.02577388071455,0,0
75.0,-80.02577388071455,0,0
85.0,-80.02577388071455,0,0
95.0,-80.02577388071455,0,0
105.0,-80.02577388071455,0,0
115.0,-80.02577388071455,0,0
125.0,-80.02577388071455,0,0
135.0,-80.02577388071455,0,0
145.0,-80.02577388071455,0,0
155.0,-80.02577388071455,0,0
165.0,-80.02577388071455,0,0
175.0,-80.02577388071455,0,0
185.0,-80.02577388071455,0,0
195.0,-80.02577388071455,0,0
205.0,-80.02577388071455,0,0
215.0,-80.02577388071455,0,0
225.0,-80.02577388071455,0,0
235.0,-80.02577388071455,0,0
245.0,-80.02577388071455,0,0
255.0,-80.02577388071455,0,0
265.0,-80.02577388071455,0,0
275.0,-80.02577388071455,0,0
285.0,-80.02577388071455,0,0
295.0,-80.02577388071455,0,0
305.0,-80.02577388071455,0,0
315.0,-80.02577388071455,0,0
325.0,-80.02577388071455,0,0
335.0,-80.02577388071455,0,0
345.0,-80.02577388071455,0,0
355.0,-80.02577388071455,0,0
365.0,-80.02577388071455,0,0
375.0,-80.02577388071455,0,0
385.0,-80.02577388071455,0,0
395.0,-80.02577388071455,0,0
405.0,-80.02577388071455,0,0
415.0,-80.02577388071455,0,0
425.0,-80.02577388071455,0,0
435.0,-80.02577388071455,0,0
445.0,-80.02577388071455,0,0
455.0,-80.02577388071455,0,0
465.0,-80.02577388071455,0,0
475.0,-80.02577388071455,0,0
485.0,-80.02577388071455,0,0
495.0,-80.02577388071455,0,0
505.0,-80.02577388071455,0,0
515.0,-80.02577388071455,0,0
525.0,-80.02577388071455,0,0
535.0,-80.02577388071455,0,0
545.0,-80.02577388071455,0,0
555.0,-80.02577388071455,0,0
-560.0,-71.36551984287017,0,0
-550.0,-71.36551984287017,0,0
-540.0,-71.36551984287017,0,0
-530.0,-71.36551984287017,0,0
-520.0,-71.36551984287017,0,0
-510.0,-71.36551984287017,0,0
-500.0,-71.36551984287017,0,0
-490.0,-71.36551984287017,0,0
-480.0,-71.36551984287017,0,0
-470.0,-71.36551984287017,0,0
-460.0,-71.36551984287017,0,0
-450.0,-71.36551984287017,0,0
-440.0,-71.36551984287017,0,0
-430.0,-71.36551984287017,0,0
-420.0,-71.36551984287017,0,0
-410.0,-71.36551984287017,0,0
-400.0,-71.36551984287017,0,0
-390.0,-71.36551984287017,0,0
-380.0,-71.36551984287017,0,0
-370.0,-71.36551984287017,0,0
-360.0,-71.36551984287017,0,0
-350.0,-71.36551984287017,0,0
-340.0,-71.36551984287017,0,0
-330.0,-71.36551984287017,0,0
-320.0,-71.36551984287017,0,0
-310.0,-71.36551984287017,0,0
-300.0,-71.36551984287017,0,0
-290.0,-71.36551984287017,0,0
-280.0,-71.36551984287017,0,0
-270.0,-71.36551984287017,0,0
-260.0,-71.36551984287017,0,0
-250.0,-71.36551984287017,0,0
-240.0,-71.36551984287017,0,0
-230.0,-71.36551984287017,0,0
-220.0,-71.36551984287017,0,0
-210.0,-71.36551984287017,0,0
-200.0,-71.36551984287017,0,0
-190.0,-71.36551984287017,0,0
-180.0,-71.36551984287017,0,0
-170.0,-71.36551984287017,0,0
-160.0,-71.36551984287017,0,0
-150.0,-71.36551984287017,0,0
-140.0,-71.36551984287017,0,0
-130.0,-71.36551984287017,0,0
-120.0,-71.36551984287017,0,0
-110.0,-71.36551984287017,0,0
-100.0,-71.36551984287017,0,0
-90.0,-71.36551984287017,0,0
-80.0,-71.36551984287017,0,0
-70.0,-71.36551984287017,0,0
-60.0,-71.36551984287017,0,0
-50.0,-71.36551984287017,0,0
-40.0,-71.36551984287017,0,0
-30.0,-71.36551984287017,0,0
-20.0,-71.36551984287017,0,0
-10.0,-71.36551984287017,0,0
0.0,-71.36551984287017,0,0
10.0,-71.36551984287017,0,0
20.0,-71.36551984287017,0,0
30.0,-71.36551984287017,0,0
40.0,-71.36551984287017,0,0
50.0,-71.36551984287017,0,0
60.0,-71.36551984287017,0,0
70.0,-71.36551984287017,0,0
80.0,-71.36551984287017,0,0
90.0,-71.36551984287017,0,0
100.0,-71.36551984287017,0,0
110.0,-71.36551984287017,0,0
120.0,-71.36551984287017,0,0
130.0,-71.36551984287017,0,0
140.0,-71.36551984287017,0,0
150.0,-71.36551984287017,0,0
160.0,-71.36551984287017,0,0
170.0,-71.36551984287017,0,0
180.0,-71.36551984287017,0,0
190.0,-71.36551984287017,0,0
200.0,-71.36551984287017,0,0
210.0,-71.36551984287017,0,0
220.0,-71.36551984287017,0,0
230.0,-71.36551984287017,0,0
240.0,-71.36551984287017,0,0
250.0,-71.36551984287017,0,0
260.0,-71.36551984287017,0,0
270.0,-71.36551984287017,0,0
280.0,-71.36551984287017,0,0
290.0,-71.36551984287017,0,0
300.0,-71.36551984287017,0,0
310.0,-71.36551984287017,0,0
320.0,-71.36551984287017,0,0
330.0,-71.36551984287017,0,0
340.0,-71.36551984287017,0,0
350.0,-71.36551984287017,0,0
360.0,-71.36551984287017,0,0
370.0,-71.36551984287017,0,0
380.0,-71.36551984287017,0,0
390.0,-71.36551984287017,0,0
400.0,-71.36551984287017,0,0
410.0,-71.36551984287017,0,0
420.0,-71.36551984287017,0,0
430.0,-71.36551984287017,0,0
440.0,-71.36551984287017,0,0
450.0,-71.36551984287017,0,0
460.0,-71.36551984287017,0,0
470.0,-71.36551984287017,0,0
480.0,-71.36551984287017,0,0
490.0,-71.36551984287017,0,0
500.0,-71.36551984287017,0,0
510.0,-71.36551984287017,0,0
520.0,-71.36551984287017,0,0
530.0,-71.36551984287017,0,0
540.0,-71.36551984287017,0,0
550.0,-71.36551984287017,0,0
560.0,-71.36551984287017,0,0
-555.0,-62.70526580502579,0,0
-545.0,-62.70526580502579,0,0
-535.0,-62.70526580502579,0,0
-525.0,-62.70526580502579,0,0
-515.0,-62.70526580502579,0,0
-505.0,-62.70526580502579,0,0
-495.0,-62.70526580502579,0,0
-485.0,-62.70526580502579,0,0
-475.0,-62.70526580502579,0,0
-465.0,-62.70526580502579,0,0
-455.0,-62.70526580502579,0,0
-445.0,-62.70526580502579,0,0
-435.0,-62.70526580502579,0,0
-425.0,-62.70526580502579,0,0
-415.0,-62.70526580502579,0,0
-405.0,-62.70526580502579,0,0
-395.0,-62.70526580502579,0,0
-385.0,-62.70526580502579,0,0
-375.0,-62.70526580502579,0,0
-365.0,-62.70526580502579,0,0
-355.0,-62.70526580502579,0,0
-345.0,-62.70526580502579,0,0
-335.0,-62.70526580502579,0,0
-325.0,-62.70526580502579,0,0
-315.0,-62.70526580502579,0,0
-305.0,-62.70526580502579,0,0
-295.0,-62.70526580502579,0,0
-285.0,-62.70526580502579,0,0
-275.0,-62.70526580502579,0,0
-265.0,-62.70526580502579,0,0
-255.0,-62.70526580502579,0,0
-245.0,-62.70526580502579,0,0
-235.0,-62.70526580502579,0,0
-225.0,-62.70526580502579,0,0
-215.0,-62.70526580502579,0,0
-205.0,-62.70526580502579,0,0
-195.0,-62.70526580502579,0,0
-185.0,-62.70526580502579,0,0
-175.0,-62.70526580502579,0,0
-165.0,-62.70526580502579,0,0
-155.0,-62.70526580502579,0,0
-145.0,-62.70526580502579,0,0
-135.0,-62.70526580502579,0,0
-125.0,-62.70526580502579,0,0
-115.0,-62.70526580502579,0,0
-105.0,-62.70526580502579,0,0
-95.0,-62.70526580502579,0,0
-85.0,-62.70526580502579,0,0
-75.0,-62.70526580502579,0,0
-65.0,-62.70526580502579,0,0
-55.0,-62.70526580502579,0,0
-45.0,-62.70526580502579,0,0
-35.0,-62.70526580502579,0,0
-25.0,-62.70526580502579,0,0
-15.0,-62.70526580502579,0,0
-5.0,-62.70526580502579,0,0
5.0,-62.70526580502579,0,0
15.0,-62.70526580502579,0,0
25.0,-62.70526580502579,0,0
35.0,-62.70526580502579,0,0
45.0,-62.70526580502579,0,0
55.0,-62.70526580502579,0,0
65.0,-62.70526580502579,0,0
75.0,-62.70526580502579,0,0
85.0,-62.70526580502579,0,0
95.0,-62.70526580502579,0,0
105.0,-62.70526580502579,0,0
115.0,-62.70526580502579,0,0
125.0,-62.70526580502579,0,0
135.0,-62.70526580502579,0,0
145.0,-62.70526580502579,0,0
155.0,-62.70526580502579,0,0
165.0,-62.70526580502579,0,0
175.0,-62.70526580502579,0,0
185.0,-62.70526580502579,0,0
195.0,-62.70526580502579,0,0
205.0,-62.70526580502579,0,0
215.0,-62.70526580502579,0,0
225.0,-62.70526580502579,0,0
235.0,-62.70526580502579,0,0
245.0,-62.70526580502579,0,0
255.0,-62.70526580502579,0,0
265.0,-62.70526580502579,0,0
275.0,-62.70526580502579,0,0
285.0,-62.70526580502579,0,0
295.0,-62.70526580502579,0,0
305.0,-62.70526580502579,0,0
315.0,-62.70526580502579,0,0
325.0,-62.70526580502579,0,0
335.0,-62.70526580502579,0,0
345.0,-62.70526580502579,0,0
355.0,-62.70526580502579,0,0
365.0,-62.70526580502579,0,0
375.0,-62.70526580502579,0,0
385.0,-62.70526580502579,0,0
395.0,-62.70526580502579,0,0
405.0,-62.70526580502579,0,0
415.0,-62.70526580502579,0,0
425.0,-62.70526580502579,0,0
435.0,-62.70526580502579,0,0
445.0,-62.70526580502579,0,0
455.0,-62.70526580502579,0,0
465.0,-62.70526580502579,0,0
475.0,-62.70526580502579,0,0
485.0,-62.70526580502579,0,0
495.0,-62.70526580502579,0,0
505.0,-62.70526580502579,0,0
515.0,-62.70526580502579,0,0
525.0,-62.70526580502579,0,0
535.0,-62.70526580502579,0,0
545.0,-62.70526580502579,0,0
555.0,-62.70526580502579,0,0
-560.0,-54.04501176718141,0,0
-550.0,-54.04501176718141,0,0
-540.0,-54.04501176718141,0,0
-530.0,-54.04501176718141,0,0
-520.0,-54.04501176718141,0,0
-510.0,-54.04501176718141,0,0
-500.0,-54.04501176718141,0,0
-490.0,-54.04501176718141,0,0
-480.0,-54.04501176718141,0,0
-470.0,-54.04501176718141,0,0
-460.0,-54.04501176718141,0,0
-450.0,-54.04501176718141,0,0
-440.0,-54.04501176718141,0,0
-430.0,-54.04501176718141,0,0
-420.0,-54.04501176718141,0,0
-410.0,-54.04501176718141,0,0
-400.0,-54.04501176718141,0,0
-390.0,-54.04501176718141,0,0
-380.0,-54.04501176718141,0,0
-370.0,-54.04501176718141,0,0
-360.0,-54.04501176718141,0,0
-350.0,-54.04501176718141,0,0
-340.0,-54.04501176718141,0,0
-330.0,-54.04501176718141,0,0
-320.0,-54.04501176718141,0,0
-310.0,-54.04501176718141,0,0
-300.0,-54.04501176718141,0,0
-290.0,-54.04501176718141,0,0
-280.0,-54.04501176718141,0,0
-270.0,-54.04501176718141,0,0
-260.0,-54.04501176718141,0,0
-250.0,-54.04501176718141,0,0
-240.0,-54.04501176718141,0,0
-230.0,-54.04501176718141,0,0
-220.0,-54.04501176718141,0,0
-210.0,-54.04501176718141,0,0
-200.0,-54.04501176718141,0,0
-190.0,-54.04501176718141,0,0
-180.0,-54.04501176718141,0,0
-170.0,-54.04501176718141,0,0
-160.0,-54.04501176718141,0,0
-150.0,-54.04501176718141,0,0
-140.0,-54.04501176718141,0,0
-130.0,-54.04501176718141,0,0
-120.0,-54.04501176718141,0,0
-110.0,-54.04501176718141,0,0
-100.0,-54.04501176718141,0,0
-90.0,-54.04501176718141,0,0
-80.0,-54.04501176718141,0,0
-70.0,-54.04501176718141,0,0
-60.0,-54.04501176718141,0,0
-50.0,-54.04501176718141,0,0
-40.0,-54.04501176718141,0,0
-30.0,-54.04501176718141,0,0
-20.0,-54.04501176718141,0,0
-10.0,-54.04501176718141,0,0
0.0,-54.04501176718141,0,0
10.0,-54.04501176718141,0,0
20.0,-54.04501176718141,0,0
30.0,-54.04501176718141,0,0
40.0,-54.04501176718141,0,0
50.0,-54.04501176718141,0,0
60.0,-54.04501176718141,0,0
70.0,-54.04501176718141,0,0
80.0,-54.04501176718141,0,0
90.0,-54.04501176718141,0,0
100.0,-54.04501176718141,0,0
110.0,-54.04501176718141,0,0
120.0,-54.04501176718141,0,0
130.0,-54.04501176718141,0,0
140.0,-54.04501176718141,0,0
150.0,-54.04501176718141,0,0
160.0,-54.04501176718141,0,0
170.0,-54.04501176718141,0,0
180.0,-54.04501176718141,0,0
190.0,-54.04501176718141,0,0
200.0,-54.04501176718141,0,0
210.0,-54.04501176718141,0,0
220.0,-54.04501176718141,0,0
230.0,-54.04501176718141,0,0
240.0,-54.04501176718141,0,0
250.0,-54.04501176718141,0,0
260.0,-54.04501176718141,0,0
270.0,-54.04501176718141,0,0
280.0,-54.04501176718141,0,0
290.0,-54.04501176718141,0,0
300.0,-54.04501176718141,0,0
310.0,-54.04501176718141,0,0
320.0,-54.04501176718141,0,0
330.0,-54.04501176718141,0,0
340.0,-54.04501176718141,0,0
350.0,-54.04501176718141,0,0
360.0,-54.04501176718141,0,0
370.0,-54.04501176718141,0,0
380.0,-54.04501176718141,0,0
390.0,-54.04501176718141,0,0
400.0,-54.04501176718141,0,0
410.0,-54.04501176718141,0,0
420.0,-54.04501176718141,0,0
430.0,-54.04501176718141,0,0
440.0,-54.04501176718141,0,0
450.0,-54.04501176718141,0,0
460.0,-54.04501176718141,0,0
470.0,-54.04501176718141,0,0
480.0,-54.04501176718141,0,0
490.0,-54.04501176718141,0,0
500.0,-54.04501176718141,0,0
510.0,-54.04501176718141,0,0
520.0,-54.04501176718141,0,0
530.0,-54.04501176718141,0,0
540.0,-54.04501176718141,0,0
550.0,-54.04501176718141,0,0
560.0,-54.04501176718141,0,0
-555.0,-45.384757729337025,0,0
-545.0,-45.384757729337025,0,0
-535.0,-45.384757729337025,0,0
-525.0,-45.384757729337025,0,0
-515.0,-45.384757729337025,0,0
-505.0,-45.384757729337025,0,0
-495.0,-45.384757729337025,0,0
-485.0,-45.384757729337025,0,0
-475.0,-45.384757729337025,0,0
-465.0,-45.384757729337025,0,0
-455.0,-45.384757729337025,0,0
-445.0,-45.384757729337025,0,0
-435.0,-45.384757729337025,0,0
-425.0,-45.384757729337025,0,0
-415.0,-45.384757729337025,0,0
-405.0,-45.384757729337025,0,0
-395.0,-45.384757729337025,0,0
-385.0,-45.384757729337025,0,0
-375.0,-45.384757729337025,0,0
-365.0,-45.384757729337025,0,0
-355.0,-45.384757729337025,0,0
-345.0,-45.384757729337025,0,0
-335.0,-45.384757729337025,0,0
-325.0,-45.384757729337025,0,0
-315.0,-45.384757729337025,0,0
-305.0,-45.384757729337025,0,0
-295.0,-45.384757729337025,0,0
-285.0,-45.384757729337025,0,0
-275.0,-45.384757729337025,0,0
-265.0,-45.384757729337025,0,0
-255.0,-45.384757729337025,0,0
-245.0,-45.384757729337025,0,0
-235.0,-45.384757729337025,0,0
-225.0,-45.384757729337025,0,0
-215.0,-45.384757729337025,0,0
-205.0,-45.384757729337025,0,0
-195.0,-45.384757729337025,0,0
-185.0,-45.384757729337025,0,0
-175.0,-45.384757729337025,0,0
-165.0,-45.384757729337025,0,0
-155.0,-45.384757729337025,0,0
-145.0,-45.384757729337025,0,0
-135.0,-45.384757729337025,0,0
-125.0,-45.384757729337025,0,0
-115.0,-45.384757729337025,0,0
-105.0,-45.384757729337025,0,0
-95.0,-45.384757729337025,0,0
-85.0,-45.384757729337025,0,0
-75.0,-45.384757729337025,0,0
-65.0,-45.384757729337025,0,0
-55.0,-45.384757729337025,0,0
-45.0,-45.384757729337025,0,0
-35.0,-45.384757729337025,0,0
-25.0,-45.384757729337025,0,0
-15.0,-45.384757729337025,0,0
-5.0,-45.384757729337025,0,0
5.0,-45.384757729337025,0,0
15.0,-45.384757729337025,0,0
25.0,-45.384757729337025,0,0
35.0,-45.384757729337025,0,0
45.0,-45.384757729337025,0,0
55.0,-45.384757729337025,0,0
65.0,-45.384757729337025,0,0
75.0,-45.384757729337025,0,0
85.0,-45.384757729337025,0,0
95.0,-45.384757729337025,0,0
105.0,-45.384757729337025,0,0
115.0,-45.384757729337025,0,0
125.0,-45.384757729337025,0,0
135.0,-45.384757729337025,0,0
145.0,-45.384757729337025,0,0
155.0,-45.384757729337025,0,0
165.0,-45.384757729337025,0,0
175.0,-45.384757729337025,0,0
185.0,-45.384757729337025,0,0
195.0,-45.384757729337025,0,0
205.0,-45.384757729337025,0,0
215.0,-45.384757729337025,0,0
225.0,-45.384757729337025,0,0
235.0,-45.384757729337025,0,0
245.0,-45.384757729337025,0,0
255.0,-45.384757729337025,0,0
265.0,-45.384757729337025,0,0
275.0,-45.384757729337025,0,0
285.0,-45.384757729337025,0,0
295.0,-45.384757729337025,0,0
305.0,-45.384757729337025,0,0
315.0,-45.384757729337025,0,0
325.0,-45.384757729337025,0,0
335.0,-45.384757729337025,0,0
345.0,-45.384757729337025,0,0
355.0,-45.384757729337025,0,0
365.0,-45.384757729337025,0,0
375.0,-45.384757729337025,0,0
385.0,-45.384757729337025,0,0
395.0,-45.384757729337025,0,0
405.0,-45.384757729337025,0,0
415.0,-45.384757729337025,0,0
425.0,-45.384757729337025,0,0
435.0,-45.384757729337025,0,0
445.0,-45.384757729337025,0,0
455.0,-45.384757729337025,0,0
465.0,-45.384757729337025,0,0
475.0,-45.384757729337025,0,0
485.0,-45.384757729337025,0,0
495.0,-45.384757729337025,0,0
505.0,-45.384757729337025,0,0
515.0,-45.384757729337025,0,0
525.0,-45.384757729337025,0,0
535.0,-45.384757729337025,0,0
545.0,-45.384757729337025,0,0
555.0,-45.384757729337025,0,0
-560.0,-36.72450369149264,0,0
-550.0,-36.72450369149264,0,0
-540.0,-36.72450369149264,0,0
-530.0,-36.72450369149264,0,0
-520.0,-36.72450369149264,0,0
-510.0,-36.72450369149264,0,0
-500.0,-36.72450369149264,0,0
-490.0,-36.72450369149264,0,0
-480.0,-36.72450369149264,0,0
-470.0,-36.72450369149264,0,0
-460.0,-36.72450369149264,0,0
-450.0,-36.72450369149264,0,0
-440.0,-36.72450369149264,0,0
-430.0,-36.72450369149264,0,0
-420.0,-36.72450369149264,0,0
-410.0,-36.72450369149264,0,0
-400.0,-36.72450369149264,0,0
-390.0,-36.72450369149264,0,0
-380.0,-36.72450369149264,0,0
-370.0,-36.72450369149264,0,0
-360.0,-36.72450369149264,0,0
-350.0,-36.72450369149264,0,0
-340.0,-36.72450369149264,0,0
-330.0,-36.72450369149264,0,0
-320.0,-36.72450369149264,0,0
-310.0,-36.72450369149264,0,0
-300.0,-36.72450369149264,0,0
-290.0,-36.72450369149264,0,0
-280.0,-36.72450369149264,0,0
-270.0,-36.72450369149264,0,0
-260.0,-36.72450369149264,0,0
-250.0,-36.72450369149264,0,0
-240.0,-36.72450369149264,0,0
-230.0,-36.72450369149264,0,0
-220.0,-36.72450369149264,0,0
-210.0,-36.72450369149264,0,0
-200.0,-36.72450369149264,0,0
-190.0,-36.72450369149264,0,0
-180.0,-36.72450369149264,0,0
-170.0,-36.72450369149264,0,0
-160.0,-36.72450369149264,0,0
-150.0,-36.72450369149264,0,0
-140.0,-36.72450369149264,0,0
-130.0,-36.72450369149264,0,0
-120.0,-36.72450369149264,0,0
-110.0,-36.72450369149264,0,0
-100.0,-36.72450369149264,0,0
-90.0,-36.72450369149264,0,0
-80.0,-36.72450369149264,0,0
-70.0,-36.72450369149264,0,0
-60.0,-36.72450369149264,0,0
-50.0,-36.72450369149264,0,0
-40.0,-36.72450369149264,0,0
-30.0,-36.72450369149264,0,0
-20.0,-36.72450369149264,0,0
-10.0,-36.72450369149264,0,0
0.0,-36.72450369149264,0,0
10.0,-36.72450369149264,0,0
20.0,-36.72450369149264,0,0
30.0,-36.72450369149264,0,0
40.0,-36.72450369149264,0,0
50.0,-36.72450369149264,0,0
60.0,-36.72450369149264,0,0
70.0,-36.72450369149264,0,0
80.0,-36.72450369149264,0,0
90.0,-36.72450369149264,0,0
100.0,-36.72450369149264,0,0
110.0,-36.72450369149264,0,0
120.0,-36.72450369149264,0,0
130.0,-36.72450369149264,0,0
140.0,-36.72450369149264,0,0
150.0,-36.72450369149264,0,0
160.0,-36.72450369149264,0,0
170.0,-36.72450369149264,0,0
180.0,-36.72450369149264,0,0
190.0,-36.72450369149264,0,0
200.0,-36.72450369149264,0,0
210.0,-36.72450369149264,0,0
220.0,-36.72450369149264,0,0
230.0,-36.72450369149264,0,0
240.0,-36.72450369149264,0,0
250.0,-36.72450369149264,0,0
260.0,-36.72450369149264,0,0
270.0,-36.72450369149264,0,0
280.0,-36.72450369149264,0,0
290.0,-36.72450369149264,0,0
300.0,-36.72450369149264,0,0
310.0,-36.72450369149264,0,0
320.0,-36.72450369149264,0,0
330.0,-36.72450369149264,0,0
340.0,-36.72450369149264,0,0
350.0,-36.72450369149264,0,0
360.0,-36.72450369149264,0,0
370.0,-36.72450369149264,0,0
380.0,-36.72450369149264,0,0
390.0,-36.72450369149264,0,0
400.0,-36.72450369149264,0,0
410.0,-36.72450369149264,0,0
420.0,-36.72450369149264,0,0
430.0,-36.72450369149264,0,0
440.0,-36.72450369149264,0,0
450.0,-36.72450369149264,0,0
460.0,-36.72450369149264,0,0
470.0,-36.72450369149264,0,0
480.0,-36.72450369149264,0,0
490.0,-36.72450369149264,0,0
500.0,-36.72450369149264,0,0
510.0,-36.72450369149264,0,0
520.0,-36.72450369149264,0,0
530.0,-36.72450369149264,0,0
540.0,-36.72450369149264,0,0
550.0,-36.72450369149264,0,0
560.0,-36.72450369149264,0,0
-555.0,-28.064249653648258,0,0
-545.0,-28.064249653648258,0,0
-535.0,-28.064249653648258,0,0
-525.0,-28.064249653648258,0,0
-515.0,-28.064249653648258,0,0
-505.0,-28.064249653648258,0,0
-495.0,-28.064249653648258,0,0
-485.0,-28.064249653648258,0,0
-475.0,-28.064249653648258,0,0
-465.0,-28.064249653648258,0,0
-455.0,-28.064249653648258,0,0
-445.0,-28.064249653648258,0,0
-435.0,-28.064249653648258,0,0
-425.0,-28.064249653648258,0,0
-415.0,-28.064249653648258,0,0
-405.0,-28.064249653648258,0,0
-395.0,-28.064249653648258,0,0
-385.0,-28.064249653648258,0,0
-375.0,-28.064249653648258,0,0
-365.0,-28.064249653648258,0,0
-355.0,-28.064249653648258,0,0
-345.0,-28.064249653648258,0,0
-335.0,-28.064249653648258,0,0
-325.0,-28.064249653648258,0,0
-315.0,-28.064249653648258,0,0
-305.0,-28.064249653648258,0,0
-295.0,-28.064249653648258,0,0
-285.0,-28.064249653648258,0,0
-275.0,-28.064249653648258,0,0
-265.0,-28.064249653648258,0,0
-255.0,-28.064249653648258,0,0
-245.0,-28.064249653648258,0,0
-235.0,-28.064249653648258,0,0
-225.0,-28.064249653648258,0,0
-215.0,-28.064249653648258,0,0
-205.0,-28.064249653648258,0,0
-195.0,-28.064249653648258,0,0
-185.0,-28.064249653648258,0,0
-175.0,-28.064249653648258,0,0
-165.0,-28.064249653648258,0,0
-155.0,-28.064249653648258,0,0
-145.0,-28.064249653648258,0,0
-135.0,-28.064249653648258,0,0
-125.0,-28.064249653648258,0,0
-115.0,-28.064249653648258,0,0
-105.0,-28.064249653648258,0,0
-95.0,-28.064249653648258,0,0
-85.0,-28.064249653648258,0,0
-75.0,-28.064249653648258,0,0
-65.0,-28.064249653648258,0,0
-55.0,-28.064249653648258,0,0
-45.0,-28.064249653648258,0,0
-35.0,-28.064249653648258,0,0
-25.0,-28.064249653648258,0,0
-15.0,-28.064249653648258,0,0
-5.0,-28.064249653648258,0,0
5.0,-28.064249653648258,0,0
15.0,-28.064249653648258,0,0
25.0,-28.064249653648258,0,0
35.0,-28.064249653648258,0,0
45.0,-28.064249653648258,0,0
55.0,-28.064249653648258,0,0
65.0,-28.064249653648258,0,0
75.0,-28.064249653648258,0,0
85.0,-28.064249653648258,0,0
95.0,-28.064249653648258,0,0
105.0,-28.064249653648258,0,0
115.0,-28.064249653648258,0,0
125.0,-28.064249653648258,0,0
135.0,-28.064249653648258,0,0
145.0,-28.064249653648258,0,0
155.0,-28.064249653648258,0,0
165.0,-28.064249653648258,0,0
175.0,-28.064249653648258,0,0
185.0,-28.064249653648258,0,0
195.0,-28.064249653648258,0,0
205.0,-28.064249653648258,0,0
215.0,-28.064249653648258,0,0
225.0,-28.064249653648258,0,0
235.0,-28.064249653648258,0,0
245.0,-28.064249653648258,0,0
255.0,-28.064249653648258,0,0
265.0,-28.064249653648258,0,0
275.0,-28.064249653648258,0,0
285.0,-28.064249653648258,0,0
295.0,-28.064249653648258,0,0
305.0,-28.064249653648258,0,0
315.0,-28.064249653648258,0,0
325.0,-28.064249653648258,0,0
335.0,-28.064249653648258,0,0
345.0,-28.064249653648258,0,0
355.0,-28.064249653648258,0,0
365.0,-28.064249653648258,0,0
375.0,-28.064249653648258,0,0
385.0,-28.064249653648258,0,0
395.0,-28.064249653648258,0,0
405.0,-28.064249653648258,0,0
415.0,-28.064249653648258,0,0
425.0,-28.064249653648258,0,0
435.0,-28.064249653648258,0,0
445.0,-28.064249653648258,0,0
455.0,-28.064249653648258,0,0
465.0,-28.064249653648258,0,0
475.0,-28.064249653648258,0,0
485.0,-28.064249653648258,0,0
495.0,-28.064249653648258,0,0
505.0,-28.064249653648258,0,0
515.0,-28.064249653648258,0,0
525.0,-28.064249653648258,0,0
535.0,-28.064249653648258,0,0
545.0,-28.064249653648258,0,0
555.0,-28.064249653648258,0,0
-560.0,-19.403995615803872,0,0
-550.0,-19.403995615803872,0,0
-540.0,-19.403995615803872,0,0
-530.0,-19.403995615803872,0,0
-520.0,-19.403995615803872,0,0
-510.0,-19.403995615803872,0,0
-500.0,-19.403995615803872,0,0
-490.0,-19.403995615803872,0,0
-480.0,-19.403995615803872,0,0
-470.0,-19.403995615803872,0,0
-460.0,-19.403995615803872,0,0
-450.0,-19.403995615803872,0,0
-440.0,-19.403995615803872,0,0
-430.0,-19.403995615803872,0,0
-420.0,-19.403995615803872,0,0
-410.0,-19.403995615803872,0,0
-400.0,-19.403995615803872,0,0
-390.0,-19.403995615803872,0,0
-380.0,-19.403995615803872,0,0
-370.0,-19.403995615803872,0,0
-360.0,-19.403995615803872,0,0
-350.0,-19.403995615803872,0,0
-340.0,-19.403995615803872,0,0
-330.0,-19.403995615803872,0,0
-320.0,-19.403995615803872,0,0
-310.0,-19.403995615803872,0,0
-300.0,-19.403995615803872,0,0
-290.0,-19.403995615803872,0,0
-280.0,-19.403995615803872,0,0
-270.0,-19.403995615803872,0,0
-260.0,-19.403995615803872,0,0
-250.0,-19.403995615803872,0,0
-240.0,-19.403995615803872,0,0
-230.0,-19.403995615803872,0,0
-220.0,-19.403995615803872,0,0
-210.0,-19.403995615803872,0,0
-200.0,-19.403995615803872,0,0
-190.0,-19.403995615803872,0,0
-180.0,-19.403995615803872,0,0
-170.0,-19.403995615803872,0,0
-160.0,-19.403995615803872,0,0
-150.0,-19.403995615803872,0,0
-140.0,-19.403995615803872,0,0
-130.0,-19.403995615803872,0,0
-120.0,-19.403995615803872,0,0
-110.0,-19.403995615803872,0,0
-100.0,-19.403995615803872,0,0
-90.0,-19.403995615803872,0,0
-80.0,-19.403995615803872,0,0
-70.0,-19.403995615803872,0,0
-60.0,-19.403995615803872,0,0
-50.0,-19.403995615803872,0,0
-40.0,-19.403995615803872,0,0
-30.0,-19.403995615803872,0,0
-20.0,-19.403995615803872,0,0
-10.0,-19.403995615803872,0,0
0.0,-19.403995615803872,0,0
10.0,-19.403995615803872,0,0
20.0,-19.403995615803872,0,0
30.0,-19.403995615803872,0,0
40.0,-19.403995615803872,0,0
50.0,-19.403995615803872,0,0
60.0,-19.403995615803872,0,0
70.0,-19.403995615803872,0,0
80.0,-19.403995615803872,0,0
90.0,-19.403995615803872,0,0
100.0,-19.403995615803872,0,0
110.0,-19.403995615803872,0,0
120.0,-19.403995615803872,0,0
130.0,-19.403995615803872,0,0
140.0,-19.403995615803872,0,0
150.0,-19.403995615803872,0,0
160.0,-19.403995615803872,0,0
170.0,-19.403995615803872,0,0
180.0,-19.403995615803872,0,0
190.0,-19.403995615803872,0,0
200.0,-19.403995615803872,0,0
210.0,-19.403995615803872,0,0
220.0,-19.403995615803872,0,0
230.0,-19.403995615803872,0,0
240.0,-19.403995615803872,0,0
250.0,-19.403995615803872,0,0
260.0,-19.403995615803872,0,0
270.0,-19.403995615803872,0,0
280.0,-19.403995615803872,0,0
290.0,-19.403995615803872,0,0
300.0,-19.403995615803872,0,0
310.0,-19.403995615803872,0,0
320.0,-19.403995615803872,0,0
330.0,-19.403995615803872,0,0
340.0,-19.403995615803872,0,0
350.0,-19.403995615803872,0,0
360.0,-19.403995615803872,0,0
370.0,-19.403995615803872,0,0
380.0,-19.403995615803872,0,0
390.0,-19.403995615803872,0,0
400.0,-19.403995615803872,0,0
410.0,-19.403995615803872,0,0
420.0,-19.403995615803872,0,0
430.0,-19.403995615803872,0,0
440.0,-19.403995615803872,0,0
450.0,-19.403995615803872,0,0
460.0,-19.403995615803872,0,0
470.0,-19.403995615803872,0,0
480.0,-19.403995615803872,0,0
490.0,-19.403995615803872,0,0
500.0,-19.403995615803872,0,0
510.0,-19.403995615803872,0,0
520.0,-19.403995615803872,0,0
530.0,-19.403995615803872,0,0
540.0,-19.403995615803872,0,0
550.0,-19.403995615803872,0,0
560.0,-19.403995615803872,0,0
-555.0,-10.743741577959486,0,0
-545.0,-10.743741577959486,0,0
-535.0,-10.743741577959486,0,0
-525.0,-10.743741577959486,0,0
-515.0,-10.743741577959486,0,0
-505.0,-10.743741577959486,0,0
-495.0,-10.743741577959486,0,0
-485.0,-10.743741577959486,0,0
-475.0,-10.743741577959486,0,0
-465.0,-10.743741577959486,0,0
-455.0,-10.743741577959486,0,0
-445.0,-10.743741577959486,0,0
-435.0,-10.743741577959486,0,0
-425.0,-10.743741577959486,0,0
-415.0,-10.743741577959486,0,0
-405.0,-10.743741577959486,0,0
-395.0,-10.743741577959486,0,0
-385.0,-10.743741577959486,0,0
-375.0,-10.743741577959486,0,0
-365.0,-10.743741577959486,0,0
-355.0,-10.743741577959486,0,0
-345.0,-10.743741577959486,0,0
-335.0,-10.743741577959486,0,0
-325.0,-10.743741577959486,0,0
-315.0,-10.743741577959486,0,0
-305.0,-10.743741577959486,0,0
-295.0,-10.743741577959486,0,0
-285.0,-10.743741577959486,0,0
-275.0,-10.743741577959486,0,0
-265.0,-10.743741577959486,0,0
-255.0,-10.743741577959486,0,0
-245.0,-10.743741577959486,0,0
-235.0,-10.743741577959486,0,0
-225.0,-10.743741577959486,0,0
-215.0,-10.743741577959486,0,0
-205.0,-10.743741577959486,0,0
-195.0,-10.743741577959486,0,0
-185.0,-10.743741577959486,0,0
-175.0,-10.743741577959486,0,0
-165.0,-10.743741577959486,0,0
-155.0,-10.743741577959486,0,0
-145.0,-10.743741577959486,0,0
-135.0,-10.743741577959486,0,0
-125.0,-10.743741577959486,0,0
-115.0,-10.743741577959486,0,0
-105.0,-10.743741577959486,0,0
-95.0,-10.743741577959486,0,0
-85.0,-10.743741577959486,0,0
-75.0,-10.743741577959486,0,0
-65.0,-10.743741577959486,0,0
-55.0,-10.743741577959486,0,0
-45.0,-10.743741577959486,0,0
-35.0,-10.743741577959486,0,0
-25.0,-10.743741577959486,0,0
-15.0,-10.743741577959486,0,0
-5.0,-10.743741577959486,0,0
5.0,-10.743741577959486,0,0
15.0,-10.743741577959486,0,0
25.0,-10.743741577959486,0,0
35.0,-10.743741577959486,0,0
45.0,-10.743741577959486,0,0
55.0,-10.743741577959486,0,0
65.0,-10.743741577959486,0,0
75.0,-10.743741577959486,0,0
85.0,-10.743741577959486,0,0
95.0,-10.743741577959486,0,0
105.0,-10.743741577959486,0,0
115.0,-10.743741577959486,0,0
125.0,-10.743741577959486,0,0
135.0,-10.743741577959486,0,0
145.0,-10.743741577959486,0,0
155.0,-10.743741577959486,0,0
165.0,-10.743741577959486,0,0
175.0,-10.743741577959486,0,0
185.0,-10.743741577959486,0,0
195.0,-10.743741577959486,0,0
205.0,-10.743741577959486,0,0
215.0,-10.743741577959486,0,0
225.0,-10.743741577959486,0,0
235.0,-10.743741577959486,0,0
245.0,-10.743741577959486,0,0
255.0,-10.743741577959486,0,0
265.0,-10.743741577959486,0,0
275.0,-10.743741577959486,0,0
285.0,-10.743741577959486,0,0
295.0,-10.743741577959486,0,0
305.0,-10.743741577959486,0,0
315.0,-10.743741577959486,0,0
325.0,-10.743741577959486,0,0
335.0,-10.743741577959486,0,0
345.0,-10.743741577959486,0,0
355.0,-10.743741577959486,0,0
365.0,-10.743741577959486,0,0
375.0,-10.743741577959486,0,0
385.0,-10.743741577959486,0,0
395.0,-10.743741577959486,0,0
405.0,-10.743741577959486,0,0
415.0,-10.743741577959486,0,0
425.0,-10.743741577959486,0,0
435.0,-10.743741577959486,0,0
445.0,-10.743741577959486,0,0
455.0,-10.743741577959486,0,0
465.0,-10.743741577959486,0,0
475.0,-10.743741577959486,0,0
485.0,-10.743741577959486,0,0
495.0,-10.743741577959486,0,0
505.0,-10.743741577959486,0,0
515.0,-10.743741577959486,0,0
525.0,-10.743741577959486,0,0
535.0,-10.743741577959486,0,0
545.0,-10.743741577959486,0,0
555.0,-10.743741577959486,0,0
-560.0,-2.083487540115101,0,0
-550.0,-2.083487540115101,0,0
-540.0,-2.083487540115101,0,0
-530.0,-2.083487540115101,0,0
-520.0,-2.083487540115101,0,0
-510.0,-2.083487540115101,0,0
-500.0,-2.083487540115101,0,0
-490.0,-2.083487540115101,0,0
-480.0,-2.083487540115101,0,0
-470.0,-2.083487540115101,0,0
-460.0,-2.083487540115101,0,0
-450.0,-2.083487540115101,0,0
-440.0,-2.083487540115101,0,0
-430.0,-2.083487540115101,0,0
-420.0,-2.083487540115101,0,0
-410.0,-2.083487540115101,0,0
-400.0,-2.083487540115101,0,0
-390.0,-2.083487540115101,0,0
-380.0,-2.083487540115101,0,0
-370.0,-2.083487540115101,0,0
-360.0,-2.083487540115101,0,0
-350.0,-2.083487540115101,0,0
-340.0,-2.083487540115101,0,0
-330.0,-2.083487540115101,0,0
-320.0,-2.083487540115101,0,0
-310.0,-2.083487540115101,0,0
-300.0,-2.083487540115101,0,0
-290.0,-2.083487540115101,0,0
-280.0,-2.083487540115101,0,0
-270.0,-2.083487540115101,0,0
-260.0,-2.083487540115101,0,0
-250.0,-2.083487540115101,0,0
-240.0,-2.083487540115101,0,0
-230.0,-2.083487540115101,0,0
-220.0,-2.083487540115101,0,0
-210.0,-2.083487540115101,0,0
-200.0,-2.083487540115101,0,0
-190.0,-2.083487540115101,0,0
-180.0,-2.083487540115101,0,0
-170.0,-2.083487540115101,0,0
-160.0,-2.083487540115101,0,0
-150.0,-2.083487540115101,0,0
-140.0,-2.083487540115101,0,0
-130.0,-2.083487540115101,0,0
-120.0,-2.083487540115101,0,0
-110.0,-2.083487540115101,0,0
-100.0,-2.083487540115101,0,0
-90.0,-2.083487540115101,0,0
-80.0,-2.083487540115101,0,0
-70.0,-2.083487540115101,0,0
-60.0,-2.083487540115101,0,0
-50.0,-2.083487540115101,0,0
-40.0,-2.083487540115101,0,0
-30.0,-2.083487540115101,0,0
-20.0,-2.083487540115101,0,0
-10.0,-2.083487540115101,0,0
0.0,-2.083487540115101,0,0
10.0,-2.083487540115101,0,0
20.0,-2.083487540115101,0,0
30.0,-2.083487540115101,0,0
40.0,-2.083487540115101,0,0
50.0,-2.083487540115101,0,0
60.0,-2.083487540115101,0,0
70.0,-2.083487540115101,0,0
80.0,-2.083487540115101,0,0
90.0,-2.083487540115101,0,0
100.0,-2.083487540115101,0,0
110.0,-2.083487540115101,0,0
120.0,-2.083487540115101,0,0
130.0,-2.083487540115101,0,0
140.0,-2.083487540115101,0,0
150.0,-2.083487540115101,0,0
160.0,-2.083487540115101,0,0
170.0,-2.083487540115101,0,0
180.0,-2.083487540115101,0,0
190.0,-2.083487540115101,0,0
200.0,-2.083487540115101,0,0
210.0,-2.083487540115101,0,0
220.0,-2.083487540115101,0,0
230.0,-2.083487540115101,0,0
240.0,-2.083487540115101,0,0
250.0,-2.083487540115101,0,0
260.0,-2.083487540115101,0,0
270.0,-2.083487540115101,0,0
280.0,-2.083487540115101,0,0
290.0,-2.083487540115101,0,0
300.0,-2.083487540115101,0,0
310.0,-2.083487540115101,0,0
320.0,-2.083487540115101,0,0
330.0,-2.083487540115101,0,0
340.0,-2.083487540115101,0,0
350.0,-2.083487540115101,0,0
360.0,-2.083487540115101,0,0
370.0,-2.083487540115101,0,0
380.0,-2.083487540115101,0,0
390.0,-2.083487540115101,0,0
400.0,-2.083487540115101,0,0
410.0,-2.083487540115101,0,0
420.0,-2.083487540115101,0,0
430.0,-2.083487540115101,0,0
440.0,-2.083487540115101,0,0
450.0,-2.083487540115101,0,0
460.0,-2.083487540115101,0,0
470.0,-2.083487540115101,0,0
480.0,-2.083487540115101,0,0
490.0,-2.083487540115101,0,0
500.0,-2.083487540115101,0,0
510.0,-2.083487540115101,0,0
520.0,-2.083487540115101,0,0
530.0,-2.083487540115101,0,0
540.0,-2.083487540115101,0,0
550.0,-2.083487540115101,0,0
560.0,-2.083487540115101,0,0
-555.0,6.576766497729285,0,0
-545.0,6.576766497729285,0,0
-535.0,6.576766497729285,0,0
-525.0,6.576766497729285,0,0
-515.0,6.576766497729285,0,0
-505.0,6.576766497729285,0,0
-495.0,6.576766497729285,0,0
-485.0,6.576766497729285,0,0
-475.0,6.576766497729285,0,0
-465.0,6.576766497729285,0,0
-455.0,6.576766497729285,0,0
-445.0,6.576766497729285,0,0
-435.0,6.576766497729285,0,0
-425.0,6.576766497729285,0,0
-415.0,6.576766497729285,0,0
-405.0,6.576766497729285,0,0
-395.0,6.576766497729285,0,0
-385.0,6.576766497729285,0,0
-375.0,6.576766497729285,0,0
-365.0,6.576766497729285,0,0
-355.0,6.576766497729285,0,0
-345.0,6.576766497729285,0,0
-335.0,6.576766497729285,0,0
-325.0,6.576766497729285,0,0
-315.0,6.576766497729285,0,0
-305.0,6.576766497729285,0,0
-295.0,6.576766497729285,0,0
-285.0,6.576766497729285,0,0
-275.0,6.576766497729285,0,0
-265.0,6.576766497729285,0,0
-255.0,6.576766497729285,0,0
-245.0,6.576766497729285,0,0
-235.0,6.576766497729285,0,0
-225.0,6.576766497729285,0,0
-215.0,6.576766497729285,0,0
-205.0,6.576766497729285,0,0
-195.0,6.576766497729285,0,0
-185.0,6.576766497729285,0,0
-175.0,6.576766497729285,0,0
-165.0,6.576766497729285,0,0
-155.0,6.576766497729285,0,0
-145.0,6.576766497729285,0,0
-135.0,6.576766497729285,0,0
-125.0,6.576766497729285,0,0
-115.0,6.576766497729285,0,0
-105.0,6.576766497729285,0,0
-95.0,6.576766497729285,0,0
-85.0,6.576766497729285,0,0
-75.0,6.576766497729285,0,0
-65.0,6.576766497729285,0,0
-55.0,6.576766497729285,0,0
-45.0,6.576766497729285,0,0
-35.0,6.576766497729285,0,0
-25.0,6.576766497729285,0,0
-15.0,6.576766497729285,0,0
-5.0,6.576766497729285,0,0
5.0,6.576766497729285,0,0
15.0,6.576766497729285,0,0
25.0,6.576766497729285,0,0
35.0,6.576766497729285,0,0
45.0,6.576766497729285,0,0
55.0,6.576766497729285,0,0
65.0,6.576766497729285,0,0
75.0,6.576766497729285,0,0
85.0,6.576766497729285,0,0
95.0,6.576766497729285,0,0
105.0,6.576766497729285,0,0
115.0,6.576766497729285,0,0
125.0,6.576766497729285,0,0
135.0,6.576766497729285,0,0
145.0,6.576766497729285,0,0
155.0,6.576766497729285,0,0
165.0,6.576766497729285,0,0
175.0,6.576766497729285,0,0
185.0,6.576766497729285,0,0
195.0,6.576766497729285,0,0
205.0,6.576766497729285,0,0
215.0,6.576766497729285,0,0
225.0,6.576766497729285,0,0
235.0,6.576766497729285,0,0
245.0,6.576766497729285,0,0
255.0,6.576766497729285,0,0
265.0,6.576766497729285,0,0
275.0,6.576766497729285,0,0
285.0,6.576766497729285,0,0
295.0,6.576766497729285,0,0
305.0,6.576766497729285,0,0
315.0,6.576766497729285,0,0
325.0,6.576766497729285,0,0
335.0,6.576766497729285,0,0
345.0,6.576766497729285,0,0
355.0,6.576766497729285,0,0
365.0,6.576766497729285,0,0
375.0,6.576766497729285,0,0
385.0,6.576766497729285,0,0
395.0,6.576766497729285,0,0
405.0,6.576766497729285,0,0
415.0,6.576766497729285,0,0
425.0,6.576766497729285,0,0
435.0,6.576766497729285,0,0
445.0,6.576766497729285,0,0
455.0,6.576766497729285,0,0
465.0,6.576766497729285,0,0
475.0,6.576766497729285,0,0
485.0,6.576766497729285,0,0
495.0,6.576766497729285,0,0
505.0,6.576766497729285,0,0
515.0,6.576766497729285,0,0
525.0,6.576766497729285,0,0
535.0,6.576766497729285,0,0
545.0,6.576766497729285,0,0
555.0,6.576766497729285,0,0
-560.0,15.23702053557367,0,0
-550.0,15.23702053557367,0,0
-540.0,15.23702053557367,0,0
-530.0,15.23702053557367,0,0
-520.0,15.23702053557367,0,0
-510.0,15.23702053557367,0,0
-500.0,15.23702053557367,0,0
-490.0,15.23702053557367,0,0
-480.0,15.23702053557367,0,0
-470.0,15.23702053557367,0,0
-460.0,15.23702053557367,0,0
-450.0,15.23702053557367,0,0
-440.0,15.23702053557367,0,0
-430.0,15.23702053557367,0,0
-420.0,15.23702053557367,0,0
-410.0,15.23702053557367,0,0
-400.0,15.23702053557367,0,0
-390.0,15.23702053557367,0,0
-380.0,15.23702053557367,0,0
-370.0,15.23702053557367,0,0
-360.0,15.23702053557367,0,0
-350.0,15.23702053557367,0,0
-340.0,15.23702053557367,0,0
-330.0,15.23702053557367,0,0
-320.0,15.23702053557367,0,0
-310.0,15.23702053557367,0,0
-300.0,15.23702053557367,0,0
-290.0,15.23702053557367,0,0
-280.0,15.23702053557367,0,0
-270.0,15.23702053557367,0,0
-260.0,15.23702053557367,0,0
-250.0,15.23702053557367,0,0
-240.0,15.23702053557367,0,0
-230.0,15.23702053557367,0,0
-220.0,15.23702053557367,0,0
-210.0,15.23702053557367,0,0
-200.0,15.23702053557367,0,0
-190.0,15.23702053557367,0,0
-180.0,15.23702053557367,0,0
-170.0,15.23702053557367,0,0
-160.0,15.23702053557367,0,0
-150.0,15.23702053557367,0,0
-140.0,15.23702053557367,0,0
-130.0,15.23702053557367,0,0
-120.0,15.23702053557367,0,0
-110.0,15.23702053557367,0,0
-100.0,15.23702053557367,0,0
-90.0,15.23702053557367,0,0
-80.0,15.23702053557367,0,0
-70.0,15.23702053557367,0,0
-60.0,15.23702053557367,0,0
-50.0,15.23702053557367,0,0
-40.0,15.23702053557367,0,0
-30.0,15.23702053557367,0,0
-20.0,15.23702053557367,0,0
-10.0,15.23702053557367,0,0
0.0,15.23702053557367,0,0
10.0,15.23702053557367,0,0
20.0,15.23702053557367,0,0
30.0,15.23702053557367,0,0
40.0,15.23702053557367,0,0
50.0,15.23702053557367,0,0
60.0,15.23702053557367,0,0
70.0,15.23702053557367,0,0
80.0,15.23702053557367,0,0
90.0,15.23702053557367,0,0
100.0,15.23702053557367,0,0
110.0,15.23702053557367,0,0
120.0,15.23702053557367,0,0
130.0,15.23702053557367,0,0
140.0,15.23702053557367,0,0
150.0,15.23702053557367,0,0
160.0,15.23702053557367,0,0
170.0,15.23702053557367,0,0
180.0,15.23702053557367,0,0
190.0,15.23702053557367,0,0
200.0,15.23702053557367,0,0
210.0,15.23702053557367,0,0
220.0,15.23702053557367,0,0
230.0,15.23702053557367,0,0
240.0,15.23702053557367,0,0
250.0,15.23702053557367,0,0
260.0,15.23702053557367,0,0
270.0,15.23702053557367,0,0
280.0,15.23702053557367,0,0
290.0,15.23702053557367,0,0
300.0,15.23702053557367,0,0
310.0,15.23702053557367,0,0
320.0,15.23702053557367,0,0
330.0,15.23702053557367,0,0
340.0,15.23702053557367,0,0
350.0,15.23702053557367,0,0
360.0,15.23702053557367,0,0
370.0,15.23702053557367,0,0
380.0,15.23702053557367,0,0
390.0,15.23702053557367,0,0
400.0,15.23702053557367,0,0
410.0,15.23702053557367,0,0
420.0,15.23702053557367,0,0
430.0,15.23702053557367,0,0
440.0,15.23702053557367,0,0
450.0,15.23702053557367,0,0
460.0,15.23702053557367,0,0
470.0,15.23702053557367,0,0
480.0,15.23702053557367,0,0
490.0,15.23702053557367,0,0
500.0,15.23702053557367,0,0
510.0,15.23702053557367,0,0
520.0,15.23702053557367,0,0
530.0,15.23702053557367,0,0
540.0,15.23702053557367,0,0
550.0,15.23702053557367,0,0
560.0,15.23702053557367,0,0
-555.0,23.897274573418056,0,0
-545.0,23.897274573418056,0,0
-535.0,23.897274573418056,0,0
-525.0,23.897274573418056,0,0
-515.0,23.897274573418056,0,0
-505.0,23.897274573418056,0,0
-495.0,23.897274573418056,0,0
-485.0,23.897274573418056,0,0
-475.0,23.897274573418056,0,0
-465.0,23.897274573418056,0,0
-455.0,23.897274573418056,0,0
-445.0,23.897274573418056,0,0
-435.0,23.897274573418056,0,0
-425.0,23.897274573418056,0,0
-415.0,23.897274573418056,0,0
-405.0,23.897274573418056,0,0
-395.0,23.897274573418056,0,0
-385.0,23.897274573418056,0,0
-375.0,23.897274573418056,0,0
-365.0,23.897274573418056,0,0
-355.0,23.897274573418056,0,0
-345.0,23.897274573418056,0,0
-335.0,23.897274573418056,0,0
-325.0,23.897274573418056,0,0
-315.0,23.897274573418056,0,0
-305.0,23.897274573418056,0,0
-295.0,23.897274573418056,0,0
-285.0,23.897274573418056,0,0
-275.0,23.897274573418056,0,0
-265.0,23.897274573418056,0,0
-255.0,23.897274573418056,0,0
-245.0,23.897274573418056,0,0
-235.0,23.897274573418056,0,0
-225.0,23.897274573418056,0,0
-215.0,23.897274573418056,0,0
-205.0,23.897274573418056,0,0
-195.0,23.897274573418056,0,0
-185.0,23.897274573418056,0,0
-175.0,23.897274573418056,0,0
-165.0,23.897274573418056,0,0
-155.0,23.897274573418056,0,0
-145.0,23.897274573418056,0,0
-135.0,23.897274573418056,0,0
-125.0,23.897274573418056,0,0
-115.0,23.897274573418056,0,0
-105.0,23.897274573418056,0,0
-95.0,23.897274573418056,0,0
-85.0,23.897274573418056,0,0
-75.0,23.897274573418056,0,0
-65.0,23.897274573418056,0,0
-55.0,23.897274573418056,0,0
-45.0,23.897274573418056,0,0
-35.0,23.897274573418056,0,0
-25.0,23.897274573418056,0,0
-15.0,23.897274573418056,0,0
-5.0,23.897274573418056,0,0
5.0,23.897274573418056,0,0
15.0,23.897274573418056,0,0
25.0,23.897274573418056,0,0
35.0,23.897274573418056,0,0
45.0,23.897274573418056,0,0
55.0,23.897274573418056,0,0
65.0,23.897274573418056,0,0
75.0,23.897274573418056,0,0
85.0,23.897274573418056,0,0
95.0,23.897274573418056,0,0
105.0,23.897274573418056,0,0
115.0,23.897274573418056,0,0
125.0,23.897274573418056,0,0
135.0,23.897274573418056,0,0
145.0,23.897274573418056,0,0
155.0,23.897274573418056,0,0
165.0,23.897274573418056,0,0
175.0,23.897274573418056,0,0
185.0,23.897274573418056,0,0
195.0,23.897274573418056,0,0
205.0,23.897274573418056,0,0
215.0,23.897274573418056,0,0
225.0,23.897274573418056,0,0
235.0,23.897274573418056,0,0
245.0,23.897274573418056,0,0
255.0,23.897274573418056,0,0
265.0,23.897274573418056,0,0
275.0,23.897274573418056,0,0
285.0,23.897274573418056,0,0
295.0,23.897274573418056,0,0
305.0,23.897274573418056,0,0
315.0,23.897274573418056,0,0
325.0,23.897274573418056,0,0
335.0,23.897274573418056,0,0
345.0,23.897274573418056,0,0
355.0,23.897274573418056,0,0
365.0,23.897274573418056,0,0
375.0,23.897274573418056,0,0
385.0,23.897274573418056,0,0
395.0,23.897274573418056,0,0
405.0,23.897274573418056,0,0
415.0,23.897274573418056,0,0
425.0,23.897274573418056,0,0
435.0,23.897274573418056,0,0
445.0,23.897274573418056,0,0
455.0,23.897274573418056,0,0
465.0,23.897274573418056,0,0
475.0,23.897274573418056,0,0
485.0,23.897274573418056,0,0
495.0,23.897274573418056,0,0
505.0,23.897274573418056,0,0
515.0,23.897274573418056,0,0
525.0,23.897274573418056,0,0
535.0,23.897274573418056,0,0
545.0,23.897274573418056,0,0
555.0,23.897274573418056,0,0
-560.0,32.55752861126244,0,0
-550.0,32.55752861126244,0,0
-540.0,32.55752861126244,0,0
-530.0,32.55752861126244,0,0
-520.0,32.55752861126244,0,0
-510.0,32.55752861126244,0,0
-500.0,32.55752861126244,0,0
-490.0,32.55752861126244,0,0
-480.0,32.55752861126244,0,0
-470.0,32.55752861126244,0,0
-460.0,32.55752861126244,0,0
-450.0,32.55752861126244,0,0
-440.0,32.55752861126244,0,0
-430.0,32.55752861126244,0,0
-420.0,32.55752861126244,0,0
-410.0,32.55752861126244,0,0
-400.0,32.55752861126244,0,0
-390.0,32.55752861126244,0,0
-380.0,32.55752861126244,0,0
-370.0,32.55752861126244,0,0
-360.0,32.55752861126244,0,0
-350.0,32.55752861126244,0,0
-340.0,32.55752861126244,0,0
-330.0,32.55752861126244,0,0
-320.0,32.55752861126244,0,0
-310.0,32.55752861126244,0,0
-300.0,32.55752861126244,0,0
-290.0,32.55752861126244,0,0
-280.0,32.55752861126244,0,0
-270.0,32.55752861126244,0,0
-260.0,32.55752861126244,0,0
-250.0,32.55752861126244,0,0
-240.0,32.55752861126244,0,0
-230.0,32.55752861126244,0,0
-220.0,32.55752861126244,0,0
-210.0,32.55752861126244,0,0
-200.0,32.55752861126244,0,0
-190.0,32.55752861126244,0,0
-180.0,32.55752861126244,0,0
-170.0,32.55752861126244,0,0
-160.0,32.55752861126244,0,0
-150.0,32.55752861126244,0,0
-140.0,32.55752861126244,0,0
-130.0,32.55752861126244,0,0
-120.0,32.55752861126244,0,0
-110.0,32.55752861126244,0,0
-100.0,32.55752861126244,0,0
-90.0,32.55752861126244,0,0
-80.0,32.55752861126244,0,0
-70.0,32.55752861126244,0,0
-60.0,32.55752861126244,0,0
-50.0,32.55752861126244,0,0
-40.0,32.55752861126244,0,0
-30.0,32.55752861126244,0,0
-20.0,32.55752861126244,0,0
-10.0,32.55752861126244,0,0
0.0,32.55752861126244,0,0
10.0,32.55752861126244,0,0
20.0,32.55752861126244,0,0
30.0,32.55752861126244,0,0
40.0,32.55752861126244,0,0
50.0,32.55752861126244,0,0
60.0,32.55752861126244,0,0
70.0,32.55752861126244,0,0
80.0,32.55752861126244,0,0
90.0,32.55752861126244,0,0
100.0,32.55752861126244,0,0
110.0,32.55752861126244,0,0
120.0,32.55752861126244,0,0
130.0,32.55752861126244,0,0
140.0,32.55752861126244,0,0
150.0,32.55752861126244,0,0
160.0,32.55752861126244,0,0
170.0,32.55752861126244,0,0
180.0,32.55752861126244,0,0
190.0,32.55752861126244,0,0
200.0,32.55752861126244,0,0
210.0,32.55752861126244,0,0
220.0,32.55752861126244,0,0
230.0,32.55752861126244,0,0
240.0,32.55752861126244,0,0
250.0,32.55752861126244,0,0
260.0,32.55752861126244,0,0
270.0,32.55752861126244,0,0
280.0,32.55752861126244,0,0
290.0,32.55752861126244,0,0
300.0,32.55752861126244,0,0
310.0,32.55752861126244,0,0
320.0,32.55752861126244,0,0
330.0,32.55752861126244,0,0
340.0,32.55752861126244,0,0
350.0,32.55752861126244,0,0
360.0,32.55752861126244,0,0
370.0,32.55752861126244,0,0
380.0,32.55752861126244,0,0
390.0,32.55752861126244,0,0
400.0,32.55752861126244,0,0
410.0,32.55752861126244,0,0
420.0,32.55752861126244,0,0
430.0,32.55752861126244,0,0
440.0,32.55752861126244,0,0
450.0,32.55752861126244,0,0
460.0,32.55752861126244,0,0
470.0,32.55752861126244,0,0
480.0,32.55752861126244,0,0
490.0,32.55752861126244,0,0
500.0,32.55752861126244,0,0
510.0,32.55752861126244,0,0
520.0,32.55752861126244,0,0
530.0,32.55752861126244,0,0
540.0,32.55752861126244,0,0
550.0,32.55752861126244,0,0
560.0,32.55752861126244,0,0
-555.0,41.21778264910682,0,0
-545.0,41.21778264910682,0,0
-535.0,41.21778264910682,0,0
-525.0,41.21778264910682,0,0
-515.0,41.21778264910682,0,0
-505.0,41.21778264910682,0,0
-495.0,41.21778264910682,0,0
-485.0,41.21778264910682,0,0
-475.0,41.21778264910682,0,0
-465.0,41.21778264910682,0,0
-455.0,41.21778264910682,0,0
-445.0,41.21778264910682,0,0
-435.0,41.21778264910682,0,0
-425.0,41.21778264910682,0,0
-415.0,41.21778264910682,0,0
-405.0,41.21778264910682,0,0
-395.0,41.21778264910682,0,0
-385.0,41.21778264910682,0,0
-375.0,41.21778264910682,0,0
-365.0,41.21778264910682,0,0
-355.0,41.21778264910682,0,0
-345.0,41.21778264910682,0,0
-335.0,41.21778264910682,0,0
-325.0,41.21778264910682,0,0
-315.0,41.21778264910682,0,0
-305.0,41.21778264910682,0,0
-295.0,41.21778264910682,0,0
-285.0,41.21778264910682,0,0
-275.0,41.21778264910682,0,0
-265.0,41.21778264910682,0,0
-255.0,41.21778264910682,0,0
-245.0,41.21778264910682,0,0
-235.0,41.21778264910682,0,0
-225.0,41.21778264910682,0,0
-215.0,41.21778264910682,0,0
-205.0,41.21778264910682,0,0
-195.0,41.21778264910682,0,0
-185.0,41.21778264910682,0,0
-175.0,41.21778264910682,0,0
-165.0,41.21778264910682,0,0
-155.0,41.21778264910682,0,0
-145.0,41.21778264910682,0,0
-135.0,41.21778264910682,0,0
-125.0,41.21778264910682,0,0
-115.0,41.21778264910682,0,0
-105.0,41.21778264910682,0,0
-95.0,41.21778264910682,0,0
-85.0,41.21778264910682,0,0
-75.0,41.21778264910682,0,0
-65.0,41.21778264910682,0,0
-55.0,41.21778264910682,0,0
-45.0,41.21778264910682,0,0
-35.0,41.21778264910682,0,0
-25.0,41.21778264910682,0,0
-15.0,41.21778264910682,0,0
-5.0,41.21778264910682,0,0
5.0,41.21778264910682,0,0
15.0,41.21778264910682,0,0
25.0,41.21778264910682,0,0
35.0,41.21778264910682,0,0
45.0,41.21778264910682,0,0
55.0,41.21778264910682,0,0
65.0,41.21778264910682,0,0
75.0,41.21778264910682,0,0
85.0,41.21778264910682,0,0
95.0,41.21778264910682,0,0
105.0,41.21778264910682,0,0
115.0,41.21778264910682,0,0
125.0,41.21778264910682,0,0
135.0,41.21778264910682,0,0
145.0,41.21778264910682,0,0
155.0,41.21778264910682,0,0
165.0,41.21778264910682,0,0
175.0,41.21778264910682,0,0
185.0,41.21778264910682,0,0
195.0,41.21778264910682,0,0
205.0,41.21778264910682,0,0
215.0,41.21778264910682,0,0
225.0,41.21778264910682,0,0
235.0,41.21778264910682,0,0
245.0,41.21778264910682,0,0
255.0,41.21778264910682,0,0
265.0,41.21778264910682,0,0
275.0,41.21778264910682,0,0
285.0,41.21778264910682,0,0
295.0,41.21778264910682,0,0
305.0,41.21778264910682,0,0
315.0,41.21778264910682,0,0
325.0,41.21778264910682,0,0
335.0,41.21778264910682,0,0
345.0,41.21778264910682,0,0
355.0,41.21778264910682,0,0
365.0,41.21778264910682,0,0
375.0,41.21778264910682,0,0
385.0,41.21778264910682,0,0
395.0,41.21778264910682,0,0
405.0,41.21778264910682,0,0
415.0,41.21778264910682,0,0
425.0,41.21778264910682,0,0
435.0,41.21778264910682,0,0
445.0,41.21778264910682,0,0
455.0,41.21778264910682,0,0
465.0,41.21778264910682,0,0
475.0,41.21778264910682,0,0
485.0,41.21778264910682,0,0
495.0,41.21778264910682,0,0
505.0,41.21778264910682,0,0
515.0,41.21778264910682,0,0
525.0,41.21778264910682,0,0
535.0,41.21778264910682,0,0
545.0,41.21778264910682,0,0
555.0,41.21778264910682,0,0
-560.0,49.878036686951205,0,0
-550.0,49.878036686951205,0,0
-540.0,49.878036686951205,0,0
-530.0,49.878036686951205,0,0
-520.0,49.878036686951205,0,0
-510.0,49.878036686951205,0,0
-500.0,49.878036686951205,0,0
-490.0,49.878036686951205,0,0
-480.0,49.878036686951205,0,0
-470.0,49.878036686951205,0,0
-460.0,49.878036686951205,0,0
-450.0,49.878036686951205,0,0
-440.0,49.878036686951205,0,0
-430.0,49.878036686951205,0,0
-420.0,49.878036686951205,0,0
-410.0,49.878036686951205,0,0
-400.0,49.878036686951205,0,0
-390.0,49.878036686951205,0,0
-380.0,49.878036686951205,0,0
-370.0,49.878036686951205,0,0
-360.0,49.878036686951205,0,0
-350.0,49.878036686951205,0,0
-340.0,49.878036686951205,0,0
-330.0,49.878036686951205,0,0
-320.0,49.878036686951205,0,0
-310.0,49.878036686951205,0,0
-300.0,49.878036686951205,0,0
-290.0,49.878036686951205,0,0
-280.0,49.878036686951205,0,0
-270.0,49.878036686951205,0,0
-260.0,49.878036686951205,0,0
-250.0,49.878036686951205,0,0
-240.0,49.878036686951205,0,0
-230.0,49.878036686951205,0,0
-220.0,49.878036686951205,0,0
-210.0,49.878036686951205,0,0
-200.0,49.878036686951205,0,0
-190.0,49.878036686951205,0,0
-180.0,49.878036686951205,0,0
-170.0,49.878036686951205,0,0
-160.0,49.878036686951205,0,0
-150.0,49.878036686951205,0,0
-140.0,49.878036686951205,0,0
-130.0,49.878036686951205,0,0
-120.0,49.878036686951205,0,0
-110.0,49.878036686951205,0,0
-100.0,49.878036686951205,0,0
-90.0,49.878036686951205,0,0
-80.0,49.878036686951205,0,0
-70.0,49.878036686951205,0,0
-60.0,49.878036686951205,0,0
-50.0,49.878036686951205,0,0
-40.0,49.878036686951205,0,0
-30.0,49.878036686951205,0,0
-20.0,49.878036686951205,0,0
-10.0,49.878036686951205,0,0
0.0,49.878036686951205,0,0
10.0,49.878036686951205,0,0
20.0,49.878036686951205,0,0
30.0,49.878036686951205,0,0
40.0,49.878036686951205,0,0
50.0,49.878036686951205,0,0
60.0,49.878036686951205,0,0
70.0,49.878036686951205,0,0
80.0,49.878036686951205,0,0
90.0,49.878036686951205,0,0
100.0,49.878036686951205,0,0
110.0,49.878036686951205,0,0
120.0,49.878036686951205,0,0
130.0,49.878036686951205,0,0
140.0,49.878036686951205,0,0
150.0,49.878036686951205,0,0
160.0,49.878036686951205,0,0
170.0,49.878036686951205,0,0
180.0,49.878036686951205,0,0
190.0,49.878036686951205,0,0
200.0,49.878036686951205,0,0
210.0,49.878036686951205,0,0
220.0,49.878036686951205,0,0
230.0,49.878036686951205,0,0
240.0,49.878036686951205,0,0
250.0,49.878036686951205,0,0
260.0,49.878036686951205,0,0
270.0,49.878036686951205,0,0
280.0,49.878036686951205,0,0
290.0,49.878036686951205,0,0
300.0,49.878036686951205,0,0
310.0,49.878036686951205,0,0
320.0,49.878036686951205,0,0
330.0,49.878036686951205,0,0
340.0,49.878036686951205,0,0
350.0,49.878036686951205,0,0
360.0,49.878036686951205,0,0
370.0,49.878036686951205,0,0
380.0,49.878036686951205,0,0
390.0,49.878036686951205,0,0
400.0,49.878036686951205,0,0
410.0,49.878036686951205,0,0
420.0,49.878036686951205,0,0
430.0,49.878036686951205,0,0
440.0,49.878036686951205,0,0
450.0,49.878036686951205,0,0
460.0,49.878036686951205,0,0
470.0,49.878036686951205,0,0
480.0,49.878036686951205,0,0
490.0,49.878036686951205,0,0
500.0,49.878036686951205,0,0
510.0,49.878036686951205,0,0
520.0,49.878036686951205,0,0
530.0,49.878036686951205,0,0
540.0,49.878036686951205,0,0
550.0,49.878036686951205,0,0
560.0,49.878036686951205,0,0
-555.0,58.53829072479559,0,0
-545.0,58.53829072479559,0,0
-535.0,58.53829072479559,0,0
-525.0,58.53829072479559,0,0
-515.0,58.53829072479559,0,0
-505.0,58.53829072479559,0,0
-495.0,58.53829072479559,0,0
-485.0,58.53829072479559,0,0
-475.0,58.53829072479559,0,0
-465.0,58.53829072479559,0,0
-455.0,58.53829072479559,0,0
-445.0,58.53829072479559,0,0
-435.0,58.53829072479559,0,0
-425.0,58.53829072479559,0,0
-415.0,58.53829072479559,0,0
-405.0,58.53829072479559,0,0
-395.0,58.53829072479559,0,0
-385.0,58.53829072479559,0,0
-375.0,58.53829072479559,0,0
-365.0,58.53829072479559,0,0
-355.0,58.53829072479559,0,0
-345.0,58.53829072479559,0,0
-335.0,58.53829072479559,0,0
-325.0,58.53829072479559,0,0
-315.0,58.53829072479559,0,0
-305.0,58.53829072479559,0,0
-295.0,58.53829072479559,0,0
-285.0,58.53829072479559,0,0
-275.0,58.53829072479559,0,0
-265.0,58.53829072479559,0,0
-255.0,58.53829072479559,0,0
-245.0,58.53829072479559,0,0
-235.0,58.53829072479559,0,0
-225.0,58.53829072479559,0,0
-215.0,58.53829072479559,0,0
-205.0,58.53829072479559,0,0
-195.0,58.53829072479559,0,0
-185.0,58.53829072479559,0,0
-175.0,58.53829072479559,0,0
-165.0,58.53829072479559,0,0
-155.0,58.53829072479559,0,0
-145.0,58.53829072479559,0,0
-135.0,58.53829072479559,0,0
-125.0,58.53829072479559,0,0
-115.0,58.53829072479559,0,0
-105.0,58.53829072479559,0,0
-95.0,58.53829072479559,0,0
-85.0,58.53829072479559,0,0
-75.0,58.53829072479559,0,0
-65.0,58.53829072479559,0,0
-55.0,58.53829072479559,0,0
-45.0,58.53829072479559,0,0
-35.0,58.53829072479559,0,0
-25.0,58.53829072479559,0,0
-15.0,58.53829072479559,0,0
-5.0,58.53829072479559,0,0
5.0,58.53829072479559,0,0
15.0,58.53829072479559,0,0
25.0,58.53829072479559,0,0
35.0,58.53829072479559,0,0
45.0,58.53829072479559,0,0
55.0,58.53829072479559,0,0
65.0,58.53829072479559,0,0
75.0,58.53829072479559,0,0
85.0,58.53829072479559,0,0
95.0,58.53829072479559,0,0
105.0,58.53829072479559,0,0
115.0,58.53829072479559,0,0
125.0,58.53829072479559,0,0
135.0,58.53829072479559,0,0
145.0,58.53829072479559,0,0
155.0,58.53829072479559,0,0
165.0,58.53829072479559,0,0
175.0,58.53829072479559,0,0
185.0,58.53829072479559,0,0
195.0,58.53829072479559,0,0
205.0,58.53829072479559,0,0
215.0,58.53829072479559,0,0
225.0,58.53829072479559,0,0
235.0,58.53829072479559,0,0
245.0,58.53829072479559,0,0
255.0,58.53829072479559,0,0
265.0,58.53829072479559,0,0
275.0,58.53829072479559,0,0
285.0,58.53829072479559,0,0
295.0,58.53829072479559,0,0
305.0,58.53829072479559,0,0
315.0,58.53829072479559,0,0
325.0,58.53829072479559,0,0
335.0,58.53829072479559,0,0
345.0,58.53829072479559,0,0
355.0,58.53829072479559,0,0
365.0,58.53829072479559,0,0
375.0,58.53829072479559,0,0
385.0,58.53829072479559,0,0
395.0,58.53829072479559,0,0
405.0,58.53829072479559,0,0
415.0,58.53829072479559,0,0
425.0,58.53829072479559,0,0
435.0,58.53829072479559,0,0
445.0,58.53829072479559,0,0
455.0,58.53829072479559,0,0
465.0,58.53829072479559,0,0
475.0,58.53829072479559,0,0
485.0,58.53829072479559,0,0
495.0,58.53829072479559,0,0
505.0,58.53829072479559,0,0
515.0,58.53829072479559,0,0
525.0,58.53829072479559,0,0
535.0,58.53829072479559,0,0
545.0,58.53829072479559,0,0
555.0,58.53829072479559,0,0
-560.0,67.19854476263997,0,0
-550.0,67.19854476263997,0,0
-540.0,67.19854476263997,0,0
-530.0,67.19854476263997,0,0
-520.0,67.19854476263997,0,0
-510.0,67.19854476263997,0,0
-500.0,67.19854476263997,0,0
-490.0,67.19854476263997,0,0
-480.0,67.19854476263997,0,0
-470.0,67.19854476263997,0,0
-460.0,67.19854476263997,0,0
-450.0,67.19854476263997,0,0
-440.0,67.19854476263997,0,0
-430.0,67.19854476263997,0,0
-420.0,67.19854476263997,0,0
-410.0,67.19854476263997,0,0
-400.0,67.19854476263997,0,0
-390.0,67.19854476263997,0,0
-380.0,67.19854476263997,0,0
-370.0,67.19854476263997,0,0
-360.0,67.19854476263997,0,0
-350.0,67.19854476263997,0,0
-340.0,67.19854476263997,0,0
-330.0,67.19854476263997,0,0
-320.0,67.19854476263997,0,0
-310.0,67.19854476263997,0,0
-300.0,67.19854476263997,0,0
-290.0,67.19854476263997,0,0
-280.0,67.19854476263997,0,0
-270.0,67.19854476263997,0,0
-260.0,67.19854476263997,0,0
-250.0,67.19854476263997,0,0
-240.0,67.19854476263997,0,0
-230.0,67.19854476263997,0,0
-220.0,67.19854476263997,0,0
-210.0,67.19854476263997,0,0
-200.0,67.19854476263997,0,0
-190.0,67.19854476263997,0,0
-180.0,67.19854476263997,0,0
-170.0,67.19854476263997,0,0
-160.0,67.19854476263997,0,0
-150.0,67.19854476263997,0,0
-140.0,67.19854476263997,0,0
-130.0,67.19854476263997,0,0
-120.0,67.19854476263997,0,0
-110.0,67.19854476263997,0,0
-100.0,67.19854476263997,0,0
-90.0,67.19854476263997,0,0
-80.0,67.19854476263997,0,0
-70.0,67.19854476263997,0,0
-60.0,67.19854476263997,0,0
-50.0,67.19854476263997,0,0
-40.0,67.19854476263997,0,0
-30.0,67.19854476263997,0,0
-20.0,67.19854476263997,0,0
-10.0,67.19854476263997,0,0
0.0,67.19854476263997,0,0
10.0,67.19854476263997,0,0
20.0,67.19854476263997,0,0
30.0,67.19854476263997,0,0
40.0,67.19854476263997,0,0
50.0,67.19854476263997,0,0
60.0,67.19854476263997,0,0
70.0,67.19854476263997,0,0
80.0,67.19854476263997,0,0
90.0,67.19854476263997,0,0
100.0,67.19854476263997,0,0
110.0,67.19854476263997,0,0
120.0,67.19854476263997,0,0
130.0,67.19854476263997,0,0
140.0,67.19854476263997,0,0
150.0,67.19854476263997,0,0
160.0,67.19854476263997,0,0
170.0,67.19854476263997,0,0
180.0,67.19854476263997,0,0
190.0,67.19854476263997,0,0
200.0,67.19854476263997,0,0
210.0,67.19854476263997,0,0
220.0,67.19854476263997,0,0
230.0,67.19854476263997,0,0
240.0,67.19854476263997,0,0
250.0,67.19854476263997,0,0
260.0,67.19854476263997,0,0
270.0,67.19854476263997,0,0
280.0,67.19854476263997,0,0
290.0,67.19854476263997,0,0
300.0,67.19854476263997,0,0
310.0,67.19854476263997,0,0
320.0,67.19854476263997,0,0
330.0,67.19854476263997,0,0
340.0,67.19854476263997,0,0
350.0,67.19854476263997,0,0
360.0,67.19854476263997,0,0
370.0,67.19854476263997,0,0
380.0,67.19854476263997,0,0
390.0,67.19854476263997,0,0
400.0,67.19854476263997,0,0
410.0,67.19854476263997,0,0
420.0,67.19854476263997,0,0
430.0,67.19854476263997,0,0
440.0,67.19854476263997,0,0
450.0,67.19854476263997,0,0
460.0,67.19854476263997,0,0
470.0,67.19854476263997,0,0
480.0,67.19854476263997,0,0
490.0,67.19854476263997,0,0
500.0,67.19854476263997,0,0
510.0,67.19854476263997,0,0
520.0,67.19854476263997,0,0
530.0,67.19854476263997,0,0
540.0,67.19854476263997,0,0
550.0,67.19854476263997,0,0
560.0,67.19854476263997,0,0
-555.0,75.85879880048435,0,0
-545.0,75.85879880048435,0,0
-535.0,75.85879880048435,0,0
-525.0,75.85879880048435,0,0
-515.0,75.85879880048435,0,0
-505.0,75.85879880048435,0,0
-495.0,75.85879880048435,0,0
-485.0,75.85879880048435,0,0
-475.0,75.85879880048435,0,0
-465.0,75.85879880048435,0,0
-455.0,75.85879880048435,0,0
-445.0,75.85879880048435,0,0
-435.0,75.85879880048435,0,0
-425.0,75.85879880048435,0,0
-415.0,75.85879880048435,0,0
-405.0,75.85879880048435,0,0
-395.0,75.85879880048435,0,0
-385.0,75.85879880048435,0,0
-375.0,75.85879880048435,0,0
-365.0,75.85879880048435,0,0
-355.0,75.85879880048435,0,0
-345.0,75.85879880048435,0,0
-335.0,75.85879880048435,0,0
-325.0,75.85879880048435,0,0
-315.0,75.85879880048435,0,0
-305.0,75.85879880048435,0,0
-295.0,75.85879880048435,0,0
-285.0,75.85879880048435,0,0
-275.0,75.85879880048435,0,0
-265.0,75.85879880048435,0,0
-255.0,75.85879880048435,0,0
-245.0,75.85879880048435,0,0
-235.0,75.85879880048435,0,0
-225.0,75.85879880048435,0,0
-215.0,75.85879880048435,0,0
-205.0,75.85879880048435,0,0
-195.0,75.85879880048435,0,0
-185.0,75.85879880048435,0,0
-175.0,75.85879880048435,0,0
-165.0,75.85879880048435,0,0
-155.0,75.85879880048435,0,0
-145.0,75.85879880048435,0,0
-135.0,75.85879880048435,0,0
-125.0,75.85879880048435,0,0
-115.0,75.85879880048435,0,0
-105.0,75.85879880048435,0,0
-95.0,75.85879880048435,0,0
-85.0,75.85879880048435,0,0
-75.0,75.85879880048435,0,0
-65.0,75.85879880048435,0,0
-55.0,75.85879880048435,0,0
-45.0,75.85879880048435,0,0
-35.0,75.85879880048435,0,0
-25.0,75.85879880048435,0,0
-15.0,75.85879880048435,0,0
-5.0,75.85879880048435,0,0
5.0,75.85879880048435,0,0
15.0,75.85879880048435,0,0
25.0,75.85879880048435,0,0
35.0,75.85879880048435,0,0
45.0,75.85879880048435,0,0
55.0,75.85879880048435,0,0
65.0,75.85879880048435,0,0
75.0,75.85879880048435,0,0
85.0,75.85879880048435,0,0
95.0,75.85879880048435,0,0
105.0,75.85879880048435,0,0
115.0,75.85879880048435,0,0
125.0,75.85879880048435,0,0
135.0,75.85879880048435,0,0
145.0,75.85879880048435,0,0
155.0,75.85879880048435,0,0
165.0,75.85879880048435,0,0
175.0,75.85879880048435,0,0
185.0,75.85879880048435,0,0
195.0,75.85879880048435,0,0
205.0,75.85879880048435,0,0
215.0,75.85879880048435,0,0
225.0,75.85879880048435,0,0
235.0,75.85879880048435,0,0
245.0,75.85879880048435,0,0
255.0,75.85879880048435,0,0
265.0,75.85879880048435,0,0
275.0,75.85879880048435,0,0
285.0,75.85879880048435,0,0
295.0,75.85879880048435,0,0
305.0,75.85879880048435,0,0
315.0,75.85879880048435,0,0
325.0,75.85879880048435,0,0
335.0,75.85879880048435,0,0
345.0,75.85879880048435,0,0
355.0,75.85879880048435,0,0
365.0,75.85879880048435,0,0
375.0,75.85879880048435,0,0
385.0,75.85879880048435,0,0
395.0,75.85879880048435,0,0
405.0,75.85879880048435,0,0
415.0,75.85879880048435,0,0
425.0,75.85879880048435,0,0
435.0,75.85879880048435,0,0
445.0,75.85879880048435,0,0
455.0,75.85879880048435,0,0
465.0,75.85879880048435,0,0
475.0,75.85879880048435,0,0
485.0,75.85879880048435,0,0
495.0,75.85879880048435,0,0
505.0,75.85879880048435,0,0
515.0,75.85879880048435,0,0
525.0,75.85879880048435,0,0
535.0,75.85879880048435,0,0
545.0,75.85879880048435,0,0
555.0,75.85879880048435,0,0
-550.0,84.51905283832873,0,0
-540.0,84.51905283832873,0,0
-530.0,84.51905283832873,0,0
-520.0,84.51905283832873,0,0
-510.0,84.51905283832873,0,0
-500.0,84.51905283832873,0,0
-490.0,84.51905283832873,0,0
-480.0,84.51905283832873,0,0
-470.0,84.51905283832873,0,0
-460.0,84.51905283832873,0,0
-450.0,84.51905283832873,0,0
-440.0,84.51905283832873,0,0
-430.0,84.51905283832873,0,0
-420.0,84.51905283832873,0,0
-410.0,84.51905283832873,0,0
-400.0,84.51905283832873,0,0
-390.0,84.51905283832873,0,0
-380.0,84.51905283832873,0,0
-370.0,84.51905283832873,0,0
-360.0,84.51905283832873,0,0
-350.0,84.51905283832873,0,0
-340.0,84.51905283832873,0,0
-330.0,84.51905283832873,0,0
-320.0,84.51905283832873,0,0
-310.0,84.51905283832873,0,0
-300.0,84.51905283832873,0,0
-290.0,84.51905283832873,0,0
-280.0,84.51905283832873,0,0
-270.0,84.51905283832873,0,0
-260.0,84.51905283832873,0,0
-250.0,84.51905283832873,0,0
-240.0,84.51905283832873,0,0
-230.0,84.51905283832873,0,0
-220.0,84.51905283832873,0,0
-210.0,84.51905283832873,0,0
-200.0,84.51905283832873,0,0
-190.0,84.51905283832873,0,0
-180.0,84.51905283832873,0,0
-170.0,84.51905283832873,0,0
-160.0,84.51905283832873,0,0
-150.0,84.51905283832873,0,0
-140.0,84.51905283832873,0,0
-130.0,84.51905283832873,0,0
-120.0,84.51905283832873,0,0
-110.0,84.51905283832873,0,0
-100.0,84.51905283832873,0,0
-90.0,84.51905283832873,0,0
-80.0,84.51905283832873,0,0
-70.0,84.51905283832873,0,0
-60.0,84.51905283832873,0,0
-50.0,84.51905283832873,0,0
-40.0,84.51905283832873,0,0
-30.0,84.51905283832873,0,0
-20.0,84.51905283832873,0,0
-10.0,84.51905283832873,0,0
0.0,84.51905283832873,0,0
10.0,84.51905283832873,0,0
20.0,84.51905283832873,0,0
30.0,84.51905283832873,0,0
40.0,84.51905283832873,0,0
50.0,84.51905283832873,0,0
60.0,84.51905283832873,0,0
70.0,84.51905283832873,0,0
80.0,84.51905283832873,0,0
90.0,84.51905283832873,0,0
100.0,84.51905283832873,0,0
110.0,84.51905283832873,0,0
120.0,84.51905283832873,0,0
130.0,84.51905283832873,0,0
140.0,84.51905283832873,0,0
150.0,84.51905283832873,0,0
160.0,84.51905283832873,0,0
170.0,84.51905283832873,0,0
180.0,84.51905283832873,0,0
190.0,84.51905283832873,0,0
200.0,84.51905283832873,0,0
210.0,84.51905283832873,0,0
220.0,84.51905283832873,0,0
230.0,84.51905283832873,0,0
240.0,84.51905283832873,0,0
250.0,84.51905283832873,0,0
260.0,84.51905283832873,0,0
270.0,84.51905283832873,0,0
280.0,84.51905283832873,0,0
290.0,84.51905283832873,0,0
300.0,84.51905283832873,0,0
310.0,84.51905283832873,0,0
320.0,84.51905283832873,0,0
330.0,84.51905283832873,0,0
340.0,84.51905283832873,0,0
350.0,84.51905283832873,0,0
360.0,84.51905283832873,0,0
370.0,84.51905283832873,0,0
380.0,84.51905283832873,0,0
390.0,84.51905283832873,0,0
400.0,84.51905283832873,0,0
410.0,84.51905283832873,0,0
420.0,84.51905283832873,0,0
430.0,84.51905283832873,0,0
440.0,84.51905283832873,0,0
450.0,84.51905283832873,0,0
460.0,84.51905283832873,0,0
470.0,84.51905283832873,0,0
480.0,84.51905283832873,0,0
490.0,84.51905283832873,0,0
500.0,84.51905283832873,0,0
510.0,84.51905283832873,0,0
520.0,84.51905283832873,0,0
530.0,84.51905283832873,0,0
540.0,84.51905283832873,0,0
550.0,84.51905283832873,0,0
-555.0,93.17930687617311,0,0
-545.0,93.17930687617311,0,0
-535.0,93.17930687617311,0,0
-525.0,93.17930687617311,0,0
-515.0,93.17930687617311,0,0
-505.0,93.17930687617311,0,0
-495.0,93.17930687617311,0,0
-485.0,93.17930687617311,0,0
-475.0,93.17930687617311,0,0
-465.0,93.17930687617311,0,0
-455.0,93.17930687617311,0,0
-445.0,93.17930687617311,0,0
-435.0,93.17930687617311,0,0
-425.0,93.17930687617311,0,0
-415.0,93.17930687617311,0,0
-405.0,93.17930687617311,0,0
-395.0,93.17930687617311,0,0
-385.0,93.17930687617311,0,0
-375.0,93.17930687617311,0,0
-365.0,93.17930687617311,0,0
-355.0,93.17930687617311,0,0
-345.0,93.17930687617311,0,0
-335.0,93.17930687617311,0,0
-325.0,93.17930687617311,0,0
-315.0,93.17930687617311,0,0
-305.0,93.17930687617311,0,0
-295.0,93.17930687617311,0,0
-285.0,93.17930687617311,0,0
-275.0,93.17930687617311,0,0
-265.0,93.17930687617311,0,0
-255.0,93.17930687617311,0,0
-245.0,93.17930687617311,0,0
-235.0,93.17930687617311,0,0
-225.0,93.17930687617311,0,0
-215.0,93.17930687617311,0,0
-205.0,93.17930687617311,0,0
-195.0,93.17930687617311,0,0
-185.0,93.17930687617311,0,0
-175.0,93.17930687617311,0,0
-165.0,93.17930687617311,0,0
-155.0,93.17930687617311,0,0
-145.0,93.17930687617311,0,0
-135.0,93.17930687617311,0,0
-125.0,93.17930687617311,0,0
-115.0,93.17930687617311,0,0
-105.0,93.17930687617311,0,0
-95.0,93.17930687617311,0,0
-85.0,93.17930687617311,0,0
-75.0,93.17930687617311,0,0
-65.0,93.17930687617311,0,0
-55.0,93.17930687617311,0,0
-45.0,93.17930687617311,0,0
-35.0,93.17930687617311,0,0
-25.0,93.17930687617311,0,0
-15.0,93.17930687617311,0,0
-5.0,93.17930687617311,0,0
5.0,93.17930687617311,0,0
15.0,93.17930687617311,0,0
25.0,93.17930687617311,0,0
35.0,93.17930687617311,0,0
45.0,93.17930687617311,0,0
55.0,93.17930687617311,0,0
65.0,93.17930687617311,0,0
75.0,93.17930687617311,0,0
85.0,93.17930687617311,0,0
95.0,93.17930687617311,0,0
105.0,93.17930687617311,0,0
115.0,93.17930687617311,0,0
125.0,93.17930687617311,0,0
135.0,93.17930687617311,0,0
145.0,93.17930687617311,0,0
155.0,93.17930687617311,0,0
165.0,93.17930687617311,0,0
175.0,93.17930687617311,0,0
185.0,93.17930687617311,0,0
195.0,93.17930687617311,0,0
205.0,93.17930687617311,0,0
215.0,93.17930687617311,0,0
225.0,93.17930687617311,0,0
235.0,93.17930687617311,0,0
245.0,93.17930687617311,0,0
255.0,93.17930687617311,0,0
265.0,93.17930687617311,0,0
275.0,93.17930687617311,0,0
285.0,93.17930687617311,0,0
295.0,93.17930687617311,0,0
305.0,93.17930687617311,0,0
315.0,93.17930687617311,0,0
325.0,93.17930687617311,0,0
335.0,93.17930687617311,0,0
345.0,93.17930687617311,0,0
355.0,93.17930687617311,0,0
365.0,93.17930687617311,0,0
375.0,93.17930687617311,0,0
385.0,93.17930687617311,0,0
395.0,93.17930687617311,0,0
405.0,93.17930687617311,0,0
415.0,93.17930687617311,0,0
425.0,93.17930687617311,0,0
435.0,93.17930687617311,0,0
445.0,93.17930687617311,0,0
455.0,93.17930687617311,0,0
465.0,93.17930687617311,0,0
475.0,93.17930687617311,0,0
485.0,93.17930687617311,0,0
495.0,93.17930687617311,0,0
505.0,93.17930687617311,0,0
515.0,93.17930687617311,0,0
525.0,93.17930687617311,0,0
535.0,93.17930687617311,0,0
545.0,93.17930687617311,0,0
555.0,93.17930687617311,0,0
-550.0,101.8395609140175,0,0
-540.0,101.8395609140175,0,0
-530.0,101.8395609140175,0,0
-520.0,101.8395609140175,0,0
-510.0,101.8395609140175,0,0
-500.0,101.8395609140175,0,0
-490.0,101.8395609140175,0,0
-480.0,101.8395609140175,0,0
-470.0,101.8395609140175,0,0
-460.0,101.8395609140175,0,0
-450.0,101.8395609140175,0,0
-440.0,101.8395609140175,0,0
-430.0,101.8395609140175,0,0
-420.0,101.8395609140175,0,0
-410.0,101.8395609140175,0,0
-400.0,101.8395609140175,0,0
-390.0,101.8395609140175,0,0
-380.0,101.8395609140175,0,0
-370.0,101.8395609140175,0,0
-360.0,101.8395609140175,0,0
-350.0,101.8395609140175,0,0
-340.0,101.8395609140175,0,0
-330.0,101.8395609140175,0,0
-320.0,101.8395609140175,0,0
-310.0,101.8395609140175,0,0
-300.0,101.8395609140175,0,0
-290.0,101.8395609140175,0,0
-280.0,101.8395609140175,0,0
-270.0,101.8395609140175,0,0
-260.0,101.8395609140175,0,0
-250.0,101.8395609140175,0,0
-240.0,101.8395609140175,0,0
-230.0,101.8395609140175,0,0
-220.0,101.8395609140175,0,0
-210.0,101.8395609140175,0,0
-200.0,101.8395609140175,0,0
-190.0,101.8395609140175,0,0
-180.0,101.8395609140175,0,0
-170.0,101.8395609140175,0,0
-160.0,101.8395609140175,0,0
-150.0,101.8395609140175,0,0
-140.0,101.8395609140175,0,0
-130.0,101.8395609140175,0,0
-120.0,101.8395609140175,0,0
-110.0,101.8395609140175,0,0
-100.0,101.8395609140175,0,0
-90.0,101.8395609140175,0,0
-80.0,101.8395609140175,0,0
-70.0,101.8395609140175,0,0
-60.0,101.8395609140175,0,0
-50.0,101.8395609140175,0,0
-40.0,101.8395609140175,0,0
-30.0,101.8395609140175,0,0
-20.0,101.8395609140175,0,0
-10.0,101.8395609140175,0,0
0.0,101.8395609140175,0,0
10.0,101.8395609140175,0,0
20.0,101.8395609140175,0,0
30.0,101.8395609140175,0,0
40.0,101.8395609140175,0,0
50.0,101.8395609140175,0,0
60.0,101.8395609140175,0,0
70.0,101.8395609140175,0,0
80.0,101.8395609140175,0,0
90.0,101.8395609140175,0,0
100.0,101.8395609140175,0,0
110.0,101.8395609140175,0,0
120.0,101.8395609140175,0,0
130.0,101.8395609140175,0,0
140.0,101.8395609140175,0,0
150.0,101.8395609140175,0,0
160.0,101.8395609140175,0,0
170.0,101.8395609140175,0,0
180.0,101.8395609140175,0,0
190.0,101.8395609140175,0,0
200.0,101.8395609140175,0,0
210.0,101.8395609140175,0,0
220.0,101.8395609140175,0,0
230.0,101.8395609140175,0,0
240.0,101.8395609140175,0,0
250.0,101.8395609140175,0,0
260.0,101.8395609140175,0,0
270.0,101.8395609140175,0,0
280.0,101.8395609140175,0,0
290.0,101.8395609140175,0,0
300.0,101.8395609140175,0,0
310.0,101.8395609140175,0,0
320.0,101.8395609140175,0,0
330.0,101.8395609140175,0,0
340.0,101.8395609140175,0,0
350.0,101.8395609140175,0,0
360.0,101.8395609140175,0,0
370.0,101.8395609140175,0,0
380.0,101.8395609140175,0,0
390.0,101.8395609140175,0,0
400.0,101.8395609140175,0,0
410.0,101.8395609140175,0,0
420.0,101.8395609140175,0,0
430.0,101.8395609140175,0,0
440.0,101.8395609140175,0,0
450.0,101.8395609140175,0,0
460.0,101.8395609140175,0,0
470.0,101.8395609140175,0,0
480.0,101.8395609140175,0,0
490.0,101.8395609140175,0,0
500.0,101.8395609140175,0,0
510.0,101.8395609140175,0,0
520.0,101.8395609140175,0,0
530.0,101.8395609140175,0,0
540.0,101.8395609140175,0,0
550.0,101.8395609140175,0,0
-545.0,110.49981495186188,0,0
-535.0,110.49981495186188,0,0
-525.0,110.49981495186188,0,0
-515.0,110.49981495186188,0,0
-505.0,110.49981495186188,0,0
-495.0,110.49981495186188,0,0
-485.0,110.49981495186188,0,0
-475.0,110.49981495186188,0,0
-465.0,110.49981495186188,0,0
-455.0,110.49981495186188,0,0
-445.0,110.49981495186188,0,0
-435.0,110.49981495186188,0,0
-425.0,110.49981495186188,0,0
-415.0,110.49981495186188,0,0
-405.0,110.49981495186188,0,0
-395.0,110.49981495186188,0,0
-385.0,110.49981495186188,0,0
-375.0,110.49981495186188,0,0
-365.0,110.49981495186188,0,0
-355.0,110.49981495186188,0,0
-345.0,110.49981495186188,0,0
-335.0,110.49981495186188,0,0
-325.0,110.49981495186188,0,0
-315.0,110.49981495186188,0,0
-305.0,110.49981495186188,0,0
-295.0,110.49981495186188,0,0
-285.0,110.49981495186188,0,0
-275.0,110.49981495186188,0,0
-265.0,110.49981495186188,0,0
-255.0,110.49981495186188,0,0
-245.0,110.49981495186188,0,0
-235.0,110.49981495186188,0,0
-225.0,110.49981495186188,0,0
-215.0,110.49981495186188,0,0
-205.0,110.49981495186188,0,0
-195.0,110.49981495186188,0,0
-185.0,110.49981495186188,0,0
-175.0,110.49981495186188,0,0
-165.0,110.49981495186188,0,0
-155.0,110.49981495186188,0,0
-145.0,110.49981495186188,0,0
-135.0,110.49981495186188,0,0
-125.0,110.49981495186188,0,0
-115.0,110.49981495186188,0,0
-105.0,110.49981495186188,0,0
-95.0,110.49981495186188,0,0
-85.0,110.49981495186188,0,0
-75.0,110.49981495186188,0,0
-65.0,110.49981495186188,0,0
-55.0,110.49981495186188,0,0
-45.0,110.49981495186188,0,0
-35.0,110.49981495186188,0,0
-25.0,110.49981495186188,0,0
-15.0,110.49981495186188,0,0
-5.0,110.49981495186188,0,0
5.0,110.49981495186188,0,0
15.0,110.49981495186188,0,0
25.0,110.49981495186188,0,0
35.0,110.49981495186188,0,0
45.0,110.49981495186188,0,0
55.0,110.49981495186188,0,0
65.0,110.49981495186188,0,0
75.0,110.49981495186188,0,0
85.0,110.49981495186188,0,0
95.0,110.49981495186188,0,0
105.0,110.49981495186188,0,0
115.0,110.49981495186188,0,0
125.0,110.49981495186188,0,0
135.0,110.49981495186188,0,0
145.0,110.49981495186188,0,0
155.0,110.49981495186188,0,0
165.0,110.49981495186188,0,0
175.0,110.49981495186188,0,0
185.0,110.49981495186188,0,0
195.0,110.49981495186188,0,0
205.0,110.49981495186188,0,0
215.0,110.49981495186188,0,0
225.0,110.49981495186188,0,0
235.0,110.49981495186188,0,0
245.0,110.49981495186188,0,0
255.0,110.49981495186188,0,0
265.0,110.49981495186188,0,0
275.0,110.49981495186188,0,0
285.0,110.49981495186188,0,0
295.0,110.49981495186188,0,0
305.0,110.49981495186188,0,0
315.0,110.49981495186188,0,0
325.0,110.49981495186188,0,0
335.0,110.49981495186188,0,0
345.0,110.49981495186188,0,0
355.0,110.49981495186188,0,0
365.0,110.49981495186188,0,0
375.0,110.49981495186188,0,0
385.0,110.49981495186188,0,0
395.0,110.49981495186188,0,0
405.0,110.49981495186188,0,0
415.0,110.49981495186188,0,0
425.0,110.49981495186188,0,0
435.0,110.49981495186188,0,0
445.0,110.49981495186188,0,0
455.0,110.49981495186188,0,0
465.0,110.49981495186188,0,0
475.0,110.49981495186188,0,0
485.0,110.49981495186188,0,0
495.0,110.49981495186188,0,0
505.0,110.49981495186188,0,0
515.0,110.49981495186188,0,0
525.0,110.49981495186188,0,0
535.0,110.49981495186188,0,0
545.0,110.49981495186188,0,0
-550.0,119.16006898970626,0,0
-540.0,119.16006898970626,0,0
-530.0,119.16006898970626,0,0
-520.0,119.16006898970626,0,0
-510.0,119.16006898970626,0,0
-500.0,119.16006898970626,0,0
-490.0,119.16006898970626,0,0
-480.0,119.16006898970626,0,0
-470.0,119.16006898970626,0,0
-460.0,119.16006898970626,0,0
-450.0,119.16006898970626,0,0
-440.0,119.16006898970626,0,0
-430.0,119.16006898970626,0,0
-420.0,119.16006898970626,0,0
-410.0,119.16006898970626,0,0
-400.0,119.16006898970626,0,0
-390.0,119.16006898970626,0,0
-380.0,119.16006898970626,0,0
-370.0,119.16006898970626,0,0
-360.0,119.16006898970626,0,0
-350.0,119.16006898970626,0,0
-340.0,119.16006898970626,0,0
-330.0,119.16006898970626,0,0
-320.0,119.16006898970626,0,0
-310.0,119.16006898970626,0,0
-300.0,119.16006898970626,0,0
-290.0,119.16006898970626,0,0
-280.0,119.16006898970626,0,0
-270.0,119.16006898970626,0,0
-260.0,119.16006898970626,0,0
-250.0,119.16006898970626,0,0
-240.0,119.16006898970626,0,0
-230.0,119.16006898970626,0,0
-220.0,119.16006898970626,0,0
-210.0,119.16006898970626,0,0
-200.0,119.16006898970626,0,0
-190.0,119.16006898970626,0,0
-180.0,119.16006898970626,0,0
-170.0,119.16006898970626,0,0
-160.0,119.16006898970626,0,0
-150.0,119.16006898970626,0,0
-140.0,119.16006898970626,0,0
-130.0,119.16006898970626,0,0
-120.0,119.16006898970626,0,0
-110.0,119.16006898970626,0,0
-100.0,119.16006898970626,0,0
-90.0,119.16006898970626,0,0
-80.0,119.16006898970626,0,0
-70.0,119.16006898970626,0,0
-60.0,119.16006898970626,0,0
-50.0,119.16006898970626,0,0
-40.0,119.16006898970626,0,0
-30.0,119.16006898970626,0,0
-20.0,119.16006898970626,0,0
-10.0,119.16006898970626,0,0
0.0,119.16006898970626,0,0
10.0,119.16006898970626,0,0
20.0,119.16006898970626,0,0
30.0,119.16006898970626,0,0
40.0,119.16006898970626,0,0
50.0,119.16006898970626,0,0
60.0,119.16006898970626,0,0
70.0,119.16006898970626,0,0
80.0,119.16006898970626,0,0
90.0,119.16006898970626,0,0
100.0,119.16006898970626,0,0
110.0,119.16006898970626,0,0
120.0,119.16006898970626,0,0
130.0,119.16006898970626,0,0
140.0,119.16006898970626,0,0
150.0,119.16006898970626,0,0
160.0,119.16006898970626,0,0
170.0,119.16006898970626,0,0
180.0,119.16006898970626,0,0
190.0,119.16006898970626,0,0
200.0,119.16006898970626,0,0
210.0,119.16006898970626,0,0
220.0,119.16006898970626,0,0
230.0,119.16006898970626,0,0
240.0,119.16006898970626,0,0
250.0,119.16006898970626,0,0
260.0,119.16006898970626,0,0
270.0,119.16006898970626,0,0
280.0,119.16006898970626,0,0
290.0,119.16006898970626,0,0
300.0,119.16006898970626,0,0
310.0,119.16006898970626,0,0
320.0,119.16006898970626,0,0
330.0,119.16006898970626,0,0
340.0,119.16006898970626,0,0
350.0,119.16006898970626,0,0
360.0,119.16006898970626,0,0
370.0,119.16006898970626,0,0
380.0,119.16006898970626,0,0
390.0,119.16006898970626,0,0
400.0,119.16006898970626,0,0
410.0,119.16006898970626,0,0
420.0,119.16006898970626,0,0
430.0,119.16006898970626,0,0
440.0,119.16006898970626,0,0
450.0,119.16006898970626,0,0
460.0,119.16006898970626,0,0
470.0,119.16006898970626,0,0
480.0,119.16006898970626,0,0
490.0,119.16006898970626,0,0
500.0,119.16006898970626,0,0
510.0,119.16006898970626,0,0
520.0,119.16006898970626,0,0
530.0,119.16006898970626,0,0
540.0,119.16006898970626,0,0
550.0,119.16006898970626,0,0
-545.0,127.82032302755064,0,0
-535.0,127.82032302755064,0,0
-525.0,127.82032302755064,0,0
-515.0,127.82032302755064,0,0
-505.0,127.82032302755064,0,0
-495.0,127.82032302755064,0,0
-485.0,127.82032302755064,0,0
-475.0,127.82032302755064,0,0
-465.0,127.82032302755064,0,0
-455.0,127.82032302755064,0,0
-445.0,127.82032302755064,0,0
-435.0,127.82032302755064,0,0
-425.0,127.82032302755064,0,0
-415.0,127.82032302755064,0,0
-405.0,127.82032302755064,0,0
-395.0,127.82032302755064,0,0
-385.0,127.82032302755064,0,0
-375.0,127.82032302755064,0,0
-365.0,127.82032302755064,0,0
-355.0,127.82032302755064,0,0
-345.0,127.82032302755064,0,0
-335.0,127.82032302755064,0,0
-325.0,127.82032302755064,0,0
-315.0,127.82032302755064,0,0
-305.0,127.82032302755064,0,0
-295.0,127.82032302755064,0,0
-285.0,127.82032302755064,0,0
-275.0,127.82032302755064,0,0
-265.0,127.82032302755064,0,0
-255.0,127.82032302755064,0,0
-245.0,127.82032302755064,0,0
-235.0,127.82032302755064,0,0
-225.0,127.82032302755064,0,0
-215.0,127.82032302755064,0,0
-205.0,127.82032302755064,0,0
-195.0,127.82032302755064,0,0
-185.0,127.82032302755064,0,0
-175.0,127.82032302755064,0,0
-165.0,127.82032302755064,0,0
-155.0,127.82032302755064,0,0
-145.0,127.82032302755064,0,0
-135.0,127.82032302755064,0,0
-125.0,127.82032302755064,0,0
-115.0,127.82032302755064,0,0
-105.0,127.82032302755064,0,0
-95.0,127.82032302755064,0,0
-85.0,127.82032302755064,0,0
-75.0,127.82032302755064,0,0
-65.0,127.82032302755064,0,0
-55.0,127.82032302755064,0,0
-45.0,127.82032302755064,0,0
-35.0,127.82032302755064,0,0
-25.0,127.82032302755064,0,0
-15.0,127.82032302755064,0,0
-5.0,127.82032302755064,0,0
5.0,127.82032302755064,0,0
15.0,127.82032302755064,0,0
25.0,127.82032302755064,0,0
35.0,127.82032302755064,0,0
45.0,127.82032302755064,0,0
55.0,127.82032302755064,0,0
65.0,127.82032302755064,0,0
75.0,127.82032302755064,0,0
85.0,127.82032302755064,0,0
95.0,127.82032302755064,0,0
105.0,127.82032302755064,0,0
115.0,127.82032302755064,0,0
125.0,127.82032302755064,0,0
135.0,127.82032302755064,0,0
145.0,127.82032302755064,0,0
155.0,127.82032302755064,0,0
165.0,127.82032302755064,0,0
175.0,127.82032302755064,0,0
185.0,127.82032302755064,0,0
195.0,127.82032302755064,0,0
205.0,127.82032302755064,0,0
215.0,127.82032302755064,0,0
225.0,127.82032302755064,0,0
235.0,127.82032302755064,0,0
245.0,127.82032302755064,0,0
255.0,127.82032302755064,0,0
265.0,127.82032302755064,0,0
275.0,127.82032302755064,0,0
285.0,127.82032302755064,0,0
295.0,127.82032302755064,0,0
305.0,127.82032302755064,0,0
315.0,127.82032302755064,0,0
325.0,127.82032302755064,0,0
335.0,127.82032302755064,0,0
345.0,127.82032302755064,0,0
355.0,127.82032302755064,0,0
365.0,127.82032302755064,0,0
375.0,127.82032302755064,0,0
385.0,127.82032302755064,0,0
395.0,127.82032302755064,0,0
405.0,127.82032302755064,0,0
415.0,127.82032302755064,0,0
425.0,127.82032302755064,0,0
435.0,127.82032302755064,0,0
445.0,127.82032302755064,0,0
455.0,127.82032302755064,0,0
465.0,127.82032302755064,0,0
475.0,127.82032302755064,0,0
485.0,127.82032302755064,0,0
495.0,127.82032302755064,0,0
505.0,127.82032302755064,0,0
515.0,127.82032302755064,0,0
525.0,127.82032302755064,0,0
535.0,127.82032302755064,0,0
545.0,127.82032302755064,0,0
-540.0,136.48057706539504,0,0
-530.0,136.48057706539504,0,0
-520.0,136.48057706539504,0,0
-510.0,136.48057706539504,0,0
-500.0,136.48057706539504,0,0
-490.0,136.48057706539504,0,0
-480.0,136.48057706539504,0,0
-470.0,136.48057706539504,0,0
-460.0,136.48057706539504,0,0
-450.0,136.48057706539504,0,0
-440.0,136.48057706539504,0,0
-430.0,136.48057706539504,0,0
-420.0,136.48057706539504,0,0
-410.0,136.48057706539504,0,0
-400.0,136.48057706539504,0,0
-390.0,136.48057706539504,0,0
-380.0,136.48057706539504,0,0
-370.0,136.48057706539504,0,0
-360.0,136.48057706539504,0,0
-350.0,136.48057706539504,0,0
-340.0,136.48057706539504,0,0
-330.0,136.48057706539504,0,0
-320.0,136.48057706539504,0,0
-310.0,136.48057706539504,0,0
-300.0,136.48057706539504,0,0
-290.0,136.48057706539504,0,0
-280.0,136.48057706539504,0,0
-270.0,136.48057706539504,0,0
-260.0,136.48057706539504,0,0
-250.0,136.48057706539504,0,0
-240.0,136.48057706539504,0,0
-230.0,136.48057706539504,0,0
-220.0,136.48057706539504,0,0
-210.0,136.48057706539504,0,0
-200.0,136.48057706539504,0,0
-190.0,136.48057706539504,0,0
-180.0,136.48057706539504,0,0
-170.0,136.48057706539504,0,0
-160.0,136.48057706539504,0,0
-150.0,136.48057706539504,0,0
-140.0,136.48057706539504,0,0
-130.0,136.48057706539504,0,0
-120.0,136.48057706539504,0,0
-110.0,136.48057706539504,0,0
-100.0,136.48057706539504,0,0
-90.0,136.48057706539504,0,0
-80.0,136.48057706539504,0,0
-70.0,136.48057706539504,0,0
-60.0,136.48057706539504,0,0
-50.0,136.48057706539504,0,0
-40.0,136.48057706539504,0,0
-30.0,136.48057706539504,0,0
-20.0,136.48057706539504,0,0
-10.0,136.48057706539504,0,0
0.0,136.48057706539504,0,0
10.0,136.48057706539504,0,0
20.0,136.48057706539504,0,0
30.0,136.48057706539504,0,0
40.0,136.48057706539504,0,0
50.0,136.48057706539504,0,0
60.0,136.48057706539504,0,0
70.0,136.48057706539504,0,0
80.0,136.48057706539504,0,0
90.0,136.48057706539504,0,0
100.0,136.48057706539504,0,0
110.0,136.48057706539504,0,0
120.0,136.48057706539504,0,0
130.0,136.48057706539504,0,0
140.0,136.48057706539504,0,0
150.0,136.48057706539504,0,0
160.0,136.48057706539504,0,0
170.0,136.48057706539504,0,0
180.0,136.48057706539504,0,0
190.0,136.48057706539504,0,0
200.0,136.48057706539504,0,0
210.0,136.48057706539504,0,0
220.0,136.48057706539504,0,0
230.0,136.48057706539504,0,0
240.0,136.48057706539504,0,0
250.0,136.48057706539504,0,0
260.0,136.48057706539504,0,0
270.0,136.48057706539504,0,0
280.0,136.48057706539504,0,0
290.0,136.48057706539504,0,0
300.0,136.48057706539504,0,0
310.0,136.48057706539504,0,0
320.0,136.48057706539504,0,0
330.0,136.48057706539504,0,0
340.0,136.48057706539504,0,0
350.0,136.48057706539504,0,0
360.0,136.48057706539504,0,0
370.0,136.48057706539504,0,0
380.0,136.48057706539504,0,0
390.0,136.48057706539504,0,0
400.0,136.48057706539504,0,0
410.0,136.48057706539504,0,0
420.0,136.48057706539504,0,0
430.0,136.48057706539504,0,0
440.0,136.48057706539504,0,0
450.0,136.48057706539504,0,0
460.0,136.48057706539504,0,0
470.0,136.48057706539504,0,0
480.0,136.48057706539504,0,0
490.0,136.48057706539504,0,0
500.0,136.48057706539504,0,0
510.0,136.48057706539504,0,0
520.0,136.48057706539504,0,0
530.0,136.48057706539504,0,0
540.0,136.48057706539504,0,0
-545.0,145.14083110323944,0,0
-535.0,145.14083110323944,0,0
-525.0,145.14083110323944,0,0
-515.0,145.14083110323944,0,0
-505.0,145.14083110323944,0,0
-495.0,145.14083110323944,0,0
-485.0,145.14083110323944,0,0
-475.0,145.14083110323944,0,0
-465.0,145.14083110323944,0,0
-455.0,145.14083110323944,0,0
-445.0,145.14083110323944,0,0
-435.0,145.14083110323944,0,0
-425.0,145.14083110323944,0,0
-415.0,145.14083110323944,0,0
-405.0,145.14083110323944,0,0
-395.0,145.14083110323944,0,0
-385.0,145.14083110323944,0,0
-375.0,145.14083110323944,0,0
-365.0,145.14083110323944,0,0
-355.0,145.14083110323944,0,0
-345.0,145.14083110323944,0,0
-335.0,145.14083110323944,0,0
-325.0,145.14083110323944,0,0
-315.0,145.14083110323944,0,0
-305.0,145.14083110323944,0,0
-295.0,145.14083110323944,0,0
-285.0,145.14083110323944,0,0
-275.0,145.14083110323944,0,0
-265.0,145.14083110323944,0,0
-255.0,145.14083110323944,0,0
-245.0,145.14083110323944,0,0
-235.0,145.14083110323944,0,0
-225.0,145.14083110323944,0,0
-215.0,145.14083110323944,0,0
-205.0,145.14083110323944,0,0
-195.0,145.14083110323944,0,0
-185.0,145.14083110323944,0,0
-175.0,145.14083110323944,0,0
-165.0,145.14083110323944,0,0
-155.0,145.14083110323944,0,0
-145.0,145.14083110323944,0,0
-135.0,145.14083110323944,0,0
-125.0,145.14083110323944,0,0
-115.0,145.14083110323944,0,0
-105.0,145.14083110323944,0,0
-95.0,145.14083110323944,0,0
-85.0,145.14083110323944,0,0
-75.0,145.14083110323944,0,0
-65.0,145.14083110323944,0,0
-55.0,145.14083110323944,0,0
-45.0,145.14083110323944,0,0
-35.0,145.14083110323944,0,0
-25.0,145.14083110323944,0,0
-15.0,145.14083110323944,0,0
-5.0,145.14083110323944,0,0
5.0,145.14083110323944,0,0
15.0,145.14083110323944,0,0
25.0,145.14083110323944,0,0
35.0,145.14083110323944,0,0
45.0,145.14083110323944,0,0
55.0,145.14083110323944,0,0
65.0,145.14083110323944,0,0
75.0,145.14083110323944,0,0
85.0,145.14083110323944,0,0
95.0,145.14083110323944,0,0
105.0,145.14083110323944,0,0
115.0,145.14083110323944,0,0
125.0,145.14083110323944,0,0
135.0,145.14083110323944,0,0
145.0,145.14083110323944,0,0
155.0,145.14083110323944,0,0
165.0,145.14083110323944,0,0
175.0,145.14083110323944,0,0
185.0,145.14083110323944,0,0
195.0,145.14083110323944,0,0
205.0,145.14083110323944,0,0
215.0,145.14083110323944,0,0
225.0,145.14083110323944,0,0
235.0,145.14083110323944,0,0
245.0,145.14083110323944,0,0
255.0,145.14083110323944,0,0
265.0,145.14083110323944,0,0
275.0,145.14083110323944,0,0
285.0,145.14083110323944,0,0
295.0,145.14083110323944,0,0
305.0,145.14083110323944,0,0
315.0,145.14083110323944,0,0
325.0,145.14083110323944,0,0
335.0,145.14083110323944,0,0
345.0,145.14083110323944,0,0
355.0,145.14083110323944,0,0
365.0,145.14083110323944,0,0
375.0,145.14083110323944,0,0
385.0,145.14083110323944,0,0
395.0,145.14083110323944,0,0
405.0,145.14083110323944,0,0
415.0,145.14083110323944,0,0
425.0,145.14083110323944,0,0
435.0,145.14083110323944,0,0
445.0,145.14083110323944,0,0
455.0,145.14083110323944,0,0
465.0,145.14083110323944,0,0
475.0,145.14083110323944,0,0
485.0,145.14083110323944,0,0
495.0,145.14083110323944,0,0
505.0,145.14083110323944,0,0
515.0,145.14083110323944,0,0
525.0,145.14083110323944,0,0
535.0,145.14083110323944,0,0
545.0,145.14083110323944,0,0
-540.0,153.80108514108383,0,0
-530.0,153.80108514108383,0,0
-520.0,153.80108514108383,0,0
-510.0,153.80108514108383,0,0
-500.0,153.80108514108383,0,0
-490.0,153.80108514108383,0,0
-480.0,153.80108514108383,0,0
-470.0,153.80108514108383,0,0
-460.0,153.80108514108383,0,0
-450.0,153.80108514108383,0,0
-440.0,153.80108514108383,0,0
-430.0,153.80108514108383,0,0
-420.0,153.80108514108383,0,0
-410.0,153.80108514108383,0,0
-400.0,153.80108514108383,0,0
-390.0,153.80108514108383,0,0
-380.0,153.80108514108383,0,0
-370.0,153.80108514108383,0,0
-360.0,153.80108514108383,0,0
-350.0,153.80108514108383,0,0
-340.0,153.80108514108383,0,0
-330.0,153.80108514108383,0,0
-320.0,153.80108514108383,0,0
-310.0,153.80108514108383,0,0
-300.0,153.80108514108383,0,0
-290.0,153.80108514108383,0,0
-280.0,153.80108514108383,0,0
-270.0,153.80108514108383,0,0
-260.0,153.80108514108383,0,0
-250.0,153.80108514108383,0,0
-240.0,153.80108514108383,0,0
-230.0,153.80108514108383,0,0
-220.0,153.80108514108383,0,0
-210.0,153.80108514108383,0,0
-200.0,153.80108514108383,0,0
-190.0,153.80108514108383,0,0
-180.0,153.80108514108383,0,0
-170.0,153.80108514108383,0,0
-160.0,153.80108514108383,0,0
-150.0,153.80108514108383,0,0
-140.0,153.80108514108383,0,0
-130.0,153.80108514108383,0,0
-120.0,153.80108514108383,0,0
-110.0,153.80108514108383,0,0
-100.0,153.80108514108383,0,0
-90.0,153.80108514108383,0,0
-80.0,153.80108514108383,0,0
-70.0,153.80108514108383,0,0
-60.0,153.80108514108383,0,0
-50.0,153.80108514108383,0,0
-40.0,153.80108514108383,0,0
-30.0,153.80108514108383,0,0
-20.0,153.80108514108383,0,0
-10.0,153.80108514108383,0,0
0.0,153.80108514108383,0,0
10.0,153.80108514108383,0,0
20.0,153.80108514108383,0,0
30.0,153.80108514108383,0,0
40.0,153.80108514108383,0,0
50.0,153.80108514108383,0,0
60.0,153.80108514108383,0,0
70.0,153.80108514108383,0,0
80.0,153.80108514108383,0,0
90.0,153.80108514108383,0,0
100.0,153.80108514108383,0,0
110.0,153.80108514108383,0,0
120.0,153.80108514108383,0,0
130.0,153.80108514108383,0,0
140.0,153.80108514108383,0,0
150.0,153.80108514108383,0,0
160.0,153.80108514108383,0,0
170.0,153.80108514108383,0,0
180.0,153.80108514108383,0,0
190.0,153.80108514108383,0,0
200.0,153.80108514108383,0,0
210.0,153.80108514108383,0,0
220.0,153.80108514108383,0,0
230.0,153.80108514108383,0,0
240.0,153.80108514108383,0,0
250.0,153.80108514108383,0,0
260.0,153.80108514108383,0,0
270.0,153.80108514108383,0,0
280.0,153.80108514108383,0,0
290.0,153.80108514108383,0,0
300.0,153.80108514108383,0,0
310.0,153.80108514108383,0,0
320.0,153.80108514108383,0,0
330.0,153.80108514108383,0,0
340.0,153.80108514108383,0,0
350.0,153.80108514108383,0,0
360.0,153.80108514108383,0,0
370.0,153.80108514108383,0,0
380.0,153.80108514108383,0,0
390.0,153.80108514108383,0,0
400.0,153.80108514108383,0,0
410.0,153.80108514108383,0,0
420.0,153.80108514108383,0,0
430.0,153.80108514108383,0,0
440.0,153.80108514108383,0,0
450.0,153.80108514108383,0,0
460.0,153.80108514108383,0,0
470.0,153.80108514108383,0,0
480.0,153.80108514108383,0,0
490.0,153.80108514108383,0,0
500.0,153.80108514108383,0,0
510.0,153.80108514108383,0,0
520.0,153.80108514108383,0,0
530.0,153.80108514108383,0,0
540.0,153.80108514108383,0,0
-535.0,162.46133917892823,0,0
-525.0,162.46133917892823,0,0
-515.0,162.46133917892823,0,0
-505.0,162.46133917892823,0,0
-495.0,162.46133917892823,0,0
-485.0,162.46133917892823,0,0
-475.0,162.46133917892823,0,0
-465.0,162.46133917892823,0,0
-455.0,162.46133917892823,0,0
-445.0,162.46133917892823,0,0
-435.0,162.46133917892823,0,0
-425.0,162.46133917892823,0,0
-415.0,162.46133917892823,0,0
-405.0,162.46133917892823,0,0
-395.0,162.46133917892823,0,0
-385.0,162.46133917892823,0,0
-375.0,162.46133917892823,0,0
-365.0,162.46133917892823,0,0
-355.0,162.46133917892823,0,0
-345.0,162.46133917892823,0,0
-335.0,162.46133917892823,0,0
-325.0,162.46133917892823,0,0
-315.0,162.46133917892823,0,0
-305.0,162.46133917892823,0,0
-295.0,162.46133917892823,0,0
-285.0,162.46133917892823,0,0
-275.0,162.46133917892823,0,0
-265.0,162.46133917892823,0,0
-255.0,162.46133917892823,0,0
-245.0,162.46133917892823,0,0
-235.0,162.46133917892823,0,0
-225.0,162.46133917892823,0,0
-215.0,162.46133917892823,0,0
-205.0,162.46133917892823,0,0
-195.0,162.46133917892823,0,0
-185.0,162.46133917892823,0,0
-175.0,162.46133917892823,0,0
-165.0,162.46133917892823,0,0
-155.0,162.46133917892823,0,0
-145.0,162.46133917892823,0,0
-135.0,162.46133917892823,0,0
-125.0,162.46133917892823,0,0
-115.0,162.46133917892823,0,0
-105.0,162.46133917892823,0,0
-95.0,162.46133917892823,0,0
-85.0,162.46133917892823,0,0
-75.0,162.46133917892823,0,0
-65.0,162.46133917892823,0,0
-55.0,162.46133917892823,0,0
-45.0,162.46133917892823,0,0
-35.0,162.46133917892823,0,0
-25.0,162.46133917892823,0,0
-15.0,162.46133917892823,0,0
-5.0,162.46133917892823,0,0
5.0,162.46133917892823,0,0
15.0,162.46133917892823,0,0
25.0,162.46133917892823,0,0
35.0,162.46133917892823,0,0
45.0,162.46133917892823,0,0
55.0,162.46133917892823,0,0
65.0,162.46133917892823,0,0
75.0,162.46133917892823,0,0
85.0,162.46133917892823,0,0
95.0,162.46133917892823,0,0
105.0,162.46133917892823,0,0
115.0,162.46133917892823,0,0
125.0,162.46133917892823,0,0
135.0,162.46133917892823,0,0
145.0,162.46133917892823,0,0
155.0,162.46133917892823,0,0
165.0,162.46133917892823,0,0
175.0,162.46133917892823,0,0
185.0,162.46133917892823,0,0
195.0,162.46133917892823,0,0
205.0,162.46133917892823,0,0
215.0,162.46133917892823,0,0
225.0,162.46133917892823,0,0
235.0,162.46133917892823,0,0
245.0,162.46133917892823,0,0
255.0,162.46133917892823,0,0
265.0,162.46133917892823,0,0
275.0,162.46133917892823,0,0
285.0,162.46133917892823,0,0
295.0,162.46133917892823,0,0
305.0,162.46133917892823,0,0
315.0,162.46133917892823,0,0
325.0,162.46133917892823,0,0
335.0,162.46133917892823,0,0
345.0,162.46133917892823,0,0
355.0,162.46133917892823,0,0
365.0,162.46133917892823,0,0
375.0,162.46133917892823,0,0
385.0,162.46133917892823,0,0
395.0,162.46133917892823,0,0
405.0,162.46133917892823,0,0
415.0,162.46133917892823,0,0
425.0,162.46133917892823,0,0
435.0,162.46133917892823,0,0
445.0,162.46133917892823,0,0
455.0,162.46133917892823,0,0
465.0,162.46133917892823,0,0
475.0,162.46133917892823,0,0
485.0,162.46133917892823,0,0
495.0,162.46133917892823,0,0
505.0,162.46133917892823,0,0
515.0,162.46133917892823,0,0
525.0,162.46133917892823,0,0
535.0,162.46133917892823,0,0
-530.0,171.12159321677262,0,0
-520.0,171.12159321677262,0,0
-510.0,171.12159321677262,0,0
-500.0,171.12159321677262,0,0
-490.0,171.12159321677262,0,0
-480.0,171.12159321677262,0,0
-470.0,171.12159321677262,0,0
-460.0,171.12159321677262,0,0
-450.0,171.12159321677262,0,0
-440.0,171.12159321677262,0,0
-430.0,171.12159321677262,0,0
-420.0,171.12159321677262,0,0
-410.0,171.12159321677262,0,0
-400.0,171.12159321677262,0,0
-390.0,171.12159321677262,0,0
-380.0,171.12159321677262,0,0
-370.0,171.12159321677262,0,0
-360.0,171.12159321677262,0,0
-350.0,171.12159321677262,0,0
-340.0,171.12159321677262,0,0
-330.0,171.12159321677262,0,0
-320.0,171.12159321677262,0,0
-310.0,171.12159321677262,0,0
-300.0,171.12159321677262,0,0
-290.0,171.12159321677262,0,0
-280.0,171.12159321677262,0,0
-270.0,171.12159321677262,0,0
-260.0,171.12159321677262,0,0
-250.0,171.12159321677262,0,0
-240.0,171.12159321677262,0,0
-230.0,171.12159321677262,0,0
-220.0,171.12159321677262,0,0
-210.0,171.12159321677262,0,0
-200.0,171.12159321677262,0,0
-190.0,171.12159321677262,0,0
-180.0,171.12159321677262,0,0
-170.0,171.12159321677262,0,0
-160.0,171.12159321677262,0,0
-150.0,171.12159321677262,0,0
-140.0,171.12159321677262,0,0
-130.0,171.12159321677262,0,0
-120.0,171.12159321677262,0,0
-110.0,171.12159321677262,0,0
-100.0,171.12159321677262,0,0
-90.0,171.12159321677262,0,0
-80.0,171.12159321677262,0,0
-70.0,171.12159321677262,0,0
-60.0,171.12159321677262,0,0
-50.0,171.12159321677262,0,0
-40.0,171.12159321677262,0,0
-30.0,171.12159321677262,0,0
-20.0,171.12159321677262,0,0
-10.0,171.12159321677262,0,0
0.0,171.12159321677262,0,0
10.0,171.12159321677262,0,0
20.0,171.12159321677262,0,0
30.0,171.12159321677262,0,0
40.0,171.12159321677262,0,0
50.0,171.12159321677262,0,0
60.0,171.12159321677262,0,0
70.0,171.12159321677262,0,0
80.0,171.12159321677262,0,0
90.0,171.12159321677262,0,0
100.0,171.12159321677262,0,0
110.0,171.12159321677262,0,0
120.0,171.12159321677262,0,0
130.0,171.12159321677262,0,0
140.0,171.12159321677262,0,0
150.0,171.12159321677262,0,0
160.0,171.12159321677262,0,0
170.0,171.12159321677262,0,0
180.0,171.12159321677262,0,0
190.0,171.12159321677262,0,0
200.0,171.12159321677262,0,0
210.0,171.12159321677262,0,0
220.0,171.12159321677262,0,0
230.0,171.12159321677262,0,0
240.0,171.12159321677262,0,0
250.0,171.12159321677262,0,0
260.0,171.12159321677262,0,0
270.0,171.12159321677262,0,0
280.0,171.12159321677262,0,0
290.0,171.12159321677262,0,0
300.0,171.12159321677262,0,0
310.0,171.12159321677262,0,0
320.0,171.12159321677262,0,0
330.0,171.12159321677262,0,0
340.0,171.12159321677262,0,0
350.0,171.12159321677262,0,0
360.0,171.12159321677262,0,0
370.0,171.12159321677262,0,0
380.0,171.12159321677262,0,0
390.0,171.12159321677262,0,0
400.0,171.12159321677262,0,0
410.0,171.12159321677262,0,0
420.0,171.12159321677262,0,0
430.0,171.12159321677262,0,0
440.0,171.12159321677262,0,0
450.0,171.12159321677262,0,0
460.0,171.12159321677262,0,0
470.0,171.12159321677262,0,0
480.0,171.12159321677262,0,0
490.0,171.12159321677262,0,0
500.0,171.12159321677262,0,0
510.0,171.12159321677262,0,0
520.0,171.12159321677262,0,0
530.0,171.12159321677262,0,0
-535.0,179.78184725461702,0,0
-525.0,179.78184725461702,0,0
-515.0,179.78184725461702,0,0
-505.0,179.78184725461702,0,0
-495.0,179.78184725461702,0,0
-485.0,179.78184725461702,0,0
-475.0,179.78184725461702,0,0
-465.0,179.78184725461702,0,0
-455.0,179.78184725461702,0,0
-445.0,179.78184725461702,0,0
-435.0,179.78184725461702,0,0
-425.0,179.78184725461702,0,0
-415.0,179.78184725461702,0,0
-405.0,179.78184725461702,0,0
-395.0,179.78184725461702,0,0
-385.0,179.78184725461702,0,0
-375.0,179.78184725461702,0,0
-365.0,179.78184725461702,0,0
-355.0,179.78184725461702,0,0
-345.0,179.78184725461702,0,0
-335.0,179.78184725461702,0,0
-325.0,179.78184725461702,0,0
-315.0,179.78184725461702,0,0
-305.0,179.78184725461702,0,0
-295.0,179.78184725461702,0,0
-285.0,179.78184725461702,0,0
-275.0,179.78184725461702,0,0
-265.0,179.78184725461702,0,0
-255.0,179.78184725461702,0,0
-245.0,179.78184725461702,0,0
-235.0,179.78184725461702,0,0
-225.0,179.78184725461702,0,0
-215.0,179.78184725461702,0,0
-205.0,179.78184725461702,0,0
-195.0,179.78184725461702,0,0
-185.0,179.78184725461702,0,0
-175.0,179.78184725461702,0,0
-165.0,179.78184725461702,0,0
-155.0,179.78184725461702,0,0
-145.0,179.78184725461702,0,0
-135.0,179.78184725461702,0,0
-125.0,179.78184725461702,0,0
-115.0,179.78184725461702,0,0
-105.0,179.78184725461702,0,0
-95.0,179.78184725461702,0,0
-85.0,179.78184725461702,0,0
-75.0,179.78184725461702,0,0
-65.0,179.78184725461702,0,0
-55.0,179.78184725461702,0,0
-45.0,179.78184725461702,0,0
-35.0,179.78184725461702,0,0
-25.0,179.78184725461702,0,0
-15.0,179.78184725461702,0,0
-5.0,179.78184725461702,0,0
5.0,179.78184725461702,0,0
15.0,179.78184725461702,0,0
25.0,179.78184725461702,0,0
35.0,179.78184725461702,0,0
45.0,179.78184725461702,0,0
55.0,179.78184725461702,0,0
65.0,179.78184725461702,0,0
75.0,179.78184725461702,0,0
85.0,179.78184725461702,0,0
95.0,179.78184725461702,0,0
105.0,179.78184725461702,0,0
115.0,179.78184725461702,0,0
125.0,179.78184725461702,0,0
135.0,179.78184725461702,0,0
145.0,179.78184725461702,0,0
155.0,179.78184725461702,0,0
165.0,179.78184725461702,0,0
175.0,179.78184725461702,0,0
185.0,179.78184725461702,0,0
195.0,179.78184725461702,0,0
205.0,179.78184725461702,0,0
215.0,179.78184725461702,0,0
225.0,179.78184725461702,0,0
235.0,179.78184725461702,0,0
245.0,179.78184725461702,0,0
255.0,179.78184725461702,0,0
265.0,179.78184725461702,0,0
275.0,179.78184725461702,0,0
285.0,179.78184725461702,0,0
295.0,179.78184725461702,0,0
305.0,179.78184725461702,0,0
315.0,179.78184725461702,0,0
325.0,179.78184725461702,0,0
335.0,179.78184725461702,0,0
345.0,179.78184725461702,0,0
355.0,179.78184725461702,0,0
365.0,179.78184725461702,0,0
375.0,179.78184725461702,0,0
385.0,179.78184725461702,0,0
395.0,179.78184725461702,0,0
405.0,179.78184725461702,0,0
415.0,179.78184725461702,0,0
425.0,179.78184725461702,0,0
435.0,179.78184725461702,0,0
445.0,179.78184725461702,0,0
455.0,179.78184725461702,0,0
465.0,179.78184725461702,0,0
475.0,179.78184725461702,0,0
485.0,179.78184725461702,0,0
495.0,179.78184725461702,0,0
505.0,179.78184725461702,0,0
515.0,179.78184725461702,0,0
525.0,179.78184725461702,0,0
535.0,179.78184725461702,0,0
-530.0,188.44210129246142,0,0
-520.0,188.44210129246142,0,0
-510.0,188.44210129246142,0,0
-500.0,188.44210129246142,0,0
-490.0,188.44210129246142,0,0
-480.0,188.44210129246142,0,0
-470.0,188.44210129246142,0,0
-460.0,188.44210129246142,0,0
-450.0,188.44210129246142,0,0
-440.0,188.44210129246142,0,0
-430.0,188.44210129246142,0,0
-420.0,188.44210129246142,0,0
-410.0,188.44210129246142,0,0
-400.0,188.44210129246142,0,0
-390.0,188.44210129246142,0,0
-380.0,188.44210129246142,0,0
-370.0,188.44210129246142,0,0
-360.0,188.44210129246142,0,0
-350.0,188.44210129246142,0,0
-340.0,188.44210129246142,0,0
-330.0,188.44210129246142,0,0
-320.0,188.44210129246142,0,0
-310.0,188.44210129246142,0,0
-300.0,188.44210129246142,0,0
-290.0,188.44210129246142,0,0
-280.0,188.44210129246142,0,0
-270.0,188.44210129246142,0,0
-260.0,188.44210129246142,0,0
-250.0,188.44210129246142,0,0
-240.0,188.44210129246142,0,0
-230.0,188.44210129246142,0,0
-220.0,188.44210129246142,0,0
-210.0,188.44210129246142,0,0
-200.0,188.44210129246142,0,0
-190.0,188.44210129246142,0,0
-180.0,188.44210129246142,0,0
-170.0,188.44210129246142,0,0
-160.0,188.44210129246142,0,0
-150.0,188.44210129246142,0,0
-140.0,188.44210129246142,0,0
-130.0,188.44210129246142,0,0
-120.0,188.44210129246142,0,0
-110.0,188.44210129246142,0,0
-100.0,188.44210129246142,0,0
-90.0,188.44210129246142,0,0
-80.0,188.44210129246142,0,0
-70.0,188.44210129246142,0,0
-60.0,188.44210129246142,0,0
-50.0,188.44210129246142,0,0
-40.0,188.44210129246142,0,0
-30.0,188.44210129246142,0,0
-20.0,188.44210129246142,0,0
-10.0,188.44210129246142,0,0
0.0,188.44210129246142,0,0
10.0,188.44210129246142,0,0
20.0,188.44210129246142,0,0
30.0,188.44210129246142,0,0
40.0,188.44210129246142,0,0
50.0,188.44210129246142,0,0
60.0,188.44210129246142,0,0
70.0,188.44210129246142,0,0
80.0,188.44210129246142,0,0
90.0,188.44210129246142,0,0
100.0,188.44210129246142,0,0
110.0,188.44210129246142,0,0
120.0,188.44210129246142,0,0
130.0,188.44210129246142,0,0
140.0,188.44210129246142,0,0
150.0,188.44210129246142,0,0
160.0,188.44210129246142,0,0
170.0,188.44210129246142,0,0
180.0,188.44210129246142,0,0
190.0,188.44210129246142,0,0
200.0,188.44210129246142,0,0
210.0,188.44210129246142,0,0
220.0,188.44210129246142,0,0
230.0,188.44210129246142,0,0
240.0,188.44210129246142,0,0
250.0,188.44210129246142,0,0
260.0,188.44210129246142,0,0
270.0,188.44210129246142,0,0
280.0,188.44210129246142,0,0
290.0,188.44210129246142,0,0
300.0,188.44210129246142,0,0
310.0,188.44210129246142,0,0
320.0,188.44210129246142,0,0
330.0,188.44210129246142,0,0
340.0,188.44210129246142,0,0
350.0,188.44210129246142,0,0
360.0,188.44210129246142,0,0
370.0,188.44210129246142,0,0
380.0,188.44210129246142,0,0
390.0,188.44210129246142,0,0
400.0,188.44210129246142,0,0
410.0,188.44210129246142,0,0
420.0,188.44210129246142,0,0
430.0,188.44210129246142,0,0
440.0,188.44210129246142,0,0
450.0,188.44210129246142,0,0
460.0,188.44210129246142,0,0
470.0,188.44210129246142,0,0
480.0,188.44210129246142,0,0
490.0,188.44210129246142,0,0
500.0,188.44210129246142,0,0
510.0,188.44210129246142,0,0
520.0,188.44210129246142,0,0
530.0,188.44210129246142,0,0
-525.0,197.1023553303058,0,0
-515.0,197.1023553303058,0,0
-505.0,197.1023553303058,0,0
-495.0,197.1023553303058,0,0
-485.0,197.1023553303058,0,0
-475.0,197.1023553303058,0,0
-465.0,197.1023553303058,0,0
-455.0,197.1023553303058,0,0
-445.0,197.1023553303058,0,0
-435.0,197.1023553303058,0,0
-425.0,197.1023553303058,0,0
-415.0,197.1023553303058,0,0
-405.0,197.1023553303058,0,0
-395.0,197.1023553303058,0,0
-385.0,197.1023553303058,0,0
-375.0,197.1023553303058,0,0
-365.0,197.1023553303058,0,0
-355.0,197.1023553303058,0,0
-345.0,197.1023553303058,0,0
-335.0,197.1023553303058,0,0
-325.0,197.1023553303058,0,0
-315.0,197.1023553303058,0,0
-305.0,197.1023553303058,0,0
-295.0,197.1023553303058,0,0
-285.0,197.1023553303058,0,0
-275.0,197.1023553303058,0,0
-265.0,197.1023553303058,0,0
-255.0,197.1023553303058,0,0
-245.0,197.1023553303058,0,0
-235.0,197.1023553303058,0,0
-225.0,197.1023553303058,0,0
-215.0,197.1023553303058,0,0
-205.0,197.1023553303058,0,0
-195.0,197.1023553303058,0,0
-185.0,197.1023553303058,0,0
-175.0,197.1023553303058,0,0
-165.0,197.1023553303058,0,0
-155.0,197.1023553303058,0,0
-145.0,197.1023553303058,0,0
-135.0,197.1023553303058,0,0
-125.0,197.1023553303058,0,0
-115.0,197.1023553303058,0,0
-105.0,197.1023553303058,0,0
-95.0,197.1023553303058,0,0
-85.0,197.1023553303058,0,0
-75.0,197.1023553303058,0,0
-65.0,197.1023553303058,0,0
-55.0,197.1023553303058,0,0
-45.0,197.1023553303058,0,0
-35.0,197.1023553303058,0,0
-25.0,197.1023553303058,0,0
-15.0,197.1023553303058,0,0
-5.0,197.1023553303058,0,0
5.0,197.1023553303058,0,0
15.0,197.1023553303058,0,0
25.0,197.1023553303058,0,0
35.0,197.1023553303058,0,0
45.0,197.1023553303058,0,0
55.0,197.1023553303058,0,0
65.0,197.1023553303058,0,0
75.0,197.1023553303058,0,0
85.0,197.1023553303058,0,0
95.0,197.1023553303058,0,0
105.0,197.1023553303058,0,0
115.0,197.1023553303058,0,0
125.0,197.1023553303058,0,0
135.0,197.1023553303058,0,0
145.0,197.1023553303058,0,0
155.0,197.1023553303058,0,0
165.0,197.1023553303058,0,0
175.0,197.1023553303058,0,0
185.0,197.1023553303058,0,0
195.0,197.1023553303058,0,0
205.0,197.1023553303058,0,0
215.0,197.1023553303058,0,0
225.0,197.1023553303058,0,0
235.0,197.1023553303058,0,0
245.0,197.1023553303058,0,0
255.0,197.1023553303058,0,0
265.0,197.1023553303058,0,0
275.0,197.1023553303058,0,0
285.0,197.1023553303058,0,0
295.0,197.1023553303058,0,0
305.0,197.1023553303058,0,0
315.0,197.1023553303058,0,0
325.0,197.1023553303058,0,0
335.0,197.1023553303058,0,0
345.0,197.1023553303058,0,0
355.0,197.1023553303058,0,0
365.0,197.1023553303058,0,0
375.0,197.1023553303058,0,0
385.0,197.1023553303058,0,0
395.0,197.1023553303058,0,0
405.0,197.1023553303058,0,0
415.0,197.1023553303058,0,0
425.0,197.1023553303058,0,0
435.0,197.1023553303058,0,0
445.0,197.1023553303058,0,0
455.0,197.1023553303058,0,0
465.0,197.1023553303058,0,0
475.0,197.1023553303058,0,0
485.0,197.1023553303058,0,0
495.0,197.1023553303058,0,0
505.0,197.1023553303058,0,0
515.0,197.1023553303058,0,0
525.0,197.1023553303058,0,0
-520.0,205.7626093681502,0,0
-510.0,205.7626093681502,0,0
-500.0,205.7626093681502,0,0
-490.0,205.7626093681502,0,0
-480.0,205.7626093681502,0,0
-470.0,205.7626093681502,0,0
-460.0,205.7626093681502,0,0
-450.0,205.7626093681502,0,0
-440.0,205.7626093681502,0,0
-430.0,205.7626093681502,0,0
-420.0,205.7626093681502,0,0
-410.0,205.7626093681502,0,0
-400.0,205.7626093681502,0,0
-390.0,205.7626093681502,0,0
-380.0,205.7626093681502,0,0
-370.0,205.7626093681502,0,0
-360.0,205.7626093681502,0,0
-350.0,205.7626093681502,0,0
-340.0,205.7626093681502,0,0
-330.0,205.7626093681502,0,0
-320.0,205.7626093681502,0,0
-310.0,205.7626093681502,0,0
-300.0,205.7626093681502,0,0
-290.0,205.7626093681502,0,0
-280.0,205.7626093681502,0,0
-270.0,205.7626093681502,0,0
-260.0,205.7626093681502,0,0
-250.0,205.7626093681502,0,0
-240.0,205.7626093681502,0,0
-230.0,205.7626093681502,0,0
-220.0,205.7626093681502,0,0
-210.0,205.7626093681502,0,0
-200.0,205.7626093681502,0,0
-190.0,205.7626093681502,0,0
-180.0,205.7626093681502,0,0
-170.0,205.7626093681502,0,0
-160.0,205.7626093681502,0,0
-150.0,205.7626093681502,0,0
-140.0,205.7626093681502,0,0
-130.0,205.7626093681502,0,0
-120.0,205.7626093681502,0,0
-110.0,205.7626093681502,0,0
-100.0,205.7626093681502,0,0
-90.0,205.7626093681502,0,0
-80.0,205.7626093681502,0,0
-70.0,205.7626093681502,0,0
-60.0,205.7626093681502,0,0
-50.0,205.7626093681502,0,0
-40.0,205.7626093681502,0,0
-30.0,205.7626093681502,0,0
-20.0,205.7626093681502,0,0
-10.0,205.7626093681502,0,0
0.0,205.7626093681502,0,0
10.0,205.7626093681502,0,0
20.0,205.7626093681502,0,0
30.0,205.7626093681502,0,0
40.0,205.7626093681502,0,0
50.0,205.7626093681502,0,0
60.0,205.7626093681502,0,0
70.0,205.7626093681502,0,0
80.0,205.7626093681502,0,0
90.0,205.7626093681502,0,0
100.0,205.7626093681502,0,0
110.0,205.7626093681502,0,0
120.0,205.7626093681502,0,0
130.0,205.7626093681502,0,0
140.0,205.7626093681502,0,0
150.0,205.7626093681502,0,0
160.0,205.7626093681502,0,0
170.0,205.7626093681502,0,0
180.0,205.7626093681502,0,0
190.0,205.7626093681502,0,0
200.0,205.7626093681502,0,0
210.0,205.7626093681502,0,0
220.0,205.7626093681502,0,0
230.0,205.7626093681502,0,0
240.0,205.7626093681502,0,0
250.0,205.7626093681502,0,0
260.0,205.7626093681502,0,0
270.0,205.7626093681502,0,0
280.0,205.7626093681502,0,0
290.0,205.7626093681502,0,0
300.0,205.7626093681502,0,0
310.0,205.7626093681502,0,0
320.0,205.7626093681502,0,0
330.0,205.7626093681502,0,0
340.0,205.7626093681502,0,0
350.0,205.7626093681502,0,0
360.0,205.7626093681502,0,0
370.0,205.7626093681502,0,0
380.0,205.7626093681502,0,0
390.0,205.7626093681502,0,0
400.0,205.7626093681502,0,0
410.0,205.7626093681502,0,0
420.0,205.7626093681502,0,0
430.0,205.7626093681502,0,0
440.0,205.7626093681502,0,0
450.0,205.7626093681502,0,0
460.0,205.7626093681502,0,0
470.0,205.7626093681502,0,0
480.0,205.7626093681502,0,0
490.0,205.7626093681502,0,0
500.0,205.7626093681502,0,0
510.0,205.7626093681502,0,0
520.0,205.7626093681502,0,0
-515.0,214.4228634059946,0,0
-505.0,214.4228634059946,0,0
-495.0,214.4228634059946,0,0
-485.0,214.4228634059946,0,0
-475.0,214.4228634059946,0,0
-465.0,214.4228634059946,0,0
-455.0,214.4228634059946,0,0
-445.0,214.4228634059946,0,0
-435.0,214.4228634059946,0,0
-425.0,214.4228634059946,0,0
-415.0,214.4228634059946,0,0
-405.0,214.4228634059946,0,0
-395.0,214.4228634059946,0,0
-385.0,214.4228634059946,0,0
-375.0,214.4228634059946,0,0
-365.0,214.4228634059946,0,0
-355.0,214.4228634059946,0,0
-345.0,214.4228634059946,0,0
-335.0,214.4228634059946,0,0
-325.0,214.4228634059946,0,0
-315.0,214.4228634059946,0,0
-305.0,214.4228634059946,0,0
-295.0,214.4228634059946,0,0
-285.0,214.4228634059946,0,0
-275.0,214.4228634059946,0,0
-265.0,214.4228634059946,0,0
-255.0,214.4228634059946,0,0
-245.0,214.4228634059946,0,0
-235.0,214.4228634059946,0,0
-225.0,214.4228634059946,0,0
-215.0,214.4228634059946,0,0
-205.0,214.4228634059946,0,0
-195.0,214.4228634059946,0,0
-185.0,214.4228634059946,0,0
-175.0,214.4228634059946,0,0
-165.0,214.4228634059946,0,0
-155.0,214.4228634059946,0,0
-145.0,214.4228634059946,0,0
-135.0,214.4228634059946,0,0
-125.0,214.4228634059946,0,0
-115.0,214.4228634059946,0,0
-105.0,214.4228634059946,0,0
-95.0,214.4228634059946,0,0
-85.0,214.4228634059946,0,0
-75.0,214.4228634059946,0,0
-65.0,214.4228634059946,0,0
-55.0,214.4228634059946,0,0
-45.0,214.4228634059946,0,0
-35.0,214.4228634059946,0,0
-25.0,214.4228634059946,0,0
-15.0,214.4228634059946,0,0
-5.0,214.4228634059946,0,0
5.0,214.4228634059946,0,0
15.0,214.4228634059946,0,0
25.0,214.4228634059946,0,0
35.0,214.4228634059946,0,0
45.0,214.4228634059946,0,0
55.0,214.4228634059946,0,0
65.0,214.4228634059946,0,0
75.0,214.4228634059946,0,0
85.0,214.4228634059946,0,0
95.0,214.4228634059946,0,0
105.0,214.4228634059946,0,0
115.0,214.4228634059946,0,0
125.0,214.4228634059946,0,0
135.0,214.4228634059946,0,0
145.0,214.4228634059946,0,0
155.0,214.4228634059946,0,0
165.0,214.4228634059946,0,0
175.0,214.4228634059946,0,0
185.0,214.4228634059946,0,0
195.0,214.4228634059946,0,0
205.0,214.4228634059946,0,0
215.0,214.4228634059946,0,0
225.0,214.4228634059946,0,0
235.0,214.4228634059946,0,0
245.0,214.4228634059946,0,0
255.0,214.4228634059946,0,0
265.0,214.4228634059946,0,0
275.0,214.4228634059946,0,0
285.0,214.4228634059946,0,0
295.0,214.4228634059946,0,0
305.0,214.4228634059946,0,0
315.0,214.4228634059946,0,0
325.0,214.4228634059946,0,0
335.0,214.4228634059946,0,0
345.0,214.4228634059946,0,0
355.0,214.4228634059946,0,0
365.0,214.4228634059946,0,0
375.0,214.4228634059946,0,0
385.0,214.4228634059946,0,0
395.0,214.4228634059946,0,0
405.0,214.4228634059946,0,0
415.0,214.4228634059946,0,0
425.0,214.4228634059946,0,0
435.0,214.4228634059946,0,0
445.0,214.4228634059946,0,0
455.0,214.4228634059946,0,0
465.0,214.4228634059946,0,0
475.0,214.4228634059946,0,0
485.0,214.4228634059946,0,0
495.0,214.4228634059946,0,0
505.0,214.4228634059946,0,0
515.0,214.4228634059946,0,0
-510.0,223.083117443839,0,0
-500.0,223.083117443839,0,0
-490.0,223.083117443839,0,0
-480.0,223.083117443839,0,0
-470.0,223.083117443839,0,0
-460.0,223.083117443839,0,0
-450.0,223.083117443839,0,0
-440.0,223.083117443839,0,0
-430.0,223.083117443839,0,0
-420.0,223.083117443839,0,0
-410.0,223.083117443839,0,0
-400.0,223.083117443839,0,0
-390.0,223.083117443839,0,0
-380.0,223.083117443839,0,0
-370.0,223.083117443839,0,0
-360.0,223.083117443839,0,0
-350.0,223.083117443839,0,0
-340.0,223.083117443839,0,0
-330.0,223.083117443839,0,0
-320.0,223.083117443839,0,0
-310.0,223.083117443839,0,0
-300.0,223.083117443839,0,0
-290.0,223.083117443839,0,0
-280.0,223.083117443839,0,0
-270.0,223.083117443839,0,0
-260.0,223.083117443839,0,0
-250.0,223.083117443839,0,0
-240.0,223.083117443839,0,0
-230.0,223.083117443839,0,0
-220.0,223.083117443839,0,0
-210.0,223.083117443839,0,0
-200.0,223.083117443839,0,0
-190.0,223.083117443839,0,0
-180.0,223.083117443839,0,0
-170.0,223.083117443839,0,0
-160.0,223.083117443839,0,0
-150.0,223.083117443839,0,0
-140.0,223.083117443839,0,0
-130.0,223.083117443839,0,0
-120.0,223.083117443839,0,0
-110.0,223.083117443839,0,0
-100.0,223.083117443839,0,0
-90.0,223.083117443839,0,0
-80.0,223.083117443839,0,0
-70.0,223.083117443839,0,0
-60.0,223.083117443839,0,0
-50.0,223.083117443839,0,0
-40.0,223.083117443839,0,0
-30.0,223.083117443839,0,0
-20.0,223.083117443839,0,0
-10.0,223.083117443839,0,0
0.0,223.083117443839,0,0
10.0,223.083117443839,0,0
20.0,223.083117443839,0,0
30.0,223.083117443839,0,0
40.0,223.083117443839,0,0
50.0,223.083117443839,0,0
60.0,223.083117443839,0,0
70.0,223.083117443839,0,0
80.0,223.083117443839,0,0
90.0,223.083117443839,0,0
100.0,223.083117443839,0,0
110.0,223.083117443839,0,0
120.0,223.083117443839,0,0
130.0,223.083117443839,0,0
140.0,223.083117443839,0,0
150.0,223.083117443839,0,0
160.0,223.083117443839,0,0
170.0,223.083117443839,0,0
180.0,223.083117443839,0,0
190.0,223.083117443839,0,0
200.0,223.083117443839,0,0
210.0,223.083117443839,0,0
220.0,223.083117443839,0,0
230.0,223.083117443839,0,0
240.0,223.083117443839,0,0
250.0,223.083117443839,0,0
260.0,223.083117443839,0,0
270.0,223.083117443839,0,0
280.0,223.083117443839,0,0
290.0,223.083117443839,0,0
300.0,223.083117443839,0,0
310.0,223.083117443839,0,0
320.0,223.083117443839,0,0
330.0,223.083117443839,0,0
340.0,223.083117443839,0,0
350.0,223.083117443839,0,0
360.0,223.083117443839,0,0
370.0,223.083117443839,0,0
380.0,223.083117443839,0,0
390.0,223.083117443839,0,0
400.0,223.083117443839,0,0
410.0,223.083117443839,0,0
420.0,223.083117443839,0,0
430.0,223.083117443839,0,0
440.0,223.083117443839,0,0
450.0,223.083117443839,0,0
460.0,223.083117443839,0,0
470.0,223.083117443839,0,0
480.0,223.083117443839,0,0
490.0,223.083117443839,0,0
500.0,223.083117443839,0,0
510.0,223.083117443839,0,0
-515.0,231.7433714816834,0,0
-505.0,231.7433714816834,0,0
-495.0,231.7433714816834,0,0
-485.0,231.7433714816834,0,0
-475.0,231.7433714816834,0,0
-465.0,231.7433714816834,0,0
-455.0,231.7433714816834,0,0
-445.0,231.7433714816834,0,0
-435.0,231.7433714816834,0,0
-425.0,231.7433714816834,0,0
-415.0,231.7433714816834,0,0
-405.0,231.7433714816834,0,0
-395.0,231.7433714816834,0,0
-385.0,231.7433714816834,0,0
-375.0,231.7433714816834,0,0
-365.0,231.7433714816834,0,0
-355.0,231.7433714816834,0,0
-345.0,231.7433714816834,0,0
-335.0,231.7433714816834,0,0
-325.0,231.7433714816834,0,0
-315.0,231.7433714816834,0,0
-305.0,231.7433714816834,0,0
-295.0,231.7433714816834,0,0
-285.0,231.7433714816834,0,0
-275.0,231.7433714816834,0,0
-265.0,231.7433714816834,0,0
-255.0,231.7433714816834,0,0
-245.0,231.7433714816834,0,0
-235.0,231.7433714816834,0,0
-225.0,231.7433714816834,0,0
-215.0,231.7433714816834,0,0
-205.0,231.7433714816834,0,0
-195.0,231.7433714816834,0,0
-185.0,231.7433714816834,0,0
-175.0,231.7433714816834,0,0
-165.0,231.7433714816834,0,0
-155.0,231.7433714816834,0,0
-145.0,231.7433714816834,0,0
-135.0,231.7433714816834,0,0
-125.0,231.7433714816834,0,0
-115.0,231.7433714816834,0,0
-105.0,231.7433714816834,0,0
-95.0,231.7433714816834,0,0
-85.0,231.7433714816834,0,0
-75.0,231.7433714816834,0,0
-65.0,231.7433714816834,0,0
-55.0,231.7433714816834,0,0
-45.0,231.7433714816834,0,0
-35.0,231.7433714816834,0,0
-25.0,231.7433714816834,0,0
-15.0,231.7433714816834,0,0
-5.0,231.7433714816834,0,0
5.0,231.7433714816834,0,0
15.0,231.7433714816834,0,0
25.0,231.7433714816834,0,0
35.0,231.7433714816834,0,0
45.0,231.7433714816834,0,0
55.0,231.7433714816834,0,0
65.0,231.7433714816834,0,0
75.0,231.7433714816834,0,0
85.0,231.7433714816834,0,0
95.0,231.7433714816834,0,0
105.0,231.7433714816834,0,0
115.0,231.7433714816834,0,0
125.0,231.7433714816834,0,0
135.0,231.7433714816834,0,0
145.0,231.7433714816834,0,0
155.0,231.7433714816834,0,0
165.0,231.7433714816834,0,0
175.0,231.7433714816834,0,0
185.0,231.7433714816834,0,0
195.0,231.7433714816834,0,0
205.0,231.7433714816834,0,0
215.0,231.7433714816834,0,0
225.0,231.7433714816834,0,0
235.0,231.7433714816834,0,0
245.0,231.7433714816834,0,0
255.0,231.7433714816834,0,0
265.0,231.7433714816834,0,0
275.0,231.7433714816834,0,0
285.0,231.7433714816834,0,0
295.0,231.7433714816834,0,0
305.0,231.7433714816834,0,0
315.0,231.7433714816834,0,0
325.0,231.7433714816834,0,0
335.0,231.7433714816834,0,0
345.0,231.7433714816834,0,0
355.0,231.7433714816834,0,0
365.0,231.7433714816834,0,0
375.0,231.7433714816834,0,0
385.0,231.7433714816834,0,0
395.0,231.7433714816834,0,0
405.0,231.7433714816834,0,0
415.0,231.7433714816834,0,0
425.0,231.7433714816834,0,0
435.0,231.7433714816834,0,0
445.0,231.7433714816834,0,0
455.0,231.7433714816834,0,0
465.0,231.7433714816834,0,0
475.0,231.7433714816834,0,0
485.0,231.7433714816834,0,0
495.0,231.7433714816834,0,0
505.0,231.7433714816834,0,0
515.0,231.7433714816834,0,0
-510.0,240.4036255195278,0,0
-500.0,240.4036255195278,0,0
-490.0,240.4036255195278,0,0
-480.0,240.4036255195278,0,0
-470.0,240.4036255195278,0,0
-460.0,240.4036255195278,0,0
-450.0,240.4036255195278,0,0
-440.0,240.4036255195278,0,0
-430.0,240.4036255195278,0,0
-420.0,240.4036255195278,0,0
-410.0,240.4036255195278,0,0
-400.0,240.4036255195278,0,0
-390.0,240.4036255195278,0,0
-380.0,240.4036255195278,0,0
-370.0,240.4036255195278,0,0
-360.0,240.4036255195278,0,0
-350.0,240.4036255195278,0,0
-340.0,240.4036255195278,0,0
-330.0,240.4036255195278,0,0
-320.0,240.4036255195278,0,0
-310.0,240.4036255195278,0,0
-300.0,240.4036255195278,0,0
-290.0,240.4036255195278,0,0
-280.0,240.4036255195278,0,0
-270.0,240.4036255195278,0,0
-260.0,240.4036255195278,0,0
-250.0,240.4036255195278,0,0
-240.0,240.4036255195278,0,0
-230.0,240.4036255195278,0,0
-220.0,240.4036255195278,0,0
-210.0,240.4036255195278,0,0
-200.0,240.4036255195278,0,0
-190.0,240.4036255195278,0,0
-180.0,240.4036255195278,0,0
-170.0,240.4036255195278,0,0
-160.0,240.4036255195278,0,0
-150.0,240.4036255195278,0,0
-140.0,240.4036255195278,0,0
-130.0,240.4036255195278,0,0
-120.0,240.4036255195278,0,0
-110.0,240.4036255195278,0,0
-100.0,240.4036255195278,0,0
-90.0,240.4036255195278,0,0
-80.0,240.4036255195278,0,0
-70.0,240.4036255195278,0,0
-60.0,240.4036255195278,0,0
-50.0,240.4036255195278,0,0
-40.0,240.4036255195278,0,0
-30.0,240.4036255195278,0,0
-20.0,240.4036255195278,0,0
-10.0,240.4036255195278,0,0
0.0,240.4036255195278,0,0
10.0,240.4036255195278,0,0
20.0,240.4036255195278,0,0
30.0,240.4036255195278,0,0
40.0,240.4036255195278,0,0
50.0,240.4036255195278,0,0
60.0,240.4036255195278,0,0
70.0,240.4036255195278,0,0
80.0,240.4036255195278,0,0
90.0,240.4036255195278,0,0
100.0,240.4036255195278,0,0
110.0,240.4036255195278,0,0
120.0,240.4036255195278,0,0
130.0,240.4036255195278,0,0
140.0,240.4036255195278,0,0
150.0,240.4036255195278,0,0
160.0,240.4036255195278,0,0
170.0,240.4036255195278,0,0
180.0,240.4036255195278,0,0
190.0,240.4036255195278,0,0
200.0,240.4036255195278,0,0
210.0,240.4036255195278,0,0
220.0,240.4036255195278,0,0
230.0,240.4036255195278,0,0
240.0,240.4036255195278,0,0
250.0,240.4036255195278,0,0
260.0,240.4036255195278,0,0
270.0,240.4036255195278,0,0
280.0,240.4036255195278,0,0
290.0,240.4036255195278,0,0
300.0,240.4036255195278,0,0
310.0,240.4036255195278,0,0
320.0,240.4036255195278,0,0
330.0,240.4036255195278,0,0
340.0,240.4036255195278,0,0
350.0,240.4036255195278,0,0
360.0,240.4036255195278,0,0
370.0,240.4036255195278,0,0
380.0,240.4036255195278,0,0
390.0,240.4036255195278,0,0
400.0,240.4036255195278,0,0
410.0,240.4036255195278,0,0
420.0,240.4036255195278,0,0
430.0,240.4036255195278,0,0
440.0,240.4036255195278,0,0
450.0,240.4036255195278,0,0
460.0,240.4036255195278,0,0
470.0,240.4036255195278,0,0
480.0,240.4036255195278,0,0
490.0,240.4036255195278,0,0
500.0,240.4036255195278,0,0
510.0,240.4036255195278,0,0
-505.0,249.0638795573722,0,0
-495.0,249.0638795573722,0,0
-485.0,249.0638795573722,0,0
-475.0,249.0638795573722,0,0
-465.0,249.0638795573722,0,0
-455.0,249.0638795573722,0,0
-445.0,249.0638795573722,0,0
-435.0,249.0638795573722,0,0
-425.0,249.0638795573722,0,0
-415.0,249.0638795573722,0,0
-405.0,249.0638795573722,0,0
-395.0,249.0638795573722,0,0
-385.0,249.0638795573722,0,0
-375.0,249.0638795573722,0,0
-365.0,249.0638795573722,0,0
-355.0,249.0638795573722,0,0
-345.0,249.0638795573722,0,0
-335.0,249.0638795573722,0,0
-325.0,249.0638795573722,0,0
-315.0,249.0638795573722,0,0
-305.0,249.0638795573722,0,0
-295.0,249.0638795573722,0,0
-285.0,249.0638795573722,0,0
-275.0,249.0638795573722,0,0
-265.0,249.0638795573722,0,0
-255.0,249.0638795573722,0,0
-245.0,249.0638795573722,0,0
-235.0,249.0638795573722,0,0
-225.0,249.0638795573722,0,0
-215.0,249.0638795573722,0,0
-205.0,249.0638795573722,0,0
-195.0,249.0638795573722,0,0
-185.0,249.0638795573722,0,0
-175.0,249.0638795573722,0,0
-165.0,249.0638795573722,0,0
-155.0,249.0638795573722,0,0
-145.0,249.0638795573722,0,0
-135.0,249.0638795573722,0,0
-125.0,249.0638795573722,0,0
-115.0,249.0638795573722,0,0
-105.0,249.0638795573722,0,0
-95.0,249.0638795573722,0,0
-85.0,249.0638795573722,0,0
-75.0,249.0638795573722,0,0
-65.0,249.0638795573722,0,0
-55.0,249.0638795573722,0,0
-45.0,249.0638795573722,0,0
-35.0,249.0638795573722,0,0
-25.0,249.0638795573722,0,0
-15.0,249.0638795573722,0,0
-5.0,249.0638795573722,0,0
5.0,249.0638795573722,0,0
15.0,249.0638795573722,0,0
25.0,249.0638795573722,0,0
35.0,249.0638795573722,0,0
45.0,249.0638795573722,0,0
55.0,249.0638795573722,0,0
65.0,249.0638795573722,0,0
75.0,249.0638795573722,0,0
85.0,249.0638795573722,0,0
95.0,249.0638795573722,0,0
105.0,249.0638795573722,0,0
115.0,249.0638795573722,0,0
125.0,249.0638795573722,0,0
135.0,249.0638795573722,0,0
145.0,249.0638795573722,0,0
155.0,249.0638795573722,0,0
165.0,249.0638795573722,0,0
175.0,249.0638795573722,0,0
185.0,249.0638795573722,0,0
195.0,249.0638795573722,0,0
205.0,249.0638795573722,0,0
215.0,249.0638795573722,0,0
225.0,249.0638795573722,0,0
235.0,249.0638795573722,0,0
245.0,249.0638795573722,0,0
255.0,249.0638795573722,0,0
265.0,249.0638795573722,0,0
275.0,249.0638795573722,0,0
285.0,249.0638795573722,0,0
295.0,249.0638795573722,0,0
305.0,249.0638795573722,0,0
315.0,249.0638795573722,0,0
325.0,249.0638795573722,0,0
335.0,249.0638795573722,0,0
345.0,249.0638795573722,0,0
355.0,249.0638795573722,0,0
365.0,249.0638795573722,0,0
375.0,249.0638795573722,0,0
385.0,249.0638795573722,0,0
395.0,249.0638795573722,0,0
405.0,249.0638795573722,0,0
415.0,249.0638795573722,0,0
425.0,249.0638795573722,0,0
435.0,249.0638795573722,0,0
445.0,249.0638795573722,0,0
455.0,249.0638795573722,0,0
465.0,249.0638795573722,0,0
475.0,249.0638795573722,0,0
485.0,249.0638795573722,0,0
495.0,249.0638795573722,0,0
505.0,249.0638795573722,0,0
-500.0,257.7241335952166,0,0
-490.0,257.7241335952166,0,0
-480.0,257.7241335952166,0,0
-470.0,257.7241335952166,0,0
-460.0,257.7241335952166,0,0
-450.0,257.7241335952166,0,0
-440.0,257.7241335952166,0,0
-430.0,257.7241335952166,0,0
-420.0,257.7241335952166,0,0
-410.0,257.7241335952166,0,0
-400.0,257.7241335952166,0,0
-390.0,257.7241335952166,0,0
-380.0,257.7241335952166,0,0
-370.0,257.7241335952166,0,0
-360.0,257.7241335952166,0,0
-350.0,257.7241335952166,0,0
-340.0,257.7241335952166,0,0
-330.0,257.7241335952166,0,0
-320.0,257.7241335952166,0,0
-310.0,257.7241335952166,0,0
-300.0,257.7241335952166,0,0
-290.0,257.7241335952166,0,0
-280.0,257.7241335952166,0,0
-270.0,257.7241335952166,0,0
-260.0,257.7241335952166,0,0
-250.0,257.7241335952166,0,0
-240.0,257.7241335952166,0,0
-230.0,257.7241335952166,0,0
-220.0,257.7241335952166,0,0
-210.0,257.7241335952166,0,0
-200.0,257.7241335952166,0,0
-190.0,257.7241335952166,0,0
-180.0,257.7241335952166,0,0
-170.0,257.7241335952166,0,0
-160.0,257.7241335952166,0,0
-150.0,257.7241335952166,0,0
-140.0,257.7241335952166,0,0
-130.0,257.7241335952166,0,0
-120.0,257.7241335952166,0,0
-110.0,257.7241335952166,0,0
-100.0,257.7241335952166,0,0
-90.0,257.7241335952166,0,0
-80.0,257.7241335952166,0,0
-70.0,257.7241335952166,0,0
-60.0,257.7241335952166,0,0
-50.0,257.7241335952166,0,0
-40.0,257.7241335952166,0,0
-30.0,257.7241335952166,0,0
-20.0,257.7241335952166,0,0
-10.0,257.7241335952166,0,0
0.0,257.7241335952166,0,0
10.0,257.7241335952166,0,0
20.0,257.7241335952166,0,0
30.0,257.7241335952166,0,0
40.0,257.7241335952166,0,0
50.0,257.7241335952166,0,0
60.0,257.7241335952166,0,0
70.0,257.7241335952166,0,0
80.0,257.7241335952166,0,0
90.0,257.7241335952166,0,0
100.0,257.7241335952166,0,0
110.0,257.7241335952166,0,0
120.0,257.7241335952166,0,0
130.0,257.7241335952166,0,0
140.0,257.7241335952166,0,0
150.0,257.7241335952166,0,0
160.0,257.7241335952166,0,0
170.0,257.7241335952166,0,0
180.0,257.7241335952166,0,0
190.0,257.7241335952166,0,0
200.0,257.7241335952166,0,0
210.0,257.7241335952166,0,0
220.0,257.7241335952166,0,0
230.0,257.7241335952166,0,0
240.0,257.7241335952166,0,0
250.0,257.7241335952166,0,0
260.0,257.7241335952166,0,0
270.0,257.7241335952166,0,0
280.0,257.7241335952166,0,0
290.0,257.7241335952166,0,0
300.0,257.7241335952166,0,0
310.0,257.7241335952166,0,0
320.0,257.7241335952166,0,0
330.0,257.7241335952166,0,0
340.0,257.7241335952166,0,0
350.0,257.7241335952166,0,0
360.0,257.7241335952166,0,0
370.0,257.7241335952166,0,0
380.0,257.7241335952166,0,0
390.0,257.7241335952166,0,0
400.0,257.7241335952166,0,0
410.0,257.7241335952166,0,0
420.0,257.7241335952166,0,0
430.0,257.7241335952166,0,0
440.0,257.7241335952166,0,0
450.0,257.7241335952166,0,0
460.0,257.7241335952166,0,0
470.0,257.7241335952166,0,0
480.0,257.7241335952166,0,0
490.0,257.7241335952166,0,0
500.0,257.7241335952166,0,0
-495.0,266.38438763306095,0,0
-485.0,266.38438763306095,0,0
-475.0,266.38438763306095,0,0
-465.0,266.38438763306095,0,0
-455.0,266.38438763306095,0,0
-445.0,266.38438763306095,0,0
-435.0,266.38438763306095,0,0
-425.0,266.38438763306095,0,0
-415.0,266.38438763306095,0,0
-405.0,266.38438763306095,0,0
-395.0,266.38438763306095,0,0
-385.0,266.38438763306095,0,0
-375.0,266.38438763306095,0,0
-365.0,266.38438763306095,0,0
-355.0,266.38438763306095,0,0
-345.0,266.38438763306095,0,0
-335.0,266.38438763306095,0,0
-325.0,266.38438763306095,0,0
-315.0,266.38438763306095,0,0
-305.0,266.38438763306095,0,0
-295.0,266.38438763306095,0,0
-285.0,266.38438763306095,0,0
-275.0,266.38438763306095,0,0
-265.0,266.38438763306095,0,0
-255.0,266.38438763306095,0,0
-245.0,266.38438763306095,0,0
-235.0,266.38438763306095,0,0
-225.0,266.38438763306095,0,0
-215.0,266.38438763306095,0,0
-205.0,266.38438763306095,0,0
-195.0,266.38438763306095,0,0
-185.0,266.38438763306095,0,0
-175.0,266.38438763306095,0,0
-165.0,266.38438763306095,0,0
-155.0,266.38438763306095,0,0
-145.0,266.38438763306095,0,0
-135.0,266.38438763306095,0,0
-125.0,266.38438763306095,0,0
-115.0,266.38438763306095,0,0
-105.0,266.38438763306095,0,0
-95.0,266.38438763306095,0,0
-85.0,266.38438763306095,0,0
-75.0,266.38438763306095,0,0
-65.0,266.38438763306095,0,0
-55.0,266.38438763306095,0,0
-45.0,266.38438763306095,0,0
-35.0,266.38438763306095,0,0
-25.0,266.38438763306095,0,0
-15.0,266.38438763306095,0,0
-5.0,266.38438763306095,0,0
5.0,266.38438763306095,0,0
15.0,266.38438763306095,0,0
25.0,266.38438763306095,0,0
35.0,266.38438763306095,0,0
45.0,266.38438763306095,0,0
55.0,266.38438763306095,0,0
65.0,266.38438763306095,0,0
75.0,266.38438763306095,0,0
85.0,266.38438763306095,0,0
95.0,266.38438763306095,0,0
105.0,266.38438763306095,0,0
115.0,266.38438763306095,0,0
125.0,266.38438763306095,0,0
135.0,266.38438763306095,0,0
145.0,266.38438763306095,0,0
155.0,266.38438763306095,0,0
165.0,266.38438763306095,0,0
175.0,266.38438763306095,0,0
185.0,266.38438763306095,0,0
195.0,266.38438763306095,0,0
205.0,266.38438763306095,0,0
215.0,266.38438763306095,0,0
225.0,266.38438763306095,0,0
235.0,266.38438763306095,0,0
245.0,266.38438763306095,0,0
255.0,266.38438763306095,0,0
265.0,266.38438763306095,0,0
275.0,266.38438763306095,0,0
285.0,266.38438763306095,0,0
295.0,266.38438763306095,0,0
305.0,266.38438763306095,0,0
315.0,266.38438763306095,0,0
325.0,266.38438763306095,0,0
335.0,266.38438763306095,0,0
345.0,266.38438763306095,0,0
355.0,266.38438763306095,0,0
365.0,266.38438763306095,0,0
375.0,266.38438763306095,0,0
385.0,266.38438763306095,0,0
395.0,266.38438763306095,0,0
405.0,266.38438763306095,0,0
415.0,266.38438763306095,0,0
425.0,266.38438763306095,0,0
435.0,266.38438763306095,0,0
445.0,266.38438763306095,0,0
455.0,266.38438763306095,0,0
465.0,266.38438763306095,0,0
475.0,266.38438763306095,0,0
485.0,266.38438763306095,0,0
495.0,266.38438763306095,0,0
-490.0,275.0446416709053,0,0
-480.0,275.0446416709053,0,0
-470.0,275.0446416709053,0,0
-460.0,275.0446416709053,0,0
-450.0,275.0446416709053,0,0
-440.0,275.0446416709053,0,0
-430.0,275.0446416709053,0,0
-420.0,275.0446416709053,0,0
-410.0,275.0446416709053,0,0
-400.0,275.0446416709053,0,0
-390.0,275.0446416709053,0,0
-380.0,275.0446416709053,0,0
-370.0,275.0446416709053,0,0
-360.0,275.0446416709053,0,0
-350.0,275.0446416709053,0,0
-340.0,275.0446416709053,0,0
-330.0,275.0446416709053,0,0
-320.0,275.0446416709053,0,0
-310.0,275.0446416709053,0,0
-300.0,275.0446416709053,0,0
-290.0,275.0446416709053,0,0
-280.0,275.0446416709053,0,0
-270.0,275.0446416709053,0,0
-260.0,275.0446416709053,0,0
-250.0,275.0446416709053,0,0
-240.0,275.0446416709053,0,0
-230.0,275.0446416709053,0,0
-220.0,275.0446416709053,0,0
-210.0,275.0446416709053,0,0
-200.0,275.0446416709053,0,0
-190.0,275.0446416709053,0,0
-180.0,275.0446416709053,0,0
-170.0,275.0446416709053,0,0
-160.0,275.0446416709053,0,0
-150.0,275.0446416709053,0,0
-140.0,275.0446416709053,0,0
-130.0,275.0446416709053,0,0
-120.0,275.0446416709053,0,0
-110.0,275.0446416709053,0,0
-100.0,275.0446416709053,0,0
-90.0,275.0446416709053,0,0
-80.0,275.0446416709053,0,0
-70.0,275.0446416709053,0,0
-60.0,275.0446416709053,0,0
-50.0,275.0446416709053,0,0
-40.0,275.0446416709053,0,0
-30.0,275.0446416709053,0,0
-20.0,275.0446416709053,0,0
-10.0,275.0446416709053,0,0
0.0,275.0446416709053,0,0
10.0,275.0446416709053,0,0
20.0,275.0446416709053,0,0
30.0,275.0446416709053,0,0
40.0,275.0446416709053,0,0
50.0,275.0446416709053,0,0
60.0,275.0446416709053,0,0
70.0,275.0446416709053,0,0
80.0,275.0446416709053,0,0
90.0,275.0446416709053,0,0
100.0,275.0446416709053,0,0
110.0,275.0446416709053,0,0
120.0,275.0446416709053,0,0
130.0,275.0446416709053,0,0
140.0,275.0446416709053,0,0
150.0,275.0446416709053,0,0
160.0,275.0446416709053,0,0
170.0,275.0446416709053,0,0
180.0,275.0446416709053,0,0
190.0,275.0446416709053,0,0
200.0,275.0446416709053,0,0
210.0,275.0446416709053,0,0
220.0,275.0446416709053,0,0
230.0,275.0446416709053,0,0
240.0,275.0446416709053,0,0
250.0,275.0446416709053,0,0
260.0,275.0446416709053,0,0
270.0,275.0446416709053,0,0
280.0,275.0446416709053,0,0
290.0,275.0446416709053,0,0
300.0,275.0446416709053,0,0
310.0,275.0446416709053,0,0
320.0,275.0446416709053,0,0
330.0,275.0446416709053,0,0
340.0,275.0446416709053,0,0
350.0,275.0446416709053,0,0
360.0,275.0446416709053,0,0
370.0,275.0446416709053,0,0
380.0,275.0446416709053,0,0
390.0,275.0446416709053,0,0
400.0,275.0446416709053,0,0
410.0,275.0446416709053,0,0
420.0,275.0446416709053,0,0
430.0,275.0446416709053,0,0
440.0,275.0446416709053,0,0
450.0,275.0446416709053,0,0
460.0,275.0446416709053,0,0
470.0,275.0446416709053,0,0
480.0,275.0446416709053,0,0
490.0,275.0446416709053,0,0
-485.0,283.7048957087497,0,0
-475.0,283.7048957087497,0,0
-465.0,283.7048957087497,0,0
-455.0,283.7048957087497,0,0
-445.0,283.7048957087497,0,0
-435.0,283.7048957087497,0,0
-425.0,283.7048957087497,0,0
-415.0,283.7048957087497,0,0
-405.0,283.7048957087497,0,0
-395.0,283.7048957087497,0,0
-385.0,283.7048957087497,0,0
-375.0,283.7048957087497,0,0
-365.0,283.7048957087497,0,0
-355.0,283.7048957087497,0,0
-345.0,283.7048957087497,0,0
-335.0,283.7048957087497,0,0
-325.0,283.7048957087497,0,0
-315.0,283.7048957087497,0,0
-305.0,283.7048957087497,0,0
-295.0,283.7048957087497,0,0
-285.0,283.7048957087497,0,0
-275.0,283.7048957087497,0,0
-265.0,283.7048957087497,0,0
-255.0,283.7048957087497,0,0
-245.0,283.7048957087497,0,0
-235.0,283.7048957087497,0,0
-225.0,283.7048957087497,0,0
-215.0,283.7048957087497,0,0
-205.0,283.7048957087497,0,0
-195.0,283.7048957087497,0,0
-185.0,283.7048957087497,0,0
-175.0,283.7048957087497,0,0
-165.0,283.7048957087497,0,0
-155.0,283.7048957087497,0,0
-145.0,283.7048957087497,0,0
-135.0,283.7048957087497,0,0
-125.0,283.7048957087497,0,0
-115.0,283.7048957087497,0,0
-105.0,283.7048957087497,0,0
-95.0,283.7048957087497,0,0
-85.0,283.7048957087497,0,0
-75.0,283.7048957087497,0,0
-65.0,283.7048957087497,0,0
-55.0,283.7048957087497,0,0
-45.0,283.7048957087497,0,0
-35.0,283.7048957087497,0,0
-25.0,283.7048957087497,0,0
-15.0,283.7048957087497,0,0
-5.0,283.7048957087497,0,0
5.0,283.7048957087497,0,0
15.0,283.7048957087497,0,0
25.0,283.7048957087497,0,0
35.0,283.7048957087497,0,0
45.0,283.7048957087497,0,0
55.0,283.7048957087497,0,0
65.0,283.7048957087497,0,0
75.0,283.7048957087497,0,0
85.0,283.7048957087497,0,0
95.0,283.7048957087497,0,0
105.0,283.7048957087497,0,0
115.0,283.7048957087497,0,0
125.0,283.7048957087497,0,0
135.0,283.7048957087497,0,0
145.0,283.7048957087497,0,0
155.0,283.7048957087497,0,0
165.0,283.7048957087497,0,0
175.0,283.7048957087497,0,0
185.0,283.7048957087497,0,0
195.0,283.7048957087497,0,0
205.0,283.7048957087497,0,0
215.0,283.7048957087497,0,0
225.0,283.7048957087497,0,0
235.0,283.7048957087497,0,0
245.0,283.7048957087497,0,0
255.0,283.7048957087497,0,0
265.0,283.7048957087497,0,0
275.0,283.7048957087497,0,0
285.0,283.7048957087497,0,0
295.0,283.7048957087497,0,0
305.0,283.7048957087497,0,0
315.0,283.7048957087497,0,0
325.0,283.7048957087497,0,0
335.0,283.7048957087497,0,0
345.0,283.7048957087497,0,0
355.0,283.7048957087497,0,0
365.0,283.7048957087497,0,0
375.0,283.7048957087497,0,0
385.0,283.7048957087497,0,0
395.0,283.7048957087497,0,0
405.0,283.7048957087497,0,0
415.0,283.7048957087497,0,0
425.0,283.7048957087497,0,0
435.0,283.7048957087497,0,0
445.0,283.7048957087497,0,0
455.0,283.7048957087497,0,0
465.0,283.7048957087497,0,0
475.0,283.7048957087497,0,0
485.0,283.7048957087497,0,0
-480.0,292.36514974659406,0,0
-470.0,292.36514974659406,0,0
-460.0,292.36514974659406,0,0
-450.0,292.36514974659406,0,0
-440.0,292.36514974659406,0,0
-430.0,292.36514974659406,0,0
-420.0,292.36514974659406,0,0
-410.0,292.36514974659406,0,0
-400.0,292.36514974659406,0,0
-390.0,292.36514974659406,0,0
-380.0,292.36514974659406,0,0
-370.0,292.36514974659406,0,0
-360.0,292.36514974659406,0,0
-350.0,292.36514974659406,0,0
-340.0,292.36514974659406,0,0
-330.0,292.36514974659406,0,0
-320.0,292.36514974659406,0,0
-310.0,292.36514974659406,0,0
-300.0,292.36514974659406,0,0
-290.0,292.36514974659406,0,0
-280.0,292.36514974659406,0,0
-270.0,292.36514974659406,0,0
-260.0,292.36514974659406,0,0
-250.0,292.36514974659406,0,0
-240.0,292.36514974659406,0,0
-230.0,292.36514974659406,0,0
-220.0,292.36514974659406,0,0
-210.0,292.36514974659406,0,0
-200.0,292.36514974659406,0,0
-190.0,292.36514974659406,0,0
-180.0,292.36514974659406,0,0
-170.0,292.36514974659406,0,0
-160.0,292.36514974659406,0,0
-150.0,292.36514974659406,0,0
-140.0,292.36514974659406,0,0
-130.0,292.36514974659406,0,0
-120.0,292.36514974659406,0,0
-110.0,292.36514974659406,0,0
-100.0,292.36514974659406,0,0
-90.0,292.36514974659406,0,0
-80.0,292.36514974659406,0,0
-70.0,292.36514974659406,0,0
-60.0,292.36514974659406,0,0
-50.0,292.36514974659406,0,0
-40.0,292.36514974659406,0,0
-30.0,292.36514974659406,0,0
-20.0,292.36514974659406,0,0
-10.0,292.36514974659406,0,0
0.0,292.36514974659406,0,0
10.0,292.36514974659406,0,0
20.0,292.36514974659406,0,0
30.0,292.36514974659406,0,0
40.0,292.36514974659406,0,0
50.0,292.36514974659406,0,0
60.0,292.36514974659406,0,0
70.0,292.36514974659406,0,0
80.0,292.36514974659406,0,0
90.0,292.36514974659406,0,0
100.0,292.36514974659406,0,0
110.0,292.36514974659406,0,0
120.0,292.36514974659406,0,0
130.0,292.36514974659406,0,0
140.0,292.36514974659406,0,0
150.0,292.36514974659406,0,0
160.0,292.36514974659406,0,0
170.0,292.36514974659406,0,0
180.0,292.36514974659406,0,0
190.0,292.36514974659406,0,0
200.0,292.36514974659406,0,0
210.0,292.36514974659406,0,0
220.0,292.36514974659406,0,0
230.0,292.36514974659406,0,0
240.0,292.36514974659406,0,0
250.0,292.36514974659406,0,0
260.0,292.36514974659406,0,0
270.0,292.36514974659406,0,0
280.0,292.36514974659406,0,0
290.0,292.36514974659406,0,0
300.0,292.36514974659406,0,0
310.0,292.36514974659406,0,0
320.0,292.36514974659406,0,0
330.0,292.36514974659406,0,0
340.0,292.36514974659406,0,0
350.0,292.36514974659406,0,0
360.0,292.36514974659406,0,0
370.0,292.36514974659406,0,0
380.0,292.36514974659406,0,0
390.0,292.36514974659406,0,0
400.0,292.36514974659406,0,0
410.0,292.36514974659406,0,0
420.0,292.36514974659406,0,0
430.0,292.36514974659406,0,0
440.0,292.36514974659406,0,0
450.0,292.36514974659406,0,0
460.0,292.36514974659406,0,0
470.0,292.36514974659406,0,0
480.0,292.36514974659406,0,0
-475.0,301.0254037844384,0,0
-465.0,301.0254037844384,0,0
-455.0,301.0254037844384,0,0
-445.0,301.0254037844384,0,0
-435.0,301.0254037844384,0,0
-425.0,301.0254037844384,0,0
-415.0,301.0254037844384,0,0
-405.0,301.0254037844384,0,0
-395.0,301.0254037844384,0,0
-385.0,301.0254037844384,0,0
-375.0,301.0254037844384,0,0
-365.0,301.0254037844384,0,0
-355.0,301.0254037844384,0,0
-345.0,301.0254037844384,0,0
-335.0,301.0254037844384,0,0
-325.0,301.0254037844384,0,0
-315.0,301.0254037844384,0,0
-305.0,301.0254037844384,0,0
-295.0,301.0254037844384,0,0
-285.0,301.0254037844384,0,0
-275.0,301.0254037844384,0,0
-265.0,301.0254037844384,0,0
-255.0,301.0254037844384,0,0
-245.0,301.0254037844384,0,0
-235.0,301.0254037844384,0,0
-225.0,301.0254037844384,0,0
-215.0,301.0254037844384,0,0
-205.0,301.0254037844384,0,0
-195.0,301.0254037844384,0,0
-185.0,301.0254037844384,0,0
-175.0,301.0254037844384,0,0
-165.0,301.0254037844384,0,0
-155.0,301.0254037844384,0,0
-145.0,301.0254037844384,0,0
-135.0,301.0254037844384,0,0
-125.0,301.0254037844384,0,0
-115.0,301.0254037844384,0,0
-105.0,301.0254037844384,0,0
-95.0,301.0254037844384,0,0
-85.0,301.0254037844384,0,0
-75.0,301.0254037844384,0,0
-65.0,301.0254037844384,0,0
-55.0,301.0254037844384,0,0
-45.0,301.0254037844384,0,0
-35.0,301.0254037844384,0,0
-25.0,301.0254037844384,0,0
-15.0,301.0254037844384,0,0
-5.0,301.0254037844384,0,0
5.0,301.0254037844384,0,0
15.0,301.0254037844384,0,0
25.0,301.0254037844384,0,0
35.0,301.0254037844384,0,0
45.0,301.0254037844384,0,0
55.0,301.0254037844384,0,0
65.0,301.0254037844384,0,0
75.0,301.0254037844384,0,0
85.0,301.0254037844384,0,0
95.0,301.0254037844384,0,0
105.0,301.0254037844384,0,0
115.0,301.0254037844384,0,0
125.0,301.0254037844384,0,0
135.0,301.0254037844384,0,0
145.0,301.0254037844384,0,0
155.0,301.0254037844384,0,0
165.0,301.0254037844384,0,0
175.0,301.0254037844384,0,0
185.0,301.0254037844384,0,0
195.0,301.0254037844384,0,0
205.0,301.0254037844384,0,0
215.0,301.0254037844384,0,0
225.0,301.0254037844384,0,0
235.0,301.0254037844384,0,0
245.0,301.0254037844384,0,0
255.0,301.0254037844384,0,0
265.0,301.0254037844384,0,0
275.0,301.0254037844384,0,0
285.0,301.0254037844384,0,0
295.0,301.0254037844384,0,0
305.0,301.0254037844384,0,0
315.0,301.0254037844384,0,0
325.0,301.0254037844384,0,0
335.0,301.0254037844384,0,0
345.0,301.0254037844384,0,0
355.0,301.0254037844384,0,0
365.0,301.0254037844384,0,0
375.0,301.0254037844384,0,0
385.0,301.0254037844384,0,0
395.0,301.0254037844384,0,0
405.0,301.0254037844384,0,0
415.0,301.0254037844384,0,0
425.0,301.0254037844384,0,0
435.0,301.0254037844384,0,0
445.0,301.0254037844384,0,0
455.0,301.0254037844384,0,0
465.0,301.0254037844384,0,0
475.0,301.0254037844384,0,0
-470.0,309.6856578222828,0,0
-460.0,309.6856578222828,0,0
-450.0,309.6856578222828,0,0
-440.0,309.6856578222828,0,0
-430.0,309.6856578222828,0,0
-420.0,309.6856578222828,0,0
-410.0,309.6856578222828,0,0
-400.0,309.6856578222828,0,0
-390.0,309.6856578222828,0,0
-380.0,309.6856578222828,0,0
-370.0,309.6856578222828,0,0
-360.0,309.6856578222828,0,0
-350.0,309.6856578222828,0,0
-340.0,309.6856578222828,0,0
-330.0,309.6856578222828,0,0
-320.0,309.6856578222828,0,0
-310.0,309.6856578222828,0,0
-300.0,309.6856578222828,0,0
-290.0,309.6856578222828,0,0
-280.0,309.6856578222828,0,0
-270.0,309.6856578222828,0,0
-260.0,309.6856578222828,0,0
-250.0,309.6856578222828,0,0
-240.0,309.6856578222828,0,0
-230.0,309.6856578222828,0,0
-220.0,309.6856578222828,0,0
-210.0,309.6856578222828,0,0
-200.0,309.6856578222828,0,0
-190.0,309.6856578222828,0,0
-180.0,309.6856578222828,0,0
-170.0,309.6856578222828,0,0
-160.0,309.6856578222828,0,0
-150.0,309.6856578222828,0,0
-140.0,309.6856578222828,0,0
-130.0,309.6856578222828,0,0
-120.0,309.6856578222828,0,0
-110.0,309.6856578222828,0,0
-100.0,309.6856578222828,0,0
-90.0,309.6856578222828,0,0
-80.0,309.6856578222828,0,0
-70.0,309.6856578222828,0,0
-60.0,309.6856578222828,0,0
-50.0,309.6856578222828,0,0
-40.0,309.6856578222828,0,0
-30.0,309.6856578222828,0,0
-20.0,309.6856578222828,0,0
-10.0,309.6856578222828,0,0
0.0,309.6856578222828,0,0
10.0,309.6856578222828,0,0
20.0,309.6856578222828,0,0
30.0,309.6856578222828,0,0
40.0,309.6856578222828,0,0
50.0,309.6856578222828,0,0
60.0,309.6856578222828,0,0
70.0,309.6856578222828,0,0
80.0,309.6856578222828,0,0
90.0,309.6856578222828,0,0
100.0,309.6856578222828,0,0
110.0,309.6856578222828,0,0
120.0,309.6856578222828,0,0
130.0,309.6856578222828,0,0
140.0,309.6856578222828,0,0
150.0,309.6856578222828,0,0
160.0,309.6856578222828,0,0
170.0,309.6856578222828,0,0
180.0,309.6856578222828,0,0
190.0,309.6856578222828,0,0
200.0,309.6856578222828,0,0
210.0,309.6856578222828,0,0
220.0,309.6856578222828,0,0
230.0,309.6856578222828,0,0
240.0,309.6856578222828,0,0
250.0,309.6856578222828,0,0
260.0,309.6856578222828,0,0
270.0,309.6856578222828,0,0
280.0,309.6856578222828,0,0
290.0,309.6856578222828,0,0
300.0,309.6856578222828,0,0
310.0,309.6856578222828,0,0
320.0,309.6856578222828,0,0
330.0,309.6856578222828,0,0
340.0,309.6856578222828,0,0
350.0,309.6856578222828,0,0
360.0,309.6856578222828,0,0
370.0,309.6856578222828,0,0
380.0,309.6856578222828,0,0
390.0,309.6856578222828,0,0
400.0,309.6856578222828,0,0
410.0,309.6856578222828,0,0
420.0,309.6856578222828,0,0
430.0,309.6856578222828,0,0
440.0,309.6856578222828,0,0
450.0,309.6856578222828,0,0
460.0,309.6856578222828,0,0
470.0,309.6856578222828,0,0
-465.0,318.34591186012716,0,0
-455.0,318.34591186012716,0,0
-445.0,318.34591186012716,0,0
-435.0,318.34591186012716,0,0
-425.0,318.34591186012716,0,0
-415.0,318.34591186012716,0,0
-405.0,318.34591186012716,0,0
-395.0,318.34591186012716,0,0
-385.0,318.34591186012716,0,0
-375.0,318.34591186012716,0,0
-365.0,318.34591186012716,0,0
-355.0,318.34591186012716,0,0
-345.0,318.34591186012716,0,0
-335.0,318.34591186012716,0,0
-325.0,318.34591186012716,0,0
-315.0,318.34591186012716,0,0
-305.0,318.34591186012716,0,0
-295.0,318.34591186012716,0,0
-285.0,318.34591186012716,0,0
-275.0,318.34591186012716,0,0
-265.0,318.34591186012716,0,0
-255.0,318.34591186012716,0,0
-245.0,318.34591186012716,0,0
-235.0,318.34591186012716,0,0
-225.0,318.34591186012716,0,0
-215.0,318.34591186012716,0,0
-205.0,318.34591186012716,0,0
-195.0,318.34591186012716,0,0
-185.0,318.34591186012716,0,0
-175.0,318.34591186012716,0,0
-165.0,318.34591186012716,0,0
-155.0,318.34591186012716,0,0
-145.0,318.34591186012716,0,0
-135.0,318.34591186012716,0,0
-125.0,318.34591186012716,0,0
-115.0,318.34591186012716,0,0
-105.0,318.34591186012716,0,0
-95.0,318.34591186012716,0,0
-85.0,318.34591186012716,0,0
-75.0,318.34591186012716,0,0
-65.0,318.34591186012716,0,0
-55.0,318.34591186012716,0,0
-45.0,318.34591186012716,0,0
-35.0,318.34591186012716,0,0
-25.0,318.34591186012716,0,0
-15.0,318.34591186012716,0,0
-5.0,318.34591186012716,0,0
5.0,318.34591186012716,0,0
15.0,318.34591186012716,0,0
25.0,318.34591186012716,0,0
35.0,318.34591186012716,0,0
45.0,318.34591186012716,0,0
55.0,318.34591186012716,0,0
65.0,318.34591186012716,0,0
75.0,318.34591186012716,0,0
85.0,318.34591186012716,0,0
95.0,318.34591186012716,0,0
105.0,318.34591186012716,0,0
115.0,318.34591186012716,0,0
125.0,318.34591186012716,0,0
135.0,318.34591186012716,0,0
145.0,318.34591186012716,0,0
155.0,318.34591186012716,0,0
165.0,318.34591186012716,0,0
175.0,318.34591186012716,0,0
185.0,318.34591186012716,0,0
195.0,318.34591186012716,0,0
205.0,318.34591186012716,0,0
215.0,318.34591186012716,0,0
225.0,318.34591186012716,0,0
235.0,318.34591186012716,0,0
245.0,318.34591186012716,0,0
255.0,318.34591186012716,0,0
265.0,318.34591186012716,0,0
275.0,318.34591186012716,0,0
285.0,318.34591186012716,0,0
295.0,318.34591186012716,0,0
305.0,318.34591186012716,0,0
315.0,318.34591186012716,0,0
325.0,318.34591186012716,0,0
335.0,318.34591186012716,0,0
345.0,318.34591186012716,0,0
355.0,318.34591186012716,0,0
365.0,318.34591186012716,0,0
375.0,318.34591186012716,0,0
385.0,318.34591186012716,0,0
395.0,318.34591186012716,0,0
405.0,318.34591186012716,0,0
415.0,318.34591186012716,0,0
425.0,318.34591186012716,0,0
435.0,318.34591186012716,0,0
445.0,318.34591186012716,0,0
455.0,318.34591186012716,0,0
465.0,318.34591186012716,0,0
-460.0,327.0061658979715,0,0
-450.0,327.0061658979715,0,0
-440.0,327.0061658979715,0,0
-430.0,327.0061658979715,0,0
-420.0,327.0061658979715,0,0
-410.0,327.0061658979715,0,0
-400.0,327.0061658979715,0,0
-390.0,327.0061658979715,0,0
-380.0,327.0061658979715,0,0
-370.0,327.0061658979715,0,0
-360.0,327.0061658979715,0,0
-350.0,327.0061658979715,0,0
-340.0,327.0061658979715,0,0
-330.0,327.0061658979715,0,0
-320.0,327.0061658979715,0,0
-310.0,327.0061658979715,0,0
-300.0,327.0061658979715,0,0
-290.0,327.0061658979715,0,0
-280.0,327.0061658979715,0,0
-270.0,327.0061658979715,0,0
-260.0,327.0061658979715,0,0
-250.0,327.0061658979715,0,0
-240.0,327.0061658979715,0,0
-230.0,327.0061658979715,0,0
-220.0,327.0061658979715,0,0
-210.0,327.0061658979715,0,0
-200.0,327.0061658979715,0,0
-190.0,327.0061658979715,0,0
-180.0,327.0061658979715,0,0
-170.0,327.0061658979715,0,0
-160.0,327.0061658979715,0,0
-150.0,327.0061658979715,0,0
-140.0,327.0061658979715,0,0
-130.0,327.0061658979715,0,0
-120.0,327.0061658979715,0,0
-110.0,327.0061658979715,0,0
-100.0,327.0061658979715,0,0
-90.0,327.0061658979715,0,0
-80.0,327.0061658979715,0,0
-70.0,327.0061658979715,0,0
-60.0,327.0061658979715,0,0
-50.0,327.0061658979715,0,0
-40.0,327.0061658979715,0,0
-30.0,327.0061658979715,0,0
-20.0,327.0061658979715,0,0
-10.0,327.0061658979715,0,0
0.0,327.0061658979715,0,0
10.0,327.0061658979715,0,0
20.0,327.0061658979715,0,0
30.0,327.0061658979715,0,0
40.0,327.0061658979715,0,0
50.0,327.0061658979715,0,0
60.0,327.0061658979715,0,0
70.0,327.0061658979715,0,0
80.0,327.0061658979715,0,0
90.0,327.0061658979715,0,0
100.0,327.0061658979715,0,0
110.0,327.0061658979715,0,0
120.0,327.0061658979715,0,0
130.0,327.0061658979715,0,0
140.0,327.0061658979715,0,0
150.0,327.0061658979715,0,0
160.0,327.0061658979715,0,0
170.0,327.0061658979715,0,0
180.0,327.0061658979715,0,0
190.0,327.0061658979715,0,0
200.0,327.0061658979715,0,0
210.0,327.0061658979715,0,0
220.0,327.0061658979715,0,0
230.0,327.0061658979715,0,0
240.0,327.0061658979715,0,0
250.0,327.0061658979715,0,0
260.0,327.0061658979715,0,0
270.0,327.0061658979715,0,0
280.0,327.0061658979715,0,0
290.0,327.0061658979715,0,0
300.0,327.0061658979715,0,0
310.0,327.0061658979715,0,0
320.0,327.0061658979715,0,0
330.0,327.0061658979715,0,0
340.0,327.0061658979715,0,0
350.0,327.0061658979715,0,0
360.0,327.0061658979715,0,0
370.0,327.0061658979715,0,0
380.0,327.0061658979715,0,0
390.0,327.0061658979715,0,0
400.0,327.0061658979715,0,0
410.0,327.0061658979715,0,0
420.0,327.0061658979715,0,0
430.0,327.0061658979715,0,0
440.0,327.0061658979715,0,0
450.0,327.0061658979715,0,0
460.0,327.0061658979715,0,0
-445.0,335.6664199358159,0,0
-435.0,335.6664199358159,0,0
-425.0,335.6664199358159,0,0
-415.0,335.6664199358159,0,0
-405.0,335.6664199358159,0,0
-395.0,335.6664199358159,0,0
-385.0,335.6664199358159,0,0
-375.0,335.6664199358159,0,0
-365.0,335.6664199358159,0,0
-355.0,335.6664199358159,0,0
-345.0,335.6664199358159,0,0
-335.0,335.6664199358159,0,0
-325.0,335.6664199358159,0,0
-315.0,335.6664199358159,0,0
-305.0,335.6664199358159,0,0
-295.0,335.6664199358159,0,0
-285.0,335.6664199358159,0,0
-275.0,335.6664199358159,0,0
-265.0,335.6664199358159,0,0
-255.0,335.6664199358159,0,0
-245.0,335.6664199358159,0,0
-235.0,335.6664199358159,0,0
-225.0,335.6664199358159,0,0
-215.0,335.6664199358159,0,0
-205.0,335.6664199358159,0,0
-195.0,335.6664199358159,0,0
-185.0,335.6664199358159,0,0
-175.0,335.6664199358159,0,0
-165.0,335.6664199358159,0,0
-155.0,335.6664199358159,0,0
-145.0,335.6664199358159,0,0
-135.0,335.6664199358159,0,0
-125.0,335.6664199358159,0,0
-115.0,335.6664199358159,0,0
-105.0,335.6664199358159,0,0
-95.0,335.6664199358159,0,0
-85.0,335.6664199358159,0,0
-75.0,335.6664199358159,0,0
-65.0,335.6664199358159,0,0
-55.0,335.6664199358159,0,0
-45.0,335.6664199358159,0,0
-35.0,335.6664199358159,0,0
-25.0,335.6664199358159,0,0
-15.0,335.6664199358159,0,0
-5.0,335.6664199358159,0,0
5.0,335.6664199358159,0,0
15.0,335.6664199358159,0,0
25.0,335.6664199358159,0,0
35.0,335.6664199358159,0,0
45.0,335.6664199358159,0,0
55.0,335.6664199358159,0,0
65.0,335.6664199358159,0,0
75.0,335.6664199358159,0,0
85.0,335.6664199358159,0,0
95.0,335.6664199358159,0,0
105.0,335.6664199358159,0,0
115.0,335.6664199358159,0,0
125.0,335.6664199358159,0,0
135.0,335.6664199358159,0,0
145.0,335.6664199358159,0,0
155.0,335.6664199358159,0,0
165.0,335.6664199358159,0,0
175.0,335.6664199358159,0,0
185.0,335.6664199358159,0,0
195.0,335.6664199358159,0,0
205.0,335.6664199358159,0,0
215.0,335.6664199358159,0,0
225.0,335.6664199358159,0,0
235.0,335.6664199358159,0,0
245.0,335.6664199358159,0,0
255.0,335.6664199358159,0,0
265.0,335.6664199358159,0,0
275.0,335.6664199358159,0,0
285.0,335.6664199358159,0,0
295.0,335.6664199358159,0,0
305.0,335.6664199358159,0,0
315.0,335.6664199358159,0,0
325.0,335.6664199358159,0,0
335.0,335.6664199358159,0,0
345.0,335.6664199358159,0,0
355.0,335.6664199358159,0,0
365.0,335.6664199358159,0,0
375.0,335.6664199358159,0,0
385.0,335.6664199358159,0,0
395.0,335.6664199358159,0,0
405.0,335.6664199358159,0,0
415.0,335.6664199358159,0,0
425.0,335.6664199358159,0,0
435.0,335.6664199358159,0,0
445.0,335.6664199358159,0,0
-440.0,344.32667397366026,0,0
-430.0,344.32667397366026,0,0
-420.0,344.32667397366026,0,0
-410.0,344.32667397366026,0,0
-400.0,344.32667397366026,0,0
-390.0,344.32667397366026,0,0
-380.0,344.32667397366026,0,0
-370.0,344.32667397366026,0,0
-360.0,344.32667397366026,0,0
-350.0,344.32667397366026,0,0
-340.0,344.32667397366026,0,0
-330.0,344.32667397366026,0,0
-320.0,344.32667397366026,0,0
-310.0,344.32667397366026,0,0
-300.0,344.32667397366026,0,0
-290.0,344.32667397366026,0,0
-280.0,344.32667397366026,0,0
-270.0,344.32667397366026,0,0
-260.0,344.32667397366026,0,0
-250.0,344.32667397366026,0,0
-240.0,344.32667397366026,0,0
-230.0,344.32667397366026,0,0
-220.0,344.32667397366026,0,0
-210.0,344.32667397366026,0,0
-200.0,344.32667397366026,0,0
-190.0,344.32667397366026,0,0
-180.0,344.32667397366026,0,0
-170.0,344.32667397366026,0,0
-160.0,344.32667397366026,0,0
-150.0,344.32667397366026,0,0
-140.0,344.32667397366026,0,0
-130.0,344.32667397366026,0,0
-120.0,344.32667397366026,0,0
-110.0,344.32667397366026,0,0
-100.0,344.32667397366026,0,0
-90.0,344.32667397366026,0,0
-80.0,344.32667397366026,0,0
-70.0,344.32667397366026,0,0
-60.0,344.32667397366026,0,0
-50.0,344.32667397366026,0,0
-40.0,344.32667397366026,0,0
-30.0,344.32667397366026,0,0
-20.0,344.32667397366026,0,0
-10.0,344.32667397366026,0,0
0.0,344.32667397366026,0,0
10.0,344.32667397366026,0,0
20.0,344.32667397366026,0,0
30.0,344.32667397366026,0,0
40.0,344.32667397366026,0,0
50.0,344.32667397366026,0,0
60.0,344.32667397366026,0,0
70.0,344.32667397366026,0,0
80.0,344.32667397366026,0,0
90.0,344.32667397366026,0,0
100.0,344.32667397366026,0,0
110.0,344.32667397366026,0,0
120.0,344.32667397366026,0,0
130.0,344.32667397366026,0,0
140.0,344.32667397366026,0,0
150.0,344.32667397366026,0,0
160.0,344.32667397366026,0,0
170.0,344.32667397366026,0,0
180.0,344.32667397366026,0,0
190.0,344.32667397366026,0,0
200.0,344.32667397366026,0,0
210.0,344.32667397366026,0,0
220.0,344.32667397366026,0,0
230.0,344.32667397366026,0,0
240.0,344.32667397366026,0,0
250.0,344.32667397366026,0,0
260.0,344.32667397366026,0,0
270.0,344.32667397366026,0,0
280.0,344.32667397366026,0,0
290.0,344.32667397366026,0,0
300.0,344.32667397366026,0,0
310.0,344.32667397366026,0,0
320.0,344.32667397366026,0,0
330.0,344.32667397366026,0,0
340.0,344.32667397366026,0,0
350.0,344.32667397366026,0,0
360.0,344.32667397366026,0,0
370.0,344.32667397366026,0,0
380.0,344.32667397366026,0,0
390.0,344.32667397366026,0,0
400.0,344.32667397366026,0,0
410.0,344.32667397366026,0,0
420.0,344.32667397366026,0,0
430.0,344.32667397366026,0,0
440.0,344.32667397366026,0,0
-435.0,352.98692801150463,0,0
-425.0,352.98692801150463,0,0
-415.0,352.98692801150463,0,0
-405.0,352.98692801150463,0,0
-395.0,352.98692801150463,0,0
-385.0,352.98692801150463,0,0
-375.0,352.98692801150463,0,0
-365.0,352.98692801150463,0,0
-355.0,352.98692801150463,0,0
-345.0,352.98692801150463,0,0
-335.0,352.98692801150463,0,0
-325.0,352.98692801150463,0,0
-315.0,352.98692801150463,0,0
-305.0,352.98692801150463,0,0
-295.0,352.98692801150463,0,0
-285.0,352.98692801150463,0,0
-275.0,352.98692801150463,0,0
-265.0,352.98692801150463,0,0
-255.0,352.98692801150463,0,0
-245.0,352.98692801150463,0,0
-235.0,352.98692801150463,0,0
-225.0,352.98692801150463,0,0
-215.0,352.98692801150463,0,0
-205.0,352.98692801150463,0,0
-195.0,352.98692801150463,0,0
-185.0,352.98692801150463,0,0
-175.0,352.98692801150463,0,0
-165.0,352.98692801150463,0,0
-155.0,352.98692801150463,0,0
-145.0,352.98692801150463,0,0
-135.0,352.98692801150463,0,0
-125.0,352.98692801150463,0,0
-115.0,352.98692801150463,0,0
-105.0,352.98692801150463,0,0
-95.0,352.98692801150463,0,0
-85.0,352.98692801150463,0,0
-75.0,352.98692801150463,0,0
-65.0,352.98692801150463,0,0
-55.0,352.98692801150463,0,0
-45.0,352.98692801150463,0,0
-35.0,352.98692801150463,0,0
-25.0,352.98692801150463,0,0
-15.0,352.98692801150463,0,0
-5.0,352.98692801150463,0,0
5.0,352.98692801150463,0,0
15.0,352.98692801150463,0,0
25.0,352.98692801150463,0,0
35.0,352.98692801150463,0,0
45.0,352.98692801150463,0,0
55.0,352.98692801150463,0,0
65.0,352.98692801150463,0,0
75.0,352.98692801150463,0,0
85.0,352.98692801150463,0,0
95.0,352.98692801150463,0,0
105.0,352.98692801150463,0,0
115.0,352.98692801150463,0,0
125.0,352.98692801150463,0,0
135.0,352.98692801150463,0,0
145.0,352.98692801150463,0,0
155.0,352.98692801150463,0,0
165.0,352.98692801150463,0,0
175.0,352.98692801150463,0,0
185.0,352.98692801150463,0,0
195.0,352.98692801150463,0,0
205.0,352.98692801150463,0,0
215.0,352.98692801150463,0,0
225.0,352.98692801150463,0,0
235.0,352.98692801150463,0,0
245.0,352.98692801150463,0,0
255.0,352.98692801150463,0,0
265.0,352.98692801150463,0,0
275.0,352.98692801150463,0,0
285.0,352.98692801150463,0,0
295.0,352.98692801150463,0,0
305.0,352.98692801150463,0,0
315.0,352.98692801150463,0,0
325.0,352.98692801150463,0,0
335.0,352.98692801150463,0,0
345.0,352.98692801150463,0,0
355.0,352.98692801150463,0,0
365.0,352.98692801150463,0,0
375.0,352.98692801150463,0,0
385.0,352.98692801150463,0,0
395.0,352.98692801150463,0,0
405.0,352.98692801150463,0,0
415.0,352.98692801150463,0,0
425.0,352.98692801150463,0,0
435.0,352.98692801150463,0,0
-430.0,361.647182049349,0,0
-420.0,361.647182049349,0,0
-410.0,361.647182049349,0,0
-400.0,361.647182049349,0,0
-390.0,361.647182049349,0,0
-380.0,361.647182049349,0,0
-370.0,361.647182049349,0,0
-360.0,361.647182049349,0,0
-350.0,361.647182049349,0,0
-340.0,361.647182049349,0,0
-330.0,361.647182049349,0,0
-320.0,361.647182049349,0,0
-310.0,361.647182049349,0,0
-300.0,361.647182049349,0,0
-290.0,361.647182049349,0,0
-280.0,361.647182049349,0,0
-270.0,361.647182049349,0,0
-260.0,361.647182049349,0,0
-250.0,361.647182049349,0,0
-240.0,361.647182049349,0,0
-230.0,361.647182049349,0,0
-220.0,361.647182049349,0,0
-210.0,361.647182049349,0,0
-200.0,361.647182049349,0,0
-190.0,361.647182049349,0,0
-180.0,361.647182049349,0,0
-170.0,361.647182049349,0,0
-160.0,361.647182049349,0,0
-150.0,361.647182049349,0,0
-140.0,361.647182049349,0,0
-130.0,361.647182049349,0,0
-120.0,361.647182049349,0,0
-110.0,361.647182049349,0,0
-100.0,361.647182049349,0,0
-90.0,361.647182049349,0,0
-80.0,361.647182049349,0,0
-70.0,361.647182049349,0,0
-60.0,361.647182049349,0,0
-50.0,361.647182049349,0,0
-40.0,361.647182049349,0,0
-30.0,361.647182049349,0,0
-20.0,361.647182049349,0,0
-10.0,361.647182049349,0,0
0.0,361.647182049349,0,0
10.0,361.647182049349,0,0
20.0,361.647182049349,0,0
30.0,361.647182049349,0,0
40.0,361.647182049349,0,0
50.0,361.647182049349,0,0
60.0,361.647182049349,0,0
70.0,361.647182049349,0,0
80.0,361.647182049349,0,0
90.0,361.647182049349,0,0
100.0,361.647182049349,0,0
110.0,361.647182049349,0,0
120.0,361.647182049349,0,0
130.0,361.647182049349,0,0
140.0,361.647182049349,0,0
150.0,361.647182049349,0,0
160.0,361.647182049349,0,0
170.0,361.647182049349,0,0
180.0,361.647182049349,0,0
190.0,361.647182049349,0,0
200.0,361.647182049349,0,0
210.0,361.647182049349,0,0
220.0,361.647182049349,0,0
230.0,361.647182049349,0,0
240.0,361.647182049349,0,0
250.0,361.647182049349,0,0
260.0,361.647182049349,0,0
270.0,361.647182049349,0,0
280.0,361.647182049349,0,0
290.0,361.647182049349,0,0
300.0,361.647182049349,0,0
310.0,361.647182049349,0,0
320.0,361.647182049349,0,0
330.0,361.647182049349,0,0
340.0,361.647182049349,0,0
350.0,361.647182049349,0,0
360.0,361.647182049349,0,0
370.0,361.647182049349,0,0
380.0,361.647182049349,0,0
390.0,361.647182049349,0,0
400.0,361.647182049349,0,0
410.0,361.647182049349,0,0
420.0,361.647182049349,0,0
430.0,361.647182049349,0,0
-425.0,370.30743608719337,0,0
-415.0,370.30743608719337,0,0
-405.0,370.30743608719337,0,0
-395.0,370.30743608719337,0,0
-385.0,370.30743608719337,0,0
-375.0,370.30743608719337,0,0
-365.0,370.30743608719337,0,0
-355.0,370.30743608719337,0,0
-345.0,370.30743608719337,0,0
-335.0,370.30743608719337,0,0
-325.0,370.30743608719337,0,0
-315.0,370.30743608719337,0,0
-305.0,370.30743608719337,0,0
-295.0,370.30743608719337,0,0
-285.0,370.30743608719337,0,0
-275.0,370.30743608719337,0,0
-265.0,370.30743608719337,0,0
-255.0,370.30743608719337,0,0
-245.0,370.30743608719337,0,0
-235.0,370.30743608719337,0,0
-225.0,370.30743608719337,0,0
-215.0,370.30743608719337,0,0
-205.0,370.30743608719337,0,0
-195.0,370.30743608719337,0,0
-185.0,370.30743608719337,0,0
-175.0,370.30743608719337,0,0
-165.0,370.30743608719337,0,0
-155.0,370.30743608719337,0,0
-145.0,370.30743608719337,0,0
-135.0,370.30743608719337,0,0
-125.0,370.30743608719337,0,0
-115.0,370.30743608719337,0,0
-105.0,370.30743608719337,0,0
-95.0,370.30743608719337,0,0
-85.0,370.30743608719337,0,0
-75.0,370.30743608719337,0,0
-65.0,370.30743608719337,0,0
-55.0,370.30743608719337,0,0
-45.0,370.30743608719337,0,0
-35.0,370.30743608719337,0,0
-25.0,370.30743608719337,0,0
-15.0,370.30743608719337,0,0
-5.0,370.30743608719337,0,0
5.0,370.30743608719337,0,0
15.0,370.30743608719337,0,0
25.0,370.30743608719337,0,0
35.0,370.30743608719337,0,0
45.0,370.30743608719337,0,0
55.0,370.30743608719337,0,0
65.0,370.30743608719337,0,0
75.0,370.30743608719337,0,0
85.0,370.30743608719337,0,0
95.0,370.30743608719337,0,0
105.0,370.30743608719337,0,0
115.0,370.30743608719337,0,0
125.0,370.30743608719337,0,0
135.0,370.30743608719337,0,0
145.0,370.30743608719337,0,0
155.0,370.30743608719337,0,0
165.0,370.30743608719337,0,0
175.0,370.30743608719337,0,0
185.0,370.30743608719337,0,0
195.0,370.30743608719337,0,0
205.0,370.30743608719337,0,0
215.0,370.30743608719337,0,0
225.0,370.30743608719337,0,0
235.0,370.30743608719337,0,0
245.0,370.30743608719337,0,0
255.0,370.30743608719337,0,0
265.0,370.30743608719337,0,0
275.0,370.30743608719337,0,0
285.0,370.30743608719337,0,0
295.0,370.30743608719337,0,0
305.0,370.30743608719337,0,0
315.0,370.30743608719337,0,0
325.0,370.30743608719337,0,0
335.0,370.30743608719337,0,0
345.0,370.30743608719337,0,0
355.0,370.30743608719337,0,0
365.0,370.30743608719337,0,0
375.0,370.30743608719337,0,0
385.0,370.30743608719337,0,0
395.0,370.30743608719337,0,0
405.0,370.30743608719337,0,0
415.0,370.30743608719337,0,0
425.0,370.30743608719337,0,0
-410.0,378.96769012503773,0,0
-400.0,378.96769012503773,0,0
-390.0,378.96769012503773,0,0
-380.0,378.96769012503773,0,0
-370.0,378.96769012503773,0,0
-360.0,378.96769012503773,0,0
-350.0,378.96769012503773,0,0
-340.0,378.96769012503773,0,0
-330.0,378.96769012503773,0,0
-320.0,378.96769012503773,0,0
-310.0,378.96769012503773,0,0
-300.0,378.96769012503773,0,0
-290.0,378.96769012503773,0,0
-280.0,378.96769012503773,0,0
-270.0,378.96769012503773,0,0
-260.0,378.96769012503773,0,0
-250.0,378.96769012503773,0,0
-240.0,378.96769012503773,0,0
-230.0,378.96769012503773,0,0
-220.0,378.96769012503773,0,0
-210.0,378.96769012503773,0,0
-200.0,378.96769012503773,0,0
-190.0,378.96769012503773,0,0
-180.0,378.96769012503773,0,0
-170.0,378.96769012503773,0,0
-160.0,378.96769012503773,0,0
-150.0,378.96769012503773,0,0
-140.0,378.96769012503773,0,0
-130.0,378.96769012503773,0,0
-120.0,378.96769012503773,0,0
-110.0,378.96769012503773,0,0
-100.0,378.96769012503773,0,0
-90.0,378.96769012503773,0,0
-80.0,378.96769012503773,0,0
-70.0,378.96769012503773,0,0
-60.0,378.96769012503773,0,0
-50.0,378.96769012503773,0,0
-40.0,378.96769012503773,0,0
-30.0,378.96769012503773,0,0
-20.0,378.96769012503773,0,0
-10.0,378.96769012503773,0,0
0.0,378.96769012503773,0,0
10.0,378.96769012503773,0,0
20.0,378.96769012503773,0,0
30.0,378.96769012503773,0,0
40.0,378.96769012503773,0,0
50.0,378.96769012503773,0,0
60.0,378.96769012503773,0,0
70.0,378.96769012503773,0,0
80.0,378.96769012503773,0,0
90.0,378.96769012503773,0,0
100.0,378.96769012503773,0,0
110.0,378.96769012503773,0,0
120.0,378.96769012503773,0,0
130.0,378.96769012503773,0,0
140.0,378.96769012503773,0,0
150.0,378.96769012503773,0,0
160.0,378.96769012503773,0,0
170.0,378.96769012503773,0,0
180.0,378.96769012503773,0,0
190.0,378.96769012503773,0,0
200.0,378.96769012503773,0,0
210.0,378.96769012503773,0,0
220.0,378.96769012503773,0,0
230.0,378.96769012503773,0,0
240.0,378.96769012503773,0,0
250.0,378.96769012503773,0,0
260.0,378.96769012503773,0,0
270.0,378.96769012503773,0,0
280.0,378.96769012503773,0,0
290.0,378.96769012503773,0,0
300.0,378.96769012503773,0,0
310.0,378.96769012503773,0,0
320.0,378.96769012503773,0,0
330.0,378.96769012503773,0,0
340.0,378.96769012503773,0,0
350.0,378.96769012503773,0,0
360.0,378.96769012503773,0,0
370.0,378.96769012503773,0,0
380.0,378.96769012503773,0,0
390.0,378.96769012503773,0,0
400.0,378.96769012503773,0,0
410.0,378.96769012503773,0,0
-405.0,387.6279441628821,0,0
-395.0,387.6279441628821,0,0
-385.0,387.6279441628821,0,0
-375.0,387.6279441628821,0,0
-365.0,387.6279441628821,0,0
-355.0,387.6279441628821,0,0
-345.0,387.6279441628821,0,0
-335.0,387.6279441628821,0,0
-325.0,387.6279441628821,0,0
-315.0,387.6279441628821,0,0
-305.0,387.6279441628821,0,0
-295.0,387.6279441628821,0,0
-285.0,387.6279441628821,0,0
-275.0,387.6279441628821,0,0
-265.0,387.6279441628821,0,0
-255.0,387.6279441628821,0,0
-245.0,387.6279441628821,0,0
-235.0,387.6279441628821,0,0
-225.0,387.6279441628821,0,0
-215.0,387.6279441628821,0,0
-205.0,387.6279441628821,0,0
-195.0,387.6279441628821,0,0
-185.0,387.6279441628821,0,0
-175.0,387.6279441628821,0,0
-165.0,387.6279441628821,0,0
-155.0,387.6279441628821,0,0
-145.0,387.6279441628821,0,0
-135.0,387.6279441628821,0,0
-125.0,387.6279441628821,0,0
-115.0,387.6279441628821,0,0
-105.0,387.6279441628821,0,0
-95.0,387.6279441628821,0,0
-85.0,387.6279441628821,0,0
-75.0,387.6279441628821,0,0
-65.0,387.6279441628821,0,0
-55.0,387.6279441628821,0,0
-45.0,387.6279441628821,0,0
-35.0,387.6279441628821,0,0
-25.0,387.6279441628821,0,0
-15.0,387.6279441628821,0,0
-5.0,387.6279441628821,0,0
5.0,387.6279441628821,0,0
15.0,387.6279441628821,0,0
25.0,387.6279441628821,0,0
35.0,387.6279441628821,0,0
45.0,387.6279441628821,0,0
55.0,387.6279441628821,0,0
65.0,387.6279441628821,0,0
75.0,387.6279441628821,0,0
85.0,387.6279441628821,0,0
95.0,387.6279441628821,0,0
105.0,387.6279441628821,0,0
115.0,387.6279441628821,0,0
125.0,387.6279441628821,0,0
135.0,387.6279441628821,0,0
145.0,387.6279441628821,0,0
155.0,387.6279441628821,0,0
165.0,387.6279441628821,0,0
175.0,387.6279441628821,0,0
185.0,387.6279441628821,0,0
195.0,387.6279441628821,0,0
205.0,387.6279441628821,0,0
215.0,387.6279441628821,0,0
225.0,387.6279441628821,0,0
235.0,387.6279441628821,0,0
245.0,387.6279441628821,0,0
255.0,387.6279441628821,0,0
265.0,387.6279441628821,0,0
275.0,387.6279441628821,0,0
285.0,387.6279441628821,0,0
295.0,387.6279441628821,0,0
305.0,387.6279441628821,0,0
315.0,387.6279441628821,0,0
325.0,387.6279441628821,0,0
335.0,387.6279441628821,0,0
345.0,387.6279441628821,0,0
355.0,387.6279441628821,0,0
365.0,387.6279441628821,0,0
375.0,387.6279441628821,0,0
385.0,387.6279441628821,0,0
395.0,387.6279441628821,0,0
405.0,387.6279441628821,0,0
-400.0,396.28819820072647,0,0
-390.0,396.28819820072647,0,0
-380.0,396.28819820072647,0,0
-370.0,396.28819820072647,0,0
-360.0,396.28819820072647,0,0
-350.0,396.28819820072647,0,0
-340.0,396.28819820072647,0,0
-330.0,396.28819820072647,0,0
-320.0,396.28819820072647,0,0
-310.0,396.28819820072647,0,0
-300.0,396.28819820072647,0,0
-290.0,396.28819820072647,0,0
-280.0,396.28819820072647,0,0
-270.0,396.28819820072647,0,0
-260.0,396.28819820072647,0,0
-250.0,396.28819820072647,0,0
-240.0,396.28819820072647,0,0
-230.0,396.28819820072647,0,0
-220.0,396.28819820072647,0,0
-210.0,396.28819820072647,0,0
-200.0,396.28819820072647,0,0
-190.0,396.28819820072647,0,0
-180.0,396.28819820072647,0,0
-170.0,396.28819820072647,0,0
-160.0,396.28819820072647,0,0
-150.0,396.28819820072647,0,0
-140.0,396.28819820072647,0,0
-130.0,396.28819820072647,0,0
-120.0,396.28819820072647,0,0
-110.0,396.28819820072647,0,0
-100.0,396.28819820072647,0,0
-90.0,396.28819820072647,0,0
-80.0,396.28819820072647,0,0
-70.0,396.28819820072647,0,0
-60.0,396.28819820072647,0,0
-50.0,396.28819820072647,0,0
-40.0,396.28819820072647,0,0
-30.0,396.28819820072647,0,0
-20.0,396.28819820072647,0,0
-10.0,396.28819820072647,0,0
0.0,396.28819820072647,0,0
10.0,396.28819820072647,0,0
20.0,396.28819820072647,0,0
30.0,396.28819820072647,0,0
40.0,396.28819820072647,0,0
50.0,396.28819820072647,0,0
60.0,396.28819820072647,0,0
70.0,396.28819820072647,0,0
80.0,396.28819820072647,0,0
90.0,396.28819820072647,0,0
100.0,396.28819820072647,0,0
110.0,396.28819820072647,0,0
120.0,396.28819820072647,0,0
130.0,396.28819820072647,0,0
140.0,396.28819820072647,0,0
150.0,396.28819820072647,0,0
160.0,396.28819820072647,0,0
170.0,396.28819820072647,0,0
180.0,396.28819820072647,0,0
190.0,396.28819820072647,0,0
200.0,396.28819820072647,0,0
210.0,396.28819820072647,0,0
220.0,396.28819820072647,0,0
230.0,396.28819820072647,0,0
240.0,396.28819820072647,0,0
250.0,396.28819820072647,0,0
260.0,396.28819820072647,0,0
270.0,396.28819820072647,0,0
280.0,396.28819820072647,0,0
290.0,396.28819820072647,0,0
300.0,396.28819820072647,0,0
310.0,396.28819820072647,0,0
320.0,396.28819820072647,0,0
330.0,396.28819820072647,0,0
340.0,396.28819820072647,0,0
350.0,396.28819820072647,0,0
360.0,396.28819820072647,0,0
370.0,396.28819820072647,0,0
380.0,396.28819820072647,0,0
390.0,396.28819820072647,0,0
400.0,396.28819820072647,0,0
-385.0,404.94845223857084,0,0
-375.0,404.94845223857084,0,0
-365.0,404.94845223857084,0,0
-355.0,404.94845223857084,0,0
-345.0,404.94845223857084,0,0
-335.0,404.94845223857084,0,0
-325.0,404.94845223857084,0,0
-315.0,404.94845223857084,0,0
-305.0,404.94845223857084,0,0
-295.0,404.94845223857084,0,0
-285.0,404.94845223857084,0,0
-275.0,404.94845223857084,0,0
-265.0,404.94845223857084,0,0
-255.0,404.94845223857084,0,0
-245.0,404.94845223857084,0,0
-235.0,404.94845223857084,0,0
-225.0,404.94845223857084,0,0
-215.0,404.94845223857084,0,0
-205.0,404.94845223857084,0,0
-195.0,404.94845223857084,0,0
-185.0,404.94845223857084,0,0
-175.0,404.94845223857084,0,0
-165.0,404.94845223857084,0,0
-155.0,404.94845223857084,0,0
-145.0,404.94845223857084,0,0
-135.0,404.94845223857084,0,0
-125.0,404.94845223857084,0,0
-115.0,404.94845223857084,0,0
-105.0,404.94845223857084,0,0
-95.0,404.94845223857084,0,0
-85.0,404.94845223857084,0,0
-75.0,404.94845223857084,0,0
-65.0,404.94845223857084,0,0
-55.0,404.94845223857084,0,0
-45.0,404.94845223857084,0,0
-35.0,404.94845223857084,0,0
-25.0,404.94845223857084,0,0
-15.0,404.94845223857084,0,0
-5.0,404.94845223857084,0,0
5.0,404.94845223857084,0,0
15.0,404.94845223857084,0,0
25.0,404.94845223857084,0,0
35.0,404.94845223857084,0,0
45.0,404.94845223857084,0,0
55.0,404.94845223857084,0,0
65.0,404.94845223857084,0,0
75.0,404.94845223857084,0,0
85.0,404.94845223857084,0,0
95.0,404.94845223857084,0,0
105.0,404.94845223857084,0,0
115.0,404.94845223857084,0,0
125.0,404.94845223857084,0,0
135.0,404.94845223857084,0,0
145.0,404.94845223857084,0,0
155.0,404.94845223857084,0,0
165.0,404.94845223857084,0,0
175.0,404.94845223857084,0,0
185.0,404.94845223857084,0,0
195.0,404.94845223857084,0,0
205.0,404.94845223857084,0,0
215.0,404.94845223857084,0,0
225.0,404.94845223857084,0,0
235.0,404.94845223857084,0,0
245.0,404.94845223857084,0,0
255.0,404.94845223857084,0,0
265.0,404.94845223857084,0,0
275.0,404.94845223857084,0,0
285.0,404.94845223857084,0,0
295.0,404.94845223857084,0,0
305.0,404.94845223857084,0,0
315.0,404.94845223857084,0,0
325.0,404.94845223857084,0,0
335.0,404.94845223857084,0,0
345.0,404.94845223857084,0,0
355.0,404.94845223857084,0,0
365.0,404.94845223857084,0,0
375.0,404.94845223857084,0,0
385.0,404.94845223857084,0,0
-380.0,413.6087062764152,0,0
-370.0,413.6087062764152,0,0
-360.0,413.6087062764152,0,0
-350.0,413.6087062764152,0,0
-340.0,413.6087062764152,0,0
-330.0,413.6087062764152,0,0
-320.0,413.6087062764152,0,0
-310.0,413.6087062764152,0,0
-300.0,413.6087062764152,0,0
-290.0,413.6087062764152,0,0
-280.0,413.6087062764152,0,0
-270.0,413.6087062764152,0,0
-260.0,413.6087062764152,0,0
-250.0,413.6087062764152,0,0
-240.0,413.6087062764152,0,0
-230.0,413.6087062764152,0,0
-220.0,413.6087062764152,0,0
-210.0,413.6087062764152,0,0
-200.0,413.6087062764152,0,0
-190.0,413.6087062764152,0,0
-180.0,413.6087062764152,0,0
-170.0,413.6087062764152,0,0
-160.0,413.6087062764152,0,0
-150.0,413.6087062764152,0,0
-140.0,413.6087062764152,0,0
-130.0,413.6087062764152,0,0
-120.0,413.6087062764152,0,0
-110.0,413.6087062764152,0,0
-100.0,413.6087062764152,0,0
-90.0,413.6087062764152,0,0
-80.0,413.6087062764152,0,0
-70.0,413.6087062764152,0,0
-60.0,413.6087062764152,0,0
-50.0,413.6087062764152,0,0
-40.0,413.6087062764152,0,0
-30.0,413.6087062764152,0,0
-20.0,413.6087062764152,0,0
-10.0,413.6087062764152,0,0
0.0,413.6087062764152,0,0
10.0,413.6087062764152,0,0
20.0,413.6087062764152,0,0
30.0,413.6087062764152,0,0
40.0,413.6087062764152,0,0
50.0,413.6087062764152,0,0
60.0,413.6087062764152,0,0
70.0,413.6087062764152,0,0
80.0,413.6087062764152,0,0
90.0,413.6087062764152,0,0
100.0,413.6087062764152,0,0
110.0,413.6087062764152,0,0
120.0,413.6087062764152,0,0
130.0,413.6087062764152,0,0
140.0,413.6087062764152,0,0
150.0,413.6087062764152,0,0
160.0,413.6087062764152,0,0
170.0,413.6087062764152,0,0
180.0,413.6087062764152,0,0
190.0,413.6087062764152,0,0
200.0,413.6087062764152,0,0
210.0,413.6087062764152,0,0
220.0,413.6087062764152,0,0
230.0,413.6087062764152,0,0
240.0,413.6087062764152,0,0
250.0,413.6087062764152,0,0
260.0,413.6087062764152,0,0
270.0,413.6087062764152,0,0
280.0,413.6087062764152,0,0
290.0,413.6087062764152,0,0
300.0,413.6087062764152,0,0
310.0,413.6087062764152,0,0
320.0,413.6087062764152,0,0
330.0,413.6087062764152,0,0
340.0,413.6087062764152,0,0
350.0,413.6087062764152,0,0
360.0,413.6087062764152,0,0
370.0,413.6087062764152,0,0
380.0,413.6087062764152,0,0
-375.0,422.2689603142596,0,0
-365.0,422.2689603142596,0,0
-355.0,422.2689603142596,0,0
-345.0,422.2689603142596,0,0
-335.0,422.2689603142596,0,0
-325.0,422.2689603142596,0,0
-315.0,422.2689603142596,0,0
-305.0,422.2689603142596,0,0
-295.0,422.2689603142596,0,0
-285.0,422.2689603142596,0,0
-275.0,422.2689603142596,0,0
-265.0,422.2689603142596,0,0
-255.0,422.2689603142596,0,0
-245.0,422.2689603142596,0,0
-235.0,422.2689603142596,0,0
-225.0,422.2689603142596,0,0
-215.0,422.2689603142596,0,0
-205.0,422.2689603142596,0,0
-195.0,422.2689603142596,0,0
-185.0,422.2689603142596,0,0
-175.0,422.2689603142596,0,0
-165.0,422.2689603142596,0,0
-155.0,422.2689603142596,0,0
-145.0,422.2689603142596,0,0
-135.0,422.2689603142596,0,0
-125.0,422.2689603142596,0,0
-115.0,422.2689603142596,0,0
-105.0,422.2689603142596,0,0
-95.0,422.2689603142596,0,0
-85.0,422.2689603142596,0,0
-75.0,422.2689603142596,0,0
-65.0,422.2689603142596,0,0
-55.0,422.2689603142596,0,0
-45.0,422.2689603142596,0,0
-35.0,422.2689603142596,0,0
-25.0,422.2689603142596,0,0
-15.0,422.2689603142596,0,0
-5.0,422.2689603142596,0,0
5.0,422.2689603142596,0,0
15.0,422.2689603142596,0,0
25.0,422.2689603142596,0,0
35.0,422.2689603142596,0,0
45.0,422.2689603142596,0,0
55.0,422.2689603142596,0,0
65.0,422.2689603142596,0,0
75.0,422.2689603142596,0,0
85.0,422.2689603142596,0,0
95.0,422.2689603142596,0,0
105.0,422.2689603142596,0,0
115.0,422.2689603142596,0,0
125.0,422.2689603142596,0,0
135.0,422.2689603142596,0,0
145.0,422.2689603142596,0,0
155.0,422.2689603142596,0,0
165.0,422.2689603142596,0,0
175.0,422.2689603142596,0,0
185.0,422.2689603142596,0,0
195.0,422.2689603142596,0,0
205.0,422.2689603142596,0,0
215.0,422.2689603142596,0,0
225.0,422.2689603142596,0,0
235.0,422.2689603142596,0,0
245.0,422.2689603142596,0,0
255.0,422.2689603142596,0,0
265.0,422.2689603142596,0,0
275.0,422.2689603142596,0,0
285.0,422.2689603142596,0,0
295.0,422.2689603142596,0,0
305.0,422.2689603142596,0,0
315.0,422.2689603142596,0,0
325.0,422.2689603142596,0,0
335.0,422.2689603142596,0,0
345.0,422.2689603142596,0,0
355.0,422.2689603142596,0,0
365.0,422.2689603142596,0,0
375.0,422.2689603142596,0,0
-360.0,430.92921435210394,0,0
-350.0,430.92921435210394,0,0
-340.0,430.92921435210394,0,0
-330.0,430.92921435210394,0,0
-320.0,430.92921435210394,0,0
-310.0,430.92921435210394,0,0
-300.0,430.92921435210394,0,0
-290.0,430.92921435210394,0,0
-280.0,430.92921435210394,0,0
-270.0,430.92921435210394,0,0
-260.0,430.92921435210394,0,0
-250.0,430.92921435210394,0,0
-240.0,430.92921435210394,0,0
-230.0,430.92921435210394,0,0
-220.0,430.92921435210394,0,0
-210.0,430.92921435210394,0,0
-200.0,430.92921435210394,0,0
-190.0,430.92921435210394,0,0
-180.0,430.92921435210394,0,0
-170.0,430.92921435210394,0,0
-160.0,430.92921435210394,0,0
-150.0,430.92921435210394,0,0
-140.0,430.92921435210394,0,0
-130.0,430.92921435210394,0,0
-120.0,430.92921435210394,0,0
-110.0,430.92921435210394,0,0
-100.0,430.92921435210394,0,0
-90.0,430.92921435210394,0,0
-80.0,430.92921435210394,0,0
-70.0,430.92921435210394,0,0
-60.0,430.92921435210394,0,0
-50.0,430.92921435210394,0,0
-40.0,430.92921435210394,0,0
-30.0,430.92921435210394,0,0
-20.0,430.92921435210394,0,0
-10.0,430.92921435210394,0,0
0.0,430.92921435210394,0,0
10.0,430.92921435210394,0,0
20.0,430.92921435210394,0,0
30.0,430.92921435210394,0,0
40.0,430.92921435210394,0,0
50.0,430.92921435210394,0,0
60.0,430.92921435210394,0,0
70.0,430.92921435210394,0,0
80.0,430.92921435210394,0,0
90.0,430.92921435210394,0,0
100.0,430.92921435210394,0,0
110.0,430.92921435210394,0,0
120.0,430.92921435210394,0,0
130.0,430.92921435210394,0,0
140.0,430.92921435210394,0,0
150.0,430.92921435210394,0,0
160.0,430.92921435210394,0,0
170.0,430.92921435210394,0,0
180.0,430.92921435210394,0,0
190.0,430.92921435210394,0,0
200.0,430.92921435210394,0,0
210.0,430.92921435210394,0,0
220.0,430.92921435210394,0,0
230.0,430.92921435210394,0,0
240.0,430.92921435210394,0,0
250.0,430.92921435210394,0,0
260.0,430.92921435210394,0,0
270.0,430.92921435210394,0,0
280.0,430.92921435210394,0,0
290.0,430.92921435210394,0,0
300.0,430.92921435210394,0,0
310.0,430.92921435210394,0,0
320.0,430.92921435210394,0,0
330.0,430.92921435210394,0,0
340.0,430.92921435210394,0,0
350.0,430.92921435210394,0,0
360.0,430.92921435210394,0,0
-345.0,439.5894683899483,0,0
-335.0,439.5894683899483,0,0
-325.0,439.5894683899483,0,0
-315.0,439.5894683899483,0,0
-305.0,439.5894683899483,0,0
-295.0,439.5894683899483,0,0
-285.0,439.5894683899483,0,0
-275.0,439.5894683899483,0,0
-265.0,439.5894683899483,0,0
-255.0,439.5894683899483,0,0
-245.0,439.5894683899483,0,0
-235.0,439.5894683899483,0,0
-225.0,439.5894683899483,0,0
-215.0,439.5894683899483,0,0
-205.0,439.5894683899483,0,0
-195.0,439.5894683899483,0,0
-185.0,439.5894683899483,0,0
-175.0,439.5894683899483,0,0
-165.0,439.5894683899483,0,0
-155.0,439.5894683899483,0,0
-145.0,439.5894683899483,0,0
-135.0,439.5894683899483,0,0
-125.0,439.5894683899483,0,0
-115.0,439.5894683899483,0,0
-105.0,439.5894683899483,0,0
-95.0,439.5894683899483,0,0
-85.0,439.5894683899483,0,0
-75.0,439.5894683899483,0,0
-65.0,439.5894683899483,0,0
-55.0,439.5894683899483,0,0
-45.0,439.5894683899483,0,0
-35.0,439.5894683899483,0,0
-25.0,439.5894683899483,0,0
-15.0,439.5894683899483,0,0
-5.0,439.5894683899483,0,0
5.0,439.5894683899483,0,0
15.0,439.5894683899483,0,0
25.0,439.5894683899483,0,0
35.0,439.5894683899483,0,0
45.0,439.5894683899483,0,0
55.0,439.5894683899483,0,0
65.0,439.5894683899483,0,0
75.0,439.5894683899483,0,0
85.0,439.5894683899483,0,0
95.0,439.5894683899483,0,0
105.0,439.5894683899483,0,0
115.0,439.5894683899483,0,0
125.0,439.5894683899483,0,0
135.0,439.5894683899483,0,0
145.0,439.5894683899483,0,0
155.0,439.5894683899483,0,0
165.0,439.5894683899483,0,0
175.0,439.5894683899483,0,0
185.0,439.5894683899483,0,0
195.0,439.5894683899483,0,0
205.0,439.5894683899483,0,0
215.0,439.5894683899483,0,0
225.0,439.5894683899483,0,0
235.0,439.5894683899483,0,0
245.0,439.5894683899483,0,0
255.0,439.5894683899483,0,0
265.0,439.5894683899483,0,0
275.0,439.5894683899483,0,0
285.0,439.5894683899483,0,0
295.0,439.5894683899483,0,0
305.0,439.5894683899483,0,0
315.0,439.5894683899483,0,0
325.0,439.5894683899483,0,0
335.0,439.5894683899483,0,0
345.0,439.5894683899483,0,0
-340.0,448.2497224277927,0,0
-330.0,448.2497224277927,0,0
-320.0,448.2497224277927,0,0
-310.0,448.2497224277927,0,0
-300.0,448.2497224277927,0,0
-290.0,448.2497224277927,0,0
-280.0,448.2497224277927,0,0
-270.0,448.2497224277927,0,0
-260.0,448.2497224277927,0,0
-250.0,448.2497224277927,0,0
-240.0,448.2497224277927,0,0
-230.0,448.2497224277927,0,0
-220.0,448.2497224277927,0,0
-210.0,448.2497224277927,0,0
-200.0,448.2497224277927,0,0
-190.0,448.2497224277927,0,0
-180.0,448.2497224277927,0,0
-170.0,448.2497224277927,0,0
-160.0,448.2497224277927,0,0
-150.0,448.2497224277927,0,0
-140.0,448.2497224277927,0,0
-130.0,448.2497224277927,0,0
-120.0,448.2497224277927,0,0
-110.0,448.2497224277927,0,0
-100.0,448.2497224277927,0,0
-90.0,448.2497224277927,0,0
-80.0,448.2497224277927,0,0
-70.0,448.2497224277927,0,0
-60.0,448.2497224277927,0,0
-50.0,448.2497224277927,0,0
-40.0,448.2497224277927,0,0
-30.0,448.2497224277927,0,0
-20.0,448.2497224277927,0,0
-10.0,448.2497224277927,0,0
0.0,448.2497224277927,0,0
10.0,448.2497224277927,0,0
20.0,448.2497224277927,0,0
30.0,448.2497224277927,0,0
40.0,448.2497224277927,0,0
50.0,448.2497224277927,0,0
60.0,448.2497224277927,0,0
70.0,448.2497224277927,0,0
80.0,448.2497224277927,0,0
90.0,448.2497224277927,0,0
100.0,448.2497224277927,0,0
110.0,448.2497224277927,0,0
120.0,448.2497224277927,0,0
130.0,448.2497224277927,0,0
140.0,448.2497224277927,0,0
150.0,448.2497224277927,0,0
160.0,448.2497224277927,0,0
170.0,448.2497224277927,0,0
180.0,448.2497224277927,0,0
190.0,448.2497224277927,0,0
200.0,448.2497224277927,0,0
210.0,448.2497224277927,0,0
220.0,448.2497224277927,0,0
230.0,448.2497224277927,0,0
240.0,448.2497224277927,0,0
250.0,448.2497224277927,0,0
260.0,448.2497224277927,0,0
270.0,448.2497224277927,0,0
280.0,448.2497224277927,0,0
290.0,448.2497224277927,0,0
300.0,448.2497224277927,0,0
310.0,448.2497224277927,0,0
320.0,448.2497224277927,0,0
330.0,448.2497224277927,0,0
340.0,448.2497224277927,0,0
-325.0,456.90997646563704,0,0
-315.0,456.90997646563704,0,0
-305.0,456.90997646563704,0,0
-295.0,456.90997646563704,0,0
-285.0,456.90997646563704,0,0
-275.0,456.90997646563704,0,0
-265.0,456.90997646563704,0,0
-255.0,456.90997646563704,0,0
-245.0,456.90997646563704,0,0
-235.0,456.90997646563704,0,0
-225.0,456.90997646563704,0,0
-215.0,456.90997646563704,0,0
-205.0,456.90997646563704,0,0
-195.0,456.90997646563704,0,0
-185.0,456.90997646563704,0,0
-175.0,456.90997646563704,0,0
-165.0,456.90997646563704,0,0
-155.0,456.90997646563704,0,0
-145.0,456.90997646563704,0,0
-135.0,456.90997646563704,0,0
-125.0,456.90997646563704,0,0
-115.0,456.90997646563704,0,0
-105.0,456.90997646563704,0,0
-95.0,456.90997646563704,0,0
-85.0,456.90997646563704,0,0
-75.0,456.90997646563704,0,0
-65.0,456.90997646563704,0,0
-55.0,456.90997646563704,0,0
-45.0,456.90997646563704,0,0
-35.0,456.90997646563704,0,0
-25.0,456.90997646563704,0,0
-15.0,456.90997646563704,0,0
-5.0,456.90997646563704,0,0
5.0,456.90997646563704,0,0
15.0,456.90997646563704,0,0
25.0,456.90997646563704,0,0
35.0,456.90997646563704,0,0
45.0,456.90997646563704,0,0
55.0,456.90997646563704,0,0
65.0,456.90997646563704,0,0
75.0,456.90997646563704,0,0
85.0,456.90997646563704,0,0
95.0,456.90997646563704,0,0
105.0,456.90997646563704,0,0
115.0,456.90997646563704,0,0
125.0,456.90997646563704,0,0
135.0,456.90997646563704,0,0
145.0,456.90997646563704,0,0
155.0,456.90997646563704,0,0
165.0,456.90997646563704,0,0
175.0,456.90997646563704,0,0
185.0,456.90997646563704,0,0
195.0,456.90997646563704,0,0
205.0,456.90997646563704,0,0
215.0,456.90997646563704,0,0
225.0,456.90997646563704,0,0
235.0,456.90997646563704,0,0
245.0,456.90997646563704,0,0
255.0,456.90997646563704,0,0
265.0,456.90997646563704,0,0
275.0,456.90997646563704,0,0
285.0,456.90997646563704,0,0
295.0,456.90997646563704,0,0
305.0,456.90997646563704,0,0
315.0,456.90997646563704,0,0
325.0,456.90997646563704,0,0
-320.0,465.5702305034814,0,0
-310.0,465.5702305034814,0,0
-300.0,465.5702305034814,0,0
-290.0,465.5702305034814,0,0
-280.0,465.5702305034814,0,0
-270.0,465.5702305034814,0,0
-260.0,465.5702305034814,0,0
-250.0,465.5702305034814,0,0
-240.0,465.5702305034814,0,0
-230.0,465.5702305034814,0,0
-220.0,465.5702305034814,0,0
-210.0,465.5702305034814,0,0
-200.0,465.5702305034814,0,0
-190.0,465.5702305034814,0,0
-180.0,465.5702305034814,0,0
-170.0,465.5702305034814,0,0
-160.0,465.5702305034814,0,0
-150.0,465.5702305034814,0,0
-140.0,465.5702305034814,0,0
-130.0,465.5702305034814,0,0
-120.0,465.5702305034814,0,0
-110.0,465.5702305034814,0,0
-100.0,465.5702305034814,0,0
-90.0,465.5702305034814,0,0
-80.0,465.5702305034814,0,0
-70.0,465.5702305034814,0,0
-60.0,465.5702305034814,0,0
-50.0,465.5702305034814,0,0
-40.0,465.5702305034814,0,0
-30.0,465.5702305034814,0,0
-20.0,465.5702305034814,0,0
-10.0,465.5702305034814,0,0
0.0,465.5702305034814,0,0
10.0,465.5702305034814,0,0
20.0,465.5702305034814,0,0
30.0,465.5702305034814,0,0
40.0,465.5702305034814,0,0
50.0,465.5702305034814,0,0
60.0,465.5702305034814,0,0
70.0,465.5702305034814,0,0
80.0,465.5702305034814,0,0
90.0,465.5702305034814,0,0
100.0,465.5702305034814,0,0
110.0,465.5702305034814,0,0
120.0,465.5702305034814,0,0
130.0,465.5702305034814,0,0
140.0,465.5702305034814,0,0
150.0,465.5702305034814,0,0
160.0,465.5702305034814,0,0
170.0,465.5702305034814,0,0
180.0,465.5702305034814,0,0
190.0,465.5702305034814,0,0
200.0,465.5702305034814,0,0
210.0,465.5702305034814,0,0
220.0,465.5702305034814,0,0
230.0,465.5702305034814,0,0
240.0,465.5702305034814,0,0
250.0,465.5702305034814,0,0
260.0,465.5702305034814,0,0
270.0,465.5702305034814,0,0
280.0,465.5702305034814,0,0
290.0,465.5702305034814,0,0
300.0,465.5702305034814,0,0
310.0,465.5702305034814,0,0
320.0,465.5702305034814,0,0
-305.0,474.2304845413258,0,0
-295.0,474.2304845413258,0,0
-285.0,474.2304845413258,0,0
-275.0,474.2304845413258,0,0
-265.0,474.2304845413258,0,0
-255.0,474.2304845413258,0,0
-245.0,474.2304845413258,0,0
-235.0,474.2304845413258,0,0
-225.0,474.2304845413258,0,0
-215.0,474.2304845413258,0,0
-205.0,474.2304845413258,0,0
-195.0,474.2304845413258,0,0
-185.0,474.2304845413258,0,0
-175.0,474.2304845413258,0,0
-165.0,474.2304845413258,0,0
-155.0,474.2304845413258,0,0
-145.0,474.2304845413258,0,0
-135.0,474.2304845413258,0,0
-125.0,474.2304845413258,0,0
-115.0,474.2304845413258,0,0
-105.0,474.2304845413258,0,0
-95.0,474.2304845413258,0,0
-85.0,474.2304845413258,0,0
-75.0,474.2304845413258,0,0
-65.0,474.2304845413258,0,0
-55.0,474.2304845413258,0,0
-45.0,474.2304845413258,0,0
-35.0,474.2304845413258,0,0
-25.0,474.2304845413258,0,0
-15.0,474.2304845413258,0,0
-5.0,474.2304845413258,0,0
5.0,474.2304845413258,0,0
15.0,474.2304845413258,0,0
25.0,474.2304845413258,0,0
35.0,474.2304845413258,0,0
45.0,474.2304845413258,0,0
55.0,474.2304845413258,0,0
65.0,474.2304845413258,0,0
75.0,474.2304845413258,0,0
85.0,474.2304845413258,0,0
95.0,474.2304845413258,0,0
105.0,474.2304845413258,0,0
115.0,474.2304845413258,0,0
125.0,474.2304845413258,0,0
135.0,474.2304845413258,0,0
145.0,474.2304845413258,0,0
155.0,474.2304845413258,0,0
165.0,474.2304845413258,0,0
175.0,474.2304845413258,0,0
185.0,474.2304845413258,0,0
195.0,474.2304845413258,0,0
205.0,474.2304845413258,0,0
215.0,474.2304845413258,0,0
225.0,474.2304845413258,0,0
235.0,474.2304845413258,0,0
245.0,474.2304845413258,0,0
255.0,474.2304845413258,0,0
265.0,474.2304845413258,0,0
275.0,474.2304845413258,0,0
285.0,474.2304845413258,0,0
295.0,474.2304845413258,0,0
305.0,474.2304845413258,0,0
-290.0,482.89073857917015,0,0
-280.0,482.89073857917015,0,0
-270.0,482.89073857917015,0,0
-260.0,482.89073857917015,0,0
-250.0,482.89073857917015,0,0
-240.0,482.89073857917015,0,0
-230.0,482.89073857917015,0,0
-220.0,482.89073857917015,0,0
-210.0,482.89073857917015,0,0
-200.0,482.89073857917015,0,0
-190.0,482.89073857917015,0,0
-180.0,482.89073857917015,0,0
-170.0,482.89073857917015,0,0
-160.0,482.89073857917015,0,0
-150.0,482.89073857917015,0,0
-140.0,482.89073857917015,0,0
-130.0,482.89073857917015,0,0
-120.0,482.89073857917015,0,0
-110.0,482.89073857917015,0,0
-100.0,482.89073857917015,0,0
-90.0,482.89073857917015,0,0
-80.0,482.89073857917015,0,0
-70.0,482.89073857917015,0,0
-60.0,482.89073857917015,0,0
-50.0,482.89073857917015,0,0
-40.0,482.89073857917015,0,0
-30.0,482.89073857917015,0,0
-20.0,482.89073857917015,0,0
-10.0,482.89073857917015,0,0
0.0,482.89073857917015,0,0
10.0,482.89073857917015,0,0
20.0,482.89073857917015,0,0
30.0,482.89073857917015,0,0
40.0,482.89073857917015,0,0
50.0,482.89073857917015,0,0
60.0,482.89073857917015,0,0
70.0,482.89073857917015,0,0
80.0,482.89073857917015,0,0
90.0,482.89073857917015,0,0
100.0,482.89073857917015,0,0
110.0,482.89073857917015,0,0
120.0,482.89073857917015,0,0
130.0,482.89073857917015,0,0
140.0,482.89073857917015,0,0
150.0,482.89073857917015,0,0
160.0,482.89073857917015,0,0
170.0,482.89073857917015,0,0
180.0,482.89073857917015,0,0
190.0,482.89073857917015,0,0
200.0,482.89073857917015,0,0
210.0,482.89073857917015,0,0
220.0,482.89073857917015,0,0
230.0,482.89073857917015,0,0
240.0,482.89073857917015,0,0
250.0,482.89073857917015,0,0
260.0,482.89073857917015,0,0
270.0,482.89073857917015,0,0
280.0,482.89073857917015,0,0
290.0,482.89073857917015,0,0
-275.0,491.5509926170145,0,0
-265.0,491.5509926170145,0,0
-255.0,491.5509926170145,0,0
-245.0,491.5509926170145,0,0
-235.0,491.5509926170145,0,0
-225.0,491.5509926170145,0,0
-215.0,491.5509926170145,0,0
-205.0,491.5509926170145,0,0
-195.0,491.5509926170145,0,0
-185.0,491.5509926170145,0,0
-175.0,491.5509926170145,0,0
-165.0,491.5509926170145,0,0
-155.0,491.5509926170145,0,0
-145.0,491.5509926170145,0,0
-135.0,491.5509926170145,0,0
-125.0,491.5509926170145,0,0
-115.0,491.5509926170145,0,0
-105.0,491.5509926170145,0,0
-95.0,491.5509926170145,0,0
-85.0,491.5509926170145,0,0
-75.0,491.5509926170145,0,0
-65.0,491.5509926170145,0,0
-55.0,491.5509926170145,0,0
-45.0,491.5509926170145,0,0
-35.0,491.5509926170145,0,0
-25.0,491.5509926170145,0,0
-15.0,491.5509926170145,0,0
-5.0,491.5509926170145,0,0
5.0,491.5509926170145,0,0
15.0,491.5509926170145,0,0
25.0,491.5509926170145,0,0
35.0,491.5509926170145,0,0
45.0,491.5509926170145,0,0
55.0,491.5509926170145,0,0
65.0,491.5509926170145,0,0
75.0,491.5509926170145,0,0
85.0,491.5509926170145,0,0
95.0,491.5509926170145,0,0
105.0,491.5509926170145,0,0
115.0,491.5509926170145,0,0
125.0,491.5509926170145,0,0
135.0,491.5509926170145,0,0
145.0,491.5509926170145,0,0
155.0,491.5509926170145,0,0
165.0,491.5509926170145,0,0
175.0,491.5509926170145,0,0
185.0,491.5509926170145,0,0
195.0,491.5509926170145,0,0
205.0,491.5509926170145,0,0
215.0,491.5509926170145,0,0
225.0,491.5509926170145,0,0
235.0,491.5509926170145,0,0
245.0,491.5509926170145,0,0
255.0,491.5509926170145,0,0
265.0,491.5509926170145,0,0
275.0,491.5509926170145,0,0
-260.0,500.2112466548589,0,0
-250.0,500.2112466548589,0,0
-240.0,500.2112466548589,0,0
-230.0,500.2112466548589,0,0
-220.0,500.2112466548589,0,0
-210.0,500.2112466548589,0,0
-200.0,500.2112466548589,0,0
-190.0,500.2112466548589,0,0
-180.0,500.2112466548589,0,0
-170.0,500.2112466548589,0,0
-160.0,500.2112466548589,0,0
-150.0,500.2112466548589,0,0
-140.0,500.2112466548589,0,0
-130.0,500.2112466548589,0,0
-120.0,500.2112466548589,0,0
-110.0,500.2112466548589,0,0
-100.0,500.2112466548589,0,0
-90.0,500.2112466548589,0,0
-80.0,500.2112466548589,0,0
-70.0,500.2112466548589,0,0
-60.0,500.2112466548589,0,0
-50.0,500.2112466548589,0,0
-40.0,500.2112466548589,0,0
-30.0,500.2112466548589,0,0
-20.0,500.2112466548589,0,0
-10.0,500.2112466548589,0,0
0.0,500.2112466548589,0,0
10.0,500.2112466548589,0,0
20.0,500.2112466548589,0,0
30.0,500.2112466548589,0,0
40.0,500.2112466548589,0,0
50.0,500.2112466548589,0,0
60.0,500.2112466548589,0,0
70.0,500.2112466548589,0,0
80.0,500.2112466548589,0,0
90.0,500.2112466548589,0,0
100.0,500.2112466548589,0,0
110.0,500.2112466548589,0,0
120.0,500.2112466548589,0,0
130.0,500.2112466548589,0,0
140.0,500.2112466548589,0,0
150.0,500.2112466548589,0,0
160.0,500.2112466548589,0,0
170.0,500.2112466548589,0,0
180.0,500.2112466548589,0,0
190.0,500.2112466548589,0,0
200.0,500.2112466548589,0,0
210.0,500.2112466548589,0,0
220.0,500.2112466548589,0,0
230.0,500.2112466548589,0,0
240.0,500.2112466548589,0,0
250.0,500.2112466548589,0,0
260.0,500.2112466548589,0,0
-245.0,508.87150069270325,0,0
-235.0,508.87150069270325,0,0
-225.0,508.87150069270325,0,0
-215.0,508.87150069270325,0,0
-205.0,508.87150069270325,0,0
-195.0,508.87150069270325,0,0
-185.0,508.87150069270325,0,0
-175.0,508.87150069270325,0,0
-165.0,508.87150069270325,0,0
-155.0,508.87150069270325,0,0
-145.0,508.87150069270325,0,0
-135.0,508.87150069270325,0,0
-125.0,508.87150069270325,0,0
-115.0,508.87150069270325,0,0
-105.0,508.87150069270325,0,0
-95.0,508.87150069270325,0,0
-85.0,508.87150069270325,0,0
-75.0,508.87150069270325,0,0
-65.0,508.87150069270325,0,0
-55.0,508.87150069270325,0,0
-45.0,508.87150069270325,0,0
-35.0,508.87150069270325,0,0
-25.0,508.87150069270325,0,0
-15.0,508.87150069270325,0,0
-5.0,508.87150069270325,0,0
5.0,508.87150069270325,0,0
15.0,508.87150069270325,0,0
25.0,508.87150069270325,0,0
35.0,508.87150069270325,0,0
45.0,508.87150069270325,0,0
55.0,508.87150069270325,0,0
65.0,508.87150069270325,0,0
75.0,508.87150069270325,0,0
85.0,508.87150069270325,0,0
95.0,508.87150069270325,0,0
105.0,508.87150069270325,0,0
115.0,508.87150069270325,0,0
125.0,508.87150069270325,0,0
135.0,508.87150069270325,0,0
145.0,508.87150069270325,0,0
155.0,508.87150069270325,0,0
165.0,508.87150069270325,0,0
175.0,508.87150069270325,0,0
185.0,508.87150069270325,0,0
195.0,508.87150069270325,0,0
205.0,508.87150069270325,0,0
215.0,508.87150069270325,0,0
225.0,508.87150069270325,0,0
235.0,508.87150069270325,0,0
245.0,508.87150069270325,0,0
-220.0,517.5317547305476,0,0
-210.0,517.5317547305476,0,0
-200.0,517.5317547305476,0,0
-190.0,517.5317547305476,0,0
-180.0,517.5317547305476,0,0
-170.0,517.5317547305476,0,0
-160.0,517.5317547305476,0,0
-150.0,517.5317547305476,0,0
-140.0,517.5317547305476,0,0
-130.0,517.5317547305476,0,0
-120.0,517.5317547305476,0,0
-110.0,517.5317547305476,0,0
-100.0,517.5317547305476,0,0
-90.0,517.5317547305476,0,0
-80.0,517.5317547305476,0,0
-70.0,517.5317547305476,0,0
-60.0,517.5317547305476,0,0
-50.0,517.5317547305476,0,0
-40.0,517.5317547305476,0,0
-30.0,517.5317547305476,0,0
-20.0,517.5317547305476,0,0
-10.0,517.5317547305476,0,0
0.0,517.5317547305476,0,0
10.0,517.5317547305476,0,0
20.0,517.5317547305476,0,0
30.0,517.5317547305476,0,0
40.0,517.5317547305476,0,0
50.0,517.5317547305476,0,0
60.0,517.5317547305476,0,0
70.0,517.5317547305476,0,0
80.0,517.5317547305476,0,0
90.0,517.5317547305476,0,0
100.0,517.5317547305476,0,0
110.0,517.5317547305476,0,0
120.0,517.5317547305476,0,0
130.0,517.5317547305476,0,0
140.0,517.5317547305476,0,0
150.0,517.5317547305476,0,0
160.0,517.5317547305476,0,0
170.0,517.5317547305476,0,0
180.0,517.5317547305476,0,0
190.0,517.5317547305476,0,0
200.0,517.5317547305476,0,0
210.0,517.5317547305476,0,0
220.0,517.5317547305476,0,0
-205.0,526.192008768392,0,0
-195.0,526.192008768392,0,0
-185.0,526.192008768392,0,0
-175.0,526.192008768392,0,0
-165.0,526.192008768392,0,0
-155.0,526.192008768392,0,0
-145.0,526.192008768392,0,0
-135.0,526.192008768392,0,0
-125.0,526.192008768392,0,0
-115.0,526.192008768392,0,0
-105.0,526.192008768392,0,0
-95.0,526.192008768392,0,0
-85.0,526.192008768392,0,0
-75.0,526.192008768392,0,0
-65.0,526.192008768392,0,0
-55.0,526.192008768392,0,0
-45.0,526.192008768392,0,0
-35.0,526.192008768392,0,0
-25.0,526.192008768392,0,0
-15.0,526.192008768392,0,0
-5.0,526.192008768392,0,0
5.0,526.192008768392,0,0
15.0,526.192008768392,0,0
25.0,526.192008768392,0,0
35.0,526.192008768392,0,0
45.0,526.192008768392,0,0
55.0,526.192008768392,0,0
65.0,526.192008768392,0,0
75.0,526.192008768392,0,0
85.0,526.192008768392,0,0
95.0,526.192008768392,0,0
105.0,526.192008768392,0,0
115.0,526.192008768392,0,0
125.0,526.192008768392,0,0
135.0,526.192008768392,0,0
145.0,526.192008768392,0,0
155.0,526.192008768392,0,0
165.0,526.192008768392,0,0
175.0,526.192008768392,0,0
185.0,526.192008768392,0,0
195.0,526.192008768392,0,0
205.0,526.192008768392,0,0
-180.0,534.8522628062365,0,0
-170.0,534.8522628062365,0,0
-160.0,534.8522628062365,0,0
-150.0,534.8522628062365,0,0
-140.0,534.8522628062365,0,0
-130.0,534.8522628062365,0,0
-120.0,534.8522628062365,0,0
-110.0,534.8522628062365,0,0
-100.0,534.8522628062365,0,0
-90.0,534.8522628062365,0,0
-80.0,534.8522628062365,0,0
-70.0,534.8522628062365,0,0
-60.0,534.8522628062365,0,0
-50.0,534.8522628062365,0,0
-40.0,534.8522628062365,0,0
-30.0,534.8522628062365,0,0
-20.0,534.8522628062365,0,0
-10.0,534.8522628062365,0,0
0.0,534.8522628062365,0,0
10.0,534.8522628062365,0,0
20.0,534.8522628062365,0,0
30.0,534.8522628062365,0,0
40.0,534.8522628062365,0,0
50.0,534.8522628062365,0,0
60.0,534.8522628062365,0,0
70.0,534.8522628062365,0,0
80.0,534.8522628062365,0,0
90.0,534.8522628062365,0,0
100.0,534.8522628062365,0,0
110.0,534.8522628062365,0,0
120.0,534.8522628062365,0,0
130.0,534.8522628062365,0,0
140.0,534.8522628062365,0,0
150.0,534.8522628062365,0,0
160.0,534.8522628062365,0,0
170.0,534.8522628062365,0,0
180.0,534.8522628062365,0,0
-145.0,543.5125168440809,0,0
-135.0,543.5125168440809,0,0
-125.0,543.5125168440809,0,0
-115.0,543.5125168440809,0,0
-105.0,543.5125168440809,0,0
-95.0,543.5125168440809,0,0
-85.0,543.5125168440809,0,0
-75.0,543.5125168440809,0,0
-65.0,543.5125168440809,0,0
-55.0,543.5125168440809,0,0
-45.0,543.5125168440809,0,0
-35.0,543.5125168440809,0,0
-25.0,543.5125168440809,0,0
-15.0,543.5125168440809,0,0
-5.0,543.5125168440809,0,0
5.0,543.5125168440809,0,0
15.0,543.5125168440809,0,0
25.0,543.5125168440809,0,0
35.0,543.5125168440809,0,0
45.0,543.5125168440809,0,0
55.0,543.5125168440809,0,0
65.0,543.5125168440809,0,0
75.0,543.5125168440809,0,0
85.0,543.5125168440809,0,0
95.0,543.5125168440809,0,0
105.0,543.5125168440809,0,0
115.0,543.5125168440809,0,0
125.0,543.5125168440809,0,0
135.0,543.5125168440809,0,0
145.0,543.5125168440809,0,0
-110.0,552.1727708819253,0,0
-100.0,552.1727708819253,0,0
-90.0,552.1727708819253,0,0
-80.0,552.1727708819253,0,0
-70.0,552.1727708819253,0,0
-60.0,552.1727708819253,0,0
-50.0,552.1727708819253,0,0
-40.0,552.1727708819253,0,0
-30.0,552.1727708819253,0,0
-20.0,552.1727708819253,0,0
-10.0,552.1727708819253,0,0
0.0,552.1727708819253,0,0
10.0,552.1727708819253,0,0
20.0,552.1727708819253,0,0
30.0,552.1727708819253,0,0
40.0,552.1727708819253,0,0
50.0,552.1727708819253,0,0
60.0,552.1727708819253,0,0
70.0,552.1727708819253,0,0
80.0,552.1727708819253,0,0
90.0,552.1727708819253,0,0
100.0,552.1727708819253,0,0
110.0,552.1727708819253,0,0
-65.0,560.8330249197697,0,0
-55.0,560.8330249197697,0,0
-45.0,560.8330249197697,0,0
-35.0,560.8330249197697,0,0
-25.0,560.8330249197697,0,0
-15.0,560.8330249197697,0,0
-5.0,560.8330249197697,0,0
5.0,560.8330249197697,0,0
15.0,560.8330249197697,0,0
25.0,560.8330249197697,0,0
35.0,560.8330249197697,0,0
45.0,560.8330249197697,0,0
55.0,560.8330249197697,0,0
65.0,560.8330249197697,0,0
