time_s,distance_10um,force_nN
0,0.9,0.564686
3,0.9011,0.55539
6,0.902183,0.546299
9,0.903247,0.537409
12,0.904293,0.528712
15,0.905323,0.520204
18,0.906336,0.51188
21,0.907332,0.503735
24,0.908312,0.495763
27,0.909277,0.487961
30,0.910226,0.480323
33,0.91116,0.472846
36,0.912079,0.465524
39,0.912984,0.458355
42,0.913875,0.451334
45,0.914752,0.444457
48,0.915616,0.43772
51,0.916466,0.43112
54,0.917304,0.424654
57,0.918128,0.418318
60,0.91894,0.412108
63,0.91974,0.406022
66,0.920529,0.400056
69,0.921305,0.394208
72,0.92207,0.388474
75,0.922824,0.382852
78,0.923566,0.377339
81,0.924298,0.371933
84,0.925019,0.36663
87,0.92573,0.361428
90,0.926431,0.356326
93,0.927122,0.351319
96,0.927802,0.346407
99,0.928474,0.341587
102,0.929136,0.336857
105,0.929788,0.332214
108,0.930432,0.327657
111,0.931066,0.323184
114,0.931692,0.318793
117,0.932309,0.314481
120,0.932918,0.310247
123,0.933519,0.30609
126,0.934111,0.302007
129,0.934696,0.297998
132,0.935273,0.294059
135,0.935842,0.29019
138,0.936403,0.286389
141,0.936957,0.282655
144,0.937504,0.278986
147,0.938043,0.275381
150,0.938576,0.271838
153,0.939101,0.268356
156,0.93962,0.264934
159,0.940132,0.26157
162,0.940638,0.258263
165,0.941137,0.255012
168,0.94163,0.251816
171,0.942117,0.248674
174,0.942597,0.245584
177,0.943072,0.242545
180,0.94354,0.239557
183,0.944003,0.236618
186,0.94446,0.233727
189,0.944911,0.230883
192,0.945357,0.228086
195,0.945798,0.225333
198,0.946233,0.222626
201,0.946663,0.219962
204,0.947087,0.21734
207,0.947507,0.21476
210,0.947921,0.212221
213,0.948331,0.209723
216,0.948736,0.207263
219,0.949135,0.204842
222,0.949531,0.202459
225,0.949921,0.200114
228,0.950307,0.197804
231,0.950689,0.19553
234,0.951066,0.193291
237,0.951439,0.191086
240,0.951807,0.188915
243,0.952172,0.186777
246,0.952532,0.184671
249,0.952888,0.182597
252,0.95324,0.180554
255,0.953588,0.178541
258,0.953932,0.176559
261,0.954273,0.174606
264,0.954609,0.172682
267,0.954942,0.170786
270,0.955271,0.168918
273,0.955597,0.167077
276,0.955919,0.165263
279,0.956237,0.163476
282,0.956552,0.161714
285,0.956864,0.159978
288,0.957172,0.158266
291,0.957477,0.156579
294,0.957778,0.154916
297,0.958077,0.153277
300,0.958372,0.151661
303,0.958664,0.150067
306,0.958953,0.148496
309,0.959239,0.146947
312,0.959522,0.145419
315,0.959802,0.143913
318,0.960079,0.142428
321,0.960353,0.140963
324,0.960625,0.139518
327,0.960893,0.138093
330,0.961159,0.136687
333,0.961422,0.135301
336,0.961682,0.133933
339,0.96194,0.132583
342,0.962195,0.131252
345,0.962448,0.129939
348,0.962698,0.128643
351,0.962946,0.127365
354,0.963191,0.126103
357,0.963433,0.124859
360,0.963673,0.12363
363,0.963911,0.122418
366,0.964147,0.121222
369,0.96438,0.120041
372,0.964611,0.118875
375,0.96484,0.117725
378,0.965066,0.11659
381,0.96529,0.115469
384,0.965512,0.114362
387,0.965732,0.11327
390,0.96595,0.112192
393,0.966166,0.111127
396,0.966379,0.110076
399,0.966591,0.109038
402,0.966801,0.108013
405,0.967008,0.107001
408,0.967214,0.106002
411,0.967418,0.105015
414,0.96762,0.104041
417,0.96782,0.103078
420,0.968018,0.102128
423,0.968214,0.101189
426,0.968409,0.100261
429,0.968601,0.0993452
432,0.968792,0.0984404
435,0.968982,0.0975465
438,0.969169,0.0966635
441,0.969355,0.0957912
444,0.969539,0.0949293
447,0.969721,0.0940778
450,0.969902,0.0932365
453,0.970081,0.0924053
456,0.970259,0.0915839
459,0.970435,0.0907723
462,0.970609,0.0899703
465,0.970782,0.0891777
468,0.970953,0.0883945
471,0.971123,0.0876204
474,0.971291,0.0868554
477,0.971458,0.0860993
480,0.971624,0.085352
483,0.971788,0.0846134
486,0.97195,0.0838832
489,0.972111,0.0831615
492,0.972271,0.0824481
495,0.972429,0.0817428
498,0.972586,0.0810456
501,0.972742,0.0803564
504,0.972896,0.0796749
507,0.973049,0.0790012
510,0.973201,0.0783351
513,0.973351,0.0776764
516,0.9735,0.0770252
519,0.973648,0.0763812
522,0.973795,0.0757444
525,0.97394,0.0751147
528,0.974085,0.074492
531,0.974228,0.0738762
534,0.974369,0.0732672
537,0.97451,0.0726649
540,0.97465,0.0720692
543,0.974788,0.07148
546,0.974925,0.0708972
549,0.975061,0.0703208
552,0.975196,0.0697506
555,0.97533,0.0691866
558,0.975463,0.0686287
561,0.975595,0.0680768
564,0.975725,0.0675308
567,0.975855,0.0669906
570,0.975983,0.0664562
573,0.976111,0.0659275
576,0.976237,0.0654044
579,0.976363,0.0648869
582,0.976487,0.0643748
585,0.976611,0.0638681
588,0.976734,0.0633667
591,0.976855,0.0628706
594,0.976976,0.0623797
597,0.977095,0.0618938
600,0.977214,0.0614131
603,0.977332,0.0609373
606,0.977449,0.0604664
609,0.977565,0.0600004
612,0.97768,0.0595391
615,0.977794,0.0590826
618,0.977908,0.0586308
621,0.97802,0.0581836
624,0.978132,0.0577409
627,0.978242,0.0573027
630,0.978352,0.056869
633,0.978461,0.0564396
636,0.97857,0.0560146
639,0.978677,0.0555938
642,0.978784,0.0551773
645,0.97889,0.0547649
648,0.978995,0.0543566
651,0.979099,0.0539524
654,0.979202,0.0535522
657,0.979305,0.053156
660,0.979407,0.0527636
663,0.979508,0.0523752
666,0.979609,0.0519905
669,0.979708,0.0516096
672,0.979807,0.0512325
675,0.979906,0.050859
678,0.980003,0.0504891
681,0.9801,0.0501229
684,0.980196,0.0497601
687,0.980291,0.0494009
690,0.980386,0.0490452
693,0.98048,0.0486928
696,0.980574,0.0483438
699,0.980666,0.0479982
702,0.980758,0.0476559
705,0.98085,0.0473168
708,0.98094,0.0469809
711,0.98103,0.0466483
714,0.98112,0.0463187
717,0.981209,0.0459923
720,0.981297,0.0456689
723,0.981384,0.0453486
726,0.981471,0.0450312
729,0.981558,0.0447169
732,0.981643,0.0444054
735,0.981728,0.0440969
738,0.981813,0.0437912
741,0.981897,0.0434883
744,0.98198,0.0431882
747,0.982063,0.0428909
750,0.982145,0.0425963
753,0.982227,0.0423045
756,0.982308,0.0420152
759,0.982389,0.0417287
762,0.982469,0.0414447
765,0.982548,0.0411633
768,0.982627,0.0408845
771,0.982705,0.0406081
774,0.982783,0.0403343
777,0.98286,0.0400629
780,0.982937,0.039794
783,0.983013,0.0395274
786,0.983089,0.0392633
789,0.983164,0.0390015
792,0.983239,0.038742
795,0.983313,0.0384849
798,0.983387,0.03823
801,0.98346,0.0379773
804,0.983533,0.0377269
807,0.983605,0.0374787
810,0.983677,0.0372327
813,0.983749,0.0369888
816,0.983819,0.0367471
819,0.98389,0.0365074
822,0.98396,0.0362699
825,0.984029,0.0360344
828,0.984098,0.0358009
831,0.984167,0.0355695
834,0.984235,0.03534
837,0.984303,0.0351126
840,0.98437,0.0348871
843,0.984437,0.0346635
846,0.984503,0.0344418
849,0.984569,0.034222
852,0.984635,0.0340041
855,0.9847,0.033788
858,0.984765,0.0335738
861,0.984829,0.0333614
864,0.984893,0.0331508
867,0.984956,0.0329419
870,0.98502,0.0327348
873,0.985082,0.0325294
876,0.985145,0.0323258
879,0.985206,0.0321238
882,0.985268,0.0319236
885,0.985329,0.031725
888,0.98539,0.031528
891,0.98545,0.0313327
894,0.98551,0.031139
897,0.98557,0.0309469
900,0.985629,0.0307564
903,0.985688,0.0305674
906,0.985747,0.03038
909,0.985805,0.0301941
912,0.985863,0.0300097
915,0.98592,0.0298269
918,0.985977,0.0296455
921,0.986034,0.0294656
924,0.986091,0.0292871
927,0.986147,0.0291101
930,0.986202,0.0289345
933,0.986258,0.0287603
936,0.986313,0.0285876
939,0.986368,0.0284162
942,0.986422,0.0282461
945,0.986476,0.0280775
948,0.98653,0.0279102
951,0.986583,0.0277442
954,0.986637,0.0275795
957,0.986689,0.0274161
960,0.986742,0.027254
963,0.986794,0.0270932
966,0.986846,0.0269337
969,0.986897,0.0267754
972,0.986949,0.0266183
975,0.987,0.0264625
978,0.98705,0.0263079
981,0.987101,0.0261545
984,0.987151,0.0260023
987,0.987201,0.0258513
990,0.98725,0.0257014
993,0.987299,0.0255527
996,0.987348,0.0254052
999,0.987397,0.0252588
1002,0.987445,0.0251135
1005,0.987493,0.0249693
1008,0.987541,0.0248262
1011,0.987589,0.0246843
1014,0.987636,0.0245434
1017,0.987683,0.0244035
1020,0.98773,0.0242648
1023,0.987776,0.0241271
1026,0.987822,0.0239904
1029,0.987868,0.0238548
1032,0.987914,0.0237201
1035,0.987959,0.0235865
1038,0.988004,0.0234539
1041,0.988049,0.0233223
1044,0.988094,0.0231917
1047,0.988138,0.0230621
1050,0.988183,0.0229334
1053,0.988226,0.0228057
1056,0.98827,0.0226789
1059,0.988314,0.0225531
1062,0.988357,0.0224282
1065,0.9884,0.0223042
1068,0.988442,0.0221811
1071,0.988485,0.022059
1074,0.988527,0.0219377
1077,0.988569,0.0218173
1080,0.988611,0.0216978
1083,0.988652,0.0215792
1086,0.988694,0.0214615
1089,0.988735,0.0213446
1092,0.988776,0.0212285
1095,0.988816,0.0211133
1098,0.988857,0.0209989
1101,0.988897,0.0208854
1104,0.988937,0.0207726
1107,0.988977,0.0206607
1110,0.989016,0.0205496
1113,0.989055,0.0204393
1116,0.989095,0.0203298
1119,0.989133,0.020221
1122,0.989172,0.020113
1125,0.989211,0.0200058
1128,0.989249,0.0198994
1131,0.989287,0.0197937
1134,0.989325,0.0196888
1137,0.989363,0.0195846
1140,0.9894,0.0194811
1143,0.989437,0.0193784
1146,0.989474,0.0192764
1149,0.989511,0.0191751
1152,0.989548,0.0190745
1155,0.989585,0.0189746
1158,0.989621,0.0188754
1161,0.989657,0.0187769
1164,0.989693,0.0186791
1167,0.989729,0.018582
1170,0.989764,0.0184855
1173,0.9898,0.0183898
1176,0.989835,0.0182946
1179,0.98987,0.0182002
1182,0.989905,0.0181063
1185,0.989939,0.0180132
1188,0.989974,0.0179206
1191,0.990008,0.0178287
1194,0.990042,0.0177375
1197,0.990076,0.0176468
1200,0.99011,0.0175568
1203,0.990144,0.0174673
1206,0.990177,0.0173785
1209,0.99021,0.0172903
1212,0.990243,0.0172027
1215,0.990276,0.0171157
1218,0.990309,0.0170292
1221,0.990342,0.0169434
1224,0.990374,0.0168581
1227,0.990406,0.0167734
1230,0.990438,0.0166893
1233,0.99047,0.0166057
1236,0.990502,0.0165227
1239,0.990534,0.0164402
1242,0.990565,0.0163583
1245,0.990596,0.0162769
1248,0.990628,0.0161961
1251,0.990659,0.0161158
1254,0.990689,0.016036
1257,0.99072,0.0159568
1260,0.990751,0.0158781
1263,0.990781,0.0157999
1266,0.990811,0.0157222
1269,0.990841,0.015645
1272,0.990871,0.0155683
1275,0.990901,0.0154922
1278,0.990931,0.0154165
1281,0.99096,0.0153413
1284,0.99099,0.0152666
1287,0.991019,0.0151924
1290,0.991048,0.0151187
1293,0.991077,0.0150454
1296,0.991106,0.0149727
1299,0.991134,0.0149004
1302,0.991163,0.0148285
1305,0.991191,0.0147571
1308,0.991219,0.0146862
1311,0.991247,0.0146157
1314,0.991275,0.0145457
1317,0.991303,0.0144761
1320,0.991331,0.014407
1323,0.991358,0.0143383
1326,0.991386,0.0142701
1329,0.991413,0.0142023
1332,0.99144,0.0141349
1335,0.991467,0.0140679
1338,0.991494,0.0140014
1341,0.991521,0.0139353
1344,0.991548,0.0138696
1347,0.991574,0.0138043
1350,0.991601,0.0137394
1353,0.991627,0.0136749
1356,0.991653,0.0136108
1359,0.991679,0.0135472
1362,0.991705,0.0134839
1365,0.991731,0.013421
1368,0.991757,0.0133585
1371,0.991782,0.0132964
1374,0.991808,0.0132347
1377,0.991833,0.0131734
1380,0.991858,0.0131124
1383,0.991883,0.0130518
1386,0.991908,0.0129916
1389,0.991933,0.0129318
1392,0.991958,0.0128723
1395,0.991982,0.0128132
1398,0.992007,0.0127545
1401,0.992031,0.0126961
1404,0.992056,0.0126381
1407,0.99208,0.0125804
1410,0.992104,0.0125231
1413,0.992128,0.0124661
1416,0.992152,0.0124095
1419,0.992175,0.0123532
1422,0.992199,0.0122972
1425,0.992222,0.0122416
1428,0.992246,0.0121864
1431,0.992269,0.0121314
1434,0.992292,0.0120768
1437,0.992315,0.0120225
1440,0.992338,0.0119686
1443,0.992361,0.0119149
1446,0.992384,0.0118616
1449,0.992407,0.0118086
1452,0.992429,0.0117559
1455,0.992452,0.0117036
1458,0.992474,0.0116515
1461,0.992497,0.0115998
1464,0.992519,0.0115483
1467,0.992541,0.0114972
1470,0.992563,0.0114464
1473,0.992585,0.0113958
1476,0.992607,0.0113456
1479,0.992628,0.0112956
1482,0.99265,0.011246
1485,0.992671,0.0111966
1488,0.992693,0.0111476
1491,0.992714,0.0110988
1494,0.992735,0.0110503
1497,0.992756,0.0110021
1500,0.992777,0.0109541
1503,0.992798,0.0109065
1506,0.992819,0.0108591
1509,0.99284,0.010812
1512,0.992861,0.0107651
1515,0.992881,0.0107186
1518,0.992902,0.0106723
1521,0.992922,0.0106262
1524,0.992943,0.0105805
1527,0.992963,0.010535
1530,0.992983,0.0104897
1533,0.993003,0.0104448
1536,0.993023,0.0104
1539,0.993043,0.0103556
1542,0.993063,0.0103113
1545,0.993082,0.0102674
1548,0.993102,0.0102237
1551,0.993122,0.0101802
1554,0.993141,0.010137
1557,0.99316,0.010094
1560,0.99318,0.0100513
1563,0.993199,0.0100088
1566,0.993218,0.00996651
1569,0.993237,0.0099245
1572,0.993256,0.00988272
1575,0.993275,0.00984117
1578,0.993294,0.00979986
1581,0.993313,0.00975878
1584,0.993331,0.00971793
1587,0.99335,0.00967731
1590,0.993368,0.00963691
1593,0.993387,0.00959674
1596,0.993405,0.00955679
1599,0.993423,0.00951706
1602,0.993442,0.00947755
1605,0.99346,0.00943826
1608,0.993478,0.00939919
1611,0.993496,0.00936034
1614,0.993514,0.0093217
1617,0.993532,0.00928327
1620,0.993549,0.00924505
1623,0.993567,0.00920704
1626,0.993585,0.00916924
1629,0.993602,0.00913165
1632,0.99362,0.00909426
1635,0.993637,0.00905707
1638,0.993654,0.00902009
1641,0.993672,0.00898331
1644,0.993689,0.00894673
1647,0.993706,0.00891035
1650,0.993723,0.00887417
1653,0.99374,0.00883818
1656,0.993757,0.00880238
1659,0.993774,0.00876678
1662,0.99379,0.00873137
1665,0.993807,0.00869615
1668,0.993824,0.00866113
1671,0.99384,0.00862628
1674,0.993857,0.00859163
1677,0.993873,0.00855716
1680,0.993889,0.00852288
1683,0.993906,0.00848878
1686,0.993922,0.00845486
1689,0.993938,0.00842112
1692,0.993954,0.00838756
1695,0.99397,0.00835418
1698,0.993986,0.00832097
1701,0.994002,0.00828794
1704,0.994018,0.00825509
1707,0.994034,0.00822241
1710,0.99405,0.0081899
1713,0.994065,0.00815757
1716,0.994081,0.0081254
1719,0.994096,0.0080934
1722,0.994112,0.00806158
1725,0.994127,0.00802991
1728,0.994143,0.00799842
1731,0.994158,0.00796709
1734,0.994173,0.00793592
1737,0.994188,0.00790491
1740,0.994203,0.00787407
1743,0.994218,0.00784338
1746,0.994233,0.00781286
1749,0.994248,0.00778249
1752,0.994263,0.00775228
1755,0.994278,0.00772223
1758,0.994293,0.00769233
1761,0.994308,0.00766259
1764,0.994322,0.007633
1767,0.994337,0.00760356
1770,0.994351,0.00757428
1773,0.994366,0.00754514
1776,0.99438,0.00751615
1779,0.994395,0.00748731
1782,0.994409,0.00745862
1785,0.994423,0.00743008
1788,0.994437,0.00740168
1791,0.994452,0.00737343
1794,0.994466,0.00734532
1797,0.99448,0.00731735
1800,0.994494,0.00728952
1803,0.994508,0.00726184
1806,0.994522,0.0072343
1809,0.994535,0.00720689
1812,0.994549,0.00717962
1815,0.994563,0.00715249
1818,0.994577,0.0071255
1821,0.99459,0.00709864
1824,0.994604,0.00707192
1827,0.994617,0.00704533
1830,0.994631,0.00701888
1833,0.994644,0.00699256
1836,0.994658,0.00696637
1839,0.994671,0.00694031
1842,0.994684,0.00691438
1845,0.994697,0.00688858
1848,0.994711,0.0068629
1851,0.994724,0.00683736
1854,0.994737,0.00681194
1857,0.99475,0.00678665
1860,0.994763,0.00676148
1863,0.994776,0.00673644
1866,0.994789,0.00671152
1869,0.994801,0.00668672
1872,0.994814,0.00666205
1875,0.994827,0.00663749
1878,0.99484,0.00661306
1881,0.994852,0.00658875
1884,0.994865,0.00656455
1887,0.994877,0.00654048
1890,0.99489,0.00651652
1893,0.994902,0.00649268
1896,0.994915,0.00646896
1899,0.994927,0.00644535
1902,0.994939,0.00642185
1905,0.994952,0.00639847
1908,0.994964,0.00637521
1911,0.994976,0.00635205
1914,0.994988,0.00632901
1917,0.995,0.00630608
1920,0.995012,0.00628326
1923,0.995024,0.00626055
1926,0.995036,0.00623795
1929,0.995048,0.00621546
1932,0.99506,0.00619308
1935,0.995072,0.0061708
1938,0.995084,0.00614863
1941,0.995096,0.00612657
1944,0.995107,0.00610461
1947,0.995119,0.00608276
1950,0.995131,0.00606101
1953,0.995142,0.00603937
1956,0.995154,0.00601782
1959,0.995165,0.00599639
1962,0.995177,0.00597505
1965,0.995188,0.00595381
1968,0.995199,0.00593268
1971,0.995211,0.00591164
1974,0.995222,0.0058907
1977,0.995233,0.00586987
1980,0.995245,0.00584913
1983,0.995256,0.00582848
1986,0.995267,0.00580794
1989,0.995278,0.00578749
1992,0.995289,0.00576714
1995,0.9953,0.00574688
1998,0.995311,0.00572672
2001,0.995322,0.00570665
2004,0.995333,0.00568668
2007,0.995344,0.0056668
2010,0.995355,0.00564701
2013,0.995365,0.00562731
2016,0.995376,0.00560771
2019,0.995387,0.0055882
2022,0.995398,0.00556877
2025,0.995408,0.00554944
2028,0.995419,0.0055302
2031,0.995429,0.00551104
2034,0.99544,0.00549197
2037,0.99545,0.0054730000000000004
2040,0.995461,0.0054541
2043,0.995471,0.0054353
2046,0.995482,0.00541658
2049,0.995492,0.00539795
2052,0.995502,0.0053794
2055,0.995513,0.00536094
2058,0.995523,0.00534257
2061,0.995533,0.00532427
2064,0.995543,0.00530606
2067,0.995554,0.00528794
2070,0.995564,0.00526989
2073,0.995574,0.00525193
2076,0.995584,0.00523405
2079,0.995594,0.00521625
2082,0.995604,0.00519853
2085,0.995614,0.00518089
2088,0.995624,0.00516333
2091,0.995633,0.00514585
2094,0.995643,0.00512845
2097,0.995653,0.00511113
2100,0.995663,0.00509389
2103,0.995673,0.00507672
2106,0.995682,0.00505963
2109,0.995692,0.00504262
2112,0.995702,0.00502568
2115,0.995711,0.00500882
2118,0.995721,0.00499203
2121,0.99573,0.00497532
2124,0.99574,0.00495869
2127,0.995749,0.00494212
2130,0.995759,0.00492563
2133,0.995768,0.00490922
2136,0.995778,0.00489288
2139,0.995787,0.00487661
2142,0.995796,0.00486041
2145,0.995806,0.00484428
2148,0.995815,0.00482823
2151,0.995824,0.00481225
2154,0.995833,0.00479633
2157,0.995842,0.00478049
2160,0.995851,0.00476472
2163,0.995861,0.00474901
2166,0.99587,0.00473338
2169,0.995879,0.00471781
2172,0.995888,0.00470231
2175,0.995897,0.00468688
2178,0.995906,0.00467152
2181,0.995915,0.00465622
2184,0.995924,0.004641
2187,0.995932,0.00462583
2190,0.995941,0.00461074
2193,0.99595,0.0045957
2196,0.995959,0.00458074
2199,0.995968,0.00456584
2202,0.995976,0.004551
2205,0.995985,0.00453623
2208,0.995994,0.00452152
2211,0.996002,0.00450688
2214,0.996011,0.0044923
2217,0.99602,0.00447778
2220,0.996028,0.00446332
2223,0.996037,0.00444893
2226,0.996045,0.0044346
2229,0.996054,0.00442033
2232,0.996062,0.00440612
2235,0.99607,0.00439197
2238,0.996079,0.00437788
2241,0.996087,0.00436385
2244,0.996096,0.00434988
2247,0.996104,0.00433598
2250,0.996112,0.00432213
2253,0.99612,0.00430834
2256,0.996129,0.00429461
2259,0.996137,0.00428093
2262,0.996145,0.00426732
2265,0.996153,0.00425376
2268,0.996161,0.00424026
2271,0.996169,0.00422682
2274,0.996178,0.00421343
2277,0.996186,0.0042001
2280,0.996194,0.00418683
2283,0.996202,0.00417361
2286,0.99621,0.00416045
2289,0.996218,0.00414734
2292,0.996225,0.00413429
2295,0.996233,0.0041213
2298,0.996241,0.00410835
2301,0.996249,0.00409546
2304,0.996257,0.00408263
2307,0.996265,0.00406985
2310,0.996273,0.00405712
2313,0.99628,0.00404445
2316,0.996288,0.00403183
2319,0.996296,0.00401926
2322,0.996303,0.00400674
2325,0.996311,0.00399427
2328,0.996319,0.00398186
2331,0.996326,0.0039695
2334,0.996334,0.00395719
2337,0.996341,0.00394493
2340,0.996349,0.00393272
2343,0.996356,0.00392056
2346,0.996364,0.00390845
2349,0.996371,0.00389639
2352,0.996379,0.00388438
2355,0.996386,0.00387242
2358,0.996394,0.00386051
2361,0.996401,0.00384865
2364,0.996408,0.00383683
2367,0.996416,0.00382507
2370,0.996423,0.00381335
2373,0.99643,0.00380168
2376,0.996438,0.00379006
2379,0.996445,0.00377849
2382,0.996452,0.00376696
2385,0.996459,0.00375548
2388,0.996466,0.00374404
2391,0.996474,0.00373266
2394,0.996481,0.00372131
2397,0.996488,0.00371002
2400,0.996495,0.00369877
2403,0.996502,0.00368756
2406,0.996509,0.00367641
2409,0.996516,0.00366529
2412,0.996523,0.00365422
2415,0.99653,0.0036432
2418,0.996537,0.00363222
2421,0.996544,0.00362128
2424,0.996551,0.00361039
2427,0.996558,0.00359954
2430,0.996565,0.00358873
2433,0.996572,0.00357797
2436,0.996578,0.00356725
2439,0.996585,0.00355657
2442,0.996592,0.00354594
2445,0.996599,0.00353535
2448,0.996606,0.0035248
2451,0.996612,0.00351429
2454,0.996619,0.00350383
2457,0.996626,0.0034934
2460,0.996632,0.00348302
2463,0.996639,0.00347268
2466,0.996646,0.00346237
2469,0.996652,0.00345211
2472,0.996659,0.00344189
2475,0.996665,0.00343172
2478,0.996672,0.00342158
2481,0.996679,0.00341148
2484,0.996685,0.00340142
2487,0.996692,0.0033914
2490,0.996698,0.00338142
2493,0.996705,0.00337147
2496,0.996711,0.00336157
2499,0.996717,0.00335171
2502,0.996724,0.00334188
2505,0.99673,0.0033321
2508,0.996737,0.00332235
2511,0.996743,0.00331264
2514,0.996749,0.00330296
2517,0.996756,0.00329333
2520,0.996762,0.00328373
2523,0.996768,0.00327417
2526,0.996774,0.00326464
2529,0.996781,0.00325516
2532,0.996787,0.00324571
2535,0.996793,0.00323629
2538,0.996799,0.00322692
2541,0.996805,0.00321758
2544,0.996812,0.00320827
2547,0.996818,0.003199
2550,0.996824,0.00318977
2553,0.99683,0.00318057
2556,0.996836,0.00317141
2559,0.996842,0.00316228
2562,0.996848,0.00315319
2565,0.996854,0.00314413
2568,0.99686,0.00313511
2571,0.996866,0.00312612
2574,0.996872,0.00311717
2577,0.996878,0.00310825
2580,0.996884,0.00309936
2583,0.99689,0.00309051
2586,0.996896,0.00308169
2589,0.996902,0.00307291
2592,0.996908,0.00306415
2595,0.996913,0.00305544
2598,0.996919,0.00304675
2601,0.996925,0.0030381
2604,0.996931,0.00302948
2607,0.996937,0.00302089
2610,0.996942,0.00301234
2613,0.996948,0.00300382
2616,0.996954,0.00299533
2619,0.99696,0.00298687
2622,0.996965,0.00297844
2625,0.996971,0.00297005
2628,0.996977,0.00296168
2631,0.996982,0.00295335
2634,0.996988,0.00294505
2637,0.996994,0.00293678
2640,0.996999,0.00292854
2643,0.997005,0.00292033
2646,0.99701,0.00291216
2649,0.997016,0.00290401
2652,0.997022,0.00289589
2655,0.997027,0.00288781
2658,0.997033,0.00287975
2661,0.997038,0.00287173
2664,0.997044,0.00286373
2667,0.997049,0.00285576
2670,0.997055,0.00284783
2673,0.99706,0.00283992
2676,0.997065,0.00283204
2679,0.997071,0.00282419
2682,0.997076,0.00281637
2685,0.997082,0.00280858
2688,0.997087,0.00280082
2691,0.997092,0.00279308
2694,0.997098,0.00278538
2697,0.997103,0.0027777
2700,0.997108,0.00277005
2703,0.997114,0.00276243
2706,0.997119,0.00275484
2709,0.997124,0.00274727
2712,0.997129,0.00273973
2715,0.997135,0.00273222
2718,0.99714,0.00272474
2721,0.997145,0.00271728
2724,0.99715,0.00270986
2727,0.997155,0.00270245
2730,0.997161,0.00269508
2733,0.997166,0.00268773
2736,0.997171,0.00268041
2739,0.997176,0.00267312
2742,0.997181,0.00266585
2745,0.997186,0.00265861
2748,0.997191,0.00265139
2751,0.997196,0.0026442
2754,0.997201,0.00263704
2757,0.997206,0.0026299
2760,0.997211,0.00262279
2763,0.997216,0.00261571
2766,0.997221,0.00260864
2769,0.997226,0.00260161
2772,0.997231,0.0025946
2775,0.997236,0.00258762
2778,0.997241,0.00258066
2781,0.997246,0.00257372
2784,0.997251,0.00256681
2787,0.997256,0.00255993
2790,0.997261,0.00255307
2793,0.997266,0.00254623
2796,0.997271,0.00253942
2799,0.997276,0.00253263
2802,0.99728,0.00252587
2805,0.997285,0.00251913
2808,0.99729,0.00251241
2811,0.997295,0.00250572
2814,0.9973,0.00249905
2817,0.997304,0.00249241
2820,0.997309,0.00248579
2823,0.997314,0.00247919
2826,0.997319,0.00247262
2829,0.997323,0.00246607
2832,0.997328,0.00245954
2835,0.997333,0.00245304
2838,0.997337,0.00244655
2841,0.997342,0.00244009
2844,0.997347,0.00243366
2847,0.997351,0.00242725
2850,0.997356,0.00242085
2853,0.997361,0.00241449
2856,0.997365,0.00240814
2859,0.99737,0.00240182
2862,0.997375,0.00239551
2865,0.997379,0.00238923
2868,0.997384,0.00238298
2871,0.997388,0.00237674
2874,0.997393,0.00237053
2877,0.997397,0.00236433
2880,0.997402,0.00235816
2883,0.997406,0.00235201
2886,0.997411,0.00234588
2889,0.997415,0.00233978
2892,0.99742,0.00233369
2895,0.997424,0.00232763
2898,0.997429,0.00232158
2901,0.997433,0.00231556
2904,0.997438,0.00230956
2907,0.997442,0.00230358
2910,0.997446,0.00229762
2913,0.997451,0.00229168
2916,0.997455,0.00228576
2919,0.99746,0.00227986
2922,0.997464,0.00227398
2925,0.997468,0.00226812
2928,0.997473,0.00226228
2931,0.997477,0.00225646
2934,0.997481,0.00225066
2937,0.997485,0.00224488
2940,0.99749,0.00223913
2943,0.997494,0.00223339
2946,0.997498,0.00222767
2949,0.997503,0.00222197
2952,0.997507,0.00221628
2955,0.997511,0.00221062
2958,0.997515,0.00220498
2961,0.997519,0.00219936
2964,0.997524,0.00219375
2967,0.997528,0.00218817
2970,0.997532,0.0021826
2973,0.997536,0.00217706
2976,0.99754,0.00217153
2979,0.997545,0.00216602
2982,0.997549,0.00216053
2985,0.997553,0.00215505
2988,0.997557,0.0021496
2991,0.997561,0.00214416
2994,0.997565,0.00213875
2997,0.997569,0.00213335
3000,0.997573,0.00212797
3003,0.997577,0.0021226
3006,0.997581,0.00211726
3009,0.997585,0.00211193
3012,0.99759,0.00210662
3015,0.997594,0.00210133
3018,0.997598,0.00209606
3021,0.997602,0.0020908
3024,0.997606,0.00208556
3027,0.99761,0.00208034
3030,0.997614,0.00207514
3033,0.997617,0.00206995
3036,0.997621,0.00206478
3039,0.997625,0.00205963
3042,0.997629,0.0020545
3045,0.997633,0.00204938
3048,0.997637,0.00204428
3051,0.997641,0.00203919
3054,0.997645,0.00203413
3057,0.997649,0.00202908
3060,0.997653,0.00202404
3063,0.997657,0.00201903
3066,0.99766,0.00201403
3069,0.997664,0.00200904
3072,0.997668,0.00200407
3075,0.997672,0.00199912
3078,0.997676,0.00199419
3081,0.99768,0.00198927
3084,0.997683,0.00198437
3087,0.997687,0.00197948
3090,0.997691,0.00197461
3093,0.997695,0.00196976
3096,0.997699,0.00196492
3099,0.997702,0.0019601
3102,0.997706,0.00195529
3105,0.99771,0.0019505
3108,0.997713,0.00194572
3111,0.997717,0.00194096
3114,0.997721,0.00193622
3117,0.997725,0.00193149
3120,0.997728,0.00192678
3123,0.997732,0.00192208
3126,0.997736,0.00191739
3129,0.997739,0.00191273
3132,0.997743,0.00190807
3135,0.997747,0.00190344
3138,0.99775,0.00189881
3141,0.997754,0.00189421
3144,0.997757,0.00188961
3147,0.997761,0.00188504
3150,0.997765,0.00188047
3153,0.997768,0.00187592
3156,0.997772,0.00187139
3159,0.997775,0.00186687
3162,0.997779,0.00186237
3165,0.997783,0.00185788
3168,0.997786,0.0018534
3171,0.99779,0.00184894
3174,0.997793,0.00184449
3177,0.997797,0.00184006
3180,0.9978,0.00183564
3183,0.997804,0.00183124
3186,0.997807,0.00182685
3189,0.997811,0.00182247
3192,0.997814,0.00181811
3195,0.997818,0.00181376
3198,0.997821,0.00180942
3201,0.997825,0.0018051
3204,0.997828,0.0018008
3207,0.997832,0.0017965
3210,0.997835,0.00179222
3213,0.997838,0.00178796
3216,0.997842,0.0017837
3219,0.997845,0.00177946
3222,0.997849,0.00177524
3225,0.997852,0.00177103
3228,0.997855,0.00176683
3231,0.997859,0.00176264
3234,0.997862,0.00175847
3237,0.997865,0.00175431
3240,0.997869,0.00175016
3243,0.997872,0.00174603
3246,0.997875,0.00174191
3249,0.997879,0.0017378
3252,0.997882,0.00173371
3255,0.997885,0.00172962
3258,0.997889,0.00172556
3261,0.997892,0.0017215
3264,0.997895,0.00171746
3267,0.997899,0.00171343
3270,0.997902,0.00170941
3273,0.997905,0.0017054
3276,0.997908,0.00170141
3279,0.997912,0.00169743
3282,0.997915,0.00169346
3285,0.997918,0.0016895
3288,0.997921,0.00168556
3291,0.997925,0.00168163
3294,0.997928,0.00167771
3297,0.997931,0.0016738
3300,0.997934,0.00166991
3303,0.997937,0.00166602
3306,0.997941,0.00166215
3309,0.997944,0.00165829
3312,0.997947,0.00165445
3315,0.99795,0.00165061
3318,0.997953,0.00164679
3321,0.997956,0.00164298
3324,0.99796,0.00163918
3327,0.997963,0.00163539
3330,0.997966,0.00163161
3333,0.997969,0.00162785
3336,0.997972,0.0016241
3339,0.997975,0.00162035
3342,0.997978,0.00161662
3345,0.997981,0.00161291
3348,0.997984,0.0016092
3351,0.997987,0.0016055
3354,0.997991,0.00160182
3357,0.997994,0.00159814
3360,0.997997,0.00159448
3363,0.998,0.00159083
3366,0.998003,0.00158719
3369,0.998006,0.00158356
3372,0.998009,0.00157994
3375,0.998012,0.00157634
3378,0.998015,0.00157274
3381,0.998018,0.00156916
3384,0.998021,0.00156558
3387,0.998024,0.00156202
3390,0.998027,0.00155847
3393,0.99803,0.00155493
3396,0.998033,0.0015514
3399,0.998036,0.00154788
3402,0.998039,0.00154437
3405,0.998042,0.00154087
3408,0.998045,0.00153738
3411,0.998048,0.0015339
3414,0.99805,0.00153043
3417,0.998053,0.00152698
3420,0.998056,0.00152353
3423,0.998059,0.00152009
3426,0.998062,0.00151667
3429,0.998065,0.00151325
3432,0.998068,0.00150985
3435,0.998071,0.00150645
3438,0.998074,0.00150307
3441,0.998077,0.00149969
3444,0.998079,0.00149633
3447,0.998082,0.00149297
3450,0.998085,0.00148963
3453,0.998088,0.00148629
3456,0.998091,0.00148297
3459,0.998094,0.00147965
3462,0.998096,0.00147635
3465,0.998099,0.00147305
3468,0.998102,0.00146977
3471,0.998105,0.00146649
3474,0.998108,0.00146323
3477,0.99811,0.00145997
3480,0.998113,0.00145672
3483,0.998116,0.00145349
3486,0.998119,0.00145026
3489,0.998122,0.00144704
3492,0.998124,0.00144383
3495,0.998127,0.00144063
3498,0.99813,0.00143744
3501,0.998133,0.00143426
3504,0.998135,0.00143109
3507,0.998138,0.00142793
3510,0.998141,0.00142478
3513,0.998144,0.00142164
3516,0.998146,0.0014185
3519,0.998149,0.00141538
3522,0.998152,0.00141226
3525,0.998154,0.00140916
3528,0.998157,0.00140606
3531,0.99816,0.00140297
3534,0.998162,0.00139989
3537,0.998165,0.00139682
3540,0.998168,0.00139376
3543,0.99817,0.00139071
3546,0.998173,0.00138767
3549,0.998176,0.00138463
3552,0.998178,0.00138161
3555,0.998181,0.00137859
3558,0.998184,0.00137558
3561,0.998186,0.00137259
3564,0.998189,0.00136959
3567,0.998192,0.00136661
3570,0.998194,0.00136364
3573,0.998197,0.00136068
3576,0.998199,0.00135772
3579,0.998202,0.00135477
3582,0.998205,0.00135183
3585,0.998207,0.0013489
3588,0.99821,0.00134598
3591,0.998212,0.00134307
3594,0.998215,0.00134016
3597,0.998217,0.00133727
3600,0.99822,0.00133438
3603,0.998222,0.0013315
3606,0.998225,0.00132863
3609,0.998228,0.00132576
3612,0.99823,0.00132291
3615,0.998233,0.00132006
3618,0.998235,0.00131722
3621,0.998238,0.00131439
3624,0.99824,0.00131157
3627,0.998243,0.00130875
3630,0.998245,0.00130595
3633,0.998248,0.00130315
3636,0.99825,0.00130036
3639,0.998253,0.00129757
3642,0.998255,0.0012948
3645,0.998258,0.00129203
3648,0.99826,0.00128927
3651,0.998263,0.00128652
3654,0.998265,0.00128378
3657,0.998267,0.00128104
3660,0.99827,0.00127832
3663,0.998272,0.0012756
3666,0.998275,0.00127288
3669,0.998277,0.00127018
3672,0.99828,0.00126748
3675,0.998282,0.00126479
3678,0.998284,0.00126211
3681,0.998287,0.00125944
3684,0.998289,0.00125677
3687,0.998292,0.00125411
3690,0.998294,0.00125146
3693,0.998296,0.00124881
3696,0.998299,0.00124618
3699,0.998301,0.00124355
3702,0.998304,0.00124093
3705,0.998306,0.00123831
3708,0.998308,0.0012357
3711,0.998311,0.0012331
3714,0.998313,0.00123051
3717,0.998315,0.00122793
3720,0.998318,0.00122535
3723,0.99832,0.00122278
3726,0.998322,0.00122021
3729,0.998325,0.00121766
3732,0.998327,0.00121511
3735,0.998329,0.00121257
3738,0.998332,0.00121003
3741,0.998334,0.0012075
3744,0.998336,0.00120498
3747,0.998339,0.00120247
3750,0.998341,0.00119996
3753,0.998343,0.00119746
3756,0.998346,0.00119497
3759,0.998348,0.00119248
3762,0.99835,0.00119
3765,0.998352,0.00118753
3768,0.998355,0.00118506
3771,0.998357,0.0011826
3774,0.998359,0.00118015
3777,0.998361,0.0011777
3780,0.998364,0.00117527
3783,0.998366,0.00117283
3786,0.998368,0.00117041
3789,0.99837,0.00116799
3792,0.998373,0.00116558
3795,0.998375,0.00116317
3798,0.998377,0.00116077
3801,0.998379,0.00115838
3804,0.998382,0.001156
3807,0.998384,0.00115362
3810,0.998386,0.00115124
3813,0.998388,0.00114888
3816,0.99839,0.00114652
3819,0.998393,0.00114416
3822,0.998395,0.00114182
3825,0.998397,0.00113948
3828,0.998399,0.00113714
3831,0.998401,0.00113482
3834,0.998403,0.0011325
3837,0.998406,0.00113018
3840,0.998408,0.00112787
3843,0.99841,0.00112557
3846,0.998412,0.00112327
3849,0.998414,0.00112098
3852,0.998416,0.0011187
3855,0.998418,0.00111642
3858,0.998421,0.00111415
3861,0.998423,0.00111189
3864,0.998425,0.00110963
3867,0.998427,0.00110737
3870,0.998429,0.00110513
3873,0.998431,0.00110289
3876,0.998433,0.00110065
3879,0.998435,0.00109842
3882,0.998437,0.0010962
3885,0.99844,0.00109398
3888,0.998442,0.00109177
3891,0.998444,0.00108957
3894,0.998446,0.00108737
3897,0.998448,0.00108518
3900,0.99845,0.00108299
3903,0.998452,0.00108081
3906,0.998454,0.00107863
3909,0.998456,0.00107646
3912,0.998458,0.0010743
3915,0.99846,0.00107214
3918,0.998462,0.00106999
3921,0.998464,0.00106784
3924,0.998466,0.0010657
3927,0.998468,0.00106357
3930,0.99847,0.00106144
3933,0.998473,0.00105932
3936,0.998475,0.0010572
3939,0.998477,0.00105509
3942,0.998479,0.00105298
3945,0.998481,0.00105088
3948,0.998483,0.00104878
3951,0.998485,0.00104669
3954,0.998487,0.00104461
3957,0.998489,0.00104253
3960,0.998491,0.00104046
3963,0.998493,0.00103839
3966,0.998495,0.00103633
3969,0.998497,0.00103427
3972,0.998499,0.00103222
3975,0.9985,0.00103017
3978,0.998502,0.00102813
3981,0.998504,0.0010261
3984,0.998506,0.00102407
3987,0.998508,0.00102204
3990,0.99851,0.00102002
3993,0.998512,0.00101801
3996,0.998514,0.001016
3999,0.998516,0.001014
4002,0.998518,0.001012
4005,0.99852,0.00101
4008,0.998522,0.00100802
4011,0.998524,0.00100603
4014,0.998526,0.00100406
4017,0.998528,0.00100208
4020,0.99853,0.00100012
4023,0.998532,0.000998156
4026,0.998533,0.000996199
4029,0.998535,0.000994248
4032,0.998537,0.000992301
4035,0.998539,0.00099036
4038,0.998541,0.000988423
4041,0.998543,0.000986492
4044,0.998545,0.000984566
4047,0.998547,0.000982644
4050,0.998549,0.000980728
4053,0.99855,0.000978817
4056,0.998552,0.00097691
4059,0.998554,0.000975009
4062,0.998556,0.000973112
4065,0.998558,0.000971221
4068,0.99856,0.000969334
4071,0.998562,0.000967452
4074,0.998563,0.000965575
4077,0.998565,0.000963703
4080,0.998567,0.000961836
4083,0.998569,0.000959973
4086,0.998571,0.000958116
4089,0.998573,0.000956263
4092,0.998574,0.000954415
4095,0.998576,0.000952571
4098,0.998578,0.000950732
4101,0.99858,0.000948899
4104,0.998582,0.000947069
4107,0.998584,0.000945245
4110,0.998585,0.000943425
4113,0.998587,0.00094161
4116,0.998589,0.000939799
4119,0.998591,0.000937993
4122,0.998593,0.000936192
4125,0.998594,0.000934395
4128,0.998596,0.000932603
4131,0.998598,0.000930816
4134,0.9986,0.000929033
4137,0.998601,0.000927254
4140,0.998603,0.00092548
4143,0.998605,0.000923711
4146,0.998607,0.000921946
4149,0.998608,0.000920186
4152,0.99861,0.00091843
4155,0.998612,0.000916678
4158,0.998614,0.000914931
4161,0.998616,0.000913189
4164,0.998617,0.00091145
4167,0.998619,0.000909717
4170,0.998621,0.000907987
4173,0.998622,0.000906262
4176,0.998624,0.000904542
4179,0.998626,0.000902825
4182,0.998628,0.000901113
4185,0.998629,0.000899406
4188,0.998631,0.000897702
4191,0.998633,0.000896003
4194,0.998635,0.000894309
4197,0.998636,0.000892618
4200,0.998638,0.000890932
4203,0.99864,0.00088925
4206,0.998641,0.000887572
4209,0.998643,0.000885898
4212,0.998645,0.000884229
4215,0.998646,0.000882564
4218,0.998648,0.000880903
4221,0.99865,0.000879246
4224,0.998651,0.000877593
4227,0.998653,0.000875945
4230,0.998655,0.0008743
4233,0.998656,0.00087266
4236,0.998658,0.000871024
4239,0.99866,0.000869391
4242,0.998661,0.000867763
4245,0.998663,0.000866139
4248,0.998665,0.000864519
4251,0.998666,0.000862903
4254,0.998668,0.000861291
4257,0.99867,0.000859683
4260,0.998671,0.000858079
4263,0.998673,0.000856479
4266,0.998675,0.000854883
4269,0.998676,0.000853291
4272,0.998678,0.000851703
4275,0.99868,0.000850119
4278,0.998681,0.000848539
4281,0.998683,0.000846962
4284,0.998684,0.00084539
4287,0.998686,0.000843821
4290,0.998688,0.000842257
4293,0.998689,0.000840696
4296,0.998691,0.000839139
4299,0.998692,0.000837586
4302,0.998694,0.000836036
4305,0.998696,0.000834491
4308,0.998697,0.000832949
4311,0.998699,0.000831411
4314,0.9987,0.000829877
4317,0.998702,0.000828347
4320,0.998704,0.00082682
4323,0.998705,0.000825297
4326,0.998707,0.000823778
4329,0.998708,0.000822263
4332,0.99871,0.000820751
4335,0.998711,0.000819243
4338,0.998713,0.000817738
4341,0.998715,0.000816238
4344,0.998716,0.000814741
4347,0.998718,0.000813247
4350,0.998719,0.000811758
4353,0.998721,0.000810272
4356,0.998722,0.000808789
4359,0.998724,0.00080731
4362,0.998725,0.000805835
4365,0.998727,0.000804363
4368,0.998729,0.000802895
4371,0.99873,0.000801431
4374,0.998732,0.00079997
4377,0.998733,0.000798512
4380,0.998735,0.000797058
4383,0.998736,0.000795608
4386,0.998738,0.000794161
4389,0.998739,0.000792718
4392,0.998741,0.000791278
4395,0.998742,0.000789841
4398,0.998744,0.000788409
4401,0.998745,0.000786979
4404,0.998747,0.000785553
4407,0.998748,0.00078413
4410,0.99875,0.000782711
4413,0.998751,0.000781296
4416,0.998753,0.000779883
4419,0.998754,0.000778474
4422,0.998756,0.000777069
4425,0.998757,0.000775666
4428,0.998759,0.000774268
4431,0.99876,0.000772872
4434,0.998762,0.00077148
4437,0.998763,0.000770091
4440,0.998765,0.000768706
4443,0.998766,0.000767324
4446,0.998767,0.000765945
4449,0.998769,0.000764569
4452,0.99877,0.000763197
4455,0.998772,0.000761828
4458,0.998773,0.000760462
4461,0.998775,0.0007591
4464,0.998776,0.000757741
4467,0.998778,0.000756385
4470,0.998779,0.000755032
4473,0.998781,0.000753682
4476,0.998782,0.000752336
4479,0.998783,0.000750993
4482,0.998785,0.000749653
4485,0.998786,0.000748316
4488,0.998788,0.000746983
4491,0.998789,0.000745652
4494,0.998791,0.000744325
4497,0.998792,0.000743001
4500,0.998793,0.00074168
4503,0.998795,0.000740362
4506,0.998796,0.000739047
4509,0.998798,0.000737736
4512,0.998799,0.000736427
4515,0.9988,0.000735122
4518,0.998802,0.000733819
4521,0.998803,0.00073252
4524,0.998805,0.000731224
4527,0.998806,0.00072993
4530,0.998807,0.00072864
4533,0.998809,0.000727353
4536,0.99881,0.000726069
4539,0.998812,0.000724788
4542,0.998813,0.00072351
4545,0.998814,0.000722235
4548,0.998816,0.000720963
4551,0.998817,0.000719694
4554,0.998819,0.000718427
4557,0.99882,0.000717164
4560,0.998821,0.000715904
4563,0.998823,0.000714647
4566,0.998824,0.000713392
4569,0.998825,0.000712141
4572,0.998827,0.000710892
4575,0.998828,0.000709647
4578,0.998829,0.000708404
4581,0.998831,0.000707164
4584,0.998832,0.000705927
4587,0.998834,0.000704693
4590,0.998835,0.000703462
4593,0.998836,0.000702234
4596,0.998838,0.000701008
4599,0.998839,0.000699786
4602,0.99884,0.000698566
4605,0.998842,0.000697349
4608,0.998843,0.000696135
4611,0.998844,0.000694924
4614,0.998846,0.000693715
4617,0.998847,0.000692509
4620,0.998848,0.000691306
4623,0.99885,0.000690106
4626,0.998851,0.000688909
4629,0.998852,0.000687714
4632,0.998853,0.000686522
4635,0.998855,0.000685333
4638,0.998856,0.000684147
4641,0.998857,0.000682963
4644,0.998859,0.000681782
4647,0.99886,0.000680604
4650,0.998861,0.000679429
4653,0.998863,0.000678256
4656,0.998864,0.000677086
4659,0.998865,0.000675918
4662,0.998866,0.000674753
4665,0.998868,0.000673591
4668,0.998869,0.000672432
4671,0.99887,0.000671275
4674,0.998872,0.000670121
4677,0.998873,0.00066897
4680,0.998874,0.000667821
4683,0.998875,0.000666674
4686,0.998877,0.000665531
4689,0.998878,0.00066439
4692,0.998879,0.000663251
4695,0.998881,0.000662116
4698,0.998882,0.000660982
4701,0.998883,0.000659852
4704,0.998884,0.000658724
4707,0.998886,0.000657598
4710,0.998887,0.000656475
4713,0.998888,0.000655355
4716,0.998889,0.000654237
4719,0.998891,0.000653122
4722,0.998892,0.000652009
4725,0.998893,0.000650899
4728,0.998894,0.000649791
4731,0.998896,0.000648686
4734,0.998897,0.000647583
4737,0.998898,0.000646483
4740,0.998899,0.000645385
4743,0.998901,0.000644289
4746,0.998902,0.000643197
4749,0.998903,0.000642106
4752,0.998904,0.000641018
4755,0.998905,0.000639933
4758,0.998907,0.00063885
4761,0.998908,0.000637769
4764,0.998909,0.000636691
4767,0.99891,0.000635615
4770,0.998912,0.000634542
4773,0.998913,0.000633471
4776,0.998914,0.000632403
4779,0.998915,0.000631337
4782,0.998916,0.000630273
4785,0.998918,0.000629212
4788,0.998919,0.000628153
4791,0.99892,0.000627096
4794,0.998921,0.000626042
4797,0.998922,0.00062499
4800,0.998924,0.000623941
4803,0.998925,0.000622893
4806,0.998926,0.000621849
4809,0.998927,0.000620806
4812,0.998928,0.000619766
4815,0.998929,0.000618728
4818,0.998931,0.000617692
4821,0.998932,0.000616659
4824,0.998933,0.000615628
4827,0.998934,0.0006146
4830,0.998935,0.000613573
4833,0.998937,0.000612549
4836,0.998938,0.000611527
4839,0.998939,0.000610508
4842,0.99894,0.00060949
4845,0.998941,0.000608475
4848,0.998942,0.000607463
4851,0.998944,0.000606452
4854,0.998945,0.000605444
4857,0.998946,0.000604438
4860,0.998947,0.000603434
4863,0.998948,0.000602432
4866,0.998949,0.000601433
4869,0.99895,0.000600435
4872,0.998952,0.00059944
4875,0.998953,0.000598448
4878,0.998954,0.000597457
4881,0.998955,0.000596468
4884,0.998956,0.000595482
4887,0.998957,0.000594498
4890,0.998958,0.000593516
4893,0.99896,0.000592536
4896,0.998961,0.000591558
4899,0.998962,0.000590583
4902,0.998963,0.00058961
4905,0.998964,0.000588638
4908,0.998965,0.000587669
4911,0.998966,0.000586702
4914,0.998967,0.000585737
4917,0.998969,0.000584775
4920,0.99897,0.000583814
4923,0.998971,0.000582855
4926,0.998972,0.000581899
4929,0.998973,0.000580944
4932,0.998974,0.000579992
4935,0.998975,0.000579042
4938,0.998976,0.000578094
4941,0.998977,0.000577147
4944,0.998979,0.000576203
4947,0.99898,0.000575261
4950,0.998981,0.000574321
4953,0.998982,0.000573384
4956,0.998983,0.000572448
4959,0.998984,0.000571514
4962,0.998985,0.000570582
4965,0.998986,0.000569652
4968,0.998987,0.000568724
4971,0.998988,0.000567799
4974,0.99899,0.000566875
4977,0.998991,0.000565953
4980,0.998992,0.000565033
4983,0.998993,0.000564115
4986,0.998994,0.0005632
4989,0.998995,0.000562286
4992,0.998996,0.000561374
4995,0.998997,0.000560464
4998,0.998998,0.000559556
5001,0.998999,0.00055865
5004,0.999,0.000557746
5007,0.999001,0.000556844
5010,0.999002,0.000555944
5013,0.999003,0.000555046
5016,0.999005,0.000554149
5019,0.999006,0.000553255
5022,0.999007,0.000552362
5025,0.999008,0.000551472
5028,0.999009,0.000550583
5031,0.99901,0.000549696
5034,0.999011,0.000548812
5037,0.999012,0.000547929
5040,0.999013,0.000547048
5043,0.999014,0.000546168
5046,0.999015,0.000545291
5049,0.999016,0.000544416
5052,0.999017,0.000543542
5055,0.999018,0.000542671
5058,0.999019,0.000541801
5061,0.99902,0.000540933
5064,0.999021,0.000540067
5067,0.999022,0.000539202
5070,0.999023,0.00053834
5073,0.999024,0.000537479
5076,0.999025,0.00053662
5079,0.999026,0.000535763
5082,0.999027,0.000534908
5085,0.999028,0.000534055
5088,0.999029,0.000533203
5091,0.99903,0.000532354
5094,0.999031,0.000531506
5097,0.999033,0.00053066
5100,0.999034,0.000529815
5103,0.999035,0.000528973
5106,0.999036,0.000528132
5109,0.999037,0.000527293
5112,0.999038,0.000526456
5115,0.999039,0.00052562
5118,0.99904,0.000524787
5121,0.999041,0.000523955
5124,0.999042,0.000523125
5127,0.999043,0.000522296
5130,0.999044,0.000521469
5133,0.999045,0.000520644
5136,0.999046,0.000519821
5139,0.999047,0.000519
5142,0.999048,0.00051818
5145,0.999049,0.000517362
5148,0.99905,0.000516546
5151,0.999051,0.000515731
5154,0.999051,0.000514918
5157,0.999052,0.000514107
5160,0.999053,0.000513297
5163,0.999054,0.00051249
5166,0.999055,0.000511683
5169,0.999056,0.000510879
5172,0.999057,0.000510076
5175,0.999058,0.000509275
5178,0.999059,0.000508476
5181,0.99906,0.000507678
5184,0.999061,0.000506882
5187,0.999062,0.000506087
5190,0.999063,0.000505295
5193,0.999064,0.000504504
5196,0.999065,0.000503714
5199,0.999066,0.000502926
5202,0.999067,0.00050214
5205,0.999068,0.000501356
5208,0.999069,0.000500573
5211,0.99907,0.000499791
5214,0.999071,0.000499012
5217,0.999072,0.000498234
5220,0.999073,0.000497457
5223,0.999074,0.000496682
5226,0.999075,0.000495909
5229,0.999076,0.000495137
5232,0.999077,0.000494367
5235,0.999078,0.000493599
5238,0.999078,0.000492832
5241,0.999079,0.000492067
5244,0.99908,0.000491303
5247,0.999081,0.000490541
5250,0.999082,0.00048978
5253,0.999083,0.000489021
5256,0.999084,0.000488264
5259,0.999085,0.000487508
5262,0.999086,0.000486753
5265,0.999087,0.000486001
5268,0.999088,0.000485249
5271,0.999089,0.0004845
5274,0.99909,0.000483752
5277,0.999091,0.000483005
5280,0.999092,0.00048226
5283,0.999092,0.000481516
5286,0.999093,0.000480774
5289,0.999094,0.000480034
5292,0.999095,0.000479295
5295,0.999096,0.000478557
5298,0.999097,0.000477821
5301,0.999098,0.000477087
5304,0.999099,0.000476354
5307,0.9991,0.000475622
5310,0.999101,0.000474892
5313,0.999102,0.000474164
5316,0.999102,0.000473437
5319,0.999103,0.000472711
5322,0.999104,0.000471987
5325,0.999105,0.000471265
5328,0.999106,0.000470544
5331,0.999107,0.000469824
5334,0.999108,0.000469106
5337,0.999109,0.000468389
5340,0.99911,0.000467674
5343,0.999111,0.00046696
5346,0.999111,0.000466248
5349,0.999112,0.000465537
5352,0.999113,0.000464827
5355,0.999114,0.000464119
5358,0.999115,0.000463412
5361,0.999116,0.000462707
5364,0.999117,0.000462003
5367,0.999118,0.000461301
5370,0.999119,0.0004606
5373,0.999119,0.000459901
5376,0.99912,0.000459203
5379,0.999121,0.000458506
5382,0.999122,0.000457811
5385,0.999123,0.000457117
5388,0.999124,0.000456424
5391,0.999125,0.000455733
5394,0.999126,0.000455043
5397,0.999126,0.000454355
5400,0.999127,0.000453668
5403,0.999128,0.000452983
5406,0.999129,0.000452298
5409,0.99913,0.000451615
5412,0.999131,0.000450934
5415,0.999132,0.000450254
5418,0.999132,0.000449575
5421,0.999133,0.000448898
5424,0.999134,0.000448222
5427,0.999135,0.000447547
5430,0.999136,0.000446874
5433,0.999137,0.000446202
5436,0.999138,0.000445531
5439,0.999138,0.000444862
5442,0.999139,0.000444194
5445,0.99914,0.000443528
5448,0.999141,0.000442862
5451,0.999142,0.000442198
5454,0.999143,0.000441536
5457,0.999144,0.000440874
5460,0.999144,0.000440214
5463,0.999145,0.000439556
5466,0.999146,0.000438898
5469,0.999147,0.000438242
5472,0.999148,0.000437587
5475,0.999149,0.000436934
5478,0.999149,0.000436282
5481,0.99915,0.000435631
5484,0.999151,0.000434981
5487,0.999152,0.000434333
5490,0.999153,0.000433686
5493,0.999154,0.00043304
5496,0.999154,0.000432396
5499,0.999155,0.000431753
5502,0.999156,0.000431111
5505,0.999157,0.00043047
5508,0.999158,0.000429831
5511,0.999158,0.000429192
5514,0.999159,0.000428556
5517,0.99916,0.00042792
5520,0.999161,0.000427286
5523,0.999162,0.000426652
5526,0.999163,0.000426021
5529,0.999163,0.00042539
5532,0.999164,0.000424761
5535,0.999165,0.000424132
5538,0.999166,0.000423505
5541,0.999167,0.00042288
5544,0.999167,0.000422255
5547,0.999168,0.000421632
5550,0.999169,0.00042101
5553,0.99917,0.000420389
5556,0.999171,0.00041977
5559,0.999171,0.000419151
5562,0.999172,0.000418534
5565,0.999173,0.000417918
5568,0.999174,0.000417303
5571,0.999175,0.00041669
5574,0.999175,0.000416078
5577,0.999176,0.000415466
5580,0.999177,0.000414856
5583,0.999178,0.000414248
5586,0.999179,0.00041364
5589,0.999179,0.000413034
5592,0.99918,0.000412428
5595,0.999181,0.000411824
5598,0.999182,0.000411221
5601,0.999183,0.00041062
5604,0.999183,0.000410019
5607,0.999184,0.00040942
5610,0.999185,0.000408822
5613,0.999186,0.000408225
5616,0.999186,0.000407629
5619,0.999187,0.000407034
5622,0.999188,0.00040644
5625,0.999189,0.000405848
5628,0.99919,0.000405257
5631,0.99919,0.000404667
5634,0.999191,0.000404078
5637,0.999192,0.00040349
5640,0.999193,0.000402903
5643,0.999193,0.000402317
5646,0.999194,0.000401733
5649,0.999195,0.00040115
5652,0.999196,0.000400567
5655,0.999197,0.000399986
5658,0.999197,0.000399406
5661,0.999198,0.000398827
5664,0.999199,0.00039825
5667,0.9992,0.000397673
5670,0.9992,0.000397098
5673,0.999201,0.000396523
5676,0.999202,0.00039595
5679,0.999203,0.000395378
5682,0.999203,0.000394806
5685,0.999204,0.000394236
5688,0.999205,0.000393668
5691,0.999206,0.0003931
5694,0.999206,0.000392533
5697,0.999207,0.000391967
5700,0.999208,0.000391403
5703,0.999209,0.000390839
5706,0.999209,0.000390277
5709,0.99921,0.000389715
5712,0.999211,0.000389155
5715,0.999212,0.000388596
5718,0.999212,0.000388038
5721,0.999213,0.000387481
5724,0.999214,0.000386925
5727,0.999215,0.00038637
5730,0.999215,0.000385816
5733,0.999216,0.000385263
5736,0.999217,0.000384711
5739,0.999217,0.00038416
5742,0.999218,0.000383611
5745,0.999219,0.000383062
5748,0.99922,0.000382514
5751,0.99922,0.000381968
5754,0.999221,0.000381422
5757,0.999222,0.000380878
5760,0.999223,0.000380334
5763,0.999223,0.000379792
5766,0.999224,0.00037925
5769,0.999225,0.00037871
5772,0.999226,0.000378171
5775,0.999226,0.000377632
5778,0.999227,0.000377095
5781,0.999228,0.000376559
5784,0.999228,0.000376023
5787,0.999229,0.000375489
5790,0.99923,0.000374956
5793,0.999231,0.000374423
5796,0.999231,0.000373892
5799,0.999232,0.000373362
5802,0.999233,0.000372833
5805,0.999233,0.000372304
5808,0.999234,0.000371777
5811,0.999235,0.000371251
5814,0.999236,0.000370725
5817,0.999236,0.000370201
5820,0.999237,0.000369678
5823,0.999238,0.000369155
5826,0.999238,0.000368634
5829,0.999239,0.000368114
5832,0.99924,0.000367594
5835,0.99924,0.000367076
5838,0.999241,0.000366558
5841,0.999242,0.000366042
5844,0.999243,0.000365526
5847,0.999243,0.000365012
5850,0.999244,0.000364498
5853,0.999245,0.000363985
5856,0.999245,0.000363474
5859,0.999246,0.000362963
5862,0.999247,0.000362453
5865,0.999247,0.000361944
5868,0.999248,0.000361436
5871,0.999249,0.000360929
5874,0.999249,0.000360423
5877,0.99925,0.000359918
5880,0.999251,0.000359414
5883,0.999252,0.000358911
5886,0.999252,0.000358409
5889,0.999253,0.000357907
5892,0.999254,0.000357407
5895,0.999254,0.000356907
5898,0.999255,0.000356409
5901,0.999256,0.000355911
5904,0.999256,0.000355414
5907,0.999257,0.000354919
5910,0.999258,0.000354424
5913,0.999258,0.00035393
5916,0.999259,0.000353437
5919,0.99926,0.000352945
5922,0.99926,0.000352453
5925,0.999261,0.000351963
5928,0.999262,0.000351474
5931,0.999262,0.000350985
5934,0.999263,0.000350498
5937,0.999264,0.000350011
5940,0.999264,0.000349525
5943,0.999265,0.00034904
5946,0.999266,0.000348556
5949,0.999266,0.000348073
5952,0.999267,0.000347591
5955,0.999268,0.000347109
5958,0.999268,0.000346629
5961,0.999269,0.000346149
5964,0.99927,0.000345671
5967,0.99927,0.000345193
5970,0.999271,0.000344716
5973,0.999272,0.00034424
5976,0.999272,0.000343765
5979,0.999273,0.00034329
5982,0.999274,0.000342817
5985,0.999274,0.000342344
5988,0.999275,0.000341872
5991,0.999276,0.000341402
5994,0.999276,0.000340932
5997,0.999277,0.000340462
6000,0.999278,0.000339994
6003,0.999278,0.000339527
6006,0.999279,0.00033906
6009,0.99928,0.000338594
6012,0.99928,0.000338129
6015,0.999281,0.000337665
6018,0.999281,0.000337202
6021,0.999282,0.00033674
6024,0.999283,0.000336278
6027,0.999283,0.000335818
6030,0.999284,0.000335358
6033,0.999285,0.000334899
6036,0.999285,0.000334441
6039,0.999286,0.000333983
6042,0.999287,0.000333527
6045,0.999287,0.000333071
6048,0.999288,0.000332616
6051,0.999289,0.000332162
6054,0.999289,0.000331709
6057,0.99929,0.000331257
6060,0.99929,0.000330805
6063,0.999291,0.000330354
6066,0.999292,0.000329904
6069,0.999292,0.000329455
6072,0.999293,0.000329007
6075,0.999294,0.000328559
6078,0.999294,0.000328113
6081,0.999295,0.000327667
6084,0.999295,0.000327222
6087,0.999296,0.000326777
6090,0.999297,0.000326334
6093,0.999297,0.000325891
6096,0.999298,0.000325449
6099,0.999299,0.000325008
6102,0.999299,0.000324568
6105,0.9993,0.000324128
6108,0.9993,0.00032369
6111,0.999301,0.000323252
6114,0.999302,0.000322815
6117,0.999302,0.000322378
6120,0.999303,0.000321943
6123,0.999304,0.000321508
6126,0.999304,0.000321074
6129,0.999305,0.000320641
6132,0.999305,0.000320208
6135,0.999306,0.000319776
6138,0.999307,0.000319346
6141,0.999307,0.000318915
6144,0.999308,0.000318486
6147,0.999308,0.000318057
6150,0.999309,0.000317629
6153,0.99931,0.000317202
6156,0.99931,0.000316776
6159,0.999311,0.00031635
6162,0.999311,0.000315926
6165,0.999312,0.000315502
6168,0.999313,0.000315078
6171,0.999313,0.000314656
6174,0.999314,0.000314234
6177,0.999314,0.000313813
6180,0.999315,0.000313393
6183,0.999316,0.000312973
6186,0.999316,0.000312554
6189,0.999317,0.000312136
6192,0.999317,0.000311719
6195,0.999318,0.000311302
6198,0.999319,0.000310886
6201,0.999319,0.000310471
6204,0.99932,0.000310057
6207,0.99932,0.000309643
6210,0.999321,0.00030923
6213,0.999322,0.000308818
6216,0.999322,0.000308407
6219,0.999323,0.000307996
6222,0.999323,0.000307586
6225,0.999324,0.000307177
6228,0.999325,0.000306768
6231,0.999325,0.00030636
6234,0.999326,0.000305953
6237,0.999326,0.000305547
6240,0.999327,0.000305141
6243,0.999327,0.000304736
6246,0.999328,0.000304332
6249,0.999329,0.000303928
6252,0.999329,0.000303526
6255,0.99933,0.000303123
6258,0.99933,0.000302722
6261,0.999331,0.000302321
6264,0.999332,0.000301921
6267,0.999332,0.000301522
6270,0.999333,0.000301123
6273,0.999333,0.000300725
6276,0.999334,0.000300328
6279,0.999334,0.000299932
6282,0.999335,0.000299536
6285,0.999336,0.000299141
6288,0.999336,0.000298746
6291,0.999337,0.000298353
6294,0.999337,0.000297959
6297,0.999338,0.000297567
6300,0.999338,0.000297175
6303,0.999339,0.000296784
6306,0.99934,0.000296394
6309,0.99934,0.000296004
6312,0.999341,0.000295615
6315,0.999341,0.000295227
6318,0.999342,0.00029484
6321,0.999342,0.000294453
6324,0.999343,0.000294066
6327,0.999343,0.000293681
6330,0.999344,0.000293296
6333,0.999345,0.000292912
6336,0.999345,0.000292528
6339,0.999346,0.000292145
6342,0.999346,0.000291763
6345,0.999347,0.000291381
6348,0.999347,0.000291
6351,0.999348,0.00029062
6354,0.999348,0.00029024
6357,0.999349,0.000289861
6360,0.99935,0.000289483
6363,0.99935,0.000289105
6366,0.999351,0.000288728
6369,0.999351,0.000288352
6372,0.999352,0.000287976
6375,0.999352,0.000287601
6378,0.999353,0.000287227
6381,0.999353,0.000286853
6384,0.999354,0.00028648
6387,0.999355,0.000286108
6390,0.999355,0.000285736
6393,0.999356,0.000285365
6396,0.999356,0.000284994
6399,0.999357,0.000284624
6402,0.999357,0.000284255
6405,0.999358,0.000283886
6408,0.999358,0.000283518
6411,0.999359,0.000283151
6414,0.999359,0.000282784
6417,0.99936,0.000282418
6420,0.999361,0.000282053
6423,0.999361,0.000281688
6426,0.999362,0.000281324
6429,0.999362,0.00028096
6432,0.999363,0.000280597
6435,0.999363,0.000280235
6438,0.999364,0.000279873
6441,0.999364,0.000279512
6444,0.999365,0.000279151
6447,0.999365,0.000278791
6450,0.999366,0.000278432
6453,0.999366,0.000278073
6456,0.999367,0.000277715
6459,0.999367,0.000277358
6462,0.999368,0.000277001
6465,0.999369,0.000276645
6468,0.999369,0.000276289
6471,0.99937,0.000275934
6474,0.99937,0.00027558
6477,0.999371,0.000275226
6480,0.999371,0.000274873
6483,0.999372,0.00027452
6486,0.999372,0.000274168
6489,0.999373,0.000273817
6492,0.999373,0.000273466
6495,0.999374,0.000273116
6498,0.999374,0.000272766
6501,0.999375,0.000272417
6504,0.999375,0.000272069
6507,0.999376,0.000271721
6510,0.999376,0.000271374
6513,0.999377,0.000271027
6516,0.999377,0.000270681
6519,0.999378,0.000270336
6522,0.999378,0.000269991
6525,0.999379,0.000269646
6528,0.999379,0.000269303
6531,0.99938,0.00026896
6534,0.999381,0.000268617
6537,0.999381,0.000268275
6540,0.999382,0.000267934
6543,0.999382,0.000267593
6546,0.999383,0.000267252
6549,0.999383,0.000266913
6552,0.999384,0.000266574
6555,0.999384,0.000266235
6558,0.999385,0.000265897
6561,0.999385,0.00026556
6564,0.999386,0.000265223
6567,0.999386,0.000264887
6570,0.999387,0.000264551
6573,0.999387,0.000264216
6576,0.999388,0.000263881
6579,0.999388,0.000263547
6582,0.999389,0.000263214
6585,0.999389,0.000262881
6588,0.99939,0.000262548
6591,0.99939,0.000262217
6594,0.999391,0.000261885
6597,0.999391,0.000261555
6600,0.999392,0.000261224
6603,0.999392,0.000260895
6606,0.999393,0.000260566
6609,0.999393,0.000260237
6612,0.999394,0.000259909
6615,0.999394,0.000259582
6618,0.999395,0.000259255
6621,0.999395,0.000258929
6624,0.999396,0.000258603
6627,0.999396,0.000258278
6630,0.999397,0.000257953
6633,0.999397,0.000257629
6636,0.999398,0.000257306
6639,0.999398,0.000256983
6642,0.999399,0.00025666
6645,0.999399,0.000256338
6648,0.9994,0.000256017
6651,0.9994,0.000255696
6654,0.999401,0.000255375
6657,0.999401,0.000255056
6660,0.999402,0.000254736
6663,0.999402,0.000254417
6666,0.999402,0.000254099
6669,0.999403,0.000253781
6672,0.999403,0.000253464
6675,0.999404,0.000253148
6678,0.999404,0.000252831
6681,0.999405,0.000252516
6684,0.999405,0.000252201
6687,0.999406,0.000251886
6690,0.999406,0.000251572
6693,0.999407,0.000251259
6696,0.999407,0.000250946
6699,0.999408,0.000250633
6702,0.999408,0.000250321
6705,0.999409,0.00025001
6708,0.999409,0.000249699
6711,0.99941,0.000249388
6714,0.99941,0.000249078
6717,0.999411,0.000248769
6720,0.999411,0.00024846
6723,0.999412,0.000248151
6726,0.999412,0.000247843
6729,0.999413,0.000247536
6732,0.999413,0.000247229
6735,0.999413,0.000246923
6738,0.999414,0.000246617
6741,0.999414,0.000246312
6744,0.999415,0.000246007
6747,0.999415,0.000245702
6750,0.999416,0.000245398
6753,0.999416,0.000245095
6756,0.999417,0.000244792
6759,0.999417,0.00024449
6762,0.999418,0.000244188
6765,0.999418,0.000243886
6768,0.999419,0.000243585
6771,0.999419,0.000243285
6774,0.99942,0.000242985
6777,0.99942,0.000242686
6780,0.999421,0.000242387
6783,0.999421,0.000242088
6786,0.999421,0.00024179
6789,0.999422,0.000241493
6792,0.999422,0.000241196
6795,0.999423,0.000240899
6798,0.999423,0.000240603
6801,0.999424,0.000240308
6804,0.999424,0.000240012
6807,0.999425,0.000239718
6810,0.999425,0.000239424
6813,0.999426,0.00023913
6816,0.999426,0.000238837
6819,0.999426,0.000238544
6822,0.999427,0.000238252
6825,0.999427,0.00023796
6828,0.999428,0.000237669
6831,0.999428,0.000237378
6834,0.999429,0.000237088
6837,0.999429,0.000236798
6840,0.99943,0.000236509
6843,0.99943,0.00023622
6846,0.999431,0.000235931
6849,0.999431,0.000235643
6852,0.999431,0.000235356
6855,0.999432,0.000235069
6858,0.999432,0.000234782
6861,0.999433,0.000234496
6864,0.999433,0.00023421
6867,0.999434,0.000233925
6870,0.999434,0.00023364
6873,0.999435,0.000233356
6876,0.999435,0.000233072
6879,0.999435,0.000232789
6882,0.999436,0.000232506
6885,0.999436,0.000232223
6888,0.999437,0.000231941
6891,0.999437,0.00023166
6894,0.999438,0.000231379
6897,0.999438,0.000231098
6900,0.999439,0.000230818
6903,0.999439,0.000230538
6906,0.999439,0.000230259
6909,0.99944,0.00022998
6912,0.99944,0.000229701
6915,0.999441,0.000229423
6918,0.999441,0.000229146
6921,0.999442,0.000228869
6924,0.999442,0.000228592
6927,0.999443,0.000228316
6930,0.999443,0.00022804
6933,0.999443,0.000227765
6936,0.999444,0.00022749
6939,0.999444,0.000227216
6942,0.999445,0.000226942
6945,0.999445,0.000226668
6948,0.999446,0.000226395
6951,0.999446,0.000226122
6954,0.999446,0.00022585
6957,0.999447,0.000225578
6960,0.999447,0.000225307
6963,0.999448,0.000225036
6966,0.999448,0.000224765
6969,0.999449,0.000224495
6972,0.999449,0.000224226
6975,0.999449,0.000223956
6978,0.99945,0.000223688
6981,0.99945,0.000223419
6984,0.999451,0.000223151
6987,0.999451,0.000222884
6990,0.999452,0.000222617
6993,0.999452,0.00022235
6996,0.999452,0.000222084
6999,0.999453,0.000221818
7002,0.999453,0.000221553
7005,0.999454,0.000221288
7008,0.999454,0.000221023
7011,0.999455,0.000220759
7014,0.999455,0.000220495
7017,0.999455,0.000220232
7020,0.999456,0.000219969
7023,0.999456,0.000219706
7026,0.999457,0.000219444
7029,0.999457,0.000219183
7032,0.999457,0.000218921
7035,0.999458,0.000218661
7038,0.999458,0.0002184
7041,0.999459,0.00021814
7044,0.999459,0.000217881
7047,0.99946,0.000217621
7050,0.99946,0.000217363
7053,0.99946,0.000217104
7056,0.999461,0.000216846
7059,0.999461,0.000216589
7062,0.999462,0.000216332
7065,0.999462,0.000216075
7068,0.999462,0.000215818
7071,0.999463,0.000215562
7074,0.999463,0.000215307
7077,0.999464,0.000215052
7080,0.999464,0.000214797
7083,0.999465,0.000214543
7086,0.999465,0.000214289
7089,0.999465,0.000214035
7092,0.999466,0.000213782
7095,0.999466,0.000213529
7098,0.999467,0.000213277
7101,0.999467,0.000213025
7104,0.999467,0.000212773
7107,0.999468,0.000212522
7110,0.999468,0.000212271
7113,0.999469,0.000212021
7116,0.999469,0.000211771
7119,0.999469,0.000211521
7122,0.99947,0.000211272
7125,0.99947,0.000211023
7128,0.999471,0.000210775
7131,0.999471,0.000210527
7134,0.999471,0.000210279
7137,0.999472,0.000210032
7140,0.999472,0.000209785
7143,0.999473,0.000209538
7146,0.999473,0.000209292
7149,0.999473,0.000209046
7152,0.999474,0.000208801
7155,0.999474,0.000208556
7158,0.999475,0.000208311
7161,0.999475,0.000208067
7164,0.999475,0.000207823
7167,0.999476,0.00020758
7170,0.999476,0.000207337
7173,0.999477,0.000207094
7176,0.999477,0.000206852
7179,0.999477,0.00020661
7182,0.999478,0.000206368
7185,0.999478,0.000206127
7188,0.999479,0.000205886
7191,0.999479,0.000205646
7194,0.999479,0.000205405
7197,0.99948,0.000205166
7200,0.99948,0.000204926
7203,0.999481,0.000204687
7206,0.999481,0.000204449
7209,0.999481,0.00020421
7212,0.999482,0.000203973
7215,0.999482,0.000203735
7218,0.999483,0.000203498
7221,0.999483,0.000203261
7224,0.999483,0.000203025
7227,0.999484,0.000202789
7230,0.999484,0.000202553
7233,0.999484,0.000202317
7236,0.999485,0.000202082
7239,0.999485,0.000201848
7242,0.999486,0.000201614
7245,0.999486,0.00020138
7248,0.999486,0.000201146
7251,0.999487,0.000200913
7254,0.999487,0.00020068
7257,0.999488,0.000200448
7260,0.999488,0.000200216
7263,0.999488,0.000199984
7266,0.999489,0.000199752
7269,0.999489,0.000199521
7272,0.999489,0.000199291
7275,0.99949,0.00019906
7278,0.99949,0.00019883
7281,0.999491,0.000198601
7284,0.999491,0.000198371
7287,0.999491,0.000198142
7290,0.999492,0.000197914
7293,0.999492,0.000197686
7296,0.999492,0.000197458
7299,0.999493,0.00019723
7302,0.999493,0.000197003
7305,0.999494,0.000196776
7308,0.999494,0.00019655
7311,0.999494,0.000196323
7314,0.999495,0.000196098
7317,0.999495,0.000195872
7320,0.999495,0.000195647
7323,0.999496,0.000195422
7326,0.999496,0.000195198
7329,0.999497,0.000194974
7332,0.999497,0.00019475
7335,0.999497,0.000194526
7338,0.999498,0.000194303
7341,0.999498,0.000194081
7344,0.999498,0.000193858
7347,0.999499,0.000193636
7350,0.999499,0.000193414
7353,0.9995,0.000193193
7356,0.9995,0.000192972
7359,0.9995,0.000192751
7362,0.999501,0.000192531
7365,0.999501,0.000192311
7368,0.999501,0.000192091
7371,0.999502,0.000191871
7374,0.999502,0.000191652
7377,0.999502,0.000191434
7380,0.999503,0.000191215
7383,0.999503,0.000190997
7386,0.999504,0.000190779
7389,0.999504,0.000190562
7392,0.999504,0.000190345
7395,0.999505,0.000190128
7398,0.999505,0.000189912
7401,0.999505,0.000189695
7404,0.999506,0.00018948
7407,0.999506,0.000189264
7410,0.999506,0.000189049
7413,0.999507,0.000188834
7416,0.999507,0.00018862
7419,0.999508,0.000188406
7422,0.999508,0.000188192
7425,0.999508,0.000187978
7428,0.999509,0.000187765
7431,0.999509,0.000187552
7434,0.999509,0.000187339
7437,0.99951,0.000187127
7440,0.99951,0.000186915
7443,0.99951,0.000186704
7446,0.999511,0.000186492
7449,0.999511,0.000186281
7452,0.999512,0.000186071
7455,0.999512,0.00018586
7458,0.999512,0.00018565
7461,0.999513,0.00018544
7464,0.999513,0.000185231
7467,0.999513,0.000185022
7470,0.999514,0.000184813
7473,0.999514,0.000184605
7476,0.999514,0.000184396
7479,0.999515,0.000184189
7482,0.999515,0.000183981
7485,0.999515,0.000183774
7488,0.999516,0.000183567
7491,0.999516,0.00018336
7494,0.999516,0.000183154
7497,0.999517,0.000182948
7500,0.999517,0.000182742
7503,0.999517,0.000182537
7506,0.999518,0.000182332
7509,0.999518,0.000182127
7512,0.999519,0.000181922
7515,0.999519,0.000181718
7518,0.999519,0.000181514
7521,0.99952,0.000181311
7524,0.99952,0.000181107
7527,0.99952,0.000180904
7530,0.999521,0.000180702
7533,0.999521,0.000180499
7536,0.999521,0.000180297
7539,0.999522,0.000180096
7542,0.999522,0.000179894
7545,0.999522,0.000179693
7548,0.999523,0.000179492
7551,0.999523,0.000179291
7554,0.999523,0.000179091
7557,0.999524,0.000178891
7560,0.999524,0.000178691
7563,0.999524,0.000178492
7566,0.999525,0.000178293
7569,0.999525,0.000178094
7572,0.999525,0.000177895
7575,0.999526,0.000177697
7578,0.999526,0.000177499
7581,0.999526,0.000177302
7584,0.999527,0.000177104
7587,0.999527,0.000176907
7590,0.999527,0.00017671
7593,0.999528,0.000176514
7596,0.999528,0.000176318
7599,0.999528,0.000176122
7602,0.999529,0.000175926
7605,0.999529,0.000175731
7608,0.999529,0.000175536
7611,0.99953,0.000175341
7614,0.99953,0.000175147
7617,0.99953,0.000174952
7620,0.999531,0.000174758
7623,0.999531,0.000174565
7626,0.999531,0.000174371
7629,0.999532,0.000174178
7632,0.999532,0.000173986
7635,0.999532,0.000173793
7638,0.999533,0.000173601
7641,0.999533,0.000173409
7644,0.999533,0.000173217
7647,0.999534,0.000173026
7650,0.999534,0.000172835
7653,0.999534,0.000172644
7656,0.999535,0.000172453
7659,0.999535,0.000172263
7662,0.999535,0.000172073
7665,0.999536,0.000171883
7668,0.999536,0.000171694
7671,0.999536,0.000171505
7674,0.999537,0.000171316
7677,0.999537,0.000171127
7680,0.999537,0.000170939
7683,0.999538,0.000170751
7686,0.999538,0.000170563
7689,0.999538,0.000170376
7692,0.999539,0.000170188
7695,0.999539,0.000170001
7698,0.999539,0.000169815
7701,0.99954,0.000169628
7704,0.99954,0.000169442
7707,0.99954,0.000169256
7710,0.999541,0.000169071
7713,0.999541,0.000168885
7716,0.999541,0.0001687
7719,0.999542,0.000168515
7722,0.999542,0.000168331
7725,0.999542,0.000168146
7728,0.999543,0.000167962
7731,0.999543,0.000167779
7734,0.999543,0.000167595
7737,0.999544,0.000167412
7740,0.999544,0.000167229
7743,0.999544,0.000167046
7746,0.999545,0.000166864
7749,0.999545,0.000166682
7752,0.999545,0.0001665
7755,0.999545,0.000166318
7758,0.999546,0.000166137
7761,0.999546,0.000165956
7764,0.999546,0.000165775
7767,0.999547,0.000165594
7770,0.999547,0.000165414
7773,0.999547,0.000165234
7776,0.999548,0.000165054
7779,0.999548,0.000164874
7782,0.999548,0.000164695
7785,0.999549,0.000164516
7788,0.999549,0.000164337
7791,0.999549,0.000164159
7794,0.99955,0.000163981
7797,0.99955,0.000163803
7800,0.99955,0.000163625
7803,0.999551,0.000163447
7806,0.999551,0.00016327
7809,0.999551,0.000163093
7812,0.999551,0.000162916
7815,0.999552,0.00016274
7818,0.999552,0.000162563
7821,0.999552,0.000162388
7824,0.999553,0.000162212
7827,0.999553,0.000162036
7830,0.999553,0.000161861
7833,0.999554,0.000161686
7836,0.999554,0.000161511
7839,0.999554,0.000161337
7842,0.999555,0.000161163
7845,0.999555,0.000160989
7848,0.999555,0.000160815
7851,0.999555,0.000160641
7854,0.999556,0.000160468
7857,0.999556,0.000160295
7860,0.999556,0.000160122
7863,0.999557,0.00015995
7866,0.999557,0.000159778
7869,0.999557,0.000159606
7872,0.999558,0.000159434
7875,0.999558,0.000159262
7878,0.999558,0.000159091
7881,0.999559,0.00015892
7884,0.999559,0.000158749
7887,0.999559,0.000158578
7890,0.999559,0.000158408
7893,0.99956,0.000158238
7896,0.99956,0.000158068
7899,0.99956,0.000157899
7902,0.999561,0.000157729
7905,0.999561,0.00015756
7908,0.999561,0.000157391
7911,0.999562,0.000157223
7914,0.999562,0.000157054
7917,0.999562,0.000156886
7920,0.999562,0.000156718
7923,0.999563,0.00015655
7926,0.999563,0.000156383
7929,0.999563,0.000156216
7932,0.999564,0.000156049
7935,0.999564,0.000155882
7938,0.999564,0.000155716
7941,0.999565,0.000155549
7944,0.999565,0.000155383
7947,0.999565,0.000155217
7950,0.999565,0.000155052
7953,0.999566,0.000154887
7956,0.999566,0.000154721
7959,0.999566,0.000154557
7962,0.999567,0.000154392
7965,0.999567,0.000154228
7968,0.999567,0.000154063
7971,0.999567,0.000153899
7974,0.999568,0.000153736
7977,0.999568,0.000153572
7980,0.999568,0.000153409
7983,0.999569,0.000153246
7986,0.999569,0.000153083
7989,0.999569,0.00015292
7992,0.99957,0.000152758
7995,0.99957,0.000152596
7998,0.99957,0.000152434
8001,0.99957,0.000152272
8004,0.999571,0.000152111
8007,0.999571,0.00015195
8010,0.999571,0.000151789
8013,0.999572,0.000151628
8016,0.999572,0.000151468
8019,0.999572,0.000151307
8022,0.999572,0.000151147
8025,0.999573,0.000150987
8028,0.999573,0.000150828
8031,0.999573,0.000150668
8034,0.999574,0.000150509
8037,0.999574,0.00015035
8040,0.999574,0.000150191
8043,0.999574,0.000150033
8046,0.999575,0.000149874
8049,0.999575,0.000149716
8052,0.999575,0.000149558
8055,0.999576,0.000149401
8058,0.999576,0.000149243
8061,0.999576,0.000149086
8064,0.999576,0.000148929
8067,0.999577,0.000148772
8070,0.999577,0.000148616
8073,0.999577,0.000148459
8076,0.999578,0.000148303
8079,0.999578,0.000148147
8082,0.999578,0.000147992
8085,0.999578,0.000147836
8088,0.999579,0.000147681
8091,0.999579,0.000147526
8094,0.999579,0.000147371
8097,0.99958,0.000147216
8100,0.99958,0.000147062
8103,0.99958,0.000146908
8106,0.99958,0.000146754
8109,0.999581,0.0001466
8112,0.999581,0.000146446
8115,0.999581,0.000146293
8118,0.999582,0.00014614
8121,0.999582,0.000145987
8124,0.999582,0.000145834
8127,0.999582,0.000145682
8130,0.999583,0.00014553
8133,0.999583,0.000145378
8136,0.999583,0.000145226
8139,0.999583,0.000145074
8142,0.999584,0.000144923
8145,0.999584,0.000144771
8148,0.999584,0.00014462
8151,0.999585,0.000144469
8154,0.999585,0.000144319
8157,0.999585,0.000144168
8160,0.999585,0.000144018
8163,0.999586,0.000143868
8166,0.999586,0.000143718
8169,0.999586,0.000143569
8172,0.999587,0.000143419
8175,0.999587,0.00014327
8178,0.999587,0.000143121
8181,0.999587,0.000142972
8184,0.999588,0.000142824
8187,0.999588,0.000142676
8190,0.999588,0.000142527
8193,0.999588,0.000142379
8196,0.999589,0.000142232
8199,0.999589,0.000142084
8202,0.999589,0.000141937
8205,0.99959,0.00014179
8208,0.99959,0.000141643
8211,0.99959,0.000141496
8214,0.99959,0.000141349
8217,0.999591,0.000141203
8220,0.999591,0.000141057
8223,0.999591,0.000140911
8226,0.999591,0.000140765
8229,0.999592,0.00014062
8232,0.999592,0.000140474
8235,0.999592,0.000140329
8238,0.999592,0.000140184
8241,0.999593,0.000140039
8244,0.999593,0.000139895
8247,0.999593,0.000139751
8250,0.999594,0.000139606
8253,0.999594,0.000139462
8256,0.999594,0.000139319
8259,0.999594,0.000139175
8262,0.999595,0.000139032
8265,0.999595,0.000138888
8268,0.999595,0.000138745
8271,0.999595,0.000138603
8274,0.999596,0.00013846
8277,0.999596,0.000138318
8280,0.999596,0.000138175
8283,0.999596,0.000138033
8286,0.999597,0.000137892
8289,0.999597,0.00013775
8292,0.999597,0.000137608
8295,0.999598,0.000137467
8298,0.999598,0.000137326
8301,0.999598,0.000137185
8304,0.999598,0.000137044
8307,0.999599,0.000136904
8310,0.999599,0.000136764
8313,0.999599,0.000136624
8316,0.999599,0.000136484
8319,0.9996,0.000136344
8322,0.9996,0.000136204
8325,0.9996,0.000136065
8328,0.9996,0.000135926
8331,0.999601,0.000135787
8334,0.999601,0.000135648
8337,0.999601,0.000135509
8340,0.999601,0.000135371
8343,0.999602,0.000135233
8346,0.999602,0.000135095
8349,0.999602,0.000134957
8352,0.999602,0.000134819
8355,0.999603,0.000134682
8358,0.999603,0.000134544
8361,0.999603,0.000134407
8364,0.999603,0.00013427
8367,0.999604,0.000134133
8370,0.999604,0.000133997
8373,0.999604,0.00013386
8376,0.999605,0.000133724
8379,0.999605,0.000133588
8382,0.999605,0.000133452
8385,0.999605,0.000133317
8388,0.999606,0.000133181
8391,0.999606,0.000133046
8394,0.999606,0.000132911
8397,0.999606,0.000132776
8400,0.999607,0.000132641
8403,0.999607,0.000132506
8406,0.999607,0.000132372
8409,0.999607,0.000132238
8412,0.999608,0.000132104
8415,0.999608,0.00013197
8418,0.999608,0.000131836
8421,0.999608,0.000131703
8424,0.999609,0.000131569
8427,0.999609,0.000131436
8430,0.999609,0.000131303
8433,0.999609,0.00013117
8436,0.99961,0.000131038
8439,0.99961,0.000130905
8442,0.99961,0.000130773
8445,0.99961,0.000130641
8448,0.999611,0.000130509
8451,0.999611,0.000130377
8454,0.999611,0.000130246
8457,0.999611,0.000130114
8460,0.999612,0.000129983
8463,0.999612,0.000129852
8466,0.999612,0.000129721
8469,0.999612,0.000129591
8472,0.999613,0.00012946
8475,0.999613,0.00012933
8478,0.999613,0.0001292
8481,0.999613,0.00012907
8484,0.999614,0.00012894
8487,0.999614,0.00012881
8490,0.999614,0.000128681
8493,0.999614,0.000128551
8496,0.999615,0.000128422
8499,0.999615,0.000128293
8502,0.999615,0.000128164
8505,0.999615,0.000128036
8508,0.999616,0.000127907
8511,0.999616,0.000127779
8514,0.999616,0.000127651
8517,0.999616,0.000127523
8520,0.999616,0.000127395
8523,0.999617,0.000127267
8526,0.999617,0.00012714
8529,0.999617,0.000127013
8532,0.999617,0.000126886
8535,0.999618,0.000126759
8538,0.999618,0.000126632
8541,0.999618,0.000126505
8544,0.999618,0.000126379
8547,0.999619,0.000126253
8550,0.999619,0.000126126
8553,0.999619,0.000126
8556,0.999619,0.000125875
8559,0.99962,0.000125749
8562,0.99962,0.000125624
8565,0.99962,0.000125498
8568,0.99962,0.000125373
8571,0.999621,0.000125248
8574,0.999621,0.000125123
8577,0.999621,0.000124999
8580,0.999621,0.000124874
8583,0.999622,0.00012475
8586,0.999622,0.000124626
8589,0.999622,0.000124502
8592,0.999622,0.000124378
8595,0.999622,0.000124254
8598,0.999623,0.000124131
8601,0.999623,0.000124008
8604,0.999623,0.000123884
8607,0.999623,0.000123761
8610,0.999624,0.000123639
8613,0.999624,0.000123516
8616,0.999624,0.000123393
8619,0.999624,0.000123271
8622,0.999625,0.000123149
8625,0.999625,0.000123027
8628,0.999625,0.000122905
8631,0.999625,0.000122783
8634,0.999626,0.000122662
8637,0.999626,0.00012254
8640,0.999626,0.000122419
8643,0.999626,0.000122298
8646,0.999626,0.000122177
8649,0.999627,0.000122056
8652,0.999627,0.000121935
8655,0.999627,0.000121815
8658,0.999627,0.000121695
8661,0.999628,0.000121574
8664,0.999628,0.000121454
8667,0.999628,0.000121335
8670,0.999628,0.000121215
8673,0.999629,0.000121095
8676,0.999629,0.000120976
8679,0.999629,0.000120857
8682,0.999629,0.000120738
8685,0.99963,0.000120619
8688,0.99963,0.0001205
8691,0.99963,0.000120381
8694,0.99963,0.000120263
8697,0.99963,0.000120145
8700,0.999631,0.000120027
8703,0.999631,0.000119909
8706,0.999631,0.000119791
8709,0.999631,0.000119673
8712,0.999632,0.000119556
8715,0.999632,0.000119438
8718,0.999632,0.000119321
8721,0.999632,0.000119204
8724,0.999632,0.000119087
8727,0.999633,0.00011897
8730,0.999633,0.000118853
8733,0.999633,0.000118737
8736,0.999633,0.000118621
8739,0.999634,0.000118505
8742,0.999634,0.000118388
8745,0.999634,0.000118273
8748,0.999634,0.000118157
8751,0.999635,0.000118041
8754,0.999635,0.000117926
8757,0.999635,0.000117811
8760,0.999635,0.000117695
8763,0.999635,0.00011758
8766,0.999636,0.000117466
8769,0.999636,0.000117351
8772,0.999636,0.000117236
8775,0.999636,0.000117122
8778,0.999637,0.000117008
8781,0.999637,0.000116894
8784,0.999637,0.00011678
8787,0.999637,0.000116666
8790,0.999637,0.000116552
8793,0.999638,0.000116439
8796,0.999638,0.000116325
8799,0.999638,0.000116212
8802,0.999638,0.000116099
8805,0.999639,0.000115986
8808,0.999639,0.000115873
8811,0.999639,0.000115761
8814,0.999639,0.000115648
8817,0.999639,0.000115536
8820,0.99964,0.000115423
8823,0.99964,0.000115311
8826,0.99964,0.000115199
8829,0.99964,0.000115088
8832,0.999641,0.000114976
8835,0.999641,0.000114865
8838,0.999641,0.000114753
8841,0.999641,0.000114642
8844,0.999641,0.000114531
8847,0.999642,0.00011442
8850,0.999642,0.000114309
8853,0.999642,0.000114198
8856,0.999642,0.000114088
8859,0.999643,0.000113978
8862,0.999643,0.000113867
8865,0.999643,0.000113757
8868,0.999643,0.000113647
8871,0.999643,0.000113537
8874,0.999644,0.000113428
8877,0.999644,0.000113318
8880,0.999644,0.000113209
8883,0.999644,0.0001131
8886,0.999644,0.00011299
8889,0.999645,0.000112881
8892,0.999645,0.000112773
8895,0.999645,0.000112664
8898,0.999645,0.000112555
8901,0.999646,0.000112447
8904,0.999646,0.000112339
8907,0.999646,0.00011223
8910,0.999646,0.000112122
8913,0.999646,0.000112015
8916,0.999647,0.000111907
8919,0.999647,0.000111799
8922,0.999647,0.000111692
8925,0.999647,0.000111584
8928,0.999647,0.000111477
8931,0.999648,0.00011137
8934,0.999648,0.000111263
8937,0.999648,0.000111156
8940,0.999648,0.00011105
8943,0.999649,0.000110943
8946,0.999649,0.000110837
8949,0.999649,0.000110731
8952,0.999649,0.000110624
8955,0.999649,0.000110518
8958,0.99965,0.000110413
8961,0.99965,0.000110307
8964,0.99965,0.000110201
8967,0.99965,0.000110096
8970,0.99965,0.00010999
8973,0.999651,0.000109885
8976,0.999651,0.00010978
8979,0.999651,0.000109675
8982,0.999651,0.00010957
8985,0.999651,0.000109466
8988,0.999652,0.000109361
8991,0.999652,0.000109257
8994,0.999652,0.000109153
8997,0.999652,0.000109048
9000,0.999653,0.000108944
9003,0.999653,0.000108841
9006,0.999653,0.000108737
9009,0.999653,0.000108633
9012,0.999653,0.00010853
9015,0.999654,0.000108426
9018,0.999654,0.000108323
9021,0.999654,0.00010822
9024,0.999654,0.000108117
9027,0.999654,0.000108014
9030,0.999655,0.000107911
9033,0.999655,0.000107809
9036,0.999655,0.000107706
9039,0.999655,0.000107604
9042,0.999655,0.000107502
9045,0.999656,0.0001074
9048,0.999656,0.000107298
9051,0.999656,0.000107196
9054,0.999656,0.000107094
9057,0.999656,0.000106993
9060,0.999657,0.000106891
9063,0.999657,0.00010679
9066,0.999657,0.000106689
9069,0.999657,0.000106588
9072,0.999657,0.000106487
9075,0.999658,0.000106386
9078,0.999658,0.000106285
9081,0.999658,0.000106185
9084,0.999658,0.000106084
9087,0.999658,0.000105984
9090,0.999659,0.000105884
9093,0.999659,0.000105784
9096,0.999659,0.000105684
9099,0.999659,0.000105584
9102,0.999659,0.000105484
9105,0.99966,0.000105385
9108,0.99966,0.000105285
9111,0.99966,0.000105186
9114,0.99966,0.000105087
9117,0.99966,0.000104988
9120,0.999661,0.000104889
9123,0.999661,0.00010479
9126,0.999661,0.000104691
9129,0.999661,0.000104593
9132,0.999661,0.000104494
9135,0.999662,0.000104396
9138,0.999662,0.000104298
9141,0.999662,0.000104199
9144,0.999662,0.000104101
9147,0.999662,0.000104004
9150,0.999663,0.000103906
9153,0.999663,0.000103808
9156,0.999663,0.000103711
9159,0.999663,0.000103613
9162,0.999663,0.000103516
9165,0.999664,0.000103419
9168,0.999664,0.000103322
9171,0.999664,0.000103225
9174,0.999664,0.000103128
9177,0.999664,0.000103032
9180,0.999665,0.000102935
9183,0.999665,0.000102839
9186,0.999665,0.000102742
9189,0.999665,0.000102646
9192,0.999665,0.00010255
9195,0.999666,0.000102454
9198,0.999666,0.000102358
9201,0.999666,0.000102263
9204,0.999666,0.000102167
9207,0.999666,0.000102072
9210,0.999667,0.000101976
9213,0.999667,0.000101881
9216,0.999667,0.000101786
9219,0.999667,0.000101691
9222,0.999667,0.000101596
9225,0.999668,0.000101501
9228,0.999668,0.000101406
9231,0.999668,0.000101312
9234,0.999668,0.000101217
9237,0.999668,0.000101123
9240,0.999669,0.000101029
9243,0.999669,0.000100935
9246,0.999669,0.000100841
9249,0.999669,0.000100747
9252,0.999669,0.000100653
9255,0.99967,0.00010056
9258,0.99967,0.000100466
9261,0.99967,0.000100373
9264,0.99967,0.000100279
9267,0.99967,0.000100186
9270,0.99967,0.000100093
9273,0.999671,0.0001
9276,0.999671,9.99075e-05
9279,0.999671,9.98148e-05
9282,0.999671,9.97222e-05
9285,0.999671,9.96297e-05
9288,0.999672,9.95373e-05
9291,0.999672,9.9445e-05
9294,0.999672,9.93529e-05
9297,0.999672,9.92608e-05
9300,0.999672,9.91689e-05
9303,0.999673,9.90771e-05
9306,0.999673,9.89854e-05
9309,0.999673,9.88938e-05
9312,0.999673,9.88023e-05
9315,0.999673,9.87109e-05
9318,0.999674,9.86197e-05
9321,0.999674,9.85285e-05
9324,0.999674,9.84375e-05
9327,0.999674,9.83465e-05
9330,0.999674,9.82557e-05
9333,0.999674,9.8165e-05
9336,0.999675,9.80744e-05
9339,0.999675,9.79839e-05
9342,0.999675,9.78935e-05
9345,0.999675,9.78033e-05
9348,0.999675,9.77131e-05
9351,0.999676,9.7623e-05
9354,0.999676,9.75331e-05
9357,0.999676,9.74433e-05
9360,0.999676,9.73535e-05
9363,0.999676,9.72639e-05
9366,0.999677,9.71744e-05
9369,0.999677,9.7085e-05
9372,0.999677,9.69957e-05
9375,0.999677,9.69065e-05
9378,0.999677,9.68174e-05
9381,0.999677,9.67285e-05
9384,0.999678,9.66396e-05
9387,0.999678,9.65508e-05
9390,0.999678,9.64622e-05
9393,0.999678,9.63736e-05
9396,0.999678,9.62852e-05
9399,0.999679,9.61969e-05
9402,0.999679,9.61086e-05
9405,0.999679,9.60205e-05
9408,0.999679,9.59325e-05
9411,0.999679,9.58446e-05
9414,0.999679,9.57568e-05
9417,0.99968,9.56691e-05
9420,0.99968,9.55815e-05
9423,0.99968,9.5494e-05
9426,0.99968,9.54066e-05
9429,0.99968,9.53194e-05
9432,0.999681,9.52322e-05
9435,0.999681,9.51451e-05
9438,0.999681,9.50582e-05
9441,0.999681,9.49713e-05
9444,0.999681,9.48846e-05
9447,0.999681,9.47979e-05
9450,0.999682,9.47114e-05
9453,0.999682,9.46249e-05
9456,0.999682,9.45386e-05
9459,0.999682,9.44523e-05
9462,0.999682,9.43662e-05
9465,0.999683,9.42802e-05
9468,0.999683,9.41942e-05
9471,0.999683,9.41084e-05
9474,0.999683,9.40227e-05
9477,0.999683,9.39371e-05
9480,0.999683,9.38516e-05
9483,0.999684,9.37661e-05
9486,0.999684,9.36808e-05
9489,0.999684,9.35956e-05
9492,0.999684,9.35105e-05
9495,0.999684,9.34255e-05
9498,0.999685,9.33406e-05
9501,0.999685,9.32558e-05
9504,0.999685,9.31711e-05
9507,0.999685,9.30865e-05
9510,0.999685,9.3002e-05
9513,0.999685,9.29176e-05
9516,0.999686,9.28333e-05
9519,0.999686,9.27491e-05
9522,0.999686,9.2665e-05
9525,0.999686,9.2581e-05
9528,0.999686,9.24971e-05
9531,0.999686,9.24133e-05
9534,0.999687,9.23295e-05
9537,0.999687,9.22459e-05
9540,0.999687,9.21624e-05
9543,0.999687,9.2079e-05
9546,0.999687,9.19957e-05
9549,0.999688,9.19125e-05
9552,0.999688,9.18294e-05
9555,0.999688,9.17464e-05
9558,0.999688,9.16635e-05
9561,0.999688,9.15807e-05
9564,0.999688,9.1498e-05
9567,0.999689,9.14153e-05
9570,0.999689,9.13328e-05
9573,0.999689,9.12504e-05
9576,0.999689,9.11681e-05
9579,0.999689,9.10858e-05
9582,0.999689,9.10037e-05
9585,0.99969,9.09217e-05
9588,0.99969,9.08397e-05
9591,0.99969,9.07579e-05
9594,0.99969,9.06761e-05
9597,0.99969,9.05945e-05
9600,0.99969,9.05129e-05
9603,0.999691,9.04315e-05
9606,0.999691,9.03501e-05
9609,0.999691,9.02689e-05
9612,0.999691,9.01877e-05
9615,0.999691,9.01066e-05
9618,0.999692,9.00256e-05
9621,0.999692,8.99448e-05
9624,0.999692,8.9864e-05
9627,0.999692,8.97833e-05
9630,0.999692,8.97027e-05
9633,0.999692,8.96222e-05
9636,0.999693,8.95418e-05
9639,0.999693,8.94615e-05
9642,0.999693,8.93813e-05
9645,0.999693,8.93011e-05
9648,0.999693,8.92211e-05
9651,0.999693,8.91412e-05
9654,0.999694,8.90613e-05
9657,0.999694,8.89816e-05
9660,0.999694,8.89019e-05
9663,0.999694,8.88224e-05
9666,0.999694,8.87429e-05
9669,0.999694,8.86635e-05
9672,0.999695,8.85842e-05
9675,0.999695,8.8505e-05
9678,0.999695,8.8426e-05
9681,0.999695,8.83469e-05
9684,0.999695,8.8268e-05
9687,0.999695,8.81892e-05
9690,0.999696,8.81105e-05
9693,0.999696,8.80319e-05
9696,0.999696,8.79533e-05
9699,0.999696,8.78749e-05
9702,0.999696,8.77965e-05
9705,0.999696,8.77182e-05
9708,0.999697,8.76401e-05
9711,0.999697,8.7562e-05
9714,0.999697,8.7484e-05
9717,0.999697,8.74061e-05
9720,0.999697,8.73283e-05
9723,0.999697,8.72505e-05
9726,0.999698,8.71729e-05
9729,0.999698,8.70954e-05
9732,0.999698,8.70179e-05
9735,0.999698,8.69406e-05
9738,0.999698,8.68633e-05
9741,0.999698,8.67861e-05
9744,0.999699,8.6709e-05
9747,0.999699,8.6632e-05
9750,0.999699,8.65551e-05
9753,0.999699,8.64783e-05
9756,0.999699,8.64015e-05
9759,0.999699,8.63249e-05
9762,0.9997,8.62483e-05
9765,0.9997,8.61719e-05
9768,0.9997,8.60955e-05
9771,0.9997,8.60192e-05
9774,0.9997,8.5943e-05
9777,0.9997,8.58669e-05
9780,0.999701,8.57909e-05
9783,0.999701,8.57149e-05
9786,0.999701,8.56391e-05
9789,0.999701,8.55633e-05
9792,0.999701,8.54877e-05
9795,0.999701,8.54121e-05
9798,0.999702,8.53366e-05
9801,0.999702,8.52612e-05
9804,0.999702,8.51859e-05
9807,0.999702,8.51106e-05
9810,0.999702,8.50355e-05
9813,0.999702,8.49604e-05
9816,0.999703,8.48854e-05
9819,0.999703,8.48105e-05
9822,0.999703,8.47357e-05
9825,0.999703,8.4661e-05
9828,0.999703,8.45864e-05
9831,0.999703,8.45119e-05
9834,0.999704,8.44374e-05
9837,0.999704,8.4363e-05
9840,0.999704,8.42887e-05
9843,0.999704,8.42145e-05
9846,0.999704,8.41404e-05
9849,0.999704,8.40664e-05
9852,0.999704,8.39925e-05
9855,0.999705,8.39186e-05
9858,0.999705,8.38448e-05
9861,0.999705,8.37711e-05
9864,0.999705,8.36975e-05
9867,0.999705,8.3624e-05
9870,0.999705,8.35506e-05
9873,0.999706,8.34772e-05
9876,0.999706,8.3404e-05
9879,0.999706,8.33308e-05
9882,0.999706,8.32577e-05
9885,0.999706,8.31847e-05
9888,0.999706,8.31117e-05
9891,0.999707,8.30389e-05
9894,0.999707,8.29661e-05
9897,0.999707,8.28934e-05
9900,0.999707,8.28208e-05
9903,0.999707,8.27483e-05
9906,0.999707,8.26759e-05
9909,0.999708,8.26036e-05
9912,0.999708,8.25313e-05
9915,0.999708,8.24591e-05
9918,0.999708,8.2387e-05
9921,0.999708,8.2315e-05
9924,0.999708,8.22431e-05
9927,0.999708,8.21712e-05
9930,0.999709,8.20994e-05
9933,0.999709,8.20277e-05
9936,0.999709,8.19561e-05
9939,0.999709,8.18846e-05
9942,0.999709,8.18132e-05
9945,0.999709,8.17418e-05
9948,0.99971,8.16705e-05
9951,0.99971,8.15993e-05
9954,0.99971,8.15282e-05
9957,0.99971,8.14572e-05
9960,0.99971,8.13862e-05
9963,0.99971,8.13153e-05
9966,0.99971,8.12446e-05
9969,0.999711,8.11738e-05
9972,0.999711,8.11032e-05
9975,0.999711,8.10327e-05
9978,0.999711,8.09622e-05
9981,0.999711,8.08918e-05
9984,0.999711,8.08215e-05
9987,0.999712,8.07512e-05
9990,0.999712,8.06811e-05
9993,0.999712,8.0611e-05
9996,0.999712,8.0541e-05
9999,0.999712,8.04711e-05
10002,0.999712,8.04013e-05
10005,0.999712,8.03315e-05
10008,0.999713,8.02618e-05
10011,0.999713,8.01923e-05
10014,0.999713,8.01227e-05
10017,0.999713,8.00533e-05
10020,0.999713,7.99839e-05
10023,0.999713,7.99147e-05
10026,0.999714,7.98454e-05
10029,0.999714,7.97763e-05
10032,0.999714,7.97073e-05
10035,0.999714,7.96383e-05
10038,0.999714,7.95694e-05
10041,0.999714,7.95006e-05
10044,0.999714,7.94319e-05
10047,0.999715,7.93632e-05
10050,0.999715,7.92946e-05
10053,0.999715,7.92261e-05
10056,0.999715,7.91577e-05
10059,0.999715,7.90894e-05
10062,0.999715,7.90211e-05
10065,0.999716,7.89529e-05
10068,0.999716,7.88848e-05
10071,0.999716,7.88167e-05
10074,0.999716,7.87488e-05
10077,0.999716,7.86809e-05
10080,0.999716,7.86131e-05
10083,0.999716,7.85453e-05
10086,0.999717,7.84777e-05
10089,0.999717,7.84101e-05
10092,0.999717,7.83426e-05
10095,0.999717,7.82752e-05
10098,0.999717,7.82078e-05
10101,0.999717,7.81405e-05
10104,0.999717,7.80733e-05
10107,0.999718,7.80062e-05
10110,0.999718,7.79391e-05
10113,0.999718,7.78722e-05
10116,0.999718,7.78053e-05
10119,0.999718,7.77384e-05
10122,0.999718,7.76717e-05
10125,0.999719,7.7605e-05
10128,0.999719,7.75384e-05
10131,0.999719,7.74719e-05
10134,0.999719,7.74054e-05
10137,0.999719,7.73391e-05
10140,0.999719,7.72728e-05
10143,0.999719,7.72065e-05
10146,0.99972,7.71404e-05
10149,0.99972,7.70743e-05
10152,0.99972,7.70083e-05
10155,0.99972,7.69424e-05
10158,0.99972,7.68765e-05
10161,0.99972,7.68107e-05
10164,0.99972,7.6745e-05
10167,0.999721,7.66794e-05
10170,0.999721,7.66138e-05
10173,0.999721,7.65483e-05
10176,0.999721,7.64829e-05
10179,0.999721,7.64175e-05
10182,0.999721,7.63523e-05
10185,0.999721,7.62871e-05
10188,0.999722,7.62219e-05
10191,0.999722,7.61569e-05
10194,0.999722,7.60919e-05
10197,0.999722,7.6027e-05
10200,0.999722,7.59622e-05
10203,0.999722,7.58974e-05
10206,0.999722,7.58327e-05
10209,0.999723,7.57681e-05
10212,0.999723,7.57035e-05
10215,0.999723,7.5639e-05
10218,0.999723,7.55746e-05
10221,0.999723,7.55103e-05
10224,0.999723,7.5446e-05
10227,0.999723,7.53819e-05
10230,0.999724,7.53177e-05
10233,0.999724,7.52537e-05
10236,0.999724,7.51897e-05
10239,0.999724,7.51258e-05
10242,0.999724,7.5062e-05
10245,0.999724,7.49982e-05
10248,0.999724,7.49345e-05
10251,0.999725,7.48709e-05
10254,0.999725,7.48073e-05
10257,0.999725,7.47439e-05
10260,0.999725,7.46804e-05
10263,0.999725,7.46171e-05
10266,0.999725,7.45538e-05
10269,0.999725,7.44906e-05
10272,0.999726,7.44275e-05
10275,0.999726,7.43644e-05
10278,0.999726,7.43014e-05
10281,0.999726,7.42385e-05
10284,0.999726,7.41757e-05
10287,0.999726,7.41129e-05
10290,0.999726,7.40502e-05
10293,0.999727,7.39875e-05
10296,0.999727,7.3925e-05
10299,0.999727,7.38624e-05
10302,0.999727,7.38e-05
10305,0.999727,7.37376e-05
10308,0.999727,7.36753e-05
10311,0.999727,7.36131e-05
10314,0.999728,7.35509e-05
10317,0.999728,7.34889e-05
10320,0.999728,7.34268e-05
10323,0.999728,7.33649e-05
10326,0.999728,7.3303e-05
10329,0.999728,7.32412e-05
10332,0.999728,7.31794e-05
10335,0.999729,7.31177e-05
10338,0.999729,7.30561e-05
10341,0.999729,7.29946e-05
10344,0.999729,7.29331e-05
10347,0.999729,7.28717e-05
10350,0.999729,7.28103e-05
10353,0.999729,7.2749e-05
10356,0.99973,7.26878e-05
10359,0.99973,7.26267e-05
10362,0.99973,7.25656e-05
10365,0.99973,7.25046e-05
10368,0.99973,7.24436e-05
10371,0.99973,7.23828e-05
10374,0.99973,7.2322e-05
10377,0.999731,7.22612e-05
10380,0.999731,7.22005e-05
10383,0.999731,7.21399e-05
10386,0.999731,7.20794e-05
10389,0.999731,7.20189e-05
10392,0.999731,7.19585e-05
10395,0.999731,7.18982e-05
10398,0.999732,7.18379e-05
10401,0.999732,7.17777e-05
10404,0.999732,7.17175e-05
10407,0.999732,7.16574e-05
10410,0.999732,7.15974e-05
10413,0.999732,7.15375e-05
10416,0.999732,7.14776e-05
10419,0.999732,7.14178e-05
10422,0.999733,7.1358e-05
10425,0.999733,7.12983e-05
10428,0.999733,7.12387e-05
10431,0.999733,7.11791e-05
10434,0.999733,7.11196e-05
10437,0.999733,7.10602e-05
10440,0.999733,7.10009e-05
10443,0.999734,7.09416e-05
10446,0.999734,7.08823e-05
10449,0.999734,7.08231e-05
10452,0.999734,7.0764e-05
10455,0.999734,7.0705e-05
10458,0.999734,7.0646e-05
10461,0.999734,7.05871e-05
10464,0.999735,7.05283e-05
10467,0.999735,7.04695e-05
10470,0.999735,7.04108e-05
10473,0.999735,7.03521e-05
10476,0.999735,7.02935e-05
10479,0.999735,7.0235e-05
10482,0.999735,7.01765e-05
10485,0.999735,7.01181e-05
10488,0.999736,7.00598e-05
10491,0.999736,7.00015e-05
10494,0.999736,6.99433e-05
10497,0.999736,6.98851e-05
10500,0.999736,6.9827e-05
10503,0.999736,6.9769e-05
10506,0.999736,6.97111e-05
10509,0.999737,6.96532e-05
10512,0.999737,6.95953e-05
10515,0.999737,6.95375e-05
10518,0.999737,6.94798e-05
10521,0.999737,6.94222e-05
10524,0.999737,6.93646e-05
10527,0.999737,6.93071e-05
10530,0.999737,6.92496e-05
10533,0.999738,6.91922e-05
10536,0.999738,6.91349e-05
10539,0.999738,6.90776e-05
10542,0.999738,6.90204e-05
10545,0.999738,6.89632e-05
10548,0.999738,6.89062e-05
10551,0.999738,6.88491e-05
10554,0.999738,6.87922e-05
10557,0.999739,6.87353e-05
10560,0.999739,6.86784e-05
10563,0.999739,6.86216e-05
10566,0.999739,6.85649e-05
10569,0.999739,6.85082e-05
10572,0.999739,6.84516e-05
10575,0.999739,6.83951e-05
10578,0.99974,6.83386e-05
10581,0.99974,6.82822e-05
10584,0.99974,6.82259e-05
10587,0.99974,6.81696e-05
10590,0.99974,6.81133e-05
10593,0.99974,6.80572e-05
10596,0.99974,6.8001e-05
10599,0.99974,6.7945e-05
10602,0.999741,6.7889e-05
10605,0.999741,6.78331e-05
10608,0.999741,6.77772e-05
10611,0.999741,6.77214e-05
10614,0.999741,6.76656e-05
10617,0.999741,6.76099e-05
10620,0.999741,6.75543e-05
10623,0.999741,6.74987e-05
10626,0.999742,6.74432e-05
10629,0.999742,6.73877e-05
10632,0.999742,6.73323e-05
10635,0.999742,6.7277e-05
10638,0.999742,6.72217e-05
10641,0.999742,6.71665e-05
10644,0.999742,6.71114e-05
10647,0.999743,6.70563e-05
10650,0.999743,6.70012e-05
10653,0.999743,6.69462e-05
10656,0.999743,6.68913e-05
10659,0.999743,6.68364e-05
10662,0.999743,6.67816e-05
10665,0.999743,6.67269e-05
10668,0.999743,6.66722e-05
10671,0.999744,6.66176e-05
10674,0.999744,6.6563e-05
10677,0.999744,6.65085e-05
10680,0.999744,6.6454e-05
10683,0.999744,6.63996e-05
10686,0.999744,6.63453e-05
10689,0.999744,6.6291e-05
10692,0.999744,6.62368e-05
10695,0.999745,6.61826e-05
10698,0.999745,6.61285e-05
10701,0.999745,6.60745e-05
10704,0.999745,6.60205e-05
10707,0.999745,6.59665e-05
10710,0.999745,6.59127e-05
10713,0.999745,6.58588e-05
10716,0.999745,6.58051e-05
10719,0.999746,6.57514e-05
10722,0.999746,6.56977e-05
10725,0.999746,6.56441e-05
10728,0.999746,6.55906e-05
10731,0.999746,6.55371e-05
10734,0.999746,6.54837e-05
10737,0.999746,6.54303e-05
10740,0.999746,6.5377e-05
10743,0.999747,6.53238e-05
10746,0.999747,6.52706e-05
10749,0.999747,6.52174e-05
10752,0.999747,6.51643e-05
10755,0.999747,6.51113e-05
10758,0.999747,6.50583e-05
10761,0.999747,6.50054e-05
10764,0.999747,6.49526e-05
10767,0.999748,6.48998e-05
10770,0.999748,6.4847e-05
10773,0.999748,6.47943e-05
10776,0.999748,6.47417e-05
10779,0.999748,6.46891e-05
10782,0.999748,6.46366e-05
10785,0.999748,6.45841e-05
10788,0.999748,6.45317e-05
10791,0.999749,6.44793e-05
10794,0.999749,6.4427e-05
10797,0.999749,6.43748e-05
10800,0.999749,6.43226e-05
10803,0.999749,6.42705e-05
10806,0.999749,6.42184e-05
10809,0.999749,6.41664e-05
10812,0.999749,6.41144e-05
10815,0.99975,6.40625e-05
10818,0.99975,6.40106e-05
10821,0.99975,6.39588e-05
10824,0.99975,6.3907e-05
10827,0.99975,6.38553e-05
10830,0.99975,6.38037e-05
10833,0.99975,6.37521e-05
10836,0.99975,6.37006e-05
10839,0.999751,6.36491e-05
10842,0.999751,6.35977e-05
10845,0.999751,6.35463e-05
10848,0.999751,6.3495e-05
10851,0.999751,6.34437e-05
10854,0.999751,6.33925e-05
10857,0.999751,6.33413e-05
10860,0.999751,6.32902e-05
10863,0.999751,6.32392e-05
10866,0.999752,6.31882e-05
10869,0.999752,6.31372e-05
10872,0.999752,6.30864e-05
10875,0.999752,6.30355e-05
10878,0.999752,6.29847e-05
10881,0.999752,6.2934e-05
10884,0.999752,6.28833e-05
10887,0.999752,6.28327e-05
10890,0.999753,6.27821e-05
10893,0.999753,6.27316e-05
10896,0.999753,6.26812e-05
10899,0.999753,6.26307e-05
10902,0.999753,6.25804e-05
10905,0.999753,6.25301e-05
10908,0.999753,6.24798e-05
10911,0.999753,6.24296e-05
10914,0.999754,6.23795e-05
10917,0.999754,6.23294e-05
10920,0.999754,6.22793e-05
10923,0.999754,6.22293e-05
10926,0.999754,6.21794e-05
10929,0.999754,6.21295e-05
10932,0.999754,6.20797e-05
10935,0.999754,6.20299e-05
10938,0.999754,6.19802e-05
10941,0.999755,6.19305e-05
10944,0.999755,6.18808e-05
10947,0.999755,6.18313e-05
10950,0.999755,6.17817e-05
10953,0.999755,6.17323e-05
10956,0.999755,6.16829e-05
10959,0.999755,6.16335e-05
10962,0.999755,6.15842e-05
10965,0.999756,6.15349e-05
10968,0.999756,6.14857e-05
10971,0.999756,6.14365e-05
10974,0.999756,6.13874e-05
10977,0.999756,6.13383e-05
10980,0.999756,6.12893e-05
10983,0.999756,6.12404e-05
10986,0.999756,6.11915e-05
10989,0.999756,6.11426e-05
10992,0.999757,6.10938e-05
10995,0.999757,6.1045e-05
10998,0.999757,6.09963e-05
11001,0.999757,6.09477e-05
11004,0.999757,6.08991e-05
11007,0.999757,6.08505e-05
11010,0.999757,6.0802e-05
11013,0.999757,6.07535e-05
11016,0.999758,6.07051e-05
11019,0.999758,6.06568e-05
11022,0.999758,6.06085e-05
11025,0.999758,6.05602e-05
11028,0.999758,6.0512e-05
11031,0.999758,6.04639e-05
11034,0.999758,6.04158e-05
11037,0.999758,6.03677e-05
11040,0.999758,6.03197e-05
11043,0.999759,6.02717e-05
11046,0.999759,6.02238e-05
11049,0.999759,6.0176e-05
11052,0.999759,6.01282e-05
11055,0.999759,6.00804e-05
11058,0.999759,6.00327e-05
11061,0.999759,5.9985e-05
11064,0.999759,5.99374e-05
11067,0.999759,5.98899e-05
11070,0.99976,5.98424e-05
11073,0.99976,5.97949e-05
11076,0.99976,5.97475e-05
11079,0.99976,5.97001e-05
11082,0.99976,5.96528e-05
11085,0.99976,5.96055e-05
11088,0.99976,5.95583e-05
11091,0.99976,5.95111e-05
11094,0.99976,5.9464e-05
11097,0.999761,5.94169e-05
11100,0.999761,5.93699e-05
11103,0.999761,5.93229e-05
11106,0.999761,5.9276e-05
11109,0.999761,5.92291e-05
11112,0.999761,5.91823e-05
11115,0.999761,5.91355e-05
11118,0.999761,5.90888e-05
11121,0.999762,5.90421e-05
11124,0.999762,5.89954e-05
11127,0.999762,5.89488e-05
11130,0.999762,5.89023e-05
11133,0.999762,5.88558e-05
11136,0.999762,5.88094e-05
11139,0.999762,5.8763e-05
11142,0.999762,5.87166e-05
11145,0.999762,5.86703e-05
11148,0.999763,5.8624e-05
11151,0.999763,5.85778e-05
11154,0.999763,5.85317e-05
11157,0.999763,5.84855e-05
11160,0.999763,5.84395e-05
11163,0.999763,5.83934e-05
11166,0.999763,5.83475e-05
11169,0.999763,5.83015e-05
11172,0.999763,5.82557e-05
11175,0.999764,5.82098e-05
11178,0.999764,5.8164e-05
11181,0.999764,5.81183e-05
11184,0.999764,5.80726e-05
11187,0.999764,5.8027e-05
11190,0.999764,5.79813e-05
11193,0.999764,5.79358e-05
11196,0.999764,5.78903e-05
11199,0.999764,5.78448e-05
11202,0.999765,5.77994e-05
11205,0.999765,5.7754e-05
11208,0.999765,5.77087e-05
11211,0.999765,5.76634e-05
11214,0.999765,5.76182e-05
11217,0.999765,5.7573e-05
11220,0.999765,5.75279e-05
11223,0.999765,5.74828e-05
11226,0.999765,5.74377e-05
11229,0.999766,5.73927e-05
11232,0.999766,5.73478e-05
11235,0.999766,5.73029e-05
11238,0.999766,5.7258e-05
11241,0.999766,5.72132e-05
11244,0.999766,5.71684e-05
11247,0.999766,5.71237e-05
11250,0.999766,5.7079e-05
11253,0.999766,5.70344e-05
11256,0.999767,5.69898e-05
11259,0.999767,5.69452e-05
11262,0.999767,5.69007e-05
11265,0.999767,5.68563e-05
11268,0.999767,5.68119e-05
11271,0.999767,5.67675e-05
11274,0.999767,5.67232e-05
11277,0.999767,5.66789e-05
11280,0.999767,5.66347e-05
11283,0.999767,5.65905e-05
11286,0.999768,5.65463e-05
11289,0.999768,5.65023e-05
11292,0.999768,5.64582e-05
11295,0.999768,5.64142e-05
11298,0.999768,5.63702e-05
11301,0.999768,5.63263e-05
11304,0.999768,5.62824e-05
11307,0.999768,5.62386e-05
11310,0.999768,5.61948e-05
11313,0.999769,5.61511e-05
11316,0.999769,5.61074e-05
11319,0.999769,5.60637e-05
11322,0.999769,5.60201e-05
11325,0.999769,5.59766e-05
11328,0.999769,5.5933e-05
11331,0.999769,5.58896e-05
11334,0.999769,5.58461e-05
11337,0.999769,5.58027e-05
11340,0.99977,5.57594e-05
11343,0.99977,5.57161e-05
11346,0.99977,5.56728e-05
11349,0.99977,5.56296e-05
11352,0.99977,5.55864e-05
11355,0.99977,5.55433e-05
11358,0.99977,5.55002e-05
11361,0.99977,5.54572e-05
11364,0.99977,5.54142e-05
11367,0.99977,5.53712e-05
11370,0.999771,5.53283e-05
11373,0.999771,5.52855e-05
11376,0.999771,5.52426e-05
11379,0.999771,5.51999e-05
11382,0.999771,5.51571e-05
11385,0.999771,5.51144e-05
11388,0.999771,5.50718e-05
11391,0.999771,5.50292e-05
11394,0.999771,5.49866e-05
11397,0.999772,5.49441e-05
11400,0.999772,5.49016e-05
11403,0.999772,5.48591e-05
11406,0.999772,5.48167e-05
11409,0.999772,5.47744e-05
11412,0.999772,5.47321e-05
11415,0.999772,5.46898e-05
11418,0.999772,5.46476e-05
11421,0.999772,5.46054e-05
11424,0.999772,5.45632e-05
11427,0.999773,5.45211e-05
11430,0.999773,5.44791e-05
11433,0.999773,5.44371e-05
11436,0.999773,5.43951e-05
11439,0.999773,5.43532e-05
11442,0.999773,5.43113e-05
11445,0.999773,5.42694e-05
11448,0.999773,5.42276e-05
11451,0.999773,5.41859e-05
11454,0.999774,5.41441e-05
11457,0.999774,5.41024e-05
11460,0.999774,5.40608e-05
11463,0.999774,5.40192e-05
11466,0.999774,5.39776e-05
11469,0.999774,5.39361e-05
11472,0.999774,5.38947e-05
11475,0.999774,5.38532e-05
11478,0.999774,5.38118e-05
11481,0.999774,5.37705e-05
11484,0.999775,5.37292e-05
11487,0.999775,5.36879e-05
11490,0.999775,5.36467e-05
11493,0.999775,5.36055e-05
11496,0.999775,5.35643e-05
11499,0.999775,5.35232e-05
11502,0.999775,5.34822e-05
11505,0.999775,5.34412e-05
11508,0.999775,5.34002e-05
11511,0.999775,5.33592e-05
11514,0.999776,5.33183e-05
11517,0.999776,5.32775e-05
11520,0.999776,5.32367e-05
11523,0.999776,5.31959e-05
11526,0.999776,5.31551e-05
11529,0.999776,5.31144e-05
11532,0.999776,5.30738e-05
11535,0.999776,5.30332e-05
11538,0.999776,5.29926e-05
11541,0.999776,5.2952e-05
11544,0.999777,5.29116e-05
11547,0.999777,5.28711e-05
11550,0.999777,5.28307e-05
11553,0.999777,5.27903e-05
11556,0.999777,5.275e-05
11559,0.999777,5.27097e-05
11562,0.999777,5.26694e-05
11565,0.999777,5.26292e-05
11568,0.999777,5.2589e-05
11571,0.999777,5.25489e-05
11574,0.9997780000000001,5.25088e-05
11577,0.9997780000000001,5.24687e-05
11580,0.9997780000000001,5.24287e-05
11583,0.9997780000000001,5.23887e-05
11586,0.9997780000000001,5.23488e-05
11589,0.9997780000000001,5.23089e-05
11592,0.9997780000000001,5.2269e-05
11595,0.9997780000000001,5.22292e-05
11598,0.9997780000000001,5.21894e-05
11601,0.9997780000000001,5.21497e-05
11604,0.999779,5.211e-05
11607,0.999779,5.20703e-05
11610,0.999779,5.20307e-05
11613,0.999779,5.19911e-05
11616,0.999779,5.19516e-05
11619,0.999779,5.19121e-05
11622,0.999779,5.18726e-05
11625,0.999779,5.18332e-05
11628,0.999779,5.17938e-05
11631,0.999779,5.17544e-05
11634,0.99978,5.17151e-05
11637,0.99978,5.16758e-05
11640,0.99978,5.16366e-05
11643,0.99978,5.15974e-05
11646,0.99978,5.15582e-05
11649,0.99978,5.15191e-05
11652,0.99978,5.148e-05
11655,0.99978,5.1441e-05
11658,0.99978,5.1402e-05
11661,0.99978,5.1363e-05
11664,0.999781,5.13241e-05
11667,0.999781,5.12852e-05
11670,0.999781,5.12463e-05
11673,0.999781,5.12075e-05
11676,0.999781,5.11687e-05
11679,0.999781,5.113e-05
11682,0.999781,5.10913e-05
11685,0.999781,5.10526e-05
11688,0.999781,5.1014e-05
11691,0.999781,5.09754e-05
11694,0.999782,5.09369e-05
11697,0.999782,5.08984e-05
11700,0.999782,5.08599e-05
11703,0.999782,5.08214e-05
11706,0.999782,5.0783e-05
11709,0.999782,5.07447e-05
11712,0.999782,5.07064e-05
11715,0.999782,5.06681e-05
11718,0.999782,5.06298e-05
11721,0.999782,5.05916e-05
11724,0.999783,5.05534e-05
11727,0.999783,5.05153e-05
11730,0.999783,5.04772e-05
11733,0.999783,5.04391e-05
11736,0.999783,5.04011e-05
11739,0.999783,5.03631e-05
11742,0.999783,5.03252e-05
11745,0.999783,5.02873e-05
11748,0.999783,5.02494e-05
11751,0.999783,5.02115e-05
11754,0.999783,5.01737e-05
11757,0.999784,5.0136e-05
11760,0.999784,5.00982e-05
11763,0.999784,5.00605e-05
11766,0.999784,5.00229e-05
11769,0.999784,4.99853e-05
11772,0.999784,4.99477e-05
11775,0.999784,4.99101e-05
11778,0.999784,4.98726e-05
11781,0.999784,4.98352e-05
11784,0.999784,4.97977e-05
11787,0.999785,4.97603e-05
11790,0.999785,4.9723e-05
11793,0.999785,4.96856e-05
11796,0.999785,4.96483e-05
11799,0.999785,4.96111e-05
11802,0.999785,4.95739e-05
11805,0.999785,4.95367e-05
11808,0.999785,4.94995e-05
11811,0.999785,4.94624e-05
11814,0.999785,4.94253e-05
11817,0.999785,4.93883e-05
11820,0.999786,4.93513e-05
11823,0.999786,4.93143e-05
11826,0.999786,4.92774e-05
11829,0.999786,4.92405e-05
11832,0.999786,4.92036e-05
11835,0.999786,4.91668e-05
11838,0.999786,4.913e-05
11841,0.999786,4.90933e-05
11844,0.999786,4.90566e-05
11847,0.999786,4.90199e-05
11850,0.999787,4.89832e-05
11853,0.999787,4.89466e-05
11856,0.999787,4.891e-05
11859,0.999787,4.88735e-05
11862,0.999787,4.8837e-05
11865,0.999787,4.88005e-05
11868,0.999787,4.87641e-05
11871,0.999787,4.87277e-05
11874,0.999787,4.86913e-05
11877,0.999787,4.8655e-05
11880,0.999787,4.86187e-05
11883,0.999788,4.85824e-05
11886,0.999788,4.85462e-05
11889,0.999788,4.851e-05
11892,0.999788,4.84739e-05
11895,0.999788,4.84377e-05
11898,0.999788,4.84017e-05
11901,0.999788,4.83656e-05
11904,0.999788,4.83296e-05
11907,0.999788,4.82936e-05
11910,0.999788,4.82577e-05
11913,0.999788,4.82218e-05
11916,0.999789,4.81859e-05
11919,0.999789,4.815e-05
11922,0.999789,4.81142e-05
11925,0.999789,4.80784e-05
11928,0.999789,4.80427e-05
11931,0.999789,4.8007e-05
11934,0.999789,4.79713e-05
11937,0.999789,4.79357e-05
11940,0.999789,4.79001e-05
11943,0.999789,4.78645e-05
11946,0.999789,4.7829e-05
11949,0.99979,4.77935e-05
11952,0.99979,4.7758e-05
11955,0.99979,4.77226e-05
11958,0.99979,4.76872e-05
11961,0.99979,4.76518e-05
11964,0.99979,4.76165e-05
11967,0.99979,4.75812e-05
11970,0.99979,4.75459e-05
11973,0.99979,4.75107e-05
11976,0.99979,4.74755e-05
11979,0.99979,4.74404e-05
11982,0.999791,4.74052e-05
11985,0.999791,4.73701e-05
11988,0.999791,4.73351e-05
11991,0.999791,4.73e-05
11994,0.999791,4.7265e-05
11997,0.999791,4.72301e-05
12000,0.999791,4.71952e-05
12003,0.999791,4.71603e-05
12006,0.999791,4.71254e-05
12009,0.999791,4.70906e-05
12012,0.999791,4.70558e-05
12015,0.999792,4.7021e-05
12018,0.999792,4.69863e-05
12021,0.999792,4.69516e-05
12024,0.999792,4.69169e-05
12027,0.999792,4.68823e-05
12030,0.999792,4.68477e-05
12033,0.999792,4.68132e-05
12036,0.999792,4.67786e-05
12039,0.999792,4.67441e-05
12042,0.999792,4.67097e-05
12045,0.999792,4.66752e-05
12048,0.999793,4.66408e-05
12051,0.999793,4.66065e-05
12054,0.999793,4.65721e-05
12057,0.999793,4.65378e-05
12060,0.999793,4.65036e-05
12063,0.999793,4.64693e-05
12066,0.999793,4.64351e-05
12069,0.999793,4.6401e-05
12072,0.999793,4.63668e-05
12075,0.999793,4.63327e-05
12078,0.999793,4.62986e-05
12081,0.999794,4.62646e-05
12084,0.999794,4.62306e-05
12087,0.999794,4.61966e-05
12090,0.999794,4.61627e-05
12093,0.999794,4.61288e-05
12096,0.999794,4.60949e-05
12099,0.999794,4.6061e-05
12102,0.999794,4.60272e-05
12105,0.999794,4.59934e-05
12108,0.999794,4.59597e-05
12111,0.999794,4.5926e-05
12114,0.999794,4.58923e-05
12117,0.999795,4.58586e-05
12120,0.999795,4.5825e-05
12123,0.999795,4.57914e-05
12126,0.999795,4.57579e-05
12129,0.999795,4.57243e-05
12132,0.999795,4.56908e-05
12135,0.999795,4.56574e-05
12138,0.999795,4.56239e-05
12141,0.999795,4.55905e-05
12144,0.999795,4.55572e-05
12147,0.999795,4.55238e-05
12150,0.999796,4.54905e-05
12153,0.999796,4.54572e-05
12156,0.999796,4.5424e-05
12159,0.999796,4.53908e-05
12162,0.999796,4.53576e-05
12165,0.999796,4.53245e-05
12168,0.999796,4.52913e-05
12171,0.999796,4.52583e-05
12174,0.999796,4.52252e-05
12177,0.999796,4.51922e-05
12180,0.999796,4.51592e-05
12183,0.999796,4.51262e-05
12186,0.999797,4.50933e-05
12189,0.999797,4.50604e-05
12192,0.999797,4.50275e-05
12195,0.999797,4.49947e-05
12198,0.999797,4.49619e-05
12201,0.999797,4.49291e-05
12204,0.999797,4.48963e-05
12207,0.999797,4.48636e-05
12210,0.999797,4.48309e-05
12213,0.999797,4.47983e-05
12216,0.999797,4.47657e-05
12219,0.999798,4.47331e-05
12222,0.999798,4.47005e-05
12225,0.999798,4.4668e-05
12228,0.999798,4.46355e-05
12231,0.999798,4.4603e-05
12234,0.999798,4.45706e-05
12237,0.999798,4.45382e-05
12240,0.999798,4.45058e-05
12243,0.999798,4.44734e-05
12246,0.999798,4.44411e-05
12249,0.999798,4.44088e-05
12252,0.999798,4.43766e-05
12255,0.999799,4.43443e-05
12258,0.999799,4.43121e-05
12261,0.999799,4.428e-05
12264,0.999799,4.42478e-05
12267,0.999799,4.42157e-05
12270,0.999799,4.41837e-05
12273,0.999799,4.41516e-05
12276,0.999799,4.41196e-05
12279,0.999799,4.40876e-05
12282,0.999799,4.40556e-05
12285,0.999799,4.4023700000000003e-05
12288,0.999799,4.39918e-05
12291,0.9998,4.39599e-05
12294,0.9998,4.39281e-05
12297,0.9998,4.38963e-05
12300,0.9998,4.38645e-05
12303,0.9998,4.38328e-05
12306,0.9998,4.38011e-05
12309,0.9998,4.37694e-05
12312,0.9998,4.37377e-05
12315,0.9998,4.37061e-05
12318,0.9998,4.36745e-05
12321,0.9998,4.36429e-05
12324,0.9998,4.36114e-05
12327,0.999801,4.35798e-05
12330,0.999801,4.35484e-05
12333,0.999801,4.35169e-05
12336,0.999801,4.34855e-05
12339,0.999801,4.34541e-05
12342,0.999801,4.34227e-05
12345,0.999801,4.33914e-05
12348,0.999801,4.33601e-05
12351,0.999801,4.33288e-05
12354,0.999801,4.32975e-05
12357,0.999801,4.32663e-05
12360,0.999801,4.32351e-05
12363,0.999802,4.3204e-05
12366,0.999802,4.31728e-05
12369,0.999802,4.31417e-05
12372,0.999802,4.31106e-05
12375,0.999802,4.30796e-05
12378,0.999802,4.30486e-05
12381,0.999802,4.30176e-05
12384,0.999802,4.29866e-05
12387,0.999802,4.29557e-05
12390,0.999802,4.29248e-05
12393,0.999802,4.28939e-05
12396,0.999802,4.28631e-05
12399,0.999803,4.28322e-05
12402,0.999803,4.28015e-05
12405,0.999803,4.27707e-05
12408,0.999803,4.274e-05
12411,0.999803,4.27093e-05
12414,0.999803,4.26786e-05
12417,0.999803,4.26479e-05
12420,0.999803,4.26173e-05
12423,0.999803,4.25867e-05
12426,0.999803,4.25562e-05
12429,0.999803,4.25256e-05
12432,0.999803,4.24951e-05
12435,0.999803,4.24646e-05
12438,0.999804,4.24342e-05
12441,0.999804,4.24038e-05
12444,0.999804,4.23734e-05
12447,0.999804,4.2343e-05
12450,0.999804,4.23127e-05
12453,0.999804,4.22824e-05
12456,0.999804,4.22521e-05
12459,0.999804,4.22218e-05
12462,0.999804,4.21916e-05
12465,0.999804,4.21614e-05
12468,0.999804,4.21312e-05
12471,0.999804,4.21011e-05
12474,0.999805,4.2071e-05
12477,0.999805,4.20409e-05
12480,0.999805,4.20108e-05
12483,0.999805,4.19808e-05
12486,0.999805,4.19508e-05
12489,0.999805,4.19208e-05
12492,0.999805,4.18909e-05
12495,0.999805,4.1861e-05
12498,0.999805,4.18311e-05
12501,0.999805,4.18012e-05
12504,0.999805,4.17714e-05
12507,0.999805,4.17415e-05
12510,0.999806,4.17118e-05
12513,0.999806,4.1682e-05
12516,0.999806,4.16523e-05
12519,0.999806,4.16226e-05
12522,0.999806,4.15929e-05
12525,0.999806,4.15632e-05
12528,0.999806,4.15336e-05
12531,0.999806,4.1504e-05
12534,0.999806,4.14745e-05
12537,0.999806,4.14449e-05
12540,0.999806,4.14154e-05
12543,0.999806,4.13859e-05
12546,0.999806,4.13565e-05
12549,0.999807,4.1327e-05
12552,0.999807,4.12976e-05
12555,0.999807,4.12683e-05
12558,0.999807,4.12389e-05
12561,0.999807,4.12096e-05
12564,0.999807,4.11803e-05
12567,0.999807,4.1151e-05
12570,0.999807,4.11218e-05
12573,0.999807,4.10926e-05
12576,0.999807,4.10634e-05
12579,0.999807,4.10342e-05
12582,0.999807,4.10051e-05
12585,0.999807,4.0976e-05
12588,0.999808,4.09469e-05
12591,0.999808,4.09178e-05
12594,0.999808,4.08888e-05
12597,0.999808,4.08598e-05
12600,0.999808,4.08308e-05
12603,0.999808,4.08019e-05
12606,0.999808,4.07729e-05
12609,0.999808,4.0744e-05
12612,0.999808,4.07152e-05
12615,0.999808,4.06863e-05
12618,0.999808,4.06575e-05
12621,0.999808,4.06287e-05
12624,0.999808,4.05999e-05
12627,0.999809,4.05712e-05
12630,0.999809,4.05425e-05
12633,0.999809,4.05138e-05
12636,0.999809,4.04851e-05
12639,0.999809,4.04565e-05
12642,0.999809,4.04279e-05
12645,0.999809,4.03993e-05
12648,0.999809,4.03708e-05
12651,0.999809,4.03422e-05
12654,0.999809,4.03137e-05
12657,0.999809,4.02852e-05
12660,0.999809,4.02568e-05
12663,0.99981,4.02284e-05
12666,0.99981,4.02e-05
12669,0.99981,4.01716e-05
12672,0.99981,4.01432e-05
12675,0.99981,4.01149e-05
12678,0.99981,4.00866e-05
12681,0.99981,4.00583e-05
12684,0.99981,4.00301e-05
12687,0.99981,4.00019e-05
12690,0.99981,3.99737e-05
12693,0.99981,3.99455e-05
12696,0.99981,3.99173e-05
12699,0.99981,3.98892e-05
12702,0.99981,3.98611e-05
12705,0.999811,3.98331e-05
12708,0.999811,3.9805e-05
12711,0.999811,3.9777e-05
12714,0.999811,3.9749e-05
12717,0.999811,3.9721e-05
12720,0.999811,3.96931e-05
12723,0.999811,3.96652e-05
12726,0.999811,3.96373e-05
12729,0.999811,3.96094e-05
12732,0.999811,3.95816e-05
12735,0.999811,3.95538e-05
12738,0.999811,3.9526e-05
12741,0.999811,3.94982e-05
12744,0.999812,3.94705e-05
12747,0.999812,3.94427e-05
12750,0.999812,3.9415e-05
12753,0.999812,3.93874e-05
12756,0.999812,3.93597e-05
12759,0.999812,3.93321e-05
12762,0.999812,3.93045e-05
12765,0.999812,3.9277e-05
12768,0.999812,3.92494e-05
12771,0.999812,3.92219e-05
12774,0.999812,3.91944e-05
12777,0.999812,3.91669e-05
12780,0.999812,3.91395e-05
12783,0.999813,3.91121e-05
12786,0.999813,3.90847e-05
12789,0.999813,3.90573e-05
12792,0.999813,3.903e-05
12795,0.999813,3.90027e-05
12798,0.999813,3.89754e-05
12801,0.999813,3.89481e-05
12804,0.999813,3.89208e-05
12807,0.999813,3.88936e-05
12810,0.999813,3.88664e-05
12813,0.999813,3.88393e-05
12816,0.999813,3.88121e-05
12819,0.999813,3.8785e-05
12822,0.999814,3.87579e-05
12825,0.999814,3.87308e-05
12828,0.999814,3.87038e-05
12831,0.999814,3.86767e-05
12834,0.999814,3.86497e-05
12837,0.999814,3.86227e-05
12840,0.999814,3.85958e-05
12843,0.999814,3.85689e-05
12846,0.999814,3.8542e-05
12849,0.999814,3.85151e-05
12852,0.999814,3.84882e-05
12855,0.999814,3.84614e-05
12858,0.999814,3.84346e-05
12861,0.999814,3.84078e-05
12864,0.999815,3.8381e-05
12867,0.999815,3.83543e-05
12870,0.999815,3.83276e-05
12873,0.999815,3.83009e-05
12876,0.999815,3.82742e-05
12879,0.999815,3.82476e-05
12882,0.999815,3.8221e-05
12885,0.999815,3.81944e-05
12888,0.999815,3.81678e-05
12891,0.999815,3.81412e-05
12894,0.999815,3.81147e-05
12897,0.999815,3.80882e-05
12900,0.999815,3.80617e-05
12903,0.999815,3.80353e-05
12906,0.999816,3.80089e-05
12909,0.999816,3.79825e-05
12912,0.999816,3.79561e-05
12915,0.999816,3.79297e-05
12918,0.999816,3.79034e-05
12921,0.999816,3.78771e-05
12924,0.999816,3.78508e-05
12927,0.999816,3.78245e-05
12930,0.999816,3.77983e-05
12933,0.999816,3.77721e-05
12936,0.999816,3.77459e-05
12939,0.999816,3.77197e-05
12942,0.999816,3.76935e-05
12945,0.999816,3.76674e-05
12948,0.999817,3.76413e-05
12951,0.999817,3.76152e-05
12954,0.999817,3.75892e-05
12957,0.999817,3.75631e-05
12960,0.999817,3.75371e-05
12963,0.999817,3.75111e-05
12966,0.999817,3.74852e-05
12969,0.999817,3.74592e-05
12972,0.999817,3.74333e-05
12975,0.999817,3.74074e-05
12978,0.999817,3.73816e-05
12981,0.999817,3.73557e-05
12984,0.999817,3.73299e-05
12987,0.999817,3.73041e-05
12990,0.999818,3.72783e-05
12993,0.999818,3.72526e-05
12996,0.999818,3.72268e-05
12999,0.999818,3.72011e-05
13002,0.999818,3.71754e-05
13005,0.999818,3.71498e-05
13008,0.999818,3.71241e-05
13011,0.999818,3.70985e-05
13014,0.999818,3.70729e-05
13017,0.999818,3.70473e-05
13020,0.999818,3.70218e-05
13023,0.999818,3.69962e-05
13026,0.999818,3.69707e-05
13029,0.999818,3.69452e-05
13032,0.999819,3.69198e-05
13035,0.999819,3.68943e-05
13038,0.999819,3.68689e-05
13041,0.999819,3.68435e-05
13044,0.999819,3.68182e-05
13047,0.999819,3.67928e-05
13050,0.999819,3.67675e-05
13053,0.999819,3.67422e-05
13056,0.999819,3.67169e-05
13059,0.999819,3.66916e-05
13062,0.999819,3.66664e-05
13065,0.999819,3.66412e-05
13068,0.999819,3.6616e-05
13071,0.999819,3.65908e-05
13074,0.99982,3.65657e-05
13077,0.99982,3.65405e-05
13080,0.99982,3.65154e-05
13083,0.99982,3.64904e-05
13086,0.99982,3.64653e-05
13089,0.99982,3.64403e-05
13092,0.99982,3.64152e-05
13095,0.99982,3.63902e-05
13098,0.99982,3.63653e-05
13101,0.99982,3.63403e-05
13104,0.99982,3.63154e-05
13107,0.99982,3.62905e-05
13110,0.99982,3.62656e-05
13113,0.99982,3.62407e-05
13116,0.999821,3.62159e-05
13119,0.999821,3.61911e-05
13122,0.999821,3.61663e-05
13125,0.999821,3.61415e-05
13128,0.999821,3.61168e-05
13131,0.999821,3.6092e-05
13134,0.999821,3.60673e-05
13137,0.999821,3.60426e-05
13140,0.999821,3.6018e-05
13143,0.999821,3.59933e-05
13146,0.999821,3.59687e-05
13149,0.999821,3.59441e-05
13152,0.999821,3.59195e-05
13155,0.999821,3.58949e-05
13158,0.999821,3.58704e-05
13161,0.999822,3.58459e-05
13164,0.999822,3.58214e-05
13167,0.999822,3.57969e-05
13170,0.999822,3.57725e-05
13173,0.999822,3.5748e-05
13176,0.999822,3.57236e-05
13179,0.999822,3.56992e-05
13182,0.999822,3.56749e-05
13185,0.999822,3.56505e-05
13188,0.999822,3.56262e-05
13191,0.999822,3.56019e-05
13194,0.999822,3.55776e-05
13197,0.999822,3.55534e-05
13200,0.999822,3.55291e-05
13203,0.999823,3.55049e-05
13206,0.999823,3.54807e-05
13209,0.999823,3.54565e-05
13212,0.999823,3.54324e-05
13215,0.999823,3.54082e-05
13218,0.999823,3.53841e-05
13221,0.999823,3.536e-05
13224,0.999823,3.5336e-05
13227,0.999823,3.53119e-05
13230,0.999823,3.52879e-05
13233,0.999823,3.52639e-05
13236,0.999823,3.52399e-05
13239,0.999823,3.52159e-05
13242,0.999823,3.5192e-05
13245,0.999823,3.51681e-05
13248,0.999824,3.51441e-05
13251,0.999824,3.51203e-05
13254,0.999824,3.50964e-05
13257,0.999824,3.50726e-05
13260,0.999824,3.50487e-05
13263,0.999824,3.50249e-05
13266,0.999824,3.50012e-05
13269,0.999824,3.49774e-05
13272,0.999824,3.49537e-05
13275,0.999824,3.49299e-05
13278,0.999824,3.49063e-05
13281,0.999824,3.48826e-05
13284,0.999824,3.48589e-05
13287,0.999824,3.48353e-05
13290,0.999824,3.48117e-05
13293,0.999825,3.47881e-05
13296,0.999825,3.47645e-05
13299,0.999825,3.4741e-05
13302,0.999825,3.47174e-05
13305,0.999825,3.46939e-05
13308,0.999825,3.46704e-05
13311,0.999825,3.46469e-05
13314,0.999825,3.46235e-05
13317,0.999825,3.46001e-05
13320,0.999825,3.45766e-05
13323,0.999825,3.45533e-05
13326,0.999825,3.45299e-05
13329,0.999825,3.45065e-05
13332,0.999825,3.44832e-05
13335,0.999825,3.44599e-05
13338,0.999826,3.44366e-05
13341,0.999826,3.44133e-05
13344,0.999826,3.43901e-05
13347,0.999826,3.43669e-05
13350,0.999826,3.43437e-05
13353,0.999826,3.43205e-05
13356,0.999826,3.42973e-05
13359,0.999826,3.42741e-05
13362,0.999826,3.4251e-05
13365,0.999826,3.42279e-05
13368,0.999826,3.42048e-05
13371,0.999826,3.41817e-05
13374,0.999826,3.41587e-05
13377,0.999826,3.41357e-05
13380,0.999826,3.41127e-05
13383,0.999826,3.40897e-05
13386,0.999827,3.40667e-05
13389,0.999827,3.40437e-05
13392,0.999827,3.40208e-05
13395,0.999827,3.39979e-05
13398,0.999827,3.3975e-05
13401,0.999827,3.39521e-05
13404,0.999827,3.39293e-05
13407,0.999827,3.39065e-05
13410,0.999827,3.38836e-05
13413,0.999827,3.38609e-05
13416,0.999827,3.38381e-05
13419,0.999827,3.38153e-05
13422,0.999827,3.37926e-05
13425,0.999827,3.37699e-05
13428,0.999827,3.37472e-05
13431,0.999828,3.37245e-05
13434,0.999828,3.37019e-05
13437,0.999828,3.36792e-05
13440,0.999828,3.36566e-05
13443,0.999828,3.3634e-05
13446,0.999828,3.36114e-05
13449,0.999828,3.35889e-05
13452,0.999828,3.35663e-05
13455,0.999828,3.35438e-05
13458,0.999828,3.35213e-05
13461,0.999828,3.34988e-05
13464,0.999828,3.34764e-05
13467,0.999828,3.34539e-05
13470,0.999828,3.34315e-05
13473,0.999828,3.34091e-05
13476,0.999828,3.33867e-05
13479,0.999829,3.33643e-05
13482,0.999829,3.3342e-05
13485,0.999829,3.33197e-05
13488,0.999829,3.32973e-05
13491,0.999829,3.32751e-05
13494,0.999829,3.32528e-05
13497,0.999829,3.32305e-05
13500,0.999829,3.32083e-05
13503,0.999829,3.31861e-05
13506,0.999829,3.31639e-05
13509,0.999829,3.31417e-05
13512,0.999829,3.31196e-05
13515,0.999829,3.30974e-05
13518,0.999829,3.30753e-05
13521,0.999829,3.30532e-05
13524,0.99983,3.30311e-05
13527,0.99983,3.30091e-05
13530,0.99983,3.2987e-05
13533,0.99983,3.2965e-05
13536,0.99983,3.2943e-05
13539,0.99983,3.2921e-05
13542,0.99983,3.2899e-05
13545,0.99983,3.28771e-05
13548,0.99983,3.28551e-05
13551,0.99983,3.28332e-05
13554,0.99983,3.28113e-05
13557,0.99983,3.27895e-05
13560,0.99983,3.27676e-05
13563,0.99983,3.27458e-05
13566,0.99983,3.27239e-05
13569,0.99983,3.27021e-05
13572,0.999831,3.26804e-05
13575,0.999831,3.26586e-05
13578,0.999831,3.26369e-05
13581,0.999831,3.26151e-05
13584,0.999831,3.25934e-05
13587,0.999831,3.25717e-05
13590,0.999831,3.25501e-05
13593,0.999831,3.25284e-05
13596,0.999831,3.25068e-05
13599,0.999831,3.24852e-05
13602,0.999831,3.24636e-05
13605,0.999831,3.2442e-05
13608,0.999831,3.24204e-05
13611,0.999831,3.23989e-05
13614,0.999831,3.23773e-05
13617,0.999831,3.23558e-05
13620,0.999832,3.23343e-05
13623,0.999832,3.23129e-05
13626,0.999832,3.22914e-05
13629,0.999832,3.227e-05
13632,0.999832,3.22486e-05
13635,0.999832,3.22272e-05
13638,0.999832,3.22058e-05
13641,0.999832,3.21844e-05
13644,0.999832,3.21631e-05
13647,0.999832,3.21418e-05
13650,0.999832,3.21205e-05
13653,0.999832,3.20992e-05
13656,0.999832,3.20779e-05
13659,0.999832,3.20566e-05
13662,0.999832,3.20354e-05
13665,0.999832,3.20142e-05
13668,0.999832,3.1993e-05
13671,0.999833,3.19718e-05
13674,0.999833,3.19506e-05
13677,0.999833,3.19295e-05
13680,0.999833,3.19084e-05
13683,0.999833,3.18873e-05
13686,0.999833,3.18662e-05
13689,0.999833,3.18451e-05
13692,0.999833,3.1824e-05
13695,0.999833,3.1803e-05
13698,0.999833,3.1782e-05
13701,0.999833,3.1761e-05
13704,0.999833,3.174e-05
13707,0.999833,3.1719e-05
13710,0.999833,3.16981e-05
13713,0.999833,3.16771e-05
13716,0.999833,3.16562e-05
13719,0.999834,3.16353e-05
13722,0.999834,3.16144e-05
13725,0.999834,3.15936e-05
13728,0.999834,3.15727e-05
13731,0.999834,3.15519e-05
13734,0.999834,3.15311e-05
13737,0.999834,3.15103e-05
13740,0.999834,3.14895e-05
13743,0.999834,3.14688e-05
13746,0.999834,3.1448e-05
13749,0.999834,3.14273e-05
13752,0.999834,3.14066e-05
13755,0.999834,3.13859e-05
13758,0.999834,3.13652e-05
13761,0.999834,3.13446e-05
13764,0.999834,3.1324e-05
13767,0.999834,3.13033e-05
13770,0.999835,3.12827e-05
13773,0.999835,3.12622e-05
13776,0.999835,3.12416e-05
13779,0.999835,3.1221e-05
13782,0.999835,3.12005e-05
13785,0.999835,3.118e-05
13788,0.999835,3.11595e-05
13791,0.999835,3.1139e-05
13794,0.999835,3.11185e-05
13797,0.999835,3.10981e-05
13800,0.999835,3.10777e-05
13803,0.999835,3.10573e-05
13806,0.999835,3.10369e-05
13809,0.999835,3.10165e-05
13812,0.999835,3.09961e-05
13815,0.999835,3.09758e-05
13818,0.999835,3.09555e-05
13821,0.999836,3.09351e-05
13824,0.999836,3.09149e-05
13827,0.999836,3.08946e-05
13830,0.999836,3.08743e-05
13833,0.999836,3.08541e-05
13836,0.999836,3.08338e-05
13839,0.999836,3.08136e-05
13842,0.999836,3.07934e-05
13845,0.999836,3.07733e-05
13848,0.999836,3.07531e-05
13851,0.999836,3.0733e-05
13854,0.999836,3.07129e-05
13857,0.999836,3.06927e-05
13860,0.999836,3.06727e-05
13863,0.999836,3.06526e-05
13866,0.999836,3.06325e-05
13869,0.999836,3.06125e-05
13872,0.999837,3.05925e-05
13875,0.999837,3.05724e-05
13878,0.999837,3.05525e-05
13881,0.999837,3.05325e-05
13884,0.999837,3.05125e-05
13887,0.999837,3.04926e-05
13890,0.999837,3.04727e-05
13893,0.999837,3.04528e-05
13896,0.999837,3.04329e-05
13899,0.999837,3.0413e-05
13902,0.999837,3.03931e-05
13905,0.999837,3.03733e-05
13908,0.999837,3.03535e-05
13911,0.999837,3.03337e-05
13914,0.999837,3.03139e-05
13917,0.999837,3.02941e-05
13920,0.999837,3.02743e-05
13923,0.999838,3.02546e-05
13926,0.999838,3.02349e-05
13929,0.999838,3.02152e-05
13932,0.999838,3.01955e-05
13935,0.999838,3.01758e-05
13938,0.999838,3.01561e-05
13941,0.999838,3.01365e-05
13944,0.999838,3.01168e-05
13947,0.999838,3.00972e-05
13950,0.999838,3.00776e-05
13953,0.999838,3.00581e-05
13956,0.999838,3.00385e-05
13959,0.999838,3.00189e-05
13962,0.999838,2.99994e-05
13965,0.999838,2.99799e-05
13968,0.999838,2.99604e-05
13971,0.999838,2.99409e-05
13974,0.999839,2.99215e-05
13977,0.999839,2.9902e-05
13980,0.999839,2.98826e-05
13983,0.999839,2.98632e-05
13986,0.999839,2.98437e-05
13989,0.999839,2.98244e-05
13992,0.999839,2.9805e-05
13995,0.999839,2.97856e-05
13998,0.999839,2.97663e-05
14001,0.999839,2.9747e-05
14004,0.999839,2.97277e-05
14007,0.999839,2.97084e-05
14010,0.999839,2.96891e-05
14013,0.999839,2.96698e-05
14016,0.999839,2.96506e-05
14019,0.999839,2.96314e-05
14022,0.999839,2.96122e-05
14025,0.999839,2.9593e-05
14028,0.99984,2.95738e-05
14031,0.99984,2.95546e-05
14034,0.99984,2.95355e-05
14037,0.99984,2.95164e-05
14040,0.99984,2.94972e-05
14043,0.99984,2.94781e-05
14046,0.99984,2.94591e-05
14049,0.99984,2.944e-05
14052,0.99984,2.94209e-05
14055,0.99984,2.94019e-05
14058,0.99984,2.93829e-05
14061,0.99984,2.93639e-05
14064,0.99984,2.93449e-05
14067,0.99984,2.93259e-05
14070,0.99984,2.93069e-05
14073,0.99984,2.9288e-05
14076,0.99984,2.92691e-05
14079,0.99984,2.92502e-05
14082,0.999841,2.92313e-05
14085,0.999841,2.92124e-05
14088,0.999841,2.91935e-05
14091,0.999841,2.91747e-05
14094,0.999841,2.91558e-05
14097,0.999841,2.9137e-05
14100,0.999841,2.91182e-05
14103,0.999841,2.90994e-05
14106,0.999841,2.90806e-05
14109,0.999841,2.90619e-05
14112,0.999841,2.90431e-05
14115,0.999841,2.90244e-05
14118,0.999841,2.90057e-05
14121,0.999841,2.8987e-05
14124,0.999841,2.89683e-05
14127,0.999841,2.89497e-05
14130,0.999841,2.8931e-05
14133,0.999841,2.89124e-05
14136,0.999842,2.88937e-05
14139,0.999842,2.88751e-05
14142,0.999842,2.88565e-05
14145,0.999842,2.8838e-05
14148,0.999842,2.88194e-05
14151,0.999842,2.88009e-05
14154,0.999842,2.87823e-05
14157,0.999842,2.87638e-05
14160,0.999842,2.87453e-05
14163,0.999842,2.87268e-05
14166,0.999842,2.87084e-05
14169,0.999842,2.86899e-05
14172,0.999842,2.86715e-05
14175,0.999842,2.86531e-05
14178,0.999842,2.86347e-05
14181,0.999842,2.86163e-05
14184,0.999842,2.85979e-05
14187,0.999842,2.85795e-05
14190,0.999843,2.85612e-05
14193,0.999843,2.85428e-05
14196,0.999843,2.85245e-05
14199,0.999843,2.85062e-05
14202,0.999843,2.84879e-05
14205,0.999843,2.84696e-05
14208,0.999843,2.84514e-05
14211,0.999843,2.84331e-05
14214,0.999843,2.84149e-05
14217,0.999843,2.83967e-05
14220,0.999843,2.83785e-05
14223,0.999843,2.83603e-05
14226,0.999843,2.83421e-05
14229,0.999843,2.8324e-05
14232,0.999843,2.83059e-05
14235,0.999843,2.82877e-05
14238,0.999843,2.82696e-05
14241,0.999843,2.82515e-05
14244,0.999844,2.82334e-05
14247,0.999844,2.82154e-05
14250,0.999844,2.81973e-05
14253,0.999844,2.81793e-05
14256,0.999844,2.81613e-05
14259,0.999844,2.81433e-05
14262,0.999844,2.81253e-05
14265,0.999844,2.81073e-05
14268,0.999844,2.80893e-05
14271,0.999844,2.80714e-05
14274,0.999844,2.80534e-05
14277,0.999844,2.80355e-05
14280,0.999844,2.80176e-05
14283,0.999844,2.79997e-05
14286,0.999844,2.79818e-05
14289,0.999844,2.7964e-05
14292,0.999844,2.79461e-05
14295,0.999844,2.79283e-05
14298,0.999844,2.79105e-05
14301,0.999845,2.78927e-05
14304,0.999845,2.78749e-05
14307,0.999845,2.78571e-05
14310,0.999845,2.78393e-05
14313,0.999845,2.78216e-05
14316,0.999845,2.78039e-05
14319,0.999845,2.77861e-05
14322,0.999845,2.77684e-05
14325,0.999845,2.77507e-05
14328,0.999845,2.77331e-05
14331,0.999845,2.77154e-05
14334,0.999845,2.76978e-05
14337,0.999845,2.76801e-05
14340,0.999845,2.76625e-05
14343,0.999845,2.76449e-05
14346,0.999845,2.76273e-05
14349,0.999845,2.76097e-05
14352,0.999845,2.75922e-05
14355,0.999845,2.75746e-05
14358,0.999846,2.75571e-05
14361,0.999846,2.75396e-05
14364,0.999846,2.75221e-05
14367,0.999846,2.75046e-05
14370,0.999846,2.74871e-05
14373,0.999846,2.74696e-05
14376,0.999846,2.74522e-05
14379,0.999846,2.74347e-05
14382,0.999846,2.74173e-05
14385,0.999846,2.73999e-05
14388,0.999846,2.73825e-05
14391,0.999846,2.73651e-05
14394,0.999846,2.73477e-05
14397,0.999846,2.73304e-05
14400,0.999846,2.7313e-05
14403,0.999846,2.72957e-05
14406,0.999846,2.72784e-05
14409,0.999846,2.72611e-05
14412,0.999846,2.72438e-05
14415,0.999847,2.72265e-05
14418,0.999847,2.72093e-05
14421,0.999847,2.7192e-05
14424,0.999847,2.71748e-05
14427,0.999847,2.71576e-05
14430,0.999847,2.71404e-05
14433,0.999847,2.71232e-05
14436,0.999847,2.7106e-05
14439,0.999847,2.70888e-05
14442,0.999847,2.70717e-05
14445,0.999847,2.70546e-05
14448,0.999847,2.70374e-05
14451,0.999847,2.70203e-05
14454,0.999847,2.70032e-05
14457,0.999847,2.69862e-05
14460,0.999847,2.69691e-05
14463,0.999847,2.6952e-05
14466,0.999847,2.6935e-05
14469,0.999847,2.6918e-05
14472,0.999848,2.6901e-05
14475,0.999848,2.6884e-05
14478,0.999848,2.6867e-05
14481,0.999848,2.685e-05
14484,0.999848,2.68331e-05
14487,0.999848,2.68161e-05
14490,0.999848,2.67992e-05
14493,0.999848,2.67823e-05
14496,0.999848,2.67654e-05
14499,0.999848,2.67485e-05
14502,0.999848,2.67316e-05
14505,0.999848,2.67147e-05
14508,0.999848,2.66979e-05
14511,0.999848,2.6681e-05
14514,0.999848,2.66642e-05
14517,0.999848,2.66474e-05
14520,0.999848,2.66306e-05
14523,0.999848,2.66138e-05
14526,0.999848,2.65971e-05
14529,0.999848,2.65803e-05
14532,0.999849,2.65636e-05
14535,0.999849,2.65468e-05
14538,0.999849,2.65301e-05
14541,0.999849,2.65134e-05
14544,0.999849,2.64967e-05
14547,0.999849,2.64801e-05
14550,0.999849,2.64634e-05
14553,0.999849,2.64468e-05
14556,0.999849,2.64301e-05
14559,0.999849,2.64135e-05
14562,0.999849,2.63969e-05
14565,0.999849,2.63803e-05
14568,0.999849,2.63637e-05
14571,0.999849,2.63471e-05
14574,0.999849,2.63306e-05
14577,0.999849,2.6314e-05
14580,0.999849,2.62975e-05
14583,0.999849,2.6281e-05
14586,0.999849,2.62645e-05
14589,0.999849,2.6248e-05
14592,0.99985,2.62315e-05
14595,0.99985,2.62151e-05
14598,0.99985,2.61986e-05
14601,0.99985,2.61822e-05
14604,0.99985,2.61657e-05
14607,0.99985,2.61493e-05
14610,0.99985,2.61329e-05
14613,0.99985,2.61165e-05
14616,0.99985,2.61002e-05
14619,0.99985,2.60838e-05
14622,0.99985,2.60675e-05
14625,0.99985,2.60511e-05
14628,0.99985,2.60348e-05
14631,0.99985,2.60185e-05
14634,0.99985,2.60022e-05
14637,0.99985,2.59859e-05
14640,0.99985,2.59697e-05
14643,0.99985,2.59534e-05
14646,0.99985,2.59372e-05
14649,0.99985,2.59209e-05
14652,0.999851,2.59047e-05
14655,0.999851,2.58885e-05
14658,0.999851,2.58723e-05
14661,0.999851,2.58561e-05
14664,0.999851,2.584e-05
14667,0.999851,2.58238e-05
14670,0.999851,2.58077e-05
14673,0.999851,2.57915e-05
14676,0.999851,2.57754e-05
14679,0.999851,2.57593e-05
14682,0.999851,2.57432e-05
14685,0.999851,2.57272e-05
14688,0.999851,2.57111e-05
14691,0.999851,2.5695e-05
14694,0.999851,2.5679e-05
14697,0.999851,2.5663e-05
14700,0.999851,2.5647e-05
14703,0.999851,2.5631e-05
14706,0.999851,2.5615e-05
14709,0.999851,2.5599e-05
14712,0.999852,2.5583e-05
14715,0.999852,2.55671e-05
14718,0.999852,2.55511e-05
14721,0.999852,2.55352e-05
14724,0.999852,2.55193e-05
14727,0.999852,2.55034e-05
14730,0.999852,2.54875e-05
14733,0.999852,2.54716e-05
14736,0.999852,2.54558e-05
14739,0.999852,2.54399e-05
14742,0.999852,2.54241e-05
14745,0.999852,2.54082e-05
14748,0.999852,2.53924e-05
14751,0.999852,2.53766e-05
14754,0.999852,2.53609e-05
14757,0.999852,2.53451e-05
14760,0.999852,2.53293e-05
14763,0.999852,2.53136e-05
14766,0.999852,2.52978e-05
14769,0.999852,2.52821e-05
14772,0.999852,2.52664e-05
14775,0.999853,2.52507e-05
14778,0.999853,2.5235e-05
14781,0.999853,2.52193e-05
14784,0.999853,2.52036e-05
14787,0.999853,2.5188e-05
14790,0.999853,2.51723e-05
14793,0.999853,2.51567e-05
14796,0.999853,2.51411e-05
14799,0.999853,2.51255e-05
14802,0.999853,2.51099e-05
14805,0.999853,2.50943e-05
14808,0.999853,2.50788e-05
14811,0.999853,2.50632e-05
14814,0.999853,2.50477e-05
14817,0.999853,2.50321e-05
14820,0.999853,2.50166e-05
14823,0.999853,2.50011e-05
14826,0.999853,2.49856e-05
14829,0.999853,2.49701e-05
14832,0.999853,2.49547e-05
14835,0.999854,2.49392e-05
14838,0.999854,2.49238e-05
14841,0.999854,2.49083e-05
14844,0.999854,2.48929e-05
14847,0.999854,2.48775e-05
14850,0.999854,2.48621e-05
14853,0.999854,2.48467e-05
14856,0.999854,2.48313e-05
14859,0.999854,2.4816e-05
14862,0.999854,2.48006e-05
14865,0.999854,2.47853e-05
14868,0.999854,2.477e-05
14871,0.999854,2.47546e-05
14874,0.999854,2.47394e-05
14877,0.999854,2.47241e-05
14880,0.999854,2.47088e-05
14883,0.999854,2.46935e-05
14886,0.999854,2.46783e-05
14889,0.999854,2.4663e-05
14892,0.999854,2.46478e-05
14895,0.999854,2.46326e-05
14898,0.999855,2.46174e-05
14901,0.999855,2.46022e-05
14904,0.999855,2.4587e-05
14907,0.999855,2.45718e-05
14910,0.999855,2.45567e-05
14913,0.999855,2.45415e-05
14916,0.999855,2.45264e-05
14919,0.999855,2.45112e-05
14922,0.999855,2.44961e-05
14925,0.999855,2.4481e-05
14928,0.999855,2.4466e-05
14931,0.999855,2.44509e-05
14934,0.999855,2.44358e-05
14937,0.999855,2.44208e-05
14940,0.999855,2.44057e-05
14943,0.999855,2.43907e-05
14946,0.999855,2.43757e-05
14949,0.999855,2.43607e-05
14952,0.999855,2.43457e-05
14955,0.999855,2.43307e-05
14958,0.999855,2.43157e-05
14961,0.999855,2.43007e-05
14964,0.999856,2.42858e-05
14967,0.999856,2.42709e-05
14970,0.999856,2.42559e-05
14973,0.999856,2.4241e-05
14976,0.999856,2.42261e-05
14979,0.999856,2.42112e-05
14982,0.999856,2.41964e-05
14985,0.999856,2.41815e-05
14988,0.999856,2.41666e-05
14991,0.999856,2.41518e-05
14994,0.999856,2.4137e-05
14997,0.999856,2.41221e-05
15000,0.999856,2.41073e-05
15003,0.999856,2.40925e-05
15006,0.999856,2.40777e-05
15009,0.999856,2.4063e-05
15012,0.999856,2.40482e-05
15015,0.999856,2.40334e-05
15018,0.999856,2.40187e-05
15021,0.999856,2.4004e-05
15024,0.999856,2.39893e-05
15027,0.999856,2.39745e-05
15030,0.999857,2.39598e-05
15033,0.999857,2.39452e-05
15036,0.999857,2.39305e-05
15039,0.999857,2.39158e-05
15042,0.999857,2.39012e-05
15045,0.999857,2.38865e-05
15048,0.999857,2.38719e-05
15051,0.999857,2.38573e-05
15054,0.999857,2.38427e-05
15057,0.999857,2.38281e-05
15060,0.999857,2.38135e-05
15063,0.999857,2.37989e-05
15066,0.999857,2.37844e-05
15069,0.999857,2.37698e-05
15072,0.999857,2.37553e-05
15075,0.999857,2.37408e-05
15078,0.999857,2.37263e-05
15081,0.999857,2.37117e-05
15084,0.999857,2.36973e-05
15087,0.999857,2.36828e-05
15090,0.999857,2.36683e-05
15093,0.999857,2.36538e-05
15096,0.999858,2.36394e-05
15099,0.999858,2.3625e-05
15102,0.999858,2.36105e-05
15105,0.999858,2.35961e-05
15108,0.999858,2.35817e-05
15111,0.999858,2.35673e-05
15114,0.999858,2.35529e-05
15117,0.999858,2.35386e-05
15120,0.999858,2.35242e-05
15123,0.999858,2.35098e-05
15126,0.999858,2.34955e-05
15129,0.999858,2.34812e-05
15132,0.999858,2.34669e-05
15135,0.999858,2.34526e-05
15138,0.999858,2.34383e-05
15141,0.999858,2.3424e-05
15144,0.999858,2.34097e-05
15147,0.999858,2.33955e-05
15150,0.999858,2.33812e-05
15153,0.999858,2.3367e-05
15156,0.999858,2.33527e-05
15159,0.999858,2.33385e-05
15162,0.999859,2.33243e-05
15165,0.999859,2.33101e-05
15168,0.999859,2.32959e-05
15171,0.999859,2.32818e-05
15174,0.999859,2.32676e-05
15177,0.999859,2.32534e-05
15180,0.999859,2.32393e-05
15183,0.999859,2.32252e-05
15186,0.999859,2.32111e-05
15189,0.999859,2.31969e-05
15192,0.999859,2.31828e-05
15195,0.999859,2.31688e-05
15198,0.999859,2.31547e-05
15201,0.999859,2.31406e-05
15204,0.999859,2.31266e-05
15207,0.999859,2.31125e-05
15210,0.999859,2.30985e-05
15213,0.999859,2.30845e-05
15216,0.999859,2.30704e-05
15219,0.999859,2.30564e-05
15222,0.999859,2.30425e-05
15225,0.999859,2.30285e-05
15228,0.99986,2.30145e-05
15231,0.99986,2.30005e-05
15234,0.99986,2.29866e-05
15237,0.99986,2.29727e-05
15240,0.99986,2.29587e-05
15243,0.99986,2.29448e-05
15246,0.99986,2.29309e-05
15249,0.99986,2.2917e-05
15252,0.99986,2.29031e-05
15255,0.99986,2.28893e-05
15258,0.99986,2.28754e-05
15261,0.99986,2.28615e-05
15264,0.99986,2.28477e-05
15267,0.99986,2.28339e-05
15270,0.99986,2.28201e-05
15273,0.99986,2.28062e-05
15276,0.99986,2.27924e-05
15279,0.99986,2.27786e-05
15282,0.99986,2.27649e-05
15285,0.99986,2.27511e-05
15288,0.99986,2.27373e-05
15291,0.99986,2.27236e-05
15294,0.99986,2.27099e-05
15297,0.999861,2.26961e-05
15300,0.999861,2.26824e-05
15303,0.999861,2.26687e-05
15306,0.999861,2.2655e-05
15309,0.999861,2.26413e-05
15312,0.999861,2.26277e-05
15315,0.999861,2.2614e-05
15318,0.999861,2.26003e-05
15321,0.999861,2.25867e-05
15324,0.999861,2.25731e-05
15327,0.999861,2.25594e-05
15330,0.999861,2.25458e-05
15333,0.999861,2.25322e-05
15336,0.999861,2.25186e-05
15339,0.999861,2.2505e-05
15342,0.999861,2.24915e-05
15345,0.999861,2.24779e-05
15348,0.999861,2.24644e-05
15351,0.999861,2.24508e-05
15354,0.999861,2.24373e-05
15357,0.999861,2.24238e-05
15360,0.999861,2.24103e-05
15363,0.999861,2.23968e-05
15366,0.999861,2.23833e-05
15369,0.999862,2.23698e-05
15372,0.999862,2.23563e-05
15375,0.999862,2.23429e-05
15378,0.999862,2.23294e-05
15381,0.999862,2.2316e-05
15384,0.999862,2.23026e-05
15387,0.999862,2.22891e-05
15390,0.999862,2.22757e-05
15393,0.999862,2.22623e-05
15396,0.999862,2.22489e-05
15399,0.999862,2.22356e-05
15402,0.999862,2.22222e-05
15405,0.999862,2.22088e-05
15408,0.999862,2.21955e-05
15411,0.999862,2.21822e-05
15414,0.999862,2.21688e-05
15417,0.999862,2.21555e-05
15420,0.999862,2.21422e-05
15423,0.999862,2.21289e-05
15426,0.999862,2.21156e-05
15429,0.999862,2.21023e-05
15432,0.999862,2.20891e-05
15435,0.999862,2.20758e-05
15438,0.999863,2.20626e-05
15441,0.999863,2.20493e-05
15444,0.999863,2.20361e-05
15447,0.999863,2.20229e-05
15450,0.999863,2.20097e-05
15453,0.999863,2.19965e-05
15456,0.999863,2.19833e-05
15459,0.999863,2.19701e-05
15462,0.999863,2.1957e-05
15465,0.999863,2.19438e-05
15468,0.999863,2.19306e-05
15471,0.999863,2.19175e-05
15474,0.999863,2.19044e-05
15477,0.999863,2.18913e-05
15480,0.999863,2.18782e-05
15483,0.999863,2.18651e-05
15486,0.999863,2.1852e-05
15489,0.999863,2.18389e-05
15492,0.999863,2.18258e-05
15495,0.999863,2.18128e-05
15498,0.999863,2.17997e-05
15501,0.999863,2.17867e-05
15504,0.999863,2.17736e-05
15507,0.999863,2.17606e-05
15510,0.999864,2.17476e-05
15513,0.999864,2.17346e-05
15516,0.999864,2.17216e-05
15519,0.999864,2.17086e-05
15522,0.999864,2.16957e-05
15525,0.999864,2.16827e-05
15528,0.999864,2.16698e-05
15531,0.999864,2.16568e-05
15534,0.999864,2.16439e-05
15537,0.999864,2.1631e-05
15540,0.999864,2.16181e-05
15543,0.999864,2.16051e-05
15546,0.999864,2.15923e-05
15549,0.999864,2.15794e-05
15552,0.999864,2.15665e-05
15555,0.999864,2.15536e-05
15558,0.999864,2.15408e-05
15561,0.999864,2.15279e-05
15564,0.999864,2.15151e-05
15567,0.999864,2.15023e-05
15570,0.999864,2.14895e-05
15573,0.999864,2.14766e-05
15576,0.999864,2.14638e-05
15579,0.999864,2.14511e-05
15582,0.999865,2.14383e-05
15585,0.999865,2.14255e-05
15588,0.999865,2.14128e-05
15591,0.999865,2.14e-05
15594,0.999865,2.13873e-05
15597,0.999865,2.13745e-05
15600,0.999865,2.13618e-05
15603,0.999865,2.13491e-05
15606,0.999865,2.13364e-05
15609,0.999865,2.13237e-05
15612,0.999865,2.1311e-05
15615,0.999865,2.12983e-05
15618,0.999865,2.12857e-05
15621,0.999865,2.1273e-05
15624,0.999865,2.12604e-05
15627,0.999865,2.12477e-05
15630,0.999865,2.12351e-05
15633,0.999865,2.12225e-05
15636,0.999865,2.12099e-05
15639,0.999865,2.11973e-05
15642,0.999865,2.11847e-05
15645,0.999865,2.11721e-05
15648,0.999865,2.11596e-05
15651,0.999865,2.1147e-05
15654,0.999865,2.11344e-05
15657,0.999866,2.11219e-05
15660,0.999866,2.11094e-05
15663,0.999866,2.10968e-05
15666,0.999866,2.10843e-05
15669,0.999866,2.10718e-05
15672,0.999866,2.10593e-05
15675,0.999866,2.10468e-05
15678,0.999866,2.10344e-05
15681,0.999866,2.10219e-05
15684,0.999866,2.10094e-05
15687,0.999866,2.0997e-05
15690,0.999866,2.09845e-05
15693,0.999866,2.09721e-05
15696,0.999866,2.09597e-05
15699,0.999866,2.09473e-05
15702,0.999866,2.09349e-05
15705,0.999866,2.09225e-05
15708,0.999866,2.09101e-05
15711,0.999866,2.08977e-05
15714,0.999866,2.08854e-05
15717,0.999866,2.0873e-05
15720,0.999866,2.08607e-05
15723,0.999866,2.08483e-05
15726,0.999866,2.0836e-05
15729,0.999866,2.08237e-05
15732,0.999867,2.08114e-05
15735,0.999867,2.0799e-05
15738,0.999867,2.07868e-05
15741,0.999867,2.07745e-05
15744,0.999867,2.07622e-05
15747,0.999867,2.07499e-05
15750,0.999867,2.07377e-05
15753,0.999867,2.07254e-05
15756,0.999867,2.07132e-05
15759,0.999867,2.07009e-05
15762,0.999867,2.06887e-05
15765,0.999867,2.06765e-05
15768,0.999867,2.06643e-05
15771,0.999867,2.06521e-05
15774,0.999867,2.06399e-05
15777,0.999867,2.06278e-05
15780,0.999867,2.06156e-05
15783,0.999867,2.06034e-05
15786,0.999867,2.05913e-05
15789,0.999867,2.05791e-05
15792,0.999867,2.0567e-05
15795,0.999867,2.05549e-05
15798,0.999867,2.05428e-05
15801,0.999867,2.05307e-05
15804,0.999867,2.05186e-05
15807,0.999868,2.05065e-05
15810,0.999868,2.04944e-05
15813,0.999868,2.04823e-05
15816,0.999868,2.04703e-05
15819,0.999868,2.04582e-05
15822,0.999868,2.04462e-05
15825,0.999868,2.04342e-05
15828,0.999868,2.04221e-05
15831,0.999868,2.04101e-05
15834,0.999868,2.03981e-05
15837,0.999868,2.03861e-05
15840,0.999868,2.03741e-05
15843,0.999868,2.03621e-05
15846,0.999868,2.03502e-05
15849,0.999868,2.03382e-05
15852,0.999868,2.03263e-05
15855,0.999868,2.03143e-05
15858,0.999868,2.03024e-05
15861,0.999868,2.02905e-05
15864,0.999868,2.02785e-05
15867,0.999868,2.02666e-05
15870,0.999868,2.02547e-05
15873,0.999868,2.02428e-05
15876,0.999868,2.02309e-05
15879,0.999868,2.02191e-05
15882,0.999868,2.02072e-05
15885,0.999869,2.01953e-05
15888,0.999869,2.01835e-05
15891,0.999869,2.01717e-05
15894,0.999869,2.01598e-05
15897,0.999869,2.0148e-05
15900,0.999869,2.01362e-05
15903,0.999869,2.01244e-05
15906,0.999869,2.01126e-05
15909,0.999869,2.01008e-05
15912,0.999869,2.0089e-05
15915,0.999869,2.00772e-05
15918,0.999869,2.00655e-05
15921,0.999869,2.00537e-05
15924,0.999869,2.0042e-05
15927,0.999869,2.00303e-05
15930,0.999869,2.00185e-05
15933,0.999869,2.00068e-05
15936,0.999869,1.99951e-05
15939,0.999869,1.99834e-05
15942,0.999869,1.99717e-05
15945,0.999869,1.996e-05
15948,0.999869,1.99483e-05
15951,0.999869,1.99367e-05
15954,0.999869,1.9925e-05
15957,0.999869,1.99134e-05
15960,0.999869,1.99017e-05
15963,0.99987,1.98901e-05
15966,0.99987,1.98785e-05
15969,0.99987,1.98668e-05
15972,0.99987,1.98552e-05
15975,0.99987,1.98436e-05
15978,0.99987,1.9832e-05
15981,0.99987,1.98205e-05
15984,0.99987,1.98089e-05
15987,0.99987,1.97973e-05
15990,0.99987,1.97858e-05
15993,0.99987,1.97742e-05
15996,0.99987,1.97627e-05
15999,0.99987,1.97511e-05
16002,0.99987,1.97396e-05
16005,0.99987,1.97281e-05
16008,0.99987,1.97166e-05
16011,0.99987,1.97051e-05
16014,0.99987,1.96936e-05
16017,0.99987,1.96821e-05
16020,0.99987,1.96706e-05
16023,0.99987,1.96592e-05
16026,0.99987,1.96477e-05
16029,0.99987,1.96363e-05
16032,0.99987,1.96248e-05
16035,0.99987,1.96134e-05
16038,0.99987,1.9602e-05
16041,0.999871,1.95906e-05
16044,0.999871,1.95792e-05
16047,0.999871,1.95678e-05
16050,0.999871,1.95564e-05
16053,0.999871,1.9545e-05
16056,0.999871,1.95336e-05
16059,0.999871,1.95222e-05
16062,0.999871,1.95109e-05
16065,0.999871,1.94995e-05
16068,0.999871,1.94882e-05
16071,0.999871,1.94769e-05
16074,0.999871,1.94655e-05
16077,0.999871,1.94542e-05
16080,0.999871,1.94429e-05
16083,0.999871,1.94316e-05
16086,0.999871,1.94203e-05
16089,0.999871,1.9409e-05
16092,0.999871,1.93978e-05
16095,0.999871,1.93865e-05
16098,0.999871,1.93752e-05
16101,0.999871,1.9364e-05
16104,0.999871,1.93527e-05
16107,0.999871,1.93415e-05
16110,0.999871,1.93303e-05
16113,0.999871,1.93191e-05
16116,0.999871,1.93079e-05
16119,0.999871,1.92966e-05
16122,0.999872,1.92855e-05
16125,0.999872,1.92743e-05
16128,0.999872,1.92631e-05
16131,0.999872,1.92519e-05
16134,0.999872,1.92408e-05
16137,0.999872,1.92296e-05
16140,0.999872,1.92185e-05
16143,0.999872,1.92073e-05
16146,0.999872,1.91962e-05
16149,0.999872,1.91851e-05
16152,0.999872,1.9174e-05
16155,0.999872,1.91628e-05
16158,0.999872,1.91518e-05
16161,0.999872,1.91407e-05
16164,0.999872,1.91296e-05
16167,0.999872,1.91185e-05
16170,0.999872,1.91074e-05
16173,0.999872,1.90964e-05
16176,0.999872,1.90853e-05
16179,0.999872,1.90743e-05
16182,0.999872,1.90633e-05
16185,0.999872,1.90522e-05
16188,0.999872,1.90412e-05
16191,0.999872,1.90302e-05
16194,0.999872,1.90192e-05
16197,0.999872,1.90082e-05
16200,0.999872,1.89972e-05
16203,0.999872,1.89862e-05
16206,0.999873,1.89753e-05
16209,0.999873,1.89643e-05
16212,0.999873,1.89534e-05
16215,0.999873,1.89424e-05
16218,0.999873,1.89315e-05
16221,0.999873,1.89205e-05
16224,0.999873,1.89096e-05
16227,0.999873,1.88987e-05
16230,0.999873,1.88878e-05
16233,0.999873,1.88769e-05
16236,0.999873,1.8866e-05
16239,0.999873,1.88551e-05
16242,0.999873,1.88443e-05
16245,0.999873,1.88334e-05
16248,0.999873,1.88225e-05
16251,0.999873,1.88117e-05
16254,0.999873,1.88008e-05
16257,0.999873,1.879e-05
16260,0.999873,1.87792e-05
16263,0.999873,1.87683e-05
16266,0.999873,1.87575e-05
16269,0.999873,1.87467e-05
16272,0.999873,1.87359e-05
16275,0.999873,1.87251e-05
16278,0.999873,1.87144e-05
16281,0.999873,1.87036e-05
16284,0.999873,1.86928e-05
16287,0.999874,1.8682e-05
16290,0.999874,1.86713e-05
16293,0.999874,1.86606e-05
16296,0.999874,1.86498e-05
16299,0.999874,1.86391e-05
16302,0.999874,1.86284e-05
16305,0.999874,1.86177e-05
16308,0.999874,1.8607e-05
16311,0.999874,1.85963e-05
16314,0.999874,1.85856e-05
16317,0.999874,1.85749e-05
16320,0.999874,1.85642e-05
16323,0.999874,1.85535e-05
16326,0.999874,1.85429e-05
16329,0.999874,1.85322e-05
16332,0.999874,1.85216e-05
16335,0.999874,1.85109e-05
16338,0.999874,1.85003e-05
16341,0.999874,1.84897e-05
16344,0.999874,1.84791e-05
16347,0.999874,1.84685e-05
16350,0.999874,1.84579e-05
16353,0.999874,1.84473e-05
16356,0.999874,1.84367e-05
16359,0.999874,1.84261e-05
16362,0.999874,1.84156e-05
16365,0.999874,1.8405e-05
16368,0.999874,1.83944e-05
16371,0.999874,1.83839e-05
16374,0.999875,1.83734e-05
16377,0.999875,1.83628e-05
16380,0.999875,1.83523e-05
16383,0.999875,1.83418e-05
16386,0.999875,1.83313e-05
16389,0.999875,1.83208e-05
16392,0.999875,1.83103e-05
16395,0.999875,1.82998e-05
16398,0.999875,1.82893e-05
16401,0.999875,1.82788e-05
16404,0.999875,1.82684e-05
16407,0.999875,1.82579e-05
16410,0.999875,1.82475e-05
16413,0.999875,1.8237e-05
16416,0.999875,1.82266e-05
16419,0.999875,1.82162e-05
16422,0.999875,1.82058e-05
16425,0.999875,1.81953e-05
16428,0.999875,1.81849e-05
16431,0.999875,1.81745e-05
16434,0.999875,1.81642e-05
16437,0.999875,1.81538e-05
16440,0.999875,1.81434e-05
16443,0.999875,1.8133e-05
16446,0.999875,1.81227e-05
16449,0.999875,1.81123e-05
16452,0.999875,1.8102e-05
16455,0.999875,1.80916e-05
16458,0.999876,1.80813e-05
16461,0.999876,1.8071e-05
16464,0.999876,1.80607e-05
16467,0.999876,1.80504e-05
16470,0.999876,1.80401e-05
16473,0.999876,1.80298e-05
16476,0.999876,1.80195e-05
16479,0.999876,1.80092e-05
16482,0.999876,1.79989e-05
16485,0.999876,1.79887e-05
16488,0.999876,1.79784e-05
16491,0.999876,1.79682e-05
16494,0.999876,1.79579e-05
16497,0.999876,1.79477e-05
16500,0.999876,1.79375e-05
16503,0.999876,1.79272e-05
16506,0.999876,1.7917e-05
16509,0.999876,1.79068e-05
16512,0.999876,1.78966e-05
16515,0.999876,1.78864e-05
16518,0.999876,1.78762e-05
16521,0.999876,1.78661e-05
16524,0.999876,1.78559e-05
16527,0.999876,1.78457e-05
16530,0.999876,1.78356e-05
16533,0.999876,1.78254e-05
16536,0.999876,1.78153e-05
16539,0.999876,1.78051e-05
16542,0.999876,1.7795e-05
16545,0.999877,1.77849e-05
16548,0.999877,1.77748e-05
16551,0.999877,1.77647e-05
16554,0.999877,1.77546e-05
16557,0.999877,1.77445e-05
16560,0.999877,1.77344e-05
16563,0.999877,1.77243e-05
16566,0.999877,1.77143e-05
16569,0.999877,1.77042e-05
16572,0.999877,1.76941e-05
16575,0.999877,1.76841e-05
16578,0.999877,1.7674e-05
16581,0.999877,1.7664e-05
16584,0.999877,1.7654e-05
16587,0.999877,1.7644e-05
16590,0.999877,1.76339e-05
16593,0.999877,1.76239e-05
16596,0.999877,1.76139e-05
16599,0.999877,1.76039e-05
16602,0.999877,1.7594e-05
16605,0.999877,1.7584e-05
16608,0.999877,1.7574e-05
16611,0.999877,1.7564e-05
16614,0.999877,1.75541e-05
16617,0.999877,1.75441e-05
16620,0.999877,1.75342e-05
16623,0.999877,1.75243e-05
16626,0.999877,1.75143e-05
16629,0.999877,1.75044e-05
16632,0.999877,1.74945e-05
16635,0.999878,1.74846e-05
16638,0.999878,1.74747e-05
16641,0.999878,1.74648e-05
16644,0.999878,1.74549e-05
16647,0.999878,1.7445e-05
16650,0.999878,1.74351e-05
16653,0.999878,1.74253e-05
16656,0.999878,1.74154e-05
16659,0.999878,1.74056e-05
16662,0.999878,1.73957e-05
16665,0.999878,1.73859e-05
16668,0.999878,1.7376e-05
16671,0.999878,1.73662e-05
16674,0.999878,1.73564e-05
16677,0.999878,1.73466e-05
16680,0.999878,1.73368e-05
16683,0.999878,1.7327e-05
16686,0.999878,1.73172e-05
16689,0.999878,1.73074e-05
16692,0.999878,1.72976e-05
16695,0.999878,1.72879e-05
16698,0.999878,1.72781e-05
16701,0.999878,1.72683e-05
16704,0.999878,1.72586e-05
16707,0.999878,1.72488e-05
16710,0.999878,1.72391e-05
16713,0.999878,1.72294e-05
16716,0.999878,1.72197e-05
16719,0.999878,1.72099e-05
16722,0.999878,1.72002e-05
16725,0.999879,1.71905e-05
16728,0.999879,1.71808e-05
16731,0.999879,1.71711e-05
16734,0.999879,1.71615e-05
16737,0.999879,1.71518e-05
16740,0.999879,1.71421e-05
16743,0.999879,1.71325e-05
16746,0.999879,1.71228e-05
16749,0.999879,1.71131e-05
16752,0.999879,1.71035e-05
16755,0.999879,1.70939e-05
16758,0.999879,1.70842e-05
16761,0.999879,1.70746e-05
16764,0.999879,1.7065e-05
16767,0.999879,1.70554e-05
16770,0.999879,1.70458e-05
16773,0.999879,1.70362e-05
16776,0.999879,1.70266e-05
16779,0.999879,1.7017e-05
16782,0.999879,1.70075e-05
16785,0.999879,1.69979e-05
16788,0.999879,1.69883e-05
16791,0.999879,1.69788e-05
16794,0.999879,1.69692e-05
16797,0.999879,1.69597e-05
16800,0.999879,1.69502e-05
16803,0.999879,1.69406e-05
16806,0.999879,1.69311e-05
16809,0.999879,1.69216e-05
16812,0.999879,1.69121e-05
16815,0.999879,1.69026e-05
16818,0.99988,1.68931e-05
16821,0.99988,1.68836e-05
16824,0.99988,1.68741e-05
16827,0.99988,1.68646e-05
16830,0.99988,1.68552e-05
16833,0.99988,1.68457e-05
16836,0.99988,1.68363e-05
16839,0.99988,1.68268e-05
16842,0.99988,1.68174e-05
16845,0.99988,1.68079e-05
16848,0.99988,1.67985e-05
16851,0.99988,1.67891e-05
16854,0.99988,1.67797e-05
16857,0.99988,1.67703e-05
16860,0.99988,1.67609e-05
16863,0.99988,1.67515e-05
16866,0.99988,1.67421e-05
16869,0.99988,1.67327e-05
16872,0.99988,1.67233e-05
16875,0.99988,1.67139e-05
16878,0.99988,1.67046e-05
16881,0.99988,1.66952e-05
16884,0.99988,1.66859e-05
16887,0.99988,1.66765e-05
16890,0.99988,1.66672e-05
16893,0.99988,1.66578e-05
16896,0.99988,1.66485e-05
16899,0.99988,1.66392e-05
16902,0.99988,1.66299e-05
16905,0.99988,1.66206e-05
16908,0.99988,1.66113e-05
16911,0.999881,1.6602e-05
16914,0.999881,1.65927e-05
16917,0.999881,1.65834e-05
16920,0.999881,1.65742e-05
16923,0.999881,1.65649e-05
16926,0.999881,1.65556e-05
16929,0.999881,1.65464e-05
16932,0.999881,1.65371e-05
16935,0.999881,1.65279e-05
16938,0.999881,1.65187e-05
16941,0.999881,1.65094e-05
16944,0.999881,1.65002e-05
16947,0.999881,1.6491e-05
16950,0.999881,1.64818e-05
16953,0.999881,1.64726e-05
16956,0.999881,1.64634e-05
16959,0.999881,1.64542e-05
16962,0.999881,1.6445e-05
16965,0.999881,1.64358e-05
16968,0.999881,1.64267e-05
16971,0.999881,1.64175e-05
16974,0.999881,1.64083e-05
16977,0.999881,1.63992e-05
16980,0.999881,1.639e-05
16983,0.999881,1.63809e-05
16986,0.999881,1.63718e-05
16989,0.999881,1.63626e-05
16992,0.999881,1.63535e-05
16995,0.999881,1.63444e-05
16998,0.999881,1.63353e-05
17001,0.999881,1.63262e-05
17004,0.999881,1.63171e-05
17007,0.999882,1.6308e-05
17010,0.999882,1.62989e-05
17013,0.999882,1.62898e-05
17016,0.999882,1.62808e-05
17019,0.999882,1.62717e-05
17022,0.999882,1.62626e-05
17025,0.999882,1.62536e-05
17028,0.999882,1.62445e-05
17031,0.999882,1.62355e-05
17034,0.999882,1.62265e-05
17037,0.999882,1.62174e-05
17040,0.999882,1.62084e-05
17043,0.999882,1.61994e-05
17046,0.999882,1.61904e-05
17049,0.999882,1.61814e-05
17052,0.999882,1.61724e-05
17055,0.999882,1.61634e-05
17058,0.999882,1.61544e-05
17061,0.999882,1.61455e-05
17064,0.999882,1.61365e-05
17067,0.999882,1.61275e-05
17070,0.999882,1.61186e-05
17073,0.999882,1.61096e-05
17076,0.999882,1.61007e-05
17079,0.999882,1.60917e-05
17082,0.999882,1.60828e-05
17085,0.999882,1.60739e-05
17088,0.999882,1.60649e-05
17091,0.999882,1.6056e-05
17094,0.999882,1.60471e-05
17097,0.999882,1.60382e-05
17100,0.999882,1.60293e-05
17103,0.999883,1.60204e-05
17106,0.999883,1.60115e-05
17109,0.999883,1.60026e-05
17112,0.999883,1.59938e-05
17115,0.999883,1.59849e-05
17118,0.999883,1.5976e-05
17121,0.999883,1.59672e-05
17124,0.999883,1.59583e-05
17127,0.999883,1.59495e-05
17130,0.999883,1.59407e-05
17133,0.999883,1.59318e-05
17136,0.999883,1.5923e-05
17139,0.999883,1.59142e-05
17142,0.999883,1.59054e-05
17145,0.999883,1.58966e-05
17148,0.999883,1.58878e-05
17151,0.999883,1.5879e-05
17154,0.999883,1.58702e-05
17157,0.999883,1.58614e-05
17160,0.999883,1.58526e-05
17163,0.999883,1.58438e-05
17166,0.999883,1.58351e-05
17169,0.999883,1.58263e-05
17172,0.999883,1.58176e-05
17175,0.999883,1.58088e-05
17178,0.999883,1.58001e-05
17181,0.999883,1.57913e-05
17184,0.999883,1.57826e-05
17187,0.999883,1.57739e-05
17190,0.999883,1.57652e-05
17193,0.999883,1.57564e-05
17196,0.999883,1.57477e-05
17199,0.999883,1.5739e-05
17202,0.999884,1.57303e-05
17205,0.999884,1.57217e-05
17208,0.999884,1.5713e-05
17211,0.999884,1.57043e-05
17214,0.999884,1.56956e-05
17217,0.999884,1.5687e-05
17220,0.999884,1.56783e-05
17223,0.999884,1.56696e-05
17226,0.999884,1.5661e-05
17229,0.999884,1.56523e-05
17232,0.999884,1.56437e-05
17235,0.999884,1.56351e-05
17238,0.999884,1.56265e-05
17241,0.999884,1.56178e-05
17244,0.999884,1.56092e-05
17247,0.999884,1.56006e-05
17250,0.999884,1.5592e-05
17253,0.999884,1.55834e-05
17256,0.999884,1.55748e-05
17259,0.999884,1.55662e-05
17262,0.999884,1.55577e-05
17265,0.999884,1.55491e-05
17268,0.999884,1.55405e-05
17271,0.999884,1.5532e-05
17274,0.999884,1.55234e-05
17277,0.999884,1.55149e-05
17280,0.999884,1.55063e-05
17283,0.999884,1.54978e-05
17286,0.999884,1.54892e-05
17289,0.999884,1.54807e-05
17292,0.999884,1.54722e-05
17295,0.999884,1.54637e-05
17298,0.999884,1.54552e-05
17301,0.999884,1.54467e-05
17304,0.999885,1.54382e-05
17307,0.999885,1.54297e-05
17310,0.999885,1.54212e-05
17313,0.999885,1.54127e-05
17316,0.999885,1.54042e-05
17319,0.999885,1.53958e-05
17322,0.999885,1.53873e-05
17325,0.999885,1.53789e-05
17328,0.999885,1.53704e-05
17331,0.999885,1.5362e-05
17334,0.999885,1.53535e-05
17337,0.999885,1.53451e-05
17340,0.999885,1.53367e-05
17343,0.999885,1.53282e-05
17346,0.999885,1.53198e-05
17349,0.999885,1.53114e-05
17352,0.999885,1.5303e-05
17355,0.999885,1.52946e-05
17358,0.999885,1.52862e-05
17361,0.999885,1.52778e-05
17364,0.999885,1.52694e-05
17367,0.999885,1.52611e-05
17370,0.999885,1.52527e-05
17373,0.999885,1.52443e-05
17376,0.999885,1.5236e-05
17379,0.999885,1.52276e-05
17382,0.999885,1.52193e-05
17385,0.999885,1.52109e-05
17388,0.999885,1.52026e-05
17391,0.999885,1.51942e-05
17394,0.999885,1.51859e-05
17397,0.999885,1.51776e-05
17400,0.999885,1.51693e-05
17403,0.999885,1.5161e-05
17406,0.999886,1.51527e-05
17409,0.999886,1.51444e-05
17412,0.999886,1.51361e-05
17415,0.999886,1.51278e-05
17418,0.999886,1.51195e-05
17421,0.999886,1.51112e-05
17424,0.999886,1.5103e-05
17427,0.999886,1.50947e-05
17430,0.999886,1.50864e-05
17433,0.999886,1.50782e-05
17436,0.999886,1.50699e-05
17439,0.999886,1.50617e-05
17442,0.999886,1.50535e-05
17445,0.999886,1.50452e-05
17448,0.999886,1.5037e-05
17451,0.999886,1.50288e-05
17454,0.999886,1.50206e-05
17457,0.999886,1.50124e-05
17460,0.999886,1.50041e-05
17463,0.999886,1.49959e-05
17466,0.999886,1.49878e-05
17469,0.999886,1.49796e-05
17472,0.999886,1.49714e-05
17475,0.999886,1.49632e-05
17478,0.999886,1.4955e-05
17481,0.999886,1.49469e-05
17484,0.999886,1.49387e-05
17487,0.999886,1.49306e-05
17490,0.999886,1.49224e-05
17493,0.999886,1.49143e-05
17496,0.999886,1.49061e-05
17499,0.999886,1.4898e-05
17502,0.999886,1.48899e-05
17505,0.999886,1.48817e-05
17508,0.999886,1.48736e-05
17511,0.999887,1.48655e-05
17514,0.999887,1.48574e-05
17517,0.999887,1.48493e-05
17520,0.999887,1.48412e-05
17523,0.999887,1.48331e-05
17526,0.999887,1.4825e-05
17529,0.999887,1.4817e-05
17532,0.999887,1.48089e-05
17535,0.999887,1.48008e-05
17538,0.999887,1.47928e-05
17541,0.999887,1.47847e-05
17544,0.999887,1.47767e-05
17547,0.999887,1.47686e-05
17550,0.999887,1.47606e-05
17553,0.999887,1.47525e-05
17556,0.999887,1.47445e-05
17559,0.999887,1.47365e-05
17562,0.999887,1.47285e-05
17565,0.999887,1.47205e-05
17568,0.999887,1.47124e-05
17571,0.999887,1.47044e-05
17574,0.999887,1.46964e-05
17577,0.999887,1.46885e-05
17580,0.999887,1.46805e-05
17583,0.999887,1.46725e-05
17586,0.999887,1.46645e-05
17589,0.999887,1.46565e-05
17592,0.999887,1.46486e-05
17595,0.999887,1.46406e-05
17598,0.999887,1.46327e-05
17601,0.999887,1.46247e-05
17604,0.999887,1.46168e-05
17607,0.999887,1.46088e-05
17610,0.999887,1.46009e-05
17613,0.999887,1.4593e-05
17616,0.999887,1.4585e-05
17619,0.999888,1.45771e-05
17622,0.999888,1.45692e-05
17625,0.999888,1.45613e-05
17628,0.999888,1.45534e-05
17631,0.999888,1.45455e-05
17634,0.999888,1.45376e-05
17637,0.999888,1.45297e-05
17640,0.999888,1.45218e-05
17643,0.999888,1.4514e-05
17646,0.999888,1.45061e-05
17649,0.999888,1.44982e-05
17652,0.999888,1.44904e-05
17655,0.999888,1.44825e-05
17658,0.999888,1.44747e-05
17661,0.999888,1.44668e-05
17664,0.999888,1.4459e-05
17667,0.999888,1.44511e-05
17670,0.999888,1.44433e-05
17673,0.999888,1.44355e-05
17676,0.999888,1.44277e-05
17679,0.999888,1.44199e-05
17682,0.999888,1.44121e-05
17685,0.999888,1.44043e-05
17688,0.999888,1.43965e-05
17691,0.999888,1.43887e-05
17694,0.999888,1.43809e-05
17697,0.999888,1.43731e-05
17700,0.999888,1.43653e-05
17703,0.999888,1.43575e-05
17706,0.999888,1.43498e-05
17709,0.999888,1.4342e-05
17712,0.999888,1.43343e-05
17715,0.999888,1.43265e-05
17718,0.999888,1.43188e-05
17721,0.999888,1.4311e-05
17724,0.999888,1.43033e-05
17727,0.999889,1.42956e-05
17730,0.999889,1.42878e-05
17733,0.999889,1.42801e-05
17736,0.999889,1.42724e-05
17739,0.999889,1.42647e-05
17742,0.999889,1.4257e-05
17745,0.999889,1.42493e-05
17748,0.999889,1.42416e-05
17751,0.999889,1.42339e-05
17754,0.999889,1.42262e-05
17757,0.999889,1.42185e-05
17760,0.999889,1.42109e-05
17763,0.999889,1.42032e-05
17766,0.999889,1.41955e-05
17769,0.999889,1.41879e-05
17772,0.999889,1.41802e-05
17775,0.999889,1.41726e-05
17778,0.999889,1.41649e-05
17781,0.999889,1.41573e-05
17784,0.999889,1.41496e-05
17787,0.999889,1.4142e-05
17790,0.999889,1.41344e-05
17793,0.999889,1.41268e-05
17796,0.999889,1.41192e-05
17799,0.999889,1.41116e-05
17802,0.999889,1.4104e-05
17805,0.999889,1.40963e-05
17808,0.999889,1.40888e-05
17811,0.999889,1.40812e-05
17814,0.999889,1.40736e-05
17817,0.999889,1.4066e-05
17820,0.999889,1.40584e-05
17823,0.999889,1.40509e-05
17826,0.999889,1.40433e-05
17829,0.999889,1.40357e-05
17832,0.999889,1.40282e-05
17835,0.999889,1.40206e-05
17838,0.99989,1.40131e-05
17841,0.99989,1.40056e-05
17844,0.99989,1.3998e-05
17847,0.99989,1.39905e-05
17850,0.99989,1.3983e-05
17853,0.99989,1.39755e-05
17856,0.99989,1.39679e-05
17859,0.99989,1.39604e-05
17862,0.99989,1.39529e-05
17865,0.99989,1.39454e-05
17868,0.99989,1.39379e-05
17871,0.99989,1.39304e-05
17874,0.99989,1.3923e-05
17877,0.99989,1.39155e-05
17880,0.99989,1.3908e-05
17883,0.99989,1.39005e-05
17886,0.99989,1.38931e-05
17889,0.99989,1.38856e-05
17892,0.99989,1.38782e-05
17895,0.99989,1.38707e-05
17898,0.99989,1.38633e-05
17901,0.99989,1.38558e-05
17904,0.99989,1.38484e-05
17907,0.99989,1.3841e-05
17910,0.99989,1.38335e-05
17913,0.99989,1.38261e-05
17916,0.99989,1.38187e-05
17919,0.99989,1.38113e-05
17922,0.99989,1.38039e-05
17925,0.99989,1.37965e-05
17928,0.99989,1.37891e-05
17931,0.99989,1.37817e-05
17934,0.99989,1.37743e-05
17937,0.99989,1.37669e-05
17940,0.99989,1.37595e-05
17943,0.99989,1.37522e-05
17946,0.99989,1.37448e-05
17949,0.999891,1.37374e-05
17952,0.999891,1.37301e-05
17955,0.999891,1.37227e-05
17958,0.999891,1.37154e-05
17961,0.999891,1.3708e-05
17964,0.999891,1.37007e-05
17967,0.999891,1.36934e-05
17970,0.999891,1.3686e-05
17973,0.999891,1.36787e-05
17976,0.999891,1.36714e-05
17979,0.999891,1.36641e-05
17982,0.999891,1.36568e-05
17985,0.999891,1.36495e-05
17988,0.999891,1.36422e-05
17991,0.999891,1.36349e-05
17994,0.999891,1.36276e-05
17997,0.999891,1.36203e-05
18000,0.999891,1.3613e-05
