time_s,distance_10um,force_nN
0,0.9,0.564686
3,0.900111,0.56375
6,0.900221,0.562815
9,0.900331,0.561883
12,0.900441,0.560954
15,0.900551,0.560026
18,0.900661,0.5591
21,0.90077,0.558176
24,0.900879,0.557255
27,0.900988,0.556335
30,0.901097,0.555417
33,0.901206,0.554502
36,0.901314,0.553588
39,0.901423,0.552677
42,0.901531,0.551768
45,0.901639,0.55086
48,0.901747,0.549955
51,0.901854,0.549051
54,0.901962,0.54815
57,0.902069,0.547251
60,0.902176,0.546353
63,0.902283,0.545458
66,0.90239,0.544564
69,0.902496,0.543673
72,0.902603,0.542783
75,0.902709,0.541896
78,0.902815,0.54101
81,0.902921,0.540127
84,0.903026,0.539245
87,0.903132,0.538365
90,0.903237,0.537488
93,0.903342,0.536612
96,0.903447,0.535738
99,0.903552,0.534866
102,0.903657,0.533996
105,0.903761,0.533128
108,0.903866,0.532261
111,0.90397,0.531397
114,0.904074,0.530535
117,0.904177,0.529674
120,0.904281,0.528815
123,0.904384,0.527958
126,0.904488,0.527103
129,0.904591,0.52625
132,0.904694,0.525399
135,0.904796,0.52455
138,0.904899,0.523702
141,0.905001,0.522857
144,0.905104,0.522013
147,0.905206,0.521171
150,0.905308,0.520331
153,0.905409,0.519492
156,0.905511,0.518656
159,0.905612,0.517821
162,0.905714,0.516988
165,0.905815,0.516157
168,0.905915,0.515328
171,0.906016,0.5145
174,0.906117,0.513675
177,0.906217,0.512851
180,0.906317,0.512029
183,0.906418,0.511208
186,0.906517,0.51039
189,0.906617,0.509573
192,0.906717,0.508758
195,0.906816,0.507944
198,0.906916,0.507133
201,0.907015,0.506323
204,0.907114,0.505515
207,0.907212,0.504709
210,0.907311,0.503904
213,0.90741,0.503101
216,0.907508,0.5023
219,0.907606,0.501501
222,0.907704,0.500703
225,0.907802,0.499907
228,0.9079,0.499113
231,0.907997,0.49832
234,0.908094,0.49753
237,0.908192,0.49674
240,0.908289,0.495953
243,0.908386,0.495167
246,0.908482,0.494383
249,0.908579,0.493601
252,0.908675,0.49282
255,0.908772,0.492041
258,0.908868,0.491263
261,0.908964,0.490487
264,0.90906,0.489713
267,0.909155,0.488941
270,0.909251,0.48817
273,0.909346,0.487401
276,0.909441,0.486633
279,0.909536,0.485867
282,0.909631,0.485103
285,0.909726,0.48434
288,0.909821,0.483579
291,0.909915,0.48282
294,0.910009,0.482062
297,0.910103,0.481305
300,0.910197,0.480551
303,0.910291,0.479798
306,0.910385,0.479046
309,0.910478,0.478296
312,0.910572,0.477548
315,0.910665,0.476801
318,0.910758,0.476056
321,0.910851,0.475313
324,0.910944,0.474571
327,0.911037,0.47383
330,0.911129,0.473091
333,0.911222,0.472354
336,0.911314,0.471618
339,0.911406,0.470884
342,0.911498,0.470151
345,0.91159,0.46942
348,0.911681,0.46869
351,0.911773,0.467962
354,0.911864,0.467235
357,0.911955,0.46651
360,0.912046,0.465787
363,0.912137,0.465065
366,0.912228,0.464344
369,0.912319,0.463625
372,0.912409,0.462908
375,0.912499,0.462192
378,0.91259,0.461477
381,0.91268,0.460764
384,0.91277,0.460052
387,0.912859,0.459342
390,0.912949,0.458634
393,0.913039,0.457927
396,0.913128,0.457221
399,0.913217,0.456517
402,0.913306,0.455814
405,0.913395,0.455113
408,0.913484,0.454413
411,0.913573,0.453714
414,0.913661,0.453017
417,0.91375,0.452322
420,0.913838,0.451628
423,0.913926,0.450935
426,0.914014,0.450244
429,0.914102,0.449554
432,0.914189,0.448866
435,0.914277,0.448179
438,0.914364,0.447494
441,0.914452,0.446809
444,0.914539,0.446127
447,0.914626,0.445445
450,0.914713,0.444766
453,0.9148,0.444087
456,0.914886,0.44341
459,0.914973,0.442734
462,0.915059,0.44206
465,0.915145,0.441387
468,0.915231,0.440716
471,0.915317,0.440045
474,0.915403,0.439377
477,0.915489,0.438709
480,0.915574,0.438043
483,0.91566,0.437378
486,0.915745,0.436715
489,0.91583,0.436053
492,0.915915,0.435392
495,0.916,0.434733
498,0.916085,0.434075
501,0.91617,0.433419
504,0.916254,0.432763
507,0.916338,0.432109
510,0.916423,0.431457
513,0.916507,0.430806
516,0.916591,0.430156
519,0.916675,0.429507
522,0.916758,0.42886
525,0.916842,0.428214
528,0.916926,0.427569
531,0.917009,0.426926
534,0.917092,0.426284
537,0.917175,0.425643
540,0.917258,0.425003
543,0.917341,0.424365
546,0.917424,0.423728
549,0.917506,0.423093
552,0.917589,0.422458
555,0.917671,0.421825
558,0.917753,0.421193
561,0.917836,0.420563
564,0.917918,0.419934
567,0.917999,0.419306
570,0.918081,0.418679
573,0.918163,0.418054
576,0.918244,0.41743
579,0.918326,0.416807
582,0.918407,0.416185
585,0.918488,0.415565
588,0.918569,0.414945
591,0.91865,0.414327
594,0.91873,0.413711
597,0.918811,0.413095
600,0.918892,0.412481
603,0.918972,0.411868
606,0.919052,0.411256
609,0.919132,0.410646
612,0.919212,0.410036
615,0.919292,0.409428
618,0.919372,0.408822
621,0.919452,0.408216
624,0.919531,0.407611
627,0.919611,0.407008
630,0.91969,0.406406
633,0.919769,0.405805
636,0.919848,0.405206
639,0.919927,0.404607
642,0.920006,0.40401
645,0.920085,0.403414
648,0.920163,0.402819
651,0.920242,0.402225
654,0.92032,0.401632
657,0.920398,0.401041
660,0.920476,0.400451
663,0.920554,0.399862
666,0.920632,0.399274
669,0.92071,0.398687
672,0.920788,0.398102
675,0.920865,0.397517
678,0.920943,0.396934
681,0.92102,0.396352
684,0.921097,0.395771
687,0.921174,0.395191
690,0.921251,0.394613
693,0.921328,0.394035
696,0.921405,0.393459
699,0.921481,0.392884
702,0.921558,0.39231
705,0.921634,0.391737
708,0.921711,0.391165
711,0.921787,0.390594
714,0.921863,0.390024
717,0.921939,0.389456
720,0.922015,0.388889
723,0.92209,0.388322
726,0.922166,0.387757
729,0.922241,0.387193
732,0.922317,0.38663
735,0.922392,0.386068
738,0.922467,0.385508
741,0.922542,0.384948
744,0.922617,0.384389
747,0.922692,0.383832
750,0.922767,0.383276
753,0.922841,0.38272
756,0.922916,0.382166
759,0.92299,0.381613
762,0.923064,0.381061
765,0.923139,0.38051
768,0.923213,0.37996
771,0.923287,0.379411
774,0.923361,0.378864
777,0.923434,0.378317
780,0.923508,0.377771
783,0.923581,0.377227
786,0.923655,0.376683
789,0.923728,0.376141
792,0.923801,0.375599
795,0.923874,0.375059
798,0.923947,0.37452
801,0.92402,0.373981
804,0.924093,0.373444
807,0.924166,0.372908
810,0.924238,0.372373
813,0.924311,0.371839
816,0.924383,0.371306
819,0.924455,0.370774
822,0.924528,0.370242
825,0.9246,0.369712
828,0.924672,0.369183
831,0.924743,0.368656
834,0.924815,0.368129
837,0.924887,0.367603
840,0.924958,0.367078
843,0.92503,0.366554
846,0.925101,0.366031
849,0.925172,0.365509
852,0.925243,0.364988
855,0.925314,0.364468
858,0.925385,0.363949
861,0.925456,0.363431
864,0.925527,0.362914
867,0.925597,0.362398
870,0.925668,0.361883
873,0.925738,0.361369
876,0.925809,0.360856
879,0.925879,0.360344
882,0.925949,0.359833
885,0.926019,0.359323
888,0.926089,0.358814
891,0.926159,0.358306
894,0.926228,0.357799
897,0.926298,0.357293
900,0.926367,0.356788
903,0.926437,0.356283
906,0.926506,0.35578
909,0.926575,0.355278
912,0.926644,0.354776
915,0.926713,0.354276
918,0.926782,0.353776
921,0.926851,0.353278
924,0.92692,0.35278
927,0.926988,0.352284
930,0.927057,0.351788
933,0.927125,0.351293
936,0.927194,0.350799
939,0.927262,0.350306
942,0.92733,0.349814
945,0.927398,0.349323
948,0.927466,0.348833
951,0.927534,0.348344
954,0.927601,0.347856
957,0.927669,0.347368
960,0.927737,0.346882
963,0.927804,0.346396
966,0.927871,0.345912
969,0.927939,0.345428
972,0.928006,0.344945
975,0.928073,0.344464
978,0.92814,0.343983
981,0.928207,0.343502
984,0.928273,0.343023
987,0.92834,0.342545
990,0.928407,0.342068
993,0.928473,0.341591
996,0.92854,0.341116
999,0.928606,0.340641
1002,0.928672,0.340167
1005,0.928738,0.339694
1008,0.928804,0.339222
1011,0.92887,0.338751
1014,0.928936,0.338281
1017,0.929002,0.337811
1020,0.929067,0.337343
1023,0.929133,0.336875
1026,0.929199,0.336408
1029,0.929264,0.335943
1032,0.929329,0.335478
1035,0.929394,0.335013
1038,0.929459,0.33455
1041,0.929525,0.334088
1044,0.929589,0.333626
1047,0.929654,0.333165
1050,0.929719,0.332705
1053,0.929784,0.332246
1056,0.929848,0.331788
1059,0.929913,0.331331
1062,0.929977,0.330874
1065,0.930041,0.330419
1068,0.930106,0.329964
1071,0.93017,0.32951
1074,0.930234,0.329057
1077,0.930298,0.328605
1080,0.930362,0.328153
1083,0.930425,0.327703
1086,0.930489,0.327253
1089,0.930553,0.326804
1092,0.930616,0.326356
1095,0.930679,0.325909
1098,0.930743,0.325462
1101,0.930806,0.325017
1104,0.930869,0.324572
1107,0.930932,0.324128
1110,0.930995,0.323685
1113,0.931058,0.323242
1116,0.931121,0.322801
1119,0.931184,0.32236
1122,0.931246,0.32192
1125,0.931309,0.321481
1128,0.931371,0.321043
1131,0.931434,0.320605
1134,0.931496,0.320168
1137,0.931558,0.319733
1140,0.93162,0.319297
1143,0.931682,0.318863
1146,0.931744,0.31843
1149,0.931806,0.317997
1152,0.931868,0.317565
1155,0.931929,0.317134
1158,0.931991,0.316703
1161,0.932052,0.316274
1164,0.932114,0.315845
1167,0.932175,0.315417
1170,0.932236,0.31499
1173,0.932298,0.314563
1176,0.932359,0.314138
1179,0.93242,0.313713
1182,0.932481,0.313289
1185,0.932542,0.312865
1188,0.932602,0.312443
1191,0.932663,0.312021
1194,0.932724,0.3116
1197,0.932784,0.31118
1200,0.932844,0.31076
1203,0.932905,0.310341
1206,0.932965,0.309923
1209,0.933025,0.309506
1212,0.933085,0.309089
1215,0.933145,0.308674
1218,0.933205,0.308259
1221,0.933265,0.307845
1224,0.933325,0.307431
1227,0.933385,0.307018
1230,0.933444,0.306606
1233,0.933504,0.306195
1236,0.933563,0.305784
1239,0.933623,0.305375
1242,0.933682,0.304966
1245,0.933741,0.304557
1248,0.9338,0.30415
1251,0.933859,0.303743
1254,0.933918,0.303337
1257,0.933977,0.302931
1260,0.934036,0.302527
1263,0.934095,0.302123
1266,0.934153,0.30172
1269,0.934212,0.301317
1272,0.93427,0.300915
1275,0.934329,0.300514
1278,0.934387,0.300114
1281,0.934445,0.299714
1284,0.934504,0.299316
1287,0.934562,0.298917
1290,0.93462,0.29852
1293,0.934678,0.298123
1296,0.934735,0.297727
1299,0.934793,0.297332
1302,0.934851,0.296937
1305,0.934909,0.296543
1308,0.934966,0.29615
1311,0.935024,0.295757
1314,0.935081,0.295366
1317,0.935138,0.294975
1320,0.935196,0.294584
1323,0.935253,0.294194
1326,0.93531,0.293805
1329,0.935367,0.293417
1332,0.935424,0.293029
1335,0.935481,0.292642
1338,0.935537,0.292256
1341,0.935594,0.29187
1344,0.935651,0.291486
1347,0.935707,0.291101
1350,0.935764,0.290718
1353,0.93582,0.290335
1356,0.935877,0.289953
1359,0.935933,0.289571
1362,0.935989,0.28919
1365,0.936045,0.28881
1368,0.936101,0.288431
1371,0.936157,0.288052
1374,0.936213,0.287674
1377,0.936269,0.287296
1380,0.936325,0.286919
1383,0.93638,0.286543
1386,0.936436,0.286168
1389,0.936491,0.285793
1392,0.936547,0.285419
1395,0.936602,0.285045
1398,0.936657,0.284672
1401,0.936713,0.2843
1404,0.936768,0.283928
1407,0.936823,0.283557
1410,0.936878,0.283187
1413,0.936933,0.282818
1416,0.936988,0.282449
1419,0.937043,0.28208
1422,0.937097,0.281713
1425,0.937152,0.281346
1428,0.937206,0.280979
1431,0.937261,0.280613
1434,0.937315,0.280248
1437,0.93737,0.279884
1440,0.937424,0.27952
1443,0.937478,0.279157
1446,0.937532,0.278794
1449,0.937586,0.278432
1452,0.93764,0.278071
1455,0.937694,0.27771
1458,0.937748,0.27735
1461,0.937802,0.276991
1464,0.937856,0.276632
1467,0.937909,0.276274
1470,0.937963,0.275917
1473,0.938016,0.27556
1476,0.93807,0.275203
1479,0.938123,0.274848
1482,0.938177,0.274493
1485,0.93823,0.274138
1488,0.938283,0.273784
1491,0.938336,0.273431
1494,0.938389,0.273078
1497,0.938442,0.272727
1500,0.938495,0.272375
1503,0.938548,0.272024
1506,0.938601,0.271674
1509,0.938653,0.271325
1512,0.938706,0.270976
1515,0.938758,0.270627
1518,0.938811,0.27028
1521,0.938863,0.269932
1524,0.938916,0.269586
1527,0.938968,0.26924
1530,0.93902,0.268895
1533,0.939072,0.26855
1536,0.939124,0.268206
1539,0.939176,0.267862
1542,0.939228,0.267519
1545,0.93928,0.267177
1548,0.939332,0.266835
1551,0.939384,0.266494
1554,0.939435,0.266153
1557,0.939487,0.265813
1560,0.939538,0.265473
1563,0.93959,0.265135
1566,0.939641,0.264796
1569,0.939693,0.264459
1572,0.939744,0.264121
1575,0.939795,0.263785
1578,0.939846,0.263449
1581,0.939897,0.263113
1584,0.939948,0.262779
1587,0.939999,0.262444
1590,0.94005,0.262111
1593,0.940101,0.261777
1596,0.940152,0.261445
1599,0.940202,0.261113
1602,0.940253,0.260781
1605,0.940303,0.260451
1608,0.940354,0.26012
1611,0.940404,0.259791
1614,0.940455,0.259461
1617,0.940505,0.259133
1620,0.940555,0.258805
1623,0.940605,0.258477
1626,0.940655,0.25815
1629,0.940705,0.257824
1632,0.940755,0.257498
1635,0.940805,0.257173
1638,0.940855,0.256848
1641,0.940905,0.256524
1644,0.940955,0.2562
1647,0.941004,0.255877
1650,0.941054,0.255555
1653,0.941103,0.255233
1656,0.941153,0.254911
1659,0.941202,0.25459
1662,0.941252,0.25427
1665,0.941301,0.25395
1668,0.94135,0.253631
1671,0.941399,0.253312
1674,0.941448,0.252994
1677,0.941497,0.252676
1680,0.941546,0.252359
1683,0.941595,0.252042
1686,0.941644,0.251726
1689,0.941693,0.251411
1692,0.941741,0.251096
1695,0.94179,0.250781
1698,0.941839,0.250467
1701,0.941887,0.250154
1704,0.941936,0.249841
1707,0.941984,0.249529
1710,0.942032,0.249217
1713,0.942081,0.248906
1716,0.942129,0.248595
1719,0.942177,0.248285
1722,0.942225,0.247975
1725,0.942273,0.247666
1728,0.942321,0.247357
1731,0.942369,0.247049
1734,0.942417,0.246741
1737,0.942465,0.246434
1740,0.942513,0.246127
1743,0.94256,0.245821
1746,0.942608,0.245515
1749,0.942655,0.24521
1752,0.942703,0.244906
1755,0.94275,0.244602
1758,0.942798,0.244298
1761,0.942845,0.243995
1764,0.942892,0.243692
1767,0.94294,0.24339
1770,0.942987,0.243089
1773,0.943034,0.242788
1776,0.943081,0.242487
1779,0.943128,0.242187
1782,0.943175,0.241887
1785,0.943221,0.241588
1788,0.943268,0.24129
1791,0.943315,0.240992
1794,0.943362,0.240694
1797,0.943408,0.240397
1800,0.943455,0.2401
1803,0.943501,0.239804
1806,0.943548,0.239509
1809,0.943594,0.239213
1812,0.943641,0.238919
1815,0.943687,0.238625
1818,0.943733,0.238331
1821,0.943779,0.238038
1824,0.943825,0.237745
1827,0.943871,0.237453
1830,0.943917,0.237161
1833,0.943963,0.23687
1836,0.944009,0.236579
1839,0.944055,0.236289
1842,0.944101,0.235999
1845,0.944146,0.23571
1848,0.944192,0.235421
1851,0.944238,0.235132
1854,0.944283,0.234844
1857,0.944329,0.234557
1860,0.944374,0.23427
1863,0.944419,0.233983
1866,0.944465,0.233697
1869,0.94451,0.233412
1872,0.944555,0.233127
1875,0.9446,0.232842
1878,0.944645,0.232558
1881,0.94469,0.232274
1884,0.944735,0.231991
1887,0.94478,0.231708
1890,0.944825,0.231426
1893,0.94487,0.231144
1896,0.944915,0.230863
1899,0.944959,0.230582
1902,0.945004,0.230301
1905,0.945049,0.230021
1908,0.945093,0.229742
1911,0.945138,0.229463
1914,0.945182,0.229184
1917,0.945226,0.228906
1920,0.945271,0.228628
1923,0.945315,0.228351
1926,0.945359,0.228074
1929,0.945403,0.227798
1932,0.945447,0.227522
1935,0.945491,0.227246
1938,0.945535,0.226971
1941,0.945579,0.226697
1944,0.945623,0.226422
1947,0.945667,0.226149
1950,0.945711,0.225875
1953,0.945755,0.225603
1956,0.945798,0.22533
1959,0.945842,0.225058
1962,0.945885,0.224787
1965,0.945929,0.224516
1968,0.945972,0.224245
1971,0.946016,0.223975
1974,0.946059,0.223705
1977,0.946102,0.223436
1980,0.946146,0.223167
1983,0.946189,0.222899
1986,0.946232,0.222631
1989,0.946275,0.222363
1992,0.946318,0.222096
1995,0.946361,0.221829
1998,0.946404,0.221563
2001,0.946447,0.221297
2004,0.94649,0.221032
2007,0.946532,0.220767
2010,0.946575,0.220502
2013,0.946618,0.220238
2016,0.94666,0.219974
2019,0.946703,0.219711
2022,0.946746,0.219448
2025,0.946788,0.219186
2028,0.94683,0.218924
2031,0.946873,0.218662
2034,0.946915,0.218401
2037,0.946957,0.21814
2040,0.947,0.21788
2043,0.947042,0.21762
2046,0.947084,0.217361
2049,0.947126,0.217101
2052,0.947168,0.216843
2055,0.94721,0.216584
2058,0.947252,0.216327
2061,0.947294,0.216069
2064,0.947335,0.215812
2067,0.947377,0.215556
2070,0.947419,0.215299
2073,0.947461,0.215044
2076,0.947502,0.214788
2079,0.947544,0.214533
2082,0.947585,0.214279
2085,0.947627,0.214024
2088,0.947668,0.213771
2091,0.947709,0.213517
2094,0.947751,0.213264
2097,0.947792,0.213012
2100,0.947833,0.21276
2103,0.947874,0.212508
2106,0.947916,0.212256
2109,0.947957,0.212005
2112,0.947998,0.211755
2115,0.948039,0.211505
2118,0.948079,0.211255
2121,0.94812,0.211006
2124,0.948161,0.210757
2127,0.948202,0.210508
2130,0.948243,0.21026
2133,0.948283,0.210012
2136,0.948324,0.209765
2139,0.948365,0.209518
2142,0.948405,0.209271
2145,0.948446,0.209025
2148,0.948486,0.208779
2151,0.948526,0.208533
2154,0.948567,0.208288
2157,0.948607,0.208044
2160,0.948647,0.207799
2163,0.948687,0.207555
2166,0.948728,0.207312
2169,0.948768,0.207069
2172,0.948808,0.206826
2175,0.948848,0.206584
2178,0.948888,0.206342
2181,0.948928,0.2061
2184,0.948967,0.205859
2187,0.949007,0.205618
2190,0.949047,0.205377
2193,0.949087,0.205137
2196,0.949126,0.204897
2199,0.949166,0.204658
2202,0.949206,0.204419
2205,0.949245,0.204181
2208,0.949285,0.203942
2211,0.949324,0.203704
2214,0.949363,0.203467
2217,0.949403,0.20323
2220,0.949442,0.202993
2223,0.949481,0.202757
2226,0.949521,0.202521
2229,0.94956,0.202285
2232,0.949599,0.20205
2235,0.949638,0.201815
2238,0.949677,0.20158
2241,0.949716,0.201346
2244,0.949755,0.201112
2247,0.949794,0.200879
2250,0.949833,0.200646
2253,0.949871,0.200413
2256,0.94991,0.200181
2259,0.949949,0.199949
2262,0.949987,0.199717
2265,0.950026,0.199486
2268,0.950065,0.199255
2271,0.950103,0.199024
2274,0.950142,0.198794
2277,0.95018,0.198564
2280,0.950219,0.198335
2283,0.950257,0.198106
2286,0.950295,0.197877
2289,0.950333,0.197648
2292,0.950372,0.19742
2295,0.95041,0.197193
2298,0.950448,0.196965
2301,0.950486,0.196738
2304,0.950524,0.196512
2307,0.950562,0.196285
2310,0.9506,0.196059
2313,0.950638,0.195834
2316,0.950676,0.195609
2319,0.950714,0.195384
2322,0.950751,0.195159
2325,0.950789,0.194935
2328,0.950827,0.194711
2331,0.950864,0.194487
2334,0.950902,0.194264
2337,0.95094,0.194041
2340,0.950977,0.193819
2343,0.951015,0.193597
2346,0.951052,0.193375
2349,0.951089,0.193153
2352,0.951127,0.192932
2355,0.951164,0.192711
2358,0.951201,0.192491
2361,0.951238,0.192271
2364,0.951276,0.192051
2367,0.951313,0.191832
2370,0.95135,0.191613
2373,0.951387,0.191394
2376,0.951424,0.191175
2379,0.951461,0.190957
2382,0.951498,0.190739
2385,0.951535,0.190522
2388,0.951571,0.190305
2391,0.951608,0.190088
2394,0.951645,0.189872
2397,0.951682,0.189656
2400,0.951718,0.18944
2403,0.951755,0.189224
2406,0.951791,0.189009
2409,0.951828,0.188794
2412,0.951864,0.18858
2415,0.951901,0.188366
2418,0.951937,0.188152
2421,0.951974,0.187939
2424,0.95201,0.187725
2427,0.952046,0.187513
2430,0.952082,0.1873
2433,0.952119,0.187088
2436,0.952155,0.186876
2439,0.952191,0.186664
2442,0.952227,0.186453
2445,0.952263,0.186242
2448,0.952299,0.186032
2451,0.952335,0.185821
2454,0.952371,0.185611
2457,0.952407,0.185402
2460,0.952443,0.185192
2463,0.952478,0.184983
2466,0.952514,0.184775
2469,0.95255,0.184566
2472,0.952586,0.184358
2475,0.952621,0.184151
2478,0.952657,0.183943
2481,0.952692,0.183736
2484,0.952728,0.183529
2487,0.952763,0.183323
2490,0.952799,0.183117
2493,0.952834,0.182911
2496,0.952869,0.182705
2499,0.952905,0.1825
2502,0.95294,0.182295
2505,0.952975,0.18209
2508,0.95301,0.181886
2511,0.953045,0.181682
2514,0.953081,0.181478
2517,0.953116,0.181275
2520,0.953151,0.181072
2523,0.953186,0.180869
2526,0.953221,0.180667
2529,0.953255,0.180464
2532,0.95329,0.180263
2535,0.953325,0.180061
2538,0.95336,0.17986
2541,0.953395,0.179659
2544,0.953429,0.179458
2547,0.953464,0.179258
2550,0.953499,0.179058
2553,0.953533,0.178858
2556,0.953568,0.178658
2559,0.953602,0.178459
2562,0.953637,0.17826
2565,0.953671,0.178062
2568,0.953706,0.177864
2571,0.95374,0.177666
2574,0.953774,0.177468
2577,0.953809,0.17727
2580,0.953843,0.177073
2583,0.953877,0.176877
2586,0.953911,0.17668
2589,0.953945,0.176484
2592,0.953979,0.176288
2595,0.954014,0.176092
2598,0.954048,0.175897
2601,0.954082,0.175702
2604,0.954115,0.175507
2607,0.954149,0.175313
2610,0.954183,0.175118
2613,0.954217,0.174925
2616,0.954251,0.174731
2619,0.954285,0.174538
2622,0.954318,0.174345
2625,0.954352,0.174152
2628,0.954386,0.173959
2631,0.954419,0.173767
2634,0.954453,0.173575
2637,0.954486,0.173384
2640,0.95452,0.173192
2643,0.954553,0.173001
2646,0.954587,0.172811
2649,0.95462,0.17262
2652,0.954653,0.17243
2655,0.954687,0.17224
2658,0.95472,0.17205
2661,0.954753,0.171861
2664,0.954786,0.171672
2667,0.95482,0.171483
2670,0.954853,0.171295
2673,0.954886,0.171106
2676,0.954919,0.170918
2679,0.954952,0.170731
2682,0.954985,0.170543
2685,0.955018,0.170356
2688,0.955051,0.170169
2691,0.955083,0.169983
2694,0.955116,0.169796
2697,0.955149,0.16961
2700,0.955182,0.169425
2703,0.955215,0.169239
2706,0.955247,0.169054
2709,0.95528,0.168869
2712,0.955312,0.168684
2715,0.955345,0.1685
2718,0.955378,0.168316
2721,0.95541,0.168132
2724,0.955443,0.167948
2727,0.955475,0.167765
2730,0.955507,0.167582
2733,0.95554,0.167399
2736,0.955572,0.167217
2739,0.955604,0.167034
2742,0.955637,0.166852
2745,0.955669,0.166671
2748,0.955701,0.166489
2751,0.955733,0.166308
2754,0.955765,0.166127
2757,0.955797,0.165946
2760,0.955829,0.165766
2763,0.955861,0.165586
2766,0.955893,0.165406
2769,0.955925,0.165226
2772,0.955957,0.165047
2775,0.955989,0.164868
2778,0.956021,0.164689
2781,0.956053,0.16451
2784,0.956084,0.164332
2787,0.956116,0.164154
2790,0.956148,0.163976
2793,0.956179,0.163799
2796,0.956211,0.163621
2799,0.956243,0.163444
2802,0.956274,0.163268
2805,0.956306,0.163091
2808,0.956337,0.162915
2811,0.956369,0.162739
2814,0.9564,0.162563
2817,0.956431,0.162388
2820,0.956463,0.162212
2823,0.956494,0.162037
2826,0.956525,0.161863
2829,0.956557,0.161688
2832,0.956588,0.161514
2835,0.956619,0.16134
2838,0.95665,0.161166
2841,0.956681,0.160993
2844,0.956712,0.16082
2847,0.956743,0.160647
2850,0.956774,0.160474
2853,0.956805,0.160301
2856,0.956836,0.160129
2859,0.956867,0.159957
2862,0.956898,0.159785
2865,0.956929,0.159614
2868,0.95696,0.159443
2871,0.956991,0.159272
2874,0.957021,0.159101
2877,0.957052,0.158931
2880,0.957083,0.15876
2883,0.957113,0.15859
2886,0.957144,0.15842
2889,0.957175,0.158251
2892,0.957205,0.158082
2895,0.957236,0.157913
2898,0.957266,0.157744
2901,0.957297,0.157575
2904,0.957327,0.157407
2907,0.957357,0.157239
2910,0.957388,0.157071
2913,0.957418,0.156903
2916,0.957448,0.156736
2919,0.957479,0.156569
2922,0.957509,0.156402
2925,0.957539,0.156236
2928,0.957569,0.156069
2931,0.957599,0.155903
2934,0.957629,0.155737
2937,0.957659,0.155571
2940,0.957689,0.155406
2943,0.957719,0.155241
2946,0.957749,0.155076
2949,0.957779,0.154911
2952,0.957809,0.154746
2955,0.957839,0.154582
2958,0.957869,0.154418
2961,0.957899,0.154254
2964,0.957928,0.154091
2967,0.957958,0.153927
2970,0.957988,0.153764
2973,0.958018,0.153601
2976,0.958047,0.153439
2979,0.958077,0.153276
2982,0.958106,0.153114
2985,0.958136,0.152952
2988,0.958165,0.152791
2991,0.958195,0.152629
2994,0.958224,0.152468
2997,0.958254,0.152307
3000,0.958283,0.152146
3003,0.958312,0.151985
3006,0.958342,0.151825
3009,0.958371,0.151665
3012,0.9584,0.151505
3015,0.95843,0.151345
3018,0.958459,0.151186
3021,0.958488,0.151027
3024,0.958517,0.150868
3027,0.958546,0.150709
3030,0.958575,0.15055
3033,0.958604,0.150392
3036,0.958633,0.150234
3039,0.958662,0.150076
3042,0.958691,0.149918
3045,0.95872,0.149761
3048,0.958749,0.149604
3051,0.958778,0.149447
3054,0.958807,0.14929
3057,0.958836,0.149133
3060,0.958864,0.148977
3063,0.958893,0.148821
3066,0.958922,0.148665
3069,0.958951,0.148509
3072,0.958979,0.148354
3075,0.959008,0.148198
3078,0.959036,0.148043
3081,0.959065,0.147889
3084,0.959094,0.147734
3087,0.959122,0.14758
3090,0.95915,0.147426
3093,0.959179,0.147272
3096,0.959207,0.147118
3099,0.959236,0.146964
3102,0.959264,0.146811
3105,0.959292,0.146658
3108,0.959321,0.146505
3111,0.959349,0.146352
3114,0.959377,0.1462
3117,0.959405,0.146048
3120,0.959434,0.145896
3123,0.959462,0.145744
3126,0.95949,0.145592
3129,0.959518,0.145441
3132,0.959546,0.14529
3135,0.959574,0.145139
3138,0.959602,0.144988
3141,0.95963,0.144837
3144,0.959658,0.144687
3147,0.959686,0.144537
3150,0.959714,0.144387
3153,0.959742,0.144237
3156,0.959769,0.144088
3159,0.959797,0.143939
3162,0.959825,0.14379
3165,0.959853,0.143641
3168,0.95988,0.143492
3171,0.959908,0.143344
3174,0.959936,0.143195
3177,0.959963,0.143047
3180,0.959991,0.142899
3183,0.960018,0.142752
3186,0.960046,0.142604
3189,0.960073,0.142457
3192,0.960101,0.14231
3195,0.960128,0.142163
3198,0.960156,0.142017
3201,0.960183,0.14187
3204,0.960211,0.141724
3207,0.960238,0.141578
3210,0.960265,0.141432
3213,0.960292,0.141286
3216,0.96032,0.141141
3219,0.960347,0.140996
3222,0.960374,0.140851
3225,0.960401,0.140706
3228,0.960428,0.140561
3231,0.960456,0.140417
3234,0.960483,0.140273
3237,0.96051,0.140129
3240,0.960537,0.139985
3243,0.960564,0.139841
3246,0.960591,0.139698
3249,0.960618,0.139555
3252,0.960645,0.139412
3255,0.960671,0.139269
3258,0.960698,0.139126
3261,0.960725,0.138984
3264,0.960752,0.138841
3267,0.960779,0.138699
3270,0.960805,0.138557
3273,0.960832,0.138416
3276,0.960859,0.138274
3279,0.960885,0.138133
3282,0.960912,0.137992
3285,0.960939,0.137851
3288,0.960965,0.13771
3291,0.960992,0.13757
3294,0.961018,0.13743
3297,0.961045,0.137289
3300,0.961071,0.13715
3303,0.961098,0.13701
3306,0.961124,0.13687
3309,0.961151,0.136731
3312,0.961177,0.136592
3315,0.961203,0.136453
3318,0.96123,0.136314
3321,0.961256,0.136175
3324,0.961282,0.136037
3327,0.961308,0.135899
3330,0.961335,0.135761
3333,0.961361,0.135623
3336,0.961387,0.135485
3339,0.961413,0.135348
3342,0.961439,0.13521
3345,0.961465,0.135073
3348,0.961491,0.134936
3351,0.961517,0.1348
3354,0.961543,0.134663
3357,0.961569,0.134527
3360,0.961595,0.134391
3363,0.961621,0.134255
3366,0.961647,0.134119
3369,0.961673,0.133983
3372,0.961699,0.133848
3375,0.961724,0.133712
3378,0.96175,0.133577
3381,0.961776,0.133443
3384,0.961802,0.133308
3387,0.961827,0.133173
3390,0.961853,0.133039
3393,0.961879,0.132905
3396,0.961904,0.132771
3399,0.96193,0.132637
3402,0.961956,0.132503
3405,0.961981,0.13237
3408,0.962007,0.132237
3411,0.962032,0.132104
3414,0.962058,0.131971
3417,0.962083,0.131838
3420,0.962108,0.131705
3423,0.962134,0.131573
3426,0.962159,0.131441
3429,0.962185,0.131309
3432,0.96221,0.131177
3435,0.962235,0.131045
3438,0.96226,0.130914
3441,0.962286,0.130783
3444,0.962311,0.130652
3447,0.962336,0.130521
3450,0.962361,0.13039
3453,0.962386,0.130259
3456,0.962411,0.130129
3459,0.962436,0.129999
3462,0.962462,0.129869
3465,0.962487,0.129739
3468,0.962512,0.129609
3471,0.962537,0.129479
3474,0.962562,0.12935
3477,0.962586,0.129221
3480,0.962611,0.129092
3483,0.962636,0.128963
3486,0.962661,0.128834
3489,0.962686,0.128706
3492,0.962711,0.128577
3495,0.962736,0.128449
3498,0.96276,0.128321
3501,0.962785,0.128193
3504,0.96281,0.128066
3507,0.962834,0.127938
3510,0.962859,0.127811
3513,0.962884,0.127684
3516,0.962908,0.127557
3519,0.962933,0.12743
3522,0.962957,0.127303
3525,0.962982,0.127177
3528,0.963007,0.127051
3531,0.963031,0.126925
3534,0.963055,0.126799
3537,0.96308,0.126673
3540,0.963104,0.126547
3543,0.963129,0.126422
3546,0.963153,0.126296
3549,0.963177,0.126171
3552,0.963202,0.126046
3555,0.963226,0.125921
3558,0.96325,0.125797
3561,0.963275,0.125672
3564,0.963299,0.125548
3567,0.963323,0.125424
3570,0.963347,0.1253
3573,0.963371,0.125176
3576,0.963395,0.125052
3579,0.963419,0.124929
3582,0.963444,0.124806
3585,0.963468,0.124683
3588,0.963492,0.12456
3591,0.963516,0.124437
3594,0.96354,0.124314
3597,0.963564,0.124192
3600,0.963588,0.124069
3603,0.963611,0.123947
3606,0.963635,0.123825
3609,0.963659,0.123703
3612,0.963683,0.123581
3615,0.963707,0.12346
3618,0.963731,0.123338
3621,0.963754,0.123217
3624,0.963778,0.123096
3627,0.963802,0.122975
3630,0.963826,0.122855
3633,0.963849,0.122734
3636,0.963873,0.122614
3639,0.963896,0.122493
3642,0.96392,0.122373
3645,0.963944,0.122253
3648,0.963967,0.122133
3651,0.963991,0.122014
3654,0.964014,0.121894
3657,0.964038,0.121775
3660,0.964061,0.121656
3663,0.964085,0.121537
3666,0.964108,0.121418
3669,0.964131,0.121299
3672,0.964155,0.121181
3675,0.964178,0.121062
3678,0.964202,0.120944
3681,0.964225,0.120826
3684,0.964248,0.120708
3687,0.964271,0.12059
3690,0.964295,0.120473
3693,0.964318,0.120355
3696,0.964341,0.120238
3699,0.964364,0.120121
3702,0.964387,0.120004
3705,0.96441,0.119887
3708,0.964434,0.11977
3711,0.964457,0.119654
3714,0.96448,0.119537
3717,0.964503,0.119421
3720,0.964526,0.119305
3723,0.964549,0.119189
3726,0.964572,0.119073
3729,0.964595,0.118958
3732,0.964618,0.118842
3735,0.96464,0.118727
3738,0.964663,0.118612
3741,0.964686,0.118496
3744,0.964709,0.118382
3747,0.964732,0.118267
3750,0.964755,0.118152
3753,0.964777,0.118038
3756,0.9648,0.117924
3759,0.964823,0.117809
3762,0.964845,0.117695
3765,0.964868,0.117582
3768,0.964891,0.117468
3771,0.964913,0.117354
3774,0.964936,0.117241
3777,0.964959,0.117128
3780,0.964981,0.117014
3783,0.965004,0.116901
3786,0.965026,0.116789
3789,0.965049,0.116676
3792,0.965071,0.116563
3795,0.965094,0.116451
3798,0.965116,0.116339
3801,0.965138,0.116227
3804,0.965161,0.116115
3807,0.965183,0.116003
3810,0.965206,0.115891
3813,0.965228,0.11578
3816,0.96525,0.115668
3819,0.965273,0.115557
3822,0.965295,0.115446
3825,0.965317,0.115335
3828,0.965339,0.115224
3831,0.965361,0.115114
3834,0.965384,0.115003
3837,0.965406,0.114893
3840,0.965428,0.114783
3843,0.96545,0.114672
3846,0.965472,0.114562
3849,0.965494,0.114453
3852,0.965516,0.114343
3855,0.965538,0.114233
3858,0.96556,0.114124
3861,0.965582,0.114015
3864,0.965604,0.113906
3867,0.965626,0.113797
3870,0.965648,0.113688
3873,0.96567,0.113579
3876,0.965692,0.113471
3879,0.965714,0.113362
3882,0.965735,0.113254
3885,0.965757,0.113146
3888,0.965779,0.113038
3891,0.965801,0.11293
3894,0.965823,0.112822
3897,0.965844,0.112715
3900,0.965866,0.112607
3903,0.965888,0.1125
3906,0.965909,0.112393
3909,0.965931,0.112286
3912,0.965953,0.112179
3915,0.965974,0.112072
3918,0.965996,0.111965
3921,0.966017,0.111859
3924,0.966039,0.111753
3927,0.96606,0.111646
3930,0.966082,0.11154
3933,0.966103,0.111434
3936,0.966125,0.111328
3939,0.966146,0.111223
3942,0.966168,0.111117
3945,0.966189,0.111012
3948,0.966211,0.110907
3951,0.966232,0.110801
3954,0.966253,0.110696
3957,0.966275,0.110592
3960,0.966296,0.110487
3963,0.966317,0.110382
3966,0.966338,0.110278
3969,0.96636,0.110173
3972,0.966381,0.110069
3975,0.966402,0.109965
3978,0.966423,0.109861
3981,0.966444,0.109757
3984,0.966466,0.109654
3987,0.966487,0.10955
3990,0.966508,0.109447
3993,0.966529,0.109343
3996,0.96655,0.10924
3999,0.966571,0.109137
4002,0.966592,0.109034
4005,0.966613,0.108931
4008,0.966634,0.108829
4011,0.966655,0.108726
4014,0.966676,0.108624
4017,0.966697,0.108522
4020,0.966718,0.108419
4023,0.966738,0.108317
4026,0.966759,0.108216
4029,0.96678,0.108114
4032,0.966801,0.108012
4035,0.966822,0.107911
4038,0.966843,0.107809
4041,0.966863,0.107708
4044,0.966884,0.107607
4047,0.966905,0.107506
4050,0.966925,0.107405
4053,0.966946,0.107304
4056,0.966967,0.107204
4059,0.966987,0.107103
4062,0.967008,0.107003
4065,0.967029,0.106903
4068,0.967049,0.106803
4071,0.96707,0.106703
4074,0.96709,0.106603
4077,0.967111,0.106503
4080,0.967131,0.106404
4083,0.967152,0.106304
4086,0.967172,0.106205
4089,0.967193,0.106106
4092,0.967213,0.106006
4095,0.967234,0.105907
4098,0.967254,0.105809
4101,0.967274,0.10571
4104,0.967295,0.105611
4107,0.967315,0.105513
4110,0.967335,0.105414
4113,0.967356,0.105316
4116,0.967376,0.105218
4119,0.967396,0.10512
4122,0.967416,0.105022
4125,0.967437,0.104925
4128,0.967457,0.104827
4131,0.967477,0.104729
4134,0.967497,0.104632
4137,0.967517,0.104535
4140,0.967538,0.104438
4143,0.967558,0.104341
4146,0.967578,0.104244
4149,0.967598,0.104147
4152,0.967618,0.10405
4155,0.967638,0.103954
4158,0.967658,0.103857
4161,0.967678,0.103761
4164,0.967698,0.103665
4167,0.967718,0.103569
4170,0.967738,0.103473
4173,0.967758,0.103377
4176,0.967778,0.103281
4179,0.967797,0.103186
4182,0.967817,0.10309
4185,0.967837,0.102995
4188,0.967857,0.1029
4191,0.967877,0.102805
4194,0.967897,0.10271
4197,0.967916,0.102615
4200,0.967936,0.10252
4203,0.967956,0.102425
4206,0.967976,0.102331
4209,0.967995,0.102236
4212,0.968015,0.102142
4215,0.968035,0.102048
4218,0.968054,0.101954
4221,0.968074,0.10186
4224,0.968093,0.101766
4227,0.968113,0.101672
4230,0.968133,0.101579
4233,0.968152,0.101485
4236,0.968172,0.101392
4239,0.968191,0.101299
4242,0.968211,0.101206
4245,0.96823,0.101113
4248,0.96825,0.10102
4251,0.968269,0.100927
4254,0.968289,0.100834
4257,0.968308,0.100742
4260,0.968327,0.100649
4263,0.968347,0.100557
4266,0.968366,0.100465
4269,0.968385,0.100372
4272,0.968405,0.10028
4275,0.968424,0.100189
4278,0.968443,0.100097
4281,0.968463,0.100005
4284,0.968482,0.0999136
4287,0.968501,0.0998222
4290,0.96852,0.0997308
4293,0.968539,0.0996396
4296,0.968559,0.0995485
4299,0.968578,0.0994576
4302,0.968597,0.0993667
4305,0.968616,0.0992759
4308,0.968635,0.0991853
4311,0.968654,0.0990947
4314,0.968673,0.0990043
4317,0.968692,0.098914
4320,0.968711,0.0988237
4323,0.96873,0.0987336
4326,0.968749,0.0986437
4329,0.968768,0.0985538
4332,0.968787,0.098464
4335,0.968806,0.0983743
4338,0.968825,0.0982848
4341,0.968844,0.0981953
4344,0.968863,0.098106
4347,0.968882,0.0980168
4350,0.968901,0.0979277
4353,0.96892,0.0978386
4356,0.968939,0.0977497
4359,0.968957,0.0976609
4362,0.968976,0.0975723
4365,0.968995,0.0974837
4368,0.969014,0.0973952
4371,0.969032,0.0973068
4374,0.969051,0.0972186
4377,0.96907,0.0971304
4380,0.969089,0.0970424
4383,0.969107,0.0969545
4386,0.969126,0.0968666
4389,0.969144,0.0967789
4392,0.969163,0.0966913
4395,0.969182,0.0966038
4398,0.9692,0.0965164
4401,0.969219,0.0964291
4404,0.969237,0.0963419
4407,0.969256,0.0962548
4410,0.969275,0.0961678
4413,0.969293,0.096081
4416,0.969312,0.0959942
4419,0.96933,0.0959075
4422,0.969348,0.095821
4425,0.969367,0.0957345
4428,0.969385,0.0956481
4431,0.969404,0.0955619
4434,0.969422,0.0954758
4437,0.96944,0.0953897
4440,0.969459,0.0953038
4443,0.969477,0.0952179
4446,0.969495,0.0951322
4449,0.969514,0.0950466
4452,0.969532,0.0949611
4455,0.96955,0.0948756
4458,0.969569,0.0947903
4461,0.969587,0.0947051
4464,0.969605,0.09462
4467,0.969623,0.094535
4470,0.969641,0.0944501
4473,0.96966,0.0943653
4476,0.969678,0.0942806
4479,0.969696,0.094196
4482,0.969714,0.0941115
4485,0.969732,0.0940271
4488,0.96975,0.0939428
4491,0.969768,0.0938586
4494,0.969786,0.0937745
4497,0.969804,0.0936905
4500,0.969822,0.0936066
4503,0.96984,0.0935228
4506,0.969858,0.0934391
4509,0.969876,0.0933555
4512,0.969894,0.093272
4515,0.969912,0.0931886
4518,0.96993,0.0931053
4521,0.969948,0.0930221
4524,0.969966,0.092939
4527,0.969984,0.092856
4530,0.970002,0.0927732
4533,0.97002,0.0926904
4536,0.970038,0.0926077
4539,0.970055,0.0925251
4542,0.970073,0.0924426
4545,0.970091,0.0923602
4548,0.970109,0.0922779
4551,0.970126,0.0921956
4554,0.970144,0.0921135
4557,0.970162,0.0920315
4560,0.97018,0.0919496
4563,0.970197,0.0918678
4566,0.970215,0.0917861
4569,0.970233,0.0917045
4572,0.97025,0.0916229
4575,0.970268,0.0915415
4578,0.970286,0.0914602
4581,0.970303,0.091379
4584,0.970321,0.0912978
4587,0.970338,0.0912168
4590,0.970356,0.0911358
4593,0.970373,0.091055
4596,0.970391,0.0909742
4599,0.970408,0.0908936
4602,0.970426,0.090813
4605,0.970443,0.0907326
4608,0.970461,0.0906522
4611,0.970478,0.0905719
4614,0.970496,0.0904917
4617,0.970513,0.0904117
4620,0.97053,0.0903317
4623,0.970548,0.0902518
4626,0.970565,0.090172
4629,0.970583,0.0900923
4632,0.9706,0.0900127
4635,0.970617,0.0899331
4638,0.970634,0.0898537
4641,0.970652,0.0897744
4644,0.970669,0.0896952
4647,0.970686,0.089616
4650,0.970704,0.089537
4653,0.970721,0.089458
4656,0.970738,0.0893791
4659,0.970755,0.0893004
4662,0.970772,0.0892217
4665,0.970789,0.0891431
4668,0.970807,0.0890646
4671,0.970824,0.0889862
4674,0.970841,0.0889079
4677,0.970858,0.0888297
4680,0.970875,0.0887516
4683,0.970892,0.0886736
4686,0.970909,0.0885956
4689,0.970926,0.0885178
4692,0.970943,0.08844
4695,0.97096,0.0883624
4698,0.970977,0.0882848
4701,0.970994,0.0882073
4704,0.971011,0.0881299
4707,0.971028,0.0880526
4710,0.971045,0.0879754
4713,0.971062,0.0878983
4716,0.971079,0.0878213
4719,0.971096,0.0877443
4722,0.971113,0.0876675
4725,0.97113,0.0875907
4728,0.971146,0.0875141
4731,0.971163,0.0874375
4734,0.97118,0.087361
4737,0.971197,0.0872846
4740,0.971214,0.0872083
4743,0.97123,0.0871321
4746,0.971247,0.0870559
4749,0.971264,0.0869799
4752,0.971281,0.0869039
4755,0.971297,0.0868281
4758,0.971314,0.0867523
4761,0.971331,0.0866766
4764,0.971347,0.086601
4767,0.971364,0.0865255
4770,0.971381,0.0864501
4773,0.971397,0.0863747
4776,0.971414,0.0862995
4779,0.971431,0.0862243
4782,0.971447,0.0861493
4785,0.971464,0.0860743
4788,0.97148,0.0859994
4791,0.971497,0.0859246
4794,0.971513,0.0858499
4797,0.97153,0.0857752
4800,0.971546,0.0857007
4803,0.971563,0.0856262
4806,0.971579,0.0855518
4809,0.971596,0.0854775
4812,0.971612,0.0854033
4815,0.971629,0.0853292
4818,0.971645,0.0852552
4821,0.971661,0.0851813
4824,0.971678,0.0851074
4827,0.971694,0.0850336
4830,0.971711,0.0849599
4833,0.971727,0.0848863
4836,0.971743,0.0848128
4839,0.97176,0.0847394
4842,0.971776,0.084666
4845,0.971792,0.0845928
4848,0.971808,0.0845196
4851,0.971825,0.0844465
4854,0.971841,0.0843735
4857,0.971857,0.0843006
4860,0.971873,0.0842277
4863,0.97189,0.084155
4866,0.971906,0.0840823
4869,0.971922,0.0840097
4872,0.971938,0.0839372
4875,0.971954,0.0838648
4878,0.97197,0.0837925
4881,0.971986,0.0837202
4884,0.972003,0.0836481
4887,0.972019,0.083576
4890,0.972035,0.083504
4893,0.972051,0.083432
4896,0.972067,0.0833602
4899,0.972083,0.0832885
4902,0.972099,0.0832168
4905,0.972115,0.0831452
4908,0.972131,0.0830737
4911,0.972147,0.0830023
4914,0.972163,0.0829309
4917,0.972179,0.0828597
4920,0.972195,0.0827885
4923,0.972211,0.0827174
4926,0.972226,0.0826464
4929,0.972242,0.0825754
4932,0.972258,0.0825046
4935,0.972274,0.0824338
4938,0.97229,0.0823631
4941,0.972306,0.0822925
4944,0.972322,0.082222
4947,0.972337,0.0821516
4950,0.972353,0.0820812
4953,0.972369,0.0820109
4956,0.972385,0.0819407
4959,0.972401,0.0818706
4962,0.972416,0.0818005
4965,0.972432,0.0817306
4968,0.972448,0.0816607
4971,0.972463,0.0815909
4974,0.972479,0.0815212
4977,0.972495,0.0814515
4980,0.97251,0.081382
4983,0.972526,0.0813125
4986,0.972542,0.0812431
4989,0.972557,0.0811737
4992,0.972573,0.0811045
4995,0.972589,0.0810353
4998,0.972604,0.0809662
5001,0.97262,0.0808972
5004,0.972635,0.0808283
5007,0.972651,0.0807594
5010,0.972666,0.0806907
5013,0.972682,0.080622
5016,0.972697,0.0805533
5019,0.972713,0.0804848
5022,0.972728,0.0804163
5025,0.972744,0.080348
5028,0.972759,0.0802797
5031,0.972775,0.0802114
5034,0.97279,0.0801433
5037,0.972805,0.0800752
5040,0.972821,0.0800072
5043,0.972836,0.0799393
5046,0.972852,0.0798714
5049,0.972867,0.0798037
5052,0.972882,0.079736
5055,0.972898,0.0796684
5058,0.972913,0.0796008
5061,0.972928,0.0795334
5064,0.972944,0.079466
5067,0.972959,0.0793987
5070,0.972974,0.0793315
5073,0.972989,0.0792643
5076,0.973005,0.0791972
5079,0.97302,0.0791302
5082,0.973035,0.0790633
5085,0.97305,0.0789965
5088,0.973065,0.0789297
5091,0.973081,0.078863
5094,0.973096,0.0787964
5097,0.973111,0.0787298
5100,0.973126,0.0786634
5103,0.973141,0.078597
5106,0.973156,0.0785306
5109,0.973171,0.0784644
5112,0.973186,0.0783982
5115,0.973202,0.0783321
5118,0.973217,0.0782661
5121,0.973232,0.0782001
5124,0.973247,0.0781343
5127,0.973262,0.0780685
5130,0.973277,0.0780027
5133,0.973292,0.0779371
5136,0.973307,0.0778715
5139,0.973322,0.077806
5142,0.973337,0.0777406
5145,0.973352,0.0776752
5148,0.973366,0.0776099
5151,0.973381,0.0775447
5154,0.973396,0.0774796
5157,0.973411,0.0774145
5160,0.973426,0.0773495
5163,0.973441,0.0772846
5166,0.973456,0.0772198
5169,0.973471,0.077155
5172,0.973485,0.0770903
5175,0.9735,0.0770257
5178,0.973515,0.0769611
5181,0.97353,0.0768966
5184,0.973545,0.0768322
5187,0.973559,0.0767679
5190,0.973574,0.0767036
5193,0.973589,0.0766394
5196,0.973604,0.0765753
5199,0.973618,0.0765112
5202,0.973633,0.0764473
5205,0.973648,0.0763834
5208,0.973662,0.0763195
5211,0.973677,0.0762558
5214,0.973692,0.0761921
5217,0.973706,0.0761284
5220,0.973721,0.0760649
5223,0.973736,0.0760014
5226,0.97375,0.075938
5229,0.973765,0.0758747
5232,0.97378,0.0758114
5235,0.973794,0.0757482
5238,0.973809,0.0756851
5241,0.973823,0.075622
5244,0.973838,0.075559
5247,0.973852,0.0754961
5250,0.973867,0.0754333
5253,0.973881,0.0753705
5256,0.973896,0.0753078
5259,0.97391,0.0752452
5262,0.973925,0.0751826
5265,0.973939,0.0751201
5268,0.973954,0.0750577
5271,0.973968,0.0749953
5274,0.973982,0.074933
5277,0.973997,0.0748708
5280,0.974011,0.0748086
5283,0.974026,0.0747466
5286,0.97404,0.0746845
5289,0.974054,0.0746226
5292,0.974069,0.0745607
5295,0.974083,0.0744989
5298,0.974097,0.0744372
5301,0.974112,0.0743755
5304,0.974126,0.0743139
5307,0.97414,0.0742524
5310,0.974154,0.0741909
5313,0.974169,0.0741295
5316,0.974183,0.0740682
5319,0.974197,0.0740069
5322,0.974211,0.0739457
5325,0.974226,0.0738846
5328,0.97424,0.0738235
5331,0.974254,0.0737626
5334,0.974268,0.0737016
5337,0.974282,0.0736408
5340,0.974297,0.07358
5343,0.974311,0.0735193
5346,0.974325,0.0734586
5349,0.974339,0.073398
5352,0.974353,0.0733375
5355,0.974367,0.0732771
5358,0.974381,0.0732167
5361,0.974395,0.0731563
5364,0.974409,0.0730961
5367,0.974423,0.0730359
5370,0.974437,0.0729758
5373,0.974451,0.0729157
5376,0.974465,0.0728557
5379,0.974479,0.0727958
5382,0.974493,0.072736
5385,0.974507,0.0726762
5388,0.974521,0.0726164
5391,0.974535,0.0725568
5394,0.974549,0.0724972
5397,0.974563,0.0724376
5400,0.974577,0.0723782
5403,0.974591,0.0723188
5406,0.974605,0.0722595
5409,0.974619,0.0722002
5412,0.974633,0.072141
5415,0.974647,0.0720818
5418,0.97466,0.0720228
5421,0.974674,0.0719638
5424,0.974688,0.0719048
5427,0.974702,0.0718459
5430,0.974716,0.0717871
5433,0.97473,0.0717284
5436,0.974743,0.0716697
5439,0.974757,0.0716111
5442,0.974771,0.0715525
5445,0.974785,0.071494
5448,0.974798,0.0714356
5451,0.974812,0.0713772
5454,0.974826,0.0713189
5457,0.97484,0.0712607
5460,0.974853,0.0712025
5463,0.974867,0.0711444
5466,0.974881,0.0710863
5469,0.974894,0.0710283
5472,0.974908,0.0709704
5475,0.974921,0.0709126
5478,0.974935,0.0708548
5481,0.974949,0.070797
5484,0.974962,0.0707394
5487,0.974976,0.0706818
5490,0.97499,0.0706242
5493,0.975003,0.0705667
5496,0.975017,0.0705093
5499,0.97503,0.070452
5502,0.975044,0.0703947
5505,0.975057,0.0703374
5508,0.975071,0.0702803
5511,0.975084,0.0702232
5514,0.975098,0.0701661
5517,0.975111,0.0701091
5520,0.975125,0.0700522
5523,0.975138,0.0699953
5526,0.975152,0.0699385
5529,0.975165,0.0698818
5532,0.975179,0.0698251
5535,0.975192,0.0697685
5538,0.975205,0.069712
5541,0.975219,0.0696555
5544,0.975232,0.069599
5547,0.975245,0.0695427
5550,0.975259,0.0694864
5553,0.975272,0.0694301
5556,0.975286,0.0693739
5559,0.975299,0.0693178
5562,0.975312,0.0692617
5565,0.975326,0.0692057
5568,0.975339,0.0691498
5571,0.975352,0.0690939
5574,0.975365,0.0690381
5577,0.975379,0.0689823
5580,0.975392,0.0689266
5583,0.975405,0.068871
5586,0.975418,0.0688154
5589,0.975432,0.0687599
5592,0.975445,0.0687044
5595,0.975458,0.068649
5598,0.975471,0.0685937
5601,0.975484,0.0685384
5604,0.975498,0.0684832
5607,0.975511,0.068428
5610,0.975524,0.0683729
5613,0.975537,0.0683179
5616,0.97555,0.0682629
5619,0.975563,0.068208
5622,0.975576,0.0681531
5625,0.975589,0.0680983
5628,0.975603,0.0680435
5631,0.975616,0.0679888
5634,0.975629,0.0679342
5637,0.975642,0.0678796
5640,0.975655,0.0678251
5643,0.975668,0.0677707
5646,0.975681,0.0677163
5649,0.975694,0.0676619
5652,0.975707,0.0676077
5655,0.97572,0.0675534
5658,0.975733,0.0674993
5661,0.975746,0.0674452
5664,0.975759,0.0673911
5667,0.975772,0.0673371
5670,0.975785,0.0672832
5673,0.975798,0.0672293
5676,0.97581,0.0671755
5679,0.975823,0.0671217
5682,0.975836,0.067068
5685,0.975849,0.0670144
5688,0.975862,0.0669608
5691,0.975875,0.0669073
5694,0.975888,0.0668538
5697,0.975901,0.0668004
5700,0.975913,0.066747
5703,0.975926,0.0666937
5706,0.975939,0.0666405
5709,0.975952,0.0665873
5712,0.975965,0.0665342
5715,0.975977,0.0664811
5718,0.97599,0.0664281
5721,0.976003,0.0663751
5724,0.976016,0.0663222
5727,0.976028,0.0662694
5730,0.976041,0.0662166
5733,0.976054,0.0661638
5736,0.976067,0.0661112
5739,0.976079,0.0660585
5742,0.976092,0.066006
5745,0.976105,0.0659535
5748,0.976117,0.065901
5751,0.97613,0.0658486
5754,0.976143,0.0657963
5757,0.976155,0.065744
5760,0.976168,0.0656917
5763,0.976181,0.0656396
5766,0.976193,0.0655874
5769,0.976206,0.0655354
5772,0.976218,0.0654834
5775,0.976231,0.0654314
5778,0.976243,0.0653795
5781,0.976256,0.0653277
5784,0.976269,0.0652759
5787,0.976281,0.0652241
5790,0.976294,0.0651724
5793,0.976306,0.0651208
5796,0.976319,0.0650692
5799,0.976331,0.0650177
5802,0.976344,0.0649663
5805,0.976356,0.0649149
5808,0.976369,0.0648635
5811,0.976381,0.0648122
5814,0.976394,0.064761
5817,0.976406,0.0647098
5820,0.976418,0.0646586
5823,0.976431,0.0646075
5826,0.976443,0.0645565
5829,0.976456,0.0645055
5832,0.976468,0.0644546
5835,0.97648,0.0644038
5838,0.976493,0.0643529
5841,0.976505,0.0643022
5844,0.976517,0.0642515
5847,0.97653,0.0642008
5850,0.976542,0.0641502
5853,0.976554,0.0640997
5856,0.976567,0.0640492
5859,0.976579,0.0639987
5862,0.976591,0.0639483
5865,0.976604,0.063898
5868,0.976616,0.0638477
5871,0.976628,0.0637975
5874,0.97664,0.0637473
5877,0.976653,0.0636972
5880,0.976665,0.0636471
5883,0.976677,0.0635971
5886,0.976689,0.0635472
5889,0.976702,0.0634972
5892,0.976714,0.0634474
5895,0.976726,0.0633976
5898,0.976738,0.0633478
5901,0.97675,0.0632981
5904,0.976762,0.0632485
5907,0.976775,0.0631989
5910,0.976787,0.0631493
5913,0.976799,0.0630998
5916,0.976811,0.0630504
5919,0.976823,0.063001
5922,0.976835,0.0629517
5925,0.976847,0.0629024
5928,0.976859,0.0628531
5931,0.976871,0.0628039
5934,0.976884,0.0627548
5937,0.976896,0.0627057
5940,0.976908,0.0626567
5943,0.97692,0.0626077
5946,0.976932,0.0625588
5949,0.976944,0.0625099
5952,0.976956,0.0624611
5955,0.976968,0.0624123
5958,0.97698,0.0623636
5961,0.976992,0.0623149
5964,0.977004,0.0622663
5967,0.977016,0.0622177
5970,0.977028,0.0621692
5973,0.97704,0.0621207
5976,0.977051,0.0620723
5979,0.977063,0.0620239
5982,0.977075,0.0619756
5985,0.977087,0.0619273
5988,0.977099,0.0618791
5991,0.977111,0.061831
5994,0.977123,0.0617828
5997,0.977135,0.0617348
6000,0.977147,0.0616868
6003,0.977158,0.0616388
6006,0.97717,0.0615909
6009,0.977182,0.061543
6012,0.977194,0.0614952
6015,0.977206,0.0614474
6018,0.977218,0.0613997
6021,0.977229,0.061352
6024,0.977241,0.0613044
6027,0.977253,0.0612568
6030,0.977265,0.0612093
6033,0.977276,0.0611618
6036,0.977288,0.0611144
6039,0.9773,0.061067
6042,0.977312,0.0610197
6045,0.977323,0.0609724
6048,0.977335,0.0609252
6051,0.977347,0.060878
6054,0.977358,0.0608309
6057,0.97737,0.0607838
6060,0.977382,0.0607368
6063,0.977393,0.0606898
6066,0.977405,0.0606429
6069,0.977417,0.060596
6072,0.977428,0.0605491
6075,0.97744,0.0605024
6078,0.977452,0.0604556
6081,0.977463,0.0604089
6084,0.977475,0.0603623
6087,0.977486,0.0603157
6090,0.977498,0.0602691
6093,0.97751,0.0602226
6096,0.977521,0.0601762
6099,0.977533,0.0601298
6102,0.977544,0.0600834
6105,0.977556,0.0600371
6108,0.977567,0.0599909
6111,0.977579,0.0599446
6114,0.97759,0.0598985
6117,0.977602,0.0598524
6120,0.977613,0.0598063
6123,0.977625,0.0597603
6126,0.977636,0.0597143
6129,0.977648,0.0596684
6132,0.977659,0.0596225
6135,0.977671,0.0595766
6138,0.977682,0.0595309
6141,0.977694,0.0594851
6144,0.977705,0.0594394
6147,0.977716,0.0593938
6150,0.977728,0.0593482
6153,0.977739,0.0593026
6156,0.977751,0.0592571
6159,0.977762,0.0592117
6162,0.977773,0.0591662
6165,0.977785,0.0591209
6168,0.977796,0.0590756
6171,0.977807,0.0590303
6174,0.977819,0.0589851
6177,0.97783,0.0589399
6180,0.977841,0.0588947
6183,0.977853,0.0588497
6186,0.977864,0.0588046
6189,0.977875,0.0587596
6192,0.977887,0.0587147
6195,0.977898,0.0586698
6198,0.977909,0.0586249
6201,0.97792,0.0585801
6204,0.977932,0.0585353
6207,0.977943,0.0584906
6210,0.977954,0.0584459
6213,0.977965,0.0584013
6216,0.977977,0.0583567
6219,0.977988,0.0583122
6222,0.977999,0.0582677
6225,0.97801,0.0582232
6228,0.978021,0.0581788
6231,0.978032,0.0581345
6234,0.978044,0.0580902
6237,0.978055,0.0580459
6240,0.978066,0.0580017
6243,0.978077,0.0579575
6246,0.978088,0.0579134
6249,0.978099,0.0578693
6252,0.97811,0.0578252
6255,0.978122,0.0577813
6258,0.978133,0.0577373
6261,0.978144,0.0576934
6264,0.978155,0.0576495
6267,0.978166,0.0576057
6270,0.978177,0.0575619
6273,0.978188,0.0575182
6276,0.978199,0.0574745
6279,0.97821,0.0574309
6282,0.978221,0.0573873
6285,0.978232,0.0573437
6288,0.978243,0.0573002
6291,0.978254,0.0572568
6294,0.978265,0.0572133
6297,0.978276,0.05717
6300,0.978287,0.0571266
6303,0.978298,0.0570833
6306,0.978309,0.0570401
6309,0.97832,0.0569969
6312,0.978331,0.0569537
6315,0.978342,0.0569106
6318,0.978353,0.0568676
6321,0.978364,0.0568245
6324,0.978375,0.0567816
6327,0.978385,0.0567386
6330,0.978396,0.0566957
6333,0.978407,0.0566529
6336,0.978418,0.0566101
6339,0.978429,0.0565673
6342,0.97844,0.0565246
6345,0.978451,0.0564819
6348,0.978462,0.0564393
6351,0.978472,0.0563967
6354,0.978483,0.0563541
6357,0.978494,0.0563116
6360,0.978505,0.0562692
6363,0.978516,0.0562267
6366,0.978526,0.0561844
6369,0.978537,0.056142
6372,0.978548,0.0560997
6375,0.978559,0.0560575
6378,0.97857,0.0560153
6381,0.97858,0.0559731
6384,0.978591,0.055931
6387,0.978602,0.0558889
6390,0.978613,0.0558469
6393,0.978623,0.0558049
6396,0.978634,0.0557629
6399,0.978645,0.055721
6402,0.978655,0.0556791
6405,0.978666,0.0556373
6408,0.978677,0.0555955
6411,0.978687,0.0555538
6414,0.978698,0.0555121
6417,0.978709,0.0554704
6420,0.978719,0.0554288
6423,0.97873,0.0553872
6426,0.978741,0.0553457
6429,0.978751,0.0553042
6432,0.978762,0.0552627
6435,0.978773,0.0552213
6438,0.978783,0.05518
6441,0.978794,0.0551386
6444,0.978804,0.0550973
6447,0.978815,0.0550561
6450,0.978825,0.0550149
6453,0.978836,0.0549737
6456,0.978847,0.0549326
6459,0.978857,0.0548915
6462,0.978868,0.0548505
6465,0.978878,0.0548095
6468,0.978889,0.0547685
6471,0.978899,0.0547276
6474,0.97891,0.0546867
6477,0.97892,0.0546459
6480,0.978931,0.0546051
6483,0.978941,0.0545644
6486,0.978952,0.0545237
6489,0.978962,0.054483
6492,0.978973,0.0544423
6495,0.978983,0.0544018
6498,0.978993,0.0543612
6501,0.979004,0.0543207
6504,0.979014,0.0542802
6507,0.979025,0.0542398
6510,0.979035,0.0541994
6513,0.979046,0.0541591
6516,0.979056,0.0541188
6519,0.979066,0.0540785
6522,0.979077,0.0540383
6525,0.979087,0.0539981
6528,0.979097,0.0539579
6531,0.979108,0.0539178
6534,0.979118,0.0538777
6537,0.979129,0.0538377
6540,0.979139,0.0537977
6543,0.979149,0.0537578
6546,0.97916,0.0537179
6549,0.97917,0.053678
6552,0.97918,0.0536382
6555,0.97919,0.0535984
6558,0.979201,0.0535586
6561,0.979211,0.0535189
6564,0.979221,0.0534792
6567,0.979232,0.0534396
6570,0.979242,0.0534
6573,0.979252,0.0533605
6576,0.979262,0.0533209
6579,0.979273,0.0532815
6582,0.979283,0.053242
6585,0.979293,0.0532026
6588,0.979303,0.0531633
6591,0.979313,0.0531239
6594,0.979324,0.0530847
6597,0.979334,0.0530454
6600,0.979344,0.0530062
6603,0.979354,0.0529671
6606,0.979364,0.0529279
6609,0.979374,0.0528888
6612,0.979385,0.0528498
6615,0.979395,0.0528108
6618,0.979405,0.0527718
6621,0.979415,0.0527329
6624,0.979425,0.052694
6627,0.9794350000000001,0.0526551
6630,0.979445,0.0526163
6633,0.979455,0.0525775
6636,0.979466,0.0525388
6639,0.979476,0.0525001
6642,0.979486,0.0524614
6645,0.979496,0.0524228
6648,0.979506,0.0523842
6651,0.979516,0.0523456
6654,0.979526,0.0523071
6657,0.979536,0.0522686
6660,0.979546,0.0522302
6663,0.979556,0.052191799999999997
6666,0.979566,0.0521534
6669,0.979576,0.0521151
6672,0.979586,0.0520768
6675,0.979596,0.0520386
6678,0.979606,0.0520004
6681,0.979616,0.0519622
6684,0.979626,0.051924
6687,0.979636,0.0518859
6690,0.979646,0.0518479
6693,0.979656,0.0518099
6696,0.979666,0.0517719
6699,0.979676,0.0517339
6702,0.979686,0.051696
6705,0.979696,0.0516581
6708,0.979706,0.0516203
6711,0.979715,0.0515825
6714,0.979725,0.0515447
6717,0.979735,0.051507
6720,0.979745,0.0514693
6723,0.979755,0.0514316
6726,0.979765,0.051394
6729,0.979775,0.0513564
6732,0.979785,0.0513189
6735,0.979794,0.0512814
6738,0.979804,0.0512439
6741,0.979814,0.0512065
6744,0.979824,0.0511691
6747,0.979834,0.0511317
6750,0.979844,0.0510944
6753,0.979853,0.0510571
6756,0.979863,0.0510199
6759,0.979873,0.0509826
6762,0.979883,0.0509455
6765,0.979893,0.0509083
6768,0.979902,0.0508712
6771,0.979912,0.0508341
6774,0.979922,0.0507971
6777,0.979932,0.0507601
6780,0.979941,0.0507231
6783,0.979951,0.0506862
6786,0.979961,0.0506493
6789,0.979971,0.0506125
6792,0.97998,0.0505756
6795,0.97999,0.0505389
6798,0.98,0.0505021
6801,0.980009,0.0504654
6804,0.980019,0.0504287
6807,0.980029,0.0503921
6810,0.980038,0.0503555
6813,0.980048,0.0503189
6816,0.980058,0.0502824
6819,0.980067,0.0502459
6822,0.980077,0.0502094
6825,0.980087,0.050173
6828,0.980096,0.0501366
6831,0.980106,0.0501002
6834,0.980116,0.0500639
6837,0.980125,0.0500276
6840,0.980135,0.0499914
6843,0.980144,0.0499552
6846,0.980154,0.049919
6849,0.980164,0.0498828
6852,0.980173,0.0498467
6855,0.980183,0.0498106
6858,0.980192,0.0497746
6861,0.980202,0.0497386
6864,0.980211,0.0497026
6867,0.980221,0.0496667
6870,0.98023,0.0496308
6873,0.98024,0.0495949
6876,0.980249,0.0495591
6879,0.980259,0.0495233
6882,0.980268,0.0494875
6885,0.980278,0.0494518
6888,0.980287,0.0494161
6891,0.980297,0.0493804
6894,0.980306,0.0493448
6897,0.980316,0.0493092
6900,0.980325,0.0492736
6903,0.980335,0.0492381
6906,0.980344,0.0492026
6909,0.980354,0.0491672
6912,0.980363,0.0491317
6915,0.980373,0.0490964
6918,0.980382,0.049061
6921,0.980391,0.0490257
6924,0.980401,0.0489904
6927,0.98041,0.0489552
6930,0.98042,0.0489199
6933,0.980429,0.0488848
6936,0.980438,0.0488496
6939,0.980448,0.0488145
6942,0.980457,0.0487794
6945,0.980466,0.0487444
6948,0.980476,0.0487093
6951,0.980485,0.0486744
6954,0.980494,0.0486394
6957,0.980504,0.0486045
6960,0.980513,0.0485696
6963,0.980522,0.0485348
6966,0.980532,0.0485
6969,0.980541,0.0484652
6972,0.98055,0.0484304
6975,0.98056,0.0483957
6978,0.980569,0.048361
6981,0.980578,0.0483264
6984,0.980588,0.0482918
6987,0.980597,0.0482572
6990,0.980606,0.0482226
6993,0.980615,0.0481881
6996,0.980625,0.0481537
6999,0.980634,0.0481192
7002,0.980643,0.0480848
7005,0.980652,0.0480504
7008,0.980661,0.0480161
7011,0.980671,0.0479817
7014,0.98068,0.0479475
7017,0.980689,0.0479132
7020,0.980698,0.047879
7023,0.980707,0.0478448
7026,0.980717,0.0478106
7029,0.980726,0.0477765
7032,0.980735,0.0477424
7035,0.980744,0.0477084
7038,0.980753,0.0476743
7041,0.980762,0.0476404
7044,0.980772,0.0476064
7047,0.980781,0.0475725
7050,0.98079,0.0475386
7053,0.980799,0.0475047
7056,0.980808,0.0474709
7059,0.980817,0.0474371
7062,0.980826,0.0474033
7065,0.980835,0.0473696
7068,0.980845,0.0473359
7071,0.980854,0.0473022
7074,0.980863,0.0472686
7077,0.980872,0.047235
7080,0.980881,0.0472014
7083,0.98089,0.0471679
7086,0.980899,0.0471344
7089,0.980908,0.0471009
7092,0.980917,0.0470674
7095,0.980926,0.047034
7098,0.980935,0.0470006
7101,0.980944,0.0469673
7104,0.980953,0.046934
7107,0.980962,0.0469007
7110,0.980971,0.0468674
7113,0.98098,0.0468342
7116,0.980989,0.046801
7119,0.980998,0.0467678
7122,0.981007,0.0467347
7125,0.981016,0.0467016
7128,0.981025,0.0466685
7131,0.981034,0.0466355
7134,0.981043,0.0466025
7137,0.981052,0.0465695
7140,0.981061,0.0465366
7143,0.98107,0.0465037
7146,0.981079,0.0464708
7149,0.981087,0.0464379
7152,0.981096,0.0464051
7155,0.981105,0.0463723
7158,0.981114,0.0463396
7161,0.981123,0.0463069
7164,0.981132,0.0462742
7167,0.981141,0.0462415
7170,0.98115,0.0462089
7173,0.981159,0.0461763
7176,0.981167,0.0461437
7179,0.981176,0.0461111
7182,0.981185,0.0460786
7185,0.981194,0.0460462
7188,0.981203,0.0460137
7191,0.981212,0.0459813
7194,0.98122,0.0459489
7197,0.981229,0.0459165
7200,0.981238,0.0458842
7203,0.981247,0.0458519
7206,0.981256,0.0458197
7209,0.981264,0.0457874
7212,0.981273,0.0457552
7215,0.981282,0.045723
7218,0.981291,0.0456909
7221,0.9813,0.0456588
7224,0.981308,0.0456267
7227,0.981317,0.0455946
7230,0.981326,0.0455626
7233,0.981335,0.0455306
7236,0.981343,0.0454987
7239,0.981352,0.0454667
7242,0.981361,0.0454348
7245,0.98137,0.0454029
7248,0.981378,0.0453711
7251,0.981387,0.0453393
7254,0.981396,0.0453075
7257,0.981404,0.0452757
7260,0.981413,0.045244
7263,0.981422,0.0452123
7266,0.98143,0.0451807
7269,0.981439,0.045149
7272,0.981448,0.0451174
7275,0.981456,0.0450858
7278,0.981465,0.0450543
7281,0.981474,0.0450228
7284,0.981482,0.0449913
7287,0.981491,0.0449598
7290,0.9815,0.0449284
7293,0.981508,0.044897
7296,0.981517,0.0448656
7299,0.981525,0.0448343
7302,0.981534,0.044803
7305,0.981543,0.0447717
7308,0.981551,0.0447404
7311,0.98156,0.0447092
7314,0.981568,0.044678
7317,0.981577,0.0446468
7320,0.981585,0.0446157
7323,0.981594,0.0445846
7326,0.981603,0.0445535
7329,0.981611,0.0445225
7332,0.98162,0.0444914
7335,0.981628,0.0444604
7338,0.981637,0.0444295
7341,0.981645,0.0443985
7344,0.981654,0.0443676
7347,0.981662,0.0443368
7350,0.981671,0.0443059
7353,0.981679,0.0442751
7356,0.981688,0.0442443
7359,0.981696,0.0442135
7362,0.981705,0.0441828
7365,0.981713,0.0441521
7368,0.981722,0.0441214
7371,0.98173,0.0440908
7374,0.981739,0.0440601
7377,0.981747,0.0440295
7380,0.981756,0.043999
7383,0.981764,0.0439685
7386,0.981772,0.0439379
7389,0.981781,0.0439075
7392,0.981789,0.043877
7395,0.981798,0.0438466
7398,0.981806,0.0438162
7401,0.981814,0.0437858
7404,0.981823,0.0437555
7407,0.981831,0.0437252
7410,0.98184,0.0436949
7413,0.981848,0.0436646
7416,0.981856,0.0436344
7419,0.981865,0.0436042
7422,0.981873,0.0435741
7425,0.981882,0.0435439
7428,0.98189,0.0435138
7431,0.981898,0.0434837
7434,0.981907,0.0434536
7437,0.981915,0.0434236
7440,0.981923,0.0433936
7443,0.981932,0.0433636
7446,0.98194,0.0433337
7449,0.981948,0.0433038
7452,0.981956,0.0432739
7455,0.981965,0.043244
7458,0.981973,0.0432142
7461,0.981981,0.0431844
7464,0.98199,0.0431546
7467,0.981998,0.0431248
7470,0.982006,0.0430951
7473,0.982014,0.0430654
7476,0.982023,0.0430357
7479,0.982031,0.0430061
7482,0.982039,0.0429765
7485,0.982047,0.0429469
7488,0.982056,0.0429173
7491,0.982064,0.0428878
7494,0.982072,0.0428583
7497,0.98208,0.0428288
7500,0.982089,0.0427993
7503,0.982097,0.0427699
7506,0.982105,0.0427405
7509,0.982113,0.0427111
7512,0.982121,0.0426818
7515,0.98213,0.0426524
7518,0.982138,0.0426232
7521,0.982146,0.0425939
7524,0.982154,0.0425646
7527,0.982162,0.0425354
7530,0.98217,0.0425063
7533,0.982179,0.0424771
7536,0.982187,0.042448
7539,0.982195,0.0424189
7542,0.982203,0.0423898
7545,0.982211,0.0423607
7548,0.982219,0.0423317
7551,0.982227,0.0423027
7554,0.982236,0.0422737
7557,0.982244,0.0422448
7560,0.982252,0.0422159
7563,0.98226,0.042187
7566,0.982268,0.0421581
7569,0.982276,0.0421293
7572,0.982284,0.0421004
7575,0.982292,0.0420717
7578,0.9823,0.0420429
7581,0.982308,0.0420142
7584,0.982316,0.0419854
7587,0.982324,0.0419568
7590,0.982332,0.0419281
7593,0.982341,0.0418995
7596,0.982349,0.0418709
7599,0.982357,0.0418423
7602,0.982365,0.0418137
7605,0.982373,0.0417852
7608,0.982381,0.0417567
7611,0.982389,0.0417282
7614,0.982397,0.0416998
7617,0.982405,0.0416714
7620,0.982413,0.041643
7623,0.982421,0.0416146
7626,0.982429,0.0415863
7629,0.982437,0.0415579
7632,0.982445,0.0415296
7635,0.982453,0.0415014
7638,0.982461,0.0414731
7641,0.982468,0.0414449
7644,0.982476,0.0414167
7647,0.982484,0.0413886
7650,0.982492,0.0413604
7653,0.9825,0.0413323
7656,0.982508,0.0413042
7659,0.982516,0.0412762
7662,0.982524,0.0412481
7665,0.982532,0.0412201
7668,0.98254,0.0411921
7671,0.982548,0.0411642
7674,0.982556,0.0411362
7677,0.982564,0.0411083
7680,0.982571,0.0410804
7683,0.982579,0.0410526
7686,0.982587,0.0410247
7689,0.982595,0.0409969
7692,0.982603,0.0409691
7695,0.982611,0.0409414
7698,0.982619,0.0409136
7701,0.982626,0.0408859
7704,0.982634,0.0408583
7707,0.982642,0.0408306
7710,0.98265,0.040803
7713,0.982658,0.0407753
7716,0.982666,0.0407478
7719,0.982673,0.0407202
7722,0.982681,0.0406927
7725,0.982689,0.0406652
7728,0.982697,0.0406377
7731,0.982705,0.0406102
7734,0.982712,0.0405828
7737,0.98272,0.0405554
7740,0.982728,0.040528
7743,0.982736,0.0405006
7746,0.982744,0.0404733
7749,0.982751,0.040446
7752,0.982759,0.0404187
7755,0.982767,0.0403914
7758,0.982775,0.0403642
7761,0.982782,0.040337
7764,0.98279,0.0403098
7767,0.982798,0.0402826
7770,0.982805,0.0402555
7773,0.982813,0.0402284
7776,0.982821,0.0402013
7779,0.982829,0.0401742
7782,0.982836,0.0401472
7785,0.982844,0.0401202
7788,0.982852,0.0400932
7791,0.982859,0.0400662
7794,0.982867,0.0400393
7797,0.982875,0.0400123
7800,0.982882,0.0399854
7803,0.98289,0.0399586
7806,0.982898,0.0399317
7809,0.982905,0.0399049
7812,0.982913,0.0398781
7815,0.982921,0.0398513
7818,0.982928,0.0398246
7821,0.982936,0.0397978
7824,0.982944,0.0397711
7827,0.982951,0.0397445
7830,0.982959,0.0397178
7833,0.982967,0.0396912
7836,0.982974,0.0396646
7839,0.982982,0.039638
7842,0.982989,0.0396114
7845,0.982997,0.0395849
7848,0.983005,0.0395584
7851,0.983012,0.0395319
7854,0.98302,0.0395054
7857,0.983027,0.039479
7860,0.983035,0.0394525
7863,0.983042,0.0394262
7866,0.98305,0.0393998
7869,0.983058,0.0393734
7872,0.983065,0.0393471
7875,0.983073,0.0393208
7878,0.98308,0.0392945
7881,0.983088,0.0392683
7884,0.983095,0.039242
7887,0.983103,0.0392158
7890,0.98311,0.0391897
7893,0.983118,0.0391635
7896,0.983125,0.0391374
7899,0.983133,0.0391112
7902,0.98314,0.0390852
7905,0.983148,0.0390591
7908,0.983155,0.039033
7911,0.983163,0.039007
7914,0.98317,0.038981
7917,0.983178,0.0389551
7920,0.983185,0.0389291
7923,0.983193,0.0389032
7926,0.9832,0.0388773
7929,0.983208,0.0388514
7932,0.983215,0.0388255
7935,0.983222,0.0387997
7938,0.98323,0.0387739
7941,0.983237,0.0387481
7944,0.983245,0.0387223
7947,0.983252,0.0386966
7950,0.98326,0.0386709
7953,0.983267,0.0386452
7956,0.983274,0.0386195
7959,0.983282,0.0385938
7962,0.983289,0.0385682
7965,0.983297,0.0385426
7968,0.983304,0.038517
7971,0.983311,0.0384914
7974,0.983319,0.0384659
7977,0.983326,0.0384404
7980,0.983334,0.0384149
7983,0.983341,0.0383894
7986,0.983348,0.038364
7989,0.983356,0.0383385
7992,0.983363,0.0383131
7995,0.98337,0.0382878
7998,0.983378,0.0382624
8001,0.983385,0.0382371
8004,0.983392,0.0382118
8007,0.9834,0.0381865
8010,0.983407,0.0381612
8013,0.983414,0.0381359
8016,0.983422,0.0381107
8019,0.983429,0.0380855
8022,0.983436,0.0380603
8025,0.983444,0.0380352
8028,0.983451,0.03801
8031,0.983458,0.0379849
8034,0.983465,0.0379598
8037,0.983473,0.0379348
8040,0.98348,0.0379097
8043,0.983487,0.0378847
8046,0.983495,0.0378597
8049,0.983502,0.0378347
8052,0.983509,0.0378098
8055,0.983516,0.0377848
8058,0.983524,0.0377599
8061,0.983531,0.037735
8064,0.983538,0.0377101
8067,0.983545,0.0376853
8070,0.983552,0.0376605
8073,0.98356,0.0376357
8076,0.983567,0.0376109
8079,0.983574,0.0375861
8082,0.983581,0.0375614
8085,0.983589,0.0375367
8088,0.983596,0.037512
8091,0.983603,0.0374873
8094,0.98361,0.0374626
8097,0.983617,0.037438
8100,0.983624,0.0374134
8103,0.983632,0.0373888
8106,0.983639,0.0373642
8109,0.983646,0.0373397
8112,0.983653,0.0373152
8115,0.98366,0.0372907
8118,0.983667,0.0372662
8121,0.983675,0.0372417
8124,0.983682,0.0372173
8127,0.983689,0.0371929
8130,0.983696,0.0371685
8133,0.983703,0.0371441
8136,0.98371,0.0371197
8139,0.983717,0.0370954
8142,0.983724,0.0370711
8145,0.983732,0.0370468
8148,0.983739,0.0370226
8151,0.983746,0.0369983
8154,0.983753,0.0369741
8157,0.98376,0.0369499
8160,0.983767,0.0369257
8163,0.983774,0.0369015
8166,0.983781,0.0368774
8169,0.983788,0.0368533
8172,0.983795,0.0368292
8175,0.983802,0.0368051
8178,0.983809,0.036781
8181,0.983817,0.036757
8184,0.983824,0.036733
8187,0.983831,0.036709
8190,0.983838,0.036685
8193,0.983845,0.0366611
8196,0.983852,0.0366372
8199,0.983859,0.0366132
8202,0.983866,0.0365894
8205,0.983873,0.0365655
8208,0.98388,0.0365416
8211,0.983887,0.0365178
8214,0.983894,0.036494
8217,0.983901,0.0364702
8220,0.983908,0.0364465
8223,0.983915,0.0364227
8226,0.983922,0.036399
8229,0.983929,0.0363753
8232,0.983936,0.0363516
8235,0.983943,0.036328
8238,0.98395,0.0363043
8241,0.983957,0.0362807
8244,0.983964,0.0362571
8247,0.983971,0.0362335
8250,0.983977,0.03621
8253,0.983984,0.0361864
8256,0.983991,0.0361629
8259,0.983998,0.0361394
8262,0.984005,0.0361159
8265,0.984012,0.0360925
8268,0.984019,0.036069
8271,0.984026,0.0360456
8274,0.984033,0.0360222
8277,0.98404,0.0359989
8280,0.984047,0.0359755
8283,0.984054,0.0359522
8286,0.98406,0.0359289
8289,0.984067,0.0359056
8292,0.984074,0.0358823
8295,0.984081,0.035859
8298,0.984088,0.0358358
8301,0.984095,0.0358126
8304,0.984102,0.0357894
8307,0.984109,0.0357662
8310,0.984115,0.0357431
8313,0.984122,0.0357199
8316,0.984129,0.0356968
8319,0.984136,0.0356737
8322,0.984143,0.0356507
8325,0.98415,0.0356276
8328,0.984157,0.0356046
8331,0.984163,0.0355816
8334,0.98417,0.0355586
8337,0.984177,0.0355356
8340,0.984184,0.0355126
8343,0.984191,0.0354897
8346,0.984197,0.0354668
8349,0.984204,0.0354439
8352,0.984211,0.035421
8355,0.984218,0.0353982
8358,0.984225,0.0353753
8361,0.984231,0.0353525
8364,0.984238,0.0353297
8367,0.984245,0.0353069
8370,0.984252,0.0352842
8373,0.984258,0.0352614
8376,0.984265,0.0352387
8379,0.984272,0.035216
8382,0.984279,0.0351934
8385,0.984285,0.0351707
8388,0.984292,0.0351481
8391,0.984299,0.0351254
8394,0.984306,0.0351028
8397,0.984312,0.0350803
8400,0.984319,0.0350577
8403,0.984326,0.0350351
8406,0.984333,0.0350126
8409,0.984339,0.0349901
8412,0.984346,0.0349676
8415,0.984353,0.0349452
8418,0.984359,0.0349227
8421,0.984366,0.0349003
8424,0.984373,0.0348779
8427,0.984379,0.0348555
8430,0.984386,0.0348331
8433,0.984393,0.0348108
8436,0.9844,0.0347885
8439,0.984406,0.0347661
8442,0.984413,0.0347439
8445,0.98442,0.0347216
8448,0.984426,0.0346993
8451,0.984433,0.0346771
8454,0.984439,0.0346549
8457,0.984446,0.0346327
8460,0.984453,0.0346105
8463,0.984459,0.0345883
8466,0.984466,0.0345662
8469,0.984473,0.0345441
8472,0.984479,0.034522
8475,0.984486,0.0344999
8478,0.984493,0.0344778
8481,0.984499,0.0344558
8484,0.984506,0.0344338
8487,0.984512,0.0344118
8490,0.984519,0.0343898
8493,0.984526,0.0343678
8496,0.984532,0.0343458
8499,0.984539,0.0343239
8502,0.984545,0.034302
8505,0.984552,0.0342801
8508,0.984558,0.0342582
8511,0.984565,0.0342364
8514,0.984572,0.0342145
8517,0.984578,0.0341927
8520,0.984585,0.0341709
8523,0.984591,0.0341491
8526,0.984598,0.0341273
8529,0.984604,0.0341056
8532,0.984611,0.0340839
8535,0.984617,0.0340622
8538,0.984624,0.0340405
8541,0.98463,0.0340188
8544,0.984637,0.0339971
8547,0.984643,0.0339755
8550,0.98465,0.0339539
8553,0.984656,0.0339323
8556,0.984663,0.0339107
8559,0.984669,0.0338891
8562,0.984676,0.0338676
8565,0.984682,0.0338461
8568,0.984689,0.0338246
8571,0.984695,0.0338031
8574,0.984702,0.0337816
8577,0.984708,0.0337602
8580,0.984715,0.0337387
8583,0.984721,0.0337173
8586,0.984728,0.0336959
8589,0.984734,0.0336745
8592,0.984741,0.0336532
8595,0.984747,0.0336318
8598,0.984754,0.0336105
8601,0.98476,0.0335892
8604,0.984767,0.0335679
8607,0.984773,0.0335466
8610,0.984779,0.0335254
8613,0.984786,0.0335041
8616,0.984792,0.0334829
8619,0.984799,0.0334617
8622,0.984805,0.0334405
8625,0.984811,0.0334194
8628,0.984818,0.0333982
8631,0.984824,0.0333771
8634,0.984831,0.033356
8637,0.984837,0.0333349
8640,0.984843,0.0333138
8643,0.98485,0.0332928
8646,0.984856,0.0332717
8649,0.984863,0.0332507
8652,0.984869,0.0332297
8655,0.984875,0.0332087
8658,0.984882,0.0331877
8661,0.984888,0.0331668
8664,0.984894,0.0331459
8667,0.984901,0.0331249
8670,0.984907,0.033104
8673,0.984913,0.0330832
8676,0.98492,0.0330623
8679,0.984926,0.0330415
8682,0.984933,0.0330206
8685,0.984939,0.0329998
8688,0.984945,0.032979
8691,0.984951,0.0329583
8694,0.984958,0.0329375
8697,0.984964,0.0329168
8700,0.98497,0.032896
8703,0.984977,0.0328753
8706,0.984983,0.0328546
8709,0.984989,0.032834
8712,0.984996,0.0328133
8715,0.985002,0.0327927
8718,0.985008,0.0327721
8721,0.985014,0.0327515
8724,0.985021,0.0327309
8727,0.985027,0.0327103
8730,0.985033,0.0326898
8733,0.98504,0.0326692
8736,0.985046,0.0326487
8739,0.985052,0.0326282
8742,0.985058,0.0326077
8745,0.985065,0.0325873
8748,0.985071,0.0325668
8751,0.985077,0.0325464
8754,0.985083,0.032526
8757,0.98509,0.0325056
8760,0.985096,0.0324852
8763,0.985102,0.0324649
8766,0.985108,0.0324445
8769,0.985114,0.0324242
8772,0.985121,0.0324039
8775,0.985127,0.0323836
8778,0.985133,0.0323633
8781,0.985139,0.032343
8784,0.985145,0.0323228
8787,0.985152,0.0323026
8790,0.985158,0.0322824
8793,0.985164,0.0322622
8796,0.98517,0.032242
8799,0.985176,0.0322219
8802,0.985183,0.0322017
8805,0.985189,0.0321816
8808,0.985195,0.0321615
8811,0.985201,0.0321414
8814,0.985207,0.0321213
8817,0.985213,0.0321013
8820,0.98522,0.0320812
8823,0.985226,0.0320612
8826,0.985232,0.0320412
8829,0.985238,0.0320212
8832,0.985244,0.0320012
8835,0.98525,0.0319813
8838,0.985256,0.0319613
8841,0.985263,0.0319414
8844,0.985269,0.0319215
8847,0.985275,0.0319016
8850,0.985281,0.0318817
8853,0.985287,0.0318619
8856,0.985293,0.031842
8859,0.985299,0.0318222
8862,0.985305,0.0318024
8865,0.985311,0.0317826
8868,0.985318,0.0317628
8871,0.985324,0.0317431
8874,0.98533,0.0317233
8877,0.985336,0.0317036
8880,0.985342,0.0316839
8883,0.985348,0.0316642
8886,0.985354,0.0316445
8889,0.98536,0.0316249
8892,0.985366,0.0316052
8895,0.985372,0.0315856
8898,0.985378,0.031566
8901,0.985384,0.0315464
8904,0.98539,0.0315268
8907,0.985396,0.0315073
8910,0.985402,0.0314877
8913,0.985408,0.0314682
8916,0.985414,0.0314487
8919,0.98542,0.0314292
8922,0.985427,0.0314097
8925,0.985433,0.0313902
8928,0.985439,0.0313708
8931,0.985445,0.0313514
8934,0.985451,0.0313319
8937,0.985457,0.0313125
8940,0.985463,0.0312932
8943,0.985469,0.0312738
8946,0.985475,0.0312544
8949,0.985481,0.0312351
8952,0.985487,0.0312158
8955,0.985493,0.0311965
8958,0.985499,0.0311772
8961,0.985504,0.0311579
8964,0.98551,0.0311386
8967,0.985516,0.0311194
8970,0.985522,0.0311002
8973,0.985528,0.031081
8976,0.985534,0.0310618
8979,0.98554,0.0310426
8982,0.985546,0.0310234
8985,0.985552,0.0310043
8988,0.985558,0.0309852
8991,0.985564,0.030966
8994,0.98557,0.0309469
8997,0.985576,0.0309279
9000,0.985582,0.0309088
9003,0.985588,0.0308897
9006,0.985594,0.0308707
9009,0.9856,0.0308517
9012,0.985606,0.0308327
9015,0.985611,0.0308137
9018,0.985617,0.0307947
9021,0.985623,0.0307758
9024,0.985629,0.0307568
9027,0.985635,0.0307379
9030,0.985641,0.030719
9033,0.985647,0.0307001
9036,0.985653,0.0306812
9039,0.985659,0.0306623
9042,0.985664,0.0306435
9045,0.98567,0.0306247
9048,0.985676,0.0306058
9051,0.985682,0.030587
9054,0.985688,0.0305683
9057,0.985694,0.0305495
9060,0.9857,0.0305307
9063,0.985705,0.030512
9066,0.985711,0.0304933
9069,0.985717,0.0304745
9072,0.985723,0.0304559
9075,0.985729,0.0304372
9078,0.985735,0.0304185
9081,0.985741,0.0303999
9084,0.985746,0.0303812
9087,0.985752,0.0303626
9090,0.985758,0.030344
9093,0.985764,0.0303254
9096,0.98577,0.0303068
9099,0.985775,0.0302883
9102,0.985781,0.0302697
9105,0.985787,0.0302512
9108,0.985793,0.0302327
9111,0.985799,0.0302142
9114,0.985804,0.0301957
9117,0.98581,0.0301773
9120,0.985816,0.0301588
9123,0.985822,0.0301404
9126,0.985828,0.0301219
9129,0.985833,0.0301035
9132,0.985839,0.0300851
9135,0.985845,0.0300668
9138,0.985851,0.0300484
9141,0.985856,0.0300301
9144,0.985862,0.0300117
9147,0.985868,0.0299934
9150,0.985874,0.0299751
9153,0.985879,0.0299568
9156,0.985885,0.0299386
9159,0.985891,0.0299203
9162,0.985897,0.0299021
9165,0.985902,0.0298838
9168,0.985908,0.0298656
9171,0.985914,0.0298474
9174,0.985919,0.0298292
9177,0.985925,0.0298111
9180,0.985931,0.0297929
9183,0.985937,0.0297748
9186,0.985942,0.0297566
9189,0.985948,0.0297385
9192,0.985954,0.0297204
9195,0.985959,0.0297024
9198,0.985965,0.0296843
9201,0.985971,0.0296662
9204,0.985976,0.0296482
9207,0.985982,0.0296302
9210,0.985988,0.0296122
9213,0.985994,0.0295942
9216,0.985999,0.0295762
9219,0.986005,0.0295583
9222,0.986011,0.0295403
9225,0.986016,0.0295224
9228,0.986022,0.0295045
9231,0.986028,0.0294865
9234,0.986033,0.0294687
9237,0.986039,0.0294508
9240,0.986044,0.0294329
9243,0.98605,0.0294151
9246,0.986056,0.0293972
9249,0.986061,0.0293794
9252,0.986067,0.0293616
9255,0.986073,0.0293438
9258,0.986078,0.0293261
9261,0.986084,0.0293083
9264,0.986089,0.0292906
9267,0.986095,0.0292728
9270,0.986101,0.0292551
9273,0.986106,0.0292374
9276,0.986112,0.0292197
9279,0.986118,0.029202
9282,0.986123,0.0291844
9285,0.986129,0.0291667
9288,0.986134,0.0291491
9291,0.98614,0.0291315
9294,0.986145,0.0291139
9297,0.986151,0.0290963
9300,0.986157,0.0290787
9303,0.986162,0.0290612
9306,0.986168,0.0290436
9309,0.986173,0.0290261
9312,0.986179,0.0290086
9315,0.986184,0.0289911
9318,0.98619,0.0289736
9321,0.986196,0.0289561
9324,0.986201,0.0289386
9327,0.986207,0.0289212
9330,0.986212,0.0289038
9333,0.986218,0.0288863
9336,0.986223,0.0288689
9339,0.986229,0.0288515
9342,0.986234,0.0288342
9345,0.98624,0.0288168
9348,0.986245,0.0287994
9351,0.986251,0.0287821
9354,0.986256,0.0287648
9357,0.986262,0.0287475
9360,0.986267,0.0287302
9363,0.986273,0.0287129
9366,0.986278,0.0286956
9369,0.986284,0.0286784
9372,0.986289,0.0286612
9375,0.986295,0.0286439
9378,0.9863,0.0286267
9381,0.986306,0.0286095
9384,0.986311,0.0285923
9387,0.986317,0.0285752
9390,0.986322,0.028558
9393,0.986328,0.0285409
9396,0.986333,0.0285237
9399,0.986339,0.0285066
9402,0.986344,0.0284895
9405,0.98635,0.0284724
9408,0.986355,0.0284554
9411,0.986361,0.0284383
9414,0.986366,0.0284213
9417,0.986371,0.0284042
9420,0.986377,0.0283872
9423,0.986382,0.0283702
9426,0.986388,0.0283532
9429,0.986393,0.0283362
9432,0.986399,0.0283193
9435,0.986404,0.0283023
9438,0.986409,0.0282854
9441,0.986415,0.0282685
9444,0.98642,0.0282516
9447,0.986426,0.0282347
9450,0.986431,0.0282178
9453,0.986437,0.0282009
9456,0.986442,0.028184
9459,0.986447,0.0281672
9462,0.986453,0.0281504
9465,0.986458,0.0281336
9468,0.986464,0.0281168
9471,0.986469,0.0281
9474,0.986474,0.0280832
9477,0.98648,0.0280664
9480,0.986485,0.0280497
9483,0.98649,0.0280329
9486,0.986496,0.0280162
9489,0.986501,0.0279995
9492,0.986507,0.0279828
9495,0.9865120000000001,0.0279661
9498,0.986517,0.0279495
9501,0.986523,0.0279328
9504,0.986528,0.0279162
9507,0.986533,0.0278995
9510,0.986539,0.0278829
9513,0.986544,0.0278663
9516,0.986549,0.0278497
9519,0.986555,0.0278332
9522,0.98656,0.0278166
9525,0.986565,0.0278
9528,0.986571,0.0277835
9531,0.986576,0.027767
9534,0.986581,0.0277505
9537,0.986587,0.027734
9540,0.986592,0.0277175
9543,0.986597,0.027701
9546,0.986603,0.0276846
9549,0.986608,0.0276681
9552,0.986613,0.0276517
9555,0.986618,0.0276353
9558,0.986624,0.0276189
9561,0.986629,0.0276025
9564,0.986634,0.0275861
9567,0.98664,0.0275697
9570,0.986645,0.0275534
9573,0.98665,0.027537
9576,0.986655,0.0275207
9579,0.986661,0.0275044
9582,0.986666,0.0274881
9585,0.986671,0.0274718
9588,0.986677,0.0274555
9591,0.986682,0.0274392
9594,0.986687,0.027423
9597,0.986692,0.0274068
9600,0.986698,0.0273905
9603,0.986703,0.0273743
9606,0.986708,0.0273581
9609,0.986713,0.0273419
9612,0.986719,0.0273258
9615,0.986724,0.0273096
9618,0.986729,0.0272935
9621,0.986734,0.0272773
9624,0.986739,0.0272612
9627,0.986745,0.0272451
9630,0.98675,0.027229
9633,0.986755,0.0272129
9636,0.98676,0.0271968
9639,0.986766,0.0271808
9642,0.986771,0.0271647
9645,0.986776,0.0271487
9648,0.986781,0.0271327
9651,0.986786,0.0271167
9654,0.986792,0.0271007
9657,0.986797,0.0270847
9660,0.986802,0.0270687
9663,0.986807,0.0270528
9666,0.986812,0.0270368
9669,0.986818,0.0270209
9672,0.986823,0.027005
9675,0.986828,0.026989
9678,0.986833,0.0269731
9681,0.986838,0.0269573
9684,0.986843,0.0269414
9687,0.986849,0.0269255
9690,0.986854,0.0269097
9693,0.986859,0.0268939
9696,0.986864,0.026878
9699,0.986869,0.0268622
9702,0.986874,0.0268464
9705,0.986879,0.0268306
9708,0.986885,0.0268149
9711,0.98689,0.0267991
9714,0.986895,0.0267834
9717,0.9869,0.0267676
9720,0.986905,0.0267519
9723,0.98691,0.0267362
9726,0.986915,0.0267205
9729,0.98692,0.0267048
9732,0.986926,0.0266891
9735,0.986931,0.0266735
9738,0.986936,0.0266578
9741,0.986941,0.0266422
9744,0.986946,0.0266266
9747,0.986951,0.026611
9750,0.986956,0.0265954
9753,0.986961,0.0265798
9756,0.986966,0.0265642
9759,0.986972,0.0265486
9762,0.986977,0.0265331
9765,0.986982,0.0265176
9768,0.986987,0.026502
9771,0.986992,0.0264865
9774,0.986997,0.026471
9777,0.987002,0.0264555
9780,0.987007,0.02644
9783,0.987012,0.0264246
9786,0.987017,0.0264091
9789,0.987022,0.0263937
9792,0.987027,0.0263783
9795,0.987032,0.0263628
9798,0.987037,0.0263474
9801,0.987042,0.026332
9804,0.987048,0.0263167
9807,0.987053,0.0263013
9810,0.987058,0.0262859
9813,0.987063,0.0262706
9816,0.987068,0.0262553
9819,0.987073,0.0262399
9822,0.987078,0.0262246
9825,0.987083,0.0262093
9828,0.987088,0.026194
9831,0.987093,0.0261788
9834,0.987098,0.0261635
9837,0.987103,0.0261483
9840,0.987108,0.026133
9843,0.987113,0.0261178
9846,0.987118,0.0261026
9849,0.987123,0.0260874
9852,0.987128,0.0260722
9855,0.987133,0.026057
9858,0.987138,0.0260418
9861,0.987143,0.0260267
9864,0.987148,0.0260115
9867,0.987153,0.0259964
9870,0.987158,0.0259813
9873,0.987163,0.0259662
9876,0.987168,0.0259511
9879,0.987173,0.025936
9882,0.987178,0.0259209
9885,0.987183,0.0259059
9888,0.987188,0.0258908
9891,0.987193,0.0258758
9894,0.987198,0.0258608
9897,0.987202,0.0258457
9900,0.987207,0.0258307
9903,0.987212,0.0258157
9906,0.987217,0.0258008
9909,0.987222,0.0257858
9912,0.987227,0.0257708
9915,0.987232,0.0257559
9918,0.987237,0.025741
9921,0.987242,0.025726
9924,0.987247,0.0257111
9927,0.987252,0.0256962
9930,0.987257,0.0256813
9933,0.987262,0.0256665
9936,0.987267,0.0256516
9939,0.987272,0.0256368
9942,0.987276,0.0256219
9945,0.987281,0.0256071
9948,0.987286,0.0255923
9951,0.987291,0.0255775
9954,0.987296,0.0255627
9957,0.987301,0.0255479
9960,0.987306,0.0255331
9963,0.987311,0.0255183
9966,0.987316,0.0255036
9969,0.987321,0.0254889
9972,0.987325,0.0254741
9975,0.98733,0.0254594
9978,0.987335,0.0254447
9981,0.98734,0.02543
9984,0.987345,0.0254153
9987,0.98735,0.0254007
9990,0.987355,0.025386
9993,0.987359,0.0253714
9996,0.987364,0.0253567
9999,0.987369,0.0253421
10002,0.987374,0.0253275
10005,0.987379,0.0253129
10008,0.987384,0.0252983
10011,0.987389,0.0252837
10014,0.987393,0.0252691
10017,0.987398,0.0252546
10020,0.987403,0.02524
10023,0.987408,0.0252255
10026,0.987413,0.025211
10029,0.987418,0.0251965
10032,0.987422,0.025182
10035,0.987427,0.0251675
10038,0.987432,0.025153
10041,0.987437,0.0251385
10044,0.987442,0.0251241
10047,0.987447,0.0251096
10050,0.987451,0.0250952
10053,0.987456,0.0250808
10056,0.987461,0.0250663
10059,0.987466,0.0250519
10062,0.987471,0.0250376
10065,0.987475,0.0250232
10068,0.98748,0.0250088
10071,0.987485,0.0249944
10074,0.98749,0.0249801
10077,0.987495,0.0249658
10080,0.987499,0.0249514
10083,0.987504,0.0249371
10086,0.987509,0.0249228
10089,0.987514,0.0249085
10092,0.987518,0.0248942
10095,0.987523,0.02488
10098,0.987528,0.0248657
10101,0.987533,0.0248515
10104,0.987537,0.0248372
10107,0.987542,0.024823
10110,0.987547,0.0248088
10113,0.987552,0.0247946
10116,0.987556,0.0247804
10119,0.987561,0.0247662
10122,0.987566,0.024752
10125,0.987571,0.0247379
10128,0.987575,0.0247237
10131,0.98758,0.0247096
10134,0.987585,0.0246955
10137,0.98759,0.0246813
10140,0.987594,0.0246672
10143,0.987599,0.0246531
10146,0.987604,0.024639
10149,0.987609,0.024625
10152,0.987613,0.0246109
10155,0.987618,0.0245969
10158,0.987623,0.0245828
10161,0.987627,0.0245688
10164,0.987632,0.0245548
10167,0.987637,0.0245407
10170,0.987642,0.0245267
10173,0.987646,0.0245128
10176,0.987651,0.0244988
10179,0.987656,0.0244848
10182,0.98766,0.0244709
10185,0.987665,0.0244569
10188,0.98767,0.024443
10191,0.987674,0.024429
10194,0.987679,0.0244151
10197,0.987684,0.0244012
10200,0.987688,0.0243873
10203,0.987693,0.0243734
10206,0.987698,0.0243596
10209,0.987702,0.0243457
10212,0.987707,0.0243319
10215,0.987712,0.024318
10218,0.987716,0.0243042
10221,0.987721,0.0242904
10224,0.987726,0.0242766
10227,0.98773,0.0242628
10230,0.987735,0.024249
10233,0.98774,0.0242352
10236,0.987744,0.0242214
10239,0.987749,0.0242077
10242,0.987754,0.0241939
10245,0.987758,0.0241802
10248,0.987763,0.0241665
10251,0.987767,0.0241527
10254,0.987772,0.024139
10257,0.987777,0.0241253
10260,0.987781,0.0241117
10263,0.987786,0.024098
10266,0.987791,0.0240843
10269,0.987795,0.0240707
10272,0.9878,0.024057
10275,0.987804,0.0240434
10278,0.987809,0.0240298
10281,0.987814,0.0240162
10284,0.987818,0.0240025
10287,0.987823,0.023989
10290,0.987827,0.0239754
10293,0.987832,0.0239618
10296,0.987837,0.0239482
10299,0.987841,0.0239347
10302,0.987846,0.0239212
10305,0.98785,0.0239076
10308,0.987855,0.0238941
10311,0.987859,0.0238806
10314,0.987864,0.0238671
10317,0.987869,0.0238536
10320,0.987873,0.0238401
10323,0.987878,0.0238267
10326,0.987882,0.0238132
10329,0.987887,0.0237997
10332,0.987891,0.0237863
10335,0.987896,0.0237729
10338,0.987901,0.0237595
10341,0.987905,0.0237461
10344,0.98791,0.0237327
10347,0.987914,0.0237193
10350,0.987919,0.0237059
10353,0.987923,0.0236925
10356,0.987928,0.0236792
10359,0.987932,0.0236658
10362,0.987937,0.0236525
10365,0.987941,0.0236392
10368,0.987946,0.0236258
10371,0.98795,0.0236125
10374,0.987955,0.0235992
10377,0.98796,0.0235859
10380,0.987964,0.0235727
10383,0.987969,0.0235594
10386,0.987973,0.0235461
10389,0.987978,0.0235329
10392,0.987982,0.0235197
10395,0.987987,0.0235064
10398,0.987991,0.0234932
10401,0.987996,0.02348
10404,0.988,0.0234668
10407,0.988005,0.0234536
10410,0.988009,0.0234404
10413,0.988014,0.0234273
10416,0.988018,0.0234141
10419,0.988023,0.023401
10422,0.988027,0.0233878
10425,0.988032,0.0233747
10428,0.988036,0.0233616
10431,0.98804,0.0233485
10434,0.988045,0.0233354
10437,0.988049,0.0233223
10440,0.988054,0.0233092
10443,0.988058,0.0232961
10446,0.988063,0.0232831
10449,0.988067,0.02327
10452,0.988072,0.023257
10455,0.988076,0.0232439
10458,0.988081,0.0232309
10461,0.988085,0.0232179
10464,0.98809,0.0232049
10467,0.988094,0.0231919
10470,0.988098,0.0231789
10473,0.988103,0.023166
10476,0.988107,0.023153
10479,0.988112,0.02314
10482,0.988116,0.0231271
10485,0.988121,0.0231142
10488,0.988125,0.0231012
10491,0.988129,0.0230883
10494,0.988134,0.0230754
10497,0.988138,0.0230625
10500,0.988143,0.0230496
10503,0.988147,0.0230368
10506,0.988152,0.0230239
10509,0.988156,0.023011
10512,0.98816,0.0229982
10515,0.988165,0.0229854
10518,0.988169,0.0229725
10521,0.988174,0.0229597
10524,0.988178,0.0229469
10527,0.988182,0.0229341
10530,0.988187,0.0229213
10533,0.988191,0.0229085
10536,0.988196,0.0228958
10539,0.9882,0.022883
10542,0.988204,0.0228702
10545,0.988209,0.0228575
10548,0.988213,0.0228448
10551,0.988217,0.022832
10554,0.988222,0.0228193
10557,0.988226,0.0228066
10560,0.988231,0.0227939
10563,0.988235,0.0227812
10566,0.988239,0.0227686
10569,0.988244,0.0227559
10572,0.988248,0.0227432
10575,0.988252,0.0227306
10578,0.988257,0.022718
10581,0.988261,0.0227053
10584,0.988265,0.0226927
10587,0.98827,0.0226801
10590,0.988274,0.0226675
10593,0.988278,0.0226549
10596,0.988283,0.0226423
10599,0.988287,0.0226297
10602,0.988291,0.0226172
10605,0.988296,0.0226046
10608,0.9883,0.0225921
10611,0.988304,0.0225795
10614,0.988309,0.022567
10617,0.988313,0.0225545
10620,0.988317,0.022542
10623,0.988322,0.0225295
10626,0.988326,0.022517
10629,0.98833,0.0225045
10632,0.988335,0.0224921
10635,0.988339,0.0224796
10638,0.988343,0.0224671
10641,0.988348,0.0224547
10644,0.988352,0.0224423
10647,0.988356,0.0224298
10650,0.98836,0.0224174
10653,0.988365,0.022405
10656,0.988369,0.0223926
10659,0.988373,0.0223802
10662,0.988378,0.0223679
10665,0.988382,0.0223555
10668,0.988386,0.0223431
10671,0.98839,0.0223308
10674,0.988395,0.0223184
10677,0.988399,0.0223061
10680,0.988403,0.0222938
10683,0.988408,0.0222815
10686,0.988412,0.0222691
10689,0.988416,0.0222568
10692,0.98842,0.0222446
10695,0.988425,0.0222323
10698,0.988429,0.02222
10701,0.988433,0.0222077
10704,0.988437,0.0221955
10707,0.988442,0.0221833
10710,0.988446,0.022171
10713,0.98845,0.0221588
10716,0.988454,0.0221466
10719,0.988459,0.0221344
10722,0.988463,0.0221222
10725,0.988467,0.02211
10728,0.988471,0.0220978
10731,0.988476,0.0220856
10734,0.98848,0.0220735
10737,0.988484,0.0220613
10740,0.988488,0.0220492
10743,0.988492,0.022037
10746,0.988497,0.0220249
10749,0.988501,0.0220128
10752,0.988505,0.0220007
10755,0.988509,0.0219886
10758,0.988514,0.0219765
10761,0.988518,0.0219644
10764,0.988522,0.0219523
10767,0.988526,0.0219403
10770,0.98853,0.0219282
10773,0.988535,0.0219162
10776,0.988539,0.0219041
10779,0.988543,0.0218921
10782,0.988547,0.0218801
10785,0.988551,0.0218681
10788,0.988556,0.0218561
10791,0.98856,0.0218441
10794,0.988564,0.0218321
10797,0.988568,0.0218201
10800,0.988572,0.0218082
10803,0.988576,0.0217962
10806,0.988581,0.0217842
10809,0.988585,0.0217723
10812,0.988589,0.0217604
10815,0.988593,0.0217484
10818,0.988597,0.0217365
10821,0.988601,0.0217246
10824,0.988606,0.0217127
10827,0.98861,0.0217008
10830,0.988614,0.021689
10833,0.988618,0.0216771
10836,0.988622,0.0216652
10839,0.988626,0.0216534
10842,0.988631,0.0216415
10845,0.988635,0.0216297
10848,0.988639,0.0216179
10851,0.988643,0.021606
10854,0.988647,0.0215942
10857,0.988651,0.0215824
10860,0.988655,0.0215706
10863,0.988659,0.0215588
10866,0.988664,0.0215471
10869,0.988668,0.0215353
10872,0.988672,0.0215235
10875,0.988676,0.0215118
10878,0.98868,0.0215001
10881,0.988684,0.0214883
10884,0.988688,0.0214766
10887,0.988692,0.0214649
10890,0.988697,0.0214532
10893,0.988701,0.0214415
10896,0.988705,0.0214298
10899,0.988709,0.0214181
10902,0.988713,0.0214064
10905,0.988717,0.0213948
10908,0.988721,0.0213831
10911,0.988725,0.0213714
10914,0.988729,0.0213598
10917,0.988733,0.0213482
10920,0.988738,0.0213366
10923,0.988742,0.0213249
10926,0.988746,0.0213133
10929,0.98875,0.0213017
10932,0.988754,0.0212901
10935,0.988758,0.0212786
10938,0.988762,0.021267
10941,0.988766,0.0212554
10944,0.98877,0.0212439
10947,0.988774,0.0212323
10950,0.988778,0.0212208
10953,0.988782,0.0212093
10956,0.988786,0.0211977
10959,0.988791,0.0211862
10962,0.988795,0.0211747
10965,0.988799,0.0211632
10968,0.988803,0.0211517
10971,0.988807,0.0211402
10974,0.988811,0.0211288
10977,0.988815,0.0211173
10980,0.988819,0.0211059
10983,0.988823,0.0210944
10986,0.988827,0.021083
10989,0.988831,0.0210715
10992,0.988835,0.0210601
10995,0.988839,0.0210487
10998,0.988843,0.0210373
11001,0.988847,0.0210259
11004,0.988851,0.0210145
11007,0.988855,0.0210031
11010,0.988859,0.0209918
11013,0.988863,0.0209804
11016,0.988867,0.020969
11019,0.988871,0.0209577
11022,0.988875,0.0209463
11025,0.988879,0.020935
11028,0.988883,0.0209237
11031,0.988887,0.0209124
11034,0.988891,0.0209011
11037,0.988895,0.0208898
11040,0.988899,0.0208785
11043,0.988903,0.0208672
11046,0.988907,0.0208559
11049,0.988911,0.0208447
11052,0.988915,0.0208334
11055,0.988919,0.0208221
11058,0.988923,0.0208109
11061,0.988927,0.0207997
11064,0.988931,0.0207884
11067,0.988935,0.0207772
11070,0.988939,0.020766
11073,0.988943,0.0207548
11076,0.988947,0.0207436
11079,0.988951,0.0207324
11082,0.988955,0.0207213
11085,0.988959,0.0207101
11088,0.988963,0.0206989
11091,0.988967,0.0206878
11094,0.988971,0.0206766
11097,0.988975,0.0206655
11100,0.988979,0.0206544
11103,0.988983,0.0206432
11106,0.988987,0.0206321
11109,0.988991,0.020621
11112,0.988995,0.0206099
11115,0.988999,0.0205988
11118,0.989003,0.0205877
11121,0.989006,0.0205767
11124,0.98901,0.0205656
11127,0.989014,0.0205545
11130,0.989018,0.0205435
11133,0.989022,0.0205325
11136,0.989026,0.0205214
11139,0.98903,0.0205104
11142,0.989034,0.0204994
11145,0.989038,0.0204884
11148,0.989042,0.0204774
11151,0.989046,0.0204664
11154,0.98905,0.0204554
11157,0.989054,0.0204444
11160,0.989058,0.0204334
11163,0.989061,0.0204225
11166,0.989065,0.0204115
11169,0.989069,0.0204006
11172,0.989073,0.0203896
11175,0.989077,0.0203787
11178,0.989081,0.0203678
11181,0.989085,0.0203569
11184,0.989089,0.020346
11187,0.989093,0.0203351
11190,0.989097,0.0203242
11193,0.9891,0.0203133
11196,0.989104,0.0203024
11199,0.989108,0.0202915
11202,0.989112,0.0202807
11205,0.989116,0.0202698
11208,0.98912,0.020259
11211,0.989124,0.0202481
11214,0.989128,0.0202373
11217,0.989132,0.0202265
11220,0.989135,0.0202157
11223,0.989139,0.0202049
11226,0.989143,0.0201941
11229,0.989147,0.0201833
11232,0.989151,0.0201725
11235,0.989155,0.0201617
11238,0.989159,0.0201509
11241,0.989162,0.0201402
11244,0.989166,0.0201294
11247,0.98917,0.0201187
11250,0.989174,0.0201079
11253,0.989178,0.0200972
11256,0.989182,0.0200865
11259,0.989186,0.0200758
11262,0.989189,0.0200651
11265,0.989193,0.0200544
11268,0.989197,0.0200437
11271,0.989201,0.020033
11274,0.989205,0.0200223
11277,0.989209,0.0200116
11280,0.989212,0.020001
11283,0.989216,0.0199903
11286,0.98922,0.0199797
11289,0.989224,0.019969
11292,0.989228,0.0199584
11295,0.989232,0.0199478
11298,0.989235,0.0199372
11301,0.989239,0.0199265
11304,0.989243,0.0199159
11307,0.989247,0.0199054
11310,0.989251,0.0198948
11313,0.989254,0.0198842
11316,0.989258,0.0198736
11319,0.989262,0.0198631
11322,0.989266,0.0198525
11325,0.98927,0.0198419
11328,0.989273,0.0198314
11331,0.989277,0.0198209
11334,0.989281,0.0198103
11337,0.989285,0.0197998
11340,0.989289,0.0197893
11343,0.989292,0.0197788
11346,0.989296,0.0197683
11349,0.9893,0.0197578
11352,0.989304,0.0197473
11355,0.989308,0.0197369
11358,0.989311,0.0197264
11361,0.989315,0.0197159
11364,0.989319,0.0197055
11367,0.989323,0.019695
11370,0.989326,0.0196846
11373,0.98933,0.0196742
11376,0.989334,0.0196638
11379,0.989338,0.0196533
11382,0.989342,0.0196429
11385,0.989345,0.0196325
11388,0.989349,0.0196221
11391,0.989353,0.0196118
11394,0.989357,0.0196014
11397,0.98936,0.019591
11400,0.989364,0.0195806
11403,0.989368,0.0195703
11406,0.989372,0.0195599
11409,0.989375,0.0195496
11412,0.989379,0.0195393
11415,0.989383,0.0195289
11418,0.989387,0.0195186
11421,0.98939,0.0195083
11424,0.989394,0.019498
11427,0.989398,0.0194877
11430,0.989401,0.0194774
11433,0.989405,0.0194671
11436,0.989409,0.0194568
11439,0.989413,0.0194466
11442,0.989416,0.0194363
11445,0.98942,0.0194261
11448,0.989424,0.0194158
11451,0.989428,0.0194056
11454,0.989431,0.0193953
11457,0.989435,0.0193851
11460,0.989439,0.0193749
11463,0.989442,0.0193647
11466,0.989446,0.0193545
11469,0.98945,0.0193443
11472,0.989453,0.0193341
11475,0.989457,0.0193239
11478,0.989461,0.0193137
11481,0.989465,0.0193036
11484,0.989468,0.0192934
11487,0.989472,0.0192832
11490,0.989476,0.0192731
11493,0.989479,0.019263
11496,0.989483,0.0192528
11499,0.989487,0.0192427
11502,0.98949,0.0192326
11505,0.989494,0.0192225
11508,0.989498,0.0192124
11511,0.989501,0.0192023
11514,0.989505,0.0191922
11517,0.989509,0.0191821
11520,0.989512,0.019172
11523,0.989516,0.0191619
11526,0.98952,0.0191519
11529,0.989524,0.0191418
11532,0.989527,0.0191318
11535,0.989531,0.0191217
11538,0.989534,0.0191117
11541,0.989538,0.0191017
11544,0.989542,0.0190917
11547,0.989545,0.0190816
11550,0.989549,0.0190716
11553,0.989553,0.0190616
11556,0.989556,0.0190517
11559,0.98956,0.0190417
11562,0.989564,0.0190317
11565,0.989567,0.0190217
11568,0.989571,0.0190118
11571,0.989575,0.0190018
11574,0.989578,0.0189918
11577,0.989582,0.0189819
11580,0.989586,0.018972
11583,0.989589,0.018962
11586,0.989593,0.0189521
11589,0.989596,0.0189422
11592,0.9896,0.0189323
11595,0.989604,0.0189224
11598,0.989607,0.0189125
11601,0.989611,0.0189026
11604,0.989615,0.0188927
11607,0.989618,0.0188829
11610,0.989622,0.018873
11613,0.989625,0.0188631
11616,0.989629,0.0188533
11619,0.989633,0.0188434
11622,0.989636,0.0188336
11625,0.98964,0.0188238
11628,0.989643,0.0188139
11631,0.989647,0.0188041
11634,0.989651,0.0187943
11637,0.989654,0.0187845
11640,0.989658,0.0187747
11643,0.989661,0.0187649
11646,0.989665,0.0187551
11649,0.989669,0.0187453
11652,0.989672,0.0187356
11655,0.989676,0.0187258
11658,0.989679,0.0187161
11661,0.989683,0.0187063
11664,0.989687,0.0186966
11667,0.98969,0.0186868
11670,0.989694,0.0186771
11673,0.989697,0.0186674
11676,0.989701,0.0186577
11679,0.989704,0.0186479
11682,0.989708,0.0186382
11685,0.989712,0.0186285
11688,0.989715,0.0186189
11691,0.989719,0.0186092
11694,0.989722,0.0185995
11697,0.989726,0.0185898
11700,0.989729,0.0185802
11703,0.989733,0.0185705
11706,0.989736,0.0185609
11709,0.98974,0.0185512
11712,0.989744,0.0185416
11715,0.989747,0.0185319
11718,0.989751,0.0185223
11721,0.989754,0.0185127
11724,0.989758,0.0185031
11727,0.989761,0.0184935
11730,0.989765,0.0184839
11733,0.989768,0.0184743
11736,0.989772,0.0184647
11739,0.989775,0.0184551
11742,0.989779,0.0184456
11745,0.989783,0.018436
11748,0.989786,0.0184265
11751,0.98979,0.0184169
11754,0.989793,0.0184074
11757,0.989797,0.0183978
11760,0.9898,0.0183883
11763,0.989804,0.0183788
11766,0.989807,0.0183693
11769,0.989811,0.0183598
11772,0.989814,0.0183502
11775,0.989818,0.0183408
11778,0.989821,0.0183313
11781,0.989825,0.0183218
11784,0.989828,0.0183123
11787,0.989832,0.0183028
11790,0.989835,0.0182934
11793,0.989839,0.0182839
11796,0.989842,0.0182745
11799,0.989846,0.018265
11802,0.989849,0.0182556
11805,0.989853,0.0182461
11808,0.989856,0.0182367
11811,0.98986,0.0182273
11814,0.989863,0.0182179
11817,0.989867,0.0182085
11820,0.98987,0.0181991
11823,0.989874,0.0181897
11826,0.989877,0.0181803
11829,0.989881,0.0181709
11832,0.989884,0.0181615
11835,0.989888,0.0181522
11838,0.989891,0.0181428
11841,0.989895,0.0181335
11844,0.989898,0.0181241
11847,0.989902,0.0181148
11850,0.989905,0.0181054
11853,0.989908,0.0180961
11856,0.989912,0.0180868
11859,0.989915,0.0180775
11862,0.989919,0.0180682
11865,0.989922,0.0180589
11868,0.989926,0.0180496
11871,0.989929,0.0180403
11874,0.989933,0.018031
11877,0.989936,0.0180217
11880,0.98994,0.0180124
11883,0.989943,0.0180032
11886,0.989946,0.0179939
11889,0.98995,0.0179847
11892,0.989953,0.0179754
11895,0.989957,0.0179662
11898,0.98996,0.017957
11901,0.989964,0.0179477
11904,0.989967,0.0179385
11907,0.989971,0.0179293
11910,0.989974,0.0179201
11913,0.989977,0.0179109
11916,0.989981,0.0179017
11919,0.989984,0.0178925
11922,0.989988,0.0178833
11925,0.989991,0.0178741
11928,0.989995,0.017865
11931,0.989998,0.0178558
11934,0.990001,0.0178467
11937,0.990005,0.0178375
11940,0.990008,0.0178284
11943,0.990012,0.0178192
11946,0.990015,0.0178101
11949,0.990018,0.017801
11952,0.990022,0.0177918
11955,0.990025,0.0177827
11958,0.990029,0.0177736
11961,0.990032,0.0177645
11964,0.990035,0.0177554
11967,0.990039,0.0177463
11970,0.990042,0.0177373
11973,0.990046,0.0177282
11976,0.990049,0.0177191
11979,0.990052,0.01771
11982,0.990056,0.017701
11985,0.990059,0.0176919
11988,0.990063,0.0176829
11991,0.990066,0.0176739
11994,0.990069,0.0176648
11997,0.990073,0.0176558
12000,0.990076,0.0176468
12003,0.99008,0.0176378
12006,0.990083,0.0176288
12009,0.990086,0.0176198
12012,0.99009,0.0176108
12015,0.990093,0.0176018
12018,0.990096,0.0175928
12021,0.9901,0.0175838
12024,0.990103,0.0175748
12027,0.990107,0.0175659
12030,0.99011,0.0175569
12033,0.990113,0.017548
12036,0.990117,0.017539
12039,0.99012,0.0175301
12042,0.990123,0.0175211
12045,0.990127,0.0175122
12048,0.99013,0.0175033
12051,0.990133,0.0174944
12054,0.990137,0.0174855
12057,0.99014,0.0174765
12060,0.990143,0.0174677
12063,0.990147,0.0174588
12066,0.99015,0.0174499
12069,0.990153,0.017441
12072,0.990157,0.0174321
12075,0.99016,0.0174232
12078,0.990163,0.0174144
12081,0.990167,0.0174055
12084,0.99017,0.0173967
12087,0.990173,0.0173878
12090,0.990177,0.017379
12093,0.99018,0.0173702
12096,0.990183,0.0173613
12099,0.990187,0.0173525
12102,0.99019,0.0173437
12105,0.990193,0.0173349
12108,0.990197,0.0173261
12111,0.9902,0.0173173
12114,0.990203,0.0173085
12117,0.990207,0.0172997
12120,0.99021,0.0172909
12123,0.990213,0.0172822
12126,0.990217,0.0172734
12129,0.99022,0.0172646
12132,0.990223,0.0172559
12135,0.990227,0.0172471
12138,0.99023,0.0172384
12141,0.990233,0.0172297
12144,0.990236,0.0172209
12147,0.99024,0.0172122
12150,0.990243,0.0172035
12153,0.990246,0.0171948
12156,0.99025,0.0171861
12159,0.990253,0.0171774
12162,0.990256,0.0171687
12165,0.990259,0.01716
12168,0.990263,0.0171513
12171,0.990266,0.0171426
12174,0.990269,0.0171339
12177,0.990273,0.0171253
12180,0.990276,0.0171166
12183,0.990279,0.017108
12186,0.990282,0.0170993
12189,0.990286,0.0170907
12192,0.990289,0.017082
12195,0.990292,0.0170734
12198,0.990295,0.0170648
12201,0.990299,0.0170562
12204,0.990302,0.0170475
12207,0.990305,0.0170389
12210,0.990309,0.0170303
12213,0.990312,0.0170217
12216,0.990315,0.0170131
12219,0.990318,0.0170046
12222,0.990322,0.016996
12225,0.990325,0.0169874
12228,0.990328,0.0169788
12231,0.990331,0.0169703
12234,0.990335,0.0169617
12237,0.990338,0.0169532
12240,0.990341,0.0169446
12243,0.990344,0.0169361
12246,0.990348,0.0169276
12249,0.990351,0.016919
12252,0.990354,0.0169105
12255,0.990357,0.016902
12258,0.990361,0.0168935
12261,0.990364,0.016885
12264,0.990367,0.0168765
12267,0.99037,0.016868
12270,0.990373,0.0168595
12273,0.990377,0.016851
12276,0.99038,0.0168425
12279,0.990383,0.0168341
12282,0.990386,0.0168256
12285,0.99039,0.0168172
12288,0.990393,0.0168087
12291,0.990396,0.0168003
12294,0.990399,0.0167918
12297,0.990402,0.0167834
12300,0.990406,0.0167749
12303,0.990409,0.0167665
12306,0.990412,0.0167581
12309,0.990415,0.0167497
12312,0.990418,0.0167413
12315,0.990422,0.0167329
12318,0.990425,0.0167245
12321,0.990428,0.0167161
12324,0.990431,0.0167077
12327,0.990434,0.0166993
12330,0.990438,0.0166909
12333,0.990441,0.0166826
12336,0.990444,0.0166742
12339,0.990447,0.0166659
12342,0.99045,0.0166575
12345,0.990454,0.0166492
12348,0.990457,0.0166408
12351,0.99046,0.0166325
12354,0.990463,0.0166242
12357,0.990466,0.0166158
12360,0.99047,0.0166075
12363,0.990473,0.0165992
12366,0.990476,0.0165909
12369,0.990479,0.0165826
12372,0.990482,0.0165743
12375,0.990485,0.016566
12378,0.990489,0.0165577
12381,0.990492,0.0165494
12384,0.990495,0.0165412
12387,0.990498,0.0165329
12390,0.990501,0.0165246
12393,0.990504,0.0165164
12396,0.990508,0.0165081
12399,0.990511,0.0164999
12402,0.990514,0.0164916
12405,0.990517,0.0164834
12408,0.99052,0.0164752
12411,0.990523,0.016467
12414,0.990527,0.0164587
12417,0.99053,0.0164505
12420,0.990533,0.0164423
12423,0.990536,0.0164341
12426,0.990539,0.0164259
12429,0.990542,0.0164177
12432,0.990545,0.0164095
12435,0.990549,0.0164014
12438,0.990552,0.0163932
12441,0.990555,0.016385
12444,0.990558,0.0163768
12447,0.990561,0.0163687
12450,0.990564,0.0163605
12453,0.990567,0.0163524
12456,0.990571,0.0163442
12459,0.990574,0.0163361
12462,0.990577,0.016328
12465,0.99058,0.0163198
12468,0.990583,0.0163117
12471,0.990586,0.0163036
12474,0.990589,0.0162955
12477,0.990592,0.0162874
12480,0.990596,0.0162793
12483,0.990599,0.0162712
12486,0.990602,0.0162631
12489,0.990605,0.016255
12492,0.990608,0.0162469
12495,0.990611,0.0162389
12498,0.990614,0.0162308
12501,0.990617,0.0162227
12504,0.99062,0.0162147
12507,0.990624,0.0162066
12510,0.990627,0.0161986
12513,0.99063,0.0161905
12516,0.990633,0.0161825
12519,0.990636,0.0161745
12522,0.990639,0.0161665
12525,0.990642,0.0161584
12528,0.990645,0.0161504
12531,0.990648,0.0161424
12534,0.990651,0.0161344
12537,0.990654,0.0161264
12540,0.990658,0.0161184
12543,0.990661,0.0161104
12546,0.990664,0.0161025
12549,0.990667,0.0160945
12552,0.99067,0.0160865
12555,0.990673,0.0160785
12558,0.990676,0.0160706
12561,0.990679,0.0160626
12564,0.990682,0.0160547
12567,0.990685,0.0160467
12570,0.990688,0.0160388
12573,0.990691,0.0160308
12576,0.990694,0.0160229
12579,0.990698,0.016015
12582,0.990701,0.0160071
12585,0.990704,0.0159992
12588,0.990707,0.0159913
12591,0.99071,0.0159833
12594,0.990713,0.0159755
12597,0.990716,0.0159676
12600,0.990719,0.0159597
12603,0.990722,0.0159518
12606,0.990725,0.0159439
12609,0.990728,0.015936
12612,0.990731,0.0159282
12615,0.990734,0.0159203
12618,0.990737,0.0159125
12621,0.99074,0.0159046
12624,0.990743,0.0158968
12627,0.990746,0.0158889
12630,0.990749,0.0158811
12633,0.990752,0.0158732
12636,0.990756,0.0158654
12639,0.990759,0.0158576
12642,0.990762,0.0158498
12645,0.990765,0.015842
12648,0.990768,0.0158342
12651,0.990771,0.0158264
12654,0.990774,0.0158186
12657,0.990777,0.0158108
12660,0.99078,0.015803
12663,0.990783,0.0157952
12666,0.990786,0.0157874
12669,0.990789,0.0157797
12672,0.990792,0.0157719
12675,0.990795,0.0157641
12678,0.990798,0.0157564
12681,0.990801,0.0157486
12684,0.990804,0.0157409
12687,0.990807,0.0157332
12690,0.99081,0.0157254
12693,0.990813,0.0157177
12696,0.990816,0.01571
12699,0.990819,0.0157023
12702,0.990822,0.0156945
12705,0.990825,0.0156868
12708,0.990828,0.0156791
12711,0.990831,0.0156714
12714,0.990834,0.0156637
12717,0.990837,0.0156561
12720,0.99084,0.0156484
12723,0.990843,0.0156407
12726,0.990846,0.015633
12729,0.990849,0.0156253
12732,0.990852,0.0156177
12735,0.990855,0.01561
12738,0.990858,0.0156024
12741,0.990861,0.0155947
12744,0.990864,0.0155871
12747,0.990867,0.0155794
12750,0.99087,0.0155718
12753,0.990873,0.0155642
12756,0.990876,0.0155566
12759,0.990879,0.0155489
12762,0.990882,0.0155413
12765,0.990885,0.0155337
12768,0.990888,0.0155261
12771,0.990891,0.0155185
12774,0.990894,0.0155109
12777,0.990897,0.0155033
12780,0.9909,0.0154958
12783,0.990903,0.0154882
12786,0.990906,0.0154806
12789,0.990909,0.015473
12792,0.990911,0.0154655
12795,0.990914,0.0154579
12798,0.990917,0.0154504
12801,0.99092,0.0154428
12804,0.990923,0.0154353
12807,0.990926,0.0154277
12810,0.990929,0.0154202
12813,0.990932,0.0154127
12816,0.990935,0.0154051
12819,0.990938,0.0153976
12822,0.990941,0.0153901
12825,0.990944,0.0153826
12828,0.990947,0.0153751
12831,0.99095,0.0153676
12834,0.990953,0.0153601
12837,0.990956,0.0153526
12840,0.990959,0.0153451
12843,0.990962,0.0153376
12846,0.990965,0.0153302
12849,0.990967,0.0153227
12852,0.99097,0.0153152
12855,0.990973,0.0153078
12858,0.990976,0.0153003
12861,0.990979,0.0152929
12864,0.990982,0.0152854
12867,0.990985,0.015278
12870,0.990988,0.0152705
12873,0.990991,0.0152631
12876,0.990994,0.0152557
12879,0.990997,0.0152483
12882,0.991,0.0152408
12885,0.991003,0.0152334
12888,0.991005,0.015226
12891,0.991008,0.0152186
12894,0.991011,0.0152112
12897,0.991014,0.0152038
12900,0.991017,0.0151964
12903,0.99102,0.0151891
12906,0.991023,0.0151817
12909,0.991026,0.0151743
12912,0.991029,0.0151669
12915,0.991032,0.0151596
12918,0.991035,0.0151522
12921,0.991037,0.0151448
12924,0.99104,0.0151375
12927,0.991043,0.0151302
12930,0.991046,0.0151228
12933,0.991049,0.0151155
12936,0.991052,0.0151081
12939,0.991055,0.0151008
12942,0.991058,0.0150935
12945,0.991061,0.0150862
12948,0.991064,0.0150789
12951,0.991066,0.0150716
12954,0.991069,0.0150643
12957,0.991072,0.015057
12960,0.991075,0.0150497
12963,0.991078,0.0150424
12966,0.991081,0.0150351
12969,0.991084,0.0150278
12972,0.991087,0.0150205
12975,0.991089,0.0150133
12978,0.991092,0.015006
12981,0.991095,0.0149987
12984,0.991098,0.0149915
12987,0.991101,0.0149842
12990,0.991104,0.014977
12993,0.991107,0.0149697
12996,0.99111,0.0149625
12999,0.991112,0.0149553
13002,0.991115,0.0149481
13005,0.991118,0.0149408
13008,0.991121,0.0149336
13011,0.991124,0.0149264
13014,0.991127,0.0149192
13017,0.99113,0.014912
13020,0.991132,0.0149048
13023,0.991135,0.0148976
13026,0.991138,0.0148904
13029,0.991141,0.0148832
13032,0.991144,0.014876
13035,0.991147,0.0148689
13038,0.991149,0.0148617
13041,0.991152,0.0148545
13044,0.991155,0.0148474
13047,0.991158,0.0148402
13050,0.991161,0.014833
13053,0.991164,0.0148259
13056,0.991167,0.0148187
13059,0.991169,0.0148116
13062,0.991172,0.0148045
13065,0.991175,0.0147973
13068,0.991178,0.0147902
13071,0.991181,0.0147831
13074,0.991184,0.014776
13077,0.991186,0.0147689
13080,0.991189,0.0147618
13083,0.991192,0.0147547
13086,0.991195,0.0147476
13089,0.991198,0.0147405
13092,0.9912,0.0147334
13095,0.991203,0.0147263
13098,0.991206,0.0147192
13101,0.991209,0.0147121
13104,0.991212,0.0147051
13107,0.991215,0.014698
13110,0.991217,0.0146909
13113,0.99122,0.0146839
13116,0.991223,0.0146768
13119,0.991226,0.0146698
13122,0.991229,0.0146627
13125,0.991231,0.0146557
13128,0.991234,0.0146486
13131,0.991237,0.0146416
13134,0.99124,0.0146346
13137,0.991243,0.0146276
13140,0.991245,0.0146206
13143,0.991248,0.0146135
13146,0.991251,0.0146065
13149,0.991254,0.0145995
13152,0.991257,0.0145925
13155,0.991259,0.0145855
13158,0.991262,0.0145785
13161,0.991265,0.0145716
13164,0.991268,0.0145646
13167,0.991271,0.0145576
13170,0.991273,0.0145506
13173,0.991276,0.0145437
13176,0.991279,0.0145367
13179,0.991282,0.0145297
13182,0.991284,0.0145228
13185,0.991287,0.0145158
13188,0.99129,0.0145089
13191,0.991293,0.0145019
13194,0.991296,0.014495
13197,0.991298,0.0144881
13200,0.991301,0.0144811
13203,0.991304,0.0144742
13206,0.991307,0.0144673
13209,0.991309,0.0144604
13212,0.991312,0.0144535
13215,0.991315,0.0144466
13218,0.991318,0.0144397
13221,0.991321,0.0144328
13224,0.991323,0.0144259
13227,0.991326,0.014419
13230,0.991329,0.0144121
13233,0.991332,0.0144052
13236,0.991334,0.0143984
13239,0.991337,0.0143915
13242,0.99134,0.0143846
13245,0.991343,0.0143778
13248,0.991345,0.0143709
13251,0.991348,0.014364
13254,0.991351,0.0143572
13257,0.991354,0.0143504
13260,0.991356,0.0143435
13263,0.991359,0.0143367
13266,0.991362,0.0143298
13269,0.991365,0.014323
13272,0.991367,0.0143162
13275,0.99137,0.0143094
13278,0.991373,0.0143026
13281,0.991376,0.0142958
13284,0.991378,0.0142889
13287,0.991381,0.0142821
13290,0.991384,0.0142753
13293,0.991386,0.0142686
13296,0.991389,0.0142618
13299,0.991392,0.014255
13302,0.991395,0.0142482
13305,0.991397,0.0142414
13308,0.9914,0.0142347
13311,0.991403,0.0142279
13314,0.991406,0.0142211
13317,0.991408,0.0142144
13320,0.991411,0.0142076
13323,0.991414,0.0142009
13326,0.991416,0.0141941
13329,0.991419,0.0141874
13332,0.991422,0.0141806
13335,0.991425,0.0141739
13338,0.991427,0.0141672
13341,0.99143,0.0141605
13344,0.991433,0.0141537
13347,0.991435,0.014147
13350,0.991438,0.0141403
13353,0.991441,0.0141336
13356,0.991444,0.0141269
13359,0.991446,0.0141202
13362,0.991449,0.0141135
13365,0.991452,0.0141068
13368,0.991454,0.0141001
13371,0.991457,0.0140935
13374,0.99146,0.0140868
13377,0.991462,0.0140801
13380,0.991465,0.0140734
13383,0.991468,0.0140668
13386,0.991471,0.0140601
13389,0.991473,0.0140535
13392,0.991476,0.0140468
13395,0.991479,0.0140402
13398,0.991481,0.0140335
13401,0.991484,0.0140269
13404,0.991487,0.0140202
13407,0.991489,0.0140136
13410,0.991492,0.014007
13413,0.991495,0.0140004
13416,0.991497,0.0139937
13419,0.9915,0.0139871
13422,0.991503,0.0139805
13425,0.991505,0.0139739
13428,0.991508,0.0139673
13431,0.991511,0.0139607
13434,0.991513,0.0139541
13437,0.991516,0.0139475
13440,0.991519,0.0139409
13443,0.991521,0.0139344
13446,0.991524,0.0139278
13449,0.991527,0.0139212
13452,0.991529,0.0139146
13455,0.991532,0.0139081
13458,0.991535,0.0139015
13461,0.991537,0.013895
13464,0.99154,0.0138884
13467,0.991543,0.0138819
13470,0.991545,0.0138753
13473,0.991548,0.0138688
13476,0.991551,0.0138622
13479,0.991553,0.0138557
13482,0.991556,0.0138492
13485,0.991559,0.0138427
13488,0.991561,0.0138361
13491,0.991564,0.0138296
13494,0.991567,0.0138231
13497,0.991569,0.0138166
13500,0.991572,0.0138101
13503,0.991575,0.0138036
13506,0.991577,0.0137971
13509,0.99158,0.0137906
13512,0.991582,0.0137841
13515,0.991585,0.0137776
13518,0.991588,0.0137712
13521,0.99159,0.0137647
13524,0.991593,0.0137582
13527,0.991596,0.0137518
13530,0.991598,0.0137453
13533,0.991601,0.0137388
13536,0.991604,0.0137324
13539,0.991606,0.0137259
13542,0.991609,0.0137195
13545,0.991611,0.013713
13548,0.991614,0.0137066
13551,0.991617,0.0137002
13554,0.991619,0.0136937
13557,0.991622,0.0136873
13560,0.991625,0.0136809
13563,0.991627,0.0136745
13566,0.99163,0.0136681
13569,0.991632,0.0136617
13572,0.991635,0.0136552
13575,0.991638,0.0136488
13578,0.99164,0.0136425
13581,0.991643,0.0136361
13584,0.991645,0.0136297
13587,0.991648,0.0136233
13590,0.991651,0.0136169
13593,0.991653,0.0136105
13596,0.991656,0.0136041
13599,0.991658,0.0135978
13602,0.991661,0.0135914
13605,0.991664,0.0135851
13608,0.991666,0.0135787
13611,0.991669,0.0135723
13614,0.991671,0.013566
13617,0.991674,0.0135596
13620,0.991677,0.0135533
13623,0.991679,0.013547
13626,0.991682,0.0135406
13629,0.991684,0.0135343
13632,0.991687,0.013528
13635,0.99169,0.0135217
13638,0.991692,0.0135153
13641,0.991695,0.013509
13644,0.991697,0.0135027
13647,0.9917,0.0134964
13650,0.991703,0.0134901
13653,0.991705,0.0134838
13656,0.991708,0.0134775
13659,0.99171,0.0134712
13662,0.991713,0.0134649
13665,0.991715,0.0134586
13668,0.991718,0.0134524
13671,0.991721,0.0134461
13674,0.991723,0.0134398
13677,0.991726,0.0134336
13680,0.991728,0.0134273
13683,0.991731,0.013421
13686,0.991733,0.0134148
13689,0.991736,0.0134085
13692,0.991739,0.0134023
13695,0.991741,0.013396
13698,0.991744,0.0133898
13701,0.991746,0.0133836
13704,0.991749,0.0133773
13707,0.991751,0.0133711
13710,0.991754,0.0133649
13713,0.991756,0.0133586
13716,0.991759,0.0133524
13719,0.991762,0.0133462
13722,0.991764,0.01334
13725,0.991767,0.0133338
13728,0.991769,0.0133276
13731,0.991772,0.0133214
13734,0.991774,0.0133152
13737,0.991777,0.013309
13740,0.991779,0.0133028
13743,0.991782,0.0132967
13746,0.991785,0.0132905
13749,0.991787,0.0132843
13752,0.99179,0.0132781
13755,0.991792,0.013272
13758,0.991795,0.0132658
13761,0.991797,0.0132596
13764,0.9918,0.0132535
13767,0.991802,0.0132473
13770,0.991805,0.0132412
13773,0.991807,0.013235
13776,0.99181,0.0132289
13779,0.991812,0.0132228
13782,0.991815,0.0132166
13785,0.991818,0.0132105
13788,0.99182,0.0132044
13791,0.991823,0.0131983
13794,0.991825,0.0131921
13797,0.991828,0.013186
13800,0.99183,0.0131799
13803,0.991833,0.0131738
13806,0.991835,0.0131677
13809,0.991838,0.0131616
13812,0.99184,0.0131555
13815,0.991843,0.0131494
13818,0.991845,0.0131433
13821,0.991848,0.0131373
13824,0.99185,0.0131312
13827,0.991853,0.0131251
13830,0.991855,0.013119
13833,0.991858,0.013113
13836,0.99186,0.0131069
13839,0.991863,0.0131008
13842,0.991865,0.0130948
13845,0.991868,0.0130887
13848,0.99187,0.0130827
13851,0.991873,0.0130766
13854,0.991875,0.0130706
13857,0.991878,0.0130645
13860,0.99188,0.0130585
13863,0.991883,0.0130525
13866,0.991885,0.0130465
13869,0.991888,0.0130404
13872,0.99189,0.0130344
13875,0.991893,0.0130284
13878,0.991895,0.0130224
13881,0.991898,0.0130164
13884,0.9919,0.0130104
13887,0.991903,0.0130044
13890,0.991905,0.0129984
13893,0.991908,0.0129924
13896,0.99191,0.0129864
13899,0.991913,0.0129804
13902,0.991915,0.0129744
13905,0.991918,0.0129684
13908,0.99192,0.0129625
13911,0.991923,0.0129565
13914,0.991925,0.0129505
13917,0.991928,0.0129446
13920,0.99193,0.0129386
13923,0.991933,0.0129326
13926,0.991935,0.0129267
13929,0.991938,0.0129207
13932,0.99194,0.0129148
13935,0.991942,0.0129088
13938,0.991945,0.0129029
13941,0.991947,0.012897
13944,0.99195,0.012891
13947,0.991952,0.0128851
13950,0.991955,0.0128792
13953,0.991957,0.0128733
13956,0.99196,0.0128673
13959,0.991962,0.0128614
13962,0.991965,0.0128555
13965,0.991967,0.0128496
13968,0.99197,0.0128437
13971,0.991972,0.0128378
13974,0.991975,0.0128319
13977,0.991977,0.012826
13980,0.991979,0.0128201
13983,0.991982,0.0128143
13986,0.991984,0.0128084
13989,0.991987,0.0128025
13992,0.991989,0.0127966
13995,0.991992,0.0127907
13998,0.991994,0.0127849
14001,0.991997,0.012779
14004,0.991999,0.0127732
14007,0.992001,0.0127673
14010,0.992004,0.0127615
14013,0.992006,0.0127556
14016,0.992009,0.0127498
14019,0.992011,0.0127439
14022,0.992014,0.0127381
14025,0.992016,0.0127322
14028,0.992019,0.0127264
14031,0.992021,0.0127206
14034,0.992023,0.0127148
14037,0.992026,0.0127089
14040,0.992028,0.0127031
14043,0.992031,0.0126973
14046,0.992033,0.0126915
14049,0.992036,0.0126857
14052,0.992038,0.0126799
14055,0.99204,0.0126741
14058,0.992043,0.0126683
14061,0.992045,0.0126625
14064,0.992048,0.0126567
14067,0.99205,0.0126509
14070,0.992053,0.0126452
14073,0.992055,0.0126394
14076,0.992057,0.0126336
14079,0.99206,0.0126278
14082,0.992062,0.0126221
14085,0.992065,0.0126163
14088,0.992067,0.0126105
14091,0.992069,0.0126048
14094,0.992072,0.012599
14097,0.992074,0.0125933
14100,0.992077,0.0125875
14103,0.992079,0.0125818
14106,0.992081,0.0125761
14109,0.992084,0.0125703
14112,0.992086,0.0125646
14115,0.992089,0.0125589
14118,0.992091,0.0125531
14121,0.992094,0.0125474
14124,0.992096,0.0125417
14127,0.992098,0.012536
14130,0.992101,0.0125303
14133,0.992103,0.0125246
14136,0.992106,0.0125189
14139,0.992108,0.0125132
14142,0.99211,0.0125075
14145,0.992113,0.0125018
14148,0.992115,0.0124961
14151,0.992117,0.0124904
14154,0.99212,0.0124847
14157,0.992122,0.012479
14160,0.992125,0.0124733
14163,0.992127,0.0124677
14166,0.992129,0.012462
14169,0.992132,0.0124563
14172,0.992134,0.0124507
14175,0.992137,0.012445
14178,0.992139,0.0124394
14181,0.992141,0.0124337
14184,0.992144,0.0124281
14187,0.992146,0.0124224
14190,0.992148,0.0124168
14193,0.992151,0.0124111
14196,0.992153,0.0124055
14199,0.992156,0.0123999
14202,0.992158,0.0123942
14205,0.99216,0.0123886
14208,0.992163,0.012383
14211,0.992165,0.0123774
14214,0.992167,0.0123718
14217,0.99217,0.0123661
14220,0.992172,0.0123605
14223,0.992175,0.0123549
14226,0.992177,0.0123493
14229,0.992179,0.0123437
14232,0.992182,0.0123381
14235,0.992184,0.0123325
14238,0.992186,0.012327
14241,0.992189,0.0123214
14244,0.992191,0.0123158
14247,0.992193,0.0123102
14250,0.992196,0.0123046
14253,0.992198,0.0122991
14256,0.9922,0.0122935
14259,0.992203,0.0122879
14262,0.992205,0.0122824
14265,0.992208,0.0122768
14268,0.99221,0.0122713
14271,0.992212,0.0122657
14274,0.992215,0.0122602
14277,0.992217,0.0122546
14280,0.992219,0.0122491
14283,0.992222,0.0122435
14286,0.992224,0.012238
14289,0.992226,0.0122325
14292,0.992229,0.0122269
14295,0.992231,0.0122214
14298,0.992233,0.0122159
14301,0.992236,0.0122104
14304,0.992238,0.0122049
14307,0.99224,0.0121994
14310,0.992243,0.0121939
14313,0.992245,0.0121883
14316,0.992247,0.0121828
14319,0.99225,0.0121773
14322,0.992252,0.0121719
14325,0.992254,0.0121664
14328,0.992257,0.0121609
14331,0.992259,0.0121554
14334,0.992261,0.0121499
14337,0.992264,0.0121444
14340,0.992266,0.012139
14343,0.992268,0.0121335
14346,0.992271,0.012128
14349,0.992273,0.0121226
14352,0.992275,0.0121171
14355,0.992278,0.0121116
14358,0.99228,0.0121062
14361,0.992282,0.0121007
14364,0.992285,0.0120953
14367,0.992287,0.0120898
14370,0.992289,0.0120844
14373,0.992291,0.012079
14376,0.992294,0.0120735
14379,0.992296,0.0120681
14382,0.992298,0.0120627
14385,0.992301,0.0120572
14388,0.992303,0.0120518
14391,0.992305,0.0120464
14394,0.992308,0.012041
14397,0.99231,0.0120356
14400,0.992312,0.0120302
14403,0.992315,0.0120247
14406,0.992317,0.0120193
14409,0.992319,0.0120139
14412,0.992321,0.0120086
14415,0.992324,0.0120032
14418,0.992326,0.0119978
14421,0.992328,0.0119924
14424,0.992331,0.011987
14427,0.992333,0.0119816
14430,0.992335,0.0119762
14433,0.992337,0.0119709
14436,0.99234,0.0119655
14439,0.992342,0.0119601
14442,0.992344,0.0119548
14445,0.992347,0.0119494
14448,0.992349,0.011944
14451,0.992351,0.0119387
14454,0.992353,0.0119333
14457,0.992356,0.011928
14460,0.992358,0.0119227
14463,0.99236,0.0119173
14466,0.992363,0.011912
14469,0.992365,0.0119066
14472,0.992367,0.0119013
14475,0.992369,0.011896
14478,0.992372,0.0118907
14481,0.992374,0.0118853
14484,0.992376,0.01188
14487,0.992379,0.0118747
14490,0.992381,0.0118694
14493,0.992383,0.0118641
14496,0.992385,0.0118588
14499,0.992388,0.0118535
14502,0.99239,0.0118482
14505,0.992392,0.0118429
14508,0.992394,0.0118376
14511,0.992397,0.0118323
14514,0.992399,0.011827
14517,0.992401,0.0118217
14520,0.992403,0.0118164
14523,0.992406,0.0118111
14526,0.992408,0.0118059
14529,0.99241,0.0118006
14532,0.992413,0.0117953
14535,0.992415,0.0117901
14538,0.992417,0.0117848
14541,0.992419,0.0117795
14544,0.992422,0.0117743
14547,0.992424,0.011769
14550,0.992426,0.0117638
14553,0.992428,0.0117585
14556,0.992431,0.0117533
14559,0.992433,0.0117481
14562,0.992435,0.0117428
14565,0.992437,0.0117376
14568,0.99244,0.0117324
14571,0.992442,0.0117271
14574,0.992444,0.0117219
14577,0.992446,0.0117167
14580,0.992449,0.0117115
14583,0.992451,0.0117062
14586,0.992453,0.011701
14589,0.992455,0.0116958
14592,0.992457,0.0116906
14595,0.99246,0.0116854
14598,0.992462,0.0116802
14601,0.992464,0.011675
14604,0.992466,0.0116698
14607,0.992469,0.0116646
14610,0.992471,0.0116594
14613,0.992473,0.0116543
14616,0.992475,0.0116491
14619,0.992478,0.0116439
14622,0.99248,0.0116387
14625,0.992482,0.0116336
14628,0.992484,0.0116284
14631,0.992486,0.0116232
14634,0.992489,0.0116181
14637,0.992491,0.0116129
14640,0.992493,0.0116077
14643,0.992495,0.0116026
14646,0.992498,0.0115974
14649,0.9925,0.0115923
14652,0.992502,0.0115871
14655,0.992504,0.011582
14658,0.992506,0.0115769
14661,0.992509,0.0115717
14664,0.992511,0.0115666
14667,0.992513,0.0115615
14670,0.992515,0.0115563
14673,0.992518,0.0115512
14676,0.99252,0.0115461
14679,0.992522,0.011541
14682,0.992524,0.0115359
14685,0.992526,0.0115307
14688,0.992529,0.0115256
14691,0.992531,0.0115205
14694,0.992533,0.0115154
14697,0.992535,0.0115103
14700,0.992537,0.0115052
14703,0.99254,0.0115001
14706,0.992542,0.011495
14709,0.992544,0.01149
14712,0.992546,0.0114849
14715,0.992548,0.0114798
14718,0.992551,0.0114747
14721,0.992553,0.0114696
14724,0.992555,0.0114646
14727,0.992557,0.0114595
14730,0.992559,0.0114544
14733,0.992562,0.0114494
14736,0.992564,0.0114443
14739,0.992566,0.0114393
14742,0.992568,0.0114342
14745,0.99257,0.0114291
14748,0.992572,0.0114241
14751,0.992575,0.0114191
14754,0.992577,0.011414
14757,0.992579,0.011409
14760,0.992581,0.0114039
14763,0.992583,0.0113989
14766,0.992586,0.0113939
14769,0.992588,0.0113888
14772,0.99259,0.0113838
14775,0.992592,0.0113788
14778,0.992594,0.0113738
14781,0.992596,0.0113688
14784,0.992599,0.0113637
14787,0.992601,0.0113587
14790,0.992603,0.0113537
14793,0.992605,0.0113487
14796,0.992607,0.0113437
14799,0.99261,0.0113387
14802,0.992612,0.0113337
14805,0.992614,0.0113287
14808,0.992616,0.0113237
14811,0.992618,0.0113188
14814,0.99262,0.0113138
14817,0.992623,0.0113088
14820,0.992625,0.0113038
14823,0.992627,0.0112988
14826,0.992629,0.0112939
14829,0.992631,0.0112889
14832,0.992633,0.0112839
14835,0.992635,0.011279
14838,0.992638,0.011274
14841,0.99264,0.0112691
14844,0.992642,0.0112641
14847,0.992644,0.0112592
14850,0.992646,0.0112542
14853,0.992648,0.0112493
14856,0.992651,0.0112443
14859,0.992653,0.0112394
14862,0.992655,0.0112344
14865,0.992657,0.0112295
14868,0.992659,0.0112246
14871,0.992661,0.0112196
14874,0.992663,0.0112147
14877,0.992666,0.0112098
14880,0.992668,0.0112049
14883,0.99267,0.0112
14886,0.992672,0.011195
14889,0.992674,0.0111901
14892,0.992676,0.0111852
14895,0.992678,0.0111803
14898,0.992681,0.0111754
14901,0.992683,0.0111705
14904,0.992685,0.0111656
14907,0.992687,0.0111607
14910,0.992689,0.0111558
14913,0.992691,0.011151
14916,0.992693,0.0111461
14919,0.992696,0.0111412
14922,0.992698,0.0111363
14925,0.9927,0.0111314
14928,0.992702,0.0111266
14931,0.992704,0.0111217
14934,0.992706,0.0111168
14937,0.992708,0.0111119
14940,0.99271,0.0111071
14943,0.992713,0.0111022
14946,0.992715,0.0110974
14949,0.992717,0.0110925
14952,0.992719,0.0110877
14955,0.992721,0.0110828
14958,0.992723,0.011078
14961,0.992725,0.0110731
14964,0.992727,0.0110683
14967,0.99273,0.0110635
14970,0.992732,0.0110586
14973,0.992734,0.0110538
14976,0.992736,0.011049
14979,0.992738,0.0110441
14982,0.99274,0.0110393
14985,0.992742,0.0110345
14988,0.992744,0.0110297
14991,0.992746,0.0110249
14994,0.992749,0.01102
14997,0.992751,0.0110152
15000,0.992753,0.0110104
15003,0.992755,0.0110056
15006,0.992757,0.0110008
15009,0.992759,0.010996
15012,0.992761,0.0109912
15015,0.992763,0.0109864
15018,0.992765,0.0109817
15021,0.992768,0.0109769
15024,0.99277,0.0109721
15027,0.992772,0.0109673
15030,0.992774,0.0109625
15033,0.992776,0.0109577
15036,0.992778,0.010953
15039,0.99278,0.0109482
15042,0.992782,0.0109434
15045,0.992784,0.0109387
15048,0.992786,0.0109339
15051,0.992788,0.0109292
15054,0.992791,0.0109244
15057,0.992793,0.0109196
15060,0.992795,0.0109149
15063,0.992797,0.0109101
15066,0.992799,0.0109054
15069,0.992801,0.0109007
15072,0.992803,0.0108959
15075,0.992805,0.0108912
15078,0.992807,0.0108864
15081,0.992809,0.0108817
15084,0.992811,0.010877
15087,0.992813,0.0108723
15090,0.992816,0.0108675
15093,0.992818,0.0108628
15096,0.99282,0.0108581
15099,0.992822,0.0108534
15102,0.992824,0.0108487
15105,0.992826,0.010844
15108,0.992828,0.0108393
15111,0.99283,0.0108346
15114,0.992832,0.0108299
15117,0.992834,0.0108252
15120,0.992836,0.0108205
15123,0.992838,0.0108158
15126,0.99284,0.0108111
15129,0.992843,0.0108064
15132,0.992845,0.0108017
15135,0.992847,0.010797
15138,0.992849,0.0107923
15141,0.992851,0.0107877
15144,0.992853,0.010783
15147,0.992855,0.0107783
15150,0.992857,0.0107737
15153,0.992859,0.010769
15156,0.992861,0.0107643
15159,0.992863,0.0107597
15162,0.992865,0.010755
15165,0.992867,0.0107504
15168,0.992869,0.0107457
15171,0.992871,0.010741
15174,0.992873,0.0107364
15177,0.992876,0.0107318
15180,0.992878,0.0107271
15183,0.99288,0.0107225
15186,0.992882,0.0107178
15189,0.992884,0.0107132
15192,0.992886,0.0107086
15195,0.992888,0.0107039
15198,0.99289,0.0106993
15201,0.992892,0.0106947
15204,0.992894,0.0106901
15207,0.992896,0.0106855
15210,0.992898,0.0106808
15213,0.9929,0.0106762
15216,0.992902,0.0106716
15219,0.992904,0.010667
15222,0.992906,0.0106624
15225,0.992908,0.0106578
15228,0.99291,0.0106532
15231,0.992912,0.0106486
15234,0.992914,0.010644
15237,0.992916,0.0106394
15240,0.992918,0.0106348
15243,0.99292,0.0106303
15246,0.992923,0.0106257
15249,0.992925,0.0106211
15252,0.992927,0.0106165
15255,0.992929,0.0106119
15258,0.992931,0.0106074
15261,0.992933,0.0106028
15264,0.992935,0.0105982
15267,0.992937,0.0105937
15270,0.992939,0.0105891
15273,0.992941,0.0105845
15276,0.992943,0.01058
15279,0.992945,0.0105754
15282,0.992947,0.0105709
15285,0.992949,0.0105663
15288,0.992951,0.0105618
15291,0.992953,0.0105572
15294,0.992955,0.0105527
15297,0.992957,0.0105482
15300,0.992959,0.0105436
15303,0.992961,0.0105391
15306,0.992963,0.0105346
15309,0.992965,0.01053
15312,0.992967,0.0105255
15315,0.992969,0.010521
15318,0.992971,0.0105165
15321,0.992973,0.0105119
15324,0.992975,0.0105074
15327,0.992977,0.0105029
15330,0.992979,0.0104984
15333,0.992981,0.0104939
15336,0.992983,0.0104894
15339,0.992985,0.0104849
15342,0.992987,0.0104804
15345,0.992989,0.0104759
15348,0.992991,0.0104714
15351,0.992993,0.0104669
15354,0.992995,0.0104624
15357,0.992997,0.0104579
15360,0.992999,0.0104534
15363,0.993001,0.010449
15366,0.993003,0.0104445
15369,0.993005,0.01044
15372,0.993007,0.0104355
15375,0.993009,0.0104311
15378,0.993011,0.0104266
15381,0.993013,0.0104221
15384,0.993015,0.0104177
15387,0.993017,0.0104132
15390,0.993019,0.0104087
15393,0.993021,0.0104043
15396,0.993023,0.0103998
15399,0.993025,0.0103954
15402,0.993027,0.0103909
15405,0.993029,0.0103865
15408,0.993031,0.010382
15411,0.993033,0.0103776
15414,0.993035,0.0103732
15417,0.993037,0.0103687
15420,0.993039,0.0103643
15423,0.993041,0.0103599
15426,0.993043,0.0103554
15429,0.993045,0.010351
15432,0.993047,0.0103466
15435,0.993049,0.0103422
15438,0.993051,0.0103377
15441,0.993053,0.0103333
15444,0.993055,0.0103289
15447,0.993057,0.0103245
15450,0.993059,0.0103201
15453,0.993061,0.0103157
15456,0.993063,0.0103113
15459,0.993065,0.0103069
15462,0.993067,0.0103025
15465,0.993069,0.0102981
15468,0.993071,0.0102937
15471,0.993073,0.0102893
15474,0.993075,0.0102849
15477,0.993077,0.0102805
15480,0.993078,0.0102762
15483,0.99308,0.0102718
15486,0.993082,0.0102674
15489,0.993084,0.010263
15492,0.993086,0.0102586
15495,0.993088,0.0102543
15498,0.99309,0.0102499
15501,0.993092,0.0102455
15504,0.993094,0.0102412
15507,0.993096,0.0102368
15510,0.993098,0.0102325
15513,0.9931,0.0102281
15516,0.993102,0.0102237
15519,0.993104,0.0102194
15522,0.993106,0.0102151
15525,0.993108,0.0102107
15528,0.99311,0.0102064
15531,0.993112,0.010202
15534,0.993114,0.0101977
15537,0.993116,0.0101933
15540,0.993118,0.010189
15543,0.99312,0.0101847
15546,0.993122,0.0101804
15549,0.993123,0.010176
15552,0.993125,0.0101717
15555,0.993127,0.0101674
15558,0.993129,0.0101631
15561,0.993131,0.0101587
15564,0.993133,0.0101544
15567,0.993135,0.0101501
15570,0.993137,0.0101458
15573,0.993139,0.0101415
15576,0.993141,0.0101372
15579,0.993143,0.0101329
15582,0.993145,0.0101286
15585,0.993147,0.0101243
15588,0.993149,0.01012
15591,0.993151,0.0101157
15594,0.993153,0.0101114
15597,0.993155,0.0101071
15600,0.993156,0.0101029
15603,0.993158,0.0100986
15606,0.99316,0.0100943
15609,0.993162,0.01009
15612,0.993164,0.0100857
15615,0.993166,0.0100815
15618,0.993168,0.0100772
15621,0.99317,0.0100729
15624,0.993172,0.0100687
15627,0.993174,0.0100644
15630,0.993176,0.0100601
15633,0.993178,0.0100559
15636,0.99318,0.0100516
15639,0.993182,0.0100474
15642,0.993183,0.0100431
15645,0.993185,0.0100389
15648,0.993187,0.0100346
15651,0.993189,0.0100304
15654,0.993191,0.0100261
15657,0.993193,0.0100219
15660,0.993195,0.0100177
15663,0.993197,0.0100134
15666,0.993199,0.0100092
15669,0.993201,0.010005
15672,0.993203,0.0100007
15675,0.993205,0.00999651
15678,0.993206,0.00999229
15681,0.993208,0.00998807
15684,0.99321,0.00998385
15687,0.993212,0.00997964
15690,0.993214,0.00997543
15693,0.993216,0.00997122
15696,0.993218,0.00996701
15699,0.99322,0.0099628
15702,0.993222,0.0099586
15705,0.993224,0.0099544
15708,0.993226,0.0099502
15711,0.993227,0.009946
15714,0.993229,0.00994181
15717,0.993231,0.00993762
15720,0.993233,0.00993343
15723,0.993235,0.00992924
15726,0.993237,0.00992506
15729,0.993239,0.00992087
15732,0.993241,0.0099167
15735,0.993243,0.00991252
15738,0.993245,0.00990834
15741,0.993246,0.00990417
15744,0.993248,0.0099
15747,0.99325,0.00989583
15750,0.993252,0.00989167
15753,0.993254,0.0098875
15756,0.993256,0.00988334
15759,0.993258,0.00987918
15762,0.99326,0.00987503
15765,0.993262,0.00987087
15768,0.993263,0.00986672
15771,0.993265,0.00986257
15774,0.993267,0.00985842
15777,0.993269,0.00985428
15780,0.993271,0.00985014
15783,0.993273,0.009846
15786,0.993275,0.00984186
15789,0.993277,0.00983772
15792,0.993279,0.00983359
15795,0.99328,0.00982946
15798,0.993282,0.00982533
15801,0.993284,0.00982121
15804,0.993286,0.00981708
15807,0.993288,0.00981296
15810,0.99329,0.00980884
15813,0.993292,0.00980472
15816,0.993294,0.00980061
15819,0.993295,0.0097965
15822,0.993297,0.00979239
15825,0.993299,0.00978828
15828,0.993301,0.00978417
15831,0.993303,0.00978007
15834,0.993305,0.00977597
15837,0.993307,0.00977187
15840,0.993309,0.00976777
15843,0.99331,0.00976368
15846,0.993312,0.00975959
15849,0.993314,0.0097555
15852,0.993316,0.00975141
15855,0.993318,0.00974733
15858,0.99332,0.00974325
15861,0.993322,0.00973916
15864,0.993323,0.00973509
15867,0.993325,0.00973101
15870,0.993327,0.00972694
15873,0.993329,0.00972287
15876,0.993331,0.0097188
15879,0.993333,0.00971473
15882,0.993335,0.00971067
15885,0.993336,0.0097066
15888,0.993338,0.00970255
15891,0.99334,0.00969849
15894,0.993342,0.00969443
15897,0.993344,0.00969038
15900,0.993346,0.00968633
15903,0.993348,0.00968228
15906,0.993349,0.00967823
15909,0.993351,0.00967419
15912,0.993353,0.00967015
15915,0.993355,0.00966611
15918,0.993357,0.00966207
15921,0.993359,0.00965804
15924,0.993361,0.009654
15927,0.993362,0.00964997
15930,0.993364,0.00964595
15933,0.993366,0.00964192
15936,0.993368,0.0096379
15939,0.99337,0.00963387
15942,0.993372,0.00962985
15945,0.993373,0.00962584
15948,0.993375,0.00962182
15951,0.993377,0.00961781
15954,0.993379,0.0096138
15957,0.993381,0.00960979
15960,0.993383,0.00960579
15963,0.993385,0.00960178
15966,0.993386,0.00959778
15969,0.993388,0.00959378
15972,0.99339,0.00958978
15975,0.993392,0.00958579
15978,0.993394,0.0095818
15981,0.993396,0.00957781
15984,0.993397,0.00957382
15987,0.993399,0.00956983
15990,0.993401,0.00956585
15993,0.993403,0.00956187
15996,0.993405,0.00955789
15999,0.993406,0.00955391
16002,0.993408,0.00954994
16005,0.99341,0.00954596
16008,0.993412,0.00954199
16011,0.993414,0.00953803
16014,0.993416,0.00953406
16017,0.993417,0.0095301
16020,0.993419,0.00952613
16023,0.993421,0.00952218
16026,0.993423,0.00951822
16029,0.993425,0.00951426
16032,0.993427,0.00951031
16035,0.993428,0.00950636
16038,0.99343,0.00950241
16041,0.993432,0.00949846
16044,0.993434,0.00949452
16047,0.993436,0.00949058
16050,0.993437,0.00948664
16053,0.993439,0.0094827
16056,0.993441,0.00947877
16059,0.993443,0.00947483
16062,0.993445,0.0094709
16065,0.993447,0.00946697
16068,0.993448,0.00946305
16071,0.99345,0.00945912
16074,0.993452,0.0094552
16077,0.993454,0.00945128
16080,0.993456,0.00944736
16083,0.993457,0.00944345
16086,0.993459,0.00943953
16089,0.993461,0.00943562
16092,0.993463,0.00943171
16095,0.993465,0.0094278
16098,0.993466,0.0094239
16101,0.993468,0.00942
16104,0.99347,0.0094161
16107,0.993472,0.0094122
16110,0.993474,0.0094083
16113,0.993475,0.00940441
16116,0.993477,0.00940052
16119,0.993479,0.00939663
16122,0.993481,0.00939274
16125,0.993483,0.00938885
16128,0.993484,0.00938497
16131,0.993486,0.00938109
16134,0.993488,0.00937721
16137,0.99349,0.00937333
16140,0.993492,0.00936946
16143,0.993493,0.00936558
16146,0.993495,0.00936171
16149,0.993497,0.00935784
16152,0.993499,0.00935398
16155,0.993501,0.00935011
16158,0.993502,0.00934625
16161,0.993504,0.00934239
16164,0.993506,0.00933853
16167,0.993508,0.00933468
16170,0.993509,0.00933082
16173,0.993511,0.00932697
16176,0.993513,0.00932312
16179,0.993515,0.00931928
16182,0.993517,0.00931543
16185,0.993518,0.00931159
16188,0.99352,0.00930775
16191,0.993522,0.00930391
16194,0.993524,0.00930007
16197,0.993526,0.00929624
16200,0.993527,0.00929241
16203,0.993529,0.00928857
16206,0.993531,0.00928475
16209,0.993533,0.00928092
16212,0.993534,0.0092771
16215,0.993536,0.00927327
16218,0.993538,0.00926945
16221,0.99354,0.00926564
16224,0.993541,0.00926182
16227,0.993543,0.00925801
16230,0.993545,0.0092542
16233,0.993547,0.00925039
16236,0.993549,0.00924658
16239,0.99355,0.00924277
16242,0.993552,0.00923897
16245,0.993554,0.00923517
16248,0.993556,0.00923137
16251,0.993557,0.00922758
16254,0.993559,0.00922378
16257,0.993561,0.00921999
16260,0.993563,0.0092162
16263,0.993564,0.00921241
16266,0.993566,0.00920862
16269,0.993568,0.00920484
16272,0.99357,0.00920106
16275,0.993571,0.00919728
16278,0.993573,0.0091935
16281,0.993575,0.00918972
16284,0.993577,0.00918595
16287,0.993579,0.00918218
16290,0.99358,0.00917841
16293,0.993582,0.00917464
16296,0.993584,0.00917087
16299,0.993586,0.00916711
16302,0.993587,0.00916335
16305,0.993589,0.00915959
16308,0.993591,0.00915583
16311,0.993593,0.00915207
16314,0.993594,0.00914832
16317,0.993596,0.00914457
16320,0.993598,0.00914082
16323,0.9936,0.00913707
16326,0.993601,0.00913333
16329,0.993603,0.00912959
16332,0.993605,0.00912584
16335,0.993607,0.00912211
16338,0.993608,0.00911837
16341,0.99361,0.00911463
16344,0.993612,0.0091109
16347,0.993614,0.00910717
16350,0.993615,0.00910344
16353,0.993617,0.00909971
16356,0.993619,0.00909599
16359,0.99362,0.00909227
16362,0.993622,0.00908855
16365,0.993624,0.00908483
16368,0.993626,0.00908111
16371,0.993627,0.0090774
16374,0.993629,0.00907368
16377,0.993631,0.00906997
16380,0.993633,0.00906626
16383,0.993634,0.00906256
16386,0.993636,0.00905885
16389,0.993638,0.00905515
16392,0.99364,0.00905145
16395,0.993641,0.00904775
16398,0.993643,0.00904406
16401,0.993645,0.00904036
16404,0.993647,0.00903667
16407,0.993648,0.00903298
16410,0.99365,0.00902929
16413,0.993652,0.0090256
16416,0.993653,0.00902192
16419,0.993655,0.00901824
16422,0.993657,0.00901456
16425,0.993659,0.00901088
16428,0.99366,0.0090072
16431,0.993662,0.00900353
16434,0.993664,0.00899986
16437,0.993665,0.00899619
16440,0.993667,0.00899252
16443,0.993669,0.00898885
16446,0.993671,0.00898519
16449,0.993672,0.00898152
16452,0.993674,0.00897786
16455,0.993676,0.00897421
16458,0.993678,0.00897055
16461,0.993679,0.0089669
16464,0.993681,0.00896324
16467,0.993683,0.00895959
16470,0.993684,0.00895594
16473,0.993686,0.0089523
16476,0.993688,0.00894865
16479,0.99369,0.00894501
16482,0.993691,0.00894137
16485,0.993693,0.00893773
16488,0.993695,0.0089341
16491,0.993696,0.00893046
16494,0.993698,0.00892683
16497,0.9937,0.0089232
16500,0.993701,0.00891957
16503,0.993703,0.00891594
16506,0.993705,0.00891232
16509,0.993707,0.00890869
16512,0.993708,0.00890507
16515,0.99371,0.00890146
16518,0.993712,0.00889784
16521,0.993713,0.00889422
16524,0.993715,0.00889061
16527,0.993717,0.008887
16530,0.993718,0.00888339
16533,0.99372,0.00887978
16536,0.993722,0.00887618
16539,0.993724,0.00887258
16542,0.993725,0.00886897
16545,0.993727,0.00886537
16548,0.993729,0.00886178
16551,0.99373,0.00885818
16554,0.993732,0.00885459
16557,0.993734,0.008851
16560,0.993735,0.00884741
16563,0.993737,0.00884382
16566,0.993739,0.00884023
16569,0.993741,0.00883665
16572,0.993742,0.00883307
16575,0.993744,0.00882949
16578,0.993746,0.00882591
16581,0.993747,0.00882234
16584,0.993749,0.00881876
16587,0.993751,0.00881519
16590,0.993752,0.00881162
16593,0.993754,0.00880805
16596,0.993756,0.00880448
16599,0.993757,0.00880092
16602,0.993759,0.00879736
16605,0.993761,0.0087938
16608,0.993762,0.00879024
16611,0.993764,0.00878668
16614,0.993766,0.00878313
16617,0.993767,0.00877957
16620,0.993769,0.00877602
16623,0.993771,0.00877247
16626,0.993773,0.00876893
16629,0.993774,0.00876538
16632,0.993776,0.00876184
16635,0.993778,0.0087583
16638,0.993779,0.00875476
16641,0.993781,0.00875122
16644,0.993783,0.00874768
16647,0.993784,0.00874415
16650,0.993786,0.00874062
16653,0.993788,0.00873709
16656,0.993789,0.00873356
16659,0.993791,0.00873003
16662,0.993793,0.00872651
16665,0.993794,0.00872299
16668,0.993796,0.00871947
16671,0.993798,0.00871595
16674,0.993799,0.00871243
16677,0.993801,0.00870892
16680,0.993803,0.0087054
16683,0.993804,0.00870189
16686,0.993806,0.00869838
16689,0.993808,0.00869488
16692,0.993809,0.00869137
16695,0.993811,0.00868787
16698,0.993813,0.00868437
16701,0.993814,0.00868087
16704,0.993816,0.00867737
16707,0.993818,0.00867387
16710,0.993819,0.00867038
16713,0.993821,0.00866689
16716,0.993823,0.0086634
16719,0.993824,0.00865991
16722,0.993826,0.00865642
16725,0.993828,0.00865294
16728,0.993829,0.00864946
16731,0.993831,0.00864597
16734,0.993832,0.0086425
16737,0.993834,0.00863902
16740,0.993836,0.00863554
16743,0.993837,0.00863207
16746,0.993839,0.0086286
16749,0.993841,0.00862513
16752,0.993842,0.00862166
16755,0.993844,0.00861819
16758,0.993846,0.00861473
16761,0.993847,0.00861127
16764,0.993849,0.00860781
16767,0.993851,0.00860435
16770,0.993852,0.00860089
16773,0.993854,0.00859744
16776,0.993856,0.00859398
16779,0.993857,0.00859053
16782,0.993859,0.00858708
16785,0.993861,0.00858364
16788,0.993862,0.00858019
16791,0.993864,0.00857675
16794,0.993865,0.0085733
16797,0.993867,0.00856986
16800,0.993869,0.00856643
16803,0.99387,0.00856299
16806,0.993872,0.00855956
16809,0.993874,0.00855612
16812,0.993875,0.00855269
16815,0.993877,0.00854926
16818,0.993879,0.00854584
16821,0.99388,0.00854241
16824,0.993882,0.00853899
16827,0.993883,0.00853556
16830,0.993885,0.00853215
16833,0.993887,0.00852873
16836,0.993888,0.00852531
16839,0.99389,0.0085219
16842,0.993892,0.00851848
16845,0.993893,0.00851507
16848,0.993895,0.00851166
16851,0.993896,0.00850826
16854,0.993898,0.00850485
16857,0.9939,0.00850145
16860,0.993901,0.00849805
16863,0.993903,0.00849465
16866,0.993905,0.00849125
16869,0.993906,0.00848785
16872,0.993908,0.00848446
16875,0.993909,0.00848107
16878,0.993911,0.00847767
16881,0.993913,0.00847429
16884,0.993914,0.0084709
16887,0.993916,0.00846751
16890,0.993918,0.00846413
16893,0.993919,0.00846075
16896,0.993921,0.00845737
16899,0.993922,0.00845399
16902,0.993924,0.00845061
16905,0.993926,0.00844724
16908,0.993927,0.00844387
16911,0.993929,0.00844049
16914,0.993931,0.00843713
16917,0.993932,0.00843376
16920,0.993934,0.00843039
16923,0.993935,0.00842703
16926,0.993937,0.00842367
16929,0.993939,0.00842031
16932,0.99394,0.00841695
16935,0.993942,0.00841359
16938,0.993943,0.00841024
16941,0.993945,0.00840688
16944,0.993947,0.00840353
16947,0.993948,0.00840018
16950,0.99395,0.00839683
16953,0.993951,0.00839349
16956,0.993953,0.00839014
16959,0.993955,0.0083868
16962,0.993956,0.00838346
16965,0.993958,0.00838012
16968,0.993959,0.00837679
16971,0.993961,0.00837345
16974,0.993963,0.00837012
16977,0.993964,0.00836679
16980,0.993966,0.00836346
16983,0.993967,0.00836013
16986,0.993969,0.0083568
16989,0.993971,0.00835348
16992,0.993972,0.00835015
16995,0.993974,0.00834683
16998,0.993975,0.00834351
17001,0.993977,0.00834019
17004,0.993979,0.00833688
17007,0.99398,0.00833356
17010,0.993982,0.00833025
17013,0.993983,0.00832694
17016,0.993985,0.00832363
17019,0.993987,0.00832033
17022,0.993988,0.00831702
17025,0.99399,0.00831372
17028,0.993991,0.00831042
17031,0.993993,0.00830712
17034,0.993995,0.00830382
17037,0.993996,0.00830052
17040,0.993998,0.00829723
17043,0.993999,0.00829393
17046,0.994001,0.00829064
17049,0.994002,0.00828735
17052,0.994004,0.00828406
17055,0.994006,0.00828078
17058,0.994007,0.00827749
17061,0.994009,0.00827421
17064,0.99401,0.00827093
17067,0.994012,0.00826765
17070,0.994014,0.00826437
17073,0.994015,0.0082611
17076,0.994017,0.00825782
17079,0.994018,0.00825455
17082,0.99402,0.00825128
17085,0.994021,0.00824801
17088,0.994023,0.00824474
17091,0.994025,0.00824148
17094,0.994026,0.00823822
17097,0.994028,0.00823495
17100,0.994029,0.00823169
17103,0.994031,0.00822843
17106,0.994033,0.00822518
17109,0.994034,0.00822192
17112,0.994036,0.00821867
17115,0.994037,0.00821542
17118,0.994039,0.00821217
17121,0.99404,0.00820892
17124,0.994042,0.00820567
17127,0.994044,0.00820243
17130,0.994045,0.00819919
17133,0.994047,0.00819594
17136,0.994048,0.00819271
17139,0.99405,0.00818947
17142,0.994051,0.00818623
17145,0.994053,0.008183
17148,0.994054,0.00817976
17151,0.994056,0.00817653
17154,0.994058,0.0081733
17157,0.994059,0.00817008
17160,0.994061,0.00816685
17163,0.994062,0.00816363
17166,0.994064,0.0081604
17169,0.994065,0.00815718
17172,0.994067,0.00815396
17175,0.994069,0.00815075
17178,0.99407,0.00814753
17181,0.994072,0.00814432
17184,0.994073,0.0081411
17187,0.994075,0.00813789
17190,0.994076,0.00813468
17193,0.994078,0.00813148
17196,0.994079,0.00812827
17199,0.994081,0.00812507
17202,0.994083,0.00812186
17205,0.994084,0.00811866
17208,0.994086,0.00811546
17211,0.994087,0.00811227
17214,0.994089,0.00810907
17217,0.99409,0.00810588
17220,0.994092,0.00810269
17223,0.994093,0.0080995
17226,0.994095,0.00809631
17229,0.994096,0.00809312
17232,0.994098,0.00808993
17235,0.9941,0.00808675
17238,0.994101,0.00808357
17241,0.994103,0.00808039
17244,0.994104,0.00807721
17247,0.994106,0.00807403
17250,0.994107,0.00807086
17253,0.994109,0.00806768
17256,0.99411,0.00806451
17259,0.994112,0.00806134
17262,0.994113,0.00805817
17265,0.994115,0.008055
17268,0.994117,0.00805184
17271,0.994118,0.00804867
17274,0.99412,0.00804551
17277,0.994121,0.00804235
17280,0.994123,0.00803919
17283,0.994124,0.00803604
17286,0.994126,0.00803288
17289,0.994127,0.00802973
17292,0.994129,0.00802657
17295,0.99413,0.00802342
17298,0.994132,0.00802027
17301,0.994133,0.00801713
17304,0.994135,0.00801398
17307,0.994137,0.00801084
17310,0.994138,0.0080077
17313,0.99414,0.00800455
17316,0.994141,0.00800142
17319,0.994143,0.00799828
17322,0.994144,0.00799514
17325,0.994146,0.00799201
17328,0.994147,0.00798888
17331,0.994149,0.00798574
17334,0.99415,0.00798262
17337,0.994152,0.00797949
17340,0.994153,0.00797636
17343,0.994155,0.00797324
17346,0.994156,0.00797011
17349,0.994158,0.00796699
17352,0.994159,0.00796387
17355,0.994161,0.00796076
17358,0.994163,0.00795764
17361,0.994164,0.00795453
17364,0.994166,0.00795141
17367,0.994167,0.0079483
17370,0.994169,0.00794519
17373,0.99417,0.00794208
17376,0.994172,0.00793898
17379,0.994173,0.00793587
17382,0.994175,0.00793277
17385,0.994176,0.00792967
17388,0.994178,0.00792657
17391,0.994179,0.00792347
17394,0.994181,0.00792037
17397,0.994182,0.00791728
17400,0.994184,0.00791418
17403,0.994185,0.00791109
17406,0.994187,0.007908
17409,0.994188,0.00790491
17412,0.99419,0.00790183
17415,0.994191,0.00789874
17418,0.994193,0.00789566
17421,0.994194,0.00789257
17424,0.994196,0.00788949
17427,0.994197,0.00788642
17430,0.994199,0.00788334
17433,0.9942,0.00788026
17436,0.994202,0.00787719
17439,0.994203,0.00787412
17442,0.994205,0.00787104
17445,0.994206,0.00786797
17448,0.994208,0.00786491
17451,0.994209,0.00786184
17454,0.994211,0.00785878
17457,0.994212,0.00785571
17460,0.994214,0.00785265
17463,0.994215,0.00784959
17466,0.994217,0.00784653
17469,0.994218,0.00784348
17472,0.99422,0.00784042
17475,0.994221,0.00783737
17478,0.994223,0.00783432
17481,0.994224,0.00783127
17484,0.994226,0.00782822
17487,0.994227,0.00782517
17490,0.994229,0.00782212
17493,0.99423,0.00781908
17496,0.994232,0.00781604
17499,0.994233,0.007813
17502,0.994235,0.00780996
17505,0.994236,0.00780692
17508,0.994238,0.00780388
17511,0.994239,0.00780085
17514,0.994241,0.00779782
17517,0.994242,0.00779479
17520,0.994244,0.00779176
17523,0.994245,0.00778873
17526,0.994247,0.0077857
17529,0.994248,0.00778268
17532,0.99425,0.00777965
17535,0.994251,0.00777663
17538,0.994253,0.00777361
17541,0.994254,0.00777059
17544,0.994256,0.00776757
17547,0.994257,0.00776456
17550,0.994259,0.00776154
17553,0.99426,0.00775853
17556,0.994262,0.00775552
17559,0.994263,0.00775251
17562,0.994265,0.0077495
17565,0.994266,0.0077465
17568,0.994268,0.00774349
17571,0.994269,0.00774049
17574,0.994271,0.00773749
17577,0.994272,0.00773449
17580,0.994274,0.00773149
17583,0.994275,0.00772849
17586,0.994277,0.0077255
17589,0.994278,0.0077225
17592,0.994279,0.00771951
17595,0.994281,0.00771652
17598,0.994282,0.00771353
17601,0.994284,0.00771054
17604,0.994285,0.00770755
17607,0.994287,0.00770457
17610,0.994288,0.00770159
17613,0.99429,0.00769861
17616,0.994291,0.00769563
17619,0.994293,0.00769265
17622,0.994294,0.00768967
17625,0.994296,0.00768669
17628,0.994297,0.00768372
17631,0.994299,0.00768075
17634,0.9943,0.00767778
17637,0.994302,0.00767481
17640,0.994303,0.00767184
17643,0.994304,0.00766887
17646,0.994306,0.00766591
17649,0.994307,0.00766295
17652,0.994309,0.00765998
17655,0.99431,0.00765702
17658,0.994312,0.00765407
17661,0.994313,0.00765111
17664,0.994315,0.00764815
17667,0.994316,0.0076452
17670,0.994318,0.00764225
17673,0.994319,0.0076393
17676,0.994321,0.00763635
17679,0.994322,0.0076334
17682,0.994324,0.00763045
17685,0.994325,0.00762751
17688,0.994326,0.00762456
17691,0.994328,0.00762162
17694,0.994329,0.00761868
17697,0.994331,0.00761574
17700,0.994332,0.00761281
17703,0.994334,0.00760987
17706,0.994335,0.00760694
17709,0.994337,0.007604
17712,0.994338,0.00760107
17715,0.99434,0.00759814
17718,0.994341,0.00759521
17721,0.994342,0.00759229
17724,0.994344,0.00758936
17727,0.994345,0.00758644
17730,0.994347,0.00758351
17733,0.994348,0.00758059
17736,0.99435,0.00757767
17739,0.994351,0.00757476
17742,0.994353,0.00757184
17745,0.994354,0.00756893
17748,0.994355,0.00756601
17751,0.994357,0.0075631
17754,0.994358,0.00756019
17757,0.99436,0.00755728
17760,0.994361,0.00755437
17763,0.994363,0.00755147
17766,0.994364,0.00754856
17769,0.994366,0.00754566
17772,0.994367,0.00754276
17775,0.994368,0.00753986
17778,0.99437,0.00753696
17781,0.994371,0.00753407
17784,0.994373,0.00753117
17787,0.994374,0.00752828
17790,0.994376,0.00752538
17793,0.994377,0.00752249
17796,0.994379,0.0075196
17799,0.99438,0.00751672
17802,0.994381,0.00751383
17805,0.994383,0.00751094
17808,0.994384,0.00750806
17811,0.994386,0.00750518
17814,0.994387,0.0075023
17817,0.994389,0.00749942
17820,0.99439,0.00749654
17823,0.994391,0.00749366
17826,0.994393,0.00749079
17829,0.994394,0.00748792
17832,0.994396,0.00748504
17835,0.994397,0.00748217
17838,0.994399,0.00747931
17841,0.9944,0.00747644
17844,0.994402,0.00747357
17847,0.994403,0.00747071
17850,0.994404,0.00746784
17853,0.994406,0.00746498
17856,0.994407,0.00746212
17859,0.994409,0.00745926
17862,0.99441,0.00745641
17865,0.994412,0.00745355
17868,0.994413,0.0074507
17871,0.994414,0.00744785
17874,0.994416,0.00744499
17877,0.994417,0.00744214
17880,0.994419,0.0074393
17883,0.99442,0.00743645
17886,0.994421,0.0074336
17889,0.994423,0.00743076
17892,0.994424,0.00742792
17895,0.994426,0.00742508
17898,0.994427,0.00742224
17901,0.994429,0.0074194
17904,0.99443,0.00741656
17907,0.994431,0.00741373
17910,0.994433,0.00741089
17913,0.994434,0.00740806
17916,0.994436,0.00740523
17919,0.994437,0.0074024
17922,0.994438,0.00739957
17925,0.99444,0.00739674
17928,0.994441,0.00739392
17931,0.994443,0.0073911
17934,0.994444,0.00738827
17937,0.994446,0.00738545
17940,0.994447,0.00738263
17943,0.994448,0.00737981
17946,0.99445,0.007377
17949,0.994451,0.00737418
17952,0.994453,0.00737137
17955,0.994454,0.00736856
17958,0.994455,0.00736575
17961,0.994457,0.00736294
17964,0.994458,0.00736013
17967,0.99446,0.00735732
17970,0.994461,0.00735452
17973,0.994462,0.00735171
17976,0.994464,0.00734891
17979,0.994465,0.00734611
17982,0.994467,0.00734331
17985,0.994468,0.00734051
17988,0.994469,0.00733772
17991,0.994471,0.00733492
17994,0.994472,0.00733213
17997,0.994474,0.00732933
18000,0.994475,0.00732654
