tool,run_id,dx_um,dt_min,average_source,center_source,cell_voxel_average_source,resolution_label,time_min,average_uM,center_uM,cell_voxel_average_uM
PhysiCell,PhysiCell_dx_20um_uptake,20.0,,mean over all voxels,single center voxel nearest the origin,mean over unique voxels nearest the configured cell positions,voxel size=20 um,0.0,10.0,10.0,10.0
PhysiCell,PhysiCell_dx_20um_uptake,20.0,,mean over all voxels,single center voxel nearest the origin,mean over unique voxels nearest the configured cell positions,voxel size=20 um,0.01,9.99861041920366,9.999999999999995,9.933300121775709
PhysiCell,PhysiCell_dx_20um_uptake,20.0,,mean over all voxels,single center voxel nearest the origin,mean over unique voxels nearest the configured cell positions,voxel size=20 um,0.02,9.99722084284794,9.991730026085014,9.871102698682444
PhysiCell,PhysiCell_dx_20um_uptake,20.0,,mean over all voxels,single center voxel nearest the origin,mean over unique voxels nearest the configured cell positions,voxel size=20 um,0.03,9.995831283321163,9.976786419307135,9.812830505222536
PhysiCell,PhysiCell_dx_20um_uptake,20.0,,mean over all voxels,single center voxel nearest the origin,mean over unique voxels nearest the configured cell positions,voxel size=20 um,0.04,9.994441763659397,9.956588844316862,9.75803382760494
PhysiCell,PhysiCell_dx_20um_uptake,20.0,,mean over all voxels,single center voxel nearest the origin,mean over unique voxels nearest the configured cell positions,voxel size=20 um,0.05,9.993052319552934,9.932360056707457,9.706353721623529
PhysiCell,PhysiCell_dx_20um_uptake,20.0,,mean over all voxels,single center voxel nearest the origin,mean over unique voxels nearest the configured cell positions,voxel size=20 um,0.06,9.991663000760287,9.905129329898722,9.657496794078957
PhysiCell,PhysiCell_dx_20um_uptake,20.0,,mean over all voxels,single center voxel nearest the origin,mean over unique voxels nearest the configured cell positions,voxel size=20 um,0.07,9.9902738720194,9.87574795263667,9.611217803267506
PhysiCell,PhysiCell_dx_20um_uptake,20.0,,mean over all voxels,single center voxel nearest the origin,mean over unique voxels nearest the configured cell positions,voxel size=20 um,0.08,9.988885013535091,9.844909929942844,9.567307576719179
PhysiCell,PhysiCell_dx_20um_uptake,20.0,,mean over all voxels,single center voxel nearest the origin,mean over unique voxels nearest the configured cell positions,voxel size=20 um,0.09,9.987496521112169,9.813173951426842,9.525584553727013
PhysiCell,PhysiCell_dx_20um_uptake,20.0,,mean over all voxels,single center voxel nearest the origin,mean over unique voxels nearest the configured cell positions,voxel size=20 um,0.1,9.986108505995025,9.780984488644796,9.485888805859588
PhysiCell,PhysiCell_dx_20um_uptake,20.0,,mean over all voxels,single center voxel nearest the origin,mean over unique voxels nearest the configured cell positions,voxel size=20 um,0.11,9.98472109446675,9.748690967271454,9.448077757132712
PhysiCell,PhysiCell_dx_20um_uptake,20.0,,mean over all voxels,single center voxel nearest the origin,mean over unique voxels nearest the configured cell positions,voxel size=20 um,0.12,9.983334427253862,9.716564597601932,9.412023074752673
PhysiCell,PhysiCell_dx_20um_uptake,20.0,,mean over all voxels,single center voxel nearest the origin,mean over unique voxels nearest the configured cell positions,voxel size=20 um,0.13,9.981948658776805,9.684812808159252,9.377608370171199
PhysiCell,PhysiCell_dx_20um_uptake,20.0,,mean over all voxels,single center voxel nearest the origin,mean over unique voxels nearest the configured cell positions,voxel size=20 um,0.14,9.980563956280726,9.653591419428453,9.34472746470999
PhysiCell,PhysiCell_dx_20um_uptake,20.0,,mean over all voxels,single center voxel nearest the origin,mean over unique voxels nearest the configured cell positions,voxel size=20 um,0.15,9.979180498876566,9.623014785596895,9.313283051789133
PhysiCell,PhysiCell_dx_20um_uptake,20.0,,mean over all voxels,single center voxel nearest the origin,mean over unique voxels nearest the configured cell positions,voxel size=20 um,0.16,9.977798476518016,9.593164163886383,9.283185640678829
PhysiCell,PhysiCell_dx_20um_uptake,20.0,,mean over all voxels,single center voxel nearest the origin,mean over unique voxels nearest the configured cell positions,voxel size=20 um,0.17,9.97641808893649,9.56409456971399,9.254352702693255
PhysiCell,PhysiCell_dx_20um_uptake,20.0,,mean over all voxels,single center voxel nearest the origin,mean over unique voxels nearest the configured cell positions,voxel size=20 um,0.18,9.97503954455275,9.535840357407311,9.226707965276622
PhysiCell,PhysiCell_dx_20um_uptake,20.0,,mean over all voxels,single center voxel nearest the origin,mean over unique voxels nearest the configured cell positions,voxel size=20 um,0.19,9.973663059381122,9.508419740002363,9.200180816166053
PhysiCell,PhysiCell_dx_20um_uptake,20.0,,mean over all voxels,single center voxel nearest the origin,mean over unique voxels nearest the configured cell positions,voxel size=20 um,0.2,9.972288855939695,9.48183843324556,9.174705791245282
PhysiCell,PhysiCell_dx_20um_uptake,20.0,,mean over all voxels,single center voxel nearest the origin,mean over unique voxels nearest the configured cell positions,voxel size=20 um,0.21,9.970917162177601,9.456092581316906,9.150222127520228
PhysiCell,PhysiCell_dx_20um_uptake,20.0,,mean over all voxels,single center voxel nearest the origin,mean over unique voxels nearest the configured cell positions,voxel size=20 um,0.22,9.969548210428632,9.431171096508214,9.126673368003681
PhysiCell,PhysiCell_dx_20um_uptake,20.0,,mean over all voxels,single center voxel nearest the origin,mean over unique voxels nearest the configured cell positions,voxel size=20 um,0.23,9.968182236398649,9.407057522760441,9.104007008974962
PhysiCell,PhysiCell_dx_20um_uptake,20.0,,mean over all voxels,single center voxel nearest the origin,mean over unique voxels nearest the configured cell positions,voxel size=20 um,0.24,9.96681947819277,9.383731513715807,9.082174182615804
PhysiCell,PhysiCell_dx_20um_uptake,20.0,,mean over all voxels,single center voxel nearest the origin,mean over unique voxels nearest the configured cell positions,voxel size=20 um,0.25,9.965460175387062,9.3611699996272,9.061129369778945
PhysiCell,PhysiCell_dx_20um_uptake,20.0,,mean over all voxels,single center voxel nearest the origin,mean over unique voxels nearest the configured cell positions,voxel size=20 um,0.26,9.964104568148176,9.33934810381122,9.0408301388693
PhysiCell,PhysiCell_dx_20um_uptake,20.0,,mean over all voxels,single center voxel nearest the origin,mean over unique voxels nearest the configured cell positions,voxel size=20 um,0.27,9.96275289640356,9.318239858003357,9.021236907677881
PhysiCell,PhysiCell_dx_20um_uptake,20.0,,mean over all voxels,single center voxel nearest the origin,mean over unique voxels nearest the configured cell positions,voxel size=20 um,0.28,9.961405399063796,9.297818756642519,9.002312725620703
PhysiCell,PhysiCell_dx_20um_uptake,20.0,,mean over all voxels,single center voxel nearest the origin,mean over unique voxels nearest the configured cell positions,voxel size=20 um,0.29,9.96006231329812,9.278058182466049,8.984023074277474
PhysiCell,PhysiCell_dx_20um_uptake,20.0,,mean over all voxels,single center voxel nearest the origin,mean over unique voxels nearest the configured cell positions,voxel size=20 um,0.3,9.958723873863287,9.258931729557263,8.966335684450883
PhysiCell,PhysiCell_dx_20um_uptake,20.0,,mean over all voxels,single center voxel nearest the origin,mean over unique voxels nearest the configured cell positions,voxel size=20 um,0.31,9.957390312485577,9.240413444912743,8.949220368213092
PhysiCell,PhysiCell_dx_20um_uptake,20.0,,mean over all voxels,single center voxel nearest the origin,mean over unique voxels nearest the configured cell positions,voxel size=20 um,0.32,9.956061857295275,9.222478005479772,8.93264886459637
PhysiCell,PhysiCell_dx_20um_uptake,20.0,,mean over all voxels,single center voxel nearest the origin,mean over unique voxels nearest the configured cell positions,voxel size=20 um,0.33,9.954738732312423,9.205100844280832,8.916594697736084
PhysiCell,PhysiCell_dx_20um_uptake,20.0,,mean over all voxels,single center voxel nearest the origin,mean over unique voxels nearest the configured cell positions,voxel size=20 um,0.34,9.95342115698255,9.18825823654809,8.901033046398096
PhysiCell,PhysiCell_dx_20um_uptake,20.0,,mean over all voxels,single center voxel nearest the origin,mean over unique voxels nearest the configured cell positions,voxel size=20 um,0.35,9.952109345760658,9.171927354615923,8.88594062392636
PhysiCell,PhysiCell_dx_20um_uptake,20.0,,mean over all voxels,single center voxel nearest the origin,mean over unique voxels nearest the configured cell positions,voxel size=20 um,0.36,9.950803507741625,9.156086298566194,8.871295567735794
PhysiCell,PhysiCell_dx_20um_uptake,20.0,,mean over all voxels,single center voxel nearest the origin,mean over unique voxels nearest the configured cell positions,voxel size=20 um,0.37,9.94950384633503,9.14071410820876,8.857077337553314
PhysiCell,PhysiCell_dx_20um_uptake,20.0,,mean over all voxels,single center voxel nearest the origin,mean over unique voxels nearest the configured cell positions,voxel size=20 um,0.38,9.948210558982257,9.125790760843131,8.843266621679314
PhysiCell,PhysiCell_dx_20um_uptake,20.0,,mean over all voxels,single center voxel nearest the origin,mean over unique voxels nearest the configured cell positions,voxel size=20 um,0.39,9.946923836913706,9.111297158333587,8.829845250603968
PhysiCell,PhysiCell_dx_20um_uptake,20.0,,mean over all voxels,single center voxel nearest the origin,mean over unique voxels nearest the configured cell positions,voxel size=20 um,0.4,9.945643864943854,9.097215106295957,8.816796117369092
PhysiCell,PhysiCell_dx_20um_uptake,20.0,,mean over all voxels,single center voxel nearest the origin,mean over unique voxels nearest the configured cell positions,voxel size=20 um,0.41,9.944370821301916,9.08352728760532,8.804103104117528
PhysiCell,PhysiCell_dx_20um_uptake,20.0,,mean over all voxels,single center voxel nearest the origin,mean over unique voxels nearest the configured cell positions,voxel size=20 um,0.42,9.94310487749584,9.070217231961497,8.791751014318958
PhysiCell,PhysiCell_dx_20um_uptake,20.0,,mean over all voxels,single center voxel nearest the origin,mean over unique voxels nearest the configured cell positions,voxel size=20 um,0.43,9.9418461982074,9.057269282871191,8.7797255102039
PhysiCell,PhysiCell_dx_20um_uptake,20.0,,mean over all voxels,single center voxel nearest the origin,mean over unique voxels nearest the configured cell positions,voxel size=20 um,0.44,9.940594941216245,9.044668563103032,8.768013054977093
PhysiCell,PhysiCell_dx_20um_uptake,20.0,,mean over all voxels,single center voxel nearest the origin,mean over unique voxels nearest the configured cell positions,voxel size=20 um,0.45,9.93935125735065,9.032400939430463,8.75660085941756
PhysiCell,PhysiCell_dx_20um_uptake,20.0,,mean over all voxels,single center voxel nearest the origin,mean over unique voxels nearest the configured cell positions,voxel size=20 um,0.46,9.938115290463026,9.02045298728494,8.745476832505792
PhysiCell,PhysiCell_dx_20um_uptake,20.0,,mean over all voxels,single center voxel nearest the origin,mean over unique voxels nearest the configured cell positions,voxel size=20 um,0.47,9.93688717742809,9.008811955788866,8.734629535748986
PhysiCell,PhysiCell_dx_20um_uptake,20.0,,mean over all voxels,single center voxel nearest the origin,mean over unique voxels nearest the configured cell positions,voxel size=20 um,0.48,9.93566704816176,8.997465733516439,8.724048140903056
PhysiCell,PhysiCell_dx_20um_uptake,20.0,,mean over all voxels,single center voxel nearest the origin,mean over unique voxels nearest the configured cell positions,voxel size=20 um,0.49,9.93445502565902,8.986402815234745,8.71372239081579
PhysiCell,PhysiCell_dx_20um_uptake,20.0,,mean over all voxels,single center voxel nearest the origin,mean over unique voxels nearest the configured cell positions,voxel size=20 um,0.5,9.933251226048887,8.97561226980179,8.70364256313886
PhysiCell,PhysiCell_dx_20um_uptake,20.0,,mean over all voxels,single center voxel nearest the origin,mean over unique voxels nearest the configured cell positions,voxel size=20 um,0.51,9.932055758664868,8.96508370933928,8.69379943667791
PhysiCell,PhysiCell_dx_20um_uptake,20.0,,mean over all voxels,single center voxel nearest the origin,mean over unique voxels nearest the configured cell positions,voxel size=20 um,0.52,9.930868726129313,8.954807259751744,8.68418426016942
PhysiCell,PhysiCell_dx_20um_uptake,20.0,,mean over all voxels,single center voxel nearest the origin,mean over unique voxels nearest the configured cell positions,voxel size=20 um,0.53,9.929690224450173,8.944773532628135,8.674788723291092
PhysiCell,PhysiCell_dx_20um_uptake,20.0,,mean over all voxels,single center voxel nearest the origin,mean over unique voxels nearest the configured cell positions,voxel size=20 um,0.54,9.92852034312874,8.934973598534793,8.665604929728834
PhysiCell,PhysiCell_dx_20um_uptake,20.0,,mean over all voxels,single center voxel nearest the origin,mean over unique voxels nearest the configured cell positions,voxel size=20 um,0.55,9.927359165277084,8.925398961688055,8.656625372138311
PhysiCell,PhysiCell_dx_20um_uptake,20.0,,mean over all voxels,single center voxel nearest the origin,mean over unique voxels nearest the configured cell positions,voxel size=20 um,0.56,9.926206767743915,8.916041535979588,8.64784290885282
PhysiCell,PhysiCell_dx_20um_uptake,20.0,,mean over all voxels,single center voxel nearest the origin,mean over unique voxels nearest the configured cell positions,voxel size=20 um,0.57,9.925063221247786,8.906893622316211,8.639250742201659
PhysiCell,PhysiCell_dx_20um_uptake,20.0,,mean over all voxels,single center voxel nearest the origin,mean over unique voxels nearest the configured cell positions,voxel size=20 um,0.58,9.923928590516478,8.897947887228382,8.630842398314497
PhysiCell,PhysiCell_dx_20um_uptake,20.0,,mean over all voxels,single center voxel nearest the origin,mean over unique voxels nearest the configured cell positions,voxel size=20 um,0.59,9.922802934431681,8.889197342695985,8.622611708297772
PhysiCell,PhysiCell_dx_20um_uptake,20.0,,mean over all voxels,single center voxel nearest the origin,mean over unique voxels nearest the configured cell positions,voxel size=20 um,0.6,9.921686306177959,8.880635327136998,8.61455279067852
PhysiCell,PhysiCell_dx_20um_uptake,20.0,,mean over all voxels,single center voxel nearest the origin,mean over unique voxels nearest the configured cell positions,voxel size=20 um,0.61,9.920578753395244,8.872255487502867,8.606660035019754
PhysiCell,PhysiCell_dx_20um_uptake,20.0,,mean over all voxels,single center voxel nearest the origin,mean over unique voxels nearest the configured cell positions,voxel size=20 um,0.62,9.919480318334013,8.864051762423816,8.598928086619416
PhysiCell,PhysiCell_dx_20um_uptake,20.0,,mean over all voxels,single center voxel nearest the origin,mean over unique voxels nearest the configured cell positions,voxel size=20 um,0.63,9.918391038012476,8.85601836634786,8.59135183221213
PhysiCell,PhysiCell_dx_20um_uptake,20.0,,mean over all voxels,single center voxel nearest the origin,mean over unique voxels nearest the configured cell positions,voxel size=20 um,0.64,9.917310944375123,8.848149774618214,8.58392638659959
PhysiCell,PhysiCell_dx_20um_uptake,20.0,,mean over all voxels,single center voxel nearest the origin,mean over unique voxels nearest the configured cell positions,voxel size=20 um,0.65,9.916240064452023,8.840440709435434,8.576647080141404
PhysiCell,PhysiCell_dx_20um_uptake,20.0,,mean over all voxels,single center voxel nearest the origin,mean over unique voxels nearest the configured cell positions,voxel size=20 um,0.66,9.915178420518348,8.832886126652488,8.569509447043792
PhysiCell,PhysiCell_dx_20um_uptake,20.0,,mean over all voxels,single center voxel nearest the origin,mean over unique voxels nearest the configured cell positions,voxel size=20 um,0.67,9.914126030253636,8.825481203353068,8.562509214388418
PhysiCell,PhysiCell_dx_20um_uptake,20.0,,mean over all voxels,single center voxel nearest the origin,mean over unique voxels nearest the configured cell positions,voxel size=20 um,0.68,9.913082906900355,8.818221326165782,8.555642291848445
PhysiCell,PhysiCell_dx_20um_uptake,20.0,,mean over all voxels,single center voxel nearest the origin,mean over unique voxels nearest the configured cell positions,voxel size=20 um,0.69,9.912049059421365,8.811102080269187,8.548904762042861
PhysiCell,PhysiCell_dx_20um_uptake,20.0,,mean over all voxels,single center voxel nearest the origin,mean over unique voxels nearest the configured cell positions,voxel size=20 um,0.7,9.911024492655946,8.804119239044956,8.54229287148415
PhysiCell,PhysiCell_dx_20um_uptake,20.0,,mean over all voxels,single center voxel nearest the origin,mean over unique voxels nearest the configured cell positions,voxel size=20 um,0.71,9.910009207474047,8.797268754338935,8.535803022077832
PhysiCell,PhysiCell_dx_20um_uptake,20.0,,mean over all voxels,single center voxel nearest the origin,mean over unique voxels nearest the configured cell positions,voxel size=20 um,0.72,9.909003200928527,8.790546747292106,8.529431763135573
PhysiCell,PhysiCell_dx_20um_uptake,20.0,,mean over all voxels,single center voxel nearest the origin,mean over unique voxels nearest the configured cell positions,voxel size=20 um,0.73,9.908006466405084,8.78394949970569,8.523175783866634
PhysiCell,PhysiCell_dx_20um_uptake,20.0,,mean over all voxels,single center voxel nearest the origin,mean over unique voxels nearest the configured cell positions,voxel size=20 um,0.74,9.907018993769722,8.77747344590688,8.517031906314969
PhysiCell,PhysiCell_dx_20um_uptake,20.0,,mean over all voxels,single center voxel nearest the origin,mean over unique voxels nearest the configured cell positions,voxel size=20 um,0.75,9.906040769513517,8.771115165083696,8.510997078711927
PhysiCell,PhysiCell_dx_20um_uptake,20.0,,mean over all voxels,single center voxel nearest the origin,mean over unique voxels nearest the configured cell positions,voxel size=20 um,0.76,9.905071776894578,8.764871374059526,8.505068369216637
PhysiCell,PhysiCell_dx_20um_uptake,20.0,,mean over all voxels,single center voxel nearest the origin,mean over unique voxels nearest the configured cell positions,voxel size=20 um,0.77,9.904111996076994,8.758738920479662,8.499242960018377
PhysiCell,PhysiCell_dx_20um_uptake,20.0,,mean over all voxels,single center voxel nearest the origin,mean over unique voxels nearest the configured cell positions,voxel size=20 um,0.78,9.90316140426677,8.752714776384098,8.49351814177701
PhysiCell,PhysiCell_dx_20um_uptake,20.0,,mean over all voxels,single center voxel nearest the origin,mean over unique voxels nearest the configured cell positions,voxel size=20 um,0.79,9.902219975844526,8.746796032142374,8.487891308379464
PhysiCell,PhysiCell_dx_20um_uptake,20.0,,mean over all voxels,single center voxel nearest the origin,mean over unique voxels nearest the configured cell positions,voxel size=20 um,0.8,9.90128768249501,8.740979890727917,8.482359951991707
PhysiCell,PhysiCell_dx_20um_uptake,20.0,,mean over all voxels,single center voxel nearest the origin,mean over unique voxels nearest the configured cell positions,voxel size=20 um,0.81,9.900364493333274,8.735263662310809,8.476921658387297
PhysiCell,PhysiCell_dx_20um_uptake,20.0,,mean over all voxels,single center voxel nearest the origin,mean over unique voxels nearest the configured cell positions,voxel size=20 um,0.82,9.899450375027532,8.729644759149261,8.471574102534854
PhysiCell,PhysiCell_dx_20um_uptake,20.0,,mean over all voxels,single center voxel nearest the origin,mean over unique voxels nearest the configured cell positions,voxel size=20 um,0.83,9.898545291918653,8.724120690761426,8.466315044428104
PhysiCell,PhysiCell_dx_20um_uptake,20.0,,mean over all voxels,single center voxel nearest the origin,mean over unique voxels nearest the configured cell positions,voxel size=20 um,0.84,9.897649206136288,8.718689059360331,8.461142325143307
PhysiCell,PhysiCell_dx_20um_uptake,20.0,,mean over all voxels,single center voxel nearest the origin,mean over unique voxels nearest the configured cell positions,voxel size=20 um,0.85,9.896762077711577,8.713347555535947,8.456053863109934
PhysiCell,PhysiCell_dx_20um_uptake,20.0,,mean over all voxels,single center voxel nearest the origin,mean over unique voxels nearest the configured cell positions,voxel size=20 um,0.86,9.895883864686542,8.708093954169312,8.451047650581456
PhysiCell,PhysiCell_dx_20um_uptake,20.0,,mean over all voxels,single center voxel nearest the origin,mean over unique voxels nearest the configured cell positions,voxel size=20 um,0.87,9.895014523220079,8.702926110564839,8.446121750294013
PhysiCell,PhysiCell_dx_20um_uptake,20.0,,mean over all voxels,single center voxel nearest the origin,mean over unique voxels nearest the configured cell positions,voxel size=20 um,0.88,9.89415400769064,8.697841956787615,8.441274292301594
PhysiCell,PhysiCell_dx_20um_uptake,20.0,,mean over all voxels,single center voxel nearest the origin,mean over unique voxels nearest the configured cell positions,voxel size=20 um,0.89,9.893302270795616,8.692839498193536,8.436503470977103
PhysiCell,PhysiCell_dx_20um_uptake,20.0,,mean over all voxels,single center voxel nearest the origin,mean over unique voxels nearest the configured cell positions,voxel size=20 um,0.9,9.892459263647458,8.68791681014087,8.431807542169416
PhysiCell,PhysiCell_dx_20um_uptake,20.0,,mean over all voxels,single center voxel nearest the origin,mean over unique voxels nearest the configured cell positions,voxel size=20 um,0.91,9.891624935866592,8.683072034872502,8.427184820507216
PhysiCell,PhysiCell_dx_20um_uptake,20.0,,mean over all voxels,single center voxel nearest the origin,mean over unique voxels nearest the configured cell positions,voxel size=20 um,0.92,9.890799235671135,8.678303378558985,8.422633676840983
PhysiCell,PhysiCell_dx_20um_uptake,20.0,,mean over all voxels,single center voxel nearest the origin,mean over unique voxels nearest the configured cell positions,voxel size=20 um,0.93,9.889982109963546,8.673609108492936,8.418152535815102
PhysiCell,PhysiCell_dx_20um_uptake,20.0,,mean over all voxels,single center voxel nearest the origin,mean over unique voxels nearest the configured cell positions,voxel size=20 um,0.94,9.889173504414186,8.668987550426168,8.413739873562568
PhysiCell,PhysiCell_dx_20um_uptake,20.0,,mean over all voxels,single center voxel nearest the origin,mean over unique voxels nearest the configured cell positions,voxel size=20 um,0.95,9.888373363541891,8.664437086041271,8.409394215515272
PhysiCell,PhysiCell_dx_20um_uptake,20.0,,mean over all voxels,single center voxel nearest the origin,mean over unique voxels nearest the configured cell positions,voxel size=20 um,0.96,9.887581630791606,8.659956150550059,8.40511413432328
PhysiCell,PhysiCell_dx_20um_uptake,20.0,,mean over all voxels,single center voxel nearest the origin,mean over unique voxels nearest the configured cell positions,voxel size=20 um,0.97,9.88679824860916,8.655543230411674,8.400898247876961
PhysiCell,PhysiCell_dx_20um_uptake,20.0,,mean over all voxels,single center voxel nearest the origin,mean over unique voxels nearest the configured cell positions,voxel size=20 um,0.98,9.88602315851322,8.651196861163626,8.39674521742622
PhysiCell,PhysiCell_dx_20um_uptake,20.0,,mean over all voxels,single center voxel nearest the origin,mean over unique voxels nearest the configured cell positions,voxel size=20 um,0.99,9.885256301164526,8.646915625359513,8.392653745791405
PhysiCell,PhysiCell_dx_20um_uptake,20.0,,mean over all voxels,single center voxel nearest the origin,mean over unique voxels nearest the configured cell positions,voxel size=20 um,1.0,9.884497616432443,8.642698150607439,8.388622575660843
PhysiCell,PhysiCell_dx_20um_uptake,20.0,,mean over all voxels,single center voxel nearest the origin,mean over unique voxels nearest the configured cell positions,voxel size=20 um,1.01,9.883747043458916,8.638543107703645,8.384650487970287
PhysiCell,PhysiCell_dx_20um_uptake,20.0,,mean over all voxels,single center voxel nearest the origin,mean over unique voxels nearest the configured cell positions,voxel size=20 um,1.02,9.883004520719899,8.634449208856138,8.380736300359771
PhysiCell,PhysiCell_dx_20um_uptake,20.0,,mean over all voxels,single center voxel nearest the origin,mean over unique voxels nearest the configured cell positions,voxel size=20 um,1.03,9.882269986084326,8.630415205993419,8.376878865703718
PhysiCell,PhysiCell_dx_20um_uptake,20.0,,mean over all voxels,single center voxel nearest the origin,mean over unique voxels nearest the configured cell positions,voxel size=20 um,1.04,9.881543376870685,8.626439889153731,8.3730770707104
PhysiCell,PhysiCell_dx_20um_uptake,20.0,,mean over all voxels,single center voxel nearest the origin,mean over unique voxels nearest the configured cell positions,voxel size=20 um,1.05,9.880824629901257,8.622522084950516,8.369329834586988
PhysiCell,PhysiCell_dx_20um_uptake,20.0,,mean over all voxels,single center voxel nearest the origin,mean over unique voxels nearest the configured cell positions,voxel size=20 um,1.06,9.880113681554137,8.618660655110027,8.365636107766818
PhysiCell,PhysiCell_dx_20um_uptake,20.0,,mean over all voxels,single center voxel nearest the origin,mean over unique voxels nearest the configured cell positions,voxel size=20 um,1.07,9.879410467813036,8.614854495077276,8.361994870695492
PhysiCell,PhysiCell_dx_20um_uptake,20.0,,mean over all voxels,single center voxel nearest the origin,mean over unique voxels nearest the configured cell positions,voxel size=20 um,1.08,9.878714924314973,8.611102532686747,8.35840513267288
PhysiCell,PhysiCell_dx_20um_uptake,20.0,,mean over all voxels,single center voxel nearest the origin,mean over unique voxels nearest the configured cell positions,voxel size=20 um,1.09,9.878026986395936,8.607403726894457,8.354865930747987
PhysiCell,PhysiCell_dx_20um_uptake,20.0,,mean over all voxels,single center voxel nearest the origin,mean over unique voxels nearest the configured cell positions,voxel size=20 um,1.1,9.877346589134522,8.603757066568262,8.35137632866408
PhysiCell,PhysiCell_dx_20um_uptake,20.0,,mean over all voxels,single center voxel nearest the origin,mean over unique voxels nearest the configured cell positions,voxel size=20 um,1.11,9.876673667393701,8.600161569333302,8.34793541585143
PhysiCell,PhysiCell_dx_20um_uptake,20.0,,mean over all voxels,single center voxel nearest the origin,mean over unique voxels nearest the configured cell positions,voxel size=20 um,1.12,9.876008155860665,8.596616280469878,8.344542306465275
PhysiCell,PhysiCell_dx_20um_uptake,20.0,,mean over all voxels,single center voxel nearest the origin,mean over unique voxels nearest the configured cell positions,voxel size=20 um,1.13,9.87534998908494,8.593120271861014,8.341196138466751
PhysiCell,PhysiCell_dx_20um_uptake,20.0,,mean over all voxels,single center voxel nearest the origin,mean over unique voxels nearest the configured cell positions,voxel size=20 um,1.14,9.874699101514718,8.589672640987212,8.337896072744549
PhysiCell,PhysiCell_dx_20um_uptake,20.0,,mean over all voxels,single center voxel nearest the origin,mean over unique voxels nearest the configured cell positions,voxel size=20 um,1.15,9.874055427531545,8.586272509966067,8.334641292275379
PhysiCell,PhysiCell_dx_20um_uptake,20.0,,mean over all voxels,single center voxel nearest the origin,mean over unique voxels nearest the configured cell positions,voxel size=20 um,1.16,9.873418901483378,8.582919024634464,8.331431001321224
PhysiCell,PhysiCell_dx_20um_uptake,20.0,,mean over all voxels,single center voxel nearest the origin,mean over unique voxels nearest the configured cell positions,voxel size=20 um,1.17,9.872789457716069,8.57961135367124,8.328264424661617
PhysiCell,PhysiCell_dx_20um_uptake,20.0,,mean over all voxels,single center voxel nearest the origin,mean over unique voxels nearest the configured cell positions,voxel size=20 um,1.18,9.872167030603379,8.576348687758358,8.325140806859208
PhysiCell,PhysiCell_dx_20um_uptake,20.0,,mean over all voxels,single center voxel nearest the origin,mean over unique voxels nearest the configured cell positions,voxel size=20 um,1.19,9.871551554575507,8.573130238778669,8.32205941155703
PhysiCell,PhysiCell_dx_20um_uptake,20.0,,mean over all voxels,single center voxel nearest the origin,mean over unique voxels nearest the configured cell positions,voxel size=20 um,1.2,9.870942964146252,8.569955239048474,8.31901952080587
PhysiCell,PhysiCell_dx_20um_uptake,20.0,,mean over all voxels,single center voxel nearest the origin,mean over unique voxels nearest the configured cell positions,voxel size=20 um,1.21,9.870341193938794,8.566822940583242,8.31602043442036
PhysiCell,PhysiCell_dx_20um_uptake,20.0,,mean over all voxels,single center voxel nearest the origin,mean over unique voxels nearest the configured cell positions,voxel size=20 um,1.22,9.869746178710217,8.563732614394828,8.31306146936235
PhysiCell,PhysiCell_dx_20um_uptake,20.0,,mean over all voxels,single center voxel nearest the origin,mean over unique voxels nearest the configured cell positions,voxel size=20 um,1.23,9.869157853374755,8.560683549818737,8.310141959150341
PhysiCell,PhysiCell_dx_20um_uptake,20.0,,mean over all voxels,single center voxel nearest the origin,mean over unique voxels nearest the configured cell positions,voxel size=20 um,1.24,9.868576153025845,8.557675053869954,8.307261253293646
PhysiCell,PhysiCell_dx_20um_uptake,20.0,,mean over all voxels,single center voxel nearest the origin,mean over unique voxels nearest the configured cell positions,voxel size=20 um,1.25,9.868001012957041,8.554706450626007,8.304418716750206
PhysiCell,PhysiCell_dx_20um_uptake,20.0,,mean over all voxels,single center voxel nearest the origin,mean over unique voxels nearest the configured cell positions,voxel size=20 um,1.26,9.867432368681794,8.551777080636006,8.301613729406881
PhysiCell,PhysiCell_dx_20um_uptake,20.0,,mean over all voxels,single center voxel nearest the origin,mean over unique voxels nearest the configured cell positions,voxel size=20 um,1.27,9.86687015595218,8.548886300354372,8.298845685581224
PhysiCell,PhysiCell_dx_20um_uptake,20.0,,mean over all voxels,single center voxel nearest the origin,mean over unique voxels nearest the configured cell positions,voxel size=20 um,1.28,9.866314310776588,8.54603348159817,8.296113993543695
PhysiCell,PhysiCell_dx_20um_uptake,20.0,,mean over all voxels,single center voxel nearest the origin,mean over unique voxels nearest the configured cell positions,voxel size=20 um,1.29,9.865764769436447,8.543218011026907,8.2934180750594
PhysiCell,PhysiCell_dx_20um_uptake,20.0,,mean over all voxels,single center voxel nearest the origin,mean over unique voxels nearest the configured cell positions,voxel size=20 um,1.3,9.865221468501975,8.540439289643773,8.290757364948439
PhysiCell,PhysiCell_dx_20um_uptake,20.0,,mean over all voxels,single center voxel nearest the origin,mean over unique voxels nearest the configured cell positions,voxel size=20 um,1.31,9.864684344847042,8.537696732317356,8.288131310664044
PhysiCell,PhysiCell_dx_20um_uptake,20.0,,mean over all voxels,single center voxel nearest the origin,mean over unique voxels nearest the configured cell positions,voxel size=20 um,1.32,9.864153335663154,8.534989767322838,8.285539371887637
PhysiCell,PhysiCell_dx_20um_uptake,20.0,,mean over all voxels,single center voxel nearest the origin,mean over unique voxels nearest the configured cell positions,voxel size=20 um,1.33,9.863628378472596,8.53231783590186,8.282981020140127
PhysiCell,PhysiCell_dx_20um_uptake,20.0,,mean over all voxels,single center voxel nearest the origin,mean over unique voxels nearest the configured cell positions,voxel size=20 um,1.34,9.863109411140782,8.529680391840136,8.280455738408621
PhysiCell,PhysiCell_dx_20um_uptake,20.0,,mean over all voxels,single center voxel nearest the origin,mean over unique voxels nearest the configured cell positions,voxel size=20 um,1.35,9.862596371887813,8.527076901062083,8.277963020787936
PhysiCell,PhysiCell_dx_20um_uptake,20.0,,mean over all voxels,single center voxel nearest the origin,mean over unique voxels nearest the configured cell positions,voxel size=20 um,1.36,9.86208919929933,8.524506841241633,8.275502372136197
PhysiCell,PhysiCell_dx_20um_uptake,20.0,,mean over all voxels,single center voxel nearest the origin,mean over unique voxels nearest the configured cell positions,voxel size=20 um,1.37,9.861587832336637,8.52196970142857,8.273073307743928
PhysiCell,PhysiCell_dx_20um_uptake,20.0,,mean over all voxels,single center voxel nearest the origin,mean over unique voxels nearest the configured cell positions,voxel size=20 um,1.38,9.861092210346142,8.519464981689657,8.270675353016019
PhysiCell,PhysiCell_dx_20um_uptake,20.0,,mean over all voxels,single center voxel nearest the origin,mean over unique voxels nearest the configured cell positions,voxel size=20 um,1.39,9.860602273068166,8.516992192763889,8.268308043166012
PhysiCell,PhysiCell_dx_20um_uptake,20.0,,mean over all voxels,single center voxel nearest the origin,mean over unique voxels nearest the configured cell positions,voxel size=20 um,1.4,9.860117960645116,8.514550855731303,8.265970922922145
PhysiCell,PhysiCell_dx_20um_uptake,20.0,,mean over all voxels,single center voxel nearest the origin,mean over unique voxels nearest the configured cell positions,voxel size=20 um,1.41,9.859639213629086,8.512140501694697,8.263663546244702
PhysiCell,PhysiCell_dx_20um_uptake,20.0,,mean over all voxels,single center voxel nearest the origin,mean over unique voxels nearest the configured cell positions,voxel size=20 um,1.42,9.859165972988835,8.509760671473698,8.261385476054068
PhysiCell,PhysiCell_dx_20um_uptake,20.0,,mean over all voxels,single center voxel nearest the origin,mean over unique voxels nearest the configured cell positions,voxel size=20 um,1.43,9.858698180116304,8.50741091531067,8.25913628396914
PhysiCell,PhysiCell_dx_20um_uptake,20.0,,mean over all voxels,single center voxel nearest the origin,mean over unique voxels nearest the configured cell positions,voxel size=20 um,1.44,9.858235776832526,8.505090792587925,8.256915550055565
PhysiCell,PhysiCell_dx_20um_uptake,20.0,,mean over all voxels,single center voxel nearest the origin,mean over unique voxels nearest the configured cell positions,voxel size=20 um,1.45,9.857778705393086,8.50279987155574,8.254722862583444
PhysiCell,PhysiCell_dx_20um_uptake,20.0,,mean over all voxels,single center voxel nearest the origin,mean over unique voxels nearest the configured cell positions,voxel size=20 um,1.46,9.857326908493116,8.500537729070743,8.25255781779403
PhysiCell,PhysiCell_dx_20um_uptake,20.0,,mean over all voxels,single center voxel nearest the origin,mean over unique voxels nearest the configured cell positions,voxel size=20 um,1.47,9.856880329271783,8.498303950344193,8.25042001967509
PhysiCell,PhysiCell_dx_20um_uptake,20.0,,mean over all voxels,single center voxel nearest the origin,mean over unique voxels nearest the configured cell positions,voxel size=20 um,1.48,9.856438911316392,8.49609812869975,8.248309079744566
PhysiCell,PhysiCell_dx_20um_uptake,20.0,,mean over all voxels,single center voxel nearest the origin,mean over unique voxels nearest the configured cell positions,voxel size=20 um,1.49,9.856002598666054,8.493919865340324,8.246224616842118
PhysiCell,PhysiCell_dx_20um_uptake,20.0,,mean over all voxels,single center voxel nearest the origin,mean over unique voxels nearest the configured cell positions,voxel size=20 um,1.5,9.855571335814954,8.491768769123613,8.244166256928322
PhysiCell,PhysiCell_dx_20um_uptake,20.0,,mean over all voxels,single center voxel nearest the origin,mean over unique voxels nearest the configured cell positions,voxel size=20 um,1.51,9.855145067715252,8.489644456345976,8.242133632891074
PhysiCell,PhysiCell_dx_20um_uptake,20.0,,mean over all voxels,single center voxel nearest the origin,mean over unique voxels nearest the configured cell positions,voxel size=20 um,1.52,9.85472373977962,8.487546550534267,8.24012638435903
PhysiCell,PhysiCell_dx_20um_uptake,20.0,,mean over all voxels,single center voxel nearest the origin,mean over unique voxels nearest the configured cell positions,voxel size=20 um,1.53,9.854307297883423,8.48547468224533,8.238144157521694
PhysiCell,PhysiCell_dx_20um_uptake,20.0,,mean over all voxels,single center voxel nearest the origin,mean over unique voxels nearest the configured cell positions,voxel size=20 um,1.54,9.853895688366599,8.48342848887278,8.236186604955904
PhysiCell,PhysiCell_dx_20um_uptake,20.0,,mean over all voxels,single center voxel nearest the origin,mean over unique voxels nearest the configured cell positions,voxel size=20 um,1.55,9.853488858035195,8.481407614460846,8.234253385458505
PhysiCell,PhysiCell_dx_20um_uptake,20.0,,mean over all voxels,single center voxel nearest the origin,mean over unique voxels nearest the configured cell positions,voxel size=20 um,1.56,9.853086754162637,8.479411709524896,8.232344163884838
PhysiCell,PhysiCell_dx_20um_uptake,20.0,,mean over all voxels,single center voxel nearest the origin,mean over unique voxels nearest the configured cell positions,voxel size=20 um,1.57,9.852689324490692,8.477440430878428,8.23045861099293
PhysiCell,PhysiCell_dx_20um_uptake,20.0,,mean over all voxels,single center voxel nearest the origin,mean over unique voxels nearest the configured cell positions,voxel size=20 um,1.58,9.852296517230172,8.475493441466236,8.228596403293094
PhysiCell,PhysiCell_dx_20um_uptake,20.0,,mean over all voxels,single center voxel nearest the origin,mean over unique voxels nearest the configured cell positions,voxel size=20 um,1.59,9.85190828106139,8.473570410203502,8.226757222902693
PhysiCell,PhysiCell_dx_20um_uptake,20.0,,mean over all voxels,single center voxel nearest the origin,mean over unique voxels nearest the configured cell positions,voxel size=20 um,1.6,9.851524565134348,8.471671011820566,8.22494075740591
PhysiCell,PhysiCell_dx_20um_uptake,20.0,,mean over all voxels,single center voxel nearest the origin,mean over unique voxels nearest the configured cell positions,voxel size=20 um,1.61,9.851145319068731,8.469794926713158,8.223146699718317
PhysiCell,PhysiCell_dx_20um_uptake,20.0,,mean over all voxels,single center voxel nearest the origin,mean over unique voxels nearest the configured cell positions,voxel size=20 um,1.62,9.850770492953641,8.467941840797835,8.221374747955995
PhysiCell,PhysiCell_dx_20um_uptake,20.0,,mean over all voxels,single center voxel nearest the origin,mean over unique voxels nearest the configured cell positions,voxel size=20 um,1.63,9.850400037347152,8.466111445372464,8.219624605309097
PhysiCell,PhysiCell_dx_20um_uptake,20.0,,mean over all voxels,single center voxel nearest the origin,mean over unique voxels nearest the configured cell positions,voxel size=20 um,1.64,9.850033903275655,8.464303436981501,8.217895979919614
PhysiCell,PhysiCell_dx_20um_uptake,20.0,,mean over all voxels,single center voxel nearest the origin,mean over unique voxels nearest the configured cell positions,voxel size=20 um,1.65,9.849672042233022,8.462517517285884,8.21618858476324
PhysiCell,PhysiCell_dx_20um_uptake,20.0,,mean over all voxels,single center voxel nearest the origin,mean over unique voxels nearest the configured cell positions,voxel size=20 um,1.66,9.849314406179577,8.460753392937377,8.214502137535085
PhysiCell,PhysiCell_dx_20um_uptake,20.0,,mean over all voxels,single center voxel nearest the origin,mean over unique voxels nearest the configured cell positions,voxel size=20 um,1.67,9.84896094754093,8.459010775457156,8.21283636053919
PhysiCell,PhysiCell_dx_20um_uptake,20.0,,mean over all voxels,single center voxel nearest the origin,mean over unique voxels nearest the configured cell positions,voxel size=20 um,1.68,9.84861161920661,8.457289381118501,8.211190980581613
PhysiCell,PhysiCell_dx_20um_uptake,20.0,,mean over all voxels,single center voxel nearest the origin,mean over unique voxels nearest the configured cell positions,voxel size=20 um,1.69,9.848266374528587,8.455588930833386,8.209565728866972
PhysiCell,PhysiCell_dx_20um_uptake,20.0,,mean over all voxels,single center voxel nearest the origin,mean over unique voxels nearest the configured cell positions,voxel size=20 um,1.7,9.847925167319637,8.453909150042866,8.207960340898332
PhysiCell,PhysiCell_dx_20um_uptake,20.0,,mean over all voxels,single center voxel nearest the origin,mean over unique voxels nearest the configured cell positions,voxel size=20 um,1.71,9.847587951851555,8.452249768611052,8.206374556380263
PhysiCell,PhysiCell_dx_20um_uptake,20.0,,mean over all voxels,single center voxel nearest the origin,mean over unique voxels nearest the configured cell positions,voxel size=20 um,1.72,9.847254682853274,8.450610520722602,8.204808119124992
PhysiCell,PhysiCell_dx_20um_uptake,20.0,,mean over all voxels,single center voxel nearest the origin,mean over unique voxels nearest the configured cell positions,voxel size=20 um,1.73,9.846925315508841,8.448991144783516,8.203260776961493
PhysiCell,PhysiCell_dx_20um_uptake,20.0,,mean over all voxels,single center voxel nearest the origin,mean over unique voxels nearest the configured cell positions,voxel size=20 um,1.74,9.846599805455295,8.447391383325183,8.20173228164742
PhysiCell,PhysiCell_dx_20um_uptake,20.0,,mean over all voxels,single center voxel nearest the origin,mean over unique voxels nearest the configured cell positions,voxel size=20 um,1.75,9.84627810878043,8.44581098291147,8.200222388783775
PhysiCell,PhysiCell_dx_20um_uptake,20.0,,mean over all voxels,single center voxel nearest the origin,mean over unique voxels nearest the configured cell positions,voxel size=20 um,1.76,9.845960182020464,8.444249694048805,8.198730857732206
PhysiCell,PhysiCell_dx_20um_uptake,20.0,,mean over all voxels,single center voxel nearest the origin,mean over unique voxels nearest the configured cell positions,voxel size=20 um,1.77,9.845645982157617,8.442707271099113,8.197257451534812
PhysiCell,PhysiCell_dx_20um_uptake,20.0,,mean over all voxels,single center voxel nearest the origin,mean over unique voxels nearest the configured cell positions,voxel size=20 um,1.78,9.845335466617586,8.441183472195474,8.195801936836409
PhysiCell,PhysiCell_dx_20um_uptake,20.0,,mean over all voxels,single center voxel nearest the origin,mean over unique voxels nearest the configured cell positions,voxel size=20 um,1.79,9.845028593266978,8.439678059160435,8.194364083809115
PhysiCell,PhysiCell_dx_20um_uptake,20.0,,mean over all voxels,single center voxel nearest the origin,mean over unique voxels nearest the configured cell positions,voxel size=20 um,1.8,9.84472532041062,8.438190797426861,8.192943666079197
PhysiCell,PhysiCell_dx_20um_uptake,20.0,,mean over all voxels,single center voxel nearest the origin,mean over unique voxels nearest the configured cell positions,voxel size=20 um,1.81,9.844425606788812,8.436721455961194,8.191540460656078
PhysiCell,PhysiCell_dx_20um_uptake,20.0,,mean over all voxels,single center voxel nearest the origin,mean over unique voxels nearest the configured cell positions,voxel size=20 um,1.82,9.844129411574558,8.435269807189107,8.190154247863445
PhysiCell,PhysiCell_dx_20um_uptake,20.0,,mean over all voxels,single center voxel nearest the origin,mean over unique voxels nearest the configured cell positions,voxel size=20 um,1.83,9.843836694370665,8.433835626923372,8.18878481127236
PhysiCell,PhysiCell_dx_20um_uptake,20.0,,mean over all voxels,single center voxel nearest the origin,mean over unique voxels nearest the configured cell positions,voxel size=20 um,1.84,9.843547415206825,8.432418694293924,8.187431937636292
PhysiCell,PhysiCell_dx_20um_uptake,20.0,,mean over all voxels,single center voxel nearest the origin,mean over unique voxels nearest the configured cell positions,voxel size=20 um,1.85,9.843261534536653,8.43101879168001,8.186095416828072
PhysiCell,PhysiCell_dx_20um_uptake,20.0,,mean over all voxels,single center voxel nearest the origin,mean over unique voxels nearest the configured cell positions,voxel size=20 um,1.86,9.842979013234656,8.429635704644356,8.184775041778556
PhysiCell,PhysiCell_dx_20um_uptake,20.0,,mean over all voxels,single center voxel nearest the origin,mean over unique voxels nearest the configured cell positions,voxel size=20 um,1.87,9.842699812593159,8.428269221869257,8.18347060841709
PhysiCell,PhysiCell_dx_20um_uptake,20.0,,mean over all voxels,single center voxel nearest the origin,mean over unique voxels nearest the configured cell positions,voxel size=20 um,1.88,9.842423894319198,8.426919135094558,8.182181915613631
PhysiCell,PhysiCell_dx_20um_uptake,20.0,,mean over all voxels,single center voxel nearest the origin,mean over unique voxels nearest the configured cell positions,voxel size=20 um,1.89,9.842151220531388,8.425585239057407,8.18090876512246
PhysiCell,PhysiCell_dx_20um_uptake,20.0,,mean over all voxels,single center voxel nearest the origin,mean over unique voxels nearest the configured cell positions,voxel size=20 um,1.9,9.841881753756718,8.424267331433759,8.179650961527454
PhysiCell,PhysiCell_dx_20um_uptake,20.0,,mean over all voxels,single center voxel nearest the origin,mean over unique voxels nearest the configured cell positions,voxel size=20 um,1.91,9.841615456927359,8.42296521278152,8.178408312188862
PhysiCell,PhysiCell_dx_20um_uptake,20.0,,mean over all voxels,single center voxel nearest the origin,mean over unique voxels nearest the configured cell positions,voxel size=20 um,1.92,9.841352293377424,8.42167868648535,8.177180627191515
PhysiCell,PhysiCell_dx_20um_uptake,20.0,,mean over all voxels,single center voxel nearest the origin,mean over unique voxels nearest the configured cell positions,voxel size=20 um,1.93,9.841092226839693,8.420407558702944,8.175967719294432
PhysiCell,PhysiCell_dx_20um_uptake,20.0,,mean over all voxels,single center voxel nearest the origin,mean over unique voxels nearest the configured cell positions,voxel size=20 um,1.94,9.84083522144235,8.41915163831287,8.174769403881777
PhysiCell,PhysiCell_dx_20um_uptake,20.0,,mean over all voxels,single center voxel nearest the origin,mean over unique voxels nearest the configured cell positions,voxel size=20 um,1.95,9.84058124170566,8.417910736863803,8.173585498915097
PhysiCell,PhysiCell_dx_20um_uptake,20.0,,mean over all voxels,single center voxel nearest the origin,mean over unique voxels nearest the configured cell positions,voxel size=20 um,1.96,9.840330252538656,8.416684668525168,8.172415824886812
PhysiCell,PhysiCell_dx_20um_uptake,20.0,,mean over all voxels,single center voxel nearest the origin,mean over unique voxels nearest the configured cell positions,voxel size=20 um,1.97,9.840082219235814,8.415473250039103,8.171260204774937
PhysiCell,PhysiCell_dx_20um_uptake,20.0,,mean over all voxels,single center voxel nearest the origin,mean over unique voxels nearest the configured cell positions,voxel size=20 um,1.98,9.839837107473697,8.414276300673748,8.170118463998943
PhysiCell,PhysiCell_dx_20um_uptake,20.0,,mean over all voxels,single center voxel nearest the origin,mean over unique voxels nearest the configured cell positions,voxel size=20 um,1.99,9.839594883307598,8.413093642177726,8.168990430376747
PhysiCell,PhysiCell_dx_20um_uptake,20.0,,mean over all voxels,single center voxel nearest the origin,mean over unique voxels nearest the configured cell positions,voxel size=20 um,2.0,9.839355513168194,8.411925098735862,8.167875934082819
PhysiCell,PhysiCell_dx_20um_uptake,20.0,,mean over all voxels,single center voxel nearest the origin,mean over unique voxels nearest the configured cell positions,voxel size=20 um,2.01,9.839118963858159,8.410770496926055,8.166774807607291
PhysiCell,PhysiCell_dx_20um_uptake,20.0,,mean over all voxels,single center voxel nearest the origin,mean over unique voxels nearest the configured cell positions,voxel size=20 um,2.02,9.838885202548806,8.409629665677262,8.165686885716134
PhysiCell,PhysiCell_dx_20um_uptake,20.0,,mean over all voxels,single center voxel nearest the origin,mean over unique voxels nearest the configured cell positions,voxel size=20 um,2.03,9.838654196776709,8.408502436228554,8.164612005412273
PhysiCell,PhysiCell_dx_20um_uptake,20.0,,mean over all voxels,single center voxel nearest the origin,mean over unique voxels nearest the configured cell positions,voxel size=20 um,2.04,9.838425914440329,8.407388642089238,8.163550005897681
PhysiCell,PhysiCell_dx_20um_uptake,20.0,,mean over all voxels,single center voxel nearest the origin,mean over unique voxels nearest the configured cell positions,voxel size=20 um,2.05,9.83820032379664,8.406288118999958,8.162500728536369
PhysiCell,PhysiCell_dx_20um_uptake,20.0,,mean over all voxels,single center voxel nearest the origin,mean over unique voxels nearest the configured cell positions,voxel size=20 um,2.06,9.83797739345777,8.405200704894794,8.161464016818284
PhysiCell,PhysiCell_dx_20um_uptake,20.0,,mean over all voxels,single center voxel nearest the origin,mean over unique voxels nearest the configured cell positions,voxel size=20 um,2.07,9.837757092387625,8.404126239864269,8.16043971632405
PhysiCell,PhysiCell_dx_20um_uptake,20.0,,mean over all voxels,single center voxel nearest the origin,mean over unique voxels nearest the configured cell positions,voxel size=20 um,2.08,9.837539389898538,8.403064566119303,8.15942767469054
PhysiCell,PhysiCell_dx_20um_uptake,20.0,,mean over all voxels,single center voxel nearest the origin,mean over unique voxels nearest the configured cell positions,voxel size=20 um,2.09,9.837324255647916,8.402015527956001,8.158427741577261
PhysiCell,PhysiCell_dx_20um_uptake,20.0,,mean over all voxels,single center voxel nearest the origin,mean over unique voxels nearest the configured cell positions,voxel size=20 um,2.1,9.837111659634894,8.400978971721331,8.1574397686335
PhysiCell,PhysiCell_dx_20um_uptake,20.0,,mean over all voxels,single center voxel nearest the origin,mean over unique voxels nearest the configured cell positions,voxel size=20 um,2.11,9.836901572197013,8.39995474577958,8.15646360946625
PhysiCell,PhysiCell_dx_20um_uptake,20.0,,mean over all voxels,single center voxel nearest the origin,mean over unique voxels nearest the configured cell positions,voxel size=20 um,2.12,9.836693964006876,8.398942700479637,8.15549911960883
PhysiCell,PhysiCell_dx_20um_uptake,20.0,,mean over all voxels,single center voxel nearest the origin,mean over unique voxels nearest the configured cell positions,voxel size=20 um,2.13,9.83648880606886,8.397942688123026,8.15454615649025
PhysiCell,PhysiCell_dx_20um_uptake,20.0,,mean over all voxels,single center voxel nearest the origin,mean over unique voxels nearest the configured cell positions,voxel size=20 um,2.14,9.836286069715804,8.396954562932676,8.15360457940521
PhysiCell,PhysiCell_dx_20um_uptake,20.0,,mean over all voxels,single center voxel nearest the origin,mean over unique voxels nearest the configured cell positions,voxel size=20 um,2.15,9.836085726605729,8.395978181022418,8.152674249484823
PhysiCell,PhysiCell_dx_20um_uptake,20.0,,mean over all voxels,single center voxel nearest the origin,mean over unique voxels nearest the configured cell positions,voxel size=20 um,2.16,9.835887748718566,8.395013400367175,8.151755029667916
PhysiCell,PhysiCell_dx_20um_uptake,20.0,,mean over all voxels,single center voxel nearest the origin,mean over unique voxels nearest the configured cell positions,voxel size=20 um,2.17,9.835692108352898,8.394060080773825,8.150846784673007
PhysiCell,PhysiCell_dx_20um_uptake,20.0,,mean over all voxels,single center voxel nearest the origin,mean over unique voxels nearest the configured cell positions,voxel size=20 um,2.18,9.835498778122735,8.393118083852702,8.149949380970849
PhysiCell,PhysiCell_dx_20um_uptake,20.0,,mean over all voxels,single center voxel nearest the origin,mean over unique voxels nearest the configured cell positions,voxel size=20 um,2.19,9.835307730954266,8.39218727298975,8.149062686757583
PhysiCell,PhysiCell_dx_20um_uptake,20.0,,mean over all voxels,single center voxel nearest the origin,mean over unique voxels nearest the configured cell positions,voxel size=20 um,2.2,9.835118940082682,8.391267513319256,8.148186571928438
PhysiCell,PhysiCell_dx_20um_uptake,20.0,,mean over all voxels,single center voxel nearest the origin,mean over unique voxels nearest the configured cell positions,voxel size=20 um,2.21,9.834932379048968,8.390358671697213,8.147320908051995
PhysiCell,PhysiCell_dx_20um_uptake,20.0,,mean over all voxels,single center voxel nearest the origin,mean over unique voxels nearest the configured cell positions,voxel size=20 um,2.22,9.83474802169675,8.389460616675219,8.146465568344981
PhysiCell,PhysiCell_dx_20um_uptake,20.0,,mean over all voxels,single center voxel nearest the origin,mean over unique voxels nearest the configured cell positions,voxel size=20 um,2.23,9.834565842169132,8.388573218474956,8.145620427647582
PhysiCell,PhysiCell_dx_20um_uptake,20.0,,mean over all voxels,single center voxel nearest the origin,mean over unique voxels nearest the configured cell positions,voxel size=20 um,2.24,9.834385814905582,8.387696348963196,8.144785362399261
PhysiCell,PhysiCell_dx_20um_uptake,20.0,,mean over all voxels,single center voxel nearest the origin,mean over unique voxels nearest the configured cell positions,voxel size=20 um,2.25,9.834207914638805,8.386829881627333,8.143960250615061
PhysiCell,PhysiCell_dx_20um_uptake,20.0,,mean over all voxels,single center voxel nearest the origin,mean over unique voxels nearest the configured cell positions,voxel size=20 um,2.26,9.834032116391674,8.38597369155142,8.143144971862375
PhysiCell,PhysiCell_dx_20um_uptake,20.0,,mean over all voxels,single center voxel nearest the origin,mean over unique voxels nearest the configured cell positions,voxel size=20 um,2.27,9.833858395474138,8.385127655392695,8.142339407238195
PhysiCell,PhysiCell_dx_20um_uptake,20.0,,mean over all voxels,single center voxel nearest the origin,mean over unique voxels nearest the configured cell positions,voxel size=20 um,2.28,9.833686727480206,8.384291651358588,8.141543439346805
PhysiCell,PhysiCell_dx_20um_uptake,20.0,,mean over all voxels,single center voxel nearest the origin,mean over unique voxels nearest the configured cell positions,voxel size=20 um,2.29,9.833517088284896,8.383465559184188,8.140756952277892
PhysiCell,PhysiCell_dx_20um_uptake,20.0,,mean over all voxels,single center voxel nearest the origin,mean over unique voxels nearest the configured cell positions,voxel size=20 um,2.3,9.833349454041253,8.38264926011016,8.1399798315851
PhysiCell,PhysiCell_dx_20um_uptake,20.0,,mean over all voxels,single center voxel nearest the origin,mean over unique voxels nearest the configured cell positions,voxel size=20 um,2.31,9.833183801177347,8.381842636861093,8.13921196426498
PhysiCell,PhysiCell_dx_20um_uptake,20.0,,mean over all voxels,single center voxel nearest the origin,mean over unique voxels nearest the configured cell positions,voxel size=20 um,2.32,9.833020106393336,8.381045573624284,8.138453238736359
PhysiCell,PhysiCell_dx_20um_uptake,20.0,,mean over all voxels,single center voxel nearest the origin,mean over unique voxels nearest the configured cell positions,voxel size=20 um,2.33,9.832858346658526,8.380257956028917,8.137703544820075
PhysiCell,PhysiCell_dx_20um_uptake,20.0,,mean over all voxels,single center voxel nearest the origin,mean over unique voxels nearest the configured cell positions,voxel size=20 um,2.34,9.832698499208448,8.379479671125653,8.13696277371911
PhysiCell,PhysiCell_dx_20um_uptake,20.0,,mean over all voxels,single center voxel nearest the origin,mean over unique voxels nearest the configured cell positions,voxel size=20 um,2.35,9.83254054154199,8.37871060736661,8.136230817999085
PhysiCell,PhysiCell_dx_20um_uptake,20.0,,mean over all voxels,single center voxel nearest the origin,mean over unique voxels nearest the configured cell positions,voxel size=20 um,2.36,9.83238445141851,8.377950654585705,8.135507571569107
PhysiCell,PhysiCell_dx_20um_uptake,20.0,,mean over all voxels,single center voxel nearest the origin,mean over unique voxels nearest the configured cell positions,voxel size=20 um,2.37,9.83223020685502,8.37719970397938,8.13479292966297
PhysiCell,PhysiCell_dx_20um_uptake,20.0,,mean over all voxels,single center voxel nearest the origin,mean over unique voxels nearest the configured cell positions,voxel size=20 um,2.38,9.832077786123346,8.376457648087689,8.134086788820712
PhysiCell,PhysiCell_dx_20um_uptake,20.0,,mean over all voxels,single center voxel nearest the origin,mean over unique voxels nearest the configured cell positions,voxel size=20 um,2.39,9.831927167747343,8.3757243807757,8.133389046870462
PhysiCell,PhysiCell_dx_20um_uptake,20.0,,mean over all voxels,single center voxel nearest the origin,mean over unique voxels nearest the configured cell positions,voxel size=20 um,2.4,9.831778330500134,8.374999797215281,8.132699602910666
PhysiCell,PhysiCell_dx_20um_uptake,20.0,,mean over all voxels,single center voxel nearest the origin,mean over unique voxels nearest the configured cell positions,voxel size=20 um,2.41,9.831631253401353,8.374283793867173,8.132018357292578
PhysiCell,PhysiCell_dx_20um_uptake,20.0,,mean over all voxels,single center voxel nearest the origin,mean over unique voxels nearest the configured cell positions,voxel size=20 um,2.42,9.831485915714426,8.37357626846342,8.131345211603081
PhysiCell,PhysiCell_dx_20um_uptake,20.0,,mean over all voxels,single center voxel nearest the origin,mean over unique voxels nearest the configured cell positions,voxel size=20 um,2.43,9.831342296943884,8.372877119990077,8.130680068647807
PhysiCell,PhysiCell_dx_20um_uptake,20.0,,mean over all voxels,single center voxel nearest the origin,mean over unique voxels nearest the configured cell positions,voxel size=20 um,2.44,9.831200376832673,8.372186248670248,8.130022832434538
PhysiCell,PhysiCell_dx_20um_uptake,20.0,,mean over all voxels,single center voxel nearest the origin,mean over unique voxels nearest the configured cell positions,voxel size=20 um,2.45,9.831060135359529,8.371503555947394,8.129373408156914
PhysiCell,PhysiCell_dx_20um_uptake,20.0,,mean over all voxels,single center voxel nearest the origin,mean over unique voxels nearest the configured cell positions,voxel size=20 um,2.46,9.830921552736323,8.370828944468967,8.128731702178374
PhysiCell,PhysiCell_dx_20um_uptake,20.0,,mean over all voxels,single center voxel nearest the origin,mean over unique voxels nearest the configured cell positions,voxel size=20 um,2.47,9.83078460940549,8.370162318070298,8.12809762201643
PhysiCell,PhysiCell_dx_20um_uptake,20.0,,mean over all voxels,single center voxel nearest the origin,mean over unique voxels nearest the configured cell positions,voxel size=20 um,2.48,9.830649286037435,8.369503581758744,8.12747107632714
PhysiCell,PhysiCell_dx_20um_uptake,20.0,,mean over all voxels,single center voxel nearest the origin,mean over unique voxels nearest the configured cell positions,voxel size=20 um,2.49,9.830515563527994,8.36885264169815,8.126851974889888
PhysiCell,PhysiCell_dx_20um_uptake,20.0,,mean over all voxels,single center voxel nearest the origin,mean over unique voxels nearest the configured cell positions,voxel size=20 um,2.5,9.830383422995896,8.368209405193522,8.126240228592398
PhysiCell,PhysiCell_dx_20um_uptake,20.0,,mean over all voxels,single center voxel nearest the origin,mean over unique voxels nearest the configured cell positions,voxel size=20 um,2.51,9.830252845780263,8.367573780675995,8.12563574941598
PhysiCell,PhysiCell_dx_20um_uptake,20.0,,mean over all voxels,single center voxel nearest the origin,mean over unique voxels nearest the configured cell positions,voxel size=20 um,2.52,9.830123813438137,8.366945677688005,8.125038450421044
PhysiCell,PhysiCell_dx_20um_uptake,20.0,,mean over all voxels,single center voxel nearest the origin,mean over unique voxels nearest the configured cell positions,voxel size=20 um,2.53,9.829996307742022,8.366325006868754,8.124448245732822
PhysiCell,PhysiCell_dx_20um_uptake,20.0,,mean over all voxels,single center voxel nearest the origin,mean over unique voxels nearest the configured cell positions,voxel size=20 um,2.54,9.82987031067744,8.365711679939876,8.12386505052735
PhysiCell,PhysiCell_dx_20um_uptake,20.0,,mean over all voxels,single center voxel nearest the origin,mean over unique voxels nearest the configured cell positions,voxel size=20 um,2.55,9.82974580444055,8.365105609691343,8.123288781017624
PhysiCell,PhysiCell_dx_20um_uptake,20.0,,mean over all voxels,single center voxel nearest the origin,mean over unique voxels nearest the configured cell positions,voxel size=20 um,2.56,9.82962277143574,8.364506709967586,8.122719354440045
PhysiCell,PhysiCell_dx_20um_uptake,20.0,,mean over all voxels,single center voxel nearest the origin,mean over unique voxels nearest the configured cell positions,voxel size=20 um,2.57,9.829501194273282,8.363914895653874,8.122156689041013
PhysiCell,PhysiCell_dx_20um_uptake,20.0,,mean over all voxels,single center voxel nearest the origin,mean over unique voxels nearest the configured cell positions,voxel size=20 um,2.58,9.82938105576699,8.363330082662852,8.121600704063765
PhysiCell,PhysiCell_dx_20um_uptake,20.0,,mean over all voxels,single center voxel nearest the origin,mean over unique voxels nearest the configured cell positions,voxel size=20 um,2.59,9.829262338931912,8.362752187921346,8.121051319735413
PhysiCell,PhysiCell_dx_20um_uptake,20.0,,mean over all voxels,single center voxel nearest the origin,mean over unique voxels nearest the configured cell positions,voxel size=20 um,2.6,9.829145026982028,8.362181129357321,8.120508457254177
PhysiCell,PhysiCell_dx_20um_uptake,20.0,,mean over all voxels,single center voxel nearest the origin,mean over unique voxels nearest the configured cell positions,voxel size=20 um,2.61,9.829029103328006,8.361616825887083,8.11997203877683
PhysiCell,PhysiCell_dx_20um_uptake,20.0,,mean over all voxels,single center voxel nearest the origin,mean over unique voxels nearest the configured cell positions,voxel size=20 um,2.62,9.828914551574941,8.36105919740265,8.119441987406292
PhysiCell,PhysiCell_dx_20um_uptake,20.0,,mean over all voxels,single center voxel nearest the origin,mean over unique voxels nearest the configured cell positions,voxel size=20 um,2.63,9.828801355520149,8.36050816475934,8.118918227179487
PhysiCell,PhysiCell_dx_20um_uptake,20.0,,mean over all voxels,single center voxel nearest the origin,mean over unique voxels nearest the configured cell positions,voxel size=20 um,2.64,9.828689499150954,8.359963649763511,8.118400683055292
PhysiCell,PhysiCell_dx_20um_uptake,20.0,,mean over all voxels,single center voxel nearest the origin,mean over unique voxels nearest the configured cell positions,voxel size=20 um,2.65,9.828578966642528,8.359425575160524,8.117889280902757
PhysiCell,PhysiCell_dx_20um_uptake,20.0,,mean over all voxels,single center voxel nearest the origin,mean over unique voxels nearest the configured cell positions,voxel size=20 um,2.66,9.828469742355734,8.358893864622864,8.117383947489424
PhysiCell,PhysiCell_dx_20um_uptake,20.0,,mean over all voxels,single center voxel nearest the origin,mean over unique voxels nearest the configured cell positions,voxel size=20 um,2.67,9.828361810835005,8.358368442738444,8.116884610469885
PhysiCell,PhysiCell_dx_20um_uptake,20.0,,mean over all voxels,single center voxel nearest the origin,mean over unique voxels nearest the configured cell positions,voxel size=20 um,2.68,9.82825515680622,8.35784923499907,8.116391198374455
PhysiCell,PhysiCell_dx_20um_uptake,20.0,,mean over all voxels,single center voxel nearest the origin,mean over unique voxels nearest the configured cell positions,voxel size=20 um,2.69,9.828149765174642,8.357336167789102,8.11590364059804
PhysiCell,PhysiCell_dx_20um_uptake,20.0,,mean over all voxels,single center voxel nearest the origin,mean over unique voxels nearest the configured cell positions,voxel size=20 um,2.7,9.82804562102284,8.356829168374254,8.115421867389179
PhysiCell,PhysiCell_dx_20um_uptake,20.0,,mean over all voxels,single center voxel nearest the origin,mean over unique voxels nearest the configured cell positions,voxel size=20 um,2.71,9.827942709608644,8.356328164890568,8.114945809839208
PhysiCell,PhysiCell_dx_20um_uptake,20.0,,mean over all voxels,single center voxel nearest the origin,mean over unique voxels nearest the configured cell positions,voxel size=20 um,2.72,9.827841016363157,8.355833086333549,8.114475399871614
PhysiCell,PhysiCell_dx_20um_uptake,20.0,,mean over all voxels,single center voxel nearest the origin,mean over unique voxels nearest the configured cell positions,voxel size=20 um,2.73,9.827740526888721,8.355343862547445,8.114010570231526
PhysiCell,PhysiCell_dx_20um_uptake,20.0,,mean over all voxels,single center voxel nearest the origin,mean over unique voxels nearest the configured cell positions,voxel size=20 um,2.74,9.827641226956963,8.354860424214708,8.113551254475372
PhysiCell,PhysiCell_dx_20um_uptake,20.0,,mean over all voxels,single center voxel nearest the origin,mean over unique voxels nearest the configured cell positions,voxel size=20 um,2.75,9.827543102506834,8.35438270284556,8.113097386960655
PhysiCell,PhysiCell_dx_20um_uptake,20.0,,mean over all voxels,single center voxel nearest the origin,mean over unique voxels nearest the configured cell positions,voxel size=20 um,2.76,9.827446139642678,8.353910630767748,8.112648902835911
PhysiCell,PhysiCell_dx_20um_uptake,20.0,,mean over all voxels,single center voxel nearest the origin,mean over unique voxels nearest the configured cell positions,voxel size=20 um,2.77,9.827350324632322,8.353444141116418,8.112205738030779
PhysiCell,PhysiCell_dx_20um_uptake,20.0,,mean over all voxels,single center voxel nearest the origin,mean over unique voxels nearest the configured cell positions,voxel size=20 um,2.78,9.827255643905174,8.352983167824148,8.111767829246235
PhysiCell,PhysiCell_dx_20um_uptake,20.0,,mean over all voxels,single center voxel nearest the origin,mean over unique voxels nearest the configured cell positions,voxel size=20 um,2.79,9.827162084050368,8.352527645611096,8.11133511394493
PhysiCell,PhysiCell_dx_20um_uptake,20.0,,mean over all voxels,single center voxel nearest the origin,mean over unique voxels nearest the configured cell positions,voxel size=20 um,2.8,9.827069631814899,8.35207750997532,8.11090753034171
PhysiCell,PhysiCell_dx_20um_uptake,20.0,,mean over all voxels,single center voxel nearest the origin,mean over unique voxels nearest the configured cell positions,voxel size=20 um,2.81,9.826978274101803,8.351632697183197,8.110485017394215
PhysiCell,PhysiCell_dx_20um_uptake,20.0,,mean over all voxels,single center voxel nearest the origin,mean over unique voxels nearest the configured cell positions,voxel size=20 um,2.82,9.826887997968344,8.351193144259986,8.110067514793661
PhysiCell,PhysiCell_dx_20um_uptake,20.0,,mean over all voxels,single center voxel nearest the origin,mean over unique voxels nearest the configured cell positions,voxel size=20 um,2.83,9.826798790624215,8.350758788980531,8.109654962955704
PhysiCell,PhysiCell_dx_20um_uptake,20.0,,mean over all voxels,single center voxel nearest the origin,mean over unique voxels nearest the configured cell positions,voxel size=20 um,2.84,9.82671063942978,8.350329569860081,8.109247303011458
PhysiCell,PhysiCell_dx_20um_uptake,20.0,,mean over all voxels,single center voxel nearest the origin,mean over unique voxels nearest the configured cell positions,voxel size=20 um,2.85,9.826623531894322,8.34990542614522,8.108844476798625
PhysiCell,PhysiCell_dx_20um_uptake,20.0,,mean over all voxels,single center voxel nearest the origin,mean over unique voxels nearest the configured cell positions,voxel size=20 um,2.86,9.826537455674297,8.349486297804951,8.108446426852742
PhysiCell,PhysiCell_dx_20um_uptake,20.0,,mean over all voxels,single center voxel nearest the origin,mean over unique voxels nearest the configured cell positions,voxel size=20 um,2.87,9.826452398571645,8.34907212552188,8.10805309639856
PhysiCell,PhysiCell_dx_20um_uptake,20.0,,mean over all voxels,single center voxel nearest the origin,mean over unique voxels nearest the configured cell positions,voxel size=20 um,2.88,9.826368348532073,8.348662850683512,8.107664429341538
PhysiCell,PhysiCell_dx_20um_uptake,20.0,,mean over all voxels,single center voxel nearest the origin,mean over unique voxels nearest the configured cell positions,voxel size=20 um,2.89,9.826285293643393,8.348258415373689,8.107280370259431
PhysiCell,PhysiCell_dx_20um_uptake,20.0,,mean over all voxels,single center voxel nearest the origin,mean over unique voxels nearest the configured cell positions,voxel size=20 um,2.9,9.826203222133868,8.3478587623641,8.106900864394017
PhysiCell,PhysiCell_dx_20um_uptake,20.0,,mean over all voxels,single center voxel nearest the origin,mean over unique voxels nearest the configured cell positions,voxel size=20 um,2.91,9.826122122370572,8.347463835105954,8.106525857642929
PhysiCell,PhysiCell_dx_20um_uptake,20.0,,mean over all voxels,single center voxel nearest the origin,mean over unique voxels nearest the configured cell positions,voxel size=20 um,2.92,9.826041982857765,8.347073577721723,8.106155296551579
PhysiCell,PhysiCell_dx_20um_uptake,20.0,,mean over all voxels,single center voxel nearest the origin,mean over unique voxels nearest the configured cell positions,voxel size=20 um,2.93,9.825962792235297,8.34668793499702,8.105789128305215
PhysiCell,PhysiCell_dx_20um_uptake,20.0,,mean over all voxels,single center voxel nearest the origin,mean over unique voxels nearest the configured cell positions,voxel size=20 um,2.94,9.825884539277027,8.346306852372548,8.105427300721058
PhysiCell,PhysiCell_dx_20um_uptake,20.0,,mean over all voxels,single center voxel nearest the origin,mean over unique voxels nearest the configured cell positions,voxel size=20 um,2.95,9.82580721288926,8.34593027593621,8.105069762240573
PhysiCell,PhysiCell_dx_20um_uptake,20.0,,mean over all voxels,single center voxel nearest the origin,mean over unique voxels nearest the configured cell positions,voxel size=20 um,2.96,9.825730802109188,8.345558152415261,8.104716461921816
PhysiCell,PhysiCell_dx_20um_uptake,20.0,,mean over all voxels,single center voxel nearest the origin,mean over unique voxels nearest the configured cell positions,voxel size=20 um,2.97,9.82565529610338,8.345190429168612,8.104367349431882
PhysiCell,PhysiCell_dx_20um_uptake,20.0,,mean over all voxels,single center voxel nearest the origin,mean over unique voxels nearest the configured cell positions,voxel size=20 um,2.98,9.825580684166237,8.344827054179191,8.104022375039483
PhysiCell,PhysiCell_dx_20um_uptake,20.0,,mean over all voxels,single center voxel nearest the origin,mean over unique voxels nearest the configured cell positions,voxel size=20 um,2.99,9.825506955718543,8.344467976046447,8.103681489607585
PhysiCell,PhysiCell_dx_20um_uptake,20.0,,mean over all voxels,single center voxel nearest the origin,mean over unique voxels nearest the configured cell positions,voxel size=20 um,3.0,9.825434100305934,8.344113143978904,8.103344644586157
PhysiCell,PhysiCell_dx_20um_uptake,20.0,,mean over all voxels,single center voxel nearest the origin,mean over unique voxels nearest the configured cell positions,voxel size=20 um,3.01,9.825362107597481,8.343762507786852,8.10301179200503
PhysiCell,PhysiCell_dx_20um_uptake,20.0,,mean over all voxels,single center voxel nearest the origin,mean over unique voxels nearest the configured cell positions,voxel size=20 um,3.02,9.82529096738422,8.343416017875102,8.102682884466821
PhysiCell,PhysiCell_dx_20um_uptake,20.0,,mean over all voxels,single center voxel nearest the origin,mean over unique voxels nearest the configured cell positions,voxel size=20 um,3.03,9.82522066957773,8.34307362523585,8.10235787513996
PhysiCell,PhysiCell_dx_20um_uptake,20.0,,mean over all voxels,single center voxel nearest the origin,mean over unique voxels nearest the configured cell positions,voxel size=20 um,3.04,9.825151204208712,8.342735281441621,8.10203671775183
PhysiCell,PhysiCell_dx_20um_uptake,20.0,,mean over all voxels,single center voxel nearest the origin,mean over unique voxels nearest the configured cell positions,voxel size=20 um,3.05,9.825082561425615,8.342400938638315,8.101719366581937
PhysiCell,PhysiCell_dx_20um_uptake,20.0,,mean over all voxels,single center voxel nearest the origin,mean over unique voxels nearest the configured cell positions,voxel size=20 um,3.06,9.825014731493228,8.342070549538322,8.101405776455245
PhysiCell,PhysiCell_dx_20um_uptake,20.0,,mean over all voxels,single center voxel nearest the origin,mean over unique voxels nearest the configured cell positions,voxel size=20 um,3.07,9.824947704791336,8.341744067413758,8.10109590273553
PhysiCell,PhysiCell_dx_20um_uptake,20.0,,mean over all voxels,single center voxel nearest the origin,mean over unique voxels nearest the configured cell positions,voxel size=20 um,3.08,9.824881471813365,8.341421446089733,8.10078970131886
PhysiCell,PhysiCell_dx_20um_uptake,20.0,,mean over all voxels,single center voxel nearest the origin,mean over unique voxels nearest the configured cell positions,voxel size=20 um,3.09,9.824816023165038,8.341102639937764,8.100487128627135
PhysiCell,PhysiCell_dx_20um_uptake,20.0,,mean over all voxels,single center voxel nearest the origin,mean over unique voxels nearest the configured cell positions,voxel size=20 um,3.1,9.824751349563076,8.340787603869225,8.100188141601729
PhysiCell,PhysiCell_dx_20um_uptake,20.0,,mean over all voxels,single center voxel nearest the origin,mean over unique voxels nearest the configured cell positions,voxel size=20 um,3.11,9.82468744183388,8.340476293328898,8.099892697697195
PhysiCell,PhysiCell_dx_20um_uptake,20.0,,mean over all voxels,single center voxel nearest the origin,mean over unique voxels nearest the configured cell positions,voxel size=20 um,3.12,9.824624290912244,8.340168664288605,8.099600754875059
PhysiCell,PhysiCell_dx_20um_uptake,20.0,,mean over all voxels,single center voxel nearest the origin,mean over unique voxels nearest the configured cell positions,voxel size=20 um,3.13,9.824561887840087,8.33986467324092,8.099312271597697
PhysiCell,PhysiCell_dx_20um_uptake,20.0,,mean over all voxels,single center voxel nearest the origin,mean over unique voxels nearest the configured cell positions,voxel size=20 um,3.14,9.8245002237652,8.339564277192938,8.099027206822276
PhysiCell,PhysiCell_dx_20um_uptake,20.0,,mean over all voxels,single center voxel nearest the origin,mean over unique voxels nearest the configured cell positions,voxel size=20 um,3.15,9.824439289939985,8.339267433660163,8.098745519994786
PhysiCell,PhysiCell_dx_20um_uptake,20.0,,mean over all voxels,single center voxel nearest the origin,mean over unique voxels nearest the configured cell positions,voxel size=20 um,3.16,9.824379077720232,8.338974100660433,8.09846717104414
PhysiCell,PhysiCell_dx_20um_uptake,20.0,,mean over all voxels,single center voxel nearest the origin,mean over unique voxels nearest the configured cell positions,voxel size=20 um,3.17,9.824319578563914,8.33868423670794,8.098192120376348
PhysiCell,PhysiCell_dx_20um_uptake,20.0,,mean over all voxels,single center voxel nearest the origin,mean over unique voxels nearest the configured cell positions,voxel size=20 um,3.18,9.824260784029976,8.338397800807318,8.097920328868767
PhysiCell,PhysiCell_dx_20um_uptake,20.0,,mean over all voxels,single center voxel nearest the origin,mean over unique voxels nearest the configured cell positions,voxel size=20 um,3.19,9.824202685777143,8.338114752447796,8.09765175786442
PhysiCell,PhysiCell_dx_20um_uptake,20.0,,mean over all voxels,single center voxel nearest the origin,mean over unique voxels nearest the configured cell positions,voxel size=20 um,3.2,9.824145275562756,8.337835051597454,8.097386369166387
PhysiCell,PhysiCell_dx_20um_uptake,20.0,,mean over all voxels,single center voxel nearest the origin,mean over unique voxels nearest the configured cell positions,voxel size=20 um,3.21,9.824088545241603,8.3375586586975,8.097124125032272
PhysiCell,PhysiCell_dx_20um_uptake,20.0,,mean over all voxels,single center voxel nearest the origin,mean over unique voxels nearest the configured cell positions,voxel size=20 um,3.22,9.824032486764775,8.337285534656669,8.096864988168731
PhysiCell,PhysiCell_dx_20um_uptake,20.0,,mean over all voxels,single center voxel nearest the origin,mean over unique voxels nearest the configured cell positions,voxel size=20 um,3.23,9.823977092178543,8.337015640845646,8.096608921726066
PhysiCell,PhysiCell_dx_20um_uptake,20.0,,mean over all voxels,single center voxel nearest the origin,mean over unique voxels nearest the configured cell positions,voxel size=20 um,3.24,9.823922353623214,8.3367489390916,8.096355889292912
PhysiCell,PhysiCell_dx_20um_uptake,20.0,,mean over all voxels,single center voxel nearest the origin,mean over unique voxels nearest the configured cell positions,voxel size=20 um,3.25,9.823868263332043,8.33648539167273,8.096105854890938
PhysiCell,PhysiCell_dx_20um_uptake,20.0,,mean over all voxels,single center voxel nearest the origin,mean over unique voxels nearest the configured cell positions,voxel size=20 um,3.26,9.823814813630133,8.336224961312949,8.095858782969676
PhysiCell,PhysiCell_dx_20um_uptake,20.0,,mean over all voxels,single center voxel nearest the origin,mean over unique voxels nearest the configured cell positions,voxel size=20 um,3.27,9.823761996933353,8.335967611176564,8.095614638401367
PhysiCell,PhysiCell_dx_20um_uptake,20.0,,mean over all voxels,single center voxel nearest the origin,mean over unique voxels nearest the configured cell positions,voxel size=20 um,3.28,9.823709805747267,8.33571330486306,8.095373386475897
PhysiCell,PhysiCell_dx_20um_uptake,20.0,,mean over all voxels,single center voxel nearest the origin,mean over unique voxels nearest the configured cell positions,voxel size=20 um,3.29,9.823658232666077,8.335462006401942,8.095134992895774
PhysiCell,PhysiCell_dx_20um_uptake,20.0,,mean over all voxels,single center voxel nearest the origin,mean over unique voxels nearest the configured cell positions,voxel size=20 um,3.3,9.823607270371578,8.33521368024763,8.094899423771198
PhysiCell,PhysiCell_dx_20um_uptake,20.0,,mean over all voxels,single center voxel nearest the origin,mean over unique voxels nearest the configured cell positions,voxel size=20 um,3.31,9.823556911632132,8.334968291274425,8.094666645615153
PhysiCell,PhysiCell_dx_20um_uptake,20.0,,mean over all voxels,single center voxel nearest the origin,mean over unique voxels nearest the configured cell positions,voxel size=20 um,3.32,9.823507149301633,8.334725804771526,8.094436625338593
PhysiCell,PhysiCell_dx_20um_uptake,20.0,,mean over all voxels,single center voxel nearest the origin,mean over unique voxels nearest the configured cell positions,voxel size=20 um,3.33,9.823457976318522,8.334486186438127,8.094209330245675
PhysiCell,PhysiCell_dx_20um_uptake,20.0,,mean over all voxels,single center voxel nearest the origin,mean over unique voxels nearest the configured cell positions,voxel size=20 um,3.34,9.823409385704759,8.334249402378545,8.093984728029046
PhysiCell,PhysiCell_dx_20um_uptake,20.0,,mean over all voxels,single center voxel nearest the origin,mean over unique voxels nearest the configured cell positions,voxel size=20 um,3.35,9.82336137056487,8.334015419097428,8.093762786765188
PhysiCell,PhysiCell_dx_20um_uptake,20.0,,mean over all voxels,single center voxel nearest the origin,mean over unique voxels nearest the configured cell positions,voxel size=20 um,3.36,9.823313924084948,8.333784203495018,8.093543474909831
PhysiCell,PhysiCell_dx_20um_uptake,20.0,,mean over all voxels,single center voxel nearest the origin,mean over unique voxels nearest the configured cell positions,voxel size=20 um,3.37,9.823267039531702,8.333555722862464,8.093326761293412
PhysiCell,PhysiCell_dx_20um_uptake,20.0,,mean over all voxels,single center voxel nearest the origin,mean over unique voxels nearest the configured cell positions,voxel size=20 um,3.38,9.82322071025151,8.333329944877192,8.093112615116596
PhysiCell,PhysiCell_dx_20um_uptake,20.0,,mean over all voxels,single center voxel nearest the origin,mean over unique voxels nearest the configured cell positions,voxel size=20 um,3.39,9.82317492966947,8.333106837598345,8.092901005945839
PhysiCell,PhysiCell_dx_20um_uptake,20.0,,mean over all voxels,single center voxel nearest the origin,mean over unique voxels nearest the configured cell positions,voxel size=20 um,3.4,9.823129691288472,8.332886369462253,8.092691903709024
PhysiCell,PhysiCell_dx_20um_uptake,20.0,,mean over all voxels,single center voxel nearest the origin,mean over unique voxels nearest the configured cell positions,voxel size=20 um,3.41,9.823084988688285,8.33266850927798,8.092485278691152
PhysiCell,PhysiCell_dx_20um_uptake,20.0,,mean over all voxels,single center voxel nearest the origin,mean over unique voxels nearest the configured cell positions,voxel size=20 um,3.42,9.823040815524651,8.332453226222912,8.092281101530041
PhysiCell,PhysiCell_dx_20um_uptake,20.0,,mean over all voxels,single center voxel nearest the origin,mean over unique voxels nearest the configured cell positions,voxel size=20 um,3.43,9.822997165528381,8.332240489838403,8.092079343212156
PhysiCell,PhysiCell_dx_20um_uptake,20.0,,mean over all voxels,single center voxel nearest the origin,mean over unique voxels nearest the configured cell positions,voxel size=20 um,3.44,9.822954032504464,8.332030270025475,8.0918799750684
PhysiCell,PhysiCell_dx_20um_uptake,20.0,,mean over all voxels,single center voxel nearest the origin,mean over unique voxels nearest the configured cell positions,voxel size=20 um,3.45,9.822911410331214,8.331822537040557,8.091682968770037
PhysiCell,PhysiCell_dx_20um_uptake,20.0,,mean over all voxels,single center voxel nearest the origin,mean over unique voxels nearest the configured cell positions,voxel size=20 um,3.46,9.82286929295938,8.331617261491287,8.091488296324615
PhysiCell,PhysiCell_dx_20um_uptake,20.0,,mean over all voxels,single center voxel nearest the origin,mean over unique voxels nearest the configured cell positions,voxel size=20 um,3.47,9.822827674411302,8.331414414332373,8.091295930071944
PhysiCell,PhysiCell_dx_20um_uptake,20.0,,mean over all voxels,single center voxel nearest the origin,mean over unique voxels nearest the configured cell positions,voxel size=20 um,3.48,9.822786548780064,8.331213966861478,8.09110584268015
PhysiCell,PhysiCell_dx_20um_uptake,20.0,,mean over all voxels,single center voxel nearest the origin,mean over unique voxels nearest the configured cell positions,voxel size=20 um,3.49,9.82274591022866,8.331015890715165,8.090918007141747
PhysiCell,PhysiCell_dx_20um_uptake,20.0,,mean over all voxels,single center voxel nearest the origin,mean over unique voxels nearest the configured cell positions,voxel size=20 um,3.5,9.82270575298916,8.33082015786491,8.090732396769772
PhysiCell,PhysiCell_dx_20um_uptake,20.0,,mean over all voxels,single center voxel nearest the origin,mean over unique voxels nearest the configured cell positions,voxel size=20 um,3.51,9.822666071361908,8.33062674061313,8.090548985193955
PhysiCell,PhysiCell_dx_20um_uptake,20.0,,mean over all voxels,single center voxel nearest the origin,mean over unique voxels nearest the configured cell positions,voxel size=20 um,3.52,9.822626859714704,8.330435611589289,8.090367746356954
PhysiCell,PhysiCell_dx_20um_uptake,20.0,,mean over all voxels,single center voxel nearest the origin,mean over unique voxels nearest the configured cell positions,voxel size=20 um,3.53,9.822588112482011,8.330246743746017,8.09018865451062
PhysiCell,PhysiCell_dx_20um_uptake,20.0,,mean over all voxels,single center voxel nearest the origin,mean over unique voxels nearest the configured cell positions,voxel size=20 um,3.54,9.822549824164168,8.330060110355312,8.090011684212312
PhysiCell,PhysiCell_dx_20um_uptake,20.0,,mean over all voxels,single center voxel nearest the origin,mean over unique voxels nearest the configured cell positions,voxel size=20 um,3.55,9.822511989326607,8.329875685004753,8.08983681032126
PhysiCell,PhysiCell_dx_20um_uptake,20.0,,mean over all voxels,single center voxel nearest the origin,mean over unique voxels nearest the configured cell positions,voxel size=20 um,3.56,9.822474602599096,8.329693441593786,8.089664007994964
PhysiCell,PhysiCell_dx_20um_uptake,20.0,,mean over all voxels,single center voxel nearest the origin,mean over unique voxels nearest the configured cell positions,voxel size=20 um,3.57,9.822437658674957,8.329513354330041,8.089493252685642
PhysiCell,PhysiCell_dx_20um_uptake,20.0,,mean over all voxels,single center voxel nearest the origin,mean over unique voxels nearest the configured cell positions,voxel size=20 um,3.58,9.82240115231034,8.32933539772569,8.089324520136723
PhysiCell,PhysiCell_dx_20um_uptake,20.0,,mean over all voxels,single center voxel nearest the origin,mean over unique voxels nearest the configured cell positions,voxel size=20 um,3.59,9.822365078323465,8.329159546593843,8.089157786379376
PhysiCell,PhysiCell_dx_20um_uptake,20.0,,mean over all voxels,single center voxel nearest the origin,mean over unique voxels nearest the configured cell positions,voxel size=20 um,3.6,9.822329431593888,8.328985776045023,8.088993027729087
PhysiCell,PhysiCell_dx_20um_uptake,20.0,,mean over all voxels,single center voxel nearest the origin,mean over unique voxels nearest the configured cell positions,voxel size=20 um,3.61,9.822294207061784,8.328814061483628,8.088830220782276
PhysiCell,PhysiCell_dx_20um_uptake,20.0,,mean over all voxels,single center voxel nearest the origin,mean over unique voxels nearest the configured cell positions,voxel size=20 um,3.62,9.822259399727223,8.328644378604478,8.088669342412944
PhysiCell,PhysiCell_dx_20um_uptake,20.0,,mean over all voxels,single center voxel nearest the origin,mean over unique voxels nearest the configured cell positions,voxel size=20 um,3.63,9.82222500464947,8.32847670338938,8.088510369769386
PhysiCell,PhysiCell_dx_20um_uptake,20.0,,mean over all voxels,single center voxel nearest the origin,mean over unique voxels nearest the configured cell positions,voxel size=20 um,3.64,9.822191016946274,8.328311012103752,8.088353280270905
PhysiCell,PhysiCell_dx_20um_uptake,20.0,,mean over all voxels,single center voxel nearest the origin,mean over unique voxels nearest the configured cell positions,voxel size=20 um,3.65,9.822157431793187,8.328147281293262,8.088198051604609
PhysiCell,PhysiCell_dx_20um_uptake,20.0,,mean over all voxels,single center voxel nearest the origin,mean over unique voxels nearest the configured cell positions,voxel size=20 um,3.66,9.822124244422874,8.327985487780532,8.088044661722213
PhysiCell,PhysiCell_dx_20um_uptake,20.0,,mean over all voxels,single center voxel nearest the origin,mean over unique voxels nearest the configured cell positions,voxel size=20 um,3.67,9.822091450124441,8.327825608661872,8.087893088836898
PhysiCell,PhysiCell_dx_20um_uptake,20.0,,mean over all voxels,single center voxel nearest the origin,mean over unique voxels nearest the configured cell positions,voxel size=20 um,3.68,9.822059044242764,8.32766762130404,8.087743311420196
PhysiCell,PhysiCell_dx_20um_uptake,20.0,,mean over all voxels,single center voxel nearest the origin,mean over unique voxels nearest the configured cell positions,voxel size=20 um,3.69,9.822027022177837,8.327511503341064,8.087595308198916
PhysiCell,PhysiCell_dx_20um_uptake,20.0,,mean over all voxels,single center voxel nearest the origin,mean over unique voxels nearest the configured cell positions,voxel size=20 um,3.7,9.821995379384111,8.327357232671083,8.087449058152119
PhysiCell,PhysiCell_dx_20um_uptake,20.0,,mean over all voxels,single center voxel nearest the origin,mean over unique voxels nearest the configured cell positions,voxel size=20 um,3.71,9.821964111369851,8.327204787453226,8.087304540508114
PhysiCell,PhysiCell_dx_20um_uptake,20.0,,mean over all voxels,single center voxel nearest the origin,mean over unique voxels nearest the configured cell positions,voxel size=20 um,3.72,9.82193321369651,8.327054146104542,8.087161734741485
PhysiCell,PhysiCell_dx_20um_uptake,20.0,,mean over all voxels,single center voxel nearest the origin,mean over unique voxels nearest the configured cell positions,voxel size=20 um,3.73,9.82190268197809,8.326905287296956,8.087020620570184
PhysiCell,PhysiCell_dx_20um_uptake,20.0,,mean over all voxels,single center voxel nearest the origin,mean over unique voxels nearest the configured cell positions,voxel size=20 um,3.74,9.821872511880523,8.326758189954257,8.086881177952618
PhysiCell,PhysiCell_dx_20um_uptake,20.0,,mean over all voxels,single center voxel nearest the origin,mean over unique voxels nearest the configured cell positions,voxel size=20 um,3.75,9.82184269912105,8.326612833249131,8.086743387084807
PhysiCell,PhysiCell_dx_20um_uptake,20.0,,mean over all voxels,single center voxel nearest the origin,mean over unique voxels nearest the configured cell positions,voxel size=20 um,3.76,9.821813239467627,8.326469196600236,8.086607228397545
PhysiCell,PhysiCell_dx_20um_uptake,20.0,,mean over all voxels,single center voxel nearest the origin,mean over unique voxels nearest the configured cell positions,voxel size=20 um,3.77,9.821784128738319,8.326327259669275,8.086472682553632
PhysiCell,PhysiCell_dx_20um_uptake,20.0,,mean over all voxels,single center voxel nearest the origin,mean over unique voxels nearest the configured cell positions,voxel size=20 um,3.78,9.821755362800706,8.326187002358157,8.086339730445097
PhysiCell,PhysiCell_dx_20um_uptake,20.0,,mean over all voxels,single center voxel nearest the origin,mean over unique voxels nearest the configured cell positions,voxel size=20 um,3.79,9.821726937571297,8.326048404806148,8.086208353190484
PhysiCell,PhysiCell_dx_20um_uptake,20.0,,mean over all voxels,single center voxel nearest the origin,mean over unique voxels nearest the configured cell positions,voxel size=20 um,3.8,9.821698849014952,8.325911447387067,8.086078532132161
PhysiCell,PhysiCell_dx_20um_uptake,20.0,,mean over all voxels,single center voxel nearest the origin,mean over unique voxels nearest the configured cell positions,voxel size=20 um,3.81,9.82167109314431,8.32577611070654,8.085950248833665
PhysiCell,PhysiCell_dx_20um_uptake,20.0,,mean over all voxels,single center voxel nearest the origin,mean over unique voxels nearest the configured cell positions,voxel size=20 um,3.82,9.821643666019227,8.32564237559925,8.085823485077066
PhysiCell,PhysiCell_dx_20um_uptake,20.0,,mean over all voxels,single center voxel nearest the origin,mean over unique voxels nearest the configured cell positions,voxel size=20 um,3.83,9.82161656374621,8.325510223126235,8.085698222860376
PhysiCell,PhysiCell_dx_20um_uptake,20.0,,mean over all voxels,single center voxel nearest the origin,mean over unique voxels nearest the configured cell positions,voxel size=20 um,3.84,9.82158978247787,8.325379634572224,8.08557444439499
PhysiCell,PhysiCell_dx_20um_uptake,20.0,,mean over all voxels,single center voxel nearest the origin,mean over unique voxels nearest the configured cell positions,voxel size=20 um,3.85,9.82156331841238,8.325250591443002,8.085452132103145
PhysiCell,PhysiCell_dx_20um_uptake,20.0,,mean over all voxels,single center voxel nearest the origin,mean over unique voxels nearest the configured cell positions,voxel size=20 um,3.86,9.821537167792926,8.325123075462798,8.085331268615423
PhysiCell,PhysiCell_dx_20um_uptake,20.0,,mean over all voxels,single center voxel nearest the origin,mean over unique voxels nearest the configured cell positions,voxel size=20 um,3.87,9.82151132690718,8.324997068571706,8.085211836768272
PhysiCell,PhysiCell_dx_20um_uptake,20.0,,mean over all voxels,single center voxel nearest the origin,mean over unique voxels nearest the configured cell positions,voxel size=20 um,3.88,9.821485792086781,8.324872552923143,8.085093819601562
PhysiCell,PhysiCell_dx_20um_uptake,20.0,,mean over all voxels,single center voxel nearest the origin,mean over unique voxels nearest the configured cell positions,voxel size=20 um,3.89,9.821460559706793,8.324749510881329,8.08497720035618
PhysiCell,PhysiCell_dx_20um_uptake,20.0,,mean over all voxels,single center voxel nearest the origin,mean over unique voxels nearest the configured cell positions,voxel size=20 um,3.9,9.821435626185218,8.324627925018815,8.084861962471628
PhysiCell,PhysiCell_dx_20um_uptake,20.0,,mean over all voxels,single center voxel nearest the origin,mean over unique voxels nearest the configured cell positions,voxel size=20 um,3.91,9.821410987982471,8.324507778114004,8.084748089583677
PhysiCell,PhysiCell_dx_20um_uptake,20.0,,mean over all voxels,single center voxel nearest the origin,mean over unique voxels nearest the configured cell positions,voxel size=20 um,3.92,9.821386641600878,8.324389053148739,8.08463556552204
PhysiCell,PhysiCell_dx_20um_uptake,20.0,,mean over all voxels,single center voxel nearest the origin,mean over unique voxels nearest the configured cell positions,voxel size=20 um,3.93,9.821362583584193,8.324271733305903,8.084524374308055
PhysiCell,PhysiCell_dx_20um_uptake,20.0,,mean over all voxels,single center voxel nearest the origin,mean over unique voxels nearest the configured cell positions,voxel size=20 um,3.94,9.821338810517087,8.324155801967034,8.08441450015243
PhysiCell,PhysiCell_dx_20um_uptake,20.0,,mean over all voxels,single center voxel nearest the origin,mean over unique voxels nearest the configured cell positions,voxel size=20 um,3.95,9.821315319024684,8.32404124271,8.084305927452982
PhysiCell,PhysiCell_dx_20um_uptake,20.0,,mean over all voxels,single center voxel nearest the origin,mean over unique voxels nearest the configured cell positions,voxel size=20 um,3.96,9.821292105772073,8.323928039306672,8.084198640792424
PhysiCell,PhysiCell_dx_20um_uptake,20.0,,mean over all voxels,single center voxel nearest the origin,mean over unique voxels nearest the configured cell positions,voxel size=20 um,3.97,9.82126916746383,8.323816175720642,8.084092624936169
PhysiCell,PhysiCell_dx_20um_uptake,20.0,,mean over all voxels,single center voxel nearest the origin,mean over unique voxels nearest the configured cell positions,voxel size=20 um,3.98,9.821246500843563,8.323705636104958,8.083987864830162
PhysiCell,PhysiCell_dx_20um_uptake,20.0,,mean over all voxels,single center voxel nearest the origin,mean over unique voxels nearest the configured cell positions,voxel size=20 um,3.99,9.821224102693435,8.323596404799884,8.083884345598733
PhysiCell,PhysiCell_dx_20um_uptake,20.0,,mean over all voxels,single center voxel nearest the origin,mean over unique voxels nearest the configured cell positions,voxel size=20 um,4.0,9.821201969833723,8.323488466330708,8.083782052542498
PhysiCell,PhysiCell_dx_20um_uptake,20.0,,mean over all voxels,single center voxel nearest the origin,mean over unique voxels nearest the configured cell positions,voxel size=20 um,4.01,9.82118009912236,8.323381805405546,8.083680971136243
PhysiCell,PhysiCell_dx_20um_uptake,20.0,,mean over all voxels,single center voxel nearest the origin,mean over unique voxels nearest the configured cell positions,voxel size=20 um,4.02,9.82115848745448,8.323276406913182,8.083581087026882
PhysiCell,PhysiCell_dx_20um_uptake,20.0,,mean over all voxels,single center voxel nearest the origin,mean over unique voxels nearest the configured cell positions,voxel size=20 um,4.03,9.821137131762,8.323172255920952,8.083482386031397
PhysiCell,PhysiCell_dx_20um_uptake,20.0,,mean over all voxels,single center voxel nearest the origin,mean over unique voxels nearest the configured cell positions,voxel size=20 um,4.04,9.82111602901316,8.32306933767263,8.083384854134831
PhysiCell,PhysiCell_dx_20um_uptake,20.0,,mean over all voxels,single center voxel nearest the origin,mean over unique voxels nearest the configured cell positions,voxel size=20 um,4.05,9.821095176212108,8.32296763758634,8.08328847748829
PhysiCell,PhysiCell_dx_20um_uptake,20.0,,mean over all voxels,single center voxel nearest the origin,mean over unique voxels nearest the configured cell positions,voxel size=20 um,4.06,9.821074570398467,8.322867141252514,8.08319324240698
PhysiCell,PhysiCell_dx_20um_uptake,20.0,,mean over all voxels,single center voxel nearest the origin,mean over unique voxels nearest the configured cell positions,voxel size=20 um,4.07,9.821054208646927,8.322767834431845,8.083099135368244
PhysiCell,PhysiCell_dx_20um_uptake,20.0,,mean over all voxels,single center voxel nearest the origin,mean over unique voxels nearest the configured cell positions,voxel size=20 um,4.08,9.821034088066815,8.322669703053288,8.083006143009664
PhysiCell,PhysiCell_dx_20um_uptake,20.0,,mean over all voxels,single center voxel nearest the origin,mean over unique voxels nearest the configured cell positions,voxel size=20 um,4.09,9.821014205801694,8.322572733212068,8.082914252127143
PhysiCell,PhysiCell_dx_20um_uptake,20.0,,mean over all voxels,single center voxel nearest the origin,mean over unique voxels nearest the configured cell positions,voxel size=20 um,4.1,9.820994559028962,8.322476911167726,8.082823449673029
PhysiCell,PhysiCell_dx_20um_uptake,20.0,,mean over all voxels,single center voxel nearest the origin,mean over unique voxels nearest the configured cell positions,voxel size=20 um,4.11,9.820975144959428,8.322382223342176,8.082733722754266
PhysiCell,PhysiCell_dx_20um_uptake,20.0,,mean over all voxels,single center voxel nearest the origin,mean over unique voxels nearest the configured cell positions,voxel size=20 um,4.12,9.82095596083695,8.322288656317792,8.082645058630563
PhysiCell,PhysiCell_dx_20um_uptake,20.0,,mean over all voxels,single center voxel nearest the origin,mean over unique voxels nearest the configured cell positions,voxel size=20 um,4.13,9.820937003938024,8.322196196835511,8.082557444712565
PhysiCell,PhysiCell_dx_20um_uptake,20.0,,mean over all voxels,single center voxel nearest the origin,mean over unique voxels nearest the configured cell positions,voxel size=20 um,4.14,9.82091827157139,8.322104831792963,8.08247086856009
PhysiCell,PhysiCell_dx_20um_uptake,20.0,,mean over all voxels,single center voxel nearest the origin,mean over unique voxels nearest the configured cell positions,voxel size=20 um,4.15,9.820899761077674,8.322014548242622,8.082385317880336
PhysiCell,PhysiCell_dx_20um_uptake,20.0,,mean over all voxels,single center voxel nearest the origin,mean over unique voxels nearest the configured cell positions,voxel size=20 um,4.16,9.820881469828988,8.321925333389984,8.082300780526147
PhysiCell,PhysiCell_dx_20um_uptake,20.0,,mean over all voxels,single center voxel nearest the origin,mean over unique voxels nearest the configured cell positions,voxel size=20 um,4.17,9.820863395228574,8.321837174591753,8.082217244494288
PhysiCell,PhysiCell_dx_20um_uptake,20.0,,mean over all voxels,single center voxel nearest the origin,mean over unique voxels nearest the configured cell positions,voxel size=20 um,4.18,9.820845534710426,8.321750059354073,8.082134697923724
PhysiCell,PhysiCell_dx_20um_uptake,20.0,,mean over all voxels,single center voxel nearest the origin,mean over unique voxels nearest the configured cell positions,voxel size=20 um,4.19,9.82082788573892,8.321663975330745,8.082053129093953
PhysiCell,PhysiCell_dx_20um_uptake,20.0,,mean over all voxels,single center voxel nearest the origin,mean over unique voxels nearest the configured cell positions,voxel size=20 um,4.2,9.820810445808474,8.321578910321492,8.08197252642333
PhysiCell,PhysiCell_dx_20um_uptake,20.0,,mean over all voxels,single center voxel nearest the origin,mean over unique voxels nearest the configured cell positions,voxel size=20 um,4.21,9.82079321244317,8.321494852270241,8.081892878467414
PhysiCell,PhysiCell_dx_20um_uptake,20.0,,mean over all voxels,single center voxel nearest the origin,mean over unique voxels nearest the configured cell positions,voxel size=20 um,4.22,9.820776183196426,8.321411789263424,8.081814173917357
PhysiCell,PhysiCell_dx_20um_uptake,20.0,,mean over all voxels,single center voxel nearest the origin,mean over unique voxels nearest the configured cell positions,voxel size=20 um,4.23,9.82075935565062,8.321329709528275,8.08173640159829
PhysiCell,PhysiCell_dx_20um_uptake,20.0,,mean over all voxels,single center voxel nearest the origin,mean over unique voxels nearest the configured cell positions,voxel size=20 um,4.24,9.820742727416775,8.321248601431199,8.081659550467725
PhysiCell,PhysiCell_dx_20um_uptake,20.0,,mean over all voxels,single center voxel nearest the origin,mean over unique voxels nearest the configured cell positions,voxel size=20 um,4.25,9.820726296134202,8.321168453476114,8.081583609614006
PhysiCell,PhysiCell_dx_20um_uptake,20.0,,mean over all voxels,single center voxel nearest the origin,mean over unique voxels nearest the configured cell positions,voxel size=20 um,4.26,9.820710059470173,8.32108925430282,8.081508568254742
PhysiCell,PhysiCell_dx_20um_uptake,20.0,,mean over all voxels,single center voxel nearest the origin,mean over unique voxels nearest the configured cell positions,voxel size=20 um,4.27,9.820694015119587,8.321010992685412,8.081434415735277
PhysiCell,PhysiCell_dx_20um_uptake,20.0,,mean over all voxels,single center voxel nearest the origin,mean over unique voxels nearest the configured cell positions,voxel size=20 um,4.28,9.820678160804643,8.320933657530686,8.081361141527182
PhysiCell,PhysiCell_dx_20um_uptake,20.0,,mean over all voxels,single center voxel nearest the origin,mean over unique voxels nearest the configured cell positions,voxel size=20 um,4.29,9.820662494274519,8.32085723787657,8.081288735226755
PhysiCell,PhysiCell_dx_20um_uptake,20.0,,mean over all voxels,single center voxel nearest the origin,mean over unique voxels nearest the configured cell positions,voxel size=20 um,4.3,9.820647013305052,8.320781722890583,8.081217186553543
PhysiCell,PhysiCell_dx_20um_uptake,20.0,,mean over all voxels,single center voxel nearest the origin,mean over unique voxels nearest the configured cell positions,voxel size=20 um,4.31,9.820631715698413,8.320707101868306,8.081146485348883
PhysiCell,PhysiCell_dx_20um_uptake,20.0,,mean over all voxels,single center voxel nearest the origin,mean over unique voxels nearest the configured cell positions,voxel size=20 um,4.32,9.820616599282815,8.320633364231862,8.081076621574457
PhysiCell,PhysiCell_dx_20um_uptake,20.0,,mean over all voxels,single center voxel nearest the origin,mean over unique voxels nearest the configured cell positions,voxel size=20 um,4.33,9.820601661912185,8.32056049952843,8.081007585310864
PhysiCell,PhysiCell_dx_20um_uptake,20.0,,mean over all voxels,single center voxel nearest the origin,mean over unique voxels nearest the configured cell positions,voxel size=20 um,4.34,9.820586901465866,8.320488497428766,8.080939366756217
PhysiCell,PhysiCell_dx_20um_uptake,20.0,,mean over all voxels,single center voxel nearest the origin,mean over unique voxels nearest the configured cell positions,voxel size=20 um,4.35,9.82057231584833,8.320417347725742,8.080871956224739
PhysiCell,PhysiCell_dx_20um_uptake,20.0,,mean over all voxels,single center voxel nearest the origin,mean over unique voxels nearest the configured cell positions,voxel size=20 um,4.36,9.820557902988847,8.320347040332909,8.080805344145398
PhysiCell,PhysiCell_dx_20um_uptake,20.0,,mean over all voxels,single center voxel nearest the origin,mean over unique voxels nearest the configured cell positions,voxel size=20 um,4.37,9.820543660841235,8.32027756528307,8.08073952106054
PhysiCell,PhysiCell_dx_20um_uptake,20.0,,mean over all voxels,single center voxel nearest the origin,mean over unique voxels nearest the configured cell positions,voxel size=20 um,4.38,9.82052958738353,8.320208912726873,8.080674477624559
PhysiCell,PhysiCell_dx_20um_uptake,20.0,,mean over all voxels,single center voxel nearest the origin,mean over unique voxels nearest the configured cell positions,voxel size=20 um,4.39,9.820515680617724,8.320141072931419,8.080610204602543
PhysiCell,PhysiCell_dx_20um_uptake,20.0,,mean over all voxels,single center voxel nearest the origin,mean over unique voxels nearest the configured cell positions,voxel size=20 um,4.4,9.82050193856947,8.320074036278886,8.080546692868994
PhysiCell,PhysiCell_dx_20um_uptake,20.0,,mean over all voxels,single center voxel nearest the origin,mean over unique voxels nearest the configured cell positions,voxel size=20 um,4.41,9.8204883592878,8.320007793265173,8.080483933406502
PhysiCell,PhysiCell_dx_20um_uptake,20.0,,mean over all voxels,single center voxel nearest the origin,mean over unique voxels nearest the configured cell positions,voxel size=20 um,4.42,9.820474940844866,8.319942334498558,8.08042191730448
PhysiCell,PhysiCell_dx_20um_uptake,20.0,,mean over all voxels,single center voxel nearest the origin,mean over unique voxels nearest the configured cell positions,voxel size=20 um,4.43,9.820461681335644,8.319877650698363,8.080360635757904
PhysiCell,PhysiCell_dx_20um_uptake,20.0,,mean over all voxels,single center voxel nearest the origin,mean over unique voxels nearest the configured cell positions,voxel size=20 um,4.44,9.820448578877672,8.319813732693651,8.080300080066042
PhysiCell,PhysiCell_dx_20um_uptake,20.0,,mean over all voxels,single center voxel nearest the origin,mean over unique voxels nearest the configured cell positions,voxel size=20 um,4.45,9.820435631610783,8.319750571421933,8.080240241631238
PhysiCell,PhysiCell_dx_20um_uptake,20.0,,mean over all voxels,single center voxel nearest the origin,mean over unique voxels nearest the configured cell positions,voxel size=20 um,4.46,9.820422837696855,8.319688157927875,8.080181111957684
PhysiCell,PhysiCell_dx_20um_uptake,20.0,,mean over all voxels,single center voxel nearest the origin,mean over unique voxels nearest the configured cell positions,voxel size=20 um,4.47,9.820410195319516,8.319626483362049,8.0801226826502
PhysiCell,PhysiCell_dx_20um_uptake,20.0,,mean over all voxels,single center voxel nearest the origin,mean over unique voxels nearest the configured cell positions,voxel size=20 um,4.48,9.820397702683922,8.319565538979665,8.080064945413074
PhysiCell,PhysiCell_dx_20um_uptake,20.0,,mean over all voxels,single center voxel nearest the origin,mean over unique voxels nearest the configured cell positions,voxel size=20 um,4.49,9.820385358016486,8.319505316139347,8.08000789204884
PhysiCell,PhysiCell_dx_20um_uptake,20.0,,mean over all voxels,single center voxel nearest the origin,mean over unique voxels nearest the configured cell positions,voxel size=20 um,4.5,9.820373159564616,8.319445806301914,8.07995151445715
PhysiCell,PhysiCell_dx_20um_uptake,20.0,,mean over all voxels,single center voxel nearest the origin,mean over unique voxels nearest the configured cell positions,voxel size=20 um,4.51,9.82036110559649,8.319387001029162,8.079895804633608
PhysiCell,PhysiCell_dx_20um_uptake,20.0,,mean over all voxels,single center voxel nearest the origin,mean over unique voxels nearest the configured cell positions,voxel size=20 um,4.52,9.82034919440079,8.319328891982673,8.079840754668634
PhysiCell,PhysiCell_dx_20um_uptake,20.0,,mean over all voxels,single center voxel nearest the origin,mean over unique voxels nearest the configured cell positions,voxel size=20 um,4.53,9.820337424286478,8.31927147092265,8.079786356746341
PhysiCell,PhysiCell_dx_20um_uptake,20.0,,mean over all voxels,single center voxel nearest the origin,mean over unique voxels nearest the configured cell positions,voxel size=20 um,4.54,9.820325793582533,8.31921472970674,8.079732603143428
PhysiCell,PhysiCell_dx_20um_uptake,20.0,,mean over all voxels,single center voxel nearest the origin,mean over unique voxels nearest the configured cell positions,voxel size=20 um,4.55,9.82031430063772,8.319158660288885,8.079679486228079
PhysiCell,PhysiCell_dx_20um_uptake,20.0,,mean over all voxels,single center voxel nearest the origin,mean over unique voxels nearest the configured cell positions,voxel size=20 um,4.56,9.820302943820387,8.319103254718181,8.079626998458878
PhysiCell,PhysiCell_dx_20um_uptake,20.0,,mean over all voxels,single center voxel nearest the origin,mean over unique voxels nearest the configured cell positions,voxel size=20 um,4.57,9.820291721518181,8.319048505137769,8.079575132383747
PhysiCell,PhysiCell_dx_20um_uptake,20.0,,mean over all voxels,single center voxel nearest the origin,mean over unique voxels nearest the configured cell positions,voxel size=20 um,4.58,9.82028063213786,8.318994403783707,8.079523880638876
PhysiCell,PhysiCell_dx_20um_uptake,20.0,,mean over all voxels,single center voxel nearest the origin,mean over unique voxels nearest the configured cell positions,voxel size=20 um,4.59,9.820269674105045,8.31894094298388,8.079473235947685
PhysiCell,PhysiCell_dx_20um_uptake,20.0,,mean over all voxels,single center voxel nearest the origin,mean over unique voxels nearest the configured cell positions,voxel size=20 um,4.6,9.82025884586401,8.318888115156916,8.079423191119783
PhysiCell,PhysiCell_dx_20um_uptake,20.0,,mean over all voxels,single center voxel nearest the origin,mean over unique voxels nearest the configured cell positions,voxel size=20 um,4.61,9.820248145877457,8.318835912811114,8.079373739049961
PhysiCell,PhysiCell_dx_20um_uptake,20.0,,mean over all voxels,single center voxel nearest the origin,mean over unique voxels nearest the configured cell positions,voxel size=20 um,4.62,9.820237572626285,8.31878432854338,8.079324872717166
PhysiCell,PhysiCell_dx_20um_uptake,20.0,,mean over all voxels,single center voxel nearest the origin,mean over unique voxels nearest the configured cell positions,voxel size=20 um,4.63,9.820227124609398,8.318733355038184,8.079276585183512
PhysiCell,PhysiCell_dx_20um_uptake,20.0,,mean over all voxels,single center voxel nearest the origin,mean over unique voxels nearest the configured cell positions,voxel size=20 um,4.64,9.820216800343468,8.318682985066532,8.079228869593301
PhysiCell,PhysiCell_dx_20um_uptake,20.0,,mean over all voxels,single center voxel nearest the origin,mean over unique voxels nearest the configured cell positions,voxel size=20 um,4.65,9.820206598362747,8.318633211484928,8.079181719172029
PhysiCell,PhysiCell_dx_20um_uptake,20.0,,mean over all voxels,single center voxel nearest the origin,mean over unique voxels nearest the configured cell positions,voxel size=20 um,4.66,9.820196517218836,8.318584027234376,8.079135127225452
PhysiCell,PhysiCell_dx_20um_uptake,20.0,,mean over all voxels,single center voxel nearest the origin,mean over unique voxels nearest the configured cell positions,voxel size=20 um,4.67,9.8201865554805,8.318535425339386,8.079089087138614
PhysiCell,PhysiCell_dx_20um_uptake,20.0,,mean over all voxels,single center voxel nearest the origin,mean over unique voxels nearest the configured cell positions,voxel size=20 um,4.68,9.820176711733456,8.318487398906964,8.079043592374916
PhysiCell,PhysiCell_dx_20um_uptake,20.0,,mean over all voxels,single center voxel nearest the origin,mean over unique voxels nearest the configured cell positions,voxel size=20 um,4.69,9.820166984580167,8.318439941125666,8.078998636475184
PhysiCell,PhysiCell_dx_20um_uptake,20.0,,mean over all voxels,single center voxel nearest the origin,mean over unique voxels nearest the configured cell positions,voxel size=20 um,4.7,9.820157372639647,8.318393045264619,8.078954213056758
PhysiCell,PhysiCell_dx_20um_uptake,20.0,,mean over all voxels,single center voxel nearest the origin,mean over unique voxels nearest the configured cell positions,voxel size=20 um,4.71,9.820147874547276,8.318346704672571,8.078910315812573
PhysiCell,PhysiCell_dx_20um_uptake,20.0,,mean over all voxels,single center voxel nearest the origin,mean over unique voxels nearest the configured cell positions,voxel size=20 um,4.72,9.820138488954584,8.31830091277695,8.078866938510284
PhysiCell,PhysiCell_dx_20um_uptake,20.0,,mean over all voxels,single center voxel nearest the origin,mean over unique voxels nearest the configured cell positions,voxel size=20 um,4.73,9.820129214529086,8.318255663082935,8.078824074991356
PhysiCell,PhysiCell_dx_20um_uptake,20.0,,mean over all voxels,single center voxel nearest the origin,mean over unique voxels nearest the configured cell positions,voxel size=20 um,4.74,9.820120049954072,8.318210949172538,8.078781719170218
PhysiCell,PhysiCell_dx_20um_uptake,20.0,,mean over all voxels,single center voxel nearest the origin,mean over unique voxels nearest the configured cell positions,voxel size=20 um,4.75,9.820110993928422,8.318166764703697,8.078739865033365
PhysiCell,PhysiCell_dx_20um_uptake,20.0,,mean over all voxels,single center voxel nearest the origin,mean over unique voxels nearest the configured cell positions,voxel size=20 um,4.76,9.820102045166443,8.318123103409375,8.078698506638537
PhysiCell,PhysiCell_dx_20um_uptake,20.0,,mean over all voxels,single center voxel nearest the origin,mean over unique voxels nearest the configured cell positions,voxel size=20 um,4.77,9.820093202397654,8.31807995909668,8.078657638113844
PhysiCell,PhysiCell_dx_20um_uptake,20.0,,mean over all voxels,single center voxel nearest the origin,mean over unique voxels nearest the configured cell positions,voxel size=20 um,4.78,9.820084464366632,8.318037325645976,8.07861725365697
PhysiCell,PhysiCell_dx_20um_uptake,20.0,,mean over all voxels,single center voxel nearest the origin,mean over unique voxels nearest the configured cell positions,voxel size=20 um,4.79,9.820075829832815,8.317995197010037,8.078577347534315
PhysiCell,PhysiCell_dx_20um_uptake,20.0,,mean over all voxels,single center voxel nearest the origin,mean over unique voxels nearest the configured cell positions,voxel size=20 um,4.8,9.820067297570342,8.317953567213168,8.078537914080188
PhysiCell,PhysiCell_dx_20um_uptake,20.0,,mean over all voxels,single center voxel nearest the origin,mean over unique voxels nearest the configured cell positions,voxel size=20 um,4.81,9.820058866367868,8.31791243035038,8.078498947696016
PhysiCell,PhysiCell_dx_20um_uptake,20.0,,mean over all voxels,single center voxel nearest the origin,mean over unique voxels nearest the configured cell positions,voxel size=20 um,4.82,9.820050535028397,8.317871780586547,8.078460442849545
PhysiCell,PhysiCell_dx_20um_uptake,20.0,,mean over all voxels,single center voxel nearest the origin,mean over unique voxels nearest the configured cell positions,voxel size=20 um,4.83,9.82004230236911,8.317831612155569,8.078422394074037
PhysiCell,PhysiCell_dx_20um_uptake,20.0,,mean over all voxels,single center voxel nearest the origin,mean over unique voxels nearest the configured cell positions,voxel size=20 um,4.84,9.820034167221195,8.31779191935958,8.078384795967521
PhysiCell,PhysiCell_dx_20um_uptake,20.0,,mean over all voxels,single center voxel nearest the origin,mean over unique voxels nearest the configured cell positions,voxel size=20 um,4.85,9.820026128429689,8.31775269656812,8.078347643192002
PhysiCell,PhysiCell_dx_20um_uptake,20.0,,mean over all voxels,single center voxel nearest the origin,mean over unique voxels nearest the configured cell positions,voxel size=20 um,4.86,9.820018184853305,8.317713938217345,8.078310930472714
PhysiCell,PhysiCell_dx_20um_uptake,20.0,,mean over all voxels,single center voxel nearest the origin,mean over unique voxels nearest the configured cell positions,voxel size=20 um,4.87,9.820010335364275,8.317675638809243,8.078274652597376
PhysiCell,PhysiCell_dx_20um_uptake,20.0,,mean over all voxels,single center voxel nearest the origin,mean over unique voxels nearest the configured cell positions,voxel size=20 um,4.88,9.82000257884819,8.317637792910851,8.07823880441544
PhysiCell,PhysiCell_dx_20um_uptake,20.0,,mean over all voxels,single center voxel nearest the origin,mean over unique voxels nearest the configured cell positions,voxel size=20 um,4.89,9.819994914203832,8.317600395153498,8.078203380837369
PhysiCell,PhysiCell_dx_20um_uptake,20.0,,mean over all voxels,single center voxel nearest the origin,mean over unique voxels nearest the configured cell positions,voxel size=20 um,4.9,9.81998734034304,8.317563440232028,8.07816837683391
PhysiCell,PhysiCell_dx_20um_uptake,20.0,,mean over all voxels,single center voxel nearest the origin,mean over unique voxels nearest the configured cell positions,voxel size=20 um,4.91,9.819979856190532,8.31752692290406,8.078133787435375
PhysiCell,PhysiCell_dx_20um_uptake,20.0,,mean over all voxels,single center voxel nearest the origin,mean over unique voxels nearest the configured cell positions,voxel size=20 um,4.92,9.819972460683763,8.317490837989236,8.078099607730953
PhysiCell,PhysiCell_dx_20um_uptake,20.0,,mean over all voxels,single center voxel nearest the origin,mean over unique voxels nearest the configured cell positions,voxel size=20 um,4.93,9.81996515277278,8.317455180368505,8.078065832867988
PhysiCell,PhysiCell_dx_20um_uptake,20.0,,mean over all voxels,single center voxel nearest the origin,mean over unique voxels nearest the configured cell positions,voxel size=20 um,4.94,9.819957931420051,8.317419944983383,8.078032458051316
PhysiCell,PhysiCell_dx_20um_uptake,20.0,,mean over all voxels,single center voxel nearest the origin,mean over unique voxels nearest the configured cell positions,voxel size=20 um,4.95,9.819950795600354,8.31738512683524,8.077999478542557
PhysiCell,PhysiCell_dx_20um_uptake,20.0,,mean over all voxels,single center voxel nearest the origin,mean over unique voxels nearest the configured cell positions,voxel size=20 um,4.96,9.81994374430059,8.317350720984594,8.077966889659466
PhysiCell,PhysiCell_dx_20um_uptake,20.0,,mean over all voxels,single center voxel nearest the origin,mean over unique voxels nearest the configured cell positions,voxel size=20 um,4.97,9.819936776519668,8.317316722550418,8.07793468677525
PhysiCell,PhysiCell_dx_20um_uptake,20.0,,mean over all voxels,single center voxel nearest the origin,mean over unique voxels nearest the configured cell positions,voxel size=20 um,4.98,9.81992989126836,8.317283126709437,8.07790286531793
PhysiCell,PhysiCell_dx_20um_uptake,20.0,,mean over all voxels,single center voxel nearest the origin,mean over unique voxels nearest the configured cell positions,voxel size=20 um,4.99,9.819923087569144,8.31724992869546,8.07787142076967
PhysiCell,PhysiCell_dx_20um_uptake,20.0,,mean over all voxels,single center voxel nearest the origin,mean over unique voxels nearest the configured cell positions,voxel size=20 um,5.0,9.819916364456084,8.317217123798681,8.077840348666154
PhysiCell,PhysiCell_dx_20um_uptake,20.0,,mean over all voxels,single center voxel nearest the origin,mean over unique voxels nearest the configured cell positions,voxel size=20 um,5.01,9.819909720974684,8.317184707365042,8.077809644595941
PhysiCell,PhysiCell_dx_20um_uptake,20.0,,mean over all voxels,single center voxel nearest the origin,mean over unique voxels nearest the configured cell positions,voxel size=20 um,5.02,9.819903156181747,8.31715267479555,8.077779304199847
PhysiCell,PhysiCell_dx_20um_uptake,20.0,,mean over all voxels,single center voxel nearest the origin,mean over unique voxels nearest the configured cell positions,voxel size=20 um,5.03,9.819896669145253,8.317121021545642,8.07774932317031
PhysiCell,PhysiCell_dx_20um_uptake,20.0,,mean over all voxels,single center voxel nearest the origin,mean over unique voxels nearest the configured cell positions,voxel size=20 um,5.04,9.819890258944222,8.317089743124532,8.077719697250808
PhysiCell,PhysiCell_dx_20um_uptake,20.0,,mean over all voxels,single center voxel nearest the origin,mean over unique voxels nearest the configured cell positions,voxel size=20 um,5.05,9.819883924668579,8.317058835094578,8.07769042223522
PhysiCell,PhysiCell_dx_20um_uptake,20.0,,mean over all voxels,single center voxel nearest the origin,mean over unique voxels nearest the configured cell positions,voxel size=20 um,5.06,9.819877665419032,8.317028293070653,8.077661493967254
PhysiCell,PhysiCell_dx_20um_uptake,20.0,,mean over all voxels,single center voxel nearest the origin,mean over unique voxels nearest the configured cell positions,voxel size=20 um,5.07,9.819871480306938,8.316998112719524,8.077632908339842
PhysiCell,PhysiCell_dx_20um_uptake,20.0,,mean over all voxels,single center voxel nearest the origin,mean over unique voxels nearest the configured cell positions,voxel size=20 um,5.08,9.819865368454177,8.31696828975924,8.07760466129457
PhysiCell,PhysiCell_dx_20um_uptake,20.0,,mean over all voxels,single center voxel nearest the origin,mean over unique voxels nearest the configured cell positions,voxel size=20 um,5.09,9.819859328993038,8.316938819958532,8.077576748821087
PhysiCell,PhysiCell_dx_20um_uptake,20.0,,mean over all voxels,single center voxel nearest the origin,mean over unique voxels nearest the configured cell positions,voxel size=20 um,5.1,9.819853361066075,8.31690969913619,8.077549166956551
PhysiCell,PhysiCell_dx_20um_uptake,20.0,,mean over all voxels,single center voxel nearest the origin,mean over unique voxels nearest the configured cell positions,voxel size=20 um,5.11,9.819847463826015,8.316880923160497,8.077521911785054
PhysiCell,PhysiCell_dx_20um_uptake,20.0,,mean over all voxels,single center voxel nearest the origin,mean over unique voxels nearest the configured cell positions,voxel size=20 um,5.12,9.819841636435603,8.31685248794864,8.077494979437072
PhysiCell,PhysiCell_dx_20um_uptake,20.0,,mean over all voxels,single center voxel nearest the origin,mean over unique voxels nearest the configured cell positions,voxel size=20 um,5.13,9.81983587806751,8.316824389466117,8.07746836608891
PhysiCell,PhysiCell_dx_20um_uptake,20.0,,mean over all voxels,single center voxel nearest the origin,mean over unique voxels nearest the configured cell positions,voxel size=20 um,5.14,9.819830187904206,8.31679662372617,8.077442067962176
PhysiCell,PhysiCell_dx_20um_uptake,20.0,,mean over all voxels,single center voxel nearest the origin,mean over unique voxels nearest the configured cell positions,voxel size=20 um,5.15,9.819824565137841,8.316769186789234,8.077416081323213
PhysiCell,PhysiCell_dx_20um_uptake,20.0,,mean over all voxels,single center voxel nearest the origin,mean over unique voxels nearest the configured cell positions,voxel size=20 um,5.16,9.819819008970134,8.316742074762368,8.0773904024826
PhysiCell,PhysiCell_dx_20um_uptake,20.0,,mean over all voxels,single center voxel nearest the origin,mean over unique voxels nearest the configured cell positions,voxel size=20 um,5.17,9.819813518612266,8.316715283798702,8.077365027794615
PhysiCell,PhysiCell_dx_20um_uptake,20.0,,mean over all voxels,single center voxel nearest the origin,mean over unique voxels nearest the configured cell positions,voxel size=20 um,5.18,9.819808093284752,8.316688810096899,8.077339953656722
PhysiCell,PhysiCell_dx_20um_uptake,20.0,,mean over all voxels,single center voxel nearest the origin,mean over unique voxels nearest the configured cell positions,voxel size=20 um,5.19,9.819802732217342,8.316662649900605,8.077315176509043
PhysiCell,PhysiCell_dx_20um_uptake,20.0,,mean over all voxels,single center voxel nearest the origin,mean over unique voxels nearest the configured cell positions,voxel size=20 um,5.2,9.819797434648912,8.316636799497935,8.077290692833873
PhysiCell,PhysiCell_dx_20um_uptake,20.0,,mean over all voxels,single center voxel nearest the origin,mean over unique voxels nearest the configured cell positions,voxel size=20 um,5.21,9.819792199827347,8.316611255220932,8.077266499155177
PhysiCell,PhysiCell_dx_20um_uptake,20.0,,mean over all voxels,single center voxel nearest the origin,mean over unique voxels nearest the configured cell positions,voxel size=20 um,5.22,9.819787027009452,8.316586013445049,8.077242592038088
PhysiCell,PhysiCell_dx_20um_uptake,20.0,,mean over all voxels,single center voxel nearest the origin,mean over unique voxels nearest the configured cell positions,voxel size=20 um,5.23,9.819781915460824,8.316561070588643,8.077218968088419
PhysiCell,PhysiCell_dx_20um_uptake,20.0,,mean over all voxels,single center voxel nearest the origin,mean over unique voxels nearest the configured cell positions,voxel size=20 um,5.24,9.81977686445576,8.316536423112465,8.077195623952196
PhysiCell,PhysiCell_dx_20um_uptake,20.0,,mean over all voxels,single center voxel nearest the origin,mean over unique voxels nearest the configured cell positions,voxel size=20 um,5.25,9.819771873277157,8.316512067519152,8.077172556315164
PhysiCell,PhysiCell_dx_20um_uptake,20.0,,mean over all voxels,single center voxel nearest the origin,mean over unique voxels nearest the configured cell positions,voxel size=20 um,5.26,9.8197669412164,8.316488000352736,8.077149761902326
PhysiCell,PhysiCell_dx_20um_uptake,20.0,,mean over all voxels,single center voxel nearest the origin,mean over unique voxels nearest the configured cell positions,voxel size=20 um,5.27,9.819762067573274,8.31646421819816,8.077127237477479
PhysiCell,PhysiCell_dx_20um_uptake,20.0,,mean over all voxels,single center voxel nearest the origin,mean over unique voxels nearest the configured cell positions,voxel size=20 um,5.28,9.819757251655851,8.316440717680786,8.07710497984274
PhysiCell,PhysiCell_dx_20um_uptake,20.0,,mean over all voxels,single center voxel nearest the origin,mean over unique voxels nearest the configured cell positions,voxel size=20 um,5.29,9.819752492780406,8.31641749546592,8.077082985838123
PhysiCell,PhysiCell_dx_20um_uptake,20.0,,mean over all voxels,single center voxel nearest the origin,mean over unique voxels nearest the configured cell positions,voxel size=20 um,5.3,9.8197477902713,8.31639454825834,8.077061252341053
PhysiCell,PhysiCell_dx_20um_uptake,20.0,,mean over all voxels,single center voxel nearest the origin,mean over unique voxels nearest the configured cell positions,voxel size=20 um,5.31,9.81974314346091,8.316371872801827,8.07703977626595
PhysiCell,PhysiCell_dx_20um_uptake,20.0,,mean over all voxels,single center voxel nearest the origin,mean over unique voxels nearest the configured cell positions,voxel size=20 um,5.32,9.819738551689513,8.316349465878705,8.077018554563782
PhysiCell,PhysiCell_dx_20um_uptake,20.0,,mean over all voxels,single center voxel nearest the origin,mean over unique voxels nearest the configured cell positions,voxel size=20 um,5.33,9.819734014305203,8.316327324309386,8.076997584221626
PhysiCell,PhysiCell_dx_20um_uptake,20.0,,mean over all voxels,single center voxel nearest the origin,mean over unique voxels nearest the configured cell positions,voxel size=20 um,5.34,9.819729530663794,8.316305444951919,8.076976862262244
PhysiCell,PhysiCell_dx_20um_uptake,20.0,,mean over all voxels,single center voxel nearest the origin,mean over unique voxels nearest the configured cell positions,voxel size=20 um,5.35,9.819725100128728,8.316283824701538,8.076956385743673
PhysiCell,PhysiCell_dx_20um_uptake,20.0,,mean over all voxels,single center voxel nearest the origin,mean over unique voxels nearest the configured cell positions,voxel size=20 um,5.36,9.819720722070995,8.316262460490236,8.076936151758787
PhysiCell,PhysiCell_dx_20um_uptake,20.0,,mean over all voxels,single center voxel nearest the origin,mean over unique voxels nearest the configured cell positions,voxel size=20 um,5.37,9.819716395869023,8.31624134928632,8.076916157434894
PhysiCell,PhysiCell_dx_20um_uptake,20.0,,mean over all voxels,single center voxel nearest the origin,mean over unique voxels nearest the configured cell positions,voxel size=20 um,5.38,9.819712120908608,8.316220488093986,8.076896399933334
PhysiCell,PhysiCell_dx_20um_uptake,20.0,,mean over all voxels,single center voxel nearest the origin,mean over unique voxels nearest the configured cell positions,voxel size=20 um,5.39,9.819707896582829,8.316199873952892,8.076876876449067
PhysiCell,PhysiCell_dx_20um_uptake,20.0,,mean over all voxels,single center voxel nearest the origin,mean over unique voxels nearest the configured cell positions,voxel size=20 um,5.4,9.819703722291939,8.316179503937729,8.076857584210273
PhysiCell,PhysiCell_dx_20um_uptake,20.0,,mean over all voxels,single center voxel nearest the origin,mean over unique voxels nearest the configured cell positions,voxel size=20 um,5.41,9.819699597443304,8.316159375157826,8.076838520477963
PhysiCell,PhysiCell_dx_20um_uptake,20.0,,mean over all voxels,single center voxel nearest the origin,mean over unique voxels nearest the configured cell positions,voxel size=20 um,5.42,9.819695521451308,8.316139484756734,8.0768196825456
PhysiCell,PhysiCell_dx_20um_uptake,20.0,,mean over all voxels,single center voxel nearest the origin,mean over unique voxels nearest the configured cell positions,voxel size=20 um,5.43,9.81969149373727,8.316119829911809,8.076801067738696
PhysiCell,PhysiCell_dx_20um_uptake,20.0,,mean over all voxels,single center voxel nearest the origin,mean over unique voxels nearest the configured cell positions,voxel size=20 um,5.44,9.819687513729363,8.31610040783382,8.07678267341444
PhysiCell,PhysiCell_dx_20um_uptake,20.0,,mean over all voxels,single center voxel nearest the origin,mean over unique voxels nearest the configured cell positions,voxel size=20 um,5.45,9.819683580862534,8.31608121576656,8.076764496961335
PhysiCell,PhysiCell_dx_20um_uptake,20.0,,mean over all voxels,single center voxel nearest the origin,mean over unique voxels nearest the configured cell positions,voxel size=20 um,5.46,9.819679694578422,8.31606225098645,8.076746535798797
PhysiCell,PhysiCell_dx_20um_uptake,20.0,,mean over all voxels,single center voxel nearest the origin,mean over unique voxels nearest the configured cell positions,voxel size=20 um,5.47,9.819675854325277,8.31604351080215,8.076728787376828
PhysiCell,PhysiCell_dx_20um_uptake,20.0,,mean over all voxels,single center voxel nearest the origin,mean over unique voxels nearest the configured cell positions,voxel size=20 um,5.48,9.819672059557892,8.316024992554173,8.07671124917562
PhysiCell,PhysiCell_dx_20um_uptake,20.0,,mean over all voxels,single center voxel nearest the origin,mean over unique voxels nearest the configured cell positions,voxel size=20 um,5.49,9.819668309737509,8.31600669361453,8.076693918705216
PhysiCell,PhysiCell_dx_20um_uptake,20.0,,mean over all voxels,single center voxel nearest the origin,mean over unique voxels nearest the configured cell positions,voxel size=20 um,5.5,9.819664604331757,8.315988611386329,8.076676793505152
PhysiCell,PhysiCell_dx_20um_uptake,20.0,,mean over all voxels,single center voxel nearest the origin,mean over unique voxels nearest the configured cell positions,voxel size=20 um,5.51,9.819660942814568,8.31597074330343,8.076659871144104
PhysiCell,PhysiCell_dx_20um_uptake,20.0,,mean over all voxels,single center voxel nearest the origin,mean over unique voxels nearest the configured cell positions,voxel size=20 um,5.52,9.819657324666103,8.315953086830067,8.07664314921955
PhysiCell,PhysiCell_dx_20um_uptake,20.0,,mean over all voxels,single center voxel nearest the origin,mean over unique voxels nearest the configured cell positions,voxel size=20 um,5.53,9.819653749372685,8.315935639460495,8.076626625357418
PhysiCell,PhysiCell_dx_20um_uptake,20.0,,mean over all voxels,single center voxel nearest the origin,mean over unique voxels nearest the configured cell positions,voxel size=20 um,5.54,9.819650216426721,8.315918398718631,8.076610297211767
PhysiCell,PhysiCell_dx_20um_uptake,20.0,,mean over all voxels,single center voxel nearest the origin,mean over unique voxels nearest the configured cell positions,voxel size=20 um,5.55,9.819646725326624,8.315901362157708,8.076594162464431
PhysiCell,PhysiCell_dx_20um_uptake,20.0,,mean over all voxels,single center voxel nearest the origin,mean over unique voxels nearest the configured cell positions,voxel size=20 um,5.56,9.819643275576752,8.31588452735992,8.076578218824707
PhysiCell,PhysiCell_dx_20um_uptake,20.0,,mean over all voxels,single center voxel nearest the origin,mean over unique voxels nearest the configured cell positions,voxel size=20 um,5.57,9.81963986668734,8.315867891936094,8.076562464029022
PhysiCell,PhysiCell_dx_20um_uptake,20.0,,mean over all voxels,single center voxel nearest the origin,mean over unique voxels nearest the configured cell positions,voxel size=20 um,5.58,9.81963649817441,8.315851453525328,8.076546895840622
PhysiCell,PhysiCell_dx_20um_uptake,20.0,,mean over all voxels,single center voxel nearest the origin,mean over unique voxels nearest the configured cell positions,voxel size=20 um,5.59,9.819633169559728,8.315835209794685,8.07653151204923
PhysiCell,PhysiCell_dx_20um_uptake,20.0,,mean over all voxels,single center voxel nearest the origin,mean over unique voxels nearest the configured cell positions,voxel size=20 um,5.6,9.81962988037072,8.315819158438837,8.076516310470769
PhysiCell,PhysiCell_dx_20um_uptake,20.0,,mean over all voxels,single center voxel nearest the origin,mean over unique voxels nearest the configured cell positions,voxel size=20 um,5.61,9.819626630140412,8.315803297179752,8.076501288947014
PhysiCell,PhysiCell_dx_20um_uptake,20.0,,mean over all voxels,single center voxel nearest the origin,mean over unique voxels nearest the configured cell positions,voxel size=20 um,5.62,9.819623418407355,8.315787623766367,8.076486445345314
PhysiCell,PhysiCell_dx_20um_uptake,20.0,,mean over all voxels,single center voxel nearest the origin,mean over unique voxels nearest the configured cell positions,voxel size=20 um,5.63,9.819620244715573,8.31577213597427,8.07647177755827
PhysiCell,PhysiCell_dx_20um_uptake,20.0,,mean over all voxels,single center voxel nearest the origin,mean over unique voxels nearest the configured cell positions,voxel size=20 um,5.64,9.819617108614484,8.315756831605384,8.076457283503451
PhysiCell,PhysiCell_dx_20um_uptake,20.0,,mean over all voxels,single center voxel nearest the origin,mean over unique voxels nearest the configured cell positions,voxel size=20 um,5.65,9.81961400965885,8.315741708487655,8.076442961123089
PhysiCell,PhysiCell_dx_20um_uptake,20.0,,mean over all voxels,single center voxel nearest the origin,mean over unique voxels nearest the configured cell positions,voxel size=20 um,5.66,9.8196109474087,8.315726764474745,8.076428808383787
PhysiCell,PhysiCell_dx_20um_uptake,20.0,,mean over all voxels,single center voxel nearest the origin,mean over unique voxels nearest the configured cell positions,voxel size=20 um,5.67,9.81960792142928,8.315711997445723,8.076414823276236
PhysiCell,PhysiCell_dx_20um_uptake,20.0,,mean over all voxels,single center voxel nearest the origin,mean over unique voxels nearest the configured cell positions,voxel size=20 um,5.68,9.819604931290979,8.315697405304773,8.076401003814924
PhysiCell,PhysiCell_dx_20um_uptake,20.0,,mean over all voxels,single center voxel nearest the origin,mean over unique voxels nearest the configured cell positions,voxel size=20 um,5.69,9.819601976569283,8.315682985980892,8.076387348037859
PhysiCell,PhysiCell_dx_20um_uptake,20.0,,mean over all voxels,single center voxel nearest the origin,mean over unique voxels nearest the configured cell positions,voxel size=20 um,5.7,9.819599056844694,8.315668737427597,8.076373854006283
PhysiCell,PhysiCell_dx_20um_uptake,20.0,,mean over all voxels,single center voxel nearest the origin,mean over unique voxels nearest the configured cell positions,voxel size=20 um,5.71,9.819596171702699,8.315654657622629,8.076360519804409
PhysiCell,PhysiCell_dx_20um_uptake,20.0,,mean over all voxels,single center voxel nearest the origin,mean over unique voxels nearest the configured cell positions,voxel size=20 um,5.72,9.819593320733677,8.315640744567675,8.076347343539135
PhysiCell,PhysiCell_dx_20um_uptake,20.0,,mean over all voxels,single center voxel nearest the origin,mean over unique voxels nearest the configured cell positions,voxel size=20 um,5.73,9.819590503532874,8.31562699628808,8.076334323339783
PhysiCell,PhysiCell_dx_20um_uptake,20.0,,mean over all voxels,single center voxel nearest the origin,mean over unique voxels nearest the configured cell positions,voxel size=20 um,5.74,9.81958771970032,8.315613410832576,8.076321457357833
PhysiCell,PhysiCell_dx_20um_uptake,20.0,,mean over all voxels,single center voxel nearest the origin,mean over unique voxels nearest the configured cell positions,voxel size=20 um,5.75,9.819584968840784,8.315599986272984,8.07630874376666
PhysiCell,PhysiCell_dx_20um_uptake,20.0,,mean over all voxels,single center voxel nearest the origin,mean over unique voxels nearest the configured cell positions,voxel size=20 um,5.76,9.819582250563723,8.315586720703967,8.07629618076128
PhysiCell,PhysiCell_dx_20um_uptake,20.0,,mean over all voxels,single center voxel nearest the origin,mean over unique voxels nearest the configured cell positions,voxel size=20 um,5.77,9.819579564483211,8.315573612242739,8.076283766558076
PhysiCell,PhysiCell_dx_20um_uptake,20.0,,mean over all voxels,single center voxel nearest the origin,mean over unique voxels nearest the configured cell positions,voxel size=20 um,5.78,9.819576910217897,8.315560659028806,8.076271499394565
PhysiCell,PhysiCell_dx_20um_uptake,20.0,,mean over all voxels,single center voxel nearest the origin,mean over unique voxels nearest the configured cell positions,voxel size=20 um,5.79,9.819574287390955,8.315547859223708,8.076259377529142
PhysiCell,PhysiCell_dx_20um_uptake,20.0,,mean over all voxels,single center voxel nearest the origin,mean over unique voxels nearest the configured cell positions,voxel size=20 um,5.8,9.81957169563,8.315535211010744,8.076247399240826
PhysiCell,PhysiCell_dx_20um_uptake,20.0,,mean over all voxels,single center voxel nearest the origin,mean over unique voxels nearest the configured cell positions,voxel size=20 um,5.81,9.819569134567084,8.315522712594731,8.07623556282902
PhysiCell,PhysiCell_dx_20um_uptake,20.0,,mean over all voxels,single center voxel nearest the origin,mean over unique voxels nearest the configured cell positions,voxel size=20 um,5.82,9.8195666038386,8.315510362201735,8.07622386661327
PhysiCell,PhysiCell_dx_20um_uptake,20.0,,mean over all voxels,single center voxel nearest the origin,mean over unique voxels nearest the configured cell positions,voxel size=20 um,5.83,9.819564103085254,8.31549815807883,8.076212308933028
PhysiCell,PhysiCell_dx_20um_uptake,20.0,,mean over all voxels,single center voxel nearest the origin,mean over unique voxels nearest the configured cell positions,voxel size=20 um,5.84,9.819561631952002,8.31548609849384,8.076200888147413
PhysiCell,PhysiCell_dx_20um_uptake,20.0,,mean over all voxels,single center voxel nearest the origin,mean over unique voxels nearest the configured cell positions,voxel size=20 um,5.85,9.819559190088018,8.315474181735105,8.076189602634983
PhysiCell,PhysiCell_dx_20um_uptake,20.0,,mean over all voxels,single center voxel nearest the origin,mean over unique voxels nearest the configured cell positions,voxel size=20 um,5.86,9.81955677714662,8.315462406111223,8.07617845079349
PhysiCell,PhysiCell_dx_20um_uptake,20.0,,mean over all voxels,single center voxel nearest the origin,mean over unique voxels nearest the configured cell positions,voxel size=20 um,5.87,9.81955439278523,8.315450769950827,8.076167431039678
PhysiCell,PhysiCell_dx_20um_uptake,20.0,,mean over all voxels,single center voxel nearest the origin,mean over unique voxels nearest the configured cell positions,voxel size=20 um,5.88,9.819552036665337,8.315439271602337,8.07615654180904
PhysiCell,PhysiCell_dx_20um_uptake,20.0,,mean over all voxels,single center voxel nearest the origin,mean over unique voxels nearest the configured cell positions,voxel size=20 um,5.89,9.819549708452437,8.315427909433724,8.076145781555585
PhysiCell,PhysiCell_dx_20um_uptake,20.0,,mean over all voxels,single center voxel nearest the origin,mean over unique voxels nearest the configured cell positions,voxel size=20 um,5.9,9.819547407815985,8.315416681832291,8.07613514875166
PhysiCell,PhysiCell_dx_20um_uptake,20.0,,mean over all voxels,single center voxel nearest the origin,mean over unique voxels nearest the configured cell positions,voxel size=20 um,5.91,9.819545134429353,8.315405587204426,8.076124641887686
PhysiCell,PhysiCell_dx_20um_uptake,20.0,,mean over all voxels,single center voxel nearest the origin,mean over unique voxels nearest the configured cell positions,voxel size=20 um,5.92,9.81954288796978,8.315394623975395,8.076114259471968
PhysiCell,PhysiCell_dx_20um_uptake,20.0,,mean over all voxels,single center voxel nearest the origin,mean over unique voxels nearest the configured cell positions,voxel size=20 um,5.93,9.819540668118332,8.315383790589104,8.076104000030487
PhysiCell,PhysiCell_dx_20um_uptake,20.0,,mean over all voxels,single center voxel nearest the origin,mean over unique voxels nearest the configured cell positions,voxel size=20 um,5.94,9.819538474559849,8.31537308550789,8.076093862106676
PhysiCell,PhysiCell_dx_20um_uptake,20.0,,mean over all voxels,single center voxel nearest the origin,mean over unique voxels nearest the configured cell positions,voxel size=20 um,5.95,9.8195363069829,8.315362507212292,8.076083844261218
PhysiCell,PhysiCell_dx_20um_uptake,20.0,,mean over all voxels,single center voxel nearest the origin,mean over unique voxels nearest the configured cell positions,voxel size=20 um,5.96,9.819534165079753,8.315352054200845,8.07607394507185
PhysiCell,PhysiCell_dx_20um_uptake,20.0,,mean over all voxels,single center voxel nearest the origin,mean over unique voxels nearest the configured cell positions,voxel size=20 um,5.97,9.819532048546314,8.315341724989853,8.076064163133152
PhysiCell,PhysiCell_dx_20um_uptake,20.0,,mean over all voxels,single center voxel nearest the origin,mean over unique voxels nearest the configured cell positions,voxel size=20 um,5.98,9.819529957082095,8.3153315181132,8.076054497056356
PhysiCell,PhysiCell_dx_20um_uptake,20.0,,mean over all voxels,single center voxel nearest the origin,mean over unique voxels nearest the configured cell positions,voxel size=20 um,5.99,9.81952789039016,8.315321432122126,8.076044945469132
PhysiCell,PhysiCell_dx_20um_uptake,20.0,,mean over all voxels,single center voxel nearest the origin,mean over unique voxels nearest the configured cell positions,voxel size=20 um,6.0,9.819525848177095,8.315311465585019,8.076035507015416
PhysiCell,PhysiCell_dx_20um_uptake,20.0,,mean over all voxels,single center voxel nearest the origin,mean over unique voxels nearest the configured cell positions,voxel size=20 um,6.01,9.819523830152963,8.31530161708723,8.0760261803552
PhysiCell,PhysiCell_dx_20um_uptake,20.0,,mean over all voxels,single center voxel nearest the origin,mean over unique voxels nearest the configured cell positions,voxel size=20 um,6.02,9.819521836031258,8.31529188523085,8.07601696416435
PhysiCell,PhysiCell_dx_20um_uptake,20.0,,mean over all voxels,single center voxel nearest the origin,mean over unique voxels nearest the configured cell positions,voxel size=20 um,6.03,9.819519865528868,8.315282268634533,8.076007857134412
PhysiCell,PhysiCell_dx_20um_uptake,20.0,,mean over all voxels,single center voxel nearest the origin,mean over unique voxels nearest the configured cell positions,voxel size=20 um,6.04,9.819517918366035,8.31527276593328,8.075998857972431
PhysiCell,PhysiCell_dx_20um_uptake,20.0,,mean over all voxels,single center voxel nearest the origin,mean over unique voxels nearest the configured cell positions,voxel size=20 um,6.05,9.819515994266315,8.315263375778262,8.07598996540077
PhysiCell,PhysiCell_dx_20um_uptake,20.0,,mean over all voxels,single center voxel nearest the origin,mean over unique voxels nearest the configured cell positions,voxel size=20 um,6.06,9.819514092956537,8.315254096836618,8.075981178156924
PhysiCell,PhysiCell_dx_20um_uptake,20.0,,mean over all voxels,single center voxel nearest the origin,mean over unique voxels nearest the configured cell positions,voxel size=20 um,6.07,9.819512214166764,8.31524492779127,8.075972494993339
PhysiCell,PhysiCell_dx_20um_uptake,20.0,,mean over all voxels,single center voxel nearest the origin,mean over unique voxels nearest the configured cell positions,voxel size=20 um,6.08,9.819510357630262,8.315235867340734,8.075963914677239
PhysiCell,PhysiCell_dx_20um_uptake,20.0,,mean over all voxels,single center voxel nearest the origin,mean over unique voxels nearest the configured cell positions,voxel size=20 um,6.09,9.819508523083453,8.315226914198943,8.07595543599045
PhysiCell,PhysiCell_dx_20um_uptake,20.0,,mean over all voxels,single center voxel nearest the origin,mean over unique voxels nearest the configured cell positions,voxel size=20 um,6.1,9.819506710265879,8.315218067095053,8.075947057729223
PhysiCell,PhysiCell_dx_20um_uptake,20.0,,mean over all voxels,single center voxel nearest the origin,mean over unique voxels nearest the configured cell positions,voxel size=20 um,6.11,9.819504918920167,8.31520932477327,8.075938778704073
PhysiCell,PhysiCell_dx_20um_uptake,20.0,,mean over all voxels,single center voxel nearest the origin,mean over unique voxels nearest the configured cell positions,voxel size=20 um,6.12,9.819503148791997,8.315200685992677,8.075930597739603
PhysiCell,PhysiCell_dx_20um_uptake,20.0,,mean over all voxels,single center voxel nearest the origin,mean over unique voxels nearest the configured cell positions,voxel size=20 um,6.13,9.819501399630058,8.315192149527043,8.075922513674332
PhysiCell,PhysiCell_dx_20um_uptake,20.0,,mean over all voxels,single center voxel nearest the origin,mean over unique voxels nearest the configured cell positions,voxel size=20 um,6.14,9.819499671186017,8.315183714164654,8.075914525360544
PhysiCell,PhysiCell_dx_20um_uptake,20.0,,mean over all voxels,single center voxel nearest the origin,mean over unique voxels nearest the configured cell positions,voxel size=20 um,6.15,9.81949796321448,8.315175378708155,8.07590663166411
PhysiCell,PhysiCell_dx_20um_uptake,20.0,,mean over all voxels,single center voxel nearest the origin,mean over unique voxels nearest the configured cell positions,voxel size=20 um,6.16,9.81949627547296,8.315167141974362,8.075898831464338
PhysiCell,PhysiCell_dx_20um_uptake,20.0,,mean over all voxels,single center voxel nearest the origin,mean over unique voxels nearest the configured cell positions,voxel size=20 um,6.17,9.819494607721847,8.315159002794104,8.075891123653808
PhysiCell,PhysiCell_dx_20um_uptake,20.0,,mean over all voxels,single center voxel nearest the origin,mean over unique voxels nearest the configured cell positions,voxel size=20 um,6.18,9.819492959724359,8.315150960012055,8.07588350713822
PhysiCell,PhysiCell_dx_20um_uptake,20.0,,mean over all voxels,single center voxel nearest the origin,mean over unique voxels nearest the configured cell positions,voxel size=20 um,6.19,9.819491331246532,8.315143012486574,8.075875980836233
PhysiCell,PhysiCell_dx_20um_uptake,20.0,,mean over all voxels,single center voxel nearest the origin,mean over unique voxels nearest the configured cell positions,voxel size=20 um,6.2,9.81948972205716,8.315135159089525,8.075868543679318
PhysiCell,PhysiCell_dx_20um_uptake,20.0,,mean over all voxels,single center voxel nearest the origin,mean over unique voxels nearest the configured cell positions,voxel size=20 um,6.21,9.819488131927786,8.315127398706153,8.07586119461159
PhysiCell,PhysiCell_dx_20um_uptake,20.0,,mean over all voxels,single center voxel nearest the origin,mean over unique voxels nearest the configured cell positions,voxel size=20 um,6.22,9.819486560632651,8.315119730234882,8.075853932589686
PhysiCell,PhysiCell_dx_20um_uptake,20.0,,mean over all voxels,single center voxel nearest the origin,mean over unique voxels nearest the configured cell positions,voxel size=20 um,6.23,9.819485007948673,8.315112152587192,8.075846756582594
PhysiCell,PhysiCell_dx_20um_uptake,20.0,,mean over all voxels,single center voxel nearest the origin,mean over unique voxels nearest the configured cell positions,voxel size=20 um,6.24,9.819483473655419,8.315104664687452,8.075839665571507
PhysiCell,PhysiCell_dx_20um_uptake,20.0,,mean over all voxels,single center voxel nearest the origin,mean over unique voxels nearest the configured cell positions,voxel size=20 um,6.25,9.819481957535054,8.315097265472767,8.075832658549702
PhysiCell,PhysiCell_dx_20um_uptake,20.0,,mean over all voxels,single center voxel nearest the origin,mean over unique voxels nearest the configured cell positions,voxel size=20 um,6.26,9.81948045937233,8.31508995389283,8.075825734522363
PhysiCell,PhysiCell_dx_20um_uptake,20.0,,mean over all voxels,single center voxel nearest the origin,mean over unique voxels nearest the configured cell positions,voxel size=20 um,6.27,9.819478978954553,8.315082728909768,8.075818892506467
PhysiCell,PhysiCell_dx_20um_uptake,20.0,,mean over all voxels,single center voxel nearest the origin,mean over unique voxels nearest the configured cell positions,voxel size=20 um,6.28,9.819477516071538,8.315075589498003,8.075812131530634
PhysiCell,PhysiCell_dx_20um_uptake,20.0,,mean over all voxels,single center voxel nearest the origin,mean over unique voxels nearest the configured cell positions,voxel size=20 um,6.29,9.8194760705156,8.315068534644098,8.07580545063498
PhysiCell,PhysiCell_dx_20um_uptake,20.0,,mean over all voxels,single center voxel nearest the origin,mean over unique voxels nearest the configured cell positions,voxel size=20 um,6.3,9.81947464208151,8.315061563346617,8.075798848871006
PhysiCell,PhysiCell_dx_20um_uptake,20.0,,mean over all voxels,single center voxel nearest the origin,mean over unique voxels nearest the configured cell positions,voxel size=20 um,6.31,9.819473230566459,8.315054674615986,8.075792325301435
PhysiCell,PhysiCell_dx_20um_uptake,20.0,,mean over all voxels,single center voxel nearest the origin,mean over unique voxels nearest the configured cell positions,voxel size=20 um,6.32,9.81947183577006,8.31504786747435,8.075785879000094
PhysiCell,PhysiCell_dx_20um_uptake,20.0,,mean over all voxels,single center voxel nearest the origin,mean over unique voxels nearest the configured cell positions,voxel size=20 um,6.33,9.819470457494283,8.31504114095543,8.075779509051786
PhysiCell,PhysiCell_dx_20um_uptake,20.0,,mean over all voxels,single center voxel nearest the origin,mean over unique voxels nearest the configured cell positions,voxel size=20 um,6.34,9.819469095543456,8.315034494104392,8.075773214552143
PhysiCell,PhysiCell_dx_20um_uptake,20.0,,mean over all voxels,single center voxel nearest the origin,mean over unique voxels nearest the configured cell positions,voxel size=20 um,6.35,9.819467749724213,8.315027925977706,8.075766994607521
PhysiCell,PhysiCell_dx_20um_uptake,20.0,,mean over all voxels,single center voxel nearest the origin,mean over unique voxels nearest the configured cell positions,voxel size=20 um,6.36,9.819466419845488,8.315021435643018,8.075760848334856
PhysiCell,PhysiCell_dx_20um_uptake,20.0,,mean over all voxels,single center voxel nearest the origin,mean over unique voxels nearest the configured cell positions,voxel size=20 um,6.37,9.819465105718473,8.315015022179022,8.075754774861538
PhysiCell,PhysiCell_dx_20um_uptake,20.0,,mean over all voxels,single center voxel nearest the origin,mean over unique voxels nearest the configured cell positions,voxel size=20 um,6.38,9.819463807156597,8.315008684675313,8.0757487733253
PhysiCell,PhysiCell_dx_20um_uptake,20.0,,mean over all voxels,single center voxel nearest the origin,mean over unique voxels nearest the configured cell positions,voxel size=20 um,6.39,9.819462523975497,8.315002422232265,8.075742842874083
PhysiCell,PhysiCell_dx_20um_uptake,20.0,,mean over all voxels,single center voxel nearest the origin,mean over unique voxels nearest the configured cell positions,voxel size=20 um,6.4,9.819461255992998,8.314996233960914,8.075736982665923
PhysiCell,PhysiCell_dx_20um_uptake,20.0,,mean over all voxels,single center voxel nearest the origin,mean over unique voxels nearest the configured cell positions,voxel size=20 um,6.41,9.819460003029082,8.314990118982818,8.075731191868833
PhysiCell,PhysiCell_dx_20um_uptake,20.0,,mean over all voxels,single center voxel nearest the origin,mean over unique voxels nearest the configured cell positions,voxel size=20 um,6.42,9.819458764905857,8.314984076429939,8.075725469660668
PhysiCell,PhysiCell_dx_20um_uptake,20.0,,mean over all voxels,single center voxel nearest the origin,mean over unique voxels nearest the configured cell positions,voxel size=20 um,6.43,9.81945754144755,8.314978105444519,8.075719815229032
PhysiCell,PhysiCell_dx_20um_uptake,20.0,,mean over all voxels,single center voxel nearest the origin,mean over unique voxels nearest the configured cell positions,voxel size=20 um,6.44,9.819456332480454,8.31497220517896,8.07571422777115
PhysiCell,PhysiCell_dx_20um_uptake,20.0,,mean over all voxels,single center voxel nearest the origin,mean over unique voxels nearest the configured cell positions,voxel size=20 um,6.45,9.81945513783294,8.314966374795695,8.07570870649375
PhysiCell,PhysiCell_dx_20um_uptake,20.0,,mean over all voxels,single center voxel nearest the origin,mean over unique voxels nearest the configured cell positions,voxel size=20 um,6.46,9.819453957335389,8.314960613467083,8.07570325061296
PhysiCell,PhysiCell_dx_20um_uptake,20.0,,mean over all voxels,single center voxel nearest the origin,mean over unique voxels nearest the configured cell positions,voxel size=20 um,6.47,9.819452790820208,8.31495492037528,8.075697859354193
PhysiCell,PhysiCell_dx_20um_uptake,20.0,,mean over all voxels,single center voxel nearest the origin,mean over unique voxels nearest the configured cell positions,voxel size=20 um,6.48,9.81945163812178,8.314949294712129,8.075692531952033
PhysiCell,PhysiCell_dx_20um_uptake,20.0,,mean over all voxels,single center voxel nearest the origin,mean over unique voxels nearest the configured cell positions,voxel size=20 um,6.49,9.819450499076456,8.31494373567904,8.075687267650133
PhysiCell,PhysiCell_dx_20um_uptake,20.0,,mean over all voxels,single center voxel nearest the origin,mean over unique voxels nearest the configured cell positions,voxel size=20 um,6.5,9.81944937352252,8.314938242486887,8.075682065701105
PhysiCell,PhysiCell_dx_20um_uptake,20.0,,mean over all voxels,single center voxel nearest the origin,mean over unique voxels nearest the configured cell positions,voxel size=20 um,6.51,9.819448261300176,8.314932814355885,8.075676925366412
PhysiCell,PhysiCell_dx_20um_uptake,20.0,,mean over all voxels,single center voxel nearest the origin,mean over unique voxels nearest the configured cell positions,voxel size=20 um,6.52,9.819447162251514,8.314927450515482,8.075671845916263
PhysiCell,PhysiCell_dx_20um_uptake,20.0,,mean over all voxels,single center voxel nearest the origin,mean over unique voxels nearest the configured cell positions,voxel size=20 um,6.53,9.819446076220505,8.314922150204254,8.075666826629515
PhysiCell,PhysiCell_dx_20um_uptake,20.0,,mean over all voxels,single center voxel nearest the origin,mean over unique voxels nearest the configured cell positions,voxel size=20 um,6.54,9.819445003052957,8.314916912669796,8.075661866793562
PhysiCell,PhysiCell_dx_20um_uptake,20.0,,mean over all voxels,single center voxel nearest the origin,mean over unique voxels nearest the configured cell positions,voxel size=20 um,6.55,9.819443942596509,8.314911737168607,8.075656965704239
PhysiCell,PhysiCell_dx_20um_uptake,20.0,,mean over all voxels,single center voxel nearest the origin,mean over unique voxels nearest the configured cell positions,voxel size=20 um,6.56,9.819442894700607,8.314906622966,8.07565212266573
PhysiCell,PhysiCell_dx_20um_uptake,20.0,,mean over all voxels,single center voxel nearest the origin,mean over unique voxels nearest the configured cell positions,voxel size=20 um,6.57,9.819441859216479,8.314901569335976,8.075647336990448
PhysiCell,PhysiCell_dx_20um_uptake,20.0,,mean over all voxels,single center voxel nearest the origin,mean over unique voxels nearest the configured cell positions,voxel size=20 um,6.58,9.819440835997112,8.314896575561146,8.075642607998956
PhysiCell,PhysiCell_dx_20um_uptake,20.0,,mean over all voxels,single center voxel nearest the origin,mean over unique voxels nearest the configured cell positions,voxel size=20 um,6.59,9.819439824897234,8.314891640932617,8.07563793501987
PhysiCell,PhysiCell_dx_20um_uptake,20.0,,mean over all voxels,single center voxel nearest the origin,mean over unique voxels nearest the configured cell positions,voxel size=20 um,6.6,9.819438825773302,8.314886764749875,8.075633317389748
PhysiCell,PhysiCell_dx_20um_uptake,20.0,,mean over all voxels,single center voxel nearest the origin,mean over unique voxels nearest the configured cell positions,voxel size=20 um,6.61,9.819437838483461,8.31488194632072,8.075628754453012
PhysiCell,PhysiCell_dx_20um_uptake,20.0,,mean over all voxels,single center voxel nearest the origin,mean over unique voxels nearest the configured cell positions,voxel size=20 um,6.62,9.819436862887551,8.31487718496114,8.075624245561844
PhysiCell,PhysiCell_dx_20um_uptake,20.0,,mean over all voxels,single center voxel nearest the origin,mean over unique voxels nearest the configured cell positions,voxel size=20 um,6.63,9.819435898847054,8.31487247999523,8.07561979007611
PhysiCell,PhysiCell_dx_20um_uptake,20.0,,mean over all voxels,single center voxel nearest the origin,mean over unique voxels nearest the configured cell positions,voxel size=20 um,6.64,9.819434946225105,8.314867830755084,8.075615387363245
PhysiCell,PhysiCell_dx_20um_uptake,20.0,,mean over all voxels,single center voxel nearest the origin,mean over unique voxels nearest the configured cell positions,voxel size=20 um,6.65,9.81943400488646,8.314863236580704,8.075611036798184
PhysiCell,PhysiCell_dx_20um_uptake,20.0,,mean over all voxels,single center voxel nearest the origin,mean over unique voxels nearest the configured cell positions,voxel size=20 um,6.66,9.819433074697477,8.314858696819915,8.075606737763268
PhysiCell,PhysiCell_dx_20um_uptake,20.0,,mean over all voxels,single center voxel nearest the origin,mean over unique voxels nearest the configured cell positions,voxel size=20 um,6.67,9.819432155526084,8.314854210828264,8.07560248964814
PhysiCell,PhysiCell_dx_20um_uptake,20.0,,mean over all voxels,single center voxel nearest the origin,mean over unique voxels nearest the configured cell positions,voxel size=20 um,6.68,9.819431247241791,8.314849777968927,8.075598291849694
PhysiCell,PhysiCell_dx_20um_uptake,20.0,,mean over all voxels,single center voxel nearest the origin,mean over unique voxels nearest the configured cell positions,voxel size=20 um,6.69,9.819430349715645,8.314845397612624,8.075594143771946
PhysiCell,PhysiCell_dx_20um_uptake,20.0,,mean over all voxels,single center voxel nearest the origin,mean over unique voxels nearest the configured cell positions,voxel size=20 um,6.7,9.819429462820224,8.314841069137527,8.075590044825987
PhysiCell,PhysiCell_dx_20um_uptake,20.0,,mean over all voxels,single center voxel nearest the origin,mean over unique voxels nearest the configured cell positions,voxel size=20 um,6.71,9.819428586429607,8.314836791929174,8.075585994429868
PhysiCell,PhysiCell_dx_20um_uptake,20.0,,mean over all voxels,single center voxel nearest the origin,mean over unique voxels nearest the configured cell positions,voxel size=20 um,6.72,9.819427720419373,8.314832565380376,8.075581992008551
PhysiCell,PhysiCell_dx_20um_uptake,20.0,,mean over all voxels,single center voxel nearest the origin,mean over unique voxels nearest the configured cell positions,voxel size=20 um,6.73,9.819426864666573,8.314828388891133,8.075578036993798
PhysiCell,PhysiCell_dx_20um_uptake,20.0,,mean over all voxels,single center voxel nearest the origin,mean over unique voxels nearest the configured cell positions,voxel size=20 um,6.74,9.819426019049711,8.314824261868564,8.075574128824101
PhysiCell,PhysiCell_dx_20um_uptake,20.0,,mean over all voxels,single center voxel nearest the origin,mean over unique voxels nearest the configured cell positions,voxel size=20 um,6.75,9.819425183448734,8.31482018372679,8.075570266944606
PhysiCell,PhysiCell_dx_20um_uptake,20.0,,mean over all voxels,single center voxel nearest the origin,mean over unique voxels nearest the configured cell positions,voxel size=20 um,6.76,9.819424357745008,8.31481615388689,8.075566450807031
PhysiCell,PhysiCell_dx_20um_uptake,20.0,,mean over all voxels,single center voxel nearest the origin,mean over unique voxels nearest the configured cell positions,voxel size=20 um,6.77,9.819423541821305,8.314812171776786,8.075562679869584
PhysiCell,PhysiCell_dx_20um_uptake,20.0,,mean over all voxels,single center voxel nearest the origin,mean over unique voxels nearest the configured cell positions,voxel size=20 um,6.78,9.819422735561787,8.31480823683118,8.075558953596897
PhysiCell,PhysiCell_dx_20um_uptake,20.0,,mean over all voxels,single center voxel nearest the origin,mean over unique voxels nearest the configured cell positions,voxel size=20 um,6.79,9.819421938851985,8.314804348491466,8.075555271459939
PhysiCell,PhysiCell_dx_20um_uptake,20.0,,mean over all voxels,single center voxel nearest the origin,mean over unique voxels nearest the configured cell positions,voxel size=20 um,6.8,9.81942115157879,8.314800506205655,8.075551632935944
PhysiCell,PhysiCell_dx_20um_uptake,20.0,,mean over all voxels,single center voxel nearest the origin,mean over unique voxels nearest the configured cell positions,voxel size=20 um,6.81,9.819420373630429,8.314796709428299,8.07554803750834
PhysiCell,PhysiCell_dx_20um_uptake,20.0,,mean over all voxels,single center voxel nearest the origin,mean over unique voxels nearest the configured cell positions,voxel size=20 um,6.82,9.819419604896455,8.314792957620403,8.075544484666674
PhysiCell,PhysiCell_dx_20um_uptake,20.0,,mean over all voxels,single center voxel nearest the origin,mean over unique voxels nearest the configured cell positions,voxel size=20 um,6.83,9.819418845267728,8.314789250249364,8.075540973906536
PhysiCell,PhysiCell_dx_20um_uptake,20.0,,mean over all voxels,single center voxel nearest the origin,mean over unique voxels nearest the configured cell positions,voxel size=20 um,6.84,9.8194180946364,8.314785586788876,8.075537504729496
PhysiCell,PhysiCell_dx_20um_uptake,20.0,,mean over all voxels,single center voxel nearest the origin,mean over unique voxels nearest the configured cell positions,voxel size=20 um,6.85,9.819417352895906,8.314781966718876,8.075534076643018
PhysiCell,PhysiCell_dx_20um_uptake,20.0,,mean over all voxels,single center voxel nearest the origin,mean over unique voxels nearest the configured cell positions,voxel size=20 um,6.86,9.819416619940933,8.314778389525454,8.075530689160415
PhysiCell,PhysiCell_dx_20um_uptake,20.0,,mean over all voxels,single center voxel nearest the origin,mean over unique voxels nearest the configured cell positions,voxel size=20 um,6.87,9.81941589566742,8.314774854700788,8.07552734180075
PhysiCell,PhysiCell_dx_20um_uptake,20.0,,mean over all voxels,single center voxel nearest the origin,mean over unique voxels nearest the configured cell positions,voxel size=20 um,6.88,9.819415179972548,8.314771361743073,8.075524034088788
PhysiCell,PhysiCell_dx_20um_uptake,20.0,,mean over all voxels,single center voxel nearest the origin,mean over unique voxels nearest the configured cell positions,voxel size=20 um,6.89,9.819414472754703,8.314767910156442,8.075520765554922
PhysiCell,PhysiCell_dx_20um_uptake,20.0,,mean over all voxels,single center voxel nearest the origin,mean over unique voxels nearest the configured cell positions,voxel size=20 um,6.9,9.819413773913478,8.314764499450902,8.075517535735113
PhysiCell,PhysiCell_dx_20um_uptake,20.0,,mean over all voxels,single center voxel nearest the origin,mean over unique voxels nearest the configured cell positions,voxel size=20 um,6.91,9.819413083349659,8.314761129142266,8.075514344170807
PhysiCell,PhysiCell_dx_20um_uptake,20.0,,mean over all voxels,single center voxel nearest the origin,mean over unique voxels nearest the configured cell positions,voxel size=20 um,6.92,9.819412400965199,8.31475779875208,8.075511190408895
PhysiCell,PhysiCell_dx_20um_uptake,20.0,,mean over all voxels,single center voxel nearest the origin,mean over unique voxels nearest the configured cell positions,voxel size=20 um,6.93,9.819411726663224,8.314754507807551,8.07550807400162
PhysiCell,PhysiCell_dx_20um_uptake,20.0,,mean over all voxels,single center voxel nearest the origin,mean over unique voxels nearest the configured cell positions,voxel size=20 um,6.94,9.819411060348001,8.3147512558415,8.075504994506542
PhysiCell,PhysiCell_dx_20um_uptake,20.0,,mean over all voxels,single center voxel nearest the origin,mean over unique voxels nearest the configured cell positions,voxel size=20 um,6.95,9.819410401924927,8.314748042392264,8.075501951486453
PhysiCell,PhysiCell_dx_20um_uptake,20.0,,mean over all voxels,single center voxel nearest the origin,mean over unique voxels nearest the configured cell positions,voxel size=20 um,6.96,9.819409751300526,8.314744867003656,8.075498944509329
PhysiCell,PhysiCell_dx_20um_uptake,20.0,,mean over all voxels,single center voxel nearest the origin,mean over unique voxels nearest the configured cell positions,voxel size=20 um,6.97,9.819409108382427,8.31474172922489,8.075495973148254
PhysiCell,PhysiCell_dx_20um_uptake,20.0,,mean over all voxels,single center voxel nearest the origin,mean over unique voxels nearest the configured cell positions,voxel size=20 um,6.98,9.819408473079353,8.314738628610522,8.075493036981378
PhysiCell,PhysiCell_dx_20um_uptake,20.0,,mean over all voxels,single center voxel nearest the origin,mean over unique voxels nearest the configured cell positions,voxel size=20 um,6.99,9.819407845301104,8.314735564720378,8.07549013559185
PhysiCell,PhysiCell_dx_20um_uptake,20.0,,mean over all voxels,single center voxel nearest the origin,mean over unique voxels nearest the configured cell positions,voxel size=20 um,7.0,9.81940722495856,8.314732537119504,8.075487268567741
PhysiCell,PhysiCell_dx_20um_uptake,20.0,,mean over all voxels,single center voxel nearest the origin,mean over unique voxels nearest the configured cell positions,voxel size=20 um,7.01,9.819406611963645,8.314729545378091,8.075484435502016
PhysiCell,PhysiCell_dx_20um_uptake,20.0,,mean over all voxels,single center voxel nearest the origin,mean over unique voxels nearest the configured cell positions,voxel size=20 um,7.02,9.819406006229327,8.314726589071421,8.075481635992457
PhysiCell,PhysiCell_dx_20um_uptake,20.0,,mean over all voxels,single center voxel nearest the origin,mean over unique voxels nearest the configured cell positions,voxel size=20 um,7.03,9.819405407669617,8.314723667779813,8.075478869641605
PhysiCell,PhysiCell_dx_20um_uptake,20.0,,mean over all voxels,single center voxel nearest the origin,mean over unique voxels nearest the configured cell positions,voxel size=20 um,7.04,9.819404816199523,8.314720781088546,8.075476136056716
PhysiCell,PhysiCell_dx_20um_uptake,20.0,,mean over all voxels,single center voxel nearest the origin,mean over unique voxels nearest the configured cell positions,voxel size=20 um,7.05,9.819404231735085,8.31471792858782,8.075473434849693
PhysiCell,PhysiCell_dx_20um_uptake,20.0,,mean over all voxels,single center voxel nearest the origin,mean over unique voxels nearest the configured cell positions,voxel size=20 um,7.06,9.819403654193318,8.314715109872681,8.075470765637037
PhysiCell,PhysiCell_dx_20um_uptake,20.0,,mean over all voxels,single center voxel nearest the origin,mean over unique voxels nearest the configured cell positions,voxel size=20 um,7.07,9.819403083492226,8.314712324542977,8.075468128039793
PhysiCell,PhysiCell_dx_20um_uptake,20.0,,mean over all voxels,single center voxel nearest the origin,mean over unique voxels nearest the configured cell positions,voxel size=20 um,7.08,9.819402519550785,8.31470957220329,8.075465521683492
PhysiCell,PhysiCell_dx_20um_uptake,20.0,,mean over all voxels,single center voxel nearest the origin,mean over unique voxels nearest the configured cell positions,voxel size=20 um,7.09,9.819401962288934,8.314706852462889,8.075462946198103
PhysiCell,PhysiCell_dx_20um_uptake,20.0,,mean over all voxels,single center voxel nearest the origin,mean over unique voxels nearest the configured cell positions,voxel size=20 um,7.1,9.819401411627556,8.314704164935671,8.075460401217976
PhysiCell,PhysiCell_dx_20um_uptake,20.0,,mean over all voxels,single center voxel nearest the origin,mean over unique voxels nearest the configured cell positions,voxel size=20 um,7.11,9.819400867488469,8.314701509240104,8.075457886381788
PhysiCell,PhysiCell_dx_20um_uptake,20.0,,mean over all voxels,single center voxel nearest the origin,mean over unique voxels nearest the configured cell positions,voxel size=20 um,7.12,9.81940032979442,8.31469888499917,8.075455401332508
PhysiCell,PhysiCell_dx_20um_uptake,20.0,,mean over all voxels,single center voxel nearest the origin,mean over unique voxels nearest the configured cell positions,voxel size=20 um,7.13,9.819399798469073,8.314696291840331,8.075452945717322
PhysiCell,PhysiCell_dx_20um_uptake,20.0,,mean over all voxels,single center voxel nearest the origin,mean over unique voxels nearest the configured cell positions,voxel size=20 um,7.14,9.819399273436995,8.314693729395445,8.075450519187596
PhysiCell,PhysiCell_dx_20um_uptake,20.0,,mean over all voxels,single center voxel nearest the origin,mean over unique voxels nearest the configured cell positions,voxel size=20 um,7.15,9.819398754623645,8.314691197300732,8.075448121398829
PhysiCell,PhysiCell_dx_20um_uptake,20.0,,mean over all voxels,single center voxel nearest the origin,mean over unique voxels nearest the configured cell positions,voxel size=20 um,7.16,9.81939824195536,8.314688695196732,8.075445752010602
PhysiCell,PhysiCell_dx_20um_uptake,20.0,,mean over all voxels,single center voxel nearest the origin,mean over unique voxels nearest the configured cell positions,voxel size=20 um,7.17,9.819397735359361,8.314686222728234,8.075443410686523
PhysiCell,PhysiCell_dx_20um_uptake,20.0,,mean over all voxels,single center voxel nearest the origin,mean over unique voxels nearest the configured cell positions,voxel size=20 um,7.18,9.819397234763725,8.31468377954423,8.075441097094192
PhysiCell,PhysiCell_dx_20um_uptake,20.0,,mean over all voxels,single center voxel nearest the origin,mean over unique voxels nearest the configured cell positions,voxel size=20 um,7.19,9.81939674009738,8.31468136529788,8.075438810905135
PhysiCell,PhysiCell_dx_20um_uptake,20.0,,mean over all voxels,single center voxel nearest the origin,mean over unique voxels nearest the configured cell positions,voxel size=20 um,7.2,9.819396251290096,8.314678979646443,8.07543655179478
PhysiCell,PhysiCell_dx_20um_uptake,20.0,,mean over all voxels,single center voxel nearest the origin,mean over unique voxels nearest the configured cell positions,voxel size=20 um,7.21,9.819395768272473,8.314676622251238,8.075434319442389
PhysiCell,PhysiCell_dx_20um_uptake,20.0,,mean over all voxels,single center voxel nearest the origin,mean over unique voxels nearest the configured cell positions,voxel size=20 um,7.22,9.81939529097594,8.314674292777603,8.075432113531031
PhysiCell,PhysiCell_dx_20um_uptake,20.0,,mean over all voxels,single center voxel nearest the origin,mean over unique voxels nearest the configured cell positions,voxel size=20 um,7.23,9.819394819332732,8.314671990894832,8.075429933747527
PhysiCell,PhysiCell_dx_20um_uptake,20.0,,mean over all voxels,single center voxel nearest the origin,mean over unique voxels nearest the configured cell positions,voxel size=20 um,7.24,9.819394353275888,8.314669716276134,8.075427779782402
PhysiCell,PhysiCell_dx_20um_uptake,20.0,,mean over all voxels,single center voxel nearest the origin,mean over unique voxels nearest the configured cell positions,voxel size=20 um,7.25,9.819393892739239,8.314667468598598,8.075425651329859
PhysiCell,PhysiCell_dx_20um_uptake,20.0,,mean over all voxels,single center voxel nearest the origin,mean over unique voxels nearest the configured cell positions,voxel size=20 um,7.26,9.819393437657405,8.314665247543129,8.075423548087707
PhysiCell,PhysiCell_dx_20um_uptake,20.0,,mean over all voxels,single center voxel nearest the origin,mean over unique voxels nearest the configured cell positions,voxel size=20 um,7.27,9.819392987965774,8.314663052794415,8.075421469757345
PhysiCell,PhysiCell_dx_20um_uptake,20.0,,mean over all voxels,single center voxel nearest the origin,mean over unique voxels nearest the configured cell positions,voxel size=20 um,7.28,9.819392543600502,8.314660884040876,8.075419416043703
PhysiCell,PhysiCell_dx_20um_uptake,20.0,,mean over all voxels,single center voxel nearest the origin,mean over unique voxels nearest the configured cell positions,voxel size=20 um,7.29,9.819392104498501,8.314658740974624,8.075417386655216
PhysiCell,PhysiCell_dx_20um_uptake,20.0,,mean over all voxels,single center voxel nearest the origin,mean over unique voxels nearest the configured cell positions,voxel size=20 um,7.3,9.819391670597431,8.314656623291416,8.075415381303761
PhysiCell,PhysiCell_dx_20um_uptake,20.0,,mean over all voxels,single center voxel nearest the origin,mean over unique voxels nearest the configured cell positions,voxel size=20 um,7.31,9.819391241835689,8.314654530690614,8.075413399704633
PhysiCell,PhysiCell_dx_20um_uptake,20.0,,mean over all voxels,single center voxel nearest the origin,mean over unique voxels nearest the configured cell positions,voxel size=20 um,7.32,9.819390818152405,8.314652462875141,8.075411441576497
PhysiCell,PhysiCell_dx_20um_uptake,20.0,,mean over all voxels,single center voxel nearest the origin,mean over unique voxels nearest the configured cell positions,voxel size=20 um,7.33,9.819390399487423,8.31465041955144,8.075409506641353
PhysiCell,PhysiCell_dx_20um_uptake,20.0,,mean over all voxels,single center voxel nearest the origin,mean over unique voxels nearest the configured cell positions,voxel size=20 um,7.34,9.819389985781307,8.314648400429425,8.07540759462449
PhysiCell,PhysiCell_dx_20um_uptake,20.0,,mean over all voxels,single center voxel nearest the origin,mean over unique voxels nearest the configured cell positions,voxel size=20 um,7.35,9.819389576975318,8.31464640522245,8.075405705254457
PhysiCell,PhysiCell_dx_20um_uptake,20.0,,mean over all voxels,single center voxel nearest the origin,mean over unique voxels nearest the configured cell positions,voxel size=20 um,7.36,9.819389173011425,8.314644433647262,8.075403838263012
PhysiCell,PhysiCell_dx_20um_uptake,20.0,,mean over all voxels,single center voxel nearest the origin,mean over unique voxels nearest the configured cell positions,voxel size=20 um,7.37,9.819388773832268,8.314642485423963,8.075401993385091
PhysiCell,PhysiCell_dx_20um_uptake,20.0,,mean over all voxels,single center voxel nearest the origin,mean over unique voxels nearest the configured cell positions,voxel size=20 um,7.38,9.819388379381177,8.314640560275972,8.075400170358773
PhysiCell,PhysiCell_dx_20um_uptake,20.0,,mean over all voxels,single center voxel nearest the origin,mean over unique voxels nearest the configured cell positions,voxel size=20 um,7.39,9.819387989602149,8.314638657929988,8.075398368925237
PhysiCell,PhysiCell_dx_20um_uptake,20.0,,mean over all voxels,single center voxel nearest the origin,mean over unique voxels nearest the configured cell positions,voxel size=20 um,7.4,9.819387604439848,8.314636778115933,8.07539658882873
PhysiCell,PhysiCell_dx_20um_uptake,20.0,,mean over all voxels,single center voxel nearest the origin,mean over unique voxels nearest the configured cell positions,voxel size=20 um,7.41,9.819387223839593,8.314634920566943,8.07539482981652
PhysiCell,PhysiCell_dx_20um_uptake,20.0,,mean over all voxels,single center voxel nearest the origin,mean over unique voxels nearest the configured cell positions,voxel size=20 um,7.42,9.819386847747346,8.314633085019304,8.075393091638881
PhysiCell,PhysiCell_dx_20um_uptake,20.0,,mean over all voxels,single center voxel nearest the origin,mean over unique voxels nearest the configured cell positions,voxel size=20 um,7.43,9.81938647610971,8.314631271212432,8.075391374049037
PhysiCell,PhysiCell_dx_20um_uptake,20.0,,mean over all voxels,single center voxel nearest the origin,mean over unique voxels nearest the configured cell positions,voxel size=20 um,7.44,9.819386108873925,8.314629478888822,8.075389676803134
PhysiCell,PhysiCell_dx_20um_uptake,20.0,,mean over all voxels,single center voxel nearest the origin,mean over unique voxels nearest the configured cell positions,voxel size=20 um,7.45,9.819385745987853,8.314627707794028,8.07538799966021
PhysiCell,PhysiCell_dx_20um_uptake,20.0,,mean over all voxels,single center voxel nearest the origin,mean over unique voxels nearest the configured cell positions,voxel size=20 um,7.46,9.81938538739998,8.314625957676613,8.075386342382158
PhysiCell,PhysiCell_dx_20um_uptake,20.0,,mean over all voxels,single center voxel nearest the origin,mean over unique voxels nearest the configured cell positions,voxel size=20 um,7.47,9.819385033059385,8.314624228288116,8.075384704733686
PhysiCell,PhysiCell_dx_20um_uptake,20.0,,mean over all voxels,single center voxel nearest the origin,mean over unique voxels nearest the configured cell positions,voxel size=20 um,7.48,9.819384682915768,8.314622519383024,8.075383086482296
PhysiCell,PhysiCell_dx_20um_uptake,20.0,,mean over all voxels,single center voxel nearest the origin,mean over unique voxels nearest the configured cell positions,voxel size=20 um,7.49,9.81938433691942,8.314620830718727,8.075381487398234
PhysiCell,PhysiCell_dx_20um_uptake,20.0,,mean over all voxels,single center voxel nearest the origin,mean over unique voxels nearest the configured cell positions,voxel size=20 um,7.5,9.81938399502121,8.314619162055484,8.075379907254478
PhysiCell,PhysiCell_dx_20um_uptake,20.0,,mean over all voxels,single center voxel nearest the origin,mean over unique voxels nearest the configured cell positions,voxel size=20 um,7.51,9.81938365717261,8.314617513156408,8.075378345826687
PhysiCell,PhysiCell_dx_20um_uptake,20.0,,mean over all voxels,single center voxel nearest the origin,mean over unique voxels nearest the configured cell positions,voxel size=20 um,7.52,9.81938332332564,8.314615883787406,8.075376802893183
PhysiCell,PhysiCell_dx_20um_uptake,20.0,,mean over all voxels,single center voxel nearest the origin,mean over unique voxels nearest the configured cell positions,voxel size=20 um,7.53,9.819382993432917,8.314614273717158,8.075375278234908
PhysiCell,PhysiCell_dx_20um_uptake,20.0,,mean over all voxels,single center voxel nearest the origin,mean over unique voxels nearest the configured cell positions,voxel size=20 um,7.54,9.819382667447597,8.31461268271709,8.075373771635407
PhysiCell,PhysiCell_dx_20um_uptake,20.0,,mean over all voxels,single center voxel nearest the origin,mean over unique voxels nearest the configured cell positions,voxel size=20 um,7.55,9.8193823453234,8.31461111056133,8.075372282880775
PhysiCell,PhysiCell_dx_20um_uptake,20.0,,mean over all voxels,single center voxel nearest the origin,mean over unique voxels nearest the configured cell positions,voxel size=20 um,7.56,9.819382027014594,8.314609557026682,8.075370811759656
PhysiCell,PhysiCell_dx_20um_uptake,20.0,,mean over all voxels,single center voxel nearest the origin,mean over unique voxels nearest the configured cell positions,voxel size=20 um,7.57,9.819381712475986,8.314608021892601,8.075369358063188
PhysiCell,PhysiCell_dx_20um_uptake,20.0,,mean over all voxels,single center voxel nearest the origin,mean over unique voxels nearest the configured cell positions,voxel size=20 um,7.58,9.819381401662923,8.31460650494114,8.075367921584988
PhysiCell,PhysiCell_dx_20um_uptake,20.0,,mean over all voxels,single center voxel nearest the origin,mean over unique voxels nearest the configured cell positions,voxel size=20 um,7.59,9.819381094531275,8.314605005956942,8.075366502121108
PhysiCell,PhysiCell_dx_20um_uptake,20.0,,mean over all voxels,single center voxel nearest the origin,mean over unique voxels nearest the configured cell positions,voxel size=20 um,7.6,9.819380791037439,8.314603524727202,8.075365099470028
PhysiCell,PhysiCell_dx_20um_uptake,20.0,,mean over all voxels,single center voxel nearest the origin,mean over unique voxels nearest the configured cell positions,voxel size=20 um,7.61,9.819380491138329,8.314602061041631,8.075363713432605
PhysiCell,PhysiCell_dx_20um_uptake,20.0,,mean over all voxels,single center voxel nearest the origin,mean over unique voxels nearest the configured cell positions,voxel size=20 um,7.62,9.819380194791362,8.314600614692433,8.075362343812067
PhysiCell,PhysiCell_dx_20um_uptake,20.0,,mean over all voxels,single center voxel nearest the origin,mean over unique voxels nearest the configured cell positions,voxel size=20 um,7.63,9.81937990195447,8.314599185474272,8.075360990413955
PhysiCell,PhysiCell_dx_20um_uptake,20.0,,mean over all voxels,single center voxel nearest the origin,mean over unique voxels nearest the configured cell positions,voxel size=20 um,7.64,9.819379612586076,8.314597773184245,8.07535965304613
PhysiCell,PhysiCell_dx_20um_uptake,20.0,,mean over all voxels,single center voxel nearest the origin,mean over unique voxels nearest the configured cell positions,voxel size=20 um,7.65,9.819379326645096,8.31459637762185,8.075358331518718
PhysiCell,PhysiCell_dx_20um_uptake,20.0,,mean over all voxels,single center voxel nearest the origin,mean over unique voxels nearest the configured cell positions,voxel size=20 um,7.66,9.819379044090937,8.314594998588966,8.075357025644097
PhysiCell,PhysiCell_dx_20um_uptake,20.0,,mean over all voxels,single center voxel nearest the origin,mean over unique voxels nearest the configured cell positions,voxel size=20 um,7.67,9.819378764883481,8.314593635889809,8.07535573523687
PhysiCell,PhysiCell_dx_20um_uptake,20.0,,mean over all voxels,single center voxel nearest the origin,mean over unique voxels nearest the configured cell positions,voxel size=20 um,7.68,9.819378488983093,8.314592289330923,8.075354460113836
PhysiCell,PhysiCell_dx_20um_uptake,20.0,,mean over all voxels,single center voxel nearest the origin,mean over unique voxels nearest the configured cell positions,voxel size=20 um,7.69,9.819378216350595,8.314590958721137,8.075353200093959
PhysiCell,PhysiCell_dx_20um_uptake,20.0,,mean over all voxels,single center voxel nearest the origin,mean over unique voxels nearest the configured cell positions,voxel size=20 um,7.7,9.819377946947286,8.314589643871548,8.075351954998348
PhysiCell,PhysiCell_dx_20um_uptake,20.0,,mean over all voxels,single center voxel nearest the origin,mean over unique voxels nearest the configured cell positions,voxel size=20 um,7.71,9.819377680734917,8.31458834459549,8.075350724650239
PhysiCell,PhysiCell_dx_20um_uptake,20.0,,mean over all voxels,single center voxel nearest the origin,mean over unique voxels nearest the configured cell positions,voxel size=20 um,7.72,9.819377417675692,8.314587060708503,8.075349508874949
PhysiCell,PhysiCell_dx_20um_uptake,20.0,,mean over all voxels,single center voxel nearest the origin,mean over unique voxels nearest the configured cell positions,voxel size=20 um,7.73,9.819377157732267,8.314585792028318,8.075348307499874
PhysiCell,PhysiCell_dx_20um_uptake,20.0,,mean over all voxels,single center voxel nearest the origin,mean over unique voxels nearest the configured cell positions,voxel size=20 um,7.74,9.81937690086773,8.31458453837482,8.075347120354452
PhysiCell,PhysiCell_dx_20um_uptake,20.0,,mean over all voxels,single center voxel nearest the origin,mean over unique voxels nearest the configured cell positions,voxel size=20 um,7.75,9.81937664704562,8.314583299570032,8.075345947270142
PhysiCell,PhysiCell_dx_20um_uptake,20.0,,mean over all voxels,single center voxel nearest the origin,mean over unique voxels nearest the configured cell positions,voxel size=20 um,7.76,9.819376396229899,8.314582075438079,8.07534478808039
PhysiCell,PhysiCell_dx_20um_uptake,20.0,,mean over all voxels,single center voxel nearest the origin,mean over unique voxels nearest the configured cell positions,voxel size=20 um,7.77,9.819376148384956,8.314580865805173,8.07534364262063
PhysiCell,PhysiCell_dx_20um_uptake,20.0,,mean over all voxels,single center voxel nearest the origin,mean over unique voxels nearest the configured cell positions,voxel size=20 um,7.78,9.819375903475605,8.314579670499588,8.075342510728234
PhysiCell,PhysiCell_dx_20um_uptake,20.0,,mean over all voxels,single center voxel nearest the origin,mean over unique voxels nearest the configured cell positions,voxel size=20 um,7.79,9.819375661467076,8.314578489351627,8.075341392242503
PhysiCell,PhysiCell_dx_20um_uptake,20.0,,mean over all voxels,single center voxel nearest the origin,mean over unique voxels nearest the configured cell positions,voxel size=20 um,7.8,9.81937542232501,8.3145773221936,8.075340287004648
PhysiCell,PhysiCell_dx_20um_uptake,20.0,,mean over all voxels,single center voxel nearest the origin,mean over unique voxels nearest the configured cell positions,voxel size=20 um,7.81,9.819375186015455,8.314576168859809,8.075339194857746
PhysiCell,PhysiCell_dx_20um_uptake,20.0,,mean over all voxels,single center voxel nearest the origin,mean over unique voxels nearest the configured cell positions,voxel size=20 um,7.82,9.819374952504864,8.314575029186516,8.075338115646748
PhysiCell,PhysiCell_dx_20um_uptake,20.0,,mean over all voxels,single center voxel nearest the origin,mean over unique voxels nearest the configured cell positions,voxel size=20 um,7.83,9.81937472176008,8.314573903011922,8.075337049218431
PhysiCell,PhysiCell_dx_20um_uptake,20.0,,mean over all voxels,single center voxel nearest the origin,mean over unique voxels nearest the configured cell positions,voxel size=20 um,7.84,9.819374493748347,8.314572790176149,8.075335995421396
PhysiCell,PhysiCell_dx_20um_uptake,20.0,,mean over all voxels,single center voxel nearest the origin,mean over unique voxels nearest the configured cell positions,voxel size=20 um,7.85,9.81937426843729,8.314571690521202,8.075334954106026
PhysiCell,PhysiCell_dx_20um_uptake,20.0,,mean over all voxels,single center voxel nearest the origin,mean over unique voxels nearest the configured cell positions,voxel size=20 um,7.86,9.819374045794925,8.314570603890969,8.075333925124488
PhysiCell,PhysiCell_dx_20um_uptake,20.0,,mean over all voxels,single center voxel nearest the origin,mean over unique voxels nearest the configured cell positions,voxel size=20 um,7.87,9.81937382578964,8.31456953013118,8.075332908330688
PhysiCell,PhysiCell_dx_20um_uptake,20.0,,mean over all voxels,single center voxel nearest the origin,mean over unique voxels nearest the configured cell positions,voxel size=20 um,7.88,9.819373608390203,8.314568469089396,8.075331903580274
PhysiCell,PhysiCell_dx_20um_uptake,20.0,,mean over all voxels,single center voxel nearest the origin,mean over unique voxels nearest the configured cell positions,voxel size=20 um,7.89,9.819373393565746,8.314567420614978,8.075330910730601
PhysiCell,PhysiCell_dx_20um_uptake,20.0,,mean over all voxels,single center voxel nearest the origin,mean over unique voxels nearest the configured cell positions,voxel size=20 um,7.9,9.819373181285771,8.314566384559077,8.0753299296407
PhysiCell,PhysiCell_dx_20um_uptake,20.0,,mean over all voxels,single center voxel nearest the origin,mean over unique voxels nearest the configured cell positions,voxel size=20 um,7.91,9.81937297152014,8.314565360774607,8.075328960171294
PhysiCell,PhysiCell_dx_20um_uptake,20.0,,mean over all voxels,single center voxel nearest the origin,mean over unique voxels nearest the configured cell positions,voxel size=20 um,7.92,9.819372764239072,8.314564349116216,8.07532800218474
PhysiCell,PhysiCell_dx_20um_uptake,20.0,,mean over all voxels,single center voxel nearest the origin,mean over unique voxels nearest the configured cell positions,voxel size=20 um,7.93,9.819372559413138,8.314563349440283,8.075327055545028
PhysiCell,PhysiCell_dx_20um_uptake,20.0,,mean over all voxels,single center voxel nearest the origin,mean over unique voxels nearest the configured cell positions,voxel size=20 um,7.94,9.81937235701326,8.314562361604885,8.075326120117763
PhysiCell,PhysiCell_dx_20um_uptake,20.0,,mean over all voxels,single center voxel nearest the origin,mean over unique voxels nearest the configured cell positions,voxel size=20 um,7.95,9.819372157010699,8.314561385469776,8.075325195770143
PhysiCell,PhysiCell_dx_20um_uptake,20.0,,mean over all voxels,single center voxel nearest the origin,mean over unique voxels nearest the configured cell positions,voxel size=20 um,7.96,9.819371959377067,8.31456042089638,8.075324282370925
PhysiCell,PhysiCell_dx_20um_uptake,20.0,,mean over all voxels,single center voxel nearest the origin,mean over unique voxels nearest the configured cell positions,voxel size=20 um,7.97,9.819371764084297,8.31455946774775,8.07532337979044
PhysiCell,PhysiCell_dx_20um_uptake,20.0,,mean over all voxels,single center voxel nearest the origin,mean over unique voxels nearest the configured cell positions,voxel size=20 um,7.98,9.819371571104668,8.314558525888575,8.075322487900541
PhysiCell,PhysiCell_dx_20um_uptake,20.0,,mean over all voxels,single center voxel nearest the origin,mean over unique voxels nearest the configured cell positions,voxel size=20 um,7.99,9.81937138041078,8.314557595185132,8.075321606574606
PhysiCell,PhysiCell_dx_20um_uptake,20.0,,mean over all voxels,single center voxel nearest the origin,mean over unique voxels nearest the configured cell positions,voxel size=20 um,8.0,9.81937119197556,8.314556675505296,8.07532073568751
PhysiCell,PhysiCell_dx_20um_uptake,20.0,,mean over all voxels,single center voxel nearest the origin,mean over unique voxels nearest the configured cell positions,voxel size=20 um,8.01,9.819371005772254,8.314555766718497,8.075319875115616
PhysiCell,PhysiCell_dx_20um_uptake,20.0,,mean over all voxels,single center voxel nearest the origin,mean over unique voxels nearest the configured cell positions,voxel size=20 um,8.02,9.81937082177443,8.314554868695717,8.075319024736736
PhysiCell,PhysiCell_dx_20um_uptake,20.0,,mean over all voxels,single center voxel nearest the origin,mean over unique voxels nearest the configured cell positions,voxel size=20 um,8.03,9.819370639955961,8.314553981309462,8.075318184430145
PhysiCell,PhysiCell_dx_20um_uptake,20.0,,mean over all voxels,single center voxel nearest the origin,mean over unique voxels nearest the configured cell positions,voxel size=20 um,8.04,9.819370460291037,8.314553104433747,8.07531735407654
PhysiCell,PhysiCell_dx_20um_uptake,20.0,,mean over all voxels,single center voxel nearest the origin,mean over unique voxels nearest the configured cell positions,voxel size=20 um,8.05,9.819370282754148,8.314552237944088,8.075316533558034
PhysiCell,PhysiCell_dx_20um_uptake,20.0,,mean over all voxels,single center voxel nearest the origin,mean over unique voxels nearest the configured cell positions,voxel size=20 um,8.06,9.81937010732009,8.314551381717463,8.075315722758138
PhysiCell,PhysiCell_dx_20um_uptake,20.0,,mean over all voxels,single center voxel nearest the origin,mean over unique voxels nearest the configured cell positions,voxel size=20 um,8.07,9.819369933963957,8.31455053563232,8.075314921561734
PhysiCell,PhysiCell_dx_20um_uptake,20.0,,mean over all voxels,single center voxel nearest the origin,mean over unique voxels nearest the configured cell positions,voxel size=20 um,8.08,9.819369762661132,8.314549699568534,8.075314129855078
PhysiCell,PhysiCell_dx_20um_uptake,20.0,,mean over all voxels,single center voxel nearest the origin,mean over unique voxels nearest the configured cell positions,voxel size=20 um,8.09,9.819369593387302,8.31454887340741,8.075313347525771
PhysiCell,PhysiCell_dx_20um_uptake,20.0,,mean over all voxels,single center voxel nearest the origin,mean over unique voxels nearest the configured cell positions,voxel size=20 um,8.1,9.819369426118428,8.314548057031661,8.075312574462739
PhysiCell,PhysiCell_dx_20um_uptake,20.0,,mean over all voxels,single center voxel nearest the origin,mean over unique voxels nearest the configured cell positions,voxel size=20 um,8.11,9.819369260830767,8.314547250325386,8.075311810556228
PhysiCell,PhysiCell_dx_20um_uptake,20.0,,mean over all voxels,single center voxel nearest the origin,mean over unique voxels nearest the configured cell positions,voxel size=20 um,8.12,9.81936909750085,8.314546453174055,8.075311055697787
PhysiCell,PhysiCell_dx_20um_uptake,20.0,,mean over all voxels,single center voxel nearest the origin,mean over unique voxels nearest the configured cell positions,voxel size=20 um,8.13,9.819368936105489,8.314545665464497,8.075310309780244
PhysiCell,PhysiCell_dx_20um_uptake,20.0,,mean over all voxels,single center voxel nearest the origin,mean over unique voxels nearest the configured cell positions,voxel size=20 um,8.14,9.819368776621772,8.31454488708488,8.0753095726977
PhysiCell,PhysiCell_dx_20um_uptake,20.0,,mean over all voxels,single center voxel nearest the origin,mean over unique voxels nearest the configured cell positions,voxel size=20 um,8.15,9.819368619027056,8.314544117924699,8.075308844345505
PhysiCell,PhysiCell_dx_20um_uptake,20.0,,mean over all voxels,single center voxel nearest the origin,mean over unique voxels nearest the configured cell positions,voxel size=20 um,8.16,9.819368463298964,8.314543357874753,8.075308124620262
PhysiCell,PhysiCell_dx_20um_uptake,20.0,,mean over all voxels,single center voxel nearest the origin,mean over unique voxels nearest the configured cell positions,voxel size=20 um,8.17,9.81936830941539,8.314542606827139,8.07530741341978
PhysiCell,PhysiCell_dx_20um_uptake,20.0,,mean over all voxels,single center voxel nearest the origin,mean over unique voxels nearest the configured cell positions,voxel size=20 um,8.18,9.819368157354488,8.314541864675231,8.075306710643094
PhysiCell,PhysiCell_dx_20um_uptake,20.0,,mean over all voxels,single center voxel nearest the origin,mean over unique voxels nearest the configured cell positions,voxel size=20 um,8.19,9.819368007094662,8.314541131313664,8.075306016190423
PhysiCell,PhysiCell_dx_20um_uptake,20.0,,mean over all voxels,single center voxel nearest the origin,mean over unique voxels nearest the configured cell positions,voxel size=20 um,8.2,9.819367858614585,8.314540406638324,8.075305329963179
PhysiCell,PhysiCell_dx_20um_uptake,20.0,,mean over all voxels,single center voxel nearest the origin,mean over unique voxels nearest the configured cell positions,voxel size=20 um,8.21,9.819367711893177,8.314539690546328,8.075304651863933
PhysiCell,PhysiCell_dx_20um_uptake,20.0,,mean over all voxels,single center voxel nearest the origin,mean over unique voxels nearest the configured cell positions,voxel size=20 um,8.22,9.819367566909607,8.31453898293601,8.075303981796411
PhysiCell,PhysiCell_dx_20um_uptake,20.0,,mean over all voxels,single center voxel nearest the origin,mean over unique voxels nearest the configured cell positions,voxel size=20 um,8.23,9.81936742364329,8.314538283706915,8.075303319665485
PhysiCell,PhysiCell_dx_20um_uptake,20.0,,mean over all voxels,single center voxel nearest the origin,mean over unique voxels nearest the configured cell positions,voxel size=20 um,8.24,9.819367282073886,8.31453759275977,8.07530266537715
PhysiCell,PhysiCell_dx_20um_uptake,20.0,,mean over all voxels,single center voxel nearest the origin,mean over unique voxels nearest the configured cell positions,voxel size=20 um,8.25,9.819367142181298,8.314536909996477,8.075302018838515
PhysiCell,PhysiCell_dx_20um_uptake,20.0,,mean over all voxels,single center voxel nearest the origin,mean over unique voxels nearest the configured cell positions,voxel size=20 um,8.26,9.819367003945665,8.314536235320109,8.07530137995779
PhysiCell,PhysiCell_dx_20um_uptake,20.0,,mean over all voxels,single center voxel nearest the origin,mean over unique voxels nearest the configured cell positions,voxel size=20 um,8.27,9.819366867347355,8.31453556863488,8.075300748644265
PhysiCell,PhysiCell_dx_20um_uptake,20.0,,mean over all voxels,single center voxel nearest the origin,mean over unique voxels nearest the configured cell positions,voxel size=20 um,8.28,9.819366732366984,8.314534909846142,8.075300124808317
PhysiCell,PhysiCell_dx_20um_uptake,20.0,,mean over all voxels,single center voxel nearest the origin,mean over unique voxels nearest the configured cell positions,voxel size=20 um,8.29,9.819366598985383,8.314534258860366,8.075299508361372
PhysiCell,PhysiCell_dx_20um_uptake,20.0,,mean over all voxels,single center voxel nearest the origin,mean over unique voxels nearest the configured cell positions,voxel size=20 um,8.3,9.819366467183617,8.314533615585127,8.075298899215918
PhysiCell,PhysiCell_dx_20um_uptake,20.0,,mean over all voxels,single center voxel nearest the origin,mean over unique voxels nearest the configured cell positions,voxel size=20 um,8.31,9.819366336942972,8.314532979929101,8.075298297285467
PhysiCell,PhysiCell_dx_20um_uptake,20.0,,mean over all voxels,single center voxel nearest the origin,mean over unique voxels nearest the configured cell positions,voxel size=20 um,8.32,9.81936620824496,8.314532351802045,8.075297702484567
PhysiCell,PhysiCell_dx_20um_uptake,20.0,,mean over all voxels,single center voxel nearest the origin,mean over unique voxels nearest the configured cell positions,voxel size=20 um,8.33,9.819366081071305,8.314531731114782,8.075297114728768
PhysiCell,PhysiCell_dx_20um_uptake,20.0,,mean over all voxels,single center voxel nearest the origin,mean over unique voxels nearest the configured cell positions,voxel size=20 um,8.34,9.819365955403958,8.314531117779191,8.075296533934624
PhysiCell,PhysiCell_dx_20um_uptake,20.0,,mean over all voxels,single center voxel nearest the origin,mean over unique voxels nearest the configured cell positions,voxel size=20 um,8.35,9.81936583122507,8.314530511708199,8.07529596001968
PhysiCell,PhysiCell_dx_20um_uptake,20.0,,mean over all voxels,single center voxel nearest the origin,mean over unique voxels nearest the configured cell positions,voxel size=20 um,8.36,9.819365708517019,8.314529912815763,8.075295392902452
PhysiCell,PhysiCell_dx_20um_uptake,20.0,,mean over all voxels,single center voxel nearest the origin,mean over unique voxels nearest the configured cell positions,voxel size=20 um,8.37,9.819365587262379,8.31452932101685,8.075294832502431
PhysiCell,PhysiCell_dx_20um_uptake,20.0,,mean over all voxels,single center voxel nearest the origin,mean over unique voxels nearest the configured cell positions,voxel size=20 um,8.38,9.819365467443935,8.31452873622745,8.075294278740051
PhysiCell,PhysiCell_dx_20um_uptake,20.0,,mean over all voxels,single center voxel nearest the origin,mean over unique voxels nearest the configured cell positions,voxel size=20 um,8.39,9.819365349044679,8.314528158364535,8.075293731536695
PhysiCell,PhysiCell_dx_20um_uptake,20.0,,mean over all voxels,single center voxel nearest the origin,mean over unique voxels nearest the configured cell positions,voxel size=20 um,8.4,9.819365232047797,8.31452758734607,8.075293190814671
PhysiCell,PhysiCell_dx_20um_uptake,20.0,,mean over all voxels,single center voxel nearest the origin,mean over unique voxels nearest the configured cell positions,voxel size=20 um,8.41,9.819365116436684,8.314527023090982,8.075292656497213
PhysiCell,PhysiCell_dx_20um_uptake,20.0,,mean over all voxels,single center voxel nearest the origin,mean over unique voxels nearest the configured cell positions,voxel size=20 um,8.42,9.81936500219492,8.314526465519162,8.075292128508462
PhysiCell,PhysiCell_dx_20um_uptake,20.0,,mean over all voxels,single center voxel nearest the origin,mean over unique voxels nearest the configured cell positions,voxel size=20 um,8.43,9.819364889306291,8.314525914551457,8.07529160677346
PhysiCell,PhysiCell_dx_20um_uptake,20.0,,mean over all voxels,single center voxel nearest the origin,mean over unique voxels nearest the configured cell positions,voxel size=20 um,8.44,9.81936477775477,8.314525370109642,8.075291091218132
PhysiCell,PhysiCell_dx_20um_uptake,20.0,,mean over all voxels,single center voxel nearest the origin,mean over unique voxels nearest the configured cell positions,voxel size=20 um,8.45,9.819364667524514,8.31452483211642,8.075290581769282
PhysiCell,PhysiCell_dx_20um_uptake,20.0,,mean over all voxels,single center voxel nearest the origin,mean over unique voxels nearest the configured cell positions,voxel size=20 um,8.46,9.81936455859988,8.314524300495417,8.075290078354588
PhysiCell,PhysiCell_dx_20um_uptake,20.0,,mean over all voxels,single center voxel nearest the origin,mean over unique voxels nearest the configured cell positions,voxel size=20 um,8.47,9.8193644509654,8.314523775171155,8.07528958090257
PhysiCell,PhysiCell_dx_20um_uptake,20.0,,mean over all voxels,single center voxel nearest the origin,mean over unique voxels nearest the configured cell positions,voxel size=20 um,8.48,9.81936434460579,8.314523256069053,8.075289089342611
PhysiCell,PhysiCell_dx_20um_uptake,20.0,,mean over all voxels,single center voxel nearest the origin,mean over unique voxels nearest the configured cell positions,voxel size=20 um,8.49,9.819364239505958,8.314522743115413,8.075288603604918
PhysiCell,PhysiCell_dx_20um_uptake,20.0,,mean over all voxels,single center voxel nearest the origin,mean over unique voxels nearest the configured cell positions,voxel size=20 um,8.5,9.819364135650977,8.314522236237412,8.075288123620535
PhysiCell,PhysiCell_dx_20um_uptake,20.0,,mean over all voxels,single center voxel nearest the origin,mean over unique voxels nearest the configured cell positions,voxel size=20 um,8.51,9.819364033026103,8.314521735363087,8.075287649321309
PhysiCell,PhysiCell_dx_20um_uptake,20.0,,mean over all voxels,single center voxel nearest the origin,mean over unique voxels nearest the configured cell positions,voxel size=20 um,8.52,9.819363931616767,8.314521240421328,8.075287180639904
PhysiCell,PhysiCell_dx_20um_uptake,20.0,,mean over all voxels,single center voxel nearest the origin,mean over unique voxels nearest the configured cell positions,voxel size=20 um,8.53,9.819363831408568,8.314520751341865,8.075286717509785
PhysiCell,PhysiCell_dx_20um_uptake,20.0,,mean over all voxels,single center voxel nearest the origin,mean over unique voxels nearest the configured cell positions,voxel size=20 um,8.54,9.819363732387284,8.314520268055267,8.0752862598652
PhysiCell,PhysiCell_dx_20um_uptake,20.0,,mean over all voxels,single center voxel nearest the origin,mean over unique voxels nearest the configured cell positions,voxel size=20 um,8.55,9.819363634538854,8.314519790492922,8.075285807641169
PhysiCell,PhysiCell_dx_20um_uptake,20.0,,mean over all voxels,single center voxel nearest the origin,mean over unique voxels nearest the configured cell positions,voxel size=20 um,8.56,9.819363537849386,8.314519318587022,8.075285360773494
PhysiCell,PhysiCell_dx_20um_uptake,20.0,,mean over all voxels,single center voxel nearest the origin,mean over unique voxels nearest the configured cell positions,voxel size=20 um,8.57,9.819363442305155,8.314518852270576,8.07528491919873
PhysiCell,PhysiCell_dx_20um_uptake,20.0,,mean over all voxels,single center voxel nearest the origin,mean over unique voxels nearest the configured cell positions,voxel size=20 um,8.58,9.819363347892597,8.314518391477382,8.075284482854183
PhysiCell,PhysiCell_dx_20um_uptake,20.0,,mean over all voxels,single center voxel nearest the origin,mean over unique voxels nearest the configured cell positions,voxel size=20 um,8.59,9.8193632545983,8.314517936142016,8.075284051677908
PhysiCell,PhysiCell_dx_20um_uptake,20.0,,mean over all voxels,single center voxel nearest the origin,mean over unique voxels nearest the configured cell positions,voxel size=20 um,8.6,9.81936316240903,8.31451748619984,8.075283625608689
PhysiCell,PhysiCell_dx_20um_uptake,20.0,,mean over all voxels,single center voxel nearest the origin,mean over unique voxels nearest the configured cell positions,voxel size=20 um,8.61,9.819363071311692,8.314517041586965,8.075283204586034
PhysiCell,PhysiCell_dx_20um_uptake,20.0,,mean over all voxels,single center voxel nearest the origin,mean over unique voxels nearest the configured cell positions,voxel size=20 um,8.62,9.819362981293354,8.314516602240277,8.075282788550169
PhysiCell,PhysiCell_dx_20um_uptake,20.0,,mean over all voxels,single center voxel nearest the origin,mean over unique voxels nearest the configured cell positions,voxel size=20 um,8.63,9.819362892341234,8.314516168097398,8.075282377442027
PhysiCell,PhysiCell_dx_20um_uptake,20.0,,mean over all voxels,single center voxel nearest the origin,mean over unique voxels nearest the configured cell positions,voxel size=20 um,8.64,9.819362804442704,8.314515739096695,8.075281971203248
PhysiCell,PhysiCell_dx_20um_uptake,20.0,,mean over all voxels,single center voxel nearest the origin,mean over unique voxels nearest the configured cell positions,voxel size=20 um,8.65,9.819362717585287,8.314515315177255,8.075281569776147
PhysiCell,PhysiCell_dx_20um_uptake,20.0,,mean over all voxels,single center voxel nearest the origin,mean over unique voxels nearest the configured cell positions,voxel size=20 um,8.66,9.81936263175665,8.314514896278899,8.075281173103738
PhysiCell,PhysiCell_dx_20um_uptake,20.0,,mean over all voxels,single center voxel nearest the origin,mean over unique voxels nearest the configured cell positions,voxel size=20 um,8.67,9.819362546944609,8.314514482342156,8.075280781129708
PhysiCell,PhysiCell_dx_20um_uptake,20.0,,mean over all voxels,single center voxel nearest the origin,mean over unique voxels nearest the configured cell positions,voxel size=20 um,8.68,9.81936246313712,8.314514073308258,8.075280393798398
PhysiCell,PhysiCell_dx_20um_uptake,20.0,,mean over all voxels,single center voxel nearest the origin,mean over unique voxels nearest the configured cell positions,voxel size=20 um,8.69,9.819362380322286,8.314513669119133,8.075280011054826
PhysiCell,PhysiCell_dx_20um_uptake,20.0,,mean over all voxels,single center voxel nearest the origin,mean over unique voxels nearest the configured cell positions,voxel size=20 um,8.7,9.81936229848835,8.314513269717395,8.075279632844646
PhysiCell,PhysiCell_dx_20um_uptake,20.0,,mean over all voxels,single center voxel nearest the origin,mean over unique voxels nearest the configured cell positions,voxel size=20 um,8.71,9.819362217623695,8.314512875046347,8.075279259114167
PhysiCell,PhysiCell_dx_20um_uptake,20.0,,mean over all voxels,single center voxel nearest the origin,mean over unique voxels nearest the configured cell positions,voxel size=20 um,8.72,9.819362137716839,8.314512485049951,8.075278889810328
PhysiCell,PhysiCell_dx_20um_uptake,20.0,,mean over all voxels,single center voxel nearest the origin,mean over unique voxels nearest the configured cell positions,voxel size=20 um,8.73,9.819362058756436,8.31451209967284,8.075278524880698
PhysiCell,PhysiCell_dx_20um_uptake,20.0,,mean over all voxels,single center voxel nearest the origin,mean over unique voxels nearest the configured cell positions,voxel size=20 um,8.74,9.819361980731278,8.314511718860302,8.075278164273463
PhysiCell,PhysiCell_dx_20um_uptake,20.0,,mean over all voxels,single center voxel nearest the origin,mean over unique voxels nearest the configured cell positions,voxel size=20 um,8.75,9.819361903630288,8.314511342558271,8.075277807937434
PhysiCell,PhysiCell_dx_20um_uptake,20.0,,mean over all voxels,single center voxel nearest the origin,mean over unique voxels nearest the configured cell positions,voxel size=20 um,8.76,9.819361827442515,8.314510970713323,8.075277455822015
PhysiCell,PhysiCell_dx_20um_uptake,20.0,,mean over all voxels,single center voxel nearest the origin,mean over unique voxels nearest the configured cell positions,voxel size=20 um,8.77,9.81936175215715,8.31451060327267,8.075277107877216
PhysiCell,PhysiCell_dx_20um_uptake,20.0,,mean over all voxels,single center voxel nearest the origin,mean over unique voxels nearest the configured cell positions,voxel size=20 um,8.78,9.819361677763498,8.314510240184143,8.07527676405364
PhysiCell,PhysiCell_dx_20um_uptake,20.0,,mean over all voxels,single center voxel nearest the origin,mean over unique voxels nearest the configured cell positions,voxel size=20 um,8.79,9.819361604251,8.314509881396196,8.075276424302473
PhysiCell,PhysiCell_dx_20um_uptake,20.0,,mean over all voxels,single center voxel nearest the origin,mean over unique voxels nearest the configured cell positions,voxel size=20 um,8.8,9.819361531609218,8.314509526857888,8.075276088575478
PhysiCell,PhysiCell_dx_20um_uptake,20.0,,mean over all voxels,single center voxel nearest the origin,mean over unique voxels nearest the configured cell positions,voxel size=20 um,8.81,9.819361459827839,8.314509176518886,8.07527575682499
PhysiCell,PhysiCell_dx_20um_uptake,20.0,,mean over all voxels,single center voxel nearest the origin,mean over unique voxels nearest the configured cell positions,voxel size=20 um,8.82,9.819361388896674,8.31450883032945,8.075275429003915
PhysiCell,PhysiCell_dx_20um_uptake,20.0,,mean over all voxels,single center voxel nearest the origin,mean over unique voxels nearest the configured cell positions,voxel size=20 um,8.83,9.81936131880565,8.314508488240431,8.075275105065703
PhysiCell,PhysiCell_dx_20um_uptake,20.0,,mean over all voxels,single center voxel nearest the origin,mean over unique voxels nearest the configured cell positions,voxel size=20 um,8.84,9.819361249544816,8.314508150203267,8.075274784964368
PhysiCell,PhysiCell_dx_20um_uptake,20.0,,mean over all voxels,single center voxel nearest the origin,mean over unique voxels nearest the configured cell positions,voxel size=20 um,8.85,9.819361181104343,8.314507816169963,8.075274468654465
PhysiCell,PhysiCell_dx_20um_uptake,20.0,,mean over all voxels,single center voxel nearest the origin,mean over unique voxels nearest the configured cell positions,voxel size=20 um,8.86,9.819361113474509,8.314507486093092,8.075274156091085
PhysiCell,PhysiCell_dx_20um_uptake,20.0,,mean over all voxels,single center voxel nearest the origin,mean over unique voxels nearest the configured cell positions,voxel size=20 um,8.87,9.819361046645717,8.314507159925796,8.075273847229855
PhysiCell,PhysiCell_dx_20um_uptake,20.0,,mean over all voxels,single center voxel nearest the origin,mean over unique voxels nearest the configured cell positions,voxel size=20 um,8.88,9.819360980608472,8.314506837621769,8.075273542026919
PhysiCell,PhysiCell_dx_20um_uptake,20.0,,mean over all voxels,single center voxel nearest the origin,mean over unique voxels nearest the configured cell positions,voxel size=20 um,8.89,9.819360915353407,8.314506519135255,8.075273240438953
PhysiCell,PhysiCell_dx_20um_uptake,20.0,,mean over all voxels,single center voxel nearest the origin,mean over unique voxels nearest the configured cell positions,voxel size=20 um,8.9,9.81936085087125,8.314506204421031,8.075272942423135
PhysiCell,PhysiCell_dx_20um_uptake,20.0,,mean over all voxels,single center voxel nearest the origin,mean over unique voxels nearest the configured cell positions,voxel size=20 um,8.91,9.819360787152855,8.314505893434422,8.075272647937158
PhysiCell,PhysiCell_dx_20um_uptake,20.0,,mean over all voxels,single center voxel nearest the origin,mean over unique voxels nearest the configured cell positions,voxel size=20 um,8.92,9.819360724189169,8.314505586131272,8.075272356939214
PhysiCell,PhysiCell_dx_20um_uptake,20.0,,mean over all voxels,single center voxel nearest the origin,mean over unique voxels nearest the configured cell positions,voxel size=20 um,8.93,9.819360661971254,8.314505282467959,8.07527206938798
PhysiCell,PhysiCell_dx_20um_uptake,20.0,,mean over all voxels,single center voxel nearest the origin,mean over unique voxels nearest the configured cell positions,voxel size=20 um,8.94,9.819360600490276,8.314504982401369,8.075271785242643
PhysiCell,PhysiCell_dx_20um_uptake,20.0,,mean over all voxels,single center voxel nearest the origin,mean over unique voxels nearest the configured cell positions,voxel size=20 um,8.95,9.81936053973751,8.314504685888897,8.075271504462856
PhysiCell,PhysiCell_dx_20um_uptake,20.0,,mean over all voxels,single center voxel nearest the origin,mean over unique voxels nearest the configured cell positions,voxel size=20 um,8.96,9.819360479704327,8.314504392888452,8.07527122700876
PhysiCell,PhysiCell_dx_20um_uptake,20.0,,mean over all voxels,single center voxel nearest the origin,mean over unique voxels nearest the configured cell positions,voxel size=20 um,8.97,9.819360420382207,8.31450410335843,8.075270952840958
PhysiCell,PhysiCell_dx_20um_uptake,20.0,,mean over all voxels,single center voxel nearest the origin,mean over unique voxels nearest the configured cell positions,voxel size=20 um,8.98,9.819360361762723,8.314503817257734,8.075270681920529
PhysiCell,PhysiCell_dx_20um_uptake,20.0,,mean over all voxels,single center voxel nearest the origin,mean over unique voxels nearest the configured cell positions,voxel size=20 um,8.99,9.819360303837557,8.314503534545734,8.075270414209008
PhysiCell,PhysiCell_dx_20um_uptake,20.0,,mean over all voxels,single center voxel nearest the origin,mean over unique voxels nearest the configured cell positions,voxel size=20 um,9.0,9.819360246598483,8.314503255182304,8.07527014966839
PhysiCell,PhysiCell_dx_20um_uptake,20.0,,mean over all voxels,single center voxel nearest the origin,mean over unique voxels nearest the configured cell positions,voxel size=20 um,9.01,9.819360190037377,8.314502979127777,8.075269888261115
PhysiCell,PhysiCell_dx_20um_uptake,20.0,,mean over all voxels,single center voxel nearest the origin,mean over unique voxels nearest the configured cell positions,voxel size=20 um,9.02,9.819360134146207,8.31450270634296,8.07526962995007
PhysiCell,PhysiCell_dx_20um_uptake,20.0,,mean over all voxels,single center voxel nearest the origin,mean over unique voxels nearest the configured cell positions,voxel size=20 um,9.03,9.819360078917041,8.314502436789127,8.07526937469858
PhysiCell,PhysiCell_dx_20um_uptake,20.0,,mean over all voxels,single center voxel nearest the origin,mean over unique voxels nearest the configured cell positions,voxel size=20 um,9.04,9.81936002434203,8.314502170428014,8.075269122470413
PhysiCell,PhysiCell_dx_20um_uptake,20.0,,mean over all voxels,single center voxel nearest the origin,mean over unique voxels nearest the configured cell positions,voxel size=20 um,9.05,9.819359970413435,8.314501907221798,8.075268873229755
PhysiCell,PhysiCell_dx_20um_uptake,20.0,,mean over all voxels,single center voxel nearest the origin,mean over unique voxels nearest the configured cell positions,voxel size=20 um,9.06,9.819359917123595,8.314501647133113,8.075268626941218
PhysiCell,PhysiCell_dx_20um_uptake,20.0,,mean over all voxels,single center voxel nearest the origin,mean over unique voxels nearest the configured cell positions,voxel size=20 um,9.07,9.819359864464946,8.314501390125033,8.07526838356984
PhysiCell,PhysiCell_dx_20um_uptake,20.0,,mean over all voxels,single center voxel nearest the origin,mean over unique voxels nearest the configured cell positions,voxel size=20 um,9.08,9.819359812430008,8.31450113616107,8.075268143081068
PhysiCell,PhysiCell_dx_20um_uptake,20.0,,mean over all voxels,single center voxel nearest the origin,mean over unique voxels nearest the configured cell positions,voxel size=20 um,9.09,9.819359761011398,8.31450088520517,8.075267905440757
PhysiCell,PhysiCell_dx_20um_uptake,20.0,,mean over all voxels,single center voxel nearest the origin,mean over unique voxels nearest the configured cell positions,voxel size=20 um,9.1,9.819359710201814,8.314500637221705,8.075267670615169
PhysiCell,PhysiCell_dx_20um_uptake,20.0,,mean over all voxels,single center voxel nearest the origin,mean over unique voxels nearest the configured cell positions,voxel size=20 um,9.11,9.819359659994042,8.314500392175464,8.075267438570966
PhysiCell,PhysiCell_dx_20um_uptake,20.0,,mean over all voxels,single center voxel nearest the origin,mean over unique voxels nearest the configured cell positions,voxel size=20 um,9.12,9.819359610380955,8.314500150031662,8.075267209275207
PhysiCell,PhysiCell_dx_20um_uptake,20.0,,mean over all voxels,single center voxel nearest the origin,mean over unique voxels nearest the configured cell positions,voxel size=20 um,9.13,9.819359561355508,8.314499910755918,8.07526698269533
PhysiCell,PhysiCell_dx_20um_uptake,20.0,,mean over all voxels,single center voxel nearest the origin,mean over unique voxels nearest the configured cell positions,voxel size=20 um,9.14,9.819359512910744,8.314499674314263,8.075266758799176
PhysiCell,PhysiCell_dx_20um_uptake,20.0,,mean over all voxels,single center voxel nearest the origin,mean over unique voxels nearest the configured cell positions,voxel size=20 um,9.15,9.81935946503978,8.314499440673128,8.07526653755495
PhysiCell,PhysiCell_dx_20um_uptake,20.0,,mean over all voxels,single center voxel nearest the origin,mean over unique voxels nearest the configured cell positions,voxel size=20 um,9.16,9.819359417735821,8.31449920979934,8.075266318931249
PhysiCell,PhysiCell_dx_20um_uptake,20.0,,mean over all voxels,single center voxel nearest the origin,mean over unique voxels nearest the configured cell positions,voxel size=20 um,9.17,9.819359370992156,8.31449898166013,8.075266102897027
PhysiCell,PhysiCell_dx_20um_uptake,20.0,,mean over all voxels,single center voxel nearest the origin,mean over unique voxels nearest the configured cell positions,voxel size=20 um,9.18,9.819359324802143,8.314498756223099,8.075265889421615
PhysiCell,PhysiCell_dx_20um_uptake,20.0,,mean over all voxels,single center voxel nearest the origin,mean over unique voxels nearest the configured cell positions,voxel size=20 um,9.19,9.819359279159228,8.314498533456248,8.07526567847471
PhysiCell,PhysiCell_dx_20um_uptake,20.0,,mean over all voxels,single center voxel nearest the origin,mean over unique voxels nearest the configured cell positions,voxel size=20 um,9.2,9.819359234056925,8.314498313327945,8.075265470026356
PhysiCell,PhysiCell_dx_20um_uptake,20.0,,mean over all voxels,single center voxel nearest the origin,mean over unique voxels nearest the configured cell positions,voxel size=20 um,9.21,9.81935918948884,8.314498095806941,8.075265264046964
PhysiCell,PhysiCell_dx_20um_uptake,20.0,,mean over all voxels,single center voxel nearest the origin,mean over unique voxels nearest the configured cell positions,voxel size=20 um,9.22,9.819359145448637,8.314497880862357,8.075265060507284
PhysiCell,PhysiCell_dx_20um_uptake,20.0,,mean over all voxels,single center voxel nearest the origin,mean over unique voxels nearest the configured cell positions,voxel size=20 um,9.23,9.819359101930068,8.31449766846367,8.07526485937843
PhysiCell,PhysiCell_dx_20um_uptake,20.0,,mean over all voxels,single center voxel nearest the origin,mean over unique voxels nearest the configured cell positions,voxel size=20 um,9.24,9.819359058926954,8.314497458580727,8.07526466063184
PhysiCell,PhysiCell_dx_20um_uptake,20.0,,mean over all voxels,single center voxel nearest the origin,mean over unique voxels nearest the configured cell positions,voxel size=20 um,9.25,9.819359016433188,8.314497251183731,8.075264464239297
PhysiCell,PhysiCell_dx_20um_uptake,20.0,,mean over all voxels,single center voxel nearest the origin,mean over unique voxels nearest the configured cell positions,voxel size=20 um,9.26,9.81935897444274,8.31449704624324,8.07526427017292
PhysiCell,PhysiCell_dx_20um_uptake,20.0,,mean over all voxels,single center voxel nearest the origin,mean over unique voxels nearest the configured cell positions,voxel size=20 um,9.27,9.819358932949642,8.314496843730156,8.075264078405157
PhysiCell,PhysiCell_dx_20um_uptake,20.0,,mean over all voxels,single center voxel nearest the origin,mean over unique voxels nearest the configured cell positions,voxel size=20 um,9.28,9.819358891948012,8.314496643615728,8.075263888908779
PhysiCell,PhysiCell_dx_20um_uptake,20.0,,mean over all voxels,single center voxel nearest the origin,mean over unique voxels nearest the configured cell positions,voxel size=20 um,9.29,9.819358851432025,8.314496445871544,8.075263701656887
PhysiCell,PhysiCell_dx_20um_uptake,20.0,,mean over all voxels,single center voxel nearest the origin,mean over unique voxels nearest the configured cell positions,voxel size=20 um,9.3,9.819358811395926,8.314496250469533,8.075263516622895
PhysiCell,PhysiCell_dx_20um_uptake,20.0,,mean over all voxels,single center voxel nearest the origin,mean over unique voxels nearest the configured cell positions,voxel size=20 um,9.31,9.819358771834034,8.314496057381948,8.075263333780532
PhysiCell,PhysiCell_dx_20um_uptake,20.0,,mean over all voxels,single center voxel nearest the origin,mean over unique voxels nearest the configured cell positions,voxel size=20 um,9.32,9.819358732740735,8.314495866581382,8.075263153103842
PhysiCell,PhysiCell_dx_20um_uptake,20.0,,mean over all voxels,single center voxel nearest the origin,mean over unique voxels nearest the configured cell positions,voxel size=20 um,9.33,9.819358694110472,8.314495678040744,8.075262974567169
PhysiCell,PhysiCell_dx_20um_uptake,20.0,,mean over all voxels,single center voxel nearest the origin,mean over unique voxels nearest the configured cell positions,voxel size=20 um,9.34,9.819358655937762,8.314495491733268,8.07526279814517
PhysiCell,PhysiCell_dx_20um_uptake,20.0,,mean over all voxels,single center voxel nearest the origin,mean over unique voxels nearest the configured cell positions,voxel size=20 um,9.35,9.819358618217192,8.3144953076325,8.075262623812796
PhysiCell,PhysiCell_dx_20um_uptake,20.0,,mean over all voxels,single center voxel nearest the origin,mean over unique voxels nearest the configured cell positions,voxel size=20 um,9.36,9.819358580943401,8.314495125712305,8.075262451545296
PhysiCell,PhysiCell_dx_20um_uptake,20.0,,mean over all voxels,single center voxel nearest the origin,mean over unique voxels nearest the configured cell positions,voxel size=20 um,9.37,9.819358544111097,8.314494945946855,8.075262281318215
PhysiCell,PhysiCell_dx_20um_uptake,20.0,,mean over all voxels,single center voxel nearest the origin,mean over unique voxels nearest the configured cell positions,voxel size=20 um,9.38,9.819358507715052,8.314494768310631,8.075262113107382
PhysiCell,PhysiCell_dx_20um_uptake,20.0,,mean over all voxels,single center voxel nearest the origin,mean over unique voxels nearest the configured cell positions,voxel size=20 um,9.39,9.819358471750101,8.314494592778408,8.075261946888919
PhysiCell,PhysiCell_dx_20um_uptake,20.0,,mean over all voxels,single center voxel nearest the origin,mean over unique voxels nearest the configured cell positions,voxel size=20 um,9.4,9.819358436211134,8.31449441932527,8.075261782639226
PhysiCell,PhysiCell_dx_20um_uptake,20.0,,mean over all voxels,single center voxel nearest the origin,mean over unique voxels nearest the configured cell positions,voxel size=20 um,9.41,9.819358401093107,8.314494247926588,8.075261620334983
PhysiCell,PhysiCell_dx_20um_uptake,20.0,,mean over all voxels,single center voxel nearest the origin,mean over unique voxels nearest the configured cell positions,voxel size=20 um,9.42,9.819358366391036,8.314494078558027,8.075261459953145
PhysiCell,PhysiCell_dx_20um_uptake,20.0,,mean over all voxels,single center voxel nearest the origin,mean over unique voxels nearest the configured cell positions,voxel size=20 um,9.43,9.81935833209999,8.314493911195546,8.075261301470949
PhysiCell,PhysiCell_dx_20um_uptake,20.0,,mean over all voxels,single center voxel nearest the origin,mean over unique voxels nearest the configured cell positions,voxel size=20 um,9.44,9.819358298215105,8.314493745815383,8.07526114486589
PhysiCell,PhysiCell_dx_20um_uptake,20.0,,mean over all voxels,single center voxel nearest the origin,mean over unique voxels nearest the configured cell positions,voxel size=20 um,9.45,9.819358264731571,8.314493582394057,8.075260990115734
PhysiCell,PhysiCell_dx_20um_uptake,20.0,,mean over all voxels,single center voxel nearest the origin,mean over unique voxels nearest the configured cell positions,voxel size=20 um,9.46,9.81935823164463,8.31449342090837,8.075260837198508
PhysiCell,PhysiCell_dx_20um_uptake,20.0,,mean over all voxels,single center voxel nearest the origin,mean over unique voxels nearest the configured cell positions,voxel size=20 um,9.47,9.819358198949585,8.31449326133539,8.075260686092511
PhysiCell,PhysiCell_dx_20um_uptake,20.0,,mean over all voxels,single center voxel nearest the origin,mean over unique voxels nearest the configured cell positions,voxel size=20 um,9.48,9.819358166641795,8.314493103652463,8.075260536776282
PhysiCell,PhysiCell_dx_20um_uptake,20.0,,mean over all voxels,single center voxel nearest the origin,mean over unique voxels nearest the configured cell positions,voxel size=20 um,9.49,9.819358134716675,8.314492947837207,8.075260389228626
PhysiCell,PhysiCell_dx_20um_uptake,20.0,,mean over all voxels,single center voxel nearest the origin,mean over unique voxels nearest the configured cell positions,voxel size=20 um,9.5,9.81935810316969,8.314492793867498,8.075260243428595
PhysiCell,PhysiCell_dx_20um_uptake,20.0,,mean over all voxels,single center voxel nearest the origin,mean over unique voxels nearest the configured cell positions,voxel size=20 um,9.51,9.819358071996366,8.314492641721472,8.075260099355484
PhysiCell,PhysiCell_dx_20um_uptake,20.0,,mean over all voxels,single center voxel nearest the origin,mean over unique voxels nearest the configured cell positions,voxel size=20 um,9.52,9.819358041192269,8.314492491377536,8.075259956988846
PhysiCell,PhysiCell_dx_20um_uptake,20.0,,mean over all voxels,single center voxel nearest the origin,mean over unique voxels nearest the configured cell positions,voxel size=20 um,9.53,9.819358010753032,8.314492342814344,8.075259816308465
PhysiCell,PhysiCell_dx_20um_uptake,20.0,,mean over all voxels,single center voxel nearest the origin,mean over unique voxels nearest the configured cell positions,voxel size=20 um,9.54,9.819357980674331,8.314492196010802,8.075259677294369
PhysiCell,PhysiCell_dx_20um_uptake,20.0,,mean over all voxels,single center voxel nearest the origin,mean over unique voxels nearest the configured cell positions,voxel size=20 um,9.55,9.819357950951899,8.314492050946065,8.07525953992682
PhysiCell,PhysiCell_dx_20um_uptake,20.0,,mean over all voxels,single center voxel nearest the origin,mean over unique voxels nearest the configured cell positions,voxel size=20 um,9.56,9.819357921581512,8.31449190759954,8.07525940418632
PhysiCell,PhysiCell_dx_20um_uptake,20.0,,mean over all voxels,single center voxel nearest the origin,mean over unique voxels nearest the configured cell positions,voxel size=20 um,9.57,9.819357892559001,8.314491765950878,8.075259270053591
PhysiCell,PhysiCell_dx_20um_uptake,20.0,,mean over all voxels,single center voxel nearest the origin,mean over unique voxels nearest the configured cell positions,voxel size=20 um,9.58,9.819357863880244,8.314491625979967,8.075259137509594
PhysiCell,PhysiCell_dx_20um_uptake,20.0,,mean over all voxels,single center voxel nearest the origin,mean over unique voxels nearest the configured cell positions,voxel size=20 um,9.59,9.819357835541176,8.314491487666936,8.075259006535513
PhysiCell,PhysiCell_dx_20um_uptake,20.0,,mean over all voxels,single center voxel nearest the origin,mean over unique voxels nearest the configured cell positions,voxel size=20 um,9.6,9.819357807537768,8.314491350992146,8.075258877112747
PhysiCell,PhysiCell_dx_20um_uptake,20.0,,mean over all voxels,single center voxel nearest the origin,mean over unique voxels nearest the configured cell positions,voxel size=20 um,9.61,9.819357779866044,8.314491215936195,8.075258749222927
PhysiCell,PhysiCell_dx_20um_uptake,20.0,,mean over all voxels,single center voxel nearest the origin,mean over unique voxels nearest the configured cell positions,voxel size=20 um,9.62,9.819357752522077,8.31449108247991,8.075258622847894
PhysiCell,PhysiCell_dx_20um_uptake,20.0,,mean over all voxels,single center voxel nearest the origin,mean over unique voxels nearest the configured cell positions,voxel size=20 um,9.63,9.819357725501986,8.314490950604343,8.075258497969704
PhysiCell,PhysiCell_dx_20um_uptake,20.0,,mean over all voxels,single center voxel nearest the origin,mean over unique voxels nearest the configured cell positions,voxel size=20 um,9.64,9.819357698801934,8.314490820290768,8.075258374570636
PhysiCell,PhysiCell_dx_20um_uptake,20.0,,mean over all voxels,single center voxel nearest the origin,mean over unique voxels nearest the configured cell positions,voxel size=20 um,9.65,9.819357672418132,8.314490691520689,8.075258252633159
PhysiCell,PhysiCell_dx_20um_uptake,20.0,,mean over all voxels,single center voxel nearest the origin,mean over unique voxels nearest the configured cell positions,voxel size=20 um,9.66,9.819357646346827,8.31449056427582,8.07525813213997
PhysiCell,PhysiCell_dx_20um_uptake,20.0,,mean over all voxels,single center voxel nearest the origin,mean over unique voxels nearest the configured cell positions,voxel size=20 um,9.67,9.819357620584327,8.314490438538098,8.075258013073958
PhysiCell,PhysiCell_dx_20um_uptake,20.0,,mean over all voxels,single center voxel nearest the origin,mean over unique voxels nearest the configured cell positions,voxel size=20 um,9.68,9.819357595126968,8.31449031428967,8.07525789541822
PhysiCell,PhysiCell_dx_20um_uptake,20.0,,mean over all voxels,single center voxel nearest the origin,mean over unique voxels nearest the configured cell positions,voxel size=20 um,9.69,9.819357569971139,8.314490191512899,8.075257779156052
PhysiCell,PhysiCell_dx_20um_uptake,20.0,,mean over all voxels,single center voxel nearest the origin,mean over unique voxels nearest the configured cell positions,voxel size=20 um,9.7,9.819357545113265,8.314490070190352,8.075257664270948
PhysiCell,PhysiCell_dx_20um_uptake,20.0,,mean over all voxels,single center voxel nearest the origin,mean over unique voxels nearest the configured cell positions,voxel size=20 um,9.71,9.819357520549824,8.314489950304806,8.075257550746596
PhysiCell,PhysiCell_dx_20um_uptake,20.0,,mean over all voxels,single center voxel nearest the origin,mean over unique voxels nearest the configured cell positions,voxel size=20 um,9.72,9.819357496277318,8.314489831839238,8.07525743856688
PhysiCell,PhysiCell_dx_20um_uptake,20.0,,mean over all voxels,single center voxel nearest the origin,mean over unique voxels nearest the configured cell positions,voxel size=20 um,9.73,9.81935747229231,8.314489714776828,8.075257327715875
PhysiCell,PhysiCell_dx_20um_uptake,20.0,,mean over all voxels,single center voxel nearest the origin,mean over unique voxels nearest the configured cell positions,voxel size=20 um,9.74,9.819357448591392,8.314489599100959,8.07525721817784
PhysiCell,PhysiCell_dx_20um_uptake,20.0,,mean over all voxels,single center voxel nearest the origin,mean over unique voxels nearest the configured cell positions,voxel size=20 um,9.75,9.8193574251712,8.314489484795212,8.075257109937226
PhysiCell,PhysiCell_dx_20um_uptake,20.0,,mean over all voxels,single center voxel nearest the origin,mean over unique voxels nearest the configured cell positions,voxel size=20 um,9.76,9.819357402028409,8.314489371843354,8.075257002978663
PhysiCell,PhysiCell_dx_20um_uptake,20.0,,mean over all voxels,single center voxel nearest the origin,mean over unique voxels nearest the configured cell positions,voxel size=20 um,9.77,9.819357379159728,8.31448926022935,8.07525689728697
PhysiCell,PhysiCell_dx_20um_uptake,20.0,,mean over all voxels,single center voxel nearest the origin,mean over unique voxels nearest the configured cell positions,voxel size=20 um,9.78,9.819357356561918,8.31448914993735,8.075256792847139
PhysiCell,PhysiCell_dx_20um_uptake,20.0,,mean over all voxels,single center voxel nearest the origin,mean over unique voxels nearest the configured cell positions,voxel size=20 um,9.79,9.819357334231764,8.3144890409517,8.075256689644341
PhysiCell,PhysiCell_dx_20um_uptake,20.0,,mean over all voxels,single center voxel nearest the origin,mean over unique voxels nearest the configured cell positions,voxel size=20 um,9.8,9.819357312166101,8.314488933256929,8.075256587663928
PhysiCell,PhysiCell_dx_20um_uptake,20.0,,mean over all voxels,single center voxel nearest the origin,mean over unique voxels nearest the configured cell positions,voxel size=20 um,9.81,9.819357290361792,8.314488826837742,8.075256486891417
PhysiCell,PhysiCell_dx_20um_uptake,20.0,,mean over all voxels,single center voxel nearest the origin,mean over unique voxels nearest the configured cell positions,voxel size=20 um,9.82,9.819357268815747,8.314488721679034,8.075256387312503
PhysiCell,PhysiCell_dx_20um_uptake,20.0,,mean over all voxels,single center voxel nearest the origin,mean over unique voxels nearest the configured cell positions,voxel size=20 um,9.83,9.819357247524898,8.314488617765871,8.075256288913048
PhysiCell,PhysiCell_dx_20um_uptake,20.0,,mean over all voxels,single center voxel nearest the origin,mean over unique voxels nearest the configured cell positions,voxel size=20 um,9.84,9.81935722648623,8.314488515083506,8.075256191679085
PhysiCell,PhysiCell_dx_20um_uptake,20.0,,mean over all voxels,single center voxel nearest the origin,mean over unique voxels nearest the configured cell positions,voxel size=20 um,9.85,9.819357205696756,8.314488413617356,8.075256095596803
PhysiCell,PhysiCell_dx_20um_uptake,20.0,,mean over all voxels,single center voxel nearest the origin,mean over unique voxels nearest the configured cell positions,voxel size=20 um,9.86,9.819357185153523,8.31448831335302,8.075256000652567
PhysiCell,PhysiCell_dx_20um_uptake,20.0,,mean over all voxels,single center voxel nearest the origin,mean over unique voxels nearest the configured cell positions,voxel size=20 um,9.87,9.819357164853612,8.314488214276262,8.075255906832895
PhysiCell,PhysiCell_dx_20um_uptake,20.0,,mean over all voxels,single center voxel nearest the origin,mean over unique voxels nearest the configured cell positions,voxel size=20 um,9.88,9.819357144794143,8.314488116373012,8.075255814124468
PhysiCell,PhysiCell_dx_20um_uptake,20.0,,mean over all voxels,single center voxel nearest the origin,mean over unique voxels nearest the configured cell positions,voxel size=20 um,9.89,9.819357124972266,8.314488019629373,8.075255722514125
PhysiCell,PhysiCell_dx_20um_uptake,20.0,,mean over all voxels,single center voxel nearest the origin,mean over unique voxels nearest the configured cell positions,voxel size=20 um,9.9,9.819357105385171,8.314487924031612,8.075255631988854
PhysiCell,PhysiCell_dx_20um_uptake,20.0,,mean over all voxels,single center voxel nearest the origin,mean over unique voxels nearest the configured cell positions,voxel size=20 um,9.91,9.819357086030072,8.314487829566154,8.075255542535807
PhysiCell,PhysiCell_dx_20um_uptake,20.0,,mean over all voxels,single center voxel nearest the origin,mean over unique voxels nearest the configured cell positions,voxel size=20 um,9.92,9.819357066904226,8.314487736219588,8.075255454142287
PhysiCell,PhysiCell_dx_20um_uptake,20.0,,mean over all voxels,single center voxel nearest the origin,mean over unique voxels nearest the configured cell positions,voxel size=20 um,9.93,9.819357048004917,8.31448764397866,8.075255366795739
PhysiCell,PhysiCell_dx_20um_uptake,20.0,,mean over all voxels,single center voxel nearest the origin,mean over unique voxels nearest the configured cell positions,voxel size=20 um,9.94,9.819357029329458,8.314487552830279,8.075255280483765
PhysiCell,PhysiCell_dx_20um_uptake,20.0,,mean over all voxels,single center voxel nearest the origin,mean over unique voxels nearest the configured cell positions,voxel size=20 um,9.95,9.819357010875198,8.314487462761498,8.075255195194112
PhysiCell,PhysiCell_dx_20um_uptake,20.0,,mean over all voxels,single center voxel nearest the origin,mean over unique voxels nearest the configured cell positions,voxel size=20 um,9.96,9.819356992639523,8.314487373759537,8.07525511091467
PhysiCell,PhysiCell_dx_20um_uptake,20.0,,mean over all voxels,single center voxel nearest the origin,mean over unique voxels nearest the configured cell positions,voxel size=20 um,9.97,9.819356974619842,8.314487285811754,8.075255027633471
PhysiCell,PhysiCell_dx_20um_uptake,20.0,,mean over all voxels,single center voxel nearest the origin,mean over unique voxels nearest the configured cell positions,voxel size=20 um,9.98,9.81935695681359,8.314487198905669,8.075254945338694
PhysiCell,PhysiCell_dx_20um_uptake,20.0,,mean over all voxels,single center voxel nearest the origin,mean over unique voxels nearest the configured cell positions,voxel size=20 um,9.99,9.819356939218244,8.314487113028937,8.075254864018657
PhysiCell,PhysiCell_dx_20um_uptake,20.0,,mean over all voxels,single center voxel nearest the origin,mean over unique voxels nearest the configured cell positions,voxel size=20 um,10.0,9.819356921831305,8.314487028169367,8.075254783661814
