0: 21052,17526,20796,20801,19186
1: 16585,18934,16143,17986,20044,19944
2: 17075,18831,18266,19794,20016,16698,21108
3: 14406,11960,14189,12901,17259,12990
4: 12246,20451,15065,19753,20187
5: 27,14817,15707,28,13190,15640
6: 16161,13694,19753,12246,17289,15236
7: 19001,12521,17119,13694,16682,15236
8: 10,12204,12521,17119,19916,14092
9: 12252,16650,17445,12265,15149,12465
10: 19001,8,12204,13842,12521,13906,34
11: 15750,17596,19364,14489,15494,15653
12: 16791,14345,16193,13878,13027,35
13: 20303,20295,20676,15948,19519,19819
14: 17205,20517,17392,19958,20642,20150
15: 39,14102,14162,14132,37,12363
16: 16503,14105,16334,16204,13380,11882
17: 14693,16546,13691,19197,20438,19792
18: 21136,17808,14602,20505,17749,19512
19: 12837,12803,17722,15388,16955
20: 15366,16955,20670,17577,14824,12837
21: 12053,14824,12837,15817,22,16910
22: 14824,21,15817,23,12231
23: 18927,12126,12231,17577,14824,22
24: 18927,12619,15582,12231,53,52
25: 12614,12619,15582,17259,26,12908
26: 27,17259,12908,12990,13632,25
27: 26,14817,15707,5,12990,13632
28: 13190,29,16161,15640,13176,5
29: 28,13190,30,13176,15540,15035
30: 29,13176,16682,15035,13796,13764
31: 16122,18576,32,61,13842,13906
32: 18576,31,13906,33,62,15609
33: 34,16193,13878,13906,32,15609
34: 13175,16193,33,10,12204,13906
35: 36,12686,12,14345,13027,17870
36: 66,15194,12686,35,13578,17870
37: 14055,15194,14877,12363,15,14132
38: 12664,19227,13856,13524,18504,14055
39: 15,12223,14102,40,14433,14162
40: 39,14433,41,14162,14307,18412
41: 40,14433,18412,15443,12766,16863
42: 13975,17098,16863,13017,12143,71
43: 18680,18971,15371,16622,17419,15018,18545
44: 14073,19087,12021,13772,11931
45: 11870,19993,18282,14843,14169,20107
46: 19993,18282,16956,13507,19816,14579
47: 14243,17416,12479,17000,12098,19486
48: 13113,15348,14160,18883,82
49: 85,16454,12164,83,84,50
50: 12053,16910,12164,13136,49,16454
51: 12887,14056,13078,16454,15817,16910
52: 14080,53,13078,24,12231
53: 14080,52,14123,14106,54,24,12619
54: 14281,53,14123,12619,12908,14806,15337
55: 16404,91,90,14806,56,15337
56: 16404,15337,55,13875,15707,13632
57: 15540,93,58,92,16404,13875
58: 57,15540,59,94,93,15035
59: 94,15035,58,95,60,13764
60: 61,96,18935,13764,59,95
61: 16122,18576,60,31,18935,13764
62: 15609,63,98,18576,32,97
63: 62,15609,98,64,13212,99
64: 63,100,13570,13212,99,65
65: 102,13910,101,100,13570,64
66: 36,15194,12363,13578,16720,18389
67: 102,13910,13578,14308,16720,103
68: 69,104,14022,16720,103,18389
69: 70,15800,104,68,12223,14102,18389
70: 69,15800,14411,12223,13017,71
71: 13460,12143,13017,70,14411,42
72: 13975,19192,13879,15708,73,12914
73: 15708,13220,20459,14354,72,12914
74: 15708,15110,20459,12021,18204,11931
75: 16525,11992,20446,11871,14385,17154
76: 15949,13243,16666,16431,16113,20047,20397
77: 14205,17147,18138,14254,16008,17190
78: 12194,12043,12634,13068,14027
79: 18156,17542,11918,18346,16377,17895
80: 81,13018,121,120,14399,14130
81: 121,120,80,14399,13153,82,12279
82: 18883,12279,14160,81,14399,48
83: 18883,13191,84,12164,15348,49
84: 15025,13191,83,126,49,85
85: 14056,126,49,16454,86,84
86: 14056,126,13731,85,14030,15946
87: 88,128,16911,12757,127,15543
88: 89,14080,14106,87,128,12757
89: 14281,14123,14106,88,129,128
90: 91,14806,55,130,131,14281
91: 92,16404,90,55,131,132
92: 16404,91,132,57,93,133
93: 57,94,58,92,133,134
94: 59,93,58,95,135,134
95: 59,94,135,60,96,136
96: 60,18935,19446,95,136,20142
97: 18576,18935,19446,138,62,98
98: 62,63,99,97,138,139
99: 63,100,98,64,140,139
100: 64,99,140,141,65,101
101: 102,65,100,141,142,143
102: 65,67,13910,14308,101,143
103: 67,144,14308,16720,14022,68
104: 69,15800,105,14022,68,106,17402
105: 104,106,17402,146,145,19870
106: 15800,105,104,14411,146,13858
107: 13460,13110,13858,13516,108,146,147
108: 13110,109,107,149,148,147
109: 13110,108,149,110,13917,150
110: 12232,13209,13917,21185,109,151,150
111: 15713,12232,152,14421,21185,12779,14354
112: 155,18686,15879,16887,12033,14419
113: 12033,14016,11768,15329,14021,114
114: 15409,17106,18995,113,14016,14021
115: 19017,13607,18933,18577,20125,16208
116: 11772,11993,14150,12801,14874,15314
117: 15830,160,13200,13928,12737,13918
118: 163,12043,12634,13918,15830,162
119: 12194,163,12043,12617,13863,15269
120: 165,81,13018,121,80,12083,14002
121: 81,120,80,14002,122,13153
122: 166,121,14002,13153,167
123: 15025,13153,13191,12279,13695,14066
124: 15362,169,168,13695,15007,125
125: 17246,170,15007,169,124,15946
126: 85,86,15946,15025,84,15007
127: 17246,171,172,16911,14030,87,15543
128: 89,88,87,129,173,15954,15543
129: 89,14281,128,15954,14482,130
130: 90,131,14281,129,14482,175
131: 91,90,130,175,176,132
132: 177,176,92,91,131,133
133: 134,178,92,177,132,93
134: 179,135,133,178,94,93
135: 179,134,94,95,136,180
136: 180,20142,95,135,96
137: 181,138,182,20142,19961,19446
138: 137,19961,97,19446,98,139
139: 184,183,140,138,19961,98,99
140: 184,139,185,141,100,99
141: 140,185,100,101,142,186
142: 187,143,15250,186,141,101
143: 187,188,142,102,144,14308,101
144: 14308,103,188,143,14022,17402,189
145: 191,14374,19870,105,146
146: 105,106,145,191,13858,107,147
147: 15866,148,146,191,13858,107,108
148: 193,15866,149,192,147,108
149: 193,148,18135,109,108,150,194
150: 151,195,194,109,149,18135,110
151: 196,195,12533,150,110,13209
152: 111,15713,12150,21185,12364
153: 197,198,12150,12533,12064,154
154: 12364,18686,12064,14199,12150,153
155: 112,18686,12965,14199,16887,13646
156: 13639,12762,18922,201,19728,15513
157: 16990,11905,12293,13496,16618,17312
158: 16945,18924,17432,16708,14844,20927,17092
159: 14451,12117,206,12864,12546,14868
160: 14451,13200,117,12546,13928,11772,12801
161: 208,12242,209,16022,162,12181,14863
162: 15830,16022,161,118,163,14863
163: 118,12043,119,162,13863,14863
164: 14309,12250,15269,213,212,13952
165: 120,12083,14002,12617,12848,13952
166: 14331,213,12848,215,122,14002,167
167: 15362,14066,15164,166,215,122,13153
168: 15362,169,216,15164,124,217
169: 168,124,217,218,170,125
170: 218,17246,125,171,219,169
171: 127,17246,170,172,219,220
172: 127,171,220,173,221,15543
173: 174,221,222,15954,15543,172,128
174: 173,15046,222,15954,14482,223
175: 176,224,14482,223,130,131
176: 175,177,224,132,225,131
177: 176,132,225,16009,133,178
178: 179,16009,133,134,227,177
179: 228,135,134,178,227,180
180: 181,136,229,20142,179,228,135
181: 230,137,182,229,180,20142
182: 181,231,230,137,19961,183
183: 232,184,139,231,182,19961
184: 232,183,140,139,185,233
185: 184,234,140,233,141,186
186: 142,15250,235,234,185,141
187: 14725,188,142,143,15250,16245
188: 14725,187,143,144,14308,189
189: 19870,20406,144,14725,188,17402
190: 15448,17225,14374,239,20269
191: 15448,145,146,15866,147
192: 193,15866,148,241,240,15448
193: 149,148,192,242,241,18135
194: 195,17420,150,243,149,18135
195: 151,196,17146,17420,150,194
196: 151,195,17146,12533,197,15462
197: 14890,153,198,15462,196,12533
198: 14890,153,14407,197,199,12064
199: 17431,14407,198,12064,13103,17429
200: 13142,12256,17429,11975,13639,18922
201: 11959,156,12762,19728,12811,15050
202: 14079,12811,14550,15050,11905,14279
203: 251,252,12030,12234,12729,13058
204: 18241,14677,18074,15297,17727,18770
205: 14834,16061,15309,13245,16648
206: 12864,16936,16670,159,14868
207: 20687,15856,11775,16061,15309,15647
208: 161,209,12589,14868,259,12247,12181
209: 208,12242,161,16999,12589
210: 17039,12137,14309,12250,15324,262,211
211: 262,263,15134,14309,210,14647
212: 14107,213,14309,164,14647
213: 14331,14107,166,12848,212,13952,164
214: 14331,14107,215,266,265,14745
215: 14331,166,214,167,15164,14745
216: 15164,168,217,14745,267,268
217: 169,216,168,269,268,218
218: 170,219,169,217,269,270
219: 218,170,171,220,270,271
220: 171,172,219,271,272,221
221: 173,222,172,220,272,273
222: 173,174,15046,221,274,273
223: 174,15046,14482,175,224,15217
224: 175,176,225,276,15217,223
225: 177,176,224,15695,276,15495,16009
226: 16009,227,15695,278,279
227: 179,228,16009,178,226,18713,279
228: 179,227,18713,280,229,180
229: 181,230,180,228,280,281
230: 181,231,182,229,282,281
231: 230,182,282,232,183,283
232: 184,183,233,231,283,284
233: 232,184,234,185,285,284
234: 185,233,285,186,235,286
235: 15250,186,236,234,286,287
236: 15250,16245,237,235,287,288
237: 16245,236,288,16912,238,289
238: 17225,16912,20269,237,290,289
239: 190,15448,20269,20621,240
240: 192,241,15448,239,20621,291,292
241: 193,192,242,240,292,293
242: 193,241,18135,293,243,295,294
243: 17420,194,242,18135,295
244: 17146,245,17420,350,295,15841
245: 17146,244,15841,15340,15462,296
246: 14890,14407,15340,247,297,298
247: 17431,14407,246,298,248,299
248: 13142,249,300,17431,247,299
249: 13142,12256,250,301,248,300
250: 12256,301,249,302,12030,12234
251: 14337,203,252,303,12234,304
252: 203,251,13112,13058,14287,304
253: 11989,13303,17362,14402,12730,19734,12544
254: 17031,15826,17484,13978,17727,18770,12385
255: 13877,16821,15808,20144,17163,18521
256: 14373,14013,12015,14282,16689,12643
257: 12138,14939,16670,14282,16936,12643
258: 19742,13973,259,14260,12247
259: 208,14551,12589,14260,12247,258
260: 315,314,16627,261,14551,12642
261: 315,260,15324,12642,262,316
262: 211,316,263,15324,261,210
263: 262,15345,211,317,316,15134
264: 319,265,14647,15134,15500,14107
265: 266,264,320,319,14107,214
266: 320,265,214,14745,321,267
267: 321,322,268,266,216,14745
268: 323,322,269,267,216,217
269: 323,268,217,218,324,270
270: 324,325,271,269,218,219
271: 325,326,270,272,219,220
272: 326,271,220,221,327,273
273: 328,327,274,272,221,222
274: 328,273,329,15046,222,15903
275: 330,331,15495,15903,276,15217
276: 224,225,15217,275,15495
277: 331,15495,332,15695,278
278: 333,17234,279,15695,277,332,226
279: 333,16877,278,226,227,18713
280: 334,16877,228,18713,229,335,281
281: 336,335,282,280,230,229
282: 336,337,281,231,230,283
283: 284,338,231,337,282,232
284: 339,283,285,338,232,233
285: 339,340,284,234,233,286
286: 341,287,234,340,285,235
287: 341,342,286,288,235,236
288: 342,287,237,236,289,343
289: 344,290,343,237,288,238
290: 344,345,20621,289,238,20269
291: 345,20621,240,346,292
292: 346,347,293,291,241,240
293: 348,347,292,242,241,294
294: 18553,295,349,242,348,293
295: 350,18553,294,242,17420,243,244
296: 297,16380,18415,245,15841,15340
297: 298,296,18415,15340,246
298: 297,353,14923,18415,246,247,299
299: 354,247,353,298,248,300
300: 301,248,249,299,355,354
301: 250,249,300,355,302,356
302: 303,12234,250,301,357,356
303: 14337,251,302,12234,357,358
304: 14287,15888,13497,14337,251,252
305: 417,360,359,12086,12032,13497
306: 11780,17970,14467,361,15822,15102
307: 17787,21040,17684,19370,21028
308: 21029,21042,21092,21447,17849,17606
309: 12262,12142,367,13097,310,11894
310: 11781,14734,12637,11894,12142,309
311: 12237,312,11894,12670,12262,12758,13146
312: 19742,311,13973,12237,13146
313: 370,13146,13973,14260,314
314: 260,16627,16576,370,313,14551,14260
315: 373,260,16627,372,261,316
316: 262,15345,263,374,315,373,261
317: 15345,375,263,15134,15500,318
318: 375,317,15500,15587,436,376
319: 376,264,320,265,377,15500
320: 266,378,319,265,377,321
321: 322,267,379,266,320,378
322: 323,321,267,380,268,379
323: 322,269,381,380,268,324
324: 325,270,382,323,269,381
325: 324,326,383,270,271,382
326: 325,383,271,272,327,384
327: 328,385,273,384,326,272
328: 327,274,385,386,273,329
329: 328,274,386,330,17159,15903
330: 388,331,17159,275,16042,15903,329
331: 330,275,277,16042,15495,332
332: 331,389,277,16042,390,278,17234
333: 334,16877,278,17234,279,17578
334: 333,16877,17578,392,280,18221,335
335: 336,393,281,334,280,18221
336: 335,337,394,393,282,281
337: 336,394,282,283,395,338
338: 396,339,283,395,284,337
339: 396,340,397,285,284,338
340: 339,397,285,341,286,398
341: 342,286,287,399,398,340
342: 341,287,399,400,288,343
343: 344,401,289,342,400,288
344: 345,402,401,290,289,21233,343
345: 344,20621,290,21233,291,346
346: 347,404,292,345,403,21233,291
347: 346,348,405,404,292,293
348: 347,405,293,18701,349,294
349: 406,18553,294,348,18701
350: 17130,407,18553,295,15841,244
351: 409,352,16380,408,17130,469
352: 14923,15671,409,16380,18415,351
353: 14923,298,410,299,14400,354
354: 412,299,355,14400,353,300
355: 412,413,354,301,300,356
356: 15219,357,301,413,355,302
357: 15219,415,358,356,302,303
358: 357,415,416,14337,303,12086,359
359: 417,305,14431,12086,416,358
360: 417,13079,418,305,12032,14197
361: 15822,362,12151,306,14467,14197
362: 361,12823,15822,14552,12151,420
363: 11788,18928,17068,11785,16425,19088
364: 13853,12289,20423,12442,16809,16364
365: 12885,11897,13913,14734,11895,12142
366: 11895,13581,426,13097,427,12677
367: 13581,12262,13097,309,368,13990
368: 13581,367,428,15773,369,13990
369: 14213,13990,429,368,15773
370: 14213,313,430,13146,15425,314,16576
371: 16627,372,16576,15425,432,431
372: 315,373,371,16627,432,433
373: 315,372,433,316,374,434
374: 15345,375,316,373,434,14726
375: 15345,317,374,318,14726,15587
376: 319,377,15500,318,436,437
377: 376,320,378,319,437,438
378: 320,377,21495,438,321,379
379: 321,322,380,378,21495,440
380: 323,322,381,379,440,441
381: 323,380,441,324,382,442
382: 324,325,383,381,442,443
383: 325,326,382,443,21279,384
384: 327,385,18639,326,383,21279,444
385: 328,327,386,18639,18210,384
386: 328,385,17655,329,18210,17159
387: 388,17159,16771,17655,447,448
388: 330,17159,16042,16771,387
389: 16042,332,16771,449,390,450
390: 391,17234,17578,389,332,450,451
391: 390,17578,392,451,452
392: 334,391,17578,18221,452,453
393: 336,335,394,453,18221,18912
394: 336,337,393,455,454,18912,395
395: 396,338,337,394,455,456
396: 339,395,397,338,457,456
397: 396,339,340,458,457,398
398: 341,399,340,397,458,459
399: 341,342,400,398,459,460
400: 342,399,460,401,343,461
401: 344,402,343,400,462,461
402: 344,401,403,21233,462,463
403: 402,21233,463,346,404,464
404: 346,347,405,403,465,464
405: 348,347,404,18701,465,466
406: 349,18044,18701,467,18990
407: 350,408,17130,18553,18044
408: 17130,407,18044,468,351,469
409: 15671,352,351,470,16343,469
410: 353,14923,15671,14530,14400,411
411: 14400,472,410,14530,13124,14249
412: 413,355,14400,472,354,473
413: 412,355,473,474,15219,356
414: 14807,474,15219,415,416,475
415: 15219,357,416,358,414
416: 14807,415,13593,358,414,359,14431
417: 360,418,478,305,359,14431
418: 417,360,13079,478,14636,419
419: 481,13247,479,480,13079,418,14636
420: 12986,12767,13247,14552,362,12151
421: 16248,482,13163,483,19903,12736
422: 11929,12798,19542,13909,19034,14151
423: 13377,14214,15012,13853,12289,11786
424: 425,488,14214,11786,13010,15251
425: 488,12885,12490,424,13111,11897,15251
426: 366,427,12677,13960,12697,490
427: 13581,426,366,428,491,490
428: 13581,368,427,15773,491,492
429: 369,14213,430,15773,15612,493,14351
430: 370,14213,15425,429,14351
431: 432,495,15425,14351,494,371
432: 433,431,496,495,371,372
433: 432,497,496,373,372,434
434: 14726,435,373,433,497,374
435: 434,14635,498,14726,564,497
436: 15587,16023,318,376,437,16969
437: 501,438,16969,436,376,377
438: 437,501,502,378,377,21495,439
439: 440,503,21495,502,438,20782
440: 504,503,441,439,21495,380,379
441: 504,440,505,381,380,442
442: 506,443,381,441,505,382
443: 506,442,21279,19415,383,382
444: 508,507,21279,18639,384
445: 508,509,446,18639,18210
446: 445,509,510,447,17655,18210
447: 510,446,17655,387,511,448
448: 512,511,449,447,16771,387
449: 512,513,448,389,16771,450
450: 451,20426,389,513,449,390
451: 515,514,450,452,20426,390,391
452: 515,451,19537,391,392
453: 393,392,18221,19537,18702,18912
454: 517,18702,518,455,18912,394
455: 518,454,394,395,519,456
456: 520,519,457,455,396,395
457: 458,521,520,456,396,397
458: 521,457,397,398,459,522
459: 523,460,522,458,399,398
460: 459,523,524,399,400,461
461: 462,525,400,524,460,401
462: 525,526,463,461,402,401
463: 462,526,527,402,403,464
464: 465,528,403,463,527,404
465: 529,466,528,464,405,404
466: 465,529,530,405,18701,18990
467: 532,531,468,18990,530,406,18044
468: 15898,532,467,408,18044,469
469: 16343,408,15898,468,409,351
470: 13124,13088,17047,16343,15671,409,14530
471: 13124,535,13088,534,602,13022
472: 412,14400,411,473,536,14249
473: 412,413,472,537,536,538,474
474: 15219,414,413,473,538,475
475: 604,13892,14298,538,14807,474,414
476: 13892,539,14807,13593,477,540,13114
477: 478,14431,13593,476,13114,541
478: 417,418,14636,14431,477,541
479: 419,480,14636,542,12508
480: 481,479,419,545,544,12508
481: 12986,13247,12447,419,480,545
482: 15465,546,16248,421,483,12447,12528
483: 546,482,421,13163,12448
484: 17036,548,13602,16772,11790,12898
485: 17247,17230,14591,20938,17083,15169
486: 13377,15012,13270,12519,17366,14245
487: 12890,14887,11916,16247,13010,20900
488: 425,12831,12490,424,12890,13010
489: 12228,555,12697,12205,13960,18687
490: 491,13974,556,555,12697,426,427
491: 15325,13974,490,492,428,427
492: 491,15325,559,428,15773,15612
493: 15612,14351,494,560,16229,429
494: 493,14351,561,560,431,495
495: 432,431,496,562,561,494
496: 432,433,497,495,563,562
497: 433,496,563,434,564,435
498: 14635,564,499,435,565,633,14746
499: 14635,498,16023,565,566
500: 501,566,567,17268,16969
501: 437,502,500,438,17268,16969
502: 501,438,17268,20782,21495,439
503: 504,440,569,570,439,20782
504: 440,503,570,441,571,505
505: 504,441,571,506,442,20364
506: 442,573,443,19415,20364,505
507: 21279,19415,20587,508,18962,444
508: 445,509,18962,444,507,18639
509: 508,445,575,576,510,446,18962
510: 509,576,446,577,447,511
511: 512,448,578,510,577,447
512: 513,511,448,578,579,449
513: 512,579,449,580,450,20426
514: 515,580,581,451,20050,20426
515: 516,514,451,452,19537,20050
516: 515,582,19537,20050,517,18702,583
517: 18702,584,518,454,583,516
518: 517,584,585,455,454,519
519: 520,586,456,518,585,455
520: 521,586,587,519,457,456
521: 458,520,587,588,457,522
522: 459,523,589,458,521,588
523: 459,524,460,589,590,522
524: 523,460,590,525,591,461
525: 462,526,592,591,461,524
526: 462,525,592,593,463,527
527: 526,593,463,594,528,464
528: 465,529,595,594,464,527
529: 465,466,596,595,530,528
530: 529,466,596,467,531,597,18990
531: 532,467,598,597,18990,530
532: 15898,467,531,598,599,468,533
533: 17047,600,16343,15898,532,599
534: 471,535,13088,17047,600,669,601
535: 471,534,601,602,670
536: 537,15474,14249,472,473
537: 15220,536,603,15474,538,473,604
538: 537,473,474,604,475
539: 606,476,13892,605,14298,540
540: 607,13114,13804,606,476,539
541: 542,13114,12973,478,14636,477
542: 12973,541,12780,14636,479,12508
543: 12902,544,12508,610,609,12780
544: 12902,12508,543,13104,480,545
545: 481,12447,480,12857,544,13104
546: 15465,482,12448,483,15095,613
547: 13163,12448,20497,14206,16701
548: 484,16772,18327,11970,12898,19779
549: 15486,15542,14019,13970,13602,16496
550: 20250,21469,13584,17656,18551,16315
551: 13050,15440,12076,14887,14203
552: 17447,13314,12095,14203,11916,16247
553: 621,12095,12173,622,554,12205
554: 13011,17756,12228,12205,553,622
555: 12228,489,623,12697,556,490
556: 13974,490,13784,623,555,624
557: 558,15325,13974,13784,20934,626
558: 557,15325,559,16654,20934,627
559: 558,15325,492,627,15612,16229
560: 493,629,561,628,494,16229
561: 629,494,560,495,562,630
562: 496,495,563,630,561,631
563: 497,496,562,632,631,564
564: 498,435,497,563,632,633
565: 498,499,634,14746,566
566: 567,500,499,565,634,635
567: 566,500,17268,568,636,635
568: 567,17268,20782,637,636,569
569: 503,570,568,20782,637,638
570: 504,503,569,571,639,638
571: 504,570,505,639,20364,640
572: 573,19968,20364,640,641,21269
573: 506,572,19415,19968,20364,20587
574: 19968,20587,642,575,18962,643
575: 509,576,18962,574,644,643
576: 509,575,510,577,645,644
577: 576,510,645,511,578,646
578: 512,511,579,577,647,646
579: 512,513,578,648,647,580
580: 514,581,20426,513,579,648,649
581: 514,580,582,20050,650,649
582: 516,581,20050,651,650,583
583: 517,584,516,582,651,652
584: 517,518,585,583,652,653
585: 584,518,653,586,519,654
586: 520,587,519,585,655,654
587: 521,520,586,588,656,655
588: 521,587,656,589,522,657
589: 523,590,522,588,658,657
590: 523,524,589,659,658,591
591: 525,592,524,590,659,660
592: 525,526,593,591,661,660
593: 526,592,527,662,661,594
594: 595,528,593,527,662,663
595: 529,596,594,528,664,663
596: 529,595,530,665,664,597
597: 531,598,596,530,665,666
598: 532,531,599,597,667,666
599: 532,598,667,533,600,668
600: 17047,533,534,599,669,668
601: 740,669,741,535,534,670
602: 603,13022,471,535,671,670
603: 537,15220,602,15474,13022,18222,671
604: 475,14298,17385,537,15220,538
605: 606,539,14298,17385,18287
606: 605,539,674,675,540,607
607: 540,14956,13804,606,675,676
608: 12973,14956,12780,13804,677,15519,609
609: 610,543,608,12780,15519,678
610: 13093,12902,609,543,679,678
611: 13093,12902,13104,13797,612,12296
612: 681,13797,13127,12296,12215,611
613: 546,12448,15095,614,12903,12215
614: 12448,613,12903,14783,13126
615: 15723,684,12635,14299,13126,683
616: 13838,15271,12656,18294,13935,17781
617: 14875,20096,12541,11906,12832,13005
618: 16330,18948,18679,20666,16315,11794
619: 17207,18557,12096,13207,13805,13314
620: 17447,621,12621,13805,12245,12281
621: 553,17447,12621,620,12095,622,13133
622: 553,621,12621,13133,13011,554,14809
623: 17756,12228,555,624,13201,556
624: 623,13201,13271,556,13784
625: 695,626,13271,694,13784
626: 625,695,20934,696,557,13784
627: 628,16229,558,559,16654,697
628: 627,629,560,16229,697,698
629: 561,628,560,698,699,630
630: 562,629,561,699,700,631
631: 701,700,632,563,562,630
632: 701,631,702,563,564,633
633: 703,14746,632,702,498,564
634: 704,14746,565,566,705,635
635: 636,705,706,634,566,567
636: 637,635,707,706,567,568
637: 636,707,568,569,708,638
638: 709,708,639,637,569,570
639: 709,638,710,570,571,640,21269
640: 572,20364,571,639,641,21269
641: 711,642,21269,712,572,19968,640
642: 641,712,713,574,19968,643
643: 714,644,574,642,713,575
644: 714,645,643,715,575,576
645: 644,715,576,577,646,716
646: 717,647,716,577,645,578
647: 717,648,646,718,578,579
648: 647,718,579,580,649,719
649: 650,720,719,648,580,581
650: 651,649,721,720,581,582
651: 650,721,582,583,652,722
652: 653,723,722,651,584,583
653: 652,723,724,584,585,654
654: 655,725,585,653,724,586
655: 656,654,726,725,586,587
656: 727,655,726,587,588,657
657: 728,658,588,727,656,589
658: 728,659,657,729,589,590
659: 658,729,590,591,660,730
660: 731,661,730,659,592,591
661: 731,662,660,732,592,593
662: 661,732,593,594,663,733
663: 664,734,733,662,595,594
664: 665,663,734,735,596,595
665: 664,735,596,597,736,666
666: 736,667,737,665,598,597
667: 738,666,737,598,599,668
668: 669,739,599,738,667,600
669: 740,601,739,668,600,534
670: 671,742,535,601,741,602
671: 670,672,743,742,602,603,18222
672: 671,743,18222,673,17626,744
673: 17385,18287,15220,18222,672,17626
674: 17626,675,746,745,606,18287
675: 674,746,606,607,676,747
676: 677,747,748,675,607,14956
677: 676,15519,748,15796,608,14956
678: 750,679,749,15519,610,609
679: 750,751,680,678,13093,610
680: 679,751,13093,13797,14146,752
681: 13797,13127,612,682,14146,753
682: 681,13127,683,14366,753,12635
683: 12903,13127,682,615,12635,13126
684: 15723,615,12468,12635,755,829
685: 12705,12005,15326,14875,13005,14263
686: 12625,14340,13991,14167,15436,18879
687: 15041,14978,14680,17261,12567,17132
688: 15660,13447,11798,14322,14252,13771
689: 761,14300,762,12197,12096,12245
690: 763,12281,13133,764,691,12621
691: 15576,690,13133,764,765,14809
692: 693,765,766,14809,13011,17756,13201
693: 15635,692,766,13271,694,13201
694: 693,767,15635,13271,625,695,768
695: 625,696,769,626,768,694
696: 16654,695,20934,769,626,770,17055
697: 698,17055,17325,16654,627,628
698: 772,697,699,17325,629,628
699: 772,698,18358,629,630,700
700: 701,774,631,699,18358,630
701: 775,700,632,774,20439,631,702
702: 775,701,632,703,633,776
703: 704,777,633,14746,776,702
704: 778,634,703,777,14746,705
705: 635,779,706,778,634,704
706: 780,636,705,635,779,707
707: 780,637,636,706,781,708
708: 782,709,638,637,707,781
709: 782,708,639,638,783,710
710: 709,639,783,711,21269,784
711: 785,641,21269,712,784,710
712: 785,786,711,642,641,713
713: 786,642,712,787,714,643
714: 787,788,644,643,715,713
715: 788,714,645,644,789,716
716: 790,717,646,645,715,789
717: 790,791,647,646,718,716
718: 791,717,648,647,792,719
719: 793,649,720,648,718,792
720: 794,793,650,649,721,719
721: 795,794,651,650,720,722
722: 796,652,723,795,651,721
723: 797,796,652,653,724,722
724: 797,653,723,654,798,725
725: 799,655,654,798,726,724
726: 727,799,800,656,655,725
727: 800,656,726,728,657,801
728: 802,658,657,729,801,727
729: 728,802,803,659,658,730
730: 731,660,804,803,659,729
731: 805,661,660,732,804,730
732: 731,805,806,662,661,733
733: 807,663,734,806,662,732
734: 807,808,664,663,735,733
735: 809,808,665,664,734,736
736: 810,666,737,809,665,735
737: 738,736,810,811,667,666
738: 811,667,737,739,668,812
739: 740,669,668,812,813,738
740: 669,601,741,814,739,813
741: 740,601,814,815,670,742
742: 816,671,815,670,743,741
743: 816,671,672,817,742,744
744: 818,17626,745,672,817,743
745: 818,674,17626,819,746,744
746: 674,819,675,745,820,747
747: 676,821,748,675,746,820
748: 676,677,821,747,15796,16352
749: 750,823,678,822,15519,15796
750: 824,823,679,751,678,749
751: 750,824,825,679,680,752
752: 14146,826,13538,825,751,680
753: 754,14146,13538,681,682,14366
754: 827,13538,753,14366,13571,828
755: 829,15179,13571,14366,684,12635
756: 12110,757,14263,12468,16575,830,15080
757: 11801,756,15878,12110,14263,20916
758: 13306,17962,16025,12419,18674,12297
759: 18555,13690,17534,18828,14680,13683,16164
760: 13546,12261,12647,12065,836,15636
761: 12987,837,14300,762,12257,19371,689
762: 761,19371,689,12245,12281
763: 15821,690,17777,12281,764,19371
764: 15821,15576,690,763,839,691
765: 692,766,15290,14809,15576,691
766: 693,15635,765,692,841,15290
767: 15635,842,694,19894,768,843
768: 695,769,767,694,844,843
769: 695,696,768,770,844,845
770: 696,769,845,18064,17055,846
771: 772,18064,17871,17325,846,847
772: 18064,698,699,17871,771,18358,17325
773: 774,20439,17871,18358,848,849
774: 701,700,20439,773,18358
775: 701,20439,702,850,851,776
776: 703,777,775,702,851,852
777: 778,704,703,776,853,852
778: 704,777,853,705,779,854
779: 780,705,706,778,855,854
780: 779,707,706,781,856,855
781: 780,707,856,782,708,857
782: 709,708,783,781,858,857
783: 782,709,710,858,859,784
784: 785,711,783,710,859,860
785: 786,711,712,784,861,860
786: 785,712,713,861,862,787
787: 788,714,786,713,862,863
788: 787,714,715,789,864,863
789: 788,715,864,790,716,865
790: 791,717,716,789,866,865
791: 790,717,718,792,867,866
792: 791,718,867,793,719,868
793: 794,720,719,792,868,869
794: 795,793,721,720,870,869
795: 794,721,870,796,722,871
796: 797,723,722,795,871,872
797: 796,723,724,873,872,798
798: 799,725,797,724,873,874
799: 800,798,726,725,875,874
800: 727,799,726,876,875,801
801: 728,802,727,800,876,877
802: 728,803,729,801,878,877
803: 802,729,878,804,730,879
804: 731,805,730,803,880,879
805: 731,806,732,804,881,880
806: 805,732,881,807,733,882
807: 808,734,733,806,883,882
808: 809,807,734,735,884,883
809: 808,735,884,736,810,885
810: 736,811,737,809,885,886
811: 738,810,737,887,886,812
812: 739,813,738,811,887,888
813: 740,814,739,812,888,889
814: 740,741,813,890,889,815
815: 816,742,741,814,890,891
816: 815,817,743,742,892,891
817: 816,743,892,818,744,893
818: 819,745,744,817,894,893
819: 818,746,745,820,895,894
820: 819,746,895,821,747,896
821: 747,748,16352,897,896,820,19692
822: 898,15796,16352,823,749,16851
823: 750,824,749,16851,899,822
824: 750,825,823,751,899,900
825: 824,751,900,901,826,752
826: 827,902,901,13538,752,825
827: 903,754,902,826,13538,828
828: 13059,15179,13571,904,903,827,754
829: 15341,755,830,15179,684,12468
830: 12449,15341,829,12468,756,15080
831: 15080,11972,907,12825,12110,14360
832: 17156,20636,12759,16678,908
833: 12807,14223,13919,12618,16406,12833
834: 11802,13683,15689,15029,14057,16164
835: 13546,12065,16619,14835,11920,14252
836: 14970,12647,760,15636,12622,12257
837: 12987,761,14711,19371,17777
838: 15821,17777,16690,16636,914
839: 15821,15576,764,840,16636,916
840: 15576,839,916,841,15290,19314,18871
841: 15635,766,15290,842,840,19314
842: 767,15635,841,19314,918,19894
843: 920,844,767,919,19894,768
844: 920,921,845,843,769,768
845: 844,921,769,770,846,922,21475
846: 18064,771,770,845,21475
847: 924,923,848,21475,17871,771
848: 847,924,17871,773,925,849
849: 925,926,850,848,20439,773
850: 927,926,849,851,775,20439
851: 927,850,775,776,852,928
852: 853,929,928,851,777,776
853: 930,852,929,778,777,854
854: 855,931,778,930,853,779
855: 856,854,932,931,780,779
856: 855,932,933,780,781,857
857: 858,934,781,856,933,782
858: 857,934,935,859,782,783
859: 858,935,783,784,936,860
860: 936,861,937,859,785,784
861: 860,938,937,862,785,786
862: 861,938,786,787,939,863
863: 939,940,864,862,787,788
864: 940,863,941,788,789,865
865: 866,942,789,864,941,790
866: 943,867,942,865,790,791
867: 943,866,944,791,792,868
868: 869,945,792,867,944,793
869: 868,870,945,946,794,793
870: 869,946,947,795,794,871
871: 872,948,795,870,947,796
872: 873,871,949,948,797,796
873: 872,949,797,798,874,950
874: 875,951,950,873,799,798
875: 876,874,952,951,799,800
876: 875,952,800,801,953,877
877: 953,954,878,876,802,801
878: 954,877,955,802,803,879
879: 956,880,803,878,955,804
880: 957,956,881,879,805,804
881: 957,880,958,805,806,882
882: 959,883,806,881,958,807
883: 959,884,960,882,807,808
884: 883,961,960,809,808,885
885: 886,962,809,884,961,810
886: 885,887,962,963,810,811
887: 886,963,811,812,888,964
888: 889,965,964,887,812,813
889: 888,890,965,966,814,813
890: 889,966,814,815,967,891
891: 968,967,892,890,816,815
892: 968,969,891,816,817,893
893: 894,970,817,969,892,818
894: 971,20537,970,893,818,819,895
895: 819,820,894,20537,896
896: 821,820,895,20537,19692,972
897: 821,898,16352,19072,19692
898: 822,16352,897,19072,975,16851
899: 824,823,16851,900,976,17208
900: 824,825,899,977,976,901
901: 902,826,825,900,977,978
902: 903,827,901,826,978,21485
903: 827,902,21485,904,828,980
904: 13059,905,828,903,981,980
905: 13059,13046,12678,904,982,981
906: 907,13227,12812,12449,13046,12678
907: 15080,12825,831,12812,906,12449
908: 13071,16678,14360,11972,17192,832,12759
909: 14553,17272,13673,17369,20707
910: 14242,16722,12893,17148,15549,14057
911: 13653,13184,12000,14970,990,15917
912: 990,13128,991,15221,15917,913
913: 12987,12622,14711,13128,912,15917
914: 915,16636,993,992,16690,838
915: 16636,914,916,17222,994,993
916: 915,16636,17222,839,840,18871
917: 19314,918,18871,20460,996,995
918: 19314,917,20460,19894,842
919: 997,20460,19894,920,998,843
920: 844,921,999,998,843,919
921: 920,844,999,845,1000,922
922: 1001,923,21475,921,845,1000
923: 1001,1002,847,924,922,21475
924: 1002,847,923,848,1003,925
925: 1004,926,849,924,848,1003
926: 1004,1005,925,927,850,849
927: 1005,926,850,1006,851,928
928: 1007,852,929,927,1006,851
929: 1007,930,853,852,1008,928
930: 853,1008,929,1009,854,931
931: 1010,1009,855,854,932,930
932: 1010,856,855,931,1011,933
933: 856,932,1011,1012,857,934
934: 1012,1013,858,857,935,933
935: 1013,1014,858,934,859,936
936: 860,1015,937,1014,935,859
937: 936,1016,861,860,1015,938
938: 1017,1016,861,937,862,939
939: 1018,940,863,1017,938,862
940: 1018,939,864,863,1019,941
941: 940,864,1019,942,865,1020
942: 943,1021,866,865,1020,941
943: 1021,1022,867,866,942,944
944: 943,1022,867,1023,868,945
945: 1023,868,869,1024,946,944
946: 1025,870,869,1024,945,947
947: 1025,870,946,871,948,1026
948: 1027,871,872,949,1026,947
949: 1028,873,1027,872,948,950
950: 1029,874,951,1028,873,949
951: 1030,1029,875,874,952,950
952: 876,1030,1031,875,951,953
953: 954,1032,877,876,1031,952
954: 1033,953,1032,878,877,955
955: 1033,954,878,956,879,1034
956: 957,1035,880,879,1034,955
957: 1035,1036,956,881,880,958
958: 957,1036,881,959,1037,882
959: 1038,1037,883,960,882,958
960: 1038,959,1039,884,883,961
961: 1039,884,960,1040,885,962
962: 1040,1041,885,886,963,961
963: 1041,1042,887,886,962,964
964: 1043,888,965,1042,887,963
965: 1043,888,1044,889,966,964
966: 1045,1044,890,889,965,967
967: 968,1046,891,1045,890,966
968: 1046,967,969,1047,892,891
969: 968,1047,892,970,1048,893
970: 894,1049,971,1048,893,969
971: 894,1049,1050,20537,970,20143
972: 19692,973,1051,20537,20143,896
973: 19072,1052,19692,974,1051,972
974: 19072,1052,975,973,17580,1054,1053
975: 19072,974,898,16851,17208,1053
976: 977,1055,17462,17208,20518,899,900
977: 976,20518,900,901,1056,978
978: 1056,1057,21485,977,902,901
979: 1058,1057,21485,20622,980
980: 981,20622,903,979,21485,904
981: 982,20622,1059,19896,980,905,904
982: 981,1061,19896,14469,13046,905
983: 984,14290,1062,1061,14469,13227
984: 13798,1062,983,12139,13227,12812
985: 13798,1063,12139,16353,1064,1144
986: 15534,12833,14891,15264,11939,13919
987: 19470,16269,20836,12824,18619,12367,16645
988: 12124,12000,13859,13258,13041
989: 1069,13653,13184,12124,14207,1152,13696
990: 1070,912,15221,15917,13653,911
991: 13128,1072,17326,912,15221,992
992: 13128,991,17326,16690,914,993
993: 915,914,994,1074,1073,17326,992
994: 915,17222,993,1075,1074,995
995: 917,18871,996,1076,17222,994,1075
996: 997,917,20460,995,1076,1077
997: 20460,996,919,1078,1077,998
998: 920,999,997,919,1078,1079
999: 920,921,998,1000,1079,1080
1000: 921,999,1080,1001,922,1081
1001: 1002,923,922,1000,1082,1081
1002: 1001,924,923,1003,1083,1082
1003: 1002,924,1083,1004,925,1084
1004: 1005,925,926,1003,1085,1084
1005: 1004,927,926,1006,1085,1086
1006: 1005,927,1086,1007,928,1087
1007: 1008,929,928,1006,1088,1087
1008: 1007,930,929,1088,1089,1009
1009: 1010,931,930,1008,1089,1090
1010: 1009,932,931,1011,1091,1090
1011: 1010,932,933,1091,1092,1012
1012: 1013,934,1011,933,1092,1093
1013: 1012,1014,934,935,1094,1093
1014: 1013,935,1094,936,1015,1095
1015: 936,1016,937,1014,1096,1095
1016: 1017,1015,938,937,1097,1096
1017: 1016,938,1097,1018,939,1098
1018: 939,940,1019,1017,1099,1098
1019: 1018,940,941,1100,1099,1020
1020: 1021,942,1019,941,1100,1101
1021: 943,1022,942,1020,1102,1101
1022: 943,1021,944,1103,1102,1023
1023: 1024,945,1022,944,1103,1104
1024: 1023,1025,945,946,1105,1104
1025: 1024,946,947,1106,1105,1026
1026: 1027,948,1025,947,1106,1107
1027: 1028,949,948,1026,1108,1107
1028: 1027,949,1108,1029,950,1109
1029: 1030,951,950,1028,1110,1109
1030: 1031,1029,952,951,1111,1110
1031: 1030,952,1111,953,1032,1112
1032: 1033,953,954,1031,1113,1112
1033: 954,1032,955,1114,1113,1034
1034: 1035,956,1033,955,1114,1115
1035: 957,1036,956,1034,1116,1115
1036: 957,1035,958,1117,1116,1037
1037: 1038,959,1036,958,1117,1118
1038: 959,1039,1037,960,1119,1118
1039: 1038,961,960,1120,1119,1040
1040: 1041,962,1039,961,1120,1121
1041: 1040,1042,962,963,1122,1121
1042: 1041,963,1122,1043,964,1123
1043: 1044,965,964,1042,1124,1123
1044: 1043,1045,965,966,1125,1124
1045: 1044,966,1125,1046,967,1126
1046: 968,967,1047,1045,1127,1126
1047: 968,1046,969,1128,1127,1048
1048: 1049,970,969,1047,1128,1129
1049: 1050,971,970,1048,1130,1129
1050: 1049,971,20143,1131,1130,1051
1051: 1052,973,972,1050,20143,1131,1132
1052: 974,973,17580,1051,1133,1132
1053: 17462,1054,17208,974,975,17580
1054: 18328,17462,1053,974,17580,1134
1055: 18328,17462,976,1136,20518
1056: 978,1057,1137,977,18749,20518
1057: 1056,1138,978,1058,979,1137,21485
1058: 1138,1139,979,1057,20622,20304
1059: 981,20622,19896,1060,20304
1060: 1059,19896,19352,20304,1141,1140
1061: 982,19896,19352,14469,14290,983
1062: 14342,984,14290,13798,1063,983
1063: 14342,985,13798,1062,1143,1144
1064: 12961,12745,1144,985,13272,16353
1065: 14257,12745,12034,13272,12253
1066: 18614,16403,20203,19432,19622
1067: 13158,12019,1149,14361,13904,12769
1068: 12496,13621,13258,1069,12124
1069: 989,12124,1068,13621,14008,13696
1070: 990,1071,15221,13653,14207,14713
1071: 1072,1070,15221,14713,1153,1154
1072: 991,17326,1071,15221,18163,1154
1073: 993,1074,17326,18163,1155,1156
1074: 994,993,1075,1073,1157,1156
1075: 994,1074,1157,995,1076,1158
1076: 996,995,1075,1159,1077,1158
1077: 1078,1160,1159,997,996,1076
1078: 1160,1077,997,998,1079,1161
1079: 1161,1162,1080,1078,999,998
1080: 1079,1162,1163,999,1000,1081
1081: 1164,1082,1000,1163,1080,1001
1082: 1165,1164,1083,1081,1001,1002
1083: 1165,1166,1082,1002,1003,1084
1084: 1085,1167,1003,1083,1166,1004
1085: 1084,1168,1167,1086,1004,1005
1086: 1085,1168,1169,1005,1006,1087
1087: 1088,1170,1006,1169,1086,1007
1088: 1087,1171,1170,1089,1007,1008
1089: 1088,1171,1008,1009,1090,1172
1090: 1091,1172,1173,1089,1010,1009
1091: 1090,1173,1174,1092,1010,1011
1092: 1091,1174,1011,1012,1093,1175
1093: 1094,1175,1176,1092,1012,1013
1094: 1093,1177,1176,1013,1014,1095
1095: 1096,1178,1014,1094,1177,1015
1096: 1097,1095,1179,1178,1016,1015
1097: 1096,1179,1180,1017,1016,1098
1098: 1099,1181,1017,1097,1180,1018
1099: 1100,1098,1182,1181,1018,1019
1100: 1099,1182,1019,1020,1101,1183
1101: 1102,1184,1183,1100,1021,1020
1102: 1103,1101,1185,1184,1021,1022
1103: 1102,1185,1022,1023,1104,1186
1104: 1105,1187,1186,1103,1023,1024
1105: 1106,1104,1188,1187,1025,1024
1106: 1105,1188,1025,1026,1107,1189
1107: 1108,1189,1190,1106,1027,1026
1108: 1191,1107,1190,1028,1027,1109
1109: 1110,1192,1028,1108,1191,1029
1110: 1111,1109,1193,1192,1030,1029
1111: 1110,1193,1194,1030,1031,1112
1112: 1113,1195,1031,1111,1194,1032
1113: 1114,1112,1196,1195,1033,1032
1114: 1113,1196,1033,1034,1115,1197
1115: 1116,1198,1197,1114,1035,1034
1116: 1117,1115,1199,1198,1035,1036
1117: 1116,1199,1036,1037,1118,1200
1118: 1119,1201,1200,1117,1038,1037
1119: 1120,1118,1202,1201,1038,1039
1120: 1119,1202,1039,1040,1203,1121
1121: 1203,1122,1204,1120,1040,1041
1122: 1121,1204,1205,1041,1042,1123
1123: 1124,1206,1042,1122,1205,1043
1124: 1125,1207,1206,1123,1043,1044
1125: 1124,1208,1207,1045,1044,1126
1126: 1127,1209,1045,1125,1208,1046
1127: 1128,1126,1210,1209,1046,1047
1128: 1127,1210,1047,1048,1129,1211
1129: 1130,1212,1211,1128,1049,1048
1130: 1131,1129,1213,1212,1049,1050
1131: 1130,1213,1050,1051,1132,1214
1132: 1133,1215,1214,1131,1052,1051
1133: 1132,1216,1215,1052,17580,1134
1134: 1135,1217,17580,1133,1216,18328,1054
1135: 1218,1217,1134,18328,1136
1136: 18328,1055,18749,20518,19036,1135
1137: 1056,1138,1057,18749,1220,1219
1138: 1139,1058,1057,1137,1221,1220
1139: 1138,1058,1221,20304,1222,1140
1140: 1141,1222,1223,1139,1060,20304
1141: 1224,1223,1140,1060,19352,16298
1142: 14342,14290,16298,1225,1226,15160
1143: 14342,1063,1227,1226,16759,1144
1144: 12961,16759,1064,985,1143,1063
1145: 1229,15280,12610,12992,1228
1146: 15327,12946,16810,14416,14257,1229,12610
1147: 15146,18325,18400,13861,15791,11884
1148: 16230,13312,18461,13554,13281,19786,19378
1149: 12068,13158,15061,1067,12935,12769
1150: 1234,1235,14008,13098,13621,13235
1151: 1236,16272,14291,13696,1235,14008
1152: 989,14207,1236,17164,13696
1153: 1238,1154,1237,15196,14713,1071
1154: 18163,1153,1238,1155,1239,1072,1071
1155: 18163,1154,1239,1073,1240,1156
1156: 1240,1157,1241,1155,1074,1073
1157: 1156,1241,1242,1075,1074,1158
1158: 1159,1243,1075,1157,1242,1076
1159: 1160,1077,1158,1244,1243,1076
1160: 1078,1159,1077,1244,1245,1161
1161: 1079,1162,1246,1078,1160,1245
1162: 1079,1161,1246,1163,1080,1247
1163: 1162,1080,1247,1248,1164,1081
1164: 1248,1165,1249,1082,1081,1163
1165: 1164,1249,1083,1250,1166,1082
1166: 1165,1083,1250,1084,1167,1251
1167: 1085,1084,1168,1252,1251,1166
1168: 1085,1167,1252,1253,1169,1086
1169: 1168,1253,1086,1087,1254,1170
1170: 1088,1087,1254,1171,1255,1169
1171: 1088,1170,1255,1089,1256,1172
1172: 1090,1173,1257,1171,1089,1256
1173: 1091,1090,1258,1172,1257,1174
1174: 1091,1258,1173,1259,1092,1175
1175: 1093,1260,1176,1174,1259,1092
1176: 1094,1093,1177,1175,1261,1260
1177: 1094,1261,1176,1095,1178,1262
1178: 1096,1095,1179,1262,1263,1177
1179: 1097,1096,1178,1263,1264,1180
1180: 1097,1179,1264,1098,1181,1265
1181: 1099,1098,1182,1265,1266,1180
1182: 1100,1099,1181,1267,1266,1183
1183: 1101,1184,1268,1100,1182,1267
1184: 1102,1101,1185,1268,1269,1183
1185: 1103,1102,1184,1270,1269,1186
1186: 1104,1187,1271,1103,1185,1270
1187: 1105,1104,1188,1271,1272,1186
1188: 1106,1105,1187,1272,1273,1189
1189: 1107,1190,1274,1106,1188,1273
1190: 1108,1191,1107,1189,1275,1274
1191: 1108,1190,1275,1109,1276,1192
1192: 1110,1109,1276,1193,1277,1191
1193: 1111,1110,1192,1278,1277,1194
1194: 1111,1193,1278,1112,1279,1195
1195: 1113,1112,1279,1196,1280,1194
1196: 1114,1113,1195,1281,1280,1197
1197: 1115,1198,1282,1114,1196,1281
1198: 1116,1115,1199,1283,1282,1197
1199: 1117,1116,1284,1198,1283,1200
1200: 1118,1201,1285,1117,1284,1199
1201: 1119,1118,1202,1200,1285,1286
1202: 1120,1119,1287,1201,1286,1203
1203: 1121,1204,1288,1120,1287,1202
1204: 1203,1122,1121,1288,1205,1289
1205: 1122,1204,1289,1206,1123,1290
1206: 1291,1124,1207,1123,1290,1205
1207: 1291,1125,1124,1208,1206,1292
1208: 1125,1207,1292,1126,1209,1293
1209: 1294,1127,1126,1210,1293,1208
1210: 1294,1128,1127,1209,1295,1211
1211: 1129,1212,1296,1128,1210,1295
1212: 1130,1129,1213,1297,1296,1211
1213: 1298,1131,1130,1212,1297,1214
1214: 1132,1215,1299,1298,1131,1213
1215: 1133,1132,1216,1300,1299,1214
1216: 1133,1215,1300,1217,1301,1134
1217: 1135,1302,1218,1301,1134,1216
1218: 19036,1303,1135,1302,1217,19674
1219: 1220,1304,18749,19036,19674,1137
1220: 1221,1219,1305,1304,1138,1137
1221: 1220,1306,1305,1138,1139,1222
1222: 1223,1307,1140,1139,1221,1306
1223: 1141,1224,1222,1308,1307,1140
1224: 1141,1223,1308,16298,1309,1225,1310
1225: 15160,1310,1224,1142,16298
1226: 1227,15160,14790,14342,1142,1143
1227: 1226,14790,1143,16759,1312,1311
1228: 14192,1313,12992,1312,1145,15280
1229: 1145,12610,12992,15327,1146,13479
1230: 12946,12515,15418,14416,11809,15895,15264
1231: 17822,14804,18400,12368,13896
1232: 14065,16492,19626,11933,1317,17343
1233: 12047,13116,15061,12935,13596,13098
1234: 13596,1150,15657,1235,13098,16660
1235: 1150,1234,15657,14008,1151,14291
1236: 16272,1151,17164,13696,15606,1152
1237: 1153,1238,1323,15196,21107
1238: 1153,1154,1237,1239,1323,1324
1239: 1238,1154,1325,1155,1324,1240
1240: 1326,1156,1241,1325,1155,1239
1241: 1326,1240,1327,1157,1156,1242
1242: 1327,1157,1241,1158,1243,1328
1243: 1159,1158,1244,1328,1329,1242
1244: 1160,1159,1243,1245,1329,1330
1245: 1160,1244,1330,1331,1161,1246
1246: 1331,1161,1162,1247,1332,1245
1247: 1162,1246,1163,1332,1333,1248
1248: 1164,1249,1334,1163,1247,1333
1249: 1335,1248,1165,1164,1250,1334
1250: 1335,1336,1165,1249,1166,1251
1251: 1167,1252,1337,1336,1250,1166
1252: 1168,1167,1251,1253,1337,1338
1253: 1339,1168,1252,1338,1169,1254
1254: 1170,1255,1340,1339,1253,1169
1255: 1254,1171,1170,1256,1340,1341
1256: 1171,1255,1341,1172,1257,1342
1257: 1258,1172,1173,1342,1343,1256
1258: 1173,1257,1174,1259,1344,1343
1259: 1258,1174,1344,1175,1260,1345
1260: 1175,1261,1176,1346,1345,1259
1261: 1177,1260,1176,1347,1346,1262
1262: 1178,1263,1348,1177,1261,1347
1263: 1179,1178,1262,1264,1349,1348
1264: 1179,1263,1180,1350,1349,1265
1265: 1181,1266,1351,1264,1180,1350
1266: 1182,1181,1265,1267,1352,1351
1267: 1182,1266,1352,1353,1268,1183
1268: 1184,1269,1354,1183,1267,1353
1269: 1185,1184,1268,1270,1354,1355
1270: 1185,1269,1355,1271,1186,1356
1271: 1187,1272,1186,1357,1356,1270
1272: 1188,1187,1271,1273,1358,1357
1273: 1188,1272,1358,1189,1274,1359
1274: 1189,1190,1275,1359,1360,1273
1275: 1191,1190,1274,1360,1361,1276
1276: 1192,1277,1362,1191,1275,1361
1277: 1276,1193,1192,1278,1362,1363
1278: 1193,1277,1194,1363,1364,1279
1279: 1195,1280,1365,1278,1194,1364
1280: 1279,1196,1195,1281,1366,1365
1281: 1196,1280,1366,1282,1367,1197
1282: 1198,1283,1367,1197,1368,1281
1283: 1284,1199,1198,1282,1368,1369
1284: 1199,1283,1369,1200,1285,1370
1285: 1201,1200,1286,1370,1371,1284
1286: 1287,1202,1201,1285,1371,1372
1287: 1202,1286,1372,1203,1288,1373
1288: 1203,1204,1289,1373,1374,1287
1289: 1204,1288,1205,1374,1375,1290
1290: 1291,1206,1376,1205,1289,1375
1291: 1207,1206,1292,1290,1377,1376
1292: 1291,1208,1207,1378,1377,1293
1293: 1294,1209,1379,1208,1292,1378
1294: 1210,1209,1295,1293,1380,1379
1295: 1294,1210,1380,1296,1211,1381
1296: 1212,1297,1211,1382,1381,1295
1297: 1298,1213,1212,1296,1383,1382
1298: 1213,1297,1383,1384,1299,1214
1299: 1385,1384,1215,1300,1214,1298
1300: 1385,1216,1215,1299,1386,1301
1301: 1387,1302,1217,1216,1300,1386
1302: 1303,1387,1218,1217,1301,1388
1303: 1302,1218,1388,19674,20137
1304: 1220,1219,1390,1305,20672,19674,20137
1305: 1221,1220,1391,1306,1304,20672
1306: 1221,1391,1305,1222,1307,1392
1307: 1393,1222,1223,1308,1392,1306
1308: 1394,1393,1224,1223,1307,1309
1309: 1310,17121,1394,1224,1308,1395
1310: 1309,1225,16716,15160,17121,1224
1311: 1312,15641,1227,14790,15828
1312: 1228,1311,1227,15280,16759
1313: 14192,13881,1399,12992,1228,1314
1314: 13479,13185,12024,1400,1313,1399,12992
1315: 15327,12773,1401,16810,13479,13295,12024
1316: 17822,14804,16562,18500,16172,15691
1317: 15097,17343,15076,16492,1232,12899
1318: 13116,12763,1492,13105,1405,1404
1319: 15657,16660,1320,15315,13845,1406
1320: 1319,15657,1406,14291,1407
1321: 16272,1322,1407,15606,21107,18046
1322: 1321,21107,1408,18046,1323,1409
1323: 1238,1237,1324,1322,21107,1410,1409
1324: 1238,1325,1239,1323,1411,1410
1325: 1239,1324,1411,1326,1240,1412
1326: 1240,1327,1241,1325,1413,1412
1327: 1326,1241,1242,1413,1414,1328
1328: 1243,1329,1327,1242,1414,1415
1329: 1244,1243,1328,1330,1416,1415
1330: 1244,1245,1329,1416,1417,1331
1331: 1246,1332,1245,1330,1417,1418
1332: 1331,1246,1247,1333,1419,1418
1333: 1247,1332,1419,1248,1334,1420
1334: 1335,1248,1249,1333,1421,1420
1335: 1336,1249,1250,1334,1422,1421
1336: 1335,1250,1422,1251,1337,1423
1337: 1252,1251,1338,1336,1424,1423
1338: 1339,1252,1253,1337,1425,1424
1339: 1253,1338,1425,1254,1340,1426
1340: 1254,1255,1341,1339,1426,1427
1341: 1255,1256,1340,1428,1427,1342
1342: 1257,1343,1256,1341,1428,1429
1343: 1258,1257,1342,1344,1430,1429
1344: 1258,1259,1343,1431,1430,1345
1345: 1260,1346,1259,1344,1431,1432
1346: 1261,1260,1347,1345,1433,1432
1347: 1261,1346,1433,1262,1348,1434
1348: 1262,1263,1349,1347,1435,1434
1349: 1263,1264,1350,1348,1436,1435
1350: 1264,1349,1436,1265,1351,1437
1351: 1265,1266,1352,1350,1438,1437
1352: 1267,1266,1351,1353,1439,1438
1353: 1267,1352,1439,1268,1354,1440
1354: 1268,1269,1355,1353,1441,1440
1355: 1270,1269,1354,1442,1441,1356
1356: 1271,1357,1270,1355,1442,1443
1357: 1271,1272,1358,1356,1444,1443
1358: 1272,1273,1357,1445,1444,1359
1359: 1274,1360,1273,1358,1445,1446
1360: 1275,1274,1359,1361,1447,1446
1361: 1275,1360,1447,1276,1362,1448
1362: 1276,1277,1363,1361,1449,1448
1363: 1278,1277,1362,1364,1450,1449
1364: 1278,1363,1450,1279,1365,1451
1365: 1279,1280,1366,1364,1452,1451
1366: 1281,1280,1365,1453,1452,1367
1367: 1282,1368,1281,1366,1453,1454
1368: 1283,1282,1367,1369,1455,1454
1369: 1284,1283,1368,1456,1455,1370
1370: 1285,1371,1284,1369,1456,1457
1371: 1285,1286,1370,1372,1458,1457
1372: 1287,1286,1371,1459,1458,1373
1373: 1288,1374,1287,1372,1459,1460
1374: 1288,1289,1373,1375,1461,1460
1375: 1289,1374,1461,1290,1376,1462
1376: 1291,1290,1377,1375,1463,1462
1377: 1291,1292,1378,1376,1464,1463
1378: 1292,1377,1464,1293,1379,1465
1379: 1294,1293,1380,1378,1465,1466
1380: 1294,1295,1379,1466,1467,1381
1381: 1296,1382,1295,1380,1467,1468
1382: 1297,1296,1383,1381,1469,1468
1383: 1298,1297,1382,1470,1469,1384
1384: 1385,1299,1298,1383,1470,1471
1385: 1384,1300,1299,1386,1471,1472
1386: 1385,1300,1472,1387,1301,1473
1387: 1302,1301,1388,1386,1474,1473
1388: 1303,1387,1302,20137,1474,1475,1389
1389: 1475,1388,20137,1390,1476,20508
1390: 1304,20672,20137,1389,1476
1391: 1306,1305,20672,1477,1478,1392
1392: 1393,1307,1391,1306,1478,1479
1393: 1394,1308,1307,1392,1480,1479
1394: 1393,1308,1480,1481,1309,1395
1395: 1482,17361,1394,1481,1309,17121
1396: 16716,15828,17121,1483,17998,17361,1397
1397: 1398,15641,1396,15828,17998,1484
1398: 14192,13881,15641,1397,1485,1484
1399: 1313,13881,1486,1314,14500,1400
1400: 13185,1314,14500,12118,1399,1487
1401: 1315,12773,13295,12774,12038,14247
1402: 14100,12796,13977,19237,15646,15642
1403: 15787,13167,18648,12899,14566,15097
1404: 13845,1493,1318,13105,14286,1405,16660
1405: 13596,16660,13116,1318,1404
1406: 15315,1494,1319,1320,1407,1495,16202
1407: 16272,14291,1321,1320,1406,18046,1495
1408: 18046,1497,1496,1322,1409
1409: 1498,1410,1322,1408,1497,1323
1410: 1411,1498,1409,1499,1323,1324
1411: 1410,1499,1500,1325,1324,1412
1412: 1413,1501,1325,1411,1500,1326
1413: 1501,1414,1412,1502,1326,1327
1414: 1413,1502,1327,1328,1503,1415
1415: 1416,1503,1504,1414,1328,1329
1416: 1504,1417,1415,1505,1329,1330
1417: 1416,1505,1330,1331,1506,1418
1418: 1506,1507,1419,1417,1331,1332
1419: 1507,1508,1418,1332,1333,1420
1420: 1509,1421,1333,1419,1508,1334
1421: 1509,1510,1422,1420,1335,1334
1422: 1510,1421,1511,1335,1336,1423
1423: 1424,1512,1336,1422,1511,1337
1424: 1425,1513,1423,1512,1337,1338
1425: 1424,1513,1514,1339,1338,1426
1426: 1427,1515,1339,1425,1514,1340
1427: 1428,1426,1515,1516,1340,1341
1428: 1427,1516,1341,1342,1429,1517
1429: 1430,1517,1518,1428,1342,1343
1430: 1519,1431,1429,1518,1344,1343
1431: 1519,1430,1344,1345,1520,1432
1432: 1520,1433,1521,1431,1346,1345
1433: 1522,1432,1521,1347,1346,1434
1434: 1523,1435,1347,1522,1433,1348
1435: 1523,1524,1436,1434,1349,1348
1436: 1524,1435,1525,1350,1349,1437
1437: 1438,1526,1350,1436,1525,1351
1438: 1527,1439,1437,1526,1352,1351
1439: 1527,1438,1528,1352,1353,1440
1440: 1441,1529,1353,1439,1528,1354
1441: 1530,1442,1440,1529,1354,1355
1442: 1530,1441,1355,1356,1443,1531
1443: 1444,1531,1532,1442,1357,1356
1444: 1445,1443,1533,1532,1358,1357
1445: 1444,1533,1358,1359,1534,1446
1446: 1534,1447,1535,1445,1359,1360
1447: 1446,1536,1535,1360,1361,1448
1448: 1537,1449,1361,1447,1536,1362
1449: 1537,1450,1448,1538,1362,1363
1450: 1449,1538,1539,1363,1364,1451
1451: 1540,1452,1364,1450,1539,1365
1452: 1540,1453,1451,1541,1366,1365
1453: 1452,1541,1366,1367,1454,1542
1454: 1543,1455,1542,1453,1367,1368
1455: 1544,1543,1456,1454,1368,1369
1456: 1544,1455,1369,1370,1457,1545
1457: 1546,1458,1545,1456,1370,1371
1458: 1546,1547,1459,1457,1371,1372
1459: 1547,1458,1372,1373,1548,1460
1460: 1549,1548,1461,1459,1373,1374
1461: 1550,1549,1460,1374,1375,1462
1462: 1463,1551,1375,1550,1461,1376
1463: 1464,1551,1552,1462,1377,1376
1464: 1553,1463,1552,1378,1377,1465
1465: 1554,1466,1378,1553,1464,1379
1466: 1465,1554,1555,1467,1380,1379
1467: 1555,1466,1380,1381,1556,1468
1468: 1557,1469,1556,1467,1382,1381
1469: 1470,1557,1468,1558,1383,1382
1470: 1469,1558,1383,1384,1471,1559
1471: 1472,1559,1560,1470,1385,1384
1472: 1471,1561,1560,1385,1386,1473
1473: 1474,1562,1386,1561,1472,1387
1474: 1475,1562,1563,1473,1387,1388
1475: 1474,1564,1563,1389,1388,20508
1476: 1477,21046,20508,1389,1390,20672
1477: 1566,1476,1478,21046,1391,20672
1478: 1566,1477,1391,1392,1479,1567
1479: 1480,1568,1567,1478,1393,1392
1480: 1568,1481,1569,1479,1394,1393
1481: 1480,1569,1394,1482,1570,1395
1482: 1483,17361,1570,18471,1395,1481
1483: 17998,1571,1482,17361,1572,18471,1396
1484: 1485,1573,17998,1572,1398,1397
1485: 1574,1573,1484,14496,1398,13881,1486
1486: 13881,1399,1485,14496,14500
1487: 14230,1576,1575,14500,12118,1400
1488: 14557,13993,15206,12128,1578,17137
1489: 15605,11819,12049,14762,12878,16074,12328
1490: 18158,15487,17001,15381,17413
1491: 13872,13868,17233,12899,18648
1492: 12379,1318,12763,12866,14625,13105
1493: 15315,1404,13845,15197,1584,16915,14286
1494: 19045,15315,15197,1406,1585,16202
1495: 18046,16202,1496,1406,1407
1496: 1408,1587,18046,1495,16202,1497,1586
1497: 1408,1587,1496,1498,1409,1588
1498: 1589,1410,1409,1588,1499,1497
1499: 1411,1498,1589,1410,1590,1500
1500: 1411,1590,1499,1501,1412,1591
1501: 1413,1412,1502,1592,1591,1500
1502: 1413,1501,1593,1414,1592,1503
1503: 1504,1415,1594,1593,1414,1502
1504: 1416,1503,1415,1505,1595,1594
1505: 1416,1504,1417,1596,1595,1506
1506: 1507,1418,1597,1417,1505,1596
1507: 1506,1419,1598,1508,1418,1597
1508: 1507,1419,1598,1599,1509,1420
1509: 1510,1600,1421,1420,1508,1599
1510: 1509,1601,1422,1600,1421,1511
1511: 1510,1601,1422,1423,1512,1602
1512: 1424,1513,1603,1423,1602,1511
1513: 1425,1424,1604,1603,1512,1514
1514: 1425,1604,1513,1426,1515,1605
1515: 1426,1427,1605,1516,1606,1514
1516: 1428,1607,1427,1515,1606,1517
1517: 1608,1429,1518,1428,1607,1516
1518: 1519,1608,1430,1429,1517,1609
1519: 1431,1430,1610,1518,1609,1520
1520: 1432,1611,1521,1519,1431,1610
1521: 1522,1612,1520,1433,1432,1611
1522: 1612,1433,1521,1523,1434,1613
1523: 1524,1435,1434,1614,1613,1522
1524: 1523,1615,1436,1435,1614,1525
1525: 1615,1524,1436,1616,1437,1526
1526: 1527,1617,1616,1438,1437,1525
1527: 1617,1439,1438,1526,1618,1528
1528: 1527,1439,1618,1440,1619,1529
1529: 1530,1620,1441,1440,1619,1528
1530: 1621,1620,1442,1441,1529,1531
1531: 1622,1443,1532,1621,1530,1442
1532: 1623,1622,1444,1443,1531,1533
1533: 1624,1623,1445,1444,1532,1534
1534: 1625,1446,1535,1624,1445,1533
1535: 1625,1534,1447,1626,1446,1536
1536: 1447,1626,1535,1627,1537,1448
1537: 1627,1449,1448,1628,1538,1536
1538: 1537,1629,1450,1449,1628,1539
1539: 1629,1450,1538,1540,1451,1630
1540: 1631,1452,1451,1630,1541,1539
1541: 1631,1632,1540,1453,1452,1542
1542: 1543,1454,1633,1632,1453,1541
1543: 1544,1455,1454,1542,1633,1634
1544: 1635,1543,1456,1455,1634,1545
1545: 1546,1636,1457,1544,1635,1456
1546: 1636,1547,1458,1457,1637,1545
1547: 1546,1459,1458,1637,1638,1548
1548: 1549,1460,1639,1547,1459,1638
1549: 1550,1548,1640,1461,1460,1639
1550: 1549,1640,1461,1641,1551,1462
1551: 1642,1641,1463,1552,1462,1550
1552: 1642,1553,1643,1464,1463,1551
1553: 1643,1464,1552,1465,1554,1644
1554: 1645,1465,1555,1466,1644,1553
1555: 1645,1646,1554,1466,1467,1556
1556: 1647,1557,1468,1646,1555,1467
1557: 1647,1469,1556,1468,1558,1648
1558: 1470,1557,1469,1649,1648,1559
1559: 1471,1650,1560,1470,1558,1649
1560: 1471,1650,1561,1472,1651,1559
1561: 1472,1651,1560,1562,1652,1473
1562: 1474,1653,1563,1652,1473,1561
1563: 1474,1653,1564,1654,1475,1562
1564: 1654,1475,1563,1565,1655,21046,20508
1565: 1566,1655,1656,21046,20508,1564
1566: 1477,1565,1478,1657,1656,21046,1567
1567: 1658,1568,1479,1566,1478,1657
1568: 1658,1659,1480,1569,1479,1567
1569: 1659,1480,1568,1481,1660,1570
1570: 1482,1661,18471,1481,1660,1569
1571: 1483,1572,1662,18471,18862,1663
1572: 1483,17998,1571,1663,1573,1484
1573: 1664,1485,1574,1663,1484,1572
1574: 1664,1665,1485,1573,14496,14600
1575: 1576,14270,1487,14600,14496,14500
1576: 1667,14230,1577,14270,1575,1487
1577: 1667,14230,1576,12128,17137,18199
1578: 13178,12876,17137,1488,15206
1579: 18018,17138,13940,18606,19117,16186
1580: 13846,12706,17286,12673,15650,14474
1581: 12177,1672,14394,14224,1582,1673
1582: 18550,14625,1673,13869,12177,1581
1583: 13469,18550,14286,16471,17077,16915
1584: 19045,17077,1493,15197,16915,1675,19625
1585: 19045,1494,1676,16202,1586,1677
1586: 1587,16202,1496,1585,1678,1677
1587: 1497,1496,1586,1678,1679,1588
1588: 1498,1589,1587,1497,1679,1680
1589: 1498,1590,1588,1499,1681,1680
1590: 1589,1499,1500,1681,1682,1591
1591: 1501,1592,1590,1500,1682,1683
1592: 1501,1593,1502,1591,1684,1683
1593: 1502,1592,1684,1503,1594,1685
1594: 1503,1504,1595,1593,1685,1686
1595: 1504,1505,1596,1594,1686,1687
1596: 1505,1595,1687,1506,1597,1688
1597: 1506,1507,1598,1596,1688,1689
1598: 1507,1508,1597,1599,1690,1689
1599: 1598,1508,1690,1509,1600,1691
1600: 1509,1510,1601,1599,1691,1692
1601: 1510,1600,1511,1693,1692,1602
1602: 1603,1512,1601,1511,1693,1694
1603: 1604,1513,1512,1602,1694,1695
1604: 1513,1603,1514,1695,1696,1605
1605: 1515,1606,1604,1514,1696,1697
1606: 1607,1515,1605,1516,1697,1698
1607: 1516,1606,1698,1608,1517,1699
1608: 1517,1518,1609,1607,1700,1699
1609: 1519,1608,1610,1518,1700,1701
1610: 1519,1609,1701,1520,1611,1702
1611: 1612,1520,1521,1610,1703,1702
1612: 1522,1611,1521,1703,1704,1613
1613: 1523,1614,1522,1612,1704,1705
1614: 1523,1615,1524,1613,1706,1705
1615: 1524,1614,1525,1706,1707,1616
1616: 1617,1526,1615,1525,1707,1708
1617: 1527,1616,1526,1618,1709,1708
1618: 1527,1617,1528,1709,1710,1619
1619: 1620,1529,1618,1528,1710,1711
1620: 1621,1530,1619,1529,1712,1711
1621: 1530,1620,1712,1622,1531,1713
1622: 1623,1531,1532,1621,1714,1713
1623: 1624,1622,1533,1532,1715,1714
1624: 1623,1533,1715,1625,1534,1716
1625: 1534,1626,1535,1624,1716,1717
1626: 1625,1536,1535,1717,1718,1627
1627: 1537,1628,1626,1536,1718,1719
1628: 1627,1537,1629,1538,1720,1719
1629: 1628,1538,1539,1720,1721,1630
1630: 1631,1540,1629,1539,1721,1722
1631: 1632,1540,1630,1541,1723,1722
1632: 1631,1541,1723,1542,1633,1724
1633: 1543,1542,1634,1632,1725,1724
1634: 1544,1635,1543,1633,1726,1725
1635: 1544,1634,1726,1636,1545,1727
1636: 1546,1637,1545,1635,1728,1727
1637: 1546,1636,1547,1638,1729,1728
1638: 1547,1637,1729,1548,1639,1730
1639: 1549,1548,1640,1638,1731,1730
1640: 1550,1549,1639,1732,1731,1641
1641: 1642,1551,1550,1640,1732,1733
1642: 1641,1643,1551,1552,1734,1733
1643: 1642,1553,1552,1735,1734,1644
1644: 1645,1554,1553,1643,1735,1736
1645: 1646,1554,1555,1644,1737,1736
1646: 1645,1555,1737,1647,1556,1738
1647: 1557,1556,1648,1646,1739,1738
1648: 1647,1557,1558,1649,1740,1739
1649: 1558,1648,1740,1650,1559,1741
1650: 1651,1559,1560,1649,1741,1742
1651: 1650,1561,1560,1743,1742,1652
1652: 1653,1562,1561,1651,1743,1744
1653: 1654,1562,1563,1652,1745,1744
1654: 1653,1564,1563,1745,1746,1655
1655: 1565,1656,1564,1654,1746,1747
1656: 1566,1565,1655,1657,1748,1747
1657: 1566,1656,1748,1749,1658,1567
1658: 1659,1568,1567,1657,1749,1750
1659: 1658,1568,1660,1569,1750,1751
1660: 1659,1569,1751,1570,1661,1752
1661: 1570,18471,18862,1660,1753,1752
1662: 1571,18862,1754,1663,19433
1663: 1664,1573,1571,1572,1662,1755,19433
1664: 1665,1574,1663,1573,1756,1755
1665: 1664,1574,1756,1666,14600,1757
1666: 13663,14270,14600,1665,1758,1757
1667: 13663,1759,1577,1576,14270,18199,13073
1668: 16366,12099,13178,12235,18199,13073
1669: 1761,16221,14999,13747,15131,14063
1670: 13692,15749,18089,16717,16788
1671: 18125,17481,14161,21474,18497
1672: 1581,14224,12715,1764,13889,1673
1673: 1582,13869,1672,1581,13889,1765
1674: 1766,15930,16471,17077,1675,1767
1675: 1767,1768,19625,1674,17077,1584
1676: 1769,1768,19625,19045,1585,1677
1677: 1770,1678,1585,1769,1676,1586
1678: 1770,1771,1679,1677,1587,1586
1679: 1771,1678,1587,1588,1772,1680
1680: 1772,1681,1773,1679,1589,1588
1681: 1774,1773,1680,1682,1589,1590
1682: 1681,1774,1590,1591,1775,1683
1683: 1684,1776,1775,1682,1592,1591
1684: 1777,1776,1683,1593,1592,1685
1685: 1778,1686,1593,1777,1684,1594
1686: 1685,1779,1778,1687,1595,1594
1687: 1779,1686,1780,1596,1595,1688
1688: 1689,1781,1596,1687,1780,1597
1689: 1690,1688,1782,1781,1598,1597
1690: 1782,1689,1783,1598,1599,1691
1691: 1692,1784,1599,1690,1783,1600
1692: 1691,1785,1693,1784,1601,1600
1693: 1785,1692,1601,1602,1694,1786
1694: 1786,1695,1787,1693,1603,1602
1695: 1694,1788,1787,1696,1604,1603
1696: 1788,1695,1604,1605,1697,1789
1697: 1790,1789,1698,1696,1605,1606
1698: 1697,1791,1790,1607,1606,1699
1699: 1700,1792,1607,1791,1698,1608
1700: 1699,1793,1792,1701,1608,1609
1701: 1700,1793,1794,1610,1609,1702
1702: 1703,1795,1610,1701,1794,1611
1703: 1702,1796,1795,1704,1612,1611
1704: 1703,1796,1612,1613,1705,1797
1705: 1706,1798,1797,1704,1614,1613
1706: 1705,1799,1798,1707,1615,1614
1707: 1706,1799,1615,1616,1708,1800
1708: 1709,1801,1800,1707,1617,1616
1709: 1708,1802,1801,1710,1617,1618
1710: 1709,1802,1618,1619,1711,1803
1711: 1712,1804,1803,1710,1620,1619
1712: 1711,1805,1804,1621,1620,1713
1713: 1714,1806,1621,1712,1805,1622
1714: 1715,1807,1806,1713,1623,1622
1715: 1714,1808,1807,1624,1623,1716
1716: 1717,1809,1624,1715,1808,1625
1717: 1716,1809,1810,1718,1625,1626
1718: 1717,1810,1626,1627,1719,1811
1719: 1720,1812,1811,1718,1627,1628
1720: 1719,1813,1812,1721,1629,1628
1721: 1720,1813,1629,1630,1722,1814
1722: 1723,1815,1814,1721,1631,1630
1723: 1722,1816,1815,1631,1632,1724
1724: 1725,1817,1632,1723,1816,1633
1725: 1726,1818,1817,1724,1633,1634
1726: 1725,1818,1819,1635,1634,1727
1727: 1728,1820,1635,1726,1819,1636
1728: 1729,1820,1821,1727,1636,1637
1729: 1728,1822,1821,1637,1638,1730
1730: 1731,1823,1638,1729,1822,1639
1731: 1732,1823,1730,1824,1640,1639
1732: 1731,1824,1640,1641,1825,1733
1733: 1734,1826,1825,1732,1642,1641
1734: 1735,1827,1826,1733,1642,1643
1735: 1734,1827,1643,1644,1828,1736
1736: 1828,1737,1829,1735,1645,1644
1737: 1830,1829,1736,1645,1646,1738
1738: 1831,1739,1646,1737,1830,1647
1739: 1832,1831,1740,1738,1647,1648
1740: 1832,1739,1833,1649,1648,1741
1741: 1742,1834,1649,1740,1833,1650
1742: 1741,1743,1835,1834,1650,1651
1743: 1742,1835,1651,1652,1744,1836
1744: 1745,1837,1836,1743,1653,1652
1745: 1744,1837,1746,1838,1653,1654
1746: 1745,1838,1654,1655,1747,1839
1747: 1748,1840,1839,1746,1655,1656
1748: 1841,1840,1749,1747,1657,1656
1749: 1748,1841,1657,1658,1750,1842
1750: 1842,1843,1751,1749,1658,1659
1751: 1750,1844,1843,1659,1660,1752
1752: 1753,1845,1660,1844,1751,1661
1753: 1845,1754,1752,1846,1661,18862
1754: 1753,1846,19956,1662,18862,19433
1755: 1847,1848,1756,19433,1664,1663
1756: 1849,1848,1755,1664,1665,1757
1757: 1758,1850,1665,1849,1756,1666
1758: 13390,1851,1850,1757,13663,1666
1759: 13663,1667,13390,16366,13073,1760
1760: 12940,1853,1759,13390,1852,16366
1761: 12286,1854,1669,16221,1762,14999
1762: 18949,18052,1854,1761,16221,14343
1763: 19624,14101,18692,19274,15520,20318
1764: 1857,1858,13889,12845,1672,12715
1765: 1859,15930,14172,13889,1673,13869
1766: 1859,15930,15906,1954,1674,1860,1767
1767: 1861,1675,1768,1766,1674,1860
1768: 1861,1675,1769,1767,1862,19625,1676
1769: 1862,1768,1676,1770,1677,1863
1770: 1771,1678,1864,1677,1863,1769
1771: 1770,1678,1864,1679,1865,1772
1772: 1866,1773,1680,1771,1679,1865
1773: 1772,1866,1681,1774,1867,1680
1774: 1681,1773,1867,1868,1682,1775
1775: 1869,1776,1683,1774,1868,1682
1776: 1777,1870,1684,1869,1775,1683
1777: 1870,1684,1776,1871,1685,1778
1778: 1871,1872,1685,1779,1686,1777
1779: 1873,1872,1778,1686,1687,1780
1780: 1873,1779,1687,1688,1874,1781
1781: 1875,1688,1782,1874,1689,1780
1782: 1690,1875,1876,1689,1781,1783
1783: 1690,1876,1782,1691,1877,1784
1784: 1691,1785,1877,1692,1878,1783
1785: 1693,1879,1692,1784,1878,1786
1786: 1694,1880,1787,1785,1693,1879
1787: 1694,1880,1881,1788,1786,1695
1788: 1881,1695,1787,1882,1696,1789
1789: 1697,1883,1790,1788,1882,1696
1790: 1697,1791,1884,1883,1789,1698
1791: 1884,1790,1698,1699,1792,1885
1792: 1700,1699,1886,1793,1885,1791
1793: 1700,1887,1886,1792,1701,1794
1794: 1887,1793,1701,1702,1888,1795
1795: 1703,1702,1889,1888,1796,1794
1796: 1703,1889,1795,1890,1704,1797
1797: 1705,1891,1798,1796,1890,1704
1798: 1706,1705,1891,1799,1797,1892
1799: 1706,1798,1893,1892,1707,1800
1800: 1708,1894,1801,1799,1893,1707
1801: 1709,1708,1894,1802,1800,1895
1802: 1709,1801,1895,1710,1896,1803
1803: 1711,1897,1804,1802,1710,1896
1804: 1712,1711,1897,1805,1803,1898
1805: 1712,1804,1898,1806,1713,1899
1806: 1714,1900,1807,1713,1899,1805
1807: 1715,1714,1900,1808,1806,1901
1808: 1715,1807,1901,1716,1809,1902
1809: 1716,1717,1810,1903,1902,1808
1810: 1717,1809,1718,1904,1903,1811
1811: 1905,1719,1812,1810,1718,1904
1812: 1905,1720,1719,1813,1811,1906
1813: 1720,1812,1906,1721,1907,1814
1814: 1908,1722,1815,1813,1721,1907
1815: 1908,1723,1722,1816,1814,1909
1816: 1723,1815,1909,1817,1910,1724
1817: 1911,1725,1818,1910,1724,1816
1818: 1911,1726,1725,1817,1819,1912
1819: 1726,1818,1912,1913,1820,1727
1820: 1913,1728,1821,1914,1727,1819
1821: 1729,1728,1822,1915,1820,1914
1822: 1729,1915,1821,1823,1730,1916
1823: 1917,1731,1730,1824,1916,1822
1824: 1917,1732,1731,1823,1918,1825
1825: 1919,1826,1733,1732,1918,1824
1826: 1919,1734,1827,1825,1733,1920
1827: 1735,1734,1826,1921,1920,1828
1828: 1922,1829,1736,1735,1827,1921
1829: 1922,1828,1737,1830,1923,1736
1830: 1737,1829,1923,1831,1924,1738
1831: 1832,1739,1925,1924,1738,1830
1832: 1831,1740,1739,1833,1926,1925
1833: 1832,1740,1926,1741,1927,1834
1834: 1741,1927,1928,1742,1835,1833
1835: 1743,1928,1929,1742,1834,1836
1836: 1930,1744,1837,1743,1929,1835
1837: 1745,1930,1744,1931,1838,1836
1838: 1745,1932,1837,1746,1931,1839
1839: 1933,1840,1747,1932,1746,1838
1840: 1748,1933,1934,1841,1747,1839
1841: 1748,1934,1840,1749,1935,1842
1842: 1750,1936,1843,1841,1749,1935
1843: 1750,1936,1842,1844,1937,1751
1844: 1843,1937,1751,1845,1752,1938
1845: 1753,1752,1846,1939,1938,1844
1846: 1753,1845,1754,1939,1940,19956
1847: 1848,1941,1755,20340,19433,19956
1848: 1847,1942,1849,1756,1755,20340
1849: 1942,1848,1943,1756,1850,1757
1850: 1944,1758,1851,1757,1849,1943
1851: 1944,1945,13390,1758,1852,1850
1852: 1945,13390,1851,1853,1946,1760
1853: 12940,13060,15295,1946,1760,1852
1854: 17477,18949,12286,1761,1762
1855: 12978,18818,15454,16407,12930,13181
1856: 15595,13210,13431,2045,12129,12953
1857: 15408,1764,1952,1858,13135,12845,17352
1858: 1764,1857,1952,13889,14193,14172
1859: 1766,15930,15906,14172,1765,15652
1860: 1766,1954,1955,1861,17604,1767
1861: 17604,1767,1862,1768,1956,1860
1862: 1861,1769,1768,1956,1957,1863
1863: 1770,1864,20898,1769,1862,1957
1864: 1770,1771,1863,1865,20898,1959
1865: 1771,1864,1959,1960,1772,1866
1866: 1772,1773,1867,1865,1960,1961
1867: 1866,1774,1773,1868,1961,1962
1868: 1774,1867,1962,1869,1775,1963
1869: 1870,1776,1775,1868,1963,1964
1870: 1777,1869,1776,1964,1965,1871
1871: 1872,1778,1777,1870,1965,1966
1872: 1873,1871,1779,1778,1966,1967
1873: 1872,1779,1780,1967,1968,1874
1874: 1875,1781,1873,1780,1968,1969
1875: 1876,1782,1874,1781,1969,1970
1876: 1875,1782,1783,1970,1971,1877
1877: 1784,1878,1876,1783,1971,1972
1878: 1785,1879,1877,1784,1972,1973
1879: 1785,1878,1973,1880,1786,1974
1880: 1881,1786,1787,1879,1975,1974
1881: 1880,1788,1787,1882,1975,1976
1882: 1881,1788,1976,1883,1789,1977
1883: 1884,1790,1789,1882,1978,1977
1884: 1791,1883,1790,1978,1979,1885
1885: 1886,1792,1791,1884,1979,1980
1886: 1887,1793,1792,1885,1981,1980
1887: 1886,1793,1794,1981,1982,1888
1888: 1889,1795,1887,1794,1982,1983
1889: 1888,1796,1795,1890,1984,1983
1890: 1889,1796,1984,1891,1797,1985
1891: 1798,1797,1892,1890,1986,1985
1892: 1891,1799,1798,1893,1987,1986
1893: 1799,1892,1987,1894,1800,1988
1894: 1801,1800,1895,1893,1989,1988
1895: 1894,1802,1801,1896,1990,1989
1896: 1802,1895,1990,1897,1803,1991
1897: 1804,1803,1898,1896,1992,1991
1898: 1897,1805,1804,1993,1992,1899
1899: 1900,1806,1805,1898,1993,1994
1900: 1807,1806,1901,1899,1995,1994
1901: 1900,1808,1807,1996,1995,1902
1902: 1809,1903,1808,1901,1996,1997
1903: 1809,1810,1904,1902,1997,1998
1904: 1810,1903,1998,1905,1811,1999
1905: 1812,1811,1906,1904,2000,1999
1906: 1905,1813,1812,1907,2001,2000
1907: 1813,1906,2001,1908,1814,2002
1908: 1815,1814,1909,1907,2003,2002
1909: 1908,1816,1815,2003,2004,1910
1910: 1911,1817,1816,1909,2004,2005
1911: 1818,1817,1912,1910,2006,2005
1912: 1911,1818,1819,2006,2007,1913
1913: 1820,1914,1819,1912,2007,2008
1914: 1913,1915,1820,1821,2009,2008
1915: 1822,1821,1914,2010,2009,1916
1916: 1917,1823,1822,1915,2010,2011
1917: 1823,1918,1824,1916,2012,2011
1918: 1917,1824,2012,1919,1825,2013
1919: 1826,1825,1920,1918,2014,2013
1920: 1919,1827,1826,1921,2014,2015
1921: 1827,1920,2015,1922,1828,2016
1922: 1828,1829,1923,1921,2016,2017
1923: 1922,1830,1829,2017,2018,1924
1924: 1831,1925,1830,1923,2018,2019
1925: 1832,1831,1926,1924,2020,2019
1926: 1832,1833,1925,2021,2020,1927
1927: 1928,1834,1833,1926,2021,2022
1928: 1927,1929,1835,1834,2022,2023
1929: 1928,1835,2023,1930,1836,2024
1930: 1837,1931,1836,1929,2025,2024
1931: 1932,1930,1837,1838,2026,2025
1932: 1931,1838,2026,1933,1839,2027
1933: 1934,1840,1839,1932,2028,2027
1934: 1933,1841,1840,1935,2029,2028
1935: 1934,1841,2029,1936,1842,2030
1936: 1842,1843,1937,1935,2031,2030
1937: 1936,1844,1843,2031,2032,1938
1938: 1845,1939,1844,1937,2032,2033
1939: 1845,1846,1940,1938,2034,2033
1940: 1846,1939,19956,2034,2035,1941
1941: 1847,20340,20656,1940,19956,2035
1942: 1849,1848,1943,20340,20656,2036,2037
1943: 1942,1849,2037,1944,1850,2038
1944: 1945,1851,1850,1943,2038,2039
1945: 1944,1851,1852,2039,2040,1946
1946: 13060,1853,1945,1852,2040,2041
1947: 14878,12940,15295,15358,12235,12797
1948: 13048,2043,12741,18986,15468,13040
1949: 14174,17750,17399,15563,21435,15553,17295
1950: 13542,16989,13871,15595,1951,13155
1951: 15595,12953,1950,15408,13155
1952: 1857,1858,13135,2048,14193,2047
1953: 15652,16188,2048,14193,14422,16495
1954: 1766,15906,16188,1860,1955,2049
1955: 2049,2050,1954,1860,17604,2051
1956: 1861,17604,1862,1957,20060,18542
1957: 1862,1956,20060,20468,1863,20898
1958: 2053,1959,2054,20468,20898
1959: 2055,1958,2054,1960,1864,1865,20898
1960: 2055,1959,1865,1866,2056,1961
1961: 2056,2057,1962,1960,1866,1867
1962: 2058,1961,2057,1867,1868,1963
1963: 1964,2059,1868,2058,1962,1869
1964: 1963,2059,2060,1965,1870,1869
1965: 1964,2060,1870,1871,1966,2061
1966: 2061,2062,1967,1965,1871,1872
1967: 1966,2062,2063,1968,1873,1872
1968: 1967,2063,1873,1874,1969,2064
1969: 1970,2065,2064,1968,1875,1874
1970: 1969,2065,2066,1971,1875,1876
1971: 1970,2066,1876,1877,1972,2067
1972: 1973,2068,2067,1971,1877,1878
1973: 1972,2068,2069,1879,1878,1974
1974: 1975,2070,1879,1973,2069,1880
1975: 1976,2071,2070,1974,1880,1881
1976: 1975,2071,2072,1881,1882,1977
1977: 1978,2073,1882,1976,2072,1883
1978: 2073,2074,1977,1979,1884,1883
1979: 1978,2074,1884,1885,2075,1980
1980: 1981,2075,2076,1979,1886,1885
1981: 2077,1980,2076,1982,1887,1886
1982: 1981,2077,1887,1888,1983,2078
1983: 1984,2079,2078,1982,1889,1888
1984: 1983,2079,2080,1889,1890,1985
1985: 1986,2081,1890,1984,2080,1891
1986: 1987,1985,2082,2081,1891,1892
1987: 1986,2082,2083,1893,1892,1988
1988: 1989,2084,1893,1987,2083,1894
1989: 1990,1988,2085,2084,1894,1895
1990: 1989,2085,2086,1895,1896,1991
1991: 1992,2087,1896,1990,2086,1897
1992: 1993,1991,2088,2087,1897,1898
1993: 1992,2088,1898,1899,1994,2089
1994: 1995,2090,2089,1993,1900,1899
1995: 1996,1994,2091,2090,1900,1901
1996: 1995,2091,1901,1902,1997,2092
1997: 1998,2092,2093,1996,1903,1902
1998: 1997,2094,2093,1904,1903,1999
1999: 2000,2095,1904,2094,1998,1905
2000: 2001,1999,2096,2095,1905,1906
2001: 2000,2097,2096,1906,1907,2002
2002: 2003,2098,1907,2001,2097,1908
2003: 2002,2004,2099,2098,1908,1909
2004: 2003,2099,1909,1910,2005,2100
2005: 2006,2101,2100,2004,1911,1910
2006: 2005,2007,2102,2101,1911,1912
2007: 2006,2102,1912,1913,2008,2103
2008: 2009,2104,2103,2007,1913,1914
2009: 2010,2008,2105,2104,1915,1914
2010: 2009,2105,1915,1916,2106,2011
2011: 2106,2012,2107,2010,1917,1916
2012: 2011,2107,2108,1917,1918,2013
2013: 2014,2109,1918,2012,2108,1919
2014: 2110,2015,2109,2013,1919,1920
2015: 2110,2111,2014,1921,1920,2016
2016: 2017,2112,1921,2111,2015,1922
2017: 2016,2113,2018,2112,1922,1923
2018: 2113,2017,1923,1924,2019,2114
2019: 2020,2115,2114,2018,1925,1924
2020: 2021,2019,2116,2115,1926,1925
2021: 2020,2116,1926,1927,2022,2117
2022: 2023,2117,2118,2021,1927,1928
2023: 2022,2119,2118,1928,1929,2024
2024: 2025,2120,1929,2023,2119,1930
2025: 2026,2121,2120,2024,1930,1931
2026: 2122,2025,2121,1932,1931,2027
2027: 2123,2028,1932,2122,2026,1933
2028: 2123,2029,2124,2027,1933,1934
2029: 2028,2124,1934,1935,2030,2125
2030: 2031,2126,2125,1935,2029,1936
2031: 2127,2032,2126,2030,1936,1937
2032: 2127,2031,1937,1938,2128,2033
2033: 2129,2128,2034,2032,1939,1938
2034: 2129,2130,2033,2035,1939,1940
2035: 2130,2034,1940,1941,20656,2036,2131
2036: 2131,2132,2037,2035,1942,20656
2037: 2036,2133,2132,1942,1943,2038
2038: 2039,2134,1943,2133,2037,1944
2039: 2038,2135,2040,2134,1944,1945
2040: 2039,2135,1945,1946,2136,2041
2041: 2136,2042,2137,2040,13060,1946
2042: 2041,2137,2138,15675,12816,13060
2043: 12057,13048,1948,13514,12741,2139
2044: 13627,15390,16435,17243,12260,13504
2045: 15595,13431,1856,15151,2141,13871,12275
2046: 2142,2143,14428,13542,13135,13155,2047
2047: 1952,13135,2048,2046,14428
2048: 1952,14193,2047,14422,14428,1953
2049: 1955,2050,16929,16495,16188,1954
2050: 17071,1955,2049,2146,16929,18938,2051
2051: 18938,18542,1955,2050,17604
2052: 20060,2148,19546,2149,20468,2053
2053: 2150,1958,2054,2052,2149,20468
2054: 2055,2053,2150,1959,1958,2151
2055: 1959,2054,2151,1960,2056,2152
2056: 2152,1961,2057,2153,2055,1960
2057: 2058,2056,2154,1961,2153,1962
2058: 2154,2057,1962,1963,2059,2155
2059: 1963,1964,2060,2156,2155,2058
2060: 1964,2157,2059,2156,1965,2061
2061: 1966,2158,2062,2157,2060,1965
2062: 1966,2158,2061,1967,2063,2159
2063: 2062,1967,2159,2160,1968,2064
2064: 1969,2065,2161,2063,2160,1968
2065: 1969,2162,1970,2064,2161,2066
2066: 2162,1970,2065,2163,1971,2067
2067: 1972,2164,2068,2066,2163,1971
2068: 1972,2164,1973,2067,2165,2069
2069: 1973,2068,2165,2166,2070,1974
2070: 1975,2166,2071,1974,2167,2069
2071: 1975,1976,2070,2167,2168,2072
2072: 1976,2071,2168,2073,2169,1977
2073: 1978,2169,2074,2170,1977,2072
2074: 1978,2073,2170,1979,2171,2075
2075: 2172,1980,2076,2074,1979,2171
2076: 1981,2172,2173,2075,2077,1980
2077: 1981,2173,2076,2174,1982,2078
2078: 1983,2079,2175,2077,2174,1982
2079: 1984,1983,2176,2078,2175,2080
2080: 1984,2176,2079,1985,2081,2177
2081: 1986,1985,2082,2177,2178,2080
2082: 1987,1986,2081,2083,2179,2178
2083: 1987,2082,2179,1988,2084,2180
2084: 1989,1988,2085,2180,2181,2083
2085: 1990,1989,2084,2181,2182,2086
2086: 1990,2085,2182,1991,2087,2183
2087: 1992,1991,2088,2183,2184,2086
2088: 1993,1992,2087,2185,2184,2089
2089: 1994,2090,2186,1993,2088,2185
2090: 1995,1994,2091,2089,2187,2186
2091: 1996,1995,2090,2187,2188,2092
2092: 1997,2093,2189,1996,2091,2188
2093: 1997,2094,1998,2092,2190,2189
2094: 1998,2093,2190,1999,2095,2191
2095: 2000,1999,2096,2192,2191,2094
2096: 2001,2000,2097,2095,2193,2192
2097: 2001,2096,2193,2194,2002,2098
2098: 2194,2003,2002,2099,2195,2097
2099: 2003,2004,2098,2196,2195,2100
2100: 2005,2101,2197,2004,2099,2196
2101: 2198,2006,2005,2102,2197,2100
2102: 2198,2006,2007,2101,2199,2103
2103: 2008,2104,2200,2007,2102,2199
2104: 2009,2008,2105,2201,2200,2103
2105: 2010,2009,2202,2104,2201,2106
2106: 2011,2203,2107,2010,2202,2105
2107: 2106,2012,2011,2203,2108,2204
2108: 2012,2107,2204,2109,2205,2013
2109: 2110,2014,2206,2205,2013,2108
2110: 2111,2014,2015,2206,2109,2207
2111: 2110,2015,2207,2016,2112,2208
2112: 2016,2113,2017,2209,2208,2111
2113: 2017,2018,2210,2112,2209,2114
2114: 2019,2115,2211,2113,2018,2210
2115: 2212,2020,2019,2116,2211,2114
2116: 2021,2212,2020,2115,2213,2117
2117: 2022,2118,2214,2021,2116,2213
2118: 2215,2022,2023,2117,2119,2214
2119: 2215,2023,2118,2120,2216,2024
2120: 2217,2025,2121,2216,2024,2119
2121: 2122,2217,2026,2218,2025,2120
2122: 2026,2218,2121,2219,2123,2027
2123: 2219,2220,2028,2124,2027,2122
2124: 2123,2029,2220,2028,2221,2125
2125: 2126,2222,2030,2029,2124,2221
2126: 2127,2031,2223,2222,2030,2125
2127: 2031,2032,2223,2126,2224,2128
2128: 2129,2033,2225,2127,2032,2224
2129: 2130,2128,2226,2034,2033,2225
2130: 2129,2226,2034,2035,2131,2227
2131: 2036,2132,2228,2227,2130,2035
2132: 2036,2133,2131,2037,2229,2228
2133: 2132,2037,2229,2038,2134,2230
2134: 2038,2039,2135,2231,2230,2133
2135: 2039,2040,2134,2232,2231,2136
2136: 2041,2233,2137,2135,2040,2232
2137: 2234,2136,2042,2041,2233,2138
2138: 2234,2042,2137,15675,2332,16355,13966
2139: 15754,16435,13048,13514,2043,13204,2236
2140: 15833,17390,16420,17213,14174,15553
2141: 15583,2238,15673,17858,15151,2045,12275
2142: 2240,2046,2143,13684,13542,2239
2143: 2240,2142,2046,14428,14472
2144: 14422,2241,14428,14472,2145,17379
2145: 17379,16929,16495,14422,2144
2146: 17071,2050,2243,2147,18938,2244
2147: 18938,2148,19546,2244,2146,2245
2148: 2052,2147,18938,20060,18542,19546
2149: 2052,19546,2246,2053,2150,2247
2150: 2053,2054,2151,2149,2248,2247
2151: 2055,2150,2054,2248,2249,2152
2152: 2056,2153,2055,2151,2249,2250
2153: 2056,2152,2154,2057,2250,2251
2154: 2058,2057,2153,2251,2252,2155
2155: 2059,2156,2058,2154,2252,2253
2156: 2157,2059,2060,2155,2253,2254
2157: 2060,2156,2254,2158,2061,2255
2158: 2061,2062,2159,2157,2256,2255
2159: 2158,2062,2063,2160,2256,2257
2160: 2063,2159,2257,2064,2161,2258
2161: 2162,2065,2064,2160,2259,2258
2162: 2065,2161,2066,2163,2259,2260
2163: 2162,2066,2260,2164,2067,2261
2164: 2068,2067,2165,2163,2262,2261
2165: 2164,2068,2069,2262,2263,2166
2166: 2070,2167,2165,2069,2263,2264
2167: 2166,2071,2070,2168,2265,2264
2168: 2071,2167,2072,2265,2266,2169
2169: 2073,2170,2168,2072,2266,2267
2170: 2073,2169,2074,2171,2267,2268
2171: 2074,2170,2268,2172,2075,2269
2172: 2173,2075,2076,2171,2270,2269
2173: 2172,2077,2076,2174,2271,2270
2174: 2173,2077,2271,2078,2175,2272
2175: 2176,2079,2078,2174,2273,2272
2176: 2079,2175,2080,2274,2273,2177
2177: 2081,2178,2176,2080,2274,2275
2178: 2082,2081,2177,2179,2275,2276
2179: 2082,2083,2178,2276,2277,2180
2180: 2084,2181,2083,2179,2277,2278
2181: 2085,2084,2180,2182,2278,2279
2182: 2085,2181,2086,2279,2280,2183
2183: 2087,2184,2182,2086,2280,2281
2184: 2088,2087,2183,2185,2282,2281
2185: 2088,2184,2282,2089,2186,2283
2186: 2090,2089,2187,2185,2283,2284
2187: 2091,2090,2188,2186,2285,2284
2188: 2091,2187,2285,2092,2189,2286
2189: 2092,2093,2190,2188,2286,2287
2190: 2094,2093,2189,2288,2287,2191
2191: 2095,2192,2094,2190,2288,2289
2192: 2096,2095,2193,2191,2289,2290
2193: 2097,2096,2192,2291,2290,2194
2194: 2098,2195,2097,2193,2291,2292
2195: 2194,2099,2098,2196,2293,2292
2196: 2099,2195,2293,2197,2100,2294
2197: 2198,2101,2100,2196,2295,2294
2198: 2102,2101,2199,2197,2296,2295
2199: 2198,2102,2296,2200,2103,2297
2200: 2104,2201,2103,2199,2297,2298
2201: 2202,2105,2104,2200,2298,2299
2202: 2105,2201,2299,2106,2203,2300
2203: 2106,2107,2204,2202,2300,2301
2204: 2203,2107,2108,2301,2302,2205
2205: 2206,2109,2108,2204,2302,2303
2206: 2110,2109,2207,2205,2303,2304
2207: 2110,2111,2206,2304,2305,2208
2208: 2112,2209,2111,2207,2305,2306
2209: 2113,2210,2112,2208,2306,2307
2210: 2113,2209,2307,2211,2114,2308
2211: 2212,2115,2114,2210,2309,2308
2212: 2116,2115,2213,2211,2309,2310
2213: 2212,2116,2310,2117,2214,2311
2214: 2215,2117,2118,2213,2312,2311
2215: 2119,2118,2214,2312,2313,2216
2216: 2217,2120,2215,2119,2313,2314
2217: 2218,2121,2120,2216,2315,2314
2218: 2122,2217,2121,2315,2316,2219
2219: 2123,2220,2122,2218,2316,2317
2220: 2219,2123,2124,2221,2318,2317
2221: 2220,2124,2318,2222,2125,2319
2222: 2223,2126,2125,2221,2320,2319
2223: 2127,2126,2222,2224,2321,2320
2224: 2127,2223,2321,2128,2225,2322
2225: 2129,2128,2226,2224,2323,2322
2226: 2129,2130,2225,2324,2323,2227
2227: 2131,2228,2130,2226,2324,2325
2228: 2131,2132,2229,2227,2326,2325
2229: 2133,2132,2228,2327,2326,2230
2230: 2134,2231,2133,2229,2327,2328
2231: 2135,2134,2232,2230,2329,2328
2232: 2135,2231,2329,2136,2233,2330
2233: 2234,2136,2137,2232,2331,2330
2234: 2233,2137,2138,2332,2331
2235: 2334,13204,14175,2333,16447
2236: 13803,13504,13204,16435,2139
2237: 15032,13292,16420,17213,16826
2238: 17082,15583,2141,18272,17858,14671
2239: 13542,12277,16989,13944,2142,13684
2240: 2142,2143,13684,14472,2338,14229
2241: 2144,14472,17954,2242,17379,2340
2242: 17071,17379,2241,2243,2341,2340,19419
2243: 2342,19419,17071,2242,2146,2244
2244: 2147,2146,2243,2342,2245,2343
2245: 2344,2343,2246,2147,19546,2244
2246: 2245,2344,2345,19546,2149,2247
2247: 2248,2346,2149,2246,2345,2150
2248: 2247,2347,2346,2249,2150,2151
2249: 2248,2347,2151,2152,2250,2348
2250: 2348,2251,2349,2249,2152,2153
2251: 2250,2350,2349,2252,2154,2153
2252: 2251,2350,2154,2155,2253,2351
2253: 2352,2254,2351,2252,2156,2155
2254: 2352,2253,2353,2157,2156,2255
2255: 2354,2256,2157,2254,2353,2158
2256: 2354,2257,2255,2355,2158,2159
2257: 2256,2355,2356,2159,2160,2258
2258: 2357,2259,2160,2257,2356,2161
2259: 2357,2358,2258,2260,2162,2161
2260: 2259,2358,2359,2162,2163,2261
2261: 2360,2262,2163,2260,2359,2164
2262: 2360,2361,2261,2263,2164,2165
2263: 2262,2361,2165,2166,2264,2362
2264: 2363,2265,2362,2263,2166,2167
2265: 2363,2364,2264,2266,2167,2168
2266: 2265,2364,2168,2169,2365,2267
2267: 2366,2365,2268,2266,2169,2170
2268: 2366,2367,2267,2170,2171,2269
2269: 2368,2270,2171,2367,2268,2172
2270: 2369,2368,2271,2269,2172,2173
2271: 2369,2270,2370,2173,2174,2272
2272: 2371,2273,2174,2271,2370,2175
2273: 2372,2371,2274,2272,2176,2175
2274: 2372,2273,2176,2177,2373,2275
2275: 2374,2373,2276,2274,2177,2178
2276: 2375,2374,2275,2277,2179,2178
2277: 2375,2276,2179,2180,2376,2278
2278: 2377,2376,2279,2277,2180,2181
2279: 2378,2377,2278,2280,2181,2182
2280: 2378,2279,2182,2183,2379,2281
2281: 2380,2379,2282,2280,2183,2184
2282: 2381,2380,2281,2185,2184,2283
2283: 2382,2284,2185,2381,2282,2186
2284: 2383,2382,2285,2283,2187,2186
2285: 2384,2383,2284,2187,2188,2286
2286: 2385,2287,2188,2384,2285,2189
2287: 2386,2288,2385,2286,2190,2189
2288: 2386,2287,2190,2191,2387,2289
2289: 2388,2387,2290,2288,2192,2191
2290: 2389,2388,2291,2289,2193,2192
2291: 2389,2290,2193,2194,2390,2292
2292: 2391,2390,2293,2291,2194,2195
2293: 2392,2391,2292,2196,2195,2294
2294: 2393,2295,2196,2392,2293,2197
2295: 2394,2393,2296,2294,2198,2197
2296: 2395,2394,2295,2198,2199,2297
2297: 2396,2298,2199,2395,2296,2200
2298: 2397,2396,2297,2299,2201,2200
2299: 2398,2397,2298,2202,2201,2300
2300: 2399,2301,2202,2398,2299,2203
2301: 2300,2400,2399,2302,2203,2204
2302: 2400,2301,2204,2205,2303,2401
2303: 2402,2304,2401,2302,2206,2205
2304: 2403,2402,2303,2305,2206,2207
2305: 2403,2304,2207,2208,2404,2306
2306: 2404,2405,2307,2305,2209,2208
2307: 2405,2406,2306,2210,2209,2308
2308: 2407,2309,2210,2406,2307,2211
2309: 2408,2407,2310,2308,2212,2211
2310: 2408,2409,2309,2212,2213,2311
2311: 2312,2410,2213,2409,2310,2214
2312: 2411,2410,2313,2311,2215,2214
2313: 2312,2411,2215,2216,2314,2412
2314: 2315,2413,2412,2313,2217,2216
2315: 2414,2413,2316,2314,2217,2218
2316: 2315,2414,2218,2219,2317,2415
2317: 2318,2416,2415,2316,2219,2220
2318: 2417,2416,2317,2220,2221,2319
2319: 2320,2418,2221,2318,2417,2222
2320: 2321,2419,2418,2319,2223,2222
2321: 2420,2419,2320,2223,2224,2322
2322: 2323,2421,2224,2420,2321,2225
2323: 2324,2422,2421,2322,2226,2225
2324: 2323,2422,2226,2227,2325,2423
2325: 2326,2424,2423,2324,2228,2227
2326: 2327,2425,2424,2325,2229,2228
2327: 2326,2425,2229,2230,2328,2426
2328: 2427,2329,2426,2327,2231,2230
2329: 2427,2428,2328,2232,2231,2330
2330: 2429,2331,2232,2428,2329,2233
2331: 2429,18344,2330,2234,2233
2332: 2234,2138,17841,13755,13966,2431
2333: 2334,2235,13649,13755,16447,15604,2432
2334: 2235,13649,13204,2333,13803,13219
2335: 12211,15380,15390,17243,15565,16114,14985
2336: 17421,15583,13629,12270,15673,12249
2337: 2436,2537,13944,13684,2338,17218
2338: 17218,14229,14480,2337,2240,13684
2339: 2438,17954,14229,14480,2439,18462
2340: 2341,18462,2241,17954,2242
2341: 2440,2340,19419,18462,2242
2342: 2441,2243,19419,2244,2442,2343
2343: 2443,2245,2344,2442,2342,2244
2344: 2443,2245,2444,2343,2246,2345
2345: 2444,2344,2246,2247,2445,2346
2346: 2248,2247,2445,2446,2347,2345
2347: 2248,2447,2446,2346,2249,2348
2348: 2448,2250,2349,2447,2347,2249
2349: 2448,2250,2348,2251,2449,2350
2350: 2251,2449,2349,2252,2450,2351
2351: 2352,2253,2451,2350,2252,2450
2352: 2253,2451,2254,2452,2353,2351
2353: 2352,2254,2452,2354,2453,2255
2354: 2256,2453,2255,2355,2454,2353
2355: 2354,2256,2455,2257,2454,2356
2356: 2455,2257,2355,2357,2456,2258
2357: 2259,2457,2358,2456,2258,2356
2358: 2357,2259,2457,2458,2260,2359
2359: 2358,2458,2260,2360,2459,2261
2360: 2262,2361,2459,2460,2261,2359
2361: 2360,2262,2460,2461,2263,2362
2362: 2363,2462,2264,2361,2461,2263
2363: 2462,2463,2265,2364,2264,2362
2364: 2363,2463,2265,2464,2266,2365
2365: 2366,2465,2267,2364,2464,2266
2366: 2365,2465,2466,2367,2267,2268
2367: 2366,2466,2268,2368,2467,2269
2368: 2369,2468,2270,2467,2269,2367
2369: 2368,2271,2469,2468,2270,2370
2370: 2369,2271,2469,2371,2470,2272
2371: 2372,2471,2273,2470,2272,2370
2372: 2371,2274,2472,2471,2273,2373
2373: 2374,2275,2473,2372,2274,2472
2374: 2375,2373,2275,2473,2276,2474
2375: 2374,2276,2474,2277,2475,2376
2376: 2377,2278,2476,2375,2277,2475
2377: 2378,2376,2278,2476,2279,2477
2378: 2377,2279,2477,2478,2280,2379
2379: 2380,2479,2281,2378,2478,2280
2380: 2381,2379,2480,2479,2282,2281
2381: 2380,2480,2282,2382,2481,2283
2382: 2383,2481,2283,2284,2482,2381
2383: 2384,2382,2483,2285,2284,2482
2384: 2383,2483,2285,2385,2286,2484
2385: 2386,2485,2286,2287,2484,2384
2386: 2288,2385,2486,2485,2287,2387
2387: 2388,2289,2487,2386,2288,2486
2388: 2389,2387,2488,2289,2290,2487
2389: 2388,2291,2488,2489,2290,2390
2390: 2391,2490,2292,2389,2291,2489
2391: 2392,2390,2293,2491,2490,2292
2392: 2391,2293,2491,2393,2492,2294
2393: 2394,2493,2295,2492,2294,2392
2394: 2395,2393,2493,2494,2296,2295
2395: 2394,2494,2296,2396,2297,2495
2396: 2397,2496,2297,2495,2298,2395
2397: 2398,2396,2496,2298,2299,2497
2398: 2397,2299,2497,2300,2399,2498
2399: 2300,2400,2499,2498,2301,2398
2400: 2399,2500,2499,2301,2302,2401
2401: 2402,2303,2501,2400,2500,2302
2402: 2502,2403,2303,2501,2304,2401
2403: 2502,2402,2503,2304,2305,2404
2404: 2405,2504,2306,2403,2503,2305
2405: 2404,2505,2406,2504,2306,2307
2406: 2505,2405,2307,2407,2506,2308
2407: 2507,2408,2309,2506,2308,2406
2408: 2507,2508,2409,2407,2309,2310
2409: 2508,2408,2310,2509,2410,2311
2410: 2312,2411,2509,2510,2311,2409
2411: 2511,2312,2510,2410,2313,2412
2412: 2512,2413,2314,2511,2411,2313
2413: 2513,2315,2414,2512,2314,2412
2414: 2513,2315,2514,2413,2316,2415
2415: 2416,2515,2317,2414,2514,2316
2416: 2516,2318,2417,2515,2317,2415
2417: 2516,2318,2416,2418,2319,2517
2418: 2419,2518,2320,2319,2517,2417
2419: 2420,2321,2519,2518,2320,2418
2420: 2321,2419,2519,2421,2322,2520
2421: 2323,2422,2521,2322,2520,2420
2422: 2522,2324,2323,2521,2421,2423
2423: 2523,2424,2325,2522,2324,2422
2424: 2523,2326,2425,2524,2325,2423
2425: 2327,2326,2524,2525,2424,2426
2426: 2526,2427,2328,2327,2425,2525
2427: 2527,2526,2428,2329,2328,2426
2428: 2527,2427,2329,2429,2528,2330
2429: 2529,18344,2331,2528,2330,2428
2430: 2529,17841,17661,2530,18344
2431: 2432,2531,2332,17841,17661,13755
2432: 15604,2532,2431,2531,2333,13755
2433: 13219,12524,19039,15355,15687,13699
2434: 2533,13699,2635,14052,16326,2534
2435: 13081,14323,15904,12191,17082,12270
2436: 2537,13610,14221,2337,13944,18114
2437: 2438,15320,17218,14480,2537,2538
2438: 2339,15320,2437,14480,2439,2539
2439: 2339,2438,2539,2440,18462,2540
2440: 2441,2341,19419,18462,2541,2540,2439
2441: 2342,2542,2440,19419,2541,2442
2442: 2443,2543,2343,2441,2342,2542
2443: 2543,2444,2344,2442,2343,2544
2444: 2443,2344,2345,2545,2544,2445
2445: 2446,2346,2546,2444,2345,2545
2446: 2447,2445,2347,2346,2546,2547
2447: 2446,2347,2547,2448,2348,2548
2448: 2348,2449,2349,2548,2549,2447
2449: 2448,2350,2349,2450,2549,2550
2450: 2449,2350,2550,2451,2351,2551
2451: 2352,2452,2351,2551,2552,2450
2452: 2352,2451,2353,2552,2553,2453
2453: 2354,2454,2554,2452,2353,2553
2454: 2354,2453,2455,2355,2554,2555
2455: 2355,2454,2356,2555,2556,2456
2456: 2357,2457,2557,2455,2356,2556
2457: 2357,2358,2456,2458,2557,2558
2458: 2457,2358,2359,2558,2559,2459
2459: 2360,2460,2560,2458,2359,2559
2460: 2360,2361,2459,2461,2560,2561
2461: 2361,2460,2561,2462,2362,2562
2462: 2363,2463,2362,2461,2563,2562
2463: 2363,2462,2364,2464,2563,2564
2464: 2463,2364,2564,2365,2465,2565
2465: 2366,2365,2466,2464,2566,2565
2466: 2366,2465,2367,2566,2567,2467
2467: 2368,2468,2466,2367,2567,2568
2468: 2369,2368,2469,2467,2569,2568
2469: 2369,2468,2370,2569,2570,2470
2470: 2371,2471,2469,2370,2570,2571
2471: 2372,2371,2472,2470,2572,2571
2472: 2372,2471,2572,2373,2473,2573
2473: 2374,2373,2474,2472,2573,2574
2474: 2375,2374,2473,2475,2575,2574
2475: 2375,2474,2575,2376,2476,2576
2476: 2377,2376,2477,2475,2576,2577
2477: 2378,2377,2476,2478,2578,2577
2478: 2378,2477,2578,2379,2479,2579
2479: 2380,2379,2480,2478,2579,2580
2480: 2381,2380,2479,2581,2580,2481
2481: 2382,2482,2381,2480,2581,2582
2482: 2383,2382,2481,2483,2582,2583
2483: 2384,2383,2482,2584,2583,2484
2484: 2385,2485,2384,2483,2584,2585
2485: 2386,2385,2486,2484,2585,2586
2486: 2386,2485,2586,2387,2487,2587
2487: 2388,2387,2488,2486,2587,2588
2488: 2389,2388,2489,2487,2588,2589
2489: 2389,2488,2589,2390,2490,2590
2490: 2391,2390,2491,2489,2590,2591
2491: 2392,2391,2490,2592,2591,2492
2492: 2393,2493,2392,2491,2592,2593
2493: 2394,2393,2494,2492,2593,2594
2494: 2395,2394,2493,2595,2594,2495
2495: 2396,2496,2395,2494,2595,2596
2496: 2397,2396,2495,2497,2596,2597
2497: 2398,2397,2496,2598,2597,2498
2498: 2399,2499,2398,2497,2598,2599
2499: 2400,2399,2500,2498,2600,2599
2500: 2400,2499,2600,2501,2401,2601
2501: 2502,2402,2401,2500,2602,2601
2502: 2403,2402,2503,2501,2602,2603
2503: 2502,2403,2603,2404,2504,2604
2504: 2404,2505,2405,2503,2605,2604
2505: 2405,2406,2504,2606,2605,2506
2506: 2507,2407,2505,2406,2606,2607
2507: 2508,2408,2407,2506,2608,2607
2508: 2507,2408,2409,2608,2609,2509
2509: 2510,2410,2508,2409,2609,2610
2510: 2511,2411,2509,2410,2610,2611
2511: 2411,2510,2611,2512,2412,2612
2512: 2513,2413,2412,2613,2511,2612
2513: 2414,2512,2514,2413,2614,2613
2514: 2513,2414,2614,2515,2415,2615
2515: 2516,2416,2415,2616,2615,2514
2516: 2417,2416,2515,2617,2616,2517
2517: 2518,2418,2618,2516,2417,2617
2518: 2419,2519,2418,2619,2618,2517
2519: 2420,2419,2518,2620,2619,2520
2520: 2521,2621,2421,2420,2519,2620
2521: 2522,2422,2621,2421,2520,2622
2522: 2422,2521,2622,2523,2423,2623
2523: 2524,2424,2624,2423,2623,2522
2524: 2523,2425,2525,2424,2625,2624
2525: 2425,2524,2625,2526,2426,2626
2526: 2527,2427,2627,2426,2626,2525
2527: 2526,2427,2428,2627,2628,2528
2528: 2529,2629,2429,2527,2428,2628
2529: 2629,2429,2430,2530,18344,2630,2528
2530: 2529,2430,17661,2630,17160,2631
2531: 2632,2432,2631,2532,2431,17661
2532: 2632,13706,15604,2432,15851,2531
2533: 15687,13394,2633,13699,2434,14052
2534: 13686,13701,19052,18376,2635,2434,16326
2535: 12154,17861,13051,12191,12249
2536: 13937,13610,14221,18100,13656,13205
2537: 2436,2638,2538,14221,2337,2437,17218
2538: 2638,2537,14684,15320,2437,2639
2539: 2438,15320,2439,2641,2640,17530
2540: 2440,2541,2439,2641,2642
2541: 2441,2542,2440,2540,2643,2642
2542: 2441,2541,2643,2543,2442,2644
2543: 2443,2442,2544,2542,2645,2644
2544: 2443,2543,2444,2545,2645,2646
2545: 2444,2544,2646,2445,2546,2647
2546: 2445,2446,2547,2545,2648,2647
2547: 2447,2446,2546,2648,2649,2548
2548: 2448,2549,2447,2547,2649,2650
2549: 2448,2449,2548,2550,2651,2650
2550: 2449,2450,2549,2651,2652,2551
2551: 2451,2552,2450,2550,2652,2653
2552: 2451,2452,2551,2553,2654,2653
2553: 2452,2552,2654,2453,2554,2655
2554: 2453,2454,2555,2553,2655,2656
2555: 2455,2454,2554,2556,2657,2656
2556: 2455,2555,2657,2456,2557,2658
2557: 2457,2456,2558,2556,2658,2659
2558: 2457,2458,2557,2559,2660,2659
2559: 2458,2558,2660,2459,2560,2661
2560: 2459,2460,2559,2662,2661,2561
2561: 2662,2663,2460,2461,2560,2562
2562: 2563,2664,2461,2561,2663,2462
2563: 2562,2664,2665,2564,2462,2463
2564: 2563,2665,2666,2463,2464,2565
2565: 2566,2667,2464,2564,2666,2465
2566: 2565,2667,2668,2567,2465,2466
2567: 2566,2668,2466,2467,2568,2669
2568: 2569,2670,2669,2567,2468,2467
2569: 2568,2670,2671,2570,2469,2468
2570: 2569,2671,2469,2470,2672,2571
2571: 2572,2672,2673,2570,2471,2470
2572: 2673,2674,2571,2472,2471,2573
2573: 2675,2574,2472,2572,2674,2473
2574: 2575,2675,2676,2573,2473,2474
2575: 2676,2574,2677,2474,2475,2576
2576: 2678,2577,2475,2575,2677,2476
2577: 2578,2678,2679,2576,2476,2477
2578: 2679,2577,2680,2477,2478,2579
2579: 2681,2580,2478,2578,2680,2479
2580: 2581,2681,2682,2579,2480,2479
2581: 2682,2580,2480,2481,2683,2582
2582: 2684,2683,2583,2581,2481,2482
2583: 2584,2684,2582,2685,2483,2482
2584: 2583,2685,2483,2484,2686,2585
2585: 2687,2686,2586,2584,2485,2484
2586: 2687,2688,2585,2486,2485,2587
2587: 2689,2588,2486,2688,2586,2487
2588: 2689,2690,2587,2589,2488,2487
2589: 2690,2691,2588,2488,2489,2590
2590: 2692,2591,2489,2691,2589,2490
2591: 2592,2693,2590,2692,2491,2490
2592: 2693,2591,2491,2492,2593,2694
2593: 2695,2594,2694,2592,2493,2492
2594: 2595,2696,2593,2695,2493,2494
2595: 2696,2594,2494,2495,2596,2697
2596: 2698,2597,2697,2595,2496,2495
2597: 2698,2699,2596,2598,2496,2497
2598: 2699,2597,2497,2498,2599,2700
2599: 2600,2701,2700,2598,2499,2498
2600: 2701,2599,2702,2500,2499,2601
2601: 2602,2703,2500,2600,2702,2501
2602: 2704,2703,2603,2601,2502,2501
2603: 2705,2704,2602,2502,2503,2604
2604: 2605,2706,2503,2705,2603,2504
2605: 2606,2707,2706,2604,2505,2504
2606: 2707,2605,2505,2506,2607,2708
2607: 2608,2709,2708,2606,2507,2506
2608: 2710,2709,2609,2607,2507,2508
2609: 2710,2608,2508,2509,2610,2711
2610: 2712,2711,2611,2609,2509,2510
2611: 2712,2713,2610,2511,2510,2612
2612: 2714,2511,2713,2611,2512,2613
2613: 2513,2512,2614,2714,2715,2612
2614: 2513,2514,2613,2716,2715,2615
2615: 2515,2616,2514,2614,2716,2717
2616: 2516,2515,2617,2615,2717,2718
2617: 2516,2616,2718,2618,2517,2719
2618: 2518,2619,2517,2617,2720,2719
2619: 2519,2518,2620,2618,2721,2720
2620: 2519,2619,2721,2621,2520,2722
2621: 2521,2520,2622,2620,2723,2722
2622: 2522,2521,2621,2724,2723,2623
2623: 2523,2624,2522,2622,2724,2725
2624: 2523,2524,2625,2623,2726,2725
2625: 2524,2525,2624,2727,2726,2626
2626: 2526,2627,2525,2625,2727,2728
2627: 2527,2526,2628,2626,2728,2729
2628: 2527,2627,2729,2730,2629,2528
2629: 2529,2630,2528,2628,2730,2731
2630: 2529,2629,2530,2732,2731,17160
2631: 2632,2531,17661,2530,17160,2733
2632: 15851,2631,2532,2531,2733,2734,16289
2633: 2533,13394,14052,2634,13999,13706
2634: 2633,14052,13999,2838,2736,2735
2635: 2434,14052,18212,2736,2534,18376
2636: 20348,13194,20105,19406,15616
2637: 13062,12154,19060,13205,13021,2739
2638: 2537,13937,2538,14221,14684,18280
2639: 2742,17530,2538,14314,14684,15320
2640: 2641,17107,2743,17530,2539
2641: 2640,17107,2539,2540,2642,2744
2642: 2643,2745,2744,2641,2541,2540
2643: 2745,2642,2746,2542,2541,2644
2644: 2747,2645,2542,2643,2746,2543
2645: 2748,2747,2644,2646,2543,2544
2646: 2748,2749,2645,2545,2544,2647
2647: 2750,2648,2545,2749,2646,2546
2648: 2751,2750,2647,2649,2546,2547
2649: 2751,2648,2547,2548,2752,2650
2650: 2651,2752,2753,2649,2548,2549
2651: 2754,2753,2652,2650,2549,2550
2652: 2651,2754,2550,2551,2755,2653
2653: 2654,2755,2756,2652,2551,2552
2654: 2756,2757,2653,2552,2553,2655
2655: 2758,2656,2553,2654,2757,2554
2656: 2657,2655,2758,2759,2554,2555
2657: 2759,2656,2760,2555,2556,2658
2658: 2659,2761,2556,2657,2760,2557
2659: 2660,2658,2762,2761,2557,2558
2660: 2659,2762,2763,2558,2559,2661
2661: 2662,2764,2559,2660,2763,2560
2662: 2661,2561,2765,2764,2663,2560
2663: 2662,2561,2765,2562,2664,2766
2664: 2563,2562,2766,2665,2767,2663
2665: 2563,2664,2768,2767,2564,2666
2666: 2768,2665,2564,2565,2667,2769
2667: 2566,2565,2770,2769,2668,2666
2668: 2566,2667,2770,2567,2771,2669
2669: 2568,2670,2772,2668,2567,2771
2670: 2569,2568,2669,2671,2773,2772
2671: 2569,2670,2773,2774,2570,2672
2672: 2673,2775,2571,2671,2774,2570
2673: 2572,2672,2776,2674,2775,2571
2674: 2572,2776,2673,2675,2777,2573
2675: 2676,2777,2778,2573,2574,2674
2676: 2575,2675,2779,2778,2574,2677
2677: 2575,2676,2779,2678,2780,2576
2678: 2679,2781,2780,2576,2577,2677
2679: 2578,2678,2782,2781,2577,2680
2680: 2578,2679,2782,2681,2783,2579
2681: 2682,2784,2783,2579,2580,2680
2682: 2581,2681,2785,2784,2580,2683
2683: 2684,2786,2582,2581,2682,2785
2684: 2683,2787,2786,2582,2583,2685
2685: 2584,2684,2788,2787,2583,2686
2686: 2687,2789,2585,2584,2788,2685
2687: 2688,2789,2790,2686,2585,2586
2688: 2687,2790,2586,2689,2587,2791
2689: 2690,2587,2792,2791,2588,2688
2690: 2689,2793,2792,2691,2588,2589
2691: 2690,2793,2589,2590,2794,2692
2692: 2693,2590,2795,2794,2591,2691
2693: 2592,2796,2795,2692,2591,2694
2694: 2593,2797,2695,2592,2693,2796
2695: 2696,2593,2798,2797,2594,2694
2696: 2595,2799,2798,2695,2594,2697
2697: 2698,2596,2800,2595,2696,2799
2698: 2699,2596,2800,2801,2597,2697
2699: 2698,2598,2802,2801,2597,2700
2700: 2701,2599,2803,2699,2598,2802
2701: 2600,2599,2803,2700,2804,2702
2702: 2600,2701,2804,2703,2601,2805
2703: 2704,2602,2806,2601,2805,2702
2704: 2705,2602,2807,2806,2703,2603
2705: 2704,2807,2603,2706,2808,2604
2706: 2707,2605,2809,2808,2604,2705
2707: 2606,2605,2810,2809,2706,2708
2708: 2811,2709,2607,2606,2707,2810
2709: 2811,2710,2608,2812,2607,2708
2710: 2608,2709,2813,2812,2609,2711
2711: 2712,2610,2814,2710,2813,2609
2712: 2713,2610,2814,2815,2711,2611
2713: 2712,2815,2611,2714,2816,2612
2714: 2816,2817,2715,2612,2713,2613
2715: 2714,2716,2817,2818,2614,2613
2716: 2715,2818,2614,2615,2717,2819
2717: 2819,2820,2718,2716,2616,2615
2718: 2717,2820,2821,2617,2616,2719
2719: 2822,2720,2617,2718,2821,2618
2720: 2822,2823,2721,2719,2619,2618
2721: 2824,2823,2720,2620,2619,2722
2722: 2723,2825,2620,2824,2721,2621
2723: 2724,2826,2825,2722,2621,2622
2724: 2723,2826,2622,2623,2725,2827
2725: 2828,2726,2827,2724,2624,2623
2726: 2727,2828,2829,2725,2625,2624
2727: 2726,2829,2625,2626,2728,2830
2728: 2831,2729,2830,2727,2627,2626
2729: 2831,2728,2832,2730,2627,2628
2730: 2729,2832,2628,2629,2731,2833
2731: 2732,2833,21061,2730,2629,2630
2732: 2835,2731,21061,17160,2630,16763
2733: 16763,2836,16289,17160,2632,2631
2734: 16289,15779,2632,15851,13999,2735
2735: 2838,2837,2734,15779,2634,13999
2736: 2838,18212,13761,2635,14052,2634
2737: 18301,14811,13168,17877,2840,16804
2738: 18708,20025,15644,20428,20445
2739: 2842,13238,16819,19060,2637,13021
2740: 17404,18280,13656,13238,13937
2741: 2844,14072,14314,14684,17404,18280
2742: 2639,2743,2846,17530,14314,16000
2743: 2742,16610,2640,17107,2846,17530
2744: 2745,2642,2848,2847,2641,17107
2745: 2643,2849,2642,2848,2744,2746
2746: 2643,2745,2849,2850,2747,2644
2747: 2850,2748,2851,2645,2644,2746
2748: 2851,2747,2749,2645,2852,2646
2749: 2748,2852,2646,2750,2853,2647
2750: 2751,2853,2854,2648,2647,2749
2751: 2855,2750,2854,2648,2649,2752
2752: 2753,2650,2856,2855,2751,2649
2753: 2651,2754,2752,2650,2857,2856
2754: 2858,2651,2753,2652,2857,2755
2755: 2859,2756,2653,2858,2754,2652
2756: 2859,2654,2755,2860,2757,2653
2757: 2654,2860,2756,2655,2758,2861
2758: 2655,2759,2862,2656,2861,2757
2759: 2863,2657,2758,2862,2656,2760
2760: 2863,2657,2759,2658,2761,2864
2761: 2658,2659,2762,2864,2865,2760
2762: 2866,2660,2659,2763,2761,2865
2763: 2866,2660,2762,2867,2661,2764
2764: 2867,2868,2662,2661,2765,2763
2765: 2868,2662,2764,2869,2663,2766
2766: 2664,2767,2870,2765,2869,2663
2767: 2664,2768,2766,2665,2870,2871
2768: 2665,2767,2871,2872,2666,2769
2769: 2873,2667,2770,2768,2872,2666
2770: 2873,2667,2769,2668,2771,2874
2771: 2770,2668,2874,2669,2772,2875
2772: 2670,2669,2773,2875,2876,2771
2773: 2670,2671,2772,2774,2876,2877
2774: 2671,2773,2877,2672,2775,2878
2775: 2672,2776,2673,2878,2879,2774
2776: 2673,2674,2775,2880,2879,2777
2777: 2675,2778,2881,2776,2674,2880
2778: 2675,2676,2779,2777,2882,2881
2779: 2676,2778,2677,2883,2882,2780
2780: 2678,2781,2884,2779,2677,2883
2781: 2678,2679,2782,2780,2885,2884
2782: 2679,2781,2885,2886,2680,2783
2783: 2681,2784,2887,2782,2886,2680
2784: 2681,2682,2785,2783,2887,2888
2785: 2682,2784,2888,2683,2786,2889
2786: 2684,2683,2787,2890,2889,2785
2787: 2684,2788,2786,2685,2891,2890
2788: 2787,2685,2891,2789,2686,2892
2789: 2687,2790,2686,2893,2892,2788
2790: 2687,2688,2789,2894,2893,2791
2791: 2689,2792,2895,2688,2790,2894
2792: 2689,2690,2793,2791,2895,2896
2793: 2690,2792,2691,2896,2897,2794
2794: 2795,2692,2898,2793,2691,2897
2795: 2693,2796,2794,2692,2898,2899
2796: 2693,2795,2899,2797,2694,2900
2797: 2798,2695,2694,2900,2901,2796
2798: 2696,2799,2797,2695,2901,2902
2799: 2696,2798,2902,2800,2697,2903
2800: 2698,2801,2697,2904,2903,2799
2801: 2698,2699,2802,2800,2905,2904
2802: 2699,2801,2905,2803,2700,2906
2803: 2701,2700,2804,2907,2906,2802
2804: 2701,2803,2702,2908,2907,2805
2805: 2806,2703,2909,2804,2702,2908
2806: 2704,2807,2703,2805,2910,2909
2807: 2705,2704,2806,2911,2910,2808
2808: 2809,2706,2912,2705,2807,2911
2809: 2707,2810,2706,2808,2913,2912
2810: 2707,2809,2913,2811,2708,2914
2811: 2709,2812,2915,2708,2914,2810
2812: 2811,2710,2709,2813,2916,2915
2813: 2710,2812,2916,2814,2917,2711
2814: 2712,2815,2917,2918,2711,2813
2815: 2712,2713,2919,2814,2918,2816
2816: 2714,2920,2817,2713,2919,2815
2817: 2714,2816,2920,2715,2818,2921
2818: 2716,2817,2715,2922,2921,2819
2819: 2717,2923,2820,2716,2818,2922
2820: 2717,2923,2924,2819,2718,2821
2821: 2924,2820,2718,2822,2719,2925
2822: 2926,2823,2720,2719,2925,2821
2823: 2824,2927,2926,2822,2721,2720
2824: 2927,2823,2721,2928,2825,2722
2825: 2928,2723,2826,2722,2929,2824
2826: 2930,2724,2723,2825,2929,2827
2827: 2828,2931,2725,2930,2724,2826
2828: 2931,2726,2932,2829,2725,2827
2829: 2727,2828,2726,2932,2933,2830
2830: 2831,2728,2934,2727,2933,2829
2831: 2935,2728,2729,2830,2832,2934
2832: 2935,2831,2729,2936,2730,2833
2833: 2937,2731,21061,2832,2936,2730
2834: 2938,2835,2937,21061,20429
2835: 2834,2938,2732,21061,16763,2939,2836
2836: 16763,2733,2939,16289,16948,2835
2837: 2838,14750,2941,2735,15212,15779
2838: 2942,2837,14750,13761,2736,2735,2634
2839: 3048,12233,14941,13143,13117,12108
2840: 18301,2737,14811,14364,15666,16016
2841: 12571,12792,14567,21298,20880,14034
2842: 13436,13238,2843,2739,16819,18951
2843: 13498,2842,13238,18951,2844,17404
2844: 2741,2948,14072,13816,17404,13498,2843
2845: 2846,2949,16000,15824,3055,2950
2846: 2742,16610,2845,2743,16000,2950
2847: 16610,17107,2951,2848,2744,2952
2848: 2745,2849,2744,2847,2952,2953
2849: 2745,2848,2746,2953,2954,2850
2850: 2851,2747,2849,2746,2954,2955
2851: 2850,2748,2747,2852,2955,2956
2852: 2748,2851,2749,2956,2957,2853
2853: 2750,2854,2749,2852,2957,2958
2854: 2855,2751,2750,2853,2958,2959
2855: 2751,2854,2959,2752,2856,2960
2856: 2752,2753,2857,2855,2961,2960
2857: 2858,2754,2753,2856,2961,2962
2858: 2754,2857,2962,2859,2755,2963
2859: 2755,2860,2756,2858,2964,2963
2860: 2859,2756,2757,2964,2965,2861
2861: 2758,2862,2860,2757,2965,2966
2862: 2863,2758,2759,2861,2966,2967
2863: 2759,2862,2760,2967,2968,2864
2864: 2761,2865,2863,2760,2968,2969
2865: 2866,2762,2761,2864,2969,2970
2866: 2762,2763,2865,2970,2971,2867
2867: 2868,2764,2866,2763,2971,2972
2868: 2867,2765,2764,2869,2973,2972
2869: 2868,2765,2973,2766,2870,2974
2870: 2766,2767,2871,2869,2974,2975
2871: 2768,2767,2870,2872,2976,2975
2872: 2768,2871,2976,2873,2769,2977
2873: 2770,2769,2874,2872,2977,2978
2874: 2873,2770,2771,2978,2979,2875
2875: 2772,2876,2771,2874,2979,2980
2876: 2773,2772,2875,2877,2981,2980
2877: 2773,2774,2876,2981,2982,2878
2878: 2775,2879,2774,2877,2982,2983
2879: 2776,2775,2878,2880,2983,2984
2880: 2776,2879,2984,2777,2881,2985
2881: 2777,2778,2882,2880,2986,2985
2882: 2779,2778,2883,2881,2986,2987
2883: 2779,2882,2987,2780,2884,2988
2884: 2781,2780,2885,2883,2989,2988
2885: 2782,2781,2884,2886,2989,2990
2886: 2782,2885,2990,2783,2887,2991
2887: 2784,2783,2888,2886,2991,2992
2888: 2785,2784,2887,2993,2992,2889
2889: 2786,2890,2785,2888,2993,2994
2890: 2787,2786,2891,2889,2994,2995
2891: 2788,2787,2890,2995,2996,2892
2892: 2789,2893,2788,2891,2996,2997
2893: 2789,2790,2894,2892,2997,2998
2894: 2790,2893,2998,2791,2895,2999
2895: 2792,2791,2896,2894,3000,2999
2896: 2793,2792,2895,2897,3001,3000
2897: 2793,2896,3001,2794,2898,3002
2898: 2795,2794,2899,2897,3002,3003
2899: 2796,2795,2898,3004,3003,2900
2900: 2797,2901,2796,2899,3004,3005
2901: 2798,2797,2900,2902,3005,3006
2902: 2799,2798,2901,3007,3006,2903
2903: 2800,2904,2799,2902,3007,3008
2904: 2800,2801,2905,2903,3008,3009
2905: 2802,2801,2904,3010,3009,2906
2906: 2803,2907,2802,2905,3010,3011
2907: 2803,2804,2908,2906,3012,3011
2908: 2804,2907,3012,2805,2909,3013
2909: 2806,2805,2910,2908,3013,3014
2910: 2807,2806,2911,2909,3015,3014
2911: 2807,2910,3015,2808,2912,3016
2912: 2809,2808,2913,2911,3017,3016
2913: 2810,2809,2912,3017,3018,2914
2914: 2811,2915,2810,2913,3018,3019
2915: 2811,2812,2916,2914,3019,3020
2916: 2813,2812,2915,3021,3020,2917
2917: 2814,2918,2813,2916,3021,3022
2918: 2919,2814,2815,2917,3023,3022
2919: 2815,2918,3023,2816,2920,3024
2920: 2816,2817,2921,2919,3025,3024
2921: 2920,2817,2818,2922,3025,3026
2922: 2818,2921,3026,2923,2819,3027
2923: 2924,2819,2820,2922,3027,3028
2924: 2923,2820,2821,3028,3029,2925
2925: 2926,2822,2924,2821,3029,3030
2926: 2927,2822,2823,2925,3031,3030
2927: 2824,2926,2823,3031,3032,2928
2928: 2825,2929,2824,2927,3032,3033
2929: 2930,2928,2826,2825,3034,3033
2930: 2826,2929,3034,3035,2931,2827
2931: 2828,2932,2827,2930,3035,3036
2932: 2828,2931,2933,2829,3037,3036
2933: 2932,2829,3037,2830,2934,3038
2934: 2935,2831,2830,2933,3039,3038
2935: 2831,2832,2934,2936,3040,3039
2936: 2935,2832,3040,2937,2833,3041
2937: 2834,2833,21061,2936,3041,3042,20429
2938: 2834,2835,3043,20429,2939,17010
2939: 2836,16948,15857,2938,2835,17010
2940: 15212,16948,15857,3044,3045,2941
2941: 2837,14750,3046,2940,15212,3045,14564
2942: 2943,2838,14750,13761,3046,13568
2943: 2942,13761,13568,13143,13117,12944
2944: 15133,18706,18940,15839,20710,14409
2945: 17161,13630,18182,18721,16796,12029
2946: 13436,13498,13166,18951,2947,3052,18621
2947: 12802,3052,13498,2946,13816,3053,14275
2948: 2844,14072,2949,13816,3053,3054
2949: 2948,14072,16000,3054,15824,2845
2950: 3055,3056,2951,16610,2845,2846
2951: 3056,2950,19541,16610,2847,2952
2952: 2953,20064,2847,2951,19541,2848
2953: 3059,2952,2954,20064,2849,2848
2954: 3059,2953,2849,2850,2955,3060
2955: 3061,2956,3060,2954,2850,2851
2956: 2955,3061,3062,2957,2851,2852
2957: 3062,2956,2852,2853,3063,2958
2958: 3063,3064,2959,2957,2853,2854
2959: 2958,3064,3065,2855,2854,2960
2960: 3066,2961,2855,2959,3065,2856
2961: 3066,3067,2960,2962,2857,2856
2962: 2961,3067,3068,2858,2857,2963
2963: 3069,2964,2858,2962,3068,2859
2964: 3069,3070,2963,2965,2859,2860
2965: 2964,3070,3071,2860,2861,2966
2966: 3072,2967,2965,3071,2862,2861
2967: 3072,2966,3073,2968,2863,2862
2968: 2967,3073,2863,2864,2969,3074
2969: 3075,2970,3074,2968,2864,2865
2970: 3075,3076,2969,2971,2866,2865
2971: 3076,2970,2866,2867,3077,2972
2972: 3078,3077,2973,2971,2867,2868
2973: 3078,3079,2972,2868,2869,2974
2974: 3080,2975,2869,2973,3079,2870
2975: 3081,2976,2974,3080,2870,2871
2976: 3081,2975,3082,2871,2872,2977
2977: 3083,2978,2872,2976,3082,2873
2978: 3084,2977,3083,2979,2873,2874
2979: 3084,2978,2874,2875,3085,2980
2980: 3085,2981,3086,2979,2875,2876
2981: 2980,3086,2982,3087,2876,2877
2982: 2981,3087,2877,2878,3088,2983
2983: 3089,3088,2984,2982,2878,2879
2984: 3089,2983,3090,2880,2879,2985
2985: 3091,2986,2880,2984,3090,2881
2986: 3092,3091,2987,2985,2882,2881
2987: 3092,2986,3093,2883,2882,2988
2988: 3094,2989,2883,2987,3093,2884
2989: 3095,3094,2990,2988,2885,2884
2990: 3095,2989,3096,2885,2886,2991
2991: 3097,2992,2886,2990,3096,2887
2992: 3098,3097,2993,2991,2887,2888
2993: 3098,2992,2888,2889,3099,2994
2994: 3100,3099,2995,2993,2890,2889
2995: 3101,3100,2994,2996,2891,2890
2996: 3101,2995,2891,2892,3102,2997
2997: 3102,3103,2998,2996,2893,2892
2998: 3103,3104,2997,2894,2893,2999
2999: 3105,3000,2894,3104,2998,2895
3000: 3001,3106,3105,2999,2895,2896
3001: 3106,3107,3000,2896,2897,3002
3002: 3108,3003,2897,3001,3107,2898
3003: 3004,3109,3108,3002,2898,2899
3004: 3109,3003,2899,2900,3110,3005
3005: 3111,3110,3006,3004,2900,2901
3006: 3007,3112,3111,3005,2901,2902
3007: 3112,3006,2902,2903,3008,3113
3008: 3114,3009,3113,3007,2904,2903
3009: 3010,3115,3114,3008,2905,2904
3010: 3115,3009,2905,2906,3011,3116
3011: 3012,3116,3117,3010,2907,2906
3012: 3011,3118,3117,2908,2907,3013
3013: 3119,3014,2908,3012,3118,2909
3014: 3015,3013,3120,3119,2910,2909
3015: 3121,3120,3014,2911,2910,3016
3016: 3017,3122,2911,3015,3121,2912
3017: 3016,3122,3123,3018,2913,2912
3018: 3017,3123,2913,2914,3019,3124
3019: 3125,3020,3124,3018,2915,2914
3020: 3021,3019,3125,3126,2916,2915
3021: 3126,3020,2916,2917,3127,3022
3022: 3023,3128,3127,3021,2917,2918
3023: 3128,3022,3129,2919,2918,3024
3024: 3130,3025,2919,3023,3129,2920
3025: 3130,3131,3026,3024,2920,2921
3026: 3131,3025,3132,2922,2921,3027
3027: 3028,3133,2922,3026,3132,2923
3028: 3027,3134,3029,3133,2923,2924
3029: 3134,3028,2924,2925,3030,3135
3030: 3031,3136,3135,3029,2926,2925
3031: 3137,3030,3032,3136,2927,2926
3032: 3031,3137,2927,2928,3033,3138
3033: 3139,3034,3138,3032,2928,2929
3034: 3139,3140,3035,3033,2930,2929
3035: 3034,3140,2930,2931,3036,3141
3036: 3142,3037,3141,3035,2931,2932
3037: 3142,3143,3036,2932,2933,3038
3038: 3039,3144,2933,3037,3143,2934
3039: 3145,3040,3144,3038,2935,2934
3040: 3145,3146,3039,2935,2936,3041
3041: 3147,3042,2936,3040,3146,2937
3042: 3041,3147,3148,20429,2937
3043: 3148,19387,20429,2938,17010,3149
3044: 3045,16605,3150,14838,2940,15857
3045: 3044,14838,2940,2941,14564
3046: 2942,14750,13568,2941,14280,14564
3047: 14294,3152,14280,13568,12944,3153
3048: 2839,13117,12108,11984,15267,3154
3049: 20306,15133,18940,16625,18919
3050: 15625,14946,14879,3051,12809,20102
3051: 15905,12220,15625,3050,20102,11928
3052: 12362,12802,2947,18621,2946
3053: 3054,13986,14275,2947,2948,13816
3054: 3053,13986,15824,15535,2948,2949
3055: 3162,3056,2950,18013,15824,2845
3056: 3162,3055,3057,2950,2951,18966,19541
3057: 3163,3056,18966,19541,3164,3058
3058: 3164,20064,20436,3057,19541
3059: 2953,2954,20064,20436,20776,3060
3060: 2955,3061,3167,21441,3059,2954,20776
3061: 2955,3167,3062,2956,3168,3060
3062: 3169,3061,2956,3168,2957,3063
3063: 2958,3064,3170,3169,3062,2957
3064: 3063,2958,2959,3065,3171,3170
3065: 3064,2959,3171,3066,2960,3172
3066: 2961,3067,2960,3173,3172,3065
3067: 3066,2961,2962,3174,3173,3068
3068: 3067,2962,3174,3069,2963,3175
3069: 2964,3070,2963,3175,3176,3068
3070: 3069,2964,2965,3177,3176,3071
3071: 3070,2965,3177,3072,2966,3178
3072: 3179,2966,2967,3178,3073,3071
3073: 3072,3180,3179,2967,2968,3074
3074: 3075,2969,3181,3180,3073,2968
3075: 3076,3182,2969,2970,3181,3074
3076: 3075,3182,2970,3183,2971,3077
3077: 3078,3184,2972,3076,3183,2971
3078: 3185,3184,3077,2973,3079,2972
3079: 3078,3185,2973,2974,3080,3186
3080: 3081,2974,3186,2975,3187,3079
3081: 2976,3080,3188,2975,3187,3082
3082: 3081,2976,3188,3189,2977,3083
3083: 3084,3189,2977,3190,2978,3082
3084: 3083,3191,3190,2978,2979,3085
3085: 2980,3086,3192,3084,3191,2979
3086: 3085,2981,2980,3087,3193,3192
3087: 2981,3086,2982,3194,3193,3088
3088: 3089,2983,3195,2982,3194,3087
3089: 3088,2983,2984,3196,3090,3195
3090: 3089,2984,3196,3091,3197,2985
3091: 3092,2986,3197,3198,2985,3090
3092: 3091,2986,2987,3198,3199,3093
3093: 3092,2987,3199,3094,2988,3200
3094: 3095,2989,3201,2988,3200,3093
3095: 3094,2989,2990,3201,3202,3096
3096: 3095,2990,3202,3097,3203,2991
3097: 3098,3204,3203,2991,2992,3096
3098: 3097,2993,3205,3204,2992,3099
3099: 3100,3206,2994,3098,2993,3205
3100: 3101,3099,3207,3206,2994,2995
3101: 3100,3208,3207,2995,2996,3102
3102: 3103,3209,2997,3101,3208,2996
3103: 3102,3104,3210,3209,2997,2998
3104: 3103,3210,2998,3105,3211,2999
3105: 3106,3211,3212,3000,2999,3104
3106: 3001,3105,3212,3213,3107,3000
3107: 3001,3106,3213,3108,3002,3214
3108: 3109,3002,3215,3214,3003,3107
3109: 3004,3108,3216,3215,3003,3110
3110: 3111,3217,3005,3004,3109,3216
3111: 3112,3110,3217,3005,3006,3218
3112: 3007,3111,3006,3219,3218,3113
3113: 3114,3220,3008,3007,3112,3219
3114: 3115,3221,3220,3008,3009,3113
3115: 3010,3114,3221,3009,3222,3116
3116: 3011,3117,3223,3010,3115,3222
3117: 3012,3011,3118,3116,3224,3223
3118: 3012,3224,3117,3013,3225,3119
3119: 3226,3013,3225,3120,3014,3118
3120: 3015,3226,3121,3119,3014,3227
3121: 3015,3120,3227,3016,3122,3228
3122: 3017,3016,3229,3228,3123,3121
3123: 3017,3122,3229,3018,3230,3124
3124: 3019,3125,3231,3123,3018,3230
3125: 3019,3231,3126,3020,3232,3124
3126: 3021,3125,3233,3020,3232,3127
3127: 3234,3128,3022,3021,3233,3126
3128: 3023,3234,3127,3022,3129,3235
3129: 3023,3128,3235,3130,3024,3236
3130: 3237,3131,3025,3024,3236,3129
3131: 3237,3130,3238,3025,3026,3132
3132: 3131,3238,3026,3027,3239,3133
3133: 3027,3134,3239,3028,3240,3132
3134: 3241,3028,3029,3133,3240,3135
3135: 3242,3030,3136,3241,3134,3029
3136: 3031,3137,3242,3030,3243,3135
3137: 3244,3031,3032,3136,3243,3138
3138: 3139,3245,3033,3244,3137,3032
3139: 3034,3140,3245,3246,3033,3138
3140: 3139,3034,3247,3035,3246,3141
3141: 3142,3036,3248,3140,3247,3035
3142: 3037,3143,3036,3141,3249,3248
3143: 3142,3037,3249,3144,3038,3250
3144: 3145,3039,3251,3038,3250,3143
3145: 3040,3146,3039,3251,3144,3252
3146: 3145,3040,3252,3253,3041,3147
3147: 3253,3041,3042,3254,3148,3146
3148: 3147,3042,3043,3254,18822,19387
3149: 3256,16605,3255,17010,3043,19387
3150: 3256,3044,16605,18821,3257,14838
3151: 3152,3258,14280,14564,15214,14838
3152: 14294,3258,14280,3047,3151
3153: 14798,14131,13053,14294,3047,15267,12944
3154: 14798,12481,3048,11984,15267,12750
3155: 13459,16234,14771,20090,16787
3156: 15432,18952,3369,15288,11773,21350
3157: 3264,3263,20380,3370,3477,15727
3158: 12362,12802,15727,3265,3264,16257
3159: 15819,15296,3265,12558,3266,14465
3160: 15819,15535,3161,3266,3267
3161: 15535,3160,3267,18013,18643,3268
3162: 3055,3056,18966,18013,18643
3163: 3057,18966,3269,19400,3270,3164
3164: 3165,3058,20436,3163,3057,3270,3271
3165: 3164,3166,20436,20776,3271,3272
3166: 3165,20776,3272,21441,3273
3167: 3061,3168,21441,3060,3273,3274
3168: 3169,3061,3167,3062,3274,3275
3169: 3062,3168,3275,3063,3170,3276
3170: 3063,3064,3171,3169,3276,3277
3171: 3064,3065,3170,3277,3278,3172
3172: 3066,3173,3065,3171,3278,3279
3173: 3066,3067,3174,3172,3279,3280
3174: 3067,3173,3068,3280,3281,3175
3175: 3069,3176,3174,3068,3281,3282
3176: 3069,3070,3177,3175,3282,3283
3177: 3070,3176,3071,3283,3284,3178
3178: 3072,3179,3177,3071,3284,3285
3179: 3072,3180,3178,3073,3285,3286
3180: 3179,3073,3286,3181,3074,3287
3181: 3075,3182,3074,3180,3287,3288
3182: 3075,3076,3181,3183,3289,3288
3183: 3076,3182,3289,3184,3077,3290
3184: 3078,3185,3077,3183,3291,3290
3185: 3078,3184,3079,3291,3292,3186
3186: 3080,3187,3185,3079,3292,3293
3187: 3081,3080,3188,3186,3294,3293
3188: 3081,3187,3082,3294,3295,3189
3189: 3083,3190,3188,3082,3295,3296
3190: 3084,3189,3083,3191,3297,3296
3191: 3084,3190,3297,3085,3192,3298
3192: 3085,3086,3193,3191,3299,3298
3193: 3086,3194,3087,3192,3300,3299
3194: 3087,3193,3300,3088,3195,3301
3195: 3089,3088,3196,3194,3302,3301
3196: 3089,3090,3195,3303,3302,3197
3197: 3091,3198,3196,3090,3303,3304
3198: 3092,3091,3197,3199,3305,3304
3199: 3092,3198,3093,3306,3305,3200
3200: 3094,3201,3199,3093,3306,3307
3201: 3095,3094,3202,3200,3308,3307
3202: 3095,3201,3096,3308,3309,3203
3203: 3097,3204,3202,3096,3309,3310
3204: 3098,3097,3205,3203,3311,3310
3205: 3098,3204,3311,3099,3206,3312
3206: 3100,3099,3207,3205,3312,3313
3207: 3101,3100,3208,3206,3313,3314
3208: 3101,3207,3314,3102,3209,3315
3209: 3102,3103,3210,3208,3315,3316
3210: 3103,3104,3209,3317,3316,3211
3211: 3105,3212,3104,3210,3317,3318
3212: 3106,3105,3211,3213,3318,3319
3213: 3106,3212,3107,3319,3320,3214
3214: 3108,3215,3213,3107,3320,3321
3215: 3109,3108,3216,3214,3322,3321
3216: 3109,3215,3322,3110,3217,3323
3217: 3111,3110,3218,3216,3324,3323
3218: 3112,3111,3217,3219,3325,3324
3219: 3112,3218,3325,3220,3113,3326
3220: 3114,3221,3113,3219,3326,3327
3221: 3115,3114,3220,3222,3327,3328
3222: 3115,3221,3328,3116,3223,3329
3223: 3116,3224,3117,3222,3329,3330
3224: 3118,3117,3223,3330,3331,3225
3225: 3226,3119,3118,3224,3331,3332
3226: 3225,3120,3119,3227,3332,3333
3227: 3226,3121,3120,3333,3334,3228
3228: 3122,3229,3121,3227,3334,3335
3229: 3122,3228,3123,3230,3335,3336
3230: 3229,3123,3336,3231,3124,3337
3231: 3125,3232,3124,3230,3338,3337
3232: 3125,3233,3231,3126,3338,3339
3233: 3126,3232,3339,3234,3127,3340
3234: 3128,3127,3235,3233,3341,3340
3235: 3234,3128,3129,3341,3342,3236
3236: 3237,3130,3129,3235,3342,3343
3237: 3130,3131,3238,3236,3343,3344
3238: 3237,3131,3132,3344,3345,3239
3239: 3133,3240,3238,3132,3345,3346
3240: 3241,3134,3239,3133,3346,3347
3241: 3134,3240,3347,3242,3135,3348
3242: 3136,3243,3135,3241,3349,3348
3243: 3244,3137,3242,3136,3350,3349
3244: 3137,3243,3350,3245,3138,3351
3245: 3139,3246,3138,3244,3352,3351
3246: 3139,3140,3245,3247,3353,3352
3247: 3140,3246,3353,3141,3248,3354
3248: 3142,3141,3249,3247,3355,3354
3249: 3142,3143,3248,3356,3355,3250
3250: 3251,3144,3143,3249,3356,3357
3251: 3145,3144,3252,3250,3358,3357
3252: 3145,3146,3251,3359,3358,3253
3253: 3147,3254,3146,3252,3359,3360
3254: 3253,3147,3148,18822,3361,3360
3255: 3256,19205,17045,3149,18822,19387
3256: 16605,3255,3150,3257,17045,3149
3257: 3256,18821,3150,17045,3363
3258: 14294,17862,3152,3151,3259,15214
3259: 14294,17862,3258,13693,3365,13987
3260: 13987,14131,13053,3367,3473,3366
3261: 13756,12159,11883,12751,14800,3368,15733
3262: 15289,18084,15755,12384,13418,18829
3263: 12838,3264,12919,3157,3370,19957
3264: 12838,3263,16257,3157,15727,3158
3265: 12802,3158,12558,16257,3159,15296
3266: 3372,14465,3373,3267,3159,15819,3160
3267: 3266,3373,3374,3160,3161,20374,3268
3268: 3375,20374,3161,3267,3269,18643
3269: 3163,18966,18643,3375,3268,19400
3270: 3376,19400,3163,3164,3377,3271
3271: 3377,3378,3272,3270,3164,3165
3272: 3379,3378,3271,3165,3166,3273
3273: 3380,3274,3166,3379,3272,3167,21441
3274: 3273,3380,3381,3275,3167,3168
3275: 3274,3381,3382,3169,3168,3276
3276: 3383,3277,3169,3275,3382,3170
3277: 3276,3383,3384,3278,3171,3170
3278: 3277,3384,3171,3172,3385,3279
3279: 3385,3386,3280,3278,3173,3172
3280: 3386,3279,3387,3281,3174,3173
3281: 3387,3280,3174,3175,3388,3282
3282: 3388,3389,3283,3281,3175,3176
3283: 3389,3282,3390,3284,3177,3176
3284: 3390,3283,3177,3178,3391,3285
3285: 3391,3392,3286,3284,3179,3178
3286: 3393,3285,3392,3180,3179,3287
3287: 3394,3288,3180,3393,3286,3181
3288: 3394,3289,3287,3395,3182,3181
3289: 3288,3395,3396,3182,3183,3290
3290: 3397,3291,3183,3289,3396,3184
3291: 3397,3398,3290,3292,3185,3184
3292: 3398,3291,3185,3186,3399,3293
3293: 3400,3294,3399,3292,3186,3187
3294: 3400,3401,3293,3295,3188,3187
3295: 3294,3401,3188,3189,3402,3296
3296: 3403,3297,3402,3295,3189,3190
3297: 3403,3404,3296,3191,3190,3298
3298: 3405,3299,3191,3297,3404,3192
3299: 3406,3300,3405,3298,3193,3192
3300: 3406,3299,3407,3194,3193,3301
3301: 3408,3302,3194,3300,3407,3195
3302: 3409,3303,3408,3301,3196,3195
3303: 3409,3302,3196,3197,3410,3304
3304: 3410,3411,3305,3303,3197,3198
3305: 3412,3306,3411,3304,3198,3199
3306: 3412,3305,3199,3200,3413,3307
3307: 3414,3413,3308,3306,3201,3200
3308: 3415,3414,3307,3309,3201,3202
3309: 3415,3308,3202,3203,3416,3310
3310: 3417,3416,3311,3309,3204,3203
3311: 3418,3417,3310,3205,3204,3312
3312: 3419,3313,3205,3418,3311,3206
3313: 3420,3419,3312,3314,3207,3206
3314: 3421,3420,3313,3208,3207,3315
3315: 3422,3316,3208,3421,3314,3209
3316: 3422,3317,3423,3315,3210,3209
3317: 3423,3316,3210,3211,3424,3318
3318: 3425,3424,3319,3317,3211,3212
3319: 3426,3425,3318,3320,3212,3213
3320: 3426,3319,3213,3214,3427,3321
3321: 3322,3428,3427,3320,3215,3214
3322: 3428,3429,3321,3216,3215,3323
3323: 3430,3324,3216,3322,3429,3217
3324: 3325,3431,3430,3323,3217,3218
3325: 3431,3432,3324,3219,3218,3326
3326: 3433,3327,3219,3325,3432,3220
3327: 3433,3434,3326,3328,3221,3220
3328: 3434,3327,3221,3222,3329,3435
3329: 3436,3330,3435,3222,3328,3223
3330: 3329,3436,3437,3331,3224,3223
3331: 3437,3330,3224,3225,3332,3438
3332: 3439,3333,3438,3331,3226,3225
3333: 3332,3439,3440,3334,3226,3227
3334: 3440,3333,3227,3228,3441,3335
3335: 3442,3441,3336,3334,3229,3228
3336: 3443,3442,3335,3229,3230,3337
3337: 3444,3338,3230,3443,3336,3231
3338: 3444,3445,3339,3337,3231,3232
3339: 3445,3446,3338,3233,3232,3340
3340: 3447,3341,3233,3446,3339,3234
3341: 3447,3448,3342,3340,3234,3235
3342: 3448,3341,3235,3236,3343,3449
3343: 3450,3344,3449,3342,3237,3236
3344: 3343,3450,3451,3345,3237,3238
3345: 3451,3344,3238,3239,3346,3452
3346: 3453,3347,3452,3345,3239,3240
3347: 3346,3453,3454,3241,3240,3348
3348: 3349,3455,3241,3454,3347,3242
3349: 3350,3456,3455,3348,3242,3243
3350: 3456,3457,3349,3244,3243,3351
3351: 3458,3352,3244,3350,3457,3245
3352: 3353,3459,3458,3351,3245,3246
3353: 3459,3460,3352,3247,3246,3354
3354: 3355,3461,3247,3353,3460,3248
3355: 3356,3462,3461,3354,3249,3248
3356: 3462,3355,3249,3250,3357,3463
3357: 3358,3464,3463,3356,3251,3250
3358: 3465,3359,3464,3357,3251,3252
3359: 3465,3358,3252,3253,3466,3360
3360: 3466,3467,3361,3359,3253,3254
3361: 3468,3467,3360,3254,18822,19205,19846
3362: 3469,3363,19846,19205,17045
3363: 3469,3362,3470,15602,3257,17045
3364: 17862,15214,18821,15602,16485
3365: 16485,13693,3472,16971,17862,3259
3366: 3473,13732,13183,13693,13987,3260
3367: 3260,13053,15918,13006,3473,3474
3368: 12334,13756,12159,3261,18793,18829
3369: 18952,3156,21350,13902,15607
3370: 12696,3585,19957,3477,3263,3157
3371: 3478,12838,12558,16704,16257,16497
3372: 3266,14465,3480,3479,3373,16497
3373: 3481,3266,3372,3480,3267,3374
3374: 3481,3373,3267,20374,19934,3482
3375: 3376,20374,3268,19934,19400,3269
3376: 3483,3375,19934,19400,3484,3270,3377
3377: 3378,3271,3485,3376,3484,3270
3378: 3486,3379,3377,3271,3272,3485
3379: 3486,3378,3272,3273,3380,3487
3380: 3273,3488,3274,3487,3381,3379
3381: 3489,3380,3488,3274,3275,3382
3382: 3489,3381,3275,3276,3383,3490
3383: 3276,3277,3491,3490,3384,3382
3384: 3492,3383,3277,3491,3278,3385
3385: 3386,3279,3493,3492,3384,3278
3386: 3385,3279,3387,3494,3493,3280
3387: 3386,3494,3280,3281,3495,3388
3388: 3389,3282,3496,3387,3281,3495
3389: 3388,3282,3390,3497,3283,3496
3390: 3389,3497,3283,3498,3284,3391
3391: 3499,3285,3392,3390,3498,3284
3392: 3391,3393,3499,3285,3500,3286
3393: 3500,3392,3286,3394,3287,3501
3394: 3287,3288,3395,3502,3501,3393
3395: 3394,3289,3288,3503,3502,3396
3396: 3289,3503,3395,3397,3504,3290
3397: 3398,3505,3291,3504,3290,3396
3398: 3397,3505,3291,3506,3292,3399
3399: 3400,3507,3293,3398,3506,3292
3400: 3508,3507,3294,3401,3399,3293
3401: 3400,3508,3294,3295,3509,3402
3402: 3403,3510,3296,3401,3295,3509
3403: 3297,3511,3510,3404,3402,3296
3404: 3403,3297,3511,3512,3405,3298
3405: 3406,3513,3512,3299,3298,3404
3406: 3300,3513,3514,3405,3299,3407
3407: 3406,3300,3514,3515,3408,3301
3408: 3409,3515,3516,3302,3301,3407
3409: 3303,3517,3516,3408,3302,3410
3410: 3411,3304,3518,3409,3303,3517
3411: 3412,3519,3410,3305,3304,3518
3412: 3519,3520,3306,3411,3305,3413
3413: 3414,3521,3307,3412,3520,3306
3414: 3415,3413,3521,3308,3307,3522
3415: 3414,3308,3522,3523,3309,3416
3416: 3417,3524,3310,3415,3523,3309
3417: 3418,3416,3311,3524,3525,3310
3418: 3417,3311,3525,3419,3526,3312
3419: 3420,3526,3527,3312,3313,3418
3420: 3421,3419,3527,3528,3313,3314
3421: 3420,3528,3314,3422,3529,3315
3422: 3423,3529,3530,3315,3316,3421
3423: 3422,3317,3530,3316,3531,3424
3424: 3425,3532,3318,3317,3423,3531
3425: 3426,3424,3533,3532,3318,3319
3426: 3425,3534,3533,3319,3320,3427
3427: 3428,3535,3321,3426,3534,3320
3428: 3322,3427,3429,3536,3535,3321
3429: 3322,3428,3536,3430,3323,3537
3430: 3431,3538,3324,3323,3537,3429
3431: 3325,3430,3432,3538,3539,3324
3432: 3325,3431,3539,3433,3326,3540
3433: 3541,3434,3326,3540,3327,3432
3434: 3542,3541,3433,3327,3328,3435
3435: 3329,3436,3543,3542,3434,3328
3436: 3329,3437,3544,3543,3330,3435
3437: 3545,3436,3544,3330,3331,3438
3438: 3332,3439,3546,3545,3437,3331
3439: 3547,3332,3440,3546,3333,3438
3440: 3547,3439,3548,3333,3334,3441
3441: 3549,3442,3335,3440,3548,3334
3442: 3443,3549,3550,3441,3335,3336
3443: 3442,3550,3336,3444,3337,3551
3444: 3445,3552,3338,3337,3551,3443
3445: 3553,3444,3446,3552,3338,3339
3446: 3553,3445,3339,3447,3554,3340
3447: 3555,3448,3554,3341,3340,3446
3448: 3555,3447,3556,3341,3342,3449
3449: 3343,3450,3557,3448,3556,3342
3450: 3343,3451,3558,3557,3344,3449
3451: 3450,3558,3344,3345,3559,3452
3452: 3346,3453,3560,3451,3345,3559
3453: 3346,3454,3561,3560,3347,3452
3454: 3453,3561,3347,3455,3348,3562
3455: 3456,3349,3563,3348,3562,3454
3456: 3350,3457,3349,3563,3564,3455
3457: 3350,3456,3564,3458,3351,3565
3458: 3459,3566,3352,3351,3565,3457
3459: 3353,3460,3567,3566,3458,3352
3460: 3353,3459,3567,3568,3461,3354
3461: 3569,3568,3462,3355,3354,3460
3462: 3569,3356,3355,3461,3570,3463
3463: 3571,3464,3357,3356,3462,3570
3464: 3465,3571,3358,3572,3357,3463
3465: 3359,3573,3358,3572,3464,3466
3466: 3467,3574,3360,3465,3359,3573
3467: 3468,3466,3574,3361,3360,3575
3468: 3467,3361,3575,3469,3576,19846
3469: 3363,3577,3576,3362,3470,19846,3468
3470: 3578,3469,3363,3577,15602,3471
3471: 16485,3472,3579,3578,3470,15602
3472: 16485,3580,3471,3579,3365,16971
3473: 13006,3581,13732,3366,3260,3367
3474: 12751,15733,15918,3367,13006,3475
3475: 14455,13162,13006,13426,15733,3474
3476: 18759,19261,17493,18695,15228,18694
3477: 18824,3370,3585,14523,14362,20380,3157
3478: 3371,3586,16704,3587,3479,16497
3479: 3372,3480,16497,3478,3587,3588
3480: 3481,3372,3479,3373,3589,3588
3481: 3480,3373,3374,3589,3482,3590
3482: 3483,19934,3481,3374,3590,3591
3483: 3376,19934,3482,3484,3591,3592
3484: 3483,3376,3592,3377,3485,3593
3485: 3486,3377,3378,3484,3594,3593
3486: 3379,3378,3485,3594,3595,3487
3487: 3380,3488,3486,3379,3595,3596
3488: 3489,3380,3487,3381,3596,3597
3489: 3488,3381,3382,3597,3598,3490
3490: 3383,3491,3489,3382,3598,3599
3491: 3492,3383,3490,3384,3599,3600
3492: 3491,3384,3600,3385,3493,3601
3493: 3385,3386,3494,3492,3601,3602
3494: 3386,3387,3493,3495,3602,3603
3495: 3387,3494,3603,3388,3496,3604
3496: 3388,3389,3497,3495,3604,3605
3497: 3389,3390,3496,3498,3605,3606
3498: 3390,3497,3606,3391,3499,3607
3499: 3391,3500,3392,3498,3607,3608
3500: 3393,3499,3392,3608,3609,3501
3501: 3394,3502,3393,3500,3609,3610
3502: 3394,3503,3395,3501,3610,3611
3503: 3395,3502,3396,3611,3612,3504
3504: 3397,3505,3503,3396,3612,3613
3505: 3397,3398,3504,3506,3613,3614
3506: 3398,3505,3614,3507,3399,3615
3507: 3400,3508,3399,3506,3616,3615
3508: 3400,3507,3401,3509,3616,3617
3509: 3508,3401,3617,3510,3402,3618
3510: 3403,3511,3402,3509,3619,3618
3511: 3403,3510,3404,3619,3620,3512
3512: 3513,3405,3511,3404,3620,3621
3513: 3406,3514,3512,3405,3622,3621
3514: 3406,3513,3407,3622,3623,3515
3515: 3516,3408,3514,3407,3623,3624
3516: 3409,3515,3517,3408,3625,3624
3517: 3409,3516,3625,3410,3518,3626
3518: 3519,3410,3411,3517,3626,3627
3519: 3412,3520,3411,3518,3628,3627
3520: 3412,3519,3628,3413,3521,3629
3521: 3414,3413,3522,3520,3629,3630
3522: 3415,3414,3521,3523,3630,3631
3523: 3415,3522,3631,3416,3524,3632
3524: 3417,3416,3525,3523,3632,3633
3525: 3418,3417,3524,3633,3634,3526
3526: 3419,3527,3418,3525,3634,3635
3527: 3420,3419,3526,3528,3635,3636
3528: 3421,3420,3527,3636,3637,3529
3529: 3422,3530,3421,3528,3637,3638
3530: 3422,3423,3529,3531,3638,3639
3531: 3423,3530,3639,3424,3532,3640
3532: 3425,3424,3533,3531,3641,3640
3533: 3426,3425,3534,3532,3641,3642
3534: 3426,3533,3642,3427,3535,3643
3535: 3428,3427,3536,3534,3643,3644
3536: 3428,3429,3535,3644,3645,3537
3537: 3430,3538,3429,3536,3645,3646
3538: 3431,3430,3539,3537,3646,3647
3539: 3431,3432,3538,3647,3648,3540
3540: 3541,3433,3432,3539,3648,3649
3541: 3542,3433,3434,3540,3649,3650
3542: 3541,3434,3650,3543,3435,3651
3543: 3436,3544,3435,3542,3652,3651
3544: 3545,3436,3437,3543,3653,3652
3545: 3437,3544,3653,3546,3438,3654
3546: 3547,3439,3438,3545,3655,3654
3547: 3439,3440,3548,3546,3655,3656
3548: 3547,3440,3656,3549,3441,3657
3549: 3442,3550,3441,3548,3658,3657
3550: 3443,3549,3442,3658,3659,3551
3551: 3444,3552,3443,3550,3659,3660
3552: 3553,3444,3445,3551,3661,3660
3553: 3445,3446,3552,3661,3662,3554
3554: 3555,3447,3553,3446,3662,3663
3555: 3447,3448,3554,3556,3663,3664
3556: 3555,3448,3664,3557,3449,3665
3557: 3450,3558,3449,3556,3666,3665
3558: 3450,3451,3557,3559,3666,3667
3559: 3451,3558,3667,3560,3452,3668
3560: 3453,3561,3452,3559,3669,3668
3561: 3453,3454,3560,3669,3670,3562
3562: 3563,3455,3454,3561,3670,3671
3563: 3456,3564,3455,3562,3672,3671
3564: 3456,3457,3563,3673,3672,3565
3565: 3566,3458,3457,3564,3673,3674
3566: 3459,3567,3458,3565,3675,3674
3567: 3459,3460,3566,3676,3675,3568
3568: 3569,3461,3460,3567,3676,3677
3569: 3568,3462,3461,3570,3677,3678
3570: 3569,3462,3678,3571,3463,3679
3571: 3572,3464,3463,3570,3680,3679
3572: 3465,3571,3573,3464,3681,3680
3573: 3465,3572,3681,3466,3574,3682
3574: 3466,3467,3575,3573,3683,3682
3575: 3468,3467,3574,3683,3684,3576
3576: 3469,3577,3468,3575,3684,3685
3577: 3578,3469,3576,3470,3686,3685
3578: 3577,3470,3687,3686,3471,3579
3579: 3580,3471,3472,3578,3687,3688
3580: 3472,3579,14662,16971,3689,3688
3581: 13006,13426,3582,3473,13020,13732
3582: 3581,13020,13732,13619,15693,3690
3583: 15685,15456,12334,12134,13132,17762
3584: 14248,14234,14226,12607,14475,12859
3585: 18824,12696,3370,12280,3477,14792
3586: 3478,16704,17134,3587,3696,12501
3587: 3478,3586,3696,20255,3479,3588
3588: 3589,3697,3698,3587,20255,3480,3479
3589: 3699,3588,3698,3481,3480,3590
3590: 3700,3591,3481,3589,3699,3482
3591: 3701,3590,3700,3592,3483,3482
3592: 3701,3591,3702,3483,3484,3593
3593: 3594,3703,3484,3592,3702,3485
3594: 3704,3593,3703,3595,3486,3485
3595: 3704,3594,3486,3487,3705,3596
3596: 3706,3705,3597,3595,3488,3487
3597: 3707,3706,3596,3598,3489,3488
3598: 3707,3597,3489,3490,3708,3599
3599: 3709,3708,3600,3598,3491,3490
3600: 3710,3709,3599,3492,3491,3601
3601: 3711,3602,3492,3710,3600,3493
3602: 3601,3711,3712,3603,3494,3493
3603: 3712,3602,3713,3494,3495,3604
3604: 3714,3605,3495,3603,3713,3496
3605: 3604,3714,3715,3606,3497,3496
3606: 3715,3605,3716,3497,3498,3607
3607: 3608,3717,3498,3606,3716,3499
3608: 3607,3718,3717,3609,3499,3500
3609: 3608,3718,3500,3501,3610,3719
3610: 3611,3719,3720,3609,3502,3501
3611: 3610,3721,3720,3612,3503,3502
3612: 3611,3721,3503,3504,3613,3722
3613: 3614,3722,3723,3612,3505,3504
3614: 3613,3724,3723,3505,3506,3615
3615: 3616,3725,3506,3614,3724,3507
3616: 3726,3615,3725,3617,3508,3507
3617: 3616,3726,3727,3508,3509,3618
3618: 3619,3728,3509,3617,3727,3510
3619: 3729,3618,3728,3620,3511,3510
3620: 3619,3729,3511,3512,3621,3730
3621: 3622,3731,3730,3620,3513,3512
3622: 3732,3621,3731,3623,3513,3514
3623: 3622,3732,3514,3515,3733,3624
3624: 3733,3625,3734,3623,3515,3516
3625: 3735,3624,3734,3517,3516,3626
3626: 3627,3736,3517,3735,3625,3518
3627: 3628,3626,3737,3736,3519,3518
3628: 3627,3737,3738,3519,3520,3629
3629: 3630,3739,3520,3628,3738,3521
3630: 3629,3740,3631,3739,3521,3522
3631: 3630,3740,3741,3522,3523,3632
3632: 3633,3742,3523,3631,3741,3524
3633: 3632,3743,3634,3742,3524,3525
3634: 3633,3743,3525,3526,3635,3744
3635: 3636,3744,3745,3634,3526,3527
3636: 3635,3746,3745,3637,3527,3528
3637: 3636,3746,3528,3529,3638,3747
3638: 3639,3747,3748,3637,3529,3530
3639: 3749,3638,3748,3530,3531,3640
3640: 3641,3750,3531,3749,3639,3532
3641: 3642,3750,3751,3640,3533,3532
3642: 3752,3641,3751,3534,3533,3643
3643: 3644,3753,3534,3752,3642,3535
3644: 3643,3645,3753,3754,3536,3535
3645: 3644,3754,3536,3537,3646,3755
3646: 3647,3756,3755,3645,3538,3537
3647: 3646,3648,3756,3757,3538,3539
3648: 3647,3757,3539,3540,3649,3758
3649: 3758,3650,3759,3648,3541,3540
3650: 3649,3760,3759,3542,3541,3651
3651: 3761,3652,3542,3650,3760,3543
3652: 3761,3653,3762,3651,3544,3543
3653: 3763,3652,3762,3545,3544,3654
3654: 3764,3655,3545,3763,3653,3546
3655: 3764,3656,3765,3654,3547,3546
3656: 3655,3766,3765,3547,3548,3657
3657: 3767,3658,3548,3766,3656,3549
3658: 3767,3659,3768,3657,3549,3550
3659: 3658,3768,3550,3551,3660,3769
3660: 3770,3661,3769,3659,3552,3551
3661: 3770,3662,3771,3660,3553,3552
3662: 3661,3771,3553,3554,3663,3772
3663: 3664,3773,3772,3662,3555,3554
3664: 3663,3773,3774,3555,3556,3665
3665: 3666,3775,3556,3664,3774,3557
3666: 3667,3776,3775,3665,3558,3557
3667: 3666,3776,3777,3558,3559,3668
3668: 3669,3778,3559,3667,3777,3560
3669: 3670,3779,3778,3668,3561,3560
3670: 3669,3779,3561,3562,3671,3780
3671: 3672,3781,3780,3670,3563,3562
3672: 3673,3781,3782,3671,3563,3564
3673: 3672,3782,3564,3565,3674,3783
3674: 3784,3675,3783,3673,3566,3565
3675: 3784,3676,3785,3674,3567,3566
3676: 3675,3785,3567,3568,3786,3677
3677: 3787,3786,3678,3676,3569,3568
3678: 3787,3677,3788,3569,3570,3679
3679: 3789,3680,3570,3678,3788,3571
3680: 3681,3789,3790,3679,3571,3572
3681: 3680,3790,3791,3573,3572,3682
3682: 3683,3792,3573,3681,3791,3574
3683: 3792,3684,3793,3682,3574,3575
3684: 3683,3793,3575,3576,3685,3794
3685: 3795,3686,3794,3684,3577,3576
3686: 3687,3795,3796,3685,3578,3577
3687: 3796,3686,3578,3579,3797,3688
3688: 3797,3689,3798,3687,3580,3579
3689: 3798,3688,13947,3580,14662,3799
3690: 3909,3799,3800,3582,13619,15693
3691: 12109,18249,12036,18397,13177,17177
3692: 13921,15685,11952,3802,16073,16173
3693: 11999,14273,17778,12417,12607,17338,14212
3694: 12696,12342,14792,20638,3804
3695: 12696,19957,3804,13087,17134,20731
3696: 12501,20255,18056,3805,3586,3587
3697: 3588,3807,3698,20255,18056,3806
3698: 3589,3697,3808,3699,3588,3807
3699: 3589,3808,3698,3590,3809,3700
3700: 3701,3590,3809,3591,3810,3699
3701: 3811,3700,3591,3810,3592,3702
3702: 3701,3811,3592,3593,3703,3812
3703: 3704,3594,3593,3813,3812,3702
3704: 3594,3814,3703,3813,3595,3705
3705: 3815,3706,3596,3704,3814,3595
3706: 3707,3815,3705,3596,3816,3597
3707: 3706,3816,3597,3598,3817,3708
3708: 3818,3709,3599,3707,3598,3817
3709: 3710,3818,3708,3599,3819,3600
3710: 3709,3819,3600,3601,3820,3711
3711: 3601,3821,3820,3712,3602,3710
3712: 3821,3711,3822,3602,3603,3713
3713: 3712,3822,3603,3604,3823,3714
3714: 3604,3824,3823,3715,3605,3713
3715: 3824,3714,3825,3605,3606,3716
3716: 3715,3825,3606,3607,3826,3717
3717: 3607,3827,3608,3826,3718,3716
3718: 3827,3608,3828,3717,3609,3719
3719: 3610,3829,3720,3718,3828,3609
3720: 3610,3830,3611,3829,3721,3719
3721: 3830,3611,3720,3612,3831,3722
3722: 3613,3832,3723,3721,3612,3831
3723: 3613,3833,3614,3832,3724,3722
3724: 3833,3614,3723,3834,3615,3725
3725: 3616,3834,3726,3835,3615,3724
3726: 3616,3835,3725,3836,3617,3727
3727: 3726,3836,3617,3837,3618,3728
3728: 3619,3729,3838,3837,3618,3727
3729: 3619,3838,3728,3839,3620,3730
3730: 3840,3621,3731,3729,3839,3620
3731: 3622,3732,3841,3840,3621,3730
3732: 3622,3841,3731,3623,3842,3733
3733: 3624,3734,3843,3732,3623,3842
3734: 3844,3735,3733,3625,3624,3843
3735: 3844,3625,3734,3845,3626,3736
3736: 3845,3626,3627,3737,3846,3735
3737: 3847,3628,3627,3846,3736,3738
3738: 3847,3628,3737,3848,3629,3739
3739: 3849,3848,3629,3630,3740,3738
3740: 3850,3849,3630,3631,3739,3741
3741: 3850,3740,3631,3851,3632,3742
3742: 3852,3851,3632,3633,3743,3741
3743: 3853,3852,3633,3634,3742,3744
3744: 3854,3635,3745,3853,3743,3634
3745: 3855,3854,3635,3636,3746,3744
3746: 3856,3855,3636,3745,3637,3747
3747: 3857,3638,3748,3856,3746,3637
3748: 3858,3749,3857,3638,3639,3747
3749: 3858,3639,3748,3859,3750,3640
3750: 3860,3859,3641,3751,3640,3749
3751: 3861,3860,3752,3641,3642,3750
3752: 3861,3642,3751,3862,3643,3753
3753: 3863,3862,3643,3644,3754,3752
3754: 3864,3863,3644,3645,3753,3755
3755: 3865,3646,3756,3864,3645,3754
3756: 3866,3865,3646,3647,3757,3755
3757: 3867,3866,3647,3648,3756,3758
3758: 3649,3868,3759,3867,3648,3757
3759: 3649,3758,3868,3869,3650,3760
3760: 3869,3650,3759,3761,3870,3651
3761: 3871,3652,3762,3870,3651,3760
3762: 3763,3761,3871,3872,3653,3652
3763: 3872,3653,3762,3764,3654,3873
3764: 3874,3655,3765,3654,3873,3763
3765: 3874,3764,3655,3766,3656,3875
3766: 3656,3875,3765,3767,3876,3657
3767: 3658,3876,3877,3768,3657,3766
3768: 3767,3878,3658,3659,3877,3769
3769: 3770,3879,3660,3878,3659,3768
3770: 3661,3879,3880,3771,3660,3769
3771: 3770,3881,3661,3662,3880,3772
3772: 3663,3882,3773,3881,3662,3771
3773: 3663,3882,3664,3772,3883,3774
3774: 3664,3773,3883,3775,3665,3884
3775: 3666,3885,3776,3665,3884,3774
3776: 3666,3885,3667,3775,3886,3777
3777: 3667,3776,3886,3778,3887,3668
3778: 3669,3888,3779,3887,3668,3777
3779: 3669,3888,3670,3778,3889,3780
3780: 3781,3890,3671,3670,3779,3889
3781: 3891,3672,3782,3890,3671,3780
3782: 3892,3891,3673,3672,3781,3783
3783: 3784,3893,3674,3892,3673,3782
3784: 3894,3675,3785,3893,3674,3783
3785: 3784,3894,3676,3675,3895,3786
3786: 3787,3677,3896,3676,3895,3785
3787: 3897,3786,3677,3678,3788,3896
3788: 3787,3897,3678,3789,3679,3898
3789: 3680,3790,3899,3679,3898,3788
3790: 3681,3900,3789,3680,3791,3899
3791: 3681,3900,3790,3792,3901,3682
3792: 3683,3793,3901,3902,3682,3791
3793: 3903,3683,3792,3684,3902,3794
3794: 3795,3904,3685,3903,3684,3793
3795: 3905,3796,3904,3686,3685,3794
3796: 3905,3687,3795,3906,3686,3797
3797: 3907,3798,3688,3687,3906,3796
3798: 3797,3907,3689,3908,4017,3688,13947
3799: 3909,3690,14662,3689,13947,13619
3800: 3909,3690,16185,16359,3910,15693
3801: 12784,13956,12738,13979,4020,17177,11994
3802: 16073,3692,16173,16553,3911,12425
3803: 12529,12764,17778,16268,16331,14212
3804: 20638,12842,13087,12696,3694,3695
3805: 3696,12501,18056,12872,15805,3915,20731
3806: 18056,3915,3916,3697,3807,16940
3807: 3697,3808,3698,3806,3917,16940
3808: 3699,3807,3698,3917,3918,3809
3809: 3700,3810,3808,3699,3918,3919
3810: 3701,3809,3811,3700,3920,3919
3811: 3701,3810,3702,3920,3921,3812
3812: 3703,3813,3811,3702,3921,3922
3813: 3704,3814,3703,3812,3922,3923
3814: 3704,3813,3923,3815,3705,3924
3815: 3706,3705,3816,3814,3925,3924
3816: 3707,3815,3706,3817,3925,3926
3817: 3707,3816,3926,3818,3708,3927
3818: 3709,3708,3819,3817,3928,3927
3819: 3710,3818,3709,3928,3929,3820
3820: 3821,3711,3710,3819,3929,3930
3821: 3820,3711,3712,3822,3931,3930
3822: 3821,3712,3713,3931,3932,3823
3823: 3824,3714,3822,3713,3932,3933
3824: 3823,3714,3715,3825,3933,3934
3825: 3824,3715,3716,3934,3935,3826
3826: 3827,3717,3825,3716,3935,3936
3827: 3826,3718,3828,3717,3936,3937
3828: 3827,3718,3937,3829,3719,3938
3829: 3830,3719,3720,3828,3939,3938
3830: 3829,3721,3720,3831,3939,3940
3831: 3830,3721,3940,3832,3722,3941
3832: 3833,3722,3723,3831,3942,3941
3833: 3832,3724,3723,3942,3943,3834
3834: 3835,3725,3833,3724,3943,3944
3835: 3834,3726,3725,3836,3945,3944
3836: 3726,3835,3727,3945,3946,3837
3837: 3838,3728,3836,3727,3946,3947
3838: 3729,3837,3728,3839,3948,3947
3839: 3729,3838,3948,3840,3730,3949
3840: 3841,3731,3730,3839,3949,3950
3841: 3732,3840,3731,3842,3950,3951
3842: 3732,3841,3951,3733,3843,3952
3843: 3844,3733,3734,3842,3952,3953
3844: 3735,3734,3843,3953,3954,3845
3845: 3846,3736,3844,3735,3954,3955
3846: 3847,3845,3737,3736,3955,3956
3847: 3737,3846,3738,3956,3957,3848
3848: 3849,3739,3847,3738,3957,3958
3849: 3850,3848,3740,3739,3958,3959
3850: 3849,3740,3741,3959,3960,3851
3851: 3852,3742,3850,3741,3960,3961
3852: 3853,3851,3743,3742,3961,3962
3853: 3852,3743,3962,3854,3744,3963
3854: 3855,3744,3745,3853,3963,3964
3855: 3856,3854,3746,3745,3964,3965
3856: 3855,3746,3965,3857,3747,3966
3857: 3858,3747,3748,3856,3966,3967
3858: 3749,3857,3748,3967,3968,3859
3859: 3860,3750,3858,3749,3968,3969
3860: 3861,3859,3750,3751,3969,3970
3861: 3860,3752,3751,3970,3971,3862
3862: 3863,3753,3861,3752,3971,3972
3863: 3864,3862,3753,3754,3972,3973
3864: 3863,3754,3973,3865,3755,3974
3865: 3866,3756,3755,3864,3975,3974
3866: 3867,3865,3756,3757,3975,3976
3867: 3866,3757,3976,3758,3868,3977
3868: 3758,3869,3759,3867,3978,3977
3869: 3868,3760,3759,3978,3979,3870
3870: 3761,3871,3869,3760,3979,3980
3871: 3761,3872,3762,3870,3981,3980
3872: 3763,3871,3762,3981,3982,3873
3873: 3874,3764,3763,3872,3982,3983
3874: 3764,3875,3765,3873,3984,3983
3875: 3874,3766,3765,3984,3985,3876
3876: 3767,3877,3766,3875,3985,3986
3877: 3767,3878,3876,3768,3986,3987
3878: 3877,3768,3987,3879,3769,3988
3879: 3770,3880,3769,3878,3989,3988
3880: 3770,3881,3879,3771,3989,3990
3881: 3880,3771,3990,3882,3772,3991
3882: 3773,3772,3883,3881,3992,3991
3883: 3882,3773,3774,3992,3993,3884
3884: 3885,3775,3883,3774,3993,3994
3885: 3776,3775,3886,3884,3995,3994
3886: 3885,3776,3777,3995,3996,3887
3887: 3888,3778,3886,3777,3996,3997
3888: 3779,3778,3889,3887,3998,3997
3889: 3888,3779,3998,3890,3780,3999
3890: 3891,3781,3780,3889,4000,3999
3891: 3892,3781,3782,3890,4001,4000
3892: 3891,3782,4001,3893,3783,4002
3893: 3784,3894,3783,3892,4003,4002
3894: 3784,3895,3785,3893,4003,4004
3895: 3894,3785,4004,3786,3896,4005
3896: 3787,3897,3786,3895,4006,4005
3897: 3787,3788,3896,4006,4007,3898
3898: 3789,3899,3897,3788,4007,4008
3899: 3900,3789,3790,3898,4009,4008
3900: 3790,3791,3899,4010,4009,3901
3901: 3792,3902,3900,3791,4010,4011
3902: 3903,3792,3793,3901,4012,4011
3903: 3793,3902,4012,3904,3794,4013
3904: 3905,3795,3794,3903,4014,4013
3905: 3795,3906,3796,3904,4014,4015
3906: 3905,3796,4015,3797,3907,4016
3907: 3797,3798,4017,3906,4127,4016
3908: 4018,3798,4017,13947,14238
3909: 14238,3690,16359,3799,3800,13947,13619
3910: 15507,16185,16359,12298,3800,11994
3911: 12425,16868,13019,13580,3802,16173
3912: 17368,16268,13067,12842,16331,12274
3913: 17368,13067,16934,12872,15805,3914
3914: 4024,4025,3913,16934,16486,15805
3915: 16486,18056,3805,15805,3806,3916
3916: 4026,4025,16486,3915,3806,16940
3917: 16940,17276,4028,3918,3808,3807
3918: 3917,4028,3808,3809,4029,3919
3919: 3920,4030,4029,3918,3809,3810
3920: 4030,3919,4031,3921,3811,3810
3921: 3920,4031,3811,3812,4032,3922
3922: 4032,4033,3923,3921,3813,3812
3923: 3922,4033,4034,3814,3813,3924
3924: 4035,3925,3814,3923,4034,3815
3925: 4035,4036,3924,3926,3815,3816
3926: 3925,4036,4037,3816,3817,3927
3927: 3928,4038,3817,3926,4037,3818
3928: 4038,4039,3927,3929,3818,3819
3929: 3928,4039,3819,3820,4040,3930
3930: 4040,3931,4041,3929,3821,3820
3931: 4041,4042,3930,3932,3821,3822
3932: 3931,4042,3822,3823,3933,4043
3933: 3934,4044,4043,3932,3824,3823
3934: 3933,4044,4045,3935,3824,3825
3935: 3934,4045,3825,3826,3936,4046
3936: 4047,4046,3937,3935,3827,3826
3937: 3936,4047,4048,3827,3828,3938
3938: 3939,4049,3828,3937,4048,3829
3939: 4050,3938,4049,3940,3830,3829
3940: 3939,4050,4051,3830,3831,3941
3941: 3942,4052,3831,3940,4051,3832
3942: 4053,3941,4052,3943,3833,3832
3943: 3942,4053,3833,3834,4054,3944
3944: 3945,4054,4055,3943,3834,3835
3945: 4056,3944,4055,3946,3835,3836
3946: 3945,4056,3836,3837,4057,3947
3947: 3948,4058,4057,3946,3838,3837
3948: 4058,4059,3947,3838,3839,3949
3949: 4060,3950,3839,3948,4059,3840
3950: 4061,4060,3949,3951,3841,3840
3951: 4061,3950,4062,3841,3842,3952
3952: 4063,3953,3842,3951,4062,3843
3953: 4063,4064,3952,3954,3844,3843
3954: 4064,3953,3844,3845,3955,4065
3955: 4066,3956,4065,3954,3845,3846
3956: 4066,4067,3955,3957,3847,3846
3957: 4067,3956,3847,3848,3958,4068
3958: 4069,3959,4068,3957,3849,3848
3959: 4069,4070,3958,3960,3850,3849
3960: 4070,3959,3850,3851,3961,4071
3961: 3962,4071,4072,3960,3852,3851
3962: 3961,4072,4073,3853,3852,3963
3963: 3964,4074,3853,3962,4073,3854
3964: 3963,3965,4074,4075,3855,3854
3965: 3964,4075,4076,3856,3855,3966
3966: 3967,4077,3856,3965,4076,3857
3967: 3966,3968,4077,4078,3858,3857
3968: 3967,4078,3858,3859,3969,4079
3969: 3970,4080,4079,3968,3860,3859
3970: 4081,3969,3971,4080,3861,3860
3971: 4081,3970,3861,3862,3972,4082
3972: 3973,4082,4083,3971,3863,3862
3973: 4084,3972,4083,3864,3863,3974
3974: 3975,4085,3864,4084,3973,3865
3975: 4086,3976,4085,3974,3866,3865
3976: 4086,3975,4087,3867,3866,3977
3977: 3978,4088,3867,3976,4087,3868
3978: 4089,3979,4088,3977,3868,3869
3979: 4089,3978,3869,3870,3980,4090
3980: 3981,4091,4090,3979,3871,3870
3981: 4092,3982,4091,3980,3871,3872
3982: 4092,3981,3872,3873,3983,4093
3983: 4094,3984,4093,3982,3874,3873
3984: 4095,4094,3985,3983,3874,3875
3985: 4095,3984,3875,3876,3986,4096
3986: 4097,3987,4096,3985,3876,3877
3987: 4098,3986,4097,3878,3877,3988
3988: 3989,4099,3878,4098,3987,3879
3989: 3990,4099,4100,3988,3879,3880
3990: 4101,3989,4100,3881,3880,3991
3991: 3992,4102,3881,4101,3990,3882
3992: 3993,4102,4103,3991,3882,3883
3993: 3992,4103,3883,3884,3994,4104
3994: 3995,4105,4104,3993,3885,3884
3995: 3996,4105,4106,3994,3885,3886
3996: 3995,4106,3886,3887,3997,4107
3997: 3998,4108,4107,3996,3888,3887
3998: 4109,4108,3997,3888,3889,3999
3999: 4110,4000,3889,4109,3998,3890
4000: 4001,4110,4111,3999,3891,3890
4001: 4112,4111,4000,3892,3891,4002
4002: 4113,4003,3892,4112,4001,3893
4003: 4113,4114,4004,4002,3894,3893
4004: 4115,4114,4003,3894,3895,4005
4005: 4116,4006,3895,4115,4004,3896
4006: 4116,4117,4007,4005,3897,3896
4007: 4117,4006,3897,3898,4008,4118
4008: 4119,4009,4118,4007,3899,3898
4009: 4010,4120,4119,4008,3900,3899
4010: 4120,4009,3900,3901,4011,4121
4011: 4122,4012,4121,4010,3901,3902
4012: 4123,4122,4011,3903,3902,4013
4013: 4124,4014,3903,4123,4012,3904
4014: 4124,4125,4013,4015,3905,3904
4015: 4014,4125,18165,3905,3906,4016
4016: 4127,4126,3906,18165,4015,3907
4017: 4018,3907,3908,3798,4127,16664
4018: 3908,4017,16664,14238,4019,15794
4019: 15507,14238,16359,4018,15287,15794
4020: 12784,13956,3801,15618,4131
4021: 20299,18269,17823,13397,17128
4022: 17816,14576,18813,17224,18341,12573
4023: 4134,14259,12529,11805,16331,12274
4024: 4135,4025,3914,12731,16934
4025: 4135,4026,4024,15669,3914,3916,16486
4026: 4025,15669,3916,4137,16486,16940,4027
4027: 16940,17276,18143,4026,4137
4028: 4138,3917,4139,17276,3918,4029
4029: 4140,4030,3919,4139,4028,3918
4030: 3920,4141,4140,4029,3919,4031
4031: 3920,4141,4030,3921,4142,4032
4032: 4143,3922,4033,4031,3921,4142
4033: 4032,4143,3922,4144,3923,4034
4034: 4144,4033,3923,4145,4035,3924
4035: 4145,4146,3925,4036,3924,4034
4036: 4035,4146,3925,4147,3926,4037
4037: 4147,4036,3926,4148,4038,3927
4038: 4148,4149,3928,4039,3927,4037
4039: 4149,3928,4038,3929,4150,4040
4040: 4151,4041,3930,4039,3929,4150
4041: 4151,4040,4152,3931,4042,3930
4042: 4152,3931,4041,3932,4153,4043
4043: 4154,3933,4044,4042,3932,4153
4044: 4154,3933,4155,3934,4045,4043
4045: 4155,3934,4044,3935,4156,4046
4046: 4157,3936,4047,4045,3935,4156
4047: 4157,3936,4158,4046,3937,4048
4048: 4158,4047,3937,4159,3938,4049
4049: 4160,3939,4159,4050,3938,4048
4050: 4160,3939,4161,4049,3940,4051
4051: 4161,4050,3940,4162,3941,4052
4052: 4163,3942,4162,4053,3941,4051
4053: 4163,3942,4052,3943,4164,4054
4054: 4165,3944,4055,4053,3943,4164
4055: 4166,3945,4054,4165,4056,3944
4056: 4166,3945,4055,3946,4167,4057
4057: 4058,4168,3947,4056,3946,4167
4058: 3948,4057,4168,4059,3947,4169
4059: 3948,4058,4169,4060,4170,3949
4060: 4171,4061,4170,3949,3950,4059
4061: 4171,4060,3950,4172,3951,4062
4062: 4061,4172,3951,4173,4063,3952
4063: 4174,4173,4064,3952,3953,4062
4064: 4174,4063,3953,4175,3954,4065
4065: 4176,4066,3955,4064,4175,3954
4066: 4177,4176,4067,3955,3956,4065
4067: 4177,4066,3956,3957,4178,4068
4068: 4179,4069,3958,4067,3957,4178
4069: 4180,4179,4070,3958,3959,4068
4070: 4180,4069,3959,4181,3960,4071
4071: 4182,3961,4072,4070,4181,3960
4072: 4183,4182,3961,3962,4071,4073
4073: 4183,3962,4072,4184,3963,4074
4074: 4185,4184,3963,3964,4075,4073
4075: 4186,4185,3964,3965,4074,4076
4076: 4186,3965,4075,4187,3966,4077
4077: 4187,4188,3966,3967,4078,4076
4078: 4188,3967,3968,4077,4189,4079
4079: 4190,3969,4080,3968,4078,4189
4080: 4081,4191,4190,3969,3970,4079
4081: 4191,3970,3971,4192,4080,4082
4082: 4193,3972,4083,4081,3971,4192
4083: 4084,4194,4193,3972,3973,4082
4084: 4194,3973,4083,4085,3974,4195
4085: 4086,4196,3975,3974,4195,4084
4086: 4197,4196,3975,3976,4085,4087
4087: 4086,4197,3976,4088,3977,4198
4088: 4089,4199,3978,3977,4198,4087
4089: 4200,4199,3978,3979,4088,4090
4090: 4091,4201,3980,4089,4200,3979
4091: 4092,4202,3981,4201,3980,4090
4092: 4203,4202,3981,3982,4091,4093
4093: 4094,4204,3983,4092,4203,3982
4094: 4095,3984,4205,4204,3983,4093
4095: 4094,4206,3984,3985,4205,4096
4096: 3986,4097,4207,4095,4206,3985
4097: 4098,3986,3987,4096,4208,4207
4098: 4097,3987,4208,4099,3988,4209
4099: 3989,4210,4100,3988,4209,4098
4100: 4101,3989,4210,3990,4099,4211
4101: 3990,4211,4100,4102,3991,4212
4102: 3992,4213,4103,3991,4212,4101
4103: 3992,4213,3993,4102,4214,4104
4104: 4215,4105,3994,3993,4214,4103
4105: 4215,3995,4216,4106,3994,4104
4106: 3995,4216,3996,4105,4217,4107
4107: 4108,4218,3997,3996,4217,4106
4108: 4109,3998,4219,4218,3997,4107
4109: 3998,4219,4108,4110,3999,4220
4110: 4111,4000,4221,3999,4220,4109
4111: 4112,4001,4222,4110,4000,4221
4112: 4001,4222,4111,4113,4002,4223
4113: 4224,4114,4003,4002,4223,4112
4114: 4224,4115,4225,4113,4003,4004
4115: 4225,4114,4004,4116,4005,4226
4116: 4227,4117,4006,4005,4226,4115
4117: 4227,4228,4116,4006,4007,4118
4118: 4119,4229,4008,4228,4117,4007
4119: 4120,4229,4009,4230,4008,4118
4120: 4010,4231,4119,4009,4230,4121
4121: 4122,4232,4011,4010,4120,4231
4122: 4233,4123,4232,4012,4011,4121
4123: 4233,4122,4012,4124,4013,4234
4124: 4235,4014,4125,4013,4234,4123
4125: 4124,4235,4014,18165,4236,4015
4126: 4127,4016,4237,4238,17074,17340,18165
4127: 4016,16664,4126,17074,3907,4017
4128: 16664,4238,17074,4239,4129,15794
4129: 4239,15287,4240,15299,15794,4128
4130: 14261,4240,14597,18322,4241,14583
4131: 4242,15618,18322,4241,4020
4132: 19733,12040,15869,17745,14458,18994
4133: 4244,4134,12781,14259,13140,12023
4134: 4133,4023,13115,12781,12731,14259,12274
4135: 4024,4025,4136,15669,15200,4245,12731
4136: 4135,15669,4246,15200,18004
4137: 4026,4247,15669,4246,4027,18143
4138: 4139,17276,4028,18143,4248,4249
4139: 4138,4028,4249,4140,4029,4250
4140: 4141,4030,4029,4139,4250,4251
4141: 4140,4030,4031,4142,4251,4252
4142: 4141,4031,4252,4032,4143,4253
4143: 4032,4144,4033,4254,4142,4253
4144: 4255,4143,4033,4254,4034,4145
4145: 4035,4146,4256,4255,4144,4034
4146: 4145,4035,4147,4036,4256,4257
4147: 4146,4036,4257,4037,4258,4148
4148: 4149,4038,4259,4147,4037,4258
4149: 4148,4260,4038,4039,4150,4259
4150: 4260,4149,4039,4151,4040,4261
4151: 4040,4152,4041,4261,4262,4150
4152: 4151,4041,4042,4262,4263,4153
4153: 4152,4042,4263,4154,4043,4264
4154: 4155,4044,4043,4264,4265,4153
4155: 4154,4044,4045,4265,4266,4156
4156: 4155,4045,4266,4157,4046,4267
4157: 4158,4268,4047,4046,4267,4156
4158: 4157,4268,4047,4269,4048,4159
4159: 4160,4049,4270,4158,4269,4048
4160: 4161,4159,4050,4049,4270,4271
4161: 4160,4050,4271,4051,4272,4162
4162: 4163,4052,4273,4161,4051,4272
4163: 4274,4162,4053,4052,4164,4273
4164: 4163,4274,4053,4054,4165,4275
4165: 4166,4054,4055,4275,4276,4164
4166: 4165,4056,4055,4167,4276,4277
4167: 4166,4056,4277,4057,4168,4278
4168: 4058,4057,4169,4278,4279,4167
4169: 4058,4168,4059,4279,4280,4170
4170: 4171,4060,4281,4059,4169,4280
4171: 4061,4060,4170,4172,4281,4282
4172: 4171,4061,4062,4282,4283,4173
4173: 4174,4063,4284,4172,4062,4283
4174: 4173,4063,4064,4175,4284,4285
4175: 4174,4064,4285,4176,4065,4286
4176: 4177,4066,4065,4286,4287,4175
4177: 4176,4066,4067,4178,4287,4288
4178: 4177,4067,4288,4179,4068,4289
4179: 4180,4069,4068,4289,4290,4178
4180: 4179,4069,4070,4290,4291,4181
4181: 4180,4070,4291,4182,4292,4071
4182: 4183,4292,4293,4071,4072,4181
4183: 4182,4293,4072,4073,4294,4184
4184: 4185,4074,4295,4183,4073,4294
4185: 4186,4184,4074,4075,4296,4295
4186: 4185,4075,4076,4297,4296,4187
4187: 4188,4077,4298,4186,4076,4297
4188: 4187,4077,4078,4189,4299,4298
4189: 4188,4078,4299,4190,4079,4300
4190: 4191,4080,4079,4301,4300,4189
4191: 4081,4190,4192,4080,4302,4301
4192: 4081,4191,4302,4193,4082,4303
4193: 4194,4082,4083,4304,4303,4192
4194: 4084,4193,4083,4305,4304,4195
4195: 4196,4085,4306,4084,4194,4305
4196: 4086,4197,4085,4195,4307,4306
4197: 4086,4196,4087,4308,4307,4198
4198: 4199,4088,4309,4197,4087,4308
4199: 4089,4200,4088,4310,4198,4309
4200: 4089,4199,4310,4201,4311,4090
4201: 4202,4091,4312,4311,4090,4200
4202: 4092,4203,4091,4201,4313,4312
4203: 4092,4202,4313,4204,4093,4314
4204: 4094,4205,4093,4315,4314,4203
4205: 4095,4094,4206,4204,4316,4315
4206: 4095,4205,4316,4096,4207,4317
4207: 4097,4096,4208,4318,4317,4206
4208: 4098,4097,4207,4319,4318,4209
4209: 4210,4099,4320,4098,4208,4319
4210: 4099,4211,4100,4209,4321,4320
4211: 4101,4210,4100,4322,4321,4212
4212: 4323,4213,4102,4101,4211,4322
4213: 4323,4102,4214,4103,4212,4324
4214: 4213,4103,4324,4215,4104,4325
4215: 4216,4105,4326,4104,4325,4214
4216: 4215,4105,4217,4106,4327,4326
4217: 4216,4106,4327,4328,4218,4107
4218: 4219,4328,4108,4329,4107,4217
4219: 4109,4108,4329,4218,4330,4220
4220: 4110,4221,4331,4109,4219,4330
4221: 4222,4110,4111,4332,4331,4220
4222: 4112,4111,4221,4333,4332,4223
4223: 4224,4113,4334,4112,4222,4333
4224: 4225,4113,4114,4335,4334,4223
4225: 4224,4115,4114,4336,4335,4226
4226: 4227,4337,4116,4115,4225,4336
4227: 4337,4228,4116,4117,4226,4338
4228: 4227,4117,4338,4229,4118,4339
4229: 4119,4230,4340,4118,4339,4228
4230: 4120,4231,4119,4229,4340,4341
4231: 4120,4230,4341,4232,4121,4342
4232: 4233,4343,4122,4121,4342,4231
4233: 4123,4343,4122,4232,4344,4234
4234: 4124,4235,4345,4233,4123,4344
4235: 4124,4125,4236,4345,4234,4346
4236: 4235,4125,4347,18165,4346,4237
4237: 4126,17340,17845,4347,18165,4236
4238: 4128,4126,17074,17340,4348,4349,4239
4239: 4129,15299,4350,4128,4238,4349
4240: 4130,14261,15287,14597,4129,15299,4351
4241: 4242,4352,18322,4131,14583,4130
4242: 12169,15261,15618,4352,4241,4131
4243: 20616,12805,12701,18804,15419,12402,15861
4244: 4133,12781,4356,12023,14352,4468
4245: 12781,12731,4356,14727,4135,15200
4246: 4247,4136,15669,4137,19006,18004
4247: 4246,4137,19006,18143,4359,4248
4248: 4360,4359,4249,4247,4138,18143
4249: 4360,4361,4248,4138,4139,4250
4250: 4362,4251,4139,4361,4249,4140
4251: 4363,4362,4250,4252,4141,4140
4252: 4363,4364,4251,4141,4142,4253
4253: 4365,4142,4364,4252,4143,4254
4254: 4255,4143,4144,4366,4365,4253
4255: 4144,4254,4366,4145,4256,4367
4256: 4145,4146,4257,4255,4367,4368
4257: 4146,4147,4256,4258,4369,4368
4258: 4147,4257,4369,4148,4259,4370
4259: 4148,4260,4149,4258,4370,4371
4260: 4149,4150,4259,4371,4372,4261
4261: 4151,4262,4260,4150,4372,4373
4262: 4151,4152,4261,4263,4374,4373
4263: 4152,4262,4153,4374,4375,4264
4264: 4154,4265,4263,4153,4375,4376
4265: 4154,4155,4264,4266,4376,4377
4266: 4155,4265,4156,4377,4378,4267
4267: 4157,4268,4266,4156,4378,4379
4268: 4157,4158,4269,4267,4379,4380
4269: 4158,4268,4380,4159,4270,4381
4270: 4160,4159,4271,4269,4382,4381
4271: 4160,4161,4270,4272,4382,4383
4272: 4161,4271,4383,4162,4273,4384
4273: 4163,4274,4162,4272,4385,4384
4274: 4163,4164,4273,4386,4385,4275
4275: 4165,4276,4274,4164,4386,4387
4276: 4166,4165,4275,4277,4388,4387
4277: 4166,4167,4276,4389,4388,4278
4278: 4168,4279,4167,4277,4389,4390
4279: 4168,4169,4278,4280,4391,4390
4280: 4169,4279,4391,4170,4281,4392
4281: 4171,4170,4282,4280,4393,4392
4282: 4171,4172,4281,4283,4393,4394
4283: 4172,4282,4394,4173,4284,4395
4284: 4174,4173,4285,4283,4396,4395
4285: 4174,4175,4284,4397,4396,4286
4286: 4176,4287,4175,4285,4397,4398
4287: 4177,4176,4286,4288,4399,4398
4288: 4177,4178,4287,4400,4399,4289
4289: 4179,4290,4178,4288,4400,4401
4290: 4180,4179,4289,4291,4401,4402
4291: 4180,4290,4181,4402,4403,4292
4292: 4182,4293,4291,4181,4403,4404
4293: 4183,4182,4292,4294,4405,4404
4294: 4183,4293,4405,4184,4295,4406
4295: 4185,4184,4296,4294,4406,4407
4296: 4186,4185,4297,4295,4407,4408
4297: 4186,4296,4408,4187,4298,4409
4298: 4187,4188,4299,4297,4409,4410
4299: 4188,4189,4298,4411,4410,4300
4300: 4190,4301,4189,4299,4411,4412
4301: 4191,4190,4302,4300,4412,4413
4302: 4191,4192,4301,4413,4414,4303
4303: 4193,4304,4192,4302,4414,4415
4304: 4194,4193,4305,4303,4416,4415
4305: 4194,4304,4416,4195,4306,4417
4306: 4196,4195,4307,4305,4417,4418
4307: 4197,4196,4308,4306,4418,4419
4308: 4197,4307,4419,4198,4309,4420
4309: 4199,4310,4198,4308,4420,4421
4310: 4200,4199,4309,4421,4422,4311
4311: 4201,4312,4200,4310,4422,4423
4312: 4202,4201,4313,4311,4423,4424
4313: 4203,4202,4312,4424,4425,4314
4314: 4204,4315,4203,4313,4425,4426
4315: 4205,4204,4316,4314,4427,4426
4316: 4206,4205,4315,4427,4428,4317
4317: 4207,4318,4206,4316,4428,4429
4318: 4208,4207,4319,4317,4429,4430
4319: 4208,4318,4430,4209,4320,4431
4320: 4210,4209,4321,4319,4431,4432
4321: 4210,4211,4322,4320,4432,4433
4322: 4211,4321,4433,4323,4212,4434
4323: 4213,4212,4324,4322,4434,4435
4324: 4323,4213,4214,4435,4436,4325
4325: 4215,4326,4214,4324,4436,4437
4326: 4215,4216,4327,4325,4437,4438
4327: 4216,4217,4326,4438,4439,4328
4328: 4329,4218,4217,4327,4439,4440
4329: 4219,4328,4218,4330,4440,4441
4330: 4219,4329,4441,4331,4220,4442
4331: 4221,4332,4220,4330,4443,4442
4332: 4222,4221,4333,4331,4444,4443
4333: 4222,4332,4444,4334,4223,4445
4334: 4224,4335,4223,4333,4446,4445
4335: 4224,4225,4336,4334,4446,4447
4336: 4225,4335,4447,4337,4226,4448
4337: 4227,4226,4338,4336,4448,4449
4338: 4227,4337,4228,4449,4450,4339
4339: 4229,4340,4228,4338,4450,4451
4340: 4229,4230,4341,4339,4451,4452
4341: 4231,4230,4340,4452,4453,4342
4342: 4343,4232,4231,4341,4453,4454
4343: 4233,4232,4344,4342,4454,4455
4344: 4233,4343,4455,4345,4234,4456
4345: 4235,4234,4346,4344,4457,4456
4346: 4235,4347,4236,4345,4457,4458
4347: 4236,4346,4458,4237,17845,18333
4348: 4238,17340,17845,4349,4460,4459
4349: 4238,4348,4460,4239,4350,20462
4350: 4239,15299,4351,4349,4462,20462
4351: 14261,4240,12258,15299,4350,4463,4462
4352: 4242,15261,4464,4241,14583,12268
4353: 12960,12977,12147,16757,12040,12431
4354: 13702,17458,17008,15628,4467,18214
4355: 20610,14479,12879,12023,14352
4356: 4244,4245,12781,13620,4468,14727
4357: 4469,18004,18638,14727,15795,15200
4358: 4470,19006,18638,4471,4359,19023
4359: 4360,4472,19023,4248,4247,4358,19006
4360: 4473,4359,4472,4361,4248,4249
4361: 4360,4473,4249,4474,4362,4250
4362: 4474,4363,4475,4250,4251,4361
4363: 4476,4362,4475,4364,4251,4252
4364: 4363,4476,4252,4477,4365,4253
4365: 4477,4366,4478,4253,4364,4254
4366: 4478,4365,4479,4255,4254,4367
4367: 4368,4480,4255,4366,4479,4256
4368: 4369,4367,4480,4481,4256,4257
4369: 4368,4481,4482,4257,4258,4370
4370: 4483,4371,4258,4369,4482,4259
4371: 4483,4370,4372,4484,4260,4259
4372: 4371,4484,4260,4261,4485,4373
4373: 4485,4374,4486,4372,4261,4262
4374: 4486,4373,4487,4375,4262,4263
4375: 4374,4487,4263,4264,4376,4488
4376: 4489,4488,4377,4375,4264,4265
4377: 4490,4489,4376,4378,4265,4266
4378: 4490,4377,4266,4267,4491,4379
4379: 4491,4492,4380,4378,4268,4267
4380: 4493,4492,4379,4268,4269,4381
4381: 4494,4382,4269,4493,4380,4270
4382: 4494,4383,4381,4495,4270,4271
4383: 4382,4495,4496,4271,4272,4384
4384: 4497,4385,4272,4383,4496,4273
4385: 4497,4386,4498,4384,4274,4273
4386: 4385,4498,4274,4275,4499,4387
4387: 4500,4388,4499,4386,4275,4276
4388: 4500,4389,4387,4501,4276,4277
4389: 4388,4501,4277,4278,4502,4390
4390: 4503,4391,4502,4389,4278,4279
4391: 4503,4504,4390,4279,4280,4392
4392: 4505,4393,4280,4504,4391,4281
4393: 4506,4505,4392,4394,4281,4282
4394: 4506,4507,4393,4282,4283,4395
4395: 4508,4396,4283,4507,4394,4284
4396: 4509,4397,4508,4395,4284,4285
4397: 4509,4396,4285,4286,4510,4398
4398: 4510,4511,4399,4397,4286,4287
4399: 4512,4400,4511,4398,4287,4288
4400: 4512,4399,4288,4289,4401,4513
4401: 4513,4402,4514,4400,4289,4290
4402: 4515,4401,4514,4403,4290,4291
4403: 4515,4402,4291,4292,4516,4404
4404: 4517,4516,4405,4403,4292,4293
4405: 4518,4517,4404,4293,4294,4406
4406: 4519,4407,4294,4518,4405,4295
4407: 4520,4519,4406,4408,4296,4295
4408: 4521,4520,4407,4297,4296,4409
4409: 4522,4410,4297,4521,4408,4298
4410: 4522,4411,4523,4409,4299,4298
4411: 4523,4410,4299,4300,4524,4412
4412: 4525,4524,4413,4411,4301,4300
4413: 4525,4526,4412,4414,4302,4301
4414: 4526,4413,4302,4303,4527,4415
4415: 4416,4527,4528,4414,4304,4303
4416: 4529,4528,4415,4305,4304,4417
4417: 4530,4418,4305,4529,4416,4306
4418: 4530,4531,4417,4419,4307,4306
4419: 4532,4531,4418,4308,4307,4420
4420: 4533,4421,4308,4532,4419,4309
4421: 4420,4533,4534,4422,4310,4309
4422: 4534,4421,4310,4311,4423,4535
4423: 4536,4424,4535,4422,4312,4311
4424: 4423,4536,4537,4425,4313,4312
4425: 4537,4424,4313,4314,4538,4426
4426: 4539,4538,4427,4425,4315,4314
4427: 4539,4540,4428,4426,4316,4315
4428: 4540,4427,4316,4317,4541,4429
4429: 4541,4542,4430,4428,4318,4317
4430: 4542,4543,4429,4319,4318,4431
4431: 4432,4544,4319,4543,4430,4320
4432: 4431,4545,4433,4544,4321,4320
4433: 4545,4546,4432,4322,4321,4434
4434: 4547,4435,4322,4546,4433,4323
4435: 4547,4434,4548,4436,4323,4324
4436: 4548,4435,4324,4325,4437,4549
4437: 4438,4550,4549,4436,4326,4325
4438: 4437,4551,4439,4550,4327,4326
4439: 4551,4438,4327,4328,4552,4440
4440: 4553,4552,4441,4439,4328,4329
4441: 4553,4554,4440,4329,4330,4442
4442: 4555,4443,4330,4554,4441,4331
4443: 4555,4556,4444,4442,4332,4331
4444: 4556,4557,4443,4333,4332,4445
4445: 4446,4558,4333,4557,4444,4334
4446: 4559,4447,4558,4445,4335,4334
4447: 4560,4446,4559,4336,4335,4448
4448: 4449,4561,4336,4560,4447,4337
4449: 4562,4448,4450,4561,4337,4338
4450: 4562,4449,4338,4339,4451,4563
4451: 4564,4452,4563,4450,4340,4339
4452: 4564,4565,4451,4453,4340,4341
4453: 4565,4452,4341,4342,4566,4454
4454: 4566,4455,4567,4453,4343,4342
4455: 4454,4568,4567,4343,4344,4456
4456: 4457,4569,4344,4568,4455,4345
4457: 4458,4569,4456,20962,4345,4346
4458: 4457,18744,20962,4347,4346,18333
4459: 18333,4571,4460,4572,17845,4348
4460: 4572,4573,4459,4348,4349,20462,20904
4461: 4462,20093,4574,20462,20904
4462: 4461,4463,20093,20462,4351,4350
4463: 12739,4462,20093,12258,4351,14488
4464: 15261,4352,13408,12268,12431,12147
4465: 17505,17512,14587,12717,12474,12980
4466: 18426,13297,12549,16070,15427,16780
4467: 15628,14432,4354,18214,18870,17196
4468: 14352,15596,13620,4580,4244,4356
4469: 4470,4357,18925,18638,15795,4581
4470: 4583,4469,4358,18925,18638,4471
4471: 4470,4583,4358,4696,4584,19023
4472: 4360,4585,4473,4359,4584,19023
4473: 4360,4586,4585,4472,4361,4474
4474: 4362,4587,4475,4586,4473,4361
4475: 4474,4588,4363,4476,4362,4587
4476: 4588,4363,4475,4364,4589,4477
4477: 4478,4365,4590,4476,4364,4589
4478: 4477,4591,4366,4365,4479,4590
4479: 4591,4366,4478,4592,4367,4480
4480: 4592,4367,4368,4593,4481,4479
4481: 4369,4594,4368,4480,4593,4482
4482: 4369,4594,4481,4595,4483,4370
4483: 4595,4370,4371,4484,4596,4482
4484: 4597,4483,4371,4372,4596,4485
4485: 4486,4373,4598,4597,4372,4484
4486: 4485,4374,4373,4599,4598,4487
4487: 4374,4486,4599,4375,4600,4488
4488: 4601,4489,4376,4487,4375,4600
4489: 4601,4490,4376,4602,4488,4377
4490: 4489,4602,4377,4378,4603,4491
4491: 4492,4379,4604,4490,4378,4603
4492: 4491,4493,4379,4605,4380,4604
4493: 4492,4605,4380,4494,4606,4381
4494: 4607,4606,4382,4381,4495,4493
4495: 4494,4607,4382,4608,4383,4496
4496: 4608,4383,4495,4497,4384,4609
4497: 4610,4385,4498,4384,4609,4496
4498: 4497,4386,4610,4385,4611,4499
4499: 4500,4387,4612,4386,4611,4498
4500: 4613,4388,4499,4387,4612,4501
4501: 4500,4389,4613,4388,4614,4502
4502: 4503,4615,4390,4389,4614,4501
4503: 4615,4504,4391,4616,4502,4390
4504: 4503,4391,4616,4617,4505,4392
4505: 4506,4617,4618,4393,4392,4504
4506: 4618,4619,4507,4505,4393,4394
4507: 4506,4619,4394,4620,4508,4395
4508: 4509,4621,4620,4396,4395,4507
4509: 4397,4621,4622,4508,4396,4510
4510: 4511,4398,4623,4509,4397,4622
4511: 4512,4624,4510,4399,4398,4623
4512: 4624,4625,4400,4511,4399,4513
4513: 4401,4626,4514,4512,4625,4400
4514: 4515,4401,4513,4626,4402,4627
4515: 4402,4514,4627,4628,4403,4516
4516: 4517,4629,4404,4515,4628,4403
4517: 4518,4516,4405,4629,4630,4404
4518: 4517,4405,4630,4519,4631,4406
4519: 4520,4631,4632,4406,4407,4518
4520: 4521,4519,4632,4633,4407,4408
4521: 4520,4633,4408,4522,4634,4409
4522: 4523,4635,4634,4409,4410,4521
4523: 4522,4411,4635,4410,4636,4524
4524: 4525,4637,4412,4411,4523,4636
4525: 4524,4526,4638,4637,4412,4413
4526: 4639,4525,4638,4413,4414,4527
4527: 4528,4640,4415,4639,4526,4414
4528: 4529,4416,4527,4640,4641,4415
4529: 4416,4528,4641,4530,4417,4642
4530: 4643,4531,4417,4642,4418,4529
4531: 4532,4643,4530,4418,4419,4644
4532: 4531,4419,4644,4420,4533,4645
4533: 4420,4534,4646,4645,4421,4532
4534: 4647,4533,4646,4421,4422,4535
4535: 4423,4536,4648,4647,4534,4422
4536: 4649,4423,4537,4648,4424,4535
4537: 4649,4536,4650,4424,4425,4538
4538: 4539,4651,4426,4537,4650,4425
4539: 4652,4540,4538,4651,4427,4426
4540: 4652,4653,4539,4427,4428,4541
4541: 4542,4654,4429,4653,4540,4428
4542: 4541,4655,4543,4654,4429,4430
4543: 4655,4542,4430,4431,4656,4544
4544: 4657,4431,4545,4656,4432,4543
4545: 4657,4546,4432,4433,4658,4544
4546: 4545,4433,4658,4547,4434,4659
4547: 4434,4548,4660,4659,4435,4546
4548: 4547,4660,4435,4436,4661,4549
4549: 4437,4662,4550,4548,4436,4661
4550: 4437,4663,4551,4662,4438,4549
4551: 4663,4664,4438,4439,4550,4552
4552: 4553,4440,4665,4551,4664,4439
4553: 4552,4554,4440,4665,4441,4666
4554: 4553,4441,4666,4555,4667,4442
4555: 4556,4668,4443,4667,4442,4554
4556: 4555,4557,4669,4668,4444,4443
4557: 4556,4669,4444,4558,4445,4670
4558: 4446,4559,4671,4445,4670,4557
4559: 4560,4446,4672,4671,4447,4558
4560: 4559,4672,4447,4673,4448,4561
4561: 4562,4673,4448,4449,4674,4560
4562: 4675,4449,4450,4561,4674,4563
4563: 4676,4564,4451,4562,4675,4450
4564: 4676,4565,4451,4452,4677,4563
4565: 4564,4452,4453,4678,4677,4566
4566: 4679,4454,4567,4565,4453,4678
4567: 4566,4679,4454,4568,4455,4680
4568: 4455,4680,4567,4569,4456,4681
4569: 4457,4682,4456,4681,20962,4568
4570: 4683,18744,4682,20962,19029
4571: 18333,4684,4572,4459,19029,18744
4572: 4571,4460,4684,4573,4459,4685
4573: 4460,4572,4685,4574,4686,20904
4574: 4461,4575,20093,4686,20904,4573,4687
4575: 12739,20093,4574,15510,12949,4687
4576: 14488,12027,4689,14445,12739,15510
4577: 19598,12977,16757,12698,14522,12980
4578: 14679,13249,13927,16858,16335,20519
4579: 4692,12469,11979,13793,4691,12675
4580: 14352,15596,13173,4468,4692,14479
4581: 13026,4694,15795,18493,4469,18925
4582: 4695,14048,18493,4583,18925
4583: 4470,18925,4471,4695,4696,4582,19644
4584: 4585,4472,19023,4471,4696,4697,20104
4585: 4586,4473,4584,4472,4697,4698
4586: 4585,4473,4698,4474,4587,4699
4587: 4474,4588,4475,4586,4700,4699
4588: 4476,4587,4475,4589,4700,4701
4589: 4588,4476,4701,4477,4590,4702
4590: 4477,4591,4478,4589,4703,4702
4591: 4478,4479,4590,4703,4704,4592
4592: 4480,4593,4591,4479,4704,4705
4593: 4592,4594,4480,4481,4705,4706
4594: 4593,4481,4482,4706,4707,4595
4595: 4483,4596,4594,4482,4707,4708
4596: 4595,4597,4483,4484,4709,4708
4597: 4484,4596,4709,4485,4598,4710
4598: 4485,4486,4599,4597,4710,4711
4599: 4486,4598,4487,4600,4711,4712
4600: 4599,4487,4712,4601,4488,4713
4601: 4489,4602,4488,4600,4713,4714
4602: 4601,4490,4489,4603,4714,4715
4603: 4490,4602,4715,4491,4604,4716
4604: 4491,4492,4605,4603,4716,4717
4605: 4493,4492,4604,4717,4718,4606
4606: 4494,4607,4493,4605,4718,4719
4607: 4494,4606,4608,4495,4720,4719
4608: 4607,4495,4496,4720,4721,4609
4609: 4497,4610,4608,4496,4721,4722
4610: 4497,4611,4498,4609,4723,4722
4611: 4610,4498,4723,4499,4612,4724
4612: 4500,4613,4499,4611,4724,4725
4613: 4500,4614,4612,4501,4726,4725
4614: 4613,4501,4726,4615,4502,4727
4615: 4503,4616,4502,4614,4728,4727
4616: 4503,4615,4504,4728,4729,4617
4617: 4618,4505,4504,4616,4729,4730
4618: 4506,4617,4619,4505,4731,4730
4619: 4506,4618,4507,4731,4732,4620
4620: 4621,4508,4619,4507,4732,4733
4621: 4509,4622,4620,4508,4734,4733
4622: 4509,4621,4734,4510,4623,4735
4623: 4624,4510,4511,4622,4735,4736
4624: 4512,4625,4511,4623,4737,4736
4625: 4512,4624,4737,4513,4626,4738
4626: 4513,4514,4627,4625,4738,4739
4627: 4515,4626,4514,4628,4739,4740
4628: 4515,4627,4740,4516,4629,4741
4629: 4517,4516,4630,4628,4741,4742
4630: 4518,4517,4629,4742,4743,4631
4631: 4519,4632,4518,4630,4743,4744
4632: 4520,4519,4631,4633,4744,4745
4633: 4521,4520,4632,4745,4746,4634
4634: 4522,4635,4521,4633,4746,4747
4635: 4522,4523,4634,4636,4747,4748
4636: 4523,4635,4748,4524,4637,4749
4637: 4525,4524,4638,4636,4750,4749
4638: 4639,4525,4526,4637,4750,4751
4639: 4526,4638,4751,4527,4640,4752
4640: 4527,4528,4641,4639,4752,4753
4641: 4529,4528,4640,4753,4754,4642
4642: 4643,4530,4529,4641,4754,4755
4643: 4530,4531,4642,4644,4755,4756
4644: 4532,4643,4531,4756,4757,4645
4645: 4533,4646,4532,4644,4757,4758
4646: 4647,4533,4534,4645,4758,4759
4647: 4534,4646,4759,4648,4535,4760
4648: 4649,4536,4535,4647,4761,4760
4649: 4536,4537,4650,4648,4762,4761
4650: 4649,4537,4762,4538,4651,4763
4651: 4652,4539,4538,4650,4764,4763
4652: 4653,4539,4540,4651,4765,4764
4653: 4652,4540,4765,4541,4654,4766
4654: 4541,4655,4542,4653,4767,4766
4655: 4542,4543,4654,4767,4768,4656
4656: 4657,4544,4655,4543,4768,4769
4657: 4545,4656,4658,4544,4769,4770
4658: 4657,4545,4546,4771,4770,4659
4659: 4547,4660,4546,4658,4771,4772
4660: 4547,4548,4659,4661,4772,4773
4661: 4548,4660,4773,4662,4549,4774
4662: 4663,4550,4549,4661,4775,4774
4663: 4551,4664,4662,4550,4775,4776
4664: 4663,4551,4776,4552,4665,4777
4665: 4553,4552,4666,4664,4778,4777
4666: 4553,4554,4665,4779,4778,4667
4667: 4555,4668,4554,4666,4779,4780
4668: 4555,4556,4669,4667,4781,4780
4669: 4556,4557,4668,4781,4782,4670
4670: 4671,4558,4557,4669,4782,4783
4671: 4559,4672,4558,4670,4784,4783
4672: 4560,4559,4671,4784,4785,4673
4673: 4561,4674,4560,4672,4785,4786
4674: 4562,4673,4675,4561,4786,4787
4675: 4562,4674,4787,4676,4563,4788
4676: 4564,4677,4563,4675,4789,4788
4677: 4676,4564,4565,4678,4790,4789
4678: 4565,4677,4790,4566,4679,4791
4679: 4566,4680,4567,4678,4792,4791
4680: 4679,4568,4567,4793,4792,4681
4681: 4682,4569,4568,4680,4793,4794
4682: 4683,4569,4570,4681,4795,4794
4683: 4682,4570,4795,19867,4796,19029
4684: 4571,4572,4685,4796,19029,4797,20424
4685: 4684,4572,4573,4798,4797,4686
4686: 4574,4573,4685,4798,4799,4687
4687: 12949,13134,4799,4575,4574,4686
4688: 12790,19883,4801,15510,12949,4800,4689
4689: 4576,4802,14445,15510,12790,4688
4690: 12960,19598,4803,5028,12977,15601
4691: 12957,13030,12675,4804,4579,12469
4692: 4579,12469,11979,14479,4580,13173
4693: 13026,15596,13173,4694,13633,14460
4694: 13026,4693,4581,13633,4806,18493
4695: 4808,4807,14048,4582,19644,4583
4696: 19644,4583,4471,4584,19023,20104
4697: 4810,20457,4698,20104,4585,4584
4698: 4811,4810,20457,4697,4586,4585,4699
4699: 4812,4700,4586,4811,4698,4587
4700: 4813,4812,4699,4701,4588,4587
4701: 4813,4700,4814,4588,4589,4702
4702: 4815,4703,4589,4701,4814,4590
4703: 4816,4815,4702,4704,4591,4590
4704: 4816,4703,4591,4592,4705,4817
4705: 4706,4817,4818,4704,4592,4593
4706: 4705,4818,4819,4707,4594,4593
4707: 4706,4819,4594,4595,4708,4820
4708: 4709,4820,4821,4707,4595,4596
4709: 4708,4821,4822,4597,4596,4710
4710: 4823,4711,4597,4709,4822,4598
4711: 4824,4823,4710,4712,4599,4598
4712: 4824,4711,4825,4599,4600,4713
4713: 4826,4714,4600,4712,4825,4601
4714: 4827,4826,4713,4715,4601,4602
4715: 4827,4714,4828,4602,4603,4716
4716: 4829,4717,4603,4715,4828,4604
4717: 4716,4829,4830,4718,4605,4604
4718: 4830,4717,4605,4606,4831,4719
4719: 4720,4832,4831,4718,4607,4606
4720: 4832,4833,4719,4721,4607,4608
4721: 4720,4833,4608,4609,4834,4722
4722: 4723,4835,4834,4721,4610,4609
4723: 4835,4836,4722,4610,4611,4724
4724: 4837,4725,4611,4723,4836,4612
4725: 4726,4838,4724,4837,4613,4612
4726: 4838,4725,4839,4613,4614,4727
4727: 4728,4840,4614,4726,4839,4615
4728: 4841,4727,4840,4729,4615,4616
4729: 4728,4841,4616,4617,4842,4730
4730: 4842,4731,4843,4729,4617,4618
4731: 4844,4730,4843,4732,4618,4619
4732: 4844,4731,4619,4620,4845,4733
4733: 4845,4734,4846,4732,4621,4620
4734: 4847,4733,4846,4621,4622,4735
4735: 4736,4848,4622,4847,4734,4623
4736: 4737,4735,4849,4848,4624,4623
4737: 4736,4849,4850,4624,4625,4738
4738: 4739,4851,4625,4737,4850,4626
4739: 4738,4852,4740,4851,4626,4627
4740: 4739,4852,4853,4627,4628,4741
4741: 4742,4854,4628,4740,4853,4629
4742: 4741,4855,4743,4854,4629,4630
4743: 4742,4855,4630,4631,4744,4856
4744: 4745,4856,4857,4743,4631,4632
4745: 4744,4858,4857,4746,4632,4633
4746: 4745,4858,4633,4634,4747,4859
4747: 4748,4859,4860,4746,4635,4634
4748: 4861,4747,4860,4635,4636,4749
4749: 4750,4862,4636,4861,4748,4637
4750: 4751,4862,4863,4749,4638,4637
4751: 4864,4750,4863,4639,4638,4752
4752: 4753,4865,4639,4864,4751,4640
4753: 4752,4754,4865,4866,4640,4641
4754: 4753,4866,4641,4642,4755,4867
4755: 4756,4868,4867,4754,4643,4642
4756: 4755,4757,4868,4869,4643,4644
4757: 4756,4869,4644,4645,4758,4870
4758: 4870,4759,4871,4757,4646,4645
4759: 4758,4872,4871,4647,4646,4760
4760: 4873,4761,4647,4759,4872,4648
4761: 4873,4762,4874,4760,4649,4648
4762: 4875,4761,4874,4649,4650,4763
4763: 4876,4764,4650,4875,4762,4651
4764: 4876,4765,4877,4763,4652,4651
4765: 4878,4764,4877,4652,4653,4766
4766: 4767,4879,4653,4878,4765,4654
4767: 4768,4879,4880,4766,4655,4654
4768: 4767,4880,4655,4656,4769,4881
4769: 4882,4770,4881,4768,4657,4656
4770: 4769,4771,4882,4883,4657,4658
4771: 4883,4770,4658,4659,4772,4884
4772: 4773,4884,4885,4771,4660,4659
4773: 4772,4885,4886,4660,4661,4774
4774: 4775,4887,4661,4773,4886,4662
4775: 4776,4887,4888,4774,4663,4662
4776: 4775,4888,4889,4663,4664,4777
4777: 4778,4890,4664,4776,4889,4665
4778: 4779,4890,4891,4777,4665,4666
4779: 4778,4891,4666,4667,4780,4892
4780: 4893,4781,4892,4779,4668,4667
4781: 4893,4782,4894,4780,4669,4668
4782: 4781,4894,4669,4670,4783,4895
4783: 4896,4784,4895,4782,4671,4670
4784: 4896,4785,4897,4783,4672,4671
4785: 4784,4897,4672,4673,4786,4898
4786: 4898,4787,4899,4785,4673,4674
4787: 4786,4899,4900,4675,4674,4788
4788: 4901,4789,4675,4787,4900,4676
4789: 4790,4901,4902,4788,4676,4677
4790: 4789,4902,4903,4678,4677,4791
4791: 4904,4792,4678,4790,4903,4679
4792: 4904,4793,4905,4791,4679,4680
4793: 4905,4792,4680,4681,4906,4794
4794: 4907,4906,4795,4793,4682,4681
4795: 4907,4908,4794,19867,4683,4682
4796: 4684,19029,4683,19867,20424
4797: 4798,4910,20424,4684,4685
4798: 4910,4797,4911,20752,4685,4686,4799
4799: 13134,4912,4687,4798,4911,4686
4800: 12949,13134,14884,13552,19883,4688
4801: 12790,19883,12248,5027,4914,4688
4802: 4689,14445,14140,12790,12666
4803: 12960,4690,15601,19677,14140,12666,12327
4804: 12957,4691,4917,12469,4805,14460
4805: 13633,12157,14460,13215,4804,4917
4806: 13633,4918,13215,18493,4694,14048
4807: 4695,4808,15783,14048,4919,4920
4808: 4695,4807,4920,4921,4809,19644
4809: 4808,4921,19644,20457,20104,20830
4810: 4923,4811,4922,20457,4697,4698,20830
4811: 4923,4810,4698,4924,4812,4699
4812: 4813,4924,4925,4700,4699,4811
4813: 4925,4926,4812,4700,4701,4814
4814: 4813,4926,4701,4927,4815,4702
4815: 4816,4927,4928,4703,4702,4814
4816: 4928,4929,4815,4703,4704,4817
4817: 4705,4930,4818,4816,4929,4704
4818: 4705,4930,4706,4817,4931,4819
4819: 4706,4818,4931,4707,4932,4820
4820: 4933,4708,4821,4819,4707,4932
4821: 4709,4933,4708,4820,4934,4822
4822: 4709,4821,4934,4935,4823,4710
4823: 4935,4936,4824,4710,4711,4822
4824: 4936,4823,4937,4711,4712,4825
4825: 4824,4937,4712,4938,4826,4713
4826: 4938,4939,4827,4713,4714,4825
4827: 4939,4826,4940,4714,4715,4828
4828: 4827,4940,4715,4941,4716,4829
4829: 4941,4942,4716,4830,4717,4828
4830: 4942,4829,4943,4717,4718,4831
4831: 4944,4832,4719,4830,4943,4718
4832: 4944,4945,4720,4833,4831,4719
4833: 4945,4720,4832,4721,4946,4834
4834: 4947,4835,4722,4833,4721,4946
4835: 4947,4948,4723,4836,4834,4722
4836: 4948,4723,4835,4724,4837,4949
4837: 4950,4838,4724,4949,4725,4836
4838: 4950,4951,4726,4837,4725,4839
4839: 4951,4726,4838,4727,4840,4952
4840: 4953,4728,4841,4727,4952,4839
4841: 4953,4954,4728,4840,4729,4842
4842: 4730,4843,4955,4954,4841,4729
4843: 4956,4844,4842,4731,4730,4955
4844: 4956,4731,4843,4732,4957,4845
4845: 4733,4846,4958,4844,4732,4957
4846: 4959,4847,4845,4734,4733,4958
4847: 4959,4734,4846,4960,4735,4848
4848: 4960,4735,4736,4849,4961,4847
4849: 4962,4737,4736,4961,4848,4850
4850: 4962,4737,4849,4963,4738,4851
4851: 4964,4963,4738,4739,4852,4850
4852: 4965,4964,4739,4740,4851,4853
4853: 4965,4852,4740,4966,4741,4854
4854: 4967,4966,4741,4742,4855,4853
4855: 4968,4967,4742,4743,4854,4856
4856: 4969,4744,4857,4968,4855,4743
4857: 4970,4969,4744,4745,4858,4856
4858: 4971,4970,4745,4857,4746,4859
4859: 4972,4747,4860,4971,4858,4746
4860: 4861,4973,4972,4747,4748,4859
4861: 4973,4748,4860,4974,4862,4749
4862: 4975,4974,4750,4863,4749,4861
4863: 4976,4975,4864,4750,4751,4862
4864: 4976,4751,4863,4977,4752,4865
4865: 4978,4977,4752,4753,4866,4864
4866: 4979,4978,4753,4754,4865,4867
4867: 4755,4980,4868,4979,4754,4866
4868: 4755,4980,4981,4756,4869,4867
4869: 4982,4981,4756,4757,4868,4870
4870: 4758,4983,4871,4982,4757,4869
4871: 4758,4870,4983,4984,4759,4872
4872: 4984,4759,4871,4873,4985,4760
4873: 4986,4761,4874,4985,4760,4872
4874: 4875,4873,4986,4987,4762,4761
4875: 4987,4762,4874,4876,4763,4988
4876: 4989,4764,4877,4763,4988,4875
4877: 4878,4876,4989,4990,4765,4764
4878: 4990,4765,4877,4991,4879,4766
4879: 4767,4991,4992,4880,4766,4878
4880: 4767,4992,4993,4768,4879,4881
4881: 4769,4994,4882,4993,4768,4880
4882: 4769,4994,4995,4883,4770,4881
4883: 4995,4996,4771,4882,4770,4884
4884: 4772,4997,4885,4996,4771,4883
4885: 4772,4997,4998,4773,4884,4886
4886: 4998,4773,4885,4887,4774,4999
4887: 4775,5000,4888,4774,4999,4886
4888: 4775,5000,5001,4776,4887,4889
4889: 5001,4776,4888,4890,5002,4777
4890: 5003,4778,4891,5002,4777,4889
4891: 4779,5003,5004,4778,4890,4892
4892: 4893,5005,4780,4779,5004,4891
4893: 5006,4781,4894,5005,4780,4892
4894: 4893,5006,5007,4781,4782,4895
4895: 4896,5008,4783,5007,4782,4894
4896: 5009,4784,4897,5008,4783,4895
4897: 4896,5009,4784,5010,4785,4898
4898: 4786,4899,5011,5010,4785,4897
4899: 4786,5012,4898,4787,4900,5011
4900: 5012,4787,4899,4901,4788,5013
4901: 4789,4902,5014,4788,5013,4900
4902: 4790,5015,4901,4789,4903,5014
4903: 4790,5015,4902,4904,5016,4791
4904: 5017,4905,5016,4792,4791,4903
4905: 5017,5018,4904,4793,4792,4906
4906: 4907,5019,4794,5018,4793,4905
4907: 5020,4906,4908,5019,4795,4794
4908: 5020,5021,4907,4795,19867,4909
4909: 4910,5022,20424,21415,5021,4908,19867
4910: 4798,4909,4797,20424,20752,21415
4911: 4798,5023,20752,4799,4912,5024
4912: 13134,4799,14599,13552,5024,4911
4913: 12248,17220,14884,5025,5026,12285
4914: 12790,4801,12666,5027,12174,4915
4915: 12062,12966,12327,12666,4914,12174
4916: 18082,19591,19745,19770,20572,21388,21496
4917: 12957,5030,4804,14127,12157,4805
4918: 15074,4806,15511,13215,15783,14048
4919: 15783,4807,4920,15511,5032,5033
4920: 4808,4807,4919,4921,5033,5034
4921: 4808,4920,4809,5034,20830,5035
4922: 4923,4810,20830,5036,21490
4923: 4811,4922,4810,5036,5037,4924
4924: 4925,4812,4923,4811,5037,5038
4925: 4813,4924,4926,4812,5038,5039
4926: 4813,4925,4814,5039,5040,4927
4927: 4928,4815,4926,4814,5040,5041
4928: 4816,4927,4929,4815,5041,5042
4929: 4816,4928,5042,4930,4817,5043
4930: 4817,4818,4931,4929,5044,5043
4931: 4930,4818,4819,4932,5044,5045
4932: 4931,4819,5045,4933,4820,5046
4933: 4820,4821,4934,4932,5046,5047
4934: 4933,4821,4822,5047,5048,4935
4935: 4936,4823,4934,4822,5048,5049
4936: 4935,4824,4823,4937,5049,5050
4937: 4936,4824,4825,5050,5051,4938
4938: 4939,4826,4937,4825,5051,5052
4939: 4938,4827,4826,4940,5052,5053
4940: 4939,4827,4828,5053,5054,4941
4941: 4942,4829,4940,4828,5054,5055
4942: 4941,4829,4830,4943,5055,5056
4943: 4942,4830,5056,4944,4831,5057
4944: 4945,4832,4831,4943,5058,5057
4945: 4944,4832,4833,4946,5058,5059
4946: 4945,4833,5059,4947,4834,5060
4947: 4948,4835,4834,4946,5061,5060
4948: 4947,4835,4836,5061,5062,4949
4949: 4950,4837,4948,4836,5062,5063
4950: 4951,4838,4837,4949,5064,5063
4951: 4950,4838,4839,5064,5065,4952
4952: 4953,4840,4951,4839,5065,5066
4953: 4954,4841,4840,4952,5067,5066
4954: 4953,4841,5067,4842,4955,5068
4955: 4956,4842,4843,4954,5068,5069
4956: 4844,4843,4955,4957,5069,5070
4957: 4956,4844,5070,4845,4958,5071
4958: 4959,4845,4846,4957,5071,5072
4959: 4847,4846,4958,5072,5073,4960
4960: 4961,4848,4959,4847,5073,5074
4961: 4962,4960,4849,4848,5074,5075
4962: 4849,4961,4850,5075,5076,4963
4963: 4964,4851,4962,4850,5076,5077
4964: 4965,4963,4852,4851,5077,5078
4965: 4964,4852,4853,5078,5079,4966
4966: 4967,4854,4965,4853,5079,5080
4967: 4968,4966,4855,4854,5080,5081
4968: 4967,4855,5081,4969,4856,5082
4969: 4970,4856,4857,4968,5082,5083
4970: 4971,4969,4858,4857,5083,5084
4971: 4970,4858,5084,4972,4859,5085
4972: 4973,4859,4860,4971,5085,5086
4973: 4861,4972,4860,5086,5087,4974
4974: 4975,4862,4861,4973,5087,5088
4975: 4976,4974,4862,4863,5088,5089
4976: 4975,4864,4863,5089,5090,4977
4977: 4978,4865,4976,4864,5090,5091
4978: 4979,4977,4865,4866,5091,5092
4979: 4978,4866,5092,4980,4867,5093
4980: 4981,4868,4867,4979,5094,5093
4981: 4982,4980,4868,4869,5094,5095
4982: 4981,4869,5095,4870,4983,5096
4983: 4870,4984,4871,4982,5097,5096
4984: 4983,4872,4871,5097,5098,4985
4985: 4873,4986,4984,4872,5098,5099
4986: 4873,4987,4874,4985,5100,5099
4987: 4875,4986,4874,5100,5101,4988
4988: 4876,4989,4875,4987,5101,5102
4989: 4876,4990,4877,4988,5103,5102
4990: 4878,4989,4877,5103,5104,4991
4991: 4992,4879,4878,4990,5104,5105
4992: 4991,4993,4879,4880,5105,5106
4993: 4992,4880,5106,4994,4881,5107
4994: 4995,4882,4881,4993,5108,5107
4995: 4994,4996,4882,4883,5108,5109
4996: 4995,4883,5109,4997,4884,5110
4997: 4998,4884,4885,4996,5111,5110
4998: 4997,4885,4886,5111,5112,4999
4999: 5000,4887,4998,4886,5112,5113
5000: 5001,4887,4888,4999,5114,5113
5001: 5000,4888,4889,5114,5115,5002
5002: 5003,4890,5001,4889,5115,5116
5003: 5004,4890,4891,5002,5117,5116
5004: 5003,4891,5117,5005,4892,5118
5005: 4893,5006,4892,5004,5119,5118
5006: 4893,5007,4894,5005,5120,5119
5007: 5006,4894,5120,5008,4895,5121
5008: 4896,5009,4895,5007,5122,5121
5009: 4896,5010,4897,5008,5123,5122
5010: 5009,4897,5123,4898,5011,5124
5011: 5012,4898,4899,5010,5125,5124
5012: 4899,4900,5011,5125,5126,5013
5013: 4901,5014,5012,4900,5126,5127
5014: 5015,4901,4902,5013,5128,5127
5015: 4902,4903,5014,5128,5129,5016
5016: 5017,4904,5015,4903,5129,5130
5017: 5018,4904,4905,5016,5130,5131
5018: 5017,4905,5131,4906,5019,5132
5019: 5020,4907,4906,5018,5133,5132
5020: 5021,4907,4908,5019,5133,5134
5021: 5020,4908,5134,4909,5022,5135
5022: 4909,5023,21415,5021,5136,5135
5023: 4911,5022,20752,21415,5137,5136,5024
5024: 14599,4912,4911,5023,5137,5138
5025: 14884,14599,13552,5026,14332,4913
5026: 12754,14332,5139,5025,4913,12285
5027: 12248,4801,4914,17220,12491,12174
5028: 4690,19598,15601,11821,20040,14401
5029: 14484,13494,13825,11829,13076,16758
5030: 12957,11825,4917,14452,12967,14127
5031: 14271,12185,12997,5145,15074,15511,5032
5032: 5146,5033,15511,5031,5145,4919
5033: 5147,5032,5146,5034,4919,4920
5034: 5147,5033,5148,4920,4921,5035
5035: 5149,21490,4921,5034,5148
5036: 5150,5149,5037,21490,4923,4922
5037: 5150,5036,4923,4924,5038,5151
5038: 5151,5152,5039,5037,4924,4925
5039: 5153,5038,5152,5040,4925,4926
5040: 5153,5039,4926,4927,5041,5154
5041: 5154,5155,5042,5040,4927,4928
5042: 5041,5156,5155,4928,4929,5043
5043: 5044,5157,4929,5156,5042,4930
5044: 5043,5157,5158,5045,4930,4931
5045: 5044,5158,5159,4931,4932,5046
5046: 5047,5160,4932,5045,5159,4933
5047: 5046,5160,5161,5048,4933,4934
5048: 5047,5161,4934,4935,5162,5049
5049: 5162,5050,5163,5048,4935,4936
5050: 5049,5163,5164,5051,4936,4937
5051: 5050,5164,4937,4938,5165,5052
5052: 5165,5053,5166,5051,4938,4939
5053: 5052,5166,5167,5054,4939,4940
5054: 5053,5167,4940,4941,5168,5055
5055: 5168,5169,5056,5054,4941,4942
5056: 5055,5170,5169,4942,4943,5057
5057: 5171,5058,4943,5170,5056,4944
5058: 5171,5172,5057,5059,4944,4945
5059: 5058,5172,5173,4945,4946,5060
5060: 5174,5061,4946,5059,5173,4947
5061: 5174,5175,5060,5062,4947,4948
5062: 5061,5175,4948,4949,5176,5063
5063: 5177,5176,5064,5062,4950,4949
5064: 5177,5178,5063,5065,4950,4951
5065: 5064,5178,4951,4952,5179,5066
5066: 5180,5179,5067,5065,4953,4952
5067: 5180,5181,5066,4953,4954,5068
5068: 5182,5069,4954,5067,5181,4955
5069: 5183,5182,5068,5070,4956,4955
5070: 5183,5069,5184,4956,4957,5071
5071: 5185,5072,4957,5070,5184,4958
5072: 5186,5185,5071,5073,4959,4958
5073: 5186,5072,4959,4960,5074,5187
5074: 5188,5075,5187,5073,4960,4961
5075: 5189,5188,5074,5076,4962,4961
5076: 5189,5075,4962,4963,5077,5190
5077: 5191,5078,5190,5076,4964,4963
5078: 5192,5191,5077,5079,4965,4964
5079: 5192,5078,4965,4966,5080,5193
5080: 5194,5081,5193,5079,4967,4966
5081: 5195,5194,5080,4968,4967,5082
5082: 5083,5196,4968,5195,5081,4969
5083: 5082,5084,5196,5197,4970,4969
5084: 5198,5083,5197,4971,4970,5085
5085: 5086,5199,4971,5198,5084,4972
5086: 5085,5087,5199,5200,4973,4972
5087: 5086,5200,4973,4974,5201,5088
5088: 5201,5089,5202,5087,4975,4974
5089: 5088,5090,5202,5203,4976,4975
5090: 5089,5203,4976,4977,5204,5091
5091: 5204,5092,5205,5090,4978,4977
5092: 5091,5206,5205,4979,4978,5093
5093: 5207,5094,4979,5092,5206,4980
5094: 5207,5095,5208,5093,4980,4981
5095: 5094,5209,5208,4982,4981,5096
5096: 5210,5097,4982,5095,5209,4983
5097: 5210,5098,5211,5096,4983,4984
5098: 5097,5211,4984,4985,5099,5212
5099: 5213,5100,5212,5098,4986,4985
5100: 5213,5101,5214,5099,4986,4987
5101: 5100,5214,4987,4988,5102,5215
5102: 5216,5103,5215,5101,4989,4988
5103: 5216,5104,5217,5102,4989,4990
5104: 5103,5217,4990,4991,5105,5218
5105: 5219,5106,5218,5104,4991,4992
5106: 5105,5219,5220,4992,4993,5107
5107: 5108,5221,4993,5106,5220,4994
5108: 5222,5109,5221,5107,4994,4995
5109: 5108,5222,5223,4995,4996,5110
5110: 5111,5224,4996,5109,5223,4997
5111: 5225,5112,5224,5110,4997,4998
5112: 5111,5225,4998,4999,5113,5226
5113: 5114,5227,5226,5112,5000,4999
5114: 5228,5115,5227,5113,5000,5001
5115: 5114,5228,5001,5002,5229,5116
5116: 5117,5229,5230,5115,5003,5002
5117: 5231,5116,5230,5003,5004,5118
5118: 5119,5232,5004,5117,5231,5005
5119: 5120,5232,5233,5118,5006,5005
5120: 5119,5234,5233,5006,5007,5121
5121: 5122,5235,5007,5120,5234,5008
5122: 5123,5235,5236,5121,5009,5008
5123: 5122,5237,5236,5009,5010,5124
5124: 5238,5125,5010,5123,5237,5011
5125: 5238,5239,5126,5124,5012,5011
5126: 5239,5125,5012,5013,5127,5240
5127: 5128,5241,5240,5126,5014,5013
5128: 5241,5242,5129,5127,5015,5014
5129: 5128,5242,5015,5016,5243,5130
5130: 5243,5131,5244,5129,5017,5016
5131: 5130,5244,5245,5017,5018,5132
5132: 5133,5246,5018,5131,5245,5019
5133: 5134,5247,5246,5132,5020,5019
5134: 5133,5247,5248,5020,5021,5135
5135: 5136,5249,5021,5134,5248,5022
5136: 5137,5250,5249,5135,5022,5023
5137: 5250,5136,5023,5024,5251,5138
5138: 5251,14332,5252,5137,14599,5024
5139: 12906,5026,12754,14332,5252
5140: 14089,12285,5254,5253,15374,17220,12491
5141: 15785,21239,13309,13637,17723,17174
5142: 18369,21427,12026,15876,14936
5143: 16854,14069,12426,17273,14187,16758
5144: 14452,17602,12967,5257,12681,12522
5145: 12185,15697,5031,5032,5259,5146
5146: 5147,5032,5259,5260,5033,5145
5147: 5261,5146,5260,5033,5034,5148
5148: 5147,5261,5034,5035,5149,5262,21490
5149: 5150,5036,5035,5263,5262,21490,5148
5150: 5036,5263,5264,5149,5037,5151
5151: 5265,5038,5152,5150,5264,5037
5152: 5265,5153,5038,5266,5151,5039
5153: 5266,5152,5039,5040,5267,5154
5154: 5268,5041,5155,5153,5040,5267
5155: 5268,5041,5156,5269,5154,5042
5156: 5269,5155,5042,5043,5157,5270
5157: 5044,5043,5271,5158,5270,5156
5158: 5272,5044,5271,5157,5045,5159
5159: 5272,5158,5045,5046,5160,5273
5160: 5046,5047,5274,5161,5273,5159
5161: 5275,5047,5274,5160,5048,5162
5162: 5049,5163,5276,5275,5161,5048
5163: 5162,5277,5049,5050,5164,5276
5164: 5277,5050,5163,5051,5278,5165
5165: 5052,5166,5279,5164,5051,5278
5166: 5165,5280,5052,5053,5167,5279
5167: 5280,5053,5166,5281,5054,5168
5168: 5055,5169,5282,5167,5281,5054
5169: 5168,5283,5055,5170,5056,5282
5170: 5283,5169,5056,5171,5284,5057
5171: 5058,5284,5172,5057,5285,5170
5172: 5171,5286,5058,5285,5059,5173
5173: 5286,5172,5059,5174,5287,5060
5174: 5287,5061,5175,5060,5288,5173
5175: 5174,5289,5061,5288,5062,5176
5176: 5177,5290,5063,5289,5175,5062
5177: 5176,5064,5290,5178,5063,5291
5178: 5177,5064,5291,5065,5292,5179
5179: 5180,5293,5066,5178,5065,5292
5180: 5179,5067,5293,5181,5066,5294
5181: 5180,5067,5294,5182,5295,5068
5182: 5183,5295,5296,5068,5069,5181
5183: 5182,5296,5069,5297,5070,5184
5184: 5183,5297,5070,5185,5298,5071
5185: 5186,5298,5299,5071,5072,5184
5186: 5185,5299,5072,5300,5073,5187
5187: 5188,5301,5074,5186,5300,5073
5188: 5189,5301,5302,5074,5075,5187
5189: 5188,5302,5075,5076,5303,5190
5190: 5191,5304,5077,5189,5076,5303
5191: 5192,5304,5305,5077,5078,5190
5192: 5191,5305,5078,5079,5306,5193
5193: 5194,5307,5080,5192,5079,5306
5194: 5195,5307,5308,5080,5081,5193
5195: 5194,5308,5081,5082,5196,5309
5196: 5310,5082,5083,5197,5309,5195
5197: 5198,5310,5311,5083,5084,5196
5198: 5311,5084,5197,5085,5199,5312
5199: 5313,5085,5086,5200,5312,5198
5200: 5313,5314,5086,5087,5199,5201
5201: 5315,5088,5202,5314,5087,5200
5202: 5316,5315,5201,5088,5089,5203
5203: 5316,5089,5090,5317,5202,5204
5204: 5318,5091,5205,5090,5317,5203
5205: 5319,5318,5204,5091,5092,5206
5206: 5319,5092,5205,5207,5093,5320
5207: 5321,5094,5208,5093,5320,5206
5208: 5322,5321,5207,5094,5095,5209
5209: 5322,5095,5208,5210,5323,5096
5210: 5324,5097,5323,5211,5096,5209
5211: 5325,5324,5210,5097,5098,5212
5212: 5213,5326,5099,5325,5098,5211
5213: 5327,5100,5326,5214,5099,5212
5214: 5328,5327,5213,5100,5101,5215
5215: 5216,5329,5102,5328,5101,5214
5216: 5330,5103,5329,5217,5102,5215
5217: 5331,5330,5216,5103,5104,5218
5218: 5105,5219,5332,5331,5104,5217
5219: 5105,5333,5106,5218,5332,5220
5220: 5333,5219,5106,5221,5107,5334
5221: 5108,5222,5335,5107,5334,5220
5222: 5108,5336,5109,5221,5335,5223
5223: 5336,5222,5109,5224,5337,5110
5224: 5111,5225,5338,5337,5110,5223
5225: 5111,5339,5112,5224,5338,5226
5226: 5227,5340,5113,5339,5225,5112
5227: 5114,5228,5341,5340,5113,5226
5228: 5114,5342,5115,5227,5341,5229
5229: 5116,5230,5343,5342,5228,5115
5230: 5117,5229,5231,5116,5344,5343
5231: 5117,5230,5344,5232,5345,5118
5232: 5119,5233,5346,5345,5118,5231
5233: 5120,5119,5234,5232,5347,5346
5234: 5120,5233,5347,5235,5121,5348
5235: 5122,5236,5349,5121,5348,5234
5236: 5123,5122,5237,5235,5350,5349
5237: 5123,5236,5350,5351,5238,5124
5238: 5352,5351,5239,5125,5124,5237
5239: 5353,5352,5238,5125,5126,5240
5240: 5354,5241,5127,5353,5239,5126
5241: 5128,5354,5242,5355,5127,5240
5242: 5128,5356,5241,5355,5129,5243
5243: 5130,5244,5357,5356,5242,5129
5244: 5243,5130,5131,5245,5357,5358
5245: 5131,5244,5358,5246,5132,5359
5246: 5133,5247,5360,5132,5359,5245
5247: 5361,5133,5134,5248,5360,5246
5248: 5361,5134,5247,5362,5249,5135
5249: 5362,5363,5250,5136,5135,5248
5250: 5137,5363,5364,5136,5249,5251
5251: 5138,5365,5252,5137,5250,5364
5252: 12906,5251,5138,14332,5365,5139,16713
5253: 14089,12285,12493,5480,5140,12754
5254: 5140,15374,12491,19000,16855,12140
5255: 15648,11998,18923,17174,12014,15262
5256: 15751,16220,17602,14330,12967,18393
5257: 17602,14330,5144,12602,12522,15010
5258: 5372,13553,5485,5371,15697,13640
5259: 5146,5260,15697,5145,5372,5373
5260: 5147,5261,5259,5146,5374,5373
5261: 5147,5260,5148,5374,5375,5262
5262: 5263,5149,5261,5148,5375,5376
5263: 5150,5264,5149,5262,5377,5376
5264: 5150,5263,5377,5265,5151,5378
5265: 5266,5151,5152,5264,5378,5379
5266: 5265,5153,5152,5267,5379,5380
5267: 5153,5266,5380,5268,5154,5381
5268: 5269,5154,5155,5267,5381,5382
5269: 5268,5156,5155,5382,5383,5270
5270: 5271,5157,5156,5269,5383,5384
5271: 5272,5157,5158,5270,5384,5385
5272: 5271,5158,5159,5385,5386,5273
5273: 5274,5160,5272,5159,5386,5387
5274: 5275,5160,5161,5273,5387,5388
5275: 5274,5161,5388,5162,5276,5389
5276: 5162,5277,5163,5275,5390,5389
5277: 5163,5164,5276,5278,5390,5391
5278: 5277,5164,5391,5165,5279,5392
5279: 5165,5280,5166,5278,5393,5392
5280: 5166,5167,5279,5281,5393,5394
5281: 5280,5167,5394,5168,5282,5395
5282: 5168,5283,5169,5281,5396,5395
5283: 5170,5169,5282,5396,5397,5284
5284: 5171,5285,5283,5170,5397,5398
5285: 5171,5286,5284,5172,5399,5398
5286: 5172,5285,5173,5399,5400,5287
5287: 5174,5288,5286,5173,5400,5401
5288: 5174,5289,5287,5175,5402,5401
5289: 5175,5288,5402,5176,5290,5403
5290: 5177,5176,5291,5289,5403,5404
5291: 5177,5290,5178,5292,5404,5405
5292: 5178,5291,5405,5179,5293,5406
5293: 5180,5179,5294,5292,5406,5407
5294: 5180,5293,5181,5407,5408,5295
5295: 5182,5296,5181,5294,5408,5409
5296: 5183,5182,5295,5297,5409,5410
5297: 5183,5296,5184,5410,5411,5298
5298: 5185,5299,5297,5184,5411,5412
5299: 5186,5185,5298,5300,5412,5413
5300: 5186,5299,5413,5301,5187,5414
5301: 5188,5302,5187,5300,5414,5415
5302: 5189,5188,5301,5303,5415,5416
5303: 5189,5302,5416,5304,5190,5417
5304: 5191,5305,5190,5303,5417,5418
5305: 5192,5191,5304,5306,5418,5419
5306: 5192,5305,5419,5307,5193,5420
5307: 5194,5308,5193,5306,5420,5421
5308: 5195,5194,5307,5421,5422,5309
5309: 5310,5196,5195,5308,5422,5423
5310: 5311,5196,5197,5309,5423,5424
5311: 5198,5310,5197,5424,5425,5312
5312: 5313,5199,5198,5311,5425,5426
5313: 5314,5199,5200,5312,5426,5427
5314: 5313,5200,5427,5315,5201,5428
5315: 5316,5201,5202,5314,5429,5428
5316: 5315,5317,5202,5203,5429,5430
5317: 5316,5203,5430,5318,5204,5431
5318: 5319,5204,5205,5317,5432,5431
5319: 5318,5206,5205,5432,5433,5320
5320: 5321,5207,5319,5206,5433,5434
5321: 5322,5207,5208,5320,5435,5434
5322: 5321,5209,5208,5435,5436,5323
5323: 5324,5210,5322,5209,5436,5437
5324: 5325,5210,5323,5211,5438,5437
5325: 5324,5211,5438,5326,5212,5439
5326: 5327,5213,5212,5325,5440,5439
5327: 5328,5213,5326,5214,5441,5440
5328: 5327,5214,5441,5329,5215,5442
5329: 5330,5216,5215,5328,5443,5442
5330: 5331,5216,5329,5217,5444,5443
5331: 5330,5217,5444,5218,5332,5445
5332: 5333,5219,5218,5331,5446,5445
5333: 5219,5332,5220,5447,5446,5334
5334: 5221,5335,5333,5220,5447,5448
5335: 5336,5222,5221,5334,5449,5448
5336: 5222,5335,5223,5450,5449,5337
5337: 5224,5338,5336,5223,5450,5451
5338: 5339,5225,5224,5337,5451,5452
5339: 5225,5338,5452,5340,5226,5453
5340: 5227,5341,5226,5339,5454,5453
5341: 5342,5228,5227,5340,5454,5455
5342: 5228,5341,5455,5229,5343,5456
5343: 5229,5230,5344,5342,5457,5456
5344: 5231,5230,5343,5457,5458,5345
5345: 5232,5346,5231,5344,5458,5459
5346: 5232,5233,5347,5345,5460,5459
5347: 5234,5233,5346,5460,5461,5348
5348: 5235,5349,5234,5347,5461,5462
5349: 5235,5236,5350,5348,5463,5462
5350: 5237,5236,5349,5463,5464,5351
5351: 5352,5238,5237,5350,5464,5465
5352: 5353,5351,5238,5239,5466,5465
5353: 5352,5239,5466,5354,5240,5467
5354: 5241,5355,5240,5353,5468,5467
5355: 5356,5354,5241,5242,5468,5469
5356: 5242,5355,5469,5243,5357,5470
5357: 5243,5244,5358,5356,5471,5470
5358: 5244,5245,5357,5471,5472,5359
5359: 5360,5246,5245,5358,5472,5473
5360: 5361,5247,5246,5359,5474,5473
5361: 5247,5248,5360,5474,5475,5362
5362: 5363,5249,5361,5248,5475,5476
5363: 5362,5250,5364,5249,5476,5477
5364: 5363,5250,5477,5251,5365,5478
5365: 5251,5252,16713,5364,17228,5478
5366: 5479,13108,12906,16713,12493,16228
5367: 13589,13920,12140,18568,15374,13391
5368: 5482,13852,13920,12014,15262
5369: 12381,18678,16795,13615,20653,15075
5370: 16917,16467,12714,15364,15751,12536
5371: 13553,5258,12165,15010,13640
5372: 5485,5258,15697,5259,5486,5373
5373: 5486,5374,5487,5372,5259,5260
5374: 5488,5373,5487,5375,5261,5260
5375: 5488,5374,5261,5262,5489,5376
5376: 5377,5489,5490,5375,5263,5262
5377: 5491,5376,5490,5263,5264,5378
5378: 5492,5379,5264,5377,5491,5265
5379: 5492,5378,5493,5380,5265,5266
5380: 5493,5379,5494,5266,5267,5381
5381: 5495,5382,5267,5380,5494,5268
5382: 5495,5381,5496,5383,5268,5269
5383: 5382,5496,5269,5270,5497,5384
5384: 5497,5498,5385,5383,5271,5270
5385: 5498,5384,5499,5386,5272,5271
5386: 5385,5499,5272,5273,5500,5387
5387: 5500,5501,5388,5386,5274,5273
5388: 5501,5387,5502,5275,5274,5389
5389: 5503,5390,5275,5388,5502,5276
5390: 5503,5504,5389,5391,5277,5276
5391: 5504,5390,5505,5277,5278,5392
5392: 5506,5393,5278,5391,5505,5279
5393: 5506,5507,5392,5394,5280,5279
5394: 5507,5393,5508,5280,5281,5395
5395: 5509,5396,5281,5394,5508,5282
5396: 5509,5510,5395,5397,5283,5282
5397: 5510,5396,5283,5284,5511,5398
5398: 5512,5399,5511,5397,5284,5285
5399: 5512,5513,5398,5400,5286,5285
5400: 5513,5399,5286,5287,5514,5401
5401: 5515,5402,5514,5400,5287,5288
5402: 5515,5516,5401,5289,5288,5403
5403: 5517,5404,5289,5516,5402,5290
5404: 5518,5403,5517,5405,5290,5291
5405: 5518,5404,5519,5291,5292,5406
5406: 5520,5407,5292,5405,5519,5293
5407: 5521,5406,5520,5408,5293,5294
5408: 5521,5407,5294,5295,5409,5522
5409: 5522,5523,5410,5408,5295,5296
5410: 5524,5409,5523,5411,5296,5297
5411: 5524,5410,5297,5298,5412,5525
5412: 5525,5526,5413,5411,5298,5299
5413: 5527,5412,5526,5299,5300,5414
5414: 5415,5528,5300,5527,5413,5301
5415: 5414,5528,5529,5416,5301,5302
5416: 5415,5529,5530,5302,5303,5417
5417: 5418,5531,5303,5416,5530,5304
5418: 5417,5531,5532,5419,5304,5305
5419: 5418,5532,5533,5305,5306,5420
5420: 5421,5534,5306,5419,5533,5307
5421: 5420,5534,5535,5422,5307,5308
5422: 5421,5535,5308,5309,5423,5536
5423: 5424,5536,5537,5422,5310,5309
5424: 5423,5537,5538,5425,5310,5311
5425: 5424,5538,5311,5312,5426,5539
5426: 5427,5539,5540,5425,5313,5312
5427: 5426,5540,5541,5313,5314,5428
5428: 5429,5542,5314,5427,5541,5315
5429: 5430,5542,5543,5428,5316,5315
5430: 5429,5543,5544,5316,5317,5431
5431: 5432,5545,5317,5430,5544,5318
5432: 5433,5545,5546,5431,5319,5318
5433: 5432,5546,5319,5320,5434,5547
5434: 5435,5548,5547,5433,5321,5320
5435: 5436,5548,5549,5434,5322,5321
5436: 5435,5549,5322,5323,5437,5550
5437: 5438,5551,5550,5436,5324,5323
5438: 5437,5551,5552,5325,5324,5439
5439: 5553,5440,5325,5438,5552,5326
5440: 5441,5553,5554,5439,5327,5326
5441: 5554,5555,5440,5328,5327,5442
5442: 5556,5443,5328,5441,5555,5329
5443: 5444,5556,5557,5442,5330,5329
5444: 5557,5558,5443,5331,5330,5445
5445: 5559,5446,5331,5444,5558,5332
5446: 5447,5559,5560,5445,5333,5332
5447: 5560,5446,5333,5334,5448,5561
5448: 5562,5449,5561,5447,5335,5334
5449: 5450,5562,5563,5448,5336,5335
5450: 5563,5449,5336,5337,5451,5564
5451: 5564,5565,5452,5450,5338,5337
5452: 5451,5565,5566,5339,5338,5453
5453: 5454,5567,5339,5566,5452,5340
5454: 5567,5568,5455,5453,5341,5340
5455: 5454,5568,5569,5342,5341,5456
5456: 5457,5570,5342,5569,5455,5343
5457: 5570,5571,5458,5456,5344,5343
5458: 5457,5571,5344,5345,5459,5572
5459: 5460,5573,5572,5458,5346,5345
5460: 5573,5574,5461,5459,5347,5346
5461: 5460,5574,5347,5348,5462,5575
5462: 5463,5576,5575,5461,5349,5348
5463: 5576,5577,5464,5462,5350,5349
5464: 5463,5577,5350,5351,5465,5578
5465: 5466,5579,5578,5464,5352,5351
5466: 5579,5580,5465,5353,5352,5467
5467: 5581,5468,5353,5466,5580,5354
5468: 5581,5582,5469,5467,5354,5355
5469: 5582,5583,5468,5356,5355,5470
5470: 5584,5471,5356,5583,5469,5357
5471: 5584,5585,5472,5470,5357,5358
5472: 5585,5471,5358,5359,5473,5586
5473: 5587,5474,5586,5472,5360,5359
5474: 5587,5588,5475,5473,5361,5360
5475: 5588,5474,5361,5362,5476,5589
5476: 5477,5589,5590,5475,5362,5363
5477: 5591,5476,5590,5363,5364,5478
5478: 17558,17228,5364,5591,5477,5365
5479: 5706,5592,13108,17228,5366,16713
5480: 14089,5253,12493,18568,5593,16228,12172
5481: 5595,12929,12330,13391,5482,13589
5482: 5368,13589,13920,12014,18140,5481,12929
5483: 19764,19991,20663,19824,21371,18154
5484: 12855,16527,12074,12975,15364,12536
5485: 16374,5372,13553,5258,5712,5486
5486: 5373,5487,5600,16374,5372,5485
5487: 5486,5488,5601,5374,5373,5600
5488: 5601,5374,5487,5375,5602,5489
5489: 5376,5603,5490,5488,5375,5602
5490: 5377,5491,5489,5376,5604,5603
5491: 5377,5604,5490,5492,5378,5605
5492: 5378,5493,5605,5606,5379,5491
5493: 5607,5492,5606,5379,5380,5494
5494: 5607,5493,5380,5495,5381,5608
5495: 5381,5382,5608,5609,5496,5494
5496: 5610,5495,5382,5609,5383,5497
5497: 5498,5384,5611,5610,5496,5383
5498: 5497,5384,5385,5611,5612,5499
5499: 5498,5385,5612,5386,5613,5500
5500: 5501,5387,5614,5499,5386,5613
5501: 5500,5387,5388,5614,5615,5502
5502: 5501,5388,5615,5503,5616,5389
5503: 5504,5390,5616,5617,5389,5502
5504: 5503,5390,5617,5618,5391,5505
5505: 5504,5618,5391,5506,5619,5392
5506: 5507,5393,5619,5620,5392,5505
5507: 5506,5393,5620,5621,5394,5508
5508: 5507,5621,5394,5509,5622,5395
5509: 5510,5396,5622,5623,5395,5508
5510: 5509,5396,5623,5624,5397,5511
5511: 5512,5625,5398,5510,5624,5397
5512: 5513,5399,5625,5626,5511,5398
5513: 5512,5399,5626,5400,5627,5514
5514: 5515,5628,5401,5513,5400,5627
5515: 5516,5402,5628,5629,5514,5401
5516: 5515,5402,5629,5403,5630,5517
5517: 5518,5403,5630,5631,5404,5516
5518: 5631,5632,5517,5404,5405,5519
5519: 5518,5632,5405,5406,5633,5520
5520: 5521,5406,5633,5634,5407,5519
5521: 5634,5635,5520,5407,5408,5522
5522: 5409,5636,5523,5521,5635,5408
5523: 5524,5409,5636,5637,5522,5410
5524: 5637,5523,5410,5411,5638,5525
5525: 5412,5639,5526,5524,5411,5638
5526: 5527,5412,5639,5640,5525,5413
5527: 5640,5526,5413,5414,5528,5641
5528: 5414,5415,5642,5529,5641,5527
5529: 5415,5642,5643,5528,5416,5530
5530: 5643,5529,5416,5417,5531,5644
5531: 5417,5418,5645,5532,5644,5530
5532: 5418,5645,5646,5531,5419,5533
5533: 5646,5532,5419,5420,5534,5647
5534: 5420,5421,5648,5535,5647,5533
5535: 5421,5648,5649,5534,5422,5536
5536: 5423,5537,5650,5649,5535,5422
5537: 5423,5424,5651,5536,5538,5650
5538: 5424,5651,5537,5425,5652,5539
5539: 5426,5540,5653,5538,5425,5652
5540: 5426,5427,5539,5541,5653,5654
5541: 5427,5540,5654,5542,5428,5655
5542: 5656,5429,5543,5428,5655,5541
5543: 5656,5429,5430,5542,5544,5657
5544: 5430,5543,5657,5545,5658,5431
5545: 5659,5432,5546,5658,5431,5544
5546: 5659,5432,5433,5545,5660,5547
5547: 5548,5661,5434,5433,5546,5660
5548: 5662,5435,5549,5661,5434,5547
5549: 5662,5435,5436,5548,5663,5550
5550: 5437,5551,5664,5436,5549,5663
5551: 5665,5438,5437,5552,5664,5550
5552: 5665,5438,5551,5553,5666,5439
5553: 5554,5667,5440,5666,5439,5552
5554: 5668,5441,5553,5555,5667,5440
5555: 5668,5441,5554,5556,5442,5669
5556: 5557,5670,5443,5442,5669,5555
5557: 5671,5444,5556,5558,5670,5443
5558: 5671,5444,5557,5559,5672,5445
5559: 5560,5672,5673,5446,5445,5558
5560: 5674,5447,5559,5673,5446,5561
5561: 5562,5675,5448,5674,5447,5560
5562: 5563,5675,5676,5449,5448,5561
5563: 5677,5450,5562,5676,5449,5564
5564: 5451,5565,5678,5677,5450,5563
5565: 5451,5564,5566,5678,5679,5452
5566: 5565,5679,5452,5567,5453,5680
5567: 5454,5568,5681,5453,5680,5566
5568: 5454,5567,5569,5681,5682,5455
5569: 5568,5682,5455,5570,5683,5456
5570: 5457,5571,5683,5684,5456,5569
5571: 5457,5570,5684,5685,5458,5572
5572: 5573,5686,5459,5571,5685,5458
5573: 5460,5574,5686,5687,5459,5572
5574: 5460,5573,5687,5688,5461,5575
5575: 5576,5689,5462,5574,5688,5461
5576: 5463,5577,5689,5690,5462,5575
5577: 5463,5576,5690,5691,5464,5578
5578: 5579,5692,5465,5577,5691,5464
5579: 5466,5580,5692,5693,5465,5578
5580: 5466,5579,5693,5581,5467,5694
5581: 5582,5695,5468,5467,5694,5580
5582: 5581,5583,5695,5696,5468,5469
5583: 5582,5696,5469,5584,5697,5470
5584: 5585,5697,5698,5471,5470,5583
5585: 5584,5698,5699,5471,5472,5586
5586: 5587,5700,5473,5585,5699,5472
5587: 5588,5700,5701,5474,5473,5586
5588: 5587,5701,5702,5474,5475,5589
5589: 5476,5703,5590,5588,5702,5475
5590: 5591,5476,5703,5477,5589,5704
5591: 5477,5704,5590,5705,17558,5478
5592: 5706,5479,5819,17558,17228
5593: 5594,14333,16228,12172,13108,5480
5594: 12217,12543,13131,14333,5708,5593,12172
5595: 5481,13955,13170,13862,12929,12330,11988
5596: 12477,13483,11840,11913,11836,18141,11831
5597: 12975,14179,15705,5937,11837,16527
5598: 12787,5712,12603,5825,13039
5599: 13039,5826,16374,5712,5713
5600: 5486,5601,5487,16374,5713,5714
5601: 5488,5487,5600,5602,5715,5714
5602: 5488,5601,5715,5489,5603,5716
5603: 5489,5604,5490,5602,5716,5717
5604: 5491,5603,5490,5718,5717,5605
5605: 5492,5606,5491,5604,5718,5719
5606: 5607,5492,5493,5605,5719,5720
5607: 5493,5606,5494,5720,5721,5608
5608: 5495,5609,5607,5494,5721,5722
5609: 5610,5495,5608,5496,5722,5723
5610: 5609,5496,5723,5497,5611,5724
5611: 5497,5498,5612,5610,5724,5725
5612: 5498,5611,5499,5613,5726,5725
5613: 5612,5499,5726,5500,5614,5727
5614: 5500,5501,5615,5613,5728,5727
5615: 5501,5614,5502,5729,5728,5616
5616: 5503,5617,5615,5502,5729,5730
5617: 5503,5504,5616,5618,5731,5730
5618: 5504,5617,5505,5731,5732,5619
5619: 5506,5620,5618,5505,5732,5733
5620: 5506,5507,5619,5621,5734,5733
5621: 5507,5620,5508,5734,5735,5622
5622: 5509,5623,5621,5508,5735,5736
5623: 5509,5510,5622,5624,5737,5736
5624: 5510,5623,5737,5625,5511,5738
5625: 5512,5626,5511,5624,5738,5739
5626: 5512,5513,5625,5627,5739,5740
5627: 5513,5626,5740,5628,5514,5741
5628: 5515,5629,5514,5627,5741,5742
5629: 5515,5516,5628,5742,5743,5630
5630: 5631,5517,5516,5629,5743,5744
5631: 5518,5630,5632,5517,5744,5745
5632: 5518,5631,5519,5745,5746,5633
5633: 5634,5520,5632,5519,5746,5747
5634: 5521,5633,5635,5520,5747,5748
5635: 5521,5634,5748,5636,5522,5749
5636: 5637,5522,5523,5635,5749,5750
5637: 5524,5636,5523,5638,5750,5751
5638: 5524,5637,5751,5639,5525,5752
5639: 5640,5525,5526,5638,5752,5753
5640: 5527,5639,5526,5753,5754,5641
5641: 5642,5528,5527,5640,5754,5755
5642: 5643,5528,5529,5641,5755,5756
5643: 5642,5529,5530,5756,5757,5644
5644: 5645,5531,5643,5530,5757,5758
5645: 5646,5531,5532,5644,5758,5759
5646: 5645,5532,5533,5759,5760,5647
5647: 5648,5534,5646,5533,5760,5761
5648: 5649,5534,5535,5647,5761,5762
5649: 5648,5535,5762,5536,5650,5763
5650: 5651,5536,5537,5649,5763,5764
5651: 5537,5538,5650,5652,5764,5765
5652: 5651,5538,5765,5539,5653,5766
5653: 5539,5540,5654,5652,5766,5767
5654: 5540,5541,5653,5767,5768,5655
5655: 5656,5542,5541,5654,5768,5769
5656: 5542,5543,5657,5655,5769,5770
5657: 5656,5543,5544,5770,5771,5658
5658: 5659,5545,5544,5657,5771,5772
5659: 5545,5546,5658,5660,5772,5773
5660: 5659,5546,5773,5661,5547,5774
5661: 5662,5548,5547,5660,5775,5774
5662: 5548,5549,5661,5663,5775,5776
5663: 5662,5549,5776,5664,5550,5777
5664: 5665,5551,5550,5663,5778,5777
5665: 5551,5552,5664,5778,5779,5666
5666: 5553,5667,5665,5552,5779,5780
5667: 5668,5553,5554,5666,5781,5780
5668: 5554,5555,5667,5781,5782,5669
5669: 5556,5670,5668,5555,5782,5783
5670: 5671,5556,5557,5669,5784,5783
5671: 5557,5558,5670,5784,5785,5672
5672: 5559,5673,5671,5558,5785,5786
5673: 5674,5559,5560,5672,5787,5786
5674: 5560,5673,5787,5675,5561,5788
5675: 5562,5676,5561,5674,5789,5788
5676: 5677,5562,5563,5675,5790,5789
5677: 5563,5676,5790,5564,5678,5791
5678: 5564,5565,5679,5677,5791,5792
5679: 5565,5566,5678,5793,5792,5680
5680: 5567,5681,5566,5679,5793,5794
5681: 5567,5568,5682,5680,5794,5795
5682: 5568,5569,5681,5796,5795,5683
5683: 5570,5684,5569,5682,5796,5797
5684: 5570,5571,5683,5685,5798,5797
5685: 5571,5684,5798,5686,5572,5799
5686: 5573,5687,5572,5685,5800,5799
5687: 5573,5574,5686,5688,5801,5800
5688: 5574,5687,5801,5689,5575,5802
5689: 5576,5690,5575,5688,5802,5803
5690: 5576,5577,5689,5691,5804,5803
5691: 5577,5690,5804,5692,5578,5805
5692: 5579,5693,5578,5691,5805,5806
5693: 5579,5580,5692,5806,5807,5694
5694: 5581,5695,5580,5693,5807,5808
5695: 5581,5582,5696,5694,5808,5809
5696: 5582,5583,5695,5809,5810,5697
5697: 5584,5698,5583,5696,5810,5811
5698: 5584,5585,5697,5699,5811,5812
5699: 5585,5698,5812,5700,5586,5813
5700: 5587,5701,5586,5699,5814,5813
5701: 5587,5588,5700,5702,5815,5814
5702: 5588,5701,5815,5703,5589,5816
5703: 5589,5704,5590,5702,5817,5816
5704: 5591,5703,5590,5818,5817,5705
5705: 5819,17558,5591,5704,5818,15512
5706: 5592,5479,5820,5819,13108,5707
5707: 13131,14333,15747,5706,5820,13108
5708: 12217,12543,5594,12659,12330,11988,12910
5709: 12477,11840,13955,13170,12488,14446
5710: 16156,18127,16532,18963,21152,18603,20034
5711: 12855,13963,11837,13572,14464
5712: 16374,13553,5485,12787,5598,13039,5599
5713: 5827,5714,16374,5826,5599,5600
5714: 5827,5715,5828,5713,5601,5600
5715: 5828,5714,5829,5601,5602,5716
5716: 5717,5830,5602,5715,5829,5603
5717: 5718,5716,5830,5831,5604,5603
5718: 5717,5831,5604,5605,5719,5832
5719: 5720,5832,5833,5718,5605,5606
5720: 5834,5719,5833,5721,5607,5606
5721: 5834,5720,5607,5608,5722,5835
5722: 5723,5835,5836,5721,5608,5609
5723: 5837,5722,5836,5610,5609,5724
5724: 5725,5838,5610,5837,5723,5611
5725: 5726,5724,5838,5839,5611,5612
5726: 5725,5839,5840,5612,5613,5727
5727: 5728,5841,5613,5726,5840,5614
5728: 5729,5841,5842,5727,5614,5615
5729: 5728,5842,5615,5616,5843,5730
5730: 5731,5843,5844,5729,5616,5617
5731: 5845,5844,5730,5732,5617,5618
5732: 5845,5731,5618,5619,5846,5733
5733: 5734,5846,5847,5732,5619,5620
5734: 5848,5847,5733,5735,5620,5621
5735: 5848,5734,5621,5622,5849,5736
5736: 5737,5849,5850,5735,5622,5623
5737: 5851,5850,5736,5623,5624,5738
5738: 5739,5852,5624,5851,5737,5625
5739: 5853,5738,5740,5852,5625,5626
5740: 5853,5739,5854,5626,5627,5741
5741: 5855,5742,5627,5740,5854,5628
5742: 5855,5856,5741,5743,5628,5629
5743: 5856,5742,5629,5630,5744,5857
5744: 5858,5745,5857,5743,5630,5631
5745: 5858,5859,5744,5746,5631,5632
5746: 5859,5745,5632,5633,5747,5860
5747: 5861,5748,5860,5746,5633,5634
5748: 5861,5862,5747,5634,5635,5749
5749: 5750,5863,5635,5862,5748,5636
5750: 5864,5749,5751,5863,5636,5637
5751: 5864,5750,5865,5637,5638,5752
5752: 5753,5866,5638,5751,5865,5639
5753: 5867,5752,5866,5754,5639,5640
5754: 5867,5753,5640,5641,5755,5868
5755: 5756,5868,5869,5754,5642,5641
5756: 5870,5755,5869,5757,5642,5643
5757: 5870,5756,5643,5644,5758,5871
5758: 5759,5871,5872,5757,5645,5644
5759: 5873,5758,5872,5760,5645,5646
5760: 5873,5759,5646,5647,5761,5874
5761: 5762,5874,5875,5760,5648,5647
5762: 5876,5761,5875,5648,5649,5763
5763: 5764,5877,5649,5876,5762,5650
5764: 5763,5765,5877,5878,5651,5650
5765: 5764,5878,5879,5651,5652,5766
5766: 5767,5880,5652,5765,5879,5653
5767: 5766,5768,5880,5881,5653,5654
5768: 5767,5881,5654,5655,5769,5882
5769: 5770,5883,5882,5768,5656,5655
5770: 5769,5771,5883,5884,5656,5657
5771: 5770,5884,5657,5658,5772,5885
5772: 5773,5886,5885,5771,5659,5658
5773: 5772,5886,5887,5659,5660,5774
5774: 5775,5888,5660,5773,5887,5661
5775: 5776,5888,5889,5774,5662,5661
5776: 5775,5889,5890,5662,5663,5777
5777: 5778,5891,5663,5776,5890,5664
5778: 5779,5891,5892,5777,5665,5664
5779: 5778,5892,5665,5666,5780,5893
5780: 5781,5894,5893,5779,5667,5666
5781: 5782,5894,5895,5780,5668,5667
5782: 5781,5895,5668,5669,5783,5896
5783: 5784,5897,5896,5782,5670,5669
5784: 5785,5897,5783,5898,5671,5670
5785: 5784,5898,5671,5672,5899,5786
5786: 5787,5899,5900,5785,5672,5673
5787: 5900,5786,5901,5674,5673,5788
5788: 5789,5902,5674,5787,5901,5675
5789: 5790,5903,5902,5788,5675,5676
5790: 5903,5904,5789,5677,5676,5791
5791: 5905,5792,5677,5790,5904,5678
5792: 5793,5905,5906,5791,5678,5679
5793: 5906,5792,5679,5680,5794,5907
5794: 5908,5795,5907,5793,5681,5680
5795: 5796,5908,5909,5794,5681,5682
5796: 5909,5795,5682,5683,5910,5797
5797: 5911,5798,5910,5796,5683,5684
5798: 5911,5912,5797,5684,5685,5799
5799: 5913,5800,5685,5912,5798,5686
5800: 5913,5914,5801,5799,5686,5687
5801: 5914,5915,5800,5687,5688,5802
5802: 5916,5803,5688,5915,5801,5689
5803: 5917,5804,5916,5802,5689,5690
5804: 5917,5803,5690,5691,5805,5918
5805: 5806,5919,5918,5691,5804,5692
5806: 5920,5805,5807,5919,5692,5693
5807: 5920,5806,5693,5694,5808,5921
5808: 5809,5922,5921,5807,5695,5694
5809: 5923,5808,5810,5922,5695,5696
5810: 5923,5809,5696,5697,5924,5811
5811: 5924,5925,5812,5810,5697,5698
5812: 5925,5926,5811,5698,5699,5813
5813: 5814,5927,5699,5926,5812,5700
5814: 5928,5815,5927,5813,5700,5701
5815: 5928,5929,5814,5701,5702,5816
5816: 5817,5930,5702,5929,5815,5703
5817: 5931,5818,5930,5816,5703,5704
5818: 5931,5817,5704,5705,15512,14971
5819: 5706,5592,5705,5820,17558,15512,5933
5820: 5706,5819,5934,5933,5707,15747
5821: 13252,12860,12543,13131,15747
5822: 5935,12860,12659,12682,12472,12910
5823: 18449,12381,16462,16723,11770,12662,18399
5824: 14450,11900,15119,12503,13963,11837
5825: 13039,13936,12603,12503,12200,5598
5826: 13039,5599,21347,5827,5940,5713
5827: 5940,5828,5713,5941,5714,5826
5828: 5827,5715,5941,5714,5942,5829
5829: 5715,5828,5942,5943,5716,5830
5830: 5944,5943,5716,5717,5831,5829
5831: 5944,5718,5717,5945,5830,5832
5832: 5946,5719,5833,5718,5945,5831
5833: 5947,5834,5946,5719,5720,5832
5834: 5947,5720,5833,5948,5721,5835
5835: 5949,5722,5836,5834,5948,5721
5836: 5950,5837,5949,5722,5723,5835
5837: 5950,5723,5836,5724,5838,5951
5838: 5724,5952,5725,5839,5951,5837
5839: 5726,5952,5725,5953,5838,5840
5840: 5726,5953,5839,5954,5841,5727
5841: 5954,5955,5728,5842,5727,5840
5842: 5729,5955,5728,5956,5841,5843
5843: 5957,5844,5730,5729,5956,5842
5844: 5845,5957,5958,5731,5843,5730
5845: 5958,5731,5844,5732,5959,5846
5846: 5960,5847,5733,5845,5732,5959
5847: 5848,5960,5961,5734,5846,5733
5848: 5961,5734,5847,5962,5735,5849
5849: 5963,5850,5736,5848,5962,5735
5850: 5851,5963,5737,5964,5849,5736
5851: 5737,5964,5850,5738,5852,5965
5852: 5853,5738,5739,5965,5966,5851
5853: 5739,5967,5740,5852,5966,5854
5854: 5853,5967,5740,5855,5741,5968
5855: 5856,5741,5742,5968,5969,5854
5856: 5855,5742,5970,5743,5969,5857
5857: 5858,5744,5971,5856,5970,5743
5858: 5859,5744,5745,5857,5971,5972
5859: 5858,5745,5972,5746,5973,5860
5860: 5861,5747,5974,5859,5746,5973
5861: 5862,5747,5748,5860,5974,5975
5862: 5861,5748,5975,5749,5863,5976
5863: 5864,5749,5750,5976,5977,5862
5864: 5750,5751,5863,5977,5978,5865
5865: 5864,5751,5978,5752,5866,5979
5866: 5867,5752,5753,5979,5980,5865
5867: 5753,5981,5866,5980,5754,5868
5868: 5755,5869,5982,5867,5981,5754
5869: 5870,5755,5756,5868,5982,5983
5870: 5756,5869,5983,5757,5984,5871
5871: 5758,5872,5985,5870,5757,5984
5872: 5873,5758,5759,5871,5985,5986
5873: 5759,5872,5986,5760,5987,5874
5874: 5761,5875,5988,5873,5760,5987
5875: 5876,5761,5762,5874,5988,5989
5876: 5762,5875,5989,5763,5877,5990
5877: 5763,5764,5878,5990,5991,5876
5878: 5764,5765,5877,5991,5992,5879
5879: 5765,5878,5992,5766,5880,5993
5880: 5766,5767,5881,5993,5994,5879
5881: 5767,5768,5880,5994,5995,5882
5882: 5769,5883,5996,5768,5881,5995
5883: 5769,5770,5884,5996,5997,5882
5884: 5770,5771,5883,5997,5998,5885
5885: 5772,5886,5999,5771,5884,5998
5886: 5772,5773,5887,5999,6000,5885
5887: 5773,5886,6000,5888,6001,5774
5888: 5775,5889,6002,6001,5774,5887
5889: 5775,5776,5888,5890,6002,6003
5890: 5776,5889,6003,5891,6004,5777
5891: 5778,6004,5892,5777,6005,5890
5892: 5778,5779,5891,6005,6006,5893
5893: 5894,6007,5780,5779,5892,6006
5894: 5781,6007,5895,5780,6008,5893
5895: 5781,5782,5894,6008,6009,5896
5896: 5897,5783,6010,5782,5895,6009
5897: 5784,5783,5898,6010,6011,5896
5898: 5784,5785,5897,6011,6012,5899
5899: 5900,5786,6013,5785,5898,6012
5900: 5787,5899,5786,5901,6013,6014
5901: 5787,5900,6014,5902,6015,5788
5902: 5903,6016,5789,6015,5788,5901
5903: 5790,6016,5904,5789,6017,5902
5904: 5790,5903,6017,5905,6018,5791
5905: 5906,6018,5791,5792,6019,5904
5906: 5793,5905,5792,6020,6019,5907
5907: 5908,5794,6021,5793,5906,6020
5908: 5909,6022,5794,5795,6021,5907
5909: 5796,5908,6022,5795,6023,5910
5910: 5911,6024,5797,5796,5909,6023
5911: 5912,6025,6024,5798,5910,5797
5912: 5911,6025,5798,5913,6026,5799
5913: 5914,6027,5800,6026,5799,5912
5914: 5913,5915,6028,6027,5801,5800
5915: 5914,6028,5801,6029,5916,5802
5916: 5917,6029,6030,5802,5803,5915
5917: 6031,6030,5804,5916,5803,5918
5918: 5805,5919,6032,5917,6031,5804
5919: 5920,5805,5806,6033,6032,5918
5920: 5806,6033,5807,5919,6034,5921
5921: 5808,5922,6035,5920,5807,6034
5922: 5923,5808,5809,6036,6035,5921
5923: 5809,6036,5810,5922,6037,5924
5924: 6038,5925,5811,5923,5810,6037
5925: 6038,5924,6039,5926,5811,5812
5926: 6039,5925,5812,5927,6040,5813
5927: 5928,6041,5814,6040,5813,5926
5928: 5929,6041,5815,6042,5814,5927
5929: 5928,5815,6042,6043,5930,5816
5930: 5931,6043,6044,5817,5816,5929
5931: 14194,5818,6044,5817,5930,14971,6045
5932: 15512,14971,6046,5933,6045,13890
5933: 15512,5934,5932,6046,5820,5819
5934: 6047,6046,5933,5820,15747,13252
5935: 6048,12998,6049,5822,12860,12682
5936: 6050,15318,12472,12910,13862,12488
5937: 5597,14179,14220,12639,11837,14450
5938: 15484,15119,12200,12822,11981,13398,13015
5939: 6052,13039,6053,13936,21347
5940: 5827,5941,6054,17603,5826,21347
5941: 6055,5827,5940,5828,5942,6054
5942: 6055,5828,5941,5829,6056,5943
5943: 5944,6057,5830,5942,5829,6056
5944: 6057,6058,5943,5945,5830,5831
5945: 5944,6058,5831,6059,5946,5832
5946: 5947,6059,6060,5832,5833,5945
5947: 6060,5834,5946,5833,6061,5948
5948: 5947,5834,6061,6062,5949,5835
5949: 5950,6062,6063,5835,5836,5948
5950: 6063,5837,5949,5836,6064,5951
5951: 6065,5952,5838,5950,5837,6064
5952: 6065,6066,5953,5838,5839,5951
5953: 6066,5952,5839,6067,5840,5954
5954: 6068,5955,5841,5953,6067,5840
5955: 6068,6069,5954,5956,5841,5842
5956: 6069,5955,5842,6070,5957,5843
5957: 6070,6071,5958,5843,5844,5956
5958: 6071,5845,5957,5844,6072,5959
5959: 5845,5958,6072,6073,5960,5846
5960: 6073,6074,5961,5846,5847,5959
5961: 6074,5848,5960,5847,6075,5962
5962: 5848,5961,6075,6076,5963,5849
5963: 6076,6077,5964,5849,5850,5962
5964: 6077,5851,5963,5850,6078,5965
5965: 6079,5852,5966,5851,5964,6078
5966: 6079,5853,5967,5852,6080,5965
5967: 5853,6080,5966,5854,6081,5968
5968: 5855,6082,5969,5967,5854,6081
5969: 5855,5856,5970,6082,6083,5968
5970: 5856,6083,5969,5857,6084,5971
5971: 5858,5857,6084,6085,5972,5970
5972: 5858,5859,6085,6086,5971,5973
5973: 5859,6086,5972,5860,6087,5974
5974: 5861,5860,6087,6088,5975,5973
5975: 5861,5862,6088,6089,5974,5976
5976: 5863,6090,5977,5862,6089,5975
5977: 5864,5863,6090,6091,5976,5978
5978: 5864,6091,5977,5865,6092,5979
5979: 5866,6093,5980,5978,5865,6092
5980: 5867,5981,5866,6093,6094,5979
5981: 5867,6094,5980,5868,5982,6095
5982: 5868,5869,6096,5983,6095,5981
5983: 5870,5869,6096,6097,5982,5984
5984: 5870,6097,5983,5871,5985,6098
5985: 5871,5872,6099,5986,6098,5984
5986: 5873,5872,6099,6100,5985,5987
5987: 5873,6100,5986,5874,5988,6101
5988: 5874,5875,6102,5989,6101,5987
5989: 5876,5875,6102,6103,5988,5990
5990: 5877,5991,6104,5876,6103,5989
5991: 5877,5878,6105,5990,5992,6104
5992: 5878,6105,5991,6106,5879,5993
5993: 5880,5994,6107,5992,6106,5879
5994: 5880,5881,5993,5995,6107,6108
5995: 5881,5994,6108,5996,6109,5882
5996: 5883,5997,6110,6109,5882,5995
5997: 6111,5883,5884,5996,5998,6110
5998: 6111,5884,5997,6112,5999,5885
5999: 6112,5886,6000,5885,6113,5998
6000: 6114,5886,5887,5999,6113,6001
6001: 5888,6002,6115,6114,5887,6000
6002: 5888,5889,6003,6115,6116,6001
6003: 6117,5889,5890,6002,6116,6004
6004: 5891,6005,6118,6117,5890,6003
6005: 5891,6004,5892,6006,6118,6119
6006: 5892,6005,6119,6007,6120,5893
6007: 5894,6008,6121,6120,5893,6006
6008: 5894,6007,5895,6009,6121,6122
6009: 5895,6008,6122,6010,6123,5896
6010: 5897,6011,6124,6123,5896,6009
6011: 5897,5898,6010,6012,6124,6125
6012: 5898,6011,6125,5899,6013,6126
6013: 5899,5900,6014,6126,6127,6012
6014: 5900,5901,6013,6127,6128,6015
6015: 6129,6016,5902,5901,6014,6128
6016: 6129,5903,6017,5902,6130,6015
6017: 5903,6016,5904,6130,6131,6018
6018: 5905,6132,6019,5904,6017,6131
6019: 5905,5906,6018,6020,6132,6133
6020: 5906,6133,6019,6021,6134,5907
6021: 5908,6022,6135,6134,5907,6020
6022: 5908,5909,6023,6135,6136,6021
6023: 5909,6022,6136,6137,6024,5910
6024: 6137,5911,6025,5910,6138,6023
6025: 5911,5912,6024,6138,6139,6026
6026: 5913,6027,6140,5912,6025,6139
6027: 5913,5914,6028,6140,6141,6026
6028: 5914,5915,6027,6141,6142,6029
6029: 6143,6030,5916,5915,6028,6142
6030: 6143,5917,6029,6031,5916,6144
6031: 5917,6030,6144,6032,6145,5918
6032: 6146,6033,5919,6145,5918,6031
6033: 6146,5920,5919,6147,6032,6034
6034: 5920,6033,6147,6035,6148,5921
6035: 6149,6036,5922,6148,5921,6034
6036: 6149,5923,5922,6150,6035,6037
6037: 5923,6036,6150,6038,5924,6151
6038: 6152,5924,6039,6151,5925,6037
6039: 6152,6153,6038,5925,5926,6040
6040: 6041,6154,5927,6153,6039,5926
6041: 5928,6042,6154,6155,5927,6040
6042: 5928,5929,6041,6156,6155,6043
6043: 6157,6044,5930,5929,6042,6156
6044: 6157,14194,5931,6043,5930,14412
6045: 6159,5932,14971,13890,14194,5931,6158
6046: 5934,6047,5932,5933,13890,13766
6047: 5934,6046,13766,6048,13084,13252
6048: 12998,13084,13252,5935,12860,6047
6049: 12998,5935,6162,12911,12682,13061
6050: 12300,16258,5936,15919,15318,12472
6051: 15484,14915,12791,12822,13075
6052: 13398,6053,13936,5939,6166,13015
6053: 6052,17603,5939,21347,6166,17386
6054: 6055,5940,5941,17603,6167,6168
6055: 5941,5942,6054,6056,6168,6169
6056: 6055,5942,6169,21317,6057,5943,6170
6057: 5944,6058,5943,6056,6170,6171
6058: 5944,6057,5945,6172,6171,6059
6059: 6060,5946,6058,5945,6172,6173
6060: 5947,6059,5946,6061,6173,6174
6061: 5947,6060,5948,6174,6175,6062
6062: 6063,5949,6061,5948,6175,6176
6063: 5950,6062,5949,6064,6176,6177
6064: 5950,6063,6177,6065,5951,6178
6065: 6066,5952,5951,6064,6178,6179
6066: 6065,5952,5953,6067,6179,6180
6067: 6066,5953,6180,6068,5954,6181
6068: 6069,5954,5955,6067,6181,6182
6069: 6068,5955,5956,6182,6183,6070
6070: 6071,5957,6069,5956,6183,6184
6071: 6070,5957,5958,6072,6184,6185
6072: 6071,5958,5959,6185,6186,6073
6073: 6074,5960,6072,5959,6186,6187
6074: 6073,5960,5961,6075,6187,6188
6075: 6074,5961,5962,6188,6189,6076
6076: 6077,5963,6075,5962,6189,6190
6077: 6076,5963,5964,6078,6190,6191
6078: 6077,5964,6191,6079,5965,6192
6079: 6080,5965,5966,6078,6192,6193
6080: 6079,5967,5966,6081,6193,6194
6081: 5967,6080,6194,6082,5968,6195
6082: 6083,5968,5969,6081,6195,6196
6083: 5970,6082,5969,6196,6197,6084
6084: 6085,5971,5970,6083,6197,6198
6085: 6084,6086,5971,5972,6198,6199
6086: 6085,5972,5973,6199,6200,6087
6087: 6088,5974,6086,5973,6200,6201
6088: 6087,6089,5974,5975,6201,6202
6089: 6088,5975,6202,6090,5976,6203
6090: 6091,5976,5977,6089,6203,6204
6091: 6090,5977,5978,6092,6204,6205
6092: 6091,5978,6205,6093,5979,6206
6093: 6094,5979,5980,6092,6206,6207
6094: 5981,6093,5980,6207,6208,6095
6095: 6096,5982,5981,6094,6208,6209
6096: 6097,5982,5983,6095,6209,6210
6097: 6096,5983,5984,6210,6211,6098
6098: 6099,5985,6097,5984,6211,6212
6099: 6100,5985,5986,6098,6212,6213
6100: 6099,5986,5987,6213,6214,6101
6101: 6102,5988,6100,5987,6214,6215
6102: 6103,5988,5989,6101,6215,6216
6103: 6102,5989,6216,5990,6104,6217
6104: 6105,5990,5991,6103,6217,6218
6105: 5991,5992,6104,6106,6218,6219
6106: 6105,5992,6219,5993,6107,6220
6107: 5993,5994,6108,6106,6220,6221
6108: 5994,5995,6107,6221,6222,6109
6109: 5996,6110,5995,6108,6222,6223
6110: 6111,5996,5997,6109,6223,6224
6111: 5997,5998,6110,6224,6225,6112
6112: 5999,6113,6111,5998,6225,6226
6113: 6112,6114,5999,6000,6226,6227
6114: 6000,6113,6227,6115,6001,6228
6115: 6002,6116,6001,6114,6229,6228
6116: 6117,6002,6003,6115,6229,6230
6117: 6003,6116,6230,6004,6118,6231
6118: 6004,6005,6119,6117,6232,6231
6119: 6005,6006,6118,6232,6233,6120
6120: 6007,6121,6006,6119,6233,6234
6121: 6007,6008,6122,6120,6235,6234
6122: 6008,6009,6121,6235,6236,6123
6123: 6010,6124,6009,6122,6236,6237
6124: 6010,6011,6125,6123,6238,6237
6125: 6011,6012,6124,6238,6239,6126
6126: 6013,6127,6012,6125,6239,6240
6127: 6013,6014,6126,6128,6241,6240
6128: 6014,6127,6241,6129,6015,6242
6129: 6016,6130,6015,6128,6243,6242
6130: 6129,6016,6017,6131,6244,6243
6131: 6017,6130,6244,6018,6132,6245
6132: 6018,6133,6019,6131,6245,6246
6133: 6020,6132,6019,6247,6246,6134
6134: 6135,6021,6020,6133,6247,6248
6135: 6022,6136,6021,6134,6248,6249
6136: 6022,6023,6135,6250,6249,6137
6137: 6024,6138,6023,6136,6250,6251
6138: 6137,6025,6024,6139,6251,6252
6139: 6025,6138,6252,6140,6026,6253
6140: 6027,6141,6026,6139,6254,6253
6141: 6028,6027,6140,6142,6254,6255
6142: 6028,6141,6255,6143,6029,6256
6143: 6029,6030,6144,6142,6256,6257
6144: 6143,6031,6030,6257,6258,6145
6145: 6146,6032,6031,6144,6258,6259
6146: 6033,6147,6032,6145,6259,6260
6147: 6146,6033,6034,6260,6261,6148
6148: 6149,6035,6147,6034,6261,6262
6149: 6036,6150,6035,6148,6263,6262
6150: 6149,6036,6037,6263,6264,6151
6151: 6152,6038,6150,6037,6264,6265
6152: 6153,6038,6039,6151,6266,6265
6153: 6152,6039,6266,6154,6040,6267
6154: 6041,6155,6040,6153,6268,6267
6155: 6041,6042,6156,6154,6268,6269
6156: 6042,6155,6269,6157,6043,6270
6157: 6043,6044,14412,6156,6271,6270
6158: 14194,14412,6272,6159,6045,6273
6159: 6045,13890,6158,6160,6273
6160: 6387,6273,6274,13393,6159,13890,13766
6161: 15254,12911,6275,13766,6274,12998,13084
6162: 6276,12911,15177,6049,13061,20661
6163: 13895,12162,20661,11912,13002
6164: 11911,13603,12525,12791,13075,14476
6165: 13254,11981,14886,6279,13015
6166: 14926,17386,6279,13015,6052,6053
6167: 14926,17386,6280,17603,6054,6281,6168
6168: 6281,6282,6169,6167,6055,6054
6169: 6282,6168,21317,6055,6056
6170: 6284,6171,20662,6056,21317,6057
6171: 6285,6172,6170,6284,6057,6058
6172: 6285,6171,6058,6059,6286,6173
6173: 6286,6287,6174,6172,6059,6060
6174: 6288,6173,6287,6175,6060,6061
6175: 6288,6174,6061,6062,6289,6176
6176: 6289,6290,6177,6175,6062,6063
6177: 6291,6176,6290,6063,6064,6178
6178: 6292,6179,6064,6291,6177,6065
6179: 6292,6178,6293,6180,6065,6066
6180: 6179,6293,6294,6066,6067,6181
6181: 6295,6182,6067,6180,6294,6068
6182: 6295,6181,6296,6183,6068,6069
6183: 6182,6296,6069,6070,6184,6297
6184: 6298,6185,6297,6183,6070,6071
6185: 6298,6184,6299,6186,6071,6072
6186: 6185,6299,6072,6073,6187,6300
6187: 6301,6188,6300,6186,6073,6074
6188: 6301,6187,6302,6189,6074,6075
6189: 6188,6302,6075,6076,6190,6303
6190: 6304,6191,6303,6189,6076,6077
6191: 6304,6190,6305,6077,6078,6192
6192: 6193,6306,6078,6191,6305,6079
6193: 6307,6192,6194,6306,6079,6080
6194: 6307,6193,6308,6080,6081,6195
6195: 6196,6309,6081,6194,6308,6082
6196: 6310,6195,6197,6309,6082,6083
6197: 6310,6196,6083,6084,6198,6311
6198: 6199,6311,6312,6197,6084,6085
6199: 6313,6198,6312,6200,6085,6086
6200: 6313,6199,6086,6087,6201,6314
6201: 6202,6314,6315,6200,6087,6088
6202: 6316,6201,6315,6088,6089,6203
6203: 6204,6317,6089,6316,6202,6090
6204: 6203,6205,6317,6318,6090,6091
6205: 6204,6318,6319,6091,6092,6206
6206: 6207,6320,6092,6205,6319,6093
6207: 6206,6208,6320,6321,6093,6094
6208: 6207,6321,6094,6095,6209,6322
6209: 6210,6322,6323,6208,6096,6095
6210: 6209,6323,6324,6211,6096,6097
6211: 6210,6324,6097,6098,6212,6325
6212: 6213,6325,6326,6211,6099,6098
6213: 6212,6326,6327,6214,6099,6100
6214: 6213,6327,6100,6101,6215,6328
6215: 6216,6328,6329,6214,6102,6101
6216: 6330,6215,6329,6102,6103,6217
6217: 6218,6331,6103,6330,6216,6104
6218: 6217,6219,6331,6332,6105,6104
6219: 6218,6332,6333,6105,6106,6220
6220: 6221,6334,6106,6219,6333,6107
6221: 6220,6222,6334,6335,6107,6108
6222: 6221,6335,6108,6109,6223,6336
6223: 6224,6337,6336,6222,6110,6109
6224: 6223,6225,6337,6338,6111,6110
6225: 6224,6338,6111,6112,6226,6339
6226: 6227,6339,6340,6225,6112,6113
6227: 6226,6340,6341,6114,6113,6228
6228: 6229,6342,6114,6227,6341,6115
6229: 6230,6342,6343,6228,6115,6116
6230: 6229,6343,6344,6117,6116,6231
6231: 6232,6345,6117,6230,6344,6118
6232: 6233,6345,6346,6231,6118,6119
6233: 6232,6346,6119,6120,6234,6347
6234: 6235,6348,6347,6233,6121,6120
6235: 6236,6348,6349,6234,6121,6122
6236: 6235,6349,6122,6123,6237,6350
6237: 6238,6351,6350,6236,6124,6123
6238: 6239,6351,6352,6237,6124,6125
6239: 6238,6352,6125,6126,6353,6240
6240: 6241,6353,6354,6239,6126,6127
6241: 6354,6355,6240,6127,6128,6242
6242: 6356,6243,6128,6241,6355,6129
6243: 6244,6356,6357,6242,6129,6130
6244: 6357,6358,6243,6130,6131,6245
6245: 6359,6246,6131,6244,6358,6132
6246: 6247,6359,6360,6245,6132,6133
6247: 6360,6246,6133,6134,6248,6361
6248: 6362,6249,6361,6247,6135,6134
6249: 6250,6362,6363,6248,6135,6136
6250: 6363,6249,6136,6137,6251,6364
6251: 6365,6252,6364,6250,6137,6138
6252: 6365,6366,6251,6138,6139,6253
6253: 6254,6367,6139,6366,6252,6140
6254: 6368,6255,6367,6253,6140,6141
6255: 6368,6369,6254,6141,6142,6256
6256: 6257,6370,6142,6369,6255,6143
6257: 6371,6256,6258,6370,6143,6144
6258: 6371,6257,6144,6145,6259,6372
6259: 6373,6260,6372,6258,6146,6145
6260: 6373,6374,6259,6261,6146,6147
6261: 6374,6260,6147,6148,6262,6375
6262: 6376,6263,6375,6261,6149,6148
6263: 6376,6377,6264,6262,6149,6150
6264: 6377,6263,6150,6151,6378,6265
6265: 6379,6378,6266,6264,6152,6151
6266: 6379,6380,6265,6152,6153,6267
6267: 6268,6381,6153,6380,6266,6154
6268: 6382,6269,6381,6267,6154,6155
6269: 6268,6383,6382,6156,6155,6270
6270: 6271,6384,6156,6383,6269,6157
6271: 6385,6270,6272,6384,6157,14412
6272: 6385,6271,6158,14412,6273,6386
6273: 6160,6387,6386,6158,6272,6159
6274: 6160,13393,13766,6161,6275
6275: 6161,15254,15198,6388,6274,13393
6276: 12214,6162,6503,15254,12911,15177
6277: 12768,16739,14211,12592,13003,15275,13002,14225
6278: 12941,13254,17315,12183,6506,17700
6279: 6166,14886,14926,13015,15107,6165
6280: 14926,6394,6393,15107,6167,6281
6281: 19807,6282,6168,6394,6280,6167
6282: 19807,6283,6281,6168,6169,20343,21317
6283: 6396,6282,20343,21317,6397,20662
6284: 6285,6397,6398,6170,6171,20662
6285: 6172,6398,6284,6171,6399,6286
6286: 6400,6173,6287,6285,6172,6399
6287: 6286,6288,6400,6401,6173,6174
6288: 6401,6287,6174,6402,6175,6289
6289: 6403,6176,6290,6288,6402,6175
6290: 6289,6291,6403,6404,6176,6177
6291: 6404,6290,6177,6292,6405,6178
6292: 6405,6406,6178,6179,6293,6291
6293: 6292,6406,6179,6180,6407,6294
6294: 6293,6180,6407,6295,6408,6181
6295: 6408,6409,6181,6182,6296,6294
6296: 6295,6409,6182,6183,6410,6297
6297: 6298,6411,6184,6296,6183,6410
6298: 6411,6412,6184,6185,6299,6297
6299: 6298,6412,6185,6413,6186,6300
6300: 6301,6414,6187,6299,6413,6186
6301: 6414,6415,6187,6188,6302,6300
6302: 6301,6415,6188,6416,6189,6303
6303: 6304,6417,6190,6302,6416,6189
6304: 6417,6418,6190,6191,6305,6303
6305: 6304,6418,6191,6192,6419,6306
6306: 6307,6420,6192,6193,6419,6305
6307: 6420,6193,6194,6306,6421,6308
6308: 6307,6194,6421,6195,6422,6309
6309: 6310,6423,6195,6196,6422,6308
6310: 6423,6196,6197,6309,6424,6311
6311: 6198,6425,6312,6310,6197,6424
6312: 6313,6426,6198,6199,6311,6425
6313: 6426,6199,6312,6200,6427,6314
6314: 6201,6428,6315,6313,6200,6427
6315: 6429,6316,6201,6202,6314,6428
6316: 6429,6202,6315,6430,6203,6317
6317: 6430,6203,6204,6431,6318,6316
6318: 6204,6205,6317,6431,6432,6319
6319: 6205,6318,6432,6433,6206,6320
6320: 6433,6206,6207,6434,6321,6319
6321: 6207,6208,6320,6434,6435,6322
6322: 6436,6209,6323,6208,6321,6435
6323: 6436,6209,6210,6322,6437,6324
6324: 6210,6323,6437,6438,6211,6325
6325: 6439,6212,6326,6324,6438,6211
6326: 6439,6212,6213,6325,6440,6327
6327: 6213,6326,6440,6214,6441,6328
6328: 6215,6329,6442,6327,6214,6441
6329: 6330,6215,6216,6328,6443,6442
6330: 6216,6329,6443,6217,6331,6444
6331: 6217,6218,6332,6444,6445,6330
6332: 6218,6219,6331,6446,6445,6333
6333: 6219,6332,6446,6220,6334,6447
6334: 6220,6221,6335,6447,6448,6333
6335: 6221,6222,6334,6448,6449,6336
6336: 6223,6337,6450,6222,6335,6449
6337: 6223,6224,6338,6450,6451,6336
6338: 6224,6225,6452,6337,6451,6339
6339: 6226,6340,6453,6225,6452,6338
6340: 6226,6227,6454,6339,6341,6453
6341: 6227,6454,6340,6342,6455,6228
6342: 6229,6343,6456,6455,6228,6341
6343: 6229,6230,6457,6342,6344,6456
6344: 6230,6457,6343,6345,6231,6458
6345: 6232,6346,6231,6459,6458,6344
6346: 6232,6233,6460,6345,6459,6347
6347: 6348,6234,6461,6233,6460,6346
6348: 6235,6349,6234,6462,6461,6347
6349: 6235,6236,6463,6348,6462,6350
6350: 6351,6237,6464,6236,6463,6349
6351: 6238,6352,6237,6465,6464,6350
6352: 6238,6239,6466,6351,6465,6353
6353: 6467,6354,6240,6239,6466,6352
6354: 6241,6467,6353,6355,6240,6468
6355: 6241,6354,6468,6356,6469,6242
6356: 6470,6357,6243,6469,6242,6355
6357: 6244,6470,6356,6358,6243,6471
6358: 6244,6357,6471,6359,6245,6472
6359: 6473,6360,6245,6246,6472,6358
6360: 6247,6473,6359,6246,6474,6361
6361: 6362,6248,6475,6247,6360,6474
6362: 6476,6363,6248,6249,6475,6361
6363: 6250,6476,6362,6249,6477,6364
6364: 6478,6365,6251,6250,6363,6477
6365: 6478,6479,6366,6251,6252,6364
6366: 6479,6365,6252,6367,6480,6253
6367: 6481,6368,6254,6480,6253,6366
6368: 6481,6482,6369,6254,6255,6367
6369: 6482,6368,6255,6256,6370,6483
6370: 6484,6371,6256,6257,6483,6369
6371: 6484,6485,6257,6258,6370,6372
6372: 6373,6259,6486,6485,6371,6258
6373: 6374,6259,6260,6487,6486,6372
6374: 6373,6488,6260,6261,6487,6375
6375: 6376,6489,6262,6488,6374,6261
6376: 6377,6489,6263,6490,6262,6375
6377: 6376,6491,6263,6264,6490,6378
6378: 6379,6492,6265,6491,6377,6264
6379: 6378,6380,6492,6266,6265,6493
6380: 6379,6266,6493,6381,6494,6267
6381: 6495,6268,6382,6494,6267,6380
6382: 6495,6268,6383,6269,6381,6496
6383: 6382,6269,6496,6270,6384,6497
6384: 6385,6271,6270,6498,6497,6383
6385: 6271,6498,6272,6384,6499,6386
6386: 6500,6387,6273,6385,6272,6499
6387: 6500,6160,6501,6273,13393,6386
6388: 6501,13393,21280,12145,15198,6275
6389: 12214,12145,15198,6616,6502,21047
6390: 12304,15451,14885,17964,17967,16066,16833
6391: 13401,17111,20456,19787,20402
6392: 14886,6393,15107,14325,12506
6393: 6394,6280,15107,6392,12506,6507
6394: 6393,6280,6507,19807,6281,6508
6395: 6509,6508,19198,19807,20343
6396: 6283,20343,19198,6510,6397,20662
6397: 6398,6284,20662,6396,6283,6510,6511
6398: 6285,6397,6284,6399,6511,6512
6399: 6285,6398,6512,6286,6400,6513
6400: 6286,6401,6287,6399,6513,6514
6401: 6288,6400,6287,6402,6514,6515
6402: 6288,6401,6515,6289,6403,6516
6403: 6289,6404,6290,6402,6516,6517
6404: 6291,6403,6290,6517,6518,6405
6405: 6292,6406,6291,6404,6518,6519
6406: 6292,6405,6293,6407,6519,6520
6407: 6406,6293,6294,6520,6521,6408
6408: 6295,6409,6407,6294,6521,6522
6409: 6295,6408,6296,6410,6522,6523
6410: 6409,6296,6523,6411,6297,6524
6411: 6298,6412,6297,6410,6524,6525
6412: 6298,6411,6299,6413,6525,6526
6413: 6412,6299,6526,6414,6300,6527
6414: 6301,6415,6300,6413,6527,6528
6415: 6301,6414,6302,6416,6528,6529
6416: 6415,6302,6529,6417,6303,6530
6417: 6304,6418,6303,6416,6530,6531
6418: 6304,6417,6305,6531,6532,6419
6419: 6420,6306,6418,6305,6532,6533
6420: 6307,6419,6306,6421,6533,6534
6421: 6307,6420,6308,6534,6535,6422
6422: 6423,6309,6421,6308,6535,6536
6423: 6310,6422,6309,6424,6537,6536
6424: 6310,6423,6537,6311,6425,6538
6425: 6426,6311,6312,6424,6538,6539
6426: 6313,6425,6312,6427,6539,6540
6427: 6313,6426,6540,6314,6428,6541
6428: 6429,6314,6315,6427,6541,6542
6429: 6316,6428,6315,6542,6543,6430
6430: 6317,6431,6429,6316,6543,6544
6431: 6430,6317,6318,6432,6544,6545
6432: 6431,6318,6319,6545,6546,6433
6433: 6320,6434,6432,6319,6546,6547
6434: 6433,6320,6321,6435,6547,6548
6435: 6434,6321,6548,6436,6322,6549
6436: 6322,6323,6437,6435,6549,6550
6437: 6436,6323,6324,6438,6550,6551
6438: 6437,6324,6551,6439,6325,6552
6439: 6325,6326,6440,6438,6552,6553
6440: 6439,6326,6327,6441,6553,6554
6441: 6440,6327,6554,6328,6442,6555
6442: 6328,6329,6443,6441,6555,6556
6443: 6330,6329,6442,6556,6557,6444
6444: 6331,6445,6330,6443,6557,6558
6445: 6331,6332,6446,6444,6558,6559
6446: 6332,6445,6333,6559,6560,6447
6447: 6334,6448,6446,6333,6560,6561
6448: 6334,6335,6447,6449,6561,6562
6449: 6335,6448,6562,6450,6336,6563
6450: 6337,6451,6336,6449,6563,6564
6451: 6452,6337,6338,6450,6564,6565
6452: 6338,6451,6565,6339,6453,6566
6453: 6454,6339,6340,6452,6566,6567
6454: 6340,6341,6453,6567,6568,6455
6455: 6342,6456,6454,6341,6568,6569
6456: 6457,6342,6343,6455,6569,6570
6457: 6343,6344,6456,6570,6571,6458
6458: 6345,6459,6457,6344,6571,6572
6459: 6460,6345,6346,6458,6572,6573
6460: 6346,6459,6573,6461,6347,6574
6461: 6348,6462,6347,6460,6575,6574
6462: 6463,6348,6349,6461,6575,6576
6463: 6349,6462,6576,6464,6350,6577
6464: 6351,6465,6350,6463,6578,6577
6465: 6466,6351,6352,6464,6578,6579
6466: 6352,6465,6579,6467,6353,6580
6467: 6353,6354,6468,6466,6581,6580
6468: 6467,6354,6355,6581,6582,6469
6469: 6470,6356,6355,6468,6582,6583
6470: 6356,6357,6471,6469,6584,6583
6471: 6470,6357,6358,6584,6585,6472
6472: 6473,6359,6358,6471,6585,6586
6473: 6359,6360,6474,6472,6587,6586
6474: 6473,6360,6587,6475,6361,6588
6475: 6476,6362,6361,6474,6589,6588
6476: 6362,6363,6477,6475,6590,6589
6477: 6476,6363,6590,6478,6364,6591
6478: 6479,6365,6364,6477,6591,6592
6479: 6478,6365,6366,6593,6592,6480
6480: 6481,6367,6479,6366,6593,6594
6481: 6482,6368,6367,6480,6594,6595
6482: 6481,6368,6369,6596,6595,6483
6483: 6484,6370,6482,6369,6596,6597
6484: 6485,6371,6370,6483,6597,6598
6485: 6484,6371,6598,6486,6372,6599
6486: 6373,6487,6372,6485,6600,6599
6487: 6373,6488,6374,6486,6600,6601
6488: 6374,6487,6601,6489,6375,6602
6489: 6376,6490,6375,6488,6603,6602
6490: 6376,6491,6377,6489,6604,6603
6491: 6377,6490,6604,6378,6492,6605
6492: 6379,6378,6493,6491,6606,6605
6493: 6379,6380,6492,6606,6607,6494
6494: 6495,6381,6380,6493,6607,6608
6495: 6382,6381,6496,6494,6608,6609
6496: 6495,6383,6382,6610,6609,6497
6497: 6498,6384,6383,6496,6610,6611
6498: 6385,6384,6499,6497,6612,6611
6499: 6385,6498,6612,6500,6386,6613
6500: 6387,6501,6386,21280,6499,6614,6613
6501: 6500,6388,6387,13393,21280,12145
6502: 6616,13007,6615,6729,6389,12145
6503: 12214,6276,15177,12016,21047,11912
6504: 17396,14372,12572,14607,13574,14211
6505: 13600,6618,12756,14064,12854,14497
6506: 6732,11976,17700,15350,17315,6278
6507: 13182,12506,6621,6394,6393,6508
6508: 6509,6622,6395,6394,6507,6621,19807
6509: 18853,6623,6508,6622,19198,6395
6510: 6623,19198,6396,6397,6624,6511
6511: 6625,6624,6512,6510,6397,6398
6512: 6625,6626,6511,6398,6399,6513
6513: 6627,6514,6399,6626,6512,6400
6514: 6627,6513,6628,6515,6400,6401
6515: 6628,6514,6629,6401,6402,6516
6516: 6630,6517,6402,6515,6629,6403
6517: 6630,6631,6516,6518,6403,6404
6518: 6631,6517,6404,6405,6519,6632
6519: 6633,6520,6632,6518,6405,6406
6520: 6519,6633,6634,6521,6406,6407
6521: 6634,6520,6407,6408,6522,6635
6522: 6636,6523,6635,6521,6408,6409
6523: 6636,6637,6522,6409,6410,6524
6524: 6638,6525,6410,6637,6523,6411
6525: 6524,6638,6526,6639,6411,6412
6526: 6525,6639,6640,6412,6413,6527
6527: 6528,6641,6413,6526,6640,6414
6528: 6642,6527,6529,6641,6414,6415
6529: 6642,6528,6643,6415,6416,6530
6530: 6531,6644,6416,6529,6643,6417
6531: 6645,6530,6532,6644,6417,6418
6532: 6645,6531,6418,6419,6533,6646
6533: 6534,6646,6647,6532,6420,6419
6534: 6648,6533,6647,6535,6420,6421
6535: 6648,6534,6421,6422,6649,6536
6536: 6650,6537,6649,6535,6423,6422
6537: 6651,6650,6536,6423,6424,6538
6538: 6539,6652,6424,6651,6537,6425
6539: 6538,6540,6652,6653,6426,6425
6540: 6539,6653,6654,6426,6427,6541
6541: 6542,6655,6427,6540,6654,6428
6542: 6541,6543,6655,6656,6429,6428
6543: 6542,6656,6429,6430,6544,6657
6544: 6545,6657,6658,6543,6430,6431
6545: 6544,6658,6659,6546,6431,6432
6546: 6545,6659,6432,6433,6547,6660
6547: 6548,6660,6661,6546,6433,6434
6548: 6547,6661,6662,6434,6435,6549
6549: 6550,6663,6435,6548,6662,6436
6550: 6549,6551,6663,6664,6436,6437
6551: 6550,6664,6665,6437,6438,6552
6552: 6553,6666,6438,6551,6665,6439
6553: 6552,6554,6666,6667,6439,6440
6554: 6553,6667,6668,6440,6441,6555
6555: 6556,6669,6441,6554,6668,6442
6556: 6555,6557,6669,6670,6443,6442
6557: 6556,6670,6443,6444,6558,6671
6558: 6559,6671,6672,6557,6444,6445
6559: 6558,6672,6673,6560,6446,6445
6560: 6559,6673,6446,6447,6561,6674
6561: 6562,6674,6675,6560,6447,6448
6562: 6561,6675,6676,6448,6449,6563
6563: 6564,6677,6449,6562,6676,6450
6564: 6563,6565,6677,6678,6450,6451
6565: 6564,6678,6679,6452,6451,6566
6566: 6567,6680,6452,6565,6679,6453
6567: 6566,6568,6680,6681,6454,6453
6568: 6567,6681,6454,6455,6569,6682
6569: 6570,6683,6682,6568,6456,6455
6570: 6569,6571,6683,6684,6457,6456
6571: 6570,6684,6457,6458,6572,6685
6572: 6573,6686,6685,6571,6459,6458
6573: 6572,6686,6687,6460,6459,6574
6574: 6575,6688,6460,6573,6687,6461
6575: 6576,6689,6688,6574,6462,6461
6576: 6575,6689,6690,6463,6462,6577
6577: 6578,6691,6463,6576,6690,6464
6578: 6579,6692,6691,6577,6465,6464
6579: 6578,6692,6693,6466,6465,6580
6580: 6581,6694,6466,6579,6693,6467
6581: 6582,6695,6580,6694,6467,6468
6582: 6581,6695,6468,6469,6583,6696
6583: 6584,6697,6696,6582,6470,6469
6584: 6585,6698,6583,6697,6470,6471
6585: 6584,6698,6471,6472,6699,6586
6586: 6587,6699,6700,6585,6473,6472
6587: 6701,6586,6700,6473,6474,6588
6588: 6702,6589,6474,6587,6701,6475
6589: 6590,6702,6703,6588,6476,6475
6590: 6704,6589,6703,6476,6477,6591
6591: 6705,6592,6477,6590,6704,6478
6592: 6593,6705,6591,6706,6478,6479
6593: 6592,6706,6479,6480,6594,6707
6594: 6708,6595,6707,6593,6481,6480
6595: 6596,6708,6594,6709,6481,6482
6596: 6595,6709,6482,6483,6597,6710
6597: 6711,6598,6710,6596,6484,6483
6598: 6711,6597,6712,6484,6485,6599
6599: 6600,6713,6485,6598,6712,6486
6600: 6714,6601,6713,6599,6487,6486
6601: 6715,6714,6600,6488,6487,6602
6602: 6603,6716,6488,6715,6601,6489
6603: 6604,6717,6716,6602,6489,6490
6604: 6717,6603,6718,6491,6490,6605
6605: 6606,6719,6491,6604,6718,6492
6606: 6720,6605,6719,6607,6492,6493
6607: 6720,6606,6493,6494,6608,6721
6608: 6609,6722,6721,6607,6495,6494
6609: 6610,6723,6608,6722,6495,6496
6610: 6723,6609,6496,6497,6724,6611
6611: 6612,6724,6725,6610,6498,6497
6612: 6726,6611,6725,6498,6499,6613
6613: 6727,6614,6499,6612,6726,6500
6614: 6728,6615,6727,6613,6500,21280
6615: 6728,6729,6614,21280,12145,6502
6616: 12482,6843,13007,6502,21047,6389
6617: 14348,14201,15279,12712,17238,16916
6618: 16123,6505,18920,12756,16286,12854
6619: 6732,6733,17700,13038,14325,14324
6620: 13038,6734,13182,14324,13024,6846
6621: 6734,13182,6507,6735,6508,6622
6622: 18853,6509,6735,6508,18800,6621
6623: 18853,6736,6509,19198,6737,6510,6624
6624: 6625,6738,6511,6623,6737,6510
6625: 6624,6626,6738,6739,6511,6512
6626: 6625,6739,6512,6740,6627,6513
6627: 6740,6513,6628,6741,6514,6626
6628: 6627,6741,6514,6515,6742,6629
6629: 6628,6515,6742,6630,6743,6516
6630: 6744,6743,6631,6516,6517,6629
6631: 6744,6630,6517,6518,6745,6632
6632: 6519,6633,6746,6631,6518,6745
6633: 6519,6747,6634,6746,6520,6632
6634: 6633,6747,6520,6748,6521,6635
6635: 6636,6749,6522,6634,6748,6521
6636: 6749,6750,6637,6522,6523,6635
6637: 6636,6750,6523,6524,6638,6751
6638: 6524,6752,6751,6525,6639,6637
6639: 6752,6638,6525,6526,6753,6640
6640: 6526,6639,6753,6527,6754,6641
6641: 6642,6755,6527,6754,6528,6640
6642: 6755,6528,6529,6641,6756,6643
6643: 6642,6529,6756,6530,6757,6644
6644: 6645,6758,6530,6757,6531,6643
6645: 6758,6531,6532,6644,6759,6646
6646: 6533,6760,6647,6645,6532,6759
6647: 6648,6761,6533,6760,6534,6646
6648: 6761,6534,6647,6762,6535,6649
6649: 6650,6763,6536,6648,6762,6535
6650: 6651,6764,6763,6537,6649,6536
6651: 6764,6650,6537,6765,6538,6652
6652: 6765,6538,6539,6766,6653,6651
6653: 6539,6766,6540,6652,6767,6654
6654: 6540,6653,6767,6768,6541,6655
6655: 6768,6541,6542,6769,6656,6654
6656: 6542,6769,6543,6655,6770,6657
6657: 6771,6544,6658,6543,6656,6770
6658: 6771,6544,6545,6772,6657,6659
6659: 6545,6772,6658,6773,6546,6660
6660: 6774,6547,6661,6659,6773,6546
6661: 6774,6547,6548,6775,6660,6662
6662: 6548,6775,6661,6549,6663,6776
6663: 6549,6550,6664,6776,6777,6662
6664: 6550,6551,6778,6663,6777,6665
6665: 6551,6778,6664,6552,6666,6779
6666: 6552,6553,6667,6779,6780,6665
6667: 6553,6554,6781,6666,6780,6668
6668: 6554,6781,6667,6555,6669,6782
6669: 6555,6556,6670,6782,6783,6668
6670: 6556,6557,6784,6669,6783,6671
6671: 6558,6672,6785,6557,6784,6670
6672: 6558,6559,6671,6673,6785,6786
6673: 6559,6787,6672,6786,6560,6674
6674: 6561,6675,6788,6787,6673,6560
6675: 6561,6562,6674,6676,6788,6789
6676: 6562,6675,6789,6563,6677,6790
6677: 6563,6564,6678,6790,6791,6676
6678: 6564,6565,6677,6679,6791,6792
6679: 6565,6678,6792,6566,6680,6793
6680: 6566,6567,6681,6793,6794,6679
6681: 6567,6568,6680,6795,6794,6682
6682: 6569,6683,6796,6568,6681,6795
6683: 6569,6570,6684,6796,6797,6682
6684: 6570,6571,6683,6798,6797,6685
6685: 6572,6686,6799,6571,6684,6798
6686: 6572,6573,6800,6687,6685,6799
6687: 6573,6800,6686,6688,6801,6574
6688: 6575,6689,6802,6801,6574,6687
6689: 6575,6576,6803,6690,6688,6802
6690: 6576,6803,6689,6691,6804,6577
6691: 6578,6692,6805,6804,6577,6690
6692: 6578,6579,6806,6693,6805,6691
6693: 6579,6806,6692,6580,6694,6807
6694: 6581,6695,6580,6808,6807,6693
6695: 6581,6582,6809,6808,6694,6696
6696: 6583,6697,6810,6582,6809,6695
6697: 6584,6698,6583,6811,6810,6696
6698: 6584,6585,6812,6811,6697,6699
6699: 6813,6586,6700,6585,6812,6698
6700: 6587,6813,6699,6701,6586,6814
6701: 6587,6814,6700,6702,6815,6588
6702: 6816,6589,6703,6815,6588,6701
6703: 6590,6816,6702,6704,6589,6817
6704: 6590,6817,6703,6705,6591,6818
6705: 6819,6591,6592,6706,6818,6704
6706: 6593,6819,6705,6592,6820,6707
6707: 6708,6594,6821,6593,6820,6706
6708: 6822,6594,6595,6709,6821,6707
6709: 6596,6822,6708,6595,6823,6710
6710: 6824,6711,6597,6596,6823,6709
6711: 6824,6825,6597,6598,6710,6712
6712: 6825,6711,6598,6713,6826,6599
6713: 6714,6600,6827,6826,6599,6712
6714: 6715,6828,6600,6601,6713,6827
6715: 6828,6714,6601,6716,6829,6602
6716: 6717,6603,6830,6829,6602,6715
6717: 6604,6831,6603,6718,6716,6830
6718: 6604,6717,6831,6605,6719,6832
6719: 6833,6720,6606,6605,6832,6718
6720: 6833,6834,6606,6719,6607,6721
6721: 6608,6722,6835,6720,6834,6607
6722: 6723,6608,6836,6609,6835,6721
6723: 6610,6836,6837,6609,6722,6724
6724: 6838,6611,6725,6610,6723,6837
6725: 6612,6838,6726,6839,6724,6611
6726: 6612,6839,6725,6727,6840,6613
6727: 6728,6841,6614,6840,6613,6726
6728: 6615,6729,6727,6842,6841,6614
6729: 6728,6615,6842,12259,13007,6502,18474
6730: 12482,6843,20440,6956,15274,16516
6731: 17461,17070,13814,18992,13008
6732: 13213,6619,6506,6733,17700,15350
6733: 13213,6732,6619,13672,6845,13038,13024
6734: 13182,6620,6621,6847,6846,6735
6735: 6622,18800,6734,6621,6847,18368
6736: 18853,6623,18800,6737,6849,6848
6737: 6736,6623,6849,6624,6738,6850
6738: 6625,6624,6739,6737,6851,6850
6739: 6625,6626,6738,6851,6852,6740
6740: 6627,6741,6626,6739,6852,6853
6741: 6740,6627,6628,6742,6854,6853
6742: 6628,6741,6629,6854,6855,6743
6743: 6744,6630,6742,6629,6855,6856
6744: 6630,6743,6631,6745,6856,6857
6745: 6744,6631,6857,6746,6632,6858
6746: 6633,6747,6632,6745,6859,6858
6747: 6633,6634,6746,6748,6859,6860
6748: 6747,6634,6860,6749,6635,6861
6749: 6636,6750,6635,6748,6862,6861
6750: 6636,6749,6637,6862,6863,6751
6751: 6752,6638,6750,6637,6863,6864
6752: 6638,6751,6639,6753,6864,6865
6753: 6752,6639,6640,6865,6866,6754
6754: 6755,6641,6753,6640,6866,6867
6755: 6642,6754,6641,6756,6867,6868
6756: 6642,6755,6643,6868,6869,6757
6757: 6758,6644,6756,6643,6869,6870
6758: 6645,6757,6644,6759,6871,6870
6759: 6645,6758,6871,6760,6646,6872
6760: 6761,6646,6647,6759,6872,6873
6761: 6648,6760,6647,6762,6874,6873
6762: 6648,6761,6874,6763,6649,6875
6763: 6764,6650,6649,6762,6875,6876
6764: 6651,6650,6763,6877,6876,6765
6765: 6766,6652,6651,6764,6877,6878
6766: 6765,6652,6653,6767,6878,6879
6767: 6766,6653,6654,6879,6880,6768
6768: 6769,6655,6767,6654,6880,6881
6769: 6768,6655,6656,6770,6881,6882
6770: 6769,6656,6882,6771,6657,6883
6771: 6772,6657,6658,6770,6884,6883
6772: 6771,6658,6659,6773,6884,6885
6773: 6772,6659,6885,6774,6660,6886
6774: 6775,6660,6661,6773,6887,6886
6775: 6774,6661,6662,6887,6888,6776
6776: 6663,6777,6775,6662,6888,6889
6777: 6778,6663,6664,6776,6890,6889
6778: 6664,6777,6665,6890,6891,6779
6779: 6666,6780,6778,6665,6891,6892
6780: 6781,6666,6667,6779,6893,6892
6781: 6667,6780,6668,6893,6894,6782
6782: 6669,6783,6781,6668,6894,6895
6783: 6784,6669,6670,6782,6895,6896
6784: 6670,6783,6896,6671,6785,6897
6785: 6671,6672,6786,6784,6898,6897
6786: 6787,6672,6673,6785,6898,6899
6787: 6673,6786,6899,6674,6788,6900
6788: 6674,6675,6789,6787,6900,6901
6789: 6675,6676,6788,6901,6902,6790
6790: 6677,6791,6676,6789,6902,6903
6791: 6677,6678,6790,6792,6903,6904
6792: 6678,6679,6791,6905,6904,6793
6793: 6680,6794,6679,6792,6905,6906
6794: 6680,6681,6795,6793,6906,6907
6795: 6681,6794,6907,6796,6682,6908
6796: 6683,6797,6682,6795,6909,6908
6797: 6683,6684,6798,6796,6910,6909
6798: 6684,6797,6910,6685,6799,6911
6799: 6800,6686,6685,6798,6911,6912
6800: 6686,6687,6799,6912,6913,6801
6801: 6688,6802,6800,6687,6913,6914
6802: 6803,6689,6688,6801,6914,6915
6803: 6689,6690,6802,6915,6916,6804
6804: 6805,6691,6803,6690,6916,6917
6805: 6806,6692,6691,6804,6917,6918
6806: 6692,6693,6805,6918,6919,6807
6807: 6808,6694,6806,6693,6919,6920
6808: 6809,6695,6694,6807,6920,6921
6809: 6695,6808,6921,6810,6696,6922
6810: 6811,6697,6696,6809,6923,6922
6811: 6812,6698,6697,6810,6923,6924
6812: 6698,6811,6924,6813,6699,6925
6813: 6699,6814,6700,6812,6925,6926
6814: 6813,6701,6700,6927,6926,6815
6815: 6816,6702,6701,6814,6927,6928
6816: 6702,6817,6703,6815,6929,6928
6817: 6816,6704,6703,6929,6930,6818
6818: 6819,6705,6704,6817,6930,6931
6819: 6705,6820,6706,6818,6931,6932
6820: 6819,6706,6932,6821,6707,6933
6821: 6822,6708,6707,6820,6934,6933
6822: 6708,6823,6709,6821,6935,6934
6823: 6822,6709,6935,6824,6710,6936
6824: 6825,6711,6710,6823,6936,6937
6825: 6824,6711,6712,6938,6937,6826
6826: 6713,6827,6825,6712,6938,6939
6827: 6828,6714,6713,6826,6939,6940
6828: 6715,6714,6827,6941,6940,6829
6829: 6716,6830,6715,6828,6941,6942
6830: 6717,6831,6716,6829,6943,6942
6831: 6717,6718,6830,6943,6944,6832
6832: 6833,6719,6831,6718,6944,6945
6833: 6720,6834,6719,6832,6945,6946
6834: 6833,6720,6946,6835,6721,6947
6835: 6836,6722,6721,6834,6948,6947
6836: 6723,6837,6722,6835,6948,6949
6837: 6723,6836,6949,6838,6724,6950
6838: 6839,6724,6725,6837,6951,6950
6839: 6838,6726,6725,6952,6951,6840
6840: 6727,6841,6726,6839,6952,6953
6841: 6728,6727,6842,6840,6953,17825
6842: 6728,6729,6841,6954,17825,18474
6843: 12482,12259,6616,13007,6730,20440
6844: 20130,20164,19464,21167
6845: 18219,13672,7070,13525,13213,6733,15812
6846: 6958,6847,15775,6734,6620,13024
6847: 15775,6846,17873,6734,6735,18368
6848: 6849,6960,6961,18368,6736,18800
6849: 6961,6848,6962,6736,6737,6850
6850: 6851,6963,6737,6849,6962,6738
6851: 6850,6852,6963,6964,6738,6739
6852: 6851,6964,6739,6740,6853,6965
6853: 6854,6965,6966,6852,6740,6741
6854: 6853,6966,6967,6855,6741,6742
6855: 6854,6967,6742,6743,6968,6856
6856: 6968,6857,6969,6855,6744,6743
6857: 6856,6969,6970,6744,6745,6858
6858: 6859,6971,6745,6857,6970,6746
6859: 6972,6860,6858,6971,6747,6746
6860: 6972,6859,6973,6747,6748,6861
6861: 6862,6974,6748,6860,6973,6749
6862: 6975,6863,6974,6861,6749,6750
6863: 6975,6862,6750,6751,6864,6976
6864: 6865,6976,6977,6863,6752,6751
6865: 6864,6977,6978,6866,6752,6753
6866: 6865,6978,6753,6754,6867,6979
6867: 6868,6979,6980,6866,6755,6754
6868: 6867,6980,6981,6869,6755,6756
6869: 6868,6981,6756,6757,6982,6870
6870: 6871,6982,6983,6869,6758,6757
6871: 6984,6983,6870,6758,6759,6872
6872: 6985,6873,6759,6984,6871,6760
6873: 6872,6874,6985,6986,6761,6760
6874: 6986,6873,6987,6761,6762,6875
6875: 6988,6876,6762,6874,6987,6763
6876: 6875,6877,6988,6989,6764,6763
6877: 6989,6876,6764,6765,6878,6990
6878: 6990,6991,6879,6877,6765,6766
6879: 6878,6992,6991,6880,6766,6767
6880: 6992,6879,6767,6768,6993,6881
6881: 6993,6994,6882,6880,6768,6769
6882: 6995,6994,6881,6769,6770,6883
6883: 6996,6884,6770,6995,6882,6771
6884: 6996,6883,6885,6997,6771,6772
6885: 6884,6997,6998,6772,6773,6886
6886: 6999,6887,6773,6885,6998,6774
6887: 7000,6999,6888,6886,6774,6775
6888: 7000,6887,6775,6776,7001,6889
6889: 7001,7002,6890,6888,6776,6777
6890: 7002,6891,6889,7003,6778,6777
6891: 6890,7003,6778,6779,7004,6892
6892: 7004,7005,6893,6891,6779,6780
6893: 7005,7006,6892,6894,6781,6780
6894: 7006,6893,6781,6782,7007,6895
6895: 7007,7008,6896,6894,6782,6783
6896: 7008,6895,7009,6784,6783,6897
6897: 7010,6898,6784,7009,6896,6785
6898: 7010,7011,6899,6897,6785,6786
6899: 7011,6898,7012,6787,6786,6900
6900: 7013,6901,6787,6899,7012,6788
6901: 7013,7014,6900,6902,6788,6789
6902: 7014,6901,6789,6790,6903,7015
6903: 7016,6904,7015,6902,6790,6791
6904: 6905,7016,7017,6903,6791,6792
6905: 7017,6904,6792,6793,6906,7018
6906: 7019,7018,6907,6905,6793,6794
6907: 6906,7019,7020,6795,6794,6908
6908: 6909,7021,6795,7020,6907,6796
6909: 6910,7022,7021,6908,6796,6797
6910: 7022,7023,6909,6798,6797,6911
6911: 7024,6912,6798,6910,7023,6799
6912: 6911,7025,7024,6913,6800,6799
6913: 7025,6912,6800,6801,6914,7026
6914: 7027,6915,7026,6913,6802,6801
6915: 6914,7028,7027,6916,6803,6802
6916: 7028,6915,6803,6804,6917,7029
6917: 7030,6918,7029,6916,6805,6804
6918: 6917,7031,7030,6919,6806,6805
6919: 7031,6918,6806,6807,6920,7032
6920: 6921,7033,7032,6919,6808,6807
6921: 6920,7034,7033,6809,6808,6922
6922: 6923,7035,6809,7034,6921,6810
6923: 6924,7036,7035,6922,6811,6810
6924: 6923,7037,7036,6812,6811,6925
6925: 7038,6926,6812,7037,6924,6813
6926: 6925,6927,7038,7039,6813,6814
6927: 7039,6926,6814,6815,6928,7040
6928: 6929,7041,7040,6927,6816,6815
6929: 6928,6930,7041,7042,6816,6817
6930: 6929,7042,6817,6818,6931,7043
6931: 7043,7044,6932,6930,6819,6818
6932: 6931,7044,7045,6819,6820,6933
6933: 7046,6934,6820,7045,6932,6821
6934: 6935,7046,7047,6933,6822,6821
6935: 7047,7048,6934,6822,6823,6936
6936: 7049,6937,6823,6935,7048,6824
6937: 6938,7049,7050,6936,6824,6825
6938: 7050,6937,6825,6826,6939,7051
6939: 7052,6940,7051,6938,6827,6826
6940: 6941,7052,7053,6939,6828,6827
6941: 7053,6940,6828,6829,6942,7054
6942: 6943,7055,7054,6941,6830,6829
6943: 7055,7056,6944,6942,6831,6830
6944: 6943,7056,6831,6832,7057,6945
6945: 7057,7058,6946,6944,6833,6832
6946: 6945,7058,7059,6833,6834,6947
6947: 6948,7060,6834,7059,6946,6835
6948: 7061,7060,6949,6947,6836,6835
6949: 6948,7061,7062,6836,6837,6950
6950: 7063,6951,6837,7062,6949,6838
6951: 7063,7064,6952,6950,6838,6839
6952: 7064,6951,6839,6840,6953,7065
6953: 7066,7065,17825,6952,6841,6840
6954: 17191,17825,6842,18474,14338,14670
6955: 14156,13787,12189,14338,12259,20440
6956: 14156,6730,20440,15274,12122,12535
6957: 18526,14010,18514,20179,16959,15463
6958: 15515,15775,6846,14686,12795,17506,13024
6959: 15515,15775,7184,17873,6960,7072
6960: 7073,6961,6848,7072,18368,6959,17873
6961: 6849,7073,6960,6848,6962,7074
6962: 6849,6961,7074,6850,7075,6963
6963: 6851,6850,7075,7076,6964,6962
6964: 6851,7076,6852,6963,7077,6965
6965: 7078,6853,6966,6852,6964,7077
6966: 6854,7078,6853,7079,6965,6967
6967: 6854,7079,6966,7080,6855,6968
6968: 7081,6856,6969,6967,7080,6855
6969: 6968,7081,6856,6857,7082,6970
6970: 6857,7082,6969,6858,6971,7083
6971: 6972,7084,6859,6858,7083,6970
6972: 7084,6859,6860,6971,7085,6973
6973: 6972,6860,7085,6974,6861,7086
6974: 6975,7087,6862,6861,7086,6973
6975: 7087,6862,6863,6974,7088,6976
6976: 6864,6977,7089,6975,6863,7088
6977: 6864,7090,6865,6976,6978,7089
6978: 7090,6865,6977,7091,6866,6979
6979: 6867,7092,6980,6978,7091,6866
6980: 6867,7092,6868,6979,6981,7093
6981: 6868,6980,7093,6869,7094,6982
6982: 7095,6983,6870,6981,6869,7094
6983: 6984,7095,6871,6982,7096,6870
6984: 6871,6983,7096,6872,6985,7097
6985: 6872,6986,7097,6873,7098,6984
6986: 6874,7099,6985,6873,7098,6987
6987: 6874,7099,6986,6875,6988,7100
6988: 6875,7101,6989,7100,6876,6987
6989: 6877,7101,6988,6876,7102,6990
6990: 6878,6991,7103,6877,6989,7102
6991: 6878,6990,6992,7104,7103,6879
6992: 6991,7104,6879,7105,6880,6993
6993: 6994,6881,7106,6992,7105,6880
6994: 7107,6993,6995,6881,7106,6882
6995: 7107,6994,6882,6996,6883,7108
6996: 6884,6883,7108,7109,6997,6995
6997: 7110,6996,6884,7109,6885,6998
6998: 7110,6885,6997,6999,7111,6886
6999: 7000,6887,7111,7112,6886,6998
7000: 6999,7113,6887,7112,6888,7001
7001: 7002,7114,6889,7000,7113,6888
7002: 7001,6890,7114,7115,6889,7003
7003: 7002,7116,6890,7115,6891,7004
7004: 7005,7117,6892,7116,6891,7003
7005: 7004,7006,6893,7117,7118,6892
7006: 7005,6893,7118,6894,7119,7007
7007: 7008,6895,7120,7006,6894,7119
7008: 7007,6895,7009,7120,7121,6896
7009: 7008,7121,6896,7010,7122,6897
7010: 7011,6898,7122,7123,6897,7009
7011: 7010,6898,7123,7124,6899,7012
7012: 7011,7124,6899,7013,7125,6900
7013: 7014,7125,7126,6900,6901,7012
7014: 7013,7126,7127,6901,6902,7015
7015: 7016,7128,6903,7014,7127,6902
7016: 7017,7128,7129,6903,6904,7015
7017: 6905,7016,7129,7130,6904,7018
7018: 6906,7019,7131,6905,7017,7130
7019: 6906,7020,7131,7132,7018,6907
7020: 7019,7132,6907,7021,7133,6908
7021: 7022,7134,6909,7133,6908,7020
7022: 6910,7023,7134,7135,6909,7021
7023: 6910,7022,7135,6911,7024,7136
7024: 6911,7025,7137,6912,7136,7023
7025: 7024,7137,7138,6912,6913,7026
7026: 6914,7027,7139,7025,7138,6913
7027: 6914,7028,7140,6915,7139,7026
7028: 7027,7140,7141,6915,6916,7029
7029: 6917,7142,7030,7028,7141,6916
7030: 6917,7031,7142,7143,6918,7029
7031: 7143,7144,7030,6918,6919,7032
7032: 6920,7145,7033,7031,7144,6919
7033: 6920,7034,6921,7146,7145,7032
7034: 6921,7146,7033,7035,7147,6922
7035: 6923,7148,7036,7147,6922,7034
7036: 6923,7037,6924,7149,7148,7035
7037: 6924,7149,7036,6925,7038,7150
7038: 7151,6925,7039,6926,7150,7037
7039: 7151,6927,7152,7038,6926,7040
7040: 6928,7041,7153,6927,7152,7039
7041: 6929,6928,7042,7154,7153,7040
7042: 6929,6930,7155,7041,7154,7043
7043: 6931,7156,7044,6930,7155,7042
7044: 6931,7157,7156,7043,7045,6932
7045: 7157,7044,6932,7046,7158,6933
7046: 7159,7047,6934,7158,6933,7045
7047: 7159,7160,6935,7046,7048,6934
7048: 7160,6935,7047,7049,6936,7161
7049: 7162,7050,6936,6937,7161,7048
7050: 7163,6938,7162,7049,6937,7051
7051: 7052,6939,7164,7163,6938,7050
7052: 7165,7053,6939,6940,7164,7051
7053: 7166,7165,6941,7052,6940,7054
7054: 7055,6942,7167,7166,6941,7053
7055: 6943,7168,7056,6942,7167,7054
7056: 6943,7168,7055,6944,7169,7057
7057: 6945,7058,7170,7056,6944,7169
7058: 7057,7171,6945,7170,7059,6946
7059: 7171,7058,6946,7060,7172,6947
7060: 6948,7173,7061,7172,6947,7059
7061: 6948,7174,7173,7062,7060,6949
7062: 7174,7061,6949,7063,7175,6950
7063: 7176,7064,7175,6951,6950,7062
7064: 7063,7177,7176,6952,6951,7065
7065: 6953,7066,7178,7177,7064,6952
7066: 6953,7179,17191,7065,7178,17825
7067: 13579,13214,13787,12189,14670,7180
7068: 13768,11955,12804,15030,12652,11813,15497
7069: 17461,13814,7181,15470,14791,12934
7070: 18219,13672,6845,14893,12795,17506
7071: 15515,12943,7184,14686,15385,16126
7072: 7073,6960,6959,7184,15745,7185
7073: 6960,6961,7072,7074,7185,7186
7074: 7073,6961,6962,7186,7187,7075
7075: 7076,6963,6962,7074,7187,7188
7076: 7075,6963,6964,7077,7188,7189
7077: 7076,6964,7189,7078,6965,7190
7078: 7079,6965,6966,7077,7190,7191
7079: 7078,6966,6967,7080,7192,7191
7080: 7079,6967,7192,6968,7081,7193
7081: 6968,7082,6969,7080,7193,7194
7082: 7081,6969,6970,7195,7194,7083
7083: 7084,6971,7082,6970,7195,7196
7084: 6972,6971,7083,7085,7197,7196
7085: 6972,7084,6973,7197,7198,7086
7086: 7087,6974,7085,6973,7198,7199
7087: 6975,6974,7086,7088,7199,7200
7088: 6975,7087,7200,6976,7089,7201
7089: 7090,6976,6977,7088,7202,7201
7090: 6977,6978,7089,7091,7203,7202
7091: 7090,6978,7203,7092,6979,7204
7092: 6979,6980,7093,7091,7205,7204
7093: 7092,6980,6981,7094,7205,7206
7094: 6981,7093,7206,7095,6982,7207
7095: 6982,6983,7096,7094,7208,7207
7096: 6984,7095,6983,7208,7209,7097
7097: 6985,7098,6984,7096,7209,7210
7098: 7099,6985,6986,7097,7210,7211
7099: 6986,7098,6987,7211,7212,7100
7100: 7101,6988,7099,6987,7212,7213
7101: 6988,6989,7100,7102,7214,7213
7102: 7101,6989,7214,6990,7103,7215
7103: 6990,6991,7104,7102,7216,7215
7104: 6992,6991,7103,7105,7217,7216
7105: 6992,7104,7217,6993,7106,7218
7106: 7107,6993,6994,7105,7219,7218
7107: 6995,6994,7106,7220,7219,7108
7108: 6996,7109,7107,6995,7220,7221
7109: 7110,6996,7108,6997,7222,7221
7110: 7109,6997,6998,7222,7223,7111
7111: 6999,7112,7110,6998,7223,7224
7112: 7000,6999,7113,7111,7224,7225
7113: 7000,7112,7225,7001,7114,7226
7114: 7001,7002,7115,7113,7226,7227
7115: 7002,7116,7114,7003,7227,7228
7116: 7115,7003,7228,7004,7117,7229
7117: 7004,7005,7118,7116,7230,7229
7118: 7005,7006,7117,7119,7230,7231
7119: 7006,7118,7231,7007,7120,7232
7120: 7007,7008,7121,7119,7232,7233
7121: 7008,7009,7120,7234,7233,7122
7122: 7010,7123,7009,7121,7234,7235
7123: 7010,7011,7122,7124,7235,7236
7124: 7011,7123,7012,7237,7236,7125
7125: 7013,7126,7124,7012,7237,7238
7126: 7013,7014,7125,7127,7238,7239
7127: 7014,7126,7239,7128,7015,7240
7128: 7016,7129,7015,7127,7241,7240
7129: 7016,7017,7128,7130,7242,7241
7130: 7017,7129,7242,7131,7018,7243
7131: 7019,7132,7018,7130,7244,7243
7132: 7019,7020,7131,7244,7245,7133
7133: 7134,7021,7020,7132,7245,7246
7134: 7022,7135,7021,7133,7246,7247
7135: 7022,7023,7134,7248,7247,7136
7136: 7024,7137,7023,7135,7248,7249
7137: 7025,7024,7138,7136,7249,7250
7138: 7025,7137,7250,7139,7026,7251
7139: 7027,7140,7026,7138,7252,7251
7140: 7028,7027,7141,7139,7253,7252
7141: 7028,7140,7253,7142,7029,7254
7142: 7143,7030,7029,7141,7254,7255
7143: 7031,7142,7144,7030,7255,7256
7144: 7031,7143,7256,7145,7032,7257
7145: 7146,7033,7032,7144,7258,7257
7146: 7034,7145,7033,7258,7259,7147
7147: 7148,7035,7034,7146,7259,7260
7148: 7149,7036,7035,7147,7261,7260
7149: 7037,7148,7036,7261,7262,7150
7150: 7151,7038,7037,7149,7262,7263
7151: 7152,7038,7039,7150,7263,7264
7152: 7151,7039,7264,7153,7040,7265
7153: 7041,7154,7040,7152,7266,7265
7154: 7155,7041,7042,7153,7267,7266
7155: 7042,7154,7267,7156,7043,7268
7156: 7157,7043,7044,7155,7269,7268
7157: 7156,7044,7045,7269,7270,7158
7158: 7159,7046,7157,7045,7270,7271
7159: 7160,7046,7047,7158,7272,7271
7160: 7159,7047,7048,7273,7272,7161
7161: 7162,7049,7160,7048,7273,7274
7162: 7163,7049,7050,7161,7275,7274
7163: 7162,7050,7275,7164,7051,7276
7164: 7165,7052,7051,7163,7277,7276
7165: 7166,7052,7053,7164,7278,7277
7166: 7165,7053,7278,7167,7054,7279
7167: 7168,7055,7054,7166,7279,7280
7168: 7055,7056,7169,7167,7280,7281
7169: 7168,7056,7281,7057,7170,7282
7170: 7057,7171,7058,7169,7282,7283
7171: 7058,7170,7059,7283,7284,7172
7172: 7173,7060,7171,7059,7284,7285
7173: 7174,7061,7060,7172,7285,7286
7174: 7173,7061,7062,7286,7287,7175
7175: 7063,7176,7174,7062,7287,7288
7176: 7063,7177,7064,7175,7288,7289
7177: 7176,7064,7289,7065,7178,7290
7178: 7179,7066,7065,7177,7291,7290
7179: 7292,7066,7180,17191,7178,7291
7180: 7179,7292,17191,13579,7067,14670
7181: 15403,15336,14144,13814,7069,12934
7182: 18148,16829,20042,16159,17959
7183: 13929,7296,16126,12979,12959
7184: 6959,15515,7071,15385,15745,7072
7185: 7409,7186,7298,15745,7073,7072
7186: 7185,7299,7298,7187,7073,7074
7187: 7186,7299,7074,7075,7188,7300
7188: 7301,7300,7189,7187,7075,7076
7189: 7301,7302,7188,7076,7077,7190
7190: 7303,7191,7077,7302,7189,7078
7191: 7192,7190,7303,7304,7078,7079
7192: 7191,7304,7305,7079,7080,7193
7193: 7306,7194,7080,7192,7305,7081
7194: 7195,7193,7306,7307,7081,7082
7195: 7307,7194,7082,7083,7196,7308
7196: 7197,7308,7309,7195,7084,7083
7197: 7196,7309,7310,7198,7084,7085
7198: 7197,7310,7085,7086,7199,7311
7199: 7311,7312,7200,7198,7087,7086
7200: 7199,7312,7313,7087,7088,7201
7201: 7314,7202,7088,7200,7313,7089
7202: 7314,7315,7203,7201,7090,7089
7203: 7316,7315,7202,7090,7091,7204
7204: 7205,7317,7091,7316,7203,7092
7205: 7317,7204,7206,7318,7092,7093
7206: 7205,7318,7319,7093,7094,7207
7207: 7320,7208,7094,7206,7319,7095
7208: 7321,7320,7209,7207,7095,7096
7209: 7321,7208,7096,7097,7210,7322
7210: 7322,7323,7211,7209,7097,7098
7211: 7210,7323,7324,7212,7099,7098
7212: 7211,7324,7099,7100,7325,7213
7213: 7214,7325,7326,7212,7101,7100
7214: 7326,7213,7327,7101,7102,7215
7215: 7216,7328,7102,7214,7327,7103
7216: 7217,7328,7329,7215,7104,7103
7217: 7216,7329,7330,7104,7105,7218
7218: 7219,7331,7105,7217,7330,7106
7219: 7220,7331,7332,7218,7107,7106
7220: 7219,7332,7107,7108,7333,7221
7221: 7222,7333,7334,7220,7108,7109
7222: 7334,7335,7223,7221,7110,7109
7223: 7222,7335,7110,7111,7224,7336
7224: 7336,7337,7225,7223,7111,7112
7225: 7224,7337,7338,7113,7112,7226
7226: 7339,7227,7113,7225,7338,7114
7227: 7226,7339,7340,7228,7114,7115
7228: 7340,7227,7341,7116,7115,7229
7229: 7230,7342,7116,7228,7341,7117
7230: 7342,7343,7231,7229,7117,7118
7231: 7230,7343,7344,7118,7119,7232
7232: 7345,7233,7119,7231,7344,7120
7233: 7234,7345,7346,7232,7120,7121
7234: 7346,7233,7121,7122,7347,7235
7235: 7347,7348,7236,7234,7122,7123
7236: 7348,7349,7235,7237,7123,7124
7237: 7349,7236,7124,7125,7350,7238
7238: 7350,7351,7239,7237,7125,7126
7239: 7351,7352,7238,7126,7127,7240
7240: 7353,7241,7127,7352,7239,7128
7241: 7353,7354,7242,7240,7128,7129
7242: 7354,7355,7241,7129,7130,7243
7243: 7356,7244,7130,7355,7242,7131
7244: 7356,7357,7243,7245,7131,7132
7245: 7357,7244,7132,7133,7358,7246
7246: 7359,7358,7247,7245,7134,7133
7247: 7359,7360,7246,7248,7134,7135
7248: 7360,7247,7135,7136,7249,7361
7249: 7362,7361,7250,7248,7137,7136
7250: 7362,7363,7249,7137,7138,7251
7251: 7252,7364,7138,7363,7250,7139
7252: 7365,7253,7364,7251,7140,7139
7253: 7365,7366,7252,7140,7141,7254
7254: 7367,7255,7141,7366,7253,7142
7255: 7368,7254,7367,7256,7142,7143
7256: 7368,7369,7255,7143,7144,7257
7257: 7258,7370,7144,7369,7256,7145
7258: 7371,7257,7370,7259,7146,7145
7259: 7371,7258,7146,7147,7260,7372
7260: 7261,7373,7372,7259,7148,7147
7261: 7374,7260,7373,7262,7149,7148
7262: 7374,7261,7149,7150,7263,7375
7263: 7375,7376,7264,7262,7151,7150
7264: 7377,7263,7376,7151,7152,7265
7265: 7378,7266,7152,7377,7264,7153
7266: 7267,7378,7379,7265,7154,7153
7267: 7380,7379,7266,7155,7154,7268
7268: 7381,7269,7155,7380,7267,7156
7269: 7381,7382,7268,7270,7157,7156
7270: 7269,7382,7157,7158,7271,7383
7271: 7272,7384,7383,7270,7159,7158
7272: 7273,7385,7271,7384,7159,7160
7273: 7272,7385,7160,7161,7386,7274
7274: 7275,7386,7387,7273,7162,7161
7275: 7387,7388,7274,7163,7162,7276
7276: 7389,7277,7163,7275,7388,7164
7277: 7278,7389,7390,7276,7165,7164
7278: 7390,7391,7277,7166,7165,7279
7279: 7392,7280,7166,7278,7391,7167
7280: 7279,7392,7393,7281,7168,7167
7281: 7393,7394,7280,7168,7169,7282
7282: 7283,7395,7169,7394,7281,7170
7283: 7282,7396,7395,7284,7171,7170
7284: 7283,7396,7171,7172,7285,7397
7285: 7398,7286,7397,7284,7173,7172
7286: 7398,7399,7285,7287,7174,7173
7287: 7399,7286,7174,7175,7288,7400
7288: 7289,7401,7400,7287,7176,7175
7289: 7288,7401,7402,7177,7176,7290
7290: 7403,7291,7177,7289,7402,7178
7291: 21359,7404,7403,7290,7179,7292,7178
7292: 7179,7180,7404,7291,13733,13579
7293: 13734,15823,13206,11965,20071,13733
7294: 15901,16086,16893,18273,18915,18544
7295: 12046,12871,17460,14893,7407,12744
7296: 13929,15385,7408,7183,7297,16126
7297: 7296,15385,7408,15745,7519,7409
7298: 15880,7409,7185,7186,7299,7410
7299: 7186,7410,7298,7411,7187,7300
7300: 7301,7188,7412,7299,7411,7187
7301: 7302,7188,7413,7300,7412,7189
7302: 7301,7413,7189,7414,7190,7303
7303: 7414,7190,7415,7191,7304,7302
7304: 7192,7416,7303,7415,7191,7305
7305: 7192,7416,7304,7417,7193,7306
7306: 7417,7193,7418,7307,7194,7305
7307: 7195,7419,7306,7418,7194,7308
7308: 7196,7309,7420,7195,7419,7307
7309: 7421,7197,7196,7308,7310,7420
7310: 7421,7197,7309,7422,7198,7311
7311: 7423,7199,7312,7310,7422,7198
7312: 7423,7424,7199,7311,7200,7313
7313: 7424,7312,7200,7314,7425,7201
7314: 7426,7315,7425,7202,7201,7313
7315: 7426,7316,7427,7314,7203,7202
7316: 7427,7315,7203,7317,7204,7428
7317: 7429,7205,7204,7428,7318,7316
7318: 7429,7205,7430,7317,7206,7319
7319: 7430,7206,7318,7320,7431,7207
7320: 7432,7321,7208,7431,7207,7319
7321: 7432,7433,7320,7208,7209,7322
7322: 7210,7323,7434,7433,7321,7209
7323: 7435,7210,7322,7211,7434,7324
7324: 7435,7323,7211,7436,7212,7325
7325: 7326,7213,7437,7324,7436,7212
7326: 7438,7214,7325,7213,7437,7327
7327: 7438,7214,7326,7328,7439,7215
7328: 7216,7329,7439,7440,7215,7327
7329: 7217,7216,7328,7440,7330,7441
7330: 7217,7329,7441,7331,7442,7218
7331: 7219,7332,7442,7443,7218,7330
7332: 7220,7219,7331,7443,7444,7333
7333: 7334,7445,7221,7220,7332,7444
7334: 7222,7333,7335,7445,7446,7221
7335: 7222,7334,7446,7447,7223,7336
7336: 7224,7337,7448,7335,7447,7223
7337: 7224,7336,7225,7448,7449,7338
7338: 7337,7225,7449,7226,7339,7450
7339: 7226,7340,7450,7451,7227,7338
7340: 7339,7451,7452,7227,7228,7341
7341: 7340,7452,7228,7342,7453,7229
7342: 7230,7343,7453,7454,7229,7341
7343: 7230,7342,7454,7455,7231,7344
7344: 7343,7455,7231,7345,7456,7232
7345: 7346,7456,7457,7232,7233,7344
7346: 7234,7345,7457,7458,7233,7347
7347: 7348,7459,7235,7234,7346,7458
7348: 7347,7349,7459,7460,7235,7236
7349: 7348,7460,7461,7237,7236,7350
7350: 7351,7462,7238,7349,7461,7237
7351: 7350,7352,7462,7463,7238,7239
7352: 7351,7463,7239,7353,7464,7240
7353: 7354,7464,7465,7241,7240,7352
7354: 7353,7355,7465,7466,7242,7241
7355: 7354,7466,7242,7356,7467,7243
7356: 7357,7244,7467,7468,7243,7355
7357: 7356,7244,7468,7469,7245,7358
7358: 7359,7470,7246,7357,7469,7245
7359: 7360,7358,7470,7471,7246,7247
7360: 7359,7471,7472,7248,7247,7361
7361: 7362,7249,7473,7360,7472,7248
7362: 7363,7249,7473,7474,7361,7250
7363: 7362,7474,7250,7364,7475,7251
7364: 7365,7476,7252,7475,7251,7363
7365: 7366,7253,7476,7477,7252,7364
7366: 7365,7253,7477,7254,7367,7478
7367: 7368,7254,7479,7478,7255,7366
7368: 7369,7479,7480,7367,7255,7256
7369: 7368,7480,7256,7257,7370,7481
7370: 7371,7258,7257,7482,7481,7369
7371: 7258,7482,7483,7370,7259,7372
7372: 7260,7373,7484,7371,7483,7259
7373: 7374,7261,7260,7485,7372,7484
7374: 7261,7485,7486,7373,7262,7375
7375: 7263,7487,7376,7374,7486,7262
7376: 7377,7263,7487,7488,7375,7264
7377: 7488,7376,7264,7378,7489,7265
7378: 7490,7379,7266,7489,7265,7377
7379: 7380,7267,7490,7491,7378,7266
7380: 7267,7491,7379,7381,7492,7268
7381: 7492,7493,7269,7382,7268,7380
7382: 7381,7493,7494,7269,7270,7383
7383: 7495,7271,7384,7494,7382,7270
7384: 7495,7496,7272,7385,7271,7383
7385: 7273,7496,7497,7272,7384,7386
7386: 7498,7387,7274,7273,7497,7385
7387: 7498,7275,7499,7386,7388,7274
7388: 7275,7499,7387,7389,7500,7276
7389: 7501,7390,7277,7500,7276,7388
7390: 7278,7501,7502,7389,7391,7277
7391: 7278,7502,7390,7279,7503,7392
7392: 7279,7503,7393,7280,7504,7391
7393: 7505,7392,7394,7280,7281,7504
7394: 7505,7393,7281,7282,7506,7395
7395: 7282,7283,7396,7506,7507,7394
7396: 7508,7283,7507,7395,7284,7397
7397: 7509,7398,7285,7508,7396,7284
7398: 7509,7399,7285,7510,7286,7397
7399: 7511,7398,7510,7286,7287,7400
7400: 7288,7401,7512,7511,7399,7287
7401: 7288,7289,7402,7512,7513,7400
7402: 7289,7401,7513,7403,7514,7290
7403: 21359,20589,7291,7514,7290,7402
7404: 16388,21359,14096,7291,13733,7292
7405: 15882,13206,7406,12652,15497,15735
7406: 15823,13206,7405,12976,13768,12652
7407: 12127,12979,12744,12959,17460,7295
7408: 13929,7296,16784,7519,7297,13045
7409: 15880,7185,7298,15745,7519,7297
7410: 15880,7299,7298,7411,7520,7521
7411: 7299,7410,7521,7300,7412,7522
7412: 7301,7413,7300,7411,7523,7522
7413: 7301,7302,7412,7524,7523,7414
7414: 7303,7415,7302,7413,7524,7525
7415: 7414,7416,7303,7304,7525,7526
7416: 7415,7304,7305,7527,7526,7417
7417: 7306,7418,7416,7305,7527,7528
7418: 7417,7419,7306,7307,7529,7528
7419: 7418,7307,7529,7308,7420,7530
7420: 7421,7308,7309,7419,7530,7531
7421: 7309,7310,7420,7422,7531,7532
7422: 7421,7310,7532,7423,7311,7533
7423: 7424,7311,7312,7422,7533,7534
7424: 7423,7312,7313,7534,7535,7425
7425: 7426,7314,7424,7313,7535,7536
7426: 7427,7314,7315,7425,7536,7537
7427: 7426,7316,7315,7537,7538,7428
7428: 7429,7317,7316,7427,7538,7539
7429: 7430,7317,7428,7318,7539,7540
7430: 7429,7318,7319,7540,7541,7431
7431: 7432,7320,7430,7319,7541,7542
7432: 7433,7321,7320,7431,7542,7543
7433: 7432,7321,7543,7322,7434,7544
7434: 7435,7322,7323,7433,7544,7545
7435: 7323,7434,7324,7436,7545,7546
7436: 7435,7324,7546,7325,7437,7547
7437: 7438,7325,7326,7436,7548,7547
7438: 7326,7437,7327,7548,7549,7439
7439: 7328,7440,7438,7327,7549,7550
7440: 7328,7329,7439,7441,7550,7551
7441: 7329,7440,7330,7551,7552,7442
7442: 7331,7443,7330,7441,7552,7553
7443: 7331,7332,7442,7444,7553,7554
7444: 7332,7443,7554,7333,7445,7555
7445: 7333,7334,7446,7444,7556,7555
7446: 7334,7335,7445,7447,7557,7556
7447: 7335,7446,7557,7336,7448,7558
7448: 7336,7337,7449,7447,7559,7558
7449: 7337,7448,7338,7560,7559,7450
7450: 7339,7451,7449,7338,7560,7561
7451: 7339,7340,7450,7452,7562,7561
7452: 7340,7451,7341,7563,7562,7453
7453: 7342,7454,7452,7341,7563,7564
7454: 7342,7343,7453,7455,7565,7564
7455: 7343,7454,7344,7565,7566,7456
7456: 7345,7457,7455,7344,7566,7567
7457: 7345,7346,7456,7458,7567,7568
7458: 7346,7457,7568,7347,7459,7569
7459: 7347,7348,7460,7458,7570,7569
7460: 7348,7349,7459,7461,7571,7570
7461: 7349,7460,7571,7350,7462,7572
7462: 7350,7351,7463,7461,7573,7572
7463: 7351,7352,7462,7574,7573,7464
7464: 7353,7465,7352,7463,7574,7575
7465: 7353,7354,7464,7466,7576,7575
7466: 7354,7355,7465,7577,7576,7467
7467: 7356,7468,7355,7466,7577,7578
7468: 7356,7357,7467,7469,7579,7578
7469: 7357,7468,7579,7358,7470,7580
7470: 7359,7358,7471,7469,7581,7580
7471: 7359,7360,7470,7472,7582,7581
7472: 7360,7471,7582,7473,7361,7583
7473: 7362,7474,7361,7472,7583,7584
7474: 7362,7363,7473,7584,7585,7475
7475: 7476,7364,7363,7474,7585,7586
7476: 7365,7477,7364,7475,7587,7586
7477: 7365,7366,7476,7588,7587,7478
7478: 7479,7367,7366,7477,7588,7589
7479: 7368,7480,7367,7478,7590,7589
7480: 7368,7369,7479,7591,7590,7481
7481: 7482,7370,7369,7480,7591,7592
7482: 7371,7483,7370,7481,7593,7592
7483: 7371,7482,7593,7372,7484,7594
7484: 7485,7373,7372,7483,7595,7594
7485: 7374,7486,7373,7484,7596,7595
7486: 7374,7485,7596,7487,7375,7597
7487: 7488,7375,7376,7486,7598,7597
7488: 7377,7487,7376,7599,7598,7489
7489: 7490,7378,7377,7488,7599,7600
7490: 7491,7378,7379,7489,7601,7600
7491: 7380,7490,7379,7602,7601,7492
7492: 7381,7493,7380,7491,7602,7603
7493: 7381,7492,7494,7382,7603,7604
7494: 7493,7382,7604,7495,7383,7605
7495: 7496,7384,7383,7494,7606,7605
7496: 7495,7497,7385,7384,7607,7606
7497: 7496,7385,7607,7498,7386,7608
7498: 7499,7386,7387,7497,7609,7608
7499: 7498,7387,7388,7610,7609,7500
7500: 7501,7389,7499,7388,7610,7611
7501: 7502,7389,7390,7500,7611,7612
7502: 7501,7390,7391,7612,7613,7503
7503: 7392,7504,7502,7391,7613,7614
7504: 7503,7505,7392,7393,7614,7615
7505: 7393,7394,7504,7616,7615,7506
7506: 7507,7617,7395,7505,7394,7616
7507: 7618,7508,7396,7506,7617,7395
7508: 7618,7396,7507,7509,7619,7397
7509: 7398,7510,7620,7619,7397,7508
7510: 7621,7509,7511,7398,7399,7620
7511: 7621,7399,7510,7512,7622,7400
7512: 7401,7623,7513,7622,7400,7511
7513: 7401,7623,7402,7512,7624,7514
7514: 20589,7403,14855,7402,7513,7624
7515: 16388,7516,20589,14855,7625,14154
7516: 16388,7515,14096,14154,7736,11965
7517: 14024,17398,12916,14318,17165,7627
7518: 12806,16147,15597,14657,16784,12155
7519: 7408,7297,13045,15880,7409,15875
7520: 12548,7631,7521,15880,7410,15875
7521: 7520,7631,7632,7410,7411,7522
7522: 7523,7633,7411,7632,7521,7412
7523: 7524,7633,7634,7522,7413,7412
7524: 7523,7634,7413,7414,7635,7525
7525: 7635,7636,7526,7524,7414,7415
7526: 7527,7636,7637,7525,7416,7415
7527: 7637,7526,7416,7417,7638,7528
7528: 7638,7639,7529,7527,7417,7418
7529: 7639,7640,7528,7419,7418,7530
7530: 7641,7531,7419,7529,7640,7420
7531: 7641,7642,7530,7532,7421,7420
7532: 7642,7531,7643,7421,7422,7533
7533: 7644,7534,7422,7532,7643,7423
7534: 7644,7645,7533,7535,7423,7424
7535: 7645,7534,7424,7425,7646,7536
7536: 7646,7647,7537,7535,7426,7425
7537: 7648,7647,7536,7538,7426,7427
7538: 7648,7537,7427,7428,7649,7539
7539: 7650,7649,7540,7538,7429,7428
7540: 7650,7651,7539,7541,7429,7430
7541: 7651,7540,7430,7431,7542,7652
7542: 7653,7652,7543,7541,7432,7431
7543: 7653,7542,7654,7432,7433,7544
7544: 7655,7545,7433,7654,7543,7434
7545: 7656,7655,7544,7546,7435,7434
7546: 7656,7545,7657,7435,7436,7547
7547: 7548,7658,7436,7546,7657,7437
7548: 7659,7549,7658,7547,7438,7437
7549: 7548,7659,7438,7439,7660,7550
7550: 7660,7661,7551,7549,7439,7440
7551: 7662,7661,7550,7552,7440,7441
7552: 7662,7551,7441,7442,7663,7553
7553: 7663,7664,7554,7552,7442,7443
7554: 7665,7664,7553,7443,7444,7555
7555: 7666,7556,7444,7665,7554,7445
7556: 7666,7667,7557,7555,7445,7446
7557: 7667,7668,7556,7446,7447,7558
7558: 7669,7559,7447,7668,7557,7448
7559: 7669,7670,7560,7558,7448,7449
7560: 7670,7559,7449,7450,7671,7561
7561: 7671,7672,7562,7560,7450,7451
7562: 7673,7672,7563,7561,7451,7452
7563: 7673,7562,7452,7453,7674,7564
7564: 7674,7675,7565,7563,7453,7454
7565: 7676,7675,7564,7566,7454,7455
7566: 7676,7565,7455,7456,7567,7677
7567: 7677,7678,7568,7566,7456,7457
7568: 7567,7679,7678,7457,7458,7569
7569: 7680,7570,7458,7679,7568,7459
7570: 7680,7681,7571,7569,7459,7460
7571: 7682,7681,7570,7460,7461,7572
7572: 7683,7573,7461,7682,7571,7462
7573: 7684,7683,7574,7572,7462,7463
7574: 7684,7573,7463,7464,7685,7575
7575: 7685,7686,7576,7574,7464,7465
7576: 7687,7686,7577,7575,7465,7466
7577: 7687,7576,7466,7467,7688,7578
7578: 7688,7689,7579,7577,7467,7468
7579: 7690,7689,7578,7468,7469,7580
7580: 7691,7581,7469,7690,7579,7470
7581: 7691,7692,7582,7580,7470,7471
7582: 7693,7692,7581,7471,7472,7583
7583: 7694,7584,7472,7693,7582,7473
7584: 7694,7583,7695,7585,7473,7474
7585: 7584,7695,7474,7475,7586,7696
7586: 7697,7587,7696,7585,7476,7475
7587: 7698,7697,7588,7586,7476,7477
7588: 7698,7587,7477,7478,7699,7589
7589: 7700,7699,7590,7588,7479,7478
7590: 7701,7700,7591,7589,7479,7480
7591: 7701,7590,7480,7481,7702,7592
7592: 7702,7703,7593,7591,7482,7481
7593: 7704,7703,7592,7482,7483,7594
7594: 7705,7595,7483,7704,7593,7484
7595: 7705,7706,7596,7594,7485,7484
7596: 7707,7706,7595,7485,7486,7597
7597: 7708,7598,7486,7707,7596,7487
7598: 7708,7709,7599,7597,7487,7488
7599: 7709,7598,7488,7489,7710,7600
7600: 7711,7710,7601,7599,7490,7489
7601: 7711,7712,7602,7600,7490,7491
7602: 7712,7601,7491,7492,7603,7713
7603: 7714,7713,7604,7602,7492,7493
7604: 7603,7714,7715,7493,7494,7605
7605: 7716,7606,7494,7715,7604,7495
7606: 7716,7717,7607,7605,7495,7496
7607: 7718,7717,7606,7496,7497,7608
7608: 7719,7609,7497,7718,7607,7498
7609: 7719,7610,7720,7608,7498,7499
7610: 7609,7720,7499,7500,7611,7721
7611: 7722,7612,7721,7610,7501,7500
7612: 7722,7723,7611,7613,7501,7502
7613: 7723,7612,7502,7503,7614,7724
7614: 7725,7724,7615,7613,7503,7504
7615: 7725,7726,7614,7505,7504,7616
7616: 7505,7726,7615,7506,7617,7727
7617: 7618,7506,7507,7616,7728,7727
7618: 7508,7507,7617,7728,7729,7619
7619: 7509,7620,7618,7508,7729,7730
7620: 7621,7509,7510,7619,7731,7730
7621: 7511,7510,7620,7731,7732,7622
7622: 7623,7512,7621,7511,7732,7733
7623: 7512,7513,7622,7624,7733,7734
7624: 7623,7513,7734,14855,7514,7735
7625: 21200,7735,14154,14487,7515,14855
7626: 13734,11965,12560,7736,7737,12081
7627: 7517,14024,14318,14968,12669,13915
7628: 17442,13327,18972,17153,15550,18176
7629: 7630,15622,12806,16147,16661,12939
7630: 7629,16147,12939,13045,15875,12548
7631: 12548,7520,7742,7632,7521,19066
7632: 7631,7742,7521,7633,7743,7522
7633: 7523,7743,7634,7522,20560,7632
7634: 7524,7523,7633,20560,21184,7635
7635: 7636,7746,7525,7524,7634,7745,21184
7636: 7635,7637,7746,7747,7525,7526
7637: 7527,7636,7748,7747,7526,7638
7638: 7639,7749,7528,7527,7637,7748
7639: 7638,7529,7749,7750,7640,7528
7640: 7639,7529,7750,7641,7751,7530
7641: 7642,7751,7752,7530,7531,7640
7642: 7641,7752,7753,7531,7532,7643
7643: 7642,7753,7532,7644,7754,7533
7644: 7645,7754,7755,7533,7534,7643
7645: 7644,7756,7755,7534,7535,7646
7646: 7757,7647,7536,7756,7645,7535
7647: 7646,7648,7757,7758,7536,7537
7648: 7758,7647,7759,7537,7538,7649
7649: 7650,7760,7539,7648,7759,7538
7650: 7651,7760,7761,7649,7539,7540
7651: 7650,7761,7540,7541,7762,7652
7652: 7653,7542,7763,7651,7541,7762
7653: 7542,7763,7764,7652,7654,7543
7654: 7653,7764,7543,7765,7655,7544
7655: 7656,7765,7766,7544,7545,7654
7656: 7766,7767,7655,7545,7546,7657
7657: 7656,7767,7546,7768,7658,7547
7658: 7548,7659,7768,7769,7547,7657
7659: 7548,7549,7769,7658,7770,7660
7660: 7771,7661,7550,7659,7549,7770
7661: 7660,7662,7771,7772,7550,7551
7662: 7772,7661,7773,7551,7552,7663
7663: 7774,7664,7553,7662,7773,7552
7664: 7663,7665,7774,7775,7553,7554
7665: 7775,7664,7554,7666,7776,7555
7666: 7776,7777,7667,7556,7555,7665
7667: 7666,7777,7778,7668,7557,7556
7668: 7778,7667,7557,7669,7779,7558
7669: 7779,7780,7670,7559,7558,7668
7670: 7669,7780,7781,7560,7559,7671
7671: 7782,7672,7561,7781,7670,7560
7672: 7782,7783,7671,7673,7562,7561
7673: 7783,7672,7784,7563,7562,7674
7674: 7785,7675,7564,7673,7784,7563
7675: 7785,7786,7674,7676,7565,7564
7676: 7786,7675,7565,7566,7787,7677
7677: 7567,7788,7678,7676,7566,7787
7678: 7567,7788,7789,7677,7679,7568
7679: 7789,7678,7568,7790,7680,7569
7680: 7790,7791,7681,7570,7569,7679
7681: 7791,7792,7680,7682,7571,7570
7682: 7792,7681,7571,7793,7683,7572
7683: 7793,7794,7684,7573,7572,7682
7684: 7794,7795,7683,7574,7573,7685
7685: 7796,7686,7575,7795,7684,7574
7686: 7796,7797,7685,7687,7576,7575
7687: 7797,7798,7686,7577,7576,7688
7688: 7799,7689,7578,7798,7687,7577
7689: 7799,7800,7688,7690,7579,7578
7690: 7800,7689,7579,7691,7801,7580
7691: 7802,7692,7801,7581,7580,7690
7692: 7802,7803,7691,7693,7582,7581
7693: 7803,7692,7582,7694,7583,7804
7694: 7805,7583,7584,7695,7804,7693
7695: 7805,7806,7694,7584,7585,7696
7696: 7697,7807,7586,7806,7695,7585
7697: 7808,7698,7807,7587,7586,7696
7698: 7808,7809,7697,7588,7587,7699
7699: 7700,7810,7589,7809,7698,7588
7700: 7811,7701,7810,7699,7590,7589
7701: 7811,7812,7700,7591,7590,7702
7702: 7703,7813,7592,7812,7701,7591
7703: 7814,7702,7704,7813,7593,7592
7704: 7814,7703,7593,7705,7815,7594
7705: 7706,7816,7815,7595,7594,7704
7706: 7817,7705,7707,7816,7596,7595
7707: 7817,7706,7596,7708,7818,7597
7708: 7709,7818,7819,7598,7597,7707
7709: 7820,7708,7819,7599,7598,7710
7710: 7711,7821,7600,7820,7709,7599
7711: 7712,7821,7822,7710,7601,7600
7712: 7823,7711,7822,7602,7601,7713
7713: 7603,7714,7824,7823,7712,7602
7714: 7603,7715,7824,7825,7713,7604
7715: 7714,7825,7604,7716,7826,7605
7716: 7827,7717,7606,7826,7605,7715
7717: 7716,7718,7827,7828,7607,7606
7718: 7828,7717,7607,7719,7829,7608
7719: 7609,7720,7830,7829,7608,7718
7720: 7719,7610,7609,7830,7831,7721
7721: 7722,7832,7611,7610,7720,7831
7722: 7723,7832,7833,7611,7612,7721
7723: 7722,7833,7834,7612,7613,7724
7724: 7725,7835,7614,7723,7834,7613
7725: 7726,7835,7836,7614,7724,7615
7726: 7725,7836,7615,7837,7616,7727
7727: 7728,7838,7616,7726,7837,7617
7728: 7729,7838,7839,7727,7618,7617
7729: 7728,7839,7618,7619,7840,7730
7730: 7731,7840,7841,7729,7620,7619
7731: 7841,7842,7730,7732,7621,7620
7732: 7731,7842,7621,7622,7843,7733
7733: 7843,7734,7844,7732,7623,7622
7734: 7845,7733,7844,7623,7624,7735
7735: 7625,14487,7624,7845,7734,14855
7736: 14154,15825,7516,11965,7626,7737
7737: 18267,12081,7847,15825,7736,7626
7738: 12846,19799,16584,18877,20683,16531
7739: 13442,15475,12434,18661,13475
7740: 14468,7849,12221,16661,12726,17065
7741: 12548,17372,19066,12939,12726
7742: 7631,7632,7851,7852,19066,7743
7743: 20213,7744,7633,20560,7742,7632,7852
7744: 20213,7743,20560,21184,7853,7854
7745: 21184,7854,7635,7746,7855
7746: 7635,7636,7747,7745,7855,7856
7747: 7636,7637,7748,7746,7857,7856
7748: 7637,7747,7857,7638,7858,7749
7749: 7638,7858,7639,7859,7750,7748
7750: 7639,7749,7859,7860,7640,7751
7751: 7641,7752,7861,7750,7860,7640
7752: 7641,7862,7642,7751,7861,7753
7753: 7862,7642,7752,7863,7643,7754
7754: 7644,7755,7864,7753,7863,7643
7755: 7644,7756,7645,7754,7864,7865
7756: 7645,7755,7865,7646,7866,7757
7757: 7646,7866,7758,7867,7647,7756
7758: 7648,7757,7867,7647,7868,7759
7759: 7648,7758,7868,7869,7760,7649
7760: 7650,7869,7761,7870,7649,7759
7761: 7650,7651,7760,7870,7871,7762
7762: 7651,7761,7871,7763,7872,7652
7763: 7873,7653,7764,7872,7652,7762
7764: 7873,7653,7763,7874,7654,7765
7765: 7766,7875,7655,7764,7874,7654
7766: 7876,7656,7765,7767,7875,7655
7767: 7876,7656,7766,7877,7657,7768
7768: 7878,7769,7658,7767,7877,7657
7769: 7659,7768,7878,7658,7879,7770
7770: 7659,7769,7879,7660,7771,7880
7771: 7660,7881,7880,7772,7661,7770
7772: 7662,7771,7881,7661,7882,7773
7773: 7662,7772,7882,7663,7774,7883
7774: 7663,7884,7883,7775,7664,7773
7775: 7665,7774,7884,7664,7885,7776
7776: 7666,7777,7886,7665,7775,7885
7777: 7666,7776,7887,7886,7778,7667
7778: 7777,7887,7667,7888,7668,7779
7779: 7669,7780,7889,7778,7888,7668
7780: 7669,7779,7781,7889,7890,7670
7781: 7780,7890,7670,7782,7891,7671
7782: 7783,7891,7892,7671,7672,7781
7783: 7893,7782,7892,7673,7672,7784
7784: 7893,7783,7673,7785,7894,7674
7785: 7786,7894,7895,7674,7675,7784
7786: 7896,7785,7895,7676,7675,7787
7787: 7896,7786,7676,7788,7897,7677
7788: 7789,7897,7898,7677,7678,7787
7789: 7788,7898,7679,7678,7899,7790
7790: 7791,7900,7680,7789,7679,7899
7791: 7790,7792,7900,7901,7680,7681
7792: 7791,7901,7682,7681,7902,7793
7793: 7794,7903,7683,7792,7682,7902
7794: 7793,7795,7903,7904,7684,7683
7795: 7794,7904,7684,7796,7685,7905
7796: 7797,7685,7906,7686,7905,7795
7797: 7796,7798,7906,7907,7687,7686
7798: 7797,7907,7687,7799,7908,7688
7799: 7800,7908,7688,7909,7689,7798
7800: 7799,7909,7910,7690,7689,7801
7801: 7802,7911,7691,7800,7910,7690
7802: 7803,7911,7691,7912,7692,7801
7803: 7802,7912,7913,7693,7692,7804
7804: 7805,7914,7694,7803,7913,7693
7805: 7806,7914,7694,7915,7695,7804
7806: 7805,7915,7695,7807,7916,7696
7807: 7808,7697,7917,7916,7696,7806
7808: 7809,7698,7697,7918,7807,7917
7809: 7808,7698,7918,7810,7919,7699
7810: 7811,7700,7920,7919,7699,7809
7811: 7812,7701,7700,7921,7920,7810
7812: 7811,7701,7921,7702,7813,7922
7813: 7814,7702,7703,7923,7922,7812
7814: 7704,7703,7924,7923,7813,7815
7815: 7705,7816,7925,7814,7704,7924
7816: 7817,7705,7706,7926,7925,7815
7817: 7707,7706,7927,7926,7816,7818
7818: 7708,7928,7819,7817,7707,7927
7819: 7820,7708,7928,7709,7818,7929
7820: 7709,7929,7819,7821,7930,7710
7821: 7711,7931,7822,7930,7710,7820
7822: 7823,7711,7931,7712,7821,7932
7823: 7712,7822,7932,7824,7933,7713
7824: 7714,7934,7825,7933,7713,7823
7825: 7714,7934,7715,7824,7935,7826
7826: 7716,7827,7936,7715,7825,7935
7827: 7716,7937,7828,7717,7936,7826
7828: 7938,7937,7718,7827,7717,7829
7829: 7719,7830,7939,7938,7718,7828
7830: 7719,7720,7831,7940,7939,7829
7831: 7720,7830,7940,7832,7941,7721
7832: 7722,7942,7833,7941,7721,7831
7833: 7722,7723,7832,7942,7834,7943
7834: 7723,7833,7943,7835,7944,7724
7835: 7725,7836,7945,7944,7724,7834
7836: 7725,7946,7726,7835,7945,7837
7837: 7946,7726,7836,7838,7727,7947
7838: 7728,7839,7727,7948,7947,7837
7839: 7728,7949,7729,7838,7948,7840
7840: 7950,7841,7730,7949,7729,7839
7841: 7731,7840,7950,7842,7951,7730
7842: 7731,7841,7951,7732,7952,7843
7843: 7733,7953,7844,7842,7732,7952
7844: 7843,7845,7733,7734,7953,21302
7845: 7734,7844,7954,21302,7735,7955,14487
7846: 13811,21200,14297,15825,7847
7847: 18267,12120,7737,12782,13811,7846,15825
7848: 13229,13080,16095,14968,11876,15048
7849: 7850,14468,7740,15622,15270,16661
7850: 7959,14468,15818,7849,12225,15270
7851: 7742,17372,7852,19066,17946,12568
7852: 7742,7851,17946,20213,7743,7962
7853: 7962,7963,19878,7854,20213,7744
7854: 7964,19878,7853,7744,7745,21184,7855
7855: 7965,7856,7745,7964,7854,7746
7856: 7965,7966,7855,7746,7747,7857
7857: 7748,7747,7966,7967,7856,7858
7858: 7749,7859,7748,7857,7967,7968
7859: 7858,7749,7750,7860,7968,7969
7860: 7859,7750,7969,7751,7861,7970
7861: 7862,7751,7752,7860,7971,7970
7862: 7752,7861,7753,7863,7971,7972
7863: 7862,7753,7972,7754,7864,7973
7864: 7754,7755,7865,7863,7974,7973
7865: 7756,7755,7864,7974,7975,7866
7866: 7757,7867,7756,7865,7975,7976
7867: 7866,7757,7758,7868,7977,7976
7868: 7758,7867,7759,7977,7978,7869
7869: 7760,7870,7868,7759,7978,7979
7870: 7869,7760,7761,7871,7980,7979
7871: 7761,7870,7762,7980,7981,7872
7872: 7873,7763,7871,7762,7981,7982
7873: 7763,7764,7872,7874,7982,7983
7874: 7873,7764,7983,7765,7875,7984
7875: 7876,7765,7766,7874,7984,7985
7876: 7766,7767,7875,7877,7986,7985
7877: 7876,7767,7986,7768,7878,7987
7878: 7768,7769,7879,7877,7987,7988
7879: 7878,7769,7770,7989,7988,7880
7880: 7771,7881,7879,7770,7989,7990
7881: 7771,7880,7772,7882,7990,7991
7882: 7881,7772,7773,7991,7992,7883
7883: 7774,7884,7882,7773,7992,7993
7884: 7774,7883,7775,7885,7993,7994
7885: 7884,7775,7994,7776,7886,7995
7886: 7776,7777,7887,7885,7995,7996
7887: 7777,7886,7778,7888,7997,7996
7888: 7887,7778,7997,7779,7889,7998
7889: 7779,7780,7890,7888,7998,7999
7890: 7780,7781,7889,7999,8000,7891
7891: 7782,7892,7781,7890,8000,8001
7892: 7893,7782,7783,7891,8002,8001
7893: 7783,7892,7784,8002,8003,7894
7894: 7785,7895,7893,7784,8003,8004
7895: 7896,7785,7786,7894,8004,8005
7896: 7786,7895,7787,8005,8006,7897
7897: 7788,7898,7896,7787,8006,8007
7898: 7788,7789,7897,7899,8007,8008
7899: 7789,7898,8008,7790,7900,8009
7900: 7790,7791,7901,7899,8009,8010
7901: 7791,7792,7900,7902,8011,8010
7902: 7792,7901,8011,7793,7903,8012
7903: 7793,7794,7904,7902,8012,8013
7904: 7794,7795,7903,8013,8014,7905
7905: 7796,7906,7795,7904,8014,8015
7906: 7796,7797,7907,7905,8016,8015
7907: 7797,7798,7906,8017,8016,7908
7908: 7799,7909,7798,7907,8017,8018
7909: 7799,7800,7908,7910,8019,8018
7910: 7800,7909,8019,7911,7801,8020
7911: 7802,7912,7801,7910,8021,8020
7912: 7802,7803,7911,7913,8022,8021
7913: 7803,7912,8022,7914,7804,8023
7914: 7805,7915,7804,7913,8023,8024
7915: 7805,7806,7914,8024,8025,7916
7916: 7807,7917,7806,7915,8025,8026
7917: 7808,7918,7807,7916,8026,8027
7918: 7808,7809,7917,8028,8027,7919
7919: 7920,7810,7809,7918,8028,8029
7920: 7811,7921,7810,7919,8029,8030
7921: 7811,7812,7920,8031,8030,7922
7922: 7923,7813,7812,7921,8031,8032
7923: 7814,7924,7813,7922,8033,8032
7924: 7814,7923,8033,7925,7815,8034
7925: 7926,7816,7815,7924,8035,8034
7926: 7817,7927,7816,7925,8036,8035
7927: 7817,7926,8036,7928,7818,8037
7928: 7818,7929,7819,7927,8037,8038
7929: 7820,7928,7819,8038,8039,7930
7930: 7931,7821,7820,7929,8039,8040
7931: 7821,7822,7932,7930,8040,8041
7932: 7823,7931,7822,8042,8041,7933
7933: 7934,7824,7823,7932,8042,8043
7934: 7824,7825,7935,7933,8043,8044
7935: 7934,7825,8044,7936,7826,8045
7936: 7937,7827,7826,7935,8046,8045
7937: 7938,7827,7828,7936,8046,8047
7938: 7937,7828,8047,7939,7829,8048
7939: 7830,7940,7829,7938,8049,8048
7940: 7830,7831,7939,8049,8050,7941
7941: 7832,7942,7831,7940,8050,8051
7942: 7832,7833,7943,7941,8052,8051
7943: 7942,7833,7834,8053,8052,7944
7944: 7835,7945,7834,7943,8053,8054
7945: 7946,7835,7836,7944,8054,8055
7946: 7836,7945,7837,8055,8056,7947
7947: 7838,7948,7946,7837,8056,8057
7948: 7949,7838,7839,7947,8057,8058
7949: 7839,7948,8058,7840,7950,8059
7950: 7840,7841,7951,7949,8060,8059
7951: 7950,7841,7842,7952,8060,8061
7952: 7842,7951,8061,7843,7953,8062
7953: 7843,7844,21302,7952,8062,8063
7954: 7845,21302,8064,7955,18929
7955: 14297,14487,7845,7954,18929
7956: 8174,8065,18929,13754,13811,14297
7957: 11986,8066,13229,13080,15631
7958: 15527,14913,17533,15410,16665,19460
7959: 13948,7850,12283,15818,13435,12685,12225
7960: 17065,13129,8070,12568,12727,12221
7961: 17946,8071,8070,7962,8072
7962: 8072,7963,7853,7852,17946,7961,20213
7963: 7962,17728,8073,8072,19878,7853
7964: 17728,19878,7854,7965,8074,7855
7965: 7966,8074,8075,7855,7856,7964
7966: 7965,8075,8076,7967,7856,7857
7967: 7966,8076,7857,7858,7968,8077
7968: 7969,8078,8077,7967,7858,7859
7969: 7968,8078,8079,7859,7860,7970
7970: 7971,8080,7860,7969,8079,7861
7971: 7972,7970,8080,8081,7862,7861
7972: 7971,8081,8082,7862,7863,7973
7973: 7974,8083,7863,7972,8082,7864
7974: 8083,7975,7973,8084,7864,7865
7975: 7974,8084,7865,7866,8085,7976
7976: 7977,8086,8085,7975,7866,7867
7977: 8086,7976,8087,7978,7867,7868
7978: 7977,8087,7868,7869,8088,7979
7979: 7980,8089,8088,7978,7869,7870
7980: 8089,7979,8090,7981,7870,7871
7981: 7980,8090,7871,7872,7982,8091
7982: 7983,8091,8092,7981,7873,7872
7983: 7982,8093,8092,7873,7874,7984
7984: 8094,7985,7874,7983,8093,7875
7985: 8095,7986,7984,8094,7876,7875
7986: 8095,7985,8096,7876,7877,7987
7987: 8097,7988,7877,7986,8096,7878
7988: 7987,7989,8097,8098,7878,7879
7989: 8098,7988,7879,7880,7990,8099
7990: 8099,8100,7991,7989,7881,7880
7991: 7990,8101,8100,7992,7881,7882
7992: 8101,7991,7882,7883,7993,8102
7993: 8102,8103,7994,7992,7884,7883
7994: 7993,8103,8104,7884,7885,7995
7995: 8105,7996,7885,8104,7994,7886
7996: 8105,8106,7995,7997,7887,7886
7997: 8106,7996,8107,7887,7888,7998
7998: 8108,7999,7888,7997,8107,7889
7999: 7998,8108,8109,8000,7889,7890
8000: 8109,7999,7890,7891,8110,8001
8001: 8110,8111,8002,8000,7891,7892
8002: 8111,8112,8001,8003,7893,7892
8003: 8112,8002,7893,7894,8113,8004
8004: 8113,8114,8005,8003,7894,7895
8005: 8114,8004,8115,8006,7896,7895
8006: 8115,8005,7896,7897,8116,8007
8007: 8116,8117,8008,8006,7897,7898
8008: 8117,8118,8007,7898,7899,8009
8009: 8119,8010,7899,8118,8008,7900
8010: 8119,8120,8009,8011,7900,7901
8011: 8120,8010,8121,7901,7902,8012
8012: 8122,8013,7902,8011,8121,7903
8013: 8122,8123,8012,8014,7903,7904
8014: 8123,8013,7904,7905,8124,8015
8015: 8125,8124,8016,8014,7906,7905
8016: 8017,8125,8126,8015,7906,7907
8017: 8126,8016,7907,7908,8018,8127
8018: 8019,8128,8127,8017,7908,7909
8019: 8128,8129,8018,7909,7910,8020
8020: 8021,8130,7910,8019,8129,7911
8021: 8022,8131,8130,8020,7911,7912
8022: 8131,8132,8021,7912,7913,8023
8023: 8133,8024,7913,8022,8132,7914
8024: 8133,8134,8023,8025,7914,7915
8025: 8134,8024,7915,7916,8026,8135
8026: 8136,8027,8135,8025,7917,7916
8027: 8136,8137,8028,8026,7918,7917
8028: 8137,8027,7918,7919,8029,8138
8029: 8139,8030,8138,8028,7920,7919
8030: 8139,8140,8029,8031,7921,7920
8031: 8140,8030,7921,7922,8141,8032
8032: 8033,8141,8142,8031,7923,7922
8033: 8143,8032,8142,7924,7923,8034
8034: 8035,8144,7924,8143,8033,7925
8035: 8145,8036,8144,8034,7926,7925
8036: 8145,8146,8035,7927,7926,8037
8037: 8147,8038,7927,8146,8036,7928
8038: 8147,8037,8039,8148,7928,7929
8039: 8038,8148,7929,7930,8040,8149
8040: 8150,8041,8149,8039,7931,7930
8041: 8151,8040,8042,8150,7931,7932
8042: 8151,8041,7932,7933,8043,8152
8043: 8152,8044,8153,8042,7934,7933
8044: 8154,8043,8153,7934,7935,8045
8045: 8046,8155,7935,8154,8044,7936
8046: 8156,8155,8047,8045,7937,7936
8047: 8157,8156,8046,7938,7937,8048
8048: 8049,8158,7938,8157,8047,7939
8049: 8159,8158,8050,8048,7940,7939
8050: 8159,8049,7940,7941,8051,8160
8051: 8052,8161,8160,8050,7942,7941
8052: 8053,8161,8162,8051,7942,7943
8053: 8052,8162,7943,7944,8054,8163
8054: 8055,8164,8163,8053,7945,7944
8055: 8054,8164,8165,8056,7946,7945
8056: 8055,8165,7946,7947,8057,8166
8057: 8058,8167,8166,8056,7948,7947
8058: 8057,8167,8168,7949,7948,8059
8059: 8060,8169,7949,8058,8168,7950
8060: 8170,8059,8169,8061,7950,7951
8061: 8060,8170,8171,7951,7952,8062
8062: 8063,8172,7952,8061,8171,7953
8063: 8062,8173,8064,8172,7953,21302
8064: 8063,17448,8173,7954,21302,8065,18929
8065: 7956,8174,18929,13819,17448,8064
8066: 8175,7957,15631,13047,16884
8067: 13080,15631,12421,17356,13089,13628
8068: 19967,19585,15509,15199,15874,12052
8069: 8285,20473,19723,18590,13833,13948
8070: 17946,8071,7961,13129,12568,7960
8071: 7961,13129,8070,8180,8179,8072,17275
8072: 7962,8073,7963,17275,8071,7961
8073: 17728,8072,7963,8181,17275
8074: 7965,8183,8075,17728,7964,8182
8075: 8184,7965,8183,7966,8074,8076
8076: 8184,7966,8075,7967,8185,8077
8077: 7968,8186,8078,8076,7967,8185
8078: 7968,8186,7969,8077,8079,8187
8079: 7969,8078,8187,7970,8080,8188
8080: 7971,8189,7970,8081,8188,8079
8081: 7971,8189,7972,8080,8190,8082
8082: 7972,8081,8190,8083,7973,8191
8083: 7974,8192,7973,8084,8191,8082
8084: 7974,8083,8192,7975,8193,8085
8085: 8086,7976,8194,7975,8084,8193
8086: 7977,8085,8195,7976,8087,8194
8087: 7977,8086,8195,8196,7978,8088
8088: 8089,7979,8197,8087,8196,7978
8089: 7980,8088,8198,7979,8090,8197
8090: 7980,8089,8198,7981,8199,8091
8091: 7982,8092,8200,8090,7981,8199
8092: 7982,7983,8091,8093,8201,8200
8093: 7983,8092,8201,7984,8094,8202
8094: 8095,7984,7985,8202,8203,8093
8095: 7986,8094,7985,8203,8204,8096
8096: 8095,7986,8204,7987,8097,8205
8097: 7987,8098,8206,8205,7988,8096
8098: 7989,8097,8206,7988,8207,8099
8099: 7990,8100,8208,7989,8098,8207
8100: 7990,8099,8101,8209,8208,7991
8101: 8100,8209,7991,8210,7992,8102
8102: 7993,8103,8211,8101,8210,7992
8103: 7993,8102,8212,8104,8211,7994
8104: 8212,8103,7994,8105,7995,8213
8105: 8106,7995,8213,8214,7996,8104
8106: 8215,8105,8214,7997,7996,8107
8107: 8215,8106,7997,7998,8108,8216
8108: 7998,8109,7999,8216,8217,8107
8109: 8108,7999,8217,8000,8218,8110
8110: 8111,8219,8001,8109,8000,8218
8111: 8110,8112,8002,8219,8220,8001
8112: 8111,8002,8220,8221,8003,8113
8113: 8114,8004,8222,8112,8221,8003
8114: 8113,8004,8115,8222,8223,8005
8115: 8114,8223,8005,8006,8224,8116
8116: 8117,8007,8225,8115,8006,8224
8117: 8116,8118,8007,8225,8226,8008
8118: 8117,8226,8008,8119,8009,8227
8119: 8120,8009,8227,8228,8010,8118
8120: 8119,8228,8229,8011,8010,8121
8121: 8120,8229,8011,8122,8230,8012
8122: 8123,8230,8231,8012,8013,8121
8123: 8122,8231,8232,8013,8014,8124
8124: 8125,8233,8015,8123,8232,8014
8125: 8126,8233,8234,8124,8016,8015
8126: 8017,8125,8234,8235,8016,8127
8127: 8128,8236,8018,8017,8126,8235
8128: 8019,8129,8236,8237,8018,8127
8129: 8019,8128,8237,8130,8238,8020
8130: 8131,8239,8021,8238,8020,8129
8131: 8022,8132,8239,8240,8021,8130
8132: 8022,8131,8240,8133,8023,8241
8133: 8134,8023,8242,8024,8241,8132
8134: 8133,8242,8243,8024,8025,8135
8135: 8136,8026,8244,8134,8243,8025
8136: 8137,8245,8026,8027,8244,8135
8137: 8136,8028,8245,8246,8027,8138
8138: 8139,8247,8029,8137,8028,8246
8139: 8140,8247,8248,8029,8030,8138
8140: 8139,8248,8249,8031,8030,8141
8141: 8250,8032,8142,8140,8249,8031
8142: 8250,8143,8033,8251,8141,8032
8143: 8033,8251,8142,8144,8252,8034
8144: 8145,8253,8035,8252,8034,8143
8145: 8146,8036,8254,8253,8035,8144
8146: 8145,8036,8254,8147,8037,8255
8147: 8037,8038,8256,8148,8255,8146
8148: 8147,8038,8257,8256,8039,8149
8149: 8040,8150,8258,8257,8039,8148
8150: 8151,8040,8259,8041,8258,8149
8151: 8042,8260,8150,8259,8041,8152
8152: 8043,8261,8153,8151,8042,8260
8153: 8154,8043,8261,8152,8044,8262
8154: 8044,8262,8153,8155,8263,8045
8155: 8156,8046,8264,8263,8045,8154
8156: 8157,8046,8155,8047,8265,8264
8157: 8156,8047,8265,8158,8048,8266
8158: 8267,8159,8049,8048,8266,8157
8159: 8267,8049,8158,8050,8268,8160
8160: 8161,8051,8269,8159,8050,8268
8161: 8270,8052,8162,8051,8269,8160
8162: 8053,8270,8052,8161,8271,8163
8163: 8054,8164,8272,8053,8162,8271
8164: 8054,8273,8055,8165,8163,8272
8165: 8273,8055,8164,8274,8056,8166
8166: 8057,8275,8167,8165,8274,8056
8167: 8057,8275,8058,8168,8166,8276
8168: 8058,8167,8276,8059,8169,8277
8169: 8060,8278,8170,8059,8277,8168
8170: 8060,8278,8279,8169,8061,8171
8171: 8279,8170,8061,8062,8172,8280
8172: 8062,21260,8063,8173,8280,16919,8171
8173: 8063,17448,8064,8172,16919
8174: 7956,16906,13221,8065,13754,13819
8175: 8066,13047,16884,13221,12867,14149
8176: 12868,15051,19121,16939,19570,16823
8177: 19714,11835,18970,18424,16899,16930
8178: 8287,8179,12389,20026,13129
8179: 8287,8178,14058,8180,8071,13129
8180: 14058,8179,8071,17275,17043,8288
8181: 17728,8073,8182,17275,16572,17043,8289
8182: 17728,8181,8289,8183,8074,8290
8183: 8184,8074,8075,8182,8290,8291
8184: 8183,8075,8076,8185,8291,8292
8185: 8184,8076,8292,8186,8077,8293
8186: 8078,8077,8187,8185,8294,8293
8187: 8186,8078,8079,8294,8295,8188
8188: 8189,8080,8079,8187,8295,8296
8189: 8080,8081,8188,8190,8296,8297
8190: 8189,8081,8082,8297,8298,8191
8191: 8083,8192,8190,8082,8298,8299
8192: 8083,8084,8191,8193,8299,8300
8193: 8192,8084,8300,8085,8194,8301
8194: 8086,8085,8195,8193,8302,8301
8195: 8086,8087,8194,8196,8302,8303
8196: 8195,8087,8303,8088,8197,8304
8197: 8089,8088,8198,8196,8305,8304
8198: 8089,8090,8197,8199,8305,8306
8199: 8198,8090,8306,8091,8200,8307
8200: 8091,8092,8201,8199,8307,8308
8201: 8093,8092,8200,8308,8309,8202
8202: 8094,8203,8093,8201,8309,8310
8203: 8095,8094,8202,8204,8310,8311
8204: 8095,8203,8096,8311,8312,8205
8205: 8097,8206,8204,8096,8312,8313
8206: 8097,8098,8205,8207,8314,8313
8207: 8098,8206,8314,8099,8208,8315
8208: 8099,8100,8209,8207,8316,8315
8209: 8101,8100,8208,8210,8317,8316
8210: 8101,8209,8317,8102,8211,8318
8211: 8102,8212,8103,8210,8318,8319
8212: 8103,8104,8211,8320,8319,8213
8213: 8105,8214,8212,8104,8320,8321
8214: 8215,8105,8106,8213,8322,8321
8215: 8106,8214,8107,8322,8323,8216
8216: 8108,8217,8215,8107,8323,8324
8217: 8108,8109,8216,8218,8325,8324
8218: 8109,8217,8325,8110,8219,8326
8219: 8110,8111,8220,8218,8326,8327
8220: 8111,8112,8219,8221,8328,8327
8221: 8112,8220,8328,8113,8222,8329
8222: 8113,8114,8223,8221,8330,8329
8223: 8114,8115,8222,8224,8330,8331
8224: 8115,8223,8331,8116,8225,8332
8225: 8116,8117,8226,8224,8333,8332
8226: 8117,8118,8225,8334,8333,8227
8227: 8119,8228,8118,8226,8334,8335
8228: 8119,8120,8227,8229,8335,8336
8229: 8120,8228,8121,8336,8337,8230
8230: 8122,8231,8229,8121,8337,8338
8231: 8122,8123,8230,8232,8339,8338
8232: 8123,8231,8339,8233,8124,8340
8233: 8125,8234,8124,8232,8341,8340
8234: 8125,8126,8233,8235,8342,8341
8235: 8126,8234,8342,8236,8127,8343
8236: 8128,8237,8127,8235,8344,8343
8237: 8128,8129,8236,8345,8344,8238
8238: 8239,8130,8129,8237,8345,8346
8239: 8131,8240,8130,8238,8347,8346
8240: 8131,8132,8239,8347,8348,8241
8241: 8133,8242,8132,8240,8348,8349
8242: 8133,8134,8243,8241,8350,8349
8243: 8134,8242,8350,8244,8135,8351
8244: 8136,8245,8135,8243,8352,8351
8245: 8136,8137,8246,8244,8353,8352
8246: 8137,8245,8353,8247,8138,8354
8247: 8139,8248,8138,8246,8355,8354
8248: 8139,8140,8247,8249,8355,8356
8249: 8140,8248,8356,8250,8141,8357
8250: 8251,8141,8142,8249,8357,8358
8251: 8250,8143,8142,8359,8358,8252
8252: 8253,8144,8143,8251,8359,8360
8253: 8145,8254,8144,8252,8360,8361
8254: 8145,8146,8253,8362,8361,8255
8255: 8147,8256,8146,8254,8362,8363
8256: 8147,8257,8148,8255,8363,8364
8257: 8256,8148,8364,8258,8149,8365
8258: 8150,8259,8149,8257,8366,8365
8259: 8151,8260,8150,8258,8367,8366
8260: 8151,8259,8367,8261,8152,8368
8261: 8152,8262,8153,8260,8369,8368
8262: 8154,8261,8153,8369,8370,8263
8263: 8155,8264,8154,8262,8370,8371
8264: 8156,8155,8265,8263,8372,8371
8265: 8157,8156,8264,8372,8373,8266
8266: 8267,8158,8157,8265,8373,8374
8267: 8159,8158,8268,8266,8375,8374
8268: 8267,8159,8375,8269,8160,8376
8269: 8270,8161,8160,8268,8377,8376
8270: 8161,8162,8271,8269,8377,8378
8271: 8270,8162,8378,8163,8272,8379
8272: 8273,8164,8163,8271,8380,8379
8273: 8164,8165,8272,8274,8380,8381
8274: 8273,8165,8381,8275,8166,8382
8275: 8167,8166,8276,8274,8383,8382
8276: 8275,8167,8168,8384,8383,8277
8277: 8278,8169,8168,8276,8384,8385
8278: 8279,8170,8169,8277,8386,8385
8279: 8278,8170,8171,8386,8387,8280
8280: 21260,8172,8279,8171,8387,8388
8281: 19177,8389,16919,14049,16351
8282: 16862,8496,13072,13765,16351,8283
8283: 16862,8282,16351,16906,14049,13819
8284: 18515,16783,15600,13444,16481,17096
8285: 20473,17972,8069,8286,18590,8392
8286: 8285,20473,17972,12475,19122,19879
8287: 8178,8393,12950,14058,8179,12389
8288: 15696,16572,17043,8394,14058,8180
8289: 16572,8395,8396,8181,8182,8290
8290: 8397,8291,8182,8289,8396,8183
8291: 8290,8397,8398,8292,8184,8183
8292: 8398,8291,8399,8184,8185,8293
8293: 8400,8294,8185,8292,8399,8186
8294: 8401,8400,8293,8295,8186,8187
8295: 8401,8294,8187,8188,8296,8402
8296: 8403,8297,8402,8295,8189,8188
8297: 8404,8403,8296,8298,8189,8190
8298: 8404,8297,8190,8191,8299,8405
8299: 8406,8300,8405,8298,8192,8191
8300: 8407,8406,8299,8192,8193,8301
8301: 8302,8408,8193,8407,8300,8194
8302: 8409,8303,8408,8301,8195,8194
8303: 8302,8409,8410,8195,8196,8304
8304: 8305,8411,8196,8303,8410,8197
8305: 8412,8306,8304,8411,8198,8197
8306: 8305,8412,8413,8198,8199,8307
8307: 8308,8414,8199,8306,8413,8200
8308: 8307,8309,8415,8414,8201,8200
8309: 8308,8415,8201,8202,8310,8416
8310: 8311,8416,8417,8309,8202,8203
8311: 8310,8418,8417,8312,8203,8204
8312: 8311,8418,8204,8205,8419,8313
8313: 8420,8419,8314,8312,8206,8205
8314: 8420,8421,8313,8206,8207,8315
8315: 8422,8316,8207,8421,8314,8208
8316: 8423,8422,8317,8315,8209,8208
8317: 8423,8316,8424,8209,8210,8318
8318: 8425,8319,8210,8317,8424,8211
8319: 8426,8318,8320,8425,8212,8211
8320: 8426,8319,8212,8213,8427,8321
8321: 8322,8427,8428,8320,8213,8214
8322: 8321,8429,8428,8323,8215,8214
8323: 8322,8429,8215,8216,8430,8324
8324: 8430,8325,8431,8323,8216,8217
8325: 8432,8324,8431,8217,8218,8326
8326: 8433,8327,8218,8432,8325,8219
8327: 8433,8328,8434,8326,8219,8220
8328: 8435,8434,8327,8220,8221,8329
8329: 8330,8436,8221,8435,8328,8222
8330: 8331,8329,8437,8436,8222,8223
8331: 8330,8437,8438,8223,8224,8332
8332: 8333,8439,8224,8331,8438,8225
8333: 8334,8332,8440,8439,8225,8226
8334: 8333,8440,8226,8227,8441,8335
8335: 8441,8336,8442,8334,8227,8228
8336: 8335,8337,8443,8442,8228,8229
8337: 8336,8443,8229,8230,8338,8444
8338: 8339,8444,8445,8337,8230,8231
8339: 8446,8338,8445,8231,8232,8340
8340: 8447,8341,8232,8446,8339,8233
8341: 8447,8342,8340,8448,8233,8234
8342: 8341,8449,8448,8234,8235,8343
8343: 8344,8450,8235,8342,8449,8236
8344: 8345,8343,8450,8451,8236,8237
8345: 8344,8451,8237,8238,8346,8452
8346: 8347,8453,8452,8345,8239,8238
8347: 8454,8346,8453,8348,8239,8240
8348: 8454,8347,8240,8241,8455,8349
8349: 8456,8455,8350,8348,8242,8241
8350: 8456,8349,8457,8242,8243,8351
8351: 8458,8352,8243,8350,8457,8244
8352: 8459,8458,8353,8351,8245,8244
8353: 8459,8352,8460,8245,8246,8354
8354: 8355,8461,8246,8353,8460,8247
8355: 8462,8461,8356,8354,8247,8248
8356: 8462,8355,8463,8248,8249,8357
8357: 8464,8358,8249,8356,8463,8250
8358: 8465,8464,8357,8359,8250,8251
8359: 8465,8358,8251,8252,8360,8466
8360: 8467,8361,8466,8359,8253,8252
8361: 8467,8362,8360,8468,8254,8253
8362: 8468,8361,8254,8255,8469,8363
8363: 8469,8470,8364,8362,8256,8255
8364: 8470,8363,8471,8257,8256,8365
8365: 8472,8366,8257,8471,8364,8258
8366: 8473,8367,8472,8365,8259,8258
8367: 8473,8474,8366,8260,8259,8368
8368: 8475,8369,8260,8367,8474,8261
8369: 8475,8370,8368,8476,8261,8262
8370: 8369,8476,8262,8263,8371,8477
8371: 8372,8478,8477,8370,8264,8263
8372: 8479,8373,8478,8371,8265,8264
8373: 8479,8372,8265,8266,8480,8374
8374: 8375,8480,8481,8373,8267,8266
8375: 8482,8374,8481,8267,8268,8376
8376: 8483,8377,8268,8482,8375,8269
8377: 8484,8483,8378,8376,8270,8269
8378: 8485,8484,8377,8270,8271,8379
8379: 8486,8380,8271,8485,8378,8272
8380: 8486,8487,8381,8379,8273,8272
8381: 8487,8380,8273,8274,8382,8488
8382: 8489,8383,8488,8274,8381,8275
8383: 8489,8490,8384,8382,8275,8276
8384: 8490,8383,8276,8277,8385,8491
8385: 8492,8386,8491,8384,8278,8277
8386: 8493,8492,8387,8385,8278,8279
8387: 8493,8386,8279,8280,8388,8494
8388: 14310,8494,19177,8387,21260,8280
8389: 8495,14310,19177,8281,13765,16351
8390: 8602,8496,13072,18998,8603
8391: 17428,16862,13072,12867,14149
8392: 17131,18590,18320,13287,8285,17972,12400
8393: 8287,8394,14138,12950,14329,14058
8394: 8393,14329,14058,15696,8288,14376
8395: 15696,16572,16432,8289,8502,8396
8396: 8395,8289,8502,8290,8397,8503
8397: 8290,8398,8291,8503,8504,8396
8398: 8397,8291,8504,8292,8505,8399
8399: 8398,8292,8505,8400,8506,8293
8400: 8401,8507,8294,8506,8293,8399
8401: 8400,8507,8294,8295,8508,8402
8402: 8403,8296,8509,8401,8295,8508
8403: 8404,8510,8296,8509,8297,8402
8404: 8403,8510,8297,8511,8298,8405
8405: 8406,8299,8512,8404,8511,8298
8406: 8407,8513,8299,8512,8300,8405
8407: 8406,8513,8300,8514,8408,8301
8408: 8514,8302,8409,8515,8301,8407
8409: 8302,8516,8515,8303,8408,8410
8410: 8516,8409,8303,8517,8304,8411
8411: 8517,8305,8412,8518,8304,8410
8412: 8305,8306,8518,8411,8519,8413
8413: 8412,8306,8519,8520,8307,8414
8414: 8520,8307,8308,8521,8415,8413
8415: 8308,8309,8521,8414,8522,8416
8416: 8523,8310,8417,8309,8415,8522
8417: 8523,8310,8311,8416,8524,8418
8418: 8311,8524,8417,8525,8312,8419
8419: 8420,8526,8313,8418,8525,8312
8420: 8421,8527,8419,8314,8526,8313
8421: 8420,8527,8314,8528,8422,8315
8422: 8423,8528,8529,8316,8315,8421
8423: 8529,8422,8317,8316,8530,8424
8424: 8423,8317,8530,8531,8318,8425
8425: 8426,8531,8318,8532,8319,8424
8426: 8532,8320,8533,8425,8319,8427
8427: 8534,8321,8428,8426,8320,8533
8428: 8322,8534,8427,8535,8321,8429
8429: 8322,8535,8428,8536,8323,8430
8430: 8537,8324,8431,8429,8536,8323
8431: 8432,8537,8430,8538,8325,8324
8432: 8538,8325,8431,8539,8433,8326
8433: 8539,8540,8434,8326,8327,8432
8434: 8540,8433,8541,8435,8328,8327
8435: 8541,8328,8434,8542,8329,8436
8436: 8542,8543,8330,8329,8437,8435
8437: 8543,8330,8331,8544,8436,8438
8438: 8331,8544,8437,8545,8332,8439
8439: 8545,8546,8333,8332,8440,8438
8440: 8546,8547,8334,8333,8439,8441
8441: 8548,8335,8442,8547,8334,8440
8442: 8548,8549,8441,8335,8336,8443
8443: 8549,8336,8337,8442,8550,8444
8444: 8551,8338,8445,8337,8443,8550
8445: 8551,8552,8446,8339,8338,8444
8446: 8552,8339,8445,8447,8340,8553
8447: 8554,8341,8340,8448,8553,8446
8448: 8447,8554,8555,8342,8341,8449
8449: 8555,8342,8448,8556,8343,8450
8450: 8556,8557,8344,8343,8451,8449
8451: 8557,8558,8345,8344,8450,8452
8452: 8346,8559,8453,8558,8345,8451
8453: 8454,8560,8347,8346,8559,8452
8454: 8560,8561,8347,8453,8348,8455
8455: 8456,8349,8562,8454,8561,8348
8456: 8563,8455,8350,8349,8562,8457
8457: 8456,8563,8350,8458,8564,8351
8458: 8459,8352,8565,8564,8351,8457
8459: 8566,8458,8353,8352,8565,8460
8460: 8459,8566,8353,8461,8567,8354
8461: 8462,8355,8568,8567,8354,8460
8462: 8569,8355,8461,8356,8568,8463
8463: 8462,8569,8356,8464,8570,8357
8464: 8465,8570,8357,8571,8358,8463
8465: 8572,8464,8571,8359,8358,8466
8466: 8467,8360,8573,8465,8572,8359
8467: 8574,8360,8468,8361,8573,8466
8468: 8574,8575,8467,8362,8361,8469
8469: 8576,8470,8363,8575,8362,8468
8470: 8469,8576,8577,8363,8471,8364
8471: 8577,8470,8364,8472,8578,8365
8472: 8473,8579,8366,8578,8365,8471
8473: 8367,8580,8472,8579,8474,8366
8474: 8473,8367,8580,8475,8368,8581
8475: 8369,8582,8368,8476,8581,8474
8476: 8475,8369,8583,8370,8582,8477
8477: 8478,8584,8371,8583,8370,8476
8478: 8479,8372,8585,8584,8371,8477
8479: 8372,8586,8373,8585,8478,8480
8480: 8374,8481,8587,8479,8586,8373
8481: 8482,8375,8480,8374,8588,8587
8482: 8375,8588,8481,8483,8589,8376
8483: 8484,8377,8590,8589,8376,8482
8484: 8485,8483,8377,8591,8590,8378
8485: 8484,8591,8378,8486,8379,8592
8486: 8487,8593,8380,8379,8592,8485
8487: 8486,8593,8380,8594,8381,8488
8488: 8489,8382,8595,8487,8594,8381
8489: 8490,8596,8383,8382,8595,8488
8490: 8489,8384,8596,8597,8383,8491
8491: 8492,8385,8598,8490,8384,8597
8492: 8493,8599,8386,8385,8598,8491
8493: 18740,8492,8599,8386,8387,8494
8494: 8601,8388,14310,18740,8493,8387
8495: 13389,8601,13388,14310,8389,13765
8496: 8602,8282,13072,8390,13765,13388
8497: 12210,14077,13876,17851,14814,16766
8498: 19971,15915,18289,19407,14832,19468
8499: 13817,17437,12475,12171,14246,13195
8500: 13179,8501,8607,13195,14138,14329
8501: 8500,8607,14329,14376,13725,8608
8502: 16432,8395,8396,15404,8609,8503
8503: 8397,8504,8502,8396,8609,8610
8504: 8397,8398,8503,8505,8610,8611
8505: 8398,8504,8399,8611,8612,8506
8506: 8400,8507,8505,8399,8612,8613
8507: 8401,8400,8506,8508,8613,8614
8508: 8401,8507,8614,8509,8402,8615
8509: 8403,8510,8402,8508,8616,8615
8510: 8404,8403,8509,8511,8616,8617
8511: 8404,8510,8617,8512,8405,8618
8512: 8406,8513,8405,8511,8618,8619
8513: 8407,8406,8512,8620,8619,8514
8514: 8515,8408,8407,8513,8620,8621
8515: 8514,8516,8409,8408,8622,8621
8516: 8409,8515,8410,8622,8623,8517
8517: 8518,8411,8516,8410,8623,8624
8518: 8517,8412,8411,8519,8624,8625
8519: 8412,8518,8413,8625,8520,8626
8520: 8521,8414,8519,8413,8626,8627
8521: 8520,8415,8414,8522,8628,8627
8522: 8521,8415,8628,8523,8416,8629
8523: 8416,8524,8417,8522,8630,8629
8524: 8523,8418,8417,8525,8630,8631
8525: 8524,8418,8631,8419,8526,8632
8526: 8420,8527,8419,8525,8632,8633
8527: 8420,8421,8526,8634,8633,8528
8528: 8529,8422,8421,8527,8634,8635
8529: 8423,8528,8422,8530,8636,8635
8530: 8423,8529,8424,8636,8637,8531
8531: 8532,8425,8530,8424,8637,8638
8532: 8426,8531,8533,8425,8639,8638
8533: 8426,8532,8639,8534,8427,8640
8534: 8427,8535,8428,8533,8640,8641
8535: 8534,8429,8428,8536,8642,8641
8536: 8535,8429,8642,8537,8430,8643
8537: 8430,8538,8431,8536,8643,8644
8538: 8432,8537,8431,8645,8644,8539
8539: 8540,8433,8432,8538,8645,8646
8540: 8539,8433,8541,8434,8646,8647
8541: 8540,8435,8434,8647,8648,8542
8542: 8543,8436,8541,8435,8648,8649
8543: 8542,8544,8437,8436,8649,8650
8544: 8543,8437,8438,8650,8545,8651
8545: 8546,8439,8544,8438,8651,8652
8546: 8545,8547,8440,8439,8652,8653
8547: 8546,8440,8653,8548,8441,8654
8548: 8549,8441,8442,8547,8655,8654
8549: 8548,8443,8442,8550,8656,8655
8550: 8549,8443,8656,8551,8444,8657
8551: 8552,8444,8445,8550,8658,8657
8552: 8551,8446,8445,8658,8659,8553
8553: 8447,8554,8552,8446,8659,8660
8554: 8447,8555,8448,8553,8661,8660
8555: 8554,8449,8448,8662,8661,8556
8556: 8557,8450,8555,8449,8662,8663
8557: 8556,8558,8450,8451,8663,8664
8558: 8557,8451,8664,8559,8452,8665
8559: 8560,8453,8452,8558,8666,8665
8560: 8454,8561,8559,8453,8666,8667
8561: 8454,8560,8667,8455,8562,8668
8562: 8456,8563,8455,8561,8669,8668
8563: 8456,8562,8457,8670,8669,8564
8564: 8458,8565,8563,8457,8670,8671
8565: 8459,8566,8458,8564,8671,8672
8566: 8459,8565,8460,8673,8672,8567
8567: 8461,8568,8566,8460,8673,8674
8568: 8462,8569,8461,8567,8674,8675
8569: 8462,8568,8463,8676,8675,8570
8570: 8464,8571,8569,8463,8676,8677
8571: 8465,8572,8464,8570,8677,8678
8572: 8465,8571,8678,8573,8466,8679
8573: 8574,8467,8466,8572,8679,8680
8574: 8575,8467,8468,8573,8680,8681
8575: 8574,8468,8681,8469,8576,8682
8576: 8469,8577,8470,8575,8683,8682
8577: 8576,8470,8471,8683,8684,8578
8578: 8472,8579,8577,8471,8684,8685
8579: 8473,8580,8472,8578,8686,8685
8580: 8473,8579,8474,8686,8687,8581
8581: 8475,8582,8580,8474,8687,8688
8582: 8475,8583,8476,8581,8689,8688
8583: 8582,8476,8689,8584,8477,8690
8584: 8585,8478,8477,8583,8691,8690
8585: 8479,8586,8478,8584,8691,8692
8586: 8479,8585,8692,8480,8587,8693
8587: 8480,8588,8481,8586,8694,8693
8588: 8482,8481,8587,8694,8695,8589
8589: 8483,8590,8482,8588,8695,8696
8590: 8484,8483,8591,8589,8697,8696
8591: 8485,8484,8590,8697,8698,8592
8592: 8486,8593,8485,8591,8698,8699
8593: 8486,8487,8594,8592,8699,8700
8594: 8487,8593,8700,21310,8595,8488,8701
8595: 8489,8596,8488,8594,21310,8701,21118
8596: 8489,8490,8597,8595,8703,21118
8597: 8490,8596,8703,8598,8491,17299
8598: 8492,8599,8491,8597,17973,17299
8599: 18740,8493,8492,8598,17973,8706
8600: 8601,18740,8706,8707,18068
8601: 8495,13389,14310,8494,8600,18740,8707
8602: 8496,8390,13389,13388,12699,8603,16700
8603: 16700,16322,20555,8602,8390
8604: 20899,12119,16766,19804,14814,15814
8605: 15145,20257,13831,13455,15188,13724
8606: 13179,15758,14246,12735,15690,17437,12952
8607: 13179,8501,8500,12735,8713,13725
8608: 14916,15404,13725,8501,15696,16432,14376
8609: 15404,8715,8502,8503,15347,8610
8610: 15347,8716,8611,8609,8503,8504
8611: 8716,8717,8610,8612,8504,8505
8612: 8717,8611,8505,8506,8718,8613
8613: 8718,8719,8614,8612,8507,8506
8614: 8720,8719,8613,8507,8508,8615
8615: 8721,8616,8508,8720,8614,8509
8616: 8721,8722,8617,8615,8510,8509
8617: 8616,8722,8723,8510,8511,8618
8618: 8724,8619,8511,8617,8723,8512
8619: 8724,8618,8725,8620,8513,8512
8620: 8725,8619,8513,8514,8726,8621
8621: 8727,8622,8726,8620,8514,8515
8622: 8727,8621,8728,8623,8516,8515
8623: 8622,8728,8516,8517,8624,8729
8624: 8730,8729,8625,8623,8517,8518
8625: 8730,8624,8731,8518,8519,8626
8626: 8732,8627,8519,8731,8625,8520
8627: 8733,8732,8628,8626,8520,8521
8628: 8733,8734,8627,8521,8522,8629
8629: 8630,8735,8522,8734,8628,8523
8630: 8736,8735,8631,8629,8523,8524
8631: 8630,8736,8737,8524,8525,8632
8632: 8738,8633,8525,8631,8737,8526
8633: 8738,8739,8634,8632,8527,8526
8634: 8739,8633,8527,8528,8740,8635
8635: 8636,8740,8741,8634,8528,8529
8636: 8635,8742,8741,8637,8529,8530
8637: 8636,8742,8530,8531,8743,8638
8638: 8743,8639,8744,8637,8531,8532
8639: 8745,8638,8744,8532,8533,8640
8640: 8746,8641,8533,8745,8639,8534
8641: 8746,8642,8747,8640,8534,8535
8642: 8748,8747,8641,8535,8536,8643
8643: 8749,8644,8536,8748,8642,8537
8644: 8749,8645,8643,8750,8537,8538
8645: 8750,8644,8538,8539,8751,8646
8646: 8751,8647,8752,8645,8539,8540
8647: 8646,8648,8753,8752,8540,8541
8648: 8647,8753,8541,8542,8754,8649
8649: 8754,8755,8650,8648,8542,8543
8650: 8755,8649,8756,8543,8544,8651
8651: 8652,8757,8544,8650,8756,8545
8652: 8651,8653,8758,8757,8545,8546
8653: 8652,8759,8758,8546,8547,8654
8654: 8655,8760,8547,8653,8759,8548
8655: 8656,8654,8761,8760,8548,8549
8656: 8655,8762,8761,8549,8550,8657
8657: 8658,8763,8550,8656,8762,8551
8658: 8657,8764,8763,8659,8551,8552
8659: 8658,8764,8552,8553,8660,8765
8660: 8661,8766,8765,8659,8554,8553
8661: 8662,8660,8767,8766,8554,8555
8662: 8661,8767,8555,8556,8663,8768
8663: 8769,8768,8664,8662,8556,8557
8664: 8663,8769,8770,8557,8558,8665
8665: 8771,8666,8558,8664,8770,8559
8666: 8771,8665,8772,8667,8560,8559
8667: 8666,8773,8772,8560,8561,8668
8668: 8774,8669,8561,8773,8667,8562
8669: 8774,8670,8668,8775,8563,8562
8670: 8669,8775,8563,8564,8671,8776
8671: 8777,8672,8776,8670,8565,8564
8672: 8778,8673,8671,8777,8566,8565
8673: 8778,8672,8566,8567,8674,8779
8674: 8779,8780,8675,8673,8568,8567
8675: 8781,8674,8780,8676,8569,8568
8676: 8781,8675,8569,8570,8677,8782
8677: 8782,8678,8783,8676,8570,8571
8678: 8677,8784,8783,8572,8571,8679
8679: 8785,8680,8572,8678,8784,8573
8680: 8785,8679,8786,8681,8574,8573
8681: 8787,8786,8680,8574,8575,8682
8682: 8788,8683,8575,8787,8681,8576
8683: 8788,8682,8789,8684,8576,8577
8684: 8683,8789,8577,8578,8685,8790
8685: 8791,8686,8790,8684,8579,8578
8686: 8791,8687,8685,8792,8580,8579
8687: 8686,8792,8580,8581,8688,8793
8688: 8689,8793,8794,8687,8582,8581
8689: 8688,8795,8794,8583,8582,8690
8690: 8691,8796,8583,8689,8795,8584
8691: 8797,8692,8796,8690,8585,8584
8692: 8691,8797,8798,8586,8585,8693
8693: 8694,8799,8586,8692,8798,8587
8694: 8800,8693,8799,8695,8588,8587
8695: 8694,8800,8588,8589,8696,8801
8696: 8802,8697,8801,8695,8590,8589
8697: 8802,8803,8696,8698,8591,8590
8698: 8697,8803,8591,8592,8699,8804
8699: 8805,8804,8700,8698,8593,8592
8700: 8805,8806,8699,21310,8593,8594
8701: 8702,21118,8594,21310,8595
8702: 8808,8807,20254,8701,21118
8703: 8808,8809,21118,8596,8597,17299
8704: 8705,17973,17401,8810,17299,8809
8705: 8811,17973,8706,8810,8704
8706: 8811,8705,17973,18740,8599,8600,18068
8707: 17306,8708,18068,13389,8601,8600
8708: 13954,17306,12909,8707,12699,13389
8709: 14250,14925,16322,12689,12921,8814
8710: 17236,14888,20482,19134,14781
8711: 20386,18719,18630,20596,18704,20330
8712: 13449,12984,8921,19267,15758,12735
8713: 12735,8607,12984,14060,8818,13725
8714: 14916,8819,14060,8818,8715,15849
8715: 8714,14916,8819,15404,8609,15347,8820
8716: 8821,15347,8717,8610,8820,8611,18889
8717: 8716,8611,18889,8612,8822,8718
8718: 8719,8823,8613,8717,8612,8822
8719: 8718,8720,8824,8823,8613,8614
8720: 8719,8824,8614,8721,8825,8615
8721: 8616,8722,8825,8826,8615,8720
8722: 8721,8616,8826,8617,8827,8723
8723: 8722,8617,8827,8724,8618,8828
8724: 8618,8725,8828,8829,8619,8723
8725: 8724,8829,8620,8830,8619,8726
8726: 8727,8831,8621,8725,8620,8830
8727: 8831,8622,8726,8832,8621,8728
8728: 8727,8622,8832,8833,8623,8729
8729: 8730,8834,8624,8728,8833,8623
8730: 8834,8624,8729,8835,8731,8625
8731: 8730,8835,8625,8836,8732,8626
8732: 8733,8837,8836,8626,8627,8731
8733: 8837,8732,8838,8734,8628,8627
8734: 8733,8838,8628,8839,8735,8629
8735: 8630,8736,8839,8629,8840,8734
8736: 8630,8735,8631,8840,8841,8737
8737: 8736,8631,8841,8738,8842,8632
8738: 8739,8842,8843,8632,8633,8737
8739: 8738,8843,8634,8844,8633,8740
8740: 8845,8635,8741,8739,8634,8844
8741: 8846,8636,8845,8740,8635,8742
8742: 8846,8636,8741,8847,8637,8743
8743: 8848,8638,8744,8742,8847,8637
8744: 8743,8745,8848,8849,8639,8638
8745: 8849,8639,8744,8746,8850,8640
8746: 8850,8851,8747,8640,8641,8745
8747: 8746,8851,8852,8748,8642,8641
8748: 8852,8642,8747,8749,8853,8643
8749: 8853,8854,8643,8750,8644,8748
8750: 8749,8854,8645,8855,8644,8751
8751: 8856,8646,8752,8645,8855,8750
8752: 8751,8856,8857,8646,8647,8753
8753: 8857,8647,8648,8752,8858,8754
8754: 8859,8755,8649,8648,8753,8858
8755: 8754,8859,8860,8649,8650,8756
8756: 8860,8755,8650,8861,8651,8757
8757: 8861,8862,8651,8652,8758,8756
8758: 8862,8863,8652,8653,8759,8757
8759: 8863,8653,8758,8864,8654,8760
8760: 8864,8865,8655,8654,8761,8759
8761: 8865,8866,8656,8655,8762,8760
8762: 8866,8656,8761,8867,8657,8763
8763: 8867,8868,8658,8657,8764,8762
8764: 8868,8869,8658,8763,8659,8765
8765: 8870,8660,8766,8869,8764,8659
8766: 8870,8871,8661,8660,8767,8765
8767: 8871,8872,8662,8661,8766,8768
8768: 8873,8663,8769,8872,8662,8767
8769: 8873,8874,8663,8768,8664,8770
8770: 8874,8769,8664,8771,8875,8665
8771: 8876,8666,8875,8665,8772,8770
8772: 8876,8877,8771,8666,8773,8667
8773: 8877,8772,8667,8774,8668,8878
8774: 8879,8669,8668,8878,8775,8773
8775: 8879,8880,8774,8670,8669,8776
8776: 8881,8671,8777,8880,8670,8775
8777: 8882,8778,8881,8671,8672,8776
8778: 8882,8883,8673,8777,8672,8779
8779: 8674,8780,8884,8883,8778,8673
8780: 8885,8781,8674,8779,8884,8675
8781: 8885,8886,8780,8676,8675,8782
8782: 8677,8887,8783,8886,8781,8676
8783: 8888,8677,8887,8782,8678,8784
8784: 8888,8678,8783,8785,8889,8679
8785: 8890,8889,8679,8786,8680,8784
8786: 8891,8785,8890,8787,8680,8681
8787: 8891,8786,8681,8788,8892,8682
8788: 8892,8683,8682,8789,8893,8787
8789: 8894,8788,8683,8893,8684,8790
8790: 8791,8685,8895,8894,8789,8684
8791: 8686,8685,8792,8896,8895,8790
8792: 8897,8791,8686,8687,8896,8793
8793: 8688,8898,8794,8897,8687,8792
8794: 8689,8899,8688,8793,8898,8795
8795: 8689,8899,8794,8796,8900,8690
8796: 8691,8797,8901,8900,8690,8795
8797: 8691,8902,8692,8901,8798,8796
8798: 8902,8797,8692,8693,8799,8903
8799: 8694,8800,8693,8904,8903,8798
8800: 8694,8905,8904,8799,8695,8801
8801: 8802,8696,8906,8905,8800,8695
8802: 8697,8803,8696,8907,8906,8801
8803: 8802,8697,8907,8908,8698,8804
8804: 8805,8909,8699,8803,8908,8698
8805: 8909,8806,8699,8910,8804,8700
8806: 8805,8910,8700,20165,21310,8807
8807: 20254,8911,8702,8806,20165
8808: 20254,8913,8703,8702,8809,21118
8809: 8808,8913,8703,17401,8704,17299
8810: 8811,8705,17401,8915,16727,8704
8811: 8705,8915,8706,8810,14958,8812,18068
8812: 8917,17306,14251,18068,8811,14958
8813: 8917,12909,14251,18843,14386,13186,12993
8814: 15365,12921,8918,8709,14925
8815: 13063,13708,13429,16051,15504
8816: 19173,16604,18478,14736,16663,19071
8817: 11977,8920,12114,12952,18844,19267
8818: 8714,14060,8713,12984,14129,8922,15849
8819: 8714,8715,8924,15849,8820
8820: 8821,15347,8716,8819,8715,8924,16913
8821: 8716,8820,18889,16913,8925
8822: 8717,18889,18390,8718,8823,8926
8823: 8718,8719,8824,8822,8927,8926
8824: 8720,8719,8823,8928,8927,8825
8825: 8721,8826,8720,8824,8928,8929
8826: 8721,8722,8825,8827,8930,8929
8827: 8722,8826,8723,8931,8930,8828
8828: 8724,8829,8827,8723,8931,8932
8829: 8724,8725,8828,8830,8932,8933
8830: 8725,8829,8933,8831,8726,8934
8831: 8727,8726,8832,8830,8934,8935
8832: 8727,8831,8728,8833,8936,8935
8833: 8832,8728,8936,8834,8729,8937
8834: 8730,8729,8835,8833,8938,8937
8835: 8730,8834,8731,8938,8939,8836
8836: 8837,8732,8835,8731,8939,8940
8837: 8733,8836,8732,8838,8941,8940
8838: 8733,8837,8734,8942,8941,8839
8839: 8735,8840,8838,8734,8942,8943
8840: 8736,8839,8735,8841,8943,8944
8841: 8736,8840,8737,8944,8945,8842
8842: 8738,8843,8841,8737,8945,8946
8843: 8738,8739,8842,8844,8946,8947
8844: 8739,8843,8947,8845,8740,8948
8845: 8846,8740,8741,8844,8948,8949
8846: 8845,8742,8741,8847,8949,8950
8847: 8846,8742,8950,8743,8848,8951
8848: 8743,8849,8744,8847,8952,8951
8849: 8745,8848,8744,8952,8953,8850
8850: 8746,8851,8745,8849,8953,8954
8851: 8746,8850,8852,8747,8954,8955
8852: 8851,8748,8747,8955,8956,8853
8853: 8749,8854,8852,8748,8956,8957
8854: 8749,8853,8855,8750,8958,8957
8855: 8854,8750,8958,8751,8856,8959
8856: 8751,8857,8752,8855,8960,8959
8857: 8856,8753,8752,8858,8961,8960
8858: 8857,8753,8961,8754,8859,8962
8859: 8754,8860,8755,8858,8963,8962
8860: 8859,8755,8756,8963,8964,8861
8861: 8862,8757,8860,8756,8964,8965
8862: 8861,8863,8758,8757,8966,8965
8863: 8862,8759,8758,8967,8966,8864
8864: 8865,8760,8863,8759,8967,8968
8865: 8864,8866,8761,8760,8969,8968
8866: 8865,8762,8761,8970,8969,8867
8867: 8868,8763,8866,8762,8970,8971
8868: 8867,8869,8764,8763,8972,8971
8869: 8868,8764,8972,8870,8765,8973
8870: 8871,8766,8765,8869,8974,8973
8871: 8870,8872,8767,8766,8975,8974
8872: 8871,8767,8975,8873,8768,8976
8873: 8874,8769,8768,8872,8977,8976
8874: 8873,8769,8770,8977,8978,8875
8875: 8876,8771,8874,8770,8978,8979
8876: 8877,8771,8875,8772,8980,8979
8877: 8876,8773,8772,8980,8981,8878
8878: 8879,8774,8877,8773,8981,8982
8879: 8880,8774,8878,8775,8983,8982
8880: 8879,8775,8983,8881,8776,8984
8881: 8882,8777,8776,8880,8985,8984
8882: 8883,8778,8881,8777,8985,8986
8883: 8882,8778,8986,8779,8884,8987
8884: 8885,8779,8780,8883,8988,8987
8885: 8886,8781,8780,8884,8988,8989
8886: 8885,8781,8989,8887,8782,8990
8887: 8888,8782,8783,8886,8991,8990
8888: 8887,8784,8783,8991,8992,8889
8889: 8785,8890,8888,8784,8992,8993
8890: 8891,8785,8889,8786,8994,8993
8891: 8890,8787,8786,8995,8994,8892
8892: 8788,8893,8891,8787,8995,8996
8893: 8894,8788,8892,8789,8997,8996
8894: 8789,8893,8997,8895,8790,8998
8895: 8791,8896,8790,8894,8999,8998
8896: 8897,8791,8792,8895,8999,9000
8897: 8792,8896,9000,8793,8898,9001
8898: 8899,8793,8794,8897,9001,9002
8899: 8898,8795,8794,9002,9003,8900
8900: 8901,8796,8899,8795,9003,9004
8901: 8902,8797,8796,8900,9004,9005
8902: 8797,8901,8798,9006,9005,8903
8903: 8904,8799,8902,8798,9006,9007
8904: 8905,8800,8799,8903,9007,9008
8905: 8800,8904,9008,8906,8801,9009
8906: 8802,8907,8801,8905,9009,9010
8907: 8802,8803,8908,8906,9010,9011
8908: 8803,8907,9011,8909,8804,9012
8909: 8805,8910,8804,8908,9012,9013
8910: 8805,8909,8806,20165,9013,9014
8911: 8807,20254,19732,20165,9015,8912
8912: 9015,9016,19179,21438,8911,19732
8913: 8808,20254,19732,8809,19179,17401,20741
8914: 16201,18959,9018,9017,19179,20741
8915: 8811,16727,8810,14958,15577,9018
8916: 14386,9019,14958,15768,15577,8917
8917: 8812,8813,14251,14958,14386,8916
8918: 15365,16634,16529,8814,17053
8919: 16511,19102,14898,12649,15240,15239
8920: 13122,12114,8817,13109,15578,18844
8921: 8712,13449,18844,13154,9023,19267
8922: 8923,9025,14129,14147,15849,8818
8923: 8922,14147,16903,8924,15849,9026
8924: 8923,15849,8819,8820,16913,9026
8925: 16913,9027,18390,19296,8821,18889
8926: 9029,8927,8822,9028,18390,8823
8927: 8928,9029,9030,8926,8824,8823
8928: 8927,9030,8824,8825,9031,8929
8929: 9031,9032,8930,8928,8825,8826
8930: 9032,8931,9033,8929,8826,8827
8931: 9033,8930,8827,8828,9034,8932
8932: 9034,9035,8933,8931,8828,8829
8933: 9036,9035,8932,8829,8830,8934
8934: 9037,8935,8830,9036,8933,8831
8935: 9037,8936,9038,8934,8831,8832
8936: 9038,9039,8935,8832,8833,8937
8937: 9040,8938,8833,8936,9039,8834
8938: 9041,9040,8937,8939,8834,8835
8939: 9041,8938,9042,8835,8836,8940
8940: 9043,8941,8939,9042,8837,8836
8941: 9044,9043,8942,8940,8837,8838
8942: 9044,8941,8838,8839,9045,8943
8943: 9046,9045,8944,8942,8839,8840
8944: 9046,9047,8943,8945,8840,8841
8945: 9047,8944,8841,8842,9048,8946
8946: 9049,9048,8947,8945,8842,8843
8947: 9049,8946,9050,8843,8844,8948
8948: 9051,8949,8844,9050,8947,8845
8949: 9052,9051,8948,8950,8846,8845
8950: 9052,8949,9053,8846,8847,8951
8951: 8952,9054,8847,8950,9053,8848
8952: 8953,9055,9054,8951,8848,8849
8953: 8952,9055,8849,8850,9056,8954
8954: 9056,8955,9057,8953,8850,8851
8955: 8954,9058,9057,8956,8851,8852
8956: 8955,9058,8852,8853,8957,9059
8957: 9060,8958,9059,8956,8853,8854
8958: 9060,9061,8957,8854,8855,8959
8959: 8960,9062,8855,8958,9061,8856
8960: 9063,8961,9062,8959,8856,8857
8961: 9063,8960,9064,8857,8858,8962
8962: 8963,9065,8858,8961,9064,8859
8963: 8962,9066,9065,8964,8859,8860
8964: 8963,9066,8860,8861,8965,9067
8965: 8966,9068,9067,8964,8861,8862
8966: 8967,8965,9069,9068,8862,8863
8967: 8966,9069,8863,8864,8968,9070
8968: 8969,9071,9070,8967,8864,8865
8969: 8970,8968,9072,9071,8865,8866
8970: 8969,9072,8866,8867,8971,9073
8971: 8972,9073,9074,8970,8867,8868
8972: 9075,8971,9074,8868,8869,8973
8973: 8974,9076,8869,9075,8972,8870
8974: 8975,8973,9077,9076,8870,8871
8975: 8974,9077,9078,8871,8872,8976
8976: 8977,9079,8872,8975,9078,8873
8977: 8976,9080,9079,8978,8873,8874
8978: 8977,9080,8874,8875,8979,9081
8979: 8980,9082,9081,8978,8876,8875
8980: 8979,9083,9082,8981,8876,8877
8981: 8980,9083,8877,8878,9084,8982
8982: 9084,8983,9085,8981,8879,8878
8983: 9085,9086,8982,8879,8880,8984
8984: 8985,9087,8880,8983,9086,8881
8985: 9088,8984,9087,8986,8882,8881
8986: 8985,9088,9089,8882,8883,8987
8987: 8988,9090,8883,9089,8986,8884
8988: 8989,9091,9090,8987,8885,8884
8989: 8988,9092,9091,8885,8886,8990
8990: 8991,9093,8886,8989,9092,8887
8991: 8990,9093,9094,8992,8888,8887
8992: 8991,9094,8888,8889,8993,9095
8993: 8994,9096,9095,8992,8890,8889
8994: 8995,9096,9097,8993,8891,8890
8995: 8994,9097,8891,8892,9098,8996
8996: 8997,9099,9098,8995,8892,8893
8997: 9100,9099,8996,8894,8893,8998
8998: 8999,9101,8894,8997,9100,8895
8999: 9102,9101,8998,9000,8896,8895
9000: 8999,9103,9102,8897,8896,9001
9001: 9104,9002,8897,9103,9000,8898
9002: 9001,9105,9104,9003,8899,8898
9003: 9105,9002,8899,8900,9106,9004
9004: 9107,9106,9005,9003,8901,8900
9005: 9108,9107,9004,9006,8902,8901
9006: 9108,9005,8902,8903,9007,9109
9007: 9110,9109,9008,9006,8904,8903
9008: 9111,9007,9110,8905,8904,9009
9009: 9112,9010,8905,9111,9008,8906
9010: 9112,9113,9009,9011,8907,8906
9011: 9114,9113,9010,8907,8908,9012
9012: 9115,9013,8908,9114,9011,8909
9013: 9115,9116,9012,9014,8909,8910
9014: 9116,9013,8910,20165,9015,9117
9015: 8912,21438,9117,20165,9014,8911
9016: 9118,9119,9017,8912,19179,21438
9017: 9119,16566,9016,19179,8914,16201
9018: 15768,8914,15577,18959,8915,16727,20741
9019: 14454,14386,9020,8916,9121,15768
9020: 14454,9122,13203,14386,13186,9019
9021: 12149,16634,16529,9123,13679,12209,13351
9022: 17278,17095,13218,18524,13527
9023: 13449,9024,13154,8921,13502,19112
9024: 13154,9023,19112,12272,13535
9025: 13432,14129,8922,14147,13882,13449,13502
9026: 16913,16817,9027,8923,16903,8924
9027: 16913,9026,16817,9129,8925,19296
9028: 9129,17773,18390,19296,9130,9029,8926
9029: 9130,9131,8927,9030,8926,9028
9030: 8928,9131,9132,9029,8927,9031
9031: 9133,9032,8929,8928,9132,9030
9032: 9133,9134,9031,9033,8930,8929
9033: 9135,9134,9032,8931,8930,9034
9034: 9136,9035,8932,9135,8931,9033
9035: 9034,9136,9137,9036,8932,8933
9036: 9137,9035,8933,9037,9138,8934
9037: 9139,9038,9138,8934,8935,9036
9038: 9139,9037,9140,8936,9039,8935
9039: 9140,8936,9038,9040,8937,9141
9040: 9041,8938,8937,9142,9141,9039
9041: 9040,8938,8939,9142,9143,9042
9042: 9041,8939,9143,9043,9144,8940
9043: 9044,8941,9145,9144,8940,9042
9044: 9043,8942,8941,9146,9145,9045
9045: 9046,9147,8943,9044,8942,9146
9046: 9045,9148,9047,9147,8943,8944
9047: 9046,9149,9148,8944,8945,9048
9048: 9049,8946,9150,9149,9047,8945
9049: 9048,9151,8946,9150,9050,8947
9050: 9049,9151,8947,9152,9051,8948
9051: 9052,9152,9153,8948,8949,9050
9052: 9154,9051,9153,8949,8950,9053
9053: 9154,9052,8950,9054,8951,9155
9054: 8952,9055,8951,9156,9155,9053
9055: 8952,8953,9157,9054,9156,9056
9056: 8954,9057,9158,8953,9157,9055
9057: 9056,8954,8955,9058,9159,9158
9058: 8955,9057,8956,9159,9160,9059
9059: 9060,9161,8957,9058,8956,9160
9060: 9161,8958,9061,8957,9059,9162
9061: 9060,8958,9162,9062,9163,8959
9062: 9063,8960,9164,9163,8959,9061
9063: 8961,8960,9062,9164,9165,9064
9064: 9063,8961,9165,8962,9065,9166
9065: 9167,8963,8962,9066,9166,9064
9066: 9167,8963,9065,9168,8964,9067
9067: 8965,9068,9169,9066,9168,8964
9068: 8966,8965,9069,9169,9170,9067
9069: 8967,8966,9068,9171,9170,9070
9070: 8968,9071,9172,8967,9069,9171
9071: 8969,8968,9072,9172,9173,9070
9072: 8970,8969,9071,9174,9173,9073
9073: 8971,9074,9175,8970,9072,9174
9074: 9075,8972,8971,9073,9176,9175
9075: 8972,9074,9176,8973,9177,9076
9076: 8974,8973,9177,9077,9178,9075
9077: 8975,8974,9076,9179,9178,9078
9078: 8975,9077,9179,8976,9180,9079
9079: 8977,8976,9181,9180,9080,9078
9080: 8977,9181,9079,9182,8978,9081
9081: 8979,9183,9082,9080,9182,8978
9082: 8980,8979,9184,9183,9083,9081
9083: 8980,9184,9082,9185,8981,9084
9084: 9085,9186,8982,9083,9185,8981
9085: 9084,8983,9186,9187,9086,8982
9086: 8983,9085,9187,9188,8984,9087
9087: 9188,8985,9088,9189,8984,9086
9088: 8985,9189,9087,9089,9190,8986
9089: 9088,9190,8986,9090,8987,9191
9090: 8988,9192,9091,8987,9191,9089
9091: 8988,8989,9092,9192,9090,9193
9092: 8989,9091,9193,9194,8990,9093
9093: 8991,9194,8990,9195,9094,9092
9094: 8991,9195,9196,9093,8992,9095
9095: 9197,9096,8993,9196,9094,8992
9096: 8994,9198,9197,9097,8993,9095
9097: 8995,8994,9199,9198,9096,9098
9098: 9099,9200,8996,8995,9199,9097
9099: 8997,9100,9201,9200,9098,8996
9100: 8997,9099,9201,9202,9101,8998
9101: 8999,9203,9102,9202,8998,9100
9102: 8999,9103,9203,9204,9101,9000
9103: 9204,9102,9000,9001,9104,9205
9104: 9001,9105,9002,9205,9206,9103
9105: 9104,9207,9002,9206,9003,9106
9106: 9208,9107,9004,9105,9207,9003
9107: 9208,9108,9209,9106,9004,9005
9108: 9209,9210,9107,9006,9005,9109
9109: 9211,9007,9110,9108,9210,9006
9110: 9211,9111,9212,9007,9109,9008
9111: 9212,9110,9008,9112,9009,9213
9112: 9214,9113,9009,9213,9010,9111
9113: 9214,9215,9114,9112,9010,9011
9114: 9215,9113,9011,9216,9115,9012
9115: 9217,9216,9116,9012,9013,9114
9116: 9217,9218,9115,9013,9014,9117
9117: 9118,9219,9015,21438,9218,9116,9014
9118: 16974,9119,9219,9016,21438,9117
9119: 9220,16974,9118,9017,16566,9016
9120: 9121,15768,9222,9221,16201,18959
9121: 15768,9223,9120,9222,14454,9019
9122: 14454,13203,9123,9020,14216,14181
9123: 9122,13203,14181,13679,9021,16529
9124: 12877,18588,19346,15461,16890,19011
9125: 9326,12272,13850,17155,16415,9226
9126: 9227,14086,13850,9226,13432,13882
9127: 14147,13882,16903,9228,14086,9128
9128: 16817,16554,9127,16903,9228,14292
9129: 16817,9027,9230,9028,16554,17773,19296
9130: 9131,9029,9028,17773,17290,9231
9131: 9130,9132,9029,9030,9232,9231
9132: 9131,9030,9232,9133,9031,9233
9133: 9134,9031,9032,9132,9233,9234
9134: 9135,9133,9032,9033,9234,9235
9135: 9134,9033,9235,9034,9136,9236
9136: 9034,9137,9035,9135,9236,9237
9137: 9136,9036,9035,9237,9238,9138
9138: 9139,9037,9137,9036,9238,9239
9139: 9037,9140,9038,9138,9239,9240
9140: 9139,9038,9039,9240,9241,9141
9141: 9040,9142,9140,9039,9241,9242
9142: 9041,9040,9141,9143,9242,9243
9143: 9041,9142,9042,9243,9244,9144
9144: 9043,9145,9143,9042,9244,9245
9145: 9044,9043,9146,9144,9246,9245
9146: 9044,9145,9246,9045,9147,9247
9147: 9046,9045,9248,9148,9146,9247
9148: 9046,9149,9248,9047,9147,9249
9149: 9148,9047,9249,9048,9250,9150
9150: 9049,9048,9250,9251,9151,9149
9151: 9049,9251,9150,9252,9050,9152
9152: 9253,9051,9153,9151,9252,9050
9153: 9254,9154,9253,9052,9152,9051
9154: 9254,9052,9153,9255,9053,9155
9155: 9054,9156,9154,9255,9053,9256
9156: 9157,9055,9054,9155,9257,9256
9157: 9055,9156,9257,9056,9158,9258
9158: 9056,9057,9159,9157,9259,9258
9159: 9058,9057,9158,9160,9260,9259
9160: 9058,9159,9260,9161,9059,9261
9161: 9060,9059,9162,9160,9262,9261
9162: 9060,9161,9061,9263,9262,9163
9163: 9062,9164,9061,9162,9263,9264
9164: 9063,9062,9163,9165,9265,9264
9165: 9063,9164,9064,9266,9265,9166
9166: 9167,9065,9165,9064,9266,9267
9167: 9066,9065,9166,9168,9268,9267
9168: 9167,9066,9268,9169,9067,9269
9169: 9068,9170,9067,9168,9270,9269
9170: 9069,9068,9169,9171,9271,9270
9171: 9069,9170,9271,9172,9070,9272
9172: 9071,9173,9070,9171,9273,9272
9173: 9072,9071,9172,9174,9274,9273
9174: 9072,9173,9274,9073,9175,9275
9175: 9073,9074,9176,9174,9276,9275
9176: 9075,9074,9175,9277,9276,9177
9177: 9076,9178,9075,9176,9277,9278
9178: 9177,9077,9076,9179,9279,9278
9179: 9077,9178,9078,9280,9279,9180
9180: 9181,9079,9179,9078,9280,9281
9181: 9180,9080,9079,9182,9282,9281
9182: 9181,9080,9282,9183,9081,9283
9183: 9184,9082,9081,9182,9284,9283
9184: 9183,9083,9082,9185,9285,9284
9185: 9184,9083,9285,9084,9186,9286
9186: 9084,9085,9187,9185,9286,9287
9187: 9085,9186,9086,9287,9288,9188
9188: 9189,9087,9187,9086,9288,9289
9189: 9188,9088,9087,9190,9289,9290
9190: 9088,9189,9089,9290,9291,9191
9191: 9192,9090,9089,9190,9291,9292
9192: 9091,9090,9193,9191,9292,9293
9193: 9092,9192,9091,9293,9294,9194
9194: 9195,9093,9092,9193,9294,9295
9195: 9194,9196,9093,9094,9295,9296
9196: 9195,9094,9296,9197,9095,9297
9197: 9198,9096,9095,9196,9297,9298
9198: 9199,9197,9096,9097,9298,9299
9199: 9198,9097,9299,9200,9098,9300
9200: 9099,9201,9098,9199,9300,9301
9201: 9100,9099,9200,9301,9302,9202
9202: 9203,9101,9100,9201,9302,9303
9203: 9204,9102,9202,9101,9303,9304
9204: 9103,9203,9102,9304,9305,9205
9205: 9104,9206,9103,9204,9305,9306
9206: 9105,9104,9207,9205,9306,9307
9207: 9105,9206,9307,9208,9106,9308
9208: 9209,9107,9106,9207,9308,9309
9209: 9208,9108,9210,9107,9310,9309
9210: 9108,9209,9310,9211,9109,9311
9211: 9212,9110,9109,9210,9312,9311
9212: 9211,9111,9110,9313,9312,9213
9213: 9214,9112,9111,9212,9313,9314
9214: 9215,9112,9113,9213,9315,9314
9215: 9214,9114,9113,9315,9316,9216
9216: 9217,9115,9215,9114,9316,9317
9217: 9218,9216,9115,9116,9317,9318
9218: 9217,9116,9319,9318,9219,9117
9219: 16974,9118,9117,9218,9319,9320
9220: 16974,9119,16566,17235,9221,9321
9221: 9120,9222,16201,9220,16566,9322,9321
9222: 9121,9223,9120,9221,9323,9322
9223: 9121,9222,9323,14454,14216,9324
9224: 9423,9324,14181,13737,13823,14216
9225: 17206,13651,14931,19604,14906,17348,18524
9226: 13850,9125,16415,9227,9126
9227: 13095,13157,14086,9126,9327,16415,9226
9228: 13095,14086,9127,9128,9328,14292
9229: 14111,9427,9329,14292,9230,16554
9230: 9129,16554,17773,17290,9329,9229
9231: 9232,9330,9331,17290,9130,9131
9232: 9331,9332,9231,9131,9132,9233
9233: 9333,9234,9132,9232,9332,9133
9234: 9333,9334,9233,9235,9133,9134
9235: 9334,9335,9234,9135,9134,9236
9236: 9336,9237,9135,9335,9235,9136
9237: 9337,9336,9236,9238,9136,9137
9238: 9337,9237,9137,9138,9338,9239
9239: 9339,9338,9240,9238,9139,9138
9240: 9340,9339,9239,9241,9139,9140
9241: 9340,9240,9140,9141,9341,9242
9242: 9341,9342,9243,9241,9142,9141
9243: 9343,9342,9242,9244,9142,9143
9244: 9343,9243,9143,9144,9344,9245
9245: 9246,9344,9345,9244,9145,9144
9246: 9345,9346,9245,9146,9145,9247
9247: 9347,9146,9246,9346,9248,9147
9248: 9148,9147,9249,9347,9348,9247
9249: 9149,9248,9148,9348,9349,9250
9250: 9251,9150,9149,9249,9349,9350
9251: 9250,9151,9150,9252,9351,9350
9252: 9251,9151,9351,9253,9152,9352
9253: 9254,9152,9153,9252,9353,9352
9254: 9154,9253,9153,9255,9353,9354
9255: 9254,9154,9354,9155,9355,9256
9256: 9355,9356,9257,9255,9156,9155
9257: 9356,9357,9256,9157,9156,9258
9258: 9358,9259,9157,9357,9257,9158
9259: 9359,9358,9260,9258,9159,9158
9260: 9359,9360,9259,9159,9160,9261
9261: 9361,9262,9160,9360,9260,9161
9262: 9362,9361,9263,9261,9161,9162
9263: 9362,9262,9162,9163,9363,9264
9264: 9363,9364,9265,9263,9164,9163
9265: 9365,9364,9266,9264,9164,9165
9266: 9365,9265,9165,9166,9366,9267
9267: 9367,9366,9268,9266,9167,9166
9268: 9367,9368,9267,9167,9168,9269
9269: 9369,9270,9168,9368,9268,9169
9270: 9369,9370,9271,9269,9169,9170
9271: 9371,9370,9270,9171,9170,9272
9272: 9372,9273,9171,9371,9271,9172
9273: 9372,9373,9274,9272,9172,9173
9274: 9373,9374,9273,9174,9173,9275
9275: 9375,9276,9174,9374,9274,9175
9276: 9376,9375,9277,9275,9176,9175
9277: 9376,9276,9176,9177,9377,9278
9278: 9378,9377,9279,9277,9177,9178
9279: 9379,9378,9280,9278,9179,9178
9280: 9379,9279,9179,9180,9380,9281
9281: 9381,9380,9282,9280,9181,9180
9282: 9382,9381,9281,9181,9182,9283
9283: 9383,9284,9182,9382,9282,9183
9284: 9384,9383,9285,9283,9184,9183
9285: 9384,9385,9284,9184,9185,9286
9286: 9386,9287,9185,9385,9285,9186
9287: 9387,9386,9286,9288,9186,9187
9288: 9387,9287,9187,9188,9388,9289
9289: 9389,9388,9290,9288,9188,9189
9290: 9390,9389,9289,9291,9189,9190
9291: 9390,9290,9190,9191,9391,9292
9292: 9392,9391,9293,9291,9192,9191
9293: 9392,9393,9292,9294,9192,9193
9294: 9393,9293,9193,9194,9394,9295
9295: 9394,9395,9296,9294,9194,9195
9296: 9396,9395,9295,9195,9196,9297
9297: 9397,9298,9196,9396,9296,9197
9298: 9398,9397,9297,9299,9198,9197
9299: 9398,9399,9298,9199,9198,9300
9300: 9400,9301,9199,9399,9299,9200
9301: 9400,9401,9300,9302,9201,9200
9302: 9401,9301,9201,9202,9402,9303
9303: 9403,9402,9304,9302,9203,9202
9304: 9404,9403,9303,9305,9203,9204
9305: 9404,9304,9204,9205,9405,9306
9306: 9405,9406,9307,9305,9205,9206
9307: 9407,9406,9306,9207,9206,9308
9308: 9408,9309,9207,9407,9307,9208
9309: 9408,9409,9310,9308,9208,9209
9310: 9409,9410,9309,9209,9210,9311
9311: 9411,9312,9210,9410,9310,9211
9312: 9412,9411,9313,9311,9211,9212
9313: 9412,9312,9212,9213,9314,9413
9314: 9414,9315,9413,9313,9214,9213
9315: 9414,9415,9316,9314,9214,9215
9316: 9415,9315,9215,9216,9416,9317
9317: 9417,9416,9318,9316,9217,9216
9318: 9418,9417,9319,9317,9217,9218
9319: 9418,9318,9218,9219,9320,9419
9320: 9419,9420,17235,9319,16974,9219
9321: 9322,9421,9220,17453,17235,9221
9322: 9323,9422,9421,9321,9222,9221
9323: 14559,9322,9422,9223,9222,9324
9324: 9224,9423,9223,14559,9323,14216
9325: 13737,13823,13965,9424,13773,12497
9326: 13800,9125,17155,16415,13806,15813
9327: 9426,13095,9227,13157,14990,14982
9328: 14182,14111,14292,9426,13095,9228
9329: 9428,9427,9229,9230,17290,9330
9330: 15568,9331,9231,17290,9428,9329
9331: 9232,15568,9330,9430,9332,9231
9332: 9232,9331,9430,9333,9431,9233
9333: 9432,9334,9431,9233,9234,9332
9334: 9333,9432,9433,9335,9234,9235
9335: 9433,9334,9235,9336,9434,9236
9336: 9435,9337,9434,9236,9237,9335
9337: 9435,9436,9336,9237,9238,9338
9338: 9339,9437,9239,9436,9337,9238
9339: 9340,9438,9338,9437,9239,9240
9340: 9339,9438,9439,9240,9241,9341
9341: 9342,9440,9242,9340,9439,9241
9342: 9441,9341,9343,9440,9242,9243
9343: 9441,9342,9243,9442,9244,9344
9344: 9345,9443,9245,9343,9442,9244
9345: 9246,9344,9444,9443,9346,9245
9346: 9246,9345,9444,9347,9445,9247
9347: 9348,9445,9446,9247,9346,9248
9348: 9447,9347,9446,9349,9248,9249
9349: 9447,9348,9249,9250,9448,9350
9350: 9448,9351,9449,9349,9250,9251
9351: 9450,9350,9449,9251,9252,9352
9352: 9353,9451,9252,9450,9351,9253
9353: 9451,9354,9452,9352,9254,9253
9354: 9353,9452,9453,9254,9255,9355
9355: 9454,9356,9256,9255,9354,9453
9356: 9455,9454,9355,9357,9257,9256
9357: 9455,9356,9257,9456,9358,9258
9358: 9456,9359,9457,9259,9258,9357
9359: 9458,9358,9457,9360,9260,9259
9360: 9458,9359,9260,9459,9361,9261
9361: 9459,9362,9460,9262,9261,9360
9362: 9461,9361,9460,9263,9262,9363
9363: 9462,9364,9264,9461,9362,9263
9364: 9462,9365,9463,9363,9265,9264
9365: 9464,9463,9364,9266,9265,9366
9366: 9367,9465,9267,9464,9365,9266
9367: 9368,9366,9466,9465,9268,9267
9368: 9367,9466,9268,9467,9369,9269
9369: 9467,9370,9468,9270,9269,9368
9370: 9371,9369,9469,9468,9271,9270
9371: 9370,9469,9271,9470,9372,9272
9372: 9470,9373,9471,9273,9272,9371
9373: 9372,9374,9472,9471,9274,9273
9374: 9373,9472,9274,9375,9473,9275
9375: 9376,9473,9474,9276,9275,9374
9376: 9475,9375,9474,9277,9276,9377
9377: 9476,9378,9278,9475,9376,9277
9378: 9476,9379,9377,9477,9279,9278
9379: 9378,9478,9477,9280,9279,9380
9380: 9381,9479,9281,9379,9478,9280
9381: 9382,9380,9479,9480,9282,9281
9382: 9381,9480,9282,9383,9481,9283
9383: 9384,9482,9481,9284,9283,9382
9384: 9385,9383,9482,9483,9285,9284
9385: 9384,9483,9285,9386,9484,9286
9386: 9485,9387,9484,9286,9287,9385
9387: 9485,9386,9486,9287,9288,9388
9388: 9487,9389,9289,9387,9486,9288
9389: 9487,9390,9488,9388,9289,9290
9390: 9489,9389,9488,9290,9291,9391
9391: 9392,9490,9292,9489,9390,9291
9392: 9490,9393,9491,9391,9292,9293
9393: 9492,9392,9491,9293,9294,9394
9394: 9493,9395,9295,9492,9393,9294
9395: 9493,9394,9494,9396,9295,9296
9396: 9494,9395,9296,9397,9495,9297
9397: 9496,9398,9495,9297,9298,9396
9398: 9496,9397,9497,9399,9298,9299
9399: 9398,9497,9299,9498,9400,9300
9400: 9499,9498,9401,9300,9301,9399
9401: 9499,9500,9400,9301,9302,9402
9402: 9501,9403,9303,9500,9401,9302
9403: 9502,9404,9501,9402,9303,9304
9404: 9502,9503,9403,9304,9305,9405
9405: 9504,9406,9306,9503,9404,9305
9406: 9505,9407,9405,9504,9306,9307
9407: 9505,9406,9307,9408,9506,9308
9408: 9409,9507,9506,9308,9309,9407
9409: 9408,9507,9410,9508,9310,9309
9410: 9409,9508,9310,9411,9509,9311
9411: 9510,9412,9509,9312,9311,9410
9412: 9510,9411,9511,9313,9312,9413
9413: 9512,9414,9314,9412,9511,9313
9414: 9513,9512,9415,9315,9314,9413
9415: 9514,9513,9414,9315,9316,9416
9416: 9417,9515,9317,9514,9415,9316
9417: 9516,9418,9515,9416,9317,9318
9418: 9517,9516,9417,9319,9318,9419
9419: 9320,9518,9420,9517,9418,9319
9420: 17453,9320,9518,9419,17235,17918
9421: 9520,9322,9422,9321,17453,9519
9422: 14559,9323,9520,9322,9521,9421
9423: 9224,9324,13823,13801,14559,16370
9424: 9522,18067,9325,13965,12497,13644
9425: 17262,15434,16012,15496,13800
9426: 13095,9327,12907,14982,14182,9328,9524
9427: 14182,14111,9428,14404,9329,13835,9229
9428: 9427,14404,9329,15568,9330,9526
9429: 15568,9526,9430,15147,9527
9430: 9429,15568,9331,9528,9332,9527,9431
9431: 9333,9432,9529,9430,9528,9332
9432: 9333,9529,9433,9530,9334,9431
9433: 9432,9530,9334,9335,9531,9434
9434: 9435,9532,9336,9433,9335,9531
9435: 9436,9337,9533,9532,9336,9434
9436: 9435,9337,9533,9534,9338,9437
9437: 9339,9438,9534,9535,9338,9436
9438: 9340,9339,9535,9437,9536,9439
9439: 9340,9438,9536,9341,9537,9440
9440: 9441,9341,9537,9538,9342,9439
9441: 9343,9538,9342,9440,9539,9442
9442: 9441,9343,9539,9344,9540,9443
9443: 9344,9345,9540,9541,9444,9442
9444: 9345,9541,9443,9542,9346,9445
9445: 9543,9347,9446,9444,9542,9346
9446: 9543,9447,9544,9347,9348,9445
9447: 9544,9348,9446,9545,9349,9448
9448: 9546,9350,9449,9447,9545,9349
9449: 9546,9450,9547,9448,9351,9350
9450: 9547,9351,9449,9548,9451,9352
9451: 9549,9548,9353,9452,9352,9450
9452: 9549,9353,9451,9354,9550,9453
9453: 9354,9550,9452,9551,9454,9355
9454: 9455,9551,9552,9355,9356,9453
9455: 9552,9454,9356,9357,9553,9456
9456: 9554,9358,9457,9455,9357,9553
9457: 9458,9554,9456,9555,9359,9358
9458: 9555,9359,9457,9556,9360,9459
9459: 9557,9361,9460,9458,9556,9360
9460: 9461,9557,9459,9558,9362,9361
9461: 9558,9362,9460,9559,9462,9363
9462: 9559,9560,9463,9363,9364,9461
9463: 9560,9462,9561,9464,9365,9364
9464: 9561,9365,9463,9562,9366,9465
9465: 9562,9563,9367,9366,9466,9464
9466: 9563,9367,9368,9564,9465,9467
9467: 9565,9369,9468,9368,9564,9466
9468: 9565,9566,9467,9369,9370,9469
9469: 9566,9371,9370,9468,9567,9470
9470: 9568,9372,9471,9371,9469,9567
9471: 9568,9569,9470,9372,9373,9472
9472: 9569,9373,9374,9471,9570,9473
9473: 9571,9375,9474,9374,9472,9570
9474: 9571,9572,9475,9376,9375,9473
9475: 9572,9376,9474,9476,9377,9573
9476: 9574,9378,9377,9477,9573,9475
9477: 9476,9574,9575,9379,9378,9478
9478: 9575,9379,9477,9576,9380,9479
9479: 9576,9577,9381,9380,9480,9478
9480: 9577,9578,9382,9381,9479,9481
9481: 9579,9383,9482,9578,9382,9480
9482: 9384,9580,9579,9383,9483,9481
9483: 9384,9580,9581,9385,9482,9484
9484: 9485,9386,9582,9581,9385,9483
9485: 9583,9387,9386,9484,9582,9486
9486: 9485,9583,9387,9487,9584,9388
9487: 9389,9585,9488,9584,9388,9486
9488: 9489,9586,9487,9390,9389,9585
9489: 9586,9390,9488,9490,9587,9391
9490: 9392,9491,9588,9587,9391,9489
9491: 9492,9589,9392,9490,9393,9588
9492: 9589,9393,9491,9493,9590,9394
9493: 9591,9590,9394,9494,9395,9492
9494: 9591,9592,9493,9396,9395,9495
9495: 9496,9397,9593,9592,9494,9396
9496: 9594,9398,9397,9497,9593,9495
9497: 9496,9595,9594,9398,9399,9498
9498: 9499,9400,9596,9595,9497,9399
9499: 9498,9597,9500,9400,9401,9596
9500: 9499,9597,9401,9501,9598,9402
9501: 9502,9599,9403,9598,9402,9500
9502: 9503,9404,9501,9599,9600,9403
9503: 9502,9404,9600,9405,9504,9601
9504: 9505,9405,9602,9406,9601,9503
9505: 9407,9504,9602,9603,9406,9506
9506: 9408,9507,9604,9505,9407,9603
9507: 9408,9409,9605,9508,9604,9506
9508: 9409,9507,9410,9605,9606,9509
9509: 9510,9411,9607,9410,9606,9508
9510: 9412,9411,9607,9608,9509,9511
9511: 9510,9412,9608,9512,9413,9609
9512: 9513,9414,9610,9413,9609,9511
9513: 9514,9512,9414,9611,9415,9610
9514: 9513,9611,9415,9515,9612,9416
9515: 9516,9417,9613,9612,9416,9514
9516: 9517,9418,9417,9613,9515,9614
9517: 9516,9418,9614,9518,9419,9615,18605
9518: 9419,9420,9615,17918,18220,9517
9519: 17453,9616,17918,9520,9421,15658
9520: 9521,9422,9421,15658,18377,9519
9521: 14559,9520,9422,16370,18377,15017
9522: 15580,9715,18067,19610,9424,13965
9523: 19067,18593,19012,19689,21153,20722
9524: 14182,13835,9426,12907,14982,9525
9525: 13807,13591,9621,12907,9524,13835
9526: 9429,15568,9428,14404,14506,15147
9527: 15147,9624,15569,9429,9430,9528
9528: 9430,9527,9624,9529,9431,9625
9529: 9432,9530,9431,9528,9626,9625
9530: 9432,9529,9433,9531,9626,9627
9531: 9433,9530,9627,9532,9434,9628
9532: 9435,9533,9434,9531,9628,9629
9533: 9435,9436,9532,9629,9630,9534
9534: 9535,9437,9436,9533,9630,9631
9535: 9438,9534,9437,9536,9631,9632
9536: 9438,9535,9439,9632,9633,9537
9537: 9538,9440,9536,9439,9633,9634
9538: 9441,9537,9440,9539,9634,9635
9539: 9441,9538,9442,9635,9636,9540
9540: 9541,9443,9539,9442,9636,9637
9541: 9540,9444,9443,9542,9637,9638
9542: 9541,9444,9638,9543,9445,9639
9543: 9544,9445,9446,9542,9639,9640
9544: 9543,9447,9446,9545,9641,9640
9545: 9447,9544,9641,9546,9448,9642
9546: 9547,9448,9449,9545,9643,9642
9547: 9546,9450,9449,9643,9644,9548
9548: 9549,9451,9450,9547,9644,9645
9549: 9548,9451,9550,9452,9646,9645
9550: 9549,9452,9453,9646,9647,9551
9551: 9552,9454,9550,9453,9647,9648
9552: 9455,9551,9454,9553,9648,9649
9553: 9455,9552,9649,9554,9456,9650
9554: 9456,9555,9457,9553,9651,9650
9555: 9458,9554,9457,9556,9652,9651
9556: 9458,9555,9652,9557,9459,9653
9557: 9459,9558,9460,9556,9654,9653
9558: 9461,9557,9460,9655,9654,9559
9559: 9560,9462,9461,9558,9655,9656
9560: 9559,9462,9561,9463,9657,9656
9561: 9560,9464,9463,9657,9658,9562
9562: 9563,9465,9561,9464,9658,9659
9563: 9562,9564,9466,9465,9659,9660
9564: 9563,9466,9660,9565,9467,9661
9565: 9566,9467,9468,9564,9661,9662
9566: 9565,9469,9468,9567,9663,9662
9567: 9566,9469,9663,9568,9470,9664
9568: 9569,9470,9471,9567,9665,9664
9569: 9568,9472,9471,9570,9666,9665
9570: 9569,9472,9666,9571,9473,9667
9571: 9572,9473,9474,9570,9668,9667
9572: 9571,9475,9474,9668,9669,9573
9573: 9476,9574,9572,9475,9669,9670
9574: 9476,9575,9477,9573,9671,9670
9575: 9574,9478,9477,9672,9671,9576
9576: 9577,9479,9575,9478,9672,9673
9577: 9576,9578,9479,9480,9674,9673
9578: 9577,9480,9674,9579,9481,9675
9579: 9580,9482,9481,9578,9676,9675
9580: 9581,9579,9482,9483,9677,9676
9581: 9580,9483,9677,9484,9582,9678
9582: 9485,9583,9484,9581,9679,9678
9583: 9485,9582,9486,9680,9679,9584
9584: 9487,9585,9583,9486,9680,9681
9585: 9586,9487,9488,9584,9682,9681
9586: 9489,9585,9488,9683,9682,9587
9587: 9490,9588,9489,9586,9683,9684
9588: 9589,9490,9491,9587,9685,9684
9589: 9492,9491,9588,9685,9686,9590
9590: 9591,9493,9492,9589,9686,9687
9591: 9592,9493,9590,9494,9688,9687
9592: 9591,9494,9688,9593,9495,9689
9593: 9496,9594,9495,9592,9690,9689
9594: 9496,9595,9497,9593,9690,9691
9595: 9594,9497,9691,9498,9596,9692
9596: 9499,9498,9597,9595,9692,9693
9597: 9499,9500,9596,9694,9693,9598
9598: 9501,9599,9597,9500,9694,9695
9599: 9502,9501,9600,9598,9696,9695
9600: 9502,9503,9599,9696,9697,9601
9601: 9504,9602,9503,9600,9697,9698
9602: 9505,9504,9603,9601,9698,9699
9603: 9505,9602,9699,9604,9506,9700
9604: 9507,9605,9506,9603,9701,9700
9605: 9507,9606,9508,9604,9702,9701
9606: 9605,9508,9702,9607,9509,9703
9607: 9510,9608,9509,9606,9704,9703
9608: 9510,9607,9511,9704,9705,9609
9609: 9512,9610,9608,9511,9705,9706
9610: 9513,9512,9611,9609,9707,9706
9611: 9514,9513,9610,9707,19449,9612
9612: 9613,9515,9514,9611,19449,9708
9613: 9516,9515,9612,9709,9708,9614
9614: 9710,9709,9517,9516,9613,18605
9615: 9518,18220,9517,18605,9711
9616: 9519,17918,18220,9712,15482,15658
9617: 9714,15281,9618,15482,15658,18377
9618: 15017,9714,17170,9617,18377
9619: 15580,16370,15017,14390,13801
9620: 17776,13609,18409,14918,12912,16222
9621: 9717,13591,9525,19540,12907,12668
9622: 14506,13807,13591,14267,9718,9623
9623: 9719,15147,15569,14506,9622,14267
9624: 15797,9527,9720,15569,9528,9625
9625: 9626,9721,9528,9624,9720,9529
9626: 9625,9627,9721,9722,9529,9530
9627: 9626,9722,9723,9530,9531,9628
9628: 9724,9629,9531,9627,9723,9532
9629: 9724,9628,9630,9725,9533,9532
9630: 9629,9725,9533,9534,9631,9726
9631: 9632,9726,9727,9630,9534,9535
9632: 9631,9728,9727,9633,9535,9536
9633: 9728,9632,9536,9537,9634,9729
9634: 9730,9729,9635,9633,9537,9538
9635: 9730,9731,9634,9636,9538,9539
9636: 9731,9635,9539,9540,9637,9732
9637: 9732,9638,9733,9636,9540,9541
9638: 9637,9734,9733,9541,9542,9639
9639: 9735,9640,9542,9734,9638,9543
9640: 9639,9736,9735,9641,9543,9544
9641: 9736,9640,9737,9544,9545,9642
9642: 9738,9643,9545,9641,9737,9546
9643: 9738,9739,9642,9644,9546,9547
9644: 9739,9643,9547,9548,9645,9740
9645: 9741,9646,9740,9644,9549,9548
9646: 9741,9742,9645,9647,9549,9550
9647: 9742,9646,9550,9551,9648,9743
9648: 9743,9649,9744,9647,9551,9552
9649: 9648,9745,9744,9552,9553,9650
9650: 9746,9651,9553,9745,9649,9554
9651: 9746,9652,9747,9650,9554,9555
9652: 9651,9747,9748,9555,9556,9653
9653: 9749,9654,9556,9652,9748,9557
9654: 9749,9655,9653,9750,9557,9558
9655: 9654,9750,9558,9559,9751,9656
9656: 9751,9657,9752,9655,9559,9560
9657: 9656,9658,9753,9752,9560,9561
9658: 9657,9753,9561,9562,9754,9659
9659: 9754,9755,9660,9658,9562,9563
9660: 9755,9659,9756,9563,9564,9661
9661: 9662,9757,9564,9660,9756,9565
9662: 9661,9663,9758,9757,9565,9566
9663: 9662,9759,9758,9566,9567,9664
9664: 9665,9760,9567,9663,9759,9568
9665: 9666,9664,9761,9760,9568,9569
9666: 9665,9762,9761,9569,9570,9667
9667: 9668,9763,9570,9666,9762,9571
9668: 9667,9763,9764,9669,9571,9572
9669: 9668,9764,9572,9573,9670,9765
9670: 9671,9766,9765,9669,9574,9573
9671: 9672,9670,9767,9766,9574,9575
9672: 9671,9767,9575,9576,9768,9673
9673: 9768,9769,9674,9672,9576,9577
9674: 9769,9673,9770,9577,9578,9675
9675: 9771,9676,9578,9674,9770,9579
9676: 9771,9772,9677,9675,9580,9579
9677: 9772,9676,9773,9580,9581,9678
9678: 9774,9679,9581,9677,9773,9582
9679: 9774,9680,9678,9775,9583,9582
9680: 9679,9775,9583,9584,9681,9776
9681: 9682,9777,9776,9680,9585,9584
9682: 9778,9683,9681,9777,9586,9585
9683: 9778,9682,9586,9587,9684,9779
9684: 9685,9780,9779,9683,9588,9587
9685: 9684,9781,9780,9686,9589,9588
9686: 9685,9781,9589,9590,9782,9687
9687: 9782,9783,9688,9686,9591,9590
9688: 9783,9687,9784,9591,9592,9689
9689: 9690,9785,9592,9688,9784,9593
9690: 9786,9785,9691,9689,9594,9593
9691: 9690,9786,9787,9595,9594,9692
9692: 9788,9693,9595,9691,9787,9596
9693: 9788,9694,9692,9789,9597,9596
9694: 9789,9693,9597,9598,9695,9790
9695: 9791,9696,9790,9694,9599,9598
9696: 9791,9695,9792,9697,9599,9600
9697: 9696,9792,9600,9601,9793,9698
9698: 9793,9699,9794,9697,9602,9601
9699: 9795,9698,9794,9602,9603,9700
9700: 9796,9701,9603,9795,9699,9604
9701: 9702,9796,9797,9700,9605,9604
9702: 9798,9797,9701,9605,9606,9703
9703: 9704,9799,9606,9702,9798,9607
9704: 9800,9799,9703,9705,9607,9608
9705: 9800,9704,9608,9609,9706,9801
9706: 9707,9802,9801,9705,9610,9609
9707: 9803,19449,9802,9706,9611,9610
9708: 9804,18936,9709,19449,9613,9612
9709: 9804,9805,9710,9708,9614,9613
9710: 9805,9709,9614,18605,9806,19536
9711: 9712,16455,18605,9806,9615,18220
9712: 9713,16455,15482,9711,9616,18220
9713: 9808,9712,16455,15482,15725,15281
9714: 9809,14235,15281,9618,17170,9617
9715: 13225,15885,9522,12196,18067,19610
9716: 14849,9811,13528,14334,15710,12067
9717: 13591,9621,9718,12668,14357,15316
9718: 9717,13591,9622,13971,14267,14357
9719: 14408,15797,9623,9814,15569,14267
9720: 15797,9624,9625,9815,9721
9721: 9626,9625,9815,9816,9722,9720
9722: 9626,9627,9816,9721,9817,9723
9723: 9627,9722,9817,9724,9628,9818
9724: 9628,9629,9818,9819,9725,9723
9725: 9724,9629,9819,9630,9820,9726
9726: 9631,9821,9727,9630,9725,9820
9727: 9631,9728,9632,9821,9822,9726
9728: 9632,9822,9727,9823,9633,9729
9729: 9730,9824,9634,9728,9823,9633
9730: 9824,9731,9634,9729,9635,9825
9731: 9730,9635,9825,9826,9636,9732
9732: 9637,9827,9733,9731,9826,9636
9733: 9637,9827,9734,9732,9638,9828
9734: 9638,9733,9828,9639,9829,9735
9735: 9639,9736,9829,9830,9640,9734
9736: 9735,9641,9831,9830,9640,9737
9737: 9736,9641,9831,9738,9832,9642
9738: 9739,9832,9833,9643,9642,9737
9739: 9738,9833,9643,9644,9834,9740
9740: 9741,9835,9645,9739,9644,9834
9741: 9742,9835,9836,9646,9645,9740
9742: 9741,9836,9646,9837,9647,9743
9743: 9648,9838,9744,9742,9837,9647
9744: 9839,9648,9838,9743,9745,9649
9745: 9839,9649,9744,9840,9746,9650
9746: 9840,9841,9651,9747,9650,9745
9747: 9842,9841,9746,9652,9651,9748
9748: 9842,9652,9747,9749,9843,9653
9749: 9843,9844,9654,9653,9750,9748
9750: 9749,9844,9655,9654,9845,9751
9751: 9846,9656,9752,9655,9750,9845
9752: 9751,9846,9847,9657,9656,9753
9753: 9847,9657,9658,9752,9848,9754
9754: 9849,9755,9659,9658,9753,9848
9755: 9754,9849,9850,9659,9660,9756
9756: 9850,9755,9660,9851,9661,9757
9757: 9851,9852,9661,9662,9758,9756
9758: 9852,9853,9663,9662,9759,9757
9759: 9853,9663,9758,9854,9664,9760
9760: 9854,9855,9665,9664,9761,9759
9761: 9855,9856,9666,9665,9762,9760
9762: 9856,9666,9761,9857,9667,9763
9763: 9857,9858,9668,9667,9764,9762
9764: 9858,9859,9668,9763,9669,9765
9765: 9860,9670,9766,9859,9764,9669
9766: 9860,9861,9671,9670,9767,9765
9767: 9861,9862,9672,9671,9766,9768
9768: 9863,9769,9673,9862,9672,9767
9769: 9863,9864,9768,9674,9673,9770
9770: 9864,9769,9674,9771,9865,9675
9771: 9866,9772,9676,9865,9675,9770
9772: 9866,9867,9771,9677,9676,9773
9773: 9867,9772,9677,9774,9678,9868
9774: 9869,9679,9678,9868,9775,9773
9775: 9869,9870,9774,9680,9679,9776
9776: 9681,9777,9871,9870,9680,9775
9777: 9872,9778,9682,9681,9871,9776
9778: 9872,9873,9683,9682,9777,9779
9779: 9874,9684,9780,9873,9778,9683
9780: 9875,9874,9685,9684,9781,9779
9781: 9875,9876,9685,9780,9686,9782
9782: 9783,9687,9877,9876,9781,9686
9783: 9878,9782,9688,9687,9877,9784
9784: 9878,9783,9688,9785,9879,9689
9785: 9690,9786,9880,9879,9689,9784
9786: 9881,9690,9785,9691,9880,9787
9787: 9881,9786,9691,9788,9882,9692
9788: 9882,9692,9789,9883,9693,9787
9789: 9884,9788,9694,9883,9693,9790
9790: 9791,9885,9695,9884,9694,9789
9791: 9885,9696,9695,9792,9886,9790
9792: 9887,9791,9696,9886,9697,9793
9793: 9888,9698,9794,9887,9792,9697
9794: 9795,9889,9888,9793,9698,9699
9795: 9889,9699,9794,9796,9700,9890
9796: 9797,9891,9701,9700,9890,9795
9797: 9702,9798,9796,9891,9892,9701
9798: 9702,9797,9892,9799,9703,9893
9799: 9800,9704,9703,9894,9893,9798
9800: 9704,9799,9894,9895,9705,9801
9801: 9802,9706,9896,9800,9895,9705
9802: 9707,9803,9897,9706,9896,9801
9803: 9707,19449,9802,9897,18531,18936
9804: 18936,9805,9899,9709,9898,9708
9805: 9804,9710,9900,9899,9709,19536
9806: 16455,9807,18605,9711,19536,9710
9807: 16455,16065,14112,15725,9806,19536
9808: 9713,14414,15725,14235,15281,9902
9809: 12926,14235,9714,14665,17170,9903
9810: 17916,21362,18825,19637,15920
9811: 9716,14334,15710,16988,17575,14358
9812: 14849,13528,16480,12668,13144,15316
9813: 12507,14391,20415,12722,18378,12734
9814: 9719,14408,15797,14934,9907
9815: 9816,9721,15797,9720,14934,9908,9909
9816: 9815,9721,9722,9817,9909,18783
9817: 9816,9722,9723,9911,18783,9818
9818: 9724,9819,9817,9723,9911,9912
9819: 9724,9818,9725,9820,9912,9913
9820: 9819,9725,9913,9821,9726,9914
9821: 9822,9726,9727,9820,9914,9915
9822: 9728,9821,9727,9823,9916,9915
9823: 9728,9822,9916,9824,9729,9917
9824: 9730,9729,9825,9823,9917,9918
9825: 9730,9824,9731,9826,9919,9918
9826: 9731,9825,9919,9827,9732,9920
9827: 9732,9733,9828,9826,9921,9920
9828: 9827,9734,9733,9921,9922,9829
9829: 9735,9830,9734,9828,9922,9923
9830: 9736,9829,9735,9831,9924,9923
9831: 9736,9830,9737,9924,9925,9832
9832: 9738,9833,9831,9737,9925,9926
9833: 9738,9739,9832,9834,9926,9927
9834: 9739,9833,9927,9835,9740,9928
9835: 9741,9836,9740,9834,9928,9929
9836: 9741,9742,9835,9837,9930,9929
9837: 9742,9836,9930,9838,9743,9931
9838: 9839,9743,9744,9837,9932,9931
9839: 9838,9745,9744,9933,9932,9840
9840: 9841,9746,9839,9745,9933,9934
9841: 9842,9840,9746,9747,9935,9934
9842: 9841,9747,9748,9936,9935,9843
9843: 9749,9844,9842,9748,9936,9937
9844: 9749,9843,9750,9845,9937,9938
9845: 9844,9750,9938,9751,9846,9939
9846: 9751,9847,9752,9845,9939,9940
9847: 9846,9753,9752,9848,9941,9940
9848: 9847,9753,9941,9754,9849,9942
9849: 9754,9850,9755,9848,9943,9942
9850: 9849,9755,9756,9943,9944,9851
9851: 9852,9757,9850,9756,9944,9945
9852: 9851,9853,9758,9757,9946,9945
9853: 9852,9759,9758,9947,9946,9854
9854: 9855,9760,9853,9759,9947,9948
9855: 9854,9856,9761,9760,9949,9948
9856: 9855,9762,9761,9950,9949,9857
9857: 9858,9763,9856,9762,9950,9951
9858: 9857,9859,9763,9764,9952,9951
9859: 9858,9764,9952,9860,9765,9953
9860: 9861,9766,9765,9859,9954,9953
9861: 9860,9862,9767,9766,9954,9955
9862: 9861,9767,9955,9863,9768,9956
9863: 9864,9768,9769,9862,9956,9957
9864: 9863,9769,9770,9957,9958,9865
9865: 9866,9771,9864,9770,9958,9959
9866: 9867,9771,9772,9865,9959,9960
9867: 9866,9772,9773,9960,9961,9868
9868: 9869,9774,9867,9773,9961,9962
9869: 9870,9774,9868,9775,9963,9962
9870: 9869,9775,9963,9871,9776,9964
9871: 9872,9777,9776,9870,9965,9964
9872: 9873,9778,9777,9871,9966,9965
9873: 9872,9778,9966,9874,9779,9967
9874: 9875,9780,9779,9873,9968,9967
9875: 9876,9874,9781,9780,9968,9969
9876: 9875,9781,9969,9782,9877,9970
9877: 9878,9782,9783,9876,9971,9970
9878: 9783,9877,9784,9971,9972,9879
9879: 9785,9880,9878,9784,9972,9973
9880: 9881,9786,9785,9879,9973,9974
9881: 9786,9880,9787,9974,9975,9882
9882: 9788,9883,9881,9787,9975,9976
9883: 9884,9788,9882,9789,9976,9977
9884: 9789,9883,9977,9885,9790,9978
9885: 9791,9886,9790,9884,9979,9978
9886: 9887,9791,9885,9792,9980,9979
9887: 9792,9886,9980,9888,9793,9981
9888: 9889,9793,9794,9887,9981,9982
9889: 9795,9888,9794,9983,9982,9890
9890: 9796,9891,9795,9889,9983,9984
9891: 9796,9797,9892,9890,9984,9985
9892: 9798,9797,9891,9986,9985,9893
9893: 9799,9894,9798,9892,9986,9987
9894: 9800,9799,9895,9893,9988,9987
9895: 9800,9894,9988,9896,9801,9989
9896: 9802,9897,9801,9895,9990,9989
9897: 9803,9802,18531,9896,9990,9991
9898: 9804,18936,9899,18531,18016
9899: 9804,9805,9900,9898,9993,9992,18016
9900: 9805,9899,9993,16065,19536,9994
9901: 13650,9994,13745,16065,14112
9902: 9996,9903,9808,14414,9995,14235
9903: 16878,9996,9902,12926,9809,14235
9904: 12810,14227,12938,17305,20571,14392
9905: 12657,13090,14210,18276,12077,17575
9906: 13144,15458,15210,12067,14074
9907: 13911,12722,18378,9908,14408,9814,14934
9908: 13911,10001,9907,14934,9815,9909,18365
9909: 9910,18365,18783,9908,9815,9816
9910: 19128,10002,10003,9909,18365,18783
9911: 10003,19772,18783,9817,9818,9912,10004
9912: 10004,10005,9913,9911,9818,9819
9913: 9912,10006,10005,9819,9820,9914
9914: 10007,9915,9820,10006,9913,9821
9915: 9914,10007,9916,10008,9821,9822
9916: 10008,9915,10009,9822,9823,9917
9917: 10010,9918,9823,9916,10009,9824
9918: 9917,9919,10010,10011,9824,9825
9919: 10011,9918,10012,9825,9826,9920
9920: 9921,10013,9826,9919,10012,9827
9921: 10014,9922,10013,9920,9827,9828
9922: 10014,9921,9828,9829,10015,9923
9923: 9924,10015,10016,9922,9829,9830
9924: 9923,10016,10017,9925,9831,9830
9925: 9924,10017,9831,9832,9926,10018
9926: 10018,9927,10019,9925,9832,9833
9927: 9926,10020,10019,9833,9834,9928
9928: 9929,10021,9834,10020,9927,9835
9929: 9928,9930,10022,10021,9835,9836
9930: 10022,9929,10023,9836,9837,9931
9931: 9932,10024,9837,9930,10023,9838
9932: 9933,10025,10024,9931,9839,9838
9933: 9932,10025,9839,9840,10026,9934
9934: 10026,10027,9935,9933,9840,9841
9935: 9936,10028,10027,9934,9842,9841
9936: 10028,9935,9842,9843,10029,9937
9937: 10030,10029,9938,9936,9843,9844
9938: 10030,10031,9937,9844,9845,9939
9939: 10032,9940,9845,10031,9938,9846
9940: 10033,9941,9939,10032,9846,9847
9941: 10033,9940,10034,9847,9848,9942
9942: 9943,10035,9848,9941,10034,9849
9943: 9942,10036,10035,9944,9849,9850
9944: 9943,10036,9850,9851,9945,10037
9945: 9946,10038,10037,9944,9851,9852
9946: 9947,9945,10039,10038,9852,9853
9947: 9946,10039,9853,9854,9948,10040
9948: 9949,10041,10040,9947,9854,9855
9949: 9950,9948,10041,10042,9855,9856
9950: 9949,10042,9856,9857,9951,10043
9951: 9952,10044,10043,9950,9857,9858
9952: 10045,9951,10044,9858,9859,9953
9953: 9954,10046,9859,10045,9952,9860
9954: 9953,9955,10047,10046,9860,9861
9955: 9954,10047,10048,9861,9862,9956
9956: 9957,10049,9862,9955,10048,9863
9957: 9956,9958,10050,10049,9863,9864
9958: 9957,10050,9864,9865,9959,10051
9959: 9960,10052,10051,9958,9866,9865
9960: 9959,10053,10052,9961,9866,9867
9961: 9960,10053,9867,9868,9962,10054
9962: 9963,10055,10054,9961,9869,9868
9963: 9962,10055,10056,9869,9870,9964
9964: 10057,9965,9870,9963,10056,9871
9965: 10058,9966,10057,9964,9872,9871
9966: 10059,10058,9965,9872,9873,9967
9967: 9968,10060,9873,10059,9966,9874
9968: 10061,10060,9967,9969,9875,9874
9969: 9968,10062,10061,9875,9876,9970
9970: 9971,10063,9876,10062,9969,9877
9971: 9970,10064,10063,9972,9878,9877
9972: 9971,10064,9878,9879,9973,10065
9973: 10066,9974,10065,9972,9880,9879
9974: 9973,10067,10066,9975,9881,9880
9975: 10067,9974,9881,9882,9976,10068
9976: 10068,9977,10069,9975,9882,9883
9977: 9976,10070,10069,9884,9883,9978
9978: 9979,10071,9884,10070,9977,9885
9979: 9980,10072,10071,9978,9885,9886
9980: 9979,10072,10073,9887,9886,9981
9981: 10074,9982,9887,9980,10073,9888
9982: 9981,10074,10075,9983,9889,9888
9983: 10075,9982,9889,9890,9984,10076
9984: 10077,9985,10076,9983,9891,9890
9985: 9984,10078,10077,9986,9891,9892
9986: 10078,9985,9892,9893,9987,10079
9987: 9988,10080,10079,9986,9894,9893
9988: 9987,10081,10080,9894,9895,9989
9989: 10082,9990,9895,9988,10081,9896
9990: 10082,10083,9991,9989,9897,9896
9991: 10084,9990,10083,9897,18531,18016
9992: 9993,10085,17408,18016,9899
9993: 14962,10085,9992,9900,9899,9994
9994: 13650,10086,9901,9900,9993,14962,16065
9995: 10087,13745,14414,12882,9996,9902
9996: 12889,16878,12882,9902,9903,9995
9997: 12889,16878,12679,12089,12938,17305,14217
9998: 19275,12881,15062,17227,16509,18996
9999: 15458,15210,14391,20415,12776,12160
10000: 13517,13911,12722,12734,10092
10001: 13517,13911,9908,13884,10002,18365
10002: 19128,9910,16683,18365,10001,13884,10094
10003: 9911,19128,9910,19772,18783
10004: 9912,10005,20208,9911,19772
10005: 9912,10004,10006,10097,9913,10096,20208
10006: 10005,10097,9913,9914,10007,10098
10007: 9914,10008,9915,10098,10099,10006
10008: 10007,9916,9915,10099,10100,10009
10009: 9916,10008,10100,10101,9917,10010
10010: 10101,9917,10102,10011,9918,10009
10011: 9919,10102,10010,10103,9918,10012
10012: 9919,10011,10103,10013,9920,10104
10013: 10014,10105,9921,9920,10104,10012
10014: 10105,9921,9922,10013,10106,10015
10015: 9923,10016,10107,10014,9922,10106
10016: 9924,10015,9923,10108,10017,10107
10017: 9924,10016,10108,10109,9925,10018
10018: 9926,10019,10110,10017,10109,9925
10019: 9926,10018,10020,9927,10111,10110
10020: 9927,10111,10019,9928,10021,10112
10021: 9928,10022,9929,10113,10112,10020
10022: 10114,9930,9929,10021,10113,10023
10023: 10114,9930,10022,10024,9931,10115
10024: 9932,10025,9931,10116,10115,10023
10025: 10117,9933,9932,10024,10116,10026
10026: 10027,10118,9934,10117,9933,10025
10027: 10026,10028,9935,10119,10118,9934
10028: 9936,10120,10027,9935,10119,10029
10029: 10030,10121,9937,9936,10120,10028
10030: 10121,10029,10031,9937,9938,10122
10031: 10030,9938,10122,9939,10032,10123
10032: 10033,9939,10124,10123,9940,10031
10033: 9941,10032,10124,10125,9940,10034
10034: 10033,9941,10125,9942,10035,10126
10035: 10127,9943,9942,10036,10126,10034
10036: 10127,9943,10035,10128,9944,10037
10037: 9945,10038,10129,10036,10128,9944
10038: 9946,9945,10039,10129,10130,10037
10039: 9947,9946,10038,10131,10130,10040
10040: 9948,10041,10132,9947,10039,10131
10041: 9949,9948,10040,10132,10133,10042
10042: 9950,9949,10041,10134,10133,10043
10043: 9951,10044,10135,9950,10134,10042
10044: 10045,9952,9951,10043,10136,10135
10045: 9952,10044,10136,9953,10137,10046
10046: 9954,9953,10137,10047,10138,10045
10047: 9954,9955,10046,10139,10138,10048
10048: 9955,10047,10139,9956,10140,10049
10049: 9956,9957,10140,10050,10141,10048
10050: 9957,9958,10049,10142,10141,10051
10051: 9959,10143,10052,9958,10050,10142
10052: 9959,9960,10144,10143,10053,10051
10053: 9960,10144,10052,10145,9961,10054
10054: 9962,10055,10146,10053,10145,9961
10055: 9963,9962,10146,10147,10056,10054
10056: 9963,10055,10147,10057,10148,9964
10057: 10058,10149,9965,10148,9964,10056
10058: 10059,10150,10149,9966,10057,9965
10059: 10150,10058,9966,10151,10060,9967
10060: 10151,9968,10152,10061,9967,10059
10061: 9968,10062,10152,10060,10153,9969
10062: 10061,10153,9969,9970,10154,10063
10063: 9971,9970,10154,10155,10064,10062
10064: 9971,10155,10063,9972,10156,10065
10065: 9973,10157,10066,10064,9972,10156
10066: 9973,10157,10158,10067,9974,10065
10067: 10159,10158,10066,9974,9975,10068
10068: 9976,10160,10069,10159,10067,9975
10069: 9976,10070,10068,10161,10160,9977
10070: 10161,9977,10069,10071,9978,10162
10071: 10163,9979,10072,9978,10162,10070
10072: 9980,10163,9979,10164,10073,10071
10073: 9980,10164,10072,9981,10074,10165
10074: 9981,10166,10075,10165,9982,10073
10075: 10166,10167,10074,9983,9982,10076
10076: 9984,10077,10168,10167,10075,9983
10077: 9984,10078,10169,9985,10168,10076
10078: 10077,10169,9986,9985,10170,10079
10079: 10171,9987,10080,10078,9986,10170
10080: 10171,9988,9987,10172,10081,10079
10081: 9988,10172,10080,10082,10173,9989
10082: 10174,9990,10083,10173,9989,10081
10083: 10174,10084,10082,9990,9991,17407
10084: 10083,9991,17407,17136,17408,18016
10085: 9993,17136,14962,9992,17408,10176,14236
10086: 13650,9994,10178,10177,14962
10087: 13650,14423,9995,13745,12882
10088: 12704,13983,12594,14423,15224
10089: 18684,15744,11885,15970,20960
10090: 15829,13687,17531,19888,12657,16921
10091: 15020,14870,13678,12752,15225,12094
10092: 14200,10182,13066,13517,10000,12734
10093: 14200,12665,13517,13884,10184,10094
10094: 10184,17441,13884,10093,10002,16683
10095: 19128,16683,19772,10185,20208,10186
10096: 10005,10097,20208,10187,10186
10097: 10006,10005,10096,10188,10187,10098
10098: 10007,10099,10006,10097,10188,10189
10099: 10007,10008,10098,10100,10189,10190
10100: 10008,10099,10009,10191,10190,10101
10101: 10102,10010,10100,10009,10191,10192
10102: 10101,10010,10011,10103,10193,10192
10103: 10102,10011,10012,10193,10194,10104
10104: 10105,10013,10103,10012,10194,10195
10105: 10014,10013,10104,10106,10196,10195
10106: 10014,10105,10196,10015,10107,10197
10107: 10015,10016,10108,10106,10198,10197
10108: 10016,10017,10107,10109,10198,10199
10109: 10108,10017,10199,10018,10110,10200
10110: 10018,10111,10019,10109,10200,10201
10111: 10020,10019,10110,10202,10201,10112
10112: 10021,10113,10020,10111,10202,10203
10113: 10114,10022,10021,10112,10204,10203
10114: 10022,10113,10023,10205,10204,10115
10115: 10024,10116,10114,10023,10205,10206
10116: 10117,10025,10024,10115,10206,10207
10117: 10025,10116,10207,10026,10118,10208
10118: 10026,10027,10119,10117,10208,10209
10119: 10120,10028,10027,10118,10209,10210
10120: 10028,10119,10210,10121,10029,10211
10121: 10030,10029,10122,10120,10212,10211
10122: 10030,10121,10031,10212,10213,10123
10123: 10032,10124,10031,10122,10213,10214
10124: 10033,10032,10123,10125,10215,10214
10125: 10033,10124,10034,10216,10215,10126
10126: 10127,10035,10125,10034,10216,10217
10127: 10036,10035,10126,10128,10218,10217
10128: 10127,10036,10218,10129,10037,10219
10129: 10038,10130,10037,10128,10220,10219
10130: 10039,10038,10129,10131,10221,10220
10131: 10039,10130,10221,10040,10132,10222
10132: 10041,10040,10133,10131,10223,10222
10133: 10041,10132,10134,10042,10224,10223
10134: 10133,10042,10224,10043,10135,10225
10135: 10044,10043,10136,10134,10226,10225
10136: 10045,10044,10135,10226,10227,10137
10137: 10046,10138,10045,10136,10227,10228
10138: 10137,10047,10046,10139,10228,10229
10139: 10047,10138,10048,10230,10229,10140
10140: 10049,10141,10139,10048,10230,10231
10141: 10140,10050,10049,10142,10232,10231
10142: 10050,10141,10232,10143,10051,10233
10143: 10144,10052,10051,10142,10233,10234
10144: 10143,10053,10052,10145,10235,10234
10145: 10144,10053,10235,10146,10054,10236
10146: 10055,10147,10054,10145,10237,10236
10147: 10055,10146,10056,10237,10238,10148
10148: 10149,10057,10147,10056,10238,10239
10149: 10150,10058,10057,10148,10240,10239
10150: 10059,10058,10149,10240,10241,10151
10151: 10152,10060,10059,10150,10241,10242
10152: 10151,10061,10060,10153,10243,10242
10153: 10062,10152,10061,10243,10244,10154
10154: 10155,10063,10062,10153,10244,10245
10155: 10154,10064,10063,10156,10246,10245
10156: 10155,10064,10246,10157,10065,10247
10157: 10158,10066,10065,10156,10247,10248
10158: 10157,10159,10067,10066,10248,10249
10159: 10158,10067,10249,10068,10160,10250
10160: 10068,10161,10069,10159,10251,10250
10161: 10070,10160,10069,10251,10252,10162
10162: 10163,10071,10070,10161,10252,10253
10163: 10164,10072,10071,10162,10253,10254
10164: 10163,10072,10073,10254,10255,10165
10165: 10166,10074,10164,10073,10255,10256
10166: 10167,10074,10075,10165,10256,10257
10167: 10166,10075,10257,10168,10076,10258
10168: 10077,10169,10076,10167,20099,10258
10169: 10078,10077,10170,10168,10260,20099
10170: 10078,10169,10260,10171,10079,10261
10171: 10172,10080,10079,10170,10262,10261
10172: 10171,10081,10080,10262,10263,10173
10173: 10174,10082,10172,10081,10263,10264
10174: 10082,10083,10173,10265,17407,19893,10264
10175: 10265,17407,10266,17136,10176,16729
10176: 17136,10085,14236,10175,10267,16729
10177: 14962,14236,14429,10086,10178,13922
10178: 13650,10086,14423,10177,13922,12594
10179: 13922,14004,10268,13983,12594,13001
10180: 13548,13864,15896,16170,13984,17532
10181: 13147,12094,15459,15766,15676,14870
10182: 10183,14200,10092,10272,13066,15391
10183: 14200,12251,10182,12665,10272,15491
10184: 17441,10360,10273,10094,10093,12665
10185: 17441,10274,18105,16683,10095,10186
10186: 10187,10275,10095,10185,10274,10096,20208
10187: 10276,10188,10186,10275,10097,10096
10188: 10276,10187,10097,10098,10189,10277
10189: 10278,10190,10277,10188,10098,10099
10190: 10279,10189,10191,10278,10099,10100
10191: 10279,10190,10100,10101,10280,10192
10192: 10280,10193,10281,10191,10101,10102
10193: 10192,10282,10281,10194,10102,10103
10194: 10193,10282,10103,10104,10195,10283
10195: 10196,10283,10284,10194,10105,10104
10196: 10195,10285,10284,10105,10106,10197
10197: 10198,10286,10106,10196,10285,10107
10198: 10199,10287,10286,10197,10108,10107
10199: 10198,10287,10288,10108,10109,10200
10200: 10201,10289,10109,10199,10288,10110
10201: 10202,10200,10290,10289,10111,10110
10202: 10201,10290,10111,10112,10291,10203
10203: 10291,10204,10292,10202,10113,10112
10204: 10205,10293,10292,10203,10114,10113
10205: 10293,10204,10114,10115,10206,10294
10206: 10295,10294,10207,10205,10116,10115
10207: 10295,10206,10296,10117,10116,10208
10208: 10209,10297,10117,10296,10207,10118
10209: 10208,10298,10297,10210,10119,10118
10210: 10209,10298,10299,10120,10119,10211
10211: 10212,10300,10120,10210,10299,10121
10212: 10211,10301,10300,10213,10121,10122
10213: 10212,10301,10122,10123,10214,10302
10214: 10215,10303,10302,10213,10124,10123
10215: 10216,10214,10304,10303,10124,10125
10216: 10215,10304,10125,10126,10217,10305
10217: 10218,10306,10305,10216,10127,10126
10218: 10217,10307,10306,10127,10128,10219
10219: 10220,10308,10128,10218,10307,10129
10220: 10221,10308,10309,10219,10129,10130
10221: 10220,10309,10310,10131,10130,10222
10222: 10223,10311,10131,10221,10310,10132
10223: 10224,10222,10311,10312,10132,10133
10224: 10223,10313,10312,10134,10133,10225
10225: 10226,10314,10134,10224,10313,10135
10226: 10225,10315,10314,10227,10136,10135
10227: 10226,10315,10136,10137,10228,10316
10228: 10229,10317,10316,10227,10137,10138
10229: 10230,10228,10318,10317,10139,10138
10230: 10229,10318,10139,10140,10319,10231
10231: 10232,10320,10319,10230,10140,10141
10232: 10321,10320,10231,10142,10141,10233
10233: 10322,10234,10142,10232,10321,10143
10234: 10323,10235,10322,10233,10144,10143
10235: 10323,10324,10234,10144,10145,10236
10236: 10237,10325,10145,10235,10324,10146
10237: 10236,10325,10238,10326,10146,10147
10238: 10237,10326,10147,10148,10239,10327
10239: 10240,10328,10327,10238,10149,10148
10240: 10329,10328,10241,10239,10150,10149
10241: 10240,10329,10150,10151,10242,10330
10242: 10243,10331,10330,10241,10151,10152
10243: 10242,10332,10331,10244,10152,10153
10244: 10243,10332,10153,10154,10333,10245
10245: 10333,10246,10334,10244,10154,10155
10246: 10334,10335,10245,10155,10156,10247
10247: 10248,10336,10156,10246,10335,10157
10248: 10247,10336,10337,10249,10157,10158
10249: 10338,10248,10337,10159,10158,10250
10250: 10251,10339,10159,10338,10249,10160
10251: 10250,10340,10339,10252,10161,10160
10252: 10251,10340,10161,10162,10253,10341
10253: 10254,10342,10341,10252,10163,10162
10254: 10253,10342,10343,10255,10163,10164
10255: 10254,10343,10164,10165,10256,10344
10256: 10345,10257,10344,10255,10166,10165
10257: 10256,20869,10345,10166,10167,10258
10258: 20099,20484,10346,10167,20869,10257,10168
10259: 10260,10347,10348,19414,20099,20484
10260: 10259,19414,20099,10169,10170,10261
10261: 10262,10350,10349,10170,10260,19414,10171
10262: 10351,10261,10350,10263,10171,10172
10263: 10262,10351,15835,10172,10173,10264
10264: 10352,19893,10263,15835,10174,10173
10265: 10174,17407,10175,19893,10266
10266: 10353,19893,10265,10175,16729,10354
10267: 14429,10355,16729,19455,10176,14236
10268: 12132,15892,14004,10179,13983,10269
10269: 12132,15892,10268,13000,12450,16299
10270: 16409,18142,15893,16344,20395,17747
10271: 15225,12048,13147,15332,12094,13056
10272: 10183,10182,15491,12752,15391
10273: 10184,12180,10360,12251,12665,12039
10274: 10185,18105,21283,10186,10275
10275: 10361,10362,10276,10187,10186,10274,21283
10276: 10362,10188,10187,10275,10363,10277
10277: 10189,10278,10364,10276,10188,10363
10278: 10279,10189,10365,10364,10190,10277
10279: 10191,10365,10366,10278,10190,10280
10280: 10192,10281,10367,10279,10191,10366
10281: 10368,10280,10193,10192,10282,10367
10282: 10368,10193,10281,10194,10283,10369
10283: 10195,10284,10370,10369,10282,10194
10284: 10196,10371,10195,10283,10285,10370
10285: 10196,10371,10284,10372,10286,10197
10286: 10198,10372,10287,10373,10197,10285
10287: 10198,10374,10199,10286,10373,10288
10288: 10374,10199,10287,10200,10289,10375
10289: 10200,10201,10290,10376,10375,10288
10290: 10377,10202,10201,10289,10376,10291
10291: 10378,10292,10203,10377,10202,10290
10292: 10291,10378,10293,10204,10379,10203
10293: 10205,10380,10204,10379,10292,10294
10294: 10295,10206,10381,10205,10380,10293
10295: 10206,10296,10381,10294,10382,10207
10296: 10295,10382,10207,10208,10297,10383
10297: 10208,10209,10384,10298,10383,10296
10298: 10385,10209,10384,10297,10210,10299
10299: 10385,10298,10210,10386,10211,10300
10300: 10212,10386,10211,10301,10387,10299
10301: 10388,10212,10300,10387,10213,10302
10302: 10214,10389,10303,10388,10301,10213
10303: 10215,10214,10389,10304,10390,10302
10304: 10216,10215,10303,10390,10391,10305
10305: 10392,10217,10306,10216,10304,10391
10306: 10392,10218,10217,10307,10305,10393
10307: 10218,10306,10393,10394,10308,10219
10308: 10220,10394,10309,10395,10219,10307
10309: 10221,10220,10308,10310,10396,10395
10310: 10221,10309,10396,10222,10311,10397
10311: 10223,10222,10312,10398,10397,10310
10312: 10224,10223,10313,10311,10399,10398
10313: 10224,10312,10399,10225,10314,10400
10314: 10226,10225,10315,10400,10401,10313
10315: 10226,10402,10314,10401,10227,10316
10316: 10228,10317,10403,10402,10315,10227
10317: 10228,10229,10318,10316,10404,10403
10318: 10230,10229,10317,10405,10404,10319
10319: 10406,10320,10231,10230,10318,10405
10320: 10232,10406,10407,10321,10319,10231
10321: 10232,10407,10320,10408,10322,10233
10322: 10323,10408,10409,10233,10234,10321
10323: 10235,10409,10324,10322,10410,10234
10324: 10323,10235,10410,10236,10411,10325
10325: 10237,10236,10411,10412,10326,10324
10326: 10413,10237,10325,10412,10238,10327
10327: 10414,10328,10239,10413,10238,10326
10328: 10240,10414,10329,10415,10239,10327
10329: 10416,10240,10328,10415,10241,10330
10330: 10242,10417,10331,10416,10329,10241
10331: 10243,10242,10417,10332,10418,10330
10332: 10243,10331,10418,10419,10244,10333
10333: 10334,10420,10245,10332,10419,10244
10334: 10333,10246,10420,10335,10421,10245
10335: 10246,10334,10421,10247,10336,10422
10336: 10247,10248,10423,10422,10337,10335
10337: 10424,10338,10248,10336,10423,10249
10338: 10424,10337,10249,10250,10425,10339
10339: 10251,10250,10425,10340,10426,10338
10340: 10251,10339,10426,10252,10427,10341
10341: 10253,10428,10342,10340,10252,10427
10342: 10253,10428,10254,10429,10343,10341
10343: 10254,10430,10342,10429,10255,10344
10344: 10256,10431,10345,10430,10343,10255
10345: 10256,10431,20869,10257,10432,10344
10346: 10347,10433,10258,20484,20869,10432
10347: 10259,10434,10348,10433,20484,10346
10348: 10259,18906,10434,10347,10435,19414
10349: 10261,16937,10350,18906,19414
10350: 10262,10437,10351,10261,16937,10349
10351: 10262,10437,15682,10350,10263,15835
10352: 10438,10353,19893,10264,10439,15835
10353: 10352,19893,10440,10439,10266,10354
10354: 16232,10441,10355,16729,10353,10440,10266
10355: 10267,16232,10356,16729,19455,10354
10356: 16232,10355,19298,13139,19455,17830
10357: 11962,14094,17510,13028,10528,15351,17907
10358: 18401,20593,21123,20586,20045
10359: 15491,12752,15225,13056,12609
10360: 10184,12180,14093,17441,10273,18105
10361: 10362,10275,21283,13681,10446
10362: 10361,10276,10275,10363,13681,10448
10363: 10362,10276,10448,10449,10364,10277
10364: 10365,10278,10277,10363,10449,10450
10365: 10279,10366,10278,10364,10450,10451
10366: 10279,10365,10451,21344,10280,10367,10452
10367: 10368,10280,10281,10366,10452,20895
10368: 10282,10281,10367,10454,20895,10369
10369: 10283,10370,10368,10282,10454,10455
10370: 10371,10283,10284,10369,10456,10455
10371: 10285,10284,10370,10456,10457,10372
10372: 10286,10373,10371,10285,10457,10458
10373: 10374,10372,10287,10286,10458,10459
10374: 10287,10373,10288,10459,10460,10375
10375: 10289,10376,10374,10288,10460,10461
10376: 10377,10290,10289,10375,10462,10461
10377: 10290,10376,10462,10291,10378,10463
10378: 10291,10379,10292,10377,10463,10464
10379: 10378,10380,10293,10292,10464,10465
10380: 10293,10379,10465,10381,10294,10466
10381: 10295,10294,10382,10380,10466,10467
10382: 10295,10296,10381,10467,10468,10383
10383: 10384,10297,10296,10382,10468,10469
10384: 10385,10298,10297,10383,10470,10469
10385: 10384,10298,10299,10471,10470,10386
10386: 10300,10387,10385,10299,10471,10472
10387: 10388,10386,10301,10300,10472,10473
10388: 10301,10387,10473,10389,10302,10474
10389: 10303,10390,10302,10388,10474,10475
10390: 10389,10304,10303,10391,10475,10476
10391: 10304,10390,10476,10392,10305,10477
10392: 10306,10305,10393,10391,10478,10477
10393: 10392,10307,10306,10478,10479,10394
10394: 10308,10395,10307,10393,10479,10480
10395: 10394,10308,10309,10396,10480,10481
10396: 10309,10310,10395,10482,10481,10397
10397: 10311,10398,10310,10396,10482,10483
10398: 10311,10312,10399,10397,10483,10484
10399: 10313,10312,10398,10485,10484,10400
10400: 10314,10401,10313,10399,10485,10486
10401: 10402,10315,10314,10400,10486,10487
10402: 10315,10401,10487,10316,10403,10488
10403: 10317,10316,10404,10402,10488,10489
10404: 10318,10317,10405,10403,10489,10490
10405: 10318,10404,10490,10406,10319,10491
10406: 10407,10320,10319,10405,10492,10491
10407: 10406,10321,10320,10493,10492,10408
10408: 10409,10322,10407,10321,10493,10494
10409: 10323,10408,10322,10410,10495,10494
10410: 10323,10409,10324,10496,10495,10411
10411: 10325,10412,10324,10410,10496,10497
10412: 10413,10411,10325,10326,10497,10498
10413: 10412,10326,10498,10414,10327,10499
10414: 10328,10415,10327,10413,10499,10500
10415: 10416,10414,10329,10328,10501,10500
10416: 10329,10415,10501,10417,10330,10502
10417: 10331,10418,10330,10416,10502,10503
10418: 10417,10332,10331,10419,10504,10503
10419: 10332,10418,10504,10333,10420,10505
10420: 10333,10334,10421,10419,10505,10506
10421: 10334,10420,10335,10506,10507,10422
10422: 10336,10423,10335,10421,10507,10508
10423: 10424,10336,10422,10337,10509,10508
10424: 10338,10423,10337,10509,10510,10425
10425: 10339,10426,10424,10338,10510,10511
10426: 10425,10340,10339,10427,10512,10511
10427: 10340,10426,10512,10428,10341,10513
10428: 10342,10429,10341,10427,10514,10513
10429: 10428,10430,10342,10343,10514,10515
10430: 10429,10343,10515,10431,10344,10516
10431: 10345,10432,10344,10430,10516,10517
10432: 10431,20869,10345,10518,10517,10433,10346
10433: 10434,10347,10346,10432,10518,10519
10434: 10347,10435,10348,10433,10519,10520
10435: 18906,10434,10348,17687,10520,17249
10436: 10437,16937,15736,17249,10522,10521
10437: 15682,10351,16937,10436,10350,15736
10438: 10352,10439,15682,10523,15835,10524
10439: 10352,10438,10353,10440,10524,10525
10440: 10353,10439,10526,10525,10441,10354
10441: 16232,10354,10440,10526,15571
10442: 14538,12843,18162,12844,20298,10527
10443: 13189,15186,17011,14683,17907,11962
10444: 14296,10445,14896,12025,12591,15109
10445: 12025,10444,14568,15109,16273,12017
10446: 13681,10447,20924,13029,10361
10447: 13681,12821,10531,10532,10446,13029
10448: 10533,13681,10532,10449,10362,10363
10449: 10533,10448,10363,10364,10450,10534
10450: 10451,10535,10534,10449,10365,10364
10451: 10450,10535,10536,21344,10365,10366
10452: 10537,10453,20895,10366,21344,10367
10453: 10538,10537,10452,20495,20895
10454: 10538,20895,10368,10369,10455,10539
10455: 10456,10540,10539,10454,10370,10369
10456: 10541,10457,10540,10455,10371,10370
10457: 10541,10456,10371,10372,10542,10458
10458: 10543,10542,10459,10457,10372,10373
10459: 10543,10544,10458,10460,10374,10373
10460: 10544,10459,10374,10375,10545,10461
10461: 10545,10546,10462,10460,10376,10375
10462: 10546,10547,10461,10377,10376,10463
10463: 10548,10464,10377,10462,10547,10378
10464: 10549,10548,10463,10465,10378,10379
10465: 10549,10550,10464,10380,10379,10466
10466: 10551,10467,10380,10550,10465,10381
10467: 10551,10552,10466,10468,10381,10382
10468: 10552,10467,10382,10383,10553,10469
10469: 10553,10554,10470,10468,10384,10383
10470: 10555,10554,10471,10469,10385,10384
10471: 10555,10470,10385,10386,10472,10556
10472: 10557,10556,10473,10471,10386,10387
10473: 10558,10557,10472,10388,10387,10474
10474: 10559,10475,10388,10558,10473,10389
10475: 10559,10560,10474,10476,10389,10390
10476: 10560,10475,10561,10390,10391,10477
10477: 10562,10478,10391,10476,10561,10392
10478: 10562,10563,10477,10479,10392,10393
10479: 10563,10478,10393,10394,10480,10564
10480: 10565,10481,10564,10479,10394,10395
10481: 10566,10565,10482,10480,10396,10395
10482: 10566,10481,10396,10397,10483,10567
10483: 10568,10484,10567,10482,10398,10397
10484: 10569,10568,10485,10483,10399,10398
10485: 10569,10484,10399,10400,10570,10486
10486: 10571,10570,10487,10485,10400,10401
10487: 10571,10486,10572,10402,10401,10488
10488: 10573,10489,10402,10572,10487,10403
10489: 10488,10573,10490,10574,10404,10403
10490: 10575,10489,10574,10405,10404,10491
10491: 10576,10492,10405,10575,10490,10406
10492: 10493,10577,10576,10491,10406,10407
10493: 10577,10492,10407,10408,10494,10578
10494: 10579,10495,10578,10493,10408,10409
10495: 10579,10580,10496,10494,10409,10410
10496: 10580,10495,10410,10411,10497,10581
10497: 10581,10498,10582,10496,10411,10412
10498: 10497,10583,10582,10413,10412,10499
10499: 10584,10500,10413,10583,10498,10414
10500: 10585,10584,10499,10501,10414,10415
10501: 10585,10586,10500,10416,10415,10502
10502: 10587,10503,10416,10586,10501,10417
10503: 10502,10588,10587,10504,10417,10418
10504: 10588,10589,10503,10418,10419,10505
10505: 10506,10590,10419,10504,10589,10420
10506: 10505,10590,10591,10507,10420,10421
10507: 10506,10591,10421,10422,10508,10592
10508: 10593,10509,10592,10507,10423,10422
10509: 10593,10594,10510,10508,10424,10423
10510: 10509,10594,10424,10425,10511,10595
10511: 10596,10512,10595,10510,10425,10426
10512: 10596,10597,10511,10426,10427,10513
10513: 10514,10598,10427,10597,10512,10428
10514: 10599,10513,10598,10515,10428,10429
10515: 10599,10600,10514,10430,10429,10516
10516: 10601,10517,10430,10600,10515,10431
10517: 10601,10518,10516,10602,10431,10432
10518: 10517,10602,10432,10433,10603,10519
10519: 10603,10604,10520,10518,10434,10433
10520: 10605,17687,10604,10519,10434,10435
10521: 10606,10522,10607,17687,10436,17249
10522: 10606,10607,14749,10521,15384,10436,15736
10523: 15682,15736,15384,10438,10524
10524: 10608,10609,10525,10523,15384,10438,10439
10525: 12765,10526,10524,10609,10440,10439
10526: 12765,10525,10440,10441,13197,15571
10527: 20298,18838,14538,10442,15186
10528: 10357,12723,17681,13028,21403,15351
10529: 18753,19133,12369,14816,14847,11877
10530: 14051,16273,12510,12025,14083
10531: 17394,12821,10447,15931,13029,15593
10532: 10533,13681,12821,10447,15769,10448
10533: 10532,15769,10448,16385,10449,10534
10534: 10450,10535,10617,10533,16385,10449
10535: 10450,10451,10618,10617,10534,10536
10536: 10451,10618,10535,10619,21344,10537
10537: 10620,10452,10453,20495,10536,10619,21344
10538: 20070,10454,10453,20495,20895,10539
10539: 10622,10540,10455,20070,10538,10454
10540: 10541,10623,10622,10456,10455,10539
10541: 10623,10456,10457,10540,10624,10542
10542: 10625,10543,10458,10541,10457,10624
10543: 10625,10626,10542,10544,10458,10459
10544: 10543,10626,10459,10627,10460,10545
10545: 10546,10628,10461,10544,10627,10460
10546: 10545,10629,10628,10462,10547,10461
10547: 10546,10629,10462,10548,10630,10463
10548: 10549,10631,10630,10463,10464,10547
10549: 10632,10548,10631,10550,10464,10465
10550: 10549,10632,10465,10551,10633,10466
10551: 10552,10634,10633,10466,10467,10550
10552: 10551,10635,10634,10467,10468,10553
10553: 10636,10554,10469,10635,10552,10468
10554: 10555,10553,10636,10637,10470,10469
10555: 10637,10554,10638,10471,10470,10556
10556: 10557,10472,10639,10555,10638,10471
10557: 10558,10640,10472,10639,10556,10473
10558: 10557,10640,10473,10559,10474,10641
10559: 10560,10474,10642,10641,10475,10558
10560: 10559,10643,10642,10475,10476,10561
10561: 10560,10643,10476,10562,10644,10477
10562: 10563,10478,10645,10644,10477,10561
10563: 10562,10478,10646,10645,10479,10564
10564: 10565,10647,10480,10563,10646,10479
10565: 10566,10648,10647,10480,10481,10564
10566: 10565,10482,10649,10648,10481,10567
10567: 10568,10650,10483,10566,10482,10649
10568: 10569,10650,10651,10483,10484,10567
10569: 10568,10485,10651,10652,10484,10570
10570: 10571,10486,10653,10569,10485,10652
10571: 10570,10486,10654,10653,10572,10487
10572: 10571,10654,10487,10488,10573,10655
10573: 10488,10656,10655,10489,10574,10572
10574: 10573,10575,10657,10656,10489,10490
10575: 10657,10490,10574,10576,10658,10491
10576: 10577,10659,10658,10492,10491,10575
10577: 10493,10576,10660,10659,10492,10578
10578: 10579,10661,10494,10493,10577,10660
10579: 10580,10662,10661,10495,10494,10578
10580: 10579,10496,10663,10662,10495,10581
10581: 10497,10664,10582,10580,10496,10663
10582: 10497,10583,10581,10498,10665,10664
10583: 10498,10665,10582,10584,10499,10666
10584: 10585,10499,10667,10666,10500,10583
10585: 10668,10584,10667,10586,10501,10500
10586: 10668,10585,10501,10502,10587,10669
10587: 10502,10588,10670,10503,10669,10586
10588: 10587,10670,10504,10589,10503,10671
10589: 10588,10504,10671,10505,10672,10590
10590: 10505,10672,10506,10673,10591,10589
10591: 10506,10674,10673,10590,10507,10592
10592: 10675,10593,10508,10674,10591,10507
10593: 10675,10509,10676,10594,10508,10592
10594: 10593,10509,10677,10676,10510,10595
10595: 10596,10511,10678,10677,10594,10510
10596: 10597,10512,10511,10679,10678,10595
10597: 10596,10512,10679,10680,10513,10598
10598: 10681,10599,10680,10514,10513,10597
10599: 10681,10682,10600,10514,10598,10515
10600: 10599,10682,10515,10683,10601,10516
10601: 10683,10516,10684,10517,10602,10600
10602: 10601,10518,10685,10684,10517,10603
10603: 10686,10604,10519,10518,10685,10602
10604: 10603,10605,10686,10687,10519,10520
10605: 17687,10687,10688,10604,10520,10606
10606: 10522,10607,10521,10689,10605,17687,10688
10607: 10606,10522,14749,14190,10521,10689
10608: 10524,10609,13119,14749,13057,15384
10609: 12765,10608,10524,14306,13119,10525
10610: 19538,13197,10611,12502,12771,13237
10611: 12003,19538,17830,10610,13197,12844,15571
10612: 15995,15659,14369,12753,13148,15742
10613: 10614,12913,12073,12017,15889,13888
10614: 10613,12073,10695,13121,15931,13888,12206
10615: 10616,10696,16285,13121,13012,17394
10616: 12874,16285,10615,13012,17049,10697
10617: 10618,10535,16881,10534,16385,10698
10618: 10535,10617,10536,10619,10698,10699
10619: 10618,10536,10699,10537,10620,10700
10620: 10537,10621,20495,10619,18916,10700
10621: 20070,19098,10620,20495,10701,18916
10622: 10703,10623,10540,10539,20070,19098
10623: 10703,10541,10704,10622,10540,10624
10624: 10541,10704,10623,10625,10542,10705
10625: 10543,10626,10542,10706,10705,10624
10626: 10625,10543,10544,10706,10707,10627
10627: 10626,10544,10707,10545,10628,10708
10628: 10709,10545,10546,10629,10708,10627
10629: 10709,10546,10628,10710,10547,10630
10630: 10548,10631,10711,10629,10710,10547
10631: 10712,10549,10632,10548,10630,10711
10632: 10712,10549,10631,10713,10550,10633
10633: 10551,10634,10714,10632,10713,10550
10634: 10715,10551,10635,10552,10633,10714
10635: 10715,10552,10634,10553,10716,10636
10636: 10553,10716,10637,10717,10554,10635
10637: 10555,10636,10718,10717,10554,10638
10638: 10555,10718,10637,10639,10556,10719
10639: 10557,10640,10556,10638,10720,10719
10640: 10558,10557,10639,10721,10720,10641
10641: 10559,10642,10558,10640,10721,10722
10642: 10559,10560,10643,10641,10723,10722
10643: 10560,10642,10561,10724,10723,10644
10644: 10562,10645,10643,10561,10724,10725
10645: 10562,10563,10646,10644,10726,10725
10646: 10563,10645,10726,10727,10647,10564
10647: 10565,10648,10564,10646,10727,10728
10648: 10566,10565,10649,10647,10728,10729
10649: 10566,10648,10729,10650,10567,10730
10650: 10568,10651,10567,10649,10731,10730
10651: 10569,10568,10650,10652,10732,10731
10652: 10569,10651,10732,10570,10653,10733
10653: 10571,10570,10654,10652,10734,10733
10654: 10571,10653,10572,10735,10734,10655
10655: 10573,10656,10654,10572,10735,10736
10656: 10573,10657,10655,10574,10737,10736
10657: 10575,10656,10574,10738,10737,10658
10658: 10576,10659,10575,10657,10738,10739
10659: 10577,10576,10660,10658,10740,10739
10660: 10577,10659,10740,10661,10578,10741
10661: 10579,10662,10578,10660,10742,10741
10662: 10579,10580,10663,10661,10743,10742
10663: 10580,10662,10743,10581,10664,10744
10664: 10581,10665,10582,10663,10745,10744
10665: 10583,10664,10582,10745,10746,10666
10666: 10584,10667,10583,10665,10746,10747
10667: 10668,10585,10584,10666,10747,10748
10668: 10585,10667,10586,10748,10749,10669
10669: 10587,10670,10668,10586,10749,10750
10670: 10588,10587,10671,10669,10751,10750
10671: 10588,10670,10589,10751,10672,10752
10672: 10673,10590,10589,10671,10753,10752
10673: 10672,10674,10590,10591,10753,10754
10674: 10673,10591,10754,10675,10592,10755
10675: 10593,10676,10592,10674,10755,10756
10676: 10675,10593,10677,10594,10756,10757
10677: 10676,10594,10757,10678,10595,10758
10678: 10596,10679,10595,10677,10758,10759
10679: 10596,10597,10678,10760,10759,10680
10680: 10681,10598,10597,10679,10760,10761
10681: 10599,10682,10680,10598,10762,10761
10682: 10681,10599,10600,10763,10762,10683
10683: 10601,10684,10682,10600,10763,10764
10684: 10683,10601,10685,10602,10765,10764
10685: 10684,10602,10765,10603,10686,10766
10686: 10603,10687,10604,10685,10766,10767
10687: 10605,10686,10688,10604,10768,10767
10688: 10605,10687,10768,10606,10689,10769
10689: 10606,10607,14190,10688,10769,13836
10690: 13119,10691,13057,12827,10770,10771
10691: 14306,13119,10692,10690,10771,17112
10692: 12502,14306,10691,17324,17112,12771
10693: 17324,13375,12991,18144,12613,14565
10694: 13328,16873,14687,15801,11877,12422
10695: 19573,10614,12834,12073,13121,10775,10696
10696: 13274,10775,16285,10615,10695,13121
10697: 10777,10698,10776,17049,12874,10616,16881
10698: 10777,14202,10697,10699,10618,10617,16881
10699: 14202,10698,10778,10618,10619,10700
10700: 10779,18916,10619,10778,10699,10620
10701: 18578,18916,19854,19098,10621,10702
10702: 18053,10780,19098,18578,10701,10703
10703: 10704,10623,10622,19098,10782,18053,10702
10704: 10703,10623,10624,10782,10783,10705
10705: 10625,10706,10704,10624,10783,10784
10706: 10625,10626,10705,10707,10785,10784
10707: 10626,10706,10627,10785,10786,10708
10708: 10709,10628,10707,10627,10786,10787
10709: 10629,10628,10708,10710,10787,10788
10710: 10709,10629,10788,10630,10711,10789
10711: 10712,10631,10630,10710,10790,10789
10712: 10632,10631,10711,10713,10791,10790
10713: 10712,10632,10791,10633,10714,10792
10714: 10715,10634,10633,10713,10792,10793
10715: 10635,10634,10714,10794,10793,10716
10716: 10636,10717,10715,10635,10794,10795
10717: 10716,10636,10718,10637,10796,10795
10718: 10637,10717,10638,10796,10797,10719
10719: 10798,10720,10718,10638,10797,10639
10720: 10798,10799,10721,10719,10640,10639
10721: 10799,10720,10640,10641,10800,10722
10722: 10801,10800,10723,10721,10642,10641
10723: 10802,10801,10724,10722,10643,10642
10724: 10802,10723,10643,10644,10803,10725
10725: 10804,10803,10726,10724,10645,10644
10726: 10804,10805,10725,10727,10646,10645
10727: 10805,10726,10646,10647,10806,10728
10728: 10807,10806,10729,10727,10648,10647
10729: 10808,10807,10728,10649,10648,10730
10730: 10809,10731,10649,10808,10729,10650
10731: 10810,10809,10732,10730,10650,10651
10732: 10811,10810,10731,10651,10652,10733
10733: 10812,10734,10652,10811,10732,10653
10734: 10813,10812,10735,10733,10654,10653
10735: 10813,10734,10654,10655,10814,10736
10736: 10814,10815,10737,10735,10656,10655
10737: 10816,10815,10738,10736,10657,10656
10738: 10816,10737,10657,10658,10817,10739
10739: 10818,10817,10740,10738,10659,10658
10740: 10819,10818,10739,10660,10659,10741
10741: 10820,10742,10660,10819,10740,10661
10742: 10821,10820,10743,10741,10662,10661
10743: 10822,10821,10742,10663,10662,10744
10744: 10823,10745,10663,10822,10743,10664
10745: 10823,10824,10744,10746,10665,10664
10746: 10824,10745,10665,10666,10825,10747
10747: 10826,10825,10748,10746,10667,10666
10748: 10827,10826,10747,10749,10668,10667
10749: 10827,10748,10668,10669,10828,10750
10750: 10829,10751,10828,10749,10670,10669
10751: 10830,10829,10750,10670,10671,10752
10752: 10831,10753,10671,10830,10751,10672
10753: 10832,10831,10754,10752,10672,10673
10754: 10832,10833,10753,10674,10673,10755
10755: 10834,10756,10674,10833,10754,10675
10756: 10835,10834,10755,10757,10675,10676
10757: 10835,10836,10756,10677,10676,10758
10758: 10837,10759,10677,10836,10757,10678
10759: 10838,10837,10758,10760,10679,10678
10760: 10838,10759,10679,10680,10839,10761
10761: 10840,10839,10762,10760,10681,10680
10762: 10841,10840,10763,10761,10681,10682
10763: 10841,10762,10682,10683,10842,10764
10764: 10843,10842,10765,10763,10683,10684
10765: 10843,10844,10764,10685,10684,10766
10766: 10845,10767,10685,10844,10765,10686
10767: 10766,10846,10845,10768,10686,10687
10768: 20199,10846,10767,10687,10688,10769,10847
10769: 14170,13836,10847,10688,10768,10689
10770: 13365,12827,13836,13057,14190,10690
10771: 13375,13712,17112,12827,10691,10690
10772: 14237,15141,12485,12058,13790,14565
10773: 18060,17719,19627,21337,20425,16191
10774: 18839,15493,14601,12574,12834,14991
10775: 13274,10696,12834,10695,14991,10852
10776: 10777,10853,10854,10697,12874,13907,12042
10777: 14202,10854,10698,10697,10776
10778: 14202,15257,10699,10855,10779,10700
10779: 10856,10855,18916,19854,10700,10778
10780: 17455,18053,10781,10702,18578,10857
10781: 10858,17455,10782,18053,18488,10780
10782: 18053,18488,10781,10783,10703,10704
10783: 10782,18488,10704,10705,10860,10784
10784: 10860,10785,10861,10783,10706,10705
10785: 10784,10861,10862,10786,10706,10707
10786: 10785,10862,10707,10708,10787,10863
10787: 10863,10788,10864,10786,10709,10708
10788: 10787,10865,10864,10709,10710,10789
10789: 10790,10866,10710,10788,10865,10711
10790: 10791,10867,10789,10866,10712,10711
10791: 10790,10867,10868,10712,10713,10792
10792: 10793,10869,10713,10791,10868,10714
10793: 10792,10794,10870,10869,10715,10714
10794: 10793,10870,10715,10716,10795,10871
10795: 10796,10872,10871,10794,10716,10717
10796: 10795,10873,10872,10797,10718,10717
10797: 10796,10873,10718,10798,10874,10719
10798: 10799,10875,10874,10720,10719,10797
10799: 10876,10798,10875,10721,10720,10800
10800: 10801,10877,10722,10876,10799,10721
10801: 10878,10802,10877,10800,10723,10722
10802: 10878,10801,10879,10724,10723,10803
10803: 10804,10880,10725,10802,10879,10724
10804: 10803,10881,10880,10805,10726,10725
10805: 10804,10881,10726,10882,10727,10806
10806: 10807,10728,10883,10805,10882,10727
10807: 10808,10806,10728,10883,10884,10729
10808: 10807,10884,10729,10809,10885,10730
10809: 10810,10886,10885,10731,10730,10808
10810: 10811,10809,10887,10886,10732,10731
10811: 10810,10887,10732,10812,10888,10733
10812: 10813,10889,10888,10734,10733,10811
10813: 10890,10812,10889,10735,10734,10814
10814: 10815,10891,10736,10890,10813,10735
10815: 10816,10814,10891,10892,10737,10736
10816: 10815,10892,10893,10738,10737,10817
10817: 10818,10894,10739,10816,10893,10738
10818: 10819,10817,10894,10895,10740,10739
10819: 10818,10895,10740,10820,10896,10741
10820: 10821,10897,10896,10742,10741,10819
10821: 10822,10898,10897,10820,10743,10742
10822: 10821,10898,10743,10823,10899,10744
10823: 10824,10900,10899,10745,10744,10822
10824: 10823,10900,10901,10745,10746,10825
10825: 10826,10902,10747,10824,10901,10746
10826: 10827,10903,10902,10825,10747,10748
10827: 10826,10904,10903,10748,10749,10828
10828: 10829,10905,10750,10827,10904,10749
10829: 10830,10751,10906,10905,10828,10750
10830: 10829,10751,10906,10831,10907,10752
10831: 10832,10908,10753,10907,10752,10830
10832: 10831,10909,10908,10833,10753,10754
10833: 10832,10909,10754,10834,10910,10755
10834: 10835,10911,10910,10755,10756,10833
10835: 10834,10912,10836,10911,10756,10757
10836: 10835,10912,10757,10913,10837,10758
10837: 10913,10914,10838,10758,10759,10836
10838: 10915,10914,10837,10760,10759,10839
10839: 10916,10840,10761,10915,10838,10760
10840: 10841,10917,10916,10839,10762,10761
10841: 10917,10918,10840,10763,10762,10842
10842: 10919,10843,10764,10841,10918,10763
10843: 10919,10920,10844,10842,10765,10764
10844: 10843,10920,10765,10921,10766,10845
10845: 10766,10922,10846,10767,10844,10921
10846: 10922,20199,10845,10768,10767,19760
10847: 10769,14170,12370,13836,10923,20199,10768
10848: 10849,14170,10924,13365,12827,12370,13004
10849: 10848,12827,13004,13712,14927
10850: 17269,12988,15141,17187,16755,12470
10851: 14972,12273,14991,10852,12574
10852: 10851,13667,12273,14991,13274,13907,10775
10853: 10854,10929,10776,12042,15522
10854: 10777,14202,10853,15257,10929,10776
10855: 10856,10931,10779,15257,16630,10778
10856: 18578,10931,10855,10779,10857,19854,10932
10857: 10856,18578,10932,17455,10780,10933
10858: 17455,17057,18488,10781,10859,10934
10859: 11008,10935,10934,16437,10858,17057
10860: 16288,10784,10861,17057,18488,10783,16437
10861: 16288,10860,10785,10784,10937,10862
10862: 10785,10937,10861,10938,10786,10863
10863: 10787,10864,10939,10862,10938,10786
10864: 10787,10863,10788,10865,10940,10939
10865: 10788,10864,10940,10789,10866,10941
10866: 10942,10790,10867,10789,10941,10865
10867: 10942,10791,10790,10943,10866,10868
10868: 10791,10867,10943,10792,10869,10944
10869: 10792,10793,10870,10945,10944,10868
10870: 10794,10793,10869,10946,10945,10871
10871: 10947,10795,10872,10794,10870,10946
10872: 10947,10796,10795,10873,10871,10948
10873: 10796,10872,10948,10949,10797,10874
10874: 10950,10798,10875,10873,10949,10797
10875: 10876,10950,10798,10799,10874,10951
10876: 10799,10875,10951,10877,10952,10800
10877: 10878,10801,10953,10952,10800,10876
10878: 10802,10801,10877,10953,10954,10879
10879: 10878,10802,10954,10955,10803,10880
10880: 10955,10804,10803,10881,10956,10879
10881: 10804,10880,10956,10957,10805,10882
10882: 10881,10957,10805,10806,10883,10958
10883: 10807,10806,10884,10959,10958,10882
10884: 10808,10807,10883,10960,10959,10885
10885: 10809,10886,10961,10808,10884,10960
10886: 10810,10809,10887,10885,10962,10961
10887: 10811,10810,10886,10963,10962,10888
10888: 10812,10889,10964,10811,10887,10963
10889: 10890,10813,10812,10888,10965,10964
10890: 10813,10889,10965,10814,10891,10966
10891: 10814,10815,10892,10967,10966,10890
10892: 10816,10815,10891,10893,10968,10967
10893: 10816,10892,10968,10817,10894,10969
10894: 10818,10817,10969,10895,10970,10893
10895: 10819,10818,10894,10971,10970,10896
10896: 10972,10897,10820,10819,10895,10971
10897: 10821,10972,10973,10898,10820,10896
10898: 10822,10821,10973,10897,10974,10899
10899: 10823,10975,10900,10822,10898,10974
10900: 10823,10824,10975,10976,10901,10899
10901: 10824,10976,10900,10902,10977,10825
10902: 10826,10978,10903,10977,10825,10901
10903: 10827,10826,10978,10904,10902,10979
10904: 10827,10903,10979,10905,10980,10828
10905: 10829,10981,10906,10980,10828,10904
10906: 10830,10829,10981,10905,10982,10907
10907: 10831,10983,10908,10830,10906,10982
10908: 10832,10831,10983,10909,10984,10907
10909: 10832,10985,10908,10984,10833,10910
10910: 10986,10834,10911,10985,10909,10833
10911: 10835,10986,10987,10834,10912,10910
10912: 10835,10987,10836,10988,10911,10913
10913: 10989,10914,10837,10912,10836,10988
10914: 10913,10915,10990,10989,10838,10837
10915: 10990,10914,10838,10916,10991,10839
10916: 10917,10992,10840,10991,10839,10915
10917: 10841,10993,10992,10918,10916,10840
10918: 10841,10917,10993,10919,10842,19584
10919: 10843,10920,10842,10995,19584,10918
10920: 10919,10843,15066,10844,10995,10921
10921: 15066,10920,10844,10922,14327,10845
10922: 10846,12371,14327,10845,19760,10921
10923: 20199,15328,19760,12370,13841,10847
10924: 10848,12370,13004,13841,11942,12175
10925: 15944,17814,12148,15083,13188,14145
10926: 15083,12928,14424,15226,11000,18855,15489
10927: 13980,15846,13462,13751,13594
10928: 14007,16975,15444,15229,13980,16194
10929: 10853,15257,10854,16630,15522,15415,10930
10930: 15415,12238,10929,16630,16043
10931: 10856,10855,16630,12786,16043,10932
10932: 12786,11006,10856,10931,10857,10933
10933: 14283,10934,10857,11006,10932,17455
10934: 10859,11008,14283,10933,10858,17455
10935: 10859,15776,11008,16437,11009,10936
10936: 11081,11009,11010,10935,16437,16288
10937: 16288,10861,10862,10938,11010,17378
10938: 10937,10862,17378,10863,10939,11012
10939: 10863,10864,10940,10938,11013,11012
10940: 10865,10864,10939,11013,11014,10941
10941: 10942,10866,10865,10940,11014,11015
10942: 10867,10943,10866,10941,11015,11016
10943: 10942,10867,10868,11016,11017,10944
10944: 10869,10945,10943,10868,11017,11018
10945: 10870,10869,10946,10944,11019,11018
10946: 10870,10945,11019,10947,10871,11020
10947: 10872,10871,10948,10946,11021,11020
10948: 10947,10873,10872,10949,11021,11022
10949: 10873,10948,11022,10950,10874,11023
10950: 10875,10874,10951,10949,11024,11023
10951: 10876,10950,10875,11024,11025,10952
10952: 10877,10953,10876,10951,11025,11026
10953: 10878,10877,10952,10954,11027,11026
10954: 10878,10953,10879,11027,11028,10955
10955: 10880,10956,10954,10879,11028,11029
10956: 10955,10881,10880,10957,11030,11029
10957: 10881,10956,10882,11030,10958,11031
10958: 10883,10959,10957,10882,11032,11031
10959: 10883,10884,10960,10958,11033,11032
10960: 10884,10959,11033,10885,10961,11034
10961: 10886,10885,10962,10960,11034,11035
10962: 10887,10886,10963,10961,11036,11035
10963: 10887,10962,11036,10888,10964,11037
10964: 10889,10888,10965,10963,11037,11038
10965: 10890,10889,10964,11038,11039,10966
10966: 10891,10967,10890,10965,11039,11040
10967: 10891,10892,10968,10966,11040,11041
10968: 10892,10893,10967,11042,11041,10969
10969: 10894,10970,10893,10968,11042,11043
10970: 10894,10969,10895,10971,11044,11043
10971: 10895,10970,11044,10972,10896,11045
10972: 10973,10897,10896,10971,11046,11045
10973: 10972,10898,10897,10974,11047,11046
10974: 10973,10898,11047,10975,10899,11048
10975: 10976,10900,10899,10974,11049,11048
10976: 10975,10900,10901,11049,11050,10977
10977: 10978,10902,10976,10901,11050,11051
10978: 10903,10902,10979,10977,11051,11052
10979: 10978,10904,10903,11052,11053,10980
10980: 10981,10905,10904,10979,11053,11054
10981: 10906,10905,10982,10980,11055,11054
10982: 10981,10906,11055,10983,10907,11056
10983: 10908,10984,10907,10982,11057,11056
10984: 10985,10983,10909,10908,11058,11057
10985: 10909,10984,11058,10986,10910,11059
10986: 10987,10911,10910,10985,11060,11059
10987: 10986,10912,10988,10911,11060,11061
10988: 10987,10912,11061,10913,10989,11062
10989: 10913,10990,10914,10988,11063,11062
10990: 10915,10989,10914,11063,11064,10991
10991: 10992,10916,10915,10990,11064,11065
10992: 10917,10993,10916,10991,11066,11065
10993: 10917,10992,10918,11066,11067,19584,10994
10994: 14950,18901,10993,11067,19584
10995: 10919,15066,10920,19584,14950,14255
10996: 11069,14255,15066,14327,10997,12905
10997: 12981,11070,12905,10996,12371,14327
10998: 11070,14992,15328,13841,12175,10999
10999: 12176,12175,16549,10998,14992,12035
11000: 11073,14424,12755,15083,14145,10926
11001: 20929,20878,17925
11002: 15846,12895,20628,14053,14473
11003: 14110,11075,11004,15183,15699,14418
11004: 14110,14415,11003,11075,15415,12238
11005: 12542,12786,11076,17657,13614
11006: 12542,12786,11077,10932,14283,10933
11007: 14466,11078,11008,11079,14283,11077
11008: 10859,15776,11007,10935,11079,14283,10934
11009: 11081,11080,10936,15776,10935,15804
11010: 11011,11081,17378,10936,16288,10937
11011: 11081,11010,17378,11082,17105,17370
11012: 11013,11083,17370,10938,17378,10939
11013: 11012,11084,11083,11014,10940,10939
11014: 11013,11084,10940,10941,11085,11015
11015: 11086,11085,11016,11014,10942,10941
11016: 11086,11015,11087,11017,10942,10943
11017: 11016,11087,10943,10944,11088,11018
11018: 11019,11088,11089,11017,10945,10944
11019: 11089,11090,11018,10946,10945,11020
11020: 11021,11091,10946,11019,11090,10947
11021: 11092,11091,11022,11020,10947,10948
11022: 11021,11092,11093,10948,10949,11023
11023: 11094,11024,10949,11093,11022,10950
11024: 11095,11094,11025,11023,10950,10951
11025: 11095,11024,10951,10952,11026,11096
11026: 11027,11097,11096,11025,10953,10952
11027: 11098,11097,11028,11026,10953,10954
11028: 11027,11098,10954,10955,11099,11029
11029: 11100,11099,11030,11028,10955,10956
11030: 11100,11101,11029,10956,10957,11031
11031: 11102,11032,10957,11101,11030,10958
11032: 11103,11102,11033,11031,10959,10958
11033: 11104,11103,11032,10960,10959,11034
11034: 11105,11035,10960,11104,11033,10961
11035: 11106,11105,11036,11034,10962,10961
11036: 11107,11106,11035,10963,10962,11037
11037: 11108,11038,10963,11107,11036,10964
11038: 11108,11109,11037,11039,10965,10964
11039: 11109,11038,10965,10966,11110,11040
11040: 11111,11110,11041,11039,10967,10966
11041: 11112,11111,11042,11040,10968,10967
11042: 11112,11041,10968,10969,11113,11043
11043: 11114,11113,11044,11042,10969,10970
11044: 11114,11115,11043,10971,10970,11045
11045: 11116,11046,10971,11115,11044,10972
11046: 11117,11116,11047,11045,10972,10973
11047: 11117,11118,11046,10973,10974,11048
11048: 11119,11049,10974,11118,11047,10975
11049: 11119,11050,11048,11120,10975,10976
11050: 11049,11120,10976,10977,11051,11121
11051: 11122,11052,11121,11050,10978,10977
11052: 11123,11122,11051,11053,10978,10979
11053: 11123,11052,10979,10980,11124,11054
11054: 11125,11124,11055,11053,10981,10980
11055: 11126,11125,11054,10981,10982,11056
11056: 11127,11057,10982,11126,11055,10983
11057: 11128,11127,11058,11056,10983,10984
11058: 11129,11128,11057,10985,10984,11059
11059: 11130,11060,10985,11129,11058,10986
11060: 11131,11130,11061,11059,10986,10987
11061: 11131,11060,11132,10987,10988,11062
11062: 11133,11063,10988,11061,11132,10989
11063: 11134,11133,11064,11062,10990,10989
11064: 11134,11063,10990,10991,11065,11135
11065: 11066,11135,17332,11064,10992,10991
11066: 17058,11065,11067,17332,10993,10992
11067: 17058,11066,12814,10993,18901,10994
11068: 14950,11137,11069,11138,14255,18901
11069: 11138,11068,14255,13164,10996,12905
11070: 10997,12981,10998,14992,12371,15328
11071: 11139,12981,14992,12035,13137,12107
11072: 12176,15632,16549,14375,13174,12815
11073: 14424,16991,12755,12564,11000,21330
11074: 12087,14053,14418,12895,12471,12018
11075: 11003,11004,12238,15699,17657,13614
11076: 12542,11005,13614,11145,12203,14426
11077: 12542,11006,11145,14466,11007,14283
11078: 14466,15343,11007,11079,13031,13997
11079: 15776,11078,11008,15343,11007,15804
11080: 11081,11009,17105,15804,11149,11148
11081: 11011,11009,11080,11010,10936,17105
11082: 11011,17105,11150,18395,17370,11151
11083: 11013,11012,11084,11152,18395,17370
11084: 11013,11152,11083,11014,20224,11085
11085: 11154,11086,11015,11084,11014,20224
11086: 11154,11085,11015,11155,11016,11087
11087: 11086,11155,11016,11156,11017,11088
11088: 11157,11089,11018,11087,11156,11017
11089: 11158,11019,11088,11157,11090,11018
11090: 11158,11019,11089,11159,11091,11020
11091: 11021,11092,11160,11020,11090,11159
11092: 11021,11091,11093,11160,11161,11022
11093: 11092,11161,11022,11162,11094,11023
11094: 11162,11095,11163,11024,11023,11093
11095: 11094,11163,11024,11025,11164,11096
11096: 11097,11165,11026,11095,11025,11164
11097: 11027,11098,11166,11165,11026,11096
11098: 11027,11097,11166,11028,11167,11099
11099: 11100,11168,11029,11098,11028,11167
11100: 11099,11101,11169,11168,11030,11029
11101: 11100,11169,11030,11102,11170,11031
11102: 11103,11170,11171,11032,11031,11101
11103: 11104,11102,11171,11033,11172,11032
11104: 11103,11033,11172,11105,11173,11034
11105: 11106,11173,11034,11035,11174,11104
11106: 11107,11105,11175,11036,11035,11174
11107: 11106,11175,11036,11108,11176,11037
11108: 11109,11177,11176,11037,11038,11107
11109: 11178,11108,11177,11038,11039,11110
11110: 11111,11179,11040,11178,11109,11039
11111: 11112,11110,11179,11040,11041,11180
11112: 11111,11042,11181,11041,11180,11113
11113: 11114,11182,11043,11112,11042,11181
11114: 11115,11113,11044,11183,11182,11043
11115: 11114,11044,11183,11116,11184,11045
11116: 11117,11185,11046,11184,11045,11115
11117: 11118,11116,11047,11186,11185,11046
11118: 11117,11047,11186,11119,11187,11048
11119: 11187,11049,11188,11048,11120,11118
11120: 11119,11049,11050,11189,11188,11121
11121: 11122,11051,11190,11050,11189,11120
11122: 11123,11191,11051,11052,11190,11121
11123: 11122,11191,11052,11192,11053,11124
11124: 11125,11054,11193,11123,11192,11053
11125: 11126,11124,11055,11054,11194,11193
11126: 11125,11055,11194,11127,11195,11056
11127: 11128,11196,11057,11195,11056,11126
11128: 11129,11127,11058,11197,11196,11057
11129: 11128,11058,11197,11130,11198,11059
11130: 11131,11060,11199,11198,11059,11129
11131: 11130,11060,11061,11199,11200,11132
11132: 11131,11061,11200,11133,11062,11201
11133: 11134,18898,11063,11062,11201,11132
11134: 11133,18898,11063,11064,11202,11135,11203
11135: 11136,11065,17332,11203,11134,11064
11136: 17058,11205,11135,17332,11203,11204,15627
11137: 14950,11138,14976,11068,12974,18901,12814
11138: 11137,11069,14976,11068,13164,11207
11139: 12981,11071,12905,13164,12107,12894
11140: 13198,18008,17327,11208,12721,13120
11141: 12004,13137,21076,11210,17059,11142
11142: 13562,13174,14215,17059,16165,11141,11210
11143: 12577,14141,16736,12597,14473
11144: 12746,14866,12963,11844,12075,15523
11145: 12542,11076,11077,12690,14426,14466
11146: 15933,13997,12453,12690,14355,12849
11147: 13031,15933,11278,11214,13125,12453,20189
11148: 15476,11149,20189,15343,15804,13125,11080
11149: 11150,15476,11148,11216,11080,17105
11150: 11149,11216,11217,11082,17105,11151
11151: 11218,18442,11082,11150,11217,11152,18395
11152: 11084,18395,11083,20224,18442,18854,11151
11153: 11221,11220,20224,18854,19199,11154
11154: 11086,11085,11155,20224,11221,11153
11155: 11154,11086,11087,11156,11222,11221
11156: 11155,11087,11222,11088,11157,11223
11157: 11158,11088,11089,11156,11224,11223
11158: 11157,11089,11090,11159,11225,11224
11159: 11158,11090,11225,11091,11160,11226
11160: 11092,11091,11161,11159,11226,11227
11161: 11092,11093,11160,11228,11227,11162
11162: 11094,11163,11093,11161,11228,11229
11163: 11162,11095,11094,11164,11229,11230,21290
11164: 11095,11163,21290,11165,11096,11231
11165: 11097,11166,11096,11164,11232,11231
11166: 11098,11097,11165,11167,11232,11233
11167: 11098,11166,11233,11099,11168,11234
11168: 11100,11099,11169,11167,11235,11234
11169: 11100,11101,11168,11235,11236,11170
11170: 11102,11171,11101,11169,11236,11237
11171: 11103,11102,11170,11172,11237,11238
11172: 11104,11103,11171,11239,11238,11173
11173: 11105,11174,11104,11172,11239,11240
11174: 11106,11105,11173,11175,11240,11241
11175: 11107,11106,11174,11242,11241,11176
11176: 11108,11177,11107,11175,11242,11243
11177: 11178,11108,11109,11176,11243,11244
11178: 11109,11177,11244,11110,11179,11245
11179: 11111,11110,11180,11178,11245,11246
11180: 11112,11111,11181,11179,11247,11246
11181: 11112,11180,11247,11113,11182,11248
11182: 11114,11113,11183,11181,11249,11248
11183: 11114,11115,11182,11249,11250,11184
11184: 11116,11185,11115,11183,11250,11251
11185: 11117,11116,11186,11184,11252,11251
11186: 11117,11118,11185,11252,11253,11187
11187: 11119,11188,11118,11186,11253,11254
11188: 11119,11187,11189,11120,11254,11255
11189: 11188,11120,11255,11190,11121,11256
11190: 11122,11191,11121,11189,11257,11256
11191: 11123,11122,11192,11190,11258,11257
11192: 11123,11191,11258,11124,11193,11259
11193: 11125,11124,11194,11192,11260,11259
11194: 11126,11125,11193,11260,11261,11195
11195: 11127,11196,11126,11194,11261,11262
11196: 11128,11127,11197,11195,11262,11263
11197: 11129,11128,11196,11263,11264,11198
11198: 11130,11199,11129,11197,11264,11265
11199: 11131,11130,11200,11198,11266,11265
11200: 11131,11199,11132,11266,11201,11267
11201: 11133,18898,11200,11132,11268,11267
11202: 11134,18898,11269,11203,18481
11203: 11136,11135,11134,11202,11204,18481
11204: 15748,11270,15627,18481,11136,11203
11205: 17058,11136,12814,15627,11272
11206: 17280,12550,13193,11272,14976,12974
11207: 11138,14976,13164,17280,13880,12894
11208: 16762,12266,11273,12721,11140,17327
11209: 13120,14319,12760,13198,12886,19716
11210: 11141,21076,12886,14215,11142
11211: 16266,12900,11982,17931,18554,11846
11212: 14426,12915,15523,18225,12849,11213
11213: 12915,11212,14355,12849,14047,11276
11214: 11147,11278,12453,13044,11936,12772
11215: 20365,15476,11279,15125,20189,11278
11216: 11150,20365,15476,11149,11217
11217: 11150,20365,11216,13014,11281,11218,11151
11218: 11281,11219,18442,11151,21032,11217
11219: 11282,11218,18442,18854,19199,21032
11220: 11284,11285,11221,11153,11283,19199
11221: 11285,11222,11153,11220,11154,11155
11222: 11285,11221,11286,11155,11156,11223
11223: 11287,11224,11156,11222,11286,11157
11224: 11225,11288,11287,11223,11158,11157
11225: 11288,11224,11289,11158,11159,11226
11226: 11290,11227,11159,11225,11289,11160
11227: 11226,11291,11290,11228,11160,11161
11228: 11291,11227,20339,11161,11162,11229
11229: 11293,11230,11228,20339,11162,11163
11230: 11294,11293,11229,20654,21290,11163
11231: 11295,11232,11164,11294,21290,11165
11232: 11296,11295,11233,11231,11166,11165
11233: 11296,11297,11232,11166,11167,11234
11234: 11235,11298,11167,11297,11233,11168
11235: 11299,11298,11234,11236,11169,11168
11236: 11299,11235,11169,11170,11237,11300
11237: 11301,11238,11300,11236,11170,11171
11238: 11302,11301,11239,11237,11171,11172
11239: 11302,11238,11172,11173,11240,11303
11240: 11304,11241,11303,11239,11173,11174
11241: 11305,11304,11242,11240,11175,11174
11242: 11305,11241,11175,11176,11306,11243
11243: 11306,11307,11244,11242,11177,11176
11244: 11308,11243,11307,11178,11177,11245
11245: 11309,11246,11178,11308,11244,11179
11246: 11247,11310,11309,11245,11179,11180
11247: 11310,11246,11311,11181,11180,11248
11248: 11249,11312,11181,11247,11311,11182
11249: 11313,11312,11250,11248,11183,11182
11250: 11249,11313,11183,11184,11314,11251
11251: 11315,11252,11314,11250,11185,11184
11252: 11316,11315,11253,11251,11186,11185
11253: 11316,11252,11186,11187,11317,11254
11254: 11318,11317,11255,11253,11187,11188
11255: 11318,11254,11319,11189,11188,11256
11256: 11320,11257,11189,11255,11319,11190
11257: 11321,11320,11258,11256,11191,11190
11258: 11321,11257,11322,11191,11192,11259
11259: 11323,11260,11192,11258,11322,11193
11260: 11324,11323,11259,11261,11194,11193
11261: 11324,11260,11194,11195,11262,11325
11262: 11326,11263,11325,11261,11196,11195
11263: 11327,11326,11262,11264,11197,11196
11264: 11327,11263,11197,11198,11265,11328
11265: 11266,11329,11328,11264,11199,11198
11266: 11329,11265,11330,11199,11200,11267
11267: 11268,11331,11200,11266,11330,11201
11268: 11331,11267,15836,11269,18898,11201
11269: 11268,15836,11332,18898,11202,11270,18481
11270: 15748,14262,11204,18481,11332,11269
11271: 13099,11334,14137,15357,13193,12212
11272: 14137,15627,11205,12814,12974,11206,13193
11273: 14758,11914,12115,12721,11208,16762
11274: 13120,15711,12760,14758,11849,12721
11275: 12332,13635,17919,14219,14945,16434
11276: 12436,14998,14047,11277,12915,11213
11277: 12436,13774,14040,14047,11276,11850,20155
11278: 11147,11214,12772,11279,11215,20189
11279: 11215,15125,11278,12772,12580,11280
11280: 11341,12580,11342,11279,15125
11281: 14115,11218,21032,13014,11217,13939
11282: 11344,11283,11219,19199,21032
11283: 11344,11282,19199,11402,11284,11220
11284: 11402,11346,11285,11220,11283,11345
11285: 11284,11346,11222,11221,11286,11220
11286: 11346,11285,11222,11287,11347,11223
11287: 11288,11224,11348,11347,11223,11286
11288: 11225,11287,11224,11348,11349,11289
11289: 11225,11288,11349,11226,11290,11350
11290: 11226,11291,11351,11350,11227,11289
11291: 11290,11228,11351,11227,20339,20006
11292: 11293,11353,20339,11352,20006
11293: 11229,11292,11353,11230,20654,20339
11294: 11354,11230,20654,21290,11295,11355,11231
11295: 11296,11356,11355,11232,11231,11294
11296: 11295,11297,11356,11357,11232,11233
11297: 11296,11357,11233,11298,11358,11234
11298: 11299,11235,11359,11358,11234,11297
11299: 11235,11298,11359,11360,11236,11300
11300: 11301,11361,11237,11299,11360,11236
11301: 11302,11362,11361,11237,11238,11300
11302: 11301,11239,11363,11362,11238,11303
11303: 11304,11364,11240,11302,11239,11363
11304: 11305,11365,11364,11240,11241,11303
11305: 11304,11242,11365,11366,11241,11306
11306: 11367,11243,11307,11305,11242,11366
11307: 11308,11306,11368,11367,11243,11244
11308: 11368,11307,11244,11309,11369,11245
11309: 11310,11370,11369,11245,11246,11308
11310: 11247,11309,11370,11371,11246,11311
11311: 11247,11310,11371,11312,11372,11248
11312: 11249,11313,11373,11372,11248,11311
11313: 11249,11312,11373,11374,11250,11314
11314: 11315,11375,11251,11313,11374,11250
11315: 11316,11252,11376,11375,11314,11251
11316: 11315,11252,11377,11376,11253,11317
11317: 11378,11318,11254,11316,11377,11253
11318: 11378,11317,11254,11379,11255,11319
11319: 11318,11379,11255,11320,11380,11256
11320: 11321,11381,11257,11380,11256,11319
11321: 11382,11320,11258,11381,11257,11322
11322: 11382,11321,11258,11323,11259,11383
11323: 11324,11260,11384,11259,11383,11322
11324: 11323,11260,11385,11384,11261,11325
11325: 11326,11262,11386,11324,11385,11261,20259
11326: 11327,11262,11387,11263,11386,11325
11327: 11326,11387,11388,11263,11264,11328
11328: 11329,11389,11265,11327,11388,11264
11329: 11266,11389,11265,11328,11390,11330
11330: 11266,11329,11390,11391,11331,11267
11331: 11392,11268,11267,15836,11330,11391
11332: 12213,15836,11269,11270,14262,11333
11333: 14262,12213,11332,14277,13981
11334: 13099,15748,14262,14137,11271,11394
11335: 15335,13288,12661,14091,12611,15811
11336: 14758,11914,14924,15335,11849,13288
11337: 19385,21448,21059
11338: 21401,18768,14948,17085,12391
11339: 16276,12648,14184,12982,18724
11340: 15203,12671,12269,12648,13930,14964
11341: 12580,11342,12373,12271,14964,14256,11280
11342: 11341,12373,11280,15125,13014,13939
11343: 11401,11400,13939,12373,14115
11344: 11282,11283,11456,11401,11402
11345: 12983,11403,20412,11402,11284,11346
11346: 11284,11285,11286,11403,19919,11345,11347
11347: 11287,11348,11346,11286,19919,11405
11348: 11288,11287,11347,11349,18917,11405
11349: 11288,11348,11289,18917,21256,11350,11407
11350: 11290,11351,11349,11289,18499,11407
11351: 11291,11290,11350,20006,19489,18499
11352: 20006,19489,11409,11292,11353,11410
11353: 11293,11292,11354,20654,11352,11410,11411
11354: 11294,11353,20654,11411,11412,11355
11355: 11295,11356,11294,11354,11412,11413
11356: 11296,11295,11357,11355,11414,11413
11357: 11296,11297,11356,11414,11415,11358
11358: 11298,11359,11297,11357,11415,11416
11359: 11299,11298,11358,11360,11416,11417
11360: 11299,11359,11417,11361,11300,11418
11361: 11301,11362,11300,11360,11419,11418
11362: 11302,11301,11363,11361,11420,11419
11363: 11302,11362,11420,11364,11303,11421
11364: 11304,11365,11303,11363,11421,11422
11365: 11305,11304,11366,11364,11422,11423
11366: 11305,11365,11423,11306,11367,11424
11367: 11306,11368,11307,11366,11424,11425
11368: 11308,11367,11307,11425,11426,11369
11369: 11309,11370,11308,11368,11426,11427
11370: 11310,11309,11369,11371,11428,11427
11371: 11310,11370,11311,11428,11429,11372
11372: 11312,11373,11371,11311,11429,11430
11373: 11313,11312,11374,11372,11430,11431
11374: 11313,11373,11431,11375,11314,11432
11375: 11315,11376,11314,11374,11433,11432
11376: 11316,11315,11377,11375,11433,11434
11377: 11316,11376,11434,11378,11317,11435
11378: 11318,11317,11379,11377,11436,11435
11379: 11378,11318,11319,11436,11437,11380
11380: 11320,11381,11379,11319,11437,11438
11381: 11382,11321,11320,11380,11438,11439
11382: 11321,11381,11322,11440,11439,11383
11383: 11323,11384,11382,11322,11440,11441
11384: 11324,11323,11385,11383,11442,11441
11385: 11324,11384,11442,20259,11386,11325
11386: 11326,11387,11325,11385,20259,11444,19200
11387: 11327,11326,11388,11386,11444,11445
11388: 11327,11387,11445,11389,11328,11446
11389: 11329,11328,11390,11388,11447,11446
11390: 11329,11389,11330,11391,11447,14384
11391: 11390,11330,14384,11392,11331,11449
11392: 11331,12213,15836,11391,11449,14747
11393: 12112,11853,13981,11450,14277,12243
11394: 13099,11334,14262,14393,13981
11395: 11396,18113,15811,17354,14924,13288
11396: 11851,15521,18113,17354,11395,17928
11397: 15894,12360,15477,18600,13874,13670
11398: 13141,12982,13964,13533,12044,11399,19525
11399: 12982,11398,13533,13930,12271,12161,14256
11400: 11401,12254,14459,11343,15128,15045,12373
11401: 11456,11400,12254,11343,14115,11344
11402: 11284,11344,11283,11456,12983,11345
11403: 19919,11458,20412,11345,11346
11404: 11460,11459,19397,11405,19919,11458
11405: 11404,18917,19397,19919,11348,11347
11406: 11460,11461,18917,21256,19397,17840
11407: 11408,18499,11349,21256,17840,11350
11408: 11462,11463,18499,17660,18863,11407,17840
11409: 11463,18863,11352,19489,11410,11464
11410: 11465,11411,11464,11352,11409,11353
11411: 11410,11465,11466,11412,11353,11354
11412: 11466,11411,11354,11355,11413,11467
11413: 11414,11468,11467,11412,11356,11355
11414: 11469,11413,11415,11468,11356,11357
11415: 11414,11469,11357,11358,11470,11416
11416: 11471,11470,11417,11415,11359,11358
11417: 11471,11416,11472,11359,11360,11418
11418: 11419,11473,11360,11472,11417,11361
11419: 11420,11474,11473,11418,11362,11361
11420: 11475,11419,11474,11363,11362,11421
11421: 11422,11476,11363,11475,11420,11364
11422: 11477,11421,11423,11476,11365,11364
11423: 11477,11422,11478,11365,11366,11424
11424: 11425,11479,11366,11423,11478,11367
11425: 11424,11480,11479,11426,11368,11367
11426: 11480,11425,11368,11369,11427,11481
11427: 11428,11482,11481,11426,11370,11369
11428: 11483,11429,11427,11482,11370,11371
11429: 11483,11428,11371,11372,11484,11430
11430: 11484,11485,11431,11429,11373,11372
11431: 11430,11485,11486,11373,11374,11432
11432: 11433,11487,11374,11431,11486,11375
11433: 11488,11434,11487,11432,11376,11375
11434: 11488,11433,11489,11377,11376,11435
11435: 11436,11490,11377,11434,11489,11378
11436: 11490,11435,11491,11437,11378,11379
11437: 11436,11491,11492,11379,11380,11438
11438: 11493,11439,11437,11492,11381,11380
11439: 11440,11494,11493,11438,11382,11381
11440: 11494,20950,11439,11382,11383,11441,11495
11441: 11442,11495,11496,11440,11384,11383
11442: 11441,11496,19897,20259,11385,11384
11443: 11498,11497,19200,15354,11496,19897
11444: 11498,11499,11445,19200,11387,11386
11445: 11500,11499,11444,11387,11388,11446
11446: 11447,13736,11388,11500,11445,11389
11447: 12276,14384,11446,13736,11389,11390
11448: 12276,14159,14384,11449,14760,11502,20694
11449: 14747,14760,11391,14384,11448,11392
11450: 12243,11503,11451,14191,11853,11393
11451: 11944,14191,11450,11853,14078
11452: 17968,12313,20688,19024,20159
11453: 13812,11852,12414,15620,16267,19038
11454: 17173,13335,20256,16038,21404,16684,18569
11455: 14367,12478,18659,11971,14459,15045
11456: 11401,12254,11344,11402,12983,11457
11457: 12839,15036,12983,11456,11508,12254
11458: 11403,19919,20200,20412,11404,11459
11459: 11511,11404,11460,11458,11510,20200
11460: 11406,11512,11511,11404,11459,11461,19397
11461: 11406,11512,11460,17257,17840,17660
11462: 11513,11514,11408,11463,17660
11463: 11515,11462,11514,11408,11409,18863,11464
11464: 11410,11465,11516,11515,11463,11409
11465: 11410,11466,11516,11411,11517,11464
11466: 11518,11465,11411,11517,11412,11467
11467: 11519,11413,11468,11518,11466,11412
11468: 11519,11414,11469,11520,11413,11467
11469: 11414,11520,11415,11468,11521,11470
11470: 11471,11416,11522,11469,11415,11521
11471: 11523,11470,11416,11472,11417,11522
11472: 11471,11523,11417,11473,11524,11418
11473: 11525,11419,11474,11524,11418,11472
11474: 11526,11525,11475,11420,11419,11473
11475: 11526,11420,11474,11421,11476,11527
11476: 11528,11477,11421,11422,11527,11475
11477: 11529,11528,11422,11423,11476,11478
11478: 11529,11477,11423,11424,11530,11479
11479: 11531,11424,11480,11425,11530,11478
11480: 11532,11531,11425,11479,11426,11481
11481: 11533,11427,11482,11532,11480,11426
11482: 11483,17495,11533,11428,11427,11481
11483: 17495,11428,11429,11482,11535,11484
11484: 11536,11430,11485,11483,11429,11535
11485: 11537,11536,11484,11430,11431,11486
11486: 11537,11485,11431,11487,11432,11538
11487: 11488,11539,11433,11432,11538,11486
11488: 11540,11539,11433,11434,11487,11489
11489: 11488,11540,11434,11490,11435,11541
11490: 11436,11435,11541,11542,11491,11489
11491: 11436,11543,11490,11542,11437,11492
11492: 11543,11491,11437,11544,11493,11438
11493: 11544,11494,11438,11439,19007,11492
11494: 11440,11546,20950,11493,11439,19007
11495: 18243,11441,11548,11496,11440,20950
11496: 11442,11441,11495,15354,11548,19897,11443
11497: 11498,14864,11443,15354,14457,11549
11498: 14864,11499,11444,11497,11443,19200
11499: 11498,11500,14864,11444,11445,14228
11500: 11499,11445,14228,13414,11446,13736
11501: 12276,14159,13414,13736,21077,12218,11553
11502: 12243,14760,11503,20694,11448,16600
11503: 11450,12243,11502,16600,14191
11504: 16342,14405,11855,14917,14320,19438
11505: 12454,15092,13510,15525,15413,12718
11506: 12725,12709,14274,20287,16672,14932,16637
11507: 13106,14367,16786,20287,12044,19525
11508: 12254,14459,12478,15036,11457,12136
11509: 12136,13815,13222,13452,15036,13428
11510: 13428,20200,13222,11511,11459,17256
11511: 11512,11460,11459,11510,11560,17256
11512: 11511,11460,11461,17257,11560,11561
11513: 11462,11514,17660,17257,11562,16096
11514: 11515,11462,11513,11463,16096,15505
11515: 11514,11463,15505,11516,11464,11564
11516: 11465,11517,11464,11515,11564,11565
11517: 11518,11465,11466,11516,11565,11566
11518: 11466,11517,11566,11519,11467,11567
11519: 11520,11468,11467,11518,17496,11567
11520: 11519,11469,11468,11521,17496,11569
11521: 11469,11520,11569,11470,11522,11570
11522: 11471,11523,11470,11521,11571,11570
11523: 11471,11472,11522,11571,11572,11524
11524: 11525,11473,11523,11472,11572,11573
11525: 11526,11474,11473,11524,11573,11574
11526: 11525,11475,11474,11575,11574,11527
11527: 11528,11476,11526,11475,11575,11576
11528: 11529,11477,11476,11527,11577,11576
11529: 11528,11477,11478,11578,11577,11530
11530: 11531,11479,11529,11478,11578,11579
11531: 11532,11480,11530,11479,11580,11579
11532: 11531,11480,11580,11533,11481,11581
11533: 17495,11482,11481,11532,11582,11581
11534: 17185,11582,11583,17495,11535,11584
11535: 11483,17495,11534,11536,11484,11584
11536: 11537,11484,11485,11535,11585,11584
11537: 11536,11485,11486,11586,11585,11538
11538: 11539,11487,11537,11486,11586,11587
11539: 11488,11540,11487,11538,11588,11587
11540: 11488,11539,11489,11588,21012,11589,11541
11541: 11490,11542,11540,11489,11589,11590
11542: 11543,11490,11541,11491,11590,11591
11543: 11542,11491,11492,11591,11544,11592
11544: 11493,19007,19638,11543,11492,11592
11545: 11546,19007,19638,19775,11594,18718
11546: 11545,11494,20950,19007,18718,18243
11547: 11596,11595,17673,18718,18243,11548
11548: 18243,11495,15354,11496,11547,17673
11549: 11550,20112,14370,14457,14864,11497
11550: 11549,11551,11980,11598,12964,20112,14370
11551: 14554,11550,12964,14370,20557,14289
11552: 11600,11915,14382,12101,13827
11553: 12218,14382,15603,11501,14159,20694,12954
11554: 15955,12240,11963,19914,14977,12455
11555: 14977,13361,17772,17904,13409,12455
11556: 12100,13106,16786,11990,13582,14028,11910
11557: 14905,19172,16651,15163,20630,17843
11558: 13256,11559,15737,13914,17050,14128
11559: 13256,11558,17050,12152,12891,11991
11560: 12850,17256,13052,11561,12244,11512,11511
11561: 11560,12850,11606,11512,17257,11562
11562: 16096,12800,17257,11561,11606,11513
11563: 16096,15505,11608,12800,15099,15771
11564: 11609,11565,11515,15505,15771,11516
11565: 11564,14637,11609,11566,11516,11517
11566: 11611,14637,11565,11518,11517,11567
11567: 17496,18660,11518,11611,11566,11519
11568: 17496,16589,18223,11569,17009,18660
11569: 17496,18223,11568,11520,11521,11570
11570: 11571,11521,18223,11569,11522
11571: 11615,11570,11572,16764,11523,11522
11572: 11571,16764,11523,11524,11573,18489
11573: 11618,11574,18489,11572,11525,11524
11574: 11573,11618,11619,11575,11526,11525
11575: 11619,11574,11526,11527,11576,11620
11576: 11577,11620,11621,11575,11528,11527
11577: 11578,11576,11622,11621,11529,11528
11578: 11577,11622,11529,11530,11579,11623
11579: 11580,11624,11623,11578,11531,11530
11580: 11579,11624,11625,11532,11531,11581
11581: 11582,11626,11532,11580,11625,11533
11582: 17185,11581,11626,11534,17495,11533
11583: 17185,11628,11534,11584,16749
11584: 11585,16277,16749,11535,11583,11534,11536
11585: 11630,11586,11584,16277,11537,11536
11586: 11630,11585,11537,11538,11587,17176
11587: 11588,11632,17176,11586,11539,11538
11588: 11632,11587,21012,11540,11539
11589: 20520,21012,11540,11541,11590
11590: 11635,20058,11591,20520,11589,11541,11542
11591: 11635,11636,11590,11543,11542,11592
11592: 11593,11543,11636,11591,11544,19638
11593: 19775,11638,11637,11592,11636,19638
11594: 19775,11638,11639,18718,11545,11595
11595: 11640,11596,11547,11594,11639,18718
11596: 12201,11640,16304,11547,11595,17673
11597: 11980,11598,12530,18570,11641,14050
11598: 11980,11550,11597,20112,18570
11599: 14554,11969,12964,12828,12097,15021
11600: 11552,11915,15537,13035,13827,11963
11601: 20527,20345,16515,17115,19528
11602: 20011,17517,17810,17618,20201,18495
11603: 15298,20279,13539,16069,13523,19789
11604: 13643,14346,12891,12702,12066
11605: 12152,14293,12850,13052,12282,14346,12891
11606: 12850,12282,11561,11562,13616,12800
11607: 13013,15081,16785,11608,15099
11608: 11563,15099,15771,13013,11607,11609,12263
11609: 14285,11564,14637,11565,12263,11608,15771
11610: 14285,11611,14637,13216,11650,11652
11611: 14637,11610,11566,11612,11567,18660,11652
11612: 16589,15911,18660,11652,11611
11613: 11653,17009,11654,11614,17255,15870
11614: 11615,17255,11613,18223,17009
11615: 11614,11571,11616,17255,16764
11616: 17842,11615,15623,17255,11617,16764
11617: 17842,11616,16764,18620,11657,18489
11618: 11573,18620,11619,11574,18489
11619: 11659,11618,11575,11574,17263,11620
11620: 11576,11621,11661,11619,11575,17263
11621: 11577,11576,11620,11622,11662,11661
11622: 11578,11577,11621,11662,11623,18203
11623: 11579,11624,11664,18203,11578,11622
11624: 11580,11579,11623,11625,11664,11665
11625: 11580,11624,11665,11666,11581,11667,11626
11626: 17185,11582,11581,11627,11667,11625
11627: 17185,11628,15759,11667,11626,15339
11628: 17185,11627,11583,15339,16749,11669
11629: 11670,16277,16749,11669,16830,15767
11630: 11631,11586,11585,16277,16830,17176
11631: 11671,11670,11630,16830,17176,17674
11632: 11673,11588,11587,21012,17176,17674,19229
11633: 11673,18875,19229,11674,11634
11634: 11675,20058,11674,11633,20520,19229
11635: 11675,20058,11636,11590,11591,11676,20260
11636: 11635,11591,20260,11593,11637,11592
11637: 11638,11593,11678,11636,20260,11677
11638: 19775,11593,11637,11678,11594,11639,12808
11639: 11638,11594,12808,11680,21364,11640,11595
11640: 21364,15399,11596,16304,11595,11639
11641: 15338,12742,12530,11597,14050,14371
11642: 13742,14050,14371,12532,12828,11969
11643: 14356,17411,14061,13250,13032,14377,11861
11644: 15168,19676,13300,17089,16825,17898,19528
11645: 16866,14700,15298,17072,14865,19354
11646: 17454,14865,14171,16707,17072,13866
11647: 13926,15994,12883,13583,15283,12413
11648: 12413,16050,17194,16814,13583,11685
11649: 16814,12158,15202,19502,15081,16785
11650: 13216,15871,11651,14285,11610
11651: 13216,13054,15701,11687,15871,11688,11650
11652: 11612,15911,11611,11610,13216,13767
11653: 16589,11613,15911,17009,11654,11690,14648
11654: 14648,11613,11653,11655,15870
11655: 15932,13430,15870,11654,12375,14648
11656: 14239,15932,14302,16693,17842,15623
11657: 11658,18620,17842,11617,16693,15890
11658: 18620,11659,11657,15890,16397
11659: 11658,11619,17263,11660,16397
11660: 11695,16397,11659,17263,17417,15567
11661: 11620,11621,11662,17417,17263
11662: 11622,11621,11663,11661,11698,18203
11663: 11662,11699,11698,17427,18203
11664: 11624,11623,11665,17427,17480,18203
11665: 11624,11625,11664,11666,17480,11701
11666: 11625,11665,11701,11667,16097
11667: 11627,15759,11626,11625,11666,16097
11668: 11704,11703,15339,11669,13867,15767
11669: 11629,16749,11628,15339,11668,15767
11670: 11671,11629,11631,16830,11706,13848,15767
11671: 11670,11631,11706,11672,17674,11707
11672: 11673,17674,18875,11671,11707,17211
11673: 11632,11633,11672,17674,18875,19229
11674: 11675,11634,11633,18875,11709,13674,17108
11675: 11635,20058,11676,11674,11634,17108
11676: 11675,11635,20260,11677,16724,11711,17108
11677: 11676,20260,16724,11637,11678,11713
11678: 11638,11637,12808,11677,11713,17241
11679: 14461,12653,13156,20442,16244,12427,16567
11680: 14461,11639,12808,21364,12188,16567
11681: 16033,15499,14032,12424,13961
11682: 16927,17473,11683,13420,15533,13291
11683: 16284,16927,16694,11682,13420,12604
11684: 14672,13349,14681,16068,17405,16318
11685: 16814,19502,17194,11648,13592,13495
11686: 12045,12875,15026,13055,18218
11687: 13216,11651,11688,12082,13767
11688: 13055,15701,11687,11651,15698,12082
11689: 15698,12082,14258,14139,13228
11690: 14648,12082,14258,13767,15911,11653
11691: 12375,14139,12278,11720,13430,11692,11721
11692: 14239,11693,13430,11691,14043,11721
11693: 14239,14302,11692,14043,11722,13082,11723
11694: 15059,15890,11724,15592,11695,16397
11695: 11696,11660,15059,11694,16397,15567
11696: 15037,15059,11695,11697,11726,15567
11697: 15457,15820,11727,11726,15567,11696
11698: 15457,15820,11699,11663,11662
11699: 11728,15820,11698,11663,17427,16578,11700
11700: 17018,11729,11701,16578,11699,17427,17480
11701: 17018,11700,11702,11665,11666,17480,16097
11702: 17018,11730,11701,11731,18139,16097
11703: 11704,11732,18139,11668,15759,15339
11704: 11703,11732,15703,11668,13867,11734
11705: 13867,13848,11734,13396,15700,16336,13275
11706: 13848,16336,13074,11671,11670,11707
11707: 17211,11708,11671,11706,13074,11672
11708: 11738,11707,17211,16962,13074
11709: 11710,11738,17211,18875,11674,13674
11710: 11709,11738,13086,17169,14650,12146,13674
11711: 11741,14650,16724,13674,17108,11676
11712: 20804,17521,14001,14295,12728,12937
11713: 14265,17241,11677,12031,16724,11678
11714: 16237,18618,20536,21050,16254,13358
11715: 14689,17331,20974,13310,16714,16241
11716: 18738,13349,18388,17917,17403,14882
11717: 17025,15180,18155,15668,18090,17052
11718: 13228,12105,15702,12045,15532,13042
11719: 14233,17410,18051,12130,15765,15757
11720: 13228,12105,13453,12278,11691,14139
11721: 14124,14043,13464,11691,12278,11692
11722: 13082,11693,11723,13023,12922
11723: 11724,15592,11693,14302,11722,12922
11724: 15059,11723,11694,15592,16883,12922
11725: 12125,13202,16728,15037,16883,12219
11726: 11727,11697,15037,11696,12219,14658
11727: 11728,15820,13626,11697,11726,16357,14658
11728: 15820,11699,13626,11727,16578
11729: 17018,11752,15508,11730,16578,11700
11730: 17018,11752,12504,11729,11702,11731
11731: 14117,14363,11732,18139,12504,11730,11702
11732: 11704,11731,11703,14363,15703,18139
11733: 14363,15703,11756,11734,13396,13753
11734: 11705,13867,13396,11704,11733,15703
11735: 11736,15886,14186,15700,13275,12660,14808
11736: 11888,11735,14186,12551,14808
11737: 13415,14858,14808,13086,16962,12660
11738: 11709,11710,13086,17211,16962,11708
11739: 20804,13049,16686,15731,13893,11869,12255
11740: 19053,15786,11869,15610,18002,15731
11741: 18976,14650,12031,16724,12202,11711
11742: 20003,21461,18160,21407
11743: 13368,19630,16132,19503,18122,18799
11744: 15230,15661,13605,13344,12719,12569
11745: 16844,16933,15746,15243,17152,19268
11746: 13023,12719,12999,13202,16728,15661
11747: 18950,20577,16523,15488,20702
11748: 13196,15763,14901,17337,12923,18926
11749: 15000,15763,14901,12267,11750,13710
11750: 15000,15763,13169,11749,16357,14658
11751: 13837,18037,13626,15000,16357,15508
11752: 12504,15508,11730,11729,18784,15807,18037
11753: 15501,11755,13138,17334,11754,13598
11754: 17334,18784,18345,11753,16235,13138
11755: 15501,11753,13598,16001,14378,12182
11756: 15556,12092,12227,14363,11733,13753
11757: 12624,13566,16813,18306,20018,18812
11758: 16460,21223,18884,18244,19960
11759: 17984,16807,19447,14815,19595,17706
11760: 18754,13792,13566,15211,15284,17219
11762: 15072,17848,12892,17433,15011
11763: 14789,14940,12438,18975,17876,18230
11764: 16448,20331,17847,19602,16607,16754,18841
11765: 18538,17102,19486,13136,17722,12479,12803
11766: 17062,19518,12616,16699,19504,14512
11767: 13018,14130,16008,13068,14027,12770,12513
11768: 11871,12033,14385,113,15329,14419
11769: 16136,19458,19338,17953,21245
11770: 16723,14724,19182,15015,5823,16462
11771: 12620,18734,11919,15449,18281,12554
11772: 13928,12505,11993,116,12801,160
11773: 15228,15288,3156,21350,14226,12859
11774: 17239,15068,14722,17443,15586,19046
11775: 207,13664,15856,15309,15617,13033
11776: 13676,12835,11911,13603,14784,12396
11777: 14349,19728,12811,14550,12729,13058
11778: 14834,17223,19028,16452,14764,20291
11779: 17303,14771,20090,14673,19420,19984
11780: 306,17970,12985,12518,12184,15102
11781: 310,15238,12637,12441,11894,12670
11782: 16739,17347,13958,15599,12592,17967
11783: 15218,12385,17387,17031,16798,16964
11784: 16691,14803,18989,13386,20144,17163
11785: 16425,18207,15353,17464,18928,363
11786: 423,14214,13853,14963,15251,424
11787: 19887,20133,18054,20433,17730
11788: 17068,363,18707,19088,15542,18195,14019
11789: 14573,17061,17357,15189,20826,14748
11790: 17036,13602,484,16496,15853,13741
11791: 13887,17212,17230,20938,15232,17142
11792: 18794,18313,20601,13317,15173,18437
11793: 21450,14831,16675,14812,17475,17781
11794: 18551,16315,16294,16400,18679,618
11795: 13883,15398,12007,19835,20262,20725
11796: 18302,15271,16649,14812,18786,17744
11797: 13333,17809,16032,17855,21182,18813,13326
11798: 15660,688,13447,12531,14311,18801
11799: 13317,15173,13433,14933,18157,12305
11800: 17605,16216,18494,19682,20430,16071,17499
11801: 16678,12110,757,14360,20916
11802: 834,15689,15029,16501,17336,13447,13771
11803: 18690,20603,20203,20478,18491,20317,17927
11804: 13304,19014,17109,19928,15566,17017
11805: 12299,16781,12529,12499,4023,14259
11806: 12496,14361,13258,12123,15039
11807: 12336,17381,14515,16655,19074,14717
11808: 18904,16579,14666,20299,15426,20631
11809: 14891,15264,12253,1230,14416
11810: 19840,13897,16653,17109,14087,12743
11811: 16053,21422,17465,18151,16778,17158
11812: 16306,17014,16323,13482,14539,13896
11813: 15497,14180,15359,7068,15030
11814: 18361,20566,16179,14494,19373,17631,21360
11815: 15426,12325,11923,16870,20270,20631,16309
11816: 18880,15787,18648,14474,15650,13868
11817: 19924,19374,17189,14624,13722,19050
11818: 15597,12324,15665,12484,15182,14657
11819: 1489,15605,18732,12328,13932
11820: 17165,15038,14350,18947,15003,13658
11821: 15785,12713,5028,15601,20040,16348,17723
11822: 12323,15681,15678,12444,16657,13599,20401
11823: 15161,15424,13984,16170,15263,18673,16850
11824: 16652,18501,12627,20703,18848,16665,18447
11825: 14957,12957,13030,5030,16220,12967
11826: 17974,16017,18432,18911,18423,13412
11827: 12583,15648,21427,14164,17520,13290
11828: 16914,17091,14872,16287,18666,16487
11829: 18457,20876,13494,5029,16758,17273
11830: 19514,21119,21211
11831: 12477,5596,11913,18140,13955,15433
11832: 12829,18839,15493,13631,14244,12311
11833: 15705,11908,13873,16174,12372,17589
11834: 13434,16978,15342,16052,13738,20730
11835: 8177,18424,16899,19971,18289,12349
11836: 13483,5596,18141,13513,18211,16418
11837: 12855,13963,16527,5711,5597,5937,14450,5824
11838: 16048,15016,13085,18436,13657,15814
11839: 18585,13242,15352,19456,15002,16976,15305
11840: 12477,13483,5596,5709,11901,14446,16137
11841: 20113,19016,15117,16580,17037,16996
11842: 17913,14959,16402,20358,18541,18435
11843: 13562,13994,17293,16165,21330,12564
11844: 14141,14413,18385,12075,12746,11144
11845: 12423,12337,19817,15531,12489,15579
11846: 18411,18554,15626,14805,11211,16266
11847: 21059,21060
11848: 18768,14596,13557,15087,12410,17093
11849: 14758,14924,11336,11274,15753,15711
11850: 12163,19493,12658,20155,14047,11277
11851: 15521,11396,13662,18113,14663,13392
11852: 11453,13812,12414,17353,20383,15209
11853: 12112,18121,11393,11450,11451,14078
11854: 13812,17353,17619,20123,14712,16369
11855: 11504,14320,11857,12716,14470,20407,19438
11856: 20222,14699,17979,14996,20952
11857: 12716,19914,13361,12455,11855,14470
11858: 12581,13421,13485,15969,16651,15163
11859: 17166,16885,16494,18452,19321,14827,17088
11860: 14417,18984,14840,15739,19255,13597
11861: 17933,16135,15960,14356,17411,11643
11862: 19789,15253,16328,13523,14905,16594
11863: 13742,12412,14133,16694,15611,18028,12604
11864: 14865,12667,16707,13339,19354,15709,15393
11865: 15499,14395,12424,18837,13946
11866: 12875,16824,15026,13486,12517
11867: 19898,14499,13946,19534,18837,13560
11868: 13799,16115,13344,12178,14435,12401
11869: 13893,13561,15610,18556,15731,11739,11740
11870: 18476,18282,45,14843,17044,13355,17895
11871: 14385,11768,14419,12570,75,16525
11872: 13780,16027,17237,15861,13726
11873: 12425,16868,14396,13783,16806,16952
11874: 16053,16269,17465,15231,18956,15130
11875: 12484,14178,12207,12225,12904,15270
11876: 20141,15048,14350,7848,14024,14968
11877: 14687,10694,10529,18136,12369,12422,14847
11878: 17300,21341,13519,20658,15342,20730
11879: 13402,13423,16184,16556,15548,15809
11880: 15223,13946,12653,12427,14395
11881: 13439,15634,13705,15624,12126,13037
11882: 17839,12557,20387,16,16334,13380,14708
11883: 13756,3261,14800,12750,18312,14084
11884: 15534,13861,15895,15791,15264,1147
11885: 10089,16856,15744,17532,20960,17317,15263
11886: 14861,16444,14441,14029,19931,15145
11887: 18899,13840,16264,19268,17899
11888: 20954,11736,14186,11949,19236,12551
11889: 16818,12404,21155,15432,18952,13508
11890: 14070,11945,15667,14074,12747,13569
11891: 14645,20594,17481,18497,18868,15985
11892: 15749,19355,14082,17449,18882,16717
11893: 15430,12649,20485,14301,16316,14264,13900
11894: 11781,310,12670,12262,309,311
11895: 366,12142,13097,12677,12885,365
11896: 12823,11938,14552,12798,15594,13909
11897: 425,12885,365,13913,15251,12578
11898: 15303,13885,18801,12135,16011,14108
11899: 19047,18485,16805,18611,18240,14852
11900: 14450,15484,5824,15119,14915,12639
11901: 14113,12579,14446,16137,11840
11902: 12671,19493,20155,13874,13820
11903: 17358,14393,13099,14067,12212,12661
11904: 13664,15314,15317,12546,12801
11905: 12293,16618,14279,157,14079,202
11906: 14167,20096,617,13005,20173,12817,12013
11907: 15403,17070,13770,14114,15276,12841
11908: 14118,15705,11953,11833,13908,16174
11909: 19230,19295,17761,16639,18261,15088
11910: 12459,15737,13914,11556,13582,14028
11911: 13676,11776,13603,6164,14789,18975,12791
11912: 12162,20661,6163,6503,15177,12016,13655,15862
11913: 5596,18141,11831,12583,15433,14164
11914: 14758,14067,15335,11336,11273,12115
11915: 11552,11600,14382,15603,12240,11963
11916: 487,14887,14203,16247,552
11917: 18589,16078,20633,18609,18463,18076
11918: 19809,18156,79,17195,17895,14843
11919: 15555,13886,14119,12620,11771,12554
11920: 12893,17148,14859,14835,835,16619
11921: 14432,17196,12865,14353,21430
11922: 12345,15983,12587,12078,14180,15359
11923: 16870,15372,20631,11815,16994
11924: 13242,12312,15352,16873,15801,16973,15278
11925: 14443,12775,16033,15499,14133,15611
11926: 20521,14278,17961,20115,18825
11927: 15799,17342,15489,17693,21250,15226,14152
11928: 12362,18621,15905,15788,3051,20102
11929: 15853,13741,12798,19903,422,19542,12736
11930: 15437,12060,12500,14495,14045,13573
11931: 17579,18204,44,12687,14073,12021,74
11932: 16765,17094,14526,17829,16726,14638
11933: 14919,19626,1232,13312,15887,17343
11934: 16931,13494,13847,13416,18457,19906
11935: 17466,21383,16914,17091,16839,18533,17380
11936: 13044,12163,12658,11214,12453
11937: 16449,15306,13576,12392,14321,18305
11938: 12823,11896,15412,12586,16998,13909
11939: 12761,12034,13919,13100,14891,986
11940: 15394,14303,14031,14176,12637,12694
11941: 19138,17127,16362,15113,16641,19130
11942: 12008,12176,12175,14375,10924,13004
11943: 13643,16746,11991,13256,17971,12316,17454
11944: 12186,12716,19914,11451,14191,14078,14320
11945: 14070,15829,14358,17531,11890,15667
11946: 18426,13808,13727,12308,14379,15427
11947: 14125,15091,13249,16505,17457
11948: 19232,20160,18633,19075,15397
11949: 17945,13945,20954,11888,19236,12641,17033
11950: 13744,15070,18616,12416,19008,16620
11951: 15300,18651,16696,18560,19069,13821
11952: 14437,15685,15456,16073,3692
11953: 12975,14118,15364,15705,11908,16917
11954: 12799,12994,12683,12446,16365,16824,14195
11955: 13768,7068,12804,13192,12535,12080
11956: 15085,19117,19559,15646,18018,15642
11957: 19687,19063,20503,18913,13356,20494
11958: 19107,14836,12695,15706,13518
11959: 12942,12762,201,12630,15552,15050
11960: 14406,16590,3,16875,15065,12901
11961: 12868,15672,19121,12085,15877,13257
11962: 10357,10443,17011,15351,17907
11963: 11554,12240,11600,11915,13035,14977
11964: 13574,13655,12566,15862,13828,16516
11965: 7293,13734,7626,7516,14096,13733,7736
11966: 13185,13295,12118,13993,14247,12128
11967: 15639,18868,13872,13413,20594,18978
11968: 12051,14795,12552,18908,14957,13030
11969: 11599,11980,12964,14050,11642,12828
11970: 548,18327,19779,19765,13935,14478
11971: 14367,11455,12161,13533,19525,15045
11972: 12825,831,17192,14360,908
11973: 12426,14795,14957,16220,18393
11974: 15761,17250,14012,18815,17347,13647
11975: 12933,18922,12965,13103,200,17429
11976: 6506,15350,14064,12854,14829,17315
11977: 12114,8817,12952,15690,12585
11978: 16842,14108,12076,12135,17207,18557,15774
11979: 12037,20610,4579,4692,13094,13793,14479
11980: 11598,11550,11969,11597,12964,14050
11981: 12822,17167,6165,5938,13015
11982: 11211,12900,14413,17931,18385
11983: 13662,12595,18246,16342,14917,15525
11984: 3048,12108,3154,14440,18312,12750
11985: 12127,17446,12744,18372,14344,16832
11986: 13229,7957,21199,12056,12782
11987: 13237,15995,14369,19538,18162
11988: 13862,5595,12330,5708,12910
11989: 253,14969,17362,14402,15291,12184
11990: 12870,14932,16637,13582,11556,16786
11991: 13643,12891,11943,13256,11559,17971
11992: 75,20446,15110,13760,15777,18204,17154
11993: 16026,12505,11772,116,14150,15447
11994: 12784,3801,13979,16185,12298,3910
11995: 13931,19053,15786,12788,16857,17202
11996: 13071,13272,13100,16353,13107,17192
11997: 13167,12783,14566,17426,14848,12931
11998: 15648,15433,5255,14164,12014
11999: 3693,14273,16027,15740,15165,12417
12000: 911,13184,988,14970,13041,12647
12001: 18971,15371,13285,15942,16360,14039
12002: 20403,16104,17694,20019,19473,18632
12003: 17830,12844,10611,19298,12028
12004: 13788,11141,13137,12107,21076,18008
12005: 12084,12153,15326,12705,685,14299
12006: 14972,16555,16976,14601,12574,17024
12007: 11795,15398,19835,19316,18055,17566
12008: 11942,14375,13004,14927,15944,12148
12009: 12461,13580,12628,13956,12738,13713
12010: 13484,17311,15810,13924,12553,17294
12011: 14169,15546,20581,18138,13363,15096,15322
12012: 19828,20061,21432,19694,18117
12013: 12562,15878,12817,20916,11906,13005
12014: 5482,5368,15262,18140,15433,5255,11998
12015: 14013,16648,256,13033,16689
12016: 6503,21047,11912,13655
12017: 10613,10445,14568,15889,16273,13888
12018: 14110,14420,12523,12471,11074,14418
12019: 13158,15662,1067,13544,12428,13904
12020: 14499,15223,13070,12937,14664
12021: 19192,13772,44,11931,74,15708
12022: 14165,14344,15581,12534,12871,18372
12023: 12879,13140,4355,4244,4133,14352
12024: 13479,13185,13295,1314,1315
12025: 14296,10445,10444,14083,10530,16273
12026: 15648,21427,18923,18369,15193,5142
12027: 13408,14488,4576,14445,12268
12028: 12216,12843,19298,12003,12844,20278
12029: 13748,16796,20835,14121,13630,2945,15344
12030: 203,12234,13639,12256,250,15513,12729
12031: 18976,11741,16724,14265,11713,15881
12032: 15888,17970,13497,14467,14197,360,305
12033: 113,11768,14419,14021,112,16887
12034: 11939,13272,12253,13100,1065,14891
12035: 14992,11071,13137,10999,16549,17059
12036: 3691,14455,19279,12109,13162,13177
12037: 20610,13094,11979,12865,14218,21430
12038: 16323,12774,1401,14609,14247,14304
12039: 14083,13473,12251,12180,10273,14051
12040: 16757,4132,17745,14458,12431,4353
12041: 15009,18846,16224,15945,21103,13949
12042: 13667,12190,13907,10853,10776,15522
12043: 118,12194,78,163,119,12634
12044: 13141,11398,19525,14274,11507,20287
12045: 11686,15532,12875,13042,14195,11718
12046: 18219,12871,14893,7295,14714,12968
12047: 14837,13116,17434,12763,1233,15061
12048: 10271,14183,13147,15332,15396,18277,12862
12049: 1489,15605,13747,15131,12456,14762
12050: 16503,16737,14099,14136,15719,15770,16204
12051: 16750,14187,11968,14795,15292,12552
12052: 17754,21149,8068,15509,15874,14222
12053: 21,12837,12803,16910,50,13136
12054: 15470,14791,12122,13192,17270,15274,13828
12055: 18108,15608,13830,15983,19842,17322
12056: 11986,13229,13016,12120,16095,12782
12057: 13514,2043,14383,12741,18949,18052
12058: 12928,15373,13188,14565,14237,10772
12059: 18434,17493,13933,17829,14580,15176
12060: 15437,12534,11930,12500,14714,12968
12061: 13036,15077,12783,12177,14848,12379,12866
12062: 19000,14208,12966,4915,21239,12174
12063: 17279,19058,18894,19322,19454,20599
12064: 154,14199,13103,153,198,199
12065: 13546,12261,760,835,14322,14252
12066: 14346,11604,13976,12702,12883,12158,15202
12067: 9716,14849,15710,14070,14074,13144,9906
12068: 13158,14035,15061,1149,17434
12069: 18856,18092,16398,19139,20655,16408,15538
12070: 15613,15454,13627,15390,12187,15380,13181
12071: 20708,16200,20834,18672,20286,20313
12072: 13425,17038,15387,14183,18277,15459,17376
12073: 19573,10613,10614,12913,10695
12074: 12855,13572,5484,14330,12536,12602
12075: 14413,11844,11144,12915,15523,14998
12076: 11978,16842,13050,551,17207,14203
12077: 17575,16450,18857,21190,13090,9905
12078: 11922,15983,18607,14180,12684,13830
12079: 18641,16687,17153,17947,14703
12080: 13787,12976,13768,11955,12535
12081: 18267,18198,17345,7737,12560,7626
12082: 11689,15698,11690,14258,13767,11687,11688
12083: 165,13018,120,12194,12617,14027
12084: 19136,12153,12005,13187,15326,14206
12085: 11961,15877,13257,13628,15588,14077
12086: 14337,358,13497,305,359
12087: 15183,11074,12746,14866,14053,14418
12088: 17081,19107,15439,12695,18944,17200
12089: 16878,9997,12926,12167,12938
12090: 13343,16633,14441,19931,15778,14770
12091: 16347,14173,16382,12999,15756,17337,12923
12092: 11756,16725,12227,14266,17217,13753
12093: 12405,15663,14160,12513,14399,14130
12094: 10271,10181,15225,13147,14870,10091
12095: 553,17447,621,552,12173,16247
12096: 12197,13207,13805,12245,619,689
12097: 12101,11599,14554,15021,13827
12098: 13113,17102,19486,15663,13857,17000,47
12099: 13178,12876,15358,1668,12235,12286
12100: 13106,11556,15729,13815,14028,16458
12101: 14289,11552,12097,12218,14382,14554,13827
12102: 21462,15560,16176,15789,12133
12103: 13101,18184,14209,13210,15178,14588
12104: 13375,13712,14927,12991,17814,12148
12105: 12156,13228,11718,15702,13453,11720
12106: 15716,16791,13175,13802,18942,15386
12107: 12004,13788,13137,12894,11139,11071
12108: 3048,15450,14941,2839,11984,13171,14440
12109: 3691,13132,13162,18249,12036,13921
12110: 11801,756,757,14360,15080,831
12111: 13000,13189,16792,12958,16299
12112: 17358,18121,14393,11853,13981,11393
12113: 15544,16635,14567,13062,13021,16819
12114: 13122,11977,15400,12777,8920,8817,12585
12115: 11914,14067,12212,11273,16762,15357
12116: 13302,17903,18412,13009,18483,15443
12117: 14451,159,16022,13200,12181,14868
12118: 11966,13185,1400,14230,1487,12128
12119: 8604,14077,14814,13257,16048,15814
12120: 18267,13016,12782,7847,12056
12121: 13686,13149,19052,15450,14941,12947,13096
12122: 13192,12535,12054,6956,15274
12123: 12972,14859,15039,13859,13258,11806
12124: 1069,989,13184,988,1068,13258
12125: 11725,15756,16728,13196,13169,12219
12126: 18927,23,13037,17577,13439,11881
12127: 7407,12979,17446,18771,11985,12744,18372
12128: 1488,13993,11966,12118,14230,1577,17137
12129: 13210,13431,1856,17367,14134,14209
12130: 18511,14233,11719,12945,18090,15765
12131: 13548,12450,18806,13984,16299
12132: 14004,10268,10269,20278,12216,13000
12133: 15789,13269,12970,12102,14158,15560
12134: 13132,13162,12334,12159,15733,3583
12135: 11898,18801,12531,11978,14108,15774,12707
12136: 11509,13815,11508,12478,15729,15036
12137: 17039,13863,210,12250,14863,12242
12138: 14939,19742,257,16670,12237
12139: 13107,12825,12812,984,985,13798,16353
12140: 5367,16855,13920,5254,15374
12141: 17050,13222,13452,14128,12244,14293
12142: 11895,13097,309,365,310,14734
12143: 13460,13516,13879,71,13975,42
12144: 15905,13902,14523,15607,14362,12220
12145: 6389,15198,6388,6501,21280,6615,6502
12146: 14650,12202,11710,17169,12255,15406
12147: 12960,4353,4464,13408,19677,12431
12148: 15944,17814,10925,12008,12104,14927
12149: 9021,16634,19102,14898,13351
12150: 152,13209,21185,12533,12364,154,153
12151: 361,362,14197,13079,420,13247
12152: 14293,11605,17050,11559,12891
12153: 12084,14783,12005,14206,14299,13126
12154: 13062,2535,15466,2637,13205,13051,12249
12155: 13929,16784,13224,15597,7518
12156: 12105,15702,12178,17180,13453,17615
12157: 15074,14127,4805,13215,4917,14271
12158: 16814,13583,11649,15202,12066,12883
12159: 12334,3261,3368,15733,12134
12160: 12776,13678,15391,9999,20415,13066
12161: 12271,13533,11399,15128,15045,11971
12162: 13003,12572,11912,6163,13002,15862
12163: 13044,11850,15203,11936,19493,12658
12164: 18538,15348,13136,83,50,49
12165: 13572,14464,12602,15010,13553,5371,12787
12166: 19502,13013,15081,13054,13495,15871
12167: 15885,13685,12926,14665,12089,14227,12938
12168: 17511,13123,15529,15782,14095
12169: 4242,15261,15618,15869,13713,17745
12170: 15588,14149,12421,13876,17851,16884
12171: 14138,12950,12475,19879,8499,13195
12172: 12217,5594,5593,5480,18568,13391
12173: 553,12095,12890,16247,12831,12205
12174: 5027,4914,12491,19000,12062,4915
12175: 12176,11942,10999,10998,10924,13841
12176: 11072,11942,12175,10999,16549,14375
12177: 14394,1581,15077,12061,12379,14625,1582
12178: 12156,17180,13453,14435,12401,14124,11868
12179: 12299,12879,14353,16781,14218,13642,21430
12180: 14093,10360,10273,12039,13789,14051
12181: 12117,16022,208,161,14868
12182: 13064,14378,14177,15501,11755,16725
12183: 13254,6278,17700,14886,14325
12184: 11989,14969,12518,15291,11780,12985
12185: 15697,12522,12997,13640,5031,5145
12186: 16600,15955,11944,13487,14191
12187: 16356,13292,15380,13181,12070,15390
12188: 15338,16244,12789,16567,11680,21364,15399
12189: 6955,7067,13787,14338,14670
12190: 12523,12042,13667,12273,15522,14415,14420
12191: 12270,12249,13081,2435,17861,2535
12192: 13092,15852,16450,18857,18183
12193: 13789,14051,12510,20924,13029,15593
12194: 78,12043,119,12617,14027,12083
12195: 14973,14918,16841,19540,16480
12196: 13225,9715,18067,12888,17260,18832
12197: 12096,13207,15867,14120,14300,689
12198: 13925,13817,15690,13587,12585,17437
12199: 15562,16518,14155,16663,13223,19173
12200: 15119,5938,12503,5825,13398,13936
12201: 11596,18570,16304,17673,14457,20112
12202: 18976,11741,14650,12146,15406,14295,12728
12203: 14426,18225,15699,11076,13614
12204: 8,10,19916,34,13175,13802
12205: 554,12228,489,553,12173,12831,18687
12206: 12510,15931,15593,13888,10614
12207: 13534,13522,13435,12225,11875,14178
12208: 13293,19051,16453,17414,19900
12209: 15664,13773,13351,13679,9021
12210: 8497,13876,17428,18998,13296,16766
12211: 15032,13292,15380,2335,14985
12212: 14067,12115,13099,11271,11903,15357
12213: 11392,15836,11332,14277,14747,11333
12214: 6503,6276,6389,15254,15198
12215: 12903,13127,612,12296,15095,613
12216: 13000,12843,12028,16792,12132,20278
12217: 5594,5708,12172,12330,13391
12218: 14289,11553,14382,12101,11501,21077
12219: 13169,14658,15037,11725,12125,11726
12220: 15905,13902,3051,12144,15625
12221: 14468,7740,12727,12962,17065,7960
12222: 13150,16218,14427,17757,18760,18352
12223: 39,14102,14433,13017,70,69
12224: 16865,20414,16333,14582,20579
12225: 13435,12207,11875,15270,7959,7850
12226: 18926,18789,14516,14901,12267,16946,12605
12227: 15501,11756,15556,12092,16725,13138
12228: 554,17756,489,623,555,12205
12229: 14318,12996,15882,18198,13915,15735
12230: 15213,13172,12246,17289,20451,13645,15139
12231: 18927,24,23,15817,22,13078,52
12232: 110,111,14421,13917,21185
12233: 14941,2839,13143,18212,13686,18376
12234: 203,251,302,303,12030,250
12235: 16366,12099,15358,1668,12940,1947
12236: 15664,13527,14853,12497,12575,15308
12237: 12138,14939,19742,311,312,15238,12670
12238: 11075,15415,11004,10930,16043,17657
12239: 18194,19777,19064,14442,19026,19689,17474
12240: 15955,11554,13487,11963,11915,15603
12241: 15414,13149,13701,19052,12287,13700
12242: 161,209,16999,17039,12137,14863
12243: 11450,14277,14747,14760,11502,11503,11393
12244: 13222,12141,11560,14293,17256,13052
12245: 12096,13805,762,689,620,12281
12246: 12230,17289,20451,4,6,19753
12247: 208,14868,259,258,16670
12248: 19883,4801,5027,17220,4913,14884
12249: 17421,12191,12270,2336,12154,2535,15466
12250: 13863,12137,14309,210,164,15269
12251: 10183,12665,15491,12039,13473,10273
12252: 14359,9,16650,18765,19970,17445
12253: 12034,14257,1065,11809,14891,14416
12254: 11456,11508,11401,11400,14459,11457
12255: 13893,13415,17169,12146,13049,15406,11739
12256: 13142,200,250,249,13639,12030
12257: 12987,15636,761,12622,14300,836
12258: 14261,4351,4463,14583,14488,12268
12259: 6843,13007,20440,18474,6729,6955,14338
12260: 17243,13504,12524,15355,2044,16114
12261: 760,12065,14017,14322,14120,15636
12262: 367,309,11894,311,12758,13990
12263: 14285,11609,11608,13013,15871
12264: 14477,18030,14988,19845,15922
12265: 15149,15158,15138,9,16650,13211
12266: 11208,16762,17280,13880,12550,17327
12267: 14901,11749,12226,13710,15205,12605
12268: 13408,14488,12027,12258,4464,4352,14583
12269: 11340,13044,15203,12580,14964
12270: 12191,17082,15583,2336,12249,2435
12271: 11341,12373,12161,14256,11399,15128
12272: 13850,9125,17155,13535,15453,9024,19112
12273: 10851,13903,12523,14972,13667,10852,12190
12274: 3912,13067,16331,4023,4134,13115
12275: 13871,15855,15673,2141,2045
12276: 11501,14159,11447,14384,13736,11448
12277: 16989,15855,13944,16171,2239,18114
12278: 13453,11720,11691,14124,11721
12279: 13153,18883,123,13191,82,81
12280: 18824,3585,14792,14248,14475,12897
12281: 690,763,12245,762,19371,12621,620
12282: 12850,11605,11606,14346,13976,13616
12283: 13948,7959,15818,12962,12951,19723
12284: 14986,16876,17232,14541,19866
12285: 5253,5140,5026,12754,17220,4913
12286: 17477,1854,1761,14999,12099,12876,15358
12287: 16804,17363,13700,15414,12241,14811
12288: 16145,18371,19851,17708,17746,20048
12289: 423,13377,13853,364,20423
12290: 20563,19175,14560,19880,19941,19873
12291: 17433,20564,14594,17200,19662,15072
12292: 19564,12408,18546,21353,19266
12293: 11905,14279,17312,157,16602,13886,12554
12294: 14373,14013,20781,14176,12441
12295: 18521,13481,13785,15808,18396,18317
12296: 612,12215,12857,12902,611,13104,15095
12297: 12480,15990,758,15883,16025,18674
12298: 15507,3910,15287,14597,12784,11994,18322
12299: 12179,16781,13642,11805,13780,12499
12300: 16258,6050,15318,12579,12355,14225
12301: 16646,18019,20719,20256,20936
12302: 12304,14885,14485,13647,20175,15761,14742
12303: 15353,17464,16820,15265,17140,16798
12304: 15451,14885,18596,6390,12302,20175
12305: 11799,16916,17958,14933,18157,15279
12306: 19285,14491,21201,19341,19343
12307: 19924,19050,16995,18268,21257,15227
12308: 13727,11946,15427,15292,12552,19930
12309: 15974,12920,20239,19110,18592,19220,20812
12310: 14869,18457,13704,19906,20538
12311: 19573,12913,12429,14244,11832,15493
12312: 15229,15352,11924,15278,15118,15444
12313: 16395,11452,20688,19024,16327,19998,20728
12314: 21453,18573,16521,15356,20644,19015
12315: 13421,17321,13336,15677,15764,12439
12316: 13866,16667,17971,16742,11943,17454
12317: 12896,13891,12445,18091,17546
12318: 17793,20958,17784,21010,19904,15310
12319: 15259,20355,14268,19254,15246,19996
12320: 15909,19505,20350,17844,15992,15937
12321: 18226,19889,16083,20540,15937
12322: 13377,13270,20423,14591,14975,17083
12323: 11822,13425,15678,16657,17038,15469
12324: 15665,15572,12484,11818,13575,14178
12325: 16870,16309,11815,16478,16858,14584
12326: 17001,14065,17233,18274,16492,15381
12327: 12713,12966,4915,12666,4803,15601
12328: 13932,13995,17014,14539,16074,1489,11819
12329: 16293,17896,14518,14892,20046
12330: 5481,5595,11988,13391,12217,5708
12331: 20288,15207,16266,16905,15626
12332: 11275,21049,12851,13320,13635,17919
12333: 14716,16886,19076,17023,15584,14788,14845
12334: 12159,3368,12134,18793,17762,3583
12335: 21121,15956,20145,13934,20528
12336: 11807,17860,16119,18259,17381,14515
12337: 15531,11845,13779,12489,19663,16383
12338: 19043,19190,17271,15401,18722,16530
12339: 14603,18981,18107,18146,17768,19600,20021
12340: 14652,18042,18720,21245,14761,18343
12341: 18689,21322,20620,16040,16189,14773
12342: 14792,3694,14475,17338,20638,14212
12343: 16011,16842,13050,13025,17067,15734
12344: 12388,19010,16551,14873,18723
12345: 15382,11922,15983,13611,17322,12587
12346: 13454,16195,17351,13861,18580,18325
12347: 17974,18877,18432,18766,13347
12348: 14394,12724,18880,13036,15077,14474
12349: 19971,19234,11835,18424,16153,18337
12350: 16045,21086,21170,21116,21146
12351: 15724,15711,14319,12760,13635,14219,17294
12352: 18233,17675,20718,20366,16064,16103
12353: 18122,20098,19808,18106,20230,16880
12354: 13267,17662,18709,13346,18230,12438
12355: 13669,19013,14113,12579,14225,12300
12356: 18012,14993,17391,13369,18054,20509
12357: 17114,18773,19219,16262,17566,15442
12358: 19844,16502,19590,19609,20753
12359: 15876,14627,13503,16477,20507,17029
12360: 11397,15637,18600,13874,13774,14040
12361: 20863,21117,13277,21014,16024,21021
12362: 12802,15727,11928,3158,3052,18621,15788
12363: 66,37,15194,15,14102,18389
12364: 18686,15879,154,15713,12150,152
12365: 16259,17486,21429,20344,21309
12366: 17442,18972,14087,15001,16653,14010,18514
12367: 18956,16645,14685,20180,987,16269
12368: 16306,13896,15743,12515,1231
12369: 18591,18136,19133,10529,11877
12370: 14170,10924,10848,13841,10847,10923
12371: 10922,14327,15328,19760,10997,11070
12372: 12438,17876,17589,13873,17662,11833
12373: 11341,11342,12271,11400,11343,15128,13939
12374: 15181,20745,20369,19979,17729
12375: 11691,14648,14258,14139,13430,11655
12376: 16688,18324,16254,14667,17864,18284,21466
12377: 17282,15284,17178,14801,18754,17409
12378: 18786,14660,20422,18931,16163,16649
12379: 1492,12866,12061,12177,14625
12380: 20511,19999,19967,17763,15199
12381: 18449,5823,5369,18678,12662,20653
12382: 13567,20288,16736,15334,18081,12597
12383: 17710,19349,19441,21088,19741,16152
12384: 14018,13418,18793,18829,3262
12385: 18770,17274,11783,15218,17031,254
12386: 15492,18730,13499,15790,14081,13978,15464
12387: 12442,14803,20263,19917,12539,16809
12388: 18979,12344,16803,20576,18723,16768
12389: 8287,8178,12950,20026,19122,19879
12390: 20674,12785,20226,14188,17693,20316
12391: 14563,16461,20936,17085,15111,11338,21401
12392: 16449,15306,11937,12710,16857,14328
12393: 17144,15311,15615,16782,17957,12672
12394: 15654,16607,14708,15148,16754
12395: 19557,17062,12467,16412,15330,18278
12396: 15441,13549,14784,15286,12835,11776,15541
12397: 19925,18101,19922,15124,19989,20453,20829
12398: 18865,19884,17837,18566,13324,17726
12399: 16753,12708,16888,13519,20658,19252,16775
12400: 13817,13587,8392,18320,17972
12401: 14124,15230,13464,12178,11868,13344
12402: 15419,15861,14513,15645,13726,4243
12403: 15526,16992,13938,14608,17076,13665
12404: 16818,16849,11889,13550,12571,13508
12405: 15760,16305,15663,13857,12513,12093
12406: 13506,15411,19659,18734,16488,17711
12407: 21287,19495,17651,17672,19921,20133
12408: 19324,19564,12292,17567,21270,19266
12409: 12889,12882,15224,14098,14388
12410: 17093,17264,17912,21401,18768,11848
12411: 18873,18279,20232,17166,15619,15233,14943
12412: 13742,11863,14377,12532,16694
12413: 15283,16184,16050,11648,11647,13583
12414: 11453,11852,15209,14802,18512,19038
12415: 17152,16965,15431,19082,19268,18899
12416: 19629,18616,11950,19008,14682,16815
12417: 14234,17027,12607,15740,3693,11999
12418: 18988,17179,18715,17922,18835,14556
12419: 19575,16472,17124,18674,17962,758
12420: 16676,18743,19523,18580,13448,15105
12421: 15588,12170,8067,15631,16884,13628
12422: 15249,14847,15301,16873,10694,11877
12423: 20226,19817,15531,11845,13488,15472
12424: 15499,14032,16373,18837,11681,11865
12425: 3911,16868,11873,3802,16553,16952
12426: 5143,11973,14069,14187,14795
12427: 16244,12775,12653,11679,11880,14395
12428: 13544,13604,17204,12019,12545,13904
12429: 15715,15383,15889,14244,12913,12311
12430: 16143,17986,18610,14707,16311,19583
12431: 12040,17745,15261,4464,4353,12147
12432: 17764,13759,18382,15089,14895,19636,21189
12433: 13544,17504,13554,13697,15662
12434: 13442,15475,12917,7739,14676,13378
12435: 17138,18089,15738,13940,17365,17400
12436: 17288,14998,14040,11276,11277
12437: 16723,14724,16301,18399,18077,17977
12438: 11763,12372,17876,17662,12354,18230
12439: 16672,19560,13336,17321,17283,12315
12440: 17853,16507,18599,14722,15586,16743
12441: 11781,14176,15238,12637,14373,12294
12442: 14975,20263,12387,364,20423,16809
12443: 19329,19495,20427,21366,17652
12444: 11822,15681,15678,15676,13515,13687
12445: 18476,16956,17044,18091,12896,12317
12446: 20235,12683,11954,13486,13423,13967,16824
12447: 481,12986,12528,545,12857,15465,482
12448: 546,13163,547,483,613,614,14783
12449: 15341,12678,830,15080,907,906
12450: 12131,19344,13548,15892,10269,16299
12451: 19681,19591,21258,21226,17988
12452: 14930,14629,16557,16085,13588,16920
12453: 11147,11146,15933,11214,14355,11936,12658
12454: 15092,18118,11505,14928,15413,17676
12455: 14977,13361,11555,11554,11857,19914
12456: 12049,15131,14762,15206,12876,14999
12457: 15067,18897,19605,18958,13491,13490
12458: 15838,15421,13405,14656,18323,14961,16390
12459: 13130,19255,11910,15737,13582,18984
12460: 20355,15246,13689,20008,14016,15329
12461: 16868,12009,14396,13580,18392,12628
12462: 18958,17032,15137,14953,20454,15067,17359
12463: 15379,17715,20197,20963,19730,19421,16108
12464: 21267,19543,19735,19257,21071,13330
12465: 15149,16789,15213,13172,9,17445
12466: 17930,19698,19501,16470,16049,20031
12467: 19557,12395,15018,17062,18545,19518,21502
12468: 15723,684,16575,829,830,756
12469: 4579,4692,4691,4804,13173,14460
12470: 16978,16755,13738,10850,17187,12927
12471: 12895,16446,13903,12523,12018,14420,11074
12472: 12682,5936,15919,6050,12910,5822
12473: 16608,17046,15253,16328,19361,18960
12474: 12717,14522,12980,15843,14125,4465
12475: 17972,8286,19879,8499,13817,12171
12476: 20708,21236,20992,20313,21080,17794
12477: 5596,11840,11831,5709,13955
12478: 18659,15729,11455,11508,14459,12136
12479: 17416,14335,47,11765,19486,17722
12480: 17103,14830,15990,12297,16573,17782,18674
12481: 14798,3154,13053,15918,14800,12750
12482: 6616,6843,6730,21047,13655,16516
12483: 15492,13601,18197,13849,18357,12582
12484: 12324,11875,11818,14178,14657,12904
12485: 17269,10772,15141,15659,12753,13790
12486: 19668,19616,20311,21331,16205,16180
12487: 14264,19804,15430,20252,13521,13657
12488: 13170,13862,5936,15318,5709,14446
12489: 15579,15810,13924,12337,11845,19663
12490: 425,488,12831,13960,13111,18687
12491: 5027,17220,12174,5254,5140,19000
12492: 16316,20899,13296,13900,16766,14341
12493: 5253,5480,12906,12754,5366,16228
12494: 19402,17635,16950,14987,14935,16712
12495: 20158,15894,15637,14339,18600,13586
12496: 1068,13621,14361,13235,13258,12769,11806
12497: 15664,13773,12236,9325,9424,13644,15308
12498: 13716,14695,20233,15445,19517,17775
12499: 13780,12529,12764,17237,12299,11805
12500: 15802,11930,12060,14495,12968,16123
12501: 3696,3805,20731,3586,17134
12502: 12765,14306,10692,12771,10610,13197
12503: 5824,15119,12200,12603,13963,5825
12504: 11752,11730,18784,14117,11731,16235
12505: 16026,13928,11772,11993,13905,12737
12506: 14325,13182,6507,14324,6393,6392
12507: 14090,14357,14391,9813,13971,18378
12508: 544,543,542,12780,479,480
12509: 17244,17032,18716,13658,18947,14759
12510: 14051,10530,16273,12193,15593,13888,12206
12511: 13522,13435,15874,12685,14222
12512: 19293,16088,21424,19767
12513: 12405,16305,12770,12093,11767,14130
12514: 17975,16110,21481,16885,17724,12598,13749
12515: 1230,15418,15895,15791,12368,15743
12516: 15834,14381,13624,20122,14425,16865
12517: 13486,16050,16556,17194,11866
12518: 14969,12184,11780,18168,18624,15102
12519: 15485,17366,12703,13270,486
12520: 14440,18312,15031,14084,13899,19027
12521: 19001,8,10,7,17119
12522: 12185,12681,12997,15010,13640,5257,5144
12523: 13903,12273,12190,12471,12018,14420
12524: 12260,2433,19039,15355,13555,16114
12525: 12835,13603,6164,14497,14064,14829,14476
12526: 13612,16135,16984,15282,17388,13749,15168
12527: 20511,13442,13378,13575,13534,17763
12528: 12986,12767,12447,15465,16248,482
12529: 12764,12499,3803,11805,16331,4023
12530: 15399,18570,16304,15338,11641,11597
12531: 15660,11798,18801,12135,12707
12532: 13742,12412,11642,14377,12828,13032
12533: 151,196,12150,13209,153,197
12534: 15437,12060,14714,15581,12022,12871
12535: 11955,12122,13192,6956,14156,12080,13787
12536: 15751,14330,5370,15364,5484,12074
12537: 13590,16826,17374,15032,16583,15174
12538: 14952,15528,16591,17685,17223,14076,19028
12539: 17163,19917,18521,13785,14803,12387
12540: 13885,17209,16918,15455,15734,16011
12541: 20096,14478,617,15377,12832,19765
12542: 12786,11005,11076,11006,11145,11077
12543: 5594,12659,13131,5708,12860,5821
12544: 19734,13775,16618,12730,14079,253
12545: 14242,12972,15039,12428,13604,13904
12546: 12864,15317,11904,12801,14451,159,160
12547: 18241,15586,16743,19046,17548,15638
12548: 7741,7520,7631,19066,7630,12939,15875
12549: 15784,18175,13297,18426,14038,4466
12550: 16762,17280,11206,15357,12266,13193
12551: 19236,13561,14858,14808,11888,11736
12552: 12051,11968,15292,12308,18908,19930
12553: 17311,12010,19716,17294,14319
12554: 15449,19080,11771,11919,13886,12293,17312
12555: 14752,18890,15545,17186,20113,15117
12556: 19534,20109,14321,13560,17349,15241
12557: 11882,12633,17839,19665,20387,20720
12558: 3371,16257,3265,3159,14465,16497
12559: 15717,12623,16012,13791,18020
12560: 13734,15882,7626,18198,12081
12561: 17334,14103,15205,15204,19331,13598
12562: 12817,16678,12013,20916,18676,20636
12563: 15008,15136,14104,16603,13908,16174,20713
12564: 11073,16991,13595,13994,11843,21330
12565: 14163,16348,15193,13637,13468,17723
12566: 14607,13574,17270,13828,11964
12567: 687,17565,15041,14978,20576,16768,16966
12568: 17946,17065,8070,7960,7851,17372
12569: 14009,14173,11744,13840,13605,12719
12570: 11871,14419,16525,12779,15713,15879
12571: 2841,13550,14946,12792,21298,16849,12404
12572: 13003,12162,13574,15862,14211,6504
12573: 13253,17224,17811,4022,17816
12574: 14601,10774,12006,10851,14972,14991
12575: 13236,15266,15308,13527,12236,17348
12576: 14889,15252,17940,15490,17281
12577: 11143,14141,17931,18385,16905,16736
12578: 13913,14963,12593,15251,14303,11897
12579: 11901,14113,12355,14446,12300,15318
12580: 11341,14964,11280,13044,12269,12772,11279
12581: 14965,11858,13523,13485,16594,16651
12582: 18357,15827,14151,13601,12483,16998
12583: 11827,14164,11913,18141,17520,13901,18211
12584: 13781,16236,15546,20581,15446,13263
12585: 13925,12198,15690,20723,11977,12777,12114
12586: 18168,13752,13601,16998,15412,11938
12587: 12345,11922,13611,15359,15336,14144
12588: 19554,17944,19641,21386,21303,21304
12589: 208,14551,209,16999,259,12642
12590: 16296,21431,19977,19724,17835,21418
12591: 14296,14896,12609,10444,15332,13056
12592: 6277,11782,16739,14211,13958,17238,14372
12593: 15394,14963,16364,14231,12578,14303,13853
12594: 13922,10179,13983,10088,10178,14423
12595: 11983,12611,13662,18113,15811,16342
12596: 15960,17411,14897,14508,16110,12598
12597: 12382,16736,15334,20628,14473,11143
12598: 17975,16110,15780,12514,12596,14508
12599: 19733,12698,14458,14148,13950,14587
12600: 15272,17016,20373,15084,20043,13894
12601: 16433,18641,18564,20709,20321,18417
12602: 14330,5257,13572,12074,12165,15010
12603: 13963,14464,12503,12787,5598,5825
12604: 16927,16694,18028,11683,11863
12605: 16946,15204,12267,12226,15205
12606: 16860,15461,17258,19752,19135
12607: 3584,12417,14234,14475,17338,3693
12608: 18505,16598,16769,16499,20357,18519
12609: 14296,12591,13473,13056,15491,10359
12610: 14257,1229,12961,1145,15280,12745,1146
12611: 12595,15811,14091,16342,12840,11335
12612: 15434,16663,13223,19071,16628,13715
12613: 13237,14369,18144,17324,10693,12771
12614: 13037,15582,25,13705,14189,17259
12615: 17400,14729,15551,18729,15517,15247
12616: 18823,13470,16699,11766,14989,19504
12617: 12194,119,15269,165,12083,13952
12618: 15055,18414,16406,13688,14223,833
12619: 24,15582,25,53,54,12908
12620: 11771,13739,19659,18734,15555,11919
12621: 621,620,622,690,12281,13133
12622: 12987,12257,913,14970,836,15917
12623: 15034,15717,12559,16628,18453,13715,16012
12624: 17945,11757,13566,15211,18306
12625: 14340,16025,686,13306,18847,18879
12626: 20521,14278,18941,15526,19940,14775
12627: 17229,11824,19069,18501,20703
12628: 12461,12009,18392,15869,13713,18994
12629: 15100,18175,13297,13313,12693,16070,19119
12630: 16602,14347,15552,11959,14279,15050
12631: 20215,17307,14526,15832,14014,16726
12632: 21297,18031,19705,18126,20360
12633: 17839,12557,16389,20720,19227,13856
12634: 118,78,12043,13918,12737,17190
12635: 615,684,683,682,14366,755
12636: 18275,16491,14705,18561,17885,21275
12637: 11781,310,14176,14734,12694,12441,11940
12638: 17792,14317,18183,15467,15717,15852
12639: 14940,12720,14220,5937,14450,11900,14915
12640: 13366,19365,15356,18573,19321,15471
12641: 17033,15258,18556,11949,19236
12642: 15324,14551,16999,12589,260,261
12643: 14282,14373,256,15238,14939,257
12644: 14919,18665,20648,18038,15023,13723
12645: 17668,19180,16451,15184,18902,18137
12646: 14266,20954,17217,14186,13945,14059
12647: 14970,13041,13546,760,836,12000
12648: 14184,11339,11340,12671,13930,12982
12649: 15239,20485,11893,8919,16511,14301
12650: 18173,20010,13996,16900,16049,20705
12651: 20464,20319,21484
12652: 15497,7406,7405,13768,7068
12653: 13156,11679,15223,11880,14664,12427
12654: 15564,18292,20918,15192,17329,15712
12655: 19654,21387,21408,15402,19937
12656: 17475,616,13935,17781,15854,18327
12657: 9905,16921,14210,18276,10090,17531
12658: 11850,11936,12163,14355,14047,12453
12659: 12543,5708,5822,12860,12910
12660: 16962,15700,13074,11735,11737,14808
12661: 11335,14067,15335,11903,17358,14091
12662: 17339,20653,14628,5823,12381,16723,18399
12663: 20154,17002,17034,15040,16711
12664: 38,13524,13543,13565,13077,18504
12665: 10183,14200,12251,10093,10184,10273
12666: 12790,4914,4802,14140,4803,12327,4915
12667: 11864,13926,16707,15393,13402,15283
12668: 19540,9812,9717,9621,15316
12669: 13016,17345,13915,16095,7627,14968
12670: 11781,15238,11894,14939,311,12237
12671: 11340,15203,11902,19493,12648,14184,13820
12672: 13818,17383,19081,12393,15615,17957
12673: 15639,18868,15650,15985,13846,1580
12674: 17565,15041,13265,15175,13682,17712
12675: 18908,13030,4691,19930,4579,13793
12676: 14887,20900,14245,15440,15012
12677: 13960,12885,13111,11895,426,366
12678: 13059,12449,15341,13046,905,906
12679: 12889,9997,14098,15912,14217,14006
12680: 16961,14732,18224,17663,15116,19003,16180
12681: 14271,12522,12997,14452,5144,14127
12682: 15919,13061,12472,6049,5822,5935
12683: 12799,20235,15614,12446,11954,13967
12684: 17398,12916,18607,12078,15842,13830
12685: 12511,13435,14222,13833,13948,7959
12686: 36,12925,15194,14877,35,14345
12687: 13782,14073,17579,17215,11931
12688: 15150,17795,20619,20236,19751
12689: 8709,16700,14925,16322,13954,18843
12690: 14426,12849,11145,14466,11146,15933,13997
12691: 17139,16770,15242,15585,18330,19947
12692: 13854,15847,13573,15398,16957,19316,18310
12693: 16931,19119,16834,18628,15100,12629
12694: 14734,12637,13913,14303,11940
12695: 11958,19107,15439,18253,12088,17546
12696: 3370,3585,19957,14792,3694,3695,3804
12697: 489,555,13960,426,490
12698: 16757,14458,12599,4577,14587,12980
12699: 13954,8708,13389,13388,8602,16700
12700: 18781,18756,13795,20249,18205,13860
12701: 4243,14432,20616,18804,14353,13642
12702: 13643,16746,11604,12066,12883,15994
12703: 17732,13659,17067,12519,17366
12704: 15892,13983,10088,15224,19344,14388
12705: 15723,685,16575,14299,12005,14263
12706: 13101,18184,13846,1580,17286
12707: 15774,15867,12135,14017,15660,12531
12708: 12399,17300,16888,13519,17681,17030,21403
12709: 13951,14312,12725,13336,11506,16672
12710: 17521,14001,12788,16857,14328,12392
12711: 19049,18523,17564,15172,19856,19201
12712: 14348,6617,15279,15981,18992,13008
12713: 11821,15785,12966,12327,15601
12714: 16467,5370,14069,15751,18393
12715: 14588,13865,1672,14224,1764,12845
12716: 11944,11857,19914,11855,14320
12717: 12474,14125,4465,17512,17042,17457
12718: 15413,15584,13392,11505,15525,18246
12719: 11746,12999,11744,15661,14173,12569
12720: 14789,14940,14220,12639,12791,14915
12721: 14758,11273,11208,11140,13120,11274
12722: 10000,13911,18378,9907,12734,9813
12723: 10528,21403,18045,15351,21356
12724: 13865,14394,12348,14224,17286,14474
12725: 13951,12989,12709,11506,18025,14274
12726: 16661,12939,7740,7741,17372,17065
12727: 12962,12951,12221,20026,13129,7960
12728: 20804,11712,13049,15406,14295,12202
12729: 19728,11777,15513,13058,203,12030
12730: 14349,14079,14550,12544,253,14402
12731: 4245,4134,13115,12781,16934,4135,4024
12732: 14869,16219,17129,20876,13813,16854,17273
12733: 18555,17198,14685,17534,18681,21292
12734: 10000,12722,9813,20415,10092,13066
12735: 13179,15758,8606,8607,8713,8712,12984
12736: 11929,12798,19903,15594,16248,421
12737: 13905,14254,13928,12505,117,12634,13918
12738: 13956,18397,3801,17177,12009,13580
12739: 4463,4575,20093,15510,14488,4576
12740: 15551,15803,15247,14063,14142,20533
12741: 12057,1948,2043,14383,15468
12742: 14443,15338,11641,12789,14371,14133
12743: 14676,20875,16046,14087,13897,11810
12744: 12127,7407,11985,18372,12871,7295
12745: 14257,12961,1065,1064,12610,13272
12746: 12087,14866,14053,14473,11144,14141,11844
12747: 15020,12776,13569,11890,14074,15458
12748: 14268,14044,15246,20008,15777,17154
12749: 16714,15590,15187,15686,15533,17473
12750: 11883,14800,11984,3154,12481,18312
12751: 3261,14800,15733,3474,15918
12752: 13678,10091,15391,15225,10272,15491,10359
12753: 15659,10612,17269,12485,15742,17872
12754: 12906,5026,5139,12285,5253,12493
12755: 11073,11000,15632,12815,21330,14145
12756: 13600,13370,6505,6618,16286,15293,15541
12757: 12887,13731,16911,14080,88,87
12758: 14213,13990,13146,12262,311
12759: 12807,832,17156,13071,12761,908
12760: 13120,12351,11274,11209,15711,14319
12761: 11939,13071,13919,13100,12807,12759
12762: 12933,11959,156,12942,18922,201
12763: 14837,12047,13116,1318,1492,12866
12764: 12529,14273,17237,12499,17778,3803
12765: 12502,10526,14306,10609,10525,13197
12766: 17098,13772,16863,41,19087,15443
12767: 420,12986,12528,14552,15594,16248
12768: 6277,16739,15599,13669,14225
12769: 12935,12496,14361,13235,1149,1067
12770: 16305,12513,14205,16008,11767
12771: 17324,12502,10692,10610,13237,12613
12772: 13044,11278,11214,11279,12580
12773: 1315,1401,15418,16810,12774,15743
12774: 16306,16323,12038,15743,12773,1401
12775: 14443,11925,16244,12427,12789,15499,14395
12776: 15020,12747,12160,13678,9999,15458
12777: 15400,12114,15188,20723,12585
12778: 18721,15806,18248,14241,15718,16796,20835
12779: 16525,13220,14354,111,15713,12570
12780: 608,542,12973,12508,609,543
12781: 4244,4133,4245,4134,12731,4356
12782: 12120,7847,13811,13754,11986,21199,12056
12783: 13036,13167,11997,12061,14848
12784: 3801,4020,11994,12298,18322
12785: 14424,15226,12390,20674,17693
12786: 12542,11005,16043,17657,11006,10932,10931
12787: 13553,5712,5598,12603,14464,12165
12788: 11995,15786,16857,14001,16686,12710
12789: 14443,15338,16244,12775,12188,12742
12790: 19883,4801,12666,4914,4688,4802,4689
12791: 14789,12720,11911,6164,6051,14915,13075
12792: 2841,14946,12571,14879,16635,14567
12793: 14566,14097,15649,15097,15076,17426
12794: 14406,20639,16590,13818,17383,16871
12795: 17460,14893,7070,17506,6958,12943,14686
12796: 14100,12858,1402,13995,21175,19237
12797: 14383,15468,15358,14878,1947,17477
12798: 11929,422,15594,12736,13909,11896
12799: 14166,15614,12994,12683,11954
12800: 11562,11563,16096,13616,15099,11606
12801: 11772,116,15314,11904,12546,160
12802: 12362,2947,3158,3052,3265,14275,15296
12803: 12053,12837,19,11765,13136,17722
12804: 15470,12934,11955,7068,13192,15030
12805: 15628,4243,18804,15633,13702,15419
12806: 7629,12904,15622,7518,16147,14657
12807: 17156,14223,833,12759,12761
12808: 11638,11678,11639,14461,17241,11680,21364
12809: 13436,16819,13166,20102,3050,14879,16635
12810: 17175,15945,17305,20571,9904,16338
12811: 19728,202,14550,11777,15050,201
12812: 907,12825,12139,13227,906,984
12813: 18611,16350,14959,18567,18703,19047
12814: 17058,11205,11067,11272,11137,12974,18901
12815: 13174,16165,21330,11072,15632,12755
12816: 14878,13060,15295,2042,15675,18986
12817: 12562,12013,11906,20173,14444,18676
12818: 18677,18705,21173,16947,14015,18506,21048
12819: 16003,19505,17471,18283,15992,20470
12820: 14646,20051,17866,19868,20611,16840,19303
12821: 13012,17394,10447,10531,10532,15769
12822: 17167,11981,13075,15484,5938,6051
12823: 11896,15412,15822,11938,14552,362
12824: 16313,18505,16598,21058,18619,19470,987
12825: 11972,13107,907,12139,831,12812,17192
12826: 17131,12969,17754,21149,15815,15778
12827: 10849,13365,10848,10770,10690,10771,13712
12828: 11642,12532,11599,11969,15021,13032
12829: 15002,18839,11832,15305,14601,15249,13631
12830: 17344,14014,15079,16967,15732,13410,21133
12831: 488,12490,18687,12890,12173,12205
12832: 14875,14478,617,12541,19136,15326,19765
12833: 15534,986,833,13919,17351,16406
12834: 19573,10695,15493,10774,10775,14991
12835: 11776,13603,12525,15541,14497,12396,13600
12836: 18536,16861,20191,20221,20089,18348
12837: 12053,14824,21,19,12803,16955,20
12838: 3264,3371,16704,3263,12919,16257
12839: 15036,12983,13428,11457,20200,20412
12840: 14078,16342,14405,14091,18121,12611
12841: 14114,16117,18992,17070,11907,17958
12842: 20638,3912,17368,16268,3804,13087
12843: 14538,12216,12028,10442,16792,12844
12844: 12003,19538,18162,10611,12843,12028,10442
12845: 1764,1857,17352,15178,14588,12715
12846: 19799,7738,17287,18877,18915,20770,13347
12847: 13069,14269,13660,18914,17993,15367
12848: 166,213,13952,165,14002
12849: 12690,14426,11212,14355,11213,11146
12850: 11560,13052,12282,11605,11561,11606
12851: 12332,21049,17919,13294,20530,14937
12852: 17216,19837,15538,16889,20010,13996
12853: 13177,13979,15693,16185,19279
12854: 6505,6618,18920,14064,11976,13255,15350
12855: 11837,13572,16527,5711,5484,12074
12856: 15152,15598,16938,14437,13427,15858
12857: 12447,545,13104,15465,15095,12296
12858: 13995,12796,21175,17014,13482,15691
12859: 14248,3584,14226,11773,21350,12897
12860: 6048,5822,13252,5935,5821,12543,12659
12861: 14704,21206,20245,21110,18498,19704
12862: 17376,14085,17035,12048,15396,18277
12863: 18712,16441,19181,14828,18887,17099
12864: 206,16936,15317,17120,12546,159
12865: 17196,14379,11921,21430,12037,13094
12866: 14837,14848,12379,12763,1492,12061
12867: 8391,16862,16906,13221,8175,14149
12868: 13844,11961,15051,8176,19121,15877
12869: 17524,15926,20444,16979,20583,18445,20691
12870: 11990,14932,13582,14417,18984,19560
12871: 12046,7295,12534,14714,12022,12744,18372
12872: 3805,15805,20731,17368,13087,3913
12873: 18108,15842,14054,18947,15003,14759
12874: 13907,10616,16285,10697,10776
12875: 11686,12045,11866,16824,14195,15026
12876: 12099,13178,1578,15206,12456,12286,14999
12877: 18816,9124,15420,18588,18742,19346,21489
12878: 14609,14557,14762,16074,14304,1489
12879: 12179,16781,13140,14218,12023,20610,4355
12880: 17253,19666,20146,15407,17214
12881: 9998,20140,19275,19666,20398,18996,19823
12882: 12889,12409,9996,15224,10087,9995
12883: 12702,12066,11647,15994,13583,12158
12884: 14477,18030,19032,21477,15873
12885: 425,12677,13111,11897,365,11895
12886: 13198,21076,11210,11209,14215,19716,20267
12887: 14056,13731,51,12757,13078,14080
12888: 17260,14582,15730,12196,19065,18832
12889: 16878,12409,12679,9997,12882,9996,14098
12890: 487,16247,13010,12173,488,12831
12891: 13643,14346,11604,11991,11559,12152,11605
12892: 14481,15072,11762,15366,17848,20670
12893: 910,11920,17148,15029,14835,14057
12894: 13788,12107,13164,11207,13880,11139
12895: 15846,16446,12471,11002,11074,14053
12896: 12317,13891,14243,17416,20417,12445,16956
12897: 14523,15607,21350,14248,12859,18824,12280
12898: 17036,548,484,19779,13187,16701
12899: 17233,16492,1491,1317,15097,18648,1403
12900: 11211,11982,18554,15557,14339
12901: 3,11960,15065,14817,12990,20187
12902: 13093,544,611,610,543,13104,12296
12903: 13127,683,12215,613,614,13126
12904: 15622,12806,15270,11875,12484,14657
12905: 11139,10997,12981,11069,13164,10996
12906: 12754,5252,5139,16713,5366,12493
12907: 14973,19540,14982,9426,9524,9621,9525
12908: 26,13632,12619,25,54,15337
12909: 13954,17306,8813,8708,14251,18843
12910: 5936,12472,12659,5708,5822,13862,11988
12911: 6162,6276,6161,15254,12998,6049
12912: 14918,16841,12971,15684,17776,9620
12913: 19573,10613,12073,12311,12429,15889
12914: 14421,72,14949,13879,73,14354
12915: 11212,15523,11213,12075,14998,11276
12916: 12684,7517,17398,14318,12996,18607
12917: 14365,14676,20875,12434,13378,15572,13165
12918: 13077,14524,15719,18769,15770,13543
12919: 12838,16704,3263,17134,19957
12920: 15974,20237,12309,20239,20550
12921: 15365,16511,8814,14301,14250,8709
12922: 13023,13202,11722,11723,11724,16883
12923: 13180,18926,12091,16382,11748,17337
12924: 15192,16503,14105,17329,16737
12925: 18504,14877,12686,15716,14345,13565
12926: 9809,14665,16878,12089,9903,12167
12927: 17341,15084,17187,16822,16978,12470
12928: 15083,13188,12058,10926,14237,18855
12929: 18140,5481,13955,5595,5482
12930: 15159,16407,14272,19297,1855,18818
12931: 14837,14848,17434,17426,11997,14035
12932: 13122,15400,20257,15643,15562,14155
12933: 11975,12942,12762,18922,13646,12965
12934: 15470,12804,15030,14144,7181,7069
12935: 13235,12769,15061,1149,1233,13098
12936: 13101,14209,14447,18125,17367
12937: 12020,13070,13034,14664,17521,11712,14295
12938: 14227,17305,9904,12089,9997,12167
12939: 7629,7630,16661,12726,7741,12548
12940: 1853,1947,15295,1760,16366,12235
12941: 14829,17167,13254,17315,6278,13075,14476
12942: 12933,11959,12762,13646,15552,18085
12943: 7071,14686,17460,12795,12959,16126
12944: 13117,15267,2943,13568,3047,3153
12945: 17052,14166,18090,15765,18256,12130
12946: 1146,1230,15418,16810,14416
12947: 15321,13096,15666,16016,15414,13149,12121
12948: 18125,14161,14389,17367,16459,14134
12949: 13134,4800,4687,4575,15510,4688
12950: 8287,8393,14138,12171,12389,19879
12951: 12283,12727,12962,20026,19723,19122
12952: 11977,8817,15690,15758,8606,19267
12953: 15595,13210,1951,1856,15178,15408,17352
12954: 16600,13487,11553,15603,20694
12955: 18973,18874,20075,17371,15845,19434
12956: 19083,20841,15547
12957: 13030,4691,11825,5030,4804,4917
12958: 14315,14683,18806,16299,12111,13189
12959: 7407,12979,17460,12943,7183,16126
12960: 4690,4803,12977,4353,12147,19677
12961: 15280,16759,12745,1064,12610,1144
12962: 14468,12283,15818,12727,12951,12221
12963: 15183,15699,14866,11144,15523,18225
12964: 11599,14554,11551,11980,11550,11969
12965: 155,14199,13103,11975,12933,13646
12966: 14208,15785,12062,12713,12327,4915,21239
12967: 16220,14452,17602,5256,5144,11825,5030
12968: 15802,12060,12500,14714,12046,13525
12969: 12826,17131,18590,13833,21149
12970: 16107,14448,13269,12133,14158,17643,15979
12971: 14990,12912,16841,15684,15813
12972: 14242,12545,17148,14859,12123,15039
12973: 608,542,13114,541,12780,13804
12974: 11137,14976,12814,11272,11206
12975: 15364,5597,15705,11953,16527,5484
12976: 12080,13214,13787,15823,7406,13768
12977: 12960,4690,19598,4577,4353,16757
12978: 20212,13769,1855,18818,15454,16250
12979: 12127,7407,13224,18771,12959,7183
12980: 14522,12474,12698,4577,4465,14587
12981: 11139,10997,11070,14992,11071,12905
12982: 13964,11398,11399,18724,12648,11339,13930
12983: 12839,11457,20412,11345,11456,11402
12984: 8712,13449,12735,8713,8818,14129
12985: 14287,11780,15888,17970,15291,12184
12986: 420,481,12767,13247,12447,12528
12987: 837,761,12622,12257,913,14711
12988: 10850,14237,15141,17187,18855,14152
12989: 13951,12725,16369,18025,15620,17181
12990: 27,17259,26,14817,3,12901
12991: 12104,13375,10693,17814,15373,14565
12992: 1313,1228,1229,1145,13479,1314
12993: 13186,17053,8813,18843,14925
12994: 12799,14166,11954,16365,14456,18256,14185
12995: 14336,17323,14034,15900,15544
12996: 12916,14318,12229,15256,18607,15735
12997: 14271,12185,12681,12522,5031
12998: 6048,13084,6049,5935,6161,12911
12999: 11746,12719,15756,16728,14173,12091
13000: 12111,12216,16792,12132,10269,16299
13001: 14429,13139,19455,13922,14004,10179
13002: 13895,13003,15275,12162,6163,6277
13003: 12572,12162,13002,6277,14211
13004: 10849,10924,10848,12008,11942,14927
13005: 14875,617,11906,685,15878,12013,14263
13006: 3581,13426,3473,3367,3474,3475
13007: 12259,6616,6843,6502,6729
13008: 12712,15981,18992,14071,17461,6731
13009: 14073,19087,14039,18483,15443,12116
13010: 12890,487,20900,14214,488,424
13011: 554,17756,622,692,14809
13012: 17394,12821,15769,17049,10616,10615
13013: 15081,12166,11607,11608,12263,15871
13014: 20365,15125,11217,11342,11281,13939
13015: 6166,6279,5938,11981,6165,6052,13398
13016: 18267,12669,12120,17345,16095,12056
13017: 12223,14433,70,42,16863,71
13018: 120,11767,80,14130,12083,14027
13019: 3911,13580,18249,18397,16173
13020: 3581,13426,3582,15693,14455,19279
13021: 13062,2637,12113,2739,16819
13022: 602,603,15474,14249,13124,471
13023: 11746,13202,12922,15661,11722,13082
13024: 13038,6620,6733,13672,17506,6958,6846
13025: 13050,12343,15440,17067,17366,14245
13026: 15596,13620,4694,4693,15795,4581
13027: 12,14345,13878,13570,13212,35,17870
13028: 10357,14733,17510,17681,17030,10528
13029: 12193,20924,15593,10447,10531,10446
13030: 18908,12957,4691,11825,12675,11968
13031: 11147,15933,13997,13125,11078,15343
13032: 15021,11643,13250,14377,12532,12828
13033: 15617,16689,15309,12015,16648,11775
13034: 12937,14664,18976,14295,15881
13035: 15537,14897,14061,11600,11963,14977,17904
13036: 18880,15787,15077,13167,12783,12061,12348
13037: 18927,12614,12126,15582,13705,11881
13038: 14324,6620,13024,6619,6733,13672
13039: 5825,5826,13936,5939,5599,5712,5598
13040: 16355,14175,15675,13048,1948,18986
13041: 13546,12647,16619,13859,988,12000
13042: 16365,12045,14195,11718,15702,14456
13043: 20370,18762,20408,17509,19125
13044: 15203,11936,12163,12269,12772,11214,12580
13045: 7408,16784,7519,7630,16147,15875
13046: 12678,905,982,14469,13227,906
13047: 8175,8066,21199,13221,13754
13048: 1948,2043,13204,14175,13040,2139
13049: 20804,15406,12728,11739,12255
13050: 16842,12343,15440,13025,12076,551
13051: 14336,17861,15544,13062,12154,2535
13052: 11560,14293,12850,11605,12244
13053: 14798,3153,3260,14131,12481,15918,3367
13054: 13495,15701,15871,11651,18218,12166
13055: 15701,11688,11686,15532,15698
13056: 10271,15225,15332,10359,12591,12609
13057: 14749,14190,10770,10608,13119,10690
13058: 14349,11777,13112,12729,203,252
13059: 15341,12678,15179,905,904,828
13060: 12816,1853,15295,1946,2042,2041
13061: 12682,15919,6049,6162,13895,20661
13062: 12154,2637,13021,12113,15544,13051
13063: 13708,15239,8815,13429,20485
13064: 14378,15679,18860,12182,14177,14397
13065: 17884,14278,17961,16548,15834,16706
13066: 10092,10182,20415,12160,15391,12734
13067: 3912,17368,12274,3913,13115,16934
13068: 78,14027,16008,17190,11767
13069: 12847,13648,14269,19476,13660,17035
13070: 12020,19898,14328,14499,12937,17521
13071: 11996,12761,13100,908,17192,12759
13072: 8391,17428,16862,8496,8282,8390,18998
13073: 16366,1668,18199,1667,1759
13074: 11706,15700,16336,11707,16962,12660,11708
13075: 12941,12822,17167,14476,12791,6164,6051
13076: 16750,14187,16758,14484,5029
13077: 18942,12918,14524,12664,13543,13565
13078: 12887,51,15817,12231,14080,52
13079: 360,418,14197,12151,13247,419
13080: 8067,13229,7848,7957,15631,15048,17356
13081: 16577,14323,2435,17861,15319,12191
13082: 14043,15230,15661,11722,13464,11693,13023
13083: 17377,19079,19022,16790,19460,14753
13084: 6048,12998,6047,13766,6161
13085: 16481,16048,11838,14434,15016,15672
13086: 11710,11738,17169,16962,13415,11737
13087: 17368,12842,3804,3695,12872,20731
13088: 13124,471,17047,470,534
13089: 16303,13500,17356,8067,13844,15877,13628
13090: 15558,14046,9905,14210,12077,21190
13091: 13379,18209,14185,14435,17615,17180
13092: 12192,15852,16450,17924,13609,15302,18020
13093: 12902,611,610,679,680,13797
13094: 12037,11979,13793,13727,14379,12865
13095: 9426,9227,9228,14086,9327,9328
13096: 12947,15321,12121,15450,13171,13118
13097: 11895,13581,366,12142,367,309
13098: 13596,1150,1234,1233,12935,13235
13099: 11334,11271,11394,11903,14393,12212
13100: 11939,11996,13071,12761,12034,13272
13101: 12936,12103,18184,14209,13846,14447,12706
13102: 14387,20623,15762,19033,16604
13103: 12064,12965,14199,199,11975,17429
13104: 12902,544,611,545,12857,12296
13105: 13469,14625,14286,1318,1492,1404
13106: 11507,12100,14367,11556,18659,16786,15729
13107: 12825,12139,17192,11996,16353
13108: 5706,5479,5366,5707,14333,5593,16228
13109: 13122,8920,15578,16518,15483,14155,13535
13110: 14949,13516,109,107,108,13917
13111: 425,12677,13960,12885,12490
13112: 14349,13058,252,14402,15291,14287
13113: 12098,17102,48,15663,14160
13114: 540,12973,541,13804,476,477
13115: 4134,12731,16934,13067,12274
13116: 12047,1318,12763,1233,13596,1405
13117: 3048,2839,13143,15267,12944,2943
13118: 13171,19027,21321,15321,13096
13119: 10608,14306,10609,10691,10690,13057
13120: 11274,11209,12760,12721,13198,11140
13121: 10614,10695,15931,17394,10696,10615
13122: 15400,12932,8920,12114,13109,14155
13123: 15529,15782,15929,12168,17890,15831
13124: 471,13088,470,14530,411,14249,13022
13125: 11147,13031,15343,11148,20189
13126: 615,14299,614,12903,683,12153,14783
13127: 12903,681,612,683,12215,682
13128: 991,912,15221,992,16690,913,14711
13129: 8071,8070,7960,12727,20026,8178,8179
13130: 13256,17971,12459,16742,19255,15737
13131: 12543,5594,5707,14333,15747,5821
13132: 12134,12109,13162,13921,15685,3583
13133: 690,691,621,12621,622,14809
13134: 12949,4800,4799,13552,4912,4687
13135: 15408,1857,1952,13155,2047,2046
13136: 12164,11765,18538,12053,12803,50
13137: 12004,11141,12107,12035,11071,17059
13138: 15501,15556,11753,16235,12227,11754
13139: 10356,19298,19455,13001,14004,20278
13140: 12879,16781,12023,4133,14259
13141: 13964,11398,12044,17181,18025,14274
13142: 12256,200,248,249,17429,17431
13143: 12233,2839,13117,2943,18212,13761
13144: 14090,9906,15210,15316,14849,9812,12067
13145: 16166,18961,17252,20608,14116,17478
13146: 370,14213,12758,313,311,13973,312
13147: 10271,10181,14183,12048,12094,15459
13148: 13998,20298,15742,15995,10612
13149: 15414,12241,19052,12121,12947
13150: 16218,18571,12222,18539,18760,18559
13151: 18571,19820,18539,15506,20953,19274
13152: 17883,20147,18597,17678,20076,13406
13153: 123,12279,81,121,122,14066,167
13154: 18844,9024,8921,9023,15578,13535
13155: 15408,13135,1951,13542,1950,2046
13156: 14265,12653,15881,11679,20442,14664
13157: 9227,9327,16415,15813,14990
13158: 12068,13957,12019,14035,15662,1149,1067
13159: 17550,20131,21362,20680,20660,15752
13160: 20515,19207,20606,20650,18974
13161: 15434,16518,15483,13223,15496,15453
13162: 12134,13132,14455,3475,12109,12036,15733
13163: 421,12448,547,483,20497,19903
13164: 11069,11138,11207,11139,12905,12894
13165: 15665,15572,16832,12917,14365,17446
13166: 13436,12809,2946,20102,18621
13167: 13036,15787,1403,12783,11997,14566
13168: 14153,18301,2737,15174,14842,17877
13169: 13196,15763,11750,12219,14658,12125
13170: 13955,13862,5595,12488,5709
13171: 14440,19027,13118,15450,12108,13096
13172: 15213,12230,13645,15149,21253,12465
13173: 15596,4580,4693,4692,12469,14460
13174: 17059,16165,11142,12815,11072,16549
13175: 34,16791,12106,16193,13802,12204
13176: 28,29,16161,30,13694,16682
13177: 13979,17177,12853,3691,19279,12036
13178: 12099,1578,12876,17137,1668,18199
13179: 8500,14246,12735,8606,8607,13195
13180: 12923,16396,18926,18789,14438,16382
13181: 16356,12187,1855,15454,12070,16407
13182: 6734,12506,6507,14324,6620,6621
13183: 13732,13619,3366,13693,14662,16971
13184: 13653,989,911,12124,12000
13185: 11966,13295,1314,12024,12118,1400
13186: 13203,14386,9020,17053,12993,8813
13187: 19779,12084,19136,14206,16701,12898
13188: 17814,15083,12928,15373,10925,12058
13189: 10443,14538,12111,16792,15186,14683,12958
13190: 28,29,15707,5,13875,15540
13191: 15025,18883,123,83,12279,84
13192: 15470,11955,12804,12122,12535,12054
13193: 11206,15357,12550,14137,11271,11272
13194: 14439,20348,14427,2636,20105,17900
13195: 13179,8500,14246,8499,14138,12171
13196: 15763,13169,11748,17337,12125,15756
13197: 10610,15571,10611,12765,12502,10526
13198: 21076,18008,11140,12886,13120,11209
13199: 19725,17440,21454,21286,19035,19161,18492
13200: 15830,14451,160,12117,16022,117
13201: 17756,623,624,693,692,13271
13202: 11725,11746,13023,16728,12922,16883
13203: 9122,13186,9123,9020,17053,16529
13204: 2334,2235,14175,13048,2139,13803,2236
13205: 12154,19060,18100,13656,15466,2637,2536
13206: 7293,13734,15823,15882,7406,7405
13207: 18557,12197,15774,12096,619,15867
13208: 17846,14900,18558,20384,20231,20570
13209: 110,12150,21185,151,12533
13210: 1856,15178,12129,12953,12103,14209
13211: 17890,16650,12265,15138,15831
13212: 15609,63,13570,64,13878,13027
13213: 6732,13255,6733,15350,15812,6845
13214: 13579,7067,13787,12976,15823,20071
13215: 13633,15074,4918,12157,4805,4806
13216: 11687,11651,11650,11610,11652,13767
13217: 18272,14751,16278,16879,19051
13218: 17278,14463,9022,17095,15694,18130
13219: 13803,2433,15355,2334,13649,15687,13394
13220: 16525,20446,73,20459,12779,14354
13221: 16906,8174,13754,12867,8175,13047
13222: 11509,13452,12141,12244,13428,11510,17256
13223: 15434,12199,16518,13161,16663,12612
13224: 12979,18771,15597,15182,12155
13225: 15885,9715,12196,14227,14392,18832
13226: 14483,14844,14610,20927,20325,16802
13227: 12812,906,13046,14469,984,983
13228: 11718,12105,11720,15532,11689,15698,14139
13229: 11986,7848,7957,13080,12056,16095
13230: 19521,20392,13382,18964,14679,16505
13231: 18479,16144,13450,20132,15899,19631
13232: 14315,17318,15161,15424,17907,14094
13233: 20052,14536,14512,14839,18278,19504
13234: 16802,13511,21027,14483,18540,15153
13235: 12935,12496,13621,12769,1150,13098
13236: 15266,13644,12575,17260,15730,15308
13237: 14369,12613,11987,12771,19538,10610
13238: 2842,2843,2739,19060,13656,2740,17404
13239: 15865,16879,15863,18778,18398,15904
13240: 19320,19294,17718,19084,17489
13241: 16846,21333,16216,18494,18631
13242: 11839,15352,11924,16873,15305
13243: 76,15949,17203,18982,20375,20047
13244: 14909,18907,16894,15810,19663,18446
13245: 18317,16648,15720,18396,14834,205,16452
13246: 16256,17516,18518,18547,17507,14502
13247: 420,481,12986,419,13079,12151
13248: 17463,20300,19403,19280,19994
13249: 14679,13927,4578,16505,17457,11947
13250: 15537,15021,11643,14061,13032,13827
13251: 20821,19640,13301,20242,16710
13252: 6048,12860,5821,5934,6047,15747
13253: 15389,12573,15078,15114,17734,17811,17816
13254: 12941,17167,6278,12183,6165,14886
13255: 13213,15350,15812,18920,12854
13256: 11559,17971,13130,11558,15737,11943,11991
13257: 15672,11961,12085,14077,12119,16048
13258: 1068,12496,11806,12123,13859,12124,988
13259: 15310,20399,16210,17240,19904
13260: 17612,14584,14826,16478,17999,19740
13261: 20474,17182,21120,17350,14638,13489
13262: 16926,18314,13810,17409,17178,15323
13263: 15446,16340,16872,14611,16236,17123,12584
13264: 14561,18207,18598,18939,14598,18422
13265: 15041,17261,12674,16501,17336,17712
13266: 14737,21472,21268,18662,16064,14653,16167
13267: 12354,17054,18709,14535,18230,13505
13268: 19586,20675,20086,15921,20038,17936
13269: 18977,15789,14448,12970,12133
13270: 13377,12322,486,14591,15485,12519
13271: 693,694,624,13201,13784,625
13272: 11996,12034,13100,16353,12745,1065,1064
13273: 20405,18174,20205,16029,20019,19545
13274: 13907,10775,10696,16285,10852
13275: 11705,13396,15700,11735,15886,13753
13276: 19280,17613,14492,19520,15982
13277: 19511,21442,21014,21117,19469,12361
13278: 13335,14851,15277,14544,16646
13279: 16500,21453,13437,14632,16521
13280: 18583,15042,20523,16571,20477
13281: 1148,13312,15887,18461,17158,17221
13282: 16795,17742,18892,16416,13615
13283: 19405,18772,17594,19617,20472,18741
13284: 20277,20564,14594,18792,16036,13350,17110
13285: 14986,18971,12001,15654,15148,15942
13286: 20275,19141,19986,14640,20768,17479
13287: 14441,18320,15778,17131,8392
13288: 11335,14924,15335,11336,15811,11395
13289: 14510,20167,17590,16479,17682,20087
13290: 17520,14718,17029,21427,11827
13291: 13612,16984,11682,13420,15533,20162
13292: 2237,16356,12187,15032,12211,15380,16420
13293: 15865,18352,12208,19051,19952,16453
13294: 21049,12851,15521,14663,18565,20530
13295: 11966,13185,12024,1315,1401,14247
13296: 12492,16766,18998,14341,20555,12210
13297: 18175,12629,12549,16070,4466
13298: 13834,17090,17173,18569,18646,14818
13299: 14688,16852,17244,18716,20683,16731
13300: 11644,17151,17089,16825,14641,14562
13301: 16259,20344,20242,19640,21284,13251
13302: 12116,17903,19665,14307,18412,20720
13303: 253,17362,14081,13456,19734
13304: 18526,19014,11804,17069,18968,19928,13422,15530
13305: 14720,19478,19153,20544,13887,15232
13306: 18847,16752,17962,758,12625,16025
13307: 18743,15417,19523,14168,19494
13308: 18470,19706,15670,20128,17654,14730
13309: 5141,14208,21239,13852,15262,17174
13310: 14032,17331,11715,13941,13961,16714
13311: 13576,18305,15222,16237,16443,18727,17647
13312: 1148,15887,13281,11933,17343,19786
13313: 13735,15227,15100,18175,12629,16995
13314: 17447,552,17207,13805,619,14203
13315: 16030,17989,18775,18262,20573,19875
13316: 18759,17344,16543,13410,18695,16970
13317: 11799,15173,13433,18794,11792,17320
13318: 17838,17683,19550,19509,19156,20803
13319: 17789,18071,17815,19678,17766,20103
13320: 12332,21049,17928,13635,17354,15724,15753
13321: 13877,15972,14502,15248,18510,17516
13322: 16638,15953,20788,17513,19417
13323: 13762,17124,16512,20124,15093,19989
13324: 16031,18566,12398,13730,17726,18820
13325: 17697,17695,19386,16612,19642
13326: 18813,16317,11797,15304,21182
13327: 7628,18972,16046,18176,15475,18661
13328: 14687,17482,15801,10694,15313,16973
13329: 19755,16545,20029,14549,20274
13330: 19257,17554,12464,19735,19869
13331: 15692,18709,13346,18688,16390,18932
13332: 17555,21412,20903,20842,20892,21318
13333: 19552,15964,20057,17809,11797,17855
13334: 13475,17997,19999,13509,17545
13335: 17173,15277,13278,11454,16646,20256
13336: 14312,12709,15764,16672,12439,12315
13337: 14975,16691,14748,17083,15169,20263
13338: 13916,14942,15978,15542,17471,18195
13339: 18185,15709,16068,15393,17405,11864,15809
13340: 19169,19160,19379,20839,20855,20779
13341: 19788,18796,16150,17952,17785,20207
13342: 15111,17921,16738,20772,17264,17912
13343: 12090,16444,19931,19706,14770,15670
13344: 13799,11868,13605,12401,15230,11744
13345: 14935,19884,17837,17635,19632,14525
13346: 17662,12354,13331,18709,18688,16346
13347: 18766,15361,20770,12846,18877,12347
13348: 17590,18009,20091,19578,20092
13349: 14672,11684,11716,17917,17403,16318
13350: 17144,14623,17110,13284,16585,20044
13351: 15664,12209,14853,20223,12149,9021,14898
13352: 14951,16806,16952,16019,13558
13353: 17226,16715,18245,16930,13953,18834
13354: 20816,13557,14793,17028,20693,21343
13355: 16377,17044,17452,17895,11870
13356: 20494,19813,11957,19063,19827
13357: 14772,13877,16821,15972,14764,20291
13358: 20590,16688,16254,17647,16237,11714
13359: 18519,18083,16499,21187,15082,14631
13360: 21238,19479,18255,20218,15977,13714
13361: 17772,11555,12455,11857,14470,13532
13362: 18792,20595,14528,14615,16036,19944
13363: 14205,18138,12011,15322,14196
13364: 20578,13530,20626,17317,18673,16187
13365: 14170,10848,12827,13836,10770
13366: 14555,19365,12640,17088,14822,19321
13367: 14914,14562,18608,19070,18763
13368: 15431,19082,19630,11743,16606,19503
13369: 17490,19887,17391,19857,12356,18054
13370: 12756,18310,16286,16957,20262,15293
13371: 20678,14754,18507,18654,16982,14767,19569
13372: 18240,14007,16975,13677,16805,18579
13373: 14690,17905,13458,17667,19708,20028
13374: 18954,17910,14706,15344,20937
13375: 17324,12104,10771,13712,12991,10693,17112
13376: 17278,14463,14906,16517,16680,14042
13377: 423,12322,12289,13270,486,20423
13378: 13442,12917,12434,12527,15572,13575
13379: 14856,18209,14435,15757,13091,16115
13380: 14708,16754,14105,16,13461,11882
13381: 17597,19561,17948,20166,19048,16182
13382: 13230,19521,13503,14936,18964,15170
13383: 16134,20083,18700,21467,14698
13384: 19256,13809,17297,15242,16239,19984
13385: 19206,18933,20513,20475,20059,14669
13386: 15248,17061,18484,18989,11784,20144
13387: 18231,16345,18145,19722,18299,19950
13388: 8495,13389,12699,8602,8496,13765
13389: 8495,8601,13388,8707,12699,8708,8602
13390: 1758,1851,1852,13663,1759,1760
13391: 5481,12330,18568,12217,12172,5367,13589
13392: 12718,15584,14663,11851,13662,18246
13393: 6388,6160,6387,6501,6274,6275
13394: 2533,15687,2633,13649,13706,15604,13219
13395: 14643,19399,20735,19281,21038
13396: 11705,11734,13275,11733,13753
13397: 18269,14951,4021,16579,18983,20177
13398: 6052,13936,5938,12200,13015
13399: 20476,18520,17609,18469,16215,20607
13400: 14608,18790,18384,20502,14616
13401: 17978,14756,17111,19939,6391,20456
13402: 15283,11879,16184,12667,15393,15809
13403: 19289,15996,17594,19440,19617,17718
13404: 18047,20148,19801,16080,19577,20207
13405: 12458,18696,15421,16413,18379,14961
13406: 17596,14489,20076,18597,16099,13152
13407: 17373,17103,14830,19073,15171,18896
13408: 19677,12027,14445,14140,12268,4464,12147
13409: 20232,14508,17772,17904,11555,15780
13410: 15732,14715,16843,16543,13316,17344,12830
13411: 19450,21212,19348,20996,20968,18093
13412: 19848,19673,18911,14578,11826,16017
13413: 11967,13872,13520,14994,18978,18274,15381
13414: 11501,13736,21077,11500,14228,20557
13415: 13893,14858,11737,12255,13086,17169
13416: 14776,15688,13847,19111,11934,19906
13417: 18642,20322,15965,20095,14697,18811
13418: 15333,14018,12384,15289,17303,3262,20467
13419: 17710,19349,21203,20981
13420: 16284,11682,11683,13612,17933,13291
13421: 11858,13485,17321,12315,15677,15969
13422: 18968,17547,15126,13304,17069
13423: 13486,11879,16556,15548,13967,12446
13424: 14702,16818,17910,15704,21155
13425: 12323,15678,15676,12072,17038,15459
13426: 13006,3581,13020,14455,3475
13427: 18092,15858,18304,15598,12856
13428: 12839,15036,11510,20200,11509,13222
13429: 15430,13063,20252,8815,20485,15554,15504,18381
13430: 14239,15932,11655,11692,11691,12375
13431: 1856,2045,12129,14471,15151,14134
13432: 9025,13882,13502,19112,13850,9126
13433: 13317,11799,18157,14692,17320,19044
13434: 16978,11834,20730,17341,15369,17265
13435: 13522,12511,12685,12207,12225,7959
13436: 2842,16819,12809,13166,2946,18951
13437: 18700,16506,21453,13279,21467,14632,17078
13438: 18314,13810,14794,13826,16275,19018
13439: 15624,11881,15366,17848,17577,12126
13440: 14752,14780,16593,18809,17284,16599
13441: 14740,16067,21062,17592,19509
13442: 7739,12434,13378,13475,20511,12527
13443: 15655,16847,14776,14675,16111,15688
13444: 8284,16140,15600,17096,20482,14781,20396
13445: 13905,17147,15096,14005,16026,13781
13446: 19788,20228,17952,18440,14595,18375,20646
13447: 688,11798,13771,11802,17336,14311
13448: 12420,18580,15105,15146,18325,17266
13449: 8712,12984,8921,9023,13502,9025,14129
13450: 20870,16144,13231,18772,20192,19631
13451: 13505,15441,16263,15721,20416,17054
13452: 11509,13815,13222,12141,14128,16458
13453: 12156,12105,12178,12278,11720,14124
13454: 16195,15055,13661,12346,17351,16406
13455: 14730,15145,15376,13831,8605,16444
13456: 14719,19734,14668,13303,14081,15464
13457: 16129,19422,21036,19340,21022
13458: 17905,13373,17783,17980,20028,17519
13459: 15289,18084,3155,16234,14771,15312
13460: 12143,13858,13516,107,71,14411
13461: 15192,14105,15712,13380,16754,18841
13462: 15846,10927,16446,13594,17024,16555
13463: 14833,17993,13631,15301,14244,15383
13464: 12401,14124,14043,15230,13082,11721
13465: 13962,18814,15633,15419,14513
13466: 17436,18411,18232,14642,14867,20816,17028
13467: 15894,15477,20027,17921,17912,14802
13468: 14163,18369,15193,20388,15170,12565
13469: 1583,18550,14625,13105,14286
13470: 18823,16059,12616,18604,14989,18717
13471: 20094,16864,19474,17990,17582,19748
13472: 17823,13783,14396,18392,14288,13950,15307
13473: 14296,12039,12609,14083,12251,15491
13474: 20961,20760,20696,21214,19508
13475: 20511,19999,13334,13442,7739
13476: 18010,14777,18264,15831,15138,13545
13477: 20687,17425,17685,15647,17432,14844
13478: 17266,16562,15105,18200,18500,15452
13479: 1314,12024,1229,12992,15327,1315
13480: 20184,16923,19068,18169,14695,20233
13481: 14031,17056,13785,12295,18317,15726,20781
13482: 11812,17014,13896,17822,15691,12858
13483: 5596,11840,11836,15570,16137,16418
13484: 12010,15810,17294,14219,16434,16894
13485: 14965,11858,12581,14840,13421,17321
13486: 13423,12517,16556,11866,16824,12446
13487: 16600,15955,12186,12240,12954,15603
13488: 12423,20226,18809,15531,14780,20316
13489: 18434,13711,14638,17182,13261
13490: 15255,18065,17950,13491,19605,12457
13491: 18958,18408,12457,18903,17950,13490
13492: 16081,20134,19216,18244,19960,17686
13493: 13703,17587,15272,14767,20043,16558
13494: 16931,11934,13825,5029,11829,18457
13495: 13592,13054,18218,11685,19502,12166
13496: 16990,17312,157,18726,15479,13824
13497: 15888,12032,304,14337,12086,305
13498: 2843,2946,18951,2947,2844,13816
13499: 15492,12386,18624,13752,15790
13500: 16303,20141,15048,17356,19384,13089
13501: 16740,21070,14979,20530,14937,21460,20352
13502: 13449,9023,19112,13432,9025
13503: 15876,19521,14627,13382,14936,12359
13504: 13803,2236,12260,15355,2044,16435
13505: 15441,13451,14784,13267,17054,14535
13506: 12406,18734,18228,16488,14920,18281
13507: 46,16956,14579,17000,14243
13508: 15625,13550,12404,11889,18952,13902
13509: 17997,14753,19999,13334,15573
13510: 15092,11505,20737,15525,20407,19438
13511: 13234,16802,17389,16872,21027
13512: 18295,17680,17591,20250,13584,16371
13513: 18449,18211,16462,21083,16418,11836
13514: 12057,2043,20591,15754,2139
13515: 15829,13687,15667,15766,15676,12444
13516: 13460,14949,12143,13110,13879,107
13517: 10000,13911,10001,13884,14200,10092,10093
13518: 18215,16121,15706,15157,11958,14836
13519: 12399,17300,12708,20658,11878
13520: 18158,18097,14994,15381,13413
13521: 18436,13657,12487,20252,15554,20877
13522: 13534,17763,12511,15199,13435,15874,12207
13523: 14965,12581,16594,11603,16069,19789,11862
13524: 38,12664,19227,16334,13543,16204
13525: 18219,6845,15802,12968,15812
13526: 19249,18991,20600,19147,14585,16100
13527: 14853,12236,12575,9022,17095,18524,17348
13528: 9716,14849,9812,14334,16222,16480
13529: 13838,18294,15436,15377,18252,18879
13530: 20626,17317,13364,16187,15744,16280,17992
13531: 18693,16205,21367,17803,19423,19668
13532: 15233,14470,20737,20407,14943,13361,17772
13533: 11398,11399,19525,12161,11971
13534: 17763,13522,12207,12527,13575,14178
13535: 12272,15453,13109,15578,15483,9024,13154
13536: 21222,16227,17934,20512,14983
13537: 14889,18753,15252,18957,19133,18666
13538: 827,754,14146,826,753,752
13539: 15298,17072,13866,11603,20279,16667
13540: 18690,14630,16985,18980,16581,15428
13541: 19442,20597,20153,17833,20534
13542: 16989,1950,2239,13155,2142,2046
13543: 12664,15770,13524,12918,13077
13544: 12433,12428,17204,12019,15662
13545: 19916,14092,15158,15138,13476,18010
13546: 13041,12647,760,835,12065,16619
13547: 18177,14787,19810,16457,13617
13548: 12131,19344,12450,10180,15896,13984
13549: 15441,16263,15167,12396,15286,15541
13550: 15625,14946,12571,13508,12404
13551: 17406,16787,18757,15090,16234
13552: 13134,4800,14884,14599,5025,4912
13553: 5485,5371,5258,12787,5712,12165
13554: 1148,16230,19378,12433,17504,13697
13555: 17363,15565,16114,13700,17292,12524,19039
13556: 17301,17302,14720,19478,19905,21445
13557: 18768,14596,14793,13354,17028,11848
13558: 15152,15598,16019,14613,16553,13352,16952
13559: 16312,17374,18444,14842,18655,16951
13560: 16373,18837,11867,19534,12556,15241
13561: 19236,13893,14858,12551,11869,18556
13562: 14215,17293,11843,16165,11142
13563: 18761,16519,16020,18334,16199,20857,17817
13564: 19083,20791,17397,20841,21164
13565: 12664,18942,13077,15716,18504,12925
13566: 12624,11757,15211,13716,18812,11760,17219
13567: 18579,12382,15334,18081,16194,14007
13568: 2942,2943,3046,14280,3047,12944
13569: 15020,12747,14870,11890,15667,15766
13570: 64,13212,13027,65,13910,17870
13571: 755,15179,828,14366,754
13572: 12855,14464,5711,12074,12165,12602
13573: 12692,13854,18310,11930,14495,14045
13574: 14607,12566,15862,11964,12572,6504
13575: 12324,15572,14178,13378,12527,13534
13576: 13311,20109,14321,11937,18305,15222
13577: 18945,19032,14900,20384,14477,15922
13578: 67,13910,17870,16720,36,66
13579: 7067,13214,7292,7180,13733,20071
13580: 3911,16868,12461,12009,13019,18397,12738
13581: 366,367,13097,428,368,427
13582: 12870,11990,18984,11556,12459,11910
13583: 16814,12158,12883,11647,12413,11648
13584: 20250,550,21469,13512,19669,17591
13585: 15136,19490,20713,15838,15741
13586: 18554,17497,14805,20158,12495,14339
13587: 12400,13925,12198,13817,14861,18320
13588: 19521,14627,20392,16920,12452,16557
13589: 5367,5482,13920,5481,13391
13590: 16312,14823,16826,17374,12537
13591: 9717,13807,9621,9525,9622,9718
13592: 13495,18218,11685,17194,15026
13593: 14807,416,476,14431,477
13594: 15229,18585,19456,17024,13980,13462,10927
13595: 16991,12564,13994,15480,19817,15472
13596: 1234,1405,13098,16660,13116,1233
13597: 20279,16667,11860,15739,16742,19255
13598: 19331,17334,12561,11755,11753,16001
13599: 17764,19040,20401,18594,11822,16657
13600: 6505,12756,12835,15541,14497
13601: 15492,13752,12483,12586,16998,12582
13602: 484,16772,19761,11790,16496,15486,549
13603: 12835,11776,11911,12525,6164
13604: 12428,17204,13870,14242,12545,16722
13605: 13799,13840,16264,13344,11744,12569
13606: 16542,16574,16997,20546,21487,18354
13607: 16463,19396,115,21160,19206,19017,18933
13608: 19187,20819,14521,17888,19466,21305
13609: 17776,15302,9620,13092,18409,17924
13610: 2436,2536,14221,18100,18114,13641
13611: 12345,15382,16760,12587,15336,13770
13612: 17933,16135,16984,12526,13291,13420
13613: 20751,19471,20329,16658,19923
13614: 11005,11076,17657,11075,15699,12203
13615: 20817,16795,13282,5369,15075
13616: 12800,15099,12282,11606,13976,16785
13617: 16457,19230,19295,18189,13547
13618: 19697,20750,17963,21243,19428,19749
13619: 3582,13732,13183,14662,3909,3690,3799
13620: 13026,15596,4468,14727,15795,4356
13621: 1068,12496,13235,1150,14008,1069
13622: 18179,19592,20120,18060,21455
13623: 18615,19841,16586,16395,19129
13624: 20122,12516,19463,14931,20579
13625: 16325,18761,20490,18852,21470,16741
13626: 11728,11727,16357,15508,16578,11751
13627: 15613,12070,2044,15390,15754,16435
13628: 12085,15877,8067,15588,12421,13089
13629: 17421,15673,2336,16171,13641
13630: 17161,18623,17894,2945,15344,12029
13631: 15249,15301,13463,14244,12829,11832
13632: 27,26,15707,12908,56,15337
13633: 4805,14460,4806,13215,4694,4693
13634: 15848,14148,17505,15307,21434,17128
13635: 12332,11275,13320,14219,15724,12351
13636: 17579,17215,18480,17850,15330,17005
13637: 15193,12565,17723,5141,18923,17174
13638: 13839,21159,18297,20182,16907,20448
13639: 156,18922,12256,200,15513,12030
13640: 12185,15697,12522,15010,5371,5258
13641: 16171,18114,17421,13629,18100,13610
13642: 12179,12299,14353,20616,12701,13780
13643: 16746,12891,11604,12702,11943,11991
13644: 13236,17260,15308,18067,9424,12497
13645: 12230,13172,17289,15683,15236,21253
13646: 12933,12942,155,12965,16887,18085
13647: 14885,12302,17967,17347,11974,15761
13648: 13069,19476,15109,15396,17035,14896
13649: 2334,2333,15604,13219,13394
13650: 10086,9994,10087,10178,14423,9901,13745
13651: 14931,9225,17348,15266,16333
13652: 14907,16946,16601,17020,16986,18945
13653: 989,911,13184,14207,990,1070
13654: 18346,16037,21010,20431,14546,15991
13655: 15862,11964,16516,12016,12482,11912
13656: 19060,13205,13238,13937,2536,2740
13657: 13521,11838,18436,15814,12487,19804
13658: 17032,12509,14953,11820,15038,18947
13659: 17732,15232,12703,17142,19153
13660: 15490,14085,18914,17035,17940,13069,12847
13661: 13454,16195,15055,15171,18896,15417
13662: 11851,11983,12595,18113,18246,13392
13663: 1667,1666,1759,14270,13390,1758
13664: 15856,15314,11775,11904,15617,15317
13665: 14608,18790,15526,12403,19940,20489
13666: 19134,17982,17236,15135,16438,17314
13667: 12042,12273,10852,12190,13907
13668: 19259,17382,16831,19106,14818,17090
13669: 14012,19013,12355,14225,12768,15599
13670: 18512,13820,15864,11397,15477,13874
13671: 21261,20078
13672: 6845,7070,17506,6733,13038,13024
13673: 909,17369,20707,16573,16773,16985
13674: 14650,11711,17108,11709,11710,11674
13675: 17097,16414,18030,14988,18473
13676: 11776,11911,14535,14784,18975
13677: 18797,16805,13372,18579,19607,15069
13678: 15020,12776,12160,10091,12752,15391
13679: 14181,13737,9123,9021,13773,12209
13680: 19954,17891,19833,21392,19553
13681: 10447,10532,10448,10446,10361,10362
13682: 20069,17712,17209,15175,12674,15047
13683: 834,15689,16164,759,14680
13684: 2240,2142,13944,2239,2337,2338
13685: 15885,19610,12167,14665,14390
13686: 2534,19052,12121,18376,12233,14941
13687: 13515,15829,10090,19888,15681,12444
13688: 14033,14223,18803,18414,12618
13689: 20355,12460,14016,13988,13739,15409
13690: 18555,759,20180,20997,15129,18828
13691: 18823,16546,17,16699,15022,18552,20438
13692: 18270,16308,1670,17935,19120,16788
13693: 3365,16971,3259,13987,3366,13183
13694: 16161,13176,6,16682,15236,7
13695: 15025,123,15007,15362,14066,124
13696: 1236,1151,14008,1069,989,1152
13697: 13957,15662,13554,14097,15649,19378,12433
13698: 19874,18608,18876,20369,17729,20326
13699: 2533,15687,2434,16326,2433,19039
13700: 17363,13555,12287,17292,13701,12241
13701: 2534,12241,19052,16326,13700,17292
13702: 15389,15633,17458,15078,4354,15628,12805
13703: 17587,16580,13493,20363,18286,16558
13704: 14869,17129,12310,15024,16203,20538,16603
13705: 15634,16871,11881,12614,13037,14189
13706: 15604,15851,2532,13394,2633,13999
13707: 18725,18109,20271,20567,16498,18764
13708: 13063,15240,15239,8815,15694,16051,18130
13709: 16466,20686,14876,17863,17126,18669,20753
13710: 14103,15205,13837,15000,12267,11749
13711: 18434,13933,13489,15740,18251,17182
13712: 12104,13375,10771,14927,10849,12827
13713: 15869,13956,12169,15618,12009,12628
13714: 20561,20643,13360,21238,20218
13715: 16628,12623,16012,15434,12612
13716: 21420,12498,15445,17775,18812,13566,17219
13717: 18354,16685,21198,19843,19657,16302
13718: 15044,16745,16422,21122,21094,15502
13719: 17184,19012,17474,15033,16540,19026
13720: 14114,15276,15184,18735,17860,18259
13721: 20154,18682,18103,15040,16440,18886
13722: 11817,17189,14624,16213,19685,18997
13723: 14919,16827,20648,12644,20174,19626
13724: 20257,15722,13831,8605,15643
13725: 14916,14060,8608,8501,8607,8713
13726: 12402,15861,15645,18251,15165,11872,16027
13727: 12308,11946,14379,13094,13793,19930
13728: 16795,17520,14718,13901,18892,15094
13729: 16844,15064,16933,15793,18858,20608,14116
13730: 17726,18575,20539,13324,18820,16624,16659
13731: 12887,14056,16911,12757,86,14030
13732: 3581,3582,3473,13619,3366,13183
13733: 14096,7404,7292,13579,7293,11965,20071
13734: 7293,15882,13206,11965,12560,7626
13735: 15227,15784,18175,13313,17008,17827
13736: 11501,12276,11447,13414,11446,11500
13737: 9224,14181,13679,13823,9325,13773
13738: 16978,16755,16052,12470,11834,14011
13739: 12620,13988,19659,13689,15555,15409
13740: 15598,14613,19411,18304,17179,20289
13741: 15853,11929,19542,11790,16496
13742: 11863,12412,11642,14371,14133,12532
13743: 17903,19665,20387,15654,15942
13744: 18208,11950,16484,15070,16837,18616
13745: 13650,10087,9901,9995,14414,14112
13746: 15738,13977,19974,18729,17400
13747: 15517,15605,15247,12049,15131,14063,1669
13748: 17113,12029,20835,14313,16468,14121
13749: 15282,12526,17388,16110,21481,12514
13750: 20312,16614,18188,18561,20524,18275
13751: 13980,10927,20628,15334,16194
13752: 15492,18168,18624,13499,13601,12586
13753: 14266,15886,11733,11756,12092,13396,13275
13754: 7956,8174,13221,13811,12782,13047,21199
13755: 2333,16447,13966,2332,2432,2431
13756: 11883,3261,3368,15755,14084,13899,18829
13757: 15112,16774,20840,17545,17997
13758: 15034,18453,19892,15033,16891,15467
13759: 12432,18382,20088,16300,21189
13760: 17579,15777,18204,17005,11992,15110
13761: 2942,2943,2838,18212,14750,2736,13143
13762: 19575,13323,20677,17124,15124,19989
13763: 18235,15058,15191,16127,18636,20912
13764: 16122,60,61,30,59,15035,13796
13765: 8496,8282,16351,8495,13388,8389
13766: 6047,6046,13890,6160,6274,13084,6161
13767: 11690,12082,13216,11687,15911,11652
13768: 11955,7068,12080,12976,7406,12652
13769: 20212,14142,17122,17424,12978,18818
13770: 15403,15336,11907,16760,13611,15276
13771: 688,13447,14252,11802,15029,14835
13772: 17098,12021,19192,12766,44,19087
13773: 15664,12209,12497,13679,13737,9325
13774: 14040,11277,12360,13874,20155
13775: 14719,19734,14062,12544,16990,16618
13776: 20309,18429,20642,18208,16484,20214
13777: 15116,19882,20381,16552,18224,21498,19933,16207
13778: 19033,20258,14143,17021,16604,18478
13779: 18809,12337,15531,17284,17761,16383
13780: 11872,17237,12499,15861,20616,12299,13642
13781: 20581,12584,15446,14005,13445,15096
13782: 16360,12687,14073,14039,17215
13783: 18269,17823,16806,13472,11873,14396
13784: 557,13974,556,624,13271,625,626
13785: 17056,19917,12539,18521,13481,12295
13786: 19182,15015,17250,18815,15570,16265
13787: 6955,7067,14156,12080,13214,12189,12976,12535
13788: 12004,12107,18008,12894,17327,13880
13789: 14051,12193,20924,12180,14093
13790: 15659,18144,14565,10772,12485
13791: 13943,17262,15302,18020,12559,16012
13792: 18754,15123,17033,11760,15258,15211
13793: 4579,13094,11979,13727,12675,19930
13794: 16935,15706,15157,20514,20595,15268
13795: 18781,18711,12700,20249,17498,15237
13796: 19001,13842,30,16682,16122,13764
13797: 681,612,13093,611,680,14146
13798: 984,985,1062,1063,12139
13799: 15405,16264,16115,11868,13605,13344
13800: 9326,15496,17155,9425,13806,17262
13801: 9423,13823,13965,16370,15580,9619
13802: 12106,13175,19916,12204,15386,18010
13803: 2236,13504,13219,15355,2334,13204
13804: 608,540,607,13114,12973,14956
13805: 12096,12245,619,17447,620,13314
13806: 15684,13943,17262,15813,9326,13800
13807: 14506,13591,9525,9622,14404,13835
13808: 18426,14038,18870,11946,17196,14379
13809: 19256,18746,13384,16748,19947,15242
13810: 16926,18314,13438,13826,13262,19527
13811: 14297,7846,7956,13754,12782,7847
13812: 11453,11852,17353,11854,15620,16369
13813: 16917,16854,16467,16219,12732,14118
13814: 15403,17461,17070,6731,7181,7069
13815: 11509,12136,13452,16458,12100,15729
13816: 2844,2948,13498,2947,3053
13817: 12400,12198,8499,13587,17437,17972,12475
13818: 12672,17383,15615,20285,20639,12794
13819: 16906,8174,8065,14049,17448,8283
13820: 14184,13670,15864,13874,12671,11902
13821: 19426,18970,14558,15300,11951,18560
13822: 18500,15792,16172,16031,15452,18566
13823: 9224,9423,13737,9325,13965,13801
13824: 15297,14062,18726,16990,13496,15638
13825: 14484,16931,13494,16070,5029,19119
13826: 13810,13438,19527,21228,16275,20334
13827: 15537,15021,13250,11552,11600,12097,12101
13828: 12566,17270,15274,11964,16516,12054
13829: 14623,15311,17051,20323,17199
13830: 18108,12055,15842,12684,15983,12078
13831: 17162,15376,15722,13455,8605,13724
13832: 16617,19736,19826,16697,17620
13833: 18590,12969,21149,12685,14222,13948,8069
13834: 17644,17090,17173,13298,15277,20419
13835: 14182,9524,9427,14404,13807,9525
13836: 10769,14170,13365,10770,10847,14190,10689
13837: 14103,13710,15807,11751,18037,15000
13838: 18302,15271,18294,616,13529,18252
13839: 18072,19686,13638,14966,21159,18297
13840: 11887,16264,13605,14009,17899,12569
13841: 10924,12370,10923,15328,10998,12175
13842: 19001,13796,10,13906,16122,31
13843: 16197,20362,20458,17911,16550,18893
13844: 12868,15051,15877,16303,13089
13845: 15315,1404,1493,1319,16660
13846: 13101,15985,14447,12706,1580,12673
13847: 14776,13416,18628,16931,11934
13848: 11706,11705,13867,16336,15767,11670
13849: 18928,18357,17140,12483,18197,15353
13850: 12272,9125,9226,19112,13432,9126
13851: 16253,17116,16668,16761,18234,19042
13852: 16855,5368,13920,15262,14208,13309
13853: 423,12289,364,11786,14963,16364,12593
13854: 18968,12692,15847,15530,13573,14045
13855: 14157,13998,18045,15742,14011,16983,17872
13856: 38,19227,14055,12633,16389,14132
13857: 15760,12405,14579,15663,17000,12098
13858: 13460,107,14411,106,146,147
13859: 14859,12123,13258,13041,16619,988
13860: 20244,18205,16167,19815,12700,20249
13861: 15534,11884,12346,17351,18325,1147
13862: 13170,5595,12488,11988,5936,12910
13863: 12137,12250,14863,15269,163,119
13864: 10180,15896,15912,16856,17532,14006
13865: 14588,12724,14224,12715,18184,17286
13866: 17072,12316,16667,13539,17454,11646
13867: 11705,13848,11734,15767,11704,11668
13868: 15639,13872,15650,1491,11816,18648
13869: 18550,1582,1673,16471,15930,1765
13870: 13604,17204,15536,21246,17198,18681,16722
13871: 16989,1950,15855,12275,15595,2045
13872: 15639,11967,1491,13868,13413,17233,18274
13873: 15008,16346,16174,17662,11833,12372
13874: 11397,12360,13774,11902,20155,13820,13670
13875: 16404,56,15707,13190,57,15540
13876: 12210,8497,14149,12170,17851,17428
13877: 13321,16821,15972,13357,20144,255,15248
13878: 12,16193,33,13027,15609,13212
13879: 14949,12143,13516,13975,72,12914
13880: 17280,12266,11207,13788,12894,17327
13881: 14192,1313,1398,1399,1486,1485
13882: 13432,9025,9127,14147,14086,9126
13883: 11795,17063,19835,20725,15167,20341
13884: 13517,10001,10093,10002,10094
13885: 20069,11898,15303,12540,17209,16011
13886: 11919,16602,14119,12554,12293
13887: 17212,11791,20544,15416,19077,13305,15232
13888: 16273,12510,12206,10613,10614,12017
13889: 1764,1858,1672,1673,14172,1765
13890: 6159,5932,6046,6045,13766,6160
13891: 12896,12317,18516,20417,15439,17546
13892: 476,475,539,14298,14807
13893: 13561,13415,14858,11869,12255,11739
13894: 20373,12600,15084,16822,15799,15850
13895: 15275,20661,6163,13002,16258,15919,13061
13896: 11812,12368,16306,13482,17822,1231
13897: 14165,19840,17080,11810,12743,14365,20875
13898: 17843,18780,17271,19758,20630
13899: 15755,15312,12520,15031,14084,13756,18084
13900: 16316,12492,14250,14341,14301,11893
13901: 13728,17520,12583,15094,18211,21083
13902: 15607,12220,12144,18952,3369,15625,13508
13903: 12523,14972,16555,12273,16446,12471
13904: 14361,12428,12019,1067,12545,15039
13905: 17147,13445,14254,12737,16026,12505
13906: 10,13842,31,32,34,33
13907: 13274,12874,16285,12042,13667,10852,10776
13908: 12563,14104,16174,16219,14118,11908
13909: 12798,422,16998,11896,11938,14151
13910: 102,65,67,13578,17870,13570
13911: 13517,10000,12722,9908,10001,9907
13912: 17576,19690,19975,20337,20302,19186
13913: 12578,14303,11897,365,14734,12694
13914: 11558,11910,15737,14028,14128,16458
13915: 12669,18198,17345,14318,12229,7627
13916: 15486,15978,20188,15542,13338,16675
13917: 110,12232,14421,14949,13110,109
13918: 118,12634,15830,117,12737
13919: 11939,12761,833,12833,986
13920: 5367,5482,5368,13589,13852,12140
13921: 15685,3692,16173,13132,12109,18249
13922: 10179,12594,10177,14429,13001,10178
13923: 16804,17363,15565,16583,14985,17877
13924: 15101,17311,12010,12489,15579,15810,15480
13925: 12198,20723,13587,12585,14861,14029
13926: 12667,14171,16707,11647,15994,15283
13927: 13249,4578,16858,17042,17457,16870
13928: 12505,11772,160,117,12737
13929: 7296,7408,16784,12155,7183
13930: 14964,14256,11340,12648,12982,11399
13931: 19053,17878,11995,15216,15323,17202
13932: 12328,13995,19974,19237,11819,18732
13933: 12059,18434,13711,14580,15740,17027
13934: 19938,20528,19978,20145,12335
13935: 12656,18294,616,18327,11970,14478
13936: 5825,6052,13398,13039,5939,12200
13937: 2638,2536,14221,13656,2740,18280
13938: 17316,16992,12403,18684,16280,17076
13939: 11343,13014,11342,12373,14115,11281
13940: 12435,18018,1579,17138,15738
13941: 16927,17473,13961,13310,16714
13942: 16835,17491,14786,17482,16973,15278,15118
13943: 13791,15684,17776,13806,17262,15302
13944: 12277,2239,18114,2436,2337,13684
13945: 14397,17945,11949,18306,14059,12646,20954
13946: 11867,14499,15223,11880,14395,18837,11865
13947: 3689,3908,3798,14238,3909,3799
13948: 7959,12283,12685,13833,20473,19723,8069
13949: 17316,19335,21103,15009,12041
13950: 14148,15307,19733,14288,12599,13472
13951: 14712,14312,12725,16369,12989,12709
13952: 213,12848,12617,164,15269,165
13953: 14735,18834,13989,17226,14880,13353
13954: 12909,12699,8708,18843,16700,12689
13955: 18140,13170,5595,12929,12477,11831,5709
13956: 3801,12738,4020,15618,12009,13713
13957: 13158,13697,14035,15662,15649
13958: 11782,12592,14201,17238,17964,17967
13959: 15883,19427,14033,15990,18803
13960: 12677,12490,13111,18687,489,12697,426
13961: 13941,16927,18028,16033,13310,14032,11681
13962: 17350,14576,16317,18814,13465
13963: 12603,11837,14464,5711,5824,12503
13964: 13141,12982,11398,17181,18724
13965: 13823,9325,13801,15580,9522,9424
13966: 16355,13755,16447,2138,2332
13967: 15548,18388,17917,13423,20235,12683,12446
13968: 20215,19454,17307,20599,21124,20496
13969: 17012,14735,19585,17377,19079,15509
13970: 18707,19034,19542,14019,549,16496
13971: 14267,9718,12507,14357,14408,18378
13972: 18705,14015,18712,17099,21383
13973: 19742,258,312,313,13146,14260
13974: 491,557,15325,556,490,13784
13975: 17098,19192,42,72,12143,13879
13976: 14346,12066,12282,13616,15202,16785
13977: 1402,19974,19237,13746,15642,15738
13978: 14820,254,15826,17484,15464,12386,18730
13979: 3801,13177,17177,12853,11994,16185
13980: 10927,13751,15229,13594,10928,16194
13981: 12112,14393,11393,14277,14262,11394,11333
13982: 20054,19150,20168,20982,18406,20220
13983: 15892,10268,10179,12704,12594,10088
13984: 15424,18806,11823,12131,13548,10180,16170
13985: 16882,20268,18495,20351,17006
13986: 3053,3054,15819,14275,15535,15296
13987: 3260,14131,14294,3259,13693,3366
13988: 15411,13739,19659,20355,19254,13689
13989: 17012,14735,13953,14880,15815,16633
13990: 369,14213,12758,12262,367,368
13991: 19427,14340,14444,686,14167,20173
13992: 17279,16108,17746,19730,16943
13993: 14609,14557,1488,14247,12128,11966
13994: 17293,11843,15480,13595,12564
13995: 12328,12858,13932,12796,19237,17014
13996: 20010,16049,12650,14606,12852,19837
13997: 11146,13031,15933,12690,14466,11078
13998: 14157,18838,13855,13148,15742
13999: 2633,2634,13706,15851,2734,2735
14000: 21225,19565,17582,20194,18467,16928
14001: 20804,17521,11712,16686,12710,12788
14002: 165,121,120,166,12848,122
14003: 18533,15728,18586,15387,17281,18782
14004: 12132,10268,10179,20278,13139,13001
14005: 15446,17389,16026,15447,13781,13445
14006: 14253,16856,12679,13864,15912,17175,14217
14007: 10928,16975,13372,18579,13567,16194
14008: 1150,1235,13621,1069,1151,13696
14009: 16347,19108,17899,14173,14122,12569,13840
14010: 6957,16653,18526,19014,18514,17109,12366
14011: 16755,16052,13738,16983,17872,13855
14012: 18815,13669,19013,17347,15599,11974
14013: 14373,12294,12015,15726,16648,15720,20781,256
14014: 15832,12830,15079,17307,16967,12631
14015: 18705,16947,12818,13972,18885,18712
14016: 113,15329,12460,13689,114,15409
14017: 15660,14322,12261,15867,14120,12707
14018: 15333,14075,12384,13418,18793,17762,18750
14019: 15542,549,11788,18707,13970
14020: 17792,15407,14317,16891,17214,17183
14021: 12033,113,16887,114,17106,18085
14022: 104,68,17402,144,103
14023: 16860,14042,17150,14463,16051,15504
14024: 7517,17165,7627,14968,11876,14350
14025: 20479,18626,16954,20101,20569
14026: 14317,18183,17926,18857,21190,14046
14027: 12194,78,13068,13018,11767,12083
14028: 16458,12100,11556,11910,13914
14029: 14861,11886,15145,15188,13925,20723
14030: 13731,16911,86,15946,127,17246
14031: 17056,13481,15394,11940,15726,20781,14176
14032: 13310,12424,16373,11681,17331,13961
14033: 13688,14223,14368,18017,19427,13959,18803
14034: 12995,20880,15900,15544,2841,14567
14035: 12068,13158,13957,15649,17426,17434,12931
14036: 17399,16979,15563,19138,21249,17127
14037: 18860,20818,17097,18473,16813,20018
14038: 18426,13808,18214,18870,15784,12549
14039: 13009,15942,16360,13782,14073,18483,12001
14040: 17288,12436,13774,15557,11277,15637,12360
14041: 18229,18757,14364,15666,19025,15524
14042: 14023,16860,16680,13376,14463
14043: 13464,13082,11721,11693,11692
14044: 14268,12748,20354,18480,15777,17005
14045: 15437,11930,13854,19928,15530,13573
14046: 13090,15558,14026,17926,15574,21190
14047: 11276,11277,14355,11213,11850,12658
14048: 4695,15783,4807,4582,4918,4806,18493
14049: 13819,17448,16919,8281,16351,8283
14050: 11642,14371,11641,11980,11969,11597
14051: 13789,10530,12193,12510,12039,14083,12180
14052: 2533,2633,2635,2434,2634,2736
14053: 11074,12746,12087,14473,12895,11002
14054: 18108,12873,15608,14759,18716,17874,16731
14055: 18504,37,14877,38,13856,14132
14056: 12887,13731,51,85,16454,86
14057: 834,15549,15029,16164,910,12893
14058: 8287,8394,8393,8180,8179,8288
14059: 14397,13945,14177,12646,20954,17217
14060: 8714,14916,8818,13725,8713
14061: 15537,17411,14897,11643,13035,13250
14062: 18074,15297,13824,14719,13775,16990
14063: 13747,15247,1669,16221,12740,20533
14064: 6505,12854,12525,14497,14829,11976
14065: 17001,12326,20174,16492,19626,1232
14066: 15362,167,13153,123,13695
14067: 11914,15335,12212,12661,12115,11903
14068: 18967,16056,18096,15629,17267,18309
14069: 5143,16854,16467,12714,12426
14070: 11945,14358,11890,14074,15710,12067
14071: 15981,13008,14607,17270,14791,17461
14072: 2844,2741,2948,2949,14314,16000
14073: 13009,44,13782,12687,19087,14039,11931
14074: 14070,11890,12067,15458,9906,12747
14075: 15333,14018,16938,18750,19139,15858
14076: 14834,16061,17223,15647,12538,17685
14077: 15588,8497,17851,14814,12119,12085,13257
14078: 12840,14405,14320,11944,11451,18121,11853
14079: 12730,202,14550,11905,16618,12544
14080: 53,52,14106,88,12887,12757,13078
14081: 13303,17362,13456,15464,12386,15790
14082: 11892,19355,16848,18882,19297,15159
14083: 14296,12025,12039,13473,14051,10530
14084: 12520,18312,13899,13756,11883
14085: 17376,15490,12862,18782,13660,17035
14086: 13095,9227,9228,9126,9127,13882
14087: 18972,16046,12366,16653,11810,12743
14088: 19337,16681,14871,17149,17051,17395,15208
14089: 5253,5480,18568,5140,15374
14090: 13144,12507,14357,15210,14391,15316
14091: 17358,18121,12840,11335,12661,12611
14092: 19916,15683,15158,13545,8,17119
14093: 12180,10360,18105,21283,13789,20924
14094: 10357,17510,17318,13232,17907
14095: 20609,17511,15782,12168,14305,17310
14096: 16388,7516,7404,13733,11965
14097: 12793,15649,15076,19786,19378,13697
14098: 14388,15896,15912,12889,12409,12679
14099: 15529,14136,15929,15719,12050
14100: 1402,12796,21175,15792,16172,15646
14101: 18000,1763,19624,18682,21044,18692
14102: 15,12223,39,18389,12363,69
14103: 17334,13710,12561,15205,15807,13837,18345
14104: 12563,16603,13908,16219,17129
14105: 15192,16503,12924,16,13461,13380
14106: 89,14080,53,14123,88
14107: 14331,213,212,214,14647,264,265
14108: 11978,16011,16842,11898,12135
14109: 14481,19662,15651,17081,20186,18516
14110: 12018,14415,11003,14420,11004,14418
14111: 14182,9328,9427,14292,9229
14112: 14414,9807,16065,15725,9901,13745
14113: 11901,16265,19013,12579,12355,16137
14114: 16117,15276,13720,18735,12841,11907
14115: 11281,21032,11401,11343,13939
14116: 13145,17252,15514,20608,13729,15793
14117: 11731,14363,12504,15556,16235
14118: 11953,11908,16219,13908,16917,13813
14119: 15555,11919,16602,13886,14347,18995
14120: 12197,15867,14017,12261,15636,14300
14121: 13748,12029,14313,15344,18954
14122: 16347,19108,14009,16382,15816,15518,16396
14123: 89,14281,53,14106,54
14124: 12401,13464,11721,12178,13453,12278
14125: 12717,12474,15843,11947,20657,15091,17457
14126: 15714,15585,15656,18229,15524,16770
14127: 12157,5030,4917,14452,14271,12681
14128: 17050,13452,12141,16458,11558,13914
14129: 9025,8922,13449,12984,8818
14130: 13018,11767,80,14399,12513,12093
14131: 3153,13987,3260,13053,14294
14132: 15,14162,13856,37,14055,16389
14133: 13742,11863,14371,14443,11925,12742,15611
14134: 14471,16459,12948,17367,13431,12129
14135: 20138,16166,17252,15514,15155,17632,16800
14136: 14099,17511,15529,15561,16737,12050
14137: 11334,15748,11271,15627,11272,13193
14138: 8393,12171,12950,14329,8500,13195
14139: 11691,11689,12375,14258,13228,11720
14140: 13408,4802,19677,14445,12666,4803
14141: 12577,11143,18385,11844,12746,14473
14142: 13769,17122,17424,20533,12740,15803
14143: 20258,13778,17021,15722,15643
14144: 15336,7181,12934,15030,15359,12587
14145: 15944,15083,10925,15632,12755,11000
14146: 13538,753,752,680,681,13797
14147: 8923,9025,9127,8922,13882,16903
14148: 13634,17505,13950,15307,14587,12599
14149: 12170,13876,8391,17428,12867,8175,16884
14150: 11993,116,15447,14610,14874,19163
14151: 15827,12582,19034,16998,422,13909
14152: 12988,17187,18855,11927,15489,21250
14153: 18040,18301,14842,13168,15714,19963,16951
14154: 21200,7625,15825,7736,7516,7515
14155: 15562,12199,16518,13122,12932,13109
14156: 6955,6956,13787,20440,12535
14157: 13998,18838,18045,17011,13855,15351
14158: 17395,15560,17149,17643,12970,12133
14159: 11501,12276,11448,11553,20694
14160: 15663,12093,14399,13113,48,82
14161: 18125,15591,1671,16987,12948,14389
14162: 15,39,40,14132,14307,16389
14163: 16348,20388,13468,12565,17104,20657
14164: 12583,15433,11998,11827,11913
14165: 19840,14344,15581,17080,12022,13897,15566
14166: 17052,12799,15614,12994,12945,18256
14167: 15436,20096,11906,20173,686,13991
14168: 17272,19494,19073,15171,15417,13307
14169: 15546,20107,12011,19993,45,15322
14170: 10769,13365,10848,12370,13836,10847
14171: 17454,13926,16707,11646,15994,16746
14172: 1859,1765,15652,1858,13889,14193
14173: 16347,14009,12091,12569,12719,12999
14174: 17399,1949,15553,2140,17390,17201
14175: 2235,16355,13204,13040,16447,13048
14176: 12637,12441,14031,11940,12294,20781
14177: 13064,12182,16725,17217,14397,14059
14178: 12324,11875,12484,13575,13534,12207
14179: 5597,15705,5937,14220,17589
14180: 11813,15256,18607,15497,15359,11922,12078
14181: 9224,13679,13737,9122,9123,14216
14182: 14111,9328,9524,9427,13835,9426
14183: 12048,13147,18277,15459,12072
14184: 16276,12648,13820,11339,15864,12671
14185: 18209,18256,13091,17615,12994,14456
14186: 12646,14266,20954,11888,11735,11736,15886
14187: 13076,16750,12051,16758,14795,5143,12426
14188: 17342,17693,12390,20316,16702,19895
14189: 14406,3,13705,16871,12614,17259
14190: 10607,14749,13057,10689,13836,10770
14191: 16600,11944,12186,11451,11450,11503
14192: 1313,1398,13881,15641,1228
14193: 1952,1858,2048,14172,1953,15652
14194: 5931,6044,6158,14412,6045
14195: 16365,12045,12875,16824,13042,11954
14196: 15760,16305,14205,13363,15322,19816
14197: 12032,14467,360,13079,361,12151
14198: 16939,16823,20548,18515,16783
14199: 155,18686,12064,154,12965,13103
14200: 10183,10092,10182,10093,12665,13517
14201: 6617,17238,13958,17964,16066,16916
14202: 10777,15257,10854,10698,10778,10699
14203: 14887,11916,12076,551,17207,13314,552
14204: 17157,20516,15616,16320,20025,15644
14205: 77,18138,13363,16008,16305,14196,12770
14206: 12084,12153,14783,13187,16701,547
14207: 13653,989,1152,17164,14713,1070
14208: 19000,12062,12966,21239,13309,16855,13852
14209: 13101,12936,12103,17367,13210,12129
14210: 12657,13090,15558,9905,16921,16892
14211: 6277,12592,13003,12572,6504,14372
14212: 20638,16268,17338,3693,17778,3803,12342
14213: 370,369,12758,13990,430,13146,429
14214: 423,15012,11786,13010,20900,424
14215: 13562,17293,11142,12886,11210,20267
14216: 14454,9122,9223,9224,9324,14181
14217: 17175,17305,12679,9997,14006
14218: 12179,12879,21430,12037,20610
14219: 11275,13635,12351,13484,17294,16434
14220: 14940,12720,12639,17876,17589,14179,5937
14221: 2436,2638,2537,13937,2536,13610
14222: 12511,15874,12685,13833,12052,21149
14223: 14033,12807,13688,17156,18017,833,12618
14224: 13865,1672,14394,1581,12724,12715
14225: 13669,12355,12300,16258,15275,6277,12768
14226: 3584,14234,12859,14580,15228,11773,18694
14227: 12938,9904,14392,13225,15885,12167
14228: 11500,14864,11499,14370,20557,13414
14229: 2339,2338,17954,14480,2240,14472
14230: 1577,1576,1487,12118,12128
14231: 15394,16364,12593,17056,19917,16809
14232: 16849,15704,17113,14313,20880,21298
14233: 18511,14240,18051,12130,11719,20553
14234: 3584,12417,14226,17027,12607,14580
14235: 9809,9714,15281,9808,9902,9903
14236: 10177,14962,10085,10176,14429,10267
14237: 12988,10772,15141,18855,12928,12058
14238: 3909,16359,4019,4018,3908,13947
14239: 11656,11693,15932,14302,13430,11692
14240: 14233,16132,18172,19503,18051,20553
14241: 15806,12778,15718,15872,14797
14242: 12545,910,16722,12972,17148,13604
14243: 12896,17416,47,16956,13507,17000
14244: 13631,13463,15383,12429,12311,11832
14245: 17366,15440,13025,15012,486,12676
14246: 13179,8606,13195,8499,17437
14247: 14609,13993,1401,11966,13295,12038
14248: 3584,14475,12859,12897,12280
14249: 536,15474,13022,13124,411,472
14250: 8709,14341,16322,20555,12921,14301,13900
14251: 8917,17306,12909,8812,8813
14252: 688,14322,13771,14835,835,12065
14253: 16856,16338,15970,20960,14006,17175
14254: 13905,17147,77,12737,17190
14255: 14950,11069,11068,10996,15066,10995
14256: 11341,13930,12271,14964,11399
14257: 12745,1065,12610,12253,1146,14416
14258: 11689,11690,12375,14648,12082,14139
14259: 4133,4023,4134,16781,13140,11805
14260: 14551,259,258,13973,313,314
14261: 4130,4240,12258,4351,14583
14262: 11334,15748,11270,11394,11333,11332,13981
14263: 756,15878,757,12705,685,16575,13005
14264: 16316,20899,12487,19804,15430,11893
14265: 11713,15881,13156,17241,20442,12031
14266: 12646,17217,15886,14186,13753,12092
14267: 9622,13971,9718,9719,14408,9623
14268: 12319,15259,14044,15246,12748,20354
14269: 15715,13069,12847,15383,19476,17993
14270: 13663,1667,1666,1576,1575,14600
14271: 12681,12997,5031,15074,14127,12157
14272: 15833,15159,16407,12930,17390
14273: 3693,11999,12764,16027,17237,17778
14274: 12725,11506,18025,13141,12044,20287
14275: 3053,13986,15296,12802,2947
14276: 16590,16875,21462,14453,14974
14277: 12243,14747,12213,11333,13981,11393
14278: 13065,20521,11926,18941,12626,17961,16548
14279: 11905,12293,12630,16602,202,15050
14280: 3152,3047,14564,3151,3046,13568
14281: 89,14123,54,129,90,14806,130
14282: 16936,17120,16689,12643,256,257
14283: 11008,11007,10934,10933,11006,11077
14284: 14439,17900,15897,15863,18398,17901
14285: 14637,11609,11610,12263,15871,11650
14286: 13469,1583,13105,1404,1493,16915
14287: 15888,12985,304,13112,252,15291
14288: 19733,18994,18392,13472,13950
14289: 12218,12101,14554,11551,20557,21077
14290: 14342,1062,1142,983,16298,1061,19352
14291: 16272,1151,1407,15657,1235,1320
14292: 14111,9328,9229,9228,9128,16554
14293: 12152,13052,11605,17050,12141,12244
14294: 3152,3258,3047,3259,3153,13987,14131
14295: 11712,12728,18976,12202,12937,13034
14296: 12025,12591,12609,10444,14083,13473
14297: 13811,21200,7846,7955,14487,7956,18929
14298: 604,475,13892,605,539,17385
14299: 15723,615,12705,13126,12153,12005
14300: 15636,761,12257,689,12197,14120
14301: 12921,16511,14250,13900,12649,11893
14302: 14239,11656,11693,16693,11723,15592
14303: 13913,15394,12593,12578,11940,12694
14304: 14609,12878,16074,16323,14539,12038
14305: 17205,17701,17310,15750,20609,14095
14306: 12765,12502,10609,13119,10691,10692
14307: 13302,16389,18412,20720,40,14162
14308: 102,67,144,103,188,143
14309: 210,164,12250,14647,211,212
14310: 8495,8601,8388,8494,19177,8389
14311: 17336,15303,17712,18801,13447,11798
14312: 13951,14712,13336,12709,17382,15764
14313: 17113,13748,14121,18954,15704,14232
14314: 2741,14072,14684,16000,2742,2639
14315: 13232,14683,15424,18806,12958,17907
14316: 18443,16588,15009,18846,16865,20414,14425
14317: 17792,14026,14020,18183,12638,17214,17926
14318: 7517,12916,12229,7627,12996,13915
14319: 12351,11209,12760,19716,12553,17294
14320: 14078,11504,14405,11855,11944,12716
14321: 19534,16449,13576,20109,11937,12556
14322: 14017,15660,688,14252,12261,12065
14323: 18778,13081,16376,16577,15904,2435
14324: 13038,14325,13182,12506,6620,6619
14325: 12506,14324,12183,6619,17700,14886,6392
14326: 21272,17308,18296,20049,15772
14327: 10922,12371,15066,10921,10996,10997
14328: 19898,13070,17521,12710,16449,12392
14329: 8394,8393,14138,8501,8500,14376
14330: 15751,17602,12536,5256,5257,12602,12074
14331: 14107,166,213,214,215
14332: 5026,5138,5252,5139,14599,5025
14333: 5594,13131,5707,5593,13108
14334: 9716,9811,13528,16222,16988,18409
14335: 20186,17416,20417,12479,17722,15388
14336: 17323,12995,17861,15319,15544,13051
14337: 251,303,12086,358,13497,304
14338: 6955,12189,14670,6954,12259,18474
14339: 12495,15637,12900,18554,13586,15557
14340: 12625,15883,19427,16025,686,13991
14341: 14250,20555,13296,12492,13900
14342: 14290,1062,1142,1143,1063,1226
14343: 20212,17122,18052,1762,14403
14344: 14165,17080,12022,16832,11985,18372
14345: 15716,16791,12,13027,12925,12686,35
14346: 12891,11604,13976,12066,12282,11605
14347: 12630,16602,14119,17106,18995,15552
14348: 17396,6617,12712,15981,17238,14372
14349: 12730,14550,11777,13112,13058,14402
14350: 15038,20141,11876,11820,14024,17165
14351: 493,494,430,15425,429,431
14352: 4580,4468,12023,4355,14479,4244
14353: 12179,13642,21430,14432,11921,12701
14354: 13220,73,12779,111,14421,12914
14355: 12849,11213,14047,11146,12453,12658
14356: 11643,14377,16284,11861,17933
14357: 14090,12507,15316,9717,13971,9718
14358: 14070,11945,17531,17575,18276,9811,15710
14359: 12252,17890,16650,17360,18765,15782
14360: 11801,16678,12110,11972,831,908
14361: 12496,13904,12769,11806,1067,15039
14362: 15905,14523,15788,12144,20380,3477
14363: 14117,11731,11732,11733,15703,11756,15556
14364: 18229,14041,15666,18040,18301,2840
14365: 12917,20875,17080,13897,16832,13165
14366: 682,754,753,12635,755,13571
14367: 11507,13106,18659,11971,11455,19525
14368: 14033,18676,18017,19427,14444
14369: 13237,15995,15659,10612,18144,12613,11987
14370: 11549,11551,11550,20557,14864,14228
14371: 13742,14050,11642,14133,12742,11641
14372: 14348,17396,17238,6504,14211,12592
14373: 14013,12294,256,15238,12441,12643
14374: 190,17225,145,19870,20406
14375: 12008,12176,11072,15632,11942,15944
14376: 15696,16432,8394,14329,8501,8608
14377: 12412,12532,16694,14356,11643,13032
14378: 16001,13064,18049,15679,12182,11755
14379: 13808,13727,11946,17196,12865,13094
14380: 16409,18142,17627,18670,15971,20136
14381: 15834,16706,21158,20411,20122,12516
14382: 11552,12218,11553,11915,15603,12101
14383: 12057,12741,15468,12797,17477,18949
14384: 12276,11447,11448,11390,11391,11449
14385: 11871,11768,15329,17154,75,20008
14386: 13186,9020,8916,9019,8917,8813
14387: 16419,14442,20623,13102,18468,15762
14388: 19344,14098,15896,12704,12409,15224
14389: 15591,14161,19900,12948,16459,16278
14390: 15017,14665,17170,9619,19610,13685
14391: 9999,14090,12507,15210,9813,20415
14392: 14227,20571,9904,13225,15140,18832
14393: 11903,17358,12112,13981,13099,11394
14394: 12177,1581,12724,12348,14224,15077
14395: 15499,11865,11880,13946,12775,12427
14396: 16868,12461,11873,18392,13783,13472
14397: 16813,13945,18306,14059,13064,18860,14177
14398: 19853,17364,17908,17418,17601
14399: 81,80,14130,14160,12093,82
14400: 412,411,472,354,353,410
14401: 14522,15843,20040,19598,5028
14402: 11989,253,15291,14349,12730,13112
14403: 20591,16250,18052,20212,14343
14404: 9428,9427,13835,14506,13807,9526
14405: 14078,16342,12840,11504,14320
14406: 16590,3,11960,12794,14189,16871
14407: 17431,14890,246,198,199,247
14408: 9719,9814,13971,14267,18378,9907
14409: 21365,17330,17254,18714,2944,15839,20710
14410: 19097,18776,21349,21285,20171,16924
14411: 70,15800,106,13460,13858,71
14412: 6157,14194,6044,6158,6271,6272
14413: 11982,18385,11844,12075,17288,14998
14414: 9808,14112,15725,9995,13745,9902
14415: 14110,15522,14420,15415,11004,12190
14416: 12946,1146,1230,12253,14257,11809
14417: 12870,11860,18984,19560,14840,17283
14418: 15183,11074,12087,14110,12018,11003
14419: 11871,12033,11768,12570,112,15879
14420: 14110,12018,14415,12523,12190,12471
14421: 111,12232,12914,13917,14949,14354
14422: 2144,14428,2048,1953,2145,16495
14423: 13650,10087,10178,12594,10088
14424: 11073,15226,20674,12785,16991,11000,10926
14425: 15834,12516,18443,14316,16865
14426: 12203,12690,11212,18225,12849,11076,11145
14427: 13194,20105,17900,17757,16218,12222,17908
14428: 14422,2046,2143,2144,14472,2048,2047
14429: 10267,19455,13001,10177,14236,13922
14430: 19031,19035,21312,19434,20493,17371
14431: 417,478,359,477,416,13593
14432: 15628,4467,11921,12701,18804,17196,14353
14433: 12223,39,40,41,13017,16863
14434: 16481,13085,15672,19121,16823,16783
14435: 13379,13091,12178,17180,16115,11868
14436: 15948,20697,19707,16149,20676
14437: 11952,16073,16938,15152,12856
14438: 16800,13180,16396,18789,17632
14439: 14284,20348,13194,17900,17210,15897
14440: 13171,12520,18312,19027,12108,11984
14441: 12090,14861,18320,19931,11886,13287,15778
14442: 16419,14387,19026,18194,18468,12239
14443: 11925,12775,12742,12789,14133
14444: 19427,13991,20173,12817,18676,14368
14445: 13408,4576,4802,12027,4689,14140
14446: 11901,12579,12488,15318,11840,5709
14447: 13101,15985,12936,13846,18125,18497
14448: 16107,18977,13269,16859,12970,18063
14449: 17846,20384,18190,19845,15922,15503
14450: 11900,5824,5937,12639,11837
14451: 159,160,12117,13200,12546
14452: 17602,12967,5144,5030,14127,12681
14453: 21462,16176,20285,14276,20639,16590
14454: 9122,9020,14216,9019,9121,9223
14455: 19279,3475,13162,12036,13426,13020
14456: 15702,16365,13042,12994,14185,17615
14457: 15354,12201,17673,11497,11549,20112
14458: 19733,16757,4132,12040,12698,12599
14459: 11508,11400,12254,15045,12478,11455
14460: 13633,4805,12469,4804,13173,4693
14461: 17241,11679,20442,11680,12808,16567
14462: 20138,18961,17549,18558,20570
14463: 17278,13376,15694,13218,16051,14023,14042
14464: 12603,13963,13572,5711,12165,12787
14465: 3266,3372,16497,12558,3159
14466: 11078,11007,11145,11077,12690,13997
14467: 306,17970,12032,14197,361
14468: 7850,15818,7740,7849,12962,12221
14469: 982,1061,13046,13227,983
14470: 13532,20407,11857,13361,11855
14471: 17858,15151,16459,14134,14751,13431
14472: 2240,2241,2143,2144,14428,17954,14229
14473: 12746,14053,20628,11002,12597,11143,14141
14474: 18880,11816,15650,1580,17286,12724,12348
14475: 14248,3584,12607,17338,12280,12342,14792
14476: 14829,12941,17315,13075,12525,6164
14477: 18030,12264,15922,12884,19032,13577,15873
14478: 15377,12541,12832,11970,19765,18294,13935
14479: 20610,4692,11979,4355,14352,4580
14480: 2339,2438,2338,2437,17218,14229
14481: 14109,19662,15072,15651,12892,20670
14482: 174,15954,223,129,130,175
14483: 16945,13226,20927,18540,13234,16802
14484: 16070,13825,5029,13076,16750,16780
14485: 12302,20175,14742,16301,18431,15907
14486: 16631,18733,15451,18596,18437,18313
14487: 21200,7735,14297,7955,7625,7845
14488: 4576,12027,12268,12258,4463,12739
14489: 11,20984,17596,13406,15653
14490: 21265,19717,19283,17537,19220
14491: 19285,12306,19522,17499,19682,19343
14492: 21443,13276,19520,21180
14493: 19345,18591,16246,16560,16423,18136
14494: 18361,11814,19649,19373,18364,19327
14495: 11930,12500,13573,16123,18310,16286
14496: 1485,1574,1486,14500,1575,14600
14497: 12835,12525,13600,6505,14064
14498: 19470,18900,20613,14501,16313,19927
14499: 12020,19898,11867,15223,13070,13946
14500: 1400,1399,1486,14496,1575,1487
14501: 17863,17126,18174,16029,19927,14498,20613
14502: 17507,17523,18510,17516,13246,13321
14503: 19812,17212,19693,16949,19077,19985
14504: 20217,17469,20106,19388,17621,19404
14505: 20195,21436,20885
14506: 13807,9622,14404,9526,9623,15147
14507: 19673,17790,19498,17832,21135,19482
14508: 17904,13409,14897,12596,15780,12598
14509: 16003,16120,18422,16425,19088,14942
14510: 20167,13289,16479,20605,20757,19162
14511: 15914,19474,17990,16777,16417,19113,19587
14512: 13233,18278,11766,17062,19504
14513: 20474,15419,12402,15645,13465
14514: 20822,19334,21266,19484,17795
14515: 12336,20574,11807,16119,16655,18937
14516: 16800,18789,12226,16946,17020
14517: 20361,17501,20328,19875,18338,16647
14518: 20290,16293,12329,17634,18353,14892,16109
14519: 19552,20057,20859,20296,18326,19096
14520: 20758,19140,19301,18685
14521: 20819,13608,17888,17560,20792,21368
14522: 12474,12980,15843,14401,19598,4577
14523: 15607,14362,12144,12897,18824,3477
14524: 18942,12918,13077,15386,18264,18769
14525: 20480,20551,19632,13345,17837,20135
14526: 20215,15438,12631,17094,11932,16726
14527: 19645,21294,21456,21471
14528: 19059,13362,20595,15268,19123,14615
14529: 16612,17645,20743,19367,20033
14530: 15671,410,13124,470,411
14531: 19990,20740,21407,21037
14532: 21097,14984,21141,20001,15014
14533: 20930,20022,20946,19228
14534: 20749,19160,20839,19141,16083,19292
14535: 13267,18230,13505,14784,18975,13676
14536: 18629,13233,14839,18278,16662
14537: 16077,20762,20072,16084,17733,21406
14538: 12843,10442,13189,16792,15186,10527
14539: 11812,17014,16323,16074,14304,12328
14540: 16279,14654,18185,16399,19597,20157
14541: 17013,19866,20331,20641,17232,12284
14542: 16947,17544,18885,19771,21247,15927
14543: 18985,20119,16964,18598,14561,16820
14544: 14563,16646,20772,17291,14851,13278
14545: 17935,14581,19120,18009,17920,18748,19578
14546: 18288,17645,16483,15991,16037,13654,18391
14547: 14899,20230,20494,16880,19813,19202
14548: 20410,19197,19866,19288,20438
14549: 17562,17679,21229,20274,18079,13329,19755
14550: 14349,12730,14079,12811,202,11777
14551: 12589,259,12642,14260,314,260
14552: 12823,11896,362,420,12767,15594
14553: 14987,909,17272,18311,20707,21417
14554: 11599,11551,12964,14289,12097,12101
14555: 13366,16199,19365,19907,20243,14822
14556: 18988,12418,18715,16482,15980,20177
14557: 14609,1488,13993,14762,15206,12878
14558: 13821,18970,16899,18842,15300,20843
14559: 9323,9521,9422,16370,9423,9324
14560: 20563,12290,18076,16128,20633,19873,20420
14561: 18207,17464,13264,16820,14543,18598
14562: 13367,19070,18763,19363,13300,17151,16825
14563: 14544,16646,12391,20936,15111,20772
14564: 14280,3151,3045,3046,2941
14565: 18144,13790,12991,10693,15373,12058,10772
14566: 12793,15097,17426,13167,1403,11997
14567: 2841,16635,12792,12113,14034,15544
14568: 15715,19476,15889,15109,10445,12017
14569: 19881,17529,17551,17513,19417,19477
14570: 16154,16087,21011,17811,17224,16054
14571: 17765,15215,19481,20449,17670
14572: 21013,17688,17677,17735,18466,18353
14573: 17061,16568,16354,11789,17357,18366
14574: 18758,16512,18487,16611,19922,20998
14575: 18765,19276,19970,16099,18063,20984
14576: 13962,4022,17816,18813,16317,18814
14577: 21289,18073,16290,19722,19302,17891,19950
14578: 16274,14622,18911,13412,19848,19933
14579: 15760,13857,17000,46,13507,19816
14580: 12059,17493,13933,18694,14234,14226,17027
14581: 14545,16186,17935,18009,15516,21126
14582: 12888,15730,19065,20414,12224
14583: 4352,4241,4130,14261,12258,12268
14584: 13260,14826,12325,16309,16478
14585: 18528,16100,19147,18520,18469,13526
14586: 20217,20106,19643,18355,18425,16568
14587: 14148,4465,17505,12698,12599,12980
14588: 13865,12715,12103,18184,15178,12845
14589: 16118,19572,17702,20349,19544,17828
14590: 20999
14591: 485,20938,15485,17083,12322,13270
14592: 16522,15053,18475,15901,20300,20032,19994
14593: 19535,19832,19309,19762,19955,16476
14594: 13284,20277,12291,16569,20564,18944,17200
14595: 17274,18375,20646,15218,16439,13446
14596: 13557,17028,11848,17436,15087,17497
14597: 4130,15287,4240,15507,12298,18322
14598: 15909,16120,18422,13264,18939,20668
14599: 5025,13552,4912,5024,5138,14332
14600: 1666,14270,1575,1665,1574,14496
14601: 15002,12829,18839,16976,10774,12574,12006
14602: 20084,17793,20505,19223,18,19312
14603: 18981,20461,12339,16361,18146
14604: 16705,19152,16142,20669,16136,16297
14605: 20888,16178,18371,20048,14738
14606: 18359,19837,16470,13996,16049
14607: 13574,12566,17270,17396,15981,14071,6504
14608: 13400,18790,18384,17076,13665,17992,12403
14609: 14557,13993,14247,12878,14304,12038
14610: 13226,20325,14874,16802,19163,14150
14611: 18042,16340,13263,18845,16210,17123
14612: 20385,18102,18097,20068,16671,16440
14613: 15598,16019,13740,19411,13558
14614: 16055,19213,21110,20315,16968,19704
14615: 18826,19059,13362,14528,19944,18934
14616: 13400,19966,18384,20502,17483,17659,17747
14617: 21055,17585,18167,17571,19803,18087
14618: 20948,16329,20308,18535,19089,20202
14619: 15375,18173,17671,20284,20082,19839
14620: 20769,17494,20729,19618,19988
14621: 21001,19401,21301
14622: 16274,18065,16552,18237,14578,20229,19933
14623: 17144,13829,15311,13350,16585,20323
14624: 11817,19374,13722,16213,16751,18731
14625: 13469,18550,1582,13105,12177,12379,1492
14626: 20990,17704,20005,19330
14627: 13588,19521,13503,12359,16477,19313,16557
14628: 17339,12662,16909,14731,18399,18077,19105
14629: 19780,19313,12452,16101,16557,16085,18810
14630: 18690,20603,16403,16773,16985,13540
14631: 16735,16803,15063,13359,16499,18979,21187
14632: 16500,16506,13279,13437,17296,19076
14633: 20336,21399,17563,21274,19171,21082
14634: 18728,18231,16345,16687,18564,20808
14635: 498,14726,499,435,15587,16023
14636: 418,478,542,541,479,419
14637: 14285,11611,11609,11610,11565,11566
14638: 18434,17829,13489,16765,21120,11932,13261
14639: 18122,20098,18247,17172,16132,18172
14640: 21002,19383,20768,13286,19986
14641: 20481,15590,15187,13300,17151,17089
14642: 18232,15481,18411,15626,13466
14643: 13395,19399,19599,21101,15998
14644: 17805,15166,21215,20413,16532
14645: 18152,11891,14728,20594,17481
14646: 20125,20051,19868,18134,12820,20475
14647: 14309,211,15134,14107,212,264
14648: 11654,11690,12375,14258,11653,11655
14649: 17145,14754,18507,21480,20458
14650: 11741,12146,12202,13674,11711,11710
14651: 20466,20310,19976,20351,21093,20925
14652: 12340,18042,18720,17240,20868,16210
14653: 20244,17753,16167,16064,18233,13266
14654: 18185,14681,16068,14540,17319,20157
14655: 20042,16504,20760,21214,16227,20327
14656: 16528,18323,14961,20034,20923,12458
14657: 15597,12484,11818,12904,7518,12806
14658: 13169,11750,12219,16357,11727,11726
14659: 19439,17714,21486,21098,19286,17694,19545
14660: 18758,12378,16611,20422,18811,18931,15965
14661: 19799,15575,16584,17287,17874,16655,19074
14662: 3580,16971,3689,13619,13183,3799
14663: 17023,15584,13392,11851,15521,13294,18565
14664: 12020,15223,12937,13034,12653,15881,13156
14665: 12926,9809,17170,14390,13685,12167
14666: 18904,15980,16846,16579,18983,21333,11808
14667: 16688,18324,12376,21067,16253,18234
14668: 18074,13456,14719,17727,15826,15464
14669: 20558,20059,16507,18599,13385,19206
14670: 7067,12189,14338,6954,7180,17191
14671: 18272,16879,15904,17082,2238
14672: 15548,13349,11684,15809,17917,17405
14673: 20634,19420,17216,19984,11779
14674: 17766,21242,17812,19441,19741,20264
14675: 15655,19685,13443,16111,18403,20893
14676: 15475,12743,12917,20875,12434,16046
14677: 16439,18241,17548,204,18770,17274
14678: 14821,18191,20250,17656,16371,18817
14679: 13249,4578,16505,16335,13230,20392
14680: 687,17261,18828,17132,759,13683,15689
14681: 14654,16068,20409,17319,11684,16318
14682: 16448,16815,19602,19629,18292,12416
14683: 14315,12958,17907,10443,13189
14684: 2741,14314,18280,2638,2538,2639
14685: 18555,12733,12367,18956,20180,21292
14686: 15515,6958,12943,7071,12795,17506
14687: 13328,10694,15313,11877,18136
14688: 16531,16238,18850,16852,13299,20683
14689: 11715,14997,17060,20974,16241,20465
14690: 17905,18960,13373,15132,20178,19708,17046
14691: 16439,16743,17548,17853,18440,20646
14692: 16117,16451,18735,13433,18157,19044
14693: 16059,16546,17,19792,19567,17650,19318
14694: 17639,17451,21210,20094,17990,16777
14695: 12498,20233,19517,13480,18169,18454
14696: 18637,17282,18807,19143,20959,15054
14697: 20095,21457,16212,13417,18811
14698: 17798,20810,21467,16134,13383,17968,19024
14699: 20222,19774,11856,14996,16436,18066
14700: 16866,19361,19597,11645,16279,19354
14701: 20578,16344,16850,17318,15893,15986
14702: 13424,17910,21155,16843,16543,16970
14703: 17153,15550,12079,16687,20297,16291
14704: 19412,19496,21206,21216,12861,18498
14705: 15027,12636,16271,16491,19811,21275
14706: 18623,16178,15344,20204,20937,13374
14707: 12430,16311,20121,20651,18563,19583
14708: 13380,12394,16754,11882,20387
14709: 16091,19233,21025,17630,19328
14710: 17022,18159,16958,19787,18946,16092
14711: 12987,837,913,13128,16690,17777
14712: 13951,14312,16369,11854,20123
14713: 17164,15196,14207,1070,1071,1153
14714: 12534,12060,12968,12046,12871
14715: 19057,15732,20204,16843,13410,20937
14716: 12333,15413,17296,19076,15584
14717: 15382,19842,17322,11807,17381,19074
14718: 20507,13728,17520,17029,18892,13290
14719: 18074,13456,19734,14668,13775,14062
14720: 13556,13305,19478,19153,21445
14721: 14850,18391,16483,18215,19002,14836
14722: 15068,11774,19396,16507,12440,15586
14723: 21326,19589,17641,20358,18527,19325
14724: 16723,11770,19182,16270,16301,12437
14725: 187,188,16245,189,16912,20406
14726: 434,14635,435,15587,375,374
14727: 13620,15795,4245,4356,15200,4357
14728: 15040,14645,18886,18152,16711
14729: 17365,17449,17400,12615,15551,16717
14730: 15376,13455,13308,15670,20128,16444
14731: 20870,16144,18077,19105,17977,14628
14732: 16961,18967,12680,20931,17663
14733: 17510,13028,17030,18930,15986,15142
14734: 310,12637,12694,13913,365,12142
14735: 17012,13953,19079,13969,13989
14736: 19972,20623,8816,16604,19071,16756
14737: 17403,13266,16318,21268,20409,18662
14738: 19057,16695,20204,20048,14605,16178
14739: 18618,20536,16310,20334,16275,18664
14740: 19413,16067,21129,18027,13441,19509,18069
14741: 20004,14766,16426,18612,18115,18332
14742: 15761,16270,16301,14485,12302
14743: 20283,17783,17980,15962,20640,20807
14744: 20632,19568,17697,16168,19386,20378
14745: 216,15164,214,215,266,267
14746: 634,704,703,633,498,565
14747: 14277,12243,11449,14760,11392,12213
14748: 13337,15169,18989,20826,11789
14749: 10522,10607,13057,14190,15384,10608
14750: 2942,2838,2837,13761,3046,2941
14751: 18272,17858,14471,16459,16278,13217
14752: 12555,13440,18890,14780,16593,15545
14753: 17997,13509,15573,16774,16790,17377,13083
14754: 17145,20678,14649,18507,13371,14980
14755: 20228,17923,20065,20525,14825
14756: 17759,13401,19939,19953,16138,20456
14757: 20597,20153,17612,16319,14826,18329
14758: 11914,11849,11336,11273,12721,11274
14759: 12873,14054,18947,18716,12509
14760: 12243,11449,14747,11502,11448
14761: 15153,12340,18343,16142,16297
14762: 14557,15206,12878,1489,12049,12456
14763: 17335,19964,20565,14911,20911
14764: 16821,15808,13357,20291,18396,11778,16452
14765: 21446,20456,17791,18186,20402
14766: 14741,14960,18612,16428,18115,18693
14767: 19569,20043,13493,18654,13371,16558
14768: 20687,15856,17425,14874,15314,20325
14769: 16592,16386,16159,19805,20179,15463
14770: 17226,14880,19706,13343,12090,16633
14771: 11779,15289,13459,3155,17303,20090
14772: 15972,13357,20291,16793,17516,20618
14773: 16162,21413,19487,12341,20620,16189
14774: 17206,16158,16517,18816,18742
14775: 19940,16015,18836,20506,20489,20521,12626
14776: 18861,13443,16111,15688,13847,13416,18628
14777: 13476,18264,18769,15831,15929
14778: 21070,16586,14845,21460,19129,18503
14779: 21051,18537,17037,19416,16211
14780: 14752,13440,20316,16702,15545,18809,13488
14781: 19134,16674,20396,8710,20482,13444
14782: 21060,21218,19436,21448,21059
14783: 12153,14206,12448,614,13126
14784: 13505,15441,12396,14535,13676,11776
14785: 18904,16846,15426,20270,18631,18969
14786: 20562,16835,13942,15118,14852,18458
14787: 16410,18907,18347,19810,16457,13547
14788: 16740,14845,18565,21460,12333,17023
14789: 11763,14940,12720,18975,12791,11911
14790: 1227,16716,1226,15160,15828,1311
14791: 15470,12054,17270,14071,17461,7069
14792: 12696,12280,3585,12342,3694,14475
14793: 18768,14948,13557,13354,20693,17966
14794: 18314,13438,15216,17202,20504,19018
14795: 14187,12051,11968,11973,12426,14957
14796: 16155,20068,20390,16379,16547,18102
14797: 16577,15872,14241,17323,15319,18522
14798: 3153,3154,12481,13053,15267
14799: 19698,19356,19501,19756,17743,17771
14800: 11883,3261,12751,12750,12481,15918
14801: 18754,15123,18002,12377,17878,17409
14802: 18512,13467,15477,17921,12414,15209
14803: 16691,20263,11784,12387,17163,12539
14804: 15146,17822,17266,1316,16562,18400,1231
14805: 17436,18411,18554,13586,17497,11846
14806: 90,15337,55,14281,54
14807: 416,13593,414,476,475,13892
14808: 14858,12551,11737,11735,11736,12660
14809: 765,692,622,13133,691,13011
14810: 15554,17236,14888,16621,18381,20877
14811: 2737,2840,16804,12287,15414,16016
14812: 11793,16649,11796,15271,17781
14813: 19713,16071,17499,21385,19522
14814: 8497,14077,8604,12119,16766
14815: 19447,21205,20134,17826,16807,11759
14816: 14833,14847,15367,18753,10529,18513
14817: 27,5,12990,12901,15640,20187
14818: 19106,13668,17090,13298,18646,18722
14819: 18236,18664,17692,21468,20536,21050
14820: 17484,15265,17140,13978,18730,18197
14821: 15416,16949,18191,14678,18817
14822: 13366,16199,14555,17088,18745,18334,20744
14823: 13590,16312,18645,16826,17295,17213,15553
14824: 17577,21,12837,22,20,23
14825: 21072,20547,14755,18375,20763,20525
14826: 13260,17612,14584,14757,18329,20261
14827: 18873,19321,15471,17166,11859
14828: 18594,12863,19181,16657,15469,18887
14829: 12941,17315,14476,12525,14064,11976
14830: 17373,17103,12480,15990,13407
14831: 21450,11793,16733,16675,20470,15978
14832: 19971,18116,15915,8498,15934,19234
14833: 14816,17993,14847,15301,15367,13463
14834: 16061,17223,205,14076,11778,16452,13245
14835: 15029,11920,12893,14252,13771,835
14836: 11958,19002,14721,18215,13518
14837: 12047,14848,17434,12931,12763,12866
14838: 3044,3045,18821,3150,3151,15214
14839: 16431,17333,16113,14536,18629,13233
14840: 14965,13485,17321,17283,15739,14417,11860
14841: 20362,19615,17911,19736,20024,19684
14842: 14153,15174,13168,13559,17374,16951
14843: 11870,45,11918,17195,20107,17895
14844: 17432,158,13226,20927,20325,17425,13477
14845: 14788,14778,21460,12333,16886,16963,18503
14846: 17864,16283,20248,17583,19635,17818
14847: 12422,14833,14816,15301,10529,11877
14848: 14837,12931,12866,12783,11997,12061
14849: 9716,9812,13528,12067,13144
14850: 17452,16669,14721,16037,18391,19002
14851: 15277,13278,20419,14544,18441,17291
14852: 18240,18458,20562,14786,18611,11899
14853: 15664,13527,20223,12236,13351,17095
14854: 17313,18191,20666,17656,19905
14855: 7515,20589,7514,7624,7735,7625
14856: 13379,15757,17410,15405,16115,20063
14857: 19488,17906,19510,17875,17397,21164
14858: 13893,13561,13415,12551,11737,14808
14859: 12972,11920,17148,12123,13859,16619
14860: 19834,21166,21066,21165
14861: 14441,14029,18320,11886,13925,13587
14862: 16291,19981,20884,18728,16392,20297
14863: 13863,12137,162,12242,161,163
14864: 11498,11499,11497,14228,11549,14370
14865: 11864,16707,11646,17072,11645,19354
14866: 15183,12746,12087,12963,11144
14867: 16349,18232,19249,13466,20816
14868: 208,12247,206,16670,159,12117,12181
14869: 18457,17129,13704,12732,12310,20876
14870: 15020,13569,10091,15766,10181,12094
14871: 14088,16681,19583,17051,18610
14872: 20742,15987,20593,16287,11828,17941,16487
14873: 12344,19010,16400,18723,18943,18679
14874: 14768,15314,14610,20325,116,14150
14875: 617,12832,13005,15326,685
14876: 13709,20686,17126,21493,18151
14877: 18504,37,14055,12925,15194,12686
14878: 12816,1947,15295,18986,15468,12797
14879: 3050,14946,16635,12792,12809
14880: 17226,14770,13953,13989,16633
14881: 20590,21067,18878,17384,14997,17060
14882: 16427,17403,21268,18738,11716,15235
14883: 21254,19691,18098,17598,14944,21478
14884: 4800,5025,13552,19883,12248,4913
14885: 12304,6390,13647,12302,17967
14886: 6279,15107,6392,13254,12183,6165,14325
14887: 487,14203,12676,11916,20900,15440,551
14888: 17236,14810,8710,20877,20482,17355
14889: 18753,15252,13537,12576,18513,17940
14890: 14407,197,15340,246,198,15462
14891: 11809,15264,986,11939,12034,12253
14892: 12329,17634,14518,18589,17623,20046,17994
14893: 12046,18219,17460,7070,7295,12795
14894: 19513,16332,18293,15234,19684,17915,21248
14895: 17764,12432,15089,20401,19888,16921,15681
14896: 12591,10444,15332,15396,13648,15109
14897: 17411,13035,14061,12596,14508,17904
14898: 12149,8919,19102,20223,13351,15240
14899: 18913,20494,14547,16880,18799,20181
14900: 16986,18945,15868,13208,13577,18558,20384
14901: 15763,12267,11749,11748,18926,12226
14902: 19291,16063,21208,21100,18260
14903: 20935,16363,19859,19841,19670,17780
14904: 18708,18999,21328,18658,20025
14905: 11557,19172,18791,16594,16651,15253,11862
14906: 17206,9225,16517,17278,13376,18524
14907: 13652,17969,16601,18945,19032,15873
14908: 19172,20630,19758,18112,16997,20695
14909: 13244,14945,16410,18907,16434,16894
14910: 19253,16375,19016,20363,21352,20265
14911: 14763,19964,16393,15420,20911,19431
14912: 17161,16367,17894,18057,15098,18999,18658
14913: 18848,15071,7958,16665,16790,19460
14914: 13367,20714,18608,18787,18763,21470,16325
14915: 15484,11900,6051,12720,12639,12791
14916: 8714,14060,15404,13725,8608,8715
14917: 16342,11504,15525,19438,11983
14918: 12195,12912,16841,16480,9620,16222
14919: 18038,12644,13723,11933,19626,15887
14920: 20080,18281,18228,13506,16463
14921: 20857,19209,17817,19231,20011,17517
14922: 16464,18347,20352,14979,16410,17231
14923: 353,15671,352,298,410,18415
14924: 11849,13288,11336,17354,11395,15753
14925: 8709,12689,18843,12993,8814
14926: 6166,17386,6280,6279,15107,6167
14927: 12104,13712,10849,13004,12008,12148
14928: 16615,18279,16521,12454,18118,17676,16500
14929: 21222,20512,20301,19037,18736,18265
14930: 12452,16085,16920,18609,18463
14931: 19463,13651,9225,19604,20579,16333,13624
14932: 12870,11990,16672,16637,19560,11506
14933: 16066,11799,16916,15173,16833,12305
14934: 15797,9814,9908,9907,9815
14935: 13345,15370,19884,16712,12494,17635
14936: 15876,13503,13382,18369,15170,5142
14937: 13501,14979,20530,12851,17919
14938: 21307,19612,21444,21202,21221
14939: 12138,257,12237,15238,12670,12643
14940: 14789,11763,12720,14220,12639,17876
14941: 12233,15450,2839,12108,13686,12121
14942: 19088,13338,17471,18195,16003,14509
14943: 15233,13532,20232,17772,12411
14944: 19773,19580,21483,21478,16018,17598,14883
14945: 14909,16410,16434,17231,11275,17919
14946: 15625,3050,13550,12571,14879,12792
14947: 17707,15949,15368,16488,17711
14948: 18768,14793,17966,17085,11338
14949: 13110,13516,13879,14421,12914,13917
14950: 11137,11068,14255,18901,10994,10995,19584
14951: 18269,13397,16806,13352,16019,16482,20177
14952: 15528,20643,17092,12538,17685,17432
14953: 12462,17032,13658,15038,20454,19384
14954: 16570,20584,16972,18894,19454,20496
14955: 19860,19918,18217,19829,17956,14983
14956: 608,607,13804,676,677
14957: 11825,11968,14795,11973,16220
14958: 8811,8915,15577,8917,8812,8916
14959: 17913,12813,11842,16350,19047,18541
14960: 14766,18612,17982,19232,17314,16428
14961: 14656,20034,18379,21152,12458,13405
14962: 10177,9993,10085,14236,10086,9994
14963: 16364,12593,15251,12578,13853,11786
14964: 11341,13930,12580,14256,11340,12269
14965: 13523,12581,14840,13485,15739,16069
14966: 18072,13839,19686,20038,20531
14967: 19238,19705,21259,20932,17983,19814
14968: 14024,7627,12669,16095,7848,11876,15048
14969: 11989,17362,12518,12184,18624,15790
14970: 12647,836,911,12000,12622,15917
14971: 15512,5932,6045,5931,5818
14972: 12006,10851,13903,16555,12273,12574
14973: 14990,12195,16841,19540,12907,14982
14974: 20451,15139,21462,14276,16875,15789,17309
14975: 13337,12442,17083,20263,12322,20423
14976: 11137,11138,12974,11207,17280,11206
14977: 17904,11555,12455,13035,11554,11963
14978: 687,12567,20234,20576,17132
14979: 13501,14937,17919,17231,14922,20352
14980: 16753,21341,20658,17145,20678,14754
14981: 19611,20014,21355,17543,19137
14982: 14990,14973,12907,9426,9327,9524
14983: 21222,13536,19829,14955,19918
14984: 14532,21141,20001,19581,20500
14985: 13923,15565,16583,15032,12211,2335
14986: 18680,18971,16876,12284,13285,15148,17232
14987: 16950,14553,18311,21417,12494,18872,19402
14988: 16414,13675,18030,17328,16582,12264,19845
14989: 16638,18562,19504,18717,12616,13470
14990: 14973,16841,12971,14982,15813,13157,9327
14991: 10851,10852,12834,10774,12574,10775
14992: 12981,11070,10998,12035,11071,10999
14993: 20413,18012,16156,12356,20183,17391
14994: 16671,18152,18978,18097,13520,13413
14995: 21352,20120,17909,18179,20265
14996: 16044,14699,11856,19190,20342,18066
14997: 14689,17060,14881,18878,20465
14998: 17288,12436,11276,14413,12075,12915
14999: 12286,1669,1761,12876,15131,12456
15000: 11750,11749,16357,13710,13837,11751
15001: 17442,17947,12366,16959,15559,18514
15002: 12829,16976,15305,14601,11839
15003: 12873,15842,18947,11820,17398,17165
15004: 16424,20126,18827,19697,19749,17824
15005: 15044,20624,16422,19850,19650,21129,18027
15006: 16209,20615,20382,18653,21044
15007: 15025,13695,124,126,15946,125
15008: 15136,12563,16346,13873,16174
15009: 18443,14316,18846,12041,18548,19335,13949
15010: 12522,13640,5257,12602,12165,5371
15011: 15624,19081,17433,11762,17848,16782,17957
15012: 423,14214,486,14245,12676,20900
15013: 20501,20951,19712,20647,18356,19721
15014: 19278,20001,19861,14532,21097,17528
15015: 11770,19182,13786,15570,16462
15016: 16481,11838,13085,18436,17096,17355
15017: 9618,14390,9521,16370,18377,9619
15018: 12467,18545,21502,16622,43
15019: 20684,18193,19090,20284,20705
15020: 12776,12747,14870,13569,13678,10091
15021: 13250,13032,13827,11599,12828,12097
15022: 13691,18552,20410,20438,16622,21502
15023: 18665,18038,12644,16778,20686,21493
15024: 13704,17852,16203,21421,16603,20713
15025: 123,13191,84,13695,15007,126
15026: 11686,11866,12875,13592,18218
15027: 16271,16491,14705,21204,18798,16292
15028: 18003,20736,20864,20053,18192,19982
15029: 11802,834,14835,14057,12893,13771
15030: 12934,7068,12804,11813,15359,14144
15031: 15312,12520,17004,13899,19027
15032: 2237,13292,12211,16583,14985,16826,12537
15033: 19892,16540,17184,13719,13758,16891
15034: 15717,13758,12623,18453,15467
15035: 15540,59,58,29,30,13764
15036: 12839,13428,11457,11508,11509,12136
15037: 11696,15059,16883,11725,11726,12219
15038: 20141,14350,19384,11820,13658,14953
15039: 12545,12972,12123,14361,13904,11806
15040: 18886,14728,16711,12663,20154,13721
15041: 687,17565,13265,17261,12567,12674
15042: 18583,13280,16416,20523,20817
15043: 17553,20798,21316,19744
15044: 15005,13718,16745,16422,19850,16131
15045: 11400,14459,15128,12161,11971,11455
15046: 174,222,223,274,15217,15903
15047: 17301,17248,15455,21445,15175,13682,17209
15048: 20141,11876,13500,17356,7848,13080,14968
15049: 20376,18075,20483,18262,19720,20573
15050: 12811,202,12630,11959,201,14279
15051: 13844,12868,8176,16303,20454,19570,17359
15052: 16475,20139,18465,19695,19702,20041
15053: 16522,18137,18475,14592,18342,19180
15054: 16242,21112,14696,19143,20959
15055: 13454,13661,18414,12618,16406,18896
15056: 20997,16735,15063,15129,21058,18619,16645
15057: 19687,18202,20503,18864,18858
15058: 20282,18235,18023,17881,15191,13763
15059: 15037,11696,11694,11724,16883,11695
15060: 16490,20821,18335,16281,19576,16981
15061: 12068,1149,12047,17434,1233,12935
15062: 9998,17227,16509,21189,19636
15063: 15056,16735,14631,16499,21058
15064: 13729,18858,18950,18202,20608
15065: 11960,16875,12901,20451,4,20187
15066: 10920,10995,10921,14255,10996,14327
15067: 19570,18897,12457,17359,12462,18958
15068: 17239,14722,11774,20080,21160
15069: 15207,19607,15104,13677,18579,18081
15070: 11950,18048,18043,16484,13744,16620
15071: 18848,14913,16790,20169,16774,20840
15072: 14481,19662,11762,12892,17433,12291
15073: 19330,21452,20649,16544,18644
15074: 4918,12157,15511,13215,14271,5031
15075: 16514,16904,20653,5369,13615,20817
15076: 1317,12793,14097,15097,17343,19786
15077: 13036,12061,12177,14394,12348
15078: 15389,13253,15633,13702,17816,18814
15079: 18759,15832,19261,17344,12830,14014
15080: 907,831,12449,830,756,12110
15081: 11649,19502,13013,16785,12166,11607
15082: 21187,16551,21329,18083,13359
15083: 12928,13188,14145,10925,10926,11000
15084: 17341,17016,12600,12927,13894,16822
15085: 18820,19559,11956,15792,16031,15646
15086: 20549,20645,18099,20049,15772
15087: 17497,14596,11848,20158,17093
15088: 18261,20679,16599,19416,11909,16639
15089: 12432,14895,19636,16921,16892
15090: 18757,21321,19025,17004,13551,16234
15091: 14125,11947,20657,20388,16505,18964
15092: 15233,12454,18118,11505,13510,20737
15093: 18737,20124,16752,17962,13323,17124
15094: 18678,21083,13728,16795,13901
15095: 15465,546,613,12857,12296,12215
15096: 17147,18138,13445,13781,20581,12011
15097: 1317,12793,14566,15076,12899,1403
15098: 20602,18371,19851,18652,18057,14912,16367
15099: 11563,13616,11608,12800,16785,11607
15100: 12629,13313,20324,16995,16834,12693
15101: 17311,13924,20267,15480,17293
15102: 15412,15822,12518,306,11780,18168
15103: 18719,16896,18630,17171,19033,20258
15104: 15207,19607,18991,20600,15481,15069
15105: 16676,12420,13448,13478,17266,18200
15106: 18737,18252,18847,17744,16752,18302
15107: 14886,14926,6393,6280,6279,6392
15108: 18180,18762,20338,20441,19830,20408
15109: 13648,19476,14568,10445,14896,10444
15110: 74,11992,20446,20459,13760,18204
15111: 13342,20772,17264,21401,14563,12391
15112: 16291,19981,17545,13757,18176,15550
15113: 18270,16308,16641,16362,18386,11941
15114: 15389,17100,13253,17458,17827,17734
15115: 20309,15680,18181,19871,18429
15116: 19003,13777,20381,12680,18224
15117: 11841,20113,17587,16580,17444,12555,17186
15118: 15444,18458,15278,13942,14786,12312
15119: 15484,11900,5824,5938,12503,12200
15120: 19856,20003,16564,19201,19806,18840
15121: 18498,20435,16968,20681,19704
15122: 15395,20692,21440,19715,20450,21391
15123: 14801,18754,15610,13792,15258,18002
15124: 19989,20453,12397,13762,18980,20677
15125: 20365,11279,11215,13014,11342,11280
15126: 16829,17114,19805,17547,13422,17069
15127: 17019,20684,16977,16321,21143,20289
15128: 11400,15045,12373,12271,12161
15129: 15056,20997,16735,20234,18828,17132,13690
15130: 15536,18164,11874,15231,18956,21292
15131: 13747,12049,12456,1669,14999
15132: 20178,20695,18791,17046,14690
15133: 3049,20682,18706,18940,16625,2944
15134: 211,317,263,15500,14647,264
15135: 17236,16621,17150,19752,13666,16438
15136: 15008,12563,13585,16346,19490,18688
15137: 12462,17244,18958,17032,18408
15138: 12265,15158,13545,13211,13476,15831
15139: 15213,12230,14974,20451,17309
15140: 16588,19065,16224,18832,20571,14392
15141: 17269,12988,10850,14237,10772,12485
15142: 18930,20585,14733,17030,16888,19872
15143: 20081,20921,20988,19307,19340,20238
15144: 20022,20209,19215,20629,20293,18508
15145: 13455,15188,8605,16444,14029,11886
15146: 14804,18325,17266,16562,18400,1147,13448
15147: 9623,9527,15569,14506,9429,9526
15148: 15654,16607,12394,17232,14986,13285
15149: 12265,15158,21253,12465,13172,9
15150: 20418,12688,21213,18131,19746,19751
15151: 17858,14471,2141,13431,2045
15152: 15598,12856,13558,14437,16073,16553
15153: 14761,18343,16142,18540,13234,21027
15154: 15927,20359,16441,19156,20803
15155: 20138,14135,16800,17020,16986,15868
15156: 19004,18884,17328,16582,20712,18454
15157: 20161,16121,16935,15706,13518,13794
15158: 12265,15683,14092,15149,15138,13545,21253
15159: 14272,12930,17390,15478,19297,16848,14082
15160: 1225,16716,1226,14790,1310,1142
15161: 17318,13232,15424,11823,16850
15162: 20404,18725,15952,20271,16626,16827,20648
15163: 11557,16651,15969,16797,17843,11858
15164: 15362,167,216,168,14745,215
15165: 18251,13726,15740,11999,16027
15166: 19310,19913,21357,21215,14644,17805
15167: 16263,13549,20341,13883,15286,20725
15168: 11644,17898,19528,16984,15282,12526
15169: 13337,14748,17083,485,17247,20826
15170: 18369,20388,13468,13382,14936,18964
15171: 13661,18896,19073,13407,14168,15417
15172: 18981,18107,16779,20964,19049,12711,19856
15173: 13317,11799,16833,14933,18437,15451,11792
15174: 14842,13168,17877,16583,17374,12537
15175: 17565,12674,16897,15047,17248,13682
15176: 12059,17493,17829,16726,15832,19261
15177: 6162,6503,6276,20661,11912
15178: 13210,12953,12103,14588,12845,17352
15179: 13059,15341,755,829,13571,828
15180: 17498,17025,11717,15237,15668,16721
15181: 20035,18303,20745,12374,19818,19979
15182: 15597,15665,11818,13224,17446,18771
15183: 12087,15699,14866,14418,12963,11003
15184: 16451,13720,18735,17860,18902,12645
15185: 17205,20517,17310,15561,19747,15564
15186: 10443,14538,13189,18838,17011,10527
15187: 20481,12749,15590,15245,15686,14641
15188: 15145,20257,8605,14029,20723,15400,12777
15189: 19812,17247,20826,17357,16709,11789
15190: 17022,19089,16092,21156,17073,16465
15191: 20282,20472,15058,13763,20912
15192: 12924,14105,15712,13461,12654
15193: 18369,13637,13468,12565,12026,18923
15194: 36,66,37,14877,12363,12686
15195: 17855,17094,16034,17648,15964,15438
15196: 17164,15606,21107,14713,1153,1237
15197: 19045,15315,1493,1584,1494
15198: 12214,6389,15254,12145,6275,6388
15199: 17763,13522,15874,12380,19967,8068
15200: 4135,4136,4245,14727,4357,18004
15201: 18842,16696,20196,20023,17487,19375,15939
15202: 12158,11649,16785,13976,12066
15203: 11340,13044,12163,12671,19493,12269
15204: 17969,16946,16601,19331,12605,12561,15205
15205: 14103,13710,12561,12267,15204,12605
15206: 14557,1488,14762,1578,12876,12456
15207: 15104,15481,15069,20288,18081,12331,15626
15208: 17199,17439,17395,17051,14088
15209: 11852,12414,20383,17921,16738,14802
15210: 13144,9999,14090,15458,9906,14391
15211: 12624,17945,13566,13792,17033,11760
15212: 2940,16948,15779,2837,2941
15213: 12230,13172,15139,17309,16789,12465
15214: 17862,3364,3258,3151,18821,14838
15215: 14571,20652,20868,20449,17670,17949
15216: 13931,15323,17202,18314,14794
15217: 224,276,15046,223,275,15903
15218: 17274,14595,18375,20763,11783,12385,17387
15219: 474,357,415,414,356,413
15220: 537,603,18222,604,17385,673
15221: 990,13128,1072,991,1070,1071,912
15222: 13576,13311,20109,17384,17349,17647
15223: 12020,14499,11880,13946,14664,12653
15224: 12409,12882,12704,10088,14388
15225: 10271,12094,13056,10091,12752,10359
15226: 14424,12785,10926,11927,15489,17693
15227: 21257,13735,13313,12307,16995,17827
15228: 18695,15288,11773,18694,3476,14226
15229: 13594,12312,19456,10928,15444,13980
15230: 12401,11744,15661,13464,13082,13344
15231: 16230,18461,11874,17465,15130,18164
15232: 13659,17142,13305,19153,13887,11791
15233: 15092,18118,13532,20737,14943,12411,18279
15234: 14894,18293,20024,19684,19890,20379
15235: 17025,18155,16721,18738,16427,14882
15236: 15683,17289,13645,13694,6,7,17119
15237: 17498,15180,16721,13795,20249
15238: 11781,12441,12670,14373,12643,14939,12237
15239: 13063,13708,12649,15240,20485,8919
15240: 13708,15239,8919,14898,20223,18130
15241: 17331,17349,20974,12556,16373,13560
15242: 17139,17297,12691,16787,13384,19947,13809
15243: 17438,17152,15431,16767,18864,16933,11745
15244: 16313,18505,16769,19927,20405,19473
15245: 20481,15187,15686,20465,17116,19042
15246: 12319,20355,14268,12460,12748,20008
15247: 15517,13747,14063,12615,12740,15551
15248: 13386,18510,18484,13321,13877,20144
15249: 12422,13631,15301,16873,12829,15305
15250: 187,142,16245,186,235,236
15251: 14963,12578,11786,425,424,11897
15252: 14889,13537,18666,12576,17466,17091,17281
15253: 17046,12473,16328,11862,14905,18791
15254: 12214,6276,6161,12911,15198,6275
15255: 18065,18309,20229,13490,18096,19605
15256: 18607,15497,14180,15735,12996
15257: 14202,10854,10929,16630,10778,10855
15258: 15123,15610,13792,12641,17033,18556
15259: 12319,14268,19996,20354,18629,16662
15260: 18336,19997,19980,16744
15261: 12169,4242,4464,4352,17745,12431
15262: 5368,13852,12014,13309,5255,17174
15263: 17317,18673,16170,11823,11885
15264: 15534,11809,15895,14891,11884,986,1230
15265: 14820,17031,17484,17140,16798,12303
15266: 13236,12575,16333,15730,13651,17348
15267: 3048,13117,12944,14798,3153,3154
15268: 20595,14528,19123,18601,16935,13794
15269: 13863,164,12250,119,12617,13952
15270: 12904,15622,11875,12225,7850,7849
15271: 11796,13838,18302,616,17781,14812
15272: 20373,12600,20043,17587,13493,17444
15273: 18670,18421,19872,19826,16775,17627
15274: 13828,16516,6730,6956,12122,12054
15275: 13895,13002,16258,14225,6277
15276: 14114,13720,11907,13770,16760,18259
15277: 13834,17173,13335,14851,13278,20419
15278: 16973,13942,12312,11924,15118
15279: 6617,12712,18992,16916,17958,12305
15280: 12961,1145,16759,12610,1312,1228
15281: 14235,9714,9617,9713,9808,15482
15282: 12526,13749,15168,19528,21481,16515
15283: 13402,12413,16184,12667,13926,11647
15284: 18637,17282,17219,12377,18754,11760
15285: 19876,18407,20893,16213,16139
15286: 20725,15293,15167,13549,12396,15541
15287: 4240,14597,4129,15794,15507,12298,4019
15288: 18695,16970,15432,15228,3156,11773
15289: 18084,13459,17303,14771,3262,13418
15290: 765,841,766,15576,840,19314
15291: 11989,14402,12184,13112,14287,12985
15292: 16750,15427,12051,12552,12308
15293: 16957,20262,15286,20725,15541,13370,12756
15294: 20562,18703,20182,16907,16835,17491
15295: 14878,12816,12940,13060,1853,1947
15296: 3159,15819,13986,14275,12802,3265
15297: 18074,13824,14062,18241,15638,204
15298: 17072,11603,13539,16866,19789,11645
15299: 4239,4240,4129,4351,4350
15300: 18842,16696,11951,13821,14558
15301: 12422,14833,15249,13631,14847,13463
15302: 13791,17776,13943,13609,18020,13092
15303: 20069,11898,14311,17712,13885,18801
15304: 16765,21120,21182,16034,13326,16317
15305: 15002,12829,15249,16873,11839,13242
15306: 12392,11937,18305,20504,16857,17202
15307: 14148,13634,13950,17128,17823,13472
15308: 13236,13644,12575,12236,12497
15309: 16061,205,16648,207,11775,13033
15310: 17542,13259,20399,20431,12318,21010,19904
15311: 17144,14623,13829,12393,15615,17199,17914
15312: 17004,15031,13899,18084,13459,16234
15313: 13328,14687,17482,19345,18136,17048,19886
15314: 13664,15856,14768,14874,11904,116,12801
15315: 13845,1493,15197,1494,1406,1319
15316: 13144,14090,14357,12668,9812,9717
15317: 15617,12864,17120,12546,13664,11904
15318: 12300,5936,6050,12488,12579,14446
15319: 14336,17323,17861,13081,16577,14797
15320: 2438,2437,2539,2538,2639,17530
15321: 21321,12947,13096,15666,19025,13118
15322: 19993,19816,14169,12011,13363,14196
15323: 13931,17878,15216,18314,13262,17409
15324: 16999,12642,261,17039,210,262
15325: 491,557,558,13974,492,559
15326: 12084,19136,12005,685,14875,12832
15327: 1315,1146,16810,1229,13479
15328: 10923,12371,19760,11070,10998,13841
15329: 14385,113,14016,11768,12460,20008
15330: 13636,18480,17850,19557,12395,16412
15331: 18543,21195,20377,20545,18427
15332: 10271,12048,15396,13056,14896,12591
15333: 14075,14018,13418,20467,16398,19139
15334: 12382,13567,16194,12597,20628,13751
15335: 11335,11914,14067,13288,11336,12661
15336: 15403,14144,13770,7181,13611,12587
15337: 14806,56,55,54,12908,13632
15338: 12188,12742,11641,12789,12530,15399
15339: 11627,11628,15759,11703,11668,11669
15340: 14890,246,15462,245,297,296
15341: 13059,12449,829,12678,830,15179
15342: 16052,11834,20730,21356,17300,11878
15343: 15776,11078,11079,15804,13031,13125,11148
15344: 13630,18623,14706,12029,14121,13374
15345: 375,317,316,263,374
15346: 17978,18055,17111,18946,17063,19835
15347: 8716,8610,8820,8609,8715
15348: 12164,18538,48,18883,83
15349: 18456,20036,20116
15350: 13213,6732,11976,13255,6506,12854
15351: 14157,18045,17011,10357,11962,12723,10528
15352: 11839,13242,12312,11924,19456
15353: 11785,17464,12303,17140,13849,18928
15354: 11548,14457,11496,19897,17673,11497,11443
15355: 13803,12260,13504,13219,12524,2433
15356: 19365,18625,12640,18573,12314,20644
15357: 16762,12550,13193,11271,12212,12115
15358: 12099,12235,1947,17477,12286,12797
15359: 11813,14180,15030,14144,11922,12587
15360: 16914,16839,18677,18705,16287,21123
15361: 15435,18273,18766,16941,20770,13347
15362: 14066,167,15164,168,124,13695
15363: 18786,18487,20422,18737,20124,17744
15364: 12975,11953,16917,5370,12536,5484
15365: 12921,16511,8918,16634,8814,19102
15366: 17848,12892,20670,20,17577,13439
15367: 14833,14816,17993,18914,18513,12847
15368: 15949,18577,17203,14947,18228,16488,19017
15369: 17341,17016,19569,13434,16982,17265
15370: 18865,14935,18200,19884,16712,16676
15371: 18971,43,12001,17419,16360
15372: 11923,20631,16994,15848,21434
15373: 17814,13188,12058,12991,14565
15374: 14089,5254,18568,5140,5367,12140
15375: 18173,16900,21132,14619,20082,18698
15376: 14730,17162,13831,13455,18675,20128
15377: 15436,20096,14478,12541,18294,13529
15378: 20100,19144,21174,18802,20853,15914
15379: 21458,20874,20170,17715,12463,20197
15380: 12187,13292,12211,2335,12070,15390
15381: 17001,12326,18274,18158,1490,13520,13413
15382: 12345,16760,13611,14717,17322,17381
15383: 15715,12429,14269,17993,13463,14244
15384: 10522,14749,15736,10523,10608,10524
15385: 7296,15745,7297,16126,7184,7071
15386: 18942,18010,14524,18264,12106,13802
15387: 17038,18586,14003,12072,17376,18782
15388: 15651,16955,20186,14335,17722,19
15389: 13253,13702,17458,15078,15114
15390: 13627,12070,2044,17243,12187,15380,2335
15391: 12160,13678,12752,10182,10272,13066
15392: 16942,18342,19946,18802,20100
15393: 13339,12667,11864,13402,15809
15394: 14231,12593,14303,11940,14031,17056
15395: 18104,15122,20246,20332,18647,20692
15396: 12048,15332,12862,17035,14896,13648
15397: 20160,18633,11948,20834,18672,18849
15398: 11795,16957,12007,20262,19316,12692
15399: 12530,21364,11640,16304,15338,12188
15400: 13122,12777,12932,12114,20257,15188
15401: 16797,12338,17271,18722,19106,17285
15402: 19937,18003,20864,21408,12655
15403: 15336,17070,13814,11907,13770,7181
15404: 14916,8609,8608,8715,16432,8502
15405: 13799,18899,16264,16115,14856,20063,16965
15406: 13049,12728,12255,12146,12202
15407: 14020,17214,18739,17183,20146,12880
15408: 1857,13135,17352,13155,1951,12953
15409: 15555,114,18995,13689,14016,13739
15410: 17533,7958,19460,18245,18834,19022
15411: 12406,13988,19659,17143,19254,17711
15412: 12823,15822,11938,15102,18168,12586
15413: 12718,17296,14716,15584,17676,12454,11505
15414: 13149,12241,12287,14811,12947,16016
15415: 15522,14415,11004,10930,12238,10929
15416: 20544,16949,14821,17313,18191,19077,13887
15417: 13307,19523,16195,13661,15171,14168
15418: 12773,12946,1230,12515,16810,15743
15419: 12402,14513,13465,15633,4243,12805
15420: 18816,12877,20911,19431,21489,14911
15421: 12458,15838,18696,13405,15741,19235
15422: 20604,19149,21018,20118,20074
15423: 18626,16954,16890,18588,18482,20434
15424: 14315,15161,13232,18806,11823,13984
15425: 370,430,14351,371,16576,431
15426: 20270,20631,11815,18904,14785,11808
15427: 16750,16780,15292,18426,4466,12308,11946
15428: 16581,16472,17782,16573,16985,13540
15429: 20151,20347,18532,20580,19831,19814,20360
15430: 20252,13429,20485,11893,14264,12487
15431: 13368,12415,17438,15243,17152,19082,19630
15432: 16970,18952,15288,3156,11889,21155
15433: 11998,14164,12014,18140,11913,11831
15434: 13161,13223,12612,13715,16012,15496,9425
15435: 18766,15361,16941,16980,18394,18909
15436: 14167,20096,15377,13529,18879,686
15437: 12534,11930,12060,14045,15581,17017
15438: 20215,21124,14526,17648,17094,15195
15439: 17081,12088,12695,17546,13891,18516
15440: 13050,13025,551,14245,14887,12676
15441: 13505,16263,13549,13451,14784,12396
15442: 17547,15847,17566,12357,17114,19316
15443: 13009,19087,12116,18412,41,12766
15444: 10928,16975,15118,18458,15229,12312
15445: 21420,13716,12498,19517,16414
15446: 14005,17389,16872,13263,13781,12584
15447: 16026,11993,14150,14005,17389,19163
15448: 190,191,239,15866,192,240
15449: 17239,20080,19080,18281,12554,11771
15450: 14941,12108,12121,13096,13171
15451: 12304,18596,6390,15173,16833,18437,14486
15452: 18500,18566,13822,13478,18865,18200
15453: 15496,12272,17155,13535,13161,15483
15454: 15613,12070,16250,1855,12978,13181
15455: 15047,16918,21445,12540,17209
15456: 15685,11952,3583,17762,18750
15457: 15820,11697,11698,15567,17417
15458: 9999,9906,15210,14074,12776,12747
15459: 10181,14183,13147,13425,15676,12072
15460: 20315,16968,20809,17800,19353,16256
15461: 17258,12606,19135,9124,19346,17193,19011
15462: 14890,197,15340,196,17146,245
15463: 14769,19805,20179,6957,18526,17069
15464: 15826,13978,13456,14668,14081,12386
15465: 546,482,15095,12447,12528,12857
15466: 12154,18100,13205,17421,12249
15467: 17792,16891,12638,15034,15717,13758
15468: 1948,14383,12741,18986,12797,14878
15469: 17038,18586,18887,14828,12323,16657
15470: 14791,12934,12804,13192,12054,7069
15471: 18873,18573,19321,16615,14827,12640
15472: 12423,20226,19817,20674,16991,13595
15473: 16457,19295,17761,16383,18446
15474: 537,536,603,14249,13022
15475: 7739,14676,12434,18661,13327,16046
15476: 20365,11215,11149,11148,11216,20189
15477: 13467,11397,15894,14802,18512,13670
15478: 15159,17390,17201,19130,16848
15479: 18726,17443,19080,13496,17312
15480: 15101,15579,13924,13994,17293,13595,19817
15481: 18232,15207,18991,15104,14642,15626
15482: 9713,9712,9616,15658,15281,9617
15483: 16518,13161,13109,13535,15453
15484: 11900,15119,5938,6051,14915,12822
15485: 12519,17142,14591,20938,13270
15486: 13916,20188,15542,549,13602,19761
15487: 18764,18805,18158,1490,20404,18725,17413
15488: 18973,18874,20702,16523,11747,20510
15489: 11927,10926,15226,18855,14152
15490: 17281,18782,14085,13660,12576,17940
15491: 10183,12251,10272,10359,12752,12609,13473
15492: 12386,18730,13752,13499,13601,12483,18197
15493: 18839,11832,10774,19573,12834,12311
15494: 15750,11,19364,17346,17701,19099
15495: 331,275,277,15695,225,276
15496: 13800,17155,15453,15434,13161,9425
15497: 12652,11813,15256,14180,15735,7405,7068
15498: 16697,17581,17620,18613,20499
15499: 16033,14395,12424,11681,11865,11925,12775
15500: 317,15134,318,376,264,319
15501: 11755,16725,11753,13138,12227,12182
15502: 21094,19159,19055,18595,17086,13718,21122
15503: 16719,19004,21223,14449,18190,17328,19845
15504: 16621,18381,8815,13429,16051,14023,17150
15505: 11563,16096,15771,11515,11514,11564
15506: 20953,20443,17450,13151,19820,19183
15507: 16359,12298,3910,4019,15287,14597
15508: 11752,11729,16578,13626,11751,18037
15509: 17012,19585,13969,8068,17754,12052
15510: 4575,12739,12949,4576,4689,4688
15511: 15074,4918,5031,15783,4919,5032
15512: 5932,14971,5933,5818,5705,5819
15513: 19728,12729,156,13639,12030
15514: 14135,17252,17632,14116,15793,15518
15515: 6959,6958,15775,7184,7071,14686
15516: 16186,17935,14581,16788,17138
15517: 18729,15605,13747,15247,18732,12615
15518: 15793,15816,14122,16396,15514,17632
15519: 677,15796,608,609,678,749
15520: 20318,18559,19274,18539,1763
15521: 11851,11396,14663,21049,17928,13294
15522: 14415,15415,12042,12190,10853,10929
15523: 12915,11212,18225,12963,11144,12075
15524: 16770,17406,18229,18757,14041,14126
15525: 11505,13510,19438,14917,11983,18246,12718
15526: 16992,16895,12403,13665,18941,12626,19940
15527: 17533,7958,16665,20703,18560,19426
15528: 14952,20561,16808,20643,16591,16993,12538
15529: 14099,17511,13123,14136,15929,12168
15530: 18968,13854,19928,13304,14045
15531: 12423,18809,12337,11845,13488,13779
15532: 12045,13055,15698,13228,11718
15533: 12749,15590,11682,17473,13291,20162
15534: 13861,12833,15264,11884,986,17351
15535: 3054,15819,13986,15824,3160,3161,18013
15536: 15130,13870,18164,21246,17198,21292
15537: 13035,14061,13250,13827,11600
15538: 17216,12852,16408,18856,16889,12069
15539: 18563,19337,16681,18657,16698
15540: 57,15035,58,13875,13190,29
15541: 12835,13549,12396,15286,15293,13600,12756
15542: 13916,15486,13338,18195,14019,549,11788
15543: 173,127,172,87,128
15544: 14336,12995,12113,14034,13051,14567,13062
15545: 14752,12555,14780,16702,17186,19895
15546: 17195,14169,16236,20107,20581,12584,12011
15547: 20455,20333,12956,18650,20253
15548: 14672,15809,17917,13967,13423,11879
15549: 14057,16164,17534,18681,910,16722
15550: 7628,17153,14703,16291,15112,18176
15551: 17449,12615,14729,12740,15803,15247
15552: 12630,14347,17106,18085,11959,12942
15553: 14174,1949,2140,17213,14823,17295
15554: 14810,18381,20877,20252,13429,13521
15555: 11919,15409,14119,18995,12620,13739
15556: 11756,16235,13138,12227,14117,14363
15557: 17288,14040,12900,15637,14339
15558: 13090,14046,14210,16892,15574,17227
15559: 18641,20709,18582,16959,17947,15001
15560: 12102,14158,17439,17395,16176,12133
15561: 17511,14136,15185,17310,15564,17329
15562: 12199,14155,15643,19173,17021,12932
15563: 17750,16979,1949,14036,20444
15564: 19747,20918,12654,15185,15561,17329
15565: 13923,17363,13555,16114,14985,2335
15566: 14165,19840,15581,17017,17109,11804
15567: 15457,11697,11696,11660,11695,17417
15568: 9429,9330,9331,9526,9430,9428
15569: 9719,15797,9623,15147,9527,9624
15570: 16265,16137,13483,16462,16418,15015,13786
15571: 17830,13197,10611,10526,16232,10441
15572: 12324,15665,13575,13165,12917,13378
15573: 14753,13509,19967,19585,17377
15574: 19275,17926,17253,17227,15558,14046
15575: 14661,17874,19842,15608,19074
15576: 839,764,691,840,765,15290
15577: 15768,18959,9018,8915,14958,8916
15578: 8920,13109,18844,13154,13535
15579: 12489,13924,15480,19817,11845
15580: 9522,9619,19610,13965,13801
15581: 14165,12022,15566,17017,15437,12534
15582: 18927,24,12614,13037,12619,25
15583: 17082,12270,2238,15673,2141,2336
15584: 12333,15413,12718,14716,17023,14663,13392
15585: 17330,15656,18330,14126,16770,12691
15586: 12547,16743,19046,14722,11774,12440
15587: 14635,14726,16023,436,375,318
15588: 14077,12421,12170,17851,12085,13628
15589: 19337,18657,17149,17125,20198
15590: 12749,15187,14641,15533,17089,20162
15591: 14161,19900,16987,14389,17414,20172,17034
15592: 11723,11694,15890,11724,14302,16693
15593: 12193,12510,15931,13029,12206,10531
15594: 12798,12736,11896,14552,12767,16248
15595: 1951,1856,2045,12953,13871,1950
15596: 13026,13620,4580,13173,4468,4693
15597: 11818,15182,14657,13224,12155,7518
15598: 15152,12856,13740,14613,13558,13427,18304
15599: 11782,12768,16739,17347,14012,13669
15600: 8284,18515,15629,16140,13444,17267
15601: 4690,4803,5028,11821,12713,12327
15602: 3363,3470,3364,16485,3471
15603: 11553,11915,14382,13487,12240,12954
15604: 13706,2432,2532,13649,2333,13394
15605: 1489,15517,13747,11819,18732,12049
15606: 1236,16272,17164,1321,15196,21107
15607: 13902,14523,12144,12897,3369,21350
15608: 18108,12055,14054,19842,15575,17874
15609: 62,63,13212,32,33,13878
15610: 15123,15258,18002,18556,11869,11740
15611: 18028,11925,16033,11863,14133
15612: 493,16229,15773,492,559,429
15613: 15454,13627,20591,12070,16250,15754
15614: 17052,12799,14166,20235,19262,12683
15615: 12393,15311,12672,13818,17914,20285
15616: 14204,19406,20516,2636,15644
15617: 13033,15317,17120,16689,13664,11775
15618: 12169,4242,4131,13956,4020,13713
15619: 17166,17975,15780,20232,12411
15620: 11453,13812,16267,17181,16369,12989
15621: 17498,15668,21151,18511,20553,18247
15622: 7629,12904,12806,15270,16661,7849
15623: 17842,11616,17255,11656,15932,15870
15624: 13439,15011,15634,19081,11881,17848
15625: 3050,13550,14946,13508,13902,12220,3051
15626: 18411,11846,12331,15207,15481,14642,16266
15627: 15748,14137,11204,11272,11136,11205
15628: 4467,14432,12805,18804,13702,4354
15629: 18515,15600,17267,18096,20548,14068
15630: 19949,21125,19935,17168,19548,19808
15631: 8066,8067,7957,13080,16884,12421
15632: 11072,14375,12815,15944,14145,12755
15633: 13702,15078,18814,13465,15419,12805
15634: 13705,17383,16871,15624,19081,11881
15635: 693,767,841,766,842,694
15636: 14300,12257,12261,760,836,14120
15637: 12495,12360,14339,18600,14040,15557
15638: 12547,18241,19046,18726,15297,13824
15639: 11967,18868,13872,12673,15650,13868
15640: 28,16161,19753,20187,14817,5
15641: 14192,1398,1311,1397,15828
15642: 18018,15738,15646,1402,13977,11956
15643: 20257,15722,13724,14143,17021,12932,15562
15644: 20348,14204,15616,2738,20428,17210
15645: 20474,12402,14513,18251,17182,13726
15646: 15792,14100,1402,15085,11956,15642
15647: 16061,14076,17685,20687,207,13477
15648: 21427,12026,5255,11998,11827,18923
15649: 12793,14097,17426,13697,13957,14035
15650: 15639,12673,13868,1580,11816,14474
15651: 14109,15388,14481,16955,20670,20186
15652: 1859,15906,14172,1953,16188,14193
15653: 15750,11,15781,20984,14489,19276
15654: 12394,15148,13743,13285,15942
15655: 16847,14675,13443,18403,18798,16271
15656: 21365,16703,15714,19963,17330,15585,14126
15657: 1319,1234,1235,16660,1320,14291
15658: 9520,18377,9519,9616,15482,9617
15659: 10612,14369,12753,18144,13790,12485
15660: 14017,688,12531,11798,14322,12707
15661: 15230,11744,13082,11746,13023,12719
15662: 13158,13697,13957,12019,13544,12433
15663: 12405,13857,14160,12093,12098,13113
15664: 13773,12209,14853,12236,12497,13351
15665: 12324,15572,11818,15182,13165,17446
15666: 14364,12947,15321,14041,19025,16016,2840
15667: 13515,15829,11945,11890,15766,13569
15668: 17498,15621,15180,11717,18090,18511
15669: 4135,4026,4025,4136,4246,4137
15670: 13308,19706,13343,16444,14730
15671: 14923,409,352,410,14530,470
15672: 11961,19121,13257,16048,14434,13085
15673: 15583,13629,2141,2336,12275
15674: 18825,19030,19637,20115,18367
15675: 2042,2138,12816,18986,16355,13040
15676: 13425,15678,12444,13515,15766,10181,15459
15677: 19259,15969,17285,15764,13421,12315
15678: 11822,12323,13425,15676,12444
15679: 13064,18049,21477,14378,18860,20818
15680: 18181,19958,18429,15115,17087,17346,19099
15681: 11822,12444,19888,14895,20401,13687
15682: 10437,10351,15736,10523,15835,10438
15683: 14092,15236,15158,21253,13645,17119
15684: 17776,13806,13943,15813,12912,12971
15685: 13921,11952,15456,3692,3583,13132
15686: 16714,12749,15245,16241,15187
15687: 2533,13394,13699,13219,2433
15688: 16847,14776,13443,13416,19729,19111
15689: 11802,13683,834,14680,17261,16501
15690: 12198,12585,17437,11977,12952,8606
15691: 16172,17822,1316,13482,12858,21175
15692: 17054,13331,18709,17073,18932,21156,15721
15693: 3582,13020,3690,16185,3800,19279,12853
15694: 14463,13218,16051,18130,13708
15695: 225,277,15495,16009,226,278
15696: 16572,8288,16432,8395,14376,8394,8608
15697: 12185,13640,5145,5372,5258,5259
15698: 11689,12082,13055,11688,15532,13228
15699: 15183,12963,11003,11075,13614,12203,18225
15700: 11705,16336,13275,13074,11735,12660
15701: 13055,13054,11651,11688,18218
15702: 12156,11718,12105,14456,13042,17615
15703: 11704,14363,11732,11733,11734
15704: 16818,18954,13424,16849,14232,14313
15705: 12975,5597,14179,11953,11833,11908,17589
15706: 15157,13518,13794,11958,19107,20514,16569
15707: 27,5,13632,56,13875,13190
15708: 74,73,20459,12021,19192,72
15709: 16279,13339,18185,19354,11864
15710: 9716,9811,12067,14070,14358
15711: 15724,12351,11274,15753,12760,11849
15712: 15192,13461,18292,12654,19602,18841
15713: 111,152,12779,12570,12364,15879
15714: 19963,15656,14126,18040,14153,18229
15715: 15383,12429,14269,19476,14568,15889
15716: 16791,12106,14345,18942,13565,12925
15717: 15034,12559,12623,12638,15467,18020,15852
15718: 20835,16468,12778,14241,18522
15719: 12918,18769,14099,15929,12050,15770
15720: 14013,18317,13245,15726,16648
15721: 13451,20416,16092,21156,17054,15692
15722: 17162,13831,13724,15643,17171,14143
15723: 615,684,12705,12468,16575,14299
15724: 12351,15753,15711,13320,13635
15725: 9713,9808,14414,16455,9807,14112
15726: 14013,18317,15720,20781,14031,13481
15727: 12362,3158,15788,20380,3264,3157
15728: 18533,18586,14003,18887,17099,17380
15729: 12100,13106,12478,18659,12136,13815
15730: 13236,15266,12888,16333,17260,14582
15731: 16686,11739,11869,15786,11740
15732: 19057,14715,16695,13410,21133,17298,12830
15733: 12159,3261,12751,3474,12134,3475,13162
15734: 17732,17067,16918,12540,16011,12343
15735: 15256,15497,15882,7405,12229,12996
15736: 10437,15682,10436,10523,10522,15384
15737: 13256,13130,12459,11558,11910,13914
15738: 12435,13746,18018,15642,13940,13977
15739: 14965,14840,11860,20279,13597,16069
15740: 13933,13711,18251,15165,12417,17027,11999
15741: 15838,15421,19235,21421,13585,20713
15742: 13998,13855,13148,10612,12753,17872
15743: 12368,16306,12774,12773,12515,15418
15744: 18684,10089,11885,13530,17317,16280
15745: 15385,7297,7184,7072,7409,7185
15746: 16844,11745,15816,19268,19108,17899
15747: 13131,5707,5820,5934,13252,5821
15748: 11334,11270,14262,14137,11204,15627
15749: 18270,11892,1670,19355,16717
15750: 11,15781,15494,15653,14305,17701,20609
15751: 14330,18393,12536,5256,5370,12714
15752: 20542,18974,18881,13159,20680,20660
15753: 15724,15711,14924,11849,17354,13320
15754: 15613,13627,20591,16435,2139,13514
15755: 13899,13756,18084,3262,18829
15756: 12125,12999,16728,12091,13196,17337
15757: 14856,15765,13379,18209,17410,11719
15758: 12735,8606,12952,8712,19267
15759: 11627,11667,15339,11703,18139,16097
15760: 12405,14579,16305,14196,13857,19816
15761: 11974,14742,16270,17250,13647,12302
15762: 18704,18468,18719,19033,14387,13102
15763: 13196,14901,13169,11750,11749,11748
15764: 19259,17382,15677,14312,13336,12315
15765: 18209,18256,15757,12945,12130,11719
15766: 13515,15667,15676,14870,13569,10181
15767: 13867,13848,11668,11670,11629,11669
15768: 9121,9120,15577,18959,9018,8916,9019
15769: 10533,13012,12821,10532,17049,16385
15770: 13543,16204,12918,15719,12050
15771: 11563,15505,11608,11564,11609
15772: 20049,15086,14326,17308,15860,19020
15773: 428,368,492,369,429,15612
15774: 18557,13207,15867,12707,12135,11978
15775: 6959,15515,6958,6847,6846,17873
15776: 11008,15343,10935,11079,15804,11009
15777: 13760,17005,11992,14044,12748,17154
15778: 12090,16633,14441,13287,12826,17131,15815
15779: 2734,16289,15212,16948,2837,2735
15780: 17975,15619,12598,20232,14508,13409
15781: 15750,15653,17360,19276,20609
15782: 20609,13123,14095,12168,14359,17890,17360
15783: 4807,14048,4919,4918,15511
15784: 13735,18175,17008,12549,14038,18214
15785: 11821,5141,12713,12966,21239,17723
15786: 19053,11995,12788,11740,16686,15731
15787: 18880,13036,11816,13167,18648,1403
15788: 15905,14362,20380,12362,15727,11928
15789: 13269,17309,12133,21462,12102,14974
15790: 12386,18624,13499,14969,17362,14081
15791: 15895,11884,12515,18400,1147
15792: 16172,16031,13822,15646,14100,15085
15793: 16844,13729,15816,15518,15514,14116
15794: 15287,4129,4018,4128,16664,4019
15795: 13026,13620,14727,4581,4357,4469
15796: 677,822,15519,748,16352,749
15797: 9719,9624,9814,9720,15569,14934,9815
15798: 20251,19964,16393,16307,21158,20411
15799: 11927,16822,17342,15850,21250,13894
15800: 70,69,104,14411,106
15801: 13328,16873,10694,16973,11924
15802: 12500,12968,16123,18920,15812,13525
15803: 17449,12740,15551,18882,14142,17424
15804: 15776,15343,11079,11009,11080,11148
15805: 16486,3805,12872,3915,3913,3914
15806: 18248,12778,17709,14241,20393,15872
15807: 14103,18784,13837,18345,18037,11752
15808: 16821,14764,255,18396,18521,12295,18317
15809: 15548,14672,13339,15393,17405,13402,11879
15810: 13484,12010,12489,13924,13244,16894,19663
15811: 12611,12595,18113,11395,11335,13288
15812: 13213,13255,18920,15802,6845,13525
15813: 15684,13806,9326,16415,13157,14990,12971
15814: 16048,11838,13657,8604,12119,19804
15815: 12826,17754,17012,13989,16633,15778
15816: 16844,15793,15746,15518,19108,14122
15817: 21,22,16910,51,13078,12231
15818: 7959,7850,14468,12283,12962
15819: 3159,13986,15535,3160,15296,3266
15820: 15457,11728,11699,11727,11697,11698
15821: 17777,763,839,764,838,16636
15822: 361,12823,15412,15102,362,306
15823: 7293,13206,7406,20071,13214,12976
15824: 3054,15535,2949,2845,3055,18013
15825: 21200,7846,14154,7736,7737,7847
15826: 254,13978,15464,17727,14668
15827: 17068,18357,18707,12582,19034,14151
15828: 16716,14790,1396,15641,1311,1397
15829: 13515,10090,11945,13687,17531,15667
15830: 16022,13200,117,162,118,13918
15831: 13476,14777,17890,13211,15138,13123,15929
15832: 19261,14014,15079,12631,16726,15176
15833: 2140,16407,14272,17390,16356,16420
15834: 16706,14381,12516,14425,18443,13065,17884
15835: 15682,10351,10263,10352,10438,10264
15836: 11392,11268,11331,12213,11332,11269
15837: 19019,19778,20764,20667
15838: 12458,15421,15741,16390,13585,19490
15839: 18706,2944,18714,14409,19097,17066
15840: 19357,19056,20700,16094,18993,20971
15841: 350,17130,245,244,296,16380
15842: 18108,12873,15003,13830,12684,17398
15843: 17104,14522,12474,14125,20657,20040,14401
15844: 19019,19269,21240,19778,20993
15845: 19725,17622,16035,12955,20075,19434
15846: 13462,12895,10927,16446,11002
15847: 18968,12692,13854,17547,15442,19316
15848: 13634,17505,21434,17512,15372,16994
15849: 8923,8922,8924,8714,8819,8818
15850: 15799,17342,17186,19895,20373,13894
15851: 2632,13706,2532,2734,13999
15852: 12192,13092,15717,18183,12638,18020
15853: 13741,11929,19903,20497,17036,11790
15854: 16772,19761,18327,20188,12656,17475
15855: 12277,16989,13871,12275,16171
15856: 20687,207,13664,14768,15314,11775
15857: 2939,2940,16948,3044,16605,17010
15858: 18092,19139,13427,14075,16938,12856
15859: 21375,19926
15860: 17415,19020,15772,20645,20716
15861: 12402,13726,4243,20616,13780,11872
15862: 13574,13655,11964,12572,12162,11912
15863: 15865,13239,19952,14284,17900,18398
15864: 16276,18512,14184,13820,13670,19038
15865: 13293,16879,19051,13239,19952,15863
15866: 148,192,147,15448,191
15867: 12197,15774,13207,14120,12707,14017
15868: 16986,14900,18558,20138,15155
15869: 4132,13713,17745,18994,12169,12628
15870: 15932,11655,11613,11654,15623,17255
15871: 13054,11651,11650,13013,12166,14285,12263
15872: 16376,16577,17901,14797,15806,14241,20393
15873: 18049,21477,14907,17969,19032,14477,12884
15874: 13522,12511,15199,14222,8068,12052
15875: 15880,7519,13045,7630,12548,7520
15876: 13503,14936,12359,5142,17029
15877: 13844,12868,11961,12085,13628,13089
15878: 12013,757,14263,20916,13005
15879: 112,12364,18686,15713,14419,12570
15880: 7409,7410,7298,15875,7519,7520
15881: 14265,13156,18976,12031,13034,14664
15882: 13734,13206,7405,12560,18198,15735,12229
15883: 14340,16025,13959,15990,12297
15884: 19031,19299,20717,20627,20664
15885: 13225,9715,19610,13685,12167,14227
15886: 14266,11735,14186,13753,13275
15887: 13312,13281,17221,14919,18038,11933
15888: 14287,17970,12985,12032,13497,304
15889: 15715,12429,14568,10613,12913,12017
15890: 11694,15592,16397,16693,11658,11657
15891: 17633,20979,20797,21379
15892: 10268,12704,13983,10269,19344,12450
15893: 16409,18930,10270,15986,16344,14701
15894: 20158,13467,11397,12495,15477,20027,18600
15895: 15791,15264,11884,1230,12515
15896: 19344,14098,13548,14388,13864,10180,15912
15897: 17210,17709,20393,14439,14284,17901
15898: 532,468,533,16343,469
15899: 20635,20132,18308,13231,19631,19061
15900: 17323,12995,20880,14034,18522,17113,16468
15901: 18475,14592,16086,20300,7294,18544
15902: 20701
15903: 330,275,15046,274,329,15217
15904: 18778,14323,2435,16879,13239,14671,17082
15905: 14362,12220,15788,3051,12144,11928
15906: 1859,1766,15652,16188,1954
15907: 16631,20132,14485,20175,18479,18431
15908: 19109,19245,17486,19404,19965
15909: 12320,14598,19505,16120,20350,20668
15910: 20873,20847,19208,20886
15911: 11612,16589,11653,11652,11690,13767
15912: 14098,13864,15896,12679,14006
15913: 17682,20087,18606,19667,16186,21126
15914: 20853,14511,19474,16417,18802,15378
15915: 8498,15934,14832,21266,19468,19484
15916: 19332,20771,17691,20967,17535
15917: 990,912,14970,911,12622,913
15918: 12481,13053,3367,12751,14800,3474
15919: 16258,12682,6050,13061,12472,13895
15920: 20251,20131,16307,17916,9810,21362
15921: 20742,15987,19586,13268,17721,17936
15922: 14477,12264,19845,13577,20384,14449
15923: 19317,21079,21410,21009,20000
15924: 21045,19382,21005,19372
15925: 19109,20726,21026,20734,17525
15926: 19488,12869,17906,17524,17133,20077,20444
15927: 15154,16441,19156,19771,14542,18885
15928: 17526,20801,19148,21008,20941
15929: 14099,13123,15529,15719,14777,18769,15831
15930: 1859,1766,1765,1674,13869,16471
15931: 15593,12206,10614,13121,17394,10531
15932: 14239,11656,13430,11655,15870,15623
15933: 11147,11146,13031,13997,12453,12690
15934: 18116,15915,14832,19484,20111,20673
15935: 18137,18475,16086,16119,18937,18902
15936: 19164,19962,18011,20328,21147,21084
15937: 20540,15992,18851,12320,17844,12321
15938: 19086,17570,20879,19827,18080,20785
15939: 19375,21325,18842,15201,19407,20843
15940: 17636,20994,21411
15941: 17716,18319,19558,18416,20293,19095,20719
15942: 14039,18483,15654,13743,17903,13285,12001
15943: 18606,19117,16659,19667,18866,19559
15944: 12148,14145,10925,12008,15632,14375
15945: 12810,20571,16338,21103,12041,16224
15946: 126,86,14030,15007,17246,125
15947: 17564,17692,19126,19201,19920,15951
15948: 14436,19519,20012,19707,20676,13
15949: 76,17707,13243,17203,14947,15368,16431
15950: 16424,17635,20346,19632,18110,20135,17824
15951: 19429,19990,19524,15947,19126,19920
15952: 17937,15162,20271,21428,16626
15953: 16638,18562,13322,16666,18021,19417,20397
15954: 173,174,14482,129,128
15955: 11554,13487,12186,12240,19914
15956: 18755,21121,12335,20057,18326,17809
15957: 19439,21336
15958: 19643,20344,21309,20242,20592,18355
15959: 21113,21209,21459,20919,20793
15960: 11861,16135,17388,12596,17411,16110
15961: 17543,20126,20881,19222,19697,20750
15962: 18213,20807,16103,14743,17783,18171,20883
15963: 20290,16293,17677,17472,21009
15964: 13333,19552,17770,17648,17855,15195
15965: 18642,19282,13417,18758,14660,18811
15966: 17983,19131,20932
15967: 21242,21088,17788,16260,21178,19472
15968: 18012,18127,20308,20948,20509
15969: 15677,17285,16797,11858,13421,15163
15970: 10089,14253,16338,20960,21103
15971: 19821,20389,18142,14380,20136
15972: 14772,13321,13877,13357,17516
15973: 21085,20276,19217,19231,20799
15974: 12920,12309,20738,19189,19110
15975: 17553,21402,19973,19189,20905
15976: 19594,19600,20021,19865,18258,17713
15977: 13360,19479,20218,16705,18574,20280
15978: 13916,13338,17471,14831,16675,20470
15979: 17643,17883,18597,20198,16107,12970
15980: 18622,18983,14666,20177,21333,18715,14556
15981: 14348,17396,12712,13008,14071,14607
15982: 21090,19520,21167,13276,19877,20079
15983: 12345,11922,17322,12078,12055,13830
15984: 17522,20432,20488,19374,19050
15985: 13846,14447,11891,18497,18868,12673
15986: 18930,15893,17318,14733,17510,14701
15987: 15921,17560,20742,18401,20593,14872,19586
15988: 17538,20727,19132
15989: 19562,17796,19855,18826,19059,16093,20828
15990: 17373,12480,14830,18803,12297,15883,13959
15991: 14546,18288,17784,21010,13654
15992: 18283,15937,18851,12320,19505,12819
15993: 17568,20617,20982,18509,19498,19491,17832
15994: 14171,13926,11647,16746,12702,12883
15995: 10612,14369,11987,18162,20298,13148
15996: 20913,13403,17594,19270,16177
15997: 21104,21043,19577,19483,17785,21140
15998: 14643,19399,19599,16102,18029,20037
15999: 20929,20878,19315,17799,19457,19987
16000: 14072,2949,14314,2742,2845,2846
16001: 18049,14378,17969,19331,13598,11755
16002: 20764,20848,17141
16003: 19505,16120,12819,14509,14942,17471
16004: 20046,19941,17896,19710,16358
16005: 20849,19382,19158
16006: 19791,20850
16007: 20970,17476,20811,20704,19101,17518
16008: 14205,77,17190,13068,12770,11767
16009: 178,226,227,177,15695,225
16010: 20013,20824,20802,19116,20739,20780
16011: 16842,14108,12343,11898,12540,13885,15734
16012: 12559,12623,13715,15434,13791,9425,17262
16013: 20896,21033,17528,19278
16014: 19145,17476,20704
16015: 14775,18464,16587,20506,18785,20489
16016: 12947,15666,15414,14811,2840
16017: 17974,11826,19498,19491,13412,19673
16018: 19203,20072,19306,17598,14944,21483
16019: 16482,14613,19411,13558,14951,13352
16020: 20556,18761,16519,13563,20490
16021: 20466,17563,19619,20925,21274
16022: 15830,12117,13200,162,12181,161
16023: 14635,499,15587,436,16969
16024: 19951,19942,21014,12361,21021,21089
16025: 12625,15883,14340,13306,758,12297
16026: 12505,11993,15447,14005,13905,13445
16027: 11999,14273,11872,17237,15165,13726
16028: 21154,19380,21194,19175,20783,19395,17584
16029: 19609,18174,20205,13273,14501,17863
16030: 13315,17989,20641,19875,18338,17013
16031: 15792,18566,13822,13324,15085,18820
16032: 18755,18341,17809,11797,18813
16033: 15499,11681,11925,15611,18028,13961
16034: 16765,17855,15304,17094,15195,21182
16035: 20231,17622,15845,20570,17549,20075
16036: 18792,13362,19944,13284,20044
16037: 18346,16377,17452,14850,13654,18391,14546
16038: 18319,18416,21404,20629,11454,18819,16684
16039: 19253,16211,16996,17797,19862
16040: 18888,21322,12341,20620,21412
16041: 21411,21073
16042: 388,330,331,389,332,16771
16043: 12786,17657,16630,10930,12238,10931
16044: 20073,16530,14996,16632,19190
16045: 19264,12350,19218,16125,21116
16046: 13327,18972,14087,15475,12743,14676
16047: 19248,20775,21366,21301,19329
16048: 11838,13085,15814,12119,15672,13257
16049: 13996,16900,12650,20031,14606,12466,16470
16050: 12413,16184,12517,16556,17194,11648
16051: 14463,15694,13708,8815,15504,14023
16052: 15342,13738,11834,14011,16983,21356
16053: 11874,11811,21422,16269,20836,17465
16054: 17224,18170,16060,18751,14570
16055: 21447,19213,17556,19651,17606,21110,14614
16056: 16961,18967,14068,21498,18309,18237
16057: 19265,17573,17740,21105,21436
16058: 19204,19304,20865
16059: 18823,14693,13470,18604,16546,21370,19318
16060: 18170,16054,16776,19191,16154
16061: 14834,205,15309,14076,15647,207
16062: 17605,16216,17856,19442,18631
16063: 14902,19291,21041,21208,21192,21030
16064: 20366,18662,12352,18233,13266,14653
16065: 9807,14112,19536,9900,9994,9901
16066: 16916,16833,14933,14201,6390,17964
16067: 14740,19413,19176,20827,21062,13441
16068: 13339,14654,18185,14681,17405,11684
16069: 11603,20279,14965,13523,15739
16070: 14484,13825,19119,13297,12629,4466,16780
16071: 19713,20430,17499,14813,19863,16182,11800
16072: 19462,17719,19627,17939,20193
16073: 14437,11952,3802,3692,16553,15152
16074: 12878,14304,14539,12328,1489
16075: 18072,16394,20531,18534,16560,17048
16076: 19118,21131,17729,20715,20326
16077: 14537,16084,17733,19983,17557,19282
16078: 17999,21262,11917,19740,20633,18609
16079: 17610,19339,20933,21082
16080: 21476,19577,13404,17767,20148,21196
16081: 21053,21205,13492,20134,19216
16082: 19567,16456,19240,17650,19962,18011
16083: 19141,19889,12321,20540,18413,14534,19292
16084: 16077,20072,14537,19306,19983,18370
16085: 17623,14930,19780,14629,12452,18463
16086: 15935,18475,15901,7294,16893,18937
16087: 14570,21011,17811,20665,20432,17734
16088: 19293,20966,12512,19767,21031,21363
16089: 16321,17922,18835,19048,19863,16182
16090: 20558,20059,16732,19801,18047,16261
16091: 19233,21020,14709,19095,19328,17716
16092: 17022,14710,15190,16958,21156,15721,20416
16093: 19246,17786,20637,20828,15989,19562
16094: 18993,20971,15840
16095: 12669,13016,13229,7848,12056,14968
16096: 11562,11563,15505,12800,11513,11514
16097: 18139,11666,11701,11702,15759,11667
16098: 19595,17706,16242,16361,21112,18146,17768
16099: 18597,16107,18063,20984,13406,14575
16100: 16349,18528,14585,17789,19249,13526
16101: 19780,14629,18810,20477,16109
16102: 18205,18029,19599,15998,17629,18756
16103: 20366,18213,15962,20883,12352,20718
16104: 20403,19891,19286,18502,17694,20987,12002
16105: 20907,20914,21313
16106: 19418,19739,18132,21473,21068
16107: 14448,12970,18063,18597,15979,16099
16108: 17746,13992,12463,19730,16145,19421
16109: 17634,18353,14518,19780,16101,18466
16110: 12514,12598,15960,17388,12596,13749
16111: 14776,19685,18997,14675,18861,13443
16112: 18760,18965,16453,17414,18559,20172
16113: 16431,20052,14839,16666,76
16114: 15565,13555,17243,12260,12524,2335
16115: 13799,15405,11868,14856,13379,14435
16116: 17611,20978,20799
16117: 14692,14114,18735,12841,17958,18157
16118: 19755,20225,19572,16545,14589,17702
16119: 12336,17860,14515,18937,18902,15935
16120: 16003,15909,14598,19505,14509,18422
16121: 18215,19642,20161,15157,13518
16122: 31,61,13764,13796,13842
16123: 6618,18920,16286,15802,12500,14495
16124: 20190,19700,20357,18519,18083,20294
16125: 19226,19218,17641,19325,21116,16045
16126: 7296,15385,7183,12959,12943,7071
16127: 18583,16571,16514,18636,20690,18235,13763
16128: 19740,20633,17612,20420,14560
16129: 20121,20637,19422,13457,21022,17813
16130: 16240,17630,19328,17085,18019,16461
16131: 16794,20219,19943,19823,15044,16745,19850
16132: 14240,18172,19503,18122,14639,11743
16133: 20901,17490,19921,19887,19241
16134: 18451,19976,20083,13383,17798,14698
16135: 11861,13612,17933,15960,12526,17388
16136: 14604,16673,20669,11769,16297,19458
16137: 11901,15570,16265,14113,13483,11840
16138: 19953,21446,21144,20456,14756
16139: 16213,20491,18731,19516,19876,15285
16140: 15600,13444,17267,20004,20396,18617
16141: 18486,20696,17652,19633,17736
16142: 19152,14604,16297,18540,15153,14761
16143: 16585,17986,18610,12430,1,20323
16144: 14731,18479,20870,13450,17977,13231
16145: 12288,18088,19421,19851,16108,17746
16146: 20866,20986
16147: 7629,7630,7518,12806,16784,13045
16148: 19009,20350,18689,21322,20668
16149: 19707,19041,19614,19795,20697,14436
16150: 19788,13341,17923,19483,17785,16157
16151: 20980,19530,19341,17669,21106
16152: 20588,19741,19349,12383,19783,21025
16153: 18470,16715,18424,12349,18337,17654
16154: 14570,21011,20566,19191,16060
16155: 16379,14796,19908,16498,18764,18102,16747
16156: 20413,18012,5710,18127,14993,16532
16157: 20065,19608,19483,16150,17923,19480
16158: 17206,19463,14774,19604,16812,18816,19431,16393
16159: 16386,14769,17959,19805,16829,7182
16160: 20949,21244,21003,17679
16161: 28,15640,13694,13176,6,19753
16162: 14773,18985,20119,21413,16189
16163: 18931,21450,16212,16649,12378
16164: 13683,834,15549,14057,17534,759
16165: 13562,13174,11843,11142,12815,21330
16166: 20138,14135,18961,13145,17252
16167: 20244,14653,13860,19815,21472,13266
16168: 17801,20378,20972,21016,19568,14744
16169: 20897,17664
16170: 10180,11823,13984,17532,15263
16171: 12277,15855,18114,13641,13629
16172: 18500,15792,13822,15691,1316,14100,21175
16173: 13921,3802,3692,18249,3911,13019
16174: 15008,12563,13908,13873,11833,11908
16175: 19596,20085,18450,19763,20296
16176: 21462,12102,17914,17439,15560,20285,14453
16177: 19309,19762,17703,21193,19270,15996,20913
16178: 18623,14706,14605,20888,14738,20204
16179: 11814,19373,17631,20649,18644,18291
16180: 19003,17696,12680,17663,21331,20311,12486
16181: 18186,16329,18159,20202,20402
16182: 19713,16071,19863,19048,16089,13381,17948
16183: 18133,18071,21343,17812,20693,20335
16184: 13402,15283,12413,11879,16050,16556
16185: 3910,3800,15693,13979,12853,11994
16186: 14581,15516,21126,18606,1579,17138,15913
16187: 13530,20626,13364,20395,19966,18384,17992
16188: 15906,1953,15652,1954,2049,16495
16189: 18689,12341,18939,14773,16162,18985,18598
16190: 21117,19469,20966
16191: 20425,20486,16656,18430,10773,21337
16192: 19563,20973,17755,21231,19551
16193: 34,16791,12,13175,33,13878
16194: 13567,15334,10928,14007,13980,13751
16195: 13454,13661,12346,15417,19523,18580
16196: 19909,17882,17965,19802,20127,16561
16197: 13843,20362,18242,18166,20458
16198: 18161,19901,21113,17771,19356,21459
16199: 14555,20243,14822,18334,13563,20857
16200: 20708,12071,19959,17699,18633,20834
16201: 8914,9120,9221,18959,9017,16566
16202: 1495,1496,1586,1494,1406,1585
16203: 17852,16623,20538,13704,15024
16204: 15770,16334,13524,16503,12050,16
16205: 21331,20582,21367,13531,19668,12486
16206: 20240,16387,18348,19763,16570,18315
16207: 19848,19459,19933,17790,19882,13777
16208: 20125,20051,18433,18577,18982,115
16209: 15006,20305,17880,20615,17834,18653
16210: 18845,13259,20399,14611,14652,18042,17240
16211: 16996,16039,19862,18362,21051,17037,14779
16212: 18931,16733,16163,14697,21457,18811
16213: 18731,16139,15285,14624,13722,19685
16214: 20635,18733,18308,21210,17779
16215: 18520,18435,13399,18527,20607,19766,16874
16216: 17605,18494,16062,18631,11800,13241
16217: 19447,19210,20786,21277,21234
16218: 19853,13150,18571,12222,17908,14427
16219: 17129,12732,14104,13908,13813,14118
16220: 12967,18393,5256,11973,14957,11825
16221: 1669,1761,1762,14063,20533
16222: 13528,14334,9620,18409,14918,16480
16223: 18645,18444,21435,20216,17976,21188
16224: 16588,18846,15140,12041,15945,20571
16225: 20480,18192,16541,20108,18257
16226: 19811,17885,19729,18683,16623,21275
16227: 20327,17934,20512,13536,14655,20760
16228: 5593,13108,5366,12493,5480
16229: 627,15612,493,628,560,559
16230: 1148,15231,18461,13554,17504,18164
16231: 19376,21216,17804,21157,21177
16232: 10441,10356,10355,10354,17830,15571
16233: 19310,21357,19539,19660
16234: 13459,3155,15090,15312,17004,13551,16787
16235: 15556,13138,12504,18784,11754,14117
16236: 17195,17123,15546,12584,13263,19809
16237: 18618,11714,18727,13311,13358,17647
16238: 14688,20559,18423,18903,18850,16852
16239: 20634,18359,19984,19256,13384
16240: 17887,17966,16130,17630,17085
16241: 16714,15686,20465,14689,11715
16242: 16098,18250,16361,21112,15054,20959
16243: 21238,20353,18255,20435,17079,18318
16244: 12775,12188,12427,12789,16567,11679
16245: 14725,187,15250,237,236,16912
16246: 14493,17721,17941,16560,16423,20742
16247: 12890,487,11916,12095,552,12173
16248: 482,421,12767,12528,15594,12736
16249: 19902,20655,18304,16977,20289
16250: 15613,15454,20591,14403,20212,12978
16251: 20935,18615,18014,18124,20806
16252: 21381,21437,16944,20647,19647,20227
16253: 13851,17116,18234,14667,21067,18878
16254: 16688,12376,13358,11714,21050,21466
16255: 17859,21069,18321,19487,18581,19782
16256: 19353,13246,18518,18547,17800,15460
16257: 12838,3264,3371,12558,3158,3265
16258: 12300,15919,6050,13895,15275,14225
16259: 12365,21429,20344,13301,18635,20747,21284,19178
16260: 17788,21114,21178,21086,21170,15967
16261: 19391,18047,20471,20513,20059,16090
16262: 17978,18055,19939,17566,12357,19219
16263: 15441,15167,13549,20341,13451,20416
16264: 13799,18899,13840,11887,15405,13605
16265: 18815,15570,19013,14113,16137,13786
16266: 11211,17931,16905,12331,15626,11846
16267: 16276,19038,11453,15620,17181,18724
16268: 20638,3912,12842,16331,14212,3803
16269: 11874,987,16053,20836,12367,18956
16270: 15761,14742,14724,19182,16301,17250
16271: 15027,14705,18798,15655,16847,19811
16272: 1236,1151,14291,1321,1407,15606
16273: 10530,12510,13888,10445,12025,12017
16274: 18065,14578,14622,17950,20559,18911
16275: 13438,13826,19018,14739,16310,20334
16276: 14184,11339,15864,16267,19038,18724
16277: 11629,11630,11585,11584,16749,16830
16278: 16459,14751,13217,19900,14389
16279: 18185,19354,15709,14540,14700,19597
16280: 17076,17992,18684,15744,13530,13938
16281: 15060,18335,16371,19576,18817,18295
16282: 18655,17423,20858,16924,21188,21161
16283: 20248,14846,18117,19524,19635,20061
16284: 16694,11683,13420,14356,17933
16285: 13274,12874,13907,10616,10696,10615
16286: 13370,16123,6618,12756,18310,14495
16287: 20593,14872,21123,15360,11828,16914
16288: 10860,10937,10861,16437,11010,10936
16289: 16763,2733,2836,2734,16948,15779,2632
16290: 18073,21465,14577,19722,17807,17658,20612
16291: 15112,14862,19981,20297,15550,14703
16292: 17867,18798,20526,15027,21204
16293: 15963,20290,12329,17896,14518,19506,17472
16294: 20371,19932,16400,17897,21469,18551,11794
16295: 19448,21065,21399,19171
16296: 12590,17835,18953,21334,20614,20367
16297: 14604,16142,16136,21245,14761
16298: 14290,1142,19352,1141,1224,1225
16299: 18806,12958,10269,12111,13000,12131,12450
16300: 20368,20088,17683,13759,18382,16836
16301: 14742,14724,16270,12437,14485,17977,18431
16302: 19699,19657,13717,18354,20546,19864
16303: 20454,13500,19384,13089,13844,15051
16304: 12201,12530,11640,15399,11596,18570
16305: 15760,12405,14196,12770,12513,14205
16306: 11812,12368,16323,12774,13896,15743
16307: 20251,15920,15798,16706,21158,17916
16308: 18270,13692,15113,19120,18748,18386
16309: 12325,20270,11815,14584,20261
16310: 16443,19018,18618,14739,18727,16275
16311: 17986,12430,14707,20121,17786,20828
16312: 13590,13559,14823,18645,17374,18444
16313: 18505,19927,15244,12824,19470,14498
16314: 19428,21456,18110,20108,18257,21471
16315: 550,20666,17656,18551,11794,618
16316: 14264,20899,12492,13900,11893
16317: 13962,17350,14576,18813,13326,15304,21120
16318: 14737,17403,14681,20409,13349,11684
16319: 20153,17612,14757,17769,17572,20420
16320: 14204,20614,17157,21328,20367,20025
16321: 16089,18835,21143,17019,15127,19048
16322: 8603,14250,8709,16700,20555,12689
16323: 11812,16306,12774,14539,12038,14304
16324: 21087,17868
16325: 20556,18316,13625,20490,14914,18787,21470
16326: 13699,2434,19039,17292,2534,13701
16327: 17869,20810,12313,19024,19998,19646
16328: 16866,12473,19789,15253,19361,11862
16329: 20948,14618,18186,17751,16181,20202
16330: 18943,19549,18948,18679,16966,618
16331: 3912,16268,12274,12529,3803,4023
16332: 14894,19684,17939,19615,21248,20685
16333: 15266,15730,12224,13651,14931,20579
16334: 19227,13524,16204,16,11882,17839
16335: 14679,4578,20519,20392,16920,21262
16336: 11706,11705,13848,15700,13074
16337: 18486,16504,19953,17736,17759,19969
16338: 14253,15970,21103,12810,17175,15945
16339: 17942,20091,20017,19162,21311,20167,20706
16340: 16872,13263,21027,14611,18042,18343
16341: 16909,20912,19105,20472,19405
16342: 12840,11504,14405,14917,11983,12611,12595
16343: 17047,533,470,469,15898,409
16344: 20578,20626,20395,14701,10270,15893
16345: 18728,13387,16392,18231,14634,18145
16346: 15008,15136,13873,17662,13346,18688
16347: 14009,14173,14122,12091,16382
16348: 14163,12565,17723,11821,17104,20040
16349: 18133,17789,16100,21343,14867,19249,20816
16350: 17913,12813,20206,18830,14959,18567
16351: 8282,13765,8283,8389,8281,14049
16352: 822,821,898,748,15796,897
16353: 11996,13272,13107,12139,985,1064
16354: 18425,14573,18510,17061,16568,18484
16355: 14175,13040,16447,13966,2138,15675
16356: 12187,13292,16420,13181,15833,16407
16357: 15000,11750,14658,13626,11727,11751
16358: 19639,17540,19710,16004,19880,19941
16359: 15507,14238,3909,3910,3800,4019
16360: 13782,14039,15371,12001,17419,17215
16361: 16098,16242,18250,18146,14603,20097,20461
16362: 19790,17127,18833,18386,11941,15113
16363: 19998,20728,14903,19859,19841,18026
16364: 14963,14231,12593,13853,364,16809
16365: 13042,14195,12994,11954,14456
16366: 1668,12235,13073,1759,12940,1760
16367: 14912,17894,20888,18371,15098
16368: 21282,21338,17960,17991,20447
16369: 13951,14712,12989,13812,11854,15620
16370: 14559,9521,15017,9423,13801,9619
16371: 16281,18817,18295,13512,20250,14678
16372: 19049,18664,21228,16779,20334
16373: 14032,12424,18837,13560,17331,15241
16374: 5485,5712,5599,5486,5600,5713
16375: 19253,17797,14910,20265,18351,19987
16376: 18778,16577,14323,18398,17901,15872
16377: 18346,17452,16037,13355,17895,79
16378: 18675,18337,20128,16508,17654,16642
16379: 16155,20390,17625,14796,19908
16380: 352,296,18415,351,17130,15841
16381: 19831,21463,20151,20266
16382: 16347,14122,12091,12923,13180,16396
16383: 19663,15473,17761,18446,12337,13779
16384: 19294,20914,19718,21183,19748
16385: 10533,15769,17049,10617,16881,10534
16386: 19037,16592,14769,16159,17959,18736
16387: 16206,18348,19763,18450,20089
16388: 7516,21359,7515,14096,7404,20589
16389: 12633,14307,20720,13856,14162,14132
16390: 18323,18932,12458,15838,19490,13331,18688
16391: 20127,18177,18634,18014,18124,19810,16493
16392: 20884,18728,16345,18145,16652,14862
16393: 19964,15798,14911,16158,16812,20411,19431
16394: 18072,16075,21159,17048,20182,19886
16395: 19129,12313,20688,20728,13623
16396: 13180,14438,14122,16382,15518,17632
16397: 11660,11694,15890,11695,11658,11659
16398: 19139,12069,20467,15333,16408
16399: 16608,19597,20283,14540,20157,20640
16400: 16294,18271,19010,14873,11794,18679
16401: 20321,16513,18147,18417,19797,19860
16402: 21326,19647,20358,20227,17913,11842
16403: 14630,20603,18614,1066,20203,16773
16404: 92,91,56,55,13875,57
16405: 18041,20086,19658,21304,19686
16406: 13454,15055,17351,12618,833,12833
16407: 15833,14272,12930,1855,16356,13181
16408: 19420,17216,15538,20467,16398,12069
16409: 18142,18930,17627,20585,10270,15893,14380
16410: 14909,14945,14787,18907,17231,14922,18347
16411: 18034,20272,19581,18667,20500,17937
16412: 12395,18480,15330,18278,16662,20354
16413: 18774,18696,13405,18383,20524,18379
16414: 17097,13675,14988,16582,21420,15445,19517
16415: 9326,9125,9226,15813,9227,13157
16416: 15042,20523,19899,13282,17742
16417: 19113,19885,16942,18802,14511,15914
16418: 13513,16462,13483,11836,15570
16419: 14442,14387,19972,20623,16540,19026
16420: 2237,16356,13292,17213,15833,2140
16421: 21254,20478,16953,18098,19925
16422: 15044,15005,13718,20624,21122,18007
16423: 18591,14493,16246,17941,16487,18957
16424: 15950,15004,20346,16473,17824
16425: 11785,18207,363,14509,18422,19088
16426: 14741,20004,16674,18612,20396
16427: 19815,21472,14882,21268,15235,16721
16428: 19232,18633,14766,14960,18693,17699
16429: 19394,21235
16430: 20002,18094,19721
16431: 17333,16113,14839,76,17707,15949
16432: 15696,8395,8502,14376,15404,8608
16433: 12601,20709,20321,20301,18265
16434: 14909,14945,16894,11275,14219,13484
16435: 13627,2044,15754,2139,2236,13504
16436: 21198,18066,19843,16534,19774,14699
16437: 10859,10935,17057,16288,10860,10936
16438: 19075,17314,15135,19752,19135,13666
16439: 14677,14691,17548,17274,14595,20646
16440: 16671,18886,20068,18103,13721,14612
16441: 15927,20359,15154,18712,12863,19181,18885
16442: 18178,19991,20030,21227,18095,18380
16443: 19018,16310,18727,13311,18305,20504
16444: 13343,19931,11886,15670,14730,15145,13455
16445: 20114,21295,21278,21255
16446: 15846,13462,12895,12471,13903,16555
16447: 2235,16355,14175,2333,13755,13966
16448: 14682,16815,17989,17847,19602,11764
16449: 19534,12392,14321,11937,19898,14328
16450: 12077,12192,13092,16988,17575,17924,18857
16451: 14692,15184,18735,17668,12645,19044
16452: 14834,11778,14764,18396,13245
16453: 18760,16112,17414,18352,13293,12208
16454: 14056,49,51,85,16910,50
16455: 9713,9712,9807,15725,9711,9806
16456: 19567,19240,20463,19798,16082
16457: 15473,13617,19295,18446,14787,18907,13547
16458: 13815,13452,14028,14128,12100,13914
16459: 14471,14134,14751,16278,12948,14389
16460: 16719,18492,11758,21223,18244,17393,20110
16461: 12391,18019,20936,16130,17085
16462: 18449,5823,13513,16418,15570,11770,15015
16463: 21160,19017,13607,18228,14920
16464: 14922,20806,18347,18477,16493,20352
16465: 18535,16528,17073,20923,15190,19089
16466: 13709,20686,18669,21428,16626,18665
16467: 16917,13813,16854,5370,12714,14069
16468: 15718,17113,13748,20835,15900,18522
16469: 21055,18167,20824,20915,19118,18316
16470: 12466,19501,18572,14606,18359,16049
16471: 1583,13869,15930,1674,17077
16472: 19575,12419,16581,15428,17782,18674
16473: 16424,18872,20851,20346,19432,18827
16474: 18032,19726,18367,21419,21340,17118,18039
16475: 20139,15052,21400,19695
16476: 21410,19948,14593,19832,19955
16477: 20507,17742,14627,12359,19313,19899
16478: 16858,20519,12325,13260,14584,17999
16479: 17084,14510,13289,17682,20605,18955
16480: 12195,14918,9812,13528,16222
16481: 14434,15016,13085,17096,8284,16783
16482: 16019,19411,14951,18988,14556,20177
16483: 14546,20852,17645,14721,18391,18215
16484: 18208,18043,13744,15070,20214,13776
16485: 3471,3472,3365,15602,17862,3364
16486: 15805,3915,4026,4025,3914,3916
16487: 17941,16423,11828,14872,18957,18666
16488: 14947,15368,18228,17711,12406,13506
16489: 21339,21351,18075,19664
16490: 15060,20821,18335,19640,18015,21296
16491: 15027,21227,18275,12636,14705,21204
16492: 12326,14065,17233,1232,12899,1317
16493: 18014,16464,20806,18347,19810,16391
16494: 11859,16885,17724,20527,18452,16515
16495: 2049,2145,16929,14422,1953,16188
16496: 13602,11790,13970,13741,19542,549
16497: 3372,14465,3479,3478,3371,12558
16498: 20567,18404,16155,19908,13707,18764
16499: 16598,12608,21058,18519,13359,14631,15063
16500: 13279,14632,14928,16521,17296,17676
16501: 13265,17261,11802,15689,17336
16502: 18034,19844,20272,12358,19623,17552,19590
16503: 12924,14105,16737,12050,16,16204
16504: 18486,20042,14655,16337,21214,18148,19969
16505: 14679,13249,11947,15091,13230,18964
16506: 13437,14632,16886,19076,16963,17078
16507: 12440,18599,14669,19396,19206,14722
16508: 16378,19021,18675,16816,16642,18668
16509: 20088,19943,18996,21189,9998,15062
16510: 19687,20577,16523,19063,17375,18549
16511: 15365,12921,8919,19102,14301,12649
16512: 18487,14574,20124,19922,19989,13323
16513: 16401,18417,20185,19954,19833
16514: 18636,16904,15075,18583,20817,16127
16515: 20527,11601,15282,19528,21481,17724,16494
16516: 13655,15274,13828,11964,12482,6730
16517: 17206,14774,14906,13376,16680,18742
16518: 12199,13161,15483,14155,13223,13109
16519: 20556,17571,16020,13563,19209,17817,19803
16520: 21308,21389,19424
16521: 14928,18573,16615,16500,21453,13279,12314
16522: 15053,14592,18342,17117,20032,18285
16523: 20577,16510,11747,18549,15488,20510
16524: 21272,20330,18131,19746,18296,20596
16525: 75,13220,20446,12779,11871,12570
16526: 19791,20082,20400,20850,19247,19839
16527: 12855,11837,5484,12975,5597
16528: 14656,18323,17073,16465,18932,20923
16529: 9021,8918,16634,13203,9123,17053
16530: 16632,16044,18646,19190,12338,18722
16531: 14688,18850,7738,18877,20683
16532: 20413,5710,16156,14644,18603,20307
16533: 20421,18035,21361,18795,20463,19798
16534: 16436,21348,21198,18066,18780,20342
16535: 21315,21390,20176
16536: 19700,18083,20751,19923,21329
16537: 21332,19757,21376
16538: 18668,18149,21291,20673,16816
16539: 20602,18078,18088,18652,19672,21418
16540: 16419,19892,15033,19972,19026,13719
16541: 16225,20480,18192,18575,20551,20539
16542: 17667,16574,13606,20178,16997,19708
16543: 16843,13410,13316,14702,16970
16544: 20491,18644,19516,20210,21452,15073
16545: 17981,16118,13329,19755,20225,20029
16546: 18823,16059,14693,13691,17
16547: 20382,20068,20390,14796,18000,18103
16548: 13065,17884,14278,18941,18548,16895
16549: 12176,11072,10999,12035,13174,17059
16550: 16617,19252,18421,18893,13843,17911
16551: 18663,18979,12344,21187,15082,19010,21329
16552: 18237,14622,21498,19933,13777
16553: 3802,16073,12425,15152,13558,16952
16554: 16817,9129,9128,9230,14292,9229
16555: 12006,13903,14972,17024,13462,16446
16556: 13486,13423,11879,16184,12517,16050
16557: 14629,19313,12452,13588,14627
16558: 18286,20452,14767,13703,13493,18654
16559: 18774,18696,19235,17885,17852,18683
16560: 19345,18534,14493,16246,17048,16075
16561: 20127,20349,20320,18634,16196,19802
16562: 15146,14804,13478,17266,1316,18500
16563: 19796,21377,19715
16564: 19126,20003,15120,19201,21461
16565: 21398,18086,20210,21452,21496
16566: 9220,9119,9017,9221,16201
16567: 16244,12188,14461,11679,20442,11680
16568: 18425,14573,16354,18366,18355,14586
16569: 20277,18944,14594,15706,19107,20514
16570: 20240,17412,16206,18348,20584,14954,20496
16571: 18583,13280,16127,20690,21013
16572: 15696,17043,8288,8395,8289,8181
16573: 17103,12480,15428,17782,16985,13673,17369
16574: 16542,17667,13606,20546,18123,20598
16575: 15723,12705,12468,756,14263
16576: 314,371,16627,370,15425
16577: 13081,16376,14323,15872,14797,15319
16578: 15508,11729,11700,11728,11699,13626
16579: 18983,14666,11808,20299,13397
16580: 11841,13703,19016,17587,15117,20363
16581: 19575,18980,15428,20677,16472,13540
16582: 16414,14988,17328,15156,19517,18454
16583: 13923,14985,15032,12537,15174,17877
16584: 19799,7738,14661,20683,17874,16731
16585: 16143,20044,1,20323,14623,13350
16586: 21070,14778,19129,18477,13623
16587: 16015,18464,18785,19988,20729,19995
16588: 14316,18846,15140,19065,16224,20414
16589: 11612,15911,11653,11568,17009,18660
16590: 14276,14406,20639,11960,12794,16875,14453
16591: 15528,16993,12538,16793,17223,19028
16592: 18582,16386,14769,18736,20179,21382
16593: 14752,13440,18890,18537,16599
16594: 14905,16651,13523,12581,11862
16595: 20309,19871,18584,19825,16845,20214
16596: 19865,18258,21409,21425,19806,18120
16597: 19737,18099,21186,19746,19751,21393
16598: 18505,12608,16499,12824,21058
16599: 18537,15088,19416,17284,16639,13440,16593
16600: 13487,12186,12954,14191,11502,11503
16601: 14907,13652,17969,16946,15204,19331
16602: 12630,13886,14119,14347,12293,14279
16603: 12563,14104,20713,17129,13704,15024
16604: 19033,13778,8816,18478,14736,20623,13102
16605: 3256,3044,3150,17010,3149,15857
16606: 17410,19503,18051,13368,20063,19082
16607: 12394,15148,16754,17232,20331,11764
16608: 12473,16399,19361,19597,20283,18960
16609: 20951,18297,18356,20448,18830
16610: 2847,17107,2743,2846,2950,2951
16611: 18758,14660,18487,14574,20422
16612: 14529,20852,17645,19386,19367,13325,19642
16613: 21473,19776
16614: 20307,17805,20312,13750,18188,19913
16615: 18873,14928,18573,18279,16521,15471
16616: 19785,19913,18178,20663,18188
16617: 18421,19736,16550,13832,19826,17911
16618: 16990,11905,157,14079,13775,12544
16619: 13041,13546,835,11920,14859,13859
16620: 19008,20376,19664,11950,18048,15070
16621: 17236,14810,15504,18381,15135,17150
16622: 18680,16876,43,20410,15022,15018
16623: 16226,19729,17852,19111,18683,16203,20538
16624: 16659,18866,13730,18575,18455
16625: 20306,3049,20682,15133,19901,17242
16626: 15952,15162,21428,16466,18665,20648
16627: 315,314,260,371,372,16576
16628: 19071,16756,12623,18453,13715,12612
16629: 18238,19003,17696,19945,20381,18201
16630: 15257,10929,10930,10931,10855,16043
16631: 15907,20132,18733,18308,14486,18596,20175
16632: 20073,16684,16530,18569,16044,18646
16633: 12090,15778,13989,14880,14770,15815
16634: 15365,12149,9021,8918,16529,19102
16635: 14879,12792,14567,12113,16819,12809
16636: 915,914,916,15821,839,838
16637: 11990,14932,11506,16786,20287
16638: 18562,14989,15953,13322,18717,20788
16639: 11909,17284,17761,16599,15088
16640: 18349,19910,20441,19599,17629,18710
16641: 18270,15113,19355,19130,16848,11941
16642: 16378,18337,16508,16816,18116,19234
16643: 18331,20035,18216
16644: 18781,20391,18711,18710,16853,19935
16645: 12367,20180,18619,987,15056,20997
16646: 14544,14563,12301,20256,20936,13335,13278
16647: 18338,19197,19288,19792,20361,14517
16648: 14013,12015,13245,15720,205,15309,13033
16649: 16163,14812,11796,18786,12378
16650: 14359,12252,9,17890,13211,12265
16651: 11557,14905,16594,15163,11858,12581
16652: 11824,18501,20884,16392,18145,18447
16653: 14010,17109,12366,14087,11810
16654: 20934,696,558,627,697,17055
16655: 20574,11807,14515,19074,14661,17287
16656: 16191,20452,20486,18430,18507,18654
16657: 11822,12323,13599,18594,14828,15469
16658: 20371,20329,18420,18271,19923,13613,18663
16659: 18820,16624,15943,18866,19559,13730
16660: 13596,1319,1234,15657,1405,1404,13845
16661: 7629,15622,12939,12726,7740,7849
16662: 14536,18629,18278,16412,15259,20354
16663: 12199,13223,12612,19173,8816,19071
16664: 4127,4128,17074,4018,4017,15794
16665: 18848,15527,14913,7958,11824,20703
16666: 18562,15953,20052,16113,20397,76
16667: 13866,12316,20279,13597,13539,16742
16668: 13851,16761,18876,18234,18363,16734
16669: 17044,17452,14850,18253,19002,18091
16670: 12138,257,206,16936,14868,12247
16671: 16440,18886,18152,14994,14612,18097
16672: 14932,12439,19560,13336,12709,11506
16673: 18574,19266,20669,16136,18546,19458
16674: 19134,14781,16426,18612,17982,20396
16675: 11793,14831,13916,15978,20188,17475
16676: 18743,12420,15105,15370,18200,16712
16677: 19701,21168,17956,19834,18217
16678: 11801,12562,14360,20916,832,20636,908
16679: 16942,17668,19946,19044,17320,19885
16680: 16860,14042,17258,13376,16517,18742,19346
16681: 18563,19337,14088,15539,14871,19583
16682: 30,13694,13176,19001,13796,7
16683: 19128,10002,10095,17441,10185,10094
16684: 20073,18819,16632,18569,16038,11454
16685: 13717,18354,21348,21198,21487
16686: 20804,14001,15731,11739,15786,12788
16687: 12079,18641,18564,18728,14634,20297,14703
16688: 20590,16254,14667,12376,13358,21067
16689: 15617,13033,14282,17120,12015,256
16690: 13128,992,14711,838,914
16691: 13337,14803,20263,18989,11784
16692: 16730,18339,20302,18601,19347,16898
16693: 11656,14302,17842,11657,15890,15592
16694: 16284,11683,12604,11863,12412,14377
16695: 19057,15732,14738,17298,17708,20048
16696: 18842,15300,15201,18651,20196,11951
16697: 15498,18613,19736,13832,20024,20379
16698: 18831,2,19794,18563,18657,15539
16699: 18823,12616,13691,18552,11766,19518
16700: 8603,16322,12689,13954,12699,8602
16701: 13187,14206,547,20497,17036,12898
16702: 14780,20316,15545,19895,14188
16703: 21365,19963,21161,17254,15656,16951
16704: 3478,12838,3371,3586,12919,17134
16705: 19152,14604,18574,20669,20280,15977
16706: 15834,14381,21158,13065,17961,16307,17916
16707: 14865,12667,14171,11864,13926,11646
16708: 16945,18924,158,19152,20280
16709: 19985,17357,18869,18895,19812,15189
16710: 20592,18869,18895,16981,13251,20242
16711: 15040,14728,12663,21474,16987
16712: 15370,14935,16950,16676,18743,12494
16713: 12906,5365,5252,5479,17228,5366
16714: 12749,16241,15686,13310,11715,13941,17473
16715: 17226,18470,13353,16153,18424,16930
16716: 15160,14790,1310,1396,15828,17121
16717: 17365,17449,14729,18089,11892,15749,1670
16718: 18298,18058,19891,18502,19929
16719: 18492,16460,21223,15503,21454,18190
16720: 67,13578,103,66,18389,68
16721: 15235,17025,15180,15237,19815,16427,20249
16722: 14242,910,18681,13604,13870,15549
16723: 14724,11770,12437,5823,12662,18399
16724: 11741,12031,11711,11676,11677,11713
16725: 15501,12092,12227,12182,14177,17217
16726: 17829,15176,12631,14526,11932,15832
16727: 17401,8915,8810,20741,9018
16728: 11725,11746,12125,12999,13202,15756
16729: 10267,10355,10354,10175,10266,10176
16730: 20632,18339,17697,16692,17695,19347
16731: 16584,20683,17874,14054,18716,13299
16732: 20558,16090,19445,19801,18796
16733: 21450,16212,14831,20470,18283,21457
16734: 18363,19992,17818,18324,16668,18234
16735: 15056,16803,20234,14631,15063,15129
16736: 12382,20288,12597,12577,11143,16905
16737: 16503,12924,17329,12050,14136
16738: 13342,17921,20772,20383,15209,17291
16739: 6277,11782,12768,15599,12592
16740: 14788,13501,18565,20530,21460
16741: 20345,17115,20744,18852,18761,13625
16742: 17971,13130,19255,12316,16667,13597
16743: 12547,15586,14691,17548,17853,12440
16744: 19938,20007,15260,19997,19980
16745: 15044,13718,20398,21094,16131,19823
16746: 13643,12702,11943,17454,14171,15994
16747: 18764,18805,20385,18102,16155
16748: 19256,18746,19756,17743,18572,13809,18919
16749: 11629,11584,16277,11669,11628,11583
16750: 13076,15427,14187,12051,16780,15292,14484
16751: 18291,18731,17631,20488,19374,14624
16752: 18737,13306,18847,15093,15106,17962
16753: 12399,20658,14980,17145,19252,18893
16754: 13380,16607,12394,14708,18841,13461,11764
16755: 12470,13738,14011,17872,17269,10850
16756: 19071,16628,18453,14736,19892,19972
16757: 12040,12698,14458,4577,12977,4353
16758: 13076,14187,5029,11829,5143,17273
16759: 12961,15280,1144,1143,1227,1312
16760: 15382,13611,13770,15276,18259,17381
16761: 13851,19363,16668,18876,19042,19874
16762: 11208,15357,12550,12266,11273,12115
16763: 2733,2836,16289,2732,2835,17160
16764: 11615,11571,11616,11617,11572,18489
16765: 15304,21120,16034,11932,14638
16766: 8604,20899,13296,12492,12210,8497,14814
16767: 18913,20181,17438,15243,18864,20503
16768: 18723,16966,12388,20576,12567
16769: 18505,12608,15244,19473,20357,18632
16770: 17139,15524,17406,12691,15585,14126
16771: 388,389,16042,387,448,449
16772: 548,13602,15854,484,19761,18327
16773: 14630,18614,16403,16985,13673,20707
16774: 20840,13757,15071,16790,17997,14753
16775: 19252,18421,19872,15273,12399,16888
16776: 18350,20528,19191,18170,16060
16777: 14511,17990,21210,19587,14694
16778: 18038,15023,21493,11811,17158,17221
16779: 18981,15172,20461,17197,21228,19049,16372
16780: 16750,15427,14484,16070,4466
16781: 12179,12299,12879,13140,11805,14259
16782: 17144,12393,17957,17110,17433,15011
16783: 8284,18515,16481,14434,14198,16823
16784: 13929,7408,12155,13045,7518,16147
16785: 11649,15202,15081,11607,13976,13616,15099
16786: 11507,13106,11556,20287,11990,16637
16787: 17139,17297,17406,13551,15242,3155,16234,20090
16788: 17935,15516,17138,18089,13692,1670
16789: 18977,16859,17309,15213,17445,12465
16790: 14913,15071,19460,16774,14753,13083
16791: 15716,12,12106,13175,14345,16193
16792: 14538,12111,12216,13000,12843,13189
16793: 20618,19005,14772,20291,16591,16993,19028
16794: 20368,20219,16131,20088,19943,17838
16795: 13728,13282,18892,15094,5369,18678,13615
16796: 12029,20835,2945,18721,12778
16797: 17843,17271,15401,15969,17285,15163
16798: 17031,15265,11783,16964,16820,12303
16799: 20139,21400
16800: 18789,14516,14438,14135,15155,17632,17020
16801: 16926,19527,18807,20959,18250,20097
16802: 13234,17389,19163,13511,14483,14610,13226
16803: 16735,20234,14631,20576,18979,12388
16804: 13923,17363,12287,2737,14811,17877
16805: 18485,18797,13677,11899,18240,13372
16806: 18269,14951,13783,13352,16952,11873
16807: 17826,16923,14815,17706,18697,11759
16808: 20561,15528,16993,18318,18656,19005
16809: 19917,12442,12387,364,16364,14231
16810: 15327,1315,12773,12946,1146,15418
16811: 20845,20062,19613,21271,19265
16812: 20411,20122,19463,16158,16393
16813: 14397,11757,18306,20018,14037,18860
16814: 13583,12158,11649,11685,19502,11648
16815: 16448,14682,17989,18775,12416
16816: 16508,16642,18116,20673,16538,18668
16817: 9026,9027,9129,9128,16554,16903
16818: 13424,16849,12404,15704,11889,21155
16819: 13436,2842,2739,12809,12113,16635,13021
16820: 14561,17464,12303,16798,14543,16964
16821: 13877,14764,15808,13357,255
16822: 15799,21250,17187,15084,12927,13894
16823: 16939,14198,8176,19121,14434,16783
16824: 11866,12875,14195,13486,12446,11954
16825: 11644,18852,19676,13300,14562,18763
16826: 13590,14823,12537,2237,15032,17213
16827: 20648,13723,20404,15162,20174,17413
16828: 20009,21369,20168
16829: 18148,17114,18773,7182,15126,16159
16830: 11670,11629,11631,11630,16277
16831: 17382,13668,20123,17644,17090
16832: 14344,17080,14365,17446,11985,13165
16833: 16066,15173,14933,15451,6390
16834: 18861,18628,20324,15100,12693
16835: 20562,15294,13942,17491,14786
16836: 20359,18459,16300,17683,20803,18382
16837: 17304,20150,18616,18208,13744
16838: 18490,20118,20074,21138,17893,18427
16839: 15360,21383,11935,16914,18705
16840: 17616,17902,18405,19303,12820,20611
16841: 14990,14973,12195,14918,12912,12971
16842: 11978,16011,14108,13050,12343,12076
16843: 14715,16543,13410,20937,14702,17910
16844: 13729,16933,15793,11745,15816,15746
16845: 19858,21390,18584,16595,18043,20214
16846: 18904,13241,14666,21333,14785,18631
16847: 15655,13443,15688,16271,19811,19729
16848: 16641,19355,19130,14082,15159,15478
16849: 16818,12404,15704,14232,12571,21298
16850: 20578,18673,14701,17318,15161,11823
16851: 823,899,822,898,975,17208
16852: 16238,14688,18903,13299,18408
16853: 18711,16644,19935,21151,19548,18247,17172
16854: 5143,13813,16467,14069,17273,12732
16855: 13852,12140,5254,19000,14208
16856: 14253,17532,11885,20960,14006,13864
16857: 11995,12788,17202,12710,15306,12392
16858: 16478,13927,4578,20519,12325,16870
16859: 18977,14448,16789,18063,19970,17445
16860: 14023,16680,14042,17258,17150,12606,19752
16861: 18536,18402,21281,12836,20221
16862: 8391,8282,13072,12867,8283,16906
16863: 17098,12766,42,14433,41,13017
16864: 20853,13471,19474,18767,17582,20194
16865: 14316,20414,12224,12516,14425
16866: 14700,19789,16328,19361,11645,15298
16867: 20543,17867,20526,19770,20572
16868: 3911,12425,12461,11873,14396,13580
16869: 17987,21314,20055,18418,20191
16870: 12325,11923,11815,16994,13927,16858,17042
16871: 15634,13705,17383,14406,12794,14189
16872: 15446,16340,17389,13263,13511,21027
16873: 15801,10694,12422,15249,15305,13242,11924
16874: 17251,19766,16925,19147,18520,16215
16875: 14276,16590,11960,15065,14974,20451
16876: 14986,18680,16622,12284,20410,19866
16877: 334,333,279,280,18713
16878: 12889,12089,9997,9996,9903,12926
16879: 15865,19051,13239,15904,18272,13217,14671
16880: 14899,20230,14547,18799,18122,12353
16881: 10617,17049,16385,10698,10697
16882: 21102,20268,13985,20351,17857,21093
16883: 15037,15059,11724,11725,13202,12922
16884: 8175,8066,15631,14149,12421,12170
16885: 17166,17975,11859,12514,17724,16494
16886: 12333,19076,16506,14845,16963
16887: 112,155,12033,14021,18085,13646
16888: 12399,12708,17030,15142,19872,16775
16889: 18856,12852,15538,20010,18193
16890: 16954,18849,15423,19011,9124,18588
16891: 17792,14020,15467,15033,17184,17183,13758
16892: 15558,16921,14210,17227,15089,19636
16893: 16086,7294,20574,18937,18915
16894: 14909,13244,16434,13484,15810
16895: 15526,18548,19335,16992,18941,16548
16896: 18668,18149,15103,18630,17171,19021
16897: 19549,16966,17565,15175,17248
16898: 17576,19855,16692,20302,18601,19123
16899: 11835,8177,18970,14558,18289,20843
16900: 15375,18173,21132,16049,12650,20031
16901: 18419,20273,20515,20434,20479,18626
16902: 20604,17470,21145,20039,18428,20129
16903: 8923,9127,14147,9026,16817,9128
16904: 16514,17339,18636,20653,15075,16909
16905: 12577,16266,17931,20288,16736,12331
16906: 8174,13221,13819,16862,12867,8283
16907: 18703,20182,15294,13638,20448,18567
16908: 20332,20692,18587,21153,20784
16909: 17339,18636,16904,16341,14628,20912,19105
16910: 12053,21,15817,50,51,16454
16911: 13731,12757,14030,127,87
16912: 17225,238,20406,14725,16245,237
16913: 9026,9027,8925,8924,8821,8820
16914: 15360,11828,11935,17091,16839,16287
16915: 17077,1493,1584,1583,14286
16916: 16066,14933,12305,6617,14201,15279
16917: 13813,16467,5370,14118,15364,11953
16918: 15455,19153,21445,12540,17732,15734
16919: 21260,17448,8173,8172,19177,8281,14049
16920: 13588,20392,16335,14930,12452
16921: 19888,12657,14210,16892,15089,14895,10090
16922: 18685,20583,18445,20347,19301
16923: 13480,20184,17826,19068,16807,18697
16924: 20171,17423,20858,16282,18714,19097,14410
16925: 17251,19766,18485,16874,18797,18541
16926: 13810,16801,13262,19527,18807,17178
16927: 13941,11682,18028,17473,11683,12604,13961
16928: 18467,20130,20724,14000,20194
16929: 17071,2049,2145,2050,17379,16495
16930: 19714,8177,18424,18245,16715,13353
16931: 12693,11934,13494,13825,19119,13847,18628
16932: 18448,18640,20101,20067,17040
16933: 16844,13729,18864,11745,18858,15243
16934: 13115,12731,13067,3913,4024,3914
16935: 20161,18601,19347,15157,13794,15268
16936: 206,14282,12864,17120,257,16670
16937: 10437,10436,10350,10349,17249,18906
16938: 14075,18750,14437,15858,12856
16939: 14198,19570,18897,16823,8176
16940: 3917,17276,4027,3806,4026,3916,3807
16941: 15435,18273,19403,15361,18544,18909
16942: 16679,19946,15392,18802,16417,19885
16943: 16972,19730,18691,17279,18894,13992
16944: 20951,20647,16252,20206,20227
16945: 14483,158,16708,20927,18540,19152
16946: 13652,15204,16601,17020,12605,14516,12226
16947: 14542,14015,12818,21048,17544,18885
16948: 2939,2836,2940,16289,15212,15779,15857
16949: 15416,14821,19077,19500,19985,14503
16950: 14987,19494,21417,18743,12494,16712
16951: 16703,19963,21161,13559,14153,14842,18655
16952: 16806,13352,16553,12425,11873,13558
16953: 20478,16421,20453,18980,18690
16954: 18626,14025,18849,16890,15423
16955: 15388,15651,20670,20,12837,19
16956: 46,18476,18282,12445,13507,12896,14243
16957: 15398,20262,15293,12692,13370,18310
16958: 14710,18946,16092,20341,20416,17063
16959: 18582,20179,15559,6957,18514,15001
16960: 20146,17101,19055,20784,18739,18593
16961: 18967,16056,12680,14732,18224,21498
16962: 11738,13086,12660,11708,13074,11737
16963: 18503,20159,17078,16886,16506,14845
16964: 14543,20119,11783,17387,16798,16820
16965: 12415,20063,19082,18899,15405
16966: 18723,16330,18943,16768,19549,16897,12567
16967: 17307,20599,19322,21133,12830,14014
16968: 20315,15460,20435,15121,19704,20809,14614
16969: 437,501,500,16023,436
16970: 18695,15432,15288,16543,13316,14702,21155
16971: 13693,3580,3472,14662,3365,13183
16972: 18536,18691,16943,20584,14954,18894
16973: 13328,17482,15801,15278,13942,11924
16974: 9220,9118,9119,9219,9320,17235
16975: 18240,10928,14007,13372,15444,18458
16976: 15002,14601,11839,18585,17024,12006
16977: 20684,15127,19902,16249,20289
16978: 13434,12470,13738,11834,17341,12927
16979: 15563,14036,21249,20691,12869,20444
16980: 18509,20575,15435,18766,18394,20617
16981: 19500,15060,20821,19576,18895,16710
16982: 20678,13371,17265,15369,19569
16983: 16052,14011,21356,18045,13855
16984: 13612,12526,13291,15168,20162,17898
16985: 14630,16773,13540,15428,16573,13673
16986: 18945,15868,14900,15155,13652,17020
16987: 15591,14161,21474,17034,16711
16988: 18409,17575,16450,17924,9811,14334
16989: 13542,12277,13871,1950,15855,2239
16990: 13496,16618,157,13824,13775,14062
16991: 11073,14424,20674,13595,12564,15472
16992: 15526,17316,19335,16895,12403,13938
16993: 16808,15528,16591,16793,19005
16994: 11923,16870,15372,15848,17512,17042
16995: 12307,19924,20324,15227,15100,13313
16996: 19253,16211,16039,17037,11841,19016
16997: 16542,18112,13606,20178,20695,21487,14908
16998: 13601,12586,11938,12582,14151,13909
16999: 15324,12242,209,12589,12642,17039
17000: 14579,13857,13507,14243,47,12098
17001: 12326,14065,20174,15381,17413,1490
17002: 18965,20318,17034,12663,19624,20154
17003: 18859,18777,17041,20066,18187,20319
17004: 15312,15031,21321,15090,16234
17005: 13636,17579,18480,13760,15777,14044
17006: 17618,18451,20310,20314,18495,13985,20351
17007: 17951,18692,20615,20953,17834
17008: 13735,15784,17458,17827,4354,18214
17009: 16589,11613,18223,11653,11568,11614
17010: 16605,3149,2938,3043,2939,15857
17011: 14157,18838,15351,10443,15186,11962
17012: 14735,13969,13989,15509,17754,15815
17013: 18338,14541,19866,19288,16030,20641
17014: 11812,13482,14539,12328,12858,13995
17015: 17581,18613,19890,20379,20239,20550
17016: 17341,15369,19569,12600,15084,20043
17017: 15581,15566,19928,11804,15437
17018: 11730,11729,11701,11700,11702
17019: 20684,15127,19090,20166,19048,16321
17020: 13652,16946,16800,14516,15155,16986
17021: 19173,14143,13778,18478,15643,15562
17022: 14710,15190,18159,19089,20202,16092
17023: 12333,15584,14663,14788,18565
17024: 18585,13594,16976,12006,16555,13462
17025: 15235,15180,18155,11717,16721
17026: 20211,20241,21235,18649
17027: 12417,14234,13933,14580,15740
17028: 20816,14596,13557,13354,17436,13466
17029: 20507,14718,13290,21427,15876,12359
17030: 14733,17681,13028,12708,16888,15142
17031: 254,17484,15265,16798,11783,12385
17032: 12462,15137,12509,13658,14953
17033: 13792,12641,15258,17945,15211,11949
17034: 17002,18965,20172,12663,15591,16987
17035: 12862,14085,13660,15396,13069,13648
17036: 484,11790,12898,15853,20497,16701
17037: 18537,14779,18890,11841,20113,16211,16996
17038: 18586,15387,15469,12323,13425,12072
17039: 12137,210,15324,12242,16999
17040: 20067,20273,20606,16932
17041: 18777,17003,17371,20510,20066,18973
17042: 13927,17457,17512,12717,16870,16994
17043: 16572,8288,8180,8181,17275
17044: 17452,16669,13355,18476,11870,12445,18091
17045: 3256,3255,3257,19205,3363,3362
17046: 12473,15253,18791,15132,14690,18960
17047: 13088,533,600,470,16343,534
17048: 19345,16560,16394,16075,15313,19886
17049: 13012,15769,16385,10616,16881,10697
17050: 12141,14128,11559,11558,12152,14293
17051: 18610,20323,13829,14088,14871,17199,15208
17052: 14166,15614,12945,18155,11717
17053: 13203,13186,12993,8918,16529
17054: 13267,15692,18709,13505,13451,15721
17055: 18064,697,17325,16654,696,770
17056: 14031,19917,13481,13785,15394,14231
17057: 10858,18488,10859,16437,10860
17058: 11066,11136,11205,12814,11067,17332
17059: 13174,11142,12035,11141,13137,16549
17060: 14689,17384,17349,14997,20974,14881
17061: 14573,13386,16354,18484,11789,18989
17062: 11766,12395,12467,19518,14512,18278
17063: 13883,19835,16958,18946,15346,20341
17064: 21358,20682,18706,20789,18627
17065: 12568,7960,12726,7740,12221,17372
17066: 19097,18776,21358,18706,15839
17067: 17732,17366,12703,15734,12343,13025
17068: 11788,18928,18357,363,15827,18707
17069: 13304,18526,15126,19805,15463,13422
17070: 15403,13814,11907,6731,18992,12841
17071: 2242,2146,2050,17379,16929,2243
17072: 15298,13866,13539,11645,14865,11646
17073: 16528,16465,18932,15190,21156,15692
17074: 4127,4128,16664,4126,4238
17075: 2,20016,18300,21108,19614
17076: 14608,16280,17992,12403,13938
17077: 1584,16915,1583,16471,1674,1675
17078: 17968,16963,20159,16506,13437,21467
17079: 20435,20809,18656,16243,18318
17080: 14165,14344,13897,16832,14365
17081: 15439,12088,18516,17200,14109,19662
17082: 15583,12270,2238,15904,2435,14671
17083: 13337,14975,15169,485,14591,12322
17084: 16479,17682,18455,18866,18955
17085: 17966,16240,16130,14948,11338,12391,16461
17086: 18647,20541,19582,19159,15502,21122
17087: 17135,19519,19819,17346,15680,18181
17088: 13366,14822,11859,18452,18745,19321
17089: 11644,13300,20162,17898,15590,14641
17090: 17644,13834,13298,16831,13668,14818
17091: 17466,11828,11935,16914,15252,18666
17092: 14952,20643,18924,17432,158
17093: 12410,17912,15087,11848,20158,20027
17094: 15195,16034,11932,15438,14526
17095: 9022,13218,18130,13527,14853,20223
17096: 16481,15016,17355,20482,8284,13444
17097: 16414,13675,18473,14037,20018,21420
17098: 13975,19192,13772,12766,42,16863
17099: 15728,18887,17380,18712,12863,13972,21383
17100: 15114,17827,17734,18268,20665,21257
17101: 20146,19055,16960,18595,20140
17102: 12098,11765,13113,18538,19486
17103: 12480,14830,19073,16573,13407,17369
17104: 15843,20657,20040,14163,16348
17105: 11011,11081,11080,11082,11150,11149
17106: 114,14347,18995,15552,18085,14021
17107: 16610,2847,2641,2640,2743,2744
17108: 13674,11711,11675,11676,11674
17109: 16653,14010,19014,11804,19840,15566,11810
17110: 17144,13350,16782,13284,17433,20564
17111: 17978,15346,13401,6391,19787,18946
17112: 17324,13375,10771,10691,10692
17113: 13748,14313,16468,14232,20880,15900
17114: 12357,16829,18773,15126,17547,15442
17115: 16741,20345,11601,18852,19676,19528
17116: 16253,13851,19042,18878,15245,20465
17117: 20100,18905,19144,18342,16522,18285
17118: 21340,18464,20506,18039,16474
17119: 8,7,12521,15683,14092,15236
17120: 15617,14282,12864,16936,15317,16689
17121: 1309,16716,1310,1396,17361,1395
17122: 20212,14142,13769,20533,14343
17123: 16236,14611,13263,19809,18845
17124: 19575,12419,13762,13323,15093,17962
17125: 17883,20147,20198,18657,15589,18808
17126: 14501,13709,14876,17863,18151,20613
17127: 19138,21249,18833,16362,11941,14036
17128: 13634,15307,21434,20299,17823,4021
17129: 14869,16219,13704,12732,14104,16603
17130: 350,408,407,15841,16380,351
17131: 12826,18590,12969,8392,13287,15778
17132: 20234,15129,18828,687,14978,14680
17133: 17906,15926,20077,20216,17976,20671
17134: 3586,16704,12919,19957,3695,12501,20731
17135: 17087,17608,19519,20012,17346,19364
17136: 10085,17408,10176,10084,17407,10175
17137: 13178,1578,18199,1577,1488,12128
17138: 12435,1579,18089,13940,16186,15516,16788
17139: 16770,17406,12691,15242,16787
17140: 14820,15265,18197,15353,12303,13849
17141: 16002,20848,18752,20492,19157
17142: 15485,13659,15232,11791,20938
17143: 15411,17333,19254,19996,17711
17144: 14623,12393,15311,13350,16782,17110
17145: 14649,14754,16753,14980,18893,20458
17146: 196,195,245,17420,244,15462
17147: 13905,77,18138,13445,14254,15096
17148: 14242,910,12972,11920,12893,14859
17149: 19337,14088,15589,14158,17395,17643,20198
17150: 14023,16860,19752,15504,16621,15135
17151: 13300,20481,14641,19363,14562
17152: 12415,15243,15431,19268,11745
17153: 17442,7628,15550,17947,14703,12079
17154: 14385,15777,75,11992,12748,20008
17155: 9326,15496,12272,13800,9125,15453
17156: 12807,832,14223,20636,18017,12759
17157: 14204,20614,18867,20372,20516,16320
17158: 18461,13281,17221,16778,11811,17465
17159: 388,330,387,386,17655,329
17160: 2732,2530,2630,2631,16763,2733
17161: 13630,14912,17894,2945,18999,18182
17162: 15376,15722,13831,19021,18675,17171
17163: 12539,18521,14803,11784,20144,255
17164: 1236,15196,15606,14713,14207,1152
17165: 11820,7517,14024,17398,14350,15003
17166: 17975,11859,15619,16885,12411,18873,14827
17167: 12941,12822,13254,11981,13075
17168: 18349,20338,20391,19935,15630,21125
17169: 11710,13086,13415,12255,12146
17170: 9809,9714,9618,14665,14390
17171: 16896,15103,19021,17162,15722,20258
17172: 19548,20098,18247,14639,16853
17173: 13834,13298,13335,15277,11454,18569
17174: 5255,18923,5141,13309,15262,13637
17175: 12810,17305,14217,14253,16338,14006
17176: 11632,11587,17674,11631,11630,11586
17177: 18397,3801,12738,13177,13979,3691
17178: 17282,18807,12377,16926,13262,17409
17179: 18988,12418,18835,21143,20289,13740,19411
17180: 12156,12178,14435,13091,17615
17181: 13141,13964,18724,16267,15620,12989,18025
17182: 20474,15645,18251,13261,13711,13489
17183: 19067,17184,18739,15407,14020,16891
17184: 19067,19012,13719,17183,15033,16891
17185: 11582,11627,11628,11583,11626,11534
17186: 12555,15545,19895,15850,20373,15117,17444
17187: 12988,10850,14152,16822,21250,12470,12927
17188: 19030,19637,20680,20917,18881
17189: 11817,19924,13722,20324,18997
17190: 77,14254,16008,12634,13068
17191: 7179,6954,7066,7180,17825,14670
17192: 11972,13107,12825,11996,13071,908
17193: 20160,19075,15461,19135,19011
17194: 12517,16050,11648,11685,13592
17195: 16236,15546,20107,19809,11918,14843
17196: 13808,18870,14379,12865,4467,14432,11921
17197: 20097,20461,16779,19527,21228
17198: 12733,18681,21292,15536,13870
17199: 17914,17439,15208,17051,13829,15311
17200: 12291,18944,14594,17081,12088,19662
17201: 17390,15478,19130,19138,14174,17399
17202: 13931,11995,15216,16857,14794,15306,20504
17203: 15949,18577,13243,18982,15368
17204: 13544,12428,13604,13870,21246
17205: 20517,14,14305,15185,17392,17701,17310
17206: 16158,9225,14774,19604,14906,16517
17207: 18557,619,11978,12076,14203,13314
17208: 17462,976,1053,975,16851,899
17209: 20069,13682,12540,13885,15047,15455
17210: 20428,17709,15897,14439,20348,15644
17211: 11709,11738,11707,11708,11672,18875
17212: 14503,13887,11791,17230,19693,19077
17213: 2237,16420,2140,15553,14823,16826
17214: 15407,14020,14317,12880,17926,17253
17215: 13636,17579,17850,16360,13782,12687
17216: 14673,20634,19420,12852,19837,16408,15538
17217: 12646,14266,12092,16725,14177,14059
17218: 2338,2437,14480,2537,2337
17219: 18637,15284,13566,13716,17775,11760
17220: 12248,5027,4913,12491,12285,5140
17221: 15887,13281,17158,18038,16778
17222: 915,916,994,18871,995
17223: 14834,14076,11778,19028,16591,12538
17224: 16054,18751,18341,14570,17811,4022,12573
17225: 190,16912,14374,238,20269,20406
17226: 18470,14880,16715,19706,13353,14770,13953
17227: 9998,19275,15062,15574,15558,16892
17228: 5592,5479,17558,5478,5365,16713
17229: 17807,18119,20612,19069,18501,12627
17230: 485,17212,11791,17247,19693,20938
17231: 14945,16410,17919,14979,14922
17232: 16607,15148,20331,14541,14986,12284
17233: 12326,18274,16492,12899,13872,1491
17234: 333,390,278,17578,332
17235: 17453,9320,9420,9220,16974,9321
17236: 14810,8710,14888,16621,15135,19134,13666
17237: 13780,12764,14273,11872,16027,12499
17238: 14348,6617,14201,14372,13958,12592
17239: 15068,15449,11774,17443,20080,19080
17240: 14652,20652,20868,19904,13259,16210
17241: 14461,14265,11713,20442,11678,12808
17242: 18161,18627,20529,19901,20682,16625
17243: 12260,2044,15390,2335,16114
17244: 18716,18408,15137,12509,13299
17245: 18859,18777,20493,20469,19062,21312
17246: 127,170,125,171,14030,15946
17247: 485,17230,15189,19693,20826,15169
17248: 15047,17301,17302,19549,16897,15175
17249: 16937,10436,18906,10435,17687,10521
17250: 11974,15761,19182,16270,13786,18815
17251: 16874,16925,18797,19147,19607,20600
17252: 16166,14135,13145,15514,17632,14116
17253: 19275,12880,17926,15574,19666,17214
17254: 21365,16703,21161,14409,17423,18714
17255: 11614,11615,11616,15623,11613,15870
17256: 11560,11510,13222,12244,11511
17257: 11512,11461,11561,11513,17660,11562
17258: 16860,16680,15461,12606,19346
17259: 26,12990,12614,25,3,14189
17260: 13236,13644,12888,15730,12196,18067
17261: 687,15041,14680,13265,16501,15689
17262: 13791,9425,13806,13943,16012,13800
17263: 11659,11619,11660,11620,11661,17417
17264: 15111,13342,12410,17912,21401
17265: 20678,16982,13434,20730,15369,21341
17266: 15146,14804,13478,16562,13448,15105
17267: 15629,16140,15600,18967,18617,14068
17268: 501,502,567,500,568,20782
17269: 10850,15141,12485,12753,16755,17872
17270: 14607,12566,13828,14791,12054,14071
17271: 19043,16797,13898,17843,18780,12338,15401
17272: 14553,14168,909,19494,17369,21417,19073
17273: 5143,16854,11829,12732,20876,16758
17274: 18770,14595,15218,12385,16439,14677
17275: 8073,8072,8181,8071,8180,17043
17276: 4138,3917,16940,4027,4028,18143
17277: 20554,20542,20650,18921
17278: 13376,14463,9022,13218,18524,14906
17279: 12063,19058,18894,13992,16943
17280: 11206,13880,12550,12266,14976,11207
17281: 15490,18782,18533,14003,17466,15252,12576
17282: 18637,18807,14696,15284,17178,12377
17283: 14840,17321,12439,14417,19560
17284: 17761,16639,18809,13779,13440,16599
17285: 19259,19106,15677,15969,16797,15401
17286: 18184,12706,1580,14474,13865,12724
17287: 12846,19799,14661,20574,16655,18915
17288: 12436,14998,14040,15557,14413
17289: 12230,12246,13645,6,15236
17290: 9230,17773,9329,9130,9330,9231
17291: 18441,20383,16738,20772,14544,14851
17292: 13555,13700,19039,16326,13701
17293: 13562,13994,14215,11843,15101,20267,15480
17294: 13484,12010,12553,12351,14319,14219
17295: 14823,18645,21435,1949,15553
17296: 15413,14716,19076,17676,16500,14632
17297: 15242,16787,20090,13384,19984
17298: 19058,17708,19322,15732,16695,21133
17299: 17973,8704,8597,8703,8809,8598
17300: 12708,13519,11878,15342,21356,21403
17301: 15047,13556,17302,17248,21445
17302: 17301,13556,17248,19905,19549,18948
17303: 11779,15289,14771,20467,13418,19420
17304: 19747,19629,16837,18616,20918
17305: 12810,17175,12938,14217,9904,9997
17306: 12909,8707,8812,8708,14251,18068
17307: 20215,16967,20599,13968,12631,14014
17308: 18747,21272,19777,14326,15772,19020
17309: 18977,15789,16789,15213,14974,15139
17310: 17205,14305,15185,17511,14095,15561
17311: 15101,12010,19716,13924,12553,20267
17312: 12293,13496,157,19080,15479,12554
17313: 20544,15416,18191,14854,19478,19905
17314: 19232,19075,16438,13666,14960,17982
17315: 14829,12941,6278,14476,11976,6506
17316: 19335,16992,13949,13938,18684,21103
17317: 13530,13364,15263,18673,15744,11885
17318: 15161,13232,14094,17510,16850,14701,15986
17319: 20409,18290,20156,20157,14654,14681
17320: 18794,19885,13317,13433,16679,19044
17321: 14840,13421,13485,17283,12315,12439
17322: 12345,15382,15983,19842,14717,12055
17323: 14336,12995,15319,15900,18522,14797
17324: 13375,10693,17112,12771,10692,12613
17325: 772,18064,697,698,771,17055
17326: 1072,991,992,18163,993,1073
17327: 13788,18008,11140,11208,13880,12266
17328: 14988,16582,19845,19004,15156,15503
17329: 12924,16737,15561,15564,12654
17330: 21365,15585,15656,18330,14409,20710
17331: 15241,11715,20974,13310,14032,16373
17332: 17058,11066,11136,11065,11135
17333: 16431,18629,14839,19996,17707,17711,17143
17334: 14103,12561,18345,11754,13598,11753
17335: 20251,14763,17550,19964,20131,20565
17336: 14311,17712,13265,16501,11802,13447
17337: 13196,11748,15756,12091,12923
17338: 12607,14475,3693,12342,14212
17339: 16904,12662,20653,16909,14628
17340: 4126,4237,4238,17845,4348
17341: 15369,17016,15084,12927,13434,16978
17342: 11927,15799,15850,14188,17693,19895
17343: 1317,15076,19786,11933,1232,13312
17344: 13316,18759,12830,15079,13410
17345: 18267,12669,18198,13016,13915,12081
17346: 17087,17135,19364,15494,15680,19099
17347: 11782,15599,14012,11974,13647,17967
17348: 13651,9225,13527,15266,12575,18524
17349: 17384,15241,17060,20974,20109,15222,12556
17350: 13962,16317,21120,20474,13261
17351: 13454,12346,16406,15534,13861,12833
17352: 15408,1857,12845,15178,12953
17353: 13812,18441,11852,11854,17619,20383
17354: 11396,11395,14924,15753,17928,13320
17355: 15016,18436,17096,14888,20877,20482
17356: 15048,13500,13089,8067,13080
17357: 18869,16709,18366,15189,14573,11789
17358: 11903,14091,12112,18121,14393,12661
17359: 15067,19570,20454,15051,12462
17360: 14359,18765,19276,15781,20609,15782
17361: 1483,1482,1395,1396,17121
17362: 11989,253,14969,13303,14081,15790
17363: 16804,13923,15565,13555,12287,13700
17364: 19853,19820,14398,19183,20993
17365: 17400,14729,16717,12435,18089
17366: 17067,12519,12703,14245,13025,486
17367: 18125,12948,14134,12936,14209,12129
17368: 3912,13067,12842,13087,3913,12872
17369: 909,17272,13673,17103,19073,16573
17370: 11012,18395,11083,11011,17378,11082
17371: 20493,17041,18973,12955,14430,19434
17372: 7741,7851,19066,12726,17065,12568
17373: 14830,15990,18803,13407,18414,18896
17374: 13590,13559,16312,12537,15174,14842
17375: 19827,18080,18549,18061,16510,19063
17376: 12862,18782,14085,12072,15387,18277
17377: 19585,19079,13969,13083,14753,15573
17378: 11011,11010,10937,10938,11012,17370
17379: 17071,2242,2145,16929,2241,2144
17380: 18533,15728,17099,21383,11935
17381: 12336,11807,18259,15382,16760,14717
17382: 19259,16831,13668,15764,14312
17383: 12672,15634,13818,16871,19081,12794
17384: 17349,17060,15222,20590,14881,17647
17385: 604,605,14298,673,18287,15220
17386: 6166,14926,6167,17603,6053
17387: 20763,11783,15218,21072,16964
17388: 16135,15960,12526,13749,16110
17389: 16802,15446,14005,16872,19163,13511,15447
17390: 15833,15159,2140,14272,15478,17201,14174
17391: 20183,19857,13369,14993,12356
17392: 17205,14,17701,19099,19958
17393: 19056,20110,20700,19161,21095,18492,16460
17394: 13012,12821,10531,15931,13121,10615
17395: 14158,17439,15208,15560,14088,17149
17396: 14348,15981,6504,14372,14607
17397: 19083,13564,21164,21378,14857
17398: 12684,7517,12916,17165,15842,15003
17399: 14174,1949,14036,17201,19138
17400: 17365,12615,14729,18729,12435,13746
17401: 16727,8810,8704,20741,8913,8809
17402: 105,104,14022,144,189,19870
17403: 14737,14882,16318,21268,13349,11716
17404: 2844,2741,2740,18280,13238,2843
17405: 13339,16068,14672,11684,15809
17406: 17139,15524,16770,13551,16787,18757
17407: 10174,10084,10083,10265,10175,17136
17408: 17136,10085,9992,18016,10084
17409: 13262,14801,17178,12377,17878,15323
17410: 16606,18051,11719,14856,15757,20063
17411: 14897,11643,14061,11861,15960,12596
17412: 20240,16570,17648,21124,20496
17413: 17001,20174,20404,15487,1490,16827
17414: 16112,16453,20172,12208,15591,19900
17415: 15860,19020,21405,21391,20716
17416: 12896,14243,14335,20417,12479,47
17417: 11661,17263,11660,15457,15567
17418: 19269,20993,17539,14398,17601
17419: 15371,43,16360,18545,17850
17420: 195,17146,243,194,244,295
17421: 13629,2336,12249,18100,15466,13641
17422: 20394,18788,21423,20917
17423: 16282,16924,18714,21161,17254
17424: 14142,19297,13769,18818,18882,15803
17425: 20687,14768,13477,14844,20325
17426: 12793,14566,15649,11997,14035,12931
17427: 11664,17480,18203,11663,11699,11700
17428: 8391,13072,18998,12210,14149,13876
17429: 13142,200,13103,17431,199,11975
17430: 20664,20469,19062
17431: 14407,199,247,13142,248,17429
17432: 158,14844,14952,17092,17685,13477
17433: 12291,20564,15072,11762,16782,17110,15011
17434: 14837,12047,12931,12068,14035,15061
17435: 20732,18300,20697,21375,19614
17436: 18411,13466,17497,14805,14596,17028
17437: 12198,8499,13817,15690,14246,8606
17438: 15243,15431,19630,16767,20181
17439: 17199,17914,17395,15208,15560,16176
17440: 19725,18111,13199,17622,21454,18190
17441: 10184,10185,10360,18105,10094,16683
17442: 7628,18972,17153,17947,12366,15001
17443: 18726,17239,11774,19080,15479,19046
17444: 17587,15117,17186,15272,20373
17445: 12252,9,19970,16859,16789,12465
17446: 12127,18771,11985,16832,15665,15182,13165
17447: 621,620,13314,12095,552,13805
17448: 8173,8064,16919,8065,14049,13819
17449: 14729,15551,18882,16717,15803,11892
17450: 20211,20659,21323,15506,20443,19183
17451: 17639,14694,20965,19061,20860,20635
17452: 16377,17044,14850,16669,16037,13355
17453: 9519,9420,17235,17918,9421,9321
17454: 14171,11646,13866,12316,16746,11943
17455: 10858,10781,10780,10857,10934,10933
17456: 20800,21311
17457: 13249,13927,17042,12717,14125,11947
17458: 15389,13702,15114,17827,4354,17008
17459: 20761,21224,17929
17460: 14893,7295,12795,7407,12959,12943
17461: 13814,6731,7069,14791,13008,14071
17462: 18328,1055,976,1054,17208,1053
17463: 20975,17467,18909,13248,19403,19280
17464: 11785,14561,18207,15353,16820,12303
17465: 11874,16053,11811,15231,18461,17158
17466: 11935,17091,18533,17281,15252
17467: 18394,19260,18406,20975,17463,20220,18909
17468: 20990,19092,20733
17469: 19768,14504,19388,19404,17556,19965
17470: 16902,21145,21062,20039,19305,17592
17471: 14942,15978,13338,16003,12819,20470
17472: 17819,19085,19506,15963,16293
17473: 13941,16927,11682,16714,12749,15533
17474: 19012,19689,13719,12239,19026
17475: 12656,17781,20188,15854,11793,16675
17476: 16007,20704,19101,20699,16014
17477: 18949,12286,1854,15358,14383,12797
17478: 18472,20702,18950,18961,13145,20608
17479: 20749,20768,13286,20773,19193
17480: 11664,11665,17427,11701,11700
17481: 1671,21474,18497,14645,11891
17482: 13328,15313,16973,13942,19886,17491
17483: 21265,19717,20389,17659,17747,14616
17484: 14820,17031,254,15265,13978
17485: 19187,20819,19671
17486: 17621,12365,21429,19404,21309,15908
17487: 19094,19375,20023,18387,20689,15201
17488: 19228,20837,20906
17489: 20965,20860,19440,17821,17718,13240
17490: 13369,16133,19887,21414,19857
17491: 20182,15294,16835,13942,19886,17482
17492: 19115,20721,18529,18153
17493: 12059,14580,15176,3476,19261,18694
17494: 17537,20769,14620,19973,19618,20812
17495: 11483,11533,11482,11535,11582,11534
17496: 11569,11568,11567,18660,11519,11520
17497: 17436,15087,13586,14805,14596,20158
17498: 15621,15180,15237,15668,18711,13795,21151
17499: 16071,14813,19682,11800,14491,19522
17500: 17688,20000,20437,17735,19948,18023
17501: 14517,19164,20328,19875,20483,20573
17502: 20078,20711,19980,19596,18336
17503: 21297,17920,19578,20092,21259
17504: 12433,18164,21246,16230,13554
17505: 15848,14148,4465,13634,17512,14587
17506: 13672,7070,12795,13024,6958,14686
17507: 18547,20217,14502,19388,17523,13246
17508: 17953,19481,20449,19287,19308
17509: 19101,19125,20939,20370,20699,13043
17510: 10357,14733,14094,13028,17318,15986
17511: 15529,14095,14136,12168,15561,17310
17512: 15848,4465,17505,12717,16994,17042
17513: 20487,17551,13322,20788,14569,19417
17514: 18160,20740
17515: 19555,20750,21243,21394
17516: 13246,20618,18518,14502,14772,13321,15972
17517: 20857,14921,20011,11602,17810,20243
17518: 19101,18106,19949,20939,20970,16007
17519: 18171,19529,20028,17738,13458,17783
17520: 13728,14718,13901,13290,12583,11827
17521: 11712,14001,12710,14328,13070,12937
17522: 15984,21011,20432,20488,21360
17523: 20217,17507,14502,18425,18510
17524: 19488,12869,19510,15926,20583
17525: 20734,19127,20747,15925,19178,19109
17526: 0,15928,20801,19148,19690
17527: 19281,19754,21089,17588,17600,20037,19399
17528: 19366,21097,21033,16013,19278,15014
17529: 20886,19881,19243,21273,14569,20814,17551
17530: 2742,2640,2639,2743,15320,2539
17531: 15829,10090,11945,14358,12657,18276
17532: 16856,11885,13864,10180,16170
17533: 15527,15410,7958,19714,19426,18245
17534: 18555,12733,18681,759,15549,16164
17535: 15916,20761,19154,20955
17536: 20919,19342
17537: 20769,17494,19220,20812,20281,14490,19717
17538: 15988,20727,20956
17539: 19406,18867,20516,19269,17418,17601
17540: 19639,19221,16358,21171,19880,17584
17541: 20739,18331,20802
17542: 18156,15310,79,20399,20431,18346
17543: 20881,15961,14981,21355,19137
17544: 14542,16947,21048,19149,21247,21018
17545: 15112,13757,18176,18661,17997,13334
17546: 15439,18253,12695,18091,12317,13891
17547: 18968,15847,13422,15442,17114,15126
17548: 12547,16439,18241,16743,14677,14691
17549: 18472,20075,18961,14462,16035,20570
17550: 17335,20131,20565,13159,20660,17886
17551: 19165,17513,20886,17529,14569
17552: 19263,20838,19590,19623,16502
17553: 15043,15975,20798,21402
17554: 19257,20896,13330,19869,19278,18196
17555: 13332,21412,21318,19620,19383
17556: 16055,19213,19651,19965,19768,17469
17557: 18642,20995,18374,19282,16077,17733
17558: 5592,5705,5819,17228,5478,5591
17559: 20774,20929,19184
17560: 18401,15987,17888,14521,19586,20792
17561: 19185,21004,19188,20762
17562: 20813,14549,17679,21229,20854,20949
17563: 16021,17869,19619,21274,20336,14633
17564: 18523,15947,12711,17692,21468,19201
17565: 15041,12567,15175,12674,16897
17566: 18055,16262,12357,12007,19316,15442
17567: 17741,19479,20353,18255,21270,19324,12408
17568: 19150,20982,20976,15993,17832,21128
17569: 21073,21482,19312,21096
17570: 15938,20879,19145,20785,19151
17571: 20556,18316,16519,21055,14617,19803
17572: 17769,21154,21194,19873,20420,16319
17573: 16057,17740,19303,21436,17866
17574: 21053,19319,20786,20820
17575: 12077,16988,16450,9905,18276,9811,14358
17576: 16898,13912,17796,19690,19855,20302
17577: 14824,15366,20,13439,23,12126
17578: 334,333,390,391,17234,392
17579: 13636,17215,13760,18204,17005,11931,12687
17580: 1052,974,1133,1054,1053,1134
17581: 17015,15498,19283,18613,18592,20499,20239
17582: 14000,19565,20194,19748,13471,16864
17583: 17864,18284,20248,14846,19847,19920
17584: 20783,16028,19175,19880,19221,17540
17585: 18167,14617,20977,18087,19369
17586: 20755,21015,21084,20846
17587: 13703,15117,16580,13493,17444,15272
17588: 19951,17600,17675,21089,17527
17589: 14220,12372,17876,14179,15705,11833
17590: 20167,13289,20087,13348,20091
17591: 13512,17680,19196,19669,21030,13584
17592: 19550,19509,21062,13441,17470,19103
17593: 20773,19169,20855
17594: 19270,19617,13283,18741,15996,13403
17595: 20787,20981
17596: 11,19364,14489,20076,13406,17608
17597: 19247,19561,13381,19839,17671,20166
17598: 16018,19306,18101,14944,14883,18098
17599: 19212,17731,19508,20775,20427,21366
17600: 17588,18233,17675,17527,17753,20037
17601: 20105,17418,19406,17539,14398,17908
17602: 14452,14330,12967,5256,5257,5144
17603: 6053,21347,17386,6167,5940,6054
17604: 1861,1956,1860,1955,18542,2051
17605: 16216,19492,16062,19682,19442,11800
17606: 21447,16055,21110,20245,21042,308
17607: 20698,19094,19375,19334,21325,21384
17608: 17135,20012,19731,17596,20076
17609: 20476,13399,18469,21146,19678,17815
17610: 16079,19339,20920
17611: 16116,20978,20152
17612: 13260,16319,14826,14757,16128,19740,20420
17613: 20032,13276,19280,19994,19877
17614: 21147,20844,20483,19720
17615: 14185,13091,12156,15702,17180,14456
17616: 20292,16840,17902,19477,19881,18405
17617: 17638,21020,19095,20906,19558,20946
17618: 17006,20314,21263,17810,11602,18495
17619: 18441,17353,11854,20123,17644,20419
17620: 15498,20136,20499,18670,13832,19826
17621: 17486,19643,19404,21309,20106,14504
17622: 19725,20231,18111,17440,16035,15845
17623: 19780,16085,18589,18463,17634,14892
17624: 20971,19319,20820
17625: 18653,16379,19908,19735,19869
17626: 674,745,744,672,673,18287
17627: 16409,20585,14380,18670,19872,15273
17628: 19009,18888,19620,18239,19986
17629: 18710,18756,16102,19599,16640
17630: 17887,16240,16130,20588,19328,21025,14709
17631: 11814,16179,21360,16751,18291,20488
17632: 14135,17252,15514,15518,16800,16396,14438
17633: 15891,19273,20979
17634: 14518,14892,16109,17623,19780
17635: 15950,12494,19402,20346,19632,13345,14935
17636: 15940,19571,20994,19332,21017
17637: 20028,19511,17738,19408,19800
17638: 20926,20867,21020,17617,20837,20906
17639: 17451,19718,19084,14694,20965,20094
17640: 20856,21068
17641: 19499,19589,14723,19226,16125,21139,19325
17642: 20921,20988
17643: 15979,20198,17149,14158,12970
17644: 13834,17090,20419,17619,20123,16831
17645: 14529,14546,20852,18288,16612,16483,20743
17646: 20891,21016
17647: 20590,13358,13311,15222,16237,17384
17648: 20240,17412,15964,17770,15438,21124,15195
17649: 21109,21373,19240,19798
17650: 19567,16082,20361,18011,19792,14693
17651: 19401,12407,21287,21056,20901,19921
17652: 19781,19633,12443,19495,20427,16141,20696
17653: 19616,20311,20908,21162,17696
17654: 16378,18337,20128,13308,18470,16153
17655: 386,18210,446,447,17159,387
17656: 20250,550,20666,16315,18191,14854,14678
17657: 12786,11005,16043,13614,11075,12238
17658: 20612,19722,16290,18145
17659: 20281,17483,19717,20502,14616,19995
17660: 11462,11513,11408,11461,17257,17840
17661: 17841,2430,2530,2631,2431,2531
17662: 12354,13346,16346,13873,12438,12372
17663: 12680,14732,21331,16180
17664: 19242,19289,21000,21074,16169
17665: 18189,20320,19230,18261,20225,17702
17666: 21127,20980
17667: 16542,16574,19708,18123,19800,13373,20028
17668: 16679,19946,19180,12645,19044,16451
17669: 16151,19530,19380,18779,20999,21024
17670: 17765,15215,14571,20652,20084,20958
17671: 19090,20284,20166,14619,17597,19839
17672: 12407,19495,20133,17730,19781,20805
17673: 12201,11596,11547,15354,11548,14457
17674: 11673,11632,11672,17176,11671,11631
17675: 19951,17588,17600,12352,18233,20718
17676: 15413,17296,12454,14928,16500
17677: 17688,14572,15963,20290,18353
17678: 17879,19795,19731,20147,13152,20076
17679: 17562,14549,19755,16160,20949
17680: 18295,13512,19196,17854,17591,19551
17681: 13028,17030,10528,21403,12708
17682: 17084,13289,16479,15913,20087,19667,18866
17683: 17838,13318,20803,20368,16300,16836
17684: 21069,19608,17787,307,21028,19782
17685: 14952,12538,14076,15647,17432,13477
17686: 19960,20712,17826,19068,13492,20134
17687: 10605,10520,10435,17249,10606,10521
17688: 17500,17677,20000,17735,14572,21009
17689: 20940,21098
17690: 19389,18263,21379,19656
17691: 19332,15916,21017,21078,20944
17692: 18236,15947,17564,14819,21468,19847
17693: 11927,17342,14188,15226,12390,12785
17694: 16104,19286,12002,14659,20019,19545
17695: 16730,17697,13325,19642,20161,19347
17696: 18238,19003,16629,16180,17653,20311
17697: 16730,20632,14744,13325,17695,19386
17698: 21212,18438,20056
17699: 19959,16200,19423,18633,16428,18693
17700: 6732,6619,6506,6278,12183,14325
17701: 17205,14305,17392,19099,15750,15494
17702: 16118,20225,14589,20349,20320,17665
17703: 19309,20928,16177,20902,20913
17704: 20990,20733,21134,14626,19330
17705: 20882,19719,18070,19660
17706: 19595,16098,21112,18697,16807,11759
17707: 15949,14947,17711,16431,17333
17708: 17298,19058,17746,20048,12288,16695
17709: 15806,18248,20428,17210,15897,20393
17710: 13419,20981,19472,12383,21088
17711: 17707,14947,16488,17333,12406,15411,17143
17712: 17336,20069,15303,14311,13682,13265,12674
17713: 19621,21307,17768,21444,19600,15976
17714: 19439,20838,21486,14659
17715: 15379,21458,21342,12463,18078,19421
17716: 15941,19328,16091,19095,18019,20719
17717: 19239,19154,21293,20944,19287,19338
17718: 19320,21074,13240,19440,17489,19289,13403
17719: 10773,19462,16072,19652,19627,21064
17720: 17725,21148
17721: 18534,16246,15921,20742,17936
17722: 11765,14335,12479,15388,19,12803
17723: 16348,13637,12565,11821,5141,15785
17724: 21481,16885,12514,16494,16515
17725: 19390,17720,21135,21148
17726: 13730,20551,20539,12398,17837,13324
17727: 18074,14668,204,18770,254,15826
17728: 8073,7964,7963,8181,8182,19878,8074
17729: 19979,20715,16076,20326,12374,20369,13698
17730: 20433,11787,20133,17672,20805,17791
17731: 19212,17599,20522,19508,18410,20961
17732: 13659,17067,12703,15734,16918,19153
17733: 16077,20762,14537,19379,20995,17557
17734: 17100,13253,15114,16087,17811,20665
17735: 20690,21013,17688,17500,20437,14572
17736: 19953,19633,18486,16141,16337
17737: 20926,19783,20867,19349,21416,21203
17738: 19529,17637,20028,19511,21442,17519
17739: 19351,21036,20910,21008,20941
17740: 19265,16057,17573,17866,19769,20062
17741: 17567,20353,19496,20681,19324,21157
17742: 16477,20507,13282,18892,16416,19899
17743: 19756,16748,20306,18919,17771,14799
17744: 18737,15106,11796,18302,18786,15363
17745: 4132,12040,15869,12431,12169,15261
17746: 19058,16108,17708,13992,16145,12288
17747: 17483,20389,20395,18142,10270,19966,14616
17748: 19104,21384,20957,20698
17749: 20505,19453,18,19512,20033,20743
17750: 15563,21435,1949,20077,20444
17751: 18054,20948,20509,20433,18186,16329
17752: 21090,19520,21180
17753: 20244,14653,18029,20037,17600,18233
17754: 12826,12052,21149,15815,17012,15509
17755: 16192,21034,19409,21231
17756: 13011,554,12228,623,13201,692
17757: 14427,17900,12222,18352,19952
17758: 20827,21075,20983
17759: 14756,19939,19953,16337,19969,19219
17760: 19336,21066,18410,20922,20522
17761: 11909,17284,15473,19295,16383,16639,13779
17762: 14018,18793,18750,12334,15456,3583
17763: 13534,13522,15199,12380,20511,12527
17764: 12432,19040,18382,13599,14895,20401
17765: 14571,17670,19223,20084
17766: 21242,20103,14674,17812,13319,18071
17767: 19391,20148,17985,19613,21196,16080
17768: 19621,17713,19595,16098,18146,12339,19600
17769: 17572,21194,18779,20534,20153,16319
17770: 19552,15964,20859,20240,18315,17648
17771: 16198,19901,20306,17743,14799,19356
17772: 20232,13361,13409,11555,13532,14943
17773: 9129,9230,9028,17290,9130
17774: 17787,19425,19480,21040,21172,21140
17775: 13716,12498,20233,18637,19143,17219
17776: 15684,13943,13609,15302,9620,12912
17777: 15821,763,838,837,14711,19371
17778: 3693,12764,14273,3803,14212
17779: 18313,20601,19587,16214,18733,21210
17780: 19683,17965,19670,14903,19859,21081,19822
17781: 15271,12656,17475,616,11793,14812
17782: 15428,16472,18674,12480,16573
17783: 14743,13458,17980,18171,17519,15962
17784: 12318,17793,20505,19453,21010,15991
17785: 15997,19577,19483,20207,16150,13341
17786: 20121,16093,20637,20828,16311
17787: 17774,19480,307,21040,17684,19608
17788: 16260,21170,19678,21242,15967,20103
17789: 16349,18133,18528,13319,18071,16100,17815
17790: 19848,14507,19459,19673,16207,19482
17791: 14765,21446,20805,20433,18186,17730
17792: 14020,14317,16891,12638,15467
17793: 12318,20084,14602,20958,17784,20505
17794: 19381,19362,21080,12476,21236
17795: 19484,20236,12688,20823,14514
17796: 15989,19148,19562,17576,19690,19855
17797: 19253,19936,16375,16039,19987
17798: 20466,20810,19619,14698,16134,19976
17799: 19168,19936,19987,19315,15999
17800: 19768,18547,19213,20315,15460,16256
17801: 21451,16168,21045,20972
17802: 18448,20992,18640,20286,20313,21111
17803: 21236,19423,13531,19668,19381,21176
17804: 21177,21091,16231,21224
17805: 14644,20307,16614,19913,15166
17806: 19368,19601,19360,18635,19640,21296,21284
17807: 17229,18119,20612,16290,21465,19702
17808: 21005,19158,18,21136,19372,19512
17809: 13333,20057,11797,18755,16032,15956
17810: 19907,20243,17517,11602,17618,21263
17811: 14570,16087,17224,13253,12573,17734
17812: 17766,14674,18071,16183,20335,20264
17813: 21022,18266,19794,20651,20121,16129
17814: 12148,15373,13188,10925,12104,12991
17815: 18528,13319,17789,17609,18469,19678
17816: 4022,14576,18814,13253,12573,15078
17817: 20857,19209,14921,16519,13563
17818: 19635,19992,16734,18324,17864,14846
17819: 21179,19085,19506,17472,21137
17820: 21142,21081,19822,21497,19448,19849
17821: 19440,19617,20192,17489,20860
17822: 14804,1316,1231,13482,13896,15691
17823: 18269,13783,4021,13472,15307,17128
17824: 19428,18110,19749,15950,16424,15004
17825: 6953,6954,7066,17191,6842,6841
17826: 17686,16923,19068,16807,14815,20134
17827: 17100,17458,15114,21257,13735,15227,17008
17828: 19544,21218,19436,20349,19802,14589
17829: 12059,18434,16726,14638,15176,11932
17830: 12003,15571,10611,16232,10356,19298
17831: 19770,21397,20030,20526,18380
17832: 21128,21135,19498,14507,17568,15993
17833: 19530,19341,19343,19492,13541,20534
17834: 17951,20615,17007,21251,20305,16209
17835: 12590,16296,19977,21328,20367,18658
17836: 20492,21324,21035
17837: 12398,13345,19884,17726,20551,14525
17838: 17683,13318,19509,18069,16794,20368,20219
17839: 11882,12633,12557,19227,16334
17840: 11406,11461,21256,11408,17660,11407
17841: 2430,17661,18344,2332,2431
17842: 11616,15623,11617,11656,16693,11657
17843: 16797,13898,17271,11557,15163,20630
17844: 18226,19009,20350,12320,15937
17845: 4237,17340,4348,4347,18333,4459
17846: 13208,20384,14449,20231,18111,18190
17847: 16448,20331,17989,11764,20641
17848: 11762,15366,12892,13439,15011,15624
17849: 21447,19651,21092,19444,19245,308
17850: 13636,17215,15330,17419,19557,18545
17851: 15588,8497,14077,12170,13876
17852: 18683,16623,16203,16559,19235,21421,15024
17853: 12440,18599,19445,18440,16743,14691
17854: 18295,17680,19551,19563,18015,18335
17855: 15195,21182,16034,13333,15964,11797
17856: 16062,19442,18631,20597,18329,18969
17857: 20920,19224,19475,21093,16882,21102
17858: 18272,14471,15151,14751,2238,2141
17859: 16255,20065,20525,21069,19608,18321
17860: 12336,16119,18259,18902,13720,15184
17861: 14336,15319,13051,13081,12191,2535
17862: 3364,3258,3259,15214,16485,3365
17863: 14501,13709,17126,20753,19609,16029
17864: 18284,14846,17583,18324,12376,17818
17865: 21119,21064,19424
17866: 19868,19769,12820,17573,17740,19303
17867: 18403,18407,20543,16867,18798,20526,16292
17868: 16324,18128,19471,21237,21396
17869: 17563,20810,19619,16327,20336,19646
17870: 13910,13578,13027,13570,36,35
17871: 772,771,18358,847,848,773
17872: 16755,14011,12753,17269,13855,15742
17873: 6959,6847,15775,6960,18368
17874: 15575,14661,16584,16731,15608,14054
17875: 17906,14857,20171,20671,21349
17876: 11763,14940,14220,12438,12372,17589
17877: 2737,15174,13168,16804,13923,16583
17878: 13931,19053,15323,14801,18002,17409
17879: 18808,19041,19795,17678,20147
17880: 19543,20305,16209,19735,18653
17881: 20282,18023,15058,21193,19762,19955
17882: 21448,19683,16196,17965,19802,19436
17883: 20147,17125,18597,15979,13152,20198
17884: 13065,16548,18443,18548,15834
17885: 16226,18683,21275,12636,18561,18774,16559
17886: 20568,18419,20660,19207,17550,20565
17887: 20335,17966,16240,17630,20588,20264
17888: 19466,20045,13608,14521,17560,18401
17889: 18036,21150
17890: 14359,16650,13211,13123,15782,15831
17891: 13680,19302,18299,19954,19950,19553,14577
17892: 19515,21476,19437
17893: 16838,21138,18427,20377
17894: 17161,13630,18623,14912,16367,20888
17895: 16377,13355,11918,79,11870,14843
17896: 16293,12329,20046,16004,19710,19506
17897: 19932,16294,19291,19669,21469
17898: 11644,15168,17089,20162,16984
17899: 19108,14009,13840,11887,19268,15746
17900: 14439,14284,14427,13194,17757,19952,15863
17901: 16376,18398,15872,14284,15897,20393
17902: 20375,20292,17616,16840,18433,20611
17903: 13302,12116,13743,19665,15942,18483
17904: 14977,14508,13409,11555,14897,13035
17905: 14690,18960,13458,13373,17980
17906: 19488,17133,15926,14857,17875,20671
17907: 14315,13232,14683,10443,10357,11962,14094
17908: 19853,16218,14398,14427,17601,20105
17909: 18286,21352,14995,20452,20486
17910: 14702,18954,13374,13424,16843,20937
17911: 13843,20362,14841,16617,19736,16550
17912: 13342,17921,12410,17093,17264,13467,20027
17913: 20206,11842,16350,14959,16402
17914: 17199,17439,16176,20285,15311,15615
17915: 21220,21248,19513,14894
17916: 9810,18825,16706,17961,15920,16307
17917: 15548,14672,13349,18388,11716,13967
17918: 17453,9519,9518,9616,9420,18220
17919: 12332,11275,12851,14979,14937,14945,17231
17920: 21297,17503,18748,19578,14545
17921: 13342,16738,17912,13467,14802,15209
17922: 12418,18715,17938,16089,18835,19863
17923: 19788,20228,14755,16150,16157,20065
17924: 13092,16988,18409,16450,13609
17925: 11001,20878,21163
17926: 17253,15574,14026,14317,17214,14046
17927: 19556,19622,20317,11803,20203,18227
17928: 21049,13320,15521,11396,17354
17929: 21191,19114,17459,20761,21224,20955
17930: 20996,21288,20968,19698,12466,20031
17931: 11211,12577,16266,11982,18385,16905
17932: 20862,21139,21115
17933: 11861,13612,16135,16284,13420,14356
17934: 16227,13536,18410,20922,20961,20760
17935: 14545,14581,19120,15516,16788,13692
17936: 20038,20531,15921,13268,18534,17721
17937: 20500,18109,15952,21428,16411,18667
17938: 18715,17922,18622,20430,19863,18494
17939: 20193,19615,19462,16072,16332,20685
17940: 14889,12576,18513,15490,13660,18914
17941: 16246,16423,16487,20742,14872
17942: 16339,19655,20017,21395,21311
17943: 21225,19526,19565
17944: 19554,12588,18001,21304
17945: 12624,15211,11949,13945,18306,17033
17946: 7961,8070,12568,7851,7852,7962
17947: 17442,17153,15001,12079,15559,18641
17948: 19561,19603,13381,21492,19713,21385,16182
17949: 15215,17953,20868,20449,18720
17950: 16274,18065,13490,13491,20559,18903
17951: 18649,17007,17834,20443,21251
17952: 19788,18796,13341,13446,19445,18440
17953: 17508,20449,17949,19287,19338,11769
17954: 2339,14229,2241,14472,2340
17955: 21202,21130
17956: 16677,19701,21433,14955,19797,19860
17957: 12393,16782,15011,12672,19081
17958: 18157,12305,15279,18992,16117,12841
17959: 19037,16386,16159,20042,20327,7182
17960: 21282,16368,21491,21345
17961: 13065,14278,11926,16706,17916,18825
17962: 13306,16752,15093,758,12419,17124
17963: 13618,21243,19428,21456,19645
17964: 6390,17967,13958,14201,16066
17965: 19909,19683,16196,17882,19670,17780
17966: 20335,17887,16240,17085,14948,14793,20693
17967: 14885,6390,13647,17964,11782,17347,13958
17968: 11452,19024,20159,17078,21467,14698
17969: 14907,15204,16601,19331,16001,18049,15873
17970: 306,11780,15888,12985,12032,14467
17971: 13256,13130,16742,12316,11943,11991
17972: 8285,12475,8286,8392,12400,13817
17973: 8705,8706,8704,17299,8599,8598
17974: 11826,20575,12347,16017,19491,18432,18766
17975: 17166,15619,15780,16885,12514,12598
17976: 20858,20671,21188,16223,17133,20216
17977: 14731,18479,16144,18077,18431,16301,12437
17978: 15346,18055,13401,17111,16262,19939
17979: 20222,19739,11856,18508,20209,20952
17980: 17905,20283,14743,18960,13458,17783
17981: 20225,16545,18261,20029,20679
17982: 19134,13666,16674,14960,18612,17314
17983: 19831,15966,19814,21463,14967
17984: 19621,21277,11759,19447,19595
17985: 19613,21271,17767,21196
17986: 18934,16143,12430,1,16311,20828
17987: 21261,19593,16869
17988: 19764,20030,21226,12451,21397
17989: 16030,16448,13315,16815,17847,18775,20641
17990: 14511,20094,13471,19474,16777,14694
17991: 19691,19580,21478,16368,20447
17992: 14608,18384,16280,17076,13530,16187
17993: 14833,15367,13463,12847,15383,14269
17994: 20563,20046,19941,18076,18589,14892
17995: 19170,21141,21319,18034,19623,19581
17996: 19657,21464,19225,19784,19843
17997: 14753,13334,13509,16774,17545,13757
17998: 1483,1572,1396,1397,1484
17999: 21262,19740,16078,16478,20519,13260
18000: 18682,14101,18103,21044,20382,16547
18001: 19554,17944,20002,21207,19712
18002: 14801,15123,15610,19053,17878,11740
18003: 15402,15028,20864,20053,19679,19743,21408
18004: 4357,19006,18638,4136,4246,15200
18005: 19679,21294,21306
18006: 19448,20336,19849,19646,18026,21399
18007: 20624,16422,21122,21295,18206,19582
18008: 13198,12004,13788,21076,11140,17327
18009: 14545,14581,21126,20087,13348
18010: 13476,15386,18264,19916,13545,13802
18011: 20361,15936,19962,20328,17650,16082
18012: 16156,18127,14993,12356,15968,20509
18013: 3162,3055,18643,15824,15535,3161
18014: 18124,20806,16493,16251,16391
18015: 19601,21296,19563,17854,16490,18335
18016: 9992,17408,18531,10084,9991,9899,9898
18017: 14033,17156,18676,14223,20636,14368
18018: 1579,15642,15738,13940,19117,11956
18019: 12301,20719,16461,20936,16130,19328,17716
18020: 13791,15302,15717,12559,13092,15852
18021: 19417,20292,19477,20047,20397,15953
18022: 21381,21437,21115,19499
18023: 18235,17881,15058,17500,20437,19948,19955
18024: 20605,19937,20736,20757,20864
18025: 12725,12989,14274,13141,17181
18026: 18006,19849,19646,19998,16363,19859
18027: 14740,21129,15005,19850,20219,18069
18028: 16927,15611,12604,13961,16033,11863
18029: 20244,18205,16102,17753,20037,15998
18030: 14477,13675,14988,12264,18473,12884
18031: 21297,18748,12632,19790,18386
18032: 21380,16474,21419
18033: 19214,20844,21300,21351
18034: 20272,19623,19581,16411,16502,17995
18035: 20777,20487,16533,19165,20421,18795
18036: 17889,18373,19699,21150,21464
18037: 15807,13837,11751,11752,15508
18038: 14919,12644,15023,16778,15887,17221
18039: 17118,18464,19988,16474,21419,19661
18040: 14153,18301,18229,14364,15714
18041: 16405,19093,20675,20086,21368,19641
18042: 14611,14652,12340,18343,16340,16210
18043: 18048,16484,15070,20214,19858,16845
18044: 408,406,407,467,468
18045: 14157,13855,15351,16983,21356,12723
18046: 1408,1495,1496,1321,1322,1407
18047: 13404,19391,20148,16261,16090,19801
18048: 18043,15070,19680,19858,19664,16620
18049: 16001,21477,14378,15679,15873,17969
18050: 19277,19711,21373,21361
18051: 14233,17410,16606,14240,19503,11719
18052: 18949,1762,12057,14343,14403
18053: 10782,10781,10780,10702,10703
18054: 20509,20433,17751,11787,13369,19887,12356
18055: 17978,15346,16262,17566,12007,19835
18056: 3696,20255,3805,3915,3806,3697
18057: 19977,15098,18652,18658,14912
18058: 16718,21439,21087
18059: 21392,19533
18060: 10773,19652,20425,20120,13622,21455
18061: 17375,18080,18187,18549,19911,20066
18062: 21332,19653
18063: 16107,14448,16859,16099,14575,19970
18064: 772,771,17055,17325,846,770
18065: 15255,16274,14622,17950,20229,13490
18066: 16436,16534,14996,14699,20342
18067: 9522,9715,12196,9424,13644,17260
18068: 17306,8707,8812,8811,8706,8600
18069: 17838,19509,14740,18027,20219
18070: 19719,19857,17705,21414
18071: 18133,13319,17789,16183,17766,17812
18072: 16394,13839,14966,20531,16075,21159
18073: 21289,19547,16290,21465,14577
18074: 15297,14719,17727,14668,14062,204
18075: 20376,19664,15049,19720,16489,21351
18076: 20563,14560,17994,11917,18589,20633
18077: 14731,18399,17977,12437,14628
18078: 16539,18088,19421,17715,21342
18079: 14549,21229,20274,19936,19862
18080: 19827,17375,19911,20785,18061,15938
18081: 18579,12382,13567,20288,15207,15069
18082: 4916,19745,21320,21388,21496
18083: 19700,16124,16536,18519,13359,15082,21329
18084: 15289,13459,3262,15755,15312,13899
18085: 17106,15552,14021,16887,12942,13646
18086: 21398,16565,20005,19330,21452
18087: 21054,19369,21085,20276,17585,14617,19803
18088: 20602,16145,18078,16539,19421,19851
18089: 12435,17138,17365,16717,16788,1670
18090: 11717,15668,12945,18511,12130
18091: 18253,17546,17044,16669,12445,12317
18092: 19139,13427,12069,20655,15858
18093: 20056,18698,20400,20996,21132,13411,21212
18094: 21381,19721,16430
18095: 21227,18275,18178,16442,18188
18096: 19605,20548,15629,15255,18309,14068
18097: 14612,18158,20385,13520,16671,14994
18098: 21254,14883,16421,17598,19925,18101
18099: 19737,16597,21186,20049,21374,15086
18100: 15466,13205,17421,13641,2536,13610
18101: 18370,19925,20829,12397,19306,17598,18098
18102: 14612,20385,16747,16155,20068,14796
18103: 18000,18682,13721,20068,16547,16440
18104: 15395,20246,21440
18105: 14093,17441,10185,10360,10274,21283
18106: 17518,19949,12353,19808,20230,20970
18107: 18981,15172,12339,20021,20964
18108: 12873,12055,15842,15608,14054,13830
18109: 20500,17937,13707,20271,20356,20567
18110: 19428,16314,20108,20135,17824,15950
18111: 20231,17440,17622,18190,17846
18112: 16997,21487,19758,14908
18113: 11851,11396,13662,12595,15811,11395
18114: 12277,13944,16171,13641,2436,13610
18115: 20582,21367,18332,14741,14766
18116: 15934,14832,19234,20673,16816,16642
18117: 19694,19990,19524,16283,12012
18118: 15233,12454,15092,14928,18279
18119: 17229,17807,19069,19702,20041,18651
18120: 16596,21409,19738,21425
18121: 17358,14091,12112,11853,14078,12840
18122: 12353,20098,14639,16132,11743,16880,18799
18123: 19408,20020,19800,20598,17667,16574
18124: 18014,20935,16251,20127,16391,19909
18125: 1671,14161,18497,12948,17367,12936,14447
18126: 19790,18833,18699,12632,20360,20580
18127: 18012,5710,16156,20308,18963,15968
18128: 21439,19471,19750,21087,17868
18129: 19876,20543,20210,19745,20572,20491
18130: 17095,15694,13218,20223,13708,15240
18131: 15150,21213,19746,20596,16524
18132: 20930,19776,20022,20209,21473,16106,19739
18133: 16349,17789,18071,21343,16183
18134: 14646,20513,19868,19769,20475,20471
18135: 193,149,242,150,243,194
18136: 19345,18591,14493,12369,14687,15313,11877
18137: 15935,15053,18475,18902,19180,12645
18138: 14205,17147,77,13363,15096,12011
18139: 11731,11703,11732,16097,11702,15759
18140: 13955,12929,5482,12014,15433,11831
18141: 5596,11913,11836,12583,18211
18142: 16409,10270,14380,15971,20389,17747
18143: 4138,17276,4027,4247,4137,4248
18144: 15659,14369,12613,13790,14565,10693
18145: 13387,16392,16345,19722,16652,17658
18146: 16098,16361,17768,14603,12339
18147: 20321,16401,20301,19860,19918
18148: 16829,19969,18773,7182,20042,16504
18149: 20386,16538,16896,18668,18630,21291
18150: 20176,21426
18151: 14876,17126,11811,21422,20613
18152: 14645,16671,18886,14728,14994,20594,18978
18153: 21393,17492,18529
18154: 19785,21479,19824,5483
18155: 15235,17025,11717,18738,17052,19262
18156: 19809,18845,17542,11918,79,20399
18157: 11799,17958,13433,12305,14692,16117
18158: 18805,15487,20385,18097,1490,13520,15381
18159: 17022,14710,20202,19787,20402,16181
18160: 17514,20003,11742,21425
18161: 19915,16198,20529,19901,17242,21113
18162: 19538,12844,15995,11987,10442,20298
18163: 1154,1155,1072,17326,1073
18164: 15536,17504,15130,21246,16230,15231
18165: 4125,4236,4015,4016,4126,4237
18166: 16197,20552,18242,20458,21480
18167: 21055,17585,16469,20013,14617,20824,20977
18168: 18624,13752,12586,12518,15412,15102
18169: 13480,20712,19068,18454,14695
18170: 21121,16060,16054,18751,16776
18171: 19529,17519,17783,15962,20883
18172: 16132,14240,20553,18247,14639
18173: 15375,16900,12650,14619,20284,20705
18174: 20405,16029,13273,14501,19927
18175: 13735,15784,13297,12629,13313,12549
18176: 15112,17545,13327,7628,15550,18661
18177: 18189,18634,16391,13547,19810
18178: 16442,19991,20663,16616,18095,18188
18179: 20265,19592,18351,13622,14995,20120
18180: 15108,19910,20441,19244,21501
18181: 15680,19871,15115,17087,19819,19836
18182: 18708,18999,17161,2945,18721,20445
18183: 14026,14317,12638,12192,15852,18857
18184: 13101,12103,12706,17286,14588,13865
18185: 16279,13339,14654,15709,16068,14540
18186: 20433,17751,16329,16181,14765,17791,20402
18187: 19911,18061,19793,17003,20066,20319
18188: 16614,13750,18178,16616,18275,18095
18189: 18177,20320,18634,17665,19230,13617
18190: 18111,17440,21454,17846,14449,16719,15503
18191: 15416,14821,17313,14854,14678,17656
18192: 16225,16541,18575,19982,18257,15028,20053
18193: 15019,20705,18856,16889,19902
18194: 18747,19777,18468,12239,14442
18195: 19088,14942,15542,13338,11788
18196: 19869,19278,19861,18404,17554
18197: 15492,18730,12483,14820,17140,13849
18198: 17345,13915,12081,15882,12560,12229
18199: 13178,17137,1668,13073,1667,1577
18200: 15370,18865,16676,15105,13478,15452
18201: 19838,19852,21494,18238,16629,19945
18202: 18950,15057,19687,20577,15064,18858
18203: 11623,11664,17427,11622,11663,11662
18204: 17579,13760,11931,74,11992,15110
18205: 20244,13860,16102,18029,12700,18756
18206: 20114,21295,19410,20624,18007,21500
18207: 11785,14561,16425,17464,13264,18422
18208: 16484,13744,13776,20642,20150,16837
18209: 15765,13379,18256,14185,15757,13091
18210: 385,386,17655,18639,445,446
18211: 13513,21083,12583,11836,18141,13901
18212: 13761,2736,2635,18376,12233,13143
18213: 20366,18290,15962,20156,20807,16103
18214: 14038,18870,4354,15784,17008,4467
18215: 16121,13518,16483,14721,14836
18216: 19828,21488,16643
18217: 19834,19336,21165,19829,16677,14955
18218: 13592,13054,13495,15701,11686,15026
18219: 12046,6845,14893,7070,13525
18220: 9518,9616,9615,17918,9712,9711
18221: 334,392,335,393,453
18222: 15220,603,671,672,673
18223: 11569,11568,17009,11614,11570
18224: 16961,12680,21498,15116,13777
18225: 12203,14426,11212,15523,15699,12963
18226: 17844,18239,19889,12321,19009
18227: 20014,19606,21355,20317,19556,17927
18228: 15368,16488,13506,16463,19017,14920
18229: 14364,14041,18040,15714,14126,15524
18230: 13267,12354,14535,11763,12438,18975
18231: 13387,16345,14634,20185,18299,20808
18232: 19249,18991,15481,14642,14867,13466
18233: 17600,12352,17675,16064,14653,17753
18234: 16253,13851,16668,18324,14667,16734
18235: 18023,15058,13763,16127,20690,20437
18236: 14819,17692,21050,18284,19847,21466
18237: 16552,18309,14622,20229,16056,21498
18238: 17696,16629,20908,19838,18201
18239: 20275,18226,19986,19889,19009,17628
18240: 16975,13372,14852,18458,11899,16805
18241: 12547,14677,17548,15638,204,15297
18242: 16197,20552,20362,20193,19615,18166
18243: 11495,11548,11546,20950,18718,11547
18244: 19216,20110,11758,16460,19960,13492
18245: 19714,16930,17533,15410,18834,13353
18246: 11983,13662,15525,12718,13392
18247: 14639,17172,15621,16853,21151,18172,20553
18248: 18721,15806,20428,12778,20445,17709
18249: 3691,12109,18397,13921,16173,13019
18250: 16242,16361,20959,16801,20097
18251: 15645,15165,17182,13726,13711,15740
18252: 18847,15106,18879,13838,18302,13529
18253: 19002,12695,18091,17546,16669
18254: 20644,18451,20314,20083,19015
18255: 13360,21238,17567,19479,20353,16243
18256: 15765,18209,14185,14166,12994,12945
18257: 16314,20108,21471,16225,18192,20053
18258: 16596,20021,15976,19865,18840,19806
18259: 12336,17860,17381,16760,15276,13720
18260: 14902,19291,19932,18420,19531
18261: 20679,15088,11909,19230,17665,17981,20225
18262: 19008,20376,15049,20573,13315,18775
18263: 19389,17690,21006,19656,19912
18264: 13476,15386,18010,14524,14777,18769
18265: 18736,21382,14929,20301,16433
18266: 21022,2,19794,20016,20238,17813
18267: 13016,12120,17345,7737,12081,7847
18268: 20665,20432,12307,19050,17100,21257
18269: 17823,13397,14951,13783,4021,16806
18270: 13692,15113,16308,16641,15749,19355
18271: 20371,16658,16400,18663,19010
18272: 17858,14751,13217,14671,16879,2238
18273: 15361,18915,16941,20770,18544,7294
18274: 12326,17233,15381,13872,13413
18275: 18095,12636,16491,13750,18188,18561
18276: 12657,9905,17575,14358,17531
18277: 14183,12048,12072,17376,12862
18278: 14536,13233,14512,16662,12395,17062,16412
18279: 12411,18873,14928,16615,15233,18118
18280: 2741,2740,14684,17404,2638,13937
18281: 14920,15449,20080,13506,11771,18734
18282: 46,18476,11870,19993,45,16956
18283: 15992,18851,21457,12819,16733,20470
18284: 17864,17583,19847,21466,18236,12376
18285: 20032,19877,16522,17117,18905
18286: 21352,17909,20452,16558,13703,20363
18287: 605,17385,673,674,17626
18288: 14546,17645,20743,15991,19453
18289: 19971,8498,19407,20843,11835,16899
18290: 18213,17319,20156,20157,20640,20807
18291: 16751,18644,18731,19516,16179,17631
18292: 19629,20918,12654,15712,14682,19602
18293: 19513,14894,15234,19890,20535,18910
18294: 13838,616,13935,13529,14478,15377
18295: 13512,17680,17854,18335,16371,16281
18296: 21186,19746,20049,21272,14326,16524
18297: 18356,16609,20532,13839,13638,20448
18298: 16718,19675,19891
18299: 20185,19954,17891,19950,13387,18231
18300: 17435,21375,20081,19926,17075,20016,19614
18301: 18040,14153,2737,13168,2840,14364
18302: 11796,13838,15271,18252,17744,15106
18303: 19635,15181,19992,20745,19818,20061
18304: 16249,13427,15598,13740,20289
18305: 15306,13576,13311,11937,20504,16443
18306: 12624,14397,17945,11757,16813,13945
18307: 18491,19691,20317,19606,20447
18308: 16631,20635,20132,16214,18733,15899
18309: 15255,18237,20229,18096,16056,14068
18310: 13370,16286,16957,12692,13573,14495
18311: 14987,14553,20707,18614,18872,20851
18312: 14440,12520,14084,11984,11883,12750
18313: 11792,20601,17779,18437,18733,14486
18314: 13810,14794,13438,13262,15216,15323
18315: 20240,16206,19763,20859,17770
18316: 16325,20556,17571,21055,16469,20915
18317: 13245,15726,15720,15808,18396,13481,12295
18318: 20561,16808,17079,18656,21238,16243
18319: 15941,16038,18416,20629,20293
18320: 14861,14441,13287,8392,12400,13587
18321: 16255,20525,17859,19487,21413,20547
18322: 4241,4131,12298,4130,14597,12784
18323: 14656,16528,16390,18932,12458
18324: 14667,12376,17864,18234,16734,17818
18325: 15146,1147,12346,13861,18580,13448
18326: 20057,14519,19096,20145,21499,15956
18327: 548,15854,16772,11970,12656,13935
18328: 1055,17462,1136,1054,1135,1134
18329: 20597,14826,14757,18969,20261,17856
18330: 17330,15585,12691,20625,20710,18746,19947
18331: 17541,16643,20035,20802,19979
18332: 18115,20582,14741,20004,18617,20931
18333: 4571,4459,4347,18744,4458,17845
18334: 20744,18761,13563,16199,14822
18335: 15060,16490,16281,18295,17854,18015
18336: 15260,20078,17502,19980
18337: 16378,17654,16642,19234,12349,16153
18338: 17013,16647,19288,16030,14517,19875
18339: 16730,19271,20632,20337,16692,20302
18340: 19975,21052
18341: 18755,16032,17224,18751,4022,18813
18342: 19946,15392,19180,16522,15053,17117,20100
18343: 15153,12340,18042,14761,16340,21027
18344: 2529,17841,2429,2430,2331
18345: 17334,14103,18784,15807,11754
18346: 16377,16037,13654,17542,79,20431
18347: 14922,16464,19810,16493,16410,14787
18348: 16387,16206,16570,20584,20089,18536,12836
18349: 16640,20338,17168,20441,20391,18710
18350: 20528,20149,20163,16776,19191,18364
18351: 18179,19457,20265,19592,19987,16375
18352: 13293,19952,12222,17757,18760,16453
18353: 20290,14518,16109,17677,14572,18466
18354: 13717,16685,16302,13606,20546,21487
18355: 20592,18366,19643,15958,14586,16568
18356: 15013,20501,20951,18297,16609,20532
18357: 13849,18928,17068,15827,12582,12483
18358: 772,699,17871,700,774,773
18359: 16239,20634,14606,19837,19256,18572,16470
18360: 20450,19064,21405,20722,18587
18361: 20566,11814,14494,19191,18364
18362: 16211,19862,21051,20029,20274
18363: 19992,20745,16734,20369,16668,18876
18364: 18361,19649,14494,19191,18350,20163
18365: 10002,9910,9909,9908,10001
18366: 20592,17357,18869,18355,14573,16568
18367: 16474,19726,20115,21340,19030,15674
18368: 6960,6848,6847,17873,6735,18800
18369: 15193,15170,5142,13468,12026,14936
18370: 18101,20829,20998,19983,16084,19306
18371: 12288,19851,15098,20048,16367,14605,20888
18372: 12127,11985,12744,14344,12022,12871
18373: 18036,19699,21150,19485,20942,21219
18374: 18642,20322,20995,19292,17557,19160
18375: 14595,20763,15218,20228,13446,14825
18376: 2534,13686,2635,18212,12233
18377: 9520,9521,15658,15017,9618,9617
18378: 12722,9907,13971,12507,9813,14408
18379: 18603,18383,21152,13405,16413,14961
18380: 21227,21204,17831,16442,20526
18381: 15554,14810,15504,16621,13429
18382: 17764,12432,13759,19040,16300,18459,16836
18383: 18603,20307,20312,20524,18379,16413
18384: 13400,14608,19966,17992,14616,16187
18385: 12577,11982,14141,14413,17931,11844
18386: 19790,16362,15113,16308,18031,18748
18387: 20689,20015,20023,17487
18388: 18738,11716,17917,13967,20235,19262
18389: 14102,66,12363,16720,69,68
18390: 8925,9028,19296,18889,8822,8926
18391: 14850,14721,16037,14546,16483
18392: 12461,14396,12628,14288,18994,13472
18393: 15751,16220,5256,11973,12714
18394: 17467,20220,18909,15435,16980,20617
18395: 11152,11083,17370,11082,11151
18396: 14764,15808,12295,16452,18317,13245
18397: 12738,17177,3691,18249,13019,13580
18398: 18778,16376,17901,14284,13239,15863
18399: 18077,5823,16723,12437,12662,14628
18400: 15146,14804,1231,1147,15791
18401: 10358,17560,15987,20593,17888,20045
18402: 16861,18525,21281,20036,20221,20116
18403: 18407,17867,18798,20893,15655,14675
18404: 19869,18196,20567,19861,16498,19908
18405: 19881,21273,17616,16840,20195,19303
18406: 19260,17467,20220,21369,13982,20168
18407: 18403,19876,20543,17867,15285,20893
18408: 17244,18958,13491,15137,18903,16852
18409: 16988,17924,13609,9620,14334,16222
18410: 17760,20922,17731,20961,17934
18411: 17436,15626,13466,11846,14805,14642
18412: 13302,12116,14307,40,41,15443
18413: 20095,20540,16083,20322,19292
18414: 15055,12618,18896,13688,17373,18803
18415: 297,14923,352,298,296,16380
18416: 15941,18319,16038,21404,20719
18417: 20321,16513,16401,20185,20808,12601
18418: 20055,20036,20191,20221,16869
18419: 20568,20515,19207,16901,17886,20434
18420: 20371,19932,20329,19531,16658,18260
18421: 16617,19252,16550,19826,15273,16775
18422: 14598,16120,14509,16425,18207,13264
18423: 18432,16238,20559,18911,18850,11826
18424: 11835,8177,16930,12349,16715,16153
18425: 18510,16568,16354,20217,17523,14586
18426: 13808,14038,4466,11946,12549,15427
18427: 16838,20074,17893,15331,20377,20545
18428: 20039,16902,20129
18429: 20309,15680,13776,19958,15115,20642
18430: 18507,21480,16191,16656,21337
18431: 18479,17977,16301,14485,15907
18432: 18423,18850,18877,17974,11826,12347
18433: 20375,17902,18982,20051,16208,20611
18434: 12059,13933,13711,17829,14638,13489
18435: 18527,16215,11842,20358,19766,18541
18436: 13521,11838,15016,17355,13657,20877
18437: 15173,15451,14486,11792,18313
18438: 19791,20056,17698
18439: 19391,20471,19769,20062,19613
18440: 17853,19445,14691,17952,13446,20646
18441: 17353,17619,20383,17291,14851,20419
18442: 11218,11219,18854,11151,11152
18443: 15009,14316,18548,15834,14425,17884
18444: 16223,13559,16312,18645,18655,21188
18445: 16922,20583,20691,20347,18532,12869
18446: 19663,16457,15473,16383,13244,18907
18447: 18848,20884,16652,11824,20169
18448: 17802,18640,16932,21111,20067
18449: 5823,12381,13513,16462,18678,21083
18450: 19593,20085,21314,16175,16387,19763
18451: 18254,16134,20310,17006,19976,20314,20083
18452: 20527,18745,11859,16494,17088
18453: 15034,16628,16756,13758,12623,19892
18454: 18169,16582,15156,14695,19517
18455: 18575,19982,16624,18866,18955,17084
18456: 15349,20116,20170
18457: 14869,11829,19906,12310,20876,11934,13494
18458: 18240,16975,15118,15444,14852,14786
18459: 20359,19181,16836,19040,18382
18460: 18496,18905,20079,20164,20724
18461: 1148,16230,15231,13281,17158,17465
18462: 2440,2341,2340,2339,2439
18463: 11917,18589,18609,17623,14930,16085
18464: 16015,17118,16587,20506,18039,19988
18465: 20139,15052,20015,20023,20041,20196
18466: 21013,14572,20477,18353,16109
18467: 20130,16928,20117,21225,14000
18468: 18747,18194,18704,20330,15762,14442,14387
18469: 18520,17609,13399,18528,14585,17815
18470: 13308,17226,16715,19706,16153,17654
18471: 1483,1571,1482,1570,1661,18862
18472: 17549,18874,17478,20075,20702,18961
18473: 17097,13675,18030,21477,14037,20818
18474: 12259,6729,6842,6954,14338
18475: 18137,15935,15053,14592,15901,16086
18476: 11870,18282,12445,16956,17044
18477: 16464,20806,20352,21070,16586,18615
18478: 19173,13778,8816,17021,16604
18479: 16144,17977,18431,13231,15907,20132
18480: 13636,15330,17005,16412,14044,20354
18481: 11270,11204,11202,11269,11203
18482: 20911,21489,15423,20568,20434
18483: 13009,15942,14039,12116,17903
18484: 15248,13386,18510,17061,16354
18485: 19047,16925,18797,18541,11899,16805
18486: 16504,16141,16337,21214,17736
18487: 16512,15363,14574,16611,20422,20124
18488: 10858,10782,17057,10781,10783,10860
18489: 11573,18620,11618,11617,11572,16764
18490: 16838,20118,20129
18491: 21254,20478,19691,18307,20317,11803
18492: 16719,16460,13199,21454,19161,17393
18493: 4806,4694,4581,18925,14048,4582
18494: 16216,11800,17938,18622,13241,21333,20430
18495: 20201,20268,13985,11602,17618,17006
18496: 18905,19144,18460,21174,20724
18497: 18125,17481,1671,11891,15985,14447
18498: 20681,15121,19704,14704,19496,12861
18499: 11408,18863,11407,11351,11350,19489
18500: 16172,15452,13822,13478,1316,16562
18501: 17229,16652,11824,20612,12627
18502: 20403,16104,19891,16718,20190,19929,20294
18503: 16963,19129,20688,20159,14845,14778
18504: 14055,12925,14877,38,12664,13565
18505: 16313,16598,16769,12608,15244,12824
18506: 21173,12818,21048,21018,18543,20545
18507: 14649,18430,14754,18654,13371,21480,16656
18508: 20629,20209,15144,18819,20952,17979
18509: 20575,16980,19491,20617,15993
18510: 15248,18425,16354,18484,14502,17523,13321
18511: 14233,12130,20553,15621,15668,18090
18512: 14802,13670,15864,19038,15477,12414
18513: 14889,18753,17940,18914,14816,15367
18514: 6957,14010,16959,12366,15001
18515: 8284,16783,15629,15600,14198,20548
18516: 13891,20186,20417,17081,15439,14109
18517: 19430,20245,21206
18518: 19353,16256,17516,13246,20618,19005
18519: 20357,16124,18083,13359,12608,16499
18520: 13399,18469,16215,16874,19147,14585
18521: 17163,12539,13785,12295,15808,255
18522: 17323,15900,15718,16468,14797
18523: 19049,17564,12711,21468
18524: 17278,9022,13527,9225,14906,17348
18525: 20963,18402,21281,20116,20170,20197
18526: 6957,13304,14010,19014,17069,15463
18527: 18435,19325,16215,20607,14723,20358
18528: 14585,17789,16100,17815,18469
18529: 17492,20823,18153,21393,20619
18530: 21451,19367,19372,20378,19512,20033
18531: 9803,9897,9991,18936,9898,18016
18532: 15429,18445,20691,20347,20580
18533: 15728,14003,17380,17466,11935,17281
18534: 17721,16560,17936,20531,16075
18535: 16465,20923,20308,18963,14618,19089
18536: 16972,16861,12836,18348,20584
18537: 17037,16599,14779,19416,18890,16593
18538: 12164,11765,15348,17102,13136
18539: 13150,13151,18571,19274,15520
18540: 14483,16945,16142,15153,13234
18541: 19766,19047,18485,16925,11842,14959,18435
18542: 18938,20060,2051,2148,17604,1956
18543: 15331,21195,20586,20545,21173,18506
18544: 18273,19403,16941,15901,20300,7294
18545: 19557,15018,12467,43,17419,17850
18546: 19458,21293,21353,12292,16673,19266
18547: 19768,17507,19388,17800,16256,13246
18548: 19335,16895,18443,15009,17884,16548
18549: 17375,18061,16523,16510,20510,20066
18550: 13469,1583,14625,1582,13869
18551: 550,21469,16315,11794,16294
18552: 13691,16699,15022,19518,21502
18553: 350,407,295,349,294
18554: 13586,11846,14805,11211,12900,14339
18555: 13690,12733,14685,17534,759,20180
18556: 15610,12641,15258,19236,13561,11869
18557: 17207,15774,13207,619,11978
18558: 15868,13208,14900,20138,14462,20570
18559: 18760,18965,15520,16112,20318,13150
18560: 11951,19069,20703,15527,13821,19426
18561: 13750,20524,18275,12636,17885,18774
18562: 16638,14989,15953,19504,16666,20052
18563: 16681,15539,19583,14707,19794,16698,20651
18564: 18641,16687,20808,12601,14634
18565: 16740,14788,20530,17023,14663,13294
18566: 16031,15452,13822,13324,12398,18865
18567: 12813,20448,18830,16350,18703,16907
18568: 14089,5480,15374,12172,5367,13391
18569: 16684,16632,18646,17173,13298,11454
18570: 12201,12530,16304,11598,11597,20112
18571: 19853,13150,16218,13151,19820,18539
18572: 19256,19756,16748,18359,19501,16470
18573: 16615,16521,15471,12640,15356,12314
18574: 16705,16673,19266,20669,19479,21270,15977
18575: 18192,13730,16541,20539,19982,18455,16624
18576: 31,32,61,18935,97,62
18577: 17203,18982,15368,16208,115,19017
18578: 10856,10701,10857,19854,10780,10702
18579: 13567,18081,14007,13372,13677,15069
18580: 12420,19523,13448,16195,12346,18325
18581: 20903,19782,16255,19487,20620
18582: 16592,16959,21382,15559,20709
18583: 15042,13280,20817,16571,16127,16514
18584: 20176,19825,21426,16595,16845,21390
18585: 11839,13594,19456,17024,16976
18586: 17038,15728,15387,15469,14003,18887
18587: 20450,18360,20722,20692,16908,21153
18588: 9124,12877,21489,16890,15423
18589: 11917,18463,17623,17994,18076,14892
18590: 17131,12969,13833,8392,8285,8069
18591: 14493,16423,18136,12369,18957,19133
18592: 17581,19283,19220,12309,20239
18593: 19067,18739,9523,21153,16960
18594: 19181,14828,19040,13599,16657
18595: 20398,21094,17101,15502,19055,20140
18596: 12304,15451,20175,16631,14486
18597: 17883,15979,16099,13152,16107,13406
18598: 14543,18985,14561,13264,18939,16189
18599: 20558,17853,16507,12440,14669
18600: 11397,15894,12495,15637,12360
18601: 19347,16935,16692,16898,15268,19123
18602: 20241,18987,20667
18603: 18383,20307,18379,5710,16532,21152
18604: 16059,13470,21370,20777,18795,18717
18605: 9711,9806,9517,9710,9614,9615
18606: 19117,19667,15943,1579,15913,16186
18607: 15256,14180,12684,12916,12996,12078
18608: 13367,20714,14914,19874,19070,13698,20326
18609: 21262,11917,16078,18463,14930
18610: 17051,16143,12430,20323,14871,19583
18611: 12813,20562,18703,14852,19047,11899
18612: 14741,14766,16426,16674,14960,17982
18613: 16697,17015,17581,15498,20379
18614: 1066,16403,16773,18311,20707,19432,20851
18615: 13623,19841,16251,20806,18477
18616: 17304,19629,16837,12416,11950,13744
18617: 18967,20931,16140,17267,20004,18332
18618: 16237,14739,11714,20536,16310,18727
18619: 12824,21058,987,15056,16645
18620: 11658,11618,11657,18489,11617
18621: 12362,11928,3052,13166,2946,20102
18622: 15980,21333,18715,17938,18494
18623: 13630,14706,17894,20888,16178,15344
18624: 18168,13752,13499,15790,14969,12518
18625: 19365,19907,15356,20644,21263
18626: 20479,14025,16954,15423,16901,20434
18627: 20529,17242,17064,20682,18891,20789
18628: 14776,18861,16834,13847,16931,12693
18629: 17333,14536,14839,16662,15259,19996
18630: 20386,18719,16896,18149,8711,15103
18631: 16216,16062,17856,16846,13241,14785,18969
18632: 20357,20294,20403,12002,19473,16769
18633: 19232,15397,11948,20834,16428,17699,16200
18634: 18189,20127,18177,16561,20320,16391
18635: 17806,19360,20747,21284,16259
18636: 16514,16904,16909,20912,16127,13763
18637: 17282,14696,15284,19143,17219,17775
18638: 4470,4357,4469,4358,19006,18004
18639: 385,18210,384,508,445,444
18640: 18448,17802,16932,20286,20101,20569
18641: 12079,15559,16687,18564,12601,20709,17947
18642: 20322,18374,17557,19282,15965,13417
18643: 3162,18966,3269,18013,3161,3268
18644: 16544,18291,19516,15073,16179,20649
18645: 16223,16312,14823,18444,17295,21435
18646: 16530,16632,18569,13298,14818,18722
18647: 15395,20246,20332,20541,17086,19159
18648: 15787,11816,1403,12899,1491,13868
18649: 17951,20443,21251,21235,20211,17026
18650: 20247,20253,15547
18651: 20041,16696,11951,18119,19069
18652: 20602,16539,15098,19977,18057,21418
18653: 20382,20390,17625,15006,17880,16209,19735
18654: 18507,13371,14767,20452,16656,16558
18655: 16282,21188,13559,18444,21161,16951
18656: 19353,19005,17079,20809,16808,18318
18657: 19337,15539,15589,18831,16698,18808,17125
18658: 18999,14904,19977,17835,18057,14912
18659: 13106,14367,12478,15729,11455
18660: 17496,11612,16589,11568,11567,11611
18661: 15475,7739,13327,17545,18176
18662: 20409,20366,20156,16064,14737,13266
18663: 19010,16551,21329,18271,16658,19923
18664: 14819,16372,21468,14739,20536,20334
18665: 20648,12644,15023,16626,16466,20686
18666: 15252,18957,13537,11828,17091,16487
18667: 20272,16411,17937,21428
18668: 16538,16896,18149,19021,16508,16816
18669: 16466,13709,20753,19844
18670: 19826,15273,17627,14380,17620,20136
18671: 20303,20295,19759
18672: 18849,15397,20834,12071,20286,20569
18673: 20578,17317,13364,15263,16850,11823
18674: 12419,16472,17782,758,12480,12297
18675: 16378,19021,20128,16508,17162,15376
18676: 20636,14368,18017,12562,12817,14444
18677: 18705,21173,12818,20586,15360,21123
18678: 18449,12381,15094,5369,21083,16795
18679: 16330,18943,618,16400,14873,11794
18680: 14986,18971,16876,16622,43
18681: 12733,17198,17534,13870,15549,16722
18682: 18000,19624,20154,14101,18103,13721
18683: 16226,17885,17852,16623,16559
18684: 10089,15744,17316,13938,16280
18685: 16922,20151,20347,20266,14520,20758
18686: 112,155,12364,15879,154,14199
18687: 12831,13960,12490,489,12205
18688: 13331,13346,16390,15136,16346,19490
18689: 21322,12341,16148,18939,20668,16189
18690: 14630,20603,11803,13540,18980,20478,16953
18691: 20963,16972,21281,19730,16943
18692: 20615,17007,20953,19274,1763,14101,21044
18693: 21367,13531,14766,16428,17699,19423
18694: 15228,3476,17493,14580,14226
18695: 16970,15228,15288,13316,18759,3476
18696: 18774,15421,13405,16413,16559,19235
18697: 17706,21112,20184,16923,16807
18698: 20082,20400,18093,15375,21132
18699: 21249,18126,18833,20691,20580
18700: 21453,13437,21467,20083,19015,13383
18701: 348,405,466,406,349,18990
18702: 517,454,18912,516,19537,453
18703: 20562,16907,15294,18611,12813,18567
18704: 20330,18468,15762,18719,8711
18705: 18677,14015,12818,13972,15360,21383,16839
18706: 20682,15133,2944,15839,17064,17066,21358
18707: 11788,17068,15827,13970,19034,14019
18708: 2738,18999,18182,14904,20025,20445
18709: 13267,12354,17054,13331,15692,13346
18710: 18781,20391,17629,16644,18756,18349,16640
18711: 18781,16644,16853,13795,21151,17498
18712: 16441,12863,14015,13972,18885,17099
18713: 228,227,16877,279,280
18714: 17423,16924,17254,14409,19097,15839
18715: 12418,17922,17938,14556,18622,15980
18716: 17244,12509,14054,14759,16731,13299
18717: 16638,14989,20788,13470,18604,20777
18718: 11594,11545,11546,18243,11547,11595
18719: 8711,15103,18630,18704,15762,19033
18720: 14652,12340,21245,20868,17949
18721: 18248,12778,20445,18182,2945,16796
18722: 12338,15401,16530,18646,19106,14818
18723: 18943,16768,16966,12344,12388,14873
18724: 12982,13964,17181,16276,11339,16267
18725: 20404,15162,13707,20271,18764,15487
18726: 17443,15479,13496,19046,15638,13824
18727: 16237,16443,18618,16310,13311
18728: 16392,16345,14634,20297,16687,14862
18729: 15517,18732,19974,13746,17400,12615
18730: 15492,12386,18197,14820,13978
18731: 16213,16751,18291,19516,16139,14624
18732: 18729,15517,15605,11819,13932,19974
18733: 16631,16214,18308,14486,21210,18313,17779
18734: 12406,12620,13506,11771,19659,18281
18735: 14692,14114,16117,16451,13720,15184
18736: 19037,16592,16386,18265,21382,14929
18737: 20124,17744,16752,15093,15106,15363
18738: 18388,11716,14882,19262,15235,18155
18739: 19067,18593,17183,20146,16960,15407
18740: 8493,8599,8706,8601,8494,8600
18741: 20282,20472,21193,17594,19270,13283
18742: 18816,12877,19346,14774,16517,16680
18743: 16676,13307,12420,19523,16950,19494,16712
18744: 4458,4570,20962,18333,4571,19029
18745: 20527,18452,20345,20744,17088,14822
18746: 16748,19947,13809,18330,20625,18919
18747: 21272,18194,19777,17308,20330,18468
18748: 21297,17920,18031,14545,19120,16308,18386
18749: 1136,20518,19036,1056,1137,1219
18750: 14075,14018,16938,17762,15456
18751: 18755,21121,17224,18170,16054,18341
18752: 19443,20492,18953,17141,19157,20372
18753: 14889,19133,13537,10529,18513,14816
18754: 14801,15123,13792,11760,15284,12377
18755: 21121,16032,18751,18341,15956,17809
18756: 18781,17629,12700,18710,18205,16102
18757: 14041,19025,15090,15524,17406,13551
18758: 14660,14574,16611,19983,19282,15965,20998
18759: 13316,3476,19261,17344,15079,18695
18760: 16112,16453,18559,13150,12222,18352
18761: 16020,13625,13563,20490,18334,16741,20744
18762: 15108,20338,20408,19125,13043
18763: 13367,14914,14562,21470,18852,16825
18764: 18805,15487,16747,16498,16155,18725,13707
18765: 14575,14359,12252,17360,19276,19970
18766: 15435,15361,13347,17974,20575,16980,12347
18767: 21174,20853,16864,20194
18768: 14948,13557,14793,11848,11338,12410,21401
18769: 12918,14524,15719,14777,18264,15929
18770: 17274,12385,14677,204,17727,254
18771: 12127,13224,12979,17446,15182
18772: 19405,19617,20192,13283,20870,13450
18773: 12357,18148,16829,17114,19969,19219
18774: 18696,16413,16559,18561,20524,17885
18775: 13315,16815,17989,19008,18262
18776: 19097,17066,20333,21285,14410,21358
18777: 17245,18859,20493,17003,17041
18778: 16376,14323,18398,15904,13239
18779: 17769,19380,21194,20534,19530,17669
18780: 19043,13898,20342,17271,19758,21348,16534
18781: 18711,12700,16644,18710,18756,13795
18782: 17376,15490,17281,14085,15387,14003
18783: 9911,9910,10003,9909,9816,9817
18784: 15807,18345,11754,11752,12504,16235
18785: 16015,16587,20489,18790,20502,19995
18786: 12378,15363,20422,16649,11796,17744
18787: 20714,14914,21131,16325,20915
18788: 20394,17422,20554,18921,20917
18789: 16800,13180,18926,14516,14438,12226
18790: 13400,14608,20502,13665,18785,20489
18791: 14905,19172,15132,20695,17046,15253
18792: 20514,13362,20595,16036,13284,20277
18793: 14018,12384,18829,17762,12334,3368
18794: 11792,17320,20601,19113,19885,13317
18795: 20777,16533,18035,21370,20463,18604
18796: 13341,17952,16732,19445,19801,20207
18797: 17251,18485,16925,13677,16805,19607
18798: 18403,17867,16292,15027,16271,15655
18799: 14899,16880,20181,18122,19630,11743
18800: 18853,6736,6735,6622,6848,18368
18801: 11898,15303,14311,12135,12531,11798
18802: 16942,15392,16417,15914,20100,15378
18803: 17373,15990,13959,14033,13688,18414
18804: 15628,4243,14432,12805,12701
18805: 18764,18158,15487,20385,16747
18806: 14315,15424,12958,13984,16299,12131
18807: 17282,14696,17178,20959,16926,16801
18808: 19041,21108,17879,18831,18657,20147,17125
18809: 15531,13488,13779,17284,13440,14780
18810: 14629,19313,16101,20523,19899,20477
18811: 14660,14697,18931,16212,15965,13417
18812: 21420,13716,11757,13566,20018
18813: 4022,14576,13326,16317,11797,16032,18341
18814: 13962,17816,14576,13465,15633,15078
18815: 14012,16265,19013,11974,17250,13786
18816: 12877,15420,18742,19431,16158,14774
18817: 16371,16281,19576,14821,14678
18818: 19297,13769,1855,17424,12978,12930
18819: 20073,16684,20952,16038,20629,18508
18820: 15085,16659,19559,16031,13324,13730
18821: 3150,3257,14838,3364,15214
18822: 3254,3148,19387,3361,3255,19205
18823: 16059,12616,13470,16546,13691,16699
18824: 12280,3585,3477,14523,12897
18825: 17916,9810,19637,15674,11926,17961,20115
18826: 19059,14615,15989,20828,18934
18827: 20126,19222,19432,15004,16473
18828: 15129,17132,13690,759,14680
18829: 12384,18793,15755,13756,3368,3262
18830: 20448,20206,16350,18567,16609
18831: 2,16698,18657,18808,21108
18832: 15140,19065,13225,12196,14392,12888
18833: 19790,21249,18126,17127,18699,16362
18834: 13953,19022,15410,18245,13353
18835: 16321,17179,12418,17922,16089,21143
18836: 21340,14775,20506,20521,20115
18837: 12424,16373,11865,13560,11867,13946
18838: 14157,13998,17011,10527,15186
18839: 12829,11832,15493,14601,10774
18840: 20021,20964,18258,19856,15120,19806
18841: 16754,15712,13461,19602,11764
18842: 15300,15201,16696,15939,14558,20843
18843: 13954,12909,8813,12993,14925,12689
18844: 13154,8921,19267,8920,8817,15578
18845: 19809,18156,20399,16210,14611,17123
18846: 16588,15009,14316,12041,16224
18847: 13306,18252,16752,15106,18879,12625
18848: 14913,15071,16665,18447,11824,20169
18849: 18672,16954,16890,19011,20160,15397
18850: 18432,16531,16238,14688,18423
18851: 20095,18283,20540,15992,15937,21457
18852: 19676,16825,18763,21470,16741,17115,13625
18853: 6736,6509,6623,6622,18800
18854: 11219,18442,19199,11152,20224,11153
18855: 12988,14237,14152,12928,10926,15489
18856: 16889,19902,12069,20655,15538,18193
18857: 12077,12192,16450,21190,14026,18183
18858: 15064,13729,18864,16933,15057,18202
18859: 17245,18777,17003,20464,20319
18860: 13064,14037,15679,20818,14397,16813
18861: 14776,18997,16111,16834,18628
18862: 1571,1661,1662,18471,1753,1754
18863: 11408,11463,11409,18499,19489
18864: 16933,18858,15243,16767,15057,20503
18865: 12398,15370,18200,19884,15452,18566
18866: 16624,16659,19667,15943,18455,17084,17682
18867: 17157,19157,20372,17539,20516
18868: 15639,11967,12673,11891,20594,15985
18869: 20592,17357,16709,18895,18366,16710
18870: 13808,14038,18214,17196,4467
18871: 19314,917,995,840,916,17222
18872: 19402,20851,20346,16473,14987,18311
18873: 12411,16615,18279,15471,14827,17166
18874: 18973,18472,12955,15488,20075,20702
18875: 11673,11633,11672,11709,17211,11674
18876: 16668,16761,18363,20369,19874,13698
18877: 12846,7738,18432,16531,13347,12347
18878: 14881,21067,14997,20465,16253,17116
18879: 18252,18847,13529,15436,12625,686
18880: 13036,15787,11816,14474,12348
18881: 20542,18921,20917,15752,17188,20680
18882: 17449,15803,19297,17424,11892,14082
18883: 13191,83,82,12279,15348,48
18884: 19004,15156,11758,21223,19960,20712
18885: 14542,16947,14015,15927,18712,16441
18886: 15040,16671,16440,18152,14728,13721
18887: 15728,18586,15469,17099,12863,14828
18888: 17628,21322,16040,21412,19620
18889: 8821,8716,8717,8822,8925,18390
18890: 14752,12555,16593,18537,17037,20113
18891: 20247,20498,20789,18627,20529
18892: 20507,13728,16795,13282,17742,14718
18893: 19252,16550,16753,17145,13843,20458
18894: 12063,17279,16972,16943,14954,19454
18895: 19985,18869,16709,16710,19500,16981
18896: 15055,13661,15171,18414,17373,13407
18897: 16939,15067,19570,19605,12457
18898: 11134,11133,11201,11202,11268,11269
18899: 11887,15405,16264,12415,16965,19268
18900: 19470,14498,21422,20613,20836
18901: 14950,11137,11068,10994,12814,11067
18902: 17860,16119,15184,12645,18137,15935
18903: 16238,20559,16852,13491,18408,17950
18904: 16846,14666,14785,11808,15426
18905: 17117,18496,19144,18460,18285,19877,20079
18906: 10435,10348,19414,16937,10349,17249
18907: 14909,13244,16410,14787,16457,18446
18908: 13030,12675,19930,11968,12552
18909: 18394,17467,17463,15435,19403,16941
18910: 20535,18293,19890,20237,20550
18911: 20559,18423,16274,14578,11826,13412
18912: 18702,454,394,393,453
18913: 14899,20494,16767,20181,11957,20503
18914: 13660,18513,17940,12847,15367
18915: 18273,20770,20574,12846,17287,7294,16893
18916: 10701,10779,19854,10700,10621,10620
18917: 11406,21256,19397,11405,11348,11349
18918: 21377,20549,20645
18919: 20306,3049,18940,20625,18746,17743,16748
18920: 16123,6618,12854,15802,13255,15812
18921: 17277,20554,20542,20917,18881,18788
18922: 11975,12933,156,13639,12762,200
18923: 15648,12026,5255,17174,15193,13637
18924: 158,16708,20218,17092,20280
18925: 4470,4583,4469,4581,18493,4582
18926: 12923,13180,18789,12226,14901,11748
18927: 24,23,12126,13037,15582,12231
18928: 13849,17068,18357,363,11785,15353
18929: 7956,8065,7954,8064,14297,7955
18930: 16409,20585,15893,15986,15142,14733
18931: 16212,16163,12378,14660,18811
18932: 16528,18323,17073,16390,13331,15692
18933: 115,13385,19206,13607,20125,20475
18934: 17986,1,18826,14615,19944,20828
18935: 18576,60,61,96,97,19446
18936: 9804,9898,9708,9803,19449,18531
18937: 20574,16119,14515,15935,16086,16893
18938: 2147,18542,2051,2148,2146,2050
18939: 18689,20668,16189,18598,13264,14598
18940: 3049,15133,20625,2944,20710,18919
18941: 14278,12626,16548,15526,16895
18942: 13077,15386,14524,15716,12106,13565
18943: 18723,16330,18679,16966,14873
18944: 16569,14594,17200,19107,12088
18945: 16986,19032,13577,14900,14907,13652
18946: 14710,16958,19787,15346,17111,17063
18947: 12873,15003,14759,11820,12509,13658
18948: 16330,19549,618,20666,17302,19905
18949: 17477,18052,1854,1762,12057,14383
18950: 18202,11747,15064,20608,17478,20702
18951: 13436,13498,2842,2843,2946
18952: 15432,3369,3156,11889,13508,13902
18953: 18752,19443,21334,16296,20614,20372
18954: 13374,17910,15704,14313,14121
18955: 20605,20736,19982,18455,17084,16479
18956: 12367,14685,21292,11874,16269,15130
18957: 19133,13537,18666,18591,16423,16487
18958: 12462,13491,18408,15137,15067,12457
18959: 15768,8914,9120,15577,16201,9018
18960: 14690,17905,20283,17980,16608,17046,12473
18961: 16166,13145,14462,18472,17549,17478
18962: 508,509,575,507,574,20587
18963: 5710,18127,20308,18535,20034,20923
18964: 13230,13382,15091,20388,15170,16505
18965: 17002,16112,20318,18559,20172,17034
18966: 3163,3162,3056,3057,3269,18643
18967: 16961,18617,16056,14732,14068,17267
18968: 13854,17547,15847,13422,15530,13304
18969: 18329,20261,14785,20270,17856,18631
18970: 19714,13821,19426,8177,14558,16899
18971: 14986,18680,15371,43,13285,12001
18972: 17442,13327,7628,16046,12366,14087
18973: 12955,18874,15488,17041,17371,20510
18974: 20542,20650,15752,13160,20660,19207
18975: 14789,11763,14535,18230,13676,11911
18976: 11741,12031,12202,14295,15881,13034
18977: 14448,13269,16859,17309,16789
18978: 18152,14994,20594,11967,13413
18979: 21187,12388,16551,16803,14631
18980: 16581,20677,15124,20453,16953,18690,13540
18981: 14603,15172,20461,18107,12339,16779
18982: 18577,13243,17203,20375,18433,16208
18983: 15980,16579,14666,20177,13397
18984: 12870,13582,14417,11860,12459,19255
18985: 16162,14543,20119,18598,16189
18986: 1948,15468,14878,12816,15675,13040
18987: 18602,20211,20241,20667,20659
18988: 17179,12418,14556,16482,19411
18989: 16691,14748,11784,13386,17061
18990: 467,531,18701,466,530,406
18991: 18232,19249,15104,20600,13526,15481
18992: 15279,12712,13008,17070,6731,17958,12841
18993: 16094,20717,20627,15840,19056
18994: 19733,4132,14288,15869,18392,12628
18995: 15555,114,15409,14119,14347,17106
18996: 19943,16509,19823,9998,12881
18997: 19685,18861,16111,17189,13722
18998: 17428,13072,8390,20555,12210,13296
18999: 18708,18182,14904,18658,17161,14912
19000: 14208,12062,12491,12174,5254,16855
19001: 13796,10,7,13842,12521,16682
19002: 18253,14836,14850,16669,14721
19003: 15116,17696,16629,20381,16180,12680
19004: 15156,21223,18884,15503,17328
19005: 19353,16793,20618,18518,18656,16808,16993
19006: 4358,18004,18638,4247,4246,4359
19007: 11544,11545,11494,11546,11493,19638
19008: 20376,18262,16620,11950,12416,18775
19009: 20350,17628,16148,17844,18239,18226
19010: 18663,12344,16551,14873,18271,16400
19011: 18849,16890,15461,9124,17193,20160
19012: 19067,17184,9523,19689,17474,13719
19013: 14012,18815,13669,16265,14113,12355
19014: 13304,18526,14010,17109,11804
19015: 18254,20644,20083,18700,21453,12314
19016: 11841,16580,20363,19253,16996,14910
19017: 16463,115,13607,18577,15368,18228
19018: 16443,16310,14794,13438,16275,20504
19019: 15837,21240,15844,19778,20764,20848
19020: 15860,17415,21405,15772,19777,17308
19021: 18675,16508,16896,18668,17171,17162
19022: 18834,19079,13083,15410,19460
19023: 4359,4584,4472,4358,4471,4696
19024: 17968,11452,12313,20810,14698,16327
19025: 18757,21321,15321,14041,15666,15090
19026: 16419,14442,16540,12239,17474,13719
19027: 13171,14440,12520,15031,13118
19028: 17223,11778,16793,20291,16591,12538
19029: 4571,4684,4796,4683,18744,4570
19030: 17188,19637,15674,19726,21423,18367
19031: 15884,14430,19299,19062,19035,21312,20664
19032: 18945,13577,14907,15873,14477,12884
19033: 20258,13778,16604,18719,15103,15762,13102
19034: 15827,18707,13970,14151,422,19542
19035: 21286,19031,14430,19299,19434,19725,13199
19036: 1218,19674,18749,1136,1219
19037: 16386,17959,18736,20327,20512,14929
19038: 16276,18512,15864,16267,11453,12414
19039: 12524,2433,13699,16326,13555,17292
19040: 17764,18382,13599,18459,18594,19181
19041: 18808,21108,19614,16149,17879,19795
19042: 13851,19363,17116,16761,20481,15245
19043: 19190,18780,20342,12338,17271
19044: 16679,17668,13433,14692,16451,17320
19045: 15197,1584,1494,1585,19625,1676
19046: 12547,15586,15638,18726,11774,17443
19047: 18485,18541,11899,18611,12813,14959
19048: 17019,20166,16321,16089,13381,16182
19049: 18523,12711,16372,15172,16779
19050: 11817,12307,19924,19374,18268,15984
19051: 15865,13293,16879,12208,13217
19052: 2534,13686,13149,13701,12241,12121
19053: 13931,17878,11995,15786,11740,18002
19054: 20303,20676
19055: 17101,19159,15502,16960,18595,20784
19056: 15840,17393,20700,20717,21095,18993
19057: 15732,14715,14738,16695,20204
19058: 12063,17298,17279,17708,17746,19322
19059: 18826,14528,19123,14615,15989,19855
19060: 13656,2637,13205,13238,2739
19061: 17451,19631,20860,20635,15899
19062: 19031,21312,17245,20469,17430,20664
19063: 11957,19687,16510,13356,19827,17375
19064: 18360,21405,20722,19777,12239,19689
19065: 16588,15140,20414,18832,12888,14582
19066: 7741,12548,7631,7742,7851,17372
19067: 17184,18739,18593,19012,9523,17183
19068: 13480,20712,17686,17826,16923,18169
19069: 17229,18119,12627,20703,18651,11951,18560
19070: 13367,19874,14562,18608,19363
19071: 16628,16756,8816,14736,16663,12612
19072: 19692,974,975,973,898,897
19073: 17103,13407,15171,14168,17272,17369
19074: 11807,16655,19842,14717,15575,14661
19075: 19232,17193,20160,11948,16438,17314,19135
19076: 12333,17296,14716,16886,16506,14632
19077: 15416,16949,14503,13887,17212
19078: 19654,20706,20800,19937,19162
19079: 14735,17377,13969,13083,19022
19080: 17239,15449,17443,15479,12554,17312
19081: 15011,12672,15634,17383,15624,17957
19082: 13368,12415,20063,16965,15431,16606
19083: 12956,13564,17397,20841,21378,20455
19084: 17639,19718,20965,19294,13240
19085: 17819,17472,21137,19317,20754
19086: 19813,15938,20811,20879,19827
19087: 13009,44,14073,15443,13772,12766
19088: 14942,18195,16425,11788,363,14509
19089: 17022,15190,20202,14618,18535,16465
19090: 17019,20684,17671,20284,20166,15019
19091: 19997,20701,20943,20007,20163,19649
19092: 17468,20733,20943,21354,20701
19093: 18041,21368,19671,19641,21386
19094: 17487,20698,19375,17607,20689
19095: 16091,21020,17617,17716,15941,19558
19096: 19596,21499,14519,20296,18326
19097: 17066,18776,14410,16924,18714,15839
19098: 20070,10621,10701,10703,10622,10702
19099: 17392,17701,17346,15494,15680,19958
19100: 20755,19214,20844
19101: 17509,17518,20939,20699,17476,16007
19102: 15365,12149,8919,16511,16634,14898
19103: 19149,21145,21247,17592,19550,19771
19104: 19115,17748,20721,20822,21384
19105: 14731,20870,16341,16909,14628,19405
19106: 19259,13668,14818,17285,15401,18722
19107: 11958,12088,12695,15706,16569,18944
19108: 14009,17899,14122,15816,15746
19109: 15925,19178,15908,20726,17525
19110: 15974,12309,19189,19973,20812
19111: 19729,16623,20538,15688,13416,19906
19112: 9024,9023,13502,12272,13850,13432
19113: 18794,16417,20601,19587,19885,14511
19114: 17929,21191,19393,19564,21177,21224
19115: 17492,19104,20823,20721,20822
19116: 19118,20802,20715,16010,20824
19117: 18606,15943,19559,11956,18018,1579
19118: 21131,19116,16076,16469,20824,20915
19119: 16931,12693,16070,13825,12629
19120: 14545,17935,13692,16308,18748
19121: 12868,15672,11961,8176,14434,16823
19122: 20026,20473,19723,8286,19879,12951,12389
19123: 19059,14528,15268,18601,16898,19855
19124: 20746,21038,20735
19125: 17509,20939,21125,18762,13043
19126: 16564,19201,21461,15947,19429,15951
19127: 20734,17525,19360,20747
19128: 10002,9910,10003,16683,19772,10095
19129: 16395,20688,18503,16586,14778,13623
19130: 16641,16848,15478,17201,19138,11941
19131: 20756,20932,21327,15966
19132: 21289,19547,20790,15988
19133: 18753,18957,13537,10529,18591,12369
19134: 14781,13666,16674,17982,17236,8710
19135: 15461,12606,19752,17193,19075,16438
19136: 19779,12084,13187,15326,19765,12832
19137: 21394,14981,17543
19138: 17127,11941,19130,17201,17399,14036
19139: 18092,16398,12069,15858,15333,14075
19140: 14520,19301,20791
19141: 20275,13286,19889,16083,14534,20749
19142: 20949,20813
19143: 18637,14696,20233,17775,20184,15054
19144: 17117,20100,18496,18905,15378,21174
19145: 20748,16014,17570
19146: 20842,21318,19323
19147: 17251,16874,18520,20600,13526,14585
19148: 19562,17796,19690,17526,15928,19246
19149: 20604,15422,21145,21247,19103,21018,17544
19150: 13982,20054,17568,20982,20976
19151: 20778,17570,20748,20785
19152: 16705,14604,16142,20280,16945,16708
19153: 16918,13305,14720,17732,13659,15232
19154: 19239,20944,17717,20955,17535
19155: 20765,21079,21410,19832
19156: 19550,13318,20803,19771,15927,15154
19157: 18867,20372,20848,17141,18752,21240
19158: 21005,21136,17808,21096,16005,19382
19159: 15502,19055,20784,20332,18647,17086
19160: 14534,13340,19379,20839,20995,19292,18374
19161: 21286,21095,13199,18492,17393
19162: 16339,20757,14510,20167,19078,20706
19163: 16802,17389,14610,14150,15447
19164: 15936,17501,20328,21147,20483
19165: 20847,20487,17551,20421,18035
19166: 21099
19167: 20759,20890,20766,21319
19168: 21229,20854,17799,19184,19315
19169: 13340,20855,17593,20779
19170: 21141,21319,17995,20759
19171: 20794,20933,21082,16295,14633,21399
19172: 11557,14905,18791,14908,20630,20695
19173: 8816,17021,18478,15562,12199,16663
19174: 19285,20979,19522,19603,21385,21379
19175: 12290,19880,21154,16028,19873,17584
19176: 16067,20827,21062,20983,19305
19177: 8388,14310,8389,8281,21260,16919
19178: 19109,17525,20747,16259,21429
19179: 9017,9016,8912,8913,19732,20741,8914
19180: 17668,18342,19946,12645,18137,15053
19181: 20359,16441,18459,18594,12863,14828,19040
19182: 14724,11770,16270,15015,17250,13786
19183: 17364,19820,17450,21323,15506
19184: 17559,20774,19315,19168,20945,20854
19185: 20767,17561,21004,20779
19186: 0,21052,19975,13912,19690
19187: 17485,20819,20831,13608,19634,21305
19188: 17561,19203,21406,20795
19189: 15974,20738,19110,19973,15975,20905
19190: 19043,20342,12338,16530,14996,16044
19191: 18361,20566,18364,18350,16776,16060,16154
19192: 13975,17098,12021,13772,72,15708
19193: 20773,20768,17479
19194: 19208,19243,20814,20885
19195: 20780,20013,20977
19196: 17680,21231,17591,21030,21192
19197: 14548,16647,19288,19792,17
19198: 6509,6623,6395,6510,6396,20343
19199: 11282,11283,11219,18854,11153,11220
19200: 11498,11444,11443,19897,20259,11386
19201: 19856,19126,15120,16564,15947,17564,12711
19202: 20970,19813,20811,20230,14547
19203: 16018,21406,19188,20795,21483
19204: 16058,19304,19251,20815,20863
19205: 3255,17045,18822,3361,3362,19846
19206: 19396,13385,13607,18933,16507,14669
19207: 13160,18419,20660,20515,17886,18974
19208: 19194,15910,20814
19209: 17817,14921,19231,19803,16519,20276
19210: 21053,16217,19447,20786,21205
19211: 21416,20787,19258
19212: 17599,17731,20522,20775,20861
19213: 16055,17556,14614,19768,17800,20315
19214: 18033,20844,19100
19215: 20022,15144,20946,19558,20293
19216: 18244,19357,20110,16081,13492,21264
19217: 19231,20011,15973,20201,20989,20799
19218: 19226,20832,16125,20985,19264,16045
19219: 12357,19969,18773,17759,16262,19939
19220: 17537,20812,14490,18592,12309
19221: 17540,20887,21171,20783,17584
19222: 20126,20881,15961,19432,19556,19622,18827
19223: 19452,21482,17765,19312,14602
19224: 17857,19339,20920,21093,20925
19225: 19774,19784,21019,19843,17996
19226: 20862,19218,16125,21139,17641
19227: 38,13856,16334,13524,12633,17839
19228: 17488,20906,14533,20946
19229: 11673,11632,11633,20520,21012,11634
19230: 11909,13617,19295,18189,17665,18261
19231: 19209,19217,14921,20011,15973,20276
19232: 18633,19075,11948,17314,16428,14960
19233: 16091,19783,20867,21025,21020,14709
19234: 19971,18116,14832,12349,18337,16642
19235: 18696,15421,16559,15741,21421,17852
19236: 13561,12551,11888,11949,12641,18556
19237: 13932,1402,13995,12796,13977,19974
19238: 20092,21259,14967,21395,20932
19239: 19154,21293,17717,20955,21353
19240: 16456,16082,21015,19962,17649,21109
19241: 20825,20901,16133
19242: 20902,17664,21000,20871
19243: 17529,21273,20814,20885,19194
19244: 21101,20833,18180,19910
19245: 19444,15908,20726,17849,19651,19965
19246: 16093,20637,19422,19148,19562,20941
19247: 20850,17597,19561,19912,19839,16526
19248: 20775,20861,16047,20872,21301
19249: 18232,18991,13526,16349,16100,14867
19250: 19616,20986,21162,20866,21176
19251: 20815,20863,21117,19204
19252: 18421,16550,18893,16775,16753,12399
19253: 16375,16996,16039,17797,14910,19016
19254: 12319,20355,19996,13988,15411,17143
19255: 13130,12459,16742,11860,18984,13597
19256: 13384,18572,16748,13809,16239,18359
19257: 20889,20896,21071,13330,17554,12464
19258: 20837,21416,19211,20926
19259: 17382,19106,15677,13668,17285,15764
19260: 18406,20975,17467,21369,21443
19261: 18759,15832,3476,15079,17493,15176
19262: 20235,15614,18738,18388,18155
19263: 20838,21336,17552,20766,19623
19264: 20947,16045,21086,19218,20985
19265: 16057,17740,16811,20845,20062
19266: 18574,16673,12292,12408,21270,18546
19267: 8712,18844,8921,8817,12952,15758
19268: 12415,17152,18899,11887,17899,11745,15746
19269: 21240,15844,17418,20993,17539
19270: 17594,18741,21193,16177,15996
19271: 20632,18339,20337,19568,20891
19272: 19333,20908,20986,21162
19273: 17633,19285,20979,21127
19274: 18692,20953,13151,18539,1763,15520
19275: 9998,12881,17253,15574,19666,17227
19276: 14575,17360,18765,15781,20984,15653
19277: 20873,18050,20847,20421,21361
19278: 18196,15014,19861,16013,17554,17528
19279: 14455,12036,13020,15693,13177,12853
19280: 13276,19994,17613,20975,17463,13248
19281: 19754,17527,21038,13395,19399
19282: 18642,19983,17557,15965,18758,16077
19283: 17581,18592,20499,21265,14490,19821
19284: 20846,21109
19285: 19273,19174,20979,14491,12306,19522
19286: 16104,17694,20987,20940,14659
19287: 20944,17717,19338,21078,19308,17953,17508
19288: 18338,17013,19197,14548,19866,16647
19289: 17664,21000,13403,21074,17718
19290: 19571,20994,21073,19452,21482
19291: 14902,16063,18260,19932,17897,19669,21030
19292: 20322,18374,16083,18413,14534,19160
19293: 20966,12512,16088
19294: 20907,19320,20914,16384,13240,19718,19084
19295: 11909,16457,19230,15473,13617,17761
19296: 9027,9129,8925,9028,18390
19297: 17424,18818,18882,14082,15159,12930
19298: 10356,13139,12003,17830,20278,12028
19299: 21286,15884,19031,19035,20717,21095
19300: 21028,20842,20892
19301: 14520,19140,16922,20583,19510,20791
19302: 17891,19553,20727,21289,14577
19303: 17573,20195,18405,16840,17866,12820
19304: 16058,19204,19754,20865,21021
19305: 20039,19176,21062,17470
19306: 20072,16018,16084,17598,18370,18101
19307: 19351,21036,19340,15143,20988
19308: 19571,19452,21078,19287,17508,19481
19309: 19535,14593,20928,16177,19762,17703
19310: 16233,15166,21357,21449,19660,21215
19311: 20874,19696
19312: 21136,21096,19223,17569,21482,14602
19313: 14629,16557,18810,14627,16477,19899
19314: 918,917,18871,840,841,15290,842
19315: 20929,19184,15999,19168,17799
19316: 15398,12007,17566,12692,15847,15442
19317: 15923,20754,21079,21009,19085
19318: 19567,21370,16059,14693
19319: 17574,21264,17624,20971,20820
19320: 20907,19294,20897,21074,17718,13240
19321: 15471,14827,11859,13366,12640,17088
19322: 12063,17298,19058,16967,20599,21133
19323: 21002,19383,20894,19146,21318
19324: 19393,19564,21157,12408,17567,17741
19325: 20476,18527,20607,21116,17641,14723,16125
19326: 20989,21102,20268,20978,20152
19327: 21134,21354,19649,14494,19373
19328: 16130,17630,16091,14709,18019,17716
19329: 21301,12443,21287,19495,16047
19330: 20005,18086,21452,15073,17704,21134,14626
19331: 17969,15204,16601,13598,12561,16001
19332: 15916,17691,20967,21017,17636
19333: 19272,20908
19334: 17607,21325,20822,14514,21384,21266
19335: 17316,18548,16992,16895,13949,15009
19336: 17760,18217,21066,21165,20922,19829
19337: 14088,16681,18657,15539,17149,15589
19338: 19458,21293,17717,19287,11769,17953
19339: 17610,16079,19224,21274,21082
19340: 21036,19307,13457,15143,21022,20238
19341: 20980,16151,21201,19530,17833,19343,12306
19342: 17536,20919,19915,21113
19343: 19341,17833,19492,19682,14491,12306
19344: 13548,12450,14388,15896,15892,12704
19345: 14493,16560,18136,17048,15313
19346: 9124,12877,18742,16680,15461,17258
19347: 20161,18601,16935,16730,16692,17695
19348: 19450,20793,13411,21099,21209,20968
19349: 13419,12383,16152,19783,17737
19350: 20909,19398,20981,19472
19351: 21036,19307,17739,20910
19352: 1061,19896,1060,1141,14290,16298
19353: 16256,18518,18656,19005,15460,20809
19354: 16279,15709,14700,11645,14865,11864
19355: 18270,11892,16641,15749,16848,14082
19356: 14799,21288,19698,21459,16198,17771
19357: 19216,15840,20700,20971,21264
19358: 21003,21060,21169
19359: 21276,20973,21039
19360: 17806,19368,18635,20747,19127,21241
19361: 16866,14700,16608,12473,16328,19597
19362: 19381,20991,21080,17794
19363: 16761,19042,20481,17151,14562,19070
19364: 11,17596,15494,17135,17346
19365: 13366,14555,18625,19907,12640,15356
19366: 21097,17528,21033
19367: 19386,18530,20378,20033,14529,16612
19368: 17806,19360,21023,21241
19369: 18087,21054,17585,20977
19370: 307,21040
19371: 837,761,762,17777,763,12281
19372: 21451,18530,19512,21005,17808,15924
19373: 11814,16179,14494,20649,21134,19327
19374: 11817,14624,19050,16751,15984,20488
19375: 17487,19094,15939,17607,21325,15201
19376: 19412,16231,20969,21216
19377: 20909,19398,21114,20947
19378: 14097,19786,1148,13554,13697
19379: 13340,19160,20995,21004,20779,17733
19380: 16028,21194,18779,17669,19395,21024
19381: 19362,20991,17794,21176,17803,21236
19382: 20849,16005,21005,19158,15924
19383: 19323,14640,21002,17555,21318,19620,19986
19384: 16303,15038,20141,20454,13500,14953
19385: 11337,21081,21497
19386: 19367,20378,16612,17697,14744,13325
19387: 3043,3148,18822,3255,3149
19388: 19768,18547,20217,17507,17469,14504
19389: 17690,18263,20797,21006,21379
19390: 17725,21128
19391: 17767,18047,18439,20471,20148,16261,19613
19392: 20992,21111,21080
19393: 19114,19324,19564,21157,21177
19394: 16429,21235,21057,21007,19574
19395: 20783,21024,16028,19380
19396: 21160,19206,13607,14722,16507
19397: 11406,11404,11460,18917,11405
19398: 20909,19377,19350,21114,21178,19472
19399: 14643,13395,15998,19281,17527,20037
19400: 3376,3375,3270,3163,3269
19401: 21287,17651,14621,21056
19402: 12494,18872,17635,20346,14987
19403: 16941,18544,17463,18909,13248
19404: 17621,17486,15908,19965,17469,14504
19405: 18772,13283,16341,20870,19105,20472
19406: 17539,20516,15616,17601,2636,20105
19407: 18289,8498,19468,20843,15939,21325
19408: 19767,18123,20020,19800,21031,17637
19409: 21041,21192,21034,17755,21231
19410: 21063,18206,21075,21500
19411: 16019,16482,13740,14613,18988,17179
19412: 19376,14704,20969,21206,21216
19413: 14740,16067,20827,19650,21075,21129
19414: 10259,18906,10260,10348,10261,10349
19415: 506,507,573,443,21279,20587
19416: 21051,18537,20679,16599,14779,15088
19417: 18021,19477,17513,15953,13322,14569
19418: 16106,21217,20856,21068,21019
19419: 2441,2243,2342,2440,2341,2242
19420: 14673,17216,16408,11779,17303,20467
19421: 16145,18078,18088,17715,12463,16108
19422: 19246,16129,20637,13457,20941
19423: 17803,19959,21236,17699,18693,13531
19424: 16520,21389,19652,21064,17865
19425: 17774,19437,21172,21140,21043
19426: 19714,13821,18970,18560,15527,17533
19427: 14340,14444,13959,13991,14033,14368
19428: 21456,16314,18110,19749,17824,13618,17963
19429: 19990,15951,21407,19126,21461
19430: 18517,21029,21042
19431: 18816,15420,16158,16393,14911
19432: 19222,19622,18827,18614,1066,20851,16473
19433: 1847,1755,1662,1754,19956,1663
19434: 14430,19035,12955,17371,19725,15845
19435: 21409,21130,19865
19436: 17828,21218,14782,17882,19802
19437: 19425,17892,21043
19438: 13510,15525,20407,11504,11855,14917
19439: 15957,17714,14659,21098
19440: 19617,17821,17489,13403,17718
19441: 21242,14674,21088,19741,12383
19442: 17605,19492,13541,16062,17856,20597
19443: 18752,20492,18953,21334,21324
19444: 20726,19245,21026,21092,17849
19445: 17853,16732,18440,18796,17952
19446: 96,18935,97,138,137,20142
19447: 16217,19210,21205,14815,17984,21277,11759
19448: 16295,18006,19849,21065,17820,21142
19449: 9707,9803,9611,9612,18936,9708
19450: 13411,21212,21099,19348
19451: 20522,21166
19452: 19223,19290,19571,19308,21482,19481
19453: 17784,20505,17749,18288,20743
19454: 20599,13968,20496,14954,12063,18894
19455: 14429,10267,10356,10355,13139,13001
19456: 15229,11839,18585,13594,15352
19457: 21163,19592,18351,19987,20878,15999
19458: 18546,21293,19338,16673,16136,11769
19459: 16207,17790,19882,19945,19482,19852
19460: 14913,15410,7958,16790,13083,19022
19461: 21071,21057,21267
19462: 16072,17719,21064,17939,19514,20685
19463: 16158,14931,19604,13624,16812,20122
19464: 21090,21167,6844
19465: 21142,21497
19466: 17888,21305,21195,20045,13608
19467: 21208,21100
19468: 15915,8498,19407,21266,21325
19469: 16190,21117,21363,13277,19511
19470: 14498,987,18900,20836,16313,12824
19471: 18128,13613,17868,21396,20329,19531
19472: 17710,20981,21178,19398,19350,15967,21088
19473: 20405,20019,12002,18632,16769,15244
19474: 20853,14511,15914,13471,16864,17990
19475: 17857,20920,21102,20152
19476: 15715,13069,13648,14269,14568,15109
19477: 18021,19417,20292,17616,19881,14569
19478: 13556,13305,14720,19905,20544,17313
19479: 13360,17567,18255,21270,15977,18574
19480: 17774,17787,21140,19483,16157,19608
19481: 14571,17508,20449,19452,19308
19482: 21135,21148,14507,19459,17790,19852
19483: 15997,17785,16150,19480,21140,16157
19484: 17795,20236,20111,14514,15915,15934,21266
19485: 18373,21150,21219,21424
19486: 12098,11765,17102,12479,47
19487: 16255,18321,14773,21413,18581,20620
19488: 17906,17524,19510,15926,14857
19489: 11351,11352,20006,11409,18499,18863
19490: 15136,13585,15838,16390,18688
19491: 17974,18509,20575,19498,16017,15993
19492: 17605,19682,19442,17833,19343
19493: 11850,15203,12163,12671,11902,20155
19494: 16950,14168,17272,21417,18743,13307
19495: 12443,19329,12407,21287,17672,17652,19781
19496: 14704,21216,18498,20681,21157,17741
19497: 21179,21299
19498: 16017,19491,14507,19673,15993,17832
19499: 19589,17641,19647,18022,21437,21115,21139
19500: 19576,16981,16949,19985,18895
19501: 14799,19698,12466,16470,19756,18572
19502: 16814,11649,11685,15081,12166,13495
19503: 16132,16606,14240,18051,13368,11743
19504: 18562,14989,12616,11766,20052,13233,14512
19505: 16003,12320,15909,16120,12819,15992
19506: 17819,21179,17472,16293,17896,19710
19507: 21334,21324,21431
19508: 17599,17731,20427,20961,13474,20696
19509: 17838,17592,19550,13318,18069,14740,13441
19510: 19488,17524,14857,20583,19301,20791,21164
19511: 13277,17637,17738,21442,21031,21363,19469
19512: 18530,19372,20033,18,17808,17749
19513: 14894,18293,17915,21220
19514: 11830,21119,21248,20685,19462
19515: 21196,17892,21476
19516: 20491,16544,18644,18291,18731,16139
19517: 14695,12498,15445,16414,16582,18454
19518: 11766,17062,12467,21502,16699,18552
19519: 15948,17087,17135,19819,20012,13
19520: 17752,21090,15982,13276,14492,21180
19521: 13230,13588,14627,13503,20392,13382
19522: 19285,19174,14491,17499,14813,21385
19523: 18743,15417,13307,12420,18580,16195
19524: 19990,18117,15951,16283,20248,19920
19525: 11398,13533,12044,11507,14367,11971
19526: 17943,21183,19565,21313
19527: 16926,13810,13826,16801,21228,20097,17197
19528: 11644,15168,19676,15282,16515,11601,17115
19529: 18171,17738,21442,17519,21014,19942,20883
19530: 16151,19341,17669,17833,18779,20534
19531: 20329,18420,21396,19471,18260
19532: 19727,21181
19533: 19701,21168,18059
19534: 16449,14321,12556,19898,11867,13560
19535: 14593,19309,20928,21230
19536: 9807,16065,9806,9805,9710,9900
19537: 515,516,452,453,18702
19538: 18162,10610,12844,10611,13237,11987
19539: 21197,16233,21479
19540: 14973,12195,12907,12668,9621
19541: 3056,3057,2951,3058,2952,20064
19542: 13741,11929,422,13970,19034,16496
19543: 21267,20305,12464,17880,21007,19735
19544: 21244,17828,21218,21169,19572,14589
19545: 20205,20019,13273,21486,14659,17694
19546: 2052,2147,2148,2149,2245,2246
19547: 21289,19132,19695,18073,21465,20790
19548: 20098,19808,17172,16853,19935,15630
19549: 16330,18948,16966,16897,17302,17248
19550: 17592,13318,19509,19156,19771,19103
19551: 17680,17854,21231,16192,19563
19552: 13333,15964,14519,20859,17770
19553: 20956,20727,13680,19302,17891
19554: 12588,17944,18001,21303,21207
19555: 17515,21243
19556: 20881,19222,19622,17927,18227,21355
19557: 12395,12467,18545,17850,15330
19558: 15941,20293,17617,19095,19215
19559: 15085,18820,19117,16659,15943,11956
19560: 12870,16672,14932,12439,14417,17283
19561: 17597,19247,19912,13381,17948,21492
19562: 15989,19148,17796,19246,16093
19563: 16192,21276,20973,17854,19551,19601,18015
19564: 21191,19393,19114,19324,12292,12408
19565: 21225,17943,21183,19526,14000,17582,19748
19566: 21232,21202,21221
19567: 16456,17650,19318,16082,14693
19568: 19271,20632,14744,16168,20891,21016
19569: 15369,17016,14767,20043,13371,16982
19570: 16939,15067,18897,17359,15051,8176
19571: 17636,19290,20994,19452,19308,21017,21078
19572: 16118,19755,14589,21244,19544
19573: 12913,12834,12073,10695,12311,15493
19574: 20305,21007,19394,21235,21251
19575: 12419,13762,16581,20677,16472,17124
19576: 19500,15060,16281,16981,18817
19577: 21104,15997,16080,17785,20207,13404
19578: 17920,17503,20092,13348,14545
19579: 21371,21226
19580: 19773,14944,21252,21478,17991,21338
19581: 18034,16411,14984,21141,17995
19582: 21295,21255,20541,17086,21122,18007
19583: 18563,16681,14871,18610,12430,14707
19584: 10919,10995,10993,10918,14950,10994
19585: 17377,13969,15509,15573,19967,8068
19586: 20675,20792,13268,15921,17560,15987
19587: 20601,17779,19113,21210,14511,16777
19588: 20786,21234,21232
19589: 21326,19499,17641,14723,19647
19590: 20838,17552,21486,12358,16502,19609,20205
19591: 12451,19681,4916,19770,21388,21397
19592: 21163,18179,19457,18351,13622,21181
19593: 17987,21261,20085,18450,21314
19594: 15976,19865,21444,21130
19595: 17706,16098,17984,19621,17768,11759
19596: 20078,17502,20711,19096,16175,21499,20085
19597: 14700,16608,16399,19361,16279,14540
19598: 4690,4577,5028,12977,14522,14401
19599: 14643,21101,15998,16102,17629,19910,16640
19600: 20021,15976,17713,17768,12339
19601: 17806,18015,21296,19563,21276
19602: 16448,14682,11764,18292,15712,18841
19603: 17948,21492,21385,19656,19174
19604: 17206,19463,16158,14931,9225
19605: 18096,18897,12457,20548,15255,13490
19606: 20014,18227,21345,20447,18307,20317
19607: 15104,20600,15069,17251,18797,13677
19608: 16157,20065,17859,17684,21069,17787,19480
19609: 20205,16029,19590,12358,17863,20753
19610: 15580,15885,9522,9715,13685,14390
19611: 14981,21491,20014
19612: 21307,14938,21277,21234,21221
19613: 16811,17985,20062,21271,19391,17767,18439
19614: 19041,16149,17075,17435,18300
19615: 17939,20362,18242,20193,14841,16332,19684
19616: 19250,19668,17653,20311,12486,21162
19617: 18772,17594,19440,20192,13283,17821,13403
19618: 17494,14620,19973,19661,21402
19619: 20466,17798,16021,17869,17563,20810
19620: 17555,18888,17628,19383,19986
19621: 17984,21307,17713,17768,19595
19622: 19222,19432,19556,17927,1066,20203
19623: 18034,16502,20766,21319,17995,19263,17552
19624: 1763,20154,18682,14101,17002,20318
19625: 1675,1768,1676,19045,1584
19626: 14065,20174,1232,14919,13723,11933
19627: 10773,16072,17719,21337,20552
19628: 21278,21255,20246,20541
19629: 17304,18616,18292,20918,12416,14682
19630: 13368,17438,15431,11743,18799,20181
19631: 19061,13450,13231,15899,20192
19632: 15950,17635,13345,20135,14525
19633: 17652,19781,21144,17736,16141
19634: 19187,20831,21305
19635: 18303,19992,17818,16283,14846,20061
19636: 12432,15089,15062,21189,16892
19637: 9810,21362,17188,18825,19030,15674,20680
19638: 11544,11545,19007,19775,11593,11592
19639: 17540,19710,16358,21171,21299
19640: 17806,21296,21284,16490,20821,13251,13301
19641: 12588,21386,21304,18041,19093
19642: 20161,16121,20852,16612,13325,17695
19643: 17621,15958,21309,18355,20106,14586
19644: 4695,4808,4696,4809,4583,20104
19645: 21306,14527,17963,21456
19646: 18006,20336,18026,17869,16327,19998
19647: 21326,19499,19589,16402,20227,16252,21437
19648: 21300
19649: 14494,18364,19091,20943,21354,19327,20163
19650: 19413,21075,21129,21500,15005,20624
19651: 21447,17849,16055,17556,19965,19245
19652: 18060,17719,21389,21455,19424
19653: 21431,19672,19724,18062,21332
19654: 19078,20800,12655,21387,19937
19655: 17942,20756,21327
19656: 17690,18263,19912,19603,21492
19657: 19699,17996,21464,16302,13717,19843
19658: 21304,16405,19686,20501,20532
19659: 12406,12620,13988,15411,13739,18734
19660: 21449,19719,20882,17705,19310,16233
19661: 21402,19744,18039,19988,19618,21419
19662: 14109,14481,15072,17081,12291,17200
19663: 16383,18446,12489,15810,13244,12337
19664: 20376,18075,16620,19680,18048,16489
19665: 13302,13743,12557,17903,20387,20720
19666: 20140,19275,12880,12881,17253
19667: 18606,15943,18866,15913,17682
19668: 19616,12486,16205,13531,17803,21176
19669: 17591,21030,19291,17897,21469,13584
19670: 19909,17965,17780,20935,14903
19671: 17485,19093,21386
19672: 19653,19724,21332,19757,21342,16539
19673: 13412,19848,14507,17790,19498,16017
19674: 19036,1303,1218,20137,1219,1304
19675: 19891,20987,21346,18298
19676: 11644,18852,16825,19528,17115
19677: 13408,14140,12960,4803,12147
19678: 17788,21170,17609,21146,13319,17815,20103
19679: 18005,19743,21294,21408,18003
19680: 19858,21335,18048,21339,19664
19681: 12451,19591,21388
19682: 17605,19492,11800,17499,14491,19343
19683: 21448,17882,17965,17780,21081
19684: 14894,16332,20024,15234,19615,14841
19685: 18997,14675,16111,16213,20893,13722
19686: 13839,20038,14966,16405,20086,19658,20532
19687: 15057,11957,20577,16510,19063,18202,20503
19688: 21315,21335
19689: 19012,9523,17474,12239,19064,20722
19690: 13912,19148,17796,17576,17526,19186
19691: 21254,14883,18491,18307,17991,21478,20447
19692: 19072,973,972,821,897,896
19693: 14503,19812,17212,17247,17230
19694: 19990,18117,12012,21432
19695: 19547,21465,20790,19702,16475,15052
19696: 19757,21376,19311,21458
19697: 13618,20750,20126,15961,15004,19749
19698: 14799,17930,21288,19356,12466,19501
19699: 18036,18373,19657,21464,16302,19864,20942
19700: 20190,16124,16536,18083,19929,19750
19701: 19533,16677,21168,17956,21433
19702: 19695,21465,15052,17807,18119,20041
19703: 21398,20005
19704: 18498,16968,15121,21110,14614,12861
19705: 21297,21259,12632,14967,19814
19706: 13308,17226,18470,14770,15670,13343
19707: 16149,19795,19731,14436,15948,20012
19708: 16542,17667,20178,14690,13373
19709: 21372
19710: 19639,16358,16004,17896,21179,19506
19711: 21373,18050
19712: 15013,20501,18001,20002,19721
19713: 16071,14813,16182,17948
19714: 19426,8177,18970,18245,16930,17533
19715: 21377,20716,19796,16563,21391,15122,21440
19716: 17311,12553,20267,12886,11209,14319
19717: 20281,21265,14490,17483,17659,17537
19718: 17639,19084,20094,19294,16384,19748
19719: 21449,18070,19660,19857,17705
19720: 18075,20483,15049,20844,21351,17614
19721: 18094,20002,16430,15013,19712,20647
19722: 19950,16290,14577,13387,18145,17658
19723: 20473,8069,19122,13948,12283,12951
19724: 12590,21431,19653,19672,21418
19725: 13199,17440,17622,15845,19035,19434
19726: 21380,16474,21423,18367,19030
19727: 19532,21181,21308,21389,21455
19728: 12811,11777,15513,12729,156,201
19729: 16226,19811,19111,16623,16847,15688
19730: 20963,18691,16943,12463,16108,13992
19731: 19707,19795,17678,17608,20012,20076
19732: 20254,8911,8913,8912,19179
19733: 4132,14288,14458,18994,12599,13950
19734: 13456,14719,13775,12544,253,13303
19735: 19543,12464,17880,13330,19869,18653,17625
19736: 16617,13832,14841,17911,16697,20024
19737: 16597,18099,21374,21393
19738: 21409,18120
19739: 16106,20222,17979,21217,18132,20209
19740: 17999,16128,16078,20633,13260,17612
19741: 14674,19441,12383,16152,20588,20264
19742: 12138,258,13973,12237,312
19743: 19679,21294,21471,18003,20053
19744: 15043,21316,19661,21419
19745: 18082,4916,20572,20210,21496,18129
19746: 16597,21186,18296,19751,15150,18131,16524
19747: 17304,20150,15564,20918,20517,15185
19748: 21183,19565,17582,19718,13471,16384
19749: 19428,17824,15004,13618,19697
19750: 18128,21439,20751,19700,19929
19751: 16597,19746,15150,20619,12688
19752: 16860,17150,12606,19135,15135,16438
19753: 16161,15640,6,20187,12246,4
19754: 19281,19304,20865,21089,17527
19755: 16118,13329,19572,16545,14549,17679
19756: 17743,18572,16748,14799,19501
19757: 16537,21332,19696,21458,21342,19672
19758: 13898,18780,21348,14908,20630,18112
19759: 19825,19836,21426,18671,20295
19760: 10923,10922,20199,10846,12371,15328
19761: 13602,15854,16772,15486,20188
19762: 14593,19309,16177,19955,17881,21193
19763: 16387,16206,18315,18450,16175,20859
19764: 17988,5483,19991,20030,21371,21226
19765: 19779,19136,11970,14478,12541,12832
19766: 16874,16925,18541,18435,16215
19767: 19408,20020,21031,21219,12512,16088
19768: 18547,17469,19388,17800,19213,17556
19769: 17866,19868,18134,17740,20062,18439,20471
19770: 19591,4916,20572,17831,21397,16867,20526
19771: 19550,19156,21247,19103,15927,14542
19772: 9911,19128,10003,10095,10004,20208
19773: 19580,14944,21252,21483
19774: 19225,20222,14699,21217,21019,16436,19843
19775: 11638,11593,11594,11545,19638
19776: 20930,18132,16613,21473
19777: 18747,18194,17308,12239,19020,19064,21405
19778: 19019,15837,15844,21323,20667,20659
19779: 19136,13187,19765,548,11970,12898
19780: 17623,14629,16101,16085,17634,16109
19781: 17652,19633,21144,20805,19495,17672
19782: 21028,18581,20903,20892,16255,17684,21069
19783: 19233,17737,20867,21025,19349,16152
19784: 20856,21019,19225,17996
19785: 18154,19913,21479,16616,21357,20663
19786: 14097,17343,15076,19378,1148,13312
19787: 14710,18159,18946,20402,17111,6391
19788: 20228,16150,13341,17952,17923,13446
19789: 16866,16328,11862,13523,15298,11603
19790: 18126,18833,16362,18386,18031
19791: 18438,20056,20400,16526,20850,16006
19792: 19197,16647,20361,17650,14693,17
19793: 20778,21484,18187,19911,20319
19794: 2,18266,16698,17813,20651,18563
19795: 19707,19041,16149,17879,19731,17678
19796: 16563,19715,21440
19797: 16401,19860,17956,21433,19833
19798: 16456,20463,17649,21373,16533,21361
19799: 12846,7738,14661,16584,17287
19800: 18123,19408,17667,17637,20028
19801: 16732,16090,13404,18047,20207,18796
19802: 16196,17882,20349,16561,17828,19436
19803: 19209,16519,17571,14617,18087,20276
19804: 8604,14264,20899,12487,13657,15814
19805: 14769,16159,15463,15126,17069
19806: 20003,15120,21425,16596,18258,18840
19807: 6281,6282,20343,6394,6508,6395
19808: 19548,12353,20098,18106,19949,15630
19809: 18845,18156,11918,17195,16236,17123
19810: 18347,16493,14787,18177,16391,13547
19811: 16226,19729,21275,16271,14705,16847
19812: 14503,15189,19693,19985,16709
19813: 19086,19202,13356,20494,14547,19827
19814: 17983,19831,20360,19705,14967,15429
19815: 16427,21472,13860,16167,16721,20249
19816: 46,19993,15322,15760,14579,14196
19817: 12423,11845,15472,15579,15480,13595
19818: 19828,20061,20035,18303,15181
19819: 17087,19519,20295,13,19836,18181
19820: 19853,17364,13151,18571,19183,15506
19821: 15971,21265,20389,19283,20136,20499
19822: 17820,21081,19859,19849,17780
19823: 16131,19943,18996,20398,16745,12881
19824: 21371,5483,18154
19825: 19759,18584,19836,21426,16595,19871
19826: 18670,16617,18421,13832,15273,17620
19827: 17375,18080,13356,19813,19086,15938,19063
19828: 18216,19818,12012,20061
19829: 19336,18217,20922,14983,14955
19830: 20408,21501,15108
19831: 17983,16381,19814,21463,15429,20151
19832: 14593,21230,19155,21410,16476
19833: 13680,19954,21433,21392,16513,19797
19834: 14860,18217,21165,16677
19835: 13883,11795,17063,12007,15346,18055
19836: 19759,19825,20295,19819,18181,19871
19837: 20634,14606,17216,12852,18359,13996
19838: 18201,21494,18238
19839: 17597,19247,14619,17671,20082,16526
19840: 14165,13897,15566,11810,17109
19841: 20728,18615,16363,13623,14903
19842: 14717,17322,12055,15608,19074,15575
19843: 13717,16436,21198,19225,19774,17996,19657
19844: 20272,12358,16502,18669,20753
19845: 14988,17328,12264,15922,14449,15503
19846: 3469,3362,3468,3361,19205
19847: 18284,17583,19920,18236,17692
19848: 13412,19933,19673,16207,17790,14578
19849: 19448,18006,18026,19859,17820,19822
19850: 15044,15005,18027,20219,16131
19851: 20602,16145,12288,18088,18371,15098
19852: 18201,19459,19945,21148,19482
19853: 17364,16218,18571,19820,14398,17908
19854: 10856,18578,10701,10779,18916
19855: 15989,16898,17796,17576,19059,19123
19856: 15120,19201,15172,20964,18840,12711
19857: 19719,18070,20183,17391,13369,17490,21414
19858: 19680,16845,21315,21335,18048,18043
19859: 16363,14903,19849,18026,17780,19822
19860: 14955,16401,18147,19797,19918,17956
19861: 20356,19278,18196,20567,20001,15014,18404
19862: 19936,16211,16039,18362,20274,18079
19863: 20430,16071,16182,17922,17938,16089
19864: 20942,20020,20598,19699,16302,20546
19865: 19594,16596,15976,18258,21409,19435,21130
19866: 20410,17013,14548,14541,19288,16876,12284
19867: 4908,4795,4683,4796,4909,20424
19868: 14646,17866,19769,18134,12820
19869: 18196,18404,13330,17554,19735,17625,19908
19870: 145,189,14374,20406,105,17402
19871: 20309,16595,18181,15115,19825,19836
19872: 15273,16775,16888,17627,20585,15142
19873: 21154,17572,20420,19175,14560,12290
19874: 18608,19070,13698,16761,18876
19875: 14517,17501,20573,16030,13315,18338
19876: 18407,20543,18129,15285,20491,16139
19877: 18285,20079,17613,18905,15982
19878: 17728,7964,7963,7853,7854
19879: 12475,8286,19122,12171,12950,12389
19880: 19175,12290,19941,17584,17540,16358
19881: 17529,21273,18405,14569,17616,19477
19882: 19945,13777,20381,19459,16207
19883: 12790,12248,4801,4688,4800,14884
19884: 12398,13345,15370,18865,14935,17837
19885: 18794,16417,17320,19113,16679,16942
19886: 17491,17048,16394,17482,15313
19887: 11787,13369,16133,17490,19921,20133,18054
19888: 16921,14895,10090,13687,15681
19889: 20275,18239,19141,18226,16083,12321
19890: 18293,15234,20379,17015,20550,18910
19891: 19675,16104,18502,20987,18298,16718
19892: 15033,19972,16540,16756,13758,18453
19893: 10352,10353,10264,10266,10174,10265
19894: 918,20460,919,767,842,843
19895: 16702,15545,17186,17342,15850,14188
19896: 982,981,1061,1059,1060,19352
19897: 11442,15354,11496,20259,11443,19200
19898: 14328,11867,14499,13070,19534,16449
19899: 16416,20523,16477,17742,19313,18810
19900: 15591,14389,17414,12208,16278
19901: 16198,18161,17242,17771,20306,16625
19902: 18856,16249,20655,18193,16977
19903: 15853,11929,12736,421,13163,20497
19904: 12318,20958,20652,17240,15310,13259
19905: 13556,17302,19478,20666,18948,17313,14854
19906: 18457,12310,13416,19111,20538,11934
19907: 14555,19365,18625,17810,20243,21263
19908: 16155,16379,17625,19869,18404,16498
19909: 16196,17965,19670,18124,20935,20127
19910: 18180,16640,20441,19244,19599,21101
19911: 18080,18187,20785,18061,20778,19793
19912: 20850,19247,19561,21492,18263,19656
19913: 19785,15166,16616,21357,17805,16614
19914: 15955,11554,11944,11857,12716,12455
19915: 18161,20529,21113,20498,19342
19916: 14092,13545,8,12204,18010,13802
19917: 17056,12539,16809,13785,12387,14231
19918: 14955,18147,20301,19860,21222,14983
19919: 11403,11458,11346,11347,11404,11405
19920: 20248,17583,19847,15947,19524,15951
19921: 20901,16133,19887,20133,12407,17651
19922: 19989,20829,12397,20998,16512,14574
19923: 16658,20751,13613,16536,18663,21329
19924: 11817,12307,17189,20324,19050,16995
19925: 18101,20453,12397,16421,18098
19926: 20081,20921,15859,18300,21375
19927: 16313,15244,20405,18174,14501,14498
19928: 15530,13304,11804,14045,17017
19929: 20190,19700,16718,18502,21439,19750
19930: 18908,12675,13727,12308,12552,13793
19931: 13343,12090,16444,14441,11886
19932: 20371,16294,18420,17897,19291,18260
19933: 19848,16207,16552,14578,14622,13777
19934: 3483,3376,3375,20374,3482,3374
19935: 20391,16644,16853,17168,19548,15630
19936: 17797,19862,18079,17799
19937: 15402,18024,20757,20864,19078,19654,12655
19938: 16744,13934,20007,20149,19980,19978
19939: 17759,17978,13401,14756,16262,19219
19940: 14775,20489,15526,13665,12626
19941: 20563,20046,16004,12290,19880,17994,16358
19942: 19951,20883,16024,20718,19529,21014
19943: 16794,16131,20088,16509,18996,19823
19944: 13362,14615,16036,18934,20044,1
19945: 19882,16629,20381,19459,19852,18201
19946: 16679,16942,17668,18342,15392,19180
19947: 18746,13809,18330,12691,15242
19948: 17500,20000,18023,16476,19955
19949: 18106,17518,20939,15630,21125,19808
19950: 19722,18299,17891,14577,13387
19951: 17588,19942,17675,16024,20718
19952: 15865,18352,13293,15863,17900,17757
19953: 17736,16138,16337,17759,14756
19954: 13680,20185,18299,17891,19833,16513
19955: 14593,19762,19948,18023,17881,16476
19956: 1754,1846,1940,1847,1941,19433
19957: 12696,3370,3695,3263,12919,17134
19958: 15680,18429,20642,14,17392,19099
19959: 20708,21236,17699,16200,19423
19960: 20712,17686,11758,18884,18244,13492
19961: 138,137,182,183,139
19962: 15936,18011,21015,21084,19240,16082
19963: 16703,15714,15656,16951,14153
19964: 17335,20251,14763,15798,16393,14911
19965: 17556,19651,15908,19245,19404,17469
19966: 18384,14616,16187,20395,17747
19967: 12380,19999,15573,8068,19585,15199
19968: 572,573,574,20587,642,641
19969: 18148,18773,19219,16504,16337,17759
19970: 14575,12252,18765,17445,16859,18063
19971: 18289,8498,14832,19234,12349,11835
19972: 16419,14736,19892,20623,16540,16756
19973: 17494,19618,20812,19189,19110,15975,21402
19974: 13932,13977,19237,18729,18732,13746
19975: 20891,18340,20337,21052,19186,13912
19976: 16134,18451,20310,20466,17798,14651
19977: 12590,17835,18057,21418,18652,18658
19978: 20711,19980,20145,21499,13934,19938
19979: 17729,20715,20035,15181,12374,18331
19980: 17502,20711,19978,15260,18336,16744,19938
19981: 16291,15112,14862,20169,20840,20884
19982: 18192,18575,18455,18955,15028,20736
19983: 19282,18758,16077,16084,18370,20998
19984: 14673,16239,17297,11779,20090,13384
19985: 16709,18895,19500,16949,14503,19812
19986: 20275,13286,18239,19620,17628,14640,19383
19987: 19457,18351,16375,17797,17799,15999
19988: 18464,16587,18039,14620,20729,19661
19989: 19922,15124,12397,16512,13762,13323
19990: 14531,19429,19694,18117,19524,15951,21407
19991: 5483,18178,16442,19764,20663
19992: 19635,18363,18303,20745,16734,17818
19993: 46,18282,45,15322,19816,14169
19994: 20032,19280,17613,14592,20300,13248
19995: 20769,20729,20502,20281,17659,16587,18785
19996: 12319,15259,19254,17333,18629,17143
19997: 19091,15260,16744,20007
19998: 20728,16363,12313,16327,19646,18026
19999: 13475,12380,20511,13334,13509,19967
20000: 17688,17500,19948,15923,21009
20001: 20356,15014,19861,14532,14984,20500
20002: 21207,16430,18001,19712,19721
20003: 11742,15120,16564,21425,19806,21461,18160
20004: 14741,16426,20396,16140,18617,18332
20005: 21398,18086,19330,19703,14626
20006: 11291,11351,20339,11352,19489,11292
20007: 16744,19938,20149,20163,19997,19091
20008: 12460,15246,12748,14385,15329,17154
20009: 21180,16828,21369,21443
20010: 13996,12650,12852,16889,20705
20011: 19217,14921,19231,17517,11602,20201
20012: 15948,17608,17135,19519,19707,19731
20013: 18167,16010,20824,20977,20780,19195
20014: 19611,14981,19606,18227,21345,21355
20015: 20139,18465,20023,18387
20016: 17075,2,18266,20238,20081,18300
20017: 17942,16339,20091,21395,20092
20018: 11757,16813,14037,17097,21420,18812
20019: 20405,19473,19545,13273,17694,12002
20020: 19864,20942,19767,18123,19408,20598,21219
20021: 19600,15976,20964,18258,18840,18107,12339
20022: 20930,14533,18132,20209,15144,19215
20023: 20015,18465,18387,15201,20196,17487
20024: 15234,19684,20379,19736,14841,16697
20025: 18708,2738,21328,14904,14204,16320
20026: 19122,12727,12951,13129,8178,12389
20027: 20158,13467,15894,17093,17912
20028: 17637,17738,17519,17667,19800,13458,13373
20029: 21051,20679,17981,13329,16545,18362,20274
20030: 17988,16442,19764,17831,21397
20031: 16900,21132,16049,20996,17930,12466
20032: 18285,19994,17613,16522,14592
20033: 19367,18530,19512,17749,14529,20743
20034: 14656,14961,20923,5710,18963,21152
20035: 15181,19818,19979,18331,16643
20036: 18418,20221,20116,15349,18402
20037: 17753,18029,17600,17527,19399,15998
20038: 19686,17936,14966,20531,13268,20086
20039: 18428,19305,16902,17470
20040: 17104,15843,14401,5028,11821,16348
20041: 18651,20196,19702,15052,18465,18119
20042: 16504,14655,20327,18148,7182,17959
20043: 15272,17016,14767,19569,12600,13493
20044: 16585,1,16036,19944,13350
20045: 17888,19466,21195,20586,10358,18401
20046: 16004,17994,19941,12329,17896,14892
20047: 20375,18021,20292,20397,76,13243
20048: 17708,12288,18371,14605,14738,16695
20049: 18099,21186,18296,15772,15086,14326
20050: 515,516,514,581,582
20051: 14646,20125,16208,12820,20611,18433
20052: 16113,13233,18562,19504,16666
20053: 15028,18003,18257,21471,18192,19743
20054: 13982,19150,20168,20976
20055: 18418,16869
20056: 18438,19791,20400,18093,21212,17698
20057: 13333,14519,18326,17809,15956
20058: 11675,11635,11590,11634,20520
20059: 20558,16090,14669,20513,13385,16261
20060: 2052,18542,2148,20468,1956,1957
20061: 19828,19818,12012,16283,19635,18303
20062: 16811,19613,19265,17740,19769,18439
20063: 16965,19082,14856,17410,16606,15405
20064: 3058,3059,2952,2953,20436,19541
20065: 16157,20525,17859,19608,14755,17923
20066: 17003,17041,20510,18187,18549,18061
20067: 17040,18448,16932
20068: 16547,14796,18103,14612,18102,16440
20069: 15303,13682,17712,13885,17209
20070: 10538,19098,10621,20495,10622,10539
20071: 7293,15823,13733,13579,13214
20072: 14537,16018,16084,19306,21406
20073: 18819,16684,16632,16044,20952
20074: 16838,20118,18427,15422,20545
20075: 18472,17549,12955,18874,16035,15845
20076: 17596,13406,19731,17678,13152,17608
20077: 17133,15926,20444,20216,17750,21435
20078: 17502,19596,13671,18336,21261,20085
20079: 19877,18905,18460,20164,21167,15982
20080: 17239,15068,14920,15449,18281
20081: 19926,15143,20921,20016,20238,18300
20082: 18698,20400,16526,15375,14619,19839
20083: 18254,16134,18451,19015,13383,18700
20084: 17793,14602,20958,17765,17670
20085: 21261,19593,18450,20078,19596,16175
20086: 16405,18041,20675,13268,19686,20038
20087: 13289,17590,15913,17682,18009,21126
20088: 16794,20368,19943,16509,16300,21189,13759
20089: 21314,20191,12836,16387,18348
20090: 11779,3155,14771,17297,16787,19984
20091: 16339,20017,20167,17590,13348,20092
20092: 19238,17503,19578,21259,13348,20091,20017
20093: 4461,4463,4575,12739,4462,4574
20094: 13471,17990,17639,19718,14694
20095: 20540,14697,18413,18851,21457,20322,13417
20096: 14167,15436,617,15377,12541,11906
20097: 20461,17197,18250,16361,16801,19527
20098: 18122,19548,12353,19808,14639,17172
20099: 10259,10260,10258,20484,10169,10168
20100: 17117,19144,15378,18342,15392,18802
20101: 18640,16932,20569,20479,14025
20102: 12809,13166,3050,3051,11928,18621
20103: 17766,21242,17788,19678,13319
20104: 20457,4697,4696,4809,19644,4584
20105: 14427,17601,2636,13194,19406,17908
20106: 20217,14504,14586,17621,19643
20107: 17195,14169,15546,45,14843
20108: 16314,18110,18257,20135,16225,20480
20109: 13576,14321,15222,12556,17349
20110: 19216,18244,17393,20700,16460
20111: 19484,20236,20418,20673,15934
20112: 11549,11598,11550,14457,12201,18570
20113: 11841,15117,12555,18890,17037
20114: 16445,21295,18206,21063
20115: 20521,11926,21340,18836,18825,15674,18367
20116: 20036,18456,15349,20170,18402,18525
20117: 18467,21225
20118: 18490,16838,20074,20129,20604,15422
20119: 16162,14543,18985,21072,16964,20547
20120: 20425,14995,18179,13622,18060
20121: 16129,17786,20637,14707,16311,17813,20651
20122: 14381,13624,16812,20411,12516,19463
20123: 11854,17619,17644,14712,16831
20124: 18737,15093,16512,18487,15363,13323
20125: 14646,20051,16208,20475,115,18933
20126: 15961,19222,18827,15004,19697
20127: 16561,18634,16391,18124,19909,16196
20128: 16378,18675,17654,13308,14730,15376
20129: 18490,20118,18428,20604,16902
20130: 18467,16928,20164,20724,6844
20131: 17335,20251,17550,15920,13159,21362
20132: 15907,16631,15899,18308,18479,13231
20133: 11787,19921,19887,12407,17672,17730
20134: 16081,21205,13492,14815,17686,17826
20135: 18110,20108,15950,19632,20480,14525
20136: 17620,20499,14380,18670,15971,19821
20137: 1303,1388,19674,1389,1390,1304
20138: 16166,14135,14462,15155,15868,18558
20139: 16475,16799,15052,20015,18465
20140: 12881,19666,20398,17101,18595
20141: 15038,11876,15048,14350,13500,19384
20142: 181,137,136,180,96,19446
20143: 1050,971,20537,1051,972
20144: 13877,255,15248,13386,11784,17163
20145: 19978,21499,13934,18326,12335
20146: 17101,16960,18739,15407,12880
20147: 17883,17125,13152,18808,17879,17678
20148: 13404,19391,17767,18047,16080
20149: 18350,19938,20528,20007,20163
20150: 19747,16837,20642,20517,14,18208
20151: 18685,15429,20347,19831,16381,20266
20152: 17611,19326,21102,19475
20153: 20597,16319,14757,13541,17769,20534
20154: 12663,19624,18682,13721,17002,15040
20155: 11850,11902,19493,13774,11277,13874
20156: 20409,20366,18213,18290,17319,18662
20157: 18290,17319,20640,16399,14654,14540
20158: 15894,12495,20027,15087,13586,17497,17093
20159: 17968,16963,11452,20688,18503,17078
20160: 17193,19075,15397,11948,18849,19011
20161: 19642,16121,19347,16935,15157,17695
20162: 17089,17898,15590,15533,16984,13291
20163: 18350,20007,20149,19091,19649,18364
20164: 20130,20724,6844,18460,20079,21167
20165: 8806,8910,9014,8807,8911,9015
20166: 17019,17671,19090,19048,17597,13381
20167: 14510,13289,17590,16339,20091,19162
20168: 13982,20054,18406,21369,16828
20169: 20840,19981,20884,18848,15071,18447
20170: 15379,20874,20197,18456,20116,18525
20171: 20858,20671,16924,17875,21349,14410
20172: 18965,16112,17414,17034,15591
20173: 14167,11906,12817,14444,13991
20174: 17001,14065,19626,17413,16827,13723
20175: 12304,18596,14485,12302,15907,16631
20176: 18150,18584,21426,16535,21390
20177: 15980,18983,16482,13397,14951,14556
20178: 16542,15132,16997,19708,20695,14690
20179: 16592,14769,16959,15463,6957
20180: 18555,13690,12367,16645,14685,20997
20181: 18913,14899,16767,18799,17438,19630
20182: 16907,15294,17491,16394,13638,21159
20183: 21449,21215,17391,19857,14993
20184: 13480,16923,20233,19143,18697
20185: 18299,19954,16513,18417,20808,18231
20186: 18516,14335,20417,14109,15388,15651
20187: 15640,19753,15065,12901,14817,4
20188: 13916,15486,15854,19761,16675,17475
20189: 15476,11215,11148,11147,11278,13125
20190: 19700,16124,19929,20294,18502
20191: 18418,20221,16869,21314,20089,12836
20192: 18772,19617,17821,13450,19631
20193: 20552,17939,18242,19615,16072
20194: 14000,17582,16864,18767,16928
20195: 14505,19303,21436,21273,18405
20196: 20041,15201,16696,18465,20023
20197: 15379,20170,12463,20963,18525
20198: 17643,17883,17125,15979,17149,15589
20199: 10923,10846,10768,19760,10847
20200: 12839,13428,11458,11510,20412,11459
20201: 20989,20268,18495,19217,20011,11602
20202: 17022,18159,19089,14618,16329,16181
20203: 20603,1066,16403,11803,19622,17927
20204: 19057,14715,14738,20937,14706,16178
20205: 19609,16029,19545,13273,19590,21486
20206: 17913,18830,16350,16944,20227
20207: 19577,17785,13404,19801,18796,13341
20208: 10004,10005,10096,19772,10095,10186
20209: 20022,18132,15144,18508,19739,17979
20210: 16565,21452,21496,19745,20491,16544,18129
20211: 20241,18987,17026,17450,20659,18649,20443
20212: 13769,17122,12978,14343,16250,14403
20213: 7744,7743,7852,7962,7853
20214: 18043,16484,20309,16595,13776,16845
20215: 17307,15438,21124,13968,12631,14526
20216: 17133,20077,21435,16223,17976
20217: 17507,20106,14504,19388,17523,14586,18425
20218: 13360,15977,13714,20280,18924
20219: 16794,16131,19850,18027,17838,18069
20220: 18394,18406,17467,13982,20617,20982
20221: 18418,20036,20191,18402,16861,12836
20222: 19774,19739,14699,17979,21217,11856
20223: 14853,13351,14898,15240,17095,18130
20224: 11084,11152,18854,11154,11085,11153
20225: 17981,16118,16545,17702,17665,18261
20226: 12423,13488,15472,12390,20674,20316
20227: 16402,19647,16944,16252,20206
20228: 19788,14755,17923,13446,18375
20229: 15255,18065,18309,18237,14622
20230: 14547,16880,12353,18106,20970,19202
20231: 18111,17622,16035,20570,13208,17846
20232: 17772,13409,15619,15780,14943,12411
20233: 14695,12498,17775,13480,20184,19143
20234: 16735,16803,15129,20576,17132,14978
20235: 15614,19262,12683,12446,18388,13967
20236: 19484,17795,20418,12688,20111
20237: 12920,20550,18910
20238: 21022,18266,20016,19340,20081,15143
20239: 12920,12309,20550,17015,17581,18592
20240: 17412,16206,16570,18315,17648,17770
20241: 18602,20211,18987,17026
20242: 15958,20344,13301,13251,20592,16710
20243: 16199,14555,19907,17810,20857,17517
20244: 18205,14653,13860,17753,18029,16167
20245: 18517,21042,17606,21110,21206,12861
20246: 18104,15395,18647,20541,19628
20247: 18891,18650,20789,20253
20248: 16283,14846,17583,19920,19524
20249: 12700,13795,19815,13860,15237,16721
20250: 550,13584,17656,13512,16371,14678
20251: 17335,19964,15920,20131,15798,16307
20252: 15430,13429,12487,13521,15554
20253: 20247,18650,20789,15547,20333,21358
20254: 8808,8807,8911,8913,8702,19732
20255: 3696,18056,3587,3697,3588
20256: 16646,12301,21404,13335,11454
20257: 15188,8605,13724,15643,15400,12932
20258: 19033,14143,13778,15103,17171
20259: 11442,19897,11385,11386,11325,19200
20260: 11635,11636,11676,11677,11637
20261: 14826,18329,18969,20270,16309
20262: 11795,15398,16957,20725,15293,13370
20263: 13337,14975,12442,16691,14803,12387
20264: 20335,17887,20588,14674,17812,19741
20265: 18179,18351,16375,14910,21352,14995
20266: 16381,18685,20151,20758
20267: 15101,17311,19716,12886,14215,17293
20268: 20201,20989,16882,19326,18495,13985
20269: 190,17225,239,238,20621,290
20270: 15426,16309,11815,14785,18969,20261
20271: 18725,18109,15952,15162,13707
20272: 18034,19844,16411,18667,16502
20273: 20515,20606,16901,20479,17040
20274: 14549,18079,20029,13329,19862,18362
20275: 13286,18239,19141,19986,19889
20276: 18087,15973,21085,19209,19231,19803
20277: 13284,16569,14594,18792,20514
20278: 12132,14004,19298,13139,12216,12028
20279: 11603,16667,13597,13539,16069,15739
20280: 16705,19152,20218,15977,18924,16708
20281: 19717,17659,17537,20769,19995
20282: 20472,18741,17881,15058,15191,21193
20283: 14743,18960,17980,16608,16399,20640
20284: 17671,19090,15019,20705,18173,14619
20285: 17914,16176,14453,15615,13818,20639
20286: 17802,18640,20313,20569,18672,12071
20287: 11507,16786,12044,11506,14274,16637
20288: 12382,16736,18081,12331,15207,16905
20289: 17179,21143,16249,18304,13740,15127,16977
20290: 15963,16293,18353,14518,17677
20291: 14772,14764,13357,16793,11778,19028
20292: 20375,18021,17616,17902,19477,20047
20293: 15941,18319,19558,20629,15144,19215
20294: 20190,20357,16124,18632,20403,18502
20295: 18671,20303,13,19819,19759,19836
20296: 14519,20859,19096,16175
20297: 18728,16687,14703,16291,14862
20298: 10527,13148,18162,15995,10442
20299: 4021,21434,17128,16579,11808
20300: 14592,15901,18544,19994,13248
20301: 18147,19918,21222,14929,18265,16433
20302: 18339,20337,16692,16898,13912,17576
20303: 18671,19054,20295,20676,13
20304: 20622,1059,1060,1139,1058,1140
20305: 19543,17880,16209,21007,19574,17834
20306: 3049,16625,18919,17743,19901,17771
20307: 18603,18383,17805,20312,16614,16532
20308: 18127,18963,15968,20948,14618,18535
20309: 16595,13776,19871,18429,15115,20214
20310: 18451,17006,19976,20351,14651
20311: 17653,19616,12486,17696,16180
20312: 18383,20307,16614,13750,20524
20313: 17802,20992,20286,20708,12071,12476
20314: 18254,17618,18451,17006,21263
20315: 15460,16968,19213,14614,17800
20316: 14780,16702,12390,20226,13488,14188
20317: 18491,18307,11803,19606,18227,17927
20318: 17002,18965,15520,18559,1763,19624
20319: 20464,12651,18187,19793,18859,17003
20320: 18189,20349,16561,18634,17665,17702
20321: 16401,18147,18417,16433,12601
20322: 18642,19292,18374,13417,20095,18413
20323: 16585,17051,16143,18610,14623,13829
20324: 19924,17189,16995,16834,15100
20325: 14844,14610,13226,14768,17425,14874
20326: 21131,17729,16076,20714,18608,13698
20327: 16227,20512,20042,14655,19037,17959
20328: 20361,15936,14517,19164,17501,18011
20329: 18420,19531,16658,19471,13613
20330: 18747,21272,18704,18468,16524,8711,20596
20331: 17847,11764,20641,16607,17232,14541
20332: 15395,18647,20692,16908,19159,20784
20333: 15547,20455,18776,21285,21358,20253
20334: 14739,13826,21228,16275,18664,16372
20335: 17887,17966,20264,16183,17812,20693
20336: 18006,19646,14633,21399,17869,17563
20337: 19271,18339,20302,19975,13912
20338: 15108,18349,18762,17168,20441
20339: 11291,11228,20006,11293,11229,11292
20340: 1847,1942,1848,1941,20656
20341: 16263,15167,20416,16958,13883,17063
20342: 19043,19190,18780,14996,18066,16534
20343: 19807,6396,6283,6282,19198,6395
20344: 12365,16259,15958,13301,21309,20242
20345: 20527,18745,16741,11601,17115,20744
20346: 15950,16424,18872,19402,17635,16473
20347: 18685,16922,15429,18445,20151,18532
20348: 14439,2636,13194,15644,17210
20349: 16561,20320,19802,14589,17702,17828
20350: 19009,16148,20668,12320,15909,17844
20351: 16882,13985,20310,17006,14651,21093
20352: 14922,16464,18477,13501,21070,14979
20353: 17567,17741,16243,18255,20435,20681
20354: 15259,14268,14044,16412,18480,16662
20355: 12319,12460,19254,15246,13689,13988
20356: 20567,20001,19861,20500,18109
20357: 16124,18519,20294,18632,16769,12608
20358: 21326,14723,16402,11842,18435,18527
20359: 15154,16441,18459,19181,16836,20803
20360: 19814,12632,18126,15429,20580
20361: 14517,18011,20328,16647,19792,17650
20362: 13843,16197,18242,19615,14841,17911
20363: 13703,19016,16580,14910,18286,21352
20364: 506,572,573,640,571,505
20365: 15476,11215,15125,11216,13014,11217
20366: 18213,18662,20156,16064,16103,12352
20367: 21328,16296,17835,20614,16320
20368: 16794,20088,16300,17838,17683
20369: 18363,20745,12374,18876,13698,17729
20370: 20699,13043,17509
20371: 19932,16294,18420,18271,16658
20372: 20614,17157,18867,19157,18752,18953
20373: 15272,12600,13894,15850,17186,17444
20374: 3375,3268,19934,3267,3374
20375: 20292,18433,17902,20047,13243,18982
20376: 19008,18075,19664,18262,15049,16620
20377: 21305,15331,17893,18427
20378: 21451,16168,19386,19367,18530,14744
20379: 20024,15234,19890,16697,17015,18613
20380: 14362,15788,3477,15727,3157
20381: 15116,19003,19882,16629,19945,13777
20382: 18653,20390,16547,15006,18000,21044
20383: 18441,11852,17353,15209,17291,16738
20384: 13208,13577,17846,14900,14449,15922
20385: 14612,18805,18158,18102,16747,18097
20386: 18149,8711,18630,20596,21291,21213
20387: 11882,13743,12557,19665,14708
20388: 14163,15170,13468,20657,15091,18964
20389: 15971,21265,19821,17483,17747,18142
20390: 20382,18653,16379,16547,14796
20391: 16644,18710,19935,18349,17168
20392: 13230,13588,19521,16920,14679,16335
20393: 15806,17709,15897,17901,15872
20394: 18788,17422,21380
20395: 20626,16187,16344,10270,19966,17747
20396: 14781,20004,16426,16674,16140,13444
20397: 18021,20047,15953,16666,76
20398: 21094,18595,16745,20140,12881,19823
20399: 18845,18156,17542,15310,13259,16210
20400: 19791,20056,20082,18698,16526,18093
20401: 17764,13599,14895,11822,15681
20402: 18159,19787,18186,16181,14765,20456,6391
20403: 16104,18502,12002,20294,18632
20404: 18725,15162,15487,16827,17413
20405: 18174,20019,19473,13273,19927,15244
20406: 17225,189,16912,14374,19870,14725
20407: 14470,13532,13510,20737,19438,11855
20408: 19830,15108,18762,13043
20409: 17319,18662,20156,14681,14737,16318
20410: 14548,19866,20438,16876,16622,15022
20411: 14381,16812,21158,20122,15798,16393
20412: 12839,12983,11403,11458,20200,11345
20413: 16156,14993,16532,21215,14644
20414: 16588,14316,19065,16865,12224,14582
20415: 9999,14391,9813,12160,12734,13066
20416: 16263,20341,13451,15721,16958,16092
20417: 12896,13891,20186,18516,17416,14335
20418: 15150,20236,20111,21213,21291
20419: 17644,13834,14851,15277,18441,17619
20420: 17572,19873,17612,16319,16128,14560
20421: 20847,16533,19165,18035,21361,19277
20422: 18786,12378,14660,18487,15363,16611
20423: 13377,12322,12289,364,14975,12442
20424: 4909,4910,4797,19867,4684,4796
20425: 20120,16191,20486,18060,10773
20426: 514,580,450,451,513
20427: 17599,19508,21366,12443,17652,20696
20428: 18248,17210,20445,17709,2738,15644
20429: 3042,3043,2834,2938,2937
20430: 16071,19863,17938,18494,11800
20431: 17542,15310,21010,18346,13654
20432: 18268,15984,16087,17522,21011,20665
20433: 18054,18186,17751,17730,11787,17791
20434: 20568,18419,16901,18482,18626,15423
20435: 16968,17079,20681,15121,20353,16243
20436: 3164,3165,3058,3059,20064,20776
20437: 20690,17500,17735,18235,18023
20438: 20410,14548,13691,17,15022
20439: 775,701,774,773,850,849
20440: 12259,6843,6730,6955,6956,14156
20441: 15108,18180,18349,19910,16640,20338
20442: 14461,14265,13156,17241,11679,16567
20443: 17951,18649,15506,20211,17450
20444: 12869,15926,20077,17750,16979,15563
20445: 18721,18248,20428,18708,2738,18182
20446: 75,16525,11992,13220,15110,20459
20447: 19606,21345,19691,18307,17991,16368
20448: 18830,18567,13638,18297,16609,16907
20449: 15215,17953,14571,17508,19481,17949
20450: 18360,18587,21391,15122,20692
20451: 12230,12246,14974,15139,4,16875,15065
20452: 18286,17909,20486,16656,16558,18654
20453: 19925,15124,12397,18980,16953
20454: 16303,19384,15051,12462,14953,17359
20455: 15547,20333,21285,19083,21378
20456: 14765,21446,16138,20402,13401,14756,6391
20457: 4810,4697,4698,20104,20830,4809
20458: 13843,16197,18166,17145,14649,18893
20459: 74,15708,13220,20446,73,15110
20460: 997,918,917,996,919,19894
20461: 14603,18981,20097,17197,16779,16361
20462: 4461,4462,20904,4349,4460,4350
20463: 21370,16456,19798,16533,18795
20464: 12651,20469,20319,18859
20465: 15245,16241,14689,14997,18878,17116
20466: 17798,14651,16021,19619,19976,20925
20467: 17303,15333,13418,19420,16408,16398
20468: 2052,20060,1957,20898,2053,1958
20469: 20464,17245,19062,17430
20470: 16733,14831,12819,15978,17471,18283
20471: 19391,18439,16261,20513,19769,18134
20472: 20282,18741,15191,16341,19405,13283
20473: 8285,19723,8069,8286,19122,13948
20474: 14513,15645,17182,13261,17350
20475: 14646,20125,20513,18134,13385,18933
20476: 17609,13399,19325,20607,21116,21146
20477: 13280,20523,16101,18810,18466
20478: 16421,18491,16953,18690,11803
20479: 18626,14025,20273,16901,20101
20480: 16225,16541,20551,14525,20108,20135
20481: 15245,15187,14641,19363,19042,17151
20482: 8710,14888,17096,17355,13444,14781
20483: 15049,19720,20573,19164,17501,17614
20484: 10259,10347,20099,10258,10346
20485: 15430,13063,12649,15239,13429,11893
20486: 20425,16191,17909,20452,16656
20487: 20777,19165,18035,17513,20788
20488: 15984,17522,17631,21360,16751,19374
20489: 19940,16015,14775,18785,18790,13665
20490: 16325,20556,18761,16020,13625
20491: 16544,19516,16139,20210,19876,18129
20492: 17836,18752,19443,17141
20493: 17245,18777,17371,14430,21312
20494: 18913,14899,13356,14547,19813,11957
20495: 20070,10538,10537,10621,10620,10453
20496: 19454,21124,13968,17412,16570,14954
20497: 13163,547,15853,19903,17036,16701
20498: 18891,19915,20529
20499: 17581,15498,17620,19283,20136,19821
20500: 17937,18109,14984,20356,20001,16411
20501: 15013,19712,18356,20532,19658
20502: 13400,18790,14616,17659,18785,19995
20503: 15057,11957,19687,18913,16767,18864
20504: 15306,18305,17202,14794,16443,19018
20505: 17793,14602,17784,19453,17749,18
20506: 16015,18836,17118,14775,18464
20507: 16477,17742,14718,17029,18892,12359
20508: 1476,1565,21046,1564,1475,1389
20509: 18054,20948,17751,18012,12356,15968
20510: 17041,20066,16523,18549,18973,15488
20511: 13475,12380,19999,12527,13442,17763
20512: 21222,16227,20327,14929,13536,19037
20513: 18134,20475,13385,20471,16261,20059
20514: 18792,20595,15706,13794,20277,16569
20515: 13160,18419,20273,19207,20606,16901
20516: 14204,17157,19406,18867,17539,15616
20517: 17205,14,15185,19747,20150
20518: 977,1055,18749,976,1136,1056
20519: 16478,4578,16858,16335,17999,21262
20520: 21012,19229,11589,20058,11590,11634
20521: 14278,11926,12626,20115,18836,14775
20522: 19212,17731,19451,17760
20523: 15042,13280,16416,19899,20477,18810
20524: 18383,20312,13750,18561,18774,16413
20525: 20065,17859,18321,14755,14825,20547
20526: 17867,16867,16292,19770,17831,18380,21204
20527: 18452,18745,20345,16515,11601,16494
20528: 13934,18350,20149,16776,12335
20529: 19915,18161,18627,17242,18891,20498
20530: 16740,13501,18565,14937,12851,13294
20531: 18072,20038,17936,14966,16075,18534
20532: 20501,18297,18356,19658,19686
20533: 14142,17122,14063,16221,12740
20534: 17769,18779,13541,20153,19530,17833
20535: 18910,18293
20536: 18618,14739,11714,21050,18664,14819
20537: 894,971,20143,895,896,972
20538: 19111,16623,16203,13704,19906,12310
20539: 13730,17726,16541,18575,20551
20540: 20095,18413,15937,18851,16083,12321
20541: 20246,18647,17086,21255,19582,19628
20542: 17277,18921,18974,18881,15752
20543: 19876,18407,17867,16867,18129,20572
20544: 15416,17313,13305,19478,13887
20545: 18543,15331,20074,18427,18506
20546: 16574,13606,18354,16302,19864,20598
20547: 14825,20119,21413,21072,20525,18321
20548: 14198,18096,19605,18515,15629
20549: 18918,20645,15086,21374
20550: 20237,12920,20239,17015,19890,18910
20551: 20480,17726,16541,20539,14525,17837
20552: 18242,20193,18166,21480,19627,21337
20553: 18511,14233,14240,18172,15621,18247
20554: 17277,18921,18788
20555: 8603,14250,14341,16322,18998,13296
20556: 16325,18316,16519,17571,16020,20490
20557: 11551,14370,14228,13414,21077,14289
20558: 20059,16732,16090,18599,14669
20559: 16238,18911,18423,18903,16274,17950
20560: 7744,7633,7743,7634,21184
20561: 13714,16808,15528,20643,18318,21238
20562: 18703,15294,16835,14786,18611,14852
20563: 14560,12290,17994,19941,18076
20564: 13284,17433,12291,14594,17110
20565: 17335,14763,17550,20568,17886
20566: 18361,11814,19191,21360,16154
20567: 20356,19861,18404,16498,18109,13707
20568: 18419,17886,20434,18482,20565
20569: 18640,20286,20101,18672,14025
20570: 20231,16035,14462,17549,13208,18558
20571: 12810,15945,9904,14392,15140,16224
20572: 4916,19745,19770,20543,16867,18129
20573: 20483,18262,15049,13315,17501,19875
20574: 14515,16655,18937,17287,16893,18915
20575: 17974,18509,16980,19491,18766
20576: 16803,20234,12388,16768,14978,12567
20577: 19687,16523,16510,18202,11747
20578: 20626,13364,18673,16344,16850,14701
20579: 14931,16333,12224,13624
20580: 15429,18532,18126,18699,20360
20581: 13781,15546,12584,12011,15096
20582: 18115,21331,16205,18332,20931
20583: 16922,18445,12869,17524,19510,19301
20584: 18348,16570,14954,18536,16972
20585: 16409,18930,17627,15142,19872
20586: 18543,21195,20045,18677,21173,10358,21123
20587: 507,573,574,19415,19968,18962
20588: 17887,16152,17630,20264,19741,21025
20589: 16388,21359,7515,7403,14855,7514
20590: 16688,14881,13358,21067,17647,17384
20591: 15613,16250,15754,14403,13514
20592: 18869,18366,16710,18355,15958,20242
20593: 10358,18401,15987,14872,16287
20594: 14645,18152,11891,18978,11967,18868
20595: 18792,20514,13362,14528,15268,13794
20596: 20386,8711,21213,18131,20330,16524
20597: 20153,14757,18329,13541,17856,19442
20598: 19864,18123,20020,16574,20546
20599: 19454,17307,16967,13968,12063,19322
20600: 19607,18991,15104,13526,17251,19147
20601: 18794,11792,18313,17779,19113,19587
20602: 16539,18088,19851,15098,18652
20603: 18690,14630,16403,11803,20203
20604: 16902,19149,15422,20118,20129
20605: 18955,18024,20736,20757,14510,16479
20606: 13160,20273,20515,17040
20607: 20476,13399,18527,19325,16215
20608: 13145,14116,15064,13729,18950,17478
20609: 15782,14095,15750,15781,17360,14305
20610: 12037,11979,4355,14479,12879,14218
20611: 20051,12820,16840,18433,17902
20612: 17229,17807,17658,18501,16290
20613: 14498,18900,21422,14501,17126,18151
20614: 17157,20372,16320,18953,16296,20367
20615: 18692,17007,17834,15006,16209,21044
20616: 4243,12701,15861,13780,13642
20617: 20982,15993,18509,16980,18394,20220
20618: 16793,17516,18518,19005,14772
20619: 12688,20823,18529,19751
20620: 12341,16040,19487,14773,21412,18581
20621: 345,290,291,239,20269,240
20622: 981,1059,20304,980,1058,979
20623: 16419,14736,14387,19972,13102,16604
20624: 15005,16422,18007,18206,19650,21500
20625: 18940,20710,18919,18330,18746
20626: 20578,13530,13364,16187,16344,20395
20627: 15884,20717,18993
20628: 13751,11002,15334,12597,14473
20629: 18319,16038,20293,18508,15144,18819
20630: 11557,19172,14908,13898,17843,19758
20631: 15426,11923,15372,11815,11808
20632: 16730,19271,18339,19568,17697,14744
20633: 16128,11917,19740,16078,14560,18076
20634: 14673,16239,17216,18359,19837
20635: 16214,15899,18308,17451,19061
20636: 832,17156,18676,18017,12562,16678
20637: 20121,19246,16129,17786,16093,19422
20638: 16268,12842,3804,14212,12342,3694
20639: 16590,12794,13818,20285,14453
20640: 18290,20157,20807,16399,20283,14743
20641: 16030,20331,17989,17847,17013,14541
20642: 13776,19958,18429,14,18208,20150
20643: 14952,20561,13714,15528,17092
20644: 18254,19015,18625,15356,12314
20645: 18918,20549,20716,15086,15860
20646: 14595,18440,16439,14691,13446
20647: 16944,15013,20951,16252,19721
20648: 18665,16827,12644,13723,15162,16626
20649: 16179,19373,21134,15073,18644
20650: 17277,18974,13160
20651: 19794,17813,20121,14707,18563
20652: 15215,20868,17670,17240,20958,19904
20653: 17339,16904,12662,15075,12381,5369
20654: 11294,11293,11353,11354,11230
20655: 18856,18092,19902,16249,12069
20656: 1942,1941,20340,2035,2036
20657: 17104,15843,14125,15091,14163,20388
20658: 16753,12399,21341,13519,14980,11878
20659: 20211,18987,17450,20667,19778,21323
20660: 19207,17886,17550,13159,18974,15752
20661: 13895,11912,6163,6162,15177,13061
20662: 6397,6170,6284,6396,6283,21317
20663: 5483,18178,19991,19785,16616
20664: 17430,15884,19031,19062
20665: 18268,16087,20432,17100,17734
20666: 17656,16315,18948,618,14854,19905
20667: 18602,18987,20659,15837,19778
20668: 20350,18689,16148,18939,15909,14598
20669: 16705,14604,18574,16673,16136
20670: 14481,15651,15366,16955,12892,20
20671: 17976,20171,20858,17906,17133,17875
20672: 1391,1390,1305,1304,1476,1477
20673: 20111,18116,15934,16816,16538,21291
20674: 14424,12390,12785,16991,20226,15472
20675: 19586,18041,20792,13268,20086
20676: 20303,19054,13,14436,15948
20677: 19575,13762,18980,16581,15124
20678: 14754,13371,16982,17265,21341,14980
20679: 18261,21051,20029,15088,19416,17981
20680: 21362,17188,19637,13159,18881,15752
20681: 18498,20435,15121,19496,17741,20353
20682: 15133,18706,16625,17064,18627,17242
20683: 7738,16584,16731,16531,14688,13299
20684: 17019,15127,19090,15019,16977
20685: 19514,21248,17939,19462,16332
20686: 16466,13709,14876,21493,18665,15023
20687: 207,15856,14768,17425,13477,15647
20688: 16395,19129,11452,12313,18503,20159
20689: 18387,20957,17487,19094
20690: 21013,20437,17735,16571,16127,18235
20691: 18445,18532,18699,16979,12869
20692: 15122,15395,20332,16908,20450,18587
20693: 14793,13354,16183,20335,17966
20694: 11502,14159,11448,11553,12954
20695: 15132,20178,16997,19172,18791,14908
20696: 16141,13474,19508,20427,17652
20697: 17435,20732,16149,14436
20698: 19094,17607,20957,17748,21384
20699: 20370,19101,17509,17476
20700: 19357,15840,17393,19056,20110
20701: 15902,19091,19092,20943
20702: 18472,18874,17478,15488,18950,11747
20703: 11824,19069,12627,18560,15527,16665
20704: 17476,16007,20811,20879,16014
20705: 18193,20284,15019,18173,20010,12650
20706: 19078,20800,16339,19162,21311
20707: 14553,909,18311,13673,18614,16773
20708: 12071,12476,19959,16200,20313
20709: 15559,16433,18641,12601,18582,21382
20710: 18940,20625,2944,17330,18330,14409
20711: 17502,19980,19978,19596,21499
20712: 19960,17686,19068,18169,15156,18884
20713: 12563,16603,13585,15741,21421,15024
20714: 14914,18608,18787,21131,20326
20715: 20802,19116,19979,17729,16076
20716: 21377,20645,19715,15860,17415,21391
20717: 15884,19299,21095,20627,19056,18993
20718: 19951,19942,20883,12352,17675,16103
20719: 12301,18019,17716,15941,18416
20720: 13302,12633,12557,19665,14307,16389
20721: 17492,19104,19115
20722: 18360,19064,18587,9523,19689,21153
20723: 13925,12585,14029,15188,12777
20724: 20130,16928,20164,18496,18460
20725: 13883,11795,20262,15286,15293,15167
20726: 15925,19444,19109,19245,21026
20727: 15988,17538,20956,19553,19302
20728: 19998,16363,19841,16395,12313
20729: 20769,14620,19995,16587,19988
20730: 13434,15342,11834,21341,11878,17265
20731: 12501,3805,12872,3695,13087,17134
20732: 17435,20697
20733: 20990,17468,19092,17704,21354
20734: 19127,17525,15925
20735: 13395,20833,21038,19124
20736: 20605,18955,15028,18024,20864,19982
20737: 15233,15092,13532,13510,20407
20738: 15974,19189,20905
20739: 17541,20802,16010,20780
20740: 14531,21407,17514,21037
20741: 17401,16727,8913,19179,8914,9018
20742: 15921,15987,14872,17721,16246,17941
20743: 14529,18288,17645,19453,17749,20033
20744: 18745,18334,16741,20345,18761,14822
20745: 18363,18303,15181,19992,12374,20369
20746: 20865,21038,19124
20747: 19360,18635,19127,17525,19178,16259
20748: 19145,19151
20749: 17479,14534,20839,20855,19141
20750: 17515,13618,19697,21243,15961
20751: 19750,13613,16536,19923
20752: 4798,4910,4911,5023,21415
20753: 13709,17863,18669,19844,12358,19609
20754: 19317,20765,21079,19085,21137
20755: 19100,17586,21084,21147
20756: 19131,21327,19655
20757: 20605,18024,19937,14510,19162
20758: 14520,18685,20266
20759: 19167,19170,21319
20760: 20961,13474,14655,16227,17934
20761: 17459,17929,17535,20955
20762: 14537,17733,21406,17561,21004
20763: 18375,15218,17387,14825,21072
20764: 16002,20848,19019,15837
20765: 19155,20754,21079
20766: 19167,20890,21319,19263,21336,19623
20767: 19185
20768: 14640,13286,19193,17479
20769: 17537,17494,14620,20729,19995,20281
20770: 18273,15361,18915,13347,12846
20771: 15916,20967
20772: 15111,13342,16738,14544,14563,17291
20773: 19193,17593,17479,20855
20774: 17559,19184,20945
20775: 19248,19212,17599,20861,21366,16047
20776: 3165,3059,3166,20436,21441,3060
20777: 20487,18035,18795,18604,18717,20788
20778: 19151,19793,19911,20785
20779: 19185,21004,19169,13340,19379
20780: 19195,20739,20013,16010
20781: 14013,12294,15726,14031,13481,14176
20782: 502,17268,568,503,569,439
20783: 19395,17584,16028,19221
20784: 19159,19055,16960,20332,16908
20785: 18080,19911,15938,17570,19151,20778
20786: 17574,16217,19210,19588
20787: 17595,21203,19211
20788: 16638,13322,18717,20777,20487,17513
20789: 20247,18891,20253,17064,18627
20790: 19132,19695,19547
20791: 13564,21164,19510,19140,19301
20792: 19586,20675,21368,14521,17560
20793: 21099,19348,15959,21209,20919
20794: 19171,20933
20795: 19188,19203
20796: 0,21052
20797: 19389,15891
20798: 15043,17553
20799: 16116,20978,19217,15973,20989
20800: 19078,19654,20706,17456
20801: 0,17526,15928,21008
20802: 19116,20715,17541,20739,18331,16010
20803: 17683,13318,19156,20359,15154,16836
20804: 11712,13049,14001,16686,12728,11739
20805: 19781,21446,21144,17791,17672,17730
20806: 18014,16464,18477,16493,18615,16251
20807: 18213,18290,15962,20640,14743
20808: 18564,18417,20185,18231,14634
20809: 15460,16968,17079,19353,18656
20810: 17798,17869,19619,14698,16327,19024
20811: 20970,19086,16007,20704,20879,19202
20812: 17537,17494,19973,19220,12309,19110
20813: 17562,20945,20854,19142,20949
20814: 20886,19243,17529,19194,19208
20815: 19251,19204
20816: 13354,17028,16349,21343,14867,13466
20817: 18583,15042,13615,16514,15075
20818: 21477,14037,15679,18860,18473
20819: 19187,17485,13608,14521,21368
20820: 17624,17574,19319
20821: 15060,16490,16981,13251,19640
20822: 19104,19115,14514,21384,19334
20823: 19115,18529,17795,20619
20824: 16469,20013,18167,16010,19118,19116
20825: 19241,21056,20901
20826: 17247,15189,11789,14748,15169
20827: 17758,19413,16067,19176,21075,20983
20828: 17786,16093,15989,18826,18934,17986,16311
20829: 18370,18101,19922,12397,20998
20830: 4922,4810,20457,4921,4809
20831: 19187,19634
20832: 20862,19218,20985
20833: 19244,20735,21101
20834: 18633,15397,18672,12071,16200
20835: 15718,13748,16796,12029,16468,12778
20836: 19470,987,16053,18900,21422,16269
20837: 17488,19258,20906,17638,20926
20838: 19263,17714,17552,19590,21486
20839: 14534,13340,20749,19160,20855
20840: 20169,16774,19981,13757,15071
20841: 19083,12956,13564
20842: 13332,19146,20892,21318,19300
20843: 18289,19407,18842,15939,14558,16899
20844: 18033,19214,21351,19720,19100,17614
20845: 16811,19265,21105
20846: 19284,21109,17586,21015
20847: 19165,20421,20873,19277,15910
20848: 16002,20764,17141,19019,21240,19157
20849: 16005,19382
20850: 19247,19912,19791,16526,16006
20851: 18872,16473,18614,18311,19432
20852: 16612,17645,16483,19642
20853: 15914,16864,19474,18767,15378
20854: 19168,17562,20813,20945,21229,19184
20855: 19169,13340,20749,20839,20773,17593
20856: 19784,17640,21068,21019,19418
20857: 17817,14921,17517,13563,16199,20243
20858: 17976,20171,20671,16282,16924,21188
20859: 19552,14519,17770,20296,19763,18315
20860: 17451,17489,20965,19061,17821
20861: 19248,19212,20775,20872
20862: 19226,17932,20832
20863: 19251,21117,12361,19204,21021
20864: 15402,15028,18024,19937,18003,20736
20865: 16058,20746,19754,19304
20866: 20991,16146,21176,19250,20986
20867: 17638,20926,19783,19233,17737,21020
20868: 15215,20652,17949,14652,18720,17240
20869: 10345,10257,10432,10258,10346
20870: 14731,16144,13450,19105,19405,18772
20871: 19242,20902
20872: 19248,20861
20873: 19277,15910,20847
20874: 19311,15379,21458,20170
20875: 12743,12917,14365,14676,13897
20876: 14869,11829,18457,12732,17273
20877: 15554,14810,14888,13521,18436,17355
20878: 11001,20929,17925,15999,21163,19457
20879: 19086,15938,20811,20704,17570
20880: 14034,15900,17113,14232,2841,21298
20881: 17543,15961,19222,19556,21355
20882: 17705,21197,19660
20883: 19942,20718,18171,19529,15962,16103
20884: 16392,16652,14862,20169,19981,18447
20885: 19243,19194,14505
20886: 17529,20814,15910,17551
20887: 19221,21171
20888: 18623,16367,14605,17894,16178,18371
20889: 19257,20896,21071
20890: 19167,20766,21336
20891: 19975,17646,19271,19568
20892: 13332,21028,20903,20842,19782,19300
20893: 18403,18407,15285,19685,14675
20894: 19323,21002
20895: 10538,10454,10452,10453,10368,10367
20896: 19257,16013,20889,17554
20897: 20907,19320,21074,16169
20898: 1864,1863,1957,20468,1959,1958
20899: 8604,16316,14264,12492,16766,19804
20900: 487,14887,12676,13010,14214,15012
20901: 16133,19921,20825,19241,21056,17651
20902: 19242,21000,20913,17703,20871
20903: 13332,21412,18581,20892,19782
20904: 4461,4574,20462,4460,4573
20905: 20738,19189,15975
20906: 17488,19228,20837,17638,17617,20946
20907: 16105,19320,19294,20897,20914
20908: 17653,18238,19333,19272
20909: 19377,19398,19350
20910: 19351,17739,21008
20911: 15420,18482,21489,14763,14911
20912: 18636,16341,16909,15191,13763
20913: 20902,15996,21000,16177,17703
20914: 16105,20907,19294,16384,21183,21313
20915: 16469,18787,19118,21131,18316
20916: 11801,12562,15878,16678,12013,757
20917: 18921,18881,17188,18788,17422
20918: 19747,17304,19629,15564,18292,12654
20919: 17536,19342,15959,21113,20793
20920: 17610,17857,19224,19475
20921: 17642,20081,19926,15143,20988
20922: 17760,19336,18410,19829,17934
20923: 14656,18535,16528,20034,16465,18963
20924: 13789,12193,13029,14093,10446
20925: 19224,21093,20466,14651,16021
20926: 17638,17737,20867,21416,20837,19258
20927: 14483,16945,158,14844,13226
20928: 19535,19309,17703
20929: 17559,11001,20878,19315,15999
20930: 19776,20022,14533,18132
20931: 18617,14732,20582,18332
20932: 19131,21327,21395,19238,14967,15966
20933: 20794,19171,21082,16079
20934: 16654,696,626,557,558
20935: 14903,16251,18124,19909,19670
20936: 14563,16646,12301,12391,18019,16461
20937: 14715,20204,16843,14706,13374,17910
20938: 485,11791,17230,14591,15485,17142
20939: 19101,17509,19125,17518,19949,21125
20940: 17689,21098,19286,20987
20941: 17739,15928,19246,19422
20942: 19864,20020,21219,18373,19699
20943: 19092,21354,20701,19091,19649
20944: 19154,17717,19287,17691,21078
20945: 20813,20854,20774,19184
20946: 14533,19215,17617,19228,20906
20947: 19264,21114,20985,19377
20948: 20509,14618,17751,16329,20308,15968
20949: 19142,16160,17562,20813,17679
20950: 11440,11494,11546,18243,11495
20951: 16944,15013,20647,18356,16609
20952: 20073,18819,18508,17979,11856
20953: 18692,15506,17007,19274,13151
20954: 12646,11888,14186,11949,13945,14059
20955: 19239,19154,20761,17929,21191,17535
20956: 19553,17538,20727
20957: 20689,20698,17748
20958: 12318,20084,17793,19904,20652,17670
20959: 18807,14696,16242,18250,15054,16801
20960: 10089,14253,16856,11885,15970
20961: 13474,20760,17731,19508,18410,17934
20962: 4457,18744,4458,4569,4570
20963: 18525,21281,19730,18691,12463,20197
20964: 20021,18840,15172,18107,19856
20965: 17639,17451,19084,17489,20860
20966: 19293,16088,16190,21363
20967: 19332,15916,20771
20968: 20996,17930,21288,21209,13411,19348
20969: 19376,19412
20970: 16007,20811,19202,18106,17518,20230
20971: 16094,17624,19357,15840,19319
20972: 21045,21372,17801,16168,21016
20973: 19359,16192,19563,21276
20974: 14689,17331,17349,15241,11715,17060
20975: 19260,17467,17463,21443,19280
20976: 20054,19150,17568,21128
20977: 17585,20013,18167,19195,19369
20978: 16116,17611,20799,20989,19326
20979: 15891,17633,19273,19285,19174
20980: 16151,21201,19341,21127,17666,21106
20981: 17595,17710,13419,19472,19350
20982: 13982,19150,17568,20617,15993,20220
20983: 17758,19176,20827
20984: 14489,15653,16099,14575,19276
20985: 20832,19218,19264,20947
20986: 19250,21162,20866,16146,19272
20987: 19675,16104,19891,19286,20940
20988: 17642,15143,20921,19307
20989: 20201,19326,20268,19217,20978,20799
20990: 17468,17704,20733,14626
20991: 19381,20866,19362
20992: 17802,20313,21111,12476,19392
20993: 19269,15844,17418,21323,17364
20994: 15940,17636,19290,19571,21073,21411
20995: 18374,17557,19160,19379,17733
20996: 17930,20968,21132,20031,13411,18093
20997: 15056,15129,13690,16645,20180
20998: 18370,19922,20829,19983,18758,14574
20999: 14590,21106,17669,21024
21000: 19242,19289,20902,17664,20913
21001: 14621,21301
21002: 19323,14640,19383,20894
21003: 21244,19358,21169,16160
21004: 19185,17561,20779,19379,20762
21005: 19158,17808,19382,15924,19372
21006: 19389,18263
21007: 21267,19543,20305,19574,19394,21057
21008: 17739,20910,15928,20801
21009: 19317,15923,15963,17688,20000
21010: 12318,17784,15310,20431,15991,13654
21011: 14570,16154,16087,17522,20432
21012: 11588,11632,20520,19229,11589,11540
21013: 20690,17735,14572,18466,16571
21014: 19529,13277,21442,12361,19942,16024
21015: 17586,21084,19962,20846,21109,19240
21016: 17646,20972,16168,19568
21017: 19332,17691,21078,17636,19571
21018: 19149,15422,18506,21048,17544
21019: 19784,20856,19225,19418,19774,21217
21020: 17638,16091,19233,20867,17617,19095
21021: 19304,21089,20863,12361,16024
21022: 18266,20238,17813,19340,16129,13457
21023: 21241,19368
21024: 19395,17669,19380,20999
21025: 19783,19233,14709,16152,17630,20588
21026: 15925,19444,20726
21027: 13234,16340,16872,13511,15153,18343
21028: 20892,19782,307,17684,19300
21029: 19430,21042,308,21092
21030: 19196,19669,17591,19291,16063,21192
21031: 19767,19408,16088,19511,21363
21032: 14115,11281,11282,11218,11219
21033: 16013,19366,17528
21034: 19409,21041,17755
21035: 17836,21324
21036: 19351,19307,17739,19340,13457
21037: 14531,20740
21038: 19281,20746,13395,20735,19124
21039: 19359
21040: 17774,17787,307,21172,19370
21041: 19409,16063,21208,21192,21034
21042: 19430,20245,21029,308,17606
21043: 21104,15997,19425,19437,21140
21044: 18000,14101,15006,18692,20615,20382
21045: 20972,15924,21372,17801
21046: 1566,1476,1477,1565,20508,1564
21047: 12482,6616,6503,6389,12016
21048: 16947,18506,12818,17544,21018
21049: 12332,12851,17928,13320,13294,15521
21050: 11714,20536,18236,14819,16254,21466
21051: 20029,20679,14779,19416,16211,18362
21052: 0,20796,19186,19975,18340
21053: 17574,19210,16081,21264
21054: 18087,19369,21085
21055: 16469,18167,14617,18316,17571
21056: 20825,20901,19401,17651
21057: 19394,19461,21267,21007
21058: 16598,16499,12824,18619,15056,15063
21059: 11847,21448,11337,14782
21060: 19358,21218,21169,14782,11847
21061: 2834,2732,2835,2937,2731,2833
21062: 16067,19176,13441,19305,17592,17470
21063: 19410,20114
21064: 19462,17719,19424,17865
21065: 19448,16295,21142
21066: 14860,21166,17760,19336,21165
21067: 20590,16688,14881,14667,18878,16253
21068: 17640,20856,21473,16106,19418
21069: 16255,17859,17684,19608,19782
21070: 13501,16586,14778,21460,18477,20352
21071: 19257,20889,19461,21267,12464
21072: 14825,20119,20547,20763,17387
21073: 19290,20994,17569,16041,21411
21074: 19320,20897,17718,19289,17664
21075: 17758,19413,20827,19650,21500,19410
21076: 13198,12004,11141,18008,12886,11210
21077: 11501,13414,20557,14289,12218
21078: 17691,21017,20944,19287,19571,19308
21079: 19155,19317,15923,20754,20765,21410
21080: 19362,17794,12476,19392
21081: 17820,19385,19822,21497,19683,17780
21082: 19171,20933,16079,19339,21274,14633
21083: 18449,15094,13513,18211,18678,13901
21084: 20755,17586,21015,15936,19962,21147
21085: 18087,15973,21054,20276
21086: 19264,16260,21114,12350,21170
21087: 16324,18128,21439,18058
21088: 15967,19441,17710,19472,12383
21089: 19754,21021,17527,17588,16024
21090: 19464,17752,19520,21167,15982
21091: 17804
21092: 19444,21029,308,17849
21093: 17857,19224,20925,16882,20351,14651
21094: 20398,15502,18595,13718,16745
21095: 21286,19299,20717,19161,17393,19056
21096: 19158,21136,19312,17569
21097: 19366,14532,17528,15014
21098: 17689,20940,19439,14659
21099: 19450,19166,20793,19348
21100: 19467,14902,21208,21396
21101: 14643,19244,19599,20833,19910
21102: 16882,19326,20152,17857,19475
21103: 16338,15970,15945,12041,17316,13949
21104: 21476,21043,15997,19577
21105: 16057,20845
21106: 20999,20980,16151
21107: 1321,1322,15196,15606,1237,1323
21108: 18808,19041,17075,18831,2
21109: 19284,17649,20846,21015,19240
21110: 16055,17606,14614,20245,12861,19704
21111: 18448,17802,20992,19392
21112: 17706,16098,16242,18697,15054
21113: 15959,19915,16198,18161,20919,19342
21114: 16260,21178,20947,21086,19377,19398
21115: 18022,19499,17932,21139
21116: 20476,19325,16125,16045,12350
21117: 19251,16190,20863,19469,12361,13277
21118: 8808,8703,8702,8701,8596,8595
21119: 11830,19514,17865
21120: 16765,15304,17350,16317,14638,13261
21121: 18755,18170,12335,18751,15956
21122: 13718,16422,18007,17086,19582,15502
21123: 10358,16287,18677,20586,15360
21124: 20215,15438,13968,20496,17412,17648
21125: 19125,19949,20939,15630,17168
21126: 16186,14581,18009,15913,20087
21127: 19273,20980,21201,17666
21128: 19390,17832,21135,17568,20976
21129: 14740,19413,19650,18027,15005
21130: 19435,17955,19594,19865
21131: 19118,16076,20326,20714,18787,20915
21132: 15375,16900,20031,20996,18698,18093
21133: 15732,17298,19322,16967,12830
21134: 17704,19327,19330,19373,20649
21135: 17725,17832,21128,19482,14507
21136: 19158,18,17808,19312,21096
21137: 17819,19085,20754
21138: 16838,17893
21139: 19226,17932,21115,19499,17641
21140: 17774,19425,19480,21043,15997,19483
21141: 19170,14532,14984,17995,19581
21142: 19465,17820,21497,19448,21065
21143: 16321,17179,18835,20289,15127
21144: 19781,21446,19633,16138,20805
21145: 16902,19149,17470,19103
21146: 20476,17609,12350,21170,19678
21147: 15936,19164,17614,20755,21084
21148: 17725,17720,19482,19852
21149: 12826,12969,13833,17754,12052,14222
21150: 17889,18036,18373,19485
21151: 18711,16853,17498,15621,18247
21152: 5710,18603,18379,14961,20034
21153: 18593,9523,20722,18587,16908
21154: 16028,17572,21194,19873,19175
21155: 14702,16818,13424,11889,16970,15432
21156: 15190,16092,17073,15692,15721
21157: 19393,19324,21177,16231,19496,21216,17741
21158: 16706,14381,20411,15798,16307
21159: 18072,16394,13839,13638,20182
21160: 16463,19396,13607,15068
21161: 16703,17254,16951,18655,17423,16282
21162: 19250,17653,19616,20986,19272
21163: 19457,19592,20878,17925,21181
21164: 13564,20791,17397,19510,14857
21165: 14860,19834,19336,18217,21066
21166: 14860,21066,19451
21167: 19464,21090,15982,20079,20164,6844
21168: 19533,16677,19701
21169: 21244,19358,19544,21003,21060,21218
21170: 17788,16260,12350,21086,19678,21146
21171: 19639,19221,17540,20887
21172: 17774,19425,21040
21173: 18677,18506,12818,18543,20586
21174: 18767,18496,19144,15378
21175: 14100,12858,12796,16172,15691
21176: 19381,20866,17803,19250,19668
21177: 17804,19393,19114,21157,16231,21224
21178: 16260,21114,19398,15967,19472
21179: 17819,19506,19497,19710
21180: 20009,14492,17752,19520
21181: 19727,19532,21163,19592
21182: 17855,15304,16034,11797,13326
21183: 19526,19565,19748,20914,16384
21184: 7744,7634,7745,20560,7854,7635
21185: 110,111,12232,12150,152,13209
21186: 16597,18099,19746,18296,20049
21187: 18979,15082,16551,13359,14631
21188: 17976,18655,20858,16282,16223,18444
21189: 20088,16509,15062,12432,13759,19636
21190: 12077,18857,14026,13090,14046
21191: 17929,19114,19564,20955,21353
21192: 19409,16063,21041,19196,21030
21193: 20282,18741,17881,19270,16177,19762
21194: 17769,21154,16028,17572,19380,18779
21195: 18543,19466,15331,20586,20045
21196: 19515,17985,17767,21476,16080
21197: 19539,20882
21198: 13717,16436,21348,16685,19843,16534
21199: 11986,13047,13754,12782
21200: 14297,7846,7625,14154,14487,15825
21201: 20980,19341,21127,12306
21202: 17955,19566,21221,14938
21203: 13419,21416,20787,17737
21204: 15027,21227,18380,16491,20526,16292
21205: 19447,19210,16081,14815,20134
21206: 19412,14704,12861,18517,20245
21207: 20002,19554,18001
21208: 19467,14902,16063,21041,21100
21209: 21288,20968,21459,15959,20793,19348
21210: 16214,18733,17779,19587,14694,16777
21211: 11830
21212: 19450,13411,17698,20056,18093
21213: 15150,20418,18131,20386,20596,21291
21214: 18486,16504,13474,14655
21215: 21449,20183,19310,15166,14644,20413
21216: 19376,19412,14704,16231,19496,21157
21217: 19418,20222,19774,19739,21019
21218: 19544,17828,21060,21169,19436,14782
21219: 20942,19767,20020,18373,19485
21220: 17915,19513
21221: 19566,21202,19612,14938,21234
21222: 20512,14983,14929,13536,20301,19918
21223: 16719,19004,11758,16460,18884,15503
21224: 17459,17929,17804,19114,21177
21225: 17943,14000,19565,18467,20117
21226: 19579,21258,12451,17988,19764
21227: 18095,18380,16491,21204,16442
21228: 13826,19527,17197,16779,20334,16372
21229: 19168,17562,14549,18079,20854
21230: 19535,19832
21231: 19196,19551,19409,16192,17755
21232: 19566,19588
21233: 344,345,402,403,346
21234: 19612,21277,16217,19588,21221
21235: 16429,19394,17026,19574,18649,21251
21236: 12476,17803,19959,19423,19381,17794
21237: 21396,17868
21238: 13360,16243,18255,20561,13714,18318
21239: 5141,14208,15785,12062,12966,13309
21240: 19019,19269,15844,20848,19157
21241: 21023,19368,19360
21242: 17766,15967,20103,14674,19441,17788
21243: 19555,17515,13618,20750,17963
21244: 19544,21003,21169,19572,16160
21245: 12340,18720,11769,16297
21246: 17204,15536,17504,13870,18164
21247: 19149,19103,19771,14542,17544
21248: 19514,17915,20685,14894,16332
21249: 17127,18833,18699,16979,14036
21250: 11927,16822,15799,17187,14152
21251: 17951,18649,17834,21235,19574
21252: 19773,19580,21338
21253: 15683,15149,15158,13172,13645
21254: 14883,16421,18491,19691,18098
21255: 16445,21295,21278,19582,19628,20541
21256: 11406,18917,17840,11349,11407
21257: 15227,18268,12307,17100,17827
21258: 21226,12451
21259: 21297,19238,17503,19705,20092,14967
21260: 8172,8280,16919,8388,19177
21261: 17987,19593,20085,13671,20078
21262: 17999,16078,18609,16335,20519
21263: 17618,20314,18625,19907,17810
21264: 21053,19319,19216,19357
21265: 14490,19821,17483,19717,20389,19283
21266: 15915,19468,19334,14514,19484
21267: 19543,12464,21007,21057,19461,21071
21268: 16427,14737,17403,21472,14882,13266
21269: 711,641,639,710,572,640
21270: 17567,19479,12408,18574,19266
21271: 16811,17985,19613
21272: 18747,14326,17308,20330,16524,18296
21273: 19881,19243,17529,18405,20195
21274: 19339,16021,17563,14633,21082
21275: 16226,19811,17885,12636,14705
21276: 19359,19563,20973,19601
21277: 17984,19612,21234,16217,19447
21278: 16445,21255,19628
21279: 507,443,19415,383,384,444
21280: 6500,6388,6501,6615,6614,12145
21281: 20963,18402,16861,18525,18691
21282: 16368,21338,17960
21283: 14093,10274,18105,10361,10275
21284: 17806,18635,19640,16259,13301
21285: 20455,18776,20333,21349,14410,21378
21286: 19299,19035,19161,21095,13199
21287: 19401,19329,12407,19495,17651
21288: 17930,21209,20968,19698,19356,21459
21289: 19132,19547,18073,14577,19302
21290: 11294,11230,11163,11164,11231
21291: 20386,16538,18149,20418,21213,20673
21292: 12733,17198,18956,14685,15536,15130
21293: 18546,19239,19458,17717,19338
21294: 18005,19679,19743,21306,14527
21295: 16445,20114,18206,21255,19582,18007
21296: 17806,19601,19640,18015,16490
21297: 17920,17503,18031,18748,19705,21259,12632
21298: 2841,12571,16849,14232,20880
21299: 19639,19497
21300: 19648,18033,21339
21301: 19329,21001,14621,19248,16047
21302: 7845,7953,7844,7954,8063,8064
21303: 19554,12588
21304: 12588,17944,19641,19658,16405
21305: 19466,20377,19187,13608,19634
21306: 18005,19645,21294
21307: 19621,17713,19612,14938,21444
21308: 19727,16520,21389
21309: 17621,12365,17486,19643,15958,20344
21310: 8806,8700,8594,8595,8701
21311: 17942,16339,20706,17456
21312: 19031,14430,19062,17245,20493
21313: 19526,16105,20914
21314: 19593,16869,18450,20089,20191
21315: 19688,16535,19858,21335,21390
21316: 15043,19744
21317: 6283,6282,6169,6056,6170,20662
21318: 13332,19146,17555,20842,19323,19383
21319: 19170,17995,19167,20759,20766,19623
21320: 18082,21388
21321: 15321,19025,15090,17004,13118
21322: 18689,18888,12341,16148,16040
21323: 19778,20993,17450,20659,19183
21324: 17836,19443,19507,21334,21035
21325: 19375,19334,15939,17607,19407,19468
21326: 19589,14723,16402,19647,20358
21327: 19131,20756,20932,19655,21395
21328: 14904,20367,20025,17835,16320
21329: 18663,15082,16551,16536,18083,19923
21330: 11843,16165,12815,11073,12755,12564
21331: 20582,16205,17663,16180,12486
21332: 16537,18062,19757,19653,19672
21333: 18622,15980,16846,13241,14666,18494
21334: 19443,18953,19507,21324,16296,21431
21335: 19688,19680,19858,21315,21339
21336: 19263,15957,20890,20766
21337: 10773,19627,18430,21480,16191,20552
21338: 21282,16368,19580,21252
21339: 16489,21300,19680,21335
21340: 18836,17118,20115,16474,18367
21341: 20658,14980,11878,20730,20678,17265
21342: 21458,17715,19757,19672,18078
21343: 16349,18133,16183,20816,13354
21344: 10451,10536,10366,10537,10452
21345: 20014,19606,20447,17960
21346: 19675
21347: 17603,6053,5826,5939,5940
21348: 16685,21198,16534,18780,19758
21349: 21285,14410,17875,20171,21378
21350: 3369,3156,11773,12859,15607,12897
21351: 18033,16489,20844,18075,19720
21352: 18286,14995,17909,20363,14910,20265
21353: 18546,19239,21191,12292
21354: 19092,20733,20943,19327,19649
21355: 14981,20014,18227,17543,20881,19556
21356: 15342,16052,16983,18045,12723,21403,17300
21357: 19310,16233,19785,19913,15166
21358: 17064,17066,18776,20333,18706,20253
21359: 16388,7404,20589,7403,7291
21360: 20566,11814,17631,17522,20488
21361: 16533,20421,21373,19798,19277,18050
21362: 9810,19637,20680,15920,20131,13159
21363: 19469,21031,20966,16088,19511
21364: 11640,15399,11639,12808,11680,12188
21365: 16703,17330,17254,15656,14409
21366: 17599,20775,20427,16047,12443
21367: 18115,18693,16205,13531
21368: 18041,19093,20792,20819,14521
21369: 19260,18406,21443,20168,20009,16828
21370: 20463,19318,16059,18604,18795
21371: 19824,19579,5483,19764
21372: 19709,21045,20972
21373: 19711,17649,19798,18050,21361
21374: 19737,18099,20549
21375: 15859,17435,18300,19926
21376: 16537,19696
21377: 18918,20716,19715,16563
21378: 19083,17397,20455,21349,21285
21379: 19389,17690,15891,19174
21380: 18032,19726,21423,20394
21381: 18094,18022,16252,21437
21382: 18582,16592,18736,18265,20709
21383: 11935,16839,18705,13972,17099,17380
21384: 19104,17748,20822,20698,19334,17607
21385: 14813,19603,17948,19174,19522
21386: 12588,19641,19671,19093
21387: 19654,12655
21388: 18082,19681,19591,4916,21320
21389: 19727,16520,21308,21455,19424,19652
21390: 16535,16845,21315,20176,18584
21391: 20450,17415,20716,19715,15122
21392: 18059,21433,13680,19833
21393: 18153,18529,19737,16597
21394: 19137,17515
21395: 17942,20017,19238,20932,21327
21396: 21237,19471,17868,21100,19531
21397: 19591,19770,17831,17988,20030
21398: 16565,20005,18086,19703
21399: 16295,18006,20336,14633,19171
21400: 16475,16799
21401: 15111,11338,12410,17264,18768,12391
21402: 15975,17553,19661,19973,19618
21403: 12723,17681,10528,21356,17300,12708
21404: 16038,18416,20256,11454
21405: 18360,17415,19020,19064,19777
21406: 20762,19203,20072,14537,19188
21407: 14531,19429,19990,20740,11742,21461
21408: 19679,15402,18003,12655
21409: 19435,19738,16596,19865,18120
21410: 19155,15923,21079,16476,19832
21411: 16041,15940,20994,21073
21412: 13332,17555,20903,18888,20620,16040
21413: 14773,16162,20547,18321,19487
21414: 17490,18070,19857
21415: 4909,4910,5022,5023,20752
21416: 21203,19211,20926,17737,19258
21417: 16950,14987,14553,17272,19494
21418: 12590,19977,19724,16539,18652
21419: 18032,16474,18039,19661,19744
21420: 13716,15445,18812,17097,16414,20018
21421: 15741,19235,17852,15024,20713
21422: 16053,11811,18900,20613,20836,18151
21423: 21380,19726,19030,17422
21424: 12512,19485
21425: 20003,19806,16596,18120,18160
21426: 18150,20176,19759,18584,19825
21427: 15648,12026,11827,5142,17029,13290
21428: 17937,15952,16626,18667,16466
21429: 12365,16259,17486,19178
21430: 12179,14353,14218,11921,12865,12037
21431: 12590,19653,19724,19507,21334
21432: 12012,19694
21433: 19701,17956,21392,19797,19833
21434: 15848,13634,17128,20299,15372
21435: 17750,1949,16223,18645,17295,20077,20216
21436: 16057,17573,14505,20195
21437: 21381,18022,16252,19499,19647
21438: 9118,9015,9016,8912,9117
21439: 18128,19750,21087,18058,19929
21440: 18104,15122,19715,19796
21441: 3167,3060,3166,20776,3273
21442: 19529,13277,19511,17738,21014
21443: 19260,14492,20975,21369,20009
21444: 21307,17713,14938,19594
21445: 15047,16918,17301,13556,14720,15455
21446: 14765,21144,16138,20805,20456,17791
21447: 17849,16055,19651,17606,308
21448: 19683,17882,11337,14782,21059
21449: 19719,19660,21215,20183,19310
21450: 11793,16733,14831,16163
21451: 17801,18530,19372,20378
21452: 16565,18086,19330,20210,15073,16544
21453: 18700,13279,13437,12314,16521,19015
21454: 13199,17440,18190,16719,18492
21455: 19727,21389,13622,18060,19652
21456: 19428,16314,21471,17963,19645,14527
21457: 20095,18283,14697,18851,16733,16212
21458: 15379,20874,17715,21342,19757,19696
21459: 21288,21209,19356,15959,16198
21460: 16740,14788,13501,21070,14845,14778
21461: 19126,20003,11742,16564,19429,21407
21462: 12102,16176,14453,14276,15789,14974
21463: 17983,19831,16381
21464: 18036,19699,17996,19657
21465: 19695,19547,18073,16290,19702,17807
21466: 18284,21050,18236,16254,12376
21467: 18700,13437,13383,17968,17078,14698
21468: 18523,18664,17564,14819,17692
21469: 550,13584,18551,16294,17897,19669
21470: 14914,18763,18852,16325,13625
21471: 21456,16314,18257,19743,14527,20053
21472: 19815,16427,13266,21268,16167
21473: 16613,19776,18132,16106,21068
21474: 17481,1671,16987,16711
21475: 847,923,922,845,846
21476: 21104,16080,19515,21196,17892
21477: 18049,15679,15873,20818,18473,12884
21478: 19580,14944,14883,19691,17991
21479: 18154,19785,19539
21480: 14649,18430,18507,20552,18166,21337
21481: 12514,17724,15282,13749,16515
21482: 19223,19290,19452,17569,19312
21483: 19773,14944,19203,16018
21484: 19793,12651
21485: 978,979,1057,903,902,980
21486: 20838,17714,19590,14659,20205,19545
21487: 18112,13606,16997,18354,16685
21488: 18216
21489: 12877,15420,20911,18588,18482
21490: 5036,5035,5149,5148,4922
21491: 19611,17960
21492: 19561,19912,19603,17948,19656
21493: 20686,14876,15023,16778
21494: 19838,18201
21495: 378,502,438,379,440,439
21496: 16565,20210,18082,4916,19745
21497: 19465,17820,19385,21142,21081
21498: 16961,16056,18224,16552,18237,13777
21499: 20711,19978,19596,19096,20145,18326
21500: 19650,21075,18206,19410,20624
21501: 19830,18180
21502: 15018,12467,19518,15022,18552