0: 3512,2059,1057,1126,2166,2601
2: 2813,457,650,2715,968,2936
3: 1116,3929,3412,2185,569,3232,1696
4: 3809,3574,3392,749,1698,180
5: 2311,1681,3519,3798,915,2096
6: 3802,3514,1889,1270,3648,2959,1861
7: 1568,3008,1495,2497,3811,3451
8: 3460,3819,2125,2682,1572,59
9: 2451,967,1482,3850,1639,3235,1542,519
10: 2033,2210,3956,3298,1089,980
11: 4034,1962,3220,1642,1180,2354
12: 434,4077,592,857,2892,1592,608,2745,2687
13: 4083,708,3141,3825,1286,2030,389,628,3099
14: 2928,3288,4085,1688,3345,1052
15: 2279,2834,725,3379,3787,1506
16: 672,3656,3476,460,1938,4092,2159,1762,525,3760,583,1692
17: 3515,4094,1113,2466,1066,1835
18: 3189,3450,2137,4095,1550,1278,1975,2522,142
19: 537,3465,2065,3696,2025,2971,699,4096
20: 203,522,2958,1227,3936,301,2771,2202,216,1553
21: 3126,867,3395,1995,2101,2164,3110,433,2369,1560,594
22: 2143,253,922,3032,2309,3953
23: 2014,3168,155,1390,3411,2994
24: 850,2316,2100,1908,2508,1181,3353,3150,448
25: 3340,2268,1158,4011,3855,2165,3047,1774,814,1940,2341
26: 187,3791,1599,2215,1108,3896
27: 2015,3911,694,1846,2167,3448
28: 1508,3920,2759,1366,2077,1419
29: 819,1841,1745,3958,3084,2919,3851,3355,311
30: 3133,1422,784,3949,1455,848,3993
31: 544,1430,3203,1362,1148,3141,4007,3765,3600,462
32: 1146,2960,303,720,3121,4023
33: 769,1325,1657,2122,3577,808,2506,2662,367,1695,4035,2320
34: 489,2591,325,853,4051,1628
35: 1498,1806,3440,2955,3885,1453,3031
36: 1973,1634,3941,152,4070,403
37: 2824,1900,2998,2561,363,4072
38: 3815,1094,3327,1744,4075,4059,2196,1003
39: 3893,1265,1913,2248,1674,2619
40: 2531,1555,3700,3674
41: 2403,3217,1728,3902,2969,1357,842
42: 2428,3274,3208,1638,510,2161,954,3105,2995,1418
43: 119,674,3079,3578,944,1539,343
44: 3608,1776,1686,2789,804
45: 3697,3373,3722,345,2741,2480,3979,1771,3551
46: 477,2208,3553,1090,2818,3863
47: 3901,1368,2146,1924,2287,2917,2687
48: 2600,1438,313,933,3939,2288,1971,757
49: 1423,3769,322,3114,2914,1537,4004,3279,1988,4063,2447
50: 3422,1472,977,3043,3236,4009
51: 1554,2134,1277,450,3527,2541
52: 807,3102,4037,1653,2051,2236,2438,1429
53: 1914,4061,3071,3945,2703,2543
54: 2426,74,2088,4074,3275,3992
55: 2958,1227,1260,1317,3936,301,3783,1549,1802,4076
56: 3960,1087,4081,621,479,1334
57: 3444,1508,3920,3400,3999,4088
58: 843,3467,2050,2071,1819,869,3570,3686,1157,2968,1088,3023
59: 1631,1572,2614,2125,2099,8,952
60: 316,1195,3063,3632,1813,1063,3350,3021,1626,2148,1792,2171
61: 532,551,640,226,2671,1727
62: 2803,3428,3415,1534,2475,499
63: 3449,3361,1756,2437,2413,2344,1724
64: 1328,951,2636,3082,3670,3222
65: 2473,98,3987,3730,964,1244
66: 3118,2641,3801,2858,1253,3890,2774,3049
67: 347,3807,1816,2302,2761,3313
68: 2429,3498,3845,927
69: 1598,3873,2112,1963,2396,4040
70: 3909,509,3164,3705,1969,1723,2724,2979,441
71: 1071,1076,746,3914,3664,1702,3862,3218,1718
72: 722,2079,1131,3923,1797,2069,3698,629,3761
73: 2960,1965,1976,1811,3969,3371
74: 2747,1977,2426,54,1369,4074
75: 4020,1772,1006,3641,1237,1562
76: 1097,3251,4022,723,2188,3125
77: 2755,3016,1389,2733,3677,719,3162,2060,1829,908
78: 1644,2007,2402,2082,2760,3775
79: 864,3635,3178,3086,3701,2255
80: 1607,3439,850,2316,534,2100,1908,2021
81: 3593,1299,3386,1858,3090,2271
82: 3646,2717,1048,1748,197,1781
83: 3680,2789,963
84: 540,3726,1939,752,3374,1273
85: 446,1020,1458,2337,2374,3793
86: 4054,2983,3870,811,3409,992,1209,2205,1984,2560,1398
87: 1421,3197,3897,3263,1228,2986
88: 2686,1321,3583,1830,3573,2805,3972,1254
89: 3153,1561,1447,780,2073,2027,971,1211,3978,2487,826
90: 1132,2639,3780,3997,2157,245
91: 1699,981,3960,3457,4002,2640
92: 3000,212,1502,2571,3924,1280,1303,2228
93: 4015,3013,2416,2430,863,2677,2568,940
94: 4048,3742,3430,4005,3755,1517,3792,1581
95: 419,2748,1576,4073,2147,2488
96: 946,2184
97: 905,2407,1707,2187,2291,4057
98: 65,3134,618,2473,3987,3894
99: 3927,1883,2683,2606,3095,2586
100: 2953,3959,830,3103,505,3455
101: 199,2387,1659,3547,1322,896,1384,2156,3024,2949
102: 3153,3334,3926,1561,3074,2235,1085,1212,1279,3362,206,2170
103: 2594,1850,3101,3408,2563,2048,4005,1583,498,3206
104: 1794,3844,3832,2711,3199,2393
105: 2253,3767,1531,2081,3238,3017
106: 4024,3280,3543,1487,1953,2804,2556,2523,2906,2272,3148,1490
107: 336,1442,3443,1444,1986,2976,2540,3312,3520,2449,2117
108: 1614,3437,1503,1907,1486,3315,2715
109: 3523,836,847,2219,483,3737,3657,3693,2329
110: 2038,657,3364,260,1277,3644
111: 1636,2410,1257,2203,433,2363,3613,3865,3244,2662,769
112: 2582,898,327,2139,718,3417,2237,3723
113: 1931,3096,350,2709,3421,3606,2648
114: 1235,828,3325,931,1451,3268
115: 4039,1272,2152,520,1445,1755
116: 3916,3116,1358,3373,1807,345,2197,3048,515,136,2945
117: 251,1135,3296,2638,3756,2382,1383,1809,3982,1750,3330,2732
118: 3932,1857,3058,2029,577,158,2753,2446,3823
119: 43,3079,2740,1255,944,1539,343
120: 3161,1756,2413,738,924,370,3180
121: 721,670,1951,3200,3271,3272
122: 1783,308,196,314,2795,3356,1331,2173,3888,3169
123: 3619,3610,2080,3859,1287,2307,1619,1019,916
124: 2055,589,3955,3661,3938,1697
125: 782,3188,2150,2551,3691,1365
126: 2439,882,3786,1931,2709,1818
127: 2597,1874,2980,3788,1319,406
128: 1463,3292,3616,280,1471,3833,4001
129: 605,3835,170,2772,1133,3779
130: 3229,3846,3841,1946,1232,3611,2135,1875,1296,1573,3359,1812
131: 676,3114,3860,2914,3638,2918,2385,2398,2632,3333,1613
132: 3808,1838,3304,3349,4093,266
133: 2875,2931,3616,280,391,3905,3852
134: 1660,1201,832,2127,3492,3400
135: 1801,2849,2772,2216,734,272
136: 515,2113,1596,3231,1941,3042,2945,3916,116,2500
137: 582,3306,3900,1146,720,2598
138: 3309,2584,2791
139: 4090,3532,1690,1008,2018,2888
140: 1046,365,2776,3554,2414,3483
141: 1333,3579,2910
142: 3984,611,3542,578,3690,257,3189,1550,18,2522
143: 4021,1230,1979,4012,3393,3693,2329,2707,483,3737,3657
144: 2949,2017,1833,3757,871,2387,1659,1322,896
145: 1060,513,3351,3780,3267,3997
146: 3901,2231,2917,1689,2425,1892,3821
147: 3711,424,3830,1972,3828,1415
148: 1981,704,3372,1958,432,3844
149: 556,1477,1315,1129,2400,3904,2031,3846,3744,643,3841,3132
150: 3861,2656,1560,3913,352,594,3301,2164,3110,2045
151: 397,2698,223,3569,1902,3106
152: 4070,4047,1706,3941,36,1798
153: 1150,2324,1800,2049,3432,1240
154: 3826,2153,2742
155: 23,3168,2474,2994,2869,3703
156: 3659,361,1863,3397,4084,3358,1507,3328,1793,2377,3170
157: 561,1763,2651,3308,2549,3307,2401,1045
158: 577,1733,3517,2753,3367,2260,118,3932,1983,1857
159: 3528,3685,3995,1380,1985,837,3463,3958,1056
160: 1324,2495,3639,2421,2009,3198
161: 3642,731,3876,3652,2637,1770
162: 3320,3666,1410,1381,1218,3721
163: 1743,3075,3678,2269,1879,1244
164: 3689,1714,806,1112,394,997,3104,2496
165: 3067,2707,2987,3699,4053,1920,1540,1230,521
166: 1342,469,3494,864,3701,1853
167: 3784,1720,2785,3728,2809,3029
168: 2193,1881,3734,3881,1492,2963
169: 1683,3777,3051,3467,2050,1580,1974,1561,2235,3872,2993,1551
170: 2772,272,129,3779,2118,1851
171: 3875,3977,209,1600,821,1158,2165,3580,3815,1094,4075
172: 3747,1160,3641,4020,1764,2150
173: 1469,3348,2289,491,3982,1310,560,2339,2650,1601
174: 1930,1313,3558,1344,2623,2467,2646
175: 2581,3420,1352,2609,459,3565,2887,2223,950,965
176: 2663,584,3305,1521,3004
177: 1525,4093,1271,3281,3157,2682
178: 2695,2468,1286,2737,811,3857,2076,2530,854,379,2453,1239
179: 3227,1541,3117,1104,2822,2749
180: 1207,2379,1698,3225,4,3392
181: 576,1512,3230,1304,2990,3331
182: 2967,2003,3448,1849,982,3989
183: 3450,2756,2137,3482,3843,1034,1880
184: 3538,1921,3324,3488,1917,2947,567
185: 3566,449,2911,1250,1785,3795
186: 1240,648,3454,3568,2040,2324
187: 3605,26,2215,1108,2943,2042
188: 2747,1977,3672,2592,2328,3609
189: 1406,2223,792,1144,1318,3293,3687,3624
190: 1153,3651,1058,2533,3718,1249,2938,2688,895,535,874,2265
191: 1918,4014,2397,2151,1725,442
192: 2240,2230,976,1843,1172,3045
193: 3954,302,2399,3459,2178,3540
194: 626,2376,1206,1476,1673,3391
195: 2091,3454,1224,3568,1021,482
196: 314,2795,122,3056,3356,3169,3502,2527,1857,1597
197: 3646,2717,388,2691,82,3535
198: 411,3342,1524,4013,3539,2852,2941,1932,2420,2001,2751
199: 2387,3547,101,1948,2774,1384,1226
200: 3689,394,3080,1054,1220,1288,3550,3295
201: 1290,2880,4091,2198,265,3620
202: 3856,1889,2710,793,296,1254,3648
203: 20,568,522,1227,984,2090,3936,2771,3660,2915,2202
204: 1243,2267,957,3676,3592,1427
205: 1485,2916,1461,3259,259,2300
206: 1085,1212,458,3744,643,758,3132,1315,1129,3153,3334,102
207: 2608,210,1143,3831,599,2226,1370
208: 1574,3233,1076,3914,3424,3862,3196
209: 3875,2205,3977,1984,171,1600,3681,2442,3815,1094,4075
210: 207,1143,599,3800,295,2833,2226
211: 353,2528,2630,1732,697,1568
212: 1678,3000,92,2812,2571,1780,3174,570,1303,2909,2228
213: 1749,1392,2612,3272,3194,2603
214: 472,1645,2676,4022,2787,2149,717
215: 2072,2115,2701,1434,1656,3300
216: 2771,2202,3025,2032,20,522,1553,1302,1049,3983,2716
217: 3227,2462,3117,2856,1440,508
218: 1759,2699,492,3636,1590,3994,3127
219: 1791,1990,478,3897,3263,4067,1696
220: 3474,2720,1459,3319,1834,427
221: 1666,3098,366,3489,1343,3806,3487,1875,1837,1152,2647
222: 3505,2775,1008,1890,2018,1515
223: 1749,609,3569,1923,2698,151
224: 2895,2554,987,1069,895,3604,3697,535,2265,1249,2938
225: 2142,1643,3664,2634,2764,1018,2957,2114,3218,592
226: 61,551,2491,2671,3682,1441
227: 3686,875,1873,1446,1351,3495,3023,2323,3707,3548,579
228: 2800,528,634,3396,3710,1100,3176,2580
229: 2449,2238,937,1134,837,1796,741,1442,2490
230: 1263,2569,2535,3728,2809
231: 1627,767,4055,799,724,3283,1042,1797
232: 3012,2690,2280,1282,1793,833,1528,1138,2258,2961,431,3170
233: 3163,781,3212,1799,2836,4058
234: 2903,2304,1229,3338,3903,1730
235: 3848,1545,878,3223,2861,1109,3378,1871,2973
236: 1896,1070,1396,3814,3952,588,2935,3094,3434,2977
237: 3481,1546,2679,652,2175,3583,293,3573
238: 3491,3590,3594,762,290,3522
239: 2701,3300,3601,3401,2213,3950,1481,2484
240: 3607,1949,2454,1017
241: 2253,2739,1877,2389,3248,3635
242: 3714,2256,881,1139,1171
243: 2520,883,2332,973,3742,3792
244: 1998,2328,2659,888,3609,3766
245: 3745,3794,90,3997,1301,2157
246: 4038,2887,2223,3869,965,1318,3919,1882,851
247: 3967,467,2477,1454,3884,1091
248: 3978,1510,631,2179,2385,2398,2487,2632,3159,2918
249: 1978,3308,2947,1225,3538,1587,3633
250: 2273,789,1582,2004,1371,3719
251: 117,1135,3296,3139,2670,2504,3756,2382,975,3785,1809,1750
252: 1372,1222,2294,2674,1162,1437,2204,3837,356,1164
253: 3032,22,3953,1466,3571,1073
254: 2926,1359,3957,3288,3892,1939
255: 3963,3381,1470,1928,596,454
256: 1489,1396,3971,3477,761,700,2158,2305
257: 3984,142,611,3542,578,2618,3690
258: 3472,3679,1780,1363,4029,3174,678,2412,2384,2084,2207
259: 4052,3501,3259,205,3736,2300
260: 657,110,4066,2134,1277,580
261: 2555,1777,1305,1409,979,426,4079,3562,2093
262: 636,1993,1510,2734,631,4082,3398,1873,1351,2478
263: 1408,1863,3397,4084,3545,1507,732,3547,2657,1384,1226
264: 4087,3010,1500,1705
265: 2546,1571,3620,201,4091
266: 1525,4093,2422,1578,3349,132
267: 2381,2989,1599,2215,2130
268: 598,3090,883,2271,1712,2517
269: 3512,3912,2901,2766,2293,1788
270: 367,1695,1726,906,1098,4035,2320,2456,2285,658,2506,3614
271: 3574,1312,2087,2441,731,2637
272: 170,135,2772,734,1851,3775
273: 620,2807,3629,3669,3667,3109,2827,1403,2148,2564,1063,2345
274: 409,3149,2116,2458
275: 2371,2201,3261,682,3365,1395,2542
276: 1762,2406,3264,683,3036,525,3760,2199,583,1692,1241
277: 3357,960,986,1243,2516,2440
278: 3653,3425,1216,929,3496,2863
279: 3889,2180,2985,3003,3462,3141,3012,777,1282,3765,462
280: 133,3292,2931,128,3616,755,1471,1378,3833
281: 3799,3651,1058,3718,2938,2688,503,3140,3924,2678,791,613
282: 905,4057,1533,1987,3653,3496
283: 3730,3694,2843,3805,964,2246
284: 1016,3009,2251,1595,3647,2472,3771
285: 3005,3211,1648,3774,1651,3155
286: 1680,3515,1944,2319,1169,3417
287: 2375,3947,586,3735,3567
288: 3067,2987,3877,1123,3120,1246,800,2122,808,3160,3849
289: 4039,3441,3625,1942,2965,3908
290: 467,3702,3590,238,1556,3522
291: 2808,936,1617,587,2837,3946
292: 2005,3403,977,590,1011,3581
293: 3583,2175,2857,2805,860,237,1546
294: 2415,1655,2284,1781,2572,3713
295: 3800,1767,2974,2661,1895,210,599,3354
296: 202,3856,793,2848,2241,2544
297: 3891,889,2366,2844,1080,1364
298: 3788,1319,1126,2166,3898,2297
299: 3900,1204,2878,693,3595,2598
300: 1391,2832,2313,3906,2932,802,1217,1933,1308
301: 20,522,55,3936,2771,1553,1802,3629,437,2536
302: 925,3954,966,193,2399,1439
303: 2960,32,3965,3371,4023,3586
304: 2155,4006,3088,846,3028,890
305: 1985,3796,809,837,2109,3995,1275,2373
306: 1852,2498,2434,3776,2659,888
307: 969,2712,2357,2627,2680,835
308: 1783,122,3516,3456,1685,1331,3302,2631,728
309: 608,3065,2730,2745,1154,2687,2469,2810,1368
310: 3266,2912,2168,824,2829,1823
311: 3355,2626,1912,3840,3018,1745,29,2117
312: 4048,1462,3430,3755,2697,3040,1120,1629
313: 2600,1438,2801,3471,844,3447,48,3335
314: 2532,3058,2029,196,2795,122,2527,1857,1709
315: 2735,610,757,3260,3340,3580,1774,3368
316: 686,60,1195,3063,3632,1813,2345,3350,3551,3048,2148,421
317: 2298,1210,1099,377,3650,1115
318: 849,3278,2278,1366,3675,705
319: 1093,3672,1122,3804,2405,953
320: 3724,1159,2044,2907,3851,1841,3084
321: 2590,3752,1547,2942,2099,961,952
322: 676,1423,3769,49,943,3056,3114,2914,3333,4004,2447
323: 3766,1758,4000,1062,3776,2659
324: 975,3785,2095,851,2343,355,2883,1292,1954,4038
325: 853,1703,4012,2097,1775,34,1628
326: 932,550,2874,3239,2112,3310
327: 112,2582,1672,718,2237,2390,3723,1611
328: 1466,3435,1073,3973,2239,1114
329: 2244,1815,1141,574,1514,2347
330: 2279,725,3286,3532,3712,772
331: 3021,3487,2827,1626,1152,2148,1792,2335,1813,3453,1946,3611
332: 4049,3617,770,607,1348,2675
333: 1072,2982,692,2722,1294,879
334: 1842,3903,2593,794,2120,1491
335: 1302,2470,1602,3667,3983,3109,2841,872,2731
336: 107,1442,3443,1444,1986,2976,2744,3520,2909,617
337: 1485,2798,2718,995,2043,3054
338: 1565,2936,2813,2783,517,2019
339: 1496,2056,1011,3581,2840,2685
340: 3560,1924,2287,581,2905,1643,3059
341: 764,1340,2074,2964,372,3019
342: 2471,1175,1066,2702,3034,2570
343: 3030,1539,2123,3887,2740,1255,119,43
344: 2929,412,1623,3392,749,3142
345: 116,3697,1358,3373,45,1807,686,3979,1616,3048,2945
346: 1625,1789,3436,987,1241,3001,2406,3264,3760,2199,571
347: 67,1816,2302,2761,3499,2102,1817
348: 3575,1998,888,2054,1852,3188
349: 2350,3046,3592,2815,1427
350: 113,3421,3606,3503,1721,3318
351: 1105,2802,544,1388,2952,2583,3347,3612,536,2156
352: 3861,2656,3627,2364,150,2175,2502,2857,1546,1151
353: 2283,1174,3709,2528,211,1568,3008
354: 3418,4033,378,1737,2655,3732,616
355: 3756,2382,975,3785,2095,851,324,2343,1292,2670
356: 2204,3834,2161,908,1557,1437,3731,3630,2060,252
357: 380,2820,3561,980,3864,3440
358: 3143,3721,3020,3908,730,1272
359: 2388,1740,726,3917,1103,1376
360: 1710,3937,1052,538,3524,1473
361: 3659,1863,3397,3980,156,3358,3328,2377,539,1716
362: 579,1405,1658,3888,3169,2478,1993,1735,943,4080
363: 37,2998,2457,2561,3171,1898
364: 959,2078,635,2545,3778,1733,2140,1803
365: 2846,1046,1202,2776,140,2414
366: 1666,3098,4032,221,790,3185,3489,3487,1875,2335,2647,1812
367: 2325,3729,1695,1098,270,4035,2320,2456,658,2662,2876,33
368: 2860,2981,2754,1114,1073,3032
369: 4095,2677,1278,3240,512,3274,1038,3014,3105
370: 3055,1929,924,2259,2585,738,120
371: 2154,1653,1639,3235,499,1429
372: 764,1340,341,3019,3757,3622,3237,575
373: 1393,2777,1537,1033,539,3241,3980,3279,1480,2481,2736
374: 2548,606,2667
375: 1186,2693,3377,3336,1468,1869
376: 634,3396,3379,2580,914,1506,602
377: 1501,2298,317,1428,3407,1115
378: 3418,4033,354,1631,3157,1572,2784
379: 2530,2556,854,1061,1398,3438,2272,2211,811,178
380: 357,980,680,3956,1498,3440,3419
381: 1782,1304,1509,2055,1898,3955
382: 1911,1589,2106,647,3228,2788
383: 2183,3100,552,2067,3684,4019
384: 3579,2383,2245,2793,523,1242
385: 3361,2437,2854,1672,2181,1350
386: 2566,2568,713,2511,962,3013
387: 2654,3041,721,3388,1163
388: 3646,2691,2595,197,3621,1751
389: 4083,1286,13,2523,2272,3543,2804,1307,1490,628,3099
390: 1800,1493,1738,1822,2692,2855
391: 2875,133,1520,3852,452,880
392: 2005,786,3403,3007,2996,3326,1529
393: 1575,3234,1149,2321,558,1647,3033
394: 3689,806,2163,164,3112,200,1220
395: 2379,3015,2395,3167,1719,1013
396: 3458,2962,2020,1168,566,3183
397: 4049,3617,3925,2698,151,3106
398: 3739,1766,3247,2108,798,988
399: 1614,3335,2393,933,1503,3250
400: 2652,2176,1332,2083,3092,1901
401: 829,2085,1610,3366,3772,913
402: 945,2026,3530,2845,3901,3560,2231,1667
403: 4070,3935,1973,36,3867,2424
404: 1121,2507,3963,3782,3381,3991,1270
405: 1557,2678,3383,1162,2574,3546,3799,838,488,817,2463,2368
406: 2597,1874,2939,127,1824,2870
407: 2006,2258,3738,2961,1460,1211,435,2620,706,2621,971,2352
408: 3763,3195,2481,2736,803,1033,2758,1379,3582
409: 274,1492,2963,3149
410: 2124,2557,3899,3026,3943,1729,1264
411: 198,3342,3452,4013,3072,3539,1190,2941,2751
412: 2929,1623,344,3078
413: 2164,1222,1893,2935,3110,2674,3094,2045,3434,867,594
414: 1235,3571,3596,3953,653,3147
415: 773,3129,3525,1343,2727,1666,3489,3202,2242,2370,3806
416: 3284,2865,1374,2034,3214,1284
417: 3637,1665,1511,2814,1713,3321
418: 3285,1431,1663,2525,2769,1007,3346
419: 3191,1609,1765,2748,3269,1576,95
420: 1791,1990,4067,2797,1741,1016,3009,1595
421: 675,810,3445,2171,2500,2635,316,3063,1616,1813,3350
422: 3882,2333,3128,2066,2409,1166
423: 3585,671,2937,3038,1711,3442
424: 1361,147,983,3711,1919,3830
425: 1438,3565,2801,3471,3447,1677,2887,3069,950
426: 2555,1777,1305,979,261,3196,3665,3562,2129
427: 2953,3103,1834,3758,3474,220
428: 3131,449,1413,2911,1982,3768
429: 1712,2517,2252,3773,1904,1640
430: 2250,3893,813,3027,3803,673
431: 1528,3638,1138,2258,1497,1460,3159,2918,232,801,3170,3822
432: 148,1958,4068,1795,3854,3844,3832
433: 1636,2410,111,1465,2642,3384,2369,3865,21,1995,2101
434: 2114,3743,4077,592,12,3874,1718,2764,1592
435: 3889,2460,2985,3462,1179,706,2621,3012,777,2006,2961,407
436: 3201,1040,1134,3119,1796,1637,741,2412,3944
437: 740,1553,1802,3970,3629,3669,4076,2536,522,3936,301
438: 2212,3588,4046,1814,2249,3858
439: 3783,2513,2220,805,2504,3961,2958,1260,3507
440: 1757,3461,2644,956,1367,2889
441: 2884,1035,2844,1364,3909,70,3705
442: 2877,3537,2397,3087,1918,191
443: 990,2984,3715,2132,1436,3323,984,2090,1425
444: 3085,2306,3557,2925,1178,2442,1984,1181,2983,2792,1778
445: 1291,2704,3095,2879,1102,3927
446: 3118,85,3801,1253,1458,2374,3135
447: 1259,2450,3934,2264,771,779,543,2906,1618,3148,2799
448: 3353,1564,3150,1416,2508,1181,547,850,24,1908
449: 428,185,3131,2911,1250,3221
450: 1554,51,2174,3245,2791,3527
451: 3985,994,3258,2891,2282,1079
452: 3964,3303,1520,391,753,880
453: 2663,3305,3692
454: 596,2187,1928,255,2107,3314
455: 3215,843,1584,2790,502,2367,2941,3342,2001,3570,2751
456: 3347,3044,2372,763,2839,1105,2802,2172
457: 3473,2,650,3716,968,2539
458: 1085,1212,810,3445,1279,4043,206,3229,3744,758,3132,3334
459: 1156,2609,2992,1746,3039,948,2581,3420,175
460: 3656,2915,16,1938,1313,2623,2467,2159,1762,2093,583
461: 1339,3446,3703,3187,2462,1440
462: 4007,777,3165,2280,1282,3765,279,2985,3003,31
463: 949,1663,3510,3871,1558,3842
464: 1015,876,2064,2926,3892,3749
465: 1617,587,1675,664,2103,3928
466: 3930,1433,1809,3348,2289,2411,3982,2382,1693,1383,3330
467: 3967,3702,2477,247,290,3590
468: 2972,3975,1051,2338,956,1538
469: 1221,166,3494,3996,2485,3701
470: 2418,787,3727,1385,4003,2749
471: 3273,1488,4030,1991,4069,3998
472: 1645,214,1411,2946,4036,717
473: 3873,4040,1960,2273,1309,3205
474: 1031,2660,3387,847,4060,1194,3302,2219,2631,778
475: 1182,1747,4062,2305,542,700,2023,2158
476: 2750,1036,2037,3773,3564,2131
477: 2913,2208,2362,46,1064,3863
478: 219,3263,1696,3929,2094,553
479: 2234,621,3673,3640,56,4081
480: 2275,3827,1799,2836,2304,1730
481: 1201,2169,3628,3853,1155,2127
482: 3277,2362,2326,195,1224,3568
483: 3067,2707,3877,506,3737,109,143,1230,3393,2329
484: 562,1234,1136,2356,565,1878
485: 1187,1342,3494,2421,1997,2276
486: 2429,3845,938,1412,715
487: 1353,2978,807,3102,2438,2664,1478
488: 1566,1524,2519,695,3643,3546,838,405,817,2463,2588
489: 745,3678,34,2591,1743,4051
490: 1905,2062,3836,2599,1370,3645
491: 173,1469,2289,1004,2339,3433,2650,1293,1601,2370
492: 2665,1862,974,2699,218,3994
493: 601,2726,3347,3044,3123,2024,1827,2372,999,1903
494: 2811,1205,1833,871,1096,601,2432,3449,2266,2344
495: 2587,582,3306,2198,868,1119
496: 2868,795,2200
497: 2160,899,2299,2140,1346,3009,3647,3771,972
498: 1583,2313,2436,3206,2763,103,1850,3101,1022
499: 62,1534,2475,1429,2154,1653,371
500: 3285,3287,1674,2619,2525,1024
501: 2770,2645,3234,716,2053,3152
502: 1190,591,1596,3231,1523,2367,3042,2941,3072,3215,455
503: 4008,895,3000,3140,1041,1502,2227,2571,281,3651,2938
504: 2894,3076,1306,2871,2365,2937
505: 3959,1055,100,3455,3700,2615
506: 3067,2707,2987,3877,1123,483,3120,3737,836,1230
507: 1139,2693,3377,1078,3130,2256
508: 3151,1784,2869,3227,217,2462
509: 3164,70,3705,1969,1723,1266,2026,2714
510: 3837,42,3208,954,1372,3910,1418
511: 2826,1327,3226,2617,1654,1124
512: 834,3240,1200,369,4095,1278,1975,1038
513: 145,3780,3267,3479,1059,1872
514: 1902,3662,2057,1238,1535,2322
515: 1190,1596,3231,136,3042,2945,3916,116,874,2068,2197,1449
516: 1932,3940,3244,644,2662,2876,1257,2203,3613,2325,4035,2456
517: 1167,2340,2783,338,2019,3224
518: 2181,1350,1360,2355,1001,2318,3186
519: 2923,2105,2443,756,2489,967,1482,9,1964
520: 2503,1445,2837,3572,2152,115
521: 4021,1230,3393,2707,165,3699,1920,2817
522: 20,203,3936,301,2771,2032,216,1553,437,1049,2716
523: 1242,614,1708,2913,2383,384
524: 2877,2879,1102,1722,3537,1980
525: 1762,2406,3036,1341,2093,276,583,3035,2159,1305,16
526: 3119,1637,1409,3562,4044,1341,3035,3472,2412
527: 1804,3820,3154,1821,3680,2509
528: 1354,634,3396,228,3176,3146,2669
529: 1065,1915,3670,3652,3222,3933
530: 3513,1501,2298,3054,2831,3291
531: 2777,2377,1256,539,801,3170,3822,3638,1138,3659,3328
532: 61,551,640,1269,1401,3344
533: 897,1283,2126,2092
534: 80,1300,884,1247,2100,2427,2021
535: 3697,874,3116,1358,3722,2265,224,1069,895,190,1249
536: 601,3612,2281,351,1388,2209,2949,1833,896,2156
537: 1481,3465,903,2484,2334,3696,19,1434,3428
538: 2337,1473,3382,3937,1945,360
539: 1393,2777,373,2377,531,1256,1033,3241,361,3980,2736
540: 3207,3554,3726,2414,84,3374
541: 1187,2485,3988,2058,2495,2882
542: 475,1182,4062,2544,3365,1395,2359,2241
543: 2556,1398,3438,2906,2272,1618,3148,3934,447,779,1487
544: 1105,31,351,1635,2952,3203,2583,1362,3600,3024
545: 655,3588,2249,572,2501,2611
546: 2788,1895,2089,1744,894,1589,3354,1767
547: 1181,2983,3870,1897,2792,3857,1778,2076,3085,1564,448,1416
548: 2796,3380,1323,3013,2416,713,2866
549: 3818,1694,2838,2920,1853,2565
550: 1189,2509,326,3108,932,2874
551: 61,532,3344,226,3337,3682,1441
552: 3891,1676,862,2067,3684,383
553: 2094,2692,2855,1421,478,3263
554: 2444,1808,2098,998,1067,2558
555: 1428,3081,2948,3694,2246,3407
556: 2620,149,706,1477,2621,1315,971,2177,1129,2352,2400,2073
557: 2391,2992,3039,3315,2801,2086,1608
558: 2403,3265,1548,2321,393,3033
559: 1713,1687,2459,742,2814,4003
560: 3129,3525,2727,3330,2339,2732,173,1310,2370
561: 157,2743,2651,2549,2401,3243,2719,1045
562: 484,3486,1234,2766,565,2904
563: 1824,661,1326,2553,1176,2870
564: 2779,2900,3867,1521,3004,3022
565: 3784,1855,2904,1878,562,484
566: 2934,2696,797,3183,2020,396,1047
567: 2626,1074,2947,573,1225,3538,184,1917
568: 3961,203,2958,1227,1260,2090,3507,3715,2954
569: 3,1116,978,3412,1585,2185,3406,2973,3232
570: 1117,2976,3520,3174,678,2384,212,1303,2909,2228
571: 3679,1780,2406,3264,2084,346,3436,987,1678,2075,2207
572: 1420,904,545,655,2501,1206,2348
573: 2626,1912,1074,2921,567,3111,1917
574: 329,1141,2930,1844,3935,2347
575: 3062,2318,3468,2344,1724,3237,1340,372
576: 1832,181,2997,3230,1782,1304
577: 2160,899,2299,3517,158,2753,3367,118,1983
578: 142,3542,1587,2618,257,1197,3633
579: 3548,3124,1405,362,1658,2173,2478,227,1351,2323,4080
580: 3533,759,2134,3587,260,4066
581: 945,3968,687,3654,3560,340,2905,3059
582: 2587,3306,137,3900,495,3746
583: 1762,3036,525,3760,2199,2093,276,1692,16,460,4092
584: 176,3138,3770,1521
585: 2473,3894,2269,3341,2308,2658
586: 287,3947,3933,3670,2636,3567
587: 1617,465,3290,3928,291,3946
588: 2796,3814,236,3952,1418,1518,3910,3094,3434
589: 124,3955,2990,1697,1435,3331
590: 3007,1787,3829,3581,292,2005,3403
591: 502,2113,1596,1523,2367,920,2170,2235,1683,3215,3981
592: 2114,434,4077,12,1718,2892,1643,2764,225,1592
593: 1927,4017,3811,2116,2497,2458
594: 2656,1560,150,21,867,2101,2164,3110,413,1465,2369
595: 4045,4027,2927,1776,2108,1766
596: 2187,4057,454,255,3963,1987
597: 1988,2260,3751,4063,1983,1709,3868,660,1173
598: 268,883,2332,2750,1712,768
599: 207,210,1143,2360,3354,3800,1767,295
600: 2381,3795,2028,2872
601: 493,2024,2281,1827,2432,536,1096,2209,2811,494
602: 2471,2702,3146,1506,3379,3396,376
603: 3478,2805,1106,1664,860,2502,2977,2857
604: 3053,1944,2466,2613,3662,2057
605: 3879,2053,129,3835,3779,2645
606: 2667,1215,374,1670,3895
607: 3617,332,3219,2675,3945,2543
608: 1592,309,2745,3192,1154,2687,2146,4077,12
609: 1749,2162,223,1392,3499,1923
610: 315,2288,1971,2933,2735,2196,757,3340
611: 142,3542,1587,257,3307,2401,3189,2522
612: 1124,2873,1048,2521,2284,3226
613: 1557,2678,3383,791,2886,3630,2574,1068,3924,281,3799
614: 523,3863,1894,2257,1242,2913
615: 1720,3256,2785,2939,1900,2561,3759
616: 3164,1723,3262,3732,3418,354,2784,3107
617: 2755,2909,1736,2000,2733,336,3443,2744,2743,3243,2719,1375
618: 3134,3504,98,2049,3894,3432
619: 3509,4056,3786,1836,2823,2439
620: 740,273,2303,3970,3629,3669,773,3806,2827,1403,1837
621: 3673,479,56,2894,1110,1334
622: 3481,3887,3797,3376,1546,1151,652,3618,2386,1909
623: 3175,1606,690,1349,2222,825
624: 729,2460,1790,3518,1296,2455,2031,3846,1179,1477,2400,3904
625: 1259,2450,3934,2433,1961,2752,2264,2312,2515,1618
626: 194,1476,3391,1118,3640,3948
627: 2155,1899,1579,2816,1044,2138
628: 1307,2180,3003,3099,4083,3141,3825,13,389,1430
629: 3559,3698,802,3761,2243,1769,767,72,3923
630: 2380,3336,1603,2683,685,1468
631: 1993,248,1510,262,2734,3506,4082,2398,1351,4080
632: 2951,2452,1039,3138,3770
633: 2768,1264,841,910,2557,3871
634: 2800,528,3396,228,1100,376,1731,2580,914
635: 2666,959,3778,2224,2461,364,1527,3122,2277
636: 262,2734,4082,2993,1974,3051,3467,3686,3398,1551
637: 827,2605,1316,2829,2824,4072
638: 2970,1839,2244,2922,2967,2003
639: 1161,2966,3577,1025,3384,3627,1137,3376,1151,3618
640: 61,3238,532,3017,1401,1727
641: 1558,2392,3346,2956,3073,1007
642: 2275,815,3113,751,2529,3282
643: 3229,3846,3744,3841,758,1232,2135,3132,206,149,1315,3904
644: 1208,1819,516,1932,3940,3244,1267,3570,2751,2876,1257,2325
645: 2597,3083,1012,2553,2870,3052
646: 3002,1422,2435,2652,1588,2262
647: 1589,382,3228,3211,2360,3354
648: 186,3568,2040,2853,3077,3277
649: 3343,3177,1159,3528,3685,1298
650: 2859,1486,3473,2,1029,457,2715
651: 1248,1935,3353,2453,1564,3475,2616,3150
652: 3481,3887,622,237,2679,2740,2386,1909,1125
653: 2311,3147,3798,414,3596,3508
654: 1299,3522,1866,762,3493,2643
655: 545,3588,1382,1420,2390,572,2501
656: 1130,3766,1233,3668,4000,3204
657: 2038,3364,2418,260,3727,110,4066
658: 2325,3729,367,3707,906,1098,270,2320,2456,2285,1819,3023
659: 3747,3363,1764,1084,3253,2217
660: 3279,1173,1480,2277,2481,803,1393,1988,3751,597
661: 1824,1176,3759,563,3257,3171
662: 1996,2494,3896,691,3791,1180
663: 3922,1567,2425,2714,3080,3821
664: 1675,465,1228,2986,2738,3928
665: 1047,2765,4096,1168,2065,3183
666: 2800,1100,2427,1731,1247,1314,2417
667: 2819,1661,1274,1251
668: 3049,1276,2105,756,3582,1408,3145,3545,2858
669: 3563,2867,3385,2850,1886,2843,1513,1021
670: 3041,721,3883,121,1951,2897
671: 3585,1699,2365,423,2937,981
672: 2771,3656,3660,3476,2915,16,2202,1938,3025,4092,2032
673: 3803,2526,1624,430,3027,1000
674: 2773,1761,43,2537,3079,3578
675: 1212,810,2170,2171,2500,2635,3093,421,1616,3350,1941
676: 3769,1735,943,322,3114,3860,131,2914,3506
677: 1645,2946,3158,723,3316,1577
678: 258,3679,1780,4029,741,3174,2412,2384,570,1117,2540,2812
679: 3739,3281,3247,1838,3819,1669
680: 4030,4069,3956,3298,3419,380
681: 1631,2784,3107,2614,3813,2008,2163
682: 275,2371,873,3246,1779,2542
683: 2406,3264,3036,2084,1341,276,3035,3472,3679,1363,2412
684: 2625,1432,2526,1373,1624,3984
685: 1883,2683,737,1468,2192,630
686: 3979,316,1195,3063,3632,1771,1616,3350,2731,3551,3048,345
687: 3461,1739,3654,581,1367,2905,3370,3059
688: 3369,2082,2760,1059,2229,3267
689: 1922,2871,4086,3470,1840,1050
690: 1794,3175,623,1140,1349,3497
691: 3513,3791,3291,1180,2354,662
692: 1328,2636,2722,2982,3567,333
693: 1976,3595,3213,299,2598,1965
694: 27,3911,2167,2014,3411,3631
695: 1524,488,3452,2519,3643,3546,1424,3799,838,1153,2688,817
696: 2534,3658,3331,3807,1816,1512
697: 2550,1568,1495,3695,1732,211
698: 3558,1320,1641,1344,2646,2689,3743,3862,3990,3874,857
699: 2971,4096,19,2025,3216,2066
700: 761,3531,2940,3663,2023,1106,2158,1664,256,475
701: 2720,785,3319,3276,1876,2254
702: 1773,3994,745,2308,3127,2658,1862
703: 3420,1192,2351,1517,1581,948,3549
704: 3898,148,2297,1981,2431,1958
705: 2649,3675,2505,3182,2278,318
706: 1179,2620,556,2621,2352,2400,3889,435,3012,2006,2258,407
707: 2016,3416,1995,2101,2588,1566,3539,2852,1208,1636,2410,2642
708: 2695,4083,2468,3825,1286,2030,2737,13,2530,2523
709: 2895,1789,1820,2825,3001,2480,2470,2039,1602,2741
710: 3477,1081,1355,2866,1489,3380
711: 2885,2058,2445,3639,1027,1311
712: 3081,2916,2718,4009,2948,3422
713: 386,2511,3013,2416,3380,548,2866
714: 3657,1545,2022,2141,3066,3223,1979,3431,3693
715: 3951,1412,2835,3070,486,938
716: 1327,1654,2053,3152,2128,501
717: 2149,3753,4036,472,214
718: 112,2582,898,327,2708,1891,2139
719: 834,3677,2719,774,1375,3162,2755,77,2733
720: 1146,2960,2598,32,1965,137
721: 387,3041,670,121,1163,3200
722: 1831,2079,1131,72,3923,2132,3065,2730,2069,3698
723: 4022,76,3125,1577,1645,677
724: 1526,4055,2781,231,799,3283,1042,930,1867
725: 2279,330,15,3286,2471,1506,3034
726: 744,1740,3289,359,3917,4025
727: 3309,1989,4031,4065
728: 3322,1545,2022,2861,1194,2631,1109,308,3456
729: 3889,1307,2460,1790,1490,3518,2180,624,1953,2455,2400
730: 3625,3908,358,3721,1381,939
731: 161,3642,3921,2441,271,2637
732: 1635,1362,3165,3600,3748,2657,3024,263,4084
733: 3750,1541,3173,3827,3338,1730
734: 1801,135,272,2944,3775,2402
735: 2240,2706,1172,2046,1604,2111
736: 3118,2182,3890,1458,2387,1948,3254,1377
737: 1883,739,2261,685,2192,3576
738: 3710,1213,3176,370,2259,3180,120
739: 3927,1883,2261,737,1196,1291
740: 620,2303,3970,437,3669,2536,1147,773,1343,919,1837
741: 4029,678,2412,2384,3944,436,1796,229,2540,2490
742: 3533,2814,2418,4066,4003,559
743: 789,1582,3239,2847,1598,2070
744: 726,3289,4025,2604,4064
745: 1773,2308,3678,2658,702,489,2881,2591
746: 3233,1071,1076,3375,71,1475,2757,3218
747: 4034,3220,2729,2950,1386,795
748: 3485,1999,3050,868,1119
749: 4,3574,1312,3392,3142,344
750: 1353,2978,3144,1374,4078,2865
751: 1559,1380,2529,642,3282,3177,3685
752: 1397,3193,1359,1939,84,1273
753: 3534,1407,880,2358,2128,452,3303
754: 2729,2851,1700,1484,2628,1032
755: 1471,1378,3318,3599,1721,2931,280
756: 3049,519,2105,2443,668,2489,2641,1482
757: 315,2288,610,3260,1438,3471,48,3069
758: 3453,3229,643,1232,3132,1792,1212,458,3445,4043,206,2171
759: 580,1665,2762,3533,3464,3587
760: 2622,1888,1347,1811,3969,3469
761: 3531,2940,700,2023,2158,1664,1070,3971,256
762: 3594,3493,2505,238,654,3522
763: 1248,1935,3475,2839,3521,1906,456,2172
764: 3524,1473,1340,2074,341,372,3468
765: 2721,2896,1002,2061,2110,3413
766: 2042,1622,1387,3556,3605,1010
767: 1627,231,1042,1797,2069,3559,3698,629
768: 2750,3564,1120,598,2332,3755
769: 33,1325,1657,2966,3577,2662,1025,111,3384,2363,3613
770: 4049,1274,332,1661,3480,1348
771: 3098,779,790,3202,2242,3536,1259,3433,2450,447,1601,2799
772: 2888,2534,3712,2302,330,3286,3532
773: 1147,3129,3525,415,1343,3704,919,740,620,2303,2536,3806
774: 834,3677,3764,2719,1375,1200,719,1045
775: 3880,2846,3838,960,3733,3166
776: 2864,1252,2615,1055,3423
777: 3012,2280,1282,833,462,279,2985,435,3462,2961
778: 3548,3124,1405,1685,1658,1331,2173,474,4060,3302,3091
779: 771,790,3185,3536,3433,2450,3934,447,543,3148,1487,2799
780: 1974,3153,3334,3926,1561,3074,89,1447,2073,2027,2177,826
781: 3163,815,1452,233,2836,1287
782: 3804,3188,125,2144,2551,3575
783: 3214,1295,1439,2891,2353,3258
784: 3623,3294,1455,3133,2047,30
785: 2746,3915,3319,701,2254,1605
786: 1461,3259,2005,3403,392,1472,3326
787: 470,3364,3727,1104,2330,2749
788: 4024,3280,3543,1296,1487,1953,1573,2455,3359,1812,3185,2135
789: 1582,1371,743,250,2070,3942
790: 1666,3098,771,779,366,3185,3489,3202,2242,2370,3536,3433
791: 2678,613,2574,1068,3140,1502,3924,2483,281,3651,1058
792: 189,3869,1144,1318,3293,2681,1693,3687,1433
793: 202,3816,1889,2710,296,2848,1414
794: 334,2593,2120,2794,2725,1092
795: 2868,496,1386,747,2200,3220
796: 2770,1127,1575,3479,3097,3918
797: 2934,1805,566,3483,2020,2776
798: 1660,988,398,3739,3444,3511
799: 1627,2908,4055,2577,231,3555,724,3295
800: 1246,1161,2966,3577,3160,3797,3376,3618,288,1014
801: 2777,531,3333,1256,1613,3241,3170,3822,3638,431,2918
802: 629,3339,3761,2243,1217,1769,1615,1933,300,1308
803: 1527,408,3763,660,1173,1480,2277,2481,2666
804: 1586,4027,3781,1776,44
805: 1308,1135,439,2513,2220,3139,3339,2243,1615,3961
806: 3689,1714,3813,1112,2163,164,3112,394
807: 2978,3144,1037,487,3102,52,4037,2607
808: 33,1246,1325,1657,2122,2966,3577,2506,3849,2320,288
809: 3156,3796,3201,305,1040,2109,2129,1275
810: 1212,675,458,3445,1279,4043,2171,2635,3093,421,3063
811: 86,2983,3870,1897,3409,3857,2076,854,379,2211,178
812: 1894,2257,1942,2965,2602,2225
813: 2250,3217,430,1728,3027,3634
814: 2268,25,3047,3624,3293,3687,1940,1433,1285,2411
815: 2275,781,2836,642,1287,2529
816: 3691,1237,2333,1365,1652,3128
817: 2463,2016,1399,2368,2588,3799,838,3383,405,488,695
818: 2425,1892,3080,1054,2908,3555,3295
819: 2449,1745,3958,29,2919,937,2117,1442,1986,3312
820: 2454,2233,1017,2176,3714,1332
821: 3875,2515,1209,2341,2205,3977,934,171,1600,2165,1620,2312
822: 2486,2009,2562,3198,1860,3251,3125
823: 3466,1329,4074,1130,2592,1977
824: 2605,2829,3266,310
825: 2222,1911,2106,2147,623,1606
826: 3978,1510,2734,2179,2487,2993,2027,1974,89,1447,780
827: 1316,637,2569,3728,2824,3029
828: 3325,3181,114,3435,931,2821
829: 401,1687,2085,2459,3366,3299
830: 2953,100,3455,3598,1411,3252
831: 1757,3461,2046,3100,1739,1604
832: 2890,2127,1725,134,1760,3492
833: 777,3165,2690,2280,1282,1793,3748,232,1138,2961,3659
834: 3677,3764,3240,774,512,1200,719,3162,2755
835: 1825,2997,3706,2357,307,2712
836: 1031,109,4089,847,3877,1123,506,3737,1994,2329
837: 1985,3796,3201,305,1040,1134,159,229,3463,2238
838: 3546,3799,1153,1058,2574,405,488,695,3643,817,2368,2588
839: 3060,3847,3130,1078,1338,3839
840: 901,3847,3884,1454,2047,3623
841: 2768,1128,3866,1729,3790,1264,633
842: 3037,4071,1463,3902,1357,41,1728
843: 1683,3777,3215,58,455,3467,1584,2050,2071,2790,1580,3570
844: 2600,2801,2086,3447,313,3335,1907
845: 1207,3026,1044,2395,2138,2124
846: 2155,304,890,1060,1579,2229
847: 1031,3523,474,109,4089,836,2219,3737,1994
848: 2059,1057,2262,1422,30,3993
849: 1918,3810,3278,2278,318,4014
850: 80,1300,2684,2316,24,2100,3353,2616,448
851: 2681,1693,324,2343,355,1954,4038,246,3869
852: 2786,3205,2366,1080,2930,2194
853: 325,1703,4012,2514,34,2881,2591
854: 2530,1061,379,2211,1897,811,3409,2076,1239,2695,178
855: 3813,1112,2099,2614,3541,2942
856: 2613,3662,1238,3219,2703,2543
857: 3743,4077,12,2745,3192,1154,2310,698,1320,2689
858: 2486,1335,2562,2778,2221,2767
859: 958,2820,1089,3526,3209
860: 603,2805,1106,3972,2175,2502,2857,293
861: 2521,1970,2572,866,1936,2902
862: 2672,3589,2706,2067,1676,552
863: 93,2430,3482,2677,3843,3429,940
864: 2920,3086,79,3701,1853,166
865: 1978,4010,2713,1763,2626,3840,3018,1225
866: 3061,1970,861,2902
867: 21,3126,1164,3395,3416,2101,1222,3110,2294,413,2674,594
868: 1999,748,1119,2198,495,3620
869: 1819,3940,1267,3570,2876,58,2050,2071,2790,1157,2968,3729
870: 3591,3911,2782,2247,1095,3631
871: 2209,2811,1205,1833,3757,3622,144,494,3237
872: 1302,2470,335,3667,3109,2807,1195,1771,1063,2345,2731
873: 2011,3671,1355,3246,1747,2542,682
874: 3916,535,3116,1358,2068,2197,2265,190,1424,1153,2533,515,1449
875: 227,1446,3495,2323,3707,1726,2285,3548,3124,1658,3091
876: 3207,1456,1015,464,2926,3749,3626,1261
877: 1670,1947,1516,3753,3789,3895
878: 3848,235,2141,3223,3378,1759,2973,1262,3636,3232
879: 2349,1563,1072,333,1877,1294
880: 753,2358,452,2875,1570,391
881: 3714,2256,242,1332,2083,2408
882: 2439,126,3317,2085,1610,1931
883: 598,268,243,3090,2520,2332
884: 1185,1300,1247,534,2100,1314,2547
885: 1914,3695,4061,3734,2550,1177
886: 1535,2361,2570,2806,2322,1175
887: 1927,4017,3830,2575,1972
888: 244,348,1998,2659,1852,306
889: 1309,2844,297,1080,2724,3719
890: 3028,2007,2760,2229,304,846
891: 1077,1554,3644,2174,2780,2782
892: 4025,2700,1740
893: 3290,1394,2862,2040,2853,1552
894: 2442,546,1094,3327,1895,2089,1744,4075,1767
895: 503,1041,2227,3604,224,2554,535,190,3651,1249,2938
896: 2387,1322,101,1384,2156,536,1388,2209,2949,144
897: 3275,533,2126,2088
898: 112,2708,1891,2139,718,2136,2669,1354,1213,1169
899: 2160,577,1346,3517,497,1203,3011,2185,3009,2797
900: 4026,1005,1704,2206,1926,2482,3957
901: 3060,3576,2190,3847,3884,840,1091
902: 3276,905,2407,3425,1876,3496
903: 1481,537,3465,2484,2065,1884,3950
904: 1420,572,3490,2315,2348,2206
905: 2407,97,902,282,4057,3496
906: 3707,1695,1726,1098,270,2320,658,3849,2660,4089,3387,3614
907: 3242,2314,2010
908: 2204,2428,1829,3834,2161,356,77,2886,3630,2060
909: 3649,4006,3088,1214
910: 2557,3899,3871,3745,3794,949,633
911: 2654,3754,3041,1417,3883,2270
912: 1142,2856,1440,3446,3762,3212
913: 3096,1491,401,1610,3772,1842
914: 2062,1731,3836,2580,3379,3787,634,376
915: 5,1727,3519,2081,2096,3238
916: 1574,3233,1619,1275,123,2080,1777,3196,3665,2109,2129
917: 3699,1188,1539,1920,2123,2721,1356
918: 1082,2213,1273,4042,1397,3401
919: 1147,773,3525,2218,3704,740,1802,2303,3970,4076,2536
920: 1279,3362,2170,3093,591,2113,1523,3074,2235,3215,3981,1580
921: 1198,1556,3386,1866,2290,3716
922: 2491,22,2309,3953,1245,3147
923: 1870,2331,2270,3266,1593,2912
924: 1929,370,2585,120,2266,1756,2413
925: 4016,3954,3213,2476,966,302
926: 3708,2576,3253,953,2144,1084
927: 1967,1450,68,3498
928: 2142,2634,2889,2301,2957,1051
929: 278,3316,3425,3655,1216,2728
930: 1288,3408,3550,2563,2048,1526,2781,724
931: 828,114,1223,2821,1499,3268
932: 326,3108,1578,550,3239,2847
933: 399,3335,2393,2600,48,3939,2711
934: 2515,2341,2205,821,3855,1620,2433,1961,2752,2312
935: 1806,2955,1400,2673,1511,2762
936: 291,2808,2622,1888,2152,2837
937: 229,819,3463,2449,1745,3958,3084,2238,2919,1134,3312,2490
938: 486,3845,2988,3951,715,2346
939: 3249,3625,730,1381
940: 3311,2568,3843,3429,941,93,863
941: 1786,2842,3429,3311,2596,940,1950
942: 4052,1605,2746,3736,3500,3741
943: 676,3769,1735,4080,322,3114,3860,1993,3506,2398,362
944: 1255,3190,3514,119,43,3079,2959
945: 3968,1268,3530,402,581,3560,1667
946: 3087,96,2184,1722,3537
947: 2697,3752,3541,3104,3040,2942,1629,1714,3270
948: 1156,459,1746,3549,2581,3420,703
949: 463,3552,3510,910,3871,3794
950: 1406,2887,2223,3069,1144,175,3565,3471,425
951: 1328,2559,64,3082,2096,1681
952: 2125,1691,2099,961,59,321,2942
953: 3708,2405,926,3804,2144,319
954: 2204,2428,3837,3274,42,3834,3208,510,2161,1372
955: 1086,1311,2201,3261,2445,1281
956: 2644,2338,440,2889,468,1051
957: 2378,1621,204,2267,3676
958: 2419,859,2820,3561,3209,1543
959: 2236,2078,635,3778,2224,2461,364
960: 277,986,3733,2516,775,3166
961: 1691,1952,952,1916,2590,1547,321
962: 3311,386,2239,2566,2568,2596
963: 83,3680,2789,1821,3608,3184
964: 3730,2843,283,65,3987,1886
965: 4038,2887,2223,246,2581,1352,1591,1882,175
966: 925,2476,1079,302,1439,2891
967: 2451,1482,9,3850,1639,1542,519,2923,2443,3195
968: 1955,2119,2936,2539,2,457
969: 3505,307,1890,2063,2712,2680
970: 2154,3850,1964,3235,2072,2512,1330
971: 2620,2027,556,2621,1315,2177,2352,3153,89,2073,1211,407
972: 3647,3771,2545,2299,2140,497,1483
973: 243,2552,2520,3792,1746,3549
974: 2665,1862,492,2013,1822,3966
975: 3756,3785,2095,324,355,2832,3906,1308,251,3139,2670
976: 2230,192,2970,1815,2694,3045
977: 50,292,3403,1472,3043,1011
978: 1116,3412,1585,569,3406,3378,1871,2973,3232
979: 2555,261,426,3196,3665,2035,3424,3558
980: 380,2820,357,10,3956,1089
981: 3585,671,1699,91,3584,2640
982: 2967,182,2167,3448,2694,3688
983: 1361,3597,2234,3711,3673,424
984: 203,2090,990,443,3715,1436,3323,1425,3660,2915
985: 1345,4091,3615,3725,3068
986: 277,960,2492,1243,2267,3733
987: 224,2554,1625,346,3436,571,2075,1041,3604
988: 1660,1201,2169,2108,798,398
989: 2292,3210,1741,1016,1595,4050,2121
990: 1831,2984,2079,443,1131,3715,2132,2954,1436,3323,2689,984
991: 1289,3064,2189,1943
992: 3875,2515,1209,2205,3977,1984,3681,2560,86,4054,3870,1778
993: 3144,1374,1037,1483,2034,2251,3771
994: 4020,1772,3985,451,2282,1160
995: 2043,2924,2510,2300,337,1485
996: 3172,1650,2111,3187,2474,3907
997: 3689,1714,164,3104,3270,3136,2563,2496
998: 1751,2823,1067,2691,554,2558
999: 1935,2616,2839,1185,1300,2684,493,2726,2372
1000: 2618,1197,1504,3027,673,1624
1001: 518,3062,1350,1360,2629,2318
1002: 2721,1356,2896,765,2817,1448,2840,3394
1003: 1956,4059,2735,2196,1158,3580,3815,38,4075
1004: 1940,1469,3348,2289,1285,491,1620,3855,1961,2752,2650
1005: 4026,2376,1206,2348,900,1704,2206
1006: 75,1992,1772,2336,4078,1562
1007: 2893,2769,418,3346,641,3073
1008: 2018,1515,222,4090,139,1934
1009: 2851,2465,2830,1708,2326,1064
1010: 2028,2989,766,3566,1387,3605
1011: 1496,3043,339,3581,292,977
1012: 3083,2431,4068,645,3052,3191
1013: 3167,3649,1214,395,3015
1014: 1125,4053,1540,800,3160,3797,2386,3067,2987
1015: 3207,1456,3726,876,464,2926
1016: 1741,2251,1595,284,2472,420,1284,3210,989
1017: 2454,820,2176,240,1949,3360
1018: 2905,2142,1643,3370,2634,2764,225
1019: 2307,3375,2610,1101,2757,1452,3610,123
1020: 85,2182,1458,2337,3484,3382
1021: 1513,2091,195,1224,669,3385,2624
1022: 2186,3404,3399,3101,2883,498,2436
1023: 2451,1653,1639,2051,2236,1753,2224,2461
1024: 1663,3552,2619,2394,2525,3510,500
1025: 3384,2363,3613,3865,3301,1137,1161,769,639,1325,2966
1026: 3466,1856,3357,1233,2440,2815
1027: 2885,2445,711,1281,1414,2848
1028: 3702,2477,4041,2290,1955,2539
1029: 2859,1486,3473,3179,650,1198,2391,2518,1083
1030: 3464,4031,4065,3587,2541,1810
1031: 474,2660,4089,836,3387,3614,847,4060,1194,2219,1726
1032: 4034,1962,1210,754,2729,2628
1033: 373,2377,539,3241,3980,3358,2758,1716,408,1480,2736
1034: 1968,1880,2578,2625,1373,2756,2137,183
1035: 2026,1268,441,2884,3530,3705
1036: 476,2037,2898,1916,2590,2131
1037: 2978,3144,807,993,1483,4037,2607,2545,3771
1038: 2428,3274,1638,3240,512,3162,369,3014,3105
1039: 2604,632,4064,2951
1040: 3156,3796,3201,809,837,436,3119,4044
1041: 503,1678,4008,895,2075,2207,2227,2571,3604,2554,3436,987
1042: 1627,767,2781,231,724,3283,1867,3559,3698,2274
1043: 2608,3831,1648,2775,1515,2342
1044: 845,3015,2395,2138,1899,627
1045: 3764,2719,774,157,561,2401,3243,2522
1046: 1202,365,2640,140,4002,3006,2414
1047: 2765,2434,665,566,2696,3183,3776
1048: 2717,82,2284,1781,3226,612
1049: 1302,3667,2716,3109,522,216,1553,2807,3629,3669
1050: 3826,1840,2153,689,1306,2871
1051: 468,2301,3975,956,928,2889
1052: 1710,360,3345,3524,2928,14
1053: 3695,4061,3071,1732,2212,3858
1054: 3080,1220,818,200,3550,2908,3295
1055: 505,2531,3700,776,2615,3423
1056: 3463,3958,3084,2238,1159,3528,3685,2044,159
1057: 3512,2059,848,2901,2262,0
1058: 3546,190,281,3799,838,1153,3651,3718,2688,2678,791,2574
1059: 3369,688,3918,3479,513,3267
1060: 1579,2229,3351,145,3267,846
1061: 2530,2556,854,3438,379,2523,2272,2804,2695,1286
1062: 2934,2286,2696,3776,1758,323
1063: 60,1195,3632,2345,273,2807,3109,872,1403,1626,2148,2564
1064: 1708,2913,477,2362,2326,1009
1065: 529,1915,3652,2637,1312,3142
1066: 1175,2702,1835,342,1113,17
1067: 998,3786,2823,554,2444,1818
1068: 1557,2678,791,613,2886,2060,3924,3016,1280,2483,1389
1069: 2895,224,2554,2480,3604,3697,535,3373,3722,1249
1070: 1896,1396,236,3971,3952,3094,761,2940
1071: 1076,746,71,3664,1475,2957,2757,3218
1072: 1199,2982,333,2349,879
1073: 328,1466,1114,368,253,3032
1074: 567,573,3833,3111,4001,1917
1075: 2927,3304,3608,3184,1686,3878
1076: 1574,3233,1071,3375,208,746,3914,71
1077: 2174,891,1959,1450,3245,2780
1078: 507,3130,839,2256,2408,1338
1079: 2476,966,451,2891,2296,2282
1080: 852,1309,889,3205,2366,297
1081: 2981,1355,2754,710,2866,2511
1082: 3458,2213,2962,3950,4042,918
1083: 2263,2518,3593,1858,2552,1029,3179
1084: 1764,2144,2551,659,926,3253
1085: 1212,458,3445,1279,3362,206,2635,3132,1129,3334,3926,102
1086: 3337,3682,1311,1868,955,3261
1087: 3960,56,3626,1261,3457,4081
1088: 3686,3398,1157,1551,2968,3495,3777,58,3051,3467,2050,2071
1089: 2210,10,3526,859,2820,980
1090: 2503,3553,1445,46,3441,2818
1091: 901,3576,3884,2261,3967,247
1092: 1632,3599,794,2120,3503,2794
1093: 3615,2747,1369,319,3672,2405
1094: 2442,38,1895,1744,894,4075,209,171,3681,1178
1095: 3352,3631,1231,1530,870,2247
1096: 1903,1929,3683,2585,601,3123,2024,2432,2266,494
1097: 2565,2676,2276,4022,76,2188,1694
1098: 3729,367,3707,1695,1726,906,270,2285,658,1446,2660,3091
1099: 3513,2298,317,1210,1962,2354
1100: 2800,634,3710,666,228,3176,2417,2259
1101: 2610,1742,2757,3163,1452,1019,3610
1102: 2879,524,1980,2633,445,2704
1103: 2700,3820,3154,1376,1740,359
1104: 3151,2330,787,3227,179,2749
1105: 2802,351,544,1430,2172,3203,2583,1148,3521,1906,456
1106: 603,3478,2805,3531,700,1664,3972,860
1107: 2558,3964,2826,2617,3535,1808
1108: 187,3791,26,2831,2943,3291
1109: 2532,3378,1871,3516,3456,3848,235,728,2861,3406
1110: 2894,3076,1415,621,3711,3673
1111: 2910,2245,3976,2950,1386,2295
1112: 1714,3813,806,2163,164,855,2614,3541,3104
1113: 2466,17,2322,1175,1066,2057
1114: 2239,2566,328,1073,2981,368
1115: 3563,3650,2850,3407,317,377
1116: 3,3929,978,569,1262,2052,2232,3232,1696
1117: 570,2976,2540,3520,3174,678,2384,2909
1118: 3597,2234,1174,3391,626,3640
1119: 3050,748,868,3306,495,3717
1120: 2697,3040,3564,768,312,3755
1121: 2507,2767,404,1474,3782,2221
1122: 3575,1998,2328,3804,319,3672
1123: 288,2987,3877,506,3120,1994,1246,2122,2506,3849,836,3614
1124: 3879,1654,612,2873,511,3226
1125: 1014,3030,4053,1540,3887,3797,3376,652,2386
1126: 3512,3912,0,2166,3788,298
1127: 2770,3779,2645,796,2118,3918
1128: 3921,3866,2991,2441,3790,841
1129: 149,556,1315,2177,3744,3132,1085,206,3153,3334,3926,2073
1130: 1233,656,3204,2592,823,3466
1131: 722,1847,990,1831,2984,2079,72,2132,3065,3323
1132: 2036,90,2639,2248,3552,2394,2157
1133: 2902,2772,2216,129,1936,3835
1134: 3796,3201,837,436,1796,229,3463,2238,937,2490
1135: 117,251,3783,3296,2220,805,3139,2670,2504,2638
1136: 3962,2356,484,2535,1878
1137: 2656,3627,3301,1025,1465,3384,639,2966,1151,3618
1138: 1528,3638,2961,1460,431,2690,833,232,3659,531,3170,3822
1139: 2464,2693,507,2256,242
1140: 1794,690,3939,2711,3497,1971
1141: 2244,329,2922,2424,574,3935
1142: 912,3173,2856,3212,3827,1799
1143: 3005,207,210,3831,2360,599,3354
1144: 1406,189,2887,2223,792,3069,950,1318,3624
1145: 2503,3553,3077,3572,1552,2853
1146: 720,32,3306,137,3717,3121
1147: 773,3129,3525,1343,2218,3704,2732,919,2638,740,4076
1148: 1105,31,1430,2172,3203,2583,1906,3141,3825,2030
1149: 3534,2321,1407,3152,393,3234
1150: 2862,2327,2324,153,1800,1493
1151: 622,3618,1909,352,3627,2364,3301,1137,1161,639
1152: 3021,3487,1875,331,2827,1837,1626,2335,2564,2647,221,1946
1153: 3546,190,1424,838,1058,2533,2688,874,1449,2519,695,3643
1154: 608,309,3065,2730,2745,3192,2687,2810,857,1831
1155: 3242,2314,2890,2127,3628,481
1156: 459,2992,1746,3039,2263,948
1157: 2968,1088,3495,3023,58,2071,1819,3940,869,3729,2456,2285
1158: 3340,4011,2165,25,3580,1003,3815,4075,3875,2341,171,1600
1159: 3343,3724,649,3528,320,2044,1056
1160: 172,3747,2041,2282,4020,994
1161: 1246,639,800,2966,3577,1025,3797,3376,1151,3618
1162: 1557,3383,1437,3731,405,1164,3395,1399,2368,252
1163: 3388,1717,3200,387,721
1164: 867,3395,3416,1399,2368,1162,1437,3731,252,2294,2674
1165: 2110,3413,3314,3829,1519,3544
1166: 2803,3415,2409,2025,2066,422
1167: 1336,2340,2783,517,1845,3812,2601
1168: 2065,1884,2962,396,3183,665
1169: 286,3515,4094,3417,898,2139,2136
1170: 3071,2703,2613,3053,2212,4046
1171: 2233,3714,242
1172: 1843,3907,2240,735,192,2111
1173: 660,2277,803,2260,3751,597,3868,2666
1174: 2283,3391,3709,353,3597,1118
1175: 1066,342,886,2570,2322,1113
1176: 661,3706,1326,563,3257,2357
1177: 2550,2423,3734,885,2963,3149
1178: 2306,444,2925,2442,1094,3977,1984,3681,4054,2792,1778
1179: 706,1477,2621,2352,2400,3889,2460,1790,2985,435,624,2006
1180: 11,1642,2354,691,2494,662
1181: 2983,2792,3857,547,3085,444,3557,2508,24,448,1416
1182: 475,1747,4062,3365,1395,2542,542
1183: 3646,2595,1748,2419,3561,3864
1184: 1980,3810,2278,2633,2899,2649
1185: 1300,2684,884,999,2547,1903,2726,3123,2372
1186: 2464,2693,375,3336
1187: 3494,541,2485,485,2421,2495
1188: 1539,917,2123,2061,3578,2721
1189: 2509,3108,550,1821,3184,3878
1190: 502,515,3231,1523,2367,3042,2941,1449,411,3342,3452,3072
1191: 3992,3275
1192: 2581,3420,1352,3404,2351,1591,703
1193: 2399,2292,1295,3459,2653,2121
1194: 1031,3523,474,3302,2219,2631,1685,3322,728
1195: 686,316,60,3632,1771,1063,2345,3350,2731,3551,872
1196: 3491,1937,1291,3590,739,2261,3967
1197: 1587,578,2618,1000,3633,3538,3324,1504
1198: 921,3593,3386,3716,3473,1029,3179
1199: 3735,1072,2982
1200: 834,3764,3240,774,512,4095,1975,2522
1201: 1660,481,2169,134,988,2127
1202: 3880,2846,1046,3584,365,2640
1203: 2446,3412,3011,1585,2185,899,3517,2753,1791
1204: 3900,3746,2217,299,2878,3363
1205: 2811,3622,871,494,3237,3449,2266,2344,1724
1206: 2376,1005,194,2348,572,1673,2501
1207: 3026,845,2379,2395,1698,180
1208: 1932,3244,644,2420,2751,3539,2852,707,1636,2410,1257,2203
1209: 992,2515,2205,3977,821,2560,2433,2264,86,4054,3409
1210: 317,1099,3650,2628,1962,1032
1211: 3738,1460,3159,407,2620,2027,971,89,3978,2179,2487,2632
1212: 1085,675,810,458,3445,1279,206,2170,2171,2635,758,102
1213: 1354,3710,3176,738,898,2708,1891,3180
1214: 909,3649,1013
1215: 3818,606,2667,2787,1670,2149
1216: 278,3316,929,1577,2863,1860
1217: 2932,802,3761,1769,2274,1933,1391,300,1867
1218: 1410,162,3586,3965,3721,3020
1219: 3289,3917,3057,1957,3941,1798
1220: 1567,3080,1054,3112,394,200
1221: 469,3996,2317,1966,3701,2255
1222: 1372,2164,252,1893,2935,3110,2294,413,2674,867,3395
1223: 2392,1630,2821,1499,2956,931
1224: 195,1021,2624,482,2326,2465
1225: 2626,2947,567,3840,3538,1978,249,865,3308
1226: 199,3547,2657,2774,1384,1408,263,3145,3545,2858
1227: 20,568,203,2958,55,2090,3936,3507,2771,3660
1228: 1675,664,1859,2986,87,3197
1229: 2304,3113,234,3903,2593,3390
1230: 4021,143,1979,3393,2329,521,2707,165,506,483,2817
1231: 3411,1095,3631,2994,1784,1530
1232: 130,3453,3229,643,3841,758,1946,3611,2135,1792,2335,1812
1233: 1130,656,3668,2440,3466,1026
1234: 562,3092,484,3486,3360,2356
1235: 3325,414,114,3571,1451,3596
1236: 3880,3584,3585,3442,2492,3733
1237: 3691,3641,1562,2333,816,75
1238: 514,1902,3662,3106,856,3219
1239: 1248,2453,1564,1416,1897,3857,2076,854,2695,2468,178
1240: 186,3454,3410,2049,2324,153
1241: 346,1789,1820,2825,3001,3264,3760,2199,276,1692,2039
1242: 523,3115,2257,614,384,2793
1243: 277,3357,204,986,2267,1427
1244: 3730,1879,163,65,2473,2269
1245: 2311,2671,3519,3147,922,2491
1246: 1161,1325,800,2122,3577,808,3160,2506,288,2987,1123
1247: 884,534,2427,666,1314,2547,2417
1248: 2453,3475,1239,763,651,2695,2468,3521,2737
1249: 190,2533,3718,2938,224,1069,895,2227,3604,535,3116,2265
1250: 1252,2538,1785,3221,185,449
1251: 1274,3925,2603,2612,2819,667
1252: 2864,2538,776,1250,3221,2615
1253: 2641,3801,446,66,2489,2512,3135,1964
1254: 202,3856,3648,3663,2544,2359,2686,1321,3802,88
1255: 3190,1830,944,3573,2679,2740,343,119
1256: 1393,2777,1537,531,3333,1613,539,3241,801,3638,2914
1257: 2410,111,2203,2363,3613,1208,516,3244,644,2662,2325,1657
1258: 1494,1323,4015,2995,2416,1518,2430,3208,3814
1259: 625,3433,2450,3934,1961,447,2650,1293,2312,1601,771
1260: 568,2958,55,1317,3936,3507,3783,439,2220,1549
1261: 3749,1087,3626,3948,4081,1671,876
1262: 2973,2052,2699,3636,3232,878,3223,1116
1263: 2569,230,3740
1264: 1729,3790,841,633,410,2557,3943
1265: 2250,3265,3893,39,1548,1913
1266: 509,3164,1969,3262,3922,2714
1267: 1932,3940,3244,869,644,2420,2001,3570,2751,2876,3342,2790
1268: 945,3968,2884,4019,3530,1035,2183
1269: 532,2317,1401,3344,3996,3988
1270: 1889,2710,6,1861,404,3782,3991
1271: 4028,1525,1737,177,4033,3157
1272: 4039,3908,115,1755,3143,358
1273: 3374,4042,918,1397,752,84
1274: 4049,1251,770,3925,667,1661
1275: 3995,1559,2373,2080,3859,916,3796,809,305,2109
1276: 2758,2105,2443,668,1716,3582,1408,1863,3145,3358
1277: 1554,51,2134,3644,260,110
1278: 3450,369,4095,3482,2677,18,512,3014,3105,2430
1279: 1085,1212,810,458,920,3362,2170,2635,3093,3334,3074,102
1280: 3924,1303,1736,2000,2483,2228,3000,92,3140,1502,1068
1281: 2445,1027,3365,2201,955,2848,2241
1282: 3012,4007,777,3165,2280,1793,833,3600,462,232,279
1283: 2350,3046,2092,533
1284: 3214,2353,3210,1016,2034,2251,2472,416
1285: 3930,1940,1433,3348,2289,1004,2411,2268,3855,3047,814
1286: 2695,4083,708,178,2737,13,389,2530,1061,2523
1287: 815,1452,781,3619,3610,123,2529
1288: 930,3550,2563,2496,2048,3689,200,1526,3295
1289: 2573,991,1404,3064
1290: 1345,3708,2576,2880,201,4091
1291: 1196,445,1937,2704,3927,739
1292: 2883,2832,1954,3906,2436,2763,2095,324,355
1293: 1259,3433,2450,1961,2752,2650,1601,1469,491,2339,2242
1294: 2253,1877,1531,2722,333,879
1295: 2399,2292,1439,1193,2353,783
1296: 3280,788,1953,1573,2455,3359,130,2031,3846,2135,3518,624
1297: 3642,3876,1451,1612,3596,3508
1298: 3282,3343,649,3177,2725,3390
1299: 654,3386,1866,81,2643,2271
1300: 1185,850,2684,884,534,2100,999,2547
1301: 3351,3997,2816,1522,245,3745
1302: 335,1049,1701,3667,3983,2716,2841,872,216
1303: 1280,2909,1736,2000,2483,2228,2733,570,2744,92,212,1502
1304: 1782,381,3955,2990,181,576
1305: 2555,1409,261,426,4079,3562,2159,1341,525,2093,3035
1306: 504,2871,2937,2153,1050,3038
1307: 729,2460,1790,1490,628,3518,2180,3099,3462,3543,389
1308: 805,3139,2670,2832,300,802,1615,1933,3756,975,2095
1309: 889,3205,1080,473,2273,3719
1310: 173,1809,2289,3982,3129,2727,1750,3330,560,2339,2732
1311: 3337,1086,955,2058,2445,711,2882
1312: 3574,271,749,3142,1065,2637
1313: 1930,174,3558,2623,2467,2159,4079,1425,3656,460,1938
1314: 2145,3055,2547,1903,2417,884,1247,666
1315: 149,556,1477,2621,971,2177,1129,3904,3744,643,206,3153
1316: 2191,827,2605,637,2569,3740
1317: 2958,1260,55,3936,3783,1549,2504,3704,1802,4076
1318: 189,2223,792,246,3869,1144,3293,2681
1319: 2597,3788,127,298,2297,3083
1320: 1930,698,1344,2646,2689,3192,3743,4077,857,2310,2132
1321: 2686,88,2805,3531,3663,3972,2359,1254
1322: 2387,1659,101,896,3254,2156,2949,1833,144
1323: 4015,2416,1518,1258,2796,3814,548,3952
1324: 2885,2479,3639,160,3198,2778
1325: 33,1246,769,1657,2966,3577,808,2506,1025,3613,4035
1326: 2553,1176,563,2357,2627,2589
1327: 511,3303,2617,716,1654,2128
1328: 2559,64,951,692,2636,2722
1329: 823,3466,1856,2126,2092,2088,4074
1330: 2072,2512,1434,2154,970,2334,2475
1331: 1405,1685,778,3356,2173,3169,2631,1783,308,2795,122
1332: 400,2176,3714,881,2083,820
1333: 141,2910,2295
1334: 1699,2365,621,3960,56,2894
1335: 2486,858,2863,1533,2767,3653
1336: 1167,2340,3812,1864,3898,1981,3372
1337: 2054,1852,2971,2498,3216,1652
1338: 3002,2435,3839,1078,839,2408
1339: 3446,1650,461,2338,3187,1538
1340: 764,341,372,3237,3062,575,3468
1341: 2406,683,3036,525,3035,1305,1409,526,1637,3472,1363
1342: 166,3494,485,1853,2565,2276
1343: 1147,773,3525,415,2727,740,2303,221,3489,3202,3806,1837
1344: 1930,174,698,3558,1320,1641,2623,3323,2646,2689,2310
1345: 1290,3708,985,4091,2405,3615
1346: 2160,899,497,3011,3009,3647,2797
1347: 2178,1888,760,4016,3954,1811
1348: 2214,1881,2675,770,332,3480
1349: 623,690,3497,1956,2222,1467,3817
1350: 2181,518,1001,2318,3361,385,1724
1351: 3686,3398,227,1873,2323,1993,262,631,4082,4080,579,2478
1352: 2581,3420,1192,1591,1882,175,2887,965
1353: 2978,750,487,2664,2336,4078
1354: 528,1213,3176,2669,898,2708,2136
1355: 3477,1081,2011,3671,873,2754,710
1356: 2721,2817,3394,1002,3699,917
1357: 2969,3534,2358,1570,3902,842,41
1358: 3916,116,3697,535,874,3116,3373,3722,1807,345,2197,3979
1359: 2928,254,3288,1939,752,3193
1360: 3402,518,1688,2355,2629,1001
1361: 3597,983,424,2283,1919,3451
1362: 31,544,732,1430,1635,2952,3203,4007,3165,3600
1363: 258,3472,3679,1780,4029,2412,2406,683,2084,1341
1364: 3891,2844,297,3909,3684,441,2884
1365: 3691,1652,816,2054,3188,125
1366: 3278,318,2077,28,3675,1419
1367: 2142,3370,2889,440,3461,687
1368: 3901,2146,47,2917,1689,309,2687,2469
1369: 3615,2747,3725,1093,2426,74
1370: 1905,2599,490,2226,2608,207
1371: 789,2004,3332,250,2655,3942
1372: 252,1222,1893,3910,2674,3434,3837,510,954,1418
1373: 2625,684,3984,3690,2756,1550,1034,2578
1374: 750,3144,993,2034,2251,2865,416
1375: 3677,2719,774,719,3443,3243,2755,3016,2000,617,2733
1376: 1103,3154,2388,359,2874,3310
1377: 2964,3484,2017,1659,3254,736,2182
1378: 755,3389,1471,2579,3318,3599,280
1379: 2923,2758,2105,2443,1716,3582,408,3763,3195,1542
1380: 3995,751,1559,2373,3859,3177,3685,159
1381: 3666,162,3721,730,939
1382: 655,3588,1814,2319,2390,3723
1383: 3756,2382,3785,1693,2343,117,3930,1809,466,2411,3982
1384: 199,2387,3547,101,2657,896,2156,1226,3024,263
1385: 2822,4003,3299,2749,1464,470,2459
1386: 2868,2295,795,2950,747,1111
1387: 3566,1413,2911,3556,766,1010
1388: 351,2952,2583,3612,2281,536,2949,896,2156,3024
1389: 3924,2755,3016,1736,2483,77,2886,3630,2060,1068,1829
1390: 2014,1843,23,3168,3045,3688
1391: 1583,2832,2313,300,3906,3206,2763,1867,2932,1217
1392: 1749,2162,213,609,3271,3272
1393: 373,1537,1256,539,4004,3241,2914,3279,660,1480,2736
1394: 893,3290,2738,2862,2327,3928
1395: 1182,1747,3365,2542,542,275,2201
1396: 2796,1489,1070,3380,236,3971,256,3952
1397: 2705,752,3401,3193,1273,918
1398: 543,3438,379,2211,1618,2560,2433,2264,86,3409
1399: 817,2463,3126,1164,3395,2016,3416,2368,3383,1162,2294
1400: 2955,3419,935,2673,1991,4069
1401: 532,3017,2317,640,1269,1966
1402: 1951,2761,3986,3313,2162,3271
1403: 2827,1837,1626,2564,2647,620,273,2807,2303,3970,3669,1063
1404: 1289,2573,3064,3717,3121,3050
1405: 579,362,1658,778,1331,2173,3888,3169,2478,1735
1406: 189,3069,950,1144,3260,1774,3368,3624
1407: 1149,3534,753,3152,2358,2128
1408: 263,3145,3545,2774,1226,2858,3049,1276,668
1409: 1777,1305,261,3562,4044,526,1341,2093,3035,3472
1410: 1943,3320,162,3586,1218,2189
1411: 472,3598,2946,3252,4036,830
1412: 2835,715,486
1413: 1387,428,2911,1982,3741,3556
1414: 2885,2479,1027,3816,793,2848
1415: 3076,1110,1922,147,3711,3828
1416: 3353,1564,3150,1239,448,2508,1181,1897,2792,3857,547
1417: 911,3883,2270,1593,3661,3938
1418: 3814,588,42,3208,510,1518,1372,3910,3434
1419: 2252,1366,28,2759,1904,3675
1420: 2237,2390,904,572,3490,655
1421: 87,3263,2404,553,2855,2986
1422: 3133,2435,646,30,848,2262,3993
1423: 3769,49,322,3056,3356,3502,2447,1597
1424: 1153,2533,2688,874,2068,2197,2265,3231,1449,2519,695
1425: 3656,3660,2915,2202,1938,443,1930,1313,1436,2623,984
1426: 3905,2444,2648,3852,2098,3421
1427: 349,3592,2815,3357,204,1243
1428: 2798,3081,555,3407,1501,377
1429: 2438,1534,499,1653,371,2051,52
1430: 1105,31,3203,1362,1148,1906,3141,3825,628,3003,3765
1431: 2625,3285,1432,3287,418,2769,2578
1432: 2625,3285,684,3803,3287,1431,2526,2578
1433: 3930,1285,466,2411,792,3293,1693,3687,3047,814
1434: 2072,3300,215,1330,537,2484,2334
1435: 1697,3986,3313,589,2990,3331,3807
1436: 1930,2623,3323,2689,990,443,984,1425,3656,3660
1437: 3383,1162,3731,3630,2204,3837,356,1164,252,2294
1438: 2600,3471,425,3447,48,313,2288,757
1439: 2399,1295,2891,783,966,302
1440: 912,217,2462,2856,3446,461
1441: 3682,2371,1868,2491,3414,2309,2671,551,226
1442: 107,336,2540,3312,2490,3520,229,819,2449
1443: 2920,3086,3297,1752,2838,2548
1444: 107,336,3443,1986,2744,3312,4010,2713,2743
1445: 520,2503,1090,4039,3441,115
1446: 2968,875,227,1873,3495,3023,3729,3707,1098,2285,3548,3091
1447: 1974,3926,1561,89,780,2073,3872,3051,3978,2734,826,2993
1448: 2097,1775,2896,2840,2685,3394,1002
1449: 3452,2519,3072,874,2068,1424,1153,1190,515,3231
1450: 1967,927,3245,3498,1959,1077
1451: 1297,1612,3596,3268,1235,114
1452: 3163,781,1287,1101,1019,3610
1453: 35,3440,3864,3031,3621,2595
1454: 2477,4041,247,3884,840,3623
1455: 784,3949,3294,2119,1565,30,3993
1456: 3207,4002,1015,876,3006,3626,3457
1457: 2397,3087,2010
1458: 3118,85,3801,446,736,2182,1020
1459: 3474,220,3768,3915,3319
1460: 1528,3638,1138,2258,3738,1497,2961,431,3159,1211,407,2632
1461: 3259,3422,786,3403,1472,205,2916
1462: 4048,3430,1854,4005,312,3270,1629
1463: 3292,3902,128,3616,3833,1921,4001,842,3037
1464: 2822,1536,3750,3366,1385,3299
1465: 433,3384,2363,2369,3865,2101,1560,594,3301,1137
1466: 328,3325,3571,3435,1073,253
1467: 3327,2089,3817,1349,1956,4059,2222
1468: 685,2192,3336,630,375,1869
1469: 173,1940,3348,2289,1004,2411,491,3982,2339,2752,2650,1293
1470: 1761,2537,3255,1928,255,3381
1471: 755,3389,1378,2579,3833,3111,128,280
1472: 50,1461,3422,786,3403,977
1473: 764,538,3524,2074,3382,360
1474: 1121,3782,3816,2710,2479,2221
1475: 2301,2957,2610,2757,1071,3375,746
1476: 1671,4026,626,2376,194,3948
1477: 1179,149,556,2621,1315,2177,2352,2400,3904,3846,3744,624
1478: 2803,2409,2438,2664,1534,487
1479: 3992,3068,3725,2426
1480: 3279,660,2481,2736,803,1393,373,1033,4004,3241,3751
1481: 537,903,2484,1884,239,3300,2213,3950
1482: 967,9,3850,1964,3235,519,2923,756,2489
1483: 3144,1037,993,2607,2545,2140,2251,3771,972
1484: 754,2851,2465,2628,1668,2624
1485: 205,337,2916,2718,995,2300
1486: 2859,3315,1029,650,2715,2391,3437,108,1907
1487: 4024,3280,3543,788,106,2799,779,3185,543,2906,2272,3148
1488: 3273,471,3998,1989
1489: 3380,1396,3971,256,3477,710
1490: 1307,729,3518,2180,3099,2523,3543,106,1953,2804,4083,389
1491: 3096,2120,913,3606,334,1842
1492: 409,2963,2193,168
1493: 390,1800,2404,2855,1150,2327
1494: 3014,3105,4015,2995,1518,2430,1258
1495: 697,2550,1568,2423,7,2497
1496: 3043,2056,339,1646,2499,1011
1497: 1528,3638,3738,1460,431,3159,2918,2179,2385,2632,1613,3822
1498: 35,3440,2955,3419,380
1499: 1223,1630,3866,2991,931,3268
1500: 3010,1586,1705,2448,264
1501: 2298,530,3054,377,2798,1428
1502: 503,3000,92,3140,2571,3924,1280,1303,2483,3651,791
1503: 399,1614,3437,108,3250,2019,3224
1504: 3324,3488,3634,3027,1197,1000
1505: 3965,3969,3143,3469,3020,3371
1506: 2471,602,15,725,3379,376
1507: 263,3659,1863,3397,4084,156,3328,3165,2690,1793,3748
1508: 3920,3492,3400,28,57,2077
1509: 2055,381,1898,1823,2998,2168
1510: 248,262,2734,3506,631,4082,2179,2385,2398,2487,826
1511: 3637,1665,417,2762,1806,935
1512: 3405,181,3230,3658,3331,696
1513: 2091,1021,1828,669,2867,3385,1886
1514: 2672,2347,3589,2230,1815,329
1515: 2775,1008,222,1043,1934,2342
1516: 1947,877,3753,4036,1684,3674
1517: 3792,1581,94,3549,2351,703
1518: 1494,1323,2995,1258,3208,3814,588,1418
1519: 3007,2996,2107,3314,1165,3829
1520: 1808,3852,2098,3964,452,391
1521: 3770,3004,3022,564,584,176
1522: 2124,3899,3745,2816,1301,2138
1523: 502,1190,591,2113,1596,2367,3042,920,3215,1584,3981
1524: 198,1566,488,3452,4013,3539,695,3643,2852,2016,2588
1525: 4028,4093,2422,1271,266,177
1526: 4055,2781,724,3295,1288,930,3550
1527: 3122,3763,3195,2277,2481,803,2666,1753,635,2224
1528: 2006,1138,2258,3738,1497,2961,1460,431,2690,2280,232,3822
1529: 1662,3326,2996,1707,2291,392
1530: 3151,3352,1095,1231,1784,2330
1531: 2559,2081,2722,2253,105,1294
1532: 2907,3389,2579,3851,3111,3355,2921
1533: 2507,2767,1987,1335,282,3653
1534: 2803,2438,62,1478,499,1429
1535: 886,3569,2806,2322,514,1902
1536: 3750,3366,1464,2903,3772,3338
1537: 1393,2777,373,3333,1256,1613,4004,3241,49,3114,2914,3279
1538: 1339,3446,2338,3762,2972,468
1539: 1188,3030,917,343,2123,119,43,3578
1540: 1014,1125,4053,1920,3160,3067,2707,2987,165,3120
1541: 179,3173,3117,2822,3750,733
1542: 2451,967,9,2923,1379,3122,3763,3195,1753
1543: 1848,3209,3713,2419,958,2415
1544: 3236,1646,3075,1879,2002,3805
1545: 3848,235,714,3322,2022,2141,728,2861,3523,3456
1546: 3481,622,237,2679,1909,352,2364,2175,293
1547: 2697,2590,3752,2131,3040,321,2942,961,3564
1548: 2403,2250,3265,3217,1265,558
1549: 3783,3296,2504,2638,1260,55,1317,2218,3704,4076
1550: 3189,3450,2756,2137,18,142,3690,1373
1551: 3686,3398,2968,1088,1873,169,3051,3467,2050,636,2993
1552: 1145,3946,3572,893,3290,2853
1553: 2807,3970,3629,437,20,522,301,216,1049,2716
1554: 51,1277,3644,2174,450,891
1555: 40,3700,3674,3252,1684,3455
1556: 921,3522,1866,2290,3702,290
1557: 2678,3383,1162,3731,613,2886,3630,2574,405,1068,356
1558: 3842,2392,3346,641,463,1663
1559: 3995,1275,3619,751,1380,2373,2529,3859
1560: 2656,3627,594,150,3301,21,2164,1465,3384,2369
1561: 1974,3153,3926,3074,89,1447,780,102,2235,3872,169,2993
1562: 1237,3882,2333,75,1006,2336
1563: 2349,879,2389,1877
1564: 2453,3150,1239,651,448,1416,3857,547,2076,2468
1565: 338,3949,2119,1455,2936,2783
1566: 1524,488,4013,3539,2852,2463,707,2016,1995,2588,2420,1636
1567: 3922,663,3080,1220,2999,3112
1568: 697,3008,1495,7,353,211
1569: 3089,3028,4006
1570: 2875,3292,3902,1357,880,2358
1571: 2546,265,3068
1572: 1631,3157,2682,59,378,2125,8
1573: 4024,3280,1296,788,2799,3359,1812,3098,4032,3185,1875,130
1574: 3233,1076,1619,208,3424,916,2080,3196,3665
1575: 2770,393,3234,796,3097,1647,3033
1576: 419,3774,3269,95,4073,1651
1577: 3316,1216,1860,723,3125,677
1578: 3108,932,3349,2847,2422,266
1579: 1060,3351,2816,2155,627,846
1580: 1683,3777,3215,169,843,3467,3981,920,1974,3074,2235,3872
1581: 3430,4005,1517,94,2186,2351,703
1582: 2273,789,743,250,1598,3873
1583: 1391,498,2313,3206,1867,103,3408,2048
1584: 1683,3777,3215,843,455,2071,2790,3981,1523,2367,2941,2001
1585: 2446,978,1203,3412,3823,569,3406,2029
1586: 1500,4027,2448,804,3781
1587: 611,3542,578,1197,3633,249,2651,3308,3307
1588: 2901,2262,2652,646,1901,2293
1589: 382,647,546,2788,2360,3354,1767
1590: 2514,3431,3066,3223,1759,218,1773,3127,2881
1591: 1192,3919,1352,3404,3399,1882,965
1592: 608,2745,2687,2146,2892,434,592,12
1593: 923,2270,2912,3661,1417
1594: 2821,2956,3073,1786,1950,3181
1595: 1741,1016,3009,3647,284,2472,420,1990,2797,989
1596: 502,515,591,2113,1523,136,1941,3042,2945,3093
1597: 3502,2527,2447,1423,3769,3056,3356,196
1598: 3873,2112,69,3239,1582,743
1599: 26,2215,267,2104,3896,2130
1600: 3875,2341,2205,209,171,821,1158,4011,3855,2165,3815
1601: 1259,3433,2650,1293,173,491,2727,2339,771,3202,2242,2370
1602: 2470,2039,335,1701,2841,2741,709,3001,1771
1603: 2380,630,2586,2683
1604: 831,2046,3100,2706,735,2067
1605: 1768,4052,2254,942,785,2746
1606: 3175,623,3854,2147,825,2488
1607: 80,3439,2316,1908,3557,1925,2833,2021
1608: 3565,2801,2086,1677,2609,3039,557
1609: 419,3052,3191,1765,2748,2589,3269
1610: 401,882,2085,1931,3096,913
1611: 2237,3186,3490,2582,327,1672,2181
1612: 3642,1451,1297,3268,3921,2991
1613: 1537,3333,1256,801,3822,3638,1497,2918,2385,3114,131
1614: 399,3335,3437,1503,108,1907
1615: 802,3339,3761,1933,2832,1308,2513,805,3139,2670
1616: 686,3063,3350,3048,1807,345,675,2500,3093,421,2945
1617: 587,465,2103,291,2808,3540
1618: 543,2556,1398,3438,3148,625,3934,2560,447,2264
1619: 1574,3233,2307,3375,916,123,2080,3665,2109
1620: 1940,3348,1004,3855,2165,3047,2341,934,821,2752,2650,2312
1621: 2378,1711,957,3442,2492,2267
1622: 766,3500,2042,2924,2510,3556
1623: 412,344,2524,3225,3392
1624: 684,673,2526,3984,2618,1000
1625: 2895,2554,346,1789,1820,3436,987,3001,3604
1626: 3021,331,2827,1403,1152,2148,1792,2335,2564,2647,60,1063
1627: 767,2577,231,799,1042,1797,2730,2810
1628: 2056,4051,325,2097,2685,34
1629: 2697,947,3104,1462,1854,312,3270
1630: 1223,3842,2392,1499,2768,3866
1631: 3418,1572,59,2784,378,2614,681
1632: 2907,3389,1092,3599,3724,2794
1633: 3692,2835,3070,3824,1826,3989
1634: 1973,1957,2951,2452,3941,36
1635: 544,732,2952,1362,3600,2657,2156,3024
1636: 2410,111,2642,2203,433,1566,2852,707,1995,1208,3244,2420
1637: 436,3119,526,4044,1341,3472,4029,2412,3944
1638: 2428,3274,42,1038,1829,3834,2161,3240,3162
1639: 2451,967,1653,9,3235,371,1023,1753
1640: 1904,3493,3182,2643,2517,429
1641: 698,3558,1344,2646,3743,3862,3990,3424,2035
1642: 2200,3220,11,1180,2494,2668
1643: 2905,2764,1018,225,1924,2892,340,592
1644: 3089,2007,2402,78
1645: 472,214,2946,677,4022,723
1646: 1496,3043,3236,1544,2499,3075
1647: 3931,2567,3033,1575,393,3097
1648: 3005,285,1043,3831,3155,2775
1649: 3668,1758,4000,3166,2286,2516
1650: 1339,2644,3172,2338,3187,996
1651: 4073,3228,3774,1576,285,3211
1652: 3216,1365,816,3128,2054,1337
1653: 1639,371,1023,2051,499,1429,52
1654: 3879,1124,2053,511,1327,716
1655: 1970,2572,294,3974,3713,2195
1656: 2374,2072,2115,2512,3135,215
1657: 33,769,1325,2966,808,2662,1257,2363,3613,2325,4035,2320
1658: 3548,579,3124,1405,1685,362,778,2173,3169,875,2323,4060
1659: 2387,1322,101,1948,3254,2949,2017,3757,144,1377
1660: 1201,798,134,988,3444,3400
1661: 667,1274,770,3480
1662: 1768,3529,3501,3326,1529,2291
1663: 463,2525,3510,1024,418,1558,3346
1664: 761,603,3478,3531,2940,700,1106
1665: 417,1511,2762,3533,759,2814
1666: 3098,4032,221,366,790,3489,3202,2242,3536,415,3806,3487
1667: 3901,3560,2231,2287,945,3530,402
1668: 3563,3650,3385,2624,1484,2628
1669: 3460,3819,4018,3511,3739,679
1670: 877,2149,3753,606,1215,3895
1671: 4026,1476,2064,3749,1261,3948
1672: 2854,2582,327,1891,385,3186,1611,2181
1673: 2501,2611,3391,3709,2528,1206,194
1674: 3285,3803,3287,500,3893,39,2619
1675: 2653,664,1859,465,2103,1228
1676: 2786,3891,2366,552,862,3589
1677: 3565,2801,425,2086,3447,1608,2609
1678: 4008,3000,212,2075,1041,2207,2227,2812,2571,571,1780
1679: 2587,3746,2217,2576,2880,3253
1680: 286,3053,1944,2319,4046,1814
1681: 5,3798,2493,951,3082,2096
1682: 1717,3194,2603,2819
1683: 3777,3215,169,843,1584,2050,2790,3981,1580,591,2367,2235
1684: 1516,4036,3252,1555,3674
1685: 1658,778,1331,2173,3169,4060,1194,3302,2631,1783,308
1686: 2927,1075,3304,3608,1776,44
1687: 1713,559,829,3317,2085,2459
1688: 3402,3345,1360,2629,14,4085
1689: 1368,146,2917,1892,2577,3555,2469,2810
1690: 3405,3426,2018,2888,3658,139
1691: 3460,4018,2125,1952,961,952
1692: 1762,3760,276,583,3476,16,1938,3025,4092,1241,2825
1693: 2382,3785,2681,851,3687,1383,2343,792,3930,1433,466
1694: 549,3818,2787,2565,1097,2676
1695: 367,906,1098,270,2320,33,2122,2506,3849,2660,3614,1994
1696: 1791,219,478,3,1116,3929,3011,2185
1697: 2897,3938,3986,1435,124,589
1698: 1207,3026,180,3943,4,3809
1699: 671,2365,981,91,1334,3960
1700: 754,2729,2851,2950,2830,3976
1701: 1302,2039,1602,3983,2841,3476,3025,4092,2825,3001
1702: 3862,3218,3990,3874,1718,3914,71
1703: 4021,325,853,1979,4012,3393,2097,1775
1704: 4026,1005,900,2064,2482,3957,3892
1705: 1500,2448,3853,4087,264,3628
1706: 152,4070,4047,2194,1844,1960
1707: 97,2187,2291,2996,2107,1529
1708: 2913,1064,1009,2830,523,2383
1709: 3502,2527,2260,4063,3932,597,1857,2447,314
1710: 3937,2705,1052,3193,360,2928
1711: 3038,2378,2742,1621,3442,423
1712: 2750,2517,429,3773,598,268
1713: 559,3317,1687,3321,2459,417,2814
1714: 806,1112,164,997,3541,947,3104
1715: 3115,2793
1716: 1276,2758,1379,3582,361,3980,3145,3358,1033,2736
1717: 1163,1682,3200,3194
1718: 2114,434,1702,4077,3218,3990,592,3874,3664,71
1719: 2723,3167,2524,3225,395,2379
1720: 3256,2785,167,615,1900,3029,2561
1721: 350,3421,3905,755,3318,2931
1722: 2879,3537,524,946,3329,2184
1723: 509,3164,70,3732,616,3332,2979
1724: 3361,2344,63,1205,3237,1350,575,2318
1725: 2890,2151,832,1760,191,4014
1726: 3707,906,1098,270,2285,875,1031,2660,3387,3614,4060,3091
1727: 2671,3519,915,61,3238,640
1728: 3217,41,813,842,4071,3634
1729: 3790,1264,841,410,3943,3809,2087
1730: 2304,234,3338,733,3827,480
1731: 2427,3836,2580,914,3645,2800,634,666
1732: 3695,1053,3858,697,211,2630
1733: 2299,1803,158,3367,1983,3868,2666,3778,364
1734: 3886,2606,3329,2184
1735: 676,3769,943,4080,3056,3506,1405,362,3356,3888
1736: 3924,2755,3016,1280,1303,2909,2000,2483,617,1389,2733
1737: 4028,3942,1271,2655,4033,354
1738: 390,1800,1822,2692,3966,3504,3341,3432
1739: 831,3461,2183,687,3100,3654
1740: 726,359,892,4025,2700,1103
1741: 1016,1595,420,1990,3197,4050,4067,989
1742: 2972,2610,3975,1101,4058,3163
1743: 4051,2499,3075,163,3678,489
1744: 2442,546,3815,38,1094,3327,2089,894,4075,4059
1745: 819,29,2919,937,2117,311,3018,3312
1746: 1156,459,2263,948,3549,2552,973
1747: 475,1182,1395,2542,2305,3671,873,2158
1748: 3646,1183,82,2419,2415,1781
1749: 213,609,223,1392,2612,2698
1750: 3129,2218,3330,2732,117,251,3296,2504,2638,1809,1310
1751: 998,3621,4056,2823,388,2691
1752: 3297,2012,3178,1443,3086
1753: 2224,2461,1527,3122,2451,1639,1023,1542
1754: 3137,3078,3947,3933,2929,1915
1755: 3143,3469,2622,2152,1272,115
1756: 120,3161,2437,2413,63,924
1757: 831,440,3461,2046,2644,3172
1758: 4000,1649,323,2286,1062
1759: 2699,218,3636,3066,878,3223,1590,3431,3127
1760: 3278,4014,2077,832,1725,3492
1761: 2773,674,1470,2537,1928,3544
1762: 525,2093,276,583,3035,1692,2159,4079,16,460,1938
1763: 157,1978,4010,2713,2743,865,2651,3308,2549
1764: 2150,1084,2551,172,3747,659
1765: 419,2627,1609,2680,2589,3269,2063
1766: 398,3808,3247,595,2927,2108
1767: 2661,295,1589,546,1895,894,599,3354
1768: 1662,4052,2254,1605,3529,3501
1769: 2932,3559,802,629,3761,1217,2274
1770: 3652,3222,161,3876,2493,3082
1771: 686,3979,1195,2731,3551,2470,1602,872,2741,2480,45
1772: 4020,75,1992,1006,3985,994
1773: 3994,745,3127,2658,702,2881,2591,1590
1774: 3340,2268,4011,25,3047,3368,3624,1406,315
1775: 2097,2817,1448,3394,4021,325,1703,3393
1776: 2927,44,1686,4027,804,595
1777: 1409,261,426,3665,3562,4044,916,3156,2129
1778: 4054,2983,3870,2792,547,992,1984,3681,3085,444,1178
1779: 2143,3414,2309,2860,3246,2371,682
1780: 258,3679,571,1363,4029,3174,678,1678,212,2207,2812
1781: 2415,2284,294,1048,82,1748
1782: 1304,381,1898,2457,1832,576
1783: 2532,308,2795,122,3516,3456,1685,1331,3169
1784: 3151,2994,1231,1530,2869,508
1785: 2538,1250,185,3795,2872
1786: 2893,2842,941,1594,3073,1950
1787: 2110,590,3829,2896,2840,3581
1788: 2980,2766,3912,269,2904,3427
1789: 2895,1625,346,1820,3436,1241,709,2825,3001,2199
1790: 3889,1307,729,2460,3518,2180,2985,3003,3099,3462,624,1179
1791: 420,219,3897,4067,2797,1696,1203,3011,2185
1792: 3021,331,1626,2335,60,1813,3453,758,1946,1232,4043,2171
1793: 3165,2690,1282,833,3600,3748,232,3659,4084,156,1507
1794: 104,3175,690,3832,2711,1140
1795: 1958,4068,432,3854,3191,2748,2488
1796: 3201,1134,436,229,4029,741,3944,2490
1797: 3065,2730,2069,2810,1627,767,2577,231,3698,72
1798: 2396,1219,3057,3941,152,4047
1799: 233,3212,3827,480,2836,1142
1800: 390,1493,1738,3432,1150,153
1801: 2849,135,734,2944,3603
1802: 437,4076,2536,55,1317,3936,301,919
1803: 2299,1733,2140,3367,2666,3778,364
1804: 2828,3820,527,3680
1805: 2934,2286,797,3838,2776
1806: 35,2955,3885,935,3637,1511
1807: 3916,116,1358,345,3979,1616,3350,3048,2500,1941,2945
1808: 1520,554,2098,2558,3964,1107
1809: 3930,466,3982,1310,2382,3785,1383,117,251,1750,3330
1810: 3464,4065,1030,2673,1991,3998
1811: 4016,1976,1347,760,73,3969
1812: 788,1573,3359,4032,366,3185,1875,2335,130,1232,3611,2135
1813: 316,60,3063,3021,331,2148,1792,3453,3445,4043,2171,421
1814: 438,3588,4046,1382,1680,2319
1815: 2970,2244,329,1514,2230,976
1816: 2534,67,347,696,3807,2302
1817: 2102,2361,1910,347,3712,2302
1818: 2444,2648,126,3786,1067,2709
1819: 3940,869,644,3570,2876,58,1157,3023,2325,3729,2456,658
1820: 2895,2554,1625,1789,1241,709,3001,2480,2741,3722
1821: 527,3680,963,3184,1189,2509
1822: 390,2013,1738,2692,3966,974
1823: 2998,4072,2829,310,2168,1509
1824: 661,2870,3759,563,2939,406
1825: 3405,835,2997,3230,3426,2712
1826: 3692,1633,3824,2900,3305,3004
1827: 493,601,3347,3612,3044,3123,2024,2281,2372
1828: 1513,2091,3410,3134,3987,1886
1829: 3834,1638,2161,908,2755,1389,77,3677,3162,2060
1830: 2686,3802,1255,3583,3190,88,3573
1831: 722,990,2079,1131,2310,2132,3065,3192,2069,1154,2689
1832: 576,2997,2457,3706,3257,1782
1833: 2209,2811,2949,3757,3622,144,871,494,536,1322
1834: 3655,2728,3758,2720,220,427
1835: 1066,2702,3146,2669,4094,17,2136
1836: 3509,619,3637,3885,2439,3317,3321
1837: 3806,2827,1403,1152,2564,2647,1343,740,620,2303,3669,221
1838: 3808,679,3281,3247,132,4093
1839: 2922,638,2779,2900,3824,2003
1840: 3826,1050,689,3470
1841: 29,3084,2919,320,2044,2907,3851,3355
1842: 334,2903,3772,3903,1491,913
1843: 3168,1172,3045,1390,3907,192
1844: 4070,1706,2930,2194,3935,574
1845: 1167,2783,3993,2601,3949,2059
1846: 3448,1849,3951,2015,2346,27
1847: 2984,2079,1131,3715,3923,2954,2243,2513,3961
1848: 3209,1543,3974,3713
1849: 1846,182,3448,3951,3070,3989
1850: 103,2594,3136,3101,2048,3430,1854,4005,2186,498
1851: 3369,2118,2082,3775,170,272
1852: 2054,2498,306,1337,348,888
1853: 2920,864,1342,166,2565,549
1854: 1462,3430,4005,3270,1629,2594,3136,1850
1855: 3784,565,3256,2904,2785,3427
1856: 3466,2092,1329,1026,3046,2815
1857: 3502,2527,2260,118,3932,1709,2532,3058,196,314,158
1858: 2552,3090,2520,3593,81,3179,1083
1859: 2653,1675,2121,1228,3197,4050
1860: 2486,2863,822,3125,1216,1577
1861: 3255,2959,6,3514,1889,1270,3991
1862: 974,492,3994,2308,702,3966,3341
1863: 263,361,3397,3980,3145,156,3358,3545,1507,1276
1864: 1336,2340,3199,3250,3224,3372
1865: 3458,3374,2020,4042,3554,3483
1866: 654,921,1556,1299,3386,3522
1867: 1583,1391,2313,3408,2781,724,3283,1042,2932,1217,2274
1868: 1086,3682,2371,3261,1441,3414
1869: 2190,3130,1468,2192,375,3377
1870: 2331,923,2270,3754
1871: 1109,2532,3058,3378,2029,2795,3516,3456,235,978,3406
1872: 2639,2567,3479,3097,513,3780
1873: 3686,3398,1551,2968,227,1446,1351,3495,2323,262,2478
1874: 2980,2939,406,127,3256,3427
1875: 3487,1152,2335,3098,4032,221,366,1573,1812,130,1946,3611
1876: 3425,3655,3276,902,2720,701
1877: 2253,241,1294,1563,879,2389
1878: 3784,565,1136,484,2535,2809
1879: 3730,3805,1244,1544,3075,163
1880: 3843,1034,1968,2578,2842,3429,3482,183
1881: 2214,2193,168,1348,2675,3881
1882: 3919,1352,1591,3399,4038,2223,246,965
1883: 3927,2683,739,685,99,737
1884: 1481,3465,903,1168,2065,2962,3950
1885: 3959,3103,3474,3768,3131,3221
1886: 669,2867,3987,2843,964,1513,1828
1887: 2115,2701,3793,3937,3602,3601,1945
1888: 2178,2808,936,2622,1347,760
1889: 202,3856,2710,793,1270,3648,3802,6,1861,3782
1890: 3505,2018,969,2712,222,3426
1891: 2854,2582,898,1672,2708,718,3180,1213,3161
1892: 2425,818,146,2917,1689,2908,2577,3555
1893: 1372,1222,2935,3910,413,2674,3434,3837
1894: 3863,2257,614,812,2818,2965
1895: 2442,546,1094,894,1767,2661,295,2925
1896: 1070,236,3971,3094,2045,2502,2977,3478,2940
1897: 4054,2983,3870,811,3409,2792,3857,547,2076,854,1239,1416
1898: 1782,1509,381,2998,2457,363
1899: 2155,3649,3088,627,1044,3015
1900: 2824,37,3029,2561,1720,615
1901: 3092,3486,2293,400,2652,1588
1902: 514,3106,1238,1535,3569,151
1903: 2145,1314,2547,3683,1096,1185,493,2726,3123
1904: 3675,1640,3182,1419,429,2252
1905: 2062,490,1370,2608,3720,2342
1906: 3521,3825,2030,2737,763,1105,1430,2172,3203,1148
1907: 1614,3335,108,1486,3315,844,2086
1908: 1607,80,2316,24,3085,3557,2508,1925,448
1909: 3481,3376,622,1546,1151,652,3618,3627,2364,2175
1910: 2361,1817,2570,3712,3286,3034
1911: 2222,2106,382,825,2788,3817
1912: 3355,2626,311,2921,3840,573
1913: 2036,3931,2248,3265,39,1265
1914: 53,4061,885,3945,3734,3881
1915: 529,1065,3142,2929,1754,3933
1916: 2898,3999,1952,961,1036,2590
1917: 1921,4001,3037,184,3488,3833,1074,2947,567,573
1918: 849,3810,191,4014,2877,442
1919: 4017,3811,3830,3451,1361,424
1920: 3699,3030,917,4053,2123,1540,165,521
1921: 4001,3037,184,4071,3488,1917,1463
1922: 3076,689,2871,1415,4086,3828
1923: 2102,3569,2806,609,223,3499
1924: 2146,3560,47,2287,2892,340,2905,1643,2764
1925: 3800,2974,2306,3557,2833,1607,3439,1908
1926: 2315,3402,2355,900,2206,2482
1927: 593,887,4017,2458
1928: 1761,1470,255,3314,3544,454
1929: 924,370,3683,2585,1096,2432,3449,2266,2413
1930: 174,1313,1320,1436,1344,2623,3323,2646,2689,1425
1931: 3096,113,2709,126,882,2085,1610
1932: 1208,516,3940,3244,644,1267,2420,2001,2751,198,2852,2203
1933: 2932,802,3339,1217,1615,2832,300,3906,1308
1934: 4090,2834,3787,3720,2342,1008,1515
1935: 3475,2616,999,763,651,2839,2684,3044,2372
1936: 2873,3835,2521,861,2902,1133
1937: 3491,1196,2899,1291,2704,3590
1938: 672,1425,3656,2915,16,2202,460,4092,1313,1762,1692
1939: 2926,1359,254,752,3726,84
1940: 1469,3348,1285,1004,2411,1620,3855,25,3047,814,2341,2752
1941: 2113,1596,136,3042,2945,3916,1807,675,2170,2500,3093
1942: 3625,2965,289,812,3249,2602
1943: 3320,1410,991,2189
1944: 286,1680,604,3053,3515,2466
1945: 3937,3602,538,2337,1887,3793
1946: 130,3453,3229,1232,3611,3021,1875,331,1152,1792,2335,4043
1947: 877,1516,3789,3674
1948: 199,2387,1659,3254,2774,3118,2858,736,3890
1949: 3607,240,3962,2356,1017,3360
1950: 2596,1786,941,1594,3181,3973
1951: 2897,3986,1402,670,121,3271
1952: 4018,1691,961,3999,4088,1916
1953: 4024,3280,3543,1296,788,106,2455,3359,2031,729,1490,3518
1954: 2883,1292,3919,3399,4038,2095,851,324,2343
1955: 968,3294,2119,2539,1028,4041
1956: 3497,2933,4059,2196,1003,1349,3327,1467
1957: 1634,4064,2951,3941,1219,3289
1958: 148,704,2431,4068,1795,432,3844
1959: 3498,2988,1450,2780,2133,1077
1960: 4047,1706,2194,473,4040,3205
1961: 1259,625,3433,3934,2752,2650,1293,2312,1004,934
1962: 4034,11,2354,1032,1210,1099
1963: 2112,3310,2396,69,2388,3057
1964: 970,1482,3850,2641,1253,519,2489,2512,3135
1965: 2960,73,720,2598,693,1976
1966: 2739,3767,3017,2317,1401,1221,2255
1967: 2584,927,1450,3245
1968: 1034,2893,2769,1880,2578,2842,3429
1969: 509,70,3705,1266,2845,2026,2714
1970: 1655,2572,861,866,2195
1971: 3497,2288,2933,610,48,3939,2711,1140
1972: 2975,2575,3828,887,3830,147
1973: 1634,2452,36,3867,3022,403
1974: 1561,3074,1447,780,3872,169,3051,3467,1580,636,826,2993
1975: 3189,4095,18,2522,3764,512,1200
1976: 4016,693,3213,1811,73,1965
1977: 2747,74,188,2592,823,4074
1978: 4010,249,865,1763,2651,3308,3840,1225
1979: 143,1230,1703,4012,3393,2514,3431,3693,2329,714
1980: 2877,1102,524,1184,3810,2633
1981: 3898,148,704,3372,1336,3812
1982: 428,1413,3741,3768,2746,3915
1983: 2260,3932,597,3868,2666,577,1733,158,3367
1984: 992,2205,3977,209,3681,444,1178,86,4054,2983,1778
1985: 3796,305,837,3995,2373,159,3463,2238
1986: 107,336,1444,3312,819,2117,3018,4010,2713,2743
1987: 2507,1533,3963,596,282,4057
1988: 3502,3751,4063,597,2447,4004,49,3279,660
1989: 4065,727,1488,3998
1990: 420,219,3197,4050,3897,4067,1741,1595
1991: 471,4069,3998,1810,2673,1400
1992: 3284,1772,1006,3985,4078,2865
1993: 262,3506,631,4082,2398,1351,2323,943,4080,362,2478
1994: 3877,1123,3120,3737,1695,2122,3849,2660,4089,836,3614,847
1995: 2463,21,3126,3395,707,2016,3416,2101,1566,1636,2642,433
1996: 2104,2494,662,3896
1997: 3251,2276,2188,485,2421,2009
1998: 244,1122,348,3575,2328,888
1999: 3485,748,868,2546,3620
2000: 3016,1280,1303,2909,1736,617,2228,2733,3443,2976,2744,1375
2001: 1932,3940,1267,3570,2751,2941,198,3342,455,1584,2071,2790
2002: 3694,3805,3236,1544,4009,2948
2003: 2967,182,3824,3989,1839,638
2004: 1371,2724,3332,3719,250,2979
2005: 292,786,3403,392,3007,2996,590
2006: 1528,2258,3738,2961,407,2985,435,1179,706,2352,3012,2280
2007: 3089,1644,3028,890,78,2760
2008: 3813,2163,3112,2784,3107,681,3262,2999
2009: 2562,822,3198,160,2421,3251,1997
2010: 907,3242,2151,1457,2397
2011: 2860,3671,873,1355,3246,2754
2012: 1752,3248,3178
2013: 2094,1822,2692,3966,2665,974,2232
2014: 23,1390,2167,3688,694,3411
2015: 2133,3591,2346,27,3911,1846
2016: 817,2463,3126,707,3416,1399,1995,2588,1566,1524,2852,2642
2017: 3019,3757,144,1659,3254,2964,1377
2018: 1008,1890,222,1690,3426,139
2019: 3437,1503,3224,338,2813,2340,517
2020: 3458,396,1865,566,797,3183,3483
2021: 2427,2599,3645,1607,80,3439,534
2022: 3657,3848,714,3322,1545,2141,728,3523,3693
2023: 761,3531,700,3663,2158,475,4062,2359
2024: 493,601,2726,3123,2281,1827,2432,3683,1096
2025: 3415,1166,3465,3696,19,699,2066
2026: 3530,1035,402,509,3705,1969,2845
2027: 2620,971,2177,2352,89,780,2073,3738,1211,3978,2179,826
2028: 2381,600,3795,2989,1010,3566
2029: 2532,3058,3378,1871,314,3516,118,1585,3823,3406
2030: 2695,4083,708,3521,1906,3825,2737,13,1148
2031: 3846,3841,2135,1296,1953,2455,3359,624,149,2400,3904
2032: 672,2771,2915,2202,3025,4092,216,522,3983,2716
2033: 2210,10,3298
2034: 2251,2472,1374,993,2865,416,1284
2035: 2555,979,3196,3862,3424,3558,1641,2646
2036: 1132,3931,1913,2639,2248,2567
2037: 1036,476,2252,3773,2898,2759
2038: 657,3364,110,2247,3644,3352
2039: 1602,1701,2841,2741,3476,1241,709,2825,3001
2040: 893,2862,2853,2324,186,648
2041: 3747,2878,2296,2282,1160,3363
2042: 766,2924,1622,187,3605,2943
2043: 995,2924,337,3054,2831,2943
2044: 1159,3528,320,1841,3958,3084,1056
2045: 2164,2935,413,3094,3434,1896,3913,150,2502,2977
2046: 831,1757,1604,735,3172,2111
2047: 3133,3839,3847,840,784,3623
2048: 103,2594,1288,1850,3408,930,2563,2781,1583
2049: 3134,618,3432,153,1240,3410
2050: 1683,3777,169,58,843,3467,2071,2790,869,1551,2968,1088
2051: 2236,2461,1653,1023,1429,52,4037
2052: 2665,1262,2699,2232,3636,3232,1116,3929
2053: 605,3879,1654,716,2645,501
2054: 1852,1337,1365,1652,348,3188
2055: 1509,124,381,3955,3661,2168
2056: 1496,339,4051,2499,1628,2685
2057: 514,3662,2322,604,1113,2466
2058: 2495,3639,711,2882,1311,541
2059: 848,1057,0,1845,3993,2601
2060: 2886,3630,1068,3016,1389,77,1829,3834,908,356
2061: 1188,2773,3578,2721,765,3413
2062: 1905,3836,490,914,3379,3787,3720
2063: 3155,3505,969,1765,2680,3774,3269
2064: 1671,4026,1704,3892,3749,464
2065: 3465,903,1168,19,1884,4096,665
2066: 3216,3128,422,2025,1166,699
2067: 862,2706,552,383,3100,1604
2068: 3916,874,3116,2197,1424,2533,515,3231,1449
2069: 3065,1797,2730,2810,767,3698,722,1831,72
2070: 4028,3942,2422,2847,789,743
2071: 3777,58,843,1584,2050,2790,3940,869,2001,3570,1157,1088
2072: 2512,1434,3135,1656,215,1330,970,2334
2073: 3153,3926,89,1447,780,2620,2027,556,971,2177,1129,3978
2074: 764,1473,2964,3484,341,3382
2075: 1678,4008,1041,2207,3604,3264,3679,571,3436,987
2076: 3870,1897,811,3857,547,2530,854,2211,1564,1239,2468,178
2077: 3278,1760,1366,1508,3492,28
2078: 959,2236,2545,3778,2461,364,2140,4037,2607
2079: 722,1847,990,1831,2984,1131,72,3923,2243
2080: 1275,3619,123,2373,3859,1574,2307,1619,916,2109,2129
2081: 2559,1531,2096,915,3238,105
2082: 3369,688,1851,2760,3775,78
2083: 400,2652,1332,881,2408,3002
2084: 2406,3264,683,3036,2199,258,3679,571,1363,2207
2085: 401,829,882,3317,1687,1610,1931
2086: 2801,844,1677,1608,3315,2391,557,1907
2087: 3809,3574,271,2441,1729,3790
2088: 2126,1329,4074,54,3275,897
2089: 546,3327,2788,1744,894,1467,3817
2090: 568,203,2958,1227,984,443,3715,2954,3660
2091: 1513,195,3454,3410,1021,1828
2092: 1856,2126,1329,3046,1283,533
2093: 1762,3036,525,583,3035,2159,1305,1409,261,4079,460
2094: 2013,553,2692,3929,2232,478
2095: 3756,975,324,355,2832,1292,1954,3906,2763,1308
2096: 2559,951,2081,5,1681,915
2097: 1775,1448,2685,3394,325,1703,1628
2098: 1520,554,2444,1426,1808,3852
2099: 2125,952,59,2614,321,2942,855
2100: 80,1300,850,2684,884,2316,534,24
2101: 21,3126,867,707,3416,1995,2410,1465,2642,433,2369,594
2102: 2361,1923,1817,2806,347,3499
2103: 1617,3459,2653,1675,465,3540
2104: 1996,3896,1599,2130
2105: 3049,519,1276,1379,2443,668,756,3582,3145
2106: 4073,1911,2147,382,825,3228
2107: 2996,3314,1519,1707,2187,454
2108: 2169,988,4045,595,398,1766
2109: 3156,809,305,2129,1619,916,1275,2080,3859,3665
2110: 1787,3413,1165,3829,2896,765
2111: 3172,996,735,1172,3907,2046
2112: 1598,3310,1963,69,326,3239
2113: 591,1596,1523,136,1941,920,2170,2500,2635,3093
2114: 434,3218,592,3874,1718,3664,2764,225
2115: 1887,2374,2701,3793,1656,215
2116: 274,3149,2423,2497,2458,593
2117: 819,1745,2919,311,3018,107,1986,3312,4010,2713
2118: 3369,1851,3918,170,1127,3779
2119: 968,1955,3294,1455,1565,2936
2120: 1491,3606,3503,334,794,1092
2121: 2653,1859,4050,2292,1193,989
2122: 33,1246,3577,808,3160,2506,3849,1695,288,1123,3120,1994
2123: 3699,1188,3030,1539,917,343,4053,1920
2124: 1522,410,3899,3026,845,2138
2125: 3460,1691,2099,8,952,1572,59
2126: 2092,2088,1329,897,533
2127: 2890,1155,832,481,1201,134
2128: 753,1407,3152,1327,3303,716
2129: 3156,809,2109,916,2080,1777,426,3665,4044
2130: 1599,267,2104
2131: 2590,3040,1547,1036,476,3564
2132: 722,990,1831,2984,443,1131,2310,3192,1320,3323,2689
2133: 2015,2780,3591,2346,2988,1959
2134: 51,1277,3587,2541,260,580
2135: 130,2031,3846,643,3841,1232,1296,788,2455,3359,1812,3904
2136: 898,2139,1835,2669,1354,4094,1169
2137: 3189,3450,2756,3482,1550,183,18,3690,1034
2138: 1044,845,2816,627,1522,2124
2139: 112,898,718,2136,1169,3417
2140: 2299,1803,497,2078,2545,3778,364,1483,972
2141: 3848,714,1545,2022,3066,878,3223,2861,3431
2142: 1367,2905,928,3370,2634,2889,1018,225
2143: 1779,3032,22,3414,2309,2860,3246
2144: 782,3804,1084,2551,926,953
2145: 3055,1314,2547,1903,3683,2585,3123
2146: 1368,1924,47,2287,2892,1592,608,2687
2147: 4073,2106,825,2488,1606,95
2148: 3021,331,2827,1626,2564,273,316,60,3632,1813,1063,2345
2149: 1670,3753,717,2787,1215,214
2150: 1764,125,2551,3691,3641,172
2151: 3242,2010,2890,1725,2397,191
2152: 936,2622,520,2837,1755,115
2153: 3826,154,1050,1306,3038,2742
2154: 970,3850,3235,371,1330,2475,499
2155: 1899,3088,304,627,846,1579
2156: 1322,101,2657,896,1384,3024,536,351,1388,1635,2952
2157: 3552,2394,1132,90,245,3794
2158: 761,700,2023,3971,256,3477,475,1747,2305
2159: 1313,2467,2555,1305,4079,3656,16,460,1762,525,2093
2160: 899,2299,577,1346,3517,497,3367
2161: 2204,2428,3837,42,1829,3834,1638,954,908,356
2162: 609,1392,3271,3499,2761,1402
2163: 3813,2008,806,1112,3112,394,681,2999
2164: 1222,2935,3110,413,2045,21,3861,1560,3913,594,150
2165: 1158,4011,3855,25,3047,3580,1620,2341,171,1600,821
2166: 3812,2601,1126,0,298,3898
2167: 3448,982,3688,27,694,2014
2168: 2912,310,3661,1823,1509,2055
2169: 481,1201,2108,988,4045,3853
2170: 1212,675,1279,920,3362,2635,3093,591,2113,1941,102
2171: 1212,675,810,3445,4043,421,1792,60,3063,1813,3350,758
2172: 1105,2802,2583,1148,763,2839,3521,1906,456
2173: 579,3124,1405,1685,1658,778,1331,3888,3169,3302,122
2174: 1077,1554,450,891,3245
2175: 3861,352,2364,2857,2805,860,237,1546,1909,293
2176: 400,1332,1017,820,3092,3360
2177: 2027,556,1477,1315,971,1129,2352,3744,3153,3334,780,2073
2178: 2808,1888,1347,3540,3954,193
2179: 3978,248,1510,2385,2487,2632,826,2027,3738,1497,3159,1211
2180: 3889,1307,279,729,1790,1490,628,3003,3099,3462,3141
2181: 518,1350,1672,385,3186,1611
2182: 3118,736,1020,1458,3254,3484,1377
2183: 383,3100,1739,3654,3968,1268,4019
2184: 1734,3329,96,946,1722
2185: 3,3929,1203,3412,3011,569,899,1791,1696
2186: 3404,2351,1022,4005,1581,1850,3101
2187: 596,1707,97,4057,454,2107
2188: 1097,3251,1997,2276,4022,76
2189: 991,3064,4023,1943,1410,3586
2190: 3060,1869,901,3576,3130,2192
2191: 2605,1316,3740
2192: 685,737,1468,1869,3576,2190
2193: 2214,168,1881,1492
2194: 1706,2930,1844,1960,852,3205
2195: 3974,1655,1970
2196: 3497,1956,2933,4059,2735,610,1003,3580,38
2197: 3916,116,874,3116,1358,2068,2265,1424,515,2945
2198: 2587,495,2880,201,3620,868
2199: 2406,3264,3036,2084,3760,276,583,346,1789,3436,1241,2825
2200: 3220,1642,2668,496,795
2201: 275,955,3261,3365,1395,2445,1281
2202: 672,1425,2771,3660,2915,1938,3025,2032,216,20,203
2203: 1636,2410,111,1257,2642,3613,3865,2852,1208,516,1932,3244
2204: 3837,2161,954,908,356,1437,3731,252,2674
2205: 992,3875,2515,1209,3977,934,209,1984,1600,821,2433,86
2206: 1005,2348,900,904,1926,2315
2207: 1678,2075,1041,2812,2571,2084,258,3679,571,1780,3436
2208: 477,3277,2362,46,3553,3077
2209: 2811,2949,1833,871,601,3612,2281,2432,536,896
2210: 2033,10,1089,3526
2211: 2530,2556,854,1398,3438,379,2560,3870,811,3409,2076
2212: 438,4046,3858,3071,1053,1170
2213: 1082,3950,918,3601,3401,239,1481
2214: 2193,1881,1348,3480
2215: 187,1599,3605,26,2989,267
2216: 2849,135,2902,2772,1133,3061
2217: 1679,3746,1204,659,3363,3253
2218: 1147,3129,3525,1750,3330,3704,2732,919,3296,1549,2638
2219: 1031,3523,474,109,4089,847,1194,3302,3322
2220: 1135,3783,3296,439,2513,805,3139,2504,1260
2221: 858,2778,3816,2479,1121,2767,1474
2222: 1911,825,623,1349,1467,3817
2223: 189,2887,950,246,3869,965,1144,1318,1882,175
2224: 959,1753,635,2461,1527,3122,2277,1023
2225: 2602,3115,2257,812
2226: 2599,1370,207,210,3800,2833,3439
2227: 503,1678,4008,895,3000,1041,3604,3651,1249,2938
2228: 1280,1303,2909,2000,3174,570,2976,92,212,2571
2229: 1060,3267,688,2760,890,846
2230: 2672,2240,1514,976,192,1815
2231: 3901,146,2917,1667,2845,402,3821
2232: 2665,2052,1116,3929,2094,2013
2233: 2454,1171,820,3714
2234: 3597,983,3673,1118,479,3640
2235: 1561,3074,102,3872,920,3362,591,1683,169,3981,1580
2236: 959,2051,2078,2461,1023,52,4037,2607
2237: 1420,2390,3723,1611,3490,112,327
2238: 229,3463,2449,3958,1056,2919,937,1985,3201,1134,837
2239: 2566,2596,1114,962,328,3973
2240: 2672,2706,2230,735,192,1172
2241: 3856,296,2848,2544,3365,542,1281
2242: 1666,771,790,3202,2370,3536,415,2339,3433,2450,1293,1601
2243: 802,629,3339,3761,1847,2079,3923,2954,2513,805,3961
2244: 2970,1815,329,2922,1141,638
2245: 3579,2910,2383,384,1111,3976
2246: 3694,2843,283,555,2867,2850,3407
2247: 2782,870,3644,3352,1095,2038
2248: 2036,1132,1913,39,2619,2394
2249: 438,545,3588,3858,2611,2630
2250: 3893,3217,1548,1265,430,813
2251: 1016,2034,3647,284,2472,3771,1374,993,1483,1284
2252: 1419,429,2037,3773,2759,1904
2253: 2739,105,3767,1877,241,1294,1531
2254: 1768,1605,3529,3276,785,701
2255: 3635,79,3701,2739,1966,1221
2256: 242,881,2408,1139,507,1078
2257: 3115,1894,1242,614,812,2225
2258: 2006,1528,3738,2961,1460,431,3159,407,2620,706,3012,232
2259: 3055,370,2417,2585,3710,1100,738
2260: 3751,4063,3932,1983,597,1857,1709,3868,1173,158
2261: 739,737,1196,3576,1091,3967
2262: 1588,848,2901,1057,1422,646
2263: 1156,2992,1746,2518,1083,2552
2264: 625,3934,2560,2433,447,2312,1209,1398,3438,1618
2265: 3697,535,874,3116,2197,224,190,1424,2533,1249,2938,2688
2266: 3449,2413,1929,924,3683,1096,2432,2811,1205,494
2267: 204,986,2492,1243,1621,957
2268: 4011,3855,25,3047,1774,3368,3624,814,3293,1285
2269: 2473,585,3678,2658,163,1244
2270: 1870,923,1593,3754,911,1417
2271: 268,3090,2643,2517,1299,81
2272: 543,2556,1061,379,2523,2906,3543,1487,106,2804,389
2273: 1582,3719,250,473,3873,1309
2274: 2932,3559,1217,1769,3283,1042,1867
2275: 815,480,2836,642,2304,3113
2276: 2565,1097,1997,2188,1342,485
2277: 1527,3763,660,1173,803,3868,2666,635,3778,2224
2278: 849,3810,318,1184,2649,705
2279: 4090,2834,330,15,725,3286,3532
2280: 3012,777,3165,2690,1282,833,462,232,2985,2006,1528,2961
2281: 601,3347,3612,2024,1827,536,1388,2209
2282: 2041,2296,1160,451,994,1079
2283: 1174,353,3008,3451,1361,3597
2284: 2521,1781,2572,294,1048,612
2285: 3729,3707,1726,1098,270,2456,658,1157,875,1446,3495,3023
2286: 2934,1805,1062,3838,1758,1649,3166
2287: 3901,2146,3560,1924,47,340,1667
2288: 1971,2933,610,757,1438,48,3939
2289: 173,1469,3348,1285,466,1004,2411,491,3982,1310
2290: 921,1556,3716,3702,1028,2539
2291: 2407,1707,97,1662,3529,1529
2292: 1295,1193,2353,3210,989,2121
2293: 1901,3486,2766,1588,2901,269
2294: 252,1222,3110,2674,1437,3126,1164,867,3395,1399
2295: 2868,1386,1333,2910,1111
2296: 2041,2878,2282,3595,2476,1079
2297: 3898,704,3083,2431,1319,298
2298: 3513,1501,317,1099,530,377
2299: 2160,577,1733,2140,1803,497,3367,972
2300: 995,3736,2510,259,205,1485
2301: 1475,2957,2610,3975,1051,2757,928,2634
2302: 2534,67,347,3712,1816,772,1817
2303: 740,620,3970,773,3525,1343,919,3489,3806,1403,1837,2647
2304: 1229,3113,234,1730,2275,480
2305: 475,1747,256,3477,3671,2158
2306: 3085,2974,2661,444,3557,1925,2925,1178
2307: 3233,3375,1619,1019,2757,3610,123,2080
2308: 3994,745,2658,702,1862,3966,585,3341
2309: 2143,1779,922,2491,22,3414,1441
2310: 1831,2132,3065,2745,3192,3743,857,1320,1344,3323,2689
2311: 653,5,3519,1245,3147,3798
2312: 1259,625,2433,1961,2752,2264,1620,2515,934,821
2313: 1583,1391,498,300,3206,1867,3408,2932
2314: 907,3242,1155,4087,3628
2315: 904,1926,3186,3490,2355,2206
2316: 1607,80,850,24,2100,1908,2508,3353
2317: 3017,1269,1401,1966,1221,3996
2318: 518,3062,1350,1001,575,3361,1724,3237
2319: 286,1680,3417,1382,1814,2390,3723
2320: 2325,367,1695,906,270,4035,658,33,1657,808,2506,3849
2321: 2969,1149,3534,393,2403,558,3033
2322: 886,1535,1175,514,2057,1113
2323: 875,227,1873,1351,3495,1993,3548,579,1658,2478
2324: 2862,1150,2040,153,1240,186
2325: 367,4035,2320,2456,658,1819,516,644,2662,2876,1257,1657
2326: 482,2362,1064,1224,2465,1009
2327: 2738,1394,2862,1150,1493,2404
2328: 244,1122,1998,3609,3672,188
2329: 143,1230,1979,3693,3523,109,836,483,3737,3657
2330: 3151,3352,1104,1530,3364,787,3727
2331: 1870,923,3266
2332: 598,243,883,768,3742,3755
2333: 1237,1562,3882,816,3128,422
2334: 537,2484,2072,1434,1330,3428,2475
2335: 3487,1875,331,1626,1152,1792,2647,366,1812,1946,1232,3611
2336: 1006,4078,2664,1353,1562,3882
2337: 538,3382,85,1020,1945,3793
2338: 1339,2644,1650,956,1538,468
2339: 2727,560,173,1469,491,1310,1293,1601,2242,2370
2340: 1336,1167,2783,517,3812,1864,2019,3224,3372
2341: 3875,2515,934,1600,821,1158,3855,2165,25,1940,1620,2752
2342: 1934,3720,1515,2608,1043,1905
2343: 3756,3785,2681,1693,851,324,1383,355,1954,3869
2344: 3449,3361,2413,63,1724,1205,494,3237,575
2345: 316,1195,3632,1063,2731,3551,273,2470,3667,3109,872,2148
2346: 2015,2133,3951,938,2988,1846
2347: 1514,3589,2930,329,574,2786
2348: 2376,1005,1206,2206,904,572,2501
2349: 1563,879,1072
2350: 349,3046,1283
2351: 2186,3420,1192,3404,703,1517,1581
2352: 1179,2620,2027,706,556,1477,2621,971,2177,2006,3738,407
2353: 2292,3214,1295,783,1284,3210
2354: 1962,11,1180,3513,1099,691
2355: 3402,518,1360,1926,3186,2315
2356: 3962,1949,1136,484,1234,3360
2357: 3706,1326,1176,2627,835,307
2358: 2969,3534,1357,753,1407,880,1570
2359: 4062,2544,542,3663,2023,1321,3856,1254
2360: 3005,1143,3211,599,3354,1589,647
2361: 886,2102,1910,1817,2570,2806
2362: 482,477,3277,2208,2326,1064
2363: 1025,2410,111,1465,1257,3384,3613,3865,769,1657,2966
2364: 2656,352,3627,2175,3481,1546,1151,3618,1909
2365: 671,1699,2937,1334,2894,504
2366: 2786,3891,852,297,1080,1676
2367: 502,1190,591,1523,2941,3342,1683,3215,455,1584,2790
2368: 817,2463,1164,3416,1399,838,3383,1162,3731,2574,405
2369: 1465,2642,433,3865,21,3126,2101,3110,1560,594,3301
2370: 790,3202,2242,491,415,2727,560,2339,3433,1601
2371: 275,1868,3261,1441,682,1779,3414
2372: 493,2726,3044,456,1827,1185,1935,999,2839
2373: 3995,1275,1559,1380,2080,3859,3685,1985,305
2374: 2115,3793,3135,1656,85,446
2375: 3137,287,3947
2376: 4026,1005,1206,194,1476,2348
2377: 2777,531,1033,539,3241,3170,361,3980,156,3328
2378: 2742,1621,1711,957
2379: 1207,395,2395,180,1719,3225
2380: 3336,1603,630
2381: 600,2028,2989,267
2382: 3756,3785,1693,1383,355,117,251,3296,2670,1809,466,3330
2383: 2245,384,3976,1708,2830,523
2384: 258,4029,741,3174,678,3944,570,1117,2540,2490,3520
2385: 248,1510,3506,2179,2398,2632,1497,2918,1613,3860,131
2386: 3481,3887,3797,3376,622,652,3618,1014,1125
2387: 199,1659,1322,101,1948,896,3254,2774,1384,144,736
2388: 359,3917,3057,1376,3310,1963
2389: 1563,3248,1877,241
2390: 1420,2237,3723,3490,2319,327,655,1382
2391: 2992,3039,557,2518,2859,1486,3315,1029,2086
2392: 1223,1558,3842,641,1630,2956
2393: 3199,399,933,3250,104,2711
2394: 3552,2619,3510,2157,1024,1132,2248
2395: 1207,1044,845,395,2379,3015
2396: 1963,69,4040,1798,3057,4047
2397: 1457,3087,2010,2151,442,191
2398: 1993,248,1510,3506,631,2385,2487,2632,943,3860,131
2399: 1295,1439,1193,3459,302,193
2400: 1179,149,706,556,1477,2621,3904,2031,3889,729,2460,624
2401: 157,561,2651,3307,611,3764,1045,3189,2522
2402: 1644,78,734,2944,3775
2403: 3217,1548,558,41,2969,3534,2321
2404: 1493,2855,1421,2986,2738,2327
2405: 1345,3708,953,3615,1093,319
2406: 3264,683,3036,2084,1341,525,3760,2199,276,571,1363,346
2407: 3276,905,97,902,2291,3529
2408: 2256,881,2083,1078,1338,3002
2409: 2803,2664,1478,1166,3882,422
2410: 1636,111,1257,2642,2203,433,2363,3865,707,2101,1208
2411: 3930,1940,1433,1469,3348,2289,1285,466,3982,1383,814
2412: 258,3472,1363,4029,741,678,3944,436,526,1637,683
2413: 3449,120,2266,1756,2344,63,1929,924
2414: 3207,3554,540,3006,1046,365,140
2415: 1781,294,2419,1543,3713,1748
2416: 1323,4015,3013,93,1258,713,2796,548
2417: 3055,1314,2259,1247,2800,666,1100
2418: 657,470,3727,4066,742,4003
2419: 958,3561,1543,1183,1748,2415
2420: 1208,1932,3244,1267,2751,198,3342,1566,4013,3539,2852,1636
2421: 1187,485,2495,160,2009,1997
2422: 2070,4028,1525,266,1578,2847
2423: 2550,1495,1177,2497,3149,2116
2424: 2922,1141,2779,3867,403,3935
2425: 1892,663,3080,3821,818,146
2426: 3725,54,1369,74,1479,3992
2427: 1731,2021,3645,1247,534,666
2428: 3274,42,1038,3834,1638,2161,954,908,3162
2429: 68,486,3845
2430: 1494,3014,4015,3013,93,1258,863,2677,1278
2431: 2297,704,3083,1958,4068,1012
2432: 601,3123,2024,1929,1096,3449,2266,2209,2811,494
2433: 625,3934,2560,2264,2312,2515,1209,2205,934,1398
2434: 1047,2498,306,2765,2696,3776
2435: 3133,1338,3002,1422,3839,646
2436: 2883,498,1292,3206,2763,3101,3919,1022,3399
2437: 3161,3361,1756,385,63,2854
2438: 1478,1534,1429,487,3102,52
2439: 126,882,3317,3321,3786,619,1836
2440: 1233,3668,277,3357,2516,1026
2441: 3921,1128,3790,271,2087,731
2442: 1094,1895,1744,894,209,3681,2661,444,2925,1178
2443: 519,2923,1276,1379,2105,756,3582,967
2444: 554,1426,2648,1818,2098,1067
2445: 711,1027,1281,1311,2201,955
2446: 1203,3412,1585,3823,118,3517,2753
2447: 1988,3502,4063,1709,1597,4004,1423,49,322
2448: 1586,1500,1705,4045,4027,3853
2449: 229,819,2238,2919,937,107,1442,2540,3312,2490
2450: 1259,625,3433,3934,447,1293,771,779,2242,3536,3148
2451: 967,9,1639,3235,1023,1542,2923,3122,1753
2452: 1973,632,1634,2951,3770,3022
2453: 1248,1564,3475,3150,1239,651,3857,2468,178,2737
2454: 2233,1017,820,240
2455: 3543,1296,788,1953,2031,2135,729,2460,3518,624,3904
2456: 2325,3729,367,270,4035,2285,658,1819,516,3940,2876,1157
2457: 363,3171,3257,1782,1898,1832
2458: 274,2116,1927,593
2459: 1713,559,829,1687,3366,1385,4003,3299
2460: 3889,1307,729,1790,435,3462,624,2455,1179,2621,2400,3904
2461: 959,2051,2236,2078,1753,635,2224,1023
2462: 217,1440,2869,508,3703,461
2463: 817,3395,2016,3416,1399,2368,1995,2588,405,1566,488
2464: 1186,1139,2693
2465: 2851,1009,1484,1224,2624,2326
2466: 604,3515,1944,1113,17,2057
2467: 174,1313,3558,2623,2646,2159,2555,4079,460
2468: 2695,708,178,3521,2737,2076,2530,1248,2453,1564,1239
2469: 309,2730,2687,2810,1368,2917,1689,2577
2470: 335,1602,3667,2841,872,2741,709,1771,2345,2731,3551
2471: 2702,1506,3034,342,602,725,3286
2472: 1016,2034,2251,1595,284,1284,3210
2473: 65,98,3894,2269,585,1244
2474: 3168,155,3907,3703,3187,996
2475: 3428,62,499,1330,2154,2334
2476: 925,3595,3213,1079,966,2296
2477: 467,3702,1028,4041,247,1454
2478: 3548,579,1405,362,1993,262,3506,1873,1351,2323,4080
2479: 2885,1324,1414,3816,1474,2778,2221
2480: 2895,1820,709,1069,2741,1771,3373,45,3722
2481: 1527,408,3763,660,1480,2736,803,373,2758
2482: 3957,4085,1926,3402,900,1704
2483: 3924,3016,1280,1303,1736,1389,2733,1502,791,2886,1068
2484: 1481,537,3465,903,2334,239,1434,3300
2485: 1187,469,3494,541,3996,3988
2486: 1335,858,2562,2863,822,1860
2487: 3978,248,1510,2734,4082,2179,2398,2632,826,2993,89,1211
2488: 2147,1795,3854,1606,2748,95
2489: 3049,519,756,2641,1253,1482,3850,1964
2490: 1442,2540,3520,1134,1796,229,2449,937,741,2384
2491: 922,3414,2309,2671,1245,1441,226
2492: 986,2267,3733,1236,1621,3442
2493: 3876,3508,1770,1681,3798,3082
2494: 1996,2668,662,1642,1180
2495: 2058,3639,160,1187,541,2421
2496: 2594,3136,1288,3550,2563,3689,164,997
2497: 1495,2423,7,2116,593,3811
2498: 1852,2971,306,2765,2434,1337
2499: 1496,1743,2056,1646,4051,3075
2500: 675,2635,3093,421,1616,3048,1807,2113,136,1941,2945
2501: 1673,2611,545,655,572,1206,2348
2502: 3861,3913,352,2977,2857,2045,1896,603,3478,860
2503: 520,3553,1445,1145,1090,3572
2504: 251,1135,3783,3296,439,2220,1549,3139,2638,1317,1750
2505: 3594,2649,762,3493,705,3182
2506: 33,1246,1325,2122,808,3849,1695,270,4035,2320,3614,1123
2507: 1121,1533,2767,3963,404,1987
2508: 3085,3557,1181,2792,2316,24,1908,448,1416
2509: 1189,550,2874,3154,527,1821
2510: 995,3736,3500,2924,1622,2300
2511: 386,2566,713,2981,1081,2866
2512: 2072,3135,1656,1330,1253,970,3850,1964
2513: 439,2220,805,3339,2243,1615,1847,3961,3507
2514: 1590,853,1979,4012,3393,3431,3066,3127,2881
2515: 992,3875,1209,2341,2205,934,821,625,2560,2433,2312
2516: 277,960,3668,2440,1649,3166
2517: 1712,429,1640,2643,268,2271
2518: 2391,2992,2263,1083,2859,1029,3179
2519: 1449,488,3452,3072,695,3643,3546,1424,1153,2533
2520: 1858,243,2552,3090,883,973
2521: 2284,2572,861,612,2873,1936
2522: 3189,18,1975,2401,142,611,3764,1200,1045
2523: 2530,2556,1061,2272,106,2804,4083,708,1286,389,1490,3099
2524: 2723,1719,3225,1623
2525: 1663,3510,1024,3285,418,500,3346
2526: 684,3803,673,1432,3287,1624
2527: 3502,4063,1857,1709,1597,3356,3058,196,314,2795
2528: 1673,2611,3709,353,211,2630
2529: 3619,751,1559,3859,815,642,1287
2530: 854,1061,379,2523,2211,2076,2695,2468,708,178,1286
2531: 40,3700,1055,3423
2532: 1783,1109,3058,1871,2029,314,2795,3516,1857,3406
2533: 3546,190,1424,1153,3718,1249,2688,874,3116,2068,2265,2519
2534: 2888,3658,696,1816,2302,772
2535: 230,2809,1136,1878
2536: 740,1802,3970,3629,437,4076,301,773,3704,919
2537: 1761,674,1470,3079,3255,2959
2538: 2864,1252,1250,1785
2539: 968,1955,1028,2290,3716,457
2540: 107,1442,1117,2976,2490,3520,2449,4029,741,678,2384
2541: 3527,4031,3587,1030,51,2134
2542: 1182,1747,1395,3671,873,275,682
2543: 53,3945,2703,607,856,3219
2544: 4062,3365,2359,542,3856,296,2241,1254
2545: 2078,364,2140,1037,1483,2607,3771,972
2546: 1571,265,3620,1999
2547: 2145,1314,1903,1185,1300,884,1247,2726
2548: 374,1443,3297,2667,2838
2549: 157,4010,2713,561,2743,1763,2651,3243
2550: 697,1495,2423,1177,3695,885
2551: 782,1764,2150,125,2144,1084
2552: 1858,2520,973,1746,2263,1083
2553: 1326,2870,563,645,3052,2589
2554: 2895,224,1625,1820,3436,987,1069,895,1041,3604
2555: 1305,979,261,426,2035,4079,3558,2467,2159
2556: 543,1061,3438,379,2523,2906,2272,2211,1618,3148,106
2557: 910,410,3899,3871,1264,633
2558: 1107,998,2691,3535,554,1808
2559: 1328,951,1531,2081,2722,2096
2560: 2433,2264,992,2515,1209,86,3409,1398,2211,1618
2561: 1900,37,363,3171,1720,615,3759
2562: 2486,858,2009,822,3198,2778
2563: 103,2594,3136,1288,930,2496,2048,997
2564: 3021,2827,1403,1837,1626,1152,2148,273,3669,3109,3632,1063
2565: 1097,2276,1342,1853,549,1694
2566: 386,2239,2511,1114,962,2981
2567: 2036,3931,1647,2639,1872,3097
2568: 3311,386,940,962,3013,93
2569: 1263,230,3728,3740,827,1316
2570: 886,2361,1910,3286,1175,3034,342
2571: 503,1678,4008,3000,92,212,1041,1502,2207,2812,3174,2228
2572: 2521,1655,2284,1970,294,861
2573: 1289,1404,3050
2574: 1557,2678,3383,791,3731,613,2886,405,3799,838,1058,2368
2575: 2975,1972,887
2576: 1290,3708,2880,926,3253,1679
2577: 1627,799,3555,1892,1689,1797,2469,2810
2578: 1034,1968,2893,2769,1880,2625,1432,1431,1373
2579: 1532,3389,1471,1378,3833,3111,2921
2580: 1731,3836,914,3379,2800,634,228,376
2581: 3420,1192,1352,175,2609,459,3039,948,3565,2887,965
2582: 2854,112,327,1672,1891,718,1611
2583: 1105,2802,351,544,1388,2172,2952,3203,1148,3612
2584: 1967,3245,2791,138
2585: 2145,3055,1929,924,370,3683,2259,1096
2586: 3886,2606,1603,2683,99
2587: 582,2198,495,1679,3746,2880
2588: 817,2463,707,2016,3416,838,1566,1524,488,3539,3643
2589: 2627,3052,3191,1609,1765,1326,2553
2590: 2131,1547,321,1916,961,1036
2591: 1773,745,34,489,2881,853
2592: 1130,3204,3609,823,1977,188
2593: 334,1229,3903,794,3390,2725
2594: 103,3136,1850,3101,2563,2496,2048,1854,3270
2595: 3646,1183,388,1453,3864,3621
2596: 3311,2239,1950,962,941,3973
2597: 645,1319,406,127,3083,2870
2598: 720,1965,693,137,3900,299
2599: 490,2226,1370,2021,3645,2833,3439
2600: 1438,844,48,313,3335,933,3939
2601: 1167,1845,2166,3812,2059,0
2602: 2225,1942,812,3249
2603: 1682,3194,213,2612,2819,1251
2604: 1039,744,4064
2605: 2191,824,1316,2829,637
2606: 3886,1734,3329,3095,2586,99
2607: 1037,807,1483,4037,2236,2078,2545
2608: 207,1043,3831,2342,1905,1370
2609: 459,3039,2581,175,3565,1677,1608
2610: 2301,1475,1742,3975,1101,2757,1019
2611: 1673,2501,3709,2528,2630,545,2249
2612: 1749,213,2603,1251,3925,2698
2613: 3662,856,604,3053,1170,2703
2614: 1631,59,2784,681,2099,3813,1112,855
2615: 1252,776,3221,3959,1055,505
2616: 1935,3353,3475,3150,999,651,850,2684
2617: 511,3964,2826,1107,1327,3303
2618: 3984,578,257,1197,1000,1624
2619: 2394,1024,39,2248,1674,500
2620: 2027,706,556,971,2352,2073,2258,3738,3159,1211,407,3978
2621: 1179,706,556,1477,1315,971,2352,2400,3904,2460,435,407
2622: 936,1888,2152,760,1755,3469
2623: 1930,174,1313,1436,1344,3323,2467,1425,3656,2915,460
2624: 1668,3385,1224,1021,2465,1484
2625: 684,1432,1431,1373,3984,2756,1034,2578
2626: 311,1912,2947,567,3840,573,1225,865
2627: 1765,2680,2589,1326,2357,307
2628: 754,1484,1668,3650,1210,1032
2629: 1688,3062,3345,1360,1001,3468
2630: 2611,2528,211,1732,2249,3858
2631: 474,1194,3302,1685,1331,308,3456,3322,728
2632: 248,2179,2385,2398,2487,3638,1497,1460,3159,2918,1211,131
2633: 2899,2704,1102,1980,1184,2649
2634: 2142,928,3664,3370,1018,225,2301,2957
2635: 1085,1212,675,810,3445,1279,3362,2170,2500,3093,421,2113
2636: 1328,64,692,3670,586,3567
2637: 1065,3652,1312,271,161,731
2638: 117,1135,3783,3296,1549,2504,1147,1750,2218,3704,2732
2639: 2036,1132,90,1872,2567,3780
2640: 1046,1202,3584,4002,981,91
2641: 3801,2858,1253,66,3049,756,2489,1964
2642: 1636,2410,2203,433,2369,3865,2852,3126,707,2016,1995,2101
2643: 1640,3493,2517,654,1299,2271
2644: 3172,1650,2338,956,1757,440
2645: 2770,1127,3779,501,605,2053
2646: 1930,174,698,3558,1320,1641,1344,2467,3990,2035
2647: 3806,3487,2827,1403,1837,1626,1152,2335,2303,221,366,3489
2648: 2444,1426,1818,113,2709,3421
2649: 3594,705,2505,1184,2278,2633,2899
2650: 1259,1961,2752,1293,1601,173,1469,3348,1004,491,1620
2651: 157,1978,561,1763,3308,2549,3307,2401,1587
2652: 400,2083,3002,646,1901,1588
2653: 3459,1675,2121,1859,2103,1193
2654: 3754,387,911,3041
2655: 1371,3332,3942,1737,354,3732
2656: 3861,1560,3913,352,3627,2364,594,150,3301,1137
2657: 3547,1384,2156,1226,3024,732,1635,3748,263,4084
2658: 1773,745,2308,3678,702,2269,585,3341
2659: 244,888,3776,306,3766,323
2660: 1031,474,4089,3387,3614,3091,1695,1726,906,1098,1994
2661: 3800,1767,2974,2306,295,2925,2442,1895
2662: 516,3244,2876,111,1257,3613,2325,367,4035,33,769,1657
2663: 176,453,3305
2664: 2409,1478,1353,487,3882,2336
2665: 974,2052,2699,492,2232,2013
2666: 635,3778,1527,1173,2277,803,1983,3868,1733,1803
2667: 3818,606,2838,1215,374,2548
2668: 2494,2200,1642
2669: 3146,1835,1354,528,3396,3176,4094,898,2136
2670: 1308,251,1135,3296,3139,2832,1615,3756,2382,975,355
2671: 1727,3519,1245,2491,1441,61,226
2672: 2240,1514,862,3589,2706,2230
2673: 3464,1810,1991,2762,1400,935
2674: 1372,252,1222,1893,3910,2294,413,2204,3837,1164,867
2675: 1881,1348,3881,332,607,3945
2676: 1097,4022,1694,2787,214
2677: 3450,369,3482,1278,3843,3014,93,2430,863
2678: 1557,791,613,2574,405,1068,3140,3546,281,3799,1058,3718
2679: 3481,3887,237,1546,652,2740,1255,3583,3573
2680: 2627,1765,3269,307,2063,969
2681: 3785,1693,851,3687,2343,792,3869,1318,3930
2682: 3157,1572,3281,177,3819,8
2683: 1883,685,99,2586,1603,630
2684: 1185,1300,850,2100,1935,3353,2616,3150,999
2685: 2097,1448,2840,2056,339,1628
2686: 1321,3802,3190,1830,88,1254,3648
2687: 1592,608,309,1154,2469,1368,2146,47,12
2688: 3546,190,1424,281,3799,1153,1058,2533,3718,2938,2265,695
2689: 1930,698,1320,1436,1344,3323,857,990,1831,2310,2132
2690: 2280,1793,833,232,1528,1138,3659,1507,3328,3170,3822
2691: 388,197,3535,998,1751,2558
2692: 2094,390,2013,1738,553,1822,2855
2693: 2464,1186,1139,375,507,3377
2694: 2967,982,3688,2970,976,3045
2695: 4083,2468,708,178,1286,2030,2737,2530,854,1061,1248,1239
2696: 2934,566,1062,3183,3776,1047,2434
2697: 3752,947,3104,3040,1547,1120,1629,312
2698: 397,3925,151,1749,223,2612
2699: 1759,2665,1262,2052,492,218,3636,3994
2700: 2828,3820,1103,892,1740
2701: 1887,239,2115,3300,215,3602,3601
2702: 2471,1066,3146,1835,342,602
2703: 53,3071,1170,2543,2613,856
2704: 2633,2899,445,1937,1291,1102
2705: 1710,3937,3602,1397,3601,3401,3193
2706: 2672,2240,862,735,2067,1604
2707: 3067,165,506,483,3120,3737,1540,143,1230,521
2708: 898,1891,718,3180,1354,1213,3176
2709: 1931,3096,113,3421,126,2648,1818
2710: 202,3816,1889,793,1270,1474,3782
2711: 1794,104,3939,1140,2393,933,1971
2712: 307,1890,969,1825,835,3426
2713: 4010,2743,865,1763,2549,2117,3443,1444,1986
2714: 3922,663,3821,509,1969,1266,2845
2715: 2813,2859,1486,2,650,3437,108
2716: 1302,1049,3667,3983,522,2771,2032,216,1553,3629
2717: 1048,82,197,3535,2826,3226
2718: 337,1485,2798,712,3081,2916
2719: 3764,774,1375,719,1045,561,3243,617
2720: 220,3319,701,1876,3655,1834
2721: 1356,765,1002,1188,917,2061
2722: 1328,2559,1531,692,333,1294
2723: 3167,1719,2524
2724: 2004,3719,2979,889,2844,3909,70
2725: 3343,2794,1298,2593,794,3390
2726: 493,3044,3123,2024,2372,1185,999,2547,1903
2727: 3129,3525,415,1343,560,2339,2732,1310,1601,3202,2370
2728: 3316,3655,929,1834,3758,3158
2729: 754,1700,2950,747,4034,1032
2730: 309,3065,1797,3192,2069,1154,2469,2810,1627,722
2731: 686,1195,3632,1771,2345,3551,2470,335,3109,872,2741
2732: 1147,3129,2727,1750,2218,3330,560,117,2638,3982,1310
2733: 2755,3016,1303,1736,2000,2483,617,77,2744,3243,1375,719
2734: 636,3978,1510,262,631,4082,2487,826,2993,1447,3051
2735: 315,2933,610,2196,1003,3340,4011,3580,3815
2736: 408,3763,1480,2481,1393,373,1033,539,2758,1716
2737: 2695,2468,708,178,3521,1906,1286,2030,1248,2453
2738: 1394,2327,3928,2404,664,2986
2739: 2253,1966,3767,241,3635,2255
2740: 3887,2679,652,1255,3573,3030,343,119
2741: 2470,2039,1602,1820,709,2480,1771,2731,45,3722
2742: 3038,2378,1711,2153,154
2743: 2713,561,1763,2549,3243,3443,1444,1986,617
2744: 336,3443,1444,2976,3520,3243,1303,2909,2000,617,2733
2745: 1592,608,309,3192,1154,3743,4077,12,857,2310
2746: 785,3915,942,1605,1982,3741
2747: 1977,1093,1369,74,3672,188
2748: 419,3191,1609,95,4068,1795,2488
2749: 2822,1385,1104,470,787,179
2750: 1712,476,3773,3564,768,598
2751: 1208,1932,644,1267,2420,2001,3570,198,411,3342,3539,455
2752: 625,1961,2650,1293,2312,1940,1469,1004,1620,2341,934
2753: 577,3517,158,118,3932,3058,2446,1203,3823
2754: 2860,2981,1081,2011,368,1355
2755: 3016,1736,617,1389,77,2733,834,3677,1375,719,1829
2756: 2137,1550,183,3690,2625,1373,1034
2757: 2301,1475,2610,1101,1071,2307,3375,1019,746
2758: 1276,1379,1716,3582,3980,1033,408,3195,2481,2736
2759: 2898,3920,28,1419,2252,2037
2760: 688,2082,2007,890,78,2229
2761: 1402,3313,67,347,2162,3499
2762: 1665,1511,759,3464,2673,935
2763: 2883,1391,498,1292,3906,2436,3206,2095
2764: 2905,1643,1018,225,1924,2892,2114,434,592
2765: 1047,2971,2498,2434,4096,665
2766: 562,3486,2293,269,2904,1788
2767: 1121,2507,1533,1335,858,2221
2768: 3866,841,633,3871,3842,1630
2769: 1968,2893,1007,2578,418,1431
2770: 1127,1575,2645,501,3234,796
2771: 672,3660,2202,2032,216,20,203,522,1227,301,2716
2772: 170,135,2216,272,1133,129
2773: 1761,674,3578,2061,3413,3544
2774: 199,2387,3547,1948,1226,1408,2858,66,3890
2775: 3155,3505,1515,222,1043,1648
2776: 2846,365,3838,140,1805,797,3483
2777: 373,1537,2377,531,1256,539,3241,801,3822,3328
2778: 858,2562,3198,2221,1324,2479
2779: 2900,3867,564,1839,2922,2424
2780: 2133,3591,2782,1959,1077,891
2781: 1526,4055,724,3283,1042,3408,930,2048,1867
2782: 2780,3591,870,2247,3644,891
2783: 1167,2340,517,1845,3993,338,3949,1565
2784: 3418,1631,3107,378,2614,681,616,2008
2785: 3784,1855,1720,3256,167,615
2786: 852,2366,1676,2930,2347,3589
2787: 3818,1694,1215,2676,214,2149
2788: 546,2089,3817,1911,1589,382
2789: 83,963,3608,44
2790: 1683,843,455,1584,2050,2071,2367,869,1267,2001,3570
2791: 2584,3245,138,3309,450,3527
2792: 4054,1181,2983,1897,547,1778,3085,444,2508,1178,1416
2793: 3579,384,3115,1242,1715
2794: 3343,3724,2725,794,1092,1632
2795: 1783,2532,3058,1871,196,314,122,3516,3356,1331,2527
2796: 3380,1396,3814,548,3952,588,1323,2416
2797: 1791,420,4067,899,1346,3011,3009,1595
2798: 337,1428,3081,2718,1501,3054
2799: 4024,3280,1487,1573,447,3098,771,779,3185,3536,2906,3148
2800: 634,3710,666,228,1100,1731,2580,2417
2801: 844,425,2086,3447,1677,1608,313,557
2802: 1105,351,2172,2583,3347,3612,456
2803: 3415,2409,62,1478,1166,1534
2804: 3280,3543,106,1061,2523,2906,2272,4083,389,1490,3518,3099
2805: 603,3531,1106,3972,860,2175,1321,3583,293,88
2806: 886,2102,1535,2361,3569,1923
2807: 1553,273,3970,3629,3669,1049,3667,3109,872,1403,1063
2808: 291,2178,936,1888,3540,1617
2809: 230,2535,3728,3784,1878,167
2810: 309,1797,2730,2069,1154,2469,1689,1627,2577
2811: 2209,2949,1205,1833,871,494,601,2432,2266
2812: 1678,4008,212,2207,2571,3679,1780,3174,678
2813: 2,2715,338,2936,3437,2019
2814: 1665,417,742,3533,1713,559
2815: 349,3046,1427,3357,1856,1026
2816: 1579,3351,1301,627,1522,2138
2817: 1356,1775,3394,1002,3699,4021,1230,521
2818: 3441,2965,1090,46,3863,1894
2819: 667,1682,2603,1251
2820: 958,859,3561,357,980,1089
2821: 1223,1594,2956,828,3181,931
2822: 3750,1385,2749,1464,179,1541
2823: 998,4056,3786,619,1751,1067
2824: 1900,37,3029,4072,827,637
2825: 1789,1241,709,3001,3476,3760,2199,1692,2039,1701
2826: 511,1107,3226,2617,2717,3535
2827: 3806,3487,331,1403,1837,1626,1152,2148,2564,2647,620,273
2828: 2700,1804,3820
2829: 824,2605,637,1823,4072,310
2830: 2851,1700,1009,1708,2383,3976
2831: 1108,2943,3291,2043,530,3054
2832: 1391,1292,300,3906,1615,1933,975,2095,1308,2670
2833: 3800,2974,1925,210,2599,2226,1607,3439
2834: 2279,4090,15,1934,3379,3787,3720
2835: 1412,3692,715,1633,3070
2836: 2275,815,781,233,1799,480
2837: 520,3946,3572,291,936,2152
2838: 549,3818,2667,2920,1443,2548
2839: 1935,3475,999,763,3347,3044,456,2372,2172
2840: 2896,1448,2685,1002,1787,339,3581
2841: 1302,2470,2039,335,1602,1701,3667,3983,3025
2842: 3843,1968,1786,2893,1880,3429,941
2843: 3730,964,283,2246,669,2867,2850,1886
2844: 889,297,1364,2724,3909,441
2845: 1969,2026,3530,402,2714,3821,2231
2846: 3880,775,1202,365,3838,2776
2847: 932,1578,3239,2070,2422,743
2848: 793,296,2241,3365,1027,1281,1414
2849: 1801,135,2216,3061,3603
2850: 3563,669,2867,3407,1115,2843,2246
2851: 754,1700,2465,1009,1484,2830
2852: 198,1566,1524,3539,707,2016,1208,1932,2420,1636,2642,2203
2853: 893,2040,648,1145,3077,1552
2854: 2582,1672,1891,3161,2437,385
2855: 390,1493,2404,553,2692,1421
2856: 1142,912,3173,217,3117,1440
2857: 3861,3913,352,2175,2502,603,860,293
2858: 2641,66,3890,1948,2774,1226,1408,3049,668
2859: 1486,3473,3315,1029,3179,650,2715,2391,2992,2518
2860: 2011,368,3246,2754,2143,1779,3032
2861: 3848,235,3322,1545,2141,728,1109,3378,3456
2862: 893,1394,1150,2040,2327,2324
2863: 2486,1335,1860,278,3653,1216
2864: 1252,2538,776
2865: 3284,1992,4078,416,750,1374,2034
2866: 1081,710,713,2511,3380,548
2867: 3563,669,3385,2850,1886,2843,2246,1513
2868: 496,1386,2295,795
2869: 2994,1784,508,155,3703,2462
2870: 1824,2553,563,2597,645,406
2871: 3076,689,1922,1306,504,1050
2872: 1785,600,3795
2873: 3879,1124,612,1936,3835,2521
2874: 2509,326,550,3154,1376,3310
2875: 133,1570,3292,3616,391,880
2876: 1819,516,3940,3244,869,644,2662,1267,2325,3729,367,2456
2877: 442,3537,524,1980,1918,3810
2878: 2041,2296,3363,3595,1204,299
2879: 1102,1722,524,3329,3095,445
2880: 1290,2576,201,2587,2198,1679
2881: 1773,745,3127,2591,1590,853,4012,2514
2882: 2058,3337,1311,3344,541,3988
2883: 1292,1954,2436,2763,3919,1022,3399,4038,324
2884: 3684,1268,441,4019,3530,1035,1364
2885: 1324,2479,3639,711,1027,1414
2886: 1557,3731,613,3630,2060,2574,1068,2483,1389,908
2887: 2223,950,246,965,1144,2581,1352,175,3565,425
2888: 2534,3658,772,1690,139,3532
2889: 1367,2142,928,3370,440,956,1051
2890: 3242,1155,2151,832,2127,1725
2891: 1439,783,451,3258,1079,966
2892: 2146,1924,1643,2764,1592,592,12
2893: 1968,1786,2769,1007,2578,2842,3073
2894: 3076,1110,504,621,2365,1334
2895: 224,2554,1625,1789,1820,709,2480,1069,3722
2896: 765,1448,2840,1002,1787,2110
2897: 1951,3938,1697,3986,3883,670
2898: 3920,3999,1916,2759,1036,2037
2899: 2633,3491,1937,2704,1184,3594,2649
2900: 2779,3004,564,3824,1826,1839
2901: 3512,1588,269,1057,2262,2293
2902: 2216,1133,861,866,3061,1936
2903: 3772,1842,234,3338,3903,1536
2904: 565,1855,3427,562,2766,1788
2905: 2142,1643,3370,2764,3059,1018,581,687,1924,340
2906: 543,2556,3438,2272,3148,447,3280,1487,106,2799,2804
2907: 1532,3389,1632,3851,3724,320,1841
2908: 4055,799,3555,3295,1892,1054,818
2909: 1303,1736,2000,617,2228,570,336,1117,2976,2744,212
2910: 141,1333,3579,2245,1111,2295
2911: 3566,1387,428,185,449,1413
2912: 923,3266,1593,310,3661,2168
2913: 1708,477,1064,523,3863,614
2914: 676,49,322,3114,131,1393,1537,3333,1256,4004
2915: 672,1425,3656,3660,2202,460,1938,4092,2032,2623,203,984
2916: 205,1485,712,2718,1461,3422
2917: 3901,1368,47,146,2231,1689,1892,2469
2918: 3638,1497,431,3159,248,2385,2632,3333,1613,801,3860,131
2919: 819,2449,1841,1745,3958,29,3084,2238,937,2117
2920: 864,1443,3086,1853,549,2838
2921: 3355,1912,573,1532,2579,3851,3111
2922: 1839,2244,2424,1141,638,2779
2923: 519,1379,2443,3582,3195,2451,967,1482,1542
2924: 995,2043,2042,2510,1622,2943
2925: 2974,2306,2661,444,1178,2442,1895,3681
2926: 254,3892,1939,1015,3726,876,464
2927: 1075,3304,1776,1686,595,3808,1766
2928: 1359,14,3288,1710,1052,3193
2929: 412,344,3142,1915,3078,1754
2930: 2194,1844,574,2786,852,2347
2931: 133,3616,280,1721,3905,3852,755
2932: 1217,1769,2274,1933,3283,1391,2313,300,1867
2933: 3497,2288,1956,1971,2735,610,2196
2934: 1805,566,2286,2696,797,1062
2935: 2164,1222,1893,3910,413,3094,2045,3434,236,2977
2936: 968,338,2119,1565,2813,2
2937: 671,2365,423,1306,504,3038
2938: 190,281,3651,3718,1249,2688,224,503,895,2227,3604,2265
2939: 1874,406,3256,615,1824,3759
2940: 761,3478,700,1664,1896,1070,3971,2977
2941: 502,1190,2367,198,411,3342,3072,455,1584,2001
2942: 3752,3541,947,1547,321,2099,952,855
2943: 187,2831,1108,2043,2042,2924
2944: 1801,734,2402
2945: 515,1596,136,1941,1616,3916,116,1807,345,2197,2500,3093
2946: 472,1645,3598,1411,3158,677
2947: 2626,567,3840,1225,3538,184,1917,249
2948: 712,3081,4009,555,3694,2002
2949: 2209,2811,1833,144,536,1388,1659,1322,101,896
2950: 2729,1700,747,1111,3976,1386
2951: 1957,632,1634,4064,2452,1039
2952: 351,544,1388,1635,2583,1362,3612,2156,3024
2953: 830,3103,100,427,3598,3758
2954: 1847,990,2984,3715,2243,3961,568,2958,2090,3507
2955: 1498,1806,35,3419,1400,935
2956: 1223,2392,641,1594,2821,3073
2957: 2301,1475,928,3664,2634,225,1071
2958: 20,568,1227,1260,55,1317,2090,3936,3507,2954,439
2959: 2537,3079,3255,1861,6,944,3514
2960: 73,303,720,32,1965,3371
2961: 2006,1528,1138,2258,1460,407,435,3012,777,2280,833,232
2962: 1082,3458,396,3950,1168,1884
2963: 409,1492,3149,168,3734,1177
2964: 2074,3484,341,1377,3019,2017
2965: 3441,2818,1942,289,1894,812
2966: 1161,769,639,1325,800,1657,3577,808,1025,2363,1137
2967: 182,2003,982,2694,2970,638
2968: 3686,1157,1551,1088,1873,1446,3495,3023,58,2050,869,3729
2969: 3534,1357,2321,2358,2403,41
2970: 2244,1815,638,2967,2694,976
2971: 2498,699,2765,1337,4096,19,3216
2972: 468,1742,3975,4058,1538,3762
2973: 1262,3636,3232,3378,3848,235,878,978,569,3406
2974: 3800,2306,2661,3557,295,1925,2833,2925
2975: 2575,1972,4086,3828
2976: 570,107,336,1117,2540,2744,3520,2909,2000,2228
2977: 3861,3913,2502,2935,3094,2045,1896,236,603,3478,2940
2978: 1353,750,3144,1037,807,487,3102
2979: 2004,2724,3332,3909,70,1723
2980: 1874,3788,1788,127,3912,3427
2981: 1081,368,2754,2566,2511,1114
2982: 1199,3735,1072,3567,333,692
2983: 86,4054,1181,3870,1897,811,2792,3857,547,1778,1984,444
2984: 1847,990,2079,443,1131,3715,2132,2954,3961
2985: 3889,279,1790,3003,435,3462,1179,3012,777,2280,462,2006
2986: 664,1228,87,1421,2404,2738
2987: 3067,288,1123,165,506,3120,1246,3160,3797,1014,1540
2988: 3498,3845,938,1959,2133,2346
2989: 2381,2028,267,1010,3605,2215
2990: 1304,589,3955,181,1435,3331
2991: 3921,1128,3866,1499,1612,3268
2992: 1156,2391,459,3039,2263,557,2518,2859
2993: 636,2734,4082,2487,826,1974,1561,1447,169,3051,1551
2994: 3411,1231,1784,2869,23,155
2995: 1494,3014,3105,1518,1258,3274,42,3208
2996: 3007,2107,1519,1707,2005,392,1529
2997: 1832,1825,835,576,3230,3706
2998: 1823,37,363,4072,1509,1898
2999: 3922,1567,3107,3262,2008,2163,3112
3000: 503,1678,4008,92,3140,212,1502,2227,2571,1280,3651
3001: 1625,346,1789,1820,1241,709,2825,3760,2039,1602,1701
3002: 1338,2435,646,2652,2083,2408
3003: 279,1790,628,2180,2985,3099,3462,3141,1430,3765,462
3004: 2900,3305,1521,564,176,1826
3005: 285,1143,3211,3831,2360,1648
3006: 3207,4002,1456,2414,1046
3007: 2996,590,3829,1519,2005,392
3008: 1568,7,2283,353,3451
3009: 1595,3647,284,899,1346,497,420,2797
3010: 1500,264
3011: 1203,3412,2185,899,1346,3517,1791,4067,2797,1696
3012: 777,2280,1282,232,3889,279,2985,435,706,2006,2258,2961
3013: 4015,2416,93,2430,386,2568,713,548
3014: 1494,3105,4015,2995,2430,369,2677,1278,1038
3015: 1044,395,2395,1899,3649,1013
3016: 2755,1736,2000,2483,1389,77,2733,3677,1375,2060,1068
3017: 3238,2317,640,1401,105,1966,3767
3018: 311,3840,1745,2117,1986,4010,865
3019: 2017,3757,3622,2964,341,372
3020: 3965,3143,1505,358,3721,1218
3021: 331,1626,1152,2148,1792,2564,60,3063,3632,1813,1946,4043
3022: 3867,3770,1521,564,1973,2452
3023: 3686,1157,2968,227,1446,3495,58,1819,3729,3707,2285,658
3024: 3547,101,2657,1384,2156,544,1388,732,1635,2952
3025: 672,3476,2202,4092,2032,216,1692,1701,3983,2841
3026: 1207,845,1698,3943,410,2124
3027: 430,813,1504,3634,1000,673
3028: 3089,1569,2007,890,4006,304
3029: 2824,1900,3728,1720,167,827
3030: 1125,1539,343,4053,1920,2123,3887,2740
3031: 3509,3621,4056,35,3885,1453
3032: 2143,253,22,1073,2860,368
3033: 3931,1647,2321,1575,393,3265,558
3034: 2471,342,725,3286,1910,2570
3035: 1762,683,3036,1341,525,2093,1305,1409,4079,3562,526
3036: 2406,683,2084,1341,525,2199,2093,276,583,3035,3472
3037: 1921,4001,842,4071,1917,1463,3902
3038: 2742,1711,1306,423,2937,2153
3039: 1156,2609,2391,459,2992,557,2581,1608
3040: 2697,3752,2131,947,1547,1120,3564,312
3041: 2654,387,911,721,3883,670
3042: 502,1190,515,1596,3231,1523,136,1941,3916,3072
3043: 1496,3236,1646,1011,50,977
3044: 493,2726,3347,456,1827,2372,1935,2839
3045: 1843,1390,2694,3688,976,192
3046: 2350,349,1283,2815,1856,2092
3047: 2268,3855,2165,25,1774,814,1940,1433,3348,1285,1620
3048: 686,3979,316,1616,3350,3551,116,3373,1807,345,2500
3049: 2105,668,756,2489,1408,2641,2858,66
3050: 748,1119,2573,1404,3717
3051: 3777,169,3467,1974,1447,3872,636,2734,2993,3398,1551,1088
3052: 3191,1609,2589,645,1012,2553
3053: 1680,604,1944,2613,1170,4046
3054: 1501,530,337,2798,2043,2831
3055: 2145,1314,370,2417,3683,2259,2585
3056: 1423,3769,1735,322,3356,3888,3169,1597,196
3057: 2388,1219,3917,1963,2396,1798
3058: 2532,1871,2029,314,2795,2527,118,3932,1857,2753,3823
3059: 2905,3370,581,687,3654,3560,340
3060: 901,2190,3847,3130,839
3061: 866,2849,2902,2216
3062: 2629,1001,575,2318,3468,1340
3063: 686,316,60,3632,1616,1813,3350,3021,810,4043,2171,421
3064: 1289,991,1404,2189,3121,4023
3065: 309,1797,2730,3192,2069,1154,722,1831,1131,2310
3066: 3848,714,2141,3223,1590,2514,3431,1759,3636
3067: 288,2707,2987,3877,165,506,483,3120,1014,1540
3068: 1479,3725,985,1571
3069: 1406,950,1144,3471,425,757,3260,3368
3070: 3951,2835,715,1633,3989,1849
3071: 53,4061,1053,1170,2703,2212
3072: 1449,411,3452,2519,4013,3643,502,1190,3231,3042,2941
3073: 641,1594,2956,1786,2893,1007
3074: 1974,3334,3926,1561,780,102,2235,3872,1279,920,3362,1580
3075: 1743,1646,1544,2499,163,1879
3076: 2894,1110,1922,504,2871,1415
3077: 3553,1145,2853,648,3277,2208
3078: 3137,1754,2929,412
3079: 119,43,674,2537,2959,944,3514
3080: 1567,2425,663,1054,1220,818,200
3081: 2798,1428,712,2718,2948,555
3082: 64,951,2493,1770,3222,1681
3083: 2297,2431,1012,2597,645,1319
3084: 1841,3958,29,1056,2919,937,320,2044
3085: 2306,444,3557,2508,1181,2792,547,1778,1908
3086: 2920,864,3178,1443,79,1752
3087: 1457,2397,946,442,3537
3088: 2155,909,1899,3649,4006,304
3089: 1569,1644,3028,2007
3090: 268,1858,2520,883,2271,3593,81
3091: 2660,3387,4060,875,1446,3707,1726,1098,3548,3124,778
3092: 1901,3486,1234,3360,400,2176
3093: 675,810,1279,920,2170,2500,2635,1616,2113,1596,1941,2945
3094: 2935,413,2045,3434,1896,1070,236,588,3913,2977,3478
3095: 2606,3329,2879,3927,99,445
3096: 1931,113,2709,1491,913,3606,1610
3097: 1575,796,3479,1647,1872,2567
3098: 1666,771,4032,221,366,790,3185,3202,3536,1875,2799,1573
3099: 1307,1790,1490,628,2180,3003,2523,2804,4083,13,389
3100: 383,831,2183,1739,1604,2067
3101: 103,2594,1850,4005,2186,3404,1022,498,2436
3102: 2978,807,487,52,4037,2438
3103: 2953,3959,1885,100,427,3474
3104: 2697,3541,947,1629,1714,1112,164,997,3270,3136
3105: 1494,3014,2995,369,1278,3274,42,1038
3106: 1902,1238,3219,397,3617,151
3107: 3418,2784,681,3164,3262,616,2008,2999
3108: 1189,932,1578,550,3349,3878
3109: 335,1049,3667,872,273,2807,3669,2564,3632,1063,2345,2731
3110: 2164,1222,2294,413,21,3126,867,2369,594,150
3111: 1532,1471,2579,3833,1074,2921,573
3112: 2008,806,2163,394,1567,1220,2999
3113: 2304,1229,3390,2275,642,3282
3114: 676,3769,49,943,322,3860,131,2914,1537,3333,1613
3115: 2257,1242,2793,1715,2225
3116: 116,3697,535,874,1358,3373,2068,2197,2265,2533,1249
3117: 3227,179,1541,3173,217,2856
3118: 3801,446,736,2182,66,3890,1458,1948
3119: 3156,3201,1040,436,526,1637,4044,3944
3120: 3067,288,2707,2987,3877,1123,506,1994,2122,3160,1540
3121: 1404,3064,3717,4023,1146,32
3122: 1527,3763,3195,2451,1542,1753,635,2224
3123: 493,2726,2024,1827,2432,1185,2145,1903,3683,1096
3124: 3548,579,1658,778,2173,875,3707,3387,4060,3091
3125: 3251,76,723,822,1860,1577
3126: 21,867,3395,2016,3416,1399,1995,2101,3110,2294,2642,2369
3127: 1773,3994,702,2881,1590,2514,1759,218
3128: 2333,3216,1652,816,2066,422
3129: 1147,773,3525,415,2727,1750,2218,560,3704,2732,1310
3130: 3060,1869,2190,839,507,3377,1078
3131: 428,449,3768,1885,3221
3132: 3453,3229,3744,643,3841,758,1085,458,3445,206,149,1129
3133: 1422,2435,3839,2047,30,784
3134: 618,98,2049,3987,3410,1828
3135: 2374,2072,2512,1656,3801,1253,446,1964
3136: 2594,1850,2563,2496,3104,997,1854,3270
3137: 2375,3078,3947,1754
3138: 584,632,3770
3139: 1308,251,1135,2220,805,2670,2504,3339,1615,975
3140: 503,3000,1502,3924,1280,281,3651,3718,2678,791
3141: 3825,13,279,628,2180,3003,31,1430,1148,3765
3142: 1312,749,2929,344,1065,1915
3143: 1755,1505,358,3469,3020,1272
3144: 2978,750,1374,1037,807,993,1483
3145: 1408,1863,3397,3358,3545,1226,1276,2105,668,1716
3146: 2702,1835,602,2669,528,3396
3147: 653,2311,1245,414,922,3953
3148: 543,2556,2906,1618,2450,447,779,3536,4024,1487,106,2799
3149: 409,274,2963,2116,2423,1177
3150: 3353,2453,1564,2616,651,448,1416,3857,2684,24
3151: 1104,1784,1530,2330,508,3227
3152: 1149,1407,2128,716,501,3234
3153: 3334,3926,1561,89,780,102,2073,206,1315,971,2177,1129
3154: 3820,1103,527,1376,2509,2874
3155: 3505,2775,2063,3774,285,1648
3156: 3796,809,1040,2109,3119,2129,1777,4044
3157: 4033,2682,1572,378,1271,177
3158: 3598,2946,3758,677,3316,2728
3159: 2258,3738,1497,1460,431,2918,1211,2620,3978,248,2179,2632
3160: 1246,800,2122,3577,3797,3376,288,2987,3120,1014,1540
3161: 120,1756,2437,2854,1891,3180
3162: 834,3677,3240,719,77,2428,1038,1829,3834,1638
3163: 1452,781,233,1742,1101,4058
3164: 509,70,1723,3262,3732,616,1266,3107
3165: 4007,2280,1282,1793,833,3600,462,3748,732,1362,1507
3166: 1649,775,3838,2286,960,2516
3167: 2723,1719,1013,395
3168: 1843,23,2474,155,1390,3907
3169: 1405,1685,362,1658,3356,1331,2173,3888,3056,1783,196,122
3170: 2377,531,801,3822,2690,232,1138,431,3659,156,3328
3171: 2457,2561,363,661,3759,3257
3172: 2644,1650,2111,996,1757,2046
3173: 1541,1142,3117,2856,733,3827
3174: 258,1780,678,2384,570,1117,212,2812,2571,2228
3175: 1794,623,3854,1606,690,3832
3176: 1354,528,3396,3710,1213,228,1100,738,2669,2708
3177: 3282,649,3685,1298,751,1380
3178: 3635,3086,79,3248,2012,1752
3179: 2859,3473,1029,3593,1198,1858,2518,1083
3180: 2708,1891,1213,738,120,3161
3181: 828,3435,3973,1594,2821,1950
3182: 1904,3675,1640,3493,705,2505
3183: 566,2696,2020,396,1168,1047,665
3184: 1075,3608,3878,963,1821,1189
3185: 3098,4032,779,366,790,3536,4024,1487,788,2799,1573,1812
3186: 1611,3490,2315,1672,2181,518,2355
3187: 1339,1650,3703,461,996,2474
3188: 782,125,2054,1365,348,3575
3189: 2137,4095,1550,18,1975,2522,2401,142,611,3690,3764
3190: 2686,3802,1255,1830,944,3573,3514
3191: 419,3052,1609,2748,2589,4068,1012,1795
3192: 608,3065,2730,2745,1154,857,1831,2310,2132,1320
3193: 1710,2705,1397,752,1359,2928
3194: 1717,1682,3200,2603,213,3272
3195: 1527,3122,408,3763,2923,2758,1379,967,1542
3196: 979,426,3665,2035,1574,208,3424,916
3197: 87,1990,4050,3897,1741,1859,1228
3198: 2009,2562,822,2778,1324,160
3199: 2393,3250,1864,3372,104,3844
3200: 1163,1717,3194,721,121,3272
3201: 3796,809,1040,1134,837,436,3119,1796,2238,3944
3202: 1666,3098,771,790,3489,2242,2370,415,1343,2727,1601
3203: 1105,31,544,1430,2583,1362,1148,1906
3204: 1130,3766,656,4000,2592,3609
3205: 852,1309,1080,473,2194,1960
3206: 1583,1391,498,2313,3906,2436,2763,103
3207: 1456,1015,540,3726,876,3006,2414
3208: 3274,42,510,954,2995,1518,1258,3910,3814,1418
3209: 1848,1543,958,859
3210: 2292,2353,1284,989,1016,2472
3211: 3005,285,2360,1651,647,3228
3212: 233,1799,3762,1142,912,4058
3213: 4016,693,1976,925,3595,2476
3214: 2353,783,1284,3284,3258,416
3215: 1683,843,455,1584,3981,1580,920,502,591,1523,2367
3216: 1652,3128,2066,2971,699,1337
3217: 2403,2250,1548,41,813,1728
3218: 2114,1702,3874,1718,3664,225,1071,746,71
3219: 3106,1238,856,3617,607,2543
3220: 747,2200,4034,11,1642,795
3221: 1252,1250,2615,3959,1885,3131,449
3222: 529,3670,3652,1770,64,3082
3223: 3848,235,714,2141,3066,878,1590,1759,1262,3636
3224: 3437,1503,3250,2019,2340,517,1864
3225: 1719,2524,2379,180,3392,1623
3226: 511,2826,2717,1048,1124,612
3227: 179,217,3117,3151,1104,508
3228: 4073,2106,1651,382,647,3211
3229: 130,3453,3846,3744,643,3841,758,1946,1232,3132,458,4043
3230: 3405,1825,181,576,1512,2997
3231: 502,1190,515,136,3042,3916,2068,1424,1449,3452,3072
3232: 2973,1262,2052,878,3,1116,978,569
3233: 1574,1076,2307,3375,1619,208,746,3914,916
3234: 2770,1575,393,501,1149,3152
3235: 2451,2154,970,1482,9,3850,1639,371
3236: 3043,1646,1544,50,2002,4009
3237: 1205,3622,871,3449,2344,1724,575,2318,1340,372
3238: 3017,640,1727,915,2081,105
3239: 326,932,2847,1598,2112,743
3240: 834,3677,512,1200,3162,369,1038,1638
3241: 1393,2777,373,1537,2377,3333,1256,1033,539,4004,801,1480
3242: 907,2314,2010,2890,1155,2151
3243: 561,2743,2549,3443,2744,617,2733,2719,1375,1045
3244: 1208,516,1932,644,2662,1267,2420,2876,1636,111,1257,2203
3245: 1967,2584,1450,2791,1077,2174,450
3246: 2860,2011,873,2143,1779,682
3247: 398,3808,3739,1766,679,1838
3248: 2389,241,3635,3178,2012
3249: 939,3625,1942,2602
3250: 3199,399,2393,1503,3224,1864
3251: 1997,76,2188,3125,2009,822
3252: 1411,4036,1684,830,3455,1555
3253: 2576,926,1084,659,1679,2217
3254: 2387,1659,1322,1948,2017,1377,736,2182,3890
3255: 1470,2537,2959,1861,3381,3991
3256: 1855,1720,2785,615,3427,1874,2939
3257: 661,3706,1176,2457,3171,1832
3258: 3284,3985,451,3214,2891,783
3259: 1461,786,259,3501,3326,205
3260: 315,757,3471,1406,3069,3340,3368
3261: 1086,275,2371,2201,1868,955
3262: 3164,616,1266,3107,2008,3922,2999
3263: 87,219,1421,478,3897,553
3264: 2406,683,2084,2199,276,3679,571,346,3436,1241,2075
3265: 1548,1265,558,3931,1913,3033
3266: 2331,923,2912,310,824
3267: 1060,513,2229,145,688,1059
3268: 1451,1612,1499,2991,114,931
3269: 419,1609,1765,2680,3774,1576,2063
3270: 1462,1854,947,3104,1629,997,2594,3136
3271: 2162,1392,3272,121,1951,1402
3272: 213,1392,3271,121,3200,3194
3273: 471,1488,4030
3274: 2428,42,1038,3208,1638,954,369,3105,2995
3275: 897,2088,54,1191,3992
3276: 2407,902,1876,2254,3529,701
3277: 482,2208,2362,648,3568,3077
3278: 849,1760,318,4014,1366,2077
3279: 660,1480,1393,373,1537,4004,49,1988,3751
3280: 4024,3543,1296,1487,788,106,1953,2799,1573,2804,2906,3518
3281: 679,1838,4093,177,3819,2682
3282: 3177,1298,642,3113,3390,751
3283: 2781,231,724,1042,3408,1867,2932,3559,2274
3284: 1992,3985,3258,2865,416,3214
3285: 1432,3287,418,1674,1431,500,2525
3286: 2279,330,725,3712,772,1910,2570,2471,3034
3287: 3285,3803,1432,1674,1431,2526,500
3288: 1359,3957,2928,254,14,4085
3289: 1219,744,726,3917,1957,4064
3290: 893,1394,3928,587,3946,1552
3291: 3791,2831,1108,3513,530,691
3292: 2875,1463,1570,3902,128,3616,280
3293: 189,792,1318,3687,2268,3624,814,1433
3294: 784,3623,1955,2119,1455,4041
3295: 1526,2908,4055,799,200,1054,818,1288,3550
3296: 117,251,1135,2220,1549,2670,2504,2638,2382,1750,2218,3330
3297: 1752,1443,2548
3298: 2033,10,3956,4030,680
3299: 3366,1385,4003,1464,829,2459
3300: 239,2701,1434,215,3601,1481,2484
3301: 2656,1560,3627,150,1137,1025,1465,3384,2369,1151
3302: 474,3387,4060,1194,2219,2631,1685,778,2173,308
3303: 3964,452,1327,2617,753,2128
3304: 2927,1075,1686,3878,3349,3808,132
3305: 3004,2663,176,453,3692,1826
3306: 582,137,495,1146,1119,3717
3307: 157,2651,3308,2401,611,3542,1587
3308: 157,1978,249,1763,2651,3307,1225,3542,1587,3633
3309: 138,727,2791,3527,4031
3310: 2112,1963,1376,2388,326,2874
3311: 2568,2596,940,962,3429,941
3312: 107,1442,1444,1986,3520,819,2449,1745,937,2117
3313: 2761,3986,1402,1435,67,3807
3314: 2107,1165,1519,3544,1928,454
3315: 2859,1486,2391,557,108,1907,2086
3316: 1216,929,2728,1577,3158,677
3317: 1713,2439,882,1687,3321,2085,1836
3318: 755,1378,3599,350,3503,1721
3319: 2720,220,1459,785,3915,701
3320: 1943,3666,1410,162
3321: 1713,2439,3317,3637,417,1836
3322: 3657,1545,2022,728,2861,3523,1194,2219,2631
3323: 1930,1436,1344,2623,2689,990,443,1131,2310,2132,984
3324: 3538,184,3488,1504,3634,1197,3633
3325: 1235,828,114,1466,3571,3435
3326: 1662,3501,1529,3259,786,392
3327: 38,2089,1744,894,1467,3817,1956,4059
3328: 3659,361,3980,156,1507,2690,2777,2377,531,3170,3822
3329: 1734,2606,2184,3095,2879,1722
3330: 1750,2218,560,2732,2382,117,3296,1809,466,3982,1310
3331: 696,3807,589,2990,181,1512,1435
3332: 2004,1371,2655,2979,1723,3732
3333: 1537,1256,1613,3241,801,2918,322,3114,131,2914
3334: 3153,3926,3074,780,102,3744,1085,458,1279,206,2177,1129
3335: 399,1614,933,1907,2600,844,313
3336: 2380,630,1468,1186,375
3337: 1086,3682,1311,551,3344,2882
3338: 2903,234,1730,1536,3750,733
3339: 802,3761,2243,1615,1933,3923,2513,805,3139,3961
3340: 1158,4011,25,3580,1774,3368,315,2735,610,3260
3341: 3504,3894,585,1862,2308,2658,1738,3966
3342: 198,411,4013,1190,2367,2941,455,1267,2420,2001,2751
3343: 3724,649,2794,1159,2725,1298
3344: 532,551,1269,3337,3682,2882,3988
3345: 1688,2629,3468,3524,14,1052
3346: 1558,641,418,1663,2525,1007
3347: 493,3612,3044,456,2281,1827,2839,2802,351
3348: 173,1940,1469,2289,1285,466,1004,2411,1620,3047,2650
3349: 3108,1578,3304,3878,132,266
3350: 686,316,60,1195,3063,1616,3048,1807,675,2171,421
3351: 1060,1579,145,3997,2816,1301
3352: 1095,1530,2330,2247,2038,3364
3353: 2616,3150,651,448,1416,850,2684,2316,24
3354: 1143,2360,599,1589,647,546,1767,295
3355: 311,1912,2921,1532,3851,1841,29
3356: 1331,3888,3169,1423,1735,3056,2527,1597,196,2795,122
3357: 277,1243,2440,2815,1427,1026
3358: 361,1863,3980,3145,156,3545,1033,1276,1716,3582
3359: 4024,1296,788,1953,1573,1812,4032,130,2031,3841,3611,2135
3360: 3092,1234,1017,2176,1949,2356
3361: 2437,385,2344,63,1724,1350,2318
3362: 1085,1279,920,2170,2635,3926,3074,102,2235,3872,3981
3363: 3747,2041,2878,659,2217,1204
3364: 2038,657,787,3727,110,3352,2330
3365: 1182,2544,1395,542,275,2201,2848,2241,1281
3366: 1536,3299,1464,401,829,2459,3772
3367: 2160,2299,577,1733,1803,158,1983
3368: 3340,2268,4011,1774,3624,1406,3069,315,3260
3369: 688,2118,2082,1851,1059,3918
3370: 1367,2905,2142,2634,3059,2889,1018,687
3371: 3965,3969,1505,2960,73,303
3372: 148,1981,1336,2340,1864,3199,3844
3373: 116,3697,3116,1358,45,3722,345,2480,1069,3979,3048
3374: 1865,1273,4042,3554,540,84
3375: 3233,1076,2307,1619,1019,746,1475,2757
3376: 3797,622,3618,2386,1909,1161,639,800,3160,1125
3377: 2693,375,507,1869,3130
3378: 1109,1871,2029,235,878,2861,978,3406,2973
3379: 2834,15,3787,2062,2580,914,1506,602,376
3380: 2796,1489,1396,548,3952,713,710,2866
3381: 255,3963,404,3991,1470,3255
3382: 538,2337,1473,2074,3484,1020
3383: 1557,1162,1437,3731,613,2574,405,3799,817,1399,2368
3384: 1025,1465,433,2363,3865,1560,3301,1137,769,639
3385: 3563,669,1668,2867,2624,1513,1021
3386: 921,3593,1198,1299,1866,81
3387: 1031,474,2660,4089,4060,3302,3091,3707,1726,906,3124
3388: 1163,387
3389: 2907,1532,1471,1632,1378,2579,3599
3390: 1229,3113,2593,3282,2725,1298
3391: 1673,1174,3709,626,194,1118
3392: 4,749,180,3225,1623,344
3393: 4021,143,1230,1703,1979,4012,2514,3693,521,483,1775
3394: 1356,2097,1775,2817,1448,1002,4021
3395: 2463,21,3126,1164,867,3416,1399,1995,1162,1222,2294
3396: 528,634,228,3176,376,3146,602,2669
3397: 263,3659,361,1863,3145,4084,156,3545,1507,3748
3398: 3686,1551,1088,1873,1351,3495,3051,636,262,4082
3399: 3919,3404,1022,1591,1882,2883,1954,2436
3400: 3444,1508,3492,57,1660,134
3401: 3602,2705,1397,3601,239,2213,918
3402: 1688,1360,2355,1926,2482,4085
3403: 1461,292,2005,786,392,1472,977,590
3404: 2186,1192,2351,1022,1591,3399,3101
3405: 1825,1512,3230,1690,3426,3658
3406: 978,1585,3823,569,1109,2532,3378,1871,2029,2973
3407: 2850,1115,2246,1428,555,377
3408: 103,930,2048,2781,3283,1583,2313,1867
3409: 86,4054,3870,1897,811,1209,2560,854,1398,3438,2211
3410: 1240,2091,3454,1828,3134,2049
3411: 3631,2994,1231,694,2014,23
3412: 3,2446,978,1203,3011,1585,2185,569
3413: 2110,1165,3544,2061,2773,765
3414: 2143,1779,2491,2309,2371,1868,1441
3415: 2803,3428,62,2025,1166,3696
3416: 2463,3126,1164,867,3395,707,2016,1399,2368,1995,2101,2588
3417: 286,2319,1169,112,2139,3723
3418: 4033,354,1631,2784,3107,378,3732,616
3419: 1498,2955,1400,680,4069,380
3420: 2581,1192,1352,2351,703,175,459,948,3549
3421: 113,350,2709,1721,3905,1426,2648
3422: 50,1461,1472,712,2916,4009
3423: 1055,2531,776
3424: 1574,208,3914,3862,1641,979,3196,2035
3425: 278,1876,3655,929,3496,902
3426: 3405,1825,1690,1890,2018,2712
3427: 1855,3256,2904,1874,2980,1788
3428: 3415,62,2475,537,2334,3696
3429: 3843,1968,1880,2842,941,863,3311,940
3430: 4048,1462,1854,4005,312,1581,94,1850
3431: 1590,1979,4012,2514,3693,714,2141,3066,1759
3432: 3504,618,2049,1800,1738,153
3433: 1259,2450,3934,1961,1293,1601,491,771,779,790,2242,2370
3434: 1372,1893,2935,3910,413,3094,2045,236,3952,588,1418
3435: 328,828,3325,3181,1466,3973
3436: 2554,1625,346,1789,987,3264,2199,571,2075,1041,2207
3437: 1614,1503,108,2019,3224,2813,1486,2715
3438: 543,2556,1061,1398,379,2906,2211,1618,2264,3409
3439: 1607,80,1925,2833,2599,2226,2021
3440: 1498,35,1453,380,357,3864
3441: 4039,2818,2965,289,1445,1090
3442: 1621,1711,3585,423,1236,2492
3443: 107,336,1444,2744,2713,2743,3243,2000,617,1375
3444: 3400,57,4088,1660,798,3511
3445: 1085,1212,810,458,4043,2171,2635,421,1813,3453,758,3132
3446: 1339,461,1538,3762,912,1440
3447: 1438,3565,2801,3471,844,425,1677,313
3448: 1846,182,2167,1849,982,27
3449: 2266,2413,2344,63,1929,2432,1205,494,3237
3450: 2137,4095,3482,2677,1550,183,1278,18
3451: 1919,3811,3008,7,2283,1361
3452: 1449,411,1524,2519,4013,3072,695,3643,1190,3231
3453: 3229,3841,758,1946,1232,3611,3132,331,1792,1813,3445,4043
3454: 1240,186,2091,195,3410,3568
3455: 830,505,100,3252,1555,3700
3456: 1783,1109,1871,308,3516,2631,1545,728,2861
3457: 3960,1087,3626,4002,1456,91
3458: 1082,2962,2020,396,1865,4042
3459: 2653,2103,2399,1193,193,3540
3460: 3819,4018,2125,1691,1669,8
3461: 831,1757,440,687,1739,1367
3462: 3889,1307,279,2460,1790,2180,2985,3003,435,777
3463: 3958,1056,2238,937,3995,3528,159,1985,1134,837
3464: 3587,1030,1810,2673,2762,759
3465: 537,903,2484,2065,3696,19,1884,2025,4096
3466: 823,1856,1329,1026,1130,1233
3467: 3777,169,58,843,3051,2050,1580,1974,636,3686,1551,1088
3468: 3062,3345,2629,575,764,3524,1340
3469: 1755,3969,3143,1505,2622,760
3470: 4086,689,1840
3471: 1438,425,3447,313,3069,950,757,3260
3472: 258,1363,2412,3944,1409,526,1637,683,3036,1341
3473: 2859,1029,457,3179,650,1198,3716
3474: 220,3768,1459,3103,1885,427
3475: 1248,1935,2453,2616,763,651,2839,3521
3476: 672,16,3025,4092,3760,1692,2039,1701,3983,2825
3477: 3671,1355,710,1489,256,2158,2305
3478: 603,2940,1106,1664,3094,1896,2502,2977
3479: 796,3097,1059,3918,1872,513
3480: 1661,770,2214,1348
3481: 622,237,1546,2679,652,2386,1909,2364
3482: 3450,2137,2677,183,1278,3843,1880,863
3483: 797,3554,2020,1865,2776,140
3484: 2074,2964,3382,1377,2182,1020
3485: 1999,748
3486: 562,3092,1901,1234,2766,2293
3487: 3806,1875,331,2827,1152,2335,2647,1666,4032,221,366,3611
3488: 3538,1921,3324,184,4071,1917,1504,3634
3489: 1666,221,366,790,3202,3525,415,1343,2303,3806,2647
3490: 1420,2237,2390,904,3186,1611,2315
3491: 1196,2899,1937,3590,238,3594
3492: 1508,3400,832,134,1760,2077
3493: 762,1640,2505,3182,2643,654
3494: 1187,1342,166,469,2485,485
3495: 3686,3398,1157,2968,875,227,1088,1873,1446,3023,2323,2285
3496: 278,3653,3425,905,902,282
3497: 1956,1971,2933,2196,690,1140,1349
3498: 68,3845,2988,1959,927,1450
3499: 2162,609,2761,347,2102,1923
3500: 3736,2510,1622,942,3741,3556
3501: 1768,259,1662,4052,3326,3259
3502: 1988,2527,4063,1857,1709,2447,1597,1423,196
3503: 2120,350,3606,1092,3318,3599
3504: 618,3894,3341,3432,1738,3966
3505: 3155,2775,1890,2063,969,222
3506: 1993,1510,631,2385,2398,676,1735,943,4080,3860,2478
3507: 3961,568,2958,1227,1260,2954,3783,439,2513
3508: 3876,2493,1297,3596,653,3798
3509: 3031,4056,619,1836,3637,3885
3510: 463,949,1663,3552,2394,2525,1024
3511: 4018,1669,798,3739,3444,4088
3512: 3912,2901,269,1057,1126,0
3513: 2298,1099,530,691,3291,2354
3514: 3802,3190,6,944,3079,2959,1861
3515: 286,4094,1944,2466,17,1169
3516: 1783,1109,2532,1871,2029,308,2795,3456
3517: 2160,899,577,158,2753,2446,1203,3011
3518: 1307,729,1790,1490,624,3280,3543,1296,1953,2804,2455
3519: 2311,5,2671,1727,1245,915
3520: 570,107,336,1442,1117,2976,2540,2744,3312,2490,2384
3521: 2468,1906,2030,2737,1248,3475,763,1105,2172
3522: 654,1556,1866,238,762,290
3523: 109,847,1194,2219,3657,3322,1545,2022,2329
3524: 764,1473,3345,3468,1052,360
3525: 1147,773,3129,415,1343,2727,2218,560,919,2303,3489
3526: 2210,1089,859
3527: 4031,2541,2791,3309,51,450
3528: 649,1159,3685,2044,159,3463,1056
3529: 1768,1662,2254,3276,2407,2291
3530: 945,3968,2026,1268,2884,1035,402,3705,2845,1667
3531: 761,2805,700,3663,2023,1106,1664,3972,1321
3532: 2279,4090,330,139,2888,772
3533: 580,1665,742,759,2814,4066
3534: 2969,1149,1357,753,2321,1407,2358,2403
3535: 2717,2691,197,2558,2826,1107
3536: 1666,3098,771,4032,779,790,3185,2242,2450,3148,4024,2799
3537: 2877,1722,442,524,3087,946
3538: 3324,184,3488,2947,567,1225,249,1197,3633
3539: 198,411,1566,1524,4013,3643,2852,707,2588,1208,2420,2751
3540: 2178,2808,1617,3459,2103,193
3541: 3752,947,3104,2942,1714,1112,855
3542: 142,611,1587,578,257,3633,3308,3307
3543: 3280,1487,788,106,1953,2804,2455,2272,389,1307,1490,3518
3544: 3413,3314,1165,2773,1761,1928
3545: 1408,263,1863,3397,3145,4084,3358,3547,1226,668
3546: 3799,838,1153,1058,2533,3718,2688,2678,405,488,2519,695
3547: 199,101,2657,2774,1384,1226,3024,263,4084,3545
3548: 579,3124,1658,778,2478,875,227,1446,2323,3091
3549: 1746,948,973,1517,3792,3420,703
3550: 1288,930,2496,3689,200,1054,1526,4055,3295
3551: 686,3979,316,1195,1771,2345,2731,3048,2470,45
3552: 949,2394,3510,2157,1024,1132,3794
3553: 2503,1145,1090,3077,2208,46
3554: 540,2414,3374,1865,140,3483
3555: 2908,2577,799,1892,818,1689
3556: 1387,1413,3741,766,3500,1622
3557: 3085,2974,2306,444,2508,1925,1181,1607,1908
3558: 174,1313,698,1641,1344,2467,2646,2555,979,2035,4079
3559: 3698,629,3761,1769,2274,767,3283,1042
3560: 3901,1924,2287,340,1667,945,3968,402,581,3059
3561: 2419,958,2820,357,3864,1183
3562: 1777,1305,1409,261,426,3665,4079,4044,526,3035
3563: 669,1668,3650,2867,3385,2850,1115
3564: 2750,476,768,2131,3040,1547,1120
3565: 425,3447,1677,1608,2609,2581,175,2887,950
3566: 1387,185,2911,3795,2028,1010
3567: 3735,2982,287,586,692,2636
3568: 186,648,195,3454,482,3277
3569: 1535,1923,2806,223,151,1902
3570: 1819,3940,869,644,1267,2001,2751,58,843,455,2071,2790
3571: 1235,3325,414,1466,253,3953
3572: 520,2503,1145,2837,3946,1552
3573: 1255,3583,3190,1830,88,237,2679,2740
3574: 4,3809,1312,271,749,2087
3575: 1122,348,1998,782,3804,3188
3576: 901,2190,1091,2261,737,2192
3577: 33,1246,1161,769,639,1325,800,2122,2966,808,3160
3578: 2773,43,674,1188,1539,2061
3579: 141,2910,2245,384,2793
3580: 3340,1158,4011,2165,315,2735,2196,1003,3815,171
3581: 339,1011,2840,1787,590,292
3582: 2923,1276,2758,1379,2105,2443,668,1716,3358,408
3583: 293,1830,88,3573,2805,3972,237,2679
3584: 3880,1202,1236,2640,3585,981
3585: 671,423,981,3584,1236,3442
3586: 1410,1218,303,3965,2189,4023
3587: 3464,1030,2541,2134,580,759
3588: 438,545,655,1382,1814,2249
3589: 2672,1514,862,2347,2786,1676
3590: 3491,1196,1937,238,3967,467,290
3591: 2015,2780,2133,3911,2782,870
3592: 349,1427,204,3676
3593: 1198,3386,81,1858,3090,3179,1083
3594: 2649,762,2505,3491,2899,238
3595: 693,3213,2476,2878,2296,299
3596: 1451,1297,3508,1235,414,653
3597: 1361,2234,983,1118,2283,1174
3598: 1411,2946,3758,3158,2953,830
3599: 755,3389,1092,1632,1378,3318,3503
3600: 4007,3165,1282,1793,3748,31,544,732,1635,1362,4084
3601: 3602,2705,3401,1887,239,2701,3300,2213
3602: 3937,2705,3601,3401,1945,1887,2701
3603: 1801,2849
3604: 4008,895,2075,1041,2227,224,2554,1625,987,1069,1249,2938
3605: 187,2215,766,2042,2989,1010
3606: 3096,113,2120,350,1491,3503
3607: 240,3962,1949
3608: 1075,44,3184,1686,2789,963
3609: 244,2328,3766,3204,2592,188
3610: 3619,123,1101,1452,1287,2307,1019
3611: 130,3453,3841,1946,1232,4032,3487,1875,331,2335,3359,1812
3612: 3347,2281,1827,536,2802,351,1388,2952,2583,2209
3613: 1025,111,1257,2203,2363,3865,516,2662,4035,769,1325,1657
3614: 1031,2660,4089,1695,1726,906,270,2506,3849,1123,1994
3615: 3725,1093,1369,1345,985,2405
3616: 2875,1463,133,3292,2931,128,280
3617: 397,4049,332,607,3106,3219
3618: 3376,622,1151,2386,1909,2364,1137,1161,639,800
3619: 3610,123,1559,2529,2080,3859,1287
3620: 2546,265,201,2198,1999,868
3621: 3031,4056,1751,1453,388,2595
3622: 3019,1205,1833,3757,871,3237,372
3623: 784,3294,840,4041,1454,2047
3624: 2268,1774,3368,814,1406,189,1144,3293
3625: 1942,3908,730,289,939,3249
3626: 3749,1087,1261,3457,1456,876
3627: 3861,2656,1560,352,2364,3301,1137,639,1151,1909
3628: 4087,1705,3853,2314,1155,481
3629: 1553,620,273,2807,3970,437,3669,2536,301,1049,2716
3630: 1557,1437,3731,613,2886,2060,1389,908,356
3631: 3411,1095,1231,3911,870,694
3632: 686,316,60,1195,3063,1063,2345,2731,3109,3021,2148,2564
3633: 3542,1587,578,1197,3538,3324,249,3308
3634: 3324,4071,3488,1504,813,1728,3027
3635: 3178,79,2255,2739,241,3248
3636: 1759,2973,1262,2052,2699,218,3066,878,3223
3637: 417,1511,1806,3885,3321,3509,1836
3638: 1138,1497,1460,431,2918,2632,531,1256,1613,801,3822,131
3639: 2885,2058,1324,2495,160,711
3640: 3948,4081,626,2234,1118,479
3641: 3691,1237,4020,75,2150,172
3642: 161,731,3876,1297,1612,3921
3643: 1524,488,3452,2519,4013,3072,3539,695,838,1153,2588
3644: 1554,1277,891,2782,2247,2038,110
3645: 2427,1731,3836,2599,490,2021
3646: 1183,388,82,2595,1748,197
3647: 3009,2251,1595,284,3771,972,1346,497
3648: 202,3856,1889,1254,2686,3802,6
3649: 909,1899,3088,1214,3015,1013
3650: 3563,1668,1115,317,1210,2628
3651: 190,281,1058,3718,2938,503,895,3000,3140,1502,2227,791
3652: 529,1065,2637,1770,3222,161
3653: 278,3496,1533,1335,2863,282
3654: 2183,687,1739,3968,581,3059
3655: 3425,1876,929,2728,1834,2720
3656: 672,1425,3660,2915,16,460,1938,1313,1436,2623,2159
3657: 714,3322,2022,3523,109,143,3693,2329
3658: 2888,2534,696,3405,1512,1690
3659: 361,3397,156,1507,3328,2690,1793,833,3748,1138,531,3170
3660: 672,1425,2771,3656,2915,2202,1436,203,1227,984,2090
3661: 1593,2912,2168,2055,124,1417,3938
3662: 514,2613,2057,1238,856,604
3663: 3531,700,2023,3972,4062,2359,1321,1254
3664: 2634,225,2957,2114,3218,1718,1071,71
3665: 1777,979,426,3196,3562,1574,1619,916,2109,2129
3666: 3320,162,1381
3667: 1302,2470,335,1049,2716,3109,2841,872,273,2807,2345
3668: 1233,656,2440,4000,1649,2516
3669: 740,620,273,2807,3970,3629,437,1049,3109,1403,1837,2564
3670: 529,3222,586,3933,64,2636
3671: 3477,2011,873,1355,1747,2542,2305
3672: 2747,1093,319,188,1122,2328
3673: 2234,621,983,3711,479,1110
3674: 40,1555,1947,1516,1684
3675: 1904,705,3182,318,1366,1419
3676: 957,204,3592
3677: 834,3240,774,1375,719,3162,2755,3016,77,1829,3834
3678: 745,2658,489,1743,163,2269
3679: 258,571,1780,1363,678,3264,683,2084,2075,2207,2812
3680: 83,963,1804,527,1821
3681: 992,3875,3977,209,1984,2442,1094,4075,2925,1178,1778
3682: 3337,1086,1868,1441,551,3344,226
3683: 2145,3055,1903,1929,2585,1096,3123,2024,2266
3684: 2884,4019,3891,552,1364,383
3685: 649,3177,3528,159,3995,751,1380,2373,1056
3686: 3398,1551,2968,227,1088,1873,1351,3495,3023,58,3467,636
3687: 2681,1693,189,792,3869,3293,814,3930,1433
3688: 2167,982,2694,2014,3045,1390
3689: 806,164,394,997,200,1288,3550,2496
3690: 3984,142,257,1373,3189,2756,2137,1550
3691: 3641,1237,1365,816,2150,125
3692: 2835,1633,1826,453,3305
3693: 143,1979,3393,3431,2329,109,3657,714,2022
3694: 2002,3805,283,2246,2948,555
3695: 4061,885,1053,1732,697,2550
3696: 537,3465,19,3428,3415,2025
3697: 535,3116,1358,3373,45,3722,345,2265,224,1069
3698: 3559,629,767,1042,1797,2069,722,72,3923
3699: 917,1920,2123,165,4021,521,1356,2817
3700: 40,2531,1555,1055,505,3455
3701: 864,79,2255,1221,166,469
3702: 467,2477,1028,290,1556,2290
3703: 461,3187,2474,155,2869,2462
3704: 1147,773,3129,2218,919,1549,2638,1317,4076,2536
3705: 3909,509,70,1969,2026,441,3530,1035
3706: 1176,3257,2357,1832,835,2997
3707: 1726,906,1098,2285,658,875,227,1446,3023,3124,3387,3091
3708: 1345,1290,2576,2405,926,953
3709: 1673,2611,1174,3391,353,2528
3710: 2800,1213,228,1100,3176,738,2259
3711: 147,983,3673,424,1110,1415
3712: 2302,772,330,3286,1910,1817
3713: 1848,1543,3974,2415,1655,294
3714: 242,1332,881,2233,1171,820
3715: 1847,990,2984,443,2954,568,984,2090
3716: 921,1198,2290,2539,3473,457
3717: 1404,3121,3306,1146,3050,1119
3718: 3546,190,281,3651,1058,2533,1249,2938,2688,3140,2678
3719: 2273,2004,2724,250,1309,889
3720: 2834,1934,3787,2342,1905,2062
3721: 358,3020,730,162,1381,1218
3722: 3697,535,1358,3373,45,2741,2895,1820,2480,1069,3979
3723: 2237,2390,2319,3417,112,327,1382
3724: 3343,2794,1159,320,2907,1632
3725: 3615,2426,1369,985,1479,3068
3726: 3207,1015,540,84,2926,1939
3727: 657,470,3364,2418,787,2330
3728: 2569,230,2809,167,827,3029
3729: 367,1098,2456,2285,658,1819,869,2876,1157,2968,1446,3023
3730: 1879,2843,3805,964,283,1244,65
3731: 1557,3383,1162,1437,2886,3630,2574,2204,356,1164,2368
3732: 3164,1723,616,3332,2655,3418,354
3733: 960,986,2492,3880,775,1236
3734: 168,3881,1914,885,2963,1177
3735: 1199,2982,3567,287
3736: 3500,2510,2300,259,4052,942
3737: 2707,3877,506,483,1994,109,836,847,143,2329
3738: 2006,1528,2258,1497,1460,3159,1211,407,2620,2027,2352,2179
3739: 398,679,3247,798,1669,3511
3740: 1263,2569,2191,1316
3741: 1413,1982,3556,942,2746,3500
3742: 4048,3755,3792,94,243,2332
3743: 434,4077,3990,3874,857,2745,2310,698,1320,1641
3744: 3229,3846,643,3132,458,206,149,1477,1315,2177,1129,3334
3745: 910,1522,245,3899,3794,1301
3746: 2587,582,3900,1679,2217,1204
3747: 172,2041,1160,659,3363,1764
3748: 4007,3165,1793,833,3600,732,2657,3659,3397,4084,1507
3749: 3626,1261,1671,2064,876,464
3750: 2822,1536,1464,733,1541,3338
3751: 1988,2260,4063,597,3868,4004,3279,660,1173,1480
3752: 2697,3541,947,3040,1547,321,2942
3753: 1670,877,2149,1516,4036,717
3754: 2654,911,1870,2270
3755: 4048,3742,312,94,768,1120,2332
3756: 2382,975,3785,2095,1383,2343,355,117,1308,251,2670
3757: 3019,2017,1833,3622,144,871,1659,372
3758: 3598,3158,2728,1834,2953,427
3759: 1824,661,615,2939,2561,3171
3760: 2406,2199,276,583,1692,3476,16,346,1241,2825,3001
3761: 3559,802,629,3339,2243,1217,1769,1615,72,3923
3762: 3446,1538,912,2972,4058,3212
3763: 1527,3122,408,3195,2277,2481,2736,803,1379,1542
3764: 834,2719,774,1200,1045,2401,3189,1975,2522
3765: 4007,462,3141,279,3003,31,1430
3766: 656,4000,3204,323,244,2659,3609
3767: 2253,2739,105,1966,3017
3768: 3474,1459,3915,1885,428,3131,1982
3769: 676,1423,49,1735,943,4080,322,3056,3114,3888,1597
3770: 1521,3022,3138,584,632,2452
3771: 2251,3647,284,972,2545,497,1037,993,1483
3772: 2903,1842,1536,3366,401,913
3773: 2750,1712,476,429,2252,2037
3774: 3269,1576,1651,3155,2063,285
3775: 2082,1851,734,272,2402,78
3776: 2696,1062,1047,306,2434,323,2659
3777: 1683,169,843,3051,3467,1584,2050,2071,3981,1580,3872,1088
3778: 2666,959,2078,635,364,2277,1733,2140,1803
3779: 1127,2645,605,129,170,2118
3780: 513,145,3997,90,2639,1872
3781: 1586,804
3782: 1121,404,1474,3991,1889,2710,1270
3783: 1135,439,2220,1549,2504,2638,1260,55,1317,3507
3784: 565,1855,1878,2785,167,2809
3785: 3756,2382,975,2681,1693,324,1383,2343,355,251,3930,1809
3786: 619,2823,1067,2439,126,1818
3787: 2834,15,1934,3379,3720,2062,914
3788: 2980,1319,127,298,3912,1126
3789: 3895,1947,877
3790: 1128,2441,1729,1264,841,2087
3791: 26,1108,3291,691,662,3896
3792: 3742,1517,94,243,973,3549
3793: 1887,2374,2115,2337,85,1945
3794: 910,245,3745,949,3552,2157
3795: 600,2028,3566,185,1785,2872
3796: 1985,3156,3201,809,305,1040,1134,837,1275
3797: 3376,622,2386,1161,800,3160,2987,1014,1125
3798: 653,2311,5,1681,2493,3508
3799: 3546,281,838,1058,2688,2678,3383,613,2574,405,695,817
3800: 2974,2661,295,1925,2833,210,599,2226
3801: 3118,2641,1253,446,66,3890,1458,3135
3802: 2686,3190,1830,6,3514,1889,1254,3648
3803: 673,1432,3287,1674,2526,3893,430
3804: 782,2144,1122,3575,319,953
3805: 3730,1879,3694,2002,283,1544
3806: 3487,2827,1837,2647,773,415,1343,620,2303,1666,221,3489
3807: 3331,67,696,1816,1435,3313
3808: 1766,3247,132,1838,2927,3304
3809: 4,3574,2087,1698,3943,1729
3810: 1918,849,2278,2877,1980,1184
3811: 593,4017,1919,3451,7,2497
3812: 1336,1167,2340,2166,2601,3898,1981
3813: 2008,806,1112,2163,855,2614,681
3814: 2796,236,3952,588,1418,3208,1323,1518,1258,3910
3815: 38,1744,4075,4059,2735,1003,1158,4011,3580,209,171,1600
3816: 2710,793,2479,1414,1474,2221
3817: 3327,2788,2089,1467,1349,2222,1911
3818: 549,2667,1694,2787,2838,1215
3819: 3460,1669,8,679,3281,2682
3820: 2828,2700,1804,1103,3154,527
3821: 2425,2714,663,2845,146,2231
3822: 2777,531,1613,801,3170,2690,1528,3638,1138,1497,431,3328
3823: 2446,1585,3406,118,3058,2029,2753
3824: 1633,1826,3989,2900,1839,2003
3825: 708,1906,3141,2030,13,628,1430,1148
3826: 1840,2153,154,1050
3827: 1799,480,1142,3173,733,1730
3828: 2975,1972,4086,147,1922,1415
3829: 3007,1787,2110,590,1165,1519
3830: 887,4017,1919,147,424,1972
3831: 3005,2608,207,1043,1143,1648
3832: 1794,104,3175,3854,3844,432
3833: 1471,2579,3111,1463,128,280,1074,4001,1917
3834: 2428,1829,1638,2161,954,908,356,3677,3162,2060
3835: 605,3879,2873,129,1936,1133
3836: 2062,1731,2580,490,914,3645
3837: 2204,510,2161,954,1437,1372,252,1893,3910,2674
3838: 2846,775,2776,1805,2286,3166
3839: 3133,1338,2435,2047,3847,839
3840: 2626,311,1912,2947,3018,1225,1978,4010,865
3841: 130,2031,3453,3229,3846,643,1232,3611,2135,3132,3359,149
3842: 1558,2392,1630,463,3871,2768
3843: 1880,2842,3429,3482,2677,183,863,940
3844: 104,3832,3199,148,3372,1958,432
3845: 2429,68,486,3498,938,2988
3846: 130,2031,3229,3744,643,3841,2135,1296,624,149,1477,3904
3847: 3060,901,3884,839,840,3839,2047
3848: 235,1545,2022,2141,3066,878,3223,2861,1109,2973
3849: 2122,808,2506,1695,906,2320,4089,3614,288,3877,1123,1994
3850: 2154,967,970,1482,9,1964,3235,2489,2512
3851: 2907,1532,320,1841,29,3355,2921
3852: 1520,3905,1426,2098,133,2931,391
3853: 1705,4045,2448,3628,481,2169
3854: 3175,1606,3832,1795,432,2488
3855: 2268,4011,2165,25,3047,1940,1285,1004,1620,2341,934,1600
3856: 202,1889,296,2241,1254,3648,2544,2359
3857: 1181,2983,1897,811,547,2076,2453,1564,3150,1239,1416,178
3858: 2212,438,2249,1053,1732,2630
3859: 1275,3619,123,1559,1380,2373,2529,2080,2109
3860: 676,943,3114,131,2918,3506,2385,2398
3861: 2656,3913,352,3627,150,2175,2502,2977,2857,2164
3862: 1702,3990,208,3914,71,3424,698,1641,2035
3863: 1894,614,2913,477,46,2818
3864: 3561,357,3440,1453,1183,2595
3865: 1025,2410,111,1465,2642,2203,433,3384,2363,2369,3613
3866: 2768,1128,2991,841,1630,1499
3867: 2779,3022,564,1973,403,2424
3868: 2260,3751,1983,597,1173,2277,2666,1733
3869: 4038,2223,792,246,1318,2681,851,3687,2343
3870: 86,4054,2983,1897,811,3409,547,1778,2076,992,2211
3871: 910,2557,463,949,3842,2768,633
3872: 1974,3926,1561,3074,1447,2235,3362,3777,169,3051,3981,1580
3873: 1598,473,69,4040,2273,1582
3874: 2114,434,3743,1702,4077,3218,3990,1718,698
3875: 992,2515,2341,2205,3977,209,171,1600,821,3681,1158
3876: 161,3642,2493,1297,3508,1770
3877: 3067,288,1123,506,483,3120,3737,1994,3849,4089,836
3878: 1075,3304,3184,1189,3108,3349
3879: 605,1654,1124,2873,2053,3835
3880: 2846,775,1202,3584,1236,3733
3881: 168,1881,3734,2675,1914,3945
3882: 1562,2333,422,2409,2664,2336
3883: 911,3041,1417,670,2897,3938
3884: 901,3847,840,1091,247,1454
3885: 1806,35,3637,3031,3509,1836
3886: 1734,2606,2586
3887: 622,2679,652,2740,2386,1125,3030,343,4053
3888: 1405,362,3356,2173,3169,3769,1735,4080,3056,122
3889: 279,729,2460,1790,2180,2985,435,3462,1179,706,2400,3012
3890: 3118,3801,2858,736,66,1948,3254,2774
3891: 2366,297,1676,552,1364,3684
3892: 2926,3957,254,2064,1704,464
3893: 2250,39,1265,430,3803,1674
3894: 3504,618,2473,98,585,3341
3895: 3789,606,1670,877
3896: 1996,2104,662,3791,1599,26
3897: 1791,87,1990,219,3197,3263,4067
3898: 2297,1981,704,1336,2166,3812,298
3899: 910,1522,410,2124,2557,3745
3900: 582,137,3746,1204,299,2598
3901: 1368,3560,47,146,2231,2287,2917,1667,402
3902: 1463,1570,3292,1357,842,3037,41
3903: 334,2903,1229,1842,234,2593
3904: 149,1477,2621,1315,2400,2455,2031,3846,643,2135,2460,624
3905: 1426,3852,3421,1721,133,2931
3906: 1391,2832,1292,300,3206,2763,1933,975,2095
3907: 1843,3168,2474,1172,2111,996
3908: 4039,3625,730,289,1272,358
3909: 70,3705,2724,2979,2844,1364,441
3910: 1372,1893,2935,2674,3434,3837,3208,510,3814,588,1418
3911: 2015,3591,27,870,694,3631
3912: 3512,269,1126,2980,3788,1788
3913: 3861,2656,150,2502,2977,2857,2164,3094,2045
3914: 3233,1076,208,71,3424,1702,3862,3990
3915: 3768,1459,785,2746,3319,1982
3916: 116,874,1358,1807,2068,2197,515,3231,136,1941,3042,2945
3917: 2388,1219,726,3289,359,3057
3918: 3369,2118,1059,1127,796,3479
3919: 1591,3399,1882,2883,1954,2436,4038,246
3920: 2898,1508,28,57,3999,2759
3921: 1128,2991,2441,3642,731,1612
3922: 1567,2714,663,2999,3262,1266
3923: 722,1847,2079,72,3698,629,3339,3761,2243
3924: 1280,1736,2483,1389,92,3140,1502,281,791,613,1068
3925: 397,4049,1274,1251,2698,2612
3926: 3153,3334,1561,3074,1447,780,102,2073,3872,1085,3362,1129
3927: 1883,739,99,3095,445,1291
3928: 3290,2738,1394,587,664,465
3929: 3,1116,2185,2052,2232,478,1696,2094
3930: 1433,1809,1285,466,2411,3785,2681,1693,3687,1383
3931: 2036,1913,1647,2567,3033,3265
3932: 2260,118,1983,1857,1709,3058,158,2753
3933: 3947,1754,586,529,1915,3670
3934: 1259,625,3433,2450,2433,1961,447,2264,779,543,1618
3935: 4070,403,1844,2424,1141,574
3936: 20,203,522,2958,1227,1260,55,1317,301,1802,437
3937: 1710,3602,2705,1945,360,538,1887
3938: 2897,1697,3661,124,1417,3883
3939: 2711,1140,933,2600,48,2288,1971
3940: 1819,516,1932,869,644,1267,2001,3570,2876,2071,1157,2456
3941: 1957,1634,36,1219,1798,152
3942: 2070,4028,1737,789,1371,2655
3943: 3026,1698,410,1729,1264,3809
3944: 3472,4029,741,2412,2384,3201,436,3119,1796,1637
3945: 1914,53,2543,607,2675,3881
3946: 2837,3572,1552,587,3290,291
3947: 2375,3137,287,1754,586,3933
3948: 3640,1261,4081,1671,626,1476
3949: 1455,1565,30,2783,1845,3993
3950: 1082,2213,2962,239,1481,903,1884
3951: 715,3070,938,1846,1849,2346
3952: 2796,1070,3380,1396,3814,236,3971,588,1323,3434
3953: 253,922,22,414,3571,3147
3954: 4016,925,302,193,2178,1347
3955: 1304,2055,124,381,589,2990
3956: 10,3298,680,380,980
3957: 2482,254,3288,4085,3892,900,1704
3958: 819,3463,29,3084,1056,2238,2919,937,2044,159
3959: 3103,505,1885,100,3221,2615
3960: 56,1087,3457,1699,91,1334
3961: 568,3507,3339,2243,1847,2984,2954,439,2513,805
3962: 3607,1949,1136,2356
3963: 255,2507,404,3381,1987,596
3964: 452,1107,3303,2617,1520,1808
3965: 1505,3020,3371,303,3586,1218
3966: 2013,1738,1822,1862,974,2308,3504,3341
3967: 467,247,2261,1196,3590,1091
3968: 945,1268,4019,3530,581,2183,3654,3560
3969: 1505,3469,3371,1811,760,73
3970: 740,1553,620,2807,2303,3629,437,3669,2536,919,1403
3971: 1896,1489,1070,1396,256,3952,761,2940,2158
3972: 2805,3531,3663,1106,860,1321,3583,88
3973: 328,3181,3435,2239,2596,1950
3974: 1848,3713,1655,2195
3975: 2972,468,2301,2610,1742,1051
3976: 2383,2245,1111,1700,2950,2830
3977: 992,3875,1209,2205,209,1984,171,821,3681,1178,4054
3978: 248,2734,2179,2487,826,2620,2027,89,1447,2073,3159,1211
3979: 686,1771,3551,3048,1358,3373,45,3722,1807,345
3980: 361,1863,3358,3328,373,2377,1033,539,2758,1716
3981: 1683,3777,3215,1584,1580,920,3362,591,1523,2235,3872
3982: 173,1809,1469,2289,466,2411,1310,1383,117,3330,2732
3983: 1302,335,1701,2716,2841,3476,3025,2032,216
3984: 142,2618,3690,257,2625,684,1373,1624
3985: 3284,1992,1772,451,994,3258
3986: 1951,2897,1697,1402,1435,3313
3987: 65,3134,98,964,1828,1886
3988: 541,3996,2485,1269,3344,2882
3989: 1633,3070,3824,182,2003,1849
3990: 3743,1702,3862,3874,1718,3914,698,1641,2646
3991: 404,3782,3381,1270,3255,1861
3992: 1191,1479,2426,54,3275
3993: 2783,1845,1422,30,3949,1455,2059,848
3994: 1773,2308,3127,702,1862,2699,492,218
3995: 1275,1559,1380,2373,3685,159,1985,305,3463
3996: 1221,469,2485,3988,2317,1269
3997: 3351,145,3780,1301,90,245
3998: 471,1488,1991,1989,4065,1810
3999: 2898,3920,57,4088,1916,1952
4000: 3766,656,3668,1758,1649,3204,323
4001: 1921,3037,1917,3833,1463,128,1074
4002: 1456,3006,3457,91,1046,2640
4003: 1385,3299,470,2418,742,559,2459
4004: 1393,1537,3241,49,322,2914,3279,1480,1988,3751,2447
4005: 1462,3430,1854,1581,94,103,1850,3101,2186
4006: 909,3088,304,1569,3028
4007: 3165,1282,3765,3600,462,3748,31,1362
4008: 503,1678,3000,2075,1041,2227,2812,2571,3604
4009: 712,2948,3236,50,3422,2002
4010: 1978,2713,865,1763,2549,2117,3840,3018,1444,1986
4011: 3340,2268,1158,3855,2165,25,3580,1774,3368,2735,3815,1600
4012: 4021,143,325,853,1703,1979,3393,2514,3431,2881
4013: 198,411,3342,1566,1524,3452,3072,3539,3643,2420
4014: 1918,849,3278,1760,191,1725
4015: 1494,3014,1323,3013,2416,93,2430,1258
4016: 1976,925,3954,3213,1811,1347
4017: 1927,593,887,1919,3811,3830
4018: 3460,1691,1669,3511,1952,4088
4019: 3684,3968,1268,2884,383,2183
4020: 75,1772,994,3641,172,1160
4021: 143,1230,1703,4012,3393,521,3699,1775,2817,3394
4022: 1097,2676,76,723,2188,1645,214
4023: 3064,2189,3121,303,32,3586
4024: 3280,1487,788,106,1953,2799,1573,3359,4032,3185,3536,3148
4025: 892,744,1740,726
4026: 1671,2376,1005,1476,900,2064,1704
4027: 1586,4045,2448,804,595,1776
4028: 2070,1525,3942,1737,2422,1271
4029: 258,1780,1363,741,678,2412,2384,3944,1796,1637,2540
4030: 3273,471,680,4069,3298
4031: 3527,4065,1030,2541,3309,727
4032: 1666,3098,366,3185,3536,3487,1875,4024,1573,3359,1812,3611
4033: 3418,354,3157,378,1737,1271
4034: 747,1962,3220,11,1032,2729
4035: 2325,367,270,2320,2456,516,2662,3613,33,1325,1657,2506
4036: 1516,3753,1684,717,472,1411,3252
4037: 1037,807,3102,52,2607,2051,2236,2078
4038: 246,3869,965,3919,1882,2883,1954,851,324
4039: 3441,3908,289,1272,115,1445
4040: 473,3873,2396,69,4047,1960
4041: 2477,1028,1454,3623,1955,3294
4042: 1082,3458,3374,1865,1273,918
4043: 810,458,3445,2171,3021,1792,3063,1813,3453,3229,758,1946
4044: 1777,1409,3562,3156,1040,3119,526,2129,1637
4045: 4027,2448,3853,595,2169,2108
4046: 2212,438,1814,1680,3053,1170
4047: 152,1706,1960,2396,4040,1798
4048: 3742,1462,3430,312,3755,94
4049: 397,3617,1274,770,332,3925
4050: 1990,3197,1741,989,2121,1859
4051: 1743,2056,2499,1628,34,489
4052: 1768,259,942,1605,3501,3736
4053: 1014,1125,3030,1920,2123,1540,3887,165
4054: 86,2983,3870,1897,3409,2792,1778,992,1209,3977,1984,1178
4055: 1526,2908,2781,231,799,724,3295,3550
4056: 3031,3509,3621,619,1751,2823
4057: 905,596,97,2187,282,1987
4058: 2972,1742,3762,3163,233,3212
4059: 1956,2196,1003,3815,38,3327,1744,1467
4060: 1031,474,3387,3302,3091,1726,3124,1685,1658,778
4061: 1914,53,3695,885,3071,1053
4062: 475,1182,2544,2359,542,3663,2023
4063: 1988,3502,2527,2260,3751,597,1709,2447,49
4064: 1957,2951,2604,1039,744,3289
4065: 1989,4031,1030,1810,727,3998
4066: 657,2418,260,580,742,3533
4067: 1791,420,1990,219,3897,2797,3011,1741
4068: 2431,1958,1012,1795,432,3191,2748
4069: 471,4030,680,1991,3419,1400
4070: 152,403,1706,1844,3935,36
4071: 1921,842,3037,3488,3634,1728
4072: 1823,2824,37,2998,2829,637
4073: 2106,2147,1651,3228,1576,95
4074: 823,2088,1329,1977,54,74
4075: 3815,38,1094,1744,894,1003,1158,209,171,3681
4076: 1802,437,2536,1549,55,1317,1147,3704,919
4077: 434,3743,592,12,3874,857,1718,608,2745,1320
4078: 1992,1006,2336,2865,1353,750
4079: 2555,1305,261,3562,1313,3558,2467,2159,1762,2093,3035
4080: 3769,1735,943,1993,3506,631,1351,579,362,3888,2478
4081: 3640,56,1087,1261,3948,479
4082: 636,1993,1510,262,2734,631,2487,2993,3398,1351
4083: 2695,708,1286,2030,13,389,2523,2804,1490,628,3099
4084: 263,3397,156,3545,1507,732,1793,3600,3748,3547,2657
4085: 2482,3957,14,3288,3402,1688
4086: 2975,3828,689,1922,3470
4087: 264,3628,1705,2314
4088: 3444,57,3999,4018,3511,1952
4089: 1031,2660,836,3387,3614,847,2219,906,3849,3877,1994
4090: 2279,2834,139,1934,3532,1008
4091: 1345,1290,985,201,265
4092: 672,3476,2915,16,1938,3025,2032,583,1692,1701
4093: 1525,266,177,3281,132,1838
4094: 3515,17,1169,1835,2669,2136
4095: 3189,3450,369,1278,18,1975,512,1200
4096: 2971,699,2765,665,3465,2065,19