0: 2166,6852,3898,4283,4386,5495,2059,1126,7289
2: 968,457,6708,6970,2936,4418,2715,650,4341,3437,2813
3: 2232,2094,5346,3929,478,7227,8144,7015,1116,4208,1696,1791
4: 5609,4972,4882,3574,3392,749
5: 1681,3519,5244,7830,4766,6012
6: 5324,4886,4151,1889,3802,1270,6629,6320,7123,3648,5468,6179
7: 5930,5757,4735,1568,3451,3008
8: 4508,7748,5260,2125,6982,2682,6448
9: 2451,5431,6657,5814,967,4212,4854,5657,4537,6681,1482,4352,3235
10: 2033,3298,5322,7241,2210
11: 1642,1180,5688,2354,5336,4274
12: 4077,3743,434,5743,7544,7315,7880,592,7686,1592,2745,7264,7668
13: 4083,628,7018,7757,7700,5925,5917,4520,3825,7071,3141,6255,7395,3003,6585
14: 4085,1052,6407,7759,1688,7458,4337,5029,3468,3524,3345,4979
15: 7811,2279,5555,6100,7786,5974,2834,4665,3379,6813,3787
16: 460,1762,583,4843,7441,7821,1938,6327,4092,3025,6133,1692,3760,6035
17: 1066,4764,5452,1835,5621,5334,6240,7823,6222,3515,4094
18: 4095,1278,512,6295,2137,1975,1550,7825,6277,3189,4484,4937
19: 3696,3415,3465,6205,7872,2025,2066,8122,6311,7959,5666
20: 301,7882,3936,55,4892,5201,5923,2771,6071,6952,6065,4284,1227,2090,203
21: 1560,2101,2369,4246,4421,7017,6668,867,7889,3110,2164,594
22: 4569,922,5647,2309,253,3953,7891,2143,5583,3032,7636
23: 7928,2994,5429,2014,4945,1390,5465
24: 850,5940,2316,2100,6781,1925,5095,4307,7938,1908,5292,6860
25: 7384,7940,3340,3047,3855,4011,6667,5371,2268,7964,1774,4741,7590
26: 7956,2215,7859,1599,6094,5622,3896
27: 3448,6934,2015,7970,7831,2167
28: 1366,7972,7142,2077,6951,3920
29: 4371,7979,1841,311,5107,3084,6112,2919,1745,6978,4966,4401
30: 4622,6867,1422,1455,8020,848
31: 6789,1362,7199,7347,6255,1430,6238,4007,462,8049,3765,5695,7541,3600
32: 3121,8063,7995,2960,4023,720
33: 2320,4708,8088,6422,7341,6078,1325,808,1695,2122,4467,2506,5837,5910,3577
34: 4840,745,489,4479,7416,853,2591,6275,7209,8106,4262,5534,1628,4051
35: 3440,6744,8108,3885,3031,4818
36: 1634,7463,1973,4988,152,5402
37: 5434,4433,2824,8135,2998,1900,4628
38: 4059,7100,4994,4587,4588,7420,7510,5254,4075,2089,4331,3327
39: 7873,5448,1674,6254,7674,2619,5210,1265,5571,7507
40: 6654,4136,3674
41: 4071,1728,6271,7040,842,2969,7320,1357,3902,7622,7382
42: 5015,3274,2428,5589,6636,8038,5977,5379,3208,4098,1494,2995
43: 5760,5392,6648,6396,4548,6469,6536,944,343,1539,3578,6728
44: 2789,6426,7066,5686
45: 2895,3979,7328,2480,3722,2741,1771,4524,5996,5122,8147,3551,3373,6689
46: 2818,5223,7613,6038,7387,3863,477
47: 6113,7766,5787,2287,6203,2917,7973,1368,1667,3560,7705,8151
48: 3939,4860,6209,1971,5464,2600,7816,5793,6549,1438,2288,7012,2933
49: 4004,1423,7197,2447,3769,1597,7270,4551,322,1988,4226,3502,4893
50: 977,6204,5525,3043,4239,7935,5228,6313,3236
51: 4728,2134,1277,1554,7468,7187
52: 6647,7276,2438,1429,3102,7980,1534,7380,4913,1653,2051,4037,5775,2236
53: 7988,2703,6057,7813,2543,3945
54: 3275,4542,8025,4967,2088,4074
55: 20,3936,5923,6071,3783,7649,1260,6065,2958,4284,3507,1317,5285,7310,8028
56: 8032,479,5168,4081,5871,1087
57: 8035,3444,4088,1508,3999,7559
58: 3467,1088,7571,2050,5170,7966,4895,2071,8040,2968,1157,6409,4582,5800
59: 6108,1631,6628,2614,8061,2125,5144,1572,7198,7251,952,2099
60: 3063,3632,1813,3350,7065,5299,7003,5741,6507,7090,3021,7681,2148,8069,6369,7096
61: 4786,7028,532,1727,7409,3344,551,226
62: 8096,7232,4510,2475,6161,7863,5822,499,2803,1534,6367,4990
63: 3237,8104,5735,6936,2437,3449,4611,4200,2413,1756,4592,4719,4696
64: 2636,3222,4521,6760,1328,8107
65: 5547,8110,98,3134,2269,2473,1244,4788,3894,5530,6338
66: 4726,2641,3049,7608,6576,668,8113,2858,3890,6039,6578,7225
67: 3313,3807,6906,8123,5430,2761,4851,347
68: 2429,8129,3845,5623,4101
69: 4594,1963,2112,1598,8152,3873
70: 2979,8078,8016,7713,3705,8157,6907,509,7768,5195
71: 4318,8161,3862,746,3914,4217,5742,5607,2957,3218,4360,1071,1702
72: 4624,4856,5796,2079,629,3923,2069,2984,7548,722,1131,7290
73: 4424,1976,7783,6709,1965,8166
74: 2747,1369,4967,1977,5441,8025
75: 4020,1772,4838,1562,1237,4918,1006,5770,5136,5946
76: 4022,4316,2188,4319,3251,4920
77: 3016,7760,2755,6903,2483,5496,2060,4799,5156,5453,5332,4209
78: 5060,5236,3775,7589,2082,2760
79: 3635,6027,7721,3178,6049,6807
80: 2316,2100,5095,2021,3439,6052,5518,6860,534,6650,6632,6818
81: 3593,7818,2271,3090,4483,1198,7410,4878,3386,6586,1858
82: 4871,7702,5395,1048,2717,4749
83: 7714,2789
84: 4042,7888,6940,1273,1397,752,1359,6710,4795,7772,1939
85: 1020,6591,7275,7784,4378,446,6257,2374,1945,4478,3793,2337,4132
86: 5451,7337,4054,3870,6132,6527,7735,992,1209,4751,3409,7799,8132,4552
87: 3197,1228,5816,4427,7878,3897,219,7814,2986,4330,3263,1421
88: 6116,3972,4877,7820,2805,1254,7123,1321,2686,5823,5468,6303
89: 3978,7795,8044,6402,4237,7851,5802,2177,5229,3153,4222,4491,2073,2027,2620
90: 245,2157,1132,7877,7562,2639
91: 7883,3960,6519,6020,7643,3457
92: 1280,6503,7885,3000,1502,6206,4944,5894,5409,2228,2571,7292,1736
93: 6868,3311,7903,2430,3013,2677,940,4609,863,2568,8188,5755
94: 1462,6425,7930,4048,5824,8037,3742,7158,243,3792,973,7773
95: 2748,4977,3854,2147,7974,2488,5070,4073,1576,4488,6719,7082
96: 946,4123,2184
97: 4615,4297,6058,2187,5134,1707,596,4057,2407,8036
98: 5547,8136,8059,618,8110,3134,65,7752,7204,2473,3894,5530
99: 7011,8091,1883,3927,5132,6968
100: 7601,505,7906,6651,8101,2953
101: 5856,144,1659,3254,2387,1322,6217,199,2156,6683,5813,8127
102: 3926,1561,3074,1085,6318,8130,6333,7323,3362,1279,2170,7248,920,6145,7942,2235
103: 3408,8137,5138,2048,4804,6619,7844,6496,6645,1583,498,3206,8125
104: 2393,6961,1794,933,1140,2711,3199,4543,8140,3844,7306,5761
105: 4736,4516,8148,2081,3238,2096
106: 5157,8162,2906,2272,7697,4652,2804,4876,5088,1487,8055,3280,3543,5312
107: 5355,2449,1986,7583,2117,6444,4010,3312,4169,4966,5541,8165
108: 5767,5165,7388,7327,1614,399,1486,8169,6589,1503,3437,6542
109: 2329,3877,7661,4089,8173,3737,847,6922,6909,3523,836,7212,4869,3657
110: 5515,8178,4899,5345,4242,2038
111: 1636,8185,5833,2203,4811,5951,2410,4560,6380,7764,1257,3613,769,5730
112: 4155,3723,6184,4746,2319,7231,3417,2139,5797,5114,5901,718
113: 5192,1818,1931,2709,3096,6822,5226,4185,3421,7246
114: 1451,3325,3571,4384,828,4683,5181,7007,4348
115: 4397,4039,1272,1445,4640,4175,6814
116: 3916,3048,2945,1358,2197,1807,345,2068,4402,4654,5017,5536,7489,4180
117: 2732,2382,4495,3982,3330,1809,6769,5358,7557,7165,6747,6824,4637
118: 3932,5487,1857,5326,3058,4635,4438,158,6521,1983,6097,2753
119: 4690,6339,6721,6469,6536,1255,944,343,2740,4548,5348,6640
120: 7865,6085,3180,4259,738,6580,6979,1756,924,4696,8013,3161
121: 3200,7627,3272,7367,4300,3271
122: 1331,3356,5212,3169,6245,7120,7778,6949,1685,5860,4987,2795,1783,308
123: 6298,3859,4651,7899,3619,2080,5474,1619,7787,2307,7623,7421
124: 6167,3938,6672,7796,589,1697
125: 2150,2551,4934,7587,1365,5161,3691,7817,4570
126: 5192,1818,6764,7864,2709,6822,5866,4296,5151
127: 7609,7896,5316,7782,2980,1874,5484
128: 5717,5046,280,7350,7926,3292,1471,3833,5425,2579,7665,4001
129: 2772,170,7593,7934,7698,3779
130: 3611,2135,1573,1812,3359,4697,6166,7673,1875,4363,4362,7707,3841,1232,7963,4586,5582
131: 3638,3114,2918,7304,6983,1613,5055,5551,2385,7971,5509,5482,6343,3333,6438
132: 6136,5184,3349,4093,266,1525,6235,5520,6212,1838
133: 4992,7996,3852,2931,4392,4986,7822,2875,3616,7075,7083
134: 1201,5209,8002,832,3492,8051
135: 2772,8023,5232,7593,2216,2849
136: 2500,7369,6625,1596,1941,4180,8054,3916,2945,2068,5017,8142,6943,515
137: 3306,3717,7428,582,8064,4192
138: 8067,4890,2584,5981
139: 5776,8070,4090,1690,5998,6863,1008,1890,2018,5812,5592
140: 2414,8074,4644,6901,8190,5603,365,2776
141: 8076,5763,2910,1333
142: 7804,6923,257,3690,611,7265,3307,8083,1587,7362,2618,3542
143: 3393,6492,1230,4021,5078,6464,4528,483,3693,1979,8087,8094
144: 5856,3254,1322,101,5808,6683,3757,8050,8093,5145,2949,4555
145: 3997,3780,5207,5744,8118,4468
146: 4718,1892,4261,3821,2425,5421,4955,1689,8151,7078,3901,2917
147: 7268,8155,424,7242,1415,3830
148: 3372,8158,3844,8005,7611,5649,1795,432,5031,1958,7501
149: 3904,3744,8008,1477,1315,6571,1129,4160,3846,3132,7857,643,7855,4105,4909,5506,2031
150: 1560,433,2369,4421,4808,5075,8119,2164,594,5510,6878,4295,3301,7999
151: 3106,4604,4134,4672,5545,4816
152: 4988,36,6427,4047,1706,5402
153: 3432,1150,5173,2324,4810,2049,1240,6706,6872,5331,186,6260
154: 2153,7138,2742
155: 6890,4938,6767,3703,3168,5965,2869,5429,4945,2474
156: 6642,3659,5294,1507,6473,6450,6815,5939,3397,5835,5754,1863,7126
157: 6462,561,2401,2549,4790,4600,7570,4266,4951,5125,4682,2651
158: 6458,7351,6521,3367,1983,6097,3932,118,2260,5326,3058,7708
159: 5539,3685,5433,3528,1159,7581,7943,6584,1985,3463,2044,1056,5120
160: 1324,6985,3639,2495,6041,2009,3198,4971
161: 5129,7074,6175,3652,1770,2637
162: 1218,3586,7933,7154,3320,1410
163: 2269,2473,7812,6994,1244,4788,3678,4343,5530,1879,7221,3075
164: 6696,7280,6128,2496,806,7196,8029,6282,3689,5773,200,7518
165: 1540,7336,521,2707,3699,7291,5887,8176,1920,6838,4770,2817
166: 6220,5842,7412,4380,3701,7024
167: 2809,6241,6631,7445,5893,7549,3784
168: 7178,7508,3734,3881,1492
169: 3777,7990,1580,6145,3872,4577,7356,1974,4829,7633,1447,3051,4916,3467,5827,7560
170: 7140,2772,1851,129,7574,3779
171: 3815,1158,6418,4608,1600,4930,5670,209,3875,7647,6165,4984,6599
172: 4658,1764,4934,7652,1160,4794,3747,2282
173: 1310,2339,7654,4637,5329,560,4490,7677,4841,7662,8103,3982,7165,2650
174: 5080,2646,3558,1344,4168,3323,7687,2467,7059,6331,7469,2623,5009
175: 2887,965,7720,1352,4540,459,2581,5108,5878,3565,5963,2609
176: 3305,7446,7734,4761
177: 7737,2682,6448,3157,3281,4093,1525,6424
178: 2695,7396,7837,5215,2530,4868,4322,5199,2076,379,811,854,4742,5386,1239
179: 7993,5863,2749,3227,7957,2822,3117,1541,7879,7215,6232,3173
180: 6340,4882,6471,1207,7929,7921
181: 6361,6905,1512,3230,576,7941,7076,696
182: 2003,7945,2967,1849,3989,6215
183: 7947,6753,3843,3482,8188,5646,4484,2756,6926,1034,3450,2137
184: 5941,7000,5704,1917,6788,7960,5415,8034,4425,567,2947,3538
185: 449,6075,2911,3566,5319,8042
186: 6706,6872,5331,4099,3568,5164,153,5535
187: 2042,4579,6840,1108,4244,7956,3605
188: 5083,5444,2747,3672,1977,4864
189: 3624,6429,1406,2268,7964,792,4910,3293,7967,6669,5463,3687,6069
190: 2265,1153,2688,2533,3718,4435,4912,7277,8100,5916,3651,2938,7293,5167
191: 6674,442,1918,5712,4941,4710
192: 6299,976,3045,1172,5904,1843,7535,5048,5610
193: 5117,7733,3459,7994,7010,3540,2399,5190
194: 5412,7488,5044,3391,5749,2376,4906,626,7925
195: 2091,6598,3454,2624,1021,5549,1224
196: 3356,3169,4591,7778,6139,1597,4463,5945,6533,2795,2527,7044,1783
197: 388,2595,3646,7702,2691,6033
198: 2751,3342,5747,2001,4561,5323,411,6798,4249,6063,3539,6511,7669,5175,1932,2420
199: 1948,1659,3254,2387,101,5470,7047,7296,6217,7122,2774,1226
200: 6282,3689,1220,1054,5773,394,3295,8143,7958,164,3550,7518
201: 3620,6335,2880,5245,2198,868
202: 2710,4762,793,6385,5100,2848,3856,5032,296,6851,4151
203: 6065,5423,6390,4284,1227,6476,6996,5851,2090,3660,2202,20,7882,4892,5201,2771
204: 3592,3676,957,7287,6526,1427
205: 6568,4760,5884,7833,4497,3259,1461,5026
206: 3334,1085,7486,5030,3132,7857,6104,458,1212,4998,7248,3744,6602,6571,1129
207: 5018,2608,5829,1370,7479,3831,1143,6670,210,5457,2226,6574
208: 3233,6588,1076,5466,3862,8128,3914,5663,1574,6000,3196,3424
209: 4817,3875,3977,7647,6165,7839,6599,4930,171,3815,1600,5670,4075,1094
210: 7965,6670,3800,5883,599,6365,1143,207,5457,2833,2226,6697
211: 2528,7236,4456,6415,2630,1732
212: 570,5894,5409,4558,7020,4523,2228,4103,6687,3174,5737,6486,7292,2812,7885
213: 2612,6743,3194,1392,5538,1749
214: 6423,2676,6756,6891,7067,5047
215: 2115,7318,5915,2701,5103,4478,4831,6766,2072,6847,3300,1434
216: 2032,6679,3983,8111,6782,5764,6269,522,7882,1553,4892,2771,6952,7358
217: 1440,6498,6882,6797,7993,3227,3117,7531,2856,7215,3173
218: 3994,4773,1590,4453,6801,2699,4752,1759,492,4673,3636,3127,6765
219: 6297,1696,4812,6805,7389,6005,478,87,7878,3897,3263,1421
220: 1459,3474,6859,8115,7419,3103
221: 1666,366,3487,3489,2647,5027,4272,6395,4835,5801,3806,6865,6897,1837,1152,4317
222: 1890,2018,3505,5812,5697,5091,5592,6874,5568,1008,7146
223: 4470,6006,5538,4134,609,7185
224: 4189,4008,895,6752,3604,5993,1041,535,5728,4531,4349,987,6210,2554,1069,6196
225: 2764,3664,1018,6690,6072,6715,2905,4191,592,6713,2114,5957
226: 1441,3682,5480,2671,1727,61,551
227: 6186,6855,2323,1873,4709,7966,3023,2968,3495,6605,3548,5284,4188
228: 8024,528,3176,6432,634,2580,4358,6659,1100,5809,5987,4922
229: 7108,7219,1134,2238,7169,3958,4526,2919,937,5034,5159,5352,2449
230: 7739,2535,5148,1263
231: 8180,6188,767,799,7072,1627,5439,6242,4055,5886,5339,6227,1042,4250
232: 3012,777,2280,7314,2006,5021,5502,7027,2961,1138,2690,6192,7013,833,1528
233: 4567,4452,781,7881,4058,3163,6478,6308,3212,7398,2836,7460
234: 733,7119,3827,7467,1730,7667,3338,5779,2275,2304,8000,6638
235: 3223,7610,6967,4487,7672,4327,6692,1871,878,978,1262,2973
236: 5588,4553,5270,1896,7036,1396,3952,1070,2940,2935,6548,7753
237: 7099,6116,7704,5606,293,2679,7820,3583,6833,8186,6721,1830
238: 7645,7147,3522,4494,3594,5293
239: 6875,3950,7162,6292,1481,3300,3601,4803,2213,5936,3401
240: 7322,1017,2454,7168,7259
241: 2739,4716,5248,2253,1877,7249
242: 5278,3714,7253,7728,2256,881
243: 2520,6784,4181,5959,3792,7266,973,883,7773,2332,94,3742
244: 888,1998,4420,6920,7558,7316
245: 2157,90,7877,3997,5485,6018
246: 2223,2887,5237,1318,7781,6885,965,7403,1882,3869,7480,6971,4038,7827
247: 4844,7408,5265,467,3967,7909
248: 2385,4082,5750,4501,7539,631,3860,2398,1510,2487,7019,4805,5357,7452,7244
249: 1978,3308,5008,4769,3840,6307,4216,4241,1225,2947,7960,4507,4290,7456
250: 7484,4236,789,4731,7491,5966,5087
251: 1750,6769,5358,8046,3296,2670,5354,5109,1135,7519,7712,5751
252: 5956,2674,1893,6347,7620,1437,3837,1372,2204,7769,1164,2294,4827,6168
253: 4569,5647,22,3953,7891,1466,3571,5583,7007,3032
254: 6388,2926,7582,7763,1939,7397,3957,3892,3288
255: 7770,3963,1928,7791,3381,5384,4666,454,5073,596
256: 710,3971,3477,1489,5241,8150,5714,5239,5781,7798,5985,2305
257: 7804,8039,3690,142,8083,7362,2618,6966,578,3542,8146,3984
258: 4964,7338,4593,7824,3944,4029,6981,7826,6009,4558,1780,678,2812
259: 2300,3501,6568,3736,7833,4052,942
260: 580,5515,4066,5556,4899,7187
261: 1305,426,7345,979,5803,5238,4097,5768,3562,4846,6224,4079,4583
262: 3398,1551,8033,4539,636,2734,5357,5879,4082,631,1993,6186,5240,6055,6965
263: 3545,4970,3397,1408,4263,8120,8090,1226,3748,2657,5782,8026,5939
264: 5850,6062,6827
265: 7136,1571,2546,6185
266: 6136,5184,3349,1578,132,6235,7349
267: 2381,6466,5071,4684,6280
268: 5072,1712,429,598,4858,5133,5924,2271,4181,4449,6586,883
269: 2293,6088,7607,2766,1788,6686
270: 6285,3614,6796,6974,1695,7534,5837,367,2320,1726,5640,5295,1098
271: 5609,7004,4972,1312,4536,2087
272: 7140,4190,734,5232,3775,4447
273: 3109,620,1403,2807,1063,3669,7200,7500,5068,6092,5673,5344,3667,7009,2564,1626
274: 7245,6617,4678,4626,6575
275: 2201,2371,682,5978,5718,7284,5694,2542,1395,4437,1182,6368
276: 8075,3760,2199,7504,5338,5350,7313,1762,2406,583,525,3036,7441,7449,4173
277: 960,2440,7321,4953,3357,5874
278: 4292,5494,7344,3653,4763,1216,2863,3496,6093
279: 6789,7347,3765,8145,6585,7917,6955,6286,1282,6853,4454,6410,2985,3462
280: 7822,5002,128,7350,7926,2875,3292,3616,7996,2931,5425
281: 2678,3546,7418,7293,1058,6646,5942,5167,3651,3140,6759,4897,3718,8100,5916
282: 905,4057,7438,7386,1987,5544,6278,1533,4615
283: 6724,1879,3730,3805,6866,3694,7450,4233,2246
284: 6861,4419,3009,7465,3647,1595,8189,2251,3210,6472,7156,4473
285: 6608,1648,7520,3005,6593,3774,1651,7250,6461,647,2360,3211
286: 4746,6794,3417,7567,1169,6222,5537,6992,3515
287: 3735,6607,6846,5276,7629,3567
288: 1014,1123,3160,5407,6804,2987,7370,1246,6274,7634,5633,4750
289: 2965,3441,8060,4039,3908,7637
290: 7645,7147,3590,467,6837,3702
291: 2837,3946,4474,587,7506,6843,7648
292: 3403,6204,7579,3581,8072,7671,1011,5019,1787,7427,339
293: 7099,6116,237,7704,7130,2679,3583,2805,5834,2175,6833,1546
294: 5774,7282,7776,2415,4772,1781
295: 7965,1767,3800,5883,7794,3354,599,5612,6365,6023,2974,4676
296: 6825,2848,1281,3856,2241,7203,6368,5032,2544,7829,202
297: 4477,7262,5938,5005,1080,2366,1676,5143,889,7575
298: 7901,2166,4414,3898,5041,7289,3788,6703
299: 5152,2878,7309,4917,693,2598
300: 5529,5443,5089,1391,6535,8056,5505,2763,3906,7756,2832,1933,5888
301: 20,4172,522,7604,3936,1802,1553,2536,4892,5923,6071,6952,3629,7310,437
302: 1439,4574,7566,5190,7521,7733,4825,6637
303: 3965,6219,6623,3371,8063,2960
304: 5356,4398,6723,6529,3028,6135
305: 2373,5539,4767,3995,1275,2109,6727,6177,837,6584,1985,3796
306: 323,4481,6737,6915,888,4420,2659
307: 6937,2627,4218,5490,2357,835,2712,969,7005
308: 6114,6246,3456,7610,1109,1331,122,6949,5860,6001,4987,7167,3516,2532,1783
309: 6037,4372,1154,7264,7171,7222,608,4659,6417,2687,4153,7111
310: 6087,3266,824,5481,4186,6969
311: 4371,7979,29,6112,1745,6978,3355,5458,7853,4686,4401
312: 6986,4366,1120,2697,1629,4202,7127,1462,4278,8037,3430,5035
313: 2801,6914,5112,1907,7545,844,2600,7816,3335,1438,7012,7515
314: 7026,4987,6016,6947,6533,3823,7167,2795,6513,2532,4635,4438,2527
315: 757,7052,5096,3260,610,2288,8062,2933,3368,2196,7205,2735,5461,7505
316: 686,3063,3632,7603,7482,3350,7065,4630,5741,6507,4269,1195,2731,2345,8147,3551,8048
317: 1115,7085,4936,5654,4889,5843
318: 7153,7619,7049,705,5255,849
319: 7161,1093,6800,1122,6755,6370
320: 4713,3724,6050,4606,2907,7179,7581,4596,7706,6773,5752,3851
321: 1547,4796,4957,2590,2942,6870,2099,7983
322: 6438,7121,1423,7197,7876,3769,7270,49,8184,676,5509,5482,4226
323: 3776,4481,306,7300,5220,4747,4000,2659
324: 7480,6971,6768,2343,4038,7394,1954,7663,1292,4446,7827,2095,6226
325: 6492,2097,4021,1775,1703,4171,7949,7117,5394,853,6275,8106
326: 7442,4301,4112,3239,550,4413
327: 7638,2582,1672,5901,718,1611,4155,3723,7231,2237,5414,7061
328: 5287,7144,2239,3973,6583,1114,4143,7664,1466,1073,3435,5397
329: 574,7719,7303,7223,2347,7137
330: 7740,7767,3532,772,2279,725,3286
331: 3021,7681,2335,1626,1946,7742,4317,8069,4519,6369,7152,5194,6221,3453,1792,4586
332: 7747,607,4049,7240,7887,770
333: 6702,7790,1294,2982,2722,1072
334: 5127,2593,1491,3903,2903,2120,794,4100,7680,5045,4733
335: 5020,2470,7113,6523,7014,2841,4137,4141,4929,6563,1701,3983,8111,1302,4532,1602
336: 617,1444,2909,2744,3243,4289,7184,6871,3443,2976,2000,4745,7208,8165,4169
337: 4332,4334,2043,6644,3054,1485,1501,7461,2798
338: 2783,4341,517,2813,6296,6708,6970,2936,5325,3949
339: 4354,2685,7427,5836,5253,7542,5937,4475,1787,292,3581,1011
340: 1018,2905,6713,6517,4369,4689,3560,7694,3370,6113,1924,1643
341: 3622,2964,3019,372,8050,4253,4555,5660,7228,4403,2074,1340
342: 1175,5376,1066,2702,5452,5105,2471,3034,2570,4417
343: 6469,6536,119,944,3030,4548,6640,6554,5110,1539,6728,43,6648
344: 4633,4554,749,3392,1623,6826
345: 116,3048,3551,1358,3373,1807,4402,4654,5536,8048,6689,3979,7489,7603,7482
346: 4834,1241,2199,7504,1625,5338,3264,7129,3436,4173,6025,6587,987,6210,6196
347: 4851,1923,5516,4293,6884,67,3499,7858,2761
348: 6200,3575,4947,3188,6216,888,1998,4288
349: 3046,2815,6512,7287,5172,7563
350: 5226,1721,4185,3421,6449,5121,6649
351: 536,5374,2952,5160,5377,7758,2802,2583,544,5919,7199,5969
352: 3627,2175,6833,2656,1909,5839,1546,5364,2364,2857,7099,7130
353: 5672,5650,3709,6758,3391,5601,1174,5526
354: 1737,6440,3418,3732,5692,6225,4033,5185,6691
355: 5109,975,3756,7519,5598,5888,2343,5727,4573,2095,6051,2382,3785
356: 7620,908,3731,7513,3630,5898,1829,3837,954,2204,5882,2161,6341
357: 5929,980,5876,4730,2820,3561
358: 3143,6836,5037,6091,3721,6236
359: 4603,6359,1103,4230,726,1740
360: 3524,5660,1473,7031,3382,6987,5628,3345,538,3937,6131,6401
361: 3145,3358,5835,7046,5754,2377,1716,1033,3980,8052,1863,7126,6473
362: 6883,1405,5212,7451,3888,7120,943,579,2478,4080,6290,6500,3056
363: 6383,5381,8135,2457,6666,4628,1898
364: 497,1803,5804,7355,2299,2078,3778,2545,6770,2140,5267,972
365: 5493,1202,2846,1805,2776,6901,140
366: 1666,1875,221,7023,3487,3489,2647,5027,4363,4272,6395,4835,5801,6865,2335,4317
367: 6263,2320,4035,4708,6910,6283,7034,658,2456,5640,5517,6796,6974,270
368: 2981,7037,2754,7736,5397,2011,5302,7144,1114,4143,1073,4647
369: 4095,7045,6435,1278,512,6295,3105,1975,6877,8071,4585,1038
370: 1929,924,2585,8013,4375,3055,4174,7105,738,6580,6979,4231
371: 7863,7276,1429,499,7980,7380,3235,1653,5814,4212,1639,2154,4120
372: 3622,575,341,3019,6490,4253,4416,5523,764,4403,2074,1340
373: 539,6170,6488,1393,4597,3241,5553,7046,6919,1033,4675,2736,5865,5533,1480
374: 606,2667,7115,2548,4753
375: 4571,4807,1186,7413,2693,4415
376: 634,4665,602,7805,3379,4358,4870,6813,3787,7811,7148,3396
377: 6393,1501,1428,3054,6499,4936,4889
378: 4033,5185,1572,6691,7737,4711,3157,6225,8061,2784
379: 2556,5885,811,854,2211,3438,6244,4742,7177,5386,1061,6695,5215,178
380: 5929,6281,5794,5594,3956,3419
381: 1898,4550,5227,6963,6261,6383,4566
382: 2788,7670,4156,5137,1911,6358,1589,6362,6856,2106,7082,3228
383: 2183,6234,3100,5696,7552,6392,7325,552,4019,6795,6249
384: 1242,523,6433,6489,5389,3579
385: 7638,5003,1672,6543,6408,1350,3361,6180,7269,2181,6957,8154
386: 5337,6868,2511,3311,962,7903,3013,5298,4729,6545,2568,2566
387: 7890,3388,5343,4826,5341,6857
388: 2595,6997,5256,7904,1453,197,3646,2691,1751,6033
389: 1490,4083,628,2523,7018,7757,1286,3099,5312,7700,5925,7261,2804,4876,5917
390: 6525,5447,7210,1800,7400,7077,7540,553,1493,2855,2404,6482
391: 4305,1520,452,4392,4986,4992,6616
392: 7472,786,6119,3326,2005,3403,1472,4650
393: 7164,4165,4367,2321,1149,3234,6806
394: 3112,6282,3689,1220,5773,6487,3295,5667,7958,7080,200,7196
395: 3167,6544,6288,7201,2379,1719
396: 2020,3483,6124,7710,2962,566,1865,3458,1082,7235,7175
397: 3106,6032,4604,3617,7240,4980
398: 3739,3247,7299,988,2108,798
399: 5767,108,7388,7319,3250,1503,6542,5342,6793,7306,4440,2393
400: 4636,3092,5251,6247,7346,7134
401: 7401,913,6378,3772,3366,829,6279,8191,5914,5400
402: 7078,5486,3901,6484,1969,2231,2026,2845,3530,5897,7429
403: 6010,7463,1973,2424,3867,5889
404: 5908,3963,6540,7473,5384,4855,3782,3991,4234,1121,4502
405: 2678,7598,3799,7254,613,1058,2574,6345,6646,5624,4820,4176,7631,6014,488,4862
406: 4442,1824,7896,5028,5316,6761,2870,6911,563
407: 2352,2258,4901,6259,7614,4167,4919,2621,4130,4159,7550,4265,435,2006,706
408: 1379,6479,2758,3195,7832,2443,2923,3582,4669,6919,5533,4529,4589
409: 4626,7178,6575,2963,5368
410: 6468,3899,4754,5142,2124,1698,6595
411: 6798,3452,4249,4963,5307,5361,4797,6063,3539,5340,6511,4013,198,3342,2420
412: 3078,4554,2929,6445,5840,5462
413: 4124,2935,5524,6635,4344,3110,6505,2977,594,4643,4295,2045
414: 6457,4569,3953,5585,3571,653,3596,3147
415: 2339,2370,2727,560,1601,5954,3525,3202,1343,4530,6475,7206,4653,5111
416: 6328,4472,993,3284,6763,4699,2034,1374,2865,6775,2472,7363
417: 3321,5401,7022,1511,4776,3637,5848
418: 6988,3346,6656,4815,2769,2525,1007,1431,7366,1024,6243,7485
419: 4073,3774,7283,4439,1576,4488,7250,3269,6719,7974,6377,5013
420: 6556,4067,6326,4812,2797,6861,6774,3009,1990,1741,6251,3897
421: 7489,3063,7603,1616,1813,5841,3350,5299,7003,5741,675,810,2171,5992,6436
422: 4927,4465,5678,4990,6205,2066,1166,2333,7216,4801,3128
423: 4738,3585,6324,7258,3442,6848
424: 147,7268,3711,8155,5903,7312
425: 3565,2801,5411,1677,4905,6914,5231,4121,2609,6662,3447,7343
426: 3196,7345,979,3424,5238,4097,5768,3562,6609,4846,261,1777,6224,3665
427: 1834,7419,6693,8066,3758,5261
428: 1413,8182,7432,6991,5197,4122
429: 5072,1712,7578,268,3773,4298,7444,4858,5924,6187,2517
430: 6376,6509,3803,7474,6054,2526,673,3027,6344,3893,6780
431: 3638,4904,531,3822,5551,1528,7493,1497,2961,6101,1138,2690,7845,6192,6942
432: 3832,5031,1958,7501,6953,7618,148,8158,8140,3844,8005
433: 2642,1995,1560,2101,150,2369,2410,1465,4246,7517,4421,4808,5075,3865,4787
434: 4077,3874,5743,4360,12,7544,6506,7880,592,2114,7686,1592
435: 3012,7550,4265,2006,2985,706,3889,2460,5687,1179,6286,2621,4130,407
436: 3201,7108,1134,4903,7691,7333,1040,4260,3119,5262,7597,6624,1796,2490,7032
437: 7952,620,3970,6779,3669,4353,5673,7553,301,4172,7604,1802,2536,4928,3629
438: 3588,2249,7621,4046,1814,4131,7114,1680
439: 2513,6582,3339,4758,3783,5715,805,4161,2220,7649,7711,6138
440: 956,2644,5113,7683,6962,1757,7181,4714,7701,7912,2889,1367
441: 7575,3684,2884,6504,1364,2844,5143,3909,8078,6929,7713
442: 191,7743,5006,1918,4941,2877
443: 6976,4388,6322,5388,2689,990,4168,3323,1930,7803,984,5851,1436,7469,5949
444: 6317,7849,4150,3085,2306,2925,6783,5675,2792,1778,4178,5706,6481
445: 2879,2704,5351,5132,4110,3095
446: 1020,85,3118,7275,1458,7784,7225,6257,4993,3801,2641,4132,5620,4357
447: 543,6515,3148,2906,7697,4652,5088,5732,2450,4462,779,1618,4177,5722,7177,6592
448: 1416,5289,1564,6577,3150,7091,2508,5706,3353,5982,4307,7938,1181
449: 4122,185,2911,4655,7432,8042
450: 2791,3245,7976,6447,2174,4728
451: 1079,3258,994,7155,5855,6604,5522,2891
452: 4305,1520,6731,7774,4392,4986,3964,391,6895
453: 5025,3692,6712,7801
454: 4297,2187,5073,4163,2107,5432,8068,7770,255,1928,7791,3314
455: 7586,5953,3570,3342,2001,2790,4561,5578,5323,1584,2367,843,3215,5762,6428,6573
456: 2802,2172,7110,4347,4256,3521,5972,2839,763,3044,5573,5249,3347
457: 968,4962,2,4418,7771,6002,8085,650
458: 1212,3445,4043,7842,4998,6876,7248,3132,7857,758,5506,6104,6571,1085,206
459: 6558,948,4781,8133,2581,5108,703,3420,5878,8019,5963,175
460: 6560,16,1762,6040,2159,583,4843,525,7441,7821,1313,3656,6327,4092,1692
461: 1440,2462,6498,4938,3187,6894,6767,1339,6202,4432,3446,5309
462: 6789,1362,31,7347,6238,4007,8049,3765,8145,777,1282,7314,6410,7541,3600
463: 7893,4201,5247,3842,7485,1558,3510,6812,1663
464: 6817,1456,3749,876,6388,2926,6405,1015,7582
465: 2738,3928,5286,587,7506,6820,664,5875,5217
466: 2411,6824,7433,1383,4564,3982,1809,7557,7165,5382,2289,4841,8103
467: 4844,247,3590,7909,290,6837
468: 2972,1742,7998,6880,5113,2338,1538,7683,6962,1051,5975,4973
469: 3494,5097,5476,2485,7024,7412
470: 4003,2418,4975,7033,5061,6156,3727
471: 1991,5559,3998,5854,5847,4069
472: 7067,1411,2946,1645,717,6552
473: 1960,6989,7224,3205,2273,5805
474: 4060,3387,7286,6887,6360,6510,6950,7577,3091,2660,6909,1031
475: 3663,1182,6172,4062,7302,2023,5724,2158,5985,2305,4437,2359
476: 6944,7365,1036,2590,2131,5349,7602,3773,7271
477: 3863,2913,4194,5419,7387,1064,46
478: 7389,7497,6005,2094,5346,3,6297,219,1696,1791,6805,3263
479: 621,8032,56,6454,7402,4081
480: 2275,4884,815,2304,7460,7087,2836,7119,3827,7944,1799,1730
481: 1201,5209,7475,2127,2169,3853,7183
482: 5719,4368,5821,3568,5549,1224,3277,6403
483: 6464,4869,4546,4528,7919,2329,8173,3737,6922,3693,8087,143
484: 6643,1136,2356,1234,4667,4845
485: 3494,2421,4765,1187,5102,5182
486: 4946,5623,1412,4101,938,715
487: 7128,2409,1478,2664,1353,5864,5586,3102,6316,7755,2978
488: 817,2463,6014,2588,1524,6267,3643,3546,7598,3799,7254,405,695,838,6345
489: 4840,745,1743,2591,7209,34,4262,7812,6994,2658
490: 3645,7715,4102,5393,6574,2599,1905,5176,7596,1370,2062,1731
491: 2339,2370,2727,7654,1293,1601,4490,7677,7662,1961,5098,3433,4756,4952
492: 3994,4773,218,2665,1862,6801,2699,4673,2052,4887,5437,7658
493: 7447,2372,6776,2726,3044,5573,4648,7685,4727,4429,4823,7514,2024,3123
494: 7364,7920,1205,2344,871,4592,7741,2266,2432,6309,3449,4200
495: 7806,868,3306,7428,2587,2198
496: 7815,5320,5499,795,2200
497: 2160,5079,5804,364,7355,2299,2545,2140,3771,5459,972,7835
498: 6496,6645,1583,3206,8045,3101,2436,7870,3408,8137,103,7844
499: 7863,5864,1429,2803,1534,7380,6367,371,8096,7232,2154,62
500: 7873,1024,3287,1674,6254,2619,5210,6243,6665,6988,6656,2525
501: 7875,4197,6600,5084,4915,2770
502: 2941,1190,6798,6943,3231,3072,6079,7884,515,4963,5307,4389,7369,1523,3042,8054
503: 3924,3140,6503,7885,5753,3000,6759,1502,6550,6289,4008,3651,7892
504: 6749,4634,7900,5907,6399,2871
505: 7601,100,7906,8179,1055,6207,5053
506: 4869,4546,3120,3067,4750,7919,6190,6786,7370,3877,3737,6922,836
507: 3377,1078,4720,7850,7951,2256
508: 2462,6882,6890,1784,4547,5193,7993,5863,6845,3151
509: 8016,70,8157,1723,4792,3262,5567,1266,5195,1969,4780
510: 3837,1372,954,5015,6636,8038,5977,3208,5956,3910,4277,7533,1418
511: 6239,1327,7278,8041,2826,6839
512: 18,4095,7045,1278,369,1975,8071,4937,7104,1200,4184,4585
513: 6130,4819,8118,688,3267,1059,8080
514: 6419,1535,1902,6898,2322,8086,5268
515: 502,1449,6943,3231,4389,3916,2068,8142,1424,5707,8098,7369,136,3042,8054
516: 2662,2325,6263,3244,1257,4708,6910,8117,5010,4811,7034,2456,4660,2876
517: 2783,2340,4341,338,2019,8131,5869,6970,5325,5964
518: 1360,6957,7458,4361,3402,8154,4382,6169,5454,2355
519: 2443,6059,1542,2923,4669,5657,5039,7064,2489,4224,4726,4312,4854
520: 1445,2503,4640,4311,5604,4175,5716
521: 6464,7336,2707,4546,165,3067,8176,1920,7170,1230,6838,4770
522: 301,4172,2716,7882,1553,4892,5201,5923,6952,7358,216,6679,3983,6782
523: 614,1242,4965,384,6954,6433
524: 2877,3537,5277,6810,1722,5179
525: 7313,5333,460,1762,2406,2093,3035,6040,583,4843,3036,7441,276
526: 1637,3472,1341,7102,5375,5262,2412,5632,7333,7101,4044,6224,3119,1409
527: 5587,4411,2509,5611,5990,6606
528: 8024,2669,3176,6432,228,7141,3396,5584,634,1213,5987,4922
529: 5500,3933,3670,4450,1915,5644,6036
530: 3291,3513,7754,6393,4332,6499
531: 3638,431,3822,1613,801,5551,3328,5294,3170,7845,6547,6942,5693,6343
532: 6562,4786,61,8089,7409,1401,640,6337
533: 1283,7361,2092,6601,2126
534: 1247,5826,2417,2021,3645,5518,80,2100,6632,884,6818
535: 4189,895,6752,5993,2938,224,1249,6655,7424,5570,1069,8153,4435,3116
536: 5519,1388,351,5374,3612,896,5377,4748,7758,2802,2281,3347
537: 2334,6228,4336,3428,8122,6161,2484,4691,903,6881,3465
538: 3937,1710,5958,6131,4979,7135,6401,3524,1473,7031,360,7580
539: 373,1256,2777,6488,1393,4597,3241,5553,7046,6919,1033,8052,4675,2736
540: 4721,7055,8174,6710,6137,7772,3374
541: 2058,6007,5427,711,2882,7079,5363,5102,3639
542: 2359,7819,5600,2544,6705,1182,6172,4062,5724,5694,7174,2241
543: 3148,1061,447,2906,2272,7697,4652,5088,4462,1618,2556,5885,7177,6592
544: 1105,2583,1148,5919,3203,7199,5695,351,2952,5160,7758,1635
545: 3588,2249,7538,6379,655,5629,7211,2611
546: 1895,3817,894,5062,5726,2661,2788,7220,6023,5373,1589,4676
547: 2792,7230,2983,7337,1897,4178,5706,6481,6783,1181,1416,3857,7091
548: 5337,713,4729,4015,7281,2416,4976,5900,2796,3380,2866,5868
549: 3818,4933,1694,2838,7305,2565
550: 1189,4413,3108,7368,326,7442
551: 1727,61,7409,3344,1441,3337,3682,226
552: 7914,3684,6392,1364,4019,3891,6115,5696,2067,7448,383
553: 7814,7166,2855,2404,1421,6482,7497,5818,6005,2692,7400,390
554: 5471,998,2444,7512,4395,4732,6740
555: 7523,7326,8102,8099,5131,7348,2246
556: 6602,5799,1315,2177,1129,4130,4159,5118,5229,7176,2027,2352,971,4901
557: 4294,4121,5187,2391,5562,2992,5769,3039,7237,7285,3315,2086
558: 6904,6082,3265,7622,2321,6806,6271,2403,6680
559: 1687,6928,1713,5926,6729,6984,742,6537,4627,2459
560: 173,1310,2339,2727,4637,5329,415,4490,7662,5954,4707,3129,2732,3525,7717
561: 157,6462,6371,2743,7477,2549,4790,4600,1045,774,7570,5125
562: 4667,2766,4845,7689,4373,3486
563: 5040,6103,661,1326,1824,4466,5028,2870,406
564: 6178,5955,2900,1521,5748,3004
565: 7689,5986,4400,3784,1878,5069
566: 2020,396,6124,5870,1047,3183,6394,1168,2934
567: 1074,184,5704,6788,7960,7029,4216,2626,4125,7217,2947
568: 6065,2958,7803,4284,1227,6476,3507,3715,2954,6996,5479,5851,2090,3961,5791
569: 978,2973,4534,6946,1116,3378,3232,4949,5740,7605,8144,1585
570: 5894,212,7751,6336,7020,4523,2228,4103,6687,3174,5737,2909,2000
571: 2207,3679,7129,6025,2075,7826,4349,4335,6587,1678,6009,6210,1780,6486,2812
572: 5488,1420,7195,7211,7528,4717,5044,2501,2348,1206
573: 3355,4216,5458,1912,2921,2626,5205,4125,7217,3111,6273,7029
574: 1141,329,7303,7924,3935,7223
575: 3622,1205,372,4253,4416,1724,7274,4842,5523,4403,8014,1340
576: 181,6905,1512,4898,4985,7941,7329
577: 6458,2160,7351,6521,2299,6097,6306,7708,3517,899,6105,7042
578: 1587,1197,3324,7362,2618,6966,7632,3633,3542,4187,257
579: 1351,6855,2323,1658,8124,2478,4709,4128,7375,6290,6500,362,1405
580: 260,4066,4771,5556,3533,7379
581: 4695,4369,3968,4275,4689,945,4480,7391,3654,7922,3059,6249
582: 3746,3900,8064,7936,137,7428
583: 7313,5333,16,460,1762,2093,4843,525,3036,7441,8075,3760,2199,276,6035
584: 7446,4407,8187,6086,3770
585: 7204,2473,7481,4343,3894,7752,3504,3341,2308,3966,6312,8059
586: 3933,4521,3670,6846,7495,5511
587: 3290,3928,5286,465,7506,6843,5602,6820,1617,291
588: 4553,5270,6893,7036,1323,3952,3814,1418,5977,7132,8082,3910,7533,6548
589: 7466,2990,1697,3955,7796,124
590: 4836,7256,3007,3829,2110,5019,1787,5396,2840,7579,3581,8072
591: 1683,3981,1580,7942,3215,2235,6573,6939,2113,1596,920,8079,7591,4509,4774,6318
592: 2764,6506,6690,225,7880,6713,2114,7686,2892,7315,434,12,7544
593: 4017,5467,3811,1927,4146,4616
594: 6505,2164,4295,7017,7889,4124,413,3110,21,150,2369,4421
595: 7002,7097,2108,7112,4486,1766
596: 4615,97,2187,5073,7770,3963,255,1987,4057,7386
597: 3868,5487,4063,5554,5642,7961,4664,4240,4893,4551,3279,1173,3751
598: 5072,1712,2332,268,768,4298,5924,6784,4181,6586,7266,883
599: 7965,1767,2360,3800,3211,295,5883,3354,210,5612,5137,1143
600: 5933,2872,6933
601: 7514,2024,2811,6300,1096,6173,2281,1833,6309,1827,7447,2209,5519
602: 7805,3379,376,4358,6813,1506,7148,2702,8024,3146,3396,6455
603: 7496,8172,1106,3478,6569,860,2502,2857,6539,6008,7130,5834
604: 2613,6089,3662,2057,7053,6627
605: 2645,4915,3879,3835,7043,2053
606: 374,7115,3895,5305
607: 7747,7887,7145,332,2675,6699
608: 4372,1154,1592,2745,7264,7171,7668,7222,309,6203,4153,7315
609: 6363,7185,1392,2162,5538,223
610: 757,315,6549,5096,3260,2288,2933,2196,7205,2735,5491,4587
611: 6923,7825,3189,142,7265,3307,8083,2522,6371,8138,2401,4600
612: 2284,6811,3226,1048,4749,7267
613: 2678,3799,7418,405,2574,7331,6646,5942,1068,791,4897,5624,4176,2886,7631
614: 7376,1242,4965,523,2913,4194
615: 1720,3256,7381,2785,6694,6319,4837
616: 1723,6440,3732,4792,7464,3164,6990,3262,5567
617: 4504,2744,2733,3243,336,6871,3443,2000,4745,7208,4198,2719,7487
618: 2049,8136,8059,1240,98,3134,7752,3432,1738,7490,5173,4810
619: 6061,3509,1836,4056,2439,7492,3317,3786
620: 7952,1403,273,3970,6779,437,3669,7646,7200,7500,4353,6092,5422,740,5701,1837
621: 6171,7594,3673,8032,479,6454
622: 4308,1909,3618,8186,2364,7894,3376,7642,6993,5348,652,3481
623: 7547,6809,3175,690,2222,1349,3497,825,7655,1140,5761,1606
624: 6849,729,2455,7678,5687,7568,2031,6664,1296,2135,3846,4320,4105,2400,3904,8008
625: 7688,7679,2312,2752,934,2264,3934,5671,1961,7682,1293,1259,4756,4952
626: 4906,6854,7693,7925,3391,5749,194
627: 2138,4544,1044,5766,7696,4602
628: 4083,389,13,7018,7757,7917,7700,5925,7261,3825,3141,3765,3003,6585
629: 4624,4856,3698,3761,5074,7761,3559,72,8164,3923,2069,5734
630: 3336,7413,1468,6421,7478
631: 4082,3506,5750,248,7539,4195,2398,1993,5825,1510,5357,5879,262,5240,6055
632: 2452,5158,4235,2951,3770,5472
633: 4287,2557,5446,4694,7373,6143,5077
634: 2580,7805,376,4358,4870,6659,2800,8024,528,228,3396,4922
635: 2078,7334,6850,6941,5150,2224,5204,959,3778,4527,5596,4557
636: 3398,3051,1551,6927,262,8033,4539,5827,2993,2734,826,5357,5879,4082
637: 7440,5434,4072,4562,2829,5819
638: 7592,2922,2244,5219,4646,1839,7434
639: 1025,7729,3301,7324,1137,3384,6741,5973,4687,4308,1151,7840
640: 4786,532,8089,1401,3017,3238
641: 4391,2392,7295,2956,4815,4201,1558,5861,6164,3073
642: 7062,5779,5092,6223,4884,3113,7087,4247,3390,751,4740,3177
643: 3132,3229,6892,7857,3841,7855,4105,4909,5506,5582,6104,3846,3904,3744,149
644: 2751,3940,3570,1267,5747,4561,5010,7669,7726,1932,5449,6315,2876,3244,8117
645: 3083,2431,1012,1319,3052,2553,4466,5028,6911,2597
646: 4410,7194,2262,7650,5700,5036,2435
647: 7670,5137,6358,6856,7250,6461,3228,285,2360,3211,3354,5612
648: 2853,5821,4436,5164,3077,6381,6403
649: 4713,1298,3528,5198,3343,1159,7581,3282,5820,7937,3685,5433
650: 5213,6899,5082,3473,2859,457,2,4418,2715,8085,3437,1486
651: 2616,5289,1564,6577,2684,3475,5831,8126,1935,7093,2453,5962,6015,5424,6229
652: 7642,6993,1125,3030,2740,5348,6640,3887,2386,6735,3481,622
653: 3508,3596,6314,5585,414,3147,5420
654: 4859,4858,3493,2643,5469,762,5014
655: 5629,4127,5488,7195,7211,4880,545,6379,2501
656: 3204,3668,4617,5507,7522,1233
657: 6156,3364,5515,4066,4771,3727,4242
658: 3729,6283,7034,2285,2456,367,4035,6910,5640,5690,1098,5517,6796,6974
659: 4960,1764,7927,3747,5521,5572
660: 3279,5532,5865,8121,1173,2481,3751,1480,5225,6170,5554,7961
661: 3759,5548,1176,5040,563,6103,1824,2870
662: 2494,5625,5688,691,5622,3896
663: 7078,2714,4642,2845,5927,5759,4991,3080,4261,3821,2425,5421
664: 5286,465,1228,1859,5733,4692,4330,2103,5217,1675
665: 5853,1047,6311,2765,4723,4096,7872,4214,2971
666: 4982,1247,2800,1100,2259,2427,7229,5909,5683,5815,6659,5677
667: 2819,1661,4387
668: 7064,66,4726,3049,5618,6382,6039,6578,1276,6162,7172,2105,5039
669: 1886,7092,6819,2867,6266,3563,5920
670: 6305,5123,7554,7627,7352,7367
671: 6749,2937,2365,6144,6324,1699
672: 7821,2915,3660,4315,3656,2202,1938,4092,2032,6679,3025,5764,6133,6329
673: 430,6376,6509,1624,3803,6999,2526,1000,6344
674: 5760,5392,2773,1761,4793,4270,6648,2537,6396,3079,4666
675: 810,2635,2171,4514,4885,5992,6436,7489,421,7603,1616,5841,3350,7003,5536,2500
676: 3506,5750,943,4670,5509,5825,6438,7121,3769,1735,3056,8184,322,7451
677: 3158,6736,4267,7288,723,3316,5921
678: 4558,1780,6687,3174,5737,2812,7338,258,4196,4029,6981,1117,7826
679: 3739,3247,5520,3819,5224,7372
680: 6808,5322,3956,3419,7377,5266
681: 6108,5064,1631,6628,2614,8061,7405,2784,3813,4517,6437,5171
682: 2371,4556,7411,7284,7810,275,2542,4437,5406,3246,873,6555
683: 4964,1363,3472,7561,1341,7102,7449,8081,7058,7313,5333,2406,2084
684: 7407,4448,3984,2625,7455,1432,6253,1624,7415,6999,2526,3287,3285
685: 4489,2192,737,7478,6514,1468
686: 316,7603,7482,4630,5741,6507,5122,4269,2731,8147,3979,1771,3048,3551,3373,8048
687: 7524,3059,3461,7912,6249,3370,1739,1367,2183,4689,3654
688: 3369,3267,6534,7530,1059,5200,513
689: 5995,6931,1840,5984,7536,4956
690: 7547,6809,3175,6864,2222,3497,623,3939,4860,7911,1794,1140
691: 3791,5336,5622,7659,662,5688
692: 7666,2982,2636,2722,7584,1328
693: 4424,7783,2598,6497,4917,299
694: 3911,7970,870,7831,5560,3631,4264
695: 3546,3799,7254,838,6345,4364,7834,5361,817,6014,1524,6267,488,5340,3643
696: 4286,7076,3658,7527,181,1512,3230,3331
697: 7874,1495,1568,1732,6684,6415
698: 5080,2646,1344,1641,1930,4228,5024,5580,6541,7797,7913,1320,3990,7307
699: 4096,5678,7872,2025,2066,3216,7915,2971
700: 7496,3531,5239,4492,1664,6778,761,7969,6569,3663,7722,5985
701: 2254,5792,4598,902,1876,6284,6434,7509
702: 4310,2591,1773,1862,5104,3127,2308,4104,8017,7481,2658
703: 4883,1517,3420,5878,5746,8019,3549,948,459,4781,4461,8133
704: 7901,4148,5189,5041,7611,8158,2431,5649,2297,6703
705: 5255,2278,5063,318,4220,7049
706: 7550,4265,435,2006,3889,2460,5687,1179,2621,2400,5799,4130,4159,2352,407,7614
707: 2852,5175,7989,1208,4932,6350,1566,2016,4619,5359,5699,4722,6110,4377,4787,4560
708: 2737,1906,7159,7396,5917,5215,2530,4520,4322,6603,2030,7018,7757,3825
709: 4522,2825,6565,4291,6563,4532,2039,1602,5020,2470,2741,4374,6193
710: 3380,4549,256,2866,5868,6777,4647,3477,1489,1081,5241,8150,1355
711: 2058,4971,5427,4768,541,2882,1311,3639,6041
712: 2916,4661,6518,2718,4497,3081,7461,4334
713: 5337,2511,3013,548,4729,6545,2416,5900,2866,6029,5868,6777
714: 5514,6070,6831,6373,2141,4778,6439,2022,3657,5116,3322,3848
715: 4575,4875,938,1412,486,2835
716: 5281,6600,6153,7278,5084,4961
717: 8006,6641,5047,6552,7067,472
718: 1891,2582,327,5114,5901,4155,3723,112,2139,5797,898
719: 834,4324,7780,1200,4504,6176,7477,774,5178,2719,1375,2755
720: 6709,5246,1965,7995,32,2960
721: 3200,7627,7352,4703,5343,4826
722: 1831,2132,2984,7548,1131,4879,5387,3192,5503,6417,3065,5796,72,2069
723: 5390,4920,7288,7342,677,6736
724: 7564,5439,1526,6242,2781,3550,5574,4055,5886,930,1042,3283
725: 7811,3034,2279,6302,3286,5555,6100,7740,330,772
726: 4230,892,4025,359,6359,5627
727: 5676,3309,5674,4031,4685,4065
728: 1194,4482,6510,6950,5116,2219,6114,1545,3322,2861,6070,6831,2022
729: 6849,3518,1790,6181,624,2455,7678,7568,4777,6053,6346,1296,1953
730: 6091,7982,1381,3908,6236,3625
731: 7004,4536,2637,6095,2441,7074
732: 3748,5934,3024,5969,6199,7541,6815,5782,1635,4140,4084,4907,7931,4926
733: 3827,5731,7467,7109,6612,234,6232,1730,1541,5057,7667,3750
734: 8023,272,5232,6842,6276,4447
735: 2111,4251,5405,2706,2240,1172,6386,4744
736: 3118,7275,7225,1377,4618,2182,6443,1948,7425,7047,5577,3890
737: 6968,2192,6514,685,2261,739
738: 7865,7105,6085,3180,5809,120,3710,6771,6580,6979,370,8013
739: 6968,737,2261,3927,6676,7656
740: 3806,773,5422,8001,5701,2303,7157,6148,4076,919,7553,2536,7952,620,3970,6779
741: 4196,2540,3944,5034,1796,2490,7779,6981,1442,2384,5352,7032
742: 5061,4205,2814,2418,4627,559,6984
743: 5798,4252,2070,789,4518,1582,2847
744: 4257,4170,5540,4025,4064,3289
745: 4840,1743,4310,489,4479,2591,1773,7209,34,8017,6994,3678,2658
746: 4318,4115,8161,71,3914,4217,6718,5742,1475,2757,5607,3375,1071
747: 4164,6397,4351,2950,4921,1386,5128
748: 3485,7616,4610,6614,3050
749: 344,6265,4633,3392,5609,4
750: 4472,2978,4078,6763,4376,4699,1374,2865,6316,7128,1353
751: 7062,642,5092,2529,6223,3113,3282,1380,4740,4203,7937,3177
752: 6940,1273,84,1397,1359,5725,2705,3193,4795,7772
753: 6731,6895,5281,2128,4874,5590,880,4925
754: 2729,4638,2628,4968,4164,1032
755: 1721,3503,6449,3318,2931,6494,5425,1378,5002,7350
756: 2489,4224,4726,3801,1253,2641,3049,7608,6576,4996,4312,1482,1964
757: 5793,3471,3447,315,6549,3069,5096,3260,1438,610,2288,7012,8062
758: 3229,6892,1792,4909,5126,5506,5844,6104,7090,458,1212,3445,4043,6876,7096
759: 3533,7499,5202,7807,7379,3587
760: 8027,7950,6725,5216,4147,4111
761: 5239,1664,6778,700,7969,2940,3971,5781,2023,7798,7722,5985
762: 3522,5293,4404,5014,4859,654,5469
763: 6015,2839,5424,3044,5573,5249,4429,5962,5756,2172,456,4256,3521,5972
764: 3524,5660,4403,2074,1473,8014,1340,6987,5628,372,5523,3468
765: 7256,1165,2110,4206,5679,2721,2773,4270,2061,5501,3413,2896
766: 2042,8183,5999,6121,1010,7041
767: 8167,231,6188,7072,6256,1627,5734,5439,6227,1042,3698,4250
768: 2750,5072,3564,2332,598,3755,4298,6986,5050,5772,7266
769: 2363,1025,3384,6741,6078,5730,111,5951,3865,2662,6380,7764,1657,8088,7341,3613
770: 1348,6977,6042,7747,4049,332
771: 1259,6073,3433,2450,3536,779,2242,7907,7206,5428,4653,6528,1601,790,5111
772: 3712,2302,6081,2888,330,7767,5705,725,3286
773: 3806,3525,7717,740,8001,5701,2303,7157,6148,6475,7939,919,7553,7952,6779
774: 6371,6176,561,8138,7477,3764,1045,7570,5178,4937,1200,719
775: 5493,3880,2846,3166,3838,6195
776: 5242,3423,6745,1055,2615
777: 3012,2280,1282,7314,6853,232,4454,5502,7027,6410,2985,7347,6238,462,833,3165
778: 1685,6887,3302,7577,2631,4328,1658,7431,7354,2173,1405,6245,6949
779: 6073,2450,4462,3536,7907,771,3185,4177,6528,3098,6515,3148,447,2799,5088
780: 3153,3334,3926,8130,6333,4222,4491,4829,2073,5030,7323,6602,2177,4237
781: 4567,1287,4452,7881,1101,1452,4688,233,3163,7398,815
782: 6151,5682,4570,3804,4285,2551,2144
783: 1439,4574,6566,5318,1295,7363,3258,3985,7155,3214
784: 6685,4576,1455,8020,2047,5508
785: 8139,2746,6754,2254,8009,1605,4598,7509
786: 3326,3259,392,1472,4650,5026,5884
787: 6156,3364,6924,2330,5881,4668,1104,7573,7033
788: 4024,6664,1296,1953,2135,3359,4320,4697,6925,6166,6208,7673,3280,7417,6181,2455
789: 5798,743,7484,250,4731,1582
790: 1666,5950,7023,4272,6147,4835,5111,5801,6073,3536,2242,7907,771,4653,3098
791: 3924,1068,3140,5498,4614,4897,1389,2678,7418,613,7331,5942,4176,2886
792: 4910,3293,189,7967,6669,1318,5463,7403,3869,6056,2681,3687,5004,6069
793: 1414,2710,4762,3816,6013,202,2848,3856,5032
794: 2593,2725,1491,2120,334,4100,7680,5045,1092,4733,3606,5335
795: 7815,496,5499,2868,5214,4154
796: 7297,7257,1127,5280,4365,5166,1575
797: 2020,3483,3554,5282,5603,5311,5870,8190,7436
798: 988,7437,3739,398,5290,5631
799: 8180,2810,5739,231,6188,2577,7072,6256,1627,2908,5976,5339
800: 3160,5579,5407,1161,6804,6274,5738,4798,3376,6993,3797,2386,6735
801: 3638,531,7304,3822,1613,5055,5551,3170,6547,6942,1256,2777,5693,6343,3333
802: 1217,5443,5089,7910,5505,3761,5074,1769,7502,8105,4809,5599,5786
803: 5532,5662,8121,1527,1173,2481,4529,4589,5225,3763,6067,2277
804: 3781,5686,1586,7066,1776,7612
805: 439,2513,6582,3339,2243,5715,4161,5786,6138,8105,1615,7712
806: 7280,164,1714,1112,6128,7196,4681,3813,6437,2008,2163,5773
807: 6316,2607,6720,7755,5775,4166,1037,6647,5586,3102,2978,3144
808: 6078,2966,1325,33,8088,6422,7341,2122,4467,2506,5099,5910,5579,3577,5738
809: 6663,7847,5952,5296,3156,4260,2080,2109,1275,6727,6177,3796
810: 675,2635,2171,7842,4885,5992,6436,6876,7096,421,1616,5841,3350,5299,7003
811: 6024,2076,379,3409,854,8132,2211,6244,4552,1897,4370,5199,6132,178
812: 4393,7272,1894,6704,6048,7745
813: 3634,1728,3217,4568,7040,7565,3027,7474,6054
814: 2411,3348,3687,1433,7433,4741,5399,6069,1285,3293,7384,6508
815: 7062,5092,480,4884,7460,7087,4247,2836,4567,1287,781,7881
816: 7587,2054,1652,7263,4232,1365,4512,1237,8065
817: 2463,4797,6014,2588,2016,1524,6267,488,5340,4619,6960,7254,695,4862
818: 1892,4261,7732,2425,5421,4955,2908,4991,1220,1054,6487,3080
819: 5355,2449,2117,3312,4966,4371,4526,5107,2919,937,1745,5159
820: 6828,5790,4969,2454,2176,1017
821: 4817,3875,5899,2205,4984,1209,2165,2341,1620,2515,4455,6480
822: 1860,5174,2562,2486,5380,4445,2009,3198
823: 1329,3466,6157,1130,5661,5444
824: 2605,5613,5481,6087,310
825: 5070,2222,5455,1349,5565,7655,623,2147,1606,4156,4828,2106
826: 3978,8044,2993,2734,4237,7851,4805,7633,5802,1447,1974,4916,636,5827
827: 6241,5819,3029,5230,3728,7440
828: 3325,4384,114,7007,6031,2821,4348,3435
829: 1536,6378,3772,3366,401,6279,1464,6835,3299,5106
830: 6790,6483,8101,1411,5811,5418
831: 1757,1604,6520,7552,2046,4714,7701,7912,1739
832: 4783,3492,6722,7094,5209,134
833: 6642,7340,2690,6450,1793,7013,3165,6238,777,2280,7314,232,5502,7931,3600
834: 7160,3677,4324,7780,1200,3240,4585,719,6176,3764,5178,1375
835: 1825,4469,7202,2357,307,5490,2712,7005
836: 3877,7661,4089,8173,3737,6090,847,109,6922,7212,7785,6786,6076,506
837: 3201,7943,6177,7108,7219,6584,1985,4903,3463,2238,7169,3796,7691,5539,305
838: 3546,7293,1058,695,6345,1153,2688,2519,4364,8100,7834,5361,5932,6267,488,3643
839: 3130,4785,3060,4720,4451,7273
840: 7339,3847,5845,4782,5508,4144,2047,3623
841: 5492,5446,7373,3866,5961,1128,6413
842: 41,4071,1728,4568,7992,2969,7320,1570,3902,7382,7116
843: 3777,7990,7439,4895,5762,6428,6573,7356,7586,2790,2071,5578,455,1584,2050,5800
844: 1907,5165,7388,7545,2086,2801,5411,313,5112,5187,2600,7515
845: 2138,1522,2124,1044,7569,3026
846: 4398,7635,2229,890,6127,1060
847: 7661,4089,8173,3737,6090,109,2219,6909,836,7212,1031,4657
848: 7194,7692,5456,1422,8020,4622,30
849: 4381,5255,5980,7788,7619,318
850: 24,3353,5982,7809,2316,2100,7069,4307,7938,6577,2684,4459,4342
851: 7480,6971,1693,6768,2343,7394,6056,4573,3869,2681,3930,7968,5004
852: 4477,5938,4612,1080,3205,2194,2930
853: 5208,5362,4479,7416,6275,34,8106,4485,6492,325,4012,1703
854: 6024,2076,379,811,2211,3438,6244,4742,5386,4370,5199,7837,5215,178,2530
855: 6108,5064,6628,2614,3813,8015,2942,7251,2099,6803,4681
856: 4813,6701,7813,6089,6700,5086
857: 4077,3743,7797,6152,7913,5743,1320,1154,2745,5154,7668,2310,5580
858: 2767,4734,5680,2221,2778,4902,6111,4779,2562
859: 3526,3209,5807,7298,7207,5191
860: 8172,603,1106,2857,3861,6539,2175,6833,5839,7704,7130,5834
861: 4824,2572,1970,5605,6004,6334
862: 5221,2706,5639,6389,6115,3891,6453,3100,2067,7448
863: 4609,7978,2568,3482,8188,2677,6435,6159,5645,93,7903,2430
864: 2920,1853,6220,6027,7599,6807
865: 6374,1978,4951,4401,3840,7057,6307,3018,5458,7853,1225,4686
866: 4900,1970,3061,4822,6334
867: 7017,3395,6668,2294,4329,7889,6168,4124,1222,3110,6347,21
868: 7806,495,6391,201,5245,2198
869: 3940,3570,1267,2790,2071,5578,6315,1157,1819,6409,4303,4582,4660,2876
870: 3911,694,8092,7970,6456,6441
871: 7364,7920,6490,2344,8093,5145,494,2811,7741,2266,1833,6309
872: 7113,4269,1195,3667,2731,6523,2841,2345,4137,7009,4500,4929,3109,2807,1063,5344,3632,4630
873: 5406,3671,5222,3246,2011,6555,1355,1747,682,7411,7810,2542
874: 7214,1424,5707,2265,8098,1153,2533,6581,4435,4912,7277,3116,2197,2068,7182
875: 6605,3548,3707,5284,3124,4605,5690,7431,4188,6964,6855,1658
876: 4802,464,6817,1456,6622,3749,6388,6405
877: 7841,6673,4821,7151,1670,3753
878: 1262,2973,6688,3232,4873,3223,235,6967,3848,7672,6692,3636
879: 7790,1877,6467,2349,4853,1563
880: 7869,7075,2358,1570,7083,5590,6731,4392,4986,753,2875
881: 2083,6762,1332,7728,2256,242,3714
882: 5192,1610,5914,6764,1931,5400,1687,2085,7401
883: 6784,4181,243,4449,6586,5133,1712,2332,268,598,3090
884: 5115,6650,4459,1314,7866,1300,2547,6632,6818,2100,2417,534
885: 6597,1177,5615,6834,5638,4116
886: 6419,2806,2361,6898,5366,2570,1175,5376,2322,6844
887: 2575,6913,4616,5637,6746,4017
888: 1998,4420,244,2659,4288,6915,306,1852,348
889: 2844,4346,4839,2724,297,5005,4612,1080,7657
890: 5060,7852,3028,2229,4398,846
891: 4321,3644,6252,2782,4806,6958
892: 4230,726,4170,4025
893: 2853,4436,2862,2040,6945,5436,6516,5602
894: 1895,1744,2089,3817,546,5062,3327,5726,2661,5373,1589,6362
895: 4189,4008,6752,3651,2227,5993,1041,2938,224,535,1249,7892,5728,4435
896: 2209,2156,1388,536,5377,4748,6683,5813,8127,2281,1833,1322
897: 5846,5668,6601,2088,5313,2126
898: 6184,2139,5797,3176,2136,5584,2708,1354,6771,1891,5114,718
899: 6306,3517,3412,1203,2446,6105,577,7042,2185,6556,3011,6559
900: 1926,4623,7360,2482,4784,2206,1005,4382,5902
901: 7371,2190,3576,5845,3884,1091,5265
902: 1876,3425,5297,905,7390,7532,3276,5792,701
903: 2484,4245,7494,6881,7035,537,2065,1884,7959,3465
904: 3186,6678,5414,7528,2315,3490,1420,2237,7195,7149,2348
905: 902,5297,282,4057,3496,7532,6093,8036,7438,7386
906: 6285,3614,4657,7785,7534,1726,7868,1098,6964,3387,2660,6090
907: 2314,7537,3242
908: 6354,356,7513,3630,6611,5898,1829,5156,4209,3834,5882,2161,6341
909: 7871,7585,6896,6135,4006
910: 2557,4694,4791,7867,7606,6143,3871
911: 2654,8012,6857,7724,3041,3883
912: 7131,7531,6478,3446,6308,2856,3212,7730,6498,1142,7944,3173
913: 7401,1842,3772,401,8191,5877,1610,5681,7800,1491,2903
914: 5815,4665,3836,7805,3379,4870,3787,5569,5176,5974,2834,2062
915: 4786,7028,8089,3519,7830,6387,4766,2081,3238
916: 4651,6000,7103,1619,7243,1574,4097,7847,2129,4142,5296,3665
917: 6554,3699,7291,5887,2123,8176,1188,4053,5269,7526,1920,7886
918: 5720,7054,7888,4803,2213,5936,6940,1273,3401,1397
919: 1317,4076,7310,5056,7939,1147,1549,3704,5721,7553,2536,773,740,8001,6148
920: 7008,2113,3093,8079,7591,3362,1279,2635,2170,4345,4514,6318,102,7942,2235,591
921: 5873,1556,5398,7977,5989,4404,1866,3386,7051,1299
922: 6457,4569,5090,22,8003,2491,2309,3953,7891,5542
923: 1870,8010,4850,3266,2270,2912
924: 1929,1756,3683,370,2585,4719,4881,8013,4174,120,6580,6979
925: 3954,8021,6742,6637,3213,6652
926: 4106,3253,2576,5404,4999,5572,1084
927: 4117,8129,1967,3498,1450
928: 1051,4506,2610,5742,5301,1475,2301,4973,5957,2957,4229,6715
929: 4292,5494,7725,3316,3655,2728,5921,3158
930: 7564,1288,1526,4923,2781,3550,724,4323,7518,2563,3408,2048,4804
931: 1630,1223,4149,2821,4348,7295,6140,1499,4384
932: 4413,7349,3239,2847,1578,5905,4252
933: 4440,3939,6209,2393,6961,1971,104,5464,1140,2711,7816,3335
934: 2515,2312,2752,4455,5671,6480,625,2341,1620,1004,6026,7682
935: 5991,7470,1511,2673,2762,7861
936: 1888,5849,4147,2622,2152,4474
937: 3958,4371,4526,2919,7108,2238,229,5159,1442,5352,2449,3312,819
938: 4575,2346,715,486,4101,2988
939: 3249,5257,4599,7982
940: 5353,4609,7978,3429,6753,6414,2568,8188,4677,2596,93,3311
941: 1594,1786,5365,4677,4641,7335,3073,2842,2893,1968,3429
942: 5067,5550,4645,7308,259,3736,4052
943: 676,3506,4195,4670,5825,2478,4080,7121,1735,3056,8184,6883,362,7451
944: 4690,6339,3514,6469,6536,6099,1255,119,3573,343,43,6396
945: 581,3530,4695,4275,5897,7690,4480,7429,1035,7922,5486,6484
946: 8011,4743,96,2184,7923
947: 4366,1120,2697,3752,3040,6803,4202,3541,6711,4775
948: 1156,1746,4412,6558,459,4781,4461,8133,2581,703,1517,3420
949: 3871,3510,6812,3552,8159,6084,4791
950: 2887,5237,5463,7720,6662,3565,4905,5231,7343,5943,7967,1144
951: 2096,4766,4911,2559,6155,6012
952: 4796,4957,961,7251,2099,1691,3460,6021,2125,5144,59
953: 2405,7161,6151,6800,4106,4999
954: 3837,1372,5015,2204,5882,2428,510,5589,2161,6636,7543,8038,6341,356
955: 5052,5023,1311,5978,5718,3261,1868,1086,7311,3365
956: 2644,5113,2338,4867,1538,440,7683,3172,1650,7181,2889
957: 3676,204,5177,2267,6109,6526
958: 5196,3561,1543,6732,5785,2419
959: 2078,6850,5150,5204,635,3778,7355,5713,2545,4557,2236,6770
960: 277,986,7321,4953,6459,5234
961: 4796,1952,4957,5252,2590,7251,952,1691,6021
962: 5337,6868,386,3311,5298,5302,6545,5353,5287,7144,7984,2566
963: 7714,2789,6426,3680,4129,1821
964: 1886,6338,2843,7450,4233,2867,8170,8110,4698
965: 2223,246,2887,7781,6885,175,7720,1352,4540,7403,1882,5108
966: 4825,2476,1079,2891,7521,4457
967: 2451,5431,5814,9,1753,4854,4224,7393,1542,2923,5657,4352
968: 457,4962,2,2119,6970,2936,4418,4715,7771
969: 2063,4207,2712,3505,7005,5697,6956,5091,307,6937,2680
970: 5058,4537,6681,5146,2512,6034,4352,2072,3235,4212,1330,4120
971: 2027,2352,3738,4901,6259,2620,1211,4167,4919,556,2177,4159,5229,2073,7795,6402
972: 2140,5267,3771,6774,7465,5459,3647,7042,7835,497,364,2299
973: 2520,243,5959,3792,4422,3549,94,5824,7158,1746,8133
974: 1822,7848,4887,4431,5437,3966,7658,2665,5489,5124,7400,2013
975: 1308,2670,7756,2832,3139,4809,5109,3756,355,7519,5598,1933,5888,2095
976: 6299,3045,192,7535,2694,2970,5610
977: 50,6204,1472,7671,5525,5710,3043,7935
978: 1262,569,2973,6946,3378,3232,235,7672,1871,5740,8097,1585
979: 426,7345,3424,5803,2035,5238,4613,5768,7059,6609,6802,2555,261,5466,3558,4228
980: 5929,357,5794,2820,7298,1089
981: 6144,5810,6142,1699,7883,6519
982: 7945,5859,4223,8004,3448,2167
983: 3711,5903,6879,2234,3673,6454
984: 5423,7803,6476,3715,6996,5851,4388,5388,443,990,3323,1425,1436,7469,5949
985: 6546,5664,3725,6066,6123,1345
986: 5497,960,7321,6080,6459,4724
987: 3436,6025,6587,6210,4834,1241,346,1625,2554,6196,4189,3604,1041,224,4531
988: 6214,7097,2108,7437,798,398
989: 1016,6068,3210,6472,2353,6431,2292,4950,2121,4243,4050,6268
990: 6976,2132,4388,1847,6322,1131,5388,443,3323,7803,3715,984,5851,1436
991: 6384,6900
992: 6527,4817,7735,3977,8030,5899,2205,1209,2515,4751,5451,86
993: 416,4699,2034,1374,3144,1483,6538,1037,7572,8189,2472,2251
994: 451,8160,4954,6604,5522,6832,7652,1160,2282
995: 6644,5872,4581,1485,2510,5274
996: 2111,3172,4251,2046,6675,6202,5405,5527,7181,1757,4744
997: 6696,6128,6711,2496,8029,3104,3270,4202,5035,3136,5828
998: 2823,554,5471,4498,2444,7378,1751,6740
999: 2372,6776,2726,6229,4727,7069,2684,1935,4459,4342,2547,7709,1185
1000: 6376,6509,6054,4187,673,4425,3634,6626,3027,1197,1504
1001: 1360,6957,7458,4361,6792,3062,4842,2629,5523,3468,2318
1002: 4338,1356,2840,7997,7886,2896,4471,2721,7526,5501,2110,5679
1003: 4059,4930,2735,4994,3580,4588,5461,3815,1158,4608,7505,5832,7647
1004: 1940,1620,1961,5098,1469,5051,4700,6026,7682,4515,2312,2752,934,4455
1005: 1704,5478,900,7360,4559,2482,4784,2206,5902
1006: 4838,4789,75,1562,4918,7128,4989,2336,5770,3882,4078
1007: 418,3346,6656,4815,2769,2525,7366,5347,5247,6164,2893
1008: 5776,8070,139,4090,222,2018,5812,5592,1515,1934,7146
1009: 6348,5321,5419,1064,2326,6916
1010: 766,5999,7041,6404,5504,2989
1011: 292,6204,7579,3581,7671,3043,5937,4354,1496,7427,5836,339
1012: 3083,2431,3191,6272,5016,2297,645,3052,2553,2597,7640
1013: 3167,6288,3015,5655
1014: 288,6804,2987,6274,1125,7317,7050,3797,6735,6567,6342
1015: 6388,2926,6405,6485,3726,1939,464
1016: 1284,989,6068,3210,6472,6431,7156,4473,6861,2121,4243,6251
1017: 240,2176,7322,6493,820,2454
1018: 2764,340,2634,225,6072,6715,2905,4191,6713,6517,2114,3370
1019: 4452,5771,4688,3610,7623,6718,4255,2757,7802,4115,6532,2307
1020: 6591,85,7275,8192,1458,7784,4378,3484,446,2182,7580,2337,4132
1021: 6598,195,2624,7081,3385,4210
1022: 6645,8045,3101,2436,3399,4248,7844,7430,2186,3404,1192,8084
1023: 1653,6707,2451,2051,5431,6657,2461,4595,1639,1753,6941,2224,7980
1024: 7873,500,6254,6243,6665,6988,418,2525,7485,1663
1025: 2363,7729,7324,1137,3384,6741,639,5973,769,6078,4687,5730,2966,1465
1026: 7975,1233,2440,4617,1856,6787
1027: 2445,6825,2848,1281,7203,5032,4621,6013,7025,2885
1028: 5989,4578,2290,2539,6889,2477,4041,7503
1029: 5213,1083,6899,3179,5630,6064,2391,3473,2859,3716,8085
1030: 6902,5948,3464,3587,7793,6321
1031: 2660,6090,847,2219,6909,7868,4657,4060,3387,6360,474,6510
1032: 4034,4164,6397,6912,2628,754
1033: 7046,6262,6919,1716,3980,8052,361,4675,373,539,2777,3582,2736
1034: 2756,7777,6926,4213,7407,4448,2578,7947,6753,5784,1880,183
1035: 2884,1268,6504,7922,6929,7713,6293,5486,5897,945,7690
1036: 6944,1916,5576,7365,476,5252,2590,2131,5349
1037: 6316,2607,5713,1483,6538,7755,5775,4166,807,993,4699,3144
1038: 3240,4184,1638,4585,5379,7045,6862,3105,369,8071,3274,7684
1039: 4235,2951,3138,4590
1040: 6663,7333,4044,3156,4260,3119,3201,436,4903,7691,1637,5262,7597,1796
1041: 6289,4008,895,6752,3604,5993,224,5426,5728,4531,2075,4349,1678,987,6210
1042: 5439,6242,724,4055,6227,231,6188,767,1627,5734,4460,3283,4250
1043: 1515,2342,5018,2608,4541,5829,7146,4533,6874,7479,3831,7063
1044: 2138,4544,7457,845,627,7569
1045: 6176,561,8138,7477,2549,4790,4600,774,7570,5178,2719,4745
1046: 4644,6901,2640,3006,4704,1202
1047: 3183,6394,2765,1168,665,4723,566,5698,2434,2696
1048: 3226,7399,2717,4749,612,82
1049: 2807,7200,4353,5673,2716,1553,4928,3629,3983,3667,2841,4137,4141,4500
1050: 6931,4956,4634,1306,7095,3826
1051: 928,4506,5301,2301,5975,4973,5957,4229,6880,468,6962,2634,6715
1052: 14,6416,6407,7759,1688,5725,5029,3345,2928,1710,4979,6401
1053: 3071,2212,4983,5408,8114,7236
1054: 1220,6487,3295,7958,200,818,6698,7732,2908,7359,3550,5339
1055: 2615,6207,505,3423,5053,776
1056: 2044,5120,6773,3084,159,5433,4606,3528,1159,7179,7581,7943,6584,7169
1057: 6125,2262,5140,7692,4283,5456,2059
1058: 281,2678,3546,3799,7418,7254,7293,405,838,6345,6646,5942,3718,8100
1059: 688,3267,5200,8177,8080,513,4819
1060: 1579,5207,6130,6127,7635,846
1061: 543,2272,7697,4652,2804,4876,2556,379,7177,5386,6695,5215,2523,1286
1062: 7300,7436,5220,6613,2286,4339,4747,2934,3776
1063: 3109,1403,273,7200,5068,6092,5344,3667,872,2345,7009,2148,2564,1626,3632
1064: 5321,5419,7387,1009,477,4194
1065: 5450,1312,4536,2637,5644,3652,6036
1066: 17,1175,6844,4764,342,5452,1835,5621,6240,7823
1067: 4296,5043,2823,5471,7423,2444,5151,1818
1068: 3924,5498,791,4614,4897,1389,2483,5496,5453,613,7331,4176,6611,2886
1069: 2895,2554,7424,3722,5570,5996,3697,4189,5993,224,535,1249,6655,4531,8153
1070: 5588,5270,1896,236,3952,7954,2940,3094,4492,6778,7753,3478
1071: 3218,1718,4360,6506,3664,6690,1475,5607,2957,8161,71,746
1072: 2982,4350,5643,333,7790,4853
1073: 7144,6583,1114,7664,328,1466,5181,7037,368,7636,5397,5647
1074: 5941,4001,5704,1917,3037,567,7029,3833,5717,5046,7665,4125
1075: 5912,7453,4199,3304,1686,3608
1076: 4318,4115,3233,208,6588,8161,3862,8128,3914,4217,1574,7243
1077: 4399,1959,6218,7644,7125,4321
1078: 4720,507,4451,2256,6762,4441
1079: 451,7155,5522,2891,4457,4299,2282,966
1080: 297,5938,5005,4612,852,889,2844,4839
1081: 4549,2866,6029,5868,710,6777,4647,3477,5241,2511,2981,7260
1082: 7054,7888,4803,2213,3401,6875,3950,396,2962,1865,3458,7175
1083: 2518,1029,5630,6064,2391,4878,4656,5769,2552,2263
1084: 4960,4285,2144,926,4106,5572
1085: 3334,102,8130,7486,6333,206,5030,7323,458,1212,3362,1279,2170,4998,7248
1086: 4663,1868,7860,4948,3261,5052,5023,6007,955
1087: 7703,3960,5871,3626,56,5168
1088: 3686,3051,58,3467,6927,8033,7571,2050,5170,7966,3777,4895,8040,5800
1089: 7298,7241,2210,5191,980,5794
1090: 8168,7613,3553,4175,5716,6814,6830,5223
1091: 5265,5689,3967,4271,3576,901
1092: 4733,5614,3503,6449,3318,3606,5335,794,3599,4759,5931,2794
1093: 319,7808,5370,7161,7301,6370
1094: 2442,5670,4075,1744,4281,5477,5726,3681,209,3977,7647,7839,6599,1178
1095: 7462,8178,6441,3911,2247,4264,5543
1096: 7514,2024,2811,7741,2266,6300,2432,3123,601,4648,7685,6194,5575,7862,5659
1097: 5581,2188,5211,5218,2565,6191,1694
1098: 1726,5640,5295,5690,6964,658,6285,6796,6974,270,7534,906
1099: 2354,5654,6158,2298,7746,1962
1100: 4982,2800,666,7229,5683,2580,6659,228,7105,5809,5677,4922
1101: 4452,781,5771,4688,4058,3163,1742,7398,3975,4255,5975,7802
1102: 2879,5830,5351,5277,5179,1980
1103: 3154,1376,359,4603,1740,5857
1104: 4668,5863,2749,3151,7879,2330,6596,787
1105: 4157,2802,2583,544,5163,2172,7110,4347,1148,5919,5972,3203,7758
1106: 7496,3531,8172,603,1664,7969,6569,860,5263,7704,6008,5834
1107: 7546,7898,2558,6077,7378,3535,7624,6239
1108: 4332,2943,6840,2831,187,3291,6522,4244,7754
1109: 6114,6246,7610,6967,4487,7672,308,1871,4987,6016,7167,3516,2029
1110: 7422,6171,5685,7068,3076,6399
1111: 4118,2295,1386,4921,8022,4385
1112: 7280,1714,6711,806,4681,5064,2614,3813,4517,6437,8015,2163
1113: 2322,6844,4764,5621,5268,2057,2466
1114: 7144,2239,6583,4143,328,1073,2566,2981,368,7636,7736,5397
1115: 317,4889,2850,3407,5843,6044
1116: 7015,569,6183,4534,6946,4949,8144,2232,2094,3929,3,6682
1117: 4196,2540,7779,6981,2384,3520,7751,6336,7020,678,3174,5737
1118: 6474,7693,7925,3391,5601,5180,1174
1119: 5880,7806,3306,6614,3717,3050
1120: 6986,4366,947,6660,2697,5772,3040,312,1629,7127,1462,3742
1121: 2767,2507,6726,4502,4855,3991,5669,1474,5908,6540,404
1122: 6200,6755,2328,6920,6370,319
1123: 5099,288,5910,7370,1246,7634,1994,3849,2122,6786,6076,6190
1124: 6811,6839,4109,1654,8041,6304,3879
1125: 3030,7317,7050,3887,3797,2386,652,6735,1014,6804,6274,6567,4053
1126: 3912,5303,7289,6125,4283,2059,2166,0
1127: 3918,7297,4702,4365,5166,796,4814
1128: 4113,7435,3790,5961,5492,841
1129: 3744,6602,556,1315,6571,2177,4160,149,5118,7176,3132,7857,3153,3334,7486,206,5030
1130: 3466,823,7522,2592,5083,5444
1131: 1831,6976,2132,4388,6355,2984,1847,7548,6322,722,4879,7290,990,5796,72
1132: 2248,2157,5729,7426,90,7507,7562
1133: 2902,2216,7628,1936,7698,7593
1134: 3201,436,7108,7219,229,7691,7597,6624,5034,1796,2490,5352,7032
1135: 3139,5354,7519,7712,5715,2220,251,5358,3296,2638,5751,5000
1136: 6643,484,3962,5460,7836,2356
1137: 1025,7729,3301,639,4687,1465,4808,6878,7999,2656,1151,5364,7840
1138: 7340,3170,2690,7845,6450,6192,7013,6942,232,2961,4904,431,3822,1528
1139: 7253,2464,7728,4179,7850
1140: 3939,7911,1794,1971,933,104,2711,5761,6809,690,3497,623
1141: 574,7303,2922,2244,5391,7924
1142: 7215,5731,7109,7944,1799,3173,7131,7531,2856,3212,912
1143: 1648,7479,3831,3005,6593,7965,6670,2360,3211,599,210,207
1144: 3624,1406,5943,4910,7967,2887,5237,950,5463,6662,7403,7343
1145: 7986,8168,3077,3553,6381,5716,2503
1146: 7383,3121,7995,4192,5880,3717
1147: 6495,5056,7939,919,3704,4545,2732,2218,5329,4707,3129,7717,8001,7157,6148
1148: 4157,1105,3825,2583,544,5163,7110,5919,7071,3203,3141,6255,1430,7395,5695
1149: 1407,4165,2321,393,6806,3534,7588
1150: 3432,6525,5447,7210,4193,5173,153,1800,2324,6918,1493,6706
1151: 7999,3627,4308,2656,5839,5364,7840,2364,5510,6878,3301,1137,639
1152: 2335,2827,1626,7742,4317,5194,6221,6865,1837,1403,7646,7500,221,3487,2647,5027
1153: 7214,190,1424,2688,2519,2533,3718,874,4364,7277,8100,838,1449,7834,6079
1154: 4372,2745,7264,5154,3192,7668,608,309,5503,4659,6417,3065,857,2310
1155: 7094,2890,5209,4409,2127,6524,4739
1156: 4412,5769,6558,948,2263,4781,4461,3039,7237,2992,4294,5963
1157: 6315,3729,8040,6283,2285,3023,2968,1819,2456,6409,4303,4582,5935,869,58
1158: 171,3815,6418,4608,4011,6667,7505,5832,1003,4930,4994,3580
1159: 4713,1298,6050,4606,3528,5198,4309,649,7179,7581,159,3685,1056
1160: 4794,2282,994,8160,5522,6832,4658,172,7652
1161: 800,5579,5407,3577,6274,5738,7324,4687,4798,2966,7894,3376,6735
1162: 6354,5624,1437,3731,3383,4820,7513,7631,1164,2368,8018,4862,1399,4827
1163: 3388,4826,4703,6325,1717
1164: 3395,2294,8018,1399,4827,6168,7620,1437,7513,1162,2204,7769,252,2674
1165: 4836,3314,7256,765,4206,1519,3544,2773,8068,3413,2107,5432
1166: 2409,4444,3882,7216,4801,2803,422,4927,4465,3415,4990,2066
1167: 4386,2601,5049,2783,2340,5139,4832,5189,3812,1336,4513
1168: 5853,1047,2065,3183,7235,5093,4723,7175,6124,566
1169: 5130,286,4746,7567,2139,4094,6240,6222,6992,3515
1170: 6264,4046,3053,5186,5135,2212
1171: 7253,2233,5278
1172: 8058,192,5904,1843,5048,7186,2240,2111,735,5405
1173: 3279,5532,5865,2481,660,6043,3751,803,5225,3868,5554,597,2277
1174: 5601,5526,353,3709,3391,1118,7925
1175: 5376,1066,6844,4764,342,5452,1835,5621,4417,886
1176: 5789,3257,5548,3706,5040,5636,661
1177: 3149,2963,6597,885,2423,5638
1178: 1984,7839,2442,4458,3681,1094,6317,7849,5675,5451,1778,6481
1179: 6849,2460,1790,5687,7568,6286,2621,2400,5799,4130,7550,4265,435,706,3889
1180: 2494,6618,1642,6733,11,5688
1181: 3353,5940,4307,4150,2508,6783,2792,547,5706,1416,3150,448
1182: 4062,5724,475,5694,275,1395,4437,2359,2544,542,7174,6368
1183: 2595,3864,1453,3646,4730,4443,5153
1184: 4381,5169,2633,5255,2278,5862
1185: 6650,4459,4342,7866,1903,1300,2547,7709,7069,2684,6229,999,4727
1186: 4571,375,6980,2693
1187: 5363,4705,2485,5102,3494,485
1188: 6554,917,3578,2721,5269,7526,4270,6648,2061,5501,7886,5679
1189: 550,3108,3878,2509,7368,5306
1190: 502,2941,6798,6943,3452,3231,3072,7884,4249,4963,5307,1523,3042,5953,5323,2367
1191: 3992,3275,4542,5691
1192: 7430,5108,1591,7107,3404,2351,5746,8019,8084,1022,3399,7781
1193: 5304,7733,3459,7010,2653,6068,2292,4950,2121,6268,2399,7699
1194: 7286,6887,728,6360,4482,6510,6001,6950,5116,6114,1545,3456
1195: 5122,7113,4269,3667,2731,6523,872,2345,4137,7009,8147,4929,5344,316,3632,4630,6507
1196: 6676,1937,1291,7656,6430,6639
1197: 1587,3324,1504,2618,6966,3538,3633,578,4425,6189,4187,1000
1198: 81,7818,4483,3386,7051,3716,5873,3179,6064,3473
1199: 4853,7088,5643
1200: 7160,834,4324,7104,3240,4184,4585,719,3764,774,5178,4937,512
1201: 5209,2127,481,134,2169,8002,7183
1202: 2846,7192,365,6901,1046,4704
1203: 4891,3517,3412,7227,899,2446,8144,4208,2185,3011,6841,6559
1204: 7916,5152,3363,7936,7309,6356
1205: 3622,575,7364,7920,6490,2344,4253,494,4416,3237,1724,4200
1206: 4717,5412,7488,5044,2501,2376,2348,572,7211
1207: 180,6340,7498,6471,3026,2395,7569
1208: 1636,7669,8185,5833,2852,2203,7726,5175,7989,1932,5449,2420,4932,6350,707
1209: 6527,7735,821,5899,2205,992,2515,2433,4493,4751,6480,86,7799
1210: 7085,7746,3650,4276,2628,6912
1211: 971,6751,3738,1460,6259,3159,2620,4919,2487,3978,7795,2179,6402,7244,6197
1212: 458,3445,1279,4043,2635,2171,7842,2170,4998,5992,6876,7248,3132,758,6104,1085,206
1213: 2708,7865,3180,5809,1354,3710,6771,5987,4922,528,3176,5584
1214: 7871,7585,5655
1215: 3818,4933,2787,4639,5314,7895
1216: 4763,1577,7908,2486,2863,4292,278,3316
1217: 2274,5443,5089,4460,7910,6535,802,5505,3761,1769,8105,5599,1933
1218: 3965,3586,7933,6219,162,3020
1219: 7946,4620,7106,6427,3941,1798
1220: 4991,1054,5773,6487,394,3080,5667,7958,7080,200,1567,818
1221: 4380,3701,2255,7721,1966,6785,7962
1222: 4124,8082,5956,2674,1893,5524,6635,4344,3110,6347,2294,867
1223: 4391,1630,4149,931,4348,2392,7295,6140,2956,1499,2768,6413
1224: 3454,195,2624,5549,4162,4368,482
1225: 6978,4216,5458,4241,1912,7853,2626,7217,2947,865,249,3840,6307
1226: 3547,7122,263,2774,1408,4263,8120,8090,2657,5782,5470,6217,199
1227: 6065,2958,6390,4284,6476,6996,568,2090,203,20,3936,4892,5201,5923,2771
1228: 3197,1859,4427,87,5733,2986,4692,4330,1675,2653,664
1229: 5779,6223,2304,3113,7087,3390,4406,2593,4423,7918,8000,6638
1230: 7170,3393,4021,5078,6838,143,7949,6464,521,4546,4528,8087
1231: 4547,3631,3411,8141,4264,5543,6198
1232: 7707,3453,3229,6892,3841,7963,4586,4909,5126,5582,1946,4362,7152,130
1233: 3466,7975,1026,4617,656,7522
1234: 2356,3360,6174,4629,484,4845
1235: 1451,5585,4662,4683,5101,1612,3508,3596
1236: 3584,4738,3585,5810,5094,6352
1237: 4838,3641,4789,4512,75,1562,8065,3691,4989,816
1238: 4813,6973,8086,6700,1902,4672
1239: 1564,5831,3857,7093,5315,2453,7091,1897,4370,5199,2076,2695,2468,7837,178,4868
1240: 2049,3410,8136,618,5173,153,4810,6872,5331,5445,6260
1241: 4834,8075,3001,2199,7504,346,1625,6565,5338,3264,3436,987,1789,6193,6196
1242: 7376,614,384,523,5389,2257
1243: 5497,7321,3357,6526,6160,1427
1244: 2473,4788,5530,163,1879,3730,5547,8110,65,6338,4233
1245: 5542,6406,2311,2671,6387,8003,2491,5480,4306
1246: 5099,1123,288,3160,5910,5579,5407,7370,3577,6274,7634,5738,2122
1247: 4982,5826,2259,2427,666,2417,5909,534,5518,1314,6632,6818
1248: 2737,1906,7396,2468,4868,5756,3475,8126,7093,2453,5962,5424,4256,3521
1249: 895,6752,2227,5993,2938,535,6655,5728,1069,2265,4435,4912,5916,3116
1250: 7744,2538,1252,5319,6045,8042
1251: 3925,5528,6120,2819,4387,1274
1252: 7744,1250,2864,6045,6745,6163
1253: 4993,2489,3801,2641,7608,756,4996,6257,3850,4357,3135,1482,1964
1254: 2359,7819,6320,1321,5600,2686,2544,6705,5100,5823,5468,88
1255: 6339,6721,119,3573,944,2679,6772,2740,4548,5348,6640,3481
1256: 1537,539,2777,5693,2914,4597,6343,3241,3333,5553,6547,7304,1613,801
1257: 2662,6380,2325,7764,1657,3244,4708,516,8117,7341,3613,5010,111,5833,4811
1258: 1518,3014,7132,5755,4098,7281,2416,6714,4976,6442,6047,2995,1323
1259: 3433,2450,771,4177,4756,4952,7206,5428,6528,1293,1601,7679,3934,625
1260: 6582,4758,3783,4161,7649,6065,2958,3507,1317,5285,6917,8028,55
1261: 4802,1671,6622,3749,3626,7948,4974,5871,3948
1262: 2052,878,978,2973,6946,6688,3232,4873,4949,3223,235,4673,3636
1263: 5148,3740,5369,230,2535,5595
1264: 5492,6468,4754,4287,1729,5446
1265: 1913,1548,6082,5563,5571,2250,6680,7474,39,3893,7674
1266: 2714,1969,4780,2026,5927,4792,8016,509,3164,3922,3262,5567
1267: 2751,3940,3570,869,644,5747,2001,4561,5578,5010,7669,5449,2876
1268: 3684,2884,1035,6504,4019,6795,7922,4695,5897,7690
1269: 3988,6017,4680,3996,6337,6562
1270: 6851,5324,4886,4151,1889,6398,3782,3991,6,2710,1474
1271: 6691,7737,5635,6424,7529,1737,6225
1272: 8060,4397,115,4039,1755,6836
1273: 5720,918,4042,7888,4803,6940,84,1397,752,3193
1274: 4387,7443,6977,7189,3925,1251
1275: 2373,5539,3995,4701,305,3859,2080,7016,2109,809,6727,6177
1276: 5618,6382,4970,1408,6578,3145,6162,3358,7172,7064,668,2105
1277: 4899,51,1554,7187,6958,5345
1278: 18,4095,7045,6435,7213,512,6295,3450,2137,369,6159,6877
1279: 1212,3362,2635,7842,2170,4345,4998,7248,920,3334,3074,1085,6318,102,8130,6333,7323
1280: 3924,92,7885,1502,6206,4614,4944,5894,4523,7292,7511,2483,1736
1281: 7311,7174,1027,6825,3365,2241,7203,6368,5032,296,2201,7829
1282: 777,2280,7314,6853,4454,5502,6410,6789,7347,6238,4007,462,279,8145,3600,3165
1283: 2350,7563,533,7361
1284: 6775,2472,1016,7363,6068,3210,2353,6431,7156,6328,2034,5318
1285: 3348,814,7433,4741,6069,2268,7384,3047,1940,5382,7590,6508
1286: 4083,389,2523,7018,5312,5386,1061,2804,4876,6695,7159,5917,5215,4322
1287: 4567,781,1452,4688,3610,7421,7062,2529,815,4247,1559,7899
1288: 1526,4923,2781,3550,5886,930,7518,3689,3295,8143,5440,2048
1289: 5608,6384,6211,3064,7617
1290: 6335,4091,5271,7625,5641,6546
1291: 1937,1196,7656,2704,4110,6270
1292: 324,1954,7663,3906,2095,2763,2883,6226,7870,5529,8056,2832
1293: 2339,491,1601,4490,7677,1961,2650,5098,7682,7679,2752,625,1259,4756,4952
1294: 333,6702,7695,6248,2722,1531,7600
1295: 1439,4574,6268,6566,7566,7699,5318,783,2353
1296: 6664,788,1953,2135,4320,6925,6166,6208,7417,3518,729,6181,624,2455,7678,6346
1297: 5101,5258,5983,3642,3508,4356,6314,4535
1298: 5198,4309,3343,1159,649,3390,5127,4423,3282,5820,3177,3685
1299: 4426,7818,2271,1866,7410,3386,4404,4859,5469,921
1300: 6650,4459,4342,1314,7866,2547,6154,7709,884,1185,6818,7809
1301: 3745,7932,5485,3351,2816,4468,4565,5744
1302: 6563,1701,3983,8111,6782,6269,1602,2716,7358,2470,335,6523,2841,4137,4141,4500
1303: 2909,2744,2733,2000,7208,4198,4523,2228,4103,7292,4944,7511,6903,1736
1304: 3955,4550,4985,5206,6261,7941,1512,2990
1305: 7345,5238,4613,3562,4846,261,6224,1409,3035,6040,4079,5758,4583
1306: 4634,7900,3038,1050,5038,3826
1307: 1490,3543,2180,3099,7700,5925,7261,6955,3518,1790,4777,6053,6346
1308: 2670,7756,3139,1615,5354,4809,5599,975,3756,1933,5888,6138
1309: 2273,5805,4346,4839,5966,5087
1310: 173,2727,7654,4637,5329,560,4490,7662,8103,4707,3129,2732,3330,7165
1311: 5052,5023,6007,5427,955,711,4768,2882,4621,4948,2445
1312: 5609,271,5450,1065,4536,6265
1313: 7821,6331,2623,3656,7233,5009,6327,7687,2467,4613,7059,6560,460,6040,2159
1314: 5115,7866,1300,3055,6154,6632,4174,884,6818,1247,2259,2417
1315: 3904,3744,6602,556,1477,5799,6571,2177,1129,4159,4160,149,5118,7176,7486
1316: 6118,2569,5819,5230,4476,4562
1317: 4076,5285,7310,5056,2504,1549,919,5721,6917,8028,3783,1260,55,6071
1318: 246,5237,5463,7403,3869,6971,6056,792,4910,6669,5004
1319: 3083,2297,645,6703,3788,5484,4414,5041,7896,6911,2597
1320: 3743,7797,7913,857,2745,5154,3192,6355,7307,2310,698,5580,6541
1321: 6320,1254,7123,5600,2686,6705,5823,4390,88,5263,3972,7820
1322: 5856,144,1659,101,5808,1833,896,6683,5813,8127,8093,2949
1323: 4553,6553,6893,5900,2796,3814,588,1518,7132,1258,7281,4976
1324: 4445,160,6041,3198,6111,2885,1414,6570,2479
1325: 2363,6741,5973,6078,2966,808,33,1657,8088,7341,5910,3577,5738
1326: 2357,5040,563,6103,5636,4466,4706,2627,4218,5490
1327: 6239,511,6153,7278,3303,2617
1328: 7584,8107,6155,2636,692,64
1329: 3466,6157,7975,823,4405,5155
1330: 1434,7232,2334,6228,2154,2475,4120,5058,970,5146,7454
1331: 122,6245,7778,6949,5860,2631,4987,2795,3516,2532,1783,6246,3456,308
1332: 2083,7346,881,5790,3714,6247
1333: 4204,4118,141,2910
1334: 2894,7594,8032,4282,5168,7643
1335: 2767,4734,6734,6278,1533,3653,4779,7438
1336: 3372,4543,6661,1864,8158,4513,8005,1167,5139,4832,1981
1337: 4861,2054,1852,3216,5119,2971,2498,5531,7626
1338: 5188,7843,7273,4451,4441,6579
1339: 6202,5527,1650,3187,6894,6767,461,4867,4432,6530,5309
1340: 764,5660,4403,8014,6987,7274,575,341,372,4253,3062,5523
1341: 683,1637,1363,3472,7561,526,7102,5375,2412,8081,7058,1409,5333,2406,3035,4583
1342: 5218,5097,2276,4313,5842,7412
1343: 3525,3202,4530,2303,6897,7157,6475,2370,2727,415,5954,4707,4653,4272
1344: 698,5080,2646,3558,3323,1641,174,1930,5024,5580,6541,5388,2689
1345: 6546,985,3725,3615,4107,7625
1346: 6774,3009,5459,3647,7042,7835,6105,6556,3011,6326,2797,6559
1347: 7190,1888,7660,2178,5849,6652,4111
1348: 6042,770,7747,2214,8181,6829
1349: 7547,6864,2222,1467,5455,3497,825,623,7510,1956,7100,4828
1350: 2318,6936,3361,2437,6180,5003,385,6543,2181,6957,6792,8154
1351: 6186,579,6855,2323,1873,2478,4709,5240,4128,6055,6965,6500,3686,3398,1993
1352: 2887,6885,175,965,7720,4540,1882,2581,5108,7107,3420,5878
1353: 7128,1478,5770,4830,2664,487,7755,2978,6763,4376,4699,750
1354: 2708,7865,1213,6771,4259,5987,3176,7141,5584,6184,898,5114
1355: 4549,5597,710,4647,3477,8150,3671,2011,873,7260,6555,1747
1356: 1002,2817,3394,4338,5394,7997,7886,3699,7291,8176,7526,4770
1357: 7869,2969,3534,7588,7320,7075,2358,1570,5590,3902,41
1358: 3916,116,7392,8153,2197,345,2068,4402,4654,5017,6689,7182,3697,5707,6581
1359: 7397,3288,6407,5725,6451,3193,4795,7763,1939,84,752
1360: 518,1001,7458,4361,6792,3062,3402,8154,4337,2629,2355
1361: 2283,5838,3451,7312,7471,3597
1362: 31,7199,4007,462,8049,5695,3203,2952,5934,7541,1635,4907
1363: 4964,683,7338,3472,7561,1341,4593,5327,7824,2412,7449,8081,3679,2084,7826
1364: 7914,7575,3684,2884,6504,441,552,4019,7262,5143,3909
1365: 3641,8065,3691,7587,816,7817,4570,3188,2150,125
1366: 7153,28,7619,7142,2077,3278
1367: 7524,7701,3461,2142,7912,2889,3370,687,6610,440,6962,2634
1368: 7766,5787,6203,2687,2917,7973,2146,47,4718,2469,7705,7171
1369: 2747,7301,74,5370,5441,7718
1370: 1905,5018,5569,2608,207,7596,2062,5457,4102,5393,6574,490
1371: 3942,5798,4236,4028,4731,6446,7279,2655
1372: 3837,954,5015,2204,510,7769,8038,252,5956,2674,1893,3910,4277
1373: 2756,7777,6926,4213,4448,3984,7455,8146,7804,8039,1550,3690
1374: 4472,416,993,4699,2034,750,2865,3144,6316,6538,6775,2251
1375: 7487,2755,5332,4504,2733,3243,6176,2719,834,3677,7780,719
1376: 2874,3154,7084,4931,4603,1103
1377: 736,3118,3484,4618,2182,2017,4555,1948,3254,7425,5577,7228
1378: 3599,1471,5425,4631,3389,5931,3503,3318,755,5002
1379: 2758,3195,7832,408,2443,6059,2923,3582,4669,5039,6262,6919,7172
1380: 2373,4767,4740,5820,4203,7937,3177,4701,7062,6223,751,1559
1381: 6091,4599,4800,5994,7982,730
1382: 4127,5488,2390,4880,6046,3723,2319,6794
1383: 3930,6824,6051,7433,7968,5399,4564,466,1693,4573,3785,7557,4894
1384: 2156,1388,5160,5377,5813,8127,5360,3024,4958,2387,6217,3547
1385: 1464,4003,6022,7573,3299,4975,7404,2749
1386: 2295,5128,1111,2950,747,4921
1387: 4122,2911,5504,1413,5999,5300
1388: 2209,2156,5519,536,5374,1384,5160,896,5377,4748,5813,7758
1389: 3016,7511,2483,5496,2060,5453,3924,1068,5498,791,6206,4614,4944,7331,2886
1390: 3688,3045,5904,5465,7535,23,2014
1391: 5529,2313,1867,300,8125,5089,2932,6535,6496,5890,1583,3206,2763
1392: 609,6363,4300,213,5538
1393: 373,1537,539,6170,6488,6030,4597,5553,3279,2736,5865,5533,2481,1480
1394: 2738,3928,5436,5602,2327,6918,7630,4193,2862
1395: 2201,7284,5694,7810,275,2542,4437,1182,4062,7302,5724,7174
1396: 5588,4553,6553,6893,236,3952,7954,2796,2940,5714,3380,3971
1397: 5720,918,7888,1273,84,752,2705,6451,8053,3193
1398: 6024,5885,5722,3409,7799,2211,3438,6244,6592,4430,5732,2264,2433,2560
1399: 1164,2368,3395,2294,8018,5892,4827,7620,1437,3731,3383,4820,1162
1400: 5266,5854,4069,4464,5593,4981
1401: 6562,532,640,2317,3017,6017
1402: 5430,6028,7858,8163,2162,2761
1403: 620,273,1063,3669,7646,7500,5068,6092,1837,2827,2564,1626,1152,6221
1404: 6211,7617,5880,3050,7383,7616
1405: 7354,2173,362,5212,3888,6245,7120,579,1658,8124,7375,6290,1685,778
1406: 3624,6429,5943,4910,1774,6531,3368,189,7967,1144,5918,3069,8062,7343
1407: 4165,1149,3152,4925,3534,4874
1408: 3545,5618,6382,2858,4970,7122,263,4263,6039,8090,1226,6578,1276,3145
1409: 5632,7101,6224,1305,3562,4846,3035,4583,3472,1341,526,7102,5375
1410: 1943,3320,6465,3586,2189,162
1411: 472,2946,5811,6552,830,5418
1412: 4946,6712,486,7801,2835,715
1413: 428,6991,3556,5300,4122,1387
1414: 6570,3816,4119,4359,6013,2479,793,7025,2848,1324,2885
1415: 147,8155,7242,7068,3828,1922
1416: 1564,6577,3150,448,5315,7091,6783,2792,7230,547,2983,5706,4307,1181
1417: 7118,6167,3883,1593,4302,7724
1418: 4553,7036,3814,588,510,8038,5977,1518,3208,7132,8082,3910,4277,7533,6548
1419: 4978,7972,3675,7142,2252,2759
1420: 572,7195,7211,7149,904,7528,2315,3490,2348,4784
1421: 553,7814,2986,7166,2855,3263,219,7389,7497,6005,2692,87
1422: 3133,2435,8020,7194,848,7692,30
1423: 7197,2447,3769,1597,7270,49,3056,4463,8184,322,4591,3502,4893
1424: 7214,5707,2265,8098,1153,2519,2533,6581,874,7277,2197,2068,1449,6079,515,4389
1425: 2915,3660,1436,7469,4315,2623,3656,7233,1938,5949,5423,6390,984
1426: 5121,3852,6649,8047,7239,4296,5043,2648,2444,4395,3421
1427: 6160,2815,6526,1243,204,7287
1428: 1501,3407,7326,6564,8102,377,4889
1429: 7863,7276,2438,52,499,7980,1534,7380,6367,371,1639,7232,4120
1430: 31,7199,3141,6255,8049,3765,7395,5695,2583,1148,7071,3203
1431: 418,3285,6656,2769,5085,7366,7415,7407,2578,2625,1432
1432: 684,4213,7407,2625,7455,7415,3287,3285,6656,5085,1431
1433: 3348,2681,3930,814,3687,7433,7968,4741,5004,5399,4564,6069,6669
1434: 1330,2334,6228,4336,215,6766,7454,2072,2484,4691,6847,3300
1435: 3986,3313,3807,7466,7551,7255
1436: 1425,7469,2623,7233,5949,5388,443,990,5080,4168,3323,5423,7803,984,5851
1437: 7620,6354,3731,3383,7513,1162,5898,2204,1164,2368,1399,4827,252
1438: 757,5793,3471,3447,3069,2288,7012,7515,8062,313,6914,7816,48
1439: 4574,6566,302,7566,2399,7699,2891,1295,783,5190,7521
1440: 2462,6498,6882,3187,6894,6767,6797,3703,461,217,7531,5309
1441: 3682,5480,226,5817,4306,7555,2491,4280,1727,551
1442: 2540,5034,7779,5159,741,5352,937,5355,2449,7583,6444,3312
1443: 1752,7599,3297,7897,3086,5162
1444: 4289,7184,336,6871,3443,2976,7208,8165,1986,7583,2713,4169,5541
1445: 520,4640,4175,5716,4397,115,6814
1446: 6605,5640,3707,5284,5690,4188,5517,6283,2285,3023,2968,5935,3495
1447: 8044,826,4237,7851,7633,1974,3926,1561,4222,4491,4829,169,3872,4916
1448: 7117,7542,3394,7997,5937,4471,4475,6557,1775,4354,2685,1628
1449: 6943,3231,3072,6079,515,4389,5932,2068,8142,7214,1424,5707,8098,1153,2519,7277
1450: 4399,1959,3498,927,1967,4511
1451: 5585,1235,4662,4384,114,4683,6140,5101,1612
1452: 4567,1287,4452,781,7881,5771,4688,3163,3610,7623,7421,4247
1453: 388,2595,3864,1183,5256,4818,3621
1454: 4126,3884,7408,6995,7339,6889,3623
1455: 4849,6685,4576,784,8020,6867,30
1456: 464,6622,876,6405,7991,4896,3207
1457: 7537,2010,3087,4935
1458: 1020,3118,7275,7784,7225,446,2182,6257,6443,4993,3801,6576
1459: 4995,220,6859,8115,3319,3768,3915
1460: 6751,2258,3159,1211,6101,4997,4919,3638,4904,2918,7244,7493,6197,1497
1461: 2916,3422,5026,6568,4760,5884,205,4497
1462: 4278,7930,94,1854,4048,8037,3742,3430,1120,312,1629,7127
1463: 5717,5046,7926,6633,7992,3292,3902,4001,1917,1921,3037,7116
1464: 6022,1385,3299,7404,7957,2822,6612,5057,6378,829
1465: 1560,433,7517,4808,5075,3865,6878,1025,7729,3301,1137,3384,5730
1466: 6583,328,1073,3435,5583,5181,7007,3032,7636,5397,5647,253
1467: 6864,2222,5455,1349,7510,7100,7420,4156,5254,6362,4828,3327
1468: 4807,7413,630,4489,5275,7478,685
1469: 1940,5382,5795,1961,2650,5291,1004,5098,6508,4700,6026,7682,7654,7677
1470: 3255,7791,7473,3381,5384,4666,5653,1761,4793,2537,7731
1471: 3833,5425,5788,1378,4631,2579,3111,5717,5002,128,7350,7926
1472: 3403,977,5525,4650,5710,786,392,3422,5026,5884
1473: 764,3524,4227,5660,2074,7031,3382,360,5628,7580,8192,538
1474: 2710,4762,3816,4119,2221,5669,6851,4855,3782,1270,1121
1475: 928,5742,5301,2301,2757,5957,5607,2957,3664,1071,746
1476: 5478,4026,4559,5749,2376,4906,1671
1477: 2400,3904,3744,8008,5799,1315,4130,4159,4160,149,5118,5687,7568,2031,2621
1478: 2409,4444,4830,2664,1353,487,5822,5864,5586,2438,6367,7755
1479: 3992,8171,3068,6123,2426
1480: 2736,5865,5533,8121,2481,660,4675,373,6170,6488,1393,5553,7832
1481: 6875,4691,4245,7494,7162,6292,239,7035,3300,4831,2213
1482: 3850,4537,1964,4352,2489,4224,1253,756,4996,4312,5657,9,4854
1483: 5713,7838,6538,2545,4166,1037,7572,5267,4419,3771,8189,993
1484: 4276,2465,4408,1668,4638,2851
1485: 2718,4760,5274,4334,337,995,6644
1486: 108,3315,5165,7327,8169,650,6899,5082,6671,2859,5562,3437
1487: 6634,6515,3148,2799,8162,2906,106,4652,5088,8055,3280,3185,4024,7226,6925,6208
1488: 5183,5243,1989,7039,5559
1489: 3380,256,5868,710,3971,6777,5241,8150,6553,7954,5714
1490: 1307,389,3543,2180,3099,5312,7700,7261,5157,7417,3518,6181,4777,6346
1491: 2903,2120,334,794,4100,913,5877,5681,3096,4733,5328,3606
1492: 5368,2193,7508,168
1493: 6918,5891,7166,2855,2404,7630,6482,6525,5447,7210,1150,390
1494: 3014,4098,6714,6047,2995,5379,7045,6862,7213,3105,42,3274
1495: 2550,4268,7874,1568,697,5757
1496: 4354,6816,7427,5534,4239,5836,2499,5253,1011,3043,6791
1497: 3638,4904,431,2918,6983,3822,2632,5055,1528,7493,6197,6751,1460,3159,4997
1498: 5593,4981,8108,2955,6744,5594
1499: 1630,1223,931,4348,6140,5475,3268,6413,4662
1500: 5850,4674,6463,6827,2448,5081
1501: 6393,2798,1428,6564,377,337,3054
1502: 3924,3140,1280,503,92,6503,7885,3000,6206,4614,6550,5894,7292
1503: 6589,3250,4341,2019,3437,8131,5869,3224,6542,108,399,6793
1504: 1197,3324,6966,3633,3488,8034,4425,6626,3027,6376,4187,1000
1505: 6294,6623,7789,7950,6725,3969
1506: 7811,2471,3034,2279,6302,5555,7148,602,3379,6813,2702
1507: 6642,3659,7340,156,6473,6450,4926,1793,6199,6815,8026,5939,3397,5835
1508: 57,8035,7559,3920,6951,5001
1509: 4433,2998,4566,6975,1823,6963
1510: 4082,5750,248,4501,7539,631,4195,2398,2734,7019,4805,5357,7452,5879,5240
1511: 7470,935,4776,7861,7022,417
1512: 181,576,1304,5206,7941,3331,4286,7076,696
1513: 6598,5445,7081,1828,4698,1886,7092
1514: 7186,5221,3589,2230,2672,4737,4221,7137,7719
1515: 2342,1934,4541,1043,7146,2018,5592,6874,5776,4090,1008,7786
1516: 3674,5858,1684,1947,7151,6654
1517: 4883,703,3420,2351,8019,3549,1581,5824,7158,1746,948,8133
1518: 3208,7132,4098,1258,7281,4976,6442,6047,4553,1323,2796,3814,1418
1519: 4836,3314,7256,1165,3007,3829,5019,7086,2996,4163,2107,7143
1520: 4305,452,1808,3964,391,7512,4992,6616,2098,7239
1521: 7734,4407,6590,5748,3004,564
1522: 2138,2124,845,2816,4565,5142
1523: 1596,3042,7591,8054,4509,4774,502,2941,1190,6943,7884,3981,3215,5953,1584,2367
1524: 817,2463,1566,4797,6014,2588,3539,2016,6267,488,5340,4619,5359,3643,4013,695
1525: 6136,3281,4093,2422,132,6424,177,7737
1526: 1288,7359,5439,4923,2781,3550,724,4323,5574,4055,5886,930,8143
1527: 5532,5662,4529,6043,803,5225,6067,3122,4584,4527,5596,2277
1528: 4904,431,3822,7493,1497,232,5021,2961,6101,4997,1138,6192,6942
1529: 7472,7143,5552,6119,1662,2291,6058,6250,1707
1530: 2330,5881,3352,5193,6198,6596,4547,3151
1531: 4736,8148,7600,6248,7695,1294
1532: 3833,4596,7905,7706,5788,4631,2579,3111,6273,2921,5205,4125
1533: 5544,2767,1335,6278,3653,282,6093,7438
1534: 6647,7863,7276,5822,5864,5586,2438,1429,52,499,7380,6367,62
1535: 6419,1902,2806,514,6898,3569,4816
1536: 5057,7667,6378,3772,3366,6470,829,8191,3750,7467,6612
1537: 5482,1256,6170,6488,1393,6030,2914,4597,3241,3333,5553,4226,4004,7876
1538: 956,2972,1742,2338,4867,4432,468,1650,6530,3762,8109,5309
1539: 6554,5110,3578,5269,6728,4548,6536,343,5760,43,6648,2061
1540: 7336,2707,5633,6567,3120,165,3067,2987,7317,5887,6342,1920
1541: 7957,2822,3117,179,7879,7404,7215,733,5731,6612,6232,5057
1542: 6479,3195,7393,519,2923,4669,3763,5657,6707,2451,5431,967,1753,4854
1543: 3209,5196,5807,958,6732,6213
1544: 6724,1879,3805,6375,6866,2002,6791,3075,6816,4009
1545: 6114,3322,3456,7610,2861,4327,1194,728,4482,6001,6950,5116,6831,2022
1546: 3627,352,2175,6833,1909,3618,8186,2364,7099,293,2679,3481
1547: 4796,321,2590,2131,6870,7983,7271
1548: 6904,1265,5413,6082,5563,3265,5571,2250,2403,7565,6680,3893
1549: 1317,2638,5285,7310,5056,2504,7939,919,3704,4545,5721,5000,6917,3783
1550: 5646,7804,6923,8039,6277,3189,4484,2756,6926,1373,18,2137
1551: 3398,3051,4916,3467,6927,262,8033,4539,5170,636,5827,7560,2993,7633,5879
1552: 3290,6945,6843,6516,5602,3572,3946
1553: 301,4172,2716,522,7604,4892,6952,4928,3629,7358,216,3983,1049,4141
1554: 4728,51,1277,4806,6958,2174
1555: 3455,3700,4136,3252,3674,5858
1556: 5398,7977,5989,921,4138,4578,2290,3702
1557: 6354,5624,3731,3383,3630,4176,6611,2886,5898,7631,5496,4209,2574,7331
1558: 7893,4201,5247,3842,7485,463,4815,641,4391,2392
1559: 3859,7899,3619,5474,1287,7421,7062,2529,1380,2373,4740,4203
1560: 21,433,2101,150,2369,1465,7517,4421,4808,5075,8119,2164,6878,3301
1561: 1974,3926,3074,102,8130,6333,4491,4829,7323,1580,6145,3872,4577,2235,1447
1562: 4838,3641,4789,4512,75,1237,4918,1006,4989,2336
1563: 5042,2349,879,1877,5248,2389
1564: 2616,1239,1416,5289,6577,3150,651,448,5831,8126,3857,7093,5315,7091
1565: 3294,4849,6685,1955,6296,6708,4715,3949
1566: 4797,2588,6063,2016,1524,4619,5359,5699,4722,2852,5175,7989,4932,707,4377
1567: 5759,3107,6502,3922,2008,2999,3112,1220,5773,3080,5667,7080
1568: 1495,697,6684,7,5757,3008
1569: 6620,4006
1570: 7320,7075,2358,1357,3902,880,2875,6633,7992,842
1571: 5664,6066,6126,265,7136,6185
1572: 7198,6691,6982,378,2682,4711,3157,1631,8061,59
1573: 4024,130,7226,1812,4697,6925,6166,7673,3185,1875,4032,7023,6147,6634,3280
1574: 208,6588,1076,5466,8128,6000,916,7243,3196,3424,4097,5768,3665
1575: 7021,7257,5166,796,7164,7875,3234
1576: 5564,4073,4439,4488,419,3269,6719,4977,2147,7476,7974,95
1577: 7288,7342,3125,1216,7908,4292,3316
1578: 5184,266,5905,932,6235,7349
1579: 5207,5744,1060,7353,7635,7139
1580: 1683,7990,169,3981,6145,7942,3872,7439,4577,5762,2235,6939,7356,591,1561,3074
1581: 6425,7930,6083,4048,4005,5824,7158,7430,2186,4883,1517,2351
1582: 4594,4518,1598,743,7484,789
1583: 6496,5890,498,3206,2436,3408,103,4804,7844,7564,4323,2313,8125,1391
1584: 7586,5953,2001,5578,5323,455,2367,1523,4774,2941,1683,3981,843,3215,5762,6428,6573
1585: 5740,8097,4891,7605,3412,7227,8144,7015,978,569,4534,6946
1586: 3781,4852,804,6463,7612,5081
1587: 1197,7362,2618,7632,8031,3633,4290,578,3542,3308,142,3307
1588: 4725,1901,6088,4410,2901,7650
1589: 382,2788,7670,7220,5137,6023,5373,6362,894,546,5062,1767
1590: 218,2881,4453,4752,3127,6765,3066,3431,7775,2514,5362,4485
1591: 7107,3404,1192,5746,8084,8045,3919,6226,3399,7781,6885,4038
1592: 2745,7264,7171,7668,608,4153,7315,2146,7880,7686,4077,434,12
1593: 3661,5235,6672,4302,1417,6167
1594: 5861,1786,5365,6164,4326,1950,4641,3073,941,2893
1595: 6861,3771,6774,3009,7465,5459,284,3647,8189,2797,4473,1741
1596: 7008,7369,6625,2113,3093,1523,136,1941,3042,8079,7591,4180,8054,4509,4774,591
1597: 1423,7197,2447,3769,49,4463,196,4591,6139,4063,5561,3502,4893,5945,7044
1598: 4594,4518,2112,4301,69,1582
1599: 7956,2215,7859,4684,6280,26
1600: 171,3815,3855,6418,2165,2341,4608,6667,4817,209,3875,4984
1601: 2339,491,2370,2727,1293,415,4490,1259,3433,771,4756,4952,7206,4653
1602: 6563,1701,8111,1302,4532,2039,709,4291,5020,2470,335,6523,7014,2841,2741,4374
1603: 5033,2380,6421,2683,4158
1604: 1757,4744,3100,831,6520,5065,7552,2111,2046,4714
1605: 2746,7308,8009,3529,7615,785,5067
1606: 4977,3854,2147,5761,5031,2488,7618,5070,3175,825,7655,623
1607: 2021,3439,2833,2599,5736,6697,6860,7762,6781,1925,5095,1908
1608: 3565,5411,1677,4294,4121,5963,5187,2609,6558,2581,3039,7237
1609: 5147,1765,7640,2589,6377,3191,6272,3052,7476,3269
1610: 5192,5914,7800,882,1931,2709,5400,3096,7401,913
1611: 7638,5003,1672,327,5901,7231,5414,4538,7269,7061,2181
1612: 5101,5258,3596,3268,5416,1451,1235,4662
1613: 3638,3114,2918,531,7304,6983,3822,801,5055,131,5551,5482,1256,6343,3333
1614: 5767,108,1907,3315,5165,7388,7327,7545,7319,8169,2086,6542
1615: 1308,2670,7756,3139,4809,5599,1933,7712,5505,8105,805,5786,6138
1616: 7489,421,7603,7482,5841,3350,5299,7003,5741,3048,1807,5536,675,810,4885,6436
1617: 7994,3540,5875,587,7506,6820,7648,2808
1618: 2450,4462,4177,5428,4430,5732,2264,3934,5885,5722,7177,6592,543,3148,447,5088
1619: 6298,4651,2080,6000,7103,123,7787,916,7243,6588,5296,3665
1620: 1004,5051,4700,6026,2165,2341,4515,821,2752,934,4455,6480
1621: 3442,4724,2492,2267,6109,5922
1622: 8183,6121,2924,6019,5708,3500
1623: 6938,6826,6129,344,4554,5462
1624: 6253,6376,8146,6509,6189,6999,4187,2526,673,6966,684,7455
1625: 4834,1241,3001,346,5338,3264,3436,6025,987,6210,2554,1789,6196,3604,4531
1626: 3021,331,2827,2148,2564,1152,7742,4519,5194,6221,1403,273,1063,7646,5068,5344
1627: 8180,8167,231,6188,767,2577,799,7072,6256,1797,5734,4055,1042
1628: 4354,2685,2056,5534,4051,2097,1775,7117,1448,6275,34,8106
1629: 1120,2697,312,4202,4775,3104,3270,1462,4278,1854,5035,5828
1630: 4391,1223,931,7295,1499,3842,2768,3866,6413
1631: 6108,2614,8061,59,7405,2784,4517,681,5185,1572,4711,6310
1632: 4713,3724,6050,2907,6491,7905,7706,4759,5931,2794
1633: 3070,4182,6011,1826,8077,4848
1634: 4888,4866,8116,1973,4988,36,5472
1635: 5934,5969,7541,732,4140,4907,544,1362,7199,5695,2952,5160
1636: 111,8185,5833,2203,7726,5175,7989,1932,1208,4811,4932,6350,2410,4560
1637: 3472,1341,526,4593,5375,5262,5327,2412,7597,8081,5632,7333,4044,1040,6624
1638: 7160,3162,5777,3240,4184,1038,5379,6862,8071,7684,5589,7543
1639: 1653,2451,6657,5814,4212,1023,3235,4120,7276,1429,7980,371
1640: 1904,4858,3493,2643,3182,6187,2517
1641: 698,3558,6615,1344,4228,5024,5580,6152,6572,7913,3990,2035,6802
1642: 6733,1180,11,3220,7556,4274
1643: 6113,5787,2892,1924,2146,4369,2764,340,7880,2905,6713,6517
1644: 2402,7589,6730,2007,5236
1645: 7067,472,2946,6736,4267,6756
1646: 4262,6816,5534,2499,1743,7812,6724,6375,6791,3075
1647: 5778,2567,7021,3097,3931,6823
1648: 3155,6608,5568,7479,7520,3005,285,7063,6593,1143,1651,3211
1649: 4939,1758,5765,7098,4314,2516
1650: 3172,1339,6675,6202,5527,7181,3187,956,4867,1538,4432,5309
1651: 4225,4073,3774,4439,7250,6461,3228,3155,1648,7520,285,3211
1652: 7587,4861,2054,6630,816,3128,7263,5119,4512
1653: 2051,6657,5814,2461,4212,1639,1023,1753,7276,52,7980,371,4913
1654: 8041,2053,4961,1124,6304,3879
1655: 7987,2195,3974,4824,5774,7282
1656: 6766,3135,5146,2512,1964,6034,2072,5915,5103,5620
1657: 2662,6380,7764,1257,4708,8088,6422,7341,3613,2363,6741,769,6078,5730,1325
1658: 579,6855,8124,7375,3548,3124,875,7431,7354,2173,1405,778,4328
1659: 5856,3254,2387,1322,101,5470,5808,7047,7296,199,5577,8127
1660: 6214,8002,7437,7183,3400,6873
1661: 4387,3480,7443,667
1662: 7472,1768,5552,1529,2291,4273,7675
1663: 7485,3510,463,7873,1024,6084,6665,6988,2525
1664: 7496,4492,8172,6778,700,761,7969,1106,7753,3478,6569,2940
1665: 7499,7861,2814,7022,7807,6537
1666: 5950,221,7023,366,790,3487,3489,2647,5027,4272,6395,4835,5111,5801,6865,4530
1667: 3530,4275,3560,4480,7429,3901,6484,2231,8151,2287,7973,47
1668: 3650,1484,4276,4924,4408,7750
1669: 3511,4508,5631,3460,7748,4018,7372,3739,5290
1670: 8006,3753,2149,4639,877,4821
1671: 1261,2064,7948,5749,4026,4559,1476,4906,6854,3948
1672: 7638,2854,5003,327,5901,385,6543,1611,5414,6169,7269,2181
1673: 5412,5979,5044,3391,5650,3709,7060,2611
1674: 39,500,6344,3893,3287,6254,7674,6780,5210,3803
1675: 5304,2103,5217,2653,4755,1228,1859,4427,4692,664
1676: 297,7262,3891,2366,6330,6389,6115,7914
1677: 3565,5411,4294,1608,6914,5231,4121,5963,5112,425,2609,7720
1678: 2207,571,2075,4349,6587,6210,5409,6687,6486,2571,2812,4008,1041,5426,7885,6550
1679: 3253,2217,2576,5435,4572,6372
1680: 1944,4131,5537,6992,7114,3588,438,1814
1681: 5244,3798,5,2493,5546,6012
1682: 7252,6325,1717,5634
1683: 7990,3981,1580,7942,3215,7439,4577,5762,2235,6428,6573,6939,7356,591,4774,1584
1684: 4036,6641,3753,7151,5858,1516
1685: 778,5860,3302,6001,7577,2631,4328,7354,2173,122,1405,6245,7120,6949
1686: 5912,2927,3304,6400,1075,5403
1687: 1713,559,6287,6729,2085,5106,6279,5914,882
1688: 4085,1052,14,7759,5971,7458,3402,4337,5029,2629
1689: 4718,146,2469,1892,7705,3555,4955,5976,2687,2917,5739,7111
1690: 139,5998,6863,1825,8095,5911,5812,6411,3405,3658
1691: 3460,4018,7406,6021,1952,5252,961,952
1692: 2825,3760,5350,6035,7821,1938,4092,16,460,1762,7441,3476,8134,3025,6133
1693: 851,6768,2343,5727,6056,4573,2681,3930,6051,1383,7968,5004,5399,3785
1694: 6191,4933,6332,549,7305,2565,1097
1695: 6285,3614,1994,6796,6974,2122,4467,2506,270,7534,5837,33,2320,4035,6422
1696: 4208,2185,6297,219,4812,1791,7015,7389,5346,3929,3,478
1697: 7466,7551,589,3938,2897,124
1698: 7498,4340,6595,3943,6468,1729,410
1699: 6144,981,4282,6519,671,2365
1700: 6561,2851,7723,5997,4968,6348
1701: 6563,2032,3476,8111,8134,1302,4532,3025,6782,6269,6329,2039,1602,4291,335
1702: 3218,3874,6572,1718,4219,4360,3990,8161,3862,71,3914,5663
1703: 3393,6492,325,4012,2097,4171,2514,7949,5362,7416,853,8106
1704: 4623,4026,7360,4559,2482,5648,1005,3892,2064
1705: 5850,6062,3628,4674,8007,4087
1706: 4857,5012,5402,152,4047,7651
1707: 97,7086,2996,6058,6250,5134,1529,6119,2291
1708: 6954,2383,2830,5321,7723,4965,4194
1709: 3932,5487,4063,5561,5642,1857,4664,4240,5326,3502,4438,2527
1710: 538,3937,2928,2705,6451,5958,4979,5566,6401,1052,5725
1711: 7138,2742,7180,2378,5922,6848
1712: 2750,5072,429,2332,7578,268,598,4298,5133,5924,2517,883
1713: 1687,6928,3317,5926,559,6287,6729,2085,5106
1714: 6696,7280,1112,3541,6128,6711,806,7196,4681,3104,5064,6437
1715: 6182,6489,2793
1716: 3145,6162,3358,6262,6919,1033,3980,7172,1863,361,2758,6059,3582,2105
1717: 1682,6325,5634,1163,5141,4703,6477
1718: 3218,6152,3874,6572,4219,5743,4360,7544,1071,1702,6506,8161
1719: 7639,3225,7921,6544,395,2379
1720: 615,7381,2785,6694,4837,1900,4628
1721: 5226,3503,6449,3318,350,755,3905,6649,6494
1722: 3537,2184,6810,7923,3329,524
1723: 3732,5692,4792,5442,616,3332,8157,6907,509,7768
1724: 2318,4416,3237,8104,6936,3449,7274,6180,4611,575,1205,4842
1725: 6674,4710,2151,2890,6948,6722
1726: 7868,5640,3707,3091,5295,1098,6964,3614,270,7534,906,2660
1727: 4786,7028,61,551,2671,6387,1441,5480,226
1728: 41,4071,3217,4568,6271,2403,7040,813,842,2969
1729: 5492,6468,1264,1698,3943,3790,7070
1730: 733,7119,3827,7467,7109,234,6232,7944,3338,3750,480,2304
1731: 2800,2427,7229,5909,5176,2062,3645,7715,490,5815,3836,4870
1732: 8114,7874,697,7236,211,6415
1733: 1803,5288,5079,3367,1983,7355,3868,7334,5150,4584,2666,2277
1734: 5960,7414,4123
1735: 7121,7197,3769,3056,4463,8184,676,3506,943,4670,4080,6883,7451
1736: 7511,2483,5894,4523,2228,7292,1303,2744,2000,4198,1280,92,6206,4614,4944
1737: 7529,354,5692,5442,6225,2655,6446,1271
1738: 3432,6525,7210,7490,5173,1800,7752,3504,7077,5665,7540,618
1739: 7524,7701,3461,7912,6249,687,7325,2183,6234,831,7552,3654
1740: 4230,5149,2700,5857,359,1103
1741: 1990,4243,6251,7193,6861,3009,1595,420,4067,2797,6472,4473
1742: 2972,7998,1538,468,3762,7641,8109,7398,3975,5975,1101,4058
1743: 745,489,7209,4262,1646,2499,7812,6994,3678,7221,3075
1744: 2442,1895,2089,3817,4331,4281,894,5477,3327,5726,1094
1745: 4371,29,311,5107,6112,7853,2117,4686,4966,819,4401,3018
1746: 4428,4412,948,4461,8133,5378,5959,973,4422,3549,1517
1747: 7302,5724,2158,2305,5597,8150,1355,873,6555,7810,2542,4437
1748: 4871,4443,5785,2415,5395,2419
1749: 4470,2698,6032,5538,2612,213
1750: 4495,3330,251,6769,5358,3296,6747,2218,2638,6495,3704,5751,4545
1751: 2691,7378,6740,388,6997,7904,998,4498
1752: 3297,2012,1443,3086,4580
1753: 1653,6707,2451,5431,6657,5814,2461,4595,967,1023,7393,1542,3122
1754: 5500,3933,7495,3078,6412,3947,4632
1755: 4397,4671,3143,3469,1272,6836
1756: 2413,924,4719,4881,4696,8013,120,3161,8104,5735,63,3449
1757: 1604,831,6520,3172,2046,996,7181,4714,7912,2644,440
1758: 7300,5220,1649,5765,4314,5652
1759: 3994,4773,218,4453,2699,4752,4673,3636,6765,3223,3066,5867,6688,4873
1760: 6948,2077,4783,4396,4014,3278
1761: 4793,674,8068,2537,6396,7731,3079,3255,1470,7791,4666
1762: 6560,16,460,2093,583,4843,525,3036,7441,7821,6327,1692,3760,276,6035
1763: 6374,1978,4266,4951,4769,5125,7057,2651,3018,2713,4010,7184,2549
1764: 4658,4960,4285,172,4934,659,3747
1765: 1609,5147,6937,5591,2589,2680,2627,4218,5013
1766: 7299,4486,6400,5054,595,2108
1767: 3800,295,7794,3354,599,7220,5137,6023,1589,5062,7727,4676
1768: 5552,1662,7073,5066,3529,7615,7675
1769: 3698,3761,5074,7761,3559,8105,1217,5089,4460,7910,802,5505
1770: 5129,161,3652,6060,6036,6594
1771: 45,3979,7328,2480,4524,5996,5122,4269,2731,7014,8147,686,3551,3373,8048,6689
1772: 4020,4838,3641,75,4918,5136,8160,4954,6832,7652
1773: 5208,745,4310,4479,2591,702,3994,2881,1862,5104,3127,8017
1774: 5371,3624,6429,1406,2268,7964,3293,6531,3368,7052,3340,4011,25,7505
1775: 7170,325,2097,4171,7949,7117,3394,1448,5394,6557,8106,1628
1776: 5403,7612,4027,804,7066,5912
1777: 6663,5632,2129,4142,7101,6224,5296,3665,426,4097,3562,4846
1778: 5451,7337,4054,4379,4178,6481,3681,8030,1984,7839,1178,6317,7849,5675,444
1779: 2371,4556,7411,7284,3246,6117,3414,4663,1868,6353
1780: 4558,678,6687,5737,2812,7338,7824,258,4029,2207,3679,571,7826,6009
1781: 4871,2415,7776,294,2284,4749
1782: 1898,4550,4985,7329,2457,6551,1832
1783: 4987,6533,7167,2795,2532,196,1331,122,3169,7778,6949,308
1784: 5965,4547,2869,3411,5193,6882,6890,508,3151
1785: 2538,5319,6075,2872,6933
1786: 5861,1594,5365,4677,4641,3073,941,2842,2893,4679,5347
1787: 590,7256,5019,5396,7542,2840,2896,5937,339,292,7579,3581
1788: 2766,4373,2904,269,6686,5783
1789: 2895,2554,7424,1820,4374,4524,5996,6193,6196,4834,1241,3001,1625,4531
1790: 6955,6849,3518,729,2460,7678,5687,1179,4777,6053,6286,1307,2180,4454,3889,3462
1791: 4208,2185,3011,6297,6841,6326,1696,4812,6805,7227,3,478
1792: 3453,3229,6892,758,4586,5126,5844,7090,3021,7681,331,1946,6369,7152,4043,7096
1793: 6642,7340,2690,1507,6450,4926,7013,833,3165,7314,5502,5934,6199,7931,3600
1794: 3939,6961,104,1140,2711,3199,8140,3832,5761,6809,3175,690
1795: 2748,4977,5031,7476,1958,7501,6953,148,4068,5649,6272,5016
1796: 6624,3944,2490,741,5352,7032,1040,3201,436,1134,7691,5262,5327,7597
1797: 2730,6959,8167,2810,2577,7072,6256,1627,5734,6037,5503,4659,2069
1798: 1219,7106,6427,7483,4047,7124
1799: 7119,3827,7109,1142,7944,7131,6308,3212,2836,7881,480,4884,7460
1800: 3432,6525,5447,7210,1738,1150,7490,5173,2324,390,4810,7540
1801: 6738,3603,6231,2849,8023,6276
1802: 301,4172,7604,3936,2536,5923,6071,6952,4076,7310,5721,7553,8028,7952,437
1803: 6458,5288,1733,5079,3367,5804,364,7355,2299,7334,4584,3778
1804: 7676,2828,7357,3820,7828,5611
1805: 5493,3838,365,2776,5603,7436,2286,7792
1806: 7470,8108,2955,4776,3885,5848
1807: 3916,116,3048,2945,3373,345,4402,4654,5017,5536,8048,7489,7603,1616,5841,2500
1808: 4305,1520,3964,7512,7546,4732,2558,2098
1809: 117,3982,3330,6769,7557,7165,4894,6824,4564,466,2289,4637,8103
1810: 6902,7953,3464,7653,5745,1991
1811: 7950,3969,5216,4016,1976,8166
1812: 130,7226,3611,1573,3359,4697,6166,7673,1875,4032,7023,4363,6395,6147,7707
1813: 60,421,3063,3350,7065,5299,7003,7090,7681,8069,6369,5844,4043,2171,7096
1814: 3588,438,6379,5537,6992,1680,6794,4127
1815: 7592,7719,7303,2244,2970,5610,4221
1816: 6081,2888,7854,2534,8123,1817,2302,5626
1817: 3712,2302,4293,6884,5626,1910,1816,5705
1818: 5192,2709,126,6822,113,1067,4296,2648,5151
1819: 6315,3729,6283,7034,2285,1157,2456,4303,4582,4660,5935,2876,869,6263,8117
1820: 2895,2554,7424,1789,2480,2741,4374,4524,5996,6193,4834,4522,3001,5020,7014
1821: 963,3680,4129,6141,5587,4411
1822: 974,7077,7848,5665,4887,4431,5437,5489,5818,5124,2692,7400,2013
1823: 6969,2168,6975,7716,4433,1509
1824: 4442,2870,406,8073,3759,5548,563,661
1825: 6361,4469,8095,3230,835,4207,2712,3426,5911,1690
1826: 3824,4182,7595,1633,8077,4563
1827: 2024,6300,6173,2281,601,3347,7447,7685,5249,5519,3612,4748
1828: 3987,2049,3410,8136,8170,4698,5445,1513
1829: 7760,2060,4799,5156,4209,3162,3834,908,356,3630,6611,2161,7543,6341
1830: 4690,6303,3190,6179,6721,3573,6116,237,5606,4877,7820,7123
1831: 2132,6355,7307,7548,2310,722,1131,4879,5387,5154,3192,6417,3065
1832: 5279,4898,6551,5789,3257,1782,7329
1833: 2811,6173,2281,6309,601,2209,896,6683,871,8093,5145,2949,1322
1834: 2720,6859,7419,427,5250,8066
1835: 17,1175,1066,2702,5452,5105,3146,5334,6240,6222
1836: 6061,619,3509,3637,2439,6928,5401,3317
1837: 3806,5422,6865,5701,6897,620,1403,6779,7646,7500,6092,221,3489,2647,5027,2827,1152
1838: 6212,5224,6908,7985,3808,3349,132
1839: 2003,4646,5219,7038,4712,638,2922
1840: 5995,689,4956,8043,5709
1841: 7979,29,6773,3084,5752,6112,7179,4596,6978,3355,3851,2921
1842: 7401,7667,913,3772,3366,6470,8191,5877,5681,2903,8000,4100
1843: 6299,8058,3045,3168,1172,192,5904,5048,2240,5405
1844: 5913,4857,6460,2194,5012,2930
1845: 4386,4622,3993,6867,5964,5495,2601,2059,5456
1846: 5616,4693,6107,6886,6934,2015
1847: 2132,4388,2984,7548,6322,1131,7290,990,2079,3961,3715,2954
1848: 6201,6213,3713,3974
1849: 7945,182,6215,6107,3448,6934
1850: 2563,8137,4333,6258,3136,2594,5138,4804,6619,5828,7844,4248,1854
1851: 7140,4190,170,7574,2118,4833
1852: 4861,6216,1337,5119,5531,6737,6915,888,4288
1853: 2920,864,4313,7305,6220,5842
1854: 1462,4278,4248,7930,4005,3430,1629,4333,5035,6258,1850
1855: 3256,6319,5656,3427,4400,5967
1856: 7048,6787,5473,7975,1026,4405
1857: 3932,5487,1709,4063,5561,118,5326,3058,7026,6533,4635,4438,2527,7044
1858: 2520,6784,5378,4656,4449,6586,4422,3593,81,3090,4878,2552
1859: 4950,4755,3197,1228,4050,5816,4427,4330,2103,1675,2653,664
1860: 4763,3125,5174,2562,822,7908,2486,4445
1861: 5324,4886,3802,4234,5653,6629,3514,3190,2959,6179,6099,3079
1862: 3994,6801,492,5104,1773,702,4887,2308,6312,4104,7658
1863: 3145,6162,3358,5835,5754,1716,3980,361,7126,156,6473,5618,4970,3397
1864: 5342,3199,1336,3372,4543,6661,4513,6793,5139
1865: 3374,3483,396,5311,7710,3458,7054,4042,7888,1082
1866: 7410,3386,7051,1299,4404,4859,5469,5398,7977,921
1867: 2274,2313,8125,5089,1391,4460,3283,2932,7564,6242,2781,5574
1868: 3414,4663,7860,5817,1086,7555,4948,1779,3261,955
1869: 3377,4415,4807,5275,3130,4434
1870: 5928,2331,8010,4850,923
1871: 7610,235,4487,7672,1109,6016,6947,3516,2029,6513,8097,978,3378
1872: 8080,5778,5330,6106,3479,2639,4819
1873: 6186,1351,6855,2323,227,4709,3686,3398,7571,5170,7966,2968,3495,5284
1874: 7782,6364,2980,7609,5967,127
1875: 5950,4032,7023,366,3487,4363,6395,6147,5801,4362,130,3611,1573,1812,7673
1876: 902,3425,5297,6284,3655,5792,701,6434
1877: 879,6467,7249,1563,5248,241
1878: 6643,5893,3784,565,4667,7689
1879: 1544,6724,3730,6866,283,7221,3075,1244,4788,163,4233
1880: 7947,1968,6753,6414,5784,3843,6926,4213,2578,1034,4679,2842
1881: 5970,2675,4215,3881,6829,6821
1882: 2223,246,7781,6885,965,1352,4540,3869,7107,3919,4038,7827
1883: 2683,7011,4158,99,6968,6514
1884: 5853,2065,7959,5093,5666,7175,903,7494,6881,7035
1885: 3959,7089,3474,8115,6651,4908
1886: 669,7092,2843,964,2867,3987,8170,4698,1513
1887: 2115,3601,2701,1945,4478,5947,3602,5958,8053,7135,7188,6292
1888: 7190,5849,1347,4147,936,4111
1889: 6851,5324,4151,3802,6398,1270,6,6629,6385,3648,5468
1890: 4207,3426,222,2018,5911,3505,5812,5091,139
1891: 2854,2582,4258,5114,718,6408,2708,6085,6771,4259,898
1892: 4718,146,7705,3555,4261,818,5421,4955,1689,8151,2908,5976
1893: 252,8082,3434,5956,2674,1222,3910,4277,5524,7533,6635,6347,1372
1894: 7376,5806,4393,812,7745,2257
1895: 2442,1744,2089,4281,894,546,5062,4458,5726,2661,7220,5373,6291
1896: 5588,5270,7036,236,1070,3434,2935,6548,3094,2045,4492,7753,5711
1897: 7230,547,2983,7337,3870,4178,4370,5199,6132,2076,811,4552,1239,3857,5315,7091
1898: 4550,1782,6261,381,6383,363,2457,4566
1899: 6888,3015,3088,4602,3649,4544
1900: 4837,8135,4628,1720,6694,2824,37
1901: 4725,4254,3092,2293,6088,1588
1902: 1535,4672,514,4816,1238,8086
1903: 7866,4375,2547,6154,7709,2145,1185,4823,2372,2726,4648,4727,7862
1904: 3182,6187,1640,2517,4978,6122,7444
1905: 2342,5018,5569,2608,4541,3720,5176,5829,7596,1370,6574,490
1906: 1248,2737,7396,4520,6603,5756,2030,708,5163,7110,4256,3521,7071
1907: 5767,7285,5165,7388,7545,1614,8169,844,2086,313,5112,3335
1908: 24,5940,6781,1925,7938,7762,4114,2508,3557,5292,1607
1909: 352,1546,5364,3618,8186,622,2364,7894,7099,7642,6772,3481
1910: 3712,1817,5702,2302,4293,6884,5366,5705,7056
1911: 382,2788,7670,4156,5373,5254,6362,6856,4828,2106,5455,5565
1912: 6978,3355,5458,573,3851,2921,7853,2626,1225,5205,7217,6112
1913: 1265,5413,4183,2036,5563,5571,4649,5448,7507
1914: 5970,4215,3945,5615,6834,7988
1915: 3142,6412,5450,5644,5500,529
1916: 6944,5576,4496,5651,1036,6750,4796,1952,5252,2590
1917: 5941,1074,4001,184,5704,1921,5415,3037,7029,5717,1463
1918: 191,442,5006,5712,7788,3810
1919: 6746,3830,4383,5838,7312,7268
1920: 3699,5887,917,8176,6342,4053,1540,7336,521,5633,6567,165,3067
1921: 5941,4001,7000,5704,1917,7382,5415,3037,7116,1463,4568
1922: 3828,5984,7536,3076,7068,1415
1923: 5516,347,2102,3499,7185,6006,5545,5273
1924: 6113,7766,5787,2287,2892,1643,4369,3560,7391,7694,340,2905
1925: 24,6781,1908,6365,7762,4114,2974,5292,2833,1607,5736,6860
1926: 900,7360,2482,4382,5902,2355,6501,8057,4601,5971
1927: 2458,4146,593,4616
1928: 255,7791,3381,4666,3544,4793,8068,454,5073,2107,5432
1929: 2413,3683,370,924,2585,5575,4719,4881,7862,8013,5659,4375
1930: 698,5080,2646,1344,4168,3323,5580,6541,6976,7307,5388,2689,443
1931: 5192,1610,5681,7800,882,2709,3096,113,7246
1932: 1636,7669,5833,2852,2203,7726,5175,7989,1208,5449,2420,198,644,5747
1933: 1308,7756,2832,1615,4809,5599,975,5888,1217,5443,300,6535,8056,5505
1934: 1515,2342,5018,5569,4541,3720,2834,7146,5776,1008,7786
1935: 2616,5289,2684,651,3475,5831,8126,5982,6776,6015,5424,6229,999
1936: 7628,6098,6301,1133,2873,7698
1937: 4914,1196,1291,6430,6270,3491
1938: 7821,2915,1425,4315,3656,672,7233,6327,4092,16,5764,6133,1692
1939: 4795,2926,1015,6137,7772,6485,7763,254,1359,84
1940: 5382,7590,5291,1004,6508,1469,5051,4700,6026,7682,3348,1285,3047,4515
1941: 7008,2500,6625,2113,1596,3093,136,8079,7591,4180,8054,2945,5536,4514,4885
1942: 6704,5257,5512,6048,3625,7637
1943: 3320,6465,1410,6799
1944: 7823,6222,7053,4131,6992,1680,2466,3515,4764
1945: 1887,3793,2337,5947,7031,7580,6591,85,4378,5958,6131,7135
1946: 2335,331,7742,4317,4362,6369,7152,5194,6221,3487,4363,7707,3453,1232,1792,4586
1947: 7191,6673,7151,1516,6654
1948: 3254,7047,7296,199,5577,3890,7122,736,3118,1377,6443,8113
1949: 2356,7322,3360,3607,7259,5460
1950: 1594,5365,4326,3181,4641,7335,7330,3973,6096,7664,7984,6031
1951: 6028,8163,7554,6452,7367,3271
1952: 5252,961,6750,1691,7406,1916,5651
1953: 1296,788,4320,6925,6166,6208,8055,3280,7417,3543,729,6181,2455,6346
1954: 7480,324,7394,7663,1292,4446,3906,5703,2763,2883,3919,6226
1955: 3294,4041,1565,7955,7503,2119,2936,4715
1956: 2196,4059,7100,7205,5491,4587,7420,2933,6864,1349,3497,7510
1957: 7946,6420,3941,7525,4888,8116
1958: 1795,432,7501,6953,7611,148,8158,4068,5649,5016
1959: 4399,1077,3498,7644,1450,5513
1960: 7651,7224,473,3205,4857,2194
1961: 1004,5098,1469,7682,491,1293,7677,7688,7679,2312,2752,625,4756,4952
1962: 4034,4274,6912,1099,2354,7746
1963: 2112,3310,69,4355,8152,2396
1964: 3850,4357,1656,4537,3135,1482,6034,3801,1253,756,4996,5620
1965: 4424,73,5367,720,6709,5246
1966: 2255,1221,6785,4499,8156,2317
1967: 927,1450,4847,4511
1968: 7978,7947,3429,6753,6414,5784,1880,2578,4679,4677,941,2842
1969: 1266,7078,5195,2714,4780,4642,2026,2845,402,5927,509,3262
1970: 4900,866,2195,4824,861,6334
1971: 3939,4860,7911,6209,933,1140,7816,48,5793,6549,2933,3497
1972: 2575,5637,3830,7242,7749,4863
1973: 4866,1634,6010,7463,36,403
1974: 1561,4491,4829,169,6145,3872,4577,826,7851,7633,1447,4916,5827,7560
1975: 18,4095,512,6295,369,3764,7825,6277,2522,4937,7104,4585
1976: 73,7783,8166,4959,4016,1811
1977: 5661,5444,188,2747,4967,74
1978: 865,6374,1763,249,4951,5008,4769,3840,6307,3018
1979: 3066,3693,3431,7775,4778,8094,6439,6492,5078,2514,143,4485
1980: 5169,3810,5277,5006,5830,1102
1981: 4832,4148,5189,3812,7611,1336,3372,8158,4513,8005
1982: 7738,7294,8139,2746,6991,5197,3915
1983: 6458,5288,158,1733,5079,6521,3367,3932,3868,5487,118,2260
1984: 6527,3977,8030,5899,7839,6599,1178,3681,5675,5451,4379,1778
1985: 7943,6727,6177,837,7219,6584,4903,3463,5539,159,3995,5433,305
1986: 107,7583,2117,2713,4010,3312,4686,4169,5541,7057,1444,7184
1987: 7770,5908,3963,3381,5544,2507,6278,4615,596,282,7386
1988: 6170,6488,6030,4226,4004,49,4551,3279,5865,3751,5642,7961,4893
1989: 5183,1488,5674,4685,5559,3998
1990: 1741,4050,5816,6251,7193,3897,3009,420,4067,6326,6805,6472
1991: 5745,3998,5854,471,1810,7653
1992: 5136,3258,3985,5855,4954,6604,5946,4078,3284,6237
1993: 4082,3506,7539,631,4195,5825,262,1351,2478,5240,4128,6055,4080,6965
1994: 6285,3614,4657,3849,1695,2122,7785,7534,5837,6076,1123,7212
1995: 2642,433,2101,4377,2369,4246,4787,5699,4722,3126,6110,6668,7889,4932
1996: 2104,6146,7030,3896,7859,5625
1997: 5211,6149,2421,4765,2276,4319
1998: 888,4420,244,6920,4288,6200,348
1999: 7856,4108,4152,3485,4610
2000: 617,1303,2909,2744,4289,336,7208,4198,570,7751,4523,2228,4103,1736
2001: 198,2751,7586,5953,3570,3342,1267,4561,5578,5323,455,1584,2367,2941,6798,4249
2002: 1544,3805,6375,6866,6791,4239,4607,4625,4009,6313,3236
2003: 182,4646,2967,1839,7038,3989,4712
2004: 2979,7657,6907,7768,3719,2844,4346,2724,4940,3332
2005: 7472,7143,6119,392,3007,6250,3403,8072,4650,5710,6716
2006: 3012,7550,4265,435,2280,6853,232,5021,7027,2961,2985,706,2258,407,7614,4167,6101
2007: 4135,7852,5236,1644,6730,3089
2008: 3107,1567,5171,2999,7405,3813,4517,6437,806,3112,2163,5773
2009: 6985,5259,5380,4445,160,3198,5174,822
2010: 1457,7537,2397,5283,7516,4935
2011: 5406,7037,3671,5222,2860,368,2754,7736,873,7260,4647,1355
2012: 1752,5483,4580,6757
2013: 2232,5489,5818,5124,6682,2052,2665,974,1822,4887,5437
2014: 23,7928,2994,8004,6972,3688,1390,5465
2015: 27,8092,6934,7970,5616,1846
2016: 817,2463,1566,2588,1524,4619,6960,5359,5699,4722,6110,3416,707,4377
2017: 8192,1377,4618,2182,2964,3019,4555,7425,5808,5577,7228,2074
2018: 1890,222,5812,5091,5592,6874,139,5998,1008,1515
2019: 6589,2783,3250,4341,1503,517,5139,8131,2813,5869,3224
2020: 3483,396,6124,7710,797,5870,566,3458,7235
2021: 3439,3645,1607,2599,6052,5518,6860,80,2100,6781,5095,5826,534,6818
2022: 6070,6831,6373,714,2141,728,6950,5116,3523,1545,3322,4327
2023: 5781,3663,6172,4062,7302,7722,2158,5985,475,761,7969,4390
2024: 7514,2811,6300,1096,6173,2281,601,1827,3347,7447,3044,4648,7685,493
2025: 4096,4927,3696,699,5678,6205,7872,19,2066,5666
2026: 1266,6293,5486,5195,1969,2231,4780,2845,402,5927,8016,3530
2027: 971,3738,4901,6259,2620,556,2177,5229,4222,2073,3978,7795,8044,6402,4237,89
2028: 2381,5933,5071,2989,3795,6404
2029: 6016,6947,3823,7167,6513,7672,1109,1871,5740,8097,3406,3378
2030: 2737,1906,4520,6603,5756,708,7757,4157,3825,5163,3521,7071,7395
2031: 624,2455,7678,7568,6664,2135,3846,7855,4105,2400,3904,8008,1477,149
2032: 216,1701,6679,3983,8111,8134,6782,5764,6133,6269,6329,2202,672,7882,2771,7358
2033: 3298,10
2034: 6328,4472,416,993,1374,3144,7572,6775,2472,2251,1284,7156
2035: 7345,979,5803,5768,7059,6609,6802,2555,5466,5663,3558,6615,1641,4228,5024
2036: 1913,5413,3931,4183,5563,4649,2567
2037: 6944,2252,2759,7365,2898,4238,3773
2038: 4242,2247,6924,3352,6366,7462,8178,110,5515
2039: 6563,1701,3476,8134,4532,3025,6269,6329,1602,709,2825,6565,4291,6035
2040: 6706,6872,4099,2853,893,4436,2862,4193,5436
2041: 5011,7927,4525,4794,3747,6356
2042: 187,766,6121,4579,7041,3605
2043: 4332,337,6644,2831,4581,3054
2044: 3958,7979,1056,5120,6773,3084,5752,159,4606,7179,7581,7943
2045: 6505,2977,3913,3094,4643,413,3434,2935,5524,4344,1896,5711
2046: 2111,3172,4251,996,5527,1757,1604,4744,831,5065
2047: 4576,784,3623,7339,840,4782,5508
2048: 2563,3408,103,5440,5138,4804,1288,4923,2781,4323,930
2049: 5547,3410,8136,8059,1240,618,1828,3134,3432,153,4810,6260
2050: 58,3467,1088,6927,7571,5170,7560,3777,843,7439,4895,2071,4582,5800
2051: 1653,6657,2461,4595,1023,6941,5204,7276,52,7980,4913,2236
2052: 1262,6183,6946,4873,4949,2665,2699,492,4673,2232,6682,2013
2053: 1654,5084,4961,4915,3879,605,3835
2054: 7587,4861,6216,1652,816,1337,5119,4947,7817,3188
2055: 5235,6975,6672,5227,6963,7796
2056: 4354,2685,5534,1628,5836,2499,5253,4051,7117,4475,6275,7209
2057: 7053,2466,1113,3662,5268,604
2058: 4971,5427,711,541,5363,5102,3639,2495
2059: 4622,5495,2601,1845,1057,7692,4283,5456,1126,0
2060: 3016,1829,1389,7760,77,5496,5156,5453,4209,3630,6611,2886
2061: 5760,5392,2773,4270,6648,5501,1539,3578,2721,1188,5269,765
2062: 5569,5176,7596,1370,7715,5393,490,914,5815,3836,1731,2427
2063: 969,3505,5697,6956,5591,2680,4225,3774,3155,6608,2775
2064: 6817,1671,3749,7948,1704,4623,4026,4559,5648
2065: 5853,6311,1884,7959,1168,5093,5666,7175,903,3465,7872
2066: 422,4927,4465,699,3415,5678,6205,19,2025,1166,7915
2067: 6453,6234,3100,5696,5065,7448,5639,6115,862,552
2068: 3916,116,1358,2197,5017,7182,8142,1424,5707,8098,6581,874,7369,136,1449,515
2069: 4856,5796,72,629,8164,2730,8167,1797,5734,5503,7548,722,5387
2070: 3942,5798,743,4252,4028,6446,5308,5635,5905
2071: 7586,3570,869,2790,5578,3777,843,7439,4895,6428,58,2050,6409,4582,5800
2072: 6766,1656,3135,970,5146,2512,7454,6034,5915,5103,215,1434,6228
2073: 3153,780,4222,6602,2177,5229,7176,2027,971,2620,8044,6402,4237,89
2074: 764,4227,5660,7228,4403,1473,2964,341,3019,372,8192,2017
2075: 2207,571,3436,6025,4349,4335,6587,1678,6009,6210,6486,2571,2812,3604,1041,5426
2076: 811,854,6244,4742,4552,1897,4370,5199,1239,3857,2695,7837,178,4868
2077: 6951,4396,1760,3278,1366,28
2078: 7334,635,959,3778,5804,364,7355,7838,2545,4557,6770,2140
2079: 4624,4856,7761,72,3923,6134,2984,1847,7548,7290,3961,2243
2080: 3859,4651,7103,7016,123,5474,1619,2109,1275,809,7847,5296
2081: 105,3238,7830,2096,4766,915,8089
2082: 4833,3369,2760,4190,3775,78
2083: 6762,4872,2408,7346,1332,881
2084: 3264,3679,7129,4173,6025,7826,4335,7313,4964,683,1363,7561,7824,7449
2085: 1687,1713,6287,5866,5192,5914,6764,882,5400
2086: 7285,1907,3315,5165,7545,1614,844,2801,557,4121,5112,5187
2087: 271,7004,4972,7070,3809,5272
2088: 5668,897,5313,4074,3275,54
2089: 1895,4075,1744,3817,4331,4281,894,5477,3327,5726,38,5373,5254
2090: 6065,5423,6390,4284,1227,6476,3507,3715,6996,568,5851,203,20,5201
2091: 6598,3454,195,5445,5535,6260
2092: 4405,5155,5473,533,7361,2126
2093: 5333,6560,1762,3035,6040,4079,5758,4583,583,4843,525,3036,7102,7058
2094: 2232,7389,5489,7497,5818,5346,5124,3929,3,478,6682,1116
2095: 324,2343,5727,7394,7663,1292,3906,2832,975,355,5598,5888
2096: 951,4766,2559,4736,105,2081
2097: 325,1775,1703,4171,7117,6557,7416,6275,8106,2685,1628,4051
2098: 6616,7239,7512,4395,4732,1520,1808
2099: 4796,321,4957,2942,7251,6870,952,6628,59,855,8015
2100: 24,850,80,7809,2316,5095,2021,6860,534,6650,4459,884,6818
2101: 2642,1995,1560,21,433,4377,2369,4246,7517,4787,4560,6668,4932
2102: 1923,5516,5702,6884,2806,2361,5273,3569
2103: 5304,3459,7010,5875,5217,1675,2653,4950,1859,664
2104: 5317,1996,6146,7030
2105: 2443,6059,3582,5039,6382,1276,6162,1716,7172,7064,3049,668,4312
2106: 382,2788,4156,1911,6358,6856,4828,7082,2147,825,5565,5564
2107: 7086,4297,454,5073,4163,5432,1928,3314,1165,1519
2108: 595,988,7097,1766,7299,398
2109: 2080,7103,7016,5474,2373,1275,305,809,7847,5952,6727,3796
2110: 4836,590,7256,765,4206,5679,5396,5501,3413,1002,2840,2896
2111: 3172,735,4251,2046,6675,996,5405,1172,1604,6386,4744
2112: 1963,3310,4301,1598,69,4112
2113: 7008,2500,6625,1596,3093,1941,920,8079,7591,4180,8054,4509,4774,4345,4514,7942,591
2114: 2764,6506,3664,1018,6690,225,7880,6715,592,6713,2957,434,4360
2115: 3601,7318,5915,1887,2701,215,4478,4831,3793,5947,7162,6847
2116: 6617,4146,4678,5233,2497,5467
2117: 107,5355,1986,4010,3312,4686,4966,819,5541,1745,7057,3018
2118: 4833,6534,1851,7574,3918,4702
2119: 968,4962,7503,2936,4715,2539,4041,1955
2120: 1491,334,794,4100,7680,5681,4733,5328,5614,3606,5335
2121: 4950,4755,4243,3197,4050,6251,1016,989,6068,2292,1193,2653
2122: 6285,1994,3849,1695,4467,2506,5837,6076,33,808,5099,1123,5910,1246
2123: 6554,3699,5887,917,5110,3578,6342,4053,5269,7526,6728,7050
2124: 1522,845,5142,410,3026,6595
2125: 8,5260,6021,5144,7198,6982,952,59
2126: 6601,897,5313,2092,5155,533
2127: 1201,7094,1155,5209,7475,4409,481
2128: 5281,6153,6731,3303,6895,753,4925
2129: 6663,1777,7847,4142,7101,5952,4044,6224,5296,3156,916,4097
2130: 4684,6466,267,5317,7030
2131: 1547,4796,2590,476,1036,5349,5050,7983,7271
2132: 1831,6976,6355,1847,7307,7548,6322,2310,722,1131,5388,4879,2689,990
2133: 6218,7644,5059,5417,3591,2780
2134: 5556,51,7468,7187,7793,6321
2135: 6664,130,1296,788,3846,3359,4320,4697,6166,7673,3841,7855,7963,4105,5582,624,2455,2031
2136: 2669,5383,3176,7141,5584,5130,6184,2139,4094,898
2137: 18,1278,6295,3450,6159,5646,1550,4484,6926,3843,3482,183
2138: 1522,1044,845,627,5766,2816
2139: 5130,6184,4746,112,3417,5797,1169,898,2136,718
2140: 5267,4419,3771,3647,972,7835,2078,497,5804,364,7838,2545
2141: 5514,5867,6831,6373,714,7775,6439,2022,3223,3322,3848,4327,6765
2142: 7524,7701,2889,6610,1367,4229,6880,7683,6962,2634,6072,4506
2143: 5647,22,2309,7891,6117,7037,5222,3032,7006,6677
2144: 1084,4285,2551,6151,782,4570,3804,4106
2145: 5115,1903,4375,2547,6154,4823,2726,3683,2585,5575,7862,3123
2146: 6113,7766,5787,2892,6203,4153,1368,7315,1643,7880,1592,7171
2147: 4977,2488,95,1606,5070,825,5565,5564,1576,4488,2106,7082
2148: 3021,7681,2564,1626,8069,4519,5194,1063,5068,5344,2345,60,3063,3632,7065,4630,6507
2149: 2787,4639,6423,8006,1670,5047
2150: 4658,4285,2551,4934,125,1365,5161,3691,4570
2151: 5283,4739,7516,2890,4710,1725
2152: 2837,2622,4311,4474,5007,936
2153: 154,7138,5038,3826,5310
2154: 8096,1330,7232,2334,2475,4120,5058,5146,3235,7863,499,371
2155: 5356,7353,6723,7696,3088,4602
2156: 1388,5374,1384,896,5377,4748,6683,5813,8127,5360,101,6217
2157: 245,5729,90,3794,1132,6018
2158: 5781,6172,7302,2023,7798,5724,7722,5985,475,1747,2305,8150
2159: 6560,460,6040,4079,5758,4843,5803,5238,2467,4613,7059,1313,5009,6327
2160: 497,577,7351,5079,6521,2299,3517,6105,5459,7042,7835,6559
2161: 3837,954,2204,5882,7684,2428,6636,7543,6341,1829,5777,3834,908,356
2162: 609,6363,3499,6028,7858,1402,7185
2163: 3112,6282,5773,7080,4517,6437,2008,2999,7280,1112,806,7196
2164: 6505,8119,5619,594,4643,6878,4295,3110,1560,21,150,4421
2165: 7940,3855,6418,2341,4608,1600,6667,4515,1620,5051,3875,821,4984
2166: 7901,6852,0,3898,298,4283,1126,7289
2167: 27,3448,6972,7831,5560,982,8004
2168: 4186,6969,3661,5235,6975,1823
2169: 6214,7002,3853,7097,7183,1201,481
2170: 1212,3362,1279,2635,7842,4345,4514,4998,5992,6436,7248,7008,920,1085,6318,102
2171: 1212,675,810,3445,4043,7842,5992,6436,6876,7096,7090,421,1813,5299,7003,5844
2172: 1105,5163,456,7110,4347,4256,3521,5972,5756,763,5424,5573,5249
2173: 7354,1405,3169,3888,6245,7120,6949,1658,7375,1685,778,3302,2631,4328
2174: 3245,450,7125,4728,1554,4806
2175: 3627,352,6833,5839,1546,5385,2857,6539,860,293,7130,5834
2176: 7134,1017,6493,5790,820,6247
2177: 6602,556,1315,1129,5229,7176,3153,780,4222,2073,5030,2027,971,4901,89
2178: 7190,6652,2808,1347,5117,7994,3954
2179: 2487,3978,7795,7019,4805,7452,6751,3738,3159,2620,1211,2632,7244,6197,4501
2180: 1490,1307,3099,7917,7700,5925,7261,6955,3518,1790,4777,6286,6585,3462
2181: 6169,4538,7269,5003,1672,385,1611,1350,6957,4361,8154
2182: 736,1020,3118,7275,8192,1458,1377,3484,4618,6443,2017,5577
2183: 6234,6520,7552,383,7325,6795,3968,7912,6249,687,1739
2184: 7923,1722,3329,96,946,4123
2185: 4208,6556,3011,6841,1696,4812,1791,3412,7227,899,1203,8144
2186: 7430,3404,2351,8084,4248,6083,1581,4005,6619,6645,1022,3101
2187: 4615,97,7086,4297,454,5134,5073,596,8036
2188: 76,4022,5581,4319,1097,5211
2189: 6653,3586,6921,6465,4325,1410
2190: 4785,7371,4434,3576,901,5896
2191: 2605,4476,6118
2192: 4489,5689,5896,737,685,2261
2193: 4505,7508,1492
2194: 1844,4857,2930,1960,3205,852
2195: 7987,1655,4824,4900,1970
2196: 1956,4059,7205,5491,4587,5461,7420,4860,315,610,2288,2933,6864
2197: 3916,116,7392,1358,8153,2068,4402,5017,7182,8142,1424,5707,8098,6581,874,3116
2198: 201,2880,4572,2587,868,495
2199: 8075,1241,3760,7504,276,346,5338,7313,583,3036,7449,3264,7129,4173
2200: 496,5320,5499,2668,6618,6733
2201: 5978,5718,7284,5694,275,1395,7311,7174,1281,3365,6368
2202: 2915,3660,4315,672,5423,6390,6476,203,7882,2771,2032,6679,5764,6329
2203: 5010,1636,7669,111,8185,5833,7726,5175,7989,1932,1208,5449,4811,6350,6380,3244
2204: 3837,1372,954,5015,5882,2161,7769,7620,1437,3731,356,7513,5898,1164,252
2205: 4817,7735,3977,821,8030,5899,992,6165,4984,1209,2515,4455,4493,4751
2206: 5478,900,7360,4784,1005,3186,7528,2315,5902,2348
2207: 571,2075,4349,4335,6587,1678,6009,4558,1780,6687,6486,2571,2812,5426
2208: 8168,7613,3077,3277,6038,6403,2362,5719
2209: 5519,1388,896,4748,6683,5813,6173,2281,1833,6309,601,2949
2210: 6230,5191,10,7241,1089
2211: 6024,379,5885,5722,811,3409,854,8132,1398,3438,6244,7177,4430,2560
2212: 3071,5135,1053,5408,6264,1170
2213: 7054,918,4803,1082,3401,6875,3950,6292,1481,239,2962
2214: 6323,4505,8181,6821,1348,6829
2215: 7956,3605,6349,1599,6280,26
2216: 2902,6351,1133,2849,7628,135,7593
2217: 1679,3253,5521,7916,3363,6372
2218: 2732,4495,3330,1750,6747,6495,7939,1147,3704,4545,5329,4707,3129,7717
2219: 5116,7661,8173,847,6909,3523,1031,728,6360,6510,6950,6070
2220: 439,6582,3783,5715,6138,5354,1135,7712,3296,2504,5751,5000
2221: 3816,4119,4359,2778,5669,1474,2479,2767,5680,6726,858
2222: 7547,5070,3175,6864,690,1467,5455,1349,825,7655,623,4156
2223: 246,2887,5237,6885,965,5463,6662,4540,7403,1882,3869,7827
2224: 6067,6941,3122,5204,635,4527,5596,5662,6707,2461,4595,1023
2225: 7173,5617,2602
2226: 5457,4102,6574,5736,6697,3831,7965,6670,210,6365,2608,207
2227: 6289,4008,895,6752,3651,5993,2938,1249,7892,5728,5753,6759,4912,5916
2228: 570,5894,5409,212,7751,7020,4523,4103,6687,3174,7292,1303,2000,92,1736
2229: 2760,7530,890,5060,6127,846
2230: 1514,7186,5610,2672,4221,7719,6299,5048
2231: 7078,3901,6484,2026,2845,402,5927,1667,3530,3821,5421,8151
2232: 5818,2094,5346,5124,3929,3,6682,2013,2052,6183,6946,1116
2233: 6828,4969,5278,1171,5968
2234: 6474,7402,5180,6879,983,6454
2235: 1683,1580,6145,7942,3872,4577,6939,591,3362,920,8079,1561,3074,6318,102,6333
2236: 5713,6720,4037,4557,5775,2051,6850,6941,5204,959,52,4913
2237: 2390,7149,6046,7231,327,904,5414,3490,7061
2238: 7943,7108,837,7219,3463,7169,229,7691,3958,4526,937,5352
2239: 5287,7144,3973,6583,6096,1114,7664,328,7984,2566,7335,5298
2240: 7186,2706,1172,1843,5048,6386,735,5405
2241: 7174,1281,3856,3365,7203,6368,296,5694,2544,7829,542
2242: 6073,3433,3536,7907,771,7206,4653,6528,3098,2370,3202,790,4272,4835,5111
2243: 2513,3961,3339,805,4161,7711,7761,2079,7502,3923,8105,6134
2244: 638,1141,7592,7303,2922,1815,2970
2245: 6954,8022,2383,7332,4385,6433
2246: 5131,2843,7450,283,3694,4607,8099,7523,555
2247: 4264,3352,5543,6366,2038,1095,7462,8178
2248: 7426,1132,7507,4183,4649,7562,5448
2249: 3858,3588,438,7538,545,7621,6379
2250: 6904,1265,1548,5563,3217,7565,6680,7474,6054,3893,7674
2251: 6775,2472,3210,7156,6538,7572,4419,284,8189,993,2034,1374
2252: 2759,2037,4238,4978,1419,7444,7578
2253: 7695,7249,3767,7600,6717,2739,241
2254: 8009,3276,3529,5792,785,4598,701,7390
2255: 3635,6717,7721,1221,1966,8156
2256: 1078,507,7850,7728,242,6762,881
2257: 3115,7745,5389,7376,1242,1894
2258: 3738,407,1460,6259,3159,7614,4167,6101,4997,4919,4265,2006,5021,2961,7493
2259: 4982,1247,666,2417,5683,1314,3055,4174,7105,5677,6580,4231
2260: 3932,3868,5487,5554,4664,4240,5326,2666,5288,158,3367,1983
2261: 5689,2192,737,739,6676,4271
2262: 4410,646,2901,7194,5140,1057,7692
2263: 4428,1156,4412,5769,2552,4461,4878,5378,4656,1083,2518,5630,2992
2264: 4430,7688,7679,2312,5732,3934,2433,2560,4493,5671,625,1618,4177,5722,1398
2265: 190,1424,5707,2688,2533,6581,874,4435,4912,7277,3116,2938,1249,6655,8153
2266: 2811,7741,2432,1096,4592,6194,4881,5659,4200,2344,871,494
2267: 4724,6109,1621,6526,5497,957
2268: 5371,3624,7964,3293,1774,189,4741,6069,1285,7384,3047,4011,25
2269: 7204,2473,7481,7812,4788,3678,4343,3894,5530,163,2658,65
2270: 4850,923,2912,4302,8012,7724
2271: 4426,3593,81,7818,3090,7410,1299,4858,5133,268,4449,6586
2272: 543,1061,5157,8162,2906,106,7697,4652,2804,4876,5088,2556,6695,2523,5312
2273: 5805,1309,5966,5087,6989,6150,473
2274: 1217,2313,1867,5089,4460,3283,2932,7910,6535,6242,5574,6227,3559
2275: 5779,5092,480,4884,2304,3113,7460,7087,7119,3827,234,6638
2276: 5211,5218,1997,5097,1342,4765
2277: 6067,5150,4584,4527,2666,1527,1173,6043,803,5225,3868,1733
2278: 1184,705,5255,5862,5063,2649
2279: 7811,1506,725,15,5555,6100,7740,330,5438,2834,3379
2280: 3012,7550,777,1282,7314,2006,6853,232,5502,7027,2961,6410,2985,7013,833
2281: 2024,2811,6173,1833,601,1827,3347,2209,5519,536,896,4748
2282: 1160,4525,4299,4794,1079,994,5522,172
2283: 5601,3451,1361,7471,3597,5526,3008,6758
2284: 4749,612,1781,7776,5558,7267
2285: 3729,6283,658,3023,2968,1157,1819,2456,5935,5640,1446,5284,5690,5517
2286: 7436,5220,6613,1062,5765,7792,4747,5282,1805
2287: 7766,5787,1924,2917,7973,47,3901,1667,4275,3560,7391,7429
2288: 757,5793,315,6549,5096,1438,610,2933,4860,48,2196
2289: 5382,5795,2650,5291,2411,3348,4564,466,3982,1809,7654,4841,8103
2290: 1556,1028,7977,5989,4578,2539,3702,2477,7771
2291: 7472,1529,1662,6058,6250,1707,4273,2407,7675
2292: 989,6068,6431,4950,4755,2121,4243,6268,6566,2399,5304,1193
2293: 1901,3486,4254,6088,269,2766
2294: 1164,3395,867,4329,1399,4827,6168,7620,7769,252,5956,2674,1222,6347
2295: 6869,4118,4154,1386,5128,1111,4204
2296: 4457,5011,4525,4299,2878,3595
2297: 3083,2431,5649,5016,6703,1012,1319,7901,5041,7611,704
2298: 1099,6499,4936,5654,6158,3513
2299: 6458,2160,497,1803,577,7351,5079,5804,364,972,7042,7835
2300: 259,3736,7833,2510,5274,6621
2301: 928,1051,4506,2610,4255,5301,1475,2757,5975,4973,7998,6880
2302: 3712,1817,5626,1910,772,6081,1816,3286
2303: 3806,773,5422,3525,1343,740,6865,8001,4530,5701,6897,7157,6475,6779
2304: 5779,1229,2275,480,7087,7119,7467,234,1730,3338,8000,6638
2305: 5781,7302,2158,5985,475,1747,256,5597,3477,8150,6555,4437
2306: 7849,4150,7727,3085,2925,6291,3557,2974,6783,4676,444,5292,4458,2661
2307: 6298,4651,7899,3619,123,6532,7787,7243,1019,3610,7623,4115
2308: 3966,6312,4104,7658,1862,5104,4310,702,8017,585,7481,4343
2309: 922,5090,22,7891,2143,6117,4280,7006,6677,6353
2310: 1831,2132,6355,7307,4879,2689,1154,5154,3192,3065,857,1320,5580,6541
2311: 5542,3147,3519,5244,6406,5420,6387,1245
2312: 7688,7679,2752,934,2264,2433,4455,4493,5671,6480,625,1961,1004
2313: 2274,1867,8125,5089,1391,3283,2932,6535,3408,7564,5574,6496,5890,1583
2314: 907,4087,8007,3242,6524
2315: 3186,4382,6678,904,7528,4538,5902,3490,1420,4784,2206
2316: 24,850,3353,80,5940,7809,2100,7069,6781,5095,7938,6860,6650
2317: 4499,3017,1401,6017,1966,6785
2318: 1350,4416,1724,6936,3361,7274,6180,4611,1001,6792,4842,5523
2319: 3723,6794,112,7231,3417,7567,5537,4127,1382,6046
2320: 33,367,4035,4708,6910,6422,7341,6796,6974,1695,4467,2506,270,5837
2321: 4367,1149,393,6806,7622,6904,558,3265
2322: 6844,4764,5621,1113,6419,886,514,5268
2323: 6186,579,1351,6855,1873,227,8124,2478,4709,4128,6055,7375,6290,6500,3548
2324: 5447,4193,1150,5173,153,1800,4810,6706,6872,5331,4099,2862
2325: 2662,6263,7764,3244,1257,4035,4708,516,6910,8117,6422,7341,7034
2326: 5419,4162,1009,2362,5719,6916,4368
2327: 5733,6918,5891,2404,7630,5447,2738,5286,1394,5602
2328: 6920,7316,1122,3672,4864,6370
2329: 8173,109,6922,3523,4869,4528,483,3693,8087,6373,8094,3657
2330: 6924,5881,1530,6596,3364,787,4668,1104
2331: 6930,1870,8010
2332: 2750,5072,1712,768,598,3755,5772,4181,243,7266,883,3742
2333: 4989,2336,3882,7216,4801,422,4465,3128,4232,4789,4512
2334: 8096,1330,1434,6228,2154,4336,3428,8122,2475,537,7454
2335: 331,1152,1946,7742,4317,4362,7152,6221,366,3487,5027,4363,6395,3611,7707,4586
2336: 7128,4989,5770,3882,4830,2333,2664,7216,4376,1562,4918,1006
2337: 2374,2701,1945,4478,3793,5947,4132,7580,1020,85,4378,7135
2338: 956,2972,6880,5113,4867,1538,7683,4432,468,7181,8109
2339: 173,491,2370,2727,560,1293,415,1601,4490,7677,7662,5954,4952,7206
2340: 2783,517,5139,8131,3224,4386,1167,5049,4832,4513
2341: 3855,6418,2165,1600,4515,1620,6026,4817,821,4984,2515,934,4455
2342: 1515,1905,5018,1934,4541,3720,1043,5829,7146,5592,4533,5776
2343: 851,6971,324,1693,6768,5727,7394,4573,2095,355,2681,3930,6051
2344: 7364,1205,6490,871,494,4592,2266,4416,3237,3449,4611,4200
2345: 4269,1195,3667,2731,872,7009,4929,3109,1063,5344,2148,2564,316,3632,7065,4630,6507
2346: 4575,938,4693,5417,5059,2988
2347: 6460,7223,329,2786,4737,7137
2348: 4717,1206,572,1420,7195,904,7528,4784,2206
2349: 5042,1563,879
2350: 1283,5172,7563
2351: 7430,2186,7107,3404,4883,1192,1517,3420,5746,8019,8084,1581
2352: 971,3738,4901,407,6259,7614,4167,4919,556,5799,4130,4159,5229,4265,706
2353: 6775,7363,1284,989,6068,3210,6431,3214,6268,6566,5318,1295
2354: 1099,6158,5336,1962,4274,11
2355: 3186,4382,6169,5454,1360,518,7458,3402,1926,4601,5971
2356: 1949,3360,1234,484,5460,1136
2357: 3706,5636,1326,307,5490,4469,7202,835
2358: 7869,7588,7320,7075,1570,1357,7083,5590,880
2359: 1254,5600,2544,6705,5823,542,4390,3663,1182,6172,4062,475
2360: 7965,6670,3211,5883,3354,599,5612,647,3005,285,6593,1143
2361: 6419,2806,886,6898,5702,2102,5366,2570,5376
2362: 5419,7387,2326,5719,3277,6038,2208
2363: 1025,7729,3384,6741,5973,769,6078,5730,1325,3865,1657,3613
2364: 3627,352,4308,6833,1909,1151,5839,1546,5364,3618,8186,622
2365: 6749,671,5907,2894,4282,1699
2366: 297,4477,7262,5938,1676,6330,5143,6389
2367: 5953,2001,5323,455,1584,1523,3042,4509,4774,2941,1190,7884,3981,3215,6428,6573
2368: 3395,8018,4862,5892,1399,4827,3416,7598,1437,3383,4820,1162,7631,2463
2369: 2642,1995,1560,21,433,2101,150,4246,4421,5075,7889,594
2370: 2339,491,2727,415,1601,7662,5954,3202,1343,3433,2242,4952,7206,4653
2371: 682,1779,5978,5718,7411,7284,3261,275,3414,4663
2372: 6776,2839,2726,6229,3044,999,4648,7685,4727,493,4429,1903,7709,4823
2373: 1380,4767,4203,3995,4701,1275,305,1559,3859,7016,5474,2109
2374: 7318,5915,5103,4478,3793,2337,4132,5620,85,6257,3135
2375: 5276,3137,7629,3947
2376: 4717,7488,5749,194,1206,5478,4559,4784,1476,4906
2377: 7046,5754,8052,361,3328,3170,6547,6473,2777,5693,3241
2378: 6109,5922,1711,2742,5895,5177
2379: 395,7201,2395,6340,1719,7921
2380: 5033,1603,6421,3336
2381: 5933,6466,2028,5071,267
2382: 3785,117,6769,5358,8046,7557,4894,5109,355,7519,6824,6051
2383: 6954,8022,2245,3976,1708,2830
2384: 4196,2540,5034,4029,7779,6981,741,7032,1117,6444,6336,5737
2385: 5750,248,4501,7539,3860,2398,7971,5509,7452,3114,2918,6983,2632,131,7244,6197
2386: 3376,7642,6993,1125,7050,6640,3887,3797,652,6735,800
2387: 5856,1659,101,5470,7047,6217,199,1384,5813,8127,4958,3547,2774
2388: 7084,4355,4603,6359,4279,3057
2389: 5042,1563,7150,5248
2390: 5488,2237,7195,7149,1382,4880,6046,7231
2391: 1083,2518,6899,1029,6671,5630,2859,5562,2992,5769,3315,557
2392: 641,4391,1223,7295,2956,4201,5247,3842,1558,6164
2393: 4440,6961,933,104,3335,3250,5767,7319,399,5342,4543,7306
2394: 8159,6084,7426,6665,7507,7873,5448,2619
2395: 7457,7569,7201,2379,6340,1207
2396: 8152,7483,4355,3057,7106,1963
2397: 2010,7516,4935,6858,7743,4941
2398: 2385,5750,248,4501,7539,631,3860,4195,7971,4670,5509,1510,7019,7452,2632
2399: 1439,6268,7566,7699,2292,5304,1193,7733,3459,193
2400: 3904,8008,1477,5799,4130,4160,5118,6849,624,5687,1179,7568,2031,2621,706
2401: 157,6462,6371,4600,7570,4682,3542,611,7265,3307,8083,2522
2402: 2944,6842,4447,7589,1644
2403: 1728,3217,6271,6680,2969,7622,6904,558,1548
2404: 553,7814,2327,1493,5891,2986,7166,2855,7630,5447,390
2405: 953,7808,7161,4107,3708,4999
2406: 7313,5333,3035,525,3036,683,7561,1341,7449,7058,276,4173
2407: 4273,4057,7390,7532,8036,4615,97,6058,2291,3276
2408: 2083,6762,4872,4441,6579
2409: 7128,4444,1166,1478,3882,4830,2664,7216,487,5822,5864,2803
2410: 2642,5951,433,7517,5075,3865,4787,4560,1636,111,8185,6350,3613,5730
2411: 3348,6824,814,7433,5399,4564,466,3982,5382,5795,2289,5291,6508
2412: 1637,7338,1363,3472,1341,526,4593,5375,5262,5327,7824,7597,8081,7333,6624
2413: 1929,1756,4592,4719,4881,8013,5659,5735,63,3449,4611,4200
2414: 8074,4721,4644,5906,6901,140,8190
2415: 1748,4871,4772,2419,1781,294
2416: 5755,1258,7281,4976,6442,713,3013,548,4729,4015,5900,2796
2417: 4982,1247,2259,5909,5683,534,5115,1314,3055,6632,884,4231
2418: 4003,470,4975,4627,2459,5061,742,4205,3727,6984
2419: 1748,5785,2415,4772,958,6732
2420: 7669,2852,5175,7989,1932,1208,411,4249,6063,3539,6511,5359,198,2751,5747
2421: 1997,6149,4765,485,5259,5182
2422: 6136,5184,5308,5635,1525,6424,4028
2423: 2550,4268,5638,5233,3149,1177
2424: 2779,3867,403,5889,5391,7924
2425: 146,4261,818,5421,4955,7078,4642,663,4991,6487,3080,5667
2426: 3725,6123,7718,1479,8171,5441
2427: 1731,1247,5826,666,7229,5909,2062,3645,7715,5393,5518,5815
2428: 954,5015,42,5882,7684,5589,2161,6636,7543,6341,5777,3834,5379
2429: 68,5623
2430: 6868,93,7903,4015,2677,7213,6159,4609,863,5645,5755,6714
2431: 3083,5649,6272,5016,2297,645,6703,1012,3052,704
2432: 7514,2811,7741,2266,6300,1096,3123,6309,4592,6194,5659,494
2433: 4430,7688,2312,5732,2264,2560,4493,5671,4751,6480,1209,3409,7799,1398
2434: 2498,5698,3776,5531,4481,2696,6737,1047
2435: 1422,5700,5036,3133,646,7194
2436: 5890,6645,1583,498,5703,3206,1022,8045,2883,3399,7870,7844
2437: 1350,8104,5735,63,6936,3361,4696,5003,4258,6543,6408,3161
2438: 6647,5864,5586,1429,52,3102,1534,7380,6367,5775,1478
2439: 619,1836,7492,3317,6287,5866,7864,3786
2440: 277,3357,5874,4617,6787,1026
2441: 6095,4113,7435,3921,5272,7004,731
2442: 1895,1744,4281,4458,5726,3681,1094,2661,7839,1178,6317,7849,2925,5675
2443: 1379,2758,3195,408,6059,519,2923,3582,4669,2105,5657,5039,7172,7064,4312
2444: 1067,4296,5043,554,5471,998,7512,4395,1426
2445: 7311,1027,6825,5023,4768,1311,4621
2446: 4891,6306,7708,7605,3406,3517,3412,7227,899,1203,6105,3011
2447: 4004,1423,7197,3769,1597,7270,49,4463,4551,4063,5642,3502,4893,5945
2448: 5264,4045,5081,4674,1500,5022
2449: 107,5355,6444,3312,4966,819,229,2919,937,5034,5159,1442
2450: 1259,6073,3433,4462,3536,779,7907,771,1618,4177,5428,6528,3934,3148,447
2451: 6707,5431,6657,5814,967,9,1639,1023,1753,4854,1542,6681
2452: 3770,632,8187,4866,5472,3022
2453: 1239,651,3475,5831,8126,7093,5315,5962,1248,2695,2737,2468,7837,4868,5756
2454: 6828,820,7168,240,1017
2455: 6849,3518,729,6181,624,7678,7568,6053,2031,6664,1296,788,1953,2135,3846,4320
2456: 6315,3729,6283,7034,658,2285,1157,1819,4660,367,6263,516,6910,8117
2457: 6383,363,6551,6666,1898,4550,1782
2458: 7245,6617,1927,4146
2459: 6835,4003,6022,3299,2418,4627,559,6729,5106
2460: 6955,6849,1790,7678,5687,1179,7568,4777,6053,6286,2621,435,2985,706,3889
2461: 1653,6707,2051,4595,1023,1753,6850,6941,3122,2224,5204,5596,4913
2462: 1440,6498,6882,6890,4938,6767,6797,3703,508,461,7993
2463: 817,6014,2588,2016,1524,488,4619,6960,7598,7254,4820,4722,2368,4862,5892,3416
2464: 1139,6980,4179
2465: 1484,4408,4210,6998,2851,5997
2466: 7823,2057,7053,1944,4131,4764,5621,1113
2467: 5803,4613,7059,2555,7687,174,6331,1313,2623,5009,6327,6560,4079,2159
2468: 1248,2695,2737,7396,7837,2530,4868,4322,6603,5756,1239,8126,7093,2453,5962
2469: 4718,7705,3555,1689,5976,2687,1368,2577,7111,6037,7171,7222
2470: 5020,5122,335,7113,2731,6523,7014,2841,4929,6563,1302,4532,1602,709,2480,2741
2471: 3034,1506,4417,7056,5555,7148,6813,2702,342,5452,6455
2472: 6775,2251,7363,1284,3210,6431,7156,4473,8189,416,993,2034
2473: 585,2269,7204,1244,4343,3894,5530,163,5547,8059,98,65
2474: 3907,7218,6675,8058,3168,5465,4945,4938,3187,155,3703
2475: 8096,1330,7232,2334,6228,2154,3428,62,6161,5058,7863
2476: 4825,8021,3595,7247,966,4457
2477: 4126,4844,6889,1028,6837,4578,2290,3702
2478: 579,1351,2323,5240,4128,6055,4080,6965,6500,943,4195,1993,5825,362
2479: 1414,6570,3816,2221,4359,2778,1324,4902,6111
2480: 45,3979,1820,7328,2741,1771,4524,5996,5020,2470,5122,7113,2731,7014,8147,3551
2481: 3279,5532,2736,5865,5533,8121,1173,4589,660,803,1480,1393
2482: 1926,1704,4623,900,7360,1005,6501,8057,3892,5944,4601
2483: 3016,1389,7511,6903,77,5496,5453,1736,4198,1068,1280,5498,6206,4614,4944
2484: 4691,903,4245,7494,6881,3300,1434,4336,8122,537,7959
2485: 5476,3988,4705,1187,469,3494
2486: 4779,4763,1860,1216,2562,822,7908,4902,6734
2487: 3978,7795,8044,2179,6402,7019,4805,5357,5802,7452,2620,1211,7244,248,4501
2488: 4977,3854,2147,6953,7974,95,7618,1606,5070,5565,7655,4488
2489: 7064,4224,4726,1253,7608,756,4996,4312,519,5657,3850,1482,4854
2490: 6624,4196,2540,3944,5034,1796,5159,741,5352,7032,436,7108,1134
2491: 922,5090,8003,4280,5542,2671,1245,1441,5480,4306
2492: 3442,4724,1621,4738,5094,6080
2493: 5983,3876,6314,5076,1681,3798,5546
2494: 6618,5203,5625,1180,662,5688
2495: 6985,5259,5102,3639,160,5182,6041,2058
2496: 6696,164,6128,8029,3104,997,2563,3136,5440,2594,5828,7518
2497: 5930,5757,5467,4268,5233,2116
2498: 5698,4214,5531,2434,6737,7626,2765,1337
2499: 1496,4262,6816,2056,5534,1646,4239,5836,5253,1743,7209,6375
2500: 7008,6625,2113,3093,136,1941,4180,7489,5841,2945,1807,5536,675,4514,4885,6436
2501: 5979,5044,1206,655,5629,572,7211
2502: 5619,2857,2977,3861,3913,3094,4643,6539,8172,603,3478,5711
2503: 520,3572,5604,1145,7986,3553,5716
2504: 1317,2638,6495,5056,1549,5751,4545,5000,6917,3783,2220,3296
2505: 3493,3182,5063,4220,5780,5014
2506: 3849,1695,2122,4467,5837,33,2320,8088,6422,808,5099,5910,5579,3577
2507: 5544,1121,2767,6278,4502,7770,5908,3963,6540,1987,7386
2508: 4150,3085,3557,6783,5292,5706,5940,4307,7938,1908,1181,448
2509: 4411,527,5990,7368,5306,1189
2510: 2300,5274,6621,995,5872,6019
2511: 5337,713,386,4729,5302,6545,2566,2866,6029,5868,1081,2981
2512: 3850,5058,1656,4537,3135,970,5146,7454,6034,2072,3235,5915
2513: 439,5791,3339,4758,2243,5715,805,4161,5786,7711,7502,6134
2514: 3393,6492,4012,5078,1703,1979,3431,7775,8094,1590,5362,4485
2515: 934,4455,4493,5671,4751,6480,2341,4817,821,2205,992,1209
2516: 4314,3668,1649,4953,7098,5874
2517: 1904,4858,5133,2643,5924,6187,1640,1712,429,7578
2518: 1083,5630,6064,2391,2859,5562,2992,4412,5769,2552,2263,7237
2519: 7214,1424,1153,2688,4364,7277,8100,838,1449,3231,7834,3072,6079,5361,5932,3643
2520: 6784,5378,4656,243,4449,5959,973,4422,1858,3090
2521: 4109,5558,7267,5605,6098,6301
2522: 7825,611,6277,3189,8083,4937,6371,8138,2401,3764,7570,1975
2523: 4083,389,7018,1286,3543,3099,5312,7700,1061,5157,2272,2804,4876,6695,7159
2524: 2723,6129,7639,6938
2525: 6988,418,3346,6656,1007,500,1024,5247,7485,1663
2526: 430,1624,3803,7415,6999,673,6344,3287,6780,684,3285
2527: 7026,6533,314,2795,4438,7044,196,1709,4063,5561,1857,5326,3502,5945
2528: 5672,5650,4456,211,6415,7060
2529: 7062,5092,4247,751,4567,1287,3610,7421,1559,3619,4740,4203
2530: 2695,6695,7159,7396,2468,7837,5215,178,4868,4322,708,854,4742,5386
2531: 5242,3423,7163,6003
2532: 7026,4987,6533,314,7167,2795,3516,6513,7044,1783,1331,7778,308
2533: 7214,190,1424,2265,1153,2688,3718,874,4435,4912,7277,8100,5916,3116,2938
2534: 6081,6411,2888,7854,3658,7527,1816
2535: 3962,7549,7836,230,1263,5595
2536: 301,4172,7604,1802,6071,3629,4076,7310,919,7553,740,6148,7952,3970,6779,437
2537: 5760,1761,4793,674,6396,7731,2959,6469,3079,1470
2538: 7744,1250,1785,5319
2539: 1028,5989,2290,6889,4962,7503,2119,7771
2540: 4196,5034,2490,7779,5159,741,1442,2384,1117,5355,3520,6444
2541: 5948,7793,7976,3527,4031,7468
2542: 682,5978,7411,7284,5694,7810,275,1395,4437,873,5724,1747
2543: 6701,7813,7145,3945,6699,53
2544: 2359,7819,1254,5600,7829,5100,542,1182,7174,2241,6368,296
2545: 5713,1483,7838,6770,2078,959,497,364,7355,2140,5267,3771
2546: 7856,6185,265
2547: 5115,4459,7866,1903,1300,6154,7709,884,2145,1185,2726,999
2548: 3297,7897,374,2667,4753
2549: 157,561,2743,4790,4600,1045,4266,1763,5125,2651,7184,4745
2550: 4268,2423,3695,5638,7874,1495
2551: 4285,2150,4934,2144,125,782,4570
2552: 4428,4412,2263,3593,4878,5378,4656,1858,1083,2518
2553: 645,1012,3052,4466,5028,4706,7640
2554: 2895,7424,1789,1820,3722,1069,5996,6196,4834,1625,987,4189,5993,224,4531
2555: 7345,979,5803,2035,5238,2467,4613,7059,6609,6802,2646,3558,7687,4228,5024
2556: 379,5885,3438,6244,4742,7177,5386,6592,543,1061,2272,7697,4876,6695
2557: 3899,4754,4287,633,4694,910,7867,7932
2558: 7546,1107,4732,7898,6077,7378,6740,1808
2559: 2096,951,7584,6248,6155,4736
2560: 4430,2264,2433,4493,5671,4751,7735,6024,5722,3409,7799,8132,2211,1398
2561: 5381,4837,6666,4628,3171,7381,8073,2939,3759
2562: 4779,1860,822,2486,4445,4902,6111,858
2563: 8137,3136,5440,2594,5138,2048,4804,1850,2496,4923,930,7518
2564: 3021,2827,2148,1626,8069,4519,5194,1403,273,1063,5068,5344,2345,7009,3632,7065
2565: 4313,7305,5218,1097,6191,1694,549
2566: 5287,7144,2239,1114,4143,386,2511,962,5298,5302,6545,2981
2567: 5778,5330,4649,1647,3931,2036
2568: 940,5353,4609,7978,3429,863,6868,386,93,3311,7903,5298
2569: 6118,3740,1316,5369,5230
2570: 4417,7056,5702,5366,2361,886,5376,6844,342
2571: 5894,5409,6687,6486,2207,2075,4349,1678,6289,4008,5426,92,7885,3000,6550
2572: 4824,7282,861,7776,5558,5605
2573: 7616,5608,6211
2574: 2678,7598,3799,7418,7254,613,405,7331,6646,1557,5624,3383,4820,4176,2886,7631
2575: 6913,5637,887,1972,4863
2576: 926,5641,1679,3253,5435,5404,5572
2577: 8180,2810,5739,7111,799,6256,1797,1627,2469,3555,5976,6037
2578: 4213,7407,2625,1034,4679,5085,1431,1968,5784,1880
2579: 1471,3833,5425,7706,5788,4631,1532,3389,3111,128,7665,5205
2580: 634,5815,4665,3836,7805,4358,4870,6659,2800,1100,7229,228
2581: 6558,948,459,3039,3420,5878,1608,5963,2609,175,7720,1352
2582: 1891,7638,2854,5003,4258,327,5114,5901,718,2708,4155,5797
2583: 4157,2802,1105,544,7110,1148,5919,7071,3203,7199,1430,7395,351
2584: 4847,5981,138
2585: 1929,3683,370,924,5575,4719,5115,4375,4174,2145,6979,4231
2586: 4304,5684,7011,8091,2606,3886
2587: 3746,6372,4572,2198,495,7428
2588: 817,2463,1566,4797,6014,2016,1524,6267,488,4619,6960,5359,5699,4722,4862,5892
2589: 1609,4706,5147,1765,7640,2627,4218,5013,3052
2590: 1547,4796,321,5252,961,2131,1916,476,1036,7271
2591: 5208,4840,745,5362,4310,489,4479,7416,1773,34,702,3127,2658
2592: 3204,7522,8149,3609,1130,5083
2593: 5127,4406,4423,2725,3903,334,794,7918,8000,4100,7680,1229
2594: 2563,8137,4333,5035,6258,3136,5440,5138,4804,1850,5828,2496
2595: 388,1183,5256,1453,197,3646
2596: 5365,4677,4641,7335,940,5353,3429,3311,5298,5287,3973,7984
2597: 7896,5028,6911,5484,3083,645,6703,1012,1319
2598: 4424,5367,693,5152,3900,299
2599: 2021,3439,3645,5457,4102,5393,1607,6574,5736,6052,6697,490
2600: 4440,6209,5464,7816,3335,48,7388,7545,844,313,7012,7515
2601: 4386,1167,3993,5964,5495,5049,2059,3949,1845,2783
2602: 3249,5512,2225,5617
2603: 6743,6477,5528,6120,3194,5634
2604: 4257,5540,4590
2605: 2191,4476,824,5613
2606: 5960,7414,3886,5372,5684,2586
2607: 6316,5713,7838,6538,6720,4037,4557,5775,4166,1037,807,3102
2608: 1905,5018,4541,207,1043,5829,7596,1370,3831,2226,4102,6574
2609: 3565,1677,1608,5963,425,2581,3039,175,7720,6662,4540
2610: 6718,928,3975,4255,5742,5301,2301,2757,5975,4973,7802,5771
2611: 4456,7060,7538,545,5629,5979,1673
2612: 3925,213,6743,6120,2698,1749
2613: 6089,5086,604,3053,6627,5186
2614: 6108,5064,1631,6628,59,855,3813,4517,681,8015,1112
2615: 6739,6745,1055,6207,6163,776
2616: 5289,1564,6577,2684,3150,651,3475,5831,1935,3353,5982,7069,4342,6015,6229
2617: 4305,7774,3303,3964,6077,6239,1327
2618: 1587,1197,7362,6966,578,6253,8146,6189,4187,257,3690,142
2619: 7873,39,500,5448,6254,5571,2394,7426,6665,7507
2620: 2027,971,3738,4901,6259,3159,1211,4919,5229,2073,2487,3978,7795,2179,6402,89
2621: 6849,2460,5687,1179,7568,2400,8008,1477,5799,4130,4159,5118,4265,435,706,407
2622: 2152,5007,4147,936,8027,4671
2623: 6331,1313,1425,1436,7469,3656,7233,5009,5080,4168,3323,7687,174,2467
2624: 195,1021,1224,4210,4162,4368,6998
2625: 684,7777,4213,7407,4448,2578,3984,7455,1432,7415,1431
2626: 6978,4216,5458,573,4241,1912,2921,1225,4125,7217,567,3840
2627: 307,4706,1765,7640,2589,4218,5490,6103,1326
2628: 4638,754,4276,1210,1032,6912
2629: 1360,1001,7458,4361,3062,3402,4337,4842,5029,3468,8014,1688
2630: 5408,3858,7538,7236,4456,211
2631: 7286,1685,778,5860,6887,3302,4482,6001,7577,1331,2173,6245,6949,3456
2632: 2918,6983,5055,7244,6197,1497,6751,2179,7452,2385,4501,2398,7971
2633: 5169,1184,5862,2899,5830,4503
2634: 1018,6072,6715,4191,2142,6610,1367,4229,6962,1051,4506
2635: 1212,675,810,3362,1279,7842,2170,4345,4514,4885,5992,6436,6876,7248,7008,3093,920
2636: 7666,5511,692,64,4521,1328
2637: 1065,4536,731,161,7074,3652
2638: 6495,5056,2504,1549,3704,5751,4545,5000,1135,4495,1750,5358,3296
2639: 1872,5330,4649,7877,6106,7562,90
2640: 7883,6020,3006,1046,6142,4704
2641: 4993,66,4726,3801,1253,7608,6576,756,4996,7225,446,4357
2642: 1995,5951,433,2101,2369,2410,7517,5075,3865,4787,4560,8185,4932,6350
2643: 4859,4858,3493,5924,654,1640,2517,4426
2644: 956,4867,440,7683,1757,3172,5527,7181,4714,7701
2645: 4915,605,4814,7043,7297,2770
2646: 698,5080,3558,1344,4168,3323,7687,174,1930,4228,5024,7059,2555,5009
2647: 1666,221,366,3487,3489,5027,3806,5422,6865,1837,7646,7500,2827,1152,4317,6221
2648: 4296,5043,1818,6822,4185,3421,5121,1426
2649: 7576,3594,5780,2278,5862,5063
2650: 5382,5795,2289,5291,5098,1469,4700,7682,173,7654,1293,4490,7677,4841
2651: 1763,3308,4951,5008,4769,5125,4682,157,6462,2549,4600,3307
2652: 4872,3002,6579,5036,4725,5251,7650
2653: 5304,1193,2103,7010,5217,1675,4950,4755,2121,3197,1228,1859
2654: 3754,5341,8012,6857,911
2655: 7529,1737,5692,5442,7279,3332,4236,6446,1371
2656: 7999,3627,352,1151,5839,5364,5385,5619,2857,5510,6878,1137
2657: 3748,3024,5782,4140,4084,4958,8026,5360,5470,6217,3547,263,8120,1226
2658: 8017,2269,7481,7812,6994,3678,4343,745,4310,489,2591,702
2659: 888,4420,3766,7300,323,4481,306,4000
2660: 4089,6090,6909,1031,1726,7868,3091,3614,4657,906,3387,474
2661: 2442,1895,894,546,5062,4458,5726,7220,6317,7727,2306,2925,6291,4676
2662: 6380,2325,7764,1657,3244,1257,4035,4708,516,6910,8088,6422,7341,3613,769
2663: 5025,4133,4761,3305
2664: 7128,2409,1478,2336,4830,1353,7216,487,5822,5586,2978,4376
2665: 4773,2699,492,2052,6183,4873,5124,6682,2013,974,5437,7658
2666: 7334,4584,4527,2277,6043,5225,3868,5554,2260,5288,1733,3367
2667: 374,5314,4394,7115,2548,7897
2668: 6618,5203,5320,2200
2669: 5383,528,6432,3146,5334,7141,3396,2136,6240,5584
2670: 1308,7756,3139,1615,5354,5109,975,3756,7519,5598,7712,251
2671: 6406,6387,1245,2491,5480,226,7028,1727
2672: 1514,7186,5221,3589,2706,5639,2230
2673: 5991,935,7953,5745,4464,2762
2674: 252,4124,5956,1222,1893,4277,6635,6347,1372,7769,1164,2294,6168
2675: 5970,6699,1881,6829,7747,607
2676: 6191,6332,6423,214,5581,6891
2677: 6435,7213,3450,6159,6877,863,8188,3014,5645,5755,93,2430
2678: 281,3546,3799,7418,613,7293,1058,405,2574,6646,5942,5167,6759,791,4897
2679: 7099,6116,237,5606,293,1546,8186,6772,3481,6721,1255,3573
2680: 5147,6937,1765,5591,4218,5013,2063,969,6956
2681: 3930,6051,3687,1433,7968,5004,5399,851,6971,1693,6768,2343,6056,792
2682: 1572,177,6982,7737,6448,3157,3281,8
2683: 4304,7011,4158,1883,1603
2684: 2616,5289,6577,651,1935,850,5982,7069,4459,4342,1185,6015,6229,999,4727
2685: 4354,2056,1628,339,5253,4051,2097,7117,7542,1448,4475,6557
2686: 7819,6320,1254,7123,1321,6705,3648,5468,88,3972,4877,3802
2687: 7766,6203,2917,4153,1368,2469,7705,1689,7111,7171,7222,309
2688: 7214,190,2265,1153,2519,2533,3718,4364,4912,7277,8100,5916,3546,7293,838,5167
2689: 6976,2132,6355,7307,2310,5388,443,1344,3323,1930,5580,6541
2690: 6642,3659,5294,7340,1138,7845,6450,1793,6192,7013,833,6942,232,5502,431
2691: 7898,7378,1751,6033,388,6997,197
2692: 7389,5489,7497,5818,5124,7400,1822,7077,553,1421,6482
2693: 4179,7951,4415,6980,1186,375
2694: 5859,7434,2970,4223,7592,5610,976,7535
2695: 2737,7396,2468,7837,5215,178,2530,4868,4322,2076,4742,1239,2453
2696: 5698,3776,2434,1047,3183,6394,2765,4339,4747
2697: 4366,947,1120,6660,3752,312,1629,4202,7127,4775,3270
2698: 6032,1749,3925,2612,7189,4980
2699: 4773,218,2665,6801,1759,492,4673,2052,6688,4873,4949,6682,5437
2700: 2828,4757,3820,5149,1740,5857
2701: 2115,3601,7318,1887,215,4478,4831,2337,5947,7135,7188
2702: 342,5452,1835,5105,2471,1506,4417,7148,602,3146,6455
2703: 53,5186,6057,5135,7813,5086
2704: 445,5351,4110,4503,6270,1291
2705: 3602,1710,6451,8053,3193,5566,5725,5720,5936,1397,752
2706: 7186,5221,5639,2672,2240,862,5048,6453,6386,735
2707: 1540,6464,4869,7336,521,5633,4546,3120,165,3067,4528,7919,6838
2708: 3180,1354,1213,6771,4259,5584,5797,898,1891,2582,4258,5114
2709: 5192,1610,1818,6764,1931,126,3096,6822,113,4185
2710: 4762,3816,1474,793,202,6385,3856,5032,6851,4151,1270
2711: 4440,3939,7911,6209,6961,1794,933,104,1140,8140,7306,6809
2712: 4207,3426,969,5911,7005,307,6361,1825,4469,835
2713: 1986,4010,4169,5541,6374,4266,1763,7057,3018,1444,7184,6871,2743
2714: 1266,1969,4780,4642,2845,5927,663,5759,5988,3922,3262,5567
2715: 2,6970,4418,8085,650,6899,5082,3437,2813,5869,7327
2716: 4172,522,1553,4928,3629,7358,3983,1302,6782,5673,1049,2841,4141,4500
2717: 7399,1048,7702,82,3535,6033
2718: 1485,4760,4497,712,7461,4334
2719: 6176,7477,1045,5178,4504,617,3243,3443,4745,7487,1375,7780,719
2720: 1834,6859,6434,3319,7509,5250,6284
2721: 7291,1188,5269,7526,2061,5501,1002,4338,7886,2896,765,5679
2722: 2982,692,7584,6248,333,1294
2723: 2524,6544,4942,7639
2724: 889,3719,2844,4346,4839,5005,2979,2004,7657
2725: 5127,2593,4423,794,7680,5045,3724,5198,4309,3343,6491,2794
2726: 2372,6776,999,4648,4727,493,4429,1903,2547,7709,2145,4823,3123
2727: 1310,2339,491,2370,560,415,1601,4490,7662,5954,4707,3525,1343,4653
2728: 5250,8066,6284,929,5494,7725,3655
2729: 6561,4968,754,2950,4164,3976
2730: 6959,8167,2810,7072,1797,5503,4659,3065,5796,8164,2069,5387
2731: 2470,5122,7113,4269,1195,6523,7014,872,2345,4137,8147,4929,2480,1771,686,316,4630
2732: 4495,117,3330,7165,6747,2218,6495,1147,1310,4637,5329,560,4707,3129
2733: 4504,617,1303,2744,3243,3443,7208,4198,3016,7487,7511,1375,6903,5332
2734: 3978,8044,2993,826,7019,4805,5357,5802,5879,262,636,5827,4082,1510
2735: 1003,7205,4994,3580,4587,5461,7052,315,3260,610,3368,7505,5832
2736: 5533,2481,4589,1480,6262,6919,1033,4675,373,539,1393,2758,7832
2737: 1248,2695,1906,7396,2468,4868,4322,6603,5756,2030,708,2453,5962,4256,3521
2738: 3290,3928,5286,1394,465,5602,5733,2327,6918,5891
2739: 4716,241,6049,2253,3635,6717
2740: 7642,6772,3030,4548,5348,6640,3887,652,3481,6339,6721,6536,1255,119
2741: 2895,45,1820,2480,4374,4524,5996,6193,1602,709,4522,5020,2470,5122,7113,7014
2742: 154,1711,7138,2378,5895
2743: 561,7477,2549,4790,2713,4169,4266,5125,7184,6871,3443,4745
2744: 4504,617,1303,2909,2733,336,3443,2000,7208,4198,4523,4103,7511,6903,1736
2745: 4372,1154,1592,7264,5154,3192,7668,608,4077,3743,857,12,1320
2746: 8139,6754,8009,1605,785,5067,1982,7294,4645
2747: 188,1369,3672,7301,74,1977
2748: 1795,4977,3854,7476,7501,6953,7974,95,4068,3191,5016,6719
2749: 4668,5863,7957,1104,2822,179,7879,1385,7573,7404
2750: 5072,5349,1712,7602,3564,2332,7578,3773,768,4298,7365,5772
2751: 198,3570,644,3342,1267,5747,2001,4561,5578,5323,4249,6511,7669,5449,2420
2752: 7688,2312,934,5671,6480,625,1620,1961,1004,5098,4700,7682,1293,4756
2753: 4891,6306,7708,3406,3517,118,3058,6947,3823,4635,6521,6097
2754: 2981,3671,2860,368,7736,5397,2011,7260,4143,4549,6029,4647
2755: 7760,7487,1375,6903,77,4799,5332,4504,3677,4324,7780,719
2756: 7777,6926,1373,4448,1034,5646,6923,8039,1550,3690,4484,183
2757: 6718,2610,4255,5742,5301,1475,2301,7802,3375,1019,4115,746
2758: 1379,7832,408,2443,6059,3582,4669,6262,6919,1716,7172,4675,2736,4589
2759: 7846,2252,2037,2898,4238,7972,1419
2760: 2082,3369,2229,7530,78,5060
2761: 5430,3499,7858,1402,3313,67,4851,347
2762: 7499,7861,5202,7953,2673,935
2763: 5890,5703,3206,2883,7870,5529,300,1391,8056,1954,1292,3906
2764: 6506,3664,1018,225,7880,2905,4191,592,6713,2114,2892,1643
2765: 5853,1047,665,4723,4096,2498,5698,4214,2696,7626
2766: 562,1788,4373,3486,2293,269
2767: 1121,4734,1335,5680,2507,6278,6726,4502,858,1533,2221
2768: 7893,3842,5077,7373,4391,1630,1223,3866,6413
2769: 6988,418,3285,6656,1007,4679,5085,1431,7366,5347,7407
2770: 7297,5166,2645,4915,501,7875
2771: 20,7882,4892,5201,6390,1227,6476,203,2915,3660,2202,216,2032,6679,5764
2772: 7140,170,135,5232,7593,129
2773: 3544,5760,5392,4793,674,4270,8068,2061,3413,1165,765
2774: 3547,3890,7122,4263,8120,6039,8090,1226,2387,5470,7047,7296,199
2775: 3155,6874,6608,5568,7520,7063,4225,2063,3505,5697,6956,5091
2776: 5493,365,1805,6901,140,8190,5603,7436
2777: 1256,539,5693,4597,3241,5553,3328,6547,801,7046,5754,2377,1033,8052
2778: 2221,4359,2479,4902,6111,5680,858
2779: 5219,6178,2424,5658,3867,5391
2780: 6456,6252,2782,2133,6218,8092,3591
2781: 7564,1288,1526,6242,724,4323,5574,5886,930,3408,2048,1867,8125
2782: 2780,891,3644,6456,7462,6441,6252
2783: 2340,338,517,2019,8131,1167,5325,5964,2601,5049
2784: 1631,8061,7405,681,5185,378,4711,3418,4943,6990,6310,5171
2785: 615,1720,5069,6694,6319,6631,7445
2786: 4477,6330,6460,2347,2930,4737
2787: 1215,4933,2149,6332,4639,6423
2788: 382,7670,1911,6023,5373,6358,1589,6362,4828,2106,3817,546
2789: 7714,963,44,6426,83
2790: 7586,3940,3570,869,4561,2071,5578,455,843,6428,6409,4303,4582,5800
2791: 5981,450,7976,6447,4890,3527
2792: 547,2983,4379,4178,5706,6481,3085,6783,5675,444,1181,1416
2793: 8076,5763,3579,1715,6489
2794: 7905,4759,5931,2725,5045,1092,5335,3724,1632,6491
2795: 4987,6533,314,2532,2527,7044,1783,196,1331,122,3356,4591,7778,5945
2796: 4553,6553,6893,5900,1396,1323,3952,3814,1518,7281,2416,4976,548,3380
2797: 6556,420,6841,4067,6326,6559,6774,3009,5459,1346,1595,1741
2798: 3081,1501,7461,6564,4334,337,3054
2799: 6634,6515,3148,2906,5088,1487,6073,3536,779,7907,3185,3098,6147,7226
2800: 1731,1100,666,7229,5909,5683,634,2580,5815,4870,6659,4922
2801: 5411,313,6914,4121,5112,425,7545,844,2086,3447,7012,7515
2802: 1105,2583,456,7110,4347,5919,5972,3347,536,351,3612,7758
2803: 5822,5864,499,6367,8096,62,4510,3415,4990,2409,4444,1166
2804: 1061,5157,8162,2272,106,7697,4652,4876,8055,6695,389,2523,1286,3543,3099,5312
2805: 88,5263,6116,7704,293,3972,6008,7820,3583,5834,3531,5823
2806: 1535,2361,886,5273,6898,3569,5702,2102
2807: 3109,273,3669,7200,4353,5673,1049,4928,3667,2841,872,4137,4141,7009,4500
2808: 7648,7190,2178,5849,7994,3540,1617,7506
2809: 6241,167,5595,3728,5893,7549
2810: 2730,6959,2577,7111,799,7072,6256,1797,5976,6037,7222,4659
2811: 2024,7741,2266,6300,2432,1096,6173,2281,1833,6309,601,871
2812: 5409,212,4558,1780,678,6687,3174,6486,258,2207,571,2075,7826,1678,6009
2813: 6589,4341,338,2019,3437,5869,2,6970,4418,2715,5082
2814: 1665,7807,6537,742,4205,6984
2815: 7048,6160,1427,349,3046,7287
2816: 3351,4565,1301,2138,1522,5766
2817: 3394,4338,5394,1356,6557,165,7291,8176,7170,4171,6838,4770
2818: 4393,7238,5223,46,5806,3863
2819: 7252,5528,1251,667,4387
2820: 5196,5807,3561,7298,980,357
2821: 4149,7330,931,4348,2956,4326,3181,6096,3325,828,6031
2822: 2749,3227,7957,1541,179,7879,1464,7404,7215,6612
2823: 1067,3786,5471,7423,998,4498,4056,7492
2824: 7440,5434,37,3029,6694,1900
2825: 1692,709,8075,4522,3001,3760,7504,6565,5350,4291,6035,3476,8134,4532,3025,2039
2826: 3226,7399,6839,7624,6239,511
2827: 2564,1626,1152,7742,4317,4519,5194,6221,1837,1403,7646,7500,5068,6092,2647
2828: 7676,4757,1804,2700,3820
2829: 7716,637,4072,4562,5481,5613
2830: 3976,2383,1708,6561,7723
2831: 4332,2943,2043,6840,1108,4581,7754
2832: 7756,4809,975,1933,5888,5529,5443,300,8056,1292,3906,2095
2833: 3439,5457,1607,5736,6697,3800,210,6365,7762,4114,6781,1925
2834: 5569,1934,3720,5974,6100,7786,2279,15,914,3379,3787
2835: 1412,7801,4848,3070,4875,715
2836: 7131,6308,3212,7398,7944,1799,7881,233,480,815,7460
2837: 3946,2152,4311,5604,4474,291
2838: 2920,7305,5162,3818,549,4394
2839: 2372,6776,6015,763,5424,6229,3044,5573,4429,3475,5962,456,4256
2840: 1002,7542,7997,2896,5937,4471,4475,590,2110,1787,5396,3581
2841: 2470,335,7113,3667,6523,872,4137,4141,4500,4929,2716,6563,3983,8111,1302,1602,2807,1049
2842: 1786,4677,941,2893,4679,1968,6414,5784,1880
2843: 1886,5131,6338,6819,964,7450,4233,2867,2246
2844: 889,2724,5005,1080,5143,2004,3909,7657,7575,441
2845: 7078,5486,2714,6484,1969,2231,4780,2026,402,5927,663,3821
2846: 5493,1202,3880,775,7192,365
2847: 4518,3239,932,5905,743,4252
2848: 1027,6825,7203,5032,296,4621,1414,6013,793,7025,202
2849: 6231,6351,2216,1801,8023,135
2850: 6819,7348,6266,3407,8102,6044,1115
2851: 1700,4638,5997,4968,1484,2465
2852: 5175,7989,1932,1208,2420,4932,6350,707,1566,4797,6063,3539,4619,5359,5699
2853: 893,4436,648,2040,6945,6516,7986,6381
2854: 1891,7638,2582,5003,4258,1672,5114,5901,6543,6408,3161
2855: 553,1493,2986,7166,2404,7630,1421,6482,7077,7210,390
2856: 7531,912,7730,6498,6894,6797,217,3117,5731,1142,3173
2857: 2502,5385,5619,3861,6539,603,860,352,2175,2656,5839,7130
2858: 6382,3890,7122,1408,4263,6039,6578,7296,6443,66,3049,6576,8113
2859: 5213,2518,650,6899,1029,6671,5630,6064,2391,3473,5562,1486
2860: 5406,7037,3671,5222,3032,2754,7736,3246,5397,2011,7006,6677
2861: 6114,1545,3322,6246,3456,7610,6967,4487,3848,4327,6692,728,4482,6831
2862: 6706,4099,893,2040,6918,5447,4193,2324,5436,1394,5602
2863: 4763,1216,6734,3653,6093,7438,4292,278
2864: 7744,1252,6745,6357
2865: 6328,4472,416,4078,3284,6763,6237,1374,750,6775,3985
2866: 3380,6029,5868,710,6777,4647,1081,5337,713,2511,548,5302
2867: 669,1886,5131,7092,2843,6819,964,6266
2868: 6869,4154,7815,795
2869: 5965,1784,5429,4945,6890,155,3703
2870: 1824,4466,5028,6911,406,563,6103,661
2871: 6931,5984,3076,4634,504,6399
2872: 600,5933,3795,6075,1785,6933
2873: 7934,6304,7698,3879,3835,1936,6301
2874: 3154,4931,1376,5990,7368,7442
2875: 7822,280,6633,3292,3616,133,4392,7075,1570,7083,880
2876: 6315,1819,4303,4660,3940,3570,869,644,1267,5010,7726,5449,6263,3244,516,8117
2877: 3537,5277,524,7743,442,5006
2878: 5011,2296,7309,4917,3595,299
2879: 445,1102,5351,3095,5179,7133
2880: 6335,201,2198,5271,5435,4572
2881: 3994,1590,4453,4752,3127,3431,4012,5208,5362,4479,1773,4485
2882: 7459,6007,5427,711,541,1311,4948,7079,5363,8175
2883: 5890,5703,2763,2436,6226,3399,7870,8056,1954,7663,1292,4446
2884: 7914,7575,3684,6392,1035,1268,6504,441,1364,4019,7713
2885: 1324,3639,6041,1027,4971,4768,4621,1414,6570,7025
2886: 6354,1557,5624,3630,4176,6611,1068,5498,791,1389,5496,2060,5453,613,2574,7331
2887: 2223,246,5237,175,965,950,7720,1352,6662,4540,7403,3565,5231,1144
2888: 6081,6411,2534,3658,1816,7767,5998,6863,772
2889: 4714,7701,3461,2142,6610,1367,4229,956,5113,440,7683,6962
2890: 7094,1155,4739,2151,1725,6722
2891: 1439,4574,7521,451,1079,7155,5522,4457,4825,966
2892: 6113,7766,1924,4153,7315,1643,2146,2764,7880,2905,592,6713,7686
2893: 1594,1786,6164,3073,941,2842,1007,4679,5085,7366,5347,5784
2894: 1334,7422,7594,4282,5907,2365
2895: 45,2554,7424,1789,1820,7328,3722,1069,2741,4374,4524,5996,6193,6196,4834,4189
2896: 1002,7542,4338,2840,4471,2721,7256,765,2110,5679,1787,5396
2897: 5123,3938,7554,7551,1697,6452
2898: 6944,7846,2759,5576,4496,7365,2037
2899: 2633,5862,4503,6270,7576,3491
2900: 564,6178,5658,7038,3004,3824,7595
2901: 4410,2262,7607,5140,6088,1588
2902: 6351,4822,1133,2216,6334,7628,6004
2903: 4406,1491,3903,334,8000,4100,1842,913,6470,8191,3338,5877
2904: 3427,1788,5986,4373,6364,5783
2905: 2764,340,1018,225,7880,6072,6713,6517,7694,2892,1924,1643
2906: 6634,543,6515,3148,447,5157,2799,8162,2272,106,4652,5088,1487,8055,3280
2907: 3724,6050,4606,1632,320,4596,7905,7706,5788,4759,6273,5752
2908: 1892,3555,818,6698,7732,4955,5976,1054,5339,8180,5739,6188,799
2909: 1303,2744,4289,336,2976,2000,7208,8165,570,7751,6336,4523,4103
2910: 141,5763,7332,4385,4118,1333
2911: 4122,185,1387,449,5504,3566
2912: 923,3266,2270,4186,3661,4302
2913: 7376,5806,614,3863,477,4965,4194
2914: 5482,1537,1256,6488,6030,4597,6343,3333,4226,3114,7304,6438,7876,7270
2915: 3660,1425,4315,3656,2202,672,7233,1938,5423,6390,2771,6679,5764,6133
2916: 712,4625,4661,1461,7935,5228,3422,5026,4497
2917: 7766,2287,2687,7973,1368,47,3901,4718,146,7705,1689,8151
2918: 3638,4904,6983,1613,2632,5055,131,5551,7244,6197,1497,6751,1460,2385,7971
2919: 3958,4371,29,4526,5107,3084,937,7169,229,2449,4966,819
2920: 864,2838,7305,1853,7599,5162
2921: 6978,3355,573,3851,1912,2626,5205,4125,4596,1532,6273,1841
2922: 638,1141,7592,2244,5391,7924,5219,1839
2923: 1379,6479,3195,408,2443,7393,1542,519,4669,5657,5039,4224,967
2924: 6121,4579,6019,1622,2943,5872
2925: 6317,7849,7727,3085,2306,6291,4676,5675,444,2442,4458,5726,2661
2926: 6388,4795,1015,7582,6485,7763,1939,254,3288,464
2927: 6932,3304,6400,1686,3808,5054
2928: 3345,3937,1710,6451,3193,4979,1052,7397,6407,7759,5725
2929: 3142,412,3078,4633,4554,6412
2930: 1844,6460,2194,4477,852,2786
2931: 7996,133,3852,3905,6494,755,280,5002,7350,3616
2932: 5529,2274,2313,1867,5443,8125,5089,1391,3283,7910,6535,6496
2933: 315,6549,5096,610,2288,4860,1971,48,3497,2196,1956,7205,5491
2934: 6613,1062,4339,5282,5870,566,3183,6394
2935: 413,3434,6635,6548,4344,5270,1896,236,2977,3094,2045,7753
2936: 968,6708,4962,2,2119,6970,4418,4715,1955,338
2937: 6749,7900,3038,7258,671,6324
2938: 895,3651,2227,535,1249,7892,5728,190,2265,2533,4435,4912,5916,5167
2939: 3256,7381,8073,5656,4442,6761,2561
2940: 5588,1396,236,7954,1070,3971,5239,4492,1664,6778,761,7753
2941: 502,1190,6798,7884,4963,5307,1523,3042,3215,5953,3342,2001,5323,1584,2367
2942: 321,4957,6870,2099,5064,6628,855,8015,7983,3752,6803,3541
2943: 6840,1108,2831,5872,4581,2924,4579
2944: 7234,2402,6842
2945: 3916,116,1807,4402,5017,5536,8142,7489,5841,2500,6625,136,1941,4180
2946: 1411,472,5811,1645,4267,3598
2947: 4216,4241,1225,184,6788,7960,567,249,6307,4507,7456
2948: 4607,4625,4661,4009,5228,6518,8099,7523
2949: 7920,3757,8093,5145,1833,6309,2209,6683,5813,5856,144,1322
2950: 2729,747,4164,4921,3976,1386
2951: 1039,5158,4235,632,4211,4590
2952: 351,5374,5160,5360,544,5919,3203,1362,7199,5969,1635,4140,4907
2953: 100,6651,6483,8101,5261,3103
2954: 7803,3715,6996,568,5479,6134,4388,2984,1847,6322,7290,3961,5791
2955: 5593,1498,1806,5991,7470,8108
2956: 641,1223,4149,2821,7330,2392,7295,5861,6164,4326
2957: 928,5742,1475,5957,5607,3664,6690,6715,2114,4360,1071,71
2958: 6065,4284,1227,3507,568,5791,4758,7649,1260,5285,8028,3936,55
2959: 4690,3514,6179,6469,6099,3079,4886,5653,1861,2537,6396,7731,3255
2960: 8063,32,720,6709,3371,303
2961: 2280,2006,232,5021,7027,2258,7614,6101,1138,6192,7013,431,1528,7493
2962: 396,6124,7710,3458,7054,2213,1082,3950,7035,7235,5093,7175
2963: 409,7178,3149,6575,6597,1177
2964: 3622,341,3019,3757,4555,7425,4227,7228,4403,2074,4618,2017
2965: 289,7272,3441,7238,6704,7637
2966: 1025,7324,6741,5973,6078,4687,1325,808,5579,1161,3577,5738
2967: 2003,7945,5859,182,4646,7434
2968: 8040,2285,3023,1157,4582,5935,3495,58,7571,5170,7966,1873,227,1446,5284
2969: 7869,7588,7320,1357,7622,6806,41,1728,6271,2403,842
2970: 2694,7434,7592,2244,1815,5610,4221,976
2971: 3216,1337,7915,665,4096,699,7872,4214,7626
2972: 1742,7998,5113,2338,4867,1538,468,6530,7641,8109,4973
2973: 878,978,1262,569,3378,6688,3232,4949,235,4487,7672,6692
2974: 7727,2306,4114,3557,4676,5292,3800,295,7794,6365,7762,1925
2975: 3470,7749,4086,4863
2976: 1444,2909,4289,336,7208,8165,7779,7583,3520,7751,6336,7020,4103
2977: 2502,3861,3913,3094,4643,4295,2045,413,2935,8172,7753,5711
2978: 4472,4376,4699,750,3144,6316,7755,807,2664,1353,487
2979: 2004,3909,8078,7657,3705,70,8157,6907,7768,2724,3332
2980: 3912,5303,7782,8112,6364,1874,5783,127
2981: 368,2754,7736,7260,2511,5302,1114,4143,2566,6029,4647,1081
2982: 7666,692,2722,4350,1072,333
2983: 2792,7230,547,7337,1897,4379,3870,4178,4370,6132,6481,1416,3857,7091
2984: 4388,1847,7548,6322,722,1131,4879,7290,4624,5796,72,2079,6134,2954
2985: 3012,7550,777,4265,435,2280,2006,6853,4454,6410,3889,3462,2460,6286,279
2986: 5733,7814,5891,4692,7166,2855,2404,4330,7630,1421,1228,87
2987: 1014,288,3160,6804,7370,6274,7317,1540,5633,6567,3120,3067,4750,6342
2988: 5513,5059,4101,3845,2346,938
2989: 2028,5071,1010,7041,6404,6349
2990: 7466,7255,589,3955,1304,5206
2991: 7435,3921,5475,4535,3268,5416,5258
2992: 2518,6671,5630,2391,5562,1156,5769,2263,7237,7285,557,4294
2993: 2734,826,7851,4805,5357,7633,5802,5879,3051,1551,4916,4539,636,5827
2994: 23,5965,7928,3411,5429,8141,2014,5465
2995: 3014,3208,7132,4098,1258,1494,6047,6862,42,3274,5589,8038
2996: 7086,6250,1707,4163,3314,3007,3829,1519,6716,7143,6119
2997: 6361,4469,5279,6905,4898,7202
2998: 6383,8135,4566,4433,1509,37
2999: 5759,3107,6310,6502,5988,2008,1567,5171,4517,3112,2163,7080
3000: 503,92,6503,7885,5753,1502,6206,6550,5894,5409,2571,6289,5426
3001: 4834,4522,1241,2825,7504,1625,6565,5338,5350,4291,1789,1820,4374,6193,6196
3002: 4872,6579,2652,5188,5036,7650
3003: 6789,3141,6255,8049,3765,8145,7395,6585,4083,628,13,7917,7700,5925,3825
3004: 6590,1521,4563,564,2900,7595
3005: 4533,6608,1648,7479,3831,285,7063,6593,1143,6670,2360,5829
3006: 2640,4002,6020,4644,6658,1046
3007: 4836,590,3829,5019,1519,2996,6250,4163,8072,6716,7143,2005
3008: 2283,3451,1568,6758,6684,7
3009: 6861,6774,1346,284,3647,1595,420,6326,2797,6472,1990,1741
3010: 6463,6827,4852
3011: 2185,6556,6841,6326,1791,6559,7227,899,1203,2446,6105,1346
3012: 7550,777,4265,435,2280,2006,6853,232,5021,4454,5502,7027,6410,2985,3889
3013: 5337,6868,713,386,93,3311,7903,4729,6545,4015,5755,2416
3014: 5645,5755,1258,1494,6714,6047,2995,2677,6862,7213,3105,6877
3015: 6888,1013,6288,1899,3649,5655
3016: 1389,7760,7487,7511,6903,2483,77,5496,2060,5453,5332,2733,4198,4944
3017: 4499,4516,2317,3238,8089,1401,640
3018: 865,6374,1978,1763,4401,7057,1745,7853,2117,2713,4010,4686
3019: 3622,2964,341,6490,3757,372,8050,8093,4555,5808,2074,2017
3020: 1218,7933,6219,7789,5037,3721
3021: 7090,7681,331,2148,2564,1626,7742,8069,4519,6369,7152,5194,6221,60,7065,1792
3022: 4866,6010,2452,8187,5748,5955
3023: 3729,8040,2285,2968,1157,5935,3495,7966,227,1446,5284,5690,4188,5517
3024: 5969,2657,5782,732,4140,4084,4907,4958,1384,5160,5377,5360,6217,3547
3025: 1701,3476,8134,6133,6269,6329,2039,672,4092,16,7441,1692,2825,6035
3026: 7498,1207,6595,2124,845,7569
3027: 3634,6626,7040,7565,813,3488,1504,430,6376,6509,6054,1000
3028: 890,4135,6529,7852,4398,304
3029: 6241,827,6631,6694,7440,2824
3030: 1125,2740,7050,4548,6640,3887,652,343,6554,5110,4053,6728
3031: 7374,3885,6935,35,4818,3621
3032: 7037,2860,7636,5397,7006,6677,1466,5647,22,253,7891,2143
3033: 5413,3931,6823,6082,5563,3265,4367
3034: 7811,2471,1506,6302,5705,725,4417,7056,5555,7148,342
3035: 5333,2406,2093,6040,5758,4583,525,1305,1409,1341,7102,5375,7058
3036: 7313,5333,1762,2406,2093,583,525,7449,7058,3760,2199,276,4173
3037: 5941,1074,4001,1917,1921,7382,5415,7116,1463,5046,7992
3038: 7900,2937,7258,1306,5038,7180
3039: 1156,5769,6558,4781,2581,7237,557,4294,1608,4121,5963,2609
3040: 4366,947,1120,6660,5050,7983,7271,3752,5772,6870,5349
3041: 6305,3883,6857,911,5343,7352
3042: 7369,6625,1596,1523,8054,4509,4774,502,2941,1190,6943,7884,515,4389,2367
3043: 50,977,6204,7671,1011,1496,7427,4239,7935,6313,3236
3044: 7447,2372,2839,763,5573,4648,7685,5249,493,4429,456,2024,3347
3045: 3688,976,1390,192,5904,5465,1843,7535
3046: 7048,349,2815,5473,7563,7361
3047: 7384,7940,3855,6418,4011,25,4515,2268,1285,1940,7590,5051
3048: 116,3551,3373,1807,345,4402,5536,8048,686,7489,7603,1616,7482,5841,3350,5741
3049: 7064,66,4726,7608,6576,668,756,4312,6382,2858,6578,2105,5039
3050: 5880,6614,1119,7616,748,1404
3051: 1551,4916,3467,1088,6927,8033,636,5827,7560,3777,7990,169,2993,7633
3052: 4068,2431,3191,6272,645,1012,2553,1609,7640,2589
3053: 6627,7114,2613,5186,1170,4046
3054: 4332,337,2043,6393,1501,2798,377
3055: 5115,1314,7866,4375,6632,4174,4982,2259,2417,7105,4231,370
3056: 1423,3769,1735,4463,8184,676,943,6883,362,3356,5212,7451,4591,6139
3057: 4279,4620,7106,2388,4355,2396
3058: 7026,6947,3823,4635,4438,118,1857,5326,158,6097,7708,3406,2753
3059: 7694,7524,3461,6249,3370,687,581,4369,4689,3654,6517
3060: 4785,7371,3847,839,4144,7273
3061: 6231,6351,4822,866
3062: 1360,1001,6792,4337,4842,2629,5523,3468,7274,8014,1340,6987
3063: 316,60,421,3632,7603,1813,7482,3350,7065,4630,5299,7003,5741,6507,7681,2148,8069
3064: 6384,1289,7617,5410,6921,4325
3065: 1154,3192,5503,4659,6417,2730,5796,1831,7548,2310,722,4879,5387
3066: 5514,1979,5867,3431,7775,6439,1590,4453,4752,1759,6765,4485
3067: 1540,7336,521,2707,5633,506,4546,6567,3120,4750,7919,2987,1920
3068: 5664,6123,1479,5852,7136
3069: 757,3471,5918,3447,1438,8062,7343,4905,6914,5231,1406,5943,6531
3070: 6011,1633,4848,2835,4875,3951
3071: 4061,6057,5135,1053,2212,4983
3072: 502,1449,1190,3452,3231,7834,6079,4963,5307,4389,5361,5932,2519,4013
3073: 5861,1594,1786,6164,4326,941,2893,4815,5347,641
3074: 3926,1561,6318,102,6333,4829,7323,3362,1279,1580,6145,7942,3872,2235,6939
3075: 1544,6724,1879,6375,7221,1743,4262,6816,1646,7812,6994,163
3076: 5984,1922,2871,7068,1110,6399
3077: 1145,7986,8168,3553,3277,2208,6381,6403,648
3078: 412,2929,6412,5840,1754,4632
3079: 3514,2959,6469,6099,5653,1861,5760,1761,674,2537,6396,7731
3080: 4991,1220,5667,5759,3922,1567,4642,5927,663,818,2425,5421
3081: 7461,2798,7523,7326,6564,8102,712,6518,4334
3082: 5546,4911,8107,5076,3222,6594
3083: 2431,2297,645,6703,1012,1319,2597
3084: 3958,2044,7979,29,1056,1841,5107,5120,6773,2919,7179,7169
3085: 6317,7849,4150,2306,2925,2508,6291,3557,6783,5675,444,5292,2792
3086: 1752,7599,1443,6807,4580,3178
3087: 8011,4743,4935,1457
3088: 2155,5356,4602,6896,3649,1899
3089: 6620,6730,4135,2007
3090: 3593,81,2271,7410,5133,2520,4656,4449,6586,1858,883
3091: 1726,7868,3707,3124,4605,7431,6964,4060,3387,474,7577,2660
3092: 4636,4725,1901,4254,400,5251
3093: 7008,2500,6625,2113,1596,1941,920,8079,4180,5841,5536,2635,4345,4514,4885,6436
3094: 2502,2977,4643,2045,2935,4344,5270,1896,1070,7753,3478,5711
3095: 2879,445,5132,7133,5684,8091
3096: 1610,5681,7800,1931,2709,113,1491,4185,5328,7246,3606
3097: 7021,7257,5280,5778,1647,3479
3098: 6073,3536,779,2242,7907,3185,5950,4032,7023,790,6147,4835,5801,2799,7226
3099: 1490,4083,1307,389,2523,7018,3543,2180,5312,7700,5925,7261,5157,2804,6346
3100: 6453,6234,1604,5696,6520,2067,5065,7552,7448,383,862
3101: 6645,498,1022,8045,4248,6083,8137,6258,6619,7844,2186,3404
3102: 6647,5864,5586,2438,52,6316,2607,7755,4037,5775,807,487
3103: 6651,2953,5261,220,3474,7419
3104: 6696,1714,3541,6128,6711,2496,4775,997,3270,1629,4202,5828
3105: 7045,6435,6862,7213,369,6877,1038,3274,3014,5645,1494,6047
3106: 397,4604,151,4672,3617,6973
3107: 3164,4943,6990,6310,6502,5988,3922,2008,1567,5171,2999,7405
3108: 1189,550,4413,7349,7001,3878
3109: 273,2807,1063,3669,7200,5068,6092,5673,5344,3667,872,2345,4137,7009,4500
3110: 4124,413,1222,5524,4344,7017,867,21,6505,2164,594,4643
3111: 1471,3833,5788,1532,2579,6273,5717,573,7665,5205,4125,7029
3112: 2163,5773,394,5667,7080,6437,6502,2008,1567,5171,2999,7196
3113: 5779,642,5092,6223,1229,2275,7087,3390,751,7918,3282
3114: 7304,6983,1613,5055,131,2385,3860,7971,4670,5509,5482,2914,6438,7121,7876
3115: 7173,6182,7745,5389,5617,2257
3116: 5707,2265,2533,6581,874,4435,4912,5570,3697,535,1249,6655,7392,8153,2197,7182
3117: 7993,3227,1541,179,7879,6797,217,2856,7215,5731,3173
3118: 736,7275,1458,7784,7225,1377,3484,446,2182,6443,1948,4993,8113
3119: 6663,7333,7101,5952,4044,1040,3156,4260,3201,436,3796,526,7597
3120: 1540,4869,2707,5633,506,3067,4750,7919,6190,2987,7370,3877
3121: 5410,7383,1146,7995,32,4023
3122: 6067,2224,5596,7393,3763,5662,1527,4529,6707,5431,2461,4595,1753
3123: 7514,6300,2432,1096,2145,4823,2726,4648,7685,493,6194,5575,7862
3124: 6605,3548,3707,3091,875,4605,7431,1658,8124,7354,7577,4328
3125: 1860,7342,5174,1577,7908,4316
3126: 4722,3395,6110,6668,8018,5892,4329,4827,7889,3416,6168,6960,5699,1995,4377
3127: 3994,218,2881,1590,4453,6801,5104,5208,5362,2591,1773,702
3128: 1652,6630,7263,7915,422,4465,5678,2333,4232
3129: 1310,4637,5329,560,4707,2732,4495,2218,6495,7939,1147,3704,3525,7717,8001
3130: 4785,4434,839,3377,4720,1869
3131: 4655,8182,7432,4908,7089,3221
3132: 3229,7857,643,5506,6104,458,1212,3445,4998,3744,6571,1129,149,7486,206
3133: 1422,5700,5508,3839,2435,8020
3134: 3987,5547,2049,3410,8136,8059,618,98,65,3894,7490,4810
3135: 3850,4357,1656,2512,1964,6034,2072,6257,1253,2374,5915,5103,5620
3136: 2563,4333,5440,2594,5138,1850,5828,6696,2496,8029,997,4923
3137: 2375,3947,4632
3138: 1039,6086,4235
3139: 1308,2670,7756,1615,5354,4809,975,1135,7519,7712,5715,5786,6138
3140: 3924,503,6503,5753,6759,1502,791,4897,3651,7892,281,7418,5942,5167
3141: 6255,1430,8049,3765,7395,3003,6585,4520,628,13,7757,3825,1148,7071
3142: 6265,4633,2929,6412,1915,5450
3143: 358,3469,1755,6836,6294,5037
3144: 4472,2978,993,4699,2034,1374,6316,6538,4166,1037,807,7572
3145: 6162,3358,5835,1716,7172,1863,361,3545,5618,6382,4970,3397,1408,1276
3146: 8024,2669,5383,6432,5334,7141,3396,6455,602,2702,1835,5105
3147: 5542,2311,5420,653,6314,6457,414,8003
3148: 543,6515,447,2799,2906,5088,1487,2450,4462,3536,779,7907,1618,4177
3149: 6575,2963,1177,2423,5233,4678
3150: 2616,1416,5289,1564,6577,448,5831,5315,7091,7230,3353,5982,1181
3151: 5863,6845,1104,1784,5193,1530,6596,508
3152: 1407,4165,4925,4197,5281,6600
3153: 3334,780,8130,7486,4222,4491,2073,5030,6602,2177,1129,5229,7176,4237,89
3154: 2874,1376,1103,5857,5990,6606
3155: 6608,2775,5568,1648,7520,5591,4225,3774,1651,2063,5697
3156: 6663,809,7847,2129,7101,5952,4044,1040,5296,4260,3119,3201,6727,3796
3157: 1572,7198,177,6691,6982,7737,378,2682,4711
3158: 677,4267,3598,6693,929,7725,5921
3159: 6751,2258,3738,1460,6259,2620,1211,4167,4997,4919,2179,7244,7493,6197,1497
3160: 5099,800,288,5579,5407,6804,2987,1246,6274,7634,5738,3797
3161: 2854,4258,6543,6408,6085,120,4259,1756,4696,8104,5735,2437
3162: 7160,3677,5777,4324,7780,3834,3240,1638,1829,7760,4799,7684,7543
3163: 4452,781,7881,1101,1452,5771,233,4058,6308,7641,7398,3975
3164: 4943,3107,6990,5988,3922,3262,5567,6440,4792,616,7464,1266
3165: 7340,4926,1793,7013,833,6238,4007,777,1282,7314,5502,5934,7931,3600
3166: 775,3838,6195,4939,5234,7098
3167: 1013,6544,395,6288,4942
3168: 8058,5904,5465,1843,4945,3907,2474,5405,155
3169: 196,6883,2173,122,3356,5212,3888,6245,7120,7778,6949,6139,1783
3170: 3328,5294,1138,7845,6547,6473,6450,6942,531,3822,801,2377,5693
3171: 5381,6666,2561,8073,3759,3257,5548
3172: 2111,2046,6675,996,5527,1650,7181,1757,4714,956,2644
3173: 7215,5731,1142,6232,7944,6498,217,3117,179,2856,912
3174: 570,5409,212,4558,7751,7020,678,2228,6687,5737,2812,1117
3175: 5070,6809,690,2222,7655,623,1794,3854,3832,5761,7618,1606
3176: 528,6432,228,7141,2136,5584,5809,1354,1213,6771,5987,898
3177: 3282,1380,4740,5820,7937,4701,3685,642,6223,3390,751,1298
3178: 4580,3248,6049,79,3086,6807
3179: 5213,1029,5630,6064,3473,7818,4483,1198,4878,7051,3716
3180: 2708,7865,6085,1213,120,3710,6771,4259,738,6979,4696,4258
3181: 5365,4326,1950,2821,7330,3973,6096,3435,6031
3182: 1904,2505,3493,1640,6122,4220
3183: 5853,1047,6394,1168,7235,4723,6124,566,2934,2696
3184: 6233,3878,6141,5306,7453,4199
3185: 6073,3536,779,3098,5950,4032,6147,6634,6515,2799,1487,4024,7226,1573
3186: 4382,6678,904,5414,6169,2315,4538,5454,5902,2355,2206
3187: 1440,4938,6767,3703,461,7218,1339,6675,2474,6202,1650,5309
3188: 348,5682,4947,7817,4570,7587,2054,6216,5119,1365
3189: 7804,6923,1550,7825,611,6277,7265,8083,2522,4937,6371,18
3190: 4690,6339,3514,6303,6179,6099,3573,1830,5606,4877,3802,1861
3191: 4068,6272,5016,1012,3052,2748,7476,1609,5147,7640,6377,6719
3192: 4372,1154,2745,5154,5503,6417,3065,1320,1831,6355,2310,722,4879
3193: 2928,2705,6451,7397,1359,5725,4795,5720,1273,1397,752
3194: 213,6743,6477,2603,5141,3272
3195: 1379,6479,408,2443,7393,1542,2923,4669,3763,5657,4529,4589,6707,5431
3196: 426,7345,3424,4097,5768,6609,4846,208,5466,1574,6000,4142,3665
3197: 4755,2121,1228,4050,5816,1859,4427,6251,7193,87,3897,2653
3198: 1324,6985,4445,160,6041,2009,4902,6111,822
3199: 5342,4543,6661,1864,8140,3844,8005,7306,6961,1794,104,3832
3200: 7627,5141,3272,121,4703,721
3201: 6177,436,837,7219,1134,4903,3796,7691,7333,1040,3156,4260,3119,7597,1796
3202: 1343,4530,6897,6475,2370,415,5954,2242,7206,4653,3489,4272,4835,5111
3203: 4157,1105,2583,544,1148,5919,1362,7199,6255,1430,8049,7395,5695,2952
3204: 5723,656,5507,7522,2592,8149
3205: 1960,473,2194,5805,4612,852
3206: 6496,5890,6645,1583,498,5703,2763,2436,7870,103,8125,1391
3207: 7055,5906,6658,1456,6405,3726,4896
3208: 1518,7132,4098,6047,2995,42,3274,510,6636,8038,5977,1418
3209: 3526,859,5807,1543,6201,6213
3210: 6775,2472,2251,1016,1284,989,6472,2353,6431,7156,4473,284
3211: 2360,599,5612,1651,6461,3228,647,5137,1648,285,6593,1143
3212: 7131,3762,7531,6478,6308,912,7398,7730,2836,1142,1799,233
3213: 8021,4959,6497,6742,925,7247
3214: 3258,3985,6328,3284,6775,7363,2353,5318,783
3215: 1683,3981,5762,6428,6573,591,1523,7591,4509,4774,2941,7884,5953,455,1584,2367
3216: 4861,6630,1337,7915,5119,2971,699,4214,7626
3217: 1728,6271,2403,7040,7565,813,6680,2250
3218: 1718,4219,4360,7544,1071,1702,6690,5607,4318,8161,3862,71
3219: 3617,7887,7145,4813,6701,6973
3220: 7556,4351,1642,6733,5214,5499
3221: 7089,6739,6163,4655,3131,6045
3222: 6060,6594,6760,3082,8107,64
3223: 235,3848,4327,6692,5867,2141,878,1262,6688,1759,3636,6765
3224: 3250,2340,1503,2019,5139,8131,5869,6542,5342,6793
3225: 7929,7639,6938,6826,1719,7921
3226: 2826,6811,7399,1048,6839,612
3227: 7993,5863,6845,2822,3117,179,7879,6882,217,7215
3228: 5564,4073,1651,7250,6461,382,647,5137,6358,6856,7082,3211
3229: 3132,3453,6892,7857,643,3841,758,1232,1792,4909,5126,5506,5844,6104,3445
3230: 181,6361,1825,8095,6905,7076,3405,696
3231: 502,1449,1190,6943,3452,3072,6079,7884,515,4963,5307,4389,5932,7214,2519
3232: 878,978,1262,569,2973,6183,4534,6946,4873,4949,7672,5740
3233: 4318,4115,208,6588,1076,3914,4217,3375,6298,6000,6532,7787,7243
3234: 7164,4165,393,7875,4197,1575
3235: 5058,4537,6681,970,5146,2512,4352,5814,4212,9,1639,2154,4120,371
3236: 7935,4009,6313,7427,4239,50,3043,2002,6791
3237: 4416,1724,63,6936,3449,7274,4611,4200,7364,1205,2344,4253
3238: 4516,105,2081,3017,915,8089,640
3239: 326,4518,4301,2847,4413,932
3240: 7160,834,3677,3162,5777,4324,1200,3834,4184,1638,4585,1038,7684,7543
3241: 373,1537,1256,539,2777,6488,5693,4597,6343,3333,5553,7046,2377,4675
3242: 7537,5283,4739,907,2314,6524
3243: 4504,617,2733,336,6871,3443,4745,6176,7477,4790,2719,7487,1375
3244: 2662,6380,2325,6263,1257,516,8117,644,5010,5833,2203,7726,4811,2876
3245: 4511,450,6447,2174,7125,4399
3246: 5406,3671,5222,2860,6677,873,682,1779,4556,7411,7284,7810
3247: 3739,7299,398,5224,679,6908
3248: 4716,5483,7150,4580,3178,6049
3249: 2602,5257,5512,939
3250: 6589,1503,2019,5139,3224,6542,5767,399,5342,4543,6793,2393
3251: 76,4316,4319,5380,6149,5174
3252: 3455,1555,5858,5418,4036,6790
3253: 926,1679,2217,2576,5521,5572
3254: 5856,144,1948,1659,101,7425,5808,7047,199,5577,4555,1377
3255: 1470,7473,5384,2959,4886,3991,4234,5653,1761,7731
3256: 615,7381,6319,1855,2939,5656
3257: 5789,5548,1176,6551,6666,3171,1832
3258: 451,1992,3985,7155,5855,3214,3284,4574,5318,783
3259: 5552,786,3326,7073,5026,3501,6568,5884,205
3260: 757,7052,3471,5918,315,5096,610,8062,6429,6531,3368,2735,7505
3261: 2371,5978,5718,3414,4663,1868,1086,955
3262: 3164,6990,6502,5988,3922,5567,616,509,1266,2714,1969,4642
3263: 7814,7166,4330,1421,219,6805,7497,6005,478,5816,87,7878
3264: 7129,3436,4173,2084,6025,4335,6587,7313,7449,8075,1241,2199,346,1625,5338
3265: 6904,3033,558,1548,6082,4367,2321,6806
3266: 8010,6087,923,310,2912,4186
3267: 688,7530,1059,6130,6127,513
3268: 5475,2991,5416,6413,6140,1499,4662,1612
3269: 7283,4439,1576,419,6719,7476,1609,5147,5591,6377,5013
3270: 6128,4775,3104,997,2697,1629,4202,4278,4333,5035,5828
3271: 7367,121,4300,1951,6363,6028
3272: 3200,5141,121,4300,3194
3273: 6748,5243,7039,4030
3274: 42,7684,5589,6636,1038,5379,6862,3105,3208,1494,6047,2995
3275: 1191,4542,54,5668,2088,5691
3276: 2254,8009,3529,5792,7675,902,4273,7390,2407
3277: 3077,6038,2208,6403,5821,2362,5719,4368,482
3278: 2077,1760,4014,5980,1366,7619
3279: 5865,1173,2481,660,3751,6170,1988,1393,6030,4551,597,5642,7961
3280: 6634,6515,8162,2906,106,1487,8055,4024,7226,788,1953,1573,4697,6925,6208
3281: 4093,1525,5520,3819,177,2682,6448
3282: 5820,7937,3177,6223,3113,3390,751,4423,7918,1298,3343,649
3283: 2274,2313,1867,4460,2932,7910,7564,6242,724,5574,6227,1042,3559,4250
3284: 6328,416,6763,6237,2865,7363,1992,3258,3985,3214
3285: 6988,6656,2769,1431,7415,2526,3287,5210,6243,684,7407,1432
3286: 6302,5705,725,5555,330,7767,3712,2302,772
3287: 500,6344,1674,5210,6243,3803,7415,2526,684,1432,3285,6656
3288: 7397,3957,6416,3892,6407,5944,1359,2926,7763,254
3289: 744,4025,4064,5627,6420,3917
3290: 2738,3928,5436,587,7506,6843,6516,5602,1552,3946
3291: 530,6522,3791,3513,7659,7754,1108
3292: 7822,1463,5046,280,128,7926,2875,6633,7992,3902,7116
3293: 5371,3624,2268,7964,792,4910,1774,189,6669,814,3687,4741,6069,7384
3294: 4849,6685,4576,4041,1565,7955,1955,4715
3295: 3689,1054,6487,394,8143,7958,200,6698,1288,7359,3550,5886,5339
3296: 1750,251,5358,8046,6747,5354,1135,2220,2638,6495,2504,5751
3297: 1752,2548,7897,1443
3298: 2033,10,6808,5322,6748
3299: 1464,6835,6022,1385,7404,2459,5057,6378,3366,829
3300: 2484,4691,4245,7494,7162,6847,1481,239,3601,215,4831,1434
3301: 7729,1137,3384,639,1560,150,1465,4808,5075,5510,6878,7999,1151
3302: 4060,7286,1685,778,5860,6887,6510,6001,7577,2631,4328,2173,6949
3303: 7774,2617,6895,1327,6153,2128
3304: 7453,4199,2927,6932,1075,1686,3808
3305: 176,7734,6590,4761,2663,4133
3306: 7806,495,3717,1119,137,7428
3307: 611,142,7265,3308,4682,2651,1587,7632,8031,3542,6462,2401,4600
3308: 249,4951,5008,4769,4682,2651,1587,7632,8031,4290,7456,6462,3307
3309: 8067,5676,727,4890,3527,4031
3310: 1963,2112,4112,7084,4931,4355
3311: 6868,386,93,962,3013,5298,6545,940,5353,2568,2596,5287
3312: 107,5355,2449,1986,7583,2117,4686,4966,819,4371,937,1442
3313: 3986,1435,3807,67,6906,5430,2761
3314: 4836,1165,3829,4206,1519,3544,2996,454,4163,2107,5432
3315: 7285,5165,7327,1614,1486,8169,2086,6899,6671,2391,5562,557
3316: 4292,929,5494,5921,7288,7342,1216,1577,677
3317: 6928,1713,5401,6287,5866,619,1836,2439
3318: 1092,1721,5614,3503,6449,755,6494,3599,5425,1378
3319: 1459,4995,2720,6859,7509,6754
3320: 1943,1410,162,7154,4139,6799
3321: 6928,5401,5926,417,7022,6537,3637
3322: 6114,1545,2861,6967,3848,4327,728,4482,5116,6831,714,2141,2022
3323: 5080,2646,1344,4168,174,1930,6976,5388,2689,443,990,984,1436,7469,2623,5949
3324: 1197,1504,3538,3633,4290,578,7000,7960,8034,4425,6626,4187
3325: 4384,114,828,5583,5181,7007,6031,2821,6583,3435
3326: 7472,5552,786,6119,3259,392,7073,4650,3501,5884
3327: 1744,2089,3817,4331,894,1467,7100,38,4588,7420,5254,6362
3328: 3659,5294,3170,7845,6547,6473,531,5754,2377,8052,7126,2777,5693
3329: 2184,6810,1722,7414,4123,5372
3330: 2732,4495,117,1750,1809,6769,7165,6747,2218,1310,4637,5329,8103
3331: 3807,7255,5206,7941,1512,6906,4286,696
3332: 1723,3732,5442,7279,2655,4236,4940,2979,2004,6907,7768
3333: 5482,1537,1256,5693,2914,4597,6343,3241,5553,4226,7304,1613,801,131,7876
3334: 3153,1085,780,8130,7486,6333,206,5030,7323,1279,4998,7248,6602,6571,1129
3335: 4440,2393,933,5464,2600,7816,5767,1907,7388,7545,7319,313
3336: 4571,7413,630,2380,6421
3337: 3682,7860,5817,4948,3344,551,7459,6007,8175
3338: 7667,6470,7467,234,1730,2304,4406,2903,8000,6638
3339: 439,2513,2243,805,5786,7711,6138,3761,7502,3923,8105,5599
3340: 4011,25,6667,7505,5832,7052,5371,6429,7964,1774,3368,3580
3341: 7752,3504,7848,5665,3966,6312,4104,7540,585,7481,3894,7490
3342: 198,2751,5953,5747,2001,4561,5578,5323,455,411,2941,6798,4249,6511,7669
3343: 4713,1298,5198,4309,6491,649,5127,4423,2725,7918,7680,3282
3344: 61,7409,551,3337,3682,7459,6337,8175
3345: 3937,2928,4979,6401,4337,5029,3524,6987,360,1052,14,7759
3346: 6988,418,4815,2525,1007,5347,4201,5247,7485
3347: 2024,2281,1827,7447,3044,7685,5249,2802,456,4347,5519,536,3612
3348: 2411,814,1433,7433,4741,4564,1285,1940,5382,2289,7590,5291,6508
3349: 266,132,7985,5557,6235,6212,1838
3350: 7489,316,60,421,3063,7603,1616,1813,7482,5299,7003,5741,6507,3048,675,810
3351: 2816,4468,1301,5744,7139,5766
3352: 2247,6924,5881,5543,6366,1530,6198,2038
3353: 850,5982,5940,2316,7069,4307,7938,1181,2616,5289,6577,3150,448
3354: 1767,2360,295,5883,7794,599,5612,7670,647,7220,5137,6023
3355: 6978,5458,573,3851,1912,2921,6273,7979,1841,311,5752,6112
3356: 196,6883,122,5212,3169,4591,7120,7778,6139,3056,4463,5945,2795
3357: 277,2440,7321,1243,6787,6160
3358: 3145,6162,5835,6262,1716,3980,7172,8052,1863,361,7126,4970,1276,3582
3359: 6664,130,788,3611,2135,1812,3846,4320,4697,6166,7673,7707,3841,7963,5582
3360: 2356,1949,7322,6493,1234,6174
3361: 2318,1350,8104,5735,6936,2437,6180,4611,385,6543,6408,6957
3362: 1279,2635,7842,2170,4345,4514,7248,7008,920,8079,3074,1085,6318,102,7323,7942,2235
3363: 7916,1204,7927,6356,2217,5521
3364: 6156,5515,657,3727,787,4242,6924,2330,6366,7033
3365: 7311,6825,1281,2241,7203,6368,2201,5978,5718,5694,955
3366: 5057,7667,1842,1536,6378,3772,401,829,6279,8191,3299
3367: 6458,1803,5288,158,7351,1733,5079,5804,1983,2260,7334,2666
3368: 5371,3624,6429,1406,1774,6531,7052,315,3260,8062,2735,3340,7505
3369: 4833,2082,688,2760,6534,7530
3370: 7694,7524,3059,687,6610,1367,4689,340,1018,6072,6517
3371: 6623,3969,6709,8166,2960,303
3372: 1336,148,6661,1864,8158,3844,8005,4832,1981
3373: 3048,3551,7392,1807,345,4402,4654,8048,6689,45,3979,7328,1771,686,7482
3374: 3554,5311,1865,6710,4042,6940,540,8174
3375: 6718,5742,2757,7802,5607,4318,4115,3233,746,4217,6532
3376: 7642,6993,3797,2386,6735,7324,4798,4308,622,7894,800,5407,1161,6274
3377: 4720,507,7951,4415,1869,3130
3378: 978,569,2973,6016,6947,2029,4487,7672,1871,5740,8097,7605
3379: 914,4665,602,7805,376,6813,3787,2834,7811,1506,2279,15
3380: 2866,5868,710,3971,6777,1489,5241,548,6553,5900,1396,2796,5714
3381: 7770,5908,3963,6540,255,1470,1928,7791,1987,7473,5384
3382: 4227,5660,7228,1473,7031,360,7580,6591,8192,4378,3484
3383: 6354,1557,5624,1437,3731,4820,4176,1162,5898,7631,7598,2574,2368,4862,1399
3384: 2363,1025,7729,3301,6741,639,5973,769,5730,5951,1465,7517,5075,3865
3385: 4408,7750,5920,4210,1021,7081
3386: 81,7818,1866,1198,7410,7051,1299,5398,921
3387: 4060,6887,6360,474,7868,3091,7431,6964,906,2660,6090,1031
3388: 7890,387,1163,4826
3389: 3599,5425,7905,5788,1378,4759,4631,2579,5931
3390: 5779,642,6223,1229,3113,5127,4406,4423,7918,3282,3177,1298
3391: 5412,1673,194,353,3709,1174,1118,626,7925
3392: 7929,6826,4882,4,344,749
3393: 6492,1230,4021,5078,1703,4171,2514,6838,143,7949,4528,8094
3394: 2817,1448,4338,5394,1356,7997,7886,4471,6557,8176,7170,1775
3395: 1164,4722,2368,3126,6110,6668,2294,8018,867,5892,4329,1399,4827,3416,6168
3396: 8024,2669,528,6432,3146,6455,7148,634,602,376,4358,5105
3397: 3545,5618,4970,263,8090,6815,5782,8026,5939,156,1507,3145,5835,1863
3398: 3686,1551,262,8033,4539,5170,636,7966,6186,1351,1873,4709,5240,6055,6965
3399: 5703,1022,8045,2883,3919,2436,6226,1591,1192,8084,7781,4446
3400: 8035,8051,3444,6873,1660,8002
3401: 5720,918,7888,4803,2213,5936,1082,6875,6292,239
3402: 1360,518,7458,4361,2629,4382,5454,2355,4601,1688,5971
3403: 292,1472,8072,7671,4650,5710,6716,5019,7143,392,2005
3404: 7430,1591,2186,4883,1192,2351,5746,8084,6083,1022,8045,3101
3405: 6411,7076,3658,7527,8095,3230,5911,1690
3406: 8097,4891,6306,7605,3412,2753,2446,3058,6947,3823,2029,4635
3407: 1428,8102,2850,7348,6044,1115,4889
3408: 8137,103,5138,2048,4804,7564,2781,4323,930,6496,1583,498,2313,8125
3409: 6024,5885,811,7799,8132,2211,1398,6244,4552,4430,2433,2560,4751,86
3410: 3987,2049,8136,1240,1828,3134,4810,5445,6260
3411: 5965,1784,7928,4547,2994,1231,3631,5429,8141,6198
3412: 5740,4891,6306,7605,3406,7227,899,1203,2446,8144,1585,4534,2185
3413: 3544,5392,2773,4793,4270,8068,5501,4836,1165,765,2110,4206
3414: 4663,1868,6353,7860,5817,7555,6117,4280,2371,1779,3261
3415: 4927,3696,4990,6205,19,2066,8096,4510,8122,6161,2803,1166
3416: 4722,2368,3126,3395,6110,6668,8018,4862,5892,4329,4827,2463,2016,6960
3417: 4155,3723,286,4746,2319,6794,112,7567,2139,5797
3418: 6440,354,5692,6225,7464,4033,5185,2784,4943,6990
3419: 680,3956,5266,4981,380,5594
3420: 5108,7107,703,1517,5878,2351,5746,8019,948,459,2581,1352
3421: 5226,4185,350,6822,113,2648,5121,1426,6649
3422: 2916,4661,1461,7935,5228,5026,1472,5525,5884,4497
3423: 5242,2531,7163,5053,776,1055
3424: 426,3196,979,5768,6609,6802,208,6588,5466,8128,5663,1574,3665
3425: 902,1876,5297,3496,6284,3655,7344
3426: 4207,1890,2712,5911,5812,7005,5091,1825,8095
3427: 5986,4400,2904,6364,1855,5967
3428: 8096,7232,2334,6228,4336,4510,8122,2475,537,6161,3696
3429: 940,5353,7978,1968,6414,2568,4677,4641,7335,941,2596,5298
3430: 1462,6425,4278,7930,6083,1854,4048,4005,8037,312,5035,6258
3431: 3066,5514,1979,7775,4778,4012,5078,2514,2881,1590,4752,4485
3432: 6525,1738,1150,7490,5173,153,1800,4810,3504,2049,8059,618
3433: 1259,2450,2242,7907,771,4756,4952,7206,5428,4653,6528,491,2370,1601,7679
3434: 8082,2935,1893,5524,7533,6635,6548,4344,5270,1896,7036,2045
3435: 3973,6583,6096,7664,328,1466,3181,3325,828,5181,6031
3436: 3264,7129,6025,2075,4349,4335,6587,987,6210,1241,346,1625,6196,3604,4531
3437: 6589,4341,1503,2813,5869,2,2715,650,5082,108,7327,1486
3438: 2556,6024,379,5885,5722,854,2211,1398,6244,4742,7177,5386,6592,7697
3439: 2021,5457,2833,5393,1607,2599,5736,6052,5518,6860,80,6781,5095
3440: 35,6281,5876,6744,3864,4818
3441: 289,2965,7272,7238,6814,6830,4039
3442: 2492,1621,5922,6848,4738,423
3443: 4504,617,1444,2744,2733,3243,4289,7184,336,6871,4745,7208,2743,7477,2719
3444: 57,8035,4088,6102,3400,6873
3445: 458,1212,4043,2171,7842,4998,6876,7096,7248,3132,3229,758,5126,5506,5844,6104
3446: 6530,3762,7531,6478,912,8109,5309,7730,6498,6894,461,4432
3447: 757,3471,3069,1438,7012,7515,8062,7343,2801,4905,6914,425
3448: 27,6934,2167,7945,982,1849
3449: 3237,1724,8104,63,4611,4200,2413,1756,4592,2344,494
3450: 4095,2677,6435,1278,6295,2137,6159,6877,4484,3482,183,8188
3451: 2283,5838,1361,3008,7,4735
3452: 411,1190,6798,3231,3072,6079,4963,5307,5361,5932,3539,5340,3643,4013
3453: 7707,3229,6892,3841,1232,1792,4586,5126,5844,7090,331,1946,4362,6369,7152
3454: 2091,195,5535,5549,1224,6260,3568
3455: 3700,3252,1555,8179,6790,7906
3456: 6114,1545,6246,7610,2861,308,1331,6949,1194,7286,5860,4482,6001,2631,3516
3457: 7991,7703,4002,91,3960,6020
3458: 2020,396,7710,2962,1865,7054,4042,4803,1082,3950
3459: 5304,1193,7733,2103,7010,193,3540,4950,6268,7566,2399
3460: 4508,1669,1691,5260,4018,7406,6021,952
3461: 7524,3059,4714,7701,7912,6249,2889,687,6610,1739,1367,7552
3462: 4454,6410,2985,3889,2180,7917,5925,6955,1790,4777,6286,7347,279,8145,6585
3463: 7943,6177,7108,837,7219,6584,1985,4903,2238,7169,159,4526,5120
3464: 6902,1030,7953,1810,3587,5202
3465: 3696,6205,19,903,6881,8122,537,6161,2065,7959,5666
3466: 1329,7975,1130,823,1233,7522
3467: 3051,1551,4916,58,1088,6927,8033,2050,5170,7560,3777,7990,169,7439,4895
3468: 1001,7458,3062,4337,5029,2629,5523,764,3524,8014,6987,14
3469: 4671,3143,1755,6294,8027,6725
3470: 2975,8043,4086,5995
3471: 757,5793,5918,3447,3069,5096,3260,1438,7515,8062,7343,4905,6531
3472: 683,1637,1363,1341,526,4593,7102,5375,5262,2412,8081,7058,5632,7333,1409
3473: 5213,650,1029,3179,6064,2859,1198,3716,6002,8085
3474: 220,8115,6651,3103,3959,1885
3475: 2616,5289,651,5831,8126,1935,2453,5962,1248,6776,6015,2839,5424,6229,4256
3476: 1701,8134,4532,3025,6133,2039,4092,7441,1692,2825,3760,6565,5350,4291,6035
3477: 4549,256,5597,710,1081,5241,8150,1355,7260,6555,2305
3478: 7496,4492,8172,603,1664,6778,7753,6569,5711,1070,2502,3094
3479: 1872,8080,5778,5280,8177,3097
3480: 1661,7443,6042,8181
3481: 7642,6772,6993,2740,5348,652,1909,1546,3618,8186,622,2679,1255
3482: 7978,7947,863,3843,183,8188,5646,6435,6295,3450,2137,6159
3483: 2020,396,3554,5282,5311,7710,797,5870,1865
3484: 1020,6591,3118,7275,8192,7784,1377,4378,4618,2182,7228,3382
3485: 4152,748,4610,1999
3486: 4629,4254,2293,562,2766,4845
3487: 1666,1875,221,366,2647,5027,4363,6395,5801,2335,1152,1946,7742,4317,4362,3611
3488: 5941,7000,5415,8034,4425,3634,6626,4568,7040,3027,1504
3489: 1666,221,366,2647,5027,4272,4835,5111,5801,3806,3202,6865,4530,6897,1837,6475
3490: 6678,904,5414,2315,4538,7061,7231,1420,2237,7149
3491: 7576,4494,6270,2899,4914,1937
3492: 832,4783,4396,5001,134,8051
3493: 2505,2643,654,3182,1640,5014
3494: 469,5097,4765,485,2485,1187
3495: 8040,3023,2968,5935,3686,7571,7966,1873,227,4709,6605,1446,5284
3496: 3425,5297,905,6093,7438,278,7344
3497: 7547,6864,690,1349,623,4860,7911,1971,1140,2933,1956,5491
3498: 1959,1450,5513,8129,927,3845
3499: 7858,7185,2162,2761,1923,5516,347,6006
3500: 5550,6621,3741,6019,1622,5708
3501: 259,6568,7833,4052,3326,3259,7073,5066,7308
3502: 1709,4063,5561,5642,4240,4893,5945,1423,2447,1597,49,4551,4591,2527,7044
3503: 1092,5226,1721,4733,5614,6449,3318,755,3599,1378,5931
3504: 7752,3341,5665,4431,3966,7540,585,3432,6525,1738,7490,8059
3505: 2063,1890,969,222,5697,5091,5592,4533,6874,6608,2775,5568
3506: 676,5750,943,7539,631,3860,4195,1993,4670,5509,5825,4080,7121,1735,7451
3507: 6065,2958,4284,3715,568,5479,2090,3961,5791,4161,7649,1260,55
3508: 5101,1297,5258,5983,653,4356,3596,6314,1235
3509: 6061,7374,619,6935,1836,3637,5848,5401
3510: 7893,949,7485,463,6812,1663,6084,6665
3511: 4508,1669,5631,4018,4088,6102,5290,6074
3512: 6686,3912,8112,6125,7607,5140
3513: 3291,530,7659,6499,6158,2298
3514: 4690,6303,3190,2959,6179,6099,3573,944,3079,5653,6629,1861
3515: 7823,6222,1944,5537,6992,17,286,1169,4094
3516: 4987,6016,7167,6513,2532,1331,6246,3456,7610,308,1109,1871
3517: 4891,6306,7708,899,1203,2753,2446,6105,2160,577,6521,6559
3518: 6955,6849,729,1790,6181,2455,7678,4777,6053,6346,7417,1296,1490,1307,2180,7261
3519: 5244,6406,2311,5420,5,7830,6387,915
3520: 5355,7583,6444,5541,2540,7779,1117,7751,6336,4289,2976,8165
3521: 4157,5163,2172,456,7110,4256,5972,5962,1248,2737,1906,5756,2030,763
3522: 7645,238,762,5293,4404,4138
3523: 5116,2329,7661,8173,109,2219,6909,6950,6070,6373,2022,3657
3524: 764,1473,6987,360,5628,5029,3468,14,3345,538,4979,6401
3525: 773,1343,7717,8001,4530,2303,7157,6475,2727,560,415,5954,4707,3129
3526: 859,3209,7207,6201
3527: 3309,4890,4031,2791,7976,2541
3528: 4606,5198,1159,649,7581,4767,5820,159,3685,5433,6584,1056
3529: 2254,8009,3276,7615,1605,7675,4273,1768
3530: 1667,5897,945,7690,4480,7429,6293,5486,6484,2231,2026,402
3531: 7496,7981,700,7969,1106,6569,3663,5263,6008,2805,5834,5823
3532: 8070,7740,330,5438,7767,4090,6863
3533: 759,7807,7379,580,4205,4771
3534: 7869,7588,4874,1357,5590,7622,1407,1149,6806
3535: 1107,7898,6033,7399,2717,7624
3536: 6073,2450,779,2242,7907,771,3185,3098,5950,790,6147,6634,6515,3148,2799,7226
3537: 2877,7923,1722,524,6858,7743
3538: 1197,3324,4507,7632,3633,4290,7456,184,7960,8034,4425
3539: 4797,6063,1524,5340,4619,6511,5359,4013,411,3452,4249,4963,198,2852,2420
3540: 5117,3459,7994,7010,193,5875,1617,6820,2808
3541: 1714,6711,4681,4775,3104,2942,5064,8015,947,3752,6803,4202
3542: 1587,7362,7632,8031,578,4682,2401,257,142,7265,3307,8083
3543: 1490,1307,2523,3099,5312,7261,5157,8162,106,2804,8055,7417,1953,6181,6346
3544: 2773,4793,4270,8068,3413,1928,4666,3314,1165,4206,5432
3545: 5618,6382,4970,3397,263,1408,4263,8120,6039,8090,8026,3145,5835
3546: 281,2678,3799,7254,7293,1058,695,838,6345,2688,3718,4364,8100,7834,488
3547: 2774,8120,8090,1226,1384,3024,2657,5782,4958,2387,5470,6217
3548: 6605,3707,3124,875,4605,4188,6855,2323,1658,227,8124,7375,7354,4328
3549: 3792,973,4422,6425,5824,7158,1746,4461,8133,4883,703,1517
3550: 1288,7359,1526,724,4055,5886,930,7518,5339,1054,3295,8143,200
3551: 3048,3373,345,4654,8048,6689,5122,4269,8147,45,3979,2480,1771,686,316,7482
3552: 8159,6084,5729,3794,4791,949
3553: 1145,8168,7613,3077,1090,4175,5716,2503
3554: 3374,3483,5603,5311,7710,797,8074,8190,8174
3555: 4718,2469,1892,4261,7732,4955,1689,2908,5976,8180,5739,2577
3556: 7738,3741,1413,6991,5300,5708
3557: 4150,7727,3085,2306,4114,2508,6291,2974,5292,7794,7762,1908
3558: 2646,1344,1641,7687,174,4228,5024,979,5803,2035,7059,2555
3559: 3698,3761,5074,1769,629,4250,6227,5734,2274,4460,3283,7910
3560: 1667,4369,4275,4689,4480,7391,6113,5787,2287,1924,47,340
3561: 2820,5196,958,357,4730,5785,5153
3562: 1305,426,5238,4846,261,1777,5632,6224,1409,5758,4583,7102,5375
3563: 4924,7750,5920,6044,669,6266
3564: 2750,5072,5349,7602,3773,768,3755,6660,5050,7271,5772
3565: 5411,1677,4905,1608,5231,425,2609,2887,175,950,7720,6662,4540
3566: 185,6075,2911,6404,5504,3795
3567: 7666,5511,4350,6846,287,6607
3568: 5821,186,5164,3454,5535,5549,482
3569: 1535,2806,5545,5273,6898,4816,2102
3570: 2751,7586,3940,869,644,1267,5747,2001,2790,4561,2071,5578,455,6315,6409,2876
3571: 5585,114,4683,5583,7007,4569,414,5647,253,3953
3572: 3946,2503,5604,6945,1552,7986
3573: 4690,6339,3514,6303,3190,6721,1255,944,1830,6116,5606,2679
3574: 4882,6471,4340,3809,4972,4
3575: 6200,348,6755,5682,4947,3804
3576: 7371,2190,901,5689,5896,1091
3577: 5910,5579,5407,1161,1246,5738,33,8088,7324,6741,2966,1325,808,2506
3578: 6554,2123,1539,1188,5269,7526,6728,5392,43,6648,2061,5501
3579: 2793,5763,384,7332,6433,6489
3580: 1003,7205,2735,4994,5461,7052,3815,3340,1158,6667,7505,5832
3581: 292,6204,7579,8072,1011,2840,5937,4475,590,1787,5836,339
3582: 1379,2758,7832,408,2443,6059,4669,2105,6162,3358,6262,6919,1716,1033,3980,7172
3583: 7099,6116,237,7704,5606,293,3972,6008,7130,4877,7820,2805
3584: 5810,1236,6142,4704,6352,7192
3585: 4738,6144,423,5810,1236,6324
3586: 1218,6653,3965,2189,162,1410
3587: 1030,3464,6321,759,5202,7379
3588: 2249,438,545,7621,1814,6379,1680,4127
3589: 1514,5221,5639,2672,4737,6389,7137,6115
3590: 4914,7909,6430,7147,290,467
3591: 8092,5616,5417,2133,2780,6456
3592: 7765,6512,3676,204,7287
3593: 81,7818,2271,3090,4483,4878,4656,4449,1858,6064,2552
3594: 7576,238,4494,2649,5293,5780
3595: 2476,4917,7247,4457,2296,2878
3596: 5101,1612,3508,653,6314,5585,1235,4683,414
3597: 5601,2283,1361,5180,7471,6879,5526
3598: 3758,3158,2946,5811,4267,6693
3599: 1378,4759,4631,3389,5931,1092,3503,3318,5335
3600: 5934,6199,7541,4907,7931,31,6238,4007,462,1282,7314,4926,1793,833,3165
3601: 2115,1887,2701,4831,5947,7188,5936,7162,6292,239,3300
3602: 3937,2705,5958,8053,6131,5566,7135,7188,1887,5947,5936
3603: 6738,1801,6231
3604: 4189,4008,6752,5993,1041,224,4531,1625,3436,2075,4349,6587,987,6210,6196
3605: 7956,2215,6349,2042,187,7041
3606: 1092,5226,4733,5328,7246,5614,6449,3096,1491,2120,794
3607: 7259,1949,7739,5460
3608: 6426,4129,7066,5912,7453,1075
3609: 8149,7558,7316,2592,5083,4864
3610: 4567,1287,4452,1452,4688,1019,7623,7421,2529,7899,3619,2307
3611: 130,1812,3359,7673,1875,4032,7023,3487,4363,6395,2335,4362,7707,7963,4586
3612: 5519,536,5374,4748,7758,5249,2802,4347,5919,5972,1827,3347
3613: 2662,6380,7764,1657,1257,111,8185,5833,5951,2410,3865,2363,769,5730
3614: 6285,4657,1994,1695,7785,270,7534,5837,6076,906,1726,2660,4089
3615: 7808,5370,4107,3725,1345,7718
3616: 7822,280,5002,7926,2875,4992,7996,133,2931,7083
3617: 7240,7887,3219,3106,397,6973
3618: 3627,4308,1909,1546,5364,622,7840,2364,7894,4798,7642,6993,3481
3619: 1559,3859,4651,7899,7016,123,5474,2307,3610,7421,2529,4203
3620: 6335,201,4091,7902,6126,5245
3621: 5256,4818,7904,1453,7374,3031
3622: 575,2964,7920,1205,341,3019,6490,3757,372,8050,4253,4403
3623: 4576,7955,2047,6995,1454,7339,840
3624: 5371,6429,1406,2268,5943,7964,4910,3293,1774,6531,3368,189,7967,1144,6669
3625: 5257,1942,7637,7982,730,3908
3626: 4802,1261,6622,5871,1087,7703
3627: 7999,352,2175,2656,1151,5839,1546,5364,3618,7840,2364,5385
3628: 4674,1705,8007,5022,7475,4409
3629: 301,4172,2716,7604,1553,2536,6952,4928,7952,3970,437,3669,4353,5673,1049
3630: 6354,1557,908,5624,3731,356,6611,2886,5898,1829,2060,4209,6341
3631: 1231,3411,8141,3911,694,5560,4264
3632: 316,60,3063,7065,4630,6507,1063,5344,4269,1195,872,2345,7009,2148,2564,8069,4519
3633: 1587,1197,3324,1504,7362,6966,3538,7632,4290,578,7456
3634: 4071,6626,4568,7040,813,3027,3488,5415,4425,6054,1000
3635: 6717,2255,7721,79,2739,6049
3636: 218,4752,1759,4673,6765,3223,3848,5514,5867,878,1262,6688,4873
3637: 3509,6935,1836,5848,4776,3321,5401,417
3638: 4904,431,2918,531,6983,3822,1613,801,5055,131,5551,7493,6197,1497,1460,6942
3639: 6985,2495,160,6041,2885,2058,4971,711,541
3640: 6474,6854,7402,4081,7693,4974
3641: 4020,1772,4838,1365,1562,1237,8065,5161,3691
3642: 1297,5258,4356,6095,4535,7074,6175
3643: 4797,1524,6267,488,5340,4013,2519,4364,695,838,6345,3452,7834,5361,5932
3644: 891,7462,8178,6252,2782,6958,5345
3645: 2021,7715,5393,2599,6052,490,5518,1731,5826,2427,5909,534
3646: 388,2595,1183,197,4443,7702,5153,5395
3647: 2140,4419,3771,6774,3009,7465,5459,1346,284,972,1595,7835
3648: 7819,6385,6320,2686,5100,5468,4151,1889,6
3649: 7585,6896,5655,3088,3015,1899
3650: 4276,5843,4924,1668,7085,1210
3651: 6289,895,2227,2938,7892,5728,3140,503,5753,6759,190,3718,5916,281,5942,5167
3652: 161,5644,6036,1770,1065,2637
3653: 4734,1335,6734,1533,4763,2863,6093,7438,278
3654: 581,4695,3968,4689,7391,7325,7694,7524,3059,6249,687,1739
3655: 5250,6284,929,5494,2728,7344,1876,3425
3656: 7821,6331,1313,2915,1425,7469,4315,2623,672,7233,1938,6327,4092,460
3657: 3693,6070,8087,6373,714,4778,5116,2329,7661,8173,109,6922,3523
3658: 6411,7076,3405,696,2888,7854,2534,7527,1690
3659: 6642,3328,5294,7340,2690,7845,156,1507,6473,6450,4926,5939,5835,7126
3660: 2915,1425,7469,4315,2202,672,7233,5949,5423,6390,6476,5851,203,2771,5764
3661: 4186,2168,1593,5235,4302,2912
3662: 6089,8086,6700,5268,604,2057
3663: 6172,2023,7722,5985,475,3531,7981,700,7969,2359,5823,4390
3664: 2764,6506,6690,225,6715,4191,2114,4506,1475,5957,2957,1071
3665: 1777,4142,5296,6588,1574,6000,1619,916,426,3196,3424,4097
3666: 4139,4599,4800
3667: 1195,2841,872,2345,4137,7009,4500,4929,3109,273,2807,1063,7200,5673,1049
3668: 4314,4617,656,5507,2516,5874
3669: 3109,620,1403,273,2807,3970,6779,437,7200,7500,4353,6092,5673,3629,5422
3670: 5500,3933,586,529,4521,4450,6760
3671: 5406,2860,2754,3246,2011,873,7260,6555,4549,5597,1355,7810
3672: 188,2747,7301,4864,6370,2328
3673: 621,6171,6454,5685,3711,983
3674: 4136,1555,5858,1516,6654,40
3675: 7153,4978,6122,7049,1419,7142
3676: 7765,3592,204,5177,957
3677: 834,3162,5777,4324,7780,3834,3240,7760,1375,2755,4799,5156,5332
3678: 8017,2269,7204,7812,6994,4343,5530,163,2658,745,1743,7221
3679: 571,7129,2084,6025,7826,4335,6587,6009,4964,1363,7561,7824,1780
3680: 7714,963,1821,5587,7828
3681: 2442,5670,4281,4458,5726,1094,3977,1984,7839,6599,1178,6317,1778
3682: 1441,3337,226,7860,5817,7555,3344,551
3683: 1929,6194,924,2585,5575,4881,7862,4375,6154,4174,2145,4823
3684: 7914,6392,2884,1268,441,1364,552,4019,6795,3891,5143
3685: 5539,4767,5820,159,7937,3177,4701,5433,1298,3528,1159,649
3686: 3398,1088,6927,8033,7571,4539,5170,7966,3495,6186,1351,1873,4709,6965
3687: 2681,3930,814,1433,7968,5004,5399,6069,6056,792,3293,189,6669
3688: 3045,1390,7535,4223,8004,2014
3689: 6282,394,3295,8143,200,6696,164,7196,8029,5440,1288,7518
3690: 7804,6923,8039,257,142,2618,6253,8146,2756,1373,4448,3984
3691: 4020,1365,3641,1237,8065,5161,2150,125
3692: 5025,453,8077,4133,4848,7801
3693: 1979,6070,8087,6373,4778,8094,6439,3657,2329,8173,483,143
3694: 3805,6866,283,4607,4009,8099,7450,2246
3695: 2550,8114,5638,7874,4116,4983
3696: 4927,3415,3465,6205,19,2025,6881,3428,4510,8122,6161,5666
3697: 3979,7424,7328,3722,5570,1069,5996,6655,7392,1358,8153,4654,6689,7182,3116
3698: 4856,5074,7761,1769,3559,629,4250,8164,6227,8167,767,5734,4460
3699: 7291,5887,2123,917,8176,6342,7526,1920,7336,165,4770,1356
3700: 3455,4136,1555,8179,7163,6003
3701: 6027,4380,7721,1221,166,6220
3702: 1556,5398,6837,4138,4578,2290,7645,290,2477
3703: 1440,2462,6882,6890,4938,3187,6767,155,2869,2474
3704: 2638,6495,5056,7939,1147,1549,919,4545,4495,1750,2218,3129,7717,8001
3705: 2979,8078,8016,6929,7713,70,6293,5195,4780
3706: 2357,5789,1176,5040,5636,5279,7202
3707: 6605,1726,3548,5640,3091,1446,3124,5295,875,4605,5690,4188,6964
3708: 2405,4107,7625,5641,5404,4999
3709: 5650,353,7060,5412,3391,1673,1174
3710: 7865,7105,3180,5809,1213,738,5677,6580,4922,6979,4231,5683
3711: 5685,8155,424,983,5903,3673
3712: 1817,2302,1910,772,6081,6302,5705,3286
3713: 1848,6213,6732,4772,3974,5774
3714: 242,5790,4969,5278,1332,881
3715: 7803,3507,2954,984,6996,568,5479,5851,2090,4388,1847,990,3961
3716: 1198,7051,5873,7771,6002,8085,1029,3179,3473
3717: 5880,3306,1119,137,1146,4192
3718: 190,1153,2688,2533,4364,4912,8100,5916,3651,6759,281,3546,7293,1058,5167
3719: 7491,4346,5966,2724,4940,4236,2004,7768
3720: 1905,2342,5569,1934,4541,5176,5974,2834,5776,6100,7786,3787
3721: 6091,5994,5037,358,7933,3020
3722: 2895,45,2554,7424,7328,5570,1069,4524,5996,3697,4189,6655,8153,6689
3723: 4155,2319,112,7231,3417,7567,327,718,1382,6046
3724: 4713,6050,4606,5198,4309,2907,1632,6491,320,2725,5045,2794
3725: 985,6123,2426,1345,7718,3615
3726: 6405,1015,6137,7772,6485,3207,7055,5906
3727: 5061,6156,3364,657,4066,4771,470,2418
3728: 2809,6241,5595,5230,827,5369
3729: 6315,8040,6283,7034,658,2285,3023,1157,1819,2456,4303,4660,5935,5517
3730: 1879,6866,283,7221,1244,4788,5530,8110,6338,7450,4233
3731: 7620,6354,1557,5624,1437,3383,356,4820,7513,3630,1162,5898,2204,1399
3732: 1723,6440,354,5692,4792,5442,616,3332,7464,5567
3733: 3880,6195,5094,6352,6080,6459
3734: 4215,5615,3881,168,7178,6597
3735: 7088,287,6607,5276
3736: 2300,259,4052,5550,942,6621
3737: 3877,8173,847,109,6922,836,7212,4869,506,483,7919,6190
3738: 2027,2352,971,6751,2258,4901,6259,3159,2620,1211,4167,4997,4919,7795,2179,6402
3739: 3247,398,5224,679,798,1669,5631,7372
3740: 5148,2569,1263,5369
3741: 3556,3500,5550,7738,4645,5708
3742: 1462,94,8037,2332,3755,6986,1120,5772,7127,243,7266,7773
3743: 4077,7797,6152,3874,4219,7913,857,5743,12,7544,1320,2745
3744: 3904,6602,1477,1315,6571,1129,4160,149,5118,7176,3132,7857,643,4105,5506,7486,206
3745: 7932,5485,7385,4468,4565,1301,6018
3746: 7916,2587,582,6372,7936,7428
3747: 7927,4794,2041,1764,172,659
3748: 5934,6199,6815,2657,5782,732,4140,4084,7931,8026,5939,4926,263
3749: 4802,464,1261,6817,6622,2064,876,7948,4026,5648
3750: 5057,7667,1536,6378,8191,7957,733,7467,6612,6232,1730
3751: 3279,5532,5865,1173,660,6043,6170,1988,5554,597,5642,7961,4664
3752: 4366,947,6660,2697,7983,7271,3040,6803,2942,6870,3541
3753: 8006,1670,6641,1684,877,7151
3754: 2654,8012,5928,4850
3755: 5072,3564,2332,768,6986,6660,5772,7127,4181,7266,7773,3742
3756: 1308,2670,5354,5109,975,355,7519,5598,5888,5727,3785,8046
3757: 3622,2964,7920,3019,8050,8093,2949,4555,5856,144,7425,5808
3758: 5811,3598,6693,427,6483,5261
3759: 5548,661,8073,4442,1824,2561,3171
3760: 1692,8075,2825,2199,7504,276,5350,6035,7313,16,1762,583,3036,7441,3476
3761: 5074,7761,1769,3559,629,7502,3923,8105,1217,7910,802,5599,3339
3762: 6530,7531,6478,3446,3212,7641,8109,5309,7398,7730,1742,1538
3763: 6479,3195,7393,1542,5662,4529,4589,803,6707,5431,6067,3122
3764: 6176,8138,774,7570,5178,2522,4937,834,7104,1200,4585,1975
3765: 6789,31,3141,7347,6255,1430,462,279,8049,8145,3003,6585,628,7917
3766: 4420,8149,7558,2659,5723,4000
3767: 8156,7600,4145,7695,2253,6717
3768: 8182,4908,5197,3915,1459,4995,8115
3769: 7121,1423,7197,2447,1597,1735,49,3056,4463,8184,322,676,7451,6139
3770: 2452,6086,4235,632,584,8187
3771: 2140,5267,4419,7465,5459,3647,972,1595,8189,497,1483,2545
3772: 7401,1842,1536,913,3366,6470,401,829,8191,5877,5400
3773: 2750,5072,7602,3564,429,7578,4298,7365,2037,476,4238
3774: 4225,7283,1651,4439,7250,419,5591,2063,3155,6608,7520,285
3775: 4190,272,4447,7589,2082,78
3776: 323,5698,4481,2434,2696,1062,4339,4747
3777: 7990,169,843,7439,4577,4895,5762,7356,2071,3051,3467,1088,6927,2050,7560,5800
3778: 2078,7334,6850,5150,635,959,4584,5596,1803,364,7355,6770
3779: 7934,3835,4814,7043,170,129,7574,4702
3780: 3997,145,4819,8118,7877,6106
3781: 5686,4852,804,1586
3782: 6851,5324,4151,4855,6398,1270,3991,4234,5669,1474,404
3783: 439,6582,4758,2220,7649,1260,1317,5285,2504,1549,5000,6917,55
3784: 5893,1878,565,167,7445,5069
3785: 2382,8046,7557,4894,1693,5727,4573,5109,3756,355,5598,3930,6051,1383
3786: 2823,7423,5151,5866,619,2439,7492,7864
3787: 914,4665,3379,376,4870,6100,3720,5176,5974,2834,7811,15
3788: 3912,5303,7289,7782,5484,4414,298,1319
3789: 7191,7841,6673,5305
3790: 4113,5272,1128,5492,1729,3943,7070
3791: 6094,3291,6522,691,5622,7659
3792: 6784,243,5959,7266,973,4422,3549,7773,6425,94,5824,8037
3793: 2115,7318,2374,5103,1945,4478,2337,5947,4132,5620,85,7784,4378,6257
3794: 3552,2157,5729,4791,7385,7606,6018
3795: 5933,2028,2872,6075,6404,3566
3796: 3201,6727,6177,837,4903,2109,305,809,5952,3156,4260,3119
3797: 3376,6993,1125,7317,3887,2386,6735,1014,800,3160,6804,6274
3798: 1681,5244,5420,5983,2493,6314
3799: 2678,3546,7598,7254,613,7293,1058,405,2574,695,6345,6646,488
3800: 1767,295,5883,7794,599,210,6365,7762,7727,4114,2974,2833
3801: 4993,1253,2641,6576,756,1458,446,6257,4132,5620,4357,1964
3802: 5324,1889,6,6629,1861,4877,7123,2686,5468,6303,3190,6179
3803: 430,6509,6999,7474,2526,673,6344,3893,3287,1674,6780
3804: 6151,6800,3575,6755,5682,4947,782,4570,2144
3805: 1544,6724,6866,283,3694,2002,6791,4607,4009
3806: 773,5422,740,6865,4530,5701,2303,6897,1837,6475,6779,7646,7500,221,3489,2647
3807: 1435,3313,3331,7255,67,6906,4286
3808: 2927,6932,3304,7985,5054,1838,6908
3809: 4340,3574,3943,4972,2087,7070
3810: 4381,1980,5169,5006,1918,7788
3811: 5930,593,4383,4017,5467,4735
3812: 7901,4832,6852,5189,3898,1981,4386,1167,5495
3813: 6108,5064,2614,7405,855,4517,681,6437,2008,1112,806,4681
3814: 4553,6893,7036,1323,2796,588,1418,5977,1518,7132,4098,7281,7533
3815: 171,1158,4608,1600,6667,1003,4930,4994,3580,4075,209,3875,7647
3816: 1414,2710,4762,4119,2221,4359,1474,6013,2479,793,7025
3817: 1744,2089,4331,894,546,3327,7100,2788,5373,5254,6362,4828
3818: 1215,4933,549,2838,5314,4394
3819: 5520,679,3281,7748,7372,6448
3820: 2828,1804,2700,5857,5611,6606
3821: 4718,146,4261,5421,8151,7078,3901,6484,2231,2845,663,7973
3822: 3638,4904,431,531,1613,801,5055,5551,1528,7493,1497,3170,1138,7845,6942
3823: 3058,7026,6947,314,2029,6513,4635,4438,6097,8097,4891,6306,3406,2753
3824: 4182,7595,4712,1826,2900,5658,7038
3825: 5163,1148,7071,4520,6603,2030,708,4083,628,13,7757,3141,6255,7395,3003
3826: 2153,5038,1050,1306,7095,5310
3827: 733,7119,5731,7109,234,7944,1799,1730,7131,2275,480,7460
3828: 7536,1922,7242,1415,7749,4086
3829: 4836,3314,590,7256,3007,4206,5019,5396,1519,2996,7579,6716
3830: 5637,1972,6746,1919,147,7268,7242
3831: 7479,3005,7063,6593,1143,7965,6670,2608,207,1043,5829,2226
3832: 3854,5761,432,5031,7501,7618,3199,8140,3844,8005,1794,3175
3833: 1471,4631,1532,2579,3111,5717,5046,128,7350,7665,4125,1074
3834: 3677,3162,5777,3240,1829,4799,5156,908,7684,2428,2161,7543,6341
3835: 7934,6304,2873,7698,3879,605,3779,7043,2053
3836: 914,2580,5815,4665,4870,5176,5974,7596,2062,7715,1731,7229
3837: 1372,954,5015,2204,5882,510,2161,6636,7769,7620,356,7513,252,5956
3838: 5493,775,3166,1805,4939,7792
3839: 7843,4782,5700,5508,4144,3133
3840: 865,6374,1978,249,5008,4401,6307,6978,5458,4241,7853,2626,1225
3841: 7707,3453,3229,6892,643,7855,1232,7963,4105,4586,4909,5126,5506,5582,130,2135,3846,3359
3842: 7893,1558,463,5077,2768,4391,1630,2392
3843: 4609,7978,7947,6753,6414,1880,3482,183,8188,6926,2137,6159
3844: 3199,3372,4543,148,6661,8140,8005,104,3832,5761,432
3845: 68,8129,4101,3498,5513,2988
3846: 6664,2135,3359,4320,643,3841,7855,7963,4105,5582,624,2455,2031,3904,8008,149
3847: 7371,3060,5845,7339,840,4782,4144
3848: 3223,3322,2861,6967,4327,6692,5514,5867,6831,714,2141,878,3636
3849: 6285,1994,2122,7785,2506,6786,5837,6076,5099,1123,7370,7634,7212
3850: 4537,3135,6681,1482,2512,1964,6034,4352,2489,1253,4996,4854
3851: 3355,1912,2921,5205,320,4596,7706,6273,1841,6773,5752,6112
3852: 4992,7996,133,3905,6616,1426,6649,2931,8047,7239
3853: 2169,7002,5022,4045,7475,481
3854: 2748,4977,3832,5031,7501,6953,2488,95,7618,1606,5070,3175
3855: 7940,3047,6418,2165,2341,1600,25,6667,4515,7590,5051,6026
3856: 2241,7203,5032,296,7819,6385,7829,5100,2710,793,202
3857: 1239,1564,7093,5315,7091,7230,547,2983,1897,4370,5199,6132,2076,7837
3858: 5408,6264,2630,2249,7538,7621
3859: 1559,3619,2080,7016,123,5474,7421,2373,4740,4203,4701,1275
3860: 2385,3506,5750,248,4501,7539,4195,2398,7971,4670,5509,3114,6983,6438,7121
3861: 2502,5385,5619,2857,2977,3913,5510,4295,6539,8172,860,5839
3862: 4318,208,1076,8161,5466,8128,71,3914,5663,3218,6572,4219,1702,6615,6802
3863: 5806,477,2913,7387,2818,46
3864: 1183,4818,1453,5876,3440,4730
3865: 2642,5951,433,2410,1465,7517,4808,5075,3613,2363,7729,3384,769,5730
3866: 5475,5961,6413,5077,2768,7373,841,1630
3867: 6178,5955,2424,2779,6010,403
3868: 5487,5554,597,2260,4664,1173,6043,2666,2277,5288,1733,1983
3869: 2223,246,1318,5463,7403,1882,7480,851,6971,6056,7827,792,5004
3870: 5451,2983,7337,86,4054,1897,4379,4370,6132,6527,7735,6024,7799,8132,4552
3871: 7893,6143,949,6812,4791,4694,910
3872: 7990,169,1580,6145,4577,2235,1974,3926,1561,3074,6333,4491,4829,7633,1447,4916,7560
3873: 8152,6989,6150,4040,4594,69
3874: 4077,3743,7797,6152,1718,4219,434,5743,4360,7544,3990,1702
3875: 4817,209,3977,821,5899,7647,6165,4984,6599,171,3815,2165,4608,1600
3876: 5983,2493,4356,5129,6175,5076
3877: 4089,3737,109,836,7212,6786,6076,7370,4869,506,3120,6190
3878: 1189,6233,3184,7001,3108,5306
3879: 6304,2873,605,3835,1124,1654,2053
3880: 2846,775,7192,6195,3733,6352
3881: 4215,3734,1881,7508,6821,168
3882: 7128,2409,1166,4989,2336,4830,2333,7216,4801,4789,1006
3883: 6305,7118,1417,3041,911,7724
3884: 7408,1454,7339,5265,901,5845
3885: 3031,6935,5848,1806,8108,35
3886: 5960,2606,4304,2586
3887: 7642,1125,3030,2740,7317,7050,4548,6640,3797,2386,652,6735,5110
3888: 6883,2173,362,1405,5212,7451,3169,6245,7120,6139,4080,7375,6290,6500
3889: 3012,7550,4265,435,6853,4454,2985,706,3462,6955,6849,2460,1790,1179,6286
3890: 2858,7122,2774,6039,1948,7047,7296,736,7225,6443,66,8113
3891: 7262,1676,5143,6389,6115,862,7914,3684,552,7448
3892: 6501,3957,3288,5944,1704,4623,2482,5648,7582,254
3893: 1674,7674,6780,7565,1265,1548,5571,2250,430,3803,7474,6054
3894: 585,2269,7204,2473,7481,7752,3341,7490,8059,98,3134,65
3895: 606,7115,7895,7841,5305,4821
3896: 1996,5622,7859,26,5625,662
3897: 1990,3197,5816,6251,7193,87,7878,420,4067,219,4812,6805
3898: 7901,2166,6852,4148,0,5189,5041,3812,298
3899: 4754,4287,2557,410,7867,7932,5142
3900: 5152,582,8064,7936,5367,2598
3901: 7078,6484,2231,402,1667,7429,146,3821,8151,2287,2917,7973
3902: 7320,7075,1570,1357,1463,6633,7992,3292,7116,41,842
3903: 4406,2593,2903,334,7918,8000,4100,7680,6638,6470,5877
3904: 2400,3744,8008,1477,1315,4160,149,5118,3846,7857,643,7855,4105,624,7568,2031
3905: 4992,7996,5121,3852,6649,2931,8047,6494,1721
3906: 7394,1954,7663,1292,2095,2763,300,8056,7756,2832,5598,5888
3907: 4251,7218,6675,2474,5405,8058,3168,4945
3908: 730,6236,8060,289,3625,7637
3909: 2979,8078,7657,7713,2844,5005,7575,441,1364
3910: 8082,5956,1893,4277,7533,6548,1372,5015,510,8038,5977,7132,588,1418
3911: 694,870,1095,6441,3631,4264
3912: 1126,3512,5303,7289,3788,8112,2980,6125,4283
3913: 2502,6505,8119,5385,5619,2977,3861,4643,4295,6539,2045,5711
3914: 4318,3233,208,6588,1076,8161,5466,3862,8128,71,746,5663,4217,1702
3915: 3768,5197,8139,1459,4995,1982
3916: 116,2945,1358,2197,1807,2068,4402,5017,5536,8142,8098,7369,6625,136,4180,515
3917: 5627,4279,7946,4620,6420,3289
3918: 4702,1127,4365,2118,6534,5200
3919: 5703,6226,3399,1591,7107,8084,7781,1882,7480,4038,1954,4446,7827
3920: 1508,7559,6951,7972,28,7846
3921: 6095,4113,7435,5475,4535,2441,2991
3922: 3164,5759,3107,6502,5988,3262,1567,1266,2714,4642,5927,3080
3923: 4624,3761,7761,72,2079,629,7502,6134,7290,3339,2243,7711
3924: 1068,3140,1280,503,6503,5498,1502,791,6206,4614,4897,1389,7418,5942
3925: 2612,1251,6120,2698,1274,7189
3926: 1561,3074,780,102,8130,6333,4222,4491,4829,5030,7323,3872,4237,1447
3927: 99,5132,4110,6968,739,7656
3928: 2738,3290,5286,587,1394,465,6843,5602,6820,5733
3929: 2232,7389,2094,5346,5124,3,7015,6183,4534,1116,4208,1696
3930: 2681,6051,3687,1433,1383,7968,5399,4564,851,1693,2343,4573,3785,4894
3931: 5413,3033,2036,6823,1647,2567
3932: 5487,1709,118,2260,1857,4664,5326,4438,6458,5288,158,1983,6097
3933: 5500,586,529,3670,7495,1754
3934: 4430,7688,7679,5732,2264,5671,625,1259,2450,4462,1618,4177,4756,5428,5722
3935: 5913,5889,7223,4070,574,7924
3936: 20,301,55,1802,4892,5201,5923,6071,6065,2958,4284,1227,5285,7310,8028
3937: 3345,538,3602,2928,1710,6451,5958,6131,4979,5566,6401,360
3938: 7118,5123,6167,2897,124,1697
3939: 4860,7911,6209,6961,1794,1971,933,5464,1140,2711,48,690
3940: 3570,869,644,1267,5747,2790,4561,5578,5010,5449,6315,6409,4303,4660,2876,8117
3941: 1957,7946,1219,6427,8116,4988
3942: 5798,4252,2070,4236,4028,4731,6446,1371
3943: 4340,3809,1698,6468,1729,3790,7070
3944: 6624,4196,4029,1796,2490,6981,741,7032,7338,4593,5262,5327,258
3945: 5970,1914,6699,2543,53,7988
3946: 2837,3572,5604,291,3290,6843,1552
3947: 2375,3137,7629,4632,7495,1754
3948: 4906,6854,4974,4802,1261,1671,7948
3949: 5325,3993,6867,5964,2601,4849,1565,6296,338
3950: 6875,7494,239,7035,4803,2213,1082,2962,3458,7235,7175
3951: 4875,6107,6886,3070,6011,6215
3952: 5588,4553,5270,6553,6893,7036,1396,236,7954,2796,1070,588
3953: 6457,4569,922,414,22,253,5585,3571
3954: 925,6637,5190,5117,2178,6652
3955: 1304,5227,7796,6261,2990,589
3956: 5322,680,7241,3419,380,5794
3957: 4085,6501,7397,6416,3892,3288,5944,4623,7582,7763,254
3958: 4371,2044,7979,4526,5107,5120,3084,2919,937,7943,2238,7169,229
3959: 7089,6739,6207,1885,3474,7601,6651
3960: 1087,7703,91,7643,3457,5168
3961: 5791,2243,4161,7711,2079,6134,1847,7290,3507,3715,2954,568,5479
3962: 2535,5460,7836,1136,7739
3963: 7770,5908,6540,255,404,1987,3381,5384,5544,2507,4502,596
3964: 4305,1520,452,7774,1808,2617,7546,6077
3965: 1218,6653,3586,303,6219,8063
3966: 974,3504,3341,7848,5665,4887,4431,2308,6312,4104,7658,585
3967: 7909,4271,6639,1091,247,5265
3968: 581,4695,4689,7690,4480,3654,7325,6795,7922,2183,6249
3969: 1811,6623,1505,7950,3371,8166
3970: 7952,620,6779,437,3669,7200,7500,4353,6092,5673,7604,2536,3629,5422,740
3971: 3380,256,1489,5241,1396,7954,2940,5714,5239,761,5781,7798
3972: 88,5263,6008,4877,7820,3583,2805,7981,1321,2686,6705,5823
3973: 5287,2239,6096,7664,328,7984,3435,5365,3181,1950,7335,2596
3974: 7987,1655,5774,1848,3713
3975: 2610,4255,5975,4973,1742,7998,7641,1101,5771,4058,3163
3976: 4921,8022,2383,2830,6561,2729,2950
3977: 6527,4817,209,3875,8030,1984,5899,2205,992,6165,7839,6599,3681,1094,5451
3978: 2487,7795,8044,2179,2734,826,6402,89,7851,7019,4805,5802,7452,2027,2620,1211
3979: 45,7328,2480,1771,5996,3697,8147,686,3551,7392,3373,345,4654,8048,6689
3980: 6162,3358,7046,6262,5754,6919,1716,1033,8052,1863,361,7126,4675,3582
3981: 1683,1580,7942,3215,5762,6573,6939,7356,591,1523,8079,7591,4509,4774,1584,2367
3982: 117,1809,7165,2411,6824,466,5795,2289,173,7654,4637,4841,8103
3983: 6563,216,2032,8111,1302,6782,6269,2716,522,1553,7358,1049,335,2841,4141,4500
3984: 684,7777,1373,4448,2625,7455,6253,8146,6189,8039,257,3690
3985: 1992,3258,7155,5855,4954,3214,6328,3284,6237,2865,783
3986: 1435,3313,7551,6452,5430,8163
3987: 5547,3410,8136,8170,8110,1828,4698,3134,1886,6338
3988: 5476,4705,4680,2485,3996,1269
3989: 4182,6011,4712,6215,2003,182
3990: 7797,6152,3874,6572,4219,7913,1702,5663,698,6615,1641,4228,6802
3991: 4886,4855,6398,3782,1270,4234,3255,6540,404,7473,1121
3992: 1479,1191,4542,8171,5852
3993: 4622,5325,6867,5964,2601,3949,1845,4849
3994: 4773,218,2881,4453,1862,6801,4752,1759,492,5104,3127,1773,7658
3995: 2373,5539,4767,4203,7937,4701,5433,1275,305,7016,6727,1985
3996: 5476,3988,6017,1269,6785,7962
3997: 3780,145,7877,245,5485,4468
3998: 1991,5559,471,4685,1989,7653
3999: 57,4088,6750,7559,6074,5576,4496,5651
4000: 5723,5652,7300,323,3766,2659
4001: 1074,5704,1917,1921,3037,7116,5717,1463,5046,128,7665
4002: 7991,6020,3457,3006,4896,6658
4003: 6022,1385,470,2418,4975,4627,2459,7033
4004: 7197,7876,2447,7270,49,4551,1537,6170,1988,6030,4226,7961,4893
4005: 4278,4248,7930,6083,1581,1854,4048,3430,4333,6258,6619,2186
4006: 1569,6620,6529,909,6135
4007: 6789,1362,31,6238,462,8049,5695,1282,7314,5934,7541,4907,7931,3600,3165
4008: 6289,895,6752,3604,2227,1041,224,7892,5426,5728,4349,1678,2571,503,6550
4009: 2948,4607,4625,5228,6313,3236,1544,3805,3694,2002
4010: 107,1986,2117,2713,4686,4169,4966,6374,1763,4401,7057,3018
4011: 7940,3340,1158,3047,6418,25,6667,7505,5832,5371,2268,1774
4012: 6492,5078,1703,2514,7949,3431,2881,5362,853,8106,4485
4013: 4797,6063,3539,1524,6267,5340,6511,5359,3643,411,3452,3072,4249,4963,5361,5932
4014: 6948,1760,3278,6674,5712,5980
4015: 5337,6868,7903,2430,3013,548,4729,5755,2416,6714,6442
4016: 7660,4959,6742,1976,1811,5216
4017: 593,4383,3811,4616,887,6746
4018: 3511,4508,1669,1691,3460,5260,7406,6750,6074
4019: 3684,6392,2884,7325,1268,6504,1364,552,6795,7922,383
4020: 1772,4838,3641,75,5161,3691,8160,6832,4658,7652
4021: 7170,3393,6492,325,1230,4171,6838,143,7949,4770,6464,5394
4022: 76,5390,5581,2188,6891,4920
4023: 5410,3121,8063,32,6921,6653
4024: 7226,788,1573,4697,6925,6208,3185,4032,6634,8162,1487,3280
4025: 4170,744,3289,892,726,5627
4026: 1704,5478,7360,4559,1476,5648,4906,1671,2064,3749,7948
4027: 5264,1776,5403,7112,7612,4486
4028: 3942,2070,6446,1371,5308,5635,2422,7529
4029: 4196,3944,6981,2384,7032,7338,5327,7824,258,1780,678,5737
4030: 6808,7377,7039,3273,6748,5847
4031: 3309,727,3527,5948,4065,2541
4032: 5950,1875,7023,6395,6147,5801,3185,3098,4024,7226,3611,1573,1812,4697,7673
4033: 5185,6691,378,4711,6440,3418,354,6225,4943
4034: 7556,1962,4274,6397,1032,6912
4035: 2662,367,2325,6263,2320,4708,6910,6422,7341,7034,658,6796,6974,1695,4467
4036: 6641,1684,6552,3252,5858,5418
4037: 2607,6720,4557,5775,2236,6941,6647,52,3102,7980,4913
4038: 7480,6971,324,4446,7827,1591,3919,6226,246,7781,6885,1882
4039: 8060,115,1272,289,3441,6814
4040: 8152,6989,7483,7124,3873,7224
4041: 3294,7955,1955,4126,6995,6889,1028,7503,2119
4042: 7054,7888,6940,1273,84,6710,3374,5311,1865,3458
4043: 458,1212,3445,2171,7842,5992,6876,7096,7090,1813,7003,758,1792,5126,5844,6104
4044: 6663,5632,2129,7333,7101,6224,1040,3156,4260,3119,1637,526,5375
4045: 5264,7112,2448,5022,7002,3853
4046: 6264,438,7621,1170,3053,7114
4047: 7124,7651,6427,1798,152,1706
4048: 1462,6425,4278,7930,1581,94,4005,5824,8037,3430,7127,7773
4049: 7240,4980,332,6977,7189,770
4050: 4950,1990,4755,2121,4243,3197,5816,1859,6251,7193,989,6472
4051: 2685,4262,2056,5534,1628,5253,2097,7416,6275,7209,34
4052: 3501,259,3736,7073,5066,7308,5067,942
4053: 6554,5887,2123,917,5110,6342,1920,1125,3030,7317,7050,6567
4054: 5451,7337,86,4379,1778,3870,4178,6132,6527,7735,8030,8132
4055: 7359,5439,1526,6242,3550,724,5886,5339,1042,6698,8180,231,6188,1627
4056: 6061,7374,619,7492,7904,2823,4498
4057: 5297,282,905,7532,2407,8036,7438,7386,5544,4615,97,596
4058: 4452,1101,233,3163,1742,7998,6478,7641,8109,7398,3975,4255
4059: 2196,1956,1003,7100,4930,7205,38,4994,4587,4588,5461,7420,7510,4331
4060: 3387,6887,474,3302,6510,7577,4328,7868,3091,4605,7431,1031
4061: 3071,6834,7988,6057,4983,4116
4062: 1182,6172,7302,2023,5724,475,1395,2359,5600,542,4390,7174
4063: 5487,1709,597,5561,5642,1857,4240,3502,4893,5945,2447,1597,4551,2527
4064: 7525,5540,744,4211,3289,6420
4065: 6902,5948,7653,727,4031,4685
4066: 580,5515,657,260,4771,3727
4067: 420,6297,6841,6326,4812,2797,6805,1990,1741,7193,7878,3897
4068: 3191,6272,5016,3052,1795,2748,7476,1958,6953,7974,6377
4069: 5266,1400,5854,5847,471,7377
4070: 5913,3935,5889,5012,5402,7463
4071: 41,3634,1728,4568,6271,7040,842,7320,7382,5415,7116
4072: 7716,637,5434,4433,2829
4073: 5564,7283,1651,4439,1576,4488,7250,419,6719,3228,95,7082
4074: 2088,5313,6157,5661,4967,54
4075: 5670,2089,4331,4281,5477,1094,4930,38,4994,4588,3815,209,7647
4076: 1317,7310,5056,7939,919,5721,7553,8028,7604,1802,2536,6071,740,6148,7952
4077: 3743,7797,3874,434,857,5743,12,7686,1592,2745,7264,5154,7668
4078: 6763,6237,4376,750,2865,7128,5770,4918,1006,5136,1992,5946
4079: 6560,2093,6040,5758,2159,4583,1305,5803,5238,2467,4613,261
4080: 2478,4128,6055,6290,6500,3506,943,1993,5825,1735,6883,362,7451,3888
4081: 3640,7402,4974,5871,56,479
4082: 248,7539,631,4195,1993,1510,2734,7019,5357,5879,262,4539,636,5240,6965
4083: 628,389,13,2523,7018,7757,1286,3099,7700,5925,7261,5917,4520,3825,3003
4084: 3748,3024,5969,6199,6815,2657,5782,732,4140,4907,4958,8026,5360,8120
4085: 6501,14,8057,3957,6416,7759,5944,4601,1688,5971,7458
4086: 2975,3470,7749,3828,5995,7536
4087: 2314,6062,1705,8007
4088: 57,3444,6750,3999,6102,6074,3511
4089: 3877,2660,6090,847,109,6909,836,7212,3614,4657,7785,6076
4090: 5776,8070,139,5438,5998,6863,1008,3532,7786,1515
4091: 3620,6335,1290,6126,6546,6066
4092: 7821,4315,3656,672,1938,6327,16,460,7441,3476,3025,6133,6329,1692,6035
4093: 6136,3281,1525,132,5520,6212,177
4094: 5130,4746,1169,17,5383,5334,2136,6240,6222,3515
4095: 18,1278,512,6295,3450,369,1975,6877,8071,7825,4484,7104
4096: 699,7872,2025,6311,2765,665,4214,7626,2971
4097: 426,3196,5768,4846,261,1574,916,1777,2129,4142,6224,3665
4098: 1518,3208,7132,1258,1494,7281,6714,6047,2995,42,5977,3814
4099: 6706,6872,186,4436,2862,5164,2040,2324
4100: 2593,1491,3903,2903,2120,334,794,8000,1842,5877,5681
4101: 5623,486,68,3845,938,2988
4102: 5457,7715,2226,5393,6574,2599,5736,6052,490,2608,7596,1370
4103: 570,212,7751,7020,4523,2228,7292,1303,2909,2744,2976,2000,7208
4104: 3341,7848,4887,5437,2308,3966,6312,7658,1862,6801,702,7481
4105: 7857,643,3841,7855,4909,5582,6664,2135,3846,624,2031,3904,3744,8008,4160,149
4106: 926,4999,6151,1084,4285,2144,953
4107: 2405,3615,7808,7625,3708,1345
4108: 1999,7856,7902,5245,6391,4610
4109: 7267,6301,2521,6811,1124,6304
4110: 445,2704,5132,3927,1291,7656
4111: 1888,7660,1347,4147,760,5216
4112: 326,7442,2112,3310,4301,4931
4113: 7435,3921,3790,2441,5272,5961,1128
4114: 4150,7727,3557,2974,5292,3800,7762,2833,5940,6781,1925,1908
4115: 4318,3233,1076,746,4217,6718,2757,3375,1019,6298,6532,2307,7243
4116: 3695,5638,6834,4061,4983,885
4117: 8129,927
4118: 2295,1111,4385,2910,1333,4204
4119: 1414,4762,3816,2221,4359,5669,1474,6851,4855,6726
4120: 1330,7232,2154,5058,6681,970,3235,4212,1639,7863,1429,371
4121: 2801,5411,1677,557,4294,1608,5112,425,5187,3039,2086
4122: 1387,449,2911,1413,7432,428
4123: 1734,7414,96,2184,3329
4124: 413,2674,1222,5524,6635,3110,6347,7017,867,7889,6168,594
4125: 573,2921,7665,2626,5205,7217,3833,1532,3111,1074,567,7029
4126: 4844,7408,6995,1454,6889,2477,4041
4127: 655,1382,4880,5537,2319,6794,3588,1814,6379
4128: 6186,579,1351,2323,8124,2478,4709,6055,4080,6965,6290,6500,1993
4129: 3608,963,6426,1821,6141,7453
4130: 2400,556,1477,5799,4159,5118,1179,2621,4265,435,706,2352,4901,407,6259,4167
4131: 7053,1944,6627,6992,7114,1680,2466,438
4132: 2374,5103,3793,2337,5620,1020,85,7784,446,6257,3801,4357
4133: 2663,5025,8077,3692,4563,3305,6590
4134: 4470,6006,4604,223,151,5545
4135: 2007,6529,7852,3028,6620,3089
4136: 3700,3674,1555,40,6003
4137: 335,7113,1195,3667,2731,6523,2841,872,4141,7009,4500,4929,1302,3109,2807,1049
4138: 1556,5398,3702,7645,3522,4404
4139: 3666,6799,4800,7154,3320
4140: 3748,5934,3024,5969,7541,2657,732,1635,4084,4907,4958,2952,5160,5360
4141: 335,6523,2841,4137,4500,2716,1553,4928,7358,3983,8111,1302,2807,1049
4142: 1777,2129,7101,5952,5296,3665,6000,7103,916,3196,4097,4846
4143: 5287,7144,1114,328,2566,5302,6545,6029,2981,368,2754,5397
4144: 7843,4782,7273,3839,3847,3060,840
4145: 4499,4516,8156,3767,8148,7600
4146: 2458,6617,1927,2116,593,5467
4147: 1888,936,4111,2622,760,8027
4148: 7901,4832,5189,3898,5041,7611,704,1981,8158,5649
4149: 1223,2821,7330,931,4348,7295,2956
4150: 7849,7727,3085,2306,4114,2508,3557,6783,444,5292,5706,5940,1181
4151: 6851,5324,1889,3782,1270,6,6385,5100,3648,2710,4762,202
4152: 3485,1999
4153: 7766,2892,6203,2687,7315,2146,7686,1592,7264,7171,7668,608,309
4154: 6869,2868,5214,2295,5128,795
4155: 3723,112,7231,3417,5797,2582,327,5901,718,6046,7061
4156: 382,1911,6362,4828,2106,7082,5070,2222,1467,5455,825,5565
4157: 1105,2583,5163,7110,3521,1148,5919,7071,5972,3203,2030,7395
4158: 2683,1883,1603,6421,7478,6514
4159: 556,1477,5799,1315,4130,5118,5229,7176,2621,706,2352,971,4901,407,6259
4160: 2400,3904,3744,8008,1477,5799,1315,6571,1129,149,5118,7176,7857,4105
4161: 439,2513,3961,5791,6582,4758,2243,805,7649,1260,7711,3507
4162: 2326,5719,6916,4368,6998,2624,1224
4163: 7086,4297,2996,6250,454,5134,2107,5432,4836,3314,3007,1519
4164: 747,6397,1032,2729,754,2950
4165: 1407,1149,3152,393,3234,4197
4166: 2607,5713,1483,7838,6538,6720,1037,807,6770,7572,5267,3144
4167: 2352,971,2258,3738,4901,407,6259,3159,7614,4997,4919,4130,4265,2006,5021
4168: 5080,2646,3323,7687,174,1930,5388,443,6331,1436,7469,2623,7233,5009,5949
4169: 107,1986,7583,2713,4010,5541,4266,7057,1444,4289,7184,336,6871,8165,2743
4170: 4257,744,4025,892
4171: 7170,3393,325,2097,4021,1775,1703,6838,7949,2817,5394,6557
4172: 301,2716,522,7604,1802,1553,2536,4892,5923,6952,4928,3629,7358,437,4353,5673
4173: 3264,7129,2084,6025,4335,7313,2406,3036,7561,7449,2199,276,346,5338
4174: 5115,1314,4375,3055,6154,2259,6580,4231,3683,370,924,2585
4175: 1090,3553,5716,520,1445,115,6814,6830
4176: 6354,1557,5624,3383,6611,2886,7631,1068,791,613,405,2574,7331,6646
4177: 1259,2450,4462,779,1618,5428,6528,7688,7679,5732,2264,3934,5722,6592,3148,447
4178: 2792,7230,547,2983,7337,4054,1897,4379,1778,5706,6132,6481,5675,444
4179: 7850,2693,7951,6980,2464,1139
4180: 2500,7369,6625,2113,1596,3093,136,1941,8054,5841,3916,116,2945,5536,8142,4885
4181: 6784,243,4449,5959,7266,883,7773,5072,2332,268,598,3755
4182: 3824,7595,6011,3989,4712,1826,1633
4183: 1913,2036,5571,4649,7562,5448,2248,7507
4184: 7160,5777,4324,1200,3240,1638,4585,1038,5379,7045,512,8071,7684
4185: 5226,3421,7246,6449,350,2709,3096,6822,113,2648,5121
4186: 6969,3661,2168,3266,310,2912
4187: 6376,6509,1624,6189,1000,6626,1197,3324,1504,2618,6966,578
4188: 6605,3548,5640,3707,1446,5284,5295,875,4605,5690,5517,3023,6855,227
4189: 895,6752,3604,5993,224,535,4531,987,2895,2554,7424,3722,5570,1069,6196
4190: 7140,272,1851,3775,4833,2082
4191: 2764,3664,1018,2634,225,6072,6715,6517,6610,4229,4506,5957
4192: 1146,7995,8064,5246,3717,137
4193: 5447,7210,1150,5173,2324,6918,7630,1394,6706,6872,2862,2040
4194: 614,477,4965,2913,5321,1064,1708
4195: 4082,3506,5750,943,7539,631,3860,2398,1993,4670,5825,1510,2478,5240
4196: 6624,2540,3944,4029,2490,6981,741,2384,7032,1117,7338,678
4197: 4165,501,3152,7875,3234,6600
4198: 617,1303,2744,2733,2000,7208,4523,4944,3016,7487,7511,6903,2483,5332,1736
4199: 7453,6932,3304,1075,6233,3184
4200: 3237,63,3449,4611,2413,4592,4881,5659,7741,2266,7364,1205,2344,494
4201: 5247,1558,463,3346,4815,5347,6164,641,2392,7295
4202: 4366,947,2697,312,1629,3541,6711,4775,3104,997,3270,5035
4203: 1380,2373,4740,7937,3995,4701,2529,751,1559,3859,3619,7016
4204: 1333,6869,4118,2295
4205: 5061,742,4771,3533,2814,7807,2418,6984
4206: 4836,3314,7256,1165,3829,765,2110,5679,5396,3544,4270,3413
4207: 1890,2712,3426,969,5911,7005,5697,5091,6937,1825
4208: 2185,6841,1696,1791,7227,1203,8144,7015,5346,3929,3
4209: 1829,77,5496,2060,4799,5156,1557,908,3630,6611,5898,6341
4210: 3385,2465,4408,2624,1021,6998
4211: 7525,5540,4064,4590,5158,2951
4212: 1653,6657,5814,9,1639,5058,6681,970,3235,4120,7863,7276,371
4213: 7777,6926,1373,7407,4448,2578,2625,1034,7455,1432,5085,1880
4214: 2498,5698,7626,2765,665,4096,3216,2971
4215: 5970,3734,1914,5615,3881,1881
4216: 5458,573,4241,2626,1225,7217,2947,6788,567,7029,249
4217: 4318,4115,3233,6588,1076,71,746,3914,6718,3375,6298
4218: 307,6937,1765,2589,2680,2627,5490,1326,7005,6956
4219: 3743,3218,6152,3874,6572,1718,7913,7544,3990,1702,3862,6615
4220: 6122,7049,705,5063,2505,3182
4221: 1514,5610,2230,7137,7719,7303,1815,2970,6299
4222: 3153,3926,780,8130,4491,2073,5030,6602,2177,2027,8044,4237,89,7851,1447
4223: 5859,2694,982,7434,8004,3688,7535
4224: 2489,4726,756,4996,4312,519,2923,5657,5039,1482,4352,967,4854
4225: 3774,7283,1651,4439,5591,5013,2063,6956,3155,2775,7520
4226: 5482,1537,6170,6488,1988,6030,2914,4597,3333,6438,4004,7876,7270,49,322
4227: 5660,7228,4403,2074,1473,7031,3382,5628,2964,6591,8192,4618
4228: 698,2646,3558,6615,1641,5024,3990,979,2035,6609,6802,2555
4229: 6880,5113,6962,2142,2889,6610,2634,6715,4191,928,1051,4506,4973
4230: 892,5149,726,1740,359
4231: 7105,3710,6580,6979,2259,2417,5683,5115,3055,4174,370,2585
4232: 4789,4512,4465,4989,2333,4801,6630,816,3128,7263
4233: 6338,2843,964,7450,1244,1879,3730,283,8170
4234: 5324,4886,6398,3782,3991,5653,1861,7731,3255,404,7473,5384
4235: 1039,6086,2951,3770,632,3138
4236: 3942,250,4731,1371,7491,3719,4940,7279,2655,3332
4237: 8044,826,6402,89,7851,5802,1447,3153,3926,780,4222,4491,4829,2073,2027
4238: 2252,2759,7365,2037,7444,7602,7578,3773,4298
4239: 1496,6816,7427,5836,2499,50,3043,2002,6791,3236
4240: 5487,1709,4063,5554,597,5561,5642,2260,7961,4664,5326,3502,4893
4241: 4216,5458,2626,1225,2947,6788,249,5008,3840,6307,4507,7456
4242: 6924,6366,2038,110,3364,5515,657
4243: 1741,4755,2121,4050,6251,7193,1016,989,6472,6431,2292,4473
4244: 6094,6522,6840,1108,187,7956
4245: 6875,2484,4691,903,7494,7162,6847,1481,7035,3300,4336
4246: 1995,21,433,2101,2369,4421,4787,7017,6110,6668,4329,7889
4247: 7062,642,5092,2529,4884,815,4567,1287,7881,1452,7421,4740
4248: 7930,6083,1854,4005,6258,1850,6619,7844,7430,2186,1022,3101
4249: 411,1190,6798,4963,3539,6511,4013,198,2751,3342,2001,5323,7669,2420
4250: 3698,5074,3559,8164,6242,6227,1042,231,767,7072,5734,4460,3283
4251: 2111,735,3907,7218,2046,6675,996,5405,5527,8058
4252: 3942,5798,743,2070,932,4518,2847,5308,5905
4253: 3622,575,7364,1205,341,6490,372,8050,4416,3237,7274,1340
4254: 4636,1901,3486,4629,3092,2293
4255: 3975,2610,2301,2757,5975,7802,7998,4452,1101,5771,1019,4058
4256: 2172,456,7110,3521,3475,8126,5962,1248,2737,1906,5756,2839,763,5424,5573
4257: 4170,5540,744,2604
4258: 1891,2854,2582,5003,6408,3161,2708,6085,3180,4259,4696,2437
4259: 2708,7865,6085,3180,1354,120,6771,1891,4258,5114,3161
4260: 6663,809,7333,5952,4044,1040,3156,3119,3201,6177,436,4903,3796,7691
4261: 4718,146,1892,3555,818,3821,7732,2425,5421,4955,663,4991
4262: 6816,5534,1646,2499,5253,4051,1743,489,7209,34,6994,3075
4263: 3545,6382,2858,7122,263,2774,1408,8120,6039,8090,1226,5470,7296
4264: 2247,5543,6198,3911,694,1095,1231,3631,8141
4265: 3012,7550,435,2006,5021,7027,2985,706,3889,1179,2621,4130,2352,2258,407,7614,4167
4266: 6374,1763,4951,5125,7057,2713,4169,7184,6871,157,2743,2549,4790
4267: 677,3158,2946,1645,6736,3598
4268: 2550,2423,1495,5233,2497,5757
4269: 5122,7113,1195,2731,872,2345,8147,4929,1771,686,316,3632,7482,4630,5741,6507,3551
4270: 3544,5392,2773,674,6648,2061,5501,3413,1188,765,4206,5679
4271: 3967,6676,6639,5689,2261,1091
4272: 1666,221,366,790,3489,4835,5111,5801,3202,1343,6865,4530,6897,2242,4653
4273: 7390,2407,6058,1662,2291,3276,3529,7675
4274: 7556,4034,1962,2354,1642,11
4275: 581,1667,4369,945,3560,4480,7391,7429,6484,5787,2287,7973
4276: 3650,1484,1668,1210,4638,2628
4277: 8082,5956,2674,1893,3910,7533,6635,1372,5015,510,7769,5977,1418
4278: 1462,1854,4048,4005,3430,312,1629,7127,3270,4333,5035
4279: 5627,4620,3057,3917,2388,6359
4280: 5090,2491,2309,7891,6117,6677,1441,3414,6353,4306,7555
4281: 2442,5670,1895,4075,1744,2089,4331,4458,5477,5726,3681,1094,7839,6599
4282: 1334,2894,6519,7643,2365,1699
4283: 6125,5140,1057,5456,5495,2059,1126,3912,2166,0
4284: 6065,2958,1227,6476,3507,6996,568,5479,2090,203,7649,20,3936,55
4285: 1084,4960,2150,2551,1764,4934,2144,782,4106,5572
4286: 6906,696,7854,7527,1512,3807,3331
4287: 3899,4754,1264,2557,5446,633,4694
4288: 888,1998,6915,6216,1852,5119,348,4947
4289: 1444,2909,336,6871,3443,2976,2000,7208,8165,3520,4169,5541,7751
4290: 1587,3324,3538,4507,7632,8031,3633,7456,7960,8034,249,3308
4291: 709,4522,2825,3001,6565,5350,1701,3476,8134,4532,2039,1602,5020,4374
4292: 278,929,5494,3316,5921,7344,1216,1577,2863
4293: 4851,1817,5516,6884,347,5626,1910
4294: 1677,557,1608,4121,5963,5112,5187,2992,1156,3039,7237,7285
4295: 6505,8119,5619,2164,2977,594,3861,3913,5510,4643,413,150
4296: 1067,5043,2648,7423,2444,5151,1818,126,6822,1426
4297: 97,7086,2187,454,5134,5073,4163,2107
4298: 2750,5072,1712,7602,429,7578,3773,768,598,4238,5924
4299: 4457,4525,2296,4794,2282,1079,5522
4300: 3272,121,3271,6363,1392
4301: 326,4518,2112,1598,4112,3239
4302: 3661,1593,2270,2912,7724,1417
4303: 6315,3729,8040,1157,1819,6409,4582,4660,5935,5800,2876,3940,869,2790
4304: 2586,2683,7011,3886
4305: 1520,452,7774,1808,3964,391,2617,7546
4306: 1441,5480,6353,5817,7555,5090,2491,4280,1245
4307: 24,850,3353,5940,7938,1181,2508,6783,5292,5706,1416,6577,448
4308: 1151,5364,3618,622,7840,2364,7894,7324,639,4687,4798,3376
4309: 4713,3724,1298,6050,5198,3343,1159,6491,5127,2725,5045
4310: 5208,4840,745,2591,1773,702,5104,2308,8017,6994,4343,2658
4311: 520,2837,4640,2152,5604,5007
4312: 7064,2489,4224,4726,3049,756,2443,6059,519,2105,5657,5039,1482
4313: 7305,1853,5842,2565,5218,1342
4314: 3668,5652,5507,2516,1649,1758
4315: 7821,6331,2915,3660,1425,7469,3656,2202,672,7233,1938,5949,4092
4316: 76,3251,4920,7342,3125,5174
4317: 2335,331,2827,1152,1946,7742,4362,5194,6221,7646,221,366,3487,2647,5027,4363
4318: 4115,3233,1076,8161,3862,8128,71,746,3914,4217,5742,5607,3375,3218
4319: 76,2188,3251,5211,1997,6149
4320: 6664,1296,788,1953,2135,3846,3359,4697,6925,6166,5582,6181,624,2455
4321: 891,6252,1077,6218,7125,4806
4322: 2695,2737,6695,7159,7396,2468,5917,5215,178,2530,4520,6603,708,4742,1286
4323: 7564,1526,4923,2781,5574,930,3408,2048,4804,1583,8125
4324: 7160,834,3677,3162,5777,7780,1200,3240,4184,719,2755,4799
4325: 6900,6465,6921,2189,6384,3064
4326: 5861,1594,5365,3181,1950,3073,2821,7330,2956
4327: 6114,3223,1545,3322,7610,2861,235,6967,3848,6692,5867,6831,2141,2022
4328: 4060,1685,778,3302,7577,1658,7375,3548,3124,4605,7431,7354,2173
4329: 7017,3126,3395,6110,6668,2294,867,4827,7889,3416,6168,6347,4246
4330: 7814,5891,2986,4692,7166,3263,1228,5816,1859,4427,87,664
4331: 5670,4075,1744,2089,3817,4281,5477,3327,4059,7100,4930,38,4588
4332: 337,2043,1108,2831,3054,6393,530,7754
4333: 5035,6258,3136,2594,5138,1850,6619,5828,3270,4278,1854,4005
4334: 337,6644,712,1485,2718,3081,7461,2798
4335: 3264,2207,3679,571,7129,3436,4173,2084,6025,2075,7826,6587,6009,6210,4964
4336: 1434,2334,6228,3428,537,7454,2484,4691,4245,6881,6847
4337: 1360,7458,3062,5029,2629,3468,6987,14,1688,3345
4338: 1002,2817,7542,3394,1356,7997,7886,2896,4471,6557,7291,2721
4339: 6613,1062,4747,2934,6394,3776,2696
4340: 7498,6471,3574,3809,1698,3943
4341: 338,1503,517,2019,3437,8131,2813,5869,2,6970,5325
4342: 6650,4459,1300,7709,1185,850,5982,7809,7069,2616,2684,6229,999,4727
4343: 8017,585,2269,7204,2473,7481,6994,3678,163,2658,4310,2308
4344: 413,8082,3434,2935,1222,5524,6635,6548,3110,5270,3094,4643,2045
4345: 3362,1279,2635,7842,2170,4514,4885,6436,7248,7008,2113,3093,920,8079,6318
4346: 7491,889,3719,4839,1309,5966,2724,2004
4347: 2802,1105,2172,456,7110,5972,7447,5573,5249,3347,5519,3612,7758
4348: 1223,4149,2821,7330,931,6140,1499,4384,114,828,6031
4349: 2207,571,3436,2075,6587,1678,6210,2571,4008,6752,3604,1041,224,5426,6550
4350: 7666,2982,3567,1072,6607,5643
4351: 3220,747,7556,6397,5214,5128
4352: 3850,4537,6681,970,1482,6034,3235,4224,4996,5814,967,9,4854
4353: 7952,620,2807,3970,6779,437,3669,7200,6092,5673,1049,4172,7604,4928,3629
4354: 2685,1496,2056,5534,1628,5836,339,5253,1448,5937,4475,1011
4355: 2388,7084,3057,1963,3310,2396
4356: 1297,5258,5983,3642,3508,3876,5129,7074,6175
4357: 3135,1964,6034,446,6257,3801,1253,2641,4996,5103,4132,5620
4358: 634,2580,4665,602,7805,376,6813,8024,6432,228,3396,6455
4359: 1414,4762,6570,3816,4119,2221,2778,6013,2479,6111,5680
4360: 3218,3874,1718,434,7544,1071,1702,6506,6690,2114,2957,71
4361: 1360,6957,518,1001,6792,3402,8154,4842,2629,6180,6169,2181
4362: 2335,1946,7742,4317,7152,1875,3487,4363,6395,130,3611,7707,3453,1232,7963,4586
4363: 1875,7023,366,3487,5027,6395,5801,2335,1946,4317,4362,130,3611,1812,7707,4586
4364: 7214,1153,2688,2519,3718,7277,8100,3546,7293,695,838,7834,5932,3643
4365: 3918,1127,5280,796,8177,5200
4366: 6986,947,1120,6660,2697,5050,7983,3752,3040,312,6803,4202
4367: 7164,2321,393,3033,6823,6082,3265
4368: 2326,4162,5719,482,2624,5549,1224,3277
4369: 581,4275,4689,3560,7391,7694,3059,5787,1924,1643,340,6517
4370: 2983,1897,3870,5199,6132,6024,2076,811,854,8132,6244,4552,1239,3857,7837
4371: 3958,7979,29,311,5107,2919,937,1745,3312,4686,4966,819
4372: 6037,1154,2745,7264,7171,3192,7668,7222,608,309,5503,4659,6417,6959
4373: 562,2766,1788,7689,5986,2904
4374: 2895,1789,1820,2741,4524,6193,1602,709,4522,3001,6565,4291,5020,7014
4375: 5115,7866,1903,3055,6154,4174,2145,1929,3683,370,2585,7862
4376: 4472,2978,4078,6763,6237,750,7128,2336,5770,2664,1353,4918
4377: 1995,2101,4787,4560,1566,2016,5699,4722,3126,6110,6668,7989,4932,6350,707
4378: 1020,6591,85,7784,3484,3382,7580,6131,1945,3793,2337,5947
4379: 5451,2792,2983,7337,4054,1778,3870,4178,6132,6481,6527,1984,5675
4380: 3701,7721,1221,6785,7962,7024,166
4381: 5169,3810,1184,5255,849,7788
4382: 3186,2315,5454,5902,2355,518,3402,1926,900,4601
4383: 4017,3811,4735,5838,6746,1919
4384: 1451,3325,4662,114,828,4683,931,4348,6140
4385: 8022,2245,7332,4118,1111,2910
4386: 1167,5495,2601,5049,1845,2340,4832,6852,0,3812
4387: 1661,7443,1274,2819,1251,667
4388: 6976,2984,1847,6322,1131,7290,443,990,7803,3715,2954,984,6996,5479
4389: 502,1449,6943,3231,3072,6079,515,5307,8142,7214,1424,8098,7369,3042
4390: 2359,1321,5600,6705,5823,7981,7969,3663,6172,4062,2023,5263
4391: 641,1630,1223,2392,7295,3842,1558,2768
4392: 452,4986,391,4992,7996,133,6616,2875,7083,880
4393: 7272,7238,2818,812,5806,1894
4394: 5314,2667,2838,7897,5162,3818
4395: 5043,554,2444,7512,6616,1426,2098,8047,7239
4396: 2077,4783,6951,1760,3492,5001
4397: 4671,115,1272,1755,1445,4640,5007
4398: 304,7635,6723,846,890,3028
4399: 1077,1959,1450,3245,4511,7125
4400: 3427,565,5986,5069,6319,1855
4401: 865,6374,3840,3018,29,311,1745,6978,5458,7853,4010,4686,4966
4402: 3916,116,3048,2945,7392,1358,3373,2197,1807,345,4654,5017,5536,8048,6689,7182
4403: 764,4227,5660,2074,8014,1340,5628,3622,575,2964,341,372
4404: 3522,762,5469,5398,921,4138,1866,1299
4405: 1329,7975,2092,5155,1856,5473
4406: 5127,2593,3903,2903,7918,8000,6638,3338,5779,1229,3390
4407: 7446,584,7734,8187,1521,5748
4408: 1484,3385,2465,7750,1668,4210
4409: 1155,7475,2127,6524,3628,8007
4410: 646,2901,7194,2262,7692,7650,1588
4411: 5587,2509,527,5306,1821,6141
4412: 4428,1156,1746,5769,2552,948,2263,4781,4461,7237,2518
4413: 550,932,7349,3108,326,3239
4414: 5041,298,7289,3788,5484,6703,1319
4415: 3377,2693,7951,1869,4807,375
4416: 2318,3237,1724,7274,4611,575,1205,6490,2344,372,4253,5523
4417: 2471,3034,6302,2570,7056,5366,1175,5376,2702,342
4418: 968,457,2,2936,2715,6002,8085,5213,650,5082,2813
4419: 2140,7572,5267,3771,7465,284,3647,8189,1483,7838,6538,2251
4420: 888,1998,244,3766,7558,2659,306
4421: 1560,21,433,150,2369,4246,4808,7017,6505,8119,2164,594
4422: 2520,6784,5378,4656,5959,3792,973,1858,3549,4428,1746,4461
4423: 5127,2593,2725,7918,6223,1229,3390,3282,5820,1298,5198,3343
4424: 73,5367,693,7783,2598,1965
4425: 184,7000,3488,5415,8034,3634,6626,1197,3324,1504,3538,1000
4426: 2271,7410,1299,4859,4858,5133,2643,5924,5469,6586
4427: 4755,3197,1228,5816,1859,7193,87,7878,7814,4692,4330,1675
4428: 1746,4412,2552,2263,4781,4461,8133,5378,4656,4422
4429: 2372,6776,6015,2839,763,5424,2726,3044,5573,4648,7685,4727,5249,493
4430: 7688,5732,2264,3934,2433,2560,5671,4751,1618,5885,5722,3409,2211,1398
4431: 974,3504,1822,7077,7848,5665,3966,7540,5489,7400,6482,6525
4432: 2338,4867,1538,1339,6202,1650,7181,461,6530,3446,8109,5309
4433: 7716,5434,4072,1509,37,2998,1823
4434: 3130,4785,2190,4489,5896,5275,1869
4435: 190,2265,2533,6581,874,4912,3116,5570,895,2938,535,1249,6655,8153
4436: 4099,2853,893,648,5164,2040,6381
4437: 682,7810,275,2542,1395,6555,1182,7302,5724,475,1747,2305
4438: 3058,7026,6533,314,3823,4635,2527,3932,1709,118,1857,5326,6097
4439: 4225,5564,4073,3774,7283,1651,1576,7250,419,3269,7520
4440: 6209,2393,6961,933,5464,2711,2600,3335,7388,7319,399,7306
4441: 6762,2408,6579,1078,4451,1338
4442: 1824,6761,406,8073,2939,3759
4443: 1748,5785,5153,5395,1183,3646
4444: 2409,1166,1478,4830,7216,4801,4510,5822,2803,6367,4927,4990
4445: 1324,2009,3198,4902,6111,1860,2562,822
4446: 7480,324,6768,4038,1954,7663,7827,2883,3919,6226,3399,7781
4447: 2402,6842,7589,734,272,3775
4448: 2756,684,7777,1373,4213,7407,3984,2625,1034,7455,6253,3690
4449: 2520,6784,4181,5959,6586,1858,883,268,3593,2271,3090
4450: 529,3670,6760,5644,6060,6036
4451: 1078,4720,839,4441,1338,7273
4452: 4567,781,1101,1452,5771,4688,233,1019,4058,3163,3610,4255
4453: 3994,4773,218,2881,1590,4752,1759,5104,3127,3066,5208,4485
4454: 3012,7550,777,1282,6853,6410,2985,3889,3462,7917,6955,1790,6286,7347,279,8145
4455: 2515,2312,934,4493,6480,2341,4515,1620,1004,821,2205,4984
4456: 5650,2528,211,7060,2611,2630,7538
4457: 2296,4299,1079,2891,2476,3595,966
4458: 2442,1895,4281,5062,5726,3681,2661,1178,6317,7849,2306,2925,6291,5675
4459: 6650,4342,1300,2547,884,1185,6818,850,7809,2100,7069,2684,999
4460: 2274,1217,1867,5089,3283,7910,6242,6227,1042,3698,5074,1769,3559,4250
4461: 4428,1156,1746,4412,948,2263,4781,8133,4422,3549,703
4462: 2450,779,7907,1618,4177,5428,6528,5732,3934,6592,543,6515,3148,447,5088
4463: 1423,7197,2447,3769,1597,1735,3056,8184,196,6883,3356,4591,6139,5945
4464: 5745,1400,5854,5593,5991,2673
4465: 422,5678,2066,1166,2333,4801,3128,7263,4232
4466: 5028,2870,645,2553,563,6103,1326,4706,7640
4467: 6285,6796,1695,2122,2506,5837,33,2320,4035,8088,6422,808,5910
4468: 3745,5485,3351,1301,3997,145,5744
4469: 6361,1825,8095,6905,2997,7202,835,2357,2712
4470: 6032,4604,5538,4134,1749,223
4471: 1002,7542,3394,1448,4338,2840,7997,7886,2896,5937,5679,5396
4472: 416,2978,6763,6237,4376,4699,2034,1374,750,2865,3144
4473: 2472,1016,3210,6472,6431,7156,6861,284,1595,8189,1741,4243
4474: 2837,2152,291,7648,5849,936
4475: 7117,7542,1448,2840,7997,5937,4354,2685,2056,5836,339,3581
4476: 2191,2605,5613,6118,1316,4562
4477: 297,5938,2366,6330,852,2786,2930
4478: 2115,7318,2374,1887,2701,215,3793,2337,5947,85
4479: 5208,4840,745,5362,7416,853,2591,1773,34,8106,2881
4480: 581,1667,3530,4695,3968,4275,4689,945,7690,3560,7391,7429
4481: 323,3776,2434,6737,6915,306,4747,2659
4482: 1194,7286,5860,728,6510,6001,6950,2631,6114,1545,3322,6246,3456,2861
4483: 3593,81,7818,1198,4878,4656,3179,6064
4484: 5646,6923,1550,7825,6277,2756,18,4095,6295,3450,2137,183
4485: 5208,5362,853,3066,1979,3431,6492,4012,2514,2881,1590,4453
4486: 5403,7112,4027,6400,595,1766
4487: 6246,7610,2861,235,6967,7672,1109,6692,1871,6016,2973,3378
4488: 5564,4073,1576,7250,419,2147,7974,2488,95,5565,6856,7082
4489: 5896,2192,5275,685,1468,4434
4490: 173,1310,2339,491,2727,7654,560,1293,1601,7677,4841,7662,8103,2650,5098
4491: 1974,3153,3926,1561,780,8130,6333,4222,4829,3872,4237,89,7851,1447
4492: 5239,1664,6778,700,7753,3478,6569,5711,5588,1896,1070,2940
4493: 2515,2312,2264,2433,2560,4455,5671,4751,6480,7735,2205,1209,7799
4494: 7147,7576,3491,238,3594,4914
4495: 2732,117,3330,1750,5358,6747,2218,2638,6495,3704,4637,5329,3129
4496: 1916,7846,5576,5651,2898,3999,7559
4497: 2718,4760,205,2916,712,4661,1461,3422
4498: 2823,998,4056,7492,6997,7904,1751
4499: 4516,8156,4145,2317,3017,1966
4500: 3667,6523,2841,872,4137,4141,4929,2716,4928,3983,1302,3109,2807,7200,5673,1049
4501: 2385,248,7539,3860,2398,7971,1510,2487,2179,7019,7452,6983,2632,7244,6197
4502: 5544,1121,2767,5680,2507,6278,6726,5669,5908,3963,404
4503: 5830,2704,5351,6270,2633,2899
4504: 617,2744,2733,3243,3443,4745,7477,2719,7487,1375,2755,6903,719
4505: 6323,2193,2214,7508,6821
4506: 928,1051,2301,5957,2142,4229,6880,3664,2634,6715,4191
4507: 3538,7632,4290,7456,4241,2947,6788,7960,8034,249,5008
4508: 3511,8,1669,3460,7748,5260,4018,7372,6021
4509: 7369,6625,2113,1596,1523,3042,7591,8054,4774,6943,7884,3981,3215,591,2367
4510: 8096,7232,3428,62,6161,2803,6367,4927,3696,3415,4990,4444
4511: 3245,4847,6447,1967,4399,1450
4512: 4232,4789,1562,1237,8065,2333,1652,816,7263
4513: 1336,1864,6793,1167,5049,2340,5139,8131,4832,1981
4514: 675,3362,2635,7842,2170,4345,4885,5992,6436,5841,7008,2500,2113,3093,1941,920
4515: 3047,3855,6418,2165,2341,1940,1620,1004,5051,6026,4984,4455
4516: 4499,105,8148,4145,3017,3238
4517: 1631,2614,7405,3813,681,6437,6310,2008,5171,2999,1112,2163
4518: 4301,1598,3239,1582,2847,743,4252
4519: 3021,7681,331,2827,2148,2564,1626,8069,6369,5194,6221,5068,5344,3632,7065
4520: 1906,7396,5917,4322,6603,2030,708,4083,13,7757,3825,5163,7071,3141,7395
4521: 586,3670,6760,5511,2636,64
4522: 4834,709,2825,3001,7504,6565,4291,4532,5020,1820,2741,4374,6193
4523: 570,5894,212,7751,2228,4103,7292,1303,2909,2744,2000,4198,1280,1736
4524: 2895,45,7424,1789,1820,7328,2480,3722,2741,4374,1771,5996,6193,5020,5122,7014
4525: 5011,2296,4299,4794,2041,2282
4526: 3958,5107,5120,2919,937,7108,3463,2238,7169,229,5159,819
4527: 6067,7334,5150,2224,635,4584,5596,2666,2277,5662,1527,5225
4528: 6464,4869,2707,4546,483,2329,8087,8094,3393,1230,6838,143
4529: 5532,5533,5662,8121,1527,4589,803,6479,3195,408,7393,3763,3122
4530: 3806,3525,3202,1343,6865,2303,6897,6475,415,4653,1666,3489,4272,5111
4531: 4189,6752,3604,5993,1041,224,4834,1625,3436,987,6210,2554,7424,1789,1069,6196
4532: 6563,1701,3476,8111,8134,6269,2039,1602,709,4522,2825,4291,5020,2470,335
4533: 6874,6608,5568,7479,3005,7063,3505,5592,2342,1043,5829,7146
4534: 7015,569,6183,6946,1116,3232,5740,3412,7227,8144,1585,3929
4535: 6095,3921,2991,5416,1297,5258,3642
4536: 271,7004,1312,1065,731,2637
4537: 3850,6681,970,5146,1482,2512,1964,6034,4352,3235,9
4538: 3186,6678,5414,6169,2315,5454,3490,7269,2181,1611
4539: 3686,3398,1551,6927,262,8033,5170,636,5827,2993,5879,4082,6186,5240,6965
4540: 2223,2887,5237,6885,175,965,7720,1352,6662,1882,5878,3565,2609
4541: 1515,1905,2342,5018,5569,1934,2608,3720,5974,1043,7596
4542: 1191,3992,3275,8171,54,8025
4543: 5342,3199,1336,6661,1864,3844,6793,7306,3250,5139,2393,104
4544: 1044,7457,627,4602,6888,1899
4545: 2638,6495,5056,2504,7939,1147,1549,3704,5751,5721,6917,1750,2218
4546: 6464,4869,521,2707,506,3067,4528,483,7919,6922,8087,1230
4547: 5965,1784,1231,3411,5193,1530,6198,508
4548: 3030,2740,5348,6640,3887,6536,1255,119,343,1539,6728,43
4549: 5597,6029,710,6777,4647,3477,1081,5241,1355,3671,2754,7260
4550: 1898,4985,1304,1782,6261,381,7329,2457
4551: 4004,2447,7270,49,1988,6030,3279,4063,597,5642,7961,3502,4893
4552: 6024,2076,811,3409,7799,8132,6244,7337,86,1897,3870,4370,5199,6132
4553: 6553,6893,7036,1396,1323,236,3952,2796,3814,588,1418,1518,6548
4554: 344,412,4633,2929,1623,5462
4555: 2964,341,3019,3757,8050,144,3254,7425,5808,7228,1377,2017
4556: 682,1779,7411,5406,5222,3246,6677,6117,6353
4557: 2607,5713,7838,6720,4037,2236,6770,2078,6850,6941,635,959
4558: 212,1780,7020,678,6687,3174,5737,6486,2812,258,6981,2207,6009
4559: 1704,5478,4026,7360,4784,1476,1005,2376,1671,2064
4560: 2642,5951,2101,4377,2410,7517,4787,1636,111,8185,7989,4932,6350,707
4561: 198,2751,5953,3940,3570,644,3342,1267,5747,2001,2790,5578,5323,455
4562: 637,2829,1316,5819,4476,5613
4563: 8077,4133,6590,3004,7595,1826
4564: 2411,3348,3930,6824,1433,7433,1383,5399,466,1809,4894,2289
4565: 3745,7932,2816,1301,5142,1522
4566: 6383,8135,2998,1509,1898,6963,381
4567: 1287,4452,781,7881,1452,233,3610,5092,2529,815,7460,4247
4568: 3634,4071,6626,1728,7040,813,842,7000,3488,1921,7382,5415
4569: 6457,922,414,5647,22,8003,253,3953,7891,3571
4570: 5682,782,7817,3804,3188,1365,2150,2551,2144,125
4571: 3336,1186,375,7413
4572: 1679,5435,2587,6372,2880,2198,5271
4573: 851,1693,2343,5727,7394,5109,355,5598,3930,6051,1383,3785,4894
4574: 1439,302,7699,2891,1295,783,7521,3258,7155
4575: 4875,2346,938,4693,715,6886
4576: 3294,6685,1455,7955,784,2047,3623
4577: 1683,3777,7990,169,1580,6145,3872,7439,2235,6939,7356,1974,1561,4829,4916,7560
4578: 1556,1028,6837,2290,3702,6889,2477
4579: 2042,187,6121,2924,2943,6840
4580: 5483,3248,3178,1752,2012,3086
4581: 2943,995,2043,6644,2831,5872
4582: 8040,2968,1157,1819,6409,4303,5935,5800,869,2790,2071,58,7571,2050
4583: 2093,3035,4079,5758,1305,3562,261,5632,6224,1409,1341,7102,5375,7058
4584: 7334,5150,3778,4527,5596,2666,2277,1527,6043,1803,5288,1733
4585: 7160,834,7104,1200,3240,4184,1038,3764,512,369,1975,8071
4586: 7707,3453,6892,3841,1232,7963,1792,5126,4363,2335,331,1946,7742,4362,7152,130,3611
4587: 2196,1956,4059,7205,38,2735,4994,5491,5461,7420,610
4588: 1003,4059,4930,38,4994,7420,4075,4331,5477,3327,7647
4589: 2736,5533,8121,2481,4529,803,6479,2758,3195,7832,408,4669,3763
4590: 5540,4211,2604,1039,2951
4591: 196,3356,5212,7778,6139,1423,1597,3056,4463,3502,5945,2795,7044
4592: 2413,6194,5575,4719,4881,5659,2266,2432,63,3449,4200,2344,494
4593: 4964,1637,7338,1363,3472,7561,5262,5327,7824,2412,8081,258,6624,3944,7826
4594: 1598,69,1582,6150,3873,7484
4595: 6707,2051,5431,6657,2461,1023,1753,7393,6067,3122,2224,5204
4596: 7905,7706,1532,6273,6050,2907,7179,320,1841,5752,3851,2921
4597: 373,1537,1256,539,2777,6488,1393,6030,5693,2914,6343,3241,3333,5553,4226,7304
4598: 6754,2254,8009,5792,785,701,6434,7509
4599: 4800,7982,1381,939,3666
4600: 157,6462,6371,561,8138,2401,2549,1045,7570,2651,611,3307
4601: 4085,8057,5971,4382,5454,5902,2355,7458,3402,1926,2482
4602: 2155,7696,3088,4544,627,1899
4603: 2388,7084,1376,359,6359,1103
4604: 3106,4470,6032,397,4134,151
4605: 7868,3548,3707,3091,3124,5295,875,7431,4188,6964,4060,4328
4606: 4713,3724,6050,3528,5198,2907,1159,7179,7581,320,2044,1056,5752
4607: 2948,4625,4009,8099,3805,3694,2002,2246,7523
4608: 171,3815,7940,1158,6418,2165,1600,6667,5832,1003,3875,7647
4609: 940,5353,7978,6414,863,3843,2568,8188,6159,6868,93,2430
4610: 3485,748,6614,6391,1999,4108
4611: 2318,4416,3237,1724,8104,5735,63,6936,3361,3449,4200,2413,2344
4612: 5938,1080,852,3205,889,5805,4839
4613: 1305,7345,979,5803,5238,2467,7059,2555,7687,1313,5009,6560,6040,4079,2159
4614: 3924,1068,1280,5498,1502,791,6206,4944,1389,7511,2483,5496,5453,1736
4615: 97,2187,5134,5073,596,1987,282,4057,2407,8036,7386
4616: 6913,887,1927,593,4017
4617: 3668,656,2440,5874,1026,1233
4618: 736,6591,7275,8192,1377,3484,2182,2017,2964,7425,4227,7228
4619: 817,2463,1566,4797,2588,6063,3539,2016,1524,6267,5340,6960,5359,5699,2852,707
4620: 4279,7946,3057,1219,7106,3917
4621: 4971,4768,1311,2445,1027,6825,2848,7025,6041,2885
4622: 3993,6867,30,2059,1845,848,7692,5456
4623: 1704,900,7360,2482,5648,6501,3957,3892,2064,7582
4624: 4856,5796,5074,7761,72,2079,629,7502,8164,3923,6134,2984
4625: 2948,2916,4607,4661,7935,4009,5228,6518,6313,2002
4626: 409,6575,5368,274
4627: 4003,2418,2459,742,559,6729,6984
4628: 5381,363,4837,8135,1900,2561,1720,37
4629: 4636,3486,4254,1234,6174,4845
4630: 686,316,3063,3632,7065,5741,6507,5344,4269,1195,2731,872,2345,7009,8147,4929,2148
4631: 3599,1471,3833,5425,5788,1378,1532,3389,2579,7350
4632: 3137,3947,3078,5840,1754
4633: 3142,344,6265,4554,2929,749
4634: 7900,1306,504,6931,1050,2871
4635: 3058,7026,6947,6533,314,3823,7167,6513,4438,118,1857,3406,2753
4636: 4629,4254,400,3092,7134,6174
4637: 173,1310,5329,560,7662,8103,3129,2732,4495,117,3982,3330,1809,7165
4638: 2851,2628,4968,754,1484,4276
4639: 1215,2149,2787,7895,1670,4821
4640: 520,1445,4311,5007,4397,115
4641: 1594,1786,5365,4677,1950,7335,941,2596,5353,3429,6414,7984
4642: 7078,2714,1969,5927,663,5759,6502,3922,3262,3080,5667,2425
4643: 2502,6505,5619,2164,2977,3913,3094,4295,2045,413,4344,3110
4644: 2414,5906,6658,6901,1046,140,3006
4645: 5067,5550,7738,7294,942,3741,2746
4646: 2003,5859,2967,1839,7434,638,7592
4647: 4549,2866,6029,710,1081,1355,5302,2981,368,2754,2011,7260
4648: 2372,2726,3044,7685,493,4429,1903,4823,7862,7514,2024,1096,3123
4649: 5330,2567,7562,2639,1913,4183,2036,2248
4650: 3403,1472,5525,5710,6716,786,6119,3326,392,2005,5026
4651: 3619,2080,7103,7016,123,5474,1619,7787,916,2307,7243,7847
4652: 543,6515,1061,447,5157,8162,2906,2272,106,7697,2804,5088,1487,7177
4653: 3433,2242,771,7206,2370,2727,415,1601,3202,1343,4530,790,4272,5111
4654: 116,3551,7392,1358,3373,1807,345,4402,5017,8048,6689,7182,3979,7328,3697
4655: 7432,3131,3221,449,6045,8042
4656: 2520,5378,4422,1858,3593,3090,4483,4878,1083,4428,2552,2263
4657: 3614,1994,7785,7534,906,7868,2660,4089,6090,847,7212,1031
4658: 2150,1764,172,4934,7652,4020,5161,1160
4659: 6037,4372,1154,7264,7222,309,5503,6417,3065,2730,6959,2810,1797
4660: 6315,3729,6283,7034,1819,2456,4303,2876,3940,869,5010,6263,516,6910,8117
4661: 2948,2916,712,4625,5228,3422,6518,4497,7523
4662: 1451,1235,4384,6140,1499,3268,5416,1612
4663: 3414,1868,6353,5817,1086,2371,1779,5978,7411,3261
4664: 3932,3868,5487,1709,5554,597,5642,2260,4240,6043,3751,5288
4665: 914,2580,3836,7805,3379,376,4358,4870,6813,3787,5974,15
4666: 255,1470,1928,7791,5384,3544,1761,4793,674,8068
4667: 562,4845,7689,6643,484,1878
4668: 2749,1104,7879,2330,787,7573,4975,7404,7033
4669: 1379,6479,2758,3195,7832,408,2443,6059,7393,1542,519,2923,3582,4589
4670: 676,3506,5750,943,7539,3860,4195,2398,7971,5509,5825,3114,6438,7121,1735,8184
4671: 4397,3469,1755,2622,5007,8027
4672: 1902,4816,3106,151,1238,6973
4673: 4773,218,2699,1759,492,3636,6765,2052,1262,6688,4873
4674: 5850,3628,1705,1500,5022,2448
4675: 7046,6262,6919,1033,3980,8052,373,539,3241,5553,2758,7832,2736,1480
4676: 7727,2306,2925,6291,2974,7220,546,5062,2661,1767,295,7794
4677: 1786,4641,941,2842,2596,940,1968,3429,6753,6414,5784
4678: 6617,274,2116,3149,6575,5233
4679: 2769,5085,7366,5347,7407,2578,1968,5784,1880,1786,2842,2893
4680: 7079,3988,4705,1269,6337,8175
4681: 1714,1112,3541,6128,6711,806,4775,5064,855,3813,8015,6803
4682: 3308,4951,5008,4769,2651,7632,8031,3542,7456,157,6462,2401,3307
4683: 1451,5585,1235,3571,4384,114,5583,7007,3596
4684: 7859,1599,6280,267,7030
4685: 5674,727,1989,4065,7653,3998
4686: 1986,2117,4010,3312,4966,4371,311,1745,865,4401,7057,3018
4687: 1025,7324,1137,639,5973,4798,2966,4308,5364,7840,7894,1161
4688: 1287,4452,781,1101,1452,5771,1019,3610,7623,7802,7899,6532
4689: 581,4369,3968,3560,4480,7391,3654,7694,3059,3370,687,340
4690: 6339,3514,3190,2959,6179,6721,6469,6099,119,3573,944,1830
4691: 2484,4245,7494,6847,1481,3300,4831,6766,1434,6228,4336,537
4692: 5733,7814,5891,2986,4330,1228,4427,1675,5286,664
4693: 4575,5616,2346,5417,6886,1846
4694: 4287,2557,633,910,7867,6143,3871
4695: 581,3968,5897,945,7690,4480,7391,3654,7429,7325,1268,7922
4696: 1756,4719,8013,6085,3180,120,6979,4258,3161,5735,63,2437
4697: 4024,130,7226,788,2135,1573,1812,3359,4320,6925,6166,6208,7673,4032,3280
4698: 3987,8136,8170,1828,1886,7092,964,5445,1513
4699: 4472,416,2978,993,6763,1374,750,3144,6316,7755,1037,1353
4700: 1940,1620,5795,7590,2650,5291,1004,5098,6508,1469,5051,6026,7682,2752
4701: 1380,2373,5539,4767,4740,4203,7937,3995,3177,3685,1275,3859
4702: 3918,7297,1127,3779,4814,7574,2118
4703: 3200,5141,721,1163,4826,1717
4704: 3584,6142,2640,1046,1202,7192
4705: 7079,5363,3988,4680,2485,1187
4706: 7640,2589,2627,4466,2553,6103,1326
4707: 1310,2727,5329,560,7662,5954,3129,2732,2218,1147,3525,1343,7717,8001,7157
4708: 33,2662,367,2325,7764,1657,2320,1257,4035,516,6910,8088,6422,7341,6796
4709: 6186,579,1351,6855,2323,1873,227,8124,4128,6965,3686,3398,3495,6605
4710: 191,6674,4941,1725,2151,7516
4711: 4033,5185,1572,7198,378,3157,6108,1631,8061,7405,2784,4943
4712: 3824,4182,3989,7038,2003,1839
4713: 3724,6050,4606,5198,4309,1632,3343,1159,6491,649,7581,320
4714: 7701,3461,7912,2889,1757,1604,831,7552,3172,2644,440
4715: 968,6708,2119,2936,3294,1565,1955,6296
4716: 2739,7150,5248,3248,241,6049
4717: 7488,5749,2376,2348,1206,572,7528,5478,4784
4718: 146,2469,1892,7705,3555,4261,3821,1689,8151,2917,7973,1368
4719: 2413,1929,1756,4592,924,2585,5575,4881,4696,8013,6979,63
4720: 3377,1078,507,4451,3130,839
4721: 2414,8074,540,7055,5906,8174,6137
4722: 3126,3395,6110,6668,5892,3416,2463,1566,2588,2016,6960,5699,707,1995,4377
4723: 5853,1047,6311,3183,2765,1168,665,5093,5698
4724: 2492,2267,1621,5497,986,6080
4725: 1901,3092,5251,1588,2652,7650
4726: 7064,2489,4224,66,2641,3049,7608,668,756,4996,4312,519,5039
4727: 2372,6776,6015,2726,6229,999,493,4429,2684,4342,1903,7709,1185
4728: 51,1554,7468,450,7976,2174
4729: 5337,713,386,2511,7903,3013,548,4015,2416,4976,6442,5868
4730: 357,5876,3561,3864,1183,5153
4731: 3942,5798,4236,250,789,1371,7491
4732: 7546,2558,7378,6740,554,7512,2098,1808
4733: 1092,5328,5614,3503,3606,5335,1491,2120,334,794,5045,5931
4734: 2767,1335,6734,5680,6278,6726,858,3653,4902,4779
4735: 7,5930,4383,3811,5838,3451
4736: 105,1531,8148,2096,6248,2559
4737: 1514,5221,3589,6389,7137,2347,6330,2786
4738: 3585,423,1236,5094,3442,2492
4739: 3242,5283,2151,1155,2890,6524
4740: 1380,4203,3177,4701,7421,7062,642,2529,4247,751,1559,3859
4741: 3348,814,1433,6069,1285,5371,2268,7964,3293,6669,7384,25,7590
4742: 2556,2076,379,854,3438,6244,5386,2695,6695,7159,7837,5215,178,2530,4322
4743: 8011,3087,946,4935,6858,7923
4744: 6453,1604,6386,6520,5065,2111,735,2046,996
4745: 4504,617,3243,7184,336,6871,3443,2743,7477,2549,4790,1045,2719
4746: 5130,286,112,3417,7567,2139,1169,4094
4747: 7300,5220,2286,1062,4339,323,3776,4481,2696
4748: 2209,2156,5519,1388,536,5374,3612,896,6683,6173,2281,1827
4749: 2284,1048,612,4871,1781,82
4750: 5633,506,6567,3120,3067,6190,6786,288,6804,2987,7370,7634
4751: 4430,2515,2433,2560,4493,5671,7735,2205,992,1209,86,3409,7799,8132
4752: 3994,4773,218,2881,1590,4453,1759,3636,6765,3066,5514,3431
4753: 2548,374
4754: 6468,3899,4287,1264,2557,410
4755: 4950,2121,4243,3197,4050,1859,4427,7193,2292,5304,1675,2653
4756: 1259,3433,4952,5428,1961,5098,491,1293,1601,7688,7679,2752,3934,625
4757: 2828,2700,5149
4758: 439,2513,5791,6582,3783,5715,4161,7649,1260,2958,5285,5000,6917
4759: 3599,7905,7706,5788,3389,5931,2794,1092,5335,2907,1632
4760: 1485,2718,205,7833,5274,4497,1461
4761: 3305,176,2663
4762: 2710,3816,4119,4359,5669,1474,6013,793,202,6851,4151
4763: 4779,1860,1216,7908,2486,2863,6734,3653,278
4764: 17,1175,1066,2322,5621,1113,7823,6222,1944,2466
4765: 1997,3494,2421,5097,2276,485
4766: 2096,951,6012,5,7830,915,2081
4767: 1380,2373,5539,5820,7937,3995,4701,3685,5433,305,3528,6584
4768: 5023,4971,5427,711,1311,4621,2445,2885
4769: 6374,1978,1763,249,3308,4951,5008,5125,4682,6307,2651,8031,7456,6462
4770: 7170,4021,6838,6464,7336,521,165,3699,8176,2817,5394,1356
4771: 580,5061,657,4205,4066,3727,3533
4772: 2415,2419,6732,3713,5774,294
4773: 3994,218,4453,2665,6801,2699,4752,1759,492,4673,4873,7658
4774: 2113,1596,1523,3042,8079,7591,8054,4509,1683,3981,3215,6573,6939,591,1584,2367
4775: 3541,6128,6711,4681,3104,3270,947,2697,6803,1629,4202
4776: 1806,7470,1511,417,3637,5848
4777: 6955,6849,3518,729,2460,1790,6053,6346,6286,1490,1307,2180,7917,7261,3462
4778: 3693,5514,1979,8087,3431,6373,714,7775,8094,6439,3657,5078
4779: 4763,2562,2486,4902,4734,1335,6734,5680,858
4780: 1266,5486,5195,2714,1969,2026,2845,8016,3705,8157,509,5567
4781: 4428,1156,4412,5769,6558,948,459,4461,8133,3039,703
4782: 5508,4144,3839,3847,840,2047
4783: 6948,832,4396,1760,3492,6722
4784: 5478,900,4559,2206,1005,1420,7528,2315,4717,2376,2348
4785: 3130,7371,4434,2190,3060,839
4786: 7028,915,532,1727,61,8089,7409,640
4787: 2642,1995,433,2101,4377,2410,4246,7517,4560,5699,6110,4932,6350,707
4788: 2269,7812,1244,5530,163,6724,1879,3730,7221,65,6338
4789: 4232,4512,1562,1237,8065,1006,4989,3882,2333,7263
4790: 157,6176,561,2743,7477,2549,1045,7570,4266,3243,7184,6871,4745
4791: 3552,3794,7606,3871,949,910
4792: 1723,3732,616,8157,6907,509,3164,5567,1266
4793: 3544,5392,2773,1761,674,8068,2537,3413,1470,1928,4666
4794: 1160,4525,4299,2041,3747,2282,172
4795: 2926,7772,6485,7763,1939,7397,1359,3193,84,752
4796: 1547,321,4957,5252,2590,961,2131,952,2099,1916
4797: 817,1566,2588,6063,3539,1524,6267,5340,4619,6511,5359,3643,4013,411,5361,2852
4798: 7324,5973,4687,4308,3618,7840,7894,800,1161,5738,3376,6993
4799: 1829,7760,2755,77,5156,4209,3677,3162,5777,4324,3834,7543,6341
4800: 4599,5994,1381,7154,3666,4139
4801: 4444,1166,4989,3882,4830,2333,7216,422,4927,4465,4232
4802: 1261,6622,3749,3626,876,7948,3948
4803: 7054,918,7888,2213,1082,1273,3401,3950,239,3458
4804: 2563,3408,8137,103,2594,5138,2048,1850,7844,4923,4323,930,1583,8125
4805: 2487,3978,7795,8044,2179,2993,2734,826,7019,5357,5802,7452,5879,248,1510
4806: 1554,6958,2174,7125,4321,891
4807: 375,7413,1468,5275,4415,1869
4808: 1560,433,150,1465,7517,4421,5075,3865,8119,5510,6878,7729,3301,1137,7999
4809: 1308,7756,2832,3139,1615,5599,975,1933,5443,802,5505,5786,6138
4810: 3432,7490,5173,153,1800,2324,2049,3410,1240,618,3134,5331
4811: 5010,1636,111,5833,2203,7726,5449,6380,7764,3244,1257,516,8117
4812: 2185,6556,420,6297,6841,4067,219,6326,1696,1791,6805,3897
4813: 1238,6701,6973,856,6700,3219
4814: 2645,3779,7043,7574,7297,4702,1127
4815: 418,3346,1007,7366,5347,4201,5247,1558,6164,3073,641
4816: 1535,1902,4672,5545,5273,3569,151
4817: 209,3875,3977,821,5899,2205,992,6165,4984,2341,1600,2515
4818: 3864,3621,1453,35,3440,3031
4819: 3780,513,8118,1059,1872,8080,7877,6106
4820: 6354,5624,3731,3383,1162,7631,7598,405,2574,2463,6014,2368,8018,4862,5892,1399
4821: 7841,877,4639,3895,7895,1670
4822: 3061,6231,2902,6351,6334,866
4823: 1903,6154,7709,2145,2372,2726,4648,493,3683,6194,7862,7514,3123
4824: 1655,2195,7282,2572,861,1970
4825: 8021,2476,6637,966,302,2891,7521
4826: 3388,5343,387,1163,4703,721
4827: 1164,2368,3126,3395,2294,8018,4329,1399,3416,6168,7620,1437,1162,252,6347
4828: 2788,4156,1911,5254,6362,2106,1467,5455,1349,825,7100,3817
4829: 1974,3926,1561,3074,780,6333,4491,169,6145,3872,4577,4237,7851,7633,1447
4830: 7128,2409,4444,1478,4989,2336,5770,3882,2664,1353,7216,4801
4831: 2115,3601,7318,2701,215,4691,7162,6847,6292,1481,3300
4832: 4148,5189,3812,1981,4386,1167,2340,1336,3372,4513
4833: 2118,2082,3369,6534,4190,1851
4834: 4522,1241,3001,7504,346,1625,6565,5338,987,2895,2554,1789,1820,6193,6196,4531
4835: 1666,5950,221,7023,366,790,3489,4272,6395,5111,5801,3202,6073,2242,3098
4836: 3314,590,7256,1165,3007,3829,2110,4206,1519,3413,4163,5432
4837: 5381,1900,4628,2561,615,1720,7381
4838: 4020,1772,3641,75,1562,1237,8065,1006,5136
4839: 889,5805,4346,1309,2724,4612,1080
4840: 5208,745,4310,489,4479,7416,2591,6275,7209,34,6994
4841: 173,7654,4490,7677,8103,466,3982,7165,5382,5795,2289,2650
4842: 1001,4361,6792,3062,2629,5523,2318,1724,7274,6180,575,8014
4843: 5333,6560,16,460,1762,2093,6040,5758,2159,583,525,6327
4844: 4126,7408,247,467,2477,6837
4845: 562,4667,1234,3486,4629,484
4846: 1305,426,3196,7345,4097,3562,261,1777,5632,4142,7101,6224,1409
4847: 5981,4511,6447,2584,1967
4848: 8077,3692,7801,2835,3070,1633
4849: 3294,6685,1455,1565,6296,3993,6867,3949
4850: 5928,1870,923,2270,3754,8012
4851: 4293,347,5626,67,6906,8123,2761
4852: 3781,1586,3010,6463
4853: 1199,1072,5643,879,7790
4854: 2451,967,9,2489,4224,4996,1542,519,5657,3850,6681,1482,4352
4855: 6851,6398,3782,3991,4119,5669,1474,5908,404,1121,6726
4856: 4624,3698,5796,7761,72,2079,629,8164,2069,8167,7548,5387
4857: 1844,1706,2194,5012,1960,7651
4858: 4859,5133,2643,5924,654,1640,2517,429,268,4426,2271
4859: 4858,5133,2643,654,5469,762,4426,1866,7410,1299
4860: 3939,7911,1971,48,6549,2288,2933,6864,690,3497,2196,5491
4861: 7587,2054,1652,1852,6630,3216,7263,1337,7915,5119,7626
4862: 2368,8018,5892,3416,7598,7254,405,3383,4820,1162,7631,817,2463,6014,2588,6960
4863: 2975,7749,2575,1972
4864: 5083,188,3672,2328,3609,7316
4865: 6512,5172
4866: 1634,6010,1973,5472,3022,2452
4867: 956,2972,2644,5113,2338,1538,7683,4432,1339,5527,1650,7181,6530
4868: 1248,2695,2737,7396,2468,7837,178,2530,5199,2076,1239,5831,8126,7093,5315,2453
4869: 2707,506,4546,3120,4528,483,7919,6190,2329,3877,3737,109,6922
4870: 634,914,2580,5815,4665,3836,7805,376,3787,5176,1731,2800
4871: 1748,2415,5395,1781,82,4749
4872: 2083,3002,2408,7346,6579,2652,5251
4873: 2052,878,1262,6183,6688,3232,4949,4773,2665,2699,1759,4673,3636
4874: 7869,3534,7588,5590,6731,753,1407,4925
4875: 4575,3951,715,6886,2835,3070
4876: 1061,5157,2272,106,7697,2804,2556,5386,6695,7159,5215,389,2523,7018,1286,5312
4877: 88,6116,5606,3972,7820,3583,7123,2686,6303,3190,1830,3802
4878: 3593,81,4483,5378,4656,1858,1083,3179,5630,6064,2552,2263
4879: 1831,6976,2132,6355,2984,7548,6322,2310,722,1131,5387,3192,3065,5796
4880: 655,4127,5488,7211,2390,1382,6046,6794,6379
4881: 2413,1929,1756,4592,3683,6194,924,5575,4719,5659,2266,4200
4882: 180,6471,3574,3392,7929,4
4883: 7430,3404,703,1517,2351,5746,8019,3549,6425,6083,1581,7158
4884: 5779,642,5092,2275,480,815,7460,7087,4247,7119,1799,7881
4885: 675,810,2635,4345,4514,5992,6436,7489,1616,5841,5536,7008,2500,3093,1941,4180
4886: 5324,6398,1270,3991,4234,6,5653,6629,1861,2959,6179,3255
4887: 974,1822,7848,5665,5437,3966,6312,4104,7658,1862,492,2013
4888: 1634,8116,5472,7525,5158,1957
4889: 1115,317,4936,3407,1428,8102,377
4890: 8067,3309,3527,138,2791,5981
4891: 5740,8097,6306,7708,7605,3406,3517,3412,1203,2753,2446,1585,3823
4892: 20,301,4172,522,7882,3936,1553,5201,5923,2771,6071,6952,1227,203,216,6679
4893: 4063,597,5561,5642,7961,4240,3502,1988,4004,1423,2447,1597,49,4551
4894: 2382,3785,1809,6769,7557,4573,5109,3930,6824,6051,1383,4564
4895: 3777,7990,843,7439,5762,6428,7586,2071,58,3467,1088,2050,7560,6409,5800
4896: 7991,4002,1456,6405,3207,5906,6658
4897: 3924,1068,3140,6503,5753,6759,5498,791,6206,281,2678,7418,613,7331,5942
4898: 5279,6905,2997,576,1832,7329
4899: 1277,7187,5345,110,5515,260
4900: 866,1970,2195
4901: 2027,2352,971,3738,407,6259,2620,4167,556,2177,4130,4159,5118,5229,7176
4902: 4445,3198,6111,2778,2479,4734,5680,858,4779,2562,2486
4903: 3201,6727,6177,436,7108,837,7219,1985,3463,3796,7691,1040,4260
4904: 3638,431,2918,3822,5055,5551,1528,7493,6197,1497,1460,6101,4997,1138,6942
4905: 3565,5411,6914,5231,425,950,6662,3471,5918,3447,3069,7515,7343
4906: 6854,626,3948,5749,2376,194,4026,1476,1671
4907: 5934,3024,5969,6199,7541,732,1635,4140,4084,3600,1362,7199,4007,2952
4908: 8182,3768,3131,8115,7089,1885
4909: 3229,6892,7857,643,3841,758,7855,1232,7963,4105,5126,5506,5582,6104,149
4910: 3624,1406,5943,792,3293,189,7967,1144,6669,5237,1318,5463,7403,5004
4911: 3082,951,5546,8107,6155,6012
4912: 190,2265,2688,2533,3718,874,4435,7277,5916,3116,2227,2938,1249,6655
4913: 6647,52,7980,1653,2051,2461,6850,6941,6720,4037,2236
4914: 3590,1937,6430,7147,3491,4494
4915: 2645,605,5084,2053,501,2770
4916: 3051,1551,3467,6927,5827,7560,1974,7990,169,3872,4577,2993,826,7633,1447
4917: 6497,3595,7247,2878,299,693
4918: 1772,75,1562,1006,2336,5770,4078,6237,4376,5136,5946
4919: 2352,971,6751,2258,3738,407,1460,6259,3159,2620,1211,7614,4167,6101,4997,5021
4920: 76,723,4022,4316,5390,7342
4921: 8022,3976,2950,747,1386,1111
4922: 5809,1213,3710,5677,5987,634,6659,2800,1100,5683,528,228
4923: 1288,1526,4323,930,7518,8029,8143,2563,3136,5440,5138,2048,4804
4924: 3563,3650,5843,7750,1668,6044
4925: 1407,3152,753,5281,2128,4874,5590
4926: 6642,3659,7340,1507,6450,1793,3165,3748,5934,6199,6815,732,7931,3600,8026,5939
4927: 422,3696,3415,5678,4990,6205,2025,2066,4510,4444,1166,4801
4928: 4172,2716,7604,1553,6952,3629,7358,2807,437,7200,4353,5673,1049,4141,4500
4929: 2470,5122,335,7113,4269,1195,3667,2731,6523,7014,2841,872,2345,4137,7009,4500,4630
4930: 1003,4059,4994,4588,5461,171,3815,1158,5670,4075,4331,209,7647
4931: 2874,7084,1376,7442,3310,4112
4932: 1636,8185,2852,7989,1208,6350,707,1566,5699,6110,2642,1995,2101,4377,4787,4560
4933: 3818,1215,2787,6332,1694,549
4934: 4658,4960,4285,2150,2551,1764,172,125,5161
4935: 3087,4743,6858,1457,2397,2010
4936: 317,6499,5654,2298,4889,377
4937: 7825,3189,2522,6371,8138,3764,774,7104,1200,18,512,1975
4938: 2462,3187,6767,155,3703,461,4945,7218,2474,6202
4939: 1649,5765,7792,3166,3838,7098
4940: 7491,3719,4236,7279,3332,2004,7768
4941: 191,7743,442,4710,2397,7516
4942: 3167,6544,2723
4943: 3164,3107,6990,6310,4033,5185,4711,6440,3418,7464,7405,2784
4944: 1280,92,5498,6206,4614,7292,1303,4198,3016,1389,7511,2483,5453,1736
4945: 23,2869,5429,3168,5904,5465,3907,2474,4938,155
4946: 6712,5623,1412,486
4947: 6200,3575,348,5682,7817,3804,3188,2054,6216,4288
4948: 3337,1868,7860,1086,5052,7459,6007,2882,1311
4949: 2052,1262,569,2973,6183,6946,1116,6688,3232,4873,2699,6682
4950: 4755,2121,4050,1859,989,2292,6268,5304,1193,3459,2103,2653
4951: 865,6374,1978,4266,1763,3308,5008,4769,5125,7057,4682,6307,2651,157
4952: 1259,3433,4756,7206,5428,6528,1961,2339,491,2370,1293,1601,7677,7679,625
4953: 277,960,5234,7098,5874,2516
4954: 5136,1992,994,3985,8160,5855,6604,5946,6237,1772
4955: 146,1892,3555,4261,818,6698,7732,2425,1689,2908,6487,5739
4956: 6931,1840,689,1050,5709,7095
4957: 4796,321,5252,961,2942,7251,952,2099,5144,6628
4958: 3024,5969,2657,4140,4084,1384,5377,8127,5360,2387,5470,6217,3547,8120
4959: 6497,6742,3213,4016,1976,7783
4960: 1084,4285,1764,4934,659,5521,5572
4961: 1654,7278,5084,8041,716,2053
4962: 968,457,7503,2119,2936,7771,5989,2539
4963: 502,411,2941,1190,6798,3452,3231,3072,4249,5307,5361,3539,6511,4013,5323
4964: 683,7338,1363,7561,4593,7824,7449,8081,258,3679,7129,2084,7826,4335,6009
4965: 614,523,2913,4194,5321,6954,1708
4966: 107,2449,2117,4010,3312,4686,819,4371,29,2919,1745,4401
4967: 5661,74,1977,4074,54,8025
4968: 6561,2729,1700,4638,2851,754
4969: 6828,2233,5790,820,5278,3714
4970: 3545,5618,3397,263,1408,1276,5939,3145,6162,3358,5835,1863,7126
4971: 2058,5427,711,4768,4621,6570,3639,160,6041,2885
4972: 5609,271,4,2087,3574,3809
4973: 928,1051,3975,2610,2301,5975,4229,2972,7998,6880,5113,468
4974: 3640,6854,4081,5871,3948,1261
4975: 4003,6022,1385,7573,470,2418,7033,4668
4976: 1518,1258,7281,2416,6442,548,4729,6553,6893,5900,1323,2796,5868
4977: 1795,2748,3854,2147,5031,7476,6953,7974,2488,95,1606,1576
4978: 6122,1419,3675,7444,2252,1904,6187
4979: 3345,538,3937,2928,1710,6451,6401,3524,1052,14,6407
4980: 4049,7240,2698,6032,397,7189
4981: 5593,1498,5266,1400,3419,5594
4982: 1247,1100,5826,2259,666,7229,2417,5909,5683,3055,6632,7105
4983: 3071,4061,1053,8114,3695,4116
4984: 4817,3875,821,2205,6165,171,6418,2165,2341,1600,4515,4455
4985: 4550,1304,1782,6261,7941,7329,576
4986: 452,6731,4392,391,6895,4992,133,7083,5590,880
4987: 6016,6533,314,7167,2795,3516,2532,1783,1331,122,5860,6246,308,1109
4988: 1634,8116,36,152,6427,3941
4989: 2336,5770,3882,4830,2333,4801,4232,4789,1562,1237,1006
4990: 422,4927,3415,6205,62,4510,6161,5822,2803,4444,1166,7216
4991: 1220,6487,3080,5667,7958,7080,5759,663,4261,818,7732,2425
4992: 7996,133,3852,3905,6616,7239,1520,4392,4986,391,3616,7083
4993: 3801,1253,2641,7608,6576,8113,3118,1458,7784,7225,446,6257
4994: 1003,4059,4930,7205,38,2735,3580,4587,4588,5461,7420,3815,1158,4075
4995: 1459,3319,8139,6754,3768,3915
4996: 2489,4224,4726,1253,2641,756,3850,4357,1482,1964,6034,4352,4854
4997: 6751,2258,3738,1460,3159,7614,4167,6101,4919,5021,4904,1528,7493,6197,1497
4998: 458,1212,3445,1279,7842,2170,7248,3132,6104,6571,3334,1085,7486,206,7323
4999: 926,4106,5404,2405,953,3708
5000: 2638,5285,2504,1549,5751,6917,1135,6582,4758,3783,5715,2220
5001: 6951,4396,3492,8035,8051,1508
5002: 280,7350,7926,3616,755,2931,6494,1471,5425,1378
5003: 7638,2854,2582,4258,1672,5901,385,6543,1611,6408,1350,2437,2181
5004: 2681,3687,1433,7968,6069,1318,3869,851,6971,1693,6056,792,4910,6669
5005: 297,7262,5938,1080,5143,889,2844,2724,3909,7575
5006: 442,1918,2877,5277,1980,3810
5007: 4640,2622,2152,4311,4397,4671
5008: 1978,249,3308,4951,4769,3840,4682,6307,2651,4241,4507,7456
5009: 6331,1313,2623,7233,6327,2646,4168,7687,174,2467,4613,7059,2159
5010: 2203,7726,5449,4811,3940,644,1267,4660,2876,3244,1257,516,8117
5011: 4525,2296,2878,2041,7309,6356
5012: 5913,1844,1706,4857,5402,4070
5013: 5147,1765,5591,2589,2680,6377,4225,7283,419,3269,6956
5014: 762,5293,5780,2505,3493,654
5015: 3837,1372,954,42,2204,5882,2428,510,6636,7769,8038,5977,3910,4277
5016: 4068,2431,5649,3191,6272,2297,1012,7611,1795,2748,1958,7501
5017: 3916,116,2945,7392,1358,2197,1807,2068,4402,4654,7182,8142,5707,8098,136
5018: 1905,2342,5569,1934,2608,4541,207,1043,5829,7146,1370,7479
5019: 590,7256,3007,3829,1787,1519,3403,292,7579,8072,6716,7143
5020: 2470,335,7113,6523,7014,6563,4532,1602,709,4522,4291,1820,2480,2741,4374,4524
5021: 3012,4265,2006,232,7027,2961,2258,7614,4167,6101,4997,4919,6192,1528,7493
5022: 3628,4674,4045,2448,7475,3853
5023: 5052,6007,955,4768,1311,5718,1086,7311,2445,6825
5024: 698,5080,2646,3558,6615,1344,1641,7687,4228,6541,7913,2035,2555
5025: 2663,453,4133,3692
5026: 2916,1461,7935,3422,1472,5525,4650,5710,786,3259,5884,205
5027: 1666,221,366,3487,3489,2647,4363,6395,6865,1837,7646,2335,1152,7742,4317,6221
5028: 4466,2870,6911,406,2597,645,2553,563
5029: 4337,2629,3468,3524,8014,6987,5628,1052,14,1688,3345,6401
5030: 3153,3334,3926,1085,780,8130,7486,4222,206,7323,6602,2177,1129,7176
5031: 1795,4977,3854,3832,5761,432,7501,6953,7618,1606,148
5032: 1027,2848,1281,3856,7203,296,6385,7829,2710,6013,793,202
5033: 2380,1603
5034: 2540,2490,5159,741,1442,2384,5352,7032,1134,229,2449,6444
5035: 4333,6258,2594,5828,312,1629,4202,997,3270,4278,1854,3430
5036: 5188,5700,2435,3002,2652,646,7650
5037: 6294,7789,358,3143,3020,3721
5038: 2153,7138,3826,7180,3038,1306
5039: 1379,2443,6059,519,2923,2105,7172,7064,4224,4726,3049,668,4312
5040: 5548,1176,3706,563,6103,5636,661,1326
5041: 7901,4414,4148,3898,298,704,2297,6703,1319
5042: 2349,1563,2389
5043: 1067,4296,5471,2648,2444,4395,5121,1426,7239
5044: 5412,7488,5979,1673,2501,194,1206,5629,572
5045: 5127,2725,334,794,7680,4733,5335,3724,4309,6491,5931,2794
5046: 7822,5717,1463,128,7350,7926,7992,3292,3833,1074,4001,3037
5047: 8006,717,2149,6423,214,7067
5048: 6299,1172,192,1843,7186,2706,2230,2240
5049: 4386,1167,5325,5964,5495,2601,2783,2340,8131,4513
5050: 6986,4366,6660,7983,7271,5772,3040,2131,5349,7602,3564,768
5051: 1940,1620,7590,1004,6508,4700,6026,7384,7940,3047,3855,2165,4515
5052: 5023,6007,5427,955,1311,7860,1086,4948,7311
5053: 3423,7163,505,8179,1055,6207
5054: 2927,6400,3808,1766,7299,6908
5055: 3638,4904,3114,2918,7304,6983,3822,1613,801,2632,131,5551,6197,1497,7971,6343
5056: 1317,2638,6495,4076,2504,7939,1147,1549,919,3704,4545,5721,6917,8001,6148
5057: 1536,6378,3366,3750,7957,1541,1464,3299,7404,733,6612
5058: 970,5146,2512,7454,3235,4212,1330,2154,2475,4120,7863
5059: 2133,7644,5513,2988,2346,5417
5060: 78,890,7852,5236,2760,2229
5061: 6156,742,4205,4771,3727,470,2418
5062: 1895,894,546,4458,5726,2661,7220,6023,1589,1767,7794,7727,6291,4676
5063: 705,2278,4220,2649,5780,2505
5064: 6628,2614,855,3813,681,6437,8015,2942,1714,1112,3541,4681
5065: 6453,6234,1604,6386,4744,3100,6520,2067,2046
5066: 1768,5552,7073,7308,7615,3501,4052
5067: 5550,7294,4645,942,2746,7308,1605,4052
5068: 3109,1403,273,1063,7646,7200,7500,6092,5344,7009,2827,2148,2564,1626,4519,5194,6221
5069: 2785,6319,3784,565,4400,7445
5070: 3175,2222,825,5565,7655,3854,2147,2488,95,1606,4156,7082
5071: 2381,2028,267,2989,6349,6280
5072: 2750,1712,3564,429,2332,268,3773,768,598,3755,4298,4181
5073: 4615,4297,2187,454,596,2107,7770,255,1928
5074: 4624,3698,3761,7761,1769,3559,629,4250,7502,8164,4460,7910,802
5075: 2642,1560,433,150,2369,2410,1465,7517,4808,3865,6878,7729,3301,3384
5076: 5129,6594,2493,3876,3082,5546
5077: 7893,6143,3842,6812,2768,633,7373,3866
5078: 3393,6492,4012,1230,2514,143,7949,1979,8087,3431,4778,8094
5079: 6458,2160,497,1803,7351,1733,6521,3367,5804,1983,7355,2299
5080: 698,2646,1344,4168,3323,7687,174,1930,5024,6541,5388,1436,2623
5081: 5264,2448,7612,6463,1586,1500
5082: 5213,650,6899,6671,4418,2715,6589,3437,2813,7327,1486,8169
5083: 5444,188,4864,2592,3609,1130
5084: 6600,716,2053,4961,4915,501
5085: 2769,4679,1431,7366,4213,7407,2578,1432,5784,2893
5086: 2613,7813,856,6089,5186,2703
5087: 7491,2273,1309,5966,6150,7484,250
5088: 543,6515,3148,447,2799,8162,2906,2272,106,7697,4652,1487,4462,779,1618,6592
5089: 2274,1217,2313,1867,5443,300,1391,4460,2932,7910,6535,802,5505,1769
5090: 922,8003,2491,2309,7891,4280,4306
5091: 4207,1890,3426,969,222,2018,3505,5697,6874,2775
5092: 7062,642,2529,2275,4884,815,3113,7460,7087,4247,751,4567
5093: 5853,6311,2065,1884,7959,1168,7235,4723,7175,7035,2962
5094: 4738,1236,6352,3733,2492,6080
5095: 24,80,7809,2316,2100,6781,7938,2021,3439,1607,6860,6818
5096: 757,7052,5793,3471,315,3260,610,2288,8062,2933,6531,7205
5097: 469,3494,1342,4765,2276,7412
5098: 5795,1961,2650,5291,1004,1469,4700,7682,491,7654,1293,4490,7677,2752,4756
5099: 1123,3160,5910,5579,7370,1246,7634,808,3849,2122,2506,6786,5837
5100: 7819,6385,6320,1254,2544,7829,3648,5468,3856,4151,202
5101: 1612,1297,5258,3508,3596,5416,1451,1235
5102: 2495,5182,2058,541,5363,1187,485
5103: 7318,2374,5915,215,3793,4132,5620,6257,6766,4357,1656,3135,6034,2072
5104: 3994,4453,1862,6801,3127,5208,4310,1773,702,2308,7658
5105: 2702,342,5452,1835,7148,3146,5334,3396,6455,6240
5106: 1687,1713,6729,6835,2459,829,6279,5914,5400
5107: 3958,4371,7979,29,4526,5120,6773,3084,6112,2919,1745,819
5108: 7107,1192,3420,5878,5746,8019,459,7781,6885,175,965,1352
5109: 2670,975,3756,355,7519,5598,4573,2382,3785,251,6769,8046,4894
5110: 6554,5887,2123,1539,4053,5269,6728,3030,7317,7050,3887,343
5111: 1666,5950,790,3489,4272,4835,5801,415,3202,4530,6073,2242,771,7206,4653
5112: 2801,5411,313,1677,4294,6914,4121,5187,7285,1907,844,2086
5113: 4229,956,2972,6880,2338,4867,440,7683,468,6962,2889,4973
5114: 1891,2854,2582,5901,718,2708,1354,4259,6184,112,5797,898
5115: 1314,7866,4375,2547,3055,6154,4174,884,2145,2417,4231,2585
5116: 7661,2219,3523,1194,728,6360,6950,1545,3322,6070,714,2022,3657
5117: 7733,7994,193,3540,7566,5190,3954,2178
5118: 2400,3904,3744,556,1477,5799,1315,1129,4130,4159,4160,7176,2621,4901
5119: 4861,2054,6216,1652,1852,3216,1337,5531,4288,3188
5120: 3958,2044,1056,4526,5107,6773,3084,159,7581,7943,3463,7169
5121: 3905,1426,6649,8047,7239,6822,5043,2648,4185,3421,350
5122: 2470,7113,4269,1195,2731,6523,7014,8147,4929,45,2480,2741,1771,4524,686,3551
5123: 6305,7118,670,3938,2897,7554
5124: 2232,7389,5489,5818,2094,3929,2692,6682,2013,6183,2665,974,1822
5125: 6374,4266,1763,4951,4769,7057,2651,157,6462,561,2743,2549
5126: 3453,3229,6892,3841,758,1232,1792,4586,4909,5844,6104,7090,6369,7152,3445,4043
5127: 4406,2593,4423,2725,334,7918,7680,5045,3390,1298,4309,3343
5128: 5214,2295,4154,1386,747,4351
5129: 161,6175,5076,1770,6594,3876,4356
5130: 6184,4746,2139,5797,1169,4094,5383,2136
5131: 2843,6819,7348,7450,2867,2246,8099,555
5132: 445,4110,3095,8091,99,3927
5133: 4859,4858,5924,2517,1712,268,4426,2271,3090,7410,6586,883
5134: 4615,97,7086,4297,6058,2187,6250,1707,4163
5135: 3071,5186,2703,6057,2212,1170
5136: 1992,8160,4954,5946,6832,4078,1772,4838,75,4918
5137: 382,7670,647,7220,6023,6358,1589,3228,1767,3211,3354,599,5612
5138: 2563,3408,8137,103,4333,3136,5440,2594,2048,4804,1850,6619,4923
5139: 3250,2340,2019,8131,3224,1167,1336,4543,1864,4513,6793
5140: 2901,6125,2262,7607,1057,7692,4283,3512
5141: 3200,3272,4703,1717,6477,3194
5142: 7932,4565,1522,2124,3899,410,6595
5143: 297,7262,3891,5005,2366,2844,7914,7575,3684,441,1364
5144: 5260,6021,2125,7198,6982,4957,7251,952,6628,8061,59
5145: 7364,7920,8050,871,8093,2949,7741,6173,1833,6309,6683,144
5146: 6766,5058,1656,4537,970,2512,7454,2072,3235,1330,6228,2154
5147: 1609,1765,7640,2589,2680,6377,5013,3191,3269,6719
5148: 3740,1263,230
5149: 4230,1740,4757,2700
5150: 6067,7334,5204,635,959,4584,3778,4527,5596,2277,1733,7355
5151: 1067,4296,3786,7423,1818,7864,126
5152: 3900,1204,299,7936,7309,2598
5153: 4443,5785,4730,3561,1183,3646
5154: 1154,2745,7264,3192,6417,4077,7797,857,1320,1831,7307,2310
5155: 1329,6157,2092,4405,5313,2126
5156: 1829,7760,77,2060,4799,5453,5332,4209,3677,3834,908,6611
5157: 8162,2906,2272,106,4652,2804,4876,8055,7417,6208,1490,2523,3543,3099,5312
5158: 2951,632,7525,4211,4888,5472
5159: 2540,5034,2490,1442,5352,7108,229,4526,937,5355,2449,819
5160: 1388,351,5374,2952,1384,5377,7758,5360,544,3024,5969,1635,4140
5161: 4020,3641,3691,6832,4658,2150,4934,7652,125
5162: 7599,7897,1443,2920,2838,4394
5163: 4157,1105,3825,2172,7110,3521,1148,7071,1906,4520,6603,5756,2030,7395
5164: 4099,5821,186,4436,648,3568
5165: 7285,108,1907,3315,7388,1614,1486,8169,844,2086,5562,5187
5166: 7297,7257,1127,2770,796,1575,7875
5167: 281,2678,7293,5942,3651,2938,3140,5753,6759,190,2688,3718,8100,5916
5168: 1334,8032,56,1087,3960,7643
5169: 4381,1980,3810,2633,1184,5830
5170: 3686,3398,1551,58,3467,1088,6927,8033,7571,2050,4539,7966,2968,1873
5171: 3107,6990,6310,6502,2008,2999,7405,2784,4517,681,6437,3112
5172: 2350,7563,6512,349,4865
5173: 3432,7210,1738,4193,1150,153,1800,2324,4810,1240,618,6872
5174: 1860,3125,822,5380,2009,4316,3251
5175: 1636,7669,2852,2203,7989,1932,1208,5449,2420,6350,707,1566,6063,6511,5359,198
5176: 1905,5569,3720,5974,7596,2062,490,914,3836,4870,3787,1731
5177: 3676,957,6109,2378,5895
5178: 6176,8138,3764,1045,774,2719,7160,834,7780,7104,1200,719
5179: 5277,6810,524,7133,2879,1102
5180: 5601,3597,6879,2234,6474,1118
5181: 3325,114,5583,7007,6031,6583,7664,1466,1073,3435,5647
5182: 6985,5259,5102,2495,2421,485
5183: 1488,1989,5674
5184: 6136,5308,1578,2422,266,5905,132
5185: 4033,6691,378,4711,3418,354,1631,2784,4943,6310
5186: 2703,5135,2613,5086,3053,1170
5187: 5411,557,4294,1608,4121,5112,5562,7237,7285,5165,844,2086
5188: 7843,5700,5036,1338,3002,6579
5189: 7901,4832,6852,4148,3898,3812,704,1981,1167,8158
5190: 1439,302,7566,5117,7733,193,3954,6637
5191: 6230,2210,7207,859,7298,1089
5192: 1610,1818,6764,882,1931,2709,126,113,2085
5193: 1530,6198,6596,1784,4547,508,6845,3151
5194: 3021,331,2827,2148,2564,1626,1152,1946,7742,4317,8069,4519,6369,7152,6221,5068
5195: 6293,5486,1969,4780,2026,8016,6929,3705,70,509
5196: 2820,5807,3561,1543,958,5785
5197: 8182,3768,428,6991,3915,1982
5198: 4713,3724,1298,4606,3528,4309,3343,1159,649,4423,2725,5820
5199: 7230,1897,4370,6132,2076,811,854,4552,1239,3857,7093,5315,7837,178,4868
5200: 688,6534,1059,3918,4365,8177
5201: 20,522,7882,3936,4892,5923,2771,6952,6065,6390,1227,6476,2090,203,6679
5202: 7499,759,2762,7953,3464,3587
5203: 2668,2494,6618,5625,6146
5204: 6067,6850,6941,5150,2224,635,959,5596,2051,2461,4595,2236
5205: 573,3851,1912,2921,7665,4125,7217,7706,1532,2579,3111,6273
5206: 1304,7941,1512,3331,7255,2990
5207: 1579,6130,145,5744,1060,8118
5208: 4840,5362,4310,4479,853,2591,1773,4485,2881,4453,5104,3127
5209: 1201,7094,1155,2127,481,134,832
5210: 7873,39,500,6344,3287,1674,6254,6780,6243,6988,3285
5211: 5218,1997,2276,2188,4319,1097
5212: 6883,362,122,1405,3356,7451,3169,4591,3888,6245,7120,7778,6139,3056
5213: 650,6899,5082,1029,6671,3179,5630,3473,2859,4418,6002,8085
5214: 4154,5128,3220,4351,5499,795
5215: 2695,6695,7159,5917,178,2530,4322,708,379,854,4742,5386,1061,4876,1286
5216: 1811,760,7950,4016,7660,4111
5217: 2103,5875,1675,2653,5286,465,6820,664
5218: 5211,1342,2276,4313,2565,1097
5219: 5658,7038,2779,638,2922,5391,1839
5220: 7300,6613,2286,1062,1758,5765,4747,323
5221: 1514,3589,2706,5639,2672,4737,6389,6115,862
5222: 5406,2860,3246,2011,7006,6677,873,2143,6117,4556,7411
5223: 7238,2818,6830,46,7613,1090
5224: 3739,3247,5520,6212,1838,679,6908
5225: 5532,5662,8121,1527,1173,660,6043,803,5554,4527,2666,2277
5226: 1721,4185,3421,5328,7246,5614,3503,6449,3606,350,113
5227: 3955,6963,7796,6261,381,2055
5228: 2948,2916,4625,4661,7935,4009,3422,6313,50,5525
5229: 6602,556,2177,4159,7176,3153,2073,2027,2352,971,4901,6259,2620,6402,89
5230: 5819,3728,827,2569,1316,5369
5231: 3565,1677,4905,6914,425,2887,950,7720,6662,3069,7343,5943
5232: 7140,2772,8023,734,135,272
5233: 4268,2423,3149,2116,4678,2497
5234: 960,4953,6459,7098,3166,6195
5235: 3661,2168,1593,6975,6672,2055
5236: 78,5060,2007,7852,7589,1644
5237: 2223,246,2887,1318,950,5463,6662,4540,7403,5943,4910,1144
5238: 1305,426,7345,979,5803,4613,3562,7059,2555,261,4079,5758,2159
5239: 4492,6778,700,761,5588,7954,2940,5714,256,3971,7798,5985
5240: 1351,2478,6055,6965,5879,3398,262,4539,4082,631,4195,1993,5825,1510
5241: 3380,4549,256,5597,710,3971,6777,3477,1489,1081,8150,5714,5781,7798
5242: 2531,3423,776
5243: 1488,7039,3273
5244: 1681,3519,2311,5420,3798,5,6314
5245: 3620,201,7902,868,6391,4108
5246: 5367,720,1965,8064,7995,4192
5247: 4201,7485,1558,463,3346,4815,2525,1007,2392
5248: 4716,7150,241,1877,1563,2389
5249: 7447,763,3044,5573,7685,4429,2172,456,4347,5972,1827,3347,3612
5250: 8066,6284,3655,2728,2720,1834,6434
5251: 4725,400,3092,4872,7346,2652
5252: 4796,1952,4957,2590,961,1691,1916,5651,1036
5253: 4354,2685,1496,4262,6816,7427,2056,5534,5836,2499,339,4051
5254: 1911,5373,6362,4828,1467,5455,7510,7100,38,2089,3817,3327
5255: 4381,1184,705,849,2278,318
5256: 388,2595,6997,7904,3621,1453
5257: 3249,5512,1942,939,3625,7982
5258: 5101,1612,1297,3642,3508,4356,4535,2991,5416
5259: 6985,2495,5380,5182,2009,6149,2421
5260: 4508,8,3460,7748,4018,6021,2125,5144,6982
5261: 6483,2953,3103,3758,7419,427
5262: 1637,7338,3472,526,4593,5327,2412,7597,7333,1040,436,6624,3944,1796
5263: 7704,3972,6008,7820,2805,3531,7981,7969,1106,1321,5823,4390
5264: 7112,4045,2448,7612,5081,4027
5265: 3884,7408,1091,247,3967,901
5266: 1400,4069,680,3419,7377,4981
5267: 2140,7572,4419,3771,7465,972,364,1483,7838,2545,4166,6770
5268: 8086,3662,514,2322,1113,2057
5269: 6554,7291,5887,2123,917,5110,1539,3578,2721,1188,7526,2061
5270: 1896,7036,236,3952,1070,588,3434,2935,7533,6548,4344,3094
5271: 6335,1290,2880,7625,5641,5435,4572
5272: 4113,3790,2441,7004,2087,7070
5273: 2806,5545,3569,4816,1923,5516,2102,6006
5274: 2300,1485,4760,7833,2510,995
5275: 4489,5896,4807,1468,1869,4434
5276: 2375,7629,3735,287
5277: 2877,5179,524,5006,1102,1980
5278: 242,2233,4969,3714,7253,1171
5279: 4898,2997,7202,1832,5789,3706
5280: 7257,4365,796,8177,3097,3479
5281: 6600,6153,716,2128,753,3152,4925
5282: 3483,5603,797,5870,7436,6613,2286,2934
5283: 7537,3242,2010,4739,2151,7516
5284: 6605,1446,875,5690,4188,2285,3023,2968,3495,6855,1873,227
5285: 1317,7310,1549,5721,5000,6917,8028,4758,3783,7649,1260,2958,3936,55,6071
5286: 2738,3928,587,465,664,5733,2327,4692,5217
5287: 7144,2239,3973,4143,328,7984,2566,2596,3311,962,5298,6545
5288: 6458,1803,1733,3367,1983,6043,3932,3868,2260,4664,4584,2666
5289: 2616,1564,6577,2684,3150,651,3475,448,5831,1935,5315,7091,3353,5982
5290: 6102,6873,7437,798,3511,1669,5631
5291: 1940,5382,5795,2289,7590,2650,5098,6508,1469,4700,6026,7682,2411,3348
5292: 4150,3085,2306,4114,2508,3557,2974,6783,24,5940,1925,4307,1908
5293: 3522,238,762,3594,5780,5014
5294: 6642,3328,3659,3170,2690,7845,156,6547,6473,6450,6942,531,5754
5295: 1726,7868,5640,3707,4605,5690,4188,1098,6964,5517,6974,270,7534
5296: 6663,1777,809,7847,2129,4142,5952,3156,3665,2080,7103,1619,916
5297: 902,1876,3425,905,4057,7390,3496,7532,7438,7344
5298: 386,3311,962,5353,3429,2568,7335,2596,5287,2239,7984,2566
5299: 60,421,3063,7603,1616,1813,3350,7065,7003,5741,6507,7681,810,2171,7096
5300: 8183,5999,5708,3556,1413,1387
5301: 928,1051,2610,5742,1475,2301,2757,5975,7802,5957,5607
5302: 5337,2511,962,6545,7144,4143,2566,2866,6029,4647,2981,368
5303: 1126,3912,7289,3788,7782,8112,2980,5484
5304: 1193,3459,2103,7010,5875,1675,2653,2292,4950,4755,2399
5305: 3789,7841,606,3895
5306: 4411,2509,6141,1189,3184,3878
5307: 502,411,2941,1190,6798,6943,3452,3231,3072,6079,7884,4963,4389,5932
5308: 6136,5184,5635,2422,5905,4252,2070,4028
5309: 6530,3762,7531,3446,1339,1650,1440,3187,6894,461,1538,4432
5310: 7095,2153,3826
5311: 3374,3483,3554,7710,797,1865,4042,8174
5312: 1490,389,2523,1286,3543,3099,7700,7261,5157,2272,106,2804,4876,8055,7417,6346
5313: 897,2088,2126,4074,6157,5155
5314: 4394,2667,7115,7895,3818,1215
5315: 1239,1416,5289,1564,3150,5831,3857,7093,2453,7091,7230,1897,5199,4868
5316: 7609,7896,127,6761,6911,406
5317: 2104,7030,2130
5318: 6566,1295,783,6328,7363,1284,6068,2353,3258,3214
5319: 2538,1250,1785,8042,185,6075
5320: 496,2200,2668
5321: 6348,1064,1009,7723,4965,4194,1708
5322: 3298,10,6808,680,7241,3956
5323: 198,2751,5953,3342,2001,4561,455,1584,2367,2941,1190,6798,7884,4249,4963
5324: 4886,4151,1889,3802,6398,3782,1270,4234,6,6629,1861
5325: 3993,5964,5049,3949,6296,6708,2783,4341,338,517
5326: 3932,5487,1709,5561,118,2260,1857,4240,3058,7026,4438,2527,158
5327: 1637,7338,1363,4593,5262,7824,2412,7597,6624,3944,4029,1796,7032
5328: 5226,4733,7246,3606,5877,5681,7800,3096,1491,2120
5329: 173,1310,4637,560,7662,5954,4707,3129,2732,4495,3330,2218,1147,7717
5330: 1872,5778,4649,6106,2567,7562,2639
5331: 6872,186,153,2324,4810,1240,5535,6260
5332: 3016,7760,7487,7511,1375,2755,6903,77,5156,5453,2733,4198,3677
5333: 7313,2406,2093,3035,5758,583,4843,525,3036,683,1341,7102,7058
5334: 2669,5383,6432,3146,6455,6240,17,5452,1835,5105,4094
5335: 1092,4733,2120,794,7680,5045,6491,3599,4759,5931,2794
5336: 691,7659,2354,6158,11,5688
5337: 6868,713,386,2511,962,3013,548,4729,5302,6545,4015,2866
5338: 4834,8075,1241,3001,2199,7504,276,346,1625,5350,3264,4173,6025
5339: 7359,5439,3550,4055,5886,1054,3295,6698,7732,2908,8180,231,6188,799
5340: 817,4797,3539,1524,6267,4619,5359,3643,4013,695,411,3452,7834,5361,5932
5341: 2654,6857,7890,387
5342: 3199,4543,1864,6793,7306,3250,3224,6542,7319,399,2393,6961
5343: 387,4826,6857,3041,7352,721
5344: 3109,273,1063,5068,1195,872,2345,7009,2148,2564,1626,4519,3632,7065,4630,6507
5345: 4899,1277,6958,3644,8178,110
5346: 2232,7389,5818,6005,2094,3929,3,478,7015,4208,6297,1696
5347: 3346,4815,2769,1007,4679,7366,4201,1786,6164,3073,2893
5348: 7642,6772,6993,2740,4548,6640,652,3481,8186,622,6721,1255,119
5349: 2750,7602,3564,7365,476,1036,2131,5050,7271,5772,3040
5350: 1692,8075,2825,3001,3760,7504,276,6565,5338,4291,6035,7441,3476
5351: 2879,445,5830,2704,1102,4503
5352: 5034,1796,2490,5159,741,1442,7108,1134,2238,229,7691,937
5353: 940,4609,3429,6414,2568,4641,2596,6868,3311,962,5298,7984
5354: 1308,2670,3139,1135,3756,7519,7712,2220,6138,251,8046,3296
5355: 107,2449,7583,2117,3520,6444,3312,819,5541,2540,5159,1442
5356: 2155,304,6723,3088,6896,6135
5357: 2487,2993,2734,7019,4805,5802,7452,5879,262,636,4082,248,7539,631,1510
5358: 2382,4495,117,1750,251,6769,8046,3296,6747,1135,7519,2638
5359: 1566,4797,2588,6063,3539,2016,1524,5340,4619,6511,4013,2852,5175,2420,707
5360: 2156,5374,2952,1384,5160,5377,3024,5969,2657,4140,4084,4958,6217
5361: 411,3452,7834,3072,6079,4963,5932,2519,695,838,4797,6267,5340,3643,4013
5362: 5208,4479,7416,853,2591,4485,4012,1703,2514,2881,1590,3127
5363: 7079,4705,1187,2058,541,2882,5102
5364: 3627,352,4308,2656,1909,1151,3618,7840,2364,7894,1137,4687
5365: 5861,1594,1786,4326,3181,1950,4641,7335,941,2596,3973
5366: 5702,6884,1910,2570,5705,4417,7056,2361,886
5367: 4424,2598,5246,1965,3900,8064
5368: 1492,4626,409
5369: 3740,2569,1263,5595,5230,3728
5370: 3615,7808,1093,1369,7301,7718
5371: 3624,6429,2268,7964,3293,1774,3368,4741,7384,7940,3340,4011,25,5832
5372: 7414,2606,6810,3329,7133,5684
5373: 2788,7670,7220,1911,5254,1589,6362,1895,2089,3817,894,546
5374: 2156,1388,536,351,3612,2952,5160,5377,4748,7758,5360,5919
5375: 1637,3472,1341,526,7102,2412,8081,7058,3562,5632,4044,6224,1409,3035,4583
5376: 1175,6844,342,5452,5621,2570,4417,7056,2361,886
5377: 2156,1388,536,351,5374,1384,5160,896,8127,5360,3024,5969,4958
5378: 2520,4656,5959,4422,1858,4878,4428,1746,2552,2263
5379: 5777,4184,1638,1038,7045,6862,42,3274,7684,2428,5589,1494
5380: 6985,5259,2009,6149,5174,822,3251
5381: 363,4837,8135,6666,4628,2561,3171
5382: 1940,5795,2289,2650,5291,6508,1469,2411,3348,7433,466,1285,4841
5383: 2669,3146,5334,7141,2136,6240,6222,5130,6184,4094
5384: 3255,3963,6540,255,404,1470,7791,7473,3381,4666,4234
5385: 8119,5619,2857,3861,3913,5510,6539,7999,3627,2175,2656,5839
5386: 2556,379,854,3438,4742,7177,1061,7697,4876,6695,7159,5215,178,2530,1286
5387: 1831,7548,722,4879,2730,6959,8167,5503,6417,3065,4856,5796,2069
5388: 6976,2132,6355,6322,2689,443,990,5080,1344,4168,3323,1930,6541,984,1436
5389: 6182,3115,6489,2257,1242,384
5390: 723,6756,4022,6891,4920,6736
5391: 1141,2922,7924,5219,2424,2779
5392: 5760,2773,4793,43,674,4270,6648,2061,5501,6396,3413,3578
5393: 3439,3645,5457,7715,4102,2599,6052,490,5518,1370,2062,2427
5394: 7117,2817,3394,1356,7997,6557,7170,325,4021,1775,4171,4770
5395: 1748,4871,4443,7702,82,3646
5396: 590,7256,3829,2110,4206,5679,1787,2840,2896,5937,4471,7579
5397: 7037,2860,368,3032,2754,7636,7736,1114,4143,328,1466,1073
5398: 1556,7977,921,4138,3702,4404,5469,1866,3386
5399: 2411,2681,3930,6824,814,6051,3687,1433,7433,1383,7968,4564,1693
5400: 1610,5914,7800,882,2085,5106,7401,3772,401,6279
5401: 3321,6928,3317,5926,417,3509,1836,3637
5402: 1706,5012,4070,7463,36,152
5403: 1776,4027,4486,5912,6400,1686
5404: 926,5641,2576,5435,4999,3708
5405: 2111,735,4251,3907,996,2240,8058,3168,1172,1843
5406: 3671,5222,2860,7736,3246,2011,7006,873,7260,6555,682,4556
5407: 800,288,3160,5910,5579,1161,6804,1246,3577,6274,5738,7324,3376,6735
5408: 3858,6264,2630,1053,2212,7236
5409: 5894,212,2228,6687,3174,6486,2571,7292,2812,1678,92,7885,3000,6550
5410: 7383,3121,6921,4023,3064,7617
5411: 3565,2801,1677,4905,1608,6914,4121,5112,425,5187,844,7515
5412: 7488,5979,5044,3391,1673,194,1206,3709,7925
5413: 1913,3033,3931,1548,2036,6823,6082,5563
5414: 3186,6678,904,6169,4538,3490,7269,7061,1672,327,1611,2237
5415: 5941,184,7000,1917,3488,1921,7382,3037,4425,3634,4071,4568
5416: 5475,4535,2991,3268,4662,5101,1612,5258
5417: 5616,2346,4693,2133,5059,3591
5418: 3252,1411,4036,6552,6790,830
5419: 7387,1064,2326,1009,2362,5719,477
5420: 5542,3147,3519,5244,2311,3798,653,6314
5421: 146,1892,4261,818,3821,2425,8151,7078,2231,5927,663,3080
5422: 3806,740,6865,5701,2303,6897,1837,7952,620,3970,6779,3669,7646,7500,6092,2647
5423: 6390,6476,984,6996,5851,2090,203,2915,3660,1425,1436,7469,2202,5949
5424: 6776,6015,2839,763,5573,4429,651,3475,8126,1935,5962,1248,5756,2172,4256
5425: 1471,1378,4631,3389,2579,3318,755,280,5002,128,7350
5426: 6289,4008,6752,1041,5728,2207,2075,4349,1678,6210,6486,2571,3000,6550
5427: 2058,5052,4971,6007,711,4768,541,2882,1311
5428: 1259,3433,2450,4462,7907,771,1618,4177,4756,4952,6528,7688,7679,5732,3934
5429: 23,5965,2994,2869,3411,4945,5465,155
5430: 7858,1402,8163,2761,3986,3313,67
5431: 6707,2451,6657,4595,967,9,1023,1753,3195,7393,1542,3763,5657,3122
5432: 454,4163,2107,3544,8068,1928,4836,3314,1165
5433: 5539,4767,159,7937,3995,3685,3528,649,7943,6584,1985,1056
5434: 7440,637,4433,2824,4072,37
5435: 5641,1679,2576,5404,4572,2880,5271
5436: 3290,1394,6516,5602,6918,6706,893,2862,2040
5437: 974,1822,7848,4887,4104,7658,2665,6801,2699,492,6682,2013
5438: 5776,8070,6100,7740,4090,3532,7786,2279
5439: 1526,6242,724,5574,4055,5886,5339,6227,1042,231,6188,767
5440: 2563,3136,2594,5138,2048,6696,2496,8029,3689,1288,4923,7518
5441: 8171,8025,1369,74,2426,7718
5442: 1723,1737,6440,3732,5692,7279,2655,3332,6907
5443: 5529,1217,300,5089,2932,7910,6535,802,5505,2832,4809,5599,1933
5444: 5661,5083,188,1977,1130,823
5445: 2091,6598,6260,1513,3410,1240,1828,4698
5446: 5492,4287,1264,633,7373,841
5447: 7210,4193,1150,1800,2324,390,2327,6918,1493,2404,7630,2862
5448: 39,7674,2619,1913,4183,5563,5571,2248,2394,7507
5449: 5010,7669,2203,7726,5175,1932,1208,4811,2751,3940,644,1267,5747,2876
5450: 1312,1065,3142,6265,1915,5644
5451: 7337,86,4054,4379,1778,3870,6481,6527,3977,8030,1984,992,7839,1178
5452: 17,1175,5376,1066,2702,342,1835,5105,2471,5334,6455
5453: 3016,1389,7511,6903,2483,77,5496,2060,5156,5332,1068,4614,4944,6611,2886
5454: 3186,4382,6678,6169,4538,5902,7269,2355,518,3402,8154,4601
5455: 7547,2222,1467,1349,825,5565,7655,7510,4156,1911,5254,4828
5456: 848,1057,7692,4283,4622,2059,1845
5457: 3439,2833,2226,4102,5393,6574,2599,5736,6697,210,207,1370
5458: 6978,3355,4216,573,4241,1912,7853,2626,1225,311,6112,865,4401,3840
5459: 3771,6774,1346,3647,972,1595,7042,7835,2160,497,2797,6559
5460: 3962,1136,3607,2356,1949,7739
5461: 2196,1003,4059,4930,7205,2735,4994,3580,4587,315,7505
5462: 6445,1623,6129,412,4554
5463: 2223,5237,1318,950,7403,3869,792,4910,189,7967,1144
5464: 4440,3939,6209,6961,933,2600,7816,3335,48,7545,7319,7012
5465: 3045,1390,3168,5904,23,2994,5429,2014,4945,2474
5466: 208,3862,8128,3914,5663,1574,6572,6615,3196,979,3424,2035,5768,6609,6802
5467: 2497,5930,593,3811,4146,2116
5468: 6320,1254,7123,2686,5100,3648,88,6303,1889,3802,6,6629
5469: 4859,654,762,4404,5398,4426,1866,1299
5470: 1659,2387,7296,6217,199,8127,2657,4958,3547,2774,4263,8120,1226
5471: 1067,5043,2823,554,7423,998,2444
5472: 4888,4866,1634,8116,2452,5158,632
5473: 1856,7048,3046,2092,4405,7361
5474: 1559,3859,4651,7899,3619,2080,7103,7016,123,2109,7787,2373
5475: 7435,3921,3866,5961,2991,3268,5416,6413,1499
5476: 3988,2485,3996,7962,7024,469
5477: 5670,4075,1744,2089,4331,4281,5726,1094,4588,7647
5478: 4026,7360,4559,4784,1476,2206,1005,4717,5749,2376
5479: 4284,3507,3715,2954,6996,568,4388,7290,3961,5791,7649,7711
5480: 1441,226,4306,2491,2671,1245,1727
5481: 7716,2829,824,5613,310,6969
5482: 1537,2914,6343,3333,4226,3114,7304,1613,131,7971,5509,6438,7121,7876,322
5483: 7150,4580,3248,2012
5484: 5303,3788,7782,4414,7896,127,2597,6703,1319
5485: 3745,7385,4468,1301,6018,3997,245
5486: 6293,5195,6484,4780,2026,2845,402,6929,1035,3530,5897,945
5487: 3932,3868,1709,4063,597,118,2260,1857,4664,4240,5326,1983
5488: 655,572,7195,7211,2390,7149,1382,4880,6379
5489: 5818,2094,5124,2692,7400,6682,2013,974,1822,4431
5490: 307,6937,2627,4218,2357,5636,1326,835
5491: 2196,1956,4587,4860,7911,6549,610,2933,7547,6864,3497,7510
5492: 1729,1264,5446,841,3790,1128
5493: 2846,775,3838,365,1805,2776,7792
5494: 4292,278,929,3316,3655,2728,7344
5495: 4386,2601,5049,2059,1845,4283,6852,0,3812
5496: 3016,1389,2483,77,2060,5453,4209,1068,5498,4614,7331,1557,6611,2886
5497: 986,7321,1243,4724,2267,6526
5498: 3924,1068,6503,791,6206,4614,4897,4944,1389,2483,5496,7418,7331,2886
5499: 496,795,2200,3220,6733,5214
5500: 3933,529,3670,1754,6412,1915
5501: 5392,4270,2061,3413,3578,2721,1188,7526,1002,765,2110,5679
5502: 3012,777,2280,1282,7314,6853,232,7027,6238,7340,2690,1793,6192,7013,833,3165
5503: 6037,4372,1154,3192,4659,6417,3065,2730,6959,1797,5796,2069,722,5387
5504: 1387,2911,6404,3566,5999,1010
5505: 1217,5443,300,5089,7910,802,1769,8105,7756,1615,4809,5599,1933,5786
5506: 3132,3229,6892,7857,643,3841,758,7855,4909,6104,458,3445,3744,6571,149
5507: 4314,3204,5723,3668,5652,656
5508: 4782,3133,3839,840,784,8020,2047
5509: 676,2385,3506,5750,3860,2398,7971,4670,3114,131,5482,6438,7121,7876,322
5510: 8119,5385,5619,3861,6878,4295,150,4808,3301,7999,2656,1151,5839
5511: 7666,2636,3567,586,4521,6846
5512: 3249,2602,5257,1942,6048,5617
5513: 1959,3498,7644,5059,2988,3845
5514: 3066,5867,3431,714,2141,7775,4778,6439,3848,4752,3636,6765
5515: 110,3364,657,260,4066,4899,4242,2038
5516: 1923,5702,4293,6884,347,2102,3499,7858,5273
5517: 5640,1446,5295,5690,4188,3729,6283,7034,658,2285,3023,5935,367,6974
5518: 2021,3439,3645,5393,6052,6860,80,1247,5826,2427,534,6632,6818
5519: 2209,1388,536,3612,4748,7758,7447,4347,2281,601,1827,3347
5520: 6212,3819,5224,679,3281,4093,132
5521: 3253,2217,5572,4960,659,7927,3363
5522: 451,1079,994,6604,2891,1160,4299,2282
5523: 1001,3062,4842,3468,2318,4416,7274,575,372,764,8014,1340
5524: 4124,413,3434,1222,1893,6635,4344,3110,6347,7017,6505,2045
5525: 50,977,1472,7671,4650,5710,7935,5228,3422,5026
5526: 5601,2283,3597,1174,353,6758
5527: 3172,4251,7218,1339,2046,6675,996,6202,1650,7181,2644,4867
5528: 2603,1251,6120,7252,5634,2819
5529: 5443,300,1391,2932,6535,8056,6496,5890,2763,7870,1292,2832
5530: 2269,7204,2473,1244,4788,3678,163,3730,7221,8110,98,65
5531: 2498,2434,6737,6915,7626,1852,1337,5119
5532: 5865,5533,8121,1527,1173,2481,4529,660,6043,3751,803,5225
5533: 5532,2736,5865,8121,2481,4529,4589,1480,6919,373,1393,7832,408
5534: 4354,1496,4262,2056,1646,1628,2499,5253,4051,7209,34
5535: 2091,3454,5549,6260,6872,5331,186,3568
5536: 3916,116,3048,2945,1807,345,4402,7489,1616,5841,675,4885,2500,3093,1941,4180
5537: 6992,1680,3515,286,2319,6794,7567,1814,4127
5538: 4470,1749,223,609,1392,213
5539: 4767,159,3995,4701,3685,5433,1275,305,6177,837,6584,1985
5540: 4257,744,4211,4064,4590
5541: 107,5355,1986,7583,2117,3520,2713,4169,1444,4289,7184,8165
5542: 3147,6406,2311,5420,1245,6457,922,8003,2491
5543: 2247,4264,3352,6366,6198,1095,1231
5544: 2507,6278,4502,1533,3963,1987,282,4057,7438,7386
5545: 5273,3569,4816,1923,6006,4134,151
5546: 3082,4911,6012,2493,5076,1681
5547: 3987,2049,8136,8059,8170,8110,98,3134,65,2473,1244
5548: 5789,3759,3257,1176,5040,661,1824,6666,3171
5549: 3454,195,5535,1224,5821,3568,4368,482
5550: 5067,3500,4645,942,6621,3741,3736
5551: 3638,4904,431,2918,531,7304,3822,1613,801,5055,131,6547,6942,5693,6343
5552: 7472,1768,1529,3326,1662,3259,7073,5066,7675
5553: 373,1537,1256,539,6170,2777,6488,1393,6030,4597,3241,3333,7046,4675,1480
5554: 3868,597,2260,7961,4664,4240,1173,660,6043,3751,5225,2666
5555: 7811,2471,3034,1506,2279,6302,725,15,3286,7740,6813
5556: 2134,7187,6321,580,260,7379
5557: 6233,6235,7001,6932,7985,3349
5558: 7267,5605,2521,2572,7776,2284
5559: 3998,5847,471,1488,1989,7039
5560: 694,6972,7831,2167,7928,3631,8141
5561: 1709,4063,1857,4240,5326,3502,4893,5945,1597,7026,6533,2527,7044
5562: 2518,6671,2391,2859,2992,7237,7285,3315,5165,1486,557,5187
5563: 6904,1913,1265,5413,3033,1548,2036,6082,5571,2250,5448
5564: 4073,4439,1576,4488,7250,6461,3228,2147,6358,6856,2106,7082
5565: 5070,5455,825,7655,2147,2488,4488,4156,1911,6856,2106,7082
5566: 3602,3937,1710,2705,6451,5958,8053,7135,5720
5567: 3164,5988,3262,3732,4792,616,8157,509,1266,2714,4780
5568: 3155,4533,6874,6608,2775,1648,7479,7063,222,3505,5697,7146
5569: 1905,5018,1934,4541,3720,5176,5974,2834,7596,1370,2062,914
5570: 7424,7328,3722,1069,5996,3697,4189,535,6655,7392,8153,6689,7182,4435,3116
5571: 1913,1265,1548,4183,5563,39,5448,3893,7674,2619
5572: 926,3253,2576,5521,1084,4960,4285,659
5573: 7447,6776,2839,763,5424,3044,5249,493,4429,2172,456,4347,4256
5574: 7564,5439,1526,6242,2781,724,4323,6227,2274,2313,1867,8125,3283
5575: 1929,4592,3683,6194,2585,4719,4881,7862,5659,2145,1096,3123
5576: 6944,1916,4496,5651,2898,1036,3999
5577: 1948,1659,3254,7425,5808,7047,7296,736,1377,2182,6443,2017
5578: 2751,7586,5953,3940,3570,869,3342,1267,2001,2790,4561,2071,455,1584,843,6428
5579: 5099,800,3160,5910,5407,1161,1246,3577,7634,5738,2966,808,2506
5580: 698,1344,1641,1930,6541,7797,6152,7913,857,1320,7307,2310,2689
5581: 4022,2188,6891,1097,6191,2676
5582: 7707,643,3841,7855,1232,7963,4105,4909,6664,130,2135,3846,3359,4320,6166
5583: 3325,3571,4683,5181,7007,6583,1466,7636,5647,22,253
5584: 2669,528,3176,7141,2136,2708,1354,1213,6184,5797,898
5585: 1451,1235,3571,4683,653,3596,414,3953
5586: 6647,5822,5864,2438,3102,1534,7755,807,1478,2664,487
5587: 4411,527,7828,5611,3680,1821
5588: 1896,6893,7036,1396,236,3952,7954,1070,2940,5714,5239,4492
5589: 954,42,3274,7684,2428,6636,7543,8038,1638,5379,6862,2995
5590: 7869,3534,4874,2358,1357,880,6731,4986,753,4925
5591: 6937,1765,2680,5013,4225,3774,7283,3269,2063,6956,3155
5592: 222,2018,3505,4533,6874,5776,139,1008,1515,2342,7146
5593: 1498,5991,4981,2955,1400,4464
5594: 6281,6744,380,3419,1498,4981
5595: 2809,3728,2535,7549,1263,5369
5596: 6067,6850,5150,3122,2224,5204,635,4584,3778,4527,1527,2461
5597: 4549,3477,5241,8150,1355,3671,6555,5781,7302,1747,2305,7810
5598: 2670,7756,5109,975,3756,355,5888,5727,7394,3906,4573,2095,3785
5599: 1308,1615,4809,1933,1217,5443,802,5505,3761,8105,3339,5786,6138
5600: 2359,7819,6320,1254,1321,2544,6705,7829,542,4390,4062,7174
5601: 2283,5180,3597,1174,6879,5526,353,6474,1118
5602: 2738,3290,3928,5436,587,1394,6516,1552,2327,893,2862
5603: 3554,5282,797,140,8190,1805,2776,7436,6613
5604: 520,2837,3572,3946,2503,4311,5716
5605: 5558,6098,6004,2521,2572,861
5606: 7099,6116,237,2679,4877,3583,6772,6339,3190,6721,3573,1830
5607: 5742,5301,1475,5957,2957,3375,6690,3218,1071,4318,71,746
5608: 1289,6211,2573
5609: 271,4972,1312,4,6265,749
5610: 2230,4221,1815,2694,2970,6299,976,192
5611: 5587,527,7828,6606,1804,3820
5612: 7965,2360,3211,295,3354,599,6461,647,5137,6023,6358,6593
5613: 2605,4476,824,4562,5481,2829
5614: 1092,5226,4733,7246,3503,6449,3318,3606,2120
5615: 4215,3734,1914,6834,6597,885
5616: 4693,5417,1846,8092,2015,3591
5617: 7173,2225,3115,7745,2602,5512,6048
5618: 3545,6382,4970,3397,1408,6039,8090,6578,1276,3145,6162,1863,668
5619: 2502,8119,5385,2164,2857,3861,3913,5510,4643,6878,4295,2656
5620: 7318,2374,5915,5103,3793,4132,446,6257,3801,4357,1656,3135,1964
5621: 17,1175,5376,1066,2322,6844,4764,1113,6419,2466
5622: 6094,691,3791,26,662,3896
5623: 4946,486,4101,2429,68
5624: 6354,1557,3731,3383,4820,3630,4176,1162,2886,7631,7598,613,405,2574,7331
5625: 2494,5203,662,1996,6146,3896
5626: 4851,1817,2302,4293,8123,1816
5627: 4279,3917,726,4025,3289,6359
5628: 764,3524,4227,5660,4403,1473,8014,7031,6987,360,5029,6401
5629: 655,7211,545,6379,2611,5979,5044,2501
5630: 5213,1083,2518,1029,6671,3179,6064,2391,2859,2992,4878,2263
5631: 3511,1669,7372,798,3739,5290
5632: 6663,1777,7333,7101,4044,6224,1409,3562,4846,4583,1637,3472,526,7102,5375
5633: 1540,7336,2707,6567,3120,3067,4750,7919,6190,288,6804,2987,6342,1920
5634: 1682,7252,1717,6477,5528,2603
5635: 5308,2422,6424,2070,4028,6446,1271,7529
5636: 2357,1176,3706,5040,6103,1326,5490,7202
5637: 2575,887,1972,6746,3830
5638: 2550,2423,3695,4116,1177,885
5639: 7186,5221,3589,2706,2672,6115,862,6453,6386,2067
5640: 1726,3707,1446,5295,5690,4188,1098,5517,6283,658,2285,367,6796,6974,270
5641: 2576,5435,5404,7625,3708,1290,5271
5642: 1709,4063,597,7961,4664,4240,3502,4893,1988,2447,4551,3279,3751
5643: 7088,6607,4350,1072,1199,4853
5644: 3652,6036,5450,1065,1915,529,4450
5645: 3014,5755,6714,6442,6047,2677,6435,7213,3105,863,7903,2430
5646: 8039,1550,6277,4484,2756,7777,6926,6295,2137,7947,3482,183
5647: 4569,22,253,2143,1466,1073,3571,5583,5181,7037,3032,7636
5648: 1704,4623,4026,3892,6817,2064,3749,6388,7582
5649: 2431,6272,5016,2297,4148,7611,704,148,1795,1958
5650: 5672,2528,4456,353,3709,7060,1673
5651: 1916,5576,4496,6750,3999,1952,5252
5652: 4314,5723,4000,5507,7300,1758
5653: 4886,6398,4234,1861,3514,2959,3079,7731,3255,1470,7473
5654: 1099,317,7085,4936,2298,7746
5655: 1214,7585,3649,1013,3015
5656: 3256,1855,2939,7609,5967,6761
5657: 3195,2443,1542,519,2923,2489,4224,4312,1482,5431,967,9,4854
5658: 5219,6178,2900,7038,2779,3824
5659: 2413,1929,4592,6194,5575,4881,7862,7741,2266,2432,1096,4200
5660: 764,4227,7228,4403,2074,1473,3382,1340,6987,360,5628,341
5661: 5444,4967,1977,6157,823,4074
5662: 8121,1527,4529,803,5225,6479,7393,3763,6707,6067,3122,2224,4527
5663: 208,8161,5466,3862,8128,3914,6572,3990,1702,6615,3424,2035,6609,6802
5664: 985,1571,3068,6066,6123,7136
5665: 7752,3504,1822,7077,3341,7848,4887,4431,3966,6312,7540,1738
5666: 5853,6311,2065,1884,7959,6881,3696,3465,7872,19,2025
5667: 4991,3112,1220,6487,394,3080,7080,5759,6502,1567,4642,2425
5668: 5846,897,2088,5691,3275
5669: 4762,4119,2221,1474,4855,3782,1121,5680,6726,4502
5670: 4075,4331,4281,5477,3681,1094,4930,171,209,7647,6165,7839,6599
5671: 4430,7688,2515,2312,2752,934,2264,3934,2433,2560,4493,4751,6480,625
5672: 5650,2528,353,6758,6684,6415
5673: 3109,273,2807,3970,437,3669,7200,4353,1049,4172,2716,4928,3629,3667,4500
5674: 5676,727,4685,5183,1989
5675: 6317,7849,3085,2925,444,2442,4458,1984,1178,2792,4379,1778,4178,6481
5676: 8067,3309,5674,727
5677: 7865,7105,5809,3710,5987,6580,4922,6659,1100,2259,666,5683
5678: 422,4927,4465,699,2025,2066,6630,3128,7915
5679: 765,2110,4206,5396,2721,1188,4270,5501,1002,7886,2896,4471
5680: 2767,4734,6726,4502,858,2221,4359,2778,5669,4902,4779
5681: 7800,1931,3096,7401,1842,913,5877,1491,2120,4100,5328,7246
5682: 3575,4947,782,7817,4570,3804,3188
5683: 4982,2800,1100,2259,666,2417,5909,7105,3710,5677,4922,4231
5684: 2586,8091,2606,5372,7133,3095
5685: 3711,8155,7068,6171,1110,3673
5686: 3781,804,44,7066
5687: 6849,2460,1790,624,7678,1179,7568,6053,2621,2400,8008,1477,5799,435,706
5688: 2494,1180,662,11,691,5336
5689: 5896,2192,2261,4271,3576,1091
5690: 5640,3707,1446,5284,5295,875,4188,1098,6964,5517,658,2285,3023,6974
5691: 5668,1191,3275
5692: 1723,1737,6440,3418,354,3732,5442,6225,2655
5693: 1256,2777,4597,6343,3241,3333,3328,3170,6547,531,801,5551,7046,2377
5694: 2201,275,2542,1395,1182,5724,542,7174,3365,2241,6368
5695: 6789,1362,31,7199,6255,1430,4007,8049,7395,544,1148,3203,7541,1635
5696: 6234,3100,2067,7448,383,6392,552
5697: 2063,4207,969,222,3505,6956,5091,3155,2775,5568
5698: 2498,3776,4214,2434,2696,6737,1047,6394,2765,4723
5699: 1566,2588,2016,4619,6960,4722,3126,6110,2852,7989,4932,707,1995,4377,4787
5700: 5188,7843,5036,3133,3839,2435,646
5701: 3806,773,5422,740,6865,2303,6897,7157,1837,6148,6475,7553,7952,620,6779,7500
5702: 5516,6884,1910,2102,5366,2570,2806,2361,6898
5703: 6645,3206,8045,2763,2883,3919,2436,6226,3399,7870,8084,1954
5704: 5941,1074,4001,184,1917,1921,6788,7960,567,7029,7217
5705: 3034,6302,3286,7056,3712,1817,1910,5366,772
5706: 2792,7230,547,4178,6481,4150,2508,6783,444,4307,1181,1416,448,7091
5707: 7214,1424,2265,8098,6581,874,7277,3116,1358,2197,2068,5017,7182,8142,1449,515
5708: 8183,1622,5300,3556,3500,3741
5709: 7095,1840,4956
5710: 3403,977,6204,1472,8072,7671,5525,4650,2005,5026
5711: 4492,8172,7753,3478,6569,1896,2502,2977,3913,3094,6539,2045
5712: 191,6674,1918,5980,7788,4014
5713: 2607,1483,7838,6720,2545,4557,5775,4166,1037,2236,6770,959
5714: 5588,6553,6893,5900,1396,7954,3380,256,3971,6777,1489,5241,5239
5715: 439,2513,6582,4758,805,2220,5786,6138,3139,1135,7712,5000
5716: 1145,1090,3553,4175,520,1445,2503,5604
5717: 1463,5046,128,7926,1471,3833,3111,7665,1074,4001,1917,7029
5718: 2201,2371,5978,3261,275,7311,3365,6368,5023,955
5719: 5419,2326,4162,2362,4368,482,3277,2208
5720: 918,5936,1273,3401,1397,2705,8053,3193,5566,7188,6292
5721: 1317,4076,5285,7310,5056,7939,1549,919,4545,6917,7553,8028,1802,6148
5722: 5885,2211,1398,3438,7177,6592,4430,5732,2264,3934,2560,1618,4177,447
5723: 3204,5652,4000,5507,3766,8149
5724: 1182,6172,4062,7302,2158,475,1747,5694,2542,1395,4437,542
5725: 1052,7397,6407,1359,2928,1710,2705,6451,3193,752
5726: 2442,1895,1744,2089,4281,894,546,5062,4458,5477,3681,1094,2661,6317,2925
5727: 1693,6768,2343,7394,7663,4573,2095,3756,355,5598,5888,6051,3785
5728: 6289,4008,895,6752,3651,2227,5993,1041,2938,224,1249,7892,5426,5753
5729: 3552,8159,2157,7426,3794,1132
5730: 2363,1025,3384,769,6078,111,5951,2410,1465,7517,3865,7764,1657,3613
5731: 7215,733,3827,7109,1142,6232,7944,3173,3117,1541,2856
5732: 4430,7688,7679,2264,3934,2433,4462,1618,4177,5428,5885,5722,1398,6592,447
5733: 2327,5891,2986,4692,7630,1228,2738,3928,5286,664
5734: 8167,767,7072,1797,1627,6227,1042,3698,3559,629,4250,8164,2069
5735: 8104,63,3361,2437,4611,6085,2413,1756,4696,8013,6408,3161
5736: 3439,5457,2833,2226,4102,1607,2599,6052,6697,6860,6365,1925
5737: 570,212,4558,1780,6336,7020,678,6687,3174,4029,6981,2384,1117
5738: 800,3160,5910,5579,5407,1161,1246,3577,7324,5973,4798,2966,1325,808
5739: 8180,6188,2577,7111,799,6256,3555,6698,4955,1689,2908,5976
5740: 8097,4891,7605,3412,1585,2029,7672,978,569,4534,3378,3232
5741: 686,316,60,421,3063,7603,1616,7482,3350,7065,4630,5299,6507,4269,3048,8048
5742: 6718,928,2610,5301,1475,2757,7802,5607,2957,3375,4318,71,746
5743: 4077,3743,6152,3874,1718,434,857,12,7544,6506,7686,7668
5744: 1579,5207,145,7139,3351,4468,1301
5745: 1991,5854,4464,7953,1810,2673
5746: 5108,1591,7107,3404,4883,703,1192,3420,5878,2351,8019,6885
5747: 198,2751,3940,3570,644,3342,1267,4561,7669,7726,1932,5449,2420
5748: 4407,8187,1521,3022,564,5955
5749: 4717,7488,2376,194,5478,1476,4906,6854,626,1671
5750: 676,2385,3506,248,7539,631,3860,4195,2398,7971,4670,5509,5825,1510
5751: 2638,2504,4545,5000,6917,1135,7712,6582,2220,1750,251,3296
5752: 2044,7979,1841,6773,6050,4606,2907,7179,320,4596,6273,3355,3851
5753: 3140,503,6503,3000,6759,4897,6289,3651,2227,7892,5728,5916,5942,5167
5754: 7046,2377,3980,8052,1863,361,7126,3328,5294,156,6547,6473,2777
5755: 3014,5645,1258,2416,6714,6442,2677,93,7903,2430,3013,4015
5756: 1248,2737,1906,2468,6603,2030,8126,2453,5962,763,5424,5163,2172,4256,3521
5757: 2497,7,5930,4268,1495,1568
5758: 5333,2093,3035,6040,4079,2159,4583,4843,1305,5238,3562,7102
5759: 6502,5988,3922,1567,2999,2714,4642,663,4991,3080,5667,7080
5760: 5392,2773,43,674,6648,2061,2537,6396,6469,3079,1539
5761: 3832,5031,7618,1606,8140,3844,1794,104,1140,6809,3175,623
5762: 1683,3777,7990,3981,843,1580,3215,7439,4895,6428,6573,6939,7356,7586,455,1584
5763: 8076,2793,141,3579,2910,7332
5764: 216,2032,6679,8134,6782,6133,6269,6329,6390,2915,3660,2202,672,1938,2771
5765: 4939,5220,2286,1649,1758,7792
5766: 2138,627,7139,7696,3351,2816
5767: 108,1907,7388,1614,7319,399,8169,6589,3250,6542,2393,3335
5768: 426,3196,7345,979,3424,5803,2035,4097,6609,6802,261,5466,1574
5769: 1156,4412,2263,4781,3039,7237,1083,2518,2391,2992,557
5770: 7128,4989,2336,4830,1353,4078,6763,4376,75,4918,1006,5946
5771: 4452,1101,1452,4688,1019,3163,7623,6718,3975,2610,4255,7802
5772: 6986,1120,6660,5050,3040,2750,5349,3564,2332,768,3755,3742
5773: 3112,6282,1220,2163,394,7080,200,2008,1567,164,806,7196
5774: 1655,3974,7282,294,3713,4772
5775: 2607,5713,6720,7755,4037,1037,2236,807,6647,2438,52,3102
5776: 6100,139,5438,4090,1008,7786,5592,1515,2342,1934,3720
5777: 7160,3677,3162,4324,3834,3240,4184,1638,5379,4799,7684,2428,2161,7543
5778: 1872,5330,1647,2567,3479,3097
5779: 642,1229,2275,4884,2304,3113,7087,3390,7119,234,4406,6638
5780: 2649,3594,5293,5014,5063,2505
5781: 7302,2023,7798,2158,5985,2305,256,5597,3971,5241,8150,761
5782: 3748,3024,6815,2657,732,4084,8026,3547,3397,263,8120,8090,1226
5783: 6686,8112,6364,2980,1788,2904
5784: 1968,6753,1880,2578,1034,4679,5085,4677,2842,2893
5785: 1748,4443,5153,2419,5196,3561,958
5786: 2513,3339,5715,805,6138,802,5505,7502,8105,3139,1615,4809,5599
5787: 6113,7766,2287,1924,7973,1368,1643,2146,47,4369,4275,3560
5788: 1471,7905,7706,4759,4631,1532,3389,2579,3111,6273,2907
5789: 3257,5548,1176,3706,6551,5279,1832
5790: 4969,820,3714,6247,1332,2176
5791: 2513,3961,4758,4161,7649,7711,6134,7290,2958,3507,2954,568,5479
5792: 2254,3276,4598,701,902,1876,7390
5793: 757,3471,6549,5096,1438,2288,7012,7515,1971,7816,48
5794: 5929,980,380,7241,3956,1089
5795: 5382,2289,2650,5291,5098,6508,1469,4700,2411,3982,7654,7677,4841
5796: 4624,4856,72,8164,2069,2730,5503,3065,2984,7548,722,1131,4879,5387
5797: 4155,5130,6184,112,3417,2139,898,5584,2708,2582,5114,718
5798: 3942,743,4252,2070,789,4731,1371
5799: 2400,8008,556,1477,1315,4130,4159,4160,5118,5687,1179,2621,706,2352
5800: 8040,6409,4303,4582,3777,843,4895,7586,2790,2071,58,1088,7571,2050
5801: 1666,5950,1875,4032,221,7023,366,790,3487,3489,4363,4272,6395,6147,4835,5111,3098
5802: 2487,3978,8044,2993,2734,826,6402,4237,89,7851,7019,4805,5357,7633,5879
5803: 7345,979,2035,5238,2467,4613,5768,7059,6609,2555,261,3558,7687,4079,2159
5804: 497,1803,7351,5079,3367,364,7355,2299,2078,7334,2140,7835
5805: 2273,4839,1309,473,3205,4612
5806: 7376,1894,3863,2913,4393,2818
5807: 2820,859,3209,5196,7298,1543
5808: 5856,144,1659,3254,1322,7425,5577,3019,3757,8093,4555,2017
5809: 7865,7105,1213,3710,6771,738,5677,5987,4922,1100,3176,228
5810: 3584,3585,6144,1236,981,6142
5811: 3758,1411,2946,3598,830,6483
5812: 1890,3426,222,2018,5911,139,1690,5998,1008
5813: 2209,2156,1388,1384,896,6683,8127,2949,5856,2387,1322,101
5814: 1653,2451,6657,967,4212,9,1639,1753,6681,4352,3235,371
5815: 914,2580,3836,7805,4870,6659,2062,1731,2800,2427,666,7229
5816: 1990,3197,4050,1859,4427,7193,87,7878,3897,6805,4330,3263
5817: 1441,3337,3414,4663,3682,1868,6353,7860,4306,7555
5818: 2232,7389,5489,7497,6005,2094,5346,5124,2692,7400,2013,1822,553
5819: 5230,827,1316,7440,637,4562
5820: 3282,1380,4767,7937,3177,3685,6223,4423,1298,3528,5198,649
5821: 648,3568,5164,5549,3277,6403,482
5822: 5864,5586,2803,1534,6367,62,4990,2409,4444,1478,2664,7216
5823: 2359,1254,1321,6705,4390,3531,7981,3663,88,5263,3972,2805
5824: 6425,1581,94,4048,7158,5959,3792,973,3549,7773,1517
5825: 676,3506,5750,943,631,4195,1993,4670,2478,5240,6055,4080,6500,7451
5826: 4982,1247,2427,7229,5909,534,2021,3645,7715,6052,5518,6632
5827: 3051,1551,4916,6927,8033,4539,636,7560,1974,169,2993,2734,826,7633,5879
5828: 4333,5035,3136,2594,1850,1629,2496,3104,997,3270
5829: 1905,2342,5018,2608,207,1043,4533,7479,3831,3005,6670,6574
5830: 1102,5351,4503,1980,5169,2633
5831: 2616,1239,5289,1564,3150,651,3475,8126,1935,7093,5315,2453,5962,4868
5832: 7940,3340,1158,4608,4011,6667,7505,7052,5371,1003,2735,3580
5833: 1636,111,8185,2203,7726,1932,1208,4811,6350,6380,3244,1257,3613
5834: 7704,293,6008,7130,2805,6539,3531,603,1106,6569,860,2175
5835: 3145,3358,1863,361,7126,8026,5939,3659,156,1507,6473,3545,4970,3397
5836: 4354,1496,7427,2056,4239,2499,339,5253,4475,3581,1011
5837: 6285,3614,1994,3849,1695,2122,4467,2506,270,6076,33,2320,5099
5838: 3451,7312,1361,7471,4383,4735,1919
5839: 3627,352,2175,6833,2656,1151,2364,5385,2857,3861,5510,860
5840: 6445,412,3078,4632
5841: 7489,421,7603,1616,3048,2945,1807,5536,675,810,4514,4885,6436,2500,3093,4180
5842: 4313,166,1853,6220,7412,1342
5843: 3650,4924,6044,1115,317,7085
5844: 3453,3229,6892,758,1792,5126,6104,7090,7681,6369,1813,3445,4043,2171,6876,7096
5845: 7371,3847,901,3884,7339,840
5846: 5668,6601,897
5847: 5559,471,4069,7039,4030,7377
5848: 3885,3509,6935,3637,1806,4776,417
5849: 7648,7190,1888,2808,1347,936,4474
5850: 264,6062,4674,1705,1500,6827
5851: 5423,7803,6390,6476,3715,984,6996,568,2090,203,443,990,3660,1436,5949
5852: 1479,3992,3068
5853: 6311,2065,1884,3183,2765,1168,7235,665,5093,4723,5666
5854: 5745,1400,1991,471,4069,4464
5855: 451,1992,3258,3985,8160,7155,4954,6604
5856: 144,1659,3254,2387,1322,101,7425,5808,7047,5813,3757,2949
5857: 6606,2700,3820,1740,3154,1103
5858: 3252,3674,1555,1516,4036,1684
5859: 7945,4646,2967,2694,982,7434,4223
5860: 7286,1685,3302,4482,6001,2631,1331,122,6245,6949,4987,6114,6246,3456,308
5861: 1594,1786,5365,6164,4326,3073,641,7330,7295,2956
5862: 2633,1184,2278,2899,7576,2649
5863: 7993,2749,6845,3227,1104,3151,179,7879,6596,508
5864: 5822,5586,2438,3102,499,2803,1534,7380,6367,2409,1478,487
5865: 3279,5532,5533,1173,2481,660,3751,1480,373,6170,6488,1988,1393,6030
5866: 3317,6287,2085,2439,6764,7864,126,3786
5867: 3066,5514,6831,2141,6439,3223,3848,4327,6692,6688,1759,3636,6765
5868: 3380,2866,710,6777,1489,1081,4976,713,2511,548,4729,6553,5900
5869: 6589,4341,1503,517,2019,3437,2813,3224,6542,2715,7327
5870: 2020,3483,6124,5282,7710,797,566,6613,2934
5871: 4081,4974,1261,3626,56,1087
5872: 2943,995,4581,2510,2924,6019
5873: 7977,5989,921,1198,7051,3716,7771,6002
5874: 277,2440,4953,3668,4617,2516
5875: 5304,2103,7010,3540,5217,1617,465,6820
5876: 5929,357,6281,3440,4730,3864
5877: 1842,913,3772,6470,5681,7800,1491,3903,2903,4100,5328
5878: 5108,703,3420,5746,6558,459,2581,5963,6885,175,1352,4540
5879: 2993,2734,4805,5357,5802,1551,262,4539,636,5827,4082,631,1510,5240
5880: 3717,3050,1119,7383,1146,1404
5881: 6924,2330,3352,6366,1530,6198,6596,787
5882: 3837,954,5015,2204,2428,2161,7543,7769,6341,7620,908,356,7513,5898
5883: 7965,6670,2360,3800,295,7794,3354,599,210,6365,7762,6697
5884: 6568,205,1472,786,3326,3259,1461,3422,5026
5885: 2556,379,5722,3409,2211,1398,3438,6244,7177,6592,4430,5732,1618,543
5886: 1288,7359,5439,1526,6242,2781,3550,724,4055,5339,3295,231
5887: 3699,7291,2123,917,5110,6342,4053,5269,1920,7317,1540,165
5888: 1308,7756,2832,975,3756,355,5598,1933,300,8056,5727,7663,3906,2095
5889: 3935,4070,7463,403,2424,7924
5890: 6496,1583,3206,2763,2883,2436,7870,5529,2313,1391,6535,8056
5891: 5733,2327,1493,2986,4692,7166,2404,4330,7630,2738
5892: 4722,2368,3126,3395,8018,4862,1399,3416,7598,4820,2463,6014,2588,6960
5893: 6643,7549,7836,3784,1878,2809,167
5894: 570,5409,212,4523,2228,6687,2571,7292,1280,92,7885,3000,1502,1736
5895: 2742,2378,5177
5896: 4489,5689,2192,5275,4434,2190,3576
5897: 3530,4695,945,7690,7429,6929,1035,1268,6293,5486,402
5898: 6354,1557,908,1437,3731,3383,356,7513,3630,4209,2204,5882,6341
5899: 6527,4817,3875,7735,3977,821,8030,1984,2205,992,6165,7839,6599,1209
5900: 6553,6893,1323,2796,5714,7281,2416,4976,713,548,3380,5868,6777
5901: 7638,2854,2582,5003,1672,327,5114,718,1611,4155,112,7231
5902: 3186,4382,7528,2315,5454,1926,900,2206,1005,4601
5903: 3711,424,983,7312,7471,6879
5904: 8058,3045,1390,3168,1172,192,5465,1843,4945
5905: 5184,5308,1578,932,2847,4252,2070
5906: 2414,3207,4721,4644,7055,6658,3726,4896
5907: 6749,504,2365,6399,7422,2894
5908: 3963,6540,404,1987,7473,3381,4855,1121,2507,6726,4502
5909: 1731,4982,1247,2800,5826,2427,666,7229,2417,5683,3645
5910: 5099,1123,5579,5407,1246,3577,7634,5738,33,1325,808,2122,4467,2506
5911: 4207,1890,2712,3426,5812,1825,8095,3405,1690,5998
5912: 1075,1686,3608,7066,1776,5403
5913: 3935,1844,6460,7223,5012,4070
5914: 1610,882,5400,1687,6287,6729,2085,5106,401,6279
5915: 2115,7318,2374,5103,215,5620,6766,1656,3135,2512,7454,2072,6847
5916: 190,2688,2533,3718,4912,3651,2227,2938,1249,7892,5753,6759,281,5167
5917: 6695,7159,5215,4520,4322,6603,708,4083,389,13,7018,7757,1286
5918: 3471,3069,3260,8062,7343,4905,6429,1406,5943,6531,7967
5919: 4157,2802,1105,2583,544,1148,5972,3203,351,5374,3612,2952,7758
5920: 3563,3385,7750,669,7092,7081
5921: 4292,929,7725,3316,7288,677,3158
5922: 3442,6109,1621,2378,6848,1711
5923: 20,301,4172,522,7882,7604,3936,55,1802,4892,5201,6071,6952,6065,1227,8028
5924: 4858,5133,2643,6187,2517,1712,429,268,598,4298,4426,6586
5925: 4083,628,1307,389,13,2180,3099,7917,7700,7261,6955,8145,3003,6585,3462
5926: 3321,6928,1713,5401,559,6729,6984,7022,6537
5927: 1266,7078,2714,1969,2231,4642,2026,2845,663,3922,3080,5421
5928: 1870,4850,3754
5929: 980,357,6281,5876,380,5794
5930: 2497,7,5757,5467,3811,4735
5931: 3599,7905,1378,4759,3389,2794,5045,1092,4733,3503,5335,1632
5932: 1449,3452,3231,7834,3072,6079,5307,5361,7214,2519,4364,838,5340,3643,4013
5933: 600,2381,2028,2872,3795
5934: 3748,6199,7541,732,1635,4140,4907,7931,3600,1362,6238,4007,4926,1793,3165
5935: 3729,8040,6283,2285,3023,2968,1157,1819,4303,4582,3495,7571,1446,5517
5936: 5720,918,3401,3602,2705,8053,7188,3601,6292,239
5937: 7542,1448,2840,4471,4475,1787,5396,4354,339,7579,3581,1011
5938: 297,4477,5005,4612,1080,2366,852
5939: 3748,6815,8026,6642,3659,156,1507,4926,4970,3397,263,5835,7126
5940: 24,3353,2316,6781,4307,7938,1908,1181,4150,4114,2508,5292
5941: 1074,184,7000,5704,1917,3488,1921,6788,7382,5415,3037,8034
5942: 281,2678,7418,613,7293,1058,5167,3651,3924,3140,6503,5753,6759,791,4897
5943: 3624,6429,1406,4910,6531,7967,1144,5231,5237,950,5918,3069,7343
5944: 4085,6501,8057,3957,6416,3892,3288,7759,5971,2482
5945: 4063,5561,3502,2447,1597,4463,196,3356,4591,6533,2795,2527,7044
5946: 5136,1992,8160,4954,5770,4078,6763,6237,75,4918
5947: 2115,3601,1887,2701,1945,4478,3793,2337,4378,3602,6131,7135
5948: 6902,1030,4065,2541,7793,4031
5949: 3660,1425,1436,7469,4315,7233,443,4168,3323,5423,7803,6476,984,5851
5950: 1666,1875,4032,7023,790,6395,6147,4835,5111,5801,6073,3536,3185,3098
5951: 2642,2410,7517,3865,4560,111,8185,6380,7764,3613,3384,769,5730
5952: 6663,809,7847,2129,4142,7101,5296,3156,4260,3119,7103,2109,3796
5953: 7586,3342,2001,4561,5578,5323,455,1584,2367,1523,2941,1190,6798,7884,3215,6428
5954: 2339,2370,2727,5329,560,415,7662,4707,3525,3202,1343,7717,7157,6475
5955: 564,6178,3867,5748,6010,3022
5956: 252,8082,2674,1222,1893,3910,4277,6347,7620,3837,1372,510,7769,2294
5957: 928,1051,4506,5301,1475,5607,2957,3664,6690,225,6715,4191
5958: 538,3602,3937,1710,8053,6131,5566,7135,1887,1945
5959: 2520,6784,5378,4181,243,4449,3792,973,4422,7773,5824,1746
5960: 1734,7414,2606,3886
5961: 4113,7435,3866,5475,1128,6413,841
5962: 651,3475,5831,8126,2453,1248,2737,2468,5756,6015,2839,763,5424,4256,3521
5963: 1677,4294,1608,2609,1156,6558,459,2581,3039,5878,175,7720
5964: 5325,3993,2601,5049,3949,1845,6296,2783,517
5965: 1784,4547,2994,2869,3411,5429,8141,6890,155
5966: 7491,3719,2273,4346,1309,5087,250
5967: 7609,3427,6364,1874,1855,5656
5968: 6828,2233
5969: 3024,732,1635,4140,4084,4907,4958,7199,351,2952,5160,5377,5360
5970: 2675,4215,1914,3945,6699,1881
5971: 4085,8057,7759,5944,4601,1688,2355,7458,3402,1926
5972: 4157,2802,1105,2172,456,7110,4347,3521,5919,763,5249,3612
5973: 2363,1025,7729,7324,3384,6741,639,4687,4798,2966,1325,7840,5738
5974: 5569,4541,3720,5176,2834,7596,7786,15,914,4665,3836,3787
5975: 1051,3975,2610,4255,5301,2301,4973,7802,1742,7998,468,1101
5976: 2469,1892,7705,3555,1689,2908,2810,5739,2577,7111,799,7222
5977: 5015,42,510,6636,8038,3208,7132,4098,3910,4277,7533,3814,588,1418
5978: 2201,2371,5718,7284,3261,275,2542,4663,3365,955
5979: 5412,5044,1673,2501,5629,7060,2611
5980: 5712,7788,4014,3278,849,7619
5981: 2791,4847,6447,2584,4890,138
5982: 850,3353,7809,7069,7938,2616,5289,6577,2684,3150,448,1935,4342
5983: 1297,3508,2493,3876,4356,6314,3798
5984: 6931,689,7536,3076,1922,2871
5985: 5781,3663,2023,7798,7722,2158,475,2305,256,5239,700,761
5986: 3427,565,7689,4373,4400,2904
5987: 7865,5809,1354,1213,5677,4922,6659,8024,528,3176,228,7141
5988: 3164,5759,3107,6990,6310,6502,3922,3262,5567,2999,7464,2714
5989: 5873,1556,1028,7977,921,2290,2539,4962,7771,6002
5990: 2509,527,6606,7368,2874,3154
5991: 5593,7470,2955,2673,935,4464
5992: 1212,675,810,4043,2635,2171,7842,2170,4514,4885,6436,6876,7096,7248,421,7003
5993: 4189,895,6752,3604,2227,1041,224,535,1249,6655,5728,4531,2554,7424,1069
5994: 6091,4800,3721,1381,7154,7933
5995: 1840,689,7536,3470,8043,4086
5996: 2895,45,2554,3979,7424,1789,1820,7328,2480,3722,5570,1069,2741,1771,4524,3697,6689
5997: 1700,2851,2465,6348,6916,6998
5998: 8070,139,4090,1690,6863,2018,5911,5812,6411,2888
5999: 8183,766,1010,5300,1387,5504
6000: 7103,1619,7787,916,7243,3233,208,6588,1574,3196,4142,3665
6001: 1194,7286,1685,5860,6887,3302,4482,6510,2631,6949,6114,1545,3456,308
6002: 457,4418,7771,8085,5873,5989,7051,3716,5213,3473
6003: 2531,7163,3700,4136
6004: 7628,5605,6098,861,2902,6334
6005: 7389,7497,5818,5346,478,6297,219,7878,553,7814,3263,1421
6006: 4134,223,3499,7185,1923,5545,5273
6007: 5052,7459,5023,5427,541,2882,1311,3337,1086,4948
6008: 5263,7704,3972,7130,3583,2805,5834,7496,3531,7981,603,1106
6009: 2207,3679,571,2075,7826,4335,6587,4964,7824,258,4558,1780,6486,2812
6010: 4866,1973,403,3022,5955,3867
6011: 3070,4182,3989,6215,1633,3951
6012: 951,4766,5546,4911,1681,5,7830
6013: 1414,4762,6570,3816,4359,793,7025,1027,2848,5032
6014: 817,2463,2588,1524,6267,488,6960,7598,7254,405,695,6345,4820,7631,4862,5892
6015: 6776,2839,763,5424,6229,4727,4429,2616,2684,651,3475,8126,1935,5962
6016: 4987,6947,314,7167,3516,2029,6513,6246,4487,1109,1871,3378
6017: 3996,1269,6562,1401,2317,6785
6018: 3745,5485,7385,7606,245,2157,3794
6019: 2924,1622,2510,3500,6621,5872
6020: 7883,2640,4002,91,3457,3006
6021: 4508,1691,3460,5260,2125,5144,961,7251,952
6022: 1464,6835,4003,1385,7573,3299,4975,2459
6023: 2788,7670,7220,5137,6358,1589,546,5062,1767,295,3354,5612
6024: 811,3409,854,7799,8132,2211,1398,3438,6244,4552,2560,3870,4370
6025: 3264,3679,571,7129,3436,4173,2084,2075,4335,6587,987,6210,346,1625,5338
6026: 1940,1620,7590,5291,1004,1469,5051,4700,7682,3855,2341,4515,934
6027: 3701,7721,79,864,6220,6807
6028: 1951,6363,7858,1402,8163,2162,3271
6029: 4549,2866,4647,1081,713,2511,5302,6545,4143,2981,2754
6030: 1537,6170,6488,1988,1393,2914,4597,5553,4226,4004,7876,7270,4551,3279,5865
6031: 3325,828,5181,3181,1950,2821,7330,4348,6096,7664,3435
6032: 4470,2698,397,4604,1749,4980
6033: 2691,7898,7378,3535,388,197,7702,2717
6034: 3850,4357,1656,4537,3135,970,2512,1964,4352,2072,4996,5103
6035: 1692,8075,2825,3760,6565,5350,4092,16,1762,583,7441,3476,3025,2039
6036: 5644,3652,6060,1770,1065,529,4450
6037: 4372,7171,7222,309,5503,4659,2469,6959,2810,2577,7111,1797
6038: 8168,7613,3277,2208,7387,2362,46
6039: 3545,5618,6382,2858,3890,7122,2774,1408,4263,8090,6578,66,668
6040: 6560,460,2093,3035,4079,5758,2159,4843,525,1305,4613,1313
6041: 1324,3639,2495,160,3198,2885,4971,711,4621,6570
6042: 1348,3480,7443,6977,770,8181
6043: 5532,1527,1173,3751,5225,3868,5554,4664,4584,2666,2277,5288
6044: 3563,5843,4924,2850,6266,3407,1115
6045: 1250,1252,8042,4655,3221,6163
6046: 2237,2390,1382,4880,4155,3723,2319,6794,7231,7061
6047: 1518,3014,5645,3208,4098,1258,1494,6714,6442,2995,3105,3274
6048: 6704,5512,1942,812,7745,5617
6049: 2739,4716,3248,3178,3635,79
6050: 4713,3724,4606,4309,2907,1632,1159,6491,7179,320,4596,7905,5752
6051: 2681,3930,6824,1383,7968,5399,1693,2343,5727,4573,355,2382,3785,4894
6052: 2021,3439,3645,7715,4102,5393,2599,5736,5518,6860,80,5826
6053: 6955,6849,3518,729,2460,1790,6181,2455,7678,5687,7568,4777,6346,6286,1307
6054: 430,6509,7474,1000,3634,7565,813,3027,2250,3893
6055: 6186,1351,2323,2478,5240,4128,4080,6965,6500,3398,262,631,1993,5825
6056: 851,6971,1693,6768,7827,1318,7403,3869,792,2681,3687,7968,5004
6057: 3071,53,7988,4061,2703,5135
6058: 97,7086,5134,1707,4273,2407,8036,1529,2291
6059: 1379,2758,2443,519,3582,4669,2105,5039,6162,1716,7172,7064,4312
6060: 6036,3222,1770,6594,4450,6760
6061: 7374,619,3509,6935,1836,4056,7492
6062: 264,5850,1705,4087
6063: 1566,4797,3539,4619,6511,5359,4013,411,198,7669,2852,5175,7989,2420
6064: 1083,2518,1029,3179,5630,3473,2859,3593,4483,1198,4878
6065: 2958,4284,1227,3507,568,2090,203,1260,8028,20,3936,55,5201,5923,6071
6066: 6546,985,1571,5664,4091,6126
6067: 5150,3122,2224,5204,4527,5596,2277,3763,5662,1527,803,4595
6068: 1016,1284,989,2353,6431,2292,2121,6268,6566,7699,5318,1193
6069: 814,3687,1433,7433,7968,4741,5004,1285,2268,7964,792,3293,189,6669
6070: 3693,6831,6373,714,6439,2022,3657,728,5116,8173,2219,3523
6071: 20,301,7604,3936,55,1802,2536,4892,5923,6952,6065,1317,4076,5285,7310,8028
6072: 1018,2634,225,6715,2905,4191,6517,7694,7524,2142,3370,6610
6073: 2450,3536,779,2242,7907,771,3185,7206,6528,3098,5950,790,4835,5111,2799
6074: 4088,6750,3999,6102,3511,4018,7406
6075: 185,3566,1785,5319,2872,3795
6076: 3614,1994,3849,2122,7785,6786,5837,1123,7370,3877,4089,836,7212,6190
6077: 7546,1107,2558,7624,3964,2617,6239
6078: 2363,1025,6741,769,5730,2966,1325,808,33,7764,1657,8088,7341
6079: 502,1449,3452,3231,7834,3072,5307,4389,5361,5932,7214,1424,8098,1153,2519
6080: 986,6459,5094,3733,4724,2492
6081: 2888,2534,1816,7767,6863,3712,2302,772
6082: 6904,1265,5413,3033,558,1548,5563,3265,4367
6083: 6425,4248,7930,1581,4005,3430,6258,7430,2186,3404,4883,3101
6084: 3552,8159,2394,6665,949,3510,6812,1663
6085: 3180,120,6771,4259,738,4696,8013,1891,4258,6408,3161,5735
6086: 4235,3770,3138,584
6087: 6930,8010,3266,310,824
6088: 1901,2293,269,1588,2901,7607
6089: 2613,856,6700,5086,3662,604
6090: 7661,2660,4089,847,6909,836,1031,4657,7785,906,3387,6360
6091: 3721,5994,1381,730,6236,358
6092: 3109,620,1403,273,1063,3970,3669,7646,7200,7500,4353,5068,5422,1837,2827
6093: 905,3496,7438,1533,3653,2863,278,7344
6094: 6522,4244,3791,5622,7956,26
6095: 3921,4535,2441,731,3642,7074
6096: 2239,3973,6583,7664,3435,3181,1950,7335,2821,6031
6097: 6458,577,158,6521,3932,118,3058,3823,4438,6306,7708,2753
6098: 7628,1936,5605,6004,6301,2521
6099: 4690,6339,3514,3190,2959,6469,6536,944,3079,1861,6396
6100: 5776,7740,5438,7786,3720,2834,7811,2279,725,15,3787
6101: 2258,1460,7614,4997,4919,2006,5021,7027,2961,6192,4904,431,1528,7493
6102: 3444,4088,5290,6873,6074,3511
6103: 5040,563,5636,661,1326,4466,2870,4706,2627
6104: 3132,3229,7857,643,758,4909,5126,5506,5844,458,1212,3445,4043,4998,6571,206
6105: 7708,3517,899,2446,2160,577,7351,1346,7042,7835,3011,6559
6106: 1872,8080,5330,7877,2639,3780,4819
6107: 3951,6886,1846,6215,1849,6934
6108: 1631,6628,2614,8061,59,7405,855,3813,681,7198,4711,7251
6109: 2267,1621,2378,5922,5177,957
6110: 4722,3126,3395,6668,4329,3416,2016,6960,5699,4932,707,1995,4377,4246,4787
6111: 1324,4445,3198,4902,6570,4359,2778,2479,858,2562
6112: 7979,29,1841,311,5107,6773,1745,6978,3355,5458,3851,1912,7853
6113: 7766,5787,2892,6203,1924,7315,1643,2146,47,3560,340,6713
6114: 1545,3322,6246,3456,7610,2861,6967,308,4327,1109,1194,5860,728,4482,6001
6115: 5221,3589,5639,6389,862,7262,3891,1676,552,2067,7448
6116: 88,237,5606,293,2679,4877,7820,3583,2805,6303,3573,1830
6117: 2309,2143,4280,5222,6677,1779,4556,3414,6353,7555
6118: 2569,1316,2191,4476
6119: 7472,7143,1529,3326,392,2005,2996,6250,1707,4650,6716
6120: 3925,2612,6743,5528,2603,1251
6121: 2042,8183,766,2924,4579,1622
6122: 4978,4220,7049,3675,1904,3182
6123: 985,3068,5664,3725,2426,1479
6124: 2020,396,2962,5870,566,3183,6394,1168,7235
6125: 5140,1057,4283,1126,3912,3512,8112
6126: 3620,4091,7902,1571,6066,6185
6127: 6130,1060,3267,2229,7530,846
6128: 6696,7280,164,1714,6711,2496,806,4681,4775,3104,997,3270
6129: 2524,1623,6938,5462
6130: 5207,6127,513,1060,8118,3267
6131: 538,3602,3937,5958,7135,7031,360,7580,4378,1945,5947
6132: 7230,2983,7337,86,4054,1897,4379,3870,4178,4370,5199,811,8132,4552,3857
6133: 2032,3476,8134,3025,5764,6269,6329,7821,2915,672,1938,4092,16,1692
6134: 4624,2079,7502,3923,2984,7290,2513,3961,5791,2243,7711,2954
6135: 909,6896,6529,4006,5356,304
6136: 5184,5308,4093,2422,266,1525,132,6424
6137: 6710,7772,6485,3726,1939,4721,540,7055
6138: 439,3339,5715,805,2220,5786,1308,3139,1615,5354,4809,5599,7712
6139: 196,6883,3356,5212,7451,3169,4591,3888,7778,3769,1597,3056,4463
6140: 1223,931,4348,1499,3268,1451,4662,4384
6141: 4129,1821,4411,5306,7453,3184
6142: 3584,5810,981,4704,7883,2640
6143: 7893,3871,6812,5077,633,4694,7373,910
6144: 3585,5810,6324,981,1699,671
6145: 7990,169,1580,7942,3872,4577,2235,6939,7356,1974,1561,3074,6318,102,6333,4829
6146: 2104,1996,5203,5625
6147: 5950,1875,4032,7023,790,5801,3536,3185,3098,6634,2799,7226,1573,1812
6148: 773,7717,740,8001,5701,7157,4076,5056,7939,1147,919,5721,7553,2536,7952
6149: 1997,2421,5259,5380,4319,3251
6150: 6989,3873,4594,7484,2273,5087
6151: 6800,782,3804,2144,953,4106
6152: 3743,7797,3874,6572,1718,4219,7913,857,5743,3990,1641,5580
6153: 1327,5281,7278,716,2128,3303
6154: 5115,1314,7866,1903,1300,4375,2547,4174,7709,2145,4823,3683
6155: 951,7584,1328,4911,2559,8107
6156: 5061,3364,657,3727,787,470,7033
6157: 1329,823,5155,5661,5313,4074
6158: 1099,2354,2298,5336,3513,7659
6159: 2677,6435,1278,7213,3450,2137,4609,863,3843,3482,8188,2430
6160: 7048,6787,1427,2815,3357,1243
6161: 8096,3428,62,4510,8122,2475,537,3696,3415,3465,4990,6205
6162: 3145,3358,1716,3980,7172,1863,5618,6382,4970,1276,668,6059,3582,2105
6163: 6739,6745,2615,3221,1252,6045
6164: 5861,1594,3073,2893,4815,1007,5347,4201,641,2392,2956
6165: 4817,209,3875,3977,8030,5899,2205,7839,4984,6599,171,5670
6166: 6664,130,1296,788,1953,2135,1573,1812,3359,4320,4697,6925,7673,7963,5582
6167: 7118,1417,3938,124,1593,6672
6168: 1164,3126,3395,6668,2294,8018,867,4329,4827,7889,252,4124,2674,6347
6169: 3186,5414,4538,5454,7269,2181,2355,1672,6957,518,4361,8154
6170: 373,1537,6488,1988,1393,6030,5553,4226,4004,3279,5865,660,3751,1480,7961
6171: 621,7422,7594,1110,3673,5685
6172: 3663,4062,2023,5724,7722,2158,475,7981,2359,6705,542,4390
6173: 2024,2811,7741,6300,2281,1833,6309,601,1827,2209,4748,6683,5145
6174: 7134,3360,6493,1234,4636,4629
6175: 5129,161,7074,3642,3876,4356
6176: 7477,3764,4790,1045,774,7570,5178,2719,3243,1375,834,719
6177: 3201,6727,837,7219,1985,4903,3463,3796,5539,1275,305,809,4260
6178: 564,5955,2900,5658,2779,3867
6179: 4690,3514,6303,3190,2959,1830,7123,4886,3802,6,6629,1861
6180: 2318,1350,1724,8104,6936,3361,7274,385,6543,6957,4361,6792,4842
6181: 3518,729,2455,7678,6053,6346,8055,7417,1296,788,1953,4320,6208,1490,3543
6182: 7173,1715,3115,6489,5389
6183: 2052,4534,6946,1116,3232,4873,4949,2665,2232,5124,3929,6682
6184: 5130,112,2139,5797,898,5383,7141,2136,5584,1354,5114
6185: 2546,7856,1571,7902,6126,265
6186: 1351,6855,2323,1873,227,4709,4128,6055,6965,3686,3398,262,8033,4539,7966
6187: 1904,5924,1640,2517,4978,7444,429,7578
6188: 8180,5739,231,767,799,6256,1627,6698,2908,5439,4055,5339,1042
6189: 6253,6376,8146,1624,6999,4187,1197,2618,6966,3984
6190: 4869,5633,506,3120,4750,7919,6786,6076,1123,7370,7634,3877,3737,7212
6191: 6332,1694,2676,2565,5581,1097
6192: 7340,1138,2690,7845,7013,6942,232,5021,5502,7027,2961,6101,431,1528
6193: 2895,1789,1820,2741,4374,4524,6196,4834,709,4522,1241,3001,7504,6565
6194: 4592,3683,5575,4881,7862,5659,4823,7514,2266,6300,2432,1096,3123
6195: 3880,775,3166,3733,6459,5234
6196: 2895,2554,7424,1789,6193,4834,1241,3001,346,1625,3436,987,4189,3604,224,4531
6197: 3638,4904,2918,6983,2632,5055,7244,7493,1497,6751,1460,3159,1211,4997,2179,2385,4501
6198: 5881,4264,3352,5543,5193,1530,4547,1231,3411
6199: 3748,5934,6815,732,4084,4907,7931,3600,8026,6642,1507,4926,1793
6200: 3575,348,1122,6755,4947,1998,6920
6201: 1848,6213,3526,3209
6202: 7218,1339,6675,996,5527,1650,7181,4938,3187,461,4432
6203: 6113,7766,2687,4153,1368,7315,2146,47,7705,7171,7222,608
6204: 50,292,977,3581,8072,7671,1011,5710,3043,7427
6205: 422,4927,3696,3415,3465,4990,7872,19,2025,2066,6161
6206: 3924,1280,92,6503,3000,5498,1502,4614,4897,4944,7292,1389,2483,1736
6207: 3959,6739,1055,2615,7601,505,5053
6208: 4024,1296,788,1953,4697,6925,5157,8162,1487,8055,3280,7417,6181
6209: 4440,3939,7911,1971,933,5464,2711,2600,7816,48,6549,7012
6210: 571,3436,6025,2075,4349,4335,6587,1678,987,346,1625,3604,1041,224,5426,4531
6211: 5608,1289,7617,1404,2573,7616
6212: 5520,1838,5224,7985,3349,4093,132
6213: 1848,6201,3713,3209,1543,6732
6214: 1660,2169,988,7097,7437,7183
6215: 6011,3989,3951,6107,182,1849
6216: 2054,1852,5119,4288,348,4947,3188
6217: 2387,101,5470,199,2156,1384,8127,5360,3024,2657,4958,3547,1226
6218: 1077,2133,7644,2780,4321,6252
6219: 1218,3965,303,3020,6623,7789
6220: 864,166,1853,5842,6027,3701
6221: 3021,2335,331,2827,1626,1152,1946,7742,4317,4519,5194,1403,7646,5068,2647,5027
6222: 7823,1944,3515,17,4764,1835,5383,6240,286,1169,4094
6223: 7062,642,1229,3113,7087,3390,751,4423,3282,1380,5820,3177
6224: 1777,5632,2129,7101,4044,1409,1305,426,4097,3562,4846,261,4583,526,5375
6225: 7529,1737,3418,354,5692,4033,6691,378,1271
6226: 5703,8045,2883,3919,3399,7870,1591,7480,324,4038,1954,1292,4446
6227: 5439,6242,5574,1042,231,767,5734,2274,4460,3283,7910,3698,3559,4250
6228: 1330,1434,2334,4336,3428,2475,537,6766,5146,7454,2072,4691
6229: 2372,6776,6015,2839,999,4727,2616,2684,651,3475,1935,4342,7709,1185
6230: 2210,7207,5191
6231: 3061,6351,4822,2849,3603,1801
6232: 7215,733,5731,7109,6612,7944,3173,1730,7957,1541,179,3750
6233: 5557,3184,7001,3878,4199,6932,7985
6234: 2183,3100,5696,6520,2067,5065,7552,383,6392,7325,1739
6235: 5557,7349,7001,3349,1578,266,132
6236: 6091,730,3908,8060,358,6836
6237: 6328,4472,4078,3284,6763,4376,2865,4918,1992,3985,4954,5946
6238: 6789,31,7347,4007,462,777,1282,7314,5502,6410,5934,7541,7931,3600,833,3165
6239: 1327,511,1107,6077,2826,7624,2617
6240: 2669,5383,5334,17,1066,1835,5105,7823,6222,1169,4094
6241: 2809,167,3029,3728,827,6631,7445
6242: 5439,2781,724,5574,4055,5886,6227,1042,231,2274,1867,4460,3283,4250
6243: 500,1024,6344,3287,6254,5210,7415,6988,418,3285,6656
6244: 2556,6024,2076,379,5885,811,3409,854,2211,1398,3438,4742,4552,4370
6245: 7354,1331,2173,122,1405,5212,3169,3888,7120,7778,6949,1685,778,5860,2631
6246: 6114,3456,7610,2861,4487,308,1109,1331,5860,4482,4987,6016,3516
6247: 5790,7346,1332,7134,2176,400
6248: 7584,2559,2722,4736,1531,1294
6249: 3059,3461,687,1739,7325,2183,7552,383,581,3968,3654
6250: 7086,2996,5134,1707,4163,3007,7472,7143,1529,6119,2291,2005
6251: 1990,1741,2121,4243,3197,4050,7193,3897,6861,420,1016,6472
6252: 2780,4321,891,3644,6456,2782,6218
6253: 6376,8146,1624,6189,6999,2618,3690,684,4448,3984,7455
6254: 7873,39,500,1024,6344,1674,7674,2619,5210,6243
6255: 6789,31,3141,1430,8049,3765,8145,7395,3003,5695,6585,13,3825,1148,3203
6256: 6959,8167,2810,5739,6188,767,2577,7111,799,7072,1797,1627
6257: 85,1458,7784,446,4993,3801,1253,2374,5103,3793,4132,5620,4357,3135
6258: 8137,4333,5035,2594,1850,6619,4248,6083,1854,4005,3430,3101
6259: 2027,2352,971,2258,3738,4901,407,3159,2620,1211,7614,4167,4919,4130,4159,5229
6260: 2091,3454,5445,5535,153,2049,3410,1240,5331
6261: 1898,3955,4550,4985,1304,5227,381
6262: 3358,7046,6919,1716,1033,3980,7172,8052,4675,1379,2758,7832,3582,2736
6263: 367,2325,3244,4035,516,6910,8117,6315,6283,7034,1819,2456,4660,2876
6264: 5408,3858,7621,1170,4046,2212
6265: 3142,4633,749,5609,5450,1312
6266: 669,2850,6819,2867,3563,6044
6267: 817,4797,6014,2588,1524,488,5340,4619,3643,4013,695,838,6345,7834,5361
6268: 6566,7566,2399,7699,1295,989,6068,2353,2292,4950,1193,3459
6269: 6563,216,1701,2032,6679,3983,8111,8134,1302,4532,3025,6782,5764,6133,6329,2039
6270: 2704,4503,2899,1937,1291,3491
6271: 41,4071,1728,3217,2403,7040,6680,2969,7588,7320,7622,558
6272: 4068,2431,5649,3191,5016,1012,3052,1795,7476,1609
6273: 4596,7905,7706,5788,1532,3111,2907,5752,3355,573,3851,2921,5205
6274: 1014,800,288,3160,5407,1161,6804,2987,1246,3376,1125,3797,6735
6275: 4840,7416,853,7209,34,8106,325,2097,7117,2056,1628,4051
6276: 7234,6842,6738,1801,8023,734
6277: 5646,6923,8039,1550,7825,3189,4484,8083,2522,18,6295,1975
6278: 5544,2767,4734,1335,2507,6726,4502,1533,1987,282
6279: 7401,3366,401,829,6835,1687,5106,5914,5400
6280: 2215,4684,6349,1599,5071,267
6281: 5929,5876,3440,6744,380,5594
6282: 3689,2163,5773,394,8143,7958,7080,200,7280,164,7196,8029
6283: 3729,7034,658,2285,1157,1819,2456,4660,5935,367,6263,5640,1446,5517,6974
6284: 5250,3655,2728,7344,1876,3425,701,2720,6434
6285: 3614,1994,6796,3849,1695,2122,4467,7785,270,7534,5837,906,1098
6286: 6955,6849,2460,1790,1179,4777,6053,2180,7917,279,435,4454,6410,2985,3889,3462
6287: 1687,6928,1713,3317,5866,2085,2439,5914,6764
6288: 6888,1013,3167,395,3015,7201
6289: 4008,3651,2227,1041,7892,5426,5728,2571,503,6503,5753,3000,6550
6290: 579,2323,8124,4128,4080,7375,6500,7354,6883,362,1405,3888,7120
6291: 7849,7727,3085,2306,2925,3557,4676,1895,5062,4458,2661,7794
6292: 7162,1481,239,8053,7188,3601,1887,4831,5720,2213,5936,3401
6293: 5486,5195,2026,6929,7713,3705,1035,6504,3530,5897
6294: 1505,7789,6725,5037,3143,3469
6295: 18,4095,6435,1278,3450,2137,369,1975,5646,6277,4484,3482
6296: 4849,1565,6708,6970,4715,5325,5964,3949,338
6297: 6841,4067,219,1696,4812,1791,6805,6005,5346,478,7878
6298: 123,1619,6532,7787,2307,7243,6718,7623,4115,3233,6588,4217
6299: 976,192,1843,5048,7186,5610,2230,4221
6300: 7514,2024,2811,7741,2432,1096,3123,6173,6309,601,1827,7685,6194
6301: 4109,1936,6098,2521,6304,2873
6302: 3034,1506,5705,725,4417,3286,7056,5555,3712
6303: 3514,3190,6179,3573,1830,88,6116,4877,7123,5468,3802,6629
6304: 2873,3879,3835,1124,4109,6301,1654
6305: 7118,670,5123,3041,3883,7352
6306: 4891,7708,7605,3406,3517,3412,899,2753,2446,3823,577,6097
6307: 865,6374,1978,249,4951,5008,4769,3840,4241,7853,1225,2947,7456
6308: 7131,6478,3212,912,7641,7398,7730,2836,1799,7881,233,3163
6309: 2811,7741,6300,2432,6173,1833,601,2209,7920,871,5145,2949,494
6310: 4943,3107,6990,5988,5171,2999,5185,7464,1631,7405,2784,4517
6311: 5853,2065,7959,665,5093,4723,5666,4096,7872,19
6312: 7752,3341,5665,4887,2308,3966,4104,1862,8017,585,7204,7481
6313: 4625,7935,4009,5228,3236,50,3043,2002
6314: 1297,5983,3508,653,2493,3596,3147,5244,5420,3798
6315: 3729,1157,1819,2456,6409,4303,4660,2876,3940,3570,869,644,6263,8117
6316: 2607,6538,7755,1037,807,3102,487,2978,4699,1374,750,3144
6317: 7849,3085,2925,5675,444,2442,4458,5726,3681,2661,1178,1778
6318: 3074,102,6333,7323,3362,1279,2170,4345,920,8079,6145,7942,2235,6939,591
6319: 615,3256,2785,5069,1855,4400
6320: 7819,6385,1254,7123,1321,5600,2686,7829,5100,3648,5468,6
6321: 1030,3587,7793,2134,5556,7379
6322: 6976,2132,4388,6355,2984,1847,7548,1131,5388,4879,443,990,7803,2954
6323: 4505,2214,8181
6324: 3585,6144,423,2937,7258,671
6325: 1682,1717,1163
6326: 6556,3011,420,6841,4067,4812,2797,1791,6805,3009,1346,1990
6327: 7821,6331,1313,3656,7233,5009,1938,4092,2467,6560,16,460,1762,2159,4843
6328: 416,3284,6237,2034,2865,6775,7363,1284,3985,3214,5318
6329: 1701,2032,6679,8111,8134,3025,6782,5764,6133,6269,2039,2202,672,4092
6330: 4477,7262,2366,1676,2786,4737,6389
6331: 7821,1313,7469,4315,2623,3656,7233,5009,6327,4168,174,2467,6560
6332: 6191,4933,2787,6423,1694,2676
6333: 3334,3926,1561,3074,1085,6318,780,102,8130,4491,4829,7323,1279,6145,3872,2235
6334: 2902,4822,861,866,1970,6004
6335: 3620,201,4091,1290,2880,5271
6336: 570,7751,7020,5737,7779,2384,1117,3520,6444,2909,2976,8165
6337: 4680,1269,8175,6562,532,7409,3344
6338: 2843,964,4233,1244,4788,3730,3987,8170,8110,65
6339: 4690,3190,6721,6536,6099,1255,119,3573,944,5606,6772,2740
6340: 180,6471,1207,2395,7569,2379,7921
6341: 954,5882,2428,2161,7543,1829,4799,4209,3834,908,356,3630,5898
6342: 3699,5887,2123,4053,1920,1014,2987,7317,7050,1540,7336,5633,6567
6343: 5482,1256,5693,2914,4597,3241,3333,6547,531,7304,1613,801,5055,131,5551
6344: 3287,1674,6254,7674,6780,5210,6243,430,3803,7415,2526,673
6345: 3546,3799,7254,7293,1058,405,695,838,6646,8100,6014,6267,488,3643
6346: 3518,729,6181,4777,6053,8055,7417,1296,1953,1490,1307,3543,3099,5312,7261
6347: 252,4124,5956,2674,1222,1893,5524,7017,2294,867,4329,4827,6168
6348: 5321,1009,6916,1700,7723,5997
6349: 2215,3605,6280,7041,5071,2989
6350: 1636,8185,5833,2852,2203,5175,7989,1208,4932,707,2642,4377,2410,4787,4560
6351: 3061,6231,2902,4822,2216,2849
6352: 3584,1236,5094,3880,7192,3733
6353: 3414,4663,5817,4306,7555,6677,2309,6117,4280,1779,4556
6354: 1557,908,5624,1437,3731,3383,4820,7513,3630,4176,6611,1162,2886,5898,7631
6355: 1831,6976,2132,7307,6322,2310,1131,5388,4879,2689,3192,1320,6541
6356: 5011,7927,2041,7309,3363,1204
6357: 6745,5242,776,2864
6358: 382,2788,7670,647,5137,6023,6856,2106,5564,6461,3228,5612
6359: 2388,359,4603,726,5627,4279
6360: 1194,3387,6887,474,6510,6950,5116,7661,6090,2219,6909,1031
6361: 181,1825,4469,8095,6905,3230,2997,2712
6362: 382,2788,4156,1911,5373,5254,1589,4828,1467,3817,894,3327
6363: 609,6028,1392,2162,4300,3271
6364: 2980,1874,5783,3427,2904,5967
6365: 7965,3800,295,5883,210,7762,2974,2833,2226,5736,6697,1925
6366: 4242,2247,6924,5881,3352,5543,2038,3364
6367: 5822,5864,2438,1429,499,2803,1534,7232,62,4510,4444,1478
6368: 7174,1281,3365,2241,296,1182,2201,5718,5694,275,2544
6369: 7090,3021,7681,331,1946,7742,8069,4519,7152,5194,60,1813,3453,1792,5126,5844
6370: 3672,7301,2328,1122,319,1093
6371: 6462,561,8138,2401,4600,774,7570,611,3189,7265,2522,4937
6372: 3746,7916,2587,1679,2217,4572
6373: 3693,6070,714,2141,7775,4778,8094,6439,2022,3657,2329,3523
6374: 865,1978,4266,1763,4951,4401,4769,3840,5125,7057,6307,3018,2713,4010
6375: 1544,6724,6866,7221,2002,6791,3075,6816,1646,2499
6376: 430,6253,6509,1624,6189,6999,4187,673,1000,3027,1504,6966
6377: 1609,5147,5013,4068,3191,7476,7974,419,3269,6719
6378: 5057,1536,3366,401,829,8191,3750,7957,1464,6835,3299
6379: 3588,2249,545,1814,655,5629,4127,5488,4880
6380: 2662,7764,1657,3244,1257,3613,111,8185,5833,2203,7726,4811,5951,769
6381: 1145,7986,3077,6403,6945,2853,4436,648
6382: 3545,5618,2858,1408,4263,6039,6578,1276,3145,6162,3049,668,2105
6383: 363,8135,2457,2998,4566,1898,381
6384: 991,1289,3064,6900,4325
6385: 6320,7829,5100,3648,3856,5032,4151,1889,2710,202
6386: 6453,4744,5065,2706,5639,2240,2111,735
6387: 3519,6406,2311,2671,7830,1245,7028,915,1727,8089
6388: 2926,6405,1015,7582,6485,254,5648,464,6817,876
6389: 5221,3589,4737,6115,862,3891,2366,1676,6330
6390: 5423,1227,6476,5851,2090,203,2915,3660,1425,2202,5201,2771,6679,5764
6391: 7806,868,6614,5245,4108,4610
6392: 7914,3684,2884,7325,552,4019,6795,6234,5696,7448,383
6393: 1501,377,4332,3054,6499,530
6394: 1047,3183,6124,566,4339,2934,5698,2696
6395: 1666,5950,1875,4032,221,7023,366,3487,5027,4363,4835,5801,2335,4362,3611,1812
6396: 5760,5392,1761,43,674,6648,2537,7731,2959,6469,6536,6099,944,3079
6397: 747,7556,4034,4164,1032,4351
6398: 6851,5324,4886,4855,1889,3782,1270,3991,4234,5653,6629,7473
6399: 504,5907,7422,1110,3076,2871
6400: 2927,1686,5054,5403,4486,1766
6401: 3345,538,3937,1710,4979,5029,3524,7031,360,5628,1052
6402: 2487,3978,7795,8044,4237,89,5802,5229,2073,2027,971,3738,2620,1211
6403: 3077,3277,2208,6381,5821,648,482
6404: 5504,3566,1010,2028,2989,3795
6405: 6388,1015,6485,3726,464,1456,876,4896,3207
6406: 5542,3519,2311,2671,6387,1245,8003
6407: 1052,14,7397,6416,3288,7759,1359,5725,2928,4979
6408: 1891,2854,5003,4258,385,6543,3161,6085,5735,3361,2437
6409: 6315,8040,1157,4303,4582,5800,4895,7586,3940,3570,869,2790,2071,58
6410: 3012,777,2280,1282,7314,6853,4454,2985,3462,6286,7347,6238,462,279,8145
6411: 3405,2888,2534,3658,8070,1690,5998,6863
6412: 3142,3078,2929,1915,5500,1754
6413: 7435,3866,5475,5961,3268,2768,841,1630,1223,1499
6414: 940,5353,4609,7978,1968,3429,6753,3843,1880,4677,4641,2842
6415: 5672,2528,211,6684,697,1732
6416: 4085,1052,7397,3957,3288,6407,7759,5944
6417: 4372,1154,7264,5154,3192,309,5503,4659,3065,6959,1831,722,5387
6418: 171,7940,1158,3047,3855,2165,2341,4608,1600,4011,6667,4515,4984
6419: 1535,2361,886,514,6898,2322,6844,5621
6420: 1957,7946,3917,7525,4064,3289
6421: 2380,1603,4158,3336,630,7478
6422: 33,2662,2325,1657,2320,4035,4708,8088,7341,808,6796,1695,4467,2506
6423: 2149,2787,6332,2676,214,5047
6424: 6136,5635,2422,1525,177,6691,7737,1271,7529
6425: 7930,6083,1581,94,4048,5824,8037,3430,7158,3792,3549,4883
6426: 3608,2789,963,44,4129,7066
6427: 1219,3941,1798,4988,152,4047
6428: 1683,843,3215,7439,4895,5762,6573,7356,7586,5953,2790,2071,5578,455,1584,2367
6429: 5371,3624,1406,5943,7964,1774,6531,3368,189,7967,7052,5918,3260,3340
6430: 3590,4914,7909,1937,1196,6639
6431: 2472,1016,7363,1284,989,6068,3210,2353,2292,4473,4243,6566
6432: 8024,2669,528,3176,3146,5334,228,7141,3396,6455,4358
6433: 6954,2245,7332,384,523,3579
6434: 2720,7509,1876,5250,6284,4598,701
6435: 2677,1278,7213,6295,3450,3105,369,6159,6877,863,3482,5645
6436: 675,810,2635,2171,7842,2170,4345,4514,4885,5992,421,1616,5841,2500,3093
6437: 5064,3813,4517,681,2008,5171,1714,1112,806,7196,3112,2163
6438: 7121,7876,7270,8184,322,3114,7304,131,676,3860,7971,4670,5509,5482,2914,4226
6439: 3066,3693,5514,1979,6070,5867,6831,6373,714,2141,7775,4778
6440: 3418,354,3732,5692,5442,616,7464,4033,3164,4943
6441: 6456,1095,7462,2782,3911,870
6442: 1518,5645,5755,1258,7281,2416,6714,4976,6047,7903,4729,4015
6443: 736,3118,1458,7225,2182,1948,7296,5577,2858,3890,6576,8113
6444: 107,5355,2449,7583,3520,2540,5034,7779,1442,2384,6336,8165
6445: 5840,5462,412
6446: 3942,2070,4028,1371,5635,7529,1737,2655
6447: 2791,3245,4847,5981,4511,450
6448: 177,6982,2682,3819,3281,8,7748
6449: 1092,5226,1721,4185,5614,3503,3318,3606,350,755,6649
6450: 6642,3659,5294,7340,3170,1138,2690,7845,156,1507,6473,4926,1793,7013,833,6942
6451: 3937,2928,1710,2705,8053,3193,4979,5566,1359,5725,1397
6452: 3986,7551,2897,7554,1951,8163
6453: 6386,4744,3100,2067,5065,2706,5639,862
6454: 621,3673,479,2234,7402,983
6455: 6432,3146,5334,3396,2471,7148,602,4358,6813,2702,5452,5105
6456: 2780,6441,6252,2782,8092,870,3591
6457: 4569,922,414,8003,3953,5542,3147
6458: 1803,5288,577,158,7351,5079,6521,3367,1983,2299,6097,3932
6459: 960,986,6080,5234,6195,3733
6460: 5913,1844,7223,2347,2930,2786
6461: 5564,1651,7250,3228,647,6358,7520,285,6593,3211,5612
6462: 157,6371,561,2401,4600,3308,4769,5125,4682,2651,8031,7265,3307
6463: 3010,6827,4852,1586,1500,5081
6464: 7336,521,2707,4546,4528,483,7919,1230,4021,6838,143,4770
6465: 6900,1943,4325,1410,2189
6466: 2381,267,2130
6467: 6702,879,7790,1877,7249
6468: 4754,1729,1264,410,1698,6595,3943
6469: 4690,2959,6536,6099,119,944,3079,343,5760,43,2537,6396
6470: 7667,1842,1536,3772,8191,3338,5877,7467,3903,2903,8000,6638
6471: 180,6340,4882,7498,4340,3574,1207
6472: 1016,989,3210,4473,6861,3009,284,1990,1741,4243,4050,6251
6473: 3328,3659,5294,3170,156,1507,6450,5835,5754,2377,8052,1863,361,7126
6474: 2234,3640,1118,7402,7693,7925,5601,5180
6475: 3806,773,3525,3202,1343,7717,4530,5701,2303,6897,7157,415,5954,3489
6476: 5423,6390,4284,1227,984,6996,568,5851,2090,203,3660,2202,5949,5201,2771
6477: 2603,3194,5141,1717,5634
6478: 3762,3446,6308,3212,912,7641,8109,7398,7730,233,4058
6479: 3195,7832,408,7393,1542,2923,4669,3763,5662,8121,4529,4589
6480: 7688,2515,2312,2752,934,2433,4455,4493,5671,1620,821,1209
6481: 5451,2792,547,2983,7337,4379,1778,4178,5706,1178,7849,6783,5675,444
6482: 553,1493,7166,2855,7497,2692,7400,7077,4431,6525,390
6483: 830,8101,2953,5261,3758,5811
6484: 5486,3901,2231,2845,402,1667,3530,4275,945,7429,3821,7973
6485: 6388,4795,2926,6405,1015,6137,7772,3726,1939,7055
6486: 5409,212,4558,6687,2571,2812,2207,571,2075,1678,6009,5426,7885,6550
6487: 4991,1220,1054,394,3295,5667,7958,818,6698,7732,2425,4955
6488: 373,1537,539,6170,1988,1393,6030,2914,4597,3241,5553,4226,5865,1480
6489: 1715,6182,5389,384,2793,3579
6490: 3622,7364,7920,1205,3019,2344,372,8050,4253,871,8093,4416
6491: 4713,3724,6050,4309,1632,3343,2725,7680,5045,5335,2794
6492: 3393,325,4012,4021,5078,1703,2514,143,7949,1979,853,4485
6493: 7134,2176,7322,1017,3360,6174
6494: 7996,3905,6649,2931,1721,3318,755,5002
6495: 2638,5056,2504,1147,3704,4545,2732,4495,1750,3296,6747,2218,3129
6496: 5890,1583,498,3206,7870,3408,103,7564,5529,2313,8125,1391,2932,6535
6497: 4959,4917,7247,3213,693,7783
6498: 1440,2462,6894,6797,461,217,7993,7531,3446,2856,912,3173
6499: 4936,2298,6393,377,530,3513
6500: 579,1351,2323,2478,4128,6055,4080,7375,6290,5825,362,7451,3888
6501: 4085,8057,3957,3892,5944,1926,4623,7360,2482
6502: 5759,3107,6990,5988,3922,3262,1567,5171,2999,4642,3112,5667
6503: 3924,3140,503,92,5753,3000,6759,5498,1502,6206,4897,6289,5942
6504: 2884,1035,1268,441,1364,4019,6929,7713,6293,7690
6505: 8119,2164,594,3913,4643,4295,2045,7017,413,5524,3110,4421
6506: 2764,3664,6690,7880,592,2114,7686,1718,434,5743,4360,7544,1071
6507: 686,316,60,3063,3632,7482,3350,7065,4630,5299,5741,5344,4269,1195,2345,2148,8069
6508: 1940,5382,5795,7590,5291,1469,5051,4700,2411,3348,814,7433,1285,7384
6509: 430,6376,1624,3803,7474,6054,4187,673,1000,3027
6510: 1194,4060,7286,6887,728,6360,474,3302,4482,6001,6950,2219,1031
6511: 4797,6063,3539,5359,4013,411,6798,4249,4963,198,2751,3342,7669,5175,2420
6512: 3592,7287,349,4865,5172
6513: 7026,6016,6947,314,3823,7167,3516,2029,2532,4635,1871,8097
6514: 6968,737,7478,685,4158,1883
6515: 6634,3148,447,2799,8162,2906,4652,5088,1487,3280,4462,3536,779,3185
6516: 3290,6945,5436,5602,1552,2853,893
6517: 340,1018,6072,2905,4191,4369,7694,3059,3370,6610,1643
6518: 2948,712,4625,4661,8099,3081,7461,7523,7326
6519: 7883,91,7643,4282,981,1699
6520: 1757,2183,6234,1604,4744,3100,831,5065,7552,7912
6521: 6458,2160,577,158,7351,5079,1983,6097,118,7708,3517,2753
6522: 6094,3291,4244,3791,7754,1108
6523: 5020,2470,5122,335,7113,1195,2731,7014,2841,872,4137,4141,4500,4929,6563,1302,1602
6524: 1155,4409,2314,8007,3242,4739
6525: 3432,7210,1738,1150,1800,390,3504,7077,4431,7540,1493,6482
6526: 2267,5497,1243,204,957,1427
6527: 7735,3977,8030,1984,5899,992,1209,5451,86,4054,4379,3870,7799
6528: 1259,6073,3433,2450,4462,779,2242,7907,771,4177,4952,7206,5428,7679
6529: 4135,3028,6620,4006,304,6135
6530: 3762,3446,7641,8109,5309,7730,1339,6894,2972,4867,1538,4432
6531: 3624,6429,1406,5943,1774,3368,7052,3471,5918,3069,5096,3260,8062
6532: 6298,7899,7787,2307,6718,7802,3375,4688,1019,7623,4115,3233
6533: 7026,4987,314,7167,2795,2532,4635,4438,2527,7044,1783,196,5561,1857,5945
6534: 2118,4833,3369,688,5200,3918
6535: 5529,2274,1217,2313,5443,300,5089,1391,2932,8056,6496,5890,1933
6536: 6339,6469,6099,119,944,343,2740,4548,1539,6728,43,6396
6537: 1665,2814,7022,3321,5926,559,6984
6538: 6316,2607,1483,7838,4166,1037,7572,4419,993,1374,3144,2251
6539: 2502,5385,2857,3861,3913,8172,603,6569,5711,860,2175,5834
6540: 7770,5908,3963,404,7791,7473,3381,5384,3991,1121,2507
6541: 698,5080,1344,1930,5024,5580,7913,1320,6355,7307,2310,5388,2689
6542: 6589,3250,1503,5869,3224,5767,108,7327,1614,7319,399,5342
6543: 2854,5003,1672,385,6408,3161,1350,8104,3361,2437,6180
6544: 3167,395,4942,7639,1719,2723
6545: 5337,713,386,2511,3311,962,3013,5302,5287,4143,2566,6029
6546: 985,6066,1345,7625,4091,1290
6547: 3328,5294,3170,6942,531,801,5551,5754,2377,1256,2777,5693,6343
6548: 8082,3434,2935,3910,7533,6635,4344,4553,5270,1896,7036,236,588,1418
6549: 757,5793,610,2288,2933,4860,7911,6209,1971,7816,48,5491
6550: 503,7885,3000,1502,4349,1678,5409,6486,2571,6289,4008,7892,5426
6551: 2457,6666,5789,3257,1782,1832
6552: 4036,6641,717,1411,472,5418
6553: 4553,6893,5900,1396,1323,3952,7954,2796,5714,4976,3380,5868,1489
6554: 2123,917,5110,1539,3578,1188,4053,5269,6728,3030,343,6648
6555: 5406,3671,873,7260,5597,3477,1355,1747,2305,682,7810,4437
6556: 2185,3011,420,6841,6326,4812,2797,6559,899,6774,1346,7042
6557: 7117,2817,7542,3394,1448,4338,5394,7997,2097,1775,4171,2685
6558: 1156,948,459,4781,2581,3039,5878,1608,5963
6559: 6556,3011,6841,2797,2160,3517,899,1203,6105,5459,1346,7042
6560: 460,1762,2093,6040,4079,2159,4843,2467,4613,7821,6331,1313,6327
6561: 2729,1700,7723,4968,3976,2830
6562: 532,7409,1401,6017,1269,6337
6563: 1701,3983,8111,8134,1302,4532,6782,6269,2039,1602,709,5020,2470,335,6523,2841
6564: 3081,1501,2798,7523,1428,7326,8102
6565: 4834,709,8075,4522,1241,2825,3001,7504,5350,4291,6035,3476,2039,4374,6193
6566: 1439,6268,7699,5318,1295,783,7363,6068,2353,6431,2292
6567: 1540,5633,3067,4750,1014,6804,2987,1125,7317,6342,4053,1920
6568: 3501,259,5884,205,7833,3259,7073,1461
6569: 7496,3531,4492,8172,603,1664,700,1106,3478,5711,6539,5834
6570: 1414,4359,6013,2479,7025,4971,1324,6041,6111,2885
6571: 3744,6602,1315,1129,4160,149,3132,7857,5506,6104,458,4998,3334,7486,206
6572: 6152,1718,4219,3990,1702,8161,5466,3862,8128,5663,6615,1641,6802
6573: 1683,3981,843,3215,7439,5762,6428,6939,7356,591,4774,455,1584,2367
6574: 5457,2226,4102,2599,6697,490,6670,1905,2608,207,5829,1370
6575: 4626,409,3149,2963,274,4678
6576: 4993,66,3801,2641,3049,7608,756,8113,2858,1458,7225,6443
6577: 2616,1416,5289,1564,2684,3150,651,448,7091,850,3353,5982,7069,4307
6578: 5618,6382,2858,7122,1408,6039,1276,7064,66,3049,7608,668,8113
6579: 4872,3002,2408,4441,2652,5188,1338
6580: 7865,7105,120,3710,738,5677,6979,4231,2259,4174,370,924
6581: 1424,5707,2265,874,4435,7277,3116,6655,7392,1358,8153,2197,2068,7182
6582: 439,4758,3783,5715,805,4161,2220,1260,7712,5751,5000,6917
6583: 2239,6096,1114,7664,328,1466,1073,3435,3325,5583,5181,7636
6584: 7943,837,1985,3463,7169,5539,4767,159,5433,305,3528,1056
6585: 6789,3141,7347,6255,279,3765,8145,3003,628,13,2180,7917,7700,5925,7261,3462
6586: 6784,4449,1858,883,5133,5924,268,598,4426,81,2271,3090
6587: 3264,2207,3679,571,7129,3436,6025,2075,4349,4335,1678,987,6009,6210,346,3604
6588: 3233,208,1076,8128,3914,4217,1574,6298,6000,1619,7243,3424,3665
6589: 3250,1503,2019,3437,2813,5869,6542,5082,5767,108,7327,8169
6590: 3305,7734,1521,3004,4133,4563
6591: 1020,85,7275,8192,4378,3484,4618,4227,7031,3382,7580,1945
6592: 2556,5885,5722,1398,3438,7177,5732,4462,1618,4177,543,447,7697,5088
6593: 1648,7520,3831,3005,285,7063,1143,6461,7965,2360,3211,5612
6594: 5129,5076,6060,3222,1770,3082
6595: 7498,3026,1698,5142,2124,6468,410
6596: 2330,5881,5193,1530,5863,1104,3151
6597: 7178,2963,1177,885,3734,5615
6598: 2091,195,5445,1021,7081,1513
6599: 209,3875,3977,1984,5899,7647,6165,7839,171,5670,4281,3681,1094
6600: 5281,5084,716,501,3152,4197
6601: 5846,897,2126,533
6602: 3744,556,1315,6571,2177,1129,5229,7176,3153,3334,780,8130,7486,4222,206,2073,5030
6603: 2737,1906,7396,2468,5917,4520,4322,5756,2030,708,7757,3825,5163
6604: 451,1992,994,8160,7155,5855,4954,5522,6832
6605: 3548,3707,1446,5284,3124,875,4188,3495,6855,227,8124,4709
6606: 527,5857,5611,5990,3820,3154
6607: 3735,7088,287,5643,4350,3567
6608: 3155,4533,2775,5568,1648,7520,3005,285,7063,3774,2063,3505
6609: 426,3196,7345,979,3424,5803,2035,5768,6802,2555,5466,8128,5663,6615,4228
6610: 7524,3461,2142,2889,3370,1367,4229,2634,6072,4191,6517
6611: 6354,1557,908,3630,4176,2886,1068,1829,5496,2060,5156,5453,4209
6612: 7215,733,7467,7109,6232,7957,2822,1541,1464,5057,1536,3750
6613: 7436,5220,2286,1062,4339,2934,5282,5603,5870
6614: 7806,3050,6391,1119,748,4610
6615: 1641,4228,5024,6572,4219,7913,3990,5466,3862,5663,2035,6609,6802
6616: 4992,7996,3852,2098,7239,4395,1520,4392,391
6617: 7245,2458,274,4146,2116,4678
6618: 2668,2494,5203,6733,1180,2200
6619: 8137,103,4333,6258,5138,1850,7844,4248,4005,2186,6645,3101
6620: 1569,4006,3089,4135,6529
6621: 3500,5550,2300,3736,2510,6019
6622: 4802,1261,1456,3749,3626,876,7991,7703
6623: 1505,7789,3371,3969,303,6219
6624: 4196,3944,1796,2490,7032,7333,436,1134,1637,7338,4593,5262,5327,2412,7597
6625: 2500,7369,2113,1596,3093,136,1941,3042,7591,4180,8054,4509,3916,2945,8142
6626: 3634,4568,3027,7000,3488,4425,3324,1504,4187,1000
6627: 7053,3053,4131,7114,2613,604
6628: 6108,5064,2614,8061,59,855,681,5144,4957,2942,7251,2099
6629: 5324,4886,1889,3802,6398,6,1861,5468,3514,6303,6179
6630: 4861,1652,3128,3216,7263,7915,5678,4232
6631: 6241,167,3029,7445,2785,6694
6632: 6650,1314,7866,3055,884,6818,5518,80,4982,1247,5826,2417,534
6633: 7822,1463,2875,7992,3292,7075,1570,7083,3902
6634: 6515,2799,8162,2906,1487,3280,3536,3185,6147,4024,7226,1573,6925
6635: 4124,413,8082,3434,2935,2674,1222,1893,4277,5524,7533,6548,4344
6636: 3837,954,5015,42,3274,7684,2428,510,5589,2161,8038,5977,3208
6637: 4825,3954,8021,925,302,5190
6638: 4406,3903,7918,8000,234,6470,3338,5779,1229,2275,2304
6639: 3967,6676,7909,1196,6430,4271
6640: 7642,3030,2740,7050,4548,5348,3887,2386,652,1255,119,343,6728
6641: 8006,4036,3753,717,1684,6552
6642: 3659,5294,7340,2690,7845,156,1507,6450,4926,1793,833,6199,6815,7931,5939
6643: 5893,484,7836,1136,1878,4667
6644: 4334,337,995,2043,4581,1485
6645: 498,5703,3206,1022,8045,3101,2436,103,6619,7844,2186,8084
6646: 281,2678,3799,7418,7254,613,1058,405,2574,7331,6345,4176,7631
6647: 5586,2438,52,3102,7980,1534,7380,4913,6720,4037,5775,807
6648: 5760,5392,43,674,4270,2061,6396,343,6554,1539,3578,1188
6649: 5121,3852,3905,1426,8047,6494,1721,3421,6449,350
6650: 4459,4342,7866,1300,6632,884,1185,6818,80,7809,2316,2100,7069
6651: 7601,100,2953,3103,3474,3959,1885
6652: 7190,7660,2178,1347,3954,6742,925
6653: 3965,3586,2189,8063,6921,4023
6654: 40,1947,3674,1516
6655: 5993,535,1249,3722,5570,1069,3697,8153,7182,2265,6581,4435,4912,3116
6656: 6988,418,3285,2769,2525,1007,1431,500,3287,6243,1432
6657: 1653,2451,2051,5431,5814,4595,4212,9,1639,1023,1753
6658: 3207,4644,5906,4002,3006,4896
6659: 634,2580,5815,7805,2800,1100,666,8024,228,5677,5987,4922
6660: 6986,4366,1120,2697,5050,3752,5772,3040,7127,3564,3755
6661: 3199,1336,3372,4543,1864,3844,6793,8005,7306
6662: 2223,2887,5237,950,7720,4540,3565,4905,5231,425,2609,7343,1144
6663: 1777,809,5632,2129,7333,7101,5952,4044,1040,5296,3156,4260,3119
6664: 1296,788,2135,3846,3359,4320,6166,7855,4105,5582,624,2455,7678,7568,2031,8008
6665: 8159,2394,6084,7873,500,1024,2619,3510,1663
6666: 5381,363,2457,6551,2561,3171,3257,5548
6667: 3815,7940,3340,1158,3855,6418,2165,4608,1600,4011,25,7505,5832,3580
6668: 4722,3126,3395,6110,867,4329,7889,3416,6168,1995,21,2101,4377,4246
6669: 3624,7964,792,4910,3293,189,1318,3687,1433,7968,4741,5004,6069
6670: 7965,2360,5883,210,3831,3005,1143,207,5829,2226,6574,6697
6671: 5213,6899,5082,5630,2391,2859,5562,2992,7285,3315,1486,8169
6672: 1593,5235,2055,7796,6167,124
6673: 3789,7191,7841,1947,877,7151
6674: 191,5712,4710,1725,6948,4014
6675: 2111,3172,4251,3907,7218,2474,996,6202,5527,1650,3187
6676: 1196,7656,4271,6639,2261,739
6677: 5222,2860,3032,3246,7006,2309,7891,2143,6117,4280,4556,6353
6678: 3186,904,5414,7528,2315,4538,5454,3490,7269,7061
6679: 216,2032,6782,5764,6269,6329,6390,2915,2202,672,522,7882,4892,5201,2771
6680: 3217,6271,2403,7565,6904,1265,558,1548,2250,7474
6681: 3850,4537,970,4352,3235,2451,5814,4212,9,4854,4120
6682: 2232,5489,2094,5124,2013,2052,6183,1116,4949,2665,2699,5437
6683: 2209,2156,896,4748,5813,6173,1833,5145,2949,144,1322,101
6684: 5672,6758,6415,1568,697,3008
6685: 3294,4849,4576,1455,1565,7955,784
6686: 3512,8112,5783,269,7607,1788
6687: 570,5894,5409,212,4558,1780,678,2228,3174,5737,6486,2571,2812,2207,1678
6688: 878,1262,2973,4873,4949,3223,6692,5867,2699,1759,4673,3636
6689: 3551,7392,1358,3373,8153,345,4402,4654,7182,45,3979,7328,3722,5570,1771,5996,3697
6690: 6506,3664,225,592,2114,5957,5607,2957,3218,4360,7544,1071
6691: 4033,5185,1572,7737,378,1271,3157,6424,354,6225
6692: 3223,2861,235,6967,4487,3848,4327,5867,6831,878,2973,6688
6693: 8066,7725,3758,3158,3598,427
6694: 615,1720,2785,3029,6631,2824,1900
6695: 7159,5917,5215,2530,4322,2556,379,4742,5386,1061,2272,2804,4876,2523,7018,1286
6696: 7280,164,1714,6128,2496,7196,8029,3104,997,3689,3136,5440
6697: 5457,2833,2226,1607,6574,2599,5736,6670,5883,210,6365,7762
6698: 7732,4955,2908,1054,6487,3295,7359,4055,5339,8180,5739,6188
6699: 5970,2675,3945,607,7145,2543
6700: 4813,1238,856,6089,8086,3662
6701: 4813,7813,856,2543,7145,3219
6702: 333,7695,7790,6467,7249,1294
6703: 3083,2431,2297,1319,5484,4414,5041,298,704,2597
6704: 1942,6048,7637,2965,7272,812
6705: 2359,7819,1254,1321,5600,2686,5823,542,4390,7981,6172,3972
6706: 6872,4099,186,2862,2040,6918,4193,1150,153,2324,5436
6707: 2451,5431,2461,4595,1023,1753,3195,7393,1542,3763,5662,3122,2224
6708: 2,6970,2936,4715,1565,6296,5325,338
6709: 73,720,1965,8166,3371,2960
6710: 6137,7772,4042,6940,84,540,3374
6711: 7280,1714,1112,3541,6128,4681,4775,3104,997,8015,947,4202
6712: 4946,1412,7801,453
6713: 2764,340,1018,225,7880,2905,592,2114,7686,6113,2892,7315,1643
6714: 3014,5645,5755,4098,1258,1494,7281,6442,6047,7213,2430,4015
6715: 3664,1018,2634,225,6072,4191,2114,4229,928,1051,4506,5957,2957
6716: 3403,7579,8072,4650,3007,3829,5019,2996,7143,6119,2005
6717: 3635,2255,8156,3767,2253,2739
6718: 2610,5742,2757,7802,3375,5771,1019,7623,4115,746,4217,6298,6532
6719: 4073,7283,1576,419,3269,3191,2748,7476,7974,95,5147,6377
6720: 2607,5713,4037,4557,5775,4166,2236,807,6770,6850,6647,4913
6721: 4690,6339,1255,119,3573,1830,8186,237,5606,2679,6772,2740,5348
6722: 6948,832,4783,7094,2890,1725
6723: 2155,5356,4398,7353,304,7635
6724: 1544,1879,3805,6375,6866,283,7221,6791,3075,1646,7812,4788
6725: 6294,1505,760,8027,7950,3469
6726: 1121,2767,4734,5680,6278,4502,4855,4119,2221,5669,5908
6727: 6177,1985,4903,3796,7016,2109,3995,1275,305,809,7847,3156
6728: 6554,2123,5110,1539,3578,3030,7050,4548,6640,6536,343,43
6729: 1687,1713,5926,559,5106,6835,4627,2459,5914
6730: 1644,2007,3089
6731: 452,4986,6895,753,2128,4874,7083,5590,880
6732: 1543,958,6213,3713,4772,2419
6733: 6618,1642,1180,3220,5499,2200
6734: 4734,1335,3653,4779,4763,2486,2863
6735: 3376,7642,6993,1125,3887,3797,2386,652,7894,1014,800,5407,1161,6274
6736: 677,1645,4267,723,6756,5390
6737: 2498,5698,5531,4481,2434,6915,306,1852
6738: 3603,1801,7234,6276
6739: 3959,7089,2615,6207,3221,6163
6740: 4732,2558,7378,1751,554,998,7512
6741: 2363,1025,7324,3384,639,5973,769,6078,2966,1325,1657,8088,3577
6742: 4959,925,3213,4016,7660,6652
6743: 2612,213,2603,6120,3194
6744: 35,6281,3440,5594,1498,8108
6745: 2615,6163,776,2864,1252,6357
6746: 5637,887,3830,1919,4383,4017,7268
6747: 2732,4495,117,3330,1750,6769,5358,8046,7557,7165,3296,2218,6495
6748: 3273,3298,4030,6808
6749: 7900,2937,671,504,5907,2365
6750: 4088,3999,6074,4018,7406,1916,5651,1952
6751: 3738,1460,3159,1211,4997,4919,7795,2179,7452,2918,2632,7244,6197,1497
6752: 4189,4008,895,3604,2227,5993,1041,224,535,1249,7892,5426,5728,4531,4349
6753: 940,7978,7947,1968,6414,5784,3843,1880,183,8188,1034,4677
6754: 8139,2746,785,4598,4995,3319,7509
6755: 6200,6800,3575,1122,3804,319
6756: 5390,6891,214,7067,1645,6736
6757: 1752,3297,2012
6758: 5672,353,6684,2283,5526,3008
6759: 3140,503,6503,5753,4897,3651,2227,7892,3718,5916,281,2678,7418,7293,5942,5167
6760: 4521,3670,4450,6060,3222,64
6761: 4442,7609,5316,406,8073,2939,5656
6762: 2083,2408,4441,881,1078,2256
6763: 4472,416,4078,3284,6237,4376,4699,750,2865,5770,1353,5946
6764: 5192,7864,882,2709,126,6287,5866,2085
6765: 218,1590,4752,1759,4673,3636,3223,3066,5514,5867,2141,7775
6766: 1656,5146,7454,2072,7318,5915,5103,215,4691,6847,1434,6228
6767: 1440,2462,4938,3187,6894,155,6797,3703,461,1339
6768: 7480,851,6971,324,1693,2343,5727,7394,7663,4446,6056,7827,2681
6769: 2382,117,3330,1750,251,1809,5358,8046,7557,4894,6747,5109
6770: 5713,7838,6720,2545,4557,4166,2078,6850,959,3778,364,5267
6771: 2708,7865,6085,3180,5809,1354,1213,4259,738,3176,898,1891
6772: 7642,2740,5348,3481,1909,8186,7099,5606,2679,6339,6721,1255
6773: 2044,7979,1056,1841,5107,5120,3084,5752,6112,7179,320,3851
6774: 6861,3009,7465,5459,1346,3647,972,1595,7042,6556,420,2797
6775: 2472,2251,7363,1284,3210,2353,6328,416,2034,1374,2865,3214
6776: 2372,6015,2839,5424,2726,6229,5573,999,4727,493,4429,3475,1935,7709
6777: 3380,4549,2866,5868,710,1489,1081,5241,713,5900,5714
6778: 7496,5239,4492,1664,700,761,3478,7954,1070,2940,7798,7722
6779: 7952,620,3970,437,3669,7500,4353,7553,2536,3806,773,5422,740,5701,2303,1837
6780: 6344,3893,1674,7674,5210,430,3803,7474,2526
6781: 24,5940,2316,1925,5095,7938,1908,4114,2021,3439,2833,1607,6860
6782: 6563,216,1701,2032,6679,3983,8111,1302,5764,6269,6329,2716,522,7882,7358
6783: 7849,4150,3085,2306,2508,444,5292,2792,547,5706,6481,4307,1181,1416
6784: 2520,4181,243,4449,5959,3792,6586,7266,4422,1858,883,598
6785: 4380,1221,1966,7962,2317,6017,3996
6786: 3849,7785,6076,5099,1123,7370,7634,3877,836,7212,506,4750,6190
6787: 1856,7048,6160,2440,3357,1026
6788: 5941,184,5704,7960,8034,567,7029,4216,4241,7217,2947,4507
6789: 31,7347,6255,6238,4007,462,279,8049,3765,8145,3003,5695,6585,1282
6790: 830,7906,8101,3455,3252,5418
6791: 1544,6724,3805,6375,2002,1496,6816,1646,4239,3236
6792: 1360,6957,1001,4361,3062,8154,4842,2318,1350,6936,7274,6180
6793: 5342,4543,6661,1864,4513,7306,3250,1503,5139,8131,3224,399
6794: 286,2319,3417,7567,5537,1814,4127,1382,4880,6046
6795: 3684,6392,7325,1268,4019,7922,2183,383,3968
6796: 6285,6974,1695,4467,270,7034,658,367,2320,4035,4708,6910,6422,5640,1098
6797: 1440,2462,6498,6882,6890,6894,6767,217,7993,6845,3117,2856
6798: 502,411,2941,1190,3452,7884,4249,4963,5307,6511,198,5953,3342,2001,5323
6799: 4139,1943,3320
6800: 6151,6755,3804,319,953,7161
6801: 3994,4773,218,1862,2699,492,5104,3127,5437,4104,7658
6802: 979,3424,2035,5768,6609,2555,6572,3990,5466,3862,8128,5663,6615,1641,4228
6803: 4366,947,7983,3752,2942,6870,855,8015,3541,4681,4775
6804: 1014,800,288,3160,5407,2987,6274,7634,1125,7317,3797,5633,6567,4750
6805: 6297,4067,219,6326,4812,1791,478,1990,5816,7878,3897,3263
6806: 2321,1149,393,2969,3534,7588,7622,558,3265
6807: 7599,3086,6027,79,3178,864
6808: 3298,4030,5322,680,7377,6748
6809: 7547,3175,690,7655,623,8140,7911,1794,1140,2711,5761,7618
6810: 1722,3329,5179,524,7133,5372
6811: 3226,6839,1124,612,4109,7267
6812: 7893,6143,3871,949,3510,463,5077,6084
6813: 4665,602,3379,376,4358,7811,2471,1506,15,5555,7148,6455
6814: 3441,6830,1445,1090,4175,115,4039
6815: 3748,6199,5782,732,4084,7931,8026,5939,6642,156,1507,4926,3397
6816: 1496,4262,7427,1646,4239,2499,5253,1544,6375,6791,3075
6817: 464,2064,3749,876,5648,6388,7582
6818: 6650,4459,1314,1300,6632,884,2021,5518,80,7809,2100,5095,1247,534
6819: 669,5131,2850,2843,7348,2867,6266
6820: 3928,587,465,7506,3540,5875,5217,1617
6821: 4505,2214,7508,3881,1881,6829
6822: 1818,2709,126,113,4296,2648,4185,3421,5121
6823: 5413,3033,3931,7164,4367,7021,1647
6824: 2411,6051,1383,5399,4564,466,2382,117,3982,1809,7557,4894
6825: 7311,2445,1027,2848,1281,3365,7203,296,5023,4621
6826: 3392,1623,7929,6938,3225,344
6827: 3010,6463,264,5850,1500
6828: 2233,4969,820,2454,5968
6829: 2675,1881,1348,7747,2214,6821
6830: 3441,7238,6814,5223,1090,4175
6831: 6070,5867,714,2141,6439,2022,728,1545,3322,2861,3848,4327,6692
6832: 5136,994,8160,6604,4020,1772,5161,7652,1160
6833: 352,2175,5839,1546,8186,2364,860,7099,237,7704,293,7130
6834: 7988,4061,1914,5615,885,4116
6835: 6022,3299,2459,6729,5106,6378,829,6279
6836: 8060,358,3143,1272,1755,6236
6837: 4578,3702,290,4844,467,2477
6838: 7170,3393,1230,4021,4171,4770,6464,521,2707,165,4528,2817
6839: 2826,6811,3226,1124,511,8041
6840: 2943,1108,2831,187,4579,4244
6841: 4208,2185,6556,3011,6297,4067,6326,4812,2797,1791,6559,1203
6842: 2944,7234,2402,6276,4447,734
6843: 3290,3928,587,7506,1552,7648,3946,291
6844: 1175,5376,1066,2322,5621,1113,2570,6419,886,6898
6845: 7993,5863,3227,3151,7879,5193,6882,6890,6797,508
6846: 586,7495,7629,5511,3567,287
6847: 4691,4245,7162,3300,2115,5915,215,4831,6766,1434,4336
6848: 3442,5922,7258,423,1711,7180
6849: 3518,729,2460,1790,624,2455,7678,5687,1179,7568,4777,6053,6286,2621,2400,3889
6850: 6941,5204,635,959,3778,5596,2461,4913,6720,4557,2236,6770
6851: 4151,4855,1889,6398,3782,1270,2710,4762,4119,1474,202
6852: 2166,0,5189,3898,3812,4386,5495
6853: 3012,7550,777,2280,1282,7314,2006,4454,5502,7027,6410,2985,3889,279
6854: 4906,3640,7693,4974,626,3948,5749,1671
6855: 6186,579,1351,2323,1873,1658,227,8124,4709,7375,6605,3548,5284,875,4188
6856: 382,7670,647,1911,6358,2106,7082,5565,5564,4488,7250,3228
6857: 5341,2654,911,3041,5343,387
6858: 4743,4935,2397,3537,7923,7743
6859: 1459,2720,220,1834,7419,3319
6860: 2021,3439,1607,5736,6052,5518,24,80,2316,2100,6781,1925,5095
6861: 6774,3009,7465,284,1595,420,1016,6472,7156,4473,1741,6251
6862: 7045,3105,6877,8071,1638,1038,5379,3274,5589,3014,1494,2995
6863: 8070,139,7767,4090,1690,5998,3532,6081,6411,2888
6864: 7547,690,2222,1467,1349,3497,7510,4860,2196,1956,5491,7420
6865: 3806,5422,4530,5701,2303,6897,1837,7646,1666,221,366,3489,2647,5027,4272,1152
6866: 1544,6724,1879,3730,3805,6375,283,3694,7221,2002,7450
6867: 4622,3993,30,3949,1845,4849,1455
6868: 5337,386,93,3311,962,7903,2430,3013,4015,5353,4609,2568
6869: 2868,2295,4154,4204
6870: 1547,321,2942,2099,8015,7983,7271,3752,3040,6803
6871: 617,1444,3243,4289,7184,336,3443,4745,7208,2713,4169,4266,2743,4790
6872: 6706,5331,4099,186,2040,4193,5173,153,2324,1240,5535
6873: 3444,6102,5290,3400,1660,7437
6874: 4533,2775,5568,7063,222,2018,3505,5091,5592,1515,1043,7146
6875: 4245,7494,3950,7162,1481,239,7035,2213,1082,3401,7175
6876: 458,1212,810,3445,4043,2635,2171,7842,5992,7096,7248,7003,758,5844
6877: 4095,2677,7045,6435,1278,6862,7213,3450,3105,369,8071,3014
6878: 8119,5619,2164,5510,1560,150,1465,4808,5075,3301,1137,7999,2656,1151
6879: 5601,5180,7471,3597,2234,983,5903
6880: 4229,7998,5113,2338,7683,468,6962,2142,1051,4506,2301,4973
6881: 2484,903,4336,8122,537,1884,7959,5666,3696,3465
6882: 1440,2462,6890,6797,3703,508,217,1784,7993,6845,3227
6883: 362,3356,5212,7451,3169,3888,7120,6139,943,4080,6290,1735,3056,4463
6884: 1817,5516,5702,4293,347,1910,2102,5366
6885: 2223,246,7781,965,1352,4540,1882,5108,1591,7107,5878,5746,4038
6886: 4575,4875,4693,3951,6107,1846
6887: 1194,4060,3387,7286,778,6360,474,3302,6510,6001,7577,2631,7431
6888: 6288,3015,7201,1899,4544,7457
6889: 4126,6995,1454,2477,1028,4578,2539,4041,7955,7503
6890: 2462,6882,155,6797,3703,508,5965,1784,2869,6845
6891: 6756,4022,5390,5581,2676,214
6892: 7707,3453,3229,643,3841,758,7855,1232,7963,1792,4586,4909,5126,5506,5844,7152
6893: 5588,4553,6553,5900,7036,1396,1323,3952,2796,5714,3814,588,4976
6894: 1440,6498,6767,6797,461,1339,6530,7531,3446,2856,5309,7730
6895: 452,6731,7774,3303,4986,753,2128
6896: 7585,909,3649,6135,5356,3088
6897: 3806,5422,3202,1343,6865,4530,5701,2303,7157,1837,6475,221,3489,4272
6898: 6419,1535,2806,2361,886,514,3569,5702,6844
6899: 5213,650,5082,1029,6671,2391,2859,2715,8085,3315,7327,1486
6900: 6465,4325,991,6384
6901: 2414,4644,1046,140,1202,365,2776
6902: 5948,1030,3464,1810,4065,7653
6903: 3016,7487,7511,2755,2483,77,5453,5332,4504,1303,2744,2733,4198
6904: 558,1548,6082,5563,3265,2250,7622,2321,2403,6680
6905: 181,6361,4469,4898,3230,2997,576
6906: 4286,7854,8123,3313,3807,3331,67,4851
6907: 2979,2004,8078,8016,70,8157,7768,1723,4792,5442,3332
6908: 3247,7299,1838,5224,3808,5054
6909: 7661,2660,4089,6090,847,109,2219,3523,1031,6360,474,6950
6910: 2662,367,2325,6263,2320,4035,4708,516,8117,7034,658,2456,4660,6796
6911: 7896,5028,5316,2870,406,2597,645,1319
6912: 4034,1962,1032,1210,7746,2628
6913: 2575,4616,887
6914: 2801,5411,313,1677,4905,5231,5112,425,3447,3069,1438,7515
6915: 5531,4481,6737,306,1852,888,4288
6916: 6348,2326,4162,1009,6998,5997
6917: 1317,5285,5056,2504,1549,5751,4545,5721,5000,8028,6582,4758,3783,1260
6918: 2327,1493,7630,5447,4193,1150,2738,5436,1394,6706,2862
6919: 6262,1716,1033,3980,4675,373,539,1379,2758,7832,408,3582,2736,5533
6920: 1998,2328,244,7316,6200,1122
6921: 5410,4023,6653,2189,3064,4325
6922: 2329,7661,8173,3737,109,836,4869,506,4546,483,8087,3657
6923: 7804,8039,1550,3690,7825,611,6277,3189,142,4484,8083,2756
6924: 4242,2330,5881,3352,6366,2038,3364,787
6925: 4024,1296,7226,788,1953,1573,4320,4697,6166,6208,7673,6634,8162,1487,8055,3280
6926: 2756,7777,1373,4213,1034,5646,1550,2137,7947,3843,1880,183
6927: 3686,3051,1551,4916,3467,1088,8033,7571,2050,4539,5170,636,5827,7560,3777
6928: 3321,1713,5401,3317,5926,559,6287,1836
6929: 8078,7713,3705,1035,6504,441,6293,5486,5195,5897
6930: 2331,8010,6087
6931: 5984,689,4956,1050,2871,4634
6932: 4199,2927,3304,7985,3808,5557,6233
6933: 1785,600,2872
6934: 27,3448,2015,6107,1846,1849
6935: 6061,7374,3885,3031,3509,3637,5848
6936: 2318,1350,3237,1724,8104,63,3361,2437,7274,6180,4611,6792
6937: 307,1765,5591,2680,4218,5490,4207,969,7005,6956
6938: 1623,7639,6826,3225,2524,6129
6939: 1683,3981,1580,6145,7942,4577,5762,2235,6573,7356,591,8079,7591,4774,3074,6318
6940: 7054,918,4042,7888,1273,84,752,6710,7772,3374
6941: 6850,2224,5204,635,2051,2461,1023,7980,4913,4037,4557,2236
6942: 5294,3170,1138,2690,7845,6547,6450,6192,3638,4904,431,531,3822,801,5551,1528
6943: 502,1449,1190,3231,7884,515,5307,4389,8142,8098,7369,1523,136,3042,8054,4509
6944: 1916,5576,7365,2037,476,2898,1036,7602
6945: 6516,1552,2853,893,3572,7986,6381
6946: 7015,2052,978,1262,569,6183,4534,1116,3232,4949,1585,2232
6947: 3058,6016,314,3823,7167,2029,6513,4635,1871,8097,7605,3406,2753,3378
6948: 4783,1760,4014,6722,6674,1725
6949: 1331,2173,122,3169,6245,7120,1685,778,5860,3302,6001,2631,1783,3456,308
6950: 1194,7286,728,6360,474,4482,6510,5116,2219,6909,3523,1545,2022
6951: 2077,4396,5001,1508,3920,28
6952: 20,301,4172,522,7882,7604,1802,1553,4892,5201,5923,6071,4928,3629,7358,216
6953: 1795,2748,4977,3854,432,5031,1958,7501,7974,2488,7618,4068
6954: 2245,2383,1708,6433,4965,523
6955: 3518,2460,1790,4777,6053,6286,1307,2180,7917,5925,7261,279,4454,3889,3462
6956: 2063,969,7005,5697,6937,5591,2680,4218,5013,4225,2775
6957: 518,1001,4361,6792,8154,385,1350,3361,6180,6169,2181
6958: 1277,1554,4806,5345,891,3644
6959: 2730,8167,2810,7111,6256,1797,6037,4372,5503,4659,6417,5387
6960: 817,2463,6014,2588,2016,4619,5699,4722,3126,6110,8018,4862,5892,3416
6961: 4440,3939,2393,1794,933,104,5464,2711,7319,5342,3199,7306
6962: 4229,6880,5113,440,7683,468,2142,2889,1367,2634,1051
6963: 5227,381,1509,4566,6975,2055
6964: 1726,7868,3707,3091,5295,875,4605,5690,7431,1098,906,3387
6965: 6186,1351,2478,4709,5240,4128,6055,3686,3398,262,8033,4539,4082,1993
6966: 1197,1504,7362,2618,3633,578,6376,8146,1624,6189,4187,257
6967: 6114,3322,7610,2861,235,4487,3848,7672,4327,1109,6692,878
6968: 737,6514,739,1883,99,3927
6969: 4186,2168,1823,7716,5481,310
6970: 968,6708,2,2936,2715,6296,4341,338,517,2813
6971: 7480,851,324,6768,2343,4038,6056,7827,246,1318,3869,2681,5004
6972: 7831,2167,5560,8004,7928,8141,2014
6973: 4813,1238,3106,4672,3617,3219
6974: 6796,1695,270,7534,6283,7034,658,367,2320,4035,5640,5295,5690,1098,5517
6975: 2168,5235,1823,2055,1509,6963
6976: 2132,4388,6355,7307,6322,1131,5388,4879,2689,443,990,3323,1930
6977: 7443,1274,6042,7189,770,4049
6978: 3355,5458,1912,2921,7853,2626,1225,29,1841,311,6112,4401,3840
6979: 3180,120,3710,738,6580,4231,370,924,2585,4719,4696,8013
6980: 1186,2464,4179,2693
6981: 4196,3944,4029,7779,741,2384,1117,258,4558,7020,678,5737
6982: 1572,7198,2682,6448,3157,8,5260,2125,5144
6983: 3638,3114,2918,7304,1613,2632,5055,131,7244,6197,1497,2385,4501,3860,7971
6984: 5926,559,742,4205,2814,6537,2418,4627
6985: 5259,3639,2495,5380,160,5182,2009,3198
6986: 4366,1120,6660,5050,5772,312,7127,768,3755,7266,8037,3742
6987: 764,3524,5660,8014,1340,360,5628,3062,4337,5029,3468,3345
6988: 418,3285,3346,6656,2769,2525,7873,500,1024,5210,6243,1663
6989: 6150,4040,3873,7224,473,2273
6990: 3164,4943,3107,6310,6502,5988,3262,5171,3418,616,7464,2784
6991: 1413,428,5197,3556,7738,1982
6992: 7823,1944,4131,5537,1680,3515,286,1169,1814
6993: 3376,7642,5348,3797,2386,652,6735,3481,4798,3618,622,7894,800
6994: 7812,3678,4343,163,2658,4840,745,1743,4310,489,4262,3075
6995: 4126,1454,7339,6889,4041,7955,3623
6996: 5423,7803,4284,1227,6476,3715,2954,984,568,5479,5851,2090,203,4388
6997: 388,5256,7904,4498,2691,7378,1751
6998: 4162,6916,2624,2465,4210,5997
6999: 6253,6376,1624,3803,6189,7415,2526,673,684,7455
7000: 5941,184,3488,1921,7960,5415,8034,4425,6626,4568,3324
7001: 5557,6233,6235,7349,3108,3878
7002: 2169,595,3853,7097,7112,4045
7003: 60,421,3063,1616,1813,3350,5299,7090,7681,675,810,4043,2171,5992,6876,7096
7004: 271,4536,731,2087,2441,5272
7005: 4207,2712,3426,969,6956,307,6937,4218,835
7006: 5406,7037,5222,2860,3032,7636,7736,6677,2309,2143
7007: 3325,3571,114,828,4683,5583,5181,1466,253
7008: 2500,2113,1596,3093,1941,920,8079,7591,3362,2635,2170,4345,4514,4885,7942
7009: 1195,3667,872,2345,4137,4929,3109,273,2807,1063,7200,5068,5344,2564,3632,4630
7010: 5304,1193,7733,3459,2103,193,3540,5875,2653
7011: 4304,2586,2683,8091,1883,99
7012: 757,5793,3447,1438,7515,2801,313,6209,5464,2600,7816,48
7013: 7340,1138,2690,7845,6450,1793,6192,833,3165,2280,7314,232,5502,7027,2961
7014: 5020,2470,5122,335,7113,2731,6523,8147,4929,1602,1820,2480,2741,4374,1771,4524
7015: 4534,6946,1116,7227,8144,1585,4208,1696,5346,3929,3
7016: 3859,4651,3619,2080,5474,2109,2373,4203,3995,1275,7847,6727
7017: 867,4329,7889,4124,5524,3110,6347,21,4246,4421,6505,594
7018: 4083,628,389,13,2523,7757,1286,3099,7700,4876,6695,7159,5917,708
7019: 2487,3978,2179,2734,4805,5357,5802,7452,4082,248,4501,7539,2398,1510
7020: 570,212,4558,7751,6336,2228,4103,3174,5737,7779,6981,1117,2976
7021: 7257,1575,3097,7164,6823,1647
7022: 1665,7861,6537,1511,3321,5926,417
7023: 1666,5950,1875,4032,366,790,4363,6395,6147,4835,5801,3098,7226,3611,1573,1812
7024: 4380,7962,5476,469,166,7412
7025: 1414,6570,3816,6013,1027,2848,7203,4621,2885
7026: 3058,6533,314,3823,6513,2532,4635,4438,2527,7044,5561,1857,5326
7027: 3012,7550,777,4265,2280,2006,6853,232,5021,5502,2961,7614,6101,6192,7013
7028: 4786,915,1727,61,8089,2671,6387
7029: 1074,5704,1917,6788,567,3111,5717,4216,573,7665,4125,7217
7030: 2104,5317,1996,7859,4684
7031: 4227,1473,3382,360,5628,7580,6591,538,6131,6401,1945
7032: 6624,4196,3944,5034,4029,1796,2490,741,2384,436,1134,7338,5327,7597
7033: 4003,7573,470,4975,6156,3364,787,4668
7034: 3729,6283,658,1819,2456,4660,367,2325,6263,4035,516,6910,5517,6796,6974
7035: 6875,903,4245,7494,3950,1481,2962,1884,7959,5093,7175
7036: 5588,4553,5270,1896,6893,236,3952,3814,588,1418,3434,7533,6548
7037: 2860,368,3032,7636,7736,5397,2011,7006,1073,5647,2143
7038: 5219,2900,5658,3824,4712,2003,1839
7039: 5243,1488,3273,5559,5847,4030
7040: 41,3634,4071,1728,3217,4568,6271,7565,813,3027,3488
7041: 2042,766,1010,3605,6349,2989
7042: 6774,5459,1346,972,7835,2160,577,2299,899,6105,6556,6559
7043: 2645,7934,605,3835,3779,4814
7044: 7026,6533,2795,2532,2527,1597,196,4591,7778,5561,1857,3502,5945
7045: 1278,6862,7213,512,3105,369,6877,8071,4184,1038,5379,1494
7046: 6262,5754,2377,1033,3980,8052,361,4675,373,539,2777,5693,3241,5553
7047: 5856,1948,1659,3254,2387,7425,7296,199,5577,3890,2774,736
7048: 1856,6787,6160,3046,2815,5473
7049: 7153,6122,318,4220,3675,705
7050: 1125,3030,7317,6640,3887,2386,1014,2123,5110,6342,4053,6728
7051: 7818,1866,1198,3386,3716,5873,7977,921,6002,3179
7052: 315,5096,3260,8062,6429,1774,6531,3368,7205,2735,3580,3340,7505,5832
7053: 2057,1944,6627,4131,7114,2466,604
7054: 918,4042,7888,4803,2213,6940,1082,7710,2962,1865,3458
7055: 3207,4721,540,5906,6137,6485,3726
7056: 2471,3034,6302,2570,5705,4417,1910,5366,5376
7057: 865,6374,4266,1763,4951,5125,3018,1986,2117,2713,4010,4686,4169,7184
7058: 683,3472,7561,1341,7102,5375,7449,8081,5333,2406,2093,3035,4583,3036
7059: 979,5803,2035,5238,2467,4613,2555,2646,3558,7687,174,1313,5009,2159
7060: 5650,2528,4456,3709,2611,5979,1673
7061: 6678,5414,3490,7269,4155,7231,327,1611,2237,7149,6046
7062: 642,5092,2529,6223,815,7087,4247,751,1287,1559,1380,4740
7063: 4533,6874,6608,2775,5568,1648,7479,7520,3831,3005,6593,1043
7064: 2489,4726,3049,7608,668,4312,6578,1276,2443,6059,519,2105,5039
7065: 316,60,3063,3632,1813,4630,5299,5741,6507,5344,2345,3021,7681,2148,2564,8069,4519
7066: 3608,44,6426,5686,804,1776,5912
7067: 472,1645,6756,214,5047,717
7068: 5685,8155,1415,1110,3076,1922
7069: 850,3353,5982,7809,2316,7938,2616,6577,2684,6650,4459,4342,1185,999
7070: 2087,1729,3809,3943,3790,5272
7071: 4157,3825,2583,5163,7110,1148,1906,4520,2030,13,3141,1430,7395
7072: 2730,8167,2810,231,767,799,6256,1797,1627,5734,4250,8164
7073: 7472,1768,5552,3326,3259,5066,3501,6568,4052
7074: 161,6175,6095,731,2637,3642,4356
7075: 2358,1570,1357,7083,3902,880,133,7822,2875,6633
7076: 3405,696,3658,7527,181,8095,1512,3230
7077: 1822,5665,4431,7540,2692,7400,2855,6482,6525,7210,1738,390
7078: 3901,1969,2231,4642,2845,402,5927,663,146,3821,2425,5421
7079: 5363,4705,4680,8175,541,2882
7080: 4991,3112,6282,1220,2163,5773,394,5667,7958,5759,1567,2999
7081: 6598,1021,1513,7092,3385,5920
7082: 382,4156,6856,2106,2147,95,5070,5565,5564,4073,4488,3228
7083: 7075,2358,880,4992,133,6731,4392,4986,2875,6633,3616
7084: 2388,4931,1376,4355,4603,3310
7085: 317,5654,1210,7746,3650,5843
7086: 4297,2996,6058,2187,6250,5134,1707,4163,2107,1519,7143
7087: 7062,5779,642,5092,6223,1229,2275,480,4884,815,2304,3113
7088: 3735,6607,5643,1199
7089: 3959,6739,3221,1885,4908,3131
7090: 3021,7681,8069,6369,7152,60,1813,7003,3453,758,1792,5126,5844,4043,2171,7096
7091: 1239,1416,5289,1564,6577,3150,448,3857,7093,5315,7230,547,2983,1897,5706
7092: 669,1886,2867,4698,7081,1513,5920
7093: 1239,1564,651,5831,8126,3857,5315,2453,7091,5199,1248,2468,7837,4868
7094: 1155,2890,5209,2127,832,6722
7095: 5709,5310,4956,1050,3826
7096: 810,3445,4043,2171,5992,6876,7090,7681,60,1813,5299,7003,758,1792,5844
7097: 2169,595,6214,988,7002,2108
7098: 4953,5234,3166,4939,1649,2516
7099: 237,5606,293,7130,2679,3583,352,6833,1909,1546,8186,6772
7100: 1956,4059,38,7420,1467,1349,7510,5254,4828,3817,4331,3327
7101: 6663,1777,5632,2129,4142,5952,4044,6224,3156,3119,1409,4846,526
7102: 683,3472,1341,526,5375,8081,7058,3562,5632,1409,5333,2093,3035,5758,4583
7103: 4651,2080,6000,5474,1619,2109,7787,916,7847,4142,5952,5296
7104: 7160,1200,4585,8138,3764,5178,7825,4937,4095,512,1975,8071
7105: 5809,3710,738,5677,6580,4231,4982,1100,2259,5683,3055,370
7106: 4620,3057,1219,1798,7483,2396
7107: 5108,1591,1192,3420,2351,5746,8084,3919,7781,6885,1352,1882
7108: 436,837,7219,1134,4903,3463,2238,229,7691,4526,937,2490,5159,5352
7109: 7215,733,7119,3827,5731,7467,1142,6612,6232,7944,1799,1730
7110: 4157,2802,1105,2583,5163,2172,456,4347,4256,3521,1148,7071,5972,1906
7111: 6959,2810,5739,2577,6256,2469,1689,5976,2687,6037,7222,309
7112: 5264,4045,4027,4486,595,7002
7113: 5020,2470,5122,335,4269,1195,2731,6523,7014,2841,872,4137,8147,4929,2480,2741
7114: 7053,3053,6627,4131,1680,438,7621,4046
7115: 374,606,5314,2667,3895,7895
7116: 4001,1921,7382,3037,1463,7992,3292,7320,3902,4071,842
7117: 1448,5394,7997,4475,6557,325,2097,1775,6275,2685,2056,1628
7118: 6305,1417,5123,6167,3938,3883
7119: 3827,7467,7109,234,1799,1730,5779,2275,480,4884,2304
7120: 7354,6883,2173,362,122,1405,3356,5212,3169,3888,6245,6949,7375,6290,1685
7121: 6438,7197,7876,3769,1735,8184,322,3114,676,3506,943,3860,4670,5509,5482
7122: 2858,3890,2774,1408,4263,6039,8090,1226,6578,1948,7296,199,8113
7123: 6320,1321,2686,5468,88,4877,7820,6303,6179,1830,3802,6
7124: 7483,4047,4040,7651,7224,1798
7125: 3245,2174,4399,1077,4321,4806
7126: 3358,5835,5754,3980,8052,1863,361,5939,3328,3659,156,6473,4970
7127: 6986,1120,6660,2697,312,3755,7773,1462,4278,4048,8037,3742
7128: 2409,2336,5770,3882,4830,2664,1353,487,4078,4376,750,1006
7129: 3264,3679,571,3436,4173,2084,6025,4335,6587,4964,7561,7449,2199,346
7130: 7099,7704,293,6008,3583,5834,2857,603,860,352,2175,6833
7131: 6308,3212,912,7730,2836,3827,1142,7944,1799,7460
7132: 1518,3208,4098,1258,2995,8038,5977,3910,1323,3814,588,1418
7133: 6810,5179,5372,5684,2879,3095
7134: 2176,6493,6174,6247,4636,400
7135: 538,3602,5958,6131,5566,7188,7580,1887,2701,1945,2337,5947
7136: 265,1571,3068,5664
7137: 1514,3589,4737,4221,2347,329,7719
7138: 154,1711,2153,2742,5038,7180
7139: 7353,7696,1579,5744,3351,5766
7140: 2772,4190,170,272,5232,1851
7141: 2669,5383,528,3176,6432,3146,2136,5584,1354,5987,6184
7142: 1366,7153,7972,28,1419,3675
7143: 1529,6119,2005,3007,5019,1519,7086,2996,6250,3403,6716
7144: 5287,2239,1114,4143,7664,328,1073,7984,2566,962,5302,368
7145: 607,7887,3219,6701,2543,6699
7146: 1515,2342,5018,1934,1043,222,5592,4533,6874,5568,7479,1008
7147: 7645,238,4494,290,3590,4914
7148: 7811,2471,3034,1506,602,376,6813,2702,5105,3396,6455
7149: 5488,1420,2237,7195,2390,904,3490,7061
7150: 4716,5483,5248,3248,2389
7151: 6673,1947,877,3753,1684,1516
7152: 7090,3021,7681,2335,331,1946,7742,4362,6369,5194,3453,6892,1232,1792,4586,5126
7153: 1366,7619,318,7049,3675,7142
7154: 4800,5994,7933,162,3320,4139
7155: 451,1079,3258,3985,5855,6604,4574,2891,783,7521
7156: 2472,2251,1016,1284,3210,4473,7572,6861,7465,284,8189,2034
7157: 773,3525,1343,7717,740,8001,5701,2303,6897,6148,6475,1147,5954,4707
7158: 6425,7930,1581,94,5824,973,3549,8133,7430,4883,1517,8019
7159: 6695,7396,5917,5215,2530,4322,708,4742,5386,4876,2523,7018,7757,1286
7160: 834,3162,5777,4324,7780,7104,1200,3240,4184,1638,4585,5178,8071
7161: 319,2405,953,7808,1093,6800
7162: 6875,4245,6847,6292,1481,239,3300,7188,2115,3601,4831
7163: 2531,3423,6003,5053,3700,8179
7164: 4367,393,3234,7021,7257,1575,6823
7165: 2732,117,3982,3330,1809,7557,6747,466,173,1310,4637,4841,8103
7166: 553,7814,1493,5891,2986,2855,2404,4330,3263,1421,6482,7497
7167: 4987,6016,6947,6533,314,3516,2029,6513,2532,4635,1783,308,1109
7168: 2454,240
7169: 7943,837,7219,6584,3463,2238,229,3958,1056,4526,5120,3084,2919
7170: 1230,4021,1775,4171,6838,7949,4770,521,8176,2817,3394,5394
7171: 6037,4372,1592,7264,7222,608,309,2469,6203,2687,4153,1368,2146
7172: 3145,6162,3358,6262,1716,1276,668,1379,2758,2443,6059,3582,2105,5039
7173: 6182,2225,3115,5617
7174: 1281,2241,6368,1182,4062,2201,5694,1395,5600,2544,7829,542
7175: 2065,1884,1168,7235,5093,1082,6875,3950,7035,396,2962
7176: 3744,6602,556,1315,2177,1129,4159,4160,5118,5229,3153,7486,2073,5030,4901
7177: 2556,379,5885,5722,2211,3438,5386,6592,1618,543,1061,447,7697,4652
7178: 168,409,2963,6597,3734
7179: 6050,4606,1159,7581,320,4596,2044,1056,1841,6773,3084,5752
7180: 1711,7138,5038,3038,7258,6848
7181: 3172,996,6202,5527,1650,1757,956,2644,2338,4867,440,4432
7182: 7392,1358,8153,2197,2068,4402,4654,5017,6689,5570,3697,6655,5707,6581,874,3116
7183: 1660,2169,6214,8002,1201,481
7184: 1444,336,6871,3443,4745,1986,2713,4169,5541,4266,1763,7057,2743,2549,4790
7185: 609,3499,7858,2162,1923,6006,223
7186: 1514,2706,5639,2230,2672,2240,6299,1172,5048
7187: 2134,5556,4899,51,1277,260
7188: 3602,8053,7135,3601,1887,2701,5720,5936,7162,6292
7189: 6977,1274,3925,2698,4049,4980
7190: 7648,1888,2178,5849,6652,2808,1347,7994
7191: 3789,6673,1947
7192: 1202,3880,2846,3584,4704,6352
7193: 1990,1741,4755,4243,3197,4050,5816,4427,6251,7878,3897,4067
7194: 4410,646,848,2262,7692,1422,2435
7195: 655,572,5488,1420,7211,2390,7149,904,2348
7196: 6696,7280,164,1714,806,6437,3112,6282,3689,2163,5773,394
7197: 7121,4004,1423,7876,2447,3769,1597,7270,1735,49,4463,8184,322
7198: 1572,6982,4711,3157,2125,5144,7251,6108,8061,59
7199: 1362,31,1430,8049,5695,2583,544,3203,351,2952,5969,7541,1635,4907
7200: 3109,620,273,2807,1063,3970,3669,4353,5068,6092,5673,1049,4928,3667,7009,4500
7201: 6888,395,6288,2379,2395,7457
7202: 4469,5279,2997,835,2357,3706,5636
7203: 1027,6825,2848,1281,3856,3365,2241,5032,296,7025
7204: 8017,585,2269,2473,7481,3678,4343,3894,5530,7752,6312,98
7205: 2196,1956,4059,2735,4994,3580,4587,5461,7052,315,5096,610,2933
7206: 1259,6073,3433,2242,7907,771,4952,4653,6528,2339,2370,415,1601,3202,5111
7207: 6230,5191,3526,859
7208: 617,1444,1303,2909,2744,2733,4289,336,6871,3443,2976,2000,4198,4103
7209: 4840,745,1743,489,7416,6275,34,4262,2056,5534,2499,4051
7210: 6525,5447,1738,4193,1150,5173,1800,390,7077,1493,2855,7630
7211: 655,5629,572,5488,1420,7195,4880,545,2501,1206
7212: 3877,4089,3737,847,109,836,4657,1994,3849,7785,6786,6076,6190
7213: 2677,7045,6435,1278,3105,6159,6877,3014,5645,1494,6714,2430
7214: 1424,5707,8098,1153,2688,2519,2533,874,4364,7277,1449,3231,7834,6079,4389,5932
7215: 5731,7109,1142,6612,6232,3173,217,3227,2822,3117,1541,179
7216: 2409,4444,1166,2336,3882,4830,2333,2664,4801,5822,422,4990
7217: 4216,573,1912,7665,2626,1225,5205,4125,5704,6788,567,7029
7218: 4251,3907,6675,2474,6202,5527,4938,3187
7219: 3201,6177,7108,837,1985,1134,4903,3463,2238,7169,229,7691
7220: 7670,5137,6023,5373,1589,1895,546,5062,2661,1767,7794,3354,4676
7221: 6724,1879,3730,6375,6866,3075,1743,7812,4788,3678,5530,163
7222: 6037,4372,7171,608,309,4659,2469,7705,5976,6203,2687,2810,7111
7223: 5913,3935,6460,2347,574,329
7224: 1960,6989,4040,7124,7651,473
7225: 736,3118,7275,1458,446,6443,3890,4993,66,2641,6576,8113
7226: 4024,1573,1812,4697,6925,3536,3185,3098,4032,7023,6147,6634,2799,1487,3280
7227: 3412,1203,2446,8144,1585,7015,4534,4208,2185,3011,1791,3
7228: 4227,5660,2074,3382,2964,341,4555,8192,1377,3484,4618,2017
7229: 1731,4982,2800,1100,5826,2427,666,5909,7715,2580,5815,3836
7230: 547,2983,1897,4178,5706,5199,6132,1416,3150,3857,5315,7091
7231: 4155,3723,2319,112,327,5901,1611,2237,2390,6046,3490,7061
7232: 8096,1330,2154,3428,62,4510,2475,4120,7863,1429,499,6367
7233: 6331,1313,2915,3660,1425,1436,7469,4315,2623,3656,5009,1938,5949,6327,4168
7234: 2944,6842,6276,6738
7235: 5853,3183,1168,5093,7175,3950,2020,396,6124,2962
7236: 211,1053,5408,2630,8114,1732
7237: 1156,4412,5769,3039,2518,5562,2992,557,4294,1608,5187
7238: 2965,4393,7272,3441,2818,6830,5223
7239: 4992,5121,3852,6616,1426,2098,8047,5043,7512,4395,1520
7240: 3617,4049,7887,4980,332,397
7241: 10,5322,3956,2210,5794,1089
7242: 147,1415,1972,3830,7749,3828
7243: 6298,4651,6000,1619,7787,916,2307,4115,3233,6588,1076,1574
7244: 2918,6983,2632,6197,6751,1460,3159,1211,2487,7795,2179,7452,2385,248,4501
7245: 2458,6617,274
7246: 5226,4185,5328,5614,3606,5681,1931,3096,113
7247: 8021,6497,2476,4917,3595,3213
7248: 458,1212,3362,3445,1279,2635,7842,2170,4345,4998,5992,6876,3334,1085,102,206,7323
7249: 6702,7695,2253,1877,6467,241
7250: 5564,4073,3774,1651,4439,4488,419,6461,3228,647,6856,285
7251: 4957,961,952,2099,6021,5144,7198,6108,6628,59,855
7252: 1682,5634,2819,5528
7253: 1171,1139,7728,242,5278
7254: 3546,7598,3799,1058,405,2574,695,6345,6646,7631,817,2463,6014,488,4862
7255: 1435,3807,3331,7466,2990,5206
7256: 4836,590,1165,3829,765,2110,4206,5019,1787,5396,1519,2896
7257: 7021,5280,5166,796,1575,3097,7164
7258: 2937,3038,423,6324,7180,6848
7259: 3607,1949,240,7322
7260: 5406,2981,3671,2754,7736,2011,6555,4549,4647,3477,1081,1355
7261: 1490,4083,628,1307,389,3543,2180,3099,7917,5312,7700,5925,6955,3518,4777,6346,6585
7262: 297,3891,5005,2366,1676,6330,5143,6115,7914,1364
7263: 7587,4861,1652,6630,816,3128,4465,4232,4789,4512
7264: 4372,1154,1592,2745,7171,5154,7668,608,309,4659,6417,4153,4077,12
7265: 7804,611,3189,142,3307,8083,7362,8031,3542,6462,6371,2401
7266: 6784,4181,243,3792,7773,2332,768,598,3755,6986,8037,3742
7267: 4109,5558,2521,2284,6811,612
7268: 147,424,7312,6746,3830,1919
7269: 6678,5414,6169,4538,5454,7061,2181,7638,1672,385,1611,8154
7270: 6438,4004,1423,7197,7876,2447,49,4551,8184,322,6030,2914,4226
7271: 5050,7983,3752,3040,476,1547,2590,2131,6870,5349,3564
7272: 2965,4393,3441,7238,812,6704
7273: 7843,4144,1338,4451,3060,839
7274: 2318,4416,3237,1724,6936,6180,575,4253,6792,3062,4842,5523,1340
7275: 736,1020,6591,85,3118,1458,7784,7225,3484,446,4618,2182
7276: 7863,1429,52,7980,1534,7380,371,1653,2051,4212,1639
7277: 7214,190,1424,5707,2265,8098,1153,2688,2519,2533,6581,874,4364,4912,1449
7278: 1327,511,6153,8041,716,4961
7279: 5442,2655,3332,4236,1371,7491,4940,7768
7280: 6696,164,1714,1112,6128,6711,806,7196,8029,6282,2163
7281: 1518,4098,1258,2416,6714,4976,6442,548,5900,1323,2796,3814
7282: 1655,4824,5774,2572,7776,294
7283: 4225,4073,3774,4439,419,3269,6719,5591,5013
7284: 2201,2371,682,1779,5978,7411,7810,275,2542,1395,3246
7285: 1907,3315,5165,8169,2086,6671,5562,2992,557,4294,5112,5187
7286: 1194,5860,6887,474,3302,4482,6510,6001,6950,7577,2631,3456
7287: 3592,6512,204,1427,349,2815
7288: 7342,1577,723,3316,5921,677
7289: 1126,3912,5303,3788,2166,4414,0,298
7290: 4388,2984,1847,1131,72,2079,3923,6134,3961,5791,7711,2954,5479
7291: 3699,5887,917,8176,2721,5269,7526,165,2817,4338,1356,7886
7292: 5894,5409,212,4523,2228,4103,1303,1280,92,7885,1502,6206,4944,7511,1736
7293: 281,2678,3546,3799,1058,838,6345,5942,5167,6759,190,2688,3718,4364,8100
7294: 5067,7738,1982,4645,8139,2746
7295: 641,4391,1630,1223,4149,7330,931,2392,2956,4201,5861
7296: 1948,1659,5470,7047,199,5577,2858,3890,7122,2774,4263,6443
7297: 4702,1127,2770,5166,796,2645,4814
7298: 2820,859,5807,1089,5191,980
7299: 3247,1766,398,6908,5054,2108
7300: 5220,1062,1758,4747,323,5652,4000,2659
7301: 2747,1369,3672,6370,5370,1093
7302: 5781,4062,2023,5724,2158,475,1747,2305,5597,7810,1395,4437
7303: 1141,574,329,7719,2244,1815,4221
7304: 3114,6983,1613,801,5055,131,5551,7971,5482,1256,2914,4597,6343,3333,6438,7876
7305: 2920,4313,2838,1853,2565,1694,549
7306: 5342,3199,4543,6661,8140,6793,399,4440,2393,6961,104,2711
7307: 1831,6976,2132,6355,2310,2689,5154,7797,1320,698,1930,5580,6541
7308: 7615,1605,5066,3501,4052,5067,942
7309: 5011,2878,6356,5152,1204,299
7310: 1317,4076,5285,1549,919,5721,7553,8028,301,3936,55,1802,2536,6071
7311: 2445,6825,1281,3365,2201,5718,5052,5023,955
7312: 5838,1361,7471,1919,7268,424,5903
7313: 5333,2406,583,525,3036,683,7561,7449,8075,3760,2199,276,3264,4173,2084
7314: 777,2280,1282,6853,232,5502,6410,6238,4007,462,3600,1793,7013,833,3165
7315: 6113,2892,6203,4153,2146,7880,592,6713,7686,1592,7668,608,12
7316: 2328,244,6920,7558,3609,4864
7317: 1125,7050,3887,3797,1014,6804,2987,1540,6567,5887,5110,6342,4053
7318: 2115,2374,5915,2701,5103,215,4478,4831,3793,5620,6766
7319: 5767,7388,7545,1614,399,6542,5342,4440,2393,6961,5464,3335
7320: 2969,7588,2358,1570,1357,3902,7116,41,4071,6271,842
7321: 277,5497,960,986,3357,1243
7322: 1949,240,1017,3360,6493,7259
7323: 3334,3926,1561,3074,1085,6318,780,102,8130,6333,5030,3362,1279,4998,7248
7324: 1025,6741,639,5973,4687,4798,2966,4308,5407,1161,3577,5738,3376
7325: 6392,4019,6795,7922,2183,6234,383,4695,3968,3654,6249,1739
7326: 3081,7523,1428,6564,8102,555,6518,8099,7348
7327: 108,3315,1614,1486,8169,2715,6899,5082,6589,3437,5869,6542
7328: 2895,45,3979,7424,2480,3722,5570,1771,4524,5996,3697,7392,3373,4654,6689
7329: 4550,4985,1782,7941,4898,576,1832
7330: 4149,2821,4348,7295,2956,5861,4326,3181,1950,6031
7331: 7418,613,2574,6646,1068,5498,791,4897,1389,5496,1557,5624,4176,2886
7332: 2245,4385,6433,5763,3579,2910
7333: 6663,5632,4044,1040,4260,3119,3201,436,1637,3472,526,5262,2412,7597,6624
7334: 2078,5150,635,4584,3778,4527,2666,1803,1733,3367,5804,7355
7335: 5365,1950,4641,941,2596,3429,5298,2239,3973,6096,7984
7336: 1540,6464,521,2707,5633,165,3067,7919,3699,6342,1920,4770
7337: 5451,547,2983,86,4054,1897,4379,1778,3870,4178,6132,6481,4552
7338: 4964,1363,4593,5262,5327,7824,2412,258,6624,4196,3944,4029,7032,7826,1780,678
7339: 3884,7408,6995,1454,840,3847,5845,2047,3623
7340: 6642,3659,1138,2690,7845,1507,6450,4926,1793,6192,7013,833,3165,5502,7931
7341: 33,2662,2325,7764,1657,2320,1257,4035,4708,8088,6422,769,6078,1325,808
7342: 7288,3125,1577,723,4316,4920,3316
7343: 3471,5918,3447,3069,4905,5231,425,950,6662,1406,5943,1144
7344: 4292,278,6284,5494,3655,3425,5297,3496,6093
7345: 1305,426,3196,979,5803,2035,5238,4613,5768,6609,4846,2555,261
7346: 2083,4872,1332,6247,400,5251
7347: 6789,31,6238,462,279,8049,3765,8145,6585,7917,777,1282,4454,6410,3462
7348: 5131,2850,6819,3407,7326,8102,555
7349: 4413,932,6235,7001,3108,1578,266
7350: 5046,280,5002,128,7926,755,2931,1471,3833,5425,4631
7351: 6458,2160,577,158,5079,6521,3367,5804,2299,7708,6105,7835
7352: 7627,721,6305,670,3041,5343
7353: 2155,7635,6723,7139,7696,1579
7354: 2173,1405,6245,7120,1658,8124,7375,6290,3548,3124,1685,778,7577,4328
7355: 497,1803,1733,5079,5804,364,2078,7334,5150,959,3778,2545
7356: 1683,3777,7990,169,3981,843,1580,6145,7439,4577,5762,6428,6573,6939,7560
7357: 7676,1804,7828
7358: 4172,2716,522,7882,1553,6952,4928,216,2032,3983,8111,1302,6782,4141
7359: 1526,3550,4055,5886,5339,1054,3295,8143,7958,6698,8180
7360: 1926,1704,5478,4623,900,4026,4559,2482,2206,1005,6501
7361: 1283,7563,533,3046,5473,2092
7362: 1587,2618,6966,8031,3633,578,3542,8146,7804,257,142,7265
7363: 6775,2472,1284,2353,6431,6328,416,3284,3214,6566,5318,783
7364: 7920,1205,6490,2344,8050,4253,871,5145,494,7741,3237,4200
7365: 6944,2037,476,2898,4238,1036,2750,5349,7602,7578,3773
7366: 418,4815,2769,1007,4679,5085,1431,5347,2893
7367: 7627,121,3271,670,7554,1951
7368: 2509,5990,2874,1189,550,7442
7369: 6625,1596,136,3042,4180,8054,4509,3916,2068,8142,8098,502,6943,515,4389
7370: 5099,1123,288,2987,1246,7634,3849,6786,6076,3877,506,3120,4750,6190
7371: 4785,3847,2190,3060,3576,901,5845
7372: 4508,1669,5631,7748,3739,3819,679
7373: 5446,633,841,6143,5077,2768,3866
7374: 6061,3031,3509,6935,4056,7904,3621
7375: 579,6855,2323,1658,8124,6290,6500,3548,7354,2173,1405,3888,7120,4328
7376: 5806,614,1242,1894,2913,2257
7377: 4030,6808,680,5266,5847,4069
7378: 1107,2691,4732,7898,2558,1751,6740,6033,6997,998
7379: 3533,759,5556,3587,6321,580
7380: 6647,7276,5864,2438,1429,52,499,7980,1534,371
7381: 615,1720,3256,8073,2939,4837,2561
7382: 5941,1921,5415,3037,7116,41,4071,4568,842
7383: 5410,1146,3121,5880,7617,1404
7384: 7940,3047,25,5371,2268,3293,814,4741,1285,7590,6508,5051
7385: 7867,3745,7932,5485,7606,6018,3794
7386: 282,905,4057,8036,7770,1987,5544,2507,4615,596
7387: 5419,1064,2362,6038,46,3863,477
7388: 5767,108,1907,5165,7545,1614,7319,399,844,4440,2600,3335
7389: 7497,5818,6005,2094,5346,5124,3929,478,2692,219,1696,1421
7390: 902,4273,5297,7532,2407,8036,2254,3276,5792
7391: 581,4695,4369,4275,4689,3560,4480,3654,7429,7694,2287,1924
7392: 1358,3373,8153,2197,4402,4654,5017,6689,7182,3979,7328,5570,3697,6581,3116
7393: 6479,3195,1542,2923,4669,3763,5662,4529,6707,5431,4595,967,1753,3122
7394: 7480,851,324,6768,2343,5727,1954,7663,3906,4573,2095,5598
7395: 3141,6255,1430,8049,3003,5695,4520,2030,13,4157,3825,2583,5163,1148,7071,3203
7396: 1248,2695,2737,1906,7159,2468,178,2530,4868,4520,4322,6603,708
7397: 3957,6416,3288,6407,1359,5725,2928,3193,4795,7763,254
7398: 3762,6478,6308,3212,7641,2836,1742,781,1101,233,4058,3163
7399: 2826,3226,1048,2717,7624,3535
7400: 5489,5818,2692,974,1822,7077,7848,4431,7540,553,6482,390
7401: 1842,913,3772,401,6279,1610,5681,7800,882,5400
7402: 2234,3640,6474,4081,479,6454
7403: 2223,246,2887,5237,1318,965,5463,3869,6056,7827,792,4910,1144
7404: 1464,1385,7573,3299,4668,2749,7957,2822,1541,7879,5057
7405: 6108,1631,2784,3813,4517,681,4711,4943,3107,6310,2008,5171
7406: 1691,3460,4018,6750,6074,1952
7407: 684,4213,4448,2578,2625,1034,1432,3285,2769,4679,5085,1431
7408: 4126,3884,4844,247,1454,7339,5265
7409: 6562,4786,532,61,3344,551,6337
7410: 4426,81,7818,2271,3090,1866,3386,1299,4859,5133
7411: 2371,682,1779,4556,7284,2542,5222,3246,873,4663
7412: 166,5842,7024,469,5097,1342
7413: 4571,4807,3336,375,630,1468
7414: 1734,5960,2606,4123,5372,3329
7415: 6999,2526,6344,3287,6243,684,2625,7455,1432,3285,1431
7416: 4840,5362,4479,853,2591,6275,7209,34,8106,2097,1703,4051
7417: 5157,8162,8055,1296,788,1953,6208,1490,3543,5312,3518,6181,6346
7418: 281,2678,613,1058,2574,7331,6646,5942,3924,3140,6759,5498,791,4897
7419: 220,1834,6859,427,5261,3103
7420: 2196,1956,4059,7100,38,4994,4587,4588,6864,1467,7510,3327
7421: 1287,1452,3610,7623,2529,4247,1559,3859,7899,3619,123,4740
7422: 6171,2894,7594,1110,5907,6399
7423: 1067,4296,2823,3786,5471,5151,7492,7864
7424: 2895,2554,1789,1820,7328,3722,5570,1069,4524,5996,6196,3697,4189,5993,535,4531
7425: 5856,3254,5808,7047,5577,2964,3757,4555,736,1377,4618,2017
7426: 8159,2248,2394,5729,1132,7507,2619
7427: 1496,6816,4239,5836,339,5253,292,6204,1011,3043,3236
7428: 3306,495,137,3746,2587,582
7429: 1667,3530,4695,4275,5897,945,4480,7391,3901,6484,402,2287
7430: 2186,3404,4883,1192,2351,8019,4248,7930,6083,1581,7158,1022
7431: 3091,3124,875,4605,6964,1658,4060,3387,778,6887,7577,4328
7432: 4655,8182,428,3131,4122,449
7433: 2411,3348,814,1433,1383,7968,5399,4564,466,6069,1285,5382,6508
7434: 5859,4646,2967,2694,2970,4223,638,7592
7435: 4113,3921,5475,2441,5961,1128,2991,6413
7436: 6613,2286,1062,7792,5282,5603,797,1805,2776
7437: 1660,6214,988,798,5290,6873
7438: 5297,282,905,4057,3496,6093,5544,1335,1533,3653,2863
7439: 1683,3777,7990,843,1580,4577,4895,5762,6428,6573,7356,2071,3467,2050,7560
7440: 637,5434,2824,5819,3029,827
7441: 16,460,1762,583,525,7821,4092,3476,3025,1692,3760,276,5350,6035
7442: 326,4112,7368,2874,4931,550
7443: 1661,4387,3480,6977,1274,6042
7444: 4978,2252,4238,1904,6187,429,7578
7445: 6241,167,6631,3784,2785,5069
7446: 176,584,7734,4407
7447: 3044,5573,7685,5249,493,4347,7514,2024,601,1827,3347,5519
7448: 3100,5696,2067,3891,6115,862,7914,6392,552
7449: 4964,683,1363,7561,7058,7313,2406,3036,2199,276,3264,7129,4173,2084
7450: 5131,2843,964,4233,2246,3730,6866,283,3694
7451: 6883,362,5212,3888,6139,676,3506,943,5825,4080,6500,3769,1735,3056
7452: 2487,3978,7795,2179,7019,4805,5357,6751,2632,7244,2385,248,4501,2398,1510
7453: 4199,3304,1075,3608,4129,6141,3184
7454: 6766,5058,5146,2512,2072,5915,1330,1434,2334,6228,4336
7455: 684,1373,4213,4448,3984,2625,1432,6253,8146,1624,7415,6999
7456: 3538,4507,7632,8031,3633,4290,4241,2947,249,3308,5008,4769,4682,6307
7457: 4544,2395,1044,7569,6888,7201
7458: 1360,518,1001,3402,4337,2629,3468,2355,4085,14,4601,1688,5971
7459: 6007,2882,3337,7860,4948,3344,8175
7460: 5092,2275,480,4884,815,7131,2836,3827,1799,4567,7881,233
7461: 3081,2798,712,6518,2718,4334,337
7462: 3644,1095,8178,6441,2782,2247,2038
7463: 1973,36,403,5889,5402,4070
7464: 6440,3418,3732,616,3164,4943,6990,6310,5988
7465: 7572,6861,5267,4419,3771,6774,284,3647,972,1595,8189,7156
7466: 1435,7551,7255,2990,589,1697
7467: 733,7119,7109,6612,234,1730,7667,1536,6470,3338,3750,2304
7468: 4728,2134,51,7976,2541,7793
7469: 6331,3660,1425,1436,4315,2623,3656,7233,5949,443,4168,3323,174,5423,984
7470: 1806,5991,1511,2955,935,4776
7471: 2283,5838,7312,1361,3597,6879,5903
7472: 5552,1529,6119,3326,1662,392,7073,2291,2005,6250
7473: 3255,5908,6540,404,1470,3381,5384,6398,3991,4234,5653
7474: 430,6509,3803,6054,7565,813,6680,1265,2250,3893,6780
7475: 4409,2127,481,3628,5022,3853
7476: 1795,2748,4977,7974,4068,3191,6272,1609,6377,1576,3269,6719
7477: 6176,561,2743,4790,1045,774,2719,4504,3243,3443,4745,719
7478: 6514,685,6421,4158,630,1468
7479: 4533,5568,1648,3831,3005,7063,1143,5018,207,1043,5829,7146
7480: 851,6971,324,6768,4038,7394,1954,4446,7827,3919,6226,246,3869
7481: 8017,585,2269,7204,4343,3894,2658,702,3341,2308,6312,4104
7482: 686,7489,316,3063,7603,1616,3350,5741,6507,4269,8147,3048,3551,3373,345,8048
7483: 8152,4040,7124,2396,7106,1798
7484: 250,789,4594,1582,6150,5087
7485: 5247,1558,3510,463,1663,1024,418,3346,2525
7486: 3153,3334,1085,8130,206,5030,3132,4998,3744,6602,1315,6571,1129,7176
7487: 3016,7760,1375,2755,6903,5332,4504,617,2733,3243,4198,2719,7780
7488: 4717,5412,5044,5749,2376,194,1206
7489: 421,7603,1616,7482,5841,3350,116,3048,2945,1807,345,5536,8048,675,4885,2500
7490: 3432,1738,1800,4810,7752,3504,3341,7540,3894,8059,618,3134
7491: 3719,4346,5966,5087,4940,4236,250,4731,7279
7492: 6061,619,4056,2439,2823,3786,7423,4498
7493: 3638,4904,431,3822,1528,6197,1497,5021,2961,2258,1460,3159,6101,4997
7494: 6875,2484,4691,903,4245,3950,1481,7035,3300,1884
7495: 3933,586,6846,1754,7629,3947
7496: 3531,7981,603,1664,6778,700,7969,1106,3478,6569,7722,6008
7497: 7389,5818,6005,2094,478,2692,553,7166,3263,1421,6482
7498: 6471,3026,4340,1207,1698,6595
7499: 759,1665,2762,7861,5202,7807
7500: 620,1403,273,3970,6779,3669,7646,5068,6092,3806,5422,5701,1837,2647,2827,1152
7501: 1795,2748,3854,3832,432,5031,1958,6953,7611,148,8005,5016
7502: 4624,3761,5074,7761,3923,8105,6134,802,2513,3339,2243,5786
7503: 4962,2119,6889,1028,2539,4041,1955
7504: 4834,8075,4522,1241,2825,3001,3760,2199,276,346,6565,5338,5350,6193
7505: 3340,1158,4011,6667,5832,7052,315,3260,1774,3368,1003,2735,3580,5461
7506: 3290,587,465,6843,6820,1617,7648,2808,291
7507: 8159,2248,2394,7426,1132,1913,4183,39,5448,2619
7508: 2193,4505,6821,3881,1492,168
7509: 2720,6434,3319,6754,785,4598,701
7510: 7547,6864,1467,5455,1349,1956,4059,7100,38,5491,7420,5254
7511: 3016,1389,6903,2483,5453,5332,1736,7292,1303,2744,2733,4198,1280,4614,4944
7512: 554,2444,4395,4732,6740,2098,7239,1520,1808
7513: 7620,6354,908,1437,3731,356,1162,5898,3837,2204,5882,7769,1164
7514: 2024,6300,2432,1096,3123,601,4823,7447,4648,7685,493,6194
7515: 5793,3471,3447,1438,7012,844,2801,5411,313,4905,6914,2600,7816
7516: 2397,5283,2010,2151,4941,4710
7517: 2642,1560,5951,433,2101,2410,1465,4808,5075,3865,4787,4560,8185,3384,5730
7518: 1288,4923,3550,930,164,2496,8029,3689,8143,200,2563,5440
7519: 2670,3139,5354,5109,975,1135,3756,355,2382,251,5358,8046
7520: 3155,6608,2775,1648,285,7063,6593,4225,3774,1651,4439,6461
7521: 1439,4574,302,7566,2891,7155,4825,966
7522: 3204,656,2592,3466,1130,1233
7523: 3081,7326,6564,555,2948,4607,4661,6518,8099,2246
7524: 7694,3059,7701,3461,2142,3370,687,6610,1739,1367,3654,6072
7525: 4211,4064,5158,1957,6420,4888
7526: 3699,7291,2123,917,3578,2721,1188,5269,5501,1002,1356,7886
7527: 4286,7076,3405,696,7854,2534,3658
7528: 6678,904,2315,5902,572,1420,4717,2348,4784,2206
7529: 1737,6225,2655,5635,6424,4028,6446,1271
7530: 3369,688,2760,3267,2229,6127
7531: 3762,3446,2856,3212,912,5309,7730,1440,6498,6894,217,1142
7532: 902,5297,905,4057,7390,2407,8036
7533: 8082,3434,1893,3910,4277,6635,6548,510,5977,5270,7036,3814,588,1418
7534: 6285,3614,4657,1994,6974,1695,270,906,1726,7868,5295,1098
7535: 3688,976,3045,1390,192,2694,4223
7536: 3828,5995,5984,689,1922,4086
7537: 1457,3242,5283,2010,907
7538: 3858,2630,2249,545,4456,2611
7539: 2385,4082,3506,5750,248,4501,631,3860,4195,2398,1993,4670,1510,7019,5357
7540: 3504,7077,3341,7848,5665,4431,7400,6525,1738,7490,1800,390
7541: 5934,732,1635,4140,4907,7931,3600,1362,31,7199,6238,4007,462,5695
7542: 1448,4338,2840,7997,2896,5937,4471,4475,6557,1787,2685,339
7543: 954,5882,7684,2428,5589,2161,6341,1829,4799,3162,5777,3834,3240,1638
7544: 3743,3218,3874,1718,4219,434,5743,4360,12,6506,6690,592
7545: 1907,7388,1614,7319,844,2086,2801,313,5464,2600,3335
7546: 1107,4732,2558,6077,4305,1808,3964
7547: 6809,6864,690,2222,5455,1349,3497,7655,623,7510,7911,5491
7548: 1831,2132,2984,1847,6322,722,1131,4879,5387,3065,4856,5796,72,2079,2069
7549: 5893,2535,7836,2809,167,5595
7550: 3012,4265,435,2280,2006,6853,4454,7027,2985,706,3889,1179,407,7614
7551: 3986,1435,7466,1697,6452,2897
7552: 2183,6234,1604,3100,831,6520,383,4714,3461,7912,6249,1739
7553: 4076,7310,7939,919,5721,1802,2536,773,740,8001,5701,6148,7952,6779,437
7554: 670,5123,2897,6452,7367,1951
7555: 1441,3414,3682,1868,6353,5817,4306,6117,4280
7556: 3220,4034,4274,6397,4351,1642
7557: 2382,3785,117,1809,6769,8046,7165,4894,6747,6824,1383,466
7558: 4420,244,3766,8149,3609,7316
7559: 57,1508,3999,3920,7846,4496
7560: 3051,1551,4916,3467,6927,2050,5827,1974,3777,7990,169,3872,7439,4577,4895,7356
7561: 4964,683,1363,1341,4593,7824,7449,8081,7058,7313,2406,3679,7129,4173,2084
7562: 5330,4649,2639,4183,2248,90,1132
7563: 2350,1283,5172,7361,349,3046
7564: 2781,724,4323,5574,930,3408,6496,1583,2313,1867,8125,3283
7565: 3217,7040,813,6680,3027,1548,2250,7474,6054,3893
7566: 1439,6268,302,2399,7699,1295,5190,7521,5117,7733,3459
7567: 3723,286,4746,2319,6794,3417,1169,5537
7568: 6849,729,2460,624,2455,7678,5687,1179,6053,2031,2621,6664,2400,3904,8008,1477
7569: 2395,1044,7457,845,6340,3026,1207
7570: 157,6371,6176,561,8138,2401,3764,4790,4600,1045,774,2522
7571: 3686,58,1088,6927,2050,5170,7966,8040,2968,4582,5935,5800,3495,1873
7572: 5267,4419,7465,8189,1483,6538,4166,993,2034,3144,2251,7156
7573: 6022,1385,4975,7404,7033,787,4668,2749
7574: 170,1851,3779,4814,4702,2118
7575: 7914,2884,441,1364,2844,297,5005,5143,3909,7657,7713
7576: 3491,4494,2649,3594,5862,2899
7577: 4060,7286,1685,778,6887,474,3302,2631,4328,3091,3124,7431,7354
7578: 2750,1712,429,3773,4298,7444,2252,7365,4238,6187,2517
7579: 292,3581,8072,7671,1011,6716,5937,590,3829,5019,1787,5396
7580: 1473,7031,3382,1020,6591,8192,4378,538,6131,7135,1945,2337
7581: 4713,4606,3528,1159,649,7179,320,159,2044,1056,5120
7582: 6388,2926,254,4623,5648,3957,3892,464,6817
7583: 107,5355,1986,3520,6444,3312,4169,5541,7779,1442,1444,2976,8165
7584: 1328,6248,2559,6155,692,2722
7585: 7871,1214,909,6896,3649,5655
7586: 5953,3570,2001,2790,2071,5578,455,1584,843,4895,5762,6428,6409,5800
7587: 4861,2054,1652,816,7263,1365,8065,7817,3188,125
7588: 7869,2969,3534,4874,7320,2358,1357,7622,1149,6806,6271
7589: 2402,4447,1644,3775,78,5236
7590: 1940,5291,6508,5051,4700,6026,3348,4741,1285,7384,3047,3855,25
7591: 7008,6625,2113,1596,1523,1941,920,8079,8054,4509,4774,3981,7942,3215,6939,591
7592: 638,2922,2244,1815,4646,2694,7434,2970
7593: 2772,135,129,1133,2216,7698
7594: 621,1334,7422,6171,2894,8032
7595: 3824,4182,1826,3004,4563,2900
7596: 1905,5569,2608,4541,5176,5974,1370,2062,7715,4102,490,3836
7597: 1637,5262,5327,2412,7333,1040,3119,3201,436,1134,6624,1796,7032
7598: 3799,7254,405,2574,5624,3383,4820,7631,2463,6014,488,2368,4862,5892
7599: 1443,3086,6807,5162,2920,864
7600: 1531,3767,8148,4145,7695,2253,1294
7601: 505,100,6651,3959,6207
7602: 2750,5349,3564,3773,4298,6944,7365,476,4238,5050
7603: 686,7489,316,421,3063,1616,7482,5841,3350,5299,5741,3048,1807,345,8048,675
7604: 301,4172,1802,1553,2536,5923,6071,6952,4928,3629,4076,7952,3970,437,4353
7605: 5740,8097,4891,6306,3406,3412,2446,8144,1585,6947,569,3378
7606: 7867,7385,6018,3794,4791,910
7607: 2901,5140,6088,269,6686,3512
7608: 7064,4993,2489,66,4726,1253,2641,3049,6576,756,8113,6578
7609: 5967,127,5316,6761,1874,5656
7610: 6114,1545,6246,3456,2861,235,6967,4487,308,4327,1109,1871,3516
7611: 4148,704,1981,148,8158,5649,5016,2297,1958,7501
7612: 5264,1776,5081,4027,804,1586
7613: 8168,1090,3553,6038,2208,5223,46
7614: 2352,2258,407,6259,4167,6101,4997,4919,7550,4265,2006,5021,7027,2961,706
7615: 7308,8009,3529,1605,7675,1768,5066
7616: 2573,748,3050,6211,1404
7617: 1289,6211,3064,1404,5410,7383
7618: 3854,3832,5761,432,5031,6953,2488,1606,8140,6809,3175,7655
7619: 1366,7153,318,5980,3278,849
7620: 1437,3731,356,7513,3837,2204,5882,7769,1164,2294,1399,4827,252,5956
7621: 3858,6264,3588,2249,438,4046,7114
7622: 2969,3534,7588,2321,6806,41,6271,2403,6904,558
7623: 1452,5771,4688,1019,3610,7421,6718,6298,7899,123,6532,2307
7624: 2826,7399,1107,7898,6077,3535,6239
7625: 4107,3708,5641,6546,1345,1290,5271
7626: 2498,4214,5531,2765,4096,4861,3216,1337,2971
7627: 3200,7352,7367,121,721,670
7628: 1936,6098,6004,2902,1133,2216
7629: 5276,2375,3947,6846,7495,287
7630: 5733,2327,6918,1493,5891,2986,2855,2404,5447,7210,4193,1394
7631: 6354,1557,5624,3383,4820,4176,1162,7598,7254,613,405,2574,6646,6014,2368,4862
7632: 1587,3538,4507,8031,3633,4290,578,3542,7456,3308,4682,3307
7633: 2993,826,7851,5802,1447,1974,4829,169,3872,3051,1551,4916,5827
7634: 5099,1123,288,3160,5910,5579,6804,7370,1246,3849,6786,4750,6190
7635: 4398,7353,6723,846,1579,1060
7636: 7037,3032,7736,5397,7006,6583,1114,1466,1073,5583,5647,22
7637: 6704,1942,3625,289,2965,3908
7638: 2854,2582,5003,1672,327,5901,385,1611,7269
7639: 6938,1719,3225,6544,2524,2723
7640: 1609,4706,5147,2589,2627,4466,3191,1012,3052,2553
7641: 6530,3762,6478,6308,8109,7398,7730,2972,1742,3975,4058,3163
7642: 3376,6772,6993,2740,5348,6640,3887,2386,652,6735,3481,1909,3618,622,7894
7643: 91,3960,6519,1334,4282,5168
7644: 1077,2133,1959,6218,5513,5059
7645: 7147,3522,238,290,4138,3702
7646: 620,1403,7500,5068,6092,3806,5422,6865,1837,2647,5027,2827,1626,1152,4317,6221
7647: 209,3875,6599,1003,4930,4588,171,3815,4608,5670,4075,5477,1094
7648: 7190,5849,2808,1617,7506,6843,4474,291
7649: 439,5791,4758,3783,4161,1260,7711,2958,4284,3507,5479,5285,55
7650: 4410,646,3002,2652,5036,4725,1588
7651: 1960,4047,7124,7224,1706,4857
7652: 4658,172,4020,1772,5161,994,6832,1160
7653: 6902,1810,4065,4685,1991,3998
7654: 173,1310,491,4490,7677,4841,7662,8103,3982,5795,2289,2650,5098,1469
7655: 7547,5070,6809,3175,2222,5455,825,5565,623,2488,7618,1606
7656: 6676,1196,1291,3927,4110,739
7657: 2979,2004,3909,8078,7713,7768,889,2844,2724,7575
7658: 974,4887,5437,2308,3966,4104,3994,4773,2665,1862,6801,492,5104
7659: 3291,691,3791,5336,3513,6158
7660: 4016,6652,1347,4111,6742,5216
7661: 5116,8173,6090,847,109,2219,6922,6909,3523,836,6360,3657
7662: 173,1310,2339,491,2370,2727,7654,4637,5329,560,4490,7677,8103,5954,4707
7663: 324,6768,5727,7394,1954,1292,4446,3906,2095,2883,8056,5888
7664: 7144,2239,3973,6583,6096,328,1073,7984,3435,1950,5181,6031
7665: 5205,4125,7217,3833,2579,3111,5717,128,1074,4001,7029
7666: 5511,2982,2636,692,4350,3567
7667: 1842,1536,3366,6470,8191,3338,3750,733,7467,234,8000
7668: 4372,1154,1592,2745,7264,608,4153,7315,7686,4077,857,5743,12
7669: 2203,5175,1932,1208,5449,2420,4249,6063,6511,198,2751,644,3342,1267,5747
7670: 382,2788,647,7220,5137,1911,6023,5373,6358,1589,6856,3354
7671: 3403,292,977,6204,7579,8072,5525,1011,5710,3043
7672: 235,6967,4487,1109,1871,2029,5740,878,978,2973,3378,3232
7673: 130,788,3611,2135,1573,1812,3359,4697,6925,6166,1875,4032,7707,7963
7674: 39,6344,5448,3893,1674,6254,6780,1265,5571,2250
7675: 3276,3529,7615,4273,1768,5552,1662,2291
7676: 2828,7357,1804
7677: 173,2339,491,7654,1293,4490,4841,7662,5795,1961,2650,5098,1469,7682,4952
7678: 6849,3518,729,2460,1790,6181,624,2455,5687,7568,6053,2031,6664,1296,8008
7679: 7688,2312,5732,2264,3934,625,1961,1293,1259,3433,4177,4756,4952,5428,6528
7680: 5127,2593,2725,3903,2120,334,794,7918,5045,5335,3343,6491
7681: 7090,3021,331,2148,8069,4519,6369,7152,60,3063,1813,7065,5299,7003,1792,5844,7096
7682: 1940,1961,2650,5291,1004,5098,1469,4700,6026,1293,7677,2752,934,625
7683: 956,6880,2644,5113,2338,4867,440,468,6962,7701,2142,2889
7684: 3274,2428,5589,2161,6636,7543,3162,5777,3834,3240,4184,1638,1038,5379
7685: 7447,2372,3044,4648,5249,493,4429,7514,2024,6300,1096,3123,1827,3347
7686: 6506,7880,592,6713,2892,4153,7315,1592,7668,4077,434,5743,12
7687: 5080,2646,3558,4168,174,5024,5803,2467,4613,7059,2555,1313,2623,5009
7688: 4430,7679,2312,5732,2752,2264,3934,2433,5671,6480,625,1961,4177,4756,5428
7689: 565,562,4667,5986,4373,1878
7690: 3530,4695,3968,5897,945,4480,1035,1268,6504,7922
7691: 3201,436,7108,837,7219,1134,4903,2238,1040,4260,1796,5352
7692: 4410,7194,848,2262,5140,1057,5456,1422,4622,2059
7693: 3640,6474,6854,1118,626,7925
7694: 7524,3059,3370,4369,4689,7391,3654,1924,340,6072,2905,6517
7695: 6702,2253,7249,1294,1531,3767,7600
7696: 2155,7353,7139,4602,627,5766
7697: 543,1061,447,2272,106,4652,2804,4876,5088,2556,3438,7177,5386,6592
7698: 7934,2873,3835,1936,1133,7593,129
7699: 1439,4574,6268,6566,7566,2399,1295,6068,1193,7733
7700: 1490,4083,628,1307,389,13,2523,7018,7757,2180,3099,5312,5925,7261,3003,6585
7701: 7524,4714,3461,2142,7912,2889,1739,1367,831,2644,440,7683
7702: 5395,82,197,3646,6033,2717
7703: 7991,1087,3960,3457,6622,3626
7704: 5263,237,293,6008,7130,7820,3583,2805,5834,1106,860,6833
7705: 4718,2469,1892,1689,8151,5976,6203,2687,2917,1368,47,7222
7706: 4596,7905,5788,4759,1532,2579,6273,2907,1632,320,3851,5205
7707: 3453,6892,3841,1232,7963,4586,5582,4363,2335,1946,4362,130,3611,1812,3359,7673
7708: 4891,6306,3517,2753,2446,6105,3058,577,158,7351,6521,6097
7709: 4342,1903,1300,2547,6154,1185,4823,2372,6776,2726,6229,999,4727
7710: 2020,3483,396,3554,5311,2962,5870,1865,3458,7054
7711: 439,2513,3961,5791,3339,2243,4161,7649,3923,6134,7290,5479
7712: 2670,3139,1615,5354,1135,6582,5715,805,2220,6138,251,5751
7713: 3909,8078,7657,6929,3705,70,7575,2884,1035,6504,441,6293
7714: 2789,963,3680,83
7715: 3645,4102,5393,6052,490,7596,2062,3836,1731,5826,2427,7229
7716: 4433,4072,5481,2829,6969,1823
7717: 773,3525,8001,7157,6148,6475,2218,7939,1147,3704,5329,560,5954,4707,3129
7718: 3725,2426,1369,3615,5370,5441
7719: 329,7303,1815,1514,2230,4221,7137
7720: 2887,175,965,950,1352,6662,4540,2581,3565,1677,5231,5963,2609
7721: 3635,6027,4380,3701,2255,79,1221
7722: 3663,6172,2023,7798,2158,5985,7496,7981,6778,700,761,7969
7723: 6561,1700,6348,5321,1708,2830
7724: 8012,911,2270,4302,1417,3883
7725: 6693,8066,929,2728,5921,3158
7726: 5010,1636,5833,2203,1932,1208,5449,4811,644,5747,2876,6380,3244,8117
7727: 4150,2306,2925,4114,6291,3557,2974,4676,5062,2661,1767,3800,7794
7728: 7253,1139,7850,2256,242,881
7729: 2363,1025,3301,1137,3384,639,5973,1465,4808,5075,3865,7999,7840
7730: 6530,7131,3762,7531,6478,3446,6308,2856,3212,912,7641,6894
7731: 1761,2537,6396,2959,3079,4234,5653,3255,1470
7732: 3555,4261,818,6698,4955,2908,4991,1054,6487,7958,5339,8180
7733: 5117,1193,3459,7994,7010,193,302,7566,2399,7699,5190
7734: 3305,176,7446,4407,6590,1521
7735: 6527,8030,5899,2205,992,1209,2560,4493,4751,86,4054,3870,7799,8132
7736: 5406,2981,7037,2860,368,2754,7636,5397,2011,7006,7260,1114
7737: 177,6691,378,2682,1271,3157,1525,6424
7738: 3556,1982,7294,4645,3741,6991
7739: 230,3607,3962,5460
7740: 6100,330,5438,3532,7786,2279,725,5555
7741: 2811,2266,6300,2432,1096,6173,6309,5659,4200,7364,871,5145,494
7742: 3021,2335,331,2827,1626,1152,1946,4317,4362,6369,7152,5194,6221,3487,5027,4586
7743: 442,4941,6858,2397,2877,3537
7744: 2538,1250,2864,1252
7745: 3115,5617,2257,812,1894,6048
7746: 1099,7085,5654,1210,1962,6912
7747: 607,332,1348,770,2675,6829
7748: 4508,8,1669,5260,7372,3819,6448
7749: 2975,4086,4863,1972,7242,3828
7750: 3563,3385,4924,4408,5920,1668
7751: 570,6336,7020,4523,2228,4103,3174,1117,3520,2909,4289,2976,2000
7752: 3504,3341,5665,6312,585,7204,3894,1738,7490,8059,618,98
7753: 4492,8172,1664,3478,5711,2935,1896,236,1070,2940,2977,3094
7754: 3291,530,6522,4332,1108,2831
7755: 6316,5775,1037,807,5586,3102,1478,1353,487,2978,4699
7756: 1308,2670,2832,3139,1615,4809,975,5598,1933,5888,300,5505,3906
7757: 4083,628,389,13,7018,7700,7159,5917,4520,6603,2030,708,3825,3141
7758: 5519,1388,536,351,5374,3612,5160,2802,1105,544,4347,5919
7759: 4085,1052,14,6416,6407,5944,1688,5971,3345,2928
7760: 3016,1829,7487,2755,77,2060,4799,5156,5332,3677,3162,7780
7761: 4624,4856,3698,3761,5074,1769,2079,629,7502,3923,8105,2243
7762: 3800,5883,7794,6365,4114,3557,2974,2833,1607,6697,1925,1908
7763: 4795,2926,1939,254,7397,3957,3288,1359
7764: 2662,6380,2325,1657,1257,4708,7341,3613,111,4811,5951,769,6078,5730
7765: 3592,3676
7766: 6113,5787,2287,2892,6203,2687,1924,2917,4153,1368,2146,47
7767: 8070,330,6863,3532,6081,2888,772,3286
7768: 2979,2004,7657,70,6907,3719,4940,1723,7279,3332
7769: 3837,1372,5015,2204,5882,7620,7513,1164,2294,252,5956,2674,4277
7770: 3963,6540,255,7791,1987,3381,2507,454,5073,596,7386
7771: 968,457,4962,6002,8085,5873,5989,2290,2539,3716
7772: 6710,4795,6137,6485,3726,1939,6940,84,752,540
7773: 4181,243,5959,3792,7266,3755,7127,94,4048,5824,8037,3742
7774: 4305,452,3303,3964,2617,6895
7775: 3066,5514,1979,3431,6373,2141,4778,8094,6439,2514,1590,6765
7776: 7282,2572,294,1781,2284,5558
7777: 2756,6926,1373,4213,4448,3984,2625,1034,5646,8039,7947
7778: 196,1331,122,3356,5212,3169,4591,6245,6139,2795,2532,7044,1783
7779: 2540,6981,741,1442,2384,1117,7583,3520,6444,6336,7020,2976
7780: 7160,834,3677,3162,4324,719,5178,2719,7760,7487,1375,2755
7781: 246,6885,965,1882,5108,1591,7107,1192,3919,3399,4038,4446,7827
7782: 5303,3788,2980,1874,5484,7896,127
7783: 4424,73,693,1976,4959,6497
7784: 1020,85,3118,7275,1458,4378,3484,446,6257,4993,3793,4132
7785: 6285,3614,4657,1994,3849,6786,6076,906,4089,6090,836,7212
7786: 5776,6100,7740,5438,4090,1515,1934,3720,5974,2834,15
7787: 6298,4651,7899,6000,7103,123,5474,1619,6532,2307,7243,3233
7788: 1918,5712,5980,4381,3810,849
7789: 6294,6623,1505,5037,6219,3020
7790: 333,6702,879,6467,1072,4853
7791: 7770,6540,255,1470,1928,3381,5384,4666,1761,8068,454
7792: 7436,4939,2286,5765,5493,3838,1805
7793: 5948,1030,2541,6321,2134,7468
7794: 1767,3800,295,5883,3354,7762,7220,5062,7727,6291,3557,2974,4676
7795: 2487,3978,8044,2179,6402,89,4805,7452,2027,971,6751,3738,2620,1211,7244
7796: 3955,5227,6672,2055,124,589
7797: 4077,3743,6152,3874,7913,857,1320,3990,5154,7307,698,5580
7798: 5781,7722,2158,5985,7954,256,3971,5241,8150,5239,6778,761
7799: 6024,3409,8132,1398,4552,6527,7735,1209,2433,2560,4493,4751,86,3870
7800: 1610,5681,1931,5400,3096,7401,913,5877,5328
7801: 6712,1412,2835,453,3692,4848
7802: 6718,2610,4255,5742,5301,2757,5975,3375,1101,5771,4688,1019,6532
7803: 3715,2954,984,6996,568,5851,4388,6322,443,990,1436,5949
7804: 6923,8039,1550,257,3690,3189,142,7265,8083,7362,1373
7805: 634,914,2580,5815,4665,602,3379,376,4358,4870,6659,8024
7806: 868,3306,495,6614,6391,1119
7807: 3533,7499,759,1665,2814,4205
7808: 2405,3615,5370,7161,4107,1093
7809: 850,5982,2316,2100,7069,5095,7938,6650,4459,4342,1300,6818
7810: 682,7284,2542,1395,4437,5597,3671,3246,873,6555,7302,1747
7811: 3034,1506,2279,725,15,5555,7148,6100,3379,376,6813,3787
7812: 2269,6994,4788,3678,163,2658,1743,489,1646,6724,7221,3075
7813: 6701,856,2543,5086,53,2703
7814: 553,2986,4692,7166,2404,4330,3263,1421,6005,4427,87,7878
7815: 496,795,2868
7816: 6209,1971,933,5464,2600,3335,48,313,5793,6549,1438,7012,7515
7817: 5682,4947,4570,3188,7587,2054,1365,125
7818: 3593,81,2271,4483,1198,7410,3386,7051,1299,3179
7819: 6320,1254,5600,2686,2544,6705,7829,5100,3648,542,3856
7820: 88,5263,6116,237,7704,3972,4877,3583,2805,7123,1321,1830
7821: 6331,1313,4315,3656,672,1938,6327,4092,6560,16,460,1762,7441,6133,1692
7822: 5046,280,7926,2875,6633,7992,3292,3616,133,7075
7823: 6222,1944,6992,2466,3515,17,1066,4764,6240
7824: 4964,7338,1363,7561,4593,5327,2412,8081,258,4029,3679,2084,7826,6009,1780
7825: 6923,611,6277,3189,4484,2522,4937,8138,7104,18,4095,1975
7826: 3679,571,2084,4335,6009,4964,7338,1363,4593,7824,258,1780,678,2812
7827: 7480,6971,324,6768,4038,4446,6056,3919,2223,246,7781,7403,1882,3869
7828: 5587,5611,7357,1804,3680
7829: 7819,6385,6320,5600,2544,5100,7174,1281,3856,2241,5032,296
7830: 3519,5,6387,4766,6012,915,2081
7831: 27,694,6972,7970,2167,5560
7832: 1379,6479,2758,408,3582,4669,6262,6919,4675,2736,5533,8121,4589,1480
7833: 2300,3501,259,6568,4760,205,5274
7834: 3072,6079,5361,5932,7214,1153,2519,4364,8100,3546,695,838,6267,5340,3643
7835: 2140,5459,1346,3647,972,7042,2160,497,7351,5804,2299,6105
7836: 6643,5893,2535,3962,7549,1136
7837: 2695,2468,178,2530,4868,4370,5199,2076,854,4742,1239,3857,7093,2453
7838: 2607,5713,1483,6538,2545,4557,4166,6770,2078,2140,5267,4419
7839: 209,3977,8030,1984,5899,6165,6599,1178,2442,5670,4281,3681,1094,5451,1778
7840: 7999,3627,4308,1151,5364,3618,7729,1137,639,5973,4687,4798
7841: 3789,6673,5305,877,4821,3895
7842: 458,1212,810,3362,3445,1279,4043,2635,2171,2170,4345,4514,4998,5992,6436,6876,7248
7843: 5188,5700,4144,1338,7273,3839
7844: 8137,103,4804,1850,6619,4248,6645,1583,498,1022,3101,2436
7845: 6642,3328,3659,5294,7340,3170,1138,2690,6450,6192,7013,6942,431,531,3822
7846: 2759,4496,2898,7559,3920,7972
7847: 809,2129,5952,5296,3156,4651,2080,7103,7016,2109,916,6727
7848: 974,1822,3341,5665,4887,4431,5437,3966,4104,7540,7400
7849: 6317,4150,3085,2306,2925,6291,6783,5675,444,2442,4458,1178,1778,6481
7850: 4179,507,7951,2256,1139,7728
7851: 3978,8044,2993,826,4237,89,7633,5802,1447,1974,4222,4491,4829
7852: 890,4135,5060,2007,5236,3028
7853: 6978,5458,1912,1225,311,6112,1745,865,4401,3840,6307,3018
7854: 6906,4286,2534,8123,3658,7527,1816
7855: 6892,643,3841,7963,4105,4909,5506,5582,6664,2135,3846,2031,3904,149
7856: 2546,1999,6185,4108,7902
7857: 3132,3229,643,4105,4909,5506,6104,458,3904,3744,6571,1129,4160,149,206
7858: 5430,3499,6028,1402,7185,2162,2761,5516,347
7859: 4684,1599,26,1996,7030,3896
7860: 3337,3414,3682,1868,5817,1086,4948,5052,7459
7861: 7499,1665,2762,7022,1511,935
7862: 1929,3683,6194,5575,5659,1903,4375,2145,4823,4648,1096,3123
7863: 7276,1429,499,1534,371,5058,4212,7232,2154,62,2475,4120
7864: 6764,126,5866,2439,3786,7423,5151
7865: 3180,5809,1354,1213,120,3710,6771,4259,738,5677,5987,6580
7866: 5115,6650,1314,1903,1300,4375,2547,3055,6154,6632,884,1185
7867: 7932,7385,7606,3899,2557,4694,910
7868: 1726,3091,5295,4605,6964,4657,7534,906,4060,3387,2660,1031
7869: 2969,3534,7588,4874,2358,1357,5590,880
7870: 6496,5890,498,5703,3206,8045,2763,2883,2436,6226,5529,1292
7871: 1214,7585,909
7872: 4096,699,6205,19,2025,6311,2065,665,5666,2971
7873: 39,500,1024,6254,2619,5210,2394,6665,6988,1663
7874: 2550,8114,3695,1495,697,1732
7875: 501,3234,4197,2770,5166,1575
7876: 6438,7121,4004,7197,7270,8184,322,3114,7304,5509,5482,1537,6030,2914,3333,4226
7877: 6106,2639,3997,3780,4819,245,90
7878: 5816,4427,7193,87,3897,6297,4067,219,6805,6005,7814,3263
7879: 4668,5863,2749,6845,3227,1104,2822,3117,1541,179,7404
7880: 2764,6506,2905,592,6713,2114,7686,2892,7315,1643,2146,1592,434,12
7881: 4567,781,1452,233,3163,6308,2836,1799,4884,815,7460,4247
7882: 20,522,4892,5201,5923,2771,6952,7358,203,2202,216,2032,6679,6782
7883: 2640,91,6519,6020,981,6142
7884: 502,2941,1190,6798,6943,3231,5307,1523,3042,8054,4509,3215,5953,5323,2367
7885: 1280,503,92,3000,1502,6550,1678,5894,5409,212,6486,2571,7292
7886: 1002,3394,4338,1356,4471,7291,917,8176,2721,1188,7526,5679
7887: 3617,607,7240,7145,332,3219
7888: 7054,918,4042,4803,6940,1082,1273,3401,84,1397,1865
7889: 7017,3126,6668,867,4329,6168,4124,1995,21,2369,4246,594
7890: 3388,387,5341
7891: 4569,922,5090,22,8003,2309,253,2143,4280,3032,6677
7892: 6289,4008,895,6752,3651,2227,2938,5728,3140,503,5753,6759,6550,5916
7893: 6143,3871,3842,1558,3510,463,6812,5077,2768
7894: 4308,1909,5364,3618,622,4687,4798,1161,3376,7642,6993,6735
7895: 5314,7115,3895,1215,4639,4821
7896: 127,5316,6911,406,2597,7782,5484,1319
7897: 2548,3297,1443,5162,4394,2667
7898: 1107,2691,2558,7378,3535,6033,7624
7899: 1559,3619,123,5474,6532,7787,2307,1287,4688,3610,7623,7421
7900: 6749,4634,2937,3038,1306,504
7901: 2166,4148,5189,3898,5041,3812,298,704,2297
7902: 3620,6126,5245,7856,6185,4108
7903: 6868,386,93,2430,3013,4729,4015,863,2568,5645,5755,6442
7904: 388,6997,5256,3621,7374,4056,4498,1751
7905: 4596,7706,5788,4759,1532,3389,5931,6273,2794,6050,2907,1632
7906: 505,6790,100,8101,3455,8179
7907: 6073,3433,2450,4462,3536,779,2242,771,7206,5428,6528,3098,790,3148,2799
7908: 4763,1860,3125,1216,1577,2486
7909: 3967,3590,6430,6639,247,467
7910: 2274,1217,5443,5089,4460,3283,2932,802,5505,6227,3761,5074,1769,3559
7911: 3939,4860,6209,1971,1140,2711,6549,7547,6809,690,3497,5491
7912: 4714,7701,3461,687,1739,1367,1757,2183,831,6520,7552,440
7913: 3743,7797,6152,4219,857,1320,3990,698,6615,1641,5024,5580,6541
7914: 7575,3684,6392,2884,1364,552,7262,3891,1676,5143,7448
7915: 4861,6630,3128,3216,2971,699,5678,2066
7916: 3746,3363,1204,6372,7936,2217
7917: 628,2180,5925,7261,6955,4777,6286,7347,279,3765,8145,3003,6585,4454,3462
7918: 5127,4406,2593,4423,3903,7680,6638,1229,3113,3390,3282,3343
7919: 6464,4869,7336,2707,5633,506,4546,3120,3067,483,6190,3737
7920: 3622,7364,1205,6490,3757,8050,871,8093,5145,2949,494,6309
7921: 7929,1719,3225,2379,180,6340
7922: 1035,7325,1268,4019,6795,581,4695,3968,945,7690
7923: 3537,2184,1722,4743,946,6858
7924: 1141,574,2922,5391,2424,3935,5889
7925: 6474,1118,7693,626,5412,3391,194,1174
7926: 7822,5717,1463,5046,280,5002,128,7350,3292,3616,1471
7927: 2041,3747,6356,659,5521,3363
7928: 23,2994,3411,8141,2014,6972,5560
7929: 3392,6826,3225,7921,180,4882
7930: 1462,6425,4248,6083,1581,94,1854,4048,4005,3430,7158,7430
7931: 3748,5934,6199,7541,6815,732,3600,6238,4007,6642,7340,4926,1793,833,3165
7932: 7867,3745,7385,4565,1301,5142,3899,2557
7933: 1218,162,3020,3721,5994,7154
7934: 2873,7698,3835,3779,7043,129
7935: 2916,4625,5228,3422,6313,5026,3236,50,977,5525,3043
7936: 3746,7916,5152,3900,1204,582
7937: 3282,1380,4767,5820,4203,3995,3177,4701,3685,5433,751,649
7938: 24,850,3353,5982,5940,7809,2316,7069,6781,5095,4307,1908,2508,448
7939: 4076,5056,1147,1549,919,3704,4545,5721,7553,2218,3129,773,7717,8001,6148
7940: 7384,3047,3855,6418,2165,4608,4011,25,6667,5832,5371,5051
7941: 4985,1304,5206,7329,181,1512,576,3331
7942: 1683,3981,1580,6145,2235,6939,591,3362,7008,2113,920,8079,7591,3074,6318,102
7943: 837,6584,1985,3463,2238,7169,159,5433,3958,2044,1056,5120
7944: 3827,5731,7109,1142,6232,1799,3173,1730,7131,912,2836,480
7945: 5859,182,2967,982,1849,3448
7946: 1957,4620,1219,6420,3917,3941
7947: 7978,1968,6753,3843,1880,3482,183,5646,7777,6926,1034
7948: 4802,1261,1671,2064,3749,4026,3948
7949: 7170,3393,6492,325,4012,1230,4021,5078,1775,1703,4171,8106
7950: 1811,1505,760,6725,3969,5216
7951: 3377,4179,507,7850,2693,4415
7952: 620,3970,6779,437,4353,4076,7553,7604,1802,2536,3629,773,5422,740,5701,6148
7953: 3464,1810,5745,2762,5202,2673
7954: 5588,6553,1396,3952,1070,2940,5714,3971,1489,5239,6778,7798
7955: 3294,6685,4576,4041,3623,1955,6995,6889
7956: 2215,3605,1599,26,187,6094,4244
7957: 2749,2822,1541,179,1464,7404,6612,6232,5057,6378,3750
7958: 4991,6282,1220,1054,6487,394,3295,8143,7080,200,7732,7359
7959: 6311,2065,1884,5093,5666,2484,903,6881,7035,8122,3465,19
7960: 184,7000,5704,6788,8034,567,2947,249,3324,3538,4507,4290
7961: 5554,597,5642,4240,4893,6170,1988,4004,4551,3279,660,3751
7962: 4380,1221,6785,7024,5476,3996
7963: 7707,6892,3841,7855,1232,4586,4909,5582,4362,130,3611,2135,3846,3359,6166,7673
7964: 5371,3624,6429,2268,3293,1774,189,7967,6669,4741,6069,3340,25
7965: 6670,2360,295,5883,599,210,5612,6365,3831,6593,1143,2226
7966: 3686,3398,58,1088,8033,7571,5170,8040,3023,2968,3495,6186,1873,227
7967: 3624,6429,1406,5943,7964,792,4910,189,1144,950,5463,5918
7968: 2681,3930,6051,3687,1433,7433,1383,5004,5399,6069,851,1693,6056,6669
7969: 7496,3531,7981,1664,700,761,1106,3663,2023,7722,5263,4390
7970: 27,694,8092,2015,870,7831
7971: 2385,5750,4501,3860,2398,4670,5509,3114,2918,7304,6983,2632,5055,131,5482,6438
7972: 28,1419,7142,3920,7846,2759
7973: 5787,2287,2917,1368,47,3901,6484,1667,4275,4718,3821,8151
7974: 2748,4977,7476,6953,2488,95,4068,6377,1576,4488,419,6719
7975: 1329,3466,1026,4405,1233,1856
7976: 2791,450,3527,4728,7468,2541
7977: 5873,1556,5398,5989,921,2290,1866,7051
7978: 940,4609,7947,1968,3429,6753,6414,863,3843,2568,3482,8188
7979: 3958,4371,2044,29,1841,311,5107,6773,3084,5752,6112,3355
7980: 6647,7276,1429,52,7380,371,4913,1653,2051,1639,1023,6941,4037
7981: 7496,3531,7969,3663,6172,7722,5263,3972,6008,6705,5823,4390
7982: 4599,1381,730,5257,939,3625
7983: 4366,5050,7271,3752,3040,6803,1547,321,2942,2131,6870
7984: 5287,7144,2239,3973,7664,5353,1950,4641,7335,2596,962,5298
7985: 6932,3808,5557,6233,6212,1838,3349
7986: 1145,3077,6381,6945,2853,3572,2503
7987: 1655,2195,3974
7988: 6834,53,4061,6057,1914,3945
7989: 1636,2852,2203,5175,1932,1208,2420,4932,6350,707,1566,6063,5699,4377,4560
7990: 1683,3777,169,843,1580,6145,3872,7439,4577,4895,5762,7356,3051,4916,3467,7560
7991: 7703,4002,3457,4896,1456,6622
7992: 7822,1463,5046,6633,3292,1570,3902,3037,7116,842
7993: 5863,6845,3227,3117,179,2462,6498,6882,6797,508,217
7994: 5117,7733,193,3540,1617,7190,2178,2808
7995: 1146,3121,4192,32,720,5246
7996: 4992,133,3852,3905,6616,2931,8047,6494,4392,280,3616
7997: 1002,7117,7542,3394,1448,4338,5394,1356,2840,4471,4475,6557
7998: 2972,1742,6880,468,8109,3975,4255,2301,5975,4973,4058
7999: 3627,2656,1151,7840,150,4808,8119,5385,5510,6878,7729,3301,1137
8000: 4406,2593,3903,2903,4100,6638,234,7667,1842,6470,3338,1229,2304
8001: 773,3525,7717,740,2303,7157,6148,5056,7939,1147,919,3704,7553,4707,3129
8002: 1660,7183,1201,134,8051,3400
8003: 6457,4569,922,5090,2491,7891,5542,3147,6406,1245
8004: 982,4223,6972,2167,3688,2014
8005: 3199,1336,3372,148,6661,8158,3844,1981,3832,432,7501
8006: 1670,6641,3753,5047,717,2149
8007: 3628,1705,2314,4087,4409,6524
8008: 2400,3904,1477,5799,4160,149,6664,3846,4105,624,7678,5687,7568,2031,2621
8009: 2746,2254,3276,3529,7615,1605,785,4598
8010: 2331,6930,1870,6087,923,3266
8011: 3087,4743,946
8012: 3754,2654,911,7724,4850,2270
8013: 2413,1929,1756,370,924,4719,4696,6085,120,738,6979,5735
8014: 764,4403,1340,6987,5628,575,3062,4842,5029,2629,5523,3468
8015: 5064,2614,855,2942,6870,2099,6803,1112,3541,6711,4681
8016: 8078,3705,70,8157,6907,509,1266,5195,4780,2026
8017: 7204,7481,3678,4343,2658,745,4310,1773,702,2308,6312
8018: 1164,2368,3126,3395,4862,5892,1399,4827,3416,6168,4820,1162,6960
8019: 7430,5108,4883,703,1192,1517,3420,2351,5746,7158,459,8133
8020: 1455,784,1422,5508,3133,848,30
8021: 4825,925,2476,6637,7247,3213
8022: 4921,2245,3976,2383,4385,1111
8023: 734,135,5232,2849,1801,6276
8024: 528,6432,3146,228,3396,634,602,7805,4358,6659,5987
8025: 4542,8171,5441,54,4967,74
8026: 3748,6199,6815,2657,5782,4084,5939,1507,4926,3545,3397,263,8120,5835
8027: 760,6725,4147,2622,4671,3469
8028: 1317,4076,5285,7310,5721,6917,1260,6065,2958,3936,55,1802,5923,6071
8029: 6696,7280,164,2496,997,6282,3689,8143,3136,5440,4923,7518
8030: 6527,7735,3977,1984,5899,2205,992,6165,7839,5451,4054,1778
8031: 1587,7362,7632,4290,3542,7456,3308,4769,4682,6462,7265,3307
8032: 621,1334,7594,56,479,5168
8033: 3686,3398,3051,1551,3467,1088,6927,262,4539,5170,636,7966,5827,6186,6965
8034: 5941,184,7000,3488,6788,7960,4425,3324,1504,3538,4507,4290
8035: 57,8051,3444,1508,3400,5001
8036: 905,4057,7390,7532,2407,7386,4615,97,6058,2187
8037: 1462,6425,94,4048,3742,3430,6986,312,7127,3792,7266,7773
8038: 1372,954,5015,42,510,5589,6636,5977,3208,7132,2995,3910,1418
8039: 5646,7804,6923,1550,257,3690,6277,8083,2756,7777,1373,3984
8040: 3729,3023,2968,1157,6409,4303,4582,5935,5800,3495,58,1088,7571,7966
8041: 1654,511,7278,4961,6839,1124
8042: 1250,5319,6045,4655,185,449
8043: 3470,5995,1840
8044: 2487,3978,7795,2734,826,6402,4237,89,7851,4805,5802,1447,4222,2073,2027
8045: 6645,498,5703,1022,3101,2436,6226,3399,7870,1591,3404,8084
8046: 2382,3785,251,6769,5358,7557,3296,6747,5354,5109,3756,7519
8047: 7996,5121,3852,3905,1426,6649,7239,4395
8048: 3048,3551,3373,1807,345,4402,4654,8147,3979,1771,686,7489,316,7603,7482,5741
8049: 6789,1362,31,7199,3141,7347,6255,1430,4007,462,3765,8145,7395,3003,5695,3203
8050: 3622,7364,7920,341,3019,6490,3757,4253,8093,5145,4555,144
8051: 8035,3400,134,8002,3492,5001
8052: 3358,7046,6262,5754,2377,1033,3980,361,7126,4675,3328,6473,539,2777
8053: 3602,2705,6451,5958,5566,7188,1887,5720,5936,1397,6292
8054: 7369,6625,2113,1596,1523,136,1941,3042,7591,4180,4509,4774,8142,502,6943,7884,515
8055: 5157,8162,2906,106,2804,1487,3280,7417,1953,6925,6208,3543,5312,6181,6346
8056: 5529,300,6535,5890,2763,2883,7663,1292,3906,2832,1933,5888
8057: 4085,6501,5944,4601,5971,1926,2482
8058: 3168,1172,5904,1843,4251,3907,2474,5405
8059: 5547,2049,618,98,3134,7752,3504,585,2473,3894,3432,7490
8060: 4039,1272,6836,289,3908,6236
8061: 6108,1631,6628,59,2784,681,5144,1572,7198,378,4711
8062: 757,7052,3471,5918,3447,315,3069,5096,3260,1438,1406,6531,3368
8063: 32,2960,4023,6653,3965,303
8064: 3900,582,5367,5246,137,4192
8065: 4838,1365,3641,4789,4512,1237,3691,7587,816
8066: 6693,5250,7725,2728,1834,427
8067: 5676,3309,4890,138
8068: 3544,2773,1761,4793,3413,1928,7791,4666,1165,454,5432
8069: 7090,3021,7681,331,2148,2564,4519,6369,5194,60,3063,3632,1813,7065,6507
8070: 139,5438,7767,4090,5998,6863,1008,3532,6411
8071: 4095,7045,6862,512,369,6877,7160,7104,4184,1638,4585,1038
8072: 3403,292,6204,7579,3581,7671,5710,6716,590,3007,5019,2005
8073: 7381,2939,4442,1824,6761,2561,3171,3759
8074: 2414,4721,140,8190,8174,3554
8075: 1241,2825,3760,2199,7504,276,6565,5338,5350,6035,7313,583,3264
8076: 2793,141,5763
8077: 4133,3692,4848,4563,1826,1633
8078: 2979,3909,8016,7657,6929,7713,3705,70,6907,441
8079: 7008,2113,1596,3093,1941,920,7591,4774,3362,4345,6318,3981,7942,2235,6939,591
8080: 1872,6106,3479,8177,1059,513,4819
8081: 4964,683,1637,1363,3472,7561,1341,4593,7102,5375,7824,2412,7058
8082: 3434,5956,1222,1893,3910,4277,7533,6635,6548,4344,588,1418
8083: 7804,6923,8039,257,611,6277,3189,142,7265,2522,3542,2401
8084: 1591,2186,7107,3404,1192,2351,6645,5703,1022,8045,3919,3399
8085: 457,4418,7771,2715,6002,3716,5213,650,6899,1029,3473
8086: 1238,6700,3662,5268,1902,514
8087: 3693,4778,8094,3657,2329,6922,4546,4528,483,1230,5078,143
8088: 33,2662,1657,4708,6422,7341,6741,769,6078,1325,808,4467,2506,3577
8089: 4786,7028,915,532,640,6387,2081,3017,3238
8090: 3545,3547,5618,3397,7122,263,2774,1408,4263,8120,6039,1226,5782
8091: 5684,2586,7011,99,5132,3095
8092: 2015,7970,870,3591,5616,2780,6456
8093: 7920,3019,6490,3757,8050,871,5145,2949,1833,144,1322,5808
8094: 3693,1979,8087,6373,7775,4778,2329,4528,3393,5078,2514,143
8095: 6361,1825,4469,3230,3426,5911,7076,3405,1690
8096: 7232,2334,2154,3428,62,4510,8122,2475,6161,499,2803,3415
8097: 5740,4891,7605,3406,1585,6947,3823,2029,6513,1871,978,3378
8098: 7214,1424,5707,874,7277,3916,2197,2068,5017,8142,7369,1449,6943,6079,515,4389
8099: 2948,4607,6518,3694,5131,2246,7523,7326,555
8100: 190,1153,2688,2519,2533,3718,4364,281,3546,7293,1058,838,6345,5167,7834
8101: 6790,830,100,7906,6483,2953
8102: 3081,3407,1428,7326,6564,555,2850,7348,4889
8103: 173,1310,7654,4637,4490,4841,7662,466,3982,3330,1809,7165,2289
8104: 1724,5735,63,6936,3361,2437,3449,6180,4611,1756,6543,3161
8105: 3761,7761,1769,7502,1217,802,5505,1615,5599,3339,2243,805,5786
8106: 4479,7416,853,6275,34,325,4012,2097,1775,1703,7949,1628
8107: 3082,1328,4911,6155,3222,64
8108: 1498,1806,2955,35,6744,3885
8109: 6530,3762,6478,3446,7641,2972,1742,7998,2338,1538,4432,4058
8110: 3987,5547,8136,8170,98,65,1244,5530,3730,6338,964
8111: 6563,216,1701,2032,3983,8134,1302,4532,6782,6269,6329,1602,7358,335,2841,4141
8112: 6686,3912,3512,5303,2980,5783,6125
8113: 4993,66,7608,6576,1948,2858,3890,7122,6578,3118,7225,6443
8114: 3695,7874,1732,1053,4983,7236
8115: 1459,220,3474,3768,4908,1885
8116: 4888,1634,4988,5472,1957,3941
8117: 2325,6263,3244,1257,516,6910,3940,644,5010,7726,4811,6315,1819,2456,4660,2876
8118: 3780,5207,6130,145,513,4819
8119: 6505,5385,5619,2164,3913,5510,6878,4295,1560,150,4421,4808,7999
8120: 3545,3547,263,2774,4263,8090,1226,2657,5782,4084,4958,8026,5470
8121: 5532,5533,5662,2481,4529,4589,660,803,1480,5225,6479,7832
8122: 8096,2334,3428,537,6161,2484,6881,7959,3696,3415,3465,19
8123: 6906,7854,1816,67,4851,5626
8124: 579,6855,2323,1658,4709,4128,7375,6290,6605,3548,3124,7354,1405
8125: 2313,1867,1391,2932,3408,103,4804,7564,2781,4323,5574,6496,1583,3206
8126: 1564,651,3475,5831,1935,7093,2453,5962,1248,2468,4868,5756,6015,5424,4256
8127: 2156,1384,896,5377,5813,4958,1659,2387,1322,101,5470,6217
8128: 4318,208,6588,1076,8161,5466,3862,3914,5663,1574,6572,3424,6609,6802
8129: 4117,68,927,3845,3498
8130: 3153,3334,3926,1561,1085,780,102,7486,6333,4222,4491,5030,7323,1279,6602
8131: 2783,2340,4341,1503,517,2019,5139,3224,5049,4513,6793
8132: 6024,811,3409,7799,2211,4552,7735,2560,4751,86,4054,3870,4370,6132
8133: 4428,1746,948,459,4781,4461,973,3549,7158,703,1517,8019
8134: 6563,1701,2032,3476,8111,4532,3025,5764,6133,6269,6329,2039,1692,2825,4291
8135: 6383,5381,363,2998,1900,4628,4566,37
8136: 3987,5547,2049,3410,1240,618,8110,1828,98,4698,3134
8137: 2563,3408,103,6258,2594,5138,4804,1850,6619,7844,498,3101
8138: 6371,3764,4600,1045,774,7570,5178,7825,611,2522,4937,7104
8139: 2746,6754,785,4995,1982,7294,3915
8140: 3199,3844,7306,1794,104,2711,3832,5761,432,7618,6809
8141: 5965,7928,2994,1231,3631,3411,6972,5560,4264
8142: 3916,2945,2197,2068,5017,5707,8098,7369,6625,136,4180,8054,1449,6943,515,4389
8143: 6282,3689,3295,7958,200,8029,1288,7359,1526,4923,3550,7518
8144: 7605,3412,7227,1203,1585,7015,569,4534,1116,4208,2185,3
8145: 6789,7347,6255,462,279,8049,3765,3003,6585,7917,5925,1282,4454,6410,3462
8146: 6253,1624,6189,7362,2618,6966,257,3690,1373,3984,7455
8147: 5122,7113,4269,1195,2731,7014,45,3979,2480,1771,686,316,7482,4630,3551,8048
8148: 4736,4516,105,1531,7600,4145
8149: 3766,7558,3609,3204,5723,2592
8150: 256,5597,710,3477,1489,5241,1355,5781,7798,2158,1747,2305
8151: 4718,146,1892,7705,3821,5421,3901,2231,1667,2917,7973,47
8152: 7483,4040,2396,3873,1963,69
8153: 7392,1358,2197,6689,7182,3722,5570,1069,3697,535,6655,2265,6581,4435,3116
8154: 1360,6957,518,4361,6792,385,1350,6169,5454,7269,2181
8155: 147,5685,3711,424,7068,1415
8156: 4499,3767,4145,6717,2255,1966
8157: 2979,8016,70,6907,509,1723,4792,5567,4780
8158: 1336,3372,148,8005,4148,5189,7611,704,1981,432,1958
8159: 3552,2394,6084,5729,7426,6665,7507,949
8160: 5136,994,5855,4954,6604,5946,6832,4020,1772,1160
8161: 4318,1076,3862,8128,71,746,3914,5663,3218,6572,1718,1071,1702
8162: 6634,6515,5157,2906,2272,106,4652,2804,5088,1487,8055,3280,7417,4024,6925,6208,3543
8163: 5430,1951,6028,1402,3986,6452
8164: 4624,4856,3698,5796,5074,629,4250,2069,2730,8167,7072,5734
8165: 1444,2909,4289,336,2976,107,7583,3520,6444,4169,5541,6336
8166: 73,1976,6709,1811,3371,3969
8167: 2730,6959,767,7072,6256,1797,1627,5734,4856,3698,8164,2069,5387
8168: 1145,7613,3077,1090,3553,6038,2208
8169: 5767,7285,108,1907,3315,5165,7327,1614,1486,5082,6671,6589
8170: 3987,5547,8110,1828,4698,1886,6338,964,4233
8171: 1479,3992,4542,5441,8025,2426
8172: 603,1664,1106,7753,3478,6569,5711,860,2502,2977,3861,6539
8173: 2329,7661,3737,847,109,2219,6922,3523,836,483,3693,6070,3657
8174: 8074,4721,540,3374,3554,5311
8175: 7079,4680,6337,3337,3344,7459,2882
8176: 3699,7291,917,1920,521,165,7170,4770,2817,3394,1356,7886
8177: 5280,4365,1059,5200,8080,3479
8178: 3644,1095,7462,5345,2247,2038,110
8179: 3455,3700,505,7906,7163,5053
8180: 5739,231,6188,2577,799,1627,3555,6698,7732,2908,7359,4055,5339
8181: 6323,2214,1348,3480,6042
8182: 7432,3768,428,4908,3131,5197
8183: 766,5999,6121,1622,5300,5708
8184: 6438,7121,1423,7197,7876,3769,7270,1735,3056,4463,322,676,943,4670
8185: 1636,111,5833,2203,1208,4932,6350,2642,5951,2410,7517,4560,6380,3613
8186: 6833,1909,1546,622,2364,7099,237,2679,6772,5348,3481,6721
8187: 584,4407,5748,2452,3770,3022
8188: 940,4609,7978,6753,863,3843,3482,183,2677,3450,6159,93
8189: 7572,4419,3771,7465,284,1595,1483,993,2472,2251,7156,4473
8190: 2414,8074,140,3554,5603,797,2776
8191: 7667,1842,1536,913,6378,3772,3366,6470,401,3750,2903
8192: 1020,6591,3484,4618,2182,2017,4227,7228,2074,1473,3382,7580