0: 2059,4283,4386,5495,1126,7289,2166,6852,3898
2: 968,457,6970,2936,4418,2813,650,2715,3437,6708,4341
3: 2232,1696,1116,2094,5346,3929,478,7015,8144,4534,4208,7227,1791
4: 3392,4882,3574,4972,749,5609
5: 4766,7830,5546,6012,1681,3519,5244
6: 3648,5324,4886,1889,3802,1270,6179,6629,6320,7123,5468
7: 4735,5930,3451,5757,3008,1568
8: 4508,2125,5260,6448,7748,6982,2682
9: 2451,5431,6657,5814,967,4212,5657,1753,4352,4537,6681,1482,4854
10: 2210,7241,3298,2033,5322
11: 5336,2354,1642,5688,1180,4274
12: 4077,3743,3874,5743,7544,1592,7315,434,7880,7686,592,2745,7264,7668
13: 3141,6255,3003,6585,5917,4520,7757,4083,628,7018,7700,5925,3825,7395,7071
14: 4085,1052,1688,6407,7759,3345,3468,7458,4337,5029,3524,4979
15: 7811,2279,6813,3379,5555,6100,7786,2834,5974,4665,3787
16: 6560,460,1762,7441,1692,583,4843,7821,6327,3656,4092,1938,6133,3025,3760,6035
17: 1066,5334,5452,1835,6240,5621,7823,6222,3515,4764,4094
18: 4937,1550,7825,6277,3189,4484,4095,1278,512,6295,1975,2137
19: 2066,3696,8122,3415,3465,6205,2025,5666,6311,7872,7959
20: 6065,2958,4284,1227,2771,2090,203,55,301,7882,3936,4892,5201,5923,6071
21: 1560,2101,2369,4246,6668,867,4329,7889,7017,3110,4421,2164,594
22: 4569,922,5647,3032,7636,2309,7891,2143,5583,253,3953
23: 2994,4945,5429,5465,7928,2014,1390
24: 850,5940,2316,2100,5095,4307,7938,1908,5292,6781,6860,1925
25: 7384,7940,3047,3855,4011,6667,5371,2268,7964,1774,4741,3340,7590
26: 7956,2215,6094,1599,3896,5622
27: 3448,2167,7970,7831,2015,6934
28: 1366,2077,6951,3920,7972,7142
29: 4371,7979,1841,5107,3084,1745,2919,6978,4401,311,6112,4966
30: 1422,8020,1455,6867,848,4622
31: 6789,1362,7347,6255,6238,462,8049,3765,5695,7199,5934,4007,7541,1635,4907,3600
32: 720,4023,3121,7995,2960,8063
33: 1695,2122,4467,2320,5837,6422,4035,4708,7341,8088,6078,1325,5910,808,3577,2506
34: 4840,8106,489,4479,7416,853,2591,6275,7209,5534,4051,1628
35: 3031,3440,6744,4818,8108,3885
36: 1634,7463,1973,4988,152,5402
37: 8135,5434,4433,2824,4072,2998,1900
38: 4059,4930,4994,7420,4587,4588,7510,7100,5254,4075,2089,4331,3327
39: 5210,1674,6254,7674,1265,5571,5448,7873,7507,2619
40: 6654,3674,4136
41: 2969,842,7320,1357,3902,7622,4071,1728,3217,6271,7040,7382
42: 3208,2995,4098,1494,3274,5977,5379,5015,8038,2428,5589,6636
43: 343,5760,5392,3578,6648,1539,6396,6469,6536,944,6728
44: 83,2789,5686,6426
45: 3979,1820,7328,2480,3722,2741,1771,4524,5996,6689,5122,7014,8147,3551
46: 6038,3863,477,7387,2818,5223,7613
47: 6113,7766,5787,6203,1368,8151,1667,7973,2287,3560,7705,2917
48: 3939,4860,6209,7816,7012,6549,1971,5464,2600,5793,2933,1438,2288
49: 4004,1423,7197,2447,1597,7270,322,4226,1988,4551,4893,3502
50: 6313,7935,5228,5525,3236,3043,977,6204,4239
51: 2134,1277,7187,7468,4728,1554
52: 6647,7276,4913,7380,2438,1429,3102,7980,1534,1653,2051,4037,5775,2236
53: 2543,3945,7988,7813,2703,6057
54: 4967,4542,8025,2088,4074,3275
55: 4758,3783,7649,1260,6065,2958,4284,3507,20,1317,5285,7310,8028,3936,5923,6071
56: 479,1087,5168,8032,4081,5871
57: 8035,3444,4088,3999,7559,1508
58: 8040,2968,1157,6409,4582,5935,5800,4895,2071,3467,1088,7571,2050,5170,7966
59: 1572,7198,8061,1631,952,5144,2125,6628,7251,6108,2614
60: 6507,421,3063,1813,3350,7065,5741,5299,7003,7090,3021,7681,2148,8069,4519,6369,7096
61: 4786,7028,226,532,1727,551,7409,3344
62: 8096,7232,7863,2475,6367,499,1534,4510,6161,4990,5822,2803
63: 3237,8104,5735,6936,3449,4611,4200,2413,1756,4592,4719,4696,2437
64: 2636,1328,8107,3222,4521,6760
65: 5547,3894,8110,3134,98,2473,5530,2269,4788,6338,1244
66: 6578,2858,4726,2641,3049,7608,6576,668,8113,6039,7225,3890
67: 2761,5430,347,4851,3313,6906,8123
68: 8129,3845,4101,2429,5623
69: 4594,1598,1963,2112,8152,3873
70: 2979,5195,8078,8016,7713,3705,8157,6907,509,7768
71: 2957,5742,746,5607,1071,4360,3218,1702,4318,8161,3862,3914,4217
72: 4624,4856,5796,2079,629,3923,7290,2069,2984,1847,7548,722,1131
73: 4424,8166,1976,7783,6709,1965
74: 4967,1369,5441,8025,1977,2747
75: 1006,5770,1772,4838,1562,1237,4918,5136,5946,4020
76: 4022,4316,4920,2188,4319,3251
77: 3016,1389,7760,6903,2483,5496,2060,5156,5453,5332,4209,4799,2755
78: 2760,5060,5236,3775,7589,2082
79: 6049,3635,3178,7721,6027,6807
80: 2021,3439,6860,5518,2316,2100,5095,6632,534,6818,6650
81: 3593,7818,2271,3090,4483,6586,1198,7410,4878,3386,1858
82: 4871,7702,4749,5395,2717,1048
83: 7714,2789,44
84: 6710,1359,4795,752,1939,7772,7888,6940,1273,1397,4042
85: 4132,2374,4378,4478,3793,2337,1020,6591,7275,7784,446,1945
86: 5451,8132,7337,4054,3870,4552,6132,7799,6527,7735,8030,1209,992,4751,3409
87: 7814,1421,3263,2986,4330,219,3897,7878,3197,5816,4427,1228
88: 1254,7123,1321,2686,3972,5823,5468,6116,4877,7820,2805,6303
89: 3978,7795,8044,2073,6402,4237,7851,5802,2177,4222,4491,2027,5229,2620
90: 7877,245,7562,2639,1132,2157
91: 3960,3457,6020,7643,6519,7883
92: 1280,503,6503,3000,1502,6206,5894,5409,7292,2571,2228,7885,4944
93: 940,2677,4609,8188,863,2568,6868,3311,5755,7903,2430,3013
94: 6425,7930,4048,8037,7158,3742,1462,5824,243,3792,7773,973
95: 2748,4977,3854,2147,5070,7974,2488,6719,4073,1576,4488,7082
96: 2184,4123,946
97: 8036,4057,6058,2407,4615,596,4297,2187,5134,1707
98: 5547,65,8136,8059,3894,7752,618,8110,3134,2473,5530,7204
99: 3927,5132,7011,6968,8091,1883
100: 2953,7906,8101,7601,6651,505
101: 5856,5813,1659,3254,2387,1322,6217,199,8127,6683,2156,144
102: 1561,3074,1085,6318,8130,6333,7323,3362,1279,2170,4345,7248,920,6145,7942,2235
103: 3408,8137,7844,5138,2048,4804,6619,1583,8125,6496,6645,498,3206
104: 7306,3199,1794,4543,2393,8140,3844,5761,6961,933,1140,2711
105: 4736,4516,3238,2081,8148,2096
106: 8055,5157,8162,2906,2272,7697,4652,2804,3280,5088,1487,1061,4876,3543,5312
107: 5355,2449,1986,7583,2117,6444,4010,3312,4686,4169,4966,8165,5541
108: 6589,399,1503,7327,6542,3437,1486,5767,5165,7388,1614,8169
109: 7212,7661,4089,8173,3737,847,6922,6909,3523,836,4869,3877,2329,3657
110: 4899,5515,5345,8178,2038,657,4242
111: 1636,5833,2203,4811,5951,4560,2410,8185,6380,7764,1257,769,5730,3613
112: 4155,3723,6184,4746,5797,5114,718,3417,5901,2139,7231,2319
113: 5192,7246,4185,1931,2709,3096,1818,3421,6822,5226
114: 7007,3325,3571,4384,828,4683,5181,4348,1451
115: 4397,4640,4039,1272,1445,6814
116: 3916,3048,2945,7392,1358,2197,1807,345,2068,4402,4654,5017,5536,7489,8142,4180
117: 2732,2382,4495,3982,3330,1809,6769,5358,7557,7165,4637,6747,6824,4894
118: 158,6521,1983,3932,5487,1857,5326,4635,4438,3058,2753,6097
119: 4690,6339,4548,6721,6469,6536,1255,944,2740,5348,6640,343
120: 8013,7865,6580,3180,6979,738,1756,924,6085,4259,4696,3161
121: 7627,3272,7367,4300,3271,3200
122: 3356,3169,6245,7120,7778,6949,1685,4987,1331,1783,2795,196,308,5860
123: 6298,4651,2307,3619,2080,5474,1619,7787,7623,7421,7899,3859
124: 589,6167,3938,1697,7796,6672
125: 5161,2150,2551,4934,3691,1365,7817,4570,7587
126: 4296,5151,1818,6822,6764,5866,7864,5192,2709
127: 7896,5316,1874,2980,7782,5484,7609
128: 5717,5046,280,7665,7350,7926,3833,5425,3292,1471,4001,2579
129: 2772,170,3779,7934,7698,7593
130: 3611,2135,1573,1812,3359,4697,6166,7707,7673,7963,5582,1875,4362,4363,3841,1232,4586
131: 3638,3114,2918,6983,1613,2632,5055,5551,7971,5509,5482,7304,6343,3333,6438
132: 6136,5184,4093,1525,3349,1838,266,6235,5520,6212
133: 4992,4392,4986,7083,7996,3852,3616,2931,7822,7075,2875
134: 1201,832,5209,8002,8051,3492
135: 2216,7593,8023,2849,2772,5232
136: 2500,7369,6625,1596,8142,1941,4180,8054,3916,2945,2068,5017,6943,515
137: 582,7428,3306,3717,8064,4192
138: 8067,4890,2584,5981
139: 5776,8070,4090,1008,5592,1890,2018,5812,1690,5998,6863
140: 365,2776,6901,5603,8190,2414,8074,4644
141: 1333,5763,2910,8076
142: 7804,6923,611,7265,8083,1587,7362,257,3307,3542,2618,3690
143: 3393,6492,6464,8087,1230,4021,5078,4528,8094,483,3693,1979
144: 8093,2949,4555,3757,5145,8050,6683,5856,3254,1322,101,5808
145: 3997,3780,8118,4468,5207,5744
146: 4718,1892,4261,2917,4955,1689,2425,7078,3901,3821,5421,8151
147: 7268,3830,8155,424,7242,1415
148: 7611,8158,3372,3844,432,8005,5649,1795,1958,5031,7501
149: 3904,3744,8008,1477,6571,1129,4105,4160,7857,5506,3132,643,7855,4909,2031
150: 4421,8119,5619,2164,594,5510,6878,4295,1560,433,2369,4808,5075,3301,7999
151: 4816,4604,4134,5545,3106,4672
152: 1706,4988,36,5402,4047,6427
153: 6706,6872,2324,3432,1150,5173,2049,4810,5331,1240,6260
154: 2742,2153,7138
155: 5965,6890,2869,3703,4945,5429,2474,3168,4938,6767
156: 5835,5754,1863,7126,6473,6815,6642,3659,5294,1507,6450,4970,3397,5939
157: 561,2549,4790,4600,7570,4266,6462,2651,4951,5125,4682,2401
158: 6458,7351,6521,3367,1983,118,3932,2260,5326,7708,3058,6097
159: 1056,3528,7581,1159,5539,3685,5433,6584,1985,3463,2044,7943,5120
160: 1324,6985,3639,6041,2009,3198,2495
161: 5129,7074,6175,3652,1770,2637
162: 3320,1410,3586,1218,7933,7154
163: 2269,6994,3678,4343,1879,4788,7221,3075,7812,2473,5530,1244
164: 6696,7280,6128,2496,7518,7196,8029,806,200,6282,3689,5773
165: 3699,7291,5887,1920,1540,7336,521,2707,6838,4770,2817,8176
166: 7412,6220,5842,4380,3701,7024
167: 2809,6241,7445,6631,7549,5893,3784
168: 1492,7508,7178,3881,3734
169: 7990,1580,6145,3872,4577,7356,1974,4829,7633,1447,5827,3051,4916,7560,3467,3777
170: 7140,2772,1851,7574,129,3779
171: 1158,6418,4608,1600,3815,1003,7647,4930,5670,6599,4817,209,3875,6165,4984
172: 4658,1764,4934,7652,3747,1160,4794,2282
173: 1310,2339,2727,7654,8103,5329,560,4490,7662,3982,7165,4637,2650,4841,7677
174: 5080,2646,3558,5009,1344,4168,3323,7687,5024,2467,7059,6331,7469,2623
175: 3565,2609,6662,7720,5963,459,2581,5108,1352,5878,965,4540
176: 7446,3305,7734,4761
177: 6424,4093,1525,7737,3281,6448,3157,2682
178: 2695,7396,7837,5215,2530,4322,4742,5199,2076,379,811,854,5386,4868
179: 3173,7993,6232,2749,3227,2822,3117,1541,7215,7879,7957
180: 7929,4882,7921,6340,1207,6471
181: 1512,576,7941,6361,6905,3230,696,7076
182: 2967,3989,6215,2003,7945,1849
183: 7947,2137,6753,8188,3843,3482,4484,2756,5646,6926,1034,3450
184: 5941,7000,5704,1917,2947,1921,6788,567,7960,8034,5415,4425,3538
185: 449,8042,5319,2911,3566,6075
186: 6706,6872,4099,5164,5331,3568,5535
187: 7956,3605,6840,2042,4244,4579
188: 5083,2747,3672,4864,5444,1977
189: 3624,6429,2268,7964,792,4910,3293,1774,7967,6669,6069,5463,3687
190: 2265,1153,2688,2533,3718,4912,7277,5916,3651,2938,4435,7293,5167,8100
191: 6674,1918,5712,4710,4941,442
192: 5048,3045,1172,5904,1843,5610,7535,976,6299
193: 7994,5117,3540,2399,7733,3459,7010,5190
194: 4906,7925,626,5749,5412,7488,5044,2376,3391
195: 2091,6598,3454,7081,1021,1224,2624
196: 7044,6533,1783,2795,2527,1597,4463,6139,122,3356,3169,4591,7778,5945
197: 7702,3646,6033,388,2595,2691
198: 2751,3342,2001,4561,5323,4249,411,6798,6063,3539,6511,5747,7669,5175,1932,2420
199: 1948,1659,3254,2387,101,5470,7047,7296,6217,2774,1226,7122
200: 6282,3689,1220,1054,7958,5773,394,3295,3550,8143,164,7518
201: 6335,2880,2198,868,5245,3620
202: 4151,2710,4762,6385,6851,793,5100,296,2848,3856,5032
203: 6065,5423,6390,4284,1227,6476,2771,5851,2090,20,3660,2202,7882,4892,5201,6679
204: 3592,6526,3676,957,7287,1427
205: 1461,5026,6568,4497,4760,5884,7833,3259,2916
206: 3334,1085,8130,7486,5030,3132,6104,458,1212,4998,7248,6602,6571,1129,7857
207: 5018,2608,6574,5829,1370,6670,1143,7479,3831,210,5457,2226
208: 3233,6588,1076,5466,3862,8128,1574,3424,3914,5663,6000,3196
209: 4817,3875,3977,6165,7839,3815,7647,4930,171,1600,5670,4075,1094,6599
210: 7965,3800,5883,599,6365,6670,1143,207,5457,2833,2226,6697
211: 7236,1732,6415,2528,4456,2630
212: 570,5894,5409,4558,7020,2812,4523,2228,7885,6687,3174,5737,6486
213: 2612,6743,1392,1749,5538,3194
214: 5047,7067,6756,2676,6891,6423
215: 2115,7318,5915,2701,5103,4478,2072,4831,1434,6766,6847,3300
216: 2032,6679,3983,8111,6782,6269,2771,2202,5764,2716,522,7882,1553,4892,5201,7358,6952
217: 3173,7993,3227,3117,7215,1440,6498,6797,7531,2856
218: 3994,4773,1590,4453,3636,6765,6801,2699,4752,1759,5104,4673,3127,492
219: 1421,3263,87,6005,6297,4812,7389,1696,478,3897,7878,6805
220: 3103,7419,6859,3319,1459,8115,3474
221: 1666,366,3487,5801,2647,5027,4272,6395,4835,3806,6865,4530,6897,1837,3489,7646,1152,4317
222: 4207,1890,5568,2018,5091,3505,5812,5697,6874,7146,1008,5592
223: 4470,6006,4134,7185,5538,609
224: 4189,895,6752,3604,5993,1041,535,1069,5728,4531,4349,987,6210,2554,6196
225: 2764,3664,1018,6690,6715,2905,592,6713,2114,6072,4191,4506,5957
226: 5480,1727,61,551,2671,3682,1441
227: 6186,6855,2323,1873,8124,4709,7966,3023,2968,6605,3495,3548,5284,4188
228: 8024,528,3176,6432,5987,4922,634,2580,4358,6659,1100,5809
229: 7108,7219,1134,2238,5352,3958,7169,4526,2919,937,5034,2449,5159
230: 7739,5148,2535,3962,1263
231: 4250,6188,767,799,7072,1627,5339,5439,1042,6242,4055,5886,6227
232: 3012,777,2280,7314,2006,5021,5502,7027,2961,6101,1138,2690,6192,833,7013,1528
233: 2836,6478,7881,6308,3212,4058,7398,3163,7460,4567,4452,781
234: 733,7119,3827,2304,2275,1730,8000,7667,6638,3338,7467,5779
235: 7672,878,978,1262,2973,7610,6692,6967,4487,1871,4327,3223
236: 5588,4553,5270,6548,1896,7036,1396,3952,1070,2935,7753,2940
237: 7099,6116,7704,6833,293,2679,7820,3583,8186,5606,6721,1830
238: 7645,3522,3594,5293,7147,4494
239: 4803,2213,5936,3401,6292,6875,7494,7162,3601,1481,3300,3950
240: 7259,7322,1017,2454,7168
241: 2739,4716,2253,7249,1877,5248
242: 7253,7728,2256,5278,881,3714
243: 2520,6784,5959,3792,7773,973,7266,2332,3742,4181,883,94
244: 888,1998,4420,6920,3766,7558,7316
245: 3997,7877,90,5485,2157,6018
246: 2223,2887,5237,1318,3869,4038,7827,965,7403,1882,6885,7781,7480,6971
247: 3967,7909,467,5265,4844,7408
248: 1510,2385,4082,5750,7452,4501,7539,631,3860,2398,2487,7019,4805,5357,7244
249: 3308,7456,7632,4290,4241,1225,3840,2947,7960,4507,1978,5008,6307,4769
250: 7491,4236,4731,789,7484,5087,5966
251: 2670,5354,5109,1135,7519,7712,1750,6769,5358,8046,3296,5751
252: 5956,2674,1222,1893,6347,2294,1437,3837,1372,2204,7620,7769,1164,4827,6168
253: 7007,1466,3571,5583,4569,5647,22,3032,7891,3953
254: 2926,1939,7763,7397,3957,3288,6388,7582,3892
255: 7770,4666,1928,7791,3381,5384,3963,454,5073,596
256: 5714,8150,710,3971,3477,1489,5241,5781,7798,5239,5985,2305
257: 7362,578,3542,8146,2618,6189,7804,142,8083,8039,3690,3984
258: 4196,3944,4029,6981,7338,678,4964,4593,7824,7826,6009,4558,1780,2812
259: 3501,6568,7833,4052,2300,942,3736
260: 5556,4899,580,5515,7187,4066
261: 1305,426,7345,979,5803,5238,4079,5768,3562,4846,4583,4097,6224,1409
262: 6186,5240,6055,3398,6965,2734,5357,5879,8033,4539,636,4082,631,1993
263: 3545,3547,1226,4970,3397,5939,1408,8120,8090,8026,3748,6815,2657,5782
264: 6827,5850,6062
265: 7136,1571,2546,6185
266: 1578,6235,7349,3349,6136,5184,132
267: 2130,6466,4684,2381,5071,6280
268: 429,4858,5133,5924,5072,1712,4181,598,883,2271,6586,4449
269: 7607,2293,6088,2766,1788,6686
270: 6285,3614,1098,6796,6974,1695,2320,7534,5837,906,1726,367,5640,658,5295
271: 7004,4972,4536,2087,1312,5609
272: 734,3775,4447,5232,7140,4190
273: 3109,620,1403,2807,1063,5344,3669,7200,7500,5068,6092,5673,3667,7009,2564,1626
274: 4626,7245,6617,4678,6575
275: 2201,682,5978,1182,7284,5694,4437,2542,1395,2371,6368,5718
276: 7313,1762,3036,7441,583,525,2406,7449,8075,3760,2199,7504,5338,5350,4173
277: 960,7321,4953,5874,2440,3357
278: 7344,6093,4292,3496,5494,1216,2863,4763,3653
279: 6789,7917,7347,3462,3765,8145,1282,6585,6955,6286,777,6853,4454,6410,2985
280: 7822,128,7350,7926,5425,3292,5002,7996,3616,2931,2875
281: 2678,3546,7418,7293,1058,6646,5167,8100,5916,3140,5942,6759,4897,3718
282: 7438,7386,905,4057,4615,5544,1987,6278,1533
283: 3730,6338,7450,4233,3694,6724,1879,3805,6866,4788,2246
284: 2251,3210,6472,8189,6861,7156,4473,4419,3009,7465,3647,1595
285: 3211,6608,2360,1648,7520,3005,6593,3774,6461,1651,7250,647
286: 6222,3515,1169,5537,6992,7567,4746,3417,6794
287: 3735,6607,3567,5276,7629,6846
288: 1123,3160,5407,6804,7634,1246,6274,1014,5633,2987,4750,7370
289: 7637,2965,4039,3441,3908,8060
290: 3590,467,7147,7645,3702,6837
291: 2837,3946,7506,6843,4474,7648,587,5849
292: 3403,977,6204,7579,3581,7427,8072,7671,5019,1011,1787,339
293: 7099,6116,237,7704,6833,5834,7130,2679,3583,2805,2175,1546
294: 7776,2415,5774,7282,1781,4772
295: 7965,1767,2974,4676,3800,5883,7794,3354,599,5612,6365,6023
296: 2544,7829,6825,2848,1281,3856,2241,7203,6368,5032,5100,202
297: 5143,7262,5938,5005,7575,2366,1676,4477,889,1080
298: 4414,7289,3788,6703,2166,7901,3898,5041
299: 2878,5152,7309,693,4917,2598
300: 2832,5443,1933,5089,1391,5505,6535,8056,2763,5529,3906,7756,5888
301: 437,4172,522,7604,3936,1802,1553,2536,4892,5923,6071,6952,20,7310,8028
302: 4825,966,5190,6637,7521,1439,4574,7566,7733
303: 3965,8063,6219,3371,6623,2960
304: 6529,3028,4398,6723,6135,5356
305: 2373,5539,4767,1275,3995,6727,6584,1985,2109,6177,837,3796
306: 888,4420,6915,2659,4481,6737,323
307: 2357,5490,2627,6937,4218,835,2712,969,7005
308: 6114,6246,3456,7610,1109,5860,122,6949,6001,4987,1331,1783,7167,3516,2532
309: 6037,4372,1154,7264,608,4659,6417,7111,7171,2687,7222,4153
310: 4186,6969,6087,3266,824,5481
311: 6978,3355,5458,4401,7853,6112,4371,7979,29,1745,4686,865
312: 6986,4366,1120,2697,7127,1629,1462,4202,5035,4278,8037,3430
313: 844,1907,3335,7545,5112,2801,6914,7515,7816,7012,2600,1438
314: 7026,4987,6016,6533,7167,2795,2527,6513,2532,4635,4438,3823,6947
315: 7052,2933,5096,3260,610,2288,8062,3368,2196,7205,2735,5461,7505
316: 686,6507,3063,3632,7603,7482,3350,5741,4269,1195,2731,2345,8147,4630,3551,8048
317: 1115,7085,4889,4936,5654,5843
318: 705,5255,7619,849,7153,7049
319: 6800,6755,7161,1093,6370,1122
320: 4713,3724,6050,4606,7581,5752,7179,4596,2907,7706,3851,6773
321: 1547,4796,4957,2942,7983,6870,2099,961
322: 6438,7121,4004,1423,7197,7876,3769,7270,49,676,8184,5509,5482,4226,2914
323: 7300,4000,4747,5220,3776,2659,306,4481
324: 7480,6971,6768,2343,7394,7663,2095,4446,1954,1292,2883,6226,4038,7827
325: 6492,4021,1703,4171,7949,5394,1775,8106,853,6275,2097,7117
326: 4413,7442,550,4112,4301,3239
327: 7061,7231,2237,4155,3723,718,5901,7638,2582,1672,5414,1611
328: 5287,7144,2239,3973,1114,4143,7664,1073,1466,3435,6583,5397
329: 7137,574,7719,7303,7223,2347
330: 772,3286,7767,6863,3532,2279,6302,725,7740
331: 3021,7681,2335,1626,1946,7742,4317,6221,8069,4519,6369,7152,5194,3453,1792,4586
332: 770,4049,607,7240,7887,7747
333: 6702,1294,2982,2722,1072,7790
334: 5127,2593,3903,5045,4100,7680,2903,1491,4733,2120,794
335: 5020,2470,7113,6523,7014,2841,4137,4929,4500,6563,1701,1602,3983,8111,1302,4532,4141,709
336: 617,1444,2909,2744,4289,7208,6871,3443,2976,4169,8165,7184,3243,4745
337: 4334,1485,2043,3054,6644,2798,7461,1501,4332
338: 6296,6708,6970,2936,2813,5325,517,2783,3949,4341
339: 4354,2685,4475,5836,5253,7542,292,3581,7427,1011,5937,1787
340: 7694,6517,3370,4369,1924,4689,3560,6113,1643,1018,2905,6713
341: 5660,7228,4403,2074,1340,372,2964,3622,3019,4555,8050,4253
342: 1175,4417,1066,5105,2702,5452,2471,3034,2570,5376
343: 43,6648,1539,3030,4548,6469,6536,119,944,2740,6554,5110,6728
344: 749,4633,3392,6826,1623,4554
345: 116,3048,3551,7392,1358,3373,1807,4402,4654,5536,8048,7489,3979,7603,7482
346: 3264,7129,3436,4173,6025,6587,987,6210,4834,1241,3001,2199,7504,1625,5338,6196
347: 2761,4851,3499,5516,7858,4293,67
348: 6200,3188,6216,3575,4947,888,1998,4288
349: 5172,6512,7287,2815,7563,3046
350: 5121,6649,1721,4185,3421,5226,6449
351: 7758,536,5374,3612,2952,5160,5377,5969,2802,2583,544,5919,7199,1635
352: 3627,2656,1909,5839,1546,5364,2364,2857,7099,6833,7130,2175
353: 5601,6758,5526,1174,5672,5650,3709
354: 6440,3418,3732,5692,1737,4033,5185,6691,6225
355: 2343,4573,5727,2095,3785,5888,5109,975,3756,7519,5598,6051,4894,2382
356: 3837,954,2204,5882,6341,2161,7620,1829,5898,908,3731,7513,3630
357: 2820,4730,3561,980,5929,5876
358: 6091,6236,3721,3143,6836,5037
359: 4230,726,1740,6359,1103,4603
360: 3524,5660,1473,3382,5628,6987,3345,6401,538,3937,7031,6131
361: 6162,3358,5835,5754,2377,1716,1033,3980,8052,1863,7126,6473,3145
362: 6290,6883,1405,5212,7451,3888,7120,5825,579,6500,2478,4128,4080,1735,3056,943
363: 5381,4628,2457,6666,1898,8135,6383
364: 2140,497,5267,972,3778,7355,1803,5804,2299,6770,2545,2078
365: 5493,1202,2846,1805,2776,6901,140
366: 1666,5950,1875,221,7023,3487,5801,2647,5027,4363,4272,6395,4835,6865,3489,2335,1152,4317
367: 6263,7034,4035,4708,6910,6283,2456,5640,658,5517,6796,6974,1695,2320,270
368: 2981,7037,2754,7736,4647,5397,2011,7144,5302,1114,4143,1073
369: 6877,4095,7045,6435,1278,512,6295,1038,3105,1975,8071,4585
370: 8013,7105,6580,6979,4231,738,3055,1929,924,2585,4174,4375
371: 7276,1639,7380,1429,499,7980,3235,1653,5814,4212,2154,7863,4120
372: 764,4403,2074,341,1340,4416,3622,3019,6490,4253,5523,575
373: 539,6488,5553,3241,7046,4675,1033,6919,2736,5865,5533,1480,6170,1393
374: 4753,606,2548,2667,7115
375: 4807,7413,4415,1186,2693,4571
376: 634,4665,7805,4358,4870,3787,7811,7148,6813,3379,602,3396
377: 4889,4936,1428,1501,3054,6393,6499
378: 4033,5185,1572,3157,6691,8061,4711,6225,7737
379: 2556,2076,5885,811,854,7177,5386,2211,3438,6244,1061,6695,5215,178,4742
380: 5794,3419,3956,5594,5929,6281
381: 5227,6963,4566,1898,4550,6261
382: 2788,7670,5137,1911,6358,1589,6362,2106,4156,3228,7082,6856
383: 2183,6234,3100,5696,6249,7552,552,6392,7325,4019,6795
384: 6489,3579,523,6433,1242,5389
385: 7638,5003,1350,6408,6543,3361,6180,1672,8154,6957,7269,2181
386: 5337,6868,2511,3311,7903,3013,6545,4729,2568,962,2566,5298
387: 5343,4826,5341,6857,7890,3388
388: 2595,1751,6997,5256,2691,7904,1453,3646,6033,197
389: 1490,4083,628,2523,7018,4876,1286,3543,3099,7261,5312,7700,5925,2804,5917
390: 6525,5447,7210,7077,1800,7540,7400,6482,553,1493,2855,2404
391: 4305,1520,452,4992,4392,4986,6616
392: 7472,2005,7143,4650,6119,3326,3403,1472,786
393: 4165,4367,2321,1149,6806,7164,3234
394: 200,6282,3689,1220,7958,5773,6487,3295,5667,7080,3112,7196
395: 6288,7201,2379,6544,3167,1719
396: 2020,1082,3483,6124,1865,3458,7710,2962,7175,7235,566
397: 3617,7240,3106,6032,4604,4980
398: 798,988,7437,2108,7299,3739,3247
399: 3250,6793,1503,6542,108,5342,5767,7388,7319,7306,2393,4440
400: 6247,7346,5251,7134,4636,3092
401: 3772,3366,8191,829,6378,6279,5914,5400,7401,913
402: 7078,5486,3901,6484,1969,2231,3530,2026,2845,5897,7429
403: 5889,7463,1973,6010,2424,3867
404: 1121,3963,4502,5908,4855,4234,3782,6540,7473,5384,3991
405: 7598,3799,7254,613,1058,2574,6345,6646,5624,4820,4176,7631,6014,488,4862
406: 1824,7896,5028,5316,2870,6911,4442,6761,563
407: 2352,2258,4901,6259,7614,4167,4919,4130,2621,5799,4159,7550,4265,435,2006,706
408: 1379,6479,2758,3195,7832,6919,2923,3582,4669,5533,4529,4589,3763,7393
409: 5368,7178,2963,4626,6575
410: 6595,1698,6468,3899,2124,5142,4754
411: 6798,3452,4963,5307,4797,6063,3539,5340,4013,6511,198,3342,4249,2420
412: 6445,5840,5462,3078,4554,2929
413: 6505,2977,594,2045,4643,4295,4124,4344,5524,3110,6635,2935
414: 653,3596,5585,3571,4569,3147,6457,3953
415: 2339,2370,2727,560,4707,1601,5954,4653,3525,3202,1343,4530,6475,2242,7206,4272,5111
416: 4472,993,6763,4699,2034,1374,2865,6775,2472,6328,3284,7363
417: 4776,3637,1511,3321,7022,5401
418: 6656,2769,1007,1431,7366,6243,6988,1024,4815,3346,2525
419: 4073,3774,4439,1576,4488,7250,7974,7283,4225,6719,6377,3269,5013
420: 3897,1990,1741,4067,6251,6774,3009,6556,6326,4812,2797,6861
421: 60,3063,7603,1616,1813,5841,3350,5741,5299,7003,7489,675,810,2171,5992,6436
422: 2066,4927,4990,6205,1166,7216,4801,4465,5678,3128,2333
423: 7258,6848,6324,3585,3442,4738
424: 3711,8155,5903,147,7268,7312
425: 3565,2801,5411,2609,1677,7343,4905,6662,6914,5231,4121,3447
426: 3196,7345,979,261,5238,5768,3562,6609,4846,3424,3665,1777,4097,6224
427: 3758,5261,7419,6693,8066,1834
428: 8182,5197,6991,4122,7432,1413
429: 4858,5924,2517,6187,268,7578,3773,5072,1712,4298
430: 6509,673,6054,3027,3893,7474,6780,6344,3803
431: 6942,1138,2690,7845,6192,7013,2961,6101,3638,4904,531,1497,3822,5551,1528,7493
432: 3832,8140,3844,8005,8158,148,1958,5031,7618,7501,6953
433: 2642,1995,1560,2101,2369,2410,4787,4246,7517,4808,5075,3865,4421,150,1465
434: 6506,7880,7686,4360,592,2114,1592,4077,3874,5743,12,7544
435: 3012,7550,4265,3889,2006,2985,706,2460,5687,1179,2621,6286,407,4130
436: 3201,7691,7108,1040,7597,1134,4903,4260,7333,3119,5262,6624,1796,2490,7032
437: 301,4172,7604,3629,1802,2536,4928,7553,4076,6779,7952,620,3970,3669,4353,5673
438: 1814,3588,2249,7114,7621,4131,1680,4046
439: 2513,6582,3339,4758,5000,3783,5715,805,4161,2220,7649,7711,6138
440: 6962,7683,7912,4714,2644,7181,1757,956,7701,2889,1367
441: 3684,2884,6504,3909,5143,7575,1364,8078,6929,7713
442: 2877,5006,7743,4941,191,1918
443: 6976,4388,6322,5388,990,4168,3323,1930,1436,7803,984,5851,7469,5949
444: 6317,7849,4150,3085,2925,2792,6783,5706,5675,547,1778,4178,6481
445: 2704,5351,2879,5132,3095,4110
446: 7275,4993,1458,7784,7225,3801,2641,4132,2374,85,6257,4357
447: 543,6515,3148,2906,7697,4652,5088,5732,1618,4177,2450,4462,779,5722,7177,6592
448: 3353,5982,6577,1181,4307,7938,2508,5706,547,1416,5289,1564,7091,3150
449: 185,8042,4655,4122,7432,2911
450: 2791,3245,7976,6447,2174,4728
451: 994,5522,1079,3258,7155,5855,6604,2891
452: 4305,1520,6731,7774,4392,6895,4986,391
453: 5025,6712,3692,7801
454: 5432,4297,3314,2187,2107,4163,5073,7770,255,8068,1928,7791
455: 7586,5953,3570,1584,2367,6428,2001,2790,4561,5578,5323,843,3215,5762,6573
456: 2839,763,4256,3044,5573,5249,2802,2172,7110,4347,3521,5972,7447,3347
457: 968,4962,8085,2,3473,4418,650,6002,7771
458: 1212,3445,4043,7842,4998,6876,7248,5506,3132,758,6104,6571,7857,1085,206
459: 703,6558,5963,948,4781,8133,2581,5108,3420,5878,8019,175
460: 6560,16,1762,6040,7441,1692,583,4843,525,2159,7821,1313,6327,3656,4092
461: 1440,2462,6498,1339,4938,3187,6894,6767,5309,3446,4432,6202
462: 6789,1362,31,7347,6238,8049,3765,1282,777,7314,6410,4007,7541,3600
463: 7893,6812,4201,5247,3842,7485,1558,3510,1663
464: 6388,6817,7582,3749,876,2926,1015,1456,6405
465: 2738,664,3928,5286,587,6820,5875,5217,7506
466: 2411,2289,6824,7433,1383,4564,3982,1809,7557,7165,5382,5795,4841,8103
467: 3590,290,7909,247,4844,6837
468: 2972,1742,7998,6880,6962,5113,2338,1051,1538,7683,4973,8109,5975
469: 7412,5097,2485,5476,7024,3494
470: 7033,5061,3727,6156,787,2418,4627,4003,4975
471: 5847,5559,3998,4069,1991,5854
472: 1411,717,7067,6552,1645,2946
473: 1960,5805,6989,2273,3205,7224
474: 4060,3387,7286,7577,6887,3302,6510,6950,3091,1031,2660,6909,6360
475: 3663,6172,4062,7302,2023,2158,5985,2305,5724,1182,4437,2359
476: 6944,1036,7602,2131,7365,5349,2590,7271
477: 2913,1064,3863,4194,7387,46
478: 7389,1696,2094,5346,3,6297,1791,6805,3263,6005,219,7497
479: 621,7402,8032,56,4081,6454
480: 7119,3827,2304,2275,7944,1799,1730,7460,2836,4884,815,7087
481: 1201,5209,2127,7475,3853,2169,7183
482: 3277,4368,5719,5549,1224,3568,5821,6403
483: 7919,4869,506,4546,8173,3737,6922,3693,2329,6464,8087,4528,143
484: 6643,4667,1136,2356,1234,4845
485: 1187,5102,3494,2421,4765,5182
486: 5623,1412,715,938,4946,4101
487: 7128,2409,1478,5864,5586,2664,1353,3102,2978,7755,6316,750
488: 817,6014,2588,1524,6267,5340,3643,3546,7598,3799,7254,405,695,838,6345,2463
489: 4840,2591,34,4262,7209,5534,745,6994,2658,1743,7812
490: 2062,1905,5176,6574,7596,1370,7715,4102,3645,5393,2599,1731
491: 2339,2370,2727,7654,1601,4490,7662,1961,2650,5098,1293,7677,4756,1259,3433,4952
492: 2665,7658,4887,5437,1862,2052,3994,4773,218,6801,2699,4673
493: 2372,6776,3044,5573,4429,4648,4727,5249,2726,4823,3123,7514,2024,7447,7685
494: 7364,7920,871,4592,2266,7741,2432,6309,1205,2344,3449,4200
495: 7806,7428,3306,2587,2198,868
496: 5320,5499,795,2200,7815
497: 2140,3771,5459,7835,972,364,2160,7355,5079,5804,2299,2545
498: 6496,6645,3206,8045,7870,2436,3408,8137,103,3101,7844,1583
499: 6367,7380,1429,371,1534,8096,7232,2154,62,7863,5864,2803
500: 5210,6243,3287,1674,6254,6988,7873,6665,1024,2619,6656,2525
501: 5084,4915,2770,6600,4197,7875
502: 2941,1190,6798,6943,3231,3042,3072,6079,7884,515,4963,5307,4389,1523,7369,8054
503: 3924,6550,3140,92,6503,5753,3000,6759,1502,6289,7885,4008,3651,7892
504: 6749,7900,5907,2871,6399,4634
505: 6207,8179,5053,1055,100,7906,7601
506: 7919,4869,4546,3877,3120,3067,6190,483,4750,6786,7370,3737,6922,836
507: 3377,1078,4720,7850,2256,7951
508: 3151,5193,5863,1784,6890,4547,6882,7993,6845
509: 5195,1266,8016,4780,70,8157,1723,4792,5567,3262,1969
510: 3837,1372,954,5015,8038,6636,7769,3208,5977,5956,3910,4277,1418,7533
511: 2826,6239,8041,6839,1327,7278
512: 4095,7104,7045,1278,369,1975,8071,4937,18,1200,4184,4585
513: 8080,6130,8118,4819,1059,688,3267
514: 6419,1535,1902,2322,6898,8086,5268
515: 502,1449,6943,3231,3042,4389,3916,2068,1424,5707,8098,7369,8142,136,8054
516: 5010,2662,2325,6263,7034,3244,1257,4708,6910,8117,4811,2876,2456,4660
517: 5325,2340,5964,2783,338,6970,4341,5869,2019,8131
518: 8154,6169,6957,5454,2355,1360,7458,4361,3402,4382
519: 1379,2443,2923,4669,5039,2489,4726,4312,4224,4854,5657,1542
520: 4311,5604,2503,4640,1445,5716
521: 7336,2707,4546,3067,1920,165,7170,6464,1230,6838,4770,8176
522: 301,4172,2716,7882,1553,4892,5201,5923,7358,6952,4928,216,6679,3983,6782
523: 384,6433,614,4965,6954,2245,1242
524: 2877,5277,1722,5179,3537,6810
525: 7313,5333,460,1762,3036,2093,3035,6040,7441,276,583,4843,2406,7058,3760
526: 6663,5632,7333,7101,4044,6224,1409,3119,1637,3472,1341,7102,5375,5262,2412
527: 4411,2509,5990,5587,5611,6606
528: 8024,2669,3176,6432,1213,228,7141,3396,5987,5584,4922,634
529: 5500,3670,5644,4450,6036,1915
530: 6393,3291,6499,7754,3513,4332
531: 3638,3822,1613,801,5551,6942,5294,3170,7845,431,2377,6547,3328,5693,6343
532: 4786,61,7409,1401,640,8089,6562,6337
533: 1283,7361,2092,6601,2126
534: 1247,6632,5826,2417,6818,2021,3645,80,6052,5518,6650,884
535: 4189,895,6752,5993,2938,224,1249,6655,1069,4435,7424,5570,8153,3116
536: 7758,1388,351,5374,3612,896,5377,4748,2802,2281,3347,5519
537: 2334,6228,3428,2475,2484,4691,4336,6881,903,8122,3465,6161
538: 6401,3937,7135,1710,5958,7031,6131,4979,7580,3524,1473,360
539: 373,1256,2777,5553,4597,3241,7046,4675,1033,8052,6919,2736,1393
540: 4721,7055,6137,3374,8174,6710,7772
541: 7079,5363,2882,6007,5427,711,3639,5102,2058
542: 2359,7819,5600,6705,6172,4062,5724,1182,5694,2544,7174,2241
543: 6515,3148,447,2906,2272,7697,4652,5088,1618,4462,2556,5885,7177,1061,6592
544: 2802,1105,2583,3203,1148,5919,7199,1362,1430,5695,7758,351,2952,5160,1635
545: 655,3588,2249,6379,7211,7538,2611,5629
546: 2788,3817,7220,6023,5373,1589,5062,1895,1744,894,2661,4676
547: 7230,2983,7337,1897,4178,6481,2792,5706,444,448,1181,1416,7091,3150,3857
548: 5337,713,4015,4729,2416,4976,7281,2796,3380,2866,5868,5900
549: 3818,4933,7305,2920,2838,2565,1694
550: 1189,7442,7368,3108,4413,326
551: 226,1727,61,7409,3337,3682,1441,3344
552: 3891,7914,1364,2067,7448,6115,3684,6392,4019,5696,383
553: 6482,7814,1421,7166,2855,2404,6005,7497,5818,2692,7400,390
554: 4732,998,7512,6740,5471,2444,4395
555: 7348,2246,7523,8099,7326,8102,5131,6819
556: 7176,6602,1477,5799,1315,2177,1129,4159,5118,2027,2352,971,4901,5229,4130
557: 2992,2391,3315,5562,7237,5769,4294,3039,7285,5187,2086,4121
558: 2321,7622,6806,7588,6271,6904,6680,3265,6082,2403
559: 1687,6928,1713,6729,6984,742,6537,5926,4627,2459
560: 173,1310,2339,2727,5329,4707,415,4490,7662,5954,2732,4637,3129,3525,7717
561: 157,2743,7477,2549,4790,4600,1045,774,7570,6462,5125,6371
562: 4667,7689,3486,4845,2766,4373
563: 1326,4706,5040,6103,661,1824,406,4466,5028,2870
564: 5955,3004,2900,5748,1521,6178
565: 3784,1878,7689,4400,5986,5069
566: 2934,6394,5870,2020,396,6124,1168,1047,3183
567: 1074,7029,184,5704,2947,6788,7960,4216,4241,7217,2626,4125
568: 6065,2958,7803,4284,1227,6476,3507,3715,6996,5479,5851,2090,2954,3961,5791
569: 7672,978,2973,4534,6946,5740,3378,4949,3232,1585,7605,8144,1116
570: 5894,5409,212,4558,7020,4523,2228,6687,3174,5737,1117,6336,2909,7751,2000,4103
571: 3679,7129,6025,2075,7826,4349,4335,6587,1678,6009,6210,1780,2812,6486,2207
572: 4717,5044,7528,2501,1206,2348,5488,1420,7195,7211
573: 3355,4216,5458,1912,2921,7217,2626,4125,5205,3111,6273,7029
574: 329,7303,3935,7924,1141,7223
575: 5523,8014,4842,1205,4416,1724,7274,3622,4253,4403,1340,372
576: 1512,4985,7329,7941,4898,181,6905
577: 6458,2160,7351,6521,2299,6306,7708,3517,6097,7042,6105,899
578: 1587,1197,3324,7362,257,7632,3633,3542,2618,6189,4187,6966
579: 1351,6855,2323,6500,8124,2478,4709,4128,3548,1658,6290,362,1405,3888,7375
580: 5556,260,4066,7379,4771,3533
581: 4695,4369,4275,4689,945,4480,7391,3654,7922,3968,6249,3059
582: 7428,137,8064,3746,3900,7936
583: 7313,5333,16,460,1762,3036,2093,7441,276,4843,525,8075,3760,2199,6035,5350
584: 7446,6086,4235,3770,4407,8187
585: 7204,7481,2308,4343,3341,3966,6312,3504,8059,3894,7752,2473
586: 7495,6846,3933,4521,3670,5511
587: 3290,3928,5286,465,6820,5602,1617,291,7506,6843
588: 4553,5270,6548,6893,1418,7036,1323,3952,3814,7533,7132,5977,8082,3910
589: 124,1697,7466,7796,3955,2990
590: 4836,7256,3829,2110,5396,2840,7579,3581,8072,5019,1787,3007
591: 1683,3981,1580,7942,3215,2235,6573,6939,2113,1596,920,4774,8079,7591,4509,6318
592: 2764,6506,434,6690,225,7880,7686,6713,2114,2892,7315,12,7544
593: 4616,1927,5467,4146,3811,4017
594: 4421,6505,2164,4295,150,413,7889,4124,7017,3110,21,2369
595: 7002,7112,2108,4486,1766,7097
596: 7386,97,4615,7770,255,3963,1987,2187,5073
597: 4551,3868,5487,4063,5554,5642,4893,7961,4664,4240,3279,1173,3751
598: 5072,7266,1712,4298,2332,4181,768,883,5924,268,6586,6784
599: 7965,1767,3800,295,5883,3354,210,5612,5137,3211,1143,2360
600: 6933,2872,5933
601: 7514,2024,2811,7447,6300,1096,7685,6173,2281,1833,6309,1827,2209,5519
602: 1506,7148,6813,3379,7805,376,4358,6455,2702,3146,8024,3396
603: 7496,6539,8172,6569,1106,3478,2502,2857,860,5834,6008,7130
604: 3662,2613,6627,2057,6089,7053
605: 2645,2053,4915,3879,3835,7043
606: 374,7115,3895,5305
607: 7887,7145,332,7747,2675,6699
608: 4372,1154,2745,7264,7668,309,7171,6203,7222,1592,4153,7315
609: 1392,5538,6363,7185,2162,223
610: 757,315,2933,5096,3260,2288,6549,5491,2196,7205,2735,4587
611: 6923,6371,2522,7825,3189,142,7265,2401,8083,3307,8138,4600
612: 7267,6811,4749,2284,3226,1048
613: 2678,3799,7418,405,2574,7331,6646,5942,791,4897,1068,5624,2886,4176
614: 2913,4965,1242,7376,523
615: 3256,7381,4837,6319,2785,1720
616: 6990,1723,3164,6440,3732,4792,7464,5567,3262
617: 4504,2744,2733,7208,336,6871,3443,2000,4198,3243,2719,4745,7487
618: 2049,8136,8059,7752,3134,98,4810,3432,1738,7490,5173,1240
619: 6061,7492,3786,3509,1836,3317,4056,2439
620: 7952,1403,273,3970,3669,7646,7200,7500,4353,6092,437,5422,740,5701,1837,6779
621: 479,7594,8032,6454,3673,6171
622: 3376,7642,6993,3481,7894,5348,652,4308,4798,1909,5364,3618,2364,8186
623: 7547,6809,690,2222,1349,3497,825,5761,1140,3175,1606,7655
624: 6849,729,2455,7678,5687,7568,2031,2400,6664,1296,2135,3846,4320,3904,8008,4105
625: 7688,4756,7679,2312,934,2264,3934,5671,7682,1961,5098,2752,1293,1259,4952
626: 4906,194,6854,7925,7693,5749,3391
627: 2138,1044,5766,7696,4602,4544
628: 4083,389,7018,2180,7261,7700,5925,7757,3825,7917,3141,3765,8145,3003,6585,13
629: 4624,4856,3698,3761,5074,7761,3559,72,8164,3923,5734,2069
630: 7413,1468,6421,3336,7478
631: 1510,4082,5750,248,7539,4195,2398,1993,5825,5357,5879,5240,6055,6965,262
632: 2452,4888,5158,3770,5472,4235,2951
633: 7373,4287,5446,4694,6143,5077
634: 2580,7805,2800,376,4358,4870,6659,8024,528,228,3396,4922
635: 7334,5150,2224,5204,3778,4527,5596,959,4557,2078,6850,6941
636: 5827,3051,1551,6927,8033,4539,2993,2734,826,5357,5879,4082,3398,262
637: 2829,4562,5819,7440,5434,4072
638: 5219,2922,1141,1839,4646,2244,7434,7592
639: 1025,7729,3301,7324,3384,6741,5973,4687,4308,7840,1151,1137
640: 3017,3238,1401,8089,4786,532,6562
641: 5861,4149,7295,2956,6164,4201,2392,1558,4815,3073
642: 7062,5779,5092,6223,3177,751,4884,4247,3113,4740,7087,3390
643: 5506,3132,3229,6892,3841,7855,6104,4909,3846,5582,3904,3744,4105,149,7857
644: 5747,2203,7726,1932,5449,3940,1267,4561,6315,2876,5010,3244,8117
645: 4466,1319,5028,2597,6911,2553,3083,2431,1012,3052
646: 7650,5036,5700,2435,4410,7194,2262
647: 3228,6461,6856,7670,5137,6358,3211,2360,285,3354,5612
648: 5821,6381,2853,6403,4436,5164
649: 4713,3528,5198,7581,1159,3343,3282,1298,5820,7937,3685,5433
650: 457,5082,8085,2,3473,4418,2715,3437,5213,1486,6899,2859
651: 2616,5289,1564,3475,5962,5831,8126,1935,7093,2453,6577,6015,5424,6229
652: 7642,622,6993,1125,3030,6735,3481,5348,6640,3887,2386,2740
653: 414,3508,3596,6314,5585,3147,5420
654: 5469,5014,762,4404,4859,3493,2643,1640
655: 4127,2249,545,6379,5488,7195,7211,4880,5629,2501
656: 4617,1233,7522,3204,3668,5507
657: 3727,6156,3364,4242,4771,110,5515,4066,6924
658: 5640,5690,5517,3729,6283,2285,2456,367,7034,4035,6910,1098,6796,6974,270
659: 5572,5521,4960,1764,3747,7927
660: 3279,5532,5865,1480,8121,5225,1173,2481,3751,6170,5554,7961
661: 1176,5040,563,6103,1824,2870,3759,5548
662: 3896,5625,5622,2494,5688,691
663: 2425,5927,7078,3821,5421,2845,5759,4642,2714,3080,4991,4261
664: 5286,5733,465,4692,4330,2103,1859,5217,1675,1228
665: 2765,4096,4214,1047,4723,5853,6311,7872,2971
666: 4982,1247,1100,2259,2427,7229,5909,5683,5815,2800,6659,5677
667: 2819,1661,4387
668: 7064,6578,66,4726,3049,2105,5618,6382,1276,6039,6162,6059,5039
669: 3563,6266,7092,7081,5920,1886,6819,2867
670: 7627,7367,6305,5123,7554,7352
671: 6749,1699,2937,2365,6324,6144
672: 7821,2915,3660,4315,3656,2202,4092,1938,6133,5764,2032,6679,3025,6329
673: 430,6253,6376,6509,1624,6999,1000,6344,3803,2526
674: 5760,5392,2773,4793,4270,6648,2537,6396,3079,4666,1761
675: 810,2635,2171,4514,4885,5992,6436,421,7603,1616,5841,3350,7003,5536,7489,2500
676: 6438,7121,3769,1735,3056,8184,322,943,3506,5750,4670,5509,5825,7451
677: 723,5921,3158,7288,6736,4267
678: 4196,4029,6981,7338,258,2384,1117,7826,4558,1780,2812,6687,3174,5737
679: 3739,3247,5520,5631,7372,3819,5224
680: 7377,5266,3419,5322,3956,6808
681: 6108,5064,2614,7405,5171,3813,4517,6437,8061,2784,1631,6628
682: 3246,873,7411,7284,7810,4437,275,2542,6555,5406,4556,2371
683: 4964,2406,1363,3472,7561,1341,7058,7102,2412,7449,8081,7313,5333,3036,2084
684: 6253,1624,6999,7415,3287,2526,4448,3984,2625,7455,3285,1432
685: 1468,4489,7478,6514,2192,737
686: 6507,316,7603,7482,5741,5122,4269,2731,8147,4630,3979,1771,3048,3551,3373,8048
687: 7524,3059,3461,3370,1367,1739,2183,7912,6249,4689,3654
688: 1059,3369,3267,6534,5200,7530,513
689: 5984,5995,7536,1840,4956,6931
690: 7547,6809,6864,2222,3497,623,1794,3939,4860,7911,1140,3175
691: 5336,5688,3791,7659,662,5622
692: 7666,2982,2636,2722,1328,7584
693: 4424,7783,4917,2598,6497,299
694: 5560,3631,7970,7831,3911,870,4264
695: 3546,3799,7254,838,6345,8100,4364,817,7834,1524,6267,488,5340,5361,3643
696: 3331,4286,1512,181,3230,7076,7527
697: 1732,7874,1495,6415,1568,6684
698: 5080,2646,1344,6541,1930,4228,5024,1320,7797,7913,5580,3990,1641,7307
699: 5678,2971,3216,7915,7872,2066,2025,4096
700: 7496,3531,4492,1664,6778,6569,3663,5239,7722,5985,761,7969
701: 6284,7509,6434,1876,4598,902,2254,5792
702: 8017,7481,2308,2658,4310,5104,2591,1773,3127,4104,1862
703: 6558,948,459,4781,4461,8133,1517,3549,4883,3420,5878,5746,8019
704: 7901,7611,4148,5189,5041,8158,6703,2431,5649,2297
705: 4220,5063,5255,318,2278,7049
706: 7550,4265,435,3889,2006,2460,5687,1179,2621,2400,5799,4159,2352,407,7614,4130
707: 2852,5175,7989,1208,6350,1566,6063,2016,5359,4722,6110,5699,4377,4787,4932
708: 6603,2737,7159,7396,5917,5215,2530,4520,4322,7757,7018,3825,2030,1906
709: 4522,2825,6193,6565,4291,6563,1701,1602,4532,2039,5020,2470,335,7014,2741,4374
710: 3380,256,2866,8150,5868,6777,3477,1489,1081,5241,4647,1355,4549,6029
711: 4971,5427,4768,1311,2882,541,3639,6041,2058
712: 1461,4497,4760,2916,4661,5228,6518,4334,2718,7461
713: 5337,2511,3013,548,6545,4729,2416,2866,5868,6777,5900,6029
714: 3848,5514,6070,3657,6831,6373,2141,4778,5116,6439,2022,3322
715: 4875,4575,1412,486,2835,938
716: 5281,6600,6153,7278,4961,5084
717: 8006,472,6641,5047,7067,6552
718: 4155,3723,898,5797,5114,112,5901,2139,1891,7638,2582,327
719: 6176,2719,7477,774,5178,1375,4504,834,3677,4324,7780,1200,2755
720: 5246,7995,32,2960,6709,1965
721: 3200,5343,4826,4703,7352,7627
722: 1831,2132,6355,2984,7548,1131,4879,2069,5387,3065,3192,5503,5796,72
723: 677,7288,6736,7342,5390,4920
724: 7564,3283,5439,1526,1042,6242,2781,5574,4055,5886,930,3550
725: 7811,3034,2279,6302,7740,5555,6100,3532,772,3286,330
726: 4230,892,359,6359,4025,5627
727: 4031,3309,4065,5676,5674,4685
728: 6114,4482,1545,3322,2861,1194,6510,6950,2219,6070,6831,5116,2022
729: 6849,3518,1790,6181,624,2455,7678,7568,4777,6053,6664,1296,1953,6346
730: 6091,6236,3908,3625,1381,7982
731: 2441,7004,6095,2637,4536,7074
732: 3748,5934,3024,6199,7541,6815,5782,1635,4140,4084,4907,4926,7931
733: 3827,5731,7109,234,1730,6232,6612,1541,5057,3750,7667,7467
734: 272,6842,4447,5232,6276,8023
735: 1172,5405,2240,2706,6386,4744,2111,4251,2046
736: 6443,3118,7275,7225,1377,2182,4618,3890,1948,7425,7047,5577
737: 2192,2261,6514,6968,739,685
738: 8013,7865,7105,6580,3180,5809,6979,120,3710,6771,370,6085
739: 3927,6968,7656,6676,737,2261
740: 3806,773,5422,8001,5701,2303,7157,6779,7553,4076,919,6148,2536,7952,620,3970
741: 4196,2540,3944,5034,4029,1796,2490,7779,6981,2384,7032,5352,1442
742: 6984,2814,4205,4627,5061,2418,4771,559
743: 4252,1582,4518,789,2847,5798,2070
744: 3289,4064,4170,4257,5540,4025
745: 8017,6994,2658,3678,4310,4840,489,4479,2591,1773,7209,1743
746: 6718,71,3375,5742,1475,2757,5607,4115,1071,4318,8161,3914,4217
747: 2950,4351,1386,5128,4164,6397
748: 3485,7616,4610,3050,6614
749: 344,6265,4633,5609,3392,4
750: 4472,2978,6316,6763,4376,4699,1374,2865,7128,487,1353,4078
751: 7062,642,5092,2529,6223,3177,3113,4740,3282,1380,4203,7937
752: 1359,4795,7772,84,5725,6940,2705,1273,3193,1397
753: 2128,5281,4925,6731,6895,880,5590,4874
754: 2628,1032,4638,4968,2729,4164
755: 5002,1721,2931,6494,1378,3503,6449,3318,7350,5425
756: 2489,4726,3801,1253,2641,3049,7608,6576,4312,1964,4996,4224
757: 5793,3471,5918,3069,5096,3260,1438,610,2288,8062,3447,7012,6549
758: 5506,3132,3229,6892,5126,6104,1792,5844,4909,7090,458,1212,3445,4043,6876,7096
759: 7379,3587,5202,3533,7499,7807
760: 5216,8027,7950,4147,6725,4111
761: 5781,2023,7798,5239,7722,5985,7969,3971,1664,6778,700,2940
762: 5469,3522,5014,654,4404,5293
763: 6015,2839,5424,4256,3044,5573,4429,456,5249,3475,5962,5756,2172,3521,5972
764: 3524,5660,4403,2074,1473,1340,372,5628,5523,3468,8014,6987
765: 3413,7256,1165,2110,4206,5679,2896,5501,2773,4270,2061,2721
766: 8183,6121,5999,7041,2042,1010
767: 5734,8167,4250,231,6188,7072,6256,1627,5439,1042,6227,3698
768: 2750,5072,7266,4298,3564,5772,2332,3755,598,5050,7602,6986
769: 2363,1025,8088,3384,6741,6078,5730,3613,1657,111,5951,3865,2662,6380,7764,7341
770: 332,4049,6977,6042,7747,1348
771: 1259,6073,3433,2450,3536,779,2242,7907,6528,790,3098,7206,5428,2370,1601,4653,5111
772: 5705,3712,2302,3286,330,6081,7767,2888,725
773: 3806,5422,3525,7717,740,8001,5701,2303,6897,7157,6779,6475,7553,7939,919,6148,7952
774: 719,6176,561,8138,7477,3764,1045,7570,5178,4937,6371,1200
775: 5493,3880,2846,3838,3166,6195
776: 3423,1055,2615,6357,6745,5242
777: 3012,2280,7314,6853,232,4454,5502,7027,6410,2985,7347,6238,462,279,1282,833,3165
778: 4060,1685,7577,6887,4328,2631,3302,7431,3124,1658,7354,2173,1405,6245,6949
779: 6073,2450,4462,3536,7907,771,6528,3185,3098,2799,4177,6634,6515,3148,447,5088
780: 3153,3334,3926,8130,7486,6333,4222,4491,4829,7323,5030,6602,2177,2073,4237,1447
781: 4567,1287,4452,1101,1452,4688,7881,6308,233,7398,3163,815
782: 5682,4570,4285,2551,6151,3804,2144
783: 1439,4574,6566,7363,5318,1295,3214,3258,3985,7155
784: 2047,5508,8020,6685,4576,1455
785: 2254,8009,7509,6754,4598,5067,2746,1605,8139
786: 5026,5884,3259,1472,4650,3326,392
787: 7033,6156,3364,470,4668,6924,2330
788: 4024,6664,1296,1953,2135,3359,4320,4697,6925,6166,7673,8055,7417,3280,6208,6181,2455
789: 743,1582,7484,5798,250,4731
790: 6073,3536,2242,7907,771,3185,3098,7206,4653,3202,1666,5950,7023,5801,4272,6147,4835,5111
791: 3924,3140,5942,5498,4614,4897,1389,1068,2678,7418,613,7331,6646,2886,4176
792: 4910,3293,5004,189,7967,6669,6069,1318,3869,5463,7403,6056,2681,3687
793: 4151,2710,4762,202,3816,6013,2848,3856,5032,7025,1414
794: 1092,4733,2120,3606,5335,1491,2593,2725,5045,334,4100,7680
795: 496,5499,5214,4154,2868,7815
796: 7257,1127,5280,5166,7297,4365
797: 7436,5282,5870,3554,3483,5311,5603,8190
798: 988,398,5290,7437,3739,3247,5631
799: 2810,231,6188,2577,7072,6256,1627,5339,5739,5976,8180,2908
800: 5738,3160,5579,5407,1161,6804,6274,7324,4798,3376,6993,6735,3797,2386
801: 3638,531,3822,1613,5055,5551,6942,3170,2377,6547,1256,2777,7304,5693,6343,3333
802: 1217,5599,5443,5089,5505,7910,1769,3761,5074,7502,8105,5786
803: 5532,8121,5225,1173,2481,4529,4589,3763,6067,5662,2277,1527
804: 3781,5686,1776,1586,7066,7612
805: 439,2513,6582,3339,5715,4161,5786,2243,8105,1615,6138,7712
806: 4681,1112,2008,2163,3813,6437,7280,164,1714,6128,7196,5773
807: 2607,6720,5775,4166,1037,6647,3102,5586,2978,7755,6316,3144
808: 5099,5910,5579,3577,2506,6422,7341,8088,6078,2966,1325,2122,4467,33
809: 6663,5952,3156,2080,5296,2109,7847,1275,6727,6177,4260,3796
810: 675,2635,2171,7842,4885,5992,6436,6876,7096,421,1616,1813,5841,3350,5299,7003
811: 6024,2076,379,3409,854,2211,3438,6244,8132,1897,4370,4552,5199,6132,178
812: 6704,6048,7272,4393,1894,7745
813: 6054,3634,1728,3217,4568,3027,7040,7565,7474
814: 2411,3348,3687,1433,7433,1285,5399,3293,4741,6069,7384,6508
815: 7062,5092,4884,4247,7087,2836,7881,480,7460,4567,1287,781
816: 1652,4232,7263,4512,1237,8065,1365,7587,2054
817: 4797,6014,2588,2016,1524,6267,488,4619,7598,7254,695,6960,4862,2463
818: 1892,4261,2908,4955,3080,2425,5421,4991,1220,1054,6487,7732
819: 4371,4526,5107,1745,2919,937,5355,2449,2117,1442,3312,4966,5159
820: 2454,6828,2176,5790,4969,1017
821: 4817,3875,5899,1209,2205,4984,2515,4455,2165,2341,1600,1620,6480
822: 1860,2562,2486,4445,2009,3198,5174,5380
823: 1329,3466,1130,5444,6157,5661
824: 5613,5481,2605,310,6087
825: 4156,2222,5455,1349,4828,623,2147,5565,1606,5070,7655,2106
826: 3978,8044,2993,2734,4237,7851,4805,7633,5802,1447,1974,5827,4916,636
827: 5230,5819,3728,6241,7440,3029
828: 7007,6031,3325,3435,4384,114,2821,4348,6140
829: 1464,6835,6022,3299,6378,6279,5106,1536,3772,3366,401
830: 5418,8101,6790,1411,5811,6483
831: 1739,7912,6234,1604,4714,6520,7552,2046,1757,7701
832: 7094,4783,5209,134,6722,3492
833: 6642,7340,2690,6192,3165,6450,7013,1793,777,2280,7314,232,5502,3600
834: 7160,3677,4324,7780,1200,3240,4184,4585,719,6176,3764,5178,1375
835: 1825,4469,7202,2712,2357,307,5490,7005
836: 7212,7661,4089,8173,3737,6090,847,109,6922,7785,6076,506,3877,6786
837: 3201,7691,6177,7108,7219,4903,3463,2238,3796,305,6584,1985,7943,7169
838: 3546,7293,1058,695,6345,8100,1153,2688,2519,4364,5932,7834,6267,488,5361,3643
839: 7273,4720,3130,4451,4785,3060
840: 7339,3847,4144,5845,4782,3623,2047,5508
841: 5492,7373,5446,3866,5961,1128
842: 2969,7116,7992,7320,1570,3902,41,4071,1728,7382
843: 7990,7439,4895,5762,7356,6573,7586,6428,2790,2071,5578,455,3777,2050,6409,5800
844: 1907,5165,7388,5187,7545,313,2086,5112,2801,5411,7515,2600
845: 2138,3026,1522,2124,1044,7569
846: 890,6127,2229,4398,1060,7635
847: 4657,7212,1031,7661,4089,8173,3737,6090,109,2219,6909,836
848: 7194,7692,5456,4622,1422,30,8020
849: 4381,5980,7788,7619,5255,318
850: 24,3353,5982,7809,2316,2100,7069,6577,4307,7938,2616,4459,4342,2684
851: 7480,6971,1693,6768,2343,4573,7394,2681,3869,6056,5004,3930,7968
852: 4477,2194,2930,3205,4612,1080,5938
853: 5208,8106,2881,5362,4012,4479,7416,6275,4485,34,6492,325,1703
854: 2556,6024,2076,379,811,5386,2211,3438,6244,4370,5199,7837,5215,178,2530,4742
855: 8015,6628,2942,7251,2099,6108,5064,4681,2614,3813
856: 6089,6700,5086,6701,4813,7813
857: 4077,3743,7797,6152,7913,5743,5580,1154,2745,5154,7668,2310,1320
858: 4779,4902,4734,2562,2221,6111,2778,2767,5680
859: 5191,7298,3526,7207,5807,3209
860: 7704,6833,5834,7130,2175,2857,3861,6539,8172,603,1106,5839
861: 1970,6334,4824,5605,2572,6004
862: 2067,5221,2706,5639,6453,7448,6115,3891,6389
863: 2677,4609,7978,6159,8188,93,2568,3482,6435,5645,7903,2430
864: 6027,7599,6807,2920,1853,6220
865: 6374,1978,4951,6307,3018,7057,5458,4401,7853,1225,311,3840,4686
866: 4900,1970,6334,4822,3061
867: 3395,6668,4329,7889,6168,4124,7017,2674,1222,3110,6347,2294,21
868: 201,2198,7806,495,5245,6391
869: 6315,2876,1157,1819,6409,4303,4582,4660,7586,3940,3570,1267,2790,2071,5578
870: 3911,6441,8092,6456,694,7970
871: 494,7364,7920,8093,6490,5145,2266,2811,7741,1833,6309,2344
872: 4269,1195,3667,2731,6523,2841,2345,4137,4929,7009,4500,4630,3109,2807,1063,5344
873: 682,3246,7411,7810,2542,1747,6555,5406,3671,5222,2011,1355
874: 7214,1424,5707,2265,8098,1153,2533,6581,3116,4912,7277,4435,2197,2068,7182
875: 6605,3548,3707,5284,3124,5295,4605,5690,6964,4188,1658,6855,8124,4328,7431
876: 4802,464,6388,6817,3749,6622,1456,6405
877: 7151,7841,6673,1670,3753,4821
878: 7672,1262,2973,235,3232,4873,6692,6967,3848,3636,3223,6688
879: 2349,4853,1563,7790,1877,6467
880: 6731,4392,4986,7083,5590,753,7869,7075,2358,1570,2875
881: 2083,1332,3714,242,7728,2256,6762
882: 1687,2085,6764,5914,5400,5192,1610,7401,1931
883: 1712,2332,4181,598,5133,268,3090,6586,2520,6784,243,4449
884: 5115,6650,4459,7866,1300,2547,2100,6632,2417,534,6818,1314
885: 4116,5615,6597,1177,5638,6834
886: 6419,2570,2806,2322,2361,6844,6898,5376,5366,1175
887: 6913,4616,2575,5637,6746,4017
888: 1998,1852,4420,244,6915,2659,4288,306,348
889: 2844,4346,4839,1080,7657,2724,4612,297,5005
890: 5060,2229,7852,846,4398,3028
891: 4321,6252,4806,2782,3644,6958
892: 4230,726,4025,4170
893: 5436,2040,4436,6516,6945,2853
894: 1895,1744,2089,5477,3327,5726,546,3817,5373,1589,6362,5062
895: 4189,4008,6752,3651,2227,5993,1041,2938,224,535,1249,7892,6655,5728,4435
896: 2156,1388,536,5377,4748,2281,1833,2209,6683,5813,1322,8127
897: 6601,2088,5313,2126,5846,5668
898: 6184,5797,5114,718,2139,3176,1354,2136,5584,6771,1891,2708
899: 2185,6556,3011,6105,6559,1203,577,6306,3517,3412,2446,7042
900: 1926,1005,4623,7360,2482,4382,2206,5902
901: 5265,7371,2190,3884,5845,3576,1091
902: 5297,905,7532,3425,7390,3276,5792,701,1876
903: 2065,1884,7035,7959,6881,2484,4245,7494,537,3465
904: 3490,1420,2237,7195,7149,3186,6678,7528,2348,2315
905: 902,8036,7438,7386,5297,282,4057,7532,6093,3496
906: 6285,3614,1098,7785,270,7534,1726,7868,6964,3387,4657,2660,6090
907: 2314,3242,7537
908: 5898,6354,7513,3630,1829,6611,2060,5156,4209,3834,356,5882,6341,2161
909: 7585,6896,6135,4006,7871
910: 7867,7606,4791,2557,4694,6143,3871
911: 3883,2654,8012,6857,7724,3041
912: 7730,6478,6308,3212,6498,7531,2856,3446,3173,1142,7131,7944
913: 1610,5681,7401,7800,1491,1842,3772,401,5877,2903,8191
914: 5815,4665,3836,7805,4870,3787,2834,2062,5569,5176,5974,3379
915: 3238,2081,8089,3519,6387,4766,7830,4786,7028
916: 7243,3665,4651,6000,7103,5296,1619,7847,1574,4097,2129,4142,5952
917: 6554,3699,7291,5887,2123,1920,7526,4053,5269,1188,7886,8176
918: 5720,7888,4803,2213,5936,6940,1273,3401,1397,7054
919: 1317,7553,4076,7310,5056,7939,1147,1549,3704,5721,6148,1802,2536,773,740,8001
920: 7008,2113,3093,8079,7591,3362,1279,2635,2170,4345,4514,3074,6318,102,591,7942,2235
921: 5873,1556,7051,5398,7977,5989,1866,7818,3386
922: 4569,5090,22,2309,7891,5542,6457,2491,8003,3953
923: 2912,3266,2270,1870,8010,4850
924: 1929,1756,3683,2585,4719,4881,4174,8013,6580,6979,120,370
925: 3954,8021,6637,3213,6652,6742
926: 5572,4106,3253,2576,5404,1084,4999
927: 1967,1450,4117,8129,3498
928: 2957,2610,5742,5301,1475,2301,5957,4229,4506,1051,4973,6715
929: 4292,2728,5494,3316,3655,5921,3158,7725
930: 7564,1288,1526,2781,724,4323,7518,3550,2563,3408,4923,2048
931: 1223,4149,2821,4348,7295,3268,1630,6140,1499,4384
932: 5905,4413,1578,7349,4252,2847,3239
933: 4440,3939,6209,7816,1971,5464,1140,2711,3335,2393,104,6961
934: 2312,4493,5671,6480,625,2341,1620,7682,1961,1004,6026,2752,2515,4455
935: 7470,1511,2762,2673,5991,7861
936: 1888,5849,2152,4474,4147,2622
937: 3958,4371,4526,819,2919,229,7108,2238,5352,5034,2449,1442,3312,5159
938: 4575,486,715,2346,2988,4101
939: 3249,5257,7982,4599
940: 4609,7978,6753,6414,8188,93,2568,4677,2596,5353,3429,3311
941: 2842,1594,1786,5365,4677,3429,4641,7335,3073,1968,2893
942: 5067,4052,5550,4645,7308,3736,259
943: 7121,1735,3056,676,8184,3506,5750,4195,4670,5825,6500,2478,4080,6883,362,7451
944: 4690,6339,3514,3190,6469,6536,6099,1255,119,3573,343,43,6396
945: 581,7429,4695,4275,4480,7690,7922,1035,5897,5486,6484,3530
946: 96,2184,8011,4743,7923
947: 4366,1120,2697,4775,4202,3040,3541,6870,6803,3752,6711
948: 703,1156,4412,6558,459,4781,4461,8133,2581,1517,1746,3420
949: 3552,8159,6084,4791,6812,3510,3871
950: 2223,2887,5237,5463,1144,7403,7343,6662,5231,7720,3069,5943,7967
951: 2096,4766,4911,6012,2559,6155
952: 6021,5144,1691,3460,2125,961,59,4796,4957,7251
953: 2405,6800,7161,4999,6151,4106
954: 3837,1372,5015,356,2204,5882,6341,8038,2428,510,5589,2161,6636,7769,7684,7543
955: 5052,5023,7311,1311,5718,5978,3261,1868,1086,3365
956: 3172,2644,1650,7181,4867,2889,5113,2338,1538,440,7683
957: 6526,3676,204,5177,6109,2267
958: 5196,3561,2419,5785,6732,1543
959: 6770,5713,2545,4557,2236,2078,6850,5150,5204,635,3778,7355
960: 277,6459,7321,4953,5234,986
961: 952,6021,1691,1952,2590,4796,321,4957,5252,7251
962: 5287,7144,5302,2566,7984,5298,5353,5337,6868,386,3311,6545
963: 3608,1821,4129,3680,2789,6426
964: 1886,8170,6338,2843,7450,4233,2867,8110,4698
965: 2223,246,2887,7403,1882,4540,5108,6885,1352,7781,7720,175
966: 4825,2891,2476,302,7521,4457,4299,1079
967: 2451,5431,5814,9,5657,1753,7393,1542,2923,4352,4224,4854
968: 457,4962,8085,2,6970,2936,4418,7771,4715,2119
969: 2063,4207,5091,3505,7005,5697,307,6937,2680,6956,2712
970: 3235,3850,4352,1656,4537,6681,2512,2072,6034,4212,1330,5058,5146,7454,4120
971: 2027,2352,3738,4901,5229,6259,2620,1211,4167,4919,556,2177,4159,7795,2073,6402
972: 2140,7042,497,5267,3771,6774,7465,5459,7835,3647,364,2299
973: 2520,3549,5824,243,5959,3792,1746,4422,4428,94,7158,8133
974: 2665,7400,1822,7658,7848,4887,4431,5437,2013,3966,5489,5124,6682
975: 1308,2670,7756,5888,3139,5354,4809,5109,3756,7519,5598,2832,1933,355,2095
976: 2970,7535,2694,6299,5610,3045,192
977: 3043,292,6204,7671,5710,50,7935,5525,1472
978: 7672,1262,569,2973,235,6946,5740,3378,3232,1585,4487,1871,8097
979: 426,7345,261,5803,2035,5238,4613,5768,7059,6609,2555,6802,5466,3424,3558,4228
980: 1089,7298,5794,5929,2820,357
981: 5810,6142,6519,7883,1699,6144
982: 4223,5859,7945,3448,2167,8004
983: 6454,3711,3673,5903,2234,6879
984: 5423,7803,6476,3715,6996,5851,4388,443,5388,990,3323,1436,1425,7469,5949
985: 6546,1345,3725,6123,5664,6066
986: 4724,6080,6459,960,7321,5497
987: 346,3436,6025,4349,6587,6210,4834,1625,2554,6196,4189,3604,1041,224,4531
988: 798,6214,398,7437,2108,7097,7299
989: 1016,3210,6472,6431,2121,4243,4050,6268,6068,2353,4950,2292
990: 6976,2132,4388,1847,6322,443,1131,5388,2689,3323,1436,7803,3715,984,6996
991: 6384,6900
992: 6527,4817,7735,3977,8030,1984,5899,1209,2205,2515,4751,5451,86,7799
993: 6538,416,3144,4699,2034,1374,1483,1037,2472,2251,7572,8189
994: 5522,1160,2282,451,8160,4954,6604,7652,6832
995: 4581,1485,6644,5274,5872,2510
996: 2111,3172,4251,5527,2046,6675,6202,7181,1757,5405,4744
997: 6696,7280,3104,6128,6711,2496,5828,3270,8029,4202,5035,3136
998: 554,7378,6740,2823,4498,1751,5471,2444
999: 4459,4342,1300,1185,2547,2726,7709,2684,7069,2616,1935,2372,6776,6229,4727
1000: 6376,6509,1624,1504,673,4187,6966,6054,3634,6626,3027,4425
1001: 1360,5523,3468,7458,4361,6792,3062,4842,2629,2318,6957
1002: 4338,1356,2721,7997,7886,4471,7526,2110,5679,2896,5501,2840
1003: 3815,4059,7647,4930,2735,4994,3580,4588,5461,7505,171,5832,1158,4608
1004: 1940,1620,7682,1961,5098,1469,4700,6026,2752,4515,5051,4455,2312,934,6480
1005: 900,7360,4559,2206,5902,4784,7528,5478,1704
1006: 5770,4838,4789,75,1562,4989,4918,2336,7128,3882,4078
1007: 2893,418,6656,2769,7366,5347,6164,4815,3346,2525
1008: 5776,8070,139,1934,4090,1515,7146,5592,222,2018,5812
1009: 6916,5419,2326,6348,1064,5321
1010: 2989,6404,766,5999,5504,7041
1011: 3043,292,6204,7579,3581,7427,7671,5937,4354,1496,5836,339
1012: 3083,2431,3191,6272,5016,2297,3052,7640,645,5028,2597,2553
1013: 3167,5655,6288,3015
1014: 1125,6735,3797,288,6804,6274,2987,7317,6342,7050,6567
1015: 2926,1939,6485,464,6388,6405,3726
1016: 1284,989,3210,6472,6431,6861,7156,4473,2121,4243,6251,6068
1017: 240,7322,2454,820,2176,6493
1018: 2764,225,6715,2905,6713,2114,6072,6517,340,3370,2634,4191
1019: 4452,7623,5771,4688,6532,3610,6718,4255,2757,7802,4115,2307
1020: 6591,7275,1458,7784,2182,3484,8192,7580,4132,85,4378,2337
1021: 7081,3385,6598,195,1224,2624,4210
1022: 3404,1192,8084,2186,7430,4248,3101,7844,6645,8045,2436,3399
1023: 1653,6707,2451,2051,5431,6657,2461,4595,1753,2224,1639,7980,6941
1024: 7873,6665,1663,500,6243,6254,6988,418,7485,2525
1025: 2363,7729,7324,3384,6741,639,5973,769,6078,4687,1465,5730,2966,1137
1026: 1856,6787,2440,4617,7975,1233
1027: 2445,4621,6825,2848,1281,7203,5032,6013,2885,7025
1028: 4041,2477,7503,6889,4578,5989,2290,2539
1029: 5213,6899,5630,2391,2859,3716,3179,6064,8085,3473
1030: 6902,6321,7793,3464,3587,5948
1031: 4657,2660,6090,847,2219,6909,6360,7868,4060,3387,474,6510
1032: 6912,2628,4034,754,6397,4164
1033: 7046,6262,4675,1716,3980,8052,361,373,539,2777,6919,3582,2736
1034: 2756,7777,6926,4213,4448,1880,7407,5784,2578,7947,6753,183
1035: 7690,7922,2884,1268,6504,5897,6929,7713,6293,5486,945
1036: 6944,1916,5576,2131,7365,5349,476,2590,5252
1037: 2607,5713,1483,807,5775,4166,6538,993,7755,6316,3144,4699
1038: 7045,6862,3105,369,8071,3240,4184,1638,4585,7684,5379,5589,3274
1039: 3138,4235,2951,4590
1040: 3201,7691,436,7597,4903,4260,6663,7333,4044,3119,3156,1637,5262,6624,1796
1041: 4008,895,6752,3604,5993,224,5728,4531,2075,4349,1678,987,6210,5426,6550,6289
1042: 3283,5439,6242,724,4055,6227,5734,4250,231,767,7072,1627,4460,3559
1043: 2342,5018,2608,4541,5829,6874,4533,7479,3831,7063,1515,7146
1044: 2138,845,627,4544,7457,7569
1045: 6176,561,8138,2719,7477,2549,4790,4600,774,7570,5178,4745
1046: 4704,2640,3006,4644,1202,6901
1047: 2765,5698,665,2434,2696,4723,3183,1168,6394,566
1048: 3226,7399,4749,82,2717,612
1049: 3109,2807,7200,4353,5673,2716,3629,1553,7358,4928,3983,1302,4141,3667,2841,4137,4500
1050: 7095,4956,3826,4634,6931,1306
1051: 4229,4506,6880,6962,4973,468,2634,6715,928,5301,2301,5975,5957
1052: 5725,14,2928,6416,1688,6407,7759,3345,5029,6401,1710,4979
1053: 8114,4983,7236,3071,5408,2212
1054: 200,1220,7958,6487,3295,3550,7359,6698,7732,5339,818,2908
1055: 6207,3423,505,5053,776,2615
1056: 4606,3528,7581,159,1159,7179,5433,6584,2044,7943,7169,5120,6773,3084
1057: 2059,4283,6125,2262,5140,7692,5456
1058: 281,2678,3546,3799,7418,7254,7293,405,838,6345,6646,5167,8100,5942,3718
1059: 8177,688,3267,5200,8080,513,4819
1060: 5207,7635,1579,6127,846,6130
1061: 2556,379,7177,5386,543,2272,106,7697,4652,2804,6695,5215,4742,2523,4876,1286
1062: 4747,7436,5220,6613,2286,2934,3776,4339,7300
1063: 3109,1403,273,2807,5344,7200,5068,6092,3667,872,2345,7009,2148,2564,1626,3632
1064: 477,4194,7387,5321,5419,1009
1065: 5450,1312,2637,4536,3652,5644
1066: 17,1175,342,5452,1835,6240,6844,5621,7823,4764
1067: 4296,5043,5151,1818,5471,2444,2823,7423
1068: 1389,6611,2483,5496,2060,5453,3924,5498,791,4614,613,7331,2886,4176
1069: 4189,5993,224,535,1249,6655,4531,2895,2554,7424,3722,5570,5996,8153,3697
1070: 5588,5270,1896,236,3952,7954,4492,6778,3094,7753,3478,2940
1071: 6506,3664,6690,4360,2957,71,1475,746,5607,3218,1718,8161
1072: 5643,4350,2982,333,4853,7790
1073: 7144,1114,7664,328,1466,5181,6583,7037,368,5397,5647,7636
1074: 5941,7029,5704,1917,567,5717,5046,7665,3833,3037,4001,4125
1075: 3608,4199,4129,7453,5912,3304,1686
1076: 4318,3233,208,6588,8161,8128,1574,3914,4217,4115,7243
1077: 6218,4321,7644,1959,7125,4399
1078: 4720,507,4451,2256,6762,4441
1079: 4457,5522,4299,2282,451,7155,966,2891,7521
1080: 889,2844,4839,4612,852,297,5938,5005,2366
1081: 2866,5868,710,6777,3477,5241,2511,2981,7260,4647,4549,6029
1082: 396,1865,3458,2962,3950,7054,7888,4803,2213,3401,6875,7175
1083: 2518,5630,2263,4878,4656,6064,2552,5769
1084: 926,5572,4106,2144,4960,4285
1085: 3334,102,8130,7486,6333,206,7323,5030,458,1212,3362,1279,2170,4998,7248
1086: 4663,3261,1868,7860,5052,4948,5023,6007,955,5718
1087: 5168,56,5871,7703,3960,3626
1088: 3686,3051,1551,3467,6927,3777,8033,7571,2050,5170,7966,4895,8040,2968,5800,58
1089: 2210,7241,5191,7298,980,5794
1090: 5223,4175,8168,7613,6830,3553
1091: 3576,5689,4271,3967,5265,901
1092: 5931,4733,3599,2794,5614,3503,6449,3318,3606,5335,794,4759
1093: 319,7808,7161,6370,7301,5370
1094: 2442,5670,4075,1744,4281,1178,3681,5477,5726,6599,7647,209,7839
1095: 3911,5543,7462,8178,6441,2247,4264
1096: 7514,2024,2811,7741,6300,2432,7685,601,4648,2266,6194,5575,7862,5659,3123
1097: 2565,6191,5581,5211,5218,2188
1098: 6285,6796,6974,1695,270,7534,906,1726,5640,3707,658,5295,5690,6964,5517
1099: 1962,7746,5654,2298,2354,6158
1100: 4982,666,7229,5683,2580,2800,6659,228,4922,7105,5809,5677
1101: 4452,781,5771,4688,3975,4058,7398,3163,4255,5975,7802
1102: 5277,1980,2879,5179,5830,5351
1103: 1740,359,4603,5857,3154,1376
1104: 6596,2330,3151,5863,4668,2749,7879,7573
1105: 4157,2802,2583,544,5163,2172,3203,7110,4347,1148,5919,5972,7758
1106: 7496,3531,8172,603,1664,6569,7969,860,5263,7704,5834,6008
1107: 7546,7898,2558,7378,6239,3535,7624,6077
1108: 6522,7754,4332,2831,2943,6840,4244
1109: 6114,6246,7610,6967,4487,1871,308,4987,6016,7167,3516,2029,7672,3378
1110: 6399,3076,7068,5685,6171,7422
1111: 2295,1386,4921,8022,4118,4385
1112: 5064,806,4681,2614,2163,3813,4517,6437,8015,7280,1714,6711
1113: 2057,5268,7053,2322,6844,5621,7823,4764,2466
1114: 7144,2239,4143,328,2566,1073,6583,2981,368,7736,5397,7636
1115: 3407,317,4889,5843,2850,6044
1116: 2232,2094,3929,3,7015,6183,8144,569,4534,6946,4949
1117: 4196,2540,7779,6981,2384,678,6336,3520,6444,570,7020,3174,5737,7751
1118: 5601,3391,5180,1174,6474,7925,7693
1119: 5880,3050,6614,7806,3306,3717
1120: 6986,4366,947,6660,2697,7127,1629,1462,3040,312,5772,3742
1121: 2767,2507,6726,4502,5908,404,4855,5669,1474,6540,3991
1122: 2328,6370,6920,6200,319,6755
1123: 5099,288,5910,7634,1246,1994,3849,2122,6076,7212,3877,6190,6786,7370
1124: 4109,6811,6304,1654,8041,6839,3879
1125: 3030,6735,1014,6640,3887,3797,2386,652,6804,6274,7317,4053,7050,6567
1126: 3912,5303,7289,2166,2059,4283,6125,0
1127: 5166,796,7297,4814,4702,4365,3918
1128: 7435,5961,5492,841,4113,3790
1129: 7176,3744,6602,556,1315,6571,4160,149,5118,7857,3132,3153,7486,206,5030
1130: 3466,823,7522,2592,5444,5083
1131: 1831,6976,2132,4388,6355,2984,1847,7548,6322,722,4879,990,2954,5796,72,7290
1132: 5729,7426,2248,7562,90,2157
1133: 7698,2216,1936,7593,7628
1134: 3201,7691,229,436,7108,7219,7597,5352,6624,5034,1796,2490,7032,5159
1135: 2670,3139,5354,251,7519,7712,5000,5715,2220,5358,3296,2638,5751
1136: 6643,484,2356,3962,5460,7836
1137: 7999,7840,2656,1151,5364,4808,6878,1025,7729,3301,639,4687,1465
1138: 6942,5294,7340,3170,2690,7845,6192,6450,7013,431,232,2961,4904,3822,1528
1139: 7253,2464,7728,4179,7850
1140: 3939,7911,1971,933,2711,1794,104,5761,6809,690,3497,623
1141: 5391,2922,638,7924,574,7303,2244
1142: 5731,7109,7131,7944,1799,7531,2856,3173,7215,3212,912
1143: 6670,3211,2360,1648,7479,3831,3005,6593,7965,599,210,207
1144: 2887,5237,950,5463,7403,7343,6662,3624,1406,5943,4910,7967
1145: 7986,3077,6381,2503,3572,5716,3553
1146: 3121,7995,4192,3717,5880,7383
1147: 5056,7939,919,3704,4545,6148,2732,6495,2218,3129,5329,4707,7717,8001,7157
1148: 4157,1105,3825,2583,544,5163,3203,7110,7395,5919,7071,3141,6255,1430,5695
1149: 1407,4165,3534,2321,393,6806,7588
1150: 3432,6525,5447,7210,5173,1800,1493,6706,153,2324,4193,6918
1151: 7999,3627,4308,7840,2656,5839,5364,1137,2364,5510,6878,3301,639
1152: 2827,1626,7742,4317,6221,5194,6865,1837,1403,7646,7500,221,366,3487,2647,5027
1153: 7214,190,1424,2688,2519,2533,3718,874,4364,7277,838,8100,1449,6079,7834
1154: 4372,2745,7264,3065,5154,3192,7668,2310,608,309,5503,4659,6417,4077,857
1155: 2890,4739,6524,4409,7094,2127
1156: 7237,4412,5769,6558,5963,948,4294,4781,4461,3039,2992,2263
1157: 6315,3729,8040,6283,869,2285,3023,2968,1819,2456,6409,4303,4582,5935,5800,58
1158: 171,5832,6418,4608,1600,4011,6667,3815,1003,4930,4994,3580,7505
1159: 4713,1056,6050,4606,3528,5198,4309,7581,159,649,7179,1298,3685
1160: 994,5522,4794,2282,4658,172,7652,6832
1161: 5738,800,5579,5407,6274,7324,5973,4687,2966,4798,3376,6735,7894
1162: 5898,6354,5624,1437,3731,3383,4820,7513,7631,1164,2368,8018,4862,1399,4827
1163: 4826,4703,3388,6325,1717
1164: 3395,8018,1399,4827,6168,1437,3731,7513,1162,2204,7620,7769,252,2674,2294
1165: 4836,3413,7256,3544,765,4206,2773,8068,5432,1519,3314,2107
1166: 2066,422,4927,3415,4990,2409,4444,3882,2803,7216,4801,4465
1167: 4386,4513,2340,2601,5049,2783,4832,5189,3812,1336
1168: 5853,2065,7175,7235,5093,6124,566,1047,4723,3183
1169: 6222,3515,286,6992,4094,7567,6240,5130,4746
1170: 5186,3053,4046,5135,6264,2212
1171: 7253,5278,2233
1172: 5048,735,8058,192,5904,1843,5405,7186,2240,2111
1173: 3279,5532,5865,5225,2481,660,6043,3751,803,3868,5554,597,2277
1174: 5601,3391,5526,353,1118,3709,7925
1175: 4417,1066,342,5452,1835,886,6844,5376,5621,4764
1176: 3706,5040,5636,661,5789,3257,5548
1177: 2423,885,3149,2963,6597,5638
1178: 2442,1094,3681,3977,8030,1984,7839,6317,7849,4458,5675,5451,4379,1778,6481
1179: 6849,2460,1790,5687,7568,2621,2400,5799,7550,4265,435,3889,706,4130
1180: 11,2494,1642,5688,6733,6618
1181: 3353,448,5940,4307,7938,4150,2792,2508,6783,5706,547,1416,3150
1182: 5724,5694,4437,275,1395,4062,475,2359,542,2544,7174,6368
1183: 4730,5153,3864,2595,1453,4443,3646
1184: 5255,2278,5862,4381,2633,5169
1185: 6650,4459,4342,7866,1903,1300,2547,999,7709,2684,7069,6229,4727
1186: 6980,2693,4571,375
1187: 5102,3494,485,5363,4705,2485
1188: 3578,4270,6648,2061,6554,917,7526,5269,2721,7886,5679,5501
1189: 3878,2509,5306,7368,550,3108
1190: 502,2941,6798,6943,3452,3231,3042,3072,7884,4963,5307,1523,2367,5323,4249
1191: 3992,4542,5691,3275
1192: 5108,1591,7107,3404,1022,2351,5746,8019,8084,7781,7430,3399
1193: 4950,5304,3459,2653,7010,2292,2121,6268,6068,2399,7699
1194: 7286,6887,6510,6001,6950,6360,6114,4482,1545,3456,728,5116
1195: 5122,7113,4269,3667,2731,6523,872,2345,4137,4929,7009,8147,4630,6507,316,3632
1196: 1937,6639,6430,7656,1291,6676
1197: 1587,3324,3538,3633,578,4425,2618,1504,4187,6966
1198: 3179,81,7818,4483,3386,6064,5873,7051,3716,3473
1199: 4853,7088,5643
1200: 7160,834,4324,3240,4184,4585,719,8138,3764,774,5178,4937,7104,512
1201: 5209,134,481,8002,2169,7183
1202: 2846,365,6901,4704,1046,7192
1203: 4208,2185,3011,6841,6559,7227,899,4891,3517,3412,2446,8144
1204: 7916,5152,7309,3363,6356,7936
1205: 4416,3237,1724,2344,4200,3622,494,7364,7920,6490,4253,575
1206: 4717,5412,7488,5044,572,2501,2376,2348,7211
1207: 180,6340,6471,3026,2395,7569,7498
1208: 1636,7669,707,5833,2852,2203,7726,5175,7989,1932,5449,2420,6350,4560,4932,8185
1209: 6527,7735,821,5899,2205,992,2515,2433,4493,4751,6480,86,7799
1210: 6912,2628,7746,3650,7085,4276
1211: 971,6751,3738,6259,3159,2620,4919,2179,2487,7795,6402,1460,7244,6197,7452
1212: 458,3445,1279,4043,2635,2171,7842,2170,4998,5992,6876,7248,3132,758,6104,1085,206
1213: 528,3176,1354,5987,5584,4922,7865,3180,5809,3710,6771,2708
1214: 7871,5655,7585
1215: 4639,5314,7895,3818,4933,2787
1216: 4292,278,3316,2863,4763,2486,7908,1577
1217: 2274,5599,5443,1933,5089,4460,5505,7910,6535,802,1769,3761,8105,4809
1218: 3965,7933,3020,6219,162,3586
1219: 1798,4620,7106,6427,3941,7946
1220: 4991,200,1054,7958,5773,6487,394,5667,7080,1567,3080,818
1221: 7962,4380,3701,1966,6785,2255,7721
1222: 252,4124,8082,4344,5956,2674,1893,5524,3110,6635,6347,2294,867
1223: 4391,4149,931,4348,7295,2956,2392,2768,1630,6140,6413,1499
1224: 482,4368,4162,5549,2624,3454,195,1021
1225: 6978,4216,5458,4241,1912,7853,7217,2626,3840,2947,865,6307,249
1226: 3547,7122,263,1408,4263,8120,8090,2657,5470,6217,199,2774
1227: 6065,2958,6390,4284,6476,3507,2771,6996,568,2090,203,20,3936,5201,5923
1228: 2653,1859,1675,3197,4427,2986,87,4330,664,5733,4692
1229: 4406,2593,4423,3390,7918,2304,8000,6638,5779,6223,3113,7087
1230: 7170,3393,6464,8087,4021,5078,4528,6838,143,7949,521,4546
1231: 6198,3631,8141,5543,4264,4547,3411
1232: 3453,3229,6892,5126,3841,4586,4909,4362,1946,7152,130,7707,7963,5582
1233: 3466,4617,7975,7522,656,1026
1234: 2356,6174,4845,3360,4629,484
1235: 5101,1612,1451,3596,5585,4662,4683
1236: 3584,3585,6352,5810,5094,4738
1237: 4838,3641,4789,4512,75,1562,8065,4989,816,3691
1238: 6973,4813,4672,1902,8086,6700
1239: 5831,3857,7093,5315,2453,4868,7230,1897,4370,5199,2076,2695,2468,7837
1240: 5445,5331,3410,6260,5173,2049,8136,618,4810,6872,153
1241: 4834,8075,3001,2199,7504,6193,1625,6565,5338,5350,3264,346,3436,1789,6196
1242: 2257,5389,7376,614,384,523
1243: 6160,3357,7321,6526,1427,5497
1244: 3730,6338,4233,163,1879,4788,5547,65,8110,2473,5530
1245: 5542,6406,2311,2491,6387,8003,4306,5480,2671
1246: 5738,5099,1123,288,3160,5910,5579,5407,7634,3577,6274,2122,7370
1247: 4982,6632,5826,2259,2427,666,2417,5909,534,6818,1314,5518
1248: 3475,5962,5831,8126,7093,2453,4868,2695,2737,5756,7396,2468,5424,4256,1906
1249: 5916,895,6752,2227,5993,2938,535,6655,1069,5728,4435,2265,3116,4912
1250: 8042,1252,6045,5319,7744,2538
1251: 2819,4387,5528,3925,6120,1274
1252: 1250,6045,6163,2864,6745,7744
1253: 2489,3801,2641,7608,756,4993,6257,4357,3135,1482,1964,4996
1254: 2359,7819,88,6320,1321,5600,2686,6705,5100,5823,5468,2544
1255: 6339,4548,6772,6721,119,3573,944,2740,2679,3481,5348,6640
1256: 1537,539,2777,7304,5553,5693,2914,4597,6343,3241,3333,1613,801,2377,6547
1257: 5010,2662,6380,2325,7764,3244,4708,516,6910,7341,111,4811,3613,1657
1258: 1518,3014,7132,2995,4098,7281,6714,6442,6047,5755,2416,4976,1323
1259: 3433,2450,771,6528,4952,7206,5428,1293,491,1601,4756,7679,3934,4177,625
1260: 5791,6582,4758,3783,4161,7649,55,6065,2958,3507,1317,5285,8028,6917,3936
1261: 3948,1671,4974,4802,7948,5871,3626,6622
1262: 2052,878,978,2973,235,6946,4949,3232,4873,3636,4673,3223,6688
1263: 230,5148,2535,5369,3740,5595
1264: 5492,4754,4287,5446,6468,1729
1265: 1913,3893,6680,1548,2250,5571,6082,5563,7474,6780,39,7674
1266: 8016,4780,509,3164,4792,5567,3922,3262,2714,5927,1969,2026
1267: 2751,3940,3570,2001,4561,5578,5747,7669,5449,644,869,2876,5010
1268: 7690,7922,3684,2884,1035,6504,5897,4019,6795,4695
1269: 3988,6562,4680,6337,3996,6017
1270: 5324,4886,1889,6398,6,4151,2710,6385,3782,1474,6851,3991
1271: 6424,5635,7529,7737,1737,6691,6225
1272: 4397,115,4039,1755,6836,8060
1273: 5720,918,7888,4803,6940,3193,1397,4795,752,84,4042
1274: 7189,6977,3925,4387,1251,7443
1275: 305,2373,5539,3859,3995,6727,4701,7016,2080,2109,809,6177
1276: 5618,6382,4970,1408,3145,6162,3358,7064,6578,668,2105,6059,7172
1277: 4899,51,7187,6958,5345,1554
1278: 6877,4095,7045,6435,7213,512,6295,3450,369,18,2137,6159
1279: 1212,3362,2635,7842,2170,4345,4998,7248,920,3334,3074,1085,6318,102,8130,6333,7323
1280: 3924,92,6503,1502,6206,4614,5894,7292,4523,7885,2483,1736,4944
1281: 7174,296,7829,6825,3365,2241,7203,6368,5032,2201,7311,1027
1282: 6789,7347,6238,462,279,8145,777,2280,7314,6853,4454,6410,4007,3600
1283: 2350,7361,7563,533
1284: 6775,2472,1016,3210,6431,7156,2034,6328,6068,7363,5318,2353
1285: 3348,814,7433,2268,4741,6069,7384,3047,1940,5382,7590,6508
1286: 4083,389,2523,7018,4876,5312,5386,1061,2804,6695,7159,5917,5215,4322
1287: 4567,781,1452,4688,7421,7899,3610,7062,2529,1559,815,4247
1288: 1526,2781,5886,930,7518,5440,3689,3295,3550,8143,4923,2048
1289: 6384,6211,3064,7617,5608
1290: 5641,6335,4091,5271,6546,7625
1291: 2704,6270,7656,4110,1937,1196
1292: 1954,8056,2763,2883,7870,6226,5529,2832,324,7663,2095,3906
1293: 7682,1961,2650,5098,2752,7677,2339,491,1601,4490,4756,7679,625,1259,4952
1294: 333,6702,7695,7600,1531,6248,2722
1295: 1439,4574,6268,6566,7566,7699,5318,783,2353
1296: 6664,788,1953,2135,4320,6925,6166,7417,6208,6346,729,6181,624,2455,7678
1297: 5101,1612,5258,3508,4535,4356,3642,5983
1298: 5127,4423,3390,3343,3282,3177,5820,3685,5198,4309,1159,649
1299: 4859,4858,4426,5469,4404,1866,7818,2271,7410,3386
1300: 6650,4459,4342,884,7866,1185,2547,6154,999,7709,7809,6818,1314
1301: 2816,4565,4468,3351,5744,3745,5485
1302: 6563,1701,1602,3983,8111,6782,4141,6269,2716,7358,1049,2470,335,6523,2841,4137,4500
1303: 2909,2744,2733,7208,2000,4198,4103,7292,4523,2228,7511,6903,1736,4944
1304: 4985,7941,5206,6261,3955,2990
1305: 7345,261,5238,4079,4613,3562,4846,4583,2159,6224,1409,3035,6040,5758
1306: 5038,3038,7900,1050,3826,4634
1307: 1490,6346,3543,2180,3099,7261,7700,5925,6955,3518,1790,4777,6053,7917
1308: 2670,7756,5888,3139,1615,5354,4809,975,3756,6138,7519,7712,2832,5599,1933,5505
1309: 5805,2273,5087,4346,4839,5966
1310: 173,2727,7654,8103,5329,560,4707,4490,7662,5954,2732,3330,7165,4637,3129
1311: 2445,5052,4948,5023,6007,5427,955,711,4768,2882
1312: 5450,6265,5609,1065,271,4536
1313: 7821,6331,6327,2623,3656,7233,5009,2467,4613,7059,2159,6560,460,6040,4843
1314: 3055,1247,6632,2259,2417,6818,5115,884,7866,1300,6154,4174
1315: 7176,3904,3744,6602,556,1477,5799,6571,2177,1129,4159,4160,5118,7486
1316: 6118,2569,5230,5819,4476,4562
1317: 4076,5285,7310,5056,2504,1549,919,5721,8028,6917,5000,3783,1260,55,1802,6071
1318: 246,5237,3869,5463,7403,6056,6971,2681,792,4910,5004,6669
1319: 645,7896,2597,6911,4414,3788,5484,6703,5041,3083,2297
1320: 2745,5154,3192,2310,3743,7797,7913,857,5580,6355,7307,698,6541
1321: 88,6320,1254,7123,5600,2686,3972,6705,4390,5823,5263,7820
1322: 5856,5813,1659,101,5808,8127,1833,6683,896,144,8093,2949
1323: 4553,6893,2796,588,3814,1518,7132,1258,7281,4976,6553,5900
1324: 6570,2885,2479,4445,160,6111,6041,3198,1414
1325: 2363,8088,6741,5973,6078,2966,1657,7341,33,5738,5910,808,3577
1326: 2357,5490,4706,5040,563,6103,5636,2627,4218
1327: 3303,6153,7278,6239,511,2617
1328: 2636,692,7584,64,8107,6155
1329: 3466,7975,823,5155,6157,4405
1330: 5058,7232,2334,6228,2154,5146,3428,7454,2475,4120,970
1331: 4987,1783,2795,3516,2532,122,6245,7778,6949,2631,6246,3456,308,5860
1332: 6247,881,5790,2083,3714,7346
1333: 4204,4118,141,2910
1334: 7643,7594,5168,8032,4282,2894
1335: 2767,5680,6278,1533,4779,6734,3653,4734,7438
1336: 4832,1981,8158,4513,1167,5139,3372,6661,1864
1337: 4861,2971,3216,2498,5531,7626,1852,5119,2054
1338: 4441,6579,5188,7273,4451,7843
1339: 3187,6894,6767,5309,461,4432,5527,1650,6202,4867,6530
1340: 764,5660,4403,341,372,7274,4253,5523,3062,8014,6987,575
1341: 683,1637,2406,1363,3472,7561,7058,7102,5375,2412,8081,4583,1409,526,5333,3035
1342: 7412,4313,5218,5842,5097,2276
1343: 3525,3202,7717,4530,2303,6897,7157,6475,3489,2370,2727,4707,415,5954,4653,4272,5111
1344: 698,5080,2646,3558,3323,6541,174,1930,5024,7913,5580,1641,7307,5388,2689
1345: 6546,985,7625,3725,3615,4107
1346: 7042,6774,3009,5459,7835,3647,6556,3011,6105,6559,6326,2797
1347: 7190,1888,2178,5849,6652,7660,4111
1348: 7747,6829,2214,8181,770,6042
1349: 7547,7510,6864,2222,1467,5455,3497,825,7100,4828,623,1956
1350: 5003,385,6543,2437,2318,6936,3361,6180,8154,6957,2181,6792
1351: 6186,579,6855,2323,1873,6500,2478,4709,5240,4128,6055,3398,6965,3686,1993
1352: 5108,6885,7107,3420,5878,2581,7720,175,2223,2887,965,1882,4540
1353: 7128,1478,487,4830,2664,2978,7755,6763,4376,4699,750,5770
1354: 3176,1213,7141,5987,5584,7865,6771,898,6184,5114,4259,2708
1355: 3671,5597,7260,4647,2011,4549,8150,710,3477,873,1747,6555
1356: 1002,4770,2817,3394,4338,5394,7997,7886,8176,3699,7291,7526
1357: 7869,2969,7320,7075,2358,1570,3902,41,5590,3534,7588
1358: 3916,116,7392,8153,2197,1807,345,2068,4402,4654,5017,3697,7182,5707,6581
1359: 4795,752,1939,84,7763,5725,7397,3288,6407,6451,3193
1360: 1001,7458,4361,6792,3062,3402,4337,2629,518,8154,2355
1361: 3451,5838,2283,3597,7312,7471
1362: 31,1430,462,8049,5695,544,3203,7199,2952,5934,4007,7541,1635,4907
1363: 4964,683,3472,7561,1341,4593,5327,7824,2412,7449,8081,7338,3679,2084,7826
1364: 5143,7262,7575,7914,552,3909,3684,2884,6504,441,4019
1365: 7817,4570,7587,816,3641,8065,125,2150,3691
1366: 2077,28,3278,7619,7153,7142
1367: 7524,7701,3461,2142,2889,3370,687,6610,2634,7912,6962,440
1368: 7766,5787,7171,6203,2687,47,2146,7973,4718,2469,7705,2917
1369: 74,5441,7718,2747,7301,5370
1370: 2062,1905,5018,5569,490,2608,207,6574,7596,4102,5457,5393
1371: 3942,5798,2655,7279,4236,4028,4731,6446
1372: 3837,954,5015,2204,8038,510,7769,5977,252,5956,2674,1893,3910,4277
1373: 2756,7777,6926,4213,8039,4448,3690,3984,7455,8146,7804,1550
1374: 6538,4472,416,993,6316,3144,4699,2034,750,2865,6775,2251
1375: 3243,719,6176,2719,4504,2733,7487,5332,834,3677,7780,2755
1376: 7084,4931,1103,4603,3154,2874
1377: 736,3118,2182,3484,4618,4555,1948,3254,7425,5577,7228,2017
1378: 5931,3599,3503,3318,5002,755,4631,3389,5425,1471
1379: 2758,3195,408,2443,6059,7172,6919,519,2923,3582,4669,5039,6262,2105
1380: 2373,4767,5820,4203,7937,4701,7062,6223,3177,1559,751,4740
1381: 4599,4800,6091,5994,730,7982
1382: 6046,5488,2390,4880,2319,3723,4127,6794
1383: 3930,6824,6051,1433,7433,7968,4894,5399,4564,466,1693,4573,3785,7557
1384: 5360,2156,1388,5160,5377,4958,3024,5813,2387,6217,8127,3547
1385: 1464,4003,6022,7573,3299,4975,7404,7957,2749
1386: 2950,747,1111,2295,5128,4921
1387: 4122,5999,1413,2911,5300,5504
1388: 2156,7758,536,5374,1384,5160,896,5377,4748,2209,5519,5813
1389: 3016,7511,1068,2483,77,5496,2060,5453,4944,5498,791,6206,4614,7331,2886
1390: 3045,5904,3688,7535,2014,23,5465
1391: 2274,2313,300,5089,2932,6535,1583,8125,1867,6496,5890,3206,2763,5529
1392: 213,5538,609,6363,4300
1393: 3279,2736,5865,1480,2481,6170,373,1537,539,6488,5553,6030,4597
1394: 2738,3928,2327,6516,5602,7630,5436,2862,4193,6918
1395: 2201,5724,1182,7284,5694,7810,4437,275,2542,4062,7302,7174
1396: 5588,4553,6893,236,3952,7954,2796,3380,6553,5714,3971,2940
1397: 5720,8053,918,7888,5936,2705,1273,3193,6451,752,84
1398: 6024,5885,5722,3409,2211,3438,6244,6592,4430,5732,2264,2433,2560,7799
1399: 1164,2368,3395,8018,5892,4827,1437,3731,3383,4820,1162,7620,2294
1400: 4069,4464,5854,5593,4981,5266
1401: 3017,640,532,6562,2317,6017
1402: 2761,5430,7858,2162,6028,8163
1403: 620,273,1063,3669,7646,7500,5068,6092,1837,2647,2827,2564,1626,1152,6221
1404: 7383,6211,7617,5880,7616,3050
1405: 7354,6290,2173,362,5212,3888,6245,7120,7375,579,6500,8124,1658,1685,778
1406: 3624,6429,5943,4910,1774,7967,7343,1144,5918,6531,3069,8062,3368
1407: 4165,3534,1149,4874,4925,3152
1408: 3545,5618,6382,1226,4970,1276,7122,263,4263,6039,8090,6578
1409: 5632,7101,6224,526,1305,261,3562,4846,4583,3035,5758,3472,1341,7102,5375
1410: 1943,3320,6465,2189,162,3586
1411: 472,6552,2946,5811,5418,830
1412: 486,715,7801,2835,6712,4946
1413: 4122,1387,5300,3556,428,6991
1414: 1324,6570,2885,7025,2479,2848,3816,4119,4359,6013,793
1415: 7068,1922,147,8155,3828,7242
1416: 7091,3150,5315,2792,6783,5706,7230,547,4178,448,6577,1181,4307
1417: 3883,7724,4302,1593,7118,6167
1418: 4553,6548,7036,588,3814,7533,8038,510,1518,3208,7132,5977,8082,3910,4277
1419: 4978,2252,7142,2759,3675,7972
1420: 3490,7195,7211,7149,904,4784,7528,572,2348,2315
1421: 553,7814,3263,2986,87,7166,2855,6005,219,7497,7389,2692
1422: 30,3133,8020,2435,7194,848,7692
1423: 7197,2447,3769,1597,7270,1735,49,3056,4463,8184,322,6139,4591,4893,3502
1424: 7214,5707,2265,8098,1153,2519,2533,6581,874,7277,2197,2068,1449,6079,515,4389
1425: 2915,3660,7469,4315,2623,3656,7233,1938,5949,4168,1436,5423,6390,984
1426: 4296,5043,2648,2444,4395,3421,5121,3852,8047,7239
1427: 6526,204,7287,6160,2815,1243
1428: 3407,4889,377,1501,6564,8102
1429: 6367,7276,1639,7380,2438,52,499,371,7980,1534,7232,7863,4120
1430: 1362,3141,6255,8049,3765,3003,5695,3825,2583,544,3203,7395,1148,7071,7199
1431: 418,3285,1432,6656,7407,2769,5085,7366,2578,7415,2625
1432: 3285,6656,7407,5085,1431,684,7415,3287,4213,2625,7455
1433: 3348,3930,814,3687,7433,1383,7968,5399,4564,2681,3293,4741,5004,6669,6069
1434: 2484,4691,6766,6847,3300,4336,215,2072,2334,6228,5146,7454
1435: 3986,3313,3807,7255,7551,7466
1436: 5080,4168,3323,443,5388,990,5423,7803,984,5851,1425,7469,2623,7233,5949
1437: 5898,6354,3731,3383,7513,1162,2204,7620,7769,1164,2368,1399,4827,252
1438: 757,5793,3471,2288,8062,313,4905,6914,7515,3447,7816,7012,48
1439: 4574,7566,2399,7699,1295,783,5190,2891,302,7521
1440: 2462,6498,6882,3187,6894,6767,5309,6797,7531,461,3703,217
1441: 5480,226,551,3682,4280,2491,7555,5817,4306
1442: 5355,2449,7583,6444,3312,5159,5352,819,937,2540,5034,7779,741
1443: 7599,5162,7897,3086,3297,1752
1444: 2909,4289,7208,336,6871,3443,2976,1986,7583,4169,8165,5541,2713,7184
1445: 4640,115,520,4175,5716,6814
1446: 6605,3495,5640,3707,5284,5295,5690,4188,5517,6283,2285,3023,2968,5935
1447: 8044,826,4237,7851,7633,1974,3926,1561,780,4222,4491,4829,169,3872,5827,4916
1448: 7542,3394,7997,6557,1775,4471,4354,2685,4475,1628,7117,5937
1449: 6943,3231,3072,6079,5932,515,4389,2068,7214,1424,5707,8098,1153,2519,7277
1450: 1967,4511,927,1959,3498,4399
1451: 5101,1612,5585,1235,6140,4662,4384,114,4683
1452: 4567,1287,4452,781,7623,5771,4688,7421,3610,7881,3163,4247
1453: 388,2595,5256,3621,4818,3864,1183
1454: 4126,7408,6995,3623,6889,7339,3884
1455: 4849,6685,4576,6867,784,30,8020
1456: 7991,4896,6622,6405,464,876,3207
1457: 7537,3087,4935,2010
1458: 1020,6443,3118,7275,4993,7784,7225,2182,446,3801,6576,4132
1459: 4995,3915,3768,6859,3319,220,8115
1460: 3638,4904,2918,1497,7244,7493,6197,6751,2258,3738,3159,1211,6101,4997,4919
1461: 712,5026,4497,5884,205,2916,5228,3422
1462: 1120,7127,1629,312,4278,3742,7930,94,1854,4048,8037,3430
1463: 5717,5046,7926,3037,3292,4001,7116,7992,6633,3902,1917,1921
1464: 6022,1385,3299,5057,829,7404,6378,7957,6612,2822
1465: 1025,7729,3301,3384,5730,1560,433,7517,4808,5075,3865,1137
1466: 7007,3435,5583,5181,6583,253,328,1073,5397,5647,3032,7636
1467: 7510,4156,6864,2222,5455,1349,7100,4828,7420,5254,6362,3327
1468: 4807,685,5275,7413,630,4489,7478
1469: 1940,5382,5795,7682,1961,2650,5291,1004,5098,6508,4841,4700,6026,7677,7654
1470: 3255,4666,1761,7791,7731,7473,3381,5384,5653,4793,2537
1471: 5717,128,7350,7926,3833,5425,1378,5002,3111,5788,4631,2579
1472: 5026,5884,786,3403,977,5710,4650,392,3422,5525
1473: 764,3524,4227,5660,2074,3382,360,5628,8192,538,7031,7580
1474: 2710,4762,3816,4119,3782,6851,1270,1121,4855,5669
1475: 928,2957,2610,5742,5301,2301,2757,746,5957,5607,3664,1071,6715
1476: 4906,1671,5749,5478,2376,4559,4026
1477: 3904,3744,8008,556,5799,1315,4159,4160,149,5118,5687,7568,2621,2031,2400,4130
1478: 2409,4444,5822,487,5864,5586,4830,2664,1353,6367,2438,7755
1479: 5852,3992,2426,8171,6123,3068
1480: 2736,5865,5533,8121,2481,660,6170,1393,4675,373,6488,5553,7832
1481: 6875,4691,4831,4245,7494,7162,3300,2213,6292,239,7035
1482: 3850,4352,4537,1964,4996,4224,4854,2489,1253,9,5657
1483: 5713,7838,2545,4166,1037,5267,4419,3771,6538,993,7572,8189
1484: 4638,2851,2465,4276,4408,1668
1485: 4334,337,995,2718,6644,5274,4760
1486: 6899,6671,3315,2859,5562,5082,650,3437,7327,108,5165,8169
1487: 6634,6515,3148,8055,8162,2906,106,4652,3280,5088,6208,3185,2799,4024,7226,6925
1488: 5183,1989,5559,5243,7039
1489: 3380,6553,256,5714,8150,5868,710,3971,6777,5241,7954
1490: 1307,389,6346,3543,2180,3099,7261,5312,7700,5157,7417,3518,6181,4777
1491: 5681,5328,913,3096,5877,2903,334,4100,4733,2120,3606,794
1492: 5368,2193,168,7508
1493: 6482,5891,7166,2855,2404,7630,6525,5447,7210,1150,390,6918
1494: 3014,2995,4098,3274,6714,42,6047,5379,7045,6862,7213,3105
1495: 2550,7874,697,4268,5757,1568
1496: 4354,5534,5836,2499,5253,3043,7427,1011,6816,1646,6791,4239
1497: 3638,4904,1460,2918,6983,3822,2632,5055,5551,1528,7493,6197,6751,3159,4997,431
1498: 6744,8108,5593,4981,5594,2955
1499: 3268,1630,6140,3866,5475,6413,4662,1223,931,4348
1500: 6463,6827,5081,5850,2448,4674
1501: 6564,337,3054,2798,377,1428,6393
1502: 3924,6550,3140,1280,503,92,6503,3000,6206,4614,5894,7292,7885
1503: 6589,3224,3250,399,4341,6793,5869,2019,8131,6542,108,3437
1504: 6376,1000,4187,6966,6626,3027,3488,4425,1197,3324
1505: 7950,6725,3969,7789,6623,6294
1506: 7811,2471,3034,2279,6302,7148,6813,3379,5555,602,2702
1507: 6642,3659,5294,7340,6450,1793,3748,6199,6815,4926,3397,5939,8026,156,5835,6473
1508: 5001,6951,3920,57,8035,7559
1509: 4566,4433,2998,1823,6975,6963
1510: 4082,5750,7452,248,4501,7539,631,4195,2398,1993,2734,7019,4805,5357,5879,5240
1511: 4776,7470,417,935,7861,7022
1512: 576,7941,5206,181,3331,696,7076
1513: 2091,6598,5445,1828,1886,7092,7081,4698
1514: 2230,7137,7719,4221,4737,7186,5221,3589,2672
1515: 5776,1934,7786,4090,7146,1008,5592,2018,6874,2342,4541,1043
1516: 6654,3674,1947,5858,7151,1684
1517: 703,948,8133,3549,5824,1746,1581,7158,4883,3420,2351,8019
1518: 3208,7132,4098,1258,7281,6442,6047,4976,4553,1418,1323,2796,3814
1519: 7086,2996,3314,2107,4163,4836,7256,1165,3829,5019,7143,3007
1520: 4305,452,4992,391,6616,7512,3964,2098,1808,7239
1521: 3004,564,5748,4407,6590,7734
1522: 2138,2816,2124,845,5142,4565
1523: 502,2941,1190,3042,7884,1596,4774,8054,4509,3981,3215,6573,5953,1584,2367
1524: 817,1566,4797,6014,2588,3539,2016,6267,488,5340,4619,5359,3643,695,2463
1525: 6136,177,6424,132,4093,2422,7737,3281
1526: 1288,5439,2781,724,4323,5574,4055,5886,930,3550,7359,8143,4923
1527: 6067,5662,2277,3122,4584,4527,5596,5532,5225,4529,6043,803
1528: 4904,1497,3822,7493,232,5021,2961,2258,6101,4997,6942,1138,6192,7013,431
1529: 7472,7143,5552,6119,1662,1707,6250,6058,2291
1530: 6596,6198,2330,5881,3151,3352,5193,4547
1531: 7695,1294,7600,6248,4736,8148
1532: 5205,3111,6273,4596,7905,7706,5788,4631,2579,3833,2921,4125
1533: 5544,2767,1335,6278,3653,7438,282,6093
1534: 6647,6367,7276,7380,2438,1429,52,499,62,7863,5822,5864,5586
1535: 6419,1902,2806,514,6898,3569,4816
1536: 3750,7667,3772,3366,6470,8191,7467,6612,5057,829,6378
1537: 5482,1256,4226,6488,7304,5553,6030,2914,4597,3241,3333,4004,7876,7270,6170,1393
1538: 2972,1742,5113,2338,468,4432,1650,4867,956,5309,6530,3762,8109
1539: 343,5760,3578,43,6648,2061,4548,6536,6554,5110,6728,5269
1540: 7336,2707,5633,3120,2987,3067,5887,1920,165,7317,6342,6567
1541: 6232,6612,2822,3117,7215,179,5057,7404,7957,733,5731
1542: 6707,2451,5431,967,5657,1753,7393,6479,3195,2443,519,2923,4669,4854
1543: 6213,6732,3209,958,5196,5807
1544: 6724,1879,3805,6375,6866,6816,6791,3075,2002,4009,3236,3694
1545: 6114,4482,3322,3456,7610,2861,728,4327,1194,6001,6950,6831,5116,2022
1546: 3627,352,1909,3618,2364,7099,6833,293,2679,8186,2175,3481
1547: 4796,321,7271,7983,6870,2131,2590
1548: 6904,1265,5413,3893,6680,2250,5571,3265,6082,5563,2403,7565
1549: 1317,2638,5285,7310,5056,2504,7939,919,3704,5751,4545,5721,6917,5000,3783
1550: 7804,6923,18,6277,3189,4484,2756,5646,6926,1373,8039,2137
1551: 5827,3051,4916,7560,3467,1088,6927,8033,4539,5170,636,2993,7633,5879,3398
1552: 3572,3946,6843,3290,6516,5602,6945
1553: 301,4172,2716,522,7604,3629,4892,7358,6952,4928,216,3983,4141,1049,5673
1554: 4806,2174,4728,51,1277,6958
1555: 3455,3700,3252,3674,4136,5858
1556: 5398,7977,5989,921,2290,4138,3702,4578
1557: 5898,6354,5624,3731,3383,2886,3630,4176,7631,6611,5496,4209,2574,7331
1558: 7893,4201,5247,2392,3842,7485,463,641,4391
1559: 7062,2529,4740,1287,7421,7899,3619,5474,1380,2373,3859,4203
1560: 21,433,2101,2369,7517,4808,5075,4421,8119,2164,6878,150,3301,1465
1561: 1974,3926,3074,102,8130,6333,4491,4829,7323,1580,6145,3872,4577,2235,1447
1562: 1006,4838,3641,4789,4512,75,1237,4989,4918,2336
1563: 879,2349,1877,2389,5042,5248
1564: 2616,5289,7091,3150,651,5831,8126,3857,7093,5315,448,6577
1565: 3294,4849,6685,6296,4715,1955,6708,3949
1566: 4797,2588,6063,2016,1524,4619,5359,4722,5699,707,2852,5175,7989,4377,4932
1567: 5667,5759,3107,7080,6502,3922,3112,3080,2999,2008,1220,5773
1568: 7,5757,3008,6684,1495,697
1569: 6620,4006
1570: 7992,842,7320,7075,2358,1357,6633,2875,3902,880
1571: 265,7136,5664,6066,6185,6126
1572: 7198,3157,6691,6982,59,378,8061,4711,2125
1573: 4024,130,7226,1812,4697,6925,6166,7673,3185,1875,4032,7023,6147,6634,3280
1574: 208,6588,1076,5466,8128,3424,7243,3665,6000,916,3196,5768,4097
1575: 7021,7164,7875,7257,5166,3234
1576: 5564,4073,4439,4488,419,7476,4977,95,2147,7974,6719,3269
1577: 3125,7342,7908,4292,3316,1216,7288
1578: 5905,266,932,6235,7349,5184
1579: 5207,1060,7353,5744,7635,7139
1580: 1683,591,7990,169,3981,6145,7942,3872,7439,4577,5762,2235,7356,6939,1561,3074
1581: 2186,6425,7430,7930,6083,4048,4005,7158,5824,1517,4883,2351
1582: 4594,743,4518,789,1598,7484
1583: 3408,103,7844,4804,8125,7564,4323,6496,5890,498,3206,2436,2313,1391
1584: 7586,5953,2367,6428,2001,5578,5323,455,4774,2941,1523,1683,3981,3215,5762,6573
1585: 978,569,4534,6946,5740,3378,8097,4891,7605,3412,8144,7227,7015
1586: 3781,804,7612,6463,4852,5081
1587: 1197,3308,7362,3307,7632,8031,3633,4290,578,3542,2618,142
1588: 4725,1901,4410,2901,6088,7650
1589: 382,2788,7670,546,7220,5137,6023,5373,6362,5062,894,1767
1590: 218,3066,4453,6765,4752,3431,7775,2514,2881,5362,4012,4485,3127
1591: 3919,6885,7107,3404,1192,5746,8084,7781,8045,6226,3399,4038
1592: 7171,4153,7315,2146,434,7880,7686,2745,7264,7668,608,4077,12
1593: 5235,6672,4302,3661,1417,6167
1594: 1786,5365,1950,4641,3073,941,2893,6164,5861,4326
1595: 3771,6774,3009,7465,5459,3647,2797,284,8189,6861,4473,1741
1596: 7008,7369,6625,2113,136,1941,4774,8079,7591,8054,4509,3042,1523,591
1597: 1423,7197,2447,3769,49,4463,6139,4591,4063,5561,5945,4893,3502,7044,196
1598: 4594,1582,4518,4301,69,2112
1599: 7859,3896,2215,26,6280,4684
1600: 171,1158,3855,6418,2165,2341,4608,6667,3815,4817,209,3875,821,4984
1601: 2339,491,2370,2727,415,4490,4653,1293,4756,1259,3433,771,6528,4952,7206
1602: 6563,1701,8111,1302,4532,2039,709,4522,4291,5020,2470,335,7113,6523,7014,2841,2741,4374
1603: 5033,2380,6421,4158,2683
1604: 4744,3100,831,6520,5065,7552,2111,2046,1757
1605: 5067,2746,7308,8009,3529,7615,785
1606: 3175,4977,3854,2147,5031,5070,7618,2488,7655,5761,825,623
1607: 2021,3439,6781,2833,6860,2599,5736,6697,1925,7762,5095,1908
1608: 3565,5411,2609,1677,4121,7237,6558,5963,4294,2581,3039,5187
1609: 5147,1765,2589,6377,3269,2553,3191,6272,7476,3052,7640
1610: 5192,7401,7800,1931,2709,913,3096,882,5914,5400
1611: 1672,5414,4538,7269,2181,5901,7638,5003,7061,7231,327
1612: 5101,1297,5258,1451,3596,1235,3268,5416,4662
1613: 3638,3114,2918,531,6983,3822,801,5055,131,5551,5482,1256,7304,5693,6343,3333
1614: 5767,1907,5165,7388,7545,7319,2086,8169,3315,7327,6542,108
1615: 1308,2670,7756,3139,4809,6138,7712,5599,1933,5505,8105,805,5786
1616: 421,7603,7482,5841,3350,5741,5299,7003,3048,1807,5536,7489,675,810,4885,6436
1617: 7994,2808,3540,5875,587,6820,7506,7648
1618: 4430,5732,2264,3934,4177,2450,4462,5428,5885,5722,7177,6592,543,3148,447,5088
1619: 7243,6298,3665,4651,2080,6000,7103,5296,123,7787,916,6588
1620: 7682,1004,4700,6026,2752,4515,3855,2165,2341,5051,821,2515,4455,934,6480
1621: 3442,4724,2492,5922,6109,2267
1622: 8183,5708,6121,2924,6019,3500
1623: 6129,6938,6826,344,5462,4554
1624: 6253,6376,8146,6509,6189,6999,673,1000,4187,684,6966,2526,7455
1625: 4834,1241,3001,5338,3264,346,3436,6025,987,6210,2554,1789,6196,3604,4531
1626: 3021,331,2827,2148,2564,1152,6221,4519,5194,1403,273,1063,5344,7646,5068
1627: 5734,8167,231,6188,767,2577,799,7072,6256,1797,8180,1042,4055
1628: 4354,2685,2056,5534,4051,2097,7117,1448,1775,8106,6275,34
1629: 1120,2697,4775,1462,4202,312,5035,4278,3104,3270,1854
1630: 3866,6413,5961,1499,3842,2768,4391,1223,931,7295
1631: 5185,59,8061,4711,2784,6108,2614,7405,4517,681,6310
1632: 2907,7905,7706,4759,6491,5931,2794,4713,3724,6050
1633: 1826,3070,8077,4848,4182,6011
1634: 1973,4988,36,4866,8116,5472
1635: 5934,7541,732,4140,4907,544,7199,1362,31,5695,351,2952,5160,5969
1636: 111,5833,2203,7726,5175,7989,1932,1208,4811,6350,4560,2410,4932,8185
1637: 3472,1341,5375,5262,5327,2412,8081,5632,7333,4044,3119,526,1040,7597
1638: 7160,3162,5777,4324,3240,4184,4585,7684,5379,7543,6862,1038,8071,2428,5589
1639: 7276,1429,371,7980,6681,1653,2051,6657,5814,4212,1023,4120
1640: 3493,2643,2517,6187,7444,3182,1904,654
1641: 6152,6572,6615,7913,5580,3990,6802,698,2646,3558,1344,4228,5024,2035
1642: 11,1180,4274,7556,3220,6733
1643: 6113,5787,2892,2146,4369,1924,6517,340,2764,7880,2905,6713
1644: 6730,2402,7589,5236,2007
1645: 472,7067,6756,2946,6736,4267
1646: 6724,1743,6375,6816,6791,3075,7812,1496,4262,5534,2499
1647: 5778,2567,3931,3097,7021,6823
1648: 3211,6608,1143,7479,7520,3005,285,7063,6593,1651,5568,3155
1649: 4314,5765,1758,7098,4939,2516
1650: 3172,4432,5527,6675,6202,7181,4867,956,1339,3187,5309,1538
1651: 3228,4073,3774,6461,4439,7250,4225,3155,3211,1648,7520,285
1652: 4861,6630,816,3128,7263,4512,5119,7587,2054
1653: 2051,6657,5814,2461,4212,1023,1753,7276,4913,1639,52,371,7980
1654: 1124,6304,8041,4961,2053,3879
1655: 5774,7282,3974,7987,2195,4824
1656: 3850,4357,3135,970,5620,2512,1964,2072,6034,2374,5915,5103,6766,7454
1657: 2363,8088,6741,769,6078,5730,1325,3613,2662,6380,7764,6422,1257,4708,7341
1658: 6605,3548,3124,875,4605,579,6855,8124,7354,2173,1405,7375,778,4328,7431
1659: 5856,3254,2387,1322,101,5470,5808,7047,7296,199,5577,8127
1660: 6214,7183,6873,3400,7437,8002
1661: 667,4387,3480,7443
1662: 7472,5552,1529,3326,4273,1768,7675,2291
1663: 6084,7873,6665,1024,6988,7485,3510,463,2525
1664: 7496,4492,8172,6778,700,6569,1106,7753,3478,2940,761,7969
1665: 7499,7861,2814,7022,7807,6537
1666: 5950,221,7023,366,3487,5801,2647,5027,4272,6395,4835,5111,3202,6865,4530,6897,3489,790
1667: 7429,7973,4275,2287,3560,4480,3901,6484,2231,3530,8151,47
1668: 4924,7750,3650,1484,4276,4408
1669: 3739,5631,7372,7748,3511,4508,3460,4018
1670: 3753,877,4821,4639,8006,2149
1671: 4906,3948,6854,1261,5749,1476,4559,4026,2064,7948
1672: 5414,6169,1611,7269,2181,5901,7638,2854,5003,385,6543,327
1673: 5650,3709,2611,5979,7060,5412,5044,3391
1674: 6780,39,500,6344,5210,3287,6254,7674,3803,3893
1675: 5304,2653,2103,1859,5217,1228,4755,4427,664,4692
1676: 297,7262,3891,7914,2366,6330,6389,5221,6115
1677: 3565,5411,2609,1608,6914,5231,4121,7720,425,5963,4294,5112
1678: 571,2075,4349,6587,6210,5426,2571,2812,7885,6486,2207,4008,1041,6550
1679: 3253,2217,2576,4572,5435,6372
1680: 1944,4131,5537,6992,1814,3588,438,7114
1681: 5546,5,6012,3798,2493,5076,5244
1682: 7252,6325,1717,5634
1683: 591,7990,3981,1580,7942,3215,7439,4577,5762,2235,7356,6573,6939,4774,1584,6428
1684: 7151,3753,6641,4036,1516,5858
1685: 778,7577,4328,2631,3302,6001,7354,2173,122,1405,6245,7120,6949,5860
1686: 2927,3304,5912,1075,5403,6400
1687: 2085,1713,882,6279,559,6287,6729,5914,5106
1688: 4085,1052,14,7759,5971,7458,3402,4337,5029
1689: 4718,146,2469,1892,7705,3555,5739,5976,2917,4955,7111,2687
1690: 6411,3405,5998,6863,3658,1825,8095,5911,5812,139
1691: 952,6021,3460,7406,961,1952,5252
1692: 16,460,1762,7441,7821,4092,1938,6133,8134,3025,3476,2825,3760,6035,5350
1693: 851,6768,2343,4573,5727,7394,3785,2681,6056,5004,3930,6051,1383,7968,5399
1694: 2565,6191,6332,7305,549,4933
1695: 6285,3614,1098,1994,6796,6974,2122,4467,33,2320,270,7534,5837,367,6422,4035,2506
1696: 7389,5346,3929,3,478,7015,4208,2185,6297,4812,1791,219
1697: 7551,589,3938,2897,124,7466
1698: 6595,3943,7498,410,4340,6468,1729
1699: 2365,671,4282,6144,981,6519
1700: 6348,2851,5997,4968,6561,7723
1701: 6563,2032,1602,8111,8134,1302,4532,3025,6782,2039,6269,6329,3476,709,4291,335
1702: 3218,3874,6572,1718,4219,3990,4360,71,8161,3862,8128,3914,5663
1703: 3393,6492,325,4171,2514,7949,8106,5362,4012,7416,853,2097
1704: 5648,4026,2064,3892,1005,4623,7360,4559
1705: 3628,4674,6062,5850,4087,8007
1706: 152,5402,4047,7651,4857,5012
1707: 1529,6119,6250,7086,2996,5134,97,6058,2291
1708: 6954,2830,7723,4965,4194,5321
1709: 5487,4063,5561,5642,1857,4664,4240,5326,3502,2527,4438,3932
1710: 6401,538,3602,3937,6451,5958,4979,5566,5725,1052,2928,2705
1711: 7138,6848,7180,5922,2742,2378
1712: 2750,5072,4298,2332,598,883,7578,429,5133,5924,2517,268
1713: 1687,2085,6928,559,6287,6729,5106,5926,3317
1714: 6696,7280,3104,6128,6711,7196,5064,806,4681,1112,6437,3541
1715: 6182,2793,6489
1716: 6162,3358,6262,1033,3980,8052,1863,361,3145,6059,7172,6919,3582
1717: 1682,6325,5634,6477,1163,4703
1718: 3218,6152,3874,6572,4219,5743,7544,1702,6506,1071,4360,8161
1719: 3225,7921,395,2379,6544,7639
1720: 6694,2785,615,4837,2824,1900,4628
1721: 755,3905,350,6649,6494,5226,3503,6449,3318
1722: 524,2184,7923,3537,3329,6810
1723: 3732,5692,4792,5442,616,3332,7768,8157,6907,509
1724: 2318,1205,4416,3237,8104,6936,2344,3449,7274,6180,4611,4842,575
1725: 2890,4710,2151,6722,6674,6948
1726: 3614,1098,270,7534,906,7868,5640,3707,5295,4605,6964,3091,2660
1727: 5480,4786,7028,226,61,551,2671,6387
1728: 4071,3217,4568,6271,7040,7565,813,2969,842,41,2403
1729: 3943,1698,7070,6468,5492,1264,3790
1730: 480,733,7119,3827,2304,7109,234,7944,6232,3750,3338,7467
1731: 5815,3836,2800,4870,2062,490,5176,7715,3645,2427,7229,5909
1732: 8114,7236,7874,6415,697,211
1733: 7355,1803,5288,5079,3367,1983,3868,7334,2277,2666,5150,4584
1734: 4123,5960,7414
1735: 7121,1423,7197,3769,3056,4463,676,8184,943,3506,4670,4080,6883,6139,362,7451
1736: 3016,7511,6903,2483,4944,5894,7292,4523,1303,2744,2000,4198,1280,6206,4614
1737: 2655,6446,1271,7529,4033,6225,354,5692,5442
1738: 3432,6525,7210,3504,7490,5173,7077,1800,7540,5665,7752,618
1739: 2183,7912,6234,831,6249,7552,7325,3654,7524,7701,3461,687
1740: 4230,5149,359,1103,2700,5857
1741: 1990,4243,4067,6251,7193,420,3009,1595,2797,6472,6861,4473
1742: 2972,7998,1538,468,3975,3762,7641,8109,4058,7398,5975
1743: 7221,1646,3075,7812,489,4262,7209,2499,745,6994,3678
1744: 2442,1895,2089,1094,4331,4281,894,2661,5477,3327,5726,546,3817
1745: 4371,29,5107,819,4401,7853,311,6112,2117,4686,4966,3018
1746: 5378,3549,5824,5959,973,4422,4428,4412,948,4461,8133,1517
1747: 5724,873,7810,4437,2542,6555,8150,5597,1355,7302,2158,2305
1748: 4871,4443,5395,2419,5785,2415
1749: 2612,213,5538,2698,6032,4470
1750: 4495,6495,3330,2218,6769,5358,8046,3296,6747,251,2638,3704,5751,4545
1751: 388,4498,6997,2691,7904,2558,998,7378,6740
1752: 6757,2012,3297,4580,1443,3086
1753: 1653,6707,2451,5431,6657,5814,2461,4595,967,9,1023,7393,1542,3122
1754: 3947,4632,7495,3933,6412,3078,5500
1755: 4397,4671,3469,1272,3143,6836
1756: 2413,924,4719,4881,8013,120,4696,3161,8104,5735,63,3449
1757: 3172,2644,2046,996,7181,7912,1604,4714,831,6520,440
1758: 4314,5765,7300,5652,1649,5220
1759: 3994,4773,218,3066,4453,3636,6765,2699,4752,4673,3223,6688,5867,4873
1760: 2077,4396,3278,4783,4014,6948
1761: 3255,4666,8068,1470,7791,7731,4793,674,2537,6396,3079
1762: 6560,16,460,3036,2093,7441,276,1692,583,4843,525,7821,6327,3760,6035
1763: 6374,1978,4266,2651,4951,4769,3018,5125,7057,2713,7184,4010,2549
1764: 4658,4285,172,4934,3747,659,4960
1765: 1609,5147,6937,5591,2589,2680,4218,5013,2627
1766: 2108,4486,595,6400,5054,7299
1767: 4676,3800,295,7794,3354,599,7727,7220,5137,6023,1589,5062
1768: 7675,3529,7615,5552,1662,7073,5066
1769: 2274,1217,5089,4460,7910,802,3698,3761,5074,7761,3559,8105
1770: 5129,161,3652,6594,6060,6036
1771: 45,3979,7328,2480,4524,6689,5122,7113,4269,2731,7014,8147,686,3551,3373,8048
1772: 4838,3641,75,4918,5136,8160,4954,7652,4020,6832
1773: 5208,2881,4479,2591,3127,3994,5104,1862,8017,745,4310,702
1774: 5371,3624,6429,1406,2268,7964,3293,189,3340,7052,6531,3368,7505,4011,25
1775: 3394,1448,5394,6557,7170,325,4171,7949,8106,1628,2097,7117
1776: 804,5912,7066,7612,5403,4027
1777: 6663,4097,5632,2129,4142,7101,5952,6224,3665,5296,426,3562,4846
1778: 5451,4054,4379,4178,6481,1178,3681,8030,1984,7839,6317,7849,5675,444
1779: 4556,3414,4663,2371,1868,6353,6117,3246,7411,7284
1780: 4558,2812,6687,5737,2207,7824,4029,7338,258,678,3679,571,7826,6009
1781: 7776,294,2415,2284,4871,4749
1782: 1832,4550,4985,7329,2457,6551,1898
1783: 4987,1331,6533,7167,2795,3516,2532,196,122,3169,7778,6949,308,5860
1784: 5965,6890,4547,2869,3411,3151,5193,508,6882
1785: 6933,2872,6075,2538,5319
1786: 2842,1594,5365,4677,4641,3073,941,2893,4679,5347,5861
1787: 292,7579,3581,5019,5937,7542,590,7256,2896,5396,2840,339
1788: 5783,2904,2766,6686,4373,269
1789: 2895,2554,7424,1820,6196,4374,4524,5996,4834,4522,1241,3001,6193,1625,4531
1790: 6955,6849,3518,729,2460,7678,5687,1179,4777,6053,6286,1307,2180,3462,3889,4454
1791: 4208,2185,3011,6297,6841,6326,7227,4812,1696,3,478,6805
1792: 3453,6892,5126,758,5844,4586,7090,3021,7681,331,1946,6369,7152,1813,4043,7096
1793: 6642,7340,2690,1507,833,3165,6450,7314,5934,6199,6815,4926,7931,3600
1794: 3199,3832,8140,104,5761,6961,3939,1140,2711,3175,6809,690
1795: 4068,5649,6272,5016,1958,7476,148,2748,4977,5031,7501,6953
1796: 6624,3944,2490,741,7032,3201,7691,436,1040,7597,1134,5352,5262,5327
1797: 2730,5734,6959,8167,2810,2577,2069,7072,6256,1627,6037,5503,4659
1798: 7483,7124,1219,7106,4047,6427
1799: 480,7119,3827,7109,1142,7131,7944,7460,2836,7881,6308,3212,4884
1800: 3432,6525,5447,7210,1738,1150,7490,5173,7540,390,4810,2324
1801: 6738,3603,6276,8023,6231,2849
1802: 437,301,4172,7604,3936,2536,5923,6071,6952,1317,7553,4076,7310,919,5721,8028,7952
1803: 6458,7355,5288,1733,5079,3367,5804,2299,7334,4584,3778,364
1804: 7676,2828,5611,3820,7357,7828
1805: 5493,365,3838,2776,5603,7792,7436,2286
1806: 5848,4776,7470,2955,3885,8108
1807: 3916,116,3048,2945,1358,3373,345,4402,4654,5017,5536,8048,7489,7603,1616,5841,2500
1808: 7546,4732,2558,7512,3964,2098,4305,1520
1809: 117,3982,3330,6769,7557,7165,4637,2289,6824,4894,4564,466,8103
1810: 5745,1991,7953,7653,6902,3464
1811: 4016,5216,7950,3969,8166,1976
1812: 4024,130,7226,3611,1573,3359,4697,6166,7707,7673,1875,4032,7023,4363,6395,6147
1813: 60,421,3063,7065,5299,7003,7090,3021,7681,8069,6369,1792,5844,810,4043,2171,7096
1814: 4127,3588,438,6379,6794,5537,6992,1680
1815: 5610,7719,7303,4221,2244,2970,7592
1816: 6081,2888,2534,7854,8123,1817,2302,5626
1817: 5705,3712,2302,6884,5626,1910,1816,4293
1818: 1067,4296,5151,2648,126,6822,5192,113,2709
1819: 6315,3729,6283,869,2876,2285,1157,2456,6409,4303,4582,4660,5935,6263,7034,8117
1820: 2895,45,2554,1789,2480,6196,2741,4374,4524,5996,4834,4522,3001,6193,5020,7014
1821: 963,6141,4129,3680,5587,4411
1822: 974,7400,7848,5665,4887,4431,5437,2013,5489,5818,5124,2692,7077
1823: 1509,4433,4072,7716,6969,2168,6975
1824: 406,2870,8073,4442,3759,5548,563,661
1825: 3426,6361,4469,8095,835,5911,3230,2712,4207,1690
1826: 1633,8077,4563,7595,3824,4182
1827: 2024,7447,6300,7685,6173,2281,601,3347,2209,5519,5249,3612,4748
1828: 5445,3410,1513,3987,2049,8136,8170,4698
1829: 7760,2060,5156,4209,3162,4799,3834,7543,908,3630,356,6341,2161
1830: 4690,3190,5606,6721,3573,6116,237,4877,7820,7123,6303,6179
1831: 2132,6355,7307,7548,722,1131,4879,5387,3065,5154,3192,2310,6417
1832: 7329,1782,4898,5789,6551,3257,5279
1833: 2811,6173,2281,6309,601,2209,6683,896,8093,2949,5145,871,1322
1834: 8066,2720,6859,5250,7419,427
1835: 17,1175,1066,5105,2702,5334,5452,3146,6240,6222
1836: 6061,619,3509,3317,5401,2439,3637,6928
1837: 3806,5422,6865,5701,2303,6897,6779,3489,620,1403,7646,7500,6092,221,2647,5027,1152
1838: 3349,6908,3808,7985,6212,5224,132
1839: 4712,2003,7038,4646,5219,2922,638
1840: 8043,5995,689,5709,4956
1841: 7979,29,6773,3084,5752,7179,4596,3851,6978,3355,2921,6112
1842: 8000,7667,3772,3366,6470,5877,2903,8191,5681,7401,913,4100
1843: 5048,8058,3045,3168,1172,192,5904,5405,6299,2240
1844: 5913,4857,6460,2194,2930,5012
1845: 2059,5456,4622,6867,4386,3993,5964,5495,2601
1846: 2015,5616,6886,4693,6107,6934
1847: 2132,4388,2984,7548,6322,1131,4879,990,2954,72,2079,7290,3961,7803,3715
1848: 6201,6213,3713,3974
1849: 6107,6934,6215,182,7945,3448
1850: 8137,4333,7844,3136,2594,5138,4804,6619,5828,4248,1854,6258
1851: 7140,4190,170,7574,2118,4833
1852: 888,6915,4288,5531,6737,4861,1337,6216,5119
1853: 4313,7305,6220,5842,864,2920
1854: 4248,7930,4005,6258,3430,1629,1462,5035,4278,4333,1850
1855: 3256,5656,6319,3427,5967,4400
1856: 7048,6787,1026,7975,5473,4405
1857: 5487,1709,4063,5561,4240,5326,7044,7026,6533,2527,4635,4438,118,3932,3058
1858: 3593,81,3090,6586,4878,4656,2520,6784,5378,4449,4422,2552
1859: 4950,2653,2103,1675,1228,4755,3197,4050,5816,4427,4330,664
1860: 4763,2562,822,2486,7908,4445,3125,5174
1861: 5324,4886,3802,2959,6179,4234,5653,6629,3514,3190,6099,3079
1862: 7658,4887,6312,4104,492,3994,6801,5104,1773,2308,702
1863: 156,6162,3358,5835,5754,1716,3980,361,7126,6473,5618,4970,3397,3145
1864: 3199,3372,4543,6661,4513,6793,5139,5342,1336
1865: 1082,3483,396,4042,3458,5311,7710,7054,7888,3374
1866: 7051,5398,7977,921,5469,4404,4859,1299,7410,3386
1867: 7564,3283,6242,2781,4323,5574,8125,6496,2274,2313,5089,1391,4460,2932
1868: 1779,3414,4663,7555,3261,7860,5817,1086,4948,955
1869: 4807,5275,4415,4434,3377,3130
1870: 2331,8010,4850,923,5928
1871: 7610,4487,1109,6016,3516,6513,8097,2029,6947,7672,978,235,5740,3378
1872: 5778,5330,2639,3479,8080,6106,4819
1873: 6186,1351,6855,2323,227,4709,3398,3686,7571,5170,7966,2968,3495,5284
1874: 5967,6364,2980,7782,7609,127
1875: 5950,4032,7023,366,4362,3487,5801,4363,6395,6147,2335,130,7226,3611,1573,1812,7673
1876: 701,6284,6434,902,5297,3425,3655,5792
1877: 879,1563,6467,7249,241,5248
1878: 6643,5893,4667,3784,7689,565
1879: 1544,6724,6866,4788,7221,3075,163,3730,283,1244,3694
1880: 6926,4213,1034,5784,4679,2578,7947,6753,6414,3843,2842,1968
1881: 6829,6821,3881,2675,5970,4215
1882: 2223,246,3869,4038,7827,965,4540,3919,6885,7107,1352,7781,7480
1883: 6514,7011,6968,99,4158,2683
1884: 5853,5666,2065,7035,7175,7959,6881,5093,903,7494,3950
1885: 3959,7089,8115,4908,3474,6651
1886: 8170,2843,964,2867,1513,7092,669,4698
1887: 3602,7135,1945,5958,2115,2701,4478,5947,8053,7188,6292,3601
1888: 7190,936,5849,1347,4474,7660,4147,4111
1889: 3648,5324,6398,1270,6,6629,5100,5468,4151,6385,6851
1890: 4207,222,2018,5091,3505,5812,3426,5911,139
1891: 2854,2582,4258,6085,4259,6408,2708,6771,898,5114,718
1892: 4718,146,7705,3555,4261,818,5976,2908,4955,1689,5421,8151
1893: 252,8082,3434,5956,2674,1222,3910,4277,5524,6635,6347,1372,7533
1894: 2257,7745,7376,5806,812,7272,4393
1895: 2442,1744,2089,4281,894,2661,5726,546,7220,5373,5062,4458,6291
1896: 5588,5270,6548,7036,236,1070,2935,3434,2045,5711,4492,3094,7753
1897: 7230,547,2983,7337,3870,4178,4370,4552,5199,6132,2076,811,1239,7091,3857,5315
1898: 363,2457,4566,6383,381,4550,1782
1899: 3088,3649,4602,6888,4544,3015
1900: 8135,2824,37,6694,1720,4837,4628
1901: 4725,1588,4254,3092,2293,6088
1902: 1535,514,3569,4816,1238,4672,8086
1903: 7866,1185,2547,2726,6154,4823,7709,2372,4648,4727,7862,2145,4375
1904: 7444,4978,3182,6122,6187,1640
1905: 2342,5018,5569,490,2608,4541,3720,5176,6574,5829,7596,1370
1906: 5163,2172,7110,3521,7071,2030,1248,6603,2737,5756,7396,2468,708,4520,4256
1907: 5767,7285,844,3335,5165,7388,7545,1614,313,2086,8169,5112
1908: 24,5940,5095,7938,7762,4114,2508,3557,5292,6781,1607,1925
1909: 352,1546,5364,3618,2364,7099,8186,7642,622,3481,7894,6772
1910: 5705,5366,3712,1817,5702,2302,7056,6884,4293
1911: 382,2788,7670,5373,5254,6362,2106,5565,4156,5455,4828,6856
1912: 6978,3355,5458,573,2921,7853,7217,2626,1225,6112,5205,3851
1913: 1265,5413,5571,6082,5563,2036,4183,5448,7507
1914: 5970,4215,3945,7988,6834,5615
1915: 3142,5450,6412,5500,529,5644
1916: 6944,1036,5576,2590,1952,5651,4496,4796,5252
1917: 5941,1074,7029,184,5704,1921,5717,1463,3037,4001,5415
1918: 191,3810,5712,7788,442,5006
1919: 4383,7268,7312,6746,3830,5838
1920: 3699,5887,917,165,6342,4053,6567,1540,7336,521,5633,3067,8176
1921: 5941,184,7000,5704,1917,1463,3037,4001,7116,4568,7382,5415
1922: 1415,3076,5984,7068,3828,7536
1923: 6006,5273,5545,3499,5516,7185,2102
1924: 4369,2287,3560,7391,7694,340,6113,7766,5787,2892,1643,2905
1925: 6781,2833,6860,1607,5736,2974,7762,6365,4114,5292,24,1908
1926: 8057,900,6501,7360,2482,4601,4382,5902,2355,5971
1927: 4616,593,2458,4146
1928: 4666,255,8068,7791,3381,4793,3544,5432,2107,454,5073
1929: 2413,3683,924,2585,5575,4719,4881,7862,5659,4375,8013,370
1930: 698,5080,2646,1344,4168,3323,6541,5580,6976,7307,443,5388,2689
1931: 5192,1610,5681,113,7800,7246,2709,3096,882,6822
1932: 5747,1636,7669,5833,2852,2203,7726,5175,7989,1208,5449,2420,644,198
1933: 2832,1217,5599,5443,300,5505,6535,8056,1308,7756,5888,1615,4809,975
1934: 5776,7786,1515,7146,2834,1008,2342,5018,5569,4541,3720
1935: 2616,5289,651,3475,5831,8126,5982,999,2684,6776,6015,2839,5424,6229
1936: 7698,1133,7628,2873,6098,6301
1937: 4914,1196,6430,3491,1291,6270
1938: 7821,2915,1425,6327,4315,3656,672,7233,4092,6133,5764,16,1692
1939: 1359,4795,2926,1015,7772,84,6485,254,7763,6137
1940: 5382,7682,7590,5291,1004,6508,1469,4700,6026,3348,1285,4515,3047,5051
1941: 7008,2500,6625,2113,1596,3093,136,8079,4180,8054,3916,2945,5536,4514,4885
1942: 6704,7637,3625,6048,5257,5512
1943: 3320,6465,1410,6799
1944: 7823,6222,3515,4764,4131,6992,2466,1680,7053
1945: 7135,5958,7031,6131,1887,7580,6591,85,4378,4478,2337,5947
1946: 2335,331,7742,4317,6221,6369,7152,5194,4362,3487,4363,7707,3453,1232,1792,4586
1947: 6654,1516,7151,6673,7191
1948: 3254,7047,7296,199,5577,7122,736,6443,3118,1377,3890,8113
1949: 3607,7259,7322,2356,3360,5460
1950: 1594,5365,4641,7335,7330,3181,4326,3973,7664,7984,6031,6096
1951: 6028,7367,3271,8163,6452,7554
1952: 6750,5651,1691,7406,961,1916,5252
1953: 1296,788,4320,6925,6166,8055,7417,3280,6208,6346,3543,729,6181,2455
1954: 5703,1292,2763,2883,6226,3919,7480,324,7394,7663,4446,3906
1955: 3294,1565,7955,4715,2119,4041,7503,2936
1956: 7510,6864,1349,3497,7100,5491,2933,2196,4059,7205,7420,4587
1957: 7525,7946,6420,4888,8116,3941
1958: 4068,5649,5016,1795,7611,8158,148,432,7501,6953
1959: 5513,3498,1450,1077,7644,4399
1960: 473,3205,7651,7224,4857,2194
1961: 7682,1004,5098,1469,2752,1293,7677,491,7688,4756,7679,2312,934,625,4952
1962: 6912,4034,1099,7746,2354,4274
1963: 3310,4355,2112,8152,2396,69
1964: 3850,4357,4352,1656,3135,5620,1482,6034,4996,2489,3801,1253,756
1965: 720,5246,6709,4424,73,5367
1966: 8156,2317,1221,6785,4499,2255
1967: 4847,1450,4511,927
1968: 2842,4677,3429,941,1880,5784,4679,2578,7978,7947,6753,6414
1969: 5927,7078,2026,2845,402,5195,1266,4780,509,4642,3262,2714
1970: 4900,866,2195,6334,861,4824
1971: 3939,4860,7911,6209,7816,6549,933,48,1140,5793,2933,3497
1972: 7749,4863,7242,2575,5637,3830
1973: 1634,7463,36,403,4866,6010
1974: 3926,1561,4491,4829,169,6145,3872,4577,826,7851,7633,1447,5827,4916,7560
1975: 4095,7104,512,6295,369,3764,4937,18,2522,7825,6277,4585
1976: 73,8166,7783,4959,1811,4016
1977: 74,4967,5444,188,2747,5661
1978: 865,6374,1763,4951,5008,6307,4769,3018,3840,249
1979: 3693,3431,7775,4778,6439,6492,5078,2514,143,8094,3066,4485
1980: 5277,1102,5006,3810,5830,5169
1981: 4832,7611,4148,5189,3812,8158,1336,4513,3372,8005
1982: 8139,3915,5197,6991,7738,7294,2746
1983: 6458,5288,158,1733,5079,6521,3367,118,3932,2260,3868,5487
1984: 6527,3977,8030,5899,992,7839,1178,3681,6599,6317,5675,5451,4054,4379,1778
1985: 305,5539,3995,6727,5433,6584,159,6177,837,7219,4903,3463,7943
1986: 107,7583,2117,4010,3312,4686,4169,8165,5541,3018,7057,2713,7184,1444
1987: 5544,3963,2507,6278,5908,7770,3381,7386,282,4615,596
1988: 3279,5865,3751,6170,4226,6488,6030,4004,7270,49,4551,5642,4893,7961
1989: 5183,1488,5559,5674,3998,4685
1990: 3897,1741,6805,4050,5816,4067,6251,7193,420,3009,6326,6472
1991: 5745,5854,1810,7653,3998,471
1992: 5136,3258,6237,3985,5855,4954,6604,5946,4078,3284
1993: 1510,4082,3506,5750,7539,631,4195,5825,1351,2478,5240,4128,6055,4080,6965,262
1994: 6285,3614,3849,1695,2122,4467,7785,7534,5837,6076,1123,4657,7212
1995: 2642,433,2101,4377,2369,4787,4246,4932,4722,3126,6110,6668,5699,7889
1996: 2104,7859,7030,5625,5203,6146
1997: 6149,2421,4765,2276,4319,5211
1998: 888,4420,244,6920,4288,6200,348
1999: 7856,4108,3485,4610,4152
2000: 617,1303,2909,2744,2733,7751,4289,7208,4198,4103,570,4523,1736
2001: 198,2751,7586,5953,3570,1584,2367,3342,1267,4561,5578,5323,455,4249,2941
2002: 6313,4625,4009,3236,1544,3805,6375,6791,4239,4607
2003: 1839,2967,3989,4712,182,7038,4646
2004: 7768,3719,4940,2844,4346,7657,2724,3332,2979,6907
2005: 7472,7143,4650,6119,392,3007,6250,3403,8072,6716,5710
2006: 3012,7550,4265,435,2280,6853,232,5021,7027,2961,2985,706,2258,407,7614,4167,6101
2007: 3089,4135,6730,1644,7852,5236
2008: 806,7405,5171,2163,3813,4517,6437,3107,3112,1567,2999,5773
2009: 6985,4445,160,3198,5259,822,5380
2010: 2397,4935,1457,7537,7516,5283
2011: 5406,7037,3671,5222,2860,368,2754,7260,7736,4647,1355,873
2012: 6757,1752,4580,5483
2013: 2665,974,1822,4887,5437,2052,2232,5489,5818,5124,6682
2014: 7928,6972,8004,3688,1390,23,2994,5465
2015: 8092,5616,1846,6934,3591,27,7970
2016: 817,1566,2588,1524,4619,5359,6960,4722,6110,5699,3416,2463,707,4377
2017: 7228,2074,2964,8192,3019,4555,7425,5808,5577,1377,2182,4618
2018: 1890,222,5091,5812,6874,5998,139,1515,1008,5592
2019: 6589,3224,3250,4341,1503,5869,5139,8131,2813,517,2783
2020: 3483,396,6124,3458,7710,7235,566,5870
2021: 3439,3645,6781,6860,1607,80,2599,6052,5518,2100,5095,5826,534,6818
2022: 6070,6831,6373,714,2141,5116,6950,3523,1545,3322,2861,728,4327
2023: 5781,3663,6172,4062,7302,7722,2158,5985,475,761,7969,4390
2024: 7514,2811,7447,6300,1096,7685,6173,2281,601,1827,3347,5519,493,3044,4648
2025: 2066,4927,3696,6205,19,5666,7872,4096,5678,699
2026: 5927,5486,1969,2231,3530,2845,402,5195,1266,8016,4780,6293
2027: 971,3738,4901,5229,6259,2620,556,2177,4222,3978,7795,8044,2073,6402,4237,89
2028: 2989,2381,5933,3795,6404,5071
2029: 3823,8097,3406,6947,6016,7167,6513,1871,1109,7672,5740,3378
2030: 4157,3825,5163,7395,3521,7071,1906,6603,2737,708,4520,7757
2031: 624,2455,7678,7568,2400,6664,2135,3846,7855,3904,8008,1477,4105,149
2032: 216,1701,6679,3983,8111,8134,6782,6269,6329,2771,2202,672,6133,5764,7882,7358
2033: 3298,10
2034: 4472,416,993,3144,1374,6775,2472,2251,7572,1284,7156,6328
2035: 7345,979,5803,5768,7059,6609,2555,6615,1641,6802,5466,5663,3558,4228,5024
2036: 4649,4183,2567,3931,1913,5413,5563
2037: 6944,7365,2898,4238,2252,2759
2038: 8178,2247,110,5515,6924,3352,6366,4242
2039: 6563,1701,1602,8134,4532,3025,6269,6329,3476,709,4522,2825,6035,6565,4291
2040: 6706,6872,4099,5436,893,4436,2862,6516
2041: 4525,4794,3747,7927,6356,5011
2042: 7041,3605,187,766,6121,4579
2043: 4581,337,3054,6644,2831,4332
2044: 3958,7979,7943,5120,6773,3084,1056,4606,7581,159,5752,7179
2045: 6505,2977,3913,4643,413,3434,4344,5524,1896,2935,5711,3094
2046: 2111,3172,2644,4251,5527,996,1757,735,1604,4744,831,5065
2047: 784,5508,7339,840,4782,3623,4576
2048: 2563,3408,103,4923,5138,4804,5440,7564,1288,2781,4323,930
2049: 5547,8136,8059,618,3134,4810,3432,153,1828,1240,3410
2050: 3051,7560,3467,1088,6927,3777,7571,5170,843,7439,4895,2071,8040,4582,5800,58
2051: 1653,6657,2461,4595,1023,5204,7276,4913,1639,52,7980,2236,6941
2052: 1262,6946,4949,4873,2699,4673,2232,6682,6183,2665,2013,492
2053: 5084,4915,3879,605,3835,1654,4961
2054: 3188,6216,5119,4947,7817,7587,4861,1652,816,1337
2055: 7796,5227,5235,6975,6963,6672
2056: 4354,2685,4475,7209,5534,4051,1628,5836,2499,5253,7117,6275
2057: 3662,6627,604,1113,5268,7053,2322,2466
2058: 2495,5102,4971,5427,711,5363,541,3639
2059: 4283,0,1057,7692,5456,4622,1845,5495,2601,1126
2060: 3016,1829,1389,7760,1068,6611,77,5496,5156,5453,4209,908,2886,3630
2061: 5760,5392,2773,3578,4270,6648,1539,1188,5269,2721,765,5501
2062: 5569,490,5176,7596,1370,7715,5393,914,5815,1731,3836,2427
2063: 2775,969,3505,5697,3155,4225,5591,2680,6956,3774,6608
2064: 4802,6817,5648,4026,3749,7948,1704,4559,1671
2065: 5853,5666,6311,1884,7175,7872,7959,1168,5093,903,3465
2066: 422,4927,3415,6205,1166,19,2025,4465,5678,7915,699
2067: 5639,6453,862,7448,6115,552,6234,3100,5696,5065
2068: 3916,116,1358,2197,5017,7182,1424,5707,8098,6581,874,7369,8142,136,1449,515
2069: 2730,5734,8167,1797,5387,5503,4856,5796,72,629,8164,7548,722
2070: 3942,5798,4028,6446,5905,4252,743,5308,5635
2071: 7586,3570,6428,2790,5578,843,7439,4895,3777,2050,869,6409,4303,4582,5800,58
2072: 1656,3135,970,2512,6034,5915,5103,215,1434,6766,5146,7454
2073: 8044,6402,4237,89,7176,2177,3153,780,4222,4491,2027,971,5229,2620
2074: 764,4227,5660,7228,4403,1473,341,2017,372,2964,8192,3019
2075: 571,3436,6025,4349,4335,6587,1678,6009,6210,5426,2571,2812,2207,3604,1041
2076: 6024,379,811,854,6244,1897,4370,4552,5199,1239,4868,2695,7837,178,4742
2077: 1366,28,6951,4396,1760,3278
2078: 6770,7838,959,2545,4557,7334,635,3778,7355,5804,2140,364
2079: 4624,4856,7761,6134,72,2243,3923,7290,2984,1847,7548,2954,3961
2080: 4651,7103,5296,123,5474,1619,2109,7847,1275,3859,7016,809
2081: 105,3238,8089,915,2096,4766,7830
2082: 3775,4190,4833,3369,78,2760
2083: 881,1332,7346,6762,4872,2408
2084: 3264,3679,7129,4173,6025,7826,4335,7313,4964,683,1363,7561,7824,7449,2199
2085: 1687,1713,882,6764,6287,5914,5866,5192
2086: 7285,844,1907,5165,5187,7545,1614,5112,557,3315,2801,4121
2087: 271,7004,4972,5272,7070,3809
2088: 897,5313,4074,54,5668,3275
2089: 1895,4075,1744,4331,4281,894,5477,3327,38,3817,5373,5254
2090: 6065,5423,7803,6390,4284,1227,6476,3507,3715,6996,568,5479,5851,203,20
2091: 6598,3454,195,5445,5535,3410,6260,1513
2092: 7361,533,5473,5155,2126,4405
2093: 5333,6560,1762,3036,3035,6040,5758,583,4843,525,4079,4583,7058,7102
2094: 2232,7389,5489,5818,1116,5346,5124,3929,3,478,6682,7497
2095: 324,2343,4573,5727,7394,355,7663,3906,8056,1292,2832,5888,975,5598
2096: 951,4766,2559,4736,105,2081
2097: 2685,4051,1628,7117,325,1703,4171,6557,1775,8106,7416,6275
2098: 4732,7512,1808,4395,7239,1520,6616
2099: 4796,321,4957,8015,6628,2942,7251,6870,855,2614
2100: 24,850,7809,2316,5095,2021,6860,80,6818,6650,4459,884
2101: 2642,1995,1560,21,433,4377,4560,2369,4787,4246,7517,4932,6668
2102: 5702,6884,3499,5516,1923,5273,2806,2361,3569
2103: 4950,5304,3459,2653,7010,1859,5875,5217,1675,664
2104: 1996,7030,5317,6146
2105: 7064,3049,668,6382,1276,3145,6162,1379,6059,7172,5039
2106: 382,2788,1911,6358,2147,5565,4156,825,4828,5564,7082,6856
2107: 5432,1519,7086,4297,3314,454,4163,5073,1928,1165
2108: 595,1766,7097,7299,6214,988,398
2109: 2080,7103,5474,7847,305,2373,1275,6727,7016,809,5952,3796
2110: 4836,3413,590,7256,765,4206,5679,2896,5501,5396,2840,1002
2111: 3172,4251,2046,6675,996,6386,735,1172,5405,1604,4744
2112: 1963,3310,4112,4301,1598,69
2113: 7008,2500,6625,1596,3093,1941,920,4774,8079,7591,4180,8054,4509,4345,4514,591,7942
2114: 2764,6506,3664,434,1018,6690,225,7880,6715,4360,592,6713,2957
2115: 7318,5915,2701,215,4478,3793,5947,1887,4831,6847,3601
2116: 5467,6617,2497,5233,4146,4678
2117: 107,5355,1986,7583,4010,3312,4686,4966,5541,1745,819,3018,7057
2118: 1851,7574,4702,4833,3918,6534
2119: 4715,1955,4041,7503,2539,968,4962,2936
2120: 4733,5614,3606,5335,794,5681,1491,5328,334,4100,7680
2121: 4243,3197,4050,6251,1016,989,6068,4950,1193,2653,2292,4755
2122: 6285,1994,3849,1695,4467,33,5837,6076,5099,1123,5910,808,1246,2506
2123: 6554,3699,5887,917,5110,6728,7526,6342,4053,5269,7050,3578
2124: 3026,1522,845,5142,6595,410
2125: 952,8,6021,5144,5260,1572,7198,6982,59
2126: 5155,6601,897,5313,533,2092
2127: 7094,5209,481,7475,4409,1155
2128: 3303,5281,4925,6153,753,6731,6895
2129: 6663,1777,4097,5632,4142,7101,5952,4044,6224,3119,3156,5296,7847,916
2130: 6466,5317,267,4684,7030
2131: 1036,5349,476,2590,1547,4796,7271,7983
2132: 1831,6976,6355,1847,7307,7548,6322,722,1131,5388,4879,2689,990,2310
2133: 2780,5059,6218,7644,3591,5417
2134: 5556,51,7187,7468,6321,7793
2135: 6664,130,1296,788,3846,3359,4320,6166,7673,7963,5582,3841,7855,624,2455,2031,4105
2136: 2669,5383,3176,7141,5584,5334,4094,5130,898,6184,2139
2137: 6159,3843,3482,183,1550,18,4484,5646,6926,1278,6295,3450
2138: 2816,1522,1044,845,627,5766
2139: 5130,898,6184,4746,5797,112,718,3417,2136,4094
2140: 497,5267,4419,3771,7835,3647,972,364,5804,7838,2545,2078
2141: 3848,5514,6831,6373,714,7775,6439,2022,4327,6765,3223,5867
2142: 7524,6072,7701,2889,6610,2634,1367,4229,4506,6880,6962,7683
2143: 6677,5647,22,3032,2309,7006,6117,7891,7037,5222
2144: 4106,1084,4960,782,4570,4285,2551,6151,3804
2145: 3683,2585,5575,7862,4375,3123,5115,1903,2547,2726,6154,4823
2146: 6113,7766,5787,7171,2892,6203,1592,4153,1368,7315,1643,7880
2147: 4977,95,5565,1606,5070,2488,825,5564,1576,4488,7082,2106
2148: 3021,2564,1626,8069,4519,5194,1063,5344,5068,2345,6507,60,3063,3632,7065
2149: 8006,5047,2787,6423,4639,1670
2150: 4658,5161,125,4285,2551,4934,3691,1365,4570
2151: 7516,2890,4710,5283,1725,4739
2152: 2837,4311,4474,936,2622,5007
2153: 5310,3826,7138,5038,154
2154: 8096,1330,5058,7232,2334,5146,7863,2475,4120,3235,499,371
2155: 3088,4602,5356,7353,6723,7696
2156: 5360,1388,5374,1384,896,5377,4748,6683,5813,101,6217,8127
2157: 3794,6018,90,245,1132,5729
2158: 5781,6172,7302,2023,7798,7722,5985,475,2305,8150,5724,1747
2159: 1305,5803,5238,2467,4079,4613,7059,5009,6331,1313,6327,6560,460,6040,5758,4843
2160: 577,7351,5079,6521,2299,3517,7042,497,5459,7835,6105,6559
2161: 3837,954,356,2204,5882,6341,2428,6636,1829,5777,3834,7684,7543,908
2162: 3499,7858,1402,7185,6028,6363,609
2163: 806,1112,2008,4517,6437,7080,3112,2999,7280,7196,6282,5773
2164: 4421,6505,8119,5619,594,3913,4643,6878,4295,150,3110,1560,21,2369
2165: 7940,4515,3855,6418,2341,4608,1600,6667,5051,1620,3875,821,4984,4455
2166: 1126,298,7289,4283,0,7901,6852,3898
2167: 27,3448,5560,6972,7831,8004,982
2168: 4186,3661,6969,1823,5235,6975
2169: 6214,7183,3853,7002,7097,1201,481
2170: 1212,3362,1279,2635,7842,4345,4514,4998,5992,6436,6876,7248,7008,920,1085,6318,102
2171: 1212,675,810,3445,4043,7842,5992,6436,6876,7096,7090,421,1813,5299,7003,5844
2172: 1105,5163,7110,4347,3521,5972,1906,5756,763,5424,4256,5573,456,5249
2173: 7354,6290,1405,3169,3888,6245,7120,6949,7375,1658,1685,778,4328,2631,3302
2174: 3245,7125,4806,450,4728,1554
2175: 860,6833,293,5834,7130,5385,2857,6539,3627,352,5839,1546
2176: 6247,5790,820,1017,7134,6493
2177: 7176,6602,556,1315,3153,780,4222,5030,2027,971,4901,5229,2073,89
2178: 7994,7190,6652,2808,1347,5117,3954
2179: 6751,3738,3159,2620,1211,2487,3978,7795,6402,7019,2632,7244,6197,7452,4501
2180: 1490,628,1307,3099,7261,7700,5925,6955,3518,1790,4777,6286,7917,3462,8145,6585
2181: 1672,8154,6169,6957,4538,1611,7269,5003,1350,385,4361
2182: 736,1020,6443,3118,7275,1458,1377,3484,4618,5577,2017,8192
2183: 1739,7912,6234,6520,6249,7552,383,7325,3968,6795,687
2184: 96,4123,946,7923,3329,1722
2185: 4208,6556,3011,6841,1203,7227,4812,1791,899,3412,1696
2186: 7430,4248,6083,1581,4005,3101,6619,3404,1022,2351,8084,6645
2187: 7086,4297,454,5134,5073,7770,8036,97,4615,596
2188: 76,4022,4319,5581,1097,5211
2189: 6653,6465,4325,1410,3586,6921
2190: 7371,901,4434,3576,5896,4785
2191: 2605,6118,4476
2192: 5689,5896,737,2261,685,4489
2193: 1492,7508,4505
2194: 1844,4857,2930,852,1960,3205
2195: 4900,1970,4824,7987,1655
2196: 4059,7205,7420,4587,5461,4860,6549,315,2933,610,6864,5491,1956
2197: 3916,116,7392,1358,8153,2068,4402,5017,7182,1424,5707,8098,6581,874,3116,8142
2198: 201,4572,2880,868,495,2587
2199: 8075,1241,3760,7504,5338,7313,3036,276,583,2406,7449,3264,346,7129,4173,2084,6025
2200: 496,5320,5499,6733,6618,2668
2201: 5978,7284,5694,275,1395,7174,1281,3365,6368,7311,5718
2202: 2915,3660,4315,672,5764,5423,6390,6476,2771,203,7882,216,2032,6679,6329
2203: 1636,7669,111,5833,7726,5175,7989,1932,1208,5449,4811,644,6350,8185,5010
2204: 3837,1372,954,5015,356,5882,2161,7620,7769,5898,1437,3731,7513,1164,252
2205: 4817,7735,3977,821,8030,5899,1209,992,6165,4984,2515,4455,2341,4493,4751,6480
2206: 1005,900,7360,5902,2315,3186,4784,7528,5478,2348
2207: 5409,4558,1780,2571,2812,6687,6486,571,2075,4349,4335,1678,6009,5426
2208: 3077,6403,3277,2362,5719,8168,3553,6038
2209: 6173,2281,1833,6309,601,1827,5519,6683,1388,896,4748,2949,5813
2210: 6230,7241,5191,1089,10
2211: 6024,379,5885,5722,811,3409,854,7177,1398,3438,6244,4430,2560,8132,4552
2212: 3071,1170,5408,5135,6264,1053
2213: 918,4803,3401,6292,239,6875,1481,1082,2962,3950,7054,7035
2214: 6829,4505,8181,6821,1348,6323
2215: 7956,26,3605,6280,6349,1599
2216: 135,2902,6351,1133,7593,7628,2849
2217: 1679,3253,5521,7916,3363,6372
2218: 2732,4495,6495,3330,1750,6747,3129,7939,1147,3704,4545,5329,4707,7717
2219: 1031,7661,8173,847,6909,3523,6360,6510,6950,728,6070,5116
2220: 439,6582,5000,3783,5715,5354,1135,6138,7712,3296,2504,5751
2221: 3816,4119,4359,2479,2778,2767,5680,6726,5669,858
2222: 7547,4156,6864,690,1467,5455,1349,825,623,3175,5070,7655
2223: 246,2887,5237,3869,7827,965,950,5463,7403,1882,4540,6885,1352,6662
2224: 6067,5662,3122,5204,635,4527,5596,6707,2461,4595,1023,6941
2225: 7173,2602
2226: 5457,5736,6697,6670,3831,7965,210,6365,2608,207,6574,4102
2227: 5916,4008,895,6752,3651,5993,2938,1249,7892,5728,5753,6759,6289,4912
2228: 570,5894,5409,212,7292,7020,4523,6687,3174,1303,7751,4103,92
2229: 890,2760,5060,6127,7530,846
2230: 5610,7719,4221,1514,6299,7186,2672,5048
2231: 5927,7078,3901,3821,5421,6484,3530,2026,2845,402,8151,1667
2232: 5818,1116,2094,5346,5124,3929,3,6682,6183,2052,6946,2665,2013
2233: 5968,6828,1171,5278,4969
2234: 983,6454,6879,5180,6474,7402
2235: 1683,591,1580,6145,7942,3872,4577,6939,3362,920,8079,1561,3074,6318,102,6333
2236: 5713,959,6720,4037,4557,5775,6850,6941,2051,5204,4913,52
2237: 7061,3490,7231,6046,2390,7149,904,327,5414
2238: 7691,229,7108,837,7219,3463,5352,3958,7943,7169,4526,937
2239: 5287,7144,3973,1114,7664,328,2566,7984,5298,7335,6583,6096
2240: 7186,2706,6386,5048,735,1172,1843,5405
2241: 2544,7174,296,7829,1281,3856,3365,7203,6368,5694,7819,542
2242: 6073,3433,3536,7907,771,6528,790,3098,7206,2370,415,4653,3202,5950,4272,4835,5111
2243: 7761,6134,2079,7502,3923,8105,2513,3961,3339,805,4161,7711
2244: 7303,1815,2922,638,1141,2970,7592
2245: 6954,8022,2383,7332,523,6433
2246: 4607,8099,555,5131,283,2843,7450,3694
2247: 5543,1095,7462,8178,4264,2038,3352,6366
2248: 4649,4183,7562,5448,1132,7426,7507
2249: 3858,655,3588,438,545,7621,6379,7538
2250: 6904,1265,3893,6680,1548,5563,7474,6054,3217,7565,7674
2251: 6775,2472,7572,284,3210,8189,7156,4419,6538,993,2034,1374
2252: 7444,4978,2759,1419,2037,4238
2253: 7695,3767,7249,2739,6717,241
2254: 7390,8009,3276,3529,785,5792,701,4598
2255: 6717,3635,7721,8156,1221,1966
2256: 242,7728,7850,1078,507,881,6762
2257: 1894,3115,1242,7745,5389,7376
2258: 3738,407,6259,3159,7614,4167,6101,4997,4919,4265,2006,5021,7027,2961,1460,1528,7493
2259: 3055,4982,1247,666,2417,5683,1314,7105,6580,4231,5677,4174
2260: 5288,158,3367,1983,3932,3868,5487,5554,4664,4240,5326,2666
2261: 6676,5689,2192,737,4271,739
2262: 7194,5140,1057,7692,646,4410,2901
2263: 1083,2518,2992,5630,4656,4428,2552,1156,4412,5769
2264: 4430,7688,7679,2312,5732,1618,3934,2433,2560,4177,4493,5671,6480,625,5722,1398
2265: 190,1424,5707,2688,2533,6581,874,3116,4912,7277,2938,1249,6655,4435,8153
2266: 4592,6194,4881,5659,2811,7741,2432,1096,2344,3449,4200,494,871
2267: 6526,957,6109,5497,4724,1621
2268: 5371,3624,7964,3293,1774,4741,189,6069,1285,7384,3047,4011,25
2269: 7204,7481,163,2658,3678,4343,4788,7812,65,3894,2473,5530
2270: 2912,4302,923,4850,8012,7724
2271: 3593,81,7818,3090,6586,7410,4426,5133,1299,268,4449
2272: 543,5157,8162,2906,106,7697,4652,2804,5088,2556,5386,1061,6695,2523,4876,5312
2273: 5805,6989,473,6150,5087,1309
2274: 1217,2313,5089,1391,4460,2932,7910,6535,1769,3283,6242,1867,5574,6227,3559
2275: 480,7119,3827,2304,234,7460,6638,5779,5092,4884,3113,7087
2276: 1342,5218,5097,1997,4765,5211
2277: 6067,2666,5150,1527,4584,4527,5225,1173,6043,803,3868,1733
2278: 2649,5063,1184,705,5255,5862
2279: 7811,1506,725,15,3379,7740,5555,6100,5438,2834,330
2280: 3012,7550,777,7314,2006,6853,232,5021,5502,7027,2961,6410,2985,1282,833,7013
2281: 2024,2811,6173,1833,601,1827,3347,2209,5519,536,896,4748
2282: 994,5522,1160,4525,4299,4794,1079,172
2283: 6758,5526,3597,3451,3008,1361,7471
2284: 7776,1781,5558,4749,612,7267
2285: 3729,8040,6283,3023,2968,1157,1819,2456,5935,5640,658,1446,5284,5690,5517
2286: 4747,7436,5220,6613,1062,1805,7792,5765
2287: 1667,7429,7973,4275,1924,3560,7391,3901,2917,7766,5787,47
2288: 757,5793,315,2933,5096,1438,610,8062,4860,6549,48
2289: 2411,3348,4564,466,3982,1809,5382,5795,2650,5291,4841,7654,8103
2290: 1556,7977,5989,7771,2539,2477,1028,4578
2291: 4273,7675,6058,2407,7472,1529,1662,1707,6250
2292: 4950,5304,1193,4755,989,6431,2121,4243,6268,6566,6068,2399
2293: 269,1901,4254,6088,3486,2766
2294: 252,4124,5956,2674,1222,6347,7620,7769,1164,3395,867,4329,1399,4827,6168
2295: 1111,4154,1386,5128,4118,6869
2296: 4457,4525,4299,3595,2878,5011
2297: 3083,2431,5649,5016,1012,6703,7901,7611,704,5041,1319
2298: 4936,5654,6499,3513,1099,6158
2299: 6458,2160,1803,577,7351,5079,5804,7042,497,7835,972,364
2300: 3736,259,7833,5274,2510,6621
2301: 928,2610,4255,5301,1475,5975,5957,4506,7998,6880,1051,4973
2302: 3712,1817,772,5626,1910,1816,6081,2534
2303: 3806,773,5422,3525,1343,740,6865,8001,4530,5701,6897,7157,1837,6779,6475,3489,6148
2304: 480,7119,234,2275,1730,8000,6638,3338,7467,5779,7087,1229
2305: 5781,7302,2158,5985,475,256,8150,3477,5597,4437,1747,6555
2306: 7849,4150,4458,3085,2925,6291,3557,5292,6783,2661,2974,4676,7727
2307: 7243,6298,4651,3619,123,7787,4115,7623,6532,1019,7899,3610
2308: 8017,585,7481,4343,4310,702,5104,7658,3966,6312,4104,1862
2309: 4280,922,5090,6677,22,7006,6117,7891,2143,6353
2310: 1154,3065,5154,3192,1320,857,5580,1831,2132,6355,7307,4879,2689,6541
2311: 5542,3147,1245,3519,5244,6406,5420,6387
2312: 7688,4756,7679,934,2264,3934,2433,4493,5671,6480,625,7682,1961,1004,2752,4455
2313: 2274,5089,1391,2932,6535,3408,1583,8125,7564,3283,1867,5574,6496,5890
2314: 907,4087,8007,6524,3242
2315: 4382,2206,5902,3490,1420,904,3186,6678,4538,7528
2316: 24,850,3353,5940,7809,2100,7069,5095,7938,6781,6860,80,6650,4459
2317: 1966,6785,6017,4499,3017,1401
2318: 4416,1724,6936,3361,7274,6180,4611,1350,5523,1001,6792,4842
2319: 7231,6046,1382,5537,7567,3723,112,3417,6794
2320: 6796,6974,1695,4467,33,270,5837,367,6422,4035,4708,6910,7341,2506
2321: 558,4367,1149,7622,393,6806,6904,3265
2322: 6419,886,6844,514,5621,2057,1113,5268,4764
2323: 6186,579,1351,6855,1873,6500,227,8124,2478,4709,4128,6055,6605,3548,6290,7375
2324: 6706,6872,153,2862,4193,5447,1150,5173,1800,4810,5331
2325: 2662,6380,6263,7764,6422,7034,3244,1257,4035,4708,516,6910,7341,8117
2326: 6916,5419,4368,4162,1009,5719
2327: 2738,5286,5733,1394,5602,4692,5891,2404,7630,5447,6918
2328: 7316,6370,3672,4864,1122,6920
2329: 3693,3657,6373,8173,109,6922,3523,4869,483,8087,4528,8094
2330: 6596,6924,5881,1104,1530,7033,787,3364,4668
2331: 1870,8010,6930
2332: 2750,5072,7266,1712,5772,3755,3742,4181,768,598,883,243
2333: 4789,4512,4989,2336,422,3882,7216,4801,4465,4232,3128
2334: 8096,1330,6228,2154,3428,7454,2475,537,1434,4336,8122
2335: 331,1946,7742,4317,6221,7152,1875,366,4362,3487,5027,4363,6395,3611,7707,4586
2336: 1006,5770,2333,1562,4989,4918,7128,3882,4830,2664,7216,4376
2337: 4132,7318,85,2701,4378,4478,3793,5947,1020,7135,1945,7580
2338: 2972,6962,5113,1538,7683,468,4432,7181,4867,956,8109
2339: 173,491,2370,2727,7654,560,415,1601,4490,7662,5954,1293,7677,3433,4952,7206
2340: 4513,1167,5049,517,2783,3224,5139,8131,4832
2341: 4515,3855,6418,2165,1600,1620,6026,4817,821,2205,4984,2515,4455,934
2342: 1905,5018,4541,3720,1043,5829,4533,5776,1934,1515,7146,5592
2343: 851,6971,324,1693,6768,4573,5727,7394,355,2095,2681,3930,6051
2344: 1205,4416,3237,1724,3449,4611,4200,4592,2266,494,7364,6490,871
2345: 4269,1195,3667,872,4137,4929,7009,4630,3109,1063,5344,2148,2564,6507,316,3632
2346: 4575,938,2988,4693,5417,5059
2347: 2786,6460,7223,4737,7137,329
2348: 4717,4784,7528,572,1206,1420,7195,904,2206
2349: 879,1563,5042
2350: 1283,7563,5172
2351: 7107,3404,4883,1192,3420,5746,8019,8084,2186,7430,1581,1517
2352: 971,3738,4901,407,5229,6259,7614,4167,4919,4130,556,5799,4159,5118,4265,706
2353: 6268,6566,6068,7363,5318,1295,6775,1284,989,3210,6431,3214
2354: 11,5336,4274,6158,1962,1099
2355: 3186,518,8154,6169,5454,1360,7458,3402,1926,4601,4382,5971
2356: 1234,3360,1949,5460,484,1136
2357: 1326,307,5490,3706,5636,4469,835,7202
2358: 7869,7320,7075,1570,1357,880,7083,5590,7588
2359: 1254,5600,6705,4390,5823,542,3663,6172,4062,475,1182,2544
2360: 6670,3211,1143,3005,285,6593,647,7965,5883,3354,599,5612
2361: 6419,2570,2806,886,6898,5376,5366,2102,5702
2362: 5419,3277,5719,2208,6038,7387
2363: 1025,7729,8088,3384,6741,5973,769,6078,5730,1325,3613,1657,3865
2364: 3627,352,4308,1909,1151,5839,1546,5364,3618,6833,8186,622
2365: 6749,1699,5907,671,4282,2894
2366: 297,5143,7262,5938,1676,6330,6389,4477,1080
2367: 5953,1584,6428,2001,5323,455,4774,4509,2941,1190,7884,1523,3215,6573
2368: 3395,8018,4862,5892,1399,4827,3416,2463,7598,1437,3731,3383,4820,7631,1162
2369: 2642,1995,1560,21,433,2101,4246,7517,5075,6668,7889,4421,2164,594,150
2370: 2339,491,2727,415,1601,7662,5954,4653,3202,1343,3433,2242,771,4952,7206,5111
2371: 1779,3414,4663,3261,682,5978,7411,7284,275,5718
2372: 493,6776,2839,6229,3044,5573,4429,4648,4727,1903,2726,999,4823,7709,7685
2373: 305,1380,4767,1275,3859,4203,3995,4701,7016,1559,5474,2109
2374: 4132,7318,5915,85,5103,4478,6257,3793,446,4357,1656,5620
2375: 5276,3137,7629,3947
2376: 4717,7488,4784,5478,1206,4559,4906,194,5749,1476
2377: 7046,5754,3980,6547,8052,361,3328,6473,5294,3170,531,801,1256,2777,5693,3241
2378: 5895,2742,1711,5922,5177,6109
2379: 2395,395,7201,1719,7921,6340
2380: 5033,1603,6421,3336
2381: 5933,2028,5071,6466,267
2382: 117,6769,5358,8046,7557,6747,355,3785,5109,3756,7519,6824,6051,4894
2383: 6954,8022,2245,3976,2830,4921
2384: 4196,2540,5034,4029,7779,6981,741,678,7032,1117,6336,6444,5737
2385: 5750,7452,248,4501,7539,3860,2398,7971,5509,3114,2918,6983,2632,7244,6197
2386: 3376,7642,6993,1125,6735,6640,3887,3797,652,800,7050
2387: 5856,5813,1659,101,5470,7047,6217,199,8127,2774,1384,4958,3547
2388: 7084,4355,6359,4603,4279,3057
2389: 5042,7150,5248,1563
2390: 7231,6046,5488,2237,7195,7149,1382,4880
2391: 2518,6899,557,1029,6671,2992,5630,3315,2859,5562,5769
2392: 6164,4201,5247,3842,1558,641,4391,1223,7295,2956
2393: 7306,4543,104,6961,3250,399,5342,5767,3335,7319,4440,933
2394: 8159,6084,7873,7426,7507,6665,2619,5448
2395: 7457,7201,2379,7569,6340,1207
2396: 8152,7483,3057,7106,1963,4355
2397: 4935,6858,7743,2010,7516,4941
2398: 1510,2385,5750,7452,248,4501,7539,631,3860,4195,7971,4670,5509,7019,2632
2399: 1439,6268,7566,7699,5304,1193,7733,3459,2292,193
2400: 6849,624,7678,5687,1179,7568,2621,2031,3904,8008,1477,5799,4159,4160,5118,706,4130
2401: 6371,2522,611,7265,8083,6462,3307,3542,4682,157,4600,7570
2402: 6842,4447,7589,2944,1644
2403: 6904,6680,1548,2969,558,7622,1728,3217,6271,7565
2404: 553,7814,1493,5891,2986,7166,2855,7630,5447,390,2327
2405: 953,7808,7161,4999,3708,4107
2406: 683,7561,1341,7058,7449,8081,7313,5333,3036,3035,276,525,2199,4173
2407: 8036,4057,97,6058,7532,4615,4273,7390,3276,2291
2408: 6762,4872,4441,6579,2083
2409: 7128,4444,5822,1478,487,5864,3882,4830,2803,2664,7216,1166
2410: 2642,5951,433,4560,4787,7517,5075,3865,8185,1636,111,6350,5730,3613
2411: 3348,2289,6824,814,7433,5399,4564,466,3982,5382,5795,5291,6508
2412: 683,1637,1363,3472,1341,4593,5375,5262,5327,7824,8081,7333,526,7597,6624,7338
2413: 1929,1756,4592,4719,4881,5659,8013,5735,63,3449,4611,4200
2414: 8074,4721,4644,5906,6658,6901,140,8190
2415: 294,1781,2419,4772,1748,4871
2416: 713,4015,5755,3013,548,4729,4976,1258,7281,6714,6442,2796,5900
2417: 3055,4982,1247,6632,2259,5909,5683,534,1314,5115,884,4231
2418: 5061,6156,470,6984,742,4205,4627,4003,4975,2459
2419: 958,5785,6732,4772,1748,2415
2420: 5747,7669,2852,5175,7989,1932,1208,411,6063,3539,6511,5359,198,2751,4249
2421: 1997,6149,5259,485,4765,5182
2422: 6136,5184,5308,6424,5635,1525,4028
2423: 3149,1177,5638,2550,5233,4268
2424: 5391,7924,2779,3867,5889,403
2425: 7078,5421,663,5667,4642,3080,4991,6487,146,4261,818,4955
2426: 8171,5441,7718,3725,6123,1479
2427: 1247,5826,666,7229,5909,2062,7715,3645,5393,5518,5815,1731
2428: 954,5015,5882,6341,8038,5589,2161,6636,5777,3834,1638,7684,5379,7543,42
2429: 5623,68
2430: 6868,4015,5755,7903,7213,2677,4609,6159,863,93,5645,6714
2431: 3083,5649,6272,5016,2297,1012,3052,6703,704,645
2432: 7514,2811,7741,6300,1096,6309,4592,2266,6194,5659,3123,494
2433: 4430,7688,2312,5732,2264,2560,4493,5671,4751,6480,1209,2515,7799,3409,1398
2434: 2498,5698,5531,2696,6737,1047,3776,4481
2435: 1422,5700,3133,5036,646,7194
2436: 5890,6645,498,5703,3206,8045,2883,7870,3399,7844,1583,1022
2437: 5003,4258,1350,4696,6408,6543,3161,8104,5735,63,6936,3361
2438: 6647,6367,7380,1429,52,3102,1534,5775,1478,5864,5586
2439: 7864,619,7492,3786,1836,3317,6287,5866
2440: 6787,1026,3357,277,5874,4617
2441: 7004,5272,6095,4113,731,3921,7435
2442: 1895,1744,1094,4281,1178,3681,2661,5726,7839,6317,7849,4458
2443: 1379,2758,3195,6059,519,2923,3582,4669,5039,7064,4312,5657,1542
2444: 1067,4296,5043,1426,5471,4395,554,998,7512
2445: 5023,4768,4621,7311,1311,1027,6825
2446: 4891,6306,7708,7605,3406,3517,3412,8144,3011,6105,1203,7227,899
2447: 4004,1423,7197,3769,1597,7270,49,4463,4551,4063,5642,5945,4893,3502
2448: 5022,4674,4045,5081,1500,5264
2449: 107,5355,6444,1442,3312,4966,5159,229,5352,819,2919,937,2540,5034
2450: 1259,6073,3433,4462,3536,779,7907,771,6528,5428,1618,3934,4177,3148,447
2451: 6707,5431,6657,5814,967,9,1023,1753,1542,6681,4854
2452: 3022,4866,3770,632,5472,8187
2453: 1239,1248,651,3475,5962,5831,8126,7093,5315,4868,2695,2737,5756,2468,7837
2454: 7168,6828,820,240,1017
2455: 6849,3518,729,6181,624,7678,7568,6053,2031,6664,1296,788,1953,2135,3846,4320
2456: 6315,3729,6283,2285,1157,1819,4303,4660,367,6263,7034,516,6910,8117,658
2457: 5381,363,6551,6666,1898,6383,4550,1782
2458: 6617,4146,7245,1927
2459: 6835,4003,6022,2418,4627,559,6729,5106
2460: 6955,6849,1790,7678,5687,1179,4777,6053,2621,6286,435,3889,2985,706
2461: 1653,2051,4595,1023,1753,3122,2224,5204,5596,4913,6850,6941
2462: 1440,6498,6882,4938,6767,6797,461,6890,3703,7993
2463: 6960,4722,2368,8018,4862,5892,3416,7598,7254,4820,817,6014,2588,2016,1524,488,4619
2464: 1139,4179,6980
2465: 1484,2851,6998,5997,4210,4408
2466: 7823,4764,1944,4131,5621,2057,1113,7053
2467: 5803,4079,4613,7059,2555,2159,5009,7687,174,6331,1313,6327,2623,6560,6040
2468: 6603,2695,2737,5756,7396,7837,2530,4322,1239,1248,5962,8126,7093,2453,4868,1906
2469: 4718,7705,3555,5976,1689,7111,7171,2687,7222,1368,2577,6037
2470: 5020,5122,335,7113,2731,6523,7014,2841,4137,4929,6563,1602,1302,4532,709,2480,2741,4374
2471: 3034,1506,7148,6813,5555,7056,4417,6455,2702,342,5452
2472: 6775,2251,1284,3210,8189,6431,7156,4473,416,993,2034,7363
2473: 5547,65,8059,3894,98,5530,585,2269,7204,163,4343,1244
2474: 8058,3168,3907,3703,4945,155,5465,7218,6675,4938,3187
2475: 8096,1330,5058,7232,2334,6228,2154,3428,62,7863,537,6161
2476: 4825,8021,966,3595,7247,4457
2477: 4126,4844,6837,1028,6889,4578,3702,2290
2478: 579,1351,2323,6500,5240,4128,6055,4080,6965,3506,4195,1993,5825,943,362
2479: 1324,6570,6111,2778,1414,3816,2221,4359,4902
2480: 45,3979,1820,7328,2741,4374,1771,4524,5996,5020,2470,5122,7113,2731,7014,8147
2481: 3279,5532,2736,5865,5533,1480,8121,5225,1173,4589,660,803,6170,1393
2482: 1926,8057,4623,900,6501,7360,4601,5944,3892
2483: 3016,1389,7511,1068,6903,77,5496,1736,5453,4944,4198,1280,5498,4614
2484: 4691,4245,7494,1434,3300,4336,537,7959,6881,903,8122
2485: 3988,4705,5476,1187,3494,469
2486: 4779,4763,6734,1860,4902,2562,822,7908,1216
2487: 3978,7795,8044,2734,6402,7019,4805,5357,5802,2620,1211,2179,7244,7452,248,4501
2488: 4977,3854,95,2147,5565,1606,5070,7618,6953,7974,7655,4488
2489: 7064,4726,1253,7608,756,4312,519,5039,1482,1964,4996,4224,4854,5657
2490: 6624,4196,2540,3944,5034,1796,741,7032,7691,436,7108,1134,5352,5159
2491: 5542,1245,8003,4280,922,5090,4306,5480,2671,1441
2492: 3442,4724,5094,1621,4738,6080
2493: 5076,3876,5983,6314,5546,3798,1681
2494: 5688,1180,5625,662,5203,6618
2495: 5102,5259,5182,2058,6985,3639,160,6041
2496: 6696,164,997,6128,7518,5828,3270,8029,5440,2563,3136,2594
2497: 5467,5233,2116,4268,5930,5757
2498: 2765,5698,4214,5531,2434,6737,7626,1337
2499: 1496,4262,7209,2056,5534,5836,5253,1743,6375,6816,1646,4239
2500: 7008,6625,2113,3093,136,1941,4180,5841,3916,2945,1807,5536,7489,675,4514,4885,6436
2501: 5044,572,1206,655,7211,5629,5979
2502: 6539,5711,8172,603,3094,3478,5619,2857,2977,3861,3913,4643
2503: 1145,7986,520,3572,5604,5716,3553
2504: 1317,2638,5056,1549,5751,4545,5721,6917,6582,5000,3783,2220,6495,3296
2505: 4220,5063,3182,5014,5780,3493
2506: 5099,5910,5579,808,3577,6422,8088,3849,1695,2122,4467,33,2320,5837
2507: 5544,1121,2767,3963,1987,6278,4502,5908,7770,6540,7386
2508: 4150,3085,3557,5292,6783,5706,448,5940,1181,4307,7938,1908
2509: 4411,527,5306,1189,5990,7368
2510: 5872,6019,6621,2300,995,5274
2511: 5337,713,386,6545,4729,5302,2566,2866,5868,1081,2981,6029
2512: 3235,1656,4537,3135,970,2072,6034,5915,5103,6766,5058,5146,7454
2513: 439,5791,3339,4758,5715,805,4161,5786,7711,6134,2243,7502
2514: 3393,6492,5078,1703,8094,1979,3431,7775,1590,4012,4485
2515: 4817,821,5899,1209,2205,992,4455,2341,1620,934,2433,4493,5671,4751,6480
2516: 7098,4953,5874,4314,3668,1649
2517: 4859,429,4858,2643,5924,6187,1640,7578,1712
2518: 1083,2992,5630,2263,2391,2859,5562,6064,2552,7237,4412,5769
2519: 7214,1424,1153,2688,4364,7277,838,8100,1449,3231,3072,6079,5932,7834,5361,3643
2520: 6784,5378,243,4449,5959,973,4422,883,3090,4656,1858
2521: 4109,7267,6098,6301,5605,5558
2522: 4937,6371,7825,611,6277,3189,2401,8083,8138,3764,7570,1975
2523: 4083,389,7018,4876,1286,3543,3099,5312,7700,1061,5157,2272,2804,6695,7159
2524: 2723,6129,7639,6938
2525: 5247,7485,3346,500,6988,1663,1024,418,6656,1007
2526: 6780,7415,6344,3287,3803,1624,6999,673,684,3285
2527: 7044,7026,6533,314,2795,4438,196,1709,4063,5561,5945,1857,5326,3502
2528: 5672,5650,4456,7060,6415,211
2529: 7062,5092,1559,751,4247,4740,4567,1287,7421,3610,3619,4203
2530: 2695,6695,7159,7396,2468,7837,5215,178,708,4322,4742,854,5386
2531: 6003,3423,7163,5242
2532: 7044,7026,4987,1331,6533,314,1783,7167,2795,3516,6513,7778,308
2533: 7214,190,1424,2265,1153,2688,3718,874,4364,3116,4912,7277,5916,2938,4435,8100
2534: 1816,6081,6411,2888,3658,7527,7854,2302
2535: 230,3962,1263,7549,7836,5595
2536: 437,301,4172,7604,3629,1802,6071,7553,4076,7310,919,6148,740,6779,7952,3970
2537: 5760,5392,4793,674,6396,3079,6469,2959,1761,1470,7731
2538: 1785,1250,5319,7744
2539: 7977,5989,7771,2290,7503,1028,2119,4962
2540: 4196,5034,2490,7779,6981,741,2384,1117,5355,2449,7583,3520,6444,1442,5159
2541: 4031,5948,3527,7468,7976,7793
2542: 5724,682,5978,873,7411,7284,5694,7810,4437,275,1395,1747
2543: 3945,53,6699,7813,6701,7145
2544: 7174,296,7829,2241,6368,1182,2359,7819,1254,5600,5100,542
2545: 6770,5713,1483,7838,959,2078,7355,2140,497,5267,3771,364
2546: 7856,6185,265
2547: 5115,4459,4342,884,7866,1903,1300,1185,2726,6154,999,7709,2145
2548: 4753,374,7897,3297,2667
2549: 157,561,2743,4790,4600,1045,4745,4266,1763,2651,5125,7184
2550: 3695,7874,1495,2423,5638,4268
2551: 125,4285,2150,4934,782,4570,2144
2552: 5378,4422,4428,4878,4656,1858,1083,2518,2263,4412,5769,4461
2553: 645,4466,5028,1012,3052,7640,4706,1609
2554: 2895,7424,1789,1820,3722,6196,5996,4834,1625,987,4189,5993,224,1069,4531
2555: 7345,979,5803,2035,5238,2467,4613,7059,6609,6802,2646,3558,7687,4228,5024
2556: 379,5885,854,7177,5386,3438,6244,1061,6592,543,2272,7697,6695,4742,4876
2557: 4754,4287,4694,7867,3899,910
2558: 7546,1107,4732,7898,7378,6740,1808,1751,6077
2559: 7584,6155,2096,951,4736,6248
2560: 4430,2264,2433,4493,5671,4751,7735,8132,7799,6024,5722,3409,2211,1398
2561: 5381,4628,3171,6666,3759,7381,4837,2939,8073
2562: 4779,1860,4902,858,822,2486,4445,6111
2563: 8137,3136,4923,2594,5138,2048,4804,2496,7518,5440,930
2564: 2827,2148,1626,8069,4519,5194,1403,273,1063,5344,5068,2345,7009,3632,7065
2565: 6191,1097,1694,4313,5218,7305,549
2566: 5287,7144,2239,962,5302,1114,4143,5298,386,2511,6545,2981
2567: 2036,5778,5330,4649,1647,3931
2568: 940,4609,7978,863,93,5353,3429,6868,386,3311,7903,5298
2569: 5369,6118,3740,1316,5230
2570: 2361,886,6844,5376,5705,5366,5702,7056,4417,342
2571: 5409,7885,6687,6486,2207,2075,1678,5426,4008,6550,92,3000,6289
2572: 7776,5605,7282,5558,861,4824
2573: 7616,6211,5608
2574: 2678,7598,3799,7418,7254,613,405,7331,6646,1557,5624,3383,2886,4820,4176,7631
2575: 6913,887,5637,4863,1972
2576: 926,5572,1679,3253,5404,4999,5641,5435
2577: 2810,799,6256,1797,1627,2469,3555,5739,5976,8180,7111,6037
2578: 7407,5784,4679,5085,1431,4213,2625,1034,1880,1968
2579: 5205,3111,7706,5788,4631,1532,3389,7665,128,3833,5425,1471
2580: 634,5815,4665,3836,7805,2800,4358,4870,6659,1100,7229,228
2581: 6558,5963,948,459,3039,1352,3420,5878,2609,1608,7720,175
2582: 1891,7638,2854,5003,4258,2708,4155,5797,5114,718,5901,327
2583: 4157,2802,1105,544,3203,7110,7395,1148,5919,7071,5972,7199,1430,7758,351
2584: 4847,5981,138
2585: 1929,3683,924,5575,4719,4174,2145,4375,5115,6979,4231,370
2586: 2606,5684,3886,4304,7011,8091
2587: 7428,495,3746,6372,4572,2198
2588: 817,1566,6014,2016,1524,6267,488,4619,5359,6960,4722,5699,4862,5892,3416,2463
2589: 1609,5147,1765,4218,5013,3052,7640,4706,2627
2590: 1916,1036,2131,476,961,1547,4796,7271,5252
2591: 5208,4840,5362,489,4479,7416,1773,34,3127,745,2658,4310,702
2592: 1130,7522,3204,8149,5083,3609
2593: 5127,4406,4423,2725,1229,3903,334,7918,4100,7680,8000,794
2594: 2563,8137,4333,3136,5138,4804,1850,5035,2496,5828,5440,6258
2595: 388,5256,1453,1183,3646,197
2596: 5365,4677,5353,3429,4641,7335,940,3311,5287,3973,7984,5298
2597: 645,1319,7896,5028,6911,5484,6703,3083,1012
2598: 4424,5367,693,5152,3900,299
2599: 2021,3439,3645,5457,5393,1607,5736,6052,6697,490,6574,4102
2600: 4440,6209,7816,7012,48,5464,844,3335,7388,7545,313,7515
2601: 4386,1167,3993,5964,5495,5049,2783,3949,2059,1845
2602: 3249,5512,5617,2225
2603: 5634,5528,6477,6743,6120,3194
2604: 4257,4590,5540
2605: 2191,4476,824,5613
2606: 5960,7414,5684,2586,5372,3886
2607: 5713,7838,6720,807,4037,4557,5775,4166,1037,3102,6538,6316
2608: 1905,5018,4541,207,1043,6574,5829,7596,1370,4102,3831,2226
2609: 3565,1677,6662,1608,7720,425,175,5963,2581,3039,4540
2610: 6718,928,4255,5742,5301,1475,2301,2757,5975,7802,4973,3975,5771
2611: 1673,4456,7538,5629,5979,7060,545
2612: 3925,213,6743,1749,2698,6120
2613: 6627,604,6089,5086,5186,3053
2614: 6108,5064,1112,3813,4517,681,59,1631,8015,6628,2099,855
2615: 6207,776,1055,6739,6163,6745
2616: 5289,1564,651,1935,850,3353,5982,7069,6577,4342,999,2684,6015,6229
2617: 6239,6077,3964,7774,3303,1327
2618: 6253,8146,6189,4187,6966,1587,1197,7362,257,578,142,3690
2619: 2394,7873,7507,6665,5571,5448,39,500,6254
2620: 2027,971,6751,3738,4901,5229,6259,3159,1211,4919,2179,2487,3978,7795,2073,6402,89
2621: 6849,2460,5687,1179,7568,2400,8008,1477,5799,4159,5118,4265,435,706,407,4130
2622: 4671,5007,936,2152,8027,4147
2623: 6331,1313,1425,7469,4315,3656,7233,5080,5009,4168,3323,7687,174,1436,2467
2624: 4368,4162,1224,195,1021,6998,4210
2625: 7777,4213,4448,3984,7455,684,7415,1432,7407,1431,2578
2626: 6978,4216,5458,573,4241,1912,2921,7217,1225,4125,3840,567
2627: 1326,307,5490,4706,6103,7640,1765,2589,4218
2628: 6912,754,1032,1210,4638,4276
2629: 1360,3468,1001,7458,4361,3062,3402,8014,4337,4842,5029
2630: 4456,7538,5408,3858,7236,211
2631: 7286,1685,778,7577,6887,3302,6001,2173,6245,6949,1331,4482,3456,5860
2632: 2918,1497,6983,5055,131,7244,6197,6751,2179,2385,7452,4501,2398,7971
2633: 5830,2899,4503,5169,1184,5862
2634: 6072,2142,6610,1367,4191,4229,4506,6962,1051,1018,6715
2635: 1212,675,810,3362,1279,7842,2170,4345,4514,4885,5992,6436,6876,7248,7008,3093,920
2636: 7666,692,1328,64,4521,5511
2637: 4536,731,1065,161,7074,3652
2638: 5056,2504,1549,3704,5751,4545,1135,5000,4495,6495,1750,5358,3296,6747
2639: 1872,5330,4649,7562,6106,7877,90
2640: 4704,1046,6142,7883,3006,6020
2641: 66,4726,3801,1253,7608,6576,756,4993,7225,446,4357,4996
2642: 1995,5951,433,2101,4560,2369,2410,4787,7517,4932,5075,3865,8185,6350
2643: 4859,4858,4426,3493,2517,6187,1640,5469,654
2644: 3172,5527,2046,7181,4867,1757,956,4714,7701,440,7683
2645: 7297,4814,4915,605,7043,2770
2646: 698,5080,3558,5009,1344,4168,3323,7687,174,1930,4228,5024,1641,7059,2555
2647: 1666,221,366,3487,5027,3806,5422,6865,6897,1837,3489,1403,7646,7500,2827,1152,4317,6221
2648: 4296,5043,1426,1818,3421,6822,5121
2649: 5063,7576,2278,5862,5780,3594
2650: 5382,5795,7682,5291,5098,1469,4841,4700,1293,7677,2289,173,491,7654,4490
2651: 1763,6462,4951,5008,4769,5125,3308,3307,4682,157,2549,4600
2652: 7650,4872,3002,6579,5251,4725
2653: 4950,5304,1193,2103,7010,1859,5217,1675,1228,4755,2121,3197
2654: 8012,6857,911,3754,5341
2655: 7279,4236,1371,6446,1737,3332,7529,5692,5442
2656: 7999,3627,352,1151,5839,5364,1137,8119,5385,5619,2857,5510,6878
2657: 3748,3024,5782,4140,4084,5360,4958,6217,3547,1226,263,8120,8026
2658: 8017,2269,745,7481,6994,3678,4343,4310,702,489,2591,7812
2659: 888,4420,3766,306,4481,7300,4000,323
2660: 4657,1031,4089,6090,6909,7868,3614,906,1726,3387,474,3091
2661: 2442,1895,1744,5726,546,7220,5062,4676,7727,6317,7849,4458,2306,2925,6291
2662: 6380,2325,7764,6422,3244,1257,4035,4708,516,6910,7341,8088,769,3613,1657
2663: 4761,5025,3305,4133
2664: 7128,2409,5822,1478,487,5586,4830,1353,7216,2978,4376,2336
2665: 974,7658,5437,2013,492,2052,4873,4773,2699,2232,5124,6682,6183
2666: 7334,2277,4584,4527,5225,6043,3868,5554,5288,1733,3367,2260
2667: 5314,4394,7115,7897,374,2548
2668: 6146,5203,5320,2200,6618
2669: 5383,528,6432,7141,3396,2136,5584,5105,5334,3146,6240
2670: 1308,7756,5888,3139,1615,5354,4809,251,5109,975,1135,3756,7519,5598,7712,8046
2671: 5480,7028,226,1727,1245,6406,2491,6387
2672: 7186,5221,3589,2706,5639,2230,1514
2673: 5745,4464,5991,7953,2762,935
2674: 252,4124,5956,1222,1893,4277,6635,6347,2294,1372,7769,1164,867,6168
2675: 7747,6829,1881,607,5970,6699
2676: 6191,5581,6332,6891,6423,214
2677: 6159,8188,863,93,6877,6435,7213,3450,3014,5645,5755,2430
2678: 281,3546,3799,7418,613,7293,1058,2574,6646,5167,5942,6759,791,4897
2679: 7099,6116,237,293,8186,1546,3481,5606,6772,6721,1255,3573
2680: 5147,6937,1765,5591,6956,4218,5013,2063,969
2681: 851,6971,1693,6768,2343,1318,6056,792,5004,3930,3687,1433,7968,5399
2682: 3157,6982,3281,6448,177,7737,8
2683: 1603,4158,4304,7011,1883
2684: 4459,4342,1185,999,850,5982,7809,7069,2616,5289,1935,6776,6015,6229,4727
2685: 4354,4475,2056,4051,1628,2097,339,5253,7117,7542,1448,6557
2686: 7819,88,6320,1254,7123,1321,3972,6705,5468,4877,3648,3802
2687: 7766,7171,6203,7222,4153,1368,2469,7705,2917,1689,7111,309
2688: 7214,190,2265,1153,2519,2533,3718,4364,4912,7277,5916,3546,7293,838,5167,8100
2689: 6976,2132,6355,7307,6322,5388,990,2310,5580,1344,3323,6541,1930
2690: 6642,6942,3659,5294,7340,1138,7845,6192,833,6450,7013,1793,431,232
2691: 388,1751,6997,6033,197,7898,7378
2692: 7389,5489,5818,5124,7400,1822,6482,553,1421,7497,7077
2693: 6980,1186,375,4415,4179,7951
2694: 4223,7434,5859,2970,7592,7535,976,5610
2695: 2737,7396,2468,7837,5215,178,2530,4322,4742,2076,1239,1248,2453,4868
2696: 2765,5698,2434,1047,4747,6394,3776,4339
2697: 4366,947,1120,6660,4775,7127,1629,4202,312,3752
2698: 3925,2612,1749,6032,7189,4980
2699: 4773,218,6801,1759,4673,6688,2052,4949,4873,6682,2665,5437,492
2700: 2828,3820,5857,4757,5149,1740
2701: 2115,7318,215,4478,2337,5947,7135,1887,7188,4831,7162,3601
2702: 4417,5105,6455,342,5452,1835,3146,2471,1506,7148,602
2703: 5186,6057,5135,5086,53,7813
2704: 445,1291,5351,4503,6270,4110
2705: 5720,8053,5936,3193,1397,5725,3602,1710,6451,5566,752
2706: 7186,5221,2240,5639,6453,2672,862,6386,5048,735
2707: 1540,7919,4869,7336,521,5633,4546,3120,3067,165,6464,4528,6838
2708: 1891,2582,4258,4259,1213,1354,5584,3180,6771,898,5797,5114
2709: 5192,1610,113,1931,3096,6764,1818,126,6822
2710: 4151,4762,202,3816,6385,1474,6851,793,3856,5032,1270
2711: 4440,3939,7911,6209,933,1140,7306,1794,8140,104,6961,6809
2712: 3426,6361,1825,4469,835,5911,307,4207,969,7005
2713: 6374,4266,1763,3018,7057,7184,1986,4010,4169,5541,1444,6871,2743
2714: 5759,4642,5988,3922,3262,5567,1266,4780,5927,1969,663,2845
2715: 5082,8085,2,6970,4418,2813,650,3437,6899,5869,7327
2716: 4172,522,3629,1553,7358,4928,216,3983,8111,1302,6782,4141,2807,1049,5673,2841,4500
2717: 7702,6033,82,7399,1048,3535
2718: 4334,1485,7461,2916,712,4497,4760,6518
2719: 3243,719,6176,7477,1045,5178,4745,1375,4504,617,3443,7487,7780,2755
2720: 6284,1834,7509,6859,6434,5250,3319
2721: 1002,4338,7886,7291,7526,5269,2061,1188,765,5679,2896,5501
2722: 2982,692,7584,333,1294,6248
2723: 2524,7639,4942,6544
2724: 889,3719,2004,2844,4346,4839,7657,5005
2725: 5127,2593,4423,5045,6491,3343,7680,2794,794,3724,5198,4309
2726: 1903,2547,999,4823,7709,493,2372,4429,4648,4727,2145,3123
2727: 173,1310,2339,491,2370,560,4707,415,1601,4490,7662,5954,4653,3525,1343,7206
2728: 929,5494,3655,7725,8066,6284,5250
2729: 6561,3976,4968,754,2950,4164
2730: 6959,8167,2810,2069,7072,1797,5387,3065,5503,4659,5796,8164
2731: 2470,5122,7113,4269,1195,6523,7014,872,4137,4929,8147,4630,2480,1771,686,316
2732: 4495,6495,117,3330,2218,7165,4637,6747,3129,1147,1310,5329,560,4707
2733: 4504,617,1303,2744,7208,3443,2000,4198,3243,1375,3016,7487,7511,6903,5332
2734: 2487,3978,8044,2993,826,7019,4805,5357,5802,5879,5827,636,1510,4082,262
2735: 1003,7205,4994,3580,4587,5461,7505,7052,315,3260,610,3368,5832
2736: 5533,1480,2481,4589,1393,6262,4675,1033,373,539,2758,7832,6919
2737: 6603,2695,5756,7396,2468,708,4322,1248,5962,2453,4868,4256,5163,3521,2030,1906
2738: 3290,3928,5286,5733,1394,465,2327,5602,5891,6918
2739: 4716,6717,6049,3635,241,2253
2740: 6339,4548,6772,6721,6536,1255,119,7642,3030,3481,5348,6640,3887,652,343
2741: 2895,45,1820,2480,4374,4524,5996,1602,709,4522,6193,5020,2470,5122,7113,7014
2742: 5895,154,2378,1711,7138
2743: 561,7477,2549,4790,4745,4169,4266,5125,2713,7184,6871,3443
2744: 4504,617,1303,2909,2733,7208,336,3443,2000,4198,4103,7511,6903,1736
2745: 4372,1154,7264,5154,3192,7668,608,6417,1320,1592,4077,3743,857,12
2746: 5067,4645,1605,8009,785,6754,8139,1982,7294
2747: 188,3672,7301,74,1369,1977
2748: 4977,3854,95,7501,6953,7974,4068,3191,5016,1795,7476,6719
2749: 2822,179,7879,1104,5863,4668,1385,7573,7404
2750: 5072,1712,4298,3564,5772,2332,768,7578,3773,7602,5349
2751: 198,3570,3342,1267,2001,4561,5578,5323,4249,6511,5747,7669,5449,2420
2752: 1620,7682,1961,1004,5098,4700,1293,7688,4756,2312,934,5671,6480,625
2753: 3823,4891,6306,7708,3406,3517,3058,6947,6097,4635,6521,118
2754: 2981,3671,2860,368,7260,7736,4647,5397,2011,4549,6029,4143
2755: 3677,4324,7780,4799,4504,719,2719,1375,7760,7487,6903,77,5332
2756: 5646,7777,6926,1373,8039,4448,3690,1034,6923,1550,4484,183
2757: 6718,3375,2610,4255,5742,5301,1475,746,7802,4115,1019
2758: 1379,6479,3195,7832,408,2443,6059,7172,6919,3582,4669,6262,2736,4589
2759: 2252,1419,7972,7846,2037,2898
2760: 78,5060,2229,7530,2082,3369
2761: 5430,347,4851,3499,7858,1402,67
2762: 5202,2673,7953,7499,7861,935
2763: 5890,1954,5703,3206,8056,1292,2883,7870,5529,300,1391,7663,3906
2764: 6506,3664,1018,225,7880,2905,592,6713,2114,4191,2892,1643
2765: 2498,5698,4096,4214,665,2696,1047,7626,4723,5853
2766: 1788,4373,3486,269,2293,562
2767: 1121,1335,5680,2507,6278,6726,4502,1533,2221,4734,858
2768: 7373,5077,7893,3842,4391,1223,1630,3866
2769: 418,3285,6656,7407,1007,4679,5085,1431,7366,5347,6988
2770: 2645,7297,4915,501,7875,5166
2771: 6390,1227,6476,203,20,2915,3660,2202,5764,7882,4892,5201,216,2032,6679
2772: 7140,170,129,135,7593,5232
2773: 5760,5392,4793,674,4270,2061,8068,3413,1165,3544,765
2774: 2387,5470,7047,7296,199,3547,1226,7122,4263,6039,8090,3890
2775: 2063,5568,5091,3505,5697,6874,3155,4225,6956,6608,7520,7063
2776: 5493,365,1805,6901,5603,140,8190,7436
2777: 1256,539,5553,5693,4597,3241,801,7046,5754,2377,1033,6547,8052,3328
2778: 2479,6111,4119,2221,4359,5680,4902,858
2779: 5219,5391,6178,2424,5658,3867
2780: 2133,6218,3591,6252,6456,8092,2782
2781: 7564,1288,5439,1526,6242,1867,724,4323,5574,5886,930,2048,8125
2782: 3644,7462,6441,2780,6252,891,6456
2783: 1167,5325,2340,5964,2601,5049,517,338,2019,8131
2784: 5185,8061,4711,1631,6990,3418,4943,7405,5171,681,6310
2785: 7445,6694,1720,6631,5069,615,6319
2786: 4477,6460,2930,2347,4737,6330
2787: 6332,6423,4639,1215,4933,2149
2788: 382,7670,546,3817,1911,6023,5373,6358,1589,6362,2106,4828
2789: 83,7714,3680,44,6426,963
2790: 7586,3940,3570,6428,4561,2071,5578,455,843,6315,869,6409,4303,4582,5800
2791: 450,7976,6447,5981,4890,3527
2792: 3085,6783,5706,5675,444,547,2983,4379,4178,6481,1181,1416
2793: 6489,5763,3579,1715,8076
2794: 1092,5931,5335,2725,5045,6491,3724,7905,1632,4759
2795: 7044,7026,4987,1331,6533,314,1783,2527,2532,196,122,3356,4591,7778,5945
2796: 4553,6893,1396,1323,3952,3814,1518,7281,548,2416,4976,3380,6553,5900
2797: 6556,6841,6559,6326,6774,3009,5459,1346,1595,1741,4067,420
2798: 4334,337,3054,7461,3081,1501,6564
2799: 6073,3536,779,7907,3185,3098,6147,6634,6515,3148,2906,5088,1487,4024,7226
2800: 634,2580,5815,1731,4870,6659,1100,666,7229,5909,5683,4922
2801: 5411,6914,4121,7515,425,3447,844,7545,313,2086,5112,7012
2802: 1105,2583,544,7110,4347,5919,5972,456,5249,3347,7758,536,351,3612
2803: 2409,4444,5822,5864,8096,62,6367,499,4510,3415,4990,1166
2804: 8055,5157,8162,2272,106,7697,4652,1061,6695,389,2523,4876,1286,3543,3099,5312
2805: 5263,6116,7704,293,5834,6008,7820,3583,3531,88,3972,5823
2806: 1535,2361,886,6898,3569,2102,5702,5273
2807: 3109,273,1063,1049,3669,7200,4353,5673,2716,4928,4141,3667,2841,872,4137,7009,4500
2808: 1617,7994,7190,2178,5849,3540,7506,7648
2809: 6241,167,7549,5893,5595,3728
2810: 2730,6959,2577,799,7072,6256,1797,5976,7111,7222,6037,4659
2811: 2024,7741,6300,2432,1096,6173,2281,1833,6309,601,2266,871
2812: 212,4558,1780,6687,3174,6486,2207,258,678,3679,571,2075,7826,1678,6009
2813: 5082,2,6970,4418,2715,3437,338,6589,4341,5869,2019
2814: 1665,6984,742,7807,4205,6537
2815: 7048,6160,7287,1427,349,3046
2816: 2138,1522,1301,5766,4565,3351
2817: 4770,3394,4338,5394,1356,6557,8176,7291,165,7170,4171,6838
2818: 5806,3863,46,5223,7238,7613,4393
2819: 667,4387,1251,7252,5528
2820: 357,5196,5807,3561,7298,980
2821: 4149,7330,931,4348,3181,2956,4326,6031,828,6096
2822: 2749,3227,6612,1541,7215,179,7879,1464,7573,7404,7957
2823: 7492,3786,4056,7423,4498,1067,5471,998
2824: 5434,37,1900,7440,3029,6694,1720
2825: 3476,709,8075,4522,3001,3760,7504,6035,6565,5350,4291,1692,4532,3025,2039
2826: 6239,3226,7399,6839,7624,511
2827: 2564,1626,1152,7742,4317,6221,4519,5194,1403,7646,7500,5068,6092,2647,5027
2828: 7676,1804,2700,3820,4757
2829: 7716,5613,4562,5481,637,4072
2830: 6954,6561,3976,2383,1708,7723
2831: 4581,2043,2943,7754,1108,4332,6840
2832: 5443,300,1933,8056,1292,5529,2095,3906,1308,7756,5888,4809,975,5598
2833: 3439,5457,6781,1607,5736,6697,1925,3800,7762,210,6365,4114
2834: 6100,1934,7786,5569,3720,5974,2279,15,3379,914,3787
2835: 4875,1412,715,7801,3070,4848
2836: 7881,6308,233,3212,7398,480,7131,7944,1799,7460,815
2837: 291,3946,2152,4311,5604,4474
2838: 5162,2920,7305,4394,549,3818
2839: 2372,6776,6015,763,5424,4256,6229,3044,5573,4429,456,3475,5962,1935
2840: 590,2110,2896,5396,1002,7542,7997,4471,4475,3581,5937,1787
2841: 2470,335,7113,3667,6523,872,4137,4929,4500,2716,6563,1602,3983,8111,1302,4141,2807,1049
2842: 1786,4677,941,1968,1880,2893,5784,4679,6414
2843: 1886,5131,6338,6819,964,7450,4233,2867,2246
2844: 889,2004,1080,7657,2724,3909,5143,5005,7575
2845: 5927,7078,5486,3821,6484,1969,2231,663,2026,402,4780,2714
2846: 5493,1202,3880,775,365,7192
2847: 4252,743,4518,3239,5905,932
2848: 296,6825,7203,5032,4621,1027,202,6013,793,7025,1414
2849: 1801,8023,6231,135,6351,2216
2850: 3407,1115,6819,7348,8102,6266,6044
2851: 1484,1700,4638,5997,2465,4968
2852: 707,5175,7989,1932,1208,2420,6350,1566,6063,3539,4619,6511,5359,5699,4932
2853: 7986,6945,6381,648,893,4436
2854: 1891,7638,2582,5003,4258,4259,6408,6543,3161,5114,5901,1672
2855: 6482,553,1421,1493,2986,7166,2404,7630,7210,7077,390
2856: 6498,6894,6797,7531,3173,217,3117,7730,912,5731,1142
2857: 5385,5619,3861,6539,603,2502,352,2656,5839,860,7130,2175
2858: 6578,66,3049,6576,8113,7296,6382,7122,4263,6039,6443,3890
2859: 5213,2518,1486,6899,1029,6671,5630,2391,5562,6064,3473,650
2860: 5406,7037,3671,5222,2754,7736,5397,2011,6677,3032,7006,3246
2861: 6114,4482,1545,3322,6246,3456,7610,6692,6967,4487,728,4327,3848,6831,2022
2862: 6706,5436,2040,2324,4193,6918,5447,1394,5602
2863: 6093,4292,278,1216,4763,6734,3653,7438
2864: 6357,6745,7744,1252
2865: 4472,416,6763,1374,750,6775,6328,6237,3985,4078,3284
2866: 3380,5868,710,6777,1081,5337,713,2511,548,4647,6029
2867: 1886,5131,2843,6819,964,6266,7092,669
2868: 7815,4154,795,6869
2869: 5965,1784,6890,3703,4945,5429,155
2870: 1824,406,4466,5028,6911,563,6103,661
2871: 6399,3076,5984,504,4634,6931
2872: 6933,600,1785,6075,5933,3795
2873: 6304,6301,7698,1936,3879,3835,7934
2874: 3154,5990,7442,7368,4931,1376
2875: 7075,1570,6633,3616,4392,880,7083,133,7822,280,3292
2876: 6315,869,1819,4303,4660,3940,3570,1267,7726,5449,644,5010,516,8117
2877: 442,5277,5006,524,7743,3537
2878: 7309,299,5011,2296,3595,4917
2879: 1102,5179,7133,3095,445,5351
2880: 6335,201,5271,4572,5435,2198
2881: 5208,5362,4012,4479,853,1773,4485,3127,3431,3994,1590,4453,4752
2882: 7079,5363,8175,7459,541,6007,5427,711,1311
2883: 5890,1954,5703,8056,1292,2763,7870,2436,6226,3399,324,7663,4446
2884: 3684,6392,1035,1268,6504,441,4019,7575,7914,1364,7713
2885: 1324,6570,3639,7025,6041,1414,4971,4768,4621,1027,6013
2886: 6354,1557,5624,3630,4176,5498,791,1389,1068,6611,5496,2060,613,2574,7331
2887: 2223,246,5237,965,950,1144,7403,4540,1352,3565,6662,5231,7720
2888: 1816,6081,6411,7767,5998,2534,6863,3658,772
2889: 7701,3461,2142,6610,1367,4714,956,4229,6962,5113,440,7683
2890: 1725,4739,2151,1155,7094,6722
2891: 4825,966,7521,7155,1439,4574,4457,5522,1079,451
2892: 6113,7766,4153,7315,1643,2146,1924,2764,7880,7686,2905,592,6713
2893: 5784,1007,4679,5085,7366,5347,6164,2842,1594,1786,3073,941
2894: 2365,5907,4282,7422,1334,7594
2895: 2554,7424,1789,1820,7328,3722,6196,2741,4374,4524,5996,4834,6193,4189,1069,4531
2896: 7256,765,2110,5679,5396,2840,1002,7542,4338,2721,4471,1787
2897: 7551,6452,5123,3938,1697,7554
2898: 6944,5576,2037,4496,7846,2759
2899: 3491,2633,4503,6270,7576,5862
2900: 3004,564,7595,6178,5658,3824,7038
2901: 4410,1588,7607,6088,2262,5140
2902: 6004,6351,2216,7628,6334,4822
2903: 8000,1842,3338,6470,5877,8191,1491,913,4406,3903,334,4100
2904: 3427,5783,1788,5986,4373,6364
2905: 2764,1018,225,7880,6713,1924,7694,6072,6517,340,2892,1643
2906: 6634,543,6515,3148,8055,447,5157,8162,2272,106,7697,4652,3280,5088,1487,2799
2907: 6273,4596,7905,7706,5788,1632,4759,3724,6050,4606,320,5752
2908: 1892,3555,818,5739,5976,8180,4955,1054,6698,7732,5339,799
2909: 1444,1303,2744,7751,4289,7208,336,2976,2000,4103,6336,8165,570,4523
2910: 5763,7332,1333,4118,141,4385
2911: 4122,1387,5504,3566,449,185
2912: 4302,4186,3661,923,3266,2270
2913: 5806,614,3863,477,4965,4194,7376
2914: 5482,1537,1256,4226,6488,7304,6030,4597,6343,3333,3114,6438,7876,7270,322
2915: 3660,1425,4315,3656,2202,672,7233,1938,6133,5764,5423,6390,2771,6679
2916: 4625,4661,7935,5228,3422,712,1461,5026,4497,205,6518,2718
2917: 4718,146,7705,1689,3901,8151,7973,2287,7766,2687,47,1368
2918: 3638,4904,1460,1497,6983,1613,2632,5055,131,5551,7244,7493,6197,6751,2385,7971
2919: 3958,4371,29,7169,4526,5107,3084,819,937,229,2449,4966,5159
2920: 7599,864,5162,2838,7305,1853,549
2921: 6978,3355,573,1912,2626,4125,5205,6273,4596,1532,3851,1841
2922: 5219,5391,638,7924,1141,1839,2244,7592
2923: 1379,3195,408,2443,519,4669,5039,4312,4224,967,5657,7393,1542
2924: 5872,1622,6121,4579,6019,2943
2925: 6317,7849,4150,4458,3085,2306,6291,3557,5675,444,5062,2661,5726,4676,7727
2926: 4795,1015,1939,6485,254,7763,464,6388,7582
2927: 5054,6932,3304,3808,1686,6400
2928: 5725,1052,7397,6407,7759,3345,3937,1710,6451,4979,3193
2929: 412,3078,4554,3142,4633,6412
2930: 4477,1844,2786,6460,2194,852
2931: 5002,7996,755,3852,3905,3616,6494,133,280,7350
2932: 2274,2313,5443,5089,1391,4460,7910,6535,8125,7564,3283,1867,6496,5529
2933: 315,5096,610,2288,4860,6549,1971,48,3497,5491,1956,2196,7205
2934: 5282,6613,1062,6394,4339,566,5870,3183
2935: 5270,6548,1896,236,3434,4344,6635,2977,2045,413,3094,7753
2936: 968,4962,2,6970,4418,338,4715,1955,6708,2119
2937: 6749,7900,671,6324,7258,3038
2938: 5916,895,3651,2227,535,1249,7892,5728,4435,190,2265,2533,4912,5167
2939: 3256,7381,8073,5656,4442,6761,2561
2940: 4492,1664,6778,7753,5588,1396,236,7954,1070,3971,5239,761
2941: 502,1190,6798,3042,7884,4963,5307,1523,3215,5953,1584,2367,3342,2001,5323,4249
2942: 321,4957,8015,6628,7983,6870,2099,6803,855,3752,5064,3541
2943: 5872,2924,4579,4581,2831,1108,6840
2944: 7234,2402,6842
2945: 3916,116,1807,4402,5017,5536,7489,5841,2500,8142,136,1941,4180
2946: 3598,4267,1411,472,1645,5811
2947: 184,5704,6788,567,7960,4507,4216,4241,7217,1225,6307,4290,249
2948: 4625,4661,4009,5228,6518,4607,7523,8099
2949: 144,7920,8093,3757,5145,1833,6309,2209,6683,5856,5813,1322
2950: 747,1386,4164,4921,3976,2729
2951: 1039,4235,4590,4211,5158,632
2952: 5360,7758,351,5374,5160,5969,544,3203,5919,7199,1362,1635,4140,4907
2953: 3103,100,5261,6483,8101,6651
2954: 4388,2984,1847,6322,1131,6134,2079,7290,3961,5791,7803,3715,6996,568,5479
2955: 1806,7470,5593,5991,1498,8108
2956: 641,5861,1223,4149,2821,7330,7295,4326,6164,2392
2957: 928,71,5742,1475,5957,5607,3664,6690,1071,6715,4360,2114
2958: 6065,4284,1227,3507,568,5479,20,5791,4758,4161,7649,1260,55,5285,8028,3936
2959: 4886,1861,6179,5653,4690,3514,6469,6099,2537,6396,3079,3255,7731
2960: 720,32,6709,8063,303,3371
2961: 2280,2006,232,5021,5502,7027,2258,7614,6101,4997,1138,6192,7013,431,1528,7493
2962: 1082,396,6124,3458,7710,3950,7054,2213,7035,7175,7235,5093
2963: 3149,6597,1177,409,7178,6575
2964: 4227,7228,4403,2074,341,2017,3622,3019,4555,3757,7425,4618
2965: 6704,7637,289,7272,3441,7238
2966: 1025,7324,6741,5973,6078,4687,1325,5738,5579,1161,808,3577
2967: 182,2003,4646,7945,7434,5859
2968: 8040,2285,3023,1157,4582,5935,58,1088,7571,5170,7966,1873,227,3495,1446,5284
2969: 7869,842,7320,1357,41,7622,6806,7588,1728,6271,2403
2970: 7434,7592,2694,976,5610,4221,2244,1815
2971: 3216,1337,7915,699,7872,4096,4214,665,7626
2972: 1742,7998,5113,2338,1538,4973,468,4867,6530,7641,8109
2973: 7672,878,978,1262,569,235,3378,4949,3232,6692,4487,3223,6688
2974: 4676,3800,7762,295,7794,6365,4114,7727,2306,3557,5292,1925
2975: 3470,7749,4863,4086
2976: 1444,2909,7751,4289,7208,336,4103,7779,6336,7583,3520,8165,5541,7020
2977: 3861,3913,2045,4643,4295,413,2935,5711,8172,3094,7753,2502
2978: 4472,7755,6316,3144,4376,4699,750,807,487,2664,1353
2979: 8078,70,8157,6907,3332,7768,2004,7657,3909
2980: 5783,6364,1874,3912,5303,7782,8112,127
2981: 368,2754,7260,7736,4647,6029,2511,5302,1114,4143,2566,1081
2982: 7666,692,2722,4350,1072,333
2983: 7230,547,7337,1897,4379,3870,4178,4370,6132,6481,2792,7091,3857
2984: 4388,1847,7548,6322,722,1131,4879,2954,4624,5796,6134,72,2079,7290
2985: 3012,7550,777,4265,435,2280,3889,2006,6853,4454,6410,2460,6286,3462,279
2986: 7814,1421,5891,87,7166,2855,2404,4330,7630,1228,5733,4692
2987: 1540,5633,3120,3067,4750,7370,288,3160,6804,6274,1014,7317,6342,6567
2988: 5513,3845,4101,938,2346,5059
2989: 2028,6404,5071,1010,6349,7041
2990: 7255,3955,1304,5206,589,7466
2991: 3268,7435,5475,4535,5416,6095,3921,5258
2992: 2518,557,6671,5630,2263,2391,5562,1156,7237,5769,4294,7285
2993: 8044,2734,826,7851,4805,5357,7633,5802,5879,5827,3051,1551,4916,4539,636
2994: 23,5965,3411,5429,5465,7928,2014,8141
2995: 3014,3208,7132,4098,1258,1494,3274,42,6047,6862,8038,5589
2996: 1519,7086,3314,4163,3829,6716,7143,6119,1707,3007,6250
2997: 6361,4469,5279,6905,7202,4898
2998: 4566,1509,8135,4433,37,6383
2999: 5759,3107,7080,6310,6502,5988,3112,1567,2008,5171,2163,4517
3000: 6550,503,92,6503,5753,1502,6206,6289,5426,5894,5409,2571,7885,4008,7892
3001: 4834,4522,1241,2825,7504,6193,1625,6565,5338,5350,4291,346,1789,1820,6196,4374
3002: 7650,4872,5036,2652,6579,5188
3003: 6789,7917,3141,6255,1430,8049,3765,8145,6585,13,4083,628,5925,3825,7395
3004: 564,2900,6590,1521,4563,7595
3005: 6670,4533,6608,1143,2360,1648,7479,3831,285,7063,6593,5829
3006: 6658,4002,6020,4644,1046,2640
3007: 2005,7143,6250,4836,590,3829,1519,2996,4163,8072,5019,6716
3008: 7,3451,1568,6684,2283,6758
3009: 6774,1346,3647,1595,6326,2797,284,6472,6861,1990,1741,420
3010: 6463,6827,4852
3011: 2185,6556,6105,6841,6559,1203,6326,7227,1791,899,2446,1346
3012: 7550,777,4265,435,2280,3889,2006,6853,232,5021,4454,5502,7027,6410,2985,7614
3013: 5337,6868,713,386,4015,3311,5755,7903,6545,4729,2416,93
3014: 5645,2995,1258,1494,6714,6047,6877,6862,7213,3105,2677,5755
3015: 6888,6288,1899,3649,5655,1013
3016: 1389,7760,7487,7511,6903,2483,77,2060,1736,5156,5453,5332,4944,2733,4198
3017: 4499,4516,3238,1401,640,8089,2317
3018: 865,6374,1978,1763,7057,2713,1745,4401,7853,3840,1986,2117,4010,4686
3019: 3622,8093,6490,4555,3757,8050,5808,2074,341,2017,372,2964
3020: 1218,7789,7933,6219,3721,5037
3021: 7090,7681,331,2148,1626,7742,6221,8069,4519,6369,7152,5194,60,1813,7065,1792
3022: 2452,4866,6010,5955,5748,8187
3023: 3729,8040,2285,2968,1157,5935,7571,7966,227,6605,3495,1446,5284,5690,4188,5517
3024: 2657,5782,732,4140,4084,4907,5360,1384,5160,5377,5969,4958,6217,3547
3025: 1701,8134,2039,6269,6329,672,4092,6133,16,7441,1692,3476,2825,6035
3026: 2124,845,7569,6595,7498,1207
3027: 6054,3634,6626,7040,813,3488,7474,430,6376,6509,1504,1000
3028: 6529,4135,304,890,7852,4398
3029: 6241,7440,6694,6631,827,2824
3030: 1125,6640,3887,652,4548,2740,6554,5110,6728,4053,7050,343
3031: 35,4818,3885,6935,3621,7374
3032: 6677,5647,22,7636,7006,7891,2143,1466,253,7037,2860,5397
3033: 5413,3265,6082,5563,4367,6823,3931
3034: 7811,2471,1506,6302,7148,725,5555,5705,7056,4417,342
3035: 5333,2093,6040,5758,4843,525,1305,4583,1409,2406,1341,7058,7102,5375
3036: 7313,5333,1762,2093,276,583,525,683,2406,7058,7449,3760,2199
3037: 1463,5046,4001,7116,7992,5941,1074,1917,1921,7382,5415
3038: 7258,1306,5038,7180,7900,2937
3039: 1156,7237,5769,6558,5963,4294,4781,2581,557,2609,1608,4121
3040: 4366,947,1120,6660,5349,7271,7983,6870,3752,5772,5050
3041: 3883,6857,911,6305,5343,7352
3042: 502,2941,1190,6943,3231,7884,515,4389,1523,7369,6625,1596,4774,8054,4509
3043: 977,6204,7427,7671,1011,1496,6791,4239,6313,50,3236
3044: 493,2372,2839,763,5573,4429,4648,456,5249,2024,7447,7685,3347
3045: 1390,192,5904,1843,3688,7535,976,5465
3046: 7361,7563,5473,7048,2815,349
3047: 7384,7940,4515,3855,6418,4011,25,5051,5371,2268,1285,1940,7590,6026
3048: 116,3551,3373,1807,345,4402,5536,8048,7489,686,7603,1616,7482,5841,3350,5741
3049: 7064,6578,2858,66,4726,7608,6576,668,756,2105,4312,6382,5039
3050: 5880,7616,748,6614,1119,1404
3051: 5827,1551,4916,7560,3467,1088,6927,3777,8033,2050,636,7990,169,2993,7633
3052: 4068,2431,3191,6272,1012,7640,645,2553,1609,2589,6377
3053: 1170,5186,4046,2613,6627,7114
3054: 337,2043,2798,1501,377,6393,4332
3055: 4982,6632,2259,2417,1314,5115,7866,7105,4231,370,4174,4375
3056: 1423,3769,1735,4463,676,8184,943,6883,6139,362,3356,5212,7451,4591
3057: 4620,7106,2396,4279,2388,4355
3058: 3823,6306,7708,3406,6947,2753,6097,1857,5326,7026,4635,4438,158,118
3059: 7694,7524,3461,6517,3370,687,6610,6249,581,4369,4689,3654
3060: 7371,3847,4144,7273,839,4785
3061: 866,4822,6231
3062: 1360,5523,3468,1001,6792,8014,4337,4842,2629,6987,7274,1340
3063: 6507,316,60,421,3632,7603,1813,7482,3350,7065,5741,5299,7003,4630,2148,8069
3064: 5410,6384,1289,7617,6921,4325
3065: 1154,5387,3192,2310,5503,4659,6417,2730,5796,1831,7548,722,4879
3066: 1590,4453,6765,4752,1759,5867,5514,1979,3431,7775,6439,4485
3067: 1540,7919,7336,521,2707,5633,506,4546,3120,2987,4750,1920,6567,6464
3068: 7136,5664,6123,5852,1479
3069: 757,3471,5918,6531,8062,7343,4905,5231,3447,950,1406,5943
3070: 1633,4848,4875,2835,6011,3951
3071: 6057,5135,2212,4061,4983,1053
3072: 502,1449,1190,3452,3231,6079,5932,4963,5307,4389,2519,7834,4013,5361
3073: 1594,1786,941,2893,7366,5347,6164,4815,641,5861,4326
3074: 3926,1561,6318,102,6333,4829,7323,3362,1279,920,1580,6145,7942,3872,2235,6939
3075: 1544,6724,1879,1743,6375,6816,7221,1646,7812,4262,6994,163
3076: 2871,6399,5984,7068,1922,1110
3077: 1145,7986,6381,6403,2208,3277,8168,3553
3078: 5840,412,2929,6412,4632,1754
3079: 5760,674,2537,6396,3514,6469,6099,1861,2959,5653,1761,7731
3080: 5667,5759,4642,3922,1567,2425,5927,5421,663,4991,1220,818
3081: 6518,7523,7326,6564,8102,4334,2798,7461
3082: 5546,4911,5076,6594,3222,8107
3083: 2431,2297,1012,6703,645,1319,5028,2597
3084: 3958,2044,7979,29,1841,7169,5107,5120,6773,2919,1056,7179
3085: 7849,4150,4458,2306,2925,2792,2508,6291,3557,5292,6783,5706,5675,444
3086: 7599,6807,1443,3178,1752,4580
3087: 8011,4743,4935,1457
3088: 1899,6896,3649,4602,5356,2155
3089: 6620,4135,2007,6730
3090: 3593,81,2271,6586,7410,4656,1858,5133,883,2520,4449
3091: 4060,3387,7577,4328,474,7431,7868,3707,3124,4605,6964,1726,2660
3092: 4725,1901,4254,400,5251,4636
3093: 7008,2500,6625,2113,1941,920,8079,4180,5841,5536,2635,4345,4514,4885,6436
3094: 5711,7753,3478,2502,4344,5270,1896,1070,2935,2977,2045,4643
3095: 5132,8091,7133,5684,2879,445
3096: 1610,5681,113,7800,7246,4185,1491,1931,2709,5328,3606
3097: 7021,7257,5280,3479,5778,1647
3098: 6073,3536,779,2242,7907,771,3185,790,2799,5950,4032,7023,5801,6147,4835,5111,6634,7226
3099: 1490,1307,389,6346,2523,7018,3543,2180,7261,5312,7700,5925,5157,2804
3100: 6234,1604,5696,6520,5065,7552,383,2067,6453,7448
3101: 8137,7844,6619,2186,4248,6083,6258,3404,1022,6645,498,8045
3102: 6647,2438,52,2607,807,4037,5775,487,5864,5586,7755,6316
3103: 220,5261,7419,2953,3474,6651
3104: 6696,1714,997,6128,6711,5828,3270,4775,1629,4202,3541
3105: 6877,7045,6435,6862,7213,1038,369,3014,5645,1494,3274,6047
3106: 3617,6973,397,4672,151,4604
3107: 6310,6502,5988,3922,1567,2999,6990,3164,4943,2008,7405,5171
3108: 4413,7349,7001,3878,1189,550
3109: 273,2807,1063,1049,5344,3669,7200,5068,6092,5673,3667,872,2345,4137,7009,4500
3110: 4124,7017,4344,1222,5524,867,21,6505,2164,594,4643,413
3111: 5205,6273,5788,1532,2579,5717,7665,3833,1471,573,4125,7029
3112: 5667,7080,6502,1567,2999,2008,5171,2163,6437,7196,5773,394
3113: 5779,642,5092,6223,751,7087,2275,1229,3390,7918,3282
3114: 6983,1613,5055,131,2385,3860,7971,4670,5509,5482,7304,2914,6438,7121,7876
3115: 5617,6182,2257,7745,5389,7173
3116: 5707,2265,2533,6581,874,4912,5570,535,1249,6655,4435,8153,2197,3697,7182
3117: 3173,7993,3227,217,1541,7215,179,7879,6797,2856,5731
3118: 736,6443,7275,4993,1458,7784,7225,1377,2182,3484,1948,8113
3119: 6663,2129,7333,7101,5952,4044,3156,526,3201,436,1040,7597,4260,3796,1637
3120: 1540,7919,4869,2707,5633,506,3877,2987,3067,6190,4750,7370
3121: 4023,1146,7995,32,5410,7383
3122: 6067,5662,2224,1527,5596,6479,4529,6707,2461,4595,1753,3763,7393
3123: 6194,5575,7862,2145,2726,4823,493,4648,7514,6300,2432,1096,7685
3124: 6605,3548,3707,875,4605,6964,1658,8124,7354,7375,778,7577,4328,7431,3091
3125: 7342,4316,5174,1577,1860,7908
3126: 6960,4722,3395,6110,6668,5699,8018,5892,4329,4827,7889,3416,6168,1995,4377
3127: 5208,2881,5362,2591,1773,3994,218,1590,4453,6801,5104,702
3128: 4465,5678,1652,4232,6630,7263,7915,422,2333
3129: 2732,4495,6495,2218,4637,7939,1147,3704,1310,5329,560,4707,3525,7717,8001
3130: 3377,4720,839,4785,1869,4434
3131: 7089,3221,4908,8182,7432,4655
3132: 5506,3229,643,758,6104,458,1212,3445,4998,3744,6571,1129,149,7857,3334,7486,206
3133: 3839,1422,5700,5508,8020,2435
3134: 3987,5547,2049,65,8136,8059,3894,618,98,4810,7490,3410
3135: 3850,4357,1656,4537,5620,2512,1964,2072,6034,4996,1253,5103,6257
3136: 2563,4333,4923,2594,5138,1850,6696,997,2496,5828,8029,5440
3137: 2375,3947,4632
3138: 1039,6086,4235
3139: 1308,2670,7756,1615,5354,4809,975,1135,6138,7519,7712,5715,5786
3140: 3924,503,6503,5942,5753,6759,1502,791,4897,3651,7892,281,7418,5167
3141: 6255,1430,8049,3765,3003,6585,13,4520,7757,628,3825,7395,1148,7071
3142: 5450,6265,4633,6412,1915,2929
3143: 358,6836,5037,3469,1755,6294
3144: 6538,4472,2978,993,6316,4699,2034,1374,807,4166,1037,7572
3145: 3545,5618,6382,4970,1276,6162,3358,5835,1716,1863,361,2105,7172
3146: 5105,6455,2702,5334,1835,602,8024,2669,5383,6432,7141,3396
3147: 5542,2311,6457,5420,8003,414,653,6314
3148: 543,6515,447,2906,5088,1487,1618,4177,2450,4462,3536,779,7907,2799
3149: 2423,2963,1177,5233,4678,6575
3150: 1416,5289,1564,7091,5831,5315,7230,547,3353,5982,448,6577,1181
3151: 6596,1104,5193,1530,508,5863,1784,6845
3152: 5281,6600,4925,1407,4165,4197
3153: 3334,780,8130,7486,4222,4491,5030,7176,6602,2177,1129,5229,2073,4237
3154: 5990,2874,6606,5857,1103,1376
3155: 2063,2775,5568,5697,4225,5591,3774,1651,6608,1648,7520
3156: 6663,809,2129,7101,5952,4044,3119,5296,7847,6727,3201,1040,4903,4260,3796
3157: 1572,7198,6691,6982,378,2682,177,7737
3158: 677,6693,5921,3598,7725,4267,929
3159: 6751,2258,3738,6259,2620,1211,4167,4997,4919,2179,1460,1497,7244,7493,6197
3160: 5738,5099,800,288,5579,5407,6804,7634,1246,6274,3797,2987,4750
3161: 2854,4258,6085,4259,4696,6408,6543,2437,120,1756,8104,5735
3162: 7160,3677,5777,4324,7780,4799,3834,3240,1638,7684,7543,1829,7760
3163: 7881,6308,233,7641,4058,7398,3975,4452,781,1101,1452,5771
3164: 6990,6440,4792,616,7464,4943,5567,1266,3107,5988,3922,3262
3165: 6642,7340,833,7013,1793,6238,777,7314,5502,5934,4007,4926,7931,3600
3166: 7098,4939,5234,6195,775,3838
3167: 4942,6544,1013,395,6288
3168: 2474,8058,5904,3907,1843,5405,4945,155,5465
3169: 6883,6139,2173,122,3356,5212,3888,6245,7120,7778,6949,1783,196
3170: 6942,3659,5294,1138,7845,6450,531,3822,801,2377,6547,3328,6473,5693
3171: 5381,2561,6666,3257,3759,5548,8073
3172: 2111,2644,5527,2046,6675,1650,996,7181,1757,956,4714
3173: 6232,217,3117,7215,179,6498,2856,912,5731,1142,7944
3174: 570,5409,212,4558,7020,2812,2228,6687,5737,6486,6981,678,1117,7751,4103
3175: 3854,1606,5070,7618,7655,1794,3832,5761,6809,690,2222,623
3176: 528,6432,1213,1354,228,7141,2136,5987,5584,5809,6771,898
3177: 642,6223,751,4740,3390,3282,1298,1380,5820,7937,4701,3685
3178: 79,6049,3248,6807,3086,4580
3179: 7818,4483,1198,4878,6064,7051,3716,3473,5213,1029,5630
3180: 7865,6979,120,3710,6771,738,1213,4258,6085,4259,4696,2708
3181: 4149,2821,7330,4326,5365,1950,3973,6031,3435,6096
3182: 6122,1904,2505,4220,3493,1640
3183: 1047,4723,6124,5853,1168,7235,2934,6394,566
3184: 6141,4199,7453,3878,5306,6233
3185: 6073,3536,779,7907,790,3098,2799,5950,4032,7023,6147,6634,6515,1487,4024,7226,1573
3186: 6678,6169,4538,5454,2355,904,4382,2206,5902,2315
3187: 1440,1339,4938,6767,5309,461,2474,3703,7218,6675,1650,6202
3188: 6216,348,5119,5682,4947,7817,4570,7587,2054
3189: 4937,7804,6923,6371,1550,18,2522,7825,611,6277,7265,8083
3190: 4690,6339,3514,5606,6099,3573,944,1830,4877,6303,1861,3802,6179
3191: 4068,6272,5016,1012,7476,3052,7640,2748,1609,5147,6719,6377
3192: 4372,1154,2745,3065,5154,2310,5503,6417,1320,1831,6355,722,4879
3193: 5720,2705,1273,1397,5725,2928,7397,6451,1359,4795,752
3194: 213,6743,5141,3272,6477,2603
3195: 1379,6479,2758,408,2443,2923,4669,4589,6707,5431,5657,3763,7393,1542
3196: 426,7345,5768,6609,4846,208,5466,1574,3424,3665,6000,4097,4142
3197: 3897,2121,4050,5816,4427,6251,7193,87,2653,1859,1228,4755
3198: 1324,6985,4445,160,6111,6041,2009,4902,822
3199: 7306,1794,4543,6661,1864,3832,8140,104,3844,8005,6961,5342
3200: 721,4703,5141,7627,3272,121
3201: 7691,6177,436,7108,837,7219,1040,7597,1134,4903,4260,3796,7333,3119,3156,1796
3202: 3525,1343,4530,6897,6475,3489,2370,415,5954,4653,2242,790,7206,1666,4272,4835,5111
3203: 4157,1105,2583,544,7395,1148,5919,7199,1362,6255,1430,8049,5695,2952
3204: 7522,2592,656,5723,5507,8149
3205: 1960,5805,473,4612,2194,852
3206: 6496,5890,6645,498,5703,2763,7870,2436,103,1583,8125,1391
3207: 7055,5906,3726,4896,6658,1456,6405
3208: 1518,7132,2995,4098,3274,42,6047,5977,8038,510,6636,1418
3209: 6201,6213,1543,859,3526,5807
3210: 6775,2472,2251,1016,1284,989,284,6472,6431,7156,4473,2353
3211: 1143,2360,1648,285,6593,3228,6461,1651,647,5137,599,5612
3212: 2836,3762,7730,6478,6308,233,912,7398,7531,1142,7131,1799
3213: 8021,925,7247,6497,4959,6742
3214: 6328,3258,3985,3284,6775,7363,5318,783,2353
3215: 1683,591,3981,6573,4774,7591,4509,2941,7884,1523,5953,1584,2367,6428,455
3216: 4861,2971,6630,1337,7915,699,4214,7626,5119
3217: 1728,6271,7040,7565,813,41,6680,2250,2403
3218: 1718,4219,7544,1702,6690,1071,4360,71,5607,4318,8161,3862,3914
3219: 6701,3617,6973,7887,7145,4813
3220: 5499,6733,5214,7556,1642,4351
3221: 7089,6739,3131,6045,4655,6163
3222: 6060,6760,6594,3082,64,8107
3223: 3636,6765,1759,6688,5867,6692,4327,3848,2141,878,1262,2973,235
3224: 3250,6793,1503,5869,2019,5139,8131,6542,5342,2340
3225: 7929,6826,1719,7921,7639,6938
3226: 2826,7399,1048,6839,612,6811
3227: 7993,6845,217,2822,3117,7215,179,7879,5863,6882
3228: 5564,4073,6461,1651,7250,7082,6856,647,382,5137,6358,3211
3229: 5506,3132,3453,6892,5126,643,3841,758,7855,1232,6104,5844,4909,3445,7857
3230: 6361,1825,8095,6905,181,696,7076,3405
3231: 502,1449,1190,6943,3452,3042,3072,6079,7884,5932,515,4963,5307,4389,7214,2519
3232: 7672,878,978,1262,569,2973,4534,6946,5740,4949,4873,6183
3233: 4318,208,6588,1076,3914,4217,3375,4115,6532,7243,6298,6000,7787
3234: 7164,7875,1575,4165,393,4197
3235: 4352,4537,6681,970,2512,5814,4212,5058,2154,5146,4120,371
3236: 6313,2002,50,7935,4009,3043,7427,1544,6816,6791,4239
3237: 1205,4416,1724,63,6936,2344,3449,7274,4611,4200,7364,4253
3238: 4516,3017,105,2081,640,8089,915
3239: 4518,2847,4301,4413,932,326
3240: 7160,834,3677,3162,5777,4324,7780,1200,4184,1638,4585,7684,7543,1038
3241: 373,1537,1256,539,2777,6488,5553,5693,4597,6343,3333,7046,4675,2377
3242: 907,2314,6524,7537,5283,4739
3243: 6176,2719,7477,4790,4745,1375,4504,617,2733,336,6871,3443,7487
3244: 5010,2662,6380,2325,6263,7764,1257,516,8117,5833,7726,4811,644
3245: 7125,450,6447,2174,4399,4511
3246: 682,873,7411,7284,7810,5406,3671,5222,2860,6677,1779,4556
3247: 3739,5224,679,6908,7299,798,398
3248: 5483,7150,4716,6049,3178,4580
3249: 939,2602,5257,5512
3250: 6589,3224,399,6793,1503,2019,5139,6542,5342,5767,4543,2393
3251: 76,4316,5174,4319,5380,6149
3252: 3455,5418,1555,6790,4036,5858
3253: 926,5572,1679,2217,2576,5521
3254: 5856,1948,1659,101,7425,5808,7047,199,5577,144,4555,1377
3255: 1761,1470,7731,7473,5384,3991,4886,2959,4234,5653
3256: 615,1855,7381,2939,5656,6319
3257: 5789,3171,6551,6666,5548,1176,1832
3258: 3214,1992,3985,7155,5855,3284,4574,5318,783,451
3259: 3501,5026,6568,5884,205,7073,786,5552,3326
3260: 757,7052,3471,5918,6531,315,5096,610,8062,3368,6429,2735,7505
3261: 4663,2371,1868,1086,5978,5052,955,5718
3262: 4642,6502,5988,3922,2714,6990,3164,616,5567,1266,509,1969
3263: 7814,1421,87,7166,4330,6005,219,7497,478,7878,6805,5816
3264: 346,7129,3436,4173,2084,6025,4335,6587,7313,7449,8075,1241,2199,1625,5338
3265: 6904,5413,3033,1548,6082,558,4367,2321,6806
3266: 310,2912,4186,6087,923,8010
3267: 1059,688,6127,7530,6130,513
3268: 6140,5475,2991,5416,6413,4662,1499,931,1612
3269: 7283,1609,5147,5591,6719,6377,5013,7476,4439,1576,419
3270: 3104,997,6128,2496,5828,4775,1629,4202,5035,4278,4333
3271: 6028,6363,7367,121,4300,1951
3272: 121,4300,3200,5141,3194
3273: 6748,4030,5243,7039
3274: 3208,2995,1494,42,6047,7684,5379,6862,1038,3105,5589,6636
3275: 5691,5668,2088,4542,54,1191
3276: 4273,7390,7675,2254,8009,3529,5792,902,2407
3277: 482,4368,2362,5719,5821,3077,6403,2208,6038
3278: 1366,2077,1760,5980,4014,7619
3279: 5865,1173,2481,660,3751,1988,6170,1393,6030,4004,4551,597,5642,7961
3280: 6634,6515,8055,8162,2906,106,1487,6208,4024,7226,788,1953,1573,4697,6925
3281: 5520,6448,3819,177,4093,1525,2682
3282: 4423,3390,7918,3343,1298,6223,3177,751,3113,5820,7937,649
3283: 7564,5439,1042,6242,1867,724,5574,6227,4250,2274,2313,4460,2932,7910,3559
3284: 6328,3214,1992,3258,6237,3985,416,6763,2865,7363
3285: 1432,6656,7407,2769,1431,684,7415,5210,6243,3287,2526,6988
3286: 5705,3712,7056,772,330,7767,6302,725,5555
3287: 500,7415,6344,5210,6243,1674,3803,2526,684,3285,1432,6656
3288: 7397,3957,6416,6407,5944,3892,1359,254,7763
3289: 3917,744,4064,6420,4025,5627
3290: 2738,3928,587,6516,5602,5436,7506,1552,6843
3291: 530,6522,7754,3791,3513,7659
3292: 7822,1463,5046,280,128,7926,7116,7992,6633,2875,3902
3293: 5371,3624,2268,7964,792,4910,1774,4741,189,6669,6069,814,3687,1433,7384
3294: 4849,6685,4576,1565,7955,4715,1955,4041
3295: 200,3689,1054,7958,6487,394,3550,7359,8143,6698,5339,1288,5886
3296: 6495,1750,5358,8046,6747,5354,251,1135,7519,2220,2638,2504,5751,4545
3297: 6757,1752,7897,1443,2548
3298: 6748,6808,2033,5322,10
3299: 1464,6835,6022,1385,5057,829,7404,6378,3366
3300: 2484,4691,4831,4245,7494,1434,7162,6847,3601,1481,215,239
3301: 7729,3384,639,1465,1560,4808,5075,5510,6878,150,7999,1151,1137
3302: 4060,7286,1685,778,7577,6887,4328,2631,474,6510,6001,2173,6949,5860
3303: 2128,1327,6153,2617,7774,6895
3304: 2927,6932,1686,4199,1075,7453
3305: 176,7734,4761,2663,6590,4133
3306: 7806,7428,495,137,3717,1119
3307: 1587,3308,8031,3542,4682,6462,2651,4600,611,142,7265,2401
3308: 1587,3307,7456,7632,8031,4290,4682,249,6462,2651,4951,5008,4769
3309: 4031,727,3527,8067,4890,5676
3310: 1963,7084,4931,4112,4355,2112
3311: 6868,386,3013,6545,940,93,2568,2596,5353,5287,962,5298
3312: 107,5355,2449,1986,7583,2117,6444,1442,4010,4686,4966,4371,819,937
3313: 3986,1435,3807,6906,5430,67
3314: 5432,1519,4297,2996,2107,454,4163,4836,1165,3544,3829,4206
3315: 1486,6899,557,6671,2391,5562,7327,7285,5165,1614,2086,8169
3316: 4292,929,5494,1216,7342,1577,5921,7288
3317: 619,1836,5401,2439,6928,1713,6287,5866
3318: 1092,3599,1378,5614,3503,6449,755,1721,6494,5425
3319: 2720,7509,6859,6434,6754,220,4995,1459
3320: 1943,1410,162,4139,6799,7154
3321: 7022,6537,5926,3637,417,6928,5401
3322: 6114,4482,1545,2861,6967,728,4327,3848,6831,714,5116,2022
3323: 5080,2646,1344,4168,174,1930,1436,6976,443,5388,2689,990,984,7469,2623,5949
3324: 1197,3538,3633,4290,578,7000,7960,8034,6626,4425,1504,6966
3325: 7007,6031,3435,4384,114,828,5583,5181,6583
3326: 7472,5552,4650,6119,1662,392,5884,3259,7073,786
3327: 1744,2089,4331,894,5477,1467,7100,38,7420,4588,3817,5254,6362
3328: 5754,2377,6547,8052,7126,6473,3659,5294,3170,7845,531,2777,5693
3329: 7414,5372,6810,2184,4123,1722
3330: 2732,4495,6495,117,1750,2218,1809,6769,7557,7165,4637,6747,1310,8103,5329
3331: 3807,696,7255,4286,1512,5206
3332: 2655,7279,4236,7768,2004,4940,1723,3732,5442,2979,6907
3333: 5482,1537,1256,4226,6488,7304,5553,5693,2914,4597,6343,3241,1613,801,131,7876
3334: 3153,3926,1085,780,8130,7486,6333,206,7323,5030,3132,1279,4998,7248,6602,6571
3335: 5767,1907,7388,7545,7319,313,2393,4440,7816,933,5464,2600
3336: 2380,6421,4571,7413,630
3337: 551,3682,7860,5817,4948,6007,3344,8175,7459
3338: 8000,7667,6638,6470,2903,7467,2304,234,1730,4406
3339: 439,2513,805,5786,7711,5599,3761,2243,7502,3923,8105,6138
3340: 5371,6429,7964,1774,7052,3368,3580,7505,5832,4011,25,6667
3341: 7848,5665,3966,6312,4104,585,7481,3504,7490,7540,3894,7752
3342: 198,2751,5953,2001,4561,5578,5323,4249,411,2941,6798,6511,5747,7669
3343: 5127,4423,2725,6491,7918,7680,3282,1298,4713,5198,4309,649
3344: 6337,8175,7459,61,551,7409,3337,3682
3345: 1052,14,2928,7759,4337,5029,6987,3524,360,6401,3937,4979
3346: 4201,5247,7485,4815,2525,6988,418,1007,5347
3347: 2024,7447,7685,2281,1827,5519,3044,456,5249,2802,4347,5972,7758,536,3612
3348: 2411,2289,814,1433,7433,1285,4564,4741,1940,5382,7590,5291,6508
3349: 7985,1838,5557,266,6235,6212,132
3350: 6507,316,60,421,3063,7603,1616,7482,7065,5741,5299,7003,3048,7489,675,810
3351: 5744,7139,4468,2816,1301,5766
3352: 6198,6924,5881,6366,1530,5543,2247,2038
3353: 850,5982,448,5940,2316,7069,6577,1181,4307,7938,2616,5289,3150
3354: 1767,295,5883,7794,599,5612,647,7670,7220,5137,6023,2360
3355: 6978,5458,573,1912,2921,311,6112,5752,6273,3851,7979,1841
3356: 6883,6139,122,5212,3169,4591,7120,7778,3056,4463,5945,7044,2795,196
3357: 6787,6160,2440,1243,277,7321
3358: 6162,6262,5754,1716,3980,1863,361,7126,4970,1276,3145,7172
3359: 6664,130,788,3611,2135,1812,3846,4320,4697,6166,7707,7673,7963,5582,3841
3360: 2356,6174,1234,6493,1949,7322
3361: 2318,8104,5735,6936,6180,4611,1350,385,6408,6543,2437,6957
3362: 1279,2635,7842,2170,4345,4514,7248,7008,920,8079,3074,1085,6318,102,7323,7942,2235
3363: 7916,1204,7927,6356,2217,5521
3364: 7033,3727,6156,787,657,4242,6924,2330
3365: 6825,1281,2241,7203,6368,2201,5978,5694,955,7311,5718
3366: 7667,1842,1536,3772,401,8191,3299,5057,829,6378,6279
3367: 6458,1803,5288,158,7351,1733,5079,5804,1983,2260,7334,2666
3368: 7052,6531,315,3260,5371,3624,6429,1406,7964,1774,3340,2735,7505,5832
3369: 688,6534,4833,2082,2760,7530
3370: 7694,7524,3059,6072,6517,340,687,6610,1367,4689,1018
3371: 303,6623,8166,3969,2960,6709
3372: 4543,6661,1864,3844,8005,4513,4832,1981,8158,1336,148
3373: 3048,3551,7392,1807,345,4402,4654,8048,3979,7328,1771,6689,686,7482
3374: 540,8174,3554,6710,6940,4042,1865,5311
3375: 6718,5742,2757,746,7802,5607,4115,6532,4318,3233,4217
3376: 7642,622,6993,6735,7894,3797,2386,7324,4308,4798,800,5407,1161,6274
3377: 4720,507,3130,1869,4415,7951
3378: 7672,978,569,2973,5740,1585,6016,4487,1871,1109,8097,7605,2029,6947
3379: 7811,1506,2279,6813,15,602,2834,914,4665,7805,376,3787
3380: 6553,2866,5714,5868,710,3971,6777,5900,1489,5241,548,1396,2796
3381: 7770,6540,255,1470,1928,7791,7473,5384,3963,1987,5908
3382: 4227,5660,7228,1473,360,8192,6591,3484,7031,6131,7580,4378
3383: 5898,6354,1557,5624,1437,3731,4820,3630,4176,7631,1162,7598,2574,2368,4862,1399
3384: 2363,1025,7729,3301,6741,639,5973,769,1465,5730,5951,7517,5075,3865
3385: 7081,7750,5920,1021,4210,4408
3386: 81,7818,1198,7410,5469,4426,1299,7051,5398,921,1866
3387: 4060,7577,6887,474,7431,3091,7868,6964,906,1031,2660,6090,6360
3388: 7890,387,1163,4826
3389: 7905,5788,4759,4631,2579,5931,3599,1378,5425
3390: 5127,4406,4423,1229,7918,3282,1298,5779,642,6223,3177,3113
3391: 1118,1174,1673,3709,5412,194,7925,626
3392: 7929,4,4882,6826,344,749
3393: 6492,1230,4021,5078,4528,1703,4171,2514,6838,143,7949,8094
3394: 2817,1448,4338,5394,1356,7997,7886,6557,1775,4471,8176,7170
3395: 1164,4722,2368,3126,6110,6668,8018,867,5892,4329,1399,4827,3416,6168,2294
3396: 8024,2669,528,6432,7148,602,634,376,4358,5105,6455,3146
3397: 3545,5618,4970,263,5939,8090,8026,6815,5782,1507,156,5835,1863
3398: 6186,1351,1873,4709,5240,6055,6965,262,5879,3686,1551,8033,4539,5170,636,7966
3399: 5703,8045,2883,2436,6226,3919,1591,1022,1192,8084,7781,4446
3400: 1660,6873,8002,8051,8035,3444
3401: 5720,918,7888,4803,2213,5936,6292,239,6875,1082
3402: 1360,7458,4361,2629,518,5454,2355,4601,4382,1688,5971
3403: 292,8072,7671,5019,6716,5710,2005,7143,4650,392,1472
3404: 1591,4883,1022,1192,2351,5746,8084,2186,7430,6083,3101,8045
3405: 6411,7076,1690,3658,7527,8095,5911,3230
3406: 3823,8097,4891,6306,7605,3412,3058,2029,6947,2753,2446,6513,4635,5740
3407: 1115,4889,2850,1428,7348,8102
3408: 8137,103,5138,2048,4804,1583,8125,7564,4323,930,6496,498,2313
3409: 6024,5885,811,2211,1398,6244,4430,2433,2560,4751,8132,86,4552,7799
3410: 2091,5445,5331,1828,1240,6260,3987,2049,8136,3134,4810
3411: 5965,1784,4547,2994,5429,7928,3631,8141,6198,1231
3412: 4891,6306,7605,3406,2446,8144,4534,1585,2185,1203,7227,899,7015
3413: 4836,1165,3544,765,2110,4206,5501,5392,2773,4270,8068
3414: 1779,4663,2371,7555,1868,6353,7860,5817,4280,6117
3415: 2066,4927,3696,4510,8122,6161,4990,6205,1166,19,8096,2803
3416: 6960,4722,2368,3126,3395,6110,5699,8018,4862,5892,4329,4827,2463,2588,2016
3417: 4155,3723,4746,5797,112,2139,286,7567,2319
3418: 6990,6440,354,5692,7464,4943,4033,5185,2784
3419: 4981,5266,680,380,3956,5594
3420: 5108,7107,1352,5878,2351,5746,8019,703,948,459,2581,1517
3421: 1426,2648,6822,113,4185,5226,5121,350,6649
3422: 2916,7935,5228,5525,1461,5026,5884,1472
3423: 7163,5053,776,1055,2531,5242
3424: 208,6588,5466,8128,1574,5663,3665,426,3196,979,5768,6609
3425: 7344,3496,5494,3655,902,5297,6284,1876
3426: 1825,8095,5911,2712,4207,1890,5091,5812,7005
3427: 5967,2904,4400,5986,6364,1855
3428: 8096,1330,7232,2334,2475,537,4336,6881,3696,4510,8122,6161
3429: 4677,2596,5353,4641,7335,941,1968,940,7978,6414,2568,5298
3430: 6425,7930,6083,1854,4048,4005,6258,8037,1462,312,5035,4278
3431: 5514,1979,7775,4778,5078,2514,3066,1590,4752,2881,4012,4485
3432: 6525,1738,3504,1150,7490,5173,1800,2049,8059,618,4810,153
3433: 1259,2450,2242,7907,771,6528,4952,7206,5428,2339,491,2370,1601,4653,4756,7679
3434: 8082,4344,1893,5524,6635,5270,6548,1896,7036,2935,7533,2045
3435: 6031,3325,1466,828,5181,6583,6096,3181,3973,7664,328
3436: 3264,346,7129,6025,2075,4349,4335,6587,987,6210,1241,1625,5338,3604,4531
3437: 5082,2,2813,650,2715,1486,6589,4341,1503,5869,7327,108
3438: 2556,6024,379,5885,5722,811,854,7177,5386,2211,1398,6244,6592,7697,4742
3439: 2021,5457,6781,2833,6860,5393,1607,80,2599,5736,6052,5518,5095
3440: 35,6281,5876,6744,4818,3864
3441: 5223,7238,6814,6830,4039,289,2965
3442: 2492,1621,4738,5922,6848,423
3443: 4504,617,1444,2744,2733,4289,7208,336,6871,7184,3243,2743,2719,7477,4745
3444: 57,8035,4088,6102,6873,3400
3445: 458,1212,4043,2171,7842,4998,6876,7096,7248,5506,3132,3229,5126,758,6104,5844
3446: 6498,6894,5309,7531,461,4432,6530,3762,7730,6478,912,8109
3447: 2801,7343,4905,6914,5231,7515,425,7012,757,3471,3069,1438,8062
3448: 27,2167,7945,1849,6934,982
3449: 3237,1724,8104,63,2344,4611,4200,2413,1756,4592,2266,494
3450: 6877,4095,6435,1278,6295,4484,2677,2137,6159,8188,3482,183
3451: 4735,7,3008,5838,1361,2283
3452: 411,1190,6798,3231,3072,6079,5932,4963,5307,7834,3539,5340,4013,5361,3643
3453: 3229,6892,5126,3841,1232,1792,5844,4586,4362,7090,331,1946,6369,7152,7707
3454: 2091,195,3568,5535,6260,5549,1224
3455: 3700,3252,7906,1555,6790,8179
3456: 6114,4482,1545,6246,7610,2861,308,5860,6949,1194,7286,2631,6001,1331,3516
3457: 7991,7703,4002,91,3960,6020
3458: 2020,1082,396,4042,1865,7710,2962,3950,7054,4803,7235
3459: 4950,5304,1193,7733,2103,7010,7566,2399,3540,193
3460: 952,4508,6021,1691,5260,4018,7406,1669
3461: 7524,3059,7701,2889,687,6610,1367,1739,7912,4714,6249,7552
3462: 7917,7347,279,8145,6585,2180,6955,1790,4777,6286,3889,4454,6410,2985
3463: 6177,7108,837,7219,4903,2238,6584,1985,159,7943,7169,4526,5120
3464: 6902,1030,3587,5202,1810,7953
3465: 3696,8122,6161,6205,19,537,5666,2065,7959,6881,903
3466: 1329,7975,1130,1233,823,7522
3467: 3051,1551,4916,7560,1088,6927,3777,8033,2050,5170,7990,169,7439,4895,58
3468: 5523,1001,7458,3062,8014,4337,5029,2629,6987,764,3524,14
3469: 4671,1755,8027,6725,6294,3143
3470: 2975,4086,5995,8043
3471: 757,5793,5918,6531,3069,5096,3260,1438,8062,7343,4905,6914,7515,3447
3472: 683,1637,1363,1341,7058,4593,7102,5375,5262,2412,8081,5632,7333,1409,526
3473: 457,8085,650,6002,3716,3179,1198,6064,5213,1029,2859
3474: 1885,8115,6651,3103,220
3475: 5289,1248,651,5962,5831,8126,1935,2453,6776,6015,2839,763,5424,4256,6229
3476: 2825,3760,6035,6565,5350,4291,4092,6133,7441,1692,1701,8134,4532,3025,2039
3477: 256,8150,710,6777,1081,5241,5597,7260,1355,4549,2305,6555
3478: 7496,5711,4492,8172,603,1664,6778,6569,3094,7753,2502,1070
3479: 3097,5280,8177,1872,5778,8080
3480: 1661,7443,6042,8181
3481: 7642,622,6993,5348,652,1909,1546,3618,2679,8186,6772,1255,2740
3482: 7978,7947,2137,6159,8188,863,3843,183,5646,6435,6295,3450
3483: 2020,396,1865,5311,7710,3554,5282,5870,797
3484: 1020,6591,3118,7275,7784,1377,2182,4618,7228,3382,8192,4378
3485: 748,4610,1999,4152
3486: 4845,4629,4254,2293,562,2766
3487: 1666,1875,221,366,4362,5801,2647,5027,4363,6395,2335,1152,1946,7742,4317,6221,3611
3488: 3634,6626,4568,3027,7040,5415,4425,5941,7000,8034,1504
3489: 3806,3202,1343,6865,4530,2303,6897,1837,6475,1666,221,366,5801,2647,5027,4272,4835,5111
3490: 7061,7231,1420,2237,7149,904,6678,5414,4538,2315
3491: 2899,6270,7576,4914,1937,4494
3492: 4783,832,134,8051,5001,4396
3493: 2643,1640,2505,3182,5014,654
3494: 1187,485,4765,2485,469,5097
3495: 6605,1446,5284,4188,3686,7571,7966,8040,3023,2968,5935,6186,6855,1873,227,4709
3496: 7344,6093,278,3425,7438,5297,905
3497: 7547,6864,690,1349,623,5491,1956,4860,7911,1971,1140,2933
3498: 5513,8129,1959,3845,1450,927
3499: 2761,347,5516,7858,7185,2162,2102,1923,6006
3500: 5708,1622,6019,6621,5550,3741
3501: 259,6568,7833,3259,7073,4052,5066,7308
3502: 4551,1709,4063,5561,5642,5945,4893,4240,1423,2447,1597,49,4463,4591,7044,2527
3503: 1092,5226,5931,4733,3599,1378,5614,6449,3318,755,1721
3504: 3432,6525,1738,7490,7540,3341,5665,4431,3966,585,8059,7752
3505: 2063,1890,2775,5568,969,222,5091,5697,6874,4533,6608,5592
3506: 5750,7539,3860,4195,1993,4670,5509,5825,2478,4080,7121,1735,676,943,7451
3507: 6065,2958,4284,1227,3715,568,5479,2090,3961,5791,4161,7649,1260,7711,55
3508: 5101,1297,5258,653,3596,6314,4356,5983
3509: 6061,619,6935,1836,5401,5848,3637,7374
3510: 7893,6812,7485,463,949,6084,6665,1663
3511: 6074,6102,5290,5631,1669,4508,4018
3512: 6125,5140,7607,6686,3912,8112
3513: 3291,530,6499,7659,2298,6158
3514: 4690,3190,6099,3573,944,6303,1861,2959,6179,5653,6629,3079
3515: 7823,6222,286,1944,1169,4131,5537,6992,4094,17
3516: 4987,6016,1331,1783,7167,6513,2532,6246,3456,7610,1871,308,1109
3517: 4891,6306,7708,2753,2446,2160,577,6521,6105,6559,1203,899
3518: 6955,6849,729,1790,6181,2455,7678,4777,6053,7417,1490,1307,6346,2180,7261
3519: 5244,6406,2311,5420,6387,7830,5,915
3520: 5355,7583,6444,8165,5541,2540,7779,1117,6336,7751,4289,2976
3521: 4157,5163,2172,7110,5972,2030,1906,5962,2737,5756,763,4256,456
3522: 7645,4138,238,762,4404,5293
3523: 7661,8173,109,2219,6909,6950,6070,2329,3657,6373,5116,2022
3524: 764,1473,360,5628,3468,5029,6987,14,3345,6401,538,4979
3525: 773,3202,1343,7717,8001,4530,2303,6897,7157,6475,3129,2727,560,4707,415,5954
3526: 7207,859,6201,3209
3527: 4031,2541,3309,4890,2791,7976
3528: 1056,4606,5198,7581,159,1159,649,4767,5820,3685,5433,6584
3529: 4273,1768,7675,2254,8009,3276,7615,1605
3530: 5486,6484,2231,2026,402,6293,7690,5897,1667,7429,945,4480
3531: 7496,700,6569,1106,3663,7981,7969,5263,5834,6008,2805,5823
3532: 8070,5438,4090,7767,6863,330,725,7740
3533: 7807,4205,580,7379,759,4771
3534: 1407,1149,7622,6806,7588,4874,5590,7869,1357
3535: 7399,7624,6033,2717,1107,7898
3536: 6073,2450,779,2242,7907,771,3185,790,3098,2799,5950,6147,6634,6515,3148,7226
3537: 6858,7923,7743,2877,1722,524
3538: 1197,3324,7456,7632,3633,4290,184,7960,4507,8034,4425
3539: 4797,6063,1524,5340,4619,4013,6511,5359,411,3452,4963,198,4249,2852,2420
3540: 1617,7994,2808,5117,193,3459,7010,5875,6820
3541: 947,4775,4202,8015,2942,6803,3752,5064,4681,1714,3104,6711
3542: 1587,7362,257,3307,7632,8031,578,4682,142,7265,2401,8083
3543: 1490,1307,389,6346,2523,3099,7261,5312,8055,5157,7417,8162,106,2804,1953
3544: 3413,1165,4206,2773,4793,4270,4666,8068,1928,5432,3314
3545: 5618,6382,4970,3397,263,5939,1408,4263,8120,8090,3145,8026,5835
3546: 281,2678,3799,7254,7293,1058,695,838,6345,8100,2688,3718,4364,7834,488
3547: 1226,263,8120,8090,1384,4958,3024,2657,5782,2387,5470,6217,2774
3548: 6605,3707,3124,875,4605,4188,1658,579,6855,2323,227,8124,7354,7375,4328
3549: 5824,3792,1746,973,4422,6425,7158,703,4461,8133,1517,4883
3550: 200,1054,3295,7359,8143,5339,7518,1288,1526,724,4055,5886,930
3551: 3048,3373,345,4654,8048,5122,4269,8147,45,3979,1771,6689,686,316,7482
3552: 8159,949,6084,5729,7426,3794,4791
3553: 4175,5716,1090,8168,1145,3077,2503,2208
3554: 8074,3374,8174,3483,5311,5603,8190,797
3555: 4718,2469,1892,4261,5739,5976,8180,2908,4955,1689,7732,2577
3556: 1413,5300,3741,6991,7738,5708
3557: 4150,3085,2306,2925,2508,6291,5292,2974,7762,7794,4114,7727,1908
3558: 2646,5009,1344,7687,174,4228,5024,1641,6802,979,5803,2035,7059,2555
3559: 3698,3761,5074,629,3283,1042,6227,5734,4250,2274,4460,7910,1769
3560: 1667,4369,4275,1924,4689,2287,4480,7391,340,6113,5787,47
3561: 2820,958,357,4730,5196,5153,5785
3562: 1305,426,261,5238,4079,4846,4583,1777,5632,6224,1409,5758,7102,5375
3563: 6266,669,6044,4924,7750,5920
3564: 2750,5072,5772,3755,768,5050,3773,7602,5349,7271,6660
3565: 5411,2609,1677,7343,4905,6662,1608,5231,7720,425,175,2887,4540
3566: 2911,5504,185,3795,6404,6075
3567: 287,6607,4350,5511,6846,7666
3568: 3454,5535,4099,186,5164,5821,482,5549
3569: 1535,1902,2806,6898,2102,4816,5273,5545
3570: 2751,7586,3940,1267,2001,2790,4561,2071,5578,455,6315,869,2876,6409
3571: 7007,114,4683,5583,253,414,5585,4569,3953
3572: 3946,1552,5604,1145,7986,6945,2503
3573: 4690,6339,3514,3190,5606,6721,1255,944,1830,6116,2679,6303
3574: 4,4882,6471,4340,3809,4972
3575: 6200,348,5682,4947,6755,3804
3576: 5689,5896,1091,7371,2190,901
3577: 5738,5099,5910,5579,5407,808,1246,2506,7324,8088,6741,2966,1325,33
3578: 5392,43,6648,1539,2061,1188,6554,2123,6728,7526,5269,5501
3579: 384,2793,6489,5763,7332,6433
3580: 3815,1003,4930,7205,2735,4994,5461,7505,7052,3340,5832,1158,6667
3581: 292,6204,7579,8072,1011,5937,1787,590,2840,4475,5836,339
3582: 1379,2758,7832,408,2443,6059,7172,6919,4669,6162,6262,1716,1033
3583: 7099,6116,237,7704,293,6008,7130,4877,7820,2805,3972,5606
3584: 4704,6352,5810,1236,6142,7192
3585: 5810,1236,6324,6144,423,4738
3586: 6653,1410,2189,162,1218,3965
3587: 6321,1030,3464,7379,759,5202
3588: 1814,4127,2249,438,545,7621,6379,1680
3589: 5221,5639,2672,4737,7137,1514,6389
3590: 290,4914,7909,6430,467,7147
3591: 2780,2133,6456,8092,2015,5616,5417
3592: 7765,3676,204,7287,6512
3593: 81,7818,2271,3090,4483,4878,4656,1858,6064,5378,4449
3594: 238,5780,5293,2649,7576,4494
3595: 2476,7247,4457,2296,2878,4917
3596: 5101,1612,414,3508,653,6314,5585,1235,4683
3597: 5601,2283,5526,5180,1361,6879,7471
3598: 6693,3158,2946,4267,3758,5811
3599: 1092,5931,1378,3503,3318,5335,4759,4631,3389
3600: 5934,4007,6199,7541,4926,7931,31,6238,462,1282,7314,833,3165,1793
3601: 4831,7162,3300,1887,2115,2701,5947,7188,5936,6292,239
3602: 3937,7135,1710,5958,6131,1887,5566,5947,8053,7188,5936,2705
3603: 6738,1801,6231
3604: 4189,4008,6752,5993,1041,224,4531,1625,3436,2075,4349,6587,987,6210,5426,6196
3605: 7956,2215,7041,2042,187,6349
3606: 1092,5226,4733,2120,5614,6449,794,7246,1491,5328,3096
3607: 7259,1949,7739,5460
3608: 963,1075,4129,7453,5912,7066,6426
3609: 5083,7316,4864,8149,7558,2592
3610: 4567,1287,4452,7623,1452,4688,1019,7421,7899,2529,2307,3619
3611: 130,1812,3359,7707,7673,7963,1875,4032,7023,4362,3487,4363,6395,2335,4586
3612: 7758,536,351,5374,4748,5249,2802,4347,5919,5972,7447,1827,3347,5519
3613: 2363,769,5730,1657,111,5833,4811,5951,2410,3865,8185,2662,6380,7764,1257
3614: 6285,1994,3849,1695,7785,270,7534,5837,6076,906,1726,4657,2660,4089
3615: 1345,3725,5370,4107,7808,7718
3616: 5002,7996,2931,4992,7083,133,7822,280,7926,2875
3617: 6973,7240,7887,3106,3219,397
3618: 3627,4308,7840,4798,1909,1546,5364,2364,7642,622,6993,3481,7894
3619: 4651,2307,123,5474,7421,7899,3610,2529,1559,3859,4203,7016
3620: 7902,6126,5245,6335,201,4091
3621: 5256,7904,1453,7374,3031,4818
3622: 7920,3019,6490,3757,8050,4253,1205,575,4403,341,372,2964
3623: 6995,1454,7339,840,2047,4576,7955
3624: 5371,6429,1406,2268,7964,4910,3293,1774,189,7967,6669,1144,6531,3368
3625: 7637,1942,730,3908,5257,7982
3626: 7703,6622,1261,4802,1087,5871
3627: 7999,352,7840,2656,1151,5839,1546,5364,3618,2364,5385,5510,2175
3628: 5022,7475,4674,1705,4409,8007
3629: 437,4172,2716,7604,1553,2536,6952,4928,7952,3970,1049,3669,7200,4353,5673
3630: 5898,6354,1557,908,5624,3731,3383,2886,1829,6611,5496,2060,4209,356,6341
3631: 5560,694,8141,3911,4264,3411,1231
3632: 6507,316,3063,7065,5741,1063,5344,1195,2345,7009,4630,2148,2564,8069,4519
3633: 1587,1197,3324,7362,3538,7456,7632,8031,4290,578,6966
3634: 6054,4071,6626,4568,3027,7040,813,3488,5415,4425,1000
3635: 2739,79,6717,6049,2255,7721
3636: 218,6765,4752,1759,4673,3223,6688,5867,6692,3848,5514,878,1262,4873
3637: 5848,4776,417,3321,3509,6935,1836,5401
3638: 4904,1460,2918,531,1497,6983,3822,1613,801,5055,131,5551,7493,6197,6942,431
3639: 6985,2885,160,6041,4971,711,541,2495,2058
3640: 6854,7693,4974,6474,7402,4081
3641: 1772,4838,1562,1237,8065,1365,5161,3691,4020
3642: 7074,6175,4356,4535,6095,1297,5258
3643: 7834,4797,1524,6267,488,5340,4013,5361,2519,4364,695,838,6345,3452,5932
3644: 2782,7462,8178,6252,891,6958,5345
3645: 2021,5393,2599,6052,5518,490,7715,1731,5826,2427,5909,534
3646: 4443,7702,5395,197,5153,1183,388,2595
3647: 2140,4419,3771,6774,3009,7465,5459,1346,7835,972,1595,284
3648: 5324,1889,3802,6,7819,6320,2686,5100,5468,4151,6385
3649: 1899,3088,7585,6896,5655,3015
3650: 7085,5843,4924,1668,4276,1210
3651: 5916,895,2227,2938,7892,5728,3140,503,5942,5753,6759,6289,190,5167
3652: 161,1770,2637,1065,5644,6036
3653: 4763,6734,4734,1335,1533,7438,6093,278,2863
3654: 581,4695,4689,7391,7325,3968,1739,6249,7694,7524,3059,687
3655: 7344,2728,929,5494,3425,6284,5250,1876
3656: 7821,6331,1313,2915,1425,6327,7469,4315,2623,672,7233,4092,1938,16,460
3657: 3693,6070,2329,6373,714,4778,5116,7661,8173,109,6922,3523,8087
3658: 6411,7076,3405,1690,2888,2534,7527,7854
3659: 6642,5294,7340,3170,2690,7845,1507,6450,6815,4926,5939,156,5835,7126,3328,6473
3660: 2915,1425,7469,4315,2202,672,7233,5949,5764,5423,6390,6476,2771,5851,203
3661: 2912,4302,4186,2168,1593,5235
3662: 2057,604,6089,8086,5268,6700
3663: 7981,6172,2023,7722,5985,475,7969,3531,700,2359,4390,5823
3664: 2764,6506,6690,1071,225,6715,2114,4191,4506,2957,1475,5957
3665: 6000,5296,1619,916,6588,1574,3424,426,3196,1777,4097,4142
3666: 4139,4599,4800
3667: 1195,2841,872,2345,4137,4929,7009,4500,4141,3109,273,2807,1063,1049,7200,5673
3668: 4314,5507,5874,2516,4617,656
3669: 3109,620,1403,273,2807,3970,7200,7500,4353,6092,5673,437,3629,5422,6779
3670: 5500,529,4521,6760,4450,3933,586
3671: 5406,2860,5597,2754,7260,2011,1355,4549,3246,873,7810,6555
3672: 2328,188,2747,6370,7301,4864
3673: 983,5685,6454,3711,6171,621
3674: 6654,40,1516,4136,5858,1555
3675: 7153,4978,7142,6122,7049,1419
3676: 7765,3592,204,5177,957
3677: 834,3162,5777,4324,7780,4799,3834,3240,2755,719,1375,7760,5156,5332
3678: 8017,2269,7204,745,6994,163,2658,4343,1743,7221,7812,5530
3679: 571,7129,4173,2084,6025,7826,4335,6587,6009,4964,1363,7561,7824,1780,2812
3680: 7714,2789,7828,5587,1821,963
3681: 2442,5670,1094,4281,1178,5726,6599,3977,1984,7839,6317,4458,1778
3682: 226,551,3337,1441,7555,7860,5817,3344
3683: 1929,6194,924,2585,5575,4881,7862,4174,2145,4375,6154,4823
3684: 6392,2884,1268,441,4019,6795,5143,3891,7914,1364,552
3685: 5539,4767,5820,7937,4701,5433,3177,1298,3528,159,1159,649
3686: 1088,6927,8033,7571,4539,5170,7966,6186,1351,1873,4709,3398,6965,3495
3687: 3930,814,1433,7968,5399,6056,2681,792,3293,5004,189,6669,6069
3688: 4223,7535,2014,8004,3045,1390
3689: 200,6282,394,3295,8143,6696,164,7518,7196,8029,5440,1288
3690: 2756,1373,8039,4448,3984,257,6253,8146,2618,7804,6923,142
3691: 5161,125,2150,4020,3641,1237,8065,1365
3692: 8077,4133,4848,5025,453,7801
3693: 1979,6070,2329,3657,6373,4778,6439,8173,483,8087,143,8094
3694: 283,7450,4233,1544,1879,3805,6866,4009,4607,2246,8099
3695: 2550,8114,4983,7874,4116,5638
3696: 4927,4510,8122,3415,3465,6161,6205,19,2025,3428,5666,6881
3697: 7392,1358,8153,4654,7182,3979,7424,7328,3722,5570,6689,6655,1069,3116
3698: 4856,5074,7761,3559,629,8164,6227,5734,8167,4250,767,4460,1769
3699: 7291,5887,2123,917,1920,165,7526,6342,7336,4770,1356,8176
3700: 3455,1555,4136,8179,7163,6003
3701: 4380,1221,7721,166,6220,6027
3702: 7645,4138,290,2477,6837,4578,1556
3703: 6890,2869,155,2474,1440,2462,6882,4938,3187,6767
3704: 2638,5056,7939,1147,1549,919,4545,4495,6495,1750,2218,3129,7717,8001
3705: 5195,8078,8016,4780,6929,7713,70,8157,6293
3706: 2357,1176,5040,5636,5789,5279,7202
3707: 6605,3548,5640,1446,3124,5295,875,4605,5690,6964,4188,1098,1726,3091
3708: 7625,4107,2405,4999,5404,5641
3709: 5650,1673,7060,5412,3391,353,1174,7925
3710: 7865,7105,6580,3180,5809,6979,4231,738,5677,5683,1213,4922
3711: 983,5685,8155,424,3673,5903
3712: 5705,1817,2302,772,1910,3286,6081,6302
3713: 1848,6213,3974,6732,4772,5774
3714: 881,5790,4969,1332,242,5278
3715: 7803,3507,984,6996,568,5479,5851,2090,7290,4388,1847,6322,990,2954,3961
3716: 5873,7051,6002,7771,3179,7818,1198,8085,3473,1029
3717: 3306,137,1146,4192,5880,1119
3718: 190,1153,2688,2533,4364,4912,5916,6759,281,3546,7293,1058,5167,8100
3719: 7768,2004,4940,4346,5966,2724,7491,4236
3720: 1905,2342,5569,4541,5176,5974,5776,6100,1934,7786,2834,3787
3721: 6091,358,5994,5037,7933,3020
3722: 2895,45,2554,3979,7424,7328,5570,4524,5996,6689,6655,1069,7392,8153,3697
3723: 4155,112,718,3417,7567,7231,6046,1382,327,2319
3724: 4713,6050,4606,5198,4309,320,2725,5045,6491,2794,2907,1632
3725: 985,1345,6123,3615,2426,7718
3726: 3207,7055,5906,6137,1015,7772,6485,6405
3727: 5061,6156,3364,657,470,4771,4066
3728: 5369,5595,5230,827,2809,6241
3729: 8040,6283,2285,3023,1157,1819,2456,4303,4582,4660,5935,7034,658,5517
3730: 283,6338,1244,7450,4233,1879,6866,4788,7221,8110,5530
3731: 5898,6354,1557,5624,1437,3383,4820,7513,3630,1162,356,2204,7620,1164,2368,1399
3732: 1723,6440,354,5692,4792,5442,616,7464,5567,3332
3733: 5094,6080,6352,3880,6459,6195
3734: 5615,6597,3881,4215,168,7178
3735: 7088,287,6607,5276
3736: 4052,5550,2300,942,259,6621
3737: 7212,8173,847,109,6922,836,7919,4869,506,3877,6190,483
3738: 2027,2352,971,6751,2258,4901,6259,3159,2620,1211,4167,4997,4919,2179,7795,6402,1460
3739: 3247,5631,7372,5224,679,1669,798,398
3740: 5369,2569,5148,1263
3741: 5550,4645,7738,5708,3500,3556
3742: 7266,5772,2332,3755,6986,1120,7127,1462,243,7773,94,8037
3743: 4077,7797,6152,3874,4219,7913,857,5743,12,7544,2745,1320
3744: 3904,6602,1477,1315,6571,1129,4105,4160,149,5118,7857,5506,3132,643,7486
3745: 7932,5485,7385,6018,4468,1301,4565
3746: 582,7428,2587,6372,7916,7936
3747: 1764,172,4794,2041,659,7927
3748: 5934,6199,6815,2657,5782,732,4140,4084,4926,7931,1507,263,5939,8120,8026
3749: 4802,464,6817,5648,4026,2064,876,7948,6622
3750: 7667,1536,8191,7467,6232,6612,5057,6378,7957,733,1730
3751: 3279,5532,5865,1173,660,6043,1988,5554,597,5642,7961,4664
3752: 7271,2942,7983,6870,6803,4366,947,6660,2697,3040,3541
3753: 7151,1670,877,1684,8006,6641
3754: 5928,4850,2654,8012
3755: 5072,7266,3564,5772,2332,3742,4181,768,6986,6660,7127,7773
3756: 1308,2670,7756,5888,5354,5109,975,7519,5598,5727,355,3785,2382,8046
3757: 3622,144,7920,8093,2949,3019,4555,8050,5856,7425,5808,2964
3758: 5811,5261,6483,427,6693,3598
3759: 2561,3171,5548,8073,4442,1824,661
3760: 3476,8075,2825,2199,7504,6035,5338,5350,7313,16,1762,3036,7441,276,1692,583,525
3761: 5074,7761,3559,629,7502,3923,8105,1217,5599,7910,802,1769,3339
3762: 6530,7730,6478,3212,7641,8109,7398,5309,7531,3446,1742,1538
3763: 6707,5431,4595,7393,6479,3195,408,4529,4589,803,6067,5662,3122
3764: 6176,8138,774,7570,5178,4937,6371,2522,7160,834,1200,4585,7104,1975
3765: 6789,31,7917,3141,7347,6255,1430,462,279,8049,8145,3003,6585,628
3766: 4420,244,7558,2659,5723,4000,8149
3767: 7695,2253,7600,4145,8156,6717
3768: 4995,8182,3915,5197,1459,8115,4908
3769: 7121,1423,7197,2447,1597,1735,3056,4463,676,8184,322,6883,6139,7451
3770: 2452,632,6086,4235,584,8187
3771: 2140,497,5267,4419,7465,5459,3647,972,1595,1483,2545,8189
3772: 1842,1536,3366,6470,401,5877,8191,829,5400,7401,913
3773: 7602,7365,4238,7578,429,2750,5072,4298,3564
3774: 1651,4439,7250,419,7283,4225,5591,2063,3155,6608,7520,285
3775: 272,4447,7589,2082,4190,78
3776: 4747,1062,4339,5698,2434,2696,323,4481
3777: 3051,7560,3467,1088,6927,2050,7990,169,843,7439,4577,4895,5762,7356,2071,5800
3778: 7334,5150,635,4584,5596,7355,1803,6770,959,2078,6850,364
3779: 170,7574,129,7934,4702,4814,3835,7043
3780: 3997,6106,8118,145,4819,7877
3781: 5686,804,1586,4852
3782: 4151,4762,1474,6851,5324,6398,1270,4234,3991,404,4855,5669
3783: 439,6582,4758,5000,4161,2220,7649,1260,55,1317,5285,2504,1549,8028,6917
3784: 5893,1878,565,167,7445,5069
3785: 1693,4573,5727,355,5109,3756,5598,3930,6051,1383,4894,2382,8046,7557
3786: 7864,619,7492,2439,2823,7423,5866,5151
3787: 914,4665,376,4870,2834,3720,5176,5974,7811,15,3379
3788: 4414,3912,298,5303,7289,7782,5484,1319
3789: 5305,7191,7841,6673
3790: 5272,4113,5492,3943,7070,1729,1128
3791: 3291,6522,7659,6094,691,5622
3792: 6784,3549,5824,243,5959,7773,973,4422,7266,6425,94,8037
3793: 2115,4132,7318,2374,85,5103,4378,4478,6257,2337,5947,7784
3794: 7606,2157,6018,4791,3552,5729
3795: 5933,2028,6404,3566,2872,6075
3796: 3201,6177,837,4903,4260,2109,305,6727,809,5952,3119,3156
3797: 3376,6993,1125,6735,1014,3887,2386,800,3160,6804,6274,7317,6567
3798: 1681,6314,2493,5983,5244,5420
3799: 2678,3546,7598,7254,613,7293,1058,405,2574,695,6345,6646,7631,488
3800: 1767,2974,7762,295,5883,7794,599,210,6365,4114,7727,2833
3801: 1253,2641,6576,756,4993,1458,446,4132,6257,4357,5620,1964
3802: 3648,5324,6303,1861,6179,6,6629,4877,7123,2686,5468,3190
3803: 6780,6344,3287,1674,2526,3893,430,6376,6509,6999,673
3804: 6800,6755,6151,3575,5682,4947,782,4570,2144
3805: 1544,6724,6866,6791,2002,4009,283,3694,4607
3806: 773,5422,740,6865,4530,5701,2303,6897,7157,1837,6779,6475,3489,7646,7500,221,2647
3807: 1435,3313,3331,7255,4286,6906
3808: 5054,2927,6932,6908,7985,1838
3809: 3943,7070,4340,3574,4972,2087
3810: 4381,1918,7788,1980,5006,5169
3811: 4735,5930,5467,593,4383,4017
3812: 7901,4832,1981,6852,5189,3898,4386,1167,5495
3813: 6108,5064,806,4681,2614,1112,2008,7405,4517,681,6437,855
3814: 4553,6893,1418,7036,1323,2796,588,7533,1518,7132,4098,7281,5977
3815: 1003,7647,4930,4994,3580,171,1158,4608,1600,6667,4075,209,3875
3816: 2710,4762,4119,2221,4359,1474,6013,793,7025,2479,1414
3817: 2788,546,5373,5254,6362,7100,4828,1744,2089,4331,894,3327
3818: 1215,5314,4394,549,4933,2838
3819: 3281,5520,7372,6448,679,7748
3820: 2828,5611,6606,1804,2700,5857
3821: 7078,3901,5421,6484,2231,663,2845,8151,7973,4718,146,4261
3822: 3638,4904,531,1497,1613,801,5055,5551,1528,7493,6942,3170,1138,7845,431
3823: 8097,4891,6306,3406,3058,2029,6947,2753,6097,7026,314,6513,4635,4438
3824: 4182,4712,7038,2900,1826,7595,5658
3825: 4157,5163,7395,1148,7071,2030,6603,708,4520,7757,4083,628,3141,1430,3003,13
3826: 7095,5310,1050,2153,1306,5038
3827: 480,733,7119,5731,7109,7131,234,2275,7944,1799,1730,7460
3828: 7749,4086,7242,7536,1415,1922
3829: 4836,590,7256,4206,5396,1519,2996,3314,7579,5019,6716,3007
3830: 1919,147,5637,7268,6746,7242,1972
3831: 6670,1143,7479,3005,7063,6593,7965,2608,207,1043,5829,2226
3832: 3199,1794,8140,3844,432,8005,5761,3175,3854,5031,7618,7501
3833: 5717,5046,7665,128,7350,1471,3111,4631,1532,2579,4125,1074
3834: 3677,3162,5777,4799,7684,7543,1829,5156,908,6341,2428,2161
3835: 2053,3879,605,7043,2873,6304,7698,3779,7934
3836: 914,2580,5815,4665,1731,4870,2062,5176,5974,7596,7715,7229
3837: 1372,954,5015,356,2204,5882,510,2161,6636,7620,7769,7513,252,5956
3838: 5493,775,1805,7792,4939,3166
3839: 7843,5700,5508,3133,4144,4782
3840: 6978,5458,4241,4401,7853,2626,1225,865,6374,1978,5008,6307,3018,249
3841: 3453,3229,6892,5126,643,7855,1232,4586,4909,130,2135,3846,3359,7707,7963,5582
3842: 7893,2392,1558,463,5077,2768,4391,1630
3843: 4609,7978,7947,2137,6159,6753,6414,8188,3482,183,6926,1880
3844: 3199,3372,4543,6661,3832,8140,104,432,8005,5761,148
3845: 2988,5513,68,8129,3498,4101
3846: 6664,2135,3359,4320,5582,643,3841,7855,624,2455,2031,3904,8008,4105
3847: 7339,7371,4144,3060,840,5845,4782
3848: 5514,6831,714,2141,3322,2861,6692,6967,4327,878,3636,3223,5867
3849: 6285,3614,1994,2122,7785,5837,6076,5099,1123,7634,2506,7212,6786
3850: 4357,4352,1656,4537,3135,6681,970,1482,1964,6034,4996,4854
3851: 5205,6273,4596,7706,320,5752,1841,6773,3355,1912,2921,6112
3852: 7996,3905,6649,2931,8047,7239,1426,4992,6616,133
3853: 5022,7475,4045,7002,481,2169
3854: 3175,2748,4977,95,1606,5031,5070,7618,7501,6953,2488,3832
3855: 7940,4515,3047,6418,2165,2341,1600,25,6667,5051,1620,7590,6026
3856: 296,7829,2241,7203,5032,7819,5100,4151,2710,202,6385,793
3857: 1239,1564,7091,7093,5315,4868,7230,547,2983,1897,4370,5199,6132,7837
3858: 2249,7621,5408,6264,2630,7538
3859: 2373,1275,4203,4701,7016,7421,1559,4740,3619,2080,123,5474
3860: 2385,3506,5750,248,4501,7539,4195,2398,7971,4670,5509,3114,6983,6438,7121
3861: 8119,5385,5619,2857,2977,3913,5510,4295,6539,8172,2502,5839,860
3862: 4318,6802,208,8161,5466,8128,3914,5663,71,3218,6572,4219,6615,1702
3863: 5806,2913,477,7387,46,2818,4393
3864: 5876,3440,4818,4730,1183,1453
3865: 2642,5951,433,2410,7517,5075,2363,7729,3384,769,1465,5730,3613
3866: 1630,6413,5961,1499,7373,841,5077,2768
3867: 6178,2424,2779,6010,5955,403
3868: 5487,5554,597,4664,1173,6043,2277,2666,5288,1733,1983,2260
3869: 2223,246,1318,7827,5463,7403,1882,6056,7480,851,6971,792,5004
3870: 8132,2983,7337,86,4054,1897,4379,4370,4552,6132,7799,6527,7735,6024
3871: 4694,6143,949,910,4791,6812
3872: 7990,169,1580,6145,4577,2235,7356,1974,3926,1561,3074,6333,4829,7633,1447,4916,7560
3873: 6989,6150,4040,8152,4594,69
3874: 4077,3743,7797,6152,1718,4219,5743,12,7544,3990,1702,434,4360
3875: 4817,209,3977,821,5899,6165,4984,3815,7647,171,2165,4608,1600,6599
3876: 5129,2493,6175,5076,4356,5983
3877: 4869,506,3120,6190,6786,7370,6076,1123,7212,4089,3737,109,836
3878: 5306,1189,3184,6233,3108,7001
3879: 2053,605,3835,1124,2873,6304,1654
3880: 2846,775,6352,7192,3733,6195
3881: 1881,6821,4215,168,7508,3734
3882: 7128,2409,4830,7216,4801,1166,1006,2333,4789,4989,2336
3883: 1417,911,7724,3041,6305,7118
3884: 7339,5265,901,5845,7408,1454
3885: 5848,1806,3031,35,8108,6935
3886: 4304,5960,2606,2586
3887: 7642,6993,1125,3030,6735,6640,3797,2386,652,4548,2740,5110,7317,7050
3888: 6290,6883,6139,2173,362,1405,5212,7451,3169,6245,7120,7375,579,6500,4080
3889: 3012,7550,435,6853,4454,2985,706,6955,6849,2460,1790,1179,6286,3462
3890: 736,6443,7225,1948,7047,7296,2774,7122,6039,2858,66,8113
3891: 5143,7262,7914,1676,552,6389,862,7448,6115,3684
3892: 6817,5648,7582,1704,4623,6501,2482,3957,3288,5944,254
3893: 1265,1548,2250,5571,7474,6054,7565,430,6780,1674,7674,3803
3894: 65,8059,7752,3134,98,2473,3341,585,2269,7204,7481,7490
3895: 7841,4821,7115,7895,606,5305
3896: 7859,1599,5625,662,5622,26
3897: 1990,7878,3197,6805,5816,4067,6251,7193,420,4812,87,219
3898: 7901,6852,5189,5041,3812,0,298,2166
3899: 7867,7932,5142,4754,2557,410
3900: 5152,7936,5367,2598,582,8064
3901: 7078,3821,6484,2231,402,8151,1667,7429,7973,2287,146,2917
3902: 7116,7992,842,7320,7075,1570,1357,6633,41,1463,3292
3903: 4406,2593,334,7918,4100,7680,8000,6638,6470,5877,2903
3904: 3744,8008,1477,1315,4105,4160,149,5118,7857,3846,643,7855,624,7568,2031,2400
3905: 7996,5121,3852,6649,1721,2931,8047,6494,4992
3906: 7394,7663,2095,1954,8056,1292,2763,2832,300,7756,5888,5598
3907: 2474,8058,3168,5405,4945,4251,7218,6675
3908: 6236,730,8060,7637,3625,289
3909: 2844,7657,5005,7575,1364,2979,8078,7713,441
3910: 8082,5956,1893,4277,1372,5015,8038,510,7132,5977,6548,1418,588,7533
3911: 870,1095,7462,6441,4264,694,3631
3912: 1126,5303,7289,3788,8112,3512,4283,6125,2980
3913: 6505,8119,5385,5619,2164,2977,3861,2045,4643,4295,6539,5711,2502
3914: 4318,3233,208,6588,1076,8161,5466,3862,8128,5663,4217,71,746,3218,1702
3915: 8139,4995,3768,5197,1982,1459
3916: 116,2945,1358,2197,1807,2068,5017,5536,2500,7369,6625,8142,136,1941,4180,515
3917: 7946,3289,6420,4279,5627,4620
3918: 4365,6534,5200,4702,2118,1127
3919: 1591,7107,8084,7781,1954,5703,6226,3399,4038,7827,1882,7480,4446
3920: 28,6951,1508,7972,7559,7846
3921: 2441,6095,4113,7435,5475,4535,2991
3922: 5759,4642,3107,6502,5988,3262,1567,2714,3080,3164,1266,5927
3923: 4624,3761,7761,6134,72,2079,629,2243,7502,7290,3339,7711
3924: 3140,1280,503,6503,5942,5498,1502,791,6206,4614,4897,1068,4944,7418
3925: 2612,2698,6120,1251,7189,1274
3926: 1974,3334,1561,3074,780,8130,6333,4222,4491,4829,7323,5030,3872,4237,1447
3927: 5132,6968,99,7656,4110,739
3928: 2738,3290,5286,5733,587,1394,465,6820,5602,6843
3929: 2232,7389,1696,1116,2094,5346,5124,3,7015,6682,6183,4534,4208
3930: 6051,3687,1433,1383,7968,4894,5399,4564,851,1693,2343,4573,3785,2681
3931: 2036,1647,2567,6823,5413,3033
3932: 6458,5288,158,1983,118,2260,5487,1709,1857,4664,5326,4438,6097
3933: 7495,1754,586,5500,3670
3934: 4430,7688,4756,7679,2312,5732,1618,2264,4177,5671,625,1259,2450,4462,5428,5722
3935: 5889,4070,7924,5913,7223,574
3936: 301,1802,4892,5201,5923,6071,1260,55,6065,2958,4284,1227,20,5285,7310,8028
3937: 6401,538,3602,1710,6451,5958,7031,6131,4979,5566,360,2928,3345
3938: 7118,5123,6167,2897,124,1697
3939: 4860,7911,6209,1971,933,48,5464,1140,2711,1794,6961,690
3940: 3570,1267,2790,4561,5578,5747,644,6315,869,2876,6409,4303,5010,8117
3941: 1219,6427,7946,1957,8116,4988
3942: 5798,2070,4236,4028,1371,4731,6446,4252
3943: 1698,7070,4340,6468,1729,3809,3790
3944: 6624,4196,4029,1796,2490,6981,7338,741,258,7032,4593,5262,5327,7824
3945: 5970,2543,1914,53,6699,7988
3946: 2837,291,3572,1552,6843,5604
3947: 2375,3137,7629,4632,7495,1754
3948: 4906,6854,1671,1261,4974,4802,7948
3949: 5325,3993,5964,2601,4849,6296,1565,338,6867
3950: 1082,3458,2962,4803,2213,239,6875,7494,1884,7035,7175,7235
3951: 6886,6107,3070,4875,6011,6215
3952: 5588,4553,5270,6893,7036,1396,236,7954,2796,1070,588,6553
3953: 6457,3571,4683,253,414,5585,4569,922,22
3954: 5190,925,6637,7994,2178,6652,5117
3955: 7796,5227,1304,6261,589,2990
3956: 5794,3419,5322,680,380,7241
3957: 7397,6416,3288,5944,4623,6501,7582,3892,254,7763
3958: 4371,2044,7979,7943,7169,4526,5107,5120,3084,2919,937,229,2238
3959: 7089,6739,7601,1885,6651,6207
3960: 7703,91,3457,7643,1087,5168
3961: 5791,4161,7649,7711,6134,2079,2243,7290,1847,2954,3507,3715,568,5479
3962: 230,7739,2535,5460,7836,1136
3963: 5544,1987,2507,4502,5908,404,7770,6540,255,3381,5384,596
3964: 7546,1808,2617,6077,4305,1520,7774
3965: 1218,8063,303,6219,6653,3586
3966: 974,7658,3341,7848,5665,4887,4431,6312,4104,585,2308,3504
3967: 7909,247,6639,1091,4271,5265
3968: 7690,7922,7325,6795,2183,6249,581,4695,4689,4480,3654
3969: 1811,1505,7950,8166,3371,6623
3970: 7952,620,3669,7200,7500,4353,6092,5673,7553,437,7604,3629,2536,5422,740,6779
3971: 3380,256,5714,1489,5241,1396,7954,2940,5781,7798,5239,761
3972: 88,1321,2686,6705,5823,7981,5263,6008,4877,7820,3583,2805
3973: 5287,2239,7664,328,7984,5365,2596,1950,7335,3181,3435,6096
3974: 1848,3713,7987,1655,5774
3975: 1742,7998,4973,7641,4058,3163,2610,4255,5975,1101,5771
3976: 6561,2383,2830,2729,2950,4921
3977: 6527,4817,209,3875,8030,1984,5899,2205,992,6165,7839,1178,3681,6599,5451
3978: 2487,7795,8044,2734,826,6402,89,7851,7019,4805,5802,2027,2620,2179,7452
3979: 45,7328,2480,3722,1771,6689,5122,8147,686,3551,7392,3373,345,4654,8048,3697
3980: 3358,7046,6262,5754,4675,2377,1716,1033,8052,1863,361,7126,7172
3981: 1683,591,1580,7942,3215,5762,7356,6573,6939,4774,7591,4509,1523,1584,6428
3982: 117,1809,7165,4637,2411,2289,6824,4564,466,5795,4841,173,7654,8103
3983: 6563,216,2032,8111,1302,6782,4141,6269,2716,522,1553,7358,1049,335,2841,4500
3984: 7777,1373,8039,4448,3690,2625,7455,257,6253,8146,6189,684
3985: 6328,3214,1992,3258,6237,7155,5855,4954,5946,3284,2865,783
3986: 1435,3313,7551,6452,8163,5430
3987: 5547,8136,8110,3134,8170,6338,1828,3410,4698
3988: 4705,4680,2485,1269,3996,5476
3989: 4182,6011,4712,6215,182,2003
3990: 7797,6152,3874,6572,4219,6615,7913,1702,1641,6802,5663,698,4228
3991: 3255,6540,7473,4886,6398,1270,4234,3782,1121,404,4855
3992: 5852,1191,1479,4542,8171
3993: 5325,5964,2601,3949,4849,6867,4622,1845
3994: 4773,218,4453,6801,4752,1759,5104,2881,1773,3127,7658,1862,492
3995: 305,2373,5539,4767,1275,4203,7937,6727,4701,5433,1985,7016
3996: 7962,5476,6785,6017,3988,1269
3997: 3780,145,4468,7877,245,5485
3998: 1989,7653,5559,4685,471,1991
3999: 57,4088,6750,7559,5651,4496
4000: 5723,7300,5652,323,4420,3766,2659
4001: 5717,1463,5046,7665,128,3037,7116,1074,5704,1917,1921
4002: 7991,4896,3006,6658,3457,6020
4003: 6835,6022,1385,4975,2459,2418,470,4627
4004: 7197,7876,2447,7270,49,322,1537,4226,6488,6030,3279,1988,6170,4551,4893,7961
4005: 2186,4248,7930,6083,1581,1854,4048,6258,3430,4278,4333,6619
4006: 1569,6620,6529,909,6135
4007: 5934,7541,4907,7931,3600,6789,1362,31,6238,462,8049,1282,7314,3165
4008: 895,6752,3604,2227,1041,7892,5728,4349,1678,5426,2571,6550,503,3000,6289
4009: 2948,6313,2002,4625,4661,3236,1544,3805,3694,4607
4010: 107,1986,2117,3312,4686,4169,4966,5541,4401,6374,1763,3018,7057,2713
4011: 5832,7940,1158,3047,6418,25,6667,5371,2268,1774,3340,7505
4012: 8106,2881,5362,7416,853,4485,3431,6492,5078,1703,2514,7949,1590
4013: 4797,6063,3539,6267,5340,6511,5359,5361,3643,411,3452,3072,5932,4963,4249
4014: 6674,5980,5712,6948,1760,3278
4015: 5337,6868,5755,7903,2430,3013,548,4729,2416,4976,6714,6442
4016: 7660,1811,5216,1976,4959,6742
4017: 4383,6746,3811,4616,593,887
4018: 4508,3460,5260,7406,1669,6074,3511
4019: 7922,3684,6392,2884,7325,1268,6504,6795,1364,552,383
4020: 5161,3691,7652,6832,1772,4838,3641,75,8160
4021: 7170,3393,6492,325,6464,1230,4171,6838,143,7949,4770,5394
4022: 76,5390,4920,2188,5581,6891
4023: 3121,32,8063,5410,6921,6653
4024: 7226,788,1573,1812,4697,6925,3185,2799,4032,6634,8162,3280,1487,6208
4025: 892,726,5627,4170,3289,744
4026: 5648,2064,3749,7948,1704,5478,7360,4559,4906,1671,1476
4027: 5264,5403,7112,4486,1776,7612
4028: 3942,2070,1371,6446,5308,5635,2422,7529
4029: 4196,3944,6981,7338,741,258,2384,678,7032,5327,7824,1780,5737
4030: 3273,6748,6808,7039,5847,7377
4031: 2541,3309,4065,727,5948,3527
4032: 5950,1875,7023,5801,6395,6147,3185,3098,6634,4024,7226,3611,1573,1812,4697,7673
4033: 5185,6691,378,4711,6225,1737,6440,3418,354
4034: 6912,7556,1962,6397,1032,4274
4035: 2662,367,2325,6263,6422,7034,4708,6910,7341,658,6796,6974,1695,4467,33,2320
4036: 5418,3252,6641,6552,1684,5858
4037: 2607,6720,4557,5775,2236,6941,6647,4913,7380,52,3102,7980
4038: 246,7827,1882,3919,1591,6885,7781,6226,7480,6971,324,4446
4039: 115,1272,3441,6814,8060,289
4040: 6989,3873,7224,8152,7483,7124
4041: 4126,7503,6995,1028,6889,3294,7955,1955,2119
4042: 1865,3458,5311,7054,6710,84,7888,6940,1273,3374
4043: 458,1212,3445,2171,7842,5992,6876,7096,7090,1813,7003,5126,758,6104,1792,5844
4044: 6663,5632,2129,7333,7101,6224,3119,3156,526,1040,4260,1637,5375
4045: 2448,5022,3853,5264,7002,7112
4046: 1170,3053,6264,6627,438,7114,7621
4047: 1798,7124,6427,1706,152,7651
4048: 6425,7930,1581,94,4005,8037,3430,7127,1462,4278,5824,7773
4049: 770,7189,332,4980,6977,7240
4050: 1990,2121,4243,3197,5816,6251,7193,989,6472,4950,1859,4755
4051: 2685,4262,7209,2056,5534,1628,2097,5253,4840,7416,6275,34
4052: 5067,5066,942,7308,3736,3501,259,7073
4053: 6554,5887,2123,917,5110,1920,7317,6342,7050,6567,1125,3030
4054: 5451,8132,7337,86,4379,1778,3870,4178,6132,6527,7735,8030,1984
4055: 5439,1526,1042,6242,724,5886,3550,7359,6698,5339,8180,231,6188,1627
4056: 6061,619,7492,2823,4498,7904,7374
4057: 8036,7438,7386,5297,282,905,97,7532,2407,4615,5544
4058: 6478,233,7641,8109,7398,3163,1742,7998,3975,4255,4452,1101
4059: 2196,1003,4930,7205,38,4994,7420,4587,4588,5461,7510,7100,1956,4331
4060: 3387,778,7577,6887,4328,474,3302,7431,6510,3091,7868,4605,1031
4061: 7988,6834,3071,6057,4116,4983
4062: 6172,7302,2023,475,5724,1182,1395,2359,5600,4390,542,7174
4063: 4551,5487,1709,597,5561,5642,5945,4893,7961,1857,4664,4240,3502,2447,1597,2527
4064: 7525,3289,744,4211,6420,5540
4065: 4031,727,5948,7653,4685,6902
4066: 580,5515,260,3727,657,4771
4067: 3897,1990,1741,7878,6805,7193,420,6297,6841,6326,4812,2797
4068: 3191,6272,5016,1795,1958,7476,3052,2748,6953,7974,6377
4069: 1400,5854,5847,471,7377,5266
4070: 5889,3935,7463,5402,5913,5012
4071: 3634,1728,4568,6271,7040,7382,5415,7116,842,7320,41
4072: 5434,4433,37,1823,2829,7716,637
4073: 3228,5564,1651,4439,1576,4488,7250,419,7082,95,7283,6719
4074: 6157,2088,5313,5661,4967,54
4075: 5670,2089,1094,4331,4281,5477,3815,7647,4930,38,4994,4588,209
4076: 1317,7553,7310,5056,7939,919,5721,8028,6148,437,7604,1802,2536,6071,740,7952
4077: 3743,7797,6152,3874,857,5743,12,1592,434,7686,1154,2745,7264,5154,7668
4078: 5136,1992,6237,5946,7128,6763,4376,750,2865,1006,5770,4918
4079: 1305,261,5803,5238,2467,4613,3562,7059,4583,2159,6560,2093,6040,5758
4080: 6500,2478,4128,6055,3506,4195,1993,5825,1735,943,6290,6883,362,7451,3888
4081: 479,7402,56,5871,3640,4974
4082: 1510,248,7539,631,4195,1993,2734,7019,5357,5879,4539,636,5240,6965,262
4083: 628,389,2523,7018,1286,7261,7700,5925,5917,4520,7757,3825,3003,6585,13
4084: 3748,5934,3024,6199,6815,2657,5782,732,4140,4907,5969,4958,8120,8026
4085: 14,6416,1688,6407,7759,5944,5971,7458,8057,6501,4601
4086: 2975,3470,7749,5995,3828,7536
4087: 2314,8007,6062,1705
4088: 57,6074,3444,6750,3999,6102
4089: 4657,7212,2660,6090,847,109,6909,836,3614,7785,6076,3877
4090: 5776,8070,139,3532,5438,7786,1515,1008,5998
4091: 6335,1290,6546,6066,6126,3620
4092: 7821,6327,4315,3656,672,1938,6133,16,460,7441,1692,8134,3025,6329,3476,6035
4093: 6136,177,132,1525,3281,5520,6212
4094: 6222,3515,1169,17,5334,6240,5383,2136,5130,4746,2139
4095: 6877,7104,1278,512,6295,3450,369,1975,8071,18,7825,4484
4096: 2765,4214,665,7626,6311,7872,2025,2971,7915,699
4097: 1777,2129,4142,6224,1574,3665,5296,916,426,3196,261,5768,4846
4098: 1518,3208,7132,2995,1258,1494,7281,6714,42,6047,5977,3814
4099: 6706,6872,2040,186,4436,5164,3568
4100: 2593,3903,334,8000,1842,5877,2903,5681,1491,2120,794
4101: 2988,68,3845,5623,486,938
4102: 490,2608,6574,7596,1370,7715,5457,2226,5393,2599,5736,6052
4103: 1303,2909,2744,7751,7208,2976,2000,570,7292,7020,4523,2228,3174
4104: 7658,3341,7848,4887,5437,3966,6312,1862,6801,7481,2308,702
4105: 3904,3744,8008,4160,149,7857,6664,2135,3846,5582,5506,643,7855,4909,624,2031
4106: 926,1084,2144,4285,953,4999,6151
4107: 3708,7625,1345,3615,2405,7808
4108: 1999,7856,7902,5245,6391,4610
4109: 1124,7267,6811,6304,6301,2521
4110: 3927,5132,7656,445,2704,1291
4111: 7660,5216,760,4147,1888,1347
4112: 3310,4931,2112,7442,326,4301
4113: 2441,5272,3790,3921,7435,5961,1128
4114: 2974,3800,7762,7727,4150,3557,5292,6781,2833,1925,5940,1908
4115: 6718,3375,2757,746,6532,1019,4318,3233,1076,4217,7243,6298,2307
4116: 885,5638,4061,6834,4983,3695
4117: 8129,927
4118: 1333,4204,6869,4385,1111,2295,2910
4119: 4762,3816,2221,4359,1474,6851,2778,1414,6726,4855,5669
4120: 1330,5058,7232,2154,7863,3235,6681,970,4212,1639,1429,371
4121: 2801,5411,1677,1608,425,557,4294,3039,5187,2086,5112
4122: 7432,1387,1413,2911,428,449
4123: 96,2184,1734,7414,3329
4124: 7017,2674,1222,5524,3110,6635,6347,2294,867,7889,6168,594,413
4125: 573,2921,7217,2626,5205,3111,1532,7665,3833,1074,7029,567
4126: 4041,4844,7408,2477,6995,1454,6889
4127: 1814,655,3588,6379,6794,5537,1382,4880
4128: 6186,579,1351,2323,6500,8124,2478,4709,6055,4080,6965,1993,5825,6290,362
4129: 3608,1821,963,6141,1075,7453
4130: 2352,4901,407,6259,7614,4167,1179,2621,2400,556,1477,5799,4159,5118,4265,435,706
4131: 3515,1944,6992,2466,1680,6627,7053,438,7114
4132: 7318,2374,85,6257,3793,2337,1020,1458,7784,446,3801,5620
4133: 8077,3692,4563,3305,2663,5025,6590
4134: 4470,6006,223,151,4604,5545
4135: 6620,3089,6529,2007,3028,7852
4136: 40,3674,3700,1555,6003
4137: 2470,335,7113,1195,3667,2731,6523,2841,872,2345,4929,7009,4500,1302,4141,3109,2807,1049
4138: 7645,3522,4404,3702,1556,5398
4139: 3666,6799,4800,7154,3320
4140: 3748,5934,3024,7541,2657,732,1635,4084,4907,5360,2952,5160,5969,4958
4141: 3983,8111,1302,6782,2716,1553,7358,4928,2807,1049,335,3667,6523,2841,4137,4500
4142: 1777,4097,2129,7101,5952,6224,3665,6000,7103,5296,916,3196,4846
4143: 5287,7144,5302,1114,328,2566,6545,2981,368,2754,5397,6029
4144: 3847,3060,840,4782,7273,3839,7843
4145: 4499,4516,8148,7600,3767,8156
4146: 5467,2458,6617,2116,1927,593
4147: 760,8027,4111,1888,936,2622
4148: 7901,4832,7611,1981,704,5189,5041,8158,5649
4149: 641,1223,2821,7330,931,4348,3181,7295,2956
4150: 7849,3085,2306,2925,2508,3557,5292,6783,5706,444,4114,7727,5940,1181
4151: 2710,4762,202,6385,3782,6851,793,3856,3648,5324,1889,1270
4152: 1999,3485
4153: 7766,7171,2892,6203,2687,1592,7315,2146,7686,7264,7668,608,309
4154: 2295,5128,795,5214,6869,2868
4155: 3723,5797,112,718,3417,5901,2582,7061,7231,6046,327
4156: 2222,1467,5455,825,4828,5565,5070,7082,382,1911,6362,2106
4157: 1105,3825,2583,5163,3203,7110,7395,3521,1148,5919,7071,5972,2030
4158: 1603,6421,2683,7478,6514,1883
4159: 7176,556,1477,5799,1315,5118,2621,2400,706,2352,971,4901,407,5229,6259,4130
4160: 7176,3904,3744,8008,1477,5799,1315,6571,1129,4105,149,5118,7857,2400
4161: 439,2513,3961,5791,6582,4758,3783,805,7649,1260,7711,2243,2958,3507
4162: 6916,4368,2326,5719,1224,2624,6998
4163: 5432,1519,7086,4297,2996,3314,2107,454,5134,4836,3007,6250
4164: 2950,747,754,6397,1032,2729
4165: 1407,1149,393,4197,3152,3234
4166: 6770,2607,5713,1483,7838,6720,807,1037,5267,6538,3144,7572
4167: 2352,971,2258,3738,4901,407,6259,3159,7614,4997,4919,4130,4265,2006,5021
4168: 5080,2646,5009,3323,7687,174,1930,1436,443,5388,6331,1425,7469,2623,7233,5949
4169: 107,1986,7583,4010,8165,5541,4266,7057,2713,7184,1444,4289,336,6871,2743
4170: 4257,892,4025,744
4171: 7170,3393,325,4021,1703,6838,7949,2817,5394,6557,1775,2097
4172: 437,301,2716,522,7604,3629,1802,1553,2536,4892,7358,6952,4928,4353,5673
4173: 3264,346,3679,7129,2084,6025,4335,7313,276,2406,7561,7449,2199,5338
4174: 3683,924,2585,4375,3055,2259,1314,5115,6154,6580,4231,370
4175: 5716,1090,6814,6830,3553,1445
4176: 6354,1557,5624,3383,2886,7631,791,1068,6611,7418,613,405,2574,7331,6646
4177: 7688,7679,5732,1618,2264,3934,1259,2450,4462,779,6528,5428,5722,6592,3148,447
4178: 7230,547,2983,7337,4054,1897,4379,1778,6132,6481,2792,5706,5675,444,1416
4179: 2464,1139,7850,7951,6980,2693
4180: 2500,7369,6625,2113,3093,8142,136,1941,8054,5841,3916,116,2945,5017,5536,4885
4181: 5072,7266,2332,3755,598,883,268,6784,243,4449,5959,7773
4182: 3824,6011,3989,4712,1826,1633,7595
4183: 2036,4649,2248,7562,5448,1913,5571,7507
4184: 7160,834,5777,4324,1200,3240,1638,4585,7684,5379,7104,7045,512,1038,8071
4185: 113,7246,3096,3421,6822,5226,6449,5121,350
4186: 310,2912,3661,6969,3266,2168
4187: 6376,6509,1624,2618,6189,1504,1000,6966,6626,1197,578
4188: 6605,3495,3548,5640,3707,1446,5284,5295,875,4605,5690,5517,3023,6855,227
4189: 895,6752,3604,5993,224,535,1069,4531,987,2895,2554,7424,5570,6196
4190: 7140,1851,4833,272,3775,2082
4191: 6072,6517,6610,2634,4229,4506,2764,3664,1018,225,6715,5957
4192: 1146,5246,7995,137,3717,8064
4193: 6706,6872,2862,2324,6918,7630,5447,7210,1150,5173,1394
4194: 2913,1064,477,4965,5321,1708
4195: 1510,4082,3506,5750,7539,631,3860,2398,1993,4670,5825,2478,5240,6055,4080,943
4196: 6624,2540,3944,4029,2490,6981,7338,741,258,2384,678,7032,1117
4197: 4165,6600,3152,501,7875,3234
4198: 617,1303,2744,2733,7208,2000,4523,3016,7487,7511,6903,2483,1736,4944
4199: 3184,1075,7453,6233,6932,3304
4200: 1205,3237,63,2344,3449,4611,2413,4592,2266,4881,5659,7741,494,7364
4201: 6164,5247,2392,1558,463,4815,3346,5347,641,7295
4202: 947,2697,4775,1629,312,3541,5035,4278,3104,997,6711,3270
4203: 1380,2373,3859,7937,3995,4701,7016,2529,1559,751,4740,3619
4204: 1333,4118,6869
4205: 3533,6984,742,2814,7807,5061,2418,4771
4206: 4836,3413,7256,1165,3544,3829,765,2110,5679,5396,4270,3314
4207: 1890,969,222,5091,7005,5697,6937,3426,1825,5911,2712
4208: 2185,6297,6841,1203,7227,1791,8144,1696,5346,3929,3,7015
4209: 1829,6611,77,5496,2060,5156,5453,4799,5898,6354,1557,908,3630,6341
4210: 6998,2465,4408,3385,1021,2624
4211: 7525,4064,4590,5540,2951,5158
4212: 1653,6657,5814,9,3235,6681,970,5058,7863,4120,7276,1639,371
4213: 7777,6926,1373,4448,2625,1034,7455,1880,1432,7407,5085,2578
4214: 2498,2765,5698,4096,665,7626,2971,3216
4215: 5970,1914,1881,3881,3734,5615
4216: 5458,573,4241,7217,2626,1225,7029,2947,6788,567,4507
4217: 4318,3233,6588,1076,3914,6718,71,3375,746,4115,6298
4218: 6937,1765,2589,2680,6956,1326,307,5490,2627,7005
4219: 3743,3218,6152,3874,6572,1718,6615,7913,7544,3990,1702,3862
4220: 2505,5063,705,3182,6122,7049
4221: 5610,2230,7137,7719,7303,1815,1514,2970,6299
4222: 3153,3926,780,8130,4491,5030,6602,2177,2027,5229,2073,4237,89,7851,1447
4223: 7434,5859,3688,7535,2694,982,8004
4224: 4352,1482,4996,4854,2489,756,4312,519,2923,967,5657
4225: 7283,5591,6956,5013,3774,1651,4439,419,2063,2775,3155,7520
4226: 5482,1537,6488,6030,2914,4597,3333,6438,4004,7197,7876,7270,49,322,1988,6170
4227: 5660,7228,4403,2074,1473,3382,5628,2964,8192,6591,4618,7031
4228: 698,2646,3558,7687,5024,6615,3990,1641,6802,5663,979,2035,6609,2555
4229: 4506,6880,6962,5113,1051,4973,2142,2889,6610,2634,4191,6715,928
4230: 892,5149,726,1740,359
4231: 7105,6580,6979,3710,370,3055,2259,2417,5683,5115,2585,4174
4232: 4465,6630,816,3128,7263,4801,2333,4789,4512,4989
4233: 3730,5131,283,8170,6338,2843,964,1244,7450,3694
4234: 5324,4886,1861,6398,5653,3782,3255,7731,7473,5384,3991,404
4235: 3138,1039,6086,2951,584,3770,632
4236: 3942,2655,7491,7279,250,1371,4731,3332,3719,4940
4237: 8044,2073,826,6402,89,7851,1447,3153,3926,780,4222,4491,4829,2027
4238: 6944,3773,7602,7365,2037,7444,2252,7578,6187
4239: 6375,6816,6791,1496,5836,2499,3043,6204,7427,2002,50,3236
4240: 5487,1709,4063,5554,597,5561,5642,4893,7961,1857,4664,5326,3502,2260
4241: 4216,5458,2626,1225,3840,2947,6788,567,4507,5008,6307,7456,249
4242: 3364,657,2038,110,5515,6924,6366
4243: 1741,2121,4050,6251,7193,1016,989,6472,6431,4473,2292,4755
4244: 7956,6094,6840,187,6522,1108
4245: 6875,2484,4691,7494,7162,6847,1481,3300,4336,7035,903
4246: 1995,21,433,2101,4377,2369,4787,6110,6668,4329,7889,7017,4421
4247: 7062,642,5092,2529,4884,815,4740,7881,4567,1287,1452,7421
4248: 2186,7430,7930,6083,1854,4005,6258,3101,7844,1850,6619,1022
4249: 198,2751,3342,2001,5323,411,2941,1190,6798,4963,3539,4013,6511,7669,2420
4250: 5734,231,767,7072,3283,1042,6242,6227,4460,3698,5074,3559,8164
4251: 2111,7218,5527,2046,6675,996,735,8058,3907,5405
4252: 743,4518,2847,5905,932,5308,3942,5798,2070
4253: 3622,7364,6490,8050,1205,4416,3237,7274,575,341,1340,372
4254: 1901,3092,2293,4636,3486,4629
4255: 2610,2301,2757,5975,7802,7998,3975,4058,4452,1101,5771,1019
4256: 2839,763,5424,5573,456,1248,3475,5962,8126,2737,5756,2172,7110,3521,1906
4257: 2604,5540,4170,744
4258: 1891,2854,2582,5003,6085,4259,4696,6408,3161,2708,2437,3180
4259: 1891,2854,4258,6085,3161,2708,1354,7865,3180,120,6771,5114
4260: 3201,7691,6177,436,1040,4903,3796,6727,6663,809,7333,5952,4044,3119,3156
4261: 4718,146,1892,3555,818,4955,2425,3821,5421,663,4991,7732
4262: 7209,5534,4051,2499,5253,489,6994,1743,6816,1646,3075
4263: 3545,6382,1226,7122,1408,8120,6039,8090,5470,7296,2774,2858
4264: 3911,5543,1095,2247,694,3631,8141,6198,1231
4265: 3012,7550,435,2006,5021,7027,2985,706,1179,2621,2352,2258,407,7614,4167,4130
4266: 6374,1763,4951,5125,7057,2713,7184,4169,6871,157,2743,2549,4790
4267: 677,3158,2946,3598,6736,1645
4268: 2497,5233,2423,2550,1495,5757
4269: 5122,7113,1195,2731,872,2345,4929,8147,4630,1771,686,6507,316,7482,5741,3551
4270: 5392,2773,674,6648,2061,1188,3413,3544,765,4206,5679,5501
4271: 6676,5689,2261,1091,3967,6639
4272: 1666,5950,221,366,5801,4835,5111,415,4653,3202,1343,6865,4530,6897,6475,3489,2242,790
4273: 7390,7675,3276,3529,2291,6058,2407,1662
4274: 11,2354,1642,7556,4034,1962
4275: 581,1667,7429,4369,7973,945,2287,3560,4480,7391,6484,5787
4276: 1484,4638,1668,3650,2628,1210
4277: 8082,5956,2674,1893,3910,6635,1372,5015,510,7769,5977,1418,7533
4278: 7127,1629,1462,4202,312,5035,3270,1854,4048,4005,3430,4333
4279: 3917,6359,5627,2388,4620,3057
4280: 5090,6677,2309,6117,7891,2491,3414,7555,6353,4306,1441
4281: 2442,5670,1895,4075,1744,2089,1094,3681,5477,5726,6599,4458
4282: 1699,2365,2894,1334,7643,6519
4283: 2059,6125,0,5140,1057,5456,5495,1126,3912,2166
4284: 6065,2958,1227,6476,3507,6996,568,5479,2090,203,20,5791,7649,55,3936
4285: 2150,2551,1764,4934,782,5572,4106,1084,2144,4960
4286: 3807,3331,7854,696,6906,7527
4287: 4754,633,1264,2557,5446,4694
4288: 888,1998,1852,6915,6216,348,5119,4947
4289: 1444,2909,7751,7208,336,6871,3443,2976,2000,6336,3520,4169,8165,5541
4290: 1587,3324,3308,3538,7456,7632,3633,249,2947,7960,4507,8034
4291: 3476,709,4522,2825,3001,6193,6565,5350,1701,1602,8134,4532,2039,5020,4374
4292: 7344,278,929,5494,3316,1216,2863,1577,5921
4293: 347,4851,5516,8123,1817,6884,5626,1910
4294: 1156,7237,5963,3039,557,2992,7285,5187,5112,1677,1608,4121
4295: 4421,6505,8119,5619,2164,2977,594,3861,3913,5510,4643,150,413
4296: 1067,5043,1426,5151,1818,2648,126,2444,6822,7423
4297: 7086,3314,2187,2107,454,5134,4163,5073,97
4298: 2750,5072,1712,768,598,7578,3773,7602,429,5924
4299: 4457,5522,4525,2296,4794,2282,1079,966
4300: 6363,3272,121,3271,1392
4301: 4518,1598,3239,4112,2112,326
4302: 2912,3661,2270,1593,1417,7724
4303: 6315,3729,8040,869,2876,1157,1819,2456,6409,4582,4660,5935,5800,3940,2790,2071
4304: 3886,2586,2683,7011
4305: 1520,452,7774,391,7546,3964,1808
4306: 7555,6353,5817,4280,5090,1245,2491,5480,1441
4307: 24,850,3353,448,5940,6577,1181,7938,2508,5292,6783,5706,1416
4308: 7840,4798,1151,5364,3618,2364,7324,639,4687,3376,622,7894
4309: 4713,3724,6050,5198,1159,5127,2725,5045,6491,3343,1298
4310: 8017,745,2308,6994,2658,4343,702,5104,5208,4840,2591,1773
4311: 520,2837,2152,5604,5007,4640
4312: 7064,2489,4726,3049,756,2443,6059,519,2923,5039,4996,4224,5657
4313: 1342,5218,7305,1853,5842,2565
4314: 3668,5652,5507,1758,1649,2516
4315: 7821,6331,2915,3660,1425,7469,2623,3656,2202,672,7233,4092,1938,5949,5423
4316: 76,3125,7342,4920,5174,3251
4317: 2335,331,2827,1152,1946,7742,6221,5194,221,366,3487,2647,5027,4363,6395
4318: 3233,1076,8161,3862,8128,3914,4217,71,3375,5742,746,5607,4115,3218
4319: 76,2188,3251,1997,6149,5211
4320: 6664,1296,788,1953,2135,3846,3359,4697,6925,6166,7673,5582,6181,624,2455
4321: 1077,6218,6252,891,7125,4806
4322: 6603,2695,2737,6695,7159,7396,2468,5917,5215,178,2530,708,4520,4742,1286
4323: 7564,1526,2781,1867,5574,930,3408,4923,2048,4804,1583,8125
4324: 7160,834,3677,3162,5777,7780,4799,1200,3240,4184,1638,2755,719
4325: 6465,2189,6384,3064,6921
4326: 5861,2821,7330,3181,2956,1594,5365,1950,3073
4327: 6114,1545,3322,7610,2861,6692,6967,3848,6831,2141,2022,235,3223,5867
4328: 4060,1685,778,7577,3302,7431,3091,3548,3124,875,4605,1658,7354,2173,7375
4329: 3126,3395,6110,6668,867,4827,7889,3416,6168,7017,6347,2294,21,4246
4330: 7814,3263,5891,2986,87,7166,5816,4427,1859,1228,664,4692
4331: 5670,4075,1744,2089,5477,3327,7100,4059,4930,38,4588,3817
4332: 6393,530,7754,1108,337,2043,3054,2831
4333: 3136,2594,5138,1850,6619,5035,4278,5828,3270,1854,4005,6258
4334: 337,1485,2718,6644,2798,7461,712,3081
4335: 3264,3679,571,7129,3436,4173,2084,6025,2075,7826,6587,6009,6210,4964,2207
4336: 2484,4691,4245,1434,6847,2334,6228,3428,7454,537,6881
4337: 1360,3468,7458,3062,5029,2629,6987,14,1688,3345
4338: 1002,2817,7542,3394,1356,2721,7997,7886,6557,4471,7291,2896
4339: 4747,6613,2934,1062,6394,3776,2696
4340: 3943,1698,7498,3809,6471,3574
4341: 1503,5869,2019,8131,338,2,6970,2813,3437,5325,517
4342: 6650,4459,1300,1185,2547,999,7709,2684,850,5982,7809,7069,2616,6229,4727
4343: 8017,585,2269,7204,7481,2308,6994,163,2658,3678,4310,2473
4344: 8082,3434,1222,5524,3110,6635,5270,6548,2935,2045,4643,413,3094
4345: 3362,1279,2635,7842,2170,4514,4885,6436,7008,2113,3093,920,8079,6318,102
4346: 889,3719,2004,4839,5966,2724,1309,7491
4347: 2802,1105,2172,7110,5919,5972,5573,456,5249,7447,3347,5519,7758,3612
4348: 1223,4149,2821,931,6140,1499,6031,4384,114,828
4349: 571,3436,2075,6587,1678,987,6210,5426,2207,4008,6752,3604,1041,224,6550
4350: 6607,5643,3567,1072,7666,2982
4351: 747,5128,7556,6397,3220,5214
4352: 3235,3850,4537,6681,970,1482,1964,6034,4996,4224,4854,5814,967,9
4353: 7952,620,2807,3970,1049,3669,7200,6092,5673,437,4172,3629,4928,6779
4354: 2685,1496,4475,2056,5534,1628,5836,339,5253,1448,1011,5937
4355: 1963,3310,2388,7084,3057,2396
4356: 6175,3876,3642,5983,1297,3508
4357: 3850,1656,3135,5620,1964,4996,446,3801,1253,2641,2374,5103,6257
4358: 634,2580,4665,7805,376,6813,602,6455,8024,6432,228,3396
4359: 4762,3816,4119,2221,6013,6570,2479,2778,1414
4360: 6506,434,6690,1071,2114,2957,71,3218,3874,1718,5743,7544,1702
4361: 1360,1001,6792,3402,4842,2629,6180,518,8154,6169,6957,2181
4362: 1875,3487,4363,6395,2335,1946,7742,7152,130,3611,7707,7963,3453,1232,4586
4363: 1875,7023,366,4362,3487,5801,5027,6395,2335,1946,7742,4317,130,3611,1812,7707,4586
4364: 7214,1153,2688,2519,2533,3718,7277,3546,7293,695,838,8100,6079,5932,7834,3643
4365: 8177,3918,5200,1127,5280,796
4366: 6986,947,1120,6660,2697,4775,3040,312,7983,6803,3752,5050
4367: 2321,393,7164,6823,3033,3265,6082
4368: 482,3277,2326,4162,5719,5549,1224,2624
4369: 581,4275,1924,4689,3560,7391,7694,3059,6517,340,5787,1643
4370: 8132,2983,1897,3870,4552,5199,6132,6024,2076,811,854,6244,1239,3857,7837
4371: 3958,7979,29,5107,1745,819,2919,937,311,3312,4686,4966
4372: 6037,1154,2745,7264,3192,7668,608,309,5503,4659,6417,7171,7222,6959
4373: 2904,2766,1788,5986,562,7689
4374: 2895,1789,1820,2480,2741,4524,1602,4532,709,4522,3001,6193,6565,4291,5020,2470,7014
4375: 1929,3683,2585,7862,4174,2145,3055,5115,7866,1903,6154,370
4376: 4472,2978,6763,750,7128,2664,1353,5770,4918,2336,6237,4078
4377: 1995,2101,4560,4787,4246,4932,1566,2016,4722,3126,6110,6668,5699,707,7989,6350
4378: 85,3793,2337,5947,3382,1020,6591,7784,3484,1945,6131,7580
4379: 5451,2983,7337,4054,1778,3870,4178,6132,6481,1178,6527,1984,2792,5675
4380: 7962,3701,7024,1221,6785,7721,166
4381: 3810,7788,849,5169,1184,5255
4382: 1926,900,4601,5902,2315,3186,518,5454,2355,3402
4383: 1919,6746,4017,4735,5838,3811
4384: 3325,114,828,4683,931,4348,6140,4662,1451
4385: 4118,8022,1111,2910,7332
4386: 1167,5495,2601,5049,0,1845,4832,6852,3812
4387: 667,2819,1661,1251,7443,1274
4388: 6976,2984,1847,6322,443,1131,990,2954,7290,7803,3715,984,6996,5479
4389: 502,1449,6943,3231,3042,3072,6079,515,5307,7214,1424,8098,7369,8142
4390: 2359,1321,5600,6705,5823,3663,7981,6172,4062,2023,7969,5263
4391: 1223,7295,2392,3842,1558,5077,2768,1630
4392: 452,4992,4986,880,391,6616,7083,133,7996,2875
4393: 812,7272,5223,7238,5806,3863,2818,1894
4394: 5314,2667,3818,5162,7897,2838
4395: 5043,1426,2444,554,7512,2098,8047,7239,6616
4396: 2077,5001,6951,1760,4783,3492
4397: 4671,5007,4640,115,1272,1755
4398: 890,846,304,3028,7635,6723
4399: 3245,7125,1959,1450,4511,1077
4400: 3427,5986,565,5069,1855,6319
4401: 6978,5458,7853,311,3840,29,1745,4010,4686,4966,865,6374,3018
4402: 116,3048,2945,7392,1358,3373,2197,1807,345,4654,5017,8048,7182,6689
4403: 764,4227,5660,2074,341,1340,372,5628,2964,3622,8014,575
4404: 5469,3522,4138,762,654,1299,5398,1866
4405: 5155,1856,1329,7975,2092,5473
4406: 5127,2593,1229,3903,3390,7918,8000,6638,3338,2903,5779
4407: 5748,8187,1521,7446,584,7734
4408: 1484,2465,4210,3385,1668,7750
4409: 7475,3628,8007,6524,1155,2127
4410: 1588,2901,7650,646,7194,2262,7692
4411: 2509,527,5306,5587,1821,6141
4412: 1156,5769,948,4781,4461,1746,4428,2552,2518,2263
4413: 3108,932,7349,326,550,3239
4414: 298,7289,3788,5484,6703,5041,1319
4415: 1869,4807,375,2693,7951,3377
4416: 2318,1205,3237,1724,2344,7274,4611,6490,4253,5523,575,372
4417: 1175,2702,342,5366,7056,2471,3034,6302,2570,5376
4418: 968,457,5082,8085,2,2936,2813,650,2715,5213
4419: 2140,5267,3771,7465,3647,1483,7838,6538,2251,7572,284,8189
4420: 888,1998,244,3766,7558,2659,306,4000
4421: 6505,8119,2164,594,6878,4295,150,7889,7017,1560,21,433,2369,4246,4808
4422: 2520,6784,5378,3549,5959,3792,1746,973,4428,2552,1858,4461
4423: 5127,2593,2725,1229,3390,7918,3343,3282,1298,6223,5820,5198
4424: 73,5367,693,7783,2598,1965
4425: 3634,6626,3488,5415,184,7000,8034,1197,3324,3538,1504,1000
4426: 4859,4858,5133,2643,5924,1299,5469,2271,6586,7410,3386
4427: 7878,3197,5816,7193,7814,87,4330,1859,1675,1228,4755,4692
4428: 5378,1746,973,4422,2552,4656,2263,4412,4781,4461,8133
4429: 493,2372,6776,6015,2839,763,6229,3044,5573,4727,5249,2726,7685
4430: 7688,5732,1618,2264,3934,2433,2560,5671,4751,5885,5722,3409,2211,1398,6592
4431: 974,7400,1822,7848,5665,3966,5489,6482,6525,3504,7077,7540
4432: 1650,6202,7181,4867,1339,5309,461,3446,2338,1538,6530,8109
4433: 1509,5434,4072,2998,37,1823,7716
4434: 1869,5275,4489,5896,3130,4785,2190
4435: 895,2938,535,1249,6655,5570,8153,190,2265,2533,6581,874,3116,4912
4436: 4099,893,2040,5164,648,2853
4437: 5724,682,1182,7810,275,2542,1395,1747,6555,7302,475,2305
4438: 7026,6533,314,2527,4635,1709,1857,5326,118,3932,3823,3058,6097
4439: 5564,4073,3774,1651,1576,7250,419,7283,4225,3269,7520
4440: 6209,933,5464,2711,2600,399,3335,7388,7319,7306,2393,6961
4441: 6762,2408,1338,6579,1078,4451
4442: 2939,8073,6761,1824,406,3759
4443: 1748,3646,5395,5153,5785,1183
4444: 2409,5822,1478,4830,2803,7216,4801,6367,4927,4510,4990,1166
4445: 1324,6985,6111,2009,3198,1860,4902,2562,822
4446: 7480,324,6768,7663,3919,7781,1954,2883,6226,3399,4038,7827
4447: 272,734,2402,6842,3775,7589
4448: 2756,7777,1373,4213,3690,3984,2625,1034,7455,6253,684,7407
4449: 2520,6784,5378,5959,268,4181,883,3593,2271,3090,6586,1858
4450: 6060,529,4521,3670,6760,5644,6036
4451: 1078,7273,4720,839,4441,1338
4452: 4567,781,1101,1452,5771,4688,1019,3610,233,4058,3163,4255
4453: 3994,4773,218,3066,1590,6801,4752,1759,5104,5208,2881,4485,3127
4454: 3012,7550,777,3889,6853,6410,2985,6955,1790,6286,7917,7347,3462,279,1282
4455: 821,2205,4984,2515,4515,2165,2341,1620,1004,2312,934,4493,6480
4456: 5650,2528,2630,7538,2611,7060,211
4457: 4525,2296,4299,1079,966,2891,2476,3595
4458: 6317,7849,3085,2306,2925,6291,5675,5062,2442,1895,4281,1178,3681,2661,5726
4459: 6650,4342,884,1300,1185,2547,999,2684,850,7809,2316,2100,7069,6818
4460: 2274,1217,5089,2932,7910,1769,3283,1042,6242,1867,6227,4250,3698,5074,3559
4461: 703,1156,4412,6558,948,4781,8133,3549,1746,4422,4428,2552
4462: 2450,779,7907,6528,5428,5732,1618,3934,4177,6592,543,6515,3148,447,5088
4463: 1423,7197,2447,3769,1597,1735,3056,8184,6883,6139,3356,5212,4591,5945,3502,196
4464: 5745,1400,2673,5854,5593,5991
4465: 5678,4232,3128,7263,2066,422,1166,4801,2333
4466: 645,5028,2870,2553,7640,4706,563,6103
4467: 6285,1994,6796,1695,2122,33,2320,5837,6422,4035,8088,5910,808,2506
4468: 3997,145,3351,5744,3745,5485,1301
4469: 6361,1825,8095,6905,835,2997,7202,2712,2357
4470: 223,4604,4134,1749,5538,6032
4471: 1002,7542,3394,1448,4338,7997,7886,5679,2896,5396,2840,5937
4472: 416,2978,6763,3144,4376,4699,2034,1374,750,2865,6237
4473: 2472,1016,284,3210,6472,8189,6431,6861,7156,1595,1741,4243
4474: 2837,291,2152,7648,1888,936,5849
4475: 4354,2685,2056,5836,339,7117,7542,1448,7997,2840,3581,5937
4476: 5613,4562,6118,1316,2191,2605
4477: 2786,2930,852,297,5938,2366,6330
4478: 2115,7318,2374,85,2701,215,3793,2337,5947,1945,1887
4479: 5208,4840,8106,2881,5362,7416,853,2591,6275,1773,34,745
4480: 581,1667,7429,4695,4275,4689,945,3560,7391,7690,3968,3530
4481: 6915,2659,306,4747,3776,2434,6737,323
4482: 6114,1545,3322,6246,3456,2861,728,5860,1194,7286,2631,6510,6001,6950
4483: 3179,3593,81,7818,1198,4878,4656,6064
4484: 6923,1550,18,7825,6277,2756,5646,4095,6295,3450,2137,183
4485: 5208,2881,5362,4012,853,1979,3431,6492,2514,3066,1590,4453
4486: 5403,7112,595,1766,4027,6400
4487: 6246,7610,2861,6692,6967,1871,1109,6016,7672,978,2973,235,3378
4488: 5564,4073,1576,7250,419,7082,6856,95,2147,5565,7974,2488
4489: 685,5275,1468,4434,5896,2192
4490: 173,1310,2339,491,2727,7654,8103,560,1601,7662,2650,5098,4841,1293,7677
4491: 1974,3153,3926,1561,780,8130,6333,4222,4829,5030,2073,4237,89,7851,7633,1447
4492: 5711,1664,6778,700,6569,7753,3478,2940,5588,1896,1070,5239
4493: 2312,934,2264,2433,2560,5671,4751,6480,7735,1209,2205,2515,4455,7799
4494: 4914,7147,3491,7576,238,3594
4495: 2732,6495,117,3330,1750,2218,6769,5358,4637,6747,3129,2638,3704,4545,5329
4496: 3999,7559,5651,7846,1916,5576,2898
4497: 712,1461,4760,205,7833,2916,2718
4498: 1751,6997,7904,7492,4056,2823,998
4499: 4516,3017,4145,8156,2317,1966
4500: 335,3667,6523,2841,872,4137,4929,7009,2716,4928,3983,1302,4141,3109,2807,1049,7200,5673
4501: 1510,2385,7452,248,7539,3860,2398,7971,6751,2179,2487,7019,6983,2632,7244,6197
4502: 5544,1121,2767,3963,5680,2507,6278,6726,5908,404,5669
4503: 5830,2704,5351,2899,2633,6270
4504: 617,2744,2733,3443,3243,719,2719,7477,4745,1375,7487,6903,2755
4505: 2214,6821,6323,2193,7508
4506: 4229,6880,1051,2142,2634,4191,3664,225,6715,928,2301,5957
4507: 2947,6788,7960,8034,4216,4241,5008,3538,7456,7632,4290,249
4508: 8,6021,3460,5260,4018,7372,1669,7748,3511
4509: 7369,6625,2113,1596,4774,7591,8054,6943,3042,7884,1523,591,3981,3215,2367
4510: 4927,3696,3415,6161,4990,8096,7232,3428,62,6367,4444,2803
4511: 1967,4847,1450,3245,6447,4399
4512: 2333,4789,1562,1237,8065,1652,4232,816,7263
4513: 1167,2340,5049,6793,5139,8131,4832,1981,1336,3372,1864
4514: 675,3362,2635,7842,2170,4345,4885,5992,6436,5841,7008,2500,2113,3093,1941,920
4515: 3047,3855,6418,2165,2341,5051,1940,1620,1004,6026,4984,4455
4516: 4499,3017,105,3238,8148,4145
4517: 2614,1112,2008,7405,5171,2163,3813,681,6437,1631,6310,2999
4518: 4252,743,1582,2847,4301,1598,3239
4519: 3021,7681,331,2827,2148,2564,1626,6221,8069,6369,5194,5344,5068,60,3632,7065
4520: 6603,5917,708,4322,7757,4083,3825,5163,7395,7071,2030,1906,3141,13
4521: 3670,6760,4450,586,2636,64,5511
4522: 4834,709,2825,3001,7504,6193,6565,4291,1602,4532,2039,5020,1789,1820,2741,4374
4523: 570,5894,212,7292,2228,1303,2909,7751,2000,4198,4103,1280,1736
4524: 2895,45,7424,1789,1820,7328,2480,3722,2741,4374,1771,5996,6193,5020,5122,7014
4525: 4457,2296,4299,4794,2282,2041,5011
4526: 3958,7169,5107,5120,819,2919,937,229,7108,3463,2238,5352,5159
4527: 6067,5662,7334,2277,2666,5150,2224,635,1527,4584,5596,5225
4528: 3393,6464,8087,1230,6838,143,8094,4869,2707,4546,483,2329
4529: 5532,5533,8121,4589,803,6479,408,3763,7393,5662,3122,1527
4530: 3806,3525,3202,1343,6865,2303,6897,7157,6475,3489,415,4653,1666,221,4272,4835,5111
4531: 4189,6752,3604,5993,1041,224,1069,4834,1625,3436,987,6210,2895,2554,7424,1789,6196
4532: 6563,1701,1602,8111,8134,2039,6269,3476,709,4522,2825,4291,5020,2470,335,4374
4533: 6608,7479,3005,7063,5568,3505,6874,7146,5592,2342,1043,5829
4534: 569,6946,5740,3232,1585,3412,8144,7227,1116,3929,3,7015,6183
4535: 2991,5416,6095,3921,1297,5258,3642
4536: 271,7004,2637,731,1312,1065
4537: 3235,3850,4352,3135,6681,970,1482,2512,6034,9,5058
4538: 3186,6678,5414,6169,5454,1611,7269,2181,3490,2315
4539: 3686,5827,1551,6927,8033,5170,636,2993,5879,4082,6186,5240,3398,6965,262
4540: 2223,2887,5237,965,1882,6885,1352,5878,3565,2609,6662,7720,175
4541: 1905,2342,5018,5569,2608,3720,5974,1043,7596,1934,1515
4542: 8171,54,8025,3275,1191,3992
4543: 7306,3199,3372,2393,6661,1864,104,3844,3250,6793,5139,5342
4544: 6888,7457,1899,4602,1044,627
4545: 2638,5056,2504,7939,1147,1549,3704,5751,5721,6917,5000,4495,6495,1750,2218,3296
4546: 7919,4869,521,2707,506,3067,483,6922,6464,8087,1230,4528
4547: 5965,1784,3411,6198,5193,1530,508,1231
4548: 6536,1255,119,2740,3030,5348,6640,3887,5110,6728,343,1539
4549: 3671,5597,2754,7260,4647,1355,6029,710,6777,3477,1081,5241
4550: 4985,7329,1782,6261,2457,1898,381
4551: 4063,597,5642,4893,7961,3502,6030,4004,2447,7270,49,3279,1988
4552: 8132,7337,86,1897,3870,4370,5199,6132,7799,6024,2076,811,3409,2211,6244
4553: 6548,6893,1418,7036,1396,1323,236,3952,2796,588,3814,1518,6553
4554: 5462,412,2929,1623,344,4633
4555: 144,3019,3757,8050,3254,7425,5808,7228,341,2017,2964,1377
4556: 1779,6353,5406,5222,6677,6117,682,3246,7411
4557: 6770,2607,5713,7838,959,6720,4037,2236,2078,6850,6941,635
4558: 570,212,1780,7020,2812,6687,3174,5737,6486,2207,6981,258,678,6009
4559: 1005,4623,7360,4784,5478,2376,1671,1476,4026,2064,1704
4560: 2642,5951,2101,4377,2410,4787,7517,4932,8185,1636,111,7989,1208,6350
4561: 198,2751,5953,3940,3570,3342,1267,2001,2790,5578,455,5747,644
4562: 2829,4476,5613,637,1316,5819
4563: 1826,8077,4133,7595,3004,6590
4564: 2411,3348,2289,3930,6824,1433,7433,1383,4894,5399,466,3982,1809
4565: 2816,1522,1301,5142,3745,7932
4566: 1509,2998,6383,1898,6963,381
4567: 1287,4452,781,1452,3610,7881,233,7460,5092,2529,815,4247
4568: 3634,4071,6626,1728,7040,813,7382,3488,5415,7000,1921
4569: 922,5647,22,7891,3571,253,414,6457,8003,3953
4570: 3188,1365,5682,782,7817,125,2150,2551,3804,2144
4571: 1186,3336,375,7413
4572: 5271,2880,5435,2198,1679,2587,6372
4573: 851,1693,2343,5727,7394,355,2095,3785,5109,5598,3930,6051,1383,4894
4574: 1439,7699,1295,783,3258,7155,2891,302,7521
4575: 4875,715,938,2346,6886,4693
4576: 3294,6685,1455,7955,6995,3623,784,2047
4577: 1683,7990,169,1580,6145,3872,7439,2235,7356,6939,1974,1561,4829,4916,7560,3777
4578: 2477,6837,1028,6889,3702,1556,2290
4579: 6121,2924,2943,6840,2042,187
4580: 2012,1752,3178,5483,3248,3086
4581: 995,2043,6644,2831,5872,2943
4582: 3729,8040,869,2968,1157,1819,6409,4303,5935,5800,58,4895,2790,2071,7571,2050
4583: 1305,261,4079,3562,5632,6224,1409,2093,3035,6040,5758,1341,7058,7102,5375
4584: 7334,2277,2666,5150,1527,3778,4527,5596,6043,1803,5288,1733
4585: 7160,834,1200,3240,4184,1638,3764,4937,7104,512,1038,369,1975,8071
4586: 3453,6892,5126,3841,1232,1792,4362,4363,2335,331,1946,7742,7152,130,3611,7707,7963
4587: 2196,4059,7205,38,2735,4994,7420,4588,5461,610,5491,1956
4588: 1003,4059,7647,4930,38,4994,7420,4587,5461,4075,4331,5477,3327
4589: 2736,5533,8121,2481,4529,803,6479,2758,3195,7832,408,6919,3763
4590: 2604,5540,1039,2951,4211
4591: 6139,3356,5212,7778,1423,1597,3056,4463,5945,3502,7044,2795,196
4592: 2413,2266,6194,5575,4719,4881,5659,2432,63,2344,3449,4200,494
4593: 4964,1363,3472,7561,5262,5327,7824,2412,8081,6624,3944,7338,258,7826
4594: 1582,1598,69,7484,6150,3873
4595: 6707,2051,5431,6657,2461,1023,1753,3763,7393,6067,3122,2224,5204
4596: 6273,2907,7905,7706,1532,3851,6050,320,5752,7179,1841,2921
4597: 1537,1256,539,4226,2777,6488,7304,5553,6030,5693,2914,6343,3241,3333,1393
4598: 701,7509,6434,6754,2254,8009,785,5792
4599: 3666,4800,1381,939,7982
4600: 157,561,8138,2549,1045,7570,6462,2651,3307,4682,6371,611,2401
4601: 1926,8057,2482,4382,5902,2355,3402,4085,5971
4602: 1899,3088,2155,7696,627,4544
4603: 359,6359,1103,2388,7084,1376
4604: 4470,151,4134,6032,3106,397
4605: 7868,3548,3707,3124,5295,875,6964,4188,1658,1726,4060,4328,7431,3091
4606: 4713,3724,1056,6050,3528,5198,320,7581,1159,5752,7179,2907,2044
4607: 2246,7523,8099,3805,6866,2948,2002,4625,4009,3694
4608: 171,5832,7940,1158,6418,2165,1600,6667,3815,1003,7647,3875,4984
4609: 940,7978,6159,6414,8188,863,3843,93,2568,5353,6868,2430
4610: 6391,3485,748,6614,1999,4108
4611: 2318,4416,3237,1724,8104,5735,63,6936,3361,2344,3449,4200,2413
4612: 5805,3205,852,889,4839,1080,5938
4613: 1305,7345,979,5803,5238,2467,4079,7059,2555,2159,7687,1313,6560,6040
4614: 3924,1280,5498,1502,791,6206,1389,7511,1068,2483,5496,1736,5453,4944
4615: 8036,7386,282,4057,97,2407,596,1987,2187,5134,5073
4616: 6913,1927,593,887,4017
4617: 1233,656,5874,3668,2440,1026
4618: 736,6591,7275,1377,2182,3484,7425,4227,7228,2017,2964,8192
4619: 817,1566,4797,2588,6063,3539,2016,1524,6267,5340,5359,6960,4722,5699,2463,2852
4620: 3057,1219,7106,7946,3917,4279
4621: 2445,5023,4971,4768,1027,6825,2848,2885,7025,6041
4622: 2059,848,7692,5456,1845,30,6867,3993
4623: 900,6501,7360,4559,2482,3957,5648,7582,3892,1704
4624: 4856,5796,5074,7761,6134,72,2079,629,7502,8164,3923,7290,2984
4625: 2948,2916,6313,2002,4661,7935,4009,5228,4607
4626: 274,5368,409,6575
4627: 6984,742,2418,470,4003,2459,559,6729
4628: 5381,363,2561,1720,4837,8135,1900
4629: 4636,6174,1234,3486,4845,4254
4630: 4269,1195,2731,872,2345,4929,7009,8147,5344,686,6507,316,3063,3632,7065,5741
4631: 5788,4759,1532,3389,2579,3599,1378,7350,3833,5425,1471
4632: 3137,3947,1754,5840,3078
4633: 3142,344,6265,749,4554,2929
4634: 1050,6931,2871,7900,504,1306
4635: 7026,6533,314,7167,6513,4438,1857,118,3823,3406,3058,6947,2753
4636: 7134,6174,4629,400,4254,3092
4637: 2732,4495,117,3982,3330,1809,7165,3129,173,1310,8103,5329,560,7662
4638: 1484,2851,4968,4276,2628,754
4639: 1215,7895,2787,2149,1670,4821
4640: 4397,5007,115,1445,520,4311
4641: 1594,1786,5365,4677,2596,5353,3429,1950,7335,941,6414,7984
4642: 5667,5759,6502,3922,3262,2714,3080,2425,5927,7078,1969,663
4643: 6505,5619,2164,2977,3913,2045,4295,413,4344,3110,3094,2502
4644: 2414,5906,3006,6658,1046,6901,140
4645: 5067,2746,5550,3741,942,7738,7294
4646: 1839,2967,2003,638,7434,5859,7592
4647: 2981,368,2754,7260,2011,1355,4549,6029,5302,2866,710,1081
4648: 493,2372,3044,1903,2726,4823,7862,3123,7514,2024,1096,7685
4649: 2036,5330,4183,2248,2567,7562,2639
4650: 2005,6119,3326,392,3403,6716,5710,5026,1472,786
4651: 7243,2307,3619,2080,7103,123,5474,1619,7847,7787,916,7016
4652: 543,6515,447,5157,8162,2906,2272,106,7697,2804,5088,1487,7177,1061
4653: 2370,2727,415,1601,5954,3202,1343,4530,6073,3433,2242,771,790,7206,4272,4835,5111
4654: 116,3551,7392,1358,3373,1807,345,4402,8048,3697,7182,3979,7328,6689
4655: 449,8042,6045,3131,3221,7432
4656: 3593,3090,4483,4878,1858,6064,2520,5378,4428,2552,1083,2263
4657: 7212,1031,2660,4089,6090,847,7868,6285,3614,1994,7785,7534,6076,906
4658: 5161,2150,1764,172,4934,7652,1160
4659: 6037,4372,1154,7264,3065,309,5503,6417,7222,2730,6959,2810,1797
4660: 6315,3729,869,2876,1819,2456,4303,5010,6263,7034,516,6910,8117
4661: 2948,2916,4625,4009,5228,712,6518,7523
4662: 3268,6140,5416,1499,4384,1612,1451,1235
4663: 1779,3414,2371,3261,1868,6353,5817,1086,5978,7411
4664: 3868,5487,1709,4063,5554,597,5642,4240,6043,3751,5288,3932,2260
4665: 914,2580,3836,7805,376,4358,4870,3787,5974,6813,15,3379
4666: 1761,255,8068,1470,1928,7791,5384,4793,674,3544
4667: 6643,484,1878,562,7689,4845
4668: 7033,787,6596,2330,1104,2749,7573,4975
4669: 1379,6479,2758,3195,7832,408,2443,6059,519,2923,3582,5039,7393,1542
4670: 3506,5750,7539,3860,4195,2398,7971,5509,5825,3114,6438,7121,1735,676,8184,943
4671: 2622,4397,5007,3469,1755,8027
4672: 6973,3106,1238,4816,151,1902
4673: 4773,218,3636,6765,2699,1759,6688,2052,1262,4873,492
4674: 2448,5022,3628,1705,1500,5850
4675: 7046,6262,1033,3980,373,539,5553,3241,7832,6919,2736,1480
4676: 1767,2974,295,7794,7727,546,7220,6023,5062,2661,2306,2925,6291
4677: 2842,1786,2596,3429,4641,941,1968,5784,940,6753,6414
4678: 6617,5233,2116,6575,3149,274
4679: 2893,7407,2769,5784,5085,7366,5347,2578,1880,2842,1786,1968
4680: 7079,3988,4705,6337,1269,8175
4681: 5064,806,1112,3813,8015,6803,855,4775,3541,1714,6128,6711
4682: 3308,3307,7456,7632,8031,3542,6462,2651,4951,5008,4769,5125,157,4600,2401
4683: 7007,3571,4384,114,1451,3596,5585,1235,3953
4684: 2130,267,6280,7859,1599,7030
4685: 1989,7653,5674,3998,4065,727
4686: 107,1986,2117,4010,3312,4966,4371,1745,4401,7853,311,865,3018,7057
4687: 1025,7324,639,5973,2966,4308,7840,4798,5364,1137,1161,7894
4688: 1287,4452,781,7623,1101,1452,5771,6532,1019,7899,3610,7802
4689: 581,4369,3560,4480,7391,3654,3968,7694,3059,340,3370,687
4690: 6339,3514,3190,6721,6469,6099,119,3573,944,1830,2959,6179
4691: 2484,4245,7494,1434,6766,6847,1481,3300,4336,6228,537
4692: 664,5286,5733,2327,4427,7814,5891,2986,4330,1675,1228
4693: 5616,6886,1846,5417,4575,2346
4694: 4287,633,2557,6143,3871,7867,910
4695: 581,7429,945,4480,7391,3654,7690,7922,7325,1268,3968,5897
4696: 4258,6085,3161,2437,8013,3180,6979,120,1756,4719,5735,63
4697: 4024,130,7226,788,1573,1812,3359,4320,6925,6166,7673,4032,3280,6208
4698: 7092,3987,8136,1886,8170,964,5445,1828,1513
4699: 4472,416,2978,993,7755,6316,6763,3144,1374,750,1037,1353
4700: 1940,1620,5795,7682,7590,2650,5291,1004,5098,6508,1469,6026,2752,5051
4701: 1380,2373,5539,4767,1275,3859,4203,7937,3995,3685,3177,4740
4702: 7574,3779,2118,7297,4814,1127,3918
4703: 721,3200,1163,4826,5141,1717,6477
4704: 3584,1046,6142,7192,2640,1202
4705: 7079,5363,3988,4680,2485,1187
4706: 1326,563,6103,2627,4466,2553,7640,2589
4707: 1310,2727,5329,560,415,7662,5954,2732,2218,3129,1147,3525,1343,7717,8001,7157
4708: 2662,367,2325,6263,7764,6422,1257,4035,516,6910,7341,1657,6796,33,2320
4709: 6186,579,1351,6855,2323,1873,227,8124,4128,3398,6965,3686,7966,6605,3495,5284
4710: 7516,4941,1725,2151,191,6674
4711: 4033,5185,1572,7198,378,8061,2784,1631,4943,6108,7405
4712: 3824,1839,4182,3989,2003,7038
4713: 3724,6050,4606,5198,4309,320,7581,1159,649,6491,3343,1632
4714: 7912,831,7552,3172,2644,1757,7701,3461,2889,440
4715: 3294,6296,1565,1955,6708,2119,968,6970,2936
4716: 2739,6049,241,7150,5248,3248
4717: 7488,4784,7528,5478,572,2376,1206,2348,5749
4718: 146,2469,1892,7705,3555,4261,2917,1689,3821,8151,7973,1368
4719: 2413,1929,1756,4592,924,2585,5575,4881,8013,6979,4696,63
4720: 3377,1078,507,839,3130,4451
4721: 2414,8074,540,7055,5906,6137,8174
4722: 6960,3126,3395,6110,6668,5699,5892,3416,2463,1566,2588,2016,4619,707,1995,4377
4723: 2765,5698,665,1047,3183,5853,6311,1168,5093
4724: 2492,1621,986,6080,2267,5497
4725: 1901,1588,3092,7650,2652,5251
4726: 7064,2489,66,2641,3049,7608,668,756,4312,519,5039,4996
4727: 493,2372,6776,6015,6229,4429,4342,1903,1185,2726,999,7709,2684
4728: 7468,450,7976,2174,1554,51
4729: 5337,713,386,4015,2511,7903,3013,548,2416,4976,6442,5868
4730: 357,3561,5153,1183,5876,3864
4731: 3942,5798,7491,4236,250,1371,789
4732: 7546,554,2558,7378,7512,6740,2098,1808
4733: 1092,5931,2120,5614,3503,3606,5335,794,1491,5328,5045,334
4734: 4779,6734,4902,3653,858,2767,1335,5680,6278,6726
4735: 7,5930,3451,5838,3811,4383
4736: 105,8148,2096,2559,1531,6248
4737: 2786,2347,7137,1514,6330,6389,5221,3589
4738: 3442,2492,5094,3585,1236,423
4739: 2890,5283,2151,1155,6524,3242
4740: 7062,642,2529,3177,1559,751,4247,7421,1380,3859,4203,4701
4741: 2268,7964,3293,6669,6069,3348,814,1433,1285,7384,25,7590
4742: 2695,6695,7159,7837,5215,178,2530,4322,2556,2076,379,854,5386,3438,6244,1061
4743: 8011,3087,4935,6858,7923,946
4744: 1604,6520,5065,6453,6386,735,2111,2046,996
4745: 3243,2743,2719,7477,2549,4790,1045,7184,4504,617,336,6871,3443
4746: 5130,112,3417,2139,286,1169,4094,7567
4747: 5220,2286,1062,3776,4339,2696,7300,323,4481
4748: 2156,1388,536,5374,3612,896,6173,2281,1827,2209,5519,6683
4749: 4871,82,1781,2284,1048,612
4750: 5633,506,3120,2987,3067,6190,6786,7370,288,3160,6804,7634,6567
4751: 4430,2433,2560,4493,5671,7735,1209,2205,992,2515,8132,86,7799,3409
4752: 3994,4773,218,3066,1590,4453,3636,6765,1759,5514,3431,2881
4753: 374,2548
4754: 4287,1264,2557,3899,410,6468
4755: 4950,5304,2653,1859,2292,1675,2121,4243,3197,4050,4427,7193
4756: 7688,7679,2312,3934,625,1961,5098,2752,1293,7677,491,1601,1259,3433,4952,5428
4757: 2828,2700,5149
4758: 439,2513,5791,6582,5000,3783,5715,4161,7649,1260,55,2958,5285,6917
4759: 2907,7905,7706,5788,1632,4631,3389,6491,1092,5931,3599,2794,5335
4760: 712,4497,205,7833,1485,2718,5274
4761: 2663,176,3305
4762: 4151,2710,202,3816,4119,4359,3782,1474,6013,6851,793,5669
4763: 4779,6734,1860,3653,2486,7908,278,1216,2863
4764: 7823,6222,1944,2466,2322,5621,17,1175,1066,1113
4765: 1997,3494,2421,485,5097,2276
4766: 2096,951,7830,5,6012,2081,915
4767: 305,1380,2373,5539,5820,7937,3995,4701,3685,5433,6584,3528
4768: 2445,5023,4971,5427,711,4621,1311,2885
4769: 6374,1978,1763,6462,2651,4951,5008,6307,5125,3308,7456,8031,4682,249
4770: 2817,5394,1356,8176,7336,521,3699,165,7170,6464,4021,6838
4771: 5061,3727,657,580,4066,3533,742,4205
4772: 3713,6732,2419,294,2415,5774
4773: 3994,218,4453,6801,2699,4752,1759,4673,4873,2665,7658,492
4774: 2113,1596,8079,7591,8054,4509,3042,1523,1683,591,3981,7942,3215,6573,6939,1584,2367
4775: 4366,947,2697,1629,4202,3541,6803,4681,3104,6128,6711,3270
4776: 5848,1806,3637,7470,1511,417
4777: 6955,6849,3518,729,2460,1790,6053,6286,1490,1307,6346,2180,7261,7917,3462
4778: 3693,5514,1979,3657,3431,6373,714,7775,6439,8087,5078,8094
4779: 4763,6734,4902,4734,858,2562,2486,1335,5680
4780: 5195,1266,8016,3705,8157,509,5567,2714,5486,1969,2026,2845
4781: 703,1156,7237,4412,5769,6558,948,459,4461,8133,3039,4428
4782: 3847,4144,840,3839,2047,5508
4783: 832,6722,3492,6948,4396,1760
4784: 4717,7528,5478,2376,2348,1420,1005,4559,2206
4785: 839,3130,4434,7371,2190,3060
4786: 7028,532,1727,61,7409,640,8089,915
4787: 2642,1995,433,2101,4377,4560,2410,4246,7517,4932,8185,6110,6668,5699,707,6350
4788: 6724,1879,7221,7812,2269,163,65,5530,3730,283,1244
4789: 1006,2333,4512,1562,1237,8065,4989,3882,4232,7263
4790: 157,3243,6176,561,2743,7477,2549,1045,7570,4745,4266,7184,6871
4791: 3794,910,7606,3552,949,3871
4792: 1723,3164,3732,616,5567,1266,8157,6907,509
4793: 5392,2773,674,2537,4666,1761,8068,1470,1928,3544
4794: 1160,4525,4299,2282,2041,172,3747
4795: 1359,2926,752,1939,7772,84,6485,7763,7397,1273,3193
4796: 1547,321,4957,5252,2099,952,961,1916,2131,2590
4797: 817,1566,6063,3539,1524,6267,5340,4619,4013,6511,5359,5361,3643,411
4798: 4308,7840,3618,7324,5973,4687,5738,800,1161,3376,622,6993,7894
4799: 3677,3162,5777,4324,3834,2755,7543,1829,7760,77,5156,4209,6341
4800: 3666,4139,4599,7154,1381,5994
4801: 4444,3882,4830,7216,422,4927,1166,4465,4232,2333,4989
4802: 2064,3749,876,7948,3948,1261,3626,6622
4803: 918,7888,2213,1273,3401,239,1082,3458,3950,7054
4804: 2563,3408,8137,103,7844,4923,2594,5138,2048,1850,1583,8125,4323
4805: 2487,3978,7795,8044,2993,2734,826,6402,7019,5357,5802,5879,1510,7452,248
4806: 7125,2174,1554,4321,891,6958
4807: 1869,5275,375,7413,1468,4415
4808: 1560,433,7517,5075,4421,8119,5510,6878,150,7729,3301,1465,7999,1137
4809: 1308,2670,7756,3139,1615,975,6138,2832,1217,5599,5443,1933,5505,5786
4810: 2049,618,3134,3432,7490,5173,1800,153,2324,5331,1240,3410
4811: 1636,111,5833,2203,7726,5449,5010,6380,7764,3244,1257,516,3613
4812: 2185,6556,6297,6841,6326,1791,1696,3897,6805,4067,420,219
4813: 6701,6973,3219,1238,856,6700
4814: 2645,7297,7043,7574,3779,4702,1127
4815: 6164,4201,5247,3346,418,1007,7366,5347,3073,641
4816: 151,5273,5545,1535,1902,3569,4672
4817: 209,3875,3977,821,5899,2205,992,6165,4984,2515,171,2341,1600
4818: 3031,35,3440,3864,3621,1453
4819: 3780,8080,6106,8118,513,1059,1872
4820: 6354,5624,3731,3383,7631,1162,7598,405,2574,6014,2368,8018,4862,5892,1399,2463
4821: 3895,7841,1670,877,4639,7895
4822: 866,6334,3061,2902,6351,6231
4823: 1903,2726,6154,7709,493,2372,4648,3683,6194,7862,2145,3123,7514
4824: 1970,2195,861,1655,7282,2572
4825: 8021,966,5190,2891,2476,302,6637,7521
4826: 721,5343,387,1163,4703,3388
4827: 1164,2368,3126,3395,8018,4329,1399,3416,6168,1437,1162,7620,252,6347,2294
4828: 4156,1467,5455,1349,825,7100,2788,3817,1911,5254,6362,2106
4829: 1974,3926,1561,3074,780,8130,6333,4491,169,6145,3872,4577,4237,7851,7633,1447
4830: 7128,2409,4444,1478,3882,2664,1353,7216,4801,5770,4989,2336
4831: 6766,7162,6847,3601,1481,3300,2115,2701,215,6292
4832: 1981,4148,5189,3812,1336,4386,4513,1167,2340,3372
4833: 4190,1851,2118,2082,3369,6534
4834: 4522,1241,3001,7504,6193,1625,6565,5338,346,987,2895,2554,1789,1820,6196,4531
4835: 1666,5950,221,7023,366,5801,4272,6395,6147,5111,4653,3202,4530,3489,6073,2242,790,3098
4836: 3413,590,7256,1165,3829,2110,4206,5432,1519,3314,4163,3007
4837: 615,7381,1720,1900,5381,2561,4628
4838: 1006,1772,3641,75,1562,1237,8065,5136,4020
4839: 889,4346,1080,2724,5805,4612,1309
4840: 5208,489,4479,7416,2591,34,7209,4051,745,6994,4310
4841: 5382,5795,2650,1469,7677,2289,466,3982,7165,173,7654,8103,4490
4842: 5523,1001,4361,6792,3062,8014,2629,575,2318,1724,7274,6180
4843: 5333,6560,16,460,1762,2093,3035,6040,7441,5758,583,525,2159,1313,6327
4844: 4126,7408,2477,6837,247,467
4845: 1234,3486,4629,4667,484,562
4846: 1305,426,3196,7345,261,5238,5768,3562,1777,4097,5632,4142,7101,6224,1409
4847: 2584,1967,5981,4511,6447
4848: 3070,1633,8077,3692,7801,2835
4849: 3294,6685,6296,1455,1565,6867,3993,3949
4850: 1870,923,2270,5928,3754,8012
4851: 2761,347,4293,67,6906,8123,5626
4852: 3010,6463,3781,1586
4853: 1199,879,7790,5643,1072
4854: 3850,4352,6681,1482,4996,4224,2489,519,2451,5431,967,9,5657,1542
4855: 1121,6726,5908,404,5669,6398,4119,3782,1474,6851,3991
4856: 4624,3698,5796,7761,72,2079,629,8164,8167,2069,5387,7548
4857: 1844,2194,5012,1706,1960,7651
4858: 4859,429,4426,5133,2643,5924,1299,2517,268
4859: 4858,4426,5133,2643,1299,2517,5469,654,1866,7410
4860: 3939,7911,6549,1971,48,2933,2288,6864,690,3497,5491,2196
4861: 1652,6630,3216,7263,1337,7915,7626,1852,5119,7587,2054
4862: 6960,2368,8018,5892,3416,2463,7598,7254,405,3383,4820,7631,1162,817,6014,2588
4863: 2975,7749,1972,2575
4864: 2328,5083,7316,188,3609,3672
4865: 5172,6512
4866: 2452,3022,5472,6010,1634,1973
4867: 2644,4432,5527,1650,7181,956,1339,2972,2338,1538,7683,6530
4868: 1239,1248,5831,8126,3857,7093,2453,5199,2076,2695,2737,7396,2468,7837,178
4869: 7919,2707,506,4546,3877,3120,6190,483,3737,109,6922,2329,4528
4870: 634,914,2580,5815,4665,1731,3836,7805,2800,376,3787,5176
4871: 1748,4749,5395,82,2415,1781
4872: 3002,2408,2652,6579,5251,2083,7346
4873: 2052,878,1262,4949,3232,4773,3636,2699,1759,4673,6688,6183,2665
4874: 1407,3534,7588,6731,5590,4925,753,7869
4875: 4575,715,2835,3070,6886,3951
4876: 389,2523,7018,1286,5312,2556,5386,1061,5157,2272,106,7697,2804,6695,7159,5215
4877: 6116,7820,3583,88,7123,2686,3972,3190,5606,1830,6303,3802
4878: 3179,3593,81,4483,4656,1858,6064,2552,1083,5630
4879: 1831,6976,2132,6355,2984,1847,7548,6322,722,1131,5387,3065,3192,2310,5796
4880: 6046,5488,7211,2390,1382,655,4127,6379,6794
4881: 2413,1929,1756,4592,3683,2266,6194,924,5575,4719,5659,4200
4882: 3392,180,7929,4,6471,3574
4883: 3404,2351,5746,8019,3549,6425,7430,6083,1581,7158,703,1517
4884: 5779,642,5092,815,4247,7087,7881,480,7119,2275,1799,7460
4885: 675,810,2635,4345,4514,5992,6436,1616,5841,5536,7489,7008,2500,3093,1941,4180
4886: 5324,1861,6398,2959,1270,6179,4234,6,5653,6629,3255,3991
4887: 974,1822,7658,7848,5665,5437,2013,3966,6312,4104,1862,492
4888: 5158,8116,632,5472,7525,1957
4889: 3407,1115,317,4936,377,1428
4890: 138,8067,5981,2791,3309,3527
4891: 3823,8097,6306,7708,7605,3406,3517,3412,6947,2753,2446,8144,5740,1585,1203
4892: 301,4172,522,7882,3936,1553,5201,5923,7358,6071,6952,2771,203,20,216
4893: 4551,4063,597,5561,5642,7961,4240,3502,4004,1423,2447,1597,49,1988
4894: 3930,6824,6051,1383,5399,4564,4573,355,3785,5109,2382,117,1809,6769,7557
4895: 7990,843,7439,5762,7586,6428,2071,7560,3467,1088,3777,2050,6409,4582,5800,58
4896: 7991,6658,4002,1456,6405,3207,5906
4897: 3924,3140,6503,5942,5753,6759,5498,791,6206,281,2678,7418,613,7331
4898: 1832,576,7329,5279,6905,2997
4899: 110,1277,5515,7187,260,5345
4900: 866,1970,2195
4901: 2027,2352,971,3738,407,5229,6259,2620,4167,4130,7176,556,5799,2177,4159,5118
4902: 4779,4734,858,2562,2486,2479,4445,6111,3198,2778
4903: 3201,7691,6177,436,7108,837,7219,1040,3463,4260,3796,6727,1985,3156
4904: 3638,1460,2918,1497,3822,5055,5551,1528,7493,6101,4997,6942,1138,6192,431
4905: 3565,5411,7343,6662,6914,5231,7515,425,3447,3471,5918,3069,1438,5943
4906: 3948,194,6854,1671,626,5749,1476,2376,4026
4907: 5934,3024,4007,6199,7541,732,1635,4140,4084,7199,1362,31,2952,5969
4908: 7089,3131,1885,8115,8182,3768
4909: 5506,3229,6892,5126,643,3841,758,7855,1232,6104,7963,5582,4105,149,7857
4910: 3624,1406,792,3293,5004,189,7967,6669,5237,1318,5463,1144,7403
4911: 3082,951,5546,6012,8107,6155
4912: 190,2265,2688,2533,3718,874,3116,7277,5916,2227,2938,1249,6655,4435
4913: 6647,7276,52,7980,1653,2051,2461,6720,4037,2236,6850,6941
4914: 3590,1937,6430,7147,4494,3491
4915: 2645,5084,2053,605,501,2770
4916: 5827,3051,1551,7560,3467,6927,1974,7990,169,3872,4577,2993,826,7633,1447
4917: 693,6497,3595,7247,2878,299
4918: 1006,5770,1772,75,1562,2336,4376,5136,6237,5946,4078
4919: 2352,971,6751,2258,3738,407,6259,3159,2620,1211,7614,4167,6101,4997,5021,1460,7493
4920: 76,7342,4022,4316,5390,723
4921: 2950,1111,1386,8022,3976,2383
4922: 528,1213,228,5987,634,2800,6659,1100,5683,5809,3710,5677
4923: 2563,3136,5138,2048,4804,7518,8029,5440,8143,1288,1526,4323,930
4924: 3563,6044,1668,7750,3650,5843
4925: 2128,5281,3152,753,1407,4874
4926: 3748,5934,6199,6815,732,7931,3600,6642,3659,7340,1507,3165,6450,1793,5939,8026
4927: 2066,422,3696,4510,3415,4990,6205,1166,2025,4444,4801,5678
4928: 437,4172,2716,522,7604,3629,1553,7358,6952,4141,2807,1049,7200,4353,5673,4500
4929: 2470,5122,335,7113,4269,1195,3667,2731,6523,7014,2841,872,2345,4137,4500,8147,4630
4930: 3815,1003,4059,7647,38,4994,3580,4588,5461,171,1158,5670,4075,4331,209
4931: 3310,7084,1376,4112,7442,2874
4932: 2642,1995,2101,4377,4560,4787,1566,6110,5699,1636,707,2852,7989,1208,6350
4933: 1215,549,3818,2787,6332,1694
4934: 4658,5161,125,4285,2150,2551,1764,172,4960
4935: 3087,4743,2397,6858,2010,1457
4936: 317,4889,5654,2298,377,6499
4937: 6371,18,2522,7825,3189,8138,3764,774,1200,4585,7104,512,1975
4938: 2462,3187,6767,461,2474,3703,4945,155,7218,6202
4939: 7098,3166,3838,7792,5765,1649
4940: 7768,3719,2004,7491,7279,4236,3332
4941: 7516,4710,2397,7743,442,191
4942: 6544,3167,2723
4943: 6990,3164,6440,3418,7464,5185,4711,2784,7405,3107,6310
4944: 3016,1389,7511,2483,1736,5453,7292,1303,4198,3924,1280,92,5498,6206,4614
4945: 23,2869,5429,155,5465,2474,3168,5904,3907,4938
4946: 6712,5623,1412,486
4947: 6200,3188,6216,3575,348,5682,7817,2054,4288,3804
4948: 5052,6007,1311,1868,7860,1086,3337,7459
4949: 2052,1262,569,2973,6946,3232,4873,2699,6688,1116,6682,6183
4950: 5304,1193,3459,2653,2103,1859,2292,4755,989,2121,4050,6268
4951: 865,6374,1978,4266,1763,2651,5008,6307,4769,5125,7057,3308,4682,157
4952: 1259,3433,6528,7206,5428,1961,1293,7677,2339,491,2370,1601,4756,7679,625
4953: 277,960,7098,5874,5234,2516
4954: 5136,1992,3985,8160,5855,6604,5946,1772,994
4955: 146,1892,3555,4261,818,5739,2908,1689,2425,6487,6698,7732
4956: 5709,7095,1050,6931,689,1840
4957: 4796,321,5252,6628,2942,7251,2099,952,961
4958: 5360,1384,5377,5969,3024,2657,4140,4084,2387,5470,6217,8127,3547,8120
4959: 1976,7783,6497,6742,3213,4016
4960: 5572,659,1084,5521,2144,4285,1764,4934
4961: 7278,716,8041,1654,5084,2053
4962: 968,457,2936,7503,5989,7771,2539,2119
4963: 502,411,2941,1190,6798,3452,3231,3072,5307,3539,4013,6511,5361,5323,4249
4964: 683,1363,7561,4593,7824,7449,8081,7338,258,3679,7129,2084,7826,4335,6009
4965: 614,2913,4194,6954,1708,523
4966: 107,5355,2449,2117,4010,3312,4686,4371,29,1745,819,2919,4401
4967: 74,54,8025,1977,4074,5661
4968: 1700,4638,2851,754,6561,2729
4969: 5790,3714,5278,6828,2233,820
4970: 3545,5618,1276,3397,263,5939,1408,3145,156,3358,5835,1863,7126
4971: 5427,711,4768,4621,6570,2885,3639,6041,2058
4972: 271,2087,3809,4,3574,5609
4973: 4229,2972,7998,6880,5113,1051,468,3975,928,2610,2301,5975
4974: 3948,3640,6854,1261,4081,5871
4975: 4003,6022,1385,7573,7404,7033,2418,470,4668
4976: 4015,548,4729,2416,1518,1258,7281,6442,6893,1323,2796,6553,5868,5900
4977: 2748,3854,95,2147,1606,5031,6953,7974,2488,1795,7476,1576
4978: 7444,2252,6122,1904,1419,3675
4979: 6401,538,3937,1710,6451,3524,1052,14,2928,6407,3345
4980: 7189,4049,2698,6032,7240,397
4981: 5266,3419,5594,1400,5593,1498
4982: 3055,1247,6632,1100,5826,2259,666,7229,2417,5909,5683,7105
4983: 8114,3695,1053,4061,3071,4116
4984: 4817,3875,821,5899,2205,6165,4455,171,4515,6418,2165,2341,4608,1600
4985: 4550,1304,576,7329,7941,1782,6261
4986: 452,6731,4992,4392,6895,880,391,7083,133,5590
4987: 6016,1331,6533,314,1783,7167,2795,3516,2532,122,6246,308,1109,5860
4988: 1634,36,152,8116,6427,3941
4989: 1006,5770,2333,4789,1562,1237,2336,3882,4830,4801,4232
4990: 422,4927,4510,3415,6161,6205,1166,62,4444,5822,2803,7216
4991: 1220,7958,6487,7732,5667,5759,7080,3080,2425,663,4261,818
4992: 1520,4392,4986,391,6616,7083,133,7996,3852,3905,3616,7239
4993: 3118,1458,7784,7225,446,3801,1253,2641,7608,6576,8113,6257
4994: 3815,1003,4059,4930,7205,38,2735,3580,7420,4587,4588,5461,1158,4075
4995: 8139,3915,3768,1459,7509,6754,3319
4996: 3850,4357,4352,3135,1482,1964,4224,4854,2489,4726,1253,2641,756,4312
4997: 6751,2258,3738,3159,7614,4167,6101,4919,5021,2961,4904,1460,1497,1528,7493,6197
4998: 458,1212,3445,1279,7842,2170,7248,3132,6104,6571,3334,1085,7486,206,7323
4999: 2405,953,926,4106,2576,5404,3708
5000: 439,6582,4758,3783,5715,2220,1135,1317,2638,5285,2504,1549,5751,4545,6917
5001: 6951,4396,1508,8051,3492,8035
5002: 755,3616,2931,6494,1378,280,7350,7926,5425,1471
5003: 7638,2854,2582,4258,1350,385,6408,6543,2437,1672,1611,2181
5004: 792,4910,6669,6069,1318,3869,6056,851,6971,1693,2681,3687,1433,7968
5005: 297,5143,7262,5938,7575,889,2844,1080,2724,3909
5006: 2877,442,5277,1980,3810,1918
5007: 2622,4397,4671,4640,2152,4311
5008: 6374,1978,2651,4951,6307,4769,4241,3840,4507,3308,7456,4682,249
5009: 2646,3558,4168,7687,174,2467,7059,2159,6331,1313,2623,7233
5010: 3244,1257,516,8117,3940,1267,2203,7726,5449,4811,644,2876,4660
5011: 2878,7309,6356,4525,2296,2041
5012: 5913,1844,4857,4070,1706,5402
5013: 7283,4225,5147,1765,5591,2589,2680,6377,6956,3269,419
5014: 762,654,5780,5293,2505,3493
5015: 3837,1372,954,2204,5882,8038,2428,510,6636,7769,42,5977,3910,4277
5016: 4068,2431,5649,3191,6272,2297,1795,1958,1012,7611,2748,7501
5017: 3916,116,2945,7392,1358,2197,1807,2068,4402,7182,5707,8098,8142,136,4180
5018: 1905,2342,5569,2608,4541,207,1043,5829,1370,7479,1934,7146
5019: 3403,292,7579,8072,6716,1787,590,7256,3829,1519,7143,3007
5020: 2470,335,7113,6523,7014,6563,1602,4532,709,4522,6193,4291,1820,2480,2741,4374,4524
5021: 3012,4265,2280,2006,232,7027,2961,2258,7614,4167,6101,4997,4919,6192,1528
5022: 2448,7475,3628,4674,3853,4045
5023: 2445,5052,6007,955,4768,4621,7311,1311,5718,1086,6825
5024: 698,5080,2646,3558,1344,6541,7687,174,4228,6615,7913,1641,2035,2555
5025: 2663,453,4133,3692
5026: 1461,5884,205,3259,1472,786,4650,2916,3422,5525
5027: 1666,221,366,3487,5801,2647,4363,6395,6865,1837,3489,7646,2335,2827,1152,7742,4317,6221
5028: 645,406,4466,2597,2870,6911,2553,3083,1012,563
5029: 3468,8014,4337,2629,6987,3524,5628,1052,14,1688,3345,6401
5030: 3153,3334,3926,1085,780,8130,7486,4222,206,4491,7323,7176,6602,6571,2177,1129
5031: 4977,3854,1606,7618,7501,6953,148,3832,432,5761,1795
5032: 296,7829,2848,1281,3856,7203,1027,2710,202,6385,6013,793
5033: 2380,1603
5034: 2540,2490,741,2384,7032,229,1134,5352,937,2449,6444,1442,5159
5035: 1629,4202,312,4278,997,5828,3270,1854,6258,3430,4333,2594
5036: 7650,3002,5188,646,5700,2435
5037: 358,3721,3143,7789,3020,6294
5038: 1306,7138,3038,7180,3826,2153
5039: 1379,2443,6059,7172,519,2923,4669,7064,2489,4726,3049,668,2105,4312
5040: 1326,1176,3706,563,6103,5636,661,5548
5041: 7901,4148,704,3898,4414,298,6703,1319,2297
5042: 2389,2349,1563
5043: 1067,4296,1426,5471,2648,2444,4395,7239
5044: 5412,7488,572,2501,1206,1673,5629,5979,194
5045: 5127,2725,334,6491,7680,5931,4733,2794,5335,794,3724,4309
5046: 7822,5717,1463,128,7350,7926,3833,3037,3292,4001,7992,1074
5047: 8006,2149,717,7067,214,6423
5048: 1172,192,1843,2230,6299,7186,2240,2706
5049: 4386,4513,1167,5325,2340,5964,5495,2601,2783,8131
5050: 3564,5772,768,7602,5349,7271,7983,6986,4366,6660,3040
5051: 7384,7940,4515,3047,3855,2165,1940,1620,7590,1004,6508,4700,6026
5052: 4948,5023,6007,5427,955,7311,1311,3261,7860,1086
5053: 6207,8179,3423,7163,505,1055
5054: 2927,6908,3808,7299,1766,6400
5055: 3638,4904,3114,2918,1497,6983,3822,1613,801,2632,131,5551,6197,7971,7304,6343
5056: 1317,2638,4076,2504,7939,1147,1549,919,3704,4545,5721,6917,6148,6495,8001
5057: 1464,3299,7404,6378,7957,6612,1541,733,3750,1536,3366
5058: 1330,6228,2154,5146,7454,7863,2475,4120,3235,4537,970,2512,4212
5059: 2133,7644,2346,2988,5513,5417
5060: 78,890,2760,2229,7852,5236
5061: 3727,6156,2418,470,4771,742,4205
5062: 546,7220,1589,1895,894,2661,5726,1767,4676,7727,4458,2925,6291
5063: 2505,2649,4220,705,2278,5780
5064: 4681,2614,1112,3813,681,6437,8015,6628,2942,855,3541,1714
5065: 6234,1604,4744,3100,6520,2067,6453,6386,2046
5066: 4052,7308,5552,1768,7615,3501,7073
5067: 2746,4052,5550,4645,942,1605,7308,785,7294
5068: 3109,1403,273,1063,5344,7646,7200,7500,6092,7009,2827,2148,2564,1626,4519,5194
5069: 7445,2785,3784,565,4400,6319
5070: 3175,3854,95,2147,5565,1606,2488,7655,4156,2222,825,7082
5071: 2989,2381,2028,6280,6349,267
5072: 2750,1712,4298,3564,2332,3755,4181,768,598,3773,429,268
5073: 4297,2187,2107,454,7770,255,1928,4615,596
5074: 4624,3698,3761,7761,3559,629,7502,8164,4250,4460,7910,802,1769
5075: 2642,1560,433,2369,2410,7517,4808,3865,6878,150,7729,3301,3384,1465
5076: 5129,2493,6594,3876,3082,5546,1681
5077: 7373,633,6143,2768,7893,6812,3842,4391,3866
5078: 3393,6492,8087,1230,2514,143,7949,8094,1979,3431,4778,4012
5079: 6458,2160,7355,1803,7351,1733,6521,3367,5804,1983,2299,497
5080: 698,2646,1344,4168,3323,6541,7687,174,1930,5024,1436,5388,2623
5081: 6463,1500,1586,7612,2448,5264
5082: 4418,2813,650,2715,3437,5213,1486,6899,6671,6589,7327,8169
5083: 188,3609,4864,1130,2592,5444
5084: 2053,4915,501,6600,716,4961
5085: 2893,1432,7407,2769,5784,4679,1431,7366,2578,4213
5086: 2613,856,6089,7813,5186,2703
5087: 6150,2273,1309,7484,7491,250,5966
5088: 543,6515,3148,447,8162,2906,2272,106,7697,4652,1487,1618,4462,779,2799,6592
5089: 2274,1217,2313,5443,300,1391,4460,5505,2932,7910,6535,802,1769,1867
5090: 4280,922,2309,7891,2491,8003,7555,4306
5091: 4207,1890,2775,969,222,2018,3505,5697,6874,3426
5092: 7062,642,2529,751,4884,815,4247,3113,7087,2275,7460,4567
5093: 5853,6311,2065,1884,7035,7175,7959,1168,7235,2962,4723
5094: 2492,3733,4738,6080,6352,1236
5095: 24,7809,2316,2100,7938,1908,2021,3439,6781,6860,1607,80,6818,6650
5096: 757,7052,5793,3471,6531,315,2933,3260,610,2288,8062,6549,7205
5097: 1342,7412,469,2276,3494,4765
5098: 5795,7682,1961,2650,5291,1004,1469,4700,2752,1293,7677,491,7654,4490,4756,625
5099: 1123,3160,5910,5579,808,7634,1246,3577,2506,3849,2122,5837,6786,7370
5100: 7819,6320,1254,5468,2544,296,7829,3856,3648,1889,202,6385
5101: 1612,1297,5258,1451,3508,3596,1235
5102: 2495,1187,485,5182,2058,5363,541
5103: 7318,2374,5915,215,6257,3793,4357,1656,3135,5620,2512,2072,6766
5104: 3994,218,4453,6801,5208,1773,3127,7658,1862,2308,4310,702
5105: 6455,2702,5334,342,5452,1835,3146,6240,7148,2669,3396
5106: 1687,1713,6279,6729,5914,5400,6835,829,2459
5107: 3958,4371,7979,29,4526,5120,6773,3084,1745,819,2919,6112
5108: 6885,7107,1192,1352,3420,5878,5746,8019,7781,459,175,965
5109: 2670,251,975,3756,7519,5598,4573,355,3785,6051,4894,2382,6769,5358,8046
5110: 6554,5887,2123,6728,7317,4053,5269,7050,3030,3887,4548,343,1539
5111: 1666,5950,5801,4272,4835,2370,415,4653,3202,1343,4530,3489,6073,2242,771,790,3098,7206
5112: 7285,844,1907,5187,313,2086,4294,2801,5411,1677,6914,4121
5113: 4229,2972,7998,6880,6962,2338,1538,7683,4973,468,956,2889
5114: 898,6184,5797,112,718,5901,1354,1891,2854,2582,4259,2708
5115: 884,7866,2547,6154,3055,2417,1314,4231,2585,4174,2145,4375
5116: 6070,3657,714,2022,1194,6950,7661,2219,3523,6360,1545,3322,728
5117: 7994,2178,3540,193,7566,7733,3954,5190,6637
5118: 7176,3904,3744,8008,556,1477,5799,1315,1129,4159,4160,2621,2400,2352,4901,5229,4130
5119: 3188,6216,2054,5531,4861,1652,3216,1337,1852,4288
5120: 3958,2044,7943,7169,4526,5107,6773,3084,6584,1056,7581,159,3463
5121: 3905,350,6649,8047,7239,4185,1426,2648,3421,6822
5122: 2470,7113,4269,1195,2731,7014,4929,8147,45,3979,2480,2741,1771,4524,686,3551
5123: 7118,3938,2897,7554,6305,670
5124: 2232,7389,5489,5818,2094,3929,2692,6682,6183,2665,974,1822,2013
5125: 6374,4266,1763,6462,2651,4951,4769,7057,4682,157,561,2743,2549
5126: 5506,3453,3229,6892,3841,758,1232,6104,1792,5844,4586,4909,7090,6369,7152,3445,4043,7096
5127: 4406,2593,4423,2725,5045,3390,334,7918,3343,7680,1298,4309
5128: 4351,747,2295,4154,1386,5214
5129: 161,6175,5076,6594,3876,1770
5130: 6184,4746,5797,2139,5383,2136,1169,4094
5131: 2843,6819,7450,4233,2867,7348,2246,8099,555
5132: 3927,3095,8091,99,4110,445
5133: 4859,4858,4426,5924,268,1712,883,2271,3090,6586,7410
5134: 7086,4297,2187,4163,97,6058,4615,1707,6250
5135: 3071,1170,5186,2703,6057,2212
5136: 1992,8160,4954,5946,4078,1772,4838,75,4918,6832
5137: 382,7670,6023,6358,1589,3228,647,3211,1767,3354,599,5612
5138: 2563,3408,8137,103,4333,3136,4923,2594,2048,4804,1850,6619,5440
5139: 3224,3250,6793,2019,8131,4513,2340,1336,4543,1864
5140: 3512,4283,6125,2262,1057,7692,7607,2901
5141: 3200,4703,3272,6477,3194
5142: 1522,2124,4565,7932,3899,6595,410
5143: 297,7262,3891,5005,7575,7914,2366,1364,2844,3684,441
5144: 952,6021,2125,5260,7198,6982,59,8061,6628,7251
5145: 144,7364,7920,8093,2949,8050,871,7741,6173,1833,6309,6683
5146: 1330,5058,6228,2154,7454,3235,970,2512,2072,6034,1434,6766
5147: 7283,1609,1765,6719,2589,2680,6377,3269,5013,3191,7640
5148: 230,1263,3740
5149: 4230,1740,4757,2700
5150: 6067,7334,2277,5204,635,4584,3778,4527,5596,7355,1733,959
5151: 1067,4296,1818,126,7864,3786,7423
5152: 7309,3900,1204,299,7936,2598
5153: 4730,3561,5785,1183,4443,3646
5154: 1154,2745,7264,3192,2310,6417,1320,4077,7797,857,1831,7307
5155: 6157,5313,2126,4405,1329,2092
5156: 3016,1829,7760,6611,77,2060,5453,5332,4209,3677,4799,3834,908
5157: 8055,7417,8162,2906,2272,106,4652,2804,6208,1490,2523,4876,3543,3099,5312
5158: 4888,632,5472,2951,7525,4211
5159: 5355,2449,1442,229,7108,1134,5352,4526,819,2919,937,2540,5034,2490
5160: 5360,7758,1388,351,5374,2952,1384,5377,5969,544,3024,1635,4140
5161: 4658,125,2150,4934,3691,7652,4020,6832,3641
5162: 7599,7897,1443,2920,2838,4394
5163: 4157,1105,3825,2172,7110,7395,3521,1148,7071,2030,1906,6603,2737,5756,4520
5164: 4099,186,4436,3568,5821,648
5165: 7285,844,1907,7388,5187,1614,2086,8169,1486,3315,5562,108
5166: 7875,7257,1127,1575,796,7297,2770
5167: 281,2678,7293,1058,8100,5916,3651,2938,3140,5942,5753,6759,190,2688,3718
5168: 1334,7643,1087,8032,56,3960
5169: 5830,2633,1980,3810,4381,1184
5170: 3686,1551,3467,1088,6927,8033,7571,2050,4539,7966,2968,58,6186,1873,3398
5171: 2008,7405,4517,681,6437,2784,6990,3107,6310,6502,3112,2999
5172: 4865,6512,349,2350,7563
5173: 3432,7210,1738,1150,1800,618,4810,6872,153,2324,4193,1240
5174: 3125,4316,3251,5380,1860,822
5175: 1636,7669,707,2852,2203,7989,1932,1208,5449,2420,6350,1566,6063,6511,198
5176: 2062,1905,5569,490,3720,5974,7596,914,1731,3836,4870,3787
5177: 3676,957,6109,5895,2378
5178: 719,6176,8138,2719,3764,1045,774,7160,834,7780,1200,7104
5179: 5277,2879,1102,524,7133,6810
5180: 5601,1118,3597,6474,2234,6879
5181: 7007,6031,3325,1466,3435,114,5583,6583,7664,1073,5647
5182: 2495,5102,2421,5259,485,6985
5183: 1488,1989,5674
5184: 6136,5308,132,2422,5905,266,1578
5185: 4033,378,4711,2784,1631,3418,354,4943,6310
5186: 1170,3053,2703,5135,2613,5086
5187: 7285,844,5165,2086,5112,557,5562,7237,4294,5411,1608,4121
5188: 3002,5036,1338,6579,7843,5700
5189: 7901,4832,1981,6852,4148,704,3898,3812,8158,1167
5190: 4825,3954,302,6637,1439,7566,7733,5117,193
5191: 6230,2210,1089,859,7298,7207
5192: 1610,113,1931,2709,2085,882,6764,1818,126
5193: 6596,6198,3151,1530,508,1784,4547,6845
5194: 3021,331,2827,2148,2564,1626,1152,1946,7742,4317,6221,8069,4519,6369,7152,5068
5195: 8016,4780,6929,3705,70,509,6293,5486,1969,2026
5196: 2820,958,5807,3561,5785,1543
5197: 8182,3915,3768,428,1982,6991
5198: 4713,3724,4606,3528,4309,1159,649,4423,2725,3343,1298,5820
5199: 7230,1897,4370,4552,6132,2076,811,854,1239,3857,7093,5315,4868,7837,178
5200: 4365,1059,8177,688,3918,6534
5201: 522,7882,3936,4892,5923,6952,6065,6390,1227,6476,2771,203,20,216,6679
5202: 3464,2762,759,3587,7953,7499
5203: 1996,5625,2494,6618,2668,6146
5204: 6067,5150,2224,635,5596,2051,2461,4595,959,2236,6850,6941
5205: 3111,6273,7706,1532,2579,3851,7665,573,1912,2921,7217,4125
5206: 1512,1304,7941,3331,7255,2990
5207: 1060,5744,1579,6130,8118,145
5208: 4840,2881,5362,4479,7416,853,2591,1773,4485,3127,4453,5104,4310
5209: 1201,7094,832,134,481,2127
5210: 6780,39,500,6344,6243,3287,1674,6254,6988,7873,3285
5211: 1097,1997,5218,2276,2188,4319
5212: 6883,6139,362,1405,3356,7451,3169,4591,3888,6245,7120,7778,3056,4463
5213: 6899,1029,6671,2859,3179,5082,8085,3473,4418,650
5214: 3220,5499,795,4351,4154,5128
5215: 2695,6695,7159,7396,5917,178,2530,708,4322,4742,379,854,5386,1061,4876,1286
5216: 7660,1811,4016,760,7950,4111
5217: 2653,2103,5875,1675,664,5286,465,6820
5218: 1342,4313,2276,2565,1097,5211
5219: 5391,2922,638,5658,2779,1839,7038
5220: 4747,2286,1062,5765,7300,323,1758
5221: 3589,2706,5639,2672,862,6115,4737,1514,1676,6389
5222: 5406,2860,2011,6677,7006,6117,2143,3246,873,7411,4556
5223: 1090,3441,7238,7613,6830,46,2818,4393
5224: 3739,3247,5520,6212,679,6908,1838
5225: 5532,8121,1173,2481,660,6043,803,5554,5662,2277,2666,1527,4527
5226: 5614,3503,6449,3606,113,7246,4185,5328,3421,350,1721
5227: 7796,2055,3955,6963,381,6261
5228: 2948,2916,6313,4625,4661,50,7935,3422,5525,712,1461
5229: 2027,2352,971,4901,6259,2620,7176,556,2177,4159,5118,3153,4222,2073,6402,89
5230: 5369,2569,1316,5819,3728,827
5231: 3565,1677,7343,4905,6662,6914,7720,425,3447,2887,950,3069,5943
5232: 272,734,135,8023,7140,2772
5233: 2497,2116,4678,4268,2423,3149
5234: 6459,960,7098,4953,3166,6195
5235: 2055,1593,6975,6672,3661,2168
5236: 78,5060,7852,7589,1644,2007
5237: 2223,246,2887,1318,950,5463,1144,7403,4540,7343,6662,5943,4910,7967
5238: 1305,426,7345,979,261,5803,4079,4613,3562,7059,2555,4846,2159,5758
5239: 7798,5985,761,5588,7954,256,5714,3971,4492,6778,700,2940
5240: 1351,2478,6055,3398,6965,262,5879,4539,1510,4082,7539,631,4195,1993,5825
5241: 3380,256,5714,8150,710,3971,6777,3477,1489,1081,5597,4549,5781,7798
5242: 6357,3423,776,2531
5243: 3273,7039,1488
5244: 3519,2311,5420,6314,5,3798,1681
5245: 4108,7902,3620,201,868,6391
5246: 720,7995,4192,1965,5367,8064
5247: 4201,2392,7485,1558,463,4815,3346,2525
5248: 2389,7150,1563,1877,4716,241
5249: 493,763,3044,5573,4429,456,2802,2172,4347,5972,7447,7685,1827,3347,3612
5250: 8066,2720,6284,1834,6434,2728,3655
5251: 4872,2652,400,7346,4725,3092
5252: 4796,4957,1952,5651,1691,961,1916,1036,2590
5253: 4354,2685,1496,4262,2056,5534,4051,5836,2499,339,7427,6816
5254: 3817,1911,5373,6362,7510,1467,5455,7100,4828,38,2089,3327
5255: 1184,705,318,2278,4381,849
5256: 388,2595,6997,7904,3621,1453
5257: 939,3249,7982,5512,3625,1942
5258: 5101,1612,1297,3508,4535,2991,5416,3642
5259: 2495,6149,2421,5182,6985,2009,5380
5260: 4508,8,6021,5144,3460,2125,4018,7748,6982
5261: 3103,3758,7419,6483,427,2953
5262: 1637,3472,4593,5327,2412,8081,7333,526,436,1040,7597,6624,3944,1796,7338
5263: 7704,6008,7820,2805,3531,1106,7981,7969,1321,3972,4390,5823
5264: 7112,4027,5081,7612,2448,4045
5265: 3884,901,1091,3967,247,7408
5266: 7377,4981,3419,680,4069,1400
5267: 2140,4419,3771,7465,972,364,6770,1483,7838,2545,4166,7572
5268: 3662,2057,1113,8086,6419,2322,514
5269: 6554,7291,5887,2123,917,5110,7526,3578,1539,2061,1188,2721
5270: 6548,1896,7036,236,3952,1070,2935,588,7533,3434,4344,3094
5271: 5641,6335,1290,4572,2880,5435,7625
5272: 2441,7004,4113,2087,3790,7070
5273: 1923,6006,4816,5545,5516,2102,2806,3569
5274: 1485,995,4760,7833,2300,2510
5275: 1869,4807,1468,4434,4489,5896
5276: 2375,7629,3735,287
5277: 2877,1980,1102,5006,5179,524
5278: 7253,242,1171,2233,4969,3714
5279: 2997,7202,5789,3706,1832,4898
5280: 3097,7257,3479,796,4365,8177
5281: 2128,6600,4925,6153,3152,753,716
5282: 7436,6613,2934,5870,797,3483,5603
5283: 7516,4739,2151,3242,7537,2010
5284: 6605,3495,1446,875,5690,4188,2285,3023,2968,5935,6855,1873,227,4709
5285: 1317,7310,1549,5721,8028,6917,6582,4758,5000,3783,7649,1260,55,2958,3936,6071
5286: 2738,664,3928,5733,587,465,2327,4692,5217
5287: 7144,2239,3973,962,4143,328,2566,7984,5298,2596,3311,6545
5288: 6458,1803,1733,3367,1983,3932,2260,6043,3868,4664,2666,4584
5289: 2616,1564,3150,651,3475,5831,1935,5315,3353,5982,448,6577,2684
5290: 798,6873,7437,5631,6102,3511
5291: 1940,5382,5795,7682,7590,2650,5098,6508,1469,4700,6026,2411,3348,2289
5292: 4150,3085,2306,2508,3557,6783,2974,4114,1925,24,5940,4307,1908
5293: 3522,5014,238,762,5780,3594
5294: 6642,6942,3659,3170,1138,2690,7845,1507,6450,531,156,5754,2377,6547,7126,3328,6473
5295: 7868,5640,3707,1446,875,4605,5690,6964,4188,5517,1098,6974,270,7534,1726
5296: 3665,2080,7103,1619,7847,916,6663,1777,809,4097,2129,4142,5952,3156
5297: 902,7438,905,4057,7532,7344,3496,3425,7390,1876
5298: 5287,2239,962,2566,7984,2568,2596,5353,3429,7335,386,3311
5299: 6507,60,421,3063,7603,1616,1813,3350,7065,5741,7003,7681,8069,810,2171,7096
5300: 1387,5999,1413,3556,8183,5708
5301: 928,2610,5742,1475,2301,2757,5975,7802,5957,5607,1051
5302: 7144,962,4143,2566,5337,2511,6545,2981,368,4647,6029
5303: 1126,3912,7289,3788,7782,8112,5484,2980
5304: 4950,1193,3459,2653,2103,7010,2292,5875,1675,4755,2399
5305: 3789,606,3895,7841
5306: 3878,4411,2509,1189,3184,6141
5307: 502,411,2941,1190,6798,6943,3452,3231,3072,6079,7884,5932,4963,4389
5308: 6136,5184,5635,2422,5905,4252,2070,4028
5309: 1440,1339,3187,6894,7531,461,3446,4432,1650,1538,6530,3762
5310: 7095,3826,2153
5311: 3483,4042,1865,7710,3374,8174,3554,797
5312: 1490,389,2523,7018,4876,1286,3543,3099,7261,7700,8055,5157,7417,2272,106,2804
5313: 5155,6157,897,2088,2126,4074
5314: 1215,4394,2667,7115,7895,3818
5315: 1239,1416,5289,1564,7091,3150,5831,3857,7093,2453,7230,1897,5199
5316: 406,7896,127,6911,6761,7609
5317: 2130,2104,7030
5318: 6566,6068,7363,1295,783,2353,1284,6328,3214,3258
5319: 185,1250,8042,1785,6075,2538
5320: 496,2200,2668
5321: 1064,4194,1009,6348,1708,7723
5322: 680,3956,3298,6808,7241,10
5323: 198,2751,5953,1584,2367,3342,2001,455,4249,2941,1190,6798,7884,4963
5324: 3648,4886,1861,1889,3802,6398,1270,4234,6,6629,4151,3782
5325: 3993,5964,5049,517,2783,3949,6296,338,6708,4341
5326: 5487,1709,5561,1857,4240,7026,2527,4438,158,118,3932,2260,3058
5327: 1637,1363,4593,5262,7824,2412,7597,6624,3944,4029,1796,7338,7032
5328: 5681,7800,7246,1491,3096,5877,5226,4733,2120,3606
5329: 173,1310,560,4707,7662,5954,2732,4495,3330,2218,4637,3129,1147,7717
5330: 1872,5778,4649,2567,7562,2639,6106
5331: 5535,1240,3410,6260,4810,6872,153,186,2324
5332: 3016,7760,7487,7511,6903,77,5156,5453,2733,1375,3677,2755
5333: 7313,3036,2093,3035,5758,583,4843,525,683,2406,1341,7058,7102
5334: 17,5105,6455,5452,1835,3146,6240,2669,5383,6432,2136,4094
5335: 1092,5931,4733,3599,2120,2794,794,5045,6491,7680,4759
5336: 11,2354,5688,691,6158,7659
5337: 6868,713,386,4015,2511,3013,548,6545,4729,962,5302,2866
5338: 4834,8075,1241,3001,3760,2199,7504,1625,5350,7313,276,3264,346,3436,4173,6025
5339: 1054,3295,3550,7359,6698,8180,2908,5439,4055,5886,231,6188,799
5340: 7834,4797,3539,1524,6267,488,4619,4013,5359,5361,3643,695,411,3452,5932
5341: 2654,6857,7890,387
5342: 3224,3250,399,6793,6542,7319,7306,3199,4543,2393,1864,6961
5343: 721,387,4826,7352,6857,3041
5344: 3109,273,1063,5068,872,2345,7009,4630,2148,2564,1626,4519,6507,3632,7065
5345: 110,4899,1277,5515,6958,3644,8178
5346: 2232,7389,1696,5818,2094,3929,3,478,7015,4208,6297,6005
5347: 2893,2769,1007,4679,7366,6164,4201,4815,3346,1786,3073
5348: 7642,622,6993,3481,6640,652,8186,4548,6772,6721,1255,119,2740
5349: 1036,7602,2131,7365,476,7271,2750,3564,5050,3040
5350: 3476,8075,1241,2825,3001,3760,7504,6035,6565,5338,4291,7441,276,1692,583
5351: 445,5830,2704,4503,2879,1102
5352: 7691,229,7108,1134,2238,4526,937,5034,1796,2490,741,2449,1442,5159
5353: 2596,3429,4641,940,4609,6414,2568,6868,3311,962,7984,5298
5354: 1308,2670,3139,251,975,1135,3756,6138,7519,7712,2220,8046,3296
5355: 107,2449,7583,2117,3520,6444,1442,3312,4966,5541,5159,819,2540
5356: 3088,6896,6135,2155,304,6723
5357: 2487,2993,2734,7019,4805,5802,5879,636,1510,4082,7452,248,7539,631,262
5358: 2382,4495,6495,117,1750,6769,8046,3296,6747,251,5109,1135,7519,2638,5751
5359: 1566,4797,2588,6063,3539,2016,1524,5340,4619,4013,6511,5699,707,2852,2420
5360: 2156,5374,2952,1384,5160,5377,5969,4958,3024,2657,4140,6217
5361: 7834,4797,6267,5340,4013,3643,2519,695,838,3452,3072,6079,5932,4963
5362: 5208,2881,4012,4479,7416,853,2591,4485,3127,1703,1590
5363: 7079,4705,2882,541,1187,5102,2058
5364: 3627,352,4308,7840,2656,1909,1151,3618,1137,2364,4687,622,7894
5365: 1594,1786,2596,1950,4641,7335,941,5861,3181,4326,3973
5366: 5705,5702,7056,6884,1910,2570,2361,886,4417
5367: 4424,2598,3900,8064,5246,1965
5368: 1492,409,4626
5369: 3740,2569,5595,5230,3728,1263
5370: 3615,7301,7808,1093,1369,7718
5371: 3624,6429,2268,7964,3293,1774,3340,3368,7384,5832,7940,3047,4011,25,6667
5372: 7133,7414,2606,5684,3329,6810
5373: 2788,7670,546,3817,7220,1911,5254,1589,6362,1895,2089,894
5374: 5360,2156,7758,1388,536,351,3612,2952,5160,5377,4748,5919
5375: 1637,3472,1341,7058,7102,2412,8081,3562,4583,5632,4044,6224,1409,526,3035
5376: 2570,2361,886,6844,5621,7056,1175,4417,342,5452
5377: 5360,2156,1388,536,351,5374,1384,5160,896,5969,4958,3024,8127
5378: 2520,4449,5959,1746,4422,4428,2552,3593,4656,1858
5379: 5777,4184,1638,7684,7045,6862,1038,8071,2428,5589,1494,3274,42
5380: 5174,3251,6985,2009,6149,5259,822
5381: 363,2561,4628,2457,3171,6666,4837,8073
5382: 1940,5795,2650,5291,6508,1469,4841,2411,3348,2289,7433,1285,466
5383: 2669,7141,2136,5334,3146,6240,6222,4094,5130,6184
5384: 3255,4666,6540,255,1470,7791,7473,3381,4234,3963,404
5385: 8119,5619,2857,3861,3913,5510,6878,6539,7999,3627,2656,5839,2175
5386: 2556,379,854,7177,3438,1061,2272,7697,6695,7159,5215,178,2530,4742,4876,1286
5387: 3065,5503,6417,2730,6959,8167,2069,4856,5796,1831,7548,722,4879
5388: 6976,2132,6322,443,2689,990,5080,1344,4168,3323,6541,1930,1436,984
5389: 6182,2257,3115,1242,384,6489
5390: 4022,4920,6891,723,6736,6756
5391: 5219,2922,2424,7924,2779,1141
5392: 5760,2773,3578,4793,43,674,4270,6648,2061,2537,6396,3413,5501
5393: 3439,3645,5457,2599,6052,5518,2062,490,1370,7715,4102,2427
5394: 4770,2817,3394,1356,7997,6557,1775,7170,325,4021,4171,7117
5395: 1748,4871,4443,7702,3646,82
5396: 590,7256,3829,2110,4206,5679,2896,2840,4471,7579,5937,1787
5397: 7037,2860,368,2754,7736,1114,4143,328,1073,1466,3032,7636
5398: 1556,7977,921,1866,5469,4138,4404,3386
5399: 2411,3930,6824,814,6051,3687,1433,7433,1383,7968,4894,4564,1693,2681,6069
5400: 882,6279,5914,5106,3772,401,1610,7401,7800
5401: 3509,1836,3317,3321,5926,3637,417,6928
5402: 4070,7463,1706,36,152,5012
5403: 4486,4027,6400,1776,5912,1686
5404: 926,2576,4999,3708,5641,5435
5405: 735,8058,3168,1172,3907,1843,2240,2111,4251,996
5406: 3671,5222,2860,7260,7736,2011,7006,682,3246,873,6555,4556
5407: 5738,800,288,3160,5910,5579,1161,6804,1246,3577,6274,7324,3376,6735
5408: 6264,2212,3858,7236,1053,2630
5409: 570,5894,212,7292,2571,2228,7885,6687,3174,6486,2207,6550,92,3000
5410: 7383,3064,7617,6921,4023,3121
5411: 3565,2801,1677,4905,1608,6914,4121,7515,425,844,5187,5112
5412: 7488,5044,1206,1673,3709,5979,3391,194,7925
5413: 1913,3033,1548,3265,6082,5563,2036,3931
5414: 1672,6678,6169,4538,1611,7269,7061,3490,2237,327
5415: 3634,4071,4568,7382,3488,4425,3037,5941,184,7000,1917,1921
5416: 3268,5475,4535,2991,4662,1612,5258
5417: 5616,4693,2346,2133,5059,3591
5418: 3252,830,6790,4036,1411,6552
5419: 2326,1009,2362,5719,1064,7387
5420: 5542,3147,3519,5244,2311,653,6314,3798
5421: 2425,5927,7078,3821,2231,663,8151,3080,146,1892,4261,818
5422: 3806,773,740,6865,5701,2303,6897,1837,6779,7952,620,3970,3669,7646,7500,6092,2647
5423: 6390,6476,984,6996,5851,2090,203,1436,2915,3660,1425,7469,4315,2202,5949
5424: 6776,6015,2839,763,4256,5573,1248,651,3475,5962,8126,1935,5756,2172
5425: 280,128,7350,1471,1378,3318,5002,755,4631,3389,2579
5426: 2075,4349,1678,6210,2571,6486,2207,4008,6752,3604,1041,5728,6550,3000,6289
5427: 5052,4971,6007,711,4768,1311,2882,541,2058
5428: 1259,3433,2450,4462,7907,771,6528,4952,7688,4756,7679,5732,1618,3934,4177
5429: 23,5965,2994,2869,4945,3411,155,5465
5430: 2761,1402,67,3986,3313,8163
5431: 6707,2451,6657,4595,967,9,5657,1023,1753,3763,7393,1542,3195,4854
5432: 3314,2107,454,4163,8068,1928,4836,1165,3544
5433: 5539,4767,7937,3995,3685,6584,1985,1056,3528,159,649,7943
5434: 4433,2824,4072,37,7440,637
5435: 5641,5271,4572,2880,1679,2576,5404
5436: 6706,893,2040,2862,6918,3290,1394,6516,5602
5437: 2665,974,1822,7658,7848,4887,2013,4104,492,6801,2699,6682
5438: 5776,8070,6100,3532,7786,4090,2279,7740
5439: 3283,1526,1042,6242,2781,724,5574,4055,5886,6227,5339,231,6188,767
5440: 6696,2496,7518,8029,3689,2563,3136,4923,2594,5138,2048,1288
5441: 74,2426,1369,8171,8025,7718
5442: 1723,6440,3732,5692,2655,7279,1737,3332,6907
5443: 2832,1217,5599,300,1933,5089,5505,2932,7910,6535,802,5529,7756,4809
5444: 1130,823,5083,188,5661,1977
5445: 2091,6598,1828,1240,3410,6260,1513,4698
5446: 5492,7373,841,4287,633,1264
5447: 7210,1150,1800,390,1493,2404,7630,2327,2862,2324,4193,6918
5448: 4183,2248,1913,5571,5563,39,7674,2394,7507,2619
5449: 5747,7669,2203,7726,5175,1932,1208,4811,644,2751,1267,2876,5010
5450: 3142,6265,1312,1915,1065,5644
5451: 7337,86,4054,4379,1778,6481,1178,6527,3977,8030,1984,992,7839,5675
5452: 17,1175,1066,5105,6455,2702,5334,342,1835,2471,5376
5453: 3016,1389,7511,1068,6611,6903,2483,77,5496,2060,5156,5332,4209,4944,4614
5454: 3186,6678,518,8154,6169,4538,2355,7269,3402,4382,5902
5455: 7547,7510,4156,2222,1467,1349,825,4828,5565,7655,1911,5254
5456: 2059,4283,848,1057,7692,4622,1845
5457: 3439,2833,2226,5393,2599,5736,6697,210,207,6574,1370,4102
5458: 6978,3355,4216,573,4241,4401,1912,7853,2626,1225,311,3840,6112,865,6307
5459: 7042,497,3771,6774,1346,7835,3647,972,1595,2160,6559,2797
5460: 7739,3962,3607,1949,2356,1136
5461: 2196,1003,4059,4930,7205,2735,4994,3580,4587,4588,7505,315
5462: 6445,412,4554,6129,1623
5463: 2223,5237,1318,3869,950,1144,7403,792,4910,189,7967
5464: 4440,3939,6209,7816,7012,933,48,2600,3335,7545,7319,6961
5465: 23,2994,4945,5429,2014,2474,3045,1390,3168,5904
5466: 6802,208,3862,8128,1574,3424,3914,5663,6572,6615,3196,979,2035,5768,6609
5467: 2497,4146,2116,5930,3811,593
5468: 88,6320,1254,7123,2686,5100,3648,6303,1889,3802,6,6629
5469: 762,654,4404,4859,4426,2643,1299,5398,1866,3386
5470: 1659,2387,7296,6217,199,8127,2774,4958,3547,1226,4263,8120
5471: 1067,5043,2444,2823,7423,554,998
5472: 2452,4888,5158,4866,8116,632,1634
5473: 7361,2092,3046,1856,7048,4405
5474: 4651,3619,2080,7103,123,2109,7787,7899,1559,2373,3859,7016
5475: 3268,7435,2991,5416,6413,5961,1499,3921
5476: 7962,3996,7024,3988,2485,469
5477: 5670,4075,1744,2089,1094,4331,4281,894,3327,5726,7647,4588
5478: 4717,4784,2376,1005,7360,4559,2206,5749,1476,4026
5479: 2958,4284,3507,3715,6996,568,2090,7290,4388,2954,3961,5791,7649,7711
5480: 226,1727,2671,1441,1245,2491,4306
5481: 2829,7716,824,5613,310,6969
5482: 1537,4226,7304,2914,6343,3333,3114,1613,131,7971,5509,6438,7121,7876,322
5483: 7150,3248,2012,4580
5484: 4414,5303,3788,7782,6703,1319,7896,127,2597
5485: 3745,7385,6018,3997,4468,245,1301
5486: 6484,3530,2026,2845,402,5195,4780,6929,6293,1035,5897,945
5487: 3868,1709,4063,597,1857,4664,4240,5326,1983,118,3932,2260
5488: 7195,7211,2390,7149,1382,4880,655,6379,572
5489: 5818,2094,5124,2692,6682,974,7400,1822,4431,2013
5490: 2357,1326,307,5636,2627,6937,4218,835
5491: 7547,7510,6864,3497,1956,4860,7911,6549,2933,610,2196,4587
5492: 841,1264,5446,1729,1128,3790
5493: 2846,775,365,1805,3838,2776,7792
5494: 7344,4292,278,2728,929,3425,3316,3655
5495: 4386,2601,5049,2059,4283,0,1845,6852,3812
5496: 1389,1068,6611,2483,77,2060,5453,4209,5498,4614,7331,1557,2886,3630
5497: 6526,2267,4724,986,7321,1243
5498: 3924,6503,791,6206,4614,4897,1389,1068,2483,5496,4944,7418,7331,2886
5499: 3220,496,795,2200,6733,5214
5500: 529,3670,6412,1915,1754,3933
5501: 3413,765,2110,5679,7526,5392,3578,4270,2061,1188,1002,2721
5502: 3012,777,2280,7314,6853,232,7027,2961,6238,7340,6192,833,3165,7013
5503: 6037,4372,1154,5387,3065,3192,4659,6417,2730,6959,2069,1797,5796,722
5504: 1387,5999,2911,3566,6404,1010
5505: 1217,5599,5443,300,1933,5089,7910,802,8105,1308,7756,1615,4809,5786
5506: 3132,3229,6892,5126,643,758,7855,6104,4909,458,3445,3744,6571,4105,149,7857
5507: 4314,5723,3668,5652,3204,656
5508: 3839,784,2047,3133,8020,840,4782
5509: 2385,3506,5750,3860,2398,7971,4670,3114,131,5482,6438,7121,7876,676,322
5510: 8119,5385,5619,3861,6878,4295,150,4808,3301,7999,3627,2656,1151,5839
5511: 3567,4521,6846,586,7666,2636
5512: 3249,2602,5257,1942,6048,5617
5513: 2988,1959,3845,3498,5059,7644
5514: 3848,3431,714,2141,7775,4778,6439,3066,3636,6765,4752,5867
5515: 110,4899,260,5345,4066,2038,657,4242
5516: 347,3499,4293,2102,5702,6884,1923,5273
5517: 5640,658,1446,5295,5690,4188,3729,6283,2285,3023,5935,367,7034,1098,6974
5518: 2021,3439,3645,6860,5393,80,6052,1247,6632,5826,2427,534,6818
5519: 2024,7447,2281,601,1827,3347,2209,4347,7758,1388,536,3612,4748
5520: 3281,6212,7372,3819,5224,679,132,4093
5521: 5572,3253,2217,659,4960,3363,7927
5522: 994,1160,4299,2282,1079,451,6604,2891
5523: 3468,1001,3062,8014,4842,575,2318,4416,7274,764,1340,372
5524: 4124,7017,3434,4344,1222,1893,3110,6635,6347,6505,2045,413
5525: 50,7935,5228,3422,977,7671,5710,5026,1472
5526: 5601,2283,6758,353,3597,1174
5527: 3172,2644,4251,7218,2046,6675,1650,996,6202,7181,4867,1339
5528: 7252,5634,2603,6120,2819,1251
5529: 6496,5890,8056,1292,2763,7870,2832,5443,300,1391,2932,6535
5530: 65,8110,98,2473,2269,7204,163,3678,4788,7221,3730,1244
5531: 2498,2434,6737,7626,1337,1852,6915,5119
5532: 5865,5533,8121,5225,1173,2481,4529,660,6043,3751,803,1527
5533: 5532,2736,5865,1480,8121,2481,4529,4589,373,7832,408,6919
5534: 4354,1496,4262,7209,2056,4051,1628,2499,5253,489,34,1646
5535: 2091,3454,5331,3568,6260,6872,186,5549
5536: 3916,116,3048,2945,1807,345,7489,1616,5841,675,4885,2500,3093,1941,4180
5537: 3515,286,6992,1680,7567,1814,4127,6794,2319
5538: 213,1392,1749,609,4470,223
5539: 305,4767,1275,3995,4701,3685,5433,6584,1985,159,6177
5540: 2604,4257,4590,744,4211,4064
5541: 107,5355,1986,7583,2117,3520,6444,4010,4169,8165,2713,7184,1444,4289,2976
5542: 3147,1245,6406,2311,6457,5420,2491,8003,922
5543: 1095,2247,4264,6198,3352,6366,1231
5544: 3963,1987,2507,6278,4502,1533,7438,7386,282,4057
5545: 1923,6006,4816,151,5273,4134,3569
5546: 3082,5,4911,6012,1681,2493,5076
5547: 3987,2049,65,8136,8059,8110,3134,98,2473,8170,1244
5548: 5789,3171,6666,3257,3759,1824,1176,5040,661
5549: 482,4368,1224,3454,3568,5535,5821
5550: 5067,3741,4645,942,3736,3500,6621
5551: 3638,4904,2918,531,1497,3822,1613,801,5055,131,6942,431,6547,7304,5693,6343
5552: 7472,1529,3326,1662,1768,7675,3259,7073,5066
5553: 373,1537,1256,539,2777,6488,6030,4597,3241,3333,7046,4675,1480,6170,1393
5554: 3868,597,5642,7961,4664,4240,5225,1173,660,6043,3751,2666,2260
5555: 7811,2471,3034,1506,2279,6302,6813,725,15,7740,3286
5556: 2134,580,7187,260,6321,7379
5557: 6233,3349,6932,7985,6235,7001
5558: 7776,5605,2572,2284,7267,2521
5559: 5847,1488,1989,3998,471,7039
5560: 694,7928,3631,2167,6972,7831,8141
5561: 1709,4063,5945,4893,1857,4240,5326,3502,1597,7044,7026,6533,2527
5562: 2518,1486,557,6671,2992,2391,3315,2859,7237,7285,5165,5187
5563: 6904,1913,1265,5413,3033,1548,2250,5571,6082,2036,5448
5564: 3228,4073,6461,4439,1576,4488,7250,7082,6856,2147,6358,2106
5565: 2147,5070,2488,7655,4156,5455,825,4488,7082,6856,1911,2106
5566: 3602,3937,7135,1710,6451,5958,5720,8053,7188,2705
5567: 3164,3732,4792,616,1266,4780,8157,509,5988,3262,2714
5568: 2775,222,3505,5697,6874,3155,4533,6608,1648,7479,7063,7146
5569: 2062,1905,5018,4541,3720,5176,5974,7596,1370,1934,2834,914
5570: 7424,7328,3722,5996,6689,4189,5993,535,6655,1069,4435,7392,8153,3697,7182,3116
5571: 1913,1265,3893,1548,5563,4183,5448,39,7674,2619
5572: 926,3253,2576,659,1084,5521,4960,4285
5573: 493,2372,6776,2839,763,5424,4256,3044,4429,456,5249,2172,4347,7447
5574: 7564,3283,5439,1526,6242,2781,1867,724,4323,6227,8125,2274,2313
5575: 1929,4592,3683,6194,2585,4719,4881,7862,2145,5659,3123,1096
5576: 6944,1916,1036,2898,5651,4496
5577: 1948,1659,3254,7425,5808,7047,7296,2017,736,6443,1377,2182
5578: 2751,7586,5953,3940,3570,1584,3342,1267,6428,2001,2790,4561,2071,455,843,869
5579: 5738,5099,800,3160,5910,5407,1161,808,7634,1246,3577,2506,2966
5580: 7797,6152,7913,857,1641,2310,1320,7307,2689,698,1344,6541,1930
5581: 6191,2676,1097,6891,4022,2188
5582: 6664,130,2135,3846,3359,4320,6166,7707,7963,6892,643,3841,7855,1232,4909,4105
5583: 7007,3325,1466,3571,5181,253,5647,22,7636
5584: 2669,528,3176,1213,1354,7141,2136,898,6184,5797,2708
5585: 414,1451,653,3596,1235,3571,4683,3953
5586: 5822,1478,487,5864,2664,6647,2438,3102,1534,807,7755
5587: 3680,7828,5611,1821,4411,527
5588: 1896,6893,7036,1396,236,3952,7954,1070,5714,4492,2940,5239
5589: 954,8038,2428,6636,1638,7684,5379,7543,6862,1038,2995,3274,42
5590: 6731,4986,880,753,7869,2358,1357,3534,4874
5591: 7283,4225,6937,1765,2680,6956,3269,5013,3774,2063,3155
5592: 5776,139,1515,7146,1008,222,2018,3505,6874,4533,2342
5593: 1400,4464,5991,4981,2955,1498
5594: 4981,3419,380,1498,6281,6744
5595: 5369,3728,2535,1263,7549,2809
5596: 6067,5150,3122,2224,5204,635,1527,4584,3778,4527,2461,6850
5597: 3671,1355,4549,8150,3477,5241,5781,7302,2305,7810,1747,6555
5598: 2670,7756,5888,5109,975,3756,2832,4573,5727,7394,355,2095,3906,3785
5599: 1217,5443,1933,5505,802,3761,7502,8105,1308,1615,4809,6138,3339,5786
5600: 2359,7819,6320,1254,1321,6705,4390,542,4062,2544,7174,7829
5601: 5526,353,5180,1118,3597,1174,6879
5602: 2738,3290,3928,587,1394,2327,6516,5436,2862,1552
5603: 1805,2776,140,8190,3554,7436,5282,6613,797
5604: 520,2837,3572,3946,4311,2503
5605: 2572,5558,861,6098,2521,6004
5606: 6339,3190,6772,6721,3573,1830,7099,6116,237,2679,4877,3583
5607: 2957,71,3375,5742,5301,1475,746,5957,6690,1071,3218,4318
5608: 1289,6211,2573
5609: 6265,749,1312,4,271,4972
5610: 2230,4221,1815,2970,2694,976,6299,192
5611: 6606,1804,3820,7828,5587,527
5612: 7965,295,3354,599,6461,647,5137,6023,6358,3211,2360,6593
5613: 2829,4476,824,4562,5481,2605
5614: 1092,5226,4733,2120,3503,6449,3318,3606,7246
5615: 3734,885,6597,4215,1914,6834
5616: 8092,2015,4693,1846,5417,3591
5617: 3115,7745,6048,2602,5512,7173
5618: 3545,6382,4970,1276,3397,1408,6039,8090,3145,6162,1863,668
5619: 8119,5385,2164,2857,3861,3913,5510,4643,6878,4295,150,2502,2656
5620: 4357,1656,3135,1964,6034,3801,4132,7318,2374,5915,5103,6257
5621: 6419,2322,6844,5376,17,1175,1066,1113,4764,2466
5622: 3896,662,3791,26,6094,691
5623: 486,4946,2429,68,4101
5624: 6354,1557,3731,3383,2886,4820,3630,4176,7631,1162,6611,7598,613,405,2574,7331
5625: 7859,1996,3896,662,5203,2494
5626: 1817,2302,8123,1816,4851,4293
5627: 726,6359,4025,3917,3289,4279
5628: 764,3524,4227,5660,4403,1473,360,8014,5029,6987,6401,7031
5629: 2611,5979,655,545,6379,7211,5044,2501
5630: 1083,2518,1029,6671,2992,2263,2391,2859,3179,4878,6064
5631: 3739,7372,679,1669,798,5290,3511
5632: 6663,1777,2129,7101,4044,6224,1409,526,3562,4846,4583,1637,3472,7102,5375
5633: 1540,7919,7336,2707,3120,2987,3067,6190,4750,288,6804,1920,6342,6567
5634: 1682,7252,1717,5528,6477,2603
5635: 5308,6424,2422,1271,7529,2070,4028,6446
5636: 2357,1326,5490,1176,3706,5040,6103,7202
5637: 6746,3830,2575,887,1972
5638: 2423,885,4116,1177,2550,3695
5639: 2067,7186,5221,3589,2706,6453,2672,862,6115,6386
5640: 3707,658,1446,5295,5690,4188,5517,6283,2285,367,1098,6796,6974,270,1726
5641: 1290,5271,5435,2576,5404,3708,7625
5642: 4551,1709,4063,5554,597,4893,7961,4664,4240,3502,2447,3279,3751,1988
5643: 7088,6607,4350,1072,1199,4853
5644: 529,4450,6036,5450,1915,1065,3652
5645: 3014,6714,6442,6047,6435,7213,3105,2677,863,5755,7903,2430
5646: 2756,7777,6926,8039,1550,6277,4484,6295,7947,2137,3482,183
5647: 4569,22,3032,7636,2143,1073,1466,5583,5181,253,7037
5648: 6388,6817,7582,4026,2064,3749,3892,1704,4623
5649: 2431,6272,5016,2297,1795,1958,7611,4148,704,148
5650: 5672,2528,1673,4456,3709,7060,353
5651: 6750,1952,3999,4496,1916,5576,5252
5652: 4314,5723,7300,4000,5507,1758
5653: 4886,1861,6398,2959,4234,3514,3079,3255,1470,7731,7473
5654: 317,7085,4936,2298,1099,7746
5655: 1214,7585,3649,3015,1013
5656: 1855,3256,2939,6761,7609,5967
5657: 5431,967,9,1542,2489,4312,3195,2443,519,2923,1482,4224,4854
5658: 5219,6178,2779,2900,3824,7038
5659: 2413,1929,4592,2266,6194,5575,4881,7862,7741,2432,1096,4200
5660: 764,4227,7228,4403,2074,1473,341,3382,1340,360,5628,6987
5661: 6157,4074,823,5444,4967,1977
5662: 6067,3122,2224,1527,4527,6479,8121,5225,4529,803,6707,3763
5663: 6802,208,8161,5466,3862,8128,3424,3914,6572,6615,3990,1702,4228,2035,6609
5664: 7136,1571,3068,6066,985,6123
5665: 1822,3341,7848,4887,4431,3966,6312,1738,3504,7077,7540,7752
5666: 5853,6311,2065,1884,7872,7959,6881,3696,3465,19,2025
5667: 5759,4642,7080,6502,3112,1567,3080,2425,4991,1220,6487,394
5668: 5691,5846,3275,897,2088
5669: 1121,5680,6726,4502,4855,4762,4119,2221,3782,1474
5670: 4075,1094,4331,4281,3681,5477,6599,7647,4930,171,209,6165,7839
5671: 4430,7688,2312,5732,934,2264,3934,2433,2560,4493,4751,6480,625,2752,2515
5672: 5650,2528,6415,6684,6758,353
5673: 3109,273,2807,3970,1049,3669,7200,4353,437,4172,2716,3629,1553,4928,3667,4500
5674: 5183,1989,4685,5676,727
5675: 6317,7849,4458,3085,2925,2792,444,1178,1984,5451,4379,1778,4178,6481
5676: 8067,3309,727,5674
5677: 7865,7105,6580,5809,3710,6659,1100,2259,666,5683,5987,4922
5678: 4465,6630,3128,7915,699,2066,422,4927,2025
5679: 765,2110,4206,2896,5501,5396,4270,1188,1002,2721,7886,4471
5680: 2767,1335,6726,4502,5669,2221,2778,4779,4734,858
5681: 7401,7800,7246,1491,1931,5328,913,3096,1842,5877,4100,2120
5682: 3188,3575,4947,782,7817,4570,3804
5683: 4982,1100,2259,666,2417,5909,2800,4922,7105,4231,3710,5677
5684: 7133,2606,2586,5372,3095,8091
5685: 3711,8155,3673,6171,7068,1110
5686: 3781,804,7066,6426,44
5687: 6849,2460,1790,624,7678,1179,7568,6053,2621,2400,8008,1477,5799,435,706
5688: 11,2494,5336,691,1180,662
5689: 3576,5896,2192,2261,1091,4271
5690: 6605,5640,3707,658,1446,5284,5295,875,6964,4188,5517,2285,3023,1098,6974
5691: 5668,3275,1191
5692: 1723,6440,3418,354,3732,5442,2655,1737,6225
5693: 1256,2777,4597,6343,3241,3333,3170,531,1613,801,5551,7046,2377,6547,3328
5694: 2201,5724,1182,275,2542,1395,542,7174,3365,2241,6368
5695: 6789,1362,31,6255,1430,8049,544,3203,7395,1148,7199,7541,1635
5696: 6234,3100,383,552,2067,7448,6392
5697: 2063,4207,2775,5568,969,222,5091,3505,3155,6937,6956
5698: 2498,2765,4214,2434,2696,6737,1047,4723,6394,3776
5699: 6960,4722,3126,6110,3416,1566,2588,2016,4619,5359,707,2852,7989,1995,4377,4787,4932
5700: 3839,7843,3133,2435,5036,5188,646
5701: 3806,773,5422,740,6865,8001,2303,6897,7157,1837,6779,6475,7553,6148,7952,620,7500
5702: 5366,2102,6884,1910,5516,2570,2806,2361,6898
5703: 6645,1954,3206,8045,2763,2883,7870,2436,6226,3399,3919,8084
5704: 5941,1074,7029,184,1917,2947,1921,6788,567,4001,7217
5705: 5366,3712,1817,7056,772,1910,3286,3034,6302,2570
5706: 4150,3085,2792,2508,6783,444,547,4178,6481,448,1181,4307,1416,7091
5707: 7214,1424,2265,8098,6581,874,3116,7277,1358,2197,2068,5017,7182,8142,1449,515
5708: 8183,1622,3500,3741,5300,3556
5709: 7095,4956,1840
5710: 3403,977,6204,8072,7671,2005,4650,5525,1472
5711: 6539,4492,8172,6569,3094,7753,3478,2502,1896,2977,3913,2045
5712: 191,6674,5980,1918,4014,7788
5713: 6770,2607,1483,7838,959,6720,2545,4557,5775,4166,1037,2236
5714: 3380,6553,256,3971,6777,5900,1489,5241,5588,6893,1396,7954,5239
5715: 439,2513,6582,4758,5000,805,2220,5786,3139,1135,6138,7712,5751
5716: 4175,3553,520,1145,2503,1445
5717: 1463,5046,7665,128,7926,3833,1471,4001,3111,1074,7029,1917
5718: 5023,955,7311,2201,5978,275,2371,3261,1086,3365,6368
5719: 482,5419,3277,4368,2326,4162,2362,2208
5720: 8053,918,7188,5936,2705,1273,3401,3193,1397,6292,5566
5721: 1317,7553,4076,5285,7310,5056,2504,7939,1549,919,4545,8028,6917,6148,1802
5722: 5885,7177,2211,1398,3438,6592,4430,5732,1618,2264,3934,2560,4177,447
5723: 5652,4000,5507,8149,3766,3204
5724: 1182,5694,4437,2542,1395,1747,6172,4062,7302,2158,475,542
5725: 1052,2928,7397,6416,6407,1710,6451,1359,752,2705,3193
5726: 2442,1895,1744,1094,4281,894,3681,2661,5477,5062,6317,4458,2925
5727: 1693,6768,2343,4573,7394,355,7663,2095,3785,5888,3756,5598,6051
5728: 4008,895,6752,3651,2227,5993,1041,2938,224,1249,7892,5426,6550,5753,6289
5729: 3552,8159,1132,7426,3794,2157
5730: 2363,1025,3384,769,6078,1465,3613,1657,111,5951,2410,7517,3865,7764
5731: 733,3827,7109,1142,7944,2856,3173,6232,3117,1541,7215
5732: 4430,7688,7679,1618,2264,3934,2433,4177,5671,4462,5428,5885,5722,1398,6592,447
5733: 2738,664,3928,5286,2327,4692,5891,2986,7630,1228
5734: 8167,4250,767,2069,7072,1797,1627,1042,6227,3698,3559,629,8164
5735: 8104,63,3361,4611,8013,2413,1756,6085,4696,6408,3161,2437
5736: 3439,5457,2833,2226,6860,1607,2599,6052,6697,1925,6365,4102
5737: 570,212,4558,1780,7020,6687,3174,4029,6981,2384,678,1117,6336
5738: 800,3160,5910,5579,5407,1161,1246,3577,7324,5973,2966,1325,4798
5739: 3555,5976,8180,2908,4955,1689,7111,6698,6188,2577,799,6256
5740: 7672,978,569,4534,3378,3232,1585,1871,8097,4891,7605,3406,2029,8144
5741: 686,6507,316,60,421,3063,3632,7603,1616,7482,3350,7065,5299,4269,4630,3048,8048
5742: 6718,928,2957,71,3375,2610,5301,1475,2757,746,7802,5607,4318
5743: 4077,3743,6152,3874,1718,857,12,7544,6506,434,7686,4360,7668
5744: 5207,3351,7139,1579,145,4468,1301
5745: 1991,4464,2673,5854,1810,7953
5746: 5108,1591,6885,7107,3404,4883,1192,3420,5878,2351,8019,703
5747: 7669,7726,1932,5449,2420,644,198,2751,3940,3342,1267,4561
5748: 5955,564,4407,8187,1521,3022
5749: 4906,194,6854,1671,626,1476,4717,7488,5478,2376
5750: 1510,2385,3506,248,7539,631,3860,4195,2398,1993,7971,4670,5509,5825,676,943
5751: 2638,2504,1549,4545,6917,251,1135,7712,6582,5000,5715,2220,1750,5358,3296
5752: 6050,4606,320,7179,6273,4596,2907,3851,2044,7979,1841,6773,3355
5753: 3140,503,6503,5942,3000,6759,4897,6289,5916,3651,2227,7892,5728,5167
5754: 156,3358,7046,2377,3980,6547,8052,1863,361,7126,3328,6473,5294,2777
5755: 4015,7903,2430,3013,2416,2677,93,3014,5645,1258,6714,6442
5756: 6603,2737,2468,1248,5962,8126,2453,763,5424,4256,5163,2172,3521,1906
5757: 7,5930,1568,1495,2497,4268
5758: 5333,6560,2093,3035,6040,4843,1305,5238,4079,3562,4583,2159,1409,7102
5759: 5667,4642,7080,6502,5988,3922,1567,2714,3080,2999,663,4991
5760: 5392,2773,43,674,6648,1539,2061,2537,6396,3079,6469
5761: 1794,3832,8140,104,3844,1140,3175,1606,5031,7618,6809,623
5762: 1683,7990,3981,843,1580,7439,4895,7356,6573,6939,7586,1584,6428,455,3777
5763: 2793,3579,2910,7332,141,8076
5764: 2915,3660,2202,672,1938,6133,6390,2771,216,2032,6679,8134,6782,6269,6329
5765: 1758,1649,7792,5220,2286,4939
5766: 2138,2816,627,3351,7139,7696
5767: 1907,3335,7388,1614,7319,8169,6589,3250,399,6542,108,2393
5768: 426,3196,7345,979,261,5803,2035,6609,4846,6802,5466,1574,3424,4097
5769: 1156,7237,4412,4781,3039,2552,1083,2518,557,2992,2263,2391
5770: 1006,75,4989,4918,2336,7128,4830,1353,6763,4376,5946,4078
5771: 4452,7623,1101,1452,4688,1019,3975,3163,6718,2610,4255,7802
5772: 2750,3564,2332,3755,3742,768,5050,6986,1120,6660,3040
5773: 200,6282,1220,394,806,2008,2163,7080,3112,1567,164,7196
5774: 1655,294,7282,3713,3974,4772
5775: 2607,5713,6720,807,4037,1037,2236,6647,2438,52,3102,7755
5776: 6100,139,1934,5438,7786,4090,1515,1008,5592,2342,3720
5777: 7160,3677,3162,4324,4799,3834,3240,4184,1638,7684,5379,7543,2428,2161
5778: 1872,5330,1647,2567,3097,3479
5779: 642,4884,3113,7087,7119,2304,234,2275,6638,4406,1229,3390
5780: 5014,3594,5293,2505,2649,5063
5781: 7302,2023,7798,2158,5985,761,2305,256,8150,3971,5241,5597
5782: 3748,3024,6199,6815,2657,732,4084,3547,3397,263,8120,8090,8026
5783: 2904,1788,6686,6364,2980,8112
5784: 2893,4679,5085,2578,1034,1880,6753,2842,4677,1968
5785: 958,5196,3561,5153,2419,1748,4443
5786: 2513,3339,5715,805,5599,5505,802,7502,8105,3139,1615,4809,6138
5787: 6113,7766,47,1368,1643,2146,4369,7973,4275,1924,2287,3560
5788: 3111,6273,2907,7905,7706,4759,4631,1532,3389,2579,1471
5789: 6551,3257,5548,1176,3706,1832,5279
5790: 6247,2176,4969,1332,3714,820
5791: 2513,3961,4758,4161,7649,1260,7711,6134,2954,2958,4284,3507,568,5479
5792: 7390,2254,3276,902,701,1876,4598
5793: 757,3471,5096,1438,2288,7515,7816,7012,6549,1971,48
5794: 380,3956,7241,1089,980,5929
5795: 5382,2650,5291,5098,6508,1469,4841,4700,7677,2411,2289,466,3982,7654
5796: 4624,4856,72,8164,2730,2069,5387,3065,5503,2984,7548,722,1131,4879
5797: 4155,5130,898,6184,5114,112,718,3417,2139,5584,2582,2708
5798: 3942,2070,1371,4731,4252,743,789
5799: 8008,556,1477,1315,4159,4160,5118,5687,1179,2621,2400,706,2352,4901,407,4130
5800: 8040,1157,6409,4303,4582,58,843,4895,7586,2790,2071,1088,3777,7571,2050
5801: 1666,5950,1875,4032,221,7023,366,3487,5027,4363,4272,6395,6147,4835,5111,3489,790,3098
5802: 2487,3978,8044,2993,2734,826,6402,89,7851,7019,4805,5357,7633,5879,5827
5803: 7345,979,261,2035,5238,2467,4079,4613,5768,7059,6609,2555,2159,3558
5804: 7355,1803,7351,5079,3367,2299,7334,2078,2140,497,7835,364
5805: 473,2273,3205,4612,1309,4839
5806: 2913,3863,2818,4393,1894,7376
5807: 2820,5196,859,7298,3209,1543
5808: 5856,1659,3254,1322,7425,5577,144,8093,3019,4555,3757,2017
5809: 7865,7105,3710,6771,738,5677,1100,3176,1213,228,5987,4922
5810: 3584,3585,1236,6142,981,6144
5811: 3758,6483,2946,3598,1411,830
5812: 1890,222,2018,3426,5911,1690,5998,139,1008
5813: 5856,2387,1322,101,8127,2209,6683,2156,1388,1384,896,2949
5814: 1653,2451,6657,967,4212,9,1753,3235,4352,6681,1639,371
5815: 914,2580,1731,3836,7805,2800,4870,6659,2062,2427,666,7229
5816: 3897,1990,7878,3197,6805,4050,4427,7193,3263,87,4330,1859
5817: 3414,4663,7555,1868,6353,7860,4306,3337,3682,1441
5818: 2232,7389,5489,2094,5346,5124,2692,7400,1822,2013,553,6005,7497
5819: 1316,5230,827,7440,4562,637
5820: 1380,4767,7937,3685,6223,3177,4423,3282,1298,3528,5198,649
5821: 648,6403,5164,3568,482,3277,5549
5822: 2409,4444,1478,5864,5586,2803,2664,7216,62,6367,1534,4990
5823: 2359,88,1254,1321,3972,6705,4390,3531,3663,7981,5263,2805
5824: 3549,5959,3792,7773,1746,973,6425,1581,94,4048,7158,1517
5825: 3506,5750,7539,631,4195,1993,4670,6500,2478,5240,4128,6055,4080,676,943,362,7451
5826: 4982,1247,6632,2427,7229,5909,534,7715,2021,3645,6052,5518
5827: 3051,1551,4916,7560,6927,8033,4539,636,1974,169,2993,2734,826,7633,5802,1447,5879
5828: 3104,997,2496,3270,5035,4333,3136,2594,1850
5829: 1905,2342,5018,2608,207,1043,6574,6670,4533,7479,3831,3005
5830: 5351,2633,4503,5169,1980,1102
5831: 1239,5289,1564,1248,3150,651,3475,5962,8126,1935,7093,5315,2453,4868
5832: 7940,1158,4608,4011,6667,7052,3368,5371,3340,1003,2735,3580,7505
5833: 1636,111,2203,7726,1932,1208,4811,6350,5951,8185,6380,3244,3613
5834: 860,7704,293,6008,7130,2805,2175,3531,6539,603,6569,1106
5835: 156,1863,361,7126,6473,3659,1507,3545,4970,3397,5939,3145,8026
5836: 4354,1496,4475,2056,2499,339,5253,6204,3581,7427,1011,4239
5837: 6285,3614,1994,6796,3849,1695,2122,4467,33,2320,270,6076,5099,2506
5838: 4735,3451,1361,4383,1919,7312
5839: 3627,352,2656,1151,2364,5385,2857,3861,5510,860,6833,2175
5840: 6445,412,3078,4632
5841: 421,7603,1616,3048,2945,1807,5536,7489,675,810,4514,4885,6436,2500,3093,4180
5842: 1342,7412,4313,166,1853,6220
5843: 1115,317,3650,7085,6044,4924
5844: 3453,3229,6892,5126,758,6104,1792,7090,7681,6369,1813,3445,4043,2171,6876,7096
5845: 7339,7371,3847,840,3884,901
5846: 5668,6601,897
5847: 5559,471,4030,7039,4069,7377
5848: 4776,1806,3637,3885,3509,6935
5849: 7190,1888,936,2808,1347,291,4474,7648
5850: 6827,264,1500,6062,4674,1705
5851: 5423,7803,6390,6476,3715,984,6996,568,2090,203,443,1436,3660,5949
5852: 3992,1479,3068
5853: 5666,6311,2065,1884,1168,7235,5093,2765,665,4723,3183
5854: 4069,5745,1400,1991,4464,471
5855: 1992,3258,3985,8160,7155,4954,6604,451
5856: 5813,1659,3254,2387,1322,101,7425,5808,7047,144,2949,3757
5857: 6606,2700,3820,1740,1103,3154
5858: 1516,3674,1684,3252,1555,4036
5859: 4223,7434,2694,982,2967,4646,7945
5860: 6114,4482,6246,3456,308,122,6245,6949,7286,1685,2631,3302,6001,4987,1331,1783
5861: 641,7330,2956,4326,6164,1594,1786,5365,3073
5862: 2649,7576,1184,2278,2899,2633
5863: 6596,3151,1104,508,2749,6845,3227,7879
5864: 2409,5822,1478,487,5586,2803,6367,7380,2438,3102,499,1534
5865: 3279,5532,5533,1480,1173,2481,660,3751,1988,6170,1393,373,6488,6030
5866: 2085,6764,6287,7864,3786,3317,2439,126
5867: 3066,3636,6765,1759,3223,6688,6692,4327,3848,5514,6831,2141,6439
5868: 3380,6553,2866,710,6777,5900,1489,1081,713,2511,548,4729,4976
5869: 6589,3224,4341,1503,2019,7327,6542,2813,2715,3437,517
5870: 5282,6613,2934,566,797,2020,3483,6124,7710
5871: 1087,56,4081,1261,4974,3626
5872: 2924,6019,2943,2510,4581,995
5873: 7051,7977,5989,921,6002,3716,7771,1198
5874: 277,4953,2516,3668,2440,4617
5875: 5304,2103,7010,5217,465,6820,1617,3540
5876: 5929,6281,3440,3864,357,4730
5877: 1842,3772,6470,2903,5681,7800,1491,5328,913,3903,4100
5878: 5108,6885,1352,3420,5746,703,6558,5963,459,2581,175,4540
5879: 2993,2734,4805,5357,5802,5827,1551,4539,636,1510,4082,631,5240,3398,6965,262
5880: 3050,1119,3717,1146,7383,1404
5881: 6596,6924,2330,3352,6366,1530
5882: 3837,954,5015,356,2204,6341,2428,2161,7620,7769,7543,5898,908,7513
5883: 7965,3800,7762,295,7794,3354,599,210,6365,6670,2360,6697
5884: 1461,5026,6568,205,3259,1472,786,3326,3422
5885: 2556,379,5722,3409,7177,2211,1398,3438,6244,6592,4430,5732,1618,543
5886: 1288,5439,1526,2781,724,4055,3295,3550,7359,5339,231,6188
5887: 3699,7291,2123,917,5110,1920,165,7317,6342,4053,5269,1540
5888: 1308,2670,7756,975,3756,5598,8056,2832,300,1933,5727,355,7663,2095,3906
5889: 4070,3935,7463,403,2424,7924
5890: 6496,3206,8056,2763,2883,7870,2436,5529,1583,2313,1391,6535
5891: 1493,2986,7166,2404,4330,7630,2738,5733,2327,4692
5892: 6960,4722,2368,3126,3395,8018,4862,1399,3416,2463,7598,4820,6014,2588
5893: 6643,3784,1878,7549,7836,2809,167
5894: 570,5409,212,7292,4523,2228,7885,6486,1280,92,3000,1502,1736
5895: 2742,2378,5177
5896: 3576,5689,2192,5275,4434,4489,2190
5897: 7690,1035,1268,6929,6293,5486,3530,402,7429,4695,945
5898: 6354,1557,908,1437,3731,3383,7513,3630,1162,6611,4209,356,2204,5882,6341
5899: 6527,4817,3875,7735,3977,821,8030,1984,1209,2205,992,6165,7839,4984,2515,6599
5900: 3380,6553,5714,5868,6777,7281,713,548,2416,4976,6893,1323,2796
5901: 4155,5114,112,718,7638,2854,2582,7231,327,1672,1611
5902: 1926,1005,900,4601,4382,2206,2315,3186,5454,7528
5903: 983,3711,424,6879,7471,7312
5904: 8058,3045,1390,3168,1172,192,1843,4945,5465
5905: 932,1578,4252,2847,5184,5308,2070
5906: 2414,8074,3207,4721,4644,7055,3726,4896,6658
5907: 6749,2365,504,2894,7422,6399
5908: 1121,3963,1987,2507,6726,4502,404,4855,6540,3381
5909: 4982,1247,5826,2427,666,7229,2417,5683,3645,1731,2800
5910: 5738,5099,1123,5579,5407,808,7634,1246,3577,2506,1325,2122,4467,33
5911: 3426,1825,8095,2712,4207,1890,5812,3405,1690,5998
5912: 1776,7066,3608,1075,5403,1686
5913: 1844,6460,7223,5012,4070,3935
5914: 1687,2085,882,6279,6729,5106,5400,401,1610
5915: 2115,7318,2374,5103,215,1656,5620,2512,2072,6766,6847,7454
5916: 3651,2227,2938,1249,7892,5753,6759,190,2688,2533,3718,4912,281,5167
5917: 6603,6695,7159,5215,708,4520,4322,7757,4083,389,7018,1286,13
5918: 757,3471,6531,3069,3260,8062,7343,4905,6429,1406,5943,7967
5919: 4157,2802,1105,2583,544,3203,4347,1148,5972,7199,7758,351,5374,3612,2952
5920: 3563,6266,7092,669,7081,3385,7750
5921: 677,3158,7288,7725,4292,929,3316
5922: 3442,1621,1711,6848,2378,6109
5923: 301,522,7882,7604,3936,1802,4892,5201,6071,6952,55,6065,1227,20,8028
5924: 429,4858,4426,5133,2517,268,1712,4298,598,6586
5925: 4083,628,1307,389,2180,3099,7261,7700,6955,7917,8145,3003,6585,13
5926: 3321,6984,7022,6537,6928,1713,559,6729,5401
5927: 7078,5421,1969,2231,663,2026,2845,1266,4642,3922,2714,3080
5928: 3754,1870,4850
5929: 6281,5876,5794,380,980,357
5930: 4735,7,5757,3811,5467,2497
5931: 1092,4733,3599,2794,1378,3503,5335,5045,7905,1632,4759,3389
5932: 1449,3452,3231,3072,6079,5307,7214,2519,4364,838,7834,5340,4013,5361,3643
5933: 2381,3795,2028,600,2872
5934: 3748,4007,6199,7541,732,1635,4140,4084,4907,4926,7931,3600,1362,31,6238,3165,1793
5935: 3729,8040,6283,2285,3023,2968,1157,1819,4303,4582,58,7571,3495,1446,5284,5517
5936: 5720,8053,918,7188,2705,3401,1397,6292,239,3602,3601
5937: 7579,3581,1011,1787,7542,1448,4471,5396,2840,4354,4475,339
5938: 297,5005,2366,4612,4477,852,1080
5939: 3545,4970,3397,263,8026,3748,6815,4926,6642,3659,1507,156,5835,7126
5940: 24,3353,2316,1181,4307,7938,1908,4114,4150,2508,5292,6781
5941: 1074,184,7000,5704,1917,1921,6788,8034,3037,7382,3488,5415
5942: 3924,3140,6503,5753,6759,791,4897,3651,281,2678,7418,613,7293,1058,5167
5943: 6429,1406,7967,7343,4905,5231,5237,950,1144,5918,6531,3069
5944: 4085,3957,6416,3288,7759,5971,8057,6501,2482,3892
5945: 4063,5561,3502,2447,1597,4463,3356,4591,7044,6533,2795,2527,196
5946: 5136,1992,6237,3985,4954,4078,6763,5770,75,4918
5947: 2115,2701,4378,4478,3793,2337,3602,7135,1945,6131,1887,3601
5948: 4031,2541,4065,6902,1030,7793
5949: 3660,1425,7469,4315,7233,443,4168,3323,1436,5423,7803,6476,984,5851
5950: 1666,1875,4032,7023,366,5801,4272,6395,6147,4835,5111,6073,3536,2242,3185,790,3098,7226
5951: 2642,4560,2410,7517,3865,8185,111,5833,6380,7764,3384,769,5730,3613
5952: 6663,1777,809,2129,4142,7101,3119,3156,7103,5296,2109,7847,916,4260,3796
5953: 7586,1584,2367,3342,6428,2001,4561,5578,5323,455,2941,6798,1523,3215
5954: 1310,2339,2370,2727,5329,560,4707,415,7662,4653,3525,3202,1343,7717,7157,6475
5955: 564,5748,3022,6010,6178,3867
5956: 252,8082,2674,1222,1893,3910,4277,6347,2294,3837,1372,510,7620,7769
5957: 928,2957,5301,1475,2301,5607,4191,4506,1051,3664,6690,225,6715
5958: 6401,538,3602,3937,7135,1710,1945,6131,1887,5566,8053
5959: 2520,6784,5378,5824,243,4449,3792,7773,1746,973,4422,4181
5960: 7414,2606,1734,3886
5961: 1630,7435,3866,5475,6413,1128,841,4113
5962: 1248,651,3475,5831,8126,2453,2737,5756,2468,6015,2839,763,5424,4256,3521
5963: 1156,6558,4294,459,2581,3039,5878,2609,1677,1608,175
5964: 5325,3993,2601,5049,517,2783,3949,6296,1845
5965: 1784,6890,4547,2994,2869,3411,5429,155
5966: 3719,4346,5087,1309,7491,250
5967: 3427,6364,1874,1855,5656,7609
5968: 6828,2233
5969: 5360,351,2952,5160,5377,4958,7199,3024,1635,4140,4084,4907
5970: 4215,1914,3945,6699,1881,2675
5971: 4085,1688,7759,5944,2355,7458,3402,1926,8057,4601
5972: 4157,2802,1105,2583,2172,7110,4347,3521,5919,763,456,5249,3347,3612
5973: 2363,1025,7729,7324,3384,6741,639,4687,2966,1325,7840,4798,5738,1161
5974: 5569,4541,3720,5176,7596,7786,2834,15,914,4665,3836,3787
5975: 2610,4255,5301,2301,7802,1742,7998,1051,4973,468,3975,1101
5976: 2469,1892,7705,3555,5739,2908,1689,7111,7222,2810,2577,799
5977: 3208,7132,4098,42,1372,5015,8038,510,6636,3910,4277,1418,588,3814,7533
5978: 2201,7411,7284,275,2542,4663,2371,3261,3365,955,5718
5979: 1673,2611,5629,7060,5412,5044,2501
5980: 5712,4014,7788,7619,849,3278
5981: 2584,4847,138,4890,2791,6447
5982: 850,3353,448,7809,7069,6577,7938,2616,5289,3150,1935,4342,2684
5983: 2493,3876,4356,1297,3508,6314,3798
5984: 2871,3076,689,1922,7536,6931
5985: 5781,3663,2023,7798,5239,7722,2158,475,761,2305,256,700
5986: 3427,2904,4400,4373,7689,565
5987: 8024,528,3176,1213,1354,228,7141,4922,6659,7865,5809,5677
5988: 5759,3107,6310,6502,3922,3262,2714,2999,6990,3164,7464,5567
5989: 5873,1556,7977,921,6002,7771,2290,2539,1028,4962
5990: 2509,527,3154,7368,2874,6606
5991: 4464,2673,5593,7470,935,2955
5992: 1212,675,810,4043,2635,2171,7842,2170,4514,4885,6436,6876,7096,7248,421,7003
5993: 4189,895,6752,3604,2227,1041,224,535,1249,6655,1069,5728,4531,2554,5570
5994: 6091,3721,7933,4800,7154,1381
5995: 3470,4086,7536,689,8043,1840
5996: 2895,45,2554,7424,1789,1820,7328,2480,3722,5570,2741,4524,6689,1069
5997: 6348,1700,2851,6998,2465,6916
5998: 6411,1690,2888,6863,5911,2018,5812,8070,139,4090
5999: 1387,5300,5504,8183,766,1010
6000: 7243,3665,7103,1619,7787,916,3233,208,6588,1574,3196,4142
6001: 1194,7286,1685,6887,2631,3302,6510,6949,6114,4482,1545,3456,308,5860
6002: 5873,7051,5989,3716,7771,457,8085,3473
6003: 2531,3700,4136,7163
6004: 2902,7628,5605,6334,861,6098
6005: 553,7814,1421,3263,219,7497,6297,7389,5818,5346,478,7878
6006: 1923,223,5273,4134,5545,3499,7185
6007: 5052,4948,5023,5427,1311,1086,3337,2882,7459,541
6008: 5263,7704,5834,7130,3583,2805,7496,3531,603,1106,7981,3972
6009: 3679,571,7129,2075,7826,4335,6587,4964,7824,258,4558,1780,2812,6687,2207
6010: 3022,4866,5955,1973,403,3867
6011: 4182,3989,6215,3070,1633,3951
6012: 951,4766,7830,5546,5,4911,1681
6013: 4762,3816,4359,793,2848,5032,1027,6570,2885,7025,1414
6014: 817,2588,1524,6267,488,7598,7254,405,6345,4820,7631,6960,4862,5892,2463
6015: 6776,2839,763,5424,6229,4429,4727,2616,651,3475,5962,8126,1935,2684
6016: 4987,314,7167,3516,6513,6246,4487,1871,1109,2029,6947,3378
6017: 7962,2317,3996,6785,1401,6562,1269
6018: 3745,5485,7385,3794,7606,2157,245
6019: 5872,1622,2924,3500,2510,6621
6020: 3006,4002,91,3457,7883,2640
6021: 952,4508,5144,1691,3460,2125,5260,961,7251
6022: 1464,6835,4003,1385,7573,3299,829,4975,2459
6023: 2788,7670,546,7220,5137,6358,1589,1767,4676,295,3354,5612
6024: 2076,811,3409,854,2211,1398,3438,6244,2560,8132,3870,4370,4552,6132,7799
6025: 3264,346,3679,571,7129,3436,4173,2084,2075,4335,6587,987,6210,2199,1625,5338
6026: 1940,1620,7682,7590,5291,1004,1469,4700,4515,3047,3855,2341,5051,934
6027: 6807,864,3701,79,7721,6220
6028: 6363,3271,1951,8163,7858,1402,2162
6029: 2981,2754,4647,4549,713,2511,6545,5302,4143,2866,710,1081
6030: 1537,4226,6488,5553,2914,4597,4004,7876,7270,3279,5865,1988,6170,1393,4551
6031: 3325,3435,828,5181,6096,1950,2821,7330,4348,3181,7664
6032: 1749,2698,4470,4604,4980,397
6033: 7702,2717,197,388,2691,7898,7378,3535
6034: 3850,4352,1656,4537,3135,970,5620,2512,1964,2072,5146
6035: 3476,8075,2825,3760,7504,6565,5350,4092,16,1762,7441,1692,583,3025,2039
6036: 6060,529,5644,4450,3652,1770
6037: 4372,309,5503,4659,2469,7111,7171,7222,6959,2810,2577,1797
6038: 7387,46,2208,3277,2362,8168,7613
6039: 5618,6382,7122,1408,4263,8090,2774,3890,6578,2858,66,668
6040: 6560,460,2093,3035,5758,4843,525,1305,2467,4079,4613,4583,2159,1313
6041: 1324,6570,2885,3639,160,3198,4971,711,4621,2495
6042: 770,6977,3480,7443,8181,1348
6043: 5532,5225,1173,3751,3868,5554,4664,2277,2666,1527,4584,5288
6044: 3563,6266,4924,1115,5843,2850
6045: 1250,8042,1252,4655,6163,3221
6046: 7061,7231,2237,2390,1382,4880,2319,4155,3723,6794
6047: 1518,3014,5645,3208,2995,4098,1258,1494,3274,6714,6442,3105
6048: 6704,1942,812,5617,7745,5512
6049: 2739,4716,79,3635,3178,3248
6050: 4713,3724,4606,4309,320,1159,5752,7179,6491,4596,2907,7905,1632
6051: 3930,6824,1383,7968,4894,5399,1693,2343,4573,5727,355,3785,5109,2382
6052: 2021,3439,3645,6860,5393,2599,5736,5518,7715,4102,5826,534
6053: 6955,6849,3518,729,2460,1790,6181,2455,7678,5687,4777,6286,1307,6346
6054: 3634,3027,7565,813,3893,2250,7474,430,6509,1000
6055: 6186,1351,2323,6500,2478,5240,4128,4080,3398,6965,262,631,4195,1993,5825
6056: 1318,3869,7827,7403,851,6971,1693,6768,2681,792,5004,3687,7968
6057: 3071,2703,5135,4061,53,7988
6058: 8036,97,2407,7086,5134,1529,1707,4273,2291
6059: 1379,2758,2443,7172,3582,4669,5039,1276,6162,1716,7064,668,2105,4312
6060: 3222,6760,4450,6036,6594,1770
6061: 619,7492,3509,6935,1836,4056,7374
6062: 264,5850,4087,1705
6063: 1566,4797,3539,4619,4013,6511,5359,411,198,7669,707,2852,5175,7989,2420
6064: 3179,3593,4483,1198,4878,4656,3473,1083,2518,1029,5630,2859
6065: 2958,4284,1227,3507,568,2090,203,20,7649,1260,55,8028,3936,5201,5923,6071
6066: 1571,5664,6546,985,4091,6126
6067: 5662,2277,5150,3122,2224,5204,1527,4527,5596,803,4595,3763
6068: 6268,6566,7699,5318,2353,1016,1284,989,6431,2121,1193,2292
6069: 2268,7964,792,3293,4741,5004,189,6669,814,3687,1433,7433,7968,1285,5399
6070: 3693,3657,6831,6373,714,5116,6439,2022,8173,2219,3523,728
6071: 301,7604,3936,1802,2536,4892,5923,6952,55,6065,20,1317,4076,5285,7310,8028
6072: 7694,7524,2142,6517,3370,6610,2634,4191,1018,225,6715,2905
6073: 2450,3536,779,2242,7907,771,6528,3185,790,3098,7206,2799,4653,5950,6147,4835,5111
6074: 4088,6750,6102,3511,4018,7406
6075: 1785,2872,3566,185,5319,3795
6076: 3614,1994,3849,2122,7785,5837,1123,4657,7212,4089,836,3877,6786,7370
6077: 6239,7624,2617,7546,1107,2558,3964
6078: 2363,1025,8088,6741,769,5730,2966,1325,1657,7764,7341,33,808
6079: 502,1449,3452,3231,3072,5932,5307,4389,7214,1424,8098,1153,2519,4364,7834,5361
6080: 4724,2492,3733,5094,986,6459
6081: 1816,7767,2888,2534,6863,3712,2302,772
6082: 6904,1913,1265,5413,3033,1548,3265,5563,558,4367
6083: 2186,6425,7430,4248,7930,1581,4005,6258,3430,3101,3404,4883
6084: 3552,8159,949,2394,6665,1663,6812,3510
6085: 1891,4258,4259,4696,6408,3161,8013,3180,120,6771,738,5735
6086: 3138,4235,7446,584,3770
6087: 310,3266,6930,824,8010
6088: 269,1901,1588,7607,2901,2293
6089: 3662,2613,604,856,6700,5086
6090: 4657,1031,7661,2660,4089,847,6909,836,6360,7785,906,3387
6091: 358,6236,3721,5994,730,1381
6092: 3109,620,1403,273,1063,3970,3669,7646,7200,7500,4353,5068,5422,1837,2827
6093: 7344,278,3496,2863,1533,3653,7438,905
6094: 7956,26,4244,6522,3791,5622
6095: 2441,731,3921,4535,2991,7074,3642
6096: 6031,3435,6583,1950,7335,2821,3181,2239,3973,7664
6097: 3823,6306,7708,3058,2753,4438,6458,577,158,6521,118,3932
6098: 6301,2521,5605,6004,1936,7628
6099: 4690,6339,3514,3190,6469,6536,944,1861,2959,6396,3079
6100: 5776,5438,7786,2834,3720,7811,2279,725,15,7740
6101: 2258,7614,4997,4919,2006,232,5021,7027,2961,6192,431,4904,1460,1528,7493
6102: 6074,3444,4088,3511,5290,6873
6103: 1326,4706,5040,563,5636,661,2627,4466,2870
6104: 5506,3132,3229,5126,643,758,5844,4909,458,1212,3445,4043,4998,6571,7857,206
6105: 3011,6559,899,2160,577,7351,7708,3517,2446,7042,1346,7835
6106: 3780,8080,4819,7877,1872,5330,2639
6107: 1849,6886,3951,1846,6934,6215
6108: 2614,7405,3813,681,7198,59,8061,4711,1631,6628,7251,855
6109: 5177,957,2267,1621,5922,2378
6110: 6960,4722,3126,3395,6668,5699,4329,7889,3416,2016,707,1995,4377,4787,4246,4932
6111: 1324,6570,2479,4445,3198,2778,4902,858,2562
6112: 6978,3355,5458,1912,7853,311,3851,7979,29,1841,5107,6773,1745
6113: 7766,5787,2892,6203,47,7315,1643,2146,1924,3560,340,6713
6114: 4482,1545,3322,6246,3456,7610,2861,6967,728,308,4327,1109,5860,1194,6001
6115: 2067,5221,5639,862,7448,7262,3891,1676,552,6389
6116: 237,293,2679,4877,7820,3583,2805,88,5606,3573,1830,6303
6117: 4280,6677,2309,2143,5222,1779,4556,3414,7555,6353
6118: 2569,1316,2191,4476
6119: 7472,2005,7143,4650,1529,3326,1707,392,6250,2996,6716
6120: 3925,2612,6743,5528,2603,1251
6121: 8183,766,1622,2924,4579,2042
6122: 4978,3182,1904,7049,3675,4220
6123: 985,3725,2426,1479,3068,5664
6124: 2020,396,2962,1168,7235,6394,566,5870,3183
6125: 3512,4283,5140,1057,1126,3912,8112
6126: 6185,7902,3620,4091,1571,6066
6127: 2229,7530,846,3267,6130,1060
6128: 6696,7280,164,1714,3104,997,6711,2496,3270,806,4681,4775
6129: 2524,6938,1623,5462
6130: 8118,513,3267,6127,5207,1060
6131: 538,3602,3937,7135,1945,5958,7031,7580,3382,360,4378,5947
6132: 8132,7230,2983,7337,86,4054,1897,4379,3870,4178,4370,4552,5199,6024,811,3857
6133: 7821,2915,672,4092,1938,5764,16,1692,2032,8134,3025,6269,6329,3476
6134: 4624,2079,2243,7502,3923,7290,2984,2954,2513,3961,5791,7711
6135: 909,6896,5356,4006,6529,304
6136: 5184,5308,6424,132,4093,2422,1525,266
6137: 4721,540,7055,3726,6710,1939,7772,6485
6138: 1308,3139,1615,5354,4809,7712,5599,439,3339,5715,805,2220,5786
6139: 6883,3356,5212,7451,3169,4591,3888,7778,1423,3769,1597,1735,3056,4463,196
6140: 3268,4662,1499,1223,931,4348,4384,828,1451
6141: 1821,3184,4129,7453,4411,5306
6142: 3584,4704,5810,981,7883,2640
6143: 7373,633,4694,5077,3871,910,7893,6812
6144: 1699,671,6324,3585,5810,981
6145: 169,1580,7942,3872,4577,2235,7356,6939,1974,1561,3074,6318,102,6333,4829
6146: 2668,2104,1996,5203
6147: 5950,1875,4032,7023,5801,4835,6073,3536,3185,790,3098,2799,6634,7226,1573,1812
6148: 7553,4076,5056,7939,1147,919,5721,2536,773,7717,740,8001,5701,2303,7157,6779,7952
6149: 1997,2421,5259,4319,3251,5380
6150: 6989,2273,5087,3873,4594,7484
6151: 6800,953,3804,782,4106,2144
6152: 4077,3743,7797,3874,6572,1718,4219,7913,857,5743,5580,3990,1641
6153: 3303,2128,1327,5281,7278,716
6154: 5115,7866,1903,1300,2547,4823,7709,1314,3683,4174,2145,4375
6155: 2559,1328,7584,8107,951,4911
6156: 7033,5061,3727,787,3364,2418,657,470
6157: 5155,5313,4074,5661,1329,823
6158: 5336,2354,2298,3513,7659,1099
6159: 2677,4609,2137,8188,863,3843,3482,6435,1278,7213,3450,2430
6160: 7048,6787,3357,2815,1243,1427
6161: 3696,4510,8122,3415,3465,4990,6205,8096,3428,62,2475,537
6162: 3358,1716,1863,361,5618,1276,3145,668,2105,6059,7172,3582
6163: 1252,6045,6739,3221,2615,6745
6164: 4201,2392,4815,2893,1007,5347,1594,3073,641,5861,2956
6165: 4817,209,3875,3977,8030,5899,2205,7839,4984,171,5670,6599
6166: 6664,130,1296,788,1953,2135,1573,1812,3359,4320,4697,6925,7673,7963,5582
6167: 7118,3938,124,1593,6672,1417
6168: 1164,3126,3395,6668,8018,867,4329,4827,7889,252,4124,7017,2674,6347,2294
6169: 3186,1672,518,5414,8154,6957,4538,5454,2355,7269,2181,4361
6170: 3279,5865,1480,2481,660,1988,1393,373,1537,4226,6488,5553,6030,4004,7961
6171: 5685,3673,621,7594,1110,7422
6172: 3663,7981,4062,2023,7722,2158,475,5724,2359,6705,4390,542
6173: 2024,2811,7741,6300,2281,1833,6309,601,1827,2209,6683,4748,5145
6174: 7134,4636,1234,3360,6493,4629
6175: 5129,161,7074,3876,4356,3642
6176: 3243,719,2719,7477,3764,4790,1045,774,7570,5178,1375,834
6177: 3201,837,7219,4903,3463,4260,3796,305,5539,1275,6727,6584,1985,809
6178: 5658,2779,3867,5955,564,2900
6179: 4886,6303,1861,3802,2959,6,6629,7123,4690,3514,3190,1830
6180: 2318,1724,8104,6936,3361,7274,1350,385,6543,6957,4361,6792,4842
6181: 3518,729,2455,7678,6053,7417,6208,1296,788,1953,4320,1490,6346
6182: 3115,5389,6489,7173,1715
6183: 2232,1116,5124,3929,6682,2052,4534,6946,4949,3232,4873,2665
6184: 5130,898,5797,5114,112,2139,5383,1354,7141,2136,5584
6185: 2546,7856,7902,6126,265,1571
6186: 1351,6855,2323,1873,227,4709,4128,6055,3398,6965,262,3686,8033,4539,5170,7966,3495
6187: 429,2643,2517,1640,7444,1904,7578,4238
6188: 231,767,799,6256,1627,6698,5339,5739,8180,5439,4055,5886
6189: 6253,6376,8146,1624,2618,6999,4187,6966,257,578,3984
6190: 7919,4869,5633,506,3877,3120,4750,6786,7370,1123,7634,7212,3737
6191: 2565,2676,5581,1097,6332,1694
6192: 6942,1138,2690,7845,833,7013,431,232,5021,5502,7027,2961,6101,4904,1528,7493
6193: 4834,709,4522,1241,3001,6565,4291,5020,2895,1789,1820,6196,2741,4374,4524
6194: 4592,3683,2266,5575,4881,7862,5659,3123,4823,7514,6300,2432,1096
6195: 6459,5234,3166,3880,775,3733
6196: 2895,2554,7424,1789,1820,4834,1241,3001,6193,1625,346,987,4189,3604,224,4531
6197: 3638,1460,2918,1497,6983,2632,5055,7244,7493,6751,3159,1211,4997,2179,2385,4501
6198: 3352,5193,1530,1231,5543,4264,4547,3411
6199: 3748,5934,6815,5782,732,4084,4907,4926,7931,3600,6642,1507,1793,8026
6200: 3575,348,4947,1998,6920,1122,6755
6201: 1848,6213,3209,3526
6202: 4432,7218,5527,6675,1650,996,7181,1339,4938,3187,461
6203: 6113,7766,7171,2687,7222,47,4153,1368,7315,2146,7705,608
6204: 3043,292,977,3581,7427,8072,7671,1011,5710,5836,4239,50
6205: 2066,422,4927,3696,3415,3465,6161,4990,19,2025,7872
6206: 3924,1280,92,6503,3000,5498,1502,4614,4897,7292,1389,1736,4944
6207: 505,5053,1055,2615,3959,6739,7601
6208: 8055,5157,7417,8162,3280,1487,4024,1296,788,1953,4697,6925,6181
6209: 4440,3939,7911,7816,7012,6549,1971,933,48,5464,2711,2600
6210: 346,571,3436,6025,2075,4349,4335,6587,1678,987,5426,1625,3604,1041,224,4531
6211: 1289,7617,1404,7616,2573,5608
6212: 5520,5224,3349,1838,132,4093
6213: 1848,6201,3713,6732,3209,1543
6214: 1660,2169,988,7183,7437,2108,7097
6215: 6011,3989,182,1849,3951,6107
6216: 3188,348,5119,4947,2054,1852,4288
6217: 2387,101,5470,199,8127,5360,2156,1384,4958,3024,2657,3547,1226
6218: 2780,1077,2133,4321,7644,6252
6219: 1218,7789,3965,303,3020,6623
6220: 166,1853,5842,3701,6027,864
6221: 3021,2335,331,2827,1626,1152,1946,7742,4317,4519,5194,1403,7646,3487,2647,5027
6222: 7823,3515,4764,286,1944,1169,4094,17,1835,6240,5383
6223: 7062,642,3177,751,3113,7087,4423,1229,3390,3282,1380,5820
6224: 1777,4097,5632,2129,4142,7101,4044,1409,526,1305,426,261,3562,4846,4583,5375
6225: 4033,6691,378,1271,7529,1737,354,5692
6226: 1954,5703,8045,1292,2883,7870,3399,3919,1591,4038,7480,324,4446
6227: 3283,5439,1042,6242,5574,5734,4250,231,767,2274,4460,7910,3698,3559
6228: 1330,5058,2334,5146,7454,2475,537,4691,1434,6766,4336
6229: 2372,6776,6015,2839,4429,4727,2616,651,3475,1935,4342,1185,999,7709,2684
6230: 2210,5191,7207
6231: 3603,1801,2849,4822,3061,6351
6232: 3173,6612,1541,7215,179,7957,733,5731,7109,7944,1730,3750
6233: 6932,7985,5557,3184,4199,3878,7001
6234: 1739,2183,3100,5696,831,6520,5065,7552,383,2067,6392,7325
6235: 266,1578,7349,7001,3349,5557,132
6236: 6091,358,6836,730,3908,8060
6237: 6328,1992,3985,5946,4078,3284,4472,6763,4376,2865,4918
6238: 6789,31,7347,462,1282,777,7314,5502,6410,5934,4007,7931,3600,3165
6239: 2826,7624,511,2617,6077,1107,1327
6240: 17,1066,5105,5334,1835,2669,5383,7823,6222,1169,4094
6241: 2809,167,3029,7445,6631,3728,827
6242: 7564,3283,5439,1042,2781,1867,724,5574,4055,6227,4250,231,2274,4460
6243: 500,7415,6344,5210,3287,6254,6988,1024,418,3285,6656
6244: 2556,6024,2076,379,5885,811,3409,854,2211,1398,3438,4370,4552,4742
6245: 7354,2173,122,1405,5212,3169,3888,7120,7778,6949,1685,778,2631,1331,5860
6246: 6114,4482,3456,7610,2861,4487,308,1109,5860,4987,6016,1331,3516
6247: 2176,5790,400,1332,7346,7134
6248: 1294,1531,2559,2722,7584,4736
6249: 1739,2183,7552,383,7325,3968,581,3654,3059,3461,687
6250: 7472,2005,7143,1529,6119,1707,3007,7086,2996,5134,4163,2291
6251: 3897,1990,1741,2121,4243,3197,4050,7193,420,1016,6472,6861
6252: 2780,6218,4321,891,6456,2782,3644
6253: 6376,8146,1624,2618,6189,6999,673,684,4448,3690,3984,7455
6254: 39,500,5210,6243,1674,7674,7873,1024,2619
6255: 6789,31,3141,1430,8049,3765,8145,3003,5695,6585,13,3203,7395,1148
6256: 6959,8167,2810,6188,767,2577,799,7072,1797,1627,5739,7111
6257: 4132,2374,5103,3793,4993,7784,446,3801,1253,4357,3135,5620
6258: 4248,6083,1854,4005,3430,5035,8137,4333,3101,2594,1850,6619
6259: 2027,2352,971,2258,3738,4901,407,5229,3159,2620,1211,7614,4167,4919,4130,4159
6260: 2091,3454,5445,5331,5535,1240,3410,153
6261: 4550,4985,1304,5227,3955,381
6262: 3358,7046,4675,1716,1033,3980,1379,2758,7832,7172,6919,3582,2736
6263: 367,2325,7034,3244,4035,4708,516,6910,8117,6315,6283,1819,2456,4660
6264: 1170,5408,4046,2212,3858,7621
6265: 3142,5450,749,4633,1312,5609
6266: 3563,669,6044,5920,6819,2867,7348,2850
6267: 817,7834,4797,6014,2588,1524,488,5340,4619,4013,5361,3643,7254,695,838,6345
6268: 6566,6068,2399,7699,1295,2353,989,4950,1193,2292
6269: 6563,216,1701,2032,6679,3983,8111,8134,1302,4532,3025,6782,2039,6329,6133,5764
6270: 3491,2704,1291,2899,4503,1937
6271: 4071,1728,3217,7040,2969,7320,41,558,7622,7588,6680,2403
6272: 4068,2431,5649,3191,5016,1795,1012,7476,3052,1609
6273: 5205,3111,4596,2907,7905,7706,5788,1532,3851,5752,3355,573,2921
6274: 800,288,3160,5407,1161,6804,1246,3376,1125,6735,1014,3797,2987
6275: 8106,4479,7416,853,34,325,7209,2056,4051,1628,2097,7117
6276: 6738,1801,7234,8023,734,6842
6277: 6923,1550,18,2522,7825,3189,4484,8083,5646,8039,6295,1975
6278: 5544,2767,1335,1987,2507,6726,4502,1533,4734,282
6279: 1687,5914,5106,5400,6835,829,3366,401,7401
6280: 5071,6349,2215,1599,267,4684
6281: 5929,5876,3440,6744,380,5594
6282: 200,3689,7958,5773,394,8143,2163,7080,7280,164,7196,8029
6283: 3729,2285,1157,1819,2456,5935,367,6263,7034,5640,658,1446,5517,6974
6284: 701,2720,6434,5250,1876,7344,2728,3425,3655
6285: 3614,1098,1994,6796,3849,1695,2122,4467,7785,270,7534,5837,906,4657
6286: 6955,2460,1790,4777,6053,2180,7917,3462,279,435,3889,4454,6410,2985
6287: 1687,2085,6928,1713,6764,5866,3317,2439
6288: 6888,395,3015,7201,3167,1013
6289: 6550,503,6503,5753,3000,5426,2571,7885,4008,3651,2227,1041,7892,5728
6290: 7354,6883,2173,362,1405,3888,7120,7375,579,2323,6500,8124,4128,4080
6291: 7849,4458,3085,2306,2925,3557,7220,5062,1895,2661,4676,7794,7727
6292: 5720,8053,7188,2213,5936,3401,239,1887,4831,7162,3601,1481
6293: 5195,6929,7713,3705,1035,6504,5897,5486,3530,2026
6294: 7789,1505,6725,3469,3143,5037
6295: 4095,6435,1278,3450,369,1975,18,6277,4484,5646,2137,3482
6296: 4849,1565,338,4715,6708,6970,5325,5964,3949
6297: 4208,6841,4812,1791,1696,5346,478,7878,6805,4067,6005,219
6298: 7243,2307,123,1619,7787,6718,4115,7623,6532,3233,6588,4217
6299: 976,5610,2230,4221,7186,5048,192,1843
6300: 7514,2024,2811,7741,2432,1096,7685,6173,6309,601,1827,6194,3123
6301: 4109,2873,6098,6304,2521,1936
6302: 3034,1506,725,5555,5705,3712,7056,3286,330,4417
6303: 3802,6179,6629,6116,4877,88,7123,5468,3514,3190,3573,1830
6304: 1124,4109,2873,6301,1654,3879,3835
6305: 3883,3041,7118,5123,7352,670
6306: 3823,4891,7708,7605,3406,3517,3412,3058,2753,2446,6097,577,6521,899
6307: 865,6374,1978,4951,5008,4769,5458,4241,7853,1225,3840,2947,7456,249
6308: 2836,7730,6478,7881,233,3212,912,7641,7398,3163,7131,1799,781
6309: 2811,7741,6300,2432,6173,1833,601,2209,494,7920,2949,5145,871
6310: 3107,5988,2999,5185,2784,1631,6990,7464,4943,7405,5171,4517
6311: 5853,5666,2065,7872,7959,5093,19,4096,665,4723
6312: 3341,5665,4887,3966,4104,1862,8017,585,7204,7481,2308,7752
6313: 2002,4625,50,7935,4009,5228,3236,3043,6791
6314: 3508,653,3596,2493,5983,3147,5244,5420,3798
6315: 869,2876,1157,1819,2456,6409,4303,4660,3940,3570,2790,644,6263,8117
6316: 6538,2978,7755,3144,4699,1374,750,3102,2607,807,1037,487
6317: 7849,4458,2925,5675,444,2442,1178,3681,2661,5726,1984,1778,6481
6318: 3074,102,6333,7323,3362,1279,2170,4345,7008,920,8079,591,6145,7942,2235,6939
6319: 615,1855,3256,4400,7445,2785,5069
6320: 7819,1254,7123,1321,5600,2686,5100,5468,7829,3648,6,6385
6321: 1030,7793,7379,3587,2134,5556
6322: 6976,2132,4388,6355,2984,1847,7548,443,1131,5388,4879,2689,990,2954,7803,3715
6323: 4505,2214,8181
6324: 2937,671,6144,3585,7258,423
6325: 1682,1717,1163
6326: 6556,3011,6841,4812,2797,1791,3009,1346,1990,6805,4067,420
6327: 7821,6331,1313,3656,7233,4092,1938,2467,2159,6560,16,460,1762,4843
6328: 3214,6237,3985,3284,416,2034,2865,6775,1284,7363,5318
6329: 1701,2032,6679,8111,8134,3025,6782,2039,6269,2202,672,4092,6133,5764
6330: 7262,2366,1676,6389,4477,2786,4737
6331: 7821,1313,6327,7469,4315,2623,3656,7233,5009,4168,174,2467,2159,6560
6332: 6191,2676,2787,6423,1694,4933
6333: 3334,3926,1561,3074,1085,6318,780,102,8130,4491,4829,7323,1279,6145,3872,2235
6334: 866,1970,861,4822,6004,2902
6335: 201,4091,1290,5271,2880,3620
6336: 7779,2384,1117,7583,3520,6444,8165,570,7020,5737,2909,7751,4289,2976
6337: 3344,6562,4680,1269,8175,532,7409
6338: 3730,283,8170,2843,964,1244,4233,3987,65,8110
6339: 4690,3190,5606,6772,6721,6536,6099,1255,119,3573,944,2740
6340: 180,7921,1207,6471,2395,2379,7569
6341: 954,356,5882,2428,2161,1829,4209,4799,3834,7543,5898,908,3630
6342: 3699,5887,2123,1920,7317,4053,7050,6567,1014,1540,7336,5633,2987
6343: 5482,1256,7304,5693,2914,4597,3241,3333,531,1613,801,5055,131,5551,6547
6344: 6780,7415,5210,6243,3287,1674,7674,3803,2526,430,673
6345: 3546,3799,7254,7293,1058,405,695,838,6646,8100,6014,6267,488,3643
6346: 1490,1307,3543,3099,8055,7417,1296,1953,3518,729,6181,4777,6053
6347: 252,4124,7017,5956,2674,1222,1893,5524,2294,867,4329,4827,7889,6168
6348: 1700,5997,6916,1009,5321,7723
6349: 2989,5071,6280,2215,7041,3605
6350: 1636,707,5833,2852,2203,5175,7989,1208,2642,4377,4560,2410,4787,4932,8185
6351: 2902,2216,4822,6231,2849
6352: 3584,1236,7192,3880,3733,5094
6353: 1779,4556,3414,4663,7555,5817,4306,4280,6677,2309,6117
6354: 5898,1557,908,5624,1437,3731,3383,2886,4820,7513,3630,4176,7631,1162,6611,4209
6355: 1831,6976,2132,7307,6322,722,1131,4879,2689,3192,2310,1320,6541
6356: 7309,3363,1204,7927,5011,2041
6357: 2864,6745,5242,776
6358: 382,2788,7670,5137,6023,2106,3228,5564,6461,6856,647,5612
6359: 726,359,5627,4603,4279,2388
6360: 1031,7661,6090,2219,6909,1194,3387,6887,474,6510,6950,5116
6361: 1825,4469,8095,6905,3230,2997,2712,181
6362: 382,2788,3817,1911,5373,5254,1589,4156,1467,4828,894,3327
6363: 6028,4300,3271,2162,1392,609
6364: 3427,5967,5783,2904,1874,2980
6365: 7965,2974,3800,7762,295,5883,210,2833,2226,5736,6697,1925
6366: 6924,5881,3352,5543,2247,2038,4242
6367: 2438,1429,499,1534,7232,62,4510,4444,5822,1478,5864,2803
6368: 2544,7174,296,6825,1281,3365,2241,2201,1182,5694,275,5718
6369: 7090,3021,7681,331,1946,7742,8069,4519,7152,5194,60,1813,3453,5126,1792,5844,7096
6370: 2328,3672,7301,1122,319,1093
6371: 4937,2522,611,3189,7265,2401,6462,561,8138,3764,4600,774,7570
6372: 2587,3746,1679,2217,7916,4572
6373: 3693,6070,2329,3657,714,2141,7775,4778,6439,2022,3523,8094
6374: 865,1978,4266,1763,4951,5008,6307,4769,3018,5125,7057,2713,4401,3840,4010
6375: 1544,6724,6866,6816,7221,1646,6791,3075,4239,2499,2002
6376: 6253,6509,1624,6189,1504,6999,673,1000,4187,6966,3027,3803
6377: 1609,5147,6719,3269,5013,4068,3191,7476,3052,7974,419
6378: 1464,6835,3299,5057,829,7957,3750,1536,3366,401,8191
6379: 1814,655,4127,3588,2249,545,5488,4880,5629
6380: 2662,2325,7764,3244,1257,111,5833,7726,4811,5951,8185,769,3613,1657
6381: 1145,7986,3077,648,2853,6403
6382: 3545,5618,1276,1408,4263,6039,3145,6578,2858,3049,668,2105
6383: 4566,8135,2998,363,2457,1898
6384: 1289,3064,4325,991,6900
6385: 4151,2710,202,6320,5100,7829,3856,5032,3648,1889,1270
6386: 2240,2706,5639,6453,735,4744,5065,2111
6387: 1245,3519,6406,2311,7830,7028,1727,2671,8089,915
6388: 464,6817,5648,7582,876,2926,1015,6485,254,6405
6389: 3891,2366,1676,6330,4737,5221,3589,862,6115
6390: 5423,1227,6476,2771,5851,2090,203,2915,3660,1425,2202,5764,7882,5201,6679
6391: 4610,6614,868,7806,4108,5245
6392: 3684,2884,7325,4019,6795,7914,552,7448,6234,5696,383
6393: 530,6499,4332,1501,3054,377
6394: 2934,4339,566,6124,5698,2696,1047,3183
6395: 1666,5950,1875,4032,221,7023,366,4362,3487,5801,5027,4363,4835,2335,4317,3611,1812
6396: 5760,5392,43,674,6648,2537,3079,6469,6536,6099,944,2959,1761,7731
6397: 7556,4034,1032,4351,747,4164
6398: 5324,4886,1889,1270,4234,5653,6629,3782,6851,7473,3991,4855
6399: 2871,3076,1110,5907,504,7422
6400: 5403,4486,1766,5054,2927,1686
6401: 538,3937,1710,5958,7031,4979,5029,3524,360,5628,1052,3345
6402: 2487,3978,7795,8044,2073,4237,89,4805,5802,2027,971,3738,5229,2620,1211,2179
6403: 5821,3077,6381,648,2208,482,3277
6404: 2989,3795,2028,1010,5504,3566
6405: 4896,1456,464,6388,876,1015,6485,3207,3726
6406: 5542,1245,3519,2311,6387,8003,2671
6407: 4085,5725,1052,14,2928,7397,6416,3288,7759,6451,4979,1359
6408: 1891,2854,5003,4258,6085,385,6543,3161,2437,5735,3361
6409: 6315,8040,869,1157,1819,4303,4582,5800,58,843,4895,7586,3940,3570,2790,2071
6410: 3012,777,2280,7314,6853,4454,2985,6286,7347,6238,3462,462,279,8145,1282
6411: 3405,1690,2888,5998,2534,6863,3658,8070
6412: 3142,1915,3078,2929,5500,1754
6413: 3268,1630,7435,3866,5475,5961,1499,1223
6414: 940,4609,7978,6753,3843,1880,2842,4677,5353,3429,4641,1968
6415: 1732,697,211,5672,2528,6684
6416: 4085,5725,1052,7397,3957,3288,6407,7759,5944
6417: 4372,1154,5387,2745,7264,3065,5154,3192,309,5503,4659,6959,1831
6418: 171,7940,4515,1158,3047,3855,2165,2341,4608,1600,4011,6667,4984
6419: 1535,2322,2361,886,6844,514,6898,5621,5268
6420: 7525,7946,3917,3289,1957,4064
6421: 2380,1603,4158,3336,7478,630
6422: 2662,2325,4035,4708,6910,7341,8088,1657,6796,1695,4467,33,2320,808,2506
6423: 2676,2787,6332,2149,5047,214
6424: 6136,177,5635,2422,1271,1525,7529,7737,6691
6425: 7930,6083,1581,94,4048,8037,7158,3430,3549,5824,3792,4883
6426: 5686,7066,44,2789,3608,963
6427: 1798,1219,4047,3941,4988,152
6428: 7586,5953,1584,2367,2790,2071,5578,455,1683,3981,843,3215,7439,4895,5762,7356,6573
6429: 5371,3624,1406,5943,7964,1774,189,7967,3340,7052,5918,6531,3260,3368
6430: 3590,4914,7909,1937,1196,6639
6431: 2472,1016,1284,989,3210,4473,4243,6566,6068,7363,2353,2292
6432: 8024,2669,528,3176,228,7141,3396,4358,6455,5334,3146
6433: 384,3579,7332,523,2245
6434: 701,2720,6284,7509,5250,3319,1876,4598
6435: 6877,1278,7213,6295,3450,3105,369,2677,6159,863,3482,5645
6436: 675,810,2635,2171,7842,2170,4345,4514,4885,5992,6876,421,1616,5841,2500,3093
6437: 5064,806,1112,2008,5171,2163,3813,4517,681,3112,1714,7196
6438: 7121,7876,7270,676,8184,322,3114,131,3860,7971,4670,5509,5482,4226,7304,2914
6439: 3693,5514,1979,6070,6831,6373,714,2141,7775,4778,3066,5867
6440: 3164,3418,354,3732,5692,5442,616,7464,4943,4033
6441: 2782,3911,870,1095,7462,6456
6442: 1518,5645,1258,7281,6714,6047,4015,5755,7903,4729,2416,4976
6443: 736,3118,1458,7225,2182,3890,1948,7296,5577,2858,6576,8113
6444: 107,5355,2449,7583,3520,1442,3312,8165,5541,2540,5034,7779,2384,1117,6336
6445: 5840,5462,412
6446: 3942,2655,2070,4028,1371,1737,5635,7529
6447: 2791,3245,450,4847,5981,4511
6448: 3281,3819,7748,177,8,2682
6449: 1092,5226,5614,3503,3318,3606,4185,755,350,6649,1721
6450: 6642,6942,3659,5294,7340,3170,1138,2690,7845,1507,833,7013,1793,4926,156,6473
6451: 3937,1710,4979,5566,5725,2928,6407,1359,8053,2705,3193,1397
6452: 7551,2897,7554,3986,1951,8163
6453: 2067,2706,5639,862,7448,6386,4744,3100,5065
6454: 983,3673,2234,621,479,7402
6455: 5105,2702,5334,5452,3146,2471,7148,6813,602,4358,6432,3396
6456: 2780,3591,6252,8092,2782,870,6441
6457: 5542,3147,8003,3953,414,4569,922
6458: 1803,5288,577,158,7351,5079,6521,3367,1983,2299,3932,6097
6459: 960,5234,6195,3733,986,6080
6460: 5913,1844,2786,2930,7223,2347
6461: 3228,5564,1651,7250,647,6358,3211,7520,285,6593,5612
6462: 2651,4769,5125,3308,3307,8031,4682,157,561,4600,6371,7265,2401
6463: 3010,6827,4852,5081,1500,1586
6464: 1230,4021,4528,6838,143,7919,7336,521,2707,4546,3067,483,4770
6465: 1943,4325,1410,2189
6466: 2130,267,2381
6467: 879,7790,1877,6702,7249
6468: 6595,3943,1698,410,1729,4754,1264
6469: 4690,6536,6099,119,944,2959,343,5760,43,2537,6396,3079
6470: 8000,7667,1842,1536,6638,3338,3772,5877,2903,8191,7467,3903
6471: 180,4882,6340,1207,3574,7498,4340
6472: 1016,989,284,3210,6861,4473,3009,1990,1741,4243,4050,6251
6473: 156,5835,5754,2377,8052,1863,361,7126,3328,3659,5294,3170,1507,6450
6474: 5180,1118,3640,7925,7693,2234,7402
6475: 3806,773,3525,3202,1343,7717,6865,8001,4530,5701,2303,6897,7157,3489,415,5954,4272
6476: 5423,6390,4284,1227,2771,984,6996,568,5851,2090,203,3660,2202,5949,5201
6477: 1717,5634,2603,4703,5141,3194
6478: 3762,7730,6308,233,3212,912,7641,8109,4058,7398,3446
6479: 2758,3195,7832,408,4669,8121,4529,4589,6707,3763,7393,1542,5662,3122
6480: 7688,2312,934,2264,2433,4493,5671,1620,1004,2752,821,1209,2205,2515,4455
6481: 5451,547,2983,7337,4379,1778,4178,1178,6317,7849,2792,5706,5675,444
6482: 553,1493,7166,2855,7497,2692,7400,4431,6525,7077,390
6483: 3758,5811,5261,2953,830,8101
6484: 5486,3901,3821,2231,3530,2845,402,1667,7429,7973,4275,945
6485: 4795,2926,1015,1939,7772,6388,6405,7055,6137,3726
6486: 5894,5409,212,4558,2571,2812,7885,6687,3174,2207,571,1678,5426,6550
6487: 4991,1220,1054,7958,394,3295,6698,7732,5667,2425,818,4955
6488: 373,1537,4226,5553,6030,2914,4597,3241,3333,4004,5865,1480,1988,6170,1393
6489: 384,2793,3579,6182,5389,1715
6490: 3622,7364,7920,8093,3019,8050,4253,871,1205,4416,2344,372
6491: 2725,5045,3343,7680,2794,5335,4713,3724,6050,4309,1632,4759
6492: 3393,325,4021,5078,1703,2514,143,7949,1979,4012,853,4485
6493: 7134,6174,3360,2176,7322,1017
6494: 5002,7996,755,3905,6649,1721,2931,3318
6495: 2732,4495,3330,1750,2218,5358,3296,6747,3129,2638,5056,2504,1147,3704,4545
6496: 5890,498,3206,7870,5529,3408,103,1583,8125,7564,1867,2313,1391,2932,6535
6497: 693,7783,4917,4959,7247,3213
6498: 1440,2462,6894,6797,7531,2856,461,3446,3173,7993,217,912
6499: 6393,530,3513,4936,2298,377
6500: 579,1351,2323,8124,2478,4128,6055,4080,5825,943,6290,362,1405,7451,3888,7375
6501: 1926,8057,4623,7360,2482,4085,3957,5944,3892
6502: 5667,5759,4642,3107,5988,3922,3262,3112,1567,2999,6990,5171
6503: 3924,3140,1280,503,92,5942,5753,3000,6759,5498,1502,6206,4897,6289
6504: 7690,2884,1035,1268,441,4019,1364,6929,7713,6293
6505: 4421,8119,2164,594,3913,2045,4643,4295,413,7017,5524,3110
6506: 2764,3664,434,6690,1071,7880,7686,4360,592,2114,1718,5743,7544
6507: 686,316,60,3063,3632,7482,3350,7065,5741,5299,5344,4269,1195,2345,4630,2148
6508: 1940,5382,5795,7590,5291,1469,4700,2411,3348,814,7433,1285,7384,5051
6509: 430,6376,1624,673,1000,4187,6054,3027,7474,3803
6510: 1194,4060,7286,6887,474,3302,6001,6950,1031,2219,6360,4482,728
6511: 4797,6063,3539,4013,5359,411,6798,4963,198,2751,3342,4249,7669,2852,5175,2420
6512: 4865,5172,349,3592,7287
6513: 7026,6016,314,7167,3516,2532,4635,1871,3823,8097,3406,2029,6947
6514: 6968,1883,4158,7478,685,737
6515: 6634,543,3148,447,8162,2906,4652,3280,5088,1487,4462,3536,779,3185,2799
6516: 3290,1394,5602,5436,893,2040,1552,6945
6517: 7694,3059,6072,340,3370,6610,4191,4369,1643,1018,2905
6518: 3081,7523,7326,2948,2916,4661,712,2718,7461
6519: 981,7883,7643,91,1699,4282
6520: 2183,7912,6234,1604,4744,3100,831,5065,7552,1757
6521: 6458,2160,577,158,7351,5079,1983,118,6306,7708,3517,2753,6097
6522: 3291,7754,3791,1108,6094,4244
6523: 5020,2470,335,7113,1195,2731,7014,2841,872,4137,4929,4500,6563,1602,1302,4141
6524: 2314,8007,3242,4409,4739,1155
6525: 3432,7210,1738,3504,1150,7077,1800,7540,390,4431,6482,1493
6526: 204,957,1427,2267,5497,1243
6527: 7735,3977,8030,1984,5899,1209,992,5451,86,4054,4379,3870,7799
6528: 1259,6073,3433,2450,4462,779,2242,7907,771,4952,7206,5428,1601,7679,4177
6529: 6620,4006,4135,304,3028,6135
6530: 3762,7730,7641,8109,4432,4867,1339,6894,5309,3446,2972,1538
6531: 7052,3471,5918,3069,5096,3260,8062,3368,3624,6429,1406,5943,1774
6532: 7623,4688,1019,7899,6718,3375,7802,4115,3233,6298,2307,7787
6533: 7044,7026,4987,314,1783,7167,2795,2527,2532,4635,4438,196,5561,5945,1857
6534: 3369,688,3918,5200,2118,4833
6535: 2274,1217,2313,5443,300,1933,5089,1391,2932,6496,5890,8056,5529
6536: 6339,4548,6469,6099,119,944,2740,6728,343,43,1539,6396
6537: 3321,1665,6984,2814,7022,5926,559
6538: 993,6316,3144,1374,2607,1483,7838,4166,1037,4419,2251,7572
6539: 5711,8172,603,6569,2502,5385,2857,3861,3913,860,5834,2175
6540: 7770,7791,7473,3381,5384,3991,1121,3963,2507,5908,404
6541: 698,5080,1344,1930,5024,2310,1320,7913,5580,6355,7307,5388,2689
6542: 6589,3224,3250,399,1503,5869,7327,108,5342,5767,1614,7319
6543: 2854,5003,1350,385,6408,3161,2437,8104,3361,6180,1672
6544: 4942,3167,395,1719,2723,7639
6545: 5337,713,386,2511,3311,3013,5287,962,5302,4143,2566,6029
6546: 985,7625,1345,4091,1290,6066
6547: 5754,2377,8052,3328,6942,5294,3170,7845,531,801,5551,1256,2777,5693,6343
6548: 4553,5270,1896,1418,7036,236,2935,588,7533,8082,3434,4344,3910,6635
6549: 4860,7911,6209,7816,1971,48,757,5793,2933,5096,610,2288,5491,2196
6550: 503,3000,1502,6289,4349,1678,5426,5409,2571,7885,6486,4008,1041,7892,5728
6551: 5789,2457,6666,3257,1832,1782
6552: 1411,472,6641,717,5418,4036
6553: 3380,5714,5868,5900,1489,4976,4553,6893,1396,1323,3952,7954,2796
6554: 2123,917,5110,6728,4053,5269,3030,343,3578,6648,1539,1188
6555: 682,873,7810,4437,1747,3477,5406,3671,5597,7260,1355,2305
6556: 2185,3011,6841,6559,6326,4812,2797,899,7042,6774,1346,420
6557: 2817,7542,3394,1448,4338,5394,7997,1775,4171,2685,2097,7117
6558: 703,1156,5963,948,459,4781,4461,2581,3039,5878,1608
6559: 6556,3011,6105,6841,1203,2797,899,2160,3517,7042,5459,1346
6560: 16,460,1762,2093,6040,5758,4843,2467,4079,4613,2159,7821,6331,1313,6327
6561: 3976,2830,2729,7723,1700,4968
6562: 6337,1269,532,7409,1401,640,6017
6563: 1701,1602,3983,8111,8134,1302,4532,6782,2039,6269,709,5020,2470,335,6523,2841
6564: 3081,1501,7326,8102,2798,1428
6565: 4834,3476,709,8075,4522,1241,2825,3001,7504,6035,6193,5350,4291,2039,4374
6566: 6268,6068,7699,7363,5318,1295,783,2353,6431,2292
6567: 1920,7317,6342,4053,6804,1125,1014,3797,1540,5633,2987,3067,4750
6568: 3501,259,5884,205,7833,3259,7073
6569: 7496,3531,6539,5711,4492,8172,603,1664,700,1106,3478,5834
6570: 1324,2885,7025,2479,6111,6041,1414,4971,4359,6013
6571: 3744,6602,1315,1129,4160,149,7857,5506,3132,6104,458,4998,3334,7486,206,5030
6572: 6152,1718,4219,6615,3990,1702,1641,6802,8161,5466,3862,8128,5663
6573: 1683,591,3981,843,3215,7439,5762,7356,6939,4774,1523,1584,2367,6428,455
6574: 1905,490,2608,207,5829,1370,4102,6670,5457,2226,2599,6697
6575: 4678,409,3149,2963,4626,274
6576: 2858,66,3801,2641,3049,7608,756,8113,6443,4993,1458,7225
6577: 850,3353,5982,448,7069,4307,2616,1416,5289,1564,7091,3150,651
6578: 7064,2858,66,3049,7608,668,8113,6382,1276,7122,1408,6039
6579: 4872,3002,2408,4441,2652,1338,5188
6580: 7865,7105,6979,4231,120,3710,370,738,5677,2259,924,4174
6581: 1424,5707,2265,874,3116,7277,6655,4435,7392,1358,8153,2197,2068,7182
6582: 439,4758,5000,3783,5715,805,4161,2220,1260,7712,5285,2504,5751,6917
6583: 3325,1466,3435,5181,6096,2239,1114,7664,328,1073,7636
6584: 305,5539,4767,5433,1985,1056,3528,159,6177,837,3463,7943,7169,5120
6585: 7917,3141,7347,6255,3462,279,3765,8145,3003,13,4083,628,2180,7261,7700,5925
6586: 81,2271,3090,1858,4426,5133,5924,268,598,883,6784,4449
6587: 3264,346,3679,571,7129,3436,6025,2075,4349,4335,1678,987,6009,6210,3604
6588: 3233,208,1076,8128,1574,3424,3914,4217,7243,6298,3665,6000,1619
6589: 3250,1503,5869,2019,7327,6542,108,5082,2813,3437,5767,8169
6590: 3004,1521,3305,7734,4133,4563
6591: 1020,7275,3484,4618,4227,3382,8192,1945,7031,7580,85,4378
6592: 2556,5885,5722,7177,1398,3438,4430,5732,1618,4177,4462,543,447,7697,5088
6593: 3211,1143,2360,1648,7520,3831,3005,285,7063,6461,7965,5612
6594: 5129,5076,1770,3222,6060,3082
6595: 1698,7498,410,6468,3026,2124,5142
6596: 2330,5881,3151,1104,5193,1530,5863,4668
6597: 3734,885,5615,2963,1177,7178
6598: 2091,195,5445,1513,7092,7081,1021
6599: 5670,1094,4281,3681,7647,171,209,3875,3977,1984,5899,6165,7839
6600: 5281,3152,716,5084,501,4197
6601: 897,2126,533,5846
6602: 7176,3744,556,1315,6571,2177,1129,3153,3334,780,7486,4222,206,5030
6603: 2737,5756,7396,2468,5917,708,4520,4322,7757,3825,5163,2030,1906
6604: 1992,8160,7155,5855,4954,6832,994,5522,451
6605: 3495,3548,3707,1446,5284,3124,875,5690,4188,1658,3023,6855,2323,227,8124,4709
6606: 5611,3820,5857,527,3154,5990
6607: 3735,7088,287,5643,3567,4350
6608: 4533,1648,7520,3005,285,7063,3774,2063,2775,5568,3505,3155
6609: 426,3196,7345,979,5803,2035,5768,2555,6615,6802,5466,8128,3424,5663,4228
6610: 7524,3059,6072,3461,2142,6517,2889,3370,2634,1367,4191,4229
6611: 1068,5496,2060,5156,5453,4209,7331,5898,6354,1557,908,5624,2886,3630,4176
6612: 6232,2822,1541,7215,1464,5057,7957,733,7109,3750,1536,7467
6613: 7436,5282,2286,2934,1062,4339,5870,5603
6614: 6391,748,4610,3050,1119,7806
6615: 6572,4219,7913,3990,1641,6802,5466,3862,5663,4228,5024,2035,6609
6616: 1520,4992,4392,391,4395,2098,7996,3852,7239
6617: 2458,4146,2116,4678,7245,274
6618: 2200,6733,2494,1180,5203,2668
6619: 8137,103,4333,3101,7844,5138,1850,2186,4248,4005,6258,6645
6620: 1569,4006,3089,6529,4135
6621: 6019,3500,2510,5550,2300,3736
6622: 7991,7703,3626,1456,1261,4802,3749,876
6623: 7789,303,6219,3371,1505,3969
6624: 4196,3944,1796,2490,7338,7032,7333,436,1040,7597,1134,4593,5262,5327,2412
6625: 2500,7369,2113,1596,3093,8142,136,1941,7591,4180,8054,4509,3916,3042
6626: 3634,4568,3027,3488,4425,7000,3324,1504,1000,4187
6627: 2613,2057,604,7053,4131,3053,4046,7114
6628: 4957,2942,7251,2099,855,5144,59,8061,6108,5064,2614,681
6629: 5324,4886,6303,1861,1889,3802,6398,6179,6,5468,3514
6630: 4861,5678,1652,4232,3128,3216,7263,7915
6631: 6241,167,3029,7445,6694,2785
6632: 3055,4982,1247,5826,2417,534,6818,1314,80,5518,6650,884,7866
6633: 7992,7075,1570,2875,3902,7083,7822,1463,3292
6634: 6515,8162,2906,3280,1487,3536,779,3185,3098,2799,4032,6147,4024,7226,1573,6925
6635: 4124,8082,3434,4344,2674,1222,1893,4277,5524,6548,2935,7533,413
6636: 3837,954,5015,8038,2428,510,5589,2161,7684,3208,3274,42,5977
6637: 4825,3954,8021,5190,925,302,5117
6638: 8000,3338,6470,2304,234,2275,5779,4406,1229,3903,7918
6639: 3967,7909,1196,6430,6676,4271
6640: 7642,1125,3030,5348,3887,2386,652,4548,1255,119,2740,6728,7050
6641: 8006,717,6552,3753,1684,4036
6642: 3659,5294,7340,2690,7845,1507,833,3165,6450,1793,6199,6815,4926,7931,5939,156
6643: 5893,4667,484,1878,1136,7836
6644: 4581,4334,337,1485,995,2043
6645: 498,5703,3206,8045,2436,2186,103,3101,7844,6619,1022,8084
6646: 281,2678,3799,7418,7254,613,1058,405,2574,7331,6345,791,4176,7631
6647: 4913,7380,2438,52,3102,7980,1534,6720,807,4037,5775,5586
6648: 343,5760,5392,3578,43,674,4270,1539,2061,1188,6396,6554
6649: 5121,3852,3905,350,1721,8047,6494,3421,6449
6650: 4459,4342,884,7866,1300,1185,80,7809,2316,2100,5095,6632,534,6818
6651: 3959,7601,1885,3474,3103,100,2953
6652: 7190,2178,1347,3954,925,6742,7660
6653: 2189,3586,4023,3965,8063,6921
6654: 40,1516,3674,1947
6655: 895,5993,535,1249,1069,4435,3722,5570,8153,3697,7182,2265,6581,3116,4912
6656: 418,3285,1432,2769,1007,1431,500,6243,3287,6988,2525
6657: 1653,2451,2051,5431,5814,4595,4212,9,1023,1753,6681,1639,7980
6658: 4896,3006,4002,2414,3207,4644,5906
6659: 634,2580,5815,7805,2800,1100,666,8024,228,5987,4922,5677
6660: 6986,4366,1120,2697,7127,3040,3752,3564,5772,3755,5050
6661: 7306,3199,3372,4543,1864,8140,3844,8005,6793,1336
6662: 3565,2609,7343,4905,5231,7720,425,175,2223,2887,5237,950,1144,4540
6663: 1777,809,5632,2129,7333,7101,5952,4044,3119,3156,526,5296,1040,4260
6664: 1296,788,2135,3846,3359,4320,6166,5582,7855,729,624,2455,7678,7568,2031,4105
6665: 8159,2394,6084,7873,1663,1024,2619,500,3510
6666: 5381,363,2561,2457,3171,6551,3257,5548
6667: 5832,7940,1158,3855,6418,2165,4608,1600,4011,25,5371,3340,3815,3580,7505
6668: 4722,3126,3395,6110,867,4329,7889,6168,1995,21,2101,4377,2369,4787,4246
6669: 3624,7964,792,4910,3293,4741,5004,189,6069,1318,3687,1433,7968
6670: 1143,2360,3831,3005,7965,5883,210,207,6574,5829,2226,6697
6671: 5213,1486,6899,2992,5630,2391,3315,2859,5562,5082,7285,8169
6672: 7796,2055,1593,5235,6167,124
6673: 7151,7841,877,3789,7191,1947
6674: 191,5712,4014,6948,4710,1725
6675: 2111,3172,4251,7218,5527,1650,996,6202,2474,3907,3187
6676: 2261,4271,7656,739,1196,6639
6677: 4280,3032,2309,7006,6117,7891,2143,5222,2860,3246,4556,6353
6678: 3186,5414,4538,5454,7269,7061,3490,7149,904,7528,2315
6679: 216,2032,6782,6269,6329,6390,2771,203,2915,2202,672,5764,522,7882,5201,7358
6680: 6904,1265,1548,2250,2403,7474,558,3217,6271,7565
6681: 3235,3850,4352,4537,970,4854,2451,6657,5814,4212,9,4120,1639
6682: 2232,5489,2094,5124,3929,6183,2052,4949,2699,2665,974,5437,2013
6683: 6173,1833,2209,2156,896,4748,144,2949,5145,5813,1322,101
6684: 3008,1568,6415,697,5672,6758
6685: 3294,4849,4576,1455,1565,7955,6867,784
6686: 5783,1788,269,7607,3512,8112
6687: 570,5409,212,4558,1780,2571,2812,2228,3174,5737,6486,2207,678,6009
6688: 3636,6765,2699,1759,4673,3223,5867,6692,878,1262,2973,4949,4873
6689: 45,3979,7328,3722,5570,1771,5996,3551,7392,3373,8153,4402,4654,3697,7182
6690: 6506,3664,1071,225,4360,592,2114,2957,5957,5607,3218,7544
6691: 4033,1572,3157,378,6225,6424,1271,7737,354
6692: 2861,6967,4487,4327,3848,6831,878,2973,235,3636,3223,6688,5867
6693: 3158,3598,7725,8066,3758,427
6694: 3029,2785,1720,6631,2824,1900
6695: 7159,5917,5215,2530,4322,4742,2556,379,5386,1061,2272,2804,2523,7018,4876,1286
6696: 7280,164,1714,3104,997,6128,2496,7196,8029,5440,3689,3136
6697: 5457,2833,2226,1607,2599,5736,6670,7762,5883,210,6365,6574
6698: 1054,6487,3295,7359,7732,5339,5739,8180,2908,4955,4055,6188
6699: 5970,2543,3945,607,7145,2675
6700: 3662,856,6089,8086,4813,1238
6701: 7145,4813,3219,856,2543,7813
6702: 333,7695,1294,7249,7790,6467
6703: 4414,298,5484,704,5041,1319,2597,3083,2431,2297
6704: 7637,2965,1942,6048,812,7272
6705: 2359,7819,1254,1321,5600,2686,3972,4390,5823,542,7981,6172
6706: 6872,153,4099,5436,2040,186,2862,2324,4193,6918,1150
6707: 2451,5431,4595,1023,1753,3763,7393,1542,6479,3195,5662,3122,2224
6708: 6296,1565,338,4715,2,6970,2936,5325
6709: 720,2960,1965,73,8166,3371
6710: 7772,84,6940,540,6137,3374,4042
6711: 7280,1714,3104,997,6128,8015,4681,1112,947,4775,4202,3541
6712: 4946,453,1412,7801
6713: 2764,1018,225,7880,7686,2905,592,2114,340,6113,2892,7315,1643
6714: 3014,5645,4098,1258,1494,7281,6442,6047,7213,4015,5755,2430,2416
6715: 3664,1018,225,2114,6072,2634,4191,4229,4506,1051,928,2957,1475,5957
6716: 3403,7579,8072,7671,5019,3829,2996,2005,7143,4650,6119,3007
6717: 2739,3635,2255,2253,3767,8156
6718: 3375,2610,5742,2757,746,7802,4115,7623,5771,6532,1019,4217,6298
6719: 7283,5147,6377,3269,3191,7476,2748,95,7974,4073,1576,419
6720: 6770,2607,5713,807,4037,4557,5775,4166,2236,6850,6647,4913
6721: 4690,6339,5606,6772,1255,119,3573,1830,2740,237,2679,8186,5348
6722: 7094,4783,832,2890,1725,6948
6723: 7353,7635,4398,304,5356,2155
6724: 1544,1879,3805,6375,6866,4788,7221,1646,6791,3075,7812,283
6725: 1505,760,8027,7950,3469,6294
6726: 1121,2767,5680,6278,4502,5908,4855,5669,4119,2221,4734
6727: 305,1275,3995,1985,7016,2109,7847,809,3156,6177,4903,4260,3796
6728: 6554,2123,5110,7050,3030,6640,4548,6536,343,3578,43,1539
6729: 1687,1713,559,5914,5106,5926,4627,6835,2459
6730: 1644,3089,2007
6731: 452,6895,4986,880,7083,5590,2128,753,4874
6732: 6213,3713,1543,4772,958,2419
6733: 3220,5499,2200,6618,1642,1180
6734: 4779,4763,3653,4734,2486,1335,2863
6735: 3376,7642,6993,1125,1014,7894,3887,3797,2386,652,800,5407,1161,6274
6736: 677,723,4267,5390,6756,1645
6737: 2498,5698,5531,2434,1852,6915,306,4481
6738: 3603,1801,6276,7234
6739: 3959,7089,3221,6207,2615,6163
6740: 554,4732,2558,998,7378,7512,1751
6741: 2363,1025,7324,8088,3384,639,5973,769,6078,2966,1325,1657,3577
6742: 4959,925,3213,6652,7660,4016
6743: 2612,213,6120,3194,2603
6744: 1498,35,6281,3440,8108,5594
6745: 6357,2864,776,2615,1252,6163
6746: 4383,1919,5637,7268,3830,4017,887
6747: 2732,2382,4495,6495,117,3330,1750,2218,6769,5358,8046,7557,7165,3296,2638
6748: 3273,4030,3298,6808
6749: 7900,2937,2365,5907,671,504
6750: 6074,4088,1952,3999,5651,7406
6751: 3738,3159,2620,1211,4997,4919,2179,7795,1460,2918,1497,2632,7244,6197,7452,4501
6752: 4189,4008,895,3604,2227,5993,1041,224,535,1249,7892,5728,4531,4349,5426
6753: 940,7978,7947,6414,8188,3843,183,1034,1880,5784,4677,1968
6754: 7509,3319,4598,785,2746,8139,4995
6755: 319,6800,3804,6200,3575,1122
6756: 7067,214,1645,5390,6891,6736
6757: 2012,3297,1752
6758: 2283,5526,353,5672,3008,6684
6759: 3140,503,6503,5942,5753,4897,5916,3651,2227,7892,3718,281,2678,7418,7293,5167
6760: 3222,6060,4521,3670,4450,64
6761: 2939,5656,4442,7609,406,5316
6762: 2408,4441,2256,1078,881,2083
6763: 4472,416,4376,4699,750,2865,1353,5770,6237,5946,4078,3284
6764: 2085,882,6287,5866,7864,5192,2709,126
6765: 218,3066,1590,3636,4752,1759,4673,3223,6688,5867,5514,2141,7775
6766: 4691,4831,1434,6847,5915,5103,215,1656,2512,2072,6228,5146,7454
6767: 1440,2462,1339,4938,3187,6894,6797,461,3703,155
6768: 7480,851,6971,324,1693,2343,5727,7394,7663,4446,2681,7827,6056
6769: 2382,4495,117,3330,1750,1809,5358,8046,7557,6747,251,5109,4894
6770: 5713,7838,959,6720,2545,4557,4166,2078,6850,3778,5267,364
6771: 7865,3180,5809,738,3176,1213,1354,898,1891,6085,4259,2708
6772: 6339,5606,6721,1255,2740,1909,7099,2679,8186,7642,3481,5348
6773: 2044,7979,1841,5107,5120,3084,1056,320,5752,7179,3851,6112
6774: 7042,3009,7465,5459,1346,3647,972,1595,6556,2797,6861,420
6775: 2472,2251,1284,3210,416,2034,1374,2865,6328,3214,7363,2353
6776: 493,2372,6015,2839,5424,6229,5573,4429,4727,3475,1935,999,7709,2684
6777: 3380,2866,5714,5868,710,5900,3477,1489,1081,5241,713,4549
6778: 7496,4492,1664,700,3478,2940,7954,1070,7798,5239,7722,761
6779: 3806,773,5422,740,5701,2303,1837,7553,6148,437,2536,7952,620,3970,3669,7500,4353
6780: 6344,5210,1674,7674,3803,2526,1265,3893,7474,430
6781: 2021,3439,2833,6860,1607,1925,4114,24,5940,2316,5095,7938,1908
6782: 6563,216,1701,2032,6679,3983,8111,1302,4141,6269,6329,5764,2716,522,7882,7358
6783: 7849,4150,3085,2306,2792,2508,5292,5706,444,1181,4307,1416
6784: 2520,243,4449,5959,3792,4422,7266,4181,598,883,6586,1858
6785: 7962,2317,4380,3996,1221,1966,6017
6786: 506,3877,6190,4750,7370,3849,7785,6076,5099,1123,7634,7212,836
6787: 1856,7048,6160,2440,1026,3357
6788: 5941,7029,184,5704,2947,567,7960,4507,8034,4216,4241
6789: 31,7347,6255,6238,462,279,8049,3765,8145,1282,3003,5695,4007
6790: 3455,5418,3252,7906,830,8101
6791: 1544,6724,3805,6375,6816,1646,4239,1496,3043,6313,2002,3236
6792: 1360,1001,4361,3062,4842,1350,2318,6936,7274,6180,8154,6957
6793: 3224,3250,399,1503,5139,8131,5342,4513,7306,4543,6661,1864
6794: 1814,4127,286,5537,7567,6046,1382,4880,2319
6795: 7922,3684,6392,7325,1268,3968,4019,2183,383
6796: 6285,1098,6974,1695,4467,2320,270,5837,367,6422,7034,4035,4708,6910,5640,658
6797: 1440,2462,6498,6882,6894,6767,2856,7993,6845,217,3117
6798: 502,411,2941,1190,3452,7884,4963,5307,6511,198,5953,3342,5323,4249
6799: 4139,1943,3320
6800: 319,953,6755,7161,6151,3804
6801: 3994,4773,218,4453,2699,5104,3127,7658,5437,4104,1862,492
6802: 5466,3862,8128,5663,6572,6615,3990,1641,3558,4228,979,2035,5768,6609,2555
6803: 8015,2942,7983,6870,3752,4681,4366,947,4775,3541
6804: 800,288,3160,5407,7634,6274,1125,1014,3797,5633,2987,4750,7317,6567
6805: 3897,1990,7878,5816,4067,6297,6326,4812,1791,478,3263,219
6806: 558,3534,2321,1149,7622,393,7588,2969,3265
6807: 6027,7599,864,3086,79,3178
6808: 6748,4030,3298,7377,5322,680
6809: 7547,690,623,1794,8140,5761,7911,1140,2711,3175,7618,7655
6810: 7133,5372,3329,1722,5179,524
6811: 1124,4109,612,7267,3226,6839
6812: 7893,3510,463,949,6084,6143,5077,3871
6813: 7811,2471,1506,7148,15,3379,5555,602,4665,376,4358,6455
6814: 4175,3441,6830,115,4039,1445
6815: 3748,6199,5782,732,4084,4926,7931,6642,3659,1507,1793,3397,263,5939,8026,156
6816: 1544,6375,1646,6791,3075,4239,1496,4262,2499,5253,7427,3236
6817: 464,6388,5648,7582,2064,3749,3892,876
6818: 1247,6632,534,1314,2021,80,5518,2100,5095,6650,4459,884,1300
6819: 5131,2843,2867,7348,555,6266,669,2850
6820: 3928,587,465,5875,5217,1617,3540,7506
6821: 6829,4505,2214,1881,3881,7508
6822: 4296,1818,2648,126,3421,113,4185,1931,2709,5121
6823: 7021,7164,4367,3033,1647,3931
6824: 2411,6051,1383,4894,5399,4564,466,2382,117,3982,1809,7557,7165
6825: 296,2848,1281,3365,7203,6368,2445,5023,4621,7311,1027
6826: 3392,7929,3225,6938,1623,344
6827: 3010,6463,264,1500,5850
6828: 5968,2454,2233,820,4969
6829: 7747,2214,1881,6821,1348,2675
6830: 5223,4175,1090,3441,7238,7613,6814
6831: 3848,6070,714,2141,6439,2022,1545,3322,2861,6692,728,4327,5867
6832: 5161,7652,4020,1772,5136,8160,6604,994,1160
6833: 860,7099,237,7704,293,7130,8186,2175,352,5839,1546,2364
6834: 4061,1914,7988,885,4116,5615
6835: 4003,6022,3299,829,6378,2459,6279,6729,5106
6836: 358,6236,3143,8060,1272,1755
6837: 4844,2477,4578,290,467,3702
6838: 7170,3393,6464,1230,4021,4528,4171,521,2707,165,4770,2817
6839: 2826,8041,3226,511,1124,6811
6840: 187,4244,2831,4579,2943,1108
6841: 4208,2185,6556,3011,6297,6559,1203,6326,4812,2797,1791,4067
6842: 734,2402,4447,6276,7234,2944
6843: 291,3946,7506,1552,7648,3290,3928,587
6844: 6419,2570,2322,886,6898,5376,5621,1175,1066,1113
6845: 7993,3227,7879,6890,3151,5193,508,5863,6882,6797
6846: 7629,7495,586,287,3567,5511
6847: 4691,4831,4245,1434,6766,7162,3300,4336,2115,5915,215,7454
6848: 7258,1711,7180,423,3442,5922
6849: 3518,729,2460,1790,624,2455,7678,5687,1179,7568,4777,6053,2621,2400,3889
6850: 6770,959,6720,4557,2236,6941,2461,5204,635,3778,5596,4913
6851: 4151,2710,4762,202,4119,3782,1474,1889,6398,1270,4855
6852: 5189,3898,3812,0,4386,5495,2166
6853: 3012,7550,777,2280,3889,7314,2006,4454,5502,7027,6410,2985,279,1282
6854: 4906,3948,3640,1671,7693,4974,626,5749
6855: 6186,579,1351,2323,1873,227,8124,4709,6605,3495,3548,5284,875,4188,1658,7375
6856: 3228,5564,4488,7250,7082,647,5565,382,7670,1911,6358,2106
6857: 2654,911,3041,5341,5343,387
6858: 4743,2397,4935,7923,7743,3537
6859: 2720,1834,3319,220,7419,1459
6860: 2021,3439,6781,1607,80,5736,6052,1925,5518,24,2316,2100,5095
6861: 1016,284,6472,7156,4473,6774,3009,7465,1595,1741,6251,420
6862: 6877,7045,1038,3105,8071,1638,5379,5589,3014,2995,1494,3274
6863: 6081,6411,7767,1690,2888,5998,8070,139,3532,330
6864: 7547,7510,690,2222,1467,1349,3497,5491,1956,4860,2196,7420
6865: 3806,5422,4530,5701,2303,6897,1837,6475,3489,7646,7500,1666,221,366,2647,5027,4272,1152
6866: 1544,6724,1879,3805,6375,7221,3730,283,3694,4607
6867: 4849,6685,1455,30,4622,1845,3993,3949
6868: 5337,386,4015,3311,7903,2430,3013,4609,93,2568,5353,962
6869: 4204,4118,2295,4154,2868
6870: 1547,321,7271,8015,2942,7983,2099,6803,3752,947,3040
6871: 617,1444,4289,7208,336,3443,4169,4266,2713,7184,3243,2743,4790,4745
6872: 6706,153,4099,2040,186,2324,4193,5173,5331,5535,1240
6873: 1660,5290,3400,7437,3444,6102
6874: 2775,5568,222,2018,5091,3505,4533,7063,1515,7146,5592,1043
6875: 4245,7494,7162,1481,2213,3401,239,1082,3950,7035,7175
6876: 458,1212,810,3445,4043,2635,2171,7842,2170,5992,6436,7096,7248,7003,758,5844
6877: 4095,7045,6435,1278,6862,7213,3450,3105,369,8071,2677,3014
6878: 4421,8119,5385,5619,2164,5510,150,1560,4808,5075,3301,7999,2656,1151,1137
6879: 983,5903,2234,7471,5601,5180,3597
6880: 4229,4506,7998,6962,5113,1051,7683,4973,468,2142,2301
6881: 5666,1884,7959,903,2484,4336,3428,537,3696,8122,3465
6882: 1440,2462,6797,1784,6890,3703,508,7993,6845,3227
6883: 6290,6139,362,3356,5212,7451,3169,3888,7120,4080,3769,1735,3056,4463,943
6884: 5366,1817,2102,5702,1910,5516,4293
6885: 5108,1591,7107,1352,5878,5746,7781,2223,246,4038,965,1882,4540
6886: 4693,3951,6107,1846,4875,4575
6887: 1194,4060,3387,7286,778,7577,2631,474,3302,7431,6510,6001,6360
6888: 4544,7457,6288,3015,7201,1899
6889: 4126,4041,2477,7503,6995,1454,1028,4578,7955
6890: 5965,1784,2869,3703,155,508,2462,6882,6845
6891: 2676,5581,4022,5390,6756,214
6892: 5506,3453,3229,5126,643,3841,758,7855,1232,1792,5844,4586,4909,7152,7707,7963,5582
6893: 5588,4553,7036,1396,1323,3952,2796,588,3814,4976,6553,5714,5900
6894: 1440,6498,1339,6767,5309,6797,7531,2856,461,3446,6530,7730
6895: 452,6731,7774,4986,3303,2128,753
6896: 3088,7585,909,3649,6135,5356
6897: 3806,773,5422,3525,3202,1343,6865,4530,5701,2303,7157,1837,6475,3489,1666,221,2647,4272
6898: 6419,1535,2806,2361,886,6844,514,3569,5702
6899: 5213,1486,1029,6671,2391,3315,2859,5082,8085,650,2715,7327
6900: 6384,6465,4325,991
6901: 1202,365,2776,140,2414,4644,1046
6902: 1030,3464,4065,5948,7653,1810
6903: 3016,7487,7511,2483,77,1736,5453,5332,4504,1303,2744,2733,4198,2755
6904: 6680,1548,2250,3265,6082,5563,2403,558,2321,7622
6905: 6361,4469,3230,2997,576,4898,181
6906: 3313,3807,7854,4286,8123,4851,67
6907: 2979,8078,8016,70,8157,3332,7768,2004,1723,4792,5442
6908: 5054,3808,1838,7299,3247,5224
6909: 1031,7661,2660,4089,6090,847,109,2219,3523,6360,474,6950
6910: 2662,367,2325,6263,6422,7034,1257,4035,4708,516,2456,4660,658,6796,2320
6911: 645,406,1319,7896,5028,5316,2597,2870
6912: 2628,4034,1962,1032,1210,7746
6913: 4616,2575,887
6914: 2801,5411,1677,4905,5231,7515,425,3447,313,5112,3471,1438
6915: 888,1852,4288,306,4481,5531,6737
6916: 2326,4162,1009,6348,6998,5997
6917: 1317,5285,7310,5056,2504,1549,5751,4545,5721,8028,6582,4758,5000,3783,1260
6918: 6706,5436,2862,4193,1493,7630,5447,1150,2738,1394,2327
6919: 1379,2758,7832,408,3582,6262,4675,1716,1033,373,539,2736,5533,4589
6920: 1998,244,6200,2328,7316,1122
6921: 5410,3064,4023,6653,4325,2189
6922: 7661,8173,3737,109,836,4869,506,4546,483,2329,3657,8087
6923: 7804,1550,7825,611,6277,3189,142,4484,8083,2756,8039,3690
6924: 2330,5881,3352,6366,2038,787,3364,657,4242
6925: 4024,1296,7226,788,1953,1573,4320,4697,6166,7673,6634,8055,8162,3280,1487,6208
6926: 2756,5646,7777,1373,4213,1034,1880,1550,7947,2137,3843,183
6927: 3686,5827,3051,1551,4916,7560,3467,1088,3777,8033,7571,2050,4539,5170,636
6928: 1713,559,6287,3321,5926,1836,3317,5401
6929: 5195,8078,7713,3705,6293,1035,6504,441,5897,5486
6930: 2331,8010,6087
6931: 1050,4956,4634,2871,5984,689
6932: 6233,2927,3304,3808,7985,5557,4199
6933: 600,1785,2872
6934: 2015,1849,6107,1846,27,3448
6935: 6061,3509,5848,3637,3885,3031,7374
6936: 2318,3237,1724,8104,63,3361,7274,6180,4611,1350,2437,6792
6937: 1765,5591,2680,6956,4218,307,5490,4207,969,7005,5697
6938: 2524,6129,7639,1623,6826,3225
6939: 1683,591,3981,1580,6145,7942,4577,5762,2235,7356,6573,4774,8079,7591,3074,6318
6940: 918,7888,1273,6710,752,7772,84,3374,4042,7054
6941: 4037,4557,2236,6850,2051,2461,1023,2224,5204,635,4913,7980
6942: 5294,3170,1138,2690,7845,6192,6450,431,3638,4904,531,3822,801,5551,1528,6547
6943: 502,1449,1190,3231,3042,7884,515,5307,4389,8098,7369,8142,136,8054,4509
6944: 1916,1036,7602,5576,7365,2037,476,2898,4238
6945: 7986,2853,6516,893,3572,1552
6946: 2052,978,1262,569,4534,4949,3232,1585,2232,1116,7015,6183
6947: 3823,8097,4891,7605,3406,3058,2029,2753,6016,314,7167,6513,4635,1871,3378
6948: 6674,4014,1725,4783,6722,1760
6949: 2173,122,3169,6245,7120,7778,1685,778,2631,3302,6001,1331,1783,3456,308,5860
6950: 1194,7286,474,6510,2219,6909,3523,6360,4482,1545,728,5116,2022
6951: 2077,5001,28,4396,1508,3920
6952: 301,4172,522,7882,7604,3629,1802,1553,4892,5201,5923,7358,6071,4928,216
6953: 2748,4977,3854,5031,7618,7501,7974,2488,432,4068,1795,1958
6954: 2245,2383,2830,1708,4965,523
6955: 3518,2460,1790,4777,6053,6286,1307,2180,7261,5925,7917,3462,279,3889,4454
6956: 4225,6937,5591,2680,4218,5013,2063,2775,969,7005,5697
6957: 518,8154,6169,2181,1350,385,3361,6180,1001,4361,6792
6958: 1277,5345,891,4806,1554,3644
6959: 2730,8167,2810,6256,1797,7111,6037,4372,5387,5503,4659,6417
6960: 4722,3126,6110,5699,8018,4862,5892,3416,2463,817,6014,2588,2016,4619
6961: 7306,3199,1794,2393,104,5342,7319,4440,3939,933,5464,2711
6962: 4229,6880,5113,2338,1051,440,7683,468,2142,2889,2634,1367
6963: 5227,2055,6975,381,4566,1509
6964: 7868,3707,3124,5295,875,4605,5690,1098,906,1726,3387,7431,3091
6965: 6186,1351,2478,4709,5240,4128,6055,3398,262,5879,3686,4539,4082,631,1993
6966: 6376,8146,1624,2618,6189,1504,1000,4187,1197,3324,7362,3633,578
6967: 6114,3322,7610,2861,6692,4487,4327,1109,3848,7672,878,235
6968: 3927,6514,1883,99,739,737
6969: 310,4186,2168,7716,5481,1823
6970: 968,2,2936,2813,2715,6296,338,4715,6708,517,4341
6971: 7480,851,324,6768,2343,2681,246,1318,3869,4038,7827,6056,5004
6972: 5560,7928,2167,2014,7831,8141,8004
6973: 3617,3106,4813,3219,1238,4672
6974: 1098,6796,1695,2320,270,7534,6283,367,7034,4035,5640,658,5295,5690,5517
6975: 2055,5235,6963,1509,1823,2168
6976: 2132,4388,6355,7307,6322,443,1131,5388,4879,2689,990,3323,1930,7803
6977: 770,7189,4049,1274,6042,7443
6978: 3355,5458,4401,1912,2921,7853,2626,1225,311,3840,6112,29,1841
6979: 8013,6580,3180,4231,120,3710,370,738,924,2585,4719,4696
6980: 1186,2693,2464,4179
6981: 4196,2540,3944,4029,7779,741,258,2384,678,1117,4558,7020,3174,5737
6982: 1572,7198,3157,2682,8,5144,2125,5260
6983: 3638,3114,2918,1497,1613,2632,5055,131,7244,6197,2385,4501,3860,7971,7304
6984: 742,2814,4205,6537,5926,4627,2418,559
6985: 3639,4445,160,2009,3198,2495,5259,5182,5380
6986: 4366,1120,6660,7127,312,7266,5772,3755,3742,768,5050,8037
6987: 3468,3062,8014,4337,5029,764,3524,5660,1340,360,5628,3345
6988: 500,5210,6243,7873,1663,1024,418,3285,6656,2769,3346,2525
6989: 473,6150,2273,4040,3873,7224
6990: 3164,3418,616,7464,4943,2784,5171,3107,6310,6502,5988,3262
6991: 428,5197,1982,7738,1413,3556
6992: 7823,3515,286,1944,1169,4131,5537,1680,1814
6993: 3376,7642,622,6735,3481,7894,5348,3887,3797,2386,652,4798,3618,800
6994: 745,163,2658,3678,4343,4310,4840,489,4262,1743,3075,7812
6995: 4126,4041,1454,3623,6889,7339,4576,7955
6996: 5423,7803,4284,1227,6476,3715,984,568,5479,5851,2090,4388,990,2954
6997: 388,4498,1751,5256,2691,7904,7378
6998: 5997,2465,4210,6916,4162,2624
6999: 6253,6376,1624,6189,673,684,7415,3803,2526,7455
7000: 5941,184,1921,7960,8034,6626,4568,3488,5415,4425,3324
7001: 3108,6235,7349,3878,6233,5557
7002: 7112,595,7097,3853,4045,2169
7003: 60,421,3063,1616,1813,3350,5299,7090,7681,675,810,4043,2171,5992,6876,7096
7004: 2441,271,5272,4536,731,2087
7005: 4207,969,307,6937,6956,4218,3426,835,2712
7006: 6677,3032,7636,2309,2143,5406,7037,5222,2860,7736
7007: 3325,1466,3571,114,828,4683,5583,5181,253
7008: 2500,2113,1596,3093,1941,920,8079,7591,3362,2635,2170,4345,4514,4885,6318,7942
7009: 1195,3667,872,2345,4137,4500,4630,3109,273,2807,1063,5344,7200,5068,2564,3632
7010: 5304,1193,7733,3459,2653,2103,5875,3540,193
7011: 8091,1883,99,4304,2586,2683
7012: 6209,7816,48,5464,2600,313,2801,7515,3447,757,5793,1438
7013: 7340,1138,2690,7845,6192,833,3165,6450,431,2280,232,5502,7027,2961,1528
7014: 5020,2470,5122,335,7113,2731,6523,4929,1602,709,45,1820,2480,2741,4374,1771,4524
7015: 1696,1116,5346,3929,3,3412,8144,4534,6946,1585,4208,7227
7016: 2373,1275,3859,4203,3995,6727,4651,3619,2080,5474,2109,7847
7017: 4124,5524,3110,6347,867,4329,7889,6168,21,4246,4421,6505,594
7018: 4083,628,389,2523,4876,1286,3099,5312,7700,6695,7159,5917,708,7757,13
7019: 2487,3978,2734,4805,5357,5802,2179,1510,4082,7452,248,4501,7539,2398
7020: 570,212,4558,2228,3174,5737,7779,6981,1117,6336,7751,2976,4103
7021: 3097,7164,7257,1575,6823,1647
7022: 3321,1665,7861,6537,5926,1511,417
7023: 1666,5950,1875,4032,366,5801,4363,6395,6147,4835,3185,790,3098,7226,3611,1573,1812
7024: 7962,4380,5476,7412,166,469
7025: 6570,2885,1414,2848,7203,4621,1027,3816,6013,793
7026: 7044,6533,314,2795,2527,6513,2532,4635,4438,5561,1857,5326,3823,3058
7027: 3012,7550,777,4265,2280,2006,6853,232,5021,5502,2961,2258,7614,6101,6192,7013
7028: 4786,1727,61,2671,6387,8089,915
7029: 1074,5704,1917,6788,567,3111,5717,7665,4216,573,7217,4125
7030: 2104,7859,1996,2130,5317,4684
7031: 6401,538,3937,1945,6131,7580,4227,1473,3382,360,5628,6591
7032: 6624,4196,3944,5034,4029,1796,2490,7338,741,2384,436,7597,1134,5327
7033: 6156,787,3364,470,4668,2330,7573,4975
7034: 367,2325,6263,4035,516,6910,3729,6283,1819,2456,4660,658,5517,6796,6974
7035: 1884,7175,7959,5093,903,2213,6875,4245,7494,1481,2962,3950
7036: 5588,4553,5270,6548,1896,6893,1418,236,3952,588,3814,7533,3434
7037: 2860,368,7736,5397,2011,1073,5647,3032,7636,7006,2143
7038: 3824,1839,4712,2003,2900,5219,5658
7039: 3273,4030,5243,5847,1488,5559
7040: 3634,4071,1728,3217,4568,6271,3027,7565,813,3488,41
7041: 3605,2042,766,2989,1010,6349
7042: 6774,5459,1346,7835,972,2160,577,2299,6556,6105,6559,899
7043: 2645,4814,605,3835,3779,7934
7044: 7026,6533,2795,2527,2532,196,1597,3356,4591,7778,5561,5945,1857,3502
7045: 6877,1278,6862,7213,512,1038,3105,369,8071,4184,5379,1494
7046: 6262,5754,4675,2377,1033,3980,8052,373,539,2777,5553,5693,3241
7047: 5856,1948,1659,3254,2387,7425,7296,199,5577,2774,736,3890
7048: 1856,6787,6160,2815,5473,3046
7049: 7153,6122,3675,4220,705,318
7050: 2123,5110,6728,7317,6342,4053,1125,3030,1014,6640,3887,2386
7051: 5873,7977,921,6002,3716,1866,3179,7818,1198,3386
7052: 6531,315,5096,3260,8062,3368,6429,1774,3340,7205,2735,3580,7505,5832
7053: 6627,2057,604,1113,1944,4131,2466,7114
7054: 1082,4042,1865,3458,7710,2962,918,7888,4803,2213,6940
7055: 3207,4721,540,5906,6137,8174,3726,6485
7056: 5705,5366,1910,3286,2471,3034,6302,2570,5376,4417
7057: 865,6374,4266,1763,4951,3018,5125,2713,7184,1986,2117,4010,4686,4169
7058: 683,2406,3472,7561,1341,7102,5375,7449,8081,4583,5333,3036,2093,3035,525
7059: 979,5803,2035,5238,2467,4079,4613,2555,2159,2646,3558,5009,7687,174,1313
7060: 5650,2528,1673,4456,3709,2611,5979
7061: 3490,7231,6046,2237,7149,327,4155,6678,5414,1611,7269
7062: 642,5092,2529,6223,1559,751,815,4247,4740,7087,1287,1380
7063: 4533,6608,1648,7479,7520,3831,3005,6593,2775,5568,6874,1043
7064: 6578,2489,4726,3049,7608,668,2105,4312,1276,2443,6059,5039
7065: 6507,60,3063,3632,1813,3350,5741,5299,5344,4630,3021,7681,2148,2564,8069,4519
7066: 5686,1776,804,5912,6426,3608
7067: 472,5047,717,6756,214,1645
7068: 1415,3076,1922,1110,5685,8155
7069: 850,3353,5982,7809,2316,6577,2616,4459,4342,1185,999,2684
7070: 3943,1729,3809,5272,2087,3790
7071: 4157,3825,2583,5163,7110,7395,1148,2030,1906,4520,3141,1430,13
7072: 2730,5734,8167,2810,4250,231,767,799,6256,1797,1627,1042,8164
7073: 3501,6568,3259,7472,5552,3326,1768,4052,5066
7074: 161,6175,3642,6095,2637,731
7075: 2358,1570,1357,6633,2875,3902,880,7083,133,7822
7076: 3405,3658,7527,1512,181,8095,3230,696
7077: 6525,7210,1738,7540,390,2692,7400,1822,5665,4431,6482,2855
7078: 2425,5927,3901,3821,5421,1969,2231,663,2845,402,4642,146
7079: 5363,4705,4680,8175,2882,541
7080: 5667,5759,3112,1567,2999,2163,4991,6282,1220,7958,5773,394
7081: 7092,669,3385,5920,1021,6598,195,1513
7082: 3228,5564,4073,4488,6856,95,2147,5565,5070,4156,382,2106
7083: 6731,4992,4392,4986,880,133,3616,7075,2358,6633,2875
7084: 3310,2388,4931,1376,4355,4603
7085: 317,3650,5654,5843,1210,7746
7086: 1519,4297,2996,2187,2107,5134,4163,6058,1707,6250
7087: 7062,5779,642,5092,6223,4884,815,3113,480,2304,2275,1229
7088: 3735,6607,5643,1199
7089: 3959,6739,3131,1885,3221,4908
7090: 3021,7681,8069,6369,7152,60,1813,7003,3453,5126,758,1792,5844,4043,2171,7096
7091: 1416,1564,3150,3857,7093,5315,5706,7230,547,2983,1897,448,6577
7092: 669,7081,5920,4698,1886,2867,6598,1513
7093: 1239,1564,1248,7091,651,5831,8126,3857,5315,2453,4868,5199,2468,7837
7094: 832,5209,2127,6722,2890,1155
7095: 5709,5310,1050,4956,3826
7096: 810,3445,4043,2171,5992,6876,7090,7681,6369,60,1813,5299,7003,5126,758,1792,5844
7097: 7002,2108,595,2169,6214,988,7183
7098: 4939,4953,5234,3166,2516,1649
7099: 237,6833,293,7130,2679,3583,8186,352,1909,1546,5606,6772
7100: 7510,1467,1349,4828,1956,4059,38,7420,3817,5254,4331,3327
7101: 6663,1777,5632,2129,4142,5952,4044,6224,1409,3119,3156,526,4846
7102: 683,3472,1341,7058,5375,8081,3562,4583,5632,1409,526,5333,2093,3035,5758
7103: 4651,2080,6000,5296,5474,1619,2109,7847,7787,916,4142,5952
7104: 4095,512,1975,8071,8138,3764,5178,4937,7825,7160,1200,4184,4585
7105: 6580,5809,4231,3710,370,738,5677,3055,4982,1100,2259,5683
7106: 1798,7483,4620,3057,1219,2396
7107: 3919,5108,1591,6885,1192,1352,3420,2351,5746,8084,7781,1882
7108: 3201,7691,229,436,837,7219,1134,4903,3463,2238,5352,4526,937,2490,5159
7109: 733,7119,3827,5731,1142,7944,1799,1730,6232,6612,7215,7467
7110: 4157,2802,1105,2583,5163,2172,4347,3521,1148,7071,5972,1906,4256,456
7111: 2469,5739,5976,1689,2687,7222,6959,2810,2577,6256,6037,309
7112: 5264,7002,4486,595,4027,4045
7113: 5020,2470,5122,335,4269,1195,2731,6523,7014,2841,4137,4929,8147,1602,2480,2741,1771
7114: 438,7621,6627,7053,4131,1680,3053,4046
7115: 5314,2667,7895,374,606,3895
7116: 7992,842,3902,1463,3037,3292,4001,1921,4071,7382
7117: 2685,4475,2056,1628,2097,325,1448,5394,7997,6557,1775,6275
7118: 5123,6167,3938,3883,1417,6305
7119: 480,3827,2304,7109,234,2275,1799,1730,7467,5779,4884
7120: 7354,6290,6883,2173,362,122,1405,3356,5212,3169,3888,6245,6949,7375,1685
7121: 6438,7197,7876,3769,1735,676,8184,322,943,3114,3506,3860,4670,5509,5482
7122: 1226,1408,4263,6039,1948,7296,199,2774,3890,6578,2858,8113
7123: 88,6320,1321,2686,5468,4877,7820,1830,6303,3802,6179,6
7124: 1798,7483,4047,4040,7651,7224
7125: 3245,4806,2174,4399,1077,4321
7126: 156,3358,5835,5754,3980,8052,1863,361,3328,6473,3659,5294,4970,5939
7127: 6986,1120,6660,2697,1462,312,4278,3755,3742,7773,4048,8037
7128: 2409,487,3882,4830,2664,1353,4376,750,1006,5770,2336,4078
7129: 3264,346,3679,571,3436,4173,2084,6025,4335,6587,6009,4964,7561,7449,2199
7130: 860,7099,7704,6833,293,5834,6008,3583,2175,2857,603,352
7131: 3827,1142,7944,1799,7460,2836,7730,6308,3212,912
7132: 1518,3208,2995,4098,1258,5977,8038,3910,1418,1323,588,3814
7133: 5684,5372,6810,2879,5179,3095
7134: 4636,6174,6493,6247,2176,400
7135: 538,3602,1945,5958,6131,1887,5566,7580,2701,2337,5947,7188
7136: 265,1571,3068,5664
7137: 329,7719,4221,1514,2347,4737,3589
7138: 1711,5038,7180,2153,154,2742
7139: 3351,7353,5744,7696,1579,5766
7140: 2772,4190,170,1851,272,5232
7141: 8024,2669,5383,528,3176,6432,1354,2136,5987,5584,3146,6184
7142: 7153,1419,3675,1366,28,7972
7143: 2005,1529,6119,392,3007,6250,1519,2996,3403,5019,6716
7144: 5287,2239,962,5302,1114,4143,7664,328,2566,1073,7984,368
7145: 6701,607,7887,3219,2543,6699
7146: 1934,1515,1008,5592,5568,222,6874,4533,7479,2342,5018,1043
7147: 3590,290,4914,4494,7645,238
7148: 7811,2471,3034,1506,6813,602,376,5105,6455,2702,3396
7149: 7061,3490,5488,1420,2237,7195,2390,904,6678
7150: 2389,5483,5248,3248,4716
7151: 6673,3753,877,1684,1516,1947
7152: 7090,3021,7681,2335,331,1946,7742,6369,5194,4362,3453,6892,5126,1232,1792,4586
7153: 7142,7049,3675,7619,1366,318
7154: 4139,4800,7933,5994,3320,162
7155: 3258,3985,5855,6604,4574,783,1079,451,2891,7521
7156: 2472,2251,1016,7572,1284,284,3210,8189,6861,4473,7465,2034
7157: 3806,773,3525,1343,7717,740,8001,4530,5701,2303,6897,6475,7939,1147,6148,4707,5954
7158: 6425,7430,7930,1581,94,3549,5824,973,8133,1517,4883,8019
7159: 6695,7396,5917,5215,2530,708,4322,7757,4742,5386,2523,7018,4876,1286
7160: 834,3162,5777,4324,7780,1200,3240,4184,1638,4585,3764,5178,7104,8071
7161: 319,2405,6800,953,7808,1093
7162: 6875,4831,4245,6847,3601,1481,3300,2701,7188,6292,239
7163: 8179,3423,5053,3700,6003,2531
7164: 7021,1575,6823,3234,4367,393
7165: 2732,117,3982,3330,1809,7557,4637,6747,6824,466,4841,173,1310,8103
7166: 6482,553,7814,1421,3263,1493,5891,2986,2855,2404,4330,7497
7167: 4987,6016,6533,314,1783,3516,6513,2532,4635,308,1109,2029,6947
7168: 2454,240
7169: 3958,7943,4526,5120,3084,2919,6584,1056,229,837,7219,3463,2238
7170: 1230,4021,4171,6838,7949,521,4770,2817,3394,5394,1775,8176
7171: 6203,2687,7222,1592,4153,1368,2146,2469,6037,4372,7264,608,309
7172: 1379,2758,6059,3582,5039,1276,3145,6162,3358,6262,1716,3980,2105
7173: 2225,5617,6182,3115
7174: 2544,7829,1281,2241,6368,4062,2201,1182,5694,1395,5600,542
7175: 2065,1884,7035,1168,7235,5093,6875,1082,396,2962,3950
7176: 6602,556,1315,2177,1129,4159,4160,5118,3153,7486,5030,4901,5229,2073
7177: 2556,379,5885,5722,5386,2211,3438,1061,6592,1618,543,447,7697,4652
7178: 168,409,3734,2963,6597
7179: 1056,6050,4606,320,7581,1159,5752,4596,2044,1841,6773,3084
7180: 7258,1711,7138,6848,5038,3038
7181: 3172,2644,4432,5527,1650,996,6202,4867,1757,956,2338,440
7182: 7392,1358,8153,2197,2068,4402,4654,5017,3697,5570,6689,6655,5707,6581,874,3116
7183: 1660,2169,6214,7097,1201,481,8002
7184: 4266,1763,7057,2713,1986,4169,5541,1444,336,6871,3443,2743,2549,4790,4745
7185: 3499,7858,2162,609,1923,6006,223
7186: 2240,2706,5639,2672,2230,1514,6299,5048,1172
7187: 2134,5556,4899,51,1277,260
7188: 5720,8053,5936,6292,3602,7135,1887,5566,2701,7162,3601
7189: 4980,4049,6977,1274,3925,2698
7190: 7994,1888,2178,5849,6652,2808,1347,7648
7191: 3789,6673,1947
7192: 3584,4704,6352,1202,3880,2846
7193: 3897,1990,1741,7878,4243,3197,4050,5816,4067,4427,6251,4755
7194: 848,2262,7692,646,1422,2435,4410
7195: 5488,1420,7211,2390,7149,904,655,572,2348
7196: 6696,7280,164,1714,806,2163,6437,3112,6282,3689,5773,394
7197: 7121,4004,1423,7876,2447,3769,1597,7270,1735,49,4463,8184,322,4226
7198: 1572,3157,6982,59,8061,4711,5144,2125,7251,6108
7199: 2583,544,3203,5919,1362,31,1430,8049,5695,351,2952,5969,7541,1635,4907
7200: 3109,620,273,2807,1063,3970,1049,3669,4353,5068,6092,5673,3629,4928,3667,7009,4500
7201: 6888,2395,7457,395,6288,2379
7202: 4469,5279,835,2997,2357,3706,5636
7203: 296,6825,2848,1281,3856,3365,2241,5032,1027,7025
7204: 8017,585,2269,7481,3678,4343,6312,3894,7752,98,2473,5530
7205: 2196,4059,2735,4994,3580,4587,5461,7052,315,2933,5096,610,1956
7206: 1259,6073,3433,2242,7907,771,6528,790,4952,2339,2370,2727,415,1601,4653,3202,5111
7207: 3526,6230,5191,859
7208: 617,1444,1303,2909,2744,2733,4289,336,6871,3443,2976,2000,4198,4103
7209: 4262,2056,5534,4051,2499,4840,489,7416,6275,34,745,1743
7210: 6525,5447,1738,1150,5173,7077,1800,390,1493,2855,7630,4193
7211: 5488,1420,7195,4880,655,545,5629,572,2501,1206
7212: 4657,4089,3737,847,109,836,1994,3849,7785,6076,1123,3877,6190,6786
7213: 6877,7045,6435,1278,3105,2677,6159,3014,5645,1494,6714,2430
7214: 1424,5707,8098,1153,2688,2519,2533,874,4364,7277,1449,3231,6079,5932,4389,7834
7215: 3173,6232,3227,217,6612,2822,3117,1541,179,5731,7109,1142
7216: 2409,4444,5822,3882,4830,2664,4801,422,4990,1166,2333,2336
7217: 4216,573,1912,2626,1225,4125,5205,7665,7029,5704,2947,567
7218: 4251,5527,6675,6202,2474,3907,4938,3187
7219: 3201,7691,229,6177,7108,837,1134,4903,3463,2238,1985,7169
7220: 7670,546,6023,5373,1589,5062,1895,2661,1767,4676,7794,3354,6291
7221: 6724,1879,1743,6375,6866,4788,3075,7812,163,3678,5530,3730
7222: 7171,6203,2687,2469,7705,5976,7111,2810,6037,4372,608,309,4659
7223: 5913,6460,2347,3935,574,329
7224: 1960,6989,473,4040,7651,7124
7225: 736,6443,3118,7275,4993,1458,446,3890,66,2641,6576,8113
7226: 4024,1573,1812,4697,6925,3536,3185,3098,2799,5950,1875,4032,7023,6147,6634,3280,1487
7227: 4208,2185,3011,1203,1791,3412,2446,8144,4534,1585,3,7015
7228: 4227,5660,2074,341,2017,3382,2964,8192,4555,1377,3484,4618
7229: 4982,1100,5826,2427,666,5909,7715,2580,5815,1731,3836,2800
7230: 547,2983,7337,1897,4178,5199,6132,1239,1416,7091,3150,3857,5315
7231: 7061,3490,6046,2237,2390,327,2319,4155,3723,112,5901,1611
7232: 8096,1330,2154,3428,62,7863,2475,4120,6367,1429,499,4510
7233: 6331,1313,2915,3660,1425,6327,7469,4315,2623,3656,1938,5949,5009,4168,1436
7234: 6738,6276,6842,2944
7235: 5853,7175,1168,5093,2020,396,6124,3458,2962,3950,3183
7236: 8114,1732,211,1053,5408,2630
7237: 1156,5769,4294,4781,3039,2518,557,2992,5562,5187,1608
7238: 5223,3441,6830,2818,2965,7272,4393
7239: 5121,3852,8047,5043,1426,4395,7512,2098,1520,4992,6616
7240: 3617,7887,397,332,4980,4049
7241: 2210,1089,10,5794,5322,3956
7242: 7749,3828,1972,147,3830,1415
7243: 6298,4651,2307,6000,1619,7787,916,4115,3233,6588,1076,1574
7244: 1460,2918,6983,2632,6197,6751,3159,1211,2179,2487,7795,2385,7452,248,4501
7245: 274,2458,6617
7246: 5681,113,4185,1931,5328,3096,5226,5614,3606
7247: 8021,2476,3595,3213,4917,6497
7248: 458,1212,3362,3445,1279,2635,7842,2170,4998,5992,6876,3334,1085,102,206,7323
7249: 6702,7695,2253,1877,6467,241
7250: 3228,5564,4073,3774,6461,1651,4439,4488,419,6856,285
7251: 4957,6628,2099,855,952,6021,5144,961,7198,59,6108
7252: 1682,5634,5528,2819
7253: 242,1139,7728,5278,1171
7254: 3546,7598,3799,1058,405,2574,695,6345,6646,7631,817,6014,6267,488,4862,2463
7255: 1435,3807,3331,2990,5206,7466
7256: 4836,590,1165,3829,765,2110,4206,2896,5396,1519,5019,1787
7257: 3097,7021,5280,1575,5166,796
7258: 6848,3038,7180,423,2937,6324
7259: 240,3607,1949,7322
7260: 5406,2981,3671,2754,7736,4647,2011,1355,4549,3477,1081,6555
7261: 1490,4083,628,1307,389,3543,2180,3099,5312,7700,5925,6955,3518,4777,7917,6585
7262: 297,5143,3891,5005,7914,2366,1676,6330,1364,6115
7263: 4465,4861,1652,4232,6630,816,3128,4789,4512
7264: 4372,1154,2745,5154,7668,608,309,4659,6417,7171,1592,4153,4077,12
7265: 7804,6371,611,3189,142,2401,8083,6462,7362,3307,8031,3542
7266: 2332,3755,3742,4181,768,598,6986,6784,243,3792,7773,8037
7267: 4109,612,6811,2521,2284,5558
7268: 1919,147,7312,6746,3830,424
7269: 1672,6678,5414,8154,6169,4538,5454,1611,2181,7638,385,7061
7270: 6438,4004,1423,7197,7876,2447,49,8184,322,1537,4226,6030,2914,1988,4551
7271: 1547,7983,6870,3752,2131,5349,476,2590,3564,5050,3040
7272: 6704,2965,812,4393,7238,1894
7273: 839,4451,4144,3060,1338,7843
7274: 2318,4416,3237,1724,6936,6180,4253,5523,6792,3062,4842,575,1340
7275: 736,1020,6591,3118,1458,7784,7225,2182,3484,446,4618,85
7276: 4913,1639,7380,1429,52,371,7980,1534,1653,2051,4212,7863
7277: 7214,190,1424,5707,2265,8098,1153,2688,2519,2533,6581,874,4364,4912,1449
7278: 1327,6153,716,4961,8041,511
7279: 2655,7491,4236,1371,3332,7768,4940,5442
7280: 6696,164,1714,997,6128,6711,7196,8029,806,1112,2163,6282
7281: 1518,4098,1258,6714,6442,548,2416,4976,1323,2796,3814,5900
7282: 7776,1655,294,5774,2572,4824
7283: 4225,5147,5591,6719,3269,5013,4073,3774,4439,419
7284: 2201,682,3246,5978,7411,7810,275,2542,1395,1779,2371
7285: 1907,5165,5187,2086,8169,5112,557,6671,2992,3315,5562,4294
7286: 1194,7577,6887,2631,474,3302,6510,6001,6950,4482,3456,5860
7287: 3592,204,1427,2815,6512,349
7288: 677,723,5921,7342,1577,3316
7289: 1126,4414,3912,298,5303,3788,2166,0
7290: 4624,6134,72,2079,3923,4388,2984,1847,7548,1131,2954,3961,7711,3715,5479
7291: 3699,5887,917,165,7526,5269,2817,4338,1356,2721,7886,8176
7292: 5894,5409,4523,2228,1303,4103,1280,92,1502,6206,7511,1736,4944
7293: 281,2678,3546,3799,1058,838,6345,5167,8100,5942,6759,190,2688,3718,4364
7294: 8139,1982,7738,5067,2746,4645
7295: 641,4391,1223,4149,7330,931,2956,4201,2392,1630
7296: 1948,1659,5470,7047,199,5577,2774,7122,4263,6443,3890,2858
7297: 2645,4814,2770,4702,1127,5166,796
7298: 5191,1089,859,980,2820,5807
7299: 5054,6908,2108,1766,988,398,3247
7300: 5652,4000,323,1758,4747,5220,1062,2659
7301: 2747,6370,3672,1093,1369,5370
7302: 5781,4062,2023,2158,475,2305,5597,5724,7810,4437,1395,1747
7303: 574,329,7719,4221,2244,1815,1141
7304: 5482,1537,1256,2914,4597,6343,3333,3114,6983,1613,801,5055,131,5551,6438,7876
7305: 4313,1853,2920,2838,2565,1694,549
7306: 3199,4543,2393,6661,8140,104,6961,399,6793,5342,4440,2711
7307: 1831,6976,2132,6355,2689,5154,2310,1320,7797,5580,698,1344,6541,1930
7308: 5067,4052,5066,942,1605,7615,3501
7309: 2878,5152,1204,6356,299,5011
7310: 1317,7553,4076,5285,1549,919,5721,8028,6917,55,301,7604,3936,1802,2536,6071
7311: 2445,5052,5023,955,5718,2201,6825,1281,3365
7312: 1919,7268,5838,1361,424,5903,7471
7313: 5333,3036,276,583,525,683,2406,7561,7449,8075,3760,2199,5338,3264,4173,2084
7314: 777,2280,6853,232,5502,6410,6238,462,1282,4007,3600,833,3165,1793
7315: 6113,2892,6203,1592,4153,2146,7880,7686,592,6713,7668,608,12
7316: 2328,3609,4864,244,6920,7558
7317: 5887,5110,6342,4053,7050,6567,6804,1125,1014,3887,3797,1540,2987
7318: 2115,4132,2374,5915,2701,5103,215,4478,3793,2337,5620
7319: 5767,3335,7388,7545,1614,399,6542,5342,2393,6961,4440,5464
7320: 2969,842,2358,1570,1357,3902,41,7588,4071,6271
7321: 277,960,986,5497,3357,1243
7322: 240,7259,1949,1017,3360,6493
7323: 3334,3926,1561,3074,1085,6318,780,102,8130,6333,5030,3362,1279,4998,7248
7324: 1025,6741,639,5973,4687,2966,4308,4798,5738,800,5407,1161,3577,3376
7325: 7922,6392,3968,4019,6795,1739,2183,6234,6249,383,4695,3654
7326: 3081,7348,6518,7523,8099,6564,8102,555
7327: 6589,5869,6542,108,5082,2715,3437,1486,6899,3315,1614,8169
7328: 2895,45,3979,7424,2480,3722,5570,1771,4524,5996,6689,3373,4654,3697
7329: 1832,4550,4985,576,7941,1782,4898
7330: 5861,4149,2821,3181,7295,2956,4326,1950,6031
7331: 7418,613,2574,6646,5498,791,4897,1389,1068,6611,5496,1557,5624,2886,4176
7332: 5763,3579,2910,6433,8022,2245,4385
7333: 6663,4044,3119,526,3201,436,1040,7597,4260,1637,3472,5262,2412,6624
7334: 2666,5150,635,4584,3778,4527,7355,1803,1733,3367,5804,2078
7335: 5365,2596,3429,1950,4641,941,2239,3973,7984,5298,6096
7336: 1540,7919,521,2707,5633,3067,3699,1920,165,6342,6464,4770
7337: 5451,7230,547,2983,86,4054,1897,4379,3870,4178,4552,6132,6481
7338: 6624,4196,3944,4029,258,678,7032,4964,1363,4593,5262,5327,7824,2412,7826,1780
7339: 3847,840,3884,5845,7408,6995,1454,3623,2047
7340: 6642,3659,1138,2690,7845,1507,833,3165,6450,7013,1793,5502,4926,7931
7341: 2662,2325,7764,6422,1257,4035,4708,8088,769,6078,1325,1657,33,2320,808
7342: 3125,4316,4920,1577,3316,723,7288
7343: 3565,4905,6662,5231,425,3447,5237,950,1144,3471,5918,3069,1406,5943
7344: 6093,4292,278,3496,5494,3425,3655,5297,6284
7345: 1305,426,3196,979,261,5803,2035,5238,4613,5768,6609,2555,4846
7346: 6247,400,2083,1332,4872,5251
7347: 6789,31,7917,6238,3462,462,279,8049,3765,8145,1282,6585,777,4454,6410
7348: 7326,8102,555,5131,6819,6266,3407,2850
7349: 3108,4413,266,932,1578,6235,7001
7350: 5046,280,128,7926,3833,5425,1471,5002,755,2931,4631
7351: 6458,2160,577,158,5079,6521,3367,5804,2299,7708,7835,6105
7352: 721,5343,3041,6305,7627,670
7353: 7635,6723,7139,7696,1579,2155
7354: 6290,2173,1405,6245,7120,7375,8124,3548,3124,1658,1685,778,7577,4328,7431
7355: 1803,1733,5079,5804,7334,5150,3778,959,2545,2078,497,364
7356: 1683,7990,169,3981,843,1580,6145,3872,7439,4577,5762,6573,6939,6428,7560,3777
7357: 7828,7676,1804
7358: 4172,2716,522,7882,1553,4892,6952,4928,216,2032,6679,3983,8111,1302,6782,4141,1049
7359: 1054,7958,3295,3550,8143,6698,7732,5339,8180,1526,4055,5886
7360: 1926,1005,4623,900,6501,4559,2482,2206,5478,4026,1704
7361: 1283,7563,533,2092,5473,3046
7362: 1587,257,8031,3633,578,3542,8146,2618,6966,7804,142,7265
7363: 6566,5318,783,2353,416,6775,2472,1284,6431,6328,3214,3284
7364: 494,7920,6490,5145,8050,4253,871,7741,1205,3237,2344,4200
7365: 6944,3773,1036,7602,5349,2037,476,4238,7578
7366: 2893,418,2769,1007,4679,5085,1431,5347,4815,3073
7367: 7627,670,121,3271,1951,7554
7368: 2509,1189,5990,7442,2874,550
7369: 6625,1596,8142,136,4180,8054,4509,3916,2068,8098,502,6943,3042,515,4389
7370: 506,3877,3120,2987,6190,4750,6786,6076,5099,1123,288,7634,1246
7371: 3847,2190,3060,901,5845,3576,4785
7372: 3739,5520,5631,3819,679,1669,7748,4508
7373: 841,633,5446,6143,5077,2768,3866
7374: 7904,3621,3031,6061,3509,6935,4056
7375: 7354,6290,2173,1405,3888,7120,579,6855,2323,6500,8124,3548,3124,1658,4328
7376: 1894,2257,1242,5806,614,2913
7377: 5266,680,5847,4030,6808,4069
7378: 1107,4732,7898,2558,998,6740,1751,6997,2691,6033
7379: 6321,759,3587,5556,580,3533
7380: 6647,7276,2438,1429,52,499,371,7980,1534,4037,5864
7381: 615,3256,4837,2939,8073,2561
7382: 4071,4568,5415,3037,7116,842,41,5941,1921
7383: 5410,7617,1404,1146,3121,5880
7384: 7940,3047,25,5051,5371,2268,3293,4741,814,1285,7590,6508
7385: 7867,3745,7932,5485,7606,6018
7386: 8036,282,905,4057,4615,596,7770,5544,1987,2507
7387: 6038,1064,3863,477,46,5419,2362
7388: 5767,844,1907,3335,5165,7545,1614,7319,399,108,4440,2600
7389: 1696,5818,2094,5346,5124,3929,478,2692,1421,6005,219,7497
7390: 4273,2254,3276,5792,902,8036,5297,7532,2407
7391: 581,7429,4695,4369,4275,1924,4689,2287,3560,4480,3654,7694
7392: 116,1358,3373,8153,2197,345,4402,4654,5017,3697,7182,3979,3722,5570,6689,6581
7393: 6707,5431,4595,967,1753,3763,1542,6479,3195,408,2923,4669,4529,3122
7394: 7480,851,324,1693,6768,2343,4573,5727,7663,2095,3906,1954,5598
7395: 4157,3825,2583,5163,3203,1148,7071,2030,4520,3141,6255,1430,3003,5695,13
7396: 6603,2695,2737,7159,2468,5215,178,2530,708,4322,1248,4868,1906
7397: 5725,2928,3957,6416,3288,6407,1359,4795,254,7763,3193
7398: 2836,3762,6478,6308,233,3212,7641,4058,3163,1742,781,1101
7399: 2826,3226,1048,3535,7624,2717
7400: 974,1822,7848,4431,5489,5818,2692,6482,553,7077,7540,390
7401: 1610,5681,7800,913,882,6279,5400,1842,3772,401
7402: 479,4081,6474,3640,6454,2234
7403: 2223,246,2887,5237,1318,3869,7827,965,950,5463,1144,6056,792,4910
7404: 1464,1385,7573,3299,5057,4975,7957,2749,2822,1541,7879
7405: 6108,2008,5171,3813,4517,681,4711,2784,1631,4943,3107,6310
7406: 1691,3460,4018,6074,6750,1952
7407: 3285,1432,2769,4679,5085,1431,2578,4213,4448,2625,1034
7408: 4126,4844,1454,247,7339,5265,3884
7409: 4786,532,61,551,3344,6562,6337,8175
7410: 81,7818,2271,3090,3386,4859,4426,5133,1299,1866
7411: 682,3246,5978,873,7284,2542,5222,1779,4556,4663,2371
7412: 1342,166,5842,469,5097,7024
7413: 4807,375,630,1468,3336,4571
7414: 5960,2606,5372,3329,4123,1734
7415: 6344,6243,3287,2526,6999,684,2625,7455,3285,1432,1431
7416: 5208,4840,8106,5362,4012,4479,853,2591,6275,34,1703,7209,4051,2097
7417: 8055,5157,8162,6208,1296,788,1953,1490,6346,3543,5312,3518,6181
7418: 281,2678,613,1058,2574,7331,6646,3924,3140,5942,6759,5498,791,4897,4176
7419: 3103,220,5261,427,1834,6859
7420: 2196,4059,38,4994,4587,4588,7510,6864,1467,7100,1956,3327
7421: 1287,7623,1452,7899,3610,2529,1559,4247,4740,3619,123,3859
7422: 5907,2894,6171,7594,6399,1110
7423: 7864,7492,3786,2823,1067,4296,5151,5471
7424: 2895,2554,1789,7328,3722,5570,6196,4524,5996,4189,535,1069,4531,3697
7425: 5856,3254,5808,7047,5577,4555,3757,2017,2964,736,1377,4618
7426: 3552,8159,1132,2394,5729,7507,2248
7427: 3043,292,6204,1011,1496,5836,339,5253,6816,4239,3236
7428: 582,3306,495,137,2587,3746
7429: 1667,4695,4275,945,2287,4480,7391,5897,3901,6484,3530,402
7430: 2186,4248,7930,6083,1581,7158,3404,4883,1022,1192,2351,8019
7431: 4060,3387,778,7577,6887,4328,3091,7868,3124,875,4605,6964,1658,7354
7432: 4122,8182,428,3131,449,4655
7433: 2411,3348,814,1433,1383,7968,1285,5399,4564,466,6069,5382,6508
7434: 4223,5859,2970,7592,2694,638,2967,4646
7435: 5475,2991,6413,5961,1128,2441,4113,3921
7436: 5282,6613,2286,1062,797,1805,2776,5603,7792
7437: 1660,798,6214,988,398,5290,6873
7438: 5297,282,905,4057,5544,1335,1533,3653,6093,3496,2863
7439: 1683,7990,843,1580,4577,4895,5762,7356,6573,6428,2071,7560,3467,3777,2050
7440: 3029,5819,827,637,5434,2824
7441: 16,460,1762,276,1692,583,4843,525,7821,4092,3025,3476,8075,3760,6035,5350
7442: 7368,2874,550,4931,4112,326
7443: 1661,4387,3480,6977,1274,6042
7444: 4978,2252,1904,7578,4238,6187,1640
7445: 6241,167,2785,6631,5069,3784,6319
7446: 176,584,7734,6086,4407
7447: 7514,2024,7685,601,1827,3347,5519,493,3044,5573,456,5249,4347,3612
7448: 2067,6453,862,6115,3891,7914,552,6392,3100,5696
7449: 4964,683,2406,1363,7561,7058,7313,3036,276,2199,3264,7129,4173,2084
7450: 3730,5131,283,2843,964,4233,3694,2246
7451: 6883,6139,362,5212,3888,3506,5825,6500,4080,3769,1735,3056,676,943
7452: 1510,2385,248,4501,2398,6751,1211,2179,2487,3978,7795,7019,4805,5357,2632,7244
7453: 3608,3184,6141,4199,1075,4129,3304
7454: 1330,5058,2334,6228,5146,5915,1656,970,2512,2072,1434,6766,6847,4336
7455: 1373,4213,4448,3984,2625,6253,8146,1624,6999,684,7415,1432
7456: 3308,3538,7632,8031,3633,4290,4682,249,4241,4507,5008,6307,4769
7457: 6888,4544,2395,7201,7569,1044
7458: 1360,3468,1001,3402,4337,2629,518,2355,4085,14,1688,5971
7459: 3344,8175,2882,7860,3337,4948,6007
7460: 480,3827,7131,2275,1799,2836,7881,233,4567,5092,4884,815
7461: 4334,337,2718,2798,712,3081,6518,7523
7462: 2782,3911,3644,1095,8178,6441,2247
7463: 5889,4070,1973,36,403,5402
7464: 6990,3164,6440,3418,3732,616,4943,6310,5988
7465: 5267,4419,3771,6774,3647,972,1595,7572,284,8189,6861,7156
7466: 7551,589,1697,1435,7255,2990
7467: 3750,7667,1536,3338,6470,6612,733,7119,2304,7109,234,1730
7468: 7976,4728,2541,2134,51,7793
7469: 6331,3660,1425,4315,2623,3656,7233,5949,443,4168,3323,174,1436,5423,984
7470: 4776,1806,1511,935,2955,5991
7471: 5903,6879,1361,2283,3597,7312
7472: 2005,5552,1529,6119,3326,1662,392,6250,2291,7073
7473: 3255,6540,1470,3381,5384,3991,6398,4234,5653,404
7474: 1265,3893,6680,2250,6054,3027,7565,813,430,6509,6780
7475: 5022,3628,3853,4409,481,2127
7476: 4068,3191,6272,1795,2748,4977,7974,1609,6719,6377,3269,1576
7477: 3243,719,6176,561,2743,2719,4790,1045,774,4745,4504,3443
7478: 6421,4158,6514,685,630,1468
7479: 4533,1143,1648,3831,3005,7063,5568,7146,5018,207,1043,5829
7480: 851,6971,324,6768,7394,4446,3919,1954,6226,246,3869,4038,7827,1882
7481: 8017,585,2269,7204,2308,2658,4343,702,3341,6312,4104,3894
7482: 686,6507,316,3063,7603,1616,3350,5741,4269,8147,3048,3551,3373,345,8048,7489
7483: 1798,8152,7124,7106,2396,4040
7484: 4594,1582,789,6150,5087,250
7485: 5247,1558,3510,463,3346,2525,1663,1024
7486: 3153,3334,1085,780,8130,206,5030,3132,4998,7176,3744,6602,1315,6571,1129,7857
7487: 3016,7760,6903,5332,4504,617,2733,4198,3243,2719,1375,7780,2755
7488: 4717,5412,5044,2376,1206,194,5749
7489: 116,3048,2945,1807,345,5536,8048,421,7603,1616,7482,5841,3350,675,4885,2500
7490: 3432,1738,3504,1800,7540,3341,8059,3894,7752,618,3134,4810
7491: 7279,4236,250,4731,5087,3719,4940,4346,5966
7492: 6061,619,3786,4056,2439,2823,7423,4498
7493: 3638,4904,1460,2918,1497,3822,1528,6197,2961,2258,3159,6101,4997,4919,6192,431
7494: 6875,2484,4691,4245,1481,3300,239,3950,1884,7035,903
7495: 7629,3947,6846,1754,3933,586
7496: 3531,603,1664,6778,700,6569,1106,3478,7981,7722,7969,6008
7497: 6482,553,1421,3263,7166,6005,7389,5818,2094,478,2692
7498: 6595,1698,4340,3026,1207,6471
7499: 1665,7861,7807,2762,759,5202
7500: 620,1403,273,3970,3669,7646,5068,6092,3806,5422,6865,5701,1837,6779,2647,2827,1152
7501: 2748,3854,5031,6953,7611,148,3832,432,8005,5016,1795,1958
7502: 4624,3761,5074,7761,6134,2243,3923,8105,5599,802,2513,3339,5786
7503: 4041,1028,6889,2539,1955,2119,4962
7504: 4834,8075,4522,1241,2825,3001,3760,2199,6035,6565,5338,5350,276,346
7505: 1003,2735,3580,5461,7052,315,3260,3368,1774,3340,5832,1158,4011,6667
7506: 291,6843,7648,3290,587,465,6820,1617,2808
7507: 8159,2394,7426,2619,1913,4183,2248,5448,39
7508: 1492,2193,168,4505,6821,3881
7509: 701,2720,6434,6754,3319,4598,785,4995
7510: 7547,6864,1467,5455,1349,7100,5491,1956,4059,38,7420,5254
7511: 3016,1389,6903,2483,1736,5453,5332,4944,7292,1303,2744,2733,4198,4614
7512: 554,4732,6740,2098,1808,2444,4395,7239,1520
7513: 5898,6354,908,1437,3731,1162,3837,356,2204,5882,7620,7769,1164
7514: 2024,7447,6300,2432,1096,7685,601,4823,493,4648,6194,3123
7515: 2801,5411,4905,6914,3447,844,313,7816,7012,2600,5793,3471,1438
7516: 4710,4941,5283,2151,2397,2010
7517: 2642,1560,5951,433,2101,4560,2369,2410,4787,4808,5075,3865,8185,3384,1465,5730
7518: 164,2496,8029,5440,200,3689,3550,8143,2563,4923,1288,930
7519: 1308,2670,3139,5354,251,5109,975,1135,3756,355,2382,5358,8046,3296
7520: 6608,1648,285,7063,6593,4225,3774,6461,1651,4439,2775,3155
7521: 4825,966,2891,302,7155,1439,4574,7566,1079
7522: 3466,1130,1233,3204,2592,656
7523: 3081,6518,4607,8099,7326,555,2948,4661,7461
7524: 7694,3059,6072,7701,3461,2142,3370,687,6610,1367,1739,3654
7525: 4211,1957,4064,6420,4888,5158
7526: 3699,7291,2123,917,5269,3578,1188,1002,1356,2721,7886,5501
7527: 7076,3405,2534,3658,7854,696,4286
7528: 4717,4784,572,2348,1420,904,6678,1005,2206,5902,2315
7529: 6424,5635,1271,2655,4028,6446,1737,6225
7530: 2760,6127,2229,3369,688,3267
7531: 1440,6498,6894,5309,2856,3446,217,3762,7730,3212,912,1142
7532: 902,8036,5297,905,4057,2407,7390
7533: 5270,6548,1418,7036,588,3814,510,5977,8082,3434,1893,3910,4277,6635
7534: 6285,3614,1098,1994,6974,1695,270,906,1726,7868,5295,4657
7535: 4223,3688,2694,976,3045,1390,192
7536: 4086,5995,3828,5984,689,1922
7537: 907,3242,1457,2010,5283
7538: 4456,2630,2611,3858,2249,545
7539: 1510,2385,4082,3506,5750,248,4501,631,3860,4195,2398,1993,4670,5825,7019,5357,5240
7540: 6525,1738,3504,7490,7077,1800,390,7400,3341,7848,5665,4431
7541: 5934,4007,732,1635,4140,4907,7931,3600,7199,1362,31,462,8049,5695
7542: 1448,4338,7997,6557,4471,2896,2840,2685,4475,339,5937,1787
7543: 3162,5777,4799,3834,3240,1638,7684,1829,954,5882,6341,2428,5589,2161
7544: 3743,3218,3874,1718,4219,5743,12,6506,434,6690,4360,592
7545: 844,1907,3335,7388,1614,7319,313,2086,2801,5464,2600
7546: 1107,4732,2558,3964,1808,6077,4305
7547: 7510,6809,6864,690,2222,5455,1349,3497,623,5491,7911,7655
7548: 1831,2132,2984,1847,6322,722,1131,4879,2069,5387,3065,4856,5796,72,2079,7290
7549: 2535,7836,5893,5595,2809,167
7550: 3012,4265,435,2280,3889,2006,6853,4454,7027,2985,706,1179,407,7614
7551: 6452,2897,1697,7466,3986,1435
7552: 1739,2183,7912,6234,1604,4714,3100,831,6520,6249,383,3461
7553: 4076,7310,7939,919,5721,6148,437,1802,2536,773,740,8001,5701,6779,7952,3970
7554: 6452,5123,2897,670,7367,1951
7555: 3414,1868,6353,5817,4306,4280,5090,6117,3682,1441
7556: 4034,6397,1642,4274,4351,3220
7557: 2382,117,3330,1809,6769,8046,7165,6747,3785,6824,1383,4894,466
7558: 4420,244,3766,8149,7316,3609
7559: 57,3999,4496,7846,1508,3920
7560: 5827,3051,1551,4916,3467,6927,3777,2050,1974,7990,169,3872,7439,4577,4895,7356
7561: 4964,683,2406,1363,1341,7058,4593,7824,7449,8081,7313,3679,7129,4173,2084
7562: 5330,4649,4183,2248,2639,90,1132
7563: 2350,1283,7361,3046,5172,349
7564: 3283,6242,2781,1867,724,4323,5574,930,3408,2048,1583,8125,6496,2313,2932
7565: 6054,1728,3217,7040,813,3893,6680,1548,2250,2403,7474
7566: 1439,2399,7699,1295,7733,3459,5190,302,7521,5117
7567: 286,1169,5537,3723,4746,3417,6794,2319
7568: 6849,729,624,2455,7678,5687,1179,2621,2031,2400,6664,3904,8008,1477
7569: 2395,7457,3026,1044,845,6340,1207
7570: 157,6176,561,8138,3764,4790,4600,1045,774,6371,2522,2401
7571: 3686,1088,6927,2050,5170,7966,8040,3023,2968,4582,5935,5800,58,1873,3495
7572: 2251,8189,7156,1483,4166,5267,4419,7465,6538,993,3144,2034
7573: 6022,1385,4975,7404,1104,7033,4668,2749,2822
7574: 170,1851,3779,4702,2118,4814
7575: 297,5143,5005,7914,1364,2844,7657,3909,7713,2884,441
7576: 2649,5862,3491,2899,4494,3594
7577: 4060,3387,7286,1685,778,6887,4328,2631,474,3302,7431,3091,3124,7354
7578: 7444,3773,7365,4238,429,2517,6187,2750,1712,4298
7579: 292,3581,8072,7671,5019,6716,1011,5937,1787,590,3829,5396
7580: 538,7135,1945,7031,6131,1473,3382,8192,1020,6591,4378,2337
7581: 4713,1056,4606,3528,320,159,1159,649,7179,2044,7943,5120
7582: 464,6388,6817,5648,3892,4623,3957,2926,254
7583: 107,5355,1986,2117,3520,6444,1442,3312,4169,8165,5541,2540,7779,6336,1444,2976
7584: 2559,692,2722,1328,6155,6248
7585: 909,6896,3649,1214,7871,5655
7586: 5953,3570,1584,6428,2001,2790,2071,5578,455,843,4895,5762,869,6409,5800
7587: 3188,1365,7817,2054,4861,1652,816,8065,125
7588: 558,3534,1149,7622,6806,4874,7869,2969,7320,2358,1357,6271
7589: 2402,3775,4447,1644,78,5236
7590: 1940,5291,6508,4700,6026,4741,3348,1285,7384,3047,3855,25,5051
7591: 7008,6625,2113,1596,920,4774,8079,8054,4509,591,3981,7942,3215,6939
7592: 7434,2970,2694,2922,638,4646,2244,1815
7593: 135,7698,1133,2216,2772,129
7594: 621,1334,8032,6171,2894,7422
7595: 1826,4563,3004,2900,3824,4182
7596: 2062,1905,5569,490,2608,4541,5176,5974,1370,7715,4102,3836
7597: 3201,436,1040,1134,7333,3119,1637,5262,5327,2412,6624,1796,7032
7598: 3799,7254,405,2574,5624,3383,4820,7631,817,6014,488,2368,4862,5892,2463
7599: 6807,864,5162,1443,3086,2920
7600: 7695,1294,1531,3767,8148,4145
7601: 3959,6651,100,6207,505
7602: 6944,3773,7365,5349,476,4238,2750,4298,3564,768,5050
7603: 686,316,421,3063,1616,7482,5841,3350,5741,5299,3048,1807,345,8048,7489,675
7604: 437,301,4172,3629,1802,1553,2536,5923,6071,6952,4928,4076,7310,7952,3970
7605: 8097,4891,6306,3406,3412,6947,2446,8144,569,5740,3378,1585
7606: 7867,7385,3794,910,6018,4791
7607: 269,2901,6088,3512,5140,6686
7608: 7064,6578,2489,66,4726,1253,2641,3049,6576,756,8113,4993
7609: 5656,6761,5967,1874,127,5316
7610: 6114,1545,6246,3456,2861,6967,4487,1871,308,4327,1109,3516,235
7611: 1981,4148,704,8158,148,5649,5016,2297,1958,7501
7612: 1776,804,1586,5081,5264,4027
7613: 5223,1090,8168,6830,6038,46,2818
7614: 2352,2258,407,6259,4167,6101,4997,4919,4130,3012,7550,4265,2006,5021,7027,2961,706
7615: 1768,7675,8009,3529,5066,1605,7308
7616: 748,3050,6211,1404,2573
7617: 5410,7383,1289,6211,3064,1404
7618: 3175,3854,1606,5031,6953,2488,7655,3832,8140,432,5761,6809
7619: 5980,849,1366,3278,318,7153
7620: 3837,356,2204,5882,7769,1437,3731,7513,1164,1399,4827,252,5956,2294
7621: 3858,3588,2249,438,7114,4046,6264
7622: 558,3534,2321,6806,7588,2969,41,6271,6904,2403
7623: 1452,5771,4688,6532,1019,7421,7899,3610,6718,6298,2307,123
7624: 2826,6239,7399,3535,6077,1107,7898
7625: 6546,3708,1345,4107,5641,1290,5271
7626: 2498,2765,4096,4214,5531,4861,2971,3216,1337
7627: 670,7367,121,721,3200,7352
7628: 6004,2902,1133,2216,1936,6098
7629: 5276,2375,3947,7495,6846,287
7630: 1493,5891,2986,2855,2404,5447,7210,5733,1394,2327,4193,6918
7631: 6354,1557,5624,3383,4820,4176,1162,7598,3799,7254,405,2574,6646,6014,2368,4862
7632: 1587,3308,3538,7456,8031,3633,4290,578,3542,4682,249,4507
7633: 8044,2993,826,7851,5802,1447,1974,4491,4829,169,3872,5827,3051,1551,4916
7634: 5099,1123,288,3160,5910,5579,6804,1246,3849,6190,4750,6786,7370
7635: 1060,7353,6723,1579,846,4398
7636: 5647,22,3032,7006,1114,1073,1466,5583,6583,7037,7736,5397
7637: 6704,3625,289,2965,1942,3908
7638: 2854,2582,5003,385,718,5901,327,1672,1611,7269
7639: 2524,2723,6938,6544,1719,3225
7640: 3191,1012,3052,4466,2553,4706,2627,1609,5147,2589
7641: 6530,3762,7730,6478,6308,8109,4058,7398,3163,2972,1742,3975
7642: 3376,622,6993,6735,3481,7894,5348,6640,3887,2386,652,1909,3618,6772,2740
7643: 1334,5168,91,3960,4282,6519
7644: 1077,2133,5059,6218,5513,1959
7645: 3522,4138,238,3702,290,7147
7646: 620,1403,7500,5068,6092,3806,5422,6865,1837,221,2647,5027,2827,1626,1152,6221
7647: 3815,1003,4930,4588,171,4608,5670,4075,1094,5477,6599,209,3875
7648: 291,7506,6843,4474,1617,7190,5849,2808
7649: 439,3961,5791,4758,3783,4161,1260,7711,55,6065,2958,4284,3507,5479,5285
7650: 3002,5036,2652,646,4725,4410,1588
7651: 1960,7224,7124,4047,1706,4857
7652: 4658,5161,172,4020,6832,1772,994,1160
7653: 3998,4685,4065,6902,1991,1810
7654: 173,1310,2339,491,8103,4490,7662,2289,3982,5795,2650,5098,1469,4841,7677
7655: 3175,5565,1606,5070,7618,2488,7547,6809,2222,5455,825,623
7656: 3927,4110,739,1291,6676,1196
7657: 7768,889,2004,2844,2724,3909,7575,2979,8078,7713
7658: 2665,974,4887,5437,3966,4104,1862,492,3994,4773,6801,5104,2308
7659: 3291,3791,3513,5336,691,6158
7660: 4016,5216,4111,1888,6652,1347,6742
7661: 8173,6090,847,109,2219,6922,6909,3523,836,6360,3657,5116
7662: 173,1310,2339,491,2370,2727,7654,8103,5329,560,4707,4490,5954,4637,7677
7663: 324,6768,5727,7394,2095,4446,3906,1954,8056,1292,2763,2883,5888
7664: 7144,2239,3973,328,1073,7984,1950,6031,3435,5181,6583,6096
7665: 5717,128,3833,4001,5205,3111,2579,7217,4125,1074,7029
7666: 2982,2636,692,3567,4350,5511
7667: 8000,3750,1842,1536,3338,3366,6470,8191,7467,733,234
7668: 4372,1154,2745,7264,608,1592,4153,7315,7686,4077,857,5743,12
7669: 5747,2203,5175,1932,1208,5449,2420,6063,6511,198,2751,3342,1267,4249
7670: 382,2788,7220,5137,1911,6023,5373,6358,1589,6856,647,3354
7671: 3043,3403,292,977,6204,7579,8072,6716,1011,5710,5525
7672: 878,978,569,2973,235,5740,3378,3232,6967,4487,1871,1109,2029
7673: 130,788,3611,2135,1573,1812,3359,4320,4697,6925,6166,7707,7963,1875,4032
7674: 6780,39,6344,1674,6254,1265,3893,2250,5571,5448
7675: 4273,1768,3276,3529,7615,2291,5552,1662
7676: 2828,1804,7357
7677: 5795,7682,1961,2650,5098,1469,4841,1293,173,2339,491,7654,4490,7662,4756,4952
7678: 6849,3518,729,2460,1790,6181,624,2455,5687,7568,6053,2031,2400,6664,1296,8008
7679: 7688,4756,2312,5732,2264,3934,4177,625,1961,1293,1259,3433,6528,4952,5428
7680: 5127,2593,2725,3903,5045,334,6491,7918,3343,2120,5335,794
7681: 7090,3021,331,8069,4519,6369,7152,60,1813,7065,5299,7003,1792,5844,7096
7682: 1940,1620,1961,2650,5291,1004,5098,1469,4700,6026,2752,1293,7677,2312,934,625
7683: 6880,6962,5113,2338,440,468,2644,4867,956,7701,2142,2889
7684: 3162,5777,3834,3240,4184,1638,5379,7543,1038,954,2428,5589,2161,6636,3274
7685: 7514,2024,7447,6300,1096,601,1827,3347,493,2372,3044,4429,4648,5249,3123
7686: 6506,434,7880,592,6713,2892,1592,4153,7315,7668,4077,5743,12
7687: 5080,2646,3558,5009,4168,174,4228,5024,2467,4613,7059,2555,2623
7688: 4430,4756,7679,2312,5732,2264,3934,2433,4177,5671,6480,625,1961,2752,5428
7689: 4667,1878,562,565,5986,4373
7690: 7922,1035,1268,6504,3968,5897,3530,4695,945,4480
7691: 3201,436,7108,837,7219,1040,1134,4903,2238,4260,5352,1796,2490
7692: 2059,7194,848,2262,5140,1057,5456,4622,1422,4410
7693: 3640,6854,7925,626,1118,6474
7694: 7524,3059,6072,6517,340,3370,4369,1924,4689,7391,3654,2905
7695: 6702,2253,1294,7600,1531,3767,7249
7696: 7353,7139,4602,2155,627,5766
7697: 543,447,2906,2272,106,4652,2804,5088,2556,7177,5386,3438,1061,6592,4876
7698: 1133,1936,7593,2873,3835,129,7934
7699: 1439,4574,6268,6566,6068,7566,2399,1295,1193,7733
7700: 1490,4083,628,1307,389,2523,7018,2180,3099,7261,5312,5925,7757,6585,13
7701: 7524,3461,2142,2889,1367,1739,7912,4714,831,2644,440,7683
7702: 3646,6033,5395,82,2717,197
7703: 7991,3960,3457,3626,6622,1087
7704: 860,5263,237,6833,293,5834,6008,7130,7820,3583,2805,1106
7705: 4718,2469,1892,5976,2917,1689,8151,6203,2687,7222,47,1368
7706: 5205,6273,4596,2907,7905,5788,1632,4759,1532,2579,3851,320
7707: 130,3611,1812,3359,7673,7963,5582,4362,4363,2335,1946,3453,6892,3841,1232,4586
7708: 4891,6306,3517,3058,2753,2446,6097,577,158,7351,6521,6105
7709: 4342,1903,1300,1185,2547,2726,6154,999,4823,2372,6776,6229,4727
7710: 2020,3483,396,1865,3458,5311,2962,7054,5870
7711: 439,2513,3961,5791,3339,4161,7649,6134,2243,3923,7290,3507,5479
7712: 1308,2670,3139,1615,5354,251,1135,6138,6582,5715,805,2220,5751
7713: 8078,6929,3705,70,6293,7657,3909,7575,2884,1035,6504,441
7714: 83,3680,2789
7715: 2062,490,7596,4102,3645,5393,6052,1731,3836,5826,2427,7229
7716: 2829,5481,4433,4072,1823,6969
7717: 773,3525,1343,8001,7157,6475,2218,3129,7939,1147,3704,6148,5329,560,4707,5954
7718: 2426,1369,5441,3725,5370,3615
7719: 2230,7137,329,7303,4221,1815,1514
7720: 3565,2609,1677,6662,5231,175,2581,1352,2887,965,950,4540
7721: 79,3635,2255,4380,3701,1221,6027
7722: 3663,7981,6172,2023,7798,2158,5985,761,7969,7496,6778,700
7723: 6561,2830,1708,6348,1700,5321
7724: 3883,1417,8012,911,4302,2270
7725: 6693,5921,3158,2728,929,8066
7726: 5747,1636,5833,2203,1932,1208,5449,4811,644,2876,5010,6380,3244,8117
7727: 1767,2974,4676,3800,7794,4114,5062,2661,4150,2306,2925,6291,3557
7728: 7253,242,1139,7850,2256,881
7729: 2363,1025,3301,3384,639,5973,1465,4808,5075,3865,7999,7840,1137
7730: 6530,3762,6478,6308,3212,912,7641,6894,7531,2856,3446,7131
7731: 3255,1761,1470,2959,4234,5653,2537,6396,3079
7732: 4991,1054,7958,6487,7359,6698,3555,4261,818,8180,2908,4955
7733: 3459,7010,7566,2399,7699,5190,302,7994,5117,193
7734: 176,7446,3305,4407,6590,1521
7735: 6527,8030,5899,1209,2205,992,2560,4493,4751,8132,86,4054,3870,7799
7736: 5406,2981,7037,2860,368,2754,7260,5397,2011,1114,7636,7006
7737: 177,6424,1271,1525,3157,6691,378,2682
7738: 1982,6991,7294,3741,4645,3556
7739: 230,3962,5460,3607
7740: 2279,725,5555,6100,3532,5438,7786,330
7741: 2811,6300,2432,1096,6173,6309,2266,5659,4200,494,7364,5145,871
7742: 3021,2335,331,2827,1152,1946,4317,6221,6369,7152,5194,4362,3487,5027,4363,4586
7743: 2397,6858,3537,4941,2877,442
7744: 2864,1250,1252,2538
7745: 5617,1894,2257,3115,6048,812
7746: 6912,1962,1099,1210,7085,5654
7747: 6829,1348,2675,770,332,607
7748: 7372,6448,3819,1669,4508,8,5260
7749: 2975,4863,4086,3828,7242,1972
7750: 3563,3385,4924,1668,5920,4408
7751: 2909,4289,2976,2000,4103,1117,6336,3520,570,7020,4523,2228,3174
7752: 8059,3894,618,98,3341,5665,6312,585,7204,1738,3504,7490
7753: 5711,4492,8172,1664,3094,3478,2940,1896,236,1070,2935,2977
7754: 3291,530,6522,1108,4332,2831
7755: 2978,6316,4699,3102,807,5775,1037,1478,487,5586,1353
7756: 1308,2670,5888,3139,1615,4809,975,3756,5598,2832,5443,300,1933,5505,3906
7757: 6603,7159,5917,708,4520,4083,628,7018,7700,3825,2030,3141,13
7758: 1388,536,351,5374,3612,2952,5160,2802,1105,2583,544,4347,5919,3347,5519
7759: 4085,1052,14,2928,6416,1688,6407,5944,5971,3345
7760: 3016,1829,7487,77,2060,5156,5332,3677,3162,7780,4799,2755
7761: 4624,4856,3698,3761,5074,2079,629,2243,7502,3923,8105,1769
7762: 2974,3800,5883,7794,6365,4114,3557,2833,1607,6697,1925,1908
7763: 1359,4795,2926,1939,254,7397,3957,3288
7764: 2662,6380,2325,3244,1257,4708,7341,111,4811,5951,769,6078,5730,3613,1657
7765: 3592,3676
7766: 6113,5787,2892,6203,2687,47,4153,1368,2146,1924,2287,2917
7767: 6081,2888,6863,8070,3532,772,3286,330
7768: 3719,2004,4940,7657,7279,3332,1723,2979,70,6907
7769: 3837,1372,954,5015,2204,5882,510,7620,1437,7513,1164,252,5956,2674,4277,2294
7770: 6540,255,7791,3381,3963,1987,2507,2187,454,5073,7386,596
7771: 5873,5989,6002,3716,2290,2539,968,457,4962,8085
7772: 6710,4795,752,1939,84,6485,6940,540,6137,3726
7773: 5824,243,5959,3792,7266,3755,3742,4181,7127,94,4048,8037
7774: 4305,452,6895,3964,2617,3303
7775: 5514,1979,3431,6373,2141,4778,6439,2514,8094,3066,1590,6765
7776: 294,7282,2572,1781,2284,5558
7777: 2756,5646,6926,1373,4213,8039,4448,3984,2625,1034,7947
7778: 6139,122,3356,5212,3169,4591,6245,6949,7044,1331,1783,2795,2532,196
7779: 2540,6981,741,2384,1117,6336,7583,3520,6444,1442,7020,2976
7780: 7160,834,3677,3162,4324,3240,2755,719,2719,5178,1375,7760,7487
7781: 3919,5108,1591,6885,7107,1192,3399,246,4038,7827,965,1882,4446
7782: 5303,3788,5484,1874,2980,7896,127
7783: 4424,73,693,1976,6497,4959
7784: 1020,3118,7275,4993,1458,3484,446,4132,85,4378,6257,3793
7785: 6285,3614,1994,3849,6076,906,4657,7212,4089,6090,836,6786
7786: 5776,6100,1934,5438,4090,1515,2834,3720,5974,15,7740
7787: 7243,6298,4651,2307,6000,7103,123,5474,1619,6532,7899,3233
7788: 3810,4381,5980,1918,5712,849
7789: 3020,6219,6623,6294,1505,5037
7790: 879,4853,6467,1072,333,6702
7791: 7770,4666,1761,6540,255,8068,1470,1928,3381,5384,454
7792: 5493,1805,3838,7436,2286,4939,5765
7793: 6321,1030,7468,2541,5948,2134
7794: 1767,2974,4676,3800,7762,295,5883,3354,7727,7220,6291,3557
7795: 2487,3978,8044,6402,89,4805,2027,971,6751,3738,2620,1211,2179,7244,7452
7796: 5227,2055,3955,6672,589,124
7797: 4077,3743,6152,3874,7913,857,5580,3990,5154,1320,7307,698
7798: 5781,5239,7722,2158,5985,761,7954,256,8150,3971,5241,6778
7799: 8132,86,3870,4552,6527,7735,1209,992,2433,2560,4493,4751,6024,3409,1398
7800: 1610,5681,7401,1931,5328,913,3096,5400,5877
7801: 1412,2835,453,6712,3692,4848
7802: 6718,3375,2610,4255,5742,5301,2757,5975,1101,5771,4688,6532,1019
7803: 3715,984,6996,568,5851,2090,6976,4388,1847,6322,443,990,2954,1436,5949
7804: 6923,1550,3189,142,7265,8083,7362,257,8146,1373,8039,3690
7805: 634,914,2580,5815,4665,376,4358,4870,6659,3379,602,8024
7806: 3306,495,868,6391,6614,1119
7807: 3533,7499,1665,2814,4205,759
7808: 2405,7161,1093,5370,3615,4107
7809: 850,5982,2316,2100,7069,5095,7938,6650,4459,4342,1300,2684
7810: 682,3246,873,7284,4437,2542,1395,1747,6555,3671,5597,7302
7811: 3034,1506,2279,7148,6813,725,15,3379,5555,6100,376,3787
7812: 6724,1743,4788,7221,1646,3075,489,2269,6994,163,2658,3678
7813: 2543,53,6701,856,5086,2703
7814: 553,1421,3263,2986,87,7166,2404,4330,6005,7878,4427,4692
7815: 2868,496,795
7816: 6209,7012,6549,1971,933,48,5464,2600,3335,313,7515,5793,1438
7817: 3188,1365,5682,4947,4570,7587,2054,125
7818: 3179,3593,81,2271,4483,1198,7410,3386,1299,7051,921,3716
7819: 6320,1254,5600,2686,6705,5100,542,2544,7829,3856,2241,3648
7820: 5263,6116,237,7704,4877,3583,2805,88,7123,1321,3972,1830
7821: 6331,1313,6327,4315,3656,672,4092,1938,6133,6560,16,460,1762,7441,1692
7822: 5046,280,7926,3292,3616,133,7992,7075,6633,2875
7823: 6222,3515,4764,1944,6992,2466,17,1066,6240,1113
7824: 4964,1363,7561,4593,5327,2412,8081,3944,4029,7338,258,3679,2084,7826,6009,1780
7825: 4937,6923,18,2522,611,6277,3189,4484,8138,4095,7104,1975
7826: 3679,571,2084,4335,6009,4964,1363,4593,7824,7338,258,678,1780,2812
7827: 2223,246,3869,4038,7403,1882,6056,3919,7781,7480,6971,324,6768,4446
7828: 7357,3680,5587,5611,1804
7829: 2544,7174,296,1281,3856,2241,5032,7819,6320,5600,5100,6385
7830: 4766,5,6012,3519,6387,2081,915
7831: 27,5560,694,2167,6972,7970
7832: 6479,2758,408,6919,3582,4669,6262,4675,2736,5533,1480,8121,4589
7833: 3501,259,6568,4497,4760,205,2300,5274
7834: 6267,5340,5361,3643,7214,1153,2519,4364,3546,695,838,8100,3452,3072,6079,5932
7835: 2140,7042,497,5459,1346,3647,972,2160,7351,5804,2299,6105
7836: 2535,3962,7549,6643,5893,1136
7837: 2695,2468,178,2530,4742,4370,5199,2076,854,1239,3857,7093,2453,4868
7838: 6770,2607,5713,1483,2545,4557,4166,2078,2140,5267,4419,6538
7839: 209,3977,8030,1984,5899,6165,2442,5670,1094,1178,3681,6599,5451,1778
7840: 7999,3627,4308,4798,1151,5364,3618,1137,7729,639,5973,4687
7841: 3895,6673,877,4821,5305,3789
7842: 458,1212,810,3362,3445,1279,4043,2635,2171,2170,4345,4514,4998,5992,6436,6876,7248
7843: 3839,5700,7273,4144,1338,5188
7844: 8137,103,3101,4804,1850,6619,1583,4248,1022,6645,498,2436
7845: 6642,6942,3659,5294,7340,3170,1138,2690,6192,6450,7013,431,531,3822,6547,3328
7846: 7559,4496,3920,7972,2759,2898
7847: 4651,2080,7103,5296,2109,916,6727,7016,809,2129,5952,3156
7848: 974,7400,1822,3341,5665,4887,4431,5437,3966,4104,7540
7849: 6317,4150,4458,3085,2306,2925,6291,6783,5675,444,2442,1178,2661,1778,6481
7850: 1139,7728,4179,2256,7951,507
7851: 3978,8044,2993,826,4237,89,7633,5802,1447,1974,4222,4491,4829
7852: 890,5060,5236,4135,2007,3028
7853: 6978,5458,4401,1912,1225,311,3840,6112,1745,4686,865,6307,3018
7854: 4286,6906,8123,1816,2534,3658,7527
7855: 5506,3229,6892,643,3841,4909,6664,2135,3846,7963,5582,2031,3904,4105,149
7856: 2546,1999,6185,4108,7902
7857: 3904,3744,6571,1129,4105,4160,149,5506,3132,3229,643,6104,4909,458,7486,206
7858: 2761,347,3499,1402,7185,2162,6028
7859: 1996,1599,7030,3896,5625,4684
7860: 3414,1868,5817,1086,3337,3682,5052,4948,7459
7861: 7499,1665,7022,2762,1511,935
7862: 1929,3683,6194,5575,2145,5659,4375,3123,1903,4823,4648,1096
7863: 5058,7232,2154,62,2475,4120,4212,7276,1429,499,371,1534
7864: 3786,2439,7423,6764,5866,5151,126
7865: 6580,3180,5809,120,3710,6771,738,5677,1213,1354,5987,4259
7866: 5115,6650,884,1903,1300,1185,2547,6154,3055,6632,1314,4375
7867: 7932,7385,3899,910,7606,2557,4694
7868: 5295,4605,6964,7534,906,1726,4060,3387,7431,3091,4657,1031,2660
7869: 2969,2358,1357,880,5590,3534,7588,4874
7870: 6496,5890,498,5703,3206,8045,1292,2763,2883,2436,6226,5529
7871: 1214,7585,909
7872: 5666,6311,2065,6205,19,2025,4096,665,2971,699
7873: 2394,6665,1663,1024,2619,39,500,5210,6254,6988
7874: 2550,8114,3695,1732,1495,697
7875: 1575,5166,3234,501,2770,4197
7876: 6438,7121,4004,7197,7270,8184,322,3114,5509,5482,1537,4226,7304,6030,2914,3333
7877: 3997,3780,6106,90,245,2639
7878: 3897,6805,5816,4067,4427,7193,6297,7814,3263,87,6005,219
7879: 2749,6845,3227,2822,3117,179,1104,5863,7404
7880: 2764,6506,434,7686,2905,592,6713,2114,2892,1592,7315,1643,2146,12
7881: 2836,6308,233,3163,1799,7460,4567,781,1452,4884,815,4247
7882: 522,4892,5201,5923,7358,6952,6390,2771,203,20,2202,216,2032,6679,6782
7883: 6142,981,6519,2640,91,6020
7884: 502,2941,1190,6798,6943,3231,3042,5307,1523,8054,4509,3215,2367,5323
7885: 5894,5409,212,2571,6486,1678,6550,1280,503,92,3000,1502,6289
7886: 1002,3394,4338,1356,2721,4471,8176,7291,917,7526,1188,5679
7887: 3617,607,7240,7145,3219,332
7888: 918,4803,6940,1273,3401,1397,84,1082,4042,1865,7054
7889: 3126,6110,6668,867,4329,6168,4124,7017,6347,1995,21,2369,4246,4421,594
7890: 3388,5341,387
7891: 4280,4569,922,5090,6677,22,3032,2309,2143,253
7892: 5916,4008,895,6752,3651,2227,2938,5728,6550,3140,503,5753,3000,6759,6289
7893: 6812,3842,1558,3510,463,6143,5077,2768
7894: 3376,7642,622,6993,6735,4687,4308,4798,1909,5364,3618,1161
7895: 4639,1215,5314,7115,3895,4821
7896: 406,1319,127,5316,2597,6911,7782,5484
7897: 5162,1443,3297,4394,2667,2548
7898: 1107,2558,7378,2691,6033,3535,7624
7899: 1287,7623,4688,6532,7421,3610,1559,2307,3619,123,5474,7787
7900: 6749,2937,504,4634,1306,3038
7901: 4148,704,5189,3898,5041,3812,298,2166,2297
7902: 7856,6185,4108,6126,5245,3620
7903: 6868,386,4015,5755,2430,3013,4729,863,93,2568,5645,6442
7904: 388,4498,1751,6997,5256,3621,7374,4056
7905: 6273,4596,2907,7706,5788,1632,4759,1532,3389,5931,2794,6050
7906: 3455,8101,6790,100,8179,505
7907: 6073,3433,2450,4462,3536,779,2242,771,6528,3185,790,3098,7206,5428,2799,3148
7908: 4763,1860,2486,3125,1577,1216
7909: 3967,3590,247,6639,6430,467
7910: 2274,1217,5443,5089,4460,5505,2932,802,1769,3283,6227,3761,5074,3559
7911: 3939,4860,6209,6549,1971,1140,2711,7547,6809,690,3497,5491
7912: 1739,2183,4714,831,6520,7552,1757,7701,3461,687,1367,440
7913: 3743,7797,6152,4219,6615,857,5580,3990,1641,1320,698,1344,6541,5024
7914: 5143,7262,3891,7575,1676,1364,552,7448,3684,6392,2884
7915: 4861,5678,2971,6630,3128,3216,699,2066,4096
7916: 3363,1204,7936,2217,3746,6372
7917: 7347,3462,279,3765,8145,3003,6585,628,1307,2180,7261,5925,6955,4777,6286,4454
7918: 5127,4406,2593,4423,1229,3903,3390,3343,7680,3282,6638,3113
7919: 4869,7336,2707,5633,506,4546,3120,3067,6190,483,3737,6464
7920: 3622,494,7364,8093,2949,6490,3757,5145,8050,871,6309,1205
7921: 180,7929,1719,3225,6340,2379
7922: 7690,1035,7325,1268,3968,4019,6795,581,4695,945
7923: 4743,6858,3537,2184,946,1722
7924: 5391,2922,2424,1141,5889,3935,574
7925: 194,7693,626,3709,5412,3391,1118,1174,6474
7926: 7822,5717,1463,5046,280,128,7350,3292,1471,5002,3616
7927: 3363,6356,3747,2041,659,5521
7928: 5560,6972,2014,8141,23,2994,3411
7929: 3392,180,4882,6826,3225,7921
7930: 6425,7430,4248,6083,1581,94,1854,4048,4005,7158,3430,1462
7931: 3748,5934,4007,6199,7541,6815,732,4926,3600,6238,6642,7340,3165,1793
7932: 7867,3745,7385,3899,5142,4565
7933: 1218,3020,3721,5994,162,7154
7934: 129,3779,2873,7698,3835,7043
7935: 2916,6313,4625,50,5228,3422,5525,3236,977
7936: 7916,5152,3900,1204,582,3746
7937: 1380,4767,5820,4203,3995,4701,3685,5433,3177,751,3282,649
7938: 24,850,3353,5982,448,5940,7809,2316,1181,5095,4307,1908,2508,6781
7939: 7553,4076,5056,1147,1549,919,3704,4545,5721,6148,2218,3129,773,7717,8001,7157
7940: 7384,5832,3047,3855,6418,2165,4608,4011,25,6667,5051,5371
7941: 1512,4985,1304,576,7329,5206,181
7942: 1683,591,3981,1580,6145,2235,6939,3362,7008,2113,920,4774,8079,7591,3074,6318,102
7943: 3958,2044,7169,5120,5433,6584,1985,1056,7581,159,837,3463,2238
7944: 480,3827,5731,7109,1142,7131,1799,1730,3173,6232,2836,912
7945: 2967,182,1849,5859,982,3448
7946: 3917,1957,6420,4620,1219,3941
7947: 7978,6753,3843,3482,183,5646,7777,6926,1034,1880,1968
7948: 4802,4026,2064,3749,3948,1671,1261
7949: 7170,3393,6492,325,1230,4021,5078,1703,4171,1775,8106,4012
7950: 1811,1505,5216,760,6725,3969
7951: 4179,7850,2693,4415,3377,507
7952: 620,3970,4353,7553,4076,6148,437,7604,3629,1802,2536,773,5422,740,5701,6779
7953: 5745,2673,1810,3464,2762,5202
7954: 5588,1396,3952,1070,6553,5714,3971,1489,6778,2940,7798,5239
7955: 3294,6685,4576,1955,4041,6995,3623,6889
7956: 2215,26,3605,6094,187,4244
7957: 1464,1385,5057,7404,6378,6232,6612,2822,1541,179,3750
7958: 4991,200,6282,1220,1054,6487,394,3295,7359,8143,7732,7080
7959: 5666,6311,2065,1884,7035,6881,5093,903,2484,8122,3465,19
7960: 184,7000,2947,6788,567,4507,8034,3324,3538,4290,249
7961: 4551,4063,5554,597,5642,4893,4240,4004,3279,660,3751,1988,6170
7962: 4380,3996,5476,7024,1221,6785,6017
7963: 130,3611,2135,3359,6166,7707,7673,5582,4362,6892,3841,7855,1232,4586,4909
7964: 5371,3624,6429,2268,3293,1774,4741,189,7967,3340,6669,6069,3368,25
7965: 295,5883,599,210,5612,6365,6670,1143,2360,3831,6593,2226
7966: 3686,1088,8033,7571,5170,8040,3023,2968,58,6186,1873,227,4709,3398,3495
7967: 3624,6429,1406,5943,7964,792,4910,189,5237,950,5463,1144,5918
7968: 3930,6051,3687,1433,7433,1383,5399,6056,851,1693,2681,5004,6669,6069
7969: 3663,7981,2023,7722,761,7496,3531,1664,700,1106,5263,4390
7970: 27,694,7831,8092,2015,870
7971: 2385,5750,4501,3860,2398,4670,5509,3114,2918,6983,2632,5055,131,5482,6438
7972: 28,3920,7846,7142,2759,1419
7973: 1667,4275,2287,3901,3821,6484,8151,4718,2917,5787,47,1368
7974: 2748,4977,95,6953,2488,4068,7476,6719,6377,1576,4488,419
7975: 1329,3466,1233,1856,1026,4405
7976: 2791,7468,450,4728,2541,3527
7977: 5873,1556,7051,5398,5989,921,2290,2539,1866
7978: 940,4609,7947,6753,6414,8188,863,3843,2568,3482,3429,1968
7979: 3958,4371,2044,29,1841,5107,6773,3084,5752,3355,311,6112
7980: 6647,7276,4913,1639,7380,1429,52,371,1653,2051,6657,1023,4037,6941
7981: 3663,6172,7722,7969,7496,3531,5263,6008,3972,6705,4390,5823
7982: 939,5257,730,3625,4599,1381
7983: 1547,321,7271,2942,6870,6803,3752,2131,5050,4366,3040
7984: 5287,7144,2239,3973,962,7664,5298,2596,5353,1950,4641,7335
7985: 6233,3349,6932,3808,1838,5557
7986: 1145,6945,3077,6381,2853,2503,3572
7987: 3974,1655,2195
7988: 4061,1914,3945,53,6834,6057
7989: 1636,707,2852,2203,5175,1932,1208,2420,6350,1566,6063,5699,4377,4560,4932
7990: 1683,169,843,1580,3872,7439,4577,4895,5762,7356,3051,4916,7560,3467,3777
7991: 4896,7703,4002,3457,6622,1456
7992: 7116,842,1570,6633,3902,7822,1463,5046,3037,3292
7993: 6845,3227,217,3117,179,508,2462,6498,6882,6797
7994: 1617,7190,2178,2808,5117,3540,193,7733,3954
7995: 720,1146,3121,5246,4192,32
7996: 3852,3905,3616,2931,8047,6494,4992,4392,6616,133,280
7997: 1002,7542,3394,1448,4338,5394,1356,6557,4471,2840,4475,7117
7998: 2972,1742,6880,5113,4973,468,3975,8109,4058,4255,2301,5975
7999: 3627,7840,2656,1151,1137,4808,8119,5385,5510,6878,150,7729,3301
8000: 7667,1842,6638,3338,6470,2903,2304,234,4406,2593,1229,3903,4100
8001: 773,3525,7717,740,5701,2303,7157,6475,3129,7553,5056,7939,1147,919,3704,6148,4707
8002: 1201,134,8051,1660,7183,3400
8003: 5542,3147,1245,6406,6457,2491,4569,922,5090
8004: 2167,6972,2014,4223,3688,982
8005: 3199,3372,6661,3832,3844,432,1981,8158,148,7501
8006: 6641,2149,5047,717,1670,3753
8007: 2314,4087,6524,3628,1705,4409
8008: 3904,1477,5799,4105,4160,149,5118,3846,624,7678,5687,7568,2621,2031,2400
8009: 2254,3276,3529,7615,785,4598,2746,1605
8010: 2331,1870,6930,6087,923,3266
8011: 3087,4743,946
8012: 2654,911,7724,4850,2270,3754
8013: 6979,120,370,738,2413,1929,1756,924,4719,6085,4696,5735
8014: 5523,3468,3062,4842,5029,2629,6987,575,764,4403,1340,5628
8015: 2942,6870,2099,6803,855,5064,4681,2614,1112,3541,6711
8016: 5195,1266,8078,4780,3705,70,8157,6907,509,2026
8017: 7204,745,7481,2308,2658,3678,4343,4310,702,1773,6312
8018: 6960,1164,2368,3126,3395,4862,5892,1399,4827,3416,6168,2463,4820,1162
8019: 5108,4883,1192,3420,2351,5746,7430,7158,703,459,8133,1517
8020: 1422,784,5508,30,3133,1455,848
8021: 4825,925,2476,6637,7247,3213
8022: 2245,2383,1111,4921,7332,4385
8023: 1801,6276,2849,135,734,5232
8024: 528,6432,228,7141,3396,5987,602,634,7805,4358,6659,3146
8025: 74,4967,4542,8171,5441,54
8026: 3545,3397,263,5939,8120,8090,3748,6199,6815,2657,5782,4084,4926,1507,5835
8027: 760,4147,6725,2622,4671,3469
8028: 1317,4076,5285,7310,5721,6917,3783,1260,55,6065,2958,301,3936,1802,5923,6071
8029: 6696,7280,164,997,2496,7518,5440,6282,3689,8143,3136,4923
8030: 6527,7735,3977,1984,5899,2205,992,6165,7839,1178,5451,86,4054,1778
8031: 1587,3308,7362,3307,7456,7632,3633,3542,4682,6462,4769,7265
8032: 621,1334,479,7594,5168,56
8033: 3686,5827,3051,1551,3467,1088,6927,4539,5170,636,7966,6186,3398,262
8034: 5941,184,7000,6788,7960,4507,3488,4425,3324,3538,4290
8035: 57,3444,8051,3400,5001,1508
8036: 7386,905,4057,97,6058,7532,2407,4615,2187,7390
8037: 6425,94,4048,3430,7266,3742,6986,7127,1462,312,3792,7773
8038: 1372,954,5015,2428,510,5589,6636,3208,7132,2995,42,5977,3910,1418
8039: 2756,5646,7777,1373,3690,3984,257,7804,6923,1550,6277,8083
8040: 3729,2285,3023,2968,1157,6409,4303,4582,5935,5800,58,1088,7571,2050,7966,3495
8041: 6839,511,1124,1654,7278,4961
8042: 449,185,1250,6045,5319,4655
8043: 1840,3470,5995
8044: 2487,3978,7795,2073,2993,2734,826,6402,4237,89,7851,4805,7633,5802,1447,2027
8045: 6645,498,5703,7870,2436,6226,3399,3101,1591,3404,1022,8084
8046: 2382,1750,6769,5358,7557,3296,6747,3785,2670,5354,251,5109,3756,7519
8047: 7996,5121,3852,3905,6649,7239,1426,4395
8048: 3048,3551,3373,1807,345,4402,4654,7489,8147,3979,1771,686,316,7603,7482,5741
8049: 6789,1362,31,3141,7347,6255,1430,462,3765,3003,5695,3203,7199,4007,7541
8050: 3622,144,7364,7920,8093,3019,6490,4555,3757,5145,4253,341
8051: 134,8002,3492,3400,5001,8035
8052: 7046,5754,2377,1716,1033,3980,6547,361,7126,3328,6473,539,2777
8053: 5720,7188,5936,2705,1397,6292,3602,6451,5958,1887,5566
8054: 7369,6625,2113,1596,8142,136,1941,4774,7591,4180,4509,502,6943,3042,7884,515,1523
8055: 5157,7417,8162,2906,106,2804,3280,1487,6208,788,1953,6925,6346,3543,5312
8056: 5890,1292,2763,2883,5529,2832,300,1933,6535,7663,2095,3906,5888
8057: 1926,6501,2482,4601,4085,5944,5971
8058: 2474,3168,1172,5904,3907,1843,5405,4251
8059: 5547,2049,3894,7752,618,3134,98,2473,585,3432,3504,7490
8060: 6236,6836,3908,4039,1272,289
8061: 1572,7198,59,378,4711,2784,1631,5144,6628,6108,681
8062: 757,7052,3471,5918,6531,315,3069,5096,3260,1438,2288,3447,1406
8063: 3965,303,4023,32,2960,6653
8064: 582,137,3900,5367,5246,4192
8065: 4838,3641,4789,4512,1237,816,1365,7587,3691
8066: 1834,5250,2728,6693,7725,427
8067: 138,4890,5676,3309
8068: 4666,1761,1928,7791,2773,4793,3413,1165,3544,5432,454
8069: 7090,3021,7681,331,2148,2564,4519,6369,5194,60,3063,3632,1813,7065,5299
8070: 139,3532,5438,4090,1008,6411,7767,5998,6863
8071: 6877,4095,7104,7045,6862,512,1038,369,7160,4184,1638,4585,5379
8072: 3403,292,6204,7579,3581,7671,5019,6716,5710,590,2005,3007
8073: 7381,2939,4442,1824,5381,2561,3171,3759
8074: 2414,4721,5906,8174,3554,140,8190
8075: 1241,2825,3760,2199,7504,6035,6565,5338,5350,7313,7441,276,583,3264
8076: 2793,5763,141
8077: 1826,1633,4133,3692,4848,4563
8078: 2979,8016,6929,7713,3705,70,6907,7657,3909,441
8079: 7008,2113,1596,3093,1941,920,4774,7591,3362,4345,6318,591,7942,2235,6939
8080: 6106,513,4819,3479,1059,8177,1872
8081: 4964,683,1637,2406,1363,3472,7561,1341,7058,4593,7102,5375,5262,7824,2412
8082: 3434,4344,5956,1222,1893,3910,4277,6635,6548,1418,588,7533
8083: 7804,6923,2522,611,6277,3189,142,7265,2401,257,3542,8039
8084: 3919,1591,7107,3404,1022,1192,2351,2186,6645,5703,8045,3399
8085: 968,457,3473,4418,650,2715,6002,3716,7771,5213,6899,1029
8086: 3662,5268,6700,1902,514,1238
8087: 1230,5078,4528,143,8094,6922,4546,483,3693,2329,3657,4778
8088: 2363,6741,769,6078,1325,1657,2662,6422,7341,4467,33,808,3577,2506
8089: 3017,3238,2081,640,915,6387,4786,7028,532
8090: 3545,3547,5618,1226,3397,263,1408,4263,8120,6039,8026,5782,2774
8091: 5132,3095,7011,99,5684,2586
8092: 2015,5616,2780,3591,6456,7970,870
8093: 144,7920,2949,3019,6490,3757,5145,8050,871,1833,1322,5808
8094: 3393,8087,5078,4528,2514,143,3693,1979,2329,6373,7775,4778
8095: 3426,6361,1825,4469,5911,3230,7076,3405,1690
8096: 7232,2334,2154,3428,62,2475,499,4510,8122,3415,6161,2803
8097: 3823,4891,7605,3406,2029,6947,6513,1871,978,5740,3378,1585
8098: 7214,1424,5707,874,7277,2197,2068,5017,7369,8142,1449,6943,6079,515,4389
8099: 4607,2246,7523,7326,555,2948,5131,3694
8100: 281,3546,7293,1058,695,838,6345,5167,190,1153,2688,2519,2533,3718,4364,7834
8101: 7906,830,6790,100,6483,2953
8102: 3081,7348,7326,6564,555,3407,2850,1428
8103: 173,1310,7654,4490,7662,2289,466,3982,3330,1809,7165,4637,4841
8104: 1724,5735,63,6936,3361,3449,6180,4611,1756,6543,3161,2437
8105: 3761,7761,2243,7502,1217,5599,5505,802,1769,1615,3339,805,5786
8106: 4012,4479,7416,853,6275,34,325,1703,7949,1775,1628,2097
8107: 1328,64,6155,3222,3082,4911
8108: 1498,35,6744,1806,2955,3885
8109: 6530,3762,6478,7641,4058,4432,3446,2972,1742,7998,2338,1538,468
8110: 3987,5547,65,8136,98,5530,3730,8170,6338,964,1244
8111: 6563,216,1701,2032,1602,3983,8134,1302,4532,6782,4141,6269,6329,2716,7358,335,2841
8112: 3912,5303,3512,6125,5783,6686,2980
8113: 6578,2858,66,7608,6576,1948,7122,6443,3118,4993,7225,3890
8114: 4983,7236,3695,1732,7874,1053
8115: 1885,4908,3474,220,3768,1459
8116: 4888,5472,1957,3941,1634,4988
8117: 5010,2325,6263,3244,516,3940,7726,644,6315,2876,1819,2456,4660
8118: 3780,6130,145,513,4819,5207
8119: 4421,6505,5385,5619,2164,3861,3913,5510,6878,4295,150,1560,4808,7999,2656
8120: 3545,3547,1226,263,4263,8090,8026,4958,3748,2657,5782,4084,5470
8121: 5532,5533,1480,5225,2481,4529,4589,660,803,6479,7832,5662
8122: 3696,3415,3465,6161,19,2484,8096,2334,3428,537,7959,6881
8123: 7854,6906,1816,4851,4293,67,5626
8124: 579,6855,2323,6500,227,4709,4128,6605,3548,3124,875,1658,7354,6290,1405,7375
8125: 3408,103,4804,1583,7564,2781,1867,4323,5574,6496,3206,2313,1391,2932
8126: 1564,1248,651,3475,5962,5831,1935,7093,2453,4868,5756,2468,6015,5424,4256
8127: 5813,1659,2387,1322,101,5470,6217,2156,1384,896,5377,4958
8128: 4318,6802,208,6588,1076,8161,5466,3862,1574,3424,3914,5663,6572,1702,6609
8129: 68,3845,3498,4117,927
8130: 3153,3334,3926,1561,1085,780,102,7486,6333,4222,206,4491,4829,7323,5030,1279
8131: 3224,4341,6793,1503,2019,5139,4513,2340,5049,517,2783
8132: 86,4054,3870,4370,4552,6132,7799,7735,2560,4751,6024,811,3409,2211
8133: 703,948,459,4781,4461,1517,3549,1746,973,4428,7158,8019
8134: 6563,1701,2032,8111,4532,3025,2039,6269,6329,4092,6133,5764,1692,3476,4291
8135: 2998,37,1900,6383,363,4628
8136: 3987,5547,2049,618,8110,3134,98,1828,1240,3410,4698
8137: 2563,3408,103,3101,7844,2594,5138,4804,1850,6619,6258,498
8138: 3764,4600,1045,774,7570,5178,4937,6371,2522,7825,611,1200,7104
8139: 4995,3915,1982,7294,785,6754,2746
8140: 7306,3199,1794,6661,3832,104,3844,432,5761,2711,7618,6809
8141: 5560,7928,3631,6972,4264,2994,3411,1231
8142: 7369,6625,136,4180,8054,3916,116,2945,2197,2068,5017,5707,8098,6943,515,4389
8143: 200,6282,3689,7958,3295,3550,7359,7518,8029,4923,1288,1526
8144: 4891,7605,3412,2446,569,4534,5740,1585,4208,1203,7227,1116,3,7015
8145: 6789,7917,7347,6255,3462,279,3765,1282,3003,6585,628,2180,5925,6410
8146: 6253,1624,2618,6189,6966,7362,257,7804,1373,3690,3984,7455
8147: 5122,7113,4269,1195,2731,4929,4630,45,3979,2480,1771,686,316,7482,3551,8048
8148: 4736,4516,105,4145,7600,1531
8149: 5723,3766,7558,3204,2592,3609
8150: 256,710,3477,1489,5241,5597,1355,5781,7798,2158,2305,1747
8151: 3901,3821,5421,2231,1667,7973,4718,146,1892,7705,2917,47
8152: 7483,2396,1963,69,4040,3873
8153: 7392,1358,2197,3697,7182,3722,5570,6689,535,6655,1069,4435,2265,6581,3116
8154: 518,6169,6957,5454,2355,7269,2181,1350,385,1360,4361,6792
8155: 5685,3711,424,147,1415,7068
8156: 1966,4499,4145,3767,6717,2255
8157: 2979,8016,4780,3705,70,6907,509,1723,4792,5567
8158: 7611,1981,4148,704,5189,1336,148,3372,432,8005,1958
8159: 3552,949,2394,6084,5729,7426,7507,6665
8160: 5136,5855,4954,6604,1772,4020,6832,994
8161: 4318,1076,3862,8128,3914,5663,1071,71,746,3218,6572,1718,1702
8162: 6634,6515,8055,5157,7417,2906,2272,106,4652,2804,3280,5088,1487,6208,4024,6925,3543
8163: 6028,1951,6452,3986,5430,1402
8164: 4624,4856,3698,5796,5074,629,2730,5734,8167,4250,2069,7072
8165: 107,1986,7583,3520,6444,4169,5541,6336,1444,2909,4289,336,2976
8166: 73,1976,1811,3969,6709,3371
8167: 2730,5734,6959,767,2069,7072,6256,1797,1627,5387,4856,3698,8164
8168: 1090,7613,3553,3077,2208,6038
8169: 5767,7285,1907,5165,1614,5082,1486,6671,3315,6589,7327,108
8170: 1886,6338,964,4233,3987,5547,8110,1828,4698
8171: 2426,4542,5441,8025,3992,1479
8172: 6539,5711,603,1664,6569,1106,7753,3478,2502,2977,3861,860
8173: 7661,3737,847,109,2219,6922,3523,836,483,3693,6070,2329,3657
8174: 8074,4721,540,7055,3374,3554,5311
8175: 3344,7079,4680,6337,2882,7459,7409,3337
8176: 4770,2817,3394,1356,7886,521,3699,7291,917,1920,165,7170
8177: 4365,1059,5200,5280,3479,8080
8178: 3644,1095,7462,2247,2038,110,5345
8179: 7163,505,5053,3455,3700,7906
8180: 3555,5739,2908,7359,6698,7732,5339,4055,6188,2577,799,1627
8181: 2214,1348,3480,6042,6323
8182: 3768,428,5197,3131,4908,7432
8183: 5708,766,1622,6121,5999,5300
8184: 6438,7121,1423,7197,7876,3769,7270,1735,3056,4463,676,322,943,4670
8185: 2642,5951,4560,2410,4787,7517,1636,111,5833,2203,1208,6350,6380,3613
8186: 7099,237,6833,2679,1909,1546,2364,622,3481,5348,6772,6721
8187: 5748,4407,584,2452,3022,3770
8188: 940,2677,4609,7978,6159,6753,863,3843,93,3482,183,3450
8189: 2472,2251,7572,284,7156,4473,1483,4419,3771,7465,1595,993
8190: 2776,5603,140,2414,8074,3554,797
8191: 3750,7667,1842,1536,3772,3366,6470,401,2903,6378,913
8192: 4227,7228,2074,1473,2017,3382,1020,6591,2182,3484,4618,7580