0: 1126,3512,1057,2059,2166,2601
2: 2715,2813,968,650,457,2936
3: 1116,569,2185,3412,3929,1696
4: 3392,749,180,3574,1698,3809
5: 915,1681,3798,2311,2096,3519
6: 3802,1270,1889,1861,3648,3514
7: 2497,3811,1495,1568,3008,3451
8: 59,1572,3819,2125,2682,3460
9: 2451,1639,1482,967,3235,3850
10: 1089,980,3956,2033,2210,3298
11: 3220,4034,2354,691,1180,1642
12: 434,4077,1592,592,608,2745
13: 628,3099,4083,3825,389,708,2030
14: 3288,1052,4085,3345,1688,2928
15: 3787,725,2279,1506,2834,3379
16: 1762,460,1938,2159,672,583,1692,3476,4092
17: 1113,1835,1066,2466,4094,3515
18: 1550,1975,4095,2137,2522,1278,3189,3450
19: 2025,3696,2065,3465,4096,699,2971
20: 1802,301,3936,203,1227,2090,2958,2202,522,2771
21: 2369,867,594,2101,3110,3126,433
22: 3032,3953,253,922,2143,2309
23: 3168,2014,1390,155,2994,3411
24: 3353,850,2316,1908,2508,448
25: 2268,3047,3855,4011,1774,2165,2341
26: 1599,3791,1108,3896,2215,187
27: 3448,1846,2015,694,2167,3911
28: 1419,1366,2077,2759,1508,3920
29: 1841,3084,3355,311,1745,2919
30: 1455,3993,784,3133,848,1422
31: 4007,1362,462,3203,1430,3141,3765,544
32: 4023,720,1146,303,2960,3064,3121
33: 1695,1325,2320,2506,769,1657,4035,808
34: 1628,489,325,2591,4051,853
35: 2955,1498,3885,3509,3031
36: 152,1973,4070,3941,403,1634
37: 1900,4072,363,2998,2824,2561
38: 1003,1744,3327,3815,4075,4059
39: 2619,2248,1913,3893,1265,1674
40: 3674,2531,1684,1555
41: 3217,1357,2403,2969,1728,842
42: 2428,3274,1638,2995,3208,954,2161,510
43: 674,3578,1539,343,119,3079
44: 804,2789,1776,1686,3608
45: 3697,3722,3373,2480,3979,1771,2470,2741
46: 1090,2208,3553,477,3863,2818
47: 1368,1924,3901,2146,2287,2917
48: 3939,2600,1971,1438,313,2288
49: 1423,1988,322,2447,2914,4004,1537
50: 977,3043,3403,4009,3422,3236
51: 3527,450,2541,1554,1277,2134
52: 807,2438,3102,4037,1653,2051,1429
53: 3945,607,2703,3071,2543,4061
54: 2088,4074,3992,3275,74,2426
55: 1802,1317,4076,3936,3783,1260,2958
56: 1087,4081,479,621,1334,3960
57: 1508,3400,3444,3920,3999,4088
58: 1157,869,1088,2050,2071,2968,1819,3467
59: 2614,1631,8,1572,2099,2125
60: 316,1195,3632,1813,1063,3063,1626,2148,1792,3021
61: 640,532,1727,2671,226,551
62: 499,1534,2475,2803,3415,3428
63: 1724,2344,3361,3161,3449,1756,2413,2437
64: 1328,2636,3670,3222,951,3082
65: 1244,3987,964,3730,98,2473
66: 3890,2641,2858,3049,736,3118,3801
67: 1816,3499,347,3807,3313,2761
68: 2429,3845,3498
69: 1963,2112,2396,1598,4040,3873
70: 441,3705,3909,1723,2979,509
71: 1071,3218,3664,746,1702,1718,3914,3862,1076
72: 722,2069,629,3698,2079,3559,3923
73: 1976,1811,1965,3969,2960,3371
74: 54,4074,2426,1977,2747,1369
75: 1237,1772,1006,1562,3641,4020
76: 723,4022,2676,1097,2188,3125,3251
77: 1829,1389,2060,2755,2483,3677,2733,3016
78: 2007,2082,2760,3775,2402,1644
79: 3178,3086,2255,3635,864,3701
80: 534,850,3439,2100,2316,2021
81: 1858,3386,3593,3090,1299,2271
82: 2717,1748,197,3646,1048,1781
83: 963,1821,3680
84: 540,752,1273,1939,3374,3726
85: 446,2337,2374,1458,3793,1020
86: 4054,2983,3409,3870,992,1209,2560
87: 1421,3197,3263,3897,2986,1228
88: 2805,3583,1321,3972,1830,2686
89: 2027,1561,826,1447,780,3978,2073,1211,2487
90: 1132,2157,2639,3780,3997,245
91: 981,2640,1699,3960,4002,3457
92: 1280,4008,1303,212,3924,1502,2228,2571,3000
93: 3013,940,2568,863,4015,2430
94: 3792,3742,1517,4048,1581,3430,4005
95: 419,2748,1576,2488,2147,4073
96: 2184,946
97: 905,2187,4057,2407,1707,2291
98: 65,3987,2473,3134,618,3894
99: 3927,1883,2683,2606,3095,2586
100: 3103,830,505,3455,2953,3959
101: 896,2156,2949,3024,1384,199,1322,2387
102: 1085,1279,3362,2170,3334,3074,3926
103: 1583,2048,498,1850,2594,3101
104: 3832,1794,2393,2711,3199,3844
105: 1966,3017,2081,3238,1531,2253,3767
106: 4024,3543,1487,1953,2272,2556,2804,2906,3280
107: 1444,1986,3312,1442,3520,2976,336
108: 3437,1614,1486,3335,1907,3315,2715
109: 836,3737,847,3657,2219,2329,3523
110: 260,1277,657,2038,3364,3644
111: 1257,2203,2410,3244,3613,3865,2363
112: 3723,327,718,2139,2582,3417
113: 2709,350,2648,3421,3606,3096
114: 828,931,1235,3268,3325,1612,1451
115: 1755,2152,520,1445,1272,4039
116: 3916,1358,345,2197,3116,3373,515,1807,136,2945
117: 1809,1750,2382,2638,3296,3330,251,1383
118: 158,3932,2753,3058,1857,2029,3823
119: 944,1255,343,2740,2959,3079,3887,43
120: 738,3180,370,3161,1756,924,2413
121: 721,670,1951,3200,3271,3272
122: 1783,1331,2795,3169,196,3356
123: 1619,2080,2307,1019,3610,3619,3859
124: 3938,2055,3955,3661,589,1697
125: 782,3188,2551,2150,3691,1365
126: 882,3786,1818,2439,1931,2709
127: 1874,2597,1319,3788,2980,406
128: 280,1463,3292,3616,3833,4001,1471
129: 1936,605,1133,3835,3779,170,2772
130: 1812,3841,1232,2135,3229,3359,3611,1573
131: 3860,676,2385,3114,1613,3333,2918
132: 1838,3808,4093,266,3304,3349,3878
133: 3905,2931,3852,2875,391,280,3616
134: 2127,481,1201,1660,832,3492,3400
135: 1801,734,2216,2772,272,2849
136: 1596,1941,2945,3042,3231,3916,116,515
137: 720,1146,299,2598,3306,3900
138: 2791,3309,2584
139: 2018,1008,1690,3532,1934,2888,4090
140: 365,3483,1046,2776,2414,3006,3554
141: 3579,1333,2910
142: 3690,611,1550,2522,3189,3542,257
143: 483,1979,3693,2329,3393,1230
144: 1659,1322,2017,3757,2387,1833,2949
145: 3267,1060,513,3780,3351,3997
146: 1892,3901,2231,2917,3821,2425
147: 1415,3711,3830,424,1972,3828
148: 704,1981,1958,432,3844,3372,3199
149: 2031,3846,3744,643,3904,556,1477,1315
150: 1560,3861,2656,3301,594,2164,2045,3913
151: 223,1902,397,3106,3569,2698
152: 1706,36,1798,4070,3941,4047
153: 1240,2324,2049,1150,1800,3432
154: 3826,2153,2378,2742
155: 3168,23,2994,2869,2474,3703
156: 3659,1507,1793,3397,3328,1863,3358,361,2377
157: 2401,1045,2549,3307,2651,561
158: 577,118,3932,1983,2753,3367
159: 1985,1380,1056,3995,3463,3528,3685
160: 3639,1324,3198,2421,2495,1187
161: 1770,271,731,3876,2637,3652
162: 1218,3721,1410,3586,3320,3666
163: 1879,1244,2269,3075,1743,3678
164: 1714,997,806,2496,394,200,3689
165: 521,1920,3699,3067,2707,2987,1540
166: 1342,864,1853,3701,469,3494
167: 2785,2809,3784,3728,1720,3029
168: 2963,1914,3734,3881,1492,1881
169: 1974,2993,3051,3872,1683,3777,3467,1580
170: 2772,272,1851,129,2118,3779
171: 3875,1158,209,3815,4075,1600
172: 1160,1764,3747,3641,4020,2150
173: 1310,3982,560,3330,1469,2289,491,2339
174: 1930,1313,2467,2623,3558,1344,2646
175: 459,1352,3565,965,3420,2581,2609,2887
176: 1521,584,2663,3305,3004,564
177: 4093,1525,3281,1271,2682,3157
178: 854,1239,2076,2530,2468,2695,1286
179: 1104,1541,3227,2822,3117,3151
180: 4,3392,3225,1207,2379,1698
181: 1304,1512,576,3331,2990,3230
182: 3989,3448,2967,982,1849,2003
183: 2756,1034,1968,3482,1880,2578,2137
184: 3488,2947,3538,3324,1917,567,1921
185: 449,2911,3566,1250,3795,1785
186: 3568,2040,648,1240,3454,2324
187: 26,2042,1108,2943,2215,3605
188: 3609,1977,2328,2592,2747,3672
189: 792,814,3293,3624,2223,1318,1144,1406
190: 3718,2688,2938,1249,895,2265,2533
191: 1725,4014,2397,2151,442,1918
192: 976,1172,2230,2240,1843,3045
193: 3459,2399,3540,3954,302,2178
194: 1206,2376,3391,1673,626,1476
195: 482,1224,1021,2091,3568,3454
196: 1597,314,2527,3356,3502,122,2795
197: 2717,388,82,3535,3646,2691
198: 2420,2852,2751,3539,4013,411,2941,3342
199: 1322,1948,2387,101,1384,2774,3547
200: 1220,1054,394,1567,2163,3689,3112,3550,164
201: 265,1290,4091,2198,3620
202: 1889,793,2710,3648,3856,296
203: 1227,984,2090,3660,2202,20,3936,2032,2771
204: 957,3676,2267,1243,1427,3592
205: 1461,3736,259,1485,2300,3259,2916
206: 1085,458,3744,643,3132,1315,1129,3334
207: 599,1370,1143,3831,210,2226,2608
208: 1076,3424,1574,3196,3233,3914,3862
209: 3875,2442,1094,171,3681,4075,3977
210: 3800,599,1370,207,295,2226,2833
211: 1568,353,1732,2528,2630,697
212: 1678,570,92,3174,1780,2228,2571,2812
213: 2612,2603,3194,3272,1392,1749
214: 1645,717,472,4022,2149,2676,2787
215: 2115,2701,1656,2072,3300,1434
216: 1302,2032,1701,2716,3025,3983,522,2771,672,1553
217: 3227,508,2856,3117,1440,2462
218: 492,1759,3636,3994,3127,2699
219: 3929,478,1791,1696,3263,3897
220: 1459,1834,427,2720,3319,3474
221: 3806,366,1152,2647,3487,3489,1666,3098
222: 2018,1008,3505,1890,2775,3155
223: 151,609,3569,1923,2698,1749
224: 535,1249,895,1069,2895,3604,987,2554,2227
225: 1018,3218,592,2634,2764,2114,3664
226: 551,3682,1441,2491,2671,61
227: 875,1873,1446,1351,2323,3495,3548
228: 1100,3396,3710,3176,634,2800
229: 1796,1442,741,2238,2449,2490,1134,937
230: 2535,2809,3728,1263,2569
231: 724,4055,767,2908,799,1627
232: 1528,1138,2961,2690,3170,2258,3012,1282,833,2280
233: 1799,781,2836,4058,3163,3212
234: 1730,1229,2304,3338,2903,3903
235: 2973,1109,3378,2861,3848,878
236: 1070,588,2935,1896,2940,3094,3434,3910,3952
237: 3481,1830,2679,3573,1546,293,2175,3583,1909
238: 290,3491,2899,3594,3522,762
239: 1481,2213,3300,3950,3601,2701
240: 1017,3607,2454
241: 2389,3248,1877,3635,3767,2739
242: 1171,3714,1139,881,2256
243: 3792,3742,883,973,2332,2520
244: 3609,3766,2328,1998,2659,888
245: 1301,3997,3745,90,3794,2157
246: 1882,1318,4038,3869,965,2887,2223
247: 1454,1091,467,2477,3884,3967
248: 1510,631,2179,2385,2398,2487,2632
249: 3633,1587,2947,3538,3308,1225,1978
250: 1371,789,2273,1582,2004,3719
251: 1135,975,2670,3785,3756,117,2382,2504,3296
252: 1372,1164,3837,2294,2674,356,1437,2204
253: 3032,3953,22,1466,1073,3571
254: 3288,3957,1359,3892,1939,2926
255: 596,3381,3963,454,1470,1928
256: 1489,2305,3971,2940,700,761,2158
257: 3542,578,2618,3984,3690,142
258: 4029,678,2384,2412,1363,3472,3679,1780
259: 205,1461,3736,4052,3501,3259
260: 1277,580,2134,4066,657,110
261: 1305,4079,3562,2035,979,426,2555
262: 1993,1510,631,4082,636,3398,1873,1351,2478
263: 4084,2657,3397,1384,1226,3545,3547
264: 3010,1500,4087,1705
265: 985,4091,201,1571,3068
266: 4093,1525,1578,132,3349,2422
267: 2381,2989,1599,2215,2130
268: 1712,598,2517,2271,3090,883
269: 3912,1788,2766,3512,2901,2293
270: 1695,906,2320,658,1098,1726,367,4035
271: 161,731,2441,2637,2087,1312
272: 734,135,3775,170,2772,1851
273: 1403,2148,2564,2827,620,3669,2807,1063,3109
274: 2116,3149
275: 1395,1182,2542,682,3261,2201,2371
276: 525,583,3036,2406,1692,2199,3760
277: 1243,2516,2440,986,3357,960
278: 1216,929,3653,3496,2863,3425
279: 777,2985,3003,3141,3462,3765,462
280: 128,3292,3616,3833,1471,755,133,2931
281: 613,791,1058,3718,2574,2678,3140,3651,1068
282: 1987,905,1533,4057,3653,3496
283: 3805,964,3730,2843,3694,2246
284: 1016,1595,2251,2472,3009,3771,3647
285: 3505,2063,3155,1648,3774,1651,3005,3211
286: 1680,3417,1944,2319,1169,3515
287: 3947,3933,586,2375,3567,3735
288: 1246,2987,3120,3160,3797,1123,2122,3877
289: 1942,2965,3625,4039,3441,3908
290: 238,3590,3491,3522,467,3702,1556
291: 936,2808,2837,1617,3946,587
292: 977,2005,1011,3007,3829,3581,590
293: 1546,860,2175,2805,2857,3583,237
294: 1655,2284,2572,3713,2415,1781
295: 3800,1767,599,3354,210,2974,2661
296: 2241,2544,2848,202,793,3856
297: 1080,2844,889,3891,1364,2366
298: 1319,3788,1126,2166,2297,3898
299: 1204,2878,3595,2598,3900,137
300: 1933,2832,3906,2932,1217,1391
301: 1553,1802,20,437,3936,522,2771
302: 925,3954,966,1439,193,2399
303: 4023,32,2960,3586,3371,3965
304: 4006,3028,890,846,2155,3088
305: 1985,837,2373,3995,3796,1275,809,2109
306: 3776,323,888,2434,2498,1852,2659
307: 969,2712,2357,2627,2680,835
308: 728,1783,1685,3516,3456,1331,2631,3302
309: 1154,608,2730,2810,3065,2687,2469
310: 2168,2912,1823,824,2829,3266
311: 1745,3018,3840,29,1912,3355
312: 1120,3755,1629,1462,2697,4048,3430
313: 1438,844,2801,3447,2600,48
314: 196,2527,2795,3058,1857,2532
315: 757,610,1774,2735,3260,3340,3368
316: 686,60,1195,3632,1813,3063,3350,3551,2148,2171
317: 1962,1115,1099,3650,1210,2298,377
318: 849,1366,2278,3278,3675,705
319: 1093,1122,953,3804,3672,2405
320: 3851,3724,2044,1841,1159,2907
321: 952,961,2590,1547,3752,2942
322: 1423,3769,49,2447,2914,943,676,3114
323: 1758,3776,1062,306,3766,2659
324: 1292,1954,851,2343,355,2095
325: 34,1628,2097,4012,853,1775,1703
326: 2112,932,3239,3310,2874,550
327: 1672,3723,1611,112,2237,2582
328: 1466,3973,1073,3435,1114,2239
329: 2244,1141,574,1514,1815,2347
330: 3532,2279,4090,3286,3712,772
331: 1626,1152,2148,1792,2335,3021,3487,1946,3611
332: 607,2543,2675,3219,3617,4049,770
333: 1072,1294,692,2982,2722,879,2349
334: 1842,913,3903,794,1491,2120,2593
335: 1302,1602,2841,3667,3983,872,2470,2731,3109
336: 2744,3443,3520,107,1444,2909,2976
337: 1485,995,2043,2718,2798,3054
338: 517,1565,2936,2783,2019,2813
339: 1011,3581,1496,2840,2056,2685
340: 1924,2287,3560,581,3059,1643,2905
341: 372,1340,764,2074,2964,3019
342: 2471,2570,1175,1066,2702,3034
343: 3030,119,2740,3887,43,1539
344: 412,1623,749,3142,2929,3078
345: 3916,116,1358,3373,3979,1807,3048,3551
346: 571,1625,1789,1241,2199,3001,3264,3436
347: 2302,1816,3499,67,2102,1817,2761
348: 3575,3188,888,1852,2054,1998
349: 2350,3046,1427,2815,3592
350: 113,1721,3318,3421,3606,3503
351: 2802,1388,2583,3612,2952,3347
352: 1151,3627,2364,3861,2656,1546,2175,2857
353: 1568,211,2528,3709,3008,1174
354: 4033,616,3732,3418,1737,2655
355: 975,2095,2670,3785,3756,851,324,2343
356: 1437,908,3630,2060,2161,2204,3731,252
357: 980,3561,3956,380,3864,3440
358: 730,3020,3721,3908,3143,1272
359: 726,1740,1103,3917,1376,2388
360: 3524,1052,1710,538,3937,1473
361: 3980,1716,2377,156,3328,1863,3145,3358
362: 579,1658,2478,943,4080,1735,1405,3888
363: 2998,37,2561,2457,3171,1898
364: 635,959,3778,2078,2236,1803,2140,2545
365: 3483,1202,1046,2776,2846,140
366: 221,1875,2647,3487,4032,3489,1666,3098,3185
367: 270,2320,658,1098,3729,4035,2325,2456,2662
368: 2754,2860,2981,1114,1073,3032
369: 1038,3240,3014,3105,512,4095,1278
370: 120,738,2259,924,2585,3055
371: 499,2154,1429,1639,3235,1653
372: 1340,341,575,3237,3622,3019
373: 1393,1480,1033,539,2481,2736,3241,2777
374: 606,2667,2548
375: 1186,2464,3336,1869,2693,3377
376: 634,2580,1506,3379,602,3396
377: 317,1501,1115,2298,3407,1428
378: 1631,1572,3157,4033,3418,2784
379: 811,854,2211,2530,3438,1061,2272,2556
380: 357,3956,3440,680,3419,1498
381: 2055,1509,3955,1898,1782,1304
382: 1589,1911,647,2106,3817,2788,3228
383: 2067,2183,3100,552,4019,2884,3684
384: 3579,2793,1242,2245,523,2383
385: 1672,2181,2854,2437,1350,3361
386: 962,713,3013,2566,2568,2511
387: 2654,3388,1163,3041,721
388: 1751,197,3646,2595,2691,3621
389: 1307,13,3099,4083,1490,3543,2523,2804,1286
390: 1493,1800,1822,1738,2692,2855
391: 452,1520,880,133,3852,2875
392: 1529,2996,3326,2005,786,3007
393: 1647,1575,3234,3033,1149,558,2321
394: 200,2163,3689,3112,806,3813,164
395: 3015,1013,3167,1719,2395,2379
396: 1168,2962,3458,2020,566,3183
397: 151,3106,2698,3925,3617
398: 1766,3739,798,988,2108,3247
399: 1614,3335,1503,933,2393,3250
400: 2176,3360,1332,3092,1901,2083,2652
401: 829,3772,2085,1610,1931,913
402: 945,2026,2845,3530,1667,2231,3560
403: 1973,36,4070,3935,3867,2424
404: 1121,1270,3991,3782,3381,3963,2507
405: 838,2574,2678,3799,3383,817,2368,2463
406: 1824,2870,2939,1874,2597,127
407: 2006,706,3738,971,2352,2620,2621,2961,1460,2258
408: 1379,1033,2481,2736,2758,3763,3195
409: 1492,2963,3149
410: 1264,2557,633,3026,3943,3899,2124
411: 1190,2941,3072,3342,198,3452,4013
412: 1623,344,3078
413: 867,1222,1893,594,2164,3110,2935,2045,3434
414: 3953,3147,1235,3571,3596,653
415: 1666,2370,2727,3202,3525,3806,1343,3489
416: 3214,1284,1374,2034,2865,3284
417: 3637,1511,1665,2814,1713,3321
418: 1431,3285,2769,2525,1007,3346
419: 1765,95,1609,3269,2748,1576
420: 1016,1595,1741,2797,3009,1990,4067
421: 675,810,1616,2171,2500,2635,686,3063,3350
422: 3128,2333,2066,1166,2409,3882
423: 671,3442,3585,2937,1711,3038
424: 983,1361,3830,1919,147,3711
425: 1677,950,3565,2801,2887,3447,3069,3471
426: 1777,979,3665,2129,3196,261,3562
427: 1834,220,3474,3758,3103,2953
428: 1413,449,3768,2911,3131,1982
429: 2517,1904,1640,1712,3773,2252
430: 3893,3027,813,673,2250,3803
431: 1528,1138,1497,1460,3822,3159,3638
432: 1958,3844,148,3832,3854,1795
433: 1465,3384,3865,2642,21,2369,2101,2410
434: 12,1718,4077,3874,3218,592,2114
435: 1179,2006,706,2460,3012,3889,2985,3462,2961
436: 1796,1637,3201,1134,3944,1040,3119
437: 740,1553,1802,301,2536,3970,3629,522
438: 3588,1814,2212,4046,2249,3858
439: 3961,1260,3507,2513,2958,3783,805,2220,2504
440: 1367,3461,1757,956,2644,2889
441: 1035,70,2884,3705,3909,2844,1364
442: 1918,3537,2877,2397,3087,191
443: 990,984,2090,3715,2954,2984,2132,1436,3323
444: 3557,1178,2306,3085,1778,2792,2925
445: 1291,2704,3095,1102,2879,3927
446: 85,2374,1458,3118,3801,1253,3135
447: 3934,779,1259,2450,1618,543,2906,3148
448: 1181,2508,1416,3353,3150,24,1564
449: 185,428,2911,3131,3221,1250
450: 3245,3527,51,1554,2174
451: 994,3985,2891,3258,2282,1079
452: 3964,3303,753,1520,391,880
453: 3692,3305
454: 596,255,2107,2187,1928,3314
455: 502,2367,2941,3215,3342,2751,2001,1584,2790
456: 763,2172,2839,2802,3044,3347
457: 650,3473,3716,968,2539,2
458: 1085,1212,1279,3445,206,758,3132,3229
459: 1156,175,3420,2581,2609,3039,948
460: 1762,1313,16,1938,2159,2467,3656,4092
461: 1440,1339,2462,3187,3446,3703
462: 31,4007,1282,3165,2280,279,777,3141,3765
463: 949,1558,3871,1663,3842,3510
464: 2064,876,3749,3892,1015,2926
465: 1675,1617,664,587,2103,3928
466: 3930,2411,2289,1383,1809,3982,3330
467: 247,2477,3702,3967,290,3590
468: 956,2338,1538,1051,3975,2972
469: 166,2485,3701,3494,1221,3996
470: 4003,3299,3727,2418,1385,2749
471: 1488,3273,1991,3998,4069,4030
472: 1645,214,717,2946,4036,1411
473: 1309,3205,1960,4040,2273,3873
474: 847,1194,2219,4060,1031,3387,778,2631,3302
475: 1182,542,2023,4062,2158,1747
476: 3773,2037,1036,2131,2750,3564
477: 2208,46,3863,2362,1064,2913
478: 2232,3929,553,219,2094,1696,3263,2692
479: 2234,3640,621,56,4081
480: 1730,1799,2275,2304,2836,3827
481: 2127,3628,1155,134,1201,3853
482: 1224,195,3568,3277,2362,2326
483: 143,3737,2329,506,1230,2707
484: 1136,1878,562,565,1234,2356
485: 1342,2276,3494,1997,1187,2421
486: 1412,2835,2429,3845,715,938
487: 1478,1353,2438,2664,2978,3102,2409
488: 817,1524,2588,3643,838,695
489: 745,34,1743,2591,4051,3678
490: 1905,2599,2021,3645,3836,1370,2226
491: 1293,1601,2339,1469,173,2650
492: 218,3994,2699,1862,974,2665
493: 2024,1903,3123,2372,2726,1827,3044
494: 3449,2811,2266,2432,601,1205,2344,871
495: 748,868,1119,2198,582,2587
496: 795,2200,2868
497: 1346,972,3647,2140,2160,2299
498: 1583,103,1022,2436,3101,3206
499: 62,1534,2475,371,2154,1429
500: 1024,2619,1674,3287,3285,2525
501: 2770,3234,716,2053,1149,3152
502: 1190,591,1596,455,1523,2367,2941,3042
503: 3718,2938,3140,3651,4008,1502,2227,3000,895
504: 2871,3076,2894,1306,2365,2937
505: 100,3455,3700,2615,1055,3959
506: 1230,3067,2707,3877,3120,483,836,3737
507: 1078,3130,3377,1139,2693,2256
508: 217,3227,2869,1784,1530,3151,2462
509: 1723,1266,3164,70,2026,1969,3705
510: 1418,3910,954,42,3208,1372,3837
511: 1327,2617,2826,1124,1654,3226
512: 1975,1200,4095,1278,834,369,1038,3240
513: 3267,145,1059,1872,3780,3479
514: 1902,1535,1238,2322,2057,3662
515: 3916,116,874,2068,2197,136,3042,3231
516: 3940,1257,644,2325,2662,2876,3244,3613
517: 338,2340,1565,3224,2783,2019
518: 2181,3186,1350,1001,2355,1360
519: 1482,967,2489,2923,2443,756,2105
520: 115,2152,2837,1445,3572,2503
521: 4021,165,3699,1230,2817,3067,2707
522: 2032,1049,216,2716,2771,1553,301,20,437
523: 1708,2383,2913,614,1242,384
524: 1722,1980,1102,3537,2877,2879
525: 2093,276,583,3035,3036,2406,1762
526: 4044,1409,1341,3119,3472,1637,2412
527: 1821,2509,3820,3680,3154
528: 1213,1354,3396,3176,3146,602,2669
529: 3933,1915,3670,1065,3222,2637,3652
530: 1501,2298,3513,3291,2831,3054
531: 801,1138,3822,3170,3328,539,2377,2777,1256
532: 1269,1401,640,3344,61,551
533: 1283,2092,2126,897
534: 80,884,2100,2427,2021,1247
535: 224,1249,1358,895,1069,2265,3697,3722,3116
536: 896,1388,2156,2209,2281,3612,2949,601
537: 3696,2334,3428,903,2484,3465
538: 3937,1945,1473,2337,3382,360
539: 373,1033,3980,2736,3241,2377,2777,531
540: 84,2414,3207,3374,3554,3726
541: 2058,2882,3988,2495,2485,1187
542: 1182,475,4062,2241,2544,3365
543: 2272,2556,2906,3148,3934,447,1398,1618,3438
544: 1635,2583,2952,3203,31,1362
545: 2249,2528,2611,2630,2501,655,3588
546: 894,2089,1589,2788,1767,1895,2661
547: 1897,2983,3857,1181,3085,2792,1416
548: 2866,3380,2416,713,2796,1323
549: 1694,1853,2565,2838,2920,3818
550: 3108,2509,1189,932,326,2874
551: 226,3337,3682,532,3344,61
552: 1676,862,3891,3684,383,2067
553: 478,1421,2094,3263,2692,2855
554: 2098,2444,1067,998,2558,1808
555: 3694,1428,2246,2948,3081,3407
556: 1477,1315,971,2177,2352,2620,2621,149
557: 1608,2992,3039,3315,2391,2086
558: 1548,2321,2403,393,3033,3265
559: 4003,1687,1713,2459,742,2814
560: 3525,1310,173,2732,3129,2339,2370,2727
561: 2719,2743,3243,2549,2401,157,1045
562: 484,565,1234,3486,2766,2904
563: 1326,1824,661,1176,2553,2870
564: 3867,2779,2900,1521,176,3022,3004
565: 1878,562,484,3784,1855,2904
566: 2696,2934,3183,396,797,2020
567: 1917,1074,573,184,2947,3538,2626
568: 3961,1227,2090,3715,3507,2954,2958
569: 978,3,1116,1585,2185,3412,2973,3232
570: 1303,3174,212,2228,2909,2976,1117,678
571: 346,3679,2075,2084,3264,3436,2406,1678,2207
572: 1206,904,2348,1420,2501,655
573: 1074,567,3111,1912,2921,2626
574: 1141,2424,329,1844,3935,2930,2347
575: 372,1340,1724,1001,2318,2344,3062,3237
576: 1782,1304,181,2997,3230,1832
577: 3517,158,2160,2299,2753,3367
578: 1197,3542,3633,1587,2618,257
579: 1658,362,2323,2478,3124,3548,4080,1405
580: 3587,3533,260,759,2134,4066
581: 945,3968,3654,3059,340,3560
582: 1119,495,2587,3306,3900,3746
583: 525,276,1762,16,1692,2199,3760
584: 1521,2663,3138,3770,176
585: 2269,2473,2658,2308,3341,3894
586: 3933,3670,287,3567,2636
587: 1617,3946,3290,465,3928,291
588: 1070,236,1418,3434,3814,3910,3952
589: 124,3955,3331,2990,1697,1435
590: 292,1787,3007,3829,3581,2110
591: 502,1596,1523,1941,3981,3215,2113,920,3093,2235
592: 225,2892,2764,2114,1592,12,434
593: 1927,4017,2497,3811,2116
594: 21,2369,413,2164,3110,150,1465,1560
595: 4045,1766,2108,2927,1776,4027
596: 1987,3963,255,454,2187,4057
597: 1709,1988,4063,3751,660,1173,2260,1983,3868
598: 1712,768,2750,268,883,2332
599: 1143,3831,3354,207,210,295,2360
600: 2381,2028,3795,2872
601: 2811,1096,494,2024,2432,536,1827,2209,2281
602: 2471,3146,2702,1506,376,528,3396
603: 860,1106,1664,2502,2857,2977,3478
604: 1944,3053,2057,2466,2613,3662
605: 3879,129,3835,3779,2645
606: 3895,374,2667,1670,1215
607: 53,3945,332,2543,2675
608: 309,1154,2745,3192,1592,2687,12
609: 223,1923,2162,3499,2761,1392,1749
610: 315,757,2196,2288,2735,2933
611: 142,2401,2522,3189,3542,1587,3307
612: 1048,2284,2521,1124,2873,3226
613: 281,791,2574,2678,1557,1068,2886
614: 523,2913,3863,2257,1242
615: 3759,2939,3256,1720,1900,2561
616: 354,3732,3418,3107,3164,3262
617: 1375,2000,2719,2733,2743,2744,3243,3443
618: 3432,3504,3894,98,3134,2049
619: 1836,3509,4056,3786,2439,2823
620: 740,773,3970,3629,3669,273,1403,1837,2303
621: 2234,3673,479,56,2894,1334
622: 652,1909,2386,3376,3797,3618,3481,2679
623: 825,1349,1606,2222,690,3175
624: 1179,2400,2460,2455,3518,2031,3904,729
625: 1961,2752,2264,2312,2433,3934,1259,1618
626: 3640,1118,3391,194,3948,1476
627: 1579,1044,2138,2155,2816,1899
628: 13,2180,3003,3099,3141,3462,3825,2030
629: 72,3698,1769,3559,802,3761,3923
630: 1603,1468,685,2683,2380,3336
631: 1993,248,1510,262,4082,2398,4080,3506,2734,1351
632: 2951,2452,1039,3138,3770
633: 1264,2557,410,841,3871,2768
634: 376,2580,2800,3379,1100,3396,3176,228
635: 1527,364,959,2666,3778,2224,2277
636: 2734,2993,3051,1551,262,4082,3398
637: 827,4072,2824,2829,2605,1316
638: 1839,2244,2922,2970,2967,2003
639: 1025,1151,1137,3627,2966,3384,769,1161,3577,3618
640: 1401,532,3017,61,1727,3238
641: 1558,1007,2392,2956,3346,3073
642: 815,2275,3113,2529,751,3282
643: 149,3846,3744,3841,2135,3132,3229,206
644: 516,1932,3940,1257,1267,2876,3244,3570
645: 1012,3052,2597,3083,2553,2870
646: 3002,1588,2262,1422,2435,2652
647: 382,1589,2106,2788,3228,3354,2360,3211
648: 3568,2040,186,2853,3277,3077
649: 3177,3528,3685,1298,1159,3343
650: 457,1029,3473,2,1486,2715,2859
651: 1935,1564,2453,3475,3150,2616
652: 1125,622,1909,2386,3481,2679,2740,3887
653: 3798,2311,3596,3508,414,3147
654: 3522,1299,762,3493,2643,1866
655: 545,2249,2501,3588,2390,572,1420
656: 1130,3204,4000,3668,1233
657: 260,4066,2418,110,3727,3364
658: 270,1098,367,3729,2456,3707,2285
659: 1764,2217,3253,3363,3747,1084
660: 1480,3279,2481,597,3751,1173,2277,803
661: 3759,1824,563,1176,3257,3171
662: 3791,3896,691,1996,1180
663: 1220,1567,2425,3080,3922,2714,3821
664: 1675,2986,465,3928,2738,1228
665: 1047,4096,2765,3183,1168,2065
666: 2427,1731,2417,2800,1247,1100
667: 1661,1274,2819
668: 1408,1276,756,2105,2858,3049,3145
669: 3385,1513,1021,3563,1886,2867
670: 3883,721,121,1951,2897,3041
671: 981,3585,423,2365,1699,2937
672: 16,2202,1938,2915,2032,216,3025,3476,4092
673: 3027,1624,430,2526,1000,3803
674: 43,1761,3578,2537,2773,3079
675: 1212,810,1616,2171,2500,2635,3093,421,2945,2113
676: 943,3860,131,3114,3506,3769,322,2914,1735
677: 1645,723,2946,1577,3316,3158
678: 258,1117,4029,2384,3679,570,3174,1780,2812
679: 1838,3281,3247,3739,1669,3819
680: 3956,380,4069,3298,1400,3419
681: 2614,1631,2008,2784,3107,3813,2163
682: 873,2011,1779,3246,2542,275,2371
683: 1341,1363,3035,3036,3472,2406,3679,2084
684: 1624,2526,3984,1432,1373,2625
685: 630,1468,2192,737,1883,2683
686: 316,1195,3632,3048,3063,3350,3551,421
687: 1367,1739,3461,3654,3059,3370
688: 3267,3369,2082,2229,2760,1059
689: 1922,2871,3470,4086,1840,1050
690: 3497,1140,1794,3175,1349,623
691: 3791,662,3291,2354,3513,11,1180
692: 333,1328,2982,3567,2636,2722
693: 3595,1976,1965,2476,2598,3213
694: 2014,2167,3411,27,3631,3911
695: 838,1153,2688,3546,488,2519,3643
696: 1816,2534,3807,1512,3331,3658
697: 3695,2550,1495,1568,211,1732
698: 1320,857,1641,1344,2646,3743,3874,3990,2035
699: 1337,3216,2066,2971,19,2025,4096
700: 761,1664,3531,256,2023,2158
701: 785,1876,2720,3319,2254,3276
702: 1773,3994,3127,745,1862,2308,2658
703: 948,2351,1517,3549,1581,3420,1192
704: 1981,1958,148,2297,4068,2431,3898
705: 3182,2505,2649,318,2278,3675
706: 1179,435,2006,407,2352,2400,2621,2258
707: 2016,1566,2642,2852,1636,1995
708: 1248,2695,2737,2030,1286,13,4083
709: 2039,1602,2841,2895,1789,1820,2480,3001,2741
710: 1489,1355,1081,3477,2866,3380
711: 1027,1311,2058,2445,3639,2885
712: 4009,3422,2718,2916,2948,3081
713: 3013,386,2416,2511,2866,548
714: 1979,2022,3657,3693,2141,3066,3431
715: 3951,3070,486,2835,938
716: 1327,2128,2053,1654,3152,501
717: 1645,214,472,2149,3753,4036
718: 112,2139,2854,2582,1891,898,2708
719: 2755,1375,834,774,3677,2719,2733
720: 137,32,1146,2960,1965,2598
721: 121,670,3200,387,1163,3041
722: 1831,1131,72,2069,2730,3065,2079
723: 1645,76,677,4022,3125,1577
724: 231,4055,767,1042,2781,3283,3559
725: 15,2279,1506,3034,3286,2471
726: 744,4025,3289,1740,359,3917
727: 4031,3309,1989,4065
728: 308,3456,2631,2861,1545,1194,3322,1109
729: 1307,1790,1490,2455,3518,2460,624
730: 939,1381,358,3721,3908,3625
731: 161,3642,271,3921,3876,2441
732: 1362,4084,3748,2657,3600,1635,3024,1384
733: 1541,3173,3338,3750,3827,1730
734: 1801,135,3775,2402,2944,272
735: 1172,2240,2706,2046,1604,2111
736: 1948,3254,2182,3118,3890,66,2774
737: 685,2192,1883,3576,739,2261
738: 120,1213,3710,3180,370,2259
739: 1196,1291,2261,737,3927,1883
740: 620,919,773,437,2536,3970,2303,1343
741: 1796,229,4029,2384,2490,2540,3944
742: 3533,2814,4066,2418,4003,559
743: 789,1582,2070,2847,3239,1598
744: 4025,3289,726,4064,2604
745: 489,2591,3678,1773,702,2658
746: 1475,3375,2757,1071,71,3914,1076
747: 1386,3220,795,2950,2729
748: 868,3717,1119,495,3485,3050
749: 1623,4,344,3392,3142,3574
750: 1353,2978,3144,1374,4078,2865
751: 642,2529,3282,1559,1380,3177
752: 84,1397,1273,1939,1359,3193
753: 2128,452,3303,880,1407,2358
754: 1032,2950,2729,1484,2628,2851,1700
755: 1721,2931,3318,1378,280,1471
756: 2443,668,2105,2641,3049,519,2489
757: 1438,315,610,2288,3260,3471
758: 1232,3132,3229,3453,1212,458,4043,3445
759: 1665,3587,3533,580,2762,3464
760: 1888,2622,3469,3969,1811,1347
761: 700,1664,3478,3531,1896,3971,2940,256,2158
762: 3522,654,3493,2505,238,3594
763: 1935,456,2172,2839,3475,3521
764: 1340,341,3468,2074,3524,1473
765: 2721,3413,2061,2110,2896,1002,1787
766: 3556,1387,1622,2042,3605,1010
767: 724,231,1042,3559,1627,1797,3698
768: 598,1120,2750,3564,3755,2332
769: 1657,2662,3613,1025,639,2966,2363,33,1325,3577
770: 1661,3480,4049,1348,332,2675
771: 779,790,2242,2450,3536,3433
772: 2302,2534,3532,330,2888,3712
773: 740,620,919,2536,1147,3525,3129,2303,1343
774: 719,1375,834,2719,3764,1200,1045
775: 3733,3880,3838,2846,3166,960
776: 2864,2615,1055,3423
777: 279,2985,3012,1282,833,462,2280
778: 1685,2173,3302,4060,1658,3124,474
779: 771,447,790,2450,3536,2799,3148
780: 2027,1561,826,89,1447,2073,3074,3153,3926
781: 815,1287,2836,233,1452,3163
782: 3575,3804,2144,3188,2551,125
783: 1439,1295,3214,2891,3258,2353
784: 3294,3623,2047,3133,1455,30
785: 3915,701,3319,1605,2254,2746
786: 2005,1472,3403,3259,3326,392
787: 3727,3352,3364,2330,1104,2749
788: 4024,1487,1953,3280,1573,1812,1296,2135,3359
789: 1371,250,1582,743,2070,3942
790: 1666,771,779,2242,3536,3098,3202,3489
791: 613,281,2678,3140,3651,3924,1502,2483,1068
792: 1433,189,3293,3687,1318,2681,3869
793: 202,1889,2710,3816,296,2848,1414
794: 2794,334,1092,2120,2593,2725
795: 1386,496,3220,747,2200,2868
796: 1127,1575,3918,2770,3097,3479
797: 3483,1805,2776,2020,566,2934
798: 398,3739,988,1660,3444,3511,4088
799: 2908,818,3555,2577,231,4055,1627
800: 1246,1161,3160,3376,3797,3577,808,3618,2966
801: 1613,3333,531,3822,3170,3638,3241,2777,1256
802: 1615,1933,3761,3339,1769,1217,629
803: 1527,1173,2277,3763,1480,660,2481
804: 3781,44,1586,1776,4027
805: 1615,1135,2220,3139,3339,439,2243,2513
806: 1112,1714,3813,164,855,394,2163
807: 52,1037,2607,2978,3102,3144,4037
808: 1246,800,3577,2966,33,1325,2122,2506,3849
809: 305,3796,1275,1040,2109,2129,3156
810: 1212,675,1279,4043,2171,2635,421,3445,3063
811: 1897,854,379,2076,2211,3409,3870
812: 1942,2225,2965,2257,1894,3115
813: 3027,430,2250,3634,3217,1728
814: 1433,189,1285,2268,3047,3293,3624,3687
815: 642,781,1287,2275,2836,2529
816: 3691,3128,1652,1365,2333,1237
817: 2016,488,2368,2463,2588,405,838,3799
818: 2908,1054,2425,3080,799,1892,3555
819: 1745,2117,3312,2919,1442,2449,937
820: 1017,2176,2454,1332,3714,2233
821: 1209,1600,934,2165,2205,2341,2515,3875
822: 3125,2486,1860,3251,2562,2009
823: 1130,1977,2592,3466,1329,4074
824: 2605,2829,3266,310
825: 1911,623,1606,2106,2147,2222
826: 89,1447,780,3978,2734,2993,1510,2487
827: 3029,637,2569,2824,3728,1316
828: 931,3181,114,2821,3268,3325,3435
829: 1687,401,3772,2085,3366,2459
830: 3598,1411,100,3252,3455,2953
831: 2046,1739,3461,1604,1757,3100
832: 1760,1725,3492,2127,2890,134
833: 3659,1282,1793,3165,2280,777,1138,232,2690
834: 719,774,3677,3764,512,1200,3162,3240
835: 3706,1825,2997,2357,2712,307
836: 109,3737,847,1994,1031,4089,1123,3877,506
837: 1985,305,3463,3796,2238,3201,1134
838: 405,695,3799,3546,817,488,2588
839: 1078,3847,1338,3839,3130,3060
840: 1454,3623,3884,901,3847,2047
841: 1264,1128,3866,633,3790,2768
842: 41,3902,1357,1728,4071,3037
843: 1683,3777,1584,2050,2071,2790,1580,3215
844: 3335,1907,2086,2801,2600,313
845: 1044,2124,2138,2395,3026,1207
846: 1060,890,2229,304,1579,2155
847: 109,836,3737,2219,3523,474,1994,1031,4089
848: 2262,1422,1057,30,1845,2059,3993
849: 1760,318,2278,3278,4014,3810,1918
850: 80,3353,1300,24,2100,2316,2684
851: 1954,324,4038,2343,2681,3869,355
852: 1080,2366,2786,2930,3205,2194
853: 34,325,4012,2591,1703,2514,2881
854: 811,379,178,2076,2211,2530,1061
855: 2614,2099,1112,806,3813,2942,3541
856: 2703,2543,3219,2613,3662,1238
857: 698,1320,4077,2310,3743,2745,3192
858: 2562,2221,2778,2486,1335,2767
859: 3209,3526,1089,2820
860: 293,1106,603,2175,2502,2805,2857
861: 1970,2572,2521,2902,1936,1133
862: 1676,552,2706,2672,3589,2067
863: 3843,940,93,1278,4015,2430,2677,3014
864: 166,1853,3701,3086,79,2920
865: 1763,4010,3018,3840,1225,1978
866: 3061,2902,2195,1970
867: 21,3395,413,1222,2294,2674,3110,3126
868: 748,495,2198,3620,1999,3485
869: 1157,58,2050,2071,2790,1819,3570,3940
870: 3631,2247,2782,3911,2015,3591
871: 1205,3622,2811,494,2209,3757,1833
872: 2470,1063,2345,2731,3109,1302,335,3667
873: 1355,682,2011,3477,3671,3246,2542
874: 1424,2068,2197,2265,2533,3116,515,1449
875: 3707,227,1446,2323,3091,3124,3548
876: 464,1456,3626,3749,1015,3207
877: 3789,3895,1670,3753,1947,1516
878: 3636,3223,1262,3848,235,2973,3378
879: 1563,1877,2253,2349,1294,333
880: 452,753,391,2875,1407,1570,2358
881: 3714,242,2256,2408,1332,2083
882: 126,2439,3321,1931,2085,3317
883: 243,2332,2520,598,268,3090
884: 534,1300,2100,1314,2547,1247
885: 1053,1914,3734,3695,2550,4061
886: 1535,2361,2322,2806,2570,1175
887: 1927,4017,3830,2575,1972
888: 306,1852,244,1998,2659,348
889: 2724,1080,297,2844,1309,3719
890: 2007,846,2229,2760,3028,304
891: 2174,2780,3591,1554,2782,3644
892: 4025,2700,1740,2828
893: 2040,1552,2853,2862,1394,3290
894: 546,2442,1744,1094,2089,1895
895: 224,535,1249,3604,1041,2227,190,503,3718,2938
896: 536,1388,101,2156,2209,2949,3024,1322
897: 2088,3275,533,2126
898: 1891,1354,2708,2669,2136,718,2139
899: 1346,2797,3517,2160,1203,3011
900: 1005,1926,1704,2206,2482,3957
901: 3847,2190,3060,3576,840,1091,3884
902: 1876,905,3496,3425,2407,3276
903: 1884,1481,2065,2484,3465,537
904: 572,2206,2348,1420,2315,3490
905: 282,97,4057,3496,2407,902
906: 1695,270,2320,2660,1098,3614,1726
907: 2314,3242,2010
908: 356,1829,3834,3630,2060,2161,2204
909: 4006,1569,3649
910: 3899,3745,3794,949,3871,2557
911: 3754,3041,2270,1417,3883
912: 1440,3762,3446,2856,1142,3212
913: 1842,1491,334,401,3772,1610
914: 1731,1905,2062,2580,3836,3787,3379
915: 5,1727,2081,2096,3519,3238
916: 1574,1619,3665,2080,2109,2129,3233
917: 1356,1920,3699,2123,1002,2721,1188
918: 1082,2213,3401,4042,1397,1273
919: 740,773,4076,2536,3704,1147
920: 3362,2170,3093,591,3981,2113,2235
921: 1556,1198,1866,3386,3716,2290
922: 3953,1245,22,2309,2491,3147
923: 2331,1870,3266,2270,1593,2912
924: 1929,1756,2266,2413,2585,120,370
925: 3954,2476,4016,3213,966,302
926: 953,2144,1084,3253,3708,2576
927: 2584,1450,1967
928: 2142,2634,2889,2957,3664,1051,2301
929: 278,1216,3316,3425,3655,2728
930: 1526,2781,3408,1288,2048,2563
931: 828,114,2821,3268,1223,1499
932: 3239,326,3108,550,1578,2847
933: 3939,2393,2600,2711,3335,399
934: 1620,821,2752,2312,2341,2433,2515,3855
935: 2762,1400,1806,2673,2955,3419
936: 1888,2808,291,2152,2622,2837
937: 229,2238,2449,1134,3958,819,2919
938: 2988,2346,486,3845,715,3951
939: 1381,730,3249,3625
940: 3843,3429,2568,93,3311,863
941: 1950,3429,2596,3311,1786,2842
942: 3736,3500,4052,1605,3741,2746
943: 3860,1993,676,4080,3506,362,3769,322,1735
944: 1255,119,2740,2959,3079,3190,3514
945: 402,1268,3968,581,3530,1667,3560
946: 1722,3537,96,3087,2184
947: 3752,1629,3104,3541,2697,1547,3040
948: 1746,3549,703,1156,459,3420,2581
949: 463,3871,3552,3794,3510,910,2557
950: 425,3565,2887,2223,1144,1406,3069,3471
951: 1681,3082,2096,2559,1328,64
952: 1691,2099,2125,321,961,2942
953: 319,926,3804,2144,2405,3708
954: 2161,2204,2428,42,3208,3837,510
955: 1311,1086,3261,2445,2201,1868,1281
956: 2338,2644,468,440,2889,1051
957: 3676,2378,1621,204,2267
958: 3561,2820,3209,1543,2419
959: 635,364,3778,2078,2224,2236,2461
960: 277,2516,986,775,3733,3166
961: 2590,1916,1952,1691,952,321
962: 386,2239,2566,2568,2596,3311
963: 83,1821,3608,3184,2789
964: 65,3987,283,3730,2843,1886,2867
965: 175,1352,2581,2887,2223,1591,1882,246
966: 925,2476,1079,302,1439,2891
967: 2451,519,9,1482,2923,1542
968: 1955,2539,457,2936,2119,2
969: 3505,1890,2063,2712,307,2680
970: 2072,2512,3235,3850,1330,2154
971: 407,556,1315,2177,2352,2620,2027,2073,3153
972: 3771,3647,497,2140,1483,2545
973: 243,3792,1746,3549,2520,2552
974: 1822,1862,3966,2013,2665,492
975: 1308,251,355,2095,2670,2832,3756
976: 192,1815,2230,2970,2694,3045
977: 292,2005,1011,50,3043,3403
978: 1585,569,3412,2973,3232,3378,3406
979: 3424,426,3665,3196,2035,2555,261
980: 1089,357,10,3561,3956,2820
981: 671,3585,2640,91,3584,1699
982: 3448,2967,182,3688,2167,2694
983: 2234,424,1361,3597,3673,3711
984: 203,443,2090,3715,1425,1436,3660,3323
985: 3615,265,3725,4091,2426,3068
986: 277,1243,960,3733,2492,2267
987: 3604,1625,2075,2554,3436,1041,224
988: 398,798,1201,2108,2169,1660,3444
989: 3210,2121,2292,1016,1741,4050,1859
990: 443,3715,2954,2984,1831,1131,2132,2079,2689,1436,3323
991: 1943,1289,2189
992: 1209,2205,3977,1984,86,4054
993: 1483,1037,3144,1374,2034,2251,3771
994: 1772,451,4020,3985,1160,2282
995: 1485,2043,2300,2510,2924,337
996: 1650,2474,3187,3907,2111,3172
997: 3136,1714,2496,164,3104,3270
998: 1751,2691,2558,1067,2823,554
999: 1300,1185,2372,2616,2684,2726,1935,2839
1000: 3027,673,1624,1197,1504,2618
1001: 575,2318,3062,518,1350,1360,2629
1002: 917,1356,3394,2721,765,2896,1448
1003: 38,3815,4059,3580,2196,2735
1004: 1620,1961,2752,2650,1940,1469,3348
1005: 900,1704,2206,2348,2376,4026
1006: 75,1772,4078,1562,1992,2336
1007: 641,3346,3073,418,2769,2893
1008: 2018,222,139,1515,2775,1934
1009: 2851,1708,1064,2465,2830,2326
1010: 3605,2989,2028,1387,3566,766
1011: 292,977,3043,3581,1496,339
1012: 3191,645,3052,3083,4068,2431
1013: 1214,3015,395,3167,3649
1014: 1125,2386,2987,3160,3797,4053,1540
1015: 1939,3207,2926,3726,464,1456,876
1016: 1595,284,1741,420,2472,4050,3210,989,1284
1017: 820,1949,3607,2176,3360,2454,240
1018: 3370,225,1643,2142,2634,2764,2905
1019: 1101,1452,3375,2757,3610,123,2307
1020: 85,2337,1458,3382,3484,2182,3118
1021: 3385,1224,1513,195,669,2091,2624
1022: 3404,498,2186,2436,3101,3399,2883
1023: 2051,1753,2236,2461,2451,1639,1653
1024: 2619,3552,2394,3510,500,2525,1663
1025: 639,1137,2966,3301,3384,3865,2363,769,3613
1026: 1233,2440,2815,3357,3466,1856
1027: 2445,711,1281,2848,3639,2885,1414
1028: 1955,4041,2477,2290,3702,2539
1029: 650,2518,1083,3179,3473,2859
1030: 4031,2541,4065,1810,3587,3464
1031: 4089,2660,3387,4060,836,847,1194,2219,474
1032: 4034,754,2729,1962,1210,2628
1033: 373,408,3980,539,2736,2758,1716,3358
1034: 1373,2756,1968,183,2578,2625,2137
1035: 1268,2026,441,4019,2884,3530,3705
1036: 2037,476,2131,1547,2590,1916,2898
1037: 993,1483,807,2607,2978,3102,3144
1038: 369,3274,3240,1638,3105,512,3162
1039: 632,3138
1040: 3796,809,3156,3119,436,3201
1041: 3604,987,2075,1678,4008,2227,2571,895
1042: 724,767,1769,2274,3283,3559,3698
1043: 1515,2775,1648,3831,2608,3720,2342
1044: 627,845,2138,3015,2395,1899
1045: 3764,2401,2522,157,561,774,2719,3243
1046: 365,1202,140,3006,2640,4002
1047: 3776,2434,2696,2765,665,3183
1048: 612,2284,1781,2717,82,3226
1049: 1302,2716,3667,2807,522,1553,3629,3669,3109
1050: 3826,1840,2153,689,2871,1306
1051: 3975,2301,956,468,928,2889,2957
1052: 3524,14,3345,1710,360,2928
1053: 885,3695,3071,4061,2212,1732,3858
1054: 1220,2908,200,818,3295,3080,3550
1055: 776,2615,505,3700,3423
1056: 3958,159,3463,3528,2044,3084,2238
1057: 848,2262,2901,2059,3512,0
1058: 281,3718,2678,2688,3799,3546,3651
1059: 3267,688,3369,513,3918,3479
1060: 3267,846,2229,145,1579,3351
1061: 2272,2523,2556,2804,2906,854,379,2530,1286
1062: 1758,3776,323,2696,2934,2286
1063: 60,872,3632,2345,3109,2807,273,1626,2148,2564
1064: 2362,1708,1009,2913,2326,477
1065: 1915,2929,529,1312,3142,2637
1066: 342,1113,1175,1835,17,2702
1067: 3786,1818,2823,998,554,2444
1068: 1557,1389,2886,3924,2483,3016,613,281,791
1069: 224,535,1249,3697,3722,2895,2480,2554
1070: 236,588,1396,1896,3971,2796,2940,3952
1071: 3218,2957,3664,71,1475,746,3914
1072: 333,2982,1199,2349
1073: 1466,328,1114,368,3032,253
1074: 1917,567,573,3833,3111,4001,2626
1075: 1686,3608,3184,1189,3878,3304
1076: 1574,208,3233,71,3375,746,3914,3862
1077: 1450,1959,2174,2780,3245,1967
1078: 2408,507,1338,839,3130,2256
1079: 2476,966,451,2891,2296,2282
1080: 297,852,889,1309,2366,3205
1081: 710,1355,2011,2511,2754,2866,2981
1082: 918,2213,2962,3458,3950,4042
1083: 1029,1858,2518,3179,3593,2263,2552
1084: 926,2144,2551,659,1764,3253
1085: 1212,458,1279,102,2170,2635,206,3132,1129,3334
1086: 1311,3261,955,3337,3682,1868
1087: 56,1261,3626,4081,3457,3960
1088: 3777,1157,1551,58,2050,2968,3467,3686
1089: 10,980,2820,2210,3526,859
1090: 1445,3553,46,2818,3441,2503
1091: 247,3884,3576,3967,2261,901
1092: 794,2794,2120,3503,3599,1632
1093: 319,2747,3672,2405,1369
1094: 2442,1744,209,894,3681,4075,1895
1095: 3631,1530,2247,3352,2330,1231
1096: 1929,2024,3683,2266,2432,3123,601
1097: 1694,2188,2276,2565,76,2676
1098: 906,270,658,1726,367,3707,2285,3091
1099: 1962,317,1210,2298,2354,3513
1100: 3710,2259,228,634,666,2417,2800
1101: 1742,1452,1019,2610,2757,3163,3610
1102: 524,1980,2879,445,2633,2704
1103: 2700,1740,359,3820,1376,3154
1104: 179,3227,2749,2822,787,2330,3151
1105: 1906,3203,2172,3521,1148,2802,2583
1106: 860,603,1664,2805,3531,3972
1107: 3964,2617,1808,2826,3535,2558
1108: 3791,26,2943,3291,187,2831
1109: 235,1871,3378,3406,728,3516,3456,2861
1110: 1415,3076,3711,2894,3673
1111: 1386,2950,3976,2245,2910,2295
1112: 1714,806,3813,2942,3541,855
1113: 1175,1066,17,2057,2466,2322
1114: 2239,2566,328,1073,368,2981
1115: 317,2850,3650,377,3407,3563
1116: 3,569,2052,3232,2232,3929
1117: 678,2384,2540,3520,570,3174,2976
1118: 3640,1174,2283,3597,626,3391
1119: 748,3717,495,582,3306
1120: 768,312,2750,3040,3564,3755,2697
1121: 1474,404,3782,2221,2507,2767
1122: 319,3575,3804,2328,1998,3672
1123: 1994,2122,3849,3877,1246,288,3120,836
1124: 3879,3835,2873,1654,3226,612,511
1125: 1014,652,2386,4053,3030,3887
1126: 3912,3788,3512,298,0,2166
1127: 796,3918,2770,2118,3779,2645
1128: 3866,841,3790,2991,3921,2441
1129: 1315,2177,3744,1085,206,3334,3153,3926
1130: 656,823,2592,3204,1233,3466
1131: 722,1831,2132,3065,2079,990,1847,2984
1132: 90,2036,2157,2248,2394,2639
1133: 1936,129,861,2902,2216,2772
1134: 1796,229,436,2238,2490,3201,937,837,3463,3796
1135: 251,3783,805,2670,2220,3139,3756,2504,3296
1136: 1878,484,2535,3962,2356
1137: 1025,1151,639,1465,3627,2656,2966,3301,3384
1138: 1528,531,2961,1460,431,232,2690,3822,3170,3638,833
1139: 242,2693,2256,507
1140: 3939,3497,690,1794,2711,1971
1141: 2244,2424,2779,2922,574,329,3935
1142: 3173,2856,3827,912,3212,1799
1143: 599,3831,207,2360,3005,3211,1648
1144: 1406,3069,950,2887,2223,1318,189,3624
1145: 3553,3572,3077,2503,1552,2853
1146: 137,720,32,3121,3717,3306
1147: 3525,2218,2732,3129,919,773,3704
1148: 1105,1906,3203,2737,2030,1430,3141,3825
1149: 2321,3152,3534,501,393,3234
1150: 153,2324,2327,2862,1493,1800
1151: 639,1137,352,3627,2364,1161,1909,3618
1152: 221,1875,331,1626,2335,2564,2647,2827,3021,3487
1153: 695,2688,3546,1424,2533,1449,2519,3643
1154: 309,1831,608,2730,2745,3065,3192
1155: 2127,2890,2314,3628,3242,481
1156: 459,2992,3039,948,1746,2263
1157: 58,869,1088,2968,1819,3729,2456,3023
1158: 171,3815,4011,3580,1600,2165
1159: 320,3724,2044,3343,649,3528
1160: 2041,172,2282,3747,994,4020
1161: 800,3376,3577,3618,1151,639,2966
1162: 1557,1437,3731,3383,2368,1164,3395,1399
1163: 3388,387,721,3200,1717
1164: 252,3395,1399,2294,2674,1437,3731,1162
1165: 3413,1519,3544,2110,3314,3829
1166: 2025,2409,2803,3415,422,2066
1167: 2340,1845,2059,2783,1336,2601,3812
1168: 1884,396,2065,2962,665,3183
1169: 3417,286,4094,3515,2136,2139
1170: 2212,4046,3053,2703,3071,2613
1171: 3714,2233,242
1172: 192,2240,735,1843,3907,2111
1173: 2666,2277,803,660,597,3751,3868
1174: 3008,1118,2283,353,3391,3709
1175: 342,2570,1113,1066,2322,886
1176: 1326,661,563,3257,2357,3706
1177: 2963,3734,2550,2423,3149
1178: 444,1778,2792,1984,2925,2442,3681
1179: 435,2006,706,2400,2460,2621,624,3889
1180: 2494,1996,1642,662,691,11
1181: 3557,3085,2508,2792,1416,448,547,3857
1182: 1395,542,2542,475,275,1747,3365
1183: 1748,3646,2419,2595,3561,3864
1184: 3810,1980,2278,2633,2649
1185: 1300,999,2372,2547,2684,2726,1903
1186: 2380,2464,375,3336
1187: 2485,485,3494,541,160,2421,2495
1188: 2721,3578,2061,1539,917,2123
1189: 3108,2509,550,3184,1075,3878
1190: 502,411,1449,1596,2367,2941,3042,3072,3231,3452
1191: 3992,3275,1479
1192: 1352,3420,2581,2351,703,3404,1591
1193: 1295,3459,2121,2292,2399,2653
1194: 2219,3523,3322,474,1031,728,2631,3302
1195: 686,316,60,3632,1771,2345,2731,3551
1196: 739,3967,1937,1291,2261,3590
1197: 1504,3633,578,2618,3538,3324,1000
1198: 921,3179,3386,3473,3593,3716
1199: 1072,2982,3735
1200: 3764,1975,512,4095,2522,834,774,3240
1201: 988,2169,3853,1660,2127,481,134
1202: 365,1046,3880,2846,2640,3584
1203: 2185,3412,2446,3517,899,2797,3011,1696
1204: 299,2217,2878,3363,3900,3746
1205: 2344,871,3237,3622,3449,2811,494
1206: 572,194,2348,2376,1673,2611,2501
1207: 180,845,2395,2379,1698,3026
1208: 1932,2203,3244,2420,2852,1636,2751
1209: 992,821,2205,2433,2515,2560,86
1210: 1962,317,1099,3650,2628,1668,1032
1211: 3738,2620,2027,89,3978,1460,3159,2179
1212: 1085,675,810,458,1279,2170,2171,2635,3445,758
1213: 528,1354,738,3710,3180,3176,2708
1214: 1013,3167,3649
1215: 606,2667,1670,3818,2149,2787
1216: 278,929,1860,1577,3316,2863
1217: 2932,1769,2274,1933,300,802
1218: 162,3020,3721,3965,3586
1219: 1798,3941,3289,1957,3917,3057
1220: 663,1054,200,1567,3080,3112,3550
1221: 3996,2255,2317,3701,469
1222: 1372,867,413,1893,2294,2674,3110,2935
1223: 1630,2392,2956,1499,931,2821
1224: 482,1021,195,2624,2465,2326
1225: 249,2947,3538,2626,1978,865,3840
1226: 1408,3890,2774,2858,3145,3545,3547,263
1227: 568,203,2090,3715,3507,2958,20,3936
1228: 1675,2986,664,1859,87,3197
1229: 234,2304,3113,3390,3903,2593
1230: 3393,4021,506,521,2707,143,483
1231: 3631,1784,1530,1095,2994,3411
1232: 130,1812,3841,758,1946,3229,3453,3611
1233: 3668,1026,2440,3466,656,1130
1234: 3360,2356,3092,3486,562,484
1235: 114,3325,3571,3596,1451,414
1236: 3442,3585,3584,3733,3880,2492
1237: 75,1562,3641,816,3691,2333
1238: 1902,514,3106,856,3219,3662
1239: 1897,178,2076,3857,1416,2468,1248,1564,2453
1240: 153,186,3454,2324,2049,3410
1241: 346,1789,1820,2199,3001,3760,1692,2825
1242: 2793,3115,384,523,614,2257
1243: 277,1427,986,3357,204,2267
1244: 1879,65,3730,2269,2473,163
1245: 922,2491,3147,2311,3519,2671
1246: 288,800,3160,3797,3577,808,1123,2122
1247: 2427,666,2417,534,884,1314
1248: 2468,708,1906,2453,2695,2737,3475,3521,1239
1249: 224,535,895,1069,2265,2533,3116,3604,190,2938
1250: 3221,2538,1252,185,449,1785
1251: 2612,2603,2819,3925,1274
1252: 3221,2538,2864,2615,1250
1253: 3801,1964,2489,3135,2641,446
1254: 3802,3648,3856,1321,2359,2686
1255: 1830,944,119,2679,2740,3190,3573
1256: 1537,3241,2777,1613,801,3333,531,2914
1257: 111,516,644,2203,2662,3244,3613,2363
1258: 1494,1518,4015,2416,2430,2995,3814,1323
1259: 1293,3934,447,2450,3433,625,1961,2650
1260: 439,3507,2958,3783,2220,55,1317,3936
1261: 3948,1087,3626,4081,1671,3749
1262: 3636,2699,878,2052,2973,3232
1263: 230,3740,2569
1264: 1729,633,410,841,3943,3790
1265: 3893,2250,1548,3265,39,1913
1266: 3922,3164,3262,509,2714,1969
1267: 1932,3940,644,3244,2751,2001,2790,3570
1268: 1035,945,4019,3968,2884,3530,2183
1269: 3996,3988,1401,532,2317,3344
1270: 1889,3991,6,3255,2710,1861,404,3782
1271: 177,1525,4028,1737,3157,4033
1272: 358,3908,3143,1755,115,4039
1273: 4042,84,1397,752,3374,918
1274: 1661,667,4049,1251,2819,3925
1275: 305,2373,3859,3796,809,2080,2109
1276: 1408,668,2105,3145,3358,3582,1716
1277: 260,2134,110,51,1554,3644
1278: 18,512,4095,3450,3482,369,2677,3014,3105,863
1279: 1085,1212,810,458,3362,102,2170,2635,3093,3334
1280: 1303,92,3924,1502,2228,3000,1736,2000,2483
1281: 2241,2848,3365,1027,955,2445,2201
1282: 4007,1793,833,462,3165,2280,777,232
1283: 533,2350,2092,3046
1284: 3210,3214,2353,416,1016,2034,2472
1285: 1940,1433,814,2268,2411,3047,3348
1286: 2468,708,2695,178,2530,1061,2523,4083,389
1287: 815,781,2529,3619,1452,3610
1288: 3295,3689,3550,2496,2563,1526,930
1289: 991,2573,2189,1404,3064
1290: 4091,201,1345,2576,2880,2198
1291: 1196,739,445,1937,2704,3927
1292: 1954,324,2763,2883,2095,3906
1293: 491,1601,1259,2450,3433,1961,2650
1294: 1531,333,2722,879,2253
1295: 1439,783,1193,2292,2353,2399
1296: 2031,3846,2135,3359,788,1953,2455,3280
1297: 3642,3876,2493,3596,3508,1612,1451
1298: 3390,3282,2725,649,3177,3343
1299: 654,2271,2643,1866,81,3386
1300: 884,850,999,1185,2100,2547,2684
1301: 3351,1522,3997,2816,3745,245
1302: 335,1049,1701,216,2716,2841,3667,3983,872
1303: 1280,570,92,2228,2909,1736,2000,2733,2744
1304: 1782,576,181,2990,3955,381
1305: 1409,261,1341,4079,2093,3035,3562
1306: 2871,504,2937,2153,1050,3038
1307: 729,1790,2180,3099,389,1490,3518
1308: 1615,1933,975,2670,2832,3139
1309: 1080,473,889,3205,3719,2273
1310: 173,1750,3982,560,2732,3129,3330,2339
1311: 1086,955,2058,2445,2882,711,3337
1312: 1065,2087,3142,3574,271,2637
1313: 174,460,2159,2467,2623,3656,3558
1314: 884,2547,2417,1247,2145,1903,3055
1315: 556,1477,971,2177,1129,149,3744,206,3153
1316: 2191,2605,827,637,2569
1317: 55,4076,3704,3783,1260,1549,2504
1318: 246,3869,2223,1144,792,189,3293
1319: 2597,127,3788,298,3083,2297
1320: 698,857,1344,2310,2646,2689,3743,2132
1321: 88,3972,2359,3663,2686,1254
1322: 199,1659,144,2387,896,101,2949,1384
1323: 2796,3814,3952,1518,1258,4015,2416,548
1324: 3639,2885,3198,160,2479,2778
1325: 33,2506,769,1657,2966,3577,808
1326: 563,1176,2553,2357,2589,2627
1327: 2128,511,3303,716,2617,1654
1328: 692,64,2636,2722,951,2559
1329: 2088,4074,3466,823,2126
1330: 1434,2334,2475,2154,970,2072
1331: 122,1783,1685,308,2173,3169
1332: 820,2176,400,3714,881,2083
1333: 2910,2295,141
1334: 2365,1699,3960,621,56,2894
1335: 2486,3653,2863,2767,858,1533
1336: 1981,2601,3372,3812,1864,1167,2340
1337: 1852,699,1652,3216,2054,2971,2498
1338: 1078,2408,839,3839,3002,2435
1339: 1650,461,2338,3187,3446,1538
1340: 372,341,575,3062,3468,764
1341: 526,1409,683,1305,1363,3035,3036,3472
1342: 166,1853,2276,2565,485,3494
1343: 3806,1837,2303,3489,3525,740,773,2727,415
1344: 698,1320,2646,2689,1930,174,3558
1345: 2405,3615,1290,3708,4091,2576
1346: 899,2797,3009,3647,497,2160
1347: 1811,3954,4016,760,1888,2178
1348: 2214,3480,770,2675,3881,1881
1349: 623,2222,1467,3497,1956,690
1350: 518,385,2181,1724,1001,2318,3361
1351: 3398,227,1873,2323,2478,1993,262,631
1352: 175,965,3420,2581,1192,1591,1882
1353: 487,750,2664,2978,3144,4078,2336
1354: 898,528,1213,3176,2708,2669,2136
1355: 873,710,2011,1081,3477,3671,2754
1356: 917,3394,3699,1002,2817,2721
1357: 41,3902,1570,2358,2969,842
1358: 116,535,345,2197,3697,3116,3373,3979
1359: 254,3288,2928,3193,752,1939
1360: 1688,3402,2629,518,1001,3062,2355
1361: 983,424,2283,3451,3597,1919
1362: 31,4007,732,3165,3600,544,1635,2952
1363: 683,1341,3472,258,4029,2412,3679,2084,1780
1364: 297,2844,3891,441,2884,3684,3909
1365: 816,3691,1652,2054,3188,125
1366: 28,1419,2077,318,3278,3675
1367: 3461,440,687,3370,2142,2889
1368: 47,1689,2146,2687,2917,2469
1369: 2405,3615,2747,1093,74,2426
1370: 3831,207,210,2226,2608,1905,490,2599
1371: 250,789,3332,3942,2004,2655
1372: 252,1222,1893,3837,2674,510,1418,3434,3910
1373: 2756,1034,2625,684,3984,3690
1374: 993,750,3144,2034,2251,2865,416
1375: 719,2755,774,2000,617,2719,2733,3243
1376: 2388,3310,2874,3154,1103,359
1377: 3484,1659,2017,3254,2182,2964
1378: 2579,1471,3599,755,3318,3389
1379: 408,2758,2443,2105,3582,2923,3195
1380: 1559,159,2373,3177,3995,3685,751
1381: 939,730,3721,3666
1382: 3588,1814,2319,2390,3723
1383: 3930,1693,466,3785,1809,117,2382
1384: 101,2156,3024,732,2657,263,199,1322,2774,3547
1385: 3750,2749,2822,470,1464,3299
1386: 747,795,1111,2950,2295,2868
1387: 3556,1413,2911,3566,766,1010
1388: 536,896,351,1635,2156,2281,3612,2952
1389: 77,1829,3630,2060,1068,2886,2483,3016
1390: 1843,3688,3168,2014,23,3045
1391: 2932,1867,2313,3206,2763,300,3906
1392: 213,3272,1749,2162,3271,609
1393: 373,1537,1480,3279,3241,4004
1394: 893,2327,2862,3290,3928,2738
1395: 1182,2542,275,3365,3261,2201
1396: 1070,3971,2796,2940,3952,1489,3380
1397: 752,1273,3193,2705,918,3401
1398: 2211,1618,3409,3438,2264,2433,2560,543
1399: 1164,3395,2294,3416,3383,1162,2368,2463
1400: 935,2673,3419,1991,4069,680
1401: 1269,1966,640,532,2317,3017
1402: 3986,1951,2162,3271,3313,2761
1403: 273,1837,2564,2647,2827,2303,620,3669,2807
1404: 3064,3121,3717,3050,2573,1289
1405: 2173,3888,3169,579,1658,362,1735
1406: 1144,1774,3069,3260,3368,950,189,3624
1407: 2358,2969,3152,3534,2128,753,880
1408: 1226,1276,668,2105,2858,3049,3145,3545
1409: 4044,526,1305,1341,3035,3472,3562,1777
1410: 4023,3586,162,1943,2189,3320
1411: 3598,4036,830,3252,472,2946
1412: 3692,486,2835
1413: 3556,3741,428,1387,2911,1982
1414: 2885,2479,2848,1027,793,3816
1415: 1922,147,1110,3076,3711,4086,3828
1416: 1181,2508,448,1239,547,3857,3150,1564
1417: 3938,1593,3661,2270,911,3883
1418: 510,588,3814,3910,1518,3208,1372
1419: 28,1366,3675,2759,1904,2252
1420: 572,904,2390,2237,3490,655
1421: 87,553,3263,2855,2986,2404
1422: 3133,646,848,2262,2435,30,3993
1423: 3769,49,322,1597,2447,3056,3502
1424: 874,2068,2265,2533,1153,2688,1449,2519
1425: 1436,3660,2202,2623,3656,2915,984
1426: 3905,2098,2444,2648,3421,3852
1427: 1243,2815,3357,204,3592,349
1428: 555,2798,3081,1501,377,3407
1429: 499,1534,371,2051,52,2438,1653
1430: 3141,3765,3825,3203,1148,31
1431: 418,3285,2578,2625,2769,1432
1432: 2526,684,3287,1431,3285,2625
1433: 792,3930,814,1285,2411,3293,3687
1434: 1330,2334,215,2072,3300,2484
1435: 3807,3313,589,3331,2990,3986,1697
1436: 1425,1930,3660,2623,3323,2689,443,990,984
1437: 356,3630,2204,3731,1162,252,1164
1438: 757,313,2288,3471,3447,48
1439: 1295,783,2891,2399,966,302
1440: 461,912,2462,3446,217,2856
1441: 2309,3414,2491,226,3682,1868
1442: 229,2449,2490,2540,3520,107,819,3312
1443: 3297,1752,2548,3086,2838,2920
1444: 107,1986,2713,336,2743,2744,3443
1445: 1090,2818,3441,2503,115,520,4039
1446: 3707,875,227,2285,3023,3495
1447: 1974,1561,826,89,780,3978,2734,2993
1448: 2097,2685,1775,3394,1002,2896,2840
1449: 1190,3072,3231,874,1424,2068,1153,3452,2519
1450: 1959,1077,3498,927,1967
1451: 3642,1297,3596,1612,1235,114,3268
1452: 1101,1019,3163,3610,781,1287
1453: 3864,3440,1498,3031,2595,3621
1454: 247,840,4041,2477,3623,3884
1455: 30,1565,2119,3949,3993,3294,784
1456: 3626,876,3457,1015,3006,3207,4002
1457: 3087
1458: 85,446,2337,1020,2182,3118,3801
1459: 220,3915,3319,3474,3768
1460: 1528,1138,1497,431,3159,2258,407,3738,1211
1461: 205,259,1485,1472,3259,2916
1462: 1629,3270,2697,312,4048,1850,1854,3430
1463: 1917,128,1921,3037,3292,4001,3902
1464: 1536,3366,3299,3338,1385,3750,2822
1465: 1137,1560,433,3301,3384,3865,2369,594
1466: 328,1073,3325,3435,3571,253
1467: 1349,2222,3817,1956,3327,4059
1468: 630,1869,685,2192,2683,3336
1469: 3348,2289,173,3982,1004,2650,491
1470: 3381,255,1928,3255,1761,2537
1471: 1378,280,128,2579,3833,4001,755
1472: 786,3403,3259,3422,2916,1461
1473: 538,3382,764,2074,3524,360
1474: 1121,2710,3816,3782,2221,2479
1475: 3375,746,2301,2610,2757,1071,2957,3664
1476: 3948,1671,194,2376,4026,626
1477: 556,1315,2352,2400,2621,149,3744,3904
1478: 487,2438,2664,3102,1534,2409,2803
1479: 1191,3992,3725,3068
1480: 1393,373,660,3279,2481,2736,3751,803
1481: 903,239,1884,3300,3950,2484
1482: 519,1964,9,967,2489,3850
1483: 993,2545,1037,2607,972,3771
1484: 1668,2624,2628,2851,2465,754
1485: 205,1461,995,2300,337,2718,2916
1486: 3437,108,3315,2391,2715,2859,650
1487: 4024,788,106,2799,2272,2906,3148,3185,3280
1488: 1989,3273,471,3998
1489: 710,3477,2305,3380,256,1396,3971
1490: 3543,2523,2804,3518,1307,729,3099,389
1491: 1842,913,334,2120,3606,3096,1610
1492: 2193,1881,409,2963,168
1493: 1800,390,2855,2404,2327,1150
1494: 3274,1518,1258,4015,2430,2995,3014,3105
1495: 2550,2423,697,1568,2497,7
1496: 1011,3043,339,1646,2056,2499
1497: 1460,431,2918,3159,3638,2179,2632
1498: 2955,3419,35,380,3440,1453,3031
1499: 1630,1223,3866,931,3268,2991
1500: 3010,264,1586,1705,2448
1501: 530,2298,377,1428,2798,3054
1502: 1280,92,3924,3000,791,503,3140
1503: 3437,1614,2019,399,3224,3250
1504: 1197,3488,3324,3027,1000,3634
1505: 3020,3965,3143,3469,3969,3371
1506: 15,725,3379,376,2471,602
1507: 156,3659,1793,4084,3748,3165,3397,3328,1863
1508: 57,3400,3920,28,2077,3492
1509: 2055,2168,1823,381,1898,2998
1510: 248,262,631,4082,2179,2398,2487,826,2734
1511: 2762,417,3637,1806,1665
1512: 181,3405,3331,3230,3658,696
1513: 3385,1021,669,2091,1828,1886
1514: 1815,2230,2347,2672,3589,329
1515: 1008,2775,1043,1934,3720,2342
1516: 1947,1684,877,3753,4036
1517: 3792,2351,3549,94,703,1581
1518: 1494,1258,2995,3208,1418,3814,1323
1519: 1165,3314,2107,3007,3829,2996
1520: 3964,452,391,1808,2098,3852
1521: 584,3770,176,3022,564
1522: 1301,3899,2124,2138,2816,3745
1523: 502,591,1596,2367,3981,3215,2113,1683,1584
1524: 1566,488,3452,2588,3539,3643,4013
1525: 177,4093,266,1271,4028,2422
1526: 4055,930,2781,1288,3295,3550,2563
1527: 635,3122,2666,2224,2277,3763,803
1528: 1138,2961,1460,431,232,2690,2258,2006,3738
1529: 1707,1662,2291,2996,3326,392
1530: 1784,1095,2330,1231,3151,508
1531: 1294,2722,2081,2559,105,2253
1532: 3851,3389,2907,2921,2579,3111
1533: 282,1987,2507,3653,1335,2767
1534: 62,499,2803,1429,1478,2438
1535: 1902,514,2322,2806,3569,886
1536: 3772,3366,1464,2903,3338,3750,1842
1537: 1393,3241,2777,1256,3333,49,2914,4004
1538: 1339,3762,2338,3446,468,2972
1539: 43,1188,3578,3030,343,2123
1540: 1014,2987,3160,4053,165,1920,3067
1541: 179,733,3173,3750,2822,3117
1542: 3122,1753,3195,2451,967,2923
1543: 3209,1848,958,2419,3713,2415
1544: 1879,3805,3075,1646,2002,3236
1545: 2022,3322,2141,728,2861,3848
1546: 293,2175,3583,352,2364,1909,3618,3481,237
1547: 1036,2131,3040,2590,321,3752,947
1548: 3217,558,2403,3265,1265,2250
1549: 1750,2218,2504,2638,3296,3783,1317,4076,3704
1550: 3690,18,142,2137,3189,3450,2756
1551: 1088,3467,636,3051,3686,3398
1552: 893,2853,3946,3290,1145,3572
1553: 301,437,3970,3629,1049,216,2716,522,2771
1554: 450,51,891,2174,3644,1277
1555: 3252,3455,3700,2531,40,1684
1556: 1866,921,290,3522,2290,3702
1557: 3630,1068,3731,2886,3383,1162,613,2574,2678
1558: 463,1663,2392,641,3346,3842
1559: 1380,2373,3859,3995,2529,751,3619
1560: 150,1465,2656,3301,2369,594,2164
1561: 1974,89,1447,780,2993,3074,3926,3872
1562: 75,1237,1006,3882,2336,2333
1563: 2389,879,1877,2349
1564: 2468,651,2453,3475,1416,448,1239,3857,3150
1565: 1455,338,517,2936,2119,2783,3949
1566: 707,2016,1524,2588,2852,3539
1567: 1220,663,200,3080,3112,3922,2999
1568: 353,211,1495,697,7,3008
1569: 4006,3089,909,3028
1570: 3902,1357,2358,2875,880,3292,3616
1571: 2546,3068,265
1572: 59,1631,8,2682,3157,378
1573: 4024,788,3185,3280,1875,4032,130,1812,3359
1574: 1076,1619,3665,916,208,3196,3233
1575: 1647,796,393,2770,3097,3234
1576: 95,419,3269,3774,1651,4073
1577: 1216,3125,1860,3316,723,677
1578: 266,3349,3108,932,2422,2847
1579: 627,3351,2155,2816,1060,846
1580: 1683,3777,843,3467,3362,3981,1974,2235,169,3872
1581: 2186,3430,4005,2351,1517,94,703
1582: 250,789,2273,743,3873,1598
1583: 2048,498,103,3206,1867,2313,3408
1584: 1683,843,2001,2071,2790,3570,455,1523,2367,3215
1585: 978,2029,3823,569,3412,2446,3406
1586: 804,3781,4027,1500,2448
1587: 3542,249,3633,578,3307,3308,611
1588: 646,1901,2262,2901,2293,2652
1589: 382,647,2788,546,1767,3354
1590: 1759,3127,3066,2514,2881,3431
1591: 1882,3399,3919,3404,1352,965,1192
1592: 2146,2687,2892,592,608,12
1593: 1417,2168,2912,3661,923,2270
1594: 3181,2821,1786,2956,3073,1950
1595: 1016,284,1741,420,2472,3009,3647
1596: 502,1190,591,1523,136,1941,2367,3042,2113,2500
1597: 1423,196,2447,2527,3056,3356,3502
1598: 69,2112,3239,1582,743,3873
1599: 26,3896,2215,267,2104,2130
1600: 821,2165,2205,2341,3875,1158,171
1601: 491,1293,2339,2242,2370,3433
1602: 2039,335,1701,2841,709,2480,3001,2470,2741
1603: 630,2683,2586
1604: 2046,831,2067,3100,2706,735
1605: 4052,1768,2254,785,942,2746
1606: 825,623,2147,3175,3854,2488
1607: 3557,1908,1925,3800,2833,3439,2316
1608: 1677,557,3565,2609,2801,3039,2086
1609: 3191,1765,419,2748,2589,3052
1610: 401,2085,1931,913,1491,3606,3096,2709
1611: 1672,327,2181,2237,3490,3186
1612: 2991,3642,3921,1297,1451,114,3268
1613: 801,3333,2918,3822,3638,131,3114,1256
1614: 3437,108,2019,3335,1503,1907,399
1615: 1308,1933,802,805,3139,3761,3339
1616: 675,2500,421,1807,3048,3063,3350,3916,2945
1617: 587,3540,465,2103,2808,291
1618: 1398,3438,625,2264,3934,447,543,2556
1619: 1574,123,916,2080,2109,2307,3233,3375
1620: 1004,934,2752,2312,2341,1940,3047,3855
1621: 957,2492,2267,1711,3442
1622: 2510,2924,3500,3556,766,2042
1623: 412,344,2524,3392,749
1624: 673,2526,1000,684,3984,2618
1625: 2895,346,1789,1820,987,2554,3436
1626: 331,1152,2148,2335,2564,2647,2827,3021,60,1063
1627: 1797,3698,2810,799,2577,231,767
1628: 34,325,2097,2056,2685,4051
1629: 947,1462,3104,3270,2697,312,1854
1630: 1223,2392,2768,3842,1499,3866
1631: 2614,59,1572,681,378,2784
1632: 3724,3389,2907,2794,1092,3599
1633: 3989,3070,3692,1826,2835,3824
1634: 2951,2452,1957,1973,36,3941
1635: 544,1388,2156,2952,3024,1362,732,3600
1636: 707,2642,2852,1208,2203,2410
1637: 4029,436,3944,2412,4044,526,3119,3472
1638: 2428,3274,1038,3240,42,3834,3162
1639: 2451,9,3235,1023,371,1653
1640: 2517,1904,3493,3182,2643,429
1641: 1702,698,2646,3862,3990,2035,3424,3558
1642: 2494,1180,2200,3220,11
1643: 1018,2892,2764,2905,340,1924
1644: 2402,2007,78,3089
1645: 214,723,677,717,472,4022,2946
1646: 3043,1496,2499,1544,3075,3236
1647: 1575,393,2567,3097,3931,3033
1648: 2775,3155,285,1043,1143,3831,2608,3005
1649: 3668,2516,3166,2286,1758,4000
1650: 1339,996,2338,2644,3187,3172
1651: 4073,3228,1576,3774,285,3211
1652: 816,1337,3128,1365,3216,2054
1653: 52,1639,2051,1023,371,1429
1654: 3879,1124,2053,1327,511,716
1655: 294,1970,2572,3713,3974,2195
1656: 215,2115,2374,2072,2512,3135
1657: 769,4035,2325,2662,3613,2966,33,1325,2320
1658: 579,4060,362,3124,3548,1405,778,2173
1659: 1322,1377,1948,144,2017,3254,3757,2387,2964
1660: 798,988,1201,2169,134,3400,3444
1661: 3480,667,4049,770,1274
1662: 3529,1529,1768,2291,3501,3326
1663: 463,1558,2525,3346,1024,3510
1664: 700,1106,761,603,3478,3531,2940
1665: 3533,759,2814,2762,417,1511
1666: 790,3536,3098,3202,415,221,366,3489
1667: 3901,2231,2287,3560,402,945,2845
1668: 3385,1484,3563,2624,3650,1210,2628
1669: 3819,3460,3739,679,4018,3511
1670: 877,3895,606,1215,3753,2149
1671: 3948,1261,2064,1476,3749,4026
1672: 1611,327,385,2181,2854,2582
1673: 3391,2611,2501,3709,1206,194,2376
1674: 3893,3287,3803,39,2619,500
1675: 664,465,2103,2653,1228,1859
1676: 552,862,3589,3891,2366,2786
1677: 425,1608,3565,2609,2801,3447,2086
1678: 4008,212,2207,2227,2571,2812,571,2075,1041
1679: 2880,2587,3746,2217,3253,2576
1680: 1814,286,1944,2319,4046,3053
1681: 951,5,3082,3798,2096,2493
1682: 2603,2819,3194,1717
1683: 3777,843,1584,2050,1580,1523,3981,3215,2235,169
1684: 3674,40,1516,1555,4036,3252
1685: 1783,308,778,1331,2173,2631,3302
1686: 3608,1075,44,1776,2927,3304
1687: 829,559,1713,2085,2459,3317
1688: 4085,14,3345,3402,1360,2629,2482
1689: 1368,1892,2917,3555,2469,2577
1690: 2018,139,3426,3405,3658,3532,2888
1691: 952,2125,3460,961,4018,1952
1692: 1701,2825,3476,4092,16,276,583,1241,3760
1693: 3930,3687,1383,2343,2681,3785
1694: 1097,549,2565,2676,2787,3818
1695: 33,906,270,2320,2506,3614,3849
1696: 3929,478,219,1791,3011,3,1203,2185
1697: 3986,2897,3938,124,589,1435
1698: 3026,3943,3809,4,180,1207
1699: 671,981,1334,91,2365,3960
1700: 3976,2851,2830,754,2950
1701: 1302,2039,1602,216,1692,2825,2841,3025,3476,3983,3001
1702: 1718,3914,1641,3862,3874,3990,3218,71
1703: 1775,3393,4021,1979,325,2097,4012,853
1704: 1005,900,4026,3892,2482,3957,2064
1705: 4087,3628,264,1500,2448,3853
1706: 152,1960,1844,4070,4047,2194
1707: 1529,2291,2996,97,2107,2187
1708: 523,1064,2383,1009,2830,2913
1709: 597,2447,2527,4063,3502,2260,3932,1857
1710: 1052,360,2928,3193,2705,3937
1711: 1621,2742,3038,3442,423
1712: 3773,598,2750,268,2517,429
1713: 1687,559,3317,2814,417,3321
1714: 1112,997,806,164,3104,3541
1715: 2793,3115,2225
1716: 361,1033,3980,2758,1276,3145,3358,3582
1717: 1163,3200,1682,3194
1718: 1702,434,3874,3990,3218,2114,71
1719: 395,2723,3167,2379,3225
1720: 3029,1900,2785,167,3256,615
1721: 755,350,3905,2931,3318,3421
1722: 946,524,3537,2879,3329,2184
1723: 2979,3732,3164,509,3332,70
1724: 575,63,2318,2344,3237,3361,1350
1725: 1760,191,832,4014,2890,2151
1726: 906,270,2660,1098,3387,3707,3091
1727: 915,3519,3238,2671,640,61
1728: 41,3217,842,4071,813,3634
1729: 1264,2087,3943,3790,3809
1730: 234,480,2304,733,3338,3827
1731: 914,2427,666,2580,2800,3645,3836
1732: 211,3858,2630,1053,3695,697
1733: 1803,1983,2299,3868,3367,2666,3778
1734: 3886,2606,3329,2184
1735: 3769,3056,943,676,4080,362,1405,3888
1736: 2000,2483,2733,3016,1280,1303,3924
1737: 4028,3942,2655,1271,4033,354
1738: 1800,1822,390,3966,3341,3432,3504
1739: 831,3461,2183,3654,687,3100
1740: 892,4025,2700,726,1103,359
1741: 1016,1595,420,1990,4067,4050,3197,989
1742: 1101,4058,3975,2610,2972,3163
1743: 489,2499,4051,3678,163,3075
1744: 38,1094,894,2089,3327,4075
1745: 311,819,2117,2919,3018,29
1746: 948,973,3549,2263,2552,1156
1747: 1182,2542,475,2158,2305,3671
1748: 1183,82,3646,2419,2415,1781
1749: 2612,213,2698,1392,223,609
1750: 1549,1809,1310,117,2218,2638,2732,3129,3296,3330
1751: 998,388,2691,3621,4056,2823
1752: 3297,1443,3178,3086,2012
1753: 3122,1542,1023,2224,2461,2451
1754: 3947,1915,2929,3078,3137
1755: 115,2152,2622,3469,3143,1272
1756: 924,2413,120,3161,2437,63
1757: 2046,831,3461,440,3172,2644
1758: 323,1062,2286,1649,3766,4000
1759: 218,3636,1590,3127,3066,3223
1760: 1725,832,849,2077,3492,3278,4014
1761: 3544,674,2537,2773,1470,1928
1762: 16,460,2159,525,2093,583
1763: 865,2549,4010,2713,2651,1978
1764: 659,172,3747,2551,1084,2150
1765: 1609,419,3269,2589,2627,2680
1766: 398,595,2108,2927,3808,3247
1767: 3354,295,1589,546,1895,2974,2661
1768: 3529,4052,1605,1662,2254,3501
1769: 1042,2274,1217,3559,629,802,3761
1770: 161,3876,2493,3652,3222,3082
1771: 3979,1195,2470,2731,2741,3551,45,3373
1772: 994,75,1006,1992,4020,3985
1773: 3994,702,3127,2881,745,2591
1774: 315,4011,1406,3340,3368,25,2268,3047,3624
1775: 1703,4021,3394,2817,325,1448,2097
1776: 804,44,4027,1686,595,2927
1777: 426,3665,2129,3156,4044,1409,3562
1778: 444,1178,3085,2792,1984,3681,4054,2983
1779: 2143,2309,3246,3414,682,2371
1780: 3174,212,2207,2812,1363,258,678,3679
1781: 294,1048,2284,2415,1748,82
1782: 1304,576,1832,2457,381,1898
1783: 122,1685,308,3516,3456,1331,2795
1784: 1530,1231,3151,2994,2869,508
1785: 2872,185,2538,1250,3795
1786: 2842,2893,3073,941,1950,1594
1787: 3829,3581,590,2840,765,2110,2896
1788: 269,3912,2766,2904,2980,3427
1789: 2895,1625,346,1820,1241,2199,3001,3436,709
1790: 3889,1307,729,2180,3003,3462,3518,2460
1791: 1990,219,4067,3011,1696,3263,3897,2797
1792: 331,3021,60,1813,1946,3453,4043
1793: 156,3659,1282,1507,833,3748,3165,3600,2690
1794: 104,3832,690,1140,2711,3175
1795: 3191,2748,2488,1958,432,4068,3854
1796: 229,741,436,2490,3201,1134,3944
1797: 1627,2069,3698,2730,2810,2577,767,3559
1798: 152,1219,3941,4047,2396,3057
1799: 480,2836,233,3827,1142,3212
1800: 1493,390,1738,3432,153,1150
1801: 734,135,2944,3603,2849
1802: 301,20,55,437,4076,2536,3936
1803: 1733,2140,2299,3367,364,2666,3778
1804: 2828,3820,3680,2700
1805: 797,3838,2776,3166,2286,2934
1806: 2762,935,3637,2955,3885,1511
1807: 3048,3350,3916,116,345,1616,2945
1808: 3964,1107,1520,2558,554,2098
1809: 117,1750,3982,2382,3330,3930,466,1383
1810: 1991,4065,3998,1030,3464,2673
1811: 73,1976,4016,1347,760,3969
1812: 130,1232,3359,3611,1875,2335,4032,788,1573
1813: 316,60,3063,1792,3021,4043,2171,3445
1814: 3588,438,1382,1680,2319,4046
1815: 976,1514,2230,2244,2970,329
1816: 2302,2534,67,347,696,3807
1817: 2302,347,2102,1910,3712,2361
1818: 1067,3786,126,2709,2444,2648
1819: 1157,58,869,3570,3729,3940,2456,2876
1820: 2895,1625,1789,1241,2480,2554,3001,709,2741,3722
1821: 83,963,527,2509,3184,3680
1822: 974,390,1738,2692,3966,2013
1823: 310,1509,2168,4072,2998,2829
1824: 3759,661,406,563,2870,2939
1825: 835,3405,2997,3230,2712,3426
1826: 3692,3305,3004,3824,1633
1827: 2281,3612,3044,3347,2024,493,601
1828: 1513,2091,1886,3410,3987,3134
1829: 77,908,3834,1389,2060,3162,3677
1830: 1255,237,2686,3190,3573,88,3583
1831: 722,1154,1131,2132,3065,3192,2310,990
1832: 3706,1782,576,2997,2457,3257
1833: 144,3757,2811,2209,2949,871
1834: 220,427,2720,3655,3758,2728
1835: 1066,3146,17,2669,2702,4094
1836: 3509,619,2439,3321,3637,3885
1837: 3806,1403,2564,2647,2827,2303,1343,620
1838: 3808,4093,132,3281,3247,679
1839: 3824,638,2900,2922,2003
1840: 3826,1050,689
1841: 320,3851,2044,29,3084,3355
1842: 913,3903,1491,334,3772,1536,2903
1843: 3907,3168,1390,3045,1172,192
1844: 1706,4070,3935,2194,574,2930
1845: 1167,2059,2783,3949,3993,848,2601
1846: 3448,1849,3951,27,2015,2346
1847: 3961,3923,2243,2513,2954,2984,1131,2079
1848: 3209,1543,3713,3974
1849: 3989,3448,1846,3951,3070,182
1850: 103,1854,2594,3101,3430,4005,1462
1851: 3775,170,272,2118,3369,2082
1852: 1337,2054,888,306,2498,348
1853: 1342,864,549,166,2565,2920
1854: 1850,2594,3430,3136,1629,1462,3270
1855: 2785,3784,565,3256,2904,3427
1856: 2092,3046,1026,2815,3466
1857: 2260,118,3932,3058,1709,314,2527,3502
1858: 81,1083,3179,3593,3090,2520,2552
1859: 1675,2653,1228,4050,3197,2121,989
1860: 1216,822,3125,2486,1577,2863
1861: 1270,3991,6,3255,2959,3514
1862: 974,2308,3966,3341,492,3994,702
1863: 3145,3358,3545,156,1507,3397,361
1864: 1336,3372,2340,3224,3199,3250
1865: 4042,3374,3554,3458,3483,2020
1866: 1556,921,3386,3522,654,1299
1867: 2932,2274,2313,2781,3283,1391,3408,1583
1868: 1086,3261,955,3682,2371,1441,3414
1869: 1468,2192,375,3336,2190,3377
1870: 2331,923,2270
1871: 2029,1109,3378,3406,2532,3516,3456
1872: 3780,2567,3097,3479,513,2639
1873: 3686,3398,227,1351,2323,3495,262
1874: 127,3256,2980,3427,406,2939
1875: 366,1152,2335,3487,4032,1573,1812,3611
1876: 902,2720,701,3655,3425,3276
1877: 1563,241,2389,879,2253,3767
1878: 1136,484,2535,2809,3784,565
1879: 1244,3805,3730,1544,163,3075
1880: 1968,3482,183,2842,3843,3429
1881: 2193,1492,2214,1348,3881,168
1882: 1591,246,4038,3919,1352,965
1883: 685,99,737,3927,2683,739
1884: 1168,903,1481,2065,2962,3950
1885: 3768,3131,3474,3103,3221,3959
1886: 1513,669,1828,2867,3987,964,2843
1887: 3602,1945,2115,2701,3793,3601
1888: 760,936,2178,2808,2622,1347
1889: 202,1270,793,6,2710,3648,3782
1890: 2018,222,3505,969,2712,3426
1891: 898,3180,3161,2708,718,2854,2437,2582
1892: 146,1689,2917,3555,818,2425
1893: 1372,413,1222,2674,2935,3434,3910
1894: 812,2965,2257,3863,2818,3441
1895: 2306,2661,2925,546,2442,1094,894,2089,1767
1896: 1070,236,2940,3094,2045,761,2977,3478
1897: 811,1239,547,2076,2983,3857,3870
1898: 1509,381,363,2998,2457,1782
1899: 3015,3088,627,1044,2155
1900: 1720,3029,37,2824,2561,615
1901: 1588,2293,2652,400,3092,3486
1902: 1535,514,151,1238,3106,3569
1903: 3683,2145,2585,3123,493,1185,1314,2547,2726
1904: 1640,3182,429,1419,3675,2252
1905: 914,490,2062,2342,3836,1370,2608
1906: 1105,1248,3203,2172,2737,2030,3521,1148
1907: 108,1614,3335,3315,844,2086,2801
1908: 1607,3557,1925,3085,2508,3439,24,2316
1909: 652,622,3376,3618,1151,2364,1546,2175,3481,237
1910: 3034,3286,3712,1817,2361,2570
1911: 382,825,2106,2222,3817,2788
1912: 2921,3355,573,311,3840,2626
1913: 39,2036,2248,3931,3265,1265
1914: 168,885,3734,3945,4061,3881
1915: 1754,3947,3933,2929,1065,529
1916: 961,2590,1952,2898,3999,1036
1917: 1463,1074,567,1921,4001,184
1918: 3810,442,2877,191,849,4014
1919: 4017,3830,3811,424,1361,3451
1920: 917,165,3699,2123,4053,1540
1921: 1917,1463,4071,3037,4001,184,3488
1922: 689,1415,2871,3076,4086
1923: 223,609,2806,3569,3499,2102
1924: 340,47,2146,2287,1643,2892,2905
1925: 1607,2974,3557,1908,2306,3800,2833
1926: 900,2355,2206,2315,2482,3402
1927: 593,887,2458,4017
1928: 255,454,1470,1761,3544,3314
1929: 3449,1096,924,3683,2266,2413,2585
1930: 1436,174,2623,3323,1344,2689
1931: 882,126,401,2085,1610,3096,2709
1932: 1208,644,1267,2203,3244,2420,2751,2001
1933: 1615,1308,300,802,2832,1217
1934: 3532,4090,3720,2834,139,1008,1515
1935: 763,651,2839,3475,999,2372,2616
1936: 1133,129,3835,2873,861,2521
1937: 1196,1291,2704,3590,3491,2899
1938: 16,460,3656,2915,672,4092
1939: 84,1015,752,2926,3726,254,1359
1940: 1285,3047,3348,3855,1620,1004,2752
1941: 591,1596,136,2945,3042,2113,3916,2500
1942: 812,2602,2965,3249,3625,289
1943: 991,2189,1410,3320
1944: 1680,286,3053,604,2466,3515
1945: 538,1887,3602,3937,2337,3793
1946: 1232,3453,3611,331,1792,2335,3021,4043
1947: 3674,1516,877,3789
1948: 199,1659,736,3254,2387,3890,2774
1949: 3962,1017,3607,2176,3360,2356
1950: 941,2596,1786,3181,3973,1594
1951: 3986,1402,121,670,2897,3271
1952: 961,4018,1916,3511,3999,4088,1691
1953: 3543,788,106,2455,3280,3518,2031,1296
1954: 1292,851,324,4038,3919,2883
1955: 1028,4041,3294,968,2539,2119
1956: 3497,2196,2933,1349,1467,4059
1957: 4064,2951,1634,3289,1219,3941
1958: 704,432,3844,148,4068,2431,1795
1959: 2988,1450,1077,2133,3498,2780
1960: 4040,1706,4047,2194,473,3205
1961: 625,1004,2752,2312,2650,1293,3934,1259
1962: 317,1099,1210,2354,4034,1032
1963: 69,2112,2388,2396,3310,3057
1964: 1253,1482,2489,2512,3135,3850
1965: 693,73,1976,2598,720,2960
1966: 1401,105,2317,3017,3767,2739
1967: 2791,3245,927,2584,1450,1077
1968: 1034,1880,183,2578,2769,2842,2893
1969: 2026,2845,3705,1266,3164,509,2714
1970: 1655,861,2572,866,2902,2195
1971: 3939,3497,1140,48,2288,2933
1972: 2975,2575,3828,887,3830,147
1973: 36,403,2452,1634,3022,3867
1974: 1561,1447,2993,3051,3074,169,3872,1580
1975: 3764,18,512,1200,4095,2522,3189
1976: 693,73,1811,1965,4016,3213
1977: 188,823,2592,2747,4074,74
1978: 249,3308,1225,2651,865,1763
1979: 143,714,3693,1703,3393,2514,3431,4012
1980: 3810,1184,524,1102,2877,2633
1981: 704,1336,148,3372,3812,3898
1982: 3741,428,1413,3768,2746,3915
1983: 1733,2260,158,3932,3868,3367,597,2666
1984: 1178,1778,3681,3977,992,4054
1985: 305,159,837,2373,3995,3463,3796
1986: 107,1444,4010,2117,3312,2713
1987: 596,282,3963,1533,2507,4057
1988: 49,597,2447,4063,3502,3751,4004,3279
1989: 1488,4065,3998,727
1990: 1791,4067,4050,3197,3897,1741,420
1991: 471,3998,1810,4069,1400,2673
1992: 1772,1006,4078,2865,3284,3985
1993: 943,262,631,4082,2398,4080,3506,1351,2323,2478
1994: 4089,1123,2122,3614,3849,3877,836,847
1995: 2101,3416,3126,707,2016,2642
1996: 2494,2104,1180,662,3896
1997: 2188,2276,485,2009,2421,3251
1998: 244,2328,2659,888,1122,348,3575
1999: 3485,868,3620,2546
2000: 1375,1736,617,2733,2744,3016,3443,1280,1303,2909
2001: 1584,2790,3570,455,3342,2751,1932,1267
2002: 3694,4009,2948,3236,3805,1544
2003: 3989,2967,182,3824,1839,638
2004: 1371,250,3332,2724,3719,2979
2005: 292,977,786,3007,3403,392
2006: 1179,435,407,706,2352,3012,1528,2961,2258
2007: 890,78,2760,1644,3089,3028
2008: 2999,2784,3107,681,3813,2163,3112
2009: 2562,3198,2421,1997,822,3251
2010: 2397,907,3242,2151
2011: 873,1355,682,1081,2754,2860,3246
2012: 1752,3178,3248
2013: 1822,974,2692,2665,2232,2094
2014: 3688,694,1390,23,2167,3411
2015: 2133,2346,3591,1846,27,870,3911
2016: 817,707,1566,2463,2588,3416,1995
2017: 1659,1377,144,3254,3757,2964,3019
2018: 222,139,1008,1690,1890,3426
2019: 3437,1614,1503,2813,338,517,3224
2020: 3483,797,1865,3554,396,3458,566
2021: 2427,490,2599,3645,534,80,3439,2100
2022: 714,1545,3657,3693,3523,3322,2141
2023: 475,4062,2158,3663,700,3531
2024: 1096,2432,3123,493,601,1827,2281
2025: 1166,19,3696,3415,699,2066
2026: 1035,402,1969,2845,3530,3705,509
2027: 89,780,3978,2073,3738,971,2620,1211
2028: 600,2381,2989,3795,1010,3566
2029: 1871,3823,1585,3406,2532,118,3058
2030: 708,1906,2737,1148,13,628,4083,3825
2031: 149,3846,1296,2135,3904,1953,2455,2400,624
2032: 216,2716,3025,3983,522,2771,203,2202,2915,672
2033: 2210,3298,10
2034: 2251,2472,993,1374,416,1284
2035: 698,1641,2646,3424,979,2555,3558,261
2036: 1132,2248,2639,1913,2567,3931
2037: 3773,476,1036,2252,2759,2898
2038: 2247,2782,3352,3364,3644,110
2039: 1602,1701,2825,2841,3476,3983,709,3001
2040: 648,893,186,2324,2853,2862
2041: 1160,2296,2878,2282,3363,3747
2042: 2943,187,1622,2924,766,3605
2043: 995,2924,337,2943,2831,3054
2044: 320,1841,1159,3084,1056,3528
2045: 2935,1896,3094,3434,413,2164,150,2502,2977,3913
2046: 831,1604,1757,2111,3172,735
2047: 3847,3839,840,3623,784,3133
2048: 1583,103,2563,2594,930,3408
2049: 153,1240,618,3432,3134,3410
2050: 1683,3777,58,843,869,1088,2071,3467
2051: 1023,2236,2461,1429,52,4037,1653
2052: 1116,3232,1262,2699,2232,2665
2053: 3879,2645,1654,716,501,2770
2054: 1337,1852,1652,1365,348,3188
2055: 1509,124,2168,3955,3661,381
2056: 1628,2499,2685,4051,1496,339
2057: 1113,2466,514,2322,3662,604
2058: 1311,541,2882,711,3639,2495
2059: 1167,1845,3993,848,1057,0,2601
2060: 356,77,908,1829,1389,3630,2886
2061: 2721,3413,1188,765,3578,2773
2062: 914,1905,2342,3836,3787,3720
2063: 3505,969,3155,285,3269,2680,3774
2064: 464,1671,3749,1704,4026,3892
2065: 1168,903,1884,3465,19,4096,665
2066: 699,3128,3216,422,1166,2025
2067: 383,1604,3100,552,862,2706
2068: 874,1424,2197,515,1449,3072,3231
2069: 722,1797,72,3698,2730,2810,3065
2070: 789,4028,743,3942,2422,2847
2071: 3777,58,843,869,1584,2050,2790,3570
2072: 970,2512,215,1656,1434,1330
2073: 2027,89,780,3978,3153,3926,971,2177,2620
2074: 3484,2964,341,764,1473,3382
2075: 3604,571,987,3264,3436,1041,1678,2207
2076: 1897,811,854,1239,178,3857,2468
2077: 28,1760,1366,3492,3278,1508
2078: 364,959,2236,2545,2607,4037
2079: 722,1131,72,990,1847,3923,2243,2984
2080: 123,1619,916,2109,2129,2307,3859,1275
2081: 915,2096,2559,3238,1531,105,3017
2082: 78,688,3369,2760,3775,1851
2083: 3002,2652,881,2408,1332,400
2084: 571,3679,3264,683,1363,3036,2406,2207
2085: 1687,829,401,3317,1610,882,1931
2086: 1907,3315,844,1677,1608,557,2801
2087: 1729,3790,3809,3574,271,2441,1312
2088: 897,1329,54,4074,3275,2126
2089: 546,1744,894,3327,3817,2788,1895
2090: 568,203,443,1227,984,3715,2954,3660,20
2091: 1513,1021,195,1828,3410,3454
2092: 1283,533,3046,1856,2126
2093: 1305,525,4079,3035,1762,2159
2094: 2232,3929,553,478,2692,2013,2665
2095: 975,355,2832,3906,1292,324
2096: 951,915,1681,5,2081,2559
2097: 1628,325,1448,2685,1775,1703,3394
2098: 1426,554,2444,3852,1520,1808
2099: 2614,59,952,2125,855,2942
2100: 534,80,1300,884,850,2316,2547,2684,2021
2101: 21,2369,3126,1995,2642,2410,433
2102: 3499,347,1817,2361,2806,1923
2103: 1675,1617,3540,465,2653,3459
2104: 1996,1599,3896,2130
2105: 1408,2443,1276,756,668,3049,3582,1379,519
2106: 382,825,1911,647,2147,4073,3228
2107: 454,2187,1519,3314,1707,2996
2108: 4045,398,1766,595,988,2169
2109: 1619,3665,916,2080,2129,3156,305,3859,1275,809
2110: 3413,1165,765,2896,1787,3829,590
2111: 2046,3172,1172,735,3907,996
2112: 69,1963,3239,326,3310,1598
2113: 591,1596,1523,1941,2945,675,920,2170,2500,3093
2114: 225,3218,592,2764,3664,1718,434
2115: 1887,215,2374,2701,3793,1656
2116: 593,2497,274,2423,3149
2117: 1745,819,1986,4010,3312,3018
2118: 3779,170,1851,1127,3918,3369
2119: 1455,1565,2936,3949,1955,3294,968
2120: 794,1491,334,1092,3606,3503
2121: 1193,989,2292,4050,2653,1859
2122: 1994,1123,2506,3849,1246,288,808
2123: 917,1920,4053,3030,1188,1539
2124: 3899,845,1522,2138,410,3026
2125: 59,1691,952,8,2099,3460
2126: 533,2092,897,1329,2088
2127: 2890,1155,481,134,1201,832,3492
2128: 1327,3303,716,753,1407,3152,3534
2129: 1777,426,3665,916,2080,2109,3156,809,4044
2130: 1599,267,2104
2131: 476,1036,1547,3040,3564,2590
2132: 1831,1131,3192,1320,2310,2689,443,990,3323
2133: 2988,2015,1959,2780,2346,3591
2134: 3587,260,1277,580,51,2541
2135: 130,2031,3846,643,3841,1296,3359,788
2136: 2669,4094,898,1354,1169,2139
2137: 18,1550,3450,2756,1034,3482,183
2138: 627,1044,845,1522,2124,2816
2139: 112,718,2582,2136,898,3417,1169
2140: 1803,2299,364,3778,2545,972,497
2141: 2022,714,1545,3066,3223,3848,3431
2142: 3370,1018,928,2634,2889,2905,1367
2143: 3032,1779,22,2309,3246,2860
2144: 953,782,926,3804,2551,1084
2145: 3683,2585,1903,3055,1314,2547
2146: 1592,1368,47,1924,2687,2892
2147: 825,1606,2106,4073,95,2488
2148: 331,273,1626,2564,2827,3021,316,60,3632,1063,2345
2149: 214,717,2787,1670,1215,3753
2150: 2551,125,3691,3641,172,1764
2151: 2890,3242,2397,2010,191,1725
2152: 1755,115,936,2622,520,2837
2153: 3826,1050,154,1306,2742,3038
2154: 499,1330,2475,371,970,3235
2155: 627,1579,846,304,3088,1899
2156: 536,896,1388,101,1635,2952,3024,1384
2157: 90,1132,3552,3794,2394,245
2158: 475,2023,1747,2305,256,700,761
2159: 1762,1313,16,460,2467,4079,2093
2160: 3517,577,2299,899,1346,497
2161: 356,954,908,3834,2204,2428,42,3837
2162: 1402,3271,3499,2761,1392,609
2163: 394,200,3112,681,2008,806,3813
2164: 413,594,3110,2935,2045,150,1560,3913
2165: 1600,821,2341,4011,25,3855,1158
2166: 2297,2601,3812,3898,1126,298,0
2167: 3688,2014,694,3448,982,27
2168: 2055,310,1593,1509,2912,1823,3661
2169: 4045,988,1201,2108,3853,1660
2170: 1085,1212,1279,920,3362,102,2635,3093,2113,2235,3074
2171: 1212,675,810,4043,421,3445,316,1813,3063
2172: 456,763,1105,1906,3475,3521,2802
2173: 1405,1685,778,1331,3169,1658
2174: 1077,891,2780,3245,450,1554
2175: 1546,293,860,2857,352,3627,2364,3861,1909,237
2176: 820,1017,1949,3360,1332,400
2177: 556,1315,971,1129,2352,2073,3153
2178: 1888,2808,193,3540,3954,1347
2179: 248,1510,2487,2632,1211,3978,1497,3159
2180: 1307,1790,628,3003,3099,3462
2181: 1672,1611,518,385,3186,1350
2182: 3484,736,1377,3254,3118,1458,1020
2183: 383,1739,3654,3100,1268,4019,3968
2184: 1734,3329,96,946,1722
2185: 3,1203,569,3412,2446,3011,1696
2186: 3404,1581,1022,3101,4005,2351,3399
2187: 596,97,454,2107,4057,1707
2188: 1097,2276,1997,3251,76
2189: 991,1943,1289,4023,1410,3064
2190: 901,3130,3377,3060,1869,2192,3576
2191: 2605,1316
2192: 1468,1869,685,737,3576,2190
2193: 1492,1881,2214
2194: 1960,1706,1844,852,2930,3205
2195: 866,1655,1970,3974
2196: 610,2735,2933,1956,1003,4059
2197: 3916,116,874,1358,2068,2265,3116,515
2198: 2880,868,495,2587,3620,1290,201
2199: 346,1789,1241,3760,3264,276,583,2406
2200: 2668,2494,1642,496,3220,795
2201: 3261,955,2445,1395,1281,275,3365
2202: 1425,3660,2915,672,203,20,2032,2771
2203: 1208,111,1932,1257,2410,3244,1636
2204: 356,954,1437,908,2161,252,3837
2205: 992,1209,1600,821,2515,3875,3977
2206: 1005,904,900,1926,2348,2315
2207: 1678,1780,2812,571,3679,2075,2084
2208: 3277,3553,46,477,3077,2362
2209: 536,896,2281,2949,2811,601,871,1833
2210: 2033,3526,1089,10
2211: 811,854,1398,379,3409,3438,3870,2556
2212: 438,1170,4046,3071,1053,3858
2213: 1082,239,918,3950,3401,3601
2214: 3480,1348,2193,1881
2215: 1599,26,187,3605,2989,267
2216: 135,2772,2902,2849,1133
2217: 659,1204,3253,3363,1679,3746
2218: 1147,1549,1750,2638,2732,3129,3704
2219: 109,847,1194,3523,3322,474,1031,4089
2220: 1135,3783,805,3139,439,1260,2513,2504
2221: 2479,858,2778,1121,1474,2767
2222: 825,1911,1349,623,1467,3817
2223: 950,965,2887,246,1318,3869,1144,189
2224: 1527,635,3122,959,1753,2236,2277,2461
2225: 812,2602,1715,3115
2226: 3800,1370,207,210,2833,490,2599,3439
2227: 1678,4008,3000,3604,1041,224,895,503,2938
2228: 1280,570,1303,92,3174,212,2571,2909,2976
2229: 3267,1060,890,846,688,2760
2230: 976,1514,192,1815,2240,2672
2231: 1667,146,3901,3821,402,2845
2232: 3929,478,2094,1116,2052,2013,2665
2233: 1171,3714,820,2454
2234: 3640,983,3597,3673,479,621
2235: 3074,3872,920,3362,2170,591,3981,1683,1580
2236: 364,959,2051,1023,2078,2224,2461,2607,4037
2237: 3723,1611,327,3490,2390,1420
2238: 229,1134,937,1056,3958,837,3463
2239: 962,1114,2566,2596,3973,328
2240: 1172,192,2230,2706,2672,735
2241: 296,542,1281,2544,2848,3365
2242: 771,790,1601,2370,3202,3433
2243: 3961,1847,3923,2513,2079,805,3761,3339
2244: 1141,638,2922,2970,329,1815
2245: 3579,384,3976,2383,1111,2910
2246: 3694,555,283,2843,2850,3407
2247: 3631,2038,1095,870,2782,3352
2248: 39,1132,2619,2036,2394,1913
2249: 545,3858,2630,655,3588,438
2250: 3893,813,430,1265,3217,1548
2251: 284,2034,2472,3771,993,1374
2252: 3773,2037,1419,2759,1904,429
2253: 879,1877,3767,1531,1294,105
2254: 3529,1768,1605,3276,785,701
2255: 1221,2317,3635,2739,3701,79
2256: 242,1139,881,1078,2408,507
2257: 812,1894,3863,614,3115,1242
2258: 1528,2961,1460,232,2006,407,706,3738,2620
2259: 1100,738,3710,370,2417,3055
2260: 3932,1983,3868,1857,1709,597,4063
2261: 1196,739,3967,737,3576,1091
2262: 646,848,1588,2901,1422,1057
2263: 1746,2552,2518,1083,1156,2992
2264: 625,2312,2433,2560,3934,1398,1618,3438
2265: 535,874,1249,1424,2197,2533,3116,190
2266: 3449,1929,1096,494,924,2413,2432
2267: 957,2492,1621,204,1243,986
2268: 814,25,1285,3047,3293,3624,3855,4011,1774,3368
2269: 1244,2473,163,585,2658,3678
2270: 1870,923,1593,1417,3754,911
2271: 2517,1299,2643,268,81,3090
2272: 3543,543,1487,106,1061,2523,2556,2804,2906,379
2273: 250,1582,3873,473,1309,3719
2274: 2932,1042,1867,1769,1217,3283,3559
2275: 815,642,480,2304,2836,3113
2276: 1342,1097,2188,2565,485,1997
2277: 1527,635,2666,1173,3778,2224,3763,803,660,3868
2278: 849,318,3810,1184,705,2649
2279: 15,725,330,4090,2834,3286
2280: 1282,833,462,777,2985,3012,2961,232,2690
2281: 536,1388,1827,2209,3612,3347,2811,2024,601
2282: 1160,2041,2296,994,451,1079
2283: 3008,1118,1174,1361,3451,3597
2284: 612,294,1048,2572,2521,1781
2285: 3707,1446,3023,3729,658,1098
2286: 1805,3838,3166,1758,1062,2934,1649
2287: 1667,340,47,1924,3901,3560
2288: 1438,757,610,2933,1971,48
2289: 1469,2411,3348,466,173,3982
2290: 1028,3702,2539,1556,921,3716
2291: 2407,3529,1707,1529,1662,97
2292: 1295,3210,1193,2121,989,2353
2293: 1901,1588,2901,3486,269,2766
2294: 252,1164,867,3395,1222,1399,2674
2295: 1333,2910,2868,1386,1111
2296: 2041,2878,2282,3595,2476,1079
2297: 704,3083,2166,2431,3898,1319,298
2298: 530,317,1501,1099,377,3513
2299: 1733,1803,577,2140,2160,3367,497
2300: 205,3736,1485,995,2510
2301: 1475,1051,3975,2610,928,2957
2302: 1816,2534,347,1817,772,3712
2303: 3806,1403,1837,1343,3525,740,620,773,3970
2304: 1730,234,1229,480,2275,3113
2305: 1489,3477,3671,256,3971,2158,1747
2306: 1895,2974,3557,444,1925,3085,2661,2925
2307: 123,1619,2080,3233,3375,1019,2757,3610
2308: 1862,3966,3341,3994,702,585,2658
2309: 922,1779,1441,22,2143,3414,2491
2310: 1320,857,2689,3743,1831,2132,2745,3192
2311: 653,5,3798,3519,1245,3147
2312: 625,1620,1961,934,2752,2264,2433,2515
2313: 2932,1867,1391,3408,1583,3206
2314: 907,4087,3628,3242,1155
2315: 904,1926,2355,2206,3490,3186
2316: 80,850,3439,24,2100,1607,1908,2508
2317: 1221,3996,1269,1401,1966,2255
2318: 575,1724,1001,3062,3361,1350
2319: 1382,1680,3417,1814,286,3723
2320: 33,1695,906,270,2506,367,1657,4035
2321: 1149,558,2403,2969,3534,393
2322: 1535,514,886,1113,1175,2057
2323: 579,875,227,1873,1351,2478,3548,1993
2324: 2040,153,186,1240,2862,1150
2325: 516,1657,4035,2456,2662,2876,367
2326: 2362,1064,2465,1009,482,1224
2327: 2862,1150,1394,1493,2738,2404
2328: 188,244,3609,1998,3672,1122
2329: 143,483,109,3737,3657,3693
2330: 1530,787,1095,3352,3151,1104
2331: 1870,3266,923
2332: 243,3742,883,598,768,3755
2333: 816,3128,422,1237,1562,3882
2334: 537,1434,1330,2475,3428,2484
2335: 1875,331,1626,1152,3487,1812,1946,3611
2336: 1006,4078,1562,3882,1353,2664
2337: 538,85,1945,1458,3793,3382,1020
2338: 1339,1650,956,2644,1538,468
2339: 491,1601,2370,2727,1310,173,560
2340: 1167,517,3224,2783,1336,1864
2341: 1620,1600,821,934,2165,2515,25,3855
2342: 1905,2062,1515,1043,2608,3720
2343: 851,324,2681,355,3785,3756,1693
2344: 575,1724,1205,63,3237,3361,3449,494,2413
2345: 1195,872,3632,2470,1063,2731,3109,3667,2148
2346: 2988,2015,938,2133,1846,3951
2347: 1514,3589,574,329,2786,2930
2348: 1005,572,1206,904,2206,2376
2349: 1563,879,1072,333
2350: 1283,3046,349
2351: 1517,703,3404,1581,2186,3420,1192
2352: 2006,407,706,556,1477,3738,971,2177,2620,2621
2353: 1295,783,3210,3214,2292,1284
2354: 1962,1099,3513,691,4034,11
2355: 1926,2315,518,3186,3402,1360
2356: 3962,1949,3360,1234,1136,484
2357: 1326,1176,2627,3706,835,307
2358: 3902,1407,1570,1357,2969,3534,2875,753,880
2359: 4062,2544,3663,1321,1254,3856
2360: 599,1143,3354,3005,3211,647,3228
2361: 2806,886,2102,1817,1910,2570
2362: 1064,2326,482,3277,2208,477
2363: 1025,2966,3384,3865,111,769,1257,3613
2364: 1151,352,3627,1546,2175,1909,3618
2365: 671,1334,1699,2937,2894,504
2366: 1080,297,852,3891,2786,1676
2367: 502,1190,1596,455,1523,2941,3215,3342,1584,2790
2368: 817,2463,405,2574,3383,1162,1399,3416
2369: 21,594,2101,3110,1465,1560,433
2370: 1601,2339,2242,2727,3202,415,560
2371: 3261,1868,682,1779,3414,275
2372: 999,1185,2726,1935,2839,493,3044
2373: 1985,1559,1380,305,3859,3995,1275
2374: 85,446,2115,3793,1656,3135
2375: 3947,287
2376: 1005,1206,194,2348,4026,1673,1476
2377: 361,3980,539,2777,156,531,3170,3328
2378: 957,2742,154
2379: 395,1719,2395,3225,180,1207
2380: 1186,3336,630
2381: 600,2989,267,2028
2382: 1809,117,3296,251,3785,3756,1383
2383: 3976,523,1708,2830,384,2245
2384: 258,1117,4029,741,678,2490,2540,3944,3174
2385: 3860,248,131,2398,2632,2918
2386: 1014,652,1125,622,3160,3376,3797,3887
2387: 199,1659,1322,1948,144,3254,101
2388: 1963,3917,1376,3310,3057,359
2389: 1563,241,3248,1877
2390: 3588,1382,3723,2237,655,1420
2391: 1486,3315,2859,2518,557,2992
2392: 1558,1630,1223,641,2956,3842
2393: 104,933,2711,3199,3250,399
2394: 1024,1132,2619,3552,2157,2248,3510
2395: 3015,395,2379,1044,845,1207
2396: 69,1963,3057,4040,1798,4047
2397: 2010,3087,2151,442,191
2398: 3860,1993,248,1510,631,2385,2632,3506
2399: 1439,193,1295,3459,1193,302
2400: 1179,706,1477,2460,2621,624,2031,3904
2401: 611,3764,2522,157,1045,3307,561
2402: 734,3775,2944,1644,78
2403: 41,3217,558,1548,2321,2969
2404: 2986,2738,1421,1493,2855,2327
2405: 3615,3708,1345,1369,319,1093,953
2406: 683,525,276,3036,571,2084,2199,3264
2407: 3529,2291,3276,905,97,902
2408: 1078,1338,881,2256,3002,2083
2409: 1166,2803,487,1478,2664,422,3882
2410: 111,2203,2642,1636,2101,433,3865
2411: 3930,1433,1285,3348,2289,466,3982
2412: 258,1637,4029,3944,526,1363,3472
2413: 3449,1929,1756,924,2266,120,63,2344
2414: 540,3006,3207,3554,140
2415: 294,3713,1781,1543,1748,2419
2416: 1258,4015,713,3013,1323,548
2417: 666,1247,1314,1100,2259,3055
2418: 742,4066,657,3727,4003,470
2419: 1183,1748,958,1543,2415
2420: 198,2852,2751,3539,3342,1208,1932
2421: 3198,2009,160,2495,485,1997,1187
2422: 4028,2070,2847,1525,1578,266
2423: 1177,2550,3149,1495,2497,2116
2424: 3867,1141,2779,2922,574,3935,403
2425: 663,818,3080,146,1892,3555,3821
2426: 54,3992,74,3615,985,3725,1369
2427: 1731,666,2021,3645,1247,534
2428: 3274,1638,42,954,3834,2161
2429: 68,3845,486
2430: 1494,1258,4015,2677,3014,3105,93,863
2431: 704,1958,3083,2297,4068,3898,1012
2432: 3449,2811,1096,494,2024,2266,601
2433: 625,1209,934,2264,2312,2515,2560,1398
2434: 1047,3776,306,2498,2765
2435: 3133,3002,646,1422,1338,3839
2436: 498,1022,3206,3399,2763,2883
2437: 385,2854,1891,3161,1756,63,3361
2438: 52,487,1478,3102,1534,2803,1429
2439: 1836,882,619,3786,126,3321,3317
2440: 277,3668,1026,1233,2516,3357
2441: 271,3921,731,1128,2087,3790
2442: 1094,209,894,3681,1895,1178,2661,2925
2443: 756,2105,3582,1379,519,2923
2444: 1426,554,2098,2648,1067,1818
2445: 1027,1311,955,711,2201,1281
2446: 1203,3823,1585,2185,3412,3517,2753
2447: 1709,1423,49,1988,322,1597,4063,3502,4004
2448: 4045,3853,1500,1586,4027,1705
2449: 229,1442,2490,2540,937,819,3312
2450: 771,1293,3934,779,447,1259,3433,3148
2451: 1639,9,967,1753,1542,1023
2452: 632,2951,1634,3770,3022,1973
2453: 2468,1248,651,1564,2695,3475,3521,1239,3150
2454: 820,1017,2233,240
2455: 3543,1953,3518,2031,1296,3904,729,624
2456: 3940,2325,2876,1157,1819,3729,658,367
2457: 3257,3171,363,1898,1782,1832
2458: 1927
2459: 4003,1687,829,559,3366,3299
2460: 1179,435,2400,624,3889,729,1790,3462
2461: 959,2051,1753,1023,2224,2236
2462: 1440,461,3703,2869,217,3227,508
2463: 817,2016,2368,2588,405,1399,3416
2464: 1186,375,2693
2465: 2851,1009,2326,1484,1224,2624
2466: 1113,17,2057,3515,1944,604
2467: 1313,174,460,2159,2555,3558,4079
2468: 1248,1564,2453,2695,2737,1286,1239,178,2076
2469: 1368,1689,2687,2577,309,2730,2810
2470: 872,1771,2345,2731,2741,335,1602,2841,45
2471: 342,602,2702,725,1506,3034
2472: 1016,1595,284,2034,2251,3210,1284
2473: 1244,65,98,2269,585,3894
2474: 996,3187,3703,3907,3168,155
2475: 62,499,1330,2334,3428,2154
2476: 693,925,3595,3213,1079,966,2296
2477: 1028,247,1454,467,4041,3702
2478: 579,1351,362,2323,3548,1993,262,4080
2479: 1324,2885,2221,2778,1414,1474,3816
2480: 2895,1820,1602,709,2741,45,1069,3722
2481: 373,408,1480,660,2736,3763,803
2482: 900,1926,1704,3957,4085,1688,3402
2483: 1736,2733,3016,1280,3924,791,77,1389,1068,2886
2484: 903,1481,3300,537,1434,2334
2485: 469,3494,1187,541,3996,3988
2486: 822,1860,1335,2863,2562,858
2487: 248,1510,4082,2179,826,89,3978,2734
2488: 95,1795,2748,3854,1606,2147
2489: 519,1964,1253,1482,756,2641
2490: 1796,229,1442,741,2384,2449,2540,1134
2491: 922,1441,1245,2309,3414,2671,226
2492: 1621,2267,3442,1236,3733,986
2493: 1770,1297,3876,3508,1681,3082,3798
2494: 2668,1996,1180,1642,2200
2495: 3639,160,2421,541,2058,1187
2496: 3136,997,164,1288,3689,2563
2497: 593,3811,2116,7,2423,1495
2498: 306,2434,2765,1337,1852,2971
2499: 1743,2056,4051,1496,1646,3075
2500: 675,1616,2635,3093,421,1596,1941,2945,2113
2501: 545,1673,2611,655,572,1206
2502: 860,603,2857,2977,3478,3913,2045,3861
2503: 1090,1445,1145,3553,3572,520
2504: 1549,2638,3296,251,1135,3783,2220,439,1317
2505: 762,3493,705,3182,2649,3594
2506: 33,1695,1325,2122,2320,3849,808
2507: 1987,3963,1533,1121,404,2767
2508: 1181,3557,1908,3085,1416,448,24,2316
2509: 1821,527,550,3184,1189,2874
2510: 1622,3736,995,2300,2924,3500
2511: 1081,2754,2866,2981,713,386,2566
2512: 1964,970,2072,3135,3850,1656
2513: 439,3961,1847,3507,2243,805,2220,3339
2514: 1590,2881,3431,1979,4012,853
2515: 1209,821,934,2205,2312,2341,2433,2560
2516: 277,3668,1649,2440,960,3166
2517: 1640,2271,2643,429,1712,268
2518: 1029,1083,3179,2263,2391,2859,2992
2519: 3452,3643,1424,1153,695,1449,3072
2520: 243,883,973,2552,1858,3090
2521: 612,861,2284,2572,1936,2873
2522: 611,3764,18,142,1975,1200,2401,3189,1045
2523: 1490,1061,2272,2804,2530,1286,4083,389
2524: 1623,3392,3225
2525: 1663,3346,1024,3510,500,418,3285
2526: 673,1624,684,3287,3803,1432
2527: 1709,196,1597,314,3502,1857
2528: 545,353,211,2611,2630,3709
2529: 815,642,1287,751,3619,1559
2530: 854,379,178,1061,2523,2695,1286
2531: 40,1555,3700,3423
2532: 1871,2029,3406,314,3516,2795,3058
2533: 874,1249,1424,2265,190,1153,3718,2688
2534: 2302,1816,696,772,3658,2888
2535: 230,1136,1878,2809
2536: 740,1802,919,773,437,4076,3970
2537: 1761,674,2959,3079,3255,1470
2538: 2864,1252,1250,1785
2539: 1028,1955,2290,968,457,3716
2540: 1117,1442,741,2384,2449,2490,3520,2976
2541: 4031,1030,3527,51,3587,2134
2542: 1395,1182,275,1747,873,682,3671
2543: 856,53,607,2703,332,3219
2544: 296,542,4062,2241,2359,3856
2545: 1483,2607,364,2078,2140,972
2546: 1571,3620,1999
2547: 1300,884,1185,2100,1314,2726,2145,1903
2548: 3297,1443,2838,374,2667
2549: 1763,2713,2651,561,2743,3243,157
2550: 1177,885,3734,3695,2423,1495,697
2551: 782,2144,1084,125,2150,1764
2552: 973,1746,2263,2520,1858,1083
2553: 1326,563,2870,645,2589,3052
2554: 2895,3604,1625,1820,987,224,1069
2555: 2467,3558,2646,2035,979,261,4079
2556: 543,106,1061,2272,2906,379,2211,1618,3438
2557: 633,410,3899,910,949,3871
2558: 998,3535,2691,554,1107,1808
2559: 951,2081,2096,1531,1328,2722
2560: 1209,2264,2433,2515,86,1398,3409
2561: 1900,363,37,615,3759,3171
2562: 3198,2009,858,2778,822,2486
2563: 2048,2594,3136,2496,1288,1526,930
2564: 273,1403,1837,1626,1152,2148,2827,1063,3109
2565: 1694,1342,1097,549,1853,2276
2566: 962,1114,386,2239,2511,2981
2567: 1872,1647,3097,3931,2036,2639
2568: 962,3013,940,386,93,3311
2569: 827,1263,230,3728,1316
2570: 342,1175,1910,3034,2361,886
2571: 1678,4008,92,212,2228,2812,3000,1041
2572: 1655,861,294,1970,2284,2521
2573: 1289,1404,3050
2574: 613,405,281,2678,3799,1557,3383,2368
2575: 2975,1972,887
2576: 1290,3708,1345,926,3253,2880,1679
2577: 1689,3555,2469,799,1627,1797,2810
2578: 1431,1034,1968,183,2625,2769,2893
2579: 1378,3833,3111,1471,1532,3389
2580: 914,634,376,1731,2800,3836,3379
2581: 175,459,1352,3565,965,3420,2609,3039,1192,948
2582: 1672,112,327,718,2139,2854,1891
2583: 2802,351,544,2952,1105,3203
2584: 927,138,2791,1967
2585: 1929,924,3683,2145,1903,3055,370
2586: 3886,2606,1603,99,2683
2587: 2880,495,2198,582,1679,3746
2588: 817,2016,1566,1524,488,2463,3643,838
2589: 1765,1609,2627,3052,1326,2553
2590: 961,1916,321,1036,2131,1547
2591: 745,34,489,853,1773,2881
2592: 1130,188,3609,823,1977,3204
2593: 3903,794,334,2725,1229,3390
2594: 2048,103,1850,1854,2563,3136
2595: 1183,388,3646,3621,3864,1453
2596: 962,941,1950,2239,3311,3973
2597: 127,1319,3083,406,2870,645
2598: 693,3595,1965,299,137,720
2599: 490,2021,3645,1370,2226,2833,3439
2600: 3939,933,48,3335,844,313
2601: 1336,2166,3812,1167,1845,2059,0
2602: 1942,2225,3249
2603: 1682,2612,213,1251,2819,3194
2604: 4064,744
2605: 2191,824,1316,637,2829
2606: 1734,3886,3095,2586,3329,99
2607: 1483,2545,807,1037,4037,2078,2236
2608: 1370,3831,207,1648,1043,1905,2342
2609: 1677,1608,175,459,3565,2581,3039
2610: 1475,1742,1101,3975,2301,2757
2611: 545,2528,1673,2501,3709,1206
2612: 213,2698,1251,2603,3925,1749
2613: 856,2703,3662,1170,3053,604
2614: 59,1631,2099,681,855,2784,3813
2615: 776,3221,1252,1055,3959,505
2616: 3353,3150,999,2684,1935,651
2617: 1327,3964,511,1107,3303,2826
2618: 1197,578,257,1624,1000,3984
2619: 1024,39,2248,2394,500,1674
2620: 407,556,3738,971,2352,1211,2027,2073,2258
2621: 1179,407,706,556,1477,2352,2400,3904
2622: 1755,760,1888,936,2152,3469
2623: 1425,1436,1930,1313,174,3656,3323
2624: 3385,1484,1224,1668,1021,2465
2625: 1431,1373,1034,2578,684,1432
2626: 2947,1225,1912,1074,567,573,3840
2627: 1765,2589,2680,1326,2357,307
2628: 1210,1484,1668,2851,754,1032
2629: 3345,1688,3402,1360,1001,3062,3468
2630: 545,2249,211,1732,3858,2528
2631: 728,1685,308,3456,3302,1194,3322,474
2632: 248,2179,2385,2398,1497,2918,3159
2633: 2704,2899,3594,1184,1980,1102,2649
2634: 3370,225,1018,928,2142,2957,3664
2635: 1085,1212,675,810,1279,2170,2500,3093,421,3445
2636: 692,1328,64,3567,586,3670
2637: 161,271,3652,1065,529,1312
2638: 1549,117,1750,2218,2504,2732,3296,3783,3704
2639: 90,1132,2036,1872,3780,2567
2640: 981,91,3584,4002,1202,1046
2641: 66,756,3049,3801,1253,2489
2642: 707,1636,2101,1995,2410,433
2643: 2517,654,1299,3493,1640,2271
2644: 1650,956,2338,1757,440,3172
2645: 3879,605,2053,3779,1127,2770
2646: 698,1320,1641,1344,3990,2035,174,2555,3558
2647: 3806,221,366,1403,1837,1626,1152,2827,3487,3489
2648: 2709,1426,113,2444,3421,1818
2649: 705,2505,1184,2278,2633,2899,3594
2650: 1004,1961,2752,1469,491,1293,1259
2651: 3307,3308,1978,2549,1763,157
2652: 3002,646,1901,1588,2083,400
2653: 1675,2103,1859,3459,1193,2121
2654: 3388,3754,387
2655: 1371,3332,3942,1737,354,3732
2656: 150,1137,1560,352,3627,3861,3301,3913
2657: 732,4084,3397,263,3024,1384,3547
2658: 2269,585,702,745,3678,2308
2659: 244,3766,1998,323,888,306
2660: 1031,4089,906,3614,3387,1726
2661: 1895,2974,2306,2925,546,2442,1767,295
2662: 516,769,1257,1657,4035,2325,2876,3613,367
2663: 584,3305,176
2664: 487,1478,1353,2409,3882,2336
2665: 974,2013,2052,492,2699,2232,2094
2666: 1527,635,1173,3778,2277,1733,1803,1983,3868
2667: 374,606,1215,3818,2548,2838
2668: 2494,2200
2669: 1835,3146,4094,2136,898,528,1354
2670: 1308,251,1135,975,355,3139,3756,3296
2671: 1727,3519,1245,2491,226,61
2672: 862,1514,2230,2240,2706,3589
2673: 2762,935,3464,1400,1991,1810
2674: 252,1372,1164,867,1222,1893,3837,2294
2675: 3945,607,332,3881,1348,770
2676: 214,76,4022,2787,1694,1097
2677: 2430,3014,1278,3450,3482,3843,863
2678: 613,405,281,791,1058,2574,3799,3546,3651,1557
2679: 3481,1255,237,2740,3573,3887,652,622
2680: 1765,3269,2627,969,2063,307
2681: 851,2343,3869,792,1693,3687
2682: 8,1572,3819,3157,177,3281
2683: 630,1603,1468,685,99,1883,2586
2684: 3353,1300,850,999,1185,2100,2616
2685: 1628,1448,2097,2056,2840,339
2686: 1830,3190,88,3583,1321,3802,1254
2687: 1592,1368,2146,2469,309,608
2688: 190,1153,1058,695,3718,3546,1424,2533
2689: 1320,1344,2310,2132,990,1436,1930,3323
2690: 1528,1138,232,3822,3170,3328,3659,1793,833,2280
2691: 998,388,1751,197,3535,2558
2692: 1822,390,2855,2013,553,478,2094
2693: 1139,2464,375,507,3377
2694: 3688,3045,2970,2967,982,976
2695: 2468,708,1248,2453,2737,1286,178,2530,4083
2696: 1047,3776,1062,566,2934,3183
2697: 1629,947,1462,3104,312,1120,3040,3564,3755
2698: 2612,3925,1749,223,397,151
2699: 218,492,3636,1262,2052,2665
2700: 892,1740,1103,1804,2828,3820
2701: 1887,215,2115,239,3300,3601
2702: 2471,342,1835,1066,3146,602
2703: 856,53,3071,2543,2613,1170
2704: 445,1937,1291,2633,2899,1102
2705: 1710,3193,3602,3937,1397,3401
2706: 862,2240,2672,735,1604,2067
2707: 4021,165,506,521,1230,3067,3120,483
2708: 1891,898,1213,1354,3180,3161,718
2709: 113,2648,1610,126,1818,1931,3096
2710: 202,1270,1889,793,1474,3816,3782
2711: 3939,104,933,1140,1794,2393
2712: 969,1890,307,3426,835,1825
2713: 1444,2549,1986,1763,4010,2743,3443
2714: 3922,1266,1969,2845,663,3821
2715: 3437,108,2,1486,2813,2859,650
2716: 1302,2032,1049,216,3667,3983,522,1553,3629
2717: 197,82,3535,1048,2826,3226
2718: 712,2798,2916,3081,1485,337
2719: 719,1375,561,774,617,3243,3764,1045
2720: 1834,220,1876,701,3655,3319
2721: 1188,765,2061,2896,917,1356,1002
2722: 1531,1294,692,333,1328,2559
2723: 3167,1719
2724: 2844,889,3719,2004,2979,3909
2725: 794,2794,2593,1298,3390,3343
2726: 999,1185,2372,2547,3683,1903,3123,493,3044
2727: 2339,2370,3202,415,3525,560,3129,1343
2728: 1834,3655,3758,929,3316,3158
2729: 3220,747,4034,754,1032,2950
2730: 722,309,1154,1797,2069,2810,3065,2469
2731: 1195,872,3632,1771,2470,2345,2741,3551,335
2732: 1147,1310,1750,2218,560,2638,3129,3330
2733: 719,2755,1375,1736,2000,2483,617,3016,1303,77
2734: 636,826,1447,2993,3051,1510,631,4082,2487
2735: 315,610,3580,2196,3340,1003
2736: 373,408,1480,1033,539,2481,2758
2737: 2468,708,1906,1248,2695,2030,3521,1148
2738: 2986,664,3928,2404,2327,1394
2739: 241,3635,3767,1966,2255
2740: 944,1255,343,119,2679,3573,3887,652
2741: 1771,2470,2731,1602,709,1820,2480,45,3722
2742: 2378,1711,3038,2153,154
2743: 561,617,3243,3443,1444,2549,2713
2744: 2000,617,336,3443,1444,1303,2909,2976
2745: 1154,608,3192,12,857,4077,2310
2746: 3741,1982,1605,785,3915,942
2747: 188,1977,3672,1093,74,1369
2748: 3191,95,1609,1795,419,2488
2749: 1104,1385,2822,3727,787,470
2750: 1712,3773,598,768,476,1120,3564
2751: 198,2420,455,3342,2001,1208,1932,1267
2752: 625,1620,1004,1961,934,2312,2650,1940
2753: 3517,158,577,118,3823,2446
2754: 1355,2011,1081,368,2511,2860,2981
2755: 719,1375,3677,2733,3016,77
2756: 1373,1034,183,3690,1550,2137
2757: 1475,1101,3375,1019,746,2610,2307
2758: 1379,408,1033,3980,2736,1716,3582
2759: 2898,3920,28,1419,2037,2252
2760: 2007,890,78,688,2082,2229
2761: 3499,67,347,3313,1402,2162,609
2762: 935,3464,1806,2673,1511,1665,759
2763: 1292,2883,2436,3206,1391,3906
2764: 225,1643,1018,2892,592,2114,2905
2765: 1047,4096,2434,2498,665,2971
2766: 269,1788,2904,3486,2293,562
2767: 1335,1121,2221,858,1533,2507
2768: 3871,1630,3842,3866,633,841
2769: 1431,418,1968,2578,2893,1007,3073
2770: 501,1127,1575,796,3234,2053,2645
2771: 2032,216,522,203,3660,2202,1553,301,20
2772: 2216,135,170,272,1133,129
2773: 3413,1761,3544,674,3578,2061
2774: 1226,3890,2858,3547,1384,199,736,1948
2775: 222,1008,1515,3505,3155,1648,1043
2776: 365,3483,797,1805,3838,2846,140
2777: 373,1537,539,3241,2377,1256,801,531,3822
2778: 1324,2562,3198,2221,2479,858
2779: 3867,1141,564,2424,2900,2922
2780: 1959,1077,891,2133,2174,3591
2781: 1526,724,4055,930,1867,3283,3408
2782: 2038,870,2247,3644,891,3591
2783: 1167,338,517,2340,1565,1845,3949
2784: 2008,3418,3107,2614,1631,681,378
2785: 3784,167,1855,3256,3427,1720
2786: 852,2366,2930,1676,2347,3589
2787: 214,2149,2676,1694,1215,3818
2788: 382,1589,1911,647,3817,546,2089
2789: 44,963,3608
2790: 843,2001,869,1584,2071,3570,455,2367,3215,1267
2791: 138,3245,3309,3527,1967,2584
2792: 1181,444,1178,3085,1778,4054,547,2983
2793: 1715,3579,3115,1242,384
2794: 794,1092,2725,3724,1632,3343
2795: 122,1783,3516,196,314,2532
2796: 1070,1396,3814,3952,1323,548,3380
2797: 899,420,1346,3009,1203,1791,4067,3011
2798: 1428,2718,3081,337,1501,3054
2799: 4024,1487,2906,3148,3185,779,3536,3098
2800: 634,1731,666,2580,1100,228
2801: 425,1677,1608,3447,1907,844,2086,313
2802: 351,2583,3612,3347,456,1105,2172
2803: 62,1166,1534,2409,3415,1478,2438
2804: 1490,3543,106,1061,2272,2523,389
2805: 88,293,860,1106,3583,3972
2806: 1535,2361,3569,1923,886,2102
2807: 1049,3667,3629,3669,273,1403,1063,3109
2808: 1888,936,2178,291,1617,3540
2809: 230,1878,2535,3784,167,3728
2810: 309,1627,1797,2069,2730,2469,2577
2811: 494,2432,601,2209,2281,1205,871,1833
2812: 1678,3174,212,1780,2207,2571,678,3679
2813: 3437,2019,2,2715,338,2936
2814: 742,1665,3533,417,559,1713
2815: 1427,1026,3357,3046,349,1856
2816: 627,1579,1301,3351,1522,2138
2817: 1775,1356,4021,521,3394,3699
2818: 1090,1445,46,3863,3441,1894
2819: 1682,1251,2603,667,1274
2820: 1089,980,3561,958,3209,859
2821: 828,931,3181,1594,1223,2956
2822: 1104,1541,179,1385,3750,2749,1464
2823: 1067,4056,619,3786,998,1751
2824: 3029,1900,827,637,4072,37
2825: 2039,1701,1692,3476,1241,3001,3760
2826: 511,1107,2617,2717,3535,3226
2827: 3806,273,1403,1837,1626,1152,2148,2564,2647,3487
2828: 1804,892,2700
2829: 637,4072,824,2605,310,1823
2830: 3976,2851,1700,1708,2383,1009
2831: 1108,2943,3291,3054,2043,530
2832: 1308,1933,300,975,2095,3906
2833: 3800,210,2226,1607,1925,2599,3439
2834: 3787,15,1934,2279,4090,3720
2835: 1412,3692,486,1633,715,3070
2836: 815,1799,781,480,2275,233
2837: 936,291,2152,520,3946,3572
2838: 1443,2548,2920,549,2667,3818
2839: 1935,456,763,3475,999,2372,3044
2840: 1787,3581,339,2896,1448,2685
2841: 1302,2039,335,1602,1701,3667,3983,709,2470
2842: 1968,1880,1786,2893,941,3429
2843: 964,283,3730,2246,1886,2867,2850
2844: 2724,297,889,1364,441,3909
2845: 402,2026,1969,2714,1667,2231,3821
2846: 775,365,1202,3880,3838,2776
2847: 743,2070,2422,932,3239,1578
2848: 296,1281,2241,1027,793,1414
2849: 3061,3603,1801,2216,135
2850: 1115,3407,2843,2246,3563,2867
2851: 1700,2465,1009,2830,1484,2628,754
2852: 198,707,1566,2420,1636,3539,1208
2853: 2040,648,1552,893,1145,3077
2854: 1672,718,385,2437,2582,1891,3161
2855: 1493,390,2692,553,1421,2404
2856: 3173,217,3227,3117,1142,1440,912
2857: 293,860,603,2175,2502,3913,352,3861
2858: 1408,1226,3890,66,668,2774,3049
2859: 1486,2391,2715,650,1029,2518
2860: 2011,368,2754,3032,2143,3246
2861: 728,3456,1545,235,1109,3848
2862: 2040,893,2324,2327,1150,1394
2863: 278,1216,2486,1860,3653,1335
2864: 776,2538,1252
2865: 4078,1992,3284,750,1374,416
2866: 710,1081,2511,548,3380,713
2867: 669,3563,1886,964,2843,2850
2868: 2295,1386,496,795
2869: 155,2994,1784,2462,3703,508
2870: 1824,406,563,2553,2597,645
2871: 689,1922,3076,1306,504,1050
2872: 1785,600,3795
2873: 1936,1124,3835,3226,612,2521
2874: 1376,326,3310,3154,2509,550
2875: 133,391,880,3616,1570,2358
2876: 516,3940,644,2325,2456,2662,1819
2877: 3810,442,524,1980,1918,3537
2878: 2041,2296,299,1204,3363,3595
2879: 1722,524,1102,3095,3329,445
2880: 2198,2587,1679,1290,2576
2881: 1773,1590,3127,2514,4012,2591,853
2882: 1311,541,2058,3337,3988,3344
2883: 1292,1954,3399,3919,2763,1022,2436
2884: 1035,1268,441,4019,3684,1364,383
2885: 3639,1324,2479,1414,1027,711,3816
2886: 1557,1389,3630,2060,1068,3731,2483,613
2887: 425,175,950,3565,965,2223,246,1144
2888: 3532,3658,139,1690,2534,772
2889: 928,2142,1367,440,956,1051
2890: 2127,3242,1155,2151,1725,832
2891: 1439,783,3258,451,1079,966
2892: 1643,592,2764,1592,1924,2146
2893: 1968,1786,2578,2769,2842,1007,3073
2894: 1110,3076,504,3673,621,1334,2365
2895: 1625,1789,1820,2480,2554,709,224,1069,3722
2896: 2721,765,2110,3394,1002,1448,1787,3581,2840
2897: 3883,3986,670,1697,1951,3938
2898: 1916,2759,3920,3999,2037,1036
2899: 238,1937,2633,2704,3491,3594,2649
2900: 3824,1839,564,2779,2922,3004
2901: 1588,2262,2293,1057,269,3512
2902: 866,861,1970,1133,2216
2903: 3772,1536,3338,234,1842,3903
2904: 1788,2766,3427,562,565,1855
2905: 3370,1643,1018,2142,2764,3059,340,1924
2906: 543,1487,106,2799,1061,2272,2556,3148,3280,447,3438
2907: 320,3851,3724,1532,1632,3389
2908: 1054,818,3295,799,3555,231,4055
2909: 570,1303,2228,2976,3520,2000,336,2744
2910: 1333,2295,1111,141,3579,2245
2911: 185,428,1413,449,1387,3566
2912: 310,1593,2168,3266,923
2913: 523,1708,1064,614,477,3863
2914: 49,322,4004,3333,676,3114,1537,1256
2915: 1425,3660,2202,1938,3656,672,2032,4092
2916: 3422,712,2718,1472,205,1461,1485
2917: 1368,146,47,1892,1689,3901
2918: 1613,1497,3638,131,2385,2632
2919: 1745,819,3958,29,3084,937
2920: 1443,3086,2838,864,549,1853
2921: 3851,1532,1912,3355,573,3111
2922: 1839,2244,1141,638,2424,2779,2900
2923: 519,967,2443,1379,1542,3195
2924: 1622,995,2043,2510,2042,2943
2925: 1895,444,1178,2306,2661,2442
2926: 1015,1939,3726,3892,254,464
2927: 1766,595,1776,1686,3808,3304
2928: 3288,1359,1052,14,1710,3193
2929: 1754,1915,3078,1065,344,3142
2930: 852,2786,1844,2194,574,2347
2931: 755,133,1721,3905,280,3616
2932: 1867,2274,2313,1217,3283,1391,300
2933: 610,2196,2288,3497,1956,1971
2934: 1062,566,2696,797,1805,2286
2935: 236,3094,2045,3434,413,1222,1893,2164
2936: 338,1565,2119,968,2,2813
2937: 671,423,2365,1306,504,3038
2938: 190,503,3718,3651,2227,1249,895
2939: 615,3759,1824,406,1874,3256
2940: 1070,236,1396,1896,3971,256,761,1664,3478
2941: 502,1190,411,455,2367,3072,3342,198
2942: 1112,3752,3541,952,2099,321,855
2943: 2042,1108,187,2831,2043,2924
2944: 1801,734,2402
2945: 136,1941,2113,1807,3350,3916,116,675,1616,2500
2946: 1645,677,472,3598,1411,3158
2947: 184,249,3538,1225,2626,567
2948: 3694,555,4009,712,2002,3081
2949: 536,896,101,2209,1322,144,1833
2950: 1386,747,754,1111,2729,3976,1700
2951: 632,4064,2452,1957,1634
2952: 351,544,1388,1635,2156,2583,3612,3024,1362
2953: 3598,3103,830,100,427,3758
2954: 3961,568,443,990,1847,2090,3715,3507,2984
2955: 935,1806,3419,1498,3885,35
2956: 1223,2392,641,3073,2821,1594
2957: 1071,928,2634,3664,1475,1051,2301
2958: 439,568,1227,1260,3507,20,55,3936
2959: 944,119,3079,3514,3255,1861,2537
2960: 720,32,303,3371,73,1965
2961: 1528,1138,232,2258,435,2006,407,3012,2280
2962: 1082,1168,1884,396,3458,3950
2963: 168,1177,3734,3149,1492,409
2964: 3484,1659,1377,2017,2074,3019,341
2965: 1942,812,289,1894,3441
2966: 1025,639,1137,2363,769,1657,1325,1161,800,3577,808
2967: 982,2003,182,638,2970,2694
2968: 1157,58,1088,3686,3023,3495
2969: 41,1407,1357,2321,2358,2403,3534
2970: 2244,638,2967,976,1815,2694
2971: 1337,699,3216,19,4096,2498,2765
2972: 1742,4058,3975,3762,1538,468
2973: 978,235,569,3232,3378,3406,1262,878
2974: 3557,1925,2306,2661,3800,1767,295
2975: 2575,1972,3828
2976: 570,2228,2909,1117,2540,3520,107,336,2744
2977: 603,2502,3478,3913,1896,3094,2045
2978: 487,750,1353,807,1037,3102,3144
2979: 1723,3332,2004,2724,70,3909
2980: 1874,127,3912,1788,3788,3427
2981: 1081,368,2511,2754,1114,2566
2982: 1072,692,333,3567,3735,1199
2983: 86,1897,4054,547,3857,3870,1778,2792
2984: 3961,443,990,1847,3715,2954,1131,2079
2985: 3889,279,777,3003,3462,435,3012,2280
2986: 664,2738,1228,2404,87,1421
2987: 1014,288,3120,3160,1540,165,3067
2988: 938,1959,2133,3498,2346,3845
2989: 2381,3605,267,2028,1010,2215
2990: 1304,181,3331,3955,589,1435
2991: 3921,1612,1499,1128,3866,3268
2992: 1156,557,3039,2518,2263,2391
2993: 1974,636,1561,826,1447,2734,3051,169,4082
2994: 23,155,3411,2869,1784,1231
2995: 1494,3274,1518,1258,42,3105,3208
2996: 1707,1529,392,1519,2107,3007,3829
2997: 3706,835,576,1825,3230,1832
2998: 4072,363,37,1509,1823,1898
2999: 3922,2008,3107,3262,1567,3112
3000: 1280,4008,92,1502,2227,2571,503,3140
3001: 346,1789,1820,1241,2039,1602,1701,2825,709
3002: 646,2083,2435,2652,2408,1338
3003: 279,1790,628,2180,2985,3141,3462,3765,3825
3004: 3305,176,1826,3824,564,2900
3005: 1143,3831,2360,3211,3155,285,1648
3006: 2414,3207,1456,4002,1046,140
3007: 292,2005,3829,590,1519,2996,392
3008: 1174,2283,3451,1568,353,7
3009: 1595,284,420,1346,2797,3647
3010: 264,1500
3011: 1791,4067,1696,1203,2185,899,2797
3012: 435,2006,3889,777,2985,2280,2961,232
3013: 713,386,2568,93,4015,2416
3014: 369,1494,2430,2677,3105,1278,863
3015: 395,1013,2395,1899,1044
3016: 2755,1736,2000,2483,2733,77,1389,1068
3017: 1401,105,1966,640,2081,3238
3018: 311,1745,865,4010,2117,3840
3019: 2017,3757,2964,372,341,3622
3020: 1218,358,1505,3721,3965,3143
3021: 331,1626,1152,2148,1792,60,3632,1813,1946
3022: 1521,3770,2452,1973,3867,564
3023: 1446,2285,3495,1157,2968,3729
3024: 896,101,1635,2156,2952,1384,732,2657
3025: 2032,1701,216,3476,3983,4092,672
3026: 1698,410,3943,845,2124,1207
3027: 813,673,430,1000,3634,1504
3028: 4006,1569,3089,304,2007,890
3029: 1720,1900,827,2824,167,3728
3030: 343,3887,1125,4053,2123,1539
3031: 3509,4056,1498,35,1453,3621
3032: 253,22,2143,1073,368,2860
3033: 1647,393,3931,3265,558
3034: 1910,725,3286,2471,342,2570
3035: 1409,683,1305,1341,525,2093,3036
3036: 683,1341,525,276,3035,2406,2084
3037: 1463,1921,4071,3292,3902,842
3038: 2742,1711,1306,423,2937,2153
3039: 1156,1608,557,459,2581,2609,2992
3040: 2131,1120,1547,3564,3752,947,2697
3041: 3754,387,911,3883,721,670
3042: 502,1190,1596,136,1941,3072,3231,515
3043: 977,1011,50,1496,1646,3236
3044: 1827,3347,2372,2726,456,2839,493
3045: 1843,3688,1390,2694,976,192
3046: 1283,2350,2092,349,1856,2815
3047: 1940,814,25,1285,2268,3348,3855,1774,1620
3048: 686,3979,1807,3350,3551,345,1616
3049: 1408,3890,66,756,668,2105,2641,2858,3801
3050: 3485,748,3717,1404,2573
3051: 1974,636,2734,2993,169,1551,3467
3052: 3191,1012,1609,645,2589,2553
3053: 1170,1680,1944,4046,604,2613
3054: 2831,2798,2043,337,530,1501
3055: 2145,2585,2417,1314,370,2259
3056: 1423,3769,1597,3356,1735,3888
3057: 1963,3917,2388,2396,1798,1219
3058: 118,3932,1857,314,2029,3823,2532
3059: 3654,687,581,340,3560,3370,2905
3060: 901,3847,839,2190,3130,3576
3061: 866,3603,2849
3062: 1340,575,1001,2318,3468,1360,2629
3063: 686,316,60,1813,3350,810,1616,2171,421
3064: 4023,1404,32,3121,1289,2189
3065: 722,309,1831,1154,1131,2069,2730,3192
3066: 1759,1590,3223,3848,3431,714,2141
3067: 165,506,521,2707,2987,3120,1540
3068: 1571,265,985,3725,1479
3069: 1144,1406,3260,3368,3471,425,950
3070: 3989,1633,715,1849,3951,2835
3071: 53,2703,4061,1170,2212,1053
3072: 1190,411,1449,2941,3042,3231,2068,3452,2519,4013
3073: 1007,641,2956,1786,2769,2893,1594
3074: 1974,3334,1561,780,2235,3926,3872,3362,102,2170
3075: 1879,1544,163,1743,2499,1646
3076: 1922,1415,2871,1110,2894,504
3077: 3277,1145,2208,3553,648,2853
3078: 1754,2929,412,344,3137
3079: 944,119,2959,43,674,2537
3080: 1220,663,1054,818,1567,2425
3081: 555,1428,712,2718,2798,2948
3082: 951,1681,1770,2493,3222,64
3083: 2297,2431,2597,1319,1012,645
3084: 2044,1841,29,1056,3958,2919
3085: 1181,3557,1908,444,2306,1778,2508,2792,547
3086: 1752,1443,3178,79,2920,864
3087: 1457,2397,946,442,3537
3088: 3649,1899,4006,304,2155
3089: 1569,3028,1644,2007
3090: 81,1858,3593,2271,268,883,2520
3091: 3707,4060,875,3124,3548,1098,3387,1726
3092: 3360,1234,400,3486,1901
3093: 675,1279,920,2170,2500,2635,591,2113
3094: 236,2935,1896,2045,3434,2977
3095: 2606,3329,2879,99,3927,445
3096: 1491,3606,1610,1931,2709,113
3097: 1872,1647,1575,796,2567,3479
3098: 1666,790,3536,221,366,4032,2799,3185
3099: 1307,13,628,2180,4083,389,1490
3100: 383,831,1739,1604,2067,2183
3101: 498,103,1850,1022,2186,4005
3102: 52,487,1478,807,1037,2438,2978,4037
3103: 100,2953,427,3474,1885,3959
3104: 1629,1714,997,947,3270,3541,2697
3105: 369,1494,3274,1038,2430,2995,3014,1278
3106: 1902,397,151,1238,3219,3617
3107: 2008,616,3418,2999,2784,3262,681
3108: 550,1189,3878,932,1578,3349
3109: 872,3632,1063,2345,335,1049,3667,2807,273,2564
3110: 21,2369,867,413,1222,594,2164,3126
3111: 1074,2579,573,3833,4001,1532,2921
3112: 1220,394,200,1567,2163,2008,2999
3113: 642,1229,2275,2304,3390,3282
3114: 3860,131,676,1613,3333,3769,322,2914
3115: 1715,2793,1242,812,2225,2257
3116: 116,535,874,1249,1358,2197,2265,3697
3117: 1541,179,3173,217,3227,2856
3118: 736,3254,2182,3890,66,446,1458,1020,3801
3119: 4044,526,3156,1040,1637,436
3120: 288,2987,3160,1123,3877,506,3067,2707
3121: 1404,32,1146,3064,3717
3122: 1527,1753,1542,2224,3763,3195
3123: 1096,2024,3683,1903,493,2726
3124: 579,4060,875,1658,3091,3548,3387,778
3125: 822,1860,1577,3251,76,723
3126: 21,867,3395,2101,3416,3110,1995
3127: 218,1759,1773,3994,1590,702,2881
3128: 816,1652,3216,422,2333,2066
3129: 1147,3525,1310,1750,2218,560,2732,773,2727
3130: 1078,507,839,2190,3377,3060
3131: 428,449,3768,1885,3221
3132: 3744,643,3841,758,3229,1085,458,206
3133: 1422,2435,3839,2047,784,30
3134: 3987,98,618,2049,1828,3410
3135: 1964,1253,2512,446,2374,1656
3136: 997,2496,3270,1854,2563,2594
3137: 1754,3947,3078
3138: 584,3770,632,1039
3139: 1615,1308,1135,805,2670,2220,3339
3140: 281,791,503,3651,3924,1502,3000
3141: 279,1430,628,3003,3765,3825,1148,31,462
3142: 344,749,3574,2929,1065,1312
3143: 358,3020,1505,1272,1755,3469
3144: 993,750,1353,807,1037,2978,1374
3145: 1408,1226,1863,1276,668,3358,3545,3397,361,1716
3146: 1835,602,2669,2702,528,3396
3147: 414,3953,922,1245,653,2311
3148: 543,1487,2799,2906,779,447,2450,3536
3149: 2963,1177,2423,409,274,2116
3150: 3353,2616,1416,448,651,1564,2453
3151: 1784,1530,2330,1104,179,3227,508
3152: 1149,1407,3534,2128,716,501
3153: 3334,780,2073,3926,1315,971,2177,1129
3154: 1376,2874,3820,1103,527
3155: 222,3505,2063,2775,285,1648,3005
3156: 1777,2109,2129,809,1040,4044,3119
3157: 1572,2682,378,177,1271,4033
3158: 3598,3316,677,2946,3758,2728
3159: 1497,1460,431,3738,1211,3978,2179,2632
3160: 1014,1246,288,800,2386,2987,3120,3797,1540
3161: 1891,120,3180,2708,1756,2854,2437,63
3162: 1829,3834,834,3677,1038,3240,1638
3163: 1742,1101,1452,4058,781,233
3164: 1723,616,3732,1266,3262,509,1969
3165: 4007,1362,1282,1507,1793,833,462,3748,3600
3166: 775,1805,3838,2286,1649,2516,960
3167: 1214,395,1013,2723,1719
3168: 1843,3907,1390,23,155,2474
3169: 122,1405,1331,2173,3888,3356
3170: 801,1138,531,232,2690,3822,3328,3659,2377
3171: 2457,3759,661,3257,363,2561
3172: 2046,1757,2111,1650,996,2644
3173: 1541,733,2856,3117,3827,1142
3174: 570,212,1780,2228,2812,1117,678,2384
3175: 3832,690,1794,3854,623,1606
3176: 528,1213,1354,3396,3710,228,634
3177: 649,1380,3685,1298,751,3282
3178: 1752,3086,2012,79,3248,3635
3179: 1198,1029,1858,2518,1083,3473,3593
3180: 1891,120,1213,738,3161,2708
3181: 828,3973,2821,3435,1594,1950
3182: 1904,3493,705,1640,2505,3675
3183: 1047,566,2696,665,1168,396
3184: 963,1821,2509,3608,1189,1075
3185: 4024,1487,2799,1573,3536,3098,366,4032
3186: 1611,518,2181,3490,2355,2315
3187: 1339,1650,996,461,2474,3703
3188: 348,782,3575,125,1365,2054
3189: 611,18,142,1550,1975,4095,2522
3190: 1830,944,1255,2686,3573,3514,3802
3191: 1012,1609,1795,2748,3052,4068
3192: 1831,1154,608,2132,2745,3065,857,2310
3193: 1359,1710,2928,2705,1397,752
3194: 1682,213,2603,3272,3200
3195: 3122,1542,3763,1379,408,2923
3196: 3424,1574,979,426,3665,208
3197: 87,1990,4050,3897,1741,1228,1859
3198: 1324,2562,2009,160,2421,2778
3199: 104,2393,3250,3844,148,3372,1864
3200: 721,121,1163,1717,3194,3272
3201: 1796,436,1134,3944,837,3796,1040
3202: 1666,790,2242,2370,2727,415,3489
3203: 1105,1906,1148,1430,544,2583,31
3204: 656,1130,3609,3766,2592,4000
3205: 1080,473,852,1309,1960,2194
3206: 1583,498,2436,2313,1391,2763
3207: 540,1015,2414,3006,3726,1456,876
3208: 1518,2995,42,954,510,1418
3209: 859,1848,1543,958,2820
3210: 989,2292,2353,1284,1016,2472
3211: 1143,2360,3005,3774,1651,647,3228,285
3212: 4058,3762,912,1142,1799,233
3213: 693,925,3595,1976,2476,4016
3214: 783,3258,2353,416,1284,3284
3215: 591,455,1523,2367,3981,1683,843,1584,2790
3216: 1337,699,3128,1652,2066,2971
3217: 41,1548,2403,1728,813,2250
3218: 1071,225,2114,3664,71,1702,1718,434
3219: 856,332,2543,3617,1238,3106
3220: 747,795,4034,11,2729,1642,2200
3221: 1252,2615,3959,1250,449,3131,1885
3222: 3670,529,1770,3652,3082,64
3223: 1759,3636,3066,3848,878,2141
3224: 517,2340,2019,1503,1864,3250
3225: 2524,3392,180,1719,2379
3226: 1124,2873,2717,612,1048,511,2826
3227: 1104,179,217,508,2856,3117,3151,2462
3228: 382,1651,647,2106,4073,2360,3211
3229: 130,643,3841,758,1232,3132,3453,458
3230: 1512,576,181,1825,3405,2997
3231: 1190,1449,136,3042,3072,2068,515
3232: 978,1116,569,2052,2973,1262
3233: 1076,1574,1619,916,208,2307,3375
3234: 501,1575,393,2770,1149
3235: 1639,9,970,3850,371,2154
3236: 4009,2002,50,3043,1646,1544
3237: 372,575,1724,1205,2344,3622,3449
3238: 915,1727,2081,105,640,3017
3239: 2112,932,326,1598,743,2847
3240: 369,1038,1638,834,3677,512,1200,3162
3241: 1393,373,1537,539,2777,1256,801
3242: 907,2890,2314,1155,2151,2010
3243: 1375,561,617,2719,2743,3443,2549,1045
3244: 1208,111,516,1932,1257,644,1267,2203
3245: 2791,3527,450,1967,1077,2174
3246: 1779,2143,873,682,2011,2860
3247: 1838,3808,679,398,1766,3739
3248: 241,2389,3635,3178,2012
3249: 1942,2602,3625,939
3250: 2393,3199,3224,1503,399,1864
3251: 822,3125,2009,2188,1997,76
3252: 1555,4036,830,1411,3455,1684
3253: 659,2217,926,1084,2576,1679
3254: 1659,736,1377,1948,2017,2182,2387,3118
3255: 1270,3991,1861,2959,2537,3381,1470
3256: 1874,3427,2785,1855,1720,615,2939
3257: 2457,661,1176,3171,3706,1832
3258: 783,3214,2891,451,3284,3985
3259: 3501,3326,786,1472,205,1461,259
3260: 315,757,1406,3069,3340,3368,3471
3261: 1086,955,2201,1868,2371,1395,275
3262: 3922,616,1266,2999,3107,3164
3263: 87,553,478,1421,219,1791,3897
3264: 571,346,2075,2084,2199,3436,2406
3265: 3931,3033,558,1548,1265,1913
3266: 2331,923,824,310,2912
3267: 1060,688,2229,145,1059,513
3268: 828,931,114,1499,2991,1612,1451
3269: 1765,419,1576,2680,3774,2063
3270: 3136,1629,997,1462,3104,1854
3271: 1402,121,1951,2162,3272,1392
3272: 213,3194,1392,121,3200,3271
3273: 1488,471,4030
3274: 2428,1494,1038,1638,2995,42,3105
3275: 1191,897,54,2088,3992
3276: 2407,3529,2254,902,1876,701
3277: 2208,3077,3568,648,482,2362
3278: 1760,849,1366,2077,318,4014
3279: 1393,1480,660,1988,3751,4004
3280: 4024,3543,1487,788,106,1953,2906,1573,1296
3281: 1838,177,4093,679,3819,2682
3282: 642,1298,3113,3390,751,3177
3283: 2932,724,4055,1042,1867,2274,2781,3408
3284: 1992,2865,3985,3214,3258,416
3285: 1431,418,3287,1432,500,2525
3286: 1910,725,330,2279,3034,3712
3287: 1674,2526,3803,1432,500,3285
3288: 254,3957,1359,4085,14,2928
3289: 744,726,4064,1957,3917,1219
3290: 3946,587,3928,1552,893,1394
3291: 3791,1108,2831,691,530,3513
3292: 280,1463,128,3037,3616,4001,3902,1570
3293: 792,1433,189,814,2268,3624,3687,1318
3294: 1955,4041,3623,784,1455,2119
3295: 2908,1054,1288,3550,1526,4055
3296: 1549,117,1750,2382,2504,2638,251,1135,2670
3297: 1752,1443,2548
3298: 2033,4030,4069,10,3956,680
3299: 4003,470,3366,2459,1464,1385
3300: 239,1481,2484,215,2701,1434
3301: 1025,150,1465,1137,1560,3627,2656,3384
3302: 1685,308,778,2631,4060,1194,474
3303: 1327,3964,2128,452,753,2617
3304: 3808,132,1686,1075,3878,2927
3305: 2663,176,3004,453,3692,1826
3306: 3717,1119,582,3900,137,1146
3307: 3542,1587,3308,2651,611,2401,157
3308: 249,3633,1587,3307,2651,1978
3309: 138,727,4031,2791,3527
3310: 1963,2112,1376,326,2388,2874
3311: 962,941,940,3429,2568,2596
3312: 107,819,1986,2117,1442,2449,3520
3313: 1435,67,3807,2761,3986,1402
3314: 1165,1519,3544,454,2107,1928
3315: 108,1486,1907,2391,2086,557
3316: 1216,929,1577,677,2728,3158
3317: 1687,1713,2085,882,2439,3321
3318: 755,350,1721,3503,3599,1378
3319: 1459,785,220,3915,2720,701
3320: 3666,1410,162,1943
3321: 1836,882,2439,417,3637,1713,3317
3322: 2022,1545,1194,2219,3523,728,2631
3323: 1436,1930,2623,2132,2689,443,990,984
3324: 1197,1504,184,3633,3488,3538
3325: 828,1235,1466,114,3435,3571
3326: 1529,1662,3501,3259,392,786
3327: 38,1744,2089,4059,1467,3817
3328: 531,2690,3170,156,3659,1507,361,2377
3329: 1734,2606,3095,2184,1722,2879
3330: 1809,1310,117,173,1750,3982,2732,466
3331: 1512,181,2990,589,1435,696,3807
3332: 1371,2004,2655,1723,2979,3732
3333: 1613,801,131,3114,1537,1256,2914
3334: 3074,3153,3926,1085,1279,102,206,1129
3335: 108,1614,1907,844,399,933,2600
3336: 1186,2380,375,630,1468,1869
3337: 1311,1086,551,2882,3682,3344
3338: 733,3750,1536,1464,2903,1730,234
3339: 1615,802,805,3139,3761,3923,2243,2513
3340: 315,4011,3580,1774,2735,3260,3368
3341: 1862,2308,1738,3966,3504,3894,585
3342: 411,455,2367,2941,198,2420,2751,4013,2001
3343: 3724,1159,1298,2794,2725,649
3344: 3988,1269,532,551,2882,3337
3345: 3524,1052,14,1688,2629,3468
3346: 1558,2525,1007,1663,641,418
3347: 2802,351,1827,2281,3612,3044,456
3348: 1940,1469,1285,2411,3047,2289,1004
3349: 1578,266,132,3108,3878
3350: 686,316,1807,3048,3063,3551,1616,421,2945
3351: 1579,1301,3997,2816,1060,145
3352: 2038,787,1095,2247,3364,2330
3353: 850,3150,24,2616,2684,448
3354: 1767,599,295,2360,1589,647
3355: 3851,1841,29,1912,2921,311
3356: 196,1597,3056,122,3888,3169
3357: 277,1243,1427,1026,2440,2815
3358: 1863,1276,3145,156,361,1033,3980,1716
3359: 130,1812,3841,1296,2135,4024,788,1573
3360: 1017,1949,2176,1234,400,2356,3092
3361: 1724,63,2318,2344,385,2437,1350
3362: 1279,920,102,2170,3981,2235,3074,3926,3872,1580
3363: 2041,659,1204,2217,2878,3747
3364: 2038,3727,787,3352,657,110
3365: 1395,1182,542,1281,2241,2201
3366: 829,3772,1536,2459,1464,3299
3367: 1733,1803,158,577,1983,2299
3368: 315,1406,1774,3069,3260,3340,2268,3624
3369: 688,2082,1059,2118,1851,3918
3370: 1018,2142,2634,2905,1367,687,3059
3371: 303,2960,73,3969,1505,3965
3372: 1336,1981,3844,148,1864,3199
3373: 116,1358,45,345,3697,3722,3979,1771
3374: 4042,84,540,1865,1273,3554
3375: 1475,1019,746,2757,1076,1619,2307,3233
3376: 1161,800,622,1909,2386,3797,3577,3618
3377: 507,2190,3130,375,1869,2693
3378: 978,235,1871,2973,1109,3406,878
3379: 3787,15,1506,914,634,376,2580
3380: 710,1489,2866,548,1396,2796
3381: 3963,255,1470,3991,3255,404
3382: 538,1473,2337,1020,3484,2074
3383: 1557,3731,1162,405,2574,2368,1399
3384: 1025,639,1465,1137,433,3301,3865,2363
3385: 1513,1668,1021,669,3563,2624,3650
3386: 1198,1866,921,81,3593,1299
3387: 1031,4089,2660,1726,4060,3091,3124,474
3388: 2654,387,1163
3389: 1532,1632,2907,3599,1378,2579
3390: 1229,1298,3113,3282,2593,2725
3391: 1673,3709,194,1118,1174,626
3392: 1623,4,2524,3225,749,180
3393: 1703,4021,1230,143,1979,3693,4012
3394: 1775,1356,1002,2817,2896,1448,2097
3395: 1164,867,1399,2294,3416,3126,1162
3396: 528,3176,228,634,376,3146,602
3397: 156,1507,4084,3748,2657,263,1863,3145,3545
3398: 3686,1873,1351,636,1551,262,4082
3399: 1591,3919,2883,3404,1022,2186,2436
3400: 57,1508,3444,134,1660,3492
3401: 918,2213,3601,2705,3602,1397
3402: 4085,1688,1360,2629,1926,2355,2482
3403: 977,2005,786,50,1472,3422
3404: 1022,2186,2351,1192,1591,3399
3405: 1512,1825,3230,3658,1690,3426
3406: 978,1871,2029,3823,1585,3412,2973,1109,3378,2532
3407: 2850,1115,377,555,1428,2246
3408: 930,1867,2313,2781,3283,1583,2048
3409: 86,811,1398,2211,3438,3870,2560
3410: 2091,1828,3134,1240,3454,2049
3411: 2014,694,23,2994,3631,1231
3412: 978,3,1203,1585,569,2185,2446,3406
3413: 1165,765,3544,2061,2110,2773
3414: 1779,1441,2309,2491,1868,2371
3415: 62,1166,2025,3696,2803,3428
3416: 3395,1399,3126,1995,2016,2368,2463
3417: 286,2319,1169,3723,112,2139
3418: 4033,354,616,2784,3107,378
3419: 935,1400,2955,1498,380,680
3420: 175,459,1352,2581,1192,948,2351,703
3421: 1426,113,350,1721,3905,2648
3422: 4009,712,2916,50,1472,3403
3423: 2531,776,1055
3424: 979,208,3196,1641,3862,2035
3425: 278,929,3496,902,1876,3655
3426: 2018,1690,1890,2712,1825,3405
3427: 1874,1788,3256,2904,2980,2785,1855
3428: 62,537,3696,2334,2475,3415
3429: 3843,941,940,3311,1880,2842
3430: 1581,1850,1854,4005,312,1462,4048,94
3431: 1590,3066,2514,1979,714,3693,2141
3432: 1800,618,1738,3504,153,2049
3433: 771,1293,1601,1259,2242,2450
3434: 236,588,2935,3094,2045,3910,1372,413,1893
3435: 828,1466,3181,3973,328,3325
3436: 571,1625,346,1789,987,2075,3264
3437: 108,1614,2019,1486,1503,2715,2813
3438: 1398,379,2211,1618,3409,2264,543,2556,2906
3439: 80,2316,2226,2833,1607,1908,2599,2021
3440: 357,380,3864,1453,1498
3441: 1090,1445,2818,2965,289,1894,4039
3442: 3585,423,1236,2492,1621,1711
3443: 2000,617,336,2743,2744,3243,1444,2713
3444: 57,3400,3511,4088,798,988,1660
3445: 1212,810,458,4043,2171,2635,1813,758,3453
3446: 1440,1339,3762,461,912,1538
3447: 425,1677,2801,1438,313,3471
3448: 982,1849,1846,27,182,2167
3449: 1929,494,2266,2413,2432,1205,63,2344,3237
3450: 18,1550,4095,2137,1278,3482,2677
3451: 3008,1361,2283,3811,7,1919
3452: 1524,2519,3643,4013,1190,411,1449,3072
3453: 758,1946,1232,3229,3611,1792,4043,3445
3454: 3568,186,1240,195,2091,3410
3455: 1555,830,505,100,3252,3700
3456: 728,1783,308,3516,2631,2861,1871,1109
3457: 1087,1456,3626,91,3960,4002
3458: 1082,396,2962,4042,1865,2020
3459: 193,1193,2399,3540,2103,2653
3460: 1669,1691,8,3819,2125,4018
3461: 1367,831,1739,1757,440,687
3462: 3889,279,1790,628,2180,2985,3003,435,2460
3463: 1985,1056,3958,159,837,3995,2238,1134
3464: 2762,2673,1030,1810,3587,759
3465: 903,2065,19,537,3696,4096
3466: 1026,1233,1130,823,1856,1329
3467: 3777,1551,58,1088,2050,1580,3051,169,3686
3468: 1340,3062,764,3524,3345,2629
3469: 1755,760,2622,3969,1505,3143
3470: 689,4086
3471: 1438,757,3069,3260,425,950,3447
3472: 526,1409,683,1341,1363,258,1637,2412
3473: 650,1198,457,1029,3179,3716
3474: 1459,220,427,3103,3768,1885
3475: 1935,763,1248,651,1564,2172,2453,2839,3521
3476: 2039,1701,1692,2825,3025,3983,4092,16,672,3760
3477: 873,710,1489,1355,2305,3671
3478: 761,603,1664,2502,2977,1896,2940
3479: 1872,796,3918,3097,1059,513
3480: 1661,2214,1348,770
3481: 237,2679,3573,1546,652,622,1909
3482: 1880,183,2137,1278,3450,2677,3843
3483: 365,797,2776,2020,140,1865,3554
3484: 1377,2074,2182,2964,3382,1020
3485: 1999,3050,748,868
3486: 1234,3092,1901,2293,562,2766
3487: 221,366,1875,331,1152,2335,2647,2827,4032
3488: 1504,184,3538,3324,1921,4071,3634
3489: 3806,221,366,2647,1343,1666,790,3202,415
3490: 1611,2237,3186,904,1420,2315
3491: 238,1937,290,3590,2899,3594
3492: 1760,832,2077,2127,134,1508,3400
3493: 654,762,1640,3182,2505,2643
3494: 1342,166,2485,469,485,1187
3495: 3686,227,1873,1446,3023,2968
3496: 278,3653,3425,282,905,902
3497: 1956,690,1140,1971,2933,1349
3498: 2988,1450,1959,68,3845
3499: 67,347,2102,2761,2162,609,1923
3500: 1622,3736,2510,942,3556,3741
3501: 4052,1768,1662,3259,3326,259
3502: 1709,1423,1988,196,1597,2447,2527,4063,1857
3503: 1092,2120,3606,3599,350,3318
3504: 618,1738,3966,3341,3432,3894
3505: 222,969,1890,2063,2775,3155,285
3506: 943,3860,1993,676,631,2398,4080
3507: 439,3961,568,1227,1260,2513,2954,2958
3508: 1297,3876,2493,3596,653,3798
3509: 1836,4056,619,3031,3885,35
3510: 1024,3552,2394,949,463,2525,1663
3511: 4018,1952,3444,4088,3739,798,1669
3512: 269,3912,1126,0,2901,1057
3513: 530,1099,2298,2354,3291,691
3514: 944,2959,3190,3802,6,1861
3515: 17,2466,4094,286,1944,1169
3516: 1783,308,3456,2795,1871,1109,2532
3517: 577,2160,2753,1203,2446,899
3518: 1490,3543,1953,2455,1307,729,1790,624
3519: 915,5,2311,1727,2671,1245
3520: 1117,1442,2540,107,3312,2909,2976,336
3521: 763,1105,1906,1248,2172,2453,2737,3475
3522: 654,762,238,290,1556,1866
3523: 2022,109,847,3657,1194,2219,3322
3524: 1052,3345,360,3468,764,1473
3525: 1147,560,3129,773,2727,415,2303,1343
3526: 2210,1089,859
3527: 4031,2791,3245,3309,450,51,2541
3528: 649,1056,159,3685,2044,1159
3529: 2407,1768,1662,2254,2291,3276
3530: 1035,402,945,1268,2026,3705
3531: 700,1106,761,1664,3972,2023,3663
3532: 1934,330,2888,4090,139,1690,772
3533: 742,1665,580,759,2814,4066
3534: 1149,1407,2321,2358,2969,3152,2128
3535: 2717,197,2691,2558,1107,2826
3536: 1666,771,779,790,3098,2799,3148,3185
3537: 946,442,1722,524,2877,3087
3538: 1197,184,249,3633,3488,2947,3324,1225,567
3539: 198,1566,1524,2420,2852,4013
3540: 1617,2103,193,3459,2178,2808
3541: 1112,3752,1714,947,2942,3104,855
3542: 1587,578,257,3307,611,142
3543: 1490,106,1953,2272,2455,2804,3280,3518,389
3544: 3413,1165,1761,2773,3314,1928
3545: 1408,1226,1863,3145,3547,3397,263
3546: 838,1153,1058,695,3718,2678,2688,3799
3547: 1226,2774,3545,1384,2657,263,199
3548: 579,875,227,1658,2323,2478,3091,3124
3549: 3792,948,973,1746,1517,703
3550: 1220,1054,200,1288,3295,3689,1526
3551: 686,3979,316,1195,1771,2731,3048,3350,345
3552: 1024,3794,2157,2394,3510,949
3553: 1090,1145,2208,46,3077,2503
3554: 540,1865,2414,3374,3483,2020,140
3555: 1892,1689,2577,2908,818,2425,799
3556: 3741,1413,1387,766,1622,3500
3557: 1607,1181,2974,1908,444,1925,2306,3085,2508
3558: 1313,174,2555,2467,1641,1344,2646,2035,4079
3559: 724,767,1042,1769,2274,1797,72,629,3698,3761
3560: 1667,340,2287,402,945,581,3059
3561: 357,980,958,2820,3864,1183
3562: 4044,1409,1305,261,1777,426
3563: 3385,1668,669,2867,2850,1115,3650
3564: 768,476,2131,1120,2750,3040,2697
3565: 425,1677,1608,175,950,2581,2609,2887
3566: 185,1387,2911,2028,3795,1010
3567: 692,2982,3735,2636,586,287
3568: 648,186,3454,482,195,3277
3569: 223,1902,1535,151,2806,1923
3570: 2001,869,1584,2071,2790,1819,3940,644,1267
3571: 1235,1466,3325,414,3953,253
3572: 1145,2503,3946,1552,520,2837
3573: 3481,1830,1255,237,2679,2740,3190,3583
3574: 4,749,3142,2087,3809,1312
3575: 1122,348,782,3804,3188,1998
3576: 2192,737,2261,901,2190,3060,1091
3577: 1246,1161,800,3376,808,769,639,2966,1325
3578: 43,1188,674,2061,2773,1539
3579: 141,2793,384,2245,2910
3580: 4011,2735,3340,1158,1003,3815
3581: 292,1787,1011,590,2840,339,2896
3582: 2443,1276,2105,1379,2758,1716
3583: 88,1546,293,2805,1830,237,2686,3573
3584: 981,3585,2640,1236,1202,3880
3585: 671,981,3442,423,1236,3584
3586: 4023,1410,303,162,1218,3965
3587: 580,759,2134,1030,2541,3464
3588: 438,1382,1814,2390,545,2249,655
3589: 1676,862,1514,2347,2672,2786
3590: 1196,3967,1937,290,3491,467
3591: 2015,891,2133,2780,870,2782,3911
3592: 3676,204,1427,349
3593: 1198,81,1858,1083,3179,3386,3090
3594: 238,2633,3491,2899,762,2505,2649
3595: 693,2476,2598,3213,2296,299,2878
3596: 1297,3508,1451,1235,414,653
3597: 2234,3640,983,1118,1361,2283
3598: 830,1411,2953,3158,2946,3758
3599: 1092,3503,3318,1632,3389,1378
3600: 4007,1362,732,1793,4084,3748,3165,1635
3601: 239,2213,3401,1887,3602,2701
3602: 1887,3937,1945,2705,3401,3601
3603: 3061,2849,1801
3604: 987,2075,2554,1041,4008,2227,224,1249,895
3605: 2989,1010,766,2042,2215,187
3606: 1491,2120,3096,3503,1610,113,350
3607: 3962,1017,1949,240
3608: 963,1686,3184,1075,44,2789
3609: 188,244,3766,2328,2592,3204
3610: 1101,1452,1019,1287,3619,123,2307
3611: 130,1812,1946,1232,3453,1875,331,2335
3612: 536,2802,351,1388,1827,2281,2952,3347
3613: 111,516,769,1257,1657,4035,2662,1025,2363
3614: 1994,4089,1695,906,2660,3849
3615: 2405,985,4091,1345,1369,2426
3616: 280,128,3292,133,2931,2875,1570
3617: 332,3219,3925,397,3106,4049
3618: 1161,800,622,1909,3376,1151,639,2364,1546
3619: 1287,2529,3610,123,1559,3859
3620: 868,2198,201,2546,1999
3621: 388,1751,2595,1453,4056,3031
3622: 372,1205,871,3237,3757,3019
3623: 840,1454,4041,3294,784,2047
3624: 189,814,2268,3293,1144,1406,1774,3368
3625: 1942,3249,289,939,730,3908
3626: 1261,1087,1456,876,3749,3457
3627: 1151,639,1137,352,2364,3861,2656,3301,2175
3628: 4087,2314,1155,481,1705,3853
3629: 1553,620,437,3970,3669,1049,2716,2807
3630: 1557,356,1437,908,1389,2060,3731,2886
3631: 1095,870,2247,3911,1231,694,3411
3632: 686,316,60,1195,1063,2345,2731,3109,2148,3021
3633: 1197,249,1587,578,3538,3308,3324
3634: 3027,813,4071,1728,1504,3488
3635: 241,3248,2739,2255,3178,79
3636: 218,1759,3223,1262,2699,878
3637: 417,1806,3885,1511,1836,3321
3638: 1613,801,1138,1497,431,2918,3822
3639: 1324,2885,160,2495,1027,2058,711
3640: 2234,1118,3597,479,626,3948,4081
3641: 75,1237,4020,3691,2150,172
3642: 3921,731,1297,3876,1612,1451
3643: 1524,488,3452,2519,2588,4013,1153,695
3644: 2038,2782,891,1554,1277,110
3645: 2427,1731,490,2599,2021,3836
3646: 1183,388,1748,197,82,2595
3647: 1595,284,1346,972,3009,3771,497
3648: 202,3802,1889,6,1254,3856
3649: 1214,1013,3088,4006,909
3650: 317,1115,1210,3385,1668,3563
3651: 281,791,503,1058,3718,2678,2938,3140
3652: 1770,161,2637,529,3222
3653: 278,1335,3496,2863,282,1533
3654: 1739,2183,687,3059,3968,581
3655: 1834,1876,2720,2728,929,3425
3656: 1425,1313,460,1938,2623,2915
3657: 2022,109,714,3693,2329,3523
3658: 1512,3405,1690,2534,696,2888
3659: 156,1507,1793,833,3748,2690,3170,3328
3660: 1425,1436,2202,2915,203,984,2090,3715,2771
3661: 3938,2055,1593,1417,124,2168
3662: 856,2613,514,1238,2057,604
3663: 2023,4062,2359,3531,1321,3972
3664: 1071,225,3218,928,2634,2114,2957,71,1475
3665: 1777,1574,979,426,916,2109,2129,3196
3666: 3320,162,1381
3667: 1302,335,1049,2716,2841,2807,872,2345,3109
3668: 1649,1233,2516,2440,656,4000
3669: 620,3970,3629,1049,2807,273,1403
3670: 3933,586,529,3222,64,2636
3671: 873,1355,3477,2305,2542,1747
3672: 188,2328,2747,319,1093,1122
3673: 2234,983,621,1110,3711,2894
3674: 1947,40,1684
3675: 1419,1366,318,1904,705,3182
3676: 957,204,3592
3677: 719,2755,834,77,1829,3162,3240
3678: 745,489,1743,2269,163,2658
3679: 571,2084,683,1363,258,678,1780,2207,2812
3680: 1804,3820,83,1821,527
3681: 2442,1094,209,3977,1178,1778,1984
3682: 1086,226,551,3337,1868,1441
3683: 1929,1096,2145,2585,1903,3123,2726
3684: 4019,2884,3891,1364,552,383
3685: 649,1380,159,3177,3995,3528
3686: 3398,1873,3495,1551,1088,2968,3467
3687: 792,3930,1433,814,1693,3293,2681
3688: 2014,1390,2167,2694,3045,982
3689: 394,200,1288,3550,2496,164
3690: 142,1550,257,3984,1373,2756
3691: 816,1365,1237,3641,125,2150
3692: 453,1412,1826,2835,3305,1633
3693: 143,1979,2022,714,3657,2329,3393,3431
3694: 555,2246,2002,2948,3805,283
3695: 1053,885,2550,697,4061,1732
3696: 19,537,2025,3415,3428,3465
3697: 535,1358,45,1069,3722,3116,3373
3698: 1627,1797,72,2069,629,767,1042,3559
3699: 917,1356,165,521,1920,2817
3700: 1555,505,3455,2531,1055
3701: 864,166,469,1221,2255,79
3702: 1028,467,2477,2290,290,1556
3703: 461,2462,2474,3187,155,2869
3704: 919,1317,4076,1147,1549,2218,2638
3705: 1035,70,2026,441,1969,3530,3909,509
3706: 835,2997,1832,1176,3257,2357
3707: 875,1446,2285,3091,658,1098,1726
3708: 2405,1345,2576,953,926
3709: 353,3391,2528,1673,2611,1174
3710: 1100,1213,738,3176,2259,228
3711: 1415,147,1110,983,424,3673
3712: 1910,330,3286,2302,1817,772
3713: 1655,294,3974,2415,1848,1543
3714: 1171,2233,242,881,820,1332
3715: 3961,568,443,990,1227,984,2090,2954,2984,3660
3716: 1198,457,921,3473,2290,2539
3717: 748,1119,3306,1404,1146,3121,3050
3718: 190,281,503,1058,2688,2938,3546,3651,895,2533
3719: 2724,889,1309,250,2273,2004
3720: 3787,1934,2834,1515,1043,2062,2342
3721: 162,1381,1218,730,358,3020
3722: 535,45,1069,3697,3373,2895,1820,2480,2741
3723: 112,327,2237,1382,3417,2319,2390
3724: 320,1159,1632,3343,2907,2794
3725: 985,3992,2426,1479,3068
3726: 84,540,1015,1939,3207,2926
3727: 787,3364,2418,657,2749,470
3728: 230,2809,167,3029,827,2569
3729: 1157,1819,2456,2285,3023,658,367
3730: 1879,1244,65,3805,964,283,2843
3731: 1557,356,1437,3630,2886,3383,1162,1164
3732: 1723,354,616,3164,3332,2655
3733: 775,3880,1236,2492,986,960
3734: 2963,1914,168,1177,885,2550
3735: 2982,3567,287,1199
3736: 205,259,2300,2510,942,3500,4052
3737: 483,109,836,847,2329,3877,506
3738: 407,2352,2620,1211,2027,1528,1460,3159,2258
3739: 398,798,3247,679,3511,1669
3740: 1263
3741: 3556,1413,2746,1982,942,3500
3742: 243,3792,4048,2332,94,3755
3743: 698,1320,857,4077,2310,3874,3990
3744: 149,3846,643,3132,206,1477,1315,1129
3745: 1301,3899,1522,910,245,3794
3746: 582,2587,1679,3900,1204,2217
3747: 1160,2041,659,172,1764,3363
3748: 3659,732,1507,1793,4084,3165,3397,3600
3749: 1261,464,2064,3626,876,1671
3750: 1541,733,3338,1385,2822,1536,1464
3751: 597,1988,4063,4004,1480,660,3279,1173
3752: 947,2942,3541,321,1547,3040
3753: 877,1670,717,2149,4036,1516
3754: 2654,911,3041,2270
3755: 768,312,1120,2697,3742,4048,2332
3756: 251,1135,975,355,2670,3785,2343,2382
3757: 1659,144,2017,3019,1833,871,3622
3758: 1834,427,2728,3598,2953,3158
3759: 615,1824,661,2939,3171,2561
3760: 1241,2199,276,583,1692,2825,3476
3761: 1615,802,3339,1769,3559,629,3923,2243
3762: 912,3446,1538,4058,2972,3212
3763: 1527,3122,2277,3195,803,408,2481
3764: 1975,1200,2401,2522,1045,834,774,2719
3765: 279,1430,3003,3141,31,4007,462
3766: 244,3609,3204,4000,2659,1758,323
3767: 241,1877,2253,2739,105,1966
3768: 428,3131,1982,1885,1459,3915,3474
3769: 1423,322,3056,1735,943,676,3114,3888
3770: 1521,584,3138,3022,632,2452
3771: 284,2251,972,3647,993,1483
3772: 829,401,1536,3366,2903,1842,913
3773: 1712,2037,476,2252,2750,429
3774: 3269,1576,1651,2063,285,3211
3775: 734,2402,272,1851,78,2082
3776: 1047,323,1062,306,2434,2696
3777: 1683,843,1088,2050,2071,3467,1580,169
3778: 635,364,959,2666,2277,1733,1803,2140
3779: 605,129,2118,2645,170,1127
3780: 1872,145,513,90,2639,3997
3781: 804,1586
3782: 1121,1270,1889,3991,1474,2710,404
3783: 1135,2220,439,1260,1549,2504,2638,55,1317
3784: 1878,2785,2809,167,565,1855
3785: 251,355,3756,2343,1693,1383,2382
3786: 1067,619,126,1818,2439,2823
3787: 15,3720,2834,3379,914,2062
3788: 127,3912,1319,1126,2980,298
3789: 877,3895,1947
3790: 1264,1128,1729,2087,841,2441
3791: 26,662,1108,3896,3291,691
3792: 243,3742,973,1517,3549,94
3793: 85,1887,1945,2115,2337,2374
3794: 3552,2157,3745,910,245,949
3795: 600,2028,185,3566,2872,1785
3796: 1985,305,837,1275,809,1040,3201,1134
3797: 1014,1246,288,800,622,2386,3160,3376
3798: 653,1681,5,2311,2493,3508
3799: 405,838,1058,2574,2678,3546,817
3800: 210,295,2226,2833,1607,2974,1925
3801: 1253,3118,66,2641,3049,446,1458
3802: 6,3648,1254,2686,3190,3514
3803: 3893,673,430,1674,2526,3287
3804: 319,1122,953,782,3575,2144
3805: 1879,283,3730,1544,3694,2002
3806: 221,1837,2647,2827,2303,1343,3489,415
3807: 1816,1435,67,696,3313,3331
3808: 1838,132,3247,3304,1766,2927
3809: 1729,1698,2087,3943,4,3574
3810: 1184,1980,1918,2877,849,2278,4014
3811: 593,4017,2497,7,1919,3451
3812: 1336,1981,2166,2601,3898,1167
3813: 1112,806,2614,681,855,2008,394,2163
3814: 588,1418,2796,3952,1323,1518,1258
3815: 1158,38,1003,171,4075,3580
3816: 793,1474,2710,2885,2479,1414
3817: 382,1911,2222,1467,2788,2089,3327
3818: 2667,1215,1694,549,2838,2787
3819: 1669,8,2682,3460,3281,679
3820: 1804,3680,2700,1103,527,3154
3821: 146,2231,2714,2845,663,2425
3822: 1613,801,1138,531,431,2690,3170,3638,2777
3823: 2029,1585,2446,3406,118,2753,3058
3824: 1839,2900,3004,1826,3989,1633,2003
3825: 13,1430,628,3003,3141,2030,1148
3826: 1840,2153,1050,154
3827: 733,3173,1142,1730,1799,480
3828: 2975,1972,1415,147,4086
3829: 292,1787,3007,590,1165,1519,2110,2996
3830: 887,4017,1919,424,1972,147
3831: 599,1370,1143,207,2608,3005,1648,1043
3832: 104,1794,3175,3854,432,3844
3833: 280,1074,128,2579,3111,4001,1471
3834: 908,1829,2161,3162,2428,1638
3835: 1936,3879,605,1124,129,2873
3836: 914,1731,1905,490,2062,2580,3645
3837: 252,1372,2674,954,2161,2204,510
3838: 775,1805,2776,2846,3166,2286
3839: 3847,1338,839,2047,3133,2435
3840: 311,865,3018,1912,1225,2626
3841: 130,3846,643,1232,2135,3132,3229,3359
3842: 463,1558,3871,1630,2392,2768
3843: 940,3429,863,3482,1880,2677
3844: 1958,432,148,3372,104,3832,3199
3845: 2429,68,486,2988,938,3498
3846: 2031,149,3744,643,3841,1296,2135,3904
3847: 901,839,3839,3060,2047,840,3884
3848: 3066,3223,878,2861,1545,2141,235
3849: 1994,4089,1695,1123,2122,2506,3614,808
3850: 1964,9,970,1482,2512,3235
3851: 320,1841,1532,2907,2921,3355
3852: 1426,133,3905,2098,1520,391
3853: 4045,1201,2169,2448,3628,481,1705
3854: 3832,3175,432,1795,2488,1606
3855: 1940,25,2268,3047,1620,934,2165,2341
3856: 202,3648,1254,296,2359,2544
3857: 1897,1239,547,2076,2983,1181,1416,1564
3858: 2249,1732,2630,438,2212,1053
3859: 1559,2373,1275,3619,123,2080,2109
3860: 943,131,676,2385,2398,3114,3506
3861: 150,352,3627,2656,2175,2502,2857,3913
3862: 1702,3914,1641,3990,71,1076,3424,208
3863: 46,477,2818,2913,614,2257,1894
3864: 357,3561,3440,1453,1183,2595
3865: 1025,1465,433,3384,2363,111,2410
3866: 1128,841,1630,2768,1499,2991
3867: 564,2424,2779,3022,1973,403
3868: 1733,2260,1983,597,2666,1173,2277
3869: 246,1318,851,4038,2681,2223,792
3870: 86,1897,811,4054,2211,2983,3409
3871: 949,463,2768,3842,910,2557,633
3872: 1974,1561,2235,3074,169,3362,1580
3873: 2273,1582,69,1598,4040,473
3874: 1702,1718,698,434,4077,3743,3990
3875: 209,171,3977,1600,821,2205
3876: 1770,161,3642,731,1297,2493,3508
3877: 1994,4089,1123,288,3120,836,3737,506
3878: 3108,1189,1075,132,3304,3349
3879: 605,1124,3835,2053,2645,1654
3880: 775,1202,3733,2846,1236,3584
3881: 3945,2675,1348,1881,1914,168
3882: 1562,2336,2409,2664,422,2333
3883: 670,2897,3938,1417,911,3041
3884: 247,840,1454,1091,901,3847
3885: 3637,1806,2955,35,1836,3509
3886: 1734,2606,2586
3887: 3030,343,119,2679,2740,652,1125,2386
3888: 1405,3169,362,3769,3056,3356,1735
3889: 1790,2985,3462,1179,435,2460,3012
3890: 1226,66,2774,2858,3049,736,1948,3118
3891: 297,1364,2366,1676,552,3684
3892: 1704,254,3957,464,2064,2926
3893: 430,1265,1674,2250,3803,39
3894: 618,3341,3504,98,2473,585
3895: 877,3789,606,1670
3896: 1599,3791,26,662,2104,1996
3897: 87,1990,219,1791,4067,3197,3263
3898: 704,1981,2166,2297,2431,3812,298
3899: 1522,2124,3745,910,2557,410
3900: 582,3306,3746,299,1204,137
3901: 1667,146,47,2231,2287,2917
3902: 1570,1357,2358,842,1463,3037,3292
3903: 1842,334,2593,2903,234,1229
3904: 2031,149,3846,2455,1477,2400,2621,624
3905: 1426,133,1721,2931,3421,3852
3906: 300,2095,2832,1391,1292,2763
3907: 1843,3168,1172,2111,996,2474
3908: 730,358,1272,3625,289,4039
3909: 70,441,3705,2724,2844,1364,2979
3910: 510,236,588,1418,3434,1372,1893
3911: 3631,870,27,2015,3591,694
3912: 269,1788,3788,1126,2980,3512
3913: 2502,2857,2977,2164,2045,150,3861,2656
3914: 1702,3862,1071,71,746,1076,208
3915: 1459,785,3319,3768,2746,1982
3916: 116,345,2197,515,1807,1616,136,1941,2945
3917: 2388,3057,3289,726,359,1219
3918: 1127,796,3479,2118,3369,1059
3919: 1591,1882,1954,3399,4038,2883
3920: 57,2759,1508,2898,3999,28
3921: 2991,3642,731,2441,1612,1128
3922: 1266,2999,3262,2714,663,1567
3923: 1847,2243,72,629,2079,3761,3339
3924: 1280,92,1502,1736,2483,791,3140,1068
3925: 2612,2698,1251,397,4049,1274,3617
3926: 3334,1561,780,2073,3074,3153,3362,102,1129
3927: 99,1883,3095,739,445,1291
3928: 664,587,3290,465,2738,1394
3929: 2232,478,219,2094,1696,3,1116
3930: 1433,1693,2411,3687,466,1383,1809
3931: 1647,2567,3033,3265,2036,1913
3932: 2260,158,118,1983,3058,1857,1709
3933: 3947,1915,586,3670,287,529
3934: 447,1259,2450,625,1961,2264,1618,543
3935: 1844,4070,403,1141,2424,574
3936: 1802,301,20,55,4076,203,1227,1260,2958
3937: 538,3602,1945,1710,360,2705
3938: 1417,124,3661,3883,1697,2897
3939: 933,1140,2600,2711,1971,48
3940: 516,644,1267,2456,2876,869,1819,3570
3941: 152,36,1798,1219,1957,1634
3942: 1371,789,4028,2070,1737,2655
3943: 1264,1729,1698,410,3026,3809
3944: 1796,1637,4029,741,436,2384,3201,2412
3945: 53,607,2675,4061,3881,1914
3946: 587,3290,1552,291,2837,3572
3947: 1754,3933,1915,287,2375,3137
3948: 1261,4081,1671,1476,3640,626
3949: 1455,1565,1845,2119,2783,3993
3950: 1082,239,1884,1481,2213,2962
3951: 715,1849,1846,3070,938,2346
3952: 1070,236,588,1396,2796,3814,1323
3953: 414,253,922,22,3147,3571
3954: 925,4016,1347,302,193,2178
3955: 2055,124,381,589,1304,2990
3956: 357,10,980,380,680,3298
3957: 254,3288,4085,900,1704,3892,2482
3958: 1056,3463,3084,2238,937,2919
3959: 3221,2615,3103,505,100,1885
3960: 1334,91,1699,56,1087,3457
3961: 439,568,1847,3715,3507,2243,2513,2954,2984
3962: 1949,3607,2356,1136
3963: 596,3381,1987,255,2507,3991,404
3964: 1107,452,3303,1520,2617,1808
3965: 1218,3020,1505,303,3586,3371
3966: 1822,1862,974,2308,1738,3341,3504
3967: 1196,2261,3590,247,1091,467
3968: 945,1268,4019,581,2183,3654
3969: 760,3469,73,1811,3371,1505
3970: 740,1553,620,437,2536,3629,3669,2303
3971: 1070,1396,2940,1489,2305,256,761
3972: 88,1106,2805,3531,1321,3663
3973: 3181,328,3435,1950,2239,2596
3974: 1655,3713,1848,2195
3975: 1742,1051,2301,2610,2972,468
3976: 1700,2383,2830,1111,2950,2245
3977: 3875,209,3681,992,2205,1984
3978: 2027,826,89,1447,2073,1211,3159,2179,2487
3979: 1771,3048,3551,1358,45,345,3373
3980: 361,1033,539,2758,1716,2377,3358
3981: 591,1523,3215,920,3362,2235,1683,1580
3982: 1809,1310,173,3330,1469,2411,2289,466
3983: 1302,2032,2039,335,1701,216,2716,2841,3025,3476
3984: 1624,684,2618,257,3690,1373
3985: 994,1772,451,1992,3284,3258
3986: 1402,1697,1951,2897,1435,3313
3987: 65,964,98,3134,1828,1886
3988: 3996,1269,3344,541,2882,2485
3989: 1633,1849,2003,3070,182,3824
3990: 1702,1718,698,1641,2646,3743,3862,3874
3991: 1270,3255,1861,404,3782,3381,3963
3992: 1191,54,3275,2426,3725,1479
3993: 1455,30,1845,2059,3949,848,1422
3994: 218,492,1773,702,3127,1862,2308
3995: 1985,1559,1380,305,159,2373,3463,3685
3996: 1221,3988,1269,2317,2485,469
3997: 1301,3351,245,3780,145,90
3998: 1488,1989,471,1991,4065,1810
3999: 57,1916,1952,2898,3920,4088
4000: 656,3766,3204,1758,3668,1649
4001: 1917,1463,1074,128,1921,3292,3833,3111,1471
4002: 2640,91,1456,3457,3006,1046
4003: 470,559,2459,3299,742,2418
4004: 49,1988,2447,2914,3751,1393,1537,3279
4005: 1581,1850,2186,3101,3430,94
4006: 1569,909,3028,304,3649,3088
4007: 31,1362,1282,462,3165,3600,3765
4008: 1678,92,2227,2571,3000,3604,1041,503
4009: 3422,712,2002,2948,3236,50
4010: 865,1986,1763,2117,2713,3018
4011: 3580,1774,3340,25,2268,1158,2165
4012: 325,853,1979,1703,3393,2514,2881
4013: 198,1524,3452,3539,3643,411,3072,3342
4014: 1760,191,1725,849,3278,3810,1918
4015: 1494,1258,2416,2430,3013,93,863,1323
4016: 925,1976,1811,3954,3213,1347
4017: 1927,593,887,3830,3811,1919
4018: 1952,3511,4088,1669,1691,3460
4019: 1035,1268,3968,2884,3684,383,2183
4020: 994,75,1772,3641,1160,172
4021: 1775,1703,3393,521,1230,2817,2707
4022: 1645,214,76,723,2676
4023: 1410,32,303,3586,3064,2189
4024: 1487,788,106,2799,3185,3280,1573,4032,3359
4025: 744,892,726,1740
4026: 1005,1704,2376,2064,1671,1476
4027: 804,1586,1776,4045,595,2448
4028: 2070,3942,2422,1737,1525,1271
4029: 258,1637,741,678,2384,3944,2412,1363
4030: 3298,3273,471,4069
4031: 727,1030,3309,3527,2541,4065
4032: 366,1875,3487,3098,4024,3185,1573,1812
4033: 354,3418,1271,1737,3157,378
4034: 3220,11,1032,2729,1962,2354
4035: 1657,2325,2662,3613,33,270,2320,367
4036: 1411,3252,717,472,3753,1516,1684
4037: 52,807,2607,3102,2051,2078,2236
4038: 1882,246,1954,851,3919,3869
4039: 289,115,1445,3441,3908,1272
4040: 1960,4047,69,2396,3873,473
4041: 1028,1454,1955,2477,3294,3623
4042: 1865,1273,3374,1082,918,3458
4043: 810,2171,3445,1792,1813,758,1946,3453
4044: 526,1409,3119,3562,1777,2129,3156,1637
4045: 595,2108,2169,2448,3853,4027
4046: 438,1170,1680,1814,2212,3053
4047: 152,1960,4040,1706,1798,2396
4048: 3742,94,312,3755,1462,3430
4049: 1661,770,1274,3925,332,3617
4050: 1990,3197,1016,1741,2121,989,1859
4051: 34,1628,489,1743,2056,2499
4052: 1768,1605,3501,3736,259,942
4053: 1014,1125,1540,3030,1920,2123
4054: 86,2983,3870,992,1778,2792,1984
4055: 1526,724,231,2781,3283,2908,3295,799
4056: 3509,619,2823,3031,1751,3621
4057: 596,282,1987,905,97,2187
4058: 1742,2972,3163,3212,3762,233
4059: 38,1003,3327,1956,2196,1467
4060: 1658,3091,3124,1031,3387,778,3302,474
4061: 53,3945,3071,1053,1914,885,3695
4062: 542,475,2023,2359,2544,3663
4063: 1709,597,1988,2447,3502,3751,2260
4064: 2951,1957,2604,744,3289
4065: 1989,3998,1810,727,4031,1030
4066: 742,3533,260,580,2418,657
4067: 1990,1791,3011,3897,1741,420,2797
4068: 704,1958,2431,3191,1012,1795
4069: 471,1991,3298,4030,1400,680
4070: 152,1706,36,1844,3935,403
4071: 1921,3037,1728,842,3488,3634
4072: 637,2998,37,2824,2829,1823
4073: 1651,2106,2147,3228,95,1576
4074: 1329,54,2088,74,823,1977
4075: 38,1744,1094,209,171,3815
4076: 1802,55,919,1317,2536,3936,3704,1549
4077: 12,857,434,3743,3874,2745
4078: 1006,1992,2865,2336,750,1353
4079: 1305,261,2093,2159,2555,2467,3558
4080: 943,1993,631,3506,579,362,2478,1735
4081: 56,3948,1261,1087,3640,479
4082: 1993,1510,262,631,2487,636,2734,2993,3398
4083: 13,3099,389,2523,708,2695,2030,1286
4084: 732,1507,3748,2657,3397,3600,263
4085: 3288,3957,14,1688,3402,2482
4086: 689,1922,1415,3470,3828
4087: 2314,3628,1705,264
4088: 4018,57,1952,3444,3511,3999,798
4089: 1994,1031,2660,3614,3849,3877,3387,836,847,2219
4090: 3532,1934,330,2279,2834,139
4091: 3615,265,985,1290,201,1345
4092: 1692,3025,3476,16,460,1938,2915,672
4093: 1838,177,1525,266,132,3281
4094: 1835,17,2669,3515,2136,1169
4095: 18,1975,512,1200,1278,3189,3450,369
4096: 2765,665,2065,3465,19,699,2971