0: 1057,2059,2601,2166,3512,1126
2: 968,457,2936,650,2715,2813
3: 1116,3929,3412,1696,2185,3232,569
4: 3392,749,180,1698,3809,3574
5: 1681,2096,3798,915,3519,2311
6: 3648,3802,1270,1889,1861,3514,2959
7: 1568,3451,3811,3008,1495,2497
8: 2682,1572,59,3460,3819,2125
9: 2451,3850,1639,3235,1542,1482,967
10: 1089,2210,980,2033,3956,3298
11: 1180,2354,1962,4034,3220,1642
12: 434,4077,592,1592,608,2745,2892,857
13: 4083,708,3825,1286,2030,628,389,3099,3141
14: 1688,4085,1052,3345,3288,2928
15: 2279,725,3787,3379,1506,2834
16: 672,1692,460,1938,2159,4092,1762,525,3760,583,3476
17: 1066,1113,1835,2466,3515,4094
18: 2137,1278,1550,3450,3189,4095,1975,2522
19: 3465,2971,2065,4096,537,699,3696,2025,2066
20: 203,2958,1227,3936,2771,2202,1553,301,522,216
21: 3126,867,3395,1995,2101,3110,594,1560,433,2369
22: 253,922,2309,3953,3032,2143
23: 2014,3411,1390,2994,3168,155
24: 3353,3150,448,1908,2508,850,2316
25: 3340,2268,4011,3855,2165,1774,1940,814,3047,1158,2341
26: 1599,3896,2215,187,1108,3791
27: 2167,694,1846,3448,2015,3911
28: 1419,3920,1366,2759,2077,1508
29: 311,1841,1745,3084,3355,2919
30: 784,3133,1422,1455,3949,848,3993
31: 544,3203,1362,1430,1148,3141,4007,462,3765,3600
32: 1146,303,3121,4023,720,2960
33: 1325,1657,808,2506,769,1695,4035,2320
34: 1628,325,853,2591,489,4051
35: 3031,3509,1453,3885,1498,2955,1806
36: 152,4070,3941,1634,1973,403
37: 2824,1900,4072,2998,363,2561
38: 3327,1744,1003,4059,3815,4075
39: 2619,1674,2248,3893,1265,1913
40: 1684,3674,2531,1555
41: 3902,1728,842,1357,3217,2403,2969
42: 2428,3274,3208,1638,510,2161,954,2995,1418
43: 1539,343,3578,119,674,3079
44: 2789,3608,804,1776,1686
45: 3373,3722,345,3697,2741,2480,3979,1771,3551
46: 3553,1090,2818,3863,477,2208
47: 3901,1924,2287,2917,1368,2146,2687
48: 3939,1971,2288,2600,1438,313
49: 1423,3769,1988,322,3114,2447,2914,1537,4004
50: 3043,4009,977,3236,3422,1472
51: 1554,2134,1277,2541,3527,450
52: 2051,2236,4037,807,3102,1429,1653,2438
53: 1914,4061,3945,2543,2703,3071
54: 3275,3992,2426,74,4074,2088
55: 2958,1227,1260,1317,3936,3783,1549,1802,301,4076
56: 479,3960,1087,621,1334,4081
57: 1508,3400,3444,3999,4088,3920
58: 843,869,1088,2050,2071,3467,1819,1157,2968,3023
59: 8,1572,1631,2125,952,2614,2099
60: 316,1195,3063,3632,1813,1063,1626,2148,1792,3021,2171
61: 226,532,551,2671,1727,640
62: 2803,3415,3428,1534,499,2475
63: 3361,1756,2437,1724,2413,2344,3449
64: 3082,951,3222,3670,1328,2636
65: 964,3987,98,2473,1244,3730
66: 3118,3801,1458,736,3890,2858,3049,2641
67: 2761,347,3313,3807,1816,2302
68: 2429,927,3845,3498
69: 1598,3873,4040,2112,1963,2396
70: 509,3164,1723,2979,3705,441,3909,1969
71: 746,3914,1076,1071,1702,3862,3218,3664,1718
72: 722,2079,1131,2069,3923,629,3761,3698
73: 1976,1965,3371,1811,3969,2960
74: 2426,54,1369,4074,1977,2747
75: 4020,3641,1772,1562,1006,1237
76: 3251,723,2188,3125,1097,4022
77: 2755,2733,3016,3677,3162,908,1829,1389,2060
78: 1644,2402,2760,3775,2007,2082
79: 3701,864,2255,3635,3178,3086
80: 1607,3439,2021,2316,534,2100
81: 1858,1299,3090,2271,3386,3593
82: 3646,1781,1748,2717,197,1048
83: 2789,963,3680
84: 752,1273,3726,1939,540,3374
85: 446,2337,2374,1458,1020,3793
86: 4054,3870,992,1209,2205,2560,3409,811,1398
87: 1228,2986,1421,3197,3897,3263
88: 2686,1254,1830,3583,1321,2805,3972,3573
89: 2027,1561,826,1447,780,2073,3153,971,1211,2487,3978
90: 3997,2639,3780,245,2157,1132
91: 4002,2640,3457,3960,1699,981
92: 3000,212,1502,2228,2571,1280,1303
93: 4015,3013,940,2416,386,2430,2568,863
94: 4048,3742,3430,3755,3792,4005,1517,1581
95: 4073,2147,419,2748,1576,2488
96: 2184,946
97: 905,2407,2291,4057,1707,2187
98: 65,3134,618,3987,3894,2473
99: 1883,3095,3927,2683,2586,2606
100: 505,3455,2953,830,3959,3103
101: 199,2949,1322,896,1384,2387,3547,3024,2156
102: 3334,3926,2235,3074,3153,1085,1212,1279,3362,206
103: 1583,3408,498,3206,3101,2594,1850,2563,2048
104: 1794,3844,3199,3832,2711,2393
105: 3238,3017,3767,1531,2081,2253
106: 4024,3280,3543,1487,1953,3148,2906,2804,2556,2272,1490
107: 336,1442,1444,2449,1986,2976,3312,3520,2540
108: 3437,1503,1614,2715,1486,1907,3315
109: 3523,836,847,3657,2219,3737,2329
110: 657,3644,1277,260,3364,2038
111: 2410,769,433,2363,3613,3865,1257,2662,1636,2203
112: 3723,2582,327,3417,2139,718,2237
113: 3096,2709,3606,2648,3421,350
114: 3268,1235,828,3325,931,1451
115: 520,1445,4039,1272,1755,2152
116: 3916,1358,3373,345,2197,1807,3048,515,136,2945
117: 1750,3330,2638,2732,1383,2382,3756,251,1135,3296,1809
118: 158,3932,1857,3058,2029,3823,2753
119: 1255,2740,944,43,343,3079
120: 924,738,370,3180,1756,3161,2413
121: 1951,670,721,3271,3200,3272
122: 3356,1331,2173,3888,3169,196,314,2795,1783
123: 3619,2080,3859,3610,1619,1019,2307,916
124: 3661,2055,3955,589,3938,1697
125: 3691,2150,3188,1365,2551,782
126: 1931,882,2709,3786,1818,2439
127: 1874,2980,406,2597,1319,3788
128: 1471,280,3292,3616,4001,3833,1463
129: 3779,605,170,2772,1133,3835
130: 1812,3846,3841,1946,1232,3611,2135,3229,1875,1296,1573,3359
131: 676,3114,2918,3860,2385,2398,2632,3333,1613
132: 3349,266,4093,3808,3304,1838
133: 2875,3852,3616,3905,391,280,2931
134: 2127,832,3400,1660,3492,1201
135: 1801,2849,2772,2216,272,734
136: 515,1596,3231,1941,3042,2945,3916,116,2500
137: 1146,720,3900,2598,3306,582
138: 2584,2791,3309
139: 4090,3532,2888,1690,1008,2018
140: 3483,3554,2776,365,2414,1046
141: 1333,3579,2910
142: 3690,1550,3189,611,257,3542,2522
143: 1979,3393,3657,3737,2329,1230,483,3693
144: 2949,1659,1322,2387,2017,1833,3757,871
145: 3997,513,3780,1060,3351,3267
146: 3901,2231,2917,2425,3821,1892,1689
147: 1415,1972,3828,3711,3830,424
148: 1958,432,3844,3372,1981,704
149: 2031,3846,3744,643,3841,3132,556,1477,1315,1129,2400,3904
150: 3861,2656,3913,352,2164,2045,594,1560,3301
151: 2698,3569,223,1902,397,3106
152: 4070,1798,4047,36,3941,1706
153: 3432,1800,2324,1150,2049,1240
154: 2742,2153,3826
155: 3168,3703,2474,23,2994,2869
156: 361,1863,3397,3358,3545,3328,3659,1507,1793,3170,2377
157: 561,2651,3308,2549,3307,1045,2401
158: 2260,118,3932,1983,577,2753,3367
159: 3528,1056,3463,1380,3685,1985,837,3995
160: 3198,2421,2495,3639,1324,2009
161: 3642,731,3876,1770,3652,2637
162: 1410,1381,1218,3721,3320,3666
163: 1244,3678,1743,2269,1879,3075
164: 997,3689,2496,1714,1112,394,806
165: 3067,2707,521,1230,1540,4053,1920,3699
166: 3701,864,1342,469,3494,1853
167: 3784,3728,2809,1720,2785,3029
168: 1914,2963,3881,3734,1492,1881
169: 1683,3777,2050,1580,3467,1974,1561,2235,3872,2993,3051,1551
170: 129,3779,1851,2118,2772,272
171: 3875,1158,3977,209,1600,3815,4075,2165
172: 1160,4020,3641,2150,1764,3747
173: 1469,2289,3982,491,1310,560,2339,2650
174: 1930,3558,1344,2623,2467,2646,1313
175: 2887,2223,950,3565,965,2609,459,2581,3420,1352
176: 2663,584,3305,1521,3004
177: 3157,2682,3281,1271,4093,1525
178: 854,2076,2530,3857,2453,1239,2468,1286,2695
179: 3227,1104,3117,1541,2749,2822
180: 3225,3392,4,1207,2379,1698
181: 1304,2990,1512,576,3230,3331
182: 3989,2003,3448,1849,2967,982
183: 3843,2756,1034,2137,3482,1880,1968,2578
184: 1917,2947,567,1921,3488,3538,3324
185: 1785,3795,449,1250,2911,3566
186: 2040,648,2324,1240,3454,3568
187: 3605,2943,2042,1108,26,2215
188: 2592,1977,2328,3672,3609,2747
189: 2223,1144,1318,792,1406,3624,3293,814
190: 1153,3651,1058,2533,3718,1249,2688,2938,895,535,2265
191: 1918,2397,2151,1725,442,4014
192: 2230,976,2240,1843,3045,1172
193: 2399,3954,302,3459,2178,3540
194: 626,2376,1476,3391,1673,1206
195: 482,3454,1224,3568,1021,2091
196: 314,2795,1597,3056,122,3356,3169,3502,2527
197: 2717,3535,388,3646,82,2691
198: 411,3342,1524,4013,2420,3539,2852,2941,2751
199: 1322,1948,1384,2774,2387,101,3547,1226
200: 1054,3295,3550,394,3080,1220,3689
201: 3620,265,4091,1290,2880,2198
202: 2710,793,296,3648,1889,1254,3856
203: 20,568,1227,984,2090,3936,2771,3660,2915,2202,522
204: 3592,3676,1427,957,1243,2267
205: 1461,3259,259,2300,2916,1485
206: 1085,1212,458,3744,643,758,3132,1315,1129,3334,102,3153
207: 2608,1143,3831,210,2226,1370
208: 3233,3914,1076,3862,3424,1574,3196
209: 3875,3977,1094,1984,171,1600,3681,4075
210: 3800,599,295,2226,2833,207,1143
211: 697,1732,2630,2528,1568,353
212: 1678,570,92,2228,2571,2812,1780,3174,1303,2909
213: 3194,1392,2603,2612,3272,1749
214: 2676,2787,4022,2149,1645,472,717
215: 2072,2115,2701,1434,1656,3300
216: 1302,3983,2716,20,2771,2202,2032,3025,1553,522
217: 3227,2462,508,1440,3117,2856
218: 3994,2699,492,1759,3636,3127
219: 3897,3263,4067,478,1696,1791
220: 3474,1459,3319,2720,427,1834
221: 3806,3487,1875,1837,1152,2647,1343,1666,3098,366,3489
222: 1008,1890,2018,3505,1515,2775
223: 609,1749,2698,3569,1923,151
224: 535,1069,3697,2895,3604,2554,2227,895,1249
225: 2114,3218,3664,592,2764,2142,1643,2634,1018,2957
226: 61,551,1441,3682,2671,2491
227: 3686,875,3548,1873,1446,1351,3495,3023,2323,3707
228: 2800,528,634,3396,3176,1100,3710
229: 937,2238,1134,837,1796,741,2490,1442,2449
230: 2535,3728,2809,2569,1263
231: 1627,4055,799,724,3283,767,1042
232: 3170,1528,1138,2258,2961,431,3012,2690,1282,833,2280
233: 3212,2836,1799,781,3163,4058
234: 2903,3903,3338,1229,1730,2304
235: 3848,1545,878,3223,2861,1109,3378,2973
236: 588,2935,1896,3094,3434,1070,1396,3952
237: 3481,1546,2679,652,3573,293,3583
238: 290,3522,3491,762,3594,3590
239: 1481,2701,3601,3300,3950,2213
240: 1949,1017,2454,3607
241: 2389,3248,1877,3635,2253,2739
242: 1171,3714,881,1139,2256
243: 3742,2332,3792,2520,883,973
244: 2659,3766,888,2328,3609,1998
245: 3745,3794,2157,3997,90,1301
246: 1882,2887,2223,965,1318,3919,3869,851,4038
247: 3967,467,3884,1091,2477,1454
248: 1510,631,2179,2385,2398,2487,2632,2918,3159
249: 1978,1225,1587,3308,3538,2947,3633
250: 789,1582,3719,2273,1371,2004
251: 1135,3296,3139,2670,2504,2382,3756,117,1750
252: 2294,1164,356,1162,1437,2204,3837,1372,2674,1222
253: 22,3953,1073,3571,1466,3032
254: 2926,3288,3892,1939,3957,1359
255: 596,3381,454,1928,1470,3963
256: 1489,3477,3971,761,2305,700,2158
257: 3984,578,2618,3542,611,142,3690
258: 1780,1363,4029,3174,678,2412,2384,3679,3472,2084,2207
259: 205,3259,3501,2300,4052,3736
260: 657,2134,1277,580,110,4066
261: 2555,1777,979,426,4079,3562,1305,1409
262: 636,1993,1510,631,4082,3398,1873,1351,2478
263: 1226,1863,3397,3545,4084,1384,3547,2657
264: 3010,1500,1705,4087
265: 1571,3620,201,4091,2546
266: 132,3349,1578,2422,4093,1525
267: 2130,1599,2215,2989,2381
268: 2517,3090,883,2271,1712,598
269: 3512,2293,2901,2766,1788,3912
270: 367,1695,1726,906,4035,2320,658,1098,2456
271: 2087,2441,1312,3574,731,2637
272: 734,3775,2772,135,1851,170
273: 1403,2148,2564,2827,620,2807,3629,3669,3109,3667,1063,2345
274: 2458,3149,2116,409
275: 2371,3261,1395,2542,2201,682,1868
276: 1762,683,3036,525,3760,2199,583,2406,1692,1241,3264
277: 1243,3357,986,960,2516,2440
278: 3496,3425,3653,1216,2863,929
279: 2985,3003,3141,3462,777,1282,462,3765
280: 755,128,1471,1378,2931,133,3292,3616,3833
281: 791,3651,1058,3718,2678,2938,3799,503,3140,3924,613
282: 1533,3653,1987,905,3496,4057
283: 3694,2843,2246,3730,3805,964
284: 1016,2251,2472,1595,3771,3647,3009
285: 3005,3211,1648,3155,3774,1651
286: 3417,2319,1169,1680,1944,3515
287: 3947,586,2375,3735,3567
288: 1246,800,2122,3160,3849,2987,3877,1123,3120
289: 3625,1942,3908,2965,3441,4039
290: 238,3702,1556,3522,467,3590
291: 1617,587,2808,3946,936,2837
292: 3581,2005,590,977,1011,3403
293: 860,2175,2857,2805,237,1546,3583
294: 1655,3713,2572,1781,2415,2284
295: 3800,1767,599,2974,2661,3354,210,1895
296: 202,793,2848,2544,2241,3856
297: 2844,3891,1364,889,2366,1080
298: 3898,2297,1319,3788,1126,2166
299: 3900,2878,1204,693,3595,2598
300: 2932,802,1933,1217,1391,2313,3906,2832
301: 1553,1802,3629,437,2536,522,20,55,3936,2771
302: 2399,966,925,1439,193,3954
303: 32,4023,2960,3371,3965,3586
304: 890,3028,846,2155,4006,3088
305: 1985,3796,809,837,2109,3995,1275,2373
306: 3776,1852,2498,2659,2434,888
307: 835,969,2712,2627,2357,2680
308: 1685,1331,2631,3302,3516,3456,1783,728
309: 608,1368,2730,2469,2810,2687,1154,3065
310: 2168,2912,824,1823,2829,3266
311: 1745,29,3355,3018,1912,3840
312: 4048,1462,3430,1629,2697,1120,3755,3040
313: 2600,1438,2801,844,3335,3447,48
314: 2532,3058,196,2795,122,2527,1857,1709
315: 3340,1774,3260,2735,3368,610,757
316: 686,60,1195,3063,3632,1813,2345,3350,3551,3048,2148,421
317: 3650,1210,1115,377,1099,2298
318: 2278,705,3278,849,3675,1366
319: 2405,3804,953,1093,1122,3672
320: 3851,2044,1841,3724,2907,1159
321: 961,2590,3752,1547,2942,952,2099
322: 676,1423,3769,49,3114,2447,2914,3056,943,4004
323: 3776,2659,3766,1062,4000,1758
324: 1292,3785,1954,2095,851,2343,355,2883,975
325: 34,1628,1775,853,1703,4012,2097
326: 2874,550,2112,3310,932,3239
327: 3723,112,2582,718,1672,2237,1611
328: 2239,3973,1114,1073,3435,1466
329: 1514,2244,2347,1815,574,1141
330: 2279,3712,772,3286,3532,725
331: 3487,1626,1152,2148,1792,2335,2827,3021,1946,3611,3453
332: 3617,4049,607,770,2675
333: 1072,2982,692,2722,879,1294
334: 913,1842,3903,2120,1491,794,2593
335: 1302,2470,1602,3983,3109,2841,872,3667,2731
336: 107,1442,3443,1444,1986,2976,3520,2909,2744
337: 3054,995,2798,2043,2718,1485
338: 517,2813,2019,1565,2936,2783
339: 2056,2840,2685,3581,1496,1011
340: 3560,1924,2287,581,2905,1643,3059
341: 764,2074,2964,1340,372,3019
342: 2570,1175,1066,2702,3034,2471
343: 43,3030,1539,3887,119,2740
344: 412,1623,3392,749,3142,2929
345: 116,1358,3373,45,3697,3979,1807,3551,3048,2945
346: 571,1625,1789,3436,987,1241,3264,3001,3760,2199,2406
347: 2761,1817,67,1816,2302,2102,3499
348: 1852,888,2054,3188,1998,3575
349: 3592,1427,2815,2350,3046
350: 3503,1721,3318,113,3606,3421
351: 536,2802,544,1388,3347,2952,2583,3612,1105
352: 3861,2656,3627,2364,150,2175,1151,2857,1546
353: 2283,1568,1174,3709,3008,211,2528
354: 3732,616,2655,3418,4033,1737,378
355: 1292,3785,2095,851,324,2343,2382,3756,975,2670
356: 1437,908,3630,2060,3731,2204,2161,252
357: 2820,980,380,3440,3864,3561
358: 3721,3020,1272,3143,3908,730
359: 1376,2388,1103,3917,1740,726
360: 538,3524,1473,1052,1710,3937
361: 1863,156,3358,3328,3145,3659,2377,531,3980,539
362: 579,1405,1658,3888,3169,1993,2478,1735,4080,943
363: 3171,2457,2561,37,2998,1898
364: 959,2078,2545,3778,635,1733,2140,1803
365: 2414,1046,140,2776,1202,2846
366: 1666,3098,4032,790,3489,3185,221,3487,1875,2647,1812
367: 3729,1695,270,4035,2320,658,1098,2456,2662,2325,2876
368: 3032,2860,2981,2754,1114,1073
369: 3240,512,1278,4095,3274,1038,3105,3014
370: 3055,120,1929,924,738,2259,2585
371: 2154,1429,1653,499,1639,3235
372: 3019,575,3622,3237,341,1340
373: 1393,2777,1033,3980,539,3279,3241,1480,2481,2736
374: 606,2667,2548
375: 1869,3336,3377,1468,2693,1186
376: 634,3396,602,2580,3379,1506,914
377: 3407,1115,1501,1428,317,2298
378: 3418,4033,3157,1572,1631,354,2784
379: 811,854,1061,1398,3438,2211,2530,2556,2272
380: 1498,3956,680,3419,3440,980,357
381: 1782,1304,1898,3955,1509,2055
382: 1589,1911,2788,2106,3228,647
383: 552,2183,2067,3100,3684,4019
384: 523,2383,2245,2793,1242,3579
385: 1672,1350,3361,2437,2181,2854
386: 713,3013,93,2568,2566,962,2511
387: 2654,3041,721,3388,1163
388: 3621,2595,1751,3646,2691,197
389: 1307,1490,3099,2523,2272,3543,2804,4083,1286,13
390: 1800,1493,1738,2855,2692,1822
391: 2875,133,452,3852,880,1520
392: 3007,2005,1529,2996,3326,3403,786
393: 1647,3033,2321,558,3234,1149,1575
394: 2163,806,3112,1220,3689,164,200
395: 1013,3167,1719,2379,3015,2395
396: 3458,2020,566,3183,1168,2962
397: 3617,4049,3106,2698,151,3925
398: 1766,2108,3247,988,3739,798
399: 1503,3250,1614,933,3335,2393
400: 1901,2652,1332,2083,3092,2176
401: 913,3772,3366,829,2085,1610
402: 3901,945,3560,2026,2231,2845,3530,1667
403: 4070,36,1973,3935,3867,2424
404: 1121,2507,3963,3782,1270,3381,3991
405: 3383,1162,2574,3546,838,2678,3799,817,488,2368,2463
406: 1874,127,2939,2597,1824,2870
407: 2006,706,971,2352,2620,2621,2258,3738,2961,1460,1211
408: 3763,3195,2481,2758,803,2736,1033,1379,3582
409: 1492,2963,274,3149
410: 2124,3899,3026,2557,1264,3943
411: 198,3342,3452,4013,3539,3072,1190,2941
412: 1623,344,3078,2929
413: 2164,1893,2935,2674,3094,2045,1222,3110,867,594
414: 1235,3571,3596,653,3147,3953
415: 1666,3489,3202,2242,2370,3129,3525,2727,1343,3806
416: 1374,2865,2034,1284,3214,3284
417: 1713,2814,3637,3321,1665,1511
418: 1431,2769,1007,2578,3346,3285,2525,1663
419: 95,3269,2748,1576,3191,1609,1765
420: 1741,1595,2797,3009,1791,1990,4067
421: 675,810,3445,2171,2500,2635,316,3063,1813,3350,1616
422: 3882,2409,1166,2066,3128,2333
423: 671,1711,2937,3038,3442,3585
424: 1919,147,983,3711,3830,1361
425: 2887,3069,950,3471,3565,2801,1677,3447
426: 2555,1777,979,261,3196,3665,3562,2129
427: 3758,1834,2953,3474,3103,220
428: 3131,3768,1982,1413,449,2911
429: 1904,3773,2252,1640,2517,1712
430: 3803,3893,813,2250,3027,673
431: 3170,1528,3638,1138,2258,1497,1460,232,2918,3822,3159,801
432: 1958,3854,3844,148,3832,1795,4068
433: 2410,111,1465,3384,2369,3865,2642,21,1995,2101
434: 2114,4077,592,12,3874,1718,1592,3743
435: 1179,2006,706,2621,3889,2460,2985,3462,3012,777,2961
436: 3201,1040,1134,3119,1796,1637,2412,3944
437: 740,1553,1802,301,3629,3669,2536,522,3970
438: 1814,2249,3858,2212,4046,3588
439: 3783,2513,805,2220,3961,1260,3507
440: 1367,3461,2889,1757,2644,956
441: 3705,2844,3909,1364,1035,2884,70
442: 1918,2397,2877,191,3087,3537
443: 990,2984,2132,3323,1436,984,2090,3715,1425
444: 1178,3085,1778,2792,1984,2306,3557,2925
445: 2879,3095,1291,3927,1102,2704
446: 3118,85,3801,3135,1253,2374,1458
447: 1259,2450,3934,2264,779,543,1618,2799,3148,2906
448: 3353,1564,3150,24,1908,1181,1416,2508
449: 185,1250,2911,3221,3131,428
450: 3245,2791,3527,2174,1554,51
451: 2282,3985,994,3258,2891,1079
452: 880,391,3964,1520,3303,753
453: 3692,2663,3305
454: 596,255,1928,2187,3314,2107
455: 3570,1584,2790,3215,2367,2941,3342,2751,2001
456: 2802,3347,1105,2839,763,2172,3044,2372
457: 968,3473,2539,2,650,3716,1029
458: 1085,1212,810,3445,1279,4043,206,3744,758,3132,3229,3334
459: 2581,3420,948,1156,2992,3039,175,2609
460: 1313,2915,16,1938,2159,3656,2467,1762,2093
461: 1339,3703,3187,2462,1440,3446
462: 4007,777,1282,2280,3165,3765,3600,279,3141,31
463: 1558,3842,3871,949,1663,3510
464: 1015,2926,2064,3749,3892,876
465: 1617,587,1675,2103,3928,664
466: 3930,1433,1809,2289,2411,3982,3348,1383,3330
467: 3967,247,2477,3590,3702,290
468: 2972,1538,956,3975,2338,1051
469: 3701,166,3494,3996,1221,2485
470: 3727,787,1385,4003,2749,2418
471: 3273,1488,3998,1991,4030,4069
472: 1411,2946,4036,717,214,1645
473: 1960,1309,3205,3873,4040,2273
474: 1031,2660,3387,847,1194,2219,778,2631,4060,3302
475: 2305,2023,4062,2158,1182,1747,542
476: 2037,3773,2131,3564,1036,2750
477: 2913,3863,2208,1064,2362,46
478: 3929,1696,2094,3263,553,219
479: 56,2234,621,3673,4081,3640
480: 1730,2275,3827,2304,2836,1799
481: 1155,3853,3628,2169,1201,2127
482: 3277,2326,2362,195,1224,3568
483: 2707,3877,506,3737,2329,1230,3393,143
484: 2356,1234,562,1136,1878,565
485: 1187,1997,2421,1342,3494,2276
486: 2429,3845,1412,715,938
487: 1353,2978,807,3102,1478,2664,2438
488: 817,1566,1524,2519,2588,3643,695,3546,838,405,2463
489: 745,3678,1743,4051,34,2591
490: 1905,2062,3836,1370,3645,2599
491: 173,1469,1004,2339,2650,1293,1601,2370,3433
492: 2665,3994,1862,974,2699,218
493: 2726,3044,3123,2024,2372,1827,1903
494: 2811,1205,2344,871,3449,601,2266,2432
495: 2587,748,868,1119,2198,3306,582
496: 2200,795,2868
497: 2160,899,2299,3647,2140,1346,972,3009,3771
498: 1583,103,1022,2436,3206,2763,3101,1850
499: 2154,1429,371,2475,62,1534
500: 1024,3285,2619,3287,2525,1674
501: 3234,716,3152,2053,2645,2770
502: 1190,591,1596,3231,1523,2367,3042,2941,3072,3215
503: 4008,3000,3140,1041,1502,2227,2571,895,281,3651,3718,2938
504: 2937,1306,2365,2894,2871,3076
505: 3700,1055,2615,100,3455,3959
506: 3067,2707,3877,3120,3737,1230,483,836
507: 3377,2693,3130,1139,1078,2256
508: 3227,1784,3151,2869,217,2462
509: 3164,70,1723,3705,1969,1266,2026
510: 3837,42,3208,954,1372,3910,1418
511: 2826,1124,3226,2617,1654,1327
512: 834,3240,1975,1200,369,1278,4095,1038
513: 1059,145,1872,3479,3780,3267
514: 3662,2057,1902,1535,2322,1238
515: 1190,3231,136,3042,2945,3916,116,874,2068,2197,1449
516: 1932,3940,3244,1257,644,2662,2203,2325,2876,3613,4035,2456
517: 338,2340,2019,3224,1565,2783,1167
518: 2355,1001,3186,1360,1350,2318,2181
519: 1964,2105,2443,1482,967,756,2489,2923
520: 2503,1445,115,3572,2152,2837
521: 2707,165,1230,3699,4021,3393,2817
522: 1553,301,437,20,203,3936,2771,2032,1049,216,2716
523: 1708,2913,384,614,2383,1242
524: 1722,3537,2877,2879,1102,1980
525: 1762,3036,1341,2093,276,583,3035,2406,1305,16,2159
526: 1409,1341,3562,4044,3119,1637,2412,3472
527: 2509,3680,3154,1821,1804,3820
528: 1354,634,3396,3146,228,3176,2669
529: 3933,1915,3670,1065,3222,3652
530: 3054,2831,1501,3513,3291,2298
531: 2777,2377,1256,539,801,3170,1138,3822,361,3328
532: 61,551,3344,640,1269,1401
533: 897,1283,2126,2092
534: 2427,80,2021,884,1247,2100
535: 224,874,3116,1358,3722,1069,2265,3697,895,190,1249
536: 351,1388,2156,3612,601,2209,2281,1833,2949,896
537: 3465,903,19,2484,2334,3696,3428
538: 1473,360,3382,1945,2337,3937
539: 1393,2777,373,2377,531,1033,3980,3241,361,2736
540: 3207,2414,3726,84,3374,3554
541: 1187,2495,2058,2485,3988,2882
542: 1182,2544,1395,2241,3365,475,4062,2359
543: 1398,3438,1618,2556,2272,3934,447,1487,3148,2906
544: 31,351,1635,2952,3203,2583,1105,1362,1430
545: 3588,655,572,2501,2249,2611
546: 1589,2788,1895,2089,894,1767
547: 1181,2983,1897,1416,3857,2792,2076,1564
548: 2796,3380,3814,2866,713,1323,3013,2416
549: 1694,3818,2565,1853,2920,2838
550: 1189,2509,326,2874,3108,932
551: 3337,226,61,532,1441,3344,3682,1269
552: 383,862,2067,1676,3684,3891
553: 1421,3263,478,2094,2855,2692
554: 998,2444,1067,2098,2558,1808
555: 3407,3694,2246,2948,3081,1428
556: 706,1477,1315,971,2177,1129,2352,2400,2620,2621,149,2073
557: 2086,3315,1608,2391,2992,3039
558: 3265,3033,2321,1548,393,2403
559: 742,4003,2459,1713,2814,1687
560: 3129,3525,1310,2727,3330,2339,2732,173,2370
561: 157,2651,2549,2743,3243,2719,1045,2401
562: 3486,2766,1234,484,565,2904
563: 1824,661,1176,1326,2553,2870
564: 2900,2779,3867,3022,1521,3004
565: 3784,1878,484,562,2904,1855
566: 2020,797,396,1047,3183,2934,2696
567: 2626,1917,1074,2947,573,184,3538
568: 3961,203,2954,2958,1227,1260,2090,3715,3507
569: 3,1116,3412,2185,3232,1585,978,3406
570: 212,2228,1117,3174,678,2976,3520,1303,2909
571: 346,3436,987,3264,2084,2406,3679,1678,2075,2207
572: 1420,545,2348,904,655,2501,1206
573: 2626,1917,1912,1074,2921,567,3111
574: 2347,329,3935,1141,2930,1844
575: 372,2344,3237,2318,1724,1001,3062,1340
576: 1782,1832,1304,2997,181,3230
577: 2160,899,2299,3517,2753,3367,158
578: 2618,257,1197,3633,3542,1587
579: 3124,1405,1658,2173,362,3548,1351,2323,2478,4080
580: 2134,260,4066,3587,759,3533
581: 945,3560,3968,340,2905,3059,3654
582: 2587,1119,495,3306,3900,3746,137
583: 1762,3036,525,3760,2199,2093,276,1692,16,4092
584: 176,3770,1521,3138
585: 2308,3341,2269,2658,3894,2473
586: 287,3947,3933,3670,3567,2636
587: 1617,291,465,3928,3290,3946
588: 236,3910,1418,3094,3434,1518,2796,3814,3952
589: 2990,3955,124,1697,1435,3331
590: 3007,2005,3829,292,1787,3581,3403
591: 502,2113,1596,1523,2367,920,2170,2235,1683,3981,3215
592: 2114,434,225,4077,12,2764,1718,1643,1592,2892
593: 2458,2116,2497,3811,1927,4017
594: 1465,1560,2369,21,867,2164,413,3110,2656,150
595: 1766,1776,4027,2108,2927,4045
596: 255,454,3963,1987,2187,4057
597: 2260,4063,1983,1709,3868,3751,1988,1173,660
598: 268,883,2750,1712,768,2332
599: 3800,1767,3354,210,295,1143,2360
600: 2381,2872,2028,3795
601: 2209,1096,2024,2281,2432,1827,536,2811,494
602: 3396,3146,376,3379,1506,2702,2471
603: 860,2502,2857,3478,2977,2805,1664,1106
604: 3053,3662,1944,2057,2613,2466
605: 129,3779,2645,3879,3835,2053
606: 374,3895,2667,1670,1215
607: 2543,332,3617,3219,3945,2675
608: 1592,309,2745,2146,2687,1154,12,3192
609: 1749,1923,223,3499,2162,1392
610: 2933,2196,757,2288,3340,315,2735
611: 1587,3307,257,3542,2401,2522,142,3189
612: 1048,2284,1124,3226,2873,2521
613: 1557,3383,2574,1068,2886,3924,281,791,2678
614: 2913,3863,1894,523,2257,1242
615: 3759,2561,1720,2785,3256,2939,1900
616: 3164,1723,354,3732,3418,2784,3262,3107
617: 1375,2909,1736,2000,2744,3243,2733,2743,3443,2719
618: 3134,2049,3894,98,3432,3504
619: 3509,4056,2439,1836,3786,2823
620: 740,2303,3629,3669,3970,773,3806,273,1403,1837
621: 2894,479,56,1110,1334,3673
622: 3481,1546,652,3618,2386,1909,3376,3797
623: 3175,1349,690,1606,825,2222
624: 1179,1477,2400,3904,1296,2455,3518,2031,3846,729,2460,1790
625: 1259,2450,3934,1961,2752,2264,2312,2433,1618
626: 3640,1118,194,1476,3948,3391
627: 2816,2138,1044,1579,2155,1899
628: 2180,3003,3099,3141,3462,4083,3825,2030,13,1430
629: 3559,802,767,3761,1769,3698,72,3923,2243
630: 1603,2380,2683,685,3336,1468
631: 1993,248,1510,262,2734,3506,4082,2398,1351,4080
632: 1039,3138,2951,2452,3770
633: 2768,3871,841,910,2557,1264
634: 2800,528,3396,228,376,1731,2580,914,1100
635: 1527,2666,2277,959,2461,364,3778,2224
636: 262,2734,4082,2993,3051,3467,3686,3398,1551
637: 2824,1316,2829,827,4072,2605
638: 1839,2922,2003,2967,2970,2244
639: 1161,2966,3577,1025,1137,3384,3627,1151,3618
640: 3238,3017,1401,1727,61,532
641: 3073,1007,2956,3346,1558,2392
642: 815,3282,751,2529,3113,2275
643: 149,3846,3744,3841,758,1232,2135,3132,3229,206,1315,3904
644: 1208,516,1932,3940,3244,1257,1267,2325,2876,3570
645: 2553,2870,3052,2597,3083,1012
646: 1588,2652,2262,2435,3002,1422
647: 3228,382,1589,3211,2360,3354
648: 186,2040,2853,3077,3277,3568
649: 3343,1159,3685,1298,3177,3528
650: 3473,2,457,2715,2859,1029,1486
651: 1935,3353,2453,1564,3475,2616,3150,1248
652: 3481,3887,1125,622,237,2679,2740,2386
653: 3147,2311,414,3596,3508,3798
654: 3493,3522,1866,762,1299,2643
655: 1420,545,3588,572,2501,1382,2390
656: 1130,1233,3668,4000,3766,3204
657: 260,110,3364,4066,3727,2418
658: 3729,367,3707,906,270,2285,1098,2456,1819,2325
659: 3253,2217,3363,1764,3747,1084
660: 1173,1480,2277,2481,803,3279,597,3751
661: 1824,3171,3759,3257,1176,563
662: 1180,3791,691,3896,1996,2494
663: 3922,1567,2425,2714,3080,3821
664: 1228,2986,2738,1675,465,3928
665: 1047,3183,1168,2065,4096,2765
666: 1100,2417,1731,2427,1247,2800
667: 1661,1274,1251,2819
668: 1408,1276,2858,3145,3049,2641,2105,756,3582
669: 2867,2843,2850,1513,1886,1021,3563,3385
670: 1951,2897,3041,721,3883,121
671: 423,2937,2365,1699,3585,981
672: 2771,3660,2915,16,2202,1938,4092,2032,3656,3025,3476
673: 3027,1624,1000,684,3803,2526,430
674: 1761,2537,3079,2773,43,3578
675: 1212,810,2170,2171,2500,2635,3093,421,3350,1616,1941
676: 3769,1735,322,3114,131,2914,943,3860,3506
677: 3316,3158,723,1577,1645,2946
678: 258,1117,1780,4029,741,3174,2384,2540,3679,570,2812
679: 3819,3739,1669,1838,3247,3281
680: 3956,3298,4030,380,3419,4069
681: 2614,3813,2008,2163,2784,1631,3107
682: 2011,1779,873,3246,2371,275,2542
683: 3036,2084,1341,276,3035,2406,1363,2412,3679,3472
684: 3984,673,1624,1432,2526,1373,2625
685: 2683,630,1883,1468,2192,737
686: 3979,316,1195,3063,3632,1807,3350,2731,3551,3048,1616
687: 1367,2905,3461,3370,3059,3654,1739
688: 2229,3267,3369,2760,2082,1059
689: 3470,1840,4086,1922,1050,2871
690: 3497,1349,1140,1794,3175,623
691: 3513,3291,1180,3791,662,2354
692: 1328,2982,3567,333,2636,2722
693: 1976,1965,3595,3213,2598,299
694: 2014,2167,3411,27,3911,3631
695: 817,1524,488,3452,2519,3643,3546,838,1153,2688,3799
696: 3807,1816,3331,1512,2534,3658
697: 1732,211,2550,3695,1495,1568
698: 1320,857,1641,1344,2646,2689,3743,3862,3874,3990
699: 2025,2066,2971,4096,19,3216
700: 761,3531,3663,2023,2158,1664,1106,2940,256
701: 3276,1876,2720,2254,785,3319
702: 1773,745,2308,2658,3127,3994,1862
703: 3420,1192,948,2351,1517,3549
704: 3898,2297,1981,2431,1958,148
705: 2278,2649,1184,318,3182,2505,3675
706: 1179,435,2006,407,556,2352,2400,2621,3889,3012,2258
707: 2016,1995,2101,1566,3539,2588,2852,1208,1636,2410,2642
708: 4083,2468,1906,3825,1286,2030,13,2695,2737
709: 2895,1789,1820,3001,2480,2470,2039,1602,2741
710: 1489,3380,3477,2866,1081,1355
711: 3639,2058,2445,1311,955,2885,1027
712: 3422,2916,4009,2948,3081,2718
713: 3013,2416,386,3380,548,2866,2511
714: 3693,1545,2141,3066,3431,2022,3657,1979
715: 3070,3951,1412,2835,486,938
716: 1327,501,3152,2053,2128,1654
717: 472,3753,4036,214,2149
718: 112,2582,898,327,2708,2139,1891
719: 834,3677,2719,774,2755,1375,2733
720: 1146,32,137,2960,1965,2598
721: 670,3041,121,387,1163,3200
722: 1831,2079,1131,72,2069,3923,3065,2730
723: 76,1577,3125,4022,1645,677
724: 1526,4055,231,799,2781,3283,1042
725: 2279,330,3286,15,1506,3034,2471
726: 4025,744,1740,3289,359,3917
727: 1989,3309,4031,4065
728: 1545,2861,308,2631,3322,1194,1109,3456
729: 3889,1307,2460,1790,1490,2180,1953,2455,3518,624,2400
730: 939,3625,3908,1381,358,3721
731: 161,3642,2637,3921,271,2441
732: 4084,3748,3600,3024,1635,1362,1384,2657
733: 1730,3173,3827,1541,3750,3338
734: 272,2402,3775,1801,135,2944
735: 2046,2706,1604,2240,2111,1172
736: 1377,1948,3254,3890,2774,3118,2182,66,1458
737: 3576,2261,685,1883,739,2192
738: 120,3710,2259,370,1213,3176,3180
739: 1883,1291,3927,1196,737,2261
740: 620,2303,919,437,3669,2536,3970,1147,1343,773
741: 1796,4029,678,2384,3944,2490,2540,229
742: 559,4003,2418,4066,3533,2814
743: 789,1582,1598,3239,2847,2070
744: 4025,726,3289,2604,4064
745: 1773,2308,3678,702,489,2658,2881,2591
746: 1475,3233,3375,3914,71,2757,1076,1071,3218
747: 2729,2950,1386,4034,795,3220
748: 3050,868,1119,495,3485
749: 344,3392,3142,4,1312,3574
750: 1353,2978,3144,1374,4078,2865
751: 642,3282,1559,1380,3177,2529
752: 84,1397,1273,3193,1359,1939
753: 3534,1407,3303,2128,2358,452,880
754: 1484,2628,1032,2851,2729,1700
755: 1471,1721,1378,3318,280,2931
756: 3049,519,2641,2105,2443,2489,668
757: 610,2288,1438,3069,3471,315,3260
758: 643,1232,3132,3229,3453,1792,1212,458,3445,4043,206,2171
759: 3587,1665,2762,3464,3533,580
760: 3969,3469,2622,1888,1347,1811
761: 3531,700,2023,2158,1664,2940,1489,1070,3971,256
762: 654,238,3493,3522,2505,3594
763: 3521,1906,1248,2172,1935,3475,2839,2802,456
764: 3468,3524,1473,2074,341,1340
765: 2110,2896,1002,2721,3413,2061
766: 3556,3605,2042,1387,1010,1622
767: 3559,629,1042,3698,1627,231,1797,2069
768: 2332,1120,3755,3564,2750,598
769: 1025,111,3384,2363,3613,33,1325,1657,2966
770: 3480,1661,1274,332,4049,1348,2675
771: 3098,779,790,1601,3202,2242,3536,3433,1259,2450,2799
772: 2534,330,3712,3286,3532,2888,2302
773: 1147,3129,3525,1343,740,620,2303,919,2536,3806
774: 834,3677,3764,2719,1200,1045,719,1375
775: 3880,3733,2846,960,3166,3838
776: 3423,1055,2615,2864,1252
777: 3012,1282,833,462,2280,3765,279,2985,3462,435
778: 3124,1405,1685,1658,1331,2173,4060,3302,3091,474
779: 771,790,3536,3433,3185,2450,3934,447,1487,2799,3148
780: 1974,2027,3926,1561,826,89,1447,2073,3074,3153,2177
781: 233,2836,3163,1452,815,1287
782: 3804,2144,2551,3575,125,3188
783: 3258,1439,2891,1295,3214,2353
784: 3623,3133,2047,3294,1455,30
785: 2254,1605,2746,3915,701,3319
786: 1461,3259,3326,3403,1472,2005,392
787: 3727,2749,470,3364,1104,2330
788: 4024,3280,3543,1296,1487,1953,1573,2455,3359,3185,1812,2135
789: 1582,743,250,3942,2070,1371
790: 1666,3098,771,779,366,3489,3202,2242,3536,3433,3185
791: 281,3651,2678,3140,1502,3924,613,2574,1068
792: 3869,1693,2681,3687,189,1318,3293,1433
793: 202,3816,2710,296,2848,1414,1889
794: 2794,1092,2593,2725,334,2120
795: 496,2200,3220,2868,747,1386
796: 1127,3918,2770,1575,1647,3097,3479
797: 3483,2020,566,2776,2934,1805
798: 3739,3511,988,398,1660,3444
799: 1627,2908,4055,231,3555,724,3295,2577
800: 1246,1161,288,3577,3160,3376,3797,3618
801: 2777,531,3333,1256,3241,1613,3170,3638,431,2918,3822
802: 629,3761,1769,300,1933,1217,1615,3339
803: 1527,408,3763,2666,1173,1480,2277,2481,660
804: 44,1586,3781,1776,4027
805: 1615,1308,1135,439,2513,3339,3139,2220,2243
806: 1714,3813,1112,2163,394,3112,3689,164
807: 52,4037,1037,2607,3102,2978,3144,487
808: 33,1246,1325,2122,2966,3577,2506,3849
809: 3156,3796,3201,305,1040,2109,1275,2129
810: 1212,675,458,3445,1279,4043,2171,2635,3093,421,3063
811: 3409,854,379,2076,2211,86,2983,3870,1897
812: 2602,1942,2965,1894,2225,2257
813: 1728,3634,3217,2250,3027,430
814: 1433,1285,2411,3047,189,3687,2268,25,3624,3293
815: 642,1287,2529,2275,2836,781
816: 3691,1237,1365,1652,3128,2333
817: 488,2588,695,838,3799,405,2016,1399,2368,2463
818: 2908,1054,3555,3295,1892,2425,3080
819: 1745,2919,937,1442,2449,2117,3312
820: 2233,3714,2454,1332,2176,1017
821: 3875,1209,2341,2205,1600,2165,2515,934
822: 2486,3251,2562,3125,1860,2009,3198
823: 1130,3466,2592,1977,1329,4074
824: 2605,2829,3266,310
825: 1606,2106,2147,623,1911,2222
826: 1974,2027,89,1447,780,2993,1510,2734,2179,2487,3978
827: 2824,1316,3029,637,3728,2569
828: 3325,114,2821,931,3181,3435
829: 3299,2459,1687,401,3772,3366,2085
830: 1411,3252,3598,2953,100,3455
831: 2046,3100,1739,1604,1757,3461
832: 2127,134,1760,3492,1725,2890
833: 777,3659,2690,1282,1793,2280,3165,1138,2961,232
834: 3677,3764,3240,774,512,1200,719,3162
835: 307,1825,2712,3706,2357,2997
836: 1031,109,4089,847,1994,3877,1123,506,3737
837: 1985,3796,3201,305,1134,2238,3463,159,229
838: 3546,1058,3799,405,817,488,2588,3643,695,2368
839: 1338,1078,3839,3060,3130,3847
840: 3623,3847,2047,1454,901,3884
841: 3866,633,2768,1128,1729,3790,1264
842: 41,3902,1728,3037,1357,4071,1463
843: 1683,3777,3570,58,1584,2050,2071,2790,1580,3215
844: 2600,2801,3335,2086,1907,313,3447
845: 2124,1207,2138,1044,3026,2395
846: 1060,890,1579,2229,304,2155
847: 1031,3523,474,109,4089,836,1994,2219,3737
848: 1057,2059,3993,1422,30,2262
849: 1918,3278,4014,3810,2278,318
850: 1300,2316,2100,2684,3353,2616,24
851: 3869,1954,324,4038,2343,355,2681,246
852: 2786,3205,2366,2930,1080,2194
853: 34,325,1703,4012,2514,2881,2591
854: 811,1061,379,178,2076,2211,2530,1897,1239
855: 2614,3813,3541,1112,2099,2942
856: 2543,1238,3219,2703,3662,2613
857: 698,1320,2689,3743,2745,4077,12,3192,2310
858: 2221,2767,1335,2778,2486,2562
859: 3526,1089,2820,3209,958
860: 293,603,2175,2502,2857,2805,3972,1106
861: 866,2902,2521,1936,1970,2572
862: 552,2067,2706,1676,2672,3589
863: 3014,4015,940,93,2430,2568,3843,3482,2677,3429
864: 3701,166,1853,79,2920,3086
865: 1978,1225,1763,3018,3840,4010
866: 2902,861,1970,3061
867: 2294,21,3126,1164,3395,3416,413,2674,1222,3110,594
868: 748,495,2198,3620,3485,1999
869: 3570,58,2050,2071,2790,1819,3940,2876,1157,3729
870: 3911,1095,2247,3631,2782,3591
871: 2811,1205,1833,3757,3622,494,3237,2209,144
872: 1302,2470,335,3109,3667,1195,1771,1063,2345,2731
873: 2011,682,1355,3246,3671,1747,2542
874: 535,3116,1358,2068,2197,2265,1424,2533,515,1449
875: 227,3548,1446,3495,2323,3707,1726,3091,2285,3124
876: 3207,1456,3457,3626,1015,2926,464,3749
877: 3789,1947,1516,3895,1670,3753
878: 3848,1759,3636,3223,235,3378,2973,1262
879: 2349,1563,1877,1294,1072,333
880: 2875,2358,1570,452,391,753
881: 3714,242,1332,2083,2408,2256
882: 1931,2085,126,2439,3317,1687
883: 268,3090,2520,598,243,2332
884: 1300,1247,534,2100,1185,1314,2547
885: 1914,2550,4061,3734,3695,1177
886: 2570,1175,2361,2322,1535,2806
887: 1927,2575,4017,1972,3830
888: 1852,244,306,2659,348,1998
889: 1309,1080,3719,2724,297,2844
890: 2229,3028,304,846,2760,2007
891: 2174,2780,1077,2782,1554,3644
892: 4025,1740,2700
893: 3290,2862,2040,2853,1552,1394
894: 546,1895,2089,1744,2442,1094
895: 503,1041,2227,3604,2554,224,535,190,1249,2938
896: 2949,1322,1384,101,2209,536,1388,2156
897: 533,2126,2088,3275
898: 2708,2139,718,1169,2136,1354,1213,2669,1891
899: 2160,577,1346,3517,497,2797,3009,1203,3011
900: 3402,2482,1926,2206,4026,1005,1704,3957
901: 3576,3884,1091,3060,2190,3847,840
902: 3276,905,2407,3496,3425,1876
903: 3465,2065,1884,537,2484,1481,3950
904: 1420,2348,572,3490,2206,2315
905: 2407,3496,902,4057,97,282
906: 3614,3707,1695,1726,3849,270,2320,658,1098,2660,3387
907: 3242,2314,2010
908: 356,1829,3630,2060,77,2204,3834,2161
909: 1214,3649,4006,3088
910: 3745,949,3794,3899,2557,633,3871
911: 3041,3883,1417,2270,2654,3754
912: 3212,1142,1440,2856,3762,3446
913: 334,401,3772,1842,3096,1610,1491
914: 3787,2062,1731,3836,2580,3379,634,376
915: 5,1727,2081,2096,3519,3238
916: 1777,1574,3196,3665,2129,3233,1619,123,2080,2109,1275
917: 2721,1188,1920,2123,1356,3699
918: 1397,1273,3401,2213,1082,4042
919: 740,1802,4076,2536,3970,1147,2218,3704,773
920: 1279,3362,2170,3093,591,2113,1523,2235,3074,3981,3215
921: 1556,1866,3386,2290,1198,3716
922: 1245,3147,22,2309,3953,2491
923: 1870,2331,2270,3266,2912,1593
924: 120,1929,2585,370,2266,1756,2413
925: 966,3954,302,4016,3213,2476
926: 2576,3708,2144,1084,953,3253
927: 68,1450,3498,1967
928: 2142,2634,2889,2957,2301,1051
929: 3316,2728,3655,1216,3425,278
930: 1288,2563,2048,1526,3550,2781,3408
931: 3268,828,114,2821,1223,1499
932: 3108,1578,2847,326,550,3239
933: 2600,3335,399,2711,2393,3939
934: 1620,2515,2752,2312,2433,3855,2341,821
935: 2673,2762,1511,2955,1400,1806
936: 2622,1888,2152,2837,2808,291
937: 3958,2919,2238,819,229,1134,2490,2449,3312
938: 2988,2346,486,3845,715,3951
939: 3249,3625,730,1381
940: 93,2568,863,3843,3429,3311,941,962
941: 3311,2596,1950,2842,1786,3429,940
942: 3741,4052,3500,3736,1605,2746
943: 676,3769,1735,4080,322,3114,3860,1993,3506,362
944: 3190,3514,1255,119,3079,2959
945: 402,3560,3968,581,3530,1667,1268
946: 96,2184,1722,3087,3537
947: 3752,3040,2942,1714,3541,1629,2697,3104,3270
948: 459,2581,3420,3549,703,1156,1746
949: 3552,3794,3510,910,463,3871
950: 425,2887,2223,175,3069,3471,3565,1144,1406
951: 2559,3082,1681,64,2096,1328
952: 961,321,2942,1691,2125,59,2099
953: 2405,3804,319,926,3708,2144
954: 2204,2428,3837,42,3208,510,2161,1372
955: 3337,1086,1311,3261,1281,2445,2201,711
956: 2338,1051,468,2644,440,2889
957: 3676,204,2267,1621,2378
958: 859,2820,3209,1543,2419,3561
959: 2236,2078,2461,364,3778,2224,635
960: 3733,986,775,3166,2516,277
961: 2590,1916,1547,321,952,1691,1952
962: 3311,2239,2566,2596,940,386,2568
963: 2789,3608,83,3680,3184,1821
964: 65,3987,1886,2867,2843,283,3730
965: 1882,2887,2223,175,246,2581,1352,1591,4038
966: 925,1439,2891,302,1079,2476
967: 519,1542,2443,1482,2923,2451,9,3850
968: 2539,2,1955,457,2936,2119
969: 307,1890,2712,3505,2063,2680
970: 2154,3850,1330,2512,3235,2072
971: 407,556,1315,2177,2352,2620,2621,2027,89,2073,3153,1211
972: 2299,3647,2140,497,1483,2545,3771
973: 2552,1746,2520,243,3792,3549
974: 2013,2665,1822,1862,3966,492
975: 1308,3139,2670,2832,3906,2095,324,355,3756
976: 2970,2230,1815,192,3045,2694
977: 3043,50,1011,292,3403,1472
978: 3378,1871,3406,2973,1116,3412,3232,569,1585
979: 2555,3424,261,426,3196,3665,2035,3558
980: 1089,2820,10,357,3956,380
981: 3584,3585,1699,2640,91,671
982: 2167,3688,2694,182,3448,2967
983: 3711,424,1361,3597,2234,3673
984: 203,2090,3715,443,3323,1436,1425,3660,2915
985: 1345,3068,4091,3615,3725
986: 2492,3733,960,1243,2267,277
987: 3604,571,1625,346,3436,2554,2075,1041
988: 2169,1201,398,2108,1660,798
989: 1741,1016,3210,2121,1595,2292,4050
990: 1831,2984,2079,443,1131,2132,3323,1436,3715
991: 1289,3064,2189,1943
992: 3875,1209,2205,3977,1984,2560,86,4054,3870
993: 3144,1374,1483,1037,2034,2251,3771
994: 1160,4020,2282,1772,3985,451
995: 337,2043,1485,2300,2510,2924
996: 3907,3172,1650,2111,3187,2474
997: 3136,3104,3270,2496,164,2563,1714
998: 2823,554,1067,2691,2558,1751
999: 2684,1935,2616,1185,2839,1300,2726,2372
1000: 3027,673,1624,2618,1504,1197
1001: 518,2629,1360,1350,2318,575,3062
1002: 2896,765,1448,3394,2721,1356
1003: 2196,4059,3580,2735,38,3815
1004: 1940,1469,2289,3348,491,1620,1961,2752,2650
1005: 2376,4026,2348,2206,900,1704
1006: 1772,75,1562,1992,4078,2336
1007: 3073,418,2893,2769,641,3346
1008: 2018,222,1515,4090,139,1934
1009: 1708,1064,2326,2465,2851,2830
1010: 766,3605,1387,2028,3566,2989
1011: 1496,3043,977,292,339,3581
1012: 3083,2431,4068,645,3191,3052
1013: 3167,395,3015,1214,3649
1014: 3067,2987,1540,3160,3797,1125,2386,4053
1015: 2926,3726,464,3207,1456,876
1016: 1741,1284,2251,3210,989,2472,1595,284
1017: 240,2176,1949,3360,820,2454
1018: 2905,2142,1643,3370,2634,225,2764
1019: 3610,1101,1452,3375,2757,2307,123
1020: 3118,85,3484,2182,2337,1458,3382
1021: 2624,195,1224,2091,1513,669,3385
1022: 2883,498,3399,2436,3101,3404,2186
1023: 2051,2461,1753,2224,2451,1653,1639
1024: 2619,2525,500,1663,3552,2394,3510
1025: 1137,769,3384,2363,3865,3301,639,1325,2966
1026: 1233,2440,1856,2815,3466,3357
1027: 2885,2848,1414,1281,2445,711
1028: 2539,1955,2477,3702,2290,4041
1029: 2391,2859,2518,1083,3179,1486,1198,3473,457,650
1030: 3587,3464,1810,4031,4065,2541
1031: 474,2660,4089,836,3387,847,1194,2219,3614,4060
1032: 1210,754,2628,1962,2729,4034
1033: 373,2377,3980,539,1716,3358,408,2758,2736
1034: 1373,2756,2137,1880,183,2625,1968,2578
1035: 3705,1268,441,2884,2026,3530
1036: 2590,2131,1916,2898,2037,476
1037: 4037,1483,2545,807,2607,2978,3144,993,3771
1038: 2428,3274,3105,1638,3240,512,369,3162,3014
1039: 632,3138
1040: 3156,3796,3201,809,436,3119,4044
1041: 503,1678,4008,2075,2207,2227,895,3604,3436,987,2554
1042: 3559,3283,767,2274,3698,1627,231,724,2781
1043: 2608,1515,2342,1648,2775,3831
1044: 627,845,2138,1899,3015,2395
1045: 3764,2719,774,2401,2522,157,561,3243
1046: 365,4002,2640,3006,2414,140,1202
1047: 665,3183,2765,566,3776,2434,2696
1048: 612,2717,2284,3226,1781,82
1049: 1302,2716,3109,3667,1553,2807,3629,3669,522
1050: 1840,689,2871,2153,1306,3826
1051: 2301,956,3975,468,928,2889
1052: 3524,3345,360,14,1710,2928
1053: 1732,3071,3858,2212,4061,3695
1054: 2908,200,818,3295,3550,3080,1220
1055: 3423,3700,776,505,2615
1056: 2044,3958,3084,3528,2238,3463,159
1057: 2059,848,0,3512,2901,2262
1058: 3546,190,281,838,1153,3651,3718,2678,2688,3799,2574
1059: 513,3479,3918,3369,688,3267
1060: 1579,2229,846,3351,3267,145
1061: 854,3438,379,2523,2530,2556,2272,2804,1286
1062: 2934,2286,1758,323,3776,2696
1063: 60,1195,3632,2345,2807,3109,872,273,1403,1626,2148,2564
1064: 1708,2913,477,1009,2326,2362
1065: 529,1915,1312,3142,3652,2637
1066: 1175,2702,17,1113,342,1835
1067: 2823,998,554,2444,3786,1818
1068: 1557,613,1389,2886,3924,1280,2483,791
1069: 224,535,3373,3722,3697,2895,3604,2480,2554,1249
1070: 1396,3971,3952,236,1896,3094,761,2940
1071: 1475,746,71,2957,3218,3664
1072: 2982,333,1199,2349,879
1073: 328,1114,1466,3032,368,253
1074: 4001,1917,567,573,3833,3111
1075: 3608,3184,3304,1686,3878
1076: 3233,3375,208,746,3914,71,1574
1077: 2780,1450,1959,3245,2174,891
1078: 1338,839,2408,2256,507,3130
1079: 966,2891,2282,451,2296,2476
1080: 852,1309,889,3205,2366,297
1081: 2981,1355,2754,2511,710,2866
1082: 3458,4042,918,2213,3950,2962
1083: 2552,1029,3593,2263,2518,3179,1858
1084: 926,2144,2551,3253,659,1764
1085: 1212,458,3445,1279,3362,206,2635,3132,1129,3334,102
1086: 3337,1311,1868,3682,955,3261
1087: 3960,56,4081,1261,3457,3626
1088: 3777,58,2050,3467,3051,3686,1157,1551,2968,3495
1089: 3526,2210,859,2820,10,980
1090: 2503,3553,1445,46,2818,3441
1091: 3967,3576,901,3884,2261,247
1092: 794,2794,1632,2120,3503,3599
1093: 3672,2747,2405,319,1369,3615
1094: 209,3681,4075,1744,894,2442
1095: 870,3352,2247,3631,1231,1530
1096: 601,3123,2024,3683,2266,2432,1929,2585
1097: 2676,1694,4022,2565,2276,76,2188
1098: 3729,367,3707,1726,906,270,3091,2285,658,1446,2660
1099: 3513,2354,2298,1962,317,1210
1100: 2417,3710,2259,666,2800,634,228,3176
1101: 1452,1019,2757,3163,1742,2610
1102: 2879,445,2704,524,2633,1980
1103: 1376,359,2700,3820,1740,3154
1104: 3227,179,3151,2330,787,2749
1105: 2802,351,544,3203,2583,456,1430,1148,3521,1906,2172
1106: 2805,3531,700,1664,3972,860,603,3478
1107: 3964,2558,1808,2826,2617,3535
1108: 3291,3791,2831,2943,187,26
1109: 3378,1871,3406,3516,3456,235,2861,728
1110: 2894,621,3673,1415,3711,3076
1111: 2295,2950,1386,2245,3976,2910
1112: 2614,1714,3813,3541,2163,855,806,2942,3104,164
1113: 1175,1066,17,2322,2057,2466
1114: 2239,2566,328,1073,2981,368
1115: 3407,2850,377,3563,317,3650
1116: 3,3929,1696,3232,569,978,2052,2232,1262
1117: 3174,678,2384,2540,2976,3520,570
1118: 3640,626,3391,2283,1174,3597,2234
1119: 3050,748,495,3306,582,3717
1120: 768,312,2697,3755,3564,3040
1121: 2221,2507,2767,404,3782,1474
1122: 2328,3672,1998,3804,319,3575
1123: 2987,3877,3120,3614,3849,1246,288,2122,836,1994
1124: 511,612,3226,3879,1654,2873
1125: 3887,652,2386,3797,1014,1540,3030,4053
1126: 3788,298,3512,0,2166,3912
1127: 3779,3918,2118,796,2645,2770
1128: 2441,3790,3866,841,2991,3921
1129: 556,1315,2177,149,3744,3132,1085,206,3334,3926,2073,3153
1130: 1233,656,823,3466,2592,3204
1131: 722,990,1831,2984,2079,72,2132,1847,3065,3323
1132: 2394,2157,2036,2639,90,2248
1133: 2772,2902,2216,1936,3835,129
1134: 3796,3201,837,436,937,2238,3463,229,1796,2490
1135: 251,3783,3296,805,3139,2670,2504,2220,117
1136: 2535,1878,3962,2356,484
1137: 1025,1465,3384,3301,2656,3627,1151,639,2966
1138: 3170,1528,3638,2961,1460,431,232,3822,2690,833,531
1139: 2464,507,2693,242,2256
1140: 3939,3497,1971,690,1794,2711
1141: 2922,2424,3935,2244,329,574
1142: 912,3173,3212,3827,1799,2856
1143: 3005,207,2360,3831,599,210
1144: 189,2887,2223,3069,950,1318,1406,3624
1145: 2853,3572,1552,3077,2503,3553
1146: 3717,32,3121,137,720,3306
1147: 3129,3525,2218,3704,2638,2732,1343,773,740,919
1148: 1906,3825,2030,2172,3141,31,3203,1105,1430
1149: 3234,3534,1407,3152,2321,393
1150: 1800,153,1493,2324,2327,2862
1151: 3627,2364,352,1137,3301,1161,639,3618,1909
1152: 221,3487,1875,331,1837,1626,2335,2564,2647,2827,3021,1946
1153: 3546,190,1424,1058,2533,2688,2519,3643,695,1449
1154: 608,309,2730,2745,2687,3192,1831,3065
1155: 481,3628,3242,2314,2890,2127
1156: 2992,2263,1746,3039,459,948
1157: 2968,3023,58,869,1088,2071,1819,3729,2285,2456
1158: 3875,171,1600,3815,4011,2165,25,3580
1159: 3343,3724,649,320,2044,3528
1160: 4020,2282,172,994,3747,2041
1161: 1246,639,800,2966,3577,3376,1151,3618
1162: 1557,3383,1437,405,3731,252,1164,3395,1399,2368
1163: 3388,387,721,1717,3200
1164: 252,2294,867,3395,1399,2368,1162,1437,3731,2674
1165: 3314,3829,1519,3413,3544,2110
1166: 2803,3415,2409,2025,422,2066
1167: 2783,1845,3812,2601,1336,517,2340
1168: 665,3183,2065,1884,2962,396
1169: 898,3417,286,2139,2136,4094,3515
1170: 3053,2703,4046,2613,3071,2212
1171: 2233,3714,242
1172: 3907,2111,192,2240,1843,735
1173: 2666,2277,803,660,597,3868,3751
1174: 2283,3597,3709,353,3008,1118,3391
1175: 2570,1066,886,2322,1113,342
1176: 661,3706,3257,563,1326,2357
1177: 3149,2423,2550,2963,3734,885
1178: 444,1778,2442,1984,3681,2306,2925
1179: 435,2006,706,1477,624,2352,2400,2621,3889,2460,1790
1180: 11,662,2354,691,1642,2494
1181: 1416,3857,3085,2508,547,2792,448
1182: 1747,1395,2542,542,3365,475,4062
1183: 3646,2419,3561,1748,2595,3864
1184: 3810,2278,2649,2633,1980,705,2899
1185: 2684,999,1300,884,2547,2726,2372,1903
1186: 2464,375,3336,2693
1187: 2421,2495,541,485,2485,3494
1188: 2721,1539,917,3578,2061,2123
1189: 2509,3184,1821,550,3878,3108
1190: 502,515,1596,3231,1523,2367,3042,2941,411,3452,1449,3072
1191: 3275,3992
1192: 2581,3420,1352,3404,2351,1591,703
1193: 2399,1295,2121,2292,3459,2653
1194: 1031,3523,474,3322,2219,1685,2631,3302,728
1195: 686,316,60,3632,1771,1063,2345,2731,3551,3048,872
1196: 3967,2261,3590,739,1937,1291,3491
1197: 3324,578,2618,1504,1000,3633,3538
1198: 3473,3716,921,3386,1029,3593,3179
1199: 1072,3735,2982
1200: 834,3764,3240,774,1975,512,2522,4095
1201: 481,2169,988,2127,134,1660
1202: 3880,3584,2846,365,2640,1046
1203: 2446,3412,1791,2185,3011,1585,899,3517,2753
1204: 299,3900,2878,2217,3363,3746
1205: 2811,3622,2344,871,494,3237,3449,1724
1206: 2348,572,2501,2376,194,1673
1207: 845,3026,2379,2395,1698,180
1208: 1932,3244,1257,644,1636,2203,2751,2420,3539,2852,707
1209: 992,2205,821,2560,2515,2264,2433,86,3409
1210: 317,3650,2628,1032,1099,1962
1211: 3738,1460,3159,407,971,2620,2027,89,2179,2487,3978
1212: 1085,675,810,458,3445,1279,206,2170,2171,2635,758,102
1213: 1354,3176,738,3710,898,2708,3180
1214: 909,3649,1013
1215: 606,2667,1670,2787,3818,2149
1216: 1577,1860,2863,278,3316,929
1217: 2932,802,1769,2274,300,1933
1218: 3965,3586,1410,162,3721,3020
1219: 3057,3917,3289,1798,1957,3941
1220: 1567,3080,3112,394,1054,200
1221: 2255,2317,1966,3701,469,3996
1222: 1372,1893,2935,413,2674,3110,252,2294,867
1223: 2392,1499,1630,2956,2821,931
1224: 2326,482,2624,195,2465,1021
1225: 1978,249,865,3308,3538,2626,2947,3840
1226: 1408,263,3545,2858,3145,199,3890,2774,3547
1227: 20,568,203,2958,55,2090,3507,3936,2771,3660
1228: 87,2986,664,3197,1859,1675
1229: 234,3903,2304,3282,3113,3390,2593
1230: 2707,165,506,521,483,4021,3393,143
1231: 1095,3631,2994,1530,3411,1784
1232: 130,1812,643,3841,758,1946,3611,2135,3229,3453,1792,2335
1233: 1130,1026,656,3668,2440,3466
1234: 3092,2356,3360,484,3486,562
1235: 3325,414,114,3571,1451,3596
1236: 3880,3442,2492,3733,3584,3585
1237: 3691,816,2333,3641,75,1562
1238: 3106,856,3219,1902,514,3662
1239: 2453,1564,3857,854,178,2076,2468,1248,2695
1240: 3410,2049,153,2324,186,3454
1241: 346,1789,1820,3264,3001,2825,1692,3760,2199,276,2039
1242: 3115,2793,2257,384,614,523
1243: 204,1427,2267,277,3357,986
1244: 2269,163,1879,65,2473,3730
1245: 922,2671,3147,2311,2491,3519
1246: 1161,288,800,2122,3577,808,3160,1123
1247: 2427,884,534,1314,2417,666
1248: 2468,763,3521,1906,2695,2737,2453,3475,651,1239
1249: 190,2533,3718,2938,3604,2227,895,224,535,3116,1069,2265
1250: 1785,185,449,3221,1252,2538
1251: 667,1274,2819,3925,2603,2612
1252: 2864,2538,3221,776,2615,1250
1253: 3801,3135,446,2641,1964,2489,2512
1254: 2686,3648,3802,88,3856,1321,3663,2359,2544,202
1255: 119,2679,2740,3573,3190,1830,944
1256: 1393,2777,1537,531,3333,3241,801,1613,3638,2914
1257: 1208,516,3244,644,2662,2203,2325,2410,111,3613,1657
1258: 1494,1323,4015,2416,2430,1518,3208,2995,3814
1259: 625,2450,3934,1961,2650,1293,2312,447,771,3433
1260: 568,2958,55,1317,3507,3936,3783,439,2220,1549
1261: 1671,3948,3749,1087,4081,3626
1262: 2052,2699,2973,3636,878,1116,3232
1263: 230,2569,3740
1264: 1729,3790,3943,410,2557,633,841
1265: 3265,1548,1913,2250,39,3893
1266: 3922,1969,2714,3262,509,3164
1267: 1932,3940,3244,644,2751,2876,2001,2420,3570,2790
1268: 4019,1035,2884,2183,945,3968,3530
1269: 2317,1401,3988,532,551,3344,3996
1270: 1889,6,1861,2710,3991,404,3782
1271: 4033,177,3157,1737,1525,4028
1272: 1755,3143,115,4039,358,3908
1273: 84,918,1397,752,3374,4042
1274: 667,1661,1251,770,3925,4049
1275: 3796,809,305,2109,3995,2080,3859,2373,916
1276: 1408,1716,668,3358,3145,2105,2443,3582
1277: 1554,3644,2134,260,110,51
1278: 3482,18,3450,2677,4095,512,369,3105,3014,2430
1279: 1085,1212,810,458,920,3362,2170,2635,3093,3334,102
1280: 3924,1303,1736,2000,2483,3000,92,3140,1502,2228,1068
1281: 2445,2201,2241,3365,955,2848,1027
1282: 3012,4007,777,1793,833,462,2280,3165,279,232
1283: 533,2092,3046,2350
1284: 1016,2034,2251,3210,3214,2472,2353,416
1285: 3930,1940,1433,814,2289,2411,3047,3348,2268,3855
1286: 4083,708,13,2695,1061,2523,178,2530,389
1287: 815,3619,2529,781,3610,1452
1288: 930,3689,2496,2563,2048,1526,3295,3550
1289: 2573,991,3064,1404
1290: 1345,201,4091,2576,3708,2880
1291: 739,445,1937,3927,2704,1196
1292: 1954,2095,324,355,2883,3906,2436,2763
1293: 1259,2450,1961,2752,2650,1469,491,1601,2242,3433
1294: 879,1877,2253,1531,333,2722
1295: 2399,1439,783,1193,2292,2353
1296: 3280,788,1953,1573,2455,3518,3359,130,2031,3846,2135,624
1297: 1612,1451,3596,3642,3876,3508
1298: 3390,3343,2725,649,3282,3177
1299: 81,2271,2643,654,1866,3386
1300: 850,884,2100,2684,999,1185,2547
1301: 1522,2816,3997,3351,3745,245
1302: 335,1049,1701,216,3983,2716,2841,872,3667
1303: 1280,2909,1736,2000,2483,2744,2733,570,92,212,1502,2228
1304: 1782,2990,381,3955,576,181
1305: 2555,261,4079,3562,2159,1409,1341,525,2093,3035
1306: 504,2153,2937,3038,1050,2871
1307: 729,1790,1490,389,2180,3099,3462,3543,3518
1308: 1615,975,805,3139,2670,2832,1933,2095
1309: 889,3205,1080,473,3719,2273
1310: 3129,1750,3330,560,2339,2732,173,1809,2289,3982
1311: 3337,1086,2882,955,2445,2058,711
1312: 271,3574,749,3142,2637,1065
1313: 1425,460,1938,2159,3656,1930,174,3558,2623,2467
1314: 2145,3055,2417,2547,884,1247,1903
1315: 556,1477,971,2177,1129,3904,2621,149,3744,643,206,3153
1316: 637,827,2569,2191,3740,2605
1317: 2958,1260,55,3783,2504,1549,3704,1802,4076
1318: 189,2223,1144,246,3869,792,2681,3293
1319: 2597,2297,3083,3788,298,127
1320: 1930,698,857,1344,2646,2689,3743,2132,2310
1321: 2805,3531,3663,3972,2359,2686,1254,88
1322: 199,2949,1659,144,896,2387,101,1833
1323: 4015,2416,1258,1518,2796,3814,548
1324: 3198,3639,160,2885,2479,1414,2778
1325: 33,1657,2966,3577,808,2506,1025,769
1326: 2627,2357,2589,2553,1176,563
1327: 716,3303,2128,511,2617,1654
1328: 692,2636,2722,2559,64,951
1329: 2126,2092,2088,1856,823,3466,4074
1330: 2154,970,2475,2072,1434,2334
1331: 122,1405,1685,308,778,3356,2173,3169,2795,1783
1332: 820,3714,881,2083,2176,400
1333: 141,2910,2295
1334: 2894,3960,56,621,1699,2365
1335: 1533,2767,858,3653,2486,2863
1336: 3812,1167,1864,2340,3898,1981,3372
1337: 1852,2498,2971,2054,3216,1652
1338: 1078,839,2435,3839,2408,3002
1339: 1650,461,3187,1538,2338,3446
1340: 764,3468,341,3062,372,575,3237
1341: 526,1409,683,3036,525,3035,1305,1363,3472
1342: 166,3494,1853,2276,485,2565
1343: 1147,3525,2727,773,740,2303,415,3489,3806,221,1837
1344: 1930,174,698,3558,1320,2623,3323,2646,2689
1345: 985,4091,3615,1290,2405,3708
1346: 2160,899,3647,497,2797,3009,3011
1347: 1888,760,3954,2178,4016,1811
1348: 2214,1881,3480,770,3881,2675
1349: 3497,1956,690,623,2222,1467
1350: 3361,2318,385,2181,1724,518,1001
1351: 3398,227,1873,2323,2478,1993,262,631,4082,579
1352: 2581,3420,1192,1591,1882,2887,175,965
1353: 2978,750,4078,2336,487,2664
1354: 528,1213,3176,2669,898,2708,2136
1355: 1081,2011,873,2754,3671,710,3477
1356: 2721,917,3699,2817,3394,1002
1357: 41,3902,842,2358,1570,3534,2969
1358: 3916,116,535,874,3116,3373,345,2197,3697
1359: 752,3193,2928,254,3288,1939
1360: 3402,518,1688,2355,2629,1001
1361: 1919,983,424,2283,3451,3597
1362: 31,544,3024,1635,2952,3203,4007,732,3600
1363: 258,1780,4029,2412,3679,3472,683,2084,1341,2406
1364: 3684,297,2844,441,3891,2884
1365: 3691,125,2054,3188,1652,816
1366: 28,3675,1419,3278,2077,318
1367: 2142,3461,3370,440,2889,687
1368: 309,1689,2146,2469,2687,3901,47,2917
1369: 3725,2426,74,1093,2747,3615
1370: 1905,490,2608,207,2226,2599
1371: 3332,2004,2655,789,250,3942
1372: 1893,3910,1418,2674,3434,1222,3837,510,954,252
1373: 2756,1034,3690,2625,3984,684,2578
1374: 750,3144,416,993,2865,2034,2251
1375: 2755,2000,617,3243,2733,2719,774,719
1376: 2388,3310,1103,359,3154,2874
1377: 1659,736,3254,2017,2964,3484,2182
1378: 755,3389,1471,2579,3318,3599,280
1379: 2105,2443,3582,2923,1716,408,3763,3195,2758
1380: 751,1559,3177,2373,3685,3995,159
1381: 162,3721,939,730,3666
1382: 3588,655,2390,3723,2319,1814
1383: 3785,1693,2343,2382,3756,3930,1809,466,2411,117
1384: 199,896,2387,101,3547,2657,3024,2156,732,263
1385: 4003,3299,2749,470,1464,2822
1386: 747,2295,2950,1111,795,2868
1387: 766,3556,1010,1413,2911,3566
1388: 536,351,1635,2156,2952,3612,2281,896
1389: 3630,2060,1068,2886,3924,1736,2483,77,3016
1390: 2014,1843,23,3688,3045,3168
1391: 1583,2313,3906,3206,2763,2932,1867,300,2832
1392: 213,3272,3271,609,1749,2162
1393: 373,1537,1256,539,3279,3241,4004,1480
1394: 893,3290,2862,2738,2327,3928
1395: 1182,3261,275,2542,542,2201,3365
1396: 2796,1489,1070,3380,3971,3952,236
1397: 2705,918,752,1273,3401,3193
1398: 3409,543,3438,379,2211,1618,2560,2264,2433,86
1399: 2294,3126,1164,3395,3416,2368,2463,3383,1162,817
1400: 2955,3419,4069,2673,935,1991
1401: 3017,2317,1966,640,1269,532
1402: 2761,3313,1951,3271,3986,2162
1403: 273,1837,1626,2564,2647,2827,620,2807,2303,3669,1063
1404: 3064,3717,3121,3050,1289,2573
1405: 579,1658,778,1331,2173,3888,362,3169,2478,1735
1406: 1774,3260,3624,3368,189,3069,950,1144
1407: 1149,3534,3152,2128,753,2358
1408: 1226,1863,1276,668,3545,2858,3145,2774,3049,2105
1409: 526,1341,3035,1777,261,3562,4044,1305,3472
1410: 3586,162,1218,2189,1943,3320
1411: 472,830,2946,3252,4036,3598
1412: 2835,486,715
1413: 3556,1387,3741,1982,428,2911
1414: 3816,2885,793,2848,2479,1027,1324
1415: 3828,147,3711,1110,1922,3076
1416: 1181,3857,2508,547,1564,3150,448
1417: 3938,911,3883,2270,3661,1593
1418: 1372,588,3910,3434,42,3208,510,1518,3814
1419: 28,1904,3675,1366,2759,2252
1420: 904,655,572,3490,2390,2237
1421: 87,2986,3263,553,2404,2855
1422: 3133,30,2435,646,2262,848,3993
1423: 3769,49,322,1597,2447,3056,3502
1424: 1153,2533,2688,874,2068,2265,3231,2519,1449
1425: 3660,1313,2915,2202,1938,3656,443,1930,2623,1436,984
1426: 2444,2098,2648,3421,3852,3905
1427: 3592,204,349,1243,3357,2815
1428: 2798,3081,1501,3407,555,377
1429: 1653,499,371,52,1534,2438
1430: 31,544,3203,1105,1148,3825,628,3141,4007,3765
1431: 418,2769,2578,3285,1432,3287,2625
1432: 3285,3803,3287,2526,684,2625,1431,2578
1433: 3930,814,1285,466,2411,3047,792,1693,3687,3293
1434: 2484,2072,2334,3300,215,1330
1435: 3313,3807,3331,2990,589,1697,3986
1436: 1930,2623,3323,2689,990,443,984,1425,3660,3656
1437: 356,3383,1162,3630,3731,2204,3837,252,2294,1164
1438: 2600,313,3447,3471,48,757,2288
1439: 2399,966,2891,783,302,1295
1440: 217,2462,2856,461,3446,912
1441: 226,1868,551,3682,2671,2309,2491,3414,2371
1442: 107,336,2449,3312,3520,819,229,2490,2540
1443: 3297,1752,3086,2920,2548,2838
1444: 2743,107,336,3443,1986,4010,3312,2713,2744
1445: 520,2503,1090,115,3441,4039
1446: 2968,875,227,3548,3495,3023,3729,3707,3091,2285,1098
1447: 1974,1561,826,89,780,3872,2993,3051,2734,3978
1448: 2896,2840,2685,3394,1002,2097,1775
1449: 3452,2519,3643,3072,874,2068,1424,1153,1190,515,3231
1450: 3498,1959,1077,927,1967,3245
1451: 3268,1235,1612,114,1297,3596
1452: 3610,1101,1019,3163,781,1287
1453: 3031,3621,2595,35,3864,1498,3440
1454: 3623,4041,840,3884,247,2477
1455: 784,3294,30,1565,2119,3949
1456: 3207,4002,3457,3626,3006,876,1015
1457: 2010,3087,2397
1458: 3118,85,3801,446,2182,66,2337,1020,736
1459: 3474,3768,1885,220,3319,3915
1460: 1528,3638,1138,2258,3738,1497,431,1211,3159,407,2632
1461: 205,3259,3422,3403,2916,786,1472
1462: 4048,3430,312,1629,1854,3270
1463: 3902,842,3037,128,3292,3616,4001,3833
1464: 1385,3299,2822,3750,1536,3366
1465: 594,1137,1560,433,3384,2363,2369,3865,3301,2101
1466: 3325,3571,328,1073,3435,253
1467: 3327,2222,3817,1349,1956,4059
1468: 1869,375,3336,2192,630,685
1469: 173,1940,2289,1004,3982,3348,491,2650,1293
1470: 3381,1761,255,2537,3255,1928
1471: 755,128,1378,2579,280,3833,3111
1472: 1461,3422,3403,786,50,977
1473: 764,538,3524,2074,360,3382
1474: 3816,2710,2479,2221,1121,3782
1475: 746,2757,1071,2957,2301,2610
1476: 1671,626,2376,194,3948,4026
1477: 1179,556,624,1315,2177,2352,2400,3904,2621,149,3846,3744
1478: 2803,2409,1534,2664,2438,487
1479: 3725,3992,2426,3068
1480: 2481,803,2736,660,1393,373,3279,3241,3751
1481: 2484,239,3300,3950,2213,903,1884
1482: 519,1964,967,2489,2923,9,3850
1483: 2545,1037,2607,2140,972,993,2251,3771
1484: 1668,754,2628,2851,2624,2465
1485: 337,995,2718,205,2300,2916
1486: 2391,2859,1029,650,2715,3437,108,3315
1487: 4024,3280,3543,788,106,2799,3148,2906,779,3185,543,2272
1488: 3273,471,1989,3998
1489: 710,3380,1396,3477,3971,256,761
1490: 1307,729,389,2180,3099,2523,3543,106,1953,3518,2804
1491: 3096,3606,1610,334,913,1842,2120
1492: 2193,1881,168,2963,409
1493: 390,1800,2404,2327,2855,1150
1494: 3014,4015,2430,1258,1518,3105,2995
1495: 2423,2497,2550,697,1568,7
1496: 3043,1646,2499,1011,2056,339
1497: 1528,3638,3738,1460,431,2918,3822,3159,2179,2385,2632,1613
1498: 2955,380,3419,3440,1453,35
1499: 1223,3866,1630,2991,3268,931
1500: 3010,1586,264,1705,2448
1501: 3054,2798,530,1428,377,2298
1502: 503,3000,92,3140,2571,3924,1280,1303,2483,791
1503: 399,3437,108,3250,2019,3224,1614
1504: 3027,3324,1197,1000,3488,3634
1505: 3969,3469,3143,3371,3965,3020
1506: 3379,725,15,2471,602,376
1507: 3659,1793,4084,3748,3165,1863,3397,156,3328
1508: 2077,3400,57,3492,28,3920
1509: 2168,2055,1823,2998,1898,381
1510: 248,262,2734,3506,631,4082,2179,2398,2487,826
1511: 1665,935,2762,417,3637,1806
1512: 181,3230,3405,696,3331,3658
1513: 1828,1886,2867,669,1021,2091,3385
1514: 2672,2347,3589,329,2230,1815
1515: 1043,2342,2775,1008,222,1934
1516: 1947,877,3674,1684,3753,4036
1517: 2351,3549,1581,703,94,3792
1518: 1494,1323,2416,1258,3208,2995,588,1418,3814
1519: 3007,3314,1165,3829,2996,2107
1520: 3964,2098,1808,452,3852,391
1521: 176,584,3770,3004,3022,564
1522: 2124,2816,2138,3899,1301,3745
1523: 502,1190,591,2113,1596,1941,2367,3042,920,1584,3981,3215
1524: 198,1566,488,3452,4013,3539,2588,3643,2852,695,2016
1525: 2422,266,4093,4028,177,1271
1526: 4055,724,3295,3550,2781,1288,930
1527: 635,3122,3763,3195,2666,2277,803,1753,2224
1528: 1138,2258,3738,1497,2961,1460,431,232,3822,2006,2690,2280
1529: 1707,392,2996,2291,1662,3326
1530: 3352,1095,1231,1784,3151,2330
1531: 2559,2081,2722,105,1294,2253
1532: 2921,3111,2907,3389,2579,3851,3355
1533: 2507,2767,282,3653,1335,1987
1534: 2803,62,1478,2438,1429,499
1535: 3569,1902,2806,886,2322,514
1536: 2903,3750,3772,3366,3338,1464
1537: 1393,2777,3333,1256,3279,3241,4004,49,3114,2914
1538: 2972,3762,2338,468,3446,1339
1539: 43,1188,3030,343,3578,2123
1540: 3067,1014,2707,2987,165,1125,4053,1920
1541: 179,3117,2822,733,3173,3750
1542: 967,2923,3122,3195,2451,9,1753
1543: 2415,2419,3209,958,1848,3713
1544: 1879,1646,2002,3805,3075,3236
1545: 3848,714,2141,235,2022,2861,728,3322
1546: 3481,622,237,1909,293,2364,2175,352
1547: 961,2590,3752,2131,3564,3040,321,2942,2697
1548: 3265,3217,1265,2403,2250,558
1549: 2218,3704,2638,3783,3296,2504,1260,55,1317,4076
1550: 2756,2137,142,3690,18,3450,3189
1551: 3686,3398,2968,1873,2993,3051,169,1088,3467,636
1552: 893,3290,1145,3946,2853,3572
1553: 301,2807,3629,437,522,3970,20,1049,216,2716
1554: 3644,1277,51,2174,450,891
1555: 2531,3700,3455,1684,3252,40
1556: 921,3702,290,3522,1866,2290
1557: 3383,1162,613,3630,2574,1068,3731,2886,2678
1558: 3842,2392,463,1663,641,3346
1559: 3619,751,1380,3859,2529,2373,3995
1560: 594,1465,3384,2369,3301,21,2164,2656,3627,150
1561: 1974,3926,89,1447,780,2235,3872,3074,3153,169
1562: 75,1006,3882,2336,1237,2333
1563: 2349,879,2389,1877
1564: 2453,3150,651,448,1239,1416,3857,547
1565: 1455,2119,2936,3949,2783,338,517
1566: 1524,488,4013,2420,3539,2588,2852,707,2016,1995,1636
1567: 3922,663,3080,3112,2999,1220
1568: 7,353,3008,697,211,1495
1569: 4006,3089,3028
1570: 2875,2358,3292,880,3902,1357
1571: 3068,265,2546
1572: 8,3157,2682,378,59,1631
1573: 4024,3280,1296,788,2799,3359,3098,4032,3185,1875,130,1812
1574: 3196,3665,916,3233,1619,208,1076
1575: 3234,796,2770,1647,3033,393,3097
1576: 4073,3774,95,1651,419,3269
1577: 723,1216,3125,1860,3316,677
1578: 3108,3349,932,2422,2847,266
1579: 1060,846,2155,3351,627,2816
1580: 1683,3777,169,843,3981,3467,3215,1974,2235,3872,3074
1581: 2351,1517,2186,3430,94,4005
1582: 789,1598,3873,743,250,2273
1583: 1391,3408,498,103,2313,3206,2048,1867
1584: 1683,843,455,2071,2790,3981,3215,1523,2367,2001
1585: 2446,1203,3412,569,978,2029,3823,3406
1586: 1500,3781,804,2448,4027
1587: 611,249,2651,3308,3307,578,3633,3542
1588: 2293,1901,2901,2652,646,2262
1589: 382,546,2788,647,1767,3354
1590: 1759,3127,3066,3223,3431,2514,2881,1773
1591: 1192,1352,3404,3399,3919,1882,965
1592: 608,2745,2892,2146,2687,434,592,12
1593: 3661,2912,923,2270,1417
1594: 3073,1786,2956,3181,1950,2821
1595: 1741,1016,420,989,2472,284,3647,2797,3009,1990
1596: 502,1190,591,2113,1523,136,1941,3042,3093
1597: 1423,3769,2447,3056,3356,3502,2527,196
1598: 69,1582,3873,3239,743,2112
1599: 2130,2104,267,26,3896,2215
1600: 3875,1158,2341,2205,209,171,821,4011,3855,2165
1601: 771,3202,2242,2370,3433,491,2339,2650,1293
1602: 2470,2039,335,1701,2841,2741,709,3001,1771
1603: 2380,2683,2586,630
1604: 831,735,2046,2067,3100,2706
1605: 1768,4052,2254,942,785,2746
1606: 2147,2488,825,3175,3854,623
1607: 80,3439,2316,3557,2833,1925,1908
1608: 2801,557,2086,1677,3039,3565,2609
1609: 3191,1765,2589,3052,419,3269,2748
1610: 1931,3096,2085,1491,913,401
1611: 3490,2237,2582,327,1672,2181,3186
1612: 3268,1297,1451,2991,3642,3921
1613: 3333,1256,801,3638,1497,2918,3822,2385,3114,131
1614: 399,3437,1503,108,3335,1907
1615: 1308,2513,805,3339,3139,2670,2832,802,3761,1933
1616: 686,3063,1807,3350,3048,675,2500,3093,421,2945
1617: 587,2808,291,465,2103,3540
1618: 543,1398,3438,2556,625,3934,2560,2264,447,3148
1619: 3233,3375,2307,123,2080,1574,3665,916,2109
1620: 934,2752,2312,3855,1940,1004,3047,2341
1621: 957,2267,1711,3442,2492,2378
1622: 766,3556,2042,2510,2924,3500
1623: 412,2524,344,3225,3392
1624: 3984,673,2618,1000,684,2526
1625: 2895,3604,346,1789,1820,3436,987,2554
1626: 331,1403,1152,2148,1792,2335,2564,2647,2827,3021,60,1063
1627: 231,799,1797,2577,2810,767,1042
1628: 34,325,2056,2685,2097,4051
1629: 1462,312,2697,947,1854,3104,3270
1630: 1223,3842,2392,3866,2768,1499
1631: 3418,1572,378,59,2614,681,2784
1632: 3724,2794,2907,1092,3389,3599
1633: 3989,3070,3824,3692,2835,1826
1634: 1957,36,3941,1973,2951,2452
1635: 544,1388,3024,2156,2952,2583,1362,732,3600,2657
1636: 1208,3244,2203,1566,2420,2852,707,1995,2410,111,2642
1637: 4029,2412,3944,3472,4044,436,3119,526
1638: 2428,3274,42,1038,3834,3240,3162,1829
1639: 2451,1653,9,371,3235,1023,1753
1640: 1904,429,3182,3493,2517,2643
1641: 2035,698,3558,2646,3862,3990,3424
1642: 2200,2668,3220,2494,11,1180
1643: 2905,1018,1924,340,2892,225,592,2764
1644: 2402,78,2007,3089
1645: 214,4022,723,677,472,2946
1646: 1496,3043,1544,2499,3075,3236
1647: 3931,3033,393,1575,796,3097,2567
1648: 3005,285,1043,2775,3155,3831
1649: 2286,3166,2516,4000,1758,3668
1650: 1339,3172,3187,996,2644,2338
1651: 4073,3774,1576,3228,285,3211
1652: 2054,3216,1365,816,3128,1337
1653: 1429,1639,371,52,2051,1023
1654: 511,1124,3879,716,1327,2053
1655: 3974,2195,1970,3713,2572,294
1656: 2072,2115,215,3135,2374,2512
1657: 33,1325,1257,2662,2325,769,2363,3613,4035,2320
1658: 579,3124,1405,778,2173,362,4060,3548,2323
1659: 1322,1377,1948,144,3254,2387,2017,3757
1660: 134,3400,3444,988,1201,798
1661: 667,3480,1274,770
1662: 2291,3529,1529,3326,3501,1768
1663: 3510,1024,2525,418,3346,1558,463
1664: 761,3531,700,1106,2940,603,3478
1665: 2762,759,3533,1511,2814,417
1666: 3098,4032,415,366,790,3489,3202,2242,3536,3806,221
1667: 3901,402,945,3560,2231,2287,3530
1668: 3563,3650,3385,1484,2628,2624
1669: 3460,3819,4018,3739,3511,679
1670: 3895,606,1215,2149,3753,877
1671: 1261,1476,3948,4026,2064,3749
1672: 385,2181,2854,2582,327,1611
1673: 194,3391,2528,2611,2501,1206,3709
1674: 39,3803,2619,3287,500,3893
1675: 2653,465,2103,1228,664,1859
1676: 2786,2366,3589,3891,552,862
1677: 2801,2086,1608,3447,425,3565,2609
1678: 4008,3000,212,2075,1041,2207,2227,2571,2812,1780,571
1679: 3253,2217,3746,2576,2587,2880
1680: 3053,1944,4046,286,2319,1814
1681: 5,3082,2096,3798,951,2493
1682: 1717,3194,2603,2819
1683: 3777,169,843,1584,2050,2790,3981,1580,3215,591,2235
1684: 3252,4036,3674,1516,1555,40
1685: 308,778,1331,2173,2631,4060,3169,3302,1194,1783
1686: 3304,1776,2927,1075,3608,44
1687: 1713,3317,559,2459,829,882,2085
1688: 3402,4085,2629,1360,14,3345
1689: 1368,2577,2469,2810,146,2917,3555,1892
1690: 3426,2018,3405,139,3658,2888
1691: 3460,4018,2125,1952,961,952
1692: 16,4092,3025,1762,3760,276,583,3476,1241,2825
1693: 792,3785,1383,2343,2681,3687,2382,3930,1433
1694: 1097,2676,2787,3818,549,2565
1695: 3614,367,906,3849,270,2320,33,2506,2660
1696: 3,1116,3929,478,1791,2185,3011,219
1697: 2897,3938,3986,124,589,1435
1698: 3809,3943,1207,3026,180,4
1699: 3960,1334,91,671,2365,981
1700: 2729,2950,3976,2830,754,2851
1701: 1302,2039,1602,3983,2841,3476,4092,3025,3001,2825
1702: 3862,3218,3874,1718,3990,3914,71
1703: 4021,1775,325,853,1979,4012,3393,2097
1704: 2064,3892,3957,2482,900,4026,1005
1705: 4087,3853,3628,2448,1500,264
1706: 152,4070,4047,1960,1844,2194
1707: 1529,2187,2996,2107,2291,97
1708: 2913,523,1064,2383,1009,2830
1709: 3502,2527,2260,4063,3932,597,1857,2447,314
1710: 2705,3193,2928,3937,1052,360
1711: 423,3038,3442,2378,2742,1621
1712: 2517,268,2750,598,429,3773
1713: 2814,417,3317,1687,3321,559,2459
1714: 3541,1112,806,947,997,3104,164
1715: 3115,2793
1716: 1276,3358,3145,1033,3980,1379,2105,3582,2758,2736
1717: 1682,3200,3194,1163
1718: 2114,434,1702,4077,3218,3664,592,3874,3990,71
1719: 2723,3167,395,2379,2524,3225
1720: 167,2785,3256,1900,3029,615
1721: 755,350,3318,2931,3421,3905
1722: 2184,946,3537,524,3329,2879
1723: 509,3164,70,3332,3732,616,2979
1724: 1350,3361,2318,63,575,1205,2344,3237
1725: 2151,191,4014,2890,832,1760
1726: 3614,3707,906,270,3091,2285,1098,875,4060,2660,3387
1727: 915,3519,2671,61,3238,640
1728: 41,842,4071,813,3634,3217
1729: 2087,3809,3790,1264,3943,841
1730: 733,3827,2304,480,234,3338
1731: 3836,2580,914,3645,2427,2800,634,666
1732: 1053,697,2630,211,3858,3695
1733: 1983,3868,2666,364,3778,2299,1803,3367
1734: 3886,2184,3329,2606
1735: 676,3769,4080,3056,943,1405,3888,362
1736: 2755,1280,1303,2909,2000,2483,617,2733,3016,1389
1737: 4033,1271,4028,3942,354,2655
1738: 3432,390,1800,3504,1822,3966,3341
1739: 831,2183,3100,3461,3654,687
1740: 892,4025,726,2700,1103,359
1741: 1016,420,989,1595,1990,4050,4067
1742: 2972,3163,3975,4058,2610,1101
1743: 3678,489,4051,163,2499,3075
1744: 38,3327,2089,894,1094,4075
1745: 311,29,2919,819,3018,2117,3312
1746: 1156,2552,2263,973,948,3549
1747: 1182,2542,873,3671,2305,475,2158
1748: 3646,1183,1781,2415,2419,82
1749: 609,2698,223,213,1392,2612
1750: 3129,1310,117,2218,3330,2638,2732,251,3296,2504,1809
1751: 3621,388,4056,2823,998,2691
1752: 2012,3297,3178,1443,3086
1753: 2461,1023,2224,1542,1527,3122,2451,1639
1754: 3137,3078,3947,2929,3933,1915
1755: 1272,3469,2622,2152,3143,115
1756: 2437,63,3161,2413,120,924,3449
1757: 831,2046,3172,2644,3461,440
1758: 2934,1649,2286,1062,4000,323
1759: 3636,1590,3127,3066,878,3223,218
1760: 2077,832,3492,3278,1725,4014
1761: 3544,674,2537,1928,1470,2773
1762: 525,2093,276,583,3035,4079,1692,16,460,1938,2159
1763: 1978,865,2651,3308,2549,2743,4010,2713
1764: 659,3747,2150,172,1084,2551
1765: 2627,1609,2680,2589,419,3269,2063
1766: 398,3808,595,2108,2927,3247
1767: 599,2661,3354,295,546,1589,1895
1768: 4052,2254,1605,3529,1662,3501
1769: 3559,802,629,3761,2274,1217
1770: 161,3876,2493,3222,3652,3082
1771: 3979,1195,2731,3551,2470,1602,872,2741,2480,45
1772: 4020,3985,994,75,1006,1992
1773: 745,702,1590,3127,2881,2591,3994
1774: 3340,2268,315,4011,25,1406,3624,3368,3047
1775: 4021,325,1703,3393,2817,1448,3394,2097
1776: 595,4027,1686,2927,44,804
1777: 261,426,3665,916,3562,4044,2129,3156,1409
1778: 4054,2983,444,1178,2792,1984
1779: 682,2143,3246,2309,3414,2371
1780: 258,1363,4029,3174,678,3679,1678,212,2207,2812
1781: 2415,82,1748,294,1048,2284
1782: 1832,1304,1898,381,576,2457
1783: 2532,2795,3516,3456,122,1685,308,1331
1784: 3151,2869,508,2994,1231,1530
1785: 2872,185,3795,1250,2538
1786: 3073,2893,1594,2842,941,1950
1787: 2110,2896,2840,3581,590,3829
1788: 2904,3427,2980,3912,269,2766
1789: 2895,1625,346,1820,3436,1241,709,3001,2825,2199
1790: 3889,1307,729,2460,2180,2985,3003,3462,3518,1179,624
1791: 1203,1696,2185,3011,2797,420,3897,4067,219
1792: 331,1626,3021,60,1813,758,1946,1232,3453,4043,2171
1793: 3659,2690,1282,1507,833,3748,3165,3600,156
1794: 104,3175,3832,2711,690,1140
1795: 1958,3854,432,4068,3191,2748,2488
1796: 4029,741,3944,2490,3201,1134,436,229
1797: 2730,2810,1627,767,3698,2069,3065
1798: 152,4047,3941,3057,2396,1219
1799: 233,3212,3827,480,2836,1142
1800: 3432,390,153,1493,1738,1150
1801: 3603,2849,135,2944,734
1802: 301,919,437,4076,2536,55,1317,3936
1803: 2299,2140,3367,2666,1733,364,3778
1804: 2828,3820,3680,527
1805: 2934,2286,3838,797,2776
1806: 3637,935,1511,2955,3885,35
1807: 686,3350,3048,1616,3916,116,345,2500,2945
1808: 554,3964,1107,2098,2558,1520
1809: 3930,466,3982,3785,1383,2382,1310,117,1750,3330
1810: 2673,1991,3464,1030,4065,3998
1811: 4016,1976,73,3969,1347,760
1812: 130,1232,3611,2135,4032,366,3185,1875,2335,788,1573,3359
1813: 316,60,3063,2148,1792,3021,3453,3445,4043,2171,421
1814: 438,1680,4046,2319,3588,1382
1815: 2970,1514,2244,329,2230,976
1816: 67,347,696,3807,2302,2534
1817: 347,2302,3712,2102,1910,2361
1818: 2709,3786,126,2648,2444,1067
1819: 3940,2325,2876,3570,58,869,1157,3729,658,2456
1820: 2895,1625,1789,1241,709,3001,2480,2554,2741,3722
1821: 1189,2509,3680,3184,527,963
1822: 2013,974,3966,390,1738,2692
1823: 2829,4072,2998,2168,1509,310
1824: 661,3759,563,406,2939,2870
1825: 835,3426,3405,2712,2997,3230
1826: 2900,3305,3004,3692,1633,3824
1827: 493,601,3044,2024,2281,3347,3612
1828: 3134,1513,3410,3987,1886,2091
1829: 908,2060,2755,77,3677,3162,3834,1638,2161
1830: 2686,3802,3190,88,3583,1255,3573
1831: 722,3192,990,1131,2132,3065,2310,1154
1832: 1782,2997,576,3706,2457,3257
1833: 2811,3757,3622,871,2209,536,2949,1322,144
1834: 3758,2720,427,2728,3655,220
1835: 3146,2669,1066,2702,17,4094
1836: 2439,3637,3321,3509,3885,619
1837: 3806,221,1403,1152,2564,2647,2827,1343,620,2303,3669
1838: 3808,3247,132,4093,679,3281
1839: 2900,2779,2922,638,2003,3824
1840: 3470,689,1050,3826
1841: 320,3851,2044,29,3084,3355
1842: 334,2903,913,3772,3903,1491,2593
1843: 3045,1390,192,3907,3168,1172
1844: 2930,2194,4070,3935,1706,574
1845: 2059,3949,2783,3993,2601,1167
1846: 3448,3951,1849,2015,2346,27
1847: 2984,2079,1131,3923,2243,2513,3961,2954,3715
1848: 3974,3713,3209,1543
1849: 3989,1846,182,3070,3448,3951
1850: 1854,2594,3136,2048,3430,4005,2186,498,103,3101
1851: 170,2118,3369,272,3775,2082
1852: 2498,306,1337,888,348,2054
1853: 864,1342,166,2920,549,2565
1854: 2594,3136,1850,3270,1462,3430,1629,4005
1855: 2904,3427,2785,3256,3784,565
1856: 1026,2815,3466,2092,3046,1329
1857: 3502,2527,2260,118,3932,1709,2532,3058,314
1858: 81,3090,2520,2552,3593,1083,3179
1859: 1228,3197,4050,2121,2653,1675
1860: 2486,822,1577,1216,3125,2863
1861: 1270,1889,6,3514,3255,3991,2959
1862: 3994,974,3966,492,2308,3341,702
1863: 1408,263,361,3397,156,3358,3545,3328,3145,1507,3980
1864: 2340,3250,3224,1336,3199,3372
1865: 3458,3483,3374,2020,3554,4042
1866: 654,921,1556,3522,3386,1299
1867: 2932,3283,2274,2781,1583,1391,3408,2313
1868: 1086,1441,3682,3414,2371,3261,275
1869: 375,3377,1468,2192,2190,3130
1870: 2331,923,2270,3754
1871: 978,1109,2532,3058,3378,2029,2795,3406,3516,3456
1872: 3097,513,2639,3479,2567,3780
1873: 3686,3398,1551,2968,227,1351,3495,2323,262
1874: 3427,2980,3256,406,127,2939
1875: 221,3487,1152,2335,3098,4032,366,1573,130,1812,3611
1876: 3276,3425,902,701,2720,3655
1877: 1563,879,2389,241,1294,2253
1878: 3784,2535,1136,2809,565,484
1879: 1544,3805,3075,1244,163,3730
1880: 3843,1034,3482,183,1968,2842,3429
1881: 2214,2193,1492,1348,168,3881
1882: 965,246,1352,1591,3399,3919,4038
1883: 739,99,3927,2683,685,737
1884: 3465,903,1168,2065,2962,1481,3950
1885: 3474,3221,3131,3768,1459,3959,3103
1886: 964,1513,3987,1828,2867,2843,669
1887: 2115,2701,3601,1945,3793,3602
1888: 2622,1347,760,936,2178,2808
1889: 3648,1270,6,1861,3856,202,2710,793,3782
1890: 3426,2018,969,2712,222,3505
1891: 3180,3161,2854,2582,898,2708,718
1892: 2908,818,3555,2425,146,2917,1689
1893: 1372,2935,3910,413,2674,3434,1222,3837
1894: 3863,614,2965,2818,812,2257
1895: 546,894,2442,1767,2661,295,2925
1896: 236,3094,1070,3971,3478,2977,2940
1897: 4054,2983,3870,3857,547,2792,811,854,2076
1898: 1782,381,2998,2457,363,1509
1899: 2155,3649,3088,627,1044,3015
1900: 2824,37,3029,1720,615,2561
1901: 1588,2293,3486,2652,400,3092
1902: 3569,151,1535,3106,1238,514
1903: 493,2726,3123,3683,1185,2145,1314,2547
1904: 3675,1419,429,2252,1640,3182
1905: 2062,490,1370,3720,2608,2342
1906: 1148,708,763,3521,1248,3825,2030,2172,2737,3203,1105
1907: 844,3335,2086,3315,108,1614
1908: 3557,1925,3085,2508,1607,2316,24,448
1909: 3481,622,1546,3618,3627,2364,1151,3376
1910: 2570,2361,3034,1817,3712,3286
1911: 382,2788,2222,3817,2106,825
1912: 2626,2921,3840,573,311,3355
1913: 3931,3265,1265,2036,39,2248
1914: 53,4061,168,3881,3945,3734,885
1915: 529,1754,2929,3933,1065,3142
1916: 961,2590,1036,3999,1952,2898
1917: 4001,1074,2947,567,573,184,3833,1921,3037,3488
1918: 2877,191,442,4014,849,3810
1919: 3830,424,1361,3451,3811,4017
1920: 917,4053,2123,3699,165,1540
1921: 3037,4071,3488,4001,1917,184
1922: 689,4086,2871,3076,1415,3828
1923: 609,2102,3569,223,3499,2806
1924: 3560,2287,340,47,2905,1643,2892,2146
1925: 3800,2974,2306,3557,2833,1908,1607,3439
1926: 2315,3402,2482,900,2355,2206
1927: 887,4017,2458,593
1928: 1761,3544,255,454,1470,3314
1929: 924,2585,370,1096,3683,2266,2432,2413,3449
1930: 174,1320,1344,2623,3323,2646,2689,1436,1425,1313
1931: 3096,882,2085,2709,126,1610
1932: 1208,516,3940,3244,644,1267,2203,2751,2001,2420,2852
1933: 2932,802,300,1217,3906,1615,1308,3339,2832
1934: 3720,2834,1008,1515,2342,4090
1935: 2684,3475,2616,999,651,2839,763,2372
1936: 1133,2902,861,2873,2521,3835
1937: 1291,2704,2899,1196,3590,3491
1938: 672,1425,1313,2915,16,2202,460,4092,3656,1762
1939: 2926,3726,254,84,752,1359
1940: 1469,1285,1004,2411,3047,3348,3855,25,1620,2752
1941: 2113,1596,1523,136,3042,2945,675,2170,2500,3093
1942: 3249,2602,3625,812,289,2965
1943: 3320,2189,1410,991
1944: 1680,604,3053,2466,3515,286
1945: 2337,3793,538,3602,3937,1887
1946: 130,1232,3611,3229,3453,331,1152,1792,2335,3021,4043
1947: 3789,877,3674,1516
1948: 199,1659,736,3254,3890,2774,2387,3547,2858
1949: 240,3962,1017,2356,3360,3607
1950: 941,3181,3973,2596,1594,1786
1951: 2897,670,121,3271,3986,1402
1952: 4018,3999,4088,1691,961,1916
1953: 4024,3280,3543,1296,788,106,2455,3518,3359,2031,729,1490
1954: 1292,851,324,4038,2883,3399,3919
1955: 1028,968,2539,4041,3294,2119
1956: 3497,1349,2933,2196,4059,1467
1957: 3941,1634,3289,4064,2951,1219
1958: 432,148,1795,704,2431,4068
1959: 2780,2133,1450,3498,2988,1077
1960: 3205,2194,473,4047,1706,4040
1961: 1259,625,3934,2752,2650,1293,2312,1004,3433
1962: 11,1099,2354,1210,1032,4034
1963: 3057,2388,2112,3310,2396,69
1964: 519,1482,2489,3135,1253,3850,2512
1965: 693,1976,2598,73,720,2960
1966: 2255,1221,3017,2317,3767,2739,1401
1967: 2584,3245,927,1450
1968: 2893,2769,2578,2842,1034,1880,183
1969: 2714,1266,509,70,3705,2026,2845
1970: 2195,1655,2572,866,861
1971: 3939,3497,2933,1140,48,2288
1972: 3828,147,3830,2575,887,2975
1973: 36,1634,403,2452,3867,3022
1974: 1561,826,1447,780,3872,2993,3051,169,1580,3467
1975: 3764,512,1200,2522,18,3189,4095
1976: 4016,693,1965,3213,1811,73
1977: 188,2592,2747,823,74,4074
1978: 1225,249,865,1763,2651,3308
1979: 1703,4012,3393,2514,143,3693,714,3431
1980: 3810,1184,2633,524,2877,1102
1981: 3898,704,3812,1336,148,3372
1982: 3741,2746,3915,3768,428,1413
1983: 1733,2260,158,3932,597,3868,2666,3367
1984: 992,3977,209,3681,4054,2983,444,1178,1778
1985: 3796,305,837,3995,2373,2238,3463,159
1986: 107,336,1444,4010,2117,3312,2713
1987: 2507,1533,3963,282,596,4057
1988: 49,2447,3279,4004,3502,4063,597,3751
1989: 727,4065,3998,1488
1990: 3197,4050,3897,4067,1741,420,1595
1991: 2673,1810,3998,471,1400,4069
1992: 1772,3985,1006,3284,4078,2865
1993: 262,3506,631,4082,2398,1351,2323,2478,4080,943,362
1994: 2660,4089,836,847,3614,3849,2122,3877,1123,3120
1995: 21,3126,707,2016,3416,2101,2463,1566,1636,433,2642
1996: 2104,3896,662,2494
1997: 2421,485,2276,3251,2188,2009
1998: 1122,2328,244,888,348,3575
1999: 3485,3620,868,2546
2000: 1375,1280,1303,2909,1736,617,2744,2733,3016,3443,2228
2001: 1932,3940,1267,2751,3342,3570,455,1584,2790
2002: 4009,1544,3805,3236,3694,2948
2003: 3989,182,3824,2967,1839,638
2004: 1371,3332,2724,2979,3719,250
2005: 3007,392,590,2996,292,3403,786
2006: 1179,435,407,706,2352,3012,2280,1528,2258,2961
2007: 1644,78,2760,3089,890,3028
2008: 3813,2163,681,2784,3112,2999,3262,3107
2009: 3251,2562,822,3198,1997,2421,160
2010: 907,3242,1457,2397,2151
2011: 2860,873,682,1355,2754,3246,3671
2012: 1752,3178,3248
2013: 2665,1822,974,2094,2232,2692
2014: 23,2167,3688,3411,1390,694
2015: 2133,3591,2346,1846,27,3911
2016: 3126,707,3416,1995,2463,817,1566,1524,2588,2852,2642
2017: 3019,3757,1659,1377,144,3254,2964
2018: 1690,3426,1008,1890,222,139
2019: 338,517,2340,2813,3437,1503,3224
2020: 3458,3483,797,1865,566,396
2021: 2427,80,3439,534,2599,3645
2022: 3693,714,1545,2141,3523,3322,3657
2023: 761,3531,475,700,3663,4062,2158,2359
2024: 493,601,1096,3123,2281,2432,1827
2025: 3415,699,3696,1166,2066,19
2026: 402,2845,3530,509,3705,1035,1969
2027: 826,89,780,2073,971,2177,2352,2620,3738,1211,3978
2028: 3795,3566,1010,2989,2381,600
2029: 2532,3058,3378,1871,3823,3406,118,2446,1585
2030: 1148,4083,708,3521,1906,3825,13,2737,628
2031: 149,3846,3841,2135,1296,1953,2455,3359,624,2400,3904
2032: 672,2771,2915,2202,4092,3025,522,216,3983,2716
2033: 3298,2210,10
2034: 1284,2251,2472,1374,416,993,2865
2035: 3558,1641,2646,3862,2555,3424,979,3196
2036: 2639,2567,3931,1913,2248,1132
2037: 2898,3773,2759,2252,476,1036
2038: 3644,110,3364,3352,2247
2039: 1602,1701,2841,3476,1241,709,3001,2825
2040: 893,186,2862,2853,648,2324
2041: 2878,3363,3747,2296,1160,2282
2042: 766,3605,2943,187,1622,2924
2043: 3054,337,995,2831,2943,2924
2044: 320,1841,3958,3084,3528,1056,1159
2045: 2164,2935,413,3094,3434,3913,150,2502,2977
2046: 831,735,1604,1757,3172,2111
2047: 784,3623,3133,3847,840,3839
2048: 2594,1288,1850,930,2563,2781,1583,3408,103
2049: 3134,618,3410,1240,3432,153
2050: 1683,3777,169,58,843,869,1088,2071,3467,2968
2051: 52,2236,4037,2461,1023,1653
2052: 2665,2699,2232,1262,1116,3232
2053: 716,501,3879,1654,605,2645
2054: 3188,1365,1652,1852,1337,348
2055: 3661,2168,1509,124,381,3955
2056: 339,2685,1628,4051,1496,2499
2057: 514,604,3662,2466,2322,1113
2058: 2495,541,3639,711,1311,2882
2059: 1057,848,1845,0,3993,2601
2060: 356,908,1829,1389,3630,2886,77,3016,3834
2061: 2721,3413,1188,3578,2773,765
2062: 3787,1905,3836,490,3379,3720,914
2063: 969,3505,1765,2680,3774,3269,3155
2064: 1704,464,3749,3892,1671,4026
2065: 665,3465,903,1168,4096,19,1884
2066: 699,2025,1166,422,19,3216,3128
2067: 383,552,862,3100,2706,1604
2068: 3916,874,3116,2197,1424,2533,515,3231,3042,1449
2069: 722,72,3065,1797,2730,2810,767,3698
2070: 2422,2847,4028,789,743,3942
2071: 3777,3570,58,843,869,1584,2050,2790,3940,1157
2072: 1434,1656,215,970,1330,2512
2073: 2027,3926,89,780,3153,556,971,2177,1129,2620,3978
2074: 764,1473,2964,341,3382,3484
2075: 1678,4008,1041,2207,3604,571,3436,987,3264
2076: 811,854,178,2530,1897,3857,547,1239
2077: 1508,1760,3492,3278,28,1366
2078: 959,2236,4037,2545,2461,364,2607,3778,2140
2079: 722,990,2984,1131,72,3923,2243,1847
2080: 3619,123,3859,1619,2307,916,2129,2109,1275
2081: 1531,2559,2096,915,3238,105
2082: 78,2760,3775,1851,3369,688
2083: 2408,3002,1332,881,2652,400
2084: 683,3036,2199,2406,258,1363,3679,571,3264,2207
2085: 1931,882,1610,829,3317,1687,401
2086: 2801,557,844,1907,3315,1677,1608,2391
2087: 271,3809,2441,1729,3790,3574
2088: 897,2126,1329,3275,54,4074
2089: 546,3327,2788,1744,894,3817
2090: 568,203,2954,2958,1227,984,3715,443,3660
2091: 195,3454,1021,1513,3410,1828
2092: 533,1283,2126,3046,1329,1856
2093: 1762,3036,525,583,3035,2467,4079,1305,460,2159
2094: 2013,2232,3929,478,553,2692
2095: 1292,324,355,3756,3906,2763,1308,975,2832
2096: 2559,5,1681,2081,915,951
2097: 1448,2685,3394,1628,1775,325,1703
2098: 554,2444,1426,1808,1520,3852
2099: 2614,855,2125,59,321,2942,952
2100: 80,1300,850,884,2316,534,2684
2101: 21,3126,707,3416,1995,2410,1465,433,2369,2642
2102: 1923,3499,2806,1817,347,2361
2103: 1617,3459,2653,1675,465,3540
2104: 2130,1599,3896,1996
2105: 3049,519,1379,2443,756,3582,1408,1276,1716,668
2106: 4073,2147,3228,825,382,1911
2107: 1707,2187,3314,1519,2996,454
2108: 398,1766,595,4045,2169,988
2109: 3156,809,305,1275,1619,2080,3859,3665,916,2129
2110: 1787,2896,765,3413,1165,3829
2111: 3907,3172,996,1172,735,2046
2112: 3310,1963,326,69,1598,3239
2113: 591,1596,1523,1941,920,2170,2500,2635,3093
2114: 434,225,3218,3664,592,2764,1718
2115: 1887,2701,1656,215,2374,3793
2116: 274,2458,3149,2423,593,2497
2117: 1986,4010,3312,1745,819,3018
2118: 1127,3779,3918,1851,170,3369
2119: 3294,1455,1565,968,1955,2936
2120: 334,3606,1491,794,1092,3503
2121: 989,2292,4050,1859,1193,2653
2122: 1246,288,3577,808,2506,3849,1994,1123
2123: 1188,3030,1539,917,4053,1920
2124: 1522,410,845,2138,3899,3026
2125: 3460,1691,8,59,952,2099
2126: 533,897,2092,2088,1329
2127: 832,134,481,1155,1201,2890
2128: 716,1327,1407,3152,3303,753
2129: 1777,426,3665,916,4044,2080,3156,809,2109
2130: 2104,1599,267
2131: 2590,3564,3040,1547,1036,476
2132: 3192,990,1831,443,1131,2310,1320,3323,2689
2133: 2015,2780,3591,2988,1959,2346
2134: 1277,580,260,2541,51,3587
2135: 130,2031,1812,3846,643,3841,1232,1296,788,2455,3359,3904
2136: 898,2139,1169,4094,1354,2669
2137: 2756,1034,3482,3690,183,18,1550,3450
2138: 627,1522,2124,845,2816,1044
2139: 112,898,3417,718,1169,2136
2140: 2299,1803,497,972,2078,1483,2545,364,3778
2141: 3848,714,1545,3066,3223,3431,2022,2861
2142: 1367,2905,928,3370,2634,2889,1018,225
2143: 3032,2860,1779,3246,22,2309,3414
2144: 3804,926,1084,953,2551,782
2145: 3055,1314,2585,2547,3123,3683,1903
2146: 1592,608,1368,2892,2687,1924,2287,47
2147: 4073,1606,95,2106,2488,825
2148: 331,273,1626,2564,2827,3021,316,60,3632,1813,1063,2345
2149: 214,2676,2787,1670,1215,3753,717
2150: 3691,125,3641,172,2551,1764
2151: 2397,191,1725,2890,3242,2010
2152: 1755,2622,936,2837,520,115
2153: 1306,3038,1050,3826,154,2742
2154: 970,499,1330,371,2475,3235
2155: 1579,304,846,1899,3088,627
2156: 536,1388,3024,1635,2952,896,1384,101
2157: 3552,245,2394,3794,1132,90
2158: 761,2305,475,700,2023,3477,256,1747
2159: 1313,16,460,3656,2467,2555,4079,1305,1762,525,2093
2160: 899,2299,577,1346,3517,497,3367
2161: 2204,2428,3837,42,3834,954,356,908,1829
2162: 609,3499,3271,2761,1402,1392
2163: 3813,2008,1112,681,394,806,3112,2999
2164: 2935,413,2045,3110,594,1560,3861,3913,150
2165: 4011,3855,25,3047,1158,2341,171,1600,821
2166: 0,3812,2601,3898,1126,298
2167: 2014,3688,982,27,694,3448
2168: 3661,1509,2055,2912,310,1823
2169: 4045,481,3853,988,1201,2108
2170: 1212,675,1279,920,3362,2635,3093,591,2113,1941
2171: 1212,675,810,3445,4043,421,1792,60,3063,1813,758
2172: 1148,763,3521,1906,2839,2802,2583,456,1105
2173: 122,579,1405,1685,1658,778,1331,3888,3169,3302
2174: 3245,450,891,1077,1554
2175: 3861,293,860,2364,2857,352,1546
2176: 3092,1017,3360,820,1332,400
2177: 556,1477,1315,971,1129,2352,3744,2027,3334,780,2073,3153
2178: 2808,3540,193,3954,1888,1347
2179: 248,1510,2487,2632,3978,826,3738,1497,1211,3159
2180: 3889,1307,729,1790,1490,628,3003,3099,3141,3462
2181: 1672,1350,385,1611,518,3186
2182: 3118,3484,1458,1020,736,1377,3254
2183: 383,3100,1739,1268,4019,3968,3654
2184: 96,946,1722,3329,1734
2185: 3,1203,3412,1696,1791,569,3011
2186: 3404,2351,1581,4005,1850,1022,3101
2187: 1707,2107,596,454,4057,97
2188: 3251,76,1997,2276,1097
2189: 3064,4023,3586,1410,991,1943
2190: 3060,1869,3377,2192,3130,3576,901
2191: 3740,2605,1316
2192: 1869,1468,2190,685,3576,737
2193: 2214,1492,1881
2194: 1960,852,3205,2930,1844,1706
2195: 3974,1655,1970
2196: 1956,2933,610,1003,4059,3580,2735
2197: 3916,116,874,3116,1358,2068,2265,515
2198: 2587,2880,868,495,3620,201
2199: 2084,3760,276,583,2406,346,1789,3436,1241,3264
2200: 496,2668,795,3220,1642
2201: 3261,1281,1395,275,2445,3365,955
2202: 672,1425,2771,3660,2915,1938,2032,20,203,216
2203: 1208,516,1932,3244,1257,1636,2852,2410,111,3613,2642
2204: 3837,2161,954,356,1437,908,3731,252,2674
2205: 992,3875,1209,3977,1600,821,2515,86
2206: 2348,904,2315,900,1926,1005
2207: 1678,2075,1041,2812,2084,258,1780,3679,571
2208: 477,3077,3277,2362,3553,46
2209: 601,2281,2432,536,3612,2811,1833,871,2949,896
2210: 3526,1089,10,2033
2211: 3409,811,854,1398,3438,379,2556,2560,3870
2212: 1053,3071,3858,438,1170,4046
2213: 918,3401,239,1481,3601,3950,1082
2214: 2193,1881,1348,3480
2215: 1599,267,26,2989,3605,187
2216: 2772,1133,2902,2849,135,3061
2217: 1679,3253,1204,659,3363,3746
2218: 1147,1549,3129,3525,1750,3704,2638,2732,919
2219: 1031,3523,474,109,4089,3322,847,1194,3302
2220: 1135,3783,439,2513,805,3139,2504,1260
2221: 1121,2767,858,3816,1474,2479,2778
2222: 1911,1467,3817,623,1349,825
2223: 189,2887,175,950,965,1144,1318,246,3869
2224: 959,2461,1023,1753,1527,635,3122,2277
2225: 3115,2257,2602,812
2226: 3800,210,2833,207,1370,3439,2599
2227: 503,1678,4008,3000,1041,895,3604,224,3651,1249,2938
2228: 570,92,212,2571,3174,2976,1280,1303,2909,2000
2229: 1060,890,846,688,3267,2760
2230: 2672,1514,976,1815,192,2240
2231: 3901,402,146,2845,1667,2917,3821
2232: 2013,2665,2052,2094,1116,3929
2233: 1171,820,3714,2454
2234: 479,3673,3597,3640,1118,983
2235: 1561,102,3872,3074,920,3362,591,1683,169,3981,1580
2236: 52,959,2051,2078,4037,2461,2607
2237: 1420,3490,2390,1611,3723,112,327
2238: 3958,2919,937,1056,3463,229,1985,3201,1134,837,2449
2239: 2566,3973,2596,328,1114,962
2240: 2672,2230,192,735,2706,1172
2241: 2544,1281,542,3365,3856,296,2848
2242: 1666,771,415,790,1601,3202,2370,3536,3433,2450,1293
2243: 2079,3923,1847,629,3761,2513,805,3339,3961,2954
2244: 2970,329,1815,2922,638,1141
2245: 1111,3976,384,2383,3579,2910
2246: 2867,3407,3694,2843,2850,555,283
2247: 870,3352,1095,2782,3644,2038
2248: 39,2619,1913,2036,2394,1132
2249: 2630,2528,3858,438,2611,545,3588
2250: 3217,1548,1265,813,3893,430
2251: 1016,2034,1284,2472,284,3771,1483,3647,1374,993
2252: 1904,1419,429,2037,3773,2759
2253: 1877,241,1294,1531,3767,105,2739
2254: 1768,785,1605,3276,701,3529
2255: 1221,1966,2739,3635,3701,79
2256: 1078,2408,1139,507,242,881
2257: 2225,3115,1242,1894,614,812
2258: 1528,3738,2961,1460,431,232,3159,2006,407,706,2620
2259: 3055,1100,738,2417,3710,2585,370
2260: 158,4063,3932,1983,597,1857,1709,3868
2261: 3967,3576,1091,1196,737,739
2262: 1588,2901,646,1422,1057,848
2263: 1156,2552,2992,2518,1083,1746
2264: 625,3934,2560,2312,447,2433,1209,1398,3438,1618
2265: 535,874,3116,2197,3697,190,1424,2533,1249,2688
2266: 1096,3683,2432,1929,924,2413,494,3449
2267: 204,957,1243,1621,2492,986
2268: 4011,3855,25,1774,3624,3368,3293,814,1285,3047
2269: 1244,3678,585,2658,163,2473
2270: 1870,923,1593,3754,911,1417
2271: 2517,268,1299,81,3090,2643
2272: 543,1061,379,2523,2556,3543,1487,106,2906,2804,389
2273: 1582,3873,3719,250,1309,473
2274: 2932,3559,3283,1042,1867,1769,1217
2275: 2304,480,2836,815,642,3113
2276: 1342,1997,485,2188,1097,2565
2277: 1527,635,3763,2666,1173,803,660,3868,3778,2224
2278: 3810,2649,1184,318,705,849
2279: 4090,330,3286,3532,725,15,2834
2280: 3012,777,2690,1282,833,462,2985,2006,1528,2961,232
2281: 601,2209,2024,1827,536,1388,3347,3612,2811
2282: 1160,451,994,1079,2041,2296
2283: 3451,1174,3597,353,3008,1118,1361
2284: 612,1048,1781,2572,294,2521
2285: 3729,3707,1726,658,1098,2456,1157,875,1446,3023
2286: 2934,1805,1649,3166,3838,1062,1758
2287: 3901,3560,1924,340,1667,47,2146
2288: 1971,2933,610,48,757,1438
2289: 173,1469,1285,466,1004,2411,3982,3348,1310
2290: 921,3702,1556,1028,2539,3716
2291: 2407,3529,97,1662,1707,1529
2292: 3210,2121,989,2353,1193,1295
2293: 1588,1901,3486,2901,269,2766
2294: 252,1164,867,3395,1399,1437,2674,1222,3110
2295: 1111,1386,2868,1333,2910
2296: 2878,2041,2282,1079,3595,2476
2297: 3898,704,3083,2431,1319,298
2298: 3513,1099,377,1501,530,317
2299: 2160,577,2140,1803,497,972,3367,1733
2300: 205,259,3736,995,1485,2510
2301: 3975,1051,2610,928,2957,1475
2302: 1817,67,347,1816,2534,3712,772
2303: 740,620,3970,3525,1343,773,3489,3806,1403,1837,2647
2304: 1730,2275,480,234,1229,3113
2305: 475,2158,3477,256,3671,1747
2306: 2974,2661,3557,2925,1925,444,1178,3085
2307: 3233,3610,3375,1619,1019,2757,123,2080
2308: 745,585,3341,702,2658,3994,1862,3966
2309: 922,22,2491,3414,1779,2143,1441
2310: 3192,1831,2132,2745,1320,857,3323,2689,3743
2311: 653,1245,3147,5,3798,3519
2312: 1259,625,1620,2515,1961,934,2752,2264,2433
2313: 1583,1391,3408,3206,2932,1867,300
2314: 907,3242,1155,4087,3628
2315: 1926,2355,3186,904,3490,2206
2316: 1607,80,850,2100,1908,3353,24
2317: 1221,1966,1269,1401,3996
2318: 1350,3361,1724,575,3237,518,1001,3062
2319: 3723,3417,286,1680,1814,1382
2320: 367,1695,906,270,4035,2325,33,1657,2506
2321: 3033,393,2403,558,2969,1149,3534
2322: 1175,886,1113,1535,514,2057
2323: 875,227,3548,1873,1351,3495,2478,1993,579,1658
2324: 153,1150,1240,186,2862,2040
2325: 1819,516,1257,644,2662,2876,367,4035,2320,658,2456,1657
2326: 482,2362,2465,1224,1064,1009
2327: 1493,2404,2738,1150,2862,1394
2328: 1122,188,3672,3609,1998,244
2329: 3737,483,109,3657,3693,143
2330: 1104,3151,3352,1530,3364,3727,787
2331: 1870,923,3266
2332: 3742,768,243,3755,883,598
2333: 1237,816,3128,3882,422,1562
2334: 2484,1434,1330,2475,537,3428
2335: 3487,1875,331,1626,1152,2647,1812,1946,1232,3611
2336: 1353,4078,3882,2664,1562,1006
2337: 85,1945,1458,1020,3793,538,3382
2338: 1538,956,468,1339,1650,2644
2339: 1310,2727,560,173,491,1601,2370
2340: 1864,517,2019,3224,2783,3812,1167,1336
2341: 1600,821,3855,2165,25,1620,2515,934
2342: 2608,1043,1515,1905,1934,3720
2343: 3869,3785,1693,851,324,1383,355,2681,3756
2344: 575,1205,494,3237,3449,3361,63,1724,2413
2345: 316,1195,3632,1063,2731,3551,2470,3109,872,3667,273,2148
2346: 2015,2133,938,2988,1846,3951
2347: 1514,3589,329,574,2786,2930
2348: 904,572,1206,2206,2376,1005
2349: 1563,879,1072
2350: 349,1283,3046
2351: 3420,1192,3404,1517,1581,703,2186
2352: 1179,2006,407,706,556,1477,971,2177,2620,2621,2027,3738
2353: 1284,3210,3214,2292,783,1295
2354: 3513,11,1180,1099,691,1962
2355: 2315,3402,518,1926,3186,1360
2356: 3962,1949,3360,1234,484,1136
2357: 2627,1326,3706,1176,835,307
2358: 1570,880,3534,1407,753,1357,2969
2359: 1321,3663,2023,4062,2544,542,1254,3856
2360: 3005,1143,3211,647,599,3354
2361: 2570,1910,886,1817,2102,2806
2362: 3277,2326,482,477,2208,1064
2363: 1025,2410,111,1465,769,3384,3613,3865,1657
2364: 2656,3627,2175,1151,352,3481,1546,3618,1909
2365: 504,671,2937,2894,1334,1699
2366: 2786,852,1080,1676,297,3891
2367: 502,1190,591,1523,2941,3342,455,1584,2790,3215
2368: 1164,3416,1399,2463,838,3383,1162,2574,405,817
2369: 594,1465,1560,433,3865,3301,21,3126,2101,3110
2370: 415,1601,3202,2242,3433,491,2727,560,2339
2371: 3261,275,1779,682,3414,1868,1441
2372: 493,2726,3044,1935,999,1185,2839,456
2373: 1559,1380,3859,1985,305,3995,1275
2374: 85,3135,446,3793,2115,1656
2375: 3137,287,3947
2376: 194,1476,4026,1005,2348,1206
2377: 2777,531,1033,3980,539,3241,3170,361,156,3358,3328
2378: 2742,1711,957,1621
2379: 1719,395,2395,1207,3225,180
2380: 1603,630,3336
2381: 600,2028,267,2989
2382: 3785,1693,1383,355,3756,251,3296,2670,1809,117,3330
2383: 1708,384,523,2245,3976,2830
2384: 258,1117,4029,741,3174,678,3944,2490,2540,3520
2385: 3860,248,3506,2398,2632,1497,2918,1613,131
2386: 3481,3887,1125,622,652,3376,3797,1014
2387: 199,1659,1322,1948,144,3254,1384,2774,101
2388: 1376,3057,3310,1963,359,3917
2389: 1563,3248,1877,241
2390: 1420,3588,655,3490,1382,2237,3723
2391: 2859,2992,1029,2518,3039,1486,557,2086,3315
2392: 1223,1558,3842,1630,641,2956
2393: 104,3199,2711,399,3250,933
2394: 3552,3510,2157,1132,1024,2619,2248
2395: 395,2379,3015,1207,845,1044
2396: 3057,1963,1798,4047,69,4040
2397: 2151,191,442,2010,1457,3087
2398: 3860,1993,248,1510,3506,631,2385,2632,131
2399: 1439,193,302,1193,1295,3459
2400: 1179,706,556,1477,624,3904,2621,2031,149,3889,729,2460
2401: 3764,1045,2522,157,611,561,2651,3307,3189
2402: 1644,78,734,3775,2944
2403: 3217,2321,1548,558,2969,41
2404: 1493,2738,2327,2855,2986,1421
2405: 319,3708,953,1093,1345,3615
2406: 683,3036,2084,525,2199,276,1363,571,346,3264
2407: 3276,905,902,2291,3529,97
2408: 2083,1338,1078,2256,3002,881
2409: 2803,3882,1478,1166,422,2664
2410: 111,433,2363,3865,2642,707,2101,1257,1636,2203
2411: 3930,1940,1433,814,2289,1285,466,3982,3348,1383
2412: 258,1637,1363,4029,3944,3472,436,526,683
2413: 1756,63,120,1929,924,2266,2344,3449
2414: 3207,365,3006,1046,540,140,3554
2415: 1781,1543,2419,1748,3713,294
2416: 713,1323,4015,3013,93,1258,1518,2796,548
2417: 3055,1314,1100,2259,666,1247,2800
2418: 742,3727,4003,470,657,4066
2419: 1183,1543,2415,3561,1748,958
2420: 198,3342,1566,4013,3539,2852,1208,1932,3244,1267,1636,2751
2421: 1187,3198,1997,2495,160,485,2009
2422: 1578,2847,266,1525,4028,2070
2423: 3149,2116,1495,1177,2497,2550
2424: 2779,3867,2922,1141,3935,403
2425: 663,3080,3821,146,818,1892
2426: 1479,3725,3992,54,1369,74
2427: 2021,1247,534,1731,3645,666
2428: 3274,42,1038,3834,1638,2161,954,3162
2429: 68,486,3845
2430: 1494,3014,4015,93,1258,863,1278,2677,3105
2431: 2297,704,3083,4068,1012,1958,3191
2432: 601,2209,1096,2024,2266,1929,2811,494
2433: 625,3934,2560,2515,934,2264,2312,1209,1398
2434: 3776,2498,306,2696,1047,2765
2435: 1338,3839,3002,3133,1422,646
2436: 2883,498,3399,1022,3206,2763,3101,1292
2437: 3361,1756,385,63,3161,2854
2438: 1478,1534,1429,52,3102,487
2439: 1836,3317,3321,619,882,3786,126
2440: 1026,1233,3668,2516,277,3357
2441: 2087,1128,271,3790,731,3921
2442: 1895,894,1094,3681,2661,2925,1178
2443: 519,1379,2105,967,756,3582,2923,1276,3195
2444: 554,1426,1067,2098,1818,2648
2445: 1281,2201,1311,955,1027,711
2446: 1203,3412,1585,2029,3823,3517,2753
2447: 1423,49,1988,322,1597,4004,3502,4063,1709
2448: 4045,1705,3853,1586,1500,4027
2449: 107,1442,3312,937,2238,819,229,2490,2540
2450: 1259,625,3934,1293,447,771,779,2242,3536,3433,3148
2451: 9,1639,3235,1542,967,2923,3122,1023,1753
2452: 632,2951,3770,1634,1973,3022
2453: 1564,3475,3150,651,1239,3857,178,2468,1248
2454: 2233,820,240,1017
2455: 3543,1296,788,1953,3518,2031,2135,729,2460,624,3904
2456: 3729,367,270,4035,2285,658,1819,516,3940,2325,2876,1157
2457: 3171,363,3257,1782,1832,1898
2458: 274,2116,593,1927
2459: 559,4003,3299,829,1713,1687,3366
2460: 3889,729,1790,3462,2455,1179,435,624,2400,3904,2621
2461: 959,2051,2236,2078,1023,1753,2224,635
2462: 2869,217,508,1440,3703,461
2463: 3395,2016,3416,1399,2368,1995,405,817,488,2588
2464: 1186,1139,2693
2465: 2326,2624,1224,1484,2851,1009
2466: 604,1944,2057,3515,17,1113
2467: 174,3558,2623,2646,2555,4079,1313,460,2159,2093
2468: 708,3521,1248,2695,2737,178,2530,2453,1239
2469: 309,1368,2730,1689,2577,2810,2687,2917
2470: 335,1602,2841,872,2741,709,1771,2345,2731,3551
2471: 2702,3034,342,3286,725,1506,602
2472: 1016,2034,1284,2251,3210,1595,284
2473: 65,3894,98,1244,585,2269
2474: 3907,3168,3703,155,3187,996
2475: 2154,499,1330,2334,62,3428
2476: 3595,3213,966,925,1079,2296
2477: 467,247,3702,4041,1454,1028
2478: 3548,1351,2323,1993,262,4080,579,1405,362
2479: 3816,2885,1474,1414,2778,1324,2221
2480: 2895,1820,709,2741,1771,45,3722,1069
2481: 408,3763,1480,2758,803,2736,660,373
2482: 3402,900,1926,4085,1704,3957
2483: 3924,1280,1303,1736,3016,1502,1389,1068,2886
2484: 1481,1434,2334,3300,903,537
2485: 1187,541,3988,469,3494,3996
2486: 2562,822,1860,2863,858,1335
2487: 248,1510,2734,4082,2179,2632,3978,826,89,2993,1211
2488: 1606,95,2147,2748,3854,1795
2489: 519,2641,1964,1482,756,1253
2490: 1796,741,2384,2540,1134,937,229,1442,2449
2491: 1245,922,2671,2309,3414,226,1441
2492: 3442,3733,1236,986,2267,1621
2493: 3876,1770,3508,3082,1681,3798
2494: 2668,1642,1180,662,1996
2495: 1187,2421,541,3639,160,2058
2496: 3136,1288,997,3689,164,2563,3550
2497: 2116,1495,2423,593,7,3811
2498: 1852,306,2434,1337,2971,2765
2499: 1496,1646,3075,2056,1743,4051
2500: 675,2635,3093,421,1807,1616,2113,136,1941,2945
2501: 545,655,572,1206,2611,1673
2502: 3861,3913,860,603,2857,3478,2977,2045
2503: 520,3553,1445,1090,1145,3572
2504: 251,1135,3783,3296,2220,1317,1549,1750,2638
2505: 2649,705,3182,3594,3493,762
2506: 33,1325,2122,808,3614,1695,3849,2320
2507: 1121,1533,2767,3963,404,1987
2508: 1181,1416,3085,3557,1908,24,448
2509: 1189,527,3154,1821,2874,550
2510: 1622,2924,2300,3500,3736,995
2511: 2981,1081,713,386,2566,2866
2512: 970,3850,3135,1253,1964,2072,1656
2513: 1615,439,805,3339,2220,2243,1847,3961,3507
2514: 853,1979,4012,3393,2881,1590,3066,3431
2515: 2560,934,2312,2433,1209,2341,2205,821
2516: 1649,3166,960,277,3668,2440
2517: 268,2271,1712,2643,429,1640
2518: 2391,2859,2992,1029,2263,1083,3179
2519: 488,3452,3643,695,1449,3072,3546,1424,1153,2533
2520: 1858,3090,883,243,2552,973
2521: 861,2873,1936,2572,612,2284
2522: 3764,1975,1200,1045,2401,611,142,18,3189
2523: 1061,2530,2556,2272,2804,4083,1286,1490,389
2524: 1623,3225,2723,1719
2525: 1024,3285,500,1663,3510,418,3346
2526: 3803,1432,3287,673,1624,684,2625
2527: 3502,1857,1709,1597,196,314,2795
2528: 2630,211,2249,2611,3709,353,1673
2529: 815,642,3619,751,1559,1287
2530: 854,1061,379,2523,178,2076,2468,1286,2695
2531: 3423,3700,1555,40
2532: 3058,1871,2029,314,2795,3406,3516,1783,1857
2533: 190,1424,1153,3718,1249,2688,874,2068,2265,2519
2534: 772,3658,2888,696,1816,2302
2535: 230,1136,2809,1878
2536: 740,1802,301,919,437,4076,3970,3704,773
2537: 1761,674,3079,3255,1470,2959
2538: 2864,1252,1785,1250
2539: 1028,968,1955,457,3716,2290
2540: 1117,741,678,2384,2490,107,1442,2449,2976,3520
2541: 2134,51,3527,4031,3587,1030
2542: 1182,1747,1395,275,873,682,3671
2543: 856,3219,607,2703,53,3945
2544: 542,2241,3365,4062,2359,1254,3856,296
2545: 2078,1483,1037,364,2607,2140,972,3771
2546: 1571,3620,265,1999
2547: 2145,1314,1300,884,1185,2726,1903
2548: 374,2667,2838,3297,1443
2549: 157,561,1763,2651,2743,2713,3243
2550: 3734,885,3695,697,1495,2423,1177
2551: 2144,1084,782,2150,125,1764
2552: 2263,973,1083,1746,1858,2520
2553: 645,1326,2589,2870,3052,563
2554: 2895,3604,1625,1820,987,1041,895,224,1069
2555: 979,261,426,4079,1305,2035,3558,2467,2646,2159
2556: 543,1061,3438,379,2523,2211,1618,2272,106,2906
2557: 410,3899,910,633,3871,1264
2558: 998,554,1107,2691,1808,3535
2559: 1531,2081,2096,951,1328,2722
2560: 2515,2264,2433,992,1209,86,3409,1398,2211,1618
2561: 3171,615,363,3759,1900,37
2562: 2486,822,2009,2778,3198,858
2563: 2594,3136,1288,997,930,2496,2048,103
2564: 273,1403,1837,1626,1152,2148,2827,3021,3669,3109,3632,1063
2565: 1097,1694,549,1342,1853,2276
2566: 2239,1114,962,386,2981,2511
2567: 2036,3097,2639,1872,3931,1647
2568: 3013,940,386,93,863,3311,962
2569: 230,3728,1263,3740,1316,827
2570: 1175,1910,2361,3034,886,342,3286
2571: 503,1678,4008,3000,92,212,1502,2228,2812
2572: 1655,1970,294,2284,861,2521
2573: 1289,3050,1404
2574: 1557,3383,613,405,3731,791,1058,2678,3799,2368
2575: 887,1972,2975
2576: 926,3708,1679,3253,1290,2880
2577: 1689,2469,2810,1627,799,3555
2578: 1431,1968,418,2893,2769,1432,1373,1034,183,2625
2579: 3389,1471,1378,2921,1532,3833,3111
2580: 1731,3836,3379,914,2800,634,376
2581: 459,3420,1192,948,1352,3039,175,3565,965,2609
2582: 112,327,718,1672,1891,2854,1611
2583: 2802,351,544,1635,2952,3203,1105,2172
2584: 138,1967,3245,2791
2585: 2145,3055,1929,924,2259,370,1096,3683
2586: 1603,2683,2606,3886,99
2587: 2880,495,2198,582,1679,3746
2588: 817,1566,1524,488,3643,838,707,2016,3416,2463
2589: 2627,1326,3191,1609,1765,2553,3052
2590: 961,2131,1916,1547,321,1036
2591: 34,853,2881,1773,745,489
2592: 188,1977,3204,3609,1130,823
2593: 3390,794,2725,334,1842,3903,1229
2594: 1854,3136,1850,3270,2563,2048,103,3101
2595: 1453,3621,388,3864,3646,1183
2596: 3311,941,2239,3973,1950,962
2597: 3083,1319,406,127,645,2870
2598: 693,1965,299,3900,137,720
2599: 3439,2021,2226,490,1370,3645
2600: 1438,933,844,3335,313,3939,48
2601: 2059,1845,0,3812,2166,1167
2602: 3249,1942,812,2225
2603: 1682,213,3194,2612,1251,2819
2604: 4064,744
2605: 2191,824,1316,2829,637
2606: 2586,3886,1734,3329,3095,99
2607: 2236,2078,4037,1483,2545,807,1037
2608: 207,1043,2342,3831,1905,1370
2609: 175,3565,3039,459,2581,1677,1608
2610: 2301,1742,3975,1475,1101,2757
2611: 2630,2528,2249,545,2501,3709,1673
2612: 213,2603,1749,2698,1251,3925
2613: 604,3053,2703,3662,1170,856
2614: 3813,1112,681,855,2099,2784,59,1631
2615: 1055,776,505,3221,3959,1252
2616: 2684,1935,3353,3475,3150,999,651,850
2617: 511,2826,3964,1107,1327,3303
2618: 3984,1624,578,257,1197,1000
2619: 1024,39,1674,2248,500,2394
2620: 407,556,971,2352,2027,2073,2258,3738,1211,3159,3978
2621: 1179,435,407,706,556,1477,1315,971,2352,2400,3904,2460
2622: 3469,1755,1888,760,2152,936
2623: 1930,174,1344,3323,2467,1436,1425,1313,2915,3656
2624: 2465,1224,1021,1668,3385,1484
2625: 1373,1034,684,1432,2526,1431,2578
2626: 1912,2947,567,3840,573,1225
2627: 1326,1765,2357,2680,2589,307
2628: 1668,3650,1210,1484,754,1032
2629: 1688,1001,1360,3468,3345,3062
2630: 1732,211,2528,2249,3858,2611
2631: 1685,308,3302,474,3322,1194,3456,728
2632: 248,2179,2385,2398,2487,3638,1497,1460,2918,3159,131
2633: 2649,1184,1980,2899,1102,2704
2634: 2142,928,1018,2957,225,3664
2635: 1085,1212,675,810,3445,1279,3362,2170,2500,3093,421,2113
2636: 1328,3567,692,586,3670,64
2637: 161,731,3652,271,1312,1065
2638: 1147,1549,117,1750,2218,3704,2732,3783,3296,2504
2639: 2036,1872,2567,3780,90,1132
2640: 4002,91,1046,1202,3584,981
2641: 3049,756,2489,668,3801,1253,66
2642: 2410,433,3865,2852,3126,707,2016,1995,2101,1636,2203
2643: 2517,1299,2271,1640,654,3493
2644: 3172,1650,1757,440,956,2338
2645: 1127,3779,605,2770,501,2053
2646: 1930,174,2035,698,3558,1320,1641,1344,2467,3990,2555
2647: 3806,221,3487,1403,1837,1626,1152,2335,2827,2303,366,3489
2648: 113,2709,1818,3421,2444,1426
2649: 2278,1184,2633,705,2899,2505,3594
2650: 1259,1961,2752,1293,173,1469,1004,3348,491,1601
2651: 157,1978,561,1587,1763,3308,2549,3307,2401
2652: 1588,1901,400,646,2083,3002
2653: 3459,1675,2103,2121,1859,1193
2654: 3754,387,911,3041
2655: 1371,3332,354,3732,3942,1737
2656: 3861,3913,3627,2364,150,352,594,1137,1560,3301
2657: 1384,3547,3024,1635,732,4084,263,3397
2658: 745,2308,3678,585,702,2269
2659: 323,3776,244,306,3766,888
2660: 1031,474,4089,3387,1994,3614,1695,1726,906,3091,1098
2661: 3800,1767,2974,2306,295,2925,1895,2442
2662: 516,3244,1257,2325,2876,111,3613,367,4035,1657
2663: 176,3305,453
2664: 3882,2409,1478,1353,2336,487
2665: 2013,974,2052,2699,2232,492
2666: 1527,635,1173,2277,803,1733,1983,3868,3778,1803
2667: 374,606,2548,2838,1215,3818
2668: 2200,1642,2494
2669: 1354,528,1835,3146,3176,898,2136,4094
2670: 1615,1308,251,1135,975,3139,355,2382,3756
2671: 1245,2491,1727,3519,226,61,1441
2672: 1514,3589,2230,2240,862,2706
2673: 935,1991,2762,3464,1810,1400
2674: 1372,1893,3910,413,1222,2204,3837,252,2294,1164,867
2675: 3881,3945,770,332,607,1348
2676: 214,1097,1694,2787,4022,2149
2677: 3843,3482,1278,3450,3014,2430,863
2678: 281,791,1058,3799,1557,613,2574,405
2679: 3481,3887,1255,237,652,2740,3573,3583
2680: 2627,1765,3269,307,969,2063
2681: 3869,792,3785,1693,851,2343,3687,1318
2682: 177,8,3157,1572,3281,3819
2683: 1603,2586,630,685,1883,99
2684: 1935,3353,2616,999,1185,1300,850,2100
2685: 2056,339,1448,2840,2097,1628
2686: 3648,3802,3190,1254,1830,88,1321
2687: 1592,608,309,1368,2146,2469,1154,47
2688: 3546,190,1424,1153,1058,2533,3718,2265,695
2689: 1930,698,1320,857,1344,3323,1436,2132,2310
2690: 3659,1793,833,2280,3170,1528,1138,232,3822,3328
2691: 998,2558,1751,388,197,3535
2692: 390,2855,2013,1822,2094,553
2693: 507,375,3377,2464,1186,1139
2694: 3688,982,3045,2967,2970,976
2695: 4083,2468,708,1248,1286,2737,178,2530,1239
2696: 3776,2434,566,1047,3183,2934,1062
2697: 312,1629,1120,3752,947,3040,1547,3104
2698: 1749,223,151,2612,3925,397
2699: 2665,2052,218,492,1262,3636
2700: 2828,3820,892,1740,1103
2701: 1887,239,2115,3601,3300,215
2702: 1066,2471,342,1835,3146,602
2703: 1170,2613,2543,856,53,3071
2704: 445,1937,1291,1102,2633,2899
2705: 1710,3602,1397,3401,3193,3937
2706: 735,862,2067,1604,2672,2240
2707: 3067,165,506,521,3120,1230,483,1540
2708: 898,718,1354,1213,3176,3180,1891
2709: 1931,3096,113,126,1818,2648
2710: 202,3816,1474,793,1270,1889,3782
2711: 1794,104,2393,933,3939,1140
2712: 835,307,3426,1890,1825,969
2713: 2743,3443,1444,1986,4010,1763,2549
2714: 3922,1969,663,3821,1266,2845
2715: 2,650,2859,1486,2813,3437,108
2716: 1302,1049,216,3983,3667,2771,2032,1553,3629,522
2717: 2826,197,1048,3226,3535,82
2718: 337,2798,3081,1485,712,2916
2719: 3764,774,1045,719,561,1375,617,3243
2720: 1834,3655,1876,701,220,3319
2721: 1188,917,2061,1356,765,1002
2722: 1328,333,692,1531,2559,1294
2723: 3167,1719,2524
2724: 2004,2979,3719,889,2844,3909
2725: 3390,3343,794,2794,2593,1298
2726: 493,3044,3123,2372,1903,999,1185,2547
2727: 3129,3525,560,2339,2732,1343,415,3202,2370
2728: 3758,3316,3158,929,1834,3655
2729: 747,1700,2950,4034,754,1032
2730: 309,1797,2469,2810,1154,722,2069,3065
2731: 686,3979,1195,3632,1771,2345,3551,2470,335,3109,872,2741
2732: 1147,3129,1310,117,2727,1750,2218,3330,560,2638,3982
2733: 2755,1375,1303,1736,2000,617,3243,77,3016,719
2734: 636,1510,631,4082,2487,3978,826,1447,2993,3051
2735: 3340,315,4011,3580,2933,610,2196,1003
2736: 408,3763,1480,2481,2758,1716,373,1033,539
2737: 2468,708,3521,1906,1248,2030,2695
2738: 2404,2327,2986,664,3928,1394
2739: 2255,1966,3767,241,3635,2253
2740: 3887,1255,119,2679,652,3573,3030,343
2741: 2470,1602,1820,709,2480,1771,2731,45,3722
2742: 154,2378,2153,1711,3038
2743: 3443,1444,2713,561,1763,2549,617,3243
2744: 1303,2909,2000,617,336,3443,1444,2976,3520
2745: 1592,608,1154,4077,12,3192,2310,857
2746: 3741,1982,942,785,1605,3915
2747: 1093,188,1977,3672,1369,74
2748: 95,419,2488,4068,1795,3191,1609
2749: 3727,787,1385,470,2822,179,1104
2750: 1712,598,3773,476,3564,768
2751: 1208,1932,1267,2001,198,3342,2420,3539,455
2752: 625,1620,1961,934,2650,1293,2312,1940,1004
2753: 577,3517,158,118,3823,2446,1203
2754: 2860,2981,1081,2011,1355,3246,368
2755: 1375,1736,77,2733,3016,3677,719,1829
2756: 1373,1034,2137,3690,183,1550
2757: 1475,1101,3375,1019,746,2307,2610
2758: 408,2481,2736,1716,1033,3980,1379,3582
2759: 28,2898,1419,3920,2037,2252
2760: 78,2007,2082,890,2229,688
2761: 1402,67,347,3313,3499,2162
2762: 2673,1665,935,3464,759,1511
2763: 2883,1391,498,3906,2436,3206,1292,2095
2764: 2114,225,592,2905,1643,1018,2892
2765: 1047,665,2971,4096,2498,2434
2766: 2293,3486,269,562,2904,1788
2767: 2221,1121,2507,1533,858,1335
2768: 3842,3866,633,3871,841,1630
2769: 3073,1431,1968,418,2893,1007,2578
2770: 1127,796,2645,3234,501,1575
2771: 672,3660,2202,2032,20,203,1227,301,522,216,2716
2772: 1133,2216,135,129,170,272
2773: 1761,3544,674,3413,3578,2061
2774: 199,736,1948,3890,2387,3547,1408,1226,2858
2775: 1043,1515,1648,3155,222,3505
2776: 3483,140,797,365,2846,1805,3838
2777: 373,1537,2377,531,1256,3980,539,3241,801,3822
2778: 2479,3198,1324,2221,858,2562
2779: 2900,1839,3867,2922,2424,564
2780: 2133,3591,1959,1077,891,2782
2781: 1526,724,930,2048,3408,3283,1042,1867
2782: 870,2247,2780,3591,891,3644
2783: 3949,1845,1167,1565,338,517,2340
2784: 2614,2008,681,3418,378,1631,616,3107
2785: 1855,3256,3784,167,1720,615
2786: 852,2366,2930,1676,2347,3589
2787: 214,2676,1694,3818,2149,1215
2788: 382,546,1589,1911,2089,3817
2789: 963,3608,83,44
2790: 1683,3570,843,455,869,1584,2071,2367,1267,2001
2791: 2584,138,3245,3527,450,3309
2792: 1181,2983,1897,444,3085,1778,547
2793: 1715,3115,1242,384,3579
2794: 3343,3724,794,1092,2725,1632
2795: 2532,3058,1871,196,314,3516,1783,122,1331,2527
2796: 3380,1396,3814,548,3952,1323,2416,588
2797: 899,1346,3009,1791,3011,420,1595,4067
2798: 3054,337,3081,1501,2718,1428
2799: 4024,3280,1487,1573,3148,2906,447,3098,771,779,3536,3185
2800: 634,228,1731,2580,1100,2417,3710,666
2801: 844,2086,1677,1608,313,3447,425
2802: 351,3347,2583,3612,456,1105,763,2172,3044
2803: 3415,2409,62,1478,1166,1534
2804: 3280,3543,106,2906,3518,1061,2523,2272,4083,1490,389
2805: 1321,3531,3972,1106,293,860,603,88,3583
2806: 2102,3569,1923,1535,2361,886
2807: 1553,3629,3669,1049,3109,3667,273,1403,1063
2808: 1617,2178,291,3540,1888,936
2809: 3784,230,2535,3728,1878,167
2810: 309,1797,2730,1689,2577,2469,1627,2069
2811: 1205,1833,871,494,601,2209,2281,2432
2812: 1678,4008,212,2207,2571,1780,3174,678,3679
2813: 338,3437,2019,2,2936,2715
2814: 1713,417,1665,3533,742,559
2815: 1026,1856,1427,349,3357,3046
2816: 627,1522,2138,1301,1579,3351
2817: 4021,1775,521,1356,3699,3394
2818: 2965,1090,46,3441,3863,1894
2819: 667,1251,1682,2603
2820: 1089,859,980,357,958,3561
2821: 828,931,1594,2956,1223,3181
2822: 1385,2749,1464,179,1541,3750
2823: 998,1067,3509,1751,4056,619,3786
2824: 1900,37,3029,637,827,4072
2825: 1789,1241,3001,1692,3760,2039,1701,3476
2826: 511,2717,3226,2617,3535,1107
2827: 3806,3487,331,273,1403,1837,1626,1152,2148,2564,2647
2828: 2700,1804,3820
2829: 1823,637,4072,824,2605,310
2830: 1700,3976,2851,1708,2383,1009
2831: 3054,2043,530,2943,1108,3291
2832: 1615,1308,975,1391,3906,300,1933,2095
2833: 3800,2974,210,2226,1925,1607,3439
2834: 3787,1934,3379,3720,2279,4090,15
2835: 1412,3692,3070,715,1633
2836: 2275,233,480,1799,781,815
2837: 2152,936,291,3946,3572,520
2838: 2667,2548,2920,1443,3818,549
2839: 1935,3475,999,763,2172,3044,2372,456
2840: 1787,2896,339,1448,2685,3581
2841: 1302,2470,2039,335,1602,1701,3983,3667,3025
2842: 1968,2893,1786,3429,1880,941
2843: 2867,2850,283,2246,669,3730,964,1886
2844: 297,441,3909,1364,889,2724
2845: 402,2026,2231,3530,1969,2714,3821
2846: 3880,1202,775,365,2776,3838
2847: 932,1578,2422,2070,3239,743
2848: 793,296,1027,1414,1281,2241
2849: 3603,1801,135,3061,2216
2850: 2867,3407,2843,1115,2246,669,3563
2851: 1484,754,2465,1009,1700,2830
2852: 198,1566,1524,2420,3539,707,2016,1208,1932,1636,2203,2642
2853: 893,1145,2040,648,1552,3077
2854: 1672,2437,385,1891,3161,2582
2855: 390,1493,2404,2692,1421,553
2856: 217,1440,3117,912,3173,1142
2857: 3861,293,3913,860,603,2175,2502,352
2858: 1408,1226,668,1948,3890,2774,66,3049
2859: 2391,2992,1029,2518,3179,1486,3473,650,2715,3315
2860: 3032,2011,2143,2754,3246,368
2861: 3848,1545,2141,235,728,3322,1109,3378,3456
2862: 893,2040,1394,2324,2327,1150
2863: 2486,1216,1860,3653,1335,278
2864: 1252,2538,776
2865: 750,1374,416,4078,2034,1992,3284
2866: 710,3380,548,713,1081,2511
2867: 2843,2850,2246,669,964,1513,1886,3563,3385
2868: 496,795,2295,1386
2869: 1784,2462,508,2994,3703,155
2870: 645,2553,406,2597,1824,563
2871: 689,1922,1050,3076,504,1306
2872: 1785,3795,600
2873: 2521,1936,3835,612,1124,3879
2874: 2509,326,3154,550,1376,3310
2875: 133,1570,3292,880,3616,391
2876: 1819,516,3940,3244,644,2662,1267,2325,869,3729,367,2456
2877: 1918,442,3537,524,3810,1980
2878: 299,1204,3363,2041,2296,3595
2879: 3095,445,1102,1722,524,3329
2880: 2587,2198,2576,1679,201,1290
2881: 853,4012,2514,2591,1590,3127,1773,745
2882: 3337,3988,1311,3344,541,2058
2883: 3399,1022,2436,2763,3919,1292,1954,324,4038
2884: 3684,1268,441,4019,1364,1035,3530
2885: 2479,1027,1414,3639,711,1324
2886: 1557,613,1389,3630,2060,1068,3731,2483
2887: 425,2223,175,950,3565,965,1144,246,1352
2888: 2534,772,139,3658,3532,1690
2889: 1367,2142,928,440,956,1051
2890: 2151,1725,3242,1155,2127,832
2891: 966,3258,1439,783,1079,451
2892: 1592,2146,1924,1643,592,12,2764
2893: 3073,1968,2769,1007,2578,2842,1786
2894: 1110,621,1334,3076,504,2365
2895: 1625,1789,1820,709,2480,2554,224,3722,1069
2896: 2110,1787,765,1448,2840,1002
2897: 1951,3938,1697,670,3883,3986
2898: 3920,2037,2759,3999,1916,1036
2899: 2649,1184,2633,3594,1937,2704,3491
2900: 1839,1826,2779,564,3004,3824
2901: 3512,1588,2293,269,2262,1057
2902: 866,1133,861,2216,1936,3061
2903: 3772,1842,234,1536,3903,3338
2904: 3427,1855,1788,562,2766,565
2905: 2142,1643,3370,3059,1018,687,1924,581,340,2764
2906: 3280,1487,106,2799,3148,2804,447,543,3438,2556,2272
2907: 3724,1632,3389,320,3851,1532
2908: 1054,4055,818,799,3555,3295,1892
2909: 1303,1736,2000,617,2744,336,2976,570,212,2228
2910: 141,1333,3579,2295,1111,2245
2911: 185,449,3566,428,1387,1413
2912: 3661,2168,1593,310,923,3266
2913: 1708,3863,477,614,523,1064
2914: 676,49,322,3114,1537,3333,1256,4004
2915: 672,1425,3660,2202,460,1938,4092,2032,3656,2623,203,984
2916: 205,1461,3422,712,2718,1485
2917: 3901,146,2231,47,1892,1368,1689,2469
2918: 3638,1497,431,3159,248,2385,2632,3333,801,1613,131
2919: 1745,3958,29,3084,937,2238,819
2920: 864,1853,1443,3086,549,2838
2921: 1912,573,1532,3111,2579,3851,3355
2922: 1839,2779,2424,638,1141,2244
2923: 519,1542,1379,2443,1482,967,3582,3195,2451
2924: 2943,2042,1622,2510,995,2043
2925: 2974,2306,2661,1895,2442,3681,444,1178
2926: 1015,3726,464,254,3892,1939,876
2927: 3808,3304,1766,595,1776,1686
2928: 1710,3193,1359,14,1052,3288
2929: 3078,1754,1915,412,344,3142
2930: 2786,852,1844,2194,2347,574
2931: 755,1721,280,133,3616,3905
2932: 3283,1867,2274,300,1933,1217,1391,2313
2933: 3497,1956,1971,610,2196,2288,2735
2934: 1805,2286,1062,1758,797,566,2696
2935: 2164,236,1893,3910,413,3094,2045,3434,1222,2977
2936: 968,2,1565,2119,338,2813
2937: 504,671,423,1306,3038,2365
2938: 190,281,3651,3718,1249,503,2227,895
2939: 1874,3256,406,1824,615,3759
2940: 761,700,1664,1896,1070,3971,3478
2941: 502,1190,2367,198,411,3342,3072,455
2942: 3752,947,1547,321,952,3541,1112,855,2099
2943: 187,2042,2924,2043,2831,1108
2944: 1801,2402,734
2945: 515,136,1941,1807,1616,3916,116,345,2500
2946: 472,1411,1645,3598,3158,677
2947: 2626,1917,567,184,1225,249,3538
2948: 3694,555,4009,2002,712,3081
2949: 1322,144,896,101,2209,536,1833
2950: 747,2729,1700,1111,1386,3976
2951: 632,4064,2452,1957,1634
2952: 351,544,1388,3024,1635,2156,2583,3612,1362
2953: 3598,3758,427,830,3103,100
2954: 3961,568,2090,3715,3507,2984,2243,1847
2955: 1498,1400,3419,935,1806,35
2956: 3073,1594,641,1223,2392,2821
2957: 928,2634,2301,225,3664,1475,1071
2958: 20,568,1227,1260,55,1317,2090,3507,3936
2959: 2537,3079,3255,6,944,1861,3514
2960: 303,32,720,1965,3371,73
2961: 1528,1138,2258,232,435,2006,407,3012,833,2280
2962: 1168,1884,3950,1082,3458,396
2963: 168,3734,1492,409,3149,1177
2964: 2074,341,3019,2017,1377,3484
2965: 2818,3441,1894,1942,812,289
2966: 1161,639,1325,3577,808,1025,1137,769
2967: 182,2003,638,2970,982,2694
2968: 3686,1157,1551,1873,1446,3495,3023,58,1088,2050,3729
2969: 2321,2403,2358,3534,41,1357
2970: 2244,976,1815,638,2967,2694
2971: 4096,19,2765,699,2498,1337,3216
2972: 1538,3762,1742,3975,4058,468
2973: 978,3378,3406,878,235,3232,1262
2974: 3800,2306,2661,3557,295,2833,2925,1925
2975: 4086,2575,1972,3828
2976: 107,336,3520,1117,2540,570,2228,2909,2744
2977: 3861,3913,603,2502,3478,2935,1896,3094,2045
2978: 1353,750,3144,487,807,1037,3102
2979: 70,3332,2724,1723,2004,3909
2980: 3427,1874,1788,127,3912,3788
2981: 1081,2754,368,2511,2566,1114
2982: 1072,3735,3567,333,692,1199
2983: 4054,3870,1897,1778,547,2792,1984,811
2984: 990,2079,443,1131,1847,3961,2954,3715
2985: 3889,279,1790,3003,3462,435,3012,777,2280
2986: 1228,87,664,1421,2404,2738
2987: 3067,1014,1123,3120,1540,288,3160,3797
2988: 2133,3498,938,1959,2346,3845
2989: 267,2215,3605,1010,2028,2381
2990: 1304,3955,589,181,1435,3331
2991: 3866,1499,1128,3268,1612,3921
2992: 1156,2391,2859,2263,2518,3039,459,557
2993: 1974,826,1447,3051,169,636,2734,4082,2487,1551
2994: 1231,23,3411,155,1784,2869
2995: 3274,42,3105,3208,1494,1258,1518
2996: 3007,2005,1707,1529,392,1519,2107
2997: 1832,576,3230,3706,835,1825
2998: 1823,37,4072,363,1509,1898
2999: 3922,1567,3112,3262,3107,2008,2163
3000: 503,1678,4008,92,3140,1502,2227,2571,1280,3651
3001: 346,1789,1820,1241,709,2825,2039,1602,1701
3002: 2083,1338,2435,2408,2652,646
3003: 279,1790,628,2180,2985,3099,3141,3462,3825,3765
3004: 176,3305,1521,2900,1826,564
3005: 285,1143,3211,2360,1648,3831
3006: 3207,4002,1456,2414,1046
3007: 2005,392,590,3829,1519,2996
3008: 2283,1568,7,3451,1174,353
3009: 899,3647,1346,497,2797,420,1595,284
3010: 1500,264
3011: 1203,3412,1696,1791,2185,899,1346,3517,2797,4067
3012: 777,1282,2280,3889,2985,435,2006,706,2961,232
3013: 713,4015,2416,386,93,2568,548
3014: 1494,4015,2430,863,369,1278,2677,1038,3105
3015: 1013,395,2395,1899,3649,1044
3016: 2755,1736,2000,2483,77,2733,3677,1389,2060
3017: 3238,1966,640,3767,105,1401
3018: 311,1745,3840,4010,2117,865
3019: 372,2017,3757,3622,2964,341
3020: 3965,358,1218,3721,1505,3143
3021: 331,1626,1152,2148,1792,2564,60,3632,1813,1946,4043
3022: 3867,564,2452,3770,1521,1973
3023: 1157,2968,227,1446,3495,58,3729,3707,2285
3024: 1635,2156,2952,1362,732,4084,1384,101,3547,2657
3025: 672,1692,4092,2032,1701,216,3983,2841,3476
3026: 410,2124,1207,845,1698,3943
3027: 673,1504,1000,813,3634,430
3028: 890,304,2007,3089,1569,4006
3029: 2824,1900,827,3728,167,1720
3030: 1539,343,4053,2123,3887,1125,2740
3031: 3509,1453,3621,3885,35,4056
3032: 2860,2143,368,1073,253,22
3033: 3931,1647,3265,2321,393,558,1575
3034: 2570,1910,2471,342,3286,725
3035: 1762,1409,683,3036,1341,525,2093,4079,3562,1305
3036: 683,2084,1341,525,2093,276,583,3035,2406,3472
3037: 1921,3902,842,4071,1463,4001,1917
3038: 2153,1711,423,2937,1306,2742
3039: 1156,2391,2992,459,2581,557,1608,2609
3040: 3752,2131,947,3564,1547,312,2697,1120
3041: 670,911,721,3883,2654,387
3042: 502,1190,515,1596,3231,1523,136,1941,3916,2068,3072
3043: 1496,50,977,1646,3236,1011
3044: 493,2726,2372,1827,2839,2802,3347,456
3045: 1843,3688,1390,2694,976,192
3046: 1283,2092,349,1856,2815,2350
3047: 1940,1433,814,1285,3348,2268,3855,2165,25,1774,1620
3048: 686,3979,316,1195,1807,3350,3551,1616,116,3373,345
3049: 2641,2105,756,3890,1408,668,2858,3801,66
3050: 748,1119,3717,1404,2573
3051: 1974,1447,2993,3777,169,1088,3467,636,2734,3398,1551
3052: 645,3191,1609,2589,2553,1012
3053: 1680,604,1944,1170,4046,2613
3054: 337,2798,2043,2831,1501,530
3055: 2145,1314,2417,2259,2585,370,3683
3056: 1423,3769,1735,322,1597,3356,3888,3169,196
3057: 2388,1963,2396,3917,1219,1798
3058: 2532,1871,2029,3823,314,2795,118,3932,1857
3059: 2905,3370,3654,687,3560,581,340
3060: 2190,3130,901,839,3847
3061: 2849,866,2902,2216
3062: 3468,1340,2318,575,2629,1001
3063: 686,316,60,3632,1813,3350,1616,810,4043,2171,421
3064: 2189,1404,3121,4023,1289,991
3065: 722,3192,1831,1131,2069,309,1797,2730,1154
3066: 3848,1759,714,1590,2141,3223,3431,2514
3067: 1014,2707,2987,3877,165,506,3120,1540
3068: 1571,985,1479,3725
3069: 425,950,3471,1144,757,1406,3260,3368
3070: 3989,715,1633,3951,1849,2835
3071: 1053,2212,2703,1170,53,4061
3072: 411,3452,2519,4013,1449,502,1190,3231,3042,2941
3073: 2893,2769,1007,1594,641,1786,2956
3074: 3334,3926,1561,780,102,2235,3872,920,3362,1580
3075: 1879,1646,1544,2499,1743,163
3076: 1922,2871,1415,2894,1110,504
3077: 1145,2853,648,3277,3553,2208
3078: 3137,1754,2929,412
3079: 674,2537,2959,119,944,43
3080: 1567,2425,663,1220,1054,200,818
3081: 2798,2718,1428,712,555,2948
3082: 1681,64,951,1770,2493,3222
3083: 2597,2297,2431,1319,1012,645
3084: 2044,1841,3958,29,2919,1056
3085: 1181,444,2508,2792,2306,3557,1908
3086: 1752,3178,1443,864,79,2920
3087: 946,3537,1457,2397,442
3088: 909,3649,4006,304,2155,1899
3089: 1644,2007,3028,1569
3090: 268,1858,81,2520,883,2271
3091: 3707,1726,1098,875,3548,1446,3124,778,4060,2660,3387
3092: 2176,3360,1234,1901,3486,400
3093: 675,810,1279,920,2170,2500,2635,1616,2113,1596,1941
3094: 236,588,2935,1896,413,2045,3434,1070,3913,3478,2977
3095: 2879,445,99,3927,3329,2606
3096: 1931,113,2709,3606,1610,1491,913
3097: 1872,3479,2567,1575,796,1647
3098: 1666,771,4032,366,790,3202,3536,3185,221,1875,2799,1573
3099: 1307,1490,628,389,2180,3003,4083,13
3100: 383,831,2183,2067,1739,1604
3101: 498,103,1022,2436,4005,2594,1850,2186
3102: 52,4037,807,2438,2978,487
3103: 3474,1885,3959,427,2953,100
3104: 3136,997,3270,947,1714,3541,1112,1629,2697
3105: 3274,1038,2995,369,1278,1494,3014,2430
3106: 397,3617,1238,3219,151,1902
3107: 2999,3262,3418,616,2008,681,2784
3108: 3878,3349,932,1578,1189,550
3109: 335,1049,872,3667,2807,3669,273,2564,3632,1063,2345,2731
3110: 2164,413,1222,2294,21,3126,867,594,2369
3111: 1074,2921,573,1532,3833,1471,2579
3112: 1567,2999,1220,2008,2163,394,806
3113: 642,3282,2275,2304,1229,3390
3114: 676,3769,49,322,131,2914,943,3860,1537,3333,1613
3115: 1715,2225,2793,2257,1242
3116: 535,874,1358,3373,2068,2197,2265,3697,1249
3117: 3227,179,217,1541,2856,3173
3118: 3801,446,2182,66,1458,1020,736,3254,3890
3119: 3156,3201,1040,436,4044,526,1637,3944
3120: 3067,2707,2987,3877,1123,506,288,3160,1994
3121: 1146,3064,3717,1404,32,4023
3122: 1527,3763,3195,1542,2451,1753,2224
3123: 493,2726,1096,2024,3683,1903,2145
3124: 579,1658,778,4060,875,3548,3707,3091,3387
3125: 3251,76,723,822,1577,1860
3126: 21,867,3395,2016,3416,1399,1995,2101,3110,2369,2642
3127: 1759,1590,2881,3994,218,1773,702
3128: 3216,1652,816,2333,422,2066
3129: 1147,3525,1310,2727,1750,2218,560,2732,773,415
3130: 3060,1869,507,3377,2190,1078,839
3131: 3221,3768,1885,428,449
3132: 149,3744,643,3841,758,3229,3453,1085,458,3445,206,1129
3133: 784,2047,1422,30,2435,3839
3134: 618,3410,2049,3987,1828,98
3135: 3801,1253,446,2374,1964,1656,2512
3136: 1854,2594,1850,997,3104,3270,2496,2563
3137: 3078,3947,1754,2375
3138: 1039,632,584,3770
3139: 1615,1308,251,1135,975,805,3339,2670,2220
3140: 503,3000,1502,3924,1280,281,791,3651
3141: 279,628,2180,3003,1148,3825,13,31,1430,462,3765
3142: 344,749,1312,2929,1915,1065
3143: 1272,3469,1755,1505,358,3020
3144: 2978,750,1374,993,807,1037
3145: 1408,1226,361,1863,3397,1276,1716,668,3358,3545
3146: 528,3396,1835,602,2669,2702
3147: 653,1245,922,2311,3953,414
3148: 4024,1487,106,2799,2906,2450,447,779,3536,543,1618
3149: 274,2116,2423,1177,2963,409
3150: 3353,2453,1564,2616,24,651,448,1416
3151: 3227,1784,1104,508,2330,1530
3152: 3234,1149,716,501,1407,2128
3153: 3334,3926,1561,89,780,102,2073,206,1315,971,2177,1129
3154: 2509,527,2874,3820,1376,1103
3155: 285,1648,2775,3774,3505,2063
3156: 809,1040,2109,3119,1777,4044,2129
3157: 4033,177,2682,1572,1271,378
3158: 3598,3758,3316,677,2728,2946
3159: 2258,3738,1497,1460,431,2918,1211,2620,248,2179,2632,3978
3160: 1246,288,800,3376,3797,1014,2987,3120
3161: 3180,1756,2437,1891,2854,120
3162: 834,3677,3240,77,1829,2428,1038,3834,1638
3163: 1742,4058,233,781,1101,1452
3164: 509,70,1723,3732,616,1266,3262
3165: 4007,1282,1507,1793,833,462,3748,3600
3166: 1649,2286,3838,2516,775,960
3167: 2723,1013,1719,395
3168: 3907,155,2474,1843,23,1390
3169: 122,1405,1685,3356,1331,2173,3888,362,3056,196
3170: 1138,431,232,3822,3659,2690,156,3328,2377,531,801
3171: 661,2457,363,3759,2561,3257
3172: 1650,2111,996,2644,2046,1757
3173: 733,3827,1142,3117,1541,2856
3174: 258,1117,1780,678,2384,570,212,2228,2812
3175: 1794,3854,3832,623,690,1606
3176: 1354,528,3396,1213,228,2669,1100,738,3710,2708
3177: 3282,751,1380,3685,1298,649
3178: 2012,1752,3086,3248,3635,79
3179: 2859,1029,3593,2518,1083,1858,1198,3473
3180: 1891,3161,1213,120,738,2708
3181: 3973,1950,3435,1594,828,2821
3182: 705,2505,1904,3675,1640,3493
3183: 1047,665,1168,566,396,2696
3184: 1189,1821,1075,963,3608,3878
3185: 3098,4032,779,366,790,3536,4024,1487,788,2799,1573,1812
3186: 2315,518,2355,2181,3490,1611
3187: 1339,1650,3703,461,2474,996
3188: 125,2054,1365,348,782,3575
3189: 142,3690,18,1550,4095,611,3764,1975,2401,2522
3190: 2686,3802,1830,944,3514,1255,3573
3191: 1609,2589,3052,2431,4068,1012,1795,419,2748
3192: 1831,2132,3065,2310,608,2745,1154,857
3193: 1710,2705,1397,752,1359,2928
3194: 1717,1682,213,3200,2603,3272
3195: 1527,3122,408,3763,1542,1379,2443,2923
3196: 3424,1574,979,426,3665,916,208,2035
3197: 1228,87,1990,4050,1859,3897
3198: 2421,160,1324,2778,2562,822,2009
3199: 104,3844,2393,3372,1864,3250
3200: 1717,3194,3272,721,121,1163
3201: 3796,809,1040,1134,837,436,3119,2238,1796,3944
3202: 1666,3098,771,415,790,1601,3489,2242,2370,2727
3203: 31,544,2583,1105,1362,1430,1148,1906,3825
3204: 2592,3609,4000,3766,1130,656
3205: 1960,852,1309,1080,2194,473
3206: 1583,1391,498,103,2313,3906,2436,2763
3207: 1456,3006,2414,540,876,1015,3726
3208: 3274,42,510,954,2995,1258,1518,3910,1418,3814
3209: 859,958,1543,1848
3210: 1016,1284,989,2472,2292,2353
3211: 3005,285,2360,1651,3228,647
3212: 912,233,1142,1799,3762,4058
3213: 4016,693,1976,3595,2476,925
3214: 1284,2353,416,3284,3258,783
3215: 1683,843,455,1584,3981,1580,920,502,591,1523,2367
3216: 1652,3128,2971,699,2066,1337
3217: 1548,2403,2250,41,1728,813
3218: 2114,225,1702,3664,3874,1718,746,71,1071
3219: 2543,3617,3106,1238,856,607
3220: 2200,795,1642,11,747,4034
3221: 3131,1885,3959,2615,449,1250,1252
3222: 1770,3652,529,3670,3082,64
3223: 3848,1759,3636,1590,2141,3066,878,235
3224: 1864,517,2340,1503,3250,2019
3225: 2524,1623,3392,180,1719,2379
3226: 511,612,2717,2826,1048,1124
3227: 179,1104,3151,217,508,3117
3228: 4073,2106,1651,647,382,3211
3229: 130,3846,3744,643,3841,758,1946,1232,3132,3453,458,4043
3230: 1512,2997,576,181,1825,3405
3231: 502,1190,515,136,3042,2068,1424,3452,1449,3072
3232: 3,1116,569,978,2973,2052,1262
3233: 3375,1619,208,746,3914,2307,1076,1574,916
3234: 1149,501,3152,1575,2770,393
3235: 2451,2154,970,9,3850,1639,371
3236: 3043,50,4009,1646,2002,1544
3237: 372,575,1205,3622,2344,871,2318,1724,1340
3238: 3017,640,105,1727,2081,915
3239: 1598,743,326,2112,932,2847
3240: 834,3677,512,1200,369,3162,1038,1638
3241: 1393,2777,373,1537,2377,3333,1256,539,801,4004,1480
3242: 907,2314,2010,1155,2151,2890
3243: 1375,617,2733,2743,3443,561,2549,2719,1045
3244: 1208,516,1932,1257,644,2662,1267,1636,2203,2876,2420
3245: 2584,1967,2791,2174,450,1450,1077
3246: 2860,2011,1779,873,682,2143,2754
3247: 398,3808,1766,1838,3739,679
3248: 2389,241,3635,2012,3178
3249: 939,2602,3625,1942
3250: 1864,399,1503,3224,3199,2393
3251: 76,2188,822,3125,2009,1997
3252: 1684,830,1411,4036,3455,1555
3253: 1679,2217,659,2576,926,1084
3254: 1659,736,1377,1948,3890,2387,2017,3118,2182
3255: 3381,2537,3991,1470,2959,1861
3256: 3427,1874,1855,2785,2939,1720,615
3257: 661,3706,3171,2457,1176,1832
3258: 2891,783,3214,3985,451,3284
3259: 205,1461,259,3326,3501,786
3260: 3340,315,1406,3368,3069,3471,757
3261: 2371,1395,275,2201,1086,1868,955
3262: 3922,1266,2999,3107,3164,616,2008
3263: 87,1421,3897,553,219,478
3264: 571,346,3436,1241,2084,2199,276,2406,3679,2075
3265: 3931,3033,1548,1265,1913,558
3266: 2331,923,824,2912,310
3267: 1060,2229,688,1059,513,145
3268: 1612,114,931,1451,1499,2991
3269: 3774,419,1576,1609,1765,2680,2063
3270: 1854,2594,3136,997,3104,947,1462,1629
3271: 1951,121,1402,1392,3272,2162
3272: 213,3200,3194,1392,121,3271
3273: 471,1488,4030
3274: 2428,42,1038,3105,3208,1638,2995,369
3275: 1191,3992,54,897,2088
3276: 2407,902,1876,701,3529,2254
3277: 482,2362,3568,648,3077,2208
3278: 4014,849,2077,1760,318,1366
3279: 1393,373,1537,4004,1988,1480,660,3751
3280: 4024,3543,1296,1487,788,106,1953,2799,1573,2906,3518,2804
3281: 177,2682,1838,4093,3819,679
3282: 642,751,3177,3113,1229,3390,1298
3283: 2932,3559,1042,1867,2274,231,724,2781,3408
3284: 3985,1992,416,2865,3214,3258
3285: 1432,3287,2525,500,1431,418
3286: 2279,330,3712,772,725,2570,1910,3034,2471
3287: 3285,3803,1432,1674,2526,500,1431
3288: 254,3957,4085,14,1359,2928
3289: 744,726,4064,3917,1219,1957
3290: 893,3946,1552,1394,587,3928
3291: 3513,1108,3791,691,2831,530
3292: 2875,1570,3616,128,280,3902,1463
3293: 2268,3624,189,1318,792,3687,1433,814
3294: 784,3623,4041,1455,2119,1955
3295: 1526,2908,1054,4055,200,818,799,3550,1288
3296: 251,1135,2504,2382,1549,117,1750,3330,2638
3297: 1752,1443,2548
3298: 3956,4030,680,2033,10
3299: 1385,4003,2459,1464,829,3366
3300: 2484,239,1481,2701,1434,215
3301: 1025,1465,1137,1560,3384,2369,2656,3627,150,1151
3302: 1685,308,778,2173,2631,4060,474,3387,1194,2219
3303: 1327,2128,753,3964,2617,452
3304: 3808,1686,2927,1075,3878,132,3349
3305: 176,2663,3004,453,3692,1826
3306: 1119,495,582,3900,1146,3717,137
3307: 157,611,1587,2651,3308,3542,2401
3308: 157,1978,1225,249,1587,1763,2651,3307,3633,3542
3309: 727,4031,138,2791,3527
3310: 1376,2388,2112,1963,326,2874
3311: 941,2596,962,3429,940,2568
3312: 107,1442,1444,2449,1986,2117,1745,937,819
3313: 2761,1402,1435,67,3807,3986
3314: 1165,1519,2107,3544,454,1928
3315: 557,2086,1907,2391,2859,1486,108
3316: 3158,677,929,2728,1577,1216
3317: 1713,2439,1687,3321,882,2085
3318: 3503,755,350,1721,1378,3599
3319: 1459,220,701,2720,785,3915
3320: 1943,3666,1410,162
3321: 1713,2439,417,3637,1836,3317
3322: 3523,3657,1194,2219,2631,1545,2022,2861,728
3323: 1930,1344,2623,2689,1436,990,443,1131,2132,2310,984
3324: 1504,1197,3633,184,3488,3538
3325: 1235,828,114,3571,1466,3435
3326: 3259,3501,786,1529,392,1662
3327: 38,2089,1744,1467,3817,4059
3328: 361,1863,156,3659,2690,1507,3170,3822,2377,531,3980
3329: 2184,1722,1734,2606,2879,3095
3330: 1310,117,1750,560,2732,2382,3296,1809,466,3982
3331: 1435,696,3807,2990,1512,589,181
3332: 1371,1723,3732,2004,2979,2655
3333: 1537,1256,3241,801,1613,2918,3114,131,2914
3334: 3926,102,3074,3153,3744,1085,458,1279,206,2177,1129
3335: 2600,933,844,1907,313,399,1614
3336: 375,1468,2380,630,1186
3337: 1086,1311,2882,551,3344,3682,955
3338: 2903,3750,234,1536,1730,733
3339: 1615,2513,805,3139,802,3761,1933,3923,2243,3961
3340: 315,4011,25,3580,1774,3260,2735,3368,610
3341: 2308,585,1862,3966,1738,3504,3894
3342: 198,411,4013,2420,2367,2941,455,2751,2001
3343: 3724,2794,1159,2725,1298,649
3344: 3337,3988,2882,532,551,3682,1269
3345: 3468,3524,1052,1688,2629,14
3346: 418,1007,641,2525,1663,1558
3347: 2802,351,3612,456,3044,2281,1827
3348: 1940,1469,2289,1285,466,1004,2411,3047,2650
3349: 3878,3108,132,1578,266,3304
3350: 686,316,3063,1807,3048,1616,675,421
3351: 1060,1579,3997,145,2816,1301
3352: 1095,2247,1530,3364,2038,2330
3353: 2684,2616,3150,24,651,448,850,2316
3354: 1767,599,295,647,1589,2360
3355: 3851,311,1841,29,1912,2921,1532
3356: 122,1331,3888,3169,1597,3056,196
3357: 1427,1243,277,1026,2440,2815
3358: 361,1863,1276,1716,156,3545,3145,2377,1033,3980,3582
3359: 4024,1296,788,1953,1573,4032,130,2031,1812,3841,3611,2135
3360: 3092,2176,1949,1017,2356,1234
3361: 1350,2318,2437,385,63,1724,2344
3362: 1085,1279,920,2170,2635,3926,102,2235,3074,3981
3363: 2878,2217,1204,659,3747,2041
3364: 657,110,2038,3352,2330,3727,787
3365: 1182,2544,1281,1395,542,2201,2241
3366: 401,3772,1536,3299,2459,1464,829
3367: 2160,2299,577,1803,1733,158,1983
3368: 3340,2268,315,1406,1774,3260,3624,3069
3369: 3918,1851,2118,2082,1059,688
3370: 1367,2905,2142,3059,1018,687
3371: 73,3969,1505,303,2960,3965
3372: 3844,148,3199,1336,1864,1981
3373: 116,3116,1358,45,3722,1069,345,3697,3979,3048
3374: 1865,3554,4042,84,1273,540
3375: 3233,1619,1019,746,2757,2307,1076
3376: 1161,800,3160,3797,622,3618,2386,1909
3377: 1869,507,375,2693,2190,3130
3378: 978,1109,1871,2029,3406,2973,878,235,2861
3379: 3787,2062,2580,1506,2834,914,15,602,376
3380: 2796,710,1489,1396,548,3952,2866,713
3381: 255,3255,3991,1470,3963,404
3382: 538,1473,2074,3484,2337,1020
3383: 1557,1162,1437,613,2574,405,3731,3799,1399,2368
3384: 1025,1465,1137,1560,769,433,2363,3865,3301,639
3385: 3563,1668,1513,2867,669,2624,1021
3386: 921,1866,1299,81,1198,3593
3387: 1031,474,2660,4089,3707,1726,906,3091,3124,4060,3302
3388: 1163,387
3389: 1378,2579,3599,2907,1632,1532
3390: 2593,2725,1298,3903,1229,3282,3113
3391: 626,1118,194,1673,1174,3709
3392: 1623,344,3225,749,180,4
3393: 4021,1775,1703,1979,4012,2514,143,521,1230,483,3693
3394: 1448,1002,2097,1356,4021,1775,2817
3395: 2294,21,3126,1164,867,3416,1399,2463,1162
3396: 528,634,3146,228,602,3176,376
3397: 263,1863,156,3545,3145,1507,4084,3748,2657
3398: 3686,1551,1873,1351,3051,636,262,4082
3399: 2883,1022,2436,3919,3404,1591,1882,1954
3400: 1508,134,1660,57,3492,3444
3401: 3602,2705,918,1397,2213,3601
3402: 1688,2482,900,1926,4085,2355,1360
3403: 1461,786,1472,292,2005,392,590,977
3404: 1192,2351,1591,2186,3399,1022
3405: 1690,3426,1825,1512,3230,3658
3406: 978,1109,2532,3378,1871,2029,3823,2973,569,1585
3407: 2850,1115,555,2246,377,1428
3408: 1583,103,2313,930,2048,2781,3283,1867
3409: 811,1398,3438,2211,1209,2560,86,4054,3870
3410: 3134,2049,1240,1828,3454,2091
3411: 2014,23,694,3631,2994,1231
3412: 3,2446,1203,2185,569,3011,1585,978
3413: 2061,3544,2773,2110,765,1165
3414: 2309,2491,1779,2143,2371,1868,1441
3415: 2803,62,3696,2025,1166,3428
3416: 3126,867,3395,2016,1399,2368,1995,2101,2463,2588
3417: 3723,112,286,2139,2319,1169
3418: 4033,378,1631,354,3732,616,2784,3107
3419: 1498,2955,380,680,1400,4069
3420: 459,2581,1192,948,1352,2351,3549,703,175
3421: 113,2648,1426,350,1721,3905
3422: 1461,712,2916,1472,50,4009
3423: 2531,3700,1055,776
3424: 979,3196,3862,208,3914,2035,1641
3425: 3496,278,902,1876,929,3655
3426: 1690,1890,2018,1825,3405,2712
3427: 2904,1874,2980,1855,3256,1788
3428: 3415,62,3696,2334,2475,537
3429: 2842,3843,1880,940,863,3311,941
3430: 4048,1462,312,94,4005,1854,1850,1581
3431: 3693,714,1590,2141,3066,1979,4012,2514
3432: 1800,153,1738,3504,618,2049
3433: 771,779,790,1601,2242,2370,491,1259,2450,1961,1293
3434: 1372,236,588,1893,2935,3910,1418,3094,2045,3952
3435: 3181,3973,328,828,3325,1466
3436: 571,1625,346,1789,987,3264,2199,2075,1041
3437: 2813,1503,108,2019,1614,2715,1486
3438: 3409,543,1061,1398,379,2211,1618,2556,2264,2906
3439: 1607,80,2021,2599,2226,2833,1925
3440: 1498,380,357,1453,3864
3441: 1445,2965,1090,2818,4039,289
3442: 2492,3585,1236,1711,423,1621
3443: 2743,336,1444,2713,2000,617,2744,3243
3444: 3400,1660,57,798,3511,4088
3445: 1085,1212,810,458,4043,2171,2635,421,1813,758,3132,3453
3446: 1538,3762,1339,461,1440,912
3447: 1438,2801,844,1677,313,425,3471
3448: 1846,182,1849,2167,982,27
3449: 1205,2344,494,1929,2266,1756,63,2413
3450: 2137,3482,1278,18,1550,2677,4095
3451: 2283,7,3811,3008,1919,1361
3452: 411,1524,2519,4013,3643,695,1449,3072,1190,3231
3453: 3841,758,1946,1232,3611,3132,3229,331,1792,1813,3445,4043
3454: 195,3568,2091,3410,1240,186
3455: 3700,505,100,1555,830,3252
3456: 1109,1871,3516,1783,308,2631,2861,728
3457: 4002,1456,3626,91,876,3960,1087
3458: 1082,2020,1865,396,4042,2962
3459: 2653,2103,3540,2399,193,1193
3460: 3819,4018,1669,1691,2125,8
3461: 1367,440,687,831,1739,1757
3462: 3889,1307,279,2460,1790,628,2180,2985,3003,435,777
3463: 3958,1056,2238,159,1985,1134,837,3995
3464: 3587,2673,2762,1810,759,1030
3465: 903,2065,4096,19,1884,537,3696
3466: 1130,1026,1233,1856,823,1329
3467: 3777,169,58,1088,2050,1580,1974,3051,636,3686,1551
3468: 764,3524,3345,3062,1340,2629
3469: 3969,1755,2622,1505,760,3143
3470: 1840,689,4086
3471: 425,3069,950,1438,3447,757,3260
3472: 258,1637,1363,2412,526,1409,683,3036,1341
3473: 1198,457,650,3716,2859,1029,3179
3474: 3768,1459,1885,3103,220,427
3475: 1935,2453,2616,651,2839,763,3521,1248
3476: 2039,1701,3983,672,1692,16,4092,3025,3760,2825
3477: 710,1489,256,1355,3671,2305,2158
3478: 603,2502,2977,1896,3094,1664,1106,2940
3479: 1059,3097,513,1872,3918,796
3480: 1661,770,2214,1348
3481: 622,237,1546,2679,652,2386,1909,2364
3482: 3843,2137,1880,183,1278,3450,2677,863
3483: 140,2020,797,1865,3554,2776
3484: 2182,1020,1377,2074,2964,3382
3485: 1999,748,868
3486: 2293,1901,562,2766,3092,1234
3487: 3806,221,1875,331,1152,2335,2647,2827,4032,366,3611
3488: 1921,4071,3634,1917,184,3538,3324,1504
3489: 1666,415,366,790,3202,3525,1343,2303,3806,221,2647
3490: 1420,904,2390,2237,1611,2315,3186
3491: 238,1937,2899,3594,1196,3590
3492: 2077,1508,832,134,3400,1760
3493: 654,762,3182,2505,1640,2643
3494: 1342,166,469,1187,485,2485
3495: 3686,2968,875,227,1873,1446,3023,2323,1088
3496: 905,3425,278,902,282,3653
3497: 1349,1956,1971,2933,690,1140
3498: 1450,2988,1959,68,927,3845
3499: 609,2102,1923,2162,2761,347
3500: 3741,942,3736,3556,1622,2510
3501: 3259,259,3326,1662,1768,4052
3502: 2527,4063,1857,1709,1423,1988,1597,2447,196
3503: 350,3318,3599,2120,3606,1092
3504: 3432,1738,3966,3341,618,3894
3505: 1890,969,222,2063,2775,3155
3506: 3860,1993,1510,631,2385,2398,676,4080,943
3507: 3961,568,2954,2958,1227,1260,3783,439,2513
3508: 3876,2493,1297,3596,653,3798
3509: 3031,3885,35,4056,619,1836,2823
3510: 949,1663,3552,2394,1024,2525,463
3511: 4018,3739,798,1669,4088,3444
3512: 2901,269,1057,0,3912,1126
3513: 3291,1099,2354,691,2298,530
3514: 3802,3190,6,944,1861,2959
3515: 1944,2466,17,286,1169,4094
3516: 1109,2532,1871,2795,3456,1783,308
3517: 2160,899,577,2753,3823,2446,1203,3011
3518: 3280,3543,1296,1953,2455,2804,1307,729,1790,1490,624
3519: 5,1727,915,1245,2671,2311
3520: 107,336,1442,2976,1117,2384,2540,570,2744
3521: 2468,763,1906,1248,2030,2172,2737,3475,1105
3522: 654,238,1556,290,1866,762
3523: 109,3322,847,3657,1194,2219,2022
3524: 764,3468,1473,1052,3345,360
3525: 1147,3129,2727,2218,560,1343,773,2303,415,3489
3526: 1089,2210,859
3527: 2791,450,3309,4031,2541,51
3528: 2044,1056,159,1159,3685,649
3529: 3276,2407,2291,1662,1768,2254
3530: 402,945,2026,3968,2845,1667,3705,1268,1035,2884
3531: 761,1321,2805,700,3663,2023,1664,3972,1106
3532: 2279,4090,330,772,139,2888
3533: 1665,759,580,4066,742,2814
3534: 1149,1407,753,2358,1357,2321,2969
3535: 2717,2826,197,1107,2691,2558
3536: 1666,3098,771,4032,779,790,2242,3185,2450,4024,2799,3148
3537: 946,1722,3087,524,2877,442
3538: 1225,249,2947,567,184,3488,3324,1197,3633
3539: 198,411,1566,1524,4013,2420,3643,2852,707,1208,2751
3540: 1617,3459,2178,2808,2103,193
3541: 1714,1112,855,3752,947,2942,3104
3542: 578,257,611,1587,3308,3307,142
3543: 3280,1487,788,106,1953,2455,3518,2804,2272,1307,1490,389
3544: 1761,1928,2773,3413,3314,1165
3545: 1408,263,1226,1863,3397,156,3358,3145,4084,3547
3546: 838,1153,1058,3718,2688,3799,405,488,2519,695
3547: 199,1948,1384,2774,101,2657,3024,263,1226,3545
3548: 875,227,1446,2323,2478,3091,579,3124,1658
3549: 3420,948,1517,703,3792,973,1746
3550: 1526,1054,4055,200,3295,1288,930,3689,2496
3551: 686,3979,316,1195,1771,2345,2731,3048,2470,45,345
3552: 949,2394,3794,3510,2157,1024
3553: 2503,1090,46,1145,3077,2208
3554: 3483,3374,140,1865,2414,540
3555: 2908,818,799,1892,1689,2577
3556: 766,1387,1622,1413,3741,3500
3557: 2974,2306,1925,1908,444,3085,2508,1607
3558: 174,2035,1641,1344,2467,2646,2555,979,4079,1313
3559: 3283,629,767,3761,1042,1769,2274,3698
3560: 3901,402,945,1924,2287,3968,581,340,1667,3059
3561: 1183,2419,2820,357,958,3864
3562: 1777,261,426,3665,4079,4044,1305,526,1409,3035
3563: 1668,3650,3385,2867,2850,1115,669
3564: 2131,3040,1547,476,2750,768,1120
3565: 425,2887,175,950,2609,2581,1677,1608
3566: 2028,185,3795,2911,1387,1010
3567: 3735,2982,692,2636,287,586
3568: 3277,482,195,3454,186,648
3569: 1923,223,151,1902,1535,2806
3570: 843,455,869,2071,2790,1819,3940,644,1267,2001
3571: 1235,3325,414,1466,253,3953
3572: 1145,3946,1552,2837,520,2503
3573: 1255,237,2679,2740,3190,1830,88,3583
3574: 2087,271,3809,1312,749,4
3575: 3804,782,348,3188,1122,1998
3576: 901,1091,737,2261,2192,2190
3577: 1246,1161,639,1325,800,2122,2966,808
3578: 43,1188,1539,2061,674,2773
3579: 141,2910,384,2245,2793
3580: 3340,4011,2735,2196,1003,1158,3815
3581: 292,1787,339,2840,590,1011
3582: 1379,2105,2443,2923,1276,1716,668,3358,408,2758
3583: 1830,88,293,2805,3972,237,2679,3573
3584: 3880,1202,3585,1236,981,2640
3585: 3442,3584,1236,981,671,423
3586: 3965,1410,1218,303,2189,4023
3587: 3464,759,1030,2134,580,2541
3588: 545,655,1382,2390,1814,2249,438
3589: 2672,1514,2347,2786,1676,862
3590: 3967,467,1196,1937,238,290,3491
3591: 2015,2780,2133,870,3911,2782
3592: 3676,204,1427,349
3593: 1083,3179,3386,1858,81,1198
3594: 2649,2899,2505,238,3491,762
3595: 693,3213,2476,299,2878,2296
3596: 1235,414,1297,1451,3508,653
3597: 2283,1174,3640,1118,983,1361,2234
3598: 3758,3158,2953,830,1411,2946
3599: 3503,3389,1378,3318,1092,1632
3600: 4007,732,1793,4084,462,3748,3165,31,1635,1362
3601: 1887,239,2701,3602,3401,2213
3602: 2705,3401,3937,1945,1887,3601
3603: 1801,2849
3604: 1625,987,2554,4008,2075,1041,2227,895,224,1069,1249
3605: 766,187,2042,1010,2215,2989
3606: 3096,113,1491,2120,3503,350
3607: 240,3962,1949
3608: 2789,1075,963,44,3184,1686
3609: 188,2592,2328,3204,244,3766
3610: 1452,1019,2307,3619,123,1287
3611: 130,1812,3841,1946,1232,3453,4032,3487,1875,331,2335,3359
3612: 536,2802,351,1388,3347,2952,2209,2281,1827
3613: 111,769,2363,3865,516,1257,2662,2203,4035,1657
3614: 1695,1726,906,3849,2506,1031,2660,4089,1994,1123
3615: 1345,985,1093,2405,3725,1369
3616: 2875,133,3292,128,280,2931,1463
3617: 332,397,4049,3106,3219,607
3618: 622,1909,2364,1151,1161,639,800,3376
3619: 123,1559,1287,2080,3859,2529,3610
3620: 265,201,868,2198,2546,1999
3621: 3031,1453,2595,1751,388,4056
3622: 372,3019,1205,1833,3757,871,3237
3623: 784,4041,2047,3294,1454,840
3624: 2268,1406,1774,3368,3293,189,1144,814
3625: 939,3249,1942,3908,730,289
3626: 1456,3457,876,1261,3749,1087
3627: 3861,2656,2364,1151,352,1137,1560,3301,639,1909
3628: 481,1155,1705,4087,3853,2314
3629: 1553,620,301,2807,437,3669,3970,1049,2716,273
3630: 1557,356,1437,908,1389,2060,3731,2886
3631: 870,3911,1095,1231,3411,694
3632: 686,316,60,1195,3063,1063,2345,2731,3109,2148,2564,3021
3633: 3324,578,1197,249,1587,3308,3538
3634: 1728,4071,3488,813,3027,1504
3635: 3248,241,2255,2739,79,3178
3636: 1759,878,3223,2699,218,1262
3637: 417,1836,1806,3321,1511,3885
3638: 1138,1497,1460,431,2918,3822,2632,1256,801,1613
3639: 2495,160,2058,711,1324,2885
3640: 626,1118,3948,3597,479,2234,4081
3641: 4020,172,75,3691,2150,1237
3642: 161,731,3876,3921,1612,1297
3643: 1524,488,3452,2519,4013,3539,2588,695,1449,838,1153
3644: 1554,1277,110,2038,891,2247,2782
3645: 1731,3836,490,2427,2021,2599
3646: 1183,82,1748,2595,388,197
3647: 1346,497,972,3009,2251,1595,284,3771
3648: 2686,3802,1889,1254,6,3856,202
3649: 1214,909,3088,1899,1013,3015
3650: 3563,317,1668,1210,2628,1115
3651: 190,281,791,1058,3718,2938,503,3000,3140,2227
3652: 161,1770,3222,2637,529,1065
3653: 1533,282,1335,2863,3496,278
3654: 3059,687,2183,1739,3968,581
3655: 2720,929,2728,1834,3425,1876
3656: 672,1425,1313,2915,460,1938,2159,2623,1436
3657: 3523,109,3322,2329,3693,714,2022,143
3658: 2534,2888,1512,1690,3405,696
3659: 2690,1507,1793,833,3748,3170,361,156,3328
3660: 672,1425,2771,2915,2202,1436,203,1227,984,2090
3661: 2168,2055,124,2912,1593,3938,1417
3662: 514,604,2057,2613,1238,856
3663: 1321,3531,700,2023,4062,3972,2359,1254
3664: 2114,225,3218,1718,2634,2957,71,1071
3665: 1777,1574,979,426,3196,916,3562,2129,1619,2109
3666: 3320,162,1381
3667: 1302,335,1049,2716,3109,2841,872,2807,273,2345
3668: 1233,656,2440,1649,2516,4000
3669: 740,620,2807,3629,437,3970,1049,3109,273,1403,1837,2564
3670: 529,586,3933,3222,64,2636
3671: 2011,873,1355,3477,2305,1747,2542
3672: 1093,1122,188,2328,2747,319
3673: 479,1110,2234,621,983,3711
3674: 1947,1516,1684,40
3675: 1904,1419,1366,318,705,3182
3676: 3592,204,957
3677: 834,3240,774,719,3162,2755,77,3016,1829,3834
3678: 745,1743,489,2269,2658,163
3679: 258,1780,1363,678,683,2084,571,3264,2207,2812
3680: 527,1821,1804,963,83
3681: 3977,1094,209,1984,2442,2925,1178
3682: 3337,1086,226,1868,551,1441,3344
3683: 1096,3123,2266,1903,2145,3055,1929,2585
3684: 4019,3891,1364,2884,383,552
3685: 649,1380,3177,3995,3528,159
3686: 3398,1551,2968,227,1873,3495,1088,3467,636
3687: 792,1693,2681,3293,3930,1433,814
3688: 2014,2167,982,3045,1390,2694
3689: 1288,2496,164,394,806,200,3550
3690: 1373,2756,2137,142,1550,3189,3984,257
3691: 2150,1237,125,1365,816,3641
3692: 453,2835,3305,1826,1633
3693: 714,3431,2022,3657,2329,1979,3393,143
3694: 555,283,2246,2948,2002,3805
3695: 2550,4061,885,1053,697,1732
3696: 3415,2025,3428,3465,19,537
3697: 224,535,3116,1358,3373,45,3722,1069,345,2265
3698: 3559,629,767,1042,1797,72,2069,3923
3699: 917,1920,1356,165,521,2817
3700: 3423,2531,1055,505,3455,1555
3701: 864,166,469,79,2255,1221
3702: 1556,290,2290,467,2477,1028
3703: 461,155,3187,2474,2869,2462
3704: 1147,1549,2218,2638,1317,919,4076,2536
3705: 441,3909,1035,509,70,1969,2026,3530
3706: 3257,1176,2357,1832,2997,835
3707: 1726,906,3091,2285,658,1098,875,227,1446,3023,3124,3387
3708: 2405,2576,926,953,1345,1290
3709: 1174,353,2528,2611,3391,1673
3710: 1100,738,2259,2800,1213,228,3176
3711: 1415,147,983,424,1110,3673
3712: 330,772,3286,1817,2302,1910
3713: 3974,1655,1848,294,1543,2415
3714: 2233,1171,820,242,1332,881
3715: 568,2954,984,2090,990,2984,443,1847
3716: 1198,3473,2539,457,921,2290
3717: 1146,1404,3121,3050,1119,3306
3718: 3546,190,281,3651,1058,2533,1249,2688,2938,503
3719: 250,2273,1309,889,2724,2004
3720: 3787,1905,2062,1934,2834,2342
3721: 162,1381,358,1218,3020,730
3722: 535,3373,45,1069,3697,2741,2895,1820,2480,3979
3723: 112,327,3417,2319,1382,2390,2237
3724: 3343,2794,2907,1159,1632,320
3725: 1479,2426,1369,3068,985,3615
3726: 1015,2926,1939,84,3207,540
3727: 787,2749,470,2418,657,3364,4066,2330
3728: 230,2809,2569,167,3029,827
3729: 367,2285,658,1098,2456,869,1819,2876,1157,2968,1446,3023
3730: 2843,283,1244,1879,3805,65,964
3731: 1557,356,3383,1162,1437,3630,2574,2886,2204,1164
3732: 3164,3332,1723,354,616,2655,3418
3733: 3880,2492,1236,986,775,960
3734: 1914,2550,168,2963,885,1177
3735: 2982,3567,287,1199
3736: 4052,942,3500,259,2300,2510
3737: 3877,506,2329,483,109,836,847,143
3738: 1528,2258,1497,1460,1211,3159,407,2352,2620,2027,2179
3739: 798,1669,3511,679,398,3247
3740: 2191,1263,2569,1316
3741: 1982,942,3500,2746,3556,1413
3742: 4048,243,2332,94,3755,3792
3743: 698,1320,857,434,4077,3874,3990,2310
3744: 149,3846,643,3132,3229,458,206,1477,1315,2177,1129,3334
3745: 245,3794,910,1522,3899,1301
3746: 3900,1679,2217,1204,2587,582
3747: 659,3363,1764,2041,1160,172
3748: 4007,3659,732,1507,1793,4084,3165,3600,3397
3749: 464,2064,1671,1261,3626,876
3750: 1536,3338,1541,1464,2822,733
3751: 4063,597,3868,3279,4004,1988,1173,1480,660
3752: 947,3040,1547,321,2942,3541,2697
3753: 4036,717,2149,1670,877,1516
3754: 2654,1870,2270,911
3755: 4048,3742,768,312,2332,1120,94
3756: 3785,2095,1383,2343,355,2382,251,975,2670,117
3757: 3019,2017,1833,3622,871,1659,144
3758: 3598,3158,427,2728,1834,2953
3759: 1824,661,3171,615,2561,2939
3760: 2199,276,583,1692,16,3476,346,1241,2825
3761: 3559,802,629,1769,72,3923,2243,1615,3339
3762: 2972,1538,4058,3446,912,3212
3763: 1527,3122,408,3195,2277,2481,803,2736,1379
3764: 834,2719,774,1975,1200,1045,2401,2522,3189
3765: 4007,777,462,279,3003,3141,31,1430
3766: 323,244,2659,4000,656,3204,3609
3767: 3017,1966,105,2739,2253
3768: 3474,3131,1459,1885,428,1982,3915
3769: 676,1423,49,1735,322,1597,3114,3056,943,3888
3770: 584,1521,632,3138,2452,3022
3771: 2251,284,1483,2545,1037,3647,497,972,993
3772: 2903,913,401,1842,1536,3366,829
3773: 429,2037,2252,476,2750,1712
3774: 1651,3269,1576,2063,285,3155
3775: 272,2402,78,734,2082,1851
3776: 323,306,2659,2434,2696,1047,1062
3777: 1683,169,843,1088,2050,2071,3981,1580,3467,3872,3051
3778: 959,2078,364,635,2666,2277,1733,2140,1803
3779: 129,1127,605,170,2118,2645
3780: 3997,513,145,2639,1872,90
3781: 1586,804
3782: 1121,404,1270,1889,1474,2710,3991
3783: 1135,439,2504,2220,1260,55,1317,3507,1549,2638
3784: 2809,1878,167,565,1855,2785
3785: 1693,324,1383,2343,355,2681,2382,3756,3930,1809
3786: 126,1818,2439,619,2823,1067
3787: 2062,3379,3720,2834,914,15
3788: 1319,1126,298,2980,127,3912
3789: 1947,877,3895
3790: 2087,1128,2441,1729,1264,841
3791: 1108,3291,662,691,26,3896
3792: 3742,243,94,973,1517,3549
3793: 85,1945,2337,2374,1887,2115
3794: 3745,949,3552,245,2157,910
3795: 2872,1785,2028,185,3566,600
3796: 1985,3201,809,305,1040,1134,837,1275
3797: 800,3160,3376,1125,622,2386,1014,2987
3798: 5,1681,2493,3508,653,2311
3799: 3546,281,838,1058,2678,3383,2574,405,817,695
3800: 599,2974,2661,210,295,2226,2833,1925
3801: 3118,3135,1253,446,66,1458,3049,2641
3802: 2686,3648,3190,1254,1830,6,3514
3803: 1432,3287,1674,2526,3893,430,673
3804: 319,2144,953,782,3575,1122
3805: 1879,2002,1544,3694,283,3730
3806: 221,3487,1837,2647,2827,1343,773,620,2303,1666,415,3489
3807: 1435,67,3313,696,1816,3331
3808: 3304,1766,2927,1838,3247,132
3809: 1698,2087,1729,3574,3943,4
3810: 2278,1184,1980,1918,2877,849
3811: 7,3451,593,2497,4017,1919
3812: 2601,2166,1167,1336,2340,3898,1981
3813: 2614,2008,1112,2163,681,855,806
3814: 2796,548,3952,3208,1323,1258,1518,588,3910,1418
3815: 1158,171,4075,1003,4011,3580,38
3816: 1474,2710,793,2479,1414,2221
3817: 1911,3327,2788,2089,2222,1467
3818: 1694,2787,549,2667,2838,1215
3819: 3460,1669,679,8,2682,3281
3820: 2828,2700,1804,527,3154,1103
3821: 2425,2714,663,146,2231,2845
3822: 3170,1528,3638,1138,1497,431,2690,3328,2777,531,801,1613
3823: 3058,2029,3406,118,3517,2753,2446,1585
3824: 3989,2003,1633,2900,1839,1826
3825: 1148,708,1906,2030,13,628,3003,3141,3203,1430
3826: 1840,1050,2153,154
3827: 1730,733,3173,480,1142,1799
3828: 1415,1972,147,4086,1922,2975
3829: 3007,590,1165,1519,2110,1787
3830: 1919,1972,147,424,887,4017
3831: 3005,2608,207,1043,1143,1648
3832: 1794,104,3175,3854,432,3844
3833: 4001,1917,1074,3111,128,1471,2579,280,1463
3834: 2428,1638,2161,3677,3162,908,1829,2060
3835: 1133,2873,1936,3879,129,605
3836: 2062,1731,2580,490,914,3645
3837: 2204,510,2161,954,1437,252,1372,1893,3910,2674
3838: 1805,2286,3166,2776,2846,775
3839: 1338,839,2435,3133,3847,2047
3840: 2626,1912,311,3018,1225,865
3841: 130,2031,149,3846,643,1232,3611,2135,3132,3229,3453,3359
3842: 1558,2392,2768,463,3871,1630
3843: 3482,1880,183,2677,3429,940,863
3844: 104,432,148,3199,3832,3372
3845: 2429,68,486,3498,938,2988
3846: 130,2031,149,3744,643,3841,2135,3229,1296,1477,624,3904
3847: 2047,840,3060,901,3884,839,3839
3848: 1545,2141,3066,878,3223,235,2861
3849: 3614,1695,906,288,2122,808,2506,4089,1994,1123
3850: 970,9,2512,3235,1964,1482,967
3851: 320,1841,3355,2907,2921,1532
3852: 133,3905,391,1426,2098,1520
3853: 4045,481,1705,3628,2448,2169
3854: 3175,432,3832,1795,1606,2488
3855: 2268,2165,25,1940,1285,3047,2341,1600,1620,934
3856: 3648,1889,1254,2359,2544,2241,202,296
3857: 1181,1897,1416,547,178,2076,2453,1564,1239
3858: 1053,1732,2630,2249,2212,438
3859: 3619,123,1559,2080,2373,2109,1275
3860: 3506,2385,2398,676,3114,131,943
3861: 2656,3913,3627,150,2175,2502,2857,352,2977,2164
3862: 1702,3990,208,3914,71,2035,698,1641,3424
3863: 2913,477,1894,614,46,2818
3864: 1453,2595,3440,357,1183,3561
3865: 1025,2410,111,1465,433,3384,2363,2369,3613,2642
3866: 2768,1499,841,1630,2991,1128
3867: 2779,2424,3022,564,1973,403
3868: 1733,2260,1983,597,3751,2666,1173,2277
3869: 792,851,4038,2343,2681,2223,1318,246
3870: 86,4054,2983,1897,992,3409,811,2211
3871: 3842,633,2768,463,949,910,2557
3872: 1974,3926,1561,1447,2235,3074,3777,169,3981,1580
3873: 69,1582,1598,4040,2273,473
3874: 434,1702,4077,3218,1718,3990,698,3743
3875: 992,1158,2205,3977,209,171,1600,821
3876: 161,3642,1770,2493,3508,1297
3877: 3067,1123,506,3120,3737,483,288,4089,836,1994
3878: 3108,3349,1075,1189,3184,3304
3879: 1124,1654,2873,3835,2053,605
3880: 3733,1202,3584,1236,2846,775
3881: 1914,168,3945,2675,1881,1348
3882: 2409,422,2664,2336,2333,1562
3883: 2897,3938,670,911,3041,1417
3884: 901,1091,247,3847,1454,840
3885: 3031,3509,35,3637,1836,1806
3886: 1734,2586,2606
3887: 1125,2679,652,2740,2386,3030,343,4053
3888: 122,1405,3356,2173,362,3169,3769,1735,3056
3889: 729,2460,1790,2180,2985,3462,1179,435,706,2400,3012
3890: 736,1948,3254,2774,1226,2858,3118,66,3049
3891: 3684,297,1364,2366,1676,552
3892: 2926,1704,464,254,2064,3957
3893: 39,3803,1674,430,1265,2250
3894: 618,98,2473,585,3341,3504
3895: 606,1670,3789,877
3896: 2104,1599,26,1996,3791,662
3897: 87,1990,3197,3263,4067,219,1791
3898: 2297,1981,704,298,3812,2166,1336
3899: 1522,410,2124,2557,3745,910
3900: 299,1204,3746,2598,3306,582,137
3901: 402,3560,146,2231,2287,1667,47,2917,1368
3902: 41,842,3037,1357,1463,1570,3292
3903: 334,2903,1842,234,1229,3390,2593
3904: 1477,624,1315,2400,2621,2455,2031,149,3846,643,2135,2460
3905: 133,3852,3421,1426,1721,2931
3906: 1391,3206,2763,300,1933,1292,2095,975,2832
3907: 3168,2111,2474,996,1172,1843
3908: 3625,730,289,1272,4039,358
3909: 3705,2844,441,70,2724,2979
3910: 1372,588,1893,2935,1418,2674,3434,3837,3208,510,3814
3911: 870,3631,2015,3591,27,694
3912: 2980,1788,3512,269,3788,1126
3913: 3861,2656,150,2502,2857,2977,2164,3094,2045
3914: 3233,208,746,71,1076,1702,3862,3990,3424
3915: 1982,785,2746,3768,1459,3319
3916: 116,1358,2068,2197,1807,515,136,3042,2945
3917: 3057,2388,359,1219,726,3289
3918: 1127,2118,796,3369,1059,3479
3919: 2883,3399,1591,1882,246,1954,4038
3920: 28,2898,2759,1508,57,3999
3921: 3642,731,2991,1128,2441,1612
3922: 1567,2714,663,1266,2999,3262
3923: 722,2079,72,2243,1847,629,3761,3698,3339
3924: 1280,2483,3140,1502,281,791,613,1389,1068
3925: 1274,1251,2612,2698,397,4049
3926: 3334,1561,780,102,2073,3872,3074,3153,3362,1129
3927: 1883,739,3095,445,1291,99
3928: 587,465,664,2738,3290,1394
3929: 3,1116,478,1696,2094,2232
3930: 1433,1809,1285,466,2411,3785,1693,1383,3687
3931: 1647,3265,3033,1913,2036,2567
3932: 2260,158,118,1983,1857,1709,3058
3933: 529,3947,1754,586,1915,3670
3934: 1259,625,2450,1961,2264,447,2433,779,543,1618
3935: 4070,403,2424,1141,1844,574
3936: 20,203,2958,1227,1260,55,1802,301,522
3937: 1710,3602,2705,538,360,1945
3938: 2897,1697,3883,1417,3661,124
3939: 1971,1140,48,2600,933,2711
3940: 1819,516,1932,644,1267,2876,2001,3570,869,2071,2456
3941: 152,1798,1957,36,1634,1219
3942: 789,4028,2070,1737,1371,2655
3943: 1698,3809,1729,1264,410,3026
3944: 1796,1637,4029,741,2412,2384,3201,436,3119
3945: 1914,53,3881,2675,2543,607
3946: 3290,3572,1552,587,291,2837
3947: 3137,287,1754,586,3933,2375
3948: 1671,3640,626,1261,1476,4081
3949: 2783,1845,3993,1455,30,1565
3950: 239,1481,2213,1082,903,1884,2962
3951: 1846,3070,715,1849,938,2346
3952: 2796,1070,3380,1396,3814,236,588,3434
3953: 253,922,3147,22,414,3571
3954: 925,193,302,2178,4016,1347
3955: 1304,2990,381,589,2055,124
3956: 3298,380,680,10,980
3957: 1704,254,3288,3892,2482,900,4085
3958: 2044,3084,2919,937,1056,2238,3463
3959: 3221,1885,3103,505,2615,100
3960: 56,1087,1334,1699,3457,91
3961: 568,2954,3507,2984,2243,1847,439,2513,3339
3962: 1949,2356,3607,1136
3963: 2507,404,1987,596,3381,255
3964: 1107,1808,1520,2617,452,3303
3965: 3586,1218,3020,3371,1505,303
3966: 1822,1862,974,2308,3341,1738,3504
3967: 467,1091,1196,2261,247,3590
3968: 945,3560,581,3530,1268,4019,2183,3654
3969: 3469,1505,760,3371,1811,73
3970: 740,1553,620,2303,919,3629,437,3669,2536
3971: 1489,1070,1396,256,1896,761,2940
3972: 1321,2805,3531,3663,1106,860,88,3583
3973: 2239,3181,2596,328,1950,3435
3974: 2195,1655,1848,3713
3975: 2972,2301,1742,1051,2610,468
3976: 1700,2950,1111,2245,2830,2383
3977: 992,3875,2205,209,1984,171,3681,4054
3978: 2734,2179,2487,2620,2027,826,89,1447,2073,1211,3159
3979: 686,1771,2731,3551,3048,3373,45,3722,345
3980: 2777,373,2377,1033,539,361,1863,1716,3358,3328,2758
3981: 1683,3777,1584,1580,3215,920,3362,591,1523,2235,3872
3982: 173,1809,1469,2289,466,2411,1310,3330,2732
3983: 1302,335,1701,216,2716,2841,3476,2032,3025
3984: 1624,2618,257,684,1373,3690
3985: 1772,451,994,1992,3284,3258
3986: 1951,2897,1697,1402,1435,3313
3987: 65,3134,964,1828,98,1886
3988: 2882,3344,1269,541,2485,3996
3989: 182,2003,3070,1633,3824,1849
3990: 1702,3862,3874,1718,3914,698,1641,2646,3743
3991: 3381,3255,1270,1861,404,3782
3992: 1479,1191,3275,2426,54
3993: 2059,3949,848,1845,1422,30
3994: 1862,218,492,3127,1773,2308,702
3995: 1985,305,1275,1559,1380,2373,3685,3463,159
3996: 469,3988,1221,2317,1269,2485
3997: 145,3780,90,3351,245,1301
3998: 1989,4065,471,1488,1991,1810
3999: 4088,1952,57,2898,3920,1916
4000: 1649,1758,323,3766,656,3668,3204
4001: 1917,1074,3833,128,1921,3037,1463
4002: 1456,2640,3457,91,3006,1046
4003: 742,559,1385,3299,470,2459,2418
4004: 1393,1537,3279,3241,49,1988,322,2447,2914,3751
4005: 3430,94,1854,1850,1581,2186,3101
4006: 909,1569,3088,3028,304
4007: 1282,462,3748,3165,3765,3600,31,1362,1430
4008: 503,1678,3000,2075,1041,2227,2571,2812,3604
4009: 50,2002,3236,3422,712,2948
4010: 1444,1986,2117,2713,3018,865,1763
4011: 3340,2268,2165,25,3580,1774,2735,1158,1600,3815
4012: 4021,325,853,1703,1979,3393,2514,2881,3431
4013: 198,411,3342,1566,1524,3452,2420,3539,3643,3072
4014: 1918,3278,191,1725,849,1760
4015: 1494,3014,1323,3013,2416,93,2430,1258,863
4016: 1976,3213,1811,925,3954,1347
4017: 1927,887,593,3811,1919,3830
4018: 3460,1669,3511,4088,1691,1952
4019: 3684,1268,2884,383,2183,3968
4020: 1160,3641,1772,172,994,75
4021: 1775,1703,4012,3393,2817,521,1230,3394
4022: 214,1097,2676,1645,76,723
4023: 3064,303,2189,32,3121,3586
4024: 3280,1487,788,106,1953,2799,1573,3148,3359,4032,3536,3185
4025: 892,744,1740,726
4026: 1671,2376,1476,1005,900,1704,2064
4027: 595,1776,1586,804,4045,2448
4028: 2422,1525,2070,3942,1737,1271
4029: 258,1796,1637,1780,1363,741,678,2412,2384,3944
4030: 3298,680,4069,3273,471
4031: 727,3309,4065,3527,2541,1030
4032: 1666,3098,366,3536,3185,3487,1875,4024,1573,3359,1812,3611
4033: 3418,3157,1737,1271,378,354
4034: 747,2729,1032,11,1962,3220
4035: 367,270,2320,2456,516,2662,2325,3613,33,1657
4036: 472,1684,3753,1411,3252,717,1516
4037: 52,2051,2236,2078,807,1037,2607,3102
4038: 3869,1954,851,2883,3919,1882,965,246
4039: 1445,115,3441,1272,3908,289
4040: 69,3873,2396,4047,1960,473
4041: 3623,3294,1454,2477,1028,1955
4042: 1082,3458,3374,1865,918,1273
4043: 810,458,3445,2171,1792,3021,3063,1813,758,1946,3229,3453
4044: 1777,3562,2129,3156,1040,3119,526,1409,1637
4045: 3853,2448,2169,595,4027,2108
4046: 1680,3053,1170,1814,2212,438
4047: 152,1798,1706,2396,4040,1960
4048: 3742,1462,3430,312,94,3755
4049: 332,397,3617,1274,770,3925
4050: 1990,3197,1859,1741,2121,989
4051: 1743,489,34,1628,2056,2499
4052: 1768,942,3736,1605,259,3501
4053: 3030,1920,2123,3887,1125,1014,165,1540
4054: 86,2983,3870,1897,1778,992,3977,1984,3409
4055: 1526,2908,231,799,724,3295,3550
4056: 3031,3509,3621,1751,619,2823
4057: 905,97,596,282,1987,2187
4058: 2972,3163,3762,1742,233,3212
4059: 1956,2196,1003,38,3327,1467
4060: 3124,1685,1658,778,3302,1726,3091,1031,474,3387
4061: 1914,53,885,3695,1053,3071
4062: 475,3663,2023,2359,1182,2544,542
4063: 3502,2260,597,1709,3751,1988,2447
4064: 2604,2951,744,3289,1957
4065: 727,1989,4031,3998,1810,1030
4066: 657,580,260,3533,742,3727,2418
4067: 1990,3897,219,2797,1791,3011,1741,420
4068: 2431,1012,1958,432,1795,3191,2748
4069: 4030,680,1400,3419,471,1991
4070: 152,36,3935,403,1706,1844
4071: 1921,1728,842,3037,3488,3634
4072: 1823,2824,37,2829,637,2998
4073: 95,2106,2147,1651,1576,3228
4074: 54,74,823,1977,2088,1329
4075: 1094,209,171,3815,38,1744
4076: 1802,919,2536,55,1317,1549,3704
4077: 434,592,12,3874,1718,2745,857,3743
4078: 1353,750,2336,2865,1006,1992
4079: 2555,261,3562,1305,3558,2467,2159,1762,2093,3035
4080: 1735,943,1993,3506,631,2478,579,362
4081: 479,56,1087,3640,1261,3948
4082: 636,1993,1510,262,2734,631,2487,2993,3398,1351
4083: 708,1286,2030,13,2695,2523,2804,628,389,3099
4084: 732,1507,3748,3600,3024,2657,263,3397,3545
4085: 3402,1688,2482,14,3288,3957
4086: 3470,689,1922,2975,3828
4087: 1705,3628,264,2314
4088: 4018,3511,3999,1952,57,3444
4089: 1031,2660,836,3387,847,1994,2219,3614,3849,3877
4090: 2279,139,3532,1008,1934,2834
4091: 1345,265,985,201,1290
4092: 672,1692,2915,16,1938,2032,3025,583,1701,3476
4093: 132,266,1525,1838,177,3281
4094: 1169,2136,17,1835,2669,3515
4095: 1278,18,3450,3189,1975,512,1200,369
4096: 665,3465,2971,2065,19,2765,699