0: 17576,13912,17526,18340
1: 17986,17786,12430,14615,16585,16143
2: 15143,16698,18266,18300
3: 17259,12901,12990,14189,14406,11960
4: 12230,14974,15139,16875,15065,6,12246
5: 27,14817,15707,28,13190,15640
6: 16161,12246,13694,12230,17289,4
7: 12521,15236,17119,16682,13694,13176
8: 14092,10,12204,12521,17119,15683
9: 12265,15149,17445,12465,12252,16650
10: 8,12204,13842,12521,13906,34
11: 15653,17346,14489,15494,15750
12: 35,14345,16193,16791,13878,13027
13: 17135,17087,18181
14: 17392,18429,17205,15185,16837,18208
15: 14162,39,14102,14132,37,12363
16: 16503,16334,16204,14105,11882,13380
17: 17650,14548,15022,14693,16546,13691
18: 17808,14602,17784,17749,15991,18288
19: 12837,12803,20,11765,17722,15388
20: 12837,19,14481,15388,16955,12892
21: 12053,14824,12837,15817,22,16910
22: 14824,21,15817,23,12231,17577
23: 24,12126,13037,15582,12231,17577,22
24: 23,12619,15582,12231,53,52
25: 12614,12619,15582,17259,26,12908
26: 27,17259,12908,12990,13632,25
27: 26,14817,12990,5,15707,13632
28: 13190,16161,15640,13176,29,5
29: 28,13190,13176,30,15540
30: 13176,29,15035,13796,16682,13764
31: 16122,32,61,13842,13906
32: 62,31,13906,33,15609
33: 15609,13878,13906,32,34,16193
34: 13175,16193,10,12204,13906,33
35: 12,14345,13027,36,12686,17870
36: 15194,12686,35,13578,66,17870
37: 14132,14055,15194,14877,12363,15
38: 16334,13524,12664,18504,14055,17839,13856
39: 12223,40,14433,14162,14102,15
40: 16389,14307,14433,41,14162,39,18412
41: 40,14433,18412,16863,12766
42: 16863,13975,13017,12143,71
43: 17419,15371,16622,15018,17850
44: 12021,13772,12687,14073,11931
45: 46,11870,14843,15322,18282,17195,14169
46: 45,16956,15322,18282,14579,14196
47: 12479,12098,11765,17000,17102,14243
48: 82,12279,83,14160,13113,15348
49: 85,16454,50,12164,84,83
50: 49,16454,12164,12053,16910,13136
51: 12887,14056,13078,16454,15817,16910
52: 14080,53,14106,13078,24,12231
53: 52,14123,14106,54,24,12619
54: 14281,53,14123,12619,12908,14806,15337
55: 16404,91,90,14806,56,15337
56: 16404,15337,55,15707,13632,13875
57: 15540,93,58,13875,92,16404
58: 57,15540,59,94,93,15035
59: 94,15035,58,60,13764,95
60: 16122,61,96,13764,95,18576,59
61: 16122,60,31,96,18576
62: 32,97,18576,15609,63,98
63: 15609,98,64,13212,99,62
64: 63,13212,99,13570,100,65
65: 102,13910,64,13570,100,101
66: 13578,16720,18389,36,15194,12363
67: 102,13910,13578,14308,16720,103
68: 69,104,14022,16720,103,18389,14102
69: 70,15800,104,68,12223,14102
70: 69,15800,14411,12223,13017,71
71: 13460,12143,13017,70,14411,42
72: 12021,13975,13879,73,15708,12914
73: 74,13220,15708,72,14354,12914
74: 11931,11992,13220,73,15110,15708,18204
75: 16525,17154,15110,11871,14385,12748
76: 16431,18021,16113,14839,15949,13243
77: 14205,17147,14254,16008,18138,17190
78: 12194,12043,12634,13068,14027
79: 17195,11918,18156,18346,14843
80: 81,13018,121,120,14399,14130
81: 121,80,14399,13153,82,12279
82: 48,12279,14160,81,14399
83: 12164,13191,48,12279,84,15348,49
84: 13191,83,15025,49,85
85: 14056,126,49,16454,84,15025
86: 126,13731,16911,14030,15946
87: 128,15543,16911,12757,127,88
88: 89,14080,14106,12757,128,87
89: 14281,14123,14106,88,129,128
90: 91,14806,55,14281,131,130
91: 92,16404,90,55,131,132
92: 16404,91,132,57,93,133
93: 57,94,58,92,133,134
94: 59,93,58,135,134,95
95: 60,96,59,94,135,136
96: 60,61,97,95,18576,137,136
97: 62,96,18576,138,137,98
98: 63,99,62,97,138,139
99: 63,98,64,140,139,100
100: 140,64,99,65,101,141
101: 142,143,141,100,102,65
102: 65,67,13910,14308,101,143
103: 67,14308,16720,14022,68
104: 69,15800,105,14022,68,106,17402
105: 104,106,17402,146,145
106: 15800,105,104,14411,146,13858
107: 13460,13110,13858,13516,147,108
108: 149,148,147,109,13110,107
109: 149,108,13110,110,13917,150
110: 12232,13917,13209,109,151,150
111: 15713,12232,14354,152,14421,12779
112: 155,13646,15879,154,12033,14419
113: 14016,16887,15329,11768,12033,14021,114
114: 15555,14021,15409,14119,113,14016
115: 14646,17866,13607,16208,18577,16463
116: 11772,11993,14150,12801,14874,15314
117: 15830,13928,160,13200,12737,13918
118: 163,12043,12634,13918,162,15830
119: 12194,163,12043,13863,15269,12617
120: 13018,121,80,12083,165,14002
121: 81,120,80,122,14002,13153
122: 166,14002,121,13153,167
123: 13695,13153,13191,12279,14066
124: 15362,169,14066,168,15007,13695,125
125: 17246,170,15946,169,124,15007
126: 85,86,15025,15007,15946
127: 171,14030,16911,15543,87,172
128: 129,15954,15543,87,89,88
129: 128,15954,14482,89,14281,175,130
130: 175,131,14281,129,14482,90
131: 175,176,132,130,91,90
132: 177,176,131,92,91,133
133: 134,178,92,177,132,93
134: 179,135,133,178,94,93
135: 179,134,94,95,136,180
136: 181,137,180,135,96,95
137: 181,138,136,182,96,97
138: 137,182,97,98,183,139
139: 184,183,140,138,98,99
140: 184,139,185,100,99,141
141: 101,142,186,140,185,100
142: 101,187,143,15250,186,141
143: 101,187,188,142,102,144,14308
144: 14308,188,143,14022,17402,189
145: 190,191,189,14374,105,17402,146
146: 105,106,145,191,13858,147
147: 15866,148,108,146,191,13858,107
148: 193,15866,149,192,147,108
149: 193,148,108,109,18135,150
150: 151,195,194,149,109,18135,110
151: 196,195,12533,150,110,13209
152: 111,15713,12232,13209,12364,12150
153: 12150,154,14199,12533,12064,197,198
154: 112,155,12364,12150,15879,14199,153
155: 112,13646,154,12965,14199,12933
156: 11975,11959,12762,201,200,13639
157: 16990,12293,16618,17312,11905
158: 14483,17092,16708,16705,17432,14844
159: 12117,12546,14451,206,12864
160: 13928,12546,13200,117,14451,11772,12801
161: 12181,12242,209,12117,16022,162,14863
162: 118,163,15830,16022,161,14863
163: 118,12043,162,119,13863,14863
164: 14309,12250,15269,213,212,13952
165: 12848,12617,13952,14002,120,12083
166: 14331,213,12848,215,122,14002,167
167: 15362,14066,15164,166,215,122
168: 15362,169,216,15164,124,217
169: 168,124,217,218,170,125
170: 218,17246,125,171,219,169
171: 127,17246,170,14030,220,219,172
172: 173,15543,221,127,171,220
173: 174,222,15954,15543,221,172
174: 173,222,15954,14482,15046,223
175: 176,224,131,130,129,14482,223
176: 175,177,224,131,132,225,276
177: 176,132,225,16009,133,178
178: 179,16009,133,134,227,177
179: 228,135,134,178,227,180
180: 181,136,229,179,228,135
181: 230,137,136,182,229,180
182: 181,231,230,138,137,183
183: 232,184,139,231,138,182
184: 232,183,140,139,185,233
185: 184,234,140,233,186,141
186: 142,15250,141,235,234,185
187: 188,142,143,15250,16245,14725
188: 187,143,14725,144,189
189: 145,14374,144,188,14725,17402
190: 15448,17225,145,191,14374,239
191: 190,15448,145,146,15866,147
192: 193,15866,148,241,240,15448
193: 149,148,192,241,242,18135
194: 195,17420,150,243,18135
195: 151,196,17146,17420,150,194
196: 151,195,17146,245,12533,15462
197: 14890,15462,198,12533,153
198: 12064,14890,14407,197,199,153
199: 12064,14407,198,13103,17431,17429
200: 13142,12256,13639,17429,11975,156
201: 11959,156,13639,12811,15050,15513
202: 14079,14279,12811,14550,15050,11905
203: 251,252,13058,12729,12234
204: 18074,15297,14677,18241,17548
205: 14834,16061,16452,13245,16648
206: 12864,16936,16670,159,12117,14868
207: 15647,13664,15856,15309,16061,11775
208: 12181,12247,209,12589,14868,259
209: 12181,208,12242,161,16999,12589
210: 17039,12137,14309,12250,15324,262,211
211: 262,263,15134,14647,14309,210
212: 213,14107,14309,164,14647
213: 14331,166,12848,212,13952,14107,164
214: 14331,215,14107,266,265,14745
215: 14331,166,214,167,15164,14745
216: 15164,168,217,14745,267,268
217: 169,216,168,269,268,218
218: 170,219,169,217,269,270
219: 218,170,171,220,270,271
220: 171,219,271,221,172,272
221: 173,222,172,220,273,272
222: 173,174,221,15046,274,273
223: 174,14482,15046,175,224,15217
224: 175,176,276,15217,223
225: 177,176,276,15495,15695,16009
226: 16009,227,15695,278,279
227: 179,228,16009,178,226,16877,279
228: 179,227,16877,229,180,280
229: 181,230,180,228,281,280
230: 181,231,182,229,282,281
231: 230,182,282,232,183,283
232: 184,183,233,231,283,284
233: 232,184,234,185,285,284
234: 185,233,285,186,235,286
235: 15250,186,236,234,286,287
236: 15250,16245,235,237,287,288
237: 16245,236,288,16912,238,289
238: 17225,16912,239,237,290,289
239: 190,15448,17225,238,291,290,240
240: 192,241,15448,239,291,292
241: 193,192,240,242,292,293
242: 193,241,18135,293,294,243
243: 17420,194,242,18135,294,295
244: 350,295,15841,17146,245,17420,296
245: 196,17146,244,15462,15340,296
246: 14890,14407,15340,247,297,298
247: 14407,246,298,17431,248,299
248: 13142,17431,249,247,300,299
249: 13142,12256,250,248,301,300
250: 12256,249,301,12030,12234,302
251: 304,203,252,12234,303,14337
252: 304,203,251,13112,13058,14287
253: 11989,13303,17362,14402,12544,12730
254: 17031,15826,17484,11783,12385,17727
255: 15808,17163,12539,11784,18521
256: 16689,14282,14013,12015,14373,12643
257: 12138,14939,16670,12643,16936,14282
258: 12138,12237,312,13973,12247,259
259: 208,12247,12589,258,13973,14260,14551
260: 315,314,14551,261,16627,12642
261: 315,260,12642,15324,262,316
262: 211,316,263,261,210,15324
263: 262,15345,211,317,316,15134
264: 319,265,15134,14647,15500,14107
265: 266,264,320,319,14107,214
266: 320,265,214,14745,321,267
267: 321,322,268,266,216,14745
268: 323,322,269,267,216,217
269: 323,268,217,218,324,270
270: 324,325,271,269,218,219
271: 325,326,270,220,219,272
272: 327,273,220,326,271,221
273: 328,327,274,272,222,221
274: 328,273,329,222,15046,15903
275: 330,331,15495,15903,276,15217
276: 176,224,225,15217,275,15495
277: 331,16042,15495,15695,278,332
278: 333,17234,279,332,277,15695,226
279: 333,16877,278,226,227
280: 335,281,228,334,16877,229
281: 336,335,282,280,230,229
282: 336,337,281,231,230,283
283: 284,338,231,337,282,232
284: 339,283,285,338,232,233
285: 339,340,284,234,233,286
286: 341,287,234,340,285,235
287: 341,342,286,288,235,236
288: 342,287,237,236,289,343
289: 344,290,343,237,288,238
290: 344,345,291,289,239,238
291: 345,290,239,240,346,292
292: 346,347,293,291,241,240
293: 348,347,292,294,241,242
294: 348,293,242,243,18553,295
295: 350,244,18553,294,17420,243
296: 297,16380,245,244,15841,15340
297: 298,16380,18415,296,15340,246
298: 297,353,14923,18415,246,247,299
299: 300,354,247,353,298,248
300: 355,354,299,248,249,301
301: 250,249,356,355,300,302
302: 12234,303,250,301,356,357
303: 251,12234,14337,302,357,358
304: 251,252,14337,14287,13497,12086
305: 417,360,12086,359,12032,13497
306: 11780,17970,14467,361,15822,15102
307: 17684,16255,17787
308: 17849,16055,17606
309: 12142,367,13097,11894,310,12262
310: 11781,14734,12637,11894,12142,309
311: 12670,12237,312,11894,12262,12758,13146
312: 258,12237,311,13146,13973
313: 370,13146,13973,14260,314,16576
314: 14260,260,14551,16576,16627,313
315: 260,372,261,373,16627,316
316: 262,15345,263,374,315,261,373
317: 15345,375,263,15134,318,15500
318: 375,317,15500,15587,376,436
319: 376,264,320,265,377,15500
320: 266,378,319,265,377,321
321: 322,267,379,266,320,378
322: 323,321,267,380,268,379
323: 322,269,381,380,268,324
324: 325,270,382,323,269,381
325: 324,326,383,270,271,382
326: 325,383,271,327,384,272
327: 328,385,273,384,272,326
328: 327,274,385,386,273,329
329: 328,274,386,330,17159,15903
330: 388,331,17159,275,15903,329
331: 388,330,275,277,16042,15495
332: 390,278,17234,389,277,16042
333: 334,16877,278,17234,279,17578
334: 333,16877,17578,335,280,18221
335: 336,393,281,280,18221,334
336: 335,337,394,393,282,281
337: 336,394,282,283,395,338
338: 396,339,283,395,284,337
339: 396,340,397,285,284,338
340: 339,397,285,341,286,398
341: 342,286,287,399,398,340
342: 341,287,399,400,288,343
343: 344,401,289,342,400,288
344: 345,402,401,290,289,343
345: 344,402,291,403,290,346
346: 347,404,292,345,291,403
347: 346,348,405,404,292,293
348: 347,405,293,294,406,18553,349
349: 407,18553,18044,348,406
350: 17130,244,407,18553,295,15841
351: 409,352,16380,408,17130,469
352: 14923,15671,409,351,16380,18415
353: 14923,298,410,14400,354,299
354: 412,355,14400,300,299,353
355: 412,413,356,300,354,301
356: 413,355,301,302,15219,357
357: 15219,415,358,356,303,302
358: 357,415,416,303,14337,12086,359
359: 417,305,12086,14431,14337,416,358
360: 417,13079,418,305,14197,12032
361: 15822,362,306,14467,14197,12151
362: 361,12823,15822,14552,420,12151
363: 11788,11785,17068,16425,14509,18195
364: 14975,12289,13853,12442,16364,16809
365: 11895,12142,13913,11897,12885,14734
366: 11895,13581,426,13097,12677,427
367: 13581,13097,309,368,12262,13990
368: 13581,367,428,369,13990,15773
369: 13990,14213,368,15773,429
370: 313,430,13146,15425,14213,16576
371: 372,16576,16627,15425,432,431
372: 315,371,373,16627,432,433
373: 315,372,433,316,374,434
374: 15345,375,316,373,434,14726
375: 15345,317,374,318,14726,15587
376: 319,377,318,15500,437,436
377: 376,320,378,319,437,438
378: 320,377,438,321,379,439
379: 321,322,380,378,440,439
380: 323,322,381,379,440,441
381: 323,380,441,324,382,442
382: 324,325,383,381,442,443
383: 325,326,382,443,444,384
384: 327,385,326,383,444,445
385: 328,327,386,384,445,18210
386: 328,385,17655,329,18210,17159
387: 388,17159,16771,17655,447,448
388: 330,331,17159,16042,16771,387
389: 16042,16771,449,390,332,450
390: 391,17234,332,389,450,451
391: 390,17234,17578,392,451,452
392: 391,17578,452,18221,453
393: 336,335,394,18221,453,454
394: 336,337,393,455,454,395
395: 396,338,337,394,455,456
396: 339,395,397,338,457,456
397: 396,339,340,458,457,398
398: 341,399,340,397,458,459
399: 341,342,400,398,459,460
400: 342,399,460,401,343,461
401: 344,402,343,400,462,461
402: 344,345,401,403,462,463
403: 345,402,463,346,404,464
404: 346,347,405,403,465,464
405: 348,347,404,406,465,466
406: 348,405,466,349,18044,467
407: 350,408,17130,18553,349,18044
408: 17130,407,18044,15898,468,469,351
409: 15671,352,351,469,470,16343
410: 353,14923,15671,14530,14400,411
411: 14400,472,410,13124,14530,14249
412: 413,355,14400,354,473,472
413: 412,356,355,473,474,15219
414: 14807,474,15219,415,416,475
415: 15219,357,416,358,414
416: 14807,415,13593,358,414,14431,359
417: 360,418,478,305,14431,359
418: 417,360,13079,478,14636,419
419: 481,13247,480,13079,418,14636,479
420: 12986,12767,13247,12151,14552,362
421: 482,13163,483,16248,12736,15853
422: 14151,13741,11929,12798,13909
423: 13377,15012,12289,13853,14214,11786
424: 425,488,14214,13010,11786,15251
425: 11897,488,12885,12490,424,13111,15251
426: 366,12677,427,13960,12697,490
427: 13581,426,366,491,490,428
428: 491,492,13581,368,427,15773
429: 15612,493,14351,15773,369,430,14213
430: 370,15425,14213,14351,429
431: 432,495,15425,14351,494,371
432: 433,431,496,495,371,372
433: 432,497,496,372,373,434
434: 14726,435,373,433,497,374
435: 434,14635,498,14726,564,497
436: 437,16969,318,15587,16023,376
437: 501,438,436,16969,376,377
438: 437,501,502,17268,378,377,439
439: 440,503,378,502,438,379
440: 504,503,441,439,380,379
441: 504,440,381,380,442,505
442: 506,443,505,381,441,382
443: 506,442,507,444,383,382
444: 507,443,383,384,508,445
445: 508,509,446,18210,444,385,384
446: 445,509,510,18210,447
447: 510,446,18210,17655,387,511,448
448: 512,511,449,447,16771,387
449: 512,513,448,389,16771,450
450: 514,451,389,513,449,390
451: 515,514,450,452,390,391
452: 515,516,451,391,392,453
453: 517,454,392,516,452,393,18221
454: 517,453,518,455,394,393
455: 518,454,394,395,519,456
456: 520,519,457,455,396,395
457: 458,521,520,456,396,397
458: 521,457,397,398,459,522
459: 523,460,522,458,399,398
460: 459,523,524,399,400,461
461: 462,525,400,524,460,401
462: 525,526,463,461,402,401
463: 462,526,527,402,403,464
464: 465,528,403,463,527,404
465: 529,466,528,464,405,404
466: 465,529,530,405,406,467
467: 531,468,406,466,530,18044
468: 15898,532,467,531,408,18044
469: 15898,408,409,351,16343
470: 13124,13088,17047,14530,16343,15671,409
471: 13124,535,13088,534,602,13022
472: 412,14400,411,473,536,14249
473: 412,413,472,537,536,538,474
474: 15219,414,413,473,538,475
475: 604,13892,14298,538,14807,474,414
476: 13892,539,13593,477,13114,540
477: 13114,541,13593,476,478,14431
478: 417,418,14636,14431,477,541
479: 14636,542,419,480,12508
480: 481,419,545,479,544,12508
481: 12986,13247,12447,419,480,545
482: 15465,546,421,483,16248,12528
483: 546,482,421,13163,12448,547
484: 13602,16772,11790,17036,12898
485: 15189,17247,17230,17083,15169,14591
486: 13377,15012,13270,12519,17366,14245
487: 12890,14887,12676,16247,13010,11916
488: 425,12831,12490,424,12890,13010
489: 12228,555,12697,12205,12831,13960,12490
490: 491,13974,556,555,12697,426,427
491: 15325,13974,490,428,492,427
492: 491,15325,428,15612,15773,559
493: 15612,14351,429,559,494,560,16229
494: 493,14351,560,431,495,561
495: 432,431,496,561,562,494
496: 432,433,497,495,563,562
497: 433,496,563,434,564,435
498: 14635,564,499,435,565,633,14746
499: 14635,498,16023,565,566
500: 501,566,567,16969,17268
501: 437,500,438,16969,17268
502: 438,568,17268,503,569,439
503: 504,440,569,570,439,502
504: 440,503,570,441,571,505
505: 506,442,572,504,441,571
506: 442,507,572,573,443,505
507: 506,573,574,443,444,508
508: 445,509,575,507,574,444
509: 508,445,575,576,510,446
510: 509,576,446,577,447,511
511: 512,448,578,510,577,447
512: 513,511,448,578,579,449
513: 512,579,449,514,580,450
514: 515,580,581,450,451,513
515: 516,514,581,582,451,452
516: 515,582,452,517,453,583
517: 453,584,518,454,583,516
518: 517,584,585,455,454,519
519: 520,586,456,518,585,455
520: 521,586,587,519,457,456
521: 458,520,587,588,457,522
522: 459,523,589,458,521,588
523: 459,524,460,589,590,522
524: 523,460,590,525,591,461
525: 462,526,592,591,461,524
526: 462,525,592,593,463,527
527: 526,593,463,594,528,464
528: 465,529,595,594,464,527
529: 465,466,596,595,530,528
530: 529,466,596,467,531,597
531: 532,467,598,468,597,530
532: 15898,531,598,599,468,533
533: 17047,600,16343,15898,532,599
534: 471,535,13088,17047,600,669,601
535: 471,534,601,602,670
536: 537,15474,14249,473,472
537: 15220,536,603,15474,538,473,604
538: 537,473,474,604,475
539: 606,476,13892,605,14298,540
540: 607,13114,13804,606,476,539
541: 542,477,13114,12973,478,14636
542: 12973,541,12780,14636,479,12508
543: 12902,544,12508,610,12780,609
544: 12902,12508,543,13104,480,545
545: 481,12447,480,544,12857,13104
546: 15465,482,12448,483,613,15095
547: 13163,12448,483,14206,16701,14783
548: 11970,12898,13187,16772,18327
549: 15486,15542,13602,15854,16772
550: 13512,14678,17656,16063,17591,13584
551: 14887,11916,13050,12076,15440,14203
552: 14203,17447,12095,12173,16247,11916
553: 621,12095,12173,554,622,12205
554: 13011,622,12228,623,12205,17756,553
555: 12228,489,623,12697,556,490
556: 13974,490,13784,623,555,624
557: 558,15325,13974,13784,626
558: 557,15325,16654,626,627,559
559: 627,15612,493,16229,558,15325,492
560: 493,494,16229,628,629,561
561: 495,562,494,560,629,630
562: 496,495,563,561,630,631
563: 497,496,562,632,631,564
564: 498,435,497,563,632,633
565: 498,499,634,14746,566
566: 567,500,499,565,634,635
567: 566,500,568,17268,636,635
568: 502,567,17268,637,636,569
569: 503,570,502,568,637,638
570: 504,503,569,571,639,638
571: 504,570,639,572,505,640
572: 506,573,505,571,641,640
573: 506,507,572,574,642,641
574: 507,573,642,508,575,643
575: 508,509,576,574,644,643
576: 509,575,510,577,645,644
577: 576,510,645,511,578,646
578: 512,511,579,577,647,646
579: 512,513,578,648,647,580
580: 514,581,513,579,648,649
581: 515,514,580,582,650,649
582: 515,516,581,651,650,583
583: 517,584,516,582,651,652
584: 517,518,585,583,652,653
585: 584,518,653,586,519,654
586: 520,587,519,585,655,654
587: 521,520,586,588,656,655
588: 521,587,656,589,522,657
589: 523,590,522,588,658,657
590: 523,524,589,659,658,591
591: 525,592,524,590,659,660
592: 525,526,593,591,661,660
593: 526,592,527,662,661,594
594: 595,528,593,527,662,663
595: 529,596,594,528,664,663
596: 529,595,530,665,664,597
597: 531,598,596,530,665,666
598: 532,531,599,597,667,666
599: 532,598,667,600,533,668
600: 17047,534,533,599,669,668
601: 740,669,741,535,534,670
602: 603,15474,13022,471,535,671,670
603: 537,15220,602,15474,18222,671
604: 475,14298,17385,537,15220,538
605: 606,539,14298,17385,18287
606: 605,539,18287,674,675,607,540
607: 14956,13804,540,606,675,676
608: 12973,14956,12780,13804,609,677,15519
609: 608,12780,15519,610,543,678
610: 13093,12902,543,609,679,678
611: 13093,12902,13797,13104,612,12296
612: 13127,12215,681,12296,611,13797
613: 12903,614,15095,12215,546,12448
614: 12903,613,683,12448,14783,13126
615: 15723,684,14299,12635,683
616: 13838,15271,17781,13935,12656,18294
617: 14167,12541,14875,13005,11906
618: 14854,17302,16315,17248,16330,11794
619: 17207,18557,15774,13207,13805,13314
620: 17447,621,12621,12095,12245,13805
621: 12621,620,12095,553,13133,622
622: 13011,554,621,553,13133,14809
623: 554,12228,555,624,17756,556
624: 623,17756,13201,13271,556,13784
625: 695,694,626,13271,13784
626: 16654,625,695,696,557,558,13784
627: 559,16229,558,16654,628,697
628: 697,698,629,17325,627,560,16229
629: 628,698,699,560,561,630
630: 700,631,699,629,561,562
631: 701,700,632,630,563,562
632: 701,631,563,564,633,702
633: 703,14746,702,632,498,564
634: 704,14746,565,566,705,635
635: 636,705,706,634,566,567
636: 637,635,707,706,567,568
637: 636,707,568,569,708,638
638: 709,708,639,637,569,570
639: 709,638,710,570,571,640
640: 711,641,571,639,710,572
641: 711,642,640,712,572,573
642: 641,712,713,573,574,643
643: 714,644,574,642,713,575
644: 714,645,643,715,575,576
645: 644,715,716,576,577,646
646: 717,647,577,645,716,578
647: 717,648,646,718,578,579
648: 647,718,579,580,649,719
649: 650,720,719,648,580,581
650: 651,649,721,720,581,582
651: 650,721,582,583,652,722
652: 653,723,722,651,584,583
653: 652,723,724,584,585,654
654: 655,725,585,653,724,586
655: 656,654,726,725,586,587
656: 727,655,726,587,588,657
657: 728,658,588,727,656,589
658: 728,659,657,729,589,590
659: 658,729,590,591,660,730
660: 731,661,730,659,592,591
661: 731,662,660,732,592,593
662: 661,732,593,594,663,733
663: 664,734,733,662,595,594
664: 665,663,734,735,596,595
665: 664,735,596,597,736,666
666: 736,667,737,665,598,597
667: 738,666,737,598,599,668
668: 669,739,599,738,667,600
669: 740,601,739,668,600,534
670: 671,742,535,601,741,602
671: 670,743,742,602,603,18222
672: 743,18222,673,17626,744
673: 17385,18287,15220,18222,672,17626
674: 17626,675,746,745,606,18287
675: 674,746,606,607,676,747
676: 677,747,748,675,607,14956
677: 676,15519,748,15796,608,14956
678: 750,679,749,609,15519,610
679: 750,751,680,678,13093,610
680: 679,751,13093,13797,14146
681: 13127,682,612,13797,14146,753
682: 12635,13127,681,14366,753
683: 12903,614,12635,13127,615,13126
684: 15723,615,12468,12635,755,829
685: 12705,12005,14263,14875,15326,13005
686: 12625,14444,14340,16025,15436,13991
687: 17132,15041,14978,14680,17261,12567
688: 15660,13447,11798,14322,14252,13771
689: 761,14300,762,12096,12197
690: 763,12281,13133,764,691,12621
691: 15576,690,13133,764,765,14809
692: 693,765,13201,766,14809,13011,17756
693: 767,15635,692,13201,766,13271,694
694: 625,695,768,693,767,13271
695: 625,694,696,769,626,768
696: 16654,695,769,626,770,17055
697: 628,17055,17325,16654,627
698: 772,628,699,629,18358,17325
699: 698,629,18358,700,630,773
700: 701,774,630,773,631,699
701: 775,700,632,774,631,702
702: 703,633,776,775,701,632
703: 704,777,633,14746,702,776
704: 778,634,703,777,14746,705
705: 635,779,706,778,634,704
706: 780,636,705,635,779,707
707: 780,637,636,706,781,708
708: 782,709,638,637,707,781
709: 782,708,639,638,783,710
710: 709,639,783,711,640,784
711: 785,641,640,712,784,710
712: 785,786,711,642,641,713
713: 786,642,712,787,714,643
714: 787,788,644,643,715,713
715: 788,714,645,644,789,716
716: 645,715,789,790,717,646
717: 790,791,647,646,718,716
718: 791,717,648,647,792,719
719: 793,649,720,648,718,792
720: 794,793,650,649,721,719
721: 795,794,651,650,720,722
722: 796,652,723,795,651,721
723: 797,796,652,653,724,722
724: 797,653,723,654,798,725
725: 799,655,654,798,726,724
726: 727,799,800,656,655,725
727: 800,656,726,728,657,801
728: 802,658,657,729,801,727
729: 728,802,803,659,658,730
730: 731,660,804,803,659,729
731: 805,661,660,732,804,730
732: 731,805,806,662,661,733
733: 807,663,734,806,662,732
734: 807,808,664,663,735,733
735: 809,808,665,664,734,736
736: 810,666,737,809,665,735
737: 738,736,810,811,667,666
738: 811,667,737,739,668,812
739: 740,669,668,812,813,738
740: 669,601,741,814,739,813
741: 740,601,814,815,670,742
742: 816,671,815,670,743,741
743: 816,671,672,817,742,744
744: 818,17626,745,672,817,743
745: 818,674,17626,819,746,744
746: 674,819,675,745,820,747
747: 676,821,748,675,746,820
748: 676,677,822,821,747,15796,16352
749: 750,823,678,822,15519,15796
750: 824,823,679,751,678,749
751: 750,824,825,679,680,14146,752
752: 14146,826,13538,825,751
753: 754,14146,14366,13538,682,681
754: 828,827,14366,13571,13538,753
755: 829,15179,12635,14366,13571,684
756: 16575,12468,830,757,12110,15080
757: 11801,15878,12110,16575,14263,756
758: 15883,16025,13306,12297,17962,12419
759: 15129,13683,17534,16164,13690
760: 13546,12647,12065,12261,15636,836
761: 689,837,14300,762,12257,12987
762: 689,837,761,17777,763,12281
763: 15821,690,17777,12281,764,762
764: 15821,15576,690,763,839,691
765: 692,766,15290,14809,15576,691
766: 693,15635,765,692,15290
767: 693,15635,842,694,768,843
768: 695,694,769,767,844,843
769: 695,696,768,770,844,845
770: 696,769,845,771,17055,18064,846
771: 772,17871,18064,770,847,846
772: 698,771,18358,17325,17871,18064
773: 700,774,699,18358,848,849
774: 775,701,700,773,850,849
775: 701,774,850,702,776,851
776: 703,777,702,775,852,851
777: 778,704,703,776,853,852
778: 704,777,853,705,779,854
779: 780,705,706,778,855,854
780: 779,707,706,781,856,855
781: 780,707,856,782,708,857
782: 709,708,783,781,858,857
783: 782,709,710,858,859,784
784: 785,711,783,710,859,860
785: 786,711,712,784,861,860
786: 785,712,713,861,862,787
787: 788,714,786,713,862,863
788: 787,714,715,789,864,863
789: 788,715,716,864,865,790
790: 791,717,789,716,865,866
791: 790,717,718,792,867,866
792: 791,718,867,793,719,868
793: 794,720,719,792,868,869
794: 795,793,721,720,870,869
795: 794,721,870,796,722,871
796: 797,723,722,795,871,872
797: 796,723,724,873,872,798
798: 799,725,797,724,873,874
799: 800,798,726,725,875,874
800: 727,799,726,876,875,801
801: 728,802,727,800,876,877
802: 728,803,729,801,878,877
803: 802,729,878,804,730,879
804: 731,805,730,803,880,879
805: 731,806,732,804,881,880
806: 805,732,881,807,733,882
807: 808,734,733,806,883,882
808: 809,807,734,735,884,883
809: 808,735,884,736,810,885
810: 736,811,737,809,885,886
811: 738,810,737,887,886,812
812: 739,813,738,811,887,888
813: 740,814,739,812,888,889
814: 740,741,813,890,889,815
815: 816,742,741,814,890,891
816: 815,817,743,742,892,891
817: 816,743,892,818,744,893
818: 819,745,744,817,894,893
819: 818,746,745,820,894,895
820: 819,746,895,821,747,896
821: 747,748,16352,820,897,896
822: 898,748,15796,16352,823,749,16851
823: 750,824,749,16851,899,822
824: 750,825,823,751,899,900
825: 824,751,900,826,752,901
826: 827,13538,752,825,902,901
827: 828,754,826,13538,902,903
828: 827,754,13571,903,13059,15179,904
829: 15341,755,830,15179,684,12468
830: 12449,15341,829,12468,756,15080
831: 14360,11972,907,12825,15080,12110
832: 17156,18017,12562,16678,908,12759
833: 12807,14223,12618,13919,16406,12833
834: 13683,15689,15029,16164,11802
835: 11920,13546,14835,12065,16619,14252
836: 15636,12622,12257,12647,760,14970
837: 761,762,12987,14711,17777
838: 16636,914,16690,15821,17777
839: 15821,15576,764,16636,916,840
840: 841,917,15576,839,916,17222,15290
841: 918,917,840,842,15635,15290
842: 841,918,919,767,15635,843
843: 920,844,767,842,919,768
844: 920,921,845,843,769,768
845: 844,921,769,770,922,846
846: 847,923,922,770,845,771
847: 924,923,846,848,771,17871
848: 847,924,18358,17871,773,925,849
849: 925,926,850,848,774,773
850: 927,926,849,775,774,851
851: 852,928,775,927,850,776
852: 853,851,929,928,777,776
853: 930,852,929,778,777,854
854: 855,931,778,930,853,779
855: 856,854,932,931,780,779
856: 855,932,933,780,781,857
857: 858,934,781,856,933,782
858: 857,934,935,859,782,783
859: 858,935,783,784,936,860
860: 936,861,937,859,785,784
861: 860,938,937,862,785,786
862: 861,938,786,787,939,863
863: 939,940,864,862,787,788
864: 940,863,941,865,788,789
865: 864,941,789,790,866,942
866: 867,942,943,865,790,791
867: 866,944,943,791,792,868
868: 869,945,792,867,944,793
869: 868,870,945,946,794,793
870: 869,946,947,795,794,871
871: 872,948,795,870,947,796
872: 873,871,949,948,797,796
873: 872,949,797,798,874,950
874: 875,951,950,873,799,798
875: 876,874,952,951,799,800
876: 875,952,800,801,953,877
877: 953,954,878,876,802,801
878: 954,877,955,802,803,879
879: 956,880,803,878,955,804
880: 957,956,881,879,805,804
881: 957,880,958,805,806,882
882: 959,883,806,881,958,807
883: 959,884,960,882,807,808
884: 883,961,960,809,808,885
885: 886,962,809,884,961,810
886: 885,887,962,963,810,811
887: 886,963,811,812,888,964
888: 889,965,964,887,812,813
889: 888,890,965,966,814,813
890: 889,966,814,815,967,891
891: 968,967,892,890,816,815
892: 968,969,891,816,817,893
893: 894,970,817,969,892,818
894: 971,895,970,893,818,819
895: 894,971,972,819,820,896
896: 897,973,820,895,972,821
897: 974,975,973,896,821,898,16352
898: 822,16352,897,975,16851
899: 824,823,16851,976,900,17208
900: 977,976,824,825,899,901
901: 902,978,825,977,900,826
902: 903,978,979,901,827,826
903: 980,902,979,828,827,904
904: 981,905,828,980,903,13059
905: 982,981,13046,14469,904,13059,12678
906: 12449,12678,13046,907,12812,13227
907: 12825,831,12812,15080,12449,906
908: 14360,11972,17192,16678,832,12759,13071
909: 14553,18311,16773,17272,13673,17369
910: 14242,16722,12893,17148,14057,15549
911: 13184,12000,13653,14970,990,15917
912: 990,13128,991,913,15221,15917
913: 13128,912,15917,12622,12987,14711
914: 915,16636,992,993,16690,838
915: 16636,914,916,17222,994,993
916: 915,16636,17222,839,840
917: 841,918,840,996,995,17222
918: 997,841,917,842,996,919
919: 997,918,842,920,998,843
920: 844,921,999,998,843,919
921: 920,844,999,845,1000,922
922: 1001,923,846,921,845,1000
923: 1001,1002,847,924,922,846
924: 1002,847,923,1003,848,925
925: 1004,926,849,924,1003,848
926: 1004,1005,925,927,850,849
927: 1005,926,850,1006,851,928
928: 1007,852,851,929,927,1006
929: 1007,930,853,852,928,1008
930: 853,929,1008,1009,854,931
931: 1010,1009,855,854,932,930
932: 1010,856,855,931,1011,933
933: 856,932,1011,1012,857,934
934: 1012,1013,858,857,935,933
935: 1013,1014,858,934,859,936
936: 860,1015,937,1014,935,859
937: 936,1016,861,860,1015,938
938: 1017,1016,861,937,862,939
939: 1018,940,863,1017,938,862
940: 1018,939,864,863,1019,941
941: 940,864,1019,865,1020,942
942: 1020,1021,866,943,941,865
943: 1021,1022,867,866,942,944
944: 1022,867,943,1023,868,945
945: 1023,868,869,1024,946,944
946: 1025,870,869,1024,945,947
947: 1025,870,946,871,948,1026
948: 1027,871,872,949,1026,947
949: 1028,873,1027,872,948,950
950: 1029,874,951,1028,873,949
951: 1030,1029,875,874,952,950
952: 876,1030,1031,875,951,953
953: 954,1032,877,876,1031,952
954: 1033,953,1032,878,877,955
955: 1033,954,878,956,879,1034
956: 957,1035,880,879,1034,955
957: 1035,1036,956,881,880,958
958: 957,1036,881,959,1037,882
959: 1038,1037,883,960,882,958
960: 1038,959,1039,884,883,961
961: 1039,884,960,1040,885,962
962: 1040,1041,885,886,963,961
963: 1041,1042,887,886,962,964
964: 1043,888,965,1042,887,963
965: 1043,888,1044,889,966,964
966: 1045,1044,890,889,965,967
967: 968,1046,891,1045,890,966
968: 1046,967,969,1047,892,891
969: 968,1047,892,970,1048,893
970: 894,1049,971,1048,893,969
971: 894,1049,1050,895,970,972
972: 1050,971,895,973,1051,896
973: 897,1052,974,1051,896,972
974: 897,1052,1053,975,973,17580
975: 897,1053,974,898,16851,17208
976: 977,1055,17462,900,17208,899
977: 1056,1055,976,900,978,901
978: 902,979,1057,901,1056,977
979: 980,902,903,978,1058,1057
980: 903,1058,979,981,1059,904
981: 982,905,1059,1060,904,980
982: 981,1061,905,13046,1060,14469
983: 984,1062,14290,13227,1061,14469
984: 13798,1062,983,13227,12139,12812
985: 1144,13798,16353,1063,1064
986: 15534,12833,15264,11939,13919,14891
987: 12367,12824,16645,14685,16269,16313
988: 13258,13184,12124,12000,13041,13859
989: 1069,13184,12124,14207,13653,1152,13696
990: 1070,912,15221,15917,911,13653
991: 13128,1072,17326,912,15221,992
992: 914,993,16690,13128,991,17326
993: 915,914,994,992,17326,1074,1073
994: 915,17222,993,1074,1075,995
995: 917,996,17222,994,1075,1076
996: 997,918,917,995,1076,1077
997: 918,996,919,1077,1078,998
998: 920,999,997,919,1078,1079
999: 920,921,998,1000,1079,1080
1000: 921,999,1080,1001,922,1081
1001: 1002,923,922,1000,1082,1081
1002: 1001,924,923,1003,1082,1083
1003: 1002,924,1083,1004,925,1084
1004: 1005,925,926,1003,1085,1084
1005: 1004,927,926,1006,1085,1086
1006: 1005,927,1086,1007,928,1087
1007: 929,928,1008,1006,1088,1087
1008: 1007,930,929,1088,1089,1009
1009: 1010,931,930,1008,1089,1090
1010: 1009,932,931,1011,1091,1090
1011: 1010,932,933,1091,1092,1012
1012: 1013,934,1011,933,1092,1093
1013: 1012,1014,934,935,1094,1093
1014: 1013,935,1094,936,1015,1095
1015: 936,1016,937,1014,1096,1095
1016: 1017,1015,938,937,1097,1096
1017: 1016,938,1097,1018,939,1098
1018: 939,940,1019,1017,1099,1098
1019: 1018,940,941,1100,1099,1020
1020: 1021,942,1019,941,1100,1101
1021: 1020,1022,942,943,1102,1101
1022: 1021,944,943,1103,1102,1023
1023: 1024,945,1022,944,1103,1104
1024: 1023,1025,945,946,1105,1104
1025: 1024,946,947,1106,1105,1026
1026: 1027,948,1025,947,1106,1107
1027: 1028,949,948,1026,1108,1107
1028: 1027,949,1108,1029,950,1109
1029: 1030,951,950,1028,1110,1109
1030: 1031,1029,952,951,1111,1110
1031: 1030,952,1111,953,1032,1112
1032: 1033,953,954,1031,1113,1112
1033: 954,1032,955,1114,1113,1034
1034: 1035,956,1033,955,1114,1115
1035: 957,1036,956,1034,1116,1115
1036: 957,1035,958,1117,1116,1037
1037: 1038,959,1036,958,1117,1118
1038: 959,1039,1037,960,1119,1118
1039: 1038,961,960,1120,1119,1040
1040: 1041,962,1039,961,1120,1121
1041: 1040,1042,962,963,1122,1121
1042: 1041,963,1122,1043,964,1123
1043: 1044,965,964,1042,1124,1123
1044: 1043,1045,965,966,1125,1124
1045: 1044,966,1125,1046,967,1126
1046: 968,967,1047,1045,1127,1126
1047: 968,1046,969,1128,1127,1048
1048: 1049,970,969,1047,1128,1129
1049: 1050,971,970,1048,1130,1129
1050: 1049,971,972,1131,1130,1051
1051: 1052,973,1050,972,1131,1132
1052: 974,973,17580,1051,1133,1132
1053: 974,975,17580,17462,1054,17208
1054: 17462,18328,1053,17580,1134
1055: 1056,977,1136,17462,976,18328
1056: 977,1055,1136,978,1057,1137
1057: 978,1058,979,1137,1056,1138
1058: 980,979,1057,1139,1138,1059
1059: 981,1060,980,1058,1139,1140
1060: 982,981,1061,1059,1140,1141
1061: 982,1060,14469,16298,1141,983,14290
1062: 14342,984,13798,1063,983,14290
1063: 14342,985,1144,13798,1062,1143
1064: 12961,12745,1065,985,1144,16353,13272
1065: 14257,12253,12745,1064,12034,13272
1066: 15961,16473,16773,17927,16403,17543
1067: 14361,13904,12769,13158,12019,1149
1068: 12496,13621,1069,13258,12124
1069: 989,12124,1068,13621,13696,14008
1070: 990,15221,14207,13653,1071,14713
1071: 1153,1154,14713,1072,1070,15221
1072: 991,17326,15221,18163,1154,1071
1073: 1156,1074,17326,18163,1155,993
1074: 1157,1156,1075,1073,994,993
1075: 1157,1074,994,995,1076,1158
1076: 1159,1077,1158,1075,996,995
1077: 1076,1160,1159,1078,997,996
1078: 1160,1077,997,998,1079,1161
1079: 1161,1162,1080,1078,999,998
1080: 1079,1162,1163,999,1000,1081
1081: 1082,1164,1000,1163,1080,1001
1082: 1081,1165,1164,1083,1001,1002
1083: 1082,1165,1166,1002,1003,1084
1084: 1085,1167,1003,1083,1166,1004
1085: 1084,1086,1168,1167,1004,1005
1086: 1085,1168,1169,1005,1006,1087
1087: 1088,1170,1006,1086,1169,1007
1088: 1087,1171,1170,1089,1007,1008
1089: 1088,1171,1008,1009,1090,1172
1090: 1091,1172,1173,1089,1010,1009
1091: 1090,1173,1174,1092,1010,1011
1092: 1091,1174,1011,1012,1093,1175
1093: 1094,1175,1176,1092,1012,1013
1094: 1093,1177,1176,1013,1014,1095
1095: 1096,1178,1014,1094,1177,1015
1096: 1097,1095,1179,1178,1016,1015
1097: 1096,1179,1180,1017,1016,1098
1098: 1099,1181,1017,1097,1180,1018
1099: 1100,1098,1182,1181,1018,1019
1100: 1099,1182,1019,1020,1101,1183
1101: 1102,1184,1183,1100,1020,1021
1102: 1103,1101,1185,1184,1021,1022
1103: 1102,1185,1022,1023,1104,1186
1104: 1105,1187,1186,1103,1023,1024
1105: 1106,1104,1188,1187,1025,1024
1106: 1105,1188,1025,1026,1107,1189
1107: 1108,1189,1190,1106,1027,1026
1108: 1191,1107,1190,1028,1027,1109
1109: 1110,1192,1028,1108,1191,1029
1110: 1111,1109,1193,1192,1030,1029
1111: 1110,1193,1194,1030,1031,1112
1112: 1113,1195,1031,1111,1194,1032
1113: 1114,1112,1196,1195,1033,1032
1114: 1113,1196,1033,1034,1115,1197
1115: 1116,1198,1197,1114,1035,1034
1116: 1117,1115,1199,1198,1035,1036
1117: 1116,1199,1036,1037,1118,1200
1118: 1119,1201,1200,1117,1038,1037
1119: 1120,1118,1202,1201,1038,1039
1120: 1119,1202,1039,1040,1203,1121
1121: 1203,1122,1204,1120,1040,1041
1122: 1121,1204,1205,1041,1042,1123
1123: 1124,1206,1042,1122,1205,1043
1124: 1125,1207,1206,1123,1043,1044
1125: 1124,1208,1207,1045,1044,1126
1126: 1127,1209,1045,1125,1208,1046
1127: 1128,1126,1210,1209,1046,1047
1128: 1127,1210,1047,1048,1129,1211
1129: 1130,1212,1211,1128,1049,1048
1130: 1131,1129,1213,1212,1049,1050
1131: 1130,1213,1050,1051,1132,1214
1132: 1133,1215,1214,1131,1052,1051
1133: 1132,1216,1215,1052,17580,1134
1134: 1217,1135,17580,1133,1216,1054,18328
1135: 1218,1217,1134,1136,18328
1136: 1056,1055,18328,1219,1218,1135,1137
1137: 1057,1056,1136,1219,1220,1138
1138: 1221,1220,1139,1058,1057,1137
1139: 1221,1138,1058,1059,1140,1222
1140: 1141,1223,1222,1139,1059,1060
1141: 1140,1224,1223,1061,1060,16298
1142: 14342,14290,16298,1226,15160,1225
1143: 14342,1144,1063,1227,1226,16759
1144: 985,1143,1063,12961,1064,16759
1145: 1229,15280,12610,12992,1228
1146: 15327,12946,16810,14416,14257,1229,12610
1147: 13861,15791,11884,15146,18400,18325
1148: 14097,17343,16230,13554,13697,12433
1149: 12068,13158,15061,12935,1067,12769
1150: 1234,1235,13098,13621,13235,14008
1151: 1236,16272,14291,13696,14008,1235
1152: 1236,13696,17164,989,14207
1153: 1238,1154,1071,14713,1237,15196
1154: 18163,1153,1238,1071,1239,1155,1072
1155: 18163,1154,1239,1240,1156,1073
1156: 1240,1157,1241,1074,1073,1155
1157: 1156,1241,1074,1242,1075,1158
1158: 1076,1159,1243,1157,1242,1075
1159: 1076,1160,1077,1158,1244,1243
1160: 1159,1077,1244,1245,1078,1161
1161: 1079,1162,1246,1160,1245,1078
1162: 1079,1161,1246,1163,1080,1247
1163: 1162,1080,1247,1081,1248,1164
1164: 1082,1081,1248,1165,1249,1163
1165: 1082,1164,1249,1083,1250,1166
1166: 1165,1083,1250,1084,1167,1251
1167: 1085,1084,1168,1252,1251,1166
1168: 1085,1086,1167,1252,1253,1169
1169: 1086,1168,1253,1087,1254,1170
1170: 1088,1087,1254,1171,1255,1169
1171: 1088,1170,1255,1089,1256,1172
1172: 1090,1173,1257,1171,1089,1256
1173: 1091,1090,1258,1172,1257,1174
1174: 1091,1258,1173,1259,1092,1175
1175: 1093,1260,1176,1174,1259,1092
1176: 1094,1093,1177,1175,1261,1260
1177: 1094,1261,1176,1095,1178,1262
1178: 1096,1095,1179,1262,1263,1177
1179: 1097,1096,1178,1263,1264,1180
1180: 1097,1179,1264,1098,1181,1265
1181: 1099,1098,1182,1265,1266,1180
1182: 1100,1099,1181,1267,1266,1183
1183: 1101,1184,1268,1100,1182,1267
1184: 1102,1101,1185,1268,1269,1183
1185: 1103,1102,1184,1270,1269,1186
1186: 1104,1187,1271,1103,1185,1270
1187: 1105,1104,1188,1271,1272,1186
1188: 1106,1105,1187,1272,1273,1189
1189: 1107,1190,1274,1106,1188,1273
1190: 1108,1191,1107,1189,1275,1274
1191: 1108,1190,1275,1109,1276,1192
1192: 1110,1109,1276,1193,1277,1191
1193: 1111,1110,1192,1278,1277,1194
1194: 1111,1193,1278,1112,1279,1195
1195: 1113,1112,1279,1196,1280,1194
1196: 1114,1113,1195,1281,1280,1197
1197: 1115,1198,1282,1114,1196,1281
1198: 1116,1115,1199,1283,1282,1197
1199: 1117,1116,1284,1198,1283,1200
1200: 1118,1201,1285,1117,1284,1199
1201: 1119,1118,1202,1200,1285,1286
1202: 1120,1119,1287,1201,1286,1203
1203: 1121,1204,1288,1120,1287,1202
1204: 1203,1122,1121,1288,1205,1289
1205: 1122,1204,1289,1206,1123,1290
1206: 1291,1124,1207,1123,1290,1205
1207: 1291,1125,1124,1208,1206,1292
1208: 1125,1207,1292,1126,1209,1293
1209: 1294,1127,1126,1210,1293,1208
1210: 1294,1128,1127,1209,1295,1211
1211: 1129,1212,1296,1128,1210,1295
1212: 1130,1129,1213,1297,1296,1211
1213: 1298,1131,1130,1212,1297,1214
1214: 1132,1215,1299,1298,1131,1213
1215: 1133,1132,1216,1300,1299,1214
1216: 1133,1215,1300,1301,1217,1134
1217: 1301,1302,1218,1135,1134,1216
1218: 1219,1303,1302,1217,1135,1136
1219: 1303,1218,1136,1137,1220,1304
1220: 1221,1138,1305,1304,1219,1137
1221: 1220,1139,1138,1306,1305,1222
1222: 1140,1223,1307,1221,1139,1306
1223: 1140,1224,1141,1308,1307,1222
1224: 1309,1141,1223,1308,16298,1310,1225
1225: 15160,1310,16298,1224,1142
1226: 1227,15160,14790,14342,1143,1142
1227: 1311,1226,14790,1143,16759,1312
1228: 14192,1313,12992,1312,1145,15280
1229: 1145,12610,12992,15327,1146,13479
1230: 12946,12515,15418,14416,11809,15895,15264
1231: 13896,17822,12368,14804,18400
1232: 1317,11933,15887,14065,16492,13723
1233: 13596,1234,13098,12047,15061,13116,12935
1234: 13596,1150,15657,1235,1233,13098,16660
1235: 1150,1234,15657,1151,14291,14008
1236: 16272,1151,1152,13696,15606,17164
1237: 1153,1238,1323,1322,15606,15196
1238: 1153,1154,1237,1239,1323,1324,15196
1239: 1238,1154,1324,1155,1325,1240
1240: 1326,1156,1241,1239,1155,1325
1241: 1326,1240,1327,1157,1156,1242
1242: 1327,1157,1241,1158,1243,1328
1243: 1159,1158,1244,1328,1329,1242
1244: 1160,1159,1243,1245,1329,1330
1245: 1160,1244,1330,1331,1161,1246
1246: 1331,1161,1162,1247,1332,1245
1247: 1162,1246,1163,1332,1333,1248
1248: 1164,1249,1334,1163,1247,1333
1249: 1248,1165,1164,1250,1334,1335
1250: 1165,1249,1166,1335,1336,1251
1251: 1167,1252,1337,1250,1166,1336
1252: 1168,1167,1251,1253,1337,1338
1253: 1168,1252,1338,1169,1339,1254
1254: 1170,1255,1340,1253,1169,1339
1255: 1254,1171,1170,1256,1340,1341
1256: 1171,1255,1341,1172,1257,1342
1257: 1258,1172,1173,1342,1343,1256
1258: 1173,1257,1174,1259,1344,1343
1259: 1258,1174,1344,1175,1260,1345
1260: 1175,1261,1176,1346,1345,1259
1261: 1177,1260,1176,1347,1346,1262
1262: 1178,1263,1348,1177,1261,1347
1263: 1179,1178,1262,1264,1349,1348
1264: 1179,1263,1180,1350,1349,1265
1265: 1181,1266,1351,1264,1180,1350
1266: 1182,1181,1265,1267,1352,1351
1267: 1182,1266,1352,1268,1183,1353
1268: 1184,1269,1183,1354,1353,1267
1269: 1185,1184,1268,1270,1355,1354
1270: 1185,1269,1355,1271,1186,1356
1271: 1187,1272,1186,1357,1356,1270
1272: 1188,1187,1271,1273,1358,1357
1273: 1188,1272,1358,1189,1274,1359
1274: 1189,1190,1275,1359,1360,1273
1275: 1191,1190,1274,1360,1361,1276
1276: 1192,1277,1362,1191,1275,1361
1277: 1276,1193,1192,1278,1362,1363
1278: 1193,1277,1194,1363,1364,1279
1279: 1195,1280,1365,1278,1194,1364
1280: 1279,1196,1195,1281,1366,1365
1281: 1196,1280,1366,1282,1367,1197
1282: 1198,1283,1367,1197,1368,1281
1283: 1284,1199,1198,1282,1368,1369
1284: 1199,1283,1369,1200,1285,1370
1285: 1201,1200,1286,1370,1371,1284
1286: 1287,1202,1201,1285,1371,1372
1287: 1202,1286,1372,1203,1288,1373
1288: 1203,1204,1289,1373,1374,1287
1289: 1204,1288,1205,1374,1375,1290
1290: 1291,1206,1376,1205,1289,1375
1291: 1207,1206,1292,1290,1377,1376
1292: 1291,1208,1207,1378,1377,1293
1293: 1294,1209,1379,1208,1292,1378
1294: 1210,1209,1295,1293,1380,1379
1295: 1294,1210,1380,1296,1211,1381
1296: 1212,1297,1211,1382,1381,1295
1297: 1298,1213,1212,1296,1383,1382
1298: 1213,1297,1383,1384,1299,1214
1299: 1385,1384,1215,1300,1214,1298
1300: 1385,1216,1215,1299,1386,1301
1301: 1387,1302,1217,1216,1300,1386
1302: 1303,1387,1301,1218,1217,1388
1303: 1219,1302,1218,1389,1388,1304
1304: 1220,1390,1305,1219,1303,1389
1305: 1221,1220,1390,1306,1304,1391
1306: 1221,1305,1391,1392,1307,1222
1307: 1393,1223,1308,1222,1306,1392
1308: 1309,1393,1224,1223,1307,1394
1309: 1224,1308,1394,1310,17121,1395
1310: 16716,15160,17121,1225,1309,1224
1311: 1227,14790,15828,1312,15641
1312: 1228,1311,1227,15280,16759
1313: 14192,13881,1399,12992,1228,1314
1314: 13479,12024,1400,13185,1313,1399,12992
1315: 15327,12773,16810,13479,13295,1401,12024
1316: 14804,16562,15691,13482,17822,16172,18500
1317: 11933,1232,15076,15097,12899,16492
1318: 12763,13116,1492,1405,1404
1319: 15657,16660,1320,15315,13845,1406
1320: 1319,15657,1406,14291,1407
1321: 16272,1322,1407,15606,18046
1322: 1321,15606,1408,18046,1237,1323,1409
1323: 1238,1237,1324,1322,1410,1409
1324: 1238,1239,1323,1325,1411,1410
1325: 1239,1324,1411,1326,1240,1412
1326: 1240,1327,1241,1325,1413,1412
1327: 1326,1241,1242,1413,1414,1328
1328: 1243,1329,1327,1242,1414,1415
1329: 1244,1243,1328,1330,1416,1415
1330: 1244,1245,1329,1416,1417,1331
1331: 1246,1332,1245,1330,1417,1418
1332: 1331,1246,1247,1333,1419,1418
1333: 1247,1332,1419,1248,1334,1420
1334: 1248,1249,1335,1333,1421,1420
1335: 1249,1250,1334,1336,1422,1421
1336: 1250,1335,1422,1251,1337,1423
1337: 1252,1251,1338,1336,1424,1423
1338: 1252,1253,1337,1339,1425,1424
1339: 1253,1338,1425,1254,1340,1426
1340: 1254,1255,1341,1339,1426,1427
1341: 1255,1256,1340,1428,1427,1342
1342: 1257,1343,1256,1341,1428,1429
1343: 1258,1257,1342,1344,1430,1429
1344: 1258,1259,1343,1431,1430,1345
1345: 1260,1346,1259,1344,1431,1432
1346: 1261,1260,1347,1345,1433,1432
1347: 1261,1346,1433,1262,1348,1434
1348: 1262,1263,1349,1347,1435,1434
1349: 1263,1264,1350,1348,1436,1435
1350: 1264,1349,1436,1265,1351,1437
1351: 1265,1266,1352,1350,1438,1437
1352: 1267,1266,1351,1439,1438,1353
1353: 1268,1354,1267,1352,1439,1440
1354: 1268,1269,1355,1353,1441,1440
1355: 1270,1269,1354,1442,1441,1356
1356: 1271,1357,1270,1355,1442,1443
1357: 1271,1272,1358,1356,1444,1443
1358: 1272,1273,1357,1445,1444,1359
1359: 1274,1360,1273,1358,1445,1446
1360: 1275,1274,1359,1361,1447,1446
1361: 1275,1360,1447,1276,1362,1448
1362: 1276,1277,1363,1361,1449,1448
1363: 1278,1277,1362,1364,1450,1449
1364: 1278,1363,1450,1279,1365,1451
1365: 1279,1280,1366,1364,1452,1451
1366: 1281,1280,1365,1453,1452,1367
1367: 1282,1368,1281,1366,1453,1454
1368: 1283,1282,1367,1369,1455,1454
1369: 1284,1283,1368,1456,1455,1370
1370: 1285,1371,1284,1369,1456,1457
1371: 1285,1286,1370,1372,1458,1457
1372: 1287,1286,1371,1459,1458,1373
1373: 1288,1374,1287,1372,1459,1460
1374: 1288,1289,1373,1375,1461,1460
1375: 1289,1374,1461,1290,1376,1462
1376: 1291,1290,1377,1375,1463,1462
1377: 1291,1292,1378,1376,1464,1463
1378: 1292,1377,1464,1293,1379,1465
1379: 1294,1293,1380,1378,1465,1466
1380: 1294,1295,1379,1466,1467,1381
1381: 1296,1382,1295,1380,1467,1468
1382: 1297,1296,1383,1381,1469,1468
1383: 1298,1297,1382,1470,1469,1384
1384: 1385,1299,1298,1383,1470,1471
1385: 1384,1300,1299,1386,1471,1472
1386: 1385,1300,1472,1387,1301,1473
1387: 1301,1302,1388,1386,1474,1473
1388: 1303,1387,1302,1389,1474,1475
1389: 1303,1388,1475,1390,1304,1476
1390: 1305,1304,1391,1389,1476,1477
1391: 1390,1306,1305,1392,1477,1478
1392: 1306,1391,1478,1393,1307,1479
1393: 1308,1307,1394,1392,1480,1479
1394: 1309,1393,1308,1480,1481,1395
1395: 17121,1309,1394,1481,17361
1396: 1397,16716,15828,17121,1483,17998,17361
1397: 1396,15828,17998,1398,15641,1484
1398: 14192,13881,15641,1397,1485,1484
1399: 1313,13881,1486,1314,1400,14500
1400: 1314,12118,13185,1399,1487,14500
1401: 14247,13295,12773,1315,12774,12038
1402: 15646,14100,12858,15642,12796,13977
1403: 15787,14566,13167,1491,15097,12899
1404: 14286,13845,1493,1318,1492,13105,1405
1405: 13596,16660,1318,13116,1404,13845
1406: 15315,1494,1319,1320,1407,1495,16202
1407: 16272,14291,1321,1320,1406,18046,1495
1408: 18046,1497,1496,1322,1409
1409: 1498,1410,1322,1408,1497,1323
1410: 1411,1498,1409,1499,1323,1324
1411: 1410,1499,1500,1324,1325,1412
1412: 1413,1501,1325,1411,1500,1326
1413: 1501,1414,1412,1502,1326,1327
1414: 1413,1502,1327,1328,1503,1415
1415: 1416,1503,1504,1414,1328,1329
1416: 1504,1417,1415,1505,1329,1330
1417: 1416,1505,1330,1331,1506,1418
1418: 1506,1507,1419,1417,1331,1332
1419: 1507,1508,1418,1332,1333,1420
1420: 1509,1421,1333,1419,1508,1334
1421: 1509,1510,1422,1420,1334,1335
1422: 1510,1421,1511,1335,1336,1423
1423: 1424,1512,1336,1422,1511,1337
1424: 1425,1513,1423,1512,1337,1338
1425: 1424,1513,1514,1338,1339,1426
1426: 1427,1515,1339,1425,1514,1340
1427: 1428,1426,1515,1516,1340,1341
1428: 1427,1516,1341,1342,1429,1517
1429: 1430,1517,1518,1428,1342,1343
1430: 1519,1431,1429,1518,1344,1343
1431: 1519,1430,1344,1345,1520,1432
1432: 1520,1433,1521,1431,1346,1345
1433: 1522,1432,1521,1347,1346,1434
1434: 1523,1435,1347,1522,1433,1348
1435: 1523,1524,1436,1434,1349,1348
1436: 1524,1435,1525,1350,1349,1437
1437: 1438,1526,1350,1436,1525,1351
1438: 1527,1439,1437,1526,1352,1351
1439: 1527,1438,1352,1353,1440,1528
1440: 1441,1528,1529,1439,1354,1353
1441: 1530,1442,1440,1529,1355,1354
1442: 1530,1441,1355,1356,1443,1531
1443: 1444,1531,1532,1442,1357,1356
1444: 1445,1443,1533,1532,1358,1357
1445: 1444,1533,1358,1359,1534,1446
1446: 1534,1447,1535,1445,1359,1360
1447: 1446,1536,1535,1360,1361,1448
1448: 1537,1449,1361,1447,1536,1362
1449: 1537,1450,1448,1538,1362,1363
1450: 1449,1538,1539,1363,1364,1451
1451: 1540,1452,1364,1450,1539,1365
1452: 1540,1453,1451,1541,1366,1365
1453: 1452,1541,1366,1367,1454,1542
1454: 1543,1455,1542,1453,1367,1368
1455: 1544,1543,1456,1454,1368,1369
1456: 1544,1455,1369,1370,1457,1545
1457: 1546,1458,1545,1456,1370,1371
1458: 1546,1547,1459,1457,1371,1372
1459: 1547,1458,1372,1373,1548,1460
1460: 1549,1548,1461,1459,1373,1374
1461: 1550,1549,1460,1374,1375,1462
1462: 1463,1551,1375,1550,1461,1376
1463: 1464,1551,1552,1462,1377,1376
1464: 1553,1463,1552,1378,1377,1465
1465: 1554,1466,1378,1553,1464,1379
1466: 1465,1554,1555,1467,1380,1379
1467: 1555,1466,1380,1381,1556,1468
1468: 1557,1469,1556,1467,1382,1381
1469: 1470,1557,1468,1558,1383,1382
1470: 1469,1558,1383,1384,1471,1559
1471: 1472,1559,1560,1470,1385,1384
1472: 1471,1561,1560,1385,1386,1473
1473: 1474,1562,1386,1561,1472,1387
1474: 1475,1562,1563,1473,1387,1388
1475: 1474,1564,1563,1389,1388,1476
1476: 1477,1565,1389,1564,1475,1390
1477: 1566,1476,1565,1478,1390,1391
1478: 1566,1477,1567,1391,1392,1479
1479: 1480,1568,1392,1478,1567,1393
1480: 1568,1481,1569,1479,1393,1394
1481: 1480,1569,1394,1395,1482,17361,1570
1482: 1483,1571,17361,1570,18471,1481
1483: 17998,1571,1482,17361,1396
1484: 1485,1573,1397,17998,1572,1398
1485: 1486,1574,1573,14496,1484,1398,13881
1486: 1485,14496,13881,1399,14500
1487: 14230,1576,1575,14500,12118,1400
1488: 14557,15206,13993,12128,1578,17137
1489: 16074,14762,12878,12328,11819,12049
1490: 17001,15487,15381,16747,13707,18158
1491: 13868,15787,11816,1403,13872,17233,12899
1492: 14625,13105,12379,1318,12763,12866,1404
1493: 15315,14286,1404,13845,15197,16915
1494: 1585,15315,15197,1406,16202
1495: 18046,16202,1496,1406,1407
1496: 1408,1587,18046,1495,16202,1497,1586
1497: 1408,1587,1496,1498,1409,1588
1498: 1589,1410,1409,1588,1499,1497
1499: 1411,1498,1589,1410,1590,1500
1500: 1411,1590,1499,1501,1412,1591
1501: 1413,1412,1502,1592,1591,1500
1502: 1413,1501,1593,1414,1592,1503
1503: 1504,1415,1594,1593,1414,1502
1504: 1416,1503,1415,1505,1595,1594
1505: 1416,1504,1417,1596,1595,1506
1506: 1507,1418,1597,1417,1505,1596
1507: 1506,1419,1598,1508,1418,1597
1508: 1507,1419,1598,1509,1420,1599
1509: 1510,1600,1421,1420,1599,1508
1510: 1509,1601,1422,1600,1421,1511
1511: 1510,1601,1422,1423,1512,1602
1512: 1424,1513,1603,1423,1602,1511
1513: 1425,1424,1604,1603,1512,1514
1514: 1425,1604,1513,1426,1515,1605
1515: 1426,1427,1605,1516,1606,1514
1516: 1428,1607,1427,1515,1606,1517
1517: 1608,1429,1518,1428,1607,1516
1518: 1519,1608,1430,1429,1517,1609
1519: 1431,1430,1610,1518,1609,1520
1520: 1432,1611,1521,1519,1431,1610
1521: 1522,1612,1520,1433,1432,1611
1522: 1612,1433,1521,1523,1434,1613
1523: 1524,1435,1434,1614,1613,1522
1524: 1523,1615,1436,1435,1614,1525
1525: 1615,1524,1436,1616,1437,1526
1526: 1527,1617,1616,1438,1437,1525
1527: 1617,1439,1438,1526,1618,1528
1528: 1440,1529,1619,1527,1439,1618
1529: 1530,1620,1441,1440,1528,1619
1530: 1621,1620,1442,1441,1529,1531
1531: 1622,1443,1532,1621,1530,1442
1532: 1623,1622,1444,1443,1531,1533
1533: 1624,1623,1445,1444,1532,1534
1534: 1625,1446,1535,1624,1445,1533
1535: 1625,1534,1447,1626,1446,1536
1536: 1447,1626,1535,1627,1537,1448
1537: 1627,1449,1448,1628,1538,1536
1538: 1537,1629,1450,1449,1628,1539
1539: 1629,1450,1538,1540,1451,1630
1540: 1631,1452,1451,1630,1541,1539
1541: 1631,1632,1540,1453,1452,1542
1542: 1543,1454,1633,1632,1453,1541
1543: 1544,1455,1454,1542,1633,1634
1544: 1635,1543,1456,1455,1634,1545
1545: 1546,1636,1457,1544,1635,1456
1546: 1636,1547,1458,1457,1637,1545
1547: 1546,1459,1458,1637,1638,1548
1548: 1549,1460,1639,1547,1459,1638
1549: 1550,1548,1640,1461,1460,1639
1550: 1549,1640,1461,1641,1551,1462
1551: 1642,1641,1463,1552,1462,1550
1552: 1642,1553,1643,1464,1463,1551
1553: 1643,1464,1552,1465,1554,1644
1554: 1645,1465,1555,1466,1644,1553
1555: 1645,1646,1554,1466,1467,1556
1556: 1647,1557,1468,1646,1555,1467
1557: 1647,1469,1556,1468,1558,1648
1558: 1470,1557,1469,1649,1648,1559
1559: 1471,1650,1560,1470,1558,1649
1560: 1471,1650,1561,1472,1651,1559
1561: 1472,1651,1560,1562,1652,1473
1562: 1474,1653,1563,1652,1473,1561
1563: 1474,1653,1564,1654,1475,1562
1564: 1654,1475,1563,1476,1565,1655
1565: 1566,1476,1477,1655,1656,1564
1566: 1477,1565,1478,1567,1656,1657
1567: 1566,1478,1657,1658,1568,1479
1568: 1658,1659,1480,1569,1479,1567
1569: 1659,1480,1568,1481,1660,1570
1570: 1482,1661,18471,1481,1660,1569
1571: 1483,17998,1482,1572,1662,18471
1572: 17998,1571,1662,1663,1573,1484
1573: 1664,1485,1574,1663,1484,1572
1574: 1664,1485,1573,14600,14496,1665
1575: 1576,14270,1487,14500,14600,14496
1576: 1667,14230,1577,14270,1575,1487
1577: 1667,14230,1576,12128,17137,18199
1578: 13178,12876,17137,1488,15206
1579: 15913,18018,16186,17138,15943,13940,17682
1580: 13846,12706,12673,15650,17286,14474
1581: 14394,14224,1672,12177,1582,1673
1582: 12177,14625,1673,18550,1581
1583: 14286,16915,17077,13469,16471
1584: 1585,15197,16915,17077,1675,1676
1585: 15197,1584,1494,1676,16202,1586,1677
1586: 1587,16202,1496,1585,1678,1677
1587: 1497,1496,1586,1678,1679,1588
1588: 1498,1589,1587,1497,1679,1680
1589: 1498,1590,1588,1499,1681,1680
1590: 1589,1499,1500,1681,1682,1591
1591: 1501,1592,1590,1500,1682,1683
1592: 1501,1593,1502,1591,1684,1683
1593: 1502,1592,1684,1503,1594,1685
1594: 1503,1504,1595,1593,1685,1686
1595: 1504,1505,1596,1594,1686,1687
1596: 1505,1595,1687,1506,1597,1688
1597: 1506,1507,1598,1596,1688,1689
1598: 1507,1508,1597,1690,1689,1599
1599: 1509,1600,1598,1508,1690,1691
1600: 1509,1510,1601,1599,1691,1692
1601: 1510,1600,1511,1693,1692,1602
1602: 1603,1512,1601,1511,1693,1694
1603: 1604,1513,1512,1602,1694,1695
1604: 1513,1603,1514,1695,1696,1605
1605: 1515,1606,1604,1514,1696,1697
1606: 1607,1515,1605,1516,1697,1698
1607: 1516,1606,1698,1608,1517,1699
1608: 1517,1518,1609,1607,1700,1699
1609: 1519,1608,1610,1518,1700,1701
1610: 1519,1609,1701,1520,1611,1702
1611: 1612,1520,1521,1610,1703,1702
1612: 1522,1611,1521,1703,1704,1613
1613: 1523,1614,1522,1612,1704,1705
1614: 1523,1615,1524,1613,1706,1705
1615: 1524,1614,1525,1706,1707,1616
1616: 1617,1526,1615,1525,1707,1708
1617: 1527,1616,1526,1618,1709,1708
1618: 1527,1617,1709,1528,1619,1710
1619: 1620,1528,1529,1618,1711,1710
1620: 1621,1530,1529,1619,1712,1711
1621: 1530,1620,1712,1622,1531,1713
1622: 1623,1531,1532,1621,1714,1713
1623: 1624,1622,1533,1532,1715,1714
1624: 1623,1533,1715,1625,1534,1716
1625: 1534,1626,1535,1624,1716,1717
1626: 1625,1536,1535,1717,1718,1627
1627: 1537,1628,1626,1536,1718,1719
1628: 1627,1537,1629,1538,1720,1719
1629: 1628,1538,1539,1720,1721,1630
1630: 1631,1540,1629,1539,1721,1722
1631: 1632,1540,1630,1541,1723,1722
1632: 1631,1541,1723,1542,1633,1724
1633: 1543,1542,1634,1632,1725,1724
1634: 1544,1635,1543,1633,1726,1725
1635: 1544,1634,1726,1636,1545,1727
1636: 1546,1637,1545,1635,1728,1727
1637: 1546,1636,1547,1638,1729,1728
1638: 1547,1637,1729,1548,1639,1730
1639: 1549,1548,1640,1638,1731,1730
1640: 1550,1549,1639,1732,1731,1641
1641: 1642,1551,1550,1640,1732,1733
1642: 1641,1643,1551,1552,1734,1733
1643: 1642,1553,1552,1735,1734,1644
1644: 1645,1554,1553,1643,1735,1736
1645: 1646,1554,1555,1644,1737,1736
1646: 1645,1555,1737,1647,1556,1738
1647: 1557,1556,1648,1646,1739,1738
1648: 1647,1557,1558,1649,1740,1739
1649: 1558,1648,1740,1650,1559,1741
1650: 1651,1559,1560,1649,1741,1742
1651: 1650,1561,1560,1743,1742,1652
1652: 1653,1562,1561,1651,1743,1744
1653: 1654,1562,1563,1652,1745,1744
1654: 1653,1564,1563,1745,1746,1655
1655: 1565,1656,1564,1654,1746,1747
1656: 1566,1565,1655,1657,1748,1747
1657: 1566,1567,1656,1748,1749,1658
1658: 1659,1568,1567,1657,1749,1750
1659: 1658,1568,1660,1569,1750,1751
1660: 1659,1569,1751,1570,1661,1752
1661: 1570,1662,18471,1660,1753,1752
1662: 1571,1661,1572,18471,1753,1754,1663
1663: 1664,1573,1572,1662,1754,1755
1664: 1574,1663,1573,1665,1756,1755
1665: 1664,1574,14600,1757,1756,1666
1666: 13663,14270,14600,1665,1757,1758
1667: 13663,1759,1577,1576,14270,13073,18199
1668: 12099,13178,12235,18199,13073,16366,12940
1669: 13747,1761,16221,14999,12286,15131
1670: 17365,16788,14729,13692,16717,18089
1671: 14161,16711,16987,18125,17481,18497
1672: 14224,12715,1581,1764,13889,1673
1673: 1582,13869,18550,1672,1581,13889,1765
1674: 1767,16471,1766,15930,17077
1675: 1767,1768,1676,1584,17077
1676: 1675,1768,1769,1585,1584,1677
1677: 1770,1678,1585,1676,1769,1586
1678: 1770,1771,1679,1677,1587,1586
1679: 1771,1678,1587,1588,1772,1680
1680: 1772,1681,1773,1679,1589,1588
1681: 1774,1773,1680,1682,1589,1590
1682: 1681,1774,1590,1591,1775,1683
1683: 1684,1776,1775,1682,1592,1591
1684: 1777,1776,1683,1593,1592,1685
1685: 1778,1686,1593,1777,1684,1594
1686: 1685,1779,1778,1687,1595,1594
1687: 1779,1686,1780,1596,1595,1688
1688: 1689,1781,1596,1687,1780,1597
1689: 1690,1688,1782,1781,1598,1597
1690: 1782,1689,1598,1599,1691,1783
1691: 1783,1692,1784,1690,1600,1599
1692: 1691,1785,1693,1784,1601,1600
1693: 1785,1692,1601,1602,1694,1786
1694: 1786,1695,1787,1693,1603,1602
1695: 1694,1788,1787,1696,1604,1603
1696: 1788,1695,1604,1605,1697,1789
1697: 1790,1789,1698,1696,1605,1606
1698: 1697,1791,1790,1607,1606,1699
1699: 1700,1792,1607,1791,1698,1608
1700: 1699,1793,1792,1701,1608,1609
1701: 1700,1793,1794,1610,1609,1702
1702: 1703,1795,1610,1701,1794,1611
1703: 1702,1796,1795,1704,1612,1611
1704: 1703,1796,1612,1613,1705,1797
1705: 1706,1798,1797,1704,1614,1613
1706: 1705,1799,1798,1707,1615,1614
1707: 1706,1799,1615,1616,1708,1800
1708: 1709,1801,1800,1707,1617,1616
1709: 1708,1802,1801,1617,1618,1710
1710: 1711,1803,1618,1709,1802,1619
1711: 1712,1710,1804,1803,1620,1619
1712: 1711,1805,1804,1621,1620,1713
1713: 1714,1806,1621,1712,1805,1622
1714: 1715,1807,1806,1713,1623,1622
1715: 1714,1808,1807,1624,1623,1716
1716: 1717,1809,1624,1715,1808,1625
1717: 1716,1809,1810,1718,1625,1626
1718: 1717,1810,1626,1627,1719,1811
1719: 1720,1812,1811,1718,1627,1628
1720: 1719,1813,1812,1721,1629,1628
1721: 1720,1813,1629,1630,1722,1814
1722: 1723,1815,1814,1721,1631,1630
1723: 1722,1816,1815,1631,1632,1724
1724: 1725,1817,1632,1723,1816,1633
1725: 1726,1818,1817,1724,1633,1634
1726: 1725,1818,1819,1635,1634,1727
1727: 1728,1820,1635,1726,1819,1636
1728: 1729,1820,1821,1727,1636,1637
1729: 1728,1822,1821,1637,1638,1730
1730: 1731,1823,1638,1729,1822,1639
1731: 1732,1823,1730,1824,1640,1639
1732: 1731,1824,1640,1641,1825,1733
1733: 1734,1826,1825,1732,1642,1641
1734: 1735,1827,1826,1733,1642,1643
1735: 1734,1827,1643,1644,1828,1736
1736: 1828,1737,1829,1735,1645,1644
1737: 1830,1829,1736,1645,1646,1738
1738: 1831,1739,1646,1737,1830,1647
1739: 1832,1831,1740,1738,1647,1648
1740: 1832,1739,1833,1649,1648,1741
1741: 1742,1834,1649,1740,1833,1650
1742: 1741,1743,1835,1834,1650,1651
1743: 1742,1835,1651,1652,1744,1836
1744: 1745,1837,1836,1743,1653,1652
1745: 1744,1837,1746,1838,1653,1654
1746: 1745,1838,1654,1655,1747,1839
1747: 1748,1840,1839,1746,1655,1656
1748: 1841,1840,1749,1747,1656,1657
1749: 1748,1841,1657,1658,1750,1842
1750: 1842,1843,1751,1749,1658,1659
1751: 1750,1844,1843,1659,1660,1752
1752: 1753,1845,1660,1844,1751,1661
1753: 1845,1754,1846,1752,1661,1662
1754: 1753,1847,1846,1662,1663,1755
1755: 1848,1756,1754,1847,1664,1663
1756: 1757,1849,1848,1755,1664,1665
1757: 1849,1756,1665,1666,1758,1850
1758: 13390,1850,1851,1757,13663,1666
1759: 13663,1667,13073,13390,1760,16366
1760: 13390,1852,1759,16366,1853,12940
1761: 1854,1669,16221,1762,12286
1762: 17122,14343,1854,1761,16221,14403,18052
1763: 15520,16112,14101,17007,17002,17034
1764: 1857,1858,13889,12845,12715,1672
1765: 1859,14172,13889,1673,13869
1766: 15930,15906,1954,1860,1674,1767
1767: 1861,1860,1675,1674,1768,1766
1768: 1861,1675,1767,1862,1676,1769
1769: 1862,1768,1676,1770,1677,1863
1770: 1771,1678,1864,1677,1863,1769
1771: 1770,1678,1864,1679,1865,1772
1772: 1866,1773,1680,1771,1679,1865
1773: 1772,1866,1681,1774,1867,1680
1774: 1681,1773,1867,1868,1682,1775
1775: 1869,1776,1683,1774,1868,1682
1776: 1777,1870,1684,1869,1775,1683
1777: 1870,1684,1776,1871,1685,1778
1778: 1871,1872,1685,1779,1686,1777
1779: 1873,1872,1778,1686,1687,1780
1780: 1873,1779,1687,1688,1874,1781
1781: 1875,1688,1782,1874,1689,1780
1782: 1690,1875,1876,1689,1781,1783
1783: 1691,1784,1877,1690,1876,1782
1784: 1691,1785,1783,1692,1878,1877
1785: 1693,1879,1692,1784,1878,1786
1786: 1694,1880,1787,1785,1693,1879
1787: 1694,1880,1881,1788,1786,1695
1788: 1881,1695,1787,1882,1696,1789
1789: 1697,1883,1790,1788,1882,1696
1790: 1697,1791,1884,1883,1789,1698
1791: 1884,1790,1698,1699,1792,1885
1792: 1700,1699,1886,1793,1885,1791
1793: 1700,1887,1886,1792,1701,1794
1794: 1887,1793,1701,1702,1888,1795
1795: 1703,1702,1889,1888,1796,1794
1796: 1703,1889,1795,1890,1704,1797
1797: 1705,1891,1798,1796,1890,1704
1798: 1706,1705,1891,1799,1797,1892
1799: 1706,1798,1893,1892,1707,1800
1800: 1708,1894,1801,1799,1893,1707
1801: 1709,1708,1894,1802,1800,1895
1802: 1709,1801,1895,1710,1803,1896
1803: 1711,1710,1804,1897,1896,1802
1804: 1712,1711,1805,1803,1898,1897
1805: 1712,1804,1898,1806,1713,1899
1806: 1714,1900,1807,1713,1899,1805
1807: 1715,1714,1900,1808,1806,1901
1808: 1715,1807,1901,1716,1809,1902
1809: 1716,1717,1810,1903,1902,1808
1810: 1717,1809,1718,1904,1903,1811
1811: 1905,1719,1812,1810,1718,1904
1812: 1905,1720,1719,1813,1811,1906
1813: 1720,1812,1906,1721,1907,1814
1814: 1908,1722,1815,1813,1721,1907
1815: 1908,1723,1722,1816,1814,1909
1816: 1723,1815,1909,1817,1910,1724
1817: 1911,1725,1818,1910,1724,1816
1818: 1911,1726,1725,1817,1819,1912
1819: 1726,1818,1912,1913,1820,1727
1820: 1913,1728,1821,1914,1727,1819
1821: 1729,1728,1822,1915,1820,1914
1822: 1729,1915,1821,1823,1730,1916
1823: 1917,1731,1730,1824,1916,1822
1824: 1917,1732,1731,1823,1918,1825
1825: 1919,1826,1733,1732,1918,1824
1826: 1919,1734,1827,1825,1733,1920
1827: 1735,1734,1826,1921,1920,1828
1828: 1922,1829,1736,1735,1827,1921
1829: 1922,1828,1737,1830,1923,1736
1830: 1737,1829,1923,1831,1924,1738
1831: 1832,1739,1925,1924,1738,1830
1832: 1831,1740,1739,1833,1926,1925
1833: 1832,1740,1926,1741,1927,1834
1834: 1741,1927,1928,1742,1835,1833
1835: 1743,1928,1929,1742,1834,1836
1836: 1930,1744,1837,1743,1929,1835
1837: 1745,1930,1744,1931,1838,1836
1838: 1745,1932,1837,1746,1931,1839
1839: 1933,1840,1747,1932,1746,1838
1840: 1748,1933,1934,1841,1747,1839
1841: 1748,1934,1840,1749,1935,1842
1842: 1750,1936,1843,1841,1749,1935
1843: 1750,1936,1842,1844,1937,1751
1844: 1843,1937,1751,1845,1938,1752
1845: 1753,1846,1939,1938,1752,1844
1846: 1753,1845,1754,1847,1939,1940
1847: 1754,1846,1940,1848,1941,1755
1848: 1942,1849,1941,1756,1755,1847
1849: 1757,1942,1848,1943,1756,1850
1850: 1944,1758,1851,1757,1849,1943
1851: 1944,1945,13390,1758,1852,1850
1852: 1945,13390,1946,1851,1760,1853
1853: 13060,15295,12940,1946,1852,1760
1854: 1761,1762,12286,15358,17477,14383,18052
1855: 16407,12930,17424,12978,15454,13181
1856: 15595,13210,13431,12129,12953,2045
1857: 15408,1764,1952,1858,13135,12845,17352
1858: 1764,1857,1952,13889,14172,14193
1859: 15930,15906,14172,1765,15652,13869
1860: 1861,1767,1766,1954,17604,1955
1861: 1860,1767,1862,1768,17604,1956
1862: 1861,1768,1769,1956,1957,1863
1863: 1770,1864,1862,1769,1957,1958
1864: 1770,1771,1863,1865,1959,1958
1865: 1771,1864,1959,1772,1866,1960
1866: 1772,1773,1867,1865,1960,1961
1867: 1866,1774,1773,1868,1961,1962
1868: 1774,1867,1962,1869,1775,1963
1869: 1870,1776,1775,1868,1963,1964
1870: 1777,1869,1776,1964,1965,1871
1871: 1872,1778,1777,1870,1965,1966
1872: 1873,1871,1779,1778,1966,1967
1873: 1872,1779,1780,1967,1968,1874
1874: 1875,1781,1873,1780,1968,1969
1875: 1876,1782,1874,1781,1969,1970
1876: 1875,1782,1970,1783,1877,1971
1877: 1783,1784,1878,1876,1972,1971
1878: 1785,1879,1784,1877,1972,1973
1879: 1785,1878,1973,1880,1786,1974
1880: 1881,1786,1787,1879,1975,1974
1881: 1880,1788,1787,1882,1975,1976
1882: 1881,1788,1976,1883,1789,1977
1883: 1884,1790,1789,1882,1978,1977
1884: 1791,1883,1790,1978,1979,1885
1885: 1886,1792,1791,1884,1979,1980
1886: 1887,1793,1792,1885,1981,1980
1887: 1886,1793,1794,1981,1982,1888
1888: 1889,1795,1887,1794,1982,1983
1889: 1888,1796,1795,1890,1984,1983
1890: 1889,1796,1984,1891,1797,1985
1891: 1798,1797,1892,1890,1986,1985
1892: 1891,1799,1798,1893,1987,1986
1893: 1799,1892,1987,1894,1800,1988
1894: 1801,1800,1895,1893,1989,1988
1895: 1894,1802,1801,1990,1989,1896
1896: 1803,1897,1802,1895,1990,1991
1897: 1804,1803,1898,1896,1992,1991
1898: 1805,1804,1897,1993,1992,1899
1899: 1900,1806,1805,1898,1993,1994
1900: 1807,1806,1901,1899,1995,1994
1901: 1900,1808,1807,1996,1995,1902
1902: 1809,1903,1808,1901,1996,1997
1903: 1809,1810,1904,1902,1997,1998
1904: 1810,1903,1998,1905,1811,1999
1905: 1812,1811,1906,1904,2000,1999
1906: 1905,1813,1812,1907,2001,2000
1907: 1813,1906,2001,1908,1814,2002
1908: 1815,1814,1909,1907,2003,2002
1909: 1908,1816,1815,2003,2004,1910
1910: 1911,1817,1816,1909,2004,2005
1911: 1818,1817,1912,1910,2006,2005
1912: 1911,1818,1819,2006,2007,1913
1913: 1820,1914,1819,1912,2007,2008
1914: 1913,1915,1820,1821,2009,2008
1915: 1822,1821,1914,2010,2009,1916
1916: 1917,1823,1822,1915,2010,2011
1917: 1823,1918,1824,1916,2012,2011
1918: 1917,1824,2012,1919,1825,2013
1919: 1826,1825,1920,1918,2014,2013
1920: 1919,1827,1826,1921,2014,2015
1921: 1827,1920,2015,1922,1828,2016
1922: 1828,1829,1923,1921,2016,2017
1923: 1922,1830,1829,2017,2018,1924
1924: 1831,1925,1830,1923,2018,2019
1925: 1832,1831,1926,1924,2020,2019
1926: 1832,1833,1925,2021,2020,1927
1927: 1928,1834,1833,1926,2021,2022
1928: 1927,1929,1835,1834,2022,2023
1929: 1928,1835,2023,1930,1836,2024
1930: 1837,1931,1836,1929,2025,2024
1931: 1932,1930,1837,1838,2026,2025
1932: 1931,1838,2026,1933,1839,2027
1933: 1934,1840,1839,1932,2028,2027
1934: 1933,1841,1840,1935,2029,2028
1935: 1934,1841,2029,1936,1842,2030
1936: 1842,1843,1937,1935,2031,2030
1937: 1936,1844,1843,2031,2032,1938
1938: 1845,1939,1844,1937,2032,2033
1939: 1845,1846,1940,1938,2034,2033
1940: 1847,1846,1939,2035,2034,1941
1941: 1942,1848,1847,1940,2035,2036
1942: 1849,1848,1941,1943,2036,2037
1943: 1942,1849,2037,1944,1850,2038
1944: 1945,1850,1851,1943,2039,2038
1945: 1944,1946,1852,1851,2039,2040
1946: 1945,1852,2040,13060,1853,2041
1947: 14878,15295,12940,17477,15358,12235,12797
1948: 2043,12741,15468,13048,13040
1949: 17750,17399,14174,15553,17295
1950: 16989,13871,15595,1951,13155,13542
1951: 15595,12953,1950,15408,13155
1952: 1857,1858,13135,2047,2048,14193
1953: 14193,15652,16188,2048,14422,16495
1954: 1766,15906,16188,2049,1860,1955
1955: 17604,2051,1954,2049,2050,1860
1956: 2052,17604,1957,18542,1861,1862
1957: 2052,1956,1862,1863,2053,1958
1958: 2053,1959,2054,1957,1864,1863
1959: 2055,1958,2054,1864,1865,1960
1960: 2056,1961,1865,2055,1959,1866
1961: 1960,2056,2057,1962,1866,1867
1962: 1961,2057,2058,1867,1868,1963
1963: 1964,2059,1868,1962,2058,1869
1964: 1963,2059,2060,1965,1870,1869
1965: 1964,2060,1870,1871,1966,2061
1966: 2061,2062,1967,1965,1871,1872
1967: 1966,2062,2063,1968,1873,1872
1968: 1967,2063,1873,1874,1969,2064
1969: 1970,2065,2064,1968,1875,1874
1970: 1969,2065,2066,1875,1876,1971
1971: 1972,2067,1876,1970,2066,1877
1972: 1973,2068,2067,1971,1878,1877
1973: 1972,2068,2069,1879,1878,1974
1974: 1975,2070,1879,1973,2069,1880
1975: 1976,2071,2070,1974,1880,1881
1976: 1975,2071,2072,1881,1882,1977
1977: 1978,2073,1882,1976,2072,1883
1978: 2073,2074,1977,1979,1884,1883
1979: 1978,2074,1884,1885,2075,1980
1980: 1981,2075,2076,1979,1886,1885
1981: 2077,1980,2076,1982,1887,1886
1982: 1981,2077,1887,1888,1983,2078
1983: 1984,2079,2078,1982,1889,1888
1984: 1983,2079,2080,1889,1890,1985
1985: 1986,2081,1890,1984,2080,1891
1986: 1987,1985,2082,2081,1891,1892
1987: 1986,2082,2083,1893,1892,1988
1988: 1989,2084,1893,1987,2083,1894
1989: 1990,1988,2085,2084,1894,1895
1990: 1989,2085,1895,1896,1991,2086
1991: 1992,2087,2086,1990,1897,1896
1992: 1993,1991,2088,2087,1898,1897
1993: 1992,2088,1898,1899,1994,2089
1994: 1995,2090,2089,1993,1900,1899
1995: 1996,1994,2091,2090,1900,1901
1996: 1995,2091,1901,1902,1997,2092
1997: 1998,2092,2093,1996,1903,1902
1998: 1997,2094,2093,1904,1903,1999
1999: 2000,2095,1904,2094,1998,1905
2000: 2001,1999,2096,2095,1905,1906
2001: 2000,2097,2096,1906,1907,2002
2002: 2003,2098,1907,2001,2097,1908
2003: 2002,2004,2099,2098,1908,1909
2004: 2003,2099,1909,1910,2005,2100
2005: 2006,2101,2100,2004,1911,1910
2006: 2005,2007,2102,2101,1911,1912
2007: 2006,2102,1912,1913,2008,2103
2008: 2009,2104,2103,2007,1913,1914
2009: 2010,2008,2105,2104,1915,1914
2010: 2009,2105,1915,1916,2106,2011
2011: 2106,2012,2107,2010,1917,1916
2012: 2011,2107,2108,1917,1918,2013
2013: 2014,2109,1918,2012,2108,1919
2014: 2110,2015,2109,2013,1919,1920
2015: 2110,2111,2014,1921,1920,2016
2016: 2017,2112,1921,2111,2015,1922
2017: 2016,2113,2018,2112,1922,1923
2018: 2113,2017,1923,1924,2019,2114
2019: 2020,2115,2114,2018,1925,1924
2020: 2021,2019,2116,2115,1926,1925
2021: 2020,2116,1926,1927,2022,2117
2022: 2023,2117,2118,2021,1927,1928
2023: 2022,2119,2118,1928,1929,2024
2024: 2025,2120,1929,2023,2119,1930
2025: 2026,2121,2120,2024,1930,1931
2026: 2122,2025,2121,1932,1931,2027
2027: 2123,2028,1932,2122,2026,1933
2028: 2123,2029,2124,2027,1933,1934
2029: 2125,2028,2124,1934,1935,2030
2030: 2031,2126,1935,2125,2029,1936
2031: 2127,2032,2126,2030,1936,1937
2032: 2127,2031,1937,1938,2033,2128
2033: 2129,2034,2128,2032,1939,1938
2034: 2129,2130,2035,2033,1939,1940
2035: 2130,2034,1940,1941,2036,2131
2036: 2131,2132,2037,2035,1942,1941
2037: 2036,2133,2132,1942,1943,2038
2038: 2039,2134,1943,2133,2037,1944
2039: 2135,2040,2134,2038,1944,1945
2040: 2136,2039,2135,1945,1946,2041
2041: 2042,2137,1946,2136,2040,13060
2042: 2041,2137,2138,15675,12816,13060
2043: 12057,13514,1948,12741,2139,13048,15754
2044: 13627,15390,16435,17243,13504
2045: 15595,13431,1856,15151,2141,13871,12275
2046: 2047,13155,2142,2143,13542,14428,13135
2047: 2046,2048,14428,1952,13135
2048: 2047,14428,1952,14193,1953,14422
2049: 16929,16495,2050,16188,1954,1955
2050: 2049,2146,16929,2147,1955,2051
2051: 2147,17604,1955,2148,18542,2050
2052: 1956,2148,1957,2149,18542,2053
2053: 2150,1958,2054,2052,1957,2149
2054: 2055,2053,2150,1959,1958,2151
2055: 1959,2054,2151,1960,2056,2152
2056: 1960,2152,1961,2057,2153,2055
2057: 2056,2154,1961,2153,1962,2058
2058: 2154,2057,1962,1963,2059,2155
2059: 1963,1964,2060,2156,2155,2058
2060: 1964,2157,2059,2156,1965,2061
2061: 1966,2158,2062,2157,2060,1965
2062: 1966,2158,2061,1967,2063,2159
2063: 2062,1967,2159,2160,1968,2064
2064: 1969,2065,2161,2063,2160,1968
2065: 1969,2162,1970,2064,2161,2066
2066: 2162,1970,2065,2067,1971,2163
2067: 1972,2164,2068,1971,2163,2066
2068: 1972,2164,1973,2067,2165,2069
2069: 1973,2068,2165,2166,2070,1974
2070: 1975,2166,2071,1974,2167,2069
2071: 1975,1976,2070,2167,2168,2072
2072: 1976,2071,2168,2073,2169,1977
2073: 1978,2169,2074,2170,1977,2072
2074: 1978,2073,2170,1979,2171,2075
2075: 2172,1980,2076,2074,1979,2171
2076: 1981,2172,2173,2075,2077,1980
2077: 1981,2173,2076,2174,1982,2078
2078: 1983,2079,2175,2077,2174,1982
2079: 1984,1983,2176,2078,2175,2080
2080: 1984,2176,2079,1985,2081,2177
2081: 1986,1985,2082,2177,2178,2080
2082: 1987,1986,2081,2083,2179,2178
2083: 1987,2082,2179,1988,2084,2180
2084: 1989,1988,2085,2180,2181,2083
2085: 1990,1989,2084,2181,2182,2086
2086: 1991,2087,2183,1990,2085,2182
2087: 1992,1991,2088,2086,2184,2183
2088: 1993,1992,2087,2185,2184,2089
2089: 1994,2090,2186,1993,2088,2185
2090: 1995,1994,2091,2089,2187,2186
2091: 1996,1995,2090,2187,2188,2092
2092: 1997,2093,2189,1996,2091,2188
2093: 1997,2094,1998,2092,2190,2189
2094: 1998,2093,2190,1999,2095,2191
2095: 2000,1999,2096,2192,2191,2094
2096: 2001,2000,2097,2095,2193,2192
2097: 2001,2096,2193,2194,2002,2098
2098: 2194,2003,2002,2099,2195,2097
2099: 2003,2004,2098,2196,2195,2100
2100: 2005,2101,2197,2004,2099,2196
2101: 2198,2006,2005,2102,2197,2100
2102: 2198,2006,2007,2101,2199,2103
2103: 2008,2104,2200,2007,2102,2199
2104: 2009,2008,2105,2201,2200,2103
2105: 2010,2009,2202,2104,2201,2106
2106: 2011,2203,2107,2010,2202,2105
2107: 2106,2012,2011,2203,2108,2204
2108: 2012,2107,2204,2109,2205,2013
2109: 2110,2014,2206,2205,2013,2108
2110: 2111,2014,2015,2206,2109,2207
2111: 2110,2015,2207,2016,2112,2208
2112: 2016,2113,2017,2209,2208,2111
2113: 2017,2018,2210,2112,2209,2114
2114: 2019,2115,2211,2113,2018,2210
2115: 2212,2020,2019,2116,2211,2114
2116: 2021,2212,2020,2115,2213,2117
2117: 2022,2118,2214,2021,2116,2213
2118: 2215,2022,2023,2117,2119,2214
2119: 2215,2023,2118,2120,2216,2024
2120: 2217,2025,2121,2216,2024,2119
2121: 2122,2217,2026,2218,2025,2120
2122: 2026,2218,2121,2123,2027,2219
2123: 2220,2028,2124,2027,2219,2122
2124: 2125,2123,2029,2220,2028,2221
2125: 2029,2124,2221,2126,2222,2030
2126: 2127,2031,2223,2222,2030,2125
2127: 2031,2032,2223,2126,2224,2128
2128: 2129,2033,2225,2127,2032,2224
2129: 2130,2034,2033,2225,2226,2128
2130: 2129,2035,2227,2034,2226,2131
2131: 2036,2132,2228,2130,2035,2227
2132: 2036,2133,2131,2037,2229,2228
2133: 2132,2037,2229,2134,2230,2038
2134: 2039,2135,2231,2230,2038,2133
2135: 2136,2039,2040,2134,2232,2231
2136: 2135,2040,2232,2041,2233,2137
2137: 2234,2042,2041,2233,2138,2136
2138: 2234,13966,2042,2137,15675,16355
2139: 2043,13048,13204,15754,16435,2236
2140: 15553,16420,17213,16356,15833,14174
2141: 15583,2238,15151,17858,2045,12275,15673
2142: 2240,2046,2143,13542,13684,2239
2143: 2240,2142,2046,14428,14472,2144
2144: 14422,2145,2241,17379,2143,14428,14472
2145: 17071,2144,14422,17379,16929,16495
2146: 17071,16929,2050,2243,2147,2244
2147: 2051,2148,2146,2050,2244,2245
2148: 2052,2147,2051,2149,18542,2245,2246
2149: 2052,2148,2246,2053,2150,2247
2150: 2053,2054,2151,2149,2248,2247
2151: 2055,2150,2054,2248,2249,2152
2152: 2056,2153,2055,2151,2249,2250
2153: 2056,2152,2154,2057,2250,2251
2154: 2057,2153,2058,2251,2252,2155
2155: 2059,2156,2154,2058,2252,2253
2156: 2157,2059,2060,2155,2253,2254
2157: 2060,2156,2254,2158,2061,2255
2158: 2061,2062,2159,2157,2256,2255
2159: 2158,2062,2063,2160,2256,2257
2160: 2063,2159,2257,2064,2161,2258
2161: 2162,2065,2064,2160,2259,2258
2162: 2065,2161,2066,2259,2260,2163
2163: 2164,2067,2162,2066,2260,2261
2164: 2068,2067,2163,2165,2262,2261
2165: 2164,2068,2069,2262,2263,2166
2166: 2070,2167,2165,2069,2263,2264
2167: 2166,2071,2070,2168,2265,2264
2168: 2071,2167,2072,2265,2266,2169
2169: 2073,2170,2168,2072,2266,2267
2170: 2073,2169,2074,2171,2267,2268
2171: 2074,2170,2268,2172,2075,2269
2172: 2173,2075,2076,2171,2270,2269
2173: 2172,2077,2076,2174,2271,2270
2174: 2173,2077,2271,2078,2175,2272
2175: 2176,2079,2078,2174,2273,2272
2176: 2079,2175,2080,2274,2273,2177
2177: 2081,2178,2176,2080,2274,2275
2178: 2082,2081,2177,2179,2275,2276
2179: 2082,2083,2178,2276,2277,2180
2180: 2084,2181,2083,2179,2277,2278
2181: 2085,2084,2180,2182,2278,2279
2182: 2085,2181,2279,2086,2183,2280
2183: 2087,2086,2184,2182,2280,2281
2184: 2088,2087,2185,2183,2282,2281
2185: 2088,2184,2282,2089,2186,2283
2186: 2090,2089,2187,2185,2283,2284
2187: 2091,2090,2188,2186,2285,2284
2188: 2091,2187,2285,2092,2189,2286
2189: 2092,2093,2190,2188,2286,2287
2190: 2094,2093,2189,2288,2287,2191
2191: 2095,2192,2094,2190,2288,2289
2192: 2096,2095,2193,2191,2289,2290
2193: 2097,2096,2192,2291,2290,2194
2194: 2098,2195,2097,2193,2291,2292
2195: 2194,2099,2098,2196,2293,2292
2196: 2099,2195,2293,2197,2100,2294
2197: 2198,2101,2100,2196,2295,2294
2198: 2102,2101,2199,2197,2296,2295
2199: 2198,2102,2296,2200,2103,2297
2200: 2104,2201,2103,2199,2297,2298
2201: 2202,2105,2104,2200,2298,2299
2202: 2105,2201,2299,2106,2203,2300
2203: 2106,2107,2204,2202,2300,2301
2204: 2203,2107,2108,2301,2302,2205
2205: 2206,2109,2108,2204,2302,2303
2206: 2110,2109,2207,2205,2303,2304
2207: 2110,2111,2206,2304,2305,2208
2208: 2112,2209,2111,2207,2305,2306
2209: 2113,2210,2112,2208,2306,2307
2210: 2113,2209,2307,2211,2114,2308
2211: 2212,2115,2114,2210,2309,2308
2212: 2116,2115,2213,2211,2309,2310
2213: 2212,2116,2310,2117,2214,2311
2214: 2215,2117,2118,2213,2312,2311
2215: 2119,2118,2214,2312,2313,2216
2216: 2217,2120,2215,2119,2313,2314
2217: 2218,2121,2120,2216,2315,2314
2218: 2122,2217,2121,2315,2316,2219
2219: 2123,2220,2122,2218,2316,2317
2220: 2123,2124,2221,2219,2318,2317
2221: 2125,2220,2124,2318,2319,2222
2222: 2223,2126,2125,2221,2319,2320
2223: 2127,2126,2222,2224,2321,2320
2224: 2127,2223,2321,2225,2128,2322
2225: 2129,2226,2128,2224,2323,2322
2226: 2129,2130,2227,2225,2324,2323
2227: 2130,2226,2324,2131,2228,2325
2228: 2131,2132,2229,2227,2326,2325
2229: 2133,2132,2228,2327,2326,2230
2230: 2134,2231,2133,2229,2327,2328
2231: 2135,2134,2232,2230,2329,2328
2232: 2136,2135,2231,2329,2233,2330
2233: 2234,2137,2331,2136,2232,2330
2234: 13966,2233,2137,2138,2332,2331
2235: 2334,13048,13204,14175,2333,16447
2236: 13504,15355,13803,2139,13204,16435
2237: 16826,15032,13292,16420,17213,12211
2238: 17082,15583,14671,2141,17858,18272
2239: 12277,16989,13944,2142,13542,13684
2240: 2142,2143,14472,13684,2338,14229
2241: 2144,17379,14472,17954,2242,2340
2242: 2243,2341,2340,17071,2241,17379
2243: 2342,2242,2341,17071,2146,2244
2244: 2245,2343,2146,2243,2342,2147
2245: 2244,2344,2343,2246,2147,2148
2246: 2245,2344,2345,2148,2149,2247
2247: 2248,2346,2149,2246,2345,2150
2248: 2247,2347,2346,2249,2150,2151
2249: 2248,2347,2151,2152,2250,2348
2250: 2348,2251,2349,2249,2152,2153
2251: 2250,2350,2349,2252,2154,2153
2252: 2251,2350,2154,2155,2253,2351
2253: 2352,2254,2351,2252,2156,2155
2254: 2352,2253,2353,2157,2156,2255
2255: 2354,2256,2157,2254,2353,2158
2256: 2354,2257,2255,2355,2158,2159
2257: 2256,2355,2356,2159,2160,2258
2258: 2357,2259,2160,2257,2356,2161
2259: 2357,2358,2258,2260,2162,2161
2260: 2259,2358,2162,2163,2261,2359
2261: 2360,2262,2359,2260,2164,2163
2262: 2360,2361,2261,2263,2164,2165
2263: 2262,2361,2165,2166,2264,2362
2264: 2363,2265,2362,2263,2166,2167
2265: 2363,2364,2264,2266,2167,2168
2266: 2265,2364,2168,2169,2365,2267
2267: 2366,2365,2268,2266,2169,2170
2268: 2366,2367,2267,2170,2171,2269
2269: 2368,2270,2171,2367,2268,2172
2270: 2369,2368,2271,2269,2172,2173
2271: 2369,2270,2370,2173,2174,2272
2272: 2371,2273,2174,2271,2370,2175
2273: 2372,2371,2274,2272,2176,2175
2274: 2372,2273,2176,2177,2373,2275
2275: 2374,2373,2276,2274,2177,2178
2276: 2375,2374,2275,2277,2179,2178
2277: 2375,2276,2179,2180,2376,2278
2278: 2377,2376,2279,2277,2180,2181
2279: 2378,2377,2278,2181,2182,2280
2280: 2379,2281,2182,2378,2279,2183
2281: 2380,2379,2282,2280,2184,2183
2282: 2381,2380,2281,2185,2184,2283
2283: 2382,2284,2185,2381,2282,2186
2284: 2383,2382,2285,2283,2187,2186
2285: 2384,2383,2284,2187,2188,2286
2286: 2385,2287,2188,2384,2285,2189
2287: 2386,2288,2385,2286,2190,2189
2288: 2386,2287,2190,2191,2387,2289
2289: 2388,2387,2290,2288,2192,2191
2290: 2389,2388,2291,2289,2193,2192
2291: 2389,2290,2193,2194,2390,2292
2292: 2391,2390,2293,2291,2194,2195
2293: 2392,2391,2292,2196,2195,2294
2294: 2393,2295,2196,2392,2293,2197
2295: 2394,2393,2296,2294,2198,2197
2296: 2395,2394,2295,2198,2199,2297
2297: 2396,2298,2199,2395,2296,2200
2298: 2397,2396,2297,2299,2201,2200
2299: 2398,2397,2298,2202,2201,2300
2300: 2399,2301,2202,2398,2299,2203
2301: 2300,2400,2399,2302,2203,2204
2302: 2400,2301,2204,2205,2303,2401
2303: 2402,2304,2401,2302,2206,2205
2304: 2403,2402,2303,2305,2206,2207
2305: 2403,2304,2207,2208,2404,2306
2306: 2404,2405,2307,2305,2209,2208
2307: 2405,2406,2306,2210,2209,2308
2308: 2407,2309,2210,2406,2307,2211
2309: 2408,2407,2310,2308,2212,2211
2310: 2408,2409,2309,2212,2213,2311
2311: 2312,2410,2213,2409,2310,2214
2312: 2411,2410,2313,2311,2215,2214
2313: 2312,2411,2215,2216,2314,2412
2314: 2315,2413,2412,2313,2217,2216
2315: 2414,2413,2316,2314,2217,2218
2316: 2315,2414,2218,2219,2317,2415
2317: 2318,2416,2415,2316,2220,2219
2318: 2417,2416,2317,2319,2220,2221
2319: 2318,2417,2221,2222,2320,2418
2320: 2321,2419,2418,2319,2223,2222
2321: 2420,2419,2320,2223,2224,2322
2322: 2323,2421,2224,2420,2321,2225
2323: 2324,2422,2421,2322,2225,2226
2324: 2323,2422,2423,2227,2226,2325
2325: 2326,2424,2227,2324,2423,2228
2326: 2327,2425,2424,2325,2229,2228
2327: 2326,2425,2229,2230,2328,2426
2328: 2427,2329,2426,2327,2231,2230
2329: 2427,2428,2328,2232,2231,2330
2330: 2429,18344,2232,2428,2329,2233,2331
2331: 2234,2233,2332,2330,18344
2332: 2234,13966,2331,17841,13755,2431
2333: 2334,2235,13755,16447,2432,13649
2334: 2235,13204,2333,13649,13219,13803
2335: 15565,14985,15380,17243,16114,12211
2336: 15583,12270,12249,17421,13629,15673
2337: 2436,13944,13684,2338,17218
2338: 17218,14229,14480,2337,2240,13684
2339: 2438,17954,14229,14480,2439,18462
2340: 2242,2341,18462,17954,2241
2341: 2441,2243,2342,2242,2440,2340,18462
2342: 2441,2243,2341,2244,2442,2343
2343: 2443,2244,2245,2344,2442,2342
2344: 2443,2245,2444,2343,2246,2345
2345: 2444,2344,2246,2247,2445,2346
2346: 2248,2247,2445,2446,2347,2345
2347: 2248,2447,2446,2346,2249,2348
2348: 2448,2250,2349,2447,2347,2249
2349: 2448,2250,2348,2251,2449,2350
2350: 2251,2449,2349,2252,2450,2351
2351: 2352,2253,2451,2350,2252,2450
2352: 2253,2451,2254,2452,2353,2351
2353: 2352,2254,2452,2354,2453,2255
2354: 2256,2453,2255,2355,2454,2353
2355: 2354,2256,2455,2257,2454,2356
2356: 2455,2257,2355,2357,2456,2258
2357: 2259,2457,2358,2456,2258,2356
2358: 2357,2259,2457,2458,2260,2359
2359: 2360,2459,2261,2358,2458,2260
2360: 2262,2361,2459,2460,2261,2359
2361: 2360,2262,2460,2263,2461,2362
2362: 2363,2462,2264,2361,2263,2461
2363: 2462,2463,2265,2364,2264,2362
2364: 2363,2463,2265,2464,2266,2365
2365: 2366,2465,2267,2364,2464,2266
2366: 2365,2465,2466,2367,2267,2268
2367: 2366,2466,2268,2368,2467,2269
2368: 2369,2468,2270,2467,2269,2367
2369: 2368,2271,2469,2468,2270,2370
2370: 2369,2271,2469,2371,2470,2272
2371: 2372,2471,2273,2470,2272,2370
2372: 2371,2274,2472,2471,2273,2373
2373: 2374,2275,2473,2372,2274,2472
2374: 2375,2373,2275,2473,2276,2474
2375: 2374,2276,2474,2277,2475,2376
2376: 2377,2278,2476,2375,2277,2475
2377: 2378,2376,2278,2476,2279,2477
2378: 2377,2279,2477,2379,2478,2280
2379: 2380,2478,2479,2280,2281,2378
2380: 2381,2379,2479,2282,2281,2480
2381: 2380,2282,2480,2382,2481,2283
2382: 2383,2481,2283,2284,2482,2381
2383: 2384,2382,2483,2285,2284,2482
2384: 2383,2483,2285,2385,2286,2484
2385: 2386,2485,2286,2287,2484,2384
2386: 2288,2385,2486,2485,2287,2387
2387: 2388,2289,2487,2386,2288,2486
2388: 2389,2387,2488,2289,2290,2487
2389: 2388,2291,2488,2489,2290,2390
2390: 2391,2490,2292,2389,2291,2489
2391: 2392,2390,2293,2491,2490,2292
2392: 2391,2293,2491,2393,2492,2294
2393: 2394,2493,2295,2492,2294,2392
2394: 2395,2393,2493,2494,2296,2295
2395: 2394,2494,2296,2396,2297,2495
2396: 2397,2496,2297,2495,2298,2395
2397: 2398,2396,2496,2298,2299,2497
2398: 2397,2299,2497,2300,2399,2498
2399: 2300,2400,2499,2498,2301,2398
2400: 2399,2500,2499,2301,2302,2401
2401: 2402,2303,2501,2400,2500,2302
2402: 2502,2403,2303,2501,2304,2401
2403: 2502,2402,2503,2304,2305,2404
2404: 2405,2504,2306,2403,2503,2305
2405: 2404,2505,2406,2504,2306,2307
2406: 2505,2405,2307,2407,2506,2308
2407: 2507,2408,2309,2506,2308,2406
2408: 2507,2508,2409,2407,2309,2310
2409: 2508,2408,2310,2509,2410,2311
2410: 2312,2411,2509,2510,2311,2409
2411: 2511,2312,2510,2410,2313,2412
2412: 2512,2413,2314,2511,2411,2313
2413: 2513,2315,2414,2512,2314,2412
2414: 2513,2315,2514,2413,2316,2415
2415: 2416,2515,2317,2414,2514,2316
2416: 2318,2417,2515,2317,2516,2415
2417: 2517,2318,2416,2319,2516,2418
2418: 2419,2518,2320,2517,2417,2319
2419: 2420,2321,2519,2518,2320,2418
2420: 2321,2419,2519,2421,2322,2520
2421: 2323,2422,2521,2322,2520,2420
2422: 2522,2324,2323,2521,2423,2421
2423: 2522,2324,2422,2523,2424,2325
2424: 2523,2326,2425,2524,2325,2423
2425: 2327,2326,2524,2525,2424,2426
2426: 2526,2427,2328,2327,2425,2525
2427: 2527,2526,2428,2329,2328,2426
2428: 2527,2427,2329,2528,2330,2429
2429: 2529,2330,2430,18344,2428,2528
2430: 2529,17841,2429,17661,2530,18344
2431: 2432,2531,2332,17841,17661,13755
2432: 15604,2532,13649,2531,2431,2333,13755
2433: 13219,12524,15355,13803,15687,13699
2434: 2533,15687,2534,13699,14052,16326
2435: 12191,17082,12270,15904,13081,14323
2436: 18114,2537,13610,14221,2337,13944,17218
2437: 2438,2538,17218,14480,15320,2537
2438: 2339,2437,14480,2439,15320,2539
2439: 2339,2438,2539,2440,18462,2540
2440: 2441,2341,18462,2541,2439,2540
2441: 2342,2440,2341,2542,2541,2442
2442: 2443,2343,2543,2441,2342,2542
2443: 2444,2344,2442,2343,2544,2543
2444: 2443,2344,2345,2545,2544,2445
2445: 2446,2346,2546,2444,2345,2545
2446: 2447,2445,2347,2346,2546,2547
2447: 2446,2347,2547,2448,2348,2548
2448: 2348,2449,2349,2548,2549,2447
2449: 2448,2350,2349,2450,2549,2550
2450: 2449,2350,2550,2451,2351,2551
2451: 2352,2452,2351,2450,2551,2552
2452: 2352,2451,2353,2552,2553,2453
2453: 2354,2454,2452,2353,2553,2554
2454: 2354,2453,2455,2355,2554,2555
2455: 2355,2454,2356,2555,2556,2456
2456: 2357,2457,2455,2356,2556,2557
2457: 2357,2358,2456,2458,2557,2558
2458: 2457,2358,2558,2459,2359,2559
2459: 2360,2460,2359,2458,2560,2559
2460: 2360,2361,2459,2461,2560,2561
2461: 2361,2460,2561,2462,2362,2562
2462: 2363,2463,2362,2461,2563,2562
2463: 2363,2462,2364,2464,2563,2564
2464: 2463,2364,2564,2365,2465,2565
2465: 2366,2365,2466,2464,2566,2565
2466: 2366,2465,2367,2566,2567,2467
2467: 2368,2468,2466,2367,2567,2568
2468: 2369,2368,2469,2467,2569,2568
2469: 2369,2468,2370,2569,2570,2470
2470: 2371,2471,2469,2370,2570,2571
2471: 2372,2371,2472,2470,2572,2571
2472: 2372,2471,2572,2373,2473,2573
2473: 2374,2373,2474,2472,2573,2574
2474: 2375,2374,2473,2475,2575,2574
2475: 2375,2474,2575,2376,2476,2576
2476: 2377,2376,2477,2475,2576,2577
2477: 2378,2377,2476,2578,2577,2478
2478: 2379,2479,2378,2477,2578,2579
2479: 2380,2379,2478,2480,2579,2580
2480: 2381,2380,2479,2581,2580,2481
2481: 2382,2482,2381,2480,2581,2582
2482: 2383,2382,2481,2483,2582,2583
2483: 2384,2383,2482,2584,2583,2484
2484: 2385,2485,2384,2483,2584,2585
2485: 2386,2385,2486,2484,2585,2586
2486: 2386,2485,2586,2387,2487,2587
2487: 2388,2387,2488,2486,2587,2588
2488: 2389,2388,2489,2487,2588,2589
2489: 2389,2488,2589,2390,2490,2590
2490: 2391,2390,2491,2489,2590,2591
2491: 2392,2391,2490,2592,2591,2492
2492: 2393,2493,2392,2491,2592,2593
2493: 2394,2393,2494,2492,2593,2594
2494: 2395,2394,2493,2595,2594,2495
2495: 2396,2496,2395,2494,2595,2596
2496: 2397,2396,2495,2497,2596,2597
2497: 2398,2397,2496,2598,2597,2498
2498: 2399,2499,2398,2497,2598,2599
2499: 2400,2399,2500,2498,2600,2599
2500: 2400,2499,2600,2501,2401,2601
2501: 2502,2402,2401,2500,2602,2601
2502: 2403,2402,2503,2501,2602,2603
2503: 2502,2403,2603,2404,2504,2604
2504: 2404,2505,2405,2503,2605,2604
2505: 2405,2406,2504,2606,2605,2506
2506: 2507,2407,2505,2406,2606,2607
2507: 2508,2408,2407,2506,2608,2607
2508: 2507,2408,2409,2608,2609,2509
2509: 2510,2410,2508,2409,2609,2610
2510: 2511,2411,2509,2410,2611,2610
2511: 2411,2510,2611,2512,2412,2612
2512: 2513,2413,2412,2511,2613,2612
2513: 2414,2512,2514,2413,2614,2613
2514: 2513,2414,2614,2515,2415,2615
2515: 2416,2516,2415,2514,2616,2615
2516: 2517,2417,2416,2515,2617,2616
2517: 2417,2516,2617,2518,2418,2618
2518: 2419,2519,2418,2517,2619,2618
2519: 2420,2419,2518,2620,2619,2520
2520: 2521,2421,2621,2420,2519,2620
2521: 2522,2422,2421,2520,2622,2621
2522: 2422,2521,2423,2623,2622,2523
2523: 2524,2424,2624,2522,2423,2623
2524: 2523,2425,2525,2424,2625,2624
2525: 2425,2524,2625,2526,2426,2626
2526: 2527,2427,2627,2426,2626,2525
2527: 2526,2427,2428,2627,2528,2628
2528: 2527,2428,2628,2529,2429,2629
2529: 2429,2430,2530,2528,2630,2629
2530: 2529,2430,17661,2631,17160,2630
2531: 2632,2432,2532,2431,17661,2631
2532: 2632,13706,15604,2432,15851,2531
2533: 15687,2633,2434,14052,13394
2534: 2635,2434,14052,16326,18376,13701
2535: 12154,17861,13051,15466,12191,12249
2536: 13937,13610,13205,13656,18100
2537: 2436,14221,2638,2538,2437,17218
2538: 2437,15320,2537,2638,14684,2639
2539: 2640,17530,2641,2438,2439,15320,2540
2540: 2642,2439,2539,2641,2440,2541
2541: 2441,2440,2542,2643,2642,2540
2542: 2441,2541,2643,2442,2543,2644
2543: 2443,2442,2544,2542,2645,2644
2544: 2443,2444,2545,2543,2645,2646
2545: 2444,2544,2646,2445,2546,2647
2546: 2445,2446,2547,2545,2648,2647
2547: 2447,2446,2546,2648,2649,2548
2548: 2448,2549,2447,2547,2649,2650
2549: 2448,2449,2548,2651,2650,2550
2550: 2651,2652,2449,2450,2549,2551
2551: 2552,2653,2450,2652,2550,2451
2552: 2551,2654,2653,2553,2451,2452
2553: 2654,2552,2452,2453,2554,2655
2554: 2655,2555,2656,2553,2453,2454
2555: 2554,2657,2656,2556,2455,2454
2556: 2657,2555,2455,2456,2557,2658
2557: 2658,2659,2558,2556,2457,2456
2558: 2557,2660,2659,2457,2458,2559
2559: 2560,2661,2458,2660,2558,2459
2560: 2559,2662,2661,2561,2459,2460
2561: 2560,2662,2663,2460,2461,2562
2562: 2563,2664,2461,2561,2663,2462
2563: 2562,2664,2665,2564,2462,2463
2564: 2563,2665,2666,2463,2464,2565
2565: 2566,2667,2464,2564,2666,2465
2566: 2565,2667,2668,2567,2465,2466
2567: 2566,2668,2466,2467,2568,2669
2568: 2569,2670,2669,2567,2468,2467
2569: 2568,2670,2671,2570,2469,2468
2570: 2569,2671,2469,2470,2672,2571
2571: 2572,2672,2673,2570,2471,2470
2572: 2673,2674,2571,2472,2471,2573
2573: 2675,2574,2472,2572,2674,2473
2574: 2575,2675,2676,2573,2473,2474
2575: 2676,2574,2677,2474,2475,2576
2576: 2678,2577,2475,2575,2677,2476
2577: 2578,2678,2679,2576,2476,2477
2578: 2679,2577,2477,2478,2579,2680
2579: 2681,2580,2680,2578,2478,2479
2580: 2581,2681,2682,2579,2479,2480
2581: 2682,2580,2480,2481,2683,2582
2582: 2684,2683,2583,2581,2481,2482
2583: 2584,2684,2582,2685,2483,2482
2584: 2583,2685,2483,2484,2686,2585
2585: 2687,2686,2586,2584,2485,2484
2586: 2687,2688,2585,2486,2485,2587
2587: 2689,2588,2486,2688,2586,2487
2588: 2689,2690,2587,2589,2488,2487
2589: 2690,2691,2588,2488,2489,2590
2590: 2692,2591,2489,2691,2589,2490
2591: 2592,2693,2590,2692,2491,2490
2592: 2693,2591,2491,2492,2593,2694
2593: 2695,2594,2694,2592,2493,2492
2594: 2595,2696,2593,2695,2493,2494
2595: 2696,2594,2494,2495,2596,2697
2596: 2698,2597,2697,2595,2496,2495
2597: 2698,2699,2596,2598,2496,2497
2598: 2699,2597,2497,2498,2599,2700
2599: 2600,2701,2700,2598,2499,2498
2600: 2701,2599,2702,2500,2499,2601
2601: 2602,2703,2500,2600,2702,2501
2602: 2704,2703,2603,2601,2502,2501
2603: 2705,2704,2602,2502,2503,2604
2604: 2605,2706,2503,2705,2603,2504
2605: 2606,2707,2706,2604,2505,2504
2606: 2707,2605,2505,2506,2607,2708
2607: 2608,2709,2708,2606,2507,2506
2608: 2710,2709,2609,2607,2507,2508
2609: 2710,2608,2508,2509,2610,2711
2610: 2712,2611,2711,2609,2509,2510
2611: 2712,2713,2610,2511,2510,2612
2612: 2714,2613,2511,2713,2611,2512
2613: 2714,2614,2715,2612,2513,2512
2614: 2716,2613,2715,2513,2514,2615
2615: 2717,2616,2514,2716,2614,2515
2616: 2717,2617,2718,2615,2515,2516
2617: 2719,2616,2718,2517,2516,2618
2618: 2619,2720,2517,2719,2617,2518
2619: 2721,2720,2618,2519,2518,2620
2620: 2519,2619,2721,2520,2621,2722
2621: 2521,2520,2622,2620,2723,2722
2622: 2522,2521,2623,2621,2724,2723
2623: 2522,2622,2724,2523,2624,2725
2624: 2523,2524,2625,2623,2726,2725
2625: 2524,2525,2624,2727,2726,2626
2626: 2526,2627,2525,2625,2727,2728
2627: 2527,2526,2626,2728,2729,2628
2628: 2730,2729,2527,2627,2528,2629
2629: 2731,2630,2528,2730,2628,2529
2630: 2732,2731,17160,2629,2529,2530
2631: 17661,2530,17160,2632,2531
2632: 15851,2532,2531,2631,2733,2734
2633: 2533,14052,2634,13706,13999,13394
2634: 2633,14052,13999,2735,2838,2736
2635: 2534,14052,18376,18212,2736,12233
2636: 17539,17601,15616,17210,14439
2637: 13062,12154,13205,13656,13238,13021,2739
2638: 2537,14221,14684,18280,2538
2639: 2742,17530,14314,14684,2538,15320
2640: 2742,17107,2539,2743,17530,2641
2641: 2640,17107,2539,2642,2744,2540
2642: 2643,2745,2744,2540,2641,2541
2643: 2745,2642,2746,2542,2541,2644
2644: 2747,2645,2542,2643,2746,2543
2645: 2748,2747,2644,2646,2544,2543
2646: 2748,2749,2645,2545,2544,2647
2647: 2750,2648,2545,2749,2646,2546
2648: 2751,2750,2647,2649,2546,2547
2649: 2751,2648,2547,2548,2752,2650
2650: 2651,2752,2753,2649,2548,2549
2651: 2754,2753,2652,2650,2550,2549
2652: 2651,2754,2550,2551,2755,2653
2653: 2551,2654,2755,2756,2552,2652
2654: 2756,2552,2653,2553,2757,2655
2655: 2554,2758,2656,2654,2553,2757
2656: 2554,2657,2655,2758,2759,2555
2657: 2759,2555,2656,2556,2760,2658
2658: 2557,2659,2761,2657,2556,2760
2659: 2557,2660,2658,2762,2558,2761
2660: 2659,2762,2558,2559,2661,2763
2661: 2560,2559,2662,2764,2763,2660
2662: 2560,2661,2561,2765,2764,2663
2663: 2662,2561,2765,2562,2664,2766
2664: 2563,2562,2766,2665,2767,2663
2665: 2563,2664,2768,2767,2564,2666
2666: 2768,2665,2564,2565,2667,2769
2667: 2566,2565,2770,2769,2668,2666
2668: 2566,2667,2770,2567,2771,2669
2669: 2568,2670,2772,2668,2567,2771
2670: 2569,2568,2669,2671,2773,2772
2671: 2569,2670,2773,2774,2570,2672
2672: 2673,2775,2571,2671,2774,2570
2673: 2572,2672,2776,2674,2775,2571
2674: 2572,2776,2673,2675,2777,2573
2675: 2676,2777,2778,2573,2574,2674
2676: 2575,2675,2779,2778,2574,2677
2677: 2575,2676,2779,2678,2780,2576
2678: 2679,2781,2780,2576,2577,2677
2679: 2578,2678,2782,2781,2577,2680
2680: 2681,2783,2579,2578,2679,2782
2681: 2682,2784,2783,2579,2580,2680
2682: 2581,2681,2785,2784,2580,2683
2683: 2684,2786,2582,2581,2682,2785
2684: 2683,2787,2786,2582,2583,2685
2685: 2584,2684,2788,2787,2583,2686
2686: 2687,2789,2585,2584,2788,2685
2687: 2688,2789,2790,2686,2585,2586
2688: 2687,2790,2586,2689,2587,2791
2689: 2690,2587,2792,2791,2588,2688
2690: 2689,2793,2792,2691,2588,2589
2691: 2690,2793,2589,2590,2794,2692
2692: 2693,2590,2795,2794,2591,2691
2693: 2592,2796,2795,2692,2591,2694
2694: 2593,2797,2695,2592,2693,2796
2695: 2696,2593,2798,2797,2594,2694
2696: 2595,2799,2798,2695,2594,2697
2697: 2698,2596,2800,2595,2696,2799
2698: 2699,2596,2800,2801,2597,2697
2699: 2698,2598,2802,2801,2597,2700
2700: 2701,2599,2803,2699,2598,2802
2701: 2600,2599,2803,2700,2804,2702
2702: 2600,2701,2804,2703,2601,2805
2703: 2704,2602,2806,2601,2805,2702
2704: 2705,2602,2807,2806,2703,2603
2705: 2704,2807,2603,2706,2808,2604
2706: 2707,2605,2809,2808,2604,2705
2707: 2606,2605,2810,2809,2706,2708
2708: 2811,2709,2607,2606,2707,2810
2709: 2811,2710,2608,2812,2607,2708
2710: 2608,2709,2813,2812,2609,2711
2711: 2712,2610,2814,2710,2813,2609
2712: 2713,2611,2610,2814,2815,2711
2713: 2712,2611,2815,2714,2612,2816
2714: 2613,2817,2715,2612,2816,2713
2715: 2714,2716,2614,2613,2817,2818
2716: 2614,2715,2818,2717,2615,2819
2717: 2616,2820,2718,2615,2819,2716
2718: 2717,2719,2617,2616,2820,2821
2719: 2617,2718,2821,2720,2618,2822
2720: 2619,2823,2721,2618,2822,2719
2721: 2824,2619,2823,2720,2620,2722
2722: 2723,2825,2620,2824,2721,2621
2723: 2724,2826,2825,2722,2622,2621
2724: 2827,2723,2826,2623,2622,2725
2725: 2828,2726,2623,2827,2724,2624
2726: 2727,2828,2829,2725,2625,2624
2727: 2726,2829,2625,2626,2728,2830
2728: 2831,2729,2830,2727,2627,2626
2729: 2730,2831,2728,2832,2628,2627
2730: 2729,2832,2628,2731,2833,2629
2731: 2834,2732,2833,2630,2629,2730
2732: 2834,2835,2731,16763,17160,2630
2733: 2734,16289,16763,17160,2632
2734: 2733,16289,15779,2735,2632,15851,13999
2735: 2837,2734,15779,13999,2634,2838
2736: 2838,18212,13761,2635,14052,2634
2737: 16804,17877,14811,16016,18301,2840
2738: 14204,18248,15644,17709,14904,18182
2739: 2842,13238,13021,16819,2637
2740: 17404,18280,13656,13238,13937
2741: 2844,14072,14314,14684,17404,18280
2742: 16000,2640,2639,2743,2846,17530,14314
2743: 2742,16610,2640,17107,2846,17530
2744: 2745,2642,2848,2847,17107,2641
2745: 2643,2849,2642,2848,2744,2746
2746: 2643,2745,2849,2850,2747,2644
2747: 2850,2748,2851,2645,2644,2746
2748: 2851,2747,2749,2645,2852,2646
2749: 2748,2852,2646,2750,2853,2647
2750: 2751,2853,2854,2648,2647,2749
2751: 2855,2750,2854,2648,2649,2752
2752: 2753,2650,2856,2855,2751,2649
2753: 2651,2754,2752,2650,2856,2857
2754: 2858,2651,2753,2652,2857,2755
2755: 2756,2653,2859,2858,2754,2652
2756: 2654,2755,2860,2653,2757,2859
2757: 2654,2860,2756,2655,2758,2861
2758: 2655,2759,2656,2861,2862,2757
2759: 2657,2758,2656,2760,2862,2863
2760: 2657,2759,2863,2658,2761,2864
2761: 2658,2659,2762,2864,2865,2760
2762: 2660,2659,2761,2865,2866,2763
2763: 2661,2764,2867,2660,2762,2866
2764: 2662,2661,2765,2763,2867,2868
2765: 2662,2764,2663,2868,2869,2766
2766: 2664,2767,2870,2765,2663,2869
2767: 2664,2768,2766,2665,2870,2871
2768: 2665,2767,2871,2872,2666,2769
2769: 2873,2667,2770,2768,2872,2666
2770: 2873,2667,2769,2668,2771,2874
2771: 2770,2668,2874,2669,2772,2875
2772: 2670,2669,2773,2875,2876,2771
2773: 2670,2671,2772,2774,2876,2877
2774: 2671,2773,2877,2672,2775,2878
2775: 2672,2776,2673,2878,2879,2774
2776: 2673,2674,2775,2880,2879,2777
2777: 2675,2778,2881,2776,2674,2880
2778: 2675,2676,2779,2777,2882,2881
2779: 2676,2778,2677,2883,2882,2780
2780: 2678,2781,2884,2779,2677,2883
2781: 2678,2679,2782,2780,2885,2884
2782: 2679,2781,2885,2783,2680,2886
2783: 2681,2784,2680,2887,2886,2782
2784: 2681,2682,2785,2783,2888,2887
2785: 2682,2784,2888,2683,2786,2889
2786: 2684,2683,2787,2890,2889,2785
2787: 2684,2788,2786,2685,2891,2890
2788: 2787,2685,2891,2789,2686,2892
2789: 2687,2790,2686,2893,2892,2788
2790: 2687,2688,2789,2894,2893,2791
2791: 2689,2792,2895,2688,2790,2894
2792: 2689,2690,2793,2791,2895,2896
2793: 2690,2792,2691,2896,2897,2794
2794: 2795,2692,2898,2793,2691,2897
2795: 2693,2796,2794,2692,2898,2899
2796: 2693,2795,2899,2797,2694,2900
2797: 2798,2695,2694,2900,2901,2796
2798: 2696,2799,2797,2695,2901,2902
2799: 2696,2798,2902,2800,2697,2903
2800: 2698,2801,2697,2904,2903,2799
2801: 2698,2699,2802,2800,2905,2904
2802: 2699,2801,2905,2803,2700,2906
2803: 2701,2700,2804,2907,2906,2802
2804: 2701,2803,2702,2908,2907,2805
2805: 2806,2703,2909,2804,2702,2908
2806: 2704,2807,2703,2805,2910,2909
2807: 2705,2704,2806,2911,2910,2808
2808: 2809,2706,2912,2705,2807,2911
2809: 2707,2810,2706,2808,2913,2912
2810: 2707,2809,2913,2811,2708,2914
2811: 2709,2812,2915,2708,2914,2810
2812: 2811,2710,2709,2813,2916,2915
2813: 2710,2812,2916,2814,2917,2711
2814: 2712,2815,2917,2918,2711,2813
2815: 2712,2713,2814,2918,2919,2816
2816: 2714,2817,2920,2713,2815,2919
2817: 2714,2715,2818,2921,2920,2816
2818: 2716,2817,2715,2922,2921,2819
2819: 2717,2820,2923,2716,2818,2922
2820: 2717,2718,2821,2819,2924,2923
2821: 2719,2820,2718,2925,2924,2822
2822: 2926,2823,2720,2719,2821,2925
2823: 2824,2927,2926,2721,2720,2822
2824: 2927,2823,2721,2928,2825,2722
2825: 2928,2723,2826,2722,2929,2824
2826: 2827,2724,2723,2825,2929,2930
2827: 2724,2826,2930,2828,2931,2725
2828: 2931,2726,2932,2829,2725,2827
2829: 2727,2828,2726,2932,2933,2830
2830: 2831,2728,2934,2727,2933,2829
2831: 2728,2729,2830,2832,2934,2935
2832: 2730,2831,2729,2936,2935,2833
2833: 2834,2937,2731,2730,2832,2936
2834: 2938,2732,2835,2937,2731,2833
2835: 2834,2938,2732,16763,2939,2836
2836: 2939,16289,16948,2835,16763
2837: 15212,2941,15779,2735,2838,14750
2838: 14750,13761,2736,2837,2735,2634
2839: 3048,15450,14941,13117,12108,13143
2840: 14364,15666,2737,16016,18301,18040
2841: 14232,12792,14567,17113,14034,15900
2842: 13436,13498,13238,2739,16819,2946,2843
2843: 2844,13816,17404,13498,2842,13238
2844: 2741,2948,14072,2843,13816,17404
2845: 2950,2949,15824,16000,2846
2846: 2742,16610,16000,2743,2950,2845
2847: 16610,17107,2951,2848,2744,2952
2848: 2745,2849,2744,2847,2952,2953
2849: 2745,2848,2746,2953,2954,2850
2850: 2851,2747,2849,2746,2954,2955
2851: 2850,2748,2747,2852,2955,2956
2852: 2748,2851,2749,2956,2957,2853
2853: 2750,2854,2749,2852,2957,2958
2854: 2855,2751,2750,2853,2958,2959
2855: 2751,2854,2959,2752,2856,2960
2856: 2752,2753,2857,2855,2961,2960
2857: 2858,2754,2753,2856,2961,2962
2858: 2754,2857,2962,2755,2859,2963
2859: 2755,2860,2756,2858,2964,2963
2860: 2756,2757,2859,2964,2965,2861
2861: 2758,2862,2860,2757,2965,2966
2862: 2758,2759,2861,2863,2966,2967
2863: 2759,2760,2862,2967,2968,2864
2864: 2761,2865,2760,2863,2968,2969
2865: 2762,2761,2864,2866,2969,2970
2866: 2762,2865,2970,2763,2867,2971
2867: 2764,2763,2868,2866,2971,2972
2868: 2765,2764,2867,2869,2973,2972
2869: 2765,2868,2973,2766,2870,2974
2870: 2766,2767,2871,2869,2974,2975
2871: 2768,2767,2870,2872,2976,2975
2872: 2768,2871,2976,2873,2769,2977
2873: 2770,2769,2874,2872,2977,2978
2874: 2873,2770,2771,2978,2979,2875
2875: 2772,2876,2771,2874,2979,2980
2876: 2773,2772,2875,2877,2981,2980
2877: 2773,2774,2876,2981,2982,2878
2878: 2775,2879,2774,2877,2982,2983
2879: 2776,2775,2878,2880,2983,2984
2880: 2776,2879,2984,2777,2881,2985
2881: 2777,2778,2882,2880,2986,2985
2882: 2779,2778,2883,2881,2986,2987
2883: 2779,2882,2987,2780,2884,2988
2884: 2781,2780,2885,2883,2989,2988
2885: 2782,2781,2884,2989,2990,2886
2886: 2783,2887,2782,2885,2990,2991
2887: 2784,2783,2888,2886,2991,2992
2888: 2785,2784,2887,2992,2993,2889
2889: 2786,2890,2785,2888,2993,2994
2890: 2787,2786,2891,2889,2994,2995
2891: 2788,2787,2890,2995,2996,2892
2892: 2789,2893,2788,2891,2996,2997
2893: 2789,2790,2894,2892,2997,2998
2894: 2790,2893,2998,2791,2895,2999
2895: 2792,2791,2896,2894,3000,2999
2896: 2793,2792,2895,2897,3001,3000
2897: 2793,2896,3001,2794,2898,3002
2898: 2795,2794,2899,2897,3002,3003
2899: 2796,2795,2898,3004,3003,2900
2900: 2797,2901,2796,2899,3004,3005
2901: 2798,2797,2900,2902,3005,3006
2902: 2799,2798,2901,3007,3006,2903
2903: 2800,2904,2799,2902,3007,3008
2904: 2800,2801,2905,2903,3008,3009
2905: 2802,2801,2904,3010,3009,2906
2906: 2803,2907,2802,2905,3010,3011
2907: 2803,2804,2908,2906,3012,3011
2908: 2804,2907,3012,2805,2909,3013
2909: 2806,2805,2910,2908,3013,3014
2910: 2807,2806,2911,2909,3015,3014
2911: 2807,2910,3015,2808,2912,3016
2912: 2809,2808,2913,2911,3017,3016
2913: 2810,2809,2912,3017,3018,2914
2914: 2811,2915,2810,2913,3018,3019
2915: 2811,2812,2916,2914,3019,3020
2916: 2813,2812,2915,3021,3020,2917
2917: 2814,2918,2813,2916,3021,3022
2918: 2814,2815,2917,2919,3023,3022
2919: 2815,2918,3023,2920,2816,3024
2920: 2817,2921,2816,2919,3025,3024
2921: 2817,2818,2922,2920,3025,3026
2922: 2818,2921,3026,2819,2923,3027
2923: 2820,2819,2924,2922,3027,3028
2924: 2820,2821,2925,2923,3028,3029
2925: 2821,2924,3029,2926,2822,3030
2926: 2927,2823,2822,2925,3031,3030
2927: 2824,2926,2823,3031,3032,2928
2928: 2825,2929,2824,2927,3032,3033
2929: 2928,2826,2825,2930,3034,3033
2930: 2827,2826,2929,3034,3035,2931
2931: 2828,2932,2827,2930,3035,3036
2932: 2828,2931,2933,2829,3037,3036
2933: 2932,2829,3037,2830,2934,3038
2934: 2831,2830,2935,2933,3039,3038
2935: 2831,2832,2934,2936,3040,3039
2936: 2832,2935,3040,2937,2833,3041
2937: 2834,2938,2833,2936,3041,3042
2938: 2834,2835,2937,3042,3043,2939
2939: 2836,16948,2938,2835,3043,15857,17010
2940: 15212,2941,16948,3044,3045,15857
2941: 2837,2940,15212,3045,14750,3046,14564
2942: 2943,14750,13761,13568,3046
2943: 2942,12944,13761,13143,13568,13117
2944: 17064,17066,15133,17330,14409,17242
2945: 17161,16796,13630,14912,14904,18182
2946: 13436,13498,2842,13166,11928,2947,3052
2947: 3052,13498,2946,13816,3053,14275
2948: 2844,14072,13816,2949,3053,3054
2949: 2948,14072,3054,15824,16000,2845
2950: 3055,3056,2951,2845,16610,2846
2951: 3056,3057,2950,16610,2847,2952
2952: 3058,2953,2847,3057,2951,2848
2953: 3058,3059,2952,2954,2849,2848
2954: 3059,2953,2849,2850,3060,2955
2955: 3060,3061,2956,2954,2850,2851
2956: 2955,3061,3062,2957,2851,2852
2957: 3062,2956,2852,2853,3063,2958
2958: 3063,3064,2959,2957,2853,2854
2959: 2958,3064,3065,2855,2854,2960
2960: 3066,2961,2855,2959,3065,2856
2961: 3066,3067,2960,2962,2856,2857
2962: 2961,3067,3068,2858,2857,2963
2963: 3069,2964,2858,2962,3068,2859
2964: 3069,3070,2963,2965,2860,2859
2965: 2964,3070,2860,2861,2966,3071
2966: 3072,2967,3071,2965,2861,2862
2967: 3072,2966,2968,3073,2862,2863
2968: 2967,3073,2863,2864,2969,3074
2969: 3075,2970,3074,2968,2864,2865
2970: 3075,3076,2969,2865,2866,2971
2971: 3077,2972,2866,3076,2970,2867
2972: 3078,2971,3077,2973,2867,2868
2973: 3078,3079,2972,2868,2869,2974
2974: 3080,2975,2869,2973,3079,2870
2975: 3081,2976,2974,3080,2870,2871
2976: 3081,2975,3082,2871,2872,2977
2977: 3083,2978,2872,2976,3082,2873
2978: 3084,2977,3083,2979,2873,2874
2979: 3084,2978,2874,2875,3085,2980
2980: 3085,2981,3086,2979,2875,2876
2981: 2980,3086,2982,3087,2876,2877
2982: 2981,3087,2877,2878,3088,2983
2983: 3089,3088,2984,2982,2878,2879
2984: 3089,2983,3090,2880,2879,2985
2985: 3091,2986,2880,2984,3090,2881
2986: 3092,3091,2987,2985,2882,2881
2987: 3092,2986,3093,2883,2882,2988
2988: 3094,2989,2883,2987,3093,2884
2989: 3095,3094,2990,2988,2885,2884
2990: 3095,2989,2885,2886,3096,2991
2991: 3097,3096,2992,2990,2887,2886
2992: 3098,3097,2991,2993,2888,2887
2993: 3098,2992,2888,2889,3099,2994
2994: 3100,3099,2995,2993,2890,2889
2995: 3101,3100,2994,2996,2891,2890
2996: 3101,2995,2891,2892,3102,2997
2997: 3102,3103,2998,2996,2893,2892
2998: 3103,3104,2997,2894,2893,2999
2999: 3105,3000,2894,3104,2998,2895
3000: 3001,3106,3105,2999,2895,2896
3001: 3106,3107,3000,2896,2897,3002
3002: 3108,3003,2897,3001,3107,2898
3003: 3004,3109,3108,3002,2898,2899
3004: 3109,3003,2899,2900,3110,3005
3005: 3111,3110,3006,3004,2900,2901
3006: 3007,3112,3111,3005,2901,2902
3007: 3112,3006,2902,2903,3008,3113
3008: 3114,3009,3113,3007,2904,2903
3009: 3010,3115,3114,3008,2905,2904
3010: 3115,3009,2905,2906,3011,3116
3011: 3012,3116,3117,3010,2907,2906
3012: 3011,3118,3117,2908,2907,3013
3013: 3119,3014,2908,3012,3118,2909
3014: 3015,3013,3120,3119,2910,2909
3015: 3121,3120,3014,2911,2910,3016
3016: 3017,3122,2911,3015,3121,2912
3017: 3016,3122,3123,3018,2913,2912
3018: 3017,3123,2913,2914,3019,3124
3019: 3125,3020,3124,3018,2915,2914
3020: 3021,3019,3125,3126,2916,2915
3021: 3126,3020,2916,2917,3127,3022
3022: 3023,3128,3127,3021,2917,2918
3023: 3128,3022,3129,2918,2919,3024
3024: 3130,3025,2919,3023,3129,2920
3025: 3130,3131,3026,3024,2921,2920
3026: 3131,3025,3132,2922,2921,3027
3027: 3028,3133,2922,3026,3132,2923
3028: 3027,3134,3029,3133,2924,2923
3029: 3134,3028,3135,2925,2924,3030
3030: 3031,3136,2925,3029,3135,2926
3031: 3137,3030,3032,3136,2927,2926
3032: 3031,3137,2927,2928,3033,3138
3033: 3139,3034,3138,3032,2928,2929
3034: 3139,3140,3035,3033,2929,2930
3035: 3034,3140,2930,2931,3036,3141
3036: 3142,3037,3141,3035,2931,2932
3037: 3142,3143,3036,2932,2933,3038
3038: 3039,3144,2933,3037,3143,2934
3039: 3145,3040,3144,3038,2934,2935
3040: 3145,3146,3039,2936,2935,3041
3041: 3147,3042,2936,3040,3146,2937
3042: 3041,3147,3043,3148,2938,2937
3043: 3042,3148,2938,2939,17010,3149
3044: 3045,16605,3150,14838,15857,2940
3045: 3044,14838,2940,2941,14564
3046: 2942,14750,13568,2941,14280,14564
3047: 14294,3152,14280,12944,13568,3153
3048: 2839,13117,12108,11984,3154,15267
3049: 18330,12691,13809,16625,16748
3050: 14946,14879,15625,12809,13166,3051
3051: 11928,15788,3050,15905,15625,13166
3052: 12362,12802,11928,2947,2946,14275
3053: 3054,13986,14275,2947,2948,13816
3054: 3053,13986,15824,15535,2948,2949
3055: 3162,3056,2950,18013
3056: 3163,3162,3055,3057,2950,2951
3057: 3163,3056,2951,3164,3058,2952
3058: 3164,3165,3059,2952,2953,3057
3059: 3165,3058,2953,3166,2954,3060
3060: 2955,3061,3167,3059,3166,2954
3061: 3060,2955,3167,3062,2956,3168
3062: 3061,2956,3168,2957,3169,3063
3063: 2958,3064,3170,3062,2957,3169
3064: 3063,2958,2959,3065,3171,3170
3065: 3064,2959,3171,3066,2960,3172
3066: 2961,3067,2960,3173,3172,3065
3067: 3066,2961,2962,3174,3173,3068
3068: 3067,2962,3174,3069,2963,3175
3069: 2964,3070,2963,3175,3176,3068
3070: 3069,2964,2965,3177,3176,3071
3071: 3072,2966,3178,3070,2965,3177
3072: 3179,2966,2967,3178,3071,3073
3073: 3072,3180,3179,2967,2968,3074
3074: 3075,2969,3181,3180,2968,3073
3075: 3076,3182,2969,2970,3181,3074
3076: 3075,3182,2970,2971,3077,3183
3077: 3078,2971,2972,3183,3184,3076
3078: 3185,3077,2973,3079,2972,3184
3079: 3078,3185,2973,2974,3080,3186
3080: 3081,2974,3186,2975,3187,3079
3081: 2976,3080,3188,2975,3187,3082
3082: 3081,2976,3188,3189,2977,3083
3083: 3084,3189,2977,3190,2978,3082
3084: 3083,3191,3190,2978,2979,3085
3085: 2980,3086,3192,3084,3191,2979
3086: 3085,2981,2980,3087,3193,3192
3087: 2981,3086,2982,3194,3193,3088
3088: 3089,2983,3195,2982,3194,3087
3089: 3088,2983,2984,3196,3090,3195
3090: 3089,2984,3196,3091,3197,2985
3091: 3092,2986,3197,3198,2985,3090
3092: 3091,2986,2987,3198,3199,3093
3093: 3092,2987,3199,3094,2988,3200
3094: 3095,2989,3201,2988,3200,3093
3095: 3094,2989,2990,3201,3202,3096
3096: 3097,3203,2991,3095,2990,3202
3097: 3098,3096,3204,3203,2991,2992
3098: 3097,3205,3204,2992,2993,3099
3099: 3100,3206,2994,3098,3205,2993
3100: 3101,3099,3207,3206,2994,2995
3101: 3100,3208,3207,2995,2996,3102
3102: 3103,3209,2997,3101,3208,2996
3103: 3102,3104,3210,3209,2997,2998
3104: 3103,3210,2998,3105,3211,2999
3105: 3106,3211,3212,3000,2999,3104
3106: 3001,3105,3212,3213,3107,3000
3107: 3001,3106,3213,3108,3002,3214
3108: 3109,3002,3215,3214,3003,3107
3109: 3004,3108,3216,3215,3003,3110
3110: 3111,3217,3005,3004,3109,3216
3111: 3112,3110,3217,3005,3006,3218
3112: 3007,3111,3006,3219,3218,3113
3113: 3114,3220,3008,3007,3112,3219
3114: 3115,3221,3220,3008,3009,3113
3115: 3010,3114,3221,3009,3222,3116
3116: 3011,3117,3223,3010,3115,3222
3117: 3012,3011,3118,3116,3224,3223
3118: 3012,3224,3117,3013,3225,3119
3119: 3226,3013,3225,3120,3014,3118
3120: 3015,3226,3121,3119,3014,3227
3121: 3015,3120,3227,3016,3122,3228
3122: 3017,3016,3229,3228,3123,3121
3123: 3017,3122,3229,3018,3230,3124
3124: 3019,3125,3231,3123,3018,3230
3125: 3019,3231,3126,3020,3232,3124
3126: 3021,3125,3233,3020,3232,3127
3127: 3234,3128,3022,3021,3233,3126
3128: 3023,3234,3127,3022,3129,3235
3129: 3023,3128,3235,3130,3024,3236
3130: 3237,3131,3025,3024,3236,3129
3131: 3237,3130,3238,3025,3026,3132
3132: 3131,3238,3026,3027,3239,3133
3133: 3027,3134,3239,3028,3240,3132
3134: 3241,3028,3029,3135,3240,3133
3135: 3241,3134,3029,3242,3030,3136
3136: 3031,3137,3242,3030,3243,3135
3137: 3244,3031,3032,3136,3243,3138
3138: 3139,3245,3033,3244,3137,3032
3139: 3034,3140,3245,3246,3033,3138
3140: 3139,3034,3247,3035,3246,3141
3141: 3142,3036,3248,3140,3247,3035
3142: 3037,3143,3036,3141,3249,3248
3143: 3142,3037,3249,3144,3038,3250
3144: 3145,3039,3251,3038,3250,3143
3145: 3040,3146,3039,3251,3144,3252
3146: 3145,3040,3252,3253,3041,3147
3147: 3253,3041,3042,3254,3148,3146
3148: 3147,3042,3043,3254,3255,3149
3149: 3256,16605,17010,3043,3148,3255
3150: 3256,3044,16605,15214,3257,14838,17045
3151: 3152,3258,14280,14564,15214,14838
3152: 14294,3258,14280,3047,3151,3259
3153: 14798,15267,14131,12944,14294,3047
3154: 14798,12750,12481,15267,3048,11984
3155: 17297,15242,14771,13459,16234,16787
3156: 15432,11889,11773,3369,13902,13508
3157: 15727,14523,14362,3477,3264,3263
3158: 12362,12802,15727,3265,3264,12558,16257
3159: 15819,3160,15296,3265,3266,14465
3160: 3159,15819,15535,3266,3267,3161
3161: 3162,18013,15535,3160,3267,3268
3162: 3163,3055,3056,3161,18013,3268,3269
3163: 3162,3056,3057,3269,3270,3164
3164: 3165,3058,3163,3057,3270,3271
3165: 3164,3058,3059,3166,3271,3272
3166: 3165,3059,3272,3060,3167,3273
3167: 3060,3061,3168,3166,3273,3274
3168: 3061,3167,3062,3169,3274,3275
3169: 3062,3168,3275,3063,3170,3276
3170: 3063,3064,3171,3169,3276,3277
3171: 3064,3065,3170,3277,3278,3172
3172: 3066,3173,3065,3171,3278,3279
3173: 3066,3067,3174,3172,3279,3280
3174: 3067,3173,3068,3280,3281,3175
3175: 3069,3176,3174,3068,3281,3282
3176: 3069,3070,3177,3175,3282,3283
3177: 3070,3176,3283,3178,3071,3284
3178: 3072,3179,3071,3177,3284,3285
3179: 3072,3180,3178,3073,3285,3286
3180: 3179,3073,3286,3181,3074,3287
3181: 3075,3182,3074,3180,3287,3288
3182: 3075,3076,3181,3289,3288,3183
3183: 3077,3184,3076,3182,3289,3290
3184: 3078,3185,3077,3183,3291,3290
3185: 3078,3079,3184,3291,3292,3186
3186: 3080,3187,3185,3079,3292,3293
3187: 3081,3080,3188,3186,3294,3293
3188: 3081,3187,3082,3294,3295,3189
3189: 3083,3190,3188,3082,3295,3296
3190: 3084,3189,3083,3191,3297,3296
3191: 3084,3190,3297,3085,3192,3298
3192: 3085,3086,3193,3191,3299,3298
3193: 3086,3194,3087,3192,3300,3299
3194: 3087,3193,3300,3088,3195,3301
3195: 3089,3088,3196,3194,3302,3301
3196: 3089,3090,3195,3303,3302,3197
3197: 3091,3198,3196,3090,3303,3304
3198: 3092,3091,3197,3199,3305,3304
3199: 3092,3198,3093,3306,3305,3200
3200: 3094,3201,3199,3093,3306,3307
3201: 3095,3094,3202,3200,3308,3307
3202: 3095,3201,3308,3096,3203,3309
3203: 3097,3096,3204,3202,3309,3310
3204: 3098,3097,3205,3203,3310,3311
3205: 3098,3204,3311,3099,3206,3312
3206: 3100,3099,3207,3205,3312,3313
3207: 3101,3100,3208,3206,3313,3314
3208: 3101,3207,3314,3102,3209,3315
3209: 3102,3103,3210,3208,3315,3316
3210: 3103,3104,3209,3317,3316,3211
3211: 3105,3212,3104,3210,3317,3318
3212: 3106,3105,3211,3213,3318,3319
3213: 3106,3212,3107,3319,3320,3214
3214: 3108,3215,3213,3107,3320,3321
3215: 3109,3108,3216,3214,3322,3321
3216: 3109,3215,3322,3110,3217,3323
3217: 3111,3110,3218,3216,3324,3323
3218: 3112,3111,3217,3219,3325,3324
3219: 3112,3218,3325,3220,3113,3326
3220: 3114,3221,3113,3219,3326,3327
3221: 3115,3114,3220,3222,3327,3328
3222: 3115,3221,3328,3116,3223,3329
3223: 3116,3224,3117,3222,3329,3330
3224: 3118,3117,3223,3330,3331,3225
3225: 3226,3119,3118,3224,3331,3332
3226: 3225,3120,3119,3227,3332,3333
3227: 3226,3121,3120,3333,3334,3228
3228: 3122,3229,3121,3227,3334,3335
3229: 3122,3228,3123,3230,3335,3336
3230: 3229,3123,3336,3231,3124,3337
3231: 3125,3232,3124,3230,3338,3337
3232: 3125,3233,3231,3126,3338,3339
3233: 3126,3232,3339,3234,3127,3340
3234: 3128,3127,3235,3233,3341,3340
3235: 3234,3128,3129,3341,3342,3236
3236: 3237,3130,3129,3235,3342,3343
3237: 3130,3131,3238,3236,3343,3344
3238: 3237,3131,3132,3344,3345,3239
3239: 3240,3133,3238,3132,3345,3346
3240: 3241,3134,3239,3133,3346,3347
3241: 3134,3135,3240,3347,3348,3242
3242: 3136,3243,3241,3135,3348,3349
3243: 3244,3137,3242,3136,3350,3349
3244: 3137,3243,3350,3245,3138,3351
3245: 3139,3246,3138,3244,3352,3351
3246: 3139,3140,3245,3247,3353,3352
3247: 3140,3246,3353,3141,3248,3354
3248: 3142,3141,3249,3247,3355,3354
3249: 3142,3143,3248,3356,3355,3250
3250: 3251,3144,3143,3249,3356,3357
3251: 3145,3144,3252,3250,3358,3357
3252: 3145,3146,3251,3359,3358,3253
3253: 3147,3254,3146,3252,3359,3360
3254: 3253,3147,3148,3255,3361,3360
3255: 3254,3148,3361,3256,17045,3149,3362
3256: 16605,3150,17045,3149,3255
3257: 3364,3150,17045,3363,15602
3258: 17862,3152,3151,3259,15214
3259: 14294,17862,3152,13987,3258,13693,3365
3260: 13053,14131,3367,13987,3473,3366
3261: 13756,12159,11883,12751,3368,14800
3262: 13756,3368,15755,15289,13418,12384
3263: 12838,3264,12919,3477,3370,3157
3264: 12838,3263,16257,15727,3158,3157
3265: 12802,3158,12558,3159,15296,14465
3266: 3372,14465,3373,3267,3159,3160
3267: 3266,3373,3160,3161,3374,3268
3268: 3375,3374,3269,3267,3162,3161
3269: 3376,3375,3268,3270,3163,3162
3270: 3376,3269,3163,3164,3377,3271
3271: 3377,3378,3272,3270,3164,3165
3272: 3379,3378,3271,3165,3166,3273
3273: 3380,3274,3166,3379,3272,3167
3274: 3273,3380,3381,3275,3167,3168
3275: 3274,3381,3382,3168,3169,3276
3276: 3383,3277,3169,3275,3382,3170
3277: 3276,3383,3384,3278,3171,3170
3278: 3277,3384,3171,3172,3385,3279
3279: 3385,3386,3280,3278,3173,3172
3280: 3386,3279,3387,3281,3174,3173
3281: 3387,3280,3174,3175,3388,3282
3282: 3388,3389,3283,3281,3175,3176
3283: 3389,3282,3390,3177,3176,3284
3284: 3391,3285,3177,3390,3283,3178
3285: 3391,3284,3392,3286,3179,3178
3286: 3285,3392,3393,3180,3179,3287
3287: 3394,3288,3180,3286,3393,3181
3288: 3394,3289,3287,3395,3182,3181
3289: 3288,3395,3182,3183,3396,3290
3290: 3397,3291,3396,3289,3183,3184
3291: 3397,3398,3290,3292,3185,3184
3292: 3398,3291,3185,3186,3399,3293
3293: 3400,3294,3399,3292,3186,3187
3294: 3400,3401,3293,3295,3188,3187
3295: 3294,3401,3188,3189,3402,3296
3296: 3403,3297,3402,3295,3189,3190
3297: 3403,3404,3296,3191,3190,3298
3298: 3405,3299,3191,3297,3404,3192
3299: 3406,3300,3405,3298,3193,3192
3300: 3406,3299,3407,3194,3193,3301
3301: 3408,3302,3194,3300,3407,3195
3302: 3409,3303,3408,3301,3196,3195
3303: 3409,3302,3196,3197,3410,3304
3304: 3410,3411,3305,3303,3197,3198
3305: 3412,3306,3411,3304,3198,3199
3306: 3412,3305,3199,3200,3413,3307
3307: 3414,3413,3308,3306,3201,3200
3308: 3415,3414,3307,3201,3202,3309
3309: 3416,3310,3202,3415,3308,3203
3310: 3417,3416,3309,3311,3204,3203
3311: 3418,3417,3310,3205,3204,3312
3312: 3419,3313,3205,3418,3311,3206
3313: 3420,3419,3312,3314,3207,3206
3314: 3421,3420,3313,3208,3207,3315
3315: 3422,3316,3208,3421,3314,3209
3316: 3422,3317,3423,3315,3210,3209
3317: 3423,3316,3210,3211,3424,3318
3318: 3425,3424,3319,3317,3211,3212
3319: 3426,3425,3318,3320,3212,3213
3320: 3426,3319,3213,3214,3427,3321
3321: 3322,3428,3427,3320,3215,3214
3322: 3428,3429,3321,3216,3215,3323
3323: 3430,3324,3216,3322,3429,3217
3324: 3325,3431,3430,3323,3217,3218
3325: 3431,3432,3324,3219,3218,3326
3326: 3433,3327,3219,3325,3432,3220
3327: 3433,3434,3326,3328,3221,3220
3328: 3435,3434,3327,3221,3222,3329
3329: 3436,3330,3222,3435,3328,3223
3330: 3329,3436,3437,3331,3224,3223
3331: 3437,3330,3224,3225,3332,3438
3332: 3439,3333,3438,3331,3226,3225
3333: 3332,3439,3440,3334,3226,3227
3334: 3440,3333,3227,3228,3441,3335
3335: 3442,3441,3336,3334,3229,3228
3336: 3443,3442,3335,3229,3230,3337
3337: 3444,3338,3230,3443,3336,3231
3338: 3444,3445,3339,3337,3231,3232
3339: 3445,3446,3338,3233,3232,3340
3340: 3447,3341,3233,3446,3339,3234
3341: 3447,3448,3342,3340,3234,3235
3342: 3448,3341,3235,3236,3343,3449
3343: 3450,3344,3449,3342,3237,3236
3344: 3343,3450,3451,3345,3237,3238
3345: 3451,3344,3238,3239,3346,3452
3346: 3453,3347,3452,3345,3239,3240
3347: 3346,3453,3454,3348,3241,3240
3348: 3454,3347,3241,3242,3349,3455
3349: 3350,3456,3455,3348,3242,3243
3350: 3456,3457,3349,3244,3243,3351
3351: 3458,3352,3244,3350,3457,3245
3352: 3353,3459,3458,3351,3245,3246
3353: 3459,3460,3352,3247,3246,3354
3354: 3355,3461,3247,3353,3460,3248
3355: 3356,3462,3461,3354,3249,3248
3356: 3462,3355,3249,3250,3357,3463
3357: 3358,3464,3463,3356,3251,3250
3358: 3465,3359,3464,3357,3251,3252
3359: 3465,3358,3252,3253,3466,3360
3360: 3466,3467,3361,3359,3253,3254
3361: 3468,3467,3360,3254,3255,3362
3362: 3469,3363,3255,3468,3361,17045
3363: 3469,3470,15602,3362,3257,17045
3364: 15214,3257,15602,17862,16485
3365: 16485,13693,3472,16971,17862,3259
3366: 3473,13732,13987,13693,13183,3260
3367: 3474,3260,13053,15918,13006,3473
3368: 12334,13756,12159,3261,3262,12384
3369: 3156,11773,14226,13902,12859
3370: 3585,3477,12696,3263,12919
3371: 3478,12838,12558,16704,16257,16497
3372: 3266,14465,3480,3479,3373,16497
3373: 3481,3266,3372,3480,3267,3374
3374: 3375,3268,3482,3481,3373,3267
3375: 3483,3376,3374,3268,3269,3482
3376: 3483,3375,3269,3270,3484,3377
3377: 3378,3271,3485,3376,3270,3484
3378: 3486,3379,3377,3271,3272,3485
3379: 3486,3378,3272,3273,3380,3487
3380: 3273,3488,3274,3487,3381,3379
3381: 3489,3380,3488,3274,3275,3382
3382: 3489,3381,3275,3276,3383,3490
3383: 3276,3277,3491,3490,3384,3382
3384: 3492,3383,3277,3491,3278,3385
3385: 3386,3279,3493,3492,3384,3278
3386: 3385,3279,3387,3494,3493,3280
3387: 3386,3494,3280,3281,3495,3388
3388: 3389,3282,3496,3387,3281,3495
3389: 3388,3282,3390,3497,3283,3496
3390: 3389,3497,3283,3391,3498,3284
3391: 3498,3284,3285,3392,3499,3390
3392: 3391,3285,3500,3286,3499,3393
3393: 3500,3392,3286,3394,3287,3501
3394: 3287,3288,3395,3502,3501,3393
3395: 3394,3289,3288,3503,3502,3396
3396: 3397,3504,3290,3289,3503,3395
3397: 3398,3505,3291,3504,3396,3290
3398: 3397,3505,3291,3292,3506,3399
3399: 3400,3507,3293,3398,3292,3506
3400: 3508,3507,3294,3401,3399,3293
3401: 3400,3508,3294,3295,3509,3402
3402: 3403,3510,3296,3401,3295,3509
3403: 3297,3511,3510,3404,3402,3296
3404: 3403,3297,3511,3512,3405,3298
3405: 3406,3513,3512,3299,3298,3404
3406: 3300,3513,3514,3405,3299,3407
3407: 3406,3300,3514,3515,3408,3301
3408: 3409,3515,3516,3302,3301,3407
3409: 3303,3517,3516,3408,3302,3410
3410: 3411,3304,3518,3409,3303,3517
3411: 3412,3519,3410,3305,3304,3518
3412: 3519,3520,3306,3411,3305,3413
3413: 3414,3521,3307,3412,3520,3306
3414: 3415,3413,3521,3308,3307,3522
3415: 3414,3308,3522,3416,3523,3309
3416: 3417,3523,3524,3309,3310,3415
3417: 3418,3416,3524,3525,3310,3311
3418: 3417,3525,3311,3419,3526,3312
3419: 3420,3526,3527,3312,3313,3418
3420: 3421,3419,3527,3528,3313,3314
3421: 3420,3528,3314,3422,3529,3315
3422: 3423,3529,3530,3315,3316,3421
3423: 3422,3317,3530,3316,3531,3424
3424: 3425,3532,3318,3317,3423,3531
3425: 3426,3424,3533,3532,3318,3319
3426: 3425,3534,3533,3319,3320,3427
3427: 3428,3535,3321,3426,3534,3320
3428: 3322,3427,3429,3536,3535,3321
3429: 3322,3428,3536,3430,3323,3537
3430: 3431,3538,3324,3323,3537,3429
3431: 3325,3430,3432,3538,3539,3324
3432: 3325,3431,3539,3433,3326,3540
3433: 3541,3434,3326,3540,3327,3432
3434: 3435,3541,3433,3327,3328,3542
3435: 3434,3328,3542,3329,3436,3543
3436: 3329,3437,3544,3543,3330,3435
3437: 3545,3436,3544,3330,3331,3438
3438: 3332,3439,3546,3545,3437,3331
3439: 3547,3332,3440,3546,3333,3438
3440: 3547,3439,3548,3333,3334,3441
3441: 3549,3442,3335,3440,3548,3334
3442: 3443,3549,3550,3441,3335,3336
3443: 3442,3550,3336,3444,3337,3551
3444: 3445,3552,3338,3337,3551,3443
3445: 3553,3444,3446,3552,3338,3339
3446: 3553,3445,3339,3447,3554,3340
3447: 3555,3448,3554,3341,3340,3446
3448: 3555,3447,3556,3341,3342,3449
3449: 3343,3450,3557,3448,3556,3342
3450: 3343,3451,3558,3557,3344,3449
3451: 3450,3558,3344,3345,3559,3452
3452: 3346,3453,3560,3451,3345,3559
3453: 3346,3454,3560,3347,3561,3452
3454: 3453,3562,3347,3348,3561,3455
3455: 3456,3349,3563,3454,3562,3348
3456: 3350,3457,3349,3563,3564,3455
3457: 3350,3456,3564,3458,3351,3565
3458: 3459,3566,3352,3351,3565,3457
3459: 3353,3460,3567,3566,3458,3352
3460: 3353,3459,3567,3568,3461,3354
3461: 3569,3568,3462,3355,3354,3460
3462: 3569,3356,3355,3461,3570,3463
3463: 3571,3464,3357,3356,3462,3570
3464: 3465,3571,3358,3572,3357,3463
3465: 3359,3573,3358,3572,3464,3466
3466: 3467,3574,3360,3465,3359,3573
3467: 3468,3466,3574,3361,3360,3575
3468: 3467,3361,3575,3469,3576,3362
3469: 3363,3577,3576,3470,3362,3468
3470: 3578,3469,3363,3577,3471,15602
3471: 3578,3470,15602,16485,3472,3579
3472: 16485,3580,3579,3365,16971,3471
3473: 13006,3581,13732,3366,3260,3367
3474: 15918,3367,13006,12751,15733,3475
3475: 14455,13162,3474,13006,13426,15733
3476: 13316,15228,15288,15176,15079,17344,17493
3477: 12897,3585,3370,14523,3157,3263
3478: 3371,3586,16704,3587,3479,16497
3479: 3372,3480,16497,3478,3587,3588
3480: 3481,3372,3479,3373,3588,3589
3481: 3480,3373,3589,3374,3482,3590
3482: 3483,3375,3374,3481,3590,3591
3483: 3376,3375,3482,3484,3591,3592
3484: 3483,3376,3592,3377,3485,3593
3485: 3486,3377,3378,3484,3594,3593
3486: 3379,3378,3485,3594,3595,3487
3487: 3380,3488,3486,3379,3595,3596
3488: 3489,3380,3487,3381,3596,3597
3489: 3488,3381,3382,3597,3598,3490
3490: 3383,3491,3489,3382,3598,3599
3491: 3492,3383,3490,3384,3599,3600
3492: 3491,3384,3600,3385,3493,3601
3493: 3385,3386,3494,3492,3601,3602
3494: 3386,3387,3493,3495,3602,3603
3495: 3387,3494,3603,3388,3496,3604
3496: 3388,3389,3497,3495,3604,3605
3497: 3389,3390,3496,3605,3606,3498
3498: 3391,3499,3390,3497,3606,3607
3499: 3391,3498,3500,3392,3607,3608
3500: 3392,3499,3393,3608,3609,3501
3501: 3394,3502,3500,3393,3609,3610
3502: 3394,3503,3395,3501,3610,3611
3503: 3395,3502,3611,3504,3396,3612
3504: 3397,3505,3396,3503,3613,3612
3505: 3397,3398,3504,3506,3613,3614
3506: 3398,3505,3614,3507,3399,3615
3507: 3400,3508,3399,3506,3616,3615
3508: 3400,3507,3401,3509,3616,3617
3509: 3508,3401,3617,3510,3402,3618
3510: 3403,3511,3402,3509,3619,3618
3511: 3403,3510,3404,3619,3620,3512
3512: 3513,3405,3511,3404,3620,3621
3513: 3406,3514,3512,3405,3622,3621
3514: 3406,3513,3407,3622,3623,3515
3515: 3516,3408,3514,3407,3623,3624
3516: 3409,3515,3517,3408,3625,3624
3517: 3409,3516,3625,3410,3518,3626
3518: 3519,3410,3411,3517,3626,3627
3519: 3412,3520,3411,3518,3628,3627
3520: 3412,3519,3628,3413,3521,3629
3521: 3414,3413,3522,3520,3629,3630
3522: 3415,3414,3521,3630,3631,3523
3523: 3416,3524,3415,3522,3631,3632
3524: 3417,3416,3523,3525,3632,3633
3525: 3418,3417,3524,3633,3634,3526
3526: 3419,3527,3418,3525,3634,3635
3527: 3420,3419,3526,3528,3635,3636
3528: 3421,3420,3527,3636,3637,3529
3529: 3422,3530,3421,3528,3637,3638
3530: 3422,3423,3529,3531,3638,3639
3531: 3423,3530,3639,3424,3532,3640
3532: 3425,3424,3533,3531,3641,3640
3533: 3426,3425,3534,3532,3641,3642
3534: 3426,3533,3642,3427,3535,3643
3535: 3428,3427,3536,3534,3643,3644
3536: 3428,3429,3535,3644,3645,3537
3537: 3430,3538,3429,3536,3645,3646
3538: 3431,3430,3539,3537,3646,3647
3539: 3431,3432,3538,3647,3648,3540
3540: 3541,3433,3432,3539,3648,3649
3541: 3433,3434,3540,3542,3649,3650
3542: 3435,3541,3434,3650,3651,3543
3543: 3436,3544,3435,3542,3651,3652
3544: 3545,3436,3437,3543,3653,3652
3545: 3437,3544,3653,3546,3438,3654
3546: 3547,3439,3438,3545,3655,3654
3547: 3439,3440,3548,3546,3655,3656
3548: 3547,3440,3656,3549,3441,3657
3549: 3442,3550,3441,3548,3658,3657
3550: 3443,3549,3442,3658,3659,3551
3551: 3444,3552,3443,3550,3659,3660
3552: 3553,3444,3445,3551,3661,3660
3553: 3445,3446,3552,3661,3662,3554
3554: 3555,3447,3553,3446,3662,3663
3555: 3447,3448,3554,3556,3663,3664
3556: 3555,3448,3664,3557,3449,3665
3557: 3450,3558,3449,3556,3666,3665
3558: 3450,3451,3557,3559,3666,3667
3559: 3451,3558,3667,3560,3452,3668
3560: 3453,3561,3452,3559,3669,3668
3561: 3453,3454,3562,3560,3669,3670
3562: 3454,3561,3670,3563,3455,3671
3563: 3456,3564,3455,3562,3672,3671
3564: 3456,3457,3563,3673,3672,3565
3565: 3566,3458,3457,3564,3673,3674
3566: 3459,3567,3458,3565,3675,3674
3567: 3459,3460,3566,3676,3675,3568
3568: 3569,3461,3460,3567,3676,3677
3569: 3568,3462,3461,3570,3677,3678
3570: 3569,3462,3678,3571,3463,3679
3571: 3572,3464,3463,3570,3680,3679
3572: 3465,3571,3573,3464,3681,3680
3573: 3465,3572,3681,3466,3574,3682
3574: 3466,3467,3575,3573,3683,3682
3575: 3468,3467,3574,3683,3684,3576
3576: 3469,3577,3468,3575,3684,3685
3577: 3578,3469,3576,3470,3686,3685
3578: 3577,3471,3470,3687,3686,3579
3579: 3580,3472,3578,3471,3687,3688
3580: 13183,3472,3579,14662,16971,3689,3688
3581: 13006,13426,3582,3473,13732,13619
3582: 3581,13020,13619,3690,15693
3583: 12134,13132,12334,17762,15685,15456
3584: 14234,12607,14226,12859,14475,14248
3585: 12897,12280,3477,14792,12696,3370
3586: 3478,16704,17134,3696,3587
3587: 3696,18056,3478,3586,3479,3697,3588
3588: 3697,3698,3589,3587,3480,3479
3589: 3699,3588,3698,3481,3480,3590
3590: 3700,3591,3481,3699,3589,3482
3591: 3701,3590,3700,3592,3483,3482
3592: 3701,3591,3702,3483,3484,3593
3593: 3594,3703,3484,3592,3702,3485
3594: 3704,3593,3703,3595,3486,3485
3595: 3704,3594,3486,3487,3705,3596
3596: 3706,3705,3597,3595,3488,3487
3597: 3707,3706,3596,3598,3489,3488
3598: 3707,3597,3489,3490,3708,3599
3599: 3709,3708,3600,3598,3491,3490
3600: 3710,3709,3599,3492,3491,3601
3601: 3711,3602,3492,3710,3600,3493
3602: 3601,3711,3712,3603,3494,3493
3603: 3712,3602,3713,3494,3495,3604
3604: 3714,3605,3495,3603,3713,3496
3605: 3604,3714,3715,3606,3497,3496
3606: 3715,3605,3497,3498,3607,3716
3607: 3608,3716,3717,3606,3498,3499
3608: 3607,3718,3717,3609,3500,3499
3609: 3608,3718,3500,3501,3610,3719
3610: 3611,3719,3720,3609,3502,3501
3611: 3610,3721,3720,3503,3502,3612
3612: 3613,3722,3503,3611,3721,3504
3613: 3614,3612,3722,3723,3505,3504
3614: 3613,3723,3724,3505,3506,3615
3615: 3616,3725,3506,3614,3724,3507
3616: 3726,3615,3725,3617,3508,3507
3617: 3616,3726,3727,3508,3509,3618
3618: 3619,3728,3509,3617,3727,3510
3619: 3729,3618,3728,3620,3511,3510
3620: 3619,3729,3511,3512,3621,3730
3621: 3622,3731,3730,3620,3513,3512
3622: 3732,3621,3731,3623,3513,3514
3623: 3622,3732,3514,3515,3733,3624
3624: 3733,3625,3734,3623,3515,3516
3625: 3735,3624,3734,3517,3516,3626
3626: 3627,3736,3517,3735,3625,3518
3627: 3628,3626,3737,3736,3519,3518
3628: 3627,3737,3738,3519,3520,3629
3629: 3630,3739,3520,3628,3738,3521
3630: 3629,3740,3631,3739,3521,3522
3631: 3630,3740,3522,3523,3632,3741
3632: 3633,3741,3742,3631,3523,3524
3633: 3632,3743,3742,3634,3524,3525
3634: 3633,3743,3525,3526,3635,3744
3635: 3636,3744,3745,3634,3526,3527
3636: 3635,3746,3745,3637,3527,3528
3637: 3636,3746,3528,3529,3638,3747
3638: 3639,3747,3748,3637,3529,3530
3639: 3749,3638,3748,3530,3531,3640
3640: 3641,3750,3531,3749,3639,3532
3641: 3642,3750,3751,3640,3533,3532
3642: 3752,3641,3751,3534,3533,3643
3643: 3644,3753,3534,3752,3642,3535
3644: 3643,3645,3753,3754,3536,3535
3645: 3644,3754,3536,3537,3646,3755
3646: 3647,3756,3755,3645,3538,3537
3647: 3646,3648,3756,3757,3538,3539
3648: 3647,3757,3539,3540,3649,3758
3649: 3650,3759,3758,3648,3541,3540
3650: 3649,3651,3759,3760,3541,3542
3651: 3650,3760,3542,3543,3761,3652
3652: 3761,3653,3762,3651,3544,3543
3653: 3763,3652,3762,3545,3544,3654
3654: 3764,3655,3545,3763,3653,3546
3655: 3764,3656,3765,3654,3547,3546
3656: 3655,3766,3765,3547,3548,3657
3657: 3767,3658,3548,3766,3656,3549
3658: 3767,3659,3768,3657,3549,3550
3659: 3658,3768,3550,3551,3660,3769
3660: 3770,3661,3769,3659,3552,3551
3661: 3770,3662,3771,3660,3553,3552
3662: 3661,3771,3553,3554,3663,3772
3663: 3664,3773,3772,3662,3555,3554
3664: 3663,3773,3774,3555,3556,3665
3665: 3666,3775,3556,3664,3774,3557
3666: 3667,3776,3775,3665,3558,3557
3667: 3666,3776,3777,3558,3559,3668
3668: 3669,3778,3559,3667,3777,3560
3669: 3670,3779,3778,3668,3560,3561
3670: 3669,3779,3780,3562,3561,3671
3671: 3672,3781,3562,3670,3780,3563
3672: 3673,3781,3782,3671,3563,3564
3673: 3672,3782,3564,3565,3674,3783
3674: 3784,3675,3783,3673,3566,3565
3675: 3784,3676,3785,3674,3567,3566
3676: 3675,3785,3567,3568,3786,3677
3677: 3787,3786,3678,3676,3569,3568
3678: 3787,3677,3788,3569,3570,3679
3679: 3789,3680,3570,3678,3788,3571
3680: 3681,3789,3790,3679,3571,3572
3681: 3680,3790,3791,3573,3572,3682
3682: 3683,3792,3573,3681,3791,3574
3683: 3792,3684,3793,3682,3574,3575
3684: 3683,3793,3575,3576,3685,3794
3685: 3795,3686,3794,3684,3577,3576
3686: 3687,3795,3796,3685,3578,3577
3687: 3796,3686,3578,3579,3797,3688
3688: 3797,3689,3798,3687,3580,3579
3689: 3798,3688,13947,3580,14662,3799
3690: 3909,15693,3800,3799,3582,13619
3691: 12109,18249,12036,13177,17177,18397
3692: 11952,3802,16073,13921,16173
3693: 11999,14273,17778,12417,12607,17338
3694: 14212,16268,12842,3804,12342,14792,12696
3695: 12501,13087,12696,3804,12919,17134
3696: 12501,18056,3805,3587,3586,17134
3697: 3806,3588,3807,3698,18056,3587
3698: 3697,3808,3699,3588,3807,3589
3699: 3808,3698,3589,3590,3809,3700
3700: 3701,3590,3809,3591,3810,3699
3701: 3811,3700,3591,3810,3592,3702
3702: 3701,3811,3592,3593,3703,3812
3703: 3704,3594,3593,3813,3812,3702
3704: 3594,3814,3703,3813,3595,3705
3705: 3815,3706,3596,3704,3814,3595
3706: 3707,3815,3705,3596,3816,3597
3707: 3706,3816,3597,3598,3817,3708
3708: 3818,3709,3599,3707,3598,3817
3709: 3710,3818,3708,3599,3819,3600
3710: 3709,3819,3600,3601,3820,3711
3711: 3601,3821,3820,3712,3602,3710
3712: 3821,3711,3822,3602,3603,3713
3713: 3712,3822,3603,3604,3823,3714
3714: 3604,3824,3823,3715,3605,3713
3715: 3824,3714,3825,3605,3606,3716
3716: 3607,3826,3717,3715,3825,3606
3717: 3607,3827,3608,3826,3718,3716
3718: 3827,3608,3717,3609,3828,3719
3719: 3610,3829,3720,3718,3609,3828
3720: 3610,3830,3611,3829,3721,3719
3721: 3830,3611,3720,3612,3722,3831
3722: 3613,3832,3612,3723,3831,3721
3723: 3613,3833,3614,3832,3722,3724
3724: 3833,3614,3723,3834,3615,3725
3725: 3616,3834,3726,3835,3615,3724
3726: 3616,3835,3725,3836,3617,3727
3727: 3726,3836,3617,3837,3618,3728
3728: 3619,3729,3838,3837,3618,3727
3729: 3619,3838,3728,3839,3620,3730
3730: 3840,3621,3731,3729,3839,3620
3731: 3622,3732,3841,3840,3621,3730
3732: 3622,3841,3731,3623,3842,3733
3733: 3624,3734,3843,3732,3623,3842
3734: 3844,3735,3733,3625,3624,3843
3735: 3844,3625,3734,3845,3626,3736
3736: 3845,3626,3627,3737,3846,3735
3737: 3847,3628,3627,3846,3736,3738
3738: 3847,3628,3737,3848,3629,3739
3739: 3849,3848,3629,3630,3740,3738
3740: 3850,3849,3630,3631,3739,3741
3741: 3851,3632,3742,3850,3740,3631
3742: 3852,3851,3632,3633,3743,3741
3743: 3853,3852,3633,3742,3634,3744
3744: 3854,3635,3745,3853,3743,3634
3745: 3855,3854,3635,3636,3746,3744
3746: 3856,3855,3636,3745,3637,3747
3747: 3857,3638,3748,3856,3746,3637
3748: 3858,3749,3857,3638,3639,3747
3749: 3858,3639,3748,3859,3750,3640
3750: 3860,3859,3641,3751,3640,3749
3751: 3861,3860,3752,3641,3642,3750
3752: 3861,3642,3751,3862,3643,3753
3753: 3863,3862,3643,3644,3754,3752
3754: 3864,3863,3644,3645,3753,3755
3755: 3865,3646,3756,3864,3645,3754
3756: 3866,3865,3646,3647,3757,3755
3757: 3867,3866,3647,3648,3756,3758
3758: 3649,3868,3759,3867,3648,3757
3759: 3649,3868,3869,3650,3760,3758
3760: 3870,3869,3650,3651,3759,3761
3761: 3871,3652,3762,3870,3651,3760
3762: 3763,3761,3871,3872,3653,3652
3763: 3872,3653,3762,3764,3654,3873
3764: 3874,3655,3765,3654,3873,3763
3765: 3874,3764,3655,3766,3656,3875
3766: 3656,3875,3765,3767,3876,3657
3767: 3658,3876,3877,3768,3657,3766
3768: 3767,3878,3658,3659,3877,3769
3769: 3770,3879,3660,3878,3659,3768
3770: 3661,3879,3880,3771,3660,3769
3771: 3770,3881,3661,3662,3880,3772
3772: 3663,3882,3773,3881,3662,3771
3773: 3663,3882,3664,3772,3883,3774
3774: 3664,3773,3883,3775,3665,3884
3775: 3666,3885,3776,3665,3884,3774
3776: 3666,3885,3667,3775,3886,3777
3777: 3667,3776,3886,3778,3668,3887
3778: 3669,3888,3779,3668,3887,3777
3779: 3669,3888,3670,3778,3889,3780
3780: 3670,3779,3889,3781,3890,3671
3781: 3891,3672,3782,3890,3671,3780
3782: 3892,3891,3673,3672,3781,3783
3783: 3784,3893,3674,3892,3673,3782
3784: 3894,3675,3785,3893,3674,3783
3785: 3784,3894,3676,3675,3895,3786
3786: 3787,3677,3896,3676,3895,3785
3787: 3897,3786,3677,3678,3788,3896
3788: 3787,3897,3678,3789,3679,3898
3789: 3680,3790,3899,3679,3898,3788
3790: 3681,3900,3789,3680,3791,3899
3791: 3681,3900,3790,3792,3901,3682
3792: 3683,3793,3901,3902,3682,3791
3793: 3903,3683,3792,3684,3902,3794
3794: 3795,3904,3685,3903,3684,3793
3795: 3905,3796,3904,3686,3685,3794
3796: 3905,3687,3795,3906,3686,3797
3797: 3907,3798,3688,3687,3906,3796
3798: 3797,3907,3689,3908,3688,13947
3799: 3909,3690,14662,3689,13947,13619
3800: 3909,3690,15693,16359,3910,16185
3801: 12784,13956,12738,13979,4020,17177
3802: 16073,16553,3692,3911,12425,16173
3803: 14212,16268,16331,12529,12764,17778
3804: 3694,12842,14792,12696,3695,13087
3805: 3696,12501,18056,12872,15805,3915
3806: 3697,3807,18056,3915,3916,16940
3807: 3806,3697,3808,3698,3917,16940
3808: 3699,3807,3698,3917,3918,3809
3809: 3700,3810,3808,3699,3918,3919
3810: 3701,3809,3811,3700,3920,3919
3811: 3701,3810,3702,3920,3921,3812
3812: 3703,3813,3811,3702,3921,3922
3813: 3704,3814,3703,3812,3922,3923
3814: 3704,3813,3923,3815,3705,3924
3815: 3706,3705,3816,3814,3925,3924
3816: 3707,3815,3706,3817,3925,3926
3817: 3707,3816,3926,3818,3708,3927
3818: 3709,3708,3819,3817,3928,3927
3819: 3710,3818,3709,3928,3929,3820
3820: 3821,3711,3710,3819,3929,3930
3821: 3820,3711,3712,3822,3931,3930
3822: 3821,3712,3713,3931,3932,3823
3823: 3824,3714,3822,3713,3932,3933
3824: 3823,3714,3715,3825,3933,3934
3825: 3824,3715,3934,3826,3716,3935
3826: 3827,3716,3717,3825,3936,3935
3827: 3826,3718,3717,3828,3936,3937
3828: 3827,3718,3937,3829,3719,3938
3829: 3830,3719,3720,3828,3939,3938
3830: 3829,3721,3720,3939,3940,3831
3831: 3832,3722,3830,3721,3940,3941
3832: 3833,3722,3723,3831,3942,3941
3833: 3832,3723,3724,3942,3943,3834
3834: 3835,3725,3833,3724,3943,3944
3835: 3834,3726,3725,3836,3945,3944
3836: 3726,3835,3727,3945,3946,3837
3837: 3838,3728,3836,3727,3946,3947
3838: 3729,3837,3728,3839,3948,3947
3839: 3729,3838,3948,3840,3730,3949
3840: 3841,3731,3730,3839,3949,3950
3841: 3732,3840,3731,3842,3950,3951
3842: 3732,3841,3951,3733,3843,3952
3843: 3844,3733,3734,3842,3952,3953
3844: 3735,3734,3843,3953,3954,3845
3845: 3846,3736,3844,3735,3954,3955
3846: 3847,3845,3737,3736,3955,3956
3847: 3737,3846,3738,3956,3957,3848
3848: 3849,3739,3847,3738,3957,3958
3849: 3850,3848,3740,3739,3958,3959
3850: 3849,3740,3959,3851,3741,3960
3851: 3852,3741,3742,3850,3960,3961
3852: 3853,3851,3743,3742,3961,3962
3853: 3852,3743,3962,3854,3744,3963
3854: 3855,3744,3745,3853,3963,3964
3855: 3856,3854,3746,3745,3964,3965
3856: 3855,3746,3965,3857,3747,3966
3857: 3858,3747,3748,3856,3966,3967
3858: 3749,3857,3748,3967,3968,3859
3859: 3860,3750,3858,3749,3968,3969
3860: 3861,3859,3750,3751,3969,3970
3861: 3860,3752,3751,3970,3971,3862
3862: 3863,3753,3861,3752,3971,3972
3863: 3864,3862,3753,3754,3972,3973
3864: 3863,3754,3973,3865,3755,3974
3865: 3866,3756,3755,3864,3975,3974
3866: 3867,3865,3756,3757,3975,3976
3867: 3866,3757,3976,3868,3758,3977
3868: 3869,3759,3758,3867,3978,3977
3869: 3870,3868,3759,3760,3978,3979
3870: 3869,3760,3979,3761,3871,3980
3871: 3761,3872,3762,3870,3981,3980
3872: 3763,3871,3762,3981,3982,3873
3873: 3874,3764,3763,3872,3982,3983
3874: 3764,3875,3765,3873,3984,3983
3875: 3874,3766,3765,3984,3985,3876
3876: 3767,3877,3766,3875,3985,3986
3877: 3767,3878,3876,3768,3986,3987
3878: 3877,3768,3987,3879,3769,3988
3879: 3770,3880,3769,3878,3989,3988
3880: 3770,3881,3879,3771,3989,3990
3881: 3880,3771,3990,3882,3772,3991
3882: 3773,3772,3883,3881,3992,3991
3883: 3882,3773,3774,3992,3993,3884
3884: 3885,3775,3883,3774,3993,3994
3885: 3776,3775,3886,3884,3995,3994
3886: 3885,3776,3777,3995,3996,3887
3887: 3888,3778,3886,3777,3996,3997
3888: 3779,3778,3889,3887,3998,3997
3889: 3888,3779,3780,3998,3999,3890
3890: 3891,3781,3889,3780,3999,4000
3891: 3892,3781,3782,3890,4001,4000
3892: 3891,3782,4001,3893,3783,4002
3893: 3784,3894,3783,3892,4003,4002
3894: 3784,3895,3785,3893,4003,4004
3895: 3894,3785,4004,3786,3896,4005
3896: 3787,3897,3786,3895,4006,4005
3897: 3787,3788,3896,4006,4007,3898
3898: 3789,3899,3897,3788,4007,4008
3899: 3900,3789,3790,3898,4009,4008
3900: 3790,3791,3899,4010,4009,3901
3901: 3792,3902,3900,3791,4010,4011
3902: 3903,3792,3793,3901,4012,4011
3903: 3793,3902,4012,3904,3794,4013
3904: 3905,3795,3794,3903,4014,4013
3905: 3795,3906,3796,3904,4014,4015
3906: 3905,3796,4015,3797,3907,4016
3907: 3797,3908,3798,4017,3906,4127,4016
3908: 14238,3907,3798,4017,13947,4018
3909: 3690,16359,3800,3799,14238,13947
3910: 15507,11994,16359,12298,3800,16185
3911: 12425,16868,11873,13580,16173,13019,3802
3912: 16268,13067,12842,12274,16331,17368
3913: 12872,15805,13067,17368,16934,3914
3914: 16486,4024,4025,16934,15805,3913
3915: 18056,3805,15805,16486,3916,3806
3916: 4026,16486,3915,3806,4027,16940
3917: 17276,4028,3918,16940,3808,3807
3918: 3917,4028,3808,3809,4029,3919
3919: 3920,4030,4029,3918,3809,3810
3920: 4030,3919,4031,3921,3811,3810
3921: 3920,4031,3811,3812,4032,3922
3922: 4032,4033,3923,3921,3813,3812
3923: 3922,4033,4034,3814,3813,3924
3924: 4035,3925,3814,3923,4034,3815
3925: 4035,4036,3924,3926,3815,3816
3926: 3925,4036,4037,3816,3817,3927
3927: 3928,4038,3817,3926,4037,3818
3928: 4038,4039,3927,3929,3818,3819
3929: 3928,4039,3819,3820,4040,3930
3930: 4040,3931,4041,3929,3821,3820
3931: 4041,4042,3930,3932,3821,3822
3932: 3931,4042,3822,3823,3933,4043
3933: 3934,4044,4043,3932,3824,3823
3934: 3933,4044,4045,3824,3825,3935
3935: 3936,4046,3825,3934,4045,3826
3936: 4047,3935,4046,3937,3827,3826
3937: 3936,4047,4048,3827,3828,3938
3938: 3939,4049,3828,3937,4048,3829
3939: 4050,3938,4049,3940,3830,3829
3940: 3939,4050,3830,3831,4051,3941
3941: 3942,4051,4052,3940,3832,3831
3942: 4053,3941,4052,3943,3833,3832
3943: 3942,4053,3833,3834,4054,3944
3944: 3945,4054,4055,3943,3834,3835
3945: 4056,3944,4055,3946,3835,3836
3946: 3945,4056,3836,3837,4057,3947
3947: 3948,4058,4057,3946,3838,3837
3948: 4058,4059,3947,3838,3839,3949
3949: 4060,3950,3839,3948,4059,3840
3950: 4061,4060,3949,3951,3841,3840
3951: 4061,3950,4062,3841,3842,3952
3952: 4063,3953,3842,3951,4062,3843
3953: 4063,4064,3952,3954,3844,3843
3954: 4064,3953,3844,3845,3955,4065
3955: 4066,3956,4065,3954,3845,3846
3956: 4066,4067,3955,3957,3847,3846
3957: 4067,3956,3847,3848,3958,4068
3958: 4069,3959,4068,3957,3849,3848
3959: 4069,4070,3958,3850,3849,3960
3960: 3961,4071,3850,4070,3959,3851
3961: 3960,3962,4071,4072,3852,3851
3962: 3961,4072,4073,3853,3852,3963
3963: 3964,4074,3853,3962,4073,3854
3964: 3963,3965,4074,4075,3855,3854
3965: 3964,4075,4076,3856,3855,3966
3966: 3967,4077,3856,3965,4076,3857
3967: 3966,3968,4077,4078,3858,3857
3968: 3967,4078,3858,3859,3969,4079
3969: 3970,4080,4079,3968,3860,3859
3970: 4081,3969,3971,4080,3861,3860
3971: 4081,3970,3861,3862,3972,4082
3972: 3973,4082,4083,3971,3863,3862
3973: 4084,3972,4083,3864,3863,3974
3974: 3975,4085,3864,4084,3973,3865
3975: 4086,3976,4085,3974,3866,3865
3976: 4086,3975,4087,3867,3866,3977
3977: 3978,4088,3867,3976,4087,3868
3978: 4089,3979,4088,3977,3868,3869
3979: 4089,3978,4090,3870,3869,3980
3980: 3981,4091,3870,3979,4090,3871
3981: 4092,3982,4091,3980,3871,3872
3982: 4092,3981,3872,3873,3983,4093
3983: 4094,3984,4093,3982,3874,3873
3984: 4095,4094,3985,3983,3874,3875
3985: 4095,3984,3875,3876,3986,4096
3986: 4097,3987,4096,3985,3876,3877
3987: 4098,3986,4097,3878,3877,3988
3988: 3989,4099,3878,4098,3987,3879
3989: 3990,4099,4100,3988,3879,3880
3990: 4101,3989,4100,3881,3880,3991
3991: 3992,4102,3881,4101,3990,3882
3992: 3993,4102,4103,3991,3882,3883
3993: 3992,4103,3883,3884,3994,4104
3994: 3995,4105,4104,3993,3885,3884
3995: 3996,4105,4106,3994,3885,3886
3996: 3995,4106,3886,3887,3997,4107
3997: 3998,4108,4107,3996,3888,3887
3998: 4109,3999,4108,3997,3888,3889
3999: 4109,3998,3889,3890,4110,4000
4000: 4001,4110,4111,3999,3891,3890
4001: 4112,4111,4000,3892,3891,4002
4002: 4113,4003,3892,4112,4001,3893
4003: 4113,4114,4004,4002,3894,3893
4004: 4115,4114,4003,3894,3895,4005
4005: 4116,4006,3895,4115,4004,3896
4006: 4116,4117,4007,4005,3897,3896
4007: 4117,4006,3897,3898,4008,4118
4008: 4119,4009,4118,4007,3899,3898
4009: 4010,4120,4119,4008,3900,3899
4010: 4120,4009,3900,3901,4011,4121
4011: 4122,4012,4121,4010,3901,3902
4012: 4123,4122,4011,3903,3902,4013
4013: 4124,4014,3903,4123,4012,3904
4014: 4124,4125,4013,4015,3905,3904
4015: 4014,4125,18165,3905,3906,4016
4016: 4127,4126,3906,18165,4015,3907
4017: 3907,3908,4018,4127,16664
4018: 14238,3908,4017,16664,4019,15794
4019: 15507,16359,14238,4018,15287,15794
4020: 12784,13956,3801,15618,4131
4021: 16579,18269,17823,13397,17128
4022: 17816,16054,14576,18341,17224,12573
4023: 4134,13115,14259,11805,12274,16331,12529
4024: 4135,4025,3914,12731,16934
4025: 4135,4026,16486,4024,4136,15669,3914
4026: 16486,4025,15669,3916,4137,4027
4027: 17276,18143,16940,4026,3916,4137
4028: 4138,3917,4139,17276,3918,4029
4029: 4140,4030,3919,4139,4028,3918
4030: 3920,4141,4140,4029,3919,4031
4031: 3920,4141,4030,4142,3921,4032
4032: 4143,3922,4033,4031,4142,3921
4033: 4032,4143,3922,4144,3923,4034
4034: 4144,4033,3923,4145,4035,3924
4035: 4145,4146,3925,4036,3924,4034
4036: 4035,4146,3925,4147,3926,4037
4037: 4147,4036,3926,4148,4038,3927
4038: 4148,4149,3928,4039,3927,4037
4039: 4149,3928,4038,3929,4150,4040
4040: 4151,4041,3930,4039,3929,4150
4041: 4151,4040,4152,3931,4042,3930
4042: 4152,3931,4041,3932,4153,4043
4043: 4154,3933,4044,4042,3932,4153
4044: 4154,3933,4155,3934,4045,4043
4045: 4155,3934,4044,4156,3935,4046
4046: 4157,3936,4156,4047,3935,4045
4047: 4157,3936,4158,4046,3937,4048
4048: 4158,4047,3937,4159,3938,4049
4049: 4160,3939,4159,4050,3938,4048
4050: 4160,3939,4161,4049,3940,4051
4051: 4162,3941,4052,4161,4050,3940
4052: 4163,3942,4051,4162,4053,3941
4053: 4163,3942,4052,3943,4164,4054
4054: 4165,3944,4055,4053,3943,4164
4055: 4166,3945,4054,4165,4056,3944
4056: 4166,3945,4055,3946,4167,4057
4057: 4058,4168,3947,4056,3946,4167
4058: 3948,4057,4168,4059,3947,4169
4059: 3948,4058,4169,4060,4170,3949
4060: 4171,4061,4170,3949,3950,4059
4061: 4171,4060,3950,4172,3951,4062
4062: 4061,4172,3951,4173,4063,3952
4063: 4174,4173,4064,3952,3953,4062
4064: 4174,4063,3953,4175,3954,4065
4065: 4176,4066,3955,4064,4175,3954
4066: 4177,4176,4067,3955,3956,4065
4067: 4177,4066,3956,3957,4178,4068
4068: 4179,4069,3958,4067,3957,4178
4069: 4180,4179,4070,3958,3959,4068
4070: 4180,4069,3959,4181,3960,4071
4071: 4182,4181,3960,3961,4072,4070
4072: 4183,4182,3961,3962,4071,4073
4073: 4183,3962,4072,4184,3963,4074
4074: 4185,4184,3963,3964,4075,4073
4075: 4186,4185,3964,3965,4074,4076
4076: 4186,3965,4075,4187,3966,4077
4077: 4187,4188,3966,3967,4078,4076
4078: 4188,3967,3968,4077,4189,4079
4079: 4190,3969,4080,3968,4078,4189
4080: 4081,4191,4190,3969,3970,4079
4081: 4191,3970,3971,4192,4080,4082
4082: 4193,3972,4083,4081,3971,4192
4083: 4084,4194,4193,3972,3973,4082
4084: 4194,3973,4083,4085,3974,4195
4085: 4086,4196,3975,3974,4195,4084
4086: 4197,4196,3975,3976,4085,4087
4087: 4086,4197,3976,4088,3977,4198
4088: 4089,4199,3978,3977,4198,4087
4089: 4200,4199,3978,3979,4088,4090
4090: 4089,4200,3979,4091,4201,3980
4091: 4092,4202,3981,4201,3980,4090
4092: 4203,4202,3981,3982,4091,4093
4093: 4094,4204,3983,4092,4203,3982
4094: 4095,3984,4205,4204,3983,4093
4095: 4094,4206,3984,3985,4205,4096
4096: 3986,4097,4207,4095,4206,3985
4097: 4098,3986,3987,4096,4208,4207
4098: 4097,3987,4208,4099,3988,4209
4099: 3989,4210,4100,3988,4209,4098
4100: 4101,3989,4210,3990,4099,4211
4101: 3990,4211,4100,4102,3991,4212
4102: 3992,4213,4103,3991,4212,4101
4103: 3992,4213,3993,4102,4214,4104
4104: 4215,4105,3994,3993,4214,4103
4105: 4215,3995,4216,4106,3994,4104
4106: 3995,4216,3996,4105,4217,4107
4107: 4108,4218,3997,3996,4217,4106
4108: 4109,3998,4219,4218,3997,4107
4109: 3998,4219,3999,4108,4220,4110
4110: 4111,4000,4221,4109,3999,4220
4111: 4112,4001,4222,4110,4000,4221
4112: 4001,4222,4111,4113,4002,4223
4113: 4224,4114,4003,4002,4223,4112
4114: 4224,4115,4225,4113,4003,4004
4115: 4225,4114,4004,4116,4005,4226
4116: 4227,4117,4006,4005,4226,4115
4117: 4227,4228,4116,4006,4007,4118
4118: 4119,4229,4008,4228,4117,4007
4119: 4120,4229,4009,4230,4008,4118
4120: 4010,4231,4119,4009,4230,4121
4121: 4122,4232,4011,4010,4120,4231
4122: 4233,4123,4232,4012,4011,4121
4123: 4233,4122,4012,4124,4013,4234
4124: 4235,4014,4125,4013,4234,4123
4125: 4124,4235,4014,18165,4236,4015
4126: 4127,4016,4237,17074,17340,18165
4127: 4016,16664,17074,4126,3907,4017
4128: 16664,4239,4238,17074,4129,15794
4129: 15287,4240,15299,15794,4128,4239
4130: 14583,14261,4240,14597,18322,4241
4131: 4242,15618,4241,18322,4020
4132: 12599,12628,14288,12040,15869,14458,18392,17745
4133: 4244,4134,12781,12023,14259,13140
4134: 4133,4023,13115,12781,12731,14259
4135: 4024,4025,4136,4245,12731,15200
4136: 4135,4025,15669,4246,15200,18004
4137: 4026,15669,4027,18143,4247
4138: 4248,4139,17276,4028,18143,4249
4139: 4138,4028,4249,4140,4029,4250
4140: 4141,4030,4029,4251,4250,4139
4141: 4140,4030,4031,4252,4251,4142
4142: 4141,4031,4252,4032,4143,4253
4143: 4032,4144,4033,4253,4254,4142
4144: 4255,4143,4033,4034,4254,4145
4145: 4035,4146,4256,4255,4144,4034
4146: 4145,4035,4147,4036,4256,4257
4147: 4146,4036,4257,4037,4258,4148
4148: 4149,4038,4259,4147,4037,4258
4149: 4148,4260,4038,4039,4150,4259
4150: 4260,4149,4039,4151,4040,4261
4151: 4040,4152,4041,4261,4262,4150
4152: 4151,4041,4042,4262,4263,4153
4153: 4152,4042,4263,4154,4043,4264
4154: 4155,4044,4043,4264,4265,4153
4155: 4154,4044,4045,4265,4266,4156
4156: 4157,4046,4267,4155,4045,4266
4157: 4158,4156,4047,4046,4267,4268
4158: 4157,4047,4048,4268,4269,4159
4159: 4160,4049,4270,4158,4048,4269
4160: 4161,4159,4050,4049,4270,4271
4161: 4160,4050,4271,4051,4162,4272
4162: 4163,4051,4052,4272,4273,4161
4163: 4162,4053,4052,4164,4273,4274
4164: 4163,4053,4274,4054,4165,4275
4165: 4166,4054,4055,4275,4276,4164
4166: 4165,4056,4055,4167,4276,4277
4167: 4166,4056,4277,4057,4168,4278
4168: 4058,4057,4169,4278,4279,4167
4169: 4058,4168,4059,4279,4280,4170
4170: 4171,4060,4281,4059,4169,4280
4171: 4061,4060,4170,4172,4281,4282
4172: 4171,4061,4062,4282,4283,4173
4173: 4174,4063,4172,4062,4283,4284
4174: 4173,4063,4064,4175,4285,4284
4175: 4174,4064,4285,4176,4065,4286
4176: 4177,4066,4065,4175,4286,4287
4177: 4176,4066,4067,4178,4288,4287
4178: 4177,4067,4288,4179,4068,4289
4179: 4180,4069,4068,4178,4289,4290
4180: 4179,4069,4070,4291,4290,4181
4181: 4182,4071,4180,4070,4291,4292
4182: 4183,4181,4071,4072,4292,4293
4183: 4182,4072,4073,4293,4294,4184
4184: 4185,4074,4183,4073,4294,4295
4185: 4186,4184,4074,4075,4295,4296
4186: 4185,4075,4076,4296,4297,4187
4187: 4188,4077,4186,4076,4297,4298
4188: 4187,4077,4078,4189,4298,4299
4189: 4188,4078,4299,4190,4079,4300
4190: 4191,4080,4079,4189,4300,4301
4191: 4081,4190,4192,4080,4301,4302
4192: 4081,4191,4302,4193,4082,4303
4193: 4194,4082,4083,4192,4303,4304
4194: 4084,4193,4083,4304,4305,4195
4195: 4196,4085,4084,4194,4305,4306
4196: 4086,4197,4085,4195,4306,4307
4197: 4086,4196,4087,4308,4307,4198
4198: 4199,4088,4309,4197,4087,4308
4199: 4089,4200,4088,4198,4310,4309
4200: 4089,4199,4090,4311,4310,4201
4201: 4202,4091,4312,4200,4090,4311
4202: 4092,4203,4091,4201,4313,4312
4203: 4092,4202,4313,4204,4093,4314
4204: 4094,4205,4093,4315,4314,4203
4205: 4095,4094,4206,4204,4316,4315
4206: 4095,4205,4316,4096,4207,4317
4207: 4097,4096,4208,4318,4317,4206
4208: 4098,4097,4207,4319,4318,4209
4209: 4210,4099,4320,4098,4208,4319
4210: 4099,4211,4100,4209,4321,4320
4211: 4101,4210,4100,4322,4321,4212
4212: 4323,4213,4102,4101,4211,4322
4213: 4323,4102,4214,4103,4212,4324
4214: 4213,4103,4324,4215,4104,4325
4215: 4216,4105,4326,4104,4325,4214
4216: 4215,4105,4217,4106,4327,4326
4217: 4216,4106,4327,4218,4107,4328
4218: 4219,4108,4107,4329,4328,4217
4219: 4109,4108,4220,4218,4330,4329
4220: 4109,4219,4330,4110,4221,4331
4221: 4222,4110,4111,4332,4331,4220
4222: 4112,4111,4221,4333,4332,4223
4223: 4224,4113,4334,4112,4222,4333
4224: 4225,4113,4114,4335,4334,4223
4225: 4224,4115,4114,4336,4335,4226
4226: 4227,4337,4116,4115,4225,4336
4227: 4337,4228,4116,4117,4226,4338
4228: 4227,4117,4338,4229,4118,4339
4229: 4119,4230,4340,4118,4339,4228
4230: 4120,4231,4119,4229,4340,4341
4231: 4120,4230,4341,4232,4121,4342
4232: 4233,4343,4122,4121,4342,4231
4233: 4123,4343,4122,4232,4344,4234
4234: 4124,4235,4345,4233,4123,4344
4235: 4124,4125,4236,4345,4234,4346
4236: 4235,4125,4347,18165,4346,4237
4237: 17340,17845,4126,4347,18165,4236
4238: 4128,4239,17074,17340,4349,4348
4239: 4128,4238,4349,4129,15299,4350
4240: 4130,14261,15287,14597,4129,15299
4241: 4242,4352,4131,4130,14583,18322
4242: 12169,15261,15618,4352,4241,4131
4243: 12805,12701,12402,15419,15861,14353,13642
4244: 4133,12781,12023,14352,4356,4468
4245: 12781,12731,4356,14727,4135,15200
4246: 4136,15669,4358,18004,4247
4247: 4248,18143,15669,4246,4137,4358,4359
4248: 4138,18143,4249,4247,4360,4359
4249: 4138,4248,4139,4360,4361,4250
4250: 4140,4251,4139,4249,4361,4362
4251: 4141,4140,4252,4250,4363,4362
4252: 4141,4251,4142,4363,4364,4253
4253: 4143,4254,4252,4142,4364,4365
4254: 4255,4143,4144,4253,4366,4365
4255: 4144,4254,4366,4145,4256,4367
4256: 4145,4146,4257,4255,4367,4368
4257: 4146,4147,4256,4258,4369,4368
4258: 4147,4257,4369,4148,4259,4370
4259: 4148,4260,4149,4258,4370,4371
4260: 4149,4150,4259,4371,4372,4261
4261: 4151,4262,4260,4150,4372,4373
4262: 4151,4152,4261,4263,4374,4373
4263: 4152,4262,4153,4374,4375,4264
4264: 4154,4265,4263,4153,4375,4376
4265: 4154,4155,4264,4266,4376,4377
4266: 4155,4265,4377,4156,4267,4378
4267: 4157,4156,4268,4266,4379,4378
4268: 4157,4158,4267,4269,4379,4380
4269: 4158,4268,4380,4159,4270,4381
4270: 4160,4159,4271,4269,4382,4381
4271: 4160,4161,4270,4382,4383,4272
4272: 4162,4273,4161,4271,4383,4384
4273: 4163,4162,4272,4274,4385,4384
4274: 4163,4164,4273,4386,4385,4275
4275: 4165,4276,4164,4274,4386,4387
4276: 4166,4165,4275,4277,4388,4387
4277: 4166,4167,4276,4389,4388,4278
4278: 4168,4279,4167,4277,4389,4390
4279: 4168,4169,4278,4280,4391,4390
4280: 4169,4279,4391,4170,4281,4392
4281: 4171,4170,4282,4280,4393,4392
4282: 4171,4172,4281,4283,4393,4394
4283: 4394,4172,4282,4173,4284,4395
4284: 4285,4396,4395,4283,4174,4173
4285: 4284,4396,4397,4174,4175,4286
4286: 4287,4398,4175,4285,4397,4176
4287: 4288,4286,4399,4398,4177,4176
4288: 4287,4399,4400,4177,4178,4289
4289: 4290,4401,4178,4288,4400,4179
4290: 4291,4289,4401,4402,4180,4179
4291: 4290,4402,4180,4181,4292,4403
4292: 4293,4403,4404,4291,4182,4181
4293: 4292,4294,4404,4405,4183,4182
4294: 4293,4405,4183,4184,4295,4406
4295: 4296,4406,4407,4294,4185,4184
4296: 4295,4297,4407,4408,4186,4185
4297: 4296,4408,4186,4187,4298,4409
4298: 4299,4409,4410,4297,4187,4188
4299: 4411,4298,4410,4188,4189,4300
4300: 4301,4412,4189,4411,4299,4190
4301: 4300,4302,4412,4413,4191,4190
4302: 4301,4413,4414,4191,4192,4303
4303: 4304,4415,4192,4302,4414,4193
4304: 4303,4305,4415,4416,4194,4193
4305: 4304,4416,4194,4195,4306,4417
4306: 4307,4418,4417,4305,4196,4195
4307: 4306,4418,4419,4197,4196,4308
4308: 4197,4307,4419,4198,4309,4420
4309: 4199,4198,4310,4308,4421,4420
4310: 4200,4199,4311,4309,4421,4422
4311: 4200,4310,4422,4201,4312,4423
4312: 4202,4201,4313,4311,4423,4424
4313: 4203,4202,4312,4424,4425,4314
4314: 4204,4315,4203,4313,4425,4426
4315: 4205,4204,4316,4314,4427,4426
4316: 4206,4205,4315,4427,4428,4317
4317: 4207,4318,4206,4316,4428,4429
4318: 4208,4207,4319,4317,4429,4430
4319: 4208,4318,4430,4209,4320,4431
4320: 4210,4209,4321,4319,4431,4432
4321: 4210,4211,4322,4320,4432,4433
4322: 4211,4321,4433,4323,4212,4434
4323: 4213,4212,4324,4322,4434,4435
4324: 4323,4213,4214,4435,4436,4325
4325: 4215,4326,4214,4324,4436,4437
4326: 4215,4216,4327,4325,4437,4438
4327: 4216,4217,4326,4438,4439,4328
4328: 4218,4329,4217,4327,4439,4440
4329: 4219,4218,4330,4328,4440,4441
4330: 4219,4220,4329,4441,4442,4331
4331: 4221,4332,4220,4330,4442,4443
4332: 4222,4221,4333,4331,4444,4443
4333: 4222,4332,4444,4334,4223,4445
4334: 4224,4335,4223,4333,4446,4445
4335: 4224,4225,4336,4334,4446,4447
4336: 4225,4335,4447,4337,4226,4448
4337: 4227,4226,4338,4336,4448,4449
4338: 4227,4337,4228,4449,4450,4339
4339: 4229,4340,4228,4338,4450,4451
4340: 4229,4230,4341,4339,4451,4452
4341: 4231,4230,4340,4452,4453,4342
4342: 4343,4232,4231,4341,4453,4454
4343: 4233,4232,4344,4342,4454,4455
4344: 4233,4343,4455,4345,4234,4456
4345: 4235,4234,4346,4344,4457,4456
4346: 4235,4347,4236,4345,4457,4458,18333
4347: 4236,4346,18333,4237,17845
4348: 4349,4460,4459,4238,17340,17845
4349: 4461,4460,4348,4239,4238,4350
4350: 4351,4462,4239,4349,4461,15299
4351: 4463,4462,12258,4350,14261,15299
4352: 4242,15261,4241,14583,12268,4464
4353: 12977,16757,12431,12147,12960,12040
4354: 15628,13702,17458,17008,4467,18214
4355: 12037,14479,12879,12023,14352
4356: 13620,4468,14727,4244,4245,12781
4357: 4470,4469,15200,18004,15795,14727
4358: 4470,18004,4471,4246,4247,4359
4359: 4360,4472,4358,4471,4248,4247
4360: 4473,4359,4472,4361,4248,4249
4361: 4360,4473,4249,4250,4474,4362
4362: 4474,4363,4475,4361,4251,4250
4363: 4476,4362,4475,4364,4252,4251
4364: 4363,4476,4252,4253,4477,4365
4365: 4477,4366,4478,4364,4253,4254
4366: 4478,4365,4479,4255,4254,4367
4367: 4368,4480,4255,4366,4479,4256
4368: 4369,4367,4480,4481,4256,4257
4369: 4368,4481,4482,4257,4258,4370
4370: 4483,4371,4258,4369,4482,4259
4371: 4483,4370,4372,4484,4260,4259
4372: 4371,4484,4260,4261,4485,4373
4373: 4485,4374,4486,4372,4261,4262
4374: 4486,4373,4487,4375,4262,4263
4375: 4374,4487,4263,4264,4376,4488
4376: 4489,4488,4377,4375,4264,4265
4377: 4490,4489,4376,4265,4266,4378
4378: 4491,4379,4266,4490,4377,4267
4379: 4491,4492,4380,4378,4267,4268
4380: 4493,4492,4379,4268,4269,4381
4381: 4494,4382,4269,4493,4380,4270
4382: 4494,4383,4381,4495,4270,4271
4383: 4382,4495,4271,4272,4496,4384
4384: 4497,4385,4496,4383,4272,4273
4385: 4497,4386,4384,4498,4273,4274
4386: 4385,4498,4274,4275,4499,4387
4387: 4500,4388,4499,4386,4275,4276
4388: 4500,4389,4387,4501,4276,4277
4389: 4388,4501,4277,4278,4502,4390
4390: 4503,4391,4502,4389,4278,4279
4391: 4503,4504,4390,4279,4280,4392
4392: 4505,4393,4280,4504,4391,4281
4393: 4506,4505,4392,4394,4281,4282
4394: 4506,4283,4507,4393,4282,4395
4395: 4284,4508,4396,4283,4507,4394
4396: 4509,4285,4284,4508,4395,4397
4397: 4509,4285,4396,4510,4286,4398
4398: 4510,4286,4287,4511,4399,4397
4399: 4512,4288,4287,4511,4398,4400
4400: 4512,4288,4399,4513,4289,4401
4401: 4513,4289,4290,4514,4402,4400
4402: 4515,4291,4290,4514,4401,4403
4403: 4516,4292,4404,4515,4291,4402
4404: 4517,4516,4292,4293,4403,4405
4405: 4518,4517,4293,4294,4404,4406
4406: 4519,4295,4407,4518,4294,4405
4407: 4520,4519,4295,4296,4406,4408
4408: 4521,4520,4296,4297,4407,4409
4409: 4522,4298,4410,4521,4297,4408
4410: 4522,4411,4523,4298,4299,4409
4411: 4523,4299,4410,4300,4524,4412
4412: 4300,4525,4524,4301,4413,4411
4413: 4525,4526,4301,4302,4412,4414
4414: 4526,4302,4413,4303,4527,4415
4415: 4303,4527,4528,4304,4416,4414
4416: 4529,4528,4304,4305,4415,4417
4417: 4306,4530,4418,4529,4305,4416
4418: 4306,4530,4531,4307,4419,4417
4419: 4532,4531,4307,4418,4308,4420
4420: 4533,4421,4308,4532,4419,4309
4421: 4533,4534,4422,4420,4310,4309
4422: 4535,4534,4421,4311,4310,4423
4423: 4536,4424,4311,4535,4422,4312
4424: 4423,4536,4537,4425,4313,4312
4425: 4537,4424,4313,4314,4538,4426
4426: 4539,4538,4427,4425,4315,4314
4427: 4539,4540,4428,4426,4316,4315
4428: 4540,4427,4316,4317,4541,4429
4429: 4541,4542,4430,4428,4318,4317
4430: 4542,4543,4429,4319,4318,4431
4431: 4432,4544,4319,4543,4430,4320
4432: 4431,4545,4433,4544,4321,4320
4433: 4545,4546,4432,4322,4321,4434
4434: 4547,4435,4322,4546,4433,4323
4435: 4547,4434,4548,4436,4323,4324
4436: 4548,4435,4324,4325,4437,4549
4437: 4438,4550,4549,4436,4326,4325
4438: 4437,4551,4439,4550,4327,4326
4439: 4551,4438,4327,4328,4552,4440
4440: 4553,4552,4441,4439,4329,4328
4441: 4553,4554,4440,4442,4330,4329
4442: 4554,4441,4330,4331,4555,4443
4443: 4555,4556,4444,4442,4332,4331
4444: 4556,4557,4443,4333,4332,4445
4445: 4446,4558,4333,4557,4444,4334
4446: 4559,4447,4558,4445,4335,4334
4447: 4560,4446,4559,4336,4335,4448
4448: 4449,4561,4336,4560,4447,4337
4449: 4562,4448,4450,4561,4337,4338
4450: 4562,4449,4338,4339,4451,4563
4451: 4564,4452,4563,4450,4340,4339
4452: 4564,4565,4451,4453,4340,4341
4453: 4565,4452,4341,4342,4566,4454
4454: 4566,4455,4567,4453,4343,4342
4455: 4454,4568,4567,4343,4344,4456
4456: 4457,4569,4344,4568,4455,4345
4457: 4458,4569,4570,4456,4345,4346
4458: 4457,4571,4570,18333,4346
4459: 4460,4572,4348,4571,18333,17845
4460: 4349,4461,4572,4573,4459,4348
4461: 4349,4460,4573,4462,4574,4350
4462: 4463,4575,4351,4574,4350,4461
4463: 14488,4575,4351,4462,12739,12258
4464: 13408,12147,12027,12268,15261,4352
4465: 17505,17512,14148,14587,12717,12474
4466: 18426,14038,13297,12549,15427,16780
4467: 13808,14038,17196,18214,14432,4354
4468: 14352,15596,13620,4580,4356,14727,4244
4469: 4470,4357,4582,15795,4581
4470: 4583,4357,4469,4358,4582,18004,4471
4471: 4470,4583,4358,4359,4584,4472
4472: 4360,4585,4473,4359,4584,4471
4473: 4360,4586,4585,4472,4361,4474
4474: 4362,4587,4475,4586,4473,4361
4475: 4474,4588,4363,4476,4362,4587
4476: 4588,4363,4475,4364,4589,4477
4477: 4478,4365,4590,4476,4364,4589
4478: 4477,4591,4366,4365,4479,4590
4479: 4591,4366,4478,4592,4367,4480
4480: 4592,4367,4368,4593,4481,4479
4481: 4369,4594,4368,4480,4593,4482
4482: 4369,4594,4481,4595,4483,4370
4483: 4595,4370,4371,4484,4596,4482
4484: 4597,4483,4371,4372,4596,4485
4485: 4486,4373,4598,4597,4372,4484
4486: 4485,4374,4373,4599,4598,4487
4487: 4374,4486,4599,4375,4600,4488
4488: 4601,4489,4376,4487,4375,4600
4489: 4601,4490,4376,4602,4488,4377
4490: 4489,4602,4377,4491,4378,4603
4491: 4492,4379,4378,4604,4603,4490
4492: 4491,4493,4379,4605,4380,4604
4493: 4492,4605,4380,4494,4606,4381
4494: 4607,4606,4382,4381,4495,4493
4495: 4494,4607,4382,4608,4383,4496
4496: 4497,4384,4609,4608,4383,4495
4497: 4610,4385,4496,4384,4609,4498
4498: 4497,4386,4610,4385,4611,4499
4499: 4500,4387,4612,4386,4611,4498
4500: 4613,4388,4499,4387,4612,4501
4501: 4500,4389,4613,4388,4614,4502
4502: 4503,4615,4390,4389,4614,4501
4503: 4615,4504,4391,4616,4502,4390
4504: 4503,4391,4616,4505,4392,4617
4505: 4506,4618,4393,4392,4617,4504
4506: 4618,4619,4507,4505,4393,4394
4507: 4506,4619,4394,4508,4395,4620
4508: 4509,4621,4396,4395,4620,4507
4509: 4621,4622,4508,4396,4397,4510
4510: 4511,4398,4623,4509,4622,4397
4511: 4512,4510,4399,4398,4623,4624
4512: 4511,4399,4624,4400,4625,4513
4513: 4514,4401,4626,4512,4400,4625
4514: 4515,4513,4627,4401,4402,4626
4515: 4514,4627,4402,4516,4403,4628
4516: 4517,4403,4404,4628,4629,4515
4517: 4518,4516,4404,4405,4629,4630
4518: 4517,4405,4630,4519,4406,4631
4519: 4520,4406,4407,4631,4632,4518
4520: 4521,4519,4407,4408,4632,4633
4521: 4520,4408,4633,4522,4409,4634
4522: 4523,4409,4410,4635,4634,4521
4523: 4522,4411,4410,4636,4635,4524
4524: 4525,4412,4637,4411,4523,4636
4525: 4524,4526,4412,4413,4638,4637
4526: 4525,4413,4414,4639,4638,4527
4527: 4528,4415,4640,4526,4414,4639
4528: 4529,4527,4415,4416,4640,4641
4529: 4528,4416,4641,4530,4642,4417
4530: 4531,4642,4418,4643,4417,4529
4531: 4532,4530,4418,4419,4644,4643
4532: 4531,4419,4644,4533,4645,4420
4533: 4534,4646,4645,4421,4420,4532
4534: 4535,4647,4533,4646,4421,4422
4535: 4647,4534,4422,4423,4536,4648
4536: 4649,4423,4537,4648,4424,4535
4537: 4649,4536,4650,4424,4425,4538
4538: 4539,4651,4426,4537,4650,4425
4539: 4652,4540,4538,4651,4427,4426
4540: 4652,4653,4539,4427,4428,4541
4541: 4542,4654,4429,4653,4540,4428
4542: 4541,4655,4543,4654,4429,4430
4543: 4655,4542,4430,4431,4656,4544
4544: 4657,4431,4545,4656,4432,4543
4545: 4657,4546,4432,4433,4658,4544
4546: 4545,4433,4658,4547,4434,4659
4547: 4434,4548,4660,4659,4435,4546
4548: 4547,4660,4435,4436,4661,4549
4549: 4437,4662,4550,4548,4436,4661
4550: 4437,4663,4551,4662,4438,4549
4551: 4663,4664,4438,4439,4550,4552
4552: 4553,4440,4665,4551,4664,4439
4553: 4552,4554,4440,4665,4441,4666
4554: 4553,4441,4442,4666,4667,4555
4555: 4556,4668,4443,4554,4442,4667
4556: 4555,4557,4669,4668,4444,4443
4557: 4556,4669,4444,4558,4445,4670
4558: 4446,4559,4671,4445,4670,4557
4559: 4560,4446,4672,4671,4447,4558
4560: 4559,4672,4447,4673,4448,4561
4561: 4562,4673,4448,4449,4674,4560
4562: 4675,4449,4450,4561,4674,4563
4563: 4676,4564,4451,4562,4675,4450
4564: 4676,4565,4451,4452,4677,4563
4565: 4564,4452,4453,4678,4677,4566
4566: 4679,4454,4567,4565,4453,4678
4567: 4566,4679,4454,4568,4455,4680
4568: 4455,4680,4567,4569,4456,4681
4569: 4457,4682,4570,4456,4681,4568
4570: 4683,4457,4571,4682,4458,4569
4571: 4683,4458,4570,18333,4684,4572,4459
4572: 4460,4684,4573,4459,4685,4571
4573: 4461,4460,4572,4686,4685,4574
4574: 4575,4462,4687,4461,4573,4686
4575: 4463,4462,4687,4574,15510,12739,12949
4576: 12027,4689,14445,14488,15510,12739
4577: 12980,4690,14522,5028,12977,12698,16757
4578: 16478,14679,16858,16335,13927,13249
4579: 11979,13793,4692,4691,12675,12469
4580: 14352,15596,13173,4468,14479,4692
4581: 4469,4582,15795,13026,4694,18493
4582: 4470,4583,4469,4581,4695,14048,18493
4583: 4470,4582,4471,4695,4696,4584
4584: 4585,4472,4583,4471,4696,4697
4585: 4586,4473,4584,4472,4697,4698
4586: 4585,4473,4698,4474,4587,4699
4587: 4474,4588,4475,4586,4700,4699
4588: 4476,4587,4475,4589,4700,4701
4589: 4588,4476,4701,4477,4590,4702
4590: 4477,4591,4478,4589,4703,4702
4591: 4478,4479,4590,4703,4704,4592
4592: 4480,4593,4591,4479,4704,4705
4593: 4592,4594,4480,4481,4705,4706
4594: 4593,4481,4482,4706,4707,4595
4595: 4483,4596,4594,4482,4707,4708
4596: 4595,4597,4483,4484,4709,4708
4597: 4484,4596,4709,4485,4598,4710
4598: 4485,4486,4599,4597,4710,4711
4599: 4486,4598,4487,4600,4711,4712
4600: 4599,4487,4712,4601,4488,4713
4601: 4489,4602,4488,4600,4713,4714
4602: 4601,4490,4489,4714,4715,4603
4603: 4491,4604,4490,4602,4715,4716
4604: 4491,4492,4605,4603,4716,4717
4605: 4493,4492,4604,4717,4718,4606
4606: 4494,4607,4493,4605,4718,4719
4607: 4494,4606,4608,4495,4720,4719
4608: 4607,4495,4720,4496,4609,4721
4609: 4497,4610,4496,4608,4721,4722
4610: 4497,4611,4609,4498,4723,4722
4611: 4610,4498,4723,4499,4612,4724
4612: 4500,4613,4499,4611,4724,4725
4613: 4500,4614,4612,4501,4726,4725
4614: 4613,4501,4726,4615,4502,4727
4615: 4503,4616,4502,4614,4728,4727
4616: 4503,4615,4504,4728,4729,4617
4617: 4618,4505,4504,4616,4729,4730
4618: 4506,4619,4505,4617,4731,4730
4619: 4506,4618,4507,4731,4732,4620
4620: 4621,4508,4619,4507,4732,4733
4621: 4509,4622,4508,4620,4734,4733
4622: 4509,4621,4734,4510,4623,4735
4623: 4510,4511,4624,4622,4735,4736
4624: 4512,4511,4623,4625,4737,4736
4625: 4512,4624,4737,4513,4626,4738
4626: 4513,4514,4627,4625,4738,4739
4627: 4515,4514,4626,4739,4740,4628
4628: 4516,4629,4515,4627,4740,4741
4629: 4517,4516,4628,4630,4741,4742
4630: 4518,4517,4629,4742,4743,4631
4631: 4519,4632,4518,4630,4743,4744
4632: 4520,4519,4631,4633,4744,4745
4633: 4521,4520,4632,4745,4746,4634
4634: 4522,4635,4521,4633,4746,4747
4635: 4522,4523,4636,4634,4747,4748
4636: 4523,4635,4748,4524,4637,4749
4637: 4525,4524,4638,4636,4750,4749
4638: 4525,4526,4639,4637,4750,4751
4639: 4526,4638,4751,4527,4640,4752
4640: 4527,4528,4641,4639,4752,4753
4641: 4529,4528,4640,4753,4754,4642
4642: 4530,4643,4529,4641,4754,4755
4643: 4530,4531,4642,4644,4755,4756
4644: 4532,4531,4643,4756,4757,4645
4645: 4533,4646,4532,4644,4757,4758
4646: 4647,4533,4534,4645,4759,4758
4647: 4535,4534,4646,4759,4760,4648
4648: 4649,4536,4535,4647,4760,4761
4649: 4536,4537,4650,4648,4762,4761
4650: 4649,4537,4762,4538,4651,4763
4651: 4652,4539,4538,4650,4764,4763
4652: 4653,4539,4540,4651,4765,4764
4653: 4652,4540,4765,4541,4654,4766
4654: 4541,4655,4542,4653,4767,4766
4655: 4542,4543,4654,4767,4768,4656
4656: 4657,4544,4655,4543,4768,4769
4657: 4545,4656,4658,4544,4769,4770
4658: 4657,4545,4546,4771,4770,4659
4659: 4547,4660,4546,4658,4771,4772
4660: 4547,4548,4659,4661,4772,4773
4661: 4548,4660,4773,4662,4549,4774
4662: 4663,4550,4549,4661,4775,4774
4663: 4551,4664,4662,4550,4775,4776
4664: 4663,4551,4776,4552,4665,4777
4665: 4553,4552,4666,4664,4778,4777
4666: 4553,4554,4665,4667,4779,4778
4667: 4554,4666,4779,4555,4668,4780
4668: 4555,4556,4669,4667,4781,4780
4669: 4556,4557,4668,4781,4782,4670
4670: 4671,4558,4557,4669,4782,4783
4671: 4559,4672,4558,4670,4784,4783
4672: 4560,4559,4671,4784,4785,4673
4673: 4561,4674,4560,4672,4785,4786
4674: 4562,4673,4675,4561,4786,4787
4675: 4562,4674,4787,4676,4563,4788
4676: 4564,4677,4563,4675,4789,4788
4677: 4676,4564,4565,4678,4790,4789
4678: 4565,4677,4790,4566,4679,4791
4679: 4566,4680,4567,4678,4792,4791
4680: 4679,4568,4567,4793,4792,4681
4681: 4682,4569,4568,4680,4793,4794
4682: 4683,4569,4570,4681,4795,4794
4683: 4571,4682,4570,4796,4795,4684
4684: 4572,4685,4683,4571,4796,4797
4685: 4684,4572,4573,4686,4798,4797
4686: 4573,4685,4798,4687,4574,4799
4687: 4575,4574,4686,12949,13134,4799
4688: 12790,4801,15510,4800,14884,4689
4689: 4802,14445,4576,15510,12790,4688
4690: 4577,5028,12977,15601,12960,4803
4691: 12957,13030,12675,12469,4579,4804
4692: 4579,11979,14479,12469,4580,13173
4693: 13026,15596,13173,13633,4694,14460
4694: 13633,4806,13026,4693,4581,18493
4695: 4808,4807,14048,4696,4583,4582
4696: 4695,4808,4583,4584,4809,4697
4697: 4810,4809,4698,4696,4585,4584
4698: 4811,4810,4697,4586,4585,4699
4699: 4812,4700,4586,4811,4698,4587
4700: 4813,4812,4699,4701,4588,4587
4701: 4813,4700,4814,4588,4589,4702
4702: 4815,4703,4589,4701,4814,4590
4703: 4816,4815,4702,4704,4591,4590
4704: 4816,4703,4591,4592,4705,4817
4705: 4706,4817,4818,4704,4592,4593
4706: 4705,4818,4819,4707,4594,4593
4707: 4706,4819,4594,4595,4708,4820
4708: 4709,4820,4821,4707,4595,4596
4709: 4708,4821,4822,4597,4596,4710
4710: 4823,4711,4597,4709,4822,4598
4711: 4824,4823,4710,4712,4599,4598
4712: 4824,4711,4825,4599,4600,4713
4713: 4826,4714,4600,4712,4825,4601
4714: 4827,4826,4713,4715,4601,4602
4715: 4827,4714,4602,4603,4716,4828
4716: 4829,4828,4717,4715,4604,4603
4717: 4716,4829,4830,4718,4605,4604
4718: 4830,4717,4605,4606,4831,4719
4719: 4720,4832,4831,4718,4607,4606
4720: 4832,4833,4719,4607,4608,4721
4721: 4834,4722,4608,4720,4833,4609
4722: 4723,4835,4721,4834,4610,4609
4723: 4835,4722,4836,4610,4611,4724
4724: 4837,4725,4611,4723,4836,4612
4725: 4726,4838,4724,4837,4613,4612
4726: 4838,4725,4839,4613,4614,4727
4727: 4728,4840,4614,4726,4839,4615
4728: 4841,4727,4840,4729,4615,4616
4729: 4728,4841,4616,4617,4842,4730
4730: 4842,4731,4843,4729,4618,4617
4731: 4844,4730,4843,4732,4618,4619
4732: 4844,4731,4619,4620,4845,4733
4733: 4845,4734,4846,4732,4621,4620
4734: 4847,4733,4846,4621,4622,4735
4735: 4736,4848,4622,4847,4734,4623
4736: 4737,4735,4849,4848,4623,4624
4737: 4736,4849,4850,4624,4625,4738
4738: 4739,4851,4625,4737,4850,4626
4739: 4738,4852,4740,4851,4627,4626
4740: 4739,4852,4627,4628,4741,4853
4741: 4742,4853,4854,4740,4628,4629
4742: 4741,4855,4854,4743,4629,4630
4743: 4742,4855,4630,4631,4744,4856
4744: 4745,4856,4857,4743,4631,4632
4745: 4744,4858,4857,4746,4632,4633
4746: 4745,4858,4633,4634,4747,4859
4747: 4748,4859,4860,4746,4635,4634
4748: 4861,4747,4860,4636,4635,4749
4749: 4750,4862,4636,4861,4748,4637
4750: 4751,4862,4863,4749,4638,4637
4751: 4864,4750,4863,4639,4638,4752
4752: 4753,4865,4639,4864,4751,4640
4753: 4752,4754,4865,4866,4640,4641
4754: 4753,4866,4641,4642,4755,4867
4755: 4756,4868,4867,4754,4642,4643
4756: 4755,4757,4868,4869,4644,4643
4757: 4756,4869,4644,4645,4870,4758
4758: 4870,4759,4871,4757,4646,4645
4759: 4760,4871,4872,4758,4647,4646
4760: 4759,4872,4647,4648,4873,4761
4761: 4873,4762,4874,4760,4649,4648
4762: 4875,4761,4874,4649,4650,4763
4763: 4876,4764,4650,4875,4762,4651
4764: 4876,4765,4877,4763,4652,4651
4765: 4878,4764,4877,4652,4653,4766
4766: 4767,4879,4653,4878,4765,4654
4767: 4768,4879,4880,4766,4655,4654
4768: 4767,4880,4655,4656,4769,4881
4769: 4882,4770,4881,4768,4657,4656
4770: 4769,4771,4882,4883,4657,4658
4771: 4883,4770,4658,4659,4772,4884
4772: 4773,4884,4885,4771,4660,4659
4773: 4772,4885,4886,4660,4661,4774
4774: 4775,4887,4661,4773,4886,4662
4775: 4776,4887,4888,4774,4663,4662
4776: 4775,4888,4889,4663,4664,4777
4777: 4778,4890,4664,4776,4889,4665
4778: 4779,4890,4891,4777,4665,4666
4779: 4778,4891,4892,4666,4667,4780
4780: 4893,4781,4667,4779,4892,4668
4781: 4893,4782,4894,4780,4669,4668
4782: 4781,4894,4669,4670,4783,4895
4783: 4896,4784,4895,4782,4671,4670
4784: 4896,4785,4897,4783,4672,4671
4785: 4784,4897,4672,4673,4786,4898
4786: 4898,4787,4899,4785,4673,4674
4787: 4786,4899,4900,4675,4674,4788
4788: 4901,4789,4675,4787,4900,4676
4789: 4790,4901,4902,4788,4676,4677
4790: 4789,4902,4903,4678,4677,4791
4791: 4904,4792,4678,4790,4903,4679
4792: 4904,4793,4905,4791,4679,4680
4793: 4905,4792,4680,4681,4794,4906
4794: 4907,4795,4906,4793,4682,4681
4795: 4907,4796,4908,4794,4683,4682
4796: 4908,4795,4683,4684,4909,4797
4797: 4798,4909,4910,4796,4684,4685
4798: 4910,4797,4911,4686,4685,4799
4799: 13134,4912,4686,4798,4911,4687
4800: 12949,13134,14884,13552,15510,4688
4801: 12790,12248,4914,4688,14884
4802: 4803,4689,14445,14140,12790,12666
4803: 12960,4802,14140,12666,4690,15601,12327
4804: 4917,4805,14460,12957,4691,12469
4805: 13633,4917,12157,14460,4804,13215
4806: 13633,4694,13215,4918,15783,14048,18493
4807: 4695,4808,15783,14048,4919,4920
4808: 4695,4807,4920,4921,4696,4809
4809: 4922,4810,4697,4808,4921,4696
4810: 4923,4811,4922,4809,4697,4698
4811: 4923,4810,4698,4924,4812,4699
4812: 4813,4924,4925,4700,4699,4811
4813: 4925,4926,4812,4700,4701,4814
4814: 4813,4926,4701,4927,4815,4702
4815: 4816,4927,4928,4703,4702,4814
4816: 4928,4929,4815,4703,4704,4817
4817: 4705,4930,4818,4816,4929,4704
4818: 4705,4930,4706,4817,4931,4819
4819: 4706,4818,4931,4707,4932,4820
4820: 4933,4708,4821,4819,4707,4932
4821: 4709,4933,4708,4820,4934,4822
4822: 4709,4821,4934,4935,4823,4710
4823: 4935,4936,4824,4710,4711,4822
4824: 4936,4823,4937,4711,4712,4825
4825: 4824,4937,4712,4938,4826,4713
4826: 4938,4939,4827,4713,4714,4825
4827: 4939,4826,4940,4714,4715,4828
4828: 4941,4716,4829,4827,4940,4715
4829: 4941,4942,4716,4830,4828,4717
4830: 4942,4829,4717,4718,4943,4831
4831: 4944,4832,4719,4830,4718,4943
4832: 4944,4945,4720,4833,4831,4719
4833: 4945,4720,4832,4721,4834,4946
4834: 4947,4835,4721,4946,4722,4833
4835: 4947,4948,4723,4834,4722,4836
4836: 4948,4723,4835,4724,4837,4949
4837: 4950,4838,4724,4949,4725,4836
4838: 4950,4951,4726,4837,4725,4839
4839: 4951,4726,4838,4727,4840,4952
4840: 4953,4728,4841,4727,4952,4839
4841: 4953,4954,4728,4840,4729,4842
4842: 4730,4843,4955,4954,4841,4729
4843: 4956,4844,4842,4731,4730,4955
4844: 4956,4731,4843,4732,4957,4845
4845: 4733,4846,4958,4844,4732,4957
4846: 4959,4847,4845,4734,4733,4958
4847: 4959,4734,4846,4960,4735,4848
4848: 4960,4735,4736,4849,4961,4847
4849: 4962,4737,4736,4961,4848,4850
4850: 4962,4737,4849,4963,4738,4851
4851: 4964,4963,4738,4739,4852,4850
4852: 4965,4964,4739,4740,4851,4853
4853: 4966,4741,4854,4965,4852,4740
4854: 4967,4966,4741,4742,4855,4853
4855: 4968,4967,4742,4854,4743,4856
4856: 4969,4744,4857,4968,4855,4743
4857: 4970,4969,4744,4745,4858,4856
4858: 4971,4970,4745,4857,4746,4859
4859: 4972,4747,4860,4971,4858,4746
4860: 4861,4973,4972,4747,4748,4859
4861: 4973,4748,4860,4974,4862,4749
4862: 4975,4974,4750,4863,4749,4861
4863: 4976,4975,4864,4750,4751,4862
4864: 4976,4751,4863,4977,4752,4865
4865: 4978,4977,4752,4753,4866,4864
4866: 4979,4978,4753,4754,4865,4867
4867: 4755,4980,4868,4979,4754,4866
4868: 4755,4980,4981,4756,4869,4867
4869: 4982,4981,4756,4757,4868,4870
4870: 4983,4871,4758,4982,4757,4869
4871: 4870,4983,4984,4759,4872,4758
4872: 4985,4984,4759,4760,4871,4873
4873: 4986,4761,4874,4985,4760,4872
4874: 4875,4873,4986,4987,4762,4761
4875: 4987,4762,4874,4876,4763,4988
4876: 4989,4764,4877,4763,4988,4875
4877: 4878,4876,4989,4990,4765,4764
4878: 4990,4765,4877,4991,4879,4766
4879: 4767,4991,4992,4880,4766,4878
4880: 4767,4992,4993,4768,4879,4881
4881: 4769,4994,4882,4993,4768,4880
4882: 4769,4994,4995,4883,4770,4881
4883: 4995,4996,4771,4882,4770,4884
4884: 4772,4997,4885,4996,4771,4883
4885: 4772,4997,4998,4773,4884,4886
4886: 4998,4773,4885,4887,4774,4999
4887: 4775,5000,4888,4774,4999,4886
4888: 4775,5000,5001,4776,4887,4889
4889: 5001,4776,4888,4890,4777,5002
4890: 5003,4778,4891,4777,5002,4889
4891: 4779,5003,5004,4778,4890,4892
4892: 4779,5004,4891,4893,5005,4780
4893: 5006,4781,4894,5005,4780,4892
4894: 4893,5006,5007,4781,4782,4895
4895: 4896,5008,4783,5007,4782,4894
4896: 5009,4784,4897,5008,4783,4895
4897: 4896,5009,4784,5010,4785,4898
4898: 4786,4899,5011,5010,4785,4897
4899: 4786,5012,4898,4787,4900,5011
4900: 5012,4787,4899,4901,4788,5013
4901: 4789,4902,5014,4788,5013,4900
4902: 4790,5015,4901,4789,4903,5014
4903: 4790,5015,4902,4904,5016,4791
4904: 5017,4905,5016,4792,4791,4903
4905: 5017,5018,4904,4793,4792,4906
4906: 4907,5019,4794,5018,4793,4905
4907: 5020,4908,5019,4795,4794,4906
4908: 5020,5021,4907,4796,4795,4909
4909: 4910,4797,5022,5021,4796,4908
4910: 4798,4909,4797,4911,5022,5023
4911: 4798,4910,5023,4799,4912,5024
4912: 13134,4799,14599,13552,5024,4911
4913: 12248,17220,14884,5025,5026,12285
4914: 12790,4915,12248,4801,12666,5027
4915: 12666,5027,4914,12062,12327,12174
4916: 16292,18082,16867,12451
4917: 14127,12157,4805,4804,12957,5030
4918: 15511,13215,15074,4806,15783,4919
4919: 15783,4807,4920,15511,4918,5032,5033
4920: 4808,4807,4919,4921,5033,5034
4921: 4808,4920,5034,4922,4809,5035
4922: 4923,4810,4809,4921,5036,5035
4923: 4811,4922,4810,5036,5037,4924
4924: 4925,4812,4923,4811,5037,5038
4925: 4813,4924,4926,4812,5038,5039
4926: 4813,4925,4814,5039,5040,4927
4927: 4928,4815,4926,4814,5040,5041
4928: 4816,4927,4929,4815,5041,5042
4929: 4816,4928,5042,4930,4817,5043
4930: 4817,4818,4931,4929,5044,5043
4931: 4930,4818,4819,4932,5044,5045
4932: 4931,4819,5045,4933,4820,5046
4933: 4820,4821,4934,4932,5046,5047
4934: 4933,4821,4822,5047,5048,4935
4935: 4936,4823,4934,4822,5048,5049
4936: 4935,4824,4823,4937,5049,5050
4937: 4936,4824,4825,5050,5051,4938
4938: 4939,4826,4937,4825,5051,5052
4939: 4938,4827,4826,4940,5052,5053
4940: 4939,4827,5053,4941,4828,5054
4941: 4942,4829,4828,4940,5055,5054
4942: 4941,4829,4830,4943,5055,5056
4943: 4942,4830,5056,4944,4831,5057
4944: 4945,4832,4831,4943,5058,5057
4945: 4944,4832,4833,5058,5059,4946
4946: 4947,4834,4945,4833,5059,5060
4947: 4948,4835,4834,4946,5061,5060
4948: 4947,4835,4836,5061,5062,4949
4949: 4950,4837,4948,4836,5062,5063
4950: 4951,4838,4837,4949,5064,5063
4951: 4950,4838,4839,5064,5065,4952
4952: 4953,4840,4951,4839,5065,5066
4953: 4954,4841,4840,4952,5067,5066
4954: 4953,4841,5067,4842,4955,5068
4955: 4956,4842,4843,4954,5068,5069
4956: 4844,4843,4955,4957,5069,5070
4957: 4956,4844,5070,4845,4958,5071
4958: 4959,4845,4846,4957,5071,5072
4959: 4847,4846,4958,5072,5073,4960
4960: 4961,4848,4959,4847,5073,5074
4961: 4962,4960,4849,4848,5074,5075
4962: 4849,4961,4850,5075,5076,4963
4963: 4964,4851,4962,4850,5076,5077
4964: 4965,4963,4852,4851,5077,5078
4965: 4964,4852,5078,4966,4853,5079
4966: 4967,4853,4854,4965,5079,5080
4967: 4968,4966,4855,4854,5080,5081
4968: 4967,4855,5081,4969,4856,5082
4969: 4970,4856,4857,4968,5082,5083
4970: 4971,4969,4858,4857,5083,5084
4971: 4970,4858,5084,4972,4859,5085
4972: 4973,4859,4860,4971,5085,5086
4973: 4861,4972,4860,5086,5087,4974
4974: 4975,4862,4861,4973,5087,5088
4975: 4976,4974,4862,4863,5088,5089
4976: 4975,4864,4863,5089,5090,4977
4977: 4978,4865,4976,4864,5090,5091
4978: 4979,4977,4865,4866,5091,5092
4979: 4978,4866,5092,4980,4867,5093
4980: 4981,4868,4867,4979,5094,5093
4981: 4982,4980,4868,4869,5094,5095
4982: 4981,4869,5095,4870,4983,5096
4983: 4870,4984,4871,4982,5097,5096
4984: 4985,4983,4871,4872,5097,5098
4985: 4984,4872,5098,4873,4986,5099
4986: 4873,4987,4874,4985,5100,5099
4987: 4875,4986,4874,5100,5101,4988
4988: 4876,4989,4875,4987,5101,5102
4989: 4876,4990,4877,4988,5103,5102
4990: 4878,4989,4877,5103,5104,4991
4991: 4992,4879,4878,4990,5104,5105
4992: 4991,4993,4879,4880,5105,5106
4993: 4992,4880,5106,4994,4881,5107
4994: 4995,4882,4881,4993,5108,5107
4995: 4994,4996,4882,4883,5108,5109
4996: 4995,4883,5109,4997,4884,5110
4997: 4998,4884,4885,4996,5111,5110
4998: 4997,4885,4886,5111,5112,4999
4999: 5000,4887,4998,4886,5112,5113
5000: 5001,4887,4888,4999,5114,5113
5001: 5000,4888,4889,5114,5115,5002
5002: 5003,4890,5001,4889,5115,5116
5003: 5004,4890,4891,5002,5117,5116
5004: 5003,4891,4892,5117,5118,5005
5005: 4893,5006,5004,4892,5118,5119
5006: 4893,5007,4894,5005,5120,5119
5007: 5006,4894,5120,5008,4895,5121
5008: 4896,5009,4895,5007,5122,5121
5009: 4896,5010,4897,5008,5123,5122
5010: 5009,4897,5123,4898,5011,5124
5011: 5012,4898,4899,5010,5125,5124
5012: 4899,4900,5011,5125,5126,5013
5013: 4901,5014,5012,4900,5126,5127
5014: 5015,4901,4902,5013,5128,5127
5015: 4902,4903,5014,5128,5129,5016
5016: 5017,4904,5015,4903,5129,5130
5017: 5018,4904,4905,5016,5130,5131
5018: 5017,4905,5131,5019,4906,5132
5019: 5020,4907,4906,5018,5133,5132
5020: 5021,4907,4908,5019,5133,5134
5021: 5020,4908,5134,4909,5022,5135
5022: 4909,4910,5023,5021,5136,5135
5023: 4910,4911,5022,5137,5136,5024
5024: 14599,4912,4911,5023,5137,5138
5025: 14884,14599,13552,5026,14332,4913
5026: 12754,5139,14332,5025,4913,12285
5027: 4915,12248,4914,17220,12491,5254,12174
5028: 4690,14522,14401,4577,15601,11821
5029: 16931,13494,13825,11829,13076,16758
5030: 12957,11825,14452,12967,4917,14127
5031: 14271,12185,12997,5145,15511,15074,5032
5032: 5146,5033,15511,5031,5145,4919
5033: 5147,5032,5146,5034,4919,4920
5034: 5147,5033,5148,4920,4921,5035
5035: 5036,5149,4921,5034,5148,4922
5036: 5150,5035,5149,5037,4923,4922
5037: 5150,5036,4923,4924,5038,5151
5038: 5151,5152,5039,5037,4924,4925
5039: 5153,5038,5152,5040,4925,4926
5040: 5153,5039,4926,4927,5041,5154
5041: 5154,5155,5042,5040,4927,4928
5042: 5041,5156,5155,4928,4929,5043
5043: 5044,5157,4929,5156,5042,4930
5044: 5043,5157,5158,5045,4930,4931
5045: 5044,5158,5159,4931,4932,5046
5046: 5047,5160,4932,5045,5159,4933
5047: 5046,5160,5161,5048,4933,4934
5048: 5047,5161,4934,4935,5162,5049
5049: 5162,5050,5163,5048,4935,4936
5050: 5049,5163,5164,5051,4936,4937
5051: 5050,5164,4937,4938,5165,5052
5052: 5165,5053,5166,5051,4938,4939
5053: 5052,5166,5167,4939,4940,5054
5054: 5168,5055,4940,5053,5167,4941
5055: 5168,5169,5054,5056,4941,4942
5056: 5055,5169,5170,4942,4943,5057
5057: 5171,5058,4943,5056,5170,4944
5058: 5171,5172,5057,5059,4944,4945
5059: 5058,5172,4945,4946,5173,5060
5060: 5174,5173,5061,5059,4947,4946
5061: 5174,5175,5060,5062,4947,4948
5062: 5061,5175,4948,4949,5176,5063
5063: 5177,5176,5064,5062,4950,4949
5064: 5177,5178,5063,5065,4950,4951
5065: 5064,5178,4951,4952,5179,5066
5066: 5180,5179,5067,5065,4953,4952
5067: 5180,5181,5066,4953,4954,5068
5068: 5182,5069,4954,5067,5181,4955
5069: 5183,5182,5068,5070,4956,4955
5070: 5183,5069,5184,4956,4957,5071
5071: 5185,5072,4957,5070,5184,4958
5072: 5186,5185,5071,5073,4959,4958
5073: 5186,5072,4959,4960,5074,5187
5074: 5188,5075,5187,5073,4960,4961
5075: 5189,5188,5074,5076,4962,4961
5076: 5189,5075,4962,4963,5077,5190
5077: 5191,5078,5190,5076,4964,4963
5078: 5192,5191,5077,4965,4964,5079
5079: 5080,5193,4965,5192,5078,4966
5080: 5079,5081,5193,5194,4967,4966
5081: 5195,5080,5194,4968,4967,5082
5082: 5083,5196,4968,5195,5081,4969
5083: 5082,5084,5196,5197,4970,4969
5084: 5198,5083,5197,4971,4970,5085
5085: 5086,5199,4971,5198,5084,4972
5086: 5085,5087,5199,5200,4973,4972
5087: 5086,5200,4973,4974,5201,5088
5088: 5201,5089,5202,5087,4975,4974
5089: 5088,5090,5202,5203,4976,4975
5090: 5089,5203,4976,4977,5204,5091
5091: 5204,5092,5205,5090,4978,4977
5092: 5091,5206,5205,4979,4978,5093
5093: 5207,5094,4979,5092,5206,4980
5094: 5207,5095,5208,5093,4980,4981
5095: 5094,5209,5208,4982,4981,5096
5096: 5210,5097,4982,5095,5209,4983
5097: 5210,5098,5211,5096,4983,4984
5098: 5097,5212,5211,4985,4984,5099
5099: 5213,5100,4985,5098,5212,4986
5100: 5213,5101,5214,5099,4986,4987
5101: 5100,5214,4987,4988,5102,5215
5102: 5216,5103,5215,5101,4989,4988
5103: 5216,5104,5217,5102,4989,4990
5104: 5103,5217,4990,4991,5105,5218
5105: 5219,5106,5218,5104,4991,4992
5106: 5105,5219,5220,4992,4993,5107
5107: 5108,5221,4993,5106,5220,4994
5108: 5222,5109,5221,5107,4994,4995
5109: 5108,5222,5223,4995,4996,5110
5110: 5111,5224,4996,5109,5223,4997
5111: 5225,5112,5224,5110,4997,4998
5112: 5111,5225,4998,4999,5113,5226
5113: 5114,5227,5226,5112,5000,4999
5114: 5228,5115,5227,5113,5000,5001
5115: 5114,5228,5001,5002,5116,5229
5116: 5117,5230,5229,5115,5003,5002
5117: 5231,5118,5230,5116,5003,5004
5118: 5117,5231,5004,5005,5119,5232
5119: 5120,5232,5233,5118,5006,5005
5120: 5119,5234,5233,5006,5007,5121
5121: 5122,5235,5007,5120,5234,5008
5122: 5123,5235,5236,5121,5009,5008
5123: 5122,5237,5236,5009,5010,5124
5124: 5238,5125,5010,5123,5237,5011
5125: 5238,5239,5126,5124,5012,5011
5126: 5239,5125,5012,5013,5127,5240
5127: 5128,5241,5240,5126,5014,5013
5128: 5241,5242,5129,5127,5015,5014
5129: 5128,5242,5015,5016,5243,5130
5130: 5243,5131,5244,5129,5017,5016
5131: 5130,5244,5245,5017,5018,5132
5132: 5133,5246,5018,5131,5245,5019
5133: 5134,5247,5246,5132,5020,5019
5134: 5133,5247,5248,5020,5021,5135
5135: 5136,5249,5021,5134,5248,5022
5136: 5137,5250,5249,5135,5022,5023
5137: 5250,5136,5023,5024,5251,5138
5138: 5251,5252,5139,14332,5137,14599,5024
5139: 12906,5026,12754,5138,5252,14332
5140: 14089,12491,5253,15374,12285,17220
5141: 14208,15785,12966,17723,17174,13309,13637
5142: 14936,18369,15193,15876,13290,12026
5143: 16854,14069,12426,17273,14187,16758
5144: 14452,17602,12967,5257,12681,12522
5145: 12185,15697,5031,5032,5259,5146
5146: 5147,5032,5259,5260,5033,5145
5147: 5261,5146,5260,5033,5034,5148
5148: 5147,5261,5034,5035,5149,5262
5149: 5150,5036,5035,5263,5262,5148
5150: 5036,5263,5264,5149,5037,5151
5151: 5265,5038,5152,5150,5264,5037
5152: 5265,5153,5038,5266,5151,5039
5153: 5266,5152,5039,5040,5267,5154
5154: 5268,5041,5155,5153,5040,5267
5155: 5268,5041,5156,5269,5154,5042
5156: 5269,5155,5042,5043,5157,5270
5157: 5044,5043,5271,5158,5270,5156
5158: 5272,5044,5271,5157,5045,5159
5159: 5272,5158,5045,5046,5160,5273
5160: 5046,5047,5274,5161,5273,5159
5161: 5275,5047,5274,5160,5048,5162
5162: 5049,5163,5276,5275,5161,5048
5163: 5162,5277,5049,5050,5164,5276
5164: 5277,5050,5163,5051,5278,5165
5165: 5052,5166,5279,5164,5051,5278
5166: 5165,5280,5052,5053,5167,5279
5167: 5280,5053,5166,5168,5281,5054
5168: 5055,5281,5169,5054,5282,5167
5169: 5168,5283,5055,5282,5056,5170
5170: 5283,5169,5056,5171,5284,5057
5171: 5058,5284,5172,5057,5285,5170
5172: 5171,5286,5058,5285,5059,5173
5173: 5174,5287,5060,5286,5172,5059
5174: 5173,5287,5061,5175,5060,5288
5175: 5174,5061,5288,5062,5289,5176
5176: 5177,5290,5063,5175,5062,5289
5177: 5176,5064,5290,5178,5063,5291
5178: 5177,5064,5291,5065,5292,5179
5179: 5180,5293,5066,5178,5065,5292
5180: 5179,5067,5293,5181,5066,5294
5181: 5180,5067,5294,5182,5295,5068
5182: 5183,5295,5296,5068,5069,5181
5183: 5182,5296,5069,5297,5070,5184
5184: 5183,5297,5070,5185,5298,5071
5185: 5186,5298,5299,5071,5072,5184
5186: 5185,5299,5072,5300,5073,5187
5187: 5188,5301,5074,5186,5300,5073
5188: 5189,5301,5302,5074,5075,5187
5189: 5188,5302,5075,5076,5303,5190
5190: 5191,5304,5077,5189,5076,5303
5191: 5192,5304,5305,5077,5078,5190
5192: 5191,5305,5078,5306,5079,5193
5193: 5306,5307,5079,5080,5194,5192
5194: 5195,5307,5080,5081,5193,5308
5195: 5081,5194,5308,5082,5196,5309
5196: 5310,5082,5083,5197,5309,5195
5197: 5198,5310,5311,5083,5084,5196
5198: 5311,5084,5197,5085,5199,5312
5199: 5313,5085,5086,5200,5312,5198
5200: 5313,5314,5086,5087,5199,5201
5201: 5315,5088,5202,5314,5087,5200
5202: 5316,5315,5201,5088,5089,5203
5203: 5316,5089,5090,5317,5202,5204
5204: 5318,5091,5205,5090,5317,5203
5205: 5319,5318,5204,5091,5092,5206
5206: 5319,5092,5205,5207,5093,5320
5207: 5321,5094,5208,5093,5320,5206
5208: 5322,5321,5207,5094,5095,5209
5209: 5322,5095,5208,5210,5096,5323
5210: 5324,5097,5211,5096,5323,5209
5211: 5325,5324,5210,5097,5098,5212
5212: 5325,5098,5211,5213,5326,5099
5213: 5327,5100,5326,5214,5099,5212
5214: 5328,5327,5213,5100,5101,5215
5215: 5216,5329,5102,5328,5101,5214
5216: 5330,5103,5329,5217,5102,5215
5217: 5331,5330,5216,5103,5104,5218
5218: 5105,5219,5332,5331,5104,5217
5219: 5105,5333,5106,5218,5332,5220
5220: 5333,5219,5106,5221,5107,5334
5221: 5108,5222,5335,5107,5334,5220
5222: 5108,5336,5109,5221,5335,5223
5223: 5336,5222,5109,5224,5337,5110
5224: 5111,5225,5338,5337,5110,5223
5225: 5111,5339,5112,5224,5338,5226
5226: 5227,5340,5113,5339,5225,5112
5227: 5114,5228,5341,5340,5113,5226
5228: 5114,5342,5115,5227,5341,5229
5229: 5230,5343,5116,5342,5228,5115
5230: 5117,5231,5344,5343,5116,5229
5231: 5117,5345,5118,5230,5344,5232
5232: 5119,5233,5346,5345,5231,5118
5233: 5120,5119,5234,5232,5347,5346
5234: 5120,5233,5347,5235,5121,5348
5235: 5122,5236,5349,5121,5348,5234
5236: 5123,5122,5237,5235,5350,5349
5237: 5123,5236,5350,5351,5238,5124
5238: 5352,5351,5239,5125,5124,5237
5239: 5353,5352,5238,5125,5126,5240
5240: 5354,5241,5127,5353,5239,5126
5241: 5128,5354,5242,5355,5127,5240
5242: 5128,5356,5241,5355,5129,5243
5243: 5130,5244,5357,5356,5242,5129
5244: 5243,5130,5131,5245,5357,5358
5245: 5131,5244,5358,5246,5132,5359
5246: 5133,5247,5360,5132,5359,5245
5247: 5361,5133,5134,5248,5360,5246
5248: 5361,5134,5247,5362,5249,5135
5249: 5362,5363,5250,5136,5135,5248
5250: 5137,5363,5364,5136,5249,5251
5251: 5138,5365,5252,5137,5250,5364
5252: 12906,5251,5138,5365,5139,16713
5253: 14089,5480,5140,12285,12493,12754
5254: 12491,15374,5027,12174,16855,12140
5255: 15648,11998,12026,17174,12014,15262
5256: 15751,16220,17602,14330,12967,18393
5257: 17602,14330,5144,12602,12522,15010
5258: 13553,5485,5371,5372,15697,13640
5259: 5146,5260,15697,5145,5372,5373
5260: 5147,5261,5259,5146,5374,5373
5261: 5147,5260,5148,5374,5375,5262
5262: 5263,5149,5261,5148,5375,5376
5263: 5150,5264,5149,5262,5377,5376
5264: 5150,5263,5377,5265,5151,5378
5265: 5266,5151,5152,5264,5378,5379
5266: 5265,5153,5152,5267,5379,5380
5267: 5153,5266,5380,5268,5154,5381
5268: 5269,5154,5155,5267,5381,5382
5269: 5268,5156,5155,5382,5383,5270
5270: 5271,5157,5156,5269,5383,5384
5271: 5272,5157,5158,5270,5384,5385
5272: 5271,5158,5159,5385,5386,5273
5273: 5274,5160,5272,5159,5386,5387
5274: 5275,5160,5161,5273,5387,5388
5275: 5274,5161,5388,5162,5276,5389
5276: 5162,5277,5163,5275,5390,5389
5277: 5163,5164,5276,5278,5390,5391
5278: 5277,5164,5391,5165,5279,5392
5279: 5165,5280,5166,5278,5393,5392
5280: 5166,5167,5279,5393,5394,5281
5281: 5168,5282,5280,5167,5394,5395
5282: 5168,5283,5281,5169,5396,5395
5283: 5169,5282,5170,5396,5397,5284
5284: 5171,5285,5283,5170,5397,5398
5285: 5171,5286,5284,5172,5399,5398
5286: 5172,5285,5399,5173,5287,5400
5287: 5174,5173,5288,5286,5400,5401
5288: 5174,5287,5175,5289,5401,5402
5289: 5175,5288,5402,5176,5290,5403
5290: 5177,5176,5291,5289,5403,5404
5291: 5177,5290,5178,5292,5404,5405
5292: 5178,5291,5405,5179,5293,5406
5293: 5180,5179,5294,5292,5406,5407
5294: 5180,5293,5181,5407,5408,5295
5295: 5182,5296,5181,5294,5408,5409
5296: 5183,5182,5295,5297,5409,5410
5297: 5183,5296,5184,5410,5411,5298
5298: 5185,5299,5297,5184,5411,5412
5299: 5186,5185,5298,5300,5412,5413
5300: 5186,5299,5413,5301,5187,5414
5301: 5188,5302,5187,5300,5414,5415
5302: 5189,5188,5301,5303,5415,5416
5303: 5189,5302,5416,5304,5190,5417
5304: 5191,5305,5190,5303,5417,5418
5305: 5192,5191,5304,5418,5419,5306
5306: 5307,5193,5192,5305,5419,5420
5307: 5306,5193,5194,5308,5420,5421
5308: 5195,5307,5194,5421,5422,5309
5309: 5310,5196,5195,5308,5422,5423
5310: 5311,5196,5197,5309,5423,5424
5311: 5198,5310,5197,5424,5425,5312
5312: 5313,5199,5198,5311,5425,5426
5313: 5314,5199,5200,5312,5426,5427
5314: 5313,5200,5427,5315,5201,5428
5315: 5316,5201,5202,5314,5429,5428
5316: 5315,5317,5202,5203,5429,5430
5317: 5316,5203,5430,5318,5204,5431
5318: 5319,5204,5205,5317,5432,5431
5319: 5318,5206,5205,5432,5433,5320
5320: 5321,5207,5319,5206,5433,5434
5321: 5322,5207,5208,5320,5435,5434
5322: 5321,5209,5208,5435,5436,5323
5323: 5324,5210,5322,5209,5436,5437
5324: 5325,5210,5211,5323,5438,5437
5325: 5324,5212,5211,5438,5439,5326
5326: 5327,5213,5325,5212,5439,5440
5327: 5328,5213,5326,5214,5441,5440
5328: 5327,5214,5441,5329,5215,5442
5329: 5330,5216,5215,5328,5443,5442
5330: 5331,5216,5329,5217,5444,5443
5331: 5330,5217,5444,5218,5332,5445
5332: 5333,5219,5218,5331,5446,5445
5333: 5219,5332,5220,5447,5446,5334
5334: 5221,5335,5333,5220,5447,5448
5335: 5336,5222,5221,5334,5449,5448
5336: 5222,5335,5223,5450,5449,5337
5337: 5224,5338,5336,5223,5450,5451
5338: 5339,5225,5224,5337,5451,5452
5339: 5225,5338,5452,5340,5226,5453
5340: 5227,5341,5226,5339,5454,5453
5341: 5342,5228,5227,5340,5454,5455
5342: 5228,5341,5455,5343,5229,5456
5343: 5230,5344,5229,5342,5457,5456
5344: 5345,5231,5230,5343,5457,5458
5345: 5231,5344,5458,5232,5346,5459
5346: 5232,5233,5347,5345,5460,5459
5347: 5234,5233,5346,5460,5461,5348
5348: 5235,5349,5234,5347,5461,5462
5349: 5235,5236,5350,5348,5463,5462
5350: 5237,5236,5349,5463,5464,5351
5351: 5352,5238,5237,5350,5464,5465
5352: 5353,5351,5238,5239,5466,5465
5353: 5352,5239,5466,5354,5240,5467
5354: 5241,5355,5240,5353,5468,5467
5355: 5356,5354,5241,5242,5468,5469
5356: 5242,5355,5469,5243,5357,5470
5357: 5243,5244,5358,5356,5471,5470
5358: 5244,5245,5357,5471,5472,5359
5359: 5360,5246,5245,5358,5472,5473
5360: 5361,5247,5246,5359,5474,5473
5361: 5247,5248,5360,5474,5475,5362
5362: 5363,5249,5361,5248,5475,5476
5363: 5362,5250,5364,5249,5477,5476
5364: 5363,5250,5478,5477,5251,5365
5365: 5251,5252,16713,5364,5478,17228
5366: 12906,16713,5479,13108,12493,16228
5367: 13589,13920,12140,12172,18568,13391
5368: 5482,13589,13920,12014,15262,13852
5369: 12381,15094,12662,15075,16904,17339
5370: 16917,16467,12714,15364,15751,12536
5371: 12165,13553,5258,15010,13640
5372: 5485,5258,15697,5259,5486,5373
5373: 5486,5374,5487,5372,5259,5260
5374: 5488,5373,5487,5375,5261,5260
5375: 5488,5374,5261,5262,5489,5376
5376: 5377,5489,5490,5375,5263,5262
5377: 5491,5376,5490,5263,5264,5378
5378: 5492,5379,5264,5377,5491,5265
5379: 5492,5378,5493,5380,5265,5266
5380: 5493,5379,5494,5266,5267,5381
5381: 5495,5382,5267,5380,5494,5268
5382: 5495,5381,5496,5383,5268,5269
5383: 5382,5496,5269,5270,5497,5384
5384: 5497,5498,5385,5383,5271,5270
5385: 5498,5384,5499,5386,5272,5271
5386: 5385,5499,5272,5273,5500,5387
5387: 5500,5501,5388,5386,5274,5273
5388: 5501,5387,5502,5275,5274,5389
5389: 5503,5390,5275,5388,5502,5276
5390: 5503,5504,5389,5391,5277,5276
5391: 5504,5390,5505,5277,5278,5392
5392: 5506,5393,5278,5391,5505,5279
5393: 5506,5507,5392,5394,5280,5279
5394: 5507,5393,5280,5281,5508,5395
5395: 5509,5396,5508,5394,5281,5282
5396: 5509,5510,5395,5397,5283,5282
5397: 5510,5396,5283,5284,5511,5398
5398: 5512,5399,5511,5397,5284,5285
5399: 5512,5513,5398,5286,5285,5400
5400: 5514,5401,5286,5513,5399,5287
5401: 5515,5400,5514,5402,5287,5288
5402: 5515,5401,5516,5288,5289,5403
5403: 5517,5404,5289,5402,5516,5290
5404: 5518,5403,5517,5405,5290,5291
5405: 5518,5404,5519,5291,5292,5406
5406: 5520,5407,5292,5405,5519,5293
5407: 5521,5406,5520,5408,5293,5294
5408: 5521,5407,5294,5295,5409,5522
5409: 5522,5523,5410,5408,5295,5296
5410: 5524,5409,5523,5411,5296,5297
5411: 5524,5410,5297,5298,5412,5525
5412: 5525,5526,5413,5411,5298,5299
5413: 5527,5412,5526,5299,5300,5414
5414: 5415,5528,5300,5527,5413,5301
5415: 5414,5528,5529,5416,5301,5302
5416: 5415,5529,5530,5302,5303,5417
5417: 5418,5531,5303,5416,5530,5304
5418: 5417,5531,5532,5419,5304,5305
5419: 5418,5532,5305,5306,5420,5533
5420: 5421,5533,5534,5419,5306,5307
5421: 5420,5534,5535,5422,5307,5308
5422: 5421,5535,5308,5309,5423,5536
5423: 5424,5536,5537,5422,5310,5309
5424: 5423,5537,5538,5425,5310,5311
5425: 5424,5538,5311,5312,5426,5539
5426: 5427,5539,5540,5425,5313,5312
5427: 5426,5540,5541,5313,5314,5428
5428: 5429,5542,5314,5427,5541,5315
5429: 5430,5542,5543,5428,5316,5315
5430: 5429,5543,5544,5316,5317,5431
5431: 5432,5545,5317,5430,5544,5318
5432: 5433,5545,5546,5431,5319,5318
5433: 5432,5546,5319,5320,5434,5547
5434: 5435,5548,5547,5433,5321,5320
5435: 5436,5548,5549,5434,5322,5321
5436: 5435,5549,5322,5323,5437,5550
5437: 5438,5551,5550,5436,5324,5323
5438: 5439,5551,5552,5437,5325,5324
5439: 5438,5552,5325,5326,5553,5440
5440: 5441,5553,5554,5439,5327,5326
5441: 5554,5555,5440,5328,5327,5442
5442: 5556,5443,5328,5441,5555,5329
5443: 5444,5556,5557,5442,5330,5329
5444: 5557,5558,5443,5331,5330,5445
5445: 5559,5446,5331,5444,5558,5332
5446: 5447,5559,5560,5445,5333,5332
5447: 5560,5446,5333,5334,5448,5561
5448: 5562,5449,5561,5447,5335,5334
5449: 5450,5562,5563,5448,5336,5335
5450: 5563,5449,5336,5337,5451,5564
5451: 5564,5565,5452,5450,5338,5337
5452: 5451,5565,5566,5339,5338,5453
5453: 5454,5567,5339,5566,5452,5340
5454: 5567,5568,5455,5453,5341,5340
5455: 5454,5568,5569,5342,5341,5456
5456: 5457,5570,5342,5569,5455,5343
5457: 5570,5571,5458,5456,5344,5343
5458: 5457,5571,5572,5345,5344,5459
5459: 5460,5573,5345,5572,5458,5346
5460: 5573,5574,5461,5459,5347,5346
5461: 5460,5574,5347,5348,5462,5575
5462: 5463,5576,5575,5461,5349,5348
5463: 5576,5577,5464,5462,5350,5349
5464: 5463,5577,5350,5351,5465,5578
5465: 5466,5579,5578,5464,5352,5351
5466: 5579,5580,5465,5353,5352,5467
5467: 5581,5468,5353,5466,5580,5354
5468: 5581,5582,5469,5467,5354,5355
5469: 5582,5583,5468,5356,5355,5470
5470: 5584,5471,5356,5583,5469,5357
5471: 5584,5585,5472,5470,5357,5358
5472: 5585,5471,5358,5359,5473,5586
5473: 5587,5474,5586,5472,5360,5359
5474: 5587,5588,5475,5473,5361,5360
5475: 5588,5474,5361,5362,5589,5476
5476: 5477,5589,5590,5475,5362,5363
5477: 5591,5478,5590,5476,5363,5364
5478: 5591,5477,5364,5365,17228,17558
5479: 5706,5592,13108,17228,5366,16713
5480: 14089,5253,12172,12493,16228,5593
5481: 5595,12929,12330,13391,5482,13589
5482: 5368,13589,12014,5481,12929,18140
5483: 16442,17988,18178
5484: 12855,16527,12074,12975,15364,12536
5485: 13553,5258,5712,5372,16374,5486
5486: 5373,5487,5600,5485,5372,16374
5487: 5486,5488,5601,5374,5373,5600
5488: 5601,5374,5487,5375,5602,5489
5489: 5376,5603,5490,5488,5375,5602
5490: 5377,5491,5489,5376,5604,5603
5491: 5377,5604,5490,5492,5378,5605
5492: 5378,5493,5605,5606,5379,5491
5493: 5607,5492,5606,5379,5380,5494
5494: 5607,5493,5380,5495,5381,5608
5495: 5381,5382,5608,5609,5496,5494
5496: 5610,5495,5382,5609,5383,5497
5497: 5498,5384,5611,5610,5496,5383
5498: 5497,5384,5385,5611,5612,5499
5499: 5498,5385,5612,5386,5613,5500
5500: 5501,5387,5614,5499,5386,5613
5501: 5500,5387,5388,5614,5615,5502
5502: 5501,5388,5615,5503,5616,5389
5503: 5504,5390,5616,5617,5389,5502
5504: 5503,5390,5617,5618,5391,5505
5505: 5504,5618,5391,5506,5619,5392
5506: 5507,5393,5619,5620,5392,5505
5507: 5506,5393,5620,5621,5394,5508
5508: 5509,5622,5395,5507,5621,5394
5509: 5510,5396,5622,5623,5508,5395
5510: 5509,5396,5623,5397,5624,5511
5511: 5512,5625,5398,5510,5397,5624
5512: 5513,5399,5625,5626,5511,5398
5513: 5512,5399,5626,5400,5627,5514
5514: 5515,5400,5627,5628,5401,5513
5515: 5628,5629,5514,5401,5402,5516
5516: 5515,5629,5402,5403,5630,5517
5517: 5518,5403,5630,5631,5404,5516
5518: 5631,5632,5517,5404,5405,5519
5519: 5518,5632,5405,5406,5633,5520
5520: 5521,5406,5633,5634,5407,5519
5521: 5634,5635,5520,5407,5408,5522
5522: 5409,5636,5523,5521,5635,5408
5523: 5524,5409,5636,5637,5522,5410
5524: 5637,5523,5410,5411,5638,5525
5525: 5412,5639,5526,5524,5411,5638
5526: 5527,5412,5639,5640,5525,5413
5527: 5640,5526,5413,5414,5528,5641
5528: 5414,5415,5642,5529,5641,5527
5529: 5415,5642,5643,5528,5416,5530
5530: 5643,5529,5416,5417,5531,5644
5531: 5417,5418,5645,5532,5644,5530
5532: 5418,5645,5646,5531,5419,5533
5533: 5420,5534,5647,5646,5532,5419
5534: 5420,5421,5648,5533,5535,5647
5535: 5421,5648,5534,5422,5649,5536
5536: 5423,5537,5650,5535,5422,5649
5537: 5423,5424,5651,5536,5538,5650
5538: 5424,5651,5537,5425,5652,5539
5539: 5426,5540,5653,5538,5425,5652
5540: 5426,5427,5539,5541,5653,5654
5541: 5427,5540,5654,5542,5428,5655
5542: 5656,5429,5543,5428,5655,5541
5543: 5656,5429,5430,5542,5544,5657
5544: 5430,5543,5657,5545,5658,5431
5545: 5659,5432,5546,5658,5431,5544
5546: 5659,5432,5433,5545,5660,5547
5547: 5548,5661,5434,5433,5546,5660
5548: 5662,5435,5549,5661,5434,5547
5549: 5662,5435,5436,5548,5663,5550
5550: 5551,5664,5437,5436,5549,5663
5551: 5665,5438,5552,5664,5437,5550
5552: 5665,5438,5439,5551,5666,5553
5553: 5554,5667,5440,5439,5552,5666
5554: 5668,5441,5553,5555,5667,5440
5555: 5668,5441,5554,5556,5442,5669
5556: 5557,5670,5443,5442,5669,5555
5557: 5671,5444,5556,5558,5670,5443
5558: 5671,5444,5557,5559,5672,5445
5559: 5560,5672,5673,5446,5445,5558
5560: 5674,5447,5559,5673,5446,5561
5561: 5562,5675,5448,5674,5447,5560
5562: 5563,5675,5676,5449,5448,5561
5563: 5677,5450,5562,5676,5449,5564
5564: 5451,5565,5678,5677,5450,5563
5565: 5451,5564,5566,5678,5679,5452
5566: 5565,5679,5452,5567,5453,5680
5567: 5454,5568,5681,5453,5680,5566
5568: 5454,5567,5569,5681,5682,5455
5569: 5568,5682,5455,5570,5456,5683
5570: 5457,5571,5684,5456,5683,5569
5571: 5457,5570,5572,5684,5685,5458
5572: 5571,5685,5458,5573,5686,5459
5573: 5460,5574,5686,5687,5459,5572
5574: 5460,5573,5687,5688,5461,5575
5575: 5576,5689,5462,5574,5688,5461
5576: 5463,5577,5689,5690,5462,5575
5577: 5463,5576,5690,5691,5464,5578
5578: 5579,5692,5465,5577,5691,5464
5579: 5466,5580,5692,5693,5465,5578
5580: 5466,5579,5693,5581,5467,5694
5581: 5582,5695,5468,5467,5694,5580
5582: 5581,5583,5695,5696,5468,5469
5583: 5582,5696,5469,5584,5697,5470
5584: 5585,5697,5698,5471,5470,5583
5585: 5584,5698,5699,5471,5472,5586
5586: 5587,5700,5473,5585,5699,5472
5587: 5588,5700,5701,5474,5473,5586
5588: 5587,5701,5702,5474,5475,5589
5589: 5703,5590,5476,5588,5702,5475
5590: 5591,5703,5477,5589,5704,5476
5591: 5478,5477,5704,5590,5705,17558
5592: 5706,5479,5819,17228,17558
5593: 12217,5594,16228,14333,12172,5480
5594: 12217,12543,13131,14333,5708,5593
5595: 5481,13170,13862,12929,12330,11988
5596: 12477,13483,11836,18141,11831,11913
5597: 12975,14179,15705,11837,16527,5937
5598: 12787,5712,12603,5825,13039
5599: 5712,16374,13039,5826,5713
5600: 5486,5601,5487,16374,5713,5714
5601: 5488,5487,5600,5602,5715,5714
5602: 5488,5601,5715,5489,5603,5716
5603: 5489,5604,5490,5602,5716,5717
5604: 5491,5603,5490,5718,5717,5605
5605: 5492,5606,5491,5604,5718,5719
5606: 5607,5492,5493,5605,5719,5720
5607: 5493,5606,5494,5720,5721,5608
5608: 5495,5609,5607,5494,5721,5722
5609: 5610,5495,5608,5496,5722,5723
5610: 5609,5496,5723,5497,5611,5724
5611: 5497,5498,5612,5610,5724,5725
5612: 5498,5611,5499,5613,5726,5725
5613: 5612,5499,5726,5500,5614,5727
5614: 5500,5501,5615,5613,5728,5727
5615: 5501,5614,5502,5729,5728,5616
5616: 5503,5617,5615,5502,5729,5730
5617: 5503,5504,5616,5618,5731,5730
5618: 5504,5617,5505,5731,5732,5619
5619: 5506,5620,5618,5505,5732,5733
5620: 5506,5507,5619,5621,5734,5733
5621: 5507,5620,5734,5622,5508,5735
5622: 5509,5623,5508,5621,5735,5736
5623: 5509,5510,5622,5624,5737,5736
5624: 5510,5623,5737,5625,5511,5738
5625: 5512,5626,5511,5624,5738,5739
5626: 5512,5513,5625,5739,5740,5627
5627: 5628,5514,5513,5626,5740,5741
5628: 5515,5627,5629,5514,5741,5742
5629: 5515,5628,5516,5742,5743,5630
5630: 5631,5517,5629,5516,5743,5744
5631: 5518,5630,5632,5517,5744,5745
5632: 5518,5631,5519,5745,5746,5633
5633: 5634,5520,5632,5519,5746,5747
5634: 5521,5633,5635,5520,5747,5748
5635: 5521,5634,5748,5636,5522,5749
5636: 5637,5522,5523,5635,5749,5750
5637: 5524,5636,5523,5638,5750,5751
5638: 5524,5637,5751,5639,5525,5752
5639: 5640,5525,5526,5638,5752,5753
5640: 5527,5639,5526,5753,5754,5641
5641: 5642,5528,5527,5640,5754,5755
5642: 5643,5528,5529,5641,5755,5756
5643: 5642,5529,5530,5756,5757,5644
5644: 5645,5531,5643,5530,5757,5758
5645: 5646,5531,5532,5644,5758,5759
5646: 5645,5532,5759,5533,5647,5760
5647: 5648,5533,5534,5646,5760,5761
5648: 5534,5535,5647,5649,5761,5762
5649: 5648,5535,5762,5536,5650,5763
5650: 5651,5536,5537,5649,5763,5764
5651: 5537,5538,5650,5652,5764,5765
5652: 5651,5538,5765,5539,5653,5766
5653: 5539,5540,5654,5652,5766,5767
5654: 5540,5541,5653,5767,5768,5655
5655: 5656,5542,5541,5654,5768,5769
5656: 5542,5543,5657,5655,5769,5770
5657: 5656,5543,5544,5770,5771,5658
5658: 5659,5545,5544,5657,5771,5772
5659: 5545,5546,5658,5660,5772,5773
5660: 5659,5546,5773,5661,5547,5774
5661: 5662,5548,5547,5660,5775,5774
5662: 5548,5549,5661,5663,5775,5776
5663: 5662,5549,5776,5664,5550,5777
5664: 5665,5551,5550,5663,5778,5777
5665: 5551,5552,5664,5666,5778,5779
5666: 5665,5552,5779,5553,5667,5780
5667: 5668,5553,5554,5666,5781,5780
5668: 5554,5555,5667,5781,5782,5669
5669: 5556,5670,5668,5555,5782,5783
5670: 5671,5556,5557,5669,5784,5783
5671: 5557,5558,5670,5784,5785,5672
5672: 5559,5673,5671,5558,5785,5786
5673: 5674,5559,5560,5672,5787,5786
5674: 5560,5673,5787,5675,5561,5788
5675: 5562,5676,5561,5674,5789,5788
5676: 5677,5562,5563,5675,5790,5789
5677: 5563,5676,5790,5564,5678,5791
5678: 5564,5565,5679,5677,5791,5792
5679: 5565,5566,5678,5793,5792,5680
5680: 5567,5681,5566,5679,5793,5794
5681: 5567,5568,5682,5680,5794,5795
5682: 5568,5569,5681,5796,5795,5683
5683: 5570,5684,5569,5682,5796,5797
5684: 5570,5571,5685,5683,5798,5797
5685: 5571,5572,5684,5799,5798,5686
5686: 5573,5687,5572,5685,5799,5800
5687: 5573,5574,5686,5688,5801,5800
5688: 5574,5687,5801,5689,5575,5802
5689: 5576,5690,5575,5688,5803,5802
5690: 5576,5577,5689,5691,5804,5803
5691: 5577,5690,5804,5692,5578,5805
5692: 5579,5693,5578,5691,5805,5806
5693: 5579,5580,5692,5806,5807,5694
5694: 5581,5695,5580,5693,5807,5808
5695: 5581,5582,5696,5694,5808,5809
5696: 5582,5583,5695,5809,5810,5697
5697: 5584,5698,5583,5696,5810,5811
5698: 5584,5585,5697,5699,5811,5812
5699: 5585,5698,5812,5700,5586,5813
5700: 5587,5701,5586,5699,5814,5813
5701: 5587,5588,5700,5702,5815,5814
5702: 5588,5701,5815,5703,5589,5816
5703: 5589,5704,5590,5702,5817,5816
5704: 5591,5703,5590,5705,5818,5817
5705: 5591,5704,5818,5819,17558,15512
5706: 5592,5707,5479,5820,5819,13108,15747
5707: 5706,5820,13108,15747,13131,14333
5708: 12217,12543,5594,12659,12330,11988,12910
5709: 13955,13170,12488,12477,11840,14446
5710: 14656,18535,14993,18127,18012,18379
5711: 12855,13963,11837,13572,14464
5712: 5599,13553,5485,12787,5598,16374,13039
5713: 5827,5714,5599,16374,5826,5600
5714: 5827,5715,5828,5713,5601,5600
5715: 5828,5714,5829,5601,5602,5716
5716: 5717,5830,5602,5715,5829,5603
5717: 5718,5716,5830,5831,5604,5603
5718: 5717,5831,5604,5605,5719,5832
5719: 5720,5832,5833,5718,5605,5606
5720: 5834,5719,5833,5721,5607,5606
5721: 5834,5720,5607,5608,5722,5835
5722: 5723,5835,5836,5721,5608,5609
5723: 5837,5722,5836,5610,5609,5724
5724: 5725,5838,5610,5837,5723,5611
5725: 5726,5724,5838,5839,5611,5612
5726: 5725,5839,5840,5612,5613,5727
5727: 5728,5841,5613,5726,5840,5614
5728: 5729,5841,5842,5727,5614,5615
5729: 5728,5842,5615,5616,5843,5730
5730: 5731,5843,5844,5729,5616,5617
5731: 5845,5844,5730,5732,5617,5618
5732: 5845,5731,5618,5619,5846,5733
5733: 5734,5846,5847,5732,5619,5620
5734: 5848,5847,5733,5620,5621,5735
5735: 5849,5736,5621,5848,5734,5622
5736: 5735,5737,5849,5850,5622,5623
5737: 5850,5736,5851,5623,5624,5738
5738: 5739,5852,5624,5737,5851,5625
5739: 5853,5738,5740,5852,5625,5626
5740: 5853,5739,5626,5627,5741,5854
5741: 5855,5742,5854,5740,5627,5628
5742: 5855,5856,5741,5743,5628,5629
5743: 5856,5742,5629,5630,5744,5857
5744: 5858,5745,5857,5743,5630,5631
5745: 5858,5859,5744,5746,5631,5632
5746: 5859,5745,5632,5633,5747,5860
5747: 5861,5748,5860,5746,5633,5634
5748: 5861,5862,5747,5634,5635,5749
5749: 5750,5863,5635,5862,5748,5636
5750: 5864,5749,5751,5863,5636,5637
5751: 5864,5750,5865,5637,5638,5752
5752: 5753,5866,5638,5751,5865,5639
5753: 5867,5752,5866,5754,5639,5640
5754: 5867,5753,5640,5641,5755,5868
5755: 5756,5868,5869,5754,5642,5641
5756: 5870,5755,5869,5757,5642,5643
5757: 5870,5756,5643,5644,5758,5871
5758: 5759,5871,5872,5757,5645,5644
5759: 5873,5758,5872,5645,5646,5760
5760: 5761,5874,5646,5873,5759,5647
5761: 5760,5762,5874,5875,5648,5647
5762: 5761,5875,5876,5648,5649,5763
5763: 5764,5877,5649,5762,5876,5650
5764: 5763,5765,5877,5878,5651,5650
5765: 5764,5878,5879,5651,5652,5766
5766: 5767,5880,5652,5765,5879,5653
5767: 5766,5768,5880,5881,5653,5654
5768: 5767,5881,5654,5655,5769,5882
5769: 5770,5883,5882,5768,5656,5655
5770: 5769,5771,5883,5884,5656,5657
5771: 5770,5884,5657,5658,5772,5885
5772: 5773,5886,5885,5771,5659,5658
5773: 5772,5886,5887,5659,5660,5774
5774: 5775,5888,5660,5773,5887,5661
5775: 5776,5888,5889,5774,5662,5661
5776: 5775,5889,5890,5662,5663,5777
5777: 5778,5891,5663,5776,5890,5664
5778: 5779,5891,5892,5777,5665,5664
5779: 5778,5892,5893,5665,5666,5780
5780: 5781,5894,5666,5779,5893,5667
5781: 5782,5894,5895,5780,5668,5667
5782: 5781,5895,5668,5669,5783,5896
5783: 5784,5897,5896,5782,5670,5669
5784: 5785,5897,5783,5898,5671,5670
5785: 5784,5898,5671,5672,5899,5786
5786: 5787,5899,5900,5785,5672,5673
5787: 5900,5786,5901,5674,5673,5788
5788: 5789,5902,5674,5787,5901,5675
5789: 5790,5903,5902,5788,5675,5676
5790: 5903,5904,5789,5677,5676,5791
5791: 5905,5792,5677,5790,5904,5678
5792: 5793,5905,5906,5791,5678,5679
5793: 5906,5792,5679,5680,5794,5907
5794: 5908,5795,5907,5793,5681,5680
5795: 5796,5908,5909,5794,5681,5682
5796: 5909,5795,5682,5683,5797,5910
5797: 5911,5798,5910,5796,5684,5683
5798: 5799,5911,5912,5797,5684,5685
5799: 5912,5798,5685,5686,5913,5800
5800: 5913,5914,5801,5799,5686,5687
5801: 5914,5915,5800,5687,5688,5802
5802: 5916,5803,5688,5915,5801,5689
5803: 5917,5804,5916,5802,5689,5690
5804: 5917,5918,5803,5690,5691,5805
5805: 5806,5919,5691,5918,5804,5692
5806: 5920,5805,5807,5919,5692,5693
5807: 5920,5806,5693,5694,5808,5921
5808: 5809,5922,5921,5807,5695,5694
5809: 5923,5808,5810,5922,5695,5696
5810: 5923,5809,5696,5697,5924,5811
5811: 5924,5925,5812,5810,5697,5698
5812: 5925,5926,5811,5698,5699,5813
5813: 5814,5927,5699,5926,5812,5700
5814: 5928,5815,5927,5813,5700,5701
5815: 5928,5929,5814,5701,5702,5816
5816: 5817,5930,5702,5929,5815,5703
5817: 5931,5818,5930,5816,5703,5704
5818: 5931,5817,5704,5705,15512,14971
5819: 5706,5592,5820,17558,5705,15512,5933
5820: 5706,5707,5819,15747,5934,5933
5821: 12543,13131,15747,12860,13252
5822: 12682,5935,12860,12659,12910,12472
5823: 18449,12381,12662,16723,18399
5824: 14450,11900,15119,12503,13963
5825: 12200,13039,13936,12603,12503,5598
5826: 13039,5939,5599,5827,5940,5713
5827: 5940,5828,5713,5941,5714,5826
5828: 5827,5715,5941,5714,5942,5829
5829: 5715,5828,5942,5943,5716,5830
5830: 5944,5943,5716,5717,5831,5829
5831: 5944,5718,5717,5945,5830,5832
5832: 5946,5719,5833,5718,5945,5831
5833: 5947,5834,5946,5719,5720,5832
5834: 5947,5720,5833,5948,5721,5835
5835: 5949,5722,5836,5834,5948,5721
5836: 5950,5837,5949,5722,5723,5835
5837: 5950,5723,5836,5724,5838,5951
5838: 5724,5952,5725,5839,5951,5837
5839: 5726,5952,5725,5953,5838,5840
5840: 5726,5953,5839,5954,5841,5727
5841: 5954,5955,5728,5842,5727,5840
5842: 5729,5955,5728,5956,5841,5843
5843: 5957,5844,5730,5729,5956,5842
5844: 5845,5957,5958,5731,5843,5730
5845: 5958,5731,5844,5732,5959,5846
5846: 5960,5847,5733,5845,5732,5959
5847: 5848,5960,5961,5734,5846,5733
5848: 5961,5734,5847,5735,5849,5962
5849: 5735,5963,5850,5962,5736,5848
5850: 5963,5737,5964,5849,5736,5851
5851: 5737,5964,5850,5738,5852,5965
5852: 5853,5738,5739,5965,5966,5851
5853: 5739,5967,5740,5852,5966,5854
5854: 5855,5741,5968,5853,5967,5740
5855: 5856,5741,5742,5854,5968,5969
5856: 5855,5742,5969,5743,5970,5857
5857: 5858,5744,5971,5856,5743,5970
5858: 5859,5744,5745,5857,5971,5972
5859: 5858,5745,5972,5746,5973,5860
5860: 5861,5747,5974,5859,5746,5973
5861: 5862,5747,5748,5860,5974,5975
5862: 5861,5748,5975,5749,5863,5976
5863: 5864,5749,5750,5976,5977,5862
5864: 5750,5751,5863,5977,5978,5865
5865: 5864,5751,5978,5752,5866,5979
5866: 5867,5752,5753,5979,5980,5865
5867: 5753,5981,5866,5980,5754,5868
5868: 5755,5869,5982,5867,5981,5754
5869: 5870,5755,5756,5868,5982,5983
5870: 5756,5869,5983,5757,5984,5871
5871: 5758,5872,5985,5870,5757,5984
5872: 5873,5758,5759,5871,5985,5986
5873: 5759,5872,5986,5760,5874,5987
5874: 5760,5761,5875,5987,5988,5873
5875: 5761,5762,5874,5988,5989,5876
5876: 5762,5875,5989,5763,5877,5990
5877: 5763,5764,5878,5990,5991,5876
5878: 5764,5765,5877,5991,5992,5879
5879: 5765,5878,5992,5766,5880,5993
5880: 5766,5767,5881,5993,5994,5879
5881: 5767,5768,5880,5994,5995,5882
5882: 5769,5883,5996,5768,5881,5995
5883: 5769,5770,5884,5996,5997,5882
5884: 5770,5771,5883,5997,5998,5885
5885: 5772,5886,5999,5771,5884,5998
5886: 5772,5773,5887,5999,6000,5885
5887: 5773,5886,6000,5888,6001,5774
5888: 5775,5889,6002,6001,5774,5887
5889: 5775,5776,5888,5890,6002,6003
5890: 5776,5889,6003,5891,5777,6004
5891: 5778,5892,6005,5777,6004,5890
5892: 5778,5779,5891,5893,6005,6006
5893: 5779,5892,6006,5894,6007,5780
5894: 5781,6007,5895,5780,6008,5893
5895: 5781,5782,5894,6008,6009,5896
5896: 5897,5783,6010,5782,5895,6009
5897: 5784,5783,5898,6010,6011,5896
5898: 5784,5785,5897,6011,6012,5899
5899: 5900,5786,6013,5785,5898,6012
5900: 5787,5899,5786,5901,6013,6014
5901: 5787,5900,6014,5902,6015,5788
5902: 5903,6016,5789,6015,5788,5901
5903: 5790,6016,5904,5789,6017,5902
5904: 5790,5903,6017,5905,6018,5791
5905: 5906,6018,5791,5792,6019,5904
5906: 5793,5905,5792,6020,6019,5907
5907: 5908,5794,6021,5793,5906,6020
5908: 5909,6022,5794,5795,6021,5907
5909: 5796,5908,6022,5795,6023,5910
5910: 5911,6024,5797,5796,5909,6023
5911: 5912,6025,6024,5798,5797,5910
5912: 5799,5911,6025,5798,6026,5913
5913: 5914,6027,5800,5799,5912,6026
5914: 5913,5915,6028,6027,5801,5800
5915: 5914,6028,5801,5916,6029,5802
5916: 5917,6030,5803,6029,5802,5915
5917: 5918,6031,6030,5804,5916,5803
5918: 5917,6031,5804,5805,5919,6032
5919: 5920,5805,5806,6033,6032,5918
5920: 5806,6033,5807,5919,6034,5921
5921: 5808,5922,6035,5920,5807,6034
5922: 5923,5808,5809,6036,6035,5921
5923: 5809,6036,5810,5922,6037,5924
5924: 6038,5925,5811,5923,5810,6037
5925: 6038,5924,6039,5926,5811,5812
5926: 6039,5925,5812,5927,6040,5813
5927: 5928,6041,5814,6040,5813,5926
5928: 5929,6041,5815,6042,5814,5927
5929: 5928,5815,6042,6043,5930,5816
5930: 5931,6043,6044,5817,5816,5929
5931: 14194,5818,6044,5817,5930,6045,14971
5932: 15512,6046,5933,6045,13890,14971
5933: 15512,5934,5932,6046,5820,5819
5934: 6047,6046,5933,5820,15747,13252
5935: 6048,12998,5822,12682,12860
5936: 6050,15318,12472,13862,12488,12910
5937: 14450,12639,14179,5597,14220,11837
5938: 15119,15484,12822,11981,12200,13398,13015
5939: 6052,13039,6053,5826,13936
5940: 5827,5941,6054,17603,6053,5826
5941: 6055,5827,5940,5828,5942,6054
5942: 6055,5828,5941,5829,6056,5943
5943: 5944,6057,5830,5942,5829,6056
5944: 6057,6058,5943,5945,5830,5831
5945: 5944,6058,5831,6059,5946,5832
5946: 5947,6059,6060,5832,5833,5945
5947: 6060,5834,5946,5833,6061,5948
5948: 5947,5834,6061,6062,5949,5835
5949: 5950,6062,6063,5835,5836,5948
5950: 6063,5837,5949,5836,6064,5951
5951: 6065,5952,5838,5950,5837,6064
5952: 6065,6066,5953,5838,5839,5951
5953: 6066,5952,5839,6067,5840,5954
5954: 6068,5955,5841,5953,6067,5840
5955: 6068,6069,5954,5956,5841,5842
5956: 6069,5955,5842,6070,5957,5843
5957: 6070,6071,5958,5843,5844,5956
5958: 6071,5845,5957,5844,6072,5959
5959: 5845,5958,6072,6073,5960,5846
5960: 6073,6074,5961,5846,5847,5959
5961: 6074,5848,5960,5847,6075,5962
5962: 6076,5963,5849,5848,5961,6075
5963: 6076,6077,5964,5849,5850,5962
5964: 6077,5963,5850,5851,6078,5965
5965: 6079,5852,5966,5964,5851,6078
5966: 6079,5853,5967,5852,6080,5965
5967: 5853,6080,5966,5854,6081,5968
5968: 5855,5854,6081,6082,5969,5967
5969: 5855,5856,6082,6083,5968,5970
5970: 5856,6083,5969,5857,6084,5971
5971: 5858,5857,6084,6085,5972,5970
5972: 5858,5859,6085,6086,5971,5973
5973: 5859,6086,5972,5860,6087,5974
5974: 5861,5860,6087,6088,5975,5973
5975: 5861,5862,6088,6089,5974,5976
5976: 5863,6090,5977,5862,6089,5975
5977: 5864,5863,6090,6091,5976,5978
5978: 5864,6091,5977,5865,6092,5979
5979: 5866,6093,5980,5978,5865,6092
5980: 5867,5981,5866,6093,6094,5979
5981: 5867,6094,5980,5868,5982,6095
5982: 5868,5869,6096,5983,6095,5981
5983: 5870,5869,6096,6097,5982,5984
5984: 5870,6097,5983,5871,5985,6098
5985: 5871,5872,6099,5986,6098,5984
5986: 5873,5872,6099,6100,5985,5987
5987: 5874,5988,6101,5873,6100,5986
5988: 5874,5875,6102,5987,5989,6101
5989: 5875,6102,5988,6103,5876,5990
5990: 5877,5991,6104,5989,6103,5876
5991: 5877,5878,6105,5990,5992,6104
5992: 5878,6105,5991,6106,5879,5993
5993: 5880,5994,6107,5992,6106,5879
5994: 5880,5881,5993,5995,6107,6108
5995: 5881,5994,6108,5996,6109,5882
5996: 5883,5997,6110,6109,5882,5995
5997: 6111,5883,5884,5996,5998,6110
5998: 6111,5884,5997,6112,5999,5885
5999: 6112,5886,6000,5885,6113,5998
6000: 6114,5886,5887,5999,6113,6001
6001: 5888,6002,6115,6114,5887,6000
6002: 5888,5889,6003,6115,6116,6001
6003: 6117,5889,5890,6002,6116,6004
6004: 5891,6005,6118,6117,5890,6003
6005: 5891,5892,6006,6118,6119,6004
6006: 6120,5892,5893,6005,6119,6007
6007: 5894,6008,6121,6120,5893,6006
6008: 5894,6007,5895,6009,6121,6122
6009: 5895,6008,6122,6010,6123,5896
6010: 5897,6011,6124,6123,5896,6009
6011: 5897,5898,6010,6012,6124,6125
6012: 5898,6011,6125,5899,6013,6126
6013: 5899,5900,6014,6126,6127,6012
6014: 5900,5901,6013,6127,6128,6015
6015: 6129,6016,5902,5901,6014,6128
6016: 6129,5903,6017,5902,6130,6015
6017: 5903,6016,5904,6130,6131,6018
6018: 5905,6132,6019,5904,6017,6131
6019: 5905,5906,6018,6020,6132,6133
6020: 5906,6133,6019,6021,6134,5907
6021: 5908,6022,6135,6134,5907,6020
6022: 5908,5909,6023,6135,6136,6021
6023: 5909,6022,6136,6024,6137,5910
6024: 5911,6025,6138,6137,5910,6023
6025: 5911,5912,6024,6026,6138,6139
6026: 5912,6025,6139,5913,6027,6140
6027: 5913,5914,6028,6140,6141,6026
6028: 5914,5915,6027,6141,6142,6029
6029: 6143,6030,5916,5915,6028,6142
6030: 6143,5917,6031,5916,6144,6029
6031: 5917,5918,6030,6144,6145,6032
6032: 6146,6033,5919,5918,6031,6145
6033: 6146,5920,5919,6147,6032,6034
6034: 5920,6033,6147,6035,6148,5921
6035: 6149,6036,5922,6148,5921,6034
6036: 6149,5923,5922,6150,6035,6037
6037: 5923,6036,6150,6038,5924,6151
6038: 6152,5924,6039,6151,5925,6037
6039: 6152,6153,6038,5925,5926,6040
6040: 6041,6154,5927,6153,6039,5926
6041: 5928,6042,6154,6155,5927,6040
6042: 5928,5929,6041,6156,6155,6043
6043: 6157,6044,5930,5929,6042,6156
6044: 6157,14194,5931,6043,5930,14412
6045: 6159,5932,13890,14971,14194,5931,6158
6046: 5934,6047,5932,5933,13890,13766
6047: 5934,6046,13766,6048,13084,13252
6048: 12998,13084,5935,12860,13252,6047
6049: 12998,12682,6162,12911,13061
6050: 12300,16258,5936,15919,15318,12472
6051: 14915,15484,12791,12822,6164,13075
6052: 13398,6053,13936,5939,6166,13015
6053: 6052,5939,6166,17386,5940,17603
6054: 6055,5940,5941,17603,6167,6168
6055: 5941,5942,6054,6056,6168,6169
6056: 6055,5942,6169,6057,5943,6170
6057: 5944,6058,5943,6056,6170,6171
6058: 5944,6057,5945,6172,6171,6059
6059: 6060,5946,6058,5945,6172,6173
6060: 5947,6059,5946,6061,6173,6174
6061: 5947,6060,5948,6174,6175,6062
6062: 6063,5949,6061,5948,6175,6176
6063: 5950,6062,5949,6064,6176,6177
6064: 5950,6063,6177,6065,5951,6178
6065: 6066,5952,5951,6064,6178,6179
6066: 6065,5952,5953,6067,6179,6180
6067: 6066,5953,6180,6068,5954,6181
6068: 6069,5954,5955,6067,6181,6182
6069: 6068,5955,5956,6182,6183,6070
6070: 6071,5957,6069,5956,6183,6184
6071: 6070,5957,5958,6072,6184,6185
6072: 6071,5958,5959,6185,6186,6073
6073: 6074,5960,6072,5959,6186,6187
6074: 6073,5960,5961,6075,6187,6188
6075: 6074,5961,6188,6076,5962,6189
6076: 6077,5963,5962,6075,6189,6190
6077: 6076,5963,5964,6078,6190,6191
6078: 6077,5964,6191,6079,5965,6192
6079: 6080,5965,5966,6078,6192,6193
6080: 6079,5967,5966,6193,6194,6081
6081: 6082,5968,5967,6080,6194,6195
6082: 6081,6083,5968,5969,6195,6196
6083: 6082,5969,5970,6196,6197,6084
6084: 6085,5971,6083,5970,6197,6198
6085: 6084,6086,5971,5972,6198,6199
6086: 6085,5972,5973,6199,6200,6087
6087: 6088,5974,6086,5973,6200,6201
6088: 6087,6089,5974,5975,6201,6202
6089: 6088,5975,6202,6090,5976,6203
6090: 6091,5976,5977,6089,6203,6204
6091: 6090,5977,5978,6092,6204,6205
6092: 6091,5978,6205,6093,5979,6206
6093: 6094,5979,5980,6092,6206,6207
6094: 5981,6093,5980,6207,6208,6095
6095: 6096,5982,5981,6094,6208,6209
6096: 6097,5982,5983,6095,6209,6210
6097: 6096,5983,5984,6210,6211,6098
6098: 6099,5985,6097,5984,6211,6212
6099: 6100,5985,5986,6098,6212,6213
6100: 6099,5986,6213,5987,6101,6214
6101: 6102,5987,5988,6100,6214,6215
6102: 5988,5989,6101,6103,6215,6216
6103: 6102,5989,6216,5990,6104,6217
6104: 6105,5990,5991,6103,6217,6218
6105: 5991,5992,6104,6106,6218,6219
6106: 6105,5992,6219,5993,6107,6220
6107: 5993,5994,6108,6106,6220,6221
6108: 5994,5995,6107,6221,6222,6109
6109: 5996,6110,5995,6108,6222,6223
6110: 6111,5996,5997,6109,6223,6224
6111: 5997,5998,6110,6224,6225,6112
6112: 5999,6113,6111,5998,6225,6226
6113: 6112,6114,5999,6000,6226,6227
6114: 6000,6113,6227,6115,6001,6228
6115: 6002,6116,6001,6114,6229,6228
6116: 6117,6002,6003,6115,6229,6230
6117: 6003,6116,6230,6118,6004,6231
6118: 6005,6119,6004,6117,6232,6231
6119: 6120,6005,6006,6118,6232,6233
6120: 6006,6119,6233,6007,6121,6234
6121: 6007,6008,6122,6120,6235,6234
6122: 6008,6009,6121,6235,6236,6123
6123: 6010,6124,6009,6122,6236,6237
6124: 6010,6011,6125,6123,6238,6237
6125: 6011,6012,6124,6238,6239,6126
6126: 6013,6127,6012,6125,6239,6240
6127: 6013,6014,6126,6128,6241,6240
6128: 6014,6127,6241,6129,6015,6242
6129: 6016,6130,6015,6128,6243,6242
6130: 6129,6016,6017,6131,6244,6243
6131: 6017,6130,6244,6018,6132,6245
6132: 6018,6133,6019,6131,6245,6246
6133: 6020,6132,6019,6247,6246,6134
6134: 6135,6021,6020,6133,6247,6248
6135: 6022,6136,6021,6134,6248,6249
6136: 6022,6023,6135,6250,6249,6137
6137: 6024,6138,6023,6136,6250,6251
6138: 6025,6024,6139,6137,6251,6252
6139: 6025,6026,6138,6253,6252,6140
6140: 6027,6141,6026,6139,6253,6254
6141: 6028,6027,6140,6142,6254,6255
6142: 6028,6141,6255,6143,6029,6256
6143: 6030,6144,6029,6142,6257,6256
6144: 6143,6031,6030,6145,6257,6258
6145: 6031,6144,6258,6146,6032,6259
6146: 6033,6147,6032,6145,6259,6260
6147: 6146,6033,6034,6260,6261,6148
6148: 6149,6035,6147,6034,6261,6262
6149: 6036,6150,6035,6148,6263,6262
6150: 6149,6036,6037,6263,6264,6151
6151: 6152,6038,6150,6037,6264,6265
6152: 6153,6038,6039,6151,6266,6265
6153: 6152,6039,6266,6154,6040,6267
6154: 6041,6155,6040,6153,6268,6267
6155: 6041,6042,6156,6154,6268,6269
6156: 6042,6155,6269,6157,6043,6270
6157: 6043,6044,14412,6156,6271,6270
6158: 14194,14412,6272,6159,6045,6273
6159: 6160,6045,13890,6158,6273
6160: 6159,13890,13766,6273,13393,6274
6161: 15254,12911,6275,6274,12998,13084
6162: 6276,15177,12911,6049,13061,6163
6163: 12162,13002,13895,6162,15177,13061
6164: 13075,14476,12791,11911,13603,12525,6051
6165: 14886,6279,13015,17167,13254,11981
6166: 14926,6279,13015,17386,6052,6053
6167: 6281,6168,14926,6280,17386,6054,17603
6168: 6167,6281,6282,6169,6055,6054
6169: 6282,6168,6283,6055,6056,6170
6170: 6284,6171,6056,6169,6283,6057
6171: 6285,6172,6170,6284,6057,6058
6172: 6285,6171,6058,6059,6286,6173
6173: 6286,6287,6174,6172,6059,6060
6174: 6288,6173,6287,6175,6060,6061
6175: 6288,6174,6061,6062,6289,6176
6176: 6289,6290,6177,6175,6062,6063
6177: 6291,6176,6290,6063,6064,6178
6178: 6292,6179,6064,6291,6177,6065
6179: 6292,6178,6293,6180,6065,6066
6180: 6179,6293,6294,6066,6067,6181
6181: 6295,6182,6067,6180,6294,6068
6182: 6295,6181,6296,6183,6068,6069
6183: 6182,6296,6069,6070,6184,6297
6184: 6298,6185,6297,6183,6070,6071
6185: 6298,6184,6299,6186,6071,6072
6186: 6185,6299,6072,6073,6187,6300
6187: 6301,6188,6300,6186,6073,6074
6188: 6301,6187,6302,6074,6075,6189
6189: 6190,6303,6075,6188,6302,6076
6190: 6304,6189,6191,6303,6076,6077
6191: 6304,6190,6305,6077,6078,6192
6192: 6193,6306,6078,6191,6305,6079
6193: 6307,6192,6194,6306,6079,6080
6194: 6307,6193,6080,6081,6195,6308
6195: 6196,6308,6309,6194,6081,6082
6196: 6310,6195,6309,6197,6082,6083
6197: 6310,6196,6083,6084,6198,6311
6198: 6199,6311,6312,6197,6084,6085
6199: 6313,6198,6312,6200,6085,6086
6200: 6313,6199,6086,6087,6201,6314
6201: 6202,6314,6315,6200,6087,6088
6202: 6316,6201,6315,6088,6089,6203
6203: 6204,6317,6089,6316,6202,6090
6204: 6203,6205,6317,6318,6090,6091
6205: 6204,6318,6319,6091,6092,6206
6206: 6207,6320,6092,6205,6319,6093
6207: 6206,6208,6320,6321,6093,6094
6208: 6207,6321,6094,6095,6209,6322
6209: 6210,6322,6323,6208,6096,6095
6210: 6209,6323,6324,6211,6096,6097
6211: 6210,6324,6097,6098,6212,6325
6212: 6213,6325,6326,6211,6099,6098
6213: 6212,6326,6327,6099,6100,6214
6214: 6215,6328,6100,6213,6327,6101
6215: 6214,6216,6328,6329,6102,6101
6216: 6215,6329,6330,6102,6103,6217
6217: 6218,6331,6103,6216,6330,6104
6218: 6217,6219,6331,6332,6105,6104
6219: 6218,6332,6333,6105,6106,6220
6220: 6221,6334,6106,6219,6333,6107
6221: 6220,6222,6334,6335,6107,6108
6222: 6221,6335,6108,6109,6223,6336
6223: 6224,6337,6336,6222,6110,6109
6224: 6223,6225,6337,6338,6111,6110
6225: 6224,6338,6111,6112,6226,6339
6226: 6227,6339,6340,6225,6112,6113
6227: 6226,6340,6341,6114,6113,6228
6228: 6229,6342,6114,6227,6341,6115
6229: 6230,6342,6343,6228,6115,6116
6230: 6229,6343,6344,6117,6116,6231
6231: 6232,6345,6117,6230,6344,6118
6232: 6233,6345,6346,6231,6118,6119
6233: 6232,6346,6347,6120,6119,6234
6234: 6235,6348,6120,6233,6347,6121
6235: 6236,6348,6349,6234,6121,6122
6236: 6235,6349,6122,6123,6237,6350
6237: 6238,6351,6350,6236,6124,6123
6238: 6239,6351,6352,6237,6124,6125
6239: 6238,6352,6125,6126,6353,6240
6240: 6241,6353,6354,6239,6126,6127
6241: 6354,6355,6240,6127,6128,6242
6242: 6356,6243,6128,6241,6355,6129
6243: 6244,6356,6357,6242,6129,6130
6244: 6357,6358,6243,6130,6131,6245
6245: 6359,6246,6131,6244,6358,6132
6246: 6247,6359,6360,6245,6132,6133
6247: 6360,6246,6133,6134,6248,6361
6248: 6362,6249,6361,6247,6135,6134
6249: 6250,6362,6363,6248,6135,6136
6250: 6363,6249,6136,6137,6251,6364
6251: 6365,6252,6364,6250,6138,6137
6252: 6253,6365,6366,6251,6138,6139
6253: 6366,6252,6139,6140,6254,6367
6254: 6368,6255,6367,6253,6140,6141
6255: 6368,6369,6254,6141,6142,6256
6256: 6257,6370,6142,6369,6255,6143
6257: 6371,6258,6370,6256,6143,6144
6258: 6371,6372,6257,6144,6145,6259
6259: 6373,6260,6145,6372,6258,6146
6260: 6373,6374,6259,6261,6146,6147
6261: 6374,6260,6147,6148,6262,6375
6262: 6376,6263,6375,6261,6149,6148
6263: 6376,6377,6264,6262,6149,6150
6264: 6377,6263,6150,6151,6378,6265
6265: 6379,6378,6266,6264,6152,6151
6266: 6379,6380,6265,6152,6153,6267
6267: 6268,6381,6153,6380,6266,6154
6268: 6382,6269,6381,6267,6154,6155
6269: 6268,6383,6382,6156,6155,6270
6270: 6271,6384,6156,6383,6269,6157
6271: 6385,6270,6272,6384,6157,14412
6272: 6385,6271,6158,14412,6273,6386
6273: 6387,13393,6386,6158,6272,6159,6160
6274: 6275,13393,6160,13766,6161
6275: 6388,13393,6274,15254,15198,6161
6276: 12214,6162,6503,15254,15177,12911
6277: 14211,13003,15275,13002,16739,12592,12768
6278: 12941,13254,17315,6506,17700,12183
6279: 6166,14886,14926,6165,13015,15107
6280: 14926,6393,15107,6167,6394,6281
6281: 6395,6167,6394,6282,6168,6280
6282: 6395,6281,6168,6169,6396,6283
6283: 6282,6169,6396,6397,6170,6284
6284: 6285,6397,6398,6170,6171,6283
6285: 6172,6398,6284,6171,6399,6286
6286: 6400,6173,6287,6285,6172,6399
6287: 6286,6288,6400,6401,6173,6174
6288: 6401,6287,6174,6402,6175,6289
6289: 6403,6176,6290,6288,6402,6175
6290: 6289,6291,6403,6404,6176,6177
6291: 6404,6290,6177,6292,6405,6178
6292: 6405,6406,6178,6179,6293,6291
6293: 6292,6406,6179,6180,6407,6294
6294: 6293,6180,6407,6295,6408,6181
6295: 6408,6409,6181,6182,6296,6294
6296: 6295,6409,6182,6183,6410,6297
6297: 6298,6411,6184,6296,6183,6410
6298: 6411,6412,6184,6185,6299,6297
6299: 6298,6412,6185,6413,6186,6300
6300: 6301,6414,6187,6299,6413,6186
6301: 6414,6415,6187,6188,6302,6300
6302: 6301,6415,6188,6189,6416,6303
6303: 6304,6417,6189,6190,6416,6302
6304: 6417,6190,6191,6303,6418,6305
6305: 6304,6191,6418,6192,6419,6306
6306: 6307,6420,6192,6193,6419,6305
6307: 6420,6193,6194,6306,6421,6308
6308: 6195,6422,6309,6307,6194,6421
6309: 6310,6423,6195,6196,6308,6422
6310: 6423,6196,6309,6424,6197,6311
6311: 6198,6425,6312,6310,6424,6197
6312: 6313,6426,6198,6199,6311,6425
6313: 6426,6199,6312,6200,6427,6314
6314: 6201,6428,6315,6313,6200,6427
6315: 6429,6316,6201,6202,6314,6428
6316: 6429,6202,6315,6430,6203,6317
6317: 6430,6203,6204,6431,6318,6316
6318: 6204,6205,6317,6431,6432,6319
6319: 6205,6318,6432,6433,6206,6320
6320: 6433,6206,6207,6434,6321,6319
6321: 6207,6208,6320,6434,6435,6322
6322: 6436,6209,6323,6208,6321,6435
6323: 6436,6209,6210,6322,6437,6324
6324: 6210,6323,6437,6438,6211,6325
6325: 6439,6212,6326,6324,6438,6211
6326: 6439,6212,6213,6325,6440,6327
6327: 6213,6326,6440,6214,6328,6441
6328: 6214,6215,6329,6441,6442,6327
6329: 6215,6216,6328,6443,6442,6330
6330: 6216,6329,6443,6217,6331,6444
6331: 6217,6218,6332,6444,6445,6330
6332: 6218,6219,6331,6446,6445,6333
6333: 6219,6332,6446,6220,6334,6447
6334: 6220,6221,6335,6447,6448,6333
6335: 6221,6222,6334,6448,6449,6336
6336: 6223,6337,6450,6222,6335,6449
6337: 6223,6224,6338,6450,6451,6336
6338: 6224,6225,6452,6337,6451,6339
6339: 6226,6340,6453,6225,6452,6338
6340: 6226,6227,6454,6339,6341,6453
6341: 6227,6454,6340,6342,6455,6228
6342: 6229,6343,6456,6455,6228,6341
6343: 6229,6230,6457,6342,6344,6456
6344: 6230,6457,6343,6345,6458,6231
6345: 6232,6346,6459,6458,6231,6344
6346: 6232,6233,6460,6345,6347,6459
6347: 6233,6460,6346,6348,6234,6461
6348: 6235,6349,6234,6462,6461,6347
6349: 6235,6236,6463,6348,6462,6350
6350: 6351,6237,6464,6236,6463,6349
6351: 6238,6352,6237,6465,6464,6350
6352: 6238,6239,6466,6351,6465,6353
6353: 6467,6354,6240,6239,6466,6352
6354: 6241,6467,6353,6355,6240,6468
6355: 6241,6354,6468,6356,6469,6242
6356: 6470,6357,6243,6469,6242,6355
6357: 6244,6470,6356,6358,6243,6471
6358: 6244,6357,6471,6359,6245,6472
6359: 6473,6360,6245,6246,6472,6358
6360: 6247,6473,6359,6246,6474,6361
6361: 6362,6248,6475,6247,6360,6474
6362: 6476,6363,6248,6249,6475,6361
6363: 6250,6476,6362,6249,6477,6364
6364: 6365,6251,6478,6250,6363,6477
6365: 6479,6366,6251,6252,6478,6364
6366: 6253,6479,6365,6252,6480,6367
6367: 6481,6368,6254,6253,6366,6480
6368: 6481,6482,6369,6254,6255,6367
6369: 6482,6368,6255,6370,6483,6256
6370: 6484,6371,6257,6483,6256,6369
6371: 6484,6485,6372,6257,6258,6370
6372: 6485,6371,6258,6373,6259,6486
6373: 6374,6259,6260,6487,6486,6372
6374: 6373,6488,6260,6261,6487,6375
6375: 6376,6489,6262,6488,6374,6261
6376: 6377,6489,6263,6490,6262,6375
6377: 6376,6491,6263,6264,6490,6378
6378: 6379,6492,6265,6491,6377,6264
6379: 6378,6380,6492,6266,6265,6493
6380: 6379,6266,6493,6381,6494,6267
6381: 6495,6268,6382,6494,6267,6380
6382: 6495,6268,6383,6269,6381,6496
6383: 6382,6269,6496,6270,6384,6497
6384: 6385,6271,6270,6498,6497,6383
6385: 6271,6498,6272,6384,6499,6386
6386: 6500,6387,6273,6385,6272,6499
6387: 6500,6388,6501,6273,13393,6386
6388: 6275,6387,6501,12145,13393,15198
6389: 12214,6503,15198,12016,12145,6616,6502
6390: 12304,15451,14885,16066,17964,16833
6391: 18159,16181,14765,13401,17111,14710
6392: 14886,6393,12183,15107,14325,12506
6393: 6280,15107,6392,12506,6507,6394
6394: 6395,6281,6393,6280,6507,6508
6395: 6394,6281,6282,6396,6509,6508
6396: 6395,6282,6283,6509,6510,6397
6397: 6398,6284,6396,6283,6510,6511
6398: 6285,6397,6284,6399,6511,6512
6399: 6285,6398,6512,6286,6400,6513
6400: 6286,6401,6287,6399,6513,6514
6401: 6288,6400,6287,6402,6514,6515
6402: 6288,6401,6515,6289,6403,6516
6403: 6289,6404,6290,6402,6516,6517
6404: 6291,6403,6290,6517,6518,6405
6405: 6292,6406,6291,6404,6518,6519
6406: 6292,6405,6293,6407,6519,6520
6407: 6406,6293,6294,6520,6521,6408
6408: 6295,6409,6407,6294,6521,6522
6409: 6295,6408,6296,6410,6522,6523
6410: 6409,6296,6523,6411,6297,6524
6411: 6298,6412,6297,6410,6524,6525
6412: 6298,6411,6299,6413,6525,6526
6413: 6412,6299,6526,6414,6300,6527
6414: 6301,6415,6300,6413,6527,6528
6415: 6301,6414,6302,6528,6529,6416
6416: 6417,6303,6415,6302,6529,6530
6417: 6304,6416,6303,6418,6530,6531
6418: 6304,6417,6305,6531,6532,6419
6419: 6420,6306,6418,6305,6532,6533
6420: 6307,6419,6306,6421,6533,6534
6421: 6307,6420,6534,6308,6422,6535
6422: 6423,6308,6309,6421,6535,6536
6423: 6310,6422,6309,6424,6537,6536
6424: 6310,6423,6537,6311,6425,6538
6425: 6426,6311,6312,6424,6538,6539
6426: 6313,6425,6312,6427,6539,6540
6427: 6313,6426,6540,6314,6428,6541
6428: 6429,6314,6315,6427,6541,6542
6429: 6316,6428,6315,6542,6543,6430
6430: 6317,6431,6429,6316,6543,6544
6431: 6430,6317,6318,6432,6544,6545
6432: 6431,6318,6319,6545,6546,6433
6433: 6320,6434,6432,6319,6546,6547
6434: 6433,6320,6321,6435,6547,6548
6435: 6434,6321,6548,6436,6322,6549
6436: 6322,6323,6437,6435,6549,6550
6437: 6436,6323,6324,6438,6550,6551
6438: 6437,6324,6551,6439,6325,6552
6439: 6325,6326,6440,6438,6552,6553
6440: 6439,6326,6327,6553,6554,6441
6441: 6328,6442,6440,6327,6554,6555
6442: 6328,6329,6443,6441,6555,6556
6443: 6329,6442,6330,6556,6557,6444
6444: 6331,6445,6443,6330,6557,6558
6445: 6331,6332,6446,6444,6558,6559
6446: 6332,6445,6333,6559,6560,6447
6447: 6334,6448,6446,6333,6560,6561
6448: 6334,6335,6447,6449,6561,6562
6449: 6335,6448,6562,6450,6336,6563
6450: 6337,6451,6336,6449,6563,6564
6451: 6452,6337,6338,6450,6564,6565
6452: 6338,6451,6565,6339,6453,6566
6453: 6454,6339,6340,6452,6566,6567
6454: 6340,6341,6453,6567,6568,6455
6455: 6342,6456,6454,6341,6568,6569
6456: 6457,6342,6343,6455,6569,6570
6457: 6343,6344,6456,6570,6571,6458
6458: 6345,6459,6457,6344,6571,6572
6459: 6460,6345,6346,6458,6572,6573
6460: 6346,6347,6459,6573,6574,6461
6461: 6348,6462,6460,6347,6574,6575
6462: 6463,6348,6349,6461,6575,6576
6463: 6349,6462,6576,6464,6350,6577
6464: 6351,6465,6350,6463,6578,6577
6465: 6466,6351,6352,6464,6578,6579
6466: 6352,6465,6579,6467,6353,6580
6467: 6353,6354,6468,6466,6581,6580
6468: 6467,6354,6355,6581,6582,6469
6469: 6470,6356,6355,6468,6582,6583
6470: 6356,6357,6471,6469,6584,6583
6471: 6470,6357,6358,6584,6585,6472
6472: 6473,6359,6358,6471,6585,6586
6473: 6359,6360,6474,6472,6587,6586
6474: 6473,6360,6587,6475,6361,6588
6475: 6476,6362,6361,6474,6589,6588
6476: 6362,6363,6477,6475,6590,6589
6477: 6476,6363,6590,6478,6364,6591
6478: 6479,6365,6364,6477,6592,6591
6479: 6365,6366,6480,6478,6593,6592
6480: 6479,6366,6593,6481,6367,6594
6481: 6482,6368,6367,6480,6594,6595
6482: 6481,6368,6369,6596,6595,6483
6483: 6484,6370,6482,6369,6596,6597
6484: 6485,6371,6370,6483,6597,6598
6485: 6484,6371,6372,6599,6598,6486
6486: 6373,6487,6485,6372,6599,6600
6487: 6373,6488,6374,6486,6600,6601
6488: 6374,6487,6601,6489,6375,6602
6489: 6376,6490,6375,6488,6603,6602
6490: 6376,6491,6377,6489,6604,6603
6491: 6377,6490,6604,6378,6492,6605
6492: 6379,6378,6493,6491,6606,6605
6493: 6379,6380,6492,6606,6607,6494
6494: 6495,6381,6380,6493,6607,6608
6495: 6382,6381,6496,6494,6608,6609
6496: 6495,6383,6382,6610,6609,6497
6497: 6498,6384,6383,6496,6610,6611
6498: 6385,6384,6499,6497,6612,6611
6499: 6385,6498,6612,6500,6386,6613
6500: 6387,6501,6386,6499,6614,6613
6501: 6500,6388,6387,12145,6615,6614
6502: 6616,13007,12145,6615,6729,6389
6503: 12214,6276,6389,11912,15177,12016
6504: 14607,13574,14211,12572,14372,17396
6505: 13600,6618,12756,14064,14497,12854
6506: 6732,11976,17700,15350,6278,17315
6507: 13182,12506,6393,6394,6621,6508
6508: 6621,6509,6622,6507,6395,6394
6509: 6623,6508,6622,6510,6395,6396
6510: 6509,6623,6396,6397,6624,6511
6511: 6625,6624,6512,6510,6397,6398
6512: 6625,6626,6511,6398,6399,6513
6513: 6627,6514,6399,6626,6512,6400
6514: 6627,6513,6628,6515,6400,6401
6515: 6628,6514,6629,6401,6402,6516
6516: 6630,6517,6402,6515,6629,6403
6517: 6630,6631,6516,6518,6403,6404
6518: 6631,6517,6404,6405,6519,6632
6519: 6633,6520,6632,6518,6405,6406
6520: 6519,6633,6634,6521,6406,6407
6521: 6634,6520,6407,6408,6522,6635
6522: 6636,6523,6635,6521,6408,6409
6523: 6636,6637,6522,6409,6410,6524
6524: 6638,6525,6410,6637,6523,6411
6525: 6524,6638,6526,6639,6411,6412
6526: 6525,6639,6640,6412,6413,6527
6527: 6528,6641,6413,6526,6640,6414
6528: 6642,6527,6529,6641,6414,6415
6529: 6642,6528,6415,6416,6530,6643
6530: 6531,6643,6644,6529,6417,6416
6531: 6645,6530,6644,6532,6417,6418
6532: 6645,6531,6418,6419,6533,6646
6533: 6534,6646,6647,6532,6420,6419
6534: 6648,6533,6647,6420,6421,6535
6535: 6649,6536,6421,6648,6534,6422
6536: 6535,6650,6537,6649,6423,6422
6537: 6650,6536,6651,6423,6424,6538
6538: 6539,6652,6424,6537,6651,6425
6539: 6538,6540,6652,6653,6426,6425
6540: 6539,6653,6654,6426,6427,6541
6541: 6542,6655,6427,6540,6654,6428
6542: 6541,6543,6655,6656,6429,6428
6543: 6542,6656,6429,6430,6544,6657
6544: 6545,6657,6658,6543,6430,6431
6545: 6544,6658,6659,6546,6431,6432
6546: 6545,6659,6432,6433,6547,6660
6547: 6548,6660,6661,6546,6433,6434
6548: 6547,6661,6662,6434,6435,6549
6549: 6550,6663,6435,6548,6662,6436
6550: 6549,6551,6663,6664,6436,6437
6551: 6550,6664,6665,6437,6438,6552
6552: 6553,6666,6438,6551,6665,6439
6553: 6552,6554,6666,6667,6439,6440
6554: 6553,6667,6440,6441,6555,6668
6555: 6556,6668,6669,6554,6441,6442
6556: 6555,6557,6669,6670,6443,6442
6557: 6556,6670,6443,6444,6558,6671
6558: 6559,6671,6672,6557,6444,6445
6559: 6558,6672,6673,6560,6446,6445
6560: 6559,6673,6446,6447,6561,6674
6561: 6562,6674,6675,6560,6447,6448
6562: 6561,6675,6676,6448,6449,6563
6563: 6564,6677,6449,6562,6676,6450
6564: 6563,6565,6677,6678,6450,6451
6565: 6564,6678,6679,6452,6451,6566
6566: 6567,6680,6452,6565,6679,6453
6567: 6566,6568,6680,6681,6454,6453
6568: 6567,6681,6454,6455,6569,6682
6569: 6570,6683,6682,6568,6456,6455
6570: 6569,6571,6683,6684,6457,6456
6571: 6570,6684,6457,6458,6572,6685
6572: 6573,6686,6685,6571,6459,6458
6573: 6572,6574,6686,6687,6460,6459
6574: 6573,6687,6460,6461,6575,6688
6575: 6576,6689,6688,6574,6462,6461
6576: 6575,6689,6690,6463,6462,6577
6577: 6578,6691,6463,6576,6690,6464
6578: 6579,6692,6691,6577,6465,6464
6579: 6578,6692,6693,6466,6465,6580
6580: 6581,6694,6466,6579,6693,6467
6581: 6582,6695,6580,6694,6467,6468
6582: 6581,6695,6468,6469,6583,6696
6583: 6584,6697,6696,6582,6470,6469
6584: 6585,6698,6583,6697,6470,6471
6585: 6584,6698,6471,6472,6699,6586
6586: 6587,6699,6700,6585,6473,6472
6587: 6701,6586,6700,6473,6474,6588
6588: 6702,6589,6474,6587,6701,6475
6589: 6590,6702,6703,6588,6476,6475
6590: 6704,6589,6703,6476,6477,6591
6591: 6705,6592,6477,6590,6704,6478
6592: 6593,6705,6706,6591,6479,6478
6593: 6707,6592,6706,6479,6480,6594
6594: 6708,6595,6480,6593,6707,6481
6595: 6596,6708,6594,6709,6481,6482
6596: 6595,6709,6482,6483,6597,6710
6597: 6711,6598,6710,6596,6484,6483
6598: 6599,6711,6597,6712,6484,6485
6599: 6598,6712,6485,6486,6600,6713
6600: 6714,6601,6713,6599,6487,6486
6601: 6715,6714,6600,6488,6487,6602
6602: 6603,6716,6488,6715,6601,6489
6603: 6604,6717,6716,6602,6489,6490
6604: 6717,6603,6718,6491,6490,6605
6605: 6606,6719,6491,6604,6718,6492
6606: 6720,6605,6719,6607,6492,6493
6607: 6720,6606,6493,6494,6608,6721
6608: 6609,6722,6721,6607,6495,6494
6609: 6610,6723,6608,6722,6495,6496
6610: 6723,6609,6496,6497,6724,6611
6611: 6612,6724,6725,6610,6498,6497
6612: 6726,6611,6725,6498,6499,6613
6613: 6727,6614,6499,6612,6726,6500
6614: 6728,6615,6727,6613,6500,6501
6615: 6728,6729,6614,6501,12145,6502
6616: 12482,13007,6502,6389,12016
6617: 14348,15279,12712,16916,14201,12305
6618: 16123,6505,12756,16286,12854,13255
6619: 13038,14325,14324,6732,6733,17700
6620: 13038,6734,13182,14324,6846,13024
6621: 6735,6508,6622,6734,13182,6507
6622: 6621,6736,6509,6735,6623,6508
6623: 6736,6509,6622,6510,6737,6624
6624: 6625,6738,6511,6623,6510,6737
6625: 6624,6626,6738,6739,6511,6512
6626: 6625,6739,6512,6740,6627,6513
6627: 6740,6513,6628,6741,6514,6626
6628: 6627,6741,6514,6515,6742,6629
6629: 6628,6515,6742,6630,6743,6516
6630: 6744,6743,6631,6516,6517,6629
6631: 6744,6630,6517,6518,6745,6632
6632: 6519,6633,6746,6631,6518,6745
6633: 6519,6747,6634,6746,6520,6632
6634: 6633,6747,6520,6748,6521,6635
6635: 6636,6749,6522,6634,6748,6521
6636: 6749,6750,6637,6522,6523,6635
6637: 6636,6750,6523,6524,6638,6751
6638: 6524,6752,6751,6525,6639,6637
6639: 6752,6638,6525,6526,6753,6640
6640: 6526,6639,6753,6527,6754,6641
6641: 6642,6755,6527,6754,6528,6640
6642: 6755,6528,6529,6641,6756,6643
6643: 6530,6757,6644,6642,6529,6756
6644: 6645,6758,6530,6757,6531,6643
6645: 6758,6531,6644,6759,6532,6646
6646: 6533,6760,6647,6645,6759,6532
6647: 6648,6761,6533,6760,6534,6646
6648: 6761,6534,6647,6762,6535,6649
6649: 6762,6535,6650,6763,6536,6648
6650: 6763,6537,6649,6536,6764,6651
6651: 6650,6537,6764,6765,6538,6652
6652: 6765,6538,6539,6766,6653,6651
6653: 6539,6766,6540,6652,6767,6654
6654: 6540,6653,6767,6768,6541,6655
6655: 6768,6541,6542,6769,6656,6654
6656: 6542,6769,6543,6655,6770,6657
6657: 6771,6544,6658,6543,6656,6770
6658: 6771,6544,6545,6772,6657,6659
6659: 6545,6772,6658,6773,6546,6660
6660: 6774,6547,6661,6659,6773,6546
6661: 6774,6547,6548,6775,6660,6662
6662: 6548,6775,6661,6549,6663,6776
6663: 6549,6550,6664,6776,6777,6662
6664: 6550,6551,6778,6663,6777,6665
6665: 6551,6778,6664,6552,6666,6779
6666: 6552,6553,6667,6779,6780,6665
6667: 6553,6554,6781,6666,6780,6668
6668: 6555,6669,6782,6554,6781,6667
6669: 6555,6556,6668,6670,6782,6783
6670: 6556,6557,6669,6783,6784,6671
6671: 6558,6672,6785,6557,6670,6784
6672: 6558,6559,6671,6673,6785,6786
6673: 6559,6787,6672,6786,6560,6674
6674: 6561,6675,6788,6787,6673,6560
6675: 6561,6562,6674,6676,6788,6789
6676: 6562,6675,6789,6563,6677,6790
6677: 6563,6564,6678,6790,6791,6676
6678: 6564,6565,6677,6679,6791,6792
6679: 6565,6678,6792,6566,6680,6793
6680: 6566,6567,6681,6793,6794,6679
6681: 6567,6568,6680,6795,6794,6682
6682: 6569,6683,6796,6568,6681,6795
6683: 6569,6570,6684,6796,6797,6682
6684: 6570,6571,6683,6798,6797,6685
6685: 6572,6686,6799,6571,6684,6798
6686: 6572,6573,6687,6799,6800,6685
6687: 6573,6574,6686,6801,6800,6688
6688: 6575,6689,6802,6574,6687,6801
6689: 6575,6576,6803,6690,6688,6802
6690: 6576,6803,6689,6691,6804,6577
6691: 6578,6692,6805,6804,6577,6690
6692: 6578,6579,6806,6693,6805,6691
6693: 6579,6806,6692,6580,6694,6807
6694: 6581,6695,6580,6808,6807,6693
6695: 6581,6582,6809,6808,6694,6696
6696: 6583,6697,6810,6582,6809,6695
6697: 6584,6698,6583,6811,6810,6696
6698: 6584,6585,6812,6811,6697,6699
6699: 6813,6586,6700,6585,6812,6698
6700: 6587,6813,6699,6701,6586,6814
6701: 6587,6814,6700,6702,6815,6588
6702: 6816,6589,6703,6815,6588,6701
6703: 6590,6816,6702,6704,6589,6817
6704: 6590,6817,6703,6705,6818,6591
6705: 6819,6592,6706,6818,6591,6704
6706: 6593,6819,6705,6707,6592,6820
6707: 6593,6820,6706,6708,6594,6821
6708: 6822,6594,6595,6709,6821,6707
6709: 6596,6822,6708,6595,6823,6710
6710: 6711,6597,6824,6596,6823,6709
6711: 6825,6597,6598,6712,6824,6710
6712: 6599,6825,6711,6598,6826,6713
6713: 6714,6600,6827,6599,6826,6712
6714: 6715,6828,6600,6601,6713,6827
6715: 6828,6714,6601,6716,6829,6602
6716: 6717,6603,6830,6829,6602,6715
6717: 6604,6831,6603,6718,6716,6830
6718: 6604,6717,6831,6605,6719,6832
6719: 6833,6720,6606,6605,6832,6718
6720: 6833,6834,6606,6719,6607,6721
6721: 6608,6722,6835,6720,6834,6607
6722: 6723,6608,6836,6609,6835,6721
6723: 6610,6836,6837,6609,6722,6724
6724: 6838,6611,6725,6610,6723,6837
6725: 6612,6838,6726,6839,6724,6611
6726: 6612,6839,6725,6727,6840,6613
6727: 6728,6841,6614,6840,6613,6726
6728: 6615,6729,6727,6842,6841,6614
6729: 6728,6615,6842,18474,12259,13007,6502
6730: 12482,6843,6956,15274,13828,16516
6731: 17958,15279,12712,13008,12841,17070
6732: 13213,6506,6733,17700,15350,6619
6733: 13213,6732,13672,6845,13038,6619
6734: 13182,6620,6846,6847,6621,6735
6735: 6621,6622,18368,6734,6847
6736: 6623,6622,6737,18368,6849,6848
6737: 6736,6623,6849,6624,6738,6850
6738: 6625,6624,6739,6737,6851,6850
6739: 6625,6626,6738,6851,6852,6740
6740: 6627,6741,6626,6739,6852,6853
6741: 6740,6627,6628,6742,6854,6853
6742: 6628,6741,6629,6854,6855,6743
6743: 6744,6630,6742,6629,6855,6856
6744: 6630,6743,6631,6745,6856,6857
6745: 6744,6631,6857,6746,6632,6858
6746: 6633,6747,6632,6745,6859,6858
6747: 6633,6634,6746,6748,6859,6860
6748: 6747,6634,6860,6749,6635,6861
6749: 6636,6750,6635,6748,6862,6861
6750: 6636,6749,6637,6862,6863,6751
6751: 6752,6638,6750,6637,6863,6864
6752: 6638,6751,6639,6753,6864,6865
6753: 6752,6639,6640,6865,6866,6754
6754: 6755,6641,6753,6640,6866,6867
6755: 6642,6754,6641,6756,6867,6868
6756: 6642,6755,6868,6757,6643,6869
6757: 6758,6643,6644,6756,6869,6870
6758: 6645,6757,6644,6759,6871,6870
6759: 6645,6758,6871,6760,6646,6872
6760: 6761,6646,6647,6759,6872,6873
6761: 6648,6760,6647,6874,6873,6762
6762: 6763,6649,6648,6761,6874,6875
6763: 6762,6650,6649,6764,6875,6876
6764: 6650,6763,6651,6876,6877,6765
6765: 6766,6652,6764,6651,6877,6878
6766: 6765,6652,6653,6767,6878,6879
6767: 6766,6653,6654,6879,6880,6768
6768: 6769,6655,6767,6654,6880,6881
6769: 6768,6655,6656,6770,6881,6882
6770: 6769,6656,6882,6771,6657,6883
6771: 6772,6657,6658,6770,6884,6883
6772: 6771,6658,6659,6773,6884,6885
6773: 6772,6659,6885,6774,6660,6886
6774: 6775,6660,6661,6773,6887,6886
6775: 6774,6661,6662,6887,6888,6776
6776: 6663,6777,6775,6662,6888,6889
6777: 6778,6663,6664,6776,6890,6889
6778: 6664,6777,6665,6890,6891,6779
6779: 6666,6780,6778,6665,6891,6892
6780: 6781,6666,6667,6779,6893,6892
6781: 6667,6780,6893,6668,6782,6894
6782: 6668,6669,6783,6781,6895,6894
6783: 6669,6670,6782,6784,6895,6896
6784: 6670,6783,6896,6671,6785,6897
6785: 6671,6672,6786,6784,6898,6897
6786: 6787,6672,6673,6785,6898,6899
6787: 6673,6786,6899,6674,6788,6900
6788: 6674,6675,6789,6787,6900,6901
6789: 6675,6676,6788,6901,6902,6790
6790: 6677,6791,6676,6789,6902,6903
6791: 6677,6678,6790,6792,6903,6904
6792: 6678,6679,6791,6905,6904,6793
6793: 6680,6794,6679,6792,6905,6906
6794: 6680,6681,6795,6793,6906,6907
6795: 6681,6794,6907,6796,6682,6908
6796: 6683,6797,6682,6795,6909,6908
6797: 6683,6684,6798,6796,6910,6909
6798: 6684,6797,6910,6799,6685,6911
6799: 6686,6800,6685,6798,6911,6912
6800: 6686,6687,6801,6799,6912,6913
6801: 6687,6800,6913,6688,6802,6914
6802: 6803,6689,6688,6801,6914,6915
6803: 6689,6690,6802,6915,6916,6804
6804: 6805,6691,6803,6690,6916,6917
6805: 6806,6692,6691,6804,6917,6918
6806: 6692,6693,6805,6918,6919,6807
6807: 6808,6694,6806,6693,6919,6920
6808: 6809,6695,6694,6807,6920,6921
6809: 6695,6808,6921,6810,6696,6922
6810: 6811,6697,6696,6809,6923,6922
6811: 6812,6698,6697,6810,6923,6924
6812: 6698,6811,6924,6813,6699,6925
6813: 6699,6814,6700,6812,6925,6926
6814: 6813,6701,6700,6927,6926,6815
6815: 6816,6702,6701,6814,6927,6928
6816: 6702,6817,6703,6815,6929,6928
6817: 6816,6704,6703,6929,6930,6818
6818: 6819,6705,6704,6817,6930,6931
6819: 6705,6820,6706,6818,6931,6932
6820: 6819,6707,6706,6933,6932,6821
6821: 6822,6708,6707,6820,6933,6934
6822: 6708,6823,6709,6821,6935,6934
6823: 6822,6709,6935,6824,6710,6936
6824: 6825,6711,6710,6823,6937,6936
6825: 6711,6826,6712,6824,6938,6937
6826: 6825,6712,6938,6713,6827,6939
6827: 6828,6714,6713,6826,6939,6940
6828: 6715,6714,6827,6941,6940,6829
6829: 6716,6830,6715,6828,6941,6942
6830: 6717,6831,6716,6829,6943,6942
6831: 6717,6718,6830,6943,6944,6832
6832: 6833,6719,6831,6718,6944,6945
6833: 6720,6834,6719,6832,6945,6946
6834: 6833,6720,6946,6835,6721,6947
6835: 6836,6722,6721,6834,6948,6947
6836: 6723,6837,6722,6835,6948,6949
6837: 6723,6836,6949,6838,6724,6950
6838: 6839,6724,6725,6837,6951,6950
6839: 6838,6726,6725,6952,6951,6840
6840: 6727,6841,6726,6839,6952,6953
6841: 6728,6727,6842,6840,6953,17825
6842: 6728,6729,6841,18474,6954,17825
6843: 12482,12259,13007,6730,6956,6955
6844: 18496,17117,18285,18460
6845: 13672,7070,13525,15812,18219,13213,6733
6846: 6958,15775,13024,6847,6734,6620
6847: 15775,6846,6734,6735,18368,17873
6848: 6849,6960,6961,17873,6736,18368
6849: 6961,6848,6736,6737,6850,6962
6850: 6851,6963,6962,6737,6849,6738
6851: 6850,6852,6963,6964,6738,6739
6852: 6851,6964,6739,6740,6853,6965
6853: 6854,6965,6966,6852,6740,6741
6854: 6853,6966,6967,6855,6741,6742
6855: 6854,6967,6742,6743,6968,6856
6856: 6968,6857,6969,6855,6744,6743
6857: 6856,6969,6970,6744,6745,6858
6858: 6859,6971,6745,6857,6970,6746
6859: 6972,6860,6858,6971,6747,6746
6860: 6972,6859,6973,6747,6748,6861
6861: 6862,6974,6748,6860,6973,6749
6862: 6975,6863,6974,6861,6749,6750
6863: 6975,6862,6750,6751,6864,6976
6864: 6865,6976,6977,6863,6752,6751
6865: 6864,6977,6978,6866,6752,6753
6866: 6865,6978,6753,6754,6867,6979
6867: 6868,6979,6980,6866,6755,6754
6868: 6867,6980,6981,6755,6756,6869
6869: 6982,6870,6756,6868,6981,6757
6870: 6869,6871,6982,6983,6758,6757
6871: 6983,6870,6984,6758,6759,6872
6872: 6985,6873,6759,6871,6984,6760
6873: 6872,6874,6985,6986,6761,6760
6874: 6986,6873,6761,6762,6875,6987
6875: 6987,6988,6876,6874,6762,6763
6876: 6875,6988,6989,6877,6763,6764
6877: 6989,6876,6764,6765,6878,6990
6878: 6990,6991,6879,6877,6765,6766
6879: 6878,6992,6991,6880,6766,6767
6880: 6992,6879,6767,6768,6993,6881
6881: 6993,6994,6882,6880,6768,6769
6882: 6995,6994,6881,6769,6770,6883
6883: 6996,6884,6770,6995,6882,6771
6884: 6996,6883,6885,6997,6771,6772
6885: 6884,6997,6998,6772,6773,6886
6886: 6999,6887,6773,6885,6998,6774
6887: 7000,6999,6888,6886,6774,6775
6888: 7000,6887,6775,6776,7001,6889
6889: 7001,7002,6890,6888,6776,6777
6890: 7002,6891,6889,7003,6778,6777
6891: 6890,7003,6778,6779,7004,6892
6892: 7004,7005,6893,6891,6779,6780
6893: 7005,7006,6892,6781,6780,6894
6894: 7007,6895,6781,7006,6893,6782
6895: 7007,7008,6896,6894,6782,6783
6896: 7008,6895,7009,6783,6784,6897
6897: 7010,6898,6784,6896,7009,6785
6898: 7010,7011,6899,6897,6785,6786
6899: 7011,6898,7012,6787,6786,6900
6900: 7013,6901,6787,6899,7012,6788
6901: 7013,7014,6900,6902,6788,6789
6902: 7014,6901,6789,6790,6903,7015
6903: 7016,6904,7015,6902,6790,6791
6904: 6905,7016,7017,6903,6791,6792
6905: 7017,6904,6792,6793,6906,7018
6906: 7019,7018,6907,6905,6793,6794
6907: 6906,7019,7020,6795,6794,6908
6908: 6909,7021,6795,7020,6907,6796
6909: 6910,7022,7021,6908,6796,6797
6910: 7022,7023,6909,6798,6797,6911
6911: 6912,7024,6798,6910,7023,6799
6912: 6911,7025,6913,7024,6799,6800
6913: 7025,7026,6912,6801,6800,6914
6914: 7027,6915,6801,7026,6913,6802
6915: 6914,7028,7027,6916,6803,6802
6916: 7028,6915,6803,6804,6917,7029
6917: 7030,6918,7029,6916,6805,6804
6918: 6917,7031,7030,6919,6806,6805
6919: 7031,6918,6806,6807,6920,7032
6920: 6921,7033,7032,6919,6808,6807
6921: 6920,7034,7033,6809,6808,6922
6922: 6923,7035,6809,7034,6921,6810
6923: 6924,7036,7035,6922,6811,6810
6924: 6923,7037,7036,6812,6811,6925
6925: 7038,6926,6812,7037,6924,6813
6926: 6925,6927,7038,7039,6813,6814
6927: 7039,6926,6814,6815,6928,7040
6928: 6929,7041,7040,6927,6816,6815
6929: 6928,6930,7041,7042,6816,6817
6930: 6929,7042,6817,6818,6931,7043
6931: 7044,6932,7043,6930,6819,6818
6932: 6931,6933,7044,7045,6819,6820
6933: 7045,6932,6820,6821,7046,6934
6934: 6935,7046,7047,6933,6822,6821
6935: 7047,7048,6934,6822,6823,6936
6936: 7049,6937,6823,6935,7048,6824
6937: 6938,7049,7050,6936,6825,6824
6938: 7050,7051,6937,6825,6826,6939
6939: 7052,6940,6826,6938,7051,6827
6940: 6941,7052,7053,6939,6828,6827
6941: 7053,6940,6828,6829,6942,7054
6942: 6943,7055,7054,6941,6830,6829
6943: 7055,7056,6944,6942,6831,6830
6944: 6943,7056,6831,6832,7057,6945
6945: 7057,7058,6946,6944,6833,6832
6946: 6945,7058,7059,6833,6834,6947
6947: 6948,7060,6834,7059,6946,6835
6948: 7061,7060,6949,6947,6836,6835
6949: 6948,7061,7062,6836,6837,6950
6950: 7063,6951,6837,7062,6949,6838
6951: 7063,7064,6952,6950,6838,6839
6952: 7064,6951,6839,6840,6953,7065
6953: 7066,7065,17825,6952,6841,6840
6954: 17191,17825,6842,18474,14338,14670
6955: 12259,6843,6956,14156,12189,14338
6956: 6843,6730,6955,12535,14156,15274,12122
6957: 16959,15463,15001,16592,18514
6958: 15515,15775,6846,13024,14686,17506
6959: 15515,15775,7184,6960,17873,7072
6960: 7073,6961,6848,17873,7072,6959
6961: 6849,7073,6960,6848,7074,6962
6962: 6850,7075,6963,6849,6961,7074
6963: 6851,6850,7075,7076,6964,6962
6964: 6851,7076,6852,6963,7077,6965
6965: 7078,6853,6966,6852,6964,7077
6966: 6854,7078,6853,7079,6965,6967
6967: 6854,7079,6966,7080,6855,6968
6968: 7081,6856,6969,6967,7080,6855
6969: 6968,7081,6856,6857,7082,6970
6970: 6857,7082,6969,6858,6971,7083
6971: 6972,7084,6859,6858,7083,6970
6972: 7084,6859,6860,6971,7085,6973
6973: 6972,6860,7085,6974,6861,7086
6974: 6975,7087,6862,6861,7086,6973
6975: 7087,6862,6863,6974,7088,6976
6976: 6864,6977,7089,6975,6863,7088
6977: 6864,7090,6865,6976,6978,7089
6978: 7090,6865,6977,7091,6866,6979
6979: 6867,7092,6980,6978,7091,6866
6980: 6867,7092,6868,6979,6981,7093
6981: 6868,6980,7093,6869,6982,7094
6982: 6869,7095,6983,7094,6870,6981
6983: 7095,6871,6982,6870,7096,6984
6984: 6871,6983,7096,6872,6985,7097
6985: 6872,6986,7097,6873,7098,6984
6986: 6874,7099,6985,6873,7098,6987
6987: 6875,6988,7100,6874,7099,6986
6988: 6875,6987,7101,6989,7100,6876
6989: 7101,6988,6876,7102,6877,6990
6990: 6878,6991,7103,6989,7102,6877
6991: 6878,6990,6992,7104,7103,6879
6992: 6991,7104,6879,7105,6880,6993
6993: 6994,6881,7106,6992,7105,6880
6994: 7107,6993,6995,6881,7106,6882
6995: 7107,6994,6882,6996,6883,7108
6996: 6884,6883,7108,7109,6997,6995
6997: 7110,6996,6884,7109,6885,6998
6998: 7110,6885,6997,6999,7111,6886
6999: 7000,6887,7111,7112,6886,6998
7000: 6999,7113,6887,7112,6888,7001
7001: 7002,7114,6889,7000,7113,6888
7002: 7001,6890,7114,7115,6889,7003
7003: 7002,7116,6890,7115,6891,7004
7004: 7005,7117,6892,7116,6891,7003
7005: 7004,7006,6893,7117,7118,6892
7006: 7005,6893,7118,7007,7119,6894
7007: 7008,6895,7119,7120,6894,7006
7008: 7007,6895,7120,7121,6896,7009
7009: 7008,7121,6896,7010,7122,6897
7010: 7011,6898,7122,7123,6897,7009
7011: 7010,6898,7123,7124,6899,7012
7012: 7011,7124,6899,7013,7125,6900
7013: 7014,7125,7126,6900,6901,7012
7014: 7013,7126,7127,6901,6902,7015
7015: 7016,7128,6903,7014,7127,6902
7016: 7017,7128,7129,6903,6904,7015
7017: 6905,7016,7129,7130,6904,7018
7018: 6906,7019,7131,6905,7017,7130
7019: 6906,7020,7131,7132,7018,6907
7020: 7019,7132,6907,7021,7133,6908
7021: 7022,7134,6909,7133,6908,7020
7022: 6910,7023,7134,7135,6909,7021
7023: 6910,7022,7135,6911,7136,7024
7024: 6911,7025,7137,6912,7136,7023
7025: 7026,7137,7138,6912,6913,7024
7026: 7025,7138,6913,6914,7027,7139
7027: 6914,7028,7140,6915,7139,7026
7028: 7027,7140,7141,6915,6916,7029
7029: 6917,7142,7030,7028,7141,6916
7030: 6917,7031,7142,7143,6918,7029
7031: 7143,7144,7030,6918,6919,7032
7032: 6920,7145,7033,7031,7144,6919
7033: 6920,7034,6921,7146,7145,7032
7034: 6921,7146,7033,7035,7147,6922
7035: 6923,7148,7036,7147,6922,7034
7036: 6923,7037,6924,7149,7148,7035
7037: 6924,7149,7036,6925,7038,7150
7038: 7151,6925,7039,6926,7150,7037
7039: 7151,6927,7152,7038,6926,7040
7040: 6928,7041,7153,6927,7152,7039
7041: 6929,6928,7042,7154,7153,7040
7042: 6929,6930,7155,7041,7154,7043
7043: 6931,7044,7156,6930,7155,7042
7044: 6931,7157,7045,6932,7156,7043
7045: 7157,6933,7158,7044,6932,7046
7046: 7159,7047,6934,6933,7158,7045
7047: 7159,7160,6935,7046,7048,6934
7048: 7160,6935,7047,7049,7161,6936
7049: 7162,7050,6937,7161,6936,7048
7050: 7163,6938,7162,7049,7051,6937
7051: 7163,6938,7050,7052,6939,7164
7052: 7165,7053,6939,6940,7164,7051
7053: 7166,7165,6941,7052,6940,7054
7054: 7055,6942,7167,7166,6941,7053
7055: 6943,7168,7056,6942,7167,7054
7056: 6943,7168,7055,6944,7169,7057
7057: 6945,7058,7170,7056,6944,7169
7058: 7057,7171,6945,7170,7059,6946
7059: 7171,7058,6946,7060,7172,6947
7060: 6948,7173,7061,7172,6947,7059
7061: 6948,7174,7173,7062,7060,6949
7062: 7174,7061,6949,7063,7175,6950
7063: 7176,7064,7175,6951,6950,7062
7064: 7063,7177,7176,6952,6951,7065
7065: 6953,7066,7178,7177,7064,6952
7066: 6953,7179,17191,7065,7178,17825
7067: 13579,13214,13787,12189,14670,7180
7068: 11955,12804,15030,13768,11813,15497,12652
7069: 15470,12934,14791,13814,7181,17461
7070: 13672,6845,14893,18219,12795,17506
7071: 15515,12943,7184,14686,15385,16126
7072: 7073,6960,6959,7184,15745,7185
7073: 6960,6961,7072,7074,7185,7186
7074: 7073,6961,7186,7075,6962,7187
7075: 7076,6963,6962,7074,7188,7187
7076: 7075,6963,6964,7077,7188,7189
7077: 7076,6964,7189,7078,6965,7190
7078: 7079,6965,6966,7077,7190,7191
7079: 7078,6966,6967,7080,7192,7191
7080: 7079,6967,7192,6968,7081,7193
7081: 6968,7082,6969,7080,7193,7194
7082: 7081,6969,6970,7195,7194,7083
7083: 7084,6971,7082,6970,7195,7196
7084: 6972,6971,7083,7085,7197,7196
7085: 6972,7084,6973,7197,7198,7086
7086: 7087,6974,7085,6973,7198,7199
7087: 6975,6974,7086,7088,7199,7200
7088: 6975,7087,7200,6976,7089,7201
7089: 7090,6976,6977,7088,7202,7201
7090: 6977,6978,7089,7091,7203,7202
7091: 7090,6978,7203,7092,6979,7204
7092: 6979,6980,7093,7091,7205,7204
7093: 7092,6980,6981,7205,7206,7094
7094: 7095,6982,6981,7093,7206,7207
7095: 6982,6983,7094,7096,7208,7207
7096: 7095,6983,6984,7208,7209,7097
7097: 6985,7098,7096,6984,7209,7210
7098: 7099,6985,6986,7097,7210,7211
7099: 6986,7098,7211,6987,7100,7212
7100: 6987,7101,6988,7099,7212,7213
7101: 6988,6989,7100,7102,7214,7213
7102: 7101,6989,7214,6990,7103,7215
7103: 6990,6991,7104,7102,7216,7215
7104: 6992,6991,7103,7105,7217,7216
7105: 6992,7104,7217,6993,7106,7218
7106: 7107,6993,6994,7105,7219,7218
7107: 6995,6994,7106,7220,7219,7108
7108: 6996,7109,7107,6995,7220,7221
7109: 7110,6996,7108,6997,7222,7221
7110: 7109,6997,6998,7222,7223,7111
7111: 6999,7112,7110,6998,7223,7224
7112: 7000,6999,7113,7111,7224,7225
7113: 7000,7112,7225,7001,7114,7226
7114: 7001,7002,7115,7113,7226,7227
7115: 7002,7116,7114,7003,7227,7228
7116: 7115,7003,7228,7004,7117,7229
7117: 7004,7005,7118,7116,7230,7229
7118: 7005,7006,7117,7230,7231,7119
7119: 7007,7120,7006,7118,7231,7232
7120: 7007,7008,7119,7121,7232,7233
7121: 7008,7120,7009,7233,7234,7122
7122: 7010,7123,7121,7009,7234,7235
7123: 7010,7011,7122,7124,7235,7236
7124: 7011,7123,7012,7237,7236,7125
7125: 7013,7126,7124,7012,7237,7238
7126: 7013,7014,7125,7127,7238,7239
7127: 7014,7126,7239,7128,7015,7240
7128: 7016,7129,7015,7127,7241,7240
7129: 7016,7017,7128,7130,7242,7241
7130: 7017,7129,7242,7131,7018,7243
7131: 7019,7132,7018,7130,7244,7243
7132: 7019,7020,7131,7244,7245,7133
7133: 7134,7021,7020,7132,7245,7246
7134: 7022,7135,7021,7133,7246,7247
7135: 7022,7023,7134,7248,7247,7136
7136: 7137,7024,7023,7135,7248,7249
7137: 7025,7138,7136,7024,7249,7250
7138: 7025,7026,7137,7250,7251,7139
7139: 7027,7140,7026,7138,7251,7252
7140: 7028,7027,7141,7139,7253,7252
7141: 7028,7140,7253,7142,7029,7254
7142: 7143,7030,7029,7141,7254,7255
7143: 7031,7142,7144,7030,7255,7256
7144: 7031,7143,7256,7145,7032,7257
7145: 7146,7033,7032,7144,7258,7257
7146: 7034,7145,7033,7258,7259,7147
7147: 7148,7035,7034,7146,7259,7260
7148: 7149,7036,7035,7147,7261,7260
7149: 7037,7148,7036,7261,7262,7150
7150: 7151,7038,7037,7149,7262,7263
7151: 7152,7038,7039,7150,7263,7264
7152: 7151,7039,7264,7153,7040,7265
7153: 7041,7154,7040,7152,7266,7265
7154: 7155,7041,7042,7153,7267,7266
7155: 7042,7154,7267,7156,7043,7268
7156: 7157,7044,7043,7155,7269,7268
7157: 7158,7044,7045,7156,7269,7270
7158: 7157,7045,7270,7159,7046,7271
7159: 7160,7046,7047,7158,7272,7271
7160: 7159,7047,7048,7273,7272,7161
7161: 7162,7049,7160,7048,7273,7274
7162: 7163,7049,7050,7161,7275,7274
7163: 7162,7050,7051,7275,7276,7164
7164: 7165,7052,7163,7051,7276,7277
7165: 7166,7052,7053,7164,7278,7277
7166: 7165,7053,7278,7167,7054,7279
7167: 7168,7055,7054,7166,7280,7279
7168: 7055,7056,7169,7167,7280,7281
7169: 7168,7056,7281,7057,7170,7282
7170: 7057,7171,7058,7169,7282,7283
7171: 7058,7170,7059,7283,7284,7172
7172: 7173,7060,7171,7059,7284,7285
7173: 7174,7061,7060,7172,7285,7286
7174: 7173,7061,7062,7286,7287,7175
7175: 7063,7176,7174,7062,7287,7288
7176: 7063,7177,7064,7175,7288,7289
7177: 7176,7064,7289,7065,7178,7290
7178: 7179,7066,7065,7177,7291,7290
7179: 7292,7066,7180,17191,7178,7291
7180: 7179,7292,17191,13579,7067,14670
7181: 15403,15336,13814,14144,12934,7069
7182: 18148,16159,14655,16504,16829
7183: 13929,7296,12959,16126,12979
7184: 6959,15515,7071,15385,15745,7072
7185: 7409,7186,7298,15745,7073,7072
7186: 7185,7299,7298,7073,7074,7187
7187: 7188,7300,7074,7186,7299,7075
7188: 7301,7300,7189,7187,7075,7076
7189: 7301,7302,7188,7076,7077,7190
7190: 7303,7191,7077,7302,7189,7078
7191: 7192,7190,7303,7304,7078,7079
7192: 7191,7304,7305,7079,7080,7193
7193: 7306,7194,7080,7192,7305,7081
7194: 7195,7193,7306,7307,7081,7082
7195: 7307,7194,7082,7083,7196,7308
7196: 7197,7308,7309,7195,7084,7083
7197: 7196,7309,7310,7198,7084,7085
7198: 7197,7310,7085,7086,7199,7311
7199: 7311,7312,7200,7198,7087,7086
7200: 7199,7312,7313,7087,7088,7201
7201: 7314,7202,7088,7200,7313,7089
7202: 7314,7315,7203,7201,7090,7089
7203: 7316,7315,7202,7090,7091,7204
7204: 7205,7317,7091,7316,7203,7092
7205: 7317,7204,7206,7318,7092,7093
7206: 7205,7318,7093,7094,7319,7207
7207: 7319,7320,7208,7206,7095,7094
7208: 7320,7209,7207,7321,7095,7096
7209: 7208,7321,7096,7097,7210,7322
7210: 7322,7323,7211,7209,7097,7098
7211: 7210,7323,7324,7099,7098,7212
7212: 7325,7213,7099,7211,7324,7100
7213: 7214,7325,7326,7212,7101,7100
7214: 7326,7327,7213,7101,7102,7215
7215: 7216,7328,7102,7214,7327,7103
7216: 7217,7328,7329,7215,7104,7103
7217: 7216,7329,7330,7104,7105,7218
7218: 7219,7331,7105,7217,7330,7106
7219: 7220,7331,7332,7218,7107,7106
7220: 7219,7332,7107,7108,7333,7221
7221: 7222,7333,7334,7220,7108,7109
7222: 7334,7335,7223,7221,7110,7109
7223: 7222,7335,7110,7111,7224,7336
7224: 7336,7337,7225,7223,7111,7112
7225: 7224,7337,7338,7113,7112,7226
7226: 7339,7227,7113,7225,7338,7114
7227: 7226,7339,7340,7228,7114,7115
7228: 7340,7227,7341,7116,7115,7229
7229: 7230,7342,7116,7228,7341,7117
7230: 7342,7343,7231,7229,7117,7118
7231: 7230,7343,7118,7119,7344,7232
7232: 7344,7345,7233,7231,7119,7120
7233: 7345,7346,7232,7234,7120,7121
7234: 7346,7233,7121,7122,7347,7235
7235: 7347,7348,7236,7234,7122,7123
7236: 7348,7349,7235,7237,7123,7124
7237: 7349,7236,7124,7125,7350,7238
7238: 7350,7351,7239,7237,7125,7126
7239: 7351,7352,7238,7126,7127,7240
7240: 7353,7241,7127,7352,7239,7128
7241: 7353,7354,7242,7240,7128,7129
7242: 7354,7355,7241,7129,7130,7243
7243: 7356,7244,7130,7355,7242,7131
7244: 7356,7357,7243,7245,7131,7132
7245: 7357,7244,7132,7133,7358,7246
7246: 7359,7358,7247,7245,7134,7133
7247: 7359,7360,7246,7248,7134,7135
7248: 7360,7247,7135,7136,7249,7361
7249: 7362,7250,7361,7248,7137,7136
7250: 7362,7363,7249,7251,7137,7138
7251: 7363,7250,7138,7139,7252,7364
7252: 7365,7253,7364,7251,7140,7139
7253: 7365,7366,7252,7140,7141,7254
7254: 7367,7255,7141,7366,7253,7142
7255: 7368,7254,7367,7256,7142,7143
7256: 7368,7369,7255,7143,7144,7257
7257: 7258,7370,7144,7369,7256,7145
7258: 7371,7257,7370,7259,7146,7145
7259: 7371,7258,7146,7147,7260,7372
7260: 7261,7373,7372,7259,7148,7147
7261: 7374,7260,7373,7262,7149,7148
7262: 7374,7261,7149,7150,7263,7375
7263: 7375,7376,7264,7262,7151,7150
7264: 7377,7263,7376,7151,7152,7265
7265: 7378,7266,7152,7377,7264,7153
7266: 7267,7378,7379,7265,7154,7153
7267: 7380,7379,7266,7155,7154,7268
7268: 7269,7381,7155,7380,7267,7156
7269: 7382,7268,7270,7381,7157,7156
7270: 7383,7269,7382,7157,7158,7271
7271: 7272,7384,7158,7383,7270,7159
7272: 7273,7385,7271,7384,7159,7160
7273: 7272,7385,7160,7161,7274,7386
7274: 7275,7387,7386,7273,7162,7161
7275: 7387,7388,7274,7276,7163,7162
7276: 7275,7388,7163,7164,7389,7277
7277: 7278,7389,7390,7276,7165,7164
7278: 7390,7391,7277,7166,7165,7279
7279: 7392,7280,7166,7278,7391,7167
7280: 7392,7393,7281,7279,7168,7167
7281: 7393,7394,7280,7168,7169,7282
7282: 7283,7395,7169,7394,7281,7170
7283: 7282,7396,7395,7284,7171,7170
7284: 7283,7396,7171,7172,7285,7397
7285: 7398,7286,7397,7284,7173,7172
7286: 7398,7399,7285,7287,7174,7173
7287: 7399,7286,7174,7175,7288,7400
7288: 7289,7401,7400,7287,7176,7175
7289: 7288,7401,7402,7177,7176,7290
7290: 7403,7291,7177,7289,7402,7178
7291: 7404,7403,7290,7179,7292,7178
7292: 7179,7180,13733,7404,7291,13579
7293: 13734,15823,13206,11965,13733,14096
7294: 12846,15361,17287,18273,16893,16086,18544
7295: 12046,12871,17460,14893,7407,12744,18372
7296: 13929,15385,7408,7183,7297,16126
7297: 7296,15385,7408,15745,7519,7409
7298: 15880,7409,7185,7186,7299,7410
7299: 7186,7410,7298,7411,7300,7187
7300: 7301,7188,7412,7187,7299,7411
7301: 7302,7188,7413,7300,7412,7189
7302: 7301,7413,7189,7414,7190,7303
7303: 7414,7190,7415,7191,7304,7302
7304: 7192,7416,7303,7415,7191,7305
7305: 7192,7416,7304,7417,7193,7306
7306: 7417,7193,7418,7307,7194,7305
7307: 7195,7419,7306,7418,7194,7308
7308: 7196,7309,7420,7195,7419,7307
7309: 7421,7197,7196,7308,7310,7420
7310: 7421,7197,7309,7422,7198,7311
7311: 7423,7199,7312,7310,7422,7198
7312: 7423,7424,7199,7311,7200,7313
7313: 7424,7312,7200,7314,7425,7201
7314: 7426,7315,7425,7202,7201,7313
7315: 7426,7316,7427,7314,7203,7202
7316: 7427,7315,7203,7317,7204,7428
7317: 7429,7205,7204,7428,7318,7316
7318: 7429,7205,7430,7317,7206,7319
7319: 7320,7431,7207,7430,7206,7318
7320: 7432,7319,7208,7431,7207,7321
7321: 7432,7433,7320,7208,7209,7322
7322: 7210,7323,7434,7433,7209,7321
7323: 7435,7210,7322,7211,7434,7324
7324: 7435,7323,7211,7325,7436,7212
7325: 7326,7436,7437,7212,7213,7324
7326: 7438,7214,7325,7437,7327,7213
7327: 7438,7214,7326,7328,7439,7215
7328: 7216,7329,7439,7440,7215,7327
7329: 7217,7216,7328,7440,7330,7441
7330: 7217,7329,7441,7331,7442,7218
7331: 7219,7332,7442,7443,7218,7330
7332: 7220,7219,7331,7443,7444,7333
7333: 7334,7445,7221,7220,7332,7444
7334: 7222,7333,7335,7445,7446,7221
7335: 7222,7334,7446,7447,7223,7336
7336: 7224,7337,7448,7335,7447,7223
7337: 7224,7336,7225,7448,7449,7338
7338: 7337,7225,7449,7226,7339,7450
7339: 7226,7340,7450,7451,7227,7338
7340: 7339,7451,7452,7227,7228,7341
7341: 7340,7452,7228,7342,7453,7229
7342: 7230,7343,7453,7454,7229,7341
7343: 7230,7342,7454,7455,7231,7344
7344: 7345,7456,7232,7343,7455,7231
7345: 7344,7346,7456,7457,7232,7233
7346: 7345,7457,7458,7233,7234,7347
7347: 7348,7459,7235,7346,7458,7234
7348: 7347,7349,7459,7460,7235,7236
7349: 7348,7460,7461,7237,7236,7350
7350: 7351,7462,7238,7349,7461,7237
7351: 7350,7352,7462,7463,7238,7239
7352: 7351,7463,7239,7353,7464,7240
7353: 7354,7464,7465,7241,7240,7352
7354: 7353,7355,7465,7466,7242,7241
7355: 7354,7466,7242,7356,7467,7243
7356: 7357,7244,7467,7468,7243,7355
7357: 7356,7244,7468,7469,7245,7358
7358: 7359,7470,7246,7357,7469,7245
7359: 7360,7358,7470,7471,7246,7247
7360: 7359,7471,7472,7248,7247,7361
7361: 7362,7249,7473,7360,7472,7248
7362: 7363,7249,7473,7474,7250,7361
7363: 7362,7474,7475,7250,7251,7364
7364: 7365,7476,7252,7363,7475,7251
7365: 7366,7253,7476,7477,7252,7364
7366: 7365,7253,7477,7254,7367,7478
7367: 7368,7254,7479,7478,7255,7366
7368: 7369,7479,7480,7367,7255,7256
7369: 7368,7480,7256,7257,7370,7481
7370: 7371,7258,7257,7482,7481,7369
7371: 7258,7482,7483,7370,7259,7372
7372: 7260,7373,7484,7371,7483,7259
7373: 7374,7261,7260,7485,7372,7484
7374: 7261,7485,7486,7373,7262,7375
7375: 7263,7487,7376,7374,7486,7262
7376: 7377,7263,7487,7488,7375,7264
7377: 7488,7376,7264,7378,7489,7265
7378: 7490,7379,7266,7489,7265,7377
7379: 7380,7267,7490,7491,7378,7266
7380: 7267,7491,7379,7492,7268,7381
7381: 7492,7493,7269,7382,7268,7380
7382: 7383,7493,7494,7269,7270,7381
7383: 7494,7382,7270,7495,7271,7384
7384: 7495,7496,7272,7385,7271,7383
7385: 7273,7496,7497,7272,7384,7386
7386: 7498,7387,7274,7273,7497,7385
7387: 7498,7275,7499,7388,7274,7386
7388: 7275,7499,7500,7387,7276,7389
7389: 7501,7390,7277,7500,7388,7276
7390: 7278,7501,7502,7389,7391,7277
7391: 7278,7502,7390,7392,7503,7279
7392: 7393,7280,7504,7503,7279,7391
7393: 7505,7392,7394,7280,7504,7281
7394: 7505,7393,7281,7282,7506,7395
7395: 7282,7283,7396,7506,7507,7394
7396: 7508,7283,7507,7395,7284,7397
7397: 7509,7398,7285,7508,7396,7284
7398: 7509,7399,7285,7510,7286,7397
7399: 7511,7398,7510,7286,7287,7400
7400: 7288,7401,7512,7511,7399,7287
7401: 7288,7289,7402,7512,7513,7400
7402: 7289,7401,7513,7514,7403,7290
7403: 16388,7404,7514,7291,7290,7402
7404: 16388,13733,14096,7403,7291,7292
7405: 15882,13206,7406,15497,15735,12652
7406: 15823,13206,12976,7405,13768,12652
7407: 12127,12979,12744,17460,7295,12959
7408: 13929,7296,16784,7297,13045,7519
7409: 15880,7185,7298,15745,7297,7519
7410: 15880,7299,7298,7411,7520,7521
7411: 7299,7410,7521,7300,7412,7522
7412: 7301,7413,7300,7411,7523,7522
7413: 7301,7302,7412,7524,7523,7414
7414: 7303,7415,7302,7413,7524,7525
7415: 7414,7416,7303,7304,7525,7526
7416: 7415,7304,7305,7526,7527,7417
7417: 7306,7418,7416,7305,7527,7528
7418: 7417,7419,7306,7307,7529,7528
7419: 7418,7307,7529,7308,7420,7530
7420: 7421,7308,7309,7419,7530,7531
7421: 7309,7310,7420,7422,7531,7532
7422: 7421,7310,7532,7423,7311,7533
7423: 7424,7311,7312,7422,7533,7534
7424: 7423,7312,7313,7534,7535,7425
7425: 7426,7314,7424,7313,7535,7536
7426: 7427,7314,7315,7425,7536,7537
7427: 7426,7316,7315,7537,7538,7428
7428: 7429,7317,7316,7427,7538,7539
7429: 7430,7317,7428,7318,7539,7540
7430: 7429,7318,7540,7319,7431,7541
7431: 7432,7319,7320,7430,7541,7542
7432: 7433,7320,7431,7321,7542,7543
7433: 7432,7321,7543,7322,7434,7544
7434: 7435,7322,7323,7433,7544,7545
7435: 7323,7434,7324,7545,7546,7436
7436: 7325,7437,7435,7324,7546,7547
7437: 7438,7325,7326,7436,7547,7548
7438: 7326,7437,7327,7548,7549,7439
7439: 7328,7440,7438,7327,7549,7550
7440: 7328,7329,7439,7441,7550,7551
7441: 7329,7440,7330,7551,7552,7442
7442: 7331,7443,7330,7441,7552,7553
7443: 7331,7332,7442,7444,7553,7554
7444: 7332,7443,7554,7333,7445,7555
7445: 7333,7334,7446,7444,7556,7555
7446: 7334,7335,7445,7447,7557,7556
7447: 7335,7446,7557,7336,7448,7558
7448: 7336,7337,7449,7447,7559,7558
7449: 7337,7448,7338,7560,7559,7450
7450: 7339,7451,7449,7338,7560,7561
7451: 7339,7340,7450,7452,7562,7561
7452: 7340,7451,7341,7563,7562,7453
7453: 7342,7454,7452,7341,7563,7564
7454: 7342,7343,7453,7455,7565,7564
7455: 7343,7454,7565,7344,7456,7566
7456: 7344,7345,7457,7455,7567,7566
7457: 7345,7346,7456,7458,7568,7567
7458: 7346,7457,7568,7347,7459,7569
7459: 7347,7348,7460,7458,7570,7569
7460: 7348,7349,7459,7461,7571,7570
7461: 7349,7460,7571,7350,7462,7572
7462: 7350,7351,7463,7461,7573,7572
7463: 7351,7352,7462,7574,7573,7464
7464: 7353,7465,7352,7463,7574,7575
7465: 7353,7354,7464,7466,7576,7575
7466: 7354,7355,7465,7577,7576,7467
7467: 7356,7468,7355,7466,7577,7578
7468: 7356,7357,7467,7469,7579,7578
7469: 7357,7468,7579,7358,7470,7580
7470: 7359,7358,7471,7469,7581,7580
7471: 7359,7360,7470,7472,7582,7581
7472: 7360,7471,7582,7473,7361,7583
7473: 7362,7474,7361,7472,7584,7583
7474: 7362,7363,7473,7475,7585,7584
7475: 7363,7474,7585,7476,7364,7586
7476: 7365,7477,7364,7475,7587,7586
7477: 7365,7366,7476,7588,7587,7478
7478: 7479,7367,7366,7477,7588,7589
7479: 7368,7480,7367,7478,7590,7589
7480: 7368,7369,7479,7591,7590,7481
7481: 7482,7370,7369,7480,7591,7592
7482: 7371,7483,7370,7481,7593,7592
7483: 7371,7482,7593,7372,7484,7594
7484: 7485,7373,7372,7483,7595,7594
7485: 7374,7486,7373,7484,7596,7595
7486: 7374,7485,7596,7487,7375,7597
7487: 7488,7375,7376,7486,7598,7597
7488: 7377,7487,7376,7599,7598,7489
7489: 7490,7378,7377,7488,7599,7600
7490: 7491,7378,7379,7489,7601,7600
7491: 7380,7490,7379,7602,7601,7492
7492: 7493,7381,7380,7491,7602,7603
7493: 7492,7494,7382,7381,7603,7604
7494: 7383,7493,7382,7605,7604,7495
7495: 7496,7384,7383,7494,7605,7606
7496: 7495,7497,7385,7384,7607,7606
7497: 7496,7385,7607,7498,7386,7608
7498: 7499,7387,7386,7497,7608,7609
7499: 7498,7500,7387,7388,7609,7610
7500: 7499,7388,7610,7501,7389,7611
7501: 7502,7389,7390,7500,7611,7612
7502: 7501,7390,7391,7612,7613,7503
7503: 7614,7392,7504,7502,7391,7613
7504: 7614,7505,7392,7393,7615,7503
7505: 7616,7393,7394,7615,7504,7506
7506: 7507,7617,7395,7616,7505,7394
7507: 7618,7508,7396,7506,7617,7395
7508: 7618,7396,7507,7509,7619,7397
7509: 7398,7510,7620,7619,7397,7508
7510: 7621,7509,7511,7398,7399,7620
7511: 7621,7399,7510,7512,7622,7400
7512: 7401,7623,7513,7622,7400,7511
7513: 7401,7623,7402,7512,7624,7514
7514: 7515,7403,7402,7513,7624,14855
7515: 16388,7516,7514,14855,14154
7516: 16388,7515,14096,7736,14154,11965
7517: 17398,14318,17165,7627,12916,12996
7518: 12806,16147,14657,15597,16784,12155
7519: 7408,7297,13045,15880,7409,15875
7520: 12548,7631,15875,7521,15880,7410
7521: 7520,7631,7632,7410,7411,7522
7522: 7523,7633,7411,7632,7521,7412
7523: 7524,7633,7634,7522,7413,7412
7524: 7523,7634,7413,7414,7635,7525
7525: 7635,7636,7526,7524,7414,7415
7526: 7636,7637,7525,7527,7416,7415
7527: 7637,7526,7416,7417,7638,7528
7528: 7638,7639,7529,7527,7417,7418
7529: 7639,7640,7528,7419,7418,7530
7530: 7641,7531,7419,7529,7640,7420
7531: 7641,7642,7530,7532,7421,7420
7532: 7642,7531,7643,7421,7422,7533
7533: 7644,7534,7422,7532,7643,7423
7534: 7644,7645,7533,7535,7423,7424
7535: 7645,7534,7424,7425,7646,7536
7536: 7646,7647,7537,7535,7426,7425
7537: 7648,7647,7536,7538,7426,7427
7538: 7648,7537,7427,7428,7649,7539
7539: 7650,7649,7540,7538,7429,7428
7540: 7650,7651,7539,7429,7430,7541
7541: 7652,7542,7430,7651,7540,7431
7542: 7653,7652,7541,7543,7432,7431
7543: 7653,7654,7542,7432,7433,7544
7544: 7655,7545,7433,7654,7543,7434
7545: 7656,7655,7544,7546,7435,7434
7546: 7656,7545,7435,7436,7657,7547
7547: 7657,7658,7548,7546,7436,7437
7548: 7659,7658,7547,7549,7438,7437
7549: 7659,7548,7438,7439,7660,7550
7550: 7660,7661,7551,7549,7439,7440
7551: 7662,7661,7550,7552,7440,7441
7552: 7662,7551,7441,7442,7663,7553
7553: 7663,7664,7554,7552,7442,7443
7554: 7665,7664,7553,7443,7444,7555
7555: 7666,7556,7444,7665,7554,7445
7556: 7666,7667,7557,7555,7445,7446
7557: 7667,7668,7556,7446,7447,7558
7558: 7669,7559,7447,7668,7557,7448
7559: 7669,7670,7560,7558,7448,7449
7560: 7670,7559,7449,7450,7671,7561
7561: 7671,7672,7562,7560,7450,7451
7562: 7673,7672,7563,7561,7451,7452
7563: 7673,7562,7452,7453,7674,7564
7564: 7674,7675,7565,7563,7453,7454
7565: 7676,7675,7564,7454,7455,7566
7566: 7677,7567,7455,7676,7565,7456
7567: 7677,7678,7568,7566,7456,7457
7568: 7679,7678,7567,7457,7458,7569
7569: 7680,7570,7458,7679,7568,7459
7570: 7680,7681,7571,7569,7459,7460
7571: 7682,7681,7570,7460,7461,7572
7572: 7683,7573,7461,7682,7571,7462
7573: 7684,7683,7574,7572,7462,7463
7574: 7684,7573,7463,7464,7685,7575
7575: 7685,7686,7576,7574,7464,7465
7576: 7687,7686,7577,7575,7465,7466
7577: 7687,7576,7466,7467,7688,7578
7578: 7688,7689,7579,7577,7467,7468
7579: 7690,7689,7578,7468,7469,7580
7580: 7691,7581,7469,7690,7579,7470
7581: 7691,7692,7582,7580,7470,7471
7582: 7693,7692,7581,7471,7472,7583
7583: 7694,7584,7472,7693,7582,7473
7584: 7694,7695,7585,7583,7473,7474
7585: 7696,7695,7584,7474,7475,7586
7586: 7697,7587,7475,7696,7585,7476
7587: 7698,7697,7588,7586,7476,7477
7588: 7698,7587,7477,7478,7699,7589
7589: 7700,7699,7590,7588,7479,7478
7590: 7701,7700,7591,7589,7479,7480
7591: 7701,7590,7480,7481,7702,7592
7592: 7702,7703,7593,7591,7482,7481
7593: 7704,7703,7592,7482,7483,7594
7594: 7705,7595,7483,7704,7593,7484
7595: 7705,7706,7596,7594,7485,7484
7596: 7707,7706,7595,7485,7486,7597
7597: 7708,7598,7486,7707,7596,7487
7598: 7708,7709,7599,7597,7487,7488
7599: 7709,7598,7488,7489,7710,7600
7600: 7711,7710,7601,7599,7490,7489
7601: 7711,7712,7602,7600,7490,7491
7602: 7712,7601,7491,7492,7603,7713
7603: 7714,7713,7604,7602,7492,7493
7604: 7603,7714,7715,7605,7493,7494
7605: 7715,7604,7494,7495,7716,7606
7606: 7716,7717,7607,7605,7495,7496
7607: 7718,7717,7606,7496,7497,7608
7608: 7719,7609,7497,7718,7607,7498
7609: 7719,7720,7608,7610,7498,7499
7610: 7721,7720,7609,7499,7500,7611
7611: 7722,7612,7500,7721,7610,7501
7612: 7722,7723,7611,7613,7501,7502
7613: 7723,7612,7502,7614,7503,7724
7614: 7615,7504,7503,7613,7725,7724
7615: 7614,7616,7505,7504,7725,7726
7616: 7505,7615,7726,7506,7617,7727
7617: 7618,7506,7507,7616,7728,7727
7618: 7508,7507,7617,7728,7729,7619
7619: 7509,7620,7618,7508,7729,7730
7620: 7621,7509,7510,7619,7731,7730
7621: 7511,7510,7620,7731,7732,7622
7622: 7623,7512,7621,7511,7732,7733
7623: 7512,7513,7622,7624,7733,7734
7624: 7623,7513,7734,7514,14855,7735
7625: 7846,14855,14487,15825,7735,14154
7626: 12081,7737,7736,13734,12560,11965
7627: 7517,14024,14318,17165,14968,12669,13915
7628: 17442,17153,17947,15550,13327,16046,14087
7629: 7630,15622,12806,16147,16661,12939
7630: 7629,16147,12939,13045,12548,15875
7631: 7741,12548,7520,7742,7632,7521
7632: 7631,7742,7521,7633,7743,7522
7633: 7523,7744,7743,7634,7522,7632
7634: 7524,7523,7744,7633,7745,7635
7635: 7636,7746,7525,7524,7634,7745
7636: 7635,7637,7746,7747,7525,7526
7637: 7636,7747,7526,7748,7527,7638
7638: 7639,7749,7528,7637,7748,7527
7639: 7638,7529,7749,7750,7640,7528
7640: 7639,7529,7750,7641,7751,7530
7641: 7642,7751,7752,7530,7531,7640
7642: 7641,7752,7753,7531,7532,7643
7643: 7642,7753,7532,7644,7754,7533
7644: 7645,7754,7755,7533,7534,7643
7645: 7644,7756,7755,7534,7535,7646
7646: 7757,7647,7536,7756,7645,7535
7647: 7646,7648,7757,7758,7536,7537
7648: 7758,7647,7759,7537,7538,7649
7649: 7650,7760,7539,7648,7759,7538
7650: 7651,7760,7761,7649,7539,7540
7651: 7650,7761,7540,7762,7652,7541
7652: 7653,7762,7763,7541,7542,7651
7653: 7763,7764,7652,7654,7542,7543
7654: 7653,7764,7543,7765,7655,7544
7655: 7656,7765,7766,7544,7545,7654
7656: 7766,7767,7655,7545,7546,7657
7657: 7768,7658,7547,7656,7767,7546
7658: 7657,7659,7768,7769,7547,7548
7659: 7769,7658,7770,7548,7549,7660
7660: 7771,7661,7550,7659,7770,7549
7661: 7660,7662,7771,7772,7550,7551
7662: 7772,7661,7773,7551,7552,7663
7663: 7774,7664,7553,7662,7773,7552
7664: 7663,7665,7774,7775,7553,7554
7665: 7775,7664,7554,7666,7776,7555
7666: 7776,7777,7667,7556,7555,7665
7667: 7666,7777,7778,7668,7557,7556
7668: 7778,7667,7557,7669,7779,7558
7669: 7779,7780,7670,7559,7558,7668
7670: 7669,7780,7781,7560,7559,7671
7671: 7782,7672,7561,7781,7670,7560
7672: 7782,7783,7671,7673,7562,7561
7673: 7783,7672,7784,7563,7562,7674
7674: 7785,7675,7564,7673,7784,7563
7675: 7785,7786,7674,7676,7565,7564
7676: 7786,7675,7565,7787,7677,7566
7677: 7787,7788,7678,7567,7566,7676
7678: 7788,7789,7677,7679,7568,7567
7679: 7789,7678,7568,7790,7680,7569
7680: 7790,7791,7681,7570,7569,7679
7681: 7791,7792,7680,7682,7571,7570
7682: 7792,7681,7571,7793,7683,7572
7683: 7793,7794,7684,7573,7572,7682
7684: 7794,7795,7683,7574,7573,7685
7685: 7796,7686,7575,7795,7684,7574
7686: 7796,7797,7685,7687,7576,7575
7687: 7797,7798,7686,7577,7576,7688
7688: 7799,7689,7578,7798,7687,7577
7689: 7799,7800,7688,7690,7579,7578
7690: 7800,7689,7579,7691,7801,7580
7691: 7802,7692,7801,7581,7580,7690
7692: 7802,7803,7691,7693,7582,7581
7693: 7803,7692,7582,7694,7804,7583
7694: 7805,7695,7804,7584,7583,7693
7695: 7805,7806,7694,7696,7585,7584
7696: 7806,7695,7585,7697,7807,7586
7697: 7808,7698,7807,7587,7586,7696
7698: 7808,7809,7697,7588,7587,7699
7699: 7700,7810,7589,7809,7698,7588
7700: 7811,7701,7810,7699,7590,7589
7701: 7811,7812,7700,7591,7590,7702
7702: 7703,7813,7592,7812,7701,7591
7703: 7814,7702,7704,7813,7593,7592
7704: 7814,7703,7593,7705,7815,7594
7705: 7706,7816,7815,7595,7594,7704
7706: 7817,7705,7707,7816,7596,7595
7707: 7817,7706,7596,7708,7818,7597
7708: 7709,7818,7819,7598,7597,7707
7709: 7820,7708,7819,7599,7598,7710
7710: 7711,7821,7600,7820,7709,7599
7711: 7712,7821,7822,7710,7601,7600
7712: 7823,7711,7822,7602,7601,7713
7713: 7603,7714,7824,7823,7712,7602
7714: 7603,7715,7824,7825,7713,7604
7715: 7714,7825,7605,7604,7716,7826
7716: 7827,7717,7606,7826,7715,7605
7717: 7716,7718,7827,7828,7607,7606
7718: 7828,7717,7607,7719,7829,7608
7719: 7720,7830,7829,7608,7609,7718
7720: 7719,7721,7830,7831,7609,7610
7721: 7720,7831,7610,7722,7832,7611
7722: 7723,7832,7833,7611,7612,7721
7723: 7722,7833,7834,7612,7613,7724
7724: 7725,7835,7723,7834,7613,7614
7725: 7726,7835,7836,7724,7614,7615
7726: 7725,7836,7837,7616,7615,7727
7727: 7728,7838,7616,7726,7837,7617
7728: 7729,7838,7839,7727,7618,7617
7729: 7728,7839,7618,7619,7730,7840
7730: 7731,7841,7840,7729,7620,7619
7731: 7732,7841,7842,7730,7621,7620
7732: 7731,7842,7621,7622,7843,7733
7733: 7843,7734,7844,7732,7623,7622
7734: 7845,7733,7844,7623,7624,7735
7735: 7625,14855,14487,7624,7845,7734
7736: 15825,14154,7516,11965,7626,7737
7737: 18267,7626,12081,7847,7736,15825
7738: 16731,13299,16584,16531,14688
7739: 13442,15475,13327,12434,18176,13475,17545,13334
7740: 14468,7849,12221,16661,12726,17065
7741: 12548,7631,7742,7851,12726,17372,12939
7742: 7741,7631,7632,7851,7852,7743
7743: 7853,7744,7633,7742,7632,7852
7744: 7853,7633,7743,7634,7854,7745
7745: 7744,7634,7854,7635,7855,7746
7746: 7635,7855,7636,7856,7747,7745
7747: 7636,7637,7856,7746,7857,7748
7748: 7637,7747,7857,7638,7858,7749
7749: 7638,7858,7639,7859,7750,7748
7750: 7639,7749,7859,7860,7640,7751
7751: 7641,7752,7861,7750,7860,7640
7752: 7641,7862,7642,7751,7861,7753
7753: 7862,7642,7752,7863,7643,7754
7754: 7644,7755,7864,7753,7863,7643
7755: 7644,7756,7645,7754,7864,7865
7756: 7645,7755,7865,7646,7866,7757
7757: 7646,7866,7758,7867,7647,7756
7758: 7648,7757,7867,7647,7868,7759
7759: 7648,7758,7868,7869,7760,7649
7760: 7650,7869,7761,7870,7649,7759
7761: 7650,7651,7760,7870,7871,7762
7762: 7763,7872,7652,7651,7761,7871
7763: 7873,7653,7762,7764,7872,7652
7764: 7873,7653,7763,7874,7654,7765
7765: 7766,7875,7655,7764,7874,7654
7766: 7876,7656,7765,7767,7875,7655
7767: 7876,7656,7766,7657,7768,7877
7768: 7657,7878,7877,7769,7658,7767
7769: 7659,7768,7878,7658,7879,7770
7770: 7659,7769,7879,7660,7771,7880
7771: 7660,7881,7880,7772,7661,7770
7772: 7662,7771,7881,7661,7882,7773
7773: 7662,7772,7882,7663,7774,7883
7774: 7663,7884,7883,7775,7664,7773
7775: 7665,7774,7884,7664,7885,7776
7776: 7666,7777,7886,7665,7775,7885
7777: 7666,7776,7887,7886,7778,7667
7778: 7777,7887,7667,7888,7668,7779
7779: 7669,7780,7889,7778,7888,7668
7780: 7669,7779,7781,7889,7890,7670
7781: 7780,7890,7670,7782,7891,7671
7782: 7783,7891,7892,7671,7672,7781
7783: 7893,7782,7892,7673,7672,7784
7784: 7893,7783,7673,7785,7894,7674
7785: 7786,7894,7895,7674,7675,7784
7786: 7896,7785,7895,7676,7675,7787
7787: 7788,7897,7677,7896,7786,7676
7788: 7787,7789,7897,7898,7677,7678
7789: 7788,7898,7679,7678,7899,7790
7790: 7791,7900,7680,7789,7679,7899
7791: 7790,7792,7900,7901,7680,7681
7792: 7791,7901,7682,7681,7902,7793
7793: 7794,7903,7683,7792,7682,7902
7794: 7793,7795,7903,7904,7684,7683
7795: 7794,7904,7684,7796,7685,7905
7796: 7797,7685,7906,7686,7905,7795
7797: 7796,7798,7906,7907,7687,7686
7798: 7797,7907,7687,7799,7908,7688
7799: 7800,7908,7688,7909,7689,7798
7800: 7799,7909,7910,7690,7689,7801
7801: 7802,7911,7691,7800,7910,7690
7802: 7803,7911,7691,7912,7692,7801
7803: 7802,7912,7913,7693,7692,7804
7804: 7805,7914,7694,7803,7913,7693
7805: 7806,7914,7694,7915,7695,7804
7806: 7805,7915,7916,7696,7695,7807
7807: 7808,7697,7917,7806,7916,7696
7808: 7809,7698,7697,7918,7807,7917
7809: 7808,7698,7918,7810,7919,7699
7810: 7811,7700,7920,7919,7699,7809
7811: 7812,7701,7700,7921,7920,7810
7812: 7811,7701,7921,7702,7813,7922
7813: 7814,7702,7703,7923,7922,7812
7814: 7704,7703,7924,7923,7813,7815
7815: 7705,7816,7925,7814,7704,7924
7816: 7817,7705,7706,7926,7925,7815
7817: 7707,7706,7927,7926,7816,7818
7818: 7708,7928,7819,7817,7707,7927
7819: 7820,7708,7928,7709,7818,7929
7820: 7709,7929,7819,7821,7930,7710
7821: 7711,7931,7822,7930,7710,7820
7822: 7823,7711,7931,7712,7821,7932
7823: 7712,7822,7932,7824,7933,7713
7824: 7714,7934,7825,7933,7713,7823
7825: 7714,7934,7715,7824,7935,7826
7826: 7716,7827,7936,7715,7825,7935
7827: 7716,7937,7828,7717,7936,7826
7828: 7938,7937,7718,7827,7717,7829
7829: 7719,7830,7939,7938,7718,7828
7830: 7719,7720,7831,7940,7939,7829
7831: 7941,7721,7720,7830,7940,7832
7832: 7722,7942,7833,7941,7721,7831
7833: 7722,7723,7832,7942,7834,7943
7834: 7723,7833,7943,7835,7944,7724
7835: 7725,7836,7945,7944,7724,7834
7836: 7725,7946,7726,7835,7837,7945
7837: 7946,7726,7836,7838,7727,7947
7838: 7728,7839,7727,7948,7947,7837
7839: 7728,7949,7729,7838,7948,7840
7840: 7841,7730,7950,7949,7729,7839
7841: 7731,7842,7951,7730,7950,7840
7842: 7731,7952,7732,7841,7951,7843
7843: 7733,7953,7844,7952,7732,7842
7844: 7843,7845,7733,7734,7953,7954
7845: 7734,7844,7954,7955,14487,7735
7846: 13811,7847,14297,7625,14487,15825
7847: 13811,7846,15825,12782,18267,12120,7737
7848: 13229,13080,16095,14968,15048,11876
7849: 7850,14468,7740,15270,15622,16661
7850: 7959,14468,15818,12225,7849,15270
7851: 7741,7742,7852,17372,17946
7852: 7742,7851,17946,7853,7743,7962
7853: 7744,7743,7854,7852,7962,7963
7854: 7853,7744,7745,7964,7963,7855
7855: 7856,7746,7854,7745,7964,7965
7856: 7855,7746,7747,7857,7965,7966
7857: 7856,7747,7748,7966,7967,7858
7858: 7749,7859,7857,7748,7967,7968
7859: 7858,7749,7750,7860,7968,7969
7860: 7859,7750,7969,7751,7861,7970
7861: 7862,7751,7752,7860,7971,7970
7862: 7752,7861,7753,7863,7971,7972
7863: 7862,7753,7972,7754,7864,7973
7864: 7754,7755,7865,7863,7974,7973
7865: 7756,7755,7864,7974,7975,7866
7866: 7757,7867,7756,7865,7975,7976
7867: 7866,7757,7758,7868,7977,7976
7868: 7758,7867,7759,7977,7978,7869
7869: 7760,7870,7868,7759,7978,7979
7870: 7869,7760,7761,7871,7980,7979
7871: 7761,7870,7980,7762,7872,7981
7872: 7873,7762,7763,7871,7982,7981
7873: 7763,7764,7872,7874,7982,7983
7874: 7873,7764,7983,7765,7875,7984
7875: 7876,7765,7766,7874,7984,7985
7876: 7766,7767,7875,7986,7985,7877
7877: 7768,7878,7876,7767,7986,7987
7878: 7768,7877,7769,7879,7987,7988
7879: 7878,7769,7770,7988,7989,7880
7880: 7771,7881,7879,7770,7989,7990
7881: 7771,7880,7772,7882,7990,7991
7882: 7881,7772,7773,7991,7992,7883
7883: 7774,7884,7882,7773,7992,7993
7884: 7774,7883,7775,7885,7993,7994
7885: 7884,7775,7994,7776,7886,7995
7886: 7776,7777,7887,7885,7995,7996
7887: 7777,7886,7778,7888,7997,7996
7888: 7887,7778,7997,7779,7889,7998
7889: 7779,7780,7890,7888,7998,7999
7890: 7780,7781,7889,7999,8000,7891
7891: 7782,7892,7781,7890,8000,8001
7892: 7893,7782,7783,7891,8002,8001
7893: 7783,7892,7784,8002,8003,7894
7894: 7785,7895,7893,7784,8003,8004
7895: 7896,7785,7786,7894,8004,8005
7896: 7786,7895,8005,7787,7897,8006
7897: 7787,7788,7898,7896,8006,8007
7898: 7788,7789,7897,7899,8008,8007
7899: 7789,7898,8008,7790,7900,8009
7900: 7790,7791,7901,7899,8009,8010
7901: 7791,7792,7900,7902,8011,8010
7902: 7792,7901,8011,7793,7903,8012
7903: 7793,7794,7904,7902,8012,8013
7904: 7794,7795,7903,8013,8014,7905
7905: 7796,7906,7795,7904,8014,8015
7906: 7796,7797,7907,7905,8016,8015
7907: 7797,7798,7906,8017,8016,7908
7908: 7799,7909,7798,7907,8017,8018
7909: 7799,7800,7908,7910,8019,8018
7910: 7800,7909,8019,7911,7801,8020
7911: 7802,7912,7801,7910,8021,8020
7912: 7802,7803,7911,7913,8022,8021
7913: 7803,7912,8022,7914,7804,8023
7914: 7805,7915,7804,7913,8024,8023
7915: 7805,7806,7914,7916,8024,8025
7916: 7806,7915,8025,7807,7917,8026
7917: 7808,7918,7807,7916,8026,8027
7918: 7808,7809,7917,8028,8027,7919
7919: 7920,7810,7809,7918,8028,8029
7920: 7811,7921,7810,7919,8029,8030
7921: 7811,7812,7920,8031,8030,7922
7922: 7923,7813,7812,7921,8031,8032
7923: 7814,7924,7813,7922,8033,8032
7924: 7814,7923,8033,7925,7815,8034
7925: 7926,7816,7815,7924,8035,8034
7926: 7817,7927,7816,7925,8036,8035
7927: 7817,7926,8036,7928,7818,8037
7928: 7818,7929,7819,7927,8037,8038
7929: 7820,7928,7819,8038,8039,7930
7930: 7931,7821,7820,7929,8039,8040
7931: 7821,7822,7932,7930,8040,8041
7932: 7823,7931,7822,8042,8041,7933
7933: 7934,7824,7823,7932,8042,8043
7934: 7824,7825,7935,7933,8043,8044
7935: 7934,7825,8044,7936,7826,8045
7936: 7937,7827,7826,7935,8046,8045
7937: 7938,7827,7828,7936,8046,8047
7938: 7937,7828,8047,7939,7829,8048
7939: 7830,7940,7829,7938,8049,8048
7940: 7941,7830,7831,7939,8049,8050
7941: 7831,7940,8050,7832,7942,8051
7942: 7832,7833,7943,7941,8052,8051
7943: 7942,7833,7834,8053,8052,7944
7944: 7835,7945,7834,7943,8053,8054
7945: 7946,7835,7836,7944,8054,8055
7946: 7836,7837,7945,8055,8056,7947
7947: 7838,7948,7946,7837,8056,8057
7948: 7949,7838,7839,7947,8057,8058
7949: 7839,7948,8058,7950,7840,8059
7950: 7841,7951,7840,7949,8060,8059
7951: 7952,7841,7842,7950,8060,8061
7952: 7842,7951,8061,7843,7953,8062
7953: 7843,7844,7954,7952,8062,8063
7954: 7845,7953,7844,8063,8064,7955
7955: 14297,14487,7845,7954,8064,7956,8065
7956: 8065,13754,8174,13811,14297,7955
7957: 11986,8066,13229,13080,15631
7958: 15410,17533,13083,16790,14913,15527
7959: 13948,7850,15818,12225,13435,12685
7960: 13129,8070,12568,12221,12727
7961: 8071,8070,17946,7962,8072
7962: 8072,7963,7852,7961,17946,7853
7963: 7962,17728,8073,7964,8072,7853,7854
7964: 17728,7963,7854,7855,7965,8074
7965: 7966,8074,8075,7964,7855,7856
7966: 7965,8075,8076,7967,7856,7857
7967: 7966,8076,7857,7858,7968,8077
7968: 7969,8078,8077,7967,7858,7859
7969: 7968,8078,8079,7859,7860,7970
7970: 7971,8080,7860,7969,8079,7861
7971: 7972,7970,8080,8081,7862,7861
7972: 7971,8081,8082,7862,7863,7973
7973: 7974,8083,7863,7972,8082,7864
7974: 8083,7975,7973,8084,7864,7865
7975: 7974,8084,7865,7866,8085,7976
7976: 7977,8086,8085,7975,7866,7867
7977: 8086,7976,8087,7978,7867,7868
7978: 7977,8087,7868,7869,8088,7979
7979: 7980,8089,8088,7978,7869,7870
7980: 8089,7979,8090,7870,7871,7981
7981: 7982,8091,7871,7980,8090,7872
7982: 7983,8091,7981,8092,7873,7872
7983: 7982,8092,8093,7873,7874,7984
7984: 8094,7985,7874,7983,8093,7875
7985: 8095,7986,7984,8094,7876,7875
7986: 8095,7985,7876,7877,7987,8096
7987: 8096,8097,7988,7986,7878,7877
7988: 7987,8097,8098,7989,7878,7879
7989: 8098,7988,7879,7880,7990,8099
7990: 8099,8100,7991,7989,7881,7880
7991: 7990,8101,8100,7992,7881,7882
7992: 8101,7991,7882,7883,7993,8102
7993: 8102,8103,7994,7992,7884,7883
7994: 7993,8103,8104,7884,7885,7995
7995: 8105,7996,7885,8104,7994,7886
7996: 8105,8106,7995,7997,7887,7886
7997: 8106,7996,8107,7887,7888,7998
7998: 8108,7999,7888,7997,8107,7889
7999: 7998,8108,8109,8000,7889,7890
8000: 8109,7999,7890,7891,8110,8001
8001: 8110,8111,8002,8000,7891,7892
8002: 8111,8112,8001,8003,7893,7892
8003: 8112,8002,7893,7894,8113,8004
8004: 8113,8114,8005,8003,7894,7895
8005: 8114,8004,8115,7896,7895,8006
8006: 8116,8007,7896,8115,8005,7897
8007: 8116,8117,8006,8008,7897,7898
8008: 8117,8007,8118,7898,7899,8009
8009: 8119,8010,7899,8008,8118,7900
8010: 8119,8120,8009,8011,7900,7901
8011: 8120,8010,8121,7901,7902,8012
8012: 8122,8013,7902,8011,8121,7903
8013: 8122,8123,8012,8014,7903,7904
8014: 8123,8013,7904,7905,8124,8015
8015: 8125,8124,8016,8014,7906,7905
8016: 8017,8125,8126,8015,7906,7907
8017: 8126,8016,7907,7908,8018,8127
8018: 8019,8128,8127,8017,7908,7909
8019: 8128,8129,8018,7909,7910,8020
8020: 8021,8130,7910,8019,8129,7911
8021: 8022,8131,8130,8020,7911,7912
8022: 8131,8132,8021,7912,7913,8023
8023: 8133,8024,7913,8022,8132,7914
8024: 8133,8134,8025,8023,7914,7915
8025: 8134,8135,8024,7915,7916,8026
8026: 8136,8027,7916,8135,8025,7917
8027: 8136,8137,8028,8026,7918,7917
8028: 8137,8027,7918,7919,8029,8138
8029: 8139,8030,8138,8028,7920,7919
8030: 8139,8140,8029,8031,7921,7920
8031: 8140,8030,7921,7922,8141,8032
8032: 8033,8141,8142,8031,7923,7922
8033: 8143,8032,8142,7924,7923,8034
8034: 8035,8144,7924,8143,8033,7925
8035: 8145,8036,8144,8034,7926,7925
8036: 8145,8146,8035,7927,7926,8037
8037: 8147,8038,7927,8146,8036,7928
8038: 8147,8037,8039,8148,7928,7929
8039: 8038,8148,7929,7930,8040,8149
8040: 8150,8041,8149,8039,7931,7930
8041: 8151,8040,8042,8150,7931,7932
8042: 8151,8041,7932,7933,8043,8152
8043: 8152,8044,8153,8042,7934,7933
8044: 8154,8043,8153,7934,7935,8045
8045: 8046,8155,7935,8154,8044,7936
8046: 8156,8155,8047,8045,7937,7936
8047: 8157,8156,8046,7938,7937,8048
8048: 8049,8158,7938,8157,8047,7939
8049: 8159,8158,8050,8048,7940,7939
8050: 8159,8049,8160,7941,7940,8051
8051: 8052,8161,7941,8050,8160,7942
8052: 8053,8161,8162,8051,7942,7943
8053: 8052,8162,7943,7944,8054,8163
8054: 8055,8164,8163,8053,7945,7944
8055: 8054,8164,8165,8056,7946,7945
8056: 8055,8165,7946,7947,8057,8166
8057: 8058,8167,8166,8056,7948,7947
8058: 8057,8167,8168,7949,7948,8059
8059: 8060,8169,7949,8058,8168,7950
8060: 8170,8169,8061,8059,7951,7950
8061: 8060,8170,8171,7952,7951,8062
8062: 8063,8172,7952,8171,8061,7953
8063: 8062,8173,8064,8172,7953,7954
8064: 8063,17448,8173,7954,7955,8065
8065: 7956,13819,8174,17448,8064,7955
8066: 16884,11986,7957,15631,8175,13047
8067: 13080,15631,13628,12421,17356,13089
8068: 15199,15874,15573,13969,12052,15509
8069: 12951,18590,8286,13833,13948,12283
8070: 8179,8071,7961,13129,12568,7960
8071: 8179,7961,8070,8180,8072,17275
8072: 7962,8073,7963,17275,8071,7961
8073: 17728,8072,7963,8181,17275
8074: 7965,8183,8075,17728,7964,8182
8075: 8184,7965,8183,7966,8074,8076
8076: 8184,7966,8075,7967,8185,8077
8077: 7968,8186,8078,8076,7967,8185
8078: 7968,8186,7969,8077,8079,8187
8079: 7969,8078,8187,7970,8080,8188
8080: 7971,8189,7970,8081,8188,8079
8081: 7971,8189,7972,8080,8190,8082
8082: 7972,8081,8190,8083,7973,8191
8083: 7974,8192,7973,8084,8191,8082
8084: 7974,8083,8192,7975,8193,8085
8085: 8086,7976,8194,7975,8084,8193
8086: 7977,8085,8195,7976,8087,8194
8087: 7977,8086,8195,8196,7978,8088
8088: 8089,7979,8197,8087,8196,7978
8089: 7980,8088,8198,7979,8090,8197
8090: 7980,8089,8198,8091,7981,8199
8091: 7982,7981,8092,8199,8200,8090
8092: 7982,7983,8091,8200,8201,8093
8093: 7983,8092,8201,7984,8094,8202
8094: 8095,7984,7985,8202,8203,8093
8095: 7986,8094,7985,8203,8204,8096
8096: 7987,8097,8205,8095,7986,8204
8097: 7987,8096,8098,8206,8205,7988
8098: 8097,8206,7988,8207,7989,8099
8099: 7990,8100,8208,8098,8207,7989
8100: 7990,8099,8101,8209,8208,7991
8101: 8100,8209,7991,8210,7992,8102
8102: 7993,8103,8211,8101,8210,7992
8103: 7993,8102,8212,8104,8211,7994
8104: 8212,8103,7994,8105,7995,8213
8105: 8106,7995,8213,8214,7996,8104
8106: 8215,8105,8214,7997,7996,8107
8107: 8215,8106,7997,7998,8108,8216
8108: 7998,8109,7999,8216,8217,8107
8109: 8108,7999,8217,8000,8218,8110
8110: 8111,8219,8001,8109,8000,8218
8111: 8110,8112,8002,8219,8220,8001
8112: 8111,8002,8220,8221,8003,8113
8113: 8114,8004,8222,8112,8221,8003
8114: 8113,8004,8115,8222,8223,8005
8115: 8114,8223,8005,8116,8006,8224
8116: 8117,8006,8224,8225,8007,8115
8117: 8116,8225,8226,8008,8007,8118
8118: 8117,8226,8008,8119,8009,8227
8119: 8120,8009,8227,8228,8010,8118
8120: 8119,8228,8229,8011,8010,8121
8121: 8120,8229,8011,8122,8230,8012
8122: 8123,8230,8231,8012,8013,8121
8123: 8122,8231,8232,8013,8014,8124
8124: 8125,8233,8015,8123,8232,8014
8125: 8126,8233,8234,8124,8016,8015
8126: 8017,8125,8234,8235,8016,8127
8127: 8128,8236,8018,8017,8126,8235
8128: 8019,8129,8236,8237,8018,8127
8129: 8019,8128,8237,8130,8238,8020
8130: 8131,8239,8021,8238,8020,8129
8131: 8022,8132,8239,8240,8021,8130
8132: 8022,8131,8240,8133,8241,8023
8133: 8134,8242,8024,8241,8023,8132
8134: 8133,8135,8242,8243,8024,8025
8135: 8134,8243,8025,8136,8026,8244
8136: 8137,8245,8026,8027,8244,8135
8137: 8136,8028,8245,8246,8027,8138
8138: 8139,8247,8029,8137,8028,8246
8139: 8140,8247,8248,8029,8030,8138
8140: 8139,8248,8249,8031,8030,8141
8141: 8250,8032,8142,8140,8249,8031
8142: 8250,8143,8033,8251,8141,8032
8143: 8033,8251,8142,8144,8252,8034
8144: 8145,8253,8035,8252,8034,8143
8145: 8146,8036,8254,8253,8035,8144
8146: 8145,8036,8254,8147,8037,8255
8147: 8037,8038,8256,8148,8255,8146
8148: 8147,8038,8257,8256,8039,8149
8149: 8040,8150,8258,8257,8039,8148
8150: 8151,8040,8259,8041,8258,8149
8151: 8042,8260,8150,8259,8041,8152
8152: 8043,8261,8153,8151,8042,8260
8153: 8154,8043,8261,8152,8044,8262
8154: 8044,8262,8153,8155,8263,8045
8155: 8156,8046,8264,8263,8045,8154
8156: 8157,8046,8155,8047,8265,8264
8157: 8156,8047,8265,8158,8266,8048
8158: 8267,8159,8049,8266,8048,8157
8159: 8267,8049,8158,8050,8268,8160
8160: 8159,8050,8268,8161,8051,8269
8161: 8270,8052,8162,8051,8269,8160
8162: 8053,8270,8052,8161,8271,8163
8163: 8054,8164,8272,8053,8162,8271
8164: 8054,8273,8055,8165,8272,8163
8165: 8273,8055,8164,8274,8056,8166
8166: 8057,8275,8167,8165,8274,8056
8167: 8057,8275,8058,8168,8166,8276
8168: 8058,8167,8276,8169,8277,8059
8169: 8060,8278,8170,8277,8059,8168
8170: 8060,8278,8279,8171,8169,8061
8171: 8279,8170,8061,8062,8172,8280
8172: 8062,8063,8173,8280,16919,8171
8173: 14049,8063,17448,8064,8172,16919
8174: 7956,16906,13221,8065,13754,13819
8175: 13221,12867,13047,16884,8066,14149
8176: 12868,15051,16823,16939,15067,14198
8177: 15300,16899,13821,17533,18245,16930
8178: 8287,12950,12727,12389,12951,13129
8179: 8071,13129,8070,8287,14058,8180
8180: 14058,8179,8071,17275,8288,17043
8181: 17728,8073,8182,17275,8289,17043
8182: 17728,8181,8289,8183,8074,8290
8183: 8184,8074,8075,8182,8290,8291
8184: 8183,8075,8076,8185,8291,8292
8185: 8184,8076,8292,8186,8077,8293
8186: 8078,8077,8187,8185,8294,8293
8187: 8186,8078,8079,8294,8295,8188
8188: 8189,8080,8079,8187,8295,8296
8189: 8080,8081,8188,8190,8296,8297
8190: 8189,8081,8082,8297,8298,8191
8191: 8083,8192,8190,8082,8298,8299
8192: 8083,8084,8191,8193,8299,8300
8193: 8192,8084,8300,8085,8194,8301
8194: 8086,8085,8195,8193,8302,8301
8195: 8086,8087,8194,8196,8302,8303
8196: 8195,8087,8303,8088,8197,8304
8197: 8089,8088,8198,8196,8305,8304
8198: 8089,8090,8197,8305,8306,8199
8199: 8091,8200,8198,8090,8306,8307
8200: 8091,8092,8199,8201,8307,8308
8201: 8092,8200,8093,8308,8309,8202
8202: 8094,8203,8201,8093,8309,8310
8203: 8095,8094,8202,8204,8310,8311
8204: 8095,8203,8311,8096,8205,8312
8205: 8096,8097,8206,8204,8312,8313
8206: 8097,8098,8205,8207,8314,8313
8207: 8098,8206,8314,8099,8208,8315
8208: 8099,8100,8209,8207,8316,8315
8209: 8101,8100,8208,8210,8317,8316
8210: 8101,8209,8317,8102,8211,8318
8211: 8102,8212,8103,8210,8318,8319
8212: 8103,8104,8211,8320,8319,8213
8213: 8105,8214,8212,8104,8320,8321
8214: 8215,8105,8106,8213,8322,8321
8215: 8106,8214,8107,8322,8323,8216
8216: 8108,8217,8215,8107,8323,8324
8217: 8108,8109,8216,8218,8325,8324
8218: 8109,8217,8325,8110,8219,8326
8219: 8110,8111,8220,8218,8326,8327
8220: 8111,8112,8219,8221,8328,8327
8221: 8112,8220,8328,8113,8222,8329
8222: 8113,8114,8223,8221,8330,8329
8223: 8114,8115,8222,8330,8331,8224
8224: 8116,8225,8115,8223,8331,8332
8225: 8116,8117,8224,8226,8333,8332
8226: 8117,8225,8118,8334,8333,8227
8227: 8119,8228,8226,8118,8334,8335
8228: 8119,8120,8227,8229,8335,8336
8229: 8120,8228,8121,8336,8337,8230
8230: 8122,8231,8229,8121,8337,8338
8231: 8122,8123,8230,8232,8339,8338
8232: 8123,8231,8339,8233,8124,8340
8233: 8125,8234,8124,8232,8341,8340
8234: 8125,8126,8233,8235,8342,8341
8235: 8126,8234,8342,8236,8127,8343
8236: 8128,8237,8127,8235,8344,8343
8237: 8128,8129,8236,8345,8344,8238
8238: 8239,8130,8129,8237,8345,8346
8239: 8131,8240,8130,8238,8347,8346
8240: 8131,8132,8239,8347,8348,8241
8241: 8133,8242,8132,8240,8348,8349
8242: 8133,8134,8243,8241,8350,8349
8243: 8134,8135,8242,8350,8351,8244
8244: 8136,8245,8135,8243,8351,8352
8245: 8136,8137,8246,8244,8353,8352
8246: 8137,8245,8353,8247,8138,8354
8247: 8139,8248,8138,8246,8355,8354
8248: 8139,8140,8247,8249,8355,8356
8249: 8140,8248,8356,8250,8141,8357
8250: 8251,8141,8142,8249,8357,8358
8251: 8250,8143,8142,8359,8358,8252
8252: 8253,8144,8143,8251,8359,8360
8253: 8145,8254,8144,8252,8360,8361
8254: 8145,8146,8253,8362,8361,8255
8255: 8147,8256,8146,8254,8362,8363
8256: 8147,8257,8148,8255,8363,8364
8257: 8256,8148,8364,8258,8149,8365
8258: 8150,8259,8149,8257,8366,8365
8259: 8151,8260,8150,8258,8367,8366
8260: 8151,8259,8367,8261,8152,8368
8261: 8152,8262,8153,8260,8369,8368
8262: 8154,8261,8153,8369,8370,8263
8263: 8155,8264,8154,8262,8370,8371
8264: 8156,8155,8265,8263,8372,8371
8265: 8157,8156,8264,8372,8373,8266
8266: 8267,8158,8157,8265,8373,8374
8267: 8159,8158,8268,8266,8374,8375
8268: 8267,8159,8160,8376,8375,8269
8269: 8270,8161,8268,8160,8376,8377
8270: 8161,8162,8271,8269,8377,8378
8271: 8270,8162,8378,8272,8163,8379
8272: 8273,8164,8163,8271,8380,8379
8273: 8164,8165,8274,8272,8380,8381
8274: 8273,8165,8381,8275,8166,8382
8275: 8167,8166,8276,8274,8383,8382
8276: 8275,8167,8168,8384,8383,8277
8277: 8278,8169,8168,8276,8384,8385
8278: 8279,8170,8169,8277,8386,8385
8279: 8278,8170,8171,8386,8387,8280
8280: 8172,16919,8279,8171,8387,8388
8281: 8388,8389,16351,14049,16919
8282: 16862,8496,13072,13765,16351,8283
8283: 16906,13819,14049,16351,16862,8282
8284: 16481,16783,17096,13444,18515
8285: 8392,18590,8286,17972,17131
8286: 8285,12389,12951,18590,12475,8069,17972
8287: 8178,8393,12950,14058,8179,13129
8288: 15696,16572,17043,8394,14058,8180
8289: 16572,8395,8396,17043,8181,8182,8290
8290: 8397,8291,8182,8289,8396,8183
8291: 8290,8397,8398,8292,8184,8183
8292: 8398,8291,8399,8184,8185,8293
8293: 8400,8294,8185,8292,8399,8186
8294: 8401,8400,8293,8295,8186,8187
8295: 8401,8294,8187,8188,8296,8402
8296: 8403,8297,8402,8295,8189,8188
8297: 8404,8403,8296,8298,8189,8190
8298: 8404,8297,8190,8191,8299,8405
8299: 8406,8300,8405,8298,8192,8191
8300: 8407,8406,8299,8192,8193,8301
8301: 8302,8408,8193,8407,8300,8194
8302: 8409,8303,8408,8301,8195,8194
8303: 8302,8409,8410,8195,8196,8304
8304: 8305,8411,8196,8303,8410,8197
8305: 8412,8306,8304,8411,8198,8197
8306: 8305,8412,8198,8199,8307,8413
8307: 8308,8413,8414,8306,8199,8200
8308: 8307,8415,8414,8309,8200,8201
8309: 8308,8415,8201,8202,8310,8416
8310: 8311,8416,8417,8309,8202,8203
8311: 8310,8418,8417,8203,8204,8312
8312: 8419,8313,8204,8311,8418,8205
8313: 8420,8419,8314,8312,8206,8205
8314: 8420,8313,8421,8206,8207,8315
8315: 8422,8316,8207,8314,8421,8208
8316: 8423,8422,8317,8315,8209,8208
8317: 8423,8316,8424,8209,8210,8318
8318: 8425,8319,8210,8317,8424,8211
8319: 8426,8318,8320,8425,8212,8211
8320: 8426,8319,8212,8213,8427,8321
8321: 8322,8427,8428,8320,8213,8214
8322: 8321,8429,8428,8323,8215,8214
8323: 8322,8429,8215,8216,8430,8324
8324: 8430,8325,8431,8323,8216,8217
8325: 8432,8324,8431,8217,8218,8326
8326: 8433,8327,8218,8432,8325,8219
8327: 8433,8328,8434,8326,8219,8220
8328: 8435,8434,8327,8220,8221,8329
8329: 8330,8436,8221,8435,8328,8222
8330: 8331,8329,8437,8436,8222,8223
8331: 8330,8437,8223,8224,8438,8332
8332: 8438,8333,8439,8331,8224,8225
8333: 8334,8332,8440,8439,8225,8226
8334: 8333,8440,8226,8227,8441,8335
8335: 8441,8336,8442,8334,8227,8228
8336: 8335,8337,8443,8442,8228,8229
8337: 8336,8443,8229,8230,8338,8444
8338: 8339,8444,8445,8337,8230,8231
8339: 8446,8338,8445,8231,8232,8340
8340: 8447,8341,8232,8446,8339,8233
8341: 8447,8342,8340,8448,8233,8234
8342: 8341,8449,8448,8234,8235,8343
8343: 8344,8450,8235,8342,8449,8236
8344: 8345,8343,8450,8451,8236,8237
8345: 8344,8451,8237,8238,8346,8452
8346: 8347,8453,8452,8345,8239,8238
8347: 8454,8346,8453,8348,8239,8240
8348: 8454,8347,8240,8241,8349,8455
8349: 8456,8350,8455,8348,8242,8241
8350: 8456,8349,8457,8351,8242,8243
8351: 8350,8457,8243,8244,8458,8352
8352: 8459,8458,8353,8351,8245,8244
8353: 8459,8352,8460,8245,8246,8354
8354: 8355,8461,8246,8353,8460,8247
8355: 8462,8461,8356,8354,8247,8248
8356: 8462,8355,8463,8248,8249,8357
8357: 8464,8358,8249,8356,8463,8250
8358: 8465,8464,8357,8359,8250,8251
8359: 8465,8358,8251,8252,8360,8466
8360: 8467,8361,8466,8359,8253,8252
8361: 8467,8362,8360,8468,8254,8253
8362: 8468,8361,8254,8255,8469,8363
8363: 8469,8470,8364,8362,8256,8255
8364: 8470,8363,8471,8257,8256,8365
8365: 8472,8366,8257,8471,8364,8258
8366: 8473,8367,8472,8365,8259,8258
8367: 8473,8474,8366,8260,8259,8368
8368: 8475,8369,8260,8367,8474,8261
8369: 8475,8370,8368,8476,8261,8262
8370: 8369,8476,8262,8263,8371,8477
8371: 8372,8478,8477,8370,8264,8263
8372: 8479,8373,8478,8371,8265,8264
8373: 8479,8372,8265,8266,8374,8480
8374: 8481,8375,8480,8373,8267,8266
8375: 8482,8376,8374,8481,8267,8268
8376: 8482,8375,8268,8269,8483,8377
8377: 8484,8483,8378,8376,8270,8269
8378: 8485,8484,8377,8270,8271,8379
8379: 8486,8380,8271,8485,8378,8272
8380: 8486,8487,8381,8379,8273,8272
8381: 8487,8380,8488,8273,8274,8382
8382: 8489,8383,8274,8381,8488,8275
8383: 8489,8490,8384,8382,8275,8276
8384: 8490,8383,8276,8277,8385,8491
8385: 8492,8386,8491,8384,8278,8277
8386: 8493,8492,8387,8385,8278,8279
8387: 8493,8386,8279,8280,8388,8494
8388: 14310,8494,8389,8281,8387,8280,16919
8389: 8495,13765,8388,14310,16351,8281
8390: 8602,17428,8496,12210,13072,8603,13296
8391: 17428,16862,13072,12867,13876,14149
8392: 8285,17972,17131,13287,12400,18320
8393: 8287,8394,14138,12950,14329,14058
8394: 8393,14329,14058,15696,14376,8288
8395: 15696,16572,16432,8289,8502,8396
8396: 8395,8289,8502,8290,8397,8503
8397: 8290,8398,8291,8503,8504,8396
8398: 8397,8291,8504,8292,8505,8399
8399: 8398,8292,8505,8400,8506,8293
8400: 8401,8507,8294,8506,8293,8399
8401: 8400,8507,8294,8295,8508,8402
8402: 8403,8296,8509,8401,8295,8508
8403: 8404,8510,8296,8509,8297,8402
8404: 8403,8510,8297,8511,8298,8405
8405: 8406,8299,8512,8404,8511,8298
8406: 8407,8513,8299,8512,8300,8405
8407: 8406,8513,8300,8514,8408,8301
8408: 8514,8302,8409,8515,8301,8407
8409: 8302,8516,8515,8303,8408,8410
8410: 8516,8409,8303,8517,8304,8411
8411: 8517,8305,8412,8518,8304,8410
8412: 8305,8306,8518,8411,8519,8413
8413: 8520,8307,8414,8412,8306,8519
8414: 8520,8307,8308,8413,8521,8415
8415: 8308,8521,8414,8522,8309,8416
8416: 8523,8310,8417,8415,8522,8309
8417: 8523,8310,8311,8416,8524,8418
8418: 8311,8524,8417,8525,8419,8312
8419: 8420,8525,8312,8313,8526,8418
8420: 8527,8419,8314,8313,8526,8421
8421: 8420,8527,8314,8528,8422,8315
8422: 8423,8528,8529,8316,8315,8421
8423: 8529,8422,8317,8316,8530,8424
8424: 8423,8317,8530,8531,8318,8425
8425: 8426,8531,8318,8532,8319,8424
8426: 8532,8320,8533,8425,8319,8427
8427: 8534,8321,8428,8426,8320,8533
8428: 8322,8534,8427,8535,8321,8429
8429: 8322,8535,8428,8536,8323,8430
8430: 8537,8324,8431,8429,8536,8323
8431: 8432,8537,8430,8538,8325,8324
8432: 8538,8325,8431,8539,8433,8326
8433: 8539,8540,8434,8326,8327,8432
8434: 8540,8433,8541,8435,8328,8327
8435: 8541,8328,8434,8542,8329,8436
8436: 8542,8543,8330,8329,8437,8435
8437: 8543,8330,8331,8544,8436,8438
8438: 8545,8332,8439,8331,8544,8437
8439: 8545,8546,8438,8333,8332,8440
8440: 8546,8334,8333,8439,8547,8441
8441: 8548,8335,8442,8334,8440,8547
8442: 8548,8549,8441,8335,8336,8443
8443: 8549,8336,8337,8442,8550,8444
8444: 8551,8338,8445,8337,8443,8550
8445: 8551,8552,8446,8339,8338,8444
8446: 8552,8339,8445,8447,8340,8553
8447: 8554,8341,8340,8448,8553,8446
8448: 8447,8554,8555,8342,8341,8449
8449: 8555,8342,8448,8556,8343,8450
8450: 8556,8557,8344,8343,8451,8449
8451: 8557,8558,8345,8344,8450,8452
8452: 8346,8559,8453,8558,8345,8451
8453: 8454,8560,8347,8346,8559,8452
8454: 8560,8561,8347,8453,8348,8455
8455: 8456,8349,8562,8454,8561,8348
8456: 8563,8350,8349,8562,8457,8455
8457: 8456,8563,8564,8350,8351,8458
8458: 8459,8352,8565,8564,8457,8351
8459: 8566,8458,8353,8352,8565,8460
8460: 8459,8566,8353,8461,8567,8354
8461: 8462,8355,8568,8567,8354,8460
8462: 8569,8355,8461,8356,8568,8463
8463: 8462,8569,8356,8464,8570,8357
8464: 8465,8570,8357,8571,8358,8463
8465: 8572,8464,8571,8359,8358,8466
8466: 8467,8360,8573,8465,8572,8359
8467: 8574,8360,8468,8361,8573,8466
8468: 8574,8575,8467,8362,8361,8469
8469: 8576,8470,8363,8575,8362,8468
8470: 8469,8576,8577,8363,8471,8364
8471: 8577,8470,8364,8472,8578,8365
8472: 8473,8579,8366,8578,8365,8471
8473: 8367,8580,8472,8579,8474,8366
8474: 8473,8367,8580,8475,8368,8581
8475: 8369,8582,8368,8476,8581,8474
8476: 8475,8369,8583,8370,8582,8477
8477: 8478,8584,8371,8583,8370,8476
8478: 8479,8372,8585,8584,8371,8477
8479: 8372,8586,8373,8585,8478,8480
8480: 8374,8481,8587,8479,8586,8373
8481: 8482,8374,8588,8587,8375,8480
8482: 8376,8589,8588,8481,8375,8483
8483: 8484,8377,8590,8482,8376,8589
8484: 8485,8483,8377,8591,8590,8378
8485: 8484,8591,8378,8486,8592,8379
8486: 8487,8593,8380,8592,8379,8485
8487: 8486,8593,8380,8594,8381,8488
8488: 8487,8594,8381,8489,8382,8595
8489: 8490,8596,8383,8382,8595,8488
8490: 8489,8384,8596,8597,8383,8491
8491: 8492,8385,8598,8490,8384,8597
8492: 8493,8599,8386,8385,8598,8491
8493: 8600,8492,8599,8386,8387,8494
8494: 8601,8388,14310,8600,8493,8387
8495: 13765,8601,13388,14310,13389,8389
8496: 8602,8282,8390,13072,13765,13388
8497: 14814,14077,17851,16766,13876,12210
8498: 15915,17607,18289,11835,14832,12349
8499: 17437,13817,12475,12171,14246,13195
8500: 13179,8607,13195,8501,14138,14329
8501: 8500,8607,14329,14376,13725,8608
8502: 16432,8395,8396,15404,8609,8503
8503: 8397,8504,8502,8396,8609,8610
8504: 8397,8398,8503,8505,8610,8611
8505: 8398,8504,8399,8611,8612,8506
8506: 8400,8507,8505,8399,8612,8613
8507: 8401,8400,8506,8508,8613,8614
8508: 8401,8507,8614,8509,8402,8615
8509: 8403,8510,8402,8508,8616,8615
8510: 8404,8403,8509,8511,8616,8617
8511: 8404,8510,8617,8512,8405,8618
8512: 8406,8513,8405,8511,8618,8619
8513: 8407,8406,8512,8620,8619,8514
8514: 8515,8408,8407,8513,8620,8621
8515: 8514,8516,8409,8408,8622,8621
8516: 8409,8515,8410,8622,8623,8517
8517: 8518,8411,8516,8410,8623,8624
8518: 8517,8412,8411,8519,8624,8625
8519: 8412,8518,8625,8520,8413,8626
8520: 8413,8521,8414,8519,8626,8627
8521: 8520,8415,8414,8522,8628,8627
8522: 8521,8415,8628,8523,8416,8629
8523: 8416,8524,8417,8522,8630,8629
8524: 8523,8418,8417,8630,8631,8525
8525: 8419,8526,8524,8418,8631,8632
8526: 8420,8525,8527,8419,8633,8632
8527: 8420,8526,8421,8634,8633,8528
8528: 8529,8422,8527,8421,8634,8635
8529: 8423,8528,8422,8530,8636,8635
8530: 8423,8529,8424,8636,8637,8531
8531: 8532,8425,8530,8424,8637,8638
8532: 8426,8531,8533,8425,8639,8638
8533: 8426,8532,8639,8534,8427,8640
8534: 8427,8535,8428,8533,8640,8641
8535: 8534,8429,8428,8536,8642,8641
8536: 8535,8429,8642,8537,8430,8643
8537: 8430,8538,8431,8536,8643,8644
8538: 8432,8537,8431,8645,8644,8539
8539: 8540,8433,8432,8538,8645,8646
8540: 8539,8433,8541,8434,8646,8647
8541: 8540,8435,8434,8647,8648,8542
8542: 8543,8436,8541,8435,8648,8649
8543: 8542,8544,8437,8436,8649,8650
8544: 8543,8437,8650,8545,8438,8651
8545: 8546,8438,8439,8544,8651,8652
8546: 8545,8440,8439,8547,8652,8653
8547: 8546,8440,8653,8548,8441,8654
8548: 8549,8441,8442,8547,8655,8654
8549: 8548,8443,8442,8550,8656,8655
8550: 8549,8443,8656,8551,8444,8657
8551: 8552,8444,8445,8550,8658,8657
8552: 8551,8446,8445,8658,8659,8553
8553: 8447,8554,8552,8446,8659,8660
8554: 8447,8555,8448,8553,8661,8660
8555: 8554,8449,8448,8662,8661,8556
8556: 8557,8450,8555,8449,8662,8663
8557: 8556,8558,8450,8451,8663,8664
8558: 8557,8451,8664,8559,8452,8665
8559: 8560,8453,8452,8558,8666,8665
8560: 8454,8561,8559,8453,8666,8667
8561: 8454,8560,8667,8562,8455,8668
8562: 8456,8563,8455,8561,8669,8668
8563: 8456,8564,8562,8457,8670,8669
8564: 8563,8457,8670,8458,8565,8671
8565: 8459,8566,8458,8564,8671,8672
8566: 8459,8565,8460,8673,8672,8567
8567: 8461,8568,8566,8460,8673,8674
8568: 8462,8569,8461,8567,8674,8675
8569: 8462,8568,8463,8676,8675,8570
8570: 8464,8571,8569,8463,8676,8677
8571: 8465,8572,8464,8570,8677,8678
8572: 8465,8571,8678,8573,8466,8679
8573: 8574,8467,8466,8572,8679,8680
8574: 8575,8467,8468,8573,8680,8681
8575: 8574,8468,8681,8469,8576,8682
8576: 8469,8577,8470,8575,8683,8682
8577: 8576,8470,8471,8683,8684,8578
8578: 8472,8579,8577,8471,8684,8685
8579: 8473,8580,8472,8578,8686,8685
8580: 8473,8579,8474,8686,8687,8581
8581: 8475,8582,8580,8474,8687,8688
8582: 8475,8583,8476,8581,8689,8688
8583: 8582,8476,8689,8584,8477,8690
8584: 8585,8478,8477,8583,8691,8690
8585: 8479,8586,8478,8584,8691,8692
8586: 8479,8585,8692,8587,8480,8693
8587: 8588,8481,8480,8586,8694,8693
8588: 8482,8589,8481,8587,8694,8695
8589: 8482,8588,8695,8483,8590,8696
8590: 8484,8483,8591,8589,8697,8696
8591: 8485,8484,8590,8697,8698,8592
8592: 8486,8593,8485,8591,8698,8699
8593: 8486,8487,8594,8592,8699,8700
8594: 8487,8593,8488,8701,8700,8595
8595: 8489,8596,8594,8488,8701,8702
8596: 8489,8490,8597,8595,8703,8702
8597: 8490,8596,8703,8598,8491,17299
8598: 8492,8599,8491,8597,17973,17299
8599: 8600,8493,8492,8598,17973,8706
8600: 8493,8599,8706,8601,8494,8707,18068
8601: 8495,14310,8494,13389,8600,8707
8602: 8496,8390,13388,12699,16700,8603
8603: 16700,14341,16322,13296,8602,8390
8604: 16316,14264,12492,15814,14814,16766,12119
8605: 15145,15722,13831,13455,13724
8606: 13179,12952,14246,12735,15758,15690
8607: 13179,8500,12735,8713,8501,13725
8608: 14916,15404,13725,8501,15696,14376,16432
8609: 15404,8715,8502,8503,15347,8610
8610: 15347,8716,8611,8609,8503,8504
8611: 8716,8717,8610,8612,8504,8505
8612: 8717,8611,8505,8506,8718,8613
8613: 8718,8719,8614,8612,8507,8506
8614: 8720,8719,8613,8507,8508,8615
8615: 8721,8616,8508,8720,8614,8509
8616: 8721,8722,8617,8615,8510,8509
8617: 8616,8722,8723,8510,8511,8618
8618: 8724,8619,8511,8617,8723,8512
8619: 8724,8618,8725,8620,8513,8512
8620: 8725,8619,8513,8514,8726,8621
8621: 8727,8622,8726,8620,8514,8515
8622: 8727,8621,8728,8623,8516,8515
8623: 8622,8728,8516,8517,8624,8729
8624: 8730,8729,8625,8623,8517,8518
8625: 8730,8624,8731,8518,8519,8626
8626: 8732,8627,8519,8731,8625,8520
8627: 8733,8732,8628,8626,8520,8521
8628: 8733,8734,8627,8521,8522,8629
8629: 8630,8735,8522,8734,8628,8523
8630: 8736,8735,8631,8629,8523,8524
8631: 8630,8736,8524,8525,8737,8632
8632: 8738,8737,8633,8631,8525,8526
8633: 8738,8739,8634,8632,8527,8526
8634: 8739,8633,8527,8528,8740,8635
8635: 8636,8740,8741,8634,8528,8529
8636: 8635,8742,8741,8637,8529,8530
8637: 8636,8742,8530,8531,8743,8638
8638: 8743,8639,8744,8637,8531,8532
8639: 8745,8638,8744,8532,8533,8640
8640: 8746,8641,8533,8745,8639,8534
8641: 8746,8642,8747,8640,8534,8535
8642: 8748,8747,8641,8535,8536,8643
8643: 8749,8644,8536,8748,8642,8537
8644: 8749,8645,8643,8750,8537,8538
8645: 8750,8644,8538,8539,8751,8646
8646: 8751,8647,8752,8645,8539,8540
8647: 8646,8648,8753,8752,8540,8541
8648: 8647,8753,8541,8542,8754,8649
8649: 8754,8755,8650,8648,8542,8543
8650: 8755,8649,8756,8543,8544,8651
8651: 8652,8757,8544,8650,8756,8545
8652: 8651,8653,8758,8757,8545,8546
8653: 8652,8759,8758,8546,8547,8654
8654: 8655,8760,8547,8653,8759,8548
8655: 8656,8654,8761,8760,8548,8549
8656: 8655,8762,8761,8549,8550,8657
8657: 8658,8763,8550,8656,8762,8551
8658: 8657,8764,8763,8659,8551,8552
8659: 8658,8764,8552,8553,8660,8765
8660: 8661,8766,8765,8659,8554,8553
8661: 8662,8660,8767,8766,8554,8555
8662: 8661,8767,8555,8556,8663,8768
8663: 8769,8768,8664,8662,8556,8557
8664: 8663,8769,8770,8557,8558,8665
8665: 8771,8666,8558,8664,8770,8559
8666: 8771,8665,8772,8667,8560,8559
8667: 8666,8773,8772,8560,8561,8668
8668: 8774,8669,8561,8773,8667,8562
8669: 8774,8670,8668,8775,8563,8562
8670: 8669,8776,8775,8563,8564,8671
8671: 8777,8672,8564,8670,8776,8565
8672: 8778,8673,8671,8777,8566,8565
8673: 8778,8672,8566,8567,8674,8779
8674: 8779,8780,8675,8673,8568,8567
8675: 8781,8674,8780,8676,8569,8568
8676: 8781,8675,8569,8570,8677,8782
8677: 8782,8678,8783,8676,8570,8571
8678: 8677,8784,8783,8572,8571,8679
8679: 8785,8680,8572,8678,8784,8573
8680: 8785,8679,8786,8681,8574,8573
8681: 8787,8786,8680,8574,8575,8682
8682: 8788,8683,8575,8787,8681,8576
8683: 8788,8682,8789,8684,8576,8577
8684: 8683,8789,8577,8578,8685,8790
8685: 8791,8686,8790,8684,8579,8578
8686: 8791,8687,8685,8792,8580,8579
8687: 8686,8792,8580,8581,8688,8793
8688: 8689,8793,8794,8687,8582,8581
8689: 8688,8795,8794,8583,8582,8690
8690: 8691,8796,8583,8689,8795,8584
8691: 8797,8692,8796,8690,8585,8584
8692: 8691,8797,8798,8586,8585,8693
8693: 8694,8799,8586,8692,8798,8587
8694: 8800,8693,8799,8695,8588,8587
8695: 8694,8800,8589,8588,8696,8801
8696: 8802,8697,8801,8589,8695,8590
8697: 8802,8803,8696,8698,8591,8590
8698: 8697,8803,8591,8592,8699,8804
8699: 8805,8804,8700,8698,8593,8592
8700: 8805,8701,8806,8699,8593,8594
8701: 8806,8700,8594,8595,8807,8702
8702: 8808,8807,8703,8701,8596,8595
8703: 8808,8809,8702,8596,8597,17299
8704: 8705,17973,17401,8810,17299,8809
8705: 8811,17973,8706,8810,8704
8706: 8811,8705,17973,8600,8599,18068
8707: 17306,18068,8600,8601,13389
8708: 13954,17306,12909,14251,13389
8709: 12921,14250,14925,8814,12689,16322
8710: 17982,17236,14888,14781,17355,16674
8711: 15103,13778,15762,18131,18149,16524
8712: 13449,8921,12984,12735,15758
8713: 12984,12735,8607,14060,13725
8714: 14916,8819,14060,8818,15849,8715
8715: 8714,14916,8819,15404,8609,15347
8716: 8821,15347,8717,8610,8820,8611
8717: 8821,8716,8611,8822,8612,8718
8718: 8719,8823,8613,8717,8822,8612
8719: 8718,8720,8824,8823,8613,8614
8720: 8719,8824,8614,8721,8825,8615
8721: 8616,8722,8825,8826,8615,8720
8722: 8721,8616,8826,8617,8827,8723
8723: 8722,8617,8827,8724,8618,8828
8724: 8618,8725,8828,8829,8619,8723
8725: 8724,8829,8620,8830,8619,8726
8726: 8727,8831,8621,8725,8620,8830
8727: 8831,8622,8726,8832,8621,8728
8728: 8727,8622,8832,8833,8623,8729
8729: 8730,8834,8624,8728,8833,8623
8730: 8834,8624,8729,8835,8731,8625
8731: 8730,8835,8625,8836,8732,8626
8732: 8733,8837,8836,8626,8627,8731
8733: 8837,8732,8838,8734,8628,8627
8734: 8733,8838,8628,8839,8735,8629
8735: 8630,8736,8839,8629,8840,8734
8736: 8630,8735,8631,8840,8841,8737
8737: 8738,8842,8632,8736,8631,8841
8738: 8739,8842,8843,8737,8633,8632
8739: 8738,8843,8634,8844,8633,8740
8740: 8845,8635,8741,8739,8634,8844
8741: 8846,8636,8845,8740,8635,8742
8742: 8846,8636,8741,8847,8637,8743
8743: 8848,8638,8744,8742,8847,8637
8744: 8743,8745,8848,8849,8639,8638
8745: 8849,8639,8744,8746,8850,8640
8746: 8850,8851,8747,8640,8641,8745
8747: 8746,8851,8852,8748,8642,8641
8748: 8852,8642,8747,8749,8853,8643
8749: 8853,8854,8643,8750,8644,8748
8750: 8749,8854,8645,8855,8644,8751
8751: 8856,8646,8752,8645,8855,8750
8752: 8751,8856,8857,8646,8647,8753
8753: 8857,8647,8648,8752,8858,8754
8754: 8859,8755,8649,8648,8753,8858
8755: 8754,8859,8860,8649,8650,8756
8756: 8860,8755,8650,8861,8651,8757
8757: 8861,8862,8651,8652,8758,8756
8758: 8862,8863,8652,8653,8759,8757
8759: 8863,8653,8758,8864,8654,8760
8760: 8864,8865,8655,8654,8761,8759
8761: 8865,8866,8656,8655,8762,8760
8762: 8866,8656,8761,8867,8657,8763
8763: 8867,8868,8658,8657,8764,8762
8764: 8868,8869,8658,8763,8659,8765
8765: 8870,8660,8766,8869,8764,8659
8766: 8870,8871,8661,8660,8767,8765
8767: 8871,8872,8662,8661,8766,8768
8768: 8873,8663,8769,8872,8662,8767
8769: 8873,8874,8663,8768,8664,8770
8770: 8874,8769,8664,8771,8875,8665
8771: 8876,8666,8875,8665,8772,8770
8772: 8876,8877,8771,8666,8773,8667
8773: 8877,8772,8667,8774,8668,8878
8774: 8879,8669,8668,8775,8878,8773
8775: 8879,8880,8774,8670,8669,8776
8776: 8880,8670,8775,8881,8671,8777
8777: 8882,8778,8881,8671,8672,8776
8778: 8882,8883,8673,8777,8672,8779
8779: 8674,8780,8884,8883,8778,8673
8780: 8885,8781,8674,8779,8884,8675
8781: 8885,8886,8780,8676,8675,8782
8782: 8677,8887,8783,8886,8781,8676
8783: 8888,8677,8887,8782,8678,8784
8784: 8888,8678,8783,8785,8889,8679
8785: 8890,8889,8679,8786,8680,8784
8786: 8891,8785,8890,8787,8680,8681
8787: 8891,8786,8681,8788,8892,8682
8788: 8892,8683,8682,8789,8893,8787
8789: 8894,8788,8683,8893,8684,8790
8790: 8791,8685,8895,8894,8789,8684
8791: 8686,8685,8792,8896,8895,8790
8792: 8897,8791,8686,8687,8896,8793
8793: 8688,8898,8794,8897,8687,8792
8794: 8689,8899,8688,8793,8898,8795
8795: 8689,8899,8794,8796,8900,8690
8796: 8691,8797,8901,8900,8690,8795
8797: 8691,8902,8692,8901,8798,8796
8798: 8902,8797,8692,8693,8799,8903
8799: 8694,8800,8693,8904,8903,8798
8800: 8694,8905,8904,8799,8695,8801
8801: 8802,8696,8906,8905,8800,8695
8802: 8697,8803,8696,8907,8906,8801
8803: 8802,8697,8907,8908,8698,8804
8804: 8805,8699,8909,8803,8908,8698
8805: 8806,8699,8910,8804,8700,8909
8806: 8805,8701,8910,8700,8807,8911
8807: 8808,8912,8702,8911,8701,8806
8808: 8807,8809,8912,8913,8703,8702
8809: 8808,8913,8703,17401,8704,17299
8810: 8811,8705,17401,8915,16727,8704
8811: 8705,8915,8706,8810,14958,8812,18068
8812: 8917,17306,14251,18068,8811,14958
8813: 8917,12909,12993,14251,13186,14386
8814: 12921,8709,14925,15365,8918
8815: 15430,13063,16051,18381,15504,13429
8816: 16604,15562,12199,16663,18478
8817: 13154,8921,11977,12114,8920,12952,15758
8818: 8714,14060,15849,12984,14129,8922
8819: 8714,15849,8715,15347,8820,8924
8820: 8821,15347,8716,8924,8819,16913
8821: 8716,8717,8820,8822,16913,18390
8822: 8821,8717,18390,8718,8823,8926
8823: 8718,8719,8824,8822,8927,8926
8824: 8720,8719,8823,8928,8927,8825
8825: 8721,8826,8720,8824,8928,8929
8826: 8721,8722,8825,8827,8930,8929
8827: 8722,8826,8723,8931,8930,8828
8828: 8724,8829,8827,8723,8931,8932
8829: 8724,8725,8828,8830,8932,8933
8830: 8725,8829,8933,8831,8726,8934
8831: 8727,8726,8832,8830,8934,8935
8832: 8727,8831,8728,8833,8935,8936
8833: 8832,8728,8936,8834,8729,8937
8834: 8730,8729,8835,8833,8938,8937
8835: 8730,8834,8731,8938,8939,8836
8836: 8837,8732,8835,8731,8939,8940
8837: 8733,8836,8732,8838,8940,8941
8838: 8733,8837,8734,8941,8942,8839
8839: 8735,8840,8838,8734,8942,8943
8840: 8736,8839,8735,8841,8943,8944
8841: 8736,8840,8944,8842,8737,8945
8842: 8738,8843,8737,8841,8945,8946
8843: 8738,8739,8842,8844,8946,8947
8844: 8739,8843,8947,8845,8740,8948
8845: 8846,8740,8741,8844,8948,8949
8846: 8845,8742,8741,8847,8949,8950
8847: 8846,8742,8950,8743,8848,8951
8848: 8743,8849,8744,8847,8952,8951
8849: 8745,8848,8744,8952,8953,8850
8850: 8746,8851,8745,8849,8953,8954
8851: 8746,8850,8852,8747,8954,8955
8852: 8851,8748,8747,8955,8956,8853
8853: 8749,8854,8852,8748,8956,8957
8854: 8749,8853,8855,8750,8958,8957
8855: 8854,8750,8958,8751,8856,8959
8856: 8751,8857,8752,8855,8960,8959
8857: 8856,8753,8752,8858,8961,8960
8858: 8857,8753,8961,8754,8859,8962
8859: 8754,8860,8755,8858,8963,8962
8860: 8859,8755,8756,8964,8963,8861
8861: 8862,8757,8860,8756,8964,8965
8862: 8861,8863,8758,8757,8966,8965
8863: 8862,8759,8758,8967,8966,8864
8864: 8865,8760,8863,8759,8967,8968
8865: 8864,8866,8761,8760,8969,8968
8866: 8865,8762,8761,8970,8969,8867
8867: 8868,8763,8866,8762,8970,8971
8868: 8867,8869,8764,8763,8972,8971
8869: 8868,8764,8972,8870,8765,8973
8870: 8871,8766,8765,8869,8974,8973
8871: 8870,8872,8767,8766,8975,8974
8872: 8871,8767,8975,8873,8768,8976
8873: 8874,8769,8768,8872,8977,8976
8874: 8873,8769,8770,8978,8977,8875
8875: 8876,8771,8874,8770,8978,8979
8876: 8877,8771,8875,8772,8980,8979
8877: 8876,8773,8772,8981,8980,8878
8878: 8879,8774,8877,8773,8981,8982
8879: 8880,8774,8775,8878,8983,8982
8880: 8879,8776,8775,8984,8983,8881
8881: 8882,8777,8880,8776,8984,8985
8882: 8883,8778,8881,8777,8986,8985
8883: 8882,8778,8986,8779,8884,8987
8884: 8885,8779,8780,8883,8988,8987
8885: 8886,8781,8780,8884,8989,8988
8886: 8885,8781,8989,8887,8782,8990
8887: 8888,8782,8783,8886,8991,8990
8888: 8887,8784,8783,8992,8991,8889
8889: 8785,8890,8888,8784,8992,8993
8890: 8891,8785,8889,8786,8994,8993
8891: 8890,8787,8786,8995,8994,8892
8892: 8788,8893,8891,8787,8995,8996
8893: 8894,8788,8892,8789,8996,8997
8894: 8789,8893,8997,8895,8790,8998
8895: 8791,8896,8790,8894,8999,8998
8896: 8897,8791,8792,8895,9000,8999
8897: 8792,8896,9000,8793,8898,9001
8898: 8899,8793,8794,8897,9001,9002
8899: 8898,8795,8794,9002,9003,8900
8900: 8901,8796,8899,8795,9003,9004
8901: 8902,8797,8796,8900,9005,9004
8902: 8797,8901,8798,9006,9005,8903
8903: 8904,8799,8902,8798,9006,9007
8904: 8905,8800,8799,8903,9007,9008
8905: 8800,8904,9008,8906,8801,9009
8906: 8802,8907,8801,8905,9010,9009
8907: 8802,8803,8908,8906,9011,9010
8908: 8803,8907,9011,8804,8909,9012
8909: 8805,8910,8804,8908,9012,9013
8910: 8805,8806,8909,9014,9013,8911
8911: 8807,8912,8806,8910,9014,9015
8912: 8808,8807,8913,8911,9015,9016
8913: 8808,8809,8912,8914,9016,17401
8914: 8913,9016,9017,17401,16727,9018,16201
8915: 8811,16727,8810,14958,15577
8916: 8917,14958,9019,15577,14386
8917: 8812,8813,14251,8916,14958,14386
8918: 15365,16634,16529,17053,8814
8919: 15365,12149,15240,16511,16634,15239
8920: 13122,12114,8817,13154,15578
8921: 8817,13449,13154,9023,8712,15758
8922: 8923,9025,14129,14147,8818,15849
8923: 8922,14147,16903,15849,8924,9026
8924: 8820,8819,15849,8923,16913,9026
8925: 9027,9129,9028,18390
8926: 9029,8927,8822,9028,18390,8823
8927: 8928,9029,9030,8926,8824,8823
8928: 8927,9030,8824,8825,9031,8929
8929: 9031,9032,8930,8928,8825,8826
8930: 9032,8931,9033,8929,8826,8827
8931: 9033,8930,8827,8828,9034,8932
8932: 9034,9035,8933,8931,8828,8829
8933: 9036,9035,8932,8829,8830,8934
8934: 9037,8935,8830,9036,8933,8831
8935: 9037,9038,8934,8936,8831,8832
8936: 9038,8935,9039,8832,8833,8937
8937: 9040,8938,8833,8936,9039,8834
8938: 9041,9040,8939,8937,8834,8835
8939: 9041,8938,8835,8836,9042,8940
8940: 9043,9042,8941,8939,8837,8836
8941: 9044,9043,8940,8942,8837,8838
8942: 9044,8941,8838,8839,9045,8943
8943: 9046,9045,8944,8942,8839,8840
8944: 9046,9047,8943,8840,8841,8945
8945: 9048,8946,8841,9047,8944,8842
8946: 9049,9048,8945,8947,8842,8843
8947: 9049,9050,8946,8843,8844,8948
8948: 9051,8949,8844,9050,8947,8845
8949: 9052,9051,8948,8950,8846,8845
8950: 9052,8949,9053,8846,8847,8951
8951: 8952,9054,8847,8950,9053,8848
8952: 8953,9055,9054,8951,8848,8849
8953: 8952,9055,8849,8850,9056,8954
8954: 9056,9057,8955,8953,8850,8851
8955: 9058,9057,8954,8956,8851,8852
8956: 9058,8955,8852,8853,9059,8957
8957: 9060,9059,8958,8956,8853,8854
8958: 9060,9061,8957,8854,8855,8959
8959: 9062,8960,8855,9061,8958,8856
8960: 9063,9062,8961,8959,8856,8857
8961: 9063,9064,8960,8857,8858,8962
8962: 9065,8963,8858,9064,8961,8859
8963: 9066,9065,8964,8962,8859,8860
8964: 9066,8963,8860,8861,9067,8965
8965: 9068,9067,8966,8964,8861,8862
8966: 9069,9068,8967,8965,8862,8863
8967: 9069,8966,8863,8864,9070,8968
8968: 9071,9070,8969,8967,8864,8865
8969: 9072,9071,8970,8968,8865,8866
8970: 9072,8969,8866,8867,9073,8971
8971: 9073,9074,8972,8970,8867,8868
8972: 9074,9075,8971,8868,8869,8973
8973: 9076,8974,8869,9075,8972,8870
8974: 9077,9076,8975,8973,8870,8871
8975: 9077,9078,8974,8871,8872,8976
8976: 9079,8977,8872,9078,8975,8873
8977: 9080,9079,8978,8976,8873,8874
8978: 9080,8977,8874,8875,9081,8979
8979: 9082,9081,8980,8978,8876,8875
8980: 9083,9082,8981,8979,8876,8877
8981: 9083,8980,8877,8878,9084,8982
8982: 9085,9084,8983,8981,8879,8878
8983: 9085,9086,8984,8982,8879,8880
8984: 9086,8983,8880,8881,9087,8985
8985: 9088,9087,8986,8984,8882,8881
8986: 9088,9089,8985,8882,8883,8987
8987: 9090,8988,8883,9089,8986,8884
8988: 9091,9090,8989,8987,8885,8884
8989: 9092,9091,8988,8885,8886,8990
8990: 9093,8991,8886,9092,8989,8887
8991: 9093,9094,8992,8990,8888,8887
8992: 9094,8991,8888,8889,9095,8993
8993: 9096,9095,8994,8992,8890,8889
8994: 9096,9097,8995,8993,8891,8890
8995: 9097,8994,8891,8892,8996,9098
8996: 9099,9098,8997,8995,8892,8893
8997: 9100,9099,8996,8894,8893,8998
8998: 9101,8999,8894,9100,8997,8895
8999: 9102,9101,9000,8998,8896,8895
9000: 9103,9102,8999,8897,8896,9001
9001: 9104,9002,8897,9103,9000,8898
9002: 9001,9105,9104,9003,8899,8898
9003: 9105,9002,8899,8900,9004,9106
9004: 9107,9005,9106,9003,8901,8900
9005: 9108,9107,9006,9004,8902,8901
9006: 9108,9005,8902,8903,9007,9109
9007: 9110,9109,9008,9006,8904,8903
9008: 9111,9007,9110,8905,8904,9009
9009: 9112,9010,8905,9111,9008,8906
9010: 9112,9113,9011,9009,8907,8906
9011: 9114,9113,9010,8907,8908,9012
9012: 9115,9013,8908,9114,9011,8909
9013: 9115,9116,9012,9014,8910,8909
9014: 9116,9013,8910,8911,9117,9015
9015: 9118,9117,9016,9014,8912,8911
9016: 9118,9119,9015,9017,8912,8913,8914
9017: 9119,16566,9016,8914,16201
9018: 15768,9120,16201,15577,8914,16727
9019: 9121,15768,15577,8916,9020,14454,14386
9020: 9122,13203,13186,14454,14386,9019
9021: 12149,16634,16529,9123,13351,12209
9022: 13527,14853,17095,17278,13218,18524
9023: 13449,9024,13154,8921,13502
9024: 13535,13154,9023,13502,12272,13850,13432
9025: 13432,14129,8922,14147,13882,13449,13502
9026: 16913,16817,9027,8923,16903,8924
9027: 16913,9026,16817,9129,8925
9028: 9129,8925,17773,18390,9130,9029,8926
9029: 9130,9131,8927,9030,8926,9028
9030: 8928,9131,9132,9029,8927,9031
9031: 9133,9032,8929,8928,9132,9030
9032: 9133,9134,9031,9033,8930,8929
9033: 9135,9134,9032,8931,8930,9034
9034: 9136,9035,8932,9135,8931,9033
9035: 9034,9136,9137,9036,8932,8933
9036: 9137,9035,8933,9037,9138,8934
9037: 9139,9038,9138,8934,8935,9036
9038: 9139,9037,9140,8935,8936,9039
9039: 9140,9038,8936,9040,9141,8937
9040: 9041,8938,9142,9141,8937,9039
9041: 9040,8938,8939,9142,9143,9042
9042: 9043,9144,8940,9041,8939,9143
9043: 9044,9042,9145,9144,8940,8941
9044: 9043,9145,9146,8941,8942,9045
9045: 9046,9147,8943,9044,9146,8942
9046: 9045,9148,9047,9147,8943,8944
9047: 9046,9148,8944,9048,9149,8945
9048: 9049,9149,9150,8945,8946,9047
9049: 9048,9151,9150,9050,8946,8947
9050: 9049,9151,8947,9152,9051,8948
9051: 9052,9152,9153,8948,8949,9050
9052: 9154,9051,9153,8949,8950,9053
9053: 9154,9052,8950,9054,9155,8951
9054: 8952,9055,9156,9155,8951,9053
9055: 8952,8953,9054,9156,9157,9056
9056: 9057,9158,8954,8953,9055,9157
9057: 9056,9058,9159,9158,8954,8955
9058: 9057,9159,9160,8955,8956,9059
9059: 9060,9161,8957,9058,9160,8956
9060: 9061,9059,9162,9161,8958,8957
9061: 9060,9162,8958,9062,9163,8959
9062: 9063,9164,9163,8960,8959,9061
9063: 9062,9164,9165,9064,8961,8960
9064: 9063,9165,8961,9065,9166,8962
9065: 9167,9066,9166,8963,8962,9064
9066: 9167,9065,9168,8964,8963,9067
9067: 9068,9169,8965,9066,9168,8964
9068: 9069,9169,9170,9067,8966,8965
9069: 9068,9171,9170,8967,8966,9070
9070: 9071,9172,8968,9069,9171,8967
9071: 9072,9172,9173,9070,8969,8968
9072: 9071,9174,9173,8970,8969,9073
9073: 9074,9175,8971,9072,9174,8970
9074: 9073,9176,9175,9075,8972,8971
9075: 9074,9176,8972,9177,9076,8973
9076: 9177,9077,9178,8974,8973,9075
9077: 9076,9179,9178,9078,8975,8974
9078: 9077,9179,8975,9180,9079,8976
9079: 9181,9180,9080,8977,8976,9078
9080: 9181,9079,9182,8978,8977,9081
9081: 9183,9082,8979,9080,9182,8978
9082: 9184,9183,9083,9081,8980,8979
9083: 9184,9082,9185,8981,8980,9084
9084: 9085,9186,8982,9083,9185,8981
9085: 9186,9187,9086,9084,8983,8982
9086: 9085,9187,9188,8984,8983,9087
9087: 9088,9189,8985,9086,9188,8984
9088: 9189,9087,9089,9190,8986,8985
9089: 9088,9190,8986,9090,9191,8987
9090: 9192,9091,9191,8988,8987,9089
9091: 9092,9192,9090,9193,8989,8988
9092: 9091,9193,8989,9194,9093,8990
9093: 9194,9195,9094,8991,8990,9092
9094: 9195,9196,9093,8992,8991,9095
9095: 9197,9096,8993,9196,9094,8992
9096: 9198,9197,9097,9095,8994,8993
9097: 9199,9198,9096,8995,8994,9098
9098: 9099,9200,8996,9199,9097,8995
9099: 9100,9201,9200,8996,9098,8997
9100: 9099,9201,8997,9101,9202,8998
9101: 9203,9102,8999,9202,8998,9100
9102: 9103,9203,9204,9101,9000,8999
9103: 9204,9102,9000,9001,9104,9205
9104: 9001,9105,9002,9206,9205,9103
9105: 9104,9207,9002,9206,9003,9106
9106: 9208,9107,9004,9105,9207,9003
9107: 9208,9108,9209,9005,9004,9106
9108: 9209,9210,9107,9006,9005,9109
9109: 9211,9007,9110,9108,9210,9006
9110: 9211,9111,9212,9007,9109,9008
9111: 9212,9110,9008,9112,9213,9009
9112: 9214,9113,9010,9213,9009,9111
9113: 9214,9215,9114,9112,9011,9010
9114: 9215,9113,9011,9115,9012,9216
9115: 9217,9116,9012,9216,9013,9114
9116: 9217,9218,9115,9014,9013,9117
9117: 9118,9219,9015,9218,9116,9014
9118: 16974,9119,9117,9219,9015,9016
9119: 9220,16974,9118,16566,9016,9017
9120: 9121,15768,9018,9222,9221,16201,16566
9121: 15768,9223,9120,9019,9222,14454
9122: 13203,14181,9123,9020,14216,14454
9123: 16529,9122,13203,14181,13679,9021,12209
9124: 15461,17258,16680,16517,12877,16890
9125: 9326,12272,17155,13850,9226,16415
9126: 9226,9227,14086,13850,13432,13882
9127: 14147,13882,16903,9228,14086,9128
9128: 16817,16554,9127,16903,9228,14292
9129: 16817,9027,9230,8925,9028,16554,17773
9130: 9131,9029,9231,9028,17773,17290
9131: 9130,9132,9029,9030,9231,9232
9132: 9131,9030,9232,9133,9031,9233
9133: 9134,9031,9032,9132,9233,9234
9134: 9135,9133,9032,9033,9234,9235
9135: 9134,9033,9235,9034,9136,9236
9136: 9034,9137,9035,9135,9236,9237
9137: 9136,9036,9035,9238,9237,9138
9138: 9139,9037,9239,9137,9036,9238
9139: 9037,9140,9240,9038,9239,9138
9140: 9139,9240,9038,9241,9039,9141
9141: 9040,9242,9142,9140,9241,9039
9142: 9041,9040,9242,9141,9243,9143
9143: 9041,9142,9243,9244,9042,9144
9144: 9043,9244,9245,9042,9145,9143
9145: 9044,9043,9245,9144,9246,9146
9146: 9044,9145,9246,9045,9247,9147
9147: 9046,9045,9247,9248,9148,9146
9148: 9046,9248,9047,9147,9249,9149
9149: 9048,9250,9150,9148,9047,9249
9150: 9049,9048,9250,9251,9151,9149
9151: 9049,9251,9150,9252,9050,9152
9152: 9253,9051,9153,9151,9252,9050
9153: 9254,9154,9253,9052,9152,9051
9154: 9254,9052,9153,9255,9053,9155
9155: 9256,9054,9156,9154,9255,9053
9156: 9256,9055,9054,9257,9155,9157
9157: 9055,9257,9156,9056,9258,9158
9158: 9056,9258,9259,9057,9159,9157
9159: 9259,9058,9057,9260,9158,9160
9160: 9058,9260,9159,9261,9059,9161
9161: 9060,9261,9262,9059,9162,9160
9162: 9060,9262,9061,9263,9161,9163
9163: 9264,9062,9164,9061,9263,9162
9164: 9063,9264,9265,9062,9163,9165
9165: 9063,9265,9164,9266,9064,9166
9166: 9167,9267,9065,9165,9266,9064
9167: 9267,9268,9066,9065,9166,9168
9168: 9167,9268,9066,9269,9169,9067
9169: 9269,9270,9068,9170,9067,9168
9170: 9270,9271,9069,9068,9169,9171
9171: 9271,9069,9170,9272,9172,9070
9172: 9272,9273,9071,9173,9070,9171
9173: 9273,9274,9072,9071,9172,9174
9174: 9274,9072,9173,9275,9073,9175
9175: 9275,9276,9073,9074,9176,9174
9176: 9276,9277,9074,9175,9075,9177
9177: 9278,9076,9178,9277,9176,9075
9178: 9278,9279,9177,9077,9076,9179
9179: 9279,9280,9077,9178,9078,9180
9180: 9281,9181,9079,9280,9179,9078
9181: 9281,9282,9180,9080,9079,9182
9182: 9282,9181,9080,9183,9283,9081
9183: 9284,9184,9082,9283,9081,9182
9184: 9284,9285,9183,9083,9082,9185
9185: 9285,9184,9083,9186,9286,9084
9186: 9287,9085,9187,9286,9084,9185
9187: 9287,9288,9085,9186,9086,9188
9188: 9288,9187,9086,9189,9289,9087
9189: 9290,9088,9289,9087,9190,9188
9190: 9290,9291,9088,9189,9089,9191
9191: 9192,9090,9292,9291,9089,9190
9192: 9293,9091,9090,9292,9193,9191
9193: 9293,9294,9092,9192,9091,9194
9194: 9295,9195,9093,9294,9092,9193
9195: 9296,9194,9295,9196,9093,9094
9196: 9296,9195,9094,9197,9297,9095
9197: 9298,9198,9096,9297,9095,9196
9198: 9299,9298,9199,9197,9096,9097
9199: 9299,9198,9097,9200,9300,9098
9200: 9099,9201,9301,9300,9098,9199
9201: 9302,9100,9099,9200,9301,9202
9202: 9203,9101,9303,9302,9100,9201
9203: 9204,9102,9304,9101,9303,9202
9204: 9305,9103,9203,9102,9304,9205
9205: 9104,9206,9306,9305,9103,9204
9206: 9105,9104,9207,9307,9306,9205
9207: 9105,9307,9206,9208,9308,9106
9208: 9209,9107,9309,9308,9106,9207
9209: 9208,9108,9210,9107,9310,9309
9210: 9108,9209,9310,9211,9311,9109
9211: 9212,9110,9312,9311,9109,9210
9212: 9211,9111,9110,9312,9313,9213
9213: 9214,9112,9314,9111,9212,9313
9214: 9215,9112,9113,9315,9314,9213
9215: 9214,9114,9113,9315,9316,9216
9216: 9217,9115,9317,9215,9114,9316
9217: 9218,9318,9115,9116,9317,9216
9218: 9217,9318,9116,9319,9117,9219
9219: 16974,9118,9117,9320,9218,9319
9220: 16974,9119,16566,9321,17235,9221
9221: 9120,9222,9220,16566,9321,9322
9222: 9121,9223,9120,9221,9323,9322
9223: 9121,9222,9323,9324,14216,14454
9224: 9423,13737,13823,9324,14181,14216
9225: 16158,17206,17348,14931,13651,14906,18524
9226: 9227,16415,9126,9125,13850
9227: 9226,13157,16415,9327,13095,9126,14086
9228: 13095,14086,9127,9128,9328,14292
9229: 14111,9427,9329,14292,9230,16554
9230: 9129,16554,17773,9329,9229,17290
9231: 9130,9131,17290,9232,9330,9331
9232: 9331,9332,9131,9132,9231,9233
9233: 9333,9234,9132,9232,9332,9133
9234: 9333,9334,9233,9235,9133,9134
9235: 9334,9335,9234,9135,9134,9236
9236: 9336,9237,9135,9335,9235,9136
9237: 9337,9336,9236,9136,9137,9238
9238: 9137,9337,9237,9239,9138,9338
9239: 9139,9240,9138,9238,9339,9338
9240: 9139,9140,9239,9241,9340,9339
9241: 9140,9240,9340,9242,9141,9341
9242: 9142,9141,9243,9241,9341,9342
9243: 9242,9142,9143,9343,9342,9244
9244: 9245,9144,9243,9143,9343,9344
9245: 9244,9145,9144,9246,9344,9345
9246: 9245,9145,9146,9345,9346,9247
9247: 9248,9147,9246,9146,9346,9347
9248: 9247,9148,9147,9249,9347,9348
9249: 9248,9148,9348,9250,9149,9349
9250: 9251,9149,9150,9249,9349,9350
9251: 9250,9151,9150,9252,9351,9350
9252: 9251,9151,9351,9253,9152,9352
9253: 9254,9152,9153,9252,9353,9352
9254: 9154,9253,9153,9255,9353,9354
9255: 9254,9154,9354,9256,9155,9355
9256: 9257,9156,9155,9255,9355,9356
9257: 9256,9156,9157,9356,9357,9258
9258: 9259,9158,9257,9157,9357,9358
9259: 9258,9260,9159,9158,9359,9358
9260: 9259,9159,9160,9359,9360,9261
9261: 9262,9161,9260,9160,9360,9361
9262: 9261,9263,9162,9161,9362,9361
9263: 9262,9162,9362,9264,9163,9363
9264: 9265,9164,9163,9263,9363,9364
9265: 9264,9164,9165,9266,9365,9364
9266: 9265,9165,9365,9267,9166,9366
9267: 9167,9268,9166,9266,9367,9366
9268: 9167,9267,9168,9367,9368,9269
9269: 9270,9169,9268,9168,9368,9369
9270: 9269,9271,9169,9170,9369,9370
9271: 9270,9171,9170,9371,9370,9272
9272: 9273,9172,9271,9171,9371,9372
9273: 9272,9274,9172,9173,9372,9373
9274: 9273,9174,9173,9373,9374,9275
9275: 9276,9175,9274,9174,9374,9375
9276: 9275,9277,9176,9175,9376,9375
9277: 9276,9176,9376,9278,9177,9377
9278: 9279,9177,9178,9277,9378,9377
9279: 9278,9280,9179,9178,9379,9378
9280: 9279,9179,9379,9281,9180,9380
9281: 9282,9181,9180,9280,9381,9380
9282: 9281,9181,9182,9382,9381,9283
9283: 9284,9183,9282,9182,9382,9383
9284: 9285,9184,9183,9283,9384,9383
9285: 9284,9184,9185,9384,9385,9286
9286: 9287,9186,9285,9185,9385,9386
9287: 9288,9186,9187,9286,9386,9387
9288: 9287,9187,9188,9388,9387,9289
9289: 9290,9189,9288,9188,9388,9389
9290: 9291,9189,9289,9190,9390,9389
9291: 9290,9190,9390,9292,9191,9391
9292: 9293,9192,9191,9291,9392,9391
9293: 9294,9192,9292,9193,9392,9393
9294: 9293,9193,9393,9194,9295,9394
9295: 9296,9194,9195,9294,9394,9395
9296: 9295,9195,9196,9396,9395,9297
9297: 9298,9197,9296,9196,9396,9397
9298: 9299,9198,9197,9297,9398,9397
9299: 9298,9199,9198,9398,9399,9300
9300: 9200,9301,9299,9199,9399,9400
9301: 9302,9201,9200,9300,9400,9401
9302: 9201,9301,9401,9303,9202,9402
9303: 9203,9304,9202,9302,9403,9402
9304: 9305,9203,9204,9303,9404,9403
9305: 9204,9304,9404,9306,9205,9405
9306: 9307,9206,9205,9305,9405,9406
9307: 9207,9206,9306,9407,9406,9308
9308: 9208,9309,9207,9307,9407,9408
9309: 9208,9209,9310,9308,9408,9409
9310: 9209,9210,9309,9409,9410,9311
9311: 9211,9312,9210,9310,9410,9411
9312: 9211,9212,9313,9311,9412,9411
9313: 9212,9312,9412,9413,9314,9213
9314: 9214,9315,9213,9313,9413,9414
9315: 9214,9215,9316,9314,9414,9415
9316: 9215,9315,9415,9317,9216,9416
9317: 9217,9318,9216,9316,9417,9416
9318: 9217,9218,9319,9317,9418,9417
9319: 9218,9318,9418,9219,9320,9419
9320: 16974,9219,9319,9419,9420,17235
9321: 17453,17235,9220,9221,9322,9421
9322: 9323,9422,9421,9321,9222,9221
9323: 14559,9322,9422,9324,9223,9222
9324: 14559,9323,9223,14216,9224,9423
9325: 9424,13773,13737,13823,13965,12497
9326: 13800,9125,17155,13806,15813,16415
9327: 9227,13157,14982,13095,14990,9426
9328: 14182,14111,9426,14292,9228,13095
9329: 9427,9229,9428,17290,9230,9330
9330: 15568,9331,9329,9428,17290,9231
9331: 9232,15568,9330,9430,9332,9231
9332: 9232,9331,9430,9333,9431,9233
9333: 9432,9334,9431,9233,9234,9332
9334: 9333,9432,9433,9335,9234,9235
9335: 9433,9334,9235,9336,9434,9236
9336: 9435,9337,9434,9236,9237,9335
9337: 9435,9436,9336,9237,9238,9338
9338: 9339,9437,9238,9436,9337,9239
9339: 9340,9438,9338,9437,9240,9239
9340: 9339,9438,9439,9240,9241,9341
9341: 9342,9440,9241,9340,9439,9242
9342: 9441,9341,9343,9440,9242,9243
9343: 9441,9342,9243,9244,9442,9344
9344: 9442,9345,9443,9343,9244,9245
9345: 9344,9444,9443,9346,9245,9246
9346: 9345,9444,9246,9247,9347,9445
9347: 9348,9445,9446,9346,9247,9248
9348: 9447,9347,9446,9248,9249,9349
9349: 9448,9350,9249,9447,9348,9250
9350: 9349,9448,9351,9449,9250,9251
9351: 9350,9449,9450,9251,9252,9352
9352: 9353,9451,9252,9351,9450,9253
9353: 9451,9354,9452,9352,9254,9253
9354: 9353,9452,9453,9254,9255,9355
9355: 9454,9356,9255,9354,9453,9256
9356: 9455,9454,9355,9357,9256,9257
9357: 9455,9356,9257,9258,9456,9358
9358: 9456,9359,9457,9357,9258,9259
9359: 9458,9358,9457,9360,9259,9260
9360: 9458,9359,9260,9261,9459,9361
9361: 9459,9362,9460,9360,9261,9262
9362: 9461,9361,9460,9262,9263,9363
9363: 9462,9364,9263,9461,9362,9264
9364: 9462,9365,9463,9363,9264,9265
9365: 9464,9463,9364,9265,9266,9366
9366: 9367,9465,9266,9464,9365,9267
9367: 9368,9366,9466,9465,9267,9268
9368: 9367,9466,9268,9269,9467,9369
9369: 9467,9370,9468,9368,9269,9270
9370: 9371,9369,9469,9468,9270,9271
9371: 9370,9469,9271,9272,9470,9372
9372: 9470,9373,9471,9371,9272,9273
9373: 9372,9374,9472,9471,9273,9274
9374: 9373,9472,9274,9275,9375,9473
9375: 9376,9473,9474,9374,9275,9276
9376: 9475,9375,9474,9276,9277,9377
9377: 9476,9378,9277,9475,9376,9278
9378: 9476,9379,9377,9477,9278,9279
9379: 9378,9478,9477,9279,9280,9380
9380: 9381,9479,9280,9379,9478,9281
9381: 9382,9380,9479,9480,9281,9282
9382: 9381,9480,9282,9283,9383,9481
9383: 9384,9482,9481,9382,9284,9283
9384: 9385,9383,9482,9483,9284,9285
9385: 9384,9483,9285,9286,9386,9484
9386: 9485,9484,9387,9385,9287,9286
9387: 9485,9386,9486,9388,9287,9288
9388: 9486,9387,9288,9289,9487,9389
9389: 9487,9390,9488,9388,9290,9289
9390: 9489,9389,9488,9290,9291,9391
9391: 9392,9490,9291,9489,9390,9292
9392: 9490,9393,9491,9391,9293,9292
9393: 9492,9392,9491,9293,9294,9394
9394: 9493,9395,9294,9492,9393,9295
9395: 9493,9394,9494,9396,9296,9295
9396: 9494,9395,9296,9297,9397,9495
9397: 9496,9398,9495,9396,9298,9297
9398: 9496,9397,9497,9399,9299,9298
9399: 9398,9497,9299,9300,9498,9400
9400: 9499,9498,9401,9399,9301,9300
9401: 9499,9500,9400,9302,9301,9402
9402: 9501,9403,9302,9500,9401,9303
9403: 9502,9404,9501,9402,9304,9303
9404: 9502,9503,9403,9305,9304,9405
9405: 9504,9406,9305,9503,9404,9306
9406: 9505,9407,9405,9504,9307,9306
9407: 9505,9406,9307,9308,9408,9506
9408: 9409,9507,9506,9407,9309,9308
9409: 9408,9507,9410,9508,9310,9309
9410: 9409,9508,9310,9311,9411,9509
9411: 9510,9412,9509,9410,9312,9311
9412: 9510,9411,9511,9413,9312,9313
9413: 9412,9511,9313,9314,9512,9414
9414: 9513,9512,9415,9413,9315,9314
9415: 9514,9513,9414,9315,9316,9416
9416: 9417,9515,9316,9514,9415,9317
9417: 9516,9418,9515,9416,9318,9317
9418: 9516,9417,9517,9318,9319,9419
9419: 9518,9420,9319,9418,9517,9320
9420: 17453,9518,9419,17918,17235,9320
9421: 9520,9322,9422,17453,9519,9321
9422: 14559,9323,9520,9322,9521,9421,18377
9423: 9224,13823,13801,14559,16370,9324
9424: 9325,13965,9522,13644,12497
9425: 15496,13800,15434,13715,16012,17262
9426: 14182,9328,9524,14982,9327,13095
9427: 14182,14111,14404,9329,13835,9229,9428
9428: 9427,14404,9329,15568,9330,9526
9429: 15568,9526,9430,9528,15147,9527
9430: 9429,15568,9331,9528,9332,9431
9431: 9333,9432,9529,9430,9528,9332
9432: 9333,9529,9433,9530,9334,9431
9433: 9432,9530,9334,9335,9531,9434
9434: 9435,9532,9336,9433,9335,9531
9435: 9436,9337,9533,9532,9336,9434
9436: 9435,9337,9533,9534,9338,9437
9437: 9339,9438,9534,9535,9338,9436
9438: 9340,9339,9535,9437,9536,9439
9439: 9340,9438,9536,9341,9537,9440
9440: 9441,9341,9537,9538,9342,9439
9441: 9343,9538,9342,9440,9539,9442
9442: 9344,9540,9443,9441,9343,9539
9443: 9442,9344,9345,9540,9541,9444
9444: 9345,9541,9443,9542,9346,9445
9445: 9543,9347,9446,9444,9542,9346
9446: 9543,9447,9544,9347,9348,9445
9447: 9544,9348,9446,9545,9349,9448
9448: 9546,9545,9349,9350,9449,9447
9449: 9546,9448,9351,9350,9547,9450
9450: 9351,9449,9547,9548,9451,9352
9451: 9549,9548,9353,9452,9352,9450
9452: 9549,9353,9451,9354,9550,9453
9453: 9354,9550,9452,9551,9454,9355
9454: 9455,9551,9552,9355,9356,9453
9455: 9552,9454,9356,9357,9553,9456
9456: 9554,9358,9457,9455,9357,9553
9457: 9458,9554,9456,9555,9359,9358
9458: 9555,9359,9457,9556,9360,9459
9459: 9557,9361,9460,9458,9556,9360
9460: 9461,9557,9459,9558,9362,9361
9461: 9558,9362,9460,9559,9462,9363
9462: 9559,9560,9463,9363,9364,9461
9463: 9560,9462,9561,9464,9365,9364
9464: 9561,9365,9463,9562,9366,9465
9465: 9562,9563,9367,9366,9466,9464
9466: 9563,9367,9368,9564,9465,9467
9467: 9565,9369,9468,9368,9564,9466
9468: 9565,9566,9467,9369,9370,9469
9469: 9566,9371,9370,9468,9567,9470
9470: 9568,9372,9471,9371,9469,9567
9471: 9568,9569,9470,9372,9373,9472
9472: 9569,9373,9374,9471,9570,9473
9473: 9571,9375,9474,9374,9472,9570
9474: 9571,9572,9475,9376,9375,9473
9475: 9572,9376,9474,9476,9377,9573
9476: 9574,9378,9377,9477,9573,9475
9477: 9476,9574,9575,9379,9378,9478
9478: 9575,9379,9477,9576,9380,9479
9479: 9576,9577,9381,9380,9480,9478
9480: 9577,9578,9382,9381,9479,9481
9481: 9579,9383,9482,9578,9382,9480
9482: 9384,9580,9579,9383,9483,9481
9483: 9384,9580,9581,9385,9482,9484
9484: 9485,9386,9582,9581,9385,9483
9485: 9583,9386,9484,9582,9486,9387
9486: 9485,9583,9584,9388,9387,9487
9487: 9389,9585,9488,9584,9486,9388
9488: 9489,9586,9487,9390,9389,9585
9489: 9586,9390,9488,9490,9587,9391
9490: 9392,9491,9588,9587,9391,9489
9491: 9492,9589,9392,9490,9393,9588
9492: 9589,9393,9491,9493,9590,9394
9493: 9591,9590,9394,9494,9395,9492
9494: 9591,9592,9493,9396,9395,9495
9495: 9496,9397,9593,9592,9494,9396
9496: 9594,9398,9397,9497,9593,9495
9497: 9496,9595,9594,9398,9399,9498
9498: 9499,9400,9596,9595,9497,9399
9499: 9498,9597,9500,9400,9401,9596
9500: 9499,9597,9401,9501,9598,9402
9501: 9502,9599,9403,9598,9402,9500
9502: 9503,9404,9501,9599,9600,9403
9503: 9502,9404,9600,9405,9504,9601
9504: 9505,9405,9602,9406,9601,9503
9505: 9407,9504,9602,9603,9406,9506
9506: 9408,9507,9604,9505,9407,9603
9507: 9408,9409,9605,9508,9604,9506
9508: 9409,9507,9410,9605,9606,9509
9509: 9510,9411,9607,9410,9606,9508
9510: 9412,9411,9607,9608,9509,9511
9511: 9510,9412,9608,9609,9413,9512
9512: 9513,9414,9610,9511,9609,9413
9513: 9514,9512,9414,9611,9415,9610
9514: 9513,9611,9415,9612,9515,9416
9515: 9612,9516,9417,9613,9416,9514
9516: 9418,9417,9613,9515,9614,9517
9517: 9516,9418,9614,9518,9419,9615
9518: 9419,9420,9615,17918,18220,9517
9519: 17453,15658,9616,17918,9520,9421
9520: 9422,9421,18377,9519,15658
9521: 14559,9422,16370,18377,15017,9618
9522: 15580,9715,18067,13644,9424,13965
9523: 18360,18587,13719,17183,17184,18593
9524: 14182,9426,13835,14982,12907,9525
9525: 13807,13591,12907,9524,13835
9526: 9429,15568,14404,9428,14506,15147
9527: 15147,9624,15569,9429,9528
9528: 9429,9430,9527,9624,9529,9431,9625
9529: 9432,9530,9431,9528,9626,9625
9530: 9432,9529,9433,9531,9626,9627
9531: 9433,9530,9627,9532,9434,9628
9532: 9435,9533,9434,9531,9628,9629
9533: 9435,9436,9532,9629,9630,9534
9534: 9535,9437,9436,9533,9630,9631
9535: 9438,9534,9437,9536,9631,9632
9536: 9438,9535,9439,9632,9633,9537
9537: 9538,9440,9536,9439,9633,9634
9538: 9441,9537,9440,9539,9634,9635
9539: 9441,9538,9635,9442,9540,9636
9540: 9442,9541,9443,9539,9637,9636
9541: 9540,9444,9443,9542,9637,9638
9542: 9541,9444,9638,9543,9445,9639
9543: 9544,9445,9446,9542,9639,9640
9544: 9543,9447,9446,9641,9640,9545
9545: 9546,9448,9447,9544,9641,9642
9546: 9545,9448,9449,9547,9643,9642
9547: 9546,9449,9450,9643,9644,9548
9548: 9549,9451,9547,9450,9644,9645
9549: 9548,9451,9550,9452,9646,9645
9550: 9549,9452,9453,9646,9647,9551
9551: 9552,9454,9550,9453,9647,9648
9552: 9455,9551,9454,9553,9648,9649
9553: 9455,9552,9649,9554,9456,9650
9554: 9456,9555,9457,9553,9651,9650
9555: 9458,9554,9457,9556,9652,9651
9556: 9458,9555,9652,9557,9459,9653
9557: 9459,9558,9460,9556,9654,9653
9558: 9461,9557,9460,9655,9654,9559
9559: 9560,9462,9461,9558,9655,9656
9560: 9559,9462,9561,9463,9657,9656
9561: 9560,9464,9463,9657,9658,9562
9562: 9563,9465,9561,9464,9658,9659
9563: 9562,9564,9466,9465,9659,9660
9564: 9563,9466,9660,9565,9467,9661
9565: 9566,9467,9468,9564,9661,9662
9566: 9565,9469,9468,9567,9663,9662
9567: 9566,9469,9663,9568,9470,9664
9568: 9569,9470,9471,9567,9665,9664
9569: 9568,9472,9471,9570,9666,9665
9570: 9569,9472,9666,9571,9473,9667
9571: 9572,9473,9474,9570,9668,9667
9572: 9571,9475,9474,9668,9669,9573
9573: 9476,9574,9572,9475,9669,9670
9574: 9476,9575,9477,9573,9671,9670
9575: 9574,9478,9477,9672,9671,9576
9576: 9577,9479,9575,9478,9672,9673
9577: 9576,9578,9479,9480,9674,9673
9578: 9577,9480,9674,9579,9481,9675
9579: 9580,9482,9481,9578,9676,9675
9580: 9581,9579,9482,9483,9677,9676
9581: 9580,9483,9677,9484,9582,9678
9582: 9485,9583,9484,9581,9679,9678
9583: 9485,9584,9582,9486,9680,9679
9584: 9583,9486,9680,9487,9585,9681
9585: 9586,9487,9488,9584,9682,9681
9586: 9489,9585,9488,9683,9682,9587
9587: 9490,9588,9489,9586,9683,9684
9588: 9589,9490,9491,9587,9685,9684
9589: 9492,9491,9588,9685,9686,9590
9590: 9591,9493,9492,9589,9686,9687
9591: 9592,9493,9590,9494,9688,9687
9592: 9591,9494,9688,9593,9495,9689
9593: 9496,9594,9495,9592,9690,9689
9594: 9496,9595,9497,9593,9690,9691
9595: 9594,9497,9691,9498,9596,9692
9596: 9499,9498,9597,9595,9692,9693
9597: 9499,9500,9596,9694,9693,9598
9598: 9501,9599,9597,9500,9694,9695
9599: 9502,9501,9600,9598,9696,9695
9600: 9502,9503,9599,9696,9697,9601
9601: 9504,9602,9503,9600,9697,9698
9602: 9505,9504,9603,9601,9698,9699
9603: 9505,9602,9699,9604,9506,9700
9604: 9507,9605,9506,9603,9701,9700
9605: 9507,9606,9508,9604,9702,9701
9606: 9605,9508,9702,9607,9509,9703
9607: 9510,9608,9509,9606,9704,9703
9608: 9510,9607,9511,9609,9704,9705
9609: 9608,9511,9705,9512,9610,9706
9610: 9513,9512,9611,9609,9707,9706
9611: 9514,9513,9610,9707,9708,9612
9612: 9613,9515,9514,9611,9708,9709
9613: 9612,9516,9515,9614,9710,9709
9614: 9516,9613,9517,9710,9615,9711
9615: 9518,18220,9614,9517,9711
9616: 9519,15658,17918,18220,9712,15482
9617: 9714,17170,9618,15658,15281,15482,18377
9618: 15017,9714,14390,9617,17170,9521,18377
9619: 15580,13685,16370,15017,14390,13801
9620: 14918,12912,16222,17776,13609,18409
9621: 9717,13591,12907,12195,12668
9622: 14506,13807,13591,14267,9718,9623
9623: 9719,15147,15569,14506,9622,14267
9624: 15797,9527,9720,15569,9528,9625
9625: 9626,9721,9528,9624,9720,9529
9626: 9625,9627,9721,9722,9529,9530
9627: 9626,9722,9723,9530,9531,9628
9628: 9724,9629,9531,9627,9723,9532
9629: 9724,9628,9630,9725,9533,9532
9630: 9629,9725,9533,9534,9631,9726
9631: 9632,9726,9727,9630,9534,9535
9632: 9631,9728,9727,9633,9535,9536
9633: 9728,9632,9536,9537,9634,9729
9634: 9730,9729,9635,9633,9537,9538
9635: 9730,9731,9634,9538,9539,9636
9636: 9637,9732,9539,9731,9635,9540
9637: 9732,9638,9636,9733,9540,9541
9638: 9637,9733,9734,9541,9542,9639
9639: 9735,9640,9542,9638,9734,9543
9640: 9639,9736,9735,9641,9543,9544
9641: 9736,9640,9544,9545,9642,9737
9642: 9738,9643,9737,9641,9546,9545
9643: 9738,9739,9642,9644,9546,9547
9644: 9739,9643,9547,9548,9645,9740
9645: 9741,9646,9740,9644,9549,9548
9646: 9741,9742,9645,9647,9549,9550
9647: 9742,9646,9550,9551,9648,9743
9648: 9743,9649,9744,9647,9551,9552
9649: 9648,9745,9744,9552,9553,9650
9650: 9746,9651,9553,9745,9649,9554
9651: 9746,9652,9747,9650,9554,9555
9652: 9651,9747,9748,9555,9556,9653
9653: 9749,9654,9556,9652,9748,9557
9654: 9749,9655,9653,9750,9557,9558
9655: 9654,9750,9558,9559,9751,9656
9656: 9751,9657,9752,9655,9559,9560
9657: 9656,9658,9753,9752,9560,9561
9658: 9657,9753,9561,9562,9754,9659
9659: 9754,9755,9660,9658,9562,9563
9660: 9755,9659,9756,9563,9564,9661
9661: 9662,9757,9564,9660,9756,9565
9662: 9661,9663,9758,9757,9565,9566
9663: 9662,9759,9758,9566,9567,9664
9664: 9665,9760,9567,9663,9759,9568
9665: 9666,9664,9761,9760,9568,9569
9666: 9665,9762,9761,9569,9570,9667
9667: 9668,9763,9570,9666,9762,9571
9668: 9667,9763,9764,9669,9571,9572
9669: 9668,9764,9572,9573,9670,9765
9670: 9671,9766,9765,9669,9574,9573
9671: 9672,9670,9767,9766,9574,9575
9672: 9671,9767,9575,9576,9768,9673
9673: 9768,9769,9674,9672,9576,9577
9674: 9769,9673,9770,9577,9578,9675
9675: 9771,9676,9578,9674,9770,9579
9676: 9771,9772,9677,9675,9580,9579
9677: 9772,9676,9773,9580,9581,9678
9678: 9774,9679,9581,9677,9773,9582
9679: 9774,9680,9678,9775,9583,9582
9680: 9679,9776,9775,9583,9584,9681
9681: 9682,9777,9584,9680,9776,9585
9682: 9778,9683,9681,9777,9586,9585
9683: 9778,9682,9586,9587,9684,9779
9684: 9685,9780,9779,9683,9588,9587
9685: 9684,9781,9780,9686,9589,9588
9686: 9685,9781,9589,9590,9782,9687
9687: 9782,9783,9688,9686,9591,9590
9688: 9783,9687,9784,9591,9592,9689
9689: 9690,9785,9592,9688,9784,9593
9690: 9786,9785,9691,9689,9594,9593
9691: 9690,9786,9787,9595,9594,9692
9692: 9788,9693,9595,9691,9787,9596
9693: 9788,9694,9692,9789,9597,9596
9694: 9789,9693,9597,9598,9695,9790
9695: 9791,9696,9790,9694,9599,9598
9696: 9791,9695,9792,9697,9599,9600
9697: 9696,9792,9600,9601,9793,9698
9698: 9793,9699,9794,9697,9602,9601
9699: 9795,9698,9794,9602,9603,9700
9700: 9796,9701,9603,9795,9699,9604
9701: 9702,9796,9797,9700,9605,9604
9702: 9798,9797,9701,9605,9606,9703
9703: 9704,9799,9606,9702,9798,9607
9704: 9800,9799,9703,9705,9607,9608
9705: 9800,9704,9801,9608,9609,9706
9706: 9707,9802,9609,9705,9801,9610
9707: 9803,9708,9802,9706,9611,9610
9708: 9707,9803,9611,9612,9804,9709
9709: 9804,9805,9710,9708,9612,9613
9710: 9806,9805,9709,9613,9614,9711
9711: 16455,9807,9614,9806,9710,9615
9712: 9713,16455,15482,9616,18220
9713: 9808,9712,16455,15281,15482,15725
9714: 9809,14235,9617,17170,9618,15281
9715: 13225,15580,15885,9522,12196,13685,18067
9716: 16988,9811,13528,15710,14334,14849
9717: 13591,9621,9718,14357,12668,15316
9718: 9717,13591,9622,13971,14267,14357
9719: 14408,15797,9623,9814,15569,14267
9720: 15797,9624,14934,9625,9815,9721
9721: 9626,9625,9815,9816,9722,9720
9722: 9626,9627,9816,9721,9817,9723
9723: 9627,9722,9817,9724,9628,9818
9724: 9628,9629,9818,9819,9725,9723
9725: 9724,9629,9819,9630,9820,9726
9726: 9631,9821,9727,9630,9725,9820
9727: 9631,9728,9632,9821,9822,9726
9728: 9632,9822,9727,9823,9633,9729
9729: 9730,9824,9634,9728,9823,9633
9730: 9824,9731,9634,9729,9635,9825
9731: 9730,9635,9825,9826,9732,9636
9732: 9637,9827,9826,9636,9733,9731
9733: 9637,9827,9732,9638,9828,9734
9734: 9638,9828,9733,9639,9829,9735
9735: 9639,9736,9829,9830,9640,9734
9736: 9735,9641,9831,9830,9640,9737
9737: 9738,9832,9642,9736,9641,9831
9738: 9739,9832,9833,9643,9642,9737
9739: 9738,9833,9643,9834,9644,9740
9740: 9741,9835,9645,9739,9834,9644
9741: 9742,9835,9836,9646,9645,9740
9742: 9741,9836,9646,9837,9647,9743
9743: 9648,9838,9744,9742,9837,9647
9744: 9839,9648,9838,9743,9745,9649
9745: 9839,9649,9744,9840,9746,9650
9746: 9840,9841,9651,9747,9650,9745
9747: 9842,9841,9746,9652,9651,9748
9748: 9842,9652,9747,9749,9843,9653
9749: 9843,9844,9654,9653,9750,9748
9750: 9749,9844,9655,9654,9845,9751
9751: 9846,9656,9752,9655,9750,9845
9752: 9751,9846,9847,9657,9656,9753
9753: 9847,9657,9658,9752,9848,9754
9754: 9849,9755,9659,9658,9753,9848
9755: 9754,9849,9850,9659,9660,9756
9756: 9850,9755,9660,9851,9661,9757
9757: 9851,9852,9661,9662,9758,9756
9758: 9852,9853,9663,9662,9759,9757
9759: 9853,9663,9758,9854,9664,9760
9760: 9854,9855,9665,9664,9761,9759
9761: 9855,9856,9666,9665,9762,9760
9762: 9856,9666,9761,9857,9667,9763
9763: 9857,9858,9668,9667,9764,9762
9764: 9858,9859,9668,9763,9669,9765
9765: 9860,9670,9766,9859,9764,9669
9766: 9860,9861,9671,9670,9767,9765
9767: 9861,9862,9672,9671,9766,9768
9768: 9863,9769,9673,9862,9672,9767
9769: 9863,9864,9768,9674,9673,9770
9770: 9864,9769,9674,9771,9865,9675
9771: 9866,9772,9676,9865,9675,9770
9772: 9866,9867,9771,9677,9676,9773
9773: 9867,9772,9677,9774,9678,9868
9774: 9869,9679,9678,9775,9868,9773
9775: 9869,9870,9774,9680,9679,9776
9776: 9870,9680,9775,9681,9777,9871
9777: 9872,9778,9682,9681,9871,9776
9778: 9872,9873,9683,9682,9777,9779
9779: 9874,9684,9780,9873,9778,9683
9780: 9875,9874,9685,9684,9781,9779
9781: 9875,9876,9685,9780,9686,9782
9782: 9783,9687,9877,9876,9781,9686
9783: 9878,9782,9688,9687,9877,9784
9784: 9878,9783,9688,9785,9879,9689
9785: 9690,9786,9880,9879,9689,9784
9786: 9881,9690,9785,9691,9880,9787
9787: 9881,9786,9691,9788,9882,9692
9788: 9882,9692,9789,9883,9693,9787
9789: 9884,9788,9694,9883,9693,9790
9790: 9791,9885,9695,9884,9694,9789
9791: 9885,9696,9695,9792,9886,9790
9792: 9887,9791,9696,9886,9697,9793
9793: 9888,9698,9794,9887,9792,9697
9794: 9795,9889,9888,9793,9698,9699
9795: 9889,9699,9794,9796,9700,9890
9796: 9797,9891,9701,9700,9890,9795
9797: 9702,9798,9796,9891,9892,9701
9798: 9702,9797,9892,9799,9703,9893
9799: 9800,9704,9703,9894,9893,9798
9800: 9704,9799,9894,9895,9705,9801
9801: 9800,9895,9705,9802,9706,9896
9802: 9707,9803,9897,9706,9896,9801
9803: 9707,9708,9802,9897,18531,9804
9804: 9805,9899,9709,9803,9708,18531
9805: 9804,9806,9710,9900,9899,9709
9806: 9805,9710,9900,9807,9711,16065
9807: 16455,14112,15725,9711,16065,9806
9808: 9713,14414,9902,15281,15725,14235
9809: 12926,14235,9714,9903,14665,17170
9810: 13159,17916,17961,17188,15674,17277
9811: 9716,16988,15710,17575,14358,18276
9812: 13528,14849,16480,12668,13144,15316
9813: 12734,12722,18378,12507,14391
9814: 9719,14408,15797,14934,9907,18378
9815: 9816,9721,9720,14934,9908,9909
9816: 9815,9721,9722,9817,9910,9909
9817: 9816,9722,9723,9911,9910,9818
9818: 9724,9819,9817,9723,9911,9912
9819: 9724,9818,9725,9820,9912,9913
9820: 9819,9725,9913,9821,9726,9914
9821: 9822,9726,9727,9820,9914,9915
9822: 9728,9821,9727,9823,9916,9915
9823: 9728,9822,9916,9824,9729,9917
9824: 9730,9729,9825,9823,9917,9918
9825: 9730,9824,9731,9919,9918,9826
9826: 9827,9732,9731,9825,9919,9920
9827: 9826,9732,9828,9733,9921,9920
9828: 9827,9733,9734,9921,9922,9829
9829: 9735,9830,9828,9734,9922,9923
9830: 9736,9829,9735,9831,9924,9923
9831: 9736,9830,9924,9832,9737,9925
9832: 9738,9833,9737,9831,9925,9926
9833: 9738,9739,9832,9834,9927,9926
9834: 9739,9833,9927,9835,9740,9928
9835: 9741,9836,9740,9834,9928,9929
9836: 9741,9742,9835,9837,9930,9929
9837: 9742,9836,9930,9838,9743,9931
9838: 9839,9743,9744,9837,9932,9931
9839: 9838,9745,9744,9933,9932,9840
9840: 9841,9746,9839,9745,9933,9934
9841: 9842,9840,9746,9747,9935,9934
9842: 9841,9747,9748,9936,9935,9843
9843: 9749,9844,9842,9748,9936,9937
9844: 9749,9843,9750,9845,9937,9938
9845: 9844,9750,9938,9751,9846,9939
9846: 9751,9847,9752,9845,9939,9940
9847: 9846,9753,9752,9848,9941,9940
9848: 9847,9753,9941,9754,9849,9942
9849: 9754,9850,9755,9848,9943,9942
9850: 9849,9755,9756,9943,9944,9851
9851: 9852,9757,9850,9756,9944,9945
9852: 9851,9853,9758,9757,9946,9945
9853: 9852,9759,9758,9947,9946,9854
9854: 9855,9760,9853,9759,9947,9948
9855: 9854,9856,9761,9760,9949,9948
9856: 9855,9762,9761,9950,9949,9857
9857: 9858,9763,9856,9762,9950,9951
9858: 9857,9859,9763,9764,9952,9951
9859: 9858,9764,9952,9860,9765,9953
9860: 9861,9766,9765,9859,9954,9953
9861: 9860,9862,9767,9766,9954,9955
9862: 9861,9767,9955,9863,9768,9956
9863: 9864,9768,9769,9862,9956,9957
9864: 9863,9769,9770,9957,9958,9865
9865: 9866,9771,9864,9770,9958,9959
9866: 9867,9771,9772,9865,9959,9960
9867: 9866,9772,9773,9960,9961,9868
9868: 9869,9774,9867,9773,9961,9962
9869: 9870,9774,9775,9868,9963,9962
9870: 9869,9776,9775,9963,9964,9871
9871: 9872,9777,9870,9776,9964,9965
9872: 9873,9778,9777,9871,9966,9965
9873: 9872,9778,9966,9874,9779,9967
9874: 9875,9780,9779,9873,9968,9967
9875: 9876,9874,9781,9780,9968,9969
9876: 9875,9781,9969,9782,9877,9970
9877: 9878,9782,9783,9876,9971,9970
9878: 9783,9877,9784,9971,9972,9879
9879: 9785,9880,9878,9784,9972,9973
9880: 9881,9786,9785,9879,9973,9974
9881: 9786,9880,9787,9974,9975,9882
9882: 9788,9883,9881,9787,9975,9976
9883: 9884,9788,9882,9789,9976,9977
9884: 9789,9883,9977,9885,9790,9978
9885: 9791,9886,9790,9884,9979,9978
9886: 9887,9791,9885,9792,9980,9979
9887: 9792,9886,9980,9888,9793,9981
9888: 9889,9793,9794,9887,9981,9982
9889: 9795,9888,9794,9983,9982,9890
9890: 9796,9891,9795,9889,9983,9984
9891: 9796,9797,9892,9890,9984,9985
9892: 9798,9797,9891,9986,9985,9893
9893: 9799,9894,9798,9892,9986,9987
9894: 9800,9799,9895,9893,9987,9988
9895: 9800,9894,9801,9989,9988,9896
9896: 9802,9897,9895,9801,9989,9990
9897: 9803,9802,18531,9896,9990,9991,9898
9898: 18016,9991,9897,18531,9899,9992
9899: 9804,9805,9900,18531,9898,9993,9992
9900: 9806,9805,9899,9993,9994,16065
9901: 13650,13745,9994,14112,16065
9902: 9808,14414,9995,14235,9903,9996
9903: 12926,9809,14235,9902,16878,9996
9904: 12810,14227,12938,17305,15140,16224,14392
9905: 14210,13090,17575,12657,18276
9906: 13144,14090,15458,14074,15210,12067
9907: 12722,9908,13911,18378,9814,14934
9908: 10001,9907,13911,14934,9815,9909,18365
9909: 9910,18365,9908,9815,9816
9910: 9911,10002,10003,9909,18365,9816,9817
9911: 9910,10003,9817,9818,9912,10004
9912: 10004,10005,9913,9911,9818,9819
9913: 9912,10006,10005,9819,9820,9914
9914: 10007,9915,9820,10006,9913,9821
9915: 9914,10007,9916,10008,9821,9822
9916: 10008,9915,10009,9822,9823,9917
9917: 10010,9918,9823,9916,10009,9824
9918: 9917,9919,10010,10011,9824,9825
9919: 10011,9918,9825,9826,10012,9920
9920: 9921,10012,10013,9919,9827,9826
9921: 10014,10013,9920,9922,9827,9828
9922: 10014,9921,9828,9829,10015,9923
9923: 9924,10015,10016,9922,9829,9830
9924: 9923,10016,10017,9831,9830,9925
9925: 10018,9926,9831,9924,10017,9832
9926: 10018,9927,10019,9925,9832,9833
9927: 10020,10019,9926,9833,9834,9928
9928: 9929,10021,9834,10020,9927,9835
9929: 9928,9930,10022,10021,9835,9836
9930: 10022,9929,10023,9836,9837,9931
9931: 9932,10024,9837,9930,10023,9838
9932: 9933,10025,10024,9931,9839,9838
9933: 9932,10025,9839,9840,10026,9934
9934: 10026,10027,9935,9933,9840,9841
9935: 9936,10028,10027,9934,9842,9841
9936: 10028,9935,9842,9843,10029,9937
9937: 10030,10029,9938,9936,9843,9844
9938: 10030,10031,9937,9844,9845,9939
9939: 10032,9940,9845,10031,9938,9846
9940: 10033,9941,9939,10032,9846,9847
9941: 10033,9940,10034,9847,9848,9942
9942: 9943,10035,9848,9941,10034,9849
9943: 9942,10036,10035,9944,9849,9850
9944: 9943,10036,9850,9851,9945,10037
9945: 9946,10038,10037,9944,9851,9852
9946: 9947,9945,10039,10038,9852,9853
9947: 9946,10039,9853,9854,9948,10040
9948: 9949,10041,10040,9947,9854,9855
9949: 9950,9948,10041,10042,9855,9856
9950: 9949,10042,9856,9857,9951,10043
9951: 9952,10044,10043,9950,9857,9858
9952: 10045,9951,10044,9858,9859,9953
9953: 9954,10046,9859,10045,9952,9860
9954: 9953,9955,10047,10046,9860,9861
9955: 9954,10047,10048,9861,9862,9956
9956: 9957,10049,9862,9955,10048,9863
9957: 9956,9958,10050,10049,9863,9864
9958: 9957,10050,9864,9865,9959,10051
9959: 9960,10052,10051,9958,9866,9865
9960: 9959,10053,10052,9961,9866,9867
9961: 9960,10053,9867,9868,9962,10054
9962: 9963,10055,10054,9961,9869,9868
9963: 9964,10055,10056,9962,9869,9870
9964: 9963,10056,9870,9871,10057,9965
9965: 10058,9966,10057,9964,9872,9871
9966: 10059,10058,9965,9872,9873,9967
9967: 9968,10060,9873,10059,9966,9874
9968: 10061,10060,9967,9969,9875,9874
9969: 9968,10062,10061,9875,9876,9970
9970: 9971,10063,9876,10062,9969,9877
9971: 9970,10064,10063,9972,9878,9877
9972: 9971,10064,9878,9879,9973,10065
9973: 10066,9974,10065,9972,9880,9879
9974: 9973,10067,10066,9975,9881,9880
9975: 10067,9974,9881,9882,9976,10068
9976: 10068,9977,10069,9975,9882,9883
9977: 9976,10070,10069,9884,9883,9978
9978: 9979,10071,9884,10070,9977,9885
9979: 9980,10072,10071,9978,9885,9886
9980: 9979,10072,10073,9887,9886,9981
9981: 10074,9982,9887,9980,10073,9888
9982: 9981,10074,10075,9983,9889,9888
9983: 10075,9982,9889,9890,9984,10076
9984: 10077,9985,10076,9983,9891,9890
9985: 9984,10078,10077,9986,9891,9892
9986: 10078,9985,9892,9893,9987,10079
9987: 10080,9988,10079,9986,9894,9893
9988: 9989,9987,10081,10080,9894,9895
9989: 10081,9988,9895,9896,10082,9990
9990: 10082,10083,9991,9989,9897,9896
9991: 10084,9990,10083,18016,9898,9897
9992: 9993,10085,17408,18016,9898,9899
9993: 9994,14962,10085,9992,9900,9899
9994: 9993,14962,10086,9900,16065,13650,9901
9995: 12882,10087,13745,14414,9902,9996
9996: 12889,16878,9902,12882,9995,9903
9997: 12889,16878,12679,12089,14217,12938
9998: 15044,12881,16745,17227,15062,16509
9999: 15458,15210,14391,12160,12734
10000: 13517,12734,12722,13911,13066,10092
10001: 13517,9908,13911,13884,18365
10002: 10094,9910,10003,16683,13884,18365
10003: 9911,10002,9910,16683,10095,10004
10004: 9912,10005,10096,9911,10003,10095
10005: 9912,10004,10006,10097,9913,10096
10006: 10005,10097,9913,9914,10007,10098
10007: 9914,10008,9915,10098,10099,10006
10008: 10007,9916,9915,10099,10100,10009
10009: 9916,10008,10100,10101,9917,10010
10010: 10101,9917,10102,10011,9918,10009
10011: 9919,10102,10010,10103,9918,10012
10012: 10013,9920,10104,9919,10011,10103
10013: 10014,10105,9921,10012,9920,10104
10014: 10105,9921,10013,10106,9922,10015
10015: 9923,10016,10107,10014,10106,9922
10016: 9924,10015,9923,10108,10017,10107
10017: 9924,10016,10108,10109,10018,9925
10018: 10109,10019,10110,9925,9926,10017
10019: 10018,10020,9927,10111,10110,9926
10020: 9927,10111,10019,9928,10021,10112
10021: 9928,10022,9929,10113,10112,10020
10022: 10114,9930,9929,10021,10113,10023
10023: 10114,9930,10022,10024,9931,10115
10024: 9932,10025,9931,10116,10115,10023
10025: 10117,9933,9932,10024,10116,10026
10026: 10027,10118,9934,10117,9933,10025
10027: 10026,10028,9935,10119,10118,9934
10028: 9936,10120,10027,9935,10119,10029
10029: 10030,10121,9937,9936,10120,10028
10030: 10121,10029,10031,9937,9938,10122
10031: 10030,9938,10122,9939,10032,10123
10032: 10033,9939,10124,10123,9940,10031
10033: 9941,10032,10124,10125,9940,10034
10034: 10033,9941,10125,9942,10035,10126
10035: 10127,9943,9942,10036,10126,10034
10036: 10127,9943,10035,10128,9944,10037
10037: 9945,10038,10129,10036,10128,9944
10038: 9946,9945,10039,10129,10130,10037
10039: 9947,9946,10038,10131,10130,10040
10040: 9948,10041,10132,9947,10039,10131
10041: 9949,9948,10040,10132,10133,10042
10042: 9950,9949,10041,10134,10133,10043
10043: 9951,10044,10135,9950,10134,10042
10044: 10045,9952,9951,10043,10136,10135
10045: 9952,10044,10136,9953,10137,10046
10046: 9954,9953,10137,10047,10138,10045
10047: 9954,9955,10046,10139,10138,10048
10048: 9955,10047,10139,9956,10140,10049
10049: 9956,9957,10140,10050,10141,10048
10050: 9957,9958,10049,10142,10141,10051
10051: 9959,10143,10052,9958,10050,10142
10052: 9959,9960,10144,10143,10053,10051
10053: 9960,10144,10052,10145,9961,10054
10054: 10055,10146,9962,10053,10145,9961
10055: 9963,10146,10147,10056,9962,10054
10056: 9963,9964,10055,10147,10148,10057
10057: 10058,10149,9965,9964,10056,10148
10058: 10059,10150,10149,9966,10057,9965
10059: 10150,10058,9966,10151,10060,9967
10060: 10151,9968,10152,10061,9967,10059
10061: 9968,10062,10152,10060,10153,9969
10062: 10061,10153,9969,9970,10154,10063
10063: 9971,9970,10154,10155,10064,10062
10064: 9971,10155,10063,9972,10156,10065
10065: 9973,10157,10066,10064,9972,10156
10066: 9973,10157,10158,10067,9974,10065
10067: 10159,10158,10066,9974,9975,10068
10068: 9976,10160,10069,10159,10067,9975
10069: 9976,10070,10068,10161,10160,9977
10070: 10161,9977,10069,10071,9978,10162
10071: 10163,9979,10072,9978,10162,10070
10072: 9980,10163,9979,10164,10073,10071
10073: 9980,10164,10072,9981,10074,10165
10074: 9981,10166,10075,10165,9982,10073
10075: 10166,10167,10074,9983,9982,10076
10076: 9984,10077,10168,10167,10075,9983
10077: 9984,10078,10169,9985,10168,10076
10078: 10077,10169,9986,9985,10170,10079
10079: 10171,9987,10080,10078,9986,10170
10080: 10171,9987,10172,10081,9988,10079
10081: 9989,10172,10080,10173,9988,10082
10082: 10174,9990,10083,9989,10081,10173
10083: 10174,10084,10082,9990,9991,17407
10084: 10083,18016,9991,17136,17407,17408
10085: 9993,14962,9992,10176,14236,17408
10086: 10177,9994,14962,13650,10178
10087: 13650,12882,9995,13745,14423
10088: 15224,14423,12594,12704,13983
10089: 14253,16856,16338,15744,13938,15970
10090: 12657,15829,13687,17531,14895,16921
10091: 15020,14870,13678,12094,15225,12752
10092: 10183,14200,10182,13517,10000,13066
10093: 10184,13517,14200,12665,10094,13884
10094: 10002,16683,13884,10184,17441,10093
10095: 10003,16683,10185,10004,10096,10186
10096: 10004,10005,10097,10095,10187,10186
10097: 10006,10005,10096,10188,10187,10098
10098: 10007,10099,10006,10097,10188,10189
10099: 10007,10008,10098,10100,10190,10189
10100: 10008,10099,10009,10191,10190,10101
10101: 10102,10010,10100,10009,10191,10192
10102: 10101,10010,10011,10103,10193,10192
10103: 10102,10011,10193,10012,10104,10194
10104: 10105,10012,10013,10103,10195,10194
10105: 10014,10013,10104,10106,10195,10196
10106: 10014,10105,10196,10015,10107,10197
10107: 10015,10016,10108,10106,10198,10197
10108: 10016,10017,10107,10198,10199,10109
10109: 10018,10110,10108,10017,10199,10200
10110: 10109,10018,10111,10019,10200,10201
10111: 10020,10019,10110,10202,10201,10112
10112: 10021,10113,10020,10111,10202,10203
10113: 10114,10022,10021,10112,10204,10203
10114: 10022,10113,10023,10205,10204,10115
10115: 10024,10116,10114,10023,10205,10206
10116: 10117,10025,10024,10115,10206,10207
10117: 10025,10116,10207,10026,10118,10208
10118: 10026,10027,10119,10117,10208,10209
10119: 10120,10028,10027,10118,10209,10210
10120: 10028,10119,10210,10121,10029,10211
10121: 10030,10029,10122,10120,10212,10211
10122: 10030,10121,10031,10212,10213,10123
10123: 10032,10124,10031,10122,10213,10214
10124: 10033,10032,10123,10125,10215,10214
10125: 10033,10124,10034,10216,10215,10126
10126: 10127,10035,10125,10034,10216,10217
10127: 10036,10035,10126,10128,10218,10217
10128: 10127,10036,10218,10129,10037,10219
10129: 10038,10130,10037,10128,10220,10219
10130: 10039,10038,10129,10131,10221,10220
10131: 10039,10130,10221,10040,10132,10222
10132: 10041,10040,10133,10131,10223,10222
10133: 10041,10132,10134,10042,10224,10223
10134: 10133,10042,10224,10043,10135,10225
10135: 10044,10043,10136,10134,10226,10225
10136: 10045,10044,10135,10226,10227,10137
10137: 10046,10138,10045,10136,10227,10228
10138: 10137,10047,10046,10139,10228,10229
10139: 10047,10138,10048,10230,10229,10140
10140: 10049,10141,10139,10048,10230,10231
10141: 10140,10050,10049,10142,10232,10231
10142: 10050,10141,10232,10143,10051,10233
10143: 10144,10052,10051,10142,10233,10234
10144: 10143,10053,10052,10145,10235,10234
10145: 10144,10053,10235,10146,10054,10236
10146: 10055,10147,10054,10145,10237,10236
10147: 10055,10146,10056,10148,10237,10238
10148: 10147,10056,10238,10149,10057,10239
10149: 10150,10058,10057,10148,10240,10239
10150: 10059,10058,10149,10240,10241,10151
10151: 10152,10060,10059,10150,10241,10242
10152: 10151,10061,10060,10153,10243,10242
10153: 10062,10152,10061,10243,10244,10154
10154: 10155,10063,10062,10153,10244,10245
10155: 10154,10064,10063,10156,10246,10245
10156: 10155,10064,10246,10157,10065,10247
10157: 10158,10066,10065,10156,10247,10248
10158: 10157,10159,10067,10066,10248,10249
10159: 10158,10067,10249,10068,10160,10250
10160: 10068,10161,10069,10159,10251,10250
10161: 10070,10160,10069,10251,10252,10162
10162: 10163,10071,10070,10161,10252,10253
10163: 10164,10072,10071,10162,10253,10254
10164: 10163,10072,10073,10254,10255,10165
10165: 10166,10074,10164,10073,10255,10256
10166: 10167,10074,10075,10165,10256,10257
10167: 10166,10075,10257,10168,10076,10258
10168: 10077,10169,10076,10167,10259,10258
10169: 10078,10077,10170,10168,10259,10260
10170: 10078,10169,10260,10171,10079,10261
10171: 10172,10080,10079,10170,10262,10261
10172: 10171,10081,10080,10173,10262,10263
10173: 10172,10081,10263,10174,10082,10264
10174: 10082,10083,17407,10173,10265,10264
10175: 10265,10266,17136,17407,16729
10176: 10085,14236,17408,17136,10267,16729
10177: 14962,10086,14236,14429,10178,13922
10178: 13650,14423,10177,10086,13922,12594
10179: 13922,12594,10268,13983,14004,13001
10180: 17532,13548,13864,15896,16170,15912
10181: 13147,15459,12094,15676,14870,15766
10182: 10183,15391,10272,10092,12160,13066
10183: 14200,12251,10182,10272,15491,12665,10092
10184: 17441,10360,10273,10093,12665,10094
10185: 17441,18105,16683,10095,10186,10274
10186: 10187,10275,10274,10095,10185,10096
10187: 10276,10188,10186,10275,10097,10096
10188: 10276,10187,10097,10098,10277,10189
10189: 10277,10278,10190,10188,10098,10099
10190: 10279,10191,10278,10189,10099,10100
10191: 10279,10190,10100,10101,10280,10192
10192: 10280,10193,10281,10191,10101,10102
10193: 10192,10282,10281,10102,10103,10194
10194: 10195,10283,10103,10193,10282,10104
10195: 10283,10284,10196,10194,10105,10104
10196: 10195,10285,10284,10105,10106,10197
10197: 10198,10286,10106,10285,10196,10107
10198: 10199,10287,10286,10197,10108,10107
10199: 10198,10287,10288,10108,10109,10200
10200: 10201,10289,10199,10288,10109,10110
10201: 10202,10200,10290,10289,10111,10110
10202: 10201,10290,10111,10112,10291,10203
10203: 10291,10204,10292,10202,10113,10112
10204: 10205,10293,10292,10203,10114,10113
10205: 10293,10204,10114,10115,10206,10294
10206: 10295,10294,10207,10205,10116,10115
10207: 10295,10206,10296,10117,10116,10208
10208: 10209,10297,10117,10296,10207,10118
10209: 10208,10298,10297,10210,10119,10118
10210: 10209,10298,10299,10120,10119,10211
10211: 10212,10300,10120,10210,10299,10121
10212: 10211,10301,10300,10213,10121,10122
10213: 10212,10301,10122,10123,10214,10302
10214: 10215,10303,10302,10213,10124,10123
10215: 10216,10214,10304,10303,10124,10125
10216: 10215,10304,10125,10126,10217,10305
10217: 10218,10306,10305,10216,10127,10126
10218: 10217,10307,10306,10127,10128,10219
10219: 10220,10308,10128,10218,10307,10129
10220: 10221,10308,10309,10219,10129,10130
10221: 10220,10309,10310,10131,10130,10222
10222: 10223,10311,10131,10221,10310,10132
10223: 10224,10222,10311,10312,10132,10133
10224: 10223,10313,10312,10134,10133,10225
10225: 10226,10314,10134,10224,10313,10135
10226: 10225,10315,10314,10227,10136,10135
10227: 10226,10315,10136,10137,10228,10316
10228: 10229,10317,10316,10227,10137,10138
10229: 10230,10228,10318,10317,10139,10138
10230: 10229,10318,10139,10140,10319,10231
10231: 10232,10320,10319,10230,10140,10141
10232: 10321,10320,10231,10142,10141,10233
10233: 10322,10234,10142,10232,10321,10143
10234: 10323,10235,10322,10233,10144,10143
10235: 10323,10324,10234,10144,10145,10236
10236: 10237,10325,10145,10235,10324,10146
10237: 10236,10325,10238,10326,10146,10147
10238: 10237,10326,10147,10148,10239,10327
10239: 10240,10328,10327,10148,10238,10149
10240: 10329,10328,10241,10239,10150,10149
10241: 10240,10329,10150,10151,10242,10330
10242: 10243,10331,10330,10241,10151,10152
10243: 10242,10332,10331,10244,10152,10153
10244: 10243,10332,10153,10154,10333,10245
10245: 10333,10246,10334,10244,10154,10155
10246: 10334,10335,10245,10155,10156,10247
10247: 10248,10336,10156,10246,10335,10157
10248: 10247,10336,10337,10249,10157,10158
10249: 10338,10248,10337,10159,10158,10250
10250: 10251,10339,10159,10338,10249,10160
10251: 10250,10340,10339,10252,10161,10160
10252: 10251,10340,10161,10162,10253,10341
10253: 10254,10342,10341,10252,10163,10162
10254: 10253,10342,10343,10255,10163,10164
10255: 10254,10343,10164,10165,10256,10344
10256: 10345,10257,10344,10255,10166,10165
10257: 10256,10346,10345,10166,10167,10258
10258: 10259,10347,10167,10346,10257,10168
10259: 10260,10347,10348,10258,10169,10168
10260: 10259,10349,10348,10169,10170,10261
10261: 10262,10350,10170,10349,10260,10171
10262: 10351,10261,10350,10263,10171,10172
10263: 10262,10351,15835,10172,10173,10264
10264: 10352,10265,10173,10263,15835,10174
10265: 10352,10353,10264,10266,10175,10174,17407
10266: 10354,10353,10265,10175,10355,16729
10267: 14429,10356,10355,16729,10176,14236
10268: 12132,15892,10179,13983,10269,14004
10269: 12132,15892,10268,13000,16299,12450,12131
10270: 18384,16187,16344,15893,17747,14616
10271: 12048,13147,12094,15225,13056,15332
10272: 10183,12752,10182,15391,10359,15491
10273: 10184,12180,10360,12039,12251,13473,12665
10274: 10361,10186,10275,14093,10185,18105
10275: 10361,10362,10276,10187,10186,10274
10276: 10362,10188,10187,10275,10363,10277
10277: 10278,10364,10189,10276,10188,10363
10278: 10279,10277,10365,10364,10190,10189
10279: 10191,10365,10366,10278,10190,10280
10280: 10192,10281,10367,10279,10191,10366
10281: 10368,10280,10193,10192,10282,10367
10282: 10368,10193,10281,10369,10283,10194
10283: 10369,10195,10284,10370,10194,10282
10284: 10371,10195,10283,10285,10370,10196
10285: 10371,10284,10196,10372,10286,10197
10286: 10198,10372,10287,10373,10197,10285
10287: 10198,10374,10199,10286,10373,10288
10288: 10374,10199,10287,10200,10289,10375
10289: 10200,10201,10290,10376,10375,10288
10290: 10377,10202,10201,10289,10376,10291
10291: 10378,10292,10203,10377,10202,10290
10292: 10291,10378,10293,10204,10379,10203
10293: 10205,10380,10204,10379,10292,10294
10294: 10295,10206,10381,10205,10380,10293
10295: 10206,10296,10381,10294,10382,10207
10296: 10295,10382,10207,10208,10297,10383
10297: 10208,10209,10384,10298,10383,10296
10298: 10385,10209,10384,10297,10210,10299
10299: 10385,10298,10210,10386,10211,10300
10300: 10212,10386,10211,10301,10387,10299
10301: 10388,10212,10300,10387,10213,10302
10302: 10214,10389,10303,10388,10301,10213
10303: 10215,10214,10389,10304,10390,10302
10304: 10216,10215,10303,10390,10391,10305
10305: 10392,10217,10306,10216,10304,10391
10306: 10392,10218,10217,10307,10305,10393
10307: 10218,10306,10393,10394,10308,10219
10308: 10220,10394,10309,10395,10219,10307
10309: 10221,10220,10308,10310,10396,10395
10310: 10221,10309,10396,10222,10311,10397
10311: 10223,10222,10312,10398,10397,10310
10312: 10224,10223,10313,10311,10399,10398
10313: 10224,10312,10399,10225,10314,10400
10314: 10226,10225,10315,10400,10401,10313
10315: 10226,10402,10314,10401,10227,10316
10316: 10228,10317,10403,10402,10315,10227
10317: 10228,10229,10318,10316,10404,10403
10318: 10230,10229,10317,10405,10404,10319
10319: 10406,10320,10231,10230,10318,10405
10320: 10232,10406,10407,10321,10319,10231
10321: 10232,10407,10320,10408,10322,10233
10322: 10323,10408,10409,10233,10234,10321
10323: 10235,10409,10324,10322,10410,10234
10324: 10323,10235,10410,10236,10411,10325
10325: 10237,10236,10411,10412,10326,10324
10326: 10413,10237,10325,10412,10238,10327
10327: 10414,10328,10239,10413,10238,10326
10328: 10240,10414,10329,10415,10239,10327
10329: 10416,10240,10328,10415,10241,10330
10330: 10242,10417,10331,10416,10329,10241
10331: 10243,10242,10417,10332,10418,10330
10332: 10243,10331,10418,10419,10244,10333
10333: 10334,10420,10245,10332,10419,10244
10334: 10333,10246,10420,10335,10421,10245
10335: 10246,10334,10421,10247,10336,10422
10336: 10247,10248,10423,10422,10337,10335
10337: 10424,10338,10248,10336,10423,10249
10338: 10424,10337,10249,10250,10425,10339
10339: 10251,10250,10425,10340,10426,10338
10340: 10251,10339,10426,10252,10427,10341
10341: 10253,10428,10342,10340,10252,10427
10342: 10253,10428,10254,10429,10343,10341
10343: 10254,10430,10342,10429,10255,10344
10344: 10256,10431,10345,10430,10343,10255
10345: 10256,10431,10346,10257,10432,10344
10346: 10345,10257,10432,10347,10258,10433
10347: 10259,10434,10348,10258,10433,10346
10348: 10259,10349,10260,10434,10347,10435
10349: 10260,10435,10348,17249,10261,16937,10350
10350: 10262,10437,10351,10261,16937,10349
10351: 10262,10437,15682,10350,10263,15835
10352: 10353,10265,10264,10439,10438,15835
10353: 10352,10354,10265,10440,10439,10266
10354: 10353,10440,10266,16232,10441,10355
10355: 10267,16232,10356,16729,10354,10266
10356: 14429,10267,16232,10355,13001,13139
10357: 17510,13028,10528,11962,14094,17907
10358: 16287,15331,12818,16914,18543,15360,16839
10359: 12752,10272,15491,13056,12609
10360: 10184,12180,14093,17441,10273,18105
10361: 10362,10275,10274,14093,10446,13681
10362: 10361,10276,10275,10363,10448,13681
10363: 10362,10276,10448,10277,10364,10449
10364: 10277,10365,10278,10363,10450,10449
10365: 10279,10366,10278,10364,10451,10450
10366: 10279,10365,10451,10280,10367,10452
10367: 10368,10280,10281,10366,10452,10453
10368: 10282,10281,10367,10453,10454,10369
10369: 10283,10370,10368,10282,10454,10455
10370: 10369,10371,10283,10284,10456,10455
10371: 10285,10284,10370,10456,10457,10372
10372: 10286,10373,10371,10285,10457,10458
10373: 10374,10372,10287,10286,10458,10459
10374: 10287,10373,10288,10459,10460,10375
10375: 10289,10376,10374,10288,10460,10461
10376: 10377,10290,10289,10375,10462,10461
10377: 10290,10376,10462,10291,10378,10463
10378: 10291,10379,10292,10377,10463,10464
10379: 10378,10380,10293,10292,10464,10465
10380: 10293,10379,10465,10381,10294,10466
10381: 10295,10294,10382,10380,10466,10467
10382: 10295,10296,10381,10467,10468,10383
10383: 10384,10297,10296,10382,10468,10469
10384: 10385,10298,10297,10383,10470,10469
10385: 10384,10298,10299,10471,10470,10386
10386: 10300,10387,10385,10299,10471,10472
10387: 10388,10386,10301,10300,10473,10472
10388: 10301,10387,10473,10389,10302,10474
10389: 10303,10390,10302,10388,10475,10474
10390: 10389,10304,10303,10391,10476,10475
10391: 10304,10390,10476,10392,10305,10477
10392: 10306,10305,10393,10391,10478,10477
10393: 10392,10307,10306,10479,10478,10394
10394: 10308,10395,10307,10393,10479,10480
10395: 10394,10308,10309,10396,10481,10480
10396: 10309,10310,10395,10482,10481,10397
10397: 10311,10398,10310,10396,10482,10483
10398: 10311,10312,10399,10397,10484,10483
10399: 10313,10312,10398,10485,10484,10400
10400: 10314,10401,10313,10399,10485,10486
10401: 10402,10315,10314,10400,10487,10486
10402: 10315,10401,10487,10316,10403,10488
10403: 10317,10316,10404,10402,10488,10489
10404: 10318,10317,10405,10403,10489,10490
10405: 10318,10404,10490,10406,10319,10491
10406: 10407,10320,10319,10405,10491,10492
10407: 10406,10321,10320,10492,10493,10408
10408: 10409,10322,10407,10321,10493,10494
10409: 10323,10408,10322,10410,10494,10495
10410: 10323,10409,10324,10495,10496,10411
10411: 10325,10412,10324,10410,10496,10497
10412: 10413,10411,10325,10326,10498,10497
10413: 10412,10326,10498,10414,10327,10499
10414: 10328,10415,10327,10413,10500,10499
10415: 10416,10414,10329,10328,10500,10501
10416: 10329,10415,10501,10417,10330,10502
10417: 10331,10418,10330,10416,10502,10503
10418: 10417,10332,10331,10419,10503,10504
10419: 10332,10418,10504,10333,10420,10505
10420: 10333,10334,10421,10419,10505,10506
10421: 10334,10420,10335,10507,10506,10422
10422: 10336,10423,10335,10421,10507,10508
10423: 10424,10336,10422,10337,10509,10508
10424: 10338,10423,10337,10510,10509,10425
10425: 10339,10426,10424,10338,10510,10511
10426: 10425,10340,10339,10427,10511,10512
10427: 10340,10426,10512,10428,10341,10513
10428: 10342,10429,10341,10427,10514,10513
10429: 10428,10430,10342,10343,10515,10514
10430: 10429,10343,10515,10431,10344,10516
10431: 10345,10432,10344,10430,10516,10517
10432: 10431,10346,10345,10518,10517,10433
10433: 10434,10347,10346,10432,10518,10519
10434: 10347,10435,10348,10433,10519,10520
10435: 10349,10434,10348,17249,17687,10520
10436: 10437,16937,15736,17249,10522,10521
10437: 15682,10351,16937,10436,10350,15736
10438: 10352,10439,15682,15835,10523,10524
10439: 10352,10353,10440,10438,10524,10525
10440: 10354,10353,10439,10526,10525,10441
10441: 16232,17830,10354,10440,10526,15571
10442: 14538,10527,12843,11987,18162,12844
10443: 15186,14683,13189,17011,11962,17907
10444: 14296,10445,14896,12025,12591,15109
10445: 12025,10444,15109,14568,16273,12017
10446: 10447,13681,14093,13789,12193,13029,10361
10447: 10446,12821,10531,10532,10448,13681,13029
10448: 10533,10447,10532,13681,10362,10363,10449
10449: 10534,10450,10363,10533,10448,10364
10450: 10451,10535,10534,10449,10365,10364
10451: 10535,10536,10450,10365,10366,10452
10452: 10537,10453,10366,10451,10536,10367
10453: 10538,10537,10452,10454,10368,10367
10454: 10538,10453,10539,10368,10369,10455
10455: 10456,10540,10454,10539,10369,10370
10456: 10541,10457,10540,10455,10371,10370
10457: 10541,10456,10371,10372,10542,10458
10458: 10543,10542,10459,10457,10372,10373
10459: 10543,10544,10458,10460,10374,10373
10460: 10544,10459,10374,10375,10545,10461
10461: 10545,10546,10462,10460,10376,10375
10462: 10546,10547,10461,10377,10376,10463
10463: 10548,10464,10377,10462,10547,10378
10464: 10549,10548,10463,10465,10378,10379
10465: 10549,10550,10464,10380,10379,10466
10466: 10551,10467,10380,10550,10465,10381
10467: 10551,10552,10466,10468,10381,10382
10468: 10552,10467,10382,10383,10553,10469
10469: 10553,10554,10470,10468,10384,10383
10470: 10555,10554,10471,10469,10385,10384
10471: 10555,10470,10385,10386,10556,10472
10472: 10557,10556,10473,10471,10386,10387
10473: 10558,10557,10472,10388,10387,10474
10474: 10559,10475,10388,10558,10473,10389
10475: 10559,10560,10476,10474,10389,10390
10476: 10560,10561,10475,10390,10391,10477
10477: 10562,10478,10391,10561,10476,10392
10478: 10562,10563,10479,10477,10392,10393
10479: 10563,10478,10393,10394,10564,10480
10480: 10565,10564,10481,10479,10394,10395
10481: 10566,10565,10482,10480,10396,10395
10482: 10566,10481,10396,10397,10567,10483
10483: 10568,10567,10484,10482,10398,10397
10484: 10569,10568,10485,10483,10399,10398
10485: 10569,10484,10399,10400,10570,10486
10486: 10571,10570,10487,10485,10400,10401
10487: 10571,10572,10486,10402,10401,10488
10488: 10573,10489,10402,10572,10487,10403
10489: 10573,10574,10488,10490,10404,10403
10490: 10575,10574,10489,10405,10404,10491
10491: 10576,10492,10405,10575,10490,10406
10492: 10577,10576,10491,10493,10406,10407
10493: 10577,10492,10407,10408,10578,10494
10494: 10579,10578,10495,10493,10408,10409
10495: 10579,10580,10494,10496,10409,10410
10496: 10580,10495,10410,10411,10581,10497
10497: 10581,10498,10582,10496,10411,10412
10498: 10583,10582,10497,10413,10412,10499
10499: 10584,10500,10413,10583,10498,10414
10500: 10585,10584,10501,10499,10414,10415
10501: 10585,10586,10500,10416,10415,10502
10502: 10587,10503,10416,10586,10501,10417
10503: 10588,10587,10502,10504,10417,10418
10504: 10588,10589,10503,10418,10419,10505
10505: 10590,10506,10419,10589,10504,10420
10506: 10590,10591,10507,10505,10420,10421
10507: 10591,10506,10421,10422,10592,10508
10508: 10593,10592,10509,10507,10423,10422
10509: 10593,10594,10510,10508,10424,10423
10510: 10594,10509,10424,10425,10511,10595
10511: 10596,10595,10512,10510,10425,10426
10512: 10596,10597,10511,10426,10427,10513
10513: 10598,10514,10427,10597,10512,10428
10514: 10599,10598,10515,10513,10428,10429
10515: 10599,10600,10514,10430,10429,10516
10516: 10601,10517,10430,10600,10515,10431
10517: 10601,10518,10516,10602,10431,10432
10518: 10517,10602,10432,10433,10603,10519
10519: 10603,10604,10520,10518,10434,10433
10520: 10605,17687,10604,10519,10434,10435
10521: 10606,10522,17249,10605,17687,10436
10522: 10606,10607,14749,10521,15384,10436,15736
10523: 15682,15736,15384,10438,10524
10524: 10609,10525,10608,10523,15384,10439,10438
10525: 12765,10526,10524,10609,10440,10439
10526: 12765,13197,10525,10440,10441,15571
10527: 14538,15186,10442,18162,13148,13998
10528: 10357,17681,13028,12723,15351,11962
10529: 14816,11877,14847,14889,13537,12369,18513
10530: 14083,16273,12193,12510,14051,12025
10531: 17394,12821,10447,13029,15593,15931
10532: 10533,12821,10447,15769,10448
10533: 10532,15769,10448,16385,10534,10449
10534: 16385,10535,10617,10450,10449,10533
10535: 10451,10618,10617,10534,10536,10450
10536: 10451,10618,10535,10537,10619,10452
10537: 10538,10619,10620,10452,10453,10536
10538: 10537,10621,10620,10453,10454,10539
10539: 10538,10621,10454,10622,10540,10455
10540: 10541,10623,10622,10456,10455,10539
10541: 10623,10456,10457,10540,10624,10542
10542: 10625,10543,10458,10541,10457,10624
10543: 10625,10626,10542,10544,10458,10459
10544: 10543,10626,10459,10627,10460,10545
10545: 10546,10628,10461,10544,10627,10460
10546: 10545,10629,10628,10462,10547,10461
10547: 10546,10629,10462,10548,10630,10463
10548: 10549,10631,10630,10463,10464,10547
10549: 10632,10548,10631,10550,10464,10465
10550: 10549,10632,10465,10551,10633,10466
10551: 10552,10634,10633,10466,10467,10550
10552: 10551,10635,10634,10467,10468,10553
10553: 10636,10554,10469,10635,10552,10468
10554: 10555,10553,10636,10637,10470,10469
10555: 10637,10554,10638,10471,10470,10556
10556: 10557,10639,10472,10555,10638,10471
10557: 10558,10640,10639,10556,10473,10472
10558: 10557,10640,10473,10559,10641,10474
10559: 10560,10642,10641,10475,10474,10558
10560: 10559,10643,10642,10561,10476,10475
10561: 10560,10643,10476,10562,10644,10477
10562: 10563,10645,10644,10478,10477,10561
10563: 10562,10646,10645,10479,10478,10564
10564: 10565,10647,10480,10563,10646,10479
10565: 10566,10648,10647,10564,10481,10480
10566: 10565,10649,10648,10482,10481,10567
10567: 10568,10650,10483,10566,10649,10482
10568: 10569,10650,10651,10567,10484,10483
10569: 10568,10651,10652,10485,10484,10570
10570: 10571,10653,10486,10569,10652,10485
10571: 10570,10654,10653,10572,10487,10486
10572: 10571,10654,10487,10573,10655,10488
10573: 10656,10655,10574,10488,10489,10572
10574: 10573,10575,10657,10656,10489,10490
10575: 10657,10574,10490,10576,10658,10491
10576: 10577,10659,10658,10491,10492,10575
10577: 10576,10660,10659,10492,10493,10578
10578: 10579,10661,10494,10577,10660,10493
10579: 10580,10662,10661,10578,10494,10495
10580: 10579,10663,10662,10495,10496,10581
10581: 10664,10582,10497,10580,10663,10496
10582: 10583,10581,10498,10665,10664,10497
10583: 10498,10665,10582,10584,10666,10499
10584: 10585,10667,10500,10666,10499,10583
10585: 10668,10584,10667,10586,10500,10501
10586: 10668,10585,10501,10587,10669,10502
10587: 10588,10670,10669,10502,10503,10586
10588: 10587,10670,10589,10671,10503,10504
10589: 10588,10671,10504,10672,10590,10505
10590: 10672,10673,10591,10505,10506,10589
10591: 10674,10673,10590,10507,10506,10592
10592: 10675,10593,10508,10674,10591,10507
10593: 10675,10676,10594,10592,10509,10508
10594: 10593,10677,10676,10510,10509,10595
10595: 10596,10511,10678,10677,10594,10510
10596: 10597,10511,10679,10678,10595,10512
10597: 10596,10679,10512,10598,10680,10513
10598: 10681,10599,10514,10680,10513,10597
10599: 10681,10682,10600,10598,10515,10514
10600: 10599,10682,10515,10601,10516,10683
10601: 10516,10684,10517,10602,10683,10600
10602: 10601,10518,10685,10684,10517,10603
10603: 10686,10604,10519,10518,10685,10602
10604: 10603,10605,10686,10687,10519,10520
10605: 17687,10687,10688,10604,10520,10606,10521
10606: 10522,10607,10521,10689,10605,10688
10607: 10606,10522,14749,14190,10689,13836
10608: 10524,10609,13119,14749,13057,15384
10609: 12765,10524,14306,13119,10525,10608
10610: 11987,12771,13237,15571,10611,12502,13197
10611: 11987,10610,12844,15571,12003
10612: 15659,14369,12753,15995,13148,15742
10613: 10614,12913,12073,15889,12017,13888,12206
10614: 10613,12073,12206,15931,10695,13121
10615: 10616,10696,16285,13121,13012,17394
10616: 16285,10615,12874,13012,17049,10697
10617: 16385,10618,10535,16881,10534,10698
10618: 10535,10617,10536,10699,10698,10619
10619: 10700,10537,10620,10618,10536,10699
10620: 10700,10538,10537,10701,10619,10621
10621: 10538,10701,10620,10702,10539,10622
10622: 10703,10623,10540,10621,10702,10539
10623: 10703,10541,10704,10622,10540,10624
10624: 10541,10704,10623,10625,10542,10705
10625: 10543,10626,10542,10706,10705,10624
10626: 10625,10543,10544,10706,10707,10627
10627: 10626,10544,10707,10545,10628,10708
10628: 10709,10545,10546,10629,10708,10627
10629: 10709,10546,10628,10710,10547,10630
10630: 10548,10631,10711,10629,10710,10547
10631: 10712,10549,10632,10548,10630,10711
10632: 10712,10549,10631,10713,10550,10633
10633: 10551,10634,10714,10632,10713,10550
10634: 10715,10551,10635,10552,10633,10714
10635: 10715,10552,10634,10553,10716,10636
10636: 10553,10716,10637,10717,10554,10635
10637: 10555,10636,10718,10717,10554,10638
10638: 10555,10718,10637,10639,10556,10719
10639: 10557,10640,10556,10720,10719,10638
10640: 10558,10557,10721,10639,10720,10641
10641: 10559,10642,10722,10558,10640,10721
10642: 10559,10560,10643,10641,10723,10722
10643: 10560,10724,10642,10723,10561,10644
10644: 10562,10725,10645,10724,10643,10561
10645: 10562,10563,10725,10646,10644,10726
10646: 10563,10645,10726,10727,10647,10564
10647: 10565,10727,10648,10728,10564,10646
10648: 10566,10565,10649,10647,10729,10728
10649: 10566,10648,10729,10730,10650,10567
10650: 10568,10730,10651,10731,10567,10649
10651: 10569,10568,10650,10652,10732,10731
10652: 10569,10651,10732,10570,10653,10733
10653: 10571,10570,10654,10733,10734,10652
10654: 10571,10735,10653,10734,10572,10655
10655: 10736,10573,10656,10735,10654,10572
10656: 10736,10573,10657,10655,10737,10574
10657: 10575,10656,10737,10738,10574,10658
10658: 10576,10659,10739,10575,10657,10738
10659: 10740,10577,10576,10660,10658,10739
10660: 10740,10577,10659,10661,10741,10578
10661: 10579,10662,10742,10741,10578,10660
10662: 10579,10580,10743,10663,10661,10742
10663: 10580,10743,10662,10581,10664,10744
10664: 10745,10581,10665,10582,10744,10663
10665: 10745,10583,10664,10582,10746,10666
10666: 10584,10747,10667,10583,10665,10746
10667: 10668,10585,10584,10747,10748,10666
10668: 10585,10667,10586,10748,10749,10669
10669: 10587,10670,10750,10668,10586,10749
10670: 10588,10587,10750,10751,10671,10669
10671: 10752,10588,10670,10589,10751,10672
10672: 10753,10673,10590,10752,10589,10671
10673: 10754,10672,10753,10674,10590,10591
10674: 10754,10673,10591,10675,10755,10592
10675: 10593,10756,10676,10755,10592,10674
10676: 10675,10593,10756,10677,10594,10757
10677: 10676,10594,10757,10678,10758,10595
10678: 10596,10759,10679,10758,10595,10677
10679: 10596,10597,10759,10678,10760,10680
10680: 10681,10761,10598,10597,10679,10760
10681: 10599,10682,10762,10761,10598,10680
10682: 10681,10599,10762,10600,10763,10683
10683: 10764,10601,10684,10682,10600,10763
10684: 10764,10601,10685,10602,10683,10765
10685: 10684,10602,10765,10603,10686,10766
10686: 10603,10687,10604,10685,10766,10767
10687: 10605,10686,10688,10604,10768,10767
10688: 10605,10687,10768,10606,10689,10769
10689: 10606,10607,14190,10688,10769,13836
10690: 13119,10691,13057,10770,10771
10691: 14306,13119,10692,10690,10771,17112
10692: 12502,14306,10691,17324,17112,12771
10693: 17324,13375,12991,17112,14565,12613,18144
10694: 12422,11877,16873,14687,13328,18136
10695: 10775,10696,13121,10614,12073,12834
10696: 13274,10695,10775,16285,13121,10615
10697: 10777,10776,17049,10616,12874,16881,10698
10698: 10618,10617,16881,10699,10777,14202,10697
10699: 10618,10698,14202,10700,10619,10778
10700: 10701,10619,10620,10699,10779,10778
10701: 10700,10621,10620,10702,10780,10779,18578
10702: 10701,10621,10780,10703,10622,18053
10703: 10704,10623,10622,10702,10782,18053
10704: 10703,10623,10624,10782,10783,18488,10705
10705: 10625,10706,10704,10624,10783,10784
10706: 10625,10626,10705,10707,10785,10784
10707: 10626,10706,10627,10785,10708,10786
10708: 10709,10628,10707,10627,10787,10786
10709: 10629,10628,10708,10710,10787,10788
10710: 10709,10629,10788,10630,10711,10789
10711: 10712,10631,10630,10710,10790,10789
10712: 10632,10631,10711,10713,10791,10790
10713: 10712,10632,10791,10633,10714,10792
10714: 10715,10634,10633,10713,10792,10793
10715: 10635,10634,10714,10794,10793,10716
10716: 10636,10717,10715,10635,10794,10795
10717: 10716,10636,10718,10637,10796,10795
10718: 10637,10717,10638,10796,10797,10719
10719: 10639,10720,10718,10638,10797,10798
10720: 10640,10721,10639,10719,10798,10799
10721: 10640,10720,10799,10641,10722,10800
10722: 10642,10641,10723,10721,10801,10800
10723: 10724,10643,10642,10722,10802,10801
10724: 10643,10723,10802,10725,10644,10803
10725: 10645,10644,10726,10724,10804,10803
10726: 10725,10646,10645,10804,10805,10727
10727: 10647,10728,10646,10726,10805,10806
10728: 10727,10648,10647,10729,10807,10806
10729: 10649,10648,10728,10808,10807,10730
10730: 10650,10731,10649,10729,10808,10809
10731: 10730,10650,10651,10732,10810,10809
10732: 10651,10652,10731,10811,10810,10733
10733: 10653,10734,10652,10732,10811,10812
10734: 10735,10654,10653,10733,10813,10812
10735: 10654,10734,10813,10736,10655,10814
10736: 10656,10655,10737,10735,10814,10815
10737: 10736,10657,10656,10738,10816,10815
10738: 10657,10737,10816,10658,10739,10817
10739: 10740,10659,10658,10738,10818,10817
10740: 10660,10659,10739,10819,10818,10741
10741: 10661,10742,10740,10660,10819,10820
10742: 10743,10662,10661,10741,10821,10820
10743: 10663,10662,10742,10822,10821,10744
10744: 10745,10664,10743,10663,10822,10823
10745: 10665,10664,10746,10744,10823,10824
10746: 10745,10665,10824,10747,10666,10825
10747: 10667,10748,10666,10746,10826,10825
10748: 10668,10747,10667,10749,10827,10826
10749: 10668,10748,10827,10750,10669,10828
10750: 10670,10751,10669,10749,10829,10828
10751: 10752,10670,10750,10671,10830,10829
10752: 10751,10671,10830,10672,10753,10831
10753: 10754,10672,10673,10752,10832,10831
10754: 10753,10674,10673,10832,10833,10755
10755: 10675,10756,10754,10674,10833,10834
10756: 10675,10676,10757,10755,10835,10834
10757: 10756,10677,10676,10835,10836,10758
10758: 10759,10678,10677,10757,10836,10837
10759: 10679,10678,10760,10758,10838,10837
10760: 10759,10679,10838,10761,10680,10839
10761: 10681,10762,10680,10760,10840,10839
10762: 10681,10682,10761,10763,10841,10840
10763: 10682,10762,10841,10764,10683,10842
10764: 10684,10683,10763,10843,10842,10765
10765: 10843,10844,10764,10685,10684,10766
10766: 10845,10767,10685,10844,10765,10686
10767: 10766,10846,10845,10768,10686,10687
10768: 10847,10846,10767,10687,10688,10769
10769: 14170,13836,10688,10847,10768,10689
10770: 13365,12827,13836,13057,14190,10690,10771
10771: 13375,13712,17112,12827,10770,10691,10690
10772: 15141,12058,15373,14565,13790
10773: 16520,14995,16191,17909,17719
10774: 15493,14601,12834,12574,14991
10775: 13274,10695,10852,10696,12834,14991
10776: 10777,10853,10854,12042,10697,12874,13907
10777: 14202,10854,10697,10776,10698
10778: 10855,10779,10699,14202,15257,10700
10779: 10856,10855,10778,18578,10700,10701
10780: 10857,18578,10701,10702,18053
10781: 10858,17455,10782,18053,18488,10857
10782: 18053,10781,18488,10703,10704
10783: 17057,18488,10704,10705,10860,10784
10784: 10860,10785,10861,10783,10706,10705
10785: 10784,10861,10862,10706,10707,10786
10786: 10787,10863,10707,10785,10862,10708
10787: 10863,10788,10864,10786,10709,10708
10788: 10787,10865,10864,10709,10710,10789
10789: 10790,10866,10710,10788,10865,10711
10790: 10791,10867,10789,10866,10712,10711
10791: 10790,10867,10868,10712,10713,10792
10792: 10793,10869,10713,10791,10868,10714
10793: 10792,10794,10870,10869,10715,10714
10794: 10793,10870,10715,10716,10795,10871
10795: 10796,10872,10871,10794,10716,10717
10796: 10795,10873,10872,10797,10718,10717
10797: 10796,10873,10718,10719,10798,10874
10798: 10799,10875,10874,10797,10720,10719
10799: 10876,10798,10875,10721,10720,10800
10800: 10801,10877,10721,10876,10799,10722
10801: 10878,10802,10877,10800,10723,10722
10802: 10878,10801,10879,10724,10723,10803
10803: 10804,10880,10724,10802,10879,10725
10804: 10803,10881,10880,10805,10725,10726
10805: 10804,10881,10726,10727,10806,10882
10806: 10807,10882,10883,10805,10727,10728
10807: 10808,10806,10883,10884,10729,10728
10808: 10807,10884,10729,10730,10809,10885
10809: 10810,10886,10885,10808,10730,10731
10810: 10811,10809,10887,10886,10732,10731
10811: 10810,10887,10732,10733,10812,10888
10812: 10813,10889,10888,10811,10733,10734
10813: 10890,10812,10889,10735,10734,10814
10814: 10815,10891,10735,10890,10813,10736
10815: 10816,10814,10891,10892,10736,10737
10816: 10815,10892,10893,10737,10738,10817
10817: 10818,10894,10738,10816,10893,10739
10818: 10819,10817,10894,10895,10740,10739
10819: 10818,10895,10740,10741,10820,10896
10820: 10821,10897,10896,10819,10742,10741
10821: 10822,10898,10897,10820,10743,10742
10822: 10821,10898,10743,10744,10823,10899
10823: 10824,10900,10899,10822,10745,10744
10824: 10823,10900,10901,10745,10746,10825
10825: 10826,10902,10746,10824,10901,10747
10826: 10827,10903,10902,10825,10747,10748
10827: 10826,10904,10903,10748,10749,10828
10828: 10829,10905,10749,10827,10904,10750
10829: 10830,10906,10905,10828,10750,10751
10830: 10829,10907,10906,10752,10751,10831
10831: 10832,10908,10752,10830,10907,10753
10832: 10831,10909,10908,10833,10754,10753
10833: 10832,10909,10754,10755,10834,10910
10834: 10835,10911,10910,10833,10756,10755
10835: 10834,10912,10836,10911,10756,10757
10836: 10835,10912,10757,10758,10913,10837
10837: 10913,10914,10838,10836,10759,10758
10838: 10915,10914,10837,10759,10760,10839
10839: 10916,10840,10760,10915,10838,10761
10840: 10841,10917,10916,10839,10762,10761
10841: 10917,10918,10840,10762,10763,10842
10842: 10919,10843,10763,10841,10918,10764
10843: 10919,10920,10844,10842,10765,10764
10844: 10843,10920,10765,10766,10845,10921
10845: 10766,10922,10846,10767,10921,10844
10846: 10923,10922,10847,10845,10768,10767
10847: 10923,10846,10768,10769,14170,12370
10848: 10849,14170,10924,13365,12827,12370,13004
10849: 10848,12827,13004,12008,13712,14927
10850: 17269,12988,12470,15141,17187,16755
10851: 14972,12574,12273,14991,10852
10852: 13274,10775,13907,10851,13667,12273,14991
10853: 10854,12042,10929,10776,15522
10854: 10777,14202,10853,15257,10929,10776
10855: 10856,10931,16630,10779,10778,15257
10856: 10931,10855,10779,10932,10857,18578
10857: 10856,10780,10932,18578,17455,10781,10933
10858: 17455,17057,10859,10781,10934,18488
10859: 10858,17057,10934,10935,16437
10860: 16288,10784,10861,16437,17057,10783
10861: 16288,10860,10785,10784,10937,10862
10862: 10785,10937,10861,10863,10938,10786
10863: 10787,10864,10939,10938,10786,10862
10864: 10787,10863,10788,10865,10940,10939
10865: 10788,10864,10940,10789,10866,10941
10866: 10942,10790,10867,10789,10941,10865
10867: 10942,10791,10790,10943,10866,10868
10868: 10791,10867,10943,10792,10869,10944
10869: 10792,10793,10870,10945,10944,10868
10870: 10794,10793,10869,10946,10945,10871
10871: 10947,10795,10872,10794,10870,10946
10872: 10947,10796,10795,10873,10871,10948
10873: 10796,10872,10948,10949,10797,10874
10874: 10950,10798,10875,10873,10949,10797
10875: 10876,10950,10798,10799,10874,10951
10876: 10799,10875,10951,10877,10952,10800
10877: 10878,10801,10953,10952,10800,10876
10878: 10802,10801,10877,10953,10954,10879
10879: 10878,10802,10954,10955,10803,10880
10880: 10955,10804,10803,10881,10956,10879
10881: 10804,10880,10956,10957,10805,10882
10882: 10806,10883,10958,10881,10957,10805
10883: 10807,10806,10882,10884,10959,10958
10884: 10808,10807,10883,10960,10959,10885
10885: 10809,10886,10961,10808,10884,10960
10886: 10810,10809,10887,10885,10962,10961
10887: 10811,10810,10886,10963,10962,10888
10888: 10812,10889,10964,10811,10887,10963
10889: 10890,10813,10812,10888,10965,10964
10890: 10813,10889,10965,10814,10891,10966
10891: 10814,10815,10892,10967,10966,10890
10892: 10816,10815,10891,10893,10968,10967
10893: 10816,10892,10968,10817,10894,10969
10894: 10818,10817,10969,10895,10970,10893
10895: 10819,10818,10894,10971,10970,10896
10896: 10972,10897,10820,10819,10895,10971
10897: 10821,10972,10973,10898,10820,10896
10898: 10822,10821,10973,10897,10974,10899
10899: 10823,10975,10900,10822,10898,10974
10900: 10823,10824,10975,10976,10901,10899
10901: 10824,10976,10900,10902,10977,10825
10902: 10826,10978,10903,10977,10825,10901
10903: 10827,10826,10978,10904,10902,10979
10904: 10827,10903,10979,10905,10980,10828
10905: 10829,10981,10906,10980,10828,10904
10906: 10830,10829,10981,10907,10905,10982
10907: 10830,10906,10982,10831,10983,10908
10908: 10832,10831,10983,10909,10984,10907
10909: 10832,10985,10908,10984,10833,10910
10910: 10986,10834,10911,10985,10909,10833
10911: 10835,10986,10987,10834,10912,10910
10912: 10835,10987,10836,10988,10911,10913
10913: 10989,10914,10837,10912,10836,10988
10914: 10913,10915,10990,10989,10838,10837
10915: 10990,10914,10838,10916,10991,10839
10916: 10917,10992,10840,10991,10839,10915
10917: 10841,10993,10992,10918,10916,10840
10918: 10841,10917,10993,10919,10842,10994
10919: 10843,10920,10842,10995,10994,10918
10920: 10919,10843,15066,10844,10995,10921
10921: 10922,14327,10845,15066,10920,10844
10922: 10923,10846,12371,14327,10845,15328,10921
10923: 10922,10847,10846,15328,12370,13841
10924: 10848,12370,13004,13841,11942,12175
10925: 17814,12148,15083,13188,14145,15944
10926: 11000,15083,12928,14424,15226,15489
10927: 13980,15846,13462,13751,11002,13594
10928: 15229,15444,16975,14007,13980,16194
10929: 10853,15257,10854,15522,15415,10930,16630
10930: 15415,12238,10929,16630,16043
10931: 10856,16630,10855,10932,12786,16043
10932: 10856,10931,10857,12786,11006,10933
10933: 14283,10932,10857,11006,17455,10934
10934: 10858,17455,10859,11008,10935,14283,10933
10935: 15776,11008,10859,10934,16437,10936
10936: 11009,11010,15776,10935,16288,16437
10937: 16288,10861,10862,11010,17378,10938
10938: 10863,10939,10937,10862,17378,11012
10939: 10863,10864,10940,10938,11013,11012
10940: 10865,10864,10939,11013,11014,10941
10941: 10942,10866,10865,10940,11014,11015
10942: 10867,10943,10866,10941,11015,11016
10943: 10942,10867,10868,11016,11017,10944
10944: 10869,10945,10943,10868,11017,11018
10945: 10870,10869,10946,10944,11019,11018
10946: 10870,10945,11019,10947,10871,11020
10947: 10872,10871,10948,10946,11021,11020
10948: 10947,10873,10872,10949,11021,11022
10949: 10873,10948,11022,10950,10874,11023
10950: 10875,10874,10951,10949,11024,11023
10951: 10876,10950,10875,11024,11025,10952
10952: 10877,10953,10876,10951,11025,11026
10953: 10878,10877,10952,10954,11027,11026
10954: 10878,10953,10879,11027,11028,10955
10955: 10880,10956,10954,10879,11028,11029
10956: 10955,10881,10880,10957,11030,11029
10957: 10881,10956,11030,10882,10958,11031
10958: 10882,10883,10959,10957,11031,11032
10959: 10883,10884,10960,10958,11033,11032
10960: 10884,10959,11033,10885,10961,11034
10961: 10886,10885,10962,10960,11034,11035
10962: 10887,10886,10963,10961,11036,11035
10963: 10887,10962,11036,10888,10964,11037
10964: 10889,10888,10965,10963,11037,11038
10965: 10890,10889,10964,11038,11039,10966
10966: 10891,10967,10890,10965,11039,11040
10967: 10891,10892,10968,10966,11040,11041
10968: 10892,10893,10967,11042,11041,10969
10969: 10894,10970,10893,10968,11042,11043
10970: 10894,10969,10895,10971,11044,11043
10971: 10895,10970,11044,10972,10896,11045
10972: 10973,10897,10896,10971,11046,11045
10973: 10972,10898,10897,10974,11047,11046
10974: 10973,10898,11047,10975,10899,11048
10975: 10976,10900,10899,10974,11049,11048
10976: 10975,10900,10901,11049,11050,10977
10977: 10978,10902,10976,10901,11050,11051
10978: 10903,10902,10979,10977,11051,11052
10979: 10978,10904,10903,11052,11053,10980
10980: 10981,10905,10904,10979,11053,11054
10981: 10906,10905,10982,10980,11055,11054
10982: 10981,10907,10906,11055,11056,10983
10983: 10908,10984,10907,10982,11056,11057
10984: 10985,10983,10909,10908,11058,11057
10985: 10909,10984,11058,10986,10910,11059
10986: 10987,10911,10910,10985,11060,11059
10987: 10986,10912,10988,10911,11060,11061
10988: 10987,10912,11061,10913,10989,11062
10989: 10913,10990,10914,10988,11063,11062
10990: 10915,10989,10914,11063,11064,10991
10991: 10992,10916,10915,10990,11064,11065
10992: 10917,10993,10916,10991,11066,11065
10993: 10917,10992,10918,11066,11067,10994
10994: 10919,10995,10993,10918,11067,14950
10995: 10919,15066,10920,10994,14950,11068,14255
10996: 11069,14255,15066,14327,10997,12905
10997: 12981,11070,12905,10996,12371,14327
10998: 11070,15328,13841,12175,10999
10999: 12176,12175,16549,11070,10998,14992
11000: 15083,10926,14145,12755,11073,14424
11001: 17559,17799,17925,15999
11002: 15846,12895,10927,12597,13751,14053,14473
11003: 14110,11004,11075,15183,14418,15699
11004: 14110,14415,11003,15415,12238,11075
11005: 12542,12786,11076,17657,13614
11006: 12542,12786,10932,11077,14283,10933
11007: 11077,14466,11078,11008,11079,14283
11008: 15776,11007,10935,11079,14283,10934
11009: 11081,11080,11010,10936,15776,15804
11010: 11011,11081,11009,17378,10936,16288,10937
11011: 11081,11010,17378,11082,17105,17370
11012: 11013,11083,17378,17370,10939,10938
11013: 11012,11084,11083,11014,10940,10939
11014: 11013,11084,10940,10941,11085,11015
11015: 11086,11085,11016,11014,10942,10941
11016: 11086,11015,11087,11017,10942,10943
11017: 11016,11087,10943,10944,11088,11018
11018: 11019,11088,11089,11017,10945,10944
11019: 11089,11090,11018,10946,10945,11020
11020: 11021,11091,10946,11019,11090,10947
11021: 11092,11091,11022,11020,10947,10948
11022: 11021,11092,11093,10948,10949,11023
11023: 11094,11024,10949,11022,11093,10950
11024: 11095,11094,11025,11023,10950,10951
11025: 11095,11024,10951,10952,11026,11096
11026: 11027,11097,11096,11025,10953,10952
11027: 11098,11097,11028,11026,10953,10954
11028: 11027,11098,10954,10955,11099,11029
11029: 11100,11099,11030,11028,10955,10956
11030: 11100,11101,11029,10956,10957,11031
11031: 11102,11032,10957,11101,11030,10958
11032: 11103,11102,11033,11031,10959,10958
11033: 11104,11103,11032,10960,10959,11034
11034: 11105,11035,10960,11104,11033,10961
11035: 11106,11105,11036,11034,10962,10961
11036: 11107,11106,11035,10963,10962,11037
11037: 11108,11038,10963,11107,11036,10964
11038: 11108,11109,11037,11039,10965,10964
11039: 11109,11038,10965,10966,11110,11040
11040: 11111,11110,11041,11039,10967,10966
11041: 11112,11111,11042,11040,10968,10967
11042: 11112,11041,10968,10969,11113,11043
11043: 11114,11113,11044,11042,10969,10970
11044: 11114,11115,11043,10971,10970,11045
11045: 11116,11046,10971,11115,11044,10972
11046: 11117,11116,11047,11045,10972,10973
11047: 11117,11118,11046,10973,10974,11048
11048: 11119,11049,10974,11118,11047,10975
11049: 11119,11050,11048,11120,10975,10976
11050: 11049,11120,10976,10977,11051,11121
11051: 11122,11052,11121,11050,10978,10977
11052: 11123,11122,11051,11053,10978,10979
11053: 11123,11052,10979,10980,11124,11054
11054: 11125,11124,11055,11053,10981,10980
11055: 11126,11125,11054,11056,10981,10982
11056: 11126,11055,10982,10983,11127,11057
11057: 11128,11127,11058,11056,10983,10984
11058: 11129,11128,11057,10985,10984,11059
11059: 11130,11060,10985,11129,11058,10986
11060: 11131,11130,11061,11059,10986,10987
11061: 11131,11060,11132,10987,10988,11062
11062: 11133,11063,10988,11061,11132,10989
11063: 11134,11133,11064,11062,10990,10989
11064: 11134,11063,10990,10991,11065,11135
11065: 11066,11135,17332,11064,10992,10991
11066: 17058,11065,11067,17332,10993,10992
11067: 17058,11066,12814,10993,10994,14950,11137
11068: 14950,11137,11069,11138,14255,10995
11069: 11138,11068,10996,14255,13164,12905
11070: 10997,12981,10998,14992,12371,15328,10999
11071: 11139,12981,14992,12035,13137,12107
11072: 13174,12176,12815,16549,14375,15632
11073: 14424,16991,12564,11843,11000,12755
11074: 12087,14053,14418,12471,12895,12018
11075: 11003,11004,12238,17657,13614,15699
11076: 12542,11005,13614,11145,12203,14426
11077: 14466,11007,14283,12542,11006,11145
11078: 14466,15343,11007,11079,13031,13997
11079: 15776,11078,11008,15343,11007,15804
11080: 11081,11009,11148,17105,15804,11149
11081: 11011,11009,11080,11010,17105
11082: 11011,17105,17370,11150,11151,18395
11083: 11013,11012,11084,11152,18395,17370
11084: 11013,11152,11083,11014,11153,11085
11085: 11154,11086,11015,11084,11014,11153
11086: 11154,11085,11015,11155,11016,11087
11087: 11086,11155,11016,11156,11017,11088
11088: 11157,11089,11018,11087,11156,11017
11089: 11158,11019,11088,11157,11090,11018
11090: 11158,11019,11089,11091,11159,11020
11091: 11021,11092,11159,11160,11020,11090
11092: 11021,11091,11160,11161,11022,11093
11093: 11092,11161,11022,11162,11094,11023
11094: 11162,11095,11163,11024,11023,11093
11095: 11094,11163,11024,11025,11164,11096
11096: 11097,11165,11026,11095,11025,11164
11097: 11027,11098,11166,11165,11026,11096
11098: 11027,11097,11166,11028,11167,11099
11099: 11100,11168,11029,11098,11028,11167
11100: 11099,11101,11169,11168,11030,11029
11101: 11100,11169,11030,11102,11170,11031
11102: 11103,11170,11171,11031,11032,11101
11103: 11104,11102,11171,11033,11032,11172
11104: 11103,11033,11172,11105,11173,11034
11105: 11106,11173,11034,11035,11174,11104
11106: 11107,11105,11175,11036,11035,11174
11107: 11106,11175,11036,11108,11176,11037
11108: 11109,11177,11176,11037,11038,11107
11109: 11178,11108,11177,11038,11039,11110
11110: 11111,11179,11040,11178,11109,11039
11111: 11112,11110,11179,11040,11041,11180
11112: 11111,11042,11181,11041,11180,11113
11113: 11114,11182,11043,11112,11042,11181
11114: 11115,11113,11044,11183,11182,11043
11115: 11114,11044,11183,11116,11184,11045
11116: 11117,11185,11046,11184,11045,11115
11117: 11118,11116,11047,11186,11185,11046
11118: 11117,11047,11186,11119,11187,11048
11119: 11187,11049,11188,11048,11120,11118
11120: 11119,11049,11050,11189,11188,11121
11121: 11122,11051,11190,11050,11189,11120
11122: 11123,11191,11051,11052,11190,11121
11123: 11122,11191,11052,11192,11053,11124
11124: 11125,11054,11193,11123,11192,11053
11125: 11126,11124,11055,11054,11194,11193
11126: 11125,11055,11194,11056,11127,11195
11127: 11128,11196,11057,11195,11126,11056
11128: 11129,11127,11058,11197,11196,11057
11129: 11128,11058,11197,11130,11198,11059
11130: 11131,11060,11199,11198,11059,11129
11131: 11130,11060,11061,11199,11200,11132
11132: 11131,11061,11200,11133,11062,11201
11133: 11134,11063,11062,11201,11202,11132
11134: 11133,11203,11063,11064,11202,11135
11135: 11136,11065,17332,11134,11203,11064
11136: 17058,11205,11135,17332,15627,11204
11137: 14950,11138,14976,11068,12974,12814,11067
11138: 11137,11069,14976,11068,13164,11207
11139: 12981,11071,12905,13164,12894,12107
11140: 13198,13788,18008,13120,12721,17327
11141: 12004,13137,12035,17059,11210,11142
11142: 13562,11210,16165,11141,13174,17059
11143: 16736,16905,12597,14473,12577,14141
11144: 11844,14866,12963,15523,12075
11145: 12542,11076,12690,14426,11077,14466
11146: 15933,13997,12453,14355,12690,12849
11147: 13031,15933,11214,12453,13125,11278
11148: 11080,15343,15804,13125,15476,11149
11149: 11150,15476,11216,11080,11148,17105
11150: 11149,11216,11217,11082,17105,11151
11151: 18395,18442,11082,11150,11217,11218
11152: 11084,11083,11153,18395,18442,11218,11219
11153: 11084,11152,11219,11154,11085,11220
11154: 11086,11085,11155,11153,11221,11220
11155: 11154,11086,11087,11156,11222,11221
11156: 11155,11087,11222,11088,11157,11223
11157: 11158,11088,11089,11156,11224,11223
11158: 11157,11089,11090,11225,11224,11159
11159: 11091,11160,11158,11090,11225,11226
11160: 11092,11091,11159,11161,11226,11227
11161: 11092,11160,11093,11228,11227,11162
11162: 11094,11163,11161,11093,11228,11229
11163: 11162,11095,11094,11164,11229,11230
11164: 11095,11163,11230,11165,11096,11231
11165: 11097,11166,11096,11164,11231,11232
11166: 11098,11097,11165,11167,11232,11233
11167: 11098,11166,11233,11099,11168,11234
11168: 11100,11099,11169,11167,11235,11234
11169: 11100,11101,11168,11235,11236,11170
11170: 11102,11171,11101,11169,11236,11237
11171: 11103,11102,11170,11172,11237,11238
11172: 11104,11103,11171,11239,11238,11173
11173: 11105,11174,11104,11172,11239,11240
11174: 11106,11105,11173,11175,11240,11241
11175: 11107,11106,11174,11242,11241,11176
11176: 11108,11177,11107,11175,11242,11243
11177: 11178,11108,11109,11176,11243,11244
11178: 11109,11177,11244,11110,11179,11245
11179: 11111,11110,11180,11178,11245,11246
11180: 11112,11111,11181,11179,11247,11246
11181: 11112,11180,11247,11113,11182,11248
11182: 11114,11113,11183,11181,11249,11248
11183: 11114,11115,11182,11249,11250,11184
11184: 11116,11185,11115,11183,11250,11251
11185: 11117,11116,11186,11184,11252,11251
11186: 11117,11118,11185,11252,11253,11187
11187: 11119,11188,11118,11186,11253,11254
11188: 11119,11187,11189,11120,11254,11255
11189: 11188,11120,11255,11190,11121,11256
11190: 11122,11191,11121,11189,11257,11256
11191: 11123,11122,11192,11190,11258,11257
11192: 11123,11191,11258,11124,11193,11259
11193: 11125,11124,11194,11192,11260,11259
11194: 11126,11125,11193,11260,11261,11195
11195: 11127,11196,11126,11194,11261,11262
11196: 11128,11127,11197,11195,11262,11263
11197: 11129,11128,11196,11263,11264,11198
11198: 11130,11199,11129,11197,11264,11265
11199: 11131,11130,11200,11198,11266,11265
11200: 11131,11199,11132,11266,11267,11201
11201: 11133,11202,11200,11132,11267,11268
11202: 11134,11133,11203,11201,11268,11269,18481
11203: 11134,11202,18481,11135
11204: 15748,15627,11270,18481,11136
11205: 17058,11136,12814,15627,11272,12974
11206: 17280,12550,13193,11272,14976,12974
11207: 11138,14976,13164,12894,17280,13880
11208: 12721,12266,11273,17327,16762
11209: 14319,12760,13198,12886,13120,12553
11210: 13562,14215,11142,12004,11141,12886
11211: 16266,11982,18554,11846,14805,12900
11212: 14426,12915,15523,12849,11213,18225
11213: 12915,11212,12849,11276,14047,14355
11214: 11147,11936,12453,12772,11278,13044
11215: 15476,11279,15125,11216,11278
11216: 11150,15476,11215,11149,15125,13014,11217
11217: 11150,11216,13014,11151,11281,11218
11218: 11281,11282,11219,11217,11152,11151,18442
11219: 11282,11218,11283,11152,11153,18442,11220
11220: 11284,11221,11153,11283,11219,11154
11221: 11284,11285,11222,11220,11154,11155
11222: 11285,11221,11286,11155,11156,11223
11223: 11287,11224,11156,11222,11286,11157
11224: 11225,11288,11287,11223,11158,11157
11225: 11288,11224,11158,11159,11226,11289
11226: 11290,11227,11289,11225,11159,11160
11227: 11226,11291,11290,11228,11160,11161
11228: 11291,11227,11161,11162,11229,11292
11229: 11293,11292,11230,11228,11162,11163
11230: 11294,11293,11229,11163,11164,11231
11231: 11295,11232,11164,11294,11230,11165
11232: 11296,11295,11231,11233,11166,11165
11233: 11296,11232,11297,11166,11167,11234
11234: 11235,11298,11167,11233,11297,11168
11235: 11299,11298,11234,11236,11169,11168
11236: 11299,11235,11169,11170,11237,11300
11237: 11301,11238,11300,11236,11170,11171
11238: 11302,11301,11239,11237,11171,11172
11239: 11302,11238,11172,11173,11240,11303
11240: 11304,11241,11303,11239,11173,11174
11241: 11305,11304,11242,11240,11175,11174
11242: 11305,11241,11175,11176,11306,11243
11243: 11306,11307,11244,11242,11177,11176
11244: 11308,11243,11307,11178,11177,11245
11245: 11309,11246,11178,11308,11244,11179
11246: 11247,11310,11309,11245,11179,11180
11247: 11310,11246,11311,11181,11180,11248
11248: 11249,11312,11181,11247,11311,11182
11249: 11313,11312,11250,11248,11183,11182
11250: 11249,11313,11183,11184,11314,11251
11251: 11315,11252,11314,11250,11185,11184
11252: 11316,11315,11253,11251,11186,11185
11253: 11316,11252,11186,11187,11317,11254
11254: 11318,11317,11255,11253,11187,11188
11255: 11318,11254,11319,11189,11188,11256
11256: 11320,11257,11189,11255,11319,11190
11257: 11321,11320,11258,11256,11191,11190
11258: 11321,11257,11322,11191,11192,11259
11259: 11323,11260,11192,11258,11322,11193
11260: 11324,11323,11259,11261,11194,11193
11261: 11324,11260,11194,11195,11262,11325
11262: 11326,11263,11325,11261,11196,11195
11263: 11327,11326,11262,11264,11197,11196
11264: 11327,11263,11197,11198,11328,11265
11265: 11266,11329,11328,11264,11199,11198
11266: 11329,11330,11265,11267,11199,11200
11267: 11266,11330,11200,11201,11268,11331
11268: 11331,15836,11269,11267,11201,11202
11269: 11268,15836,11332,18481,11202,11270
11270: 15748,14262,11204,11332,11269,18481
11271: 13099,11334,12212,14137,13193,15357
11272: 14137,13193,15627,11205,12974,11206
11273: 11208,12721,12115,16762,14758,11914
11274: 15711,12760,12721,14758,11849,13120
11275: 12332,17919,14219,13635,16434,14945,17231
11276: 12436,14998,11277,14047,12915,11213
11277: 12436,13774,14040,11276,14047,11850
11278: 11147,11214,12772,13125,15476,11279,11215
11279: 11215,15125,11280,12772,11278,12580
11280: 11342,11279,15125,11341,12580
11281: 14115,11282,11218,13939,13014,11217
11282: 14115,11281,11344,11218,11283,11219
11283: 11344,11282,11219,11402,11284,11220
11284: 11402,11285,11221,11345,11220,11283
11285: 11284,11346,11222,11221,11345,11286
11286: 11346,11285,11222,11287,11347,11223
11287: 11288,11224,11348,11347,11223,11286
11288: 11225,11287,11224,11348,11349,11289
11289: 11226,11290,11350,11225,11288,11349
11290: 11226,11291,11351,11350,11227,11289
11291: 11290,11228,11351,11227,11352,11292
11292: 11293,11229,11353,11291,11228,11352
11293: 11294,11229,11292,11353,11354,11230
11294: 11293,11354,11230,11295,11231,11355
11295: 11296,11231,11356,11355,11232,11294
11296: 11295,11356,11357,11232,11233,11297
11297: 11296,11357,11233,11298,11358,11234
11298: 11299,11235,11359,11358,11234,11297
11299: 11235,11298,11359,11360,11236,11300
11300: 11301,11361,11237,11299,11360,11236
11301: 11302,11362,11361,11237,11238,11300
11302: 11301,11239,11363,11362,11238,11303
11303: 11304,11364,11240,11302,11239,11363
11304: 11305,11365,11364,11240,11241,11303
11305: 11304,11242,11365,11366,11241,11306
11306: 11367,11243,11307,11305,11242,11366
11307: 11308,11306,11368,11367,11243,11244
11308: 11368,11307,11244,11309,11369,11245
11309: 11310,11370,11369,11245,11246,11308
11310: 11247,11309,11370,11371,11246,11311
11311: 11247,11310,11371,11312,11372,11248
11312: 11249,11313,11373,11372,11248,11311
11313: 11249,11312,11373,11374,11250,11314
11314: 11315,11375,11251,11313,11374,11250
11315: 11316,11252,11376,11375,11314,11251
11316: 11315,11252,11377,11376,11253,11317
11317: 11378,11318,11254,11316,11377,11253
11318: 11378,11317,11254,11379,11255,11319
11319: 11318,11379,11255,11320,11380,11256
11320: 11321,11381,11257,11380,11256,11319
11321: 11382,11320,11258,11381,11257,11322
11322: 11382,11321,11258,11323,11259,11383
11323: 11324,11260,11384,11259,11383,11322
11324: 11323,11260,11385,11384,11261,11325
11325: 11326,11262,11386,11324,11385,11261
11326: 11327,11262,11387,11263,11386,11325
11327: 11326,11387,11388,11263,11264,11328
11328: 11329,11389,11265,11327,11388,11264
11329: 11266,11389,11328,11390,11330,11265
11330: 11266,11329,11391,11390,11267,11331
11331: 11392,11268,15836,11391,11330,11267
11332: 11333,12213,15836,11269,14262,11270
11333: 12213,11332,14277,14262,11394,13981
11334: 13099,15748,14262,14137,13193,11271,11394
11335: 15335,13288,12661,14091,12611,15811
11336: 14758,11914,14924,15335,11849,13288
11337: 17820,17780,17965
11338: 12391,12410,17085,17264,14948,16240
11339: 12982,13964,12648,16276,14184,16267
11340: 15203,12671,12648,13930,12269
11341: 12580,12271,14964,14256,12373,11342,11280
11342: 15125,11280,13014,11341,12373,13939
11343: 11400,11401,12373,14115,13939
11344: 14115,11282,11283,11456,11401,11402
11345: 11402,11284,11346,11285,12983,11403
11346: 11285,11345,11286,11403,11404,11347
11347: 11287,11348,11346,11286,11404,11405
11348: 11288,11287,11347,11349,11406,11405
11349: 11288,11348,11406,11350,11289,11407
11350: 11290,11351,11289,11349,18499,11407
11351: 11291,11290,11350,11352,11409,18499
11352: 11291,11351,11409,11292,11353,11410
11353: 11293,11292,11354,11352,11410,11411
11354: 11294,11293,11353,11411,11412,11355
11355: 11295,11356,11294,11354,11412,11413
11356: 11296,11295,11357,11355,11414,11413
11357: 11296,11356,11297,11414,11415,11358
11358: 11298,11359,11357,11297,11415,11416
11359: 11299,11298,11358,11360,11416,11417
11360: 11299,11359,11417,11361,11300,11418
11361: 11301,11362,11300,11360,11419,11418
11362: 11302,11301,11363,11361,11420,11419
11363: 11302,11362,11420,11364,11303,11421
11364: 11304,11365,11303,11363,11421,11422
11365: 11305,11304,11366,11364,11422,11423
11366: 11305,11365,11423,11306,11367,11424
11367: 11306,11368,11307,11366,11424,11425
11368: 11308,11367,11307,11425,11426,11369
11369: 11309,11370,11308,11368,11426,11427
11370: 11310,11309,11369,11371,11428,11427
11371: 11310,11370,11311,11428,11429,11372
11372: 11312,11373,11371,11311,11429,11430
11373: 11313,11312,11374,11372,11430,11431
11374: 11313,11373,11431,11375,11314,11432
11375: 11315,11376,11314,11374,11433,11432
11376: 11316,11315,11377,11375,11433,11434
11377: 11316,11376,11434,11378,11317,11435
11378: 11318,11317,11379,11377,11436,11435
11379: 11378,11318,11319,11436,11437,11380
11380: 11320,11381,11379,11319,11437,11438
11381: 11382,11321,11320,11380,11438,11439
11382: 11321,11381,11322,11440,11439,11383
11383: 11323,11384,11382,11322,11440,11441
11384: 11324,11323,11385,11383,11442,11441
11385: 11324,11384,11442,11386,11325,11443
11386: 11326,11387,11325,11385,11444,11443
11387: 11327,11326,11388,11386,11444,11445
11388: 11327,11387,11445,11389,11328,11446
11389: 11329,11328,11390,11388,11447,11446
11390: 11329,11389,11391,11330,11447,14384
11391: 11390,11330,14384,11392,11331,11449
11392: 11331,12213,15836,11391,11449,14747
11393: 11450,12243,14277,12112,11853,13981
11394: 13099,11334,14262,11333,14393,13981
11395: 11396,18113,15811,17354,14924,13288
11396: 11851,15521,18113,17354,11395,17928
11397: 15477,18600,15637,12360,13874,13670
11398: 13141,12982,13964,13533,12044,11399
11399: 13930,12271,12161,14256,12982,11398,13533
11400: 12254,14459,11343,15128,15045,11401,12373
11401: 11456,11400,12254,11343,14115,11344
11402: 11284,11345,11344,11283,11456,12983
11403: 12839,12983,11404,11458,11346,11345
11404: 11403,11458,11346,11347,11405,11459
11405: 11406,11460,11459,11404,11348,11347
11406: 11405,11460,11461,11348,11349,11407
11407: 11408,18499,17840,11349,11406,11461,11350
11408: 11462,11463,18499,17840,11407
11409: 11463,18499,11464,11351,11352,11410
11410: 11465,11411,11352,11409,11464,11353
11411: 11410,11465,11466,11412,11353,11354
11412: 11466,11411,11354,11355,11413,11467
11413: 11414,11468,11467,11412,11356,11355
11414: 11469,11413,11415,11468,11356,11357
11415: 11414,11469,11357,11358,11470,11416
11416: 11471,11470,11417,11415,11359,11358
11417: 11471,11416,11472,11359,11360,11418
11418: 11419,11473,11360,11472,11417,11361
11419: 11420,11474,11473,11418,11362,11361
11420: 11475,11419,11474,11363,11362,11421
11421: 11422,11476,11363,11475,11420,11364
11422: 11477,11421,11423,11476,11365,11364
11423: 11477,11422,11478,11365,11366,11424
11424: 11425,11479,11366,11423,11478,11367
11425: 11424,11480,11479,11426,11368,11367
11426: 11480,11425,11368,11369,11427,11481
11427: 11428,11482,11481,11426,11370,11369
11428: 11483,11429,11427,11482,11370,11371
11429: 11483,11428,11371,11372,11484,11430
11430: 11484,11485,11431,11429,11373,11372
11431: 11430,11485,11486,11373,11374,11432
11432: 11433,11487,11374,11431,11486,11375
11433: 11488,11434,11487,11432,11376,11375
11434: 11488,11433,11489,11377,11376,11435
11435: 11436,11490,11377,11434,11489,11378
11436: 11490,11435,11491,11437,11378,11379
11437: 11436,11491,11379,11380,11492,11438
11438: 11492,11493,11439,11437,11381,11380
11439: 11440,11494,11493,11438,11382,11381
11440: 11494,11439,11382,11383,11441,11495
11441: 11442,11495,11496,11440,11384,11383
11442: 11441,15354,11496,11385,11384,11443
11443: 11498,11444,11385,11442,15354,11386
11444: 11498,11499,11445,11443,11387,11386
11445: 11500,11499,11444,11387,11388,11446
11446: 11447,13736,11388,11500,11445,11389
11447: 12276,14384,13736,11446,11389,11390
11448: 12276,14159,14384,11449,14760,11502
11449: 14747,14760,11391,11448,14384,11392
11450: 11451,14191,11503,12243,11393,11853
11451: 11450,14191,11944,11853,14078
11452: 16327,17869,14698,17968,12313,18503
11453: 12414,15209,16267,11852,15620
11454: 16684,17173,16038,18569,13335,18416
11455: 13106,14367,15729,12478,11971,14459,15045
11456: 12254,11401,11344,11402,12983,11457
11457: 12839,12983,15036,11456,12254,11508
11458: 12839,11403,11404,13428,11510,11459
11459: 11511,11405,11460,11404,11458,11510
11460: 11406,11512,11511,11405,11459,11461
11461: 11406,11512,11460,17660,17840,11407
11462: 11513,11514,11408,11463,17840,17660
11463: 11515,11462,11514,11408,11409,18499,11464
11464: 11515,11463,11409,11410,11465,11516
11465: 11410,11466,11516,11411,11517,11464
11466: 11518,11465,11411,11517,11412,11467
11467: 11519,11413,11468,11518,11466,11412
11468: 11519,11414,11469,11520,11413,11467
11469: 11414,11520,11415,11468,11521,11470
11470: 11471,11416,11522,11469,11415,11521
11471: 11523,11470,11416,11472,11417,11522
11472: 11471,11523,11417,11473,11524,11418
11473: 11525,11419,11474,11524,11418,11472
11474: 11526,11525,11475,11420,11419,11473
11475: 11526,11420,11474,11421,11476,11527
11476: 11528,11477,11421,11422,11527,11475
11477: 11529,11528,11422,11423,11476,11478
11478: 11529,11477,11423,11424,11530,11479
11479: 11531,11424,11480,11425,11530,11478
11480: 11532,11531,11425,11479,11426,11481
11481: 11533,11427,11482,11532,11480,11426
11482: 11483,17495,11533,11428,11427,11481
11483: 17495,11428,11429,11482,11535,11484
11484: 11536,11430,11485,11483,11429,11535
11485: 11537,11536,11484,11430,11431,11486
11486: 11537,11485,11431,11487,11432,11538
11487: 11488,11539,11433,11432,11538,11486
11488: 11540,11539,11433,11434,11487,11489
11489: 11488,11540,11434,11490,11435,11541
11490: 11436,11435,11541,11542,11491,11489
11491: 11436,11543,11490,11542,11437,11492
11492: 11544,11493,11438,11543,11491,11437
11493: 11544,11545,11494,11492,11438,11439
11494: 11440,11545,11546,11493,11439,11495
11495: 11441,11496,18243,11440,11494,11546
11496: 11442,11441,11495,15354,11548,18243
11497: 11498,14864,11549,15354,11548,14457
11498: 14864,11499,11444,11443,11497,15354
11499: 11498,11500,14864,11444,11445,14228,14370
11500: 11499,11445,14228,13414,13736,11446
11501: 12276,14159,13414,11553,13736,12218
11502: 14760,11503,16600,12954,11448,14159
11503: 11450,14191,14760,11502,16600,12243
11504: 13510,11855,14917,14320,14405
11505: 12454,15092,13510,15525,15413
11506: 12709,12725,14274,18025,16637,14932
11507: 13106,14367,16637,16786,14274,12044
11508: 12478,12254,14459,12136,11457,15036
11509: 13815,13222,13452,12136,13428,15036
11510: 13428,11458,13222,11511,11459,17256
11511: 11512,11460,11459,11510,11560,17256
11512: 11511,11460,11461,17257,17660,11560,11561
11513: 11462,11514,17257,17660,11562,16096
11514: 11515,11462,11513,11463,16096,15505
11515: 11514,11463,11464,15505,11564,11516
11516: 11465,11517,11515,11464,11564,11565
11517: 11518,11465,11466,11516,11565,11566
11518: 11466,11517,11566,11519,11467,11567
11519: 11520,11468,11467,11518,11567,17496
11520: 11519,11469,11468,11521,11569,17496
11521: 11469,11520,11569,11470,11522,11570
11522: 11471,11523,11470,11570,11521,11571
11523: 11471,11472,11522,11571,11572,11524
11524: 11525,11473,11523,11472,11572,11573
11525: 11526,11474,11473,11524,11573,11574
11526: 11525,11475,11474,11575,11574,11527
11527: 11528,11476,11526,11475,11575,11576
11528: 11529,11477,11476,11527,11577,11576
11529: 11528,11477,11478,11578,11577,11530
11530: 11531,11479,11529,11478,11578,11579
11531: 11532,11480,11530,11479,11580,11579
11532: 11531,11480,11580,11533,11481,11581
11533: 17495,11482,11481,11532,11582,11581
11534: 17185,11582,11583,17495,11535,11584
11535: 11483,17495,11534,11536,11484,11584
11536: 11537,11484,11485,11535,11585,11584
11537: 11536,11485,11486,11586,11585,11538
11538: 11539,11487,11537,11486,11586,11587
11539: 11488,11540,11487,11538,11588,11587
11540: 11488,11539,11489,11588,11589,11541
11541: 11490,11542,11540,11489,11589,11590
11542: 11543,11490,11541,11491,11590,11591
11543: 11542,11491,11591,11544,11492,11592
11544: 11545,11492,11493,11543,11592,11593
11545: 11544,11494,11546,11493,11593,11594
11546: 11545,11494,11594,11547,11495,18243,11595
11547: 11548,18243,11546,11596,17673,11595
11548: 11547,15354,14457,11496,18243,17673,11497
11549: 14864,14370,11497,14457,12201,11598,11550
11550: 11551,11980,11598,12964,11549,14370
11551: 14554,11550,12964,14228,14370,14289
11552: 11600,12097,13827,11915,14382,12101
11553: 14159,11501,14382,15603,12218,12954
11554: 12455,15955,12240,11963,14977
11555: 13361,17772,17904,13409,14977,12455
11556: 12100,13106,16786,13582,11990,14028,11910
11557: 18112,14908,13898,16651,15163,17843
11558: 13914,14128,17050,13256,11559,15737
11559: 13256,11991,11558,17050,12152,12891
11560: 12850,13052,11561,17256,11512,11511
11561: 11560,12850,11606,11512,17257,11562
11562: 12800,16096,17257,11561,11606,11513
11563: 11608,12800,15099,15771,16096,15505
11564: 15771,15505,11515,11516,11609,11565
11565: 14637,11609,11566,11564,11516,11517
11566: 11611,14637,11565,11518,11517,11567
11567: 11612,17496,11518,11611,11566,11519
11568: 11612,16589,17009,11569,17496
11569: 11568,17009,17496,18223,11520,11521,11570
11570: 11522,11521,11569,18223,11615,11571
11571: 11615,11572,16764,11523,11522,11570
11572: 11571,16764,11523,11524,11573,18489
11573: 11618,11574,18489,11572,11525,11524
11574: 11573,11618,11619,11575,11526,11525
11575: 11619,11574,11526,11527,11576,11620
11576: 11577,11620,11621,11575,11528,11527
11577: 11578,11576,11622,11621,11529,11528
11578: 11577,11622,11529,11530,11579,11623
11579: 11580,11624,11623,11578,11531,11530
11580: 11579,11624,11625,11532,11531,11581
11581: 11582,11626,11532,11580,11625,11533
11582: 17185,11581,11626,11534,17495,11533
11583: 17185,11628,11534,11584,16749
11584: 11585,16277,16749,11535,11583,11534,11536
11585: 11630,11586,11584,16277,11537,11536
11586: 11630,11585,11537,11538,11587,17176
11587: 11588,11632,17176,11586,11539,11538
11588: 11632,11633,11589,11587,11540,11539
11589: 11588,11633,11540,11541,11634,11590
11590: 11635,11634,11591,11589,11541,11542
11591: 11635,11636,11590,11543,11542,11592
11592: 11593,11637,11543,11636,11591,11544
11593: 11592,11638,11594,11637,11544,11545
11594: 11638,11593,11639,11545,11546,11595
11595: 11640,11596,11546,11594,11639,11547
11596: 11640,17673,11595,16304,11547
11597: 11980,11598,14050,12530,18570,11641
11598: 11980,11550,11597,12201,18570,11549
11599: 12828,14554,11969,12964,12097,15021
11600: 11552,13827,11915,15537,13035,11963
11601: 18334,13563,16741,17115,16494,16515
11602: 16116,17517,17611,17618,17810
11603: 15298,11862,13523,13539,16069
11604: 13643,12702,12066,12891,14346
11605: 12152,14293,12850,14346,13052,12282,12891
11606: 12850,12282,11561,11562,13616,12800
11607: 13013,11608,15099,16785,11649,15081
11608: 11563,13013,11607,15099,15771,11609,12263
11609: 14285,14637,12263,11565,11608,15771,11564
11610: 14285,11611,13216,14637,11650,11652
11611: 14637,11610,11652,11566,11612,11567
11612: 16589,11567,15911,11568,17496,11611,11652
11613: 11654,16589,11653,17009,11614,15870
11614: 11615,17255,15870,11613,17009,18223
11615: 11614,11571,17255,16764,18223,11570
11616: 17842,15623,17255,11617,16764,11657
11617: 17842,11616,16764,11657,18489
11618: 11658,11573,11659,11619,11574,11657,18489
11619: 11659,11618,11575,11574,17263,11620
11620: 11576,11621,11661,11619,11575,17263
11621: 11577,11576,11620,11622,11662,11661
11622: 11578,11577,11621,11662,11623,18203
11623: 11579,11624,11664,18203,11578,11622
11624: 11580,11579,11623,11625,11664,11665
11625: 11580,11624,11665,11666,11581,11667,11626
11626: 17185,11582,11581,11627,11667,11625
11627: 17185,11628,15759,11667,11626,15339
11628: 17185,11627,11583,15339,16749,11669
11629: 11670,15767,16277,16749,11669,16830
11630: 11586,11585,16277,16830,11631,17176
11631: 11671,11630,16830,17176,17674
11632: 11673,11588,11633,11587,17176,17674
11633: 11673,11588,11632,11589,11674,11634
11634: 11675,11635,11590,11633,11589,11674
11635: 11675,11634,11636,11590,11591,11676
11636: 11635,11591,11676,11592,11677,11637
11637: 11592,11638,11593,11677,11678,11636
11638: 11593,11678,11594,11639,12808,11637
11639: 11638,11594,12808,11680,11640,11595
11640: 11680,15399,11596,11595,16304,11639
11641: 12530,12742,15338,11597,14050,14371
11642: 13742,14371,12532,12828,11969,14050
11643: 14356,17411,11861,14061,13250,14377
11644: 13300,16825,17089,17898,15168,16984
11645: 15298,17072,16866,14865,15709,14700
11646: 14865,14171,16707,13866,17072,17454
11647: 15994,12883,13926,13583,15283,12413
11648: 16814,13583,12158,11685,17194,12413,16050
11649: 16814,12158,15202,15081,11607,16785
11650: 14285,13216,11610,11651,15871
11651: 13054,15701,11688,11687,15871,13216,11650
11652: 11611,13216,11610,11612,15911,13767
11653: 11654,16589,11613,15911,11690,14648
11654: 11613,11653,12375,14648,15870,11655
11655: 13430,15932,11654,12375,15623,15870
11656: 14239,14302,16693,15932,17842,15623
11657: 11658,11618,17842,11616,11617,16693,15890
11658: 16397,11659,11618,11657,15890
11659: 11658,16397,11618,11619,11660,17263
11660: 16397,11659,17263,11695,17417,15567
11661: 11620,11621,11662,17417,17263
11662: 11622,11621,11663,11661,11698,15457
11663: 11662,11698,11699,17427,18203
11664: 11624,11623,11665,17427,17480,18203
11665: 11624,11625,11664,11666,17480,11701
11666: 11625,11665,11701,11667,16097
11667: 11627,15759,11626,16097,11625,11666
11668: 11704,11703,15339,15767,11669,13867
11669: 11629,15767,16749,11628,15339,11668
11670: 11671,11629,15767,16830,11706,13848
11671: 11670,16830,11631,11706,11672,17674,11707
11672: 11673,17674,11671,11707,17211
11673: 11632,11633,11672,11674,17674,11709,17211
11674: 11673,11633,11709,11675,11634,13674
11675: 11635,11634,11676,11674,13674,17108
11676: 11675,11635,11636,17108,16724,11677
11677: 11678,11637,11636,11676,16724,11713
11678: 11638,11677,12808,11637,17241,11713
11679: 12653,13156,14461,16244,12427,16567
11680: 11640,15399,11639,12808,12188,16567
11681: 16033,13961,14032,12424,11865,15499
11682: 16927,15533,13291,17473,11683,13420
11683: 16927,11682,13420,12604,16284,16694
11684: 14672,17403,17405,14681,16068,15809
11685: 16814,17194,11648,15081,13592,13495,12166
11686: 13055,15026,18218,12045,12875
11687: 11651,11688,13216,13767,11690,12082
11688: 13055,15701,11651,11687,15698,12082
11689: 13228,11720,15698,12082,14258,14139
11690: 14648,12082,14258,11687,15911,11653,13767
11691: 11720,12375,14139,12278,13430,11692,11721
11692: 14239,11693,13430,11691,11721,14043
11693: 14239,11722,14302,11692,13082,14043,11723
11694: 15059,15890,11724,15592,11695,16397
11695: 11696,15059,11694,16397,11660,15567
11696: 15037,15059,11695,11697,11726,15567
11697: 15820,11727,11726,15567,15457,11696
11698: 11728,15820,11699,15457,11663,11662
11699: 11728,11698,11663,17427,16578,11700
11700: 17018,11729,16578,11699,17427,17480
11701: 17018,11665,11666,17480,16097,11702
11702: 11732,18139,11731,17018,11730,11701,16097
11703: 11704,11732,18139,11668,15759,15339
11704: 11703,15703,11668,13867,11734
11705: 13867,13848,13396,16336,13275,11734
11706: 13848,16336,11671,11670,13074,11707
11707: 13074,11708,17211,11671,11706,11672
11708: 13074,11738,11707,16962,17211
11709: 11738,17211,11710,11673,11674,13674
11710: 11709,11738,14650,12146,13674
11711: 11741,14650,12031,17108,16724
11712: 17521,14001,12728,14295,12937
11713: 14265,17241,12031,16724,11677,11678
11714: 18236,14819,16237,13358,16254
11715: 14689,17060,13310,17331,16714,16241
11716: 14882,13349,17917,15235,18388
11717: 17052,18155,17025,18090,15180,15668
11718: 12105,15702,15532,12045,13042,13228
11719: 12130,15765,17410,15757,14233,18051
11720: 13228,11689,14139,11691,12105,13453,12278
11721: 14124,13464,14043,11691,12278,11692
11722: 11693,13082,12922,11723,13023
11723: 12922,11724,15592,11693,11722,14302
11724: 12922,15059,11723,11694,15592,16883
11725: 12125,13202,15037,16883,12219
11726: 14658,11727,11697,15037,11696,12219
11727: 16357,11728,15820,14658,13626,11697,11726
11728: 15820,13626,11727,11698,11699,16578
11729: 17018,11752,15508,11730,16578,11700
11730: 17018,11752,12504,11729,11702,11731
11731: 14117,11702,14363,11732,12504,11730
11732: 11702,11703,14363,15703,18139,11731
11733: 14363,15703,11756,13396,11734,13753
11734: 11705,13867,13396,11704,11733,15703
11735: 15700,13275,11736,15886,14186,12660,14808
11736: 11888,14186,11735,12551,14808
11737: 13086,16962,12660,14858,14808,13415
11738: 11709,13086,16962,11708,17211,11710
11739: 13893,12255,11869,13049,16686,15731
11740: 13931,17878,15610,18002,15786,15731
11741: 14650,12031,14295,12202,11711,15881
11742: 17514,18160,16564,15947,17564
11743: 16132,18122,14240,18051,13368,16880,16606
11744: 13344,15230,15661,13605,12719,12569
11745: 16844,16933,15057,15243,17152,15746
11746: 13023,12719,12999,13202,16728,15661
11747: 15488,17478,15064,18202,16523,18549,17041
11748: 13196,15763,14901,17337,12923,13180
11749: 15000,15763,14901,12267,11750,13710
11750: 15000,15763,13169,11749,16357,14658
11751: 15508,16357,13626,15000,13837,18037
11752: 12504,15508,11730,11729,15807,18037
11753: 15501,11755,13138,17334,11754
11754: 17334,16235,15807,18345,11753,13138
11755: 15501,12182,11753,16001,14378
11756: 15556,12227,12092,14363,11733,13753
11757: 12624,15445,16813,17097,18306
11758: 18244,16460,15156,16719,13492
11759: 16217,17984,16807,14815,16098,17706
11760: 14801,13566,15123,13792,12377,15284,15211
11762: 14481,15072,17433,12892,15011,17848
11763: 14789,14940,12438,14535,17876,18230,13676
11764: 14682,16607,15712,14541,17847,16448
11765: 12479,18538,17102,47,17722,19,12803
11766: 16699,17062,12616,18562,14512,14989
11767: 14027,13018,14130,16008,13068,12770,12513
11768: 11871,14385,113,15329,12033,14419
11769: 16136,17508,17691,16297,17953,17717
11770: 16723,14724,16270,16462,17250,15015
11771: 11919,12620,18281,15479,12554
11772: 12505,11993,116,12801,13928,160
11773: 15228,15288,3156,3369,14226
11774: 15586,17239,14722,15638,17443
11775: 15617,13033,207,13664,15309
11776: 14784,12835,11911,13603,12396,13676
11777: 14349,12811,14550,15513,13058,12729
11778: 14834,17223,16591,16452,14764,13357
11779: 17297,14673,16239,14771,17303
11780: 306,17970,12985,12518,12184,15102
11781: 12637,12441,11894,310,12670,15238
11782: 17967,16739,17347,13958,15599,12592
11783: 16798,17031,254,16964,12385,15218,17387
11784: 15808,17163,255,15248,14803,13877
11785: 13849,17068,18357,363,16425,17464,15353
11786: 14963,15251,423,13853,14214,424
11787: 16133,17490,17730,17751,18054,18186
11788: 17068,363,15827,13970,18195,14019
11789: 17061,14748,15169,14573,17357,15189
11790: 13741,11929,15853,17036,13602,484
11791: 14503,17212,17247,13887,17230,17142
11792: 13317,18437,15173,18313,17779,16417,16777
11793: 14812,17781,16675,17475,14831,16163
11794: 16294,16330,16400,14873,18551,618,16315
11795: 13883,16957,12007,15286,15293
11796: 18302,16649,15363,17744,15106
11797: 17855,13333,16034,16032,13326
11798: 17336,15660,688,13447,12531,14311
11799: 17320,13317,15173,13433,14933,18157,12305
11800: 17605,14491,18494,17938,17499
11801: 15878,16678,12013,757,12110,14360
11802: 834,15689,15029,13447,13771,16501
11803: 18227,16403,18307,13540,14630
11804: 15566,17109,17017,13304,14010,18526,15530
11805: 12299,16781,12499,12529,4023,14259
11806: 12496,14361,12123,15039,13258
11807: 12336,16893,14515,16655,17381,14717
11808: 15426,16579,11923,15372,16846,14666
11809: 15264,14891,12253,1230,14416
11810: 14165,16653,13897,15566,17109,17080,12743
11811: 14876,17465,17158,16053,18151
11812: 16306,17014,16323,13482,14539,13896
11813: 15497,14180,15359,7068,15030
11814: 14494,17522,17631,17468,17704,16179
11815: 15426,12325,16870,16309,11923,16994
11816: 13868,13036,15787,1491,15650,14474,12348
11817: 14624,13722,16751,16995,12307,17189
11818: 12324,15665,15597,12484,15182,14657
11819: 15517,15605,12328,13932,12049,1489
11820: 14350,15003,13658,17032,12873,14759,12509
11821: 16348,15785,12713,14401,5028,15601
11822: 12323,15681,15678,13599,12444,16657
11823: 15161,15424,15263,13984,16170
11824: 18501,12627,16665,17658,16652,18447
11825: 11968,12957,13030,5030,14957,16220,12967
11826: 16017,14688,17974,18423,18432,16238
11827: 12583,15648,13290,17520,17029,14164
11828: 16287,16914,14872,17091,16487
11829: 14869,18457,13494,5029,16758,17273
11830: 17915,16332,17939,17865
11831: 12477,5596,13955,18140,15433,11913
11832: 12829,13631,15493,14601,14244,12311
11833: 16174,13873,15705,11908,17589,12372
11834: 13434,16978,17265,16052,13738,11878
11835: 18424,16153,18289,8498,12349
11836: 13483,5596,16418,18141,13513,18211
11837: 12855,13963,16527,5711,5597,14450,5937
11838: 13521,15016,13085,16048,18436,13657,15814
11839: 15002,16976,18585,15352,13242,17024
11840: 12477,13483,16137,5709,11901,14446
11841: 12555,17037,16996,15117,16375,16580
11842: 18435,14723,14959,18541,17913,16402
11843: 13994,16165,12815,12755,11073,12564
11844: 12746,14866,11144,14141,14413,18385,12075
11845: 12423,12337,15480,15579,15472,13595
11846: 18411,14805,11211,16266,15626
11847: 17828,17882,14589
11848: 17093,15087,14596,13557,12410
11849: 14758,14924,11336,15753,15711,11274
11850: 12163,11902,13774,11277,14047,11936,12658
11851: 14663,13392,15521,11396,13662,18113
11852: 13812,17353,16738,18441,11453,15209,15620
11853: 12112,18121,11450,11451,11393,14078
11854: 14712,16831,16369,13812,17353,17619
11855: 13510,11504,14320,11857,14470
11856: 14699,17979,16684,16632,16530,16044
11857: 12455,12716,13361,11855,14320,14470
11858: 12581,15163,13421,13485,15969
11859: 17166,18452,16494,14827,16885,17724
11860: 13130,13597,14840,14417,15739
11861: 14356,17411,11643,17933,16135,15960
11862: 11603,13523,16328,16594,14905,15253
11863: 13742,16694,12412,14133,15611,12604
11864: 15393,14865,12667,15709,16707,13339
11865: 12424,11681,11880,13946,14395,15499
11866: 12875,16824,13486,12517,15026
11867: 16449,14499,13070,14321,13946,13560
11868: 12401,13344,14435,13799,16115
11869: 13893,13561,11739,18556,15610,15258,15731
11870: 18476,13355,45,14843,17895,18282
11871: 14385,11768,14419,75,16525,12570
11872: 15165,15861,16027,17237,13780,12402,13726
11873: 3911,12425,16868,14396,16952,13783,16806
11874: 12367,16053,16269,17465,15231,15130
11875: 14178,12484,12207,12904,12225,15270
11876: 15038,13658,15048,7848,14024,14968
11877: 12422,10694,10529,14847,12369,18136
11878: 17265,16052,11834,17300,15342,13519
11879: 13402,13423,16184,15809,15548,16556
11880: 14499,13946,15223,14395,11865
11881: 15634,15624,13439,13705,12126,13037
11882: 17839,14708,13380,12557,16,16334
11883: 13756,3261,14800,12750,14084,18312
11884: 15534,13861,15895,1147,15791,15264
11885: 16856,15744,15263,17532,17317
11886: 13343,16444,14861,15145,13925,14029
11887: 17899,15405,16264,16965,12415,17152
11888: 12646,11949,11736,14186,12641,12551
11889: 15432,3156,14702,16818,12404,13508
11890: 11945,15667,14070,14074,12747,13569
11891: 11967,14645,14728,15985,17481
11892: 15749,16717,17449,15803,14082
11893: 16316,14264,12487,13900,14301,15430,12649
11894: 11781,310,309,12670,311,12262
11895: 366,365,12142,13097,12677,12885
11896: 12823,11938,14552,12798,13909,15594
11897: 425,12885,13111,13913,12578,15251,365
11898: 15303,13885,14311,12531,14108,12135
11899: 14786,18485,14852,12813,14959
11900: 14450,12639,5824,15119,14915,15484
11901: 16265,14113,12579,14446,11840,16137
11902: 11850,15203,13874,12163,12671,13774
11903: 12661,14393,17358,13099,12212,14067
11904: 15317,13664,15314,12801,12546
11905: 12293,16618,157,14079,14279,202
11906: 13005,12817,12013,14167,13991,617
11907: 15403,12841,14114,17070,15276,13770
11908: 14118,16174,15705,13908,11833,11953
11909: 18189,16639,15473,13617,17702,17665
11910: 12459,15737,11556,13582,13914,14028
11911: 11776,13603,13676,14789,12791,6164
11912: 6503,15177,12016,12162,15862,13655
11913: 12583,15433,14164,5596,18141,11831
11914: 14758,14067,15335,11336,12115,11273
11915: 11552,11600,14382,15603,12240,11963
11916: 551,14887,16247,487,14203,552
11917: 18076,14930,16078,18463,18589
11918: 17195,13259,79,16236,17123,18156
11919: 15555,11771,13886,14119,12620,12554
11920: 14835,835,16619,12893,17148,14859
11921: 14353,14218,14432,12701,17196,12865
11922: 12078,14180,15359,12345,15983,12587
11923: 15848,15372,16994,15426,11815,11808
11924: 15278,12312,15352,15801,13242,16973
11925: 14443,12775,15499,16033,14133,15611
11926: 17422,15674,18367,12626,14278
11927: 15799,17342,15226,14152,15489
11928: 12362,3052,3051,15788,13166,2946
11929: 13741,12798,11790,422,12736,15853
11930: 15437,12060,12500,14495,14045,13573
11931: 74,15708,18204,12687,12021,44,17579
11932: 14526,16765,17829,16726,14638,17094
11933: 1317,15887,1232,17343,15076,13312
11934: 13847,16931,13494,14776,15688
11935: 16914,15360,15728,17380,18533,17091,17466
11936: 11214,12658,12453,13044,11850,12163
11937: 15306,13576,18305,16449,12392,14321
11938: 12823,11896,15412,12586,13601,16998,13909
11939: 12761,12034,13919,14891,13100,986
11940: 14176,12694,15394,14303,17056,14031
11941: 15113,16641,17127,14036,15478,17201
11942: 12176,12175,14375,12008,10924,13004
11943: 13643,16746,17454,17971,12316,11991
11944: 12186,12716,11451,14191,14078,14320
11945: 15829,14358,17531,11890,15667,14070
11946: 18426,13808,14038,12308,13727,14379
11947: 15091,13249,16505,14125,17457,17104
11948: 16200,15397,17314,16438,16428
11949: 12646,11888,17945,13945,12641,17033
11950: 16620,15070,13744,12416,17304,18262,16815
11951: 15201,16696,15300,15052,18465,17229,13821
11952: 14437,15685,15456,16073,3692,13921
11953: 12975,14118,15705,11908,15364,16917
11954: 12446,16365,16824,14195,12799,12683
11955: 7068,12804,13192,12535,13768,12080
11956: 15646,15642,15085,16659,18018,15943
11957: 16510,15057,16767,13356,17375
11958: 15706,15157,13518,14836,12695,18253
11959: 156,12942,15552,12762,12630,201,15050
11960: 16590,16875,14406,15065,12901,3
11961: 12868,15672,15877,12085,13257
11962: 15351,17011,10443,17907,10357,10528
11963: 11554,12240,11600,11915,13035,14977
11964: 13574,12566,13828,16516,13655,15862
11965: 7293,13734,7516,14096,7736,7626
11966: 14247,13295,12118,13185,12128,13993
11967: 15639,11891,14645,13413,12673,15985
11968: 12552,13030,11825,14957,12051,14795,15292
11969: 11599,12828,11980,12964,14050,11642
11970: 12832,13187,548,18327,13935,14478
11971: 15045,12161,13533,14367,11455
11972: 14360,12825,831,908,17192
11973: 14069,12426,14795,14957,16220,18393
11974: 14012,13786,13647,17347,15761,17250
11975: 12933,156,12762,12965,13103,200,17429
11976: 12854,6506,15350,14064,14829,17315
11977: 12777,12114,15690,12585,12952,8817
11978: 16842,14108,13050,12076,17207,18557,12135
11979: 12037,4579,13094,13793,14479,4692
11980: 11598,11550,11969,11597,12964,14050
11981: 12822,17167,5938,6165,13015
11982: 11211,16266,14413,17931,18385,12900
11983: 16342,15525,14917,13662,12595,18246
11984: 3048,14440,12108,3154,12750,18312
11985: 12127,17446,14344,12744,16832,18372
11986: 8066,13229,7957,12056,13754,13047,12782
11987: 18162,10610,13237,12844,10611,15995,10442
11988: 13862,5595,12330,12910,5708
11989: 253,14969,17362,14402,12184,15291
11990: 12870,14932,13582,11556,16637,16786
11991: 13256,11559,17971,13643,11943,12891
11992: 74,17154,15110,18204,13760,15777
11993: 16026,12505,11772,116,14150,15447
11994: 12298,3910,16185,12784,13979
11995: 13931,16857,17202,12710,15786,12788
11996: 13071,13272,13100,13107,17192,16353
11997: 14848,12931,14566,13167,12783,17426
11998: 15648,15433,14164,5255,12014
11999: 3693,15165,14273,16027,15740,12417
12000: 911,13184,988,13041,12647,14970
12001: 15942,16360,14039,15371,13285
12002: 16769,18502,16124,12608
12003: 12028,12844,15571,10611,13139,17830
12004: 13198,11141,13137,12886,18008,11210
12005: 12705,685,14299,12153,15326
12006: 14972,16555,12574,17024,16976
12007: 13883,11795,15398,17566,16957,18055
12008: 11942,14375,15944,10849,13004,14927,12148
12009: 12461,13580,13956,13713,12628,15869
12010: 13484,15810,13924,17311,12553,17294
12011: 15096,18138,14169,15546,15322,13363
12012: 18303,16734,17818,16283
12013: 11801,13005,12562,15878,12817,16678,11906
12014: 5482,5368,15262,18140,15433,11998,5255
12015: 14013,16648,15720,13033,16689,256
12016: 6503,6389,11912,12482,6616,13655
12017: 10613,15889,10445,14568,16273,13888
12018: 14110,14420,12523,12471,11074,14418
12019: 13158,15662,13544,12428,13904,1067
12020: 14499,13070,12937,14664,15223,13034
12021: 17098,13772,44,72,13975,11931,15708
12022: 14165,15581,12534,12871,14344,18372
12023: 4244,4133,12879,13140,4355,14352
12024: 13479,13295,1314,13185,1315
12025: 14296,10445,10444,14083,10530,16273
12026: 15648,13290,5255,17174,15193,13637,5142
12027: 13408,14445,12268,4576,4464,14488
12028: 12844,12003,13139,14004,12216,12843
12029: 15718,13748,16796,13630,15344,14121
12030: 12729,12234,12256,250,13639,15513
12031: 11741,11711,16724,14265,15881,11713
12032: 15888,17970,13497,14467,360,305,14197
12033: 113,16887,11768,14419,112,13646
12034: 11939,13272,14891,13100,12253,1065
12035: 14992,11071,11141,13137,17059
12036: 14455,3691,12109,13162,13020,12853,13177
12037: 12865,13094,11979,4355,14479,12879,14218
12038: 14609,14304,14247,1401,16323,12774
12039: 12180,10273,12251,13473,14083,14051
12040: 4132,14458,17745,12431,16757,4353
12041: 16588,14316,15009,13949,15945,15140,16224
12042: 10853,10776,13907,13667,15522,12190
12043: 118,12194,78,163,12634,119
12044: 13141,11398,13533,14274,11507,14367
12045: 12875,13042,14195,13055,11686,15532,11718
12046: 12871,14714,14893,13525,18219,7295
12047: 14837,17434,15061,12763,13116,1233
12048: 10271,14183,13147,15396,18277,12862,15332
12049: 15605,11819,15131,14762,1489,12456
12050: 16503,15770,16204,14099,15719,14136,16737
12051: 16750,14187,14795,15292,11968
12052: 12969,15509,17754,14222,15874,8068
12053: 21,12837,12803,16910,13136,50
12054: 15470,12122,13192,14791,17270,15274,13828
12055: 15983,13830,17322,15575,15608,18108
12056: 11986,13229,12782,13016,12120,16095
12057: 13514,14403,2043,14383,12741,18052
12058: 12928,13188,15373,15141,14237,10772
12059: 18434,17829,16726,15176,13933,14580,17493
12060: 15437,12534,11930,12500,12968,14714
12061: 14848,12866,13036,12783,15077,12177,12379
12062: 14208,12713,12966,12327,12174,4915
12063: 14954,16972,13968,17279,17307,16967
12064: 198,199,13103,12965,14199,153
12065: 13546,760,835,12261,14322,14252
12066: 11604,12702,12883,14346,13976,15202
12067: 14070,15710,14849,13144,9906,14074
12068: 13158,13957,14035,1149,17434,15061
12069: 15333,14075,16408,16398,15538,18092
12070: 15613,15454,13627,12187,13181,15390
12071: 16200,18448,17802,15397,14025,16932
12072: 14183,18277,13425,17038,17376,15387
12073: 10613,10614,12913,12311,12834,10695
12074: 12855,13572,5484,14330,12536,12602
12075: 12915,15523,11844,11144,14413,14998
12076: 11978,13050,17207,551,14203
12077: 12192,14026,14046,13090,16450,17575
12078: 11922,14180,12684,12916,15983,13830
12079: 15559,17153,17947,14703,16687,12601
12080: 12535,13768,13214,13787,12976,11955
12081: 18267,7626,17345,18198,7737,12560
12082: 11689,15698,11690,14258,11688,11687
12083: 14027,13018,120,12194,165,12617
12084: 12832,12153,13187,15326,14206
12085: 15588,14077,13628,13257,11961,15877
12086: 305,359,304,14337,358,13497
12087: 15183,11074,12746,14866,14053,14418
12088: 16569,14594,15706,12695,17081,17200
12089: 16878,9997,12926,12167,12938
12090: 13343,16633,15670,14770,15778,18470
12091: 16347,14173,16382,12999,15756,17337,12923
12092: 11756,16725,12227,14266,17217,13753
12093: 12405,15663,12513,14399,14130,14160
12094: 10271,10181,13147,15225,14870,10091
12095: 17447,621,620,552,12173,553
12096: 13207,12197,13805,689,12245
12097: 11552,13827,15021,12101,11599,14554
12098: 13113,17000,17102,47,15663,13857,14160
12099: 12286,13178,12876,15358,1668,12235
12100: 13106,11556,15729,13815,14028
12101: 14289,11552,12097,14382,12218,14554
12102: 14276,15789,14453,12133,15560,16176
12103: 13101,18184,14209,13210,15178,14588
12104: 13375,13712,14927,12991,17814,15373
12105: 12156,11718,15702,13453,13228,11720
12106: 15716,13175,13802,16791,13077,15386
12107: 13788,13137,12894,11139,11071
12108: 3048,14440,15450,2839,13171,11984
12109: 13921,13132,3691,13162,18249,12036
12110: 11801,757,756,14360,831,15080
12111: 13000,14683,13189,16792,16299,12958
12112: 18121,14393,11853,13981,17358,11393
12113: 13021,16635,14034,15544,14567,13062
12114: 13122,11977,15400,12777,8920,8817
12115: 15357,11273,16762,12212,11914,14067
12116: 13302,17903,14307,18412,13009,18483,15443
12117: 159,13200,16022,14451,206,12181,161,14868
12118: 11966,1400,13185,12128,14230,1487
12119: 14814,14077,13257,8604,15814,16048
12120: 18267,13016,7847,12782,12056
12121: 13686,13149,12947,13096,15450,14941
12122: 13192,12054,6956,12535,15274
12123: 12972,14859,15039,11806,13859,13258
12124: 1069,13258,989,13184,988,1068
12125: 11725,13202,15756,16728,13196,13169,12219
12126: 23,13037,17577,15366,13439,11881
12127: 7407,13224,12979,17446,11985,12744,15182
12128: 11966,12118,14230,1577,1488,13993,17137
12129: 13210,13431,1856,17367,14134,14209
12130: 15765,12945,11719,18090,14233,18511
12131: 13984,13548,12450,10269,16299
12132: 10268,10269,14004,12216,13000
12133: 14158,15560,15789,12102,13269,12970
12134: 13132,3583,13162,12334,12159,15733
12135: 18557,15774,12707,11898,12531,11978,14108
12136: 15036,12478,11508,11509,13815
12137: 17039,13863,210,12250,14863,12242
12138: 14939,258,257,16670,12237,12247
12139: 13107,12825,12812,984,13798,16353
12140: 16855,13920,13852,5367,5254,18568,15374
12141: 13222,13452,14128,17050,12244,14293
12142: 11895,365,13097,309,14734,310
12143: 13460,13516,71,13879,42,13975
12144: 15905,13902,14523,15607,14362,12220
12145: 6388,6501,6615,6389,15198,6502
12146: 15406,14650,12202,17169,11710
12147: 13408,12960,4464,15261,12431,4353
12148: 17814,10925,12008,15944,14927
12149: 9021,15240,8919,16634,13351,14898
12150: 12364,154,153,152,13209,12533
12151: 420,13247,13079,14197,361,362
12152: 14293,11605,17050,11559,12891
12153: 12084,15326,14206,14783,12005,14299,13126
12154: 13062,13051,2535,15466,2637,13205
12155: 13929,16784,13224,15597,7518
12156: 17615,12105,15702,12178,17180,13453
12157: 4917,14127,4805,13215,15074,14271
12158: 16814,13583,11649,15202,11648,12883
12159: 12334,3261,3368,15733,12134
12160: 12776,13678,9999,15458,12734,13066,10182,15391
12161: 11399,12271,13533,11971,15128,15045
12162: 13003,12572,15862,6163,13002,11912,15177
12163: 13044,11850,15203,11902,11936
12164: 83,18538,15348,13136,49,50
12165: 13553,5371,12787,12602,13572,14464
12166: 13054,13495,15871,13013,11685,15081
12167: 12926,14665,12089,15885,13685,14227,12938
12168: 15781,15529,14095,15782,13123
12169: 4242,15261,15618,13713,12431,15869,17745
12170: 15588,17851,12421,13876,14149,16884
12171: 14138,12950,12389,12475,8499,13195
12172: 14089,5480,18568,12217,5593,5367,13391
12173: 12095,552,553,12890,16247,12205
12174: 14208,12062,4915,5027,5254,16855
12175: 12176,11942,10999,10998,10924,13841
12176: 11072,11942,12175,10999,16549,14375
12177: 14625,1582,12379,15077,14394,1581,12061
12178: 12156,17180,13453,14435,12401,14124
12179: 12299,12879,14353,16781,14218,13642
12180: 14093,10360,12039,10273,13789,14051
12181: 208,161,209,14868,12117
12182: 15501,11755,16725,14177,13064,14378
12183: 14886,6392,13254,6278,17700,14325
12184: 11989,14969,12518,11780,12985,15291
12185: 15697,12522,12997,13640,5031,5145
12186: 15955,11944,13487,12716,14191,16600
12187: 12070,13181,15390,13292,16356
12188: 16244,12789,16567,15338,11680,15399
12189: 7067,14156,13787,14338,14670,6955
12190: 15522,14415,14420,12523,13667,12273,12042
12191: 2435,12270,12249,13081,17861,2535
12192: 12077,18183,15852,14026,16450,17924,13092
12193: 13789,10530,12510,13029,15593,14051,10446
12194: 78,12043,119,15269,14027,12083,12617
12195: 14973,14918,16841,16480,12668,9621,12907
12196: 13225,9715,12888,18067,17260
12197: 12096,13207,15867,689,14300,14120
12198: 13925,15690,13587,12585,17437,13817
12199: 15562,16518,8816,14155,16663,13223
12200: 5825,13398,13936,15119,5938,12503
12201: 18570,17673,14457,11549,11598
12202: 15406,11741,14650,12146,14295,12728
12203: 14426,15699,18225,11076,13614
12204: 14092,8,10,34,13175,13802
12205: 554,12228,489,12890,12173,553,12831
12206: 12510,13888,15593,15931,10613,10614
12207: 13534,13522,13435,11875,14178,12225
12208: 15591,14161,16453,17414,14389,13293,16278
12209: 15664,13351,9123,13773,13679,9021
12210: 17428,8390,13296,8497,16766,13876
12211: 2237,15032,13292,15380,14985,2335
12212: 13099,11271,11903,12115,15357,14067
12213: 11392,11333,15836,11332,14747,14277
12214: 6503,6276,6389,15254,15198
12215: 12903,13127,613,15095,612,12296
12216: 13000,16792,12843,12028,12132,14004
12217: 5594,5708,5593,12172,12330,13391
12218: 14289,14382,12101,13414,11553,11501
12219: 13169,15037,11725,12125,14658,11726
12220: 15905,13902,13508,15625,12144,13550
12221: 14468,7740,12962,12727,17065,12568,7960
12222: 18352,14427,16218,17757,13150,16453
12223: 14433,13017,39,14102,70,69
12224: 13624,16333,15730,12516,16865,14582
12225: 7959,7850,15270,11875,13435,12207
12226: 13180,14438,14516,14901,12267,12605
12227: 15501,11756,15556,16725,12092
12228: 554,489,623,555,12205
12229: 13915,18198,15882,15735,12996,14318
12230: 15213,13172,17289,15139,4,6
12231: 24,23,15817,22,13078,52
12232: 110,111,152,14421,13917,13209
12233: 14941,2635,18376,18212,13686
12234: 203,251,12030,12729,303,302,250
12235: 12099,15358,1668,1947,12940
12236: 15664,13527,14853,12575,15308,12497
12237: 12138,14939,12670,258,312,311
12238: 15415,11004,10930,11075,16043,17657
12239: 15860,18194,17308,17474,17415
12240: 15955,11554,13487,11963,11915,15603
12241: 14811,15414,13149,13700,13701,12287
12242: 161,209,16999,17039,12137,14863
12243: 11450,14747,14760,11503,14277,11393
12244: 13222,12141,14293,13052,17256
12245: 12621,620,12096,13805,12281
12246: 6,16161,15640,15065,4
12247: 208,14868,259,12138,258,16670
12248: 4801,5027,4914,17220,4913,14884
12249: 12191,12270,2336,17421,2535,15466
12250: 13863,12137,14309,210,164,15269
12251: 10183,13473,15491,12665,12039,10273
12252: 14575,16650,18063,16859,17445,9
12253: 14257,1065,12034,14891,11809,14416
12254: 11456,11400,14459,11508,11401,11457
12255: 13893,11739,13415,17169,15406,13049
12256: 13142,200,250,249,13639,12030
12257: 15636,761,12622,14300,836,12987
12258: 14488,4463,4351,14583,14261,12268
12259: 6843,13007,6955,6729,18474,14338
12260: 17243,16114,13504,12524,15355
12261: 760,12065,14322,14017,15636,14120
12262: 12758,13990,11894,367,309,311
12263: 14285,11609,13013,11608,15871
12264: 15503,17328,18030,14449,15922,14477
12265: 9,13211,15149,15158,15138,16650
12266: 11208,17280,13880,12550,17327,16762
12267: 14901,11749,12226,15205,13710,12605
12268: 12027,4464,14583,14488,12258,4352
12269: 13930,12580,14964,11340,13044,15203
12270: 2435,12191,17082,15583,2336,12249
12271: 11341,11399,12161,14256,12373,15128
12272: 9125,17155,15453,13850,13535,9024
12273: 10851,13903,12523,14972,13667,10852,12190
12274: 3912,13067,16331,4023,13115
12275: 13871,15855,15673,2141,2045
12276: 11448,14159,11447,14384,13736,11501
12277: 16989,15855,13944,16171,2239
12278: 13453,11720,11691,14124,11721
12279: 13153,123,13191,48,82,83,81
12280: 12897,14475,3585,14248,12342,14792
12281: 690,763,762,12621,12245
12282: 12850,14346,11605,13976,11606,13616
12283: 13948,15818,12962,12727,12951,8069
12284: 14986,14548,16876,18338,17232
12285: 5253,5140,5026,12754,17220,4913
12286: 12099,12876,15358,1854,1669,1761,14999
12287: 16804,17363,14811,12241,13700
12288: 17746,14738,16695,16145,17708,18371
12289: 423,13377,14975,12322,364,13853,12442
12290: 14560,17584,18076,16078
12291: 13284,14594,17110,17200,15072,17433
12292: 17459,17535,17929,12408,18546,16673
12293: 17312,157,12554,11905,16602,14279
12294: 14176,12441,14373,14013,15726
12295: 13481,18396,18317,15808,18521
12296: 15095,12215,612,611,12857,13104
12297: 15883,758,15990,12480,14830,12419
12298: 15507,11994,3910,14597,18322,12784
12299: 12179,16781,13642,11805,12499,13780
12300: 16258,14225,6050,15318,12579,12355
12301: 15941,17716,18019,18416,16646,13335
12302: 12304,14885,14485,18596,13647,14742,15761
12303: 16798,15265,17140,16820,15353
12304: 15451,14885,14485,6390,12302,18596
12305: 11799,14933,18157,6617,17958,15279,16916
12306: 17666,17633,16062,14491
12307: 16995,15227,11817,16751,18268,17100
12308: 18426,11946,15427,15292,13727,12552
12309: 15974,17537,14490,17483,18592,15971
12310: 14869,13416,17129,13704,16203
12311: 14244,12913,12073,12834,11832,15493
12312: 15229,15278,15118,15352,11924,15444
12313: 16327,11452,16363,18503,16395,14778
12314: 18254,13279,13383,17006,15356,16521,18573
12315: 12439,13336,15764,15677,13421,17321
12316: 17971,16742,13866,16667,17454,11943
12317: 12896,13891,17546,17416,18091,12445
12318: 17793,17542,15310,17784,15991,13654
12319: 15259,14268,17143,13988,15246,13689,12460
12320: 15992,15909,16120,17844,16003
12321: 16083,18226,18413,15937,14697,18283
12322: 13377,14591,14975,12289,13270,17083
12323: 11822,13425,15678,17038,16657,15469
12324: 15665,15572,13575,14178,11818,12484
12325: 16870,14826,16309,11815,16858,14584
12326: 17001,14065,16492,15381,13520,18274
12327: 12062,12713,4803,4915,12666,15601
12328: 11819,13932,13995,16074,1489,12796
12329: 16293,14518,14892,17634,17896,16109
12330: 5481,5595,11988,13391,12217,5708
12331: 12577,16266,15626,17931,12382,15481,16905
12332: 11275,14937,12851,13320,17919,13635
12333: 14716,16886,16506,17023,15584,14788
12334: 12159,3368,12134,3583,17762,12384
12335: 13934,16776,18326,15956,18170
12336: 11807,16119,14515,18259,17381,17860
12337: 12423,16383,13779,15531,11845,12489,15579
12338: 18066,16534,16044,17271,15401,16530
12339: 14603,18146,16361,17713,18258,18107
12340: 16340,18042,18343,14652,16297,14761
12341: 16162,13264,18598,16040,16189,17555,16148
12342: 14475,12280,14792,17338,3694,14212
12343: 17067,16842,13050,15734,13025,16011,15440
12344: 13613,15082,16551,16658,12388,16768
12345: 15382,15983,13611,17322,12587,11922
12346: 13454,16195,13861,15417,18580,18325
12347: 15435,13347,17974,16980,18432
12348: 15077,14394,14474,12724,13036,11816
12349: 14832,18116,16642,8498,11835,16153,18337
12350: 16045,17788,17609,17815,18469
12351: 15724,17294,14219,13635,14319,12760
12352: 16064,18213,17675,16103,18233
12353: 17518,14639,18122,16880,18106,14547
12354: 13267,17662,15692,18230,13346,12438
12355: 13669,14113,12579,12300,14225
12356: 14993,18012,17391,13369,18054,15968
12357: 17114,15442,16337,16262,18148,16504,17566
12358: 15957,17552,16502,17863,13709
12359: 16477,14718,15876,17029,14627,13503
12360: 13774,14040,11397,15637,13874
12361: 17588,13277,16024
12362: 12802,15727,11928,3158,3052,15788
12363: 37,15194,66,18389,14102,15
12364: 12150,15879,154,15713,152
12365: 16259,15958,17525,17486,17621
12366: 14010,18514,17442,16653,17109,14087
12367: 987,14685,11874,16269,17198,15130
12368: 16306,13896,1231,15743,12515,15418
12369: 16423,13537,18591,10529,11877,18136
12370: 14170,10924,10848,13841,10923,10847
12371: 10922,14327,15328,10997,11070
12372: 12438,17589,17876,17662,13873,11833
12373: 11341,12271,11342,13939,11400,11343,15128
12374: 15181,16761,13698,18331,17729
12375: 14648,14258,14139,11691,11654,13430,11655
12376: 18324,17864,16254,14667,16688
12377: 14801,15284,11760,17282,17178,17409
12378: 15965,16212,16163,16649,14660,16611
12379: 12177,1492,14625,12061,12866
12380: 13475,13509,15573,17763,15199
12381: 18449,5823,15094,5369,12662
12382: 15069,18081,15207,15481,16905,18579,12331
12383: 17812,17766,17710,14674
12384: 15333,14018,13418,17762,12334,3262,3368
12385: 254,11783,17727,14677,17274,15218
12386: 14081,15464,13978,15790,13499
12387: 17163,14803,12442,16691,16809
12388: 14978,16768,12344,16803,16551
12389: 12951,12475,8286,8178,12171,12950
12390: 15472,12785,17693,12423,13488,14188,16702
12391: 15111,11338,14563,17085,16461,17264
12392: 16449,14328,12710,16857,15306,11937
12393: 12672,16782,17957,15615,17144,15311
12394: 16607,16754,15148,15654,13743,14708
12395: 15330,16412,18545,17062,12467,18278
12396: 14784,12835,11776,15541,15441,13549
12397: 16953,18098,15124,16512,13762,18101
12398: 15452,18566,18200,13478,17837,15370,17726
12399: 16753,16775,13519,17300,12708,16888
12400: 18320,13587,13817,8392,17972
12401: 14124,13344,15230,11868,13464,12178
12402: 15645,13726,15419,4243,15861,11872
12403: 15526,16992,14775,17076,14608,13665
12404: 13550,12571,16818,16849,11889,13508
12405: 15760,16305,15663,13857,12513,12093
12406: 13506,17711,15411,13739,16488,12620
12407: 14621,17672,16133,17730,17791
12408: 12292,17929,16673,17567,15977
12409: 12889,12679,12882,15224,14388,14098
12410: 11338,17264,14948,13557,11848,17093
12411: 15471,14943,17166,15619,15233,18279
12412: 13742,11863,16694,14377,12532
12413: 15283,16184,16050,11647,13583,11648
12414: 14802,16276,11453,15209,15864,16267,18512
12415: 13368,15431,16606,17152,11887,16965
12416: 11950,17304,18292,16815,14682
12417: 15740,17027,12607,3693,11999
12418: 17179,14613,16019,16482,14556,16321
12419: 12480,17782,17124,17962,758,12297,16472
12420: 16676,15417,16712,18580,15105
12421: 15588,13628,12170,16884,8067,15631
12422: 10694,11877,14847,15301,16873,15249
12423: 12337,15531,11845,13488,12390,15472
12424: 14032,16373,13560,11681,11865,13946
12425: 3911,11873,16952,3802,16553
12426: 5143,14069,11973,14187,14795
12427: 14395,16244,12775,12653,11679
12428: 13544,17204,12019,12545,13604,13904
12429: 14244,12913,15889,15715,15383,13463
12430: 16311,17986,1,14707,17051,16143,14871
12431: 12169,15261,12147,12040,17745,4353
12432: 17764,13759,18382,15089,14895,15681
12433: 13697,15662,1148,13544,13554,17504
12434: 13442,15475,12917,7739,14676,13378
12435: 17138,13940,18089,15738,17365,17400
12436: 14998,14040,15557,11277,11276,17288
12437: 18399,14724,16301,17977,18077
12438: 11763,12372,17876,17662,12354,18230
12439: 12870,12315,16672,17283,13336,17321
12440: 17853,16743,15586,14722,18599
12441: 11781,14176,12294,12637,14373,15238
12442: 13337,16691,14975,12289,364,12387,16809
12443: 17599,17731,17652,16047,16141
12444: 11822,15681,15678,15676,13515,13687
12445: 18476,16956,12896,12317,18091
12446: 11954,16824,13486,13423,13967,12683
12447: 481,12986,12528,545,12857,15465
12448: 546,547,483,614,613,14783
12449: 15341,906,12678,830,907,15080
12450: 13548,14388,15896,12131,15892,12704,10269
12451: 17988,17831,4916
12452: 16920,13588,16557,18463,14930
12453: 11147,11146,15933,11936,11214,12658,14355
12454: 15092,11505,14928,17676,18118,15413
12455: 15955,11554,11857,12716,13361,11555,14977
12456: 14762,15206,12876,12049,15131,14999
12457: 13491,18408,15137,12462,17359,15067,13490
12458: 15421,13405,16413,14961,15838,16390
12459: 13130,15737,11910,13582,14417
12460: 14385,14016,15329,12748,12319,15246,13689
12461: 16868,12009,14396,13580,12628,18392
12462: 12457,15137,12509,17032,17359,14953
12463: 17715,16108,18078,17746,16145
12464: 13330,17880
12465: 15213,13172,16789,17445,9,15149
12466: 18093,16049,14606,16470,17930,14799
12467: 16699,15018,17062,12395,18545
12468: 15723,684,16575,756,829,830
12469: 4691,4579,4692,13173,14460,4804
12470: 10850,17187,16755,16978,13738,12927
12471: 13903,12523,15846,12895,16446,12018,11074
12472: 5936,15919,6050,5822,12682,12910
12473: 16866,16608,17046,16399,15253,16328
12474: 12717,14125,15843,14587,12980,4465
12475: 12389,8286,17972,8499,13817,12171
12476: 16200,17802,16428,17699,17794
12477: 13483,5596,11840,11831,5709,13955
12478: 14459,11508,11455,15729,12136,13815
12479: 11765,14243,47,17722,17416,14335
12480: 17103,14830,17782,12419,16573,12297
12481: 14798,14800,3154,12750,13053,15918
12482: 6616,6843,13007,6730,12016,16516,13655
12483: 15492,13601,18197,13849,18357
12484: 12324,11875,14178,11818,12904,14657
12485: 17872,15659,12753,13790,17269
12486: 16146,17803,17663,16205,17653,16180
12487: 14264,13657,11893,15430,13429,13521,15554
12488: 5709,13170,13862,5936,15318,14446
12489: 13244,15579,15810,13924,16383,12337
12490: 425,488,12831,13960,13111,489
12491: 5254,5140,15374,5027,17220
12492: 8604,16316,13900,14341,13296,16766
12493: 5253,5480,12906,12754,5366,16228
12494: 14935,16712,16950,14987,16424,17635
12495: 15894,15087,13586,18600,15637
12496: 1068,13621,14361,13235,12769,11806,13258
12497: 15664,12236,15308,9424,13773,9325,13644
12498: 14695,13480,17775,16414,15445,13716
12499: 12764,17237,13780,12299,11805,12529
12500: 11930,12060,14495,12968,16123,15802
12501: 3696,3695,13087,3805,12872,17134
12502: 12765,13197,14306,10692,12771,10610
12503: 5824,15119,12603,13963,5825,12200
12504: 11752,11730,16235,15807,11731
12505: 16026,11772,11993,13928,13905,12737
12506: 14325,13182,6507,14324,6393,6392
12507: 14090,14391,13971,14357,9813
12508: 544,543,479,542,12780,480
12509: 17244,15137,12462,11820,17032,14759
12510: 10530,16273,12193,13888,12206,15593
12511: 13522,13435,15874,12685,14222
12512: 18123,16088,17637
12513: 12405,16305,12770,12093,11767,14130
12514: 16885,17724,13749,16110,12598,17975
12515: 1230,15418,15895,15791,12368
12516: 14425,14381,16865,13624,12224,16812
12517: 13486,16556,16050,17194,11866
12518: 14969,12184,11780,15790,13752,18168,15102
12519: 15485,13659,12703,17366,13270,486
12520: 13118,15031,14084,13899,18312,14440,13171
12521: 13796,8,10,7,13842,17119,16682
12522: 12185,12681,12997,15010,13640,5257,5144
12523: 13903,12273,12471,12018,14420,12190
12524: 16114,12260,2433,17292,15355,13699,13555
12525: 12835,13603,14497,14064,14829,6164,14476
12526: 15168,13612,16135,16984,15282,17388
12527: 13575,13442,13378,13475,13534,17763
12528: 12986,12767,12447,15465,482,16248
12529: 3803,16331,12764,12499,11805,4023
12530: 15399,18570,11641,16304,15338,11597
12531: 15660,11798,11898,14311,12707,12135
12532: 13742,12412,11642,14377,13032,12828
12533: 151,196,13209,12150,153,15462,197
12534: 15437,12060,15581,12022,12871,14714
12535: 14156,12080,13787,6956,11955,12122,13192
12536: 15751,14330,5370,15364,5484,12074
12537: 16826,15032,16583,13590,16312,17374,15174
12538: 17223,14076,17685,14952,13714,15528
12539: 17163,255,13785,18521,14231,17056
12540: 15455,13885,17209,16918,15734,16011
12541: 14167,14478,617,15377,12832,14875
12542: 12786,11005,11076,11006,11145,11077
12543: 5594,12659,13131,5708,5821,12860
12544: 253,13303,16618,12730,14079,13775
12545: 14242,12972,13604,15039,12428,13904
12546: 159,160,14451,12864,15317,11904,12801
12547: 16743,17548,15586,15638,18241
12548: 7741,7520,7631,15875,7630,12939
12549: 14038,4466,13297,15784,18175
12550: 17280,15357,12266,16762,11206,13193
12551: 12641,13561,14858,14808,11888,11736
12552: 11968,13030,12675,12308,15292,13727
12553: 12010,17311,12886,17294,14319,11209,14215
12554: 12293,15479,17312,11919,11771,13886,16602
12555: 14752,17037,11841,15117,15545,17186
12556: 13576,15222,14321,13560,15241,17349
12557: 11882,13302,17839,13743,14708,17903,12633
12558: 3371,16257,3158,3265,14465,16497
12559: 13791,16012,18020,15717,12623
12560: 13734,15882,7626,12081,18198
12561: 17334,14103,15205,18345,15204,13598
12562: 12817,16678,12013,832,18017
12563: 15008,14104,16603,13585,16174,13908
12564: 11073,16991,13595,13994,15480,11843
12565: 14163,18369,15193,13468,16348,17723
12566: 14607,13574,17270,13828,11964
12567: 687,15041,14978,17565,16768,16966
12568: 17065,8070,7960,17946,12221,17372
12569: 14009,14173,11744,13840,13605,12719
12570: 16525,15713,12779,11871,14419,15879
12571: 14232,13550,14946,12404,12792,16849
12572: 14211,13003,12162,15862,13574,6504
12573: 17811,13253,17224,15078,4022,17816
12574: 12006,10851,14972,14991,10774
12575: 17348,13527,12236,15308,15266,13651
12576: 15490,17281,17940,14889,15252,17466,18513
12577: 12331,14141,17931,18385,16905,11143
12578: 13913,14963,12593,14303,15251,11897
12579: 11901,14113,12355,14446,12300,15318
12580: 11341,12269,14964,12772,13044,11279,11280
12581: 16651,11858,16594,15163,13485,14965,13523
12582: 18357,15827,13601,14151,16998
12583: 17520,11827,14164,11913,18141,13728,13901
12584: 13263,15546,16236,17123,15446,13781
12585: 13925,12198,15690,14029,11977,12777
12586: 15412,11938,13601,18168,16998
12587: 12345,13611,14144,11922,15359,15336
12588: 16405,17944,18041
12589: 208,209,16999,259,12642,14551
12590: 16539,18057,18062,16296
12591: 14296,14896,13056,15332,10444,12609
12592: 11782,16739,14372,13958,17238,14211,6277
12593: 15394,14963,16364,14231,12578,14303,15251
12594: 13922,10179,13983,10178,10088,14423
12595: 13662,18113,15811,16342,11983,12611
12596: 17411,14897,15960,16110,12598
12597: 13751,11002,16736,15334,11143,14473
12598: 14508,17975,14897,12596,16110,12514
12599: 4132,14288,13950,14587,14458,12698,14148
12600: 17444,15799,13894,16822,15272,17016,15084
12601: 18417,16687,16433,12079,15559
12602: 14330,5257,13572,12074,15010,12165
12603: 13963,14464,12503,12787,5598,5825
12604: 16927,18028,11683,11863,16694,15611
12605: 16946,15204,12267,12226,14516,15205
12606: 17193,16860,16438,15461,17258,15135
12607: 12417,14234,17027,17338,3584,3693,14475
12608: 12002,18505,16769,16124,16598,18519,16499
12609: 14296,12591,13056,10359,13473,15491
12610: 14257,1229,12961,1145,15280,12745,1146
12611: 16342,12840,14091,11335,12595,15811
12612: 16663,13223,15434,14736,16628,12623,13715
12613: 14369,18144,17324,10693,12771,13237
12614: 13705,13037,25,17259,14189
12615: 13746,15247,15517,17400,14729,15551
12616: 11766,16699,13691,13470,16546,18604,14989
12617: 165,13952,12194,119,15269,12083
12618: 13688,14223,833,15055,18414,16406
12619: 24,15582,25,53,54,12908
12620: 12406,13506,13739,18281,15555,11919,11771
12621: 621,620,12245,690,12281,13133
12622: 12257,836,12987,14970,913,15917
12623: 15034,16628,18453,13715,12612,16012,12559,15717
12624: 17945,11757,15445,13716,18306,13566,15211
12625: 16025,13306,686,18252,15436,13529,16752
12626: 11926,18367,17118,14278,16548,14775
12627: 18501,18119,17229,11824,16665,18560
12628: 4132,15869,18392,12461,12009
12629: 15100,18175,13313,12693,16070,13297
12630: 11959,15552,14347,16602,14279,15050
12631: 17307,15832,13968,15438,14526,16726
12632: 16381,18126,16362,17983
12633: 13302,17839,12557,13856,16389,14307
12634: 118,78,12043,12737,13918,17190
12635: 683,682,14366,615,684,755
12636: 17885,16491,14705,16623,18561
12637: 11781,14176,14734,12694,12441,310
12638: 18183,15852,15467,17792,15717
12639: 14450,11900,14915,5937,12720,14220
12640: 15356,13366,17088,16615,15471,18573
12641: 13561,12551,18556,11888,11949,17033
12642: 16999,12589,260,14551,261,15324
12643: 14939,15238,257,14373,256,14282
12644: 14919,16827,16626,16466,15023,18038
12645: 17668,15184,16679,16119,18137,15053,18342
12646: 14266,14059,11888,17217,11949,14186,13945
12647: 13041,13546,760,14970,12000,836
12648: 11340,12671,14184,13930,12982,11339
12649: 15430,13063,14301,16511,15239,11893
12650: 12852,18193,13996,16900,18173
12651: 17003,18061,18187
12652: 15497,13768,7406,7405,7068
12653: 14664,15223,13156,11679,12427
12654: 15192,12924,17329,18292,15564,17304
12655: 18003,18024
12656: 15854,17475,18327,616,17781,13935
12657: 10090,17531,18276,16921,14210,9905
12658: 11936,12453,14355,14047,11850
12659: 12543,5708,5822,12860,12910
12660: 13074,11737,16962,11735,15700,14808
12661: 11903,14091,17358,11335,14067,15335
12662: 5823,12381,5369,14628,17339
12663: 17002,16711,16987,17034,15040
12664: 38,13524,13543,18504,13565
12665: 10183,14200,12251,10184,10273,10093
12666: 12790,4915,4914,4802,4803,12327
12667: 15393,11864,16707,13926,13402,15283
12668: 12195,16480,9812,9717,9621,15316
12669: 13016,17345,13915,16095,7627,14968
12670: 14939,15238,12237,311,11781,11894
12671: 11340,15203,13874,11902,12648,14184,13820
12672: 12393,15634,17957,17383,15615
12673: 15639,11967,15650,15985,13846,1580
12674: 15175,13682,17712,13265,15041,17565
12675: 12552,13030,4691,4579,13727,13793
12676: 14887,14214,14245,13010,487,15012
12677: 11895,426,366,13960,12885,13111
12678: 13059,12449,15341,906,905,13046
12679: 12889,12409,9997,14217,15912,14006,14098
12680: 16629,17696,16180,15116,14732,16961
12681: 14271,12522,12997,14452,5144,14127
12682: 6049,5822,5935,15919,13061,12472
12683: 12799,15614,18388,13967,12446,11954
12684: 17398,12916,12078,13830,15842,18108
12685: 12511,13435,14222,13833,13948,7959
12686: 36,12925,15194,14877,35,14345
12687: 13782,14073,44,17579,17215,11931
12688: 15934,16816,17795,15150,16538,18529
12689: 8709,16700,14925,16322,13954,12909
12690: 14426,12849,11145,14466,11146,15933,13997
12691: 17139,18330,3049,16770,15585,13809
12692: 15398,16957,15847,18310,13573
12693: 13847,16931,16070,16834,13825,15100,12629
12694: 11940,14176,14734,12637,13913,14303
12695: 11958,15706,18253,15439,12088,17081
12696: 3585,14792,3370,3694,3804,12919,3695
12697: 489,555,13960,426,490
12698: 12980,4577,16757,12599,14587,14458
12699: 13954,13388,13389,8602,16700
12700: 16644,13795,13860,18205,16102,17629
12701: 15628,4243,14432,12805,14353,11921
12702: 13643,16746,11604,15994,12066,12883
12703: 13659,12519,15232,17732,17366,17067
12704: 15892,13983,15224,10088,12450,14388
12705: 15723,685,12005,16575,14263,14299
12706: 13101,18184,13846,1580,17286
12707: 14017,15774,12135,15867,15660,12531
12708: 17681,17030,16888,12723,17300,12399
12709: 13951,14312,13336,12725,11506,16672,14932
12710: 17521,14001,12788,11995,16857,12392,14328
12711: 16779,16372,15172,17564,18523,16564
12712: 14348,17396,6617,15279,15981,6731,13008
12713: 11821,15785,12062,12966,12327,15601
12714: 16467,5370,14069,15751,18393
12715: 14588,13865,14224,1672,1764,12845
12716: 12455,15955,11944,11857,12186,14320
12717: 17042,12474,14125,17457,4465,17512
12718: 15413,14716,15584,15525,13392,18246
12719: 11746,12999,11744,15661,14173,12569
12720: 14789,14940,14220,12791,12639,14915
12721: 11208,11273,14758,13120,11140,11274
12722: 10000,12734,9813,9907,13911,18378
12723: 15342,18045,15351,17300,12708,17681,10528
12724: 13865,17286,14394,14474,12348,14224
12725: 13951,12709,12989,11506,18025
12726: 7741,17372,16661,12939,7740,17065
12727: 12283,12962,12221,12951,13129,7960,8178
12728: 11712,13049,15406,14295,12202
12729: 203,13058,12030,12234,11777,15513
12730: 14349,14079,14550,253,14402,12544
12731: 4245,4134,13115,12781,16934,4135,4024
12732: 13813,16854,16219,17273,14869,17129
12733: 17198,13870,18555,17534,15549,16722
12734: 10000,12722,9813,13066,9999,14391,12160
12735: 13179,12984,8606,8607,8713,15758,8712
12736: 11929,12798,15594,15853,421,16248
12737: 12634,13918,12505,13928,117,13905,14254
12738: 13956,13019,3801,17177,18397,13580
12739: 14488,4463,4575,15510,4576
12740: 15803,14142,14063,15551,17449
12741: 12057,1948,2043,14383,15468,12797
12742: 14443,12789,15338,11641,14371,14133
12743: 14676,16046,14087,11810,16653,13897
12744: 12127,7407,11985,18372,7295
12745: 14257,12961,1065,1064,12610
12746: 12087,11844,14866,14053,14473,14141
12747: 15020,12776,13569,11890,15458,14074
12748: 12460,14385,14044,75,17154,15246
12749: 15533,17473,16714,15590,16241,15686
12750: 14800,3154,12481,11984,18312,11883
12751: 3261,15733,14800,3474,15918
12752: 15391,10359,10272,13678,10091,15225,13056
12753: 17872,15659,10612,12485,13855,15742
12754: 12906,5026,5139,5253,12285,12493
12755: 11000,14145,12815,15632,11843,11073
12756: 13600,13370,6505,6618,15293,16286
12757: 12887,13731,16911,14080,88,87
12758: 12262,13990,13146,14213,311
12759: 13071,12761,908,12807,832,17156
12760: 15724,12351,15711,14319,11274,11209,13120
12761: 11939,12759,13071,13919,13100,12807
12762: 11975,12933,11959,156,12942
12763: 14837,12047,1318,12866,13116,1492
12764: 14273,17237,12499,17778,3803,12529
12765: 12502,10526,13197,14306,10609,10525
12766: 16863,17098,15443,13772,41,18412
12767: 420,12986,12528,14552,15594,16248
12768: 16739,15599,14225,15275,6277,13669
12769: 12935,12496,14361,13235,1067,1149
12770: 16305,12513,14205,16008,11767
12771: 10610,13237,12502,10692,17324,12613
12772: 11214,11278,13044,11279,12580
12773: 15743,1315,15418,16810,1401,12774
12774: 16306,16323,15743,12773,1401,12038
12775: 14443,11925,14395,16244,12427,15499,12789
12776: 15020,12747,13678,12160,15458
12777: 11977,15400,12114,15188,14029,12585
12778: 15718,16796,18248,18182,15806,14241,18522
12779: 111,15713,14354,16525,13220,12570
12780: 608,542,12973,609,12508,543
12781: 4244,4133,4245,4134,12731,4356
12782: 13754,13811,7847,12120,11986,12056
12783: 13036,13167,11997,14848,12061
12784: 3801,13979,4020,11994,12298
12785: 14424,15226,12390,15472,16991,17693
12786: 12542,11005,16043,17657,11006,10931,10932
12787: 12165,13553,5712,5598,12603,14464
12788: 12710,15786,14001,16686,11995
12789: 14443,16244,12775,12188,12742,15338
12790: 4801,12666,4914,4688,4802,4689
12791: 14789,12720,11911,6051,14915,6164
12792: 14232,2841,14946,12571,14879,14567
12793: 14097,15076,15097,14566,15649,17426
12794: 14453,16590,13818,14406,17383,16871
12795: 12943,14686,17506,17460,14893,7070
12796: 12858,1402,13977,13995,12328,13932
12797: 14383,12741,15468,14878,1947,17477
12798: 11929,422,12736,13909,15594,11896
12799: 14166,15614,12994,12683,16365,11954
12800: 11562,11563,13616,15099,16096,11606
12801: 11772,116,15314,11904,160,12546
12802: 12362,3158,3052,3265,14275,15296
12803: 12053,12837,19,13136,11765,18538
12804: 15470,12934,11955,7068,13192,15030
12805: 15628,4243,15633,12701,13465,15419
12806: 7629,12904,15622,7518,16147,14657
12807: 17156,14223,833,12759,12761,13919
12808: 11638,11678,11639,17241,14461,11680,16567
12809: 13436,16819,13166,16635,3050,14879
12810: 17175,15945,17305,16224,9904,16338
12811: 202,14550,11777,15050,15513,201
12812: 907,12825,12139,906,984,13227
12813: 18567,16350,15294,16835,14786,11899
12814: 17058,11205,11067,11137,12974
12815: 13174,11072,15632,11843,16165,12755
12816: 14878,13060,15295,2042,15675,15468
12817: 12562,11906,12013,13991,14444,14368,18017
12818: 10358,18543,18506,16947,16839
12819: 15978,16003,17471,15992,16733,18283
12820: 16840,18433,16208,18405,17573,17866
12821: 13012,17394,10447,10531,10532,15769
12822: 17167,11981,13075,5938,6051,15484
12823: 11896,15412,15822,11938,14552,362
12824: 987,16645,16313,16598,15063
12825: 11972,13107,907,12139,831,12812,17192
12826: 17131,13287,15815,17754,15778
12827: 10849,13365,10848,10770,10771,13712
12828: 11599,11969,11642,12532,13032,15021
12829: 15002,13631,11832,15305,14601,15249
12830: 13410,16967,14014,17344,15732,17298
12831: 488,12490,12890,489,12205
12832: 11970,12084,14875,13187,15326,14478,12541
12833: 15534,986,17351,833,13919,16406
12834: 12073,12311,15493,10774,10695,10775,14991
12835: 11776,13603,12525,15541,12396,14497,13600
12836: 18348,18536,16869,18418,18402
12837: 12053,14824,21,19,12803,20
12838: 3264,3371,16704,3263,12919,16257
12839: 12983,11403,13428,11458,11457,15036
12840: 14078,16342,14405,12611,14091,18121
12841: 14114,17070,11907,17958,6731,16117
12842: 3694,3912,16268,3804,17368,13087
12843: 14538,12216,16792,10442,12028,12844
12844: 11987,12028,10611,12003,12843,10442
12845: 1764,1857,17352,15178,14588,12715
12846: 15361,13347,7294,16584,17287,14661
12847: 13069,15383,15367,14269,17993
12848: 165,166,213,13952,14002
12849: 12690,14426,11212,11213,11146,14355
12850: 11560,13052,12282,11605,11561,11606
12851: 12332,14937,13320,13294,17928,15521
12852: 12650,16889,15538,18193,17216,13996
12853: 15693,16185,13020,12036,13177,13979
12854: 11976,13255,15350,6505,6618,14064
12855: 11837,13572,16527,5711,5484,12074
12856: 14437,15152,16938,15858,15598,13427
12857: 13104,12447,545,15465,15095,12296
12858: 14100,1402,12796,15691,17014,13995
12859: 12897,14248,3369,3584,14226,15607
12860: 6048,5822,5935,13252,12543,12659,5821
12861: 14614,17606,18498,18517
12862: 17376,14085,17035,12048,15396,18277
12863: 14828,14015,13972,15469,17099,16441,18459
12864: 206,16936,15317,17120,159,12546
12865: 12037,14379,13094,13808,17196,11921,14218
12866: 14837,14848,12763,12061,1492,12379
12867: 16906,13221,8175,8391,16862,14149
12868: 13844,11961,15051,8176,16823,15877
12869: 17750,15926,15563,17524,18445
12870: 16672,14932,12439,13582,14417,17283,11990
12871: 12046,14714,7295,12534,12022,18372
12872: 12501,13087,3805,15805,3913,17368
12873: 15842,14054,14759,11820,15003
12874: 10616,16285,13907,10697,10776
12875: 12045,11866,16824,14195,11686,15026
12876: 12286,12099,13178,1578,12456,15206,14999
12877: 14774,16517,9124,15420,16890
12878: 14609,14557,16074,14762,1489,14304
12879: 12179,16781,14218,13140,12037,4355,12023
12880: 15502,17101,17253,15407,16960,17214
12881: 16745,17101,17253,9998,15574,17227
12882: 15224,10087,9995,12889,12409,9996
12883: 11647,15994,12702,12066,13583,12158,15202
12884: 18049,15679,15873,14477,18030
12885: 425,11897,13111,11895,365,12677
12886: 13198,12004,11209,14215,11210,12553
12887: 14056,13731,51,12757,13078,14080
12888: 13225,12196,15140,14392,17260,14582
12889: 16878,12409,12679,9997,9996,12882
12890: 16247,13010,487,12173,488,12831,12205
12891: 13643,11604,11559,11991,12152,14346,11605
12892: 14481,11762,16955,15366,20,17848,13439
12893: 910,17148,15029,14057,11920,14835
12894: 13164,11207,13880,11139,13788,12107
12895: 15846,11002,12471,11074,14053
12896: 12317,17416,16956,12445,13507,14243
12897: 12859,12280,3585,14248,3477,14523,15607
12898: 13187,16701,548,17036,484
12899: 1317,15097,16492,17233,1491,1403
12900: 14339,15557,17288,11211,11982,18554
12901: 14817,3,12990,11960,15065
12902: 13093,544,611,610,543,13104
12903: 614,13127,613,683,12215
12904: 15622,12806,14657,11875,12484,15270
12905: 11139,10997,12981,11069,10996,13164
12906: 12754,5366,5252,5139,16713,12493
12907: 13591,9621,9525,14982,14973,12195,9524
12908: 26,13632,12619,25,54,15337
12909: 13954,8813,12993,8708,14251,14925,12689
12910: 13862,11988,12659,5708,5822,5936,12472
12911: 6162,6276,15254,6161,12998,6049
12912: 14918,16841,9620,12971,15684,17776
12913: 14244,10613,12429,12073,15889,12311
12914: 14354,14421,72,14949,13879,73
12915: 11212,15523,12075,11213,14998,11276
12916: 12684,7517,17398,12078,15256,14180,12996
12917: 14676,12434,14365,13378,13165,15572
12918: 13077,14524,15719,15770,13543,13565
12919: 12838,16704,3263,17134,12696,3370,3695
12920: 17015,17581,18592
12921: 14250,8709,8814,14301,15365,16511
12922: 11723,11724,16883,11722,13023,13202
12923: 13180,16396,12091,16382,11748,17337
12924: 15192,17329,16737,12654,14105,13461
12925: 18504,14877,12686,13565,14345
12926: 9809,12167,9903,14665,16878,12089
12927: 16978,17341,12470,17187,16822,15084
12928: 15083,10926,13188,12058,15489,14237
12929: 5481,13955,13170,5595,18140,5482
12930: 15803,1855,17424,14082,15159,14272
12931: 14837,11997,14848,17434,14035,17426
12932: 13122,15400,13724,15643,15562,14155
12933: 11975,12942,12762,18085,155,13646,12965
12934: 15470,14144,7069,12804,15030,7181
12935: 13235,12769,1149,15061,1233,13098
12936: 13101,14209,14447,18497,18125,17367
12937: 12020,13070,14328,14295,17521,11712,13034
12938: 14227,17305,9904,12167,12089,9997,14217
12939: 7629,7630,16661,7741,12548,12726
12940: 16366,1853,1947,15295,1760,1668,12235
12941: 14829,17167,13254,6278,13075,14476,17315
12942: 12933,11959,15552,12762,18085,17106
12943: 12795,7071,14686,17460,12959,16126
12944: 2943,13568,3047,13117,15267,3153
12945: 12130,15765,18256,18209,17052,14166,18090
12946: 1146,1230,15418,16810,14416
12947: 15414,13149,16016,12121,13096,15321,15666
12948: 14389,16459,14134,14161,18125,17367
12949: 13134,4800,4575,4687,15510
12950: 8287,8178,8393,14138,12171,12389
12951: 12389,8069,8286,12283,12727,8178
12952: 8606,15758,15690,11977,8817
12953: 15595,13210,1951,1856,15178,15408,17352
12954: 11502,16600,14159,11553,15603,13487
12955: 17245,17371,17041,15488,15845,17549
12956: 17397,15547,14410,15839,17066
12957: 13030,4691,11825,5030,4917,4804
12958: 14315,15424,12111,14683,16299,13984
12959: 7183,16126,17460,7407,12979,12943
12960: 13408,12147,4803,14140,4690,12977,4353
12961: 15280,12745,1064,12610,16759,1144
12962: 14468,12283,15818,12221,12727
12963: 15183,14866,11144,15699,15523,18225
12964: 11599,14554,11551,11980,11550,11969
12965: 155,14199,12064,13103,11975,12933
12966: 5141,14208,15785,12062,12713
12967: 16220,14452,17602,5256,5144,11825,5030
12968: 12060,12500,14714,13525,15802
12969: 17131,12052,17754,14222,13833,18590
12970: 14448,13269,15979,17643,12133,14158
12971: 14990,12912,16841,15684,15813,13157
12972: 14242,12545,17148,14859,12123,15039
12973: 608,542,13114,541,12780,13804
12974: 11137,14976,11205,12814,11272,11206
12975: 15705,11953,15364,5597,16527,5484
12976: 15823,7406,13768,12080,13214
12977: 4690,4577,16757,4353,12960
12978: 13769,1855,17424,14343,15454,16250
12979: 12127,7407,13224,7183,12959
12980: 14522,4577,12698,14587,12474,15843
12981: 11139,10997,11070,14992,11071,12905
12982: 13964,11398,11339,12648,13930,11399
12983: 12839,11403,11457,11456,11402,11345
12984: 12735,8713,13449,8712,14060,8818,14129
12985: 14287,11780,15888,17970,15291,12184
12986: 420,481,12767,13247,12447,12528
12987: 837,761,12622,12257,14711,913
12988: 10850,14152,15141,17187,15489,14237
12989: 13951,16369,12725,15620,18025,17181
12990: 27,17259,26,14817,12901,3
12991: 12104,13375,10693,15373,14565
12992: 1313,1228,1229,1145,13479,1314
12993: 12909,8813,13186,17053,14925
12994: 12799,14166,16365,14456,18256,14185
12995: 14336,17323,14797,14034,15900,15544
12996: 15256,15735,12229,7517,14318,12916
12997: 14271,12185,12681,12522,5031
12998: 6048,13084,6049,5935,12911,6161
12999: 11746,12719,15756,16728,14173,12091
13000: 12111,12216,16792,16299,12132,10269
13001: 14429,10356,13139,13922,10179,14004
13002: 13003,15275,12162,6277,6163,13895
13003: 14211,12572,12162,6277,13002
13004: 10849,10924,10848,11942,12008
13005: 15878,11906,12013,14875,685,14263,617
13006: 3581,13426,3473,3474,3367,3475
13007: 12482,12259,6616,6843,6502,6729
13008: 12712,15981,6731,14071,17461
13009: 14073,14039,18483,12116,15443
13010: 12890,14214,12676,487,488,424
13011: 554,622,17756,692,14809
13012: 17394,12821,15769,17049,10616,10615
13013: 11607,11608,15081,12263,12166,15871
13014: 11342,15125,11216,11217,11281,13939
13015: 6166,6165,6279,5938,11981,6052,13398
13016: 18267,12669,12120,17345,16095,12056
13017: 12223,14433,70,16863,42,71
13018: 14027,120,11767,80,14130,12083
13019: 12738,18397,18249,3911,13580,16173
13020: 13426,3582,15693,12853,14455,12036
13021: 2739,16819,16635,12113,13062,2637
13022: 602,15474,14249,13124,471
13023: 11746,13202,11722,15661,13082,12922
13024: 6958,6846,17506,13672,13038,6620
13025: 17067,12343,15440,17366,14245
13026: 15596,13620,4693,4694,15795,4581
13027: 13878,13212,13570,35,12,17870
13028: 10357,14733,17510,17681,17030,10528
13029: 12193,15593,10446,10447,10531
13030: 11968,12552,12957,4691,11825,12675
13031: 11147,15933,13997,13125,11078,15343
13032: 14377,12532,12828,15021,13250
13033: 15617,11775,16689,12015,16648,15309
13034: 14664,15881,14295,12020,12937
13035: 15537,14897,14061,11600,11963,17904,14977
13036: 15787,11816,13167,12783,15077,12348,12061
13037: 13705,12614,23,12126,15582,11881
13038: 6619,6620,14324,6733,13672,13024
13039: 5825,5826,13936,5939,5599,5712,5598
13040: 13048,16355,14175,15675,1948,15468
13041: 13546,12647,13859,16619,988,12000
13042: 16365,12045,14195,11718,15702,14456
13043: 17509,15630,17168,18349
13044: 15203,12163,11936,11214,12772,12580,12269
13045: 7408,16784,7519,7630,16147,15875
13046: 982,905,14469,906,12678,13227
13047: 13221,8175,13754,11986,8066
13048: 2235,13204,14175,13040,1948,2043,2139
13049: 14001,16686,12728,12255,11739,15406
13050: 11978,16842,12343,12076,15440,551
13051: 13062,12154,17861,2535,14336,15544
13052: 11560,14293,12850,11605,17256,12244
13053: 14798,3260,12481,15918,14131,3367
13054: 13495,15701,12166,11651,18218,15871
13055: 11686,15701,11688,15532,12045,15698
13056: 12591,15332,12609,10271,15225,12752,10359
13057: 14749,14190,10770,13119,10690,10608
13058: 203,13112,252,12729,14349,11777
13059: 15341,12678,15179,828,905,904
13060: 12816,1853,15295,1946,2042,2041
13061: 15919,6049,12682,6162,6163,13895
13062: 12154,13051,2637,15544,13021,12113
13063: 15430,16051,8815,13708,12649,15239
13064: 14037,14378,15679,12182,14177,14397,16813
13065: 15834,18443,17884,16706,17961,14278
13066: 10000,12734,12160,10182,10092
13067: 3912,12274,17368,13115,16934,3913
13068: 78,17190,16008,14027,11767
13069: 12847,13648,15367,14269,13660,17035
13070: 12020,16449,11867,14499,14328,12937
13071: 12759,12761,13100,11996,908,17192
13072: 8391,17428,16862,8496,8282,8390
13073: 1667,1759,1668,18199,16366
13074: 11707,16962,12660,11708,11706,15700,16336
13075: 12941,12822,17167,6164,14476,6051
13076: 16750,14187,14484,16758,5029,13825
13077: 12918,15386,14524,15716,12106,13565
13078: 12887,51,15817,12231,14080,52
13079: 360,418,14197,13247,12151,419
13080: 8067,13229,7848,7957,15631,15048,17356
13081: 16577,14323,15319,2435,12191,17861
13082: 15230,15661,13464,14043,11693,11722,13023
13083: 15410,14735,13953,17377,7958,13969,16790
13084: 6048,12998,6047,13766,6161
13085: 16481,11838,15016,14434,16048,15672
13086: 11738,17169,11737,16962,13415
13087: 12501,3695,12872,12842,3804,17368
13088: 13124,471,17047,470,534
13089: 13844,15877,8067,13628,16303,13500,17356
13090: 12077,14046,17575,15558,14210,9905
13091: 13379,14435,18209,14185,17615,17180
13092: 15302,18020,13609,12192,15852,17924
13093: 12902,611,610,13797,679,680
13094: 12037,12865,14379,11979,13793
13095: 9227,9228,9327,14086,9328,9426
13096: 12947,12121,15450,13171,15321,13118
13097: 11895,13581,366,12142,367,309
13098: 1150,1234,1233,12935,13235
13099: 11334,12212,11271,11394,11903,14393
13100: 11939,13071,12761,12034,13272,11996
13101: 12936,18184,14209,13846,14447,12706,12103
13102: 13778,15762,14387,18478,16604
13103: 12064,199,12965,11975,17429
13104: 12902,544,611,12857,545,12296
13105: 13469,1492,14625,14286,1404
13106: 11507,12100,14367,11556,11455,16786,15729
13107: 12825,12139,17192,16353,11996
13108: 5706,5707,5479,5366,16228,14333
13109: 16518,14155,13122,15578,15483
13110: 13516,107,108,109,13917
13111: 425,11897,13960,12885,12490,12677
13112: 252,13058,14349,14402,14287,15291
13113: 12098,17102,15348,48,14160
13114: 477,12973,541,13804,540,476
13115: 4023,4134,12731,16934,13067,12274
13116: 12047,1318,12763,13596,1405,1233
13117: 3048,2839,2943,12944,13143,15267
13118: 12520,15031,13096,13171,15090,15321
13119: 14306,10609,10691,10690,10608,13057
13120: 13198,11140,12721,12760,11274,11209
13121: 10695,10696,10615,15931,10614,17394
13122: 15400,12932,12114,8920,14155,13109,15578
13123: 15929,14777,15831,17890,15529,12168,15782
13124: 471,13088,14530,470,411,14249,13022
13125: 11147,13031,11278,15343,11148,15476
13126: 14299,614,683,12153,14783
13127: 12903,683,12215,682,681,612
13128: 991,913,912,14711,992,16690
13129: 8179,8070,7960,12727,8287,8178
13130: 13256,17971,12459,16742,13597,11860,15737
13131: 12543,5594,14333,5821,5707,15747
13132: 12134,13921,3583,12109,13162,15685
13133: 690,691,621,12621,622,14809
13134: 12949,4800,4799,13552,4912,4687
13135: 15408,1857,1952,2047,13155,2046
13136: 12053,12803,18538,12164,50
13137: 12004,13788,11141,12107,18008,12035,11071
13138: 15501,15556,11753,11754,16235,14117
13139: 16232,10356,13001,17830,12028,12003,14004
13140: 12879,16781,4133,12023,14259
13141: 13964,11398,14274,18025,17181,12044
13142: 12256,200,17431,248,249,17429
13143: 2943,18212,13761,2839,13117
13144: 14090,9906,15316,9812,12067,14849
13145: 14116,16166,17252,14462,17478,18472
13146: 370,12758,313,14213,13973,312,311
13147: 10271,10181,14183,12048,15459,12094
13148: 10612,15995,18162,10527,13998,15742
13149: 13686,15414,12947,12241,12121,13701
13150: 16453,18539,18559,12222,16218
13151: 18539,18571,17364,17450
13152: 17125,17879,17678,17883,13406,18597
13153: 123,12279,81,121,122,14066
13154: 8817,13535,9024,15578,8921,9023,8920
13155: 2046,13542,1951,1950,15408,13135
13156: 14664,14265,12653,17241,11679,14461
13157: 15813,9227,16415,9327,14990,12971
13158: 12068,13957,12019,15662,1149,1067
13159: 15920,9810,17550,17916,15752,17277
13160: 15752,17550,17886,18419
13161: 15496,15483,15453,16518,13223,15434
13162: 12134,13132,14455,12109,12036,3475,15733
13163: 17036,421,547,483,15853,16701
13164: 11069,11138,11207,12894,11139,12905
13165: 15665,15572,12917,14365,17446,16832
13166: 13436,12809,2946,3050,11928,3051
13167: 13036,15787,14566,1403,12783,11997
13168: 14153,18301,14842,15174,17877
13169: 13196,15763,11750,12219,12125,14658
13170: 5709,13955,13862,5595,12929,12488
13171: 14440,15450,12108,13096,13118,12520
13172: 15213,12230,17289,12465,13645,15149
13173: 15596,4580,4693,4692,12469,14460
13174: 11072,12815,16549,17059,16165,11142
13175: 34,12106,16193,13802,16791,12204
13176: 28,16161,13694,30,29,7,16682
13177: 13979,17177,12853,3691,12036
13178: 12099,1578,12876,17137,1668,18199
13179: 8500,14246,12735,8606,8607,13195
13180: 12923,16396,14438,12226,14901,11748
13181: 15454,12187,12070,16407,1855,16356
13182: 6734,12506,6507,6620,14324,6621
13183: 13693,3580,14662,16971,13732,13619,3366
13184: 989,911,12124,988,12000,13653
13185: 11966,13295,1314,12024,12118,1400
13186: 13203,9020,17053,14386,8813,12993
13187: 11970,12084,12832,12898,14206,16701,548
13188: 17814,15083,12928,10925,12058,15373
13189: 10443,14538,12111,15186,14683,16792
13190: 28,29,5,15707,15540,13875
13191: 13695,123,12279,84,83,15025
13192: 15470,11955,12804,12122,12054,12535
13193: 11334,14137,11271,11272,15357,12550,11206
13194: 17900,14427,17601,17908,14439
13195: 13179,8500,14246,8499,14138,12171
13196: 15763,13169,11748,17337,12125,15756
13197: 12765,12502,10526,10610,15571
13198: 12004,12886,18008,13120,11140,11209
13199: 17430,14430,15884,17440,17622,18111
13200: 15830,160,12117,117,16022,14451
13201: 693,692,13271,624,17756
13202: 11725,11746,13023,12125,16728,12922
13203: 16529,9122,13186,9123,9020,17053
13204: 2334,2235,13048,2139,2236,13803
13205: 12154,15466,2637,13656,18100,2536
13206: 7293,13734,15823,15882,7406,7405
13207: 15774,12096,619,15867,12197,13805
13208: 17622,16035,17846,18111,18558
13209: 110,12232,152,151,12533,12150
13210: 1856,15178,12129,12953,14209,12103
13211: 12265,15138,17890,16650,14359
13212: 15609,63,13878,13027,64,13570
13213: 6732,13255,6733,15350,6845,15812
13214: 13579,7067,12080,13787,12976
13215: 13633,12157,4805,15074,4806,4918
13216: 11610,11650,11652,11651,11687,13767
13217: 16879,13293,14751,16278,18272,15865
13218: 17278,14463,18130,15694,9022,17095
13219: 2433,13803,2334,13394,13649,15687
13220: 74,16525,73,15110,14354,12779
13221: 16906,8175,13754,12867,8174,13047
13222: 11509,13452,12141,12244,13428,11510,17256
13223: 12199,16518,12612,16663,15434,13161
13224: 12127,12979,15182,15597,12155
13225: 15885,9715,12196,12888,14227,14392
13226: 14874,17425,14844,14483,14610
13227: 984,983,906,13046,14469,12812
13228: 11689,11720,15698,15532,11718,12105
13229: 11986,7848,7957,13080,12056,16095
13230: 16920,13588,13382,16505,15170,14679
13231: 13240,15899,18308,17489,15907,18479,13450
13232: 14315,17318,15161,14094,15424,16850
13233: 18562,16113,16638,16666,14512,14839,14536
13234: 16802,18343,18540,16945,14604
13235: 12935,12496,13621,12769,1150,13098
13236: 15266,17260,15730,18067,13644,15308
13237: 11987,12771,10610,14369,12613,15995
13238: 2842,2739,2637,13656,2843,2740,17404
13239: 14323,18398,15863,16879,15904
13240: 16105,13231,17451,15899,17489
13241: 17605,15980,16846,16216,14666,18494
13242: 15352,11924,15801,15002,15305,11839
13243: 18433,15949,17203,17902,76
13244: 16894,12489,15810,14909,16383,18446
13245: 18396,16648,15720,18317,205,16452
13246: 17507,14502,18547,17516
13247: 420,481,12986,12151,419,13079
13248: 17467,16941,18544,18273,17463,15901
13249: 16505,11947,17457,14679,4578,13927
13250: 15537,11643,14061,13032,13827,15021
13251: 13301,16710,18355,15060,16490,16981
13252: 6048,12860,15747,5934,6047,5821
13253: 15389,17811,12573,17734,15078,15114
13254: 12941,17167,6278,14886,6165,12183
13255: 13213,12854,15350,16123,6618,15812,15802
13256: 11559,17971,13130,15737,11991,11558
13257: 12085,14077,12119,15672,11961,16048
13258: 12124,988,12123,1068,12496,11806,13859
13259: 14611,11918,17123,17240,16210,15310,18156
13260: 14560,17999,16128,17612
13261: 13489,17182,17350,15304,16765,14638
13262: 15323,17409,17178,16926,13810
13263: 14611,12584,17123,16872,15446
13264: 12341,14561,18207,18422,18598,16148,14598
13265: 12674,17712,15041,17261,17336,16501
13266: 16167,14653,16427,16064,14737,16318
13267: 12354,15692,18230,17054,13505,14535
13268: 15921,17936,17485,18041,14966
13269: 14448,12970,12133,15789,17309
13270: 13377,14591,12322,486,15485,12519
13271: 693,13201,624,13784,625,694
13272: 12034,13100,11996,16353,1065,1064
13273: 16769,17694,14659,17689,16029,18174,15244
13274: 10852,10775,10696,16285,13907
13275: 11705,11735,13396,15700,16336,15886
13276: 17463,15982,17613,17752,14492
13277: 16190,17519,16024,18171,12361
13278: 15277,14851,14544,16646,17173,13335
13279: 12314,13437,13383,16500,16521,14632
13280: 18466,13282,16416,16101
13281: 16230,13312,18461,16778,17158,17221
13282: 13615,15042,17742,16416,18583,13280
13283: 14731,13403,16144,17594,17821,16341
13284: 13362,16036,14594,17110,12291,13350
13285: 14986,15371,17232,15148,15654,15942,12001
13286: 18239,14640,17479,14534,18226
13287: 12826,17131,14441,15778,8392,18320
13288: 11335,14924,15335,11336,15811,11395
13289: 16479,17682,15913,14510,17590
13290: 15648,17029,11827,12026,15876,5142
13291: 15533,11682,17898,13420,13612,16984
13292: 2237,16420,12211,16356,12187,15380,15390
13293: 16278,13217,16453,15865,18352,12208
13294: 12851,13501,14663,15521,18565
13295: 11966,14247,1401,12024,13185,1315
13296: 14341,8603,12210,8390,16766,12492
13297: 4466,12549,18175,12629,16070,16780
13298: 17090,16530,14818,17644,13834,16632
13299: 17244,16852,16731,7738,14759,14688
13300: 11644,14914,14562,16825,17089,14641
13301: 16259,13251,17806,15958,18355
13302: 12116,17903,12557,12633,14307
13303: 253,17362,14081,12544,13456,13775
13304: 17069,13422,18526,15530,11804
13305: 17313,13556,15416,14720,13887,15232
13306: 12625,758,16025,16752,15093,17962
13307: 15417,16712,16950,14168,15171,14553,17272
13308: 15670,18470,17654,18337,16378,14730
13309: 17174,16855,15262,13852,5141,14208
13310: 17331,13961,14032,11715,13941,16714
13311: 16310,17647,16443,16237,18305
13312: 16230,13281,17221,11933,15887,17343
13313: 16995,13735,15227,15100,18175,12629
13314: 14203,17447,17207,619,13805
13315: 15049,17614,17989,16030,14517,17501
13316: 16970,3476,15288,13410,17344
13317: 17320,11799,11792,15173,16417
13318: 15927,15154,17470,17592,17683
13319: 15967,17788,17789,17815,17766,18071
13320: 12332,12851,17928,17354,15724,15753,13635
13321: 13877,15972,18510,14502,15248
13322: 17513,15953,18035,16638,16666,14989
13323: 16512,15363,13762,17744,15093,18487
13324: 13730,16031,13822,18566,17726
13325: 17695,17697,16612,18530,16483,16121,18215
13326: 14576,16032,16317,18341,15304,16034,11797
13327: 15475,7739,16046,18176,7628,15550
13328: 14687,15313,16973,10694,16873,15801
13329: 14549,18362,18079,17679,17981
13330: 12464,17554,17880,16379,17625
13331: 15692,13346,16528,18323,15136,16390
13332: 16040,17684,18581
13333: 17855,15964,17770,11797,17809,14519
13334: 13475,17997,17545,13509,7739
13335: 17173,11454,12301,18416,16646,13278
13336: 14312,12709,15764,12315,16672,12439
13337: 12442,16691,14748,17083,15169,14975
13338: 13916,14942,17471,18195,14019,15542
13339: 16279,18185,17405,16068,15393,11864,15709
13340: 18374,17557,17733
13341: 17892,13404,16732,17785,17952
13342: 15111,17912,13467,16738,17291,17921
13343: 12090,16444,14441,15670,11886,14861
13344: 12401,15230,11744,11868,13799,13605
13345: 15950,14525,17837,18110,15370,17635
13346: 17662,12354,13331,15692,16346,15136
13347: 12846,15361,15435,16584,12347,16531,18432
13348: 16339,14581,17590,18009,17935
13349: 14882,14672,17403,14737,11716,17917
13350: 17144,14623,16585,13284,13362,17110
13351: 15664,14853,14898,12209,12149,9021
13352: 14951,16806,16952,16019,13558
13353: 17226,16930,14880,16715,13953,18245
13354: 18133,14793,13557,17028,14867
13355: 18476,11870,17044,17895,17452
13356: 15938,18080,14899,16767,11957,17375
13357: 14772,16821,14764,16793,11778,16591
13358: 16688,17384,17647,16237,11714,16254
13359: 18519,16499,14631,16551,18083
13360: 18318,18255,13714,17092,16705,15977
13361: 17772,11555,12455,11857,14470
13362: 13284,14528,16036,14615,16585,13350
13363: 16305,14196,14205,12011,18138,15322
13364: 13530,17317,16187,16344,15161,16850
13365: 14170,10848,12827,13836,10770
13366: 17006,15356,17088,12640,14555,17618,17810
13367: 14914,14562,16325,16469,16076
13368: 12415,17438,16880,15431,16606,11743
13369: 17490,17391,12356,18054
13370: 15293,12756,18310,16286,16957
13371: 15369,14767,18507,16982,14754
13372: 13567,13677,18579,18240,16805,14007
13373: 17637,17738,17667,14690,16542,17905
13374: 16543,14706,17910,16843,16695,14715,16178
13375: 12104,10771,13712,12991,10693,17112
13376: 17278,14463,16680,14906,16517
13377: 423,15012,12322,12289,13270,486
13378: 13442,12917,12434,15572,12527,13575
13379: 14435,15757,13091,16115,14856
13380: 11882,14708,14105,13461,16,16754
13381: 16182,17948,16089,17597,17671,18263
13382: 13588,14627,13230,13503,14936,15170
13383: 18254,12314,16134,13279,13437,17798,17078
13384: 17297,15242,16239,13809,17743,18572
13385: 14646,18134,16507,13607,16261,14669
13386: 17061,16691,14748,18484,15248,14803
13387: 17891,18299,18231,14577,18145,16345
13388: 8495,13765,13389,12699,8602,8496
13389: 8495,8601,13388,13954,17306,8707,8708,12699
13390: 1758,1852,1851,1760,13663,1759
13391: 5481,12330,12172,12217,13589,5367
13392: 11851,14663,13662,18246,15584,12718
13393: 6388,6275,6387,6273,6274,6160
13394: 13706,15604,13649,13219,2533,15687,2633
13395: 14643,17527,15998
13396: 11705,13275,11734,11733,15886,13753
13397: 16579,18269,14951,4021,16482,15980,14666
13398: 6052,12200,13936,5938,13015
13399: 16215,18527,16125,18520,17609
13400: 14608,16015,17659,14616,18384
13401: 17978,16138,14765,14756,17111,6391
13402: 15283,11879,16184,15809,15393,12667
13403: 13283,17594,17821,17718,17664,15996
13404: 16080,18047,17892,13341,16090,16732
13405: 12458,16413,18603,14961,18379
13406: 16107,18063,18597,17678,13152,17596,16099
13407: 13661,18414,15171,17373,17103,14830
13408: 12147,12960,12027,14445,14140,4464
13409: 15780,14508,17772,17904,11555,14943
13410: 12830,17344,15732,14715,16543,13316,16970
13411: 17698,18093,17536
13412: 16017,17832,16274,18423,17790,14578,14507
13413: 15639,11967,13872,14645,14994,13520,18274
13414: 13736,11501,11500,14228,14289,12218
13415: 13893,12255,14858,13086,17169,11737
13416: 14869,16226,16203,15688,12310,18457
13417: 15965,14697,16212,18413,18374
13418: 15333,16398,12384,3262,15289,17303
13419: 17595,17737,14674,16152
13420: 13291,11682,11683,16284,13612,17933
13421: 11858,13485,17321,15969,15677,12315
13422: 17069,17547,15126,15847,13854,13304,15530
13423: 13486,11879,15548,16556,13967,12446
13424: 14702,16818,17910,15704,16843,16849
13425: 12323,15678,17038,14183,12072,15459
13426: 13006,3581,13020,14455,3475
13427: 15598,13740,18304,15858,12856
13428: 12839,11458,11510,15036,11509,13222
13429: 15430,18381,8815,12487,15554
13430: 14239,11655,11692,15932,12375,11691
13431: 1856,12129,2045,14471,15151,14134
13432: 9025,13882,9024,13502,13850,9126
13433: 17320,11799,18157,14692,16117,16451
13434: 16978,17265,17341,16982,11834,15369
13435: 13522,12511,12685,12207,7959,12225
13436: 2842,16819,12809,13166,2946
13437: 13279,13383,17078,16963,14632,16506
13438: 18314,14794,13826,16310,16443,16275
13439: 15624,17848,11881,12892,15366,12126
13440: 13779,15531,13488,17284,14780,16599
13441: 14740,18069,16067,17592,17838
13442: 7739,12434,13378,13475,12527
13443: 15655,14675,16111,13847,14776
13444: 16426,16140,15600,8284,17096
13445: 13905,17147,13781,15096,16026,14005
13446: 16150,17952,17923,18375,14595,18440
13447: 17336,688,11798,13771,16501,11802
13448: 15146,15105,17266,18325,18580
13449: 8921,9023,13502,8712,12984,9025,14129
13450: 18479,16144,17821,13231,17489
13451: 15721,15441,16263,16092,16958,13505,17054
13452: 11509,13815,13222,12141,14128,16458
13453: 12156,12105,12178,12278,11720,14124
13454: 16195,15055,12346,13861,17351
13455: 14730,15145,15376,13831,8605,16444
13456: 14719,14668,13775,15464,13303,14081
13457: 16129,16093,15928,17739
13458: 17738,17519,17980,17905,17783
13459: 15289,14771,3155,15312,18084,16234
13460: 12143,13858,13516,71,107,14411
13461: 15192,12924,14105,15712,16754,13380
13462: 15846,10927,16446,13594,18585,16555,17024
13463: 15383,17993,14833,15301,14244,12429,13631
13464: 12401,14124,15230,13082,11721,14043
13465: 13962,14513,15645,15419,12805,15633
13466: 17436,18411,17028,14867,18232,14642
13467: 15894,15477,13342,17912,14802,17921
13468: 14163,18369,15193,15170,12565,15091
13469: 14625,13105,16471,18550,14286,1583
13470: 16456,16059,16546,18604,12616
13471: 17582,17990,17639,16384,17943
13472: 14288,13950,18392,14396,17823,13783,15307
13473: 12251,15491,14296,12609,12039,10273,14083
13474: 18486,14655,16504,18410,17731
13475: 12380,13334,13509,13442,7739,12527,17763
13476: 15138,13545,15831,18010,14777,18264
13477: 15647,15856,17425,14844,17685,17432
13478: 15105,17266,16562,18200,15452,12398
13479: 1314,12024,1229,12992,15327,1315
13480: 14695,12498,16923,16807,17775,15054
13481: 14031,15726,18317,12295,13785,18521
13482: 11812,15691,17014,13896,17822,1316
13483: 12477,5596,11840,16418,11836,16137
13484: 16894,12010,15810,16434,17294,14219
13485: 11858,12581,13421,14965,17321
13486: 13423,16556,12517,12446,11866,16824
13487: 15955,12186,12240,15603,16600,12954
13488: 12423,13440,15531,12390,14780,16702
13489: 13261,18251,17182,13711,14638
13490: 15255,15067,18065,17950,12457,13491
13491: 12457,16238,18408,13490,17950
13492: 16081,17624,15156,18244,11758,17686
13493: 13703,15272,17016,14767,16558,17587
13494: 16931,11934,5029,11829,15688,18457
13495: 13592,13054,12166,18218,11685
13496: 16990,15479,17312,13824,15638,17443
13497: 14287,15888,12032,304,305,12086
13498: 2842,2946,2947,2843,13816
13499: 15492,14820,13978,15790,13752,18197,12386
13500: 16303,15038,15048,14953,17356,13089
13501: 14937,14979,13294,16740,16586,18565
13502: 13449,9024,9023,13432,9025
13503: 14627,13382,14936,15876,12359
13504: 17243,2236,12260,15355,16435,2044
13505: 15441,16263,13451,13267,17054,14535,14784
13506: 12406,16488,18228,12620,18281,14920
13507: 14579,16956,12896,17000,14243
13508: 13902,12220,11889,3156,13550,12404
13509: 13475,17997,14753,12380,13334,15573
13510: 11504,15525,11855,14917,14470,15092,11505
13511: 15153,14610,17389,16802,14150,15447
13512: 16371,550,17680,18295,17591
13513: 18449,15094,18211,16418,11836
13514: 12057,14403,2043,15613,15754,16250
13515: 15829,13687,15667,12444,15676,15766
13516: 13460,14949,12143,13110,13879,107
13517: 10000,10001,13911,14200,10092,13884,10093
13518: 11958,15157,16121,18215,14836
13519: 16753,12399,14980,17265,11878,17300
13520: 14994,13413,18274,12326,15381
13521: 11838,18436,13657,12487,15554,14888
13522: 13534,17763,12511,15199,13435,15874,12207
13523: 11862,11603,15739,16069,16594,12581,14965
13524: 38,15770,16334,13543,16204,12664
13525: 12046,14714,6845,15812,15802,18219,12968
13526: 17251,16874,14585,18520,16100
13527: 17348,9022,14853,12236,12575,18524
13528: 9716,9812,14334,14849,16480,16222
13529: 15436,15377,18294,13838,18252,12625
13530: 17317,13364,17992,16187,15744,16280
13531: 18115,16205,17699,17794,17803
13532: 15233,14470,15092,18118,17772,14943
13533: 11398,12044,11399,12161,11971,14367
13534: 17763,13522,12207,12527,13575,14178
13535: 9024,13154,15578,12272,15483,15453
13536: 14983,16386,17934,14929,17959
13537: 14889,15252,16423,16487,12369,10529
13538: 827,754,14146,826,753,752
13539: 15298,13866,11603,16069,17072,16667
13540: 18491,16581,15428,16985,11803,14630
13541: 17669,16319,14757,17856,17833,16151
13542: 13155,2142,2046,16989,1950,2239
13543: 15770,13524,12664,12918,13565
13544: 12428,17204,17504,12019,15662,12433
13545: 15683,15158,15138,13476,18010,14092
13546: 13041,12647,760,835,12065,16619
13547: 14787,18177,16391,18189,13617,16561
13548: 13984,12450,10180,15896,16170,12131
13549: 15441,16263,15167,15286,15541,12396
13550: 14946,12571,12404,12220,13508,15625
13551: 14041,15524,17004,16234,17406,16787
13552: 13134,4800,14884,14599,5025,4912
13553: 12165,5485,5371,5258,12787,5712
13554: 17504,18164,16230,18461,1148,12433
13555: 17363,15565,16114,12524,17292
13556: 17313,17301,17302,13305,14720
13557: 14793,14948,13354,14596,17028,11848,12410
13558: 15598,14613,15152,16553,16952,13352
13559: 16924,14842,16951,17374,18444
13560: 12424,16373,11867,14321,13946,12556,15241
13561: 12641,13893,14858,12551,11869,18556
13562: 13994,14215,11210,17293,16165,11142
13563: 16519,18334,17817,11601,14822,18452,16494
13564: 15926,17524,17906,14857
13565: 18504,12925,12918,13077,15716,13543,12664
13566: 15284,11760,15211,12624,13716,17219
13567: 13372,18081,15334,18579,14007,16194
13568: 2942,2943,12944,3046,14280,3047
13569: 15020,12747,14870,15766,11890,15667
13570: 13027,64,13212,65,13910,17870
13571: 828,754,14366,755,15179
13572: 12855,14464,5711,12074,12602,12165
13573: 11930,14495,14045,12692,15847,13854,18310
13574: 14607,12566,6504,11964,12572,15862
13575: 12324,15572,12527,14178,13378,13534
13576: 15222,11937,18305,12556,14321
13577: 14907,13652,16986,15922,14900,15873,14477
13578: 67,13910,66,16720,17870,36
13579: 7067,13214,7292,7180,13733,15823
13580: 3911,16868,12461,12009,13019,12738
13581: 366,367,13097,368,427,428
13582: 12870,14417,11990,11556,12459,11910
13583: 12158,11648,11647,12883,12413
13584: 16063,17897,18551,550,17656
13585: 15008,15136,12563,16603,15838,15741
13586: 12495,17497,15087,15637,18554,14339
13587: 12400,13925,12198,18320,13817,14861
13588: 16920,12452,14627,16557,13382,13230
13589: 5482,5368,13920,5367,5481,13391
13590: 16223,16312,14823,16826,12537
13591: 9717,13807,9621,12907,9622,9718,9525
13592: 13495,15026,18218,11685,17194
13593: 14807,416,476,13892,14431,477
13594: 13980,13462,10927,15229,18585
13595: 15472,16991,12564,15480,11845
13596: 1234,1405,1233,16660,13116
13597: 13130,16742,11860,15739,16069,16667
13598: 17969,15204,16601,17334,12561,16001
13599: 11822,15681,16657,17764,18594
13600: 6505,15293,12756,12835,15541,14497
13601: 15492,12483,11938,12586,18357,12582,16998
13602: 15542,484,16772,549,16496,13741,11790
13603: 12835,11776,11911,12525,6164
13604: 14242,12545,16722,12428,17204,13870
13605: 13799,13840,16264,13344,11744,12569
13606: 16574,18112,18354,16997,16302,18373
13607: 14646,13385,16507,115,15068,16463
13608: 14521,17560,18401,17893,17888
13609: 17776,13092,15302,17924,9620,18409
13610: 2436,18114,13937,13641,2536,14221,18100
13611: 12345,15382,12587,16760,15336,13770
13612: 17933,16135,16984,12526,13291,13420
13613: 12344,16536,15082,18420,16658
13614: 11005,11076,17657,11075,12203,15699
13615: 13728,15042,13282,17742,14718,16795,15075
13616: 12800,15099,16785,12282,13976,11606
13617: 11909,18189,15473,13547,14787,16457
13618: 17515,17824,17963,15004,15961
13619: 3581,3582,13732,13183,14662,3690,3799
13620: 13026,15596,4356,4468,14727,15795
13621: 1068,12496,13235,1150,1069,14008
13622: 15999,18351,18179,17925,18060
13623: 18477,16586,16395,14778,18014,16251,14903
13624: 14931,12224,16333,12516,16393,16812
13625: 16020,18334,16741,14914,16325
13626: 16357,11728,11727,15508,16578,11751
13627: 15613,12070,15390,15754,16435,2044
13628: 12085,15588,12421,8067,13089,15877
13629: 15855,16171,15673,2336,17421,13641
13630: 17161,16796,12029,2945,15344,17894
13631: 12829,11832,13463,15301,15249,14244
13632: 27,26,12908,15707,56,15337
13633: 4694,4805,14460,13215,4806,4693
13634: 15848,17128,17505,15307,15372
13635: 15724,12351,14219,12332,11275,13320
13636: 17579,17215,13760,17850,15330,17005
13637: 15193,5141,17723,17174,12026
13638: 16907,18297,18072,13839,18356,16394
13639: 12256,200,156,201,15513,12030
13640: 12185,15697,12522,15010,5371,5258
13641: 18114,13610,17421,18100,13629,16171
13642: 12179,12299,14353,4243,15861,13780
13643: 16746,11604,12702,11943,12891,11991
13644: 9522,18067,9424,15308,12497,13236
13645: 15683,15149,15158,13172,17289,15236
13646: 112,155,16887,12033,12933,18085
13647: 17967,17347,11974,15761,14885,12302
13648: 13069,14269,15396,17035,14896,15109
13649: 15604,2432,13394,2334,2333,13219
13650: 10087,10178,9901,13745,14423,9994,10086
13651: 15266,14931,16333,17348,12575,9225
13652: 14907,16946,16601,16986,17020,13577
13653: 989,911,13184,14207,990,1070
13654: 16377,14546,15991,18346,17542,12318
13655: 11964,16516,11912,12016,12482,15862
13656: 2637,13205,13238,13937,2536,2740
13657: 14264,12487,15814,13521,11838
13658: 15038,17032,11876,11820,14024,14350
13659: 15485,12519,15232,12703,17142
13660: 15490,17940,14085,17035,13069,15367
13661: 16195,15055,14168,18414,13407,15171
13662: 11851,13392,12595,18113,18246,11983
13663: 1667,1666,1759,14270,13390,1758
13664: 207,15856,14768,15314,11775,11904
13665: 14608,18464,16015,14775,12403
13666: 15135,17314,17982,16621,17236,16438
13667: 12273,10852,13907,12042,12190
13668: 17090,14818,17285,15677,17382,15764
13669: 14012,14113,12355,14225,15599,12768
13670: 13820,15864,18512,11397,13874
13671: 18450,17987
13672: 6845,7070,6733,13038,13024,17506
13673: 16985,17369,16573,909,14630,16773
13674: 14650,17108,11674,11709,11710,11675
13675: 14988,16582,18473,17097,16414,18454
13676: 14784,11776,11911,14789,11763,14535
13677: 13372,15069,18485,16805,16925,17251,16874
13678: 15020,12776,10091,12160,12752,15391
13679: 13773,13737,14181,9123,12209
13680: 16513,18059,18299
13681: 10446,10447,10448,10361,10362
13682: 15175,12674,15303,15047,17712,17209
13683: 15129,834,759,15689,16164,14680
13684: 2240,2142,13944,2239,2337,2338
13685: 15580,15885,9715,9619,12167,14665,14390
13686: 13149,12121,13701,18376,14941,12233
13687: 13515,15829,10090,14895,15681,12444
13688: 14033,13959,14223,12618,15990,18414,17373
13689: 12319,13988,12460,14016,15409
13690: 18555,15056,16645,14685,15129,759,17534
13691: 16699,18552,12616,17,15022,16546
13692: 15749,16788,1670,16717,18270,16308
13693: 13183,3365,16971,13987,3259,3366
13694: 6,16161,13176,17289,7,15236
13695: 123,13191,15025,14066,124,15007
13696: 1236,1151,1152,14008,1069,989
13697: 13957,15649,15662,12433,14097,1148
13698: 12374,16761,17151,14562,16076
13699: 15687,2434,16326,12524,2433,17292
13700: 12241,13701,17292,16326,12287
13701: 13686,13149,12241,13700,2534,16326,18376
13702: 15628,4354,15633,15389,17458,15078
13703: 13493,16558,17587,14910,16580,18286
13704: 17129,16203,12310,14104,16603,15024
13705: 12614,13037,15634,16871,11881,14189
13706: 15604,15851,13999,2532,13394,2633
13707: 18404,16747,18109,15952,15162,15487,1490
13708: 13063,16051,15240,15239,18130,15694
13709: 16502,12358,17863,16466,15023,17126,14876
13710: 14103,15205,13837,15000,12267,11749
13711: 18434,14638,13489,18251,13933,15740
13712: 12104,13375,10771,14927,10849,12827
13713: 12169,15618,13956,12009,15869
13714: 14952,18318,16808,13360,15528,12538
13715: 12623,12612,15434,9425,16012
13716: 12624,15445,12498,13566,17219
13717: 17996,18354,18036,16302
13718: 16745,18595,18007,16422,18206
13719: 17474,16540,18360,9523,15033,17184
13720: 14692,15184,17860,14114,15276
13721: 15040,16440,14101,18000,17002
13722: 11817,14624,16213,16111,17189
13723: 14065,17413,14919,16827,15887,1232
13724: 15400,12932,15188,15145,15722,15643,8605
13725: 14916,14060,8608,8607,8713,8501
13726: 12402,15645,18251,17182,15165,11872
13727: 14379,13793,11946,12308,12552,12675
13728: 13615,14718,16795,13901,12583,17520
13729: 16844,15064,16933,15793,15514,14116
13730: 16031,13324,16541,17726,16624,18575
13731: 12887,14056,16911,12757,86
13732: 3581,3473,13619,3366,13183
13733: 14096,7404,7292,13579,7293,15823
13734: 7293,13206,12560,11965,7626
13735: 15227,18175,13313,17008,17827,15784
13736: 12276,11447,13414,11501,11446,11500
13737: 9224,13773,13679,13823,9325,14181
13738: 16978,16052,11834,14011,12470,16755
13739: 12406,15411,12620,13988,15555,15409
13740: 17179,15598,13427,15127,14613,18304
13741: 14151,11929,11790,422,13970,13602,16496
13742: 11863,12412,11642,14371,14133,12532
13743: 15654,14708,17903,12557,12394,15942
13744: 16484,15070,11950,16837,18208,17304
13745: 13650,10087,9901,9995,14414,14112
13746: 15517,13932,12615,13977,15738,17400
13747: 14063,1669,16221,15247,15605,15131
13748: 15718,12029,14121,14313,16468,17113
13749: 16515,12514,17724,15282,17388,16110
13750: 18383,16413,16559,18275,18561
13751: 13980,15846,10927,12597,16194,11002,15334
13752: 15492,15790,13499,18168,12518
13753: 14266,15886,11733,11756,12092,13396
13754: 7956,13221,8174,13047,12782,13811,11986
13755: 2333,16447,13966,2332,2432,2431
13756: 11883,3261,3262,3368,15755,14084
13757: 15112,14862,15071,17997,16774,17545
13758: 15034,15467,15033,18453,16891,17184
13759: 12432,16509,18382,15089,15062
13760: 13636,17579,15777,17005,11992,18204
13761: 2942,2943,2838,18212,14750,13143,2736
13762: 16512,17124,13323,15093,15124,12397
13763: 15058,15191,17339,16514,16904,16127
13764: 16122,60,30,59,15035,13796
13765: 8495,13388,8389,16351,8496,8282
13766: 6047,6160,6046,13890,6274,13084
13767: 15911,13216,11652,11687,11690
13768: 12080,7406,12976,11955,7068,12652
13769: 14142,17424,12978,17122,14343
13770: 15403,15336,11907,15276,18259,13611,16760
13771: 688,13447,14252,15029,11802,14835
13772: 17098,12021,15443,12766,44,14073
13773: 13679,13737,9325,15664,12209,12497
13774: 14040,12360,11277,11850,13874,11902
13775: 13456,14719,14062,16618,13303,12544
13776: 16595,18429,16845,16484,18208
13777: 16207,18224,18201,16629
13778: 13102,15103,8711,14143,15762,17021
13779: 16383,13440,12337,15531,17284,17761
13780: 15861,11872,17237,12499,12299,13642
13781: 13445,15096,15446,14005,15546,12584
13782: 16360,17419,12687,14073,14039,17215
13783: 18269,17823,16806,11873,14396,13472
13784: 557,13974,556,624,13271,625,626
13785: 12539,18521,17056,13481,14031
13786: 14012,15015,11974,16265,14113,17250
13787: 12535,7067,14156,12080,13214,12189
13788: 13137,12107,18008,11140,12894,13880,17327
13789: 12193,14051,12180,14093,10446
13790: 14565,12485,17269,15141,10772
13791: 16012,17262,12559,15302,18020,13943
13792: 15123,11760,15258,15211,17033
13793: 4579,13727,14379,13094,11979,12675
13794: 15706,15157,16935,18601,15268,16569
13795: 17498,16644,12700,15180,16853,15237,13860
13796: 13842,12521,16682,30,16122,13764
13797: 13093,611,680,681,612,14146
13798: 984,985,1062,1063,12139
13799: 15405,16264,16115,13605,13344,11868
13800: 9326,15496,17155,9425,13806,17262
13801: 9423,13823,13965,16370,15017,15580,9619
13802: 12106,13175,18010,12204,15386
13803: 2236,13219,2433,15355,2334,13204
13804: 608,607,13114,12973,14956,540
13805: 12096,13207,619,620,13314,12245
13806: 15684,17262,13943,9326,13800,15813
13807: 14506,13591,9622,9525,14404,13835
13808: 14038,4467,11946,17196,12865,14379
13809: 17139,3049,12691,13384,15242,17743,16748
13810: 16926,17197,13826,13262,18314,15323
13811: 7847,14297,7846,7956,13754,12782
13812: 11852,17353,16369,11854,15620
13813: 16917,16854,16467,12732,16219,14118
13814: 15403,17070,7181,17461,7069
13815: 11509,13452,14028,16458,12478,12100,15729,12136
13816: 2844,2948,2843,13498,2947,3053
13817: 12400,12198,8499,13587,17437,12475,17972
13818: 14453,12794,17914,17383,15615,16176
13819: 16906,8283,8065,8174,14049,17448
13820: 14184,13670,15864,13874,12671
13821: 17229,18560,11951,15300,8177,17533
13822: 15792,16172,16031,13324,15452,18500,18566
13823: 9224,9423,13737,9325,13965,13801
13824: 16990,14062,13496,15638,15297,18241
13825: 16931,12693,16070,5029,13076,14484
13826: 17197,16372,13810,18314,13438,16275
13827: 11552,11600,12097,15021,15537,13250
13828: 12566,17270,15274,11964,16516,6730,12054
13829: 14623,15311,17051,16143,17199
13830: 12055,15983,12078,12684,18108
13831: 17171,17162,15376,15722,13455,8605
13832: 15498,14380,17627,15142,15273,16617
13833: 12969,14222,12685,13948,18590,8069
13834: 17644,17173,18569,16632,13298
13835: 14182,9524,9427,14404,13807,9525
13836: 10769,14170,13365,10770,10607,14190,10689
13837: 14103,18037,13710,15000,11751
13838: 18302,15271,18252,616,13529,18294
13839: 16405,18356,14966,18072,13638
13840: 17899,16264,13605,14009,12569
13841: 10924,12370,10923,15328,10998,12175
13842: 13796,10,12521,13906,16122,31
13843: 18242,16550,17911,14841,18421
13844: 12868,15051,13089,15877,16303
13845: 15315,1404,1493,1319,1405,16660
13846: 13101,15985,14447,12706,1580,12673
13847: 16931,12693,11934,14776,16834,13443,16111
13848: 11706,11705,13867,16336,11670,15767
13849: 11785,18357,17140,12483,18197,15353
13850: 12272,9125,9024,13432,9226,9126
13851: 17116,17151,15187,16668,16761
13852: 16855,5368,13309,13920,12140,15262
13853: 423,12289,364,14963,16364,11786
13854: 15847,13422,15530,14045,13573
13855: 14157,16983,15742,17872,12753,14011
13856: 16389,38,14132,14055,17839,12633
13857: 15760,12405,14579,15663,12098,17000
13858: 13460,107,14411,106,146,147
13859: 13041,16619,14859,12123,13258,988
13860: 16721,12700,13795,15237,18205,16427
13861: 15534,1147,11884,17351,13454,12346,18325
13862: 13170,5595,12488,11988,12910,5936
13863: 12137,12250,14863,15269,163,119
13864: 17532,10180,15912,14006,14253,16856
13865: 14588,17286,12724,14224,12715,18184
13866: 13539,17072,16667,12316,17454,11646
13867: 11705,13848,11734,11704,11668,15767
13868: 11816,1491,15639,13872,15650
13869: 1673,16471,18550,1859,15930,1765
13870: 17198,17204,15536,12733,16722,13604
13871: 16989,1950,12275,15595,2045
13872: 15639,17233,13413,18274,13868,1491
13873: 16174,11833,15008,17662,16346,12372
13874: 12671,11902,13774,12360,11397,13820,13670
13875: 57,15540,15707,16404,56,13190
13876: 8497,12170,17851,14149,8391,17428,12210
13877: 13321,16821,15972,15808,15248,11784
13878: 33,15609,13027,13212,12,16193
13879: 14949,12143,13516,72,13975,12914
13880: 17280,12266,17327,11207,12894,13788
13881: 14192,1313,1398,1399,1486,1485
13882: 13432,9025,9127,14147,9126,14086
13883: 11795,12007,18055,15346,15286,15167,17063
13884: 10094,10002,18365,13517,10001,10093
13885: 15303,17209,11898,12540,14108,16011
13886: 11919,14119,14347,16602,12554
13887: 15232,17142,15416,13305,17212,11791
13888: 16273,12510,12206,10613,12017
13889: 1764,1858,1672,1673,14172,1765
13890: 6159,5932,6160,6046,6045,13766
13891: 12317,17546,18516,15439,17416,14335,15651
13892: 476,475,539,14298,14807,13593
13893: 13561,12255,14858,11739,11869,13415
13894: 17444,15799,15850,12600,17186
13895: 15275,6163,13002,16258,14225,15919,13061
13896: 11812,16306,13482,17822,12368,1231
13897: 11810,17080,12743,14676,14365
13898: 16534,17271,16685,17843,11557
13899: 15755,15312,18084,12520,15031,14084
13900: 14250,14301,14341,16316,11893,12492
13901: 13728,16795,12583,18141,18211
13902: 15607,12220,13508,12144,3156,3369
13903: 12523,14972,16555,12273,12471,16446
13904: 14361,1067,12428,12019,12545,15039
13905: 17147,13445,14254,16026,12505,12737
13906: 10,13842,31,32,34,33
13907: 13274,10852,16285,12874,13667,12042,10776
13908: 14118,16174,11908,12563,14104,16219
13909: 14151,12798,422,16998,11896,11938
13910: 102,65,67,13578,17870,13570
13911: 13517,10000,12722,9908,10001,9907
13912: 17576,0,16898,16692,18340,18339
13913: 12578,14303,11897,14734,12694,365
13914: 11558,14028,14128,16458,15737,11910
13915: 12669,17345,12229,18198,14318,7627
13916: 15978,16675,13338,17471,15486,15542
13917: 110,12232,14421,14949,13110,109
13918: 118,12737,12634,15830,117
13919: 11939,12761,12807,833,12833,986
13920: 5368,13589,12140,13852,5367
13921: 13132,12109,18249,15685,11952,3692,16173
13922: 12594,10179,10177,14429,13001,10178
13923: 16804,17363,15565,17877,16583,14985
13924: 12010,12489,15579,15810,15101,17311
13925: 12198,14029,13587,12585,11886,14861
13926: 12667,14171,16707,11647,15994,15283
13927: 4578,16858,17042,13249,17457,16870
13928: 160,117,12505,11772,12737
13929: 7296,7408,16784,12155,7183
13930: 11399,12269,14964,14256,11340,12648,12982
13931: 11995,15216,17202,17878,11740,15786
13932: 13746,15517,12328,11819,12796,13977
13933: 15740,14580,17027,12059,18434,13711
13934: 15260,16776,18350,18336,12335,18326
13935: 616,12656,18327,11970,14478,18294
13936: 5825,6052,12200,13398,13039,5939
13937: 2536,13610,14221,13656,2740,18280
13938: 17076,10089,15744,15970,16280,17316,16992
13939: 14115,11281,11342,13014,12373,11343
13940: 12435,18018,1579,17138,15738,15642
13941: 16927,18028,17473,16714,13310,13961
13942: 17482,17491,16835,15278,15118
13943: 13791,15684,17776,13806,17262,15302
13944: 12277,16171,2239,2436,18114,2337,13684
13945: 14397,17945,18306,12646,14059,11949
13946: 11867,14499,11880,12424,13560,11865
13947: 14238,3689,3908,3798,3909,3799
13948: 7959,12283,15818,12685,13833,8069
13949: 12041,15009,15945,15970,17316,18548
13950: 12599,14288,13472,15307,14148
13951: 14712,14312,16369,12709,12989,12725
13952: 165,213,12848,12617,164,15269
13953: 15410,14735,18245,13083,14880,13353,13989
13954: 12909,8708,12699,13389,16700,12689
13955: 5709,13170,12929,18140,12477,11831
13956: 3801,12738,4020,15618,13713,12009
13957: 12068,13158,13697,14035,15649,15662
13958: 17967,11782,12592,17238,17964,14201
13959: 14033,13688,14368,15883,14444,14340,15990
13960: 12490,13111,489,12697,426,12677
13961: 16033,13310,14032,11681,13941,18028
13962: 14513,13465,17816,16317,15078,15633
13963: 12603,11837,14464,5711,14450,5824,12503
13964: 13141,12982,11398,17181,11339,16267
13965: 9424,13823,9325,13801,15580,9522
13966: 2234,2138,2332,16355,13755,16447
13967: 17917,13423,15548,12446,12683,18388
13968: 14954,12063,17412,15438,17307,12631
13969: 14735,17377,13083,15573,8068,15509
13970: 14151,13741,11788,15827,14019,16496
13971: 14267,9718,14357,12507,14408
13972: 14015,16839,12863,17380,17099
13973: 313,13146,258,312,259,14260
13974: 491,557,15325,556,490,13784
13975: 16863,17098,12021,42,72,12143,13879
13976: 14346,12282,12066,13616,16785,15202
13977: 15642,1402,12796,13746,13932,15738
13978: 14820,13499,15464,12386,15826,17484
13979: 12784,3801,13177,17177,11994,12853,16185
13980: 10927,13751,16194,13594,15229,10928
13981: 12112,14393,11333,14277,11393,11394
13982: 18394,17568,18509
13983: 15892,12594,10268,10179,12704,10088
13984: 13548,16170,12131,16299,15424,12958,11823
13985: 17857,14651,18451,16882,18495
13986: 3053,3054,15819,14275,15535,15296
13987: 14294,3259,13693,3260,14131,3366
13988: 12319,17143,13689,15411,13739,15409
13989: 17012,15815,14735,13953,14880,16633
13990: 369,12262,12758,14213,367,368
13991: 14167,15436,12817,11906,14444,686
13992: 17746,17298,17708,16943,16108,17279
13993: 14609,14557,1488,11966,14247,12128
13994: 13562,15480,17293,11843,16165,12564
13995: 17014,14539,16074,12858,12796,12328
13996: 16049,14606,17216,12650,12852,16900
13997: 11146,13031,15933,12690,14466,11078
13998: 14157,15742,17011,13148,15186,10527
13999: 13706,15851,2734,2735,2633,2634
14000: 18467,16864,16928
14001: 12710,17521,11712,13049,16686,12788
14002: 165,166,12848,122,121,120
14003: 17376,15490,17281,14085,18533,15387,18586
14004: 12132,10268,10179,13001,13139,12028,12216
14005: 16026,15447,17389,15446,13781,13445
14006: 13864,15912,12679,14217,17175,14253
14007: 18240,16975,10928,16194,13372,13567
14008: 1151,13696,13621,1150,1235,1069
14009: 16347,14173,15816,12569,13840
14010: 12366,18526,18514,11804,17109
14011: 16052,13738,17872,16755,16983,13855
14012: 11974,13669,13786,14113,17347,15599
14013: 12015,15726,15720,12294,14373,256
14014: 17307,15832,16967,12830,15079,17344
14015: 16839,13972,12863,14542,16441,16947
14016: 12460,113,15329,13689,114,15409
14017: 12707,15867,15660,14322,12261,14120
14018: 15333,14075,17762,12384,15456,16938
14019: 13338,18195,11788,13970,15542,16496
14020: 17792,15407,14317,16891,17183,17214
14021: 114,14119,17106,113,16887,18085
14022: 104,68,17402,144,14308,103
14023: 17150,16051,15504,14463,14042,15694
14024: 14350,17165,7627,14968,13658,11876
14025: 12071,15397,17193,16954,17040,16932
14026: 12077,12192,18183,14046,17926,14317
14027: 13018,11767,12083,12194,78,13068
14028: 13914,13815,16458,12100,11556,11910
14029: 13925,12585,11886,15145,12777,15188
14030: 127,17246,171,15946,16911,86
14031: 13481,15726,13785,17056,11940,14176
14032: 13310,17331,13961,12424,16373,11681
14033: 13688,17156,13959,14223,14368,18017
14034: 12995,15900,15544,2841,14567,12113
14035: 12068,13957,15649,17426,17434,12931
14036: 17399,17201,17127,11941,15563,16979
14037: 13064,15679,18473,16813,17097
14038: 18426,13808,4466,4467,12549,15784,11946,18214
14039: 13009,16360,13782,14073,12001,18483
14040: 12436,13774,15557,12360,11277,15637
14041: 18229,13551,14364,15090,15321,15524,15666
14042: 14463,16680,17150,14023,16860,17258
14043: 13464,13082,11721,11693,11692
14044: 15777,18480,17154,14268,15246,12748
14045: 15530,15437,11930,13573,13854
14046: 12077,14026,13090,17926,15574,15558
14047: 11277,11276,11213,12658,14355,11850
14048: 4695,15783,4807,18493,4806,4582
14049: 17448,8173,16351,8281,8283,13819
14050: 11980,11969,11597,11641,11642,14371
14051: 13789,14083,10530,12193,12180,12039
14052: 2533,2534,2633,2635,2434,2634,2736
14053: 11074,12746,12087,14473,12895,11002
14054: 15842,12873,16731,15608,17874,14759,18108
14055: 18504,14132,37,14877,38,13856
14056: 12887,13731,51,85,16454
14057: 15029,16164,15549,910,12893
14058: 8287,8394,8393,8180,8179,8288
14059: 12646,17217,14177,14397,13945
14060: 8714,14916,8818,13725,12984,8713
14061: 15537,17411,14897,11643,13250,13035
14062: 16990,16618,13824,15297,13775
14063: 13747,17122,16221,15247,15551,14142,12740
14064: 6505,12525,14497,14829,11976,12854
14065: 17001,12326,17413,16492,13723,1232
14066: 15362,167,124,13695,13153,123
14067: 11914,15335,12212,11903,12661,12115
14068: 16056,18096,18309,15629,16961,17267
14069: 5143,16854,16467,12426,11973,12714
14070: 15710,12067,11945,14358,11890,14074
14071: 14607,17270,14791,15981,13008,17461
14072: 2844,2741,2948,14314,2949,16000
14073: 13009,13782,12687,14039,15443,13772,44
14074: 15458,9906,14070,12067,11890,12747
14075: 15333,14018,12069,15858,16938,18092
14076: 14834,16061,17223,12538,17685,15647
14077: 12085,15588,8497,14814,13257,17851,12119
14078: 14320,14405,12840,11451,11944,18121,11853
14079: 12730,202,14550,16618,11905,12544
14080: 52,14106,88,12887,12757,13078
14081: 13303,17362,12386,13456,15464
14082: 15803,12930,15749,11892,15159,16848
14083: 10530,14051,13473,14296,12025,12039
14084: 15755,12520,13899,18312,13756,11883
14085: 17376,15490,14003,13660,17035,12862
14086: 9227,9228,13095,9126,9127,13882
14087: 12743,16046,12366,17442,7628,16653
14088: 17149,17395,15208,16681,15539,14871
14089: 5253,12172,5480,18568,5140,15374
14090: 13144,9906,12507,15210,14391,15316,14357
14091: 12661,18121,17358,12611,12840,11335
14092: 8,12204,15683,13545,18010
14093: 12180,10360,18105,13789,10361,10274,10446
14094: 14315,17318,13232,17907,10357,17510
14095: 15781,17511,15529,14305,17310,12168
14096: 16388,7516,13733,7404,7293,11965
14097: 12793,17343,15076,1148,13697,15649
14098: 14388,15896,15912,12409,12679
14099: 15929,15719,15529,14136,12050
14100: 15646,12858,1402,15691,15792,16172
14101: 15006,17007,18000,1763,13721,17002
14102: 12223,39,15,12363,18389,69,68
14103: 12561,15205,15807,13837,18037,18345,13710
14104: 12563,16603,17129,13704,16219,13908
14105: 12924,16737,13461,16503,16,13380
14106: 89,14080,53,52,14123,88
14107: 14331,213,212,214,14647,264,265
14108: 11978,16842,16011,13885,11898,12135
14109: 17081,14481,17200,15072,15651,16955,18516
14110: 12018,14415,11003,14420,11004,14418
14111: 14182,9328,9427,14292,9229
14112: 14414,9807,15725,16065,9901,13745
14113: 14012,11901,13669,16265,13786,12579,12355
14114: 12841,11907,15276,14692,16117,13720
14115: 11281,11344,11282,13939,11343,11401
14116: 13145,17252,17478,15064,13729,15514
14117: 14363,11731,16235,15556,13138
14118: 13908,11908,11953,16917,13813,16219
14119: 15555,14021,114,11919,13886,14347,17106
14120: 15636,14300,12261,14017,15867,12197
14121: 14706,17910,15704,14313,13748,12029,15344
14122: 16347,15793,15518,15816,16382
14123: 89,14281,53,14106,54
14124: 12401,13464,11721,12178,13453,12278
14125: 12717,12474,11947,17457,17104,15843
14126: 18229,15524,15714,15656,16770,15585
14127: 4917,12157,5030,14452,14271,12681
14128: 11558,13914,13452,12141,16458,17050
14129: 9025,8922,12984,13449,8818
14130: 13018,11767,80,14399,12513,12093
14131: 14798,3260,13053,3153,14294,13987
14132: 37,14055,13856,16389,14162,15
14133: 13742,11863,14371,15611,14443,11925,12742
14134: 12948,14471,16459,13431,17367,12129
14135: 16800,17632,14438,16166,17252
14136: 15561,16737,17511,15529,14099,12050
14137: 11334,15748,13193,11271,15627,11272
14138: 8393,12171,12950,14329,8500,13195
14139: 11689,11720,12375,14258,11691
14140: 13408,12960,4802,4803,14445
14141: 12577,18385,11143,12746,11844,14473
14142: 15803,13769,17424,12740,14063,17122
14143: 15103,13778,17021,17171,15722,15643
14144: 12934,15030,15359,15336,7181,12587
14145: 11000,15083,10925,12755,15632,15944
14146: 13538,753,752,13797,751,680,681
14147: 8923,9025,9127,8922,13882,16903
14148: 4465,17505,12599,13950,14587
14149: 12170,13876,8175,12867,8391,16884
14150: 11993,116,15447,14874,14610,13511
14151: 13741,422,13970,16998,13909,15827,12582
14152: 12988,17187,15489,11927,15799,16822
14153: 18301,16703,14842,16951,13168,18040
14154: 7736,7625,14855,15825,7516,7515
14155: 15562,12199,16518,13109,13122,12932
14156: 12535,13787,12189,6956,6955
14157: 13998,16983,18045,13855,15742
14158: 12133,17149,17395,15560,12970,17643
14159: 11448,12276,11553,11501,11502,12954
14160: 48,82,15663,12093,14399,12098,13113
14161: 12208,15591,1671,16987,18125,12948,14389
14162: 16389,40,39,15,14132
14163: 13468,12565,14401,16348,15091,17104
14164: 12583,15648,15433,11998,11827,11913
14165: 11810,15581,12022,15566,17080,14344
14166: 17052,12799,18155,15614,12994,12945,18256
14167: 15436,13991,617,15377,12541,11906
14168: 16195,13661,15171,13307,15417
14169: 17195,15546,16236,12011,45,15322
14170: 10769,13365,10848,12370,13836,10847
14171: 16707,11646,13926,16746,17454,15994
14172: 1859,14193,1765,15652,1858,13889
14173: 16347,14009,12091,12569,12719,12999
14174: 17399,17390,17201,2140,15553,1949
14175: 2235,13048,16355,13040,16447
14176: 11940,12294,12637,12694,12441,14031,15726
14177: 12182,16725,13064,14059,17217,14397
14178: 12324,11875,13575,12484,13534,12207
14179: 15705,5597,14220,17589,5937
14180: 12078,11813,15256,11922,15497,15359,12916
14181: 9122,9123,14216,9224,13679,13737
14182: 14111,9328,9426,9524,9427,13835
14183: 12072,12048,13147,15459,18277,13425
14184: 16276,13820,15864,12671,12648,11339
14185: 13091,18256,18209,12994,17615,14456
14186: 12646,14266,11888,11736,15886,11735
14187: 13076,16750,12051,16758,14795,5143,12426
14188: 17342,15850,12390,17693,16702,15545
14189: 17259,3,16871,13705,12614,14406
14190: 10607,14749,13057,10689,13836,10770
14191: 11450,11451,11503,16600,11944,12186
14192: 1313,1398,13881,15641,1228
14193: 14172,15652,1953,1952,1858,2048
14194: 5931,6044,6158,14412,6045
14195: 16365,12045,11954,12875,16824,13042
14196: 15760,14579,16305,13363,46,15322
14197: 360,13079,12032,14467,361,12151
14198: 16939,18096,8176,16823,16783,18515
14199: 155,154,12965,153,12064
14200: 10183,12665,10092,13517,10093
14201: 14348,6617,16916,13958,16066,17238
14202: 10777,15257,10854,10699,10698,10778
14203: 17447,13314,552,12076,17207,551,11916
14204: 15644,2738,14904,16320,17157
14205: 77,16008,18138,16305,12770,13363
14206: 12084,12153,13187,16701,14783,547
14207: 989,13653,1152,17164,1070,14713
14208: 5141,12062,12966,12174,16855,13309
14209: 13101,12936,12103,13210,17367,12129
14210: 15558,16921,16892,9905,13090,12657
14211: 13003,12572,6277,6504,14372,12592
14212: 3694,16268,3803,17338,17778,12342
14213: 370,369,12758,13990,430,13146,429
14214: 12676,13010,423,15012,11786,424
14215: 13562,11210,17293,12886,17311,12553
14216: 9122,14181,14454,9223,9324,9224
14217: 12679,9997,14006,17175,12938,17305
14218: 12179,12879,14353,11921,12037,12865
14219: 17294,12351,13635,11275,13484,16434
14220: 14940,12720,17589,17876,14179,12639,5937
14221: 2436,2537,13937,13610,2638
14222: 12969,12052,13833,12511,15874,12685
14223: 14033,12807,13688,17156,833,12618
14224: 13865,14394,12724,12715,1672,1581
14225: 12300,16258,15275,13895,13669,12355,12768
14226: 14234,3584,15228,11773,3369,12859
14227: 12938,9904,14392,12167,13225,15885
14228: 11500,11499,14370,11551,13414,14289
14229: 2339,2338,17954,14480,2240,14472
14230: 1577,1576,1487,12118,12128
14231: 15394,16364,12593,16809,17056,12539
14232: 2841,12571,12792,15704,14313,16849,17113
14233: 14240,18051,18172,18511,12130,11719
14234: 14580,17027,12607,3584,14226,15228
14235: 9809,9714,9903,9808,9902,15281
14236: 10177,14962,10085,10176,10267
14237: 12988,15141,15489,12928,12058
14238: 3908,13947,4018,3909,16359,4019
14239: 11656,11693,14302,13430,11692,15932
14240: 14233,16132,11743,18051,18172
14241: 14797,18522,15806,12778,15872
14242: 12545,910,16722,12972,13604,17148
14243: 12479,17000,47,13507,12896,17416
14244: 12913,12429,12311,13463,13631,11832
14245: 14887,12676,17366,13025,15440,15012,486
14246: 13179,8606,13195,8499,15690,17437
14247: 11966,13295,1401,14609,12038,13993
14248: 12859,12897,14475,12280,3584
14249: 536,15474,13022,13124,411,472
14250: 12921,8709,13900,14301,14341,16322
14251: 8917,17306,12909,8812,8813,8708
14252: 688,14322,13771,14835,835,12065
14253: 10089,16856,16338,13864,14006,17175
14254: 13905,17147,77,12737,17190
14255: 11069,11068,10996,15066,10995
14256: 11341,13930,11399,12271,14964
14257: 12253,12745,1065,12610,1146,14416
14258: 11689,11690,12375,14648,12082,14139
14259: 4133,4023,4134,16781,11805,13140
14260: 314,14551,313,13973,259
14261: 4130,14583,4240,15299,4351,12258
14262: 11334,15748,11394,11270,11333,11332
14263: 12705,685,16575,13005,15878,757
14264: 8604,16316,13657,11893,12487,15814
14265: 14664,15881,13156,17241,11713,12031
14266: 12646,17217,15886,14186,13753,12092
14267: 9622,13971,9718,9719,14408,9623
14268: 12319,15259,16662,15246,14044,18480
14269: 15715,13069,12847,13648,15383,14568,15109
14270: 13663,1667,1666,1576,1575,14600
14271: 12681,12997,5031,14127,12157,15074
14272: 15833,15159,17390,16407,12930
14273: 3693,11999,12764,16027,17237,17778
14274: 13141,18025,12044,11506,11507,16637
14275: 3053,13986,15296,12802,2947,3052
14276: 15789,14453,16590,12102,16875,14974
14277: 14747,12243,11393,11333,12213,13981
14278: 11926,12626,13065,16548,17884,17961
14279: 202,15050,16602,12630,12293,11905
14280: 3152,3047,14564,3151,13568,3046
14281: 89,14123,54,129,90,14806,130
14282: 16936,17120,16689,256,257,12643
14283: 11077,11008,11007,10933,11006,10934
14284: 18398,15897,14439,17900
14285: 14637,11609,11610,11650,12263,15871
14286: 1404,1493,1583,16915,13469,13105
14287: 15888,12985,13497,15291,304,13112,252
14288: 12599,4132,13950,13472,18392
14289: 12101,12218,14228,14554,11551,13414
14290: 14342,1062,983,1142,1061,16298
14291: 16272,1151,1407,15657,1235,1320
14292: 14111,9328,9229,9228,9128,16554
14293: 12152,13052,11605,12141,17050,12244
14294: 3152,13987,3047,3259,14131,3153
14295: 11741,12202,11712,12728,15881,13034,12937
14296: 12025,12591,10444,12609,13473,14083
14297: 13811,7846,7955,14487,7956
14298: 604,475,13892,605,539,17385
14299: 15723,615,12705,12005,13126,12153
14300: 689,15636,761,12257,14120,12197
14301: 12921,14250,13900,16511,11893,12649
14302: 14239,11656,11693,16693,11723,15592
14303: 13913,15394,12593,12578,11940,12694
14304: 14609,16074,12038,12878,16323,14539
14305: 15781,15750,17205,14095,17310,17701
14306: 12765,12502,10609,13119,10691,10692
14307: 16389,40,18412,13302,12116,12633
14308: 102,67,144,103,143,14022
14309: 210,164,12250,211,14647,212
14310: 8495,8601,8388,8494,8389
14311: 15303,17712,11898,17336,12531,11798
14312: 13951,14712,13336,17382,12709,15764
14313: 14121,15704,13748,17113,14232
14314: 2741,14072,14684,2742,16000,2639
14315: 13232,14094,15424,12958,17907,14683
14316: 16588,14425,12041,15009,16865,18443
14317: 17792,14020,17214,18183,14026,17926
14318: 7517,7627,12229,13915,12996
14319: 17294,12351,12760,11209,12553
14320: 14078,11504,11855,14405,11944,11857,12716
14321: 16449,11867,13576,11937,12556,13560
14322: 15660,688,14252,12065,12261,14017
14323: 13081,16376,16577,18398,13239,2435,15904
14324: 13038,14325,13182,12506,6619,6620
14325: 12506,6619,14324,17700,14886,12183,6392
14326: 18194,17308,18468,18296,15086,15762
14327: 10922,12371,10921,15066,10996,10997
14328: 16449,12392,13070,12937,12710,17521
14329: 8394,8393,14138,8500,8501,14376
14330: 15751,17602,12536,5256,5257,12602,12074
14331: 166,213,215,14107,214
14332: 5026,5138,5139,14599,5025
14333: 5594,13131,16228,5593,5707,13108
14334: 9716,16988,13528,18409,16222
14335: 13891,17416,12479,17722,15651,15388
14336: 12995,15544,15319,17861,13051
14337: 304,251,303,358,12086,359
14338: 12189,14670,18474,6954,12259,6955
14339: 15557,12900,18554,13586,15637
14340: 15883,14444,16025,686,13959
14341: 14250,13900,16322,8603,13296,12492
14342: 1062,1143,1063,14290,1142,1226
14343: 17122,1762,14403,13769,12978,16250
14344: 11985,16832,18372,14165,12022,17080
14345: 15716,35,12,16791,12925,12686
14346: 12282,11605,13976,11604,12066,12891
14347: 13886,14119,16602,17106,15552,12630
14348: 17396,6617,12712,14201,14372,17238
14349: 12730,14550,11777,13112,13058,14402
14350: 11820,14024,15003,17165,13658
14351: 493,429,494,430,15425,431
14352: 4580,4468,4355,14479,4244,12023
14353: 12179,11921,14218,13642,4243,12701
14354: 111,14421,12779,12914,13220,73
14355: 11146,12658,12453,12849,11213,14047
14356: 11861,11643,14377,16284,17933
14357: 9717,13971,9718,14090,12507,15316
14358: 11945,17531,18276,9811,14070,15710
14359: 14575,15653,16650,17360,13211,17890,15782
14360: 11972,831,908,11801,16678,12110
14361: 12496,13904,1067,12769,11806,15039
14362: 15905,14523,12144,15727,15788,3157
14363: 14117,11732,11733,15703,11731,11756,15556
14364: 18229,14041,15666,2840,18040
14365: 12917,14676,13897,17080,16832,13165
14366: 754,13571,753,12635,682,755
14367: 11507,13106,11455,13533,12044,11971
14368: 14033,13959,18017,12817,14444
14369: 15659,10612,12613,15995,18144,13237
14370: 14864,11499,11549,14228,11551,11550
14371: 13742,11642,14133,11641,12742,14050
14372: 12592,17238,14211,6504,14348,17396
14373: 12294,12441,14013,256,15238,12643
14374: 190,17225,145,189,16912,14725
14375: 12176,11072,11942,15632,12008,15944
14376: 15696,8394,14329,8501,8608
14377: 12412,12532,13032,14356,11643
14378: 16001,13064,18049,15679,11755,12182
14379: 12865,13727,13094,13793,13808,11946
14380: 16409,18142,15498,17620,13832,17627
14381: 14425,12516,15834,16706,16812,16307
14382: 11552,11915,15603,12101,12218,11553
14383: 12057,12741,18052,12797,17477,1854
14384: 11448,12276,11447,11391,11390,11449
14385: 11871,12460,15329,12748,11768,75
14386: 13186,9020,9019,8917,8813,8916
14387: 13102,15762,14442,18468,16419,16604
14388: 12450,15896,14098,15224,12704,12409
14389: 12948,16459,16278,12208,14161
14390: 15017,14665,17170,9618,9619,13685
14391: 9999,14090,12507,15210,12734,9813
14392: 14227,15140,9904,13225,12888
14393: 11903,12112,13981,17358,13099,11394
14394: 15077,12724,12348,14224,1581,12177
14395: 12775,12427,15499,11880,11865
14396: 16868,12461,11873,13472,18392,13783
14397: 16813,13945,18306,14177,13064,14059
14398: 15844,17418,17908,17364,18571,16218
14399: 81,80,14130,12093,82,14160
14400: 412,411,354,472,353,410
14401: 14522,5028,11821,16348,17104,15843,14163
14402: 11989,253,14349,12730,13112,15291
14403: 12057,13514,18052,14343,1762,16250
14404: 9427,13835,9428,14506,13807,9526
14405: 14078,16342,11504,14917,14320,12840
14406: 16590,12794,11960,16871,3,14189
14407: 14890,246,198,199,247,17431
14408: 9719,9814,13971,14267,18378
14409: 15839,2944,17066,17330,17254,17423
14410: 17397,12956,16282,17875,16924,15839
14411: 70,15800,106,13460,13858,71
14412: 6157,14194,6044,6158,6271,6272
14413: 11982,18385,11844,12075,14998,17288
14414: 9808,9902,14112,15725,9995,13745
14415: 14110,15522,14420,12190,15415,11004
14416: 12946,1146,1230,14257,12253,11809
14417: 12870,14840,13582,17283,12459,11860
14418: 15183,11074,12087,14110,12018,11003
14419: 11871,11768,12033,12570,112,15879
14420: 14110,12018,14415,12190,12523
14421: 111,12232,14354,12914,13917,14949
14422: 2144,2145,16495,2048,14428,1953
14423: 13650,10087,10178,10088,12594
14424: 11073,15226,12785,16991,11000,10926
14425: 14316,14381,12516,15834,16865
14426: 12203,12690,11212,12849,18225,11076,11145
14427: 13194,12222,16218,17757,17908
14428: 2047,2046,2143,2048,2144,14422
14429: 10267,10356,13001,10177,13922
14430: 17430,13199,15845,17371,17622
14431: 417,478,359,416,13593,477
14432: 15628,12701,4467,17196,11921
14433: 12223,40,41,13017,39,16863
14434: 16481,16783,13085,15672,16823
14435: 13379,13091,12178,17180,11868,16115
14436: 15948,17435,16149
14437: 15152,11952,15456,16073,12856,16938
14438: 16800,13180,16396,14135,12226,14516
14439: 17210,15897,17601,2636,13194,17900,14284
14440: 13171,12108,11984,12520,18312
14441: 13343,15778,14861,13287,18320
14442: 18194,18468,16540,16419,14387
14443: 11925,12775,12742,12789,14133
14444: 14340,686,13991,12817,13959,14368
14445: 13408,4802,12027,4689,14140,4576
14446: 11901,12579,5709,12488,15318,11840
14447: 13101,15985,12936,13846,18497
14448: 13269,16859,12970,15979,17445,16789,17309
14449: 15922,17846,18190,15503,12264
14450: 12639,11900,5824,5937,13963,11837
14451: 159,160,12117,12546,13200
14452: 17602,12967,5144,5030,14127,12681
14453: 14276,16590,13818,12102,12794,16176
14454: 9122,9020,14216,9121,9223,9019
14455: 13162,12036,3475,13426,13020
14456: 17615,15702,16365,13042,12994,14185
14457: 11548,12201,17673,11549,11497
14458: 12599,4132,12040,12698,16757
14459: 12478,11400,12254,15045,11508,11455
14460: 13633,4805,4804,12469,13173,4693
14461: 13156,17241,11679,12808,16567
14462: 16166,13145,17549,18472,16035,15868
14463: 17278,13376,16680,14042,13218,15694,14023
14464: 12603,13963,13572,5711,12165,12787
14465: 3266,3372,16497,3265,12558,3159
14466: 11077,11078,11007,11145,12690,13997
14467: 306,15888,17970,12032,14197,361
14468: 7850,15818,7740,7849,12962,12221
14469: 982,1061,905,13046,983,13227
14470: 15092,13532,11857,13361,13510,11855
14471: 16459,14751,15151,17858,14134,13431
14472: 2240,2143,17954,14229,2144,2241
14473: 12746,14053,12597,11002,11143,14141
14474: 17286,12724,12348,15650,1580,11816
14475: 12280,14248,12342,12607,17338,3584
14476: 14829,12941,6164,13075,12525
14477: 12884,15873,13577,15922,12264,18030
14478: 15377,12541,18294,11970,12832,13935
14479: 12037,11979,4355,4692,14352,4580
14480: 2339,2438,2338,2437,17218,14229
14481: 14109,15072,11762,16955,12892,20
14482: 174,129,15954,223,175,130
14483: 16945,158,16708,13226,14844
14484: 13076,16750,16780,16070,13825
14485: 12304,16631,12302,15907,18596,14742,18431
14486: 15451,16631,18313,18596,18437,16214
14487: 14297,7846,7955,7625,7735,7845
14488: 4463,12739,12258,12027,12268,4576
14489: 17608,17346,17596,11,15653,16099
14490: 12309,18592,15971,17581,17620
14491: 17605,11800,17499,17633,12306,16062
14492: 17463,13276,16828,17467
14493: 14687,16560,18136,18534,16075,18591
14494: 15902,11814,17522,18361,17468
14495: 11930,12500,13573,16123,18310,16286
14496: 1486,1485,1574,14600,1575,14500
14497: 12835,12525,13600,6505,14064
14498: 18174,16053,14501,15244,18151,16269,16313
14499: 12020,11867,11880,13070,13946,15223
14500: 1575,1487,1399,1486,14496,1400
14501: 17126,16029,14498,18174,18151,17863
14502: 17507,18510,17523,13246,13321,15972,17516
14503: 16709,17212,11791,16949,16981,17247
14504: 17621,18425,17507,17523,17486,17469
14505: 17529,18405,17616
14506: 13807,9622,14404,9526,9623,15147
14507: 17790,17720,13412,17832,17725
14508: 15780,12598,17904,13409,17975,14897
14509: 14942,16003,18195,18422,363,16425,16120
14510: 17456,16479,13289,18024
14511: 16864,16777,15914,17582,17990
14512: 18562,13233,18278,14536,11766,17062
14513: 13962,15645,13465,17182,17350,16317
14514: 17748,15915,17795
14515: 12336,16893,11807,15935,16119,16086
14516: 16800,14438,12226,16946,17020,12605
14517: 17501,18011,16647,13315,16030
14518: 16293,12329,16109,18353,17677,17472
14519: 17502,16175,15956,13333,17770,17809
14520: 16922,17524
14521: 13608,17560,17485
14522: 12980,14401,4577,5028,15843
14523: 15607,14362,12144,12897,3477,3157
14524: 12918,15929,13077,15386,15719,14777,18264
14525: 13345,16225,16541,17837,18110,17726
14526: 16726,11932,17094,15195,15438,12631
14527: 17824,17963,16314,15950,18110
14528: 13362,15268,16036,15989,16898,14615
14529: 15924,17749,16612,17645,18288
14530: 13124,470,15671,410,411
14531: 18117,17514,15951
14532: 17528,14984,17995
14533: 17617,18319,16613,15144
14534: 16083,18226,13286,17479
14535: 11763,13267,18230,13505,14784,13676
14536: 13233,14512,14839,18278,15259,16662,17333
14537: 16084,17733,17561,16018
14538: 15186,10527,13189,16792,12843,10442
14539: 11812,17014,16323,13995,16074,14304
14540: 16279,14743,18185,16399
14541: 11764,16607,17847,15148,17013,17232
14542: 15927,16441,17544,15422,16947,14015
14543: 14561,16162,16820,18598,14825,16798,16964,14773
14544: 13278,14851,17291,14563,16646
14545: 17920,18009,17935,16788,18031,16308
14546: 15991,16037,17645,13654,18288,18391
14547: 15938,18106,12353,14899,16880
14548: 16876,12284,18338,15022,17650,16647,17
14549: 13329,18079,17679,17562
14550: 14349,12730,14079,12811,202,11777
14551: 14260,314,260,12589,259,12642
14552: 12823,11896,362,420,12767,15594
14553: 909,18311,14987,17272,13307,16950
14554: 11599,11551,12964,14289,12097,12101
14555: 17810,16199,14822,13366,17088
14556: 17922,17938,16321,12418,16482,15980,18494
14557: 14609,14762,12878,1488,15206,13993
14558: 15939,16696,18289,15300,16899
14559: 9323,9521,9422,16370,9324,9423
14560: 12290,17572,17584,13260,16128
14561: 18207,14543,17464,13264,16820,18598
14562: 13367,13300,17151,14641,13698,16076
14563: 15111,12391,16461,16646,14544,17291
14564: 14280,3151,2941,3045,14838,3046
14565: 13790,18144,12991,10693,15373,10772
14566: 13167,1403,12793,15097,17426,11997
14567: 2841,14879,12792,14034,16635,12113
14568: 15715,14269,10445,15109,15889,12017
14569: 17529,17616,17551,15953,18021,17902
14570: 16154,16087,16060,16054,17811,17224
14571: 17949,17508,17953,15940,17765,15215
14572: 17735,18353,17677,17688,16571,18466
14573: 17061,11789,18366,17357,16568
14574: 16077,18370,16084,14660,18487
14575: 12252,15653,16099,16650,14359,18063
14576: 4022,17816,13326,16317,18341
14577: 17538,17891,13387,17658,16290,18145
14578: 17790,16552,14622,13412,16274
14579: 15760,14196,13857,13507,46,16956,17000
14580: 13933,14234,17027,17493,12059
14581: 13348,17590,17935,15913,16186
14582: 16588,16865,12888,15140,12224
14583: 4130,14261,12258,4352,4241,12268
14584: 16478,17999,16858,12325,14826
14585: 18520,16100,13526,18528,18469
14586: 15958,18366,18355,17621,18425,16568
14587: 12599,12980,12698,4465,14148,12474
14588: 13865,12715,18184,12103,15178,12845
14589: 11847,17828,16118,17702
14590: 17669,17769,16319
14591: 12322,13270,485,15485,17230,17083
14592: 15982,17613,18475,16522,15053
14593: 18023,15058,17881,17703
14594: 13284,16036,12088,12291,17200
14595: 17274,13446,15218,18375,18440
14596: 17436,17028,13557,11848,17497,15087
14597: 4130,15287,4240,18322,15507,12298
14598: 15909,16120,16148,13264,18422
14599: 5025,13552,4912,5024,5138,14332
14600: 1574,14496,1665,1666,14270,1575
14601: 15002,12829,16976,11832,15493,10774
14602: 16005,17569,17808,18,17670,17784
14603: 12339,17197,16779,16361,18107
14604: 16708,18574,16142,16673,13234,18540
14605: 15098,18371,16367,17894,14738,16178
14606: 16049,12466,16470,13996,18359
14607: 13574,14071,12566,6504,17270,17396,15981
14608: 13400,16015,13665,17076,17992,18384,12403
14609: 14557,12038,14304,12878,13993,14247
14610: 16802,13511,16945,14874,13226,14150
14611: 13259,13263,17123,16340,18042,16210
14612: 14796,16671,18097,18103,18102
14613: 17179,15598,12418,13740,16019,13558
14614: 12861,15460,17606,17800,16968,18498
14615: 17786,1,15989,13362,14528,16585
14616: 13400,17659,10270,17747,17483
14617: 17585,18316,17571
14618: 17022,15968,16329,15190,18535,18012,16465
14619: 17597,17671,16526,18173,15019,18193
14620: 16587,16015,17553,17659,17494
14621: 17652,12407,17672
14622: 16552,14578,18237,18065,17950,16274
14623: 17144,16585,15311,13350,16143,13829
14624: 11817,16139,16179,18291,13722,16751,16213
14625: 13469,12177,1492,1582,13105,12379,18550
14626: 15073,17704
14627: 13588,14629,16557,13382,13503,16477,12359
14628: 12662,18399,16909,14731,18077
14629: 14627,16085,16557,16477,16416,16101
14630: 16773,13540,16985,13673,16403,11803
14631: 16499,16803,13359,15063,16551,16735
14632: 17296,16506,17676,16500,13279,13437
14633: 17869,17563,16079
14634: 16345,16392,16687,18231,14703
14635: 498,14726,499,435,15587,16023
14636: 418,478,479,542,541,419
14637: 14285,11611,11609,11610,11565,11566
14638: 18434,16765,13711,17829,11932,13261,13489
14639: 16132,18122,17172,17518,15630,12353
14640: 13286,18239,17628,17479
14641: 17151,15590,15187,13300,14562,17089
14642: 18411,18232,13466,15104,15626
14643: 13395,15998,16102,17629
14644: 17705,16156,16233,17805,16532,18127
14645: 11967,11891,14994,13413,16671,18152,14728
14646: 17866,13385,18134,17740,13607,115
14647: 211,15134,14309,212,14107,264
14648: 11690,12375,14258,11654,11653
14649: 18430,16197,18166,17145,14754
14650: 11741,12146,12202,13674,11711,17108,11710
14651: 17610,17857,13985,18451,16134,16021
14652: 17949,16297,17953,12340,18042,16210
14653: 18233,16167,13266,16064
14654: 18185,14681,16068,17319,18290
14655: 13474,7182,16504,18410
14656: 18535,14961,5710,18323,18379,16528
14657: 12904,7518,12806,15597,11818,12484
14658: 16357,11727,11726,13169,11750,12219
14659: 17689,17714,13273,16029
14660: 16077,17557,14574,16611,18487,15965,12378
14661: 15608,17874,15575,12846,16584,17287
14662: 3580,13183,3689,13619,3799
14663: 11851,13392,15521,17023,15584,13294,18565
14664: 14265,15223,12653,15881,13156,13034,12020
14665: 12926,9809,12167,14390,17170,13685
14666: 15980,16846,13241,16579,13397,11808
14667: 18324,12376,14881,16688,18234
14668: 18074,17727,13456,14719,15464,15826
14669: 18047,16090,13385,16507,16261,18599
14670: 7067,12189,14338,6954,7180,17191
14671: 17082,2238,15904,16879,18272
14672: 17403,13349,11684,17917,15809,15548
14673: 11779,16239,16408,17216,18359
14674: 13419,16152,12383,17887,17812
14675: 15655,18403,15285,16213,18407,13443
14676: 15475,12743,12917,16046,12434,14365,13897
14677: 18074,17727,204,16439,17548,17274,12385
14678: 14821,16371,550,18191,17656
14679: 4578,16335,13249,16505,16920,13230
14680: 687,17132,17261,15129,13683,15689
14681: 14654,16068,17319,17403,11684,16318
14682: 11764,15712,12416,18292,16815,16448
14683: 10443,12111,13189,14315,12958,17907
14684: 2741,14314,18280,2638,2538,2639
14685: 18555,13690,12367,987,16645
14686: 15515,6958,12795,12943,7071,17506
14687: 16560,15313,14493,13328,18136,10694
14688: 11826,18432,7738,13299,16238,16852,16531
14689: 14881,11715,14997,17060,15245,16241,16253
14690: 16608,17046,16542,17905,13373
14691: 16439,18440,17853,16743,16732,17548
14692: 17668,16117,16451,13720,15184,14114,13433
14693: 16059,17649,16546,16082,17650,17
14694: 17779,17990,17451,17639
14695: 18169,12498,13480,16923,16414,18454
14696: 17282,16242,15054,17219,17775,15284
14697: 13417,16733,16212,18283,12321,18413
14698: 17869,17563,11452,17968,17798,17078
14699: 17979,16106,11856,14996,16044
14700: 16279,11645,16866,16399,15709
14701: 16344,17318,16850,15986,16409,15893
14702: 16818,13424,16543,16843,16970,15432,11889
14703: 12079,17153,15550,16392,16291,14634
14704: 16231,17741,18517,15121
14705: 15027,17885,16491,16271,12636
14706: 14121,13374,17910,16178,15344
14707: 16311,12430,17813,14871,18563
14708: 11882,13743,13380,12557,12394,16754
14709: 16130,16091,17630,17737,16152
14710: 16092,16958,17063,18159,6391,17111
14711: 837,12987,13128,913,17777,16690
14712: 13951,14312,16831,16369,17382,11854
14713: 1153,1071,14207,17164,15196,1070
14714: 12046,12871,13525,12534,12060,12968
14715: 15732,16695,13410,13374,16543
14716: 12333,15413,17296,15584,12718
14717: 15382,17381,17322,15575,11807,16655
14718: 12359,13728,13615,17742,17520,17029
14719: 18074,15297,13456,14668,13775
14720: 17301,13556,13305,15455,16918,15232,17732
14721: 16483,14850,18391,18215,14836
14722: 15586,17239,15068,11774,18599,16507,12440
14723: 18435,11842,17641,17932,18527,16402
14724: 16723,12437,18399,11770,16270,16301
14725: 187,188,16245,189,16912,14374
14726: 434,14635,435,15587,375,374
14727: 13620,4356,4468,4245,4357,15200,15795
14728: 15040,18152,16711,11891,14645,17481
14729: 17365,1670,16717,15551,17449,12615
14730: 15376,13455,16378,13308,16444,15670
14731: 13283,16144,18077,14628,16341,16909
14732: 17663,16140,15600,16961,17267,16180,12680
14733: 15142,15986,17510,13028,17030,17627
14734: 12637,12694,310,13913,365,12142
14735: 13953,13969,13083,17012,13989,15509
14736: 16628,16756,16419,16604,12612,16663
14737: 14882,17403,13349,16318,13266,16427
14738: 12288,16695,16178,18371,14605
14739: 16275,14819,18523,16372,16310
14740: 18069,17758,18027,13441,16067
14741: 18115,14766,16674,16426,16140,18332
14742: 15761,16270,16301,18431,14485,12302
14743: 14540,18290,17980,15962,17783
14744: 16730,17646,17695,17697
14745: 216,15164,215,214,266,267
14746: 634,704,703,633,498,565
14747: 11449,14760,12243,14277,11392,12213
14748: 13337,17061,16691,11789,15169,13386
14749: 10522,10607,13057,14190,15384,10608
14750: 2942,2838,13761,3046,2837,2941
14751: 14471,16459,16278,13217,17858,18272
14752: 12555,17037,14780,16593,16702,15545
14753: 17997,16774,13509,15573,17377,16790
14754: 17145,14980,16982,13371,14649
14755: 17859,17387,14825,18375,18321
14756: 17759,17978,16138,13401,16337,16262
14757: 16319,13541,17612,18329,17856,14785
14758: 11914,11849,11336,12721,11273,11274
14759: 12873,16731,14054,11820,13299,17244,12509
14760: 11449,14747,11502,11503,12243,11448
14761: 16136,16297,16142,12340,18540
14762: 14557,1489,12878,12456,15206,12049
14763: 14911,17335,14774,15420,17886,18482
14764: 16821,13357,15808,11778,16452,18396
14765: 16138,13401,17791,16181,6391,18186
14766: 18115,14741,16428,17699,14960,16674
14767: 15369,17016,13493,16558,13371,18507
14768: 13664,15856,14874,17425,15314
14769: 15463,16592,16159,16386,17069,16829,15126
14770: 12090,16633,18470,17226,14880
14771: 11779,15289,17297,13459,3155,17303
14772: 16821,15972,16793,13357,17516,18518
14773: 16189,18321,14825,16162,14543
14774: 12877,14763,16158,14911,17206,16517,15420
14775: 15526,16548,12403,18464,13665,12626,17118
14776: 13847,11934,15655,13443,16847,15688
14777: 13123,15929,14524,18264,13476,15831
14778: 16740,18503,13623,16586,16395,14845,12313
14779: 18362,17981,15088,18537,16599
14780: 14752,16593,16702,13440,13488
14781: 17096,17355,8710,16426,16674
14782: 17882,16196,17965
14783: 12153,14206,12448,547,614,13126
14784: 11776,12396,13676,15441,13505,14535
14785: 15426,18329,17856,16309,16846,16216,14757
14786: 11899,14852,18458,12813,16835
14787: 14909,13547,16410,16457,18177,13617
14788: 12333,16886,17023,16740,14845
14789: 11763,14940,12720,12791,11911,13676
14790: 1311,1227,16716,1226,15160,15828
14791: 15470,7069,12054,14071,17270,17461
14792: 12280,3585,12342,12696,3694,3804
14793: 17966,18133,16183,14948,13354,13557
14794: 15216,13438,17202,15306,16443
14795: 14187,12051,12426,11973,11968,14957
14796: 16547,14612,18103,16379,16155,18102
14797: 17323,12995,14241,15319,15872
14798: 3154,12481,13053,15267,14131,3153
14799: 15959,17771,17743,17930,12466,16470
14800: 12750,12481,15918,11883,3261,12751
14801: 15123,12377,11760,18002,17409
14802: 12414,15209,18512,13467,15477,17921
14803: 12387,17163,15248,11784,16691,13386
14804: 15146,17266,1316,16562,18400,17822,1231
14805: 17436,18411,11846,11211,18554,17497
14806: 90,15337,55,14281,54
14807: 416,13593,414,475,13892
14808: 14858,12551,11735,11736,11737,12660
14809: 765,692,13133,691,13011,622
14810: 15554,16621,17236,14888,18381
14811: 15414,12241,16016,16804,2737,12287
14812: 15271,11793,16649,17781,16163
14813: 16182,17948,16071,15891,17690
14814: 8497,14077,16766,12119,8604
14815: 17574,17826,16807,16217,11759
14816: 14833,10529,14847,18513,15367,17993
14817: 27,12901,12990,5,15640
14818: 17090,15401,13298,16530,13668,17285
14819: 18236,17692,14739,11714,18523,16310,16237
14820: 17140,13978,13499,18197,17484,15265
14821: 16281,16371,14678,18191,15416,17212,16949
14822: 17817,13563,18452,14555,16199
14823: 16826,15553,17213,16223,13590,17295
14824: 15366,21,12837,22,17577
14825: 14755,17387,16964,14773,18321,14543
14826: 12325,18329,16309,14584,17612
14827: 17166,18452,11859,17088,15471
14828: 12863,15469,18594,18459,16657
14829: 12941,14476,17315,12525,14064,11976
14830: 17103,12480,15990,12297,13407,17373
14831: 16733,16212,16163,15978,16675,11793
14832: 15934,18116,12349,15915,8498
14833: 14816,14847,15301,13463,17993
14834: 16061,17223,205,14076,11778,16452
14835: 11920,835,15029,12893,14252,13771
14836: 11958,13518,16669,14850,14721
14837: 12047,14848,17434,12931,12763,12866
14838: 3044,3045,15214,3150,14564,3151
14839: 16431,16113,13233,14536,76,17333
14840: 14417,17283,14965,17321,11860,15739
14841: 17911,14894,18242,13843,16332
14842: 14153,16951,13559,13168,17374,15174
14843: 11870,45,17895,17195,79,18346
14844: 13477,13226,17425,14483,158,17432
14845: 16740,18503,14778,16886,14788
14846: 18284,17864,17818,16283,18117
14847: 12422,14833,14816,10529,11877,15301
14848: 14837,11997,12931,12061,12866,12783
14849: 9716,9812,13528,15710,12067,13144
14850: 17452,14721,16037,18391,14836,16669
14851: 15277,13278,14544,16738,17291,18441
14852: 18240,14786,11899,16975,16805,18458
14853: 15664,9022,13527,17095,12236,13351,14898
14854: 17313,618,17302,16315,18191,17656
14855: 7625,7735,14154,7624,7515,7514
14856: 15405,16115,16965,13379,17410,15757
14857: 17397,13564,17906,17875
14858: 13893,13561,12551,14808,13415,11737
14859: 12972,17148,12123,11920,13859,16619
14860: 17760,16227,17934
14861: 13343,14441,11886,13925,18320,13587
14862: 15112,18447,16392,15071,13757
14863: 13863,12137,12242,161,163,162
14864: 11498,11499,11549,14370,11497
14865: 11864,15709,16707,11646,11645,17072
14866: 15183,12746,12087,11844,12963,11144
14867: 17028,18232,13466,16349,17789,18133,13354
14868: 12181,208,12247,206,16670,12117
14869: 13416,11829,17129,12310,18457,12732,17273
14870: 15020,13569,15766,10091,10181,12094
14871: 16681,18563,12430,14707,17051,14088,15208
14872: 16423,16487,11828,18401,17941,15987
14873: 16330,16658,16400,11794,16966,16768
14874: 14768,13226,17425,15314,14610,116,14150
14875: 12832,15326,685,617,12541,13005
14876: 11811,16778,13709,15023,17126
14877: 18504,37,14055,12925,15194,12686
14878: 12816,1947,15295,15468,12797
14879: 3050,14946,12792,14567,12809,16635
14880: 17226,13353,13953,13989,16633,14770
14881: 14689,16688,14997,14667,16253,18234
14882: 13349,14737,11716,16427,15235,16721
14883: 18491,16421,14944,17991,16368,18307
14884: 4800,5025,13552,12248,4801,4913,4688
14885: 12304,6390,12302,17967,13647,17964
14886: 6165,12183,6279,15107,6392,13254,14325
14887: 551,12676,14245,11916,487,15440
14888: 15554,14810,8710,17236,13521,17355,18436
14889: 15252,13537,18513,12576,10529
14890: 15462,14407,197,15340,246,198
14891: 11939,12034,12253,11809,15264,986
14892: 12329,18589,17634,17896,17994,17623
14893: 12046,17460,7070,18219,7295,12795
14894: 15234,17911,14841,17915,16332
14895: 15089,16921,12432,10090,13687,15681
14896: 12591,15332,10444,15109,15396,13648
14897: 17411,12596,14061,13035,12598,14508,17904
14898: 14853,17095,13351,12149,15240,18130
14899: 17438,16767,16880,15938,13356,14547
14900: 15922,17846,18558,16986,13577
14901: 15763,12267,11749,11748,13180,12226
14902: 16063,17897
14903: 16251,17780,13623,16395,16363,18026
14904: 14204,2738,18182,17835,16320,14912,2945
14905: 14908,15132,16651,16594,11862,15253
14906: 17278,13376,16517,18524,9225,17206
14907: 13652,17969,16601,13577,15873
14908: 11557,14905,18112,16997,15132,16651
14909: 14945,16410,14787,16457,13244,16894,18446
14910: 16375,18351,16580,18286,18179,13703
14911: 14763,16158,17335,14774,16393,15798
14912: 16367,18057,17835,16296,14904,17161,2945
14913: 7958,16790,15071,15527,16665,16774
14914: 16741,13367,13300,16325,16825,13625
14915: 12639,11900,6051,15484,12720,12791
14916: 8714,14060,15404,13725,8608,8715
14917: 16342,13510,11504,15525,14405,11983
14918: 12195,12912,16841,9620,16480,16222
14919: 16827,12644,18038,13723,17221,15887
14920: 17239,15068,16463,15449,13506,18228,18281
14921: 16519,17817,17571,18087,15973
14922: 18347,17231,14979,17919,16464
14923: 353,15671,352,298,410,18415
14924: 11849,13288,11336,17354,11395,15753
14925: 8709,8814,12689,12909,12993
14926: 6166,6280,6279,15107,17386,6167
14927: 12104,13712,10849,12008,17814,12148
14928: 12454,18279,17676,18118,16500
14929: 14983,13536,16386,18265,18582,16959,16592
14930: 16078,16335,16920,12452,18463,11917
14931: 13624,16333,13651,16158,9225,16393
14932: 12870,16672,11990,12709,11506,16637
14933: 11799,15173,16833,12305,16916
14934: 15797,9814,9720,9908,9907,9815
14935: 16676,12494,16712,15370,17635
14936: 18369,15876,15170,5142,13382,13503
14937: 12332,12851,14979,13501,17919
14938: 17955,17768,17713,15976
14939: 12138,12670,15238,257,12643,12237
14940: 14789,11763,12720,14220,17876
14941: 15450,2839,12233,13686,12121
14942: 14509,16003,13338,17471,18195
14943: 15780,17772,13409,15619,15233,13532,12411
14944: 17598,14883,16421,18098
14945: 14909,16410,17231,11275,16894,16434
14946: 3050,13550,12571,14879,12792,15625
14947: 17711,16488,15949,17203,15368
14948: 17966,14793,16240,13557,11338,12410
14949: 13516,13879,14421,12914,13917
14950: 11137,11068,11067,10995,10994
14951: 18269,13397,16806,16482,13352,16019
14952: 13714,12538,17685,17092,17432
14953: 16303,15038,17032,17359,13500,12462
14954: 16570,12063,16972,17412,13968,18536
14955: 17956,18147,16677,14983,18265
14956: 608,607,13804,676,677
14957: 11968,11825,14795,11973,16220
14958: 8811,8915,15577,8917,8812,8916
14959: 11842,18541,16350,11899
14960: 14766,16428,16674,17314,17982
14961: 14656,18323,18379,12458,13405,16390
14962: 10177,9993,9994,10085,10086,14236
14963: 16364,11786,12593,12578,15251,13853
14964: 11341,13930,12580,12269,14256
14965: 12581,13485,14840,13523,15739
14966: 16405,13839,18041,13268,18072,17936
14967: 15966,17503,17920,17983
14968: 14024,7627,12669,16095,7848,11876
14969: 11989,17362,12518,12184,15790
14970: 12647,911,12000,12622,836,15917
14971: 15512,5932,6045,5931,5818
14972: 12006,10851,13903,16555,12574,12273
14973: 14990,12195,16841,14982,12907
14974: 17309,15139,4,14276,15789,16875
14975: 12322,12289,364,13337,12442,17083
14976: 11137,11138,11207,12974,17280,11206
14977: 17904,11555,13035,12455,11554,11963
14978: 687,17132,12388,12567,16768,16803
14979: 14937,13501,17919,18477,16586,14922
14980: 16753,17145,14754,13519,17265,16982
14981: 18227,17927,17960,17543
14982: 9327,14990,14973,9426,9524,12907
14983: 16677,13536,14929,18217,18265,14955
14984: 14532,17528,18109,15952,17937
14985: 13923,15565,16583,2335,15032,12211
14986: 15371,16876,12284,17232,13285
14987: 14553,16473,18311,12494,16950,15004,16424
14988: 13675,17328,16582,18030,18473
14989: 18562,16638,18604,11766,12616,18035,13322
14990: 14973,16841,12971,13157,14982,9327
14991: 10851,12574,12834,10774,10852,10775
14992: 12981,11070,12035,11071,10999
14993: 18127,12356,5710,18012,17391,16156
14994: 14645,13520,13413,16671,18097
14995: 16520,10773,18060,18286,18179,17909
14996: 18066,16044,14699,16106,17640
14997: 14689,14881,15241,17060,17349
14998: 12436,11276,17288,14413,12915,12075
14999: 1669,12456,12286,12876,15131
15000: 11750,11749,16357,11751,13837,13710
15001: 6957,16959,18514,17442,15559,17947
15002: 12829,16976,15305,14601,11839,13242
15003: 11820,17398,14350,17165,15842,12873
15004: 13618,17824,15961,16473,14987,16424
15005: 17758,18027,16422,18206
15006: 16209,17834,17951,14101,17007,18000
15007: 124,13695,15025,126,125,15946
15008: 15136,12563,13585,16346,16174,13873
15009: 14316,12041,18443,13949,18548
15010: 12522,13640,5257,12602,5371
15011: 16782,17957,15624,17848,11762,17433
15012: 423,13377,486,14214,12676,14245
15013: 18001,18356,16609,16430
15014: 17528,18109,16013,18196,18404
15015: 16265,13786,15570,11770,16462,17250
15016: 16481,11838,13085,17096,18436
15017: 14390,9618,9521,16370,13801,9619
15018: 16699,12467,18552,16622,43,18545
15019: 16889,16977,18193,17019,14619,17671
15020: 12776,12747,14870,13569,13678,10091
15021: 12097,13827,11599,12828,13032,13250
15022: 14548,16876,16622,17,13691,18552
15023: 16466,12644,18038,13709,14876,16778
15024: 16603,17852,15741,13704,16203
15025: 13695,13191,84,15007,126,85
15026: 11686,13592,18218,11866,12875
15027: 14705,16271,16292,18380,17867
15028: 18455,15402,18003,18575,18192
15029: 834,14057,16164,11802,12893,13771,14835
15030: 14144,12934,7068,12804,11813,15359
15031: 15312,13118,12520,17004,13899,15090
15032: 2237,16826,12537,12211,16583,14985
15033: 16756,13758,18453,16540,13719,17184
15034: 15467,13758,12623,18453,15717
15035: 15540,59,58,30,13764
15036: 12839,12136,13428,11457,11508,11509
15037: 11696,15059,16883,11725,11726,12219
15038: 13658,17032,15048,14953,13500,11876
15039: 12545,12972,12123,14361,13904,11806
15040: 16440,18152,13721,14728,17002,12663,16711
15041: 687,17261,12567,17565,12674,13265
15042: 13615,13282,15075,18583,16514
15043: 16474,18039
15044: 16745,9998,16131,16422,16509
15045: 11971,11400,14459,15128,12161,11455
15046: 174,222,223,274,15217,15903
15047: 15175,15455,13682,17209,17301,17248
15048: 15038,13500,17356,11876,7848,13080
15049: 13315,18262,17614,16815,17989,18075
15050: 14279,12811,202,11959,12630,201
15051: 13844,12868,8176,16303,17359,15067
15052: 16475,18073,16799,18465,18119,17229,11951
15053: 16522,18342,12645,18137,14592
15054: 14696,16242,17706,13480,16807,17775
15055: 13454,16195,13661,18414,16406,12618,17351
15056: 13690,16645,15063,16735,15129
15057: 16510,16933,11745,11957,15243,16767
15058: 14593,15191,13763,17881,18235
15059: 15037,11696,11694,11724,16883,11695
15060: 13251,16490,18335,16949,16981
15061: 12047,17434,12068,1149,12935,1233
15062: 15089,17227,16892,9998,13759,16509
15063: 16598,16499,14631,16735,15056,12824,16645
15064: 13729,16933,18202,14116,17478,11747
15065: 16875,11960,12901,4,15640,12246
15066: 10920,10995,10996,14255,14327,10921
15067: 16939,15255,13490,17359,15051,8176,12457
15068: 17239,14920,14722,16463,16507,13607
15069: 12382,13677,15207,18579,17251
15070: 16484,16620,13744,11950,18043,18048
15071: 14862,18447,13757,16665,16774,14913
15072: 14109,14481,17200,11762,17433,12291
15073: 14626,16544,16139,18291
15074: 12157,15511,13215,4918,14271,5031
15075: 15094,5369,16904,13615,15042,16795,16514
15076: 1317,12793,11933,14097,17343,15097
15077: 14394,12348,13036,12061,12177
15078: 15389,13253,12573,17816,13962,13702,15633
15079: 15832,15176,14014,17344,3476
15080: 907,831,756,12449,830,12110
15081: 16814,11649,11685,13013,11607,12166
15082: 12344,16536,13613,16551,18083
15083: 11000,12928,10926,13188,14145,10925
15084: 17016,12600,16822,17341,12927
15085: 15792,16031,15646,11956,16659
15086: 18099,15772,18296,14326,17308
15087: 11848,15894,12495,17497,13586,14596
15088: 16639,18261,17284,16599,17981,14779
15089: 14895,15062,16921,16892,12432,13759
15090: 15321,14041,13118,17004,15031
15091: 16505,11947,17104,14163,15170,13468
15092: 14470,12454,13532,11505,18118,13510
15093: 17124,13323,13762,17744,16752,17962,13306
15094: 12381,13513,5369,15075,18211,16795
15095: 613,12215,12296,12857,15465,546
15096: 17147,13781,12011,13445,18138,15546
15097: 1317,12793,15076,12899,14566,1403
15098: 18371,16367,14605,18088
15099: 11563,13616,11607,11608,12800,16785
15100: 16995,17189,12629,13313,12693,16834
15101: 15579,13924,17311,15480,17293
15102: 15412,15822,12518,306,11780,18168
15103: 8711,14143,13778,16896,18149,17171
15104: 17251,16100,15207,15481,18232,14642
15105: 13448,13478,17266,16676,12420,18200
15106: 17744,16752,11796,18302,18252
15107: 14886,14926,6393,6280,6279,6392
15108: 16640,18180
15109: 10445,14896,10444,13648,14269,14568
15110: 74,75,16525,11992,13220,17154
15111: 13342,14563,12391,17264,17912,17291
15112: 14862,16392,13757,16291,17545
15113: 16362,16641,17127,18386,11941
15114: 15389,13253,17734,17458,17100,17827
15115: 16595,15680,17392,18429,18181
15116: 16629,12680,16056,16961,18224
15117: 12555,11841,17444,17186,17587,16580
15118: 15278,12312,15444,13942,18458
15119: 11900,5824,5938,12503,15484,12200
15120: 16596,15172,18160,16564,18120
15121: 16243,17079,16968,18498,17741,14704
15122: 16563,18104,18360,18587,17415
15123: 14801,15610,13792,11760,15258,18002
15124: 16953,16581,16472,12397,17124,13762
15125: 11342,11279,11215,11280,11216,13014
15126: 17069,16829,17547,13422,17114,14769
15127: 17179,13740,18304,16977,17019
15128: 11400,15045,12271,12161,12373
15129: 13683,759,16735,13690,15056,17132,14680
15130: 17198,15536,18164,15231,12367,11874
15131: 15605,12049,12456,13747,1669,14999
15132: 14905,16997,14908,17046,16542,15253
15133: 2944,18330,17242,16625
15134: 211,317,263,14647,15500,264
15135: 16621,13666,17150,16860,16438,12606
15136: 15008,13585,15838,16390,13331,13346,16346
15137: 17244,12457,18408,12509,12462
15138: 12265,13211,15158,13476,13545,15831,17890
15139: 15213,12230,16789,14974,17309,4
15140: 16224,9904,14392,12888,16588,12041,14582
15141: 17269,12988,10850,14237,10772,12058,13790
15142: 14733,17030,16888,15273,13832,17627
15143: 2,17813,18266,17642
15144: 16613,18508,18319,14533,16038
15145: 13455,8605,16444,11886,14029,13724,15188
15146: 13448,14804,17266,18400,18325,1147
15147: 9623,9527,15569,14506,9429,9526
15148: 16607,12394,14541,15654,17232,13285
15149: 9,12265,13645,15158,13172,12465
15150: 16597,16538,18131,18153,18529,12688
15151: 14471,17858,2141,13431,2045
15152: 14437,16073,12856,16553,15598,13558
15153: 16340,17389,16872,16802,13511,18343
15154: 15927,16441,13318,18459,17683,16836
15155: 16800,16166,16986,17020,15868
15156: 16719,16582,11758,17686,18169,18454,13492
15157: 11958,15706,13518,16121,13794,16935
15158: 12265,15683,13645,15149,15138,13545
15159: 14272,17390,15478,16848,12930,14082
15160: 16716,1226,14790,1310,1225,1142
15161: 13232,15424,16850,11823,15263,17317,13364
15162: 16827,16626,15952,13707,17413,15487
15163: 16651,11858,12581,17843,11557
15164: 15362,167,216,168,14745,215
15165: 11999,11872,16027,18251,13726,15740
15166: 16233,18154,16616,17805,16614
15167: 16263,13549,16958,17063,13883,15286
15168: 16984,15282,12526,11644,16825,17115
15169: 13337,14748,17083,11789,485,15189
15170: 14936,18369,13468,15091,16505,13382,13230
15171: 13661,14168,13407,17103,17369,17272,13307
15172: 15120,16596,18107,12711,16779,16564
15173: 13317,11799,11792,18437,14933
15174: 14842,13168,17374,12537,17877,16583
15175: 12674,15047,13682,17565,16897,17248
15176: 15832,15079,12059,16726,3476,17493
15177: 6162,6503,6276,11912,12162,6163
15178: 13210,12953,12103,14588,12845,17352
15179: 13059,15341,755,829,828,13571
15180: 17498,13795,15237,15668,17025,11717
15181: 18363,12374,16761,18303,18331,16643
15182: 12127,13224,17446,15665,15597,11818
15183: 12087,14866,14418,12963,11003,15699
15184: 14692,17668,12645,13720,17860,16119
15185: 17205,17310,14,16837,15561,15564
15186: 10443,14538,10527,13189,13998,17011
15187: 17116,17151,13851,15590,15245,15686,14641
15188: 15400,12777,13724,15145,14029
15189: 485,16709,17357,17247,11789,15169
15190: 17022,14618,16465,17073,15721
15191: 15058,16341,13763,17881,16909
15192: 12924,18292,12654,13461,15712
15193: 18369,13637,5142,13468,12565,17723,12026
15194: 36,37,14877,12363,12686,66
15195: 17855,17094,15964,15438,17648,14526
15196: 15606,17164,1153,1238,14713,1237
15197: 1585,15315,1493,1584,1494,16915
15198: 12214,6389,15254,6388,6275,12145
15199: 17763,13522,15874,8068,12380,15573
15200: 4357,18004,4245,14727,4135,4136
15201: 16696,11951,17487,18387,18465
15202: 12158,11649,13976,12066,12883,16785
15203: 11340,13044,12163,12671,11902,12269
15204: 16946,16601,12605,13598,12561,15205
15205: 14103,12561,13710,12267,15204,12605
15206: 14557,14762,12456,1488,1578,12876
15207: 12382,15069,15481,17251,15104
15208: 17199,14088,17439,17395,17051,14871
15209: 14802,11453,12414,11852,16738,17921
15210: 9999,14090,15458,9906,14391
15211: 13566,13792,11760,17033,12624,17945
15212: 2837,2940,16289,2941,15779,16948
15213: 12230,13172,16789,12465,15139
15214: 3364,3150,14838,17862,3258,3151
15215: 17240,17793,17670,17949,14571,17765
15216: 13931,18314,15323,14794,17202
15217: 224,276,15046,223,275,15903
15218: 17274,17387,18375,14595,11783,12385
15219: 474,357,415,414,413,356
15220: 537,603,18222,604,17385,673
15221: 990,1072,991,1070,912,1071
15222: 17647,13576,12556,17349,17384
15223: 14664,12653,12020,14499,11880
15224: 12882,10088,12704,12409,14388
15225: 10271,12094,10091,12752,13056
15226: 14424,12785,17693,10926,15489,11927,17342
15227: 16995,13735,12307,13313,17827,17100
15228: 3476,15288,11773,14234,17493,14226
15229: 10928,18585,12312,15352,15444,13980,13594
15230: 12401,13344,11744,15661,13464,13082
15231: 17465,18461,11874,15130,18164
15232: 13659,13887,12703,17142,17732,13305,14720
15233: 18279,13532,18118,14943,12411
15234: 17911,14894,18293,16697
15235: 18155,15614,17025,18388,14882,11716,16721
15236: 7,17119,17289,13694,15683,13645
15237: 16721,15180,13795,13860,17025
15238: 14939,12670,12643,11781,12441,14373
15239: 15240,8919,16511,13063,13708,12649
15240: 12149,8919,15239,14898,13708,18130
15241: 14997,17060,17349,12556,17331,16373,13560
15242: 17297,13384,3155,17139,13809,16787
15243: 17438,16767,15431,17152,15057,11745
15244: 14498,18174,16313,18505,16769,13273
15245: 17116,16241,15187,15686,16253,14689
15246: 12319,14268,14044,12460,12748
15247: 15517,15605,12615,14063,13747,15551
15248: 11784,14803,18510,18484,13386,13321,13877
15249: 12422,15301,16873,12829,13631,15305
15250: 187,142,16245,186,235,236
15251: 14963,11786,12593,12578,425,11897,424
15252: 14889,17091,13537,17466,16487,12576
15253: 17046,12473,14905,15132,11862,16328
15254: 12214,6276,12911,15198,6161,6275
15255: 16939,18096,15067,13490,18065,18309
15256: 15497,14180,15735,12996,12916
15257: 14202,10854,10929,16630,10855,10778
15258: 15123,15610,13792,11869,18556
15259: 12319,16662,14268,17143,17333,14536
15260: 13934,18350,18336,16744
15261: 12169,4242,4352,12431,12147,4464
15262: 17174,5368,13309,12014,13852,5255
15263: 17532,16170,15161,11823,11885,17317
15264: 15534,11809,15895,11884,986,14891,1230
15265: 16798,17031,17484,12303,17140,14820
15266: 13236,16333,13651,15730,12575,15308
15267: 14798,3154,3153,12944,3048,13117
15268: 14528,16569,16036,13794,16898,18601
15269: 13863,164,12250,12194,119,12617,13952
15270: 7850,12225,7849,11875,12904,15622
15271: 13838,18302,14812,616,17781
15272: 17016,13493,17587,17444,12600
15273: 16775,15142,16888,13832,16617,18421
15274: 13828,6730,6956,12122,12054
15275: 6277,13002,13895,14225,12768
15276: 14114,11907,13770,18259,13720
15277: 13278,14851,17353,17619,18441,17173
15278: 15118,12312,11924,13942,17482,16973
15279: 6617,17958,12712,6731,12305
15280: 12961,1145,12610,16759,1312,1228
15281: 9713,9808,15482,14235,9714,9617
15282: 15168,12526,17388,17115,16515,13749
15283: 13402,12413,16184,11647,12667,13926
15284: 13566,12377,11760,17282,14696,17219
15285: 16213,18407,14675,16544,18129,16139
15286: 13883,11795,15167,13549,15541,15293
15287: 4240,14597,4129,15794,15507,4019
15288: 13316,16970,15432,15228,3476,11773
15289: 14771,13459,17303,15755,18084,3262,13418
15290: 15635,765,766,15576,841,840
15291: 14287,12985,13112,11989,14402,12184
15292: 15427,12051,12308,11968,12552
15293: 13600,13370,12756,11795,16957,15286,15541
15294: 18567,16907,18297,12813,17491,16835
15295: 14878,12816,13060,1853,1947,12940
15296: 3159,15819,13986,14275,12802,3265
15297: 18074,14719,204,18241,14062,13824
15298: 11603,11645,16328,13539,17072,16866
15299: 14261,4240,4129,4239,4351,4350
15300: 16696,11951,14558,16899,8177,13821
15301: 12422,14833,14847,15249,13463,13631
15302: 13791,17776,13092,18020,13609,13943
15303: 13682,17712,13885,17209,11898,14311
15304: 13326,16317,16034,16765,13261,17350
15305: 15002,12829,16873,15249,15801,13242
15306: 16443,11937,18305,14794,16857,17202,12392
15307: 17128,13634,13950,13472,17823
15308: 12236,12575,12497,13644,13236,15266
15309: 207,16061,16648,13033,11775
15310: 17240,17793,17542,12318,18156,13259
15311: 17144,14623,17914,13829,12393,15615
15312: 18084,17004,16234,15031,13899,13459
15313: 17048,14687,17482,16560,13328,16973
15314: 13664,14768,14874,11904,116,12801
15315: 13845,1493,15197,1494,1406,1319
15316: 13144,14090,12668,9812,9717,14357
15317: 15617,12864,17120,11904,12546
15318: 12300,5936,6050,12488,12579,14446
15319: 14336,14797,13081,16577,17861
15320: 2438,2538,2437,2639,2539,17530
15321: 15090,14041,15666,12947,13096,13118
15322: 46,45,14169,12011,14196,13363
15323: 13262,18314,15216,17878,17409,13810
15324: 17039,210,16999,12642,261,262
15325: 491,557,558,13974,492,559
15326: 12084,12832,12153,14875,685,12005
15327: 1146,1315,16810,1229,13479
15328: 10923,10922,12371,11070,10998,13841
15329: 12460,14385,113,14016,11768
15330: 13636,12395,17850,16412,17005,18545
15331: 16287,10358,17888,18543,17893
15332: 14896,12591,13056,10271,12048,15396
15333: 14075,14018,12069,13418,12384
15334: 13567,16736,18081,12597,13751,16194
15335: 11335,11914,14067,13288,11336,12661
15336: 15403,13770,7181,14144,13611,12587
15337: 14806,56,55,54,12908,13632
15338: 12188,12742,12789,12530,15399,11641
15339: 11627,11628,15759,11703,11668,11669
15340: 14890,15462,246,245,297,296
15341: 13059,12449,829,12678,830,15179
15342: 16983,18045,12723,16052,11878,17300
15343: 11078,11079,15804,13031,13125,11148
15344: 12029,13630,17894,16178,14121,14706
15345: 375,317,316,263,374
15346: 13883,18055,17978,17111,17063
15347: 8716,8610,8820,8819,8715,8609
15348: 13113,18538,17102,12164,48,83
15349: 18418,18456,18402
15350: 13213,6732,11976,12854,13255,6506
15351: 18045,12723,17011,11962,10528
15352: 15229,18585,12312,11924,13242,11839
15353: 17464,12303,17140,13849,11785
15354: 11442,11548,11496,11498,11443,11497
15355: 2236,12260,13504,12524,2433,13803
15356: 17006,13366,12640,18573,12314
15357: 12115,12550,16762,12212,13193,11271
15358: 12286,12099,12235,1947,17477,1854
15359: 11813,11922,14180,14144,15030,12587
15360: 10358,16914,11935,16839,17380
15361: 12846,15435,13347,7294,18273,16941
15362: 14066,167,15164,168,124
15363: 13323,17744,11796,16649,16611,18487
15364: 12975,11953,16917,5370,12536,5484
15365: 8919,16511,8918,16634,12921,8814
15366: 14824,12892,13439,12126,17577
15367: 13069,12847,17993,17940,13660,18513,14816
15368: 17203,18577,14947,16488,18228,16463
15369: 17016,14767,13371,13434,17341,16982
15370: 13345,17837,17635,16676,14935,18200,12398
15371: 14986,16876,16622,13285,16360,17419,12001,43
15372: 15848,17128,13634,11923,16579,11808
15373: 17814,13188,12058,12104,12991,14565,10772
15374: 14089,12491,5254,18568,5140,12140
15375: 18438,16900,16526,18173
15376: 14730,17162,13831,13455,16378,16508
15377: 14167,15436,13529,14478,12541,18294
15378: 18496,17117,15392,16864,15914
15379: 16943,17715,18525,16108
15380: 15390,17243,13292,12211,2335
15381: 17001,12326,1490,18158,13520
15382: 12345,17381,13611,14717,17322,16760
15383: 15715,12847,14269,13463,17993,12429
15384: 10522,14749,15736,10523,10524,10608
15385: 7296,15745,7297,16126,7184,7071
15386: 13077,14524,18264,18010,12106,13802
15387: 17376,14003,17038,18586,12072
15388: 15651,16955,14335,17722,19,20
15389: 13253,17458,15078,15114,13702
15390: 13627,12187,12070,15380,2044,17243,13292
15391: 12752,10182,10272,13678,12160
15392: 17117,15378,18342,16942,16679,15914
15393: 12667,11864,17405,13339,13402,15809
15394: 12593,14231,14303,17056,11940
15395: 16908,18587
15396: 12048,17035,12862,14896,15332,13648
15397: 16200,12071,11948,14025,17193
15398: 17566,16957,12007,12692,15847,15442
15399: 12530,11680,11640,16304,12188,15338
15400: 13122,12777,12932,13724,12114,15188
15401: 16797,16530,14818,17285,12338,17271
15402: 18455,16479,17084,18003,18024,15028
15403: 15336,17070,13814,11907,13770,7181
15404: 14916,8608,8715,8609,16432,8502
15405: 13799,11887,16264,16115,16965,14856
15406: 12146,12202,17169,12255,13049,12728
15407: 16960,14020,17183,17214,18593,12880
15408: 1857,13135,17352,1951,12953,13155
15409: 15555,114,13988,13689,14016,13739
15410: 13953,17533,18245,7958,13083
15411: 12406,17707,17711,13739,17143,13988
15412: 12823,15822,11938,12586,15102,18168
15413: 17296,14716,12718,15525,12454,11505,17676
15414: 14811,13149,12947,12241,16016
15415: 15522,14415,11004,10930,12238,10929
15416: 17313,13305,14821,18191,17212,13887
15417: 13307,12420,16712,18580,16195,12346,14168
15418: 15743,12773,12946,1230,12515,16810,12368
15419: 12402,15645,13465,4243,12805
15420: 18588,18482,16890,12877,14763,14774
15421: 12458,16413,16559,17852,15838,15741
15422: 16902,18490,18506,16947,14542,17544
15423: 16901,17040,18588,16954
15424: 14315,15161,13232,12958,11823,13984
15425: 370,430,14351,371,16576,431
15426: 14785,16309,11815,11808,11923,16846
15427: 16750,16780,15292,18426,4466,12308
15428: 16581,13540,16472,16985,17782
15429: 16381,18532
15430: 13063,8815,13429,12649,11893,12487
15431: 13368,12415,17438,15243,17152
15432: 16970,11889,15288,3156,14702
15433: 11998,14164,11913,12014,18140,11831
15434: 12612,13223,13715,15496,13161,9425
15435: 15361,13347,12347,16980,18394,16941,18509
15436: 14167,13529,13991,15377,12625,686
15437: 15530,12534,11930,12060,14045,15581,17017
15438: 15195,17648,17412,13968,12631,14526
15439: 13891,17546,18516,12695,18253,17081
15440: 13050,12343,13025,551,14887,14245
15441: 16263,13549,13451,13505,14784,12396
15442: 12357,17547,15847,17114,15398,17566
15443: 13772,12766,12116,18412,13009,14073
15444: 15229,10928,15118,12312,16975,18458
15445: 12624,11757,13716,17097,12498,16414
15446: 17389,16872,14005,13263,12584,13781
15447: 16026,14005,11993,14150,17389,13511
15448: 190,191,239,15866,192,240
15449: 17239,14920,17443,18281,15479
15450: 14941,2839,13171,12108,12121,13096
15451: 12304,14486,6390,18596,18437,16833
15452: 13822,12398,18500,18566,13478,16562
15453: 15496,12272,15483,17155,13161,13535
15454: 15613,12070,13181,16250,1855,12978
15455: 15047,17209,12540,17301,14720,16918
15456: 14437,15685,11952,16938,3583,14018,17762
15457: 15820,11697,11698,15567,11662,17417
15458: 9999,9906,14074,15210,12776,12747,12160
15459: 10181,14183,13147,13425,15678,15676
15460: 14614,17800,16968,16256,16793,18518,16993
15461: 17193,9124,17258,16954,12606,16890
15462: 14890,197,15340,196,245,12533
15463: 6957,14769,16592,18526,17069
15464: 13456,14668,14081,12386,15826,13978
15465: 546,482,12447,12528,12857,15095
15466: 12154,17421,2535,13205,18100,12249
15467: 15034,13758,17792,16891,15717,12638
15468: 1948,12741,12797,14878,12816,15675,13040
15469: 14828,12863,17099,12323,17038,16657
15470: 12934,7069,12804,13192,14791,12054
15471: 12411,17088,16615,12640,17166,14827,18279
15472: 12390,12785,16991,13595,12423,11845
15473: 11909,16639,13617,17761,18446,16457
15474: 537,536,602,603,14249,13022
15475: 7739,13327,14676,16046,12434
15476: 11215,11149,11216,13125,11278,11148
15477: 13467,11397,15894,18600,14802,18512
15478: 15159,17390,17201,16848,16641,11941
15479: 13496,17312,12554,11771,17443,15449
15480: 13994,17293,15579,15101,13595,12564,11845
15481: 12382,15207,15104,12331,15626
15482: 9713,9712,15281,15658,9616,9617
15483: 13161,15453,16518,13109,13535,15578
15484: 11900,15119,5938,6051,14915,12822
15485: 13659,12519,17230,17142,14591,13270
15486: 15542,15854,17475,549,13916,16675
15487: 17001,17413,1490,13707,15162
15488: 17478,17549,11747,18472,17041,12955
15489: 12988,14152,14237,12928,10926,15226,11927
15490: 17281,14003,17940,14085,13660,12576
15491: 10183,12251,10359,10272,13473,12609
15492: 13752,13499,13601,12483,18197
15493: 11832,14601,10774,12311,12834
15494: 15680,17701,17346,17087,11,15750
15495: 331,275,277,15695,225,276
15496: 13800,17155,13161,15453,9425,15434
15497: 11813,15256,14180,15735,12652,7405,7068
15498: 17581,17620,14380,13832,16617,16697
15499: 11925,14395,12775,16033,11681,11865
15500: 317,15134,318,376,264,319
15501: 11755,12182,16725,11753,13138,12227
15502: 12880,17101,18595,17086,16445,16960
15503: 18492,16719,17328,12264,14449,18190
15504: 17150,14023,16051,18381,8815,16621
15505: 11563,15771,16096,11564,11515,11514
15506: 15520,17026,17450,17951,17007
15507: 16359,12298,3910,4019,15287,14597
15508: 11752,11729,16578,11751,13626,18037
15509: 17012,12052,14735,13969,8068
15510: 4575,12739,12949,4800,4689,4576,4688
15511: 15074,4918,5031,4919,5032
15512: 5932,5933,14971,5705,5818,5819
15513: 12811,11777,201,13639,12030,12729
15514: 17632,15793,15518,13729,14116,17252
15515: 6959,6958,15775,7184,7071,14686
15516: 16186,17138,18089,16788,17935
15517: 13746,15247,15605,11819,13932,12615
15518: 15793,14122,16382,16396,17632,15514
15519: 677,15796,608,609,678,749
15520: 1763,15506,16112,18539,18559,17007
15521: 11851,14663,11396,12851,13294,17928
15522: 14415,12190,15415,10853,12042,10929
15523: 12915,11212,12075,18225,12963,11144
15524: 18229,14126,13551,14041,16770,17406
15525: 13510,14917,11983,11505,18246,15413,12718
15526: 16548,16992,16895,14775,12403
15527: 16665,18560,17533,7958,14913
15528: 16808,13714,16993,17223,12538,16591
15529: 17511,14095,12168,13123,15929,14099,14136
15530: 15437,14045,13422,13854,13304,11804,17017
15531: 12423,13440,12337,13779,13488
15532: 13055,12045,13228,15698,11718
15533: 12749,13291,11682,17473,17898,15590
15534: 13861,12833,15264,11884,986,17351
15535: 3054,15819,13986,15824,3160,3161,18013
15536: 17198,17204,17504,15130,13870,18164
15537: 14061,13250,13035,11600,13827
15538: 16889,12852,16249,18092,12069,16408
15539: 16681,16698,17149,14088,17075,15589
15540: 57,15035,58,13875,13190,29
15541: 12835,12396,13549,15286,13600,15293
15542: 15486,13602,549,16496,13916,13338,14019
15543: 173,128,15954,87,172,127
15544: 14336,12995,14034,13062,13051,12113
15545: 14752,12555,16702,15850,14188,17186
15546: 14169,12584,16236,13781,12011,15096
15547: 12956,17064,17066
15548: 13423,11879,15809,14672,17917,13967
15549: 17534,14057,16164,12733,910,16722
15550: 7628,17153,14703,16291,13327,18176
15551: 14729,17449,15247,12615,14063,12740
15552: 11959,12942,12630,14347,17106
15553: 14823,2140,17213,14174,1949,17295
15554: 14810,14888,12487,18381,13429,13521
15555: 114,11919,15409,14119,13739,12620
15556: 11756,13138,12227,14117,14363
15557: 14339,12436,14040,12900,17288,15637
15558: 15574,17227,14210,16892,14046,13090
15559: 12079,17947,16433,12601,16959,15001
15560: 12133,14158,17439,17395,16176,12102
15561: 14136,17329,16737,15564,17511,15185,17310
15562: 12199,8816,14155,15643,17021,18478,12932
15563: 12869,16979,18445,17399,14036
15564: 15561,17329,12654,15185,16837,17304
15565: 13923,17363,14985,2335,13555,16114
15566: 14165,11810,11804,15581,17109,17017
15567: 11697,15457,11660,11696,11695,17417
15568: 9429,9330,9331,9526,9430,9428
15569: 9719,15797,9623,15147,9527,9624
15570: 15015,16265,16418,16137,18449,16462
15571: 10610,10611,12003,10526,13197,10441,17830
15572: 13165,12324,15665,13575,12917,13378
15573: 14753,12380,13509,17377,13969,15199,8068
15574: 15558,17227,12881,17253,14046,17926
15575: 12055,14717,17322,14661,15608,16655,17287
15576: 839,764,691,765,15290,840
15577: 15768,9018,9019,8915,14958,8916
15578: 13535,13154,13122,8920,13109,15483
15579: 12489,13924,15101,15480,12337,11845
15580: 9522,9715,9619,13685,13965,13801
15581: 14165,12022,15566,17017,15437,12534
15582: 24,23,13037,12619,25
15583: 17082,12270,2238,2141,2336,15673
15584: 12333,14716,17023,12718,14663,13392
15585: 18330,16770,12691,14126,17330,15656
15586: 14722,15638,11774,12547,16743,12440
15587: 14635,14726,16023,375,318,436
15588: 12085,14077,13628,12170,17851,12421
15589: 17643,17883,15539,17149,17125
15590: 15187,15686,14641,12749,15533,17898,17089
15591: 12208,14161,16987,17034,17414
15592: 11723,11694,15890,11724,14302,16693
15593: 12193,12510,12206,13029,15931,10531
15594: 12798,12736,11896,14552,12767,16248
15595: 1951,1856,12953,2045,13871,1950
15596: 13026,13620,4580,13173,4468,4693
15597: 11818,13224,15182,12155,7518,14657
15598: 13427,13740,14613,13558,15152,12856
15599: 11782,16739,17347,12768,14012,13669
15600: 14732,16140,17267,13444
15601: 4690,5028,4803,11821,12713,12327
15602: 3363,3471,3470,3364,3257,16485
15603: 11915,14382,11553,12954,13487,12240
15604: 13706,2432,2532,13394,13649
15605: 15247,15517,11819,12049,15131,13747
15606: 1236,16272,1321,1322,17164,15196,1237
15607: 13902,14523,12144,12859,12897
15608: 14661,14054,17874,18108,12055,15575
15609: 33,63,13878,13212,62,32
15610: 15123,15258,18002,11869,15731,11740
15611: 11863,14133,11925,16033,18028,12604
15612: 493,15773,429,559,492
15613: 15454,13627,12070,15754,16250,13514
15614: 12799,14166,18155,15235,12683,18388
15615: 12393,12672,17383,17914,15311,13818
15616: 15644,17210,17157,17539,2636,17141
15617: 13033,11775,15317,17120,16689
15618: 12169,4242,13713,4131,13956,4020
15619: 17166,16885,15780,14943,17975,12411
15620: 16369,12989,11453,16267,13812,11852,17181
15621: 18247,18172,18511,17498,15668
15622: 7629,12904,12806,16661,7849,15270
15623: 17842,11616,17255,15870,11656,11655,15932
15624: 15011,15634,17957,17848,13439,11881
15625: 15905,12220,3050,13550,14946,3051
15626: 16266,12331,15481,18411,14642,11846
15627: 15748,14137,11272,11204,11136,11205
15628: 13702,14432,4354,12805,12701
15629: 17267,18515,18096,14068
15630: 17509,13043,17518,17168,14639,17172
15631: 16884,8066,8067,7957,13080,12421
15632: 11072,12815,14375,15944,14145,12755
15633: 13702,12805,15078,13962,13465
15634: 12672,17957,17383,16871,15624,11881,13705
15635: 693,767,766,15290,841,842
15636: 14300,12257,836,14120,760,12261
15637: 11397,12495,13586,18600,14339,14040,15557,12360
15638: 15586,11774,17443,13496,13824,12547,18241
15639: 11967,13872,13413,12673,15650,13868
15640: 28,16161,12246,15065,14817,5
15641: 14192,1398,1397,1311,15828
15642: 15646,1402,11956,13977,18018,13940,15738
15643: 15722,14143,17021,12932,13724,15562
15644: 14204,15616,17210,2738,17709
15645: 12402,14513,13465,17182,13726,15419
15646: 14100,15642,1402,11956,15792,15085
15647: 207,15856,13477,16061,14076,17685
15648: 13290,11998,11827,14164,12026,5255
15649: 13697,13957,14035,17426,12793,14097
15650: 15639,12673,1580,13868,11816,14474
15651: 14109,15388,16955,13891,18516,14335
15652: 1859,15906,14172,14193,16188,1953
15653: 14575,11,16099,17360,14359,14489
15654: 13743,12394,15148,13285,15942
15655: 18403,14675,13443,16847,16271,14776
15656: 17330,17254,14126,15714,15585
15657: 1319,1234,1235,16660,1320,14291
15658: 9519,9616,15482,9520,18377,9617
15659: 10612,14369,12753,12485,18144
15660: 688,12531,11798,14322,14017,12707
15661: 15230,11744,13082,11746,13023,12719
15662: 13158,13697,13957,12019,12433,13544
15663: 12405,13857,12093,12098,14160
15664: 14853,12236,13351,12209,12497,13773
15665: 13165,12324,15572,11818,17446,15182
15666: 14364,15321,14041,2840,12947,16016
15667: 13515,15829,11945,11890,13569,15766
15668: 17498,15180,11717,18090,15621,18511
15669: 4026,4025,4136,4246,4137,4247
15670: 13343,12090,13308,16444,18470,14730
15671: 14923,409,352,410,14530,470
15672: 11961,13257,13085,14434,16048
15673: 13629,15855,12275,15583,2141,2336
15674: 17188,17422,11926,9810,17961
15675: 2042,2138,12816,15468,16355,13040
15676: 15678,12444,13515,15766,10181,15459
15677: 15969,13668,17285,15764,12315,13421
15678: 11822,12323,13425,12444,15676,15459
15679: 13064,18049,12884,14037,14378,18473
15680: 15115,17392,15494,17087
15681: 11822,13599,12444,14895,17764,12432,13687
15682: 10437,10351,15736,15835,10523,10438
15683: 13645,15158,13545,14092,8,15236,17119
15684: 17776,13806,13943,15813,12912,12971
15685: 11952,15456,13921,13132,3583
15686: 15590,15245,16241,15187,12749
15687: 2533,13699,2434,13394,13219,2433
15688: 13416,16226,18457,16847,11934,13494,14776
15689: 13683,834,11802,14680,17261,16501
15690: 12198,12585,17437,11977,12952,14246,8606
15691: 17014,13482,1316,16172,14100,12858
15692: 13267,12354,17073,13331,13346,16528,17054
15693: 3690,12853,3800,16185,3582,13020
15694: 14463,13218,18130,14023,16051,13708
15695: 277,15495,225,16009,226,278
15696: 16572,14376,8288,16432,8395,8394,8608
15697: 12185,13640,5145,5258,5372,5259
15698: 13228,11689,12082,13055,11688,15532
15699: 12203,18225,11003,11075,15183,12963,13614
15700: 11735,16336,13275,13074,12660
15701: 13055,13054,11651,11688,18218
15702: 12156,17615,11718,12105,14456,13042
15703: 11704,14363,11732,11733,11734
15704: 14121,13424,17910,14313,16849,14232
15705: 12975,14179,11833,11908,11953,5597,17589
15706: 11958,15157,13794,12695,16569,12088
15707: 27,5,13632,56,13190,13875
15708: 74,11931,73,12021,72
15709: 14865,11864,11645,16279,14700,13339
15710: 9716,9811,14070,12067,14849,14358
15711: 15724,15753,12760,11274,11849
15712: 14682,11764,16607,16754,15192,18292,13461
15713: 111,152,12779,12570,12364,15879
15714: 18229,14126,16703,18040,15656
15715: 15383,14269,14568,12429,15889
15716: 12106,14345,16791,13077,13565
15717: 12559,18020,15034,15467,12623,15852,12638
15718: 13748,16796,12029,12778,16468,18522
15719: 12918,15929,14099,14524,15770,12050
15720: 14013,12015,13245,15726,16648,18317
15721: 13451,16092,17022,15190,17073,17054
15722: 17171,13831,15643,8605,14143,13724
15723: 615,684,12705,16575,14299,12468
15724: 12351,15753,13635,15711,12760,13320
15725: 9713,9808,14414,16455,9807,14112
15726: 13481,14013,14031,15720,18317,14176,12294
15727: 12362,3158,15788,3157,14362,3264
15728: 17380,17099,18586,11935,18533
15729: 12100,13106,11455,12478,13815
15730: 13236,15266,12224,16333,17260
15731: 15786,16686,11739,11869,15610,11740
15732: 16695,17298,17708,14715,13410,12830
15733: 12159,12751,3474,12134,13162,3475
15734: 17067,12343,16011,12540,16918,17732
15735: 15256,15497,12996,15882,7405,12229
15736: 10437,15682,10436,10523,10522,15384
15737: 13256,13130,12459,11910,11558,13914
15738: 12435,13940,15642,13977,13746,17400
15739: 13523,16069,14840,14965,13597,11860
15740: 13933,12417,17027,13711,18251,11999,15165
15741: 16603,13585,17852,15838,15024,15421
15742: 14157,13998,13855,10612,12753,13148
15743: 12773,15418,16306,12368,12774
15744: 10089,16856,13938,11885,16280,13530
15745: 15385,7297,7184,7072,7409,7185
15746: 15816,17899,17152,16844,11745
15747: 5706,5707,5820,5934,13131,5821,13252
15748: 11334,14262,14137,15627,11270,11204
15749: 13692,11892,16717,14082,18270,16641,16848
15750: 15781,14305,11,15494,17701
15751: 14330,18393,12536,5256,5370,12714
15752: 13160,17277,13159,17550
15753: 15724,15711,14924,11849,17354,13320
15754: 15613,13627,16435,13514,2043,2139
15755: 18084,14084,13899,13756,3262,15289
15756: 12125,12999,16728,12091,13196,17337
15757: 15765,13379,11719,17410,14856
15758: 12952,12735,8606,8817,8921,8712
15759: 11627,11667,15339,16097,11703,18139
15760: 12405,14579,16305,14196,13857
15761: 14742,16270,17250,11974,13647,12302
15762: 13102,8711,13778,14387,14326,18468
15763: 13196,14901,13169,11750,11749,11748
15764: 14312,13336,17382,13668,15677,12315
15765: 12130,12945,11719,15757,18209
15766: 14870,13569,13515,15667,15676,10181
15767: 11670,11629,11669,11668,13867,13848
15768: 9121,9018,9120,9019,15577
15769: 10533,13012,12821,10532,17049,16385
15770: 12050,13524,13543,16204,12918,15719
15771: 11563,11608,15505,11564,11609
15772: 18099,15086,15860,17308
15773: 15612,429,368,428,492,369
15774: 18557,13207,12707,12135,619,15867
15775: 6959,15515,6958,6846,6847,17873
15776: 11008,10935,11079,15804,11009,10936
15777: 13760,17005,14044,18480,11992,17154
15778: 12090,16633,14441,12826,13287,15815
15779: 2837,2734,16289,15212,2735
15780: 14508,13409,14943,17975,15619
15781: 15750,14305,14095,12168,15782,17360
15782: 15781,12168,17360,14359,17890,13123
15783: 4807,14048,4919,4806,4918
15784: 14038,12549,18214,13735,18175,17008
15785: 11821,5141,16348,12713,12966,17723
15786: 16686,12788,15731,13931,11995,11740
15787: 13036,11816,13167,1491,1403
15788: 12362,15727,11928,3051,15905,14362
15789: 14276,12102,12133,13269,14974,17309
15790: 13752,13499,14969,12386,12518
15791: 15895,1147,11884,12515,18400
15792: 16172,16031,15085,13822,15646,14100
15793: 15518,14122,15816,16844,13729,15514
15794: 15287,4129,4018,4128,16664,4019
15795: 4357,4469,4581,13026,13620,14727
15796: 677,822,15519,748,749
15797: 9719,9624,9814,9720,15569,14934
15798: 15920,16812,16307,14911,17335,16393
15799: 11927,13894,12600,16822,14152
15800: 70,69,104,14411,106
15801: 11924,13242,16873,13328,16973,15305
15802: 13525,15812,16123,12500,12968,13255
15803: 14142,12930,17424,14082,12740,11892,17449
15804: 15776,15343,11079,11009,11080,11148
15805: 3805,12872,3915,3913,16486,3914
15806: 18248,12778,17901,15872,14241
15807: 14103,11754,16235,18037,18345,11752,12504
15808: 255,11784,18521,13877,16821,14764,18396,12295
15809: 13402,11879,15548,15393,17405,14672,11684
15810: 13484,13244,16894,12010,12489,13924
15811: 12595,18113,11395,12611,11335,13288
15812: 6845,13525,15802,13213,13255
15813: 13157,16415,9326,15684,13806,12971
15814: 8604,14264,13657,12119,11838,16048
15815: 12826,17012,13989,17754,16633,15778
15816: 16347,15793,14009,14122,15746,16844
15817: 21,22,16910,51,13078,12231
15818: 13948,7959,7850,14468,12283,12962
15819: 3159,13986,15535,3160,15296
15820: 11728,11727,11697,11698,15457
15821: 17777,763,839,764,16636,838
15822: 361,12823,15412,362,15102,306
15823: 7293,13206,7406,12976,13733,13579
15824: 3054,15535,2949,2845,18013
15825: 7847,7736,7846,7625,14154,7737
15826: 254,17484,17727,14668,15464,13978
15827: 11788,17068,18357,12582,14151,13970
15828: 1397,1311,16716,14790,1396,15641
15829: 13515,10090,11945,13687,17531,15667
15830: 13200,117,16022,118,13918,162
15831: 15138,13476,17890,13123,14777
15832: 17307,12631,15176,14014,15079,16726
15833: 14272,17390,16407,2140,16356
15834: 13065,14425,14381,18443,16706
15835: 15682,10351,10263,10352,10264,10438
15836: 11392,11268,11331,12213,11332,11269
15837: 17364,15844
15838: 15136,13585,15741,16390,12458,15421
15839: 17066,14409,17423,16924,12956,14410
15840: 17393,15884
15841: 350,17130,244,16380,296
15842: 12873,14054,18108,12684,17398,15003
15843: 12474,14125,17104,12980,14522,14401
15844: 16002,17418,14398,15837,17364
15845: 17549,17371,12955,17622,16035,14430
15846: 13462,12895,10927,16446,13751,11002,12471
15847: 17547,13422,15442,13854,15398,12692,13573
15848: 13634,17505,11923,15372,17512,16994
15849: 8714,8819,8818,8923,8922,8924
15850: 17342,14188,13894,17186,15545
15851: 2632,13706,13999,2532,2734
15852: 12192,18183,12638,13092,18020,15717
15853: 11929,11790,12736,17036,421,13163
15854: 15486,16772,17475,549,12656,18327
15855: 13629,12277,12275,16171,15673
15856: 15647,207,13664,14768,13477,17425
15857: 3044,16605,17010,2939,2940,16948
15858: 14075,12856,16938,18092,13427
15859: 17075,17435,17125,17879
15860: 12239,17308,17415,15772,16563
15861: 11872,13780,12402,4243,13642
15862: 12572,12162,11912,13574,11964,13655
15863: 15865,17900,17757,13239,16879
15864: 16276,12414,14184,13820,13670,18512
15865: 18352,17757,15863,16879,13293,13217
15866: 148,192,147,15448,191
15867: 14017,15774,13207,12707,12197,14120
15868: 16035,18558,15155,16166,14462,16986
15869: 12628,4132,17745,12169,13713,12009
15870: 11614,15623,17255,11654,11613,11655
15871: 13054,12166,11651,13013,14285,11650,12263
15872: 16376,16577,17901,15806,14241,14797
15873: 18049,12884,14477,14907,17969,13577
15874: 13522,12511,15199,8068,12052,14222
15875: 12548,7520,13045,7519,7630,15880
15876: 14936,5142,13290,17029,13503,12359
15877: 13844,12868,11961,13089,12085,13628
15878: 11801,13005,12013,757,14263
15879: 112,12364,154,12570,15713,14419
15880: 7409,7410,7298,7519,7520,15875
15881: 14664,14265,13034,11741,12031,14295
15882: 13206,7405,12560,12229,15735
15883: 14340,758,16025,15990,12297,13959
15884: 17430,13199,17440,15840,17393
15885: 13225,9715,13685,12167,14227
15886: 14266,14186,13753,11735,13396,13275
15887: 11933,1232,14919,13723,13312,17221
15888: 14287,17970,12985,12032,13497,14467
15889: 10613,12913,12429,12017,15715,14568
15890: 11694,15592,16693,11658,16397,11657
15891: 14813,17499,17633
15892: 10268,12704,13983,10269,12450
15893: 16409,18142,17747,14701,10270,16344
15894: 13467,12495,17093,15477,15087,18600,17912
15895: 15791,15264,11884,1230,12515
15896: 13548,12450,14388,10180,15912,14098
15897: 17210,17709,14439,14284,17901
15898: 532,468,469,408,16343,533
15899: 13240,13231,17451,16214,18308
15900: 17323,12995,16468,17113,14034,2841
15901: 17463,17613,18475,15935,18544,13248
15902: 14494,18364,18361,16744
15903: 330,275,15046,274,329,15217
15904: 2435,17082,14671,14323,13239,16879
15905: 14362,12220,15625,12144,3051,15788
15906: 1859,1766,15652,16188,1954
15907: 14485,16631,18431,18479,13231,18308
15908: 15925,17849,17469,17556
15909: 12320,18239,16120,17628,16148,17844,14598
15910: 17513,18035,16533
15911: 11612,16589,11653,13767,11652,11690
15912: 13864,10180,15896,14006,14098,12679
15913: 1579,16186,13289,17682,14581,17590
15914: 16417,16864,14511,16777,15378,15392,16942
15915: 17748,14514,17607,8498,14832
15916: 17535,17717
15917: 990,913,912,14970,911,12622
15918: 14800,3474,12481,13053,3367,12751
15919: 16258,6050,13061,12472,12682,13895
15920: 13159,16307,17550,17916,15798,17335
15921: 13268,17721,15987,17560,17485
15922: 14449,17846,14900,13577,14477,12264
15923: 15963,17500,17688,16476
15924: 14529,17749,17801
15925: 15908,17486,17469
15926: 12869,17750,17524,13564,17906,17133
15927: 14542,15154,17470,16441,13318,17544
15928: 13457,16093,17526,17796,17739
15929: 13123,14099,14524,15719,14777,15529
15930: 1859,1766,13869,16471,1674
15931: 12206,15593,10614,17394,10531,13121
15932: 14239,11656,13430,11655,15623
15933: 11147,11146,13031,13997,12453,12690
15934: 14832,12688,16816,18116,17795
15935: 16119,18137,16086,14515,15901,18475
15936: 17501,17586,16082,18011
15937: 12321,18226,15992,17844,18283
15938: 16014,17476,13356,18080,14547,14899
15939: 16696,17487,18289,14558,17607
15940: 16041,17636,17508,14571,17765
15941: 12301,17716,17488,18319,18416,17617
15942: 12001,18483,15654,13743,13285
15943: 18018,1579,11956,17084,16659,17682
15944: 14375,15632,12008,12148,14145,10925
15945: 12810,16224,16338,15970,12041,13949
15946: 17246,125,14030,15007,126,86
15947: 17692,17564,11742,15951
15948: 17135,17608,14436,16149
15949: 13243,17203,16431,76,17707,14947
15950: 13345,16424,18110,17635,17824,14527
15951: 17514,15947,17583,14531,18117
15952: 14984,18109,17937,13707,16626,15162
15953: 17513,17551,13322,18021,16666,14569
15954: 173,174,129,128,14482,15543
15955: 12455,11554,13487,12186,12716,12240
15956: 17502,14519,12335,18326,17809
15957: 17552,17714,12358
15958: 16259,13301,12365,18355,14586,17621
15959: 17771,17930,14799,17536
15960: 16135,17388,16110,17411,11861,12596
15961: 1066,16473,17543,13618,17515,15004
15962: 18213,16103,18171,17783,14743,18290
15963: 15923,17677,17688,17472
15964: 17855,13333,15195,17648,17770
15965: 13417,16212,12378,18374,14660,17557
15966: 14967,17503,17942
15967: 16260,17788,13319,17766
15968: 17751,18054,16329,14618,12356,18012
15969: 16797,17285,15677,11858,13421
15970: 10089,16338,13938,15945,13949,17316
15971: 18142,17620,17747,12309,14490,17483
15972: 14772,13321,13877,16821,17516,14502
15973: 16116,17517,14921,18087
15974: 17537,12309,15975,17494
15975: 15974,17494,17553
15976: 18258,14938,17713
15977: 18574,16705,17567,13360,18255,12408
15978: 13916,12819,16675,17471,16733,14831
15979: 16107,14448,16859,12970,17643,17883,18597
15980: 13241,14666,18494,13397,16482,14556
15981: 17396,12712,13008,14607,14071
15982: 13276,17613,17752,14592,16522,18285
15983: 12345,12055,13830,17322,12078,11922
15984: 17522,17631,16087,17734,18268
15985: 17481,13846,14447,11967,11891,12673
15986: 14733,17510,17318,14701,16409,17627
15987: 15921,17721,17941,17560,18401,14872
15988: 17538,16290
15989: 17576,16898,17796,14528,17786,14615
15990: 15883,12297,13688,13959,14830,17373
15991: 14546,13654,18288,18,12318,17784
15992: 12320,17844,12819,16003,15937,18283
15993: 16017,17974,17832,16980,17568
15994: 11647,16746,12702,12883,14171,13926
15995: 10612,14369,13148,11987,18162,13237
15996: 17664,13403,17594
15997: 17785,17892
15998: 13395,14643,18029,16102,17753
15999: 13622,18351,17797,11001,17799,17925
16000: 2742,2846,14072,14314,2949,2845
16001: 18049,14378,17969,13598,11755
16002: 15844,17418,17539,17141
16003: 14509,14942,12819,17471,15992,12320,16120
16004: 17540,17584,18076,16358,17994
16005: 17569,17808,14602
16006: 17597,18263
16007: 17509,17518,17476,18106
16008: 14205,77,13068,17190,12770,11767
16009: 178,226,227,177,225,15695
16010: 16469,17729,16076
16011: 16842,14108,12343,15734,13885,12540
16012: 13791,17262,12559,12623,13715,9425
16013: 17554,15014,18196
16014: 17476,15938,18080,17570
16015: 13400,14608,16587,18464,14620,17659,13665
16016: 14811,15414,12947,2737,15666,2840
16017: 15993,13412,11826,17974,17832
16018: 17598,14537,16084
16019: 12418,14613,14951,16482,13352
16020: 16519,18334,17571,13625,16325,18316
16021: 16134,17798,17610,14651,17563,16079
16022: 15830,12117,13200,161,162
16023: 14635,499,15587,436,16969
16024: 17675,16103,18171,13277,17588,12361
16025: 12625,15883,14340,758,13306,686
16026: 14005,12505,11993,15447,13905,13445
16027: 11999,15165,14273,11872,17237
16028: 17769,17572
16029: 18174,14501,14659,17714,17863,13273
16030: 13315,17989,17847,14517,17013
16031: 13730,15792,13324,15085,13822,16624,16659
16032: 18170,13326,18341,11797,17809
16033: 13961,11681,11925,15499,15611,18028
16034: 17855,17094,11797,13326,15304,16765
16035: 17622,13208,15868,15845,14462,17549
16036: 13284,13362,15268,14528,16569,14594
16037: 16377,14546,17452,14850,18391
16038: 16684,11454,18319,18416,15144,18508
16039: 18079,16996,16211,17797,17799,17562
16040: 13332,16189,18581,12341,17555
16041: 15940,17569,17765
16042: 388,331,389,277,16771,332
16043: 12786,17657,10930,12238,10931,16630
16044: 18066,14996,12338,14699,11856,16530
16045: 16260,17788,17609,12350
16046: 15475,12743,13327,14676,14087,7628
16047: 17652,17599,12443
16048: 11838,13085,13257,12119,15814,15672
16049: 18093,12466,14606,13996,16900
16050: 12413,16184,16556,12517,17194,11648
16051: 13063,14023,15504,8815,13708,15694
16052: 13738,11834,11878,14011,16983,15342
16053: 14498,18151,16269,11811,17465,11874
16054: 18170,4022,18341,16776,16060,14570,17224
16055: 17606,17800,308,17849,17556
16056: 14068,18309,16961,18224,18237,15116
16057: 16811,17573,17740
16058: 17588,17600,17527
16059: 16456,14693,17649,13470,16546
16060: 16776,18350,16154,18364,14570,16054
16061: 14834,205,14076,16648,15647,207,15309
16062: 12306,17833,17605,16216,14491
16063: 14902,17591,17897,13584,550
16064: 12352,18213,17319,16318,14653,13266
16065: 9807,14112,9806,9900,9994,9901
16066: 17964,16916,14201,6390,16833
16067: 17592,14740,13441
16068: 14654,18185,17405,14681,13339,11684
16069: 11603,13523,15739,13539,16667,13597
16070: 12693,13825,12629,13297,14484,16780
16071: 14813,16182,17922,17938,17499
16072: 16191,18430,17719,18166,17865
16073: 14437,15152,11952,3802,16553,3692
16074: 1489,14304,12878,13995,14539,12328
16075: 18534,18072,16560,16394,14493
16076: 16010,16469,17729,13698,13367,14562
16077: 16084,14660,17557,17733,14574
16078: 16478,14930,17999,16335,12290,11917
16079: 16021,17610,14633,17563
16080: 18047,17767,17892,13404
16081: 17574,17624,13492,17826,17686
16082: 15936,17586,17650,18011,14693,17649
16083: 17593,14534,12321,18226,18413
16084: 14537,16077,18370,14574,16018
16085: 14629,16557,18463,16101,17634,17623
16086: 16893,15935,14515,18544,7294
16087: 16154,15984,14570,17811,17734
16088: 16190,17637,17738,12512
16089: 16182,13381,16321,17019,17671
16090: 18047,13404,14669,18599,17853,16732
16091: 17716,17488,14709,17638,17737
16092: 15721,14710,13451,16958,17022,18159
16093: 13457,17986,15928,17786,17796
16094: 18244,17624
16095: 12669,13016,13229,7848,12056,14968
16096: 11562,11563,12800,15505,11513,11514
16097: 15759,11667,11666,11701,11702,18139
16098: 18146,16242,17706,18250,17768,11759
16099: 14575,15653,18063,13406,17596,14489
16100: 14585,16349,15104,13526,18528,18232
16101: 17634,16109,14629,16085,16416,13280
16102: 18205,18029,14643,15998,12700,17629
16103: 12352,18213,16024,17675,15962,18171
16104: 17694,18502,17689
16105: 13240,17451,17639
16106: 14699,18132,17640,14996
16107: 18063,16859,15979,13406,18597
16108: 15379,16943,12463,17746,13992
16109: 12329,14518,16101,17634,18353
16110: 15960,17388,12596,12598,12514,13749
16111: 16213,13443,13722,17189,13847,16834
16112: 1763,15520,18559,17414,17034
16113: 18021,16666,13233,14839,76
16114: 17243,12260,12524,15565,2335,13555
16115: 13799,15405,14856,13379,14435,11868
16116: 15973,17517,17611,11602
16117: 14692,17958,12841,14114,13433,18157
16118: 17665,14589,16545,16160
16119: 12336,15935,18137,14515,12645,15184,17860
16120: 12320,15909,14598,18422,14509,16003
16121: 15157,13518,18215,13325,17695,16935
16122: 60,31,61,13764,13796,13842
16123: 6618,16286,12500,14495,13255,15802
16124: 12002,18502,12608,18058,16718,18519
16125: 13399,17641,18527,17609
16126: 7296,15385,7183,12959,12943,7071
16127: 18583,17735,16571,13763,18235,16514
16128: 17769,16319,17612,14560,17572,13260
16129: 13457,16311,17642,17813
16130: 14709,18019,17630,17085,16461
16131: 18069,18027,16422,15044,16794,16509
16132: 14639,18122,14240,17172,11743,18172
16133: 17651,17490,17730,11787,12407
16134: 18254,16021,13383,17798,14651
16135: 13612,17933,15960,12526,17388,11861
16136: 11769,16297,14761,16142,17717,18546
16137: 13483,11840,16418,11901,16265,15570
16138: 17759,14765,13401,14756,17736,17791
16139: 18291,14624,15073,16544,15285,16213
16140: 16426,14732,15600,13444,18332,14741
16141: 17759,17736,17652,12443,18486
16142: 18546,14604,16136,14761,18540
16143: 14623,16585,17051,13829,12430,1
16144: 14731,13283,13450,17821,17977,18077
16145: 12288,17746,18078,12463,18371
16146: 17803,12486,17653
16147: 7629,7630,7518,12806,16784,13045
16148: 15909,17628,14598,12341,13264,17555
16149: 17435,17879,17678,15948,14436
16150: 17952,13446,17923,17785,16157
16151: 17666,17833,17669,13541
16152: 13419,17737,14674,17887,17630,14709
16153: 17654,16715,11835,18424,18337,12349
16154: 18364,17522,18361,16087,14570,16060
16155: 16379,16498,17625,18102,16747,14796
16156: 17705,18070,17391,14644,14993,18127
16157: 17774,16150,17859,17923,17787
16158: 14911,9225,14774,16393,17206,14931
16159: 7182,16386,17959,16829,14769
16160: 16118,17679,16545
16161: 28,6,15640,12246,13694,13176
16162: 12341,14543,18598,16189,14773
16163: 16212,14831,12378,14812,11793,16649
16164: 13683,834,759,15029,17534,14057,15549
16165: 13562,13994,11843,11142,13174,12815
16166: 13145,17252,14462,16800,14135,15155,15868
16167: 18205,18029,14653,13266,16427
16168: 17801,18530,17646,17697
16169: 17664,17718
16170: 15263,17532,13984,13548,10180,11823
16171: 13629,12277,15855,13944,18114,13641
16172: 15792,13822,18500,1316,15691,14100
16173: 3911,13921,18249,13019,3802,3692
16174: 13873,13908,11833,11908,15008,12563
16175: 17502,14519,18450,18315,17770
16176: 17439,15560,17914,14453,13818,12102
16177: 16341,17881,17594,17703
16178: 14738,16695,14605,17894,15344,13374,14706
16179: 17704,18291,14624,16751,11814,17631
16180: 17696,17653,12680,14732,17663,12486
16181: 17751,18159,16329,6391,18186,14765
16182: 14813,17948,16071,17922,16089,13381
16183: 17966,18133,18071,14793,17812
16184: 13402,15283,12413,11879,16556,16050
16185: 11994,15693,12853,3910,3800,13979
16186: 15913,1579,17138,15516,14581,17935
16187: 13530,10270,13364,17992,18384,16344
16188: 15906,15652,1954,1953,2049,16495
16189: 16040,14773,18581,12341,16162
16190: 16088,17738,17519,13277
16191: 16072,18430,17909,17719,16656,10773
16192: 17854,17755,17680
16193: 34,12,13175,16791,33,13878
16194: 13980,13751,10928,14007,13567,15334
16195: 13454,15055,13661,12346,14168,15417
16196: 18124,16391,17965,17882,16561,14782
16197: 14649,18166,18242,17145,16550
16198: 16625,17771,16748,18161
16199: 14555,17517,17810,17817,14822
16200: 12071,17802,12476,15397,11948,16428
16201: 9018,9120,8914,16566,9017
16202: 1495,1496,1586,1585,1494,1406
16203: 13416,16226,13704,12310,16623,17852,15024
16204: 16503,16,15770,12050,16334,13524
16205: 13531,18115,17663,18332,17803,12486
16206: 16570,17412,18348,16387,18315,17648
16207: 13777,17790,17720,18201
16208: 18433,17203,12820,18577,17866,115
16209: 15006,17834,17880,18000,16547
16210: 17240,17949,14652,18042,13259,14611
16211: 17037,16996,18537,18362,16039
16212: 13417,15965,14697,16733,14831,12378,16163
16213: 15285,14675,16111,16139,14624,13722
16214: 17451,15899,18308,14486,16631,18313,17779
16215: 18435,13399,16925,18527,16874,18520
16216: 17605,16846,13241,17856,14785,16062
16217: 17984,11759,14815
16218: 12222,14427,14398,17908,13150,18571
16219: 13813,12732,17129,14104,14118,13908
16220: 12967,18393,5256,11973,11825,14957
16221: 14063,13747,17122,1669,1761,1762
16222: 14918,9620,16480,13528,14334,18409
16223: 13590,16312,17133,17976,17295,18444,14823
16224: 12810,15945,15140,9904,12041
16225: 16314,16541,14525,18110,18005,18257
16226: 13416,16203,15688,16847,17885,16623
16227: 18410,14860,17934,17959
16228: 14333,5593,5366,13108,5480,12493
16229: 627,493,559,560,628
16230: 13312,18461,13281,1148,13554
16231: 17804,17741,14704
16232: 10441,10356,10355,13139,17830,10354
16233: 15166,17805,17705,14644
16234: 15312,17004,13551,16787,13459,3155
16235: 11754,15807,12504,14117,13138
16236: 17195,14169,15546,11918,12584,17123
16237: 16310,17647,13311,11714,14819,13358
16238: 16852,13491,18408,17950,14688,11826,16274,18423
16239: 11779,17297,13384,14673,18359,18572
16240: 17966,17887,14948,17630,11338,17085
16241: 15245,15686,14689,11715,12749,16714
16242: 16098,14696,17706,18250,15054
16243: 18318,15121,17079,18255,17741
16244: 12775,12188,12427,12789,16567,11679
16245: 187,15250,14725,237,236,16912
16246: 18534,17721,17941,18591,16423
16247: 12890,11916,487,552,12173
16248: 482,421,12767,12528,12736,15594
16249: 16889,15538,16977,18092,18304
16250: 15613,15454,14343,13514,14403,12978
16251: 18014,18124,14903,17780,17965,13623
16252: 18022,17913,18094,16430,16350,16944
16253: 17116,15245,14689,14881,18234
16254: 18284,12376,11714,13358,16688
16255: 307,17684,17787,18321,17859
16256: 15460,17800,18547,18518
16257: 12838,3264,3371,12558,3158
16258: 12300,14225,15919,6050,13895
16259: 13301,17806,15958,12365,17525
16260: 16045,15967,17788
16261: 18439,13385,18134,18047,17767,14669
16262: 17978,14756,16337,17566,18055,12357
16263: 15441,15167,13549,13451,16958,13505
16264: 13799,17899,13840,11887,15405,13605
16265: 11901,15015,13786,14113,15570,16137
16266: 11211,12331,11982,15626,17931,11846
16267: 16276,11453,12414,13964,17181,11339,15620
16268: 3694,3912,14212,12842,3803,16331
16269: 14498,16053,16313,12367,987,11874
16270: 14742,14724,11770,15761,16301,17250
16271: 15027,16847,17885,14705,15655,18403,17867
16272: 1236,1151,14291,1321,1407,15606
16273: 10530,12510,13888,10445,12025,12017
16274: 13412,18423,16238,17950,14578,14622
16275: 14739,13438,13826,16372,16310
16276: 12414,14184,15864,16267,11339
16277: 11629,11630,11585,11584,16749,16830
16278: 14389,16459,13293,14751,13217,12208
16279: 18185,14700,14540,13339,16399,15709
16280: 17076,15744,13938,13530,17992
16281: 18335,14821,16371,18295,16949
16282: 17875,17976,18444,16924,14410
16283: 14846,17818,12012
16284: 11683,13420,16694,14356,17933
16285: 13274,10616,10696,10615,12874,13907
16286: 13370,16123,6618,12756,18310,14495
16287: 15331,10358,17888,16914,11828
16288: 10860,10937,10861,16437,11010,10936
16289: 2733,2836,2734,15212,15779,16948,16763
16290: 17538,14577,17658,17807,15988
16291: 15112,16392,15550,14703,18176
16292: 4916,17831,17867,15027
16293: 12329,14518,17896,17472,17819
16294: 16400,11794,18551,17897,18260
16295: 17820,18026,18006
16296: 17836,17835,12590,14912,18057
16297: 11769,14652,16136,14761,17953,12340
16298: 1061,1224,1141,14290,1142,1225
16299: 12111,13000,10269,13984,12131,12958
16300: 16794,17838,17683,16836,18382
16301: 12437,14742,14724,16270,18431,17977
16302: 17889,18036,18373,13606,18354
16303: 17359,14953,13500,13844,15051,13089
16304: 12530,11640,15399,11596,18570
16305: 15760,12405,14196,12770,13363,12513,14205
16306: 11812,16323,13896,12368,12774,15743
16307: 15920,16706,16812,17916,15798,14381
16308: 18270,18386,16788,13692,14545
16309: 15426,12325,18329,14785,14826,11815
16310: 13311,16443,16237,13438,16275,14739,14819
16311: 16129,17986,12430,14707,17813
16312: 16223,13590,18444,12537,17374
16313: 14498,15244,16269,18505,16598,987,12824
16314: 16225,18110,14527,18005
16315: 14854,618,11794,18551,17656
16316: 8604,14264,11893,12492,13900
16317: 14576,13326,15304,13962,14513,17350
16318: 17403,14737,14681,17319,16064,13266
16319: 16128,14590,17669,17769,13541,14757,17612
16320: 17836,17835,17157,14204,14904
16321: 14556,17922,16089,17179,12418
16322: 14250,8709,16700,12689,14341,8603
16323: 11812,16306,14539,12774,12038,14304
16324: 17868,18128
16325: 13367,14914,16469,16020,13625,18316
16326: 2534,13699,2434,17292,13700,13701
16327: 17869,11452,18006,16363,12313
16328: 15298,11862,16866,12473,15253
16329: 17022,17751,18159,15968,16181,14618
16330: 14873,11794,16966,16897,618,17248
16331: 3912,16268,3803,12274,12529,4023
16332: 17915,11830,17939,14894,14841
16333: 15266,14931,13624,12224,13651,15730
16334: 38,16,13524,16204,11882,17839
16335: 16478,14679,14930,4578,16078,16920
16336: 11706,11705,13848,15700,13275,13074
16337: 17759,14756,16262,18486,16504,12357
16338: 10089,14253,15970,12810,17175,15945
16339: 13348,17590,17942,17456
16340: 15153,12340,16872,18042,18343,14611
16341: 16177,15191,17881,16909,14731,13283,17594
16342: 14917,14405,11983,12611,12840,12595
16343: 17047,470,533,15898,469,409
16344: 14701,10270,13364,16187,16850,15893
16345: 18145,16392,14634,13387,18231
16346: 17662,13346,15008,15136,13873
16347: 14009,14173,14122,12091,15816,16382
16348: 11821,15785,17723,14401,14163,12565
16349: 16100,18528,17789,14867,18232
16350: 18567,16944,12813,17913,16252,14959
16351: 13765,8389,8281,14049,8283,8282
16352: 822,821,898,748,897
16353: 985,13107,12139,13272,11996,1064
16354: 18425,18510,17523,16568,18484
16355: 14175,13040,16447,13966,2138,15675
16356: 13292,2140,16420,16407,12187,13181,15833
16357: 14658,13626,11727,15000,11750,11751
16358: 17896,17994,16004,17819
16359: 15507,3909,3910,3800,4019,14238
16360: 17419,13782,12001,14039,15371
16361: 18146,16801,18250,12339,14603
16362: 18031,15113,17127,18386,17983,12632
16363: 16327,18006,12313,16395,14903,18026
16364: 14963,12593,14231,16809,364,13853
16365: 11954,13042,14195,12799,12994,14456
16366: 12940,1759,13073,1760,1668
16367: 15098,14912,14605,18057,17894,17161
16368: 17960,18307,14883,17991
16369: 13951,14712,11854,12989,15620,13812
16370: 14559,9521,15017,9423,13801,9619
16371: 16281,13512,14821,18295,14678
16372: 12711,17197,16779,13826,16275,14739
16373: 17331,14032,12424,13560,15241
16374: 5599,5485,5712,5486,5600,5713
16375: 14910,18351,17797,16580,11841,16996
16376: 16577,14323,18398,17901,15872
16377: 17452,16037,13654,18346,17895
16378: 16508,16642,18337,13308,14730,15376
16379: 16155,17625,13330,17880,14796,16547
16380: 297,352,351,18415,296,17130,15841
16381: 15429,12632,18126
16382: 16347,15518,14122,12091,12923,16396
16383: 12337,13779,13244,12489,17761,18446
16384: 17943,13471
16385: 10617,16881,10534,10533,15769,17049
16386: 13536,14929,17959,16159,14769,16592
16387: 17987,16869,18450,16206,18348,18315
16388: 7516,7515,14096,7404,7403
16389: 13856,14307,40,14162,14132,12633
16390: 15136,15838,12458,14961,18323,13331
16391: 18124,16196,16493,13547,18177,16561
16392: 15112,14862,16345,16291,14634,14703
16393: 16158,14911,14931,13624,16812,15798
16394: 17048,16560,18072,16075,16907,13638
16395: 13623,14778,16363,12313,14903
16396: 12923,13180,17632,14438,15518,16382
16397: 11658,11659,11660,11694,15890,11695
16398: 12069,16408,13418,17303
16399: 16866,16608,12473,16279,14700,14540
16400: 16294,16658,14873,11794,18271,18260
16401: 16513,17956,18059,18417,18147
16402: 18022,17913,14723,11842,17932
16403: 18227,17927,11803,1066,14630,16773
16404: 92,91,56,55,57,13875
16405: 12588,13839,17944,18001,14966
16406: 15055,833,12618,12833,17351
16407: 1855,13181,15833,14272,16356
16408: 12069,16398,14673,17216,15538
16409: 18142,15893,14380,17627,15986,14701
16410: 14909,14945,14787,18347,17231
16411: 16626,16466,17995,17937,16502,18034
16412: 12395,15330,17005,18480,18278,16662
16413: 12458,18383,13750,15421,13405,16559,18603
16414: 14695,12498,18454,13675,15445
16415: 15813,9226,9227,13157,9326,9125
16416: 16477,13282,17742,14629,16101,13280
16417: 16777,15914,17320,13317,11792,16942
16418: 13483,11836,16137,15570,13513
16419: 14442,16540,14387,16604,14736,16756
16420: 2237,13292,2140,17213,16356
16421: 14883,18491,16953,18098,14944
16422: 15005,16131,18027,18206,15044,13718
16423: 14872,13537,16487,12369,16246,17941,18591
16424: 15950,17635,14987,12494,17824,15004
16425: 11785,363,18207,17464,18422,14509
16426: 16140,13444,14781,14741,16674
16427: 16167,13266,14882,14737,16721,13860
16428: 14766,17699,14960,17314,16200,12476,11948
16429: 17834,17951
16430: 18094,16252,15013,16609,16944
16431: 14839,76,17333,15949,17707
16432: 15696,8395,8502,15404,8608
16433: 18417,18147,12601,18265,18582,15559
16434: 13484,16894,14219,11275,14945
16435: 13627,15754,2044,2139,2236,13504
16436: 18066,16534,17996
16437: 16288,10860,17057,10859,10935,10936
16438: 17193,12606,15135,17314,13666,11948
16439: 18440,14691,17548,14677,17274
16440: 15040,18152,13721,18103
16441: 15927,14542,15154,18459,14015,12863
16442: 5483,17988,18095,17831,18178,18380
16443: 16310,15306,13311,18305,13438,14794
16444: 13343,15670,11886,14730,15145,13455
16445: 17086,18007,15502,18595
16446: 15846,13462,13903,16555,12471
16447: 2235,16355,14175,2333,13755,13966
16448: 16815,17989,14682,11764,17847
16449: 12392,11867,13070,14321,14328,11937
16450: 12077,12192,17924,17575,16988
16451: 14692,17668,16679,17320,13433,16942
16452: 14834,205,11778,14764,18396,13245
16453: 13150,18559,17414,18352,12222,12208,13293
16454: 14056,49,51,85,50,16910
16455: 9713,9712,9807,15725,9711
16456: 16059,13470,16533,18050
16457: 14909,14787,15473,13617,18446
16458: 13914,13815,13452,14028,14128
16459: 12948,14389,14471,14751,16278,14134
16460: 17393,18244,11758,18492
16461: 14563,12391,17085,16130,18019,16646
16462: 16723,11770,15015,15570,18449
16463: 15068,14920,15368,18577,18228,13607,115
16464: 18014,16493,18477,14922,18347
16465: 18535,14618,15190,17073,16528
16466: 16411,16626,12644,15023,16502,13709
16467: 16917,13813,16854,5370,14069,12714
16468: 17323,17113,15900,18522,15718,13748
16469: 16010,16076,18167,13367,16325
16470: 12466,14606,18359,18572,14799
16471: 13469,13869,15930,1583,17077,1674
16472: 16581,15124,15428,17124,17782,12419
16473: 15961,1066,18311,16773,14987,15004
16474: 15043,18039,18032,17118
16475: 18073,15052,16799
16476: 18023,15923
16477: 12359,17742,16416,14629,14627
16478: 17999,4578,16858,16078,16335,14584
16479: 15402,17084,13289,18024,17682,14510
16480: 12195,14918,16222,12668,9812,13528
16481: 16783,15016,13085,8284,17096,14434
16482: 13397,14951,12418,16019,14556,15980
16483: 14721,17645,18391,16612,13325,18215
16484: 15070,13744,18043,18208,13776,16845
16485: 3472,3365,3364,3471,15602,17862
16486: 4026,4025,3914,3916,15805,3915
16487: 14872,15252,16423,17091,13537,11828
16488: 12406,13506,14947,17711,18228,15368
16489: 18262,18075,18048,16620,18033
16490: 18015,18335,13251,15060
16491: 14705,12636,18275,18561,18095,18380
16492: 12326,14065,17233,18274,1317,1232,12899
16493: 18014,18124,16464,16391,18347,18177
16494: 18452,11859,16515,17724,13563,11601
16495: 14422,2049,2145,16929,16188,1953
16496: 15542,13602,13741,13970,14019
16497: 3372,14465,3479,3478,3371,12558
16498: 18196,18404,16155,17625,16747
16499: 16598,18519,13359,14631,15063,12608
16500: 14928,17676,16521,14632,13279
16501: 17336,13447,17261,15689,11802,13265
16502: 17552,12358,18034,13709,16411,16466
16503: 16,12050,16204,16737,14105
16504: 18486,18148,14655,13474,7182,16337,12357
16505: 15091,13249,11947,15170,14679,13230
16506: 12333,14632,17296,16886,13437,16963
16507: 13385,13607,15068,14722,18599,14669
16508: 16378,16896,16816,18116,16642,17162,15376
16509: 16794,13759,15044,9998,16131,15062
16510: 16933,15057,11957,18202,17375,16523
16511: 15365,8919,15239,12921,14301,12649
16512: 13323,13762,18370,18101,12397
16513: 16401,18059,18417,13680,18564
16514: 13763,15042,15075,16904,18583,16127
16515: 16494,17724,13749,15282,17115,11601
16516: 13828,11964,13655,12482,6730
16517: 13376,16680,14906,12877,14774,17206,9124
16518: 12199,14155,13223,13109,15483,13161
16519: 16020,14921,18334,17817,13563,17571
16520: 10773,18060,14995
16521: 16615,18573,16500,12314,13279
16522: 17117,15053,18285,18342,15982,14592
16523: 18061,18549,16510,18202,11747
16524: 16597,18296,18131,8711
16525: 75,13220,15110,12570,12779,11871
16526: 17597,14619,18173,15375
16527: 12855,11837,5484,12975,5597
16528: 17073,13331,15692,14656,18535,16465,18323
16529: 13203,9123,17053,9021,8918,16634
16530: 15401,13298,14818,16632,11856,16044,12338
16531: 13347,16584,7738,14688,18432
16532: 18603,17805,14644,18127,18379
16533: 16456,18050,18604,15910,18035
16534: 16436,18066,13898,17996,12338,17271,16685
16535: 16845,18043
16536: 13613,18128,15082,18083
16537: 18078,16539,18088
16538: 15150,18131,18149,16896,12688,16816
16539: 12590,18088,16537,18062
16540: 14442,17474,13719,16419,15033,16756
16541: 16225,14525,17726,13730,18257,18192,18575
16542: 17046,14690,16574,16997,15132,17667,13373
16543: 14702,13374,16843,14715,13410,16970
16544: 15073,18086,18129,16139,15285
16545: 17679,17981,16118,18261,17665,16160
16546: 16059,14693,13470,17,13691,12616
16547: 14796,18103,16209,17880,18000,16379
16548: 15526,16895,14775,17884,12626,14278
16549: 13174,12176,11072,10999,17059
16550: 16753,18242,16775,17145,13843,16197
16551: 16803,13359,14631,12344,15082,12388
16552: 17790,18224,14578,14622,18237
16553: 15152,3802,16073,12425,16952,13558
16554: 16817,9129,9128,9230,14292,9229
16555: 12006,13903,14972,17024,13462,16446
16556: 13486,13423,11879,16184,16050,12517
16557: 12452,13588,14629,14627,16085,18463
16558: 13703,14767,13493,18507,18286,17909,16656
16559: 13750,15421,16413,16623,18561,17852
16560: 17048,14687,16394,15313,14493,16075
16561: 17828,17882,13547,16196,16391,18189
16562: 14804,13478,17266,1316,15452,18500
16563: 15122,18104,15860,17415
16564: 11742,18160,12711,15120,15172,17564
16565: 18082,18086,16867,18129
16566: 9220,9119,9017,9120,9221,16201
16567: 16244,12188,12808,11679,14461,11680
16568: 18425,16354,18366,14586,14573
16569: 15268,16036,12088,15706,13794
16570: 14954,17412,16206,18348,18536
16571: 18583,17735,14572,16127,18466
16572: 15696,8288,8395,8289,17043
16573: 16985,17103,12480,17782,13673,17369
16574: 13606,16997,18373,17667,16542
16575: 15723,12705,14263,12468,756,757
16576: 314,371,16627,370,313,15425
16577: 13081,16376,14323,15872,15319
16578: 15508,11729,11700,11728,13626,11699
16579: 13397,4021,17128,15372,14666,11808
16580: 14910,16375,11841,15117,13703,17587
16581: 18491,16953,13540,15124,16472,15428
16582: 15156,13675,16719,14988,17328,18454
16583: 13923,17877,14985,15032,12537,15174
16584: 12846,13347,16531,14661,7738,17874
16585: 14623,13350,16143,13362,1,14615
16586: 16740,18477,13623,14778,14979,13501
16587: 18464,14620,16015,17553,18039
16588: 14316,12041,16865,14582,15140
16589: 11612,11613,15911,11653,11568,17009
16590: 14276,14453,12794,16875,14406,11960
16591: 17223,11778,16793,13357,15528,16993
16592: 6957,16959,15463,14769,16386,14929
16593: 14752,17037,14780,18537,16599
16594: 16651,12581,14905,11862,13523
16595: 15115,13776,18181,18150,18584
16596: 15120,15172,18258
16597: 15150,18131,18153,16524
16598: 16499,15063,18505,12608,16313,12824
16599: 16593,18537,13440,17284,15088,14779
16600: 14191,11502,11503,12954,13487,12186
16601: 14907,13652,17969,16946,15204,13598
16602: 13886,14347,12630,12293,12554,14279
16603: 12563,14104,13585,15741,15024,13704
16604: 8816,16663,13102,14387,18478,16419,14736
16605: 3256,3044,3150,15857,17010,3149
16606: 13368,12415,17410,11743,18051,16965
16607: 11764,12394,15712,14541,16754,15148
16608: 17980,17046,12473,14690,16399,17905
16609: 16944,18297,18356,15013,16430
16610: 2847,17107,2743,2846,2950,2951
16611: 14660,18487,12378,16649,15363
16612: 14529,18530,16483,17645,13325
16613: 18132,15144,14533
16614: 15166,16616,17805,18188,18383
16615: 12640,16521,15471,18573,18279
16616: 15166,18154,18188,16614,18178
16617: 17911,16697,18421,15273,15498,13832
16618: 16990,14062,157,11905,14079,13775,12544
16619: 11920,13041,13546,835,13859,14859
16620: 15070,11950,18048,16489,18262
16621: 15135,14810,13666,17236,17150,18381,15504
16622: 15371,16876,15022,43,15018,18552
16623: 17885,12636,18561,16559,16226,16203,17852
16624: 18455,17084,16659,18575,13730,16031
16625: 16198,16748,15133,18330,3049,18161
16626: 16411,16827,16466,12644,15162,15952,17937
16627: 315,314,260,371,372,16576
16628: 14736,16756,12623,18453,12612
16629: 17696,12680,18238,15116,13777
16630: 10931,10855,15257,10929,10930,16043
16631: 14486,14485,15907,18596,16214,18308
16632: 13834,16684,18569,11856,13298,16530
16633: 12090,14770,15778,14880,13989,15815
16634: 15365,12149,9021,8919,8918,16529
16635: 13021,16819,12809,12113,14879,14567
16636: 915,914,916,838,15821,839
16637: 11507,16786,14274,11506,14932,11990
16638: 18562,16666,13233,14989,13322
16639: 11909,18261,15473,15088,17665,17761,17284
16640: 15108,18180,18349,16644
16641: 18270,15113,11941,15749,15478,16848
16642: 16378,16508,18116,12349,18337
16643: 18216,15181,18303,18331
16644: 12700,13795,16853,16640,18180,17629
16645: 13690,15056,987,12824,14685,15063
16646: 12301,18019,14563,16461,13278,14544,13335
16647: 14517,17650,18011,14548,18338
16648: 12015,13245,15720,16061,205,15309,13033
16649: 11796,14812,12378,16163,16611,15363
16650: 14575,12252,14359,9,12265,13211
16651: 16594,12581,15163,11557,14905,14908
16652: 18145,18447,17658,11824
16653: 11810,17109,12366,12743,14087
16654: 696,626,558,627,697,17055
16655: 16893,11807,14717,15575,17287
16656: 16191,18430,17909,16558,18507
16657: 11822,12323,13599,18594,14828,15469
16658: 16400,14873,18271,12344,13613,18420,16768
16659: 17084,16624,16031,15085,11956,15943
16660: 13596,1319,1234,15657,1405,13845
16661: 7629,15622,12939,7740,7849,12726
16662: 15259,14268,16412,18480,18278,14536
16663: 16604,12199,12612,8816,13223,14736
16664: 4127,4128,17074,4017,4018,15794
16665: 15527,11824,12627,18560,18447,15071,14913
16666: 18021,16113,16638,13233,15953,13322
16667: 13866,13539,16069,16742,13597,12316
16668: 18363,16761,18234,17116,13851
16669: 14836,18253,14850,17044,17546,18091
16670: 12138,257,206,16936,12247,14868
16671: 18152,14612,18097,14645,14994
16672: 12870,14932,12439,13336,12709
16673: 12292,12408,18546,14604,18574
16674: 14741,14766,14960,14781,8710,17982,16426
16675: 13916,15978,15486,17475,14831,11793
16676: 14935,12420,16712,18200,15105,15370
16677: 14983,18217,14955
16678: 11801,12562,12013,14360,908,832
16679: 17668,12645,16451,15392,18342,16942
16680: 13376,14463,14042,16517,16860,9124,17258
16681: 16698,15539,14871,18563,14088
16682: 13796,7,12521,13176,30
16683: 10094,10002,10003,10095,17441,10185
16684: 16038,11454,18569,16632,18508,11856
16685: 16534,13898,17996,18354
16686: 13049,15786,14001,12788,15731,11739
16687: 18417,12601,18564,12079,14634
16688: 14881,13358,17384,16254,12376,14667
16689: 15617,13033,17120,256,14282,12015
16690: 914,992,838,14711,13128
16691: 13337,12442,14748,13386,12387,14803
16692: 13912,16898,18601,18339
16693: 11656,14302,17842,11657,15890,15592
16694: 11863,12412,11683,12604,16284
16695: 12288,15732,14738,17708,14715,16178,13374
16696: 15939,15201,11951,17487,15300,14558
16697: 15234,16617,17911,15498,17581,17015
16698: 2,16681,15539,18266,18300,18563,17075
16699: 11766,13691,15018,17062,12467,18552,12616
16700: 12689,16322,8603,13954,12699,8602
16701: 12898,13187,14206,17036,13163,547
16702: 14752,14780,15545,12390,13488,14188
16703: 17423,14153,16951,18040,15714,17254
16704: 3478,12838,3371,3586,12919,17134
16705: 17092,158,16708,18574,15977,13360
16706: 16307,17916,17961,13065,14381,15834
16707: 14865,12667,14171,11864,11646,13926
16708: 14483,16945,14604,158,18574,16705
16709: 14503,17357,16981,15189,17247,16710
16710: 13251,18366,18355,16709,17357,16981
16711: 1671,12663,16987,15040,14728,17481
16712: 16676,14935,12494,13307,12420,15417,16950
16713: 12906,5366,5365,5252,5479,17228
16714: 12749,13941,17473,13310,11715,16241
16715: 17654,17226,16930,13353,18424,16153
16716: 15160,14790,1310,1396,15828,17121
16717: 15749,14729,1670,13692,11892,17449
16718: 18058,18298,18502,16124
16719: 15503,18492,15156,17328,16582,11758
16720: 67,13578,66,103,18389,68
16721: 15237,13860,14882,16427,17025,15235
16722: 14242,910,13604,13870,12733,15549
16723: 18399,14724,11770,16462,5823
16724: 12031,11711,17108,11676,11677,11713
16725: 15501,12182,14177,12227,12092,17217
16726: 12059,14526,17829,11932,12631,15832,15176
16727: 17401,8915,8810,8914,9018
16728: 11746,12125,12999,13202,15756
16729: 10267,10355,17136,10266,10175,10176
16730: 14744,17695,16935,18339
16731: 14054,7738,17874,14759,13299
16732: 18440,17853,14691,13341,13404,16090,17952
16733: 14697,16212,14831,18283,12819,15978
16734: 18363,12012,18324,17818
16735: 16803,14631,15063,15056,17132,15129
16736: 18081,16905,15334,11143,12597
16737: 14136,12924,15561,17329,14105,16503,12050
16738: 11852,14851,17291,18441,17921,13342,15209
16739: 11782,15599,12592,12768,6277
16740: 16586,14845,14778,18565,17023,14788,13501
16741: 14914,16825,17115,18334,13625,11601
16742: 17971,13130,13597,12316,16667
16743: 12547,17853,12440,14691,17548,15586
16744: 15260,18350,15902,18364
16745: 15044,13718,12881,17101,9998,18595
16746: 13643,17454,15994,12702,11943,14171
16747: 16498,18404,16155,18102,13707,18158,1490
16748: 16198,16625,17771,17743,3049,13809
16749: 11629,11584,16277,11669,11628,11583
16750: 13076,15427,14187,12051,14484,16780
16751: 11817,16179,14624,17631,18268,12307
16752: 17744,15093,15106,12625,13306
16753: 12399,16775,17145,16550,14980,13519
16754: 16607,12394,15712,13461,14708,13380
16755: 17269,10850,12470,17872,13738,14011
16756: 14736,15033,16628,18453,16540,16419
16757: 4577,12977,12698,4353,12040,14458
16758: 13076,14187,5029,11829,5143,17273
16759: 12961,15280,1144,1143,1227,1312
16760: 15382,17381,13611,13770,18259
16761: 18363,15181,12374,16668,13698,13851
16762: 11208,12115,15357,12550,12266,11273
16763: 2732,2835,17160,2733,2836,16289
16764: 11615,11571,11616,17255,11617,11572,18489
16765: 11932,14638,17094,16034,15304,13261
16766: 8497,14814,12210,13296,8604,12492
16767: 17438,15243,14899,13356,15057,11957
16768: 14978,12388,12567,12344,16658,14873,16966
16769: 12002,18505,17694,13273,12608,15244
16770: 17139,17406,15585,12691,14126,15524
16771: 388,389,16042,387,448,449
16772: 13602,15854,484,549,18327,548
16773: 1066,16473,909,14630,18311,13673,16403
16774: 17997,14753,15071,13757,16790,14913
16775: 16753,12399,16550,15273,16888,18421
16776: 13934,18350,12335,16060,18170,16054
16777: 17779,16417,14511,15914,17990,11792
16778: 14876,13281,17158,17221,15023,18038
16779: 12711,17197,16372,14603,15172,18107
16780: 16750,15427,14484,16070,4466,13297
16781: 12179,12299,12879,11805,13140,14259
16782: 12393,15011,17957,17110,17433,17144
16783: 16481,8284,14434,16823,14198,18515
16784: 13929,7408,12155,13045,7518,16147
16785: 13616,11607,15099,13976,11649,15202
16786: 11507,13106,11556,16637,11990
16787: 17139,17406,13551,16234,15242,3155
16788: 1670,13692,15516,18089,14545,16308
16789: 15213,17309,12465,15139,14448,17445
16790: 17377,7958,13083,14913,14753,16774
16791: 15716,12,12106,13175,14345,16193
16792: 14538,12111,12216,13000,13189,12843
16793: 14772,13357,18518,15460,16993,16591
16794: 17838,16300,16509,18382,18069,16131
16795: 13728,13615,13901,15094,15075
16796: 15718,12029,13630,12778,2945
16797: 15401,15969,17285,17271,17843
16798: 17031,15265,11783,16964,12303,14543,16820
16799: 18465,16475,15052
16800: 14135,14438,14516,15155,16166,17020
16801: 17282,16361,18250,17178,16926
16802: 13234,15153,14610,13511,18343,16945
16803: 14631,16551,16735,17132,14978,12388
16804: 13923,17363,2737,17877,12287,14811
16805: 18240,18485,14852,13372,13677
16806: 18269,14951,13783,13352,11873,16952
16807: 13480,16923,14815,17826,17706,15054,11759
16808: 18318,17079,13714,15528,16993,16968
16809: 16364,14231,12442,364,12387
16810: 15327,12773,12946,1146,1315,15418
16811: 16057,18439
16812: 16307,15798,13624,14381,12516,16393
16813: 14397,11757,17097,18306,13064,14037
16814: 12158,11649,11685,11648,15081
16815: 15049,18262,16448,11950,12416,14682
16816: 15934,16896,12688,16508,18116,16538
16817: 9026,9027,9129,9128,16554,16903
16818: 14702,13424,16849,11889,12404
16819: 13436,2842,13021,2739,12809,16635
16820: 14561,14543,17464,16798,12303
16821: 14772,13877,15972,14764,13357,15808
16822: 15799,12600,14152,17187,12927,15084
16823: 12868,8176,16783,14434,14198
16824: 12446,11954,11866,12875,14195,13486
16825: 11644,16741,14914,13300,17115,15168
16826: 2237,14823,15032,17213,12537,13590
16827: 14919,16626,12644,15162,17413,13723
16828: 17467,18406,14492
16829: 15126,17114,18148,16159,7182,14769
16830: 11671,11670,11629,11630,16277,11631
16831: 14712,17382,11854,17619,17644,17090
16832: 17446,14344,11985,17080,14365,13165
16833: 14933,16066,16916,15451,6390
16834: 13847,12693,16111,15100,17189
16835: 15294,12813,17491,13942,14786
16836: 17764,17683,16300,18382,18594,15154,18459
16837: 13744,18208,17304,14,15185,15564
16838: 18427,18490,18506
16839: 14015,13972,17380,16947,10358,12818,15360
16840: 18433,17902,12820,18405,17616
16841: 14990,14973,12195,14918,12912,12971
16842: 11978,14108,13050,12343,16011
16843: 14702,13374,13424,16543,17910
16844: 13729,16933,11745,15793,15816,15746
16845: 16535,18584,13776,16484,18043
16846: 16216,13241,14666,15426,14785,11808
16847: 17885,16271,15655,14776,16226,15688
16848: 15159,15478,15749,14082,16641
16849: 16818,13424,15704,14232,12571,12404
16850: 17318,15161,13232,14701,13364,16344
16851: 823,899,822,898,975,17208
16852: 13299,17244,16238,18408,14688
16853: 17498,16644,13795,18247,17168
16854: 5143,13813,16467,12732,14069,17273
16855: 13309,12140,13852,5254,14208,12174
16856: 10089,14253,15744,11885,17532,13864
16857: 11995,17202,12710,12392,15306
16858: 16478,4578,14584,13927,12325,16870
16859: 16107,18063,14448,15979,17445,12252
16860: 17258,12606,17150,16680,14042,15135
16861: 16972,18536,16943,18525,18402
16862: 8391,8282,13072,16906,8283,12867
16863: 17098,12766,42,13975,14433,41,13017
16864: 14511,15914,17582,15378,14000
16865: 16588,14425,14316,12516,14582,12224
16866: 12473,16399,15298,11645,16328,14700
16867: 16565,4916,18129,18407,17867
16868: 3911,12461,11873,14396,13580
16869: 17987,16387,18418,12836,18348
16870: 12325,11815,16994,17042,16858,13927
16871: 15634,17383,13705,12794,14406,14189
16872: 15153,16340,17389,15446,13263
16873: 12422,10694,15249,13328,15305,15801
16874: 17251,18520,13526,16215,16925,13677
16875: 14276,16590,11960,15065,14974,4
16876: 14986,15371,14548,16622,12284,15022
16877: 334,333,279,228,227,280
16878: 12889,12089,9997,9996,12926,9903
16879: 13217,18272,15865,15863,13239,14671,15904
16880: 13368,17438,14899,18122,11743,12353,14547
16881: 16385,10617,10698,17049,10697
16882: 13985,18495,17611
16883: 15037,12922,15059,11724,11725
16884: 8066,15631,8175,12170,12421,14149
16885: 17166,11859,15619,12514,17724,17975
16886: 12333,16506,14788,16963,14845,17968
16887: 113,12033,13646,14021,18085
16888: 12708,15142,17030,12399,16775,15273
16889: 15019,15538,12852,16249,16977,18193
16890: 15420,18588,12877,9124,15461,16954
16891: 17792,14020,17183,17184,15467,13758
16892: 15089,15558,17227,15062,16921,14210
16893: 11807,16086,14515,16655,7294,17287
16894: 13484,13244,15810,16434,14909,14945
16895: 15526,17316,18548,16548,16992,17884
16896: 16508,16816,16538,18149,17162,15103
16897: 17565,16330,16966,17248,15175
16898: 17576,13912,15989,16692,18601,15268,14528
16899: 15300,14558,8177,16930,18424
16900: 15375,17698,18438,16049,13996,12650,18173
16901: 15423,18588,18419,18482
16902: 15422,18428,18490,17544
16903: 8923,9127,14147,9026,16817,9128
16904: 5369,15075,13763,17339,16514
16905: 12382,16736,18081,11143,12577,12331
16906: 8283,13221,12867,13819,8174,16862
16907: 15294,13638,18297,17491,17048,16394
16908: 15395,18587,16960,18593
16909: 16341,15191,17339,14628,14731
16910: 12053,21,15817,51,16454,50
16911: 13731,12757,86,127,14030,87
16912: 17225,14374,238,16245,14725,237
16913: 9026,9027,8821,8820,8924
16914: 16287,10358,11828,15360,11935,17091
16915: 14286,1493,15197,1584,1583,17077
16916: 6617,14201,16066,16833,14933,12305
16917: 13813,16467,5370,14118,11953,15364
16918: 17732,14720,15455,12540,15734
16919: 8173,8172,8280,8388,8281
16920: 12452,13588,13230,14679,14930,16335
16921: 15089,14895,14210,16892,12657,10090
16922: 16979,18445,18532,14520
16923: 17686,18169,14695,13480,16807,17826
16924: 17423,16951,13559,16282,14410,15839
16925: 18435,16215,18541,18485,13677,16874
16926: 17197,13810,16801,17178,13262
16927: 13941,11682,18028,17473,11683,12604
16928: 18496,14000
16929: 17071,2049,2145,2146,16495,2050
16930: 16715,13353,18424,16899,8177,18245
16931: 13847,12693,11934,13494,5029,13825
16932: 17040,18448,12071,14025
16933: 16844,15064,13729,16510,15057,11745,18202
16934: 13115,12731,13067,3913,4024,3914
16935: 16730,17695,15157,16121,13794,18601
16936: 206,12864,17120,14282,257,16670
16937: 10437,10436,10350,10349,17249
16938: 14437,15456,12856,14075,14018,15858
16939: 15255,18096,15067,14198,8176
16940: 3917,17276,4027,3916,3806,3807
16941: 13248,17467,18406,18394,15361,15435,18273
16942: 15392,17320,16451,16679,16417,15914
16943: 15379,18525,16108,16861,16972,17279,13992
16944: 18567,16350,16609,16252,16430
16945: 14483,16708,13234,14610,16802
16946: 13652,15204,16601,17020,12605,14516
16947: 15422,18506,14542,14015,16839,12818
16948: 2939,2836,2940,16289,15212,15857
16949: 14503,17212,16981,16281,14821,15060
16950: 12494,13307,16712,14553,14987
16951: 17423,14153,16924,16703,14842,13559
16952: 12425,11873,16553,13558,16806,13352
16953: 18491,16421,16581,18098,15124,12397
16954: 17193,15461,15423,17040,18588,16890,14025
16955: 14109,14481,15651,15388,12892,20
16956: 46,18282,12445,14579,13507,12896
16957: 11795,15398,12007,12692,13370,15293,18310
16958: 16263,15167,14710,13451,16092,17063
16959: 6957,15001,16592,14929,18582,15559
16960: 15407,18593,16908,17086,15502,12880
16961: 14732,17267,16056,14068,12680,15116
16962: 13074,11738,13086,11737,12660,11708
16963: 13437,17078,16886,16506,17968
16964: 16798,11783,17387,14825,14543
16965: 11887,15405,14856,17410,12415,16606
16966: 16330,14873,12567,16768,16897
16967: 12830,14014,12063,17279,17298
16968: 14614,15460,18498,16808,15121,17079,16993
16969: 437,501,500,436,16023
16970: 13316,15432,15288,13410,14702,16543
16971: 13693,3580,13183,3472,3365
16972: 16861,14954,12063,18536,17279,16943
16973: 17482,15313,13328,15278,11924,15801
16974: 9220,9118,9119,9219,9320,17235
16975: 18240,14007,14852,18458,10928,15444
16976: 15002,14601,11839,12006,17024
16977: 16889,15019,16249,17019,15127,18304
16978: 13434,17341,13738,11834,12927,12470
16979: 16922,15563,18445,17127,14036,18126,18532
16980: 15993,17974,15435,12347,17568,18509
16981: 14503,16709,16949,13251,16710,15060
16982: 13434,17265,15369,13371,14754,14980
16983: 14157,15342,18045,13855,16052,14011
16984: 15168,13612,12526,13291,17898,11644
16985: 17782,13673,16573,13540,15428,14630
16986: 13652,17020,13577,15155,15868,14900,18558
16987: 15591,1671,14161,12663,16711,17034
16988: 9716,9811,14334,16450,17575
16989: 12277,13871,1950,2239,13542
16990: 14062,13496,16618,17312,157,13824
16991: 11073,14424,15472,12785,13595,12564
16992: 15526,17316,16895,12403,17076,13938
16993: 16808,15528,15460,16968,16793,16591
16994: 15848,11923,17512,17042,16870,11815
16995: 15227,12307,15100,17189,13313,11817
16996: 17037,11841,16211,16039,16375,17797
16997: 13606,16574,18112,14908,15132,16542
16998: 14151,13909,13601,11938,12586,12582
16999: 12242,209,12589,12642,17039,15324
17000: 12098,14243,47,14579,13857,13507
17001: 12326,14065,17413,15487,1490,15381
17002: 12663,17034,14101,1763,15040,13721
17003: 12651,18061,18549
17004: 15312,16234,15031,13551,15090
17005: 13636,13760,15777,15330,16412,18480
17006: 15356,13366,17618,18254,12314,18451,18495
17007: 15006,17951,14101,1763,15506,15520
17008: 13735,17827,17458,4354,15784,18214
17009: 16589,11613,11568,11569,18223,11614
17010: 16605,15857,3149,3043,2939
17011: 13998,15351,11962,10443,15186
17012: 13989,15509,15815,17754,14735
17013: 18338,16030,14541,17847
17014: 11812,15691,13482,13995,14539,12858
17015: 12920,17581,18293,16697
17016: 15369,15272,14767,13493,15084,12600,17341
17017: 11804,15581,15566,15530,15437
17018: 11730,11729,11701,11700,17480,11702
17019: 15019,16977,15127,17671,16089
17020: 13652,16946,16986,16800,14516,15155
17021: 14143,13778,18478,15643,15562
17022: 18159,16329,14618,15190,15721,16092
17023: 12333,15584,14788,14663,16740,18565
17024: 12006,16555,16976,11839,18585,13462
17025: 18155,15235,11717,16721,15180,15237
17026: 17450,18602,15506
17027: 13933,15740,12417,14234,14580,12607
17028: 17436,14596,14867,13466,13354,13557
17029: 13290,17520,11827,15876,12359,14718
17030: 14733,12708,15142,17681,13028,16888
17031: 16798,254,17484,15265,11783
17032: 15038,13658,14953,11820,12509,12462
17033: 13792,15211,11949,17945,12641,18556
17034: 17002,15591,12663,16987,1763,16112,17414
17035: 14085,13660,12862,15396,13069,13648
17036: 13163,11790,15853,484,12898,16701
17037: 14752,12555,11841,16996,16211,16593,18537
17038: 12323,13425,15469,12072,15387
17039: 12137,210,15324,12242,16999
17040: 15423,16954,14025,16932
17041: 17245,12955,18549,15488,11747
17042: 12717,17457,17512,16994,16870,13927
17043: 16572,8288,8289,8180,8181,17275
17044: 18476,13355,17452,16669,18091
17045: 3256,3150,3257,3255,3363,3362
17046: 16608,12473,14690,16542,15253,15132
17047: 13088,600,470,16343,534,533
17048: 17482,16560,16394,15313,16907,17491
17049: 13012,15769,10616,16385,16881,10697
17050: 11558,12141,14128,11559,12152,14293
17051: 16143,13829,12430,14871,17199,15208
17052: 14166,18155,11717,18090,12945
17053: 16529,13203,13186,12993,8918
17054: 13267,17073,15692,15721,13451,13505
17055: 697,17325,18064,16654,696,770
17056: 15394,14231,12539,13785,14031,11940
17057: 10858,10859,10783,18488,10860,16437
17058: 11066,11136,11205,12814,11067,17332
17059: 13174,16549,12035,11141,11142
17060: 14689,15241,11715,14997,17331
17061: 14748,11789,13386,14573,18484
17062: 11766,16699,12467,12395,14512,18278
17063: 15167,14710,16958,17111,13883,15346
17064: 2944,17066,15547,17242
17065: 12568,7740,12221,12726,17372
17066: 15839,2944,17064,14409,12956,15547
17067: 12343,15734,13025,12703,17732,17366
17068: 11788,11785,18357,363,15827
17069: 15126,13422,13304,15463,14769,18526
17070: 15403,12841,13814,11907,6731
17071: 2145,2146,17379,16929,2243,2242
17072: 15298,13866,11645,13539,14865,11646
17073: 15692,16528,17054,16465,15190,15721
17074: 4127,4128,16664,4238,17340,4126
17075: 15859,17125,16698,15539,18300
17076: 13938,16280,17992,16992,12403,14608
17077: 1584,1583,16915,16471,1675,1674
17078: 13437,13383,17798,16963,14698
17079: 18318,16243,16808,15121,16968
17080: 14165,11810,13897,14365,14344,16832
17081: 14109,17200,12695,18516,15439,12088
17082: 2435,15583,14671,12270,2238,15904
17083: 13337,15169,485,14591,14975,12322
17084: 18455,16479,15402,16624,16659,17682,15943
17085: 11338,12391,16461,16240,17630,16130
17086: 16445,16960,15502
17087: 17135,17346,13,15680,15494
17088: 13366,12640,15471,14827,14555
17089: 11644,13300,17898,15590,14641
17090: 13298,13668,14818,17644,16831,17382
17091: 15252,17466,16487,16914,11828,11935
17092: 158,16705,17432,14952,13360
17093: 11848,15894,12410,17264,17912
17094: 17855,15195,16034,14526,16765,11932
17095: 9022,14853,14898,13218,18130
17096: 16481,14781,15016,8284,17355,18436,13444
17097: 11757,15445,16813,14037,18473,13675
17098: 16863,12021,13772,12766,13975
17099: 15728,13972,12863,17380,15469,18586
17100: 17734,15114,18268,15227,12307,17827
17101: 15502,12880,12881,16745,17253,18595
17102: 12098,11765,13113,18538,47,15348
17103: 12480,14830,17369,16573,13407,15171
17104: 15091,14125,11947,15843,14401,14163
17105: 11011,11081,11080,11082,11150,11149
17106: 14021,14119,14347,12942,15552,18085
17107: 16610,2847,2640,2743,2641,2744
17108: 14650,13674,11711,16724,11675,11676
17109: 11810,11804,16653,15566,14010,12366
17110: 13284,12291,17433,17144,13350,16782
17111: 17978,13401,6391,14710,17063,15346
17112: 17324,13375,10771,10693,10691,10692
17113: 16468,15900,13748,14313,14232,2841
17114: 12357,16829,17547,15126,15442,18148
17115: 16741,16825,15168,15282,16515,11601
17116: 13851,15245,15187,16253,16668,18234
17117: 6844,18496,16522,15378,15392,18285,18342
17118: 18367,12626,14775,18464,16474,18039
17119: 8,7,12521,15236,15683
17120: 15617,12864,16936,15317,16689,14282
17121: 16716,1310,1396,1395,1309,17361
17122: 14063,14343,16221,1762,14142,13769
17123: 13259,14611,13263,11918,12584,16236
17124: 13762,15093,17962,15124,16472,12419
17125: 17075,15859,17879,13152,15589,17883
17126: 14501,18151,17863,13709,14876
17127: 16362,15113,11941,14036,18126,16979
17128: 13634,15307,15372,16579,17823,4021
17129: 14869,13704,12310,14104,12732,16219
17130: 350,408,407,15841,351,16380
17131: 12826,12969,13287,17754,8285,8392,18590
17132: 687,14978,14680,16803,16735,15129
17133: 16223,17906,17976,17295,17750,15926
17134: 3586,16704,12919,3696,12501,3695
17135: 15948,17608,17346,17087,13
17136: 10084,17407,10175,10176,17408,16729
17137: 13178,1578,18199,12128,1577,1488
17138: 12435,1579,16186,15516,13940,18089
17139: 16770,17406,12691,13809,16787,15242
17140: 14820,18197,15265,12303,15353,13849
17141: 16002,17539,17157,15616
17142: 15485,13659,13887,15232,17230,11791
17143: 12319,15259,13988,17333,17707,15411
17144: 14623,15311,13350,17110,12393,16782
17145: 16753,14754,16550,14980,14649,16197
17146: 196,195,245,17420,244
17147: 13905,77,13445,14254,15096,18138
17148: 14242,910,12972,12893,14859,11920
17149: 14158,14088,17395,15539,15589,17643
17150: 14023,15504,14042,15135,16621,16860
17151: 13851,15187,14641,13698,14562
17152: 12415,15243,15431,17899,11887,15746,11745
17153: 12079,7628,17947,15550,14703
17154: 75,11992,15110,15777,14044,12748
17155: 9326,15496,12272,13800,9125,15453
17156: 14033,12807,832,14223,18017,12759
17157: 16320,17141,14204,15616
17158: 11811,17465,18461,16778,13281
17159: 388,330,387,386,17655,329
17160: 2732,16763,2630,2530,2631,2733
17161: 13630,2945,14912,16367,17894
17162: 17171,15376,13831,16896,16508
17163: 12387,255,12539,11784,14803
17164: 1236,1152,15606,15196,14207,14713
17165: 7517,14024,17398,14350,15003,7627
17166: 11859,15619,14827,16885,12411,15471
17167: 12941,12822,13254,11981,13075,6165
17168: 13043,15630,16853,18349,17172,18247
17169: 13086,12255,13415,15406,12146
17170: 9809,9714,14665,14390,9617,9618
17171: 17162,15722,13831,15103,14143
17172: 14639,16132,18247,18172,15630,17168
17173: 13834,11454,18569,13335,15277,13278
17174: 13309,15262,5141,13637,12026,5255
17175: 12810,17305,14217,14006,14253,16338
17176: 11632,11587,17674,11630,11586,11631
17177: 3801,12738,13177,13979,18397,3691
17178: 17282,16801,12377,13262,17409,16926
17179: 12418,15127,13740,14613,16321
17180: 12156,17615,12178,14435,13091
17181: 13141,13964,18025,16267,12989,15620
17182: 13261,13489,14513,15645,18251,13726,17350
17183: 15407,14020,16891,17184,18593,9523
17184: 16891,17183,13719,9523,15033,13758
17185: 11582,11627,11628,11583,11626,11534
17186: 17444,15850,13894,12555,15117,15545
17187: 12988,10850,14152,12470,16822,12927
17188: 17422,15674,9810,17277
17189: 16995,15100,11817,13722,16111,16834
17190: 12634,13068,77,14254,16008
17191: 7179,6954,7066,7180,17825,14670
17192: 11972,13107,12825,908,13071,11996
17193: 16438,15461,16954,12606,15397,14025
17194: 11685,11648,16050,12517,13592
17195: 14169,11918,79,16236,45,14843
17196: 13808,4467,14432,11921,12865
17197: 16926,16779,13826,16372,14603,13810
17198: 15536,15130,13870,12733,12367
17199: 17439,15208,17914,17051,13829
17200: 14109,17081,15072,12088,14594,12291
17201: 17399,14036,14174,17390,15478,11941
17202: 13931,11995,15216,14794,16857,15306
17203: 18433,15949,16208,13243,15368,18577,14947
17204: 13544,12428,15536,17504,13870,13604
17205: 14305,15185,17310,14,17392,17701
17206: 16158,9225,14774,14906,16517
17207: 18557,619,11978,12076,14203,13314
17208: 17462,976,1053,975,16851,899
17209: 15455,15303,15047,13682,13885,12540
17210: 15616,15644,15897,17709,14439,2636
17211: 11709,11738,11707,11708,11673,11672
17212: 14503,11791,16949,14821,15416,13887
17213: 2237,14823,16826,2140,15553,16420
17214: 15407,14020,14317,12880,17253,17926
17215: 13636,17579,17850,17419,13782,12687
17216: 13996,14673,16408,12852
17217: 12646,14266,14059,16725,14177,12092
17218: 2338,2437,14480,2436,2537,2337
17219: 14696,13716,17775,13566,15284
17220: 12248,5027,4913,12491,5140,12285
17221: 13312,16778,13281,14919,18038,15887
17222: 915,916,994,917,840,995
17223: 14834,12538,14076,11778,16591,15528
17224: 17811,12573,14570,4022,16054
17225: 190,16912,14374,239,238
17226: 17654,14880,16715,13353,14770,18470
17227: 15574,15558,15062,16892,12881,9998
17228: 5592,5479,17558,5478,5365,16713
17229: 18119,12627,13821,18560,15052,11951
17230: 15485,17142,485,11791,17247,14591
17231: 14945,16410,14922,18347,11275,17919
17232: 14986,12284,13285,14541,15148
17233: 13872,18274,16492,12899,1491
17234: 333,390,391,278,17578,332
17235: 17453,9420,9321,9220,16974,9320
17236: 14810,8710,17982,16621,13666,14888
17237: 12764,14273,11872,16027,12499,13780
17238: 14372,13958,12592,14348,14201
17239: 15068,14920,14722,11774,15449
17240: 16210,15310,15215,17949,13259
17241: 14265,13156,14461,11713,11678,12808
17242: 18161,2944,17064,15133
17243: 16114,12260,13504,15380,15390,2044,2335
17244: 13299,16852,18408,15137,12509,14759
17245: 17371,17041,12955
17246: 170,125,171,14030,15946
17247: 485,14503,16709,11791,15189,17230
17248: 17301,618,17302,16330,16897,15175,15047
17249: 10349,10435,17687,16937,10436,10521
17250: 11770,15761,16270,15015,11974,13786
17251: 16874,15104,13526,13677,15069,15207
17252: 14116,16166,13145,17632,15514,14135
17253: 12880,12881,17101,17214,17926,15574
17254: 17330,14409,15656,17423,16703
17255: 11614,11615,11616,15623,15870,16764
17256: 11560,13052,11510,13222,12244,11511
17257: 11512,17660,11561,11513,11562
17258: 16860,9124,15461,12606,16680,14042
17259: 26,3,12990,14189,12614,25
17260: 13236,15730,12196,12888,18067
17261: 687,15041,14680,15689,13265,16501
17262: 13791,16012,13806,13943,13800,9425
17263: 11659,11619,11660,11620,11661,17417
17264: 15111,11338,12391,12410,17912,17093
17265: 13434,16982,11834,11878,14980,13519
17266: 15146,13448,14804,15105,13478,16562
17267: 14732,15629,15600,16961,14068
17268: 501,502,567,500,438,568
17269: 10850,15141,16755,17872,12485,13790
17270: 14607,14071,12566,13828,14791,12054
17271: 16534,13898,12338,16797,15401,17843
17272: 14553,909,17369,15171,13307
17273: 5143,16854,12732,14869,11829,16758
17274: 15218,14595,16439,14677,12385
17275: 8073,8072,8181,8071,8180,17043
17276: 4138,3917,4027,4028,18143,16940
17277: 15752,9810,13159,17188
17278: 13376,14463,14906,13218,18524,9022
17279: 12063,16972,16943,13992,17298,16967
17280: 13880,12550,12266,11206,14976,11207
17281: 15490,14003,12576,18533,17466
17282: 14696,16801,17178,12377,15284
17283: 12870,12439,14840,14417,17321
17284: 13440,13779,16639,15088,17761,16599
17285: 16797,15401,15969,13668,14818,15677
17286: 13865,14474,12724,18184,12706,1580
17287: 12846,7294,15575,14661,16893,16655
17288: 12436,14998,15557,12900,14413
17289: 12230,13172,6,13694,13645,15236
17290: 9329,9230,17773,9130,9231,9330
17291: 14851,14544,16738,15111,13342,14563
17292: 12524,13699,16326,13555,13700
17293: 13562,13994,15480,14215,15101,17311
17294: 12351,14219,14319,13484,12010,12553
17295: 16223,17133,14823,15553,17750,1949
17296: 15413,14632,14716,16506,17676
17297: 11779,13384,15242,16239,14771,3155
17298: 15732,13992,17708,17279,16967,12830
17299: 17973,8704,8597,8809,8703,8598
17300: 11878,15342,12723,12708,12399,13519
17301: 13556,17302,17248,14720,15455,15047
17302: 17313,14854,17301,13556,618,17248
17303: 11779,15289,14771,13418,16398
17304: 13744,11950,16837,12416,15564,12654
17305: 12810,17175,12938,9904,14217
17306: 8707,8812,8708,14251,18068,13389
17307: 12631,15832,14014,12063,13968
17308: 15860,18194,12239,14326,15772,15086
17309: 16789,14974,15139,15789,14448,13269
17310: 17511,17205,14305,14095,15185,15561
17311: 12010,13924,15101,12553,14215,17293
17312: 16990,12293,13496,15479,157,12554
17313: 14854,13556,17302,15416,13305,18191
17314: 17982,13666,16438,16428,14960,11948
17315: 14829,12941,6278,11976,6506
17316: 18548,16992,16895,13938,15970,13949
17317: 13530,13364,15263,15161,11885
17318: 13232,14094,16850,15986,17510,14701
17319: 14654,14681,18290,16064,18213,16318
17320: 13317,11799,13433,16451,16417,16942
17321: 13421,13485,12315,12439,14840,17283
17322: 12345,15382,12055,15983,14717,15575
17323: 12995,16468,14797,15900,18522
17324: 10693,17112,10692,12771,12613
17325: 772,628,697,698,17055,18064
17326: 1072,991,18163,992,993,1073
17327: 11208,13880,12266,13788,11140
17328: 15503,16719,14988,16582,12264,18030
17329: 12924,15561,16737,15564,12654
17330: 2944,14409,17254,15656,18330,15585
17331: 13310,14032,16373,15241,11715,17060
17332: 17058,11066,11136,11065,11135
17333: 15259,17143,16431,14839,14536,17707
17334: 11754,12561,18345,13598,11753
17335: 14763,14911,15920,17550,15798,17886
17336: 13447,11798,16501,17712,13265,14311
17337: 13196,11748,15756,12091,12923
17338: 12607,3693,17778,14475,12342,14212
17339: 13763,16909,5369,12662,16904
17340: 4237,4238,17074,17845,4126,4348
17341: 13434,16978,12927,15369,17016,15084
17342: 11927,15850,14188,15226,17693
17343: 11933,14097,15076,1148,13312
17344: 13410,12830,14014,15079,13316,3476
17345: 18267,12669,13016,13915,12081,18198
17346: 17135,17608,17087,14489,11,15494
17347: 17967,11782,13647,15599,14012,11974
17348: 13527,12575,13651,18524,9225
17349: 15241,14997,17384,15222,12556
17350: 13261,14513,17182,16317,15304
17351: 15534,13861,12833,13454,15055,16406
17352: 15408,1857,12845,15178,12953
17353: 15277,13812,11852,17619,18441,11854
17354: 11396,11395,14924,15753,13320,17928
17355: 14781,17096,18436,8710,14888
17356: 15048,13500,8067,13080,13089
17357: 16709,15189,18366,16710,11789,14573
17358: 11903,12661,14091,12112,18121,14393
17359: 16303,14953,15051,12457,12462,15067
17360: 15653,14359,15781,15782
17361: 1483,1482,1481,1396,17121,1395
17362: 11989,253,14969,13303,14081
17363: 16804,13923,15565,12287,13555
17364: 15837,17450,15844,14398,13151,18571
17365: 17400,14729,1670,12435,18089
17366: 12519,12703,17067,13025,486,14245
17367: 12129,18125,12948,14134,12936,14209
17368: 3912,13067,12842,13087,12872,3913
17369: 17103,13673,16573,15171,909,17272
17370: 11011,17378,11082,11012,11083,18395
17371: 17245,12955,15845,14430
17372: 7741,7851,12726,17065,12568,17946
17373: 18414,13407,15990,13688,14830
17374: 14842,13559,15174,12537,16312,18444
17375: 18061,18187,13356,18080,16510,11957
17376: 14003,14085,12862,15387,12072,18277
17377: 13969,13083,16790,14753,15573
17378: 11011,11010,17370,10937,10938,11012
17379: 17071,2144,2145,2241,2242
17380: 15728,16839,13972,17099,15360,11935
17381: 15382,14717,16760,18259,12336,11807
17382: 14712,14312,16831,15764,17090,13668
17383: 12672,15634,16871,15615,13818,12794
17384: 13358,16688,17349,17647,15222
17385: 604,605,14298,673,18287,15220
17386: 6166,14926,6053,17603,6167
17387: 14755,15218,14825,18375,11783,16964
17388: 16135,15282,15960,12526,16110,13749
17389: 15153,16872,13511,15446,14005,15447
17390: 15833,15159,14272,14174,15478,17201
17391: 18070,16156,13369,14993,12356
17392: 15115,14,15680,18429,17701,17205
17393: 15840,16460,18190,15884,17440,18492
17394: 13012,12821,10531,15931,13121,10615
17395: 17149,14158,14088,17439,15208,15560
17396: 14348,12712,15981,14607,6504,14372
17397: 12956,14857,14410,17875
17398: 12684,7517,15003,17165,12916,15842
17399: 14036,14174,17201,15563,1949
17400: 17365,13746,12615,12435,15738
17401: 16727,8810,8704,8809,8913,8914
17402: 105,104,14022,144,145,189
17403: 14672,13349,14737,11684,16318,14681
17404: 2844,2741,2843,2740,18280,13238
17405: 16068,13339,15393,15809,11684
17406: 17139,16770,16787,13551,15524
17407: 10174,10084,10083,17136,10265,10175
17408: 10085,9992,10176,10084,18016,17136
17409: 13262,15323,17878,14801,12377,18002,17178
17410: 11719,15757,18051,16965,14856,16606
17411: 14897,11861,11643,12596,14061,15960
17412: 16570,14954,13968,16206,15438,17648
17413: 17001,14065,15487,13723,16827,15162
17414: 16112,16453,18559,12208,15591,17034
17415: 15860,12239,17474,16563,15122,18360
17416: 12896,12317,13891,14335,12479,14243
17417: 11661,11660,17263,15567,15457
17418: 15844,16002,17539,17601,14398,17908
17419: 16360,13782,43,15371,17215,17850
17420: 195,17146,243,194,244,295
17421: 15466,18100,2336,12249,13629,13641
17422: 17188,15674,11926,18367
17423: 16924,16703,16951,15839,14409,17254
17424: 15803,14142,13769,1855,12930,12978
17425: 15856,14768,14874,13477,13226,14844
17426: 14035,15649,12793,14566,11997,12931
17427: 11664,17480,18203,11663,11699,11700
17428: 8391,12210,8390,13072,13876
17429: 13142,200,17431,199,13103,11975
17430: 14430,15884,13199
17431: 13142,248,17429,14407,199,247
17432: 17092,158,14952,17685,13477,14844
17433: 15072,11762,17110,12291,15011,16782
17434: 14837,12047,12931,15061,12068,14035
17435: 15859,16149,17879,14436
17436: 18411,14596,17028,13466,14805,17497
17437: 12198,8499,15690,13817,14246
17438: 13368,15243,14899,16767,16880,15431
17439: 17199,17395,15208,15560,16176,17914
17440: 15884,13199,18190,18111,17393
17441: 10184,10185,10360,18105,10094,16683
17442: 7628,17947,15001,12366,18514,14087
17443: 15638,11774,15449,13496,15479
17444: 13894,12600,17186,15117,15272,17587
17445: 14448,16859,16789,12465,12252,9
17446: 12127,11985,16832,15182,13165,15665
17447: 14203,620,13314,12095,552
17448: 14049,8173,8064,8065,13819
17449: 14729,11892,16717,15551,15803,12740
17450: 17364,17026,15506,13151
17451: 16105,13240,16214,17639,15899,14694
17452: 16377,14850,16037,17044,13355,17895
17453: 9519,9420,9321,17918,17235,9421
17454: 16746,11943,12316,13866,14171,11646
17455: 10858,10781,10934,10857,10933
17456: 14510,16339,17590
17457: 12717,17042,13249,14125,11947,13927
17458: 15389,15114,17008,17827,13702,4354
17459: 12292,17535,17929
17460: 14893,7295,7407,12795,12943,12959
17461: 13814,14071,7069,14791,13008
17462: 1055,976,1054,17208,18328,1053
17463: 13276,17613,15901,14492,13248,17467
17464: 14561,18207,16820,15353,11785,16425
17465: 11811,18461,17158,15231,16053,11874
17466: 15252,17091,11935,17281,12576,18533
17467: 16828,13248,18406,16941,17463,14492
17468: 14494,11814,17704
17469: 15925,15908,17486,17507,14504
17470: 15927,13318,17544,17592
17471: 13916,14942,12819,15978,16003,13338
17472: 16293,14518,17677,15963
17473: 12749,13941,16927,15533,11682,16714
17474: 12239,16540,13719,17415,18360
17475: 15486,15854,12656,16675,11793,17781
17476: 16014,15938,18106,16007
17477: 1947,15358,1854,14383,12797
17478: 14116,15488,13145,11747,18472,15064
17479: 14640,13286,14534
17480: 11664,11665,17427,17018,11701,11700
17481: 15985,18497,14728,1671,16711,11891
17482: 17048,13942,15313,16973,17491,15278
17483: 17537,12309,15971,17747,14616
17484: 17031,254,15826,15265,14820,13978
17485: 14521,13268,15921,18041
17486: 15925,17469,12365,17621,14504
17487: 15939,15201,16696,18387
17488: 15941,16091,17716,17638,17617
17489: 13240,13231,13450,17821,17718
17490: 16133,13369,11787,18054
17491: 16907,15294,16835,17048,13942,17482
17492: 17795,18529
17493: 14580,15176,12059,15228,3476
17494: 15974,17537,15975,14620,17553,17659
17495: 11483,11533,11482,11535,11582,11534
17496: 11612,11567,11568,11569,11519,11520
17497: 15087,13586,18554,17436,14596,14805
17498: 15180,13795,16853,15668,15621,18247
17499: 16071,11800,14491,15891,17633
17500: 17735,17688,18023,18235,15923
17501: 15936,14517,18011,13315
17502: 16175,15956,14519
17503: 17920,17942,18009,15966,14967
17504: 13544,13554,17204,15536,18164,12433
17505: 15848,4465,13634,17512,14148
17506: 6958,12795,13024,14686,13672,7070
17507: 14504,17523,14502,13246,17469
17508: 11769,14571,17691,17953,17636,15940
17509: 16007,13043,17518,15630
17510: 10357,14733,15986,13028,17318,14094
17511: 15529,14095,17310,14136,15561
17512: 15848,4465,17505,16994,12717,17042
17513: 15910,17551,15953,18035,13322
17514: 11742,15951,14531
17515: 13618,17543,15961
17516: 14772,15972,18518,14502,13246,18547
17517: 16116,15973,11602,17810,16199
17518: 16007,17509,15630,12353,14639,18106
17519: 16190,13458,13277,18171,17783
17520: 12583,17029,11827,13728,14718
17521: 12710,11712,14001,14328,12937
17522: 14494,16154,11814,17631,18361,15984
17523: 18425,17507,14504,18510,16354,14502
17524: 12869,15926,13564,14520
17525: 16259,12365
17526: 17576,0,17796,15928
17527: 13395,16058,17600,17753
17528: 14532,14984,18109,15014
17529: 14505,14569,17616,17551
17530: 2742,2640,2639,2539,2743,15320
17531: 12657,15829,10090,11945,14358,18276
17532: 15263,13864,10180,16170,16856,11885
17533: 15410,18245,7958,15527,13821,8177
17534: 759,16164,15549,18555,13690,12733
17535: 15916,12292,17459,17717,18546
17536: 15959,17930,13411
17537: 15974,12309,17483,17494,17659
17538: 17891,14577,16290,15988
17539: 16002,17418,17601,2636,17141,15616
17540: 16004,17584
17541: 17729,18331
17542: 15310,12318,18156,13654,18346
17543: 14981,17927,15961,1066,17515
17544: 15927,14542,17470,15422,16902,18428
17545: 17997,13334,15112,13757,7739,18176
17546: 12317,13891,15439,18091,16669,18253
17547: 15126,15847,13422,17114,15442
17548: 12547,16439,16743,14691,204,14677
17549: 15488,15845,14462,18472,12955,16035
17550: 15920,13159,17335,17886,13160,15752
17551: 17513,15953,17529,14569
17552: 15957,16502,12358,18034
17553: 16587,14620,15975,17494,18039
17554: 13330,16013,18196,17625
17555: 16040,12341,17628,16148
17556: 15908,17849,16055,18547
17557: 16077,14660,17733,15965,13340,18374
17558: 5592,5819,17228,5591,5478,5705
17559: 11001,17799,17562
17560: 14521,13608,18401,15921,15987
17561: 14537,17733
17562: 17559,17799,14549,18079,16039
17563: 14633,17869,14698,16021,17798,16079
17564: 15947,18523,12711,11742,16564
17565: 15041,12567,16897,15175,12674
17566: 15398,12007,18055,16262,12357,15442
17567: 17804,18255,17929,12408,15977
17568: 18509,15993,16980,13982
17569: 16005,14602,17765,16041,17670
17570: 18187,16014,18080
17571: 16020,14921,16519,14617,18087
17572: 14560,17584,16128,17769,16028
17573: 16057,12820,17866,17740
17574: 16081,14815,17826
17575: 12077,13090,16450,9905,16988,9811
17576: 0,13912,15989,16898,17526,17796
17577: 23,12126,15366,14824,22
17578: 334,333,391,17234,392,18221
17579: 13636,17215,13760,12687,11931,18204
17580: 1052,1053,974,1133,1054,1134
17581: 15498,17620,16697,14490,12920,17015
17582: 13471,16864,14511,17990,17943
17583: 18284,18236,15951,18117
17584: 16004,12290,14560,17540,17572,18076
17585: 14617,18167
17586: 15936,16082,17649
17587: 13703,15272,13493,17444,15117,16580
17588: 16058,12361,17600,16024,17675
17589: 14220,12372,17876,14179,15705,11833
17590: 13348,16339,14581,13289,15913,17456
17591: 16063,17755,13512,550,17680
17592: 16067,13441,17470,13318
17593: 16083,18413
17594: 13283,13403,16177,16341,15996
17595: 13419,17638,17737
17596: 17608,14489,17678,13406,16099
17597: 16006,14619,17671,16526,18263,13381
17598: 16018,18101,14944,18098
17599: 12443,17731,16047
17600: 16058,17588,17675,18233,17753,17527
17601: 17418,17539,2636,17908,14439,13194
17602: 14452,14330,12967,5256,5257,5144
17603: 5940,6054,6053,17386,6167
17604: 1956,1955,2051,18542,1861,1860
17605: 11800,16216,14491,13241,18494,16062
17606: 14614,12861,16055,17800,308
17607: 17748,15915,8498,15939,18289
17608: 17135,15948,17346,17596,14489
17609: 16045,12350,18469,13399,16125
17610: 17857,14651,16021,16079
17611: 16116,11602,16882
17612: 16128,16319,14757,18329,14826,13260
17613: 17463,15982,13276,14592,15901,18475
17614: 15049,13315,18075
17615: 12156,15702,17180,14456,13091,14185
17616: 17529,14505,18405,14569,16840,17902
17617: 14533,15941,17488,18319
17618: 11602,17810,17006,13366,18495
17619: 15277,17353,17644,16831,11854
17620: 15971,15498,17581,14380,14490
17621: 18425,14504,15958,12365,14586,17486
17622: 16035,13208,18111,15845,14430,13199
17623: 14892,18589,17634,16085,18463
17624: 16081,13492,16094,18244
17625: 16379,16498,18196,16155,17554,13330
17626: 674,745,744,672,673,18287
17627: 16409,14380,13832,14733,15142,15986
17628: 15909,18239,16148,17555,14640
17629: 18180,16102,14643,16644,12700
17630: 17887,16240,16152,17085,16130,14709
17631: 11814,17522,15984,16179,16751
17632: 16396,15514,14135,15518,17252
17633: 12306,17499,14491,15891
17634: 12329,14892,16101,17623,16109,16085
17635: 13345,16424,15950,15370,14935,12494
17636: 15940,17508,17691
17637: 16088,17738,13373,12512,18123,17667
17638: 17595,17737,16091,17488
17639: 16105,17451,13471,14694
17640: 16106,14996
17641: 14723,17932,18527,16125
17642: 16129,15143
17643: 15589,12970,15979,17883,17149,14158
17644: 13834,17619,16831,17090,13298
17645: 16483,14546,18288,18391,14529,16612
17646: 14744,17697,16168
17647: 13311,15222,16237,13358,17384
17648: 15195,15964,15438,17412,16206
17649: 16059,14693,17586,16082
17650: 16082,18011,16647,17,14548,14693
17651: 16133
17652: 14621,16047,17672,12443,17736,16141
17653: 17696,16180,16146,12486
17654: 17226,16715,16153,18337,13308,18470
17655: 386,18210,447,17159,387
17656: 550,14678,18191,13584,18551,14854,16315
17657: 12786,11005,16043,13614,12238,11075
17658: 14577,16290,17807,18145,16652,18501,11824
17659: 13400,14620,16015,14616,17537,17494
17660: 11512,11461,17257,11462,11513,17840
17661: 17841,2430,2530,2631,2531,2431
17662: 12354,13346,16346,13873,12438,12372
17663: 14732,18332,16205,16180,12486
17664: 16169,15996,13403,17718
17665: 16118,11909,16639,18261,17702,16545
17666: 12306,17833,16151
17667: 18123,16574,16542,17637,13373
17668: 14692,12645,16451,15184,16679
17669: 14590,16319,13541,16151
17670: 17793,15215,17784,17569,14602,17765
17671: 17597,14619,15019,17019,16089,13381
17672: 14621,17652,12407,17736,17791
17673: 12201,11596,18570,11547,11548,14457
17674: 11673,11632,11672,17176,11671,11631
17675: 12352,16024,16103,17588,17600,18233
17676: 12454,14928,16500,15413,14632,17296
17677: 18353,14572,17688,14518,17472,15963
17678: 16149,17879,13152,13406,17596
17679: 14549,13329,16545,16160
17680: 13512,18295,17755,17591,16192,17854
17681: 12708,13028,17030,10528,12723
17682: 16479,17084,13289,15913,1579,15943
17683: 17838,16300,16836,15154,13318
17684: 307,13332,16255,18321,18581
17685: 12538,14076,14952,17432,15647,13477
17686: 18169,16923,15156,16081,13492,17826
17687: 10605,10520,10435,17249,10521
17688: 17735,14572,17500,17677,15923,15963
17689: 14659,16104,17694,13273
17690: 14813,17948
17691: 11769,17508,17717,17636
17692: 18236,15947,14819,18523
17693: 15226,12390,12785,17342,14188
17694: 16104,16769,13273,17689
17695: 16730,14744,13325,17697,16935,16121
17696: 16629,17653,16180,12680,18238
17697: 14744,13325,17646,17695,18530,16168
17698: 13411,18438,16900,18093
17699: 13531,14766,16428,17794,12476
17700: 6732,6506,6278,12183,14325,6619
17701: 17392,15494,15750,17205,14305
17702: 11909,18189,17665,17828,14589
17703: 14593,16177
17704: 16179,17468,14626,11814
17705: 18070,16156,14644,16233
17706: 16098,16242,15054,16807,11759
17707: 17711,15411,16431,17143,17333,15949
17708: 12288,15732,17746,16695,13992,17298
17709: 18248,15644,17210,15897,2738
17710: 12383
17711: 12406,17707,14947,15411,16488
17712: 12674,15303,13682,13265,14311,17336
17713: 14938,17768,18146,12339,15976,18258
17714: 15957,17863,14659,16029
17715: 15379,12463
17716: 15941,16091,12301,17488,18019
17717: 15916,17535,11769,16136,17691
17718: 13403,17821,17489,17664,16169
17719: 16072,16191,10773
17720: 16207,17790,14507,17725
17721: 15921,18534,16246,17941,15987,17936
17722: 12479,11765,14335,15388,19
17723: 5141,16348,15785,15193,13637,12565
17724: 11859,16494,16515,16885,12514,13749
17725: 17832,17720,14507
17726: 16541,14525,17837,13730,13324,12398
17727: 18074,14677,14668,254,15826,12385
17728: 8073,7964,7963,8181,8182,8074
17729: 16010,17541,16076,12374
17730: 16133,11787,12407,18186,17791
17731: 17599,12443,17760,13474,18410
17732: 16918,15232,12703,14720,17067,15734
17733: 14537,16077,17557,17561,13340
17734: 17811,13253,15114,18268,17100,15984,16087
17735: 14572,17500,17688,16127,16571,18235
17736: 17759,16138,16141,17652,17672
17737: 13419,17595,17638,16152,16091,14709
17738: 16190,16088,17637,13458,13373
17739: 13457,15928
17740: 14646,17866,18134,16057,17573
17741: 16231,17804,14704,16243,15121
17742: 16477,13615,13282,14718,16416
17743: 17771,16748,14799,13809,13384,18572
17744: 13323,15363,16752,15093,15106,11796
17745: 4132,12040,15869,12169,12431
17746: 12288,16145,13992,17708,16108,12463
17747: 18142,15971,15893,10270,14616,17483
17748: 14514,15915,17607
17749: 14529,15924,17808,18,18288
17750: 12869,15926,1949,17133,17295
17751: 18054,15968,16181,16329,18186,11787
17752: 15982,13276,18285
17753: 18029,18233,17600,17527,15998
17754: 12826,17131,17012,12969,12052,15815
17755: 17591,16192,17680
17756: 13011,554,623,624,692,13201
17757: 15865,18352,17900,12222,14427,15863
17758: 15005,14740,18027
17759: 16138,14756,17736,16337,16141,18486
17760: 17731,14860,18410
17761: 16639,15473,18446,16383,13779,17284
17762: 14018,12384,12334,3583,15456
17763: 13534,13522,15199,13475,12380,12527
17764: 12432,16836,18382,18594,15681,13599
17765: 17569,16041,15940,14571,15215,17670
17766: 15967,13319,12383,18071
17767: 16080,18047,18439,16261,17985
17768: 14938,17984,17713,16098,18146
17769: 16128,14590,16319,16028,17572
17770: 18315,13333,15964,16175,14519
17771: 15959,16198,17743,16748,14799
17772: 13361,13409,11555,14943,13532
17773: 9129,9230,9028,17290,9130
17774: 16157,17787
17775: 12498,13480,14696,15054,17219
17776: 15684,15302,13609,13943,12912,9620
17777: 15821,763,837,762,14711,838
17778: 3693,12764,14273,17338,14212,3803
17779: 16777,14694,18313,11792,16214
17780: 16251,14903,17965,17820,18026,11337
17781: 15271,14812,11793,616,17475,12656
17782: 16985,12480,12419,16573,16472,15428
17783: 15962,18171,17980,17519,13458,14743
17784: 17793,12318,17670,14602,18,15991
17785: 15997,13341,16150
17786: 16093,17986,1,14615,15989,17796
17787: 307,16255,17774,16157,17859
17788: 16260,16045,15967,13319,12350,17815
17789: 13319,17815,16349,18528,14867,18133,18071
17790: 16207,16552,17720,14578,14507,13412
17791: 16138,14765,17730,12407,17672,18186
17792: 14020,14317,16891,15467,18183,12638
17793: 15310,12318,15215,17670,17784
17794: 13531,17699,12476
17795: 14514,17492,15934,12688,18529
17796: 17576,15989,17526,16093,15928,17786
17797: 15999,16375,18351,16996,16039,17799
17798: 16134,16021,13383,17078,17563,14698
17799: 11001,17559,17562,16039,15999,17797
17800: 14614,16055,15460,17606,16256,18547
17801: 15924,18530,16168
17802: 16200,12071,12476
17803: 16146,12486,13531,16205
17804: 16231,17567,17741
17805: 15166,16233,16614,14644,16532,18383,18603
17806: 16259,13301
17807: 18073,17658,16290,18501
17808: 16005,14602,18,17749
17809: 13333,15956,14519,16032
17810: 14555,17517,11602,17618,16199,13366
17811: 13253,17224,12573,17734,16087,14570
17812: 17966,12383,16183,17887,14674
17813: 15143,18266,18563,16129,16311,14707
17814: 12148,13188,10925,15373,12104,14927
17815: 17788,13319,17789,12350,18469,18528
17816: 4022,14576,12573,15078,13962
17817: 14921,16519,13563,14822,16199
17818: 14846,18324,17864,16283,12012,16734
17819: 16293,16358,17896
17820: 16295,18026,11337,17780
17821: 13283,13403,16144,13450,17718,17489
17822: 13482,13896,1231,14804,1316
17823: 13783,4021,13472,17128,15307
17824: 13618,17963,15004,14527,16424,15950
17825: 6953,6954,7066,17191,6842,6841
17826: 16081,17574,14815,17686,16923,16807
17827: 13735,15227,17008,17458,15114,17100
17828: 11847,17882,14589,16561,18189,17702
17829: 12059,18434,16726,11932,14638
17830: 16232,10441,13139,15571,12003
17831: 16442,17988,18380,12451,16292
17832: 15993,16017,13412,14507,17725
17833: 17666,16151,16062,17856,13541
17834: 16429,16209,15006,17951
17835: 17836,16296,16320,14912,14904
17836: 17835,16296,16320
17837: 13345,14525,15370,17726,12398
17838: 16794,17683,16300,18069,13441
17839: 11882,12557,12633,38,16334,13856
17840: 11462,11408,11407,11461,17660
17841: 2430,17661,18344,2332,2431
17842: 11616,15623,11617,11656,16693,11657
17843: 15163,16797,13898,17271,11557
17844: 15992,12320,15909,18239,18226,15937
17845: 4237,17340,4347,18333,4459,4348
17846: 14449,13208,15922,14900,18111,18558
17847: 11764,14541,17989,16030,16448,17013
17848: 15011,15624,13439,11762,12892
17849: 308,15908,17556,16055
17850: 13636,17215,15330,18545,17419,43
17851: 15588,8497,14077,12170,13876
17852: 15741,15024,16623,15421,16559,16203
17853: 16743,16732,12440,14691,16090
17854: 18015,16192,18335,17680,18295
17855: 13333,17094,15195,15964,16034,11797
17856: 14785,16216,17833,13541,14757
17857: 17610,13985,14651
17858: 14471,14751,15151,18272,2238,2141
17859: 14755,17923,16157,16255,17787,18321
17860: 13720,15184,18259,12336,16119
17861: 13051,2535,13081,14336,15319,12191
17862: 3258,3259,3364,15214,16485,3365
17863: 17714,12358,13709,17126,16029,14501
17864: 18284,14846,18324,12376,17818
17865: 11830,17939,16072,18166
17866: 14646,17740,115,16208,12820,17573
17867: 18403,18407,16292,16867,15027,16271
17868: 18420,16324,18260,18271
17869: 16327,14633,17563,11452,14698
17870: 13910,13578,35,13027,13570,36
17871: 772,771,18358,847,848
17872: 12753,12485,17269,16755,13855,14011
17873: 6960,6848,6959,15775,6847,18368
17874: 16731,14661,15608,14054,16584
17875: 17906,16282,17976,17397,14857,14410
17876: 11763,14940,14220,12438,17589,12372
17877: 16804,13923,2737,16583,13168,15174
17878: 13931,15323,11740,17409,18002
17879: 15859,17435,17125,16149,17678,13152
17880: 16209,12464,13330,16379,16547
17881: 14593,16177,15058,16341,15191
17882: 11847,17828,16561,14782,16196
17883: 15589,15979,17643,18597,17125,13152
17884: 18548,16548,16895,13065,18443,14278
17885: 16847,14705,16271,12636,16623,16226
17886: 18419,18482,14763,17335,17550,13160
17887: 17966,17812,16240,17630,14674,16152
17888: 16287,15331,13608,18401,17893
17889: 18036,16302,18373
17890: 13211,15138,15831,14359,15782,13123
17891: 17538,13387,18299,14577
17892: 16080,13341,13404,15997
17893: 13608,15331,17888
17894: 16367,14605,16178,17161,13630,15344
17895: 11870,13355,14843,16377,17452,18346
17896: 16293,16358,12329,14892,17994,17819
17897: 16063,14902,13584,18260,16294
17898: 15533,13291,15590,16984,11644,17089
17899: 13840,11887,16264,17152,15746
17900: 13194,17757,15863,14439,14284
17901: 16376,15872,15897,15806
17902: 16840,18433,13243,18021,14569,17616
17903: 13302,12116,13743,12557,18483
17904: 14508,13409,11555,14977,14897,13035
17905: 17980,16608,14690,13458,13373
17906: 17875,17133,17976,15926,13564,14857
17907: 14315,14094,10443,14683,11962,10357
17908: 17418,17601,14398,13194,14427,16218
17909: 16191,16656,16558,18286,10773,14995
17910: 14121,13374,13424,14706,15704,16843
17911: 15234,16617,14894,16697,14841,18421,13843
17912: 15111,13342,17264,13467,15894,17093
17913: 18022,16252,16402,16350,11842
17914: 15311,15615,17199,17439,16176,13818
17915: 11830,16332,14894
17916: 15920,16706,9810,13159,16307
17917: 14672,13349,11716,13967,15548,18388
17918: 17453,9519,9518,9616,9420,18220
17919: 12332,11275,14937,14979,14922,17231
17920: 14545,17503,18009,18031,17983,14967
17921: 16738,13467,13342,14802,15209
17922: 16182,16071,14556,17938,16321
17923: 16150,13446,17859,18375,16157
17924: 12192,16450,13092,13609,18409
17925: 11001,13622,15999
17926: 14026,14046,14317,17214,17253,15574
17927: 14981,18227,16403,17543,1066
17928: 12851,13320,15521,11396,17354
17929: 12292,17459,12408,17567
17930: 15959,14799,18093,12466,17536
17931: 12577,16266,12331,11982,18385
17932: 14723,17641,16402
17933: 13612,16135,13420,16284,14356,11861
17934: 13536,17959,18217,14860,16227
17935: 14545,13348,14581,18009,16186,15516
17936: 13268,18534,18072,17721,14966
17937: 14984,17995,15952,16411,16626
17938: 16071,14556,17922,11800,18494
17939: 11830,16332,17865,18242,18166
17940: 15490,13660,12576,18513,15367
17941: 17721,16246,15987,14872,16423
17942: 16339,17503,15966
17943: 16384,13471,17582
17944: 12588,16405,18001
17945: 12624,13945,18306,11949,15211,17033
17946: 7961,12568,7851,7852,17372,7962
17947: 17442,12079,7628,15559,17153,15001
17948: 14813,16182,13381,18263,17690
17949: 14652,14571,17953,17240,16210,15215
17950: 13490,18065,16238,13491,16274,14622
17951: 16429,15006,17834,17007,15506
17952: 16150,13446,13341,18440,16732
17953: 17949,11769,14652,17508,14571,16297
17954: 2339,14229,14472,2241,2340,18462
17955: 14938
17956: 16401,18147,14955
17957: 12393,15011,12672,15634,16782,15624
17958: 15279,6731,12841,18157,12305,16117
17959: 13536,16386,17934,16159,16227
17960: 16368,14981,18227
17961: 16706,9810,13065,15674,14278
17962: 17124,15093,758,13306,12419
17963: 13618,17824,14527
17964: 17967,13958,16066,14885,6390
17965: 18124,16251,16196,17780,11337,14782
17966: 16183,14793,17887,17812,14948,16240
17967: 11782,13647,17347,13958,17964,14885
17968: 11452,14698,16886,16963,18503
17969: 14907,16601,13598,16001,18049,15873
17970: 306,11780,15888,12985,12032,14467
17971: 13256,13130,16742,12316,11991,11943
17972: 8285,8392,12475,8286,12400,13817
17973: 8705,8706,8704,17299,8599,8598
17974: 15993,16017,11826,16980,18432,12347
17975: 15780,12598,14508,15619,16885,12514
17976: 16223,17906,16282,17875,17133,18444
17977: 18479,16144,18077,12437,16301,18431
17978: 13401,14756,17111,16262,18055,15346
17979: 14699,18132,18508,11856
17980: 16608,17905,13458,14743,17783
17981: 18362,13329,14779,16545,18261,15088
17982: 17314,8710,13666,17236,14960,16674
17983: 18031,16362,17920,14967,12632
17984: 16217,17768,11759
17985: 18439,17767
17986: 16311,16093,17786,12430,1
17987: 16869,16387,13671,18450
17988: 5483,16442,17831,12451
17989: 15049,13315,16030,16448,17847
17990: 13471,14511,16777,17582,14694
17991: 14883,16368
17992: 13530,18384,16187,17076,16280,14608
17993: 12847,15383,15367,13463,14833,14816
17994: 16358,14892,18589,17896,16004,18076
17995: 14532,17937,18034,16411
17996: 16436,16534,16685
17997: 14753,16774,17545,13334,13509,13757
17998: 1483,1571,1572,1397,1396,1484
17999: 16478,16078,14584,13260
18000: 16209,15006,14101,16547,13721
18001: 16405,17944,18356,15013
18002: 14801,15123,15610,17878,11740,17409
18003: 15402,18024,15028,12655
18004: 4470,4357,4358,15200,4136,4246
18005: 18257,16314,16225
18006: 16327,16363,16295,18026
18007: 16445,13718,18206
18008: 13198,12004,13788,13137,11140
18009: 14545,13348,17503,17920,17935
18010: 13476,13545,14092,15386,18264,13802
18011: 15936,14517,17501,16082,17650,16647
18012: 18535,14993,12356,5710,15968,14618
18013: 3162,3055,3161,15824,15535
18014: 18124,16251,16464,16493,18477,13623
18015: 16490,17854
18016: 10084,9991,9898,9992,17408
18017: 14033,832,17156,14368,12562,12817
18018: 1579,15943,13940,15642,11956
18019: 16130,12301,17716,16646,16461
18020: 13791,13092,12559,15302,15717,15852
18021: 16113,16666,76,15953,14569,17902
18022: 17913,18094,16252,16402
18023: 14593,18235,17500,16476
18024: 16479,15402,18003,12655,14510
18025: 13141,14274,17181,12989,12725,11506
18026: 16295,17820,18006,16363,14903,17780
18027: 15005,14740,18069,16131,17758,16422
18028: 13941,16927,12604,16033,13961,15611
18029: 18205,16102,16167,17753,15998
18030: 14988,17328,12264,12884,14477
18031: 16362,18386,17983,14545,17920
18032: 18367,16474
18033: 16489,18075
18034: 17552,16502,17995,16411
18035: 15910,17513,13322,16533,18604,14989
18036: 17889,16302,13717
18037: 14103,15807,13837,11752,15508,11751
18038: 14919,12644,15023,16778,17221
18039: 16474,15043,16587,18464,17553,17118
18040: 14153,18301,16703,18229,14364,2840,15714
18041: 12588,14966,17485,13268
18042: 12340,16340,14652,16210,14611
18043: 16484,15070,16535,16845,18048
18044: 408,407,349,406,467,468
18045: 14157,16983,15342,12723,15351
18046: 1408,1495,1496,1321,1322,1407
18047: 16080,17767,13404,14669,16090,16261
18048: 16620,15070,18043,16489
18049: 16001,12884,14378,15679,15873,17969
18050: 16456,16533
18051: 14233,14240,11743,11719,17410,16606
18052: 12057,14403,14383,1854,1762
18053: 10782,10781,10702,10780,10703
18054: 17751,15968,17490,13369,11787,12356
18055: 13883,17566,12007,15346,17978,16262
18056: 3696,3805,3915,3587,3806,3697
18057: 12590,14912,16367,16296
18058: 16718,16124,18083
18059: 16513,16401,13680
18060: 16520,14995,13622,18179
18061: 12651,17003,17375,18187,16523
18062: 16539,12590
18063: 16107,16859,13406,14575,12252,16099
18064: 772,771,17055,17325,770
18065: 15255,13490,18309,17950,14622,18237
18066: 16436,14996,16534,16044,12338
18067: 9522,9715,12196,13644,13236,17260
18068: 17306,8707,8812,8600,8811,8706
18069: 14740,16131,18027,13441,16794,17838
18070: 17705,17391,16156
18071: 18133,16183,13319,17789,17766
18072: 18534,16075,17936,13839,14966,16394,13638
18073: 16475,17807,15052,18119
18074: 15297,17727,14719,204,14677,14668
18075: 15049,16489,18262,17614,18033
18076: 16004,12290,17584,11917,18589,17994
18077: 14731,16144,17977,14628,12437,18399
18078: 16537,12463,18088,16145
18079: 14549,18362,13329,16039,17562
18080: 16014,15938,13356,17375,18187,17570
18081: 12382,13567,16736,16905,15334,18579
18082: 16565,4916
18083: 18519,13359,18058,16536,15082
18084: 15755,15312,13899,15289,13459
18085: 12933,12942,16887,13646,14021,17106
18086: 16565,18129,16544
18087: 14921,17571,15973
18088: 16539,15098,16537,18078
18089: 12435,17138,15516,17365,16788,1670
18090: 17052,11717,15668,12130,12945,18511
18091: 12317,17546,17044,12445,16669
18092: 15538,16249,14075,12069,15858
18093: 16049,12466,17930,17698,13411
18094: 18022,16252,16430
18095: 16442,18178,18380,18188,16491,18275
18096: 16939,15255,14068,14198,15629
18097: 16671,14612,18102,18158,14994
18098: 16953,16421,12397,17598,18101,14944
18099: 15772,15086
18100: 17421,15466,13205,13641,2536,13610
18101: 17598,18370,16512,18098,12397
18102: 16155,16747,18158,14796,14612,18097
18103: 14796,16440,16547,14612
18104: 16563,15122
18105: 14093,17441,10185,10360,10274
18106: 17476,14547,16007,17518,12353
18107: 15172,18258,12339,16779,14603
18108: 15842,15608,14054,12684,12055,13830
18109: 17528,14984,15952,15014,18404,13707
18110: 16314,13345,16225,15950,14525,14527
18111: 17622,13208,17846,18190,13199,17440
18112: 11557,13606,18354,16997,14908
18113: 11851,11396,13662,12595,15811,11395
18114: 2436,13641,13610,13944,16171
18115: 13531,14741,16205,14766,18332
18116: 15934,14832,16508,16816,16642,12349
18117: 14531,15951,14846,17583
18118: 15233,12454,15092,18279,13532,14928
18119: 18501,17229,12627,18073,15052
18120: 18160,15120
18121: 14091,12112,11853,17358,14078,12840
18122: 14639,16132,11743,12353,16880
18123: 12512,18373,17667,17637
18124: 18014,16251,16196,16391,17965,16493
18125: 1671,14161,12948,12936,18497,17367
18126: 16381,12632,18532,17127,16979
18127: 14993,5710,18379,16156,14644,16532
18128: 16536,18420,16324
18129: 16565,18086,16867,16544,15285,18407
18130: 13218,15694,15240,17095,14898,13708
18131: 15150,16597,16538,18149,16524,8711
18132: 16613,17979,16106
18133: 16183,18071,14793,13354,17789,14867
18134: 14646,18439,13385,17740,16261
18135: 193,149,242,150,243,194
18136: 14687,14493,12369,18591,10694,11877
18137: 15935,16119,12645,15053,18475
18138: 14205,17147,77,12011,15096,13363
18139: 11702,11703,11732,15759,16097
18140: 13955,12929,5482,12014,15433,11831
18141: 5596,11836,12583,11913,13901,18211
18142: 16409,15971,15893,14380,17747
18143: 4138,4248,17276,4027,4247,4137
18144: 14565,15659,14369,12613,10693
18145: 16345,16652,13387,14577,17658
18146: 16098,16361,18250,17768,17713,12339
18147: 16401,17956,18417,14955,16433,18265
18148: 7182,16504,12357,16829,17114
18149: 16538,18131,16896,15103,8711
18150: 18584,16595,18181
18151: 17126,14498,16053,14501,11811
18152: 15040,16671,16440,14728,14645
18153: 15150,16597,18529
18154: 15166,16616
18155: 17052,14166,15614,17025,15235,11717
18156: 17542,15310,13259,11918,79
18157: 11799,13433,12305,17958,16117
18158: 18102,16747,18097,1490,15381
18159: 17022,16181,16329,6391,14710,16092
18160: 11742,16564,18120,15120
18161: 17242,16198,16625
18162: 11987,15995,13148,10527,10442
18163: 1154,1155,1072,17326,1073
18164: 13554,15536,17504,15130,15231
18165: 4125,4236,4015,4016,4237,4126
18166: 16072,14649,18430,16197,18242,17939,17865
18167: 16469,17585,18316
18168: 13752,12518,15412,12586,15102
18169: 17686,14695,16923,18454,15156
18170: 16054,16032,18341,16776,12335
18171: 16024,16103,15962,17783,17519,13277
18172: 14233,16132,15621,14240,17172,18247
18173: 14619,16526,12650,18193,15375,16900
18174: 16029,14498,14501,15244,13273
18175: 13735,12629,13313,13297,12549,15784
18176: 7739,13327,15550,16291,17545
18177: 13547,14787,18347,16391,16493
18178: 5483,16442,18095,16616,18188
18179: 13622,14910,18351,18286,18060,14995
18180: 15108,16640,17629,16644
18181: 16595,15115,13,18150
18182: 18248,2738,14904,12778,2945
18183: 12192,15852,14026,12638,17792,14317
18184: 13101,12706,12103,14588,13865,17286
18185: 16279,14654,16068,14540,13339
18186: 17751,16181,17730,11787,14765,17791
18187: 12651,17375,18061,17570,18080
18188: 16616,16614,18095,18178,18275
18189: 11909,13617,17702,13547,17828,16561
18190: 14449,18111,17440,15503,18492,17393
18191: 14821,14678,17656,17313,14854,15416
18192: 18257,16541,18575,15028
18193: 12650,16889,15019,12852,14619,18173
18194: 14442,12239,14326,17308,18468
18195: 14509,14942,13338,14019,11788,363
18196: 16498,18404,17625,16013,17554,15014
18197: 15492,17140,14820,13499,12483,13849
18198: 17345,12229,13915,12081,12560
18199: 13178,17137,1668,1667,1577,13073
18200: 16676,15105,13478,15370,12398
18201: 13777,16207,18238
18202: 15064,16510,16933,16523,11747
18203: 11623,11664,17427,11622,11663
18204: 74,11931,11992,17579,13760
18205: 18029,16102,16167,12700,13860
18206: 15005,16422,18007,13718
18207: 14561,17464,13264,18422,18598,16425
18208: 16484,13744,16837,14,13776,18429
18209: 15765,12945,13091,18256,14185
18210: 445,446,447,385,386,17655
18211: 15094,13513,11836,18141,13901
18212: 13761,13143,2736,2635,12233
18213: 16064,12352,16103,15962,17319,18290
18214: 14038,4467,15784,17008,4354
18215: 13518,16121,16483,14721,13325
18216: 16643,18303
18217: 16677,14983,17934
18218: 11686,13592,13054,13495,15701,15026
18219: 12046,6845,14893,7070,13525
18220: 9518,9616,9615,17918,9712
18221: 335,393,334,17578,392,453
18222: 15220,603,671,672,673
18223: 17009,11569,11570,11614,11615
18224: 13777,16552,18237,16056,15116
18225: 12203,14426,11212,15699,15523,12963
18226: 16083,14534,12321,15937,13286,17844
18227: 14981,17927,17960,16403,11803,18307
18228: 13506,16488,15368,14920,16463
18229: 14126,14364,14041,15524,15714,18040
18230: 13267,12354,11763,12438,14535
18231: 13387,18299,18564,16345,14634
18232: 14867,13466,14642,16349,15104,16100
18233: 14653,17753,12352,17675,17600
18234: 16668,14881,14667,17116,16253
18235: 18023,15058,17735,17500,16127
18236: 17692,11714,14819,18284,17583
18237: 16552,18224,14622,16056,18065,18309
18238: 16629,17696,18201
18239: 15909,13286,17628,17844,14640
18240: 16975,16805,14007,14852,13372
18241: 15297,204,15638,13824,12547
18242: 13843,16550,16197,18166,14841,17939
18243: 11547,11495,11548,11496,11546
18244: 16094,11758,16460,17624,13492
18245: 15410,13953,17533,8177,16930,13353
18246: 13392,13662,15525,11983,12718
18247: 15621,17172,18172,17498,16853,17168
18248: 2738,17709,18182,15806,12778
18249: 13921,3691,12109,13019,18397,16173
18250: 16098,18146,16361,16242,16801
18251: 13489,17182,13726,13711,15740,15165
18252: 13838,18302,13529,15106,12625
18253: 11958,12695,16669,17546,15439
18254: 12314,16134,13383,17006,18451
18255: 18318,16243,13360,17567,15977
18256: 12945,18209,14185,14166,12994
18257: 18005,18192,16225,16541
18258: 16596,15976,18107,17713,12339
18259: 15276,13770,17381,16760,17860,12336
18260: 17897,17868,16294,16400,18271
18261: 16639,15088,17665,17981,16545
18262: 15049,16489,16815,18075,16620,11950
18263: 16006,17597,17948,13381
18264: 15386,14524,14777,13476,18010
18265: 14983,14929,18582,18147,14955,16433
18266: 15143,2,17813,16698,18563
18267: 13016,12120,17345,12081,7737,7847
18268: 17734,17100,15984,16751,12307
18269: 13397,14951,13783,4021,16806
18270: 16308,16641,18386,15749,13692
18271: 16658,16400,17868,18420,18260
18272: 16879,14751,13217,17858,14671,2238
18273: 15361,7294,18544,13248,16941
18274: 13872,17233,13520,13413,12326,16492
18275: 16491,18561,18095,18188,13750
18276: 12657,14358,17531,9905,9811
18277: 14183,12072,12048,17376,12862
18278: 14512,14536,17062,12395,16412,16662
18279: 15233,14928,18118,12411,16615,15471
18280: 2741,2740,14684,17404,13937,2638
18281: 13506,12620,11771,14920,15449
18282: 46,18476,11870,45,16956
18283: 14697,16733,15992,12819,12321,15937
18284: 14846,17864,16254,17583,18236
18285: 6844,17117,16522,15982,17752,18460
18286: 14910,18179,13703,16558,17909,14995
18287: 606,605,17385,673,674,17626
18288: 14546,15991,17645,18,14529,17749
18289: 15939,14558,17607,8498,11835
18290: 14743,14654,17319,18213,15962
18291: 16139,16179,14624,15073
18292: 15192,12654,12416,14682,15712
18293: 15234,17015
18294: 13529,14478,15377,13838,616,13935
18295: 18335,16281,13512,16371,17680,17854
18296: 16524,15086,14326
18297: 16609,16907,15294,13638,18356
18298: 16718,18502
18299: 17891,13387,18231,13680,18564
18300: 2,16698,17075
18301: 14153,13168,18040,2737,2840
18302: 11796,13838,15271,18252,15106
18303: 12012,15181,18216,16643
18304: 13427,15127,13740,16249,16977
18305: 15306,13576,13311,16443,11937
18306: 12624,14397,17945,11757,16813,13945
18307: 16368,18227,11803,14883,18491
18308: 13231,16214,15899,16631,15907
18309: 15255,16056,14068,18065,18237
18310: 13370,16286,16957,12692,14495,13573
18311: 14553,16473,909,16773,14987
18312: 12520,14084,14440,11984,12750,11883
18313: 14486,11792,18437,16214,17779
18314: 15216,13438,15323,13826,13810
18315: 17770,16387,16175,18450,16206
18316: 14617,16325,18167,16020
18317: 13481,18396,13245,15726,15720,12295
18318: 16243,16808,13360,17079,18255,13714
18319: 15941,18416,17617,14533,16038,15144
18320: 12400,13587,13287,14441,14861,8392
18321: 17684,16255,14773,14755,17859,14825
18322: 4130,14597,12298,4241,4131
18323: 14656,14961,16390,13331,16528
18324: 17864,12376,17818,14667,16734
18325: 15146,13448,12346,13861,1147,18580
18326: 13934,18336,12335,15956
18327: 15854,16772,12656,11970,548,13935
18328: 1055,1136,17462,1054,1135,1134
18329: 14785,14826,16309,14757,17612
18330: 3049,15585,12691,15133,17330,16625
18331: 15181,12374,16643,17541
18332: 17663,16140,18115,14741,16205
18333: 4571,4458,4347,4346,17845,4459
18334: 16020,16519,13563,13625,11601,16741
18335: 16281,18295,16490,17854,15060
18336: 15260,13934,18326
18337: 17654,16153,16378,16642,12349,13308
18338: 17013,14548,12284,16647
18339: 16730,13912,16692,18340
18340: 0,13912,18339
18341: 18170,4022,16054,14576,16032,13326
18342: 17117,16522,15392,15053,12645,16679
18343: 13234,15153,12340,16340,16802,18540
18344: 2330,17841,2429,2430,2331
18345: 17334,14103,11754,12561,15807
18346: 16377,13654,17542,79,14843,17895
18347: 16410,14922,17231,18177,16464,16493
18348: 12836,16570,16206,16869,16387
18349: 16640,13043,17168
18350: 15260,13934,16776,16060,16744,18364
18351: 13622,15999,14910,16375,17797,18179
18352: 15865,12222,17757,16453,13293
18353: 14572,17677,18466,14518,16109
18354: 13606,18112,16685,16302
18355: 13301,13251,15958,18366,16710,14586
18356: 13839,18001,15013,16609,13638,18297
18357: 13849,11785,17068,15827,12582,13601,12483
18358: 772,698,699,17871,848,773
18359: 14606,16470,18572,14673,16239
18360: 15122,9523,17474,13719,17415
18361: 15902,14494,16154,18364,17522
18362: 13329,18079,17981,14779,16211,18537
18363: 15181,16668,16761,16734
18364: 15902,16154,18361,18350,16060,16744
18365: 10002,9910,13884,9909,9908,10001
18366: 16710,18355,14586,17357,16568,14573
18367: 17422,18032,11926,12626,17118
18368: 6736,6735,6847,6848,17873
18369: 14936,15193,15170,5142,13468,12565
18370: 16084,14574,16512,18101
18371: 15098,14605,12288,14738,16145
18372: 14344,11985,12744,12022,12871,7295
18373: 17889,18123,16302,13606,16574
18374: 13340,13417,15965,17557
18375: 14755,13446,17923,15218,17387,14595
18376: 2534,2635,13686,13701,12233
18377: 9520,9521,9422,15658,9617,9618
18378: 12722,9813,9907,14408,9814
18379: 14656,18127,14961,5710,16532,13405
18380: 16442,18095,17831,15027,16491
18381: 15504,8815,13429,15554,14810,16621
18382: 17764,12432,16794,16300,16836,13759
18383: 13750,16413,18603,17805,16614
18384: 10270,17992,16187,13400,14608
18385: 12577,11982,14141,14413,17931,11844
18386: 18270,18031,16362,15113,16308
18387: 15201,17487
18388: 15614,15235,12683,11716,17917,13967
18389: 66,16720,12363,14102,68
18390: 8925,9028,8821,8822,8926
18391: 16483,14546,14850,14721,16037,17645
18392: 12628,4132,14288,13472,12461,14396
18393: 15751,16220,5256,11973,12714
18394: 13982,18406,16941,15435,18509
18395: 11152,11151,11083,18442,11082,17370
18396: 13245,18317,12295,14764,15808,16452
18397: 13019,12738,17177,3691,18249
18398: 14284,16376,14323,13239
18399: 16723,12437,14724,5823,14628,18077
18400: 15146,14804,1147,15791,1231
18401: 13608,17560,17888,14872,15987
18402: 18456,15349,18418,16861,12836
18403: 15655,18407,14675,17867,16271
18404: 16498,18196,16747,13707,18109,15014
18405: 14505,17616,16840,12820
18406: 16828,17467,18394,16941
18407: 18403,15285,14675,17867,16867,18129
18408: 17244,12457,16238,16852,13491,15137
18409: 14334,13609,17924,9620,16222
18410: 14655,16227,13474,17760,17731
18411: 17436,13466,14642,11846,14805,15626
18412: 14307,40,41,12116,15443,12766
18413: 16083,17593,12321,13417,14697
18414: 15055,13661,13407,17373,13688,12618
18415: 297,14923,352,298,16380
18416: 15941,12301,18319,16038,11454,13335
18417: 16513,16401,16687,18147,16433,12601
18418: 16869,15349,18402,12836
18419: 16901,17886,18482,13160
18420: 17868,13613,18128,16658,18271
18421: 16617,17911,16775,13843,15273
18422: 18207,13264,16425,16120,14598,14509
18423: 13412,11826,16274,16238
18424: 16930,16715,11835,16153,16899
18425: 17621,14504,17523,16568,16354,14586
18426: 14038,4466,11946,12308,15427
18427: 16838,18543
18428: 16902,17544
18429: 15115,14,13776,17392,18208
18430: 16072,16191,14649,18166,16656
18431: 14742,16301,14485,15907,18479,17977
18432: 14688,11826,17974,13347,12347,16531
18433: 16840,16208,13243,17203,17902,12820
18434: 12059,13711,17829,14638,13933
18435: 14723,16215,11842,16925,18527,18541
18436: 13521,11838,15016,17096,17355,14888
18437: 11792,15173,15451,14486,18313
18438: 15375,17698,16900
18439: 18134,16261,16811,17985,17767
18440: 16439,16732,14691,17952,13446,14595
18441: 15277,11852,14851,17353,16738
18442: 11152,11151,18395,11218,11219
18443: 13065,14316,15834,15009,18548,17884
18444: 16223,16312,16282,17976,13559,17374
18445: 12869,16922,15563,16979
18446: 15473,17761,13244,14909,16457,16383
18447: 14862,16652,15071,11824,16665
18448: 12071,16932
18449: 5823,12381,13513,15570,16462
18450: 13671,16175,17987,16387,18315
18451: 13985,14651,18495,17006,18254
18452: 11859,16494,14827,13563,14822
18453: 15034,15033,16628,16756,13758,12623
18454: 18169,14695,16414,15156,13675,16582
18455: 15402,17084,16624,18575,15028
18456: 18525,18402,15349
18457: 14869,13416,11829,15688,13494
18458: 14786,16975,14852,15118,15444
18459: 15154,16441,16836,18594,14828,12863
18460: 6844,18285
18461: 16230,17465,13281,17158,15231,13554
18462: 2440,2341,2340,2339,17954,2439
18463: 12452,16085,16557,14930,11917,17623
18464: 16587,16015,13665,14775,17118,18039
18465: 16799,15052,15201,11951
18466: 13280,18353,14572,16571
18467: 14000
18468: 18194,14442,14326,15762,14387
18469: 17609,12350,17815,14585,18528
18470: 12090,13308,15670,14770,17654,17226
18471: 1571,1482,1570,1661,1662
18472: 15488,13145,14462,17478,17549
18473: 14037,15679,13675,14988,17097
18474: 6729,6842,6954,12259,14338
18475: 17613,14592,15901,15935,18137
18476: 11870,17044,13355,18282,12445
18477: 13623,16586,14979,18014,16464
18478: 13102,17021,16604,15562,8816
18479: 13450,17977,18431,15907,13231
18480: 15777,16412,17005,14044,16662,14268
18481: 11269,11203,11202,11270,11204
18482: 16901,15420,17886,18588,18419,14763
18483: 13009,15942,14039,12116,17903
18484: 18510,16354,17061,13386,15248
18485: 11899,16805,16925,18541,13677
18486: 13474,16504,17759,16337,16141
18487: 14660,14574,16611,13323,15363
18488: 10858,10782,17057,10781,10783,10704
18489: 11573,11618,11617,11572,16764
18490: 16838,15422,16902,18506
18491: 14883,16953,16421,16581,13540,18307
18492: 15503,16719,18190,17393,16460
18493: 14048,4694,4806,4582,4581
18494: 17605,15980,11800,13241,14556,17938
18495: 13985,18451,16882,17006,17618
18496: 6844,17117,15378,16928
18497: 12936,17481,14447,1671,18125
18498: 14614,12861,16968,18517,15121
18499: 11408,11463,11409,11407,11351,11350
18500: 16172,13822,15452,1316,16562
18501: 18119,11824,12627,17658,17807
18502: 12002,16104,16124,18298,16718
18503: 14845,14778,11452,17968,12313
18504: 14055,12925,14877,13565,38,12664
18505: 16769,12608,15244,16313,16598
18506: 16838,15422,18490,16947,12818,18543
18507: 14767,16558,13371,16656
18508: 17979,15144,16684,16038
18509: 17568,15435,16980,13982,18394
18510: 17523,16354,18484,14502,13321,15248
18511: 14233,15621,18090,15668,12130
18512: 14802,12414,13670,15864,15477
18513: 14889,17940,12576,15367,14816,10529
18514: 6957,14010,15001,12366,17442
18515: 15629,16783,8284,14198
18516: 13891,15439,14109,17081,15651
18517: 12861,18498,14704
18518: 14772,16793,17516,15460,16256
18519: 16499,13359,18083,16124,12608
18520: 16874,14585,13526,16215,13399
18521: 15808,255,12539,13785,13481,12295
18522: 17323,16468,14241,15718,12778
18523: 17692,14739,14819,17564,12711
18524: 17278,14906,17348,9022,13527,9225
18525: 15379,16943,18456,16861
18526: 15463,14010,17069,13304,11804
18527: 18435,14723,16215,13399,17641,16125
18528: 14585,16349,16100,17789,17815,18469
18529: 15150,18153,17795,17492,12688
18530: 17801,16612,16168,13325,17697
18531: 9803,9897,9898,9804,9899
18532: 15429,18126,16922,16979
18533: 17281,14003,15728,18586,11935,17466
18534: 18072,17721,16246,16075,17936,14493
18535: 14656,5710,18012,16465,14618,16528
18536: 16861,12836,16570,14954,16972
18537: 17037,16211,16593,16599,18362,14779
18538: 11765,17102,15348,12164,12803,13136
18539: 13151,15520,13150,18559,18571
18540: 13234,18343,16142,14604,14761
18541: 18435,11842,16925,14959,18485
18542: 2052,17604,1956,2051,2148
18543: 15331,10358,12818,18427,18506
18544: 16086,7294,18273,15901,13248
18545: 12395,17850,15330,15018,12467
18546: 12292,17535,16142,16673,16136
18547: 17800,16256,17556,13246,17516
18548: 17316,16895,17884,15009,18443,13949
18549: 17003,16523,11747,17041
18550: 13469,14625,1582,1673,13869
18551: 16294,11794,13584,17656,16315
18552: 16699,13691,15018,16622,15022
18553: 350,407,295,349,348,294
18554: 11211,14805,14339,12900,17497,13586
18555: 13690,14685,12733,17534
18556: 12641,13561,11869,15258,17033
18557: 17207,15774,12135,619,11978
18558: 13208,15868,17846,14900,16986
18559: 15520,16112,13150,16453,18539,17414
18560: 15527,17229,12627,13821,16665
18561: 16491,12636,16623,18275,13750,16559
18562: 16638,13233,14512,14989,11766
18563: 17813,16681,16698,14871,18266,14707
18564: 16513,16687,18299,18231
18565: 16740,14663,17023,13501,13294
18566: 13324,13822,15452,12398
18567: 16350,15294,16944,12813
18568: 14089,12172,15374,12140,5367
18569: 13834,16684,17173,11454,16632
18570: 12201,12530,17673,16304,11598,11597
18571: 13151,18539,17364,14398,16218
18572: 16470,18359,13384,16239,17743
18573: 15356,16615,12640,16521,12314
18574: 14604,16708,16705,15977,16673
18575: 18455,16624,15028,16541,13730,18192
18576: 62,60,61,96,97
18577: 16208,17203,15368,115,16463
18578: 10856,10780,10779,10857,10701
18579: 13372,12382,13567,15069,18081
18580: 12420,15417,12346,13448,18325
18581: 13332,16040,17684,16189
18582: 14929,18265,16433,16959
18583: 16127,16571,15042,13282,16514
18584: 18150,16595,16845
18585: 15229,15352,11839,17024,13462,13594
18586: 15728,17099,14003,18533,15387
18587: 15395,15122,9523,16908
18588: 15423,16901,15420,18482,16890,16954
18589: 14892,17994,17623,18076,11917
18590: 8285,8069,8286,17131,12969,13833
18591: 16246,16423,12369,14493,18136
18592: 12309,14490,12920
18593: 15407,16960,17183,9523,16908
18594: 17764,16836,18459,13599,16657,14828
18595: 13718,15502,16745,17101,16445
18596: 12304,15451,14486,14485,16631,12302
18597: 16107,15979,17883,13406,13152
18598: 12341,14561,16162,18207,14543,13264
18599: 14722,16507,14669,16090,12440
18600: 11397,15894,12495,15477,15637
18601: 16898,16692,16935,13794,15268
18602: 17026
18603: 16532,18383,13405,16413,17805
18604: 13470,16533,12616,18035,14989