0: 1057,2059,3512,2601,2166,1126
2: 968,2936,457,650,2813,2715
3: 1116,3929,3412,569,1696,2185
4: 1698,3809,3392,749,180,3574
5: 915,3798,2311,3519,1681,2096
6: 3802,1270,1889,1861,3514,3648
7: 3451,2497,3811,3008,1495,1568
8: 2682,1572,3819,3460,59,2125
9: 2451,1482,967,3850,1639,3235
10: 2033,3956,3298,980,1089,2210
11: 1180,1642,2354,3220,1962,4034
12: 434,592,4077,1592,608,2745
13: 628,389,3099,3825,4083,708,2030
14: 3288,1052,3345,2928,4085,1688
15: 3787,725,2279,3379,1506,2834
16: 672,1692,460,1938,4092,1762,583
17: 1835,1066,4094,1113,2466,3515
18: 1975,4095,3189,2137,1550,3450
19: 3465,2971,4096,699,3696,2025
20: 203,1227,3936,2771,301,522
21: 3110,3126,867,594,2101,2369
22: 3032,253,2143,2309,922,3953
23: 3168,1390,155,2994,2014,3411
24: 3353,850,448,1908,2508,2316
25: 2268,4011,1774,2165,3855,3047
26: 1108,187,2215,3896,3791,1599
27: 3448,2167,1846,694,2015,3911
28: 1419,3920,1366,2077,2759,1508
29: 311,1841,3084,3355,2919,1745
30: 848,3993,1422,3949,784,3133,1455
31: 4007,1362,3765,1430,544,3203
32: 720,1146,303,2960,3121,4023
33: 4035,2320,2506,1657,1325,808
34: 1628,489,325,853,2591,4051
35: 3031,1498,1806,3509,2955,3885
36: 3941,1634,1973,403,152,4070
37: 1900,363,2998,2561,2824,4072
38: 1744,3815,4075,1003,3327,4059
39: 2619,1674,2248,3893,1265,1913
40: 3674,1555,2531
41: 3217,842,1357,2403,2969,1728
42: 2428,3274,3208,510,954,2995
43: 1539,3079,674,3578,343,119
44: 804,1776,3608,1686,2789
45: 3373,3722,2741,2480,3979,1771
46: 1090,2818,2208,3553,477,3863
47: 1368,2917,1924,2146,2287,3901
48: 3939,1438,2288,1971,2600,313
49: 1423,1988,322,2447,4004,2914
50: 3043,4009,977,3236,3403,1472,3422
51: 1554,2134,1277,3527,450,2541
52: 2051,4037,2438,3102,1429,1653
53: 2703,3071,2543,607,3945,4061
54: 2426,2088,4074,74,3275,3992
55: 2958,1260,3936,1802,1317,4076
56: 621,1334,479,4081,3960,1087
57: 3444,4088,3400,3920,1508,3999
58: 1157,869,1088,2050,2071,2968
59: 2614,1631,2099,2125,1572,8
60: 316,3063,3632,1813,2148,1792,3021
61: 640,532,551,226,1727,2671
62: 499,3428,1534,2475,2803,3415
63: 3361,1756,2437,2413,1724,2344,3449
64: 1328,2636,951,3082,3670,3222
65: 1244,3730,2473,964,3987,98
66: 3118,3801,736,3890,2858,3049,2641
67: 2761,3313,3807,2302,1816,347
68: 2429,3845,3498
69: 1963,2112,1598,3873,4040,2396
70: 1723,2979,441,3909,509,3705
71: 1071,3218,1718,1702,746,1076,3914
72: 722,2079,2069,3923,3698,629
73: 1965,3371,2960,1976,1811,3969
74: 2426,1369,54,4074,2747,1977
75: 3641,1772,4020,1006,1562,1237
76: 3251,723,2188,4022,1097,3125
77: 2755,3677,3016,1829,1389,2060
78: 1644,2402,3775,2082,2007,2760
79: 3701,3178,3086,864,2255,3635
80: 1607,3439,2316,534,2100,2021
81: 1299,3090,2271,3386,3593,1858
82: 1048,1781,2717,3646,1748,197
83: 3680,1821,963
84: 540,752,1273,1939,3726,3374
85: 446,2337,2374,1458,1020,3793
86: 3870,3409,992,1209,2560,4054
87: 2986,1421,3197,3897,1228,3263
88: 2686,2805,1321,3972,1830,3583
89: 2027,826,1447,780,3978,2073
90: 245,2157,3997,3780,2639,1132
91: 981,4002,2640,3457,3960,1699
92: 3000,212,1502,2228,2571,1280,1303
93: 4015,3013,940,2430,2568,863
94: 3792,1517,1581,4048,3742,3430
95: 2147,419,2748,1576,2488,4073
96: 2184,946
97: 1707,2291,2187,4057,905,2407
98: 3134,618,3987,65,3894,2473
99: 2606,3095,2586,3927,2683,1883
100: 830,2953,3455,3959,3103,505
101: 199,1322,1384,2387,896,3024,2156
102: 1085,1279,3362,3334,3926,3074
103: 1583,2048,498,1850,3101,2594
104: 3844,3199,3832,2393,1794,2711
105: 3017,2253,3767,1531,2081,3238
106: 3280,3543,1487,2272,2804,2906
107: 336,1442,1444,1986,3312,3520
108: 1614,1486,1907,3315,3437,2715
109: 3523,836,3737,847,3657,2219,2329
110: 1277,260,3644,2038,3364,657
111: 2363,3865,2410,3613,1257,2203
112: 3723,3417,2139,718,327,2582
113: 3096,2648,2709,350,3606,3421
114: 3268,1235,931,1451,828,3325
115: 1272,1755,2152,520,1445,4039
116: 3916,1358,345,2197,1807,2945
117: 1809,1750,3330,251,2382,3296
118: 158,3932,1857,2753,3058,3823
119: 1255,343,2740,944,43,3079
120: 924,738,3180,370,1756,3161
121: 670,721,3271,1951,3200,3272
122: 1783,196,1331,3169,3356,2795
123: 3610,2307,3619,3859,1619,2080
124: 2055,3955,589,3661,3938,1697
125: 3691,2150,782,1365,3188,2551
126: 1931,882,3786,1818,2439,2709
127: 2597,406,1319,3788,2980,1874
128: 4001,3833,1471,3616,280,3292,1463
129: 3779,170,2772,3835,1133,605
130: 1812,3841,1232,3611,2135,3359
131: 3860,2385,1613,2918,3333,676,3114
132: 3349,3304,266,3808,1838,4093
133: 2875,391,3852,3905,3616,2931
134: 2127,832,3400,1201,3492,1660
135: 2772,272,2849,2216,1801,734
136: 515,1596,1941,2945,3042,3916,2500
137: 720,1146,2598,3900,3306,299
138: 2584,2791,3309
139: 3532,2888,1690,2018,1008,4090
140: 2414,365,3483,3554,2776,1046
141: 1333,2910,3579
142: 611,3189,3542,257,3690,1550
143: 1230,483,3693,2329,1979,3393
144: 2949,1659,1322,2017,2387,1833,3757
145: 3267,1060,513,3780,3351,3997
146: 2231,3901,3821,2425,2917,1892
147: 1972,3828,3830,424,1415,3711
148: 704,1981,1958,432,3844,3372
149: 3846,3744,643,1477,1315,3904
150: 3861,3913,594,2164,1560,2656
151: 2698,223,3569,1902,3106,397
152: 1706,4047,4070,36,3941,1798
153: 3432,1800,1240,2324,1150,2049
154: 3826,2153,2742
155: 3168,3703,23,2994,2474,2869
156: 361,1863,3397,3659,1507,3328
157: 2651,3307,2549,1045,2401,561
158: 3367,577,118,3932,1983,2753
159: 1985,3685,3995,3463,3528,1056
160: 2421,2009,2495,3639,1324,3198
161: 731,1770,3652,2637,3642,3876
162: 3320,3666,1410,1381,1218,3721
163: 1879,1244,3075,3678,1743,2269
164: 1714,997,394,3689,2496,806
165: 3067,2707,521,1920,3699,1540
166: 3701,1853,864,1342,3494,469
167: 2785,3784,3728,2809,1720,3029
168: 1492,1881,2963,3881,3734,1914
169: 3777,1580,3467,1974,3872,3051
170: 129,3779,1851,2118,2772,272
171: 3875,1158,209,1600,3815,4075
172: 1160,3641,1764,3747,4020,2150
173: 1310,3982,560,2339,1469,2289,491
174: 1930,3558,1344,2646,2467,1313,2623
175: 2887,1352,3565,965,2581,2609
176: 1521,3305,3004,2663,584
177: 4093,1525,2682,3281,1271,3157
178: 854,1239,2076,2530,2468,2695
179: 3227,2749,1104,1541,3117,2822
180: 1698,4,3392,2379,1207,3225
181: 1304,2990,3331,576,1512,3230
182: 3448,2967,982,2003,3989,1849
183: 2756,1034,2137,1968,3482,1880,2578
184: 1917,567,3488,1921,3324,2947,3538
185: 1785,3795,1250,449,3566,2911
186: 1240,2324,3454,2040,648,3568
187: 3605,2215,2042,26,1108,2943
188: 3672,2747,1977,2592,3609,2328
189: 1406,3624,1144,1318,792,3293
190: 2533,3718,895,2688,2938,1249,2265
191: 2397,2151,442,4014,1918,1725
192: 1172,2240,2230,976,3045,1843
193: 2399,3954,302,3459,2178,3540
194: 2376,1476,3391,626,1206,1673
195: 482,1224,3568,1021,2091,3454
196: 122,3356,1597,2527,314,2795
197: 388,3535,2691,3646,82,2717
198: 3342,4013,2420,3539,411,2751
199: 1322,1948,1384,2774,2387,101,3547
200: 1220,1054,3550,3112,394,3689
201: 3620,265,4091,1290,2880,2198
202: 1889,296,3856,3648,793,2710
203: 1227,2090,20,3660,2202,2771
204: 3592,3676,1427,957,1243,2267
205: 1461,3259,3736,259,1485,2300,2916
206: 1085,458,3744,3132,1129,3334
207: 1143,210,2226,3831,2608,1370
208: 3424,1574,3196,3233,1076,3914,3862
209: 3875,1094,171,3681,4075,3977
210: 3800,599,1143,207,2226,2833
211: 697,1732,2630,2528,1568,353
212: 570,92,3174,2228,2571,2812
213: 2612,3272,1392,1749,3194,2603
214: 717,2676,2149,1645,4022,472
215: 2115,2701,1434,3300,2072,1656
216: 1302,3983,2716,3025,2032,2771,522
217: 3227,508,2462,3117,2856,1440
218: 1759,3636,3127,3994,2699,492
219: 478,1791,4067,1696,3897,3263
220: 427,1834,2720,3319,1459,3474
221: 3806,3487,2647,1666,3489,366
222: 1008,1515,3505,2775,1890,2018
223: 609,2698,1923,151,1749,3569
224: 535,1249,1069,2895,3604,2554,895
225: 1018,3218,3664,2634,2764,2114
226: 61,551,1441,3682,2491,2671
227: 875,3548,1873,1446,1351,3495,2323
228: 1100,3710,2800,634,3396,3176
229: 1796,2490,2238,1134,937,2449
230: 1263,2535,3728,2809,2569
231: 4055,799,1627,724,767,1042
232: 1528,1138,2961,2690,833,2280
233: 3212,1799,4058,3163,781,2836
234: 2903,3903,3338,1730,2304,1229
235: 3378,2861,2973,1109,3848,878
236: 1070,588,1896,3094,3434,3952
237: 3481,2679,3583,3573,1546,293
238: 3594,290,3522,3491,762,3590
239: 1481,2701,3601,2213,3300,3950
240: 3607,2454,1949,1017
241: 1877,3635,2739,2389,3248
242: 3714,1139,881,2256,1171
243: 3742,2332,883,2520,3792,973
244: 3609,2659,3766,2328,1998,888
245: 3745,1301,3794,2157,90,3997
246: 1882,2887,2223,965,1318,4038,3869
247: 1091,3967,467,3884,1454,2477
248: 1510,2179,2385,2398,2487,2632
249: 1978,1225,3633,1587,3308,2947,3538
250: 1371,789,3719,2004,2273,1582
251: 1135,3756,2670,2382,3296,117
252: 1164,2294,1437,2204,3837,2674
253: 3032,22,1466,1073,3571,3953
254: 2926,3892,3957,3288,1939,1359
255: 596,3381,3963,454,1928,1470
256: 1489,3477,3971,761,2305,2158
257: 3984,2618,3542,578,142,3690
258: 1363,4029,678,2412,3679,1780
259: 205,1461,3259,3736,3501,4052,2300
260: 2134,1277,110,580,657,4066
261: 2555,979,426,3562,1305,4079
262: 636,1993,1510,631,4082,3398,1873,1351
263: 1226,3547,3545,3397,4084,2657,1384
264: 3010,1500,1705,4087
265: 2546,1571,3620,985,201,4091
266: 3349,1578,2422,132,4093,1525
267: 2130,1599,2381,2989,2215
268: 2517,3090,2271,1712,883,598
269: 2293,2766,3512,2901,1788,3912
270: 367,1695,906,2320,658,1098
271: 2087,3574,2441,1312,731,2637
272: 135,3775,1851,170,2772,734
273: 1403,2564,2807,3669,3109,1063
274: 2458,3149,2116
275: 2371,3261,1395,2542,2201,682
276: 525,583,2406,3036,3760,2199
277: 960,2516,2440,1243,986,3357
278: 3653,2863,1216,3496,929,3425
279: 2985,3003,3141,3462,777,462,3765
280: 755,1471,3616,2931,128
281: 791,3651,1058,3718,2678,3140
282: 1533,3653,1987,4057,905,3496
283: 2843,2246,3730,3694,3805,964
284: 3647,3009,3771,1016,2472,1595,2251
285: 3005,3211,1648,3155,1651,3774
286: 3515,1680,3417,2319,1169,1944
287: 2375,3947,586,3735,3567
288: 1246,1123,2122,3160,3120,2987
289: 1942,3908,2965,3625,4039,3441
290: 238,467,1556,3522,3590,3702
291: 1617,587,936,2808,2837,3946
292: 1011,3403,3581,590,2005,977
293: 1546,860,2175,2805,237,3583
294: 2284,2572,1781,2415,3713,1655
295: 3800,1767,599,2974,2661,3354
296: 202,3856,2544,2241,793,2848
297: 1080,2844,889,3891,1364,2366
298: 3898,2297,1319,3788,2166,1126
299: 3900,1204,2878,137,693,2598,3595
300: 2932,1217,1391,3906,1933,2832
301: 1553,1802,437,522,20,3936
302: 2399,966,925,1439,193,3954
303: 3371,32,2960,3965,3586,4023
304: 4006,3028,3088,2155,890,846
305: 1985,3796,809,2373,3995,1275
306: 1852,2659,888,3776,2434,2498
307: 835,2712,969,2627,2357,2680
308: 728,1783,1685,1331,2631,3456
309: 608,2469,2810,2687,1154,2730
310: 3266,2912,2168,824,2829,1823
311: 29,3355,1745,1912,3840,3018
312: 4048,2697,1120,3755,1629,1462
313: 2600,2801,844,3447,1438,48
314: 2532,3058,2795,196,2527,1857
315: 3340,757,610,2735,3368,3260
316: 686,60,1195,3063,3632,1813,3350
317: 1115,3650,2298,377,1210,1099
318: 3675,3278,1366,2278,705,849
319: 2405,1093,953,1122,3804,3672
320: 3851,2044,1841,1159,2907,3724
321: 961,2590,3752,1547,952,2942
322: 676,1423,3769,49,3114,2447,2914
323: 1062,2659,3766,3776,1758,4000
324: 1292,1954,2095,851,2343,355
325: 34,1628,853,2097,4012,1703,1775
326: 2112,3239,3310,2874,932,550
327: 1672,1611,2582,3723,112,2237
328: 2239,1466,3973,1073,3435,1114
329: 1514,2244,1141,1815,574,2347
330: 3712,772,3286,3532,725,2279
331: 1626,1152,1792,2335,3021,1946
332: 3617,4049,770,2675,607,3219
333: 1072,2982,1294,692,2722,879
334: 794,2120,2593,913,1842,3903,1491
335: 1302,2470,1602,2841,3667,872
336: 107,1444,2976,3520,3443,2744
337: 3054,2798,2043,995,1485,2718
338: 517,2813,1565,2019,2783,2936
339: 2056,1011,2840,2685,3581,1496
340: 3560,2287,581,2905,3059,1924,1643
341: 372,1340,3019,2964,764,2074
342: 2570,3034,1175,2471,1066,2702
343: 119,2740,3887,43,3030,1539
344: 412,1623,749,3142,3078,2929
345: 116,1358,3373,3979,3048,1807
346: 1625,1789,3436,1241,3264,2199
347: 2302,1816,1817,2761,67,3499,2102
348: 2054,3575,3188,1852,1998,888
349: 3592,1427,2350,3046,2815
350: 3503,1721,3606,3318,3421,113
351: 2802,1388,3347,2952,2583,3612
352: 3861,2364,2175,2857,3627,2656
353: 3008,1568,211,2528,3709,1174
354: 2655,1737,3732,4033,616,3418
355: 3785,2095,324,2343,3756,975
356: 1437,908,3630,2161,2204,3731
357: 3440,3864,980,2820,3561
358: 1272,3020,3143,3908,3721,730
359: 726,1740,1103,3917,1376,2388
360: 3524,1473,1052,1710,3937,538
361: 1863,3145,3358,156,2377,3980,3328
362: 1405,3888,4080,579,2478,1735
363: 3171,2457,2998,2561,37,1898
364: 959,2078,2545,3778,2140,1803
365: 140,2776,2846,1202,1046
366: 1666,4032,3098,221,3487,1875
367: 270,4035,2320,658,2456,2325
368: 3032,2860,2981,2754,1073,1114
369: 1038,3105,3014,512,4095,1278
370: 3055,120,924,738,2585,2259
371: 2154,1429,1653,499,1639,3235
372: 1340,341,575,3237,3622,3019
373: 1393,1480,1033,539,3241,2736
374: 2548,606,2667
375: 1186,1869,3336,3377,2693,1468
376: 634,3396,602,2580,3379,1506,914
377: 3407,317,1115,2298,1428,1501
378: 4033,1572,3157,1631,2784,3418
379: 854,1061,2211,2530,2556,3438
380: 3956,680,3419,3440,1498
381: 1782,2055,1304,1898,1509,3955
382: 1589,1911,647,2106,2788,3228
383: 552,2067,3100,4019,3684,2183
384: 3579,2793,1242,523,2383,2245
385: 1672,1350,3361,2437,2181,2854
386: 962,713,3013,2568,2566,2511
387: 2654,3388,3041,721,1163
388: 1751,197,2691,3621,2595,3646
389: 1307,13,3099,1490,2523,2804,4083,1286
390: 1800,1493,2855,1822,1738,2692
391: 2875,133,452,880,1520,3852
392: 3007,2005,1529,3326,786,2996
393: 1647,3033,1575,2321,558,3234,1149
394: 3689,164,2163,806,3112,200
395: 3015,2395,2379,1013,3167,1719
396: 3183,1168,2962,2020,566,3458
397: 3617,3106,2698,151,3925
398: 3739,798,988,3247,1766,2108
399: 1614,3335,1503,3250,2393,933
400: 3092,1901,2176,2652,2083,1332
401: 1610,913,829,3772,3366,2085
402: 945,2026,2231,2845,3530,1667
403: 36,1973,3867,2424,4070,3935
404: 3381,3963,3991,3782,1121,2507
405: 838,3799,3383,2574,817,2368
406: 2597,127,1874,2939,1824,2870
407: 2006,706,2352,2620,2258,3738
408: 3763,3195,2481,2736,2758,1379
409: 3149,2963
410: 3899,2124,3026,1264,2557,3943
411: 198,3342,3452,4013,1190,2941,3072
412: 1623,344,3078
413: 1893,2935,2045,2164,3110,1222
414: 1235,3596,3571,653,3147,3953
415: 1343,3489,3202,2370,3525,2727
416: 1374,2865,3284,1284,3214,2034
417: 1665,3637,3321,1713,1511,2814
418: 1431,2769,1007,3346,3285,2525
419: 3191,1765,95,1609,3269,2748,1576
420: 2797,3009,4067,1741,1595,1990
421: 675,810,1616,2171,3063,3350
422: 3882,2409,3128,1166,2333,2066
423: 3442,1711,3585,671,3038,2937
424: 147,3830,1919,1361,3711,983
425: 1677,2887,3069,950,3565,3447,3471
426: 1777,979,261,3665,3562,3196
427: 3758,1834,2953,220,3474,3103
428: 1982,1413,3768,3131,449,2911
429: 2517,1640,1712,3773,1904,2252
430: 3027,673,3803,813,2250,3893
431: 1528,1138,1497,1460,3822,3638
432: 1958,3854,3844,148,3832,1795
433: 1465,2369,3865,2410,2642,2101
434: 592,12,2114,1718,3874,4077
435: 1179,2006,706,3889,2985,3012
436: 1796,1637,3944,3201,1040,1134,3119
437: 1553,1802,301,2536,3970,3629
438: 3858,2212,4046,1814,2249,3588
439: 3961,1260,3507,3783,2513,805,2220
440: 1367,3461,1757,2889,956,2644
441: 2844,1364,2884,3909,70,1035,3705
442: 2397,3087,191,3537,1918,2877
443: 984,2984,2090,3715,990,3323,1436
444: 2925,1178,2306,3085,1778,2792
445: 3095,3927,2879,1291,1102,2704
446: 85,3801,3135,2374,1458,1253
447: 779,2450,3934,543,1618,3148
448: 3353,3150,24,1181,1416,2508
449: 3131,428,2911,185,1250
450: 1554,2174,3527,51,3245,2791
451: 994,2282,3985,3258,2891,1079
452: 3964,3303,880,753,1520,391
453: 2663,3305,3692
454: 596,3314,255,1928,2107,2187
455: 2001,1584,2790,2367,2941,3342
456: 2802,3347,2839,763,2172,3044
457: 968,2539,2,3716,650,3473
458: 1085,1212,3445,206,758,3132
459: 3420,948,1156,3039,2581,2609
460: 1313,16,1938,2159,3656,2467,1762
461: 2462,3703,3187,1339,3446,1440
462: 4007,777,1282,3165,3765,279
463: 3842,3871,3510,949,1558,1663
464: 1015,2926,2064,876,3892,3749
465: 1617,587,2103,1675,664,3928
466: 3930,2289,2411,1383,1809,3982
467: 290,3590,3702,3967,247,2477
468: 2972,1538,956,3975,2338,1051
469: 3494,2485,3996,1221,3701,166
470: 3727,1385,4003,3299,2418,787,2749
471: 1488,1991,3998,4030,3273,4069
472: 1411,2946,1645,214,717,4036
473: 1960,1309,3205,3873,4040,2273
474: 1031,1194,2219,3387,4060,3302
475: 2305,542,2023,4062,2158,1747,1182
476: 2131,1036,2037,3773,3564,2750
477: 2362,1064,2208,46,2913,3863
478: 3929,553,219,2094,1696,3263
479: 56,621,3673,2234,3640,4081
480: 1730,3827,1799,2304,2275,2836
481: 2127,1155,1201,2169,3853,3628
482: 2362,195,1224,3568,2326,3277
483: 143,2707,506,1230,3737,2329
484: 562,565,2356,1234,1136,1878
485: 1187,1342,1997,2421,3494,2276
486: 1412,715,2429,3845,938
487: 1353,2978,2664,2438,3102,1478
488: 817,1524,2588,3643,695,838
489: 34,2591,4051,3678,1743,745
490: 3645,2599,1370,1905,2062,3836
491: 2650,1293,1469,173,2339,1601
492: 2665,3994,1862,974,2699,218
493: 2726,3044,3123,2024,1827,2372
494: 1205,871,3449,2811,2266,2432
495: 748,868,1119,2198,582,2587
496: 2200,2868,795
497: 2160,2299,3647,2140,1346,972
498: 1583,103,1022,2436,3206,3101
499: 62,2154,1429,1534,371,2475
500: 1024,3285,2619,3287,2525,1674
501: 2770,716,3152,2053,2645,3234
502: 1190,1596,3231,1523,2367,2941,3042
503: 4008,3000,1502,2227,3651,895,2938,3140
504: 2894,3076,2365,1306,2937,2871
505: 2615,3959,100,3455,3700,1055
506: 3067,2707,3877,3120,483,3737
507: 1078,1139,2256,3130,3377,2693
508: 3227,1784,3151,217,2462,2869
509: 1969,1266,3164,70,1723,3705
510: 3208,954,42,3837,1372,1418,3910
511: 3226,1124,2826,2617,1327,1654
512: 1975,1200,4095,3240,369,1038
513: 3267,1059,145,1872,3479,3780
514: 1902,2057,1535,2322,3662,1238
515: 3231,136,3042,3916,2068,2197
516: 3244,1257,644,2325,2876,2662
517: 338,2340,2019,3224,2783
518: 2355,1001,3186,1360,1350,2181
519: 2443,1482,967,756,2489,2923
520: 3572,2503,2152,2837,115,1445
521: 2707,4021,165,3699,1230,2817
522: 1553,301,20,2032,2771,216,2716
523: 1708,2913,1242,384,614,2383
524: 1980,1102,2877,3537,1722,2879
525: 1762,2093,276,583,3035,3036
526: 1409,1341,3472,4044,3119,1637
527: 2509,3820,3680,3154,1821
528: 1354,3396,3146,3176,2669
529: 1915,3670,3652,1065,3222,3933
530: 3054,3291,3513,2831,1501,2298
531: 2777,2377,3328,801,3822,3170
532: 1269,1401,61,640,551,3344
533: 897,1283,2092,2126
534: 2427,80,1247,2100,2021,884
535: 224,1249,1069,2265,3697,3116,895
536: 896,1388,3612,2281,2209,2949
537: 903,2484,3428,2334,3465,3696
538: 1473,360,3937,3382,1945,2337
539: 2777,373,2377,1033,3980,3241
540: 84,3726,3374,3207,2414,3554
541: 1187,2058,2485,2495,3988,2882
542: 475,4062,2544,2241,3365,1182
543: 1618,2556,3438,447,2906,3148
544: 1635,2952,3203,2583,31,1362
545: 2249,3588,655,2611,2501
546: 1589,894,2788,2089,1895,1767
547: 1181,2983,1897,1416,2792,3857
548: 2796,3380,2866,713,1323,2416
549: 2565,1853,2838,2920,1694,3818
550: 3108,932,1189,2509,2874,326
551: 3337,61,532,3344,3682,226
552: 383,862,2067,1676,3891,3684
553: 478,2094,2692,1421,3263,2855
554: 998,1067,2098,2558,1808,2444
555: 3407,2246,1428,3081,3694,2948
556: 1477,1315,971,2177,2352,2621
557: 2086,3315,3039,1608,2992,2391
558: 3265,3033,2321,1548,393,2403
559: 742,4003,2814,2459,1687,1713
560: 1310,173,2339,2732,3129,2727,2370
561: 1045,2743,157,2549,3243,2719
562: 2904,484,565,3486,1234,2766
563: 1326,1824,661,1176,2553,2870
564: 1521,2779,3022,3004,2900,3867
565: 2904,562,484,3784,1855,1878
566: 2934,2020,797,396,3183,2696
567: 2626,1917,1074,573,184,2947
568: 3961,2958,1227,2090,3715,3507,2954
569: 3,1116,3412,978,1585,3406,3232
570: 3174,212,2228,1117,2976,2909
571: 3436,2075,3264,2084,3679,2207
572: 1420,2348,655,1206,2501,904
573: 2626,1912,1074,567,3111,2921
574: 3935,1141,329,2347,2930,1844
575: 372,1340,1724,2318,3237,3062
576: 1782,1304,181,1832,2997,3230
577: 3367,158,2753,2160,2299,3517
578: 3542,3633,1587,2618,257,1197
579: 3548,2323,2478,1405,1658,362
580: 3587,2134,260,759,3533,4066
581: 945,3560,3968,340,3059,3654
582: 3900,3306,2587,3746,1119,495
583: 1762,525,276,3760,1692,16
584: 3138,1521,3770,176
585: 3894,2269,2473,2658,2308,3341
586: 287,3947,3933,3670,2636,3567
587: 1617,291,3946,465,3928,3290
588: 236,1418,3434,3814,3910,3952
589: 2990,124,3955,1435,1697
590: 292,1787,3829,3581,3007,2005
591: 1596,1523,3215,2113,920,2170,2235,3981
592: 434,2892,12,2764,2114,1592
593: 4017,2497,3811,2458,2116,1927
594: 3110,21,2164,1560,2369,150
595: 4045,1776,4027,2927,1766,2108
596: 3963,255,454,4057,1987,2187
597: 2260,3868,3751,4063,1988,1173
598: 768,2332,2750,268,1712,883
599: 3800,1143,3354,210,295,2360
600: 2872,3795,2381,2028
601: 2811,2024,2281,2432,1827,2209
602: 2471,3396,3146,376,2702,1506
603: 860,1106,2502,2857,3478,1664
604: 3053,3662,2613,2466,1944,2057
605: 3879,2053,2645,129,3779,3835
606: 2667,1670,1215,374,3895
607: 332,2675,53,2543,3945
608: 1592,309,2687,12,1154,2745
609: 1923,223,1392,1749,2162,3499
610: 315,757,2735,2933,2196,2288
611: 142,2401,2522,3189,3542,3307
612: 2873,1048,2284,3226,2521,1124
613: 1557,1068,2886,2574,791,2678
614: 2913,1242,523,2257,3863,1894
615: 1720,1900,2939,2561,3759,3256
616: 3418,3262,3107,3164,354,3732
617: 1375,3443,2000,3243,2733,2744
618: 3134,2049,98,3504,3894,3432
619: 3786,2439,1836,3509,4056,2823
620: 740,2303,3970,3669,1403,1837
621: 2894,56,1110,3673,1334,479
622: 3481,652,2386,1909,3618,3376
623: 825,2222,3175,1349,690,1606
624: 2400,3904,2455,2031,729,2460
625: 1259,3934,1961,2264,2312,2433
626: 3640,1118,194,1476,3948,3391
627: 1899,2138,1044,1579,2155,2816
628: 13,2180,3003,3099,3141,3825
629: 3559,3761,1769,72,3923,3698
630: 3336,1468,1603,2380,2683,685
631: 1993,1510,262,3506,4082,2398
632: 2951,2452,1039,3138,3770
633: 1264,2557,2768,3871,841
634: 3396,376,2580,228,2800
635: 1527,2666,3778,2224,2277,959
636: 262,4082,2734,2993,3051,1551,3398
637: 2605,1316,2829,827,4072,2824
638: 2970,2244,2922,1839,2967,2003
639: 1025,1151,1137,1161,3618,2966
640: 1401,61,532,1727,3238,3017
641: 3073,1558,1007,2392,2956,3346
642: 815,3282,751,2275,3113,2529
643: 149,3846,3744,3841,3132,3229
644: 516,1932,3940,3244,1267,2876
645: 2553,2870,3052,2597,3083,1012
646: 2262,1422,3002,2435,1588,2652
647: 382,1589,3228,3211,3354,2360
648: 3277,2040,2853,3077,186,3568
649: 3343,1298,3177,3685,1159,3528
650: 2859,1029,3473,2,457,2715,1486
651: 1935,1564,2616,3150,3475,2453
652: 3481,622,2679,2740,2386,3887
653: 3147,3798,2311,414,3508,3596
654: 1299,3493,2643,3522,1866,762
655: 1420,545,3588,572,2390,2501
656: 3668,4000,3204,1130,1233
657: 3727,4066,2418,260,110,3364
658: 3729,367,270,1098,2456,2285
659: 3253,2217,3363,1764,3747,1084
660: 1173,2481,803,1480,3279,3751
661: 1824,563,1176,3171,3759,3257
662: 2494,3896,1996,1180,3791,691
663: 3922,2714,1567,3821,2425,3080
664: 1675,2986,3928,2738,1228,465
665: 1047,3183,1168,2065,4096,2765
666: 2427,1731,1247,1100,2417,2800
667: 2819,1251,1661,1274
668: 1408,1276,2105,2858,3049,3145,756
669: 3385,1513,1886,2867,3563,1668
670: 3041,721,3883,121,1951,2897
671: 981,1699,2365,2937,423,3585
672: 2915,16,2202,1938,4092,2032,3025
673: 3027,1624,430,2526,1000,3803
674: 43,3079,3578,2773,2537,1761
675: 810,1616,2500,2635,3093,421
676: 3769,1735,322,3114,2914,943,3860,131,3506
677: 1645,723,1577,3316,3158,2946
678: 258,1117,4029,2384,3174,1780
679: 3739,1669,3247,1838,3281,3819
680: 3956,3298,4030,3419,4069,380
681: 2614,3813,1631,2163,2784,2008
682: 1779,873,3246,2371,275,2542
683: 2084,1341,3472,2406,3036,1363
684: 3984,1432,1624,2526,1373,2625
685: 2192,737,1883,2683,630,1468
686: 316,1195,3063,3350,3551,3048
687: 1367,1739,3461,3370,3059,3654
688: 3267,1059,2229,2082,3369,2760
689: 1840,1050,2871,4086,1922,3470
690: 3497,1349,1140,1794,3175,623
691: 1180,3791,662,2354,3291,3513
692: 1328,2722,2636,2982,3567,333
693: 1965,2598,1976,3595,3213,299
694: 2014,2167,3411,27,3911,3631
695: 488,2519,3643,3546,838,1153
696: 1816,2534,3331,1512,3658,3807
697: 1732,211,3695,2550,1495,1568
698: 1320,1641,1344,3990,2646,3743
699: 3216,2066,2025,2971,4096,19
700: 761,3531,2023,2158,1664,2940
701: 3276,2254,1876,2720,3319,785
702: 2658,745,2308,1773,3994,1862
703: 3420,1192,948,2351,1517,3549
704: 1981,1958,148,3898,2297,2431
705: 2278,2649,3675,3182,318,2505
706: 1179,435,2006,407,2352,2621
707: 1566,2852,2642,1995,2016,1636
708: 4083,1286,2030,2695,2737,13
709: 1789,1820,2480,3001,2039,1602,2741
710: 1489,1355,3380,1081,3477,2866
711: 3639,2885,1027,1311,2445,2058
712: 4009,2948,2916,2718,3422,3081
713: 3013,2416,386,548,2511,2866
714: 2141,3066,3431,2022,3657,3693
715: 1412,486,3070,2835,3951,938
716: 1327,501,3152,2053,1654,2128
717: 214,3753,2149,472,4036
718: 112,2139,898,2708,1891,2582
719: 2755,1375,3677,2719,834,774
720: 137,1965,32,1146,2960,2598
721: 387,670,3041,121,3200,1163
722: 1831,2079,1131,72,2069,3065
723: 1645,76,677,4022,3125,1577
724: 1042,2781,3283,1526,4055,231
725: 15,2279,1506,330,3286,3034,2471
726: 744,4025,3289,1740,359,3917
727: 1989,3309,4031,4065
728: 308,2631,3322,1194,2861,3456,1545
729: 1307,1790,2460,1490,2455,3518,624
730: 1381,3721,358,3908,3625,939
731: 161,2637,271,2441,3642,3921
732: 1362,4084,3748,2657,3600,3024,1635
733: 1730,1541,3173,3827,3750,3338
734: 2944,2402,1801,135,3775,272
735: 1172,2046,2240,2706,1604,2111
736: 1948,3254,3890,3118,66,2182
737: 739,3576,685,2192,2261,1883
738: 120,1213,3710,3180,370,2259
739: 737,2261,1883,1196,3927,1291
740: 620,2303,919,773,2536,3970
741: 1796,4029,2384,3944,2490,2540
742: 559,3533,4003,2814,4066,2418
743: 1598,3239,1582,2847,789,2070
744: 4025,3289,726,2604,4064
745: 3678,702,2658,1773,489,2591
746: 1475,3375,2757,1076,3914,1071,71
747: 4034,2729,3220,1386,795,2950
748: 3485,3050,868,1119,495
749: 4,3392,3142,3574,1623,344
750: 1353,2978,3144,1374,4078,2865
751: 642,3282,1559,1380,3177,2529
752: 84,1397,1273,1939,3193,1359
753: 452,3303,880,2358,1407,2128
754: 1700,2729,2628,1032,1484,2851
755: 1471,1721,1378,280,2931,3318
756: 519,2641,2443,2489,668,2105,3049
757: 315,3471,610,3260,1438,2288
758: 3132,3229,3453,458,4043,3445
759: 3464,3587,580,3533,2762,1665
760: 3969,3469,2622,1888,1347,1811
761: 700,2158,1664,3971,256,2940
762: 2505,3594,238,3522,654,3493
763: 3475,2172,3521,1935,2839,456
764: 3468,3524,1473,2074,1340,341
765: 2721,3413,2061,1002,2110,2896
766: 3605,1387,1010,2042,1622,3556
767: 3559,1042,231,1627,1797,3698
768: 598,3564,2332,1120,2750,3755
769: 1025,2363,3613,1657,1325,2966
770: 1661,332,3480,4049,1348,2675
771: 779,790,2242,2450,3433,3536
772: 2302,2534,330,3712,3532,2888
773: 740,2303,919,1147,3525,1343
774: 834,3764,1200,1045,719,2719
775: 3166,960,3838,2846,3880,3733
776: 3423,1055,2864,2615
777: 1282,462,2280,279,2985,3012
778: 1685,1658,2173,4060,3302,3124
779: 771,447,2450,3536,2799,3148
780: 3926,1561,89,1447,2073,3153
781: 815,1287,2836,233,1452,3163
782: 3575,3804,3188,2551,125,2144
783: 1295,3214,2353,3258,1439,2891
784: 3623,3133,2047,1455,3294,30
785: 1605,2746,3915,2254,701,3319
786: 2005,3326,392,3403,3259,1472
787: 2749,3364,1104,2330,3727,470
788: 4024,3280,1296,1953,1573,3359
789: 1371,250,2070,3942,743,1582
790: 1666,771,3202,2242,3536,3098
791: 281,2678,3140,3924,1502,613,1068
792: 2681,3869,1318,189,3687,3293
793: 2848,1414,3816,2710,202,1889,296
794: 2794,334,1092,2120,2593,2725
795: 2868,1386,747,3220,496,2200
796: 3918,3479,2770,1127,1575,3097
797: 3483,2934,2020,1805,566,2776
798: 398,3739,988,3444,3511,1660
799: 2908,4055,3555,231,1627,2577
800: 1246,1161,3577,3160,3376,3797
801: 1613,3822,3638,2777,1256,531
802: 3761,1769,1217,1615,1933,3339
803: 1527,3763,1173,2481,660,2277
804: 44,1586,1776,4027,3781
805: 1615,2513,3339,3139,2220,439
806: 3813,1112,2163,1714,394,164
807: 4037,1037,2607,3102,2978,3144
808: 1246,1325,2122,3577,33,2506
809: 3796,305,1040,2109,1275,3156,2129
810: 1212,675,2171,2635,421,3445
811: 854,3870,2076,2211,3409,1897
812: 1942,2965,1894,2257,2602,2225
813: 3217,2250,1728,3634,3027,430
814: 1433,1285,3047,3293,2268,3624
815: 642,781,1287,2275,2836,2529
816: 3691,1365,1652,1237,3128,2333
817: 488,2588,405,838,2463,2368
818: 2908,1054,3555,2425,3080,1892
819: 2449,2117,3312,2919,937,1745
820: 2454,1017,2233,3714,1332,2176
821: 3875,2205,1600,2515,934,2341
822: 3251,3125,1860,2009,2486,2562
823: 4074,1977,2592,1130,3466,1329
824: 2605,2829,3266,310
825: 1911,623,2106,2222,1606,2147
826: 89,1447,3978,2993,2487,2734
827: 1316,2569,637,3728,3029,2824
828: 3181,2821,3325,3435,114,931
829: 401,3772,3366,2459,1687,2085
830: 3598,1411,100,2953,3252,3455
831: 2046,3100,1604,1739,3461,1757
832: 2127,1725,2890,134,3492,1760
833: 3659,1282,1793,3165,2280,232,2690
834: 774,1200,3240,719,3677,3162
835: 307,1825,2712,2997,3706,2357
836: 109,4089,3737,847,1994,3877
837: 1985,3796,3201,2238,3463,1134
838: 3546,405,3799,817,488,695
839: 3847,3839,3060,1078,3130,1338
840: 3623,3847,2047,3884,1454
841: 1264,1128,3866,633,2768,3790
842: 41,3902,3037,1357,4071,1728
843: 1683,3777,1584,2050,2071,2790
844: 2600,2801,3335,2086,1907,313
845: 2124,2138,1044,2395,1207,3026
846: 1579,304,2155,890,1060,2229
847: 1031,3523,109,4089,836,3737,2219
848: 1057,2059,2262,3993,1422,30
849: 3810,2278,4014,1918,3278,318
850: 2684,3353,1300,24,2316,2100
851: 1954,324,4038,2343,2681,3869
852: 3205,2930,2194,2786,1080,2366
853: 34,325,4012,2514,2881,2591,1703
854: 811,379,178,2076,2211,2530
855: 2614,3813,2942,1112,2099,3541
856: 2703,3662,2543,2613,1238,3219
857: 1320,2310,3743,4077,3192,2745
858: 2767,2486,2562,1335,2221,2778
859: 3209,958,2820,3526,1089
860: 293,1106,603,2175,2805,2857
861: 866,2902,1970,1936,2572,2521
862: 3589,552,2067,2706,2672,1676
863: 940,2430,93,3843,3482,2677
864: 3701,166,3086,1853,79,2920
865: 1978,1225,1763,3840,4010,3018
866: 3061,2902,861,1970
867: 3110,21,3126,3395,1222,2294
868: 1999,3485,748,495,2198,3620
869: 1157,58,2071,3570,1819,3940
870: 3911,1095,2247,3631,2782,3591
871: 1205,1833,3757,494,3622,2811
872: 2470,335,3667,3109,2345,2731
873: 2011,682,3246,3671,1747,2542
874: 2068,2197,2265,3116,2533,1424
875: 3707,227,3548,1446,3091,3124
876: 1015,464,3626,3749,1456
877: 1947,1516,1670,3753,3895,3789
878: 3848,3636,3223,1262,235,2973
879: 2349,1563,1294,1072,333,1877
880: 2875,1570,452,753,391,2358
881: 2083,3714,242,2408,2256,1332
882: 1931,126,2439,3317,2085
883: 268,3090,598,243,2332,2520
884: 1247,534,2100,1300,2547,1314
885: 4061,3695,2550,3734,1914
886: 2570,1535,2361,2322,2806,1175
887: 2575,1972,3830,1927,4017
888: 1852,244,306,2659,1998,348
889: 2724,1080,297,2844,1309,3719
890: 3028,304,2007,846,2760,2229
891: 2782,2780,1554,2174,3644
892: 4025,2700,1740
893: 3290,2040,2853,1552,1394,2862
894: 546,2089,1895,2442,1744,1094
895: 190,2938,3604,503,2227,1041,224,535,1249
896: 536,1388,2156,2949,1322,101
897: 533,2126,2088,3275
898: 2139,718,2136,1354,2669,2708
899: 2160,1346,3517,2797,1203,3011
900: 1005,2482,1926,2206,1704
901: 2190,3576,1091,3884,3060
902: 3276,905,2407,3496,1876,3425
903: 537,1481,2484,3465,2065,1884
904: 2206,3490,2315,1420,2348,572
905: 2407,3496,902,4057,282,97
906: 3614,1695,1726,270,2660,1098
907: 2314,2010,3242
908: 356,1829,3630,2060,2161,3834
909: 4006,3088,1214,3649
910: 3745,949,3899,3794,2557,3871
911: 2654,3754,3041,3883,2270,1417
912: 3212,1142,2856,1440,3762,3446
913: 1610,401,3772,1842,1491,334
914: 3787,2062,2580,3379,3836,376
915: 5,1727,3519,2081,2096,3238
916: 1574,1619,3665,2080,2129,2109
917: 2721,1188,2123,1356,1920,3699
918: 4042,1397,1273,3401,1082,2213
919: 740,773,4076,2536,1147,3704
920: 3362,2170,591,2113,2235,3981
921: 3716,2290,1556,1866,3386,1198
922: 1245,3147,3953,2491,22,2309
923: 2331,1870,3266,2270,2912,1593
924: 120,2585,370,1929,2413,1756
925: 966,3954,2476,302,4016,3213
926: 2576,3708,1084,953,2144,3253
927: 1450,1967
928: 2142,2889,1051,2634,2957,2301
929: 3655,3425,278,1216,3316,2728
930: 2563,1526,1288,2048,3408,2781
931: 3268,114,1223,1499,828,2821
932: 3108,1578,550,2847,3239,326
933: 3939,2711,2600,3335,399,2393
934: 1620,2515,2752,2312,2341,821
935: 2762,1806,2955,1511,2673,1400
936: 1888,2808,291,2152,2837,2622
937: 3958,2919,2238,229,819,2449
938: 3845,2988,2346,486,715,3951
939: 3249,3625,1381,730
940: 3311,3429,2568,863,93,3843
941: 2596,1950,2842,1786,3311,3429
942: 3741,3500,1605,2746,3736,4052
943: 676,3769,1735,3860,3506,4080
944: 2959,3514,3190,1255,119,3079
945: 402,3560,1268,3968,581,3530,1667
946: 96,2184,3087,3537,1722
947: 3040,2697,3752,1547,3541,1629,3104
948: 459,3420,1746,3549,703,1156,2581
949: 3794,910,3552,3510,463,3871
950: 425,2887,2223,3069,3565,1144
951: 2559,1681,1328,64,2096,3082
952: 961,1691,321,2942,2099,2125
953: 2405,319,3708,926,2144,3804
954: 2428,510,42,3837,2161,2204,1372
955: 1311,1086,3261,2445,2201
956: 2338,1051,2644,468,440,2889
957: 3676,204,2378,1621,2267
958: 3209,859,1543,2419,2820,3561
959: 2078,364,2461,2236,635,3778,2224
960: 277,3166,775,2516,3733,986
961: 2590,1916,1952,1691,321,952
962: 3311,386,2568,2239,2596,2566
963: 2789,83,1821,3608,3184
964: 3987,1886,65,3730,2867,2843,283
965: 1882,2887,2223,175,1352,246
966: 925,1439,2891,2476,302,1079
967: 2451,519,9,1482,2923,1542
968: 2119,2539,2,1955,2936,457
969: 307,1890,2712,2680,3505,2063
970: 2154,1330,3235,2512,3850,2072
971: 556,2177,2352,2620,2027,2073
972: 3647,2140,497,3771,1483,2545
973: 3792,1746,3549,243,2552,2520
974: 2013,2665,1822,1862,3966,492
975: 1308,3756,2670,2832,2095,355
976: 2970,2230,1815,2694,3045,192
977: 3043,50,3236,292,1011,3403,1472
978: 3378,1585,3406,2973,3232,569
979: 2555,3424,261,426,3196,2035
980: 3956,10,1089,357,2820
981: 671,2640,91,1699,3584,3585
982: 3448,2967,2167,3688,2694,182
983: 3711,3673,1361,2234,3597,424
984: 443,2090,3715,1425,1436,3660
985: 1571,3068,265,4091,3615,1345,3725
986: 2492,1243,2267,3733,277,960
987: 3604,1625,3436,2075,2554,1041
988: 398,798,2108,1201,2169,1660
989: 1741,1016,3210,2121,2292,4050
990: 1831,2079,1131,2132,3323,443,2984,3715
991: 3064,1289,2189,1943
992: 2205,1984,3977,1209,4054,86
993: 1483,1037,3771,3144,1374,2034,2251
994: 1160,1772,451,2282,4020,3985
995: 337,2043,2924,1485,2300,2510
996: 3907,3172,2474,3187,2111,1650
997: 3136,1714,3270,2496,164,3104
998: 2823,554,1751,1067,2558,2691
999: 2684,1935,2616,1185,2372,2839,2726
1000: 3027,673,1624,2618,1504,1197
1001: 518,1360,1350,2318,3062,2629
1002: 2721,765,1356,2896,1448,3394
1003: 3580,2735,2196,4059,38,3815
1004: 1940,1469,3348,1620,2752,2650
1005: 900,2206,2348,2376,1704,4026
1006: 4078,1562,1992,2336,1772,75
1007: 3073,418,2893,2769,641,3346
1008: 222,1515,2018,139,1934,4090
1009: 2851,1064,2465,2830,2326,1708
1010: 766,3605,2989,2028,1387,3566
1011: 292,339,3581,1496,3043,977
1012: 3083,2431,4068,645,3052,3191
1013: 3167,1214,3015,395,3649
1014: 3160,3797,1125,4053,1540,2987
1015: 2926,464,876,3207,3726,1456
1016: 1741,3210,989,2472,1595,284
1017: 240,2454,1949,820,2176,3360
1018: 225,1643,2634,2764,2905,2142,3370
1019: 3610,1101,1452,3375,2757,2307
1020: 3118,85,3484,3382,2337,1458,2182
1021: 2624,195,1224,3385,1513,2091
1022: 498,3399,2186,2436,3101,3404
1023: 2051,2461,2451,1753,1653,1639
1024: 2619,3510,2525,2394,500,3552,1663
1025: 639,1137,769,2363,3384,2966
1026: 3357,1856,2815,3466,1233,2440
1027: 2885,2848,1414,711,1281,2445
1028: 2539,1955,4041,2477,2290,3702
1029: 650,2859,2518,1083,3179,3473
1030: 4065,1810,3464,3587,4031,2541
1031: 474,4089,847,2219,3387,2660
1032: 1962,1210,4034,2729,754,2628
1033: 373,3980,539,2736,2758,1716
1034: 1373,2756,1968,183,2578,2625
1035: 1268,2026,3705,3530,441,2884
1036: 2590,2131,1916,476,2898,2037
1037: 993,1483,2545,807,2607,3144
1038: 369,3274,3105,1638,512,3240
1039: 3138,632
1040: 3796,3201,809,3119,3156,436
1041: 1678,4008,2227,3604,987,2075,895
1042: 3559,724,767,2274,3283,231
1043: 1515,2342,1648,2775,3831,2608
1044: 627,3015,1899,845,2138,2395
1045: 3764,774,2401,2522,561,157,2719
1046: 4002,2640,3006,1202,2414,365,140
1047: 665,3183,2434,2696,2765,3776
1048: 612,82,2284,3226,1781,2717
1049: 1302,2716,3667,1553,2807,3629
1050: 3826,1840,2153,689,1306,2871
1051: 956,3975,468,928,2889,2301
1052: 3524,14,3345,1710,360,2928
1053: 1732,4061,3695,3858,2212,3071
1054: 1220,2908,200,818,3295,3550,3080
1055: 3423,3700,776,2615,505
1056: 2044,3958,3084,3528,159,3463
1057: 2059,3512,848,2262,2901,0
1058: 3546,281,3651,3718,2678,2688,3799
1059: 3267,3918,513,688,3479,3369
1060: 3267,145,2229,3351,1579,846
1061: 379,2530,2556,2272,2523,1286
1062: 323,3776,2934,2696,2286,1758
1063: 3632,3109,2345,273,2148,2564
1064: 477,2362,1009,2326,1708,2913
1065: 1312,1915,3652,2637,529
1066: 1835,17,2702,1113,342,1175
1067: 2823,998,554,2444,3786,1818
1068: 613,1389,2886,3924,2483,791
1069: 224,535,3722,3697,2895,2554
1070: 236,1896,3952,1396,3971,2940
1071: 3218,3664,71,2957,1475,746
1072: 1199,2982,333,2349,879
1073: 1466,328,1114,3032,253,368
1074: 4001,1917,567,573,3833,3111
1075: 3878,3304,3184,3608,1686
1076: 3233,3375,746,3914,71,208
1077: 1450,1959,1967,3245,2780,2174
1078: 2408,2256,507,3130,1338,839
1079: 966,2891,2476,2296,451,2282
1080: 297,889,2366,852,1309,3205
1081: 710,1355,2511,2866,2981,2754
1082: 4042,918,2213,3950,3458,2962
1083: 2552,1029,3593,2263,1858,2518,3179
1084: 926,2144,2551,1764,3253,659
1085: 1212,458,1279,102,206,3334
1086: 1311,3261,955,1868,3337,3682
1087: 3457,3960,4081,1261,3626,56
1088: 1551,58,2050,3467,3686,2968
1089: 3526,2210,10,980,859,2820
1090: 1445,2818,3441,46,3553,2503
1091: 3576,901,2261,3967,247,3884
1092: 794,2794,2120,1632,3503,3599
1093: 2405,319,1369,3672,2747
1094: 2442,1744,209,3681,4075,894
1095: 870,2247,3631,1530,1231,3352
1096: 1929,3123,2024,3683,2266,2432
1097: 76,2188,4022,2276,2565,2676,1694
1098: 1726,906,270,658,2285,3707
1099: 1962,1210,317,2298,3513,2354
1100: 228,2417,3710,2259,2800,666
1101: 1452,3163,1019,2610,2757,1742
1102: 2633,524,1980,2704,2879,445
1103: 2700,1740,359,1376,3820,3154
1104: 3227,179,3151,787,2749,2330
1105: 1148,1906,2172,2802,3203,2583
1106: 860,603,2805,3531,3972,1664
1107: 3535,2558,1808,2826,3964,2617
1108: 26,2943,3291,2831,187,3791
1109: 235,3378,1871,2861,3516,3456
1110: 2894,1415,3076,621,3711,3673
1111: 2910,2295,1386,3976,2245,2950
1112: 3813,2942,855,806,3541,1714
1113: 2057,2322,1175,1066,17,2466
1114: 2239,328,1073,2566,2981,368
1115: 3407,317,2850,3650,3563,377
1116: 3,3929,569,3232,2052,2232
1117: 678,2384,2540,2976,3520,570,3174
1118: 2234,3640,1174,3391,3597,626,2283
1119: 3050,748,495,3306,582,3717
1120: 3564,768,312,3040,2697,3755
1121: 2507,2767,3782,1474,2221,404
1122: 3575,3804,2328,1998,3672,319
1123: 288,2122,3849,1994,3877,3120
1124: 511,612,2873,3226,3879,1654
1125: 2386,3887,1014,3797,4053,3030
1126: 3912,3788,2166,298,3512,0
1127: 3779,2118,2770,2645,3918,796
1128: 3866,841,3790,2441,2991,3921
1129: 1315,2177,3744,206,3334,3153
1130: 3466,1233,656,3204,823,2592
1131: 722,990,1831,2079,2132,2984
1132: 2248,2394,2036,2639,2157,90
1133: 2902,2216,1936,129,2772,3835
1134: 3201,837,2238,1796,229,436,2490
1135: 251,3139,2670,2504,2220,3296
1136: 2535,1878,3962,2356,484
1137: 1025,1151,639,3627,3301,3384
1138: 1528,431,232,2690,3822,3170
1139: 242,2256,507,2693
1140: 3939,3497,690,1794,2711,1971
1141: 3935,2244,329,2922,574,2424
1142: 912,3173,3212,3827,2856,1799
1143: 599,207,210,2360,3005,3831
1144: 2887,2223,3069,950,1318,1406,189
1145: 3553,2853,3572,1552,3077,2503
1146: 137,720,32,3306,3121,3717
1147: 3525,2218,3704,3129,919,773
1148: 1105,1906,2030,1430,3825,3203
1149: 1407,3152,3234,3534,2321,393
1150: 1800,153,1493,2324,2327,2862
1151: 639,1137,3627,2364,3618,1909
1152: 3487,331,1626,2335,2647,2827
1153: 3546,2533,2688,1424,2519,695
1154: 3192,2730,2745,3065,608,309
1155: 2127,2890,3242,481,3628,2314
1156: 2992,2263,459,948,1746,3039
1157: 58,869,1819,2968,3023,3729
1158: 171,1600,3815,4011,3580,2165
1159: 320,2044,3528,3343,3724,649
1160: 2041,172,994,3747,2282,4020
1161: 3618,800,2966,3577,3376,639
1162: 3383,1437,3731,1164,1399,2368
1163: 1717,3200,3388,387,721
1164: 252,3395,1399,2294,1162,1437
1165: 2110,3829,3413,3314,3544,1519
1166: 2803,2409,422,2066,2025,3415
1167: 2340,1336,2783,1845,2601,3812
1168: 665,396,3183,2065,2962,1884
1169: 3515,3417,286,2139,2136,4094
1170: 3053,2703,3071,4046,2613,2212
1171: 2233,3714,242
1172: 192,2240,735,1843,3907,2111
1173: 2666,803,660,2277,597,3868,3751
1174: 1118,3391,3709,2283,3008,353
1175: 2570,886,2322,1113,342,1066
1176: 1326,3706,661,2357,563,3257
1177: 2963,3734,2550,3149,2423
1178: 2925,444,1778,2442,1984,3681
1179: 435,706,2400,2621,3889,2460
1180: 2494,1642,662,2354,691,11
1181: 1416,3085,2508,547,2792,448
1182: 1395,2542,3365,542,475,1747
1183: 2595,3646,3864,2419,1748,3561
1184: 3810,2278,2649,2633,1980
1185: 2684,1300,999,2372,2547,2726,1903
1186: 2464,375,3336,2693
1187: 2421,3494,541,2485,485,2495
1188: 2721,1539,917,3578,2061,2123
1189: 3878,3108,550,3184,2509
1190: 502,3231,2367,2941,3042,3072,411
1191: 1479,3275,3992
1192: 3420,2351,1591,703,3404,1352
1193: 1295,2121,2292,2653,2399,3459
1194: 3523,474,3322,2219,728,2631,3302
1195: 686,316,3632,2345,2731,3551
1196: 739,2261,3967,1291,1937,3590
1197: 2618,1504,1000,3633,578,3324
1198: 3593,3179,3473,3386,921,3716
1199: 1072,3735,2982
1200: 834,3764,774,1975,512,3240
1201: 2127,134,481,2169,1660,988
1202: 2640,3584,1046,365,2846,3880
1203: 3412,3011,2185,2446,899,3517
1204: 3900,2217,3746,299,3363,2878
1205: 2344,871,494,3237,3449,3622
1206: 2348,572,1673,2501,2376,194
1207: 845,2395,2379,3026,1698,180
1208: 1932,3244,1636,2203,2420,2852
1209: 2560,2515,2433,992,2205,86
1210: 1962,2628,1032,1099,317,3650
1211: 3738,3159,2620,2027,3978,2179
1212: 1085,810,458,1279,2635,3445
1213: 2708,738,3710,3180,1354,3176
1214: 909,3649,1013
1215: 606,2667,1670,3818,2149,2787
1216: 1860,1577,278,2863,929,3316
1217: 2932,802,1769,2274,300,1933
1218: 1410,162,3721,3020,3965,3586
1219: 1957,3941,1798,3057,3289,3917
1220: 1054,200,3550,3080,3112,1567
1221: 2255,2317,1966,3996,469,3701
1222: 3110,867,2294,1893,2935,413,2674
1223: 2392,2956,1499,1630,2821,931
1224: 482,2624,195,2465,2326,1021
1225: 1978,249,2947,865,2626,3840
1226: 1408,263,3547,3545,2858,3145,2774
1227: 568,203,2958,2090,20,3936
1228: 1675,87,2986,664,3197,1859
1229: 3390,2593,2304,234,3903,3113
1230: 143,2707,4021,521,483,3393
1231: 1784,1530,3411,1095,3631,2994
1232: 130,3841,1946,3611,3229,3453
1233: 1130,1026,3466,3668,2440,656
1234: 3092,3486,3360,2356,562,484
1235: 414,114,1451,3596,3571,3325
1236: 3880,3442,2492,3733,3585,3584
1237: 3691,816,2333,1562,3641,75
1238: 856,3662,1902,514,3219,3106
1239: 178,2076,3857,1564,2468,2453
1240: 153,186,2324,3410,2049,3454
1241: 346,1789,2199,3001,3760,2825
1242: 2793,3115,384,614,523,2257
1243: 2267,986,277,204,1427,3357
1244: 1879,65,3730,2269,2473,163
1245: 922,3147,2311,2491,2671,3519
1246: 288,800,2122,3577,808,3160
1247: 2427,666,534,884,2417,1314
1248: 2468,1906,3475,2453,2695,2737,3521
1249: 224,535,2265,190,2533,895,2938
1250: 1785,2538,185,1252,449
1251: 2612,3925,2819,2603,667,1274
1252: 3221,2864,2615,2538,1250
1253: 2641,1964,2489,3801,3135,446
1254: 2686,3802,3856,3648,1321,2359
1255: 1830,119,2679,2740,3573,944,3190
1256: 2777,1537,3333,3241,1613,801
1257: 516,3244,2203,2662,111,3613
1258: 1323,4015,2416,1494,1518,2995
1259: 625,3934,1961,1293,2450,3433
1260: 439,2958,3507,55,3783,1317
1261: 3626,1671,3749,4081,3948,1087
1262: 3636,878,2973,3232,2052,2699
1263: 230,3740,2569
1264: 2557,633,841,3790,410,1729,3943
1265: 3265,1548,1913,2250,39,3893
1266: 3922,509,1969,2714,3262,3164
1267: 1932,3940,644,2751,2001,3570
1268: 1035,945,3968,3530,4019,2884
1269: 3996,3988,1401,532,3344,2317
1270: 1889,3782,6,1861,2710,3991
1271: 4033,177,1525,4028,3157,1737
1272: 1755,358,115,3143,3908,4039
1273: 4042,84,918,1397,752,3374
1274: 1661,4049,1251,3925,667
1275: 809,305,2373,2109,3859,2080
1276: 1408,1716,668,2105,3582,3145,3358
1277: 1554,2134,260,51,110,3644
1278: 3450,2677,4095,369,3014,2430
1279: 1085,1212,3362,102,2170,2635
1280: 1303,1736,2483,92,3924,1502,2228
1281: 2445,2201,2241,3365,2848,1027
1282: 4007,777,1793,833,462,3165,2280
1283: 533,2350,2092,3046
1284: 3210,3214,2472,2353,2034,416
1285: 1940,1433,814,2411,3047,3348
1286: 4083,708,2695,1061,2530,2523,389
1287: 815,3619,781,2529,3610,1452
1288: 1526,3295,3550,3689,2496,2563,930
1289: 991,3064,1404,2573
1290: 2576,3708,1345,2880,201,4091
1291: 3927,445,2704,739,1196,1937
1292: 3906,1954,2095,324,2883,2763
1293: 1259,1961,2650,491,1601,3433
1294: 1531,2722,333,1877,2253,879
1295: 783,1193,2292,2353,2399,1439
1296: 788,1953,2455,2031,2135,3359
1297: 3642,3876,3508,1451,3596,1612
1298: 3390,3343,2725,649,3282,3177
1299: 654,81,2271,2643,3386,1866
1300: 2684,850,1185,2547,2100,884
1301: 3745,2816,245,1522,3997,3351
1302: 335,1049,216,3983,2716,2841,3667
1303: 1280,1736,2000,2909,92,2228
1304: 1782,2990,3955,576,181,381
1305: 1409,4079,2093,3035,261,3562
1306: 2153,1050,3038,2937,2871,504
1307: 729,1790,389,2180,3099,1490,3518
1308: 1615,1933,975,3139,2670,2832
1309: 3205,473,2273,3719,1080,889
1310: 173,3982,560,2339,2732,3330,2289
1311: 1086,955,2445,3337,2882,711,2058
1312: 2637,1065,271,3142,3574
1313: 460,2159,2623,3656,174,3558,2467
1314: 3055,2417,2145,1247,884,2547
1315: 556,1477,2177,1129,149,3744
1316: 3740,2191,2605,2569,637,827
1317: 1802,4076,3783,1260,55,1549,3704
1318: 2223,1144,246,792,3869,189
1319: 2597,2297,127,3083,3788,298
1320: 698,857,1344,2310,2689,3743
1321: 3663,3972,2359,2686,1254,88
1322: 199,2949,1659,144,2387,101,896
1323: 2416,1258,1518,3814,2796,548
1324: 3639,2885,3198,2479,2778,160
1325: 2966,3577,808,1657,769,33
1326: 2627,2357,563,1176,2553,2589
1327: 716,1654,2128,511,3303,2617
1328: 2559,692,64,2722,2636,951
1329: 2092,2126,3466,2088,4074,823
1330: 2154,970,2334,2475,1434,2072
1331: 122,1783,1685,308,2173,3169
1332: 2083,3714,881,820,2176,400
1333: 2910,2295,141
1334: 2894,56,621,2365,3960,1699
1335: 1533,2767,2486,858,3653,2863
1336: 1864,1167,2340,3812,1981,3372
1337: 3216,2971,2498,1852,2054,1652
1338: 1078,2408,3002,2435,839,3839
1339: 1650,1538,2338,3446,3187,461
1340: 372,341,575,764,3468,3062
1341: 526,1409,683,3472,3035,3036
1342: 3494,2276,485,2565,166,1853
1343: 415,3489,3525,2303,773,3806
1344: 1930,174,698,3558,1320,2646,2689
1345: 2405,3615,1290,3708,985,4091
1346: 2160,899,3647,497,2797,3009
1347: 1888,2178,3954,4016,1811,760
1348: 3480,770,2675,1881,3881,2214
1349: 3497,1956,690,623,2222,1467
1350: 3361,385,2181,2318,518,1001
1351: 3398,227,1873,2323,2478,1993,262
1352: 1882,175,965,2581,3420,1192,1591
1353: 2978,2664,4078,487,2336,750
1354: 528,3176,2669,2708,1213,898,2136
1355: 710,1081,3477,3671,2011,2754
1356: 2721,917,1002,3699,2817,3394
1357: 41,3902,842,2969,1570,2358
1358: 3916,116,3373,345,2197,3697,3116
1359: 752,1939,3193,3288,2928,254
1360: 3402,518,2355,1001,1688,2629
1361: 2283,3451,1919,3597,424,983
1362: 31,4007,732,3600,544,1635
1363: 258,2412,3679,683,2084,3472
1364: 297,2844,441,3891,2884,3684
1365: 3691,2054,816,3188,1652,125
1366: 28,3675,3278,1419,2077,318
1367: 2142,3461,3370,440,2889,687
1368: 2917,47,1689,2146,2469,2687
1369: 2426,74,2747,3615,1093
1370: 490,2599,2608,207,2226,1905
1371: 250,789,3332,3942,2004,2655
1372: 1893,1418,2674,3910,510,954,3837
1373: 2756,1034,3690,2625,3984,684
1374: 3144,2865,750,416,993,2034
1375: 719,2755,617,3243,2719,2733
1376: 1103,359,2388,3154,2874,3310
1377: 1659,2017,3254,2964,3484,2182
1378: 755,3389,1471,3318,3599,2579
1379: 2443,2923,3582,2758,408,3195
1380: 751,1559,3177,3685,2373,3995
1381: 3666,162,3721,730,939
1382: 3723,3417,1814,2319,3588,2390
1383: 3930,466,3785,1693,2382,1809
1384: 199,101,3024,2156,2657,263,3547
1385: 3299,470,2749,2822,1464
1386: 2295,2868,1111,795,2950,747
1387: 766,1010,3566,2911,3556,1413
1388: 536,896,351,2156,2952,3612,2281
1389: 2060,1068,2886,2483,3016,77
1390: 1843,3168,23,2014,3688,3045
1391: 3206,2763,2313,2932,300,3906
1392: 609,213,3272,1749,3271,2162
1393: 373,1537,1480,3279,3241,4004
1394: 2327,2862,3928,2738,893,3290
1395: 3261,275,2542,2201,3365,1182
1396: 2796,1489,3380,3971,1070,3952
1397: 2705,918,752,1273,3401,3193
1398: 2211,1618,3409,3438,2560,2264
1399: 1164,3395,3416,2463,2368,1162
1400: 2673,1991,3419,4069,935,2955
1401: 1269,640,532,3017,2317,1966
1402: 2761,3986,3271,1951,2162,3313
1403: 273,1837,2564,2827,620,3669
1404: 3064,1289,2573,3121,3717,3050
1405: 1658,2173,3888,362,3169,579
1406: 189,3624,3368,3260,3069,1144
1407: 3152,2128,1149,753,2358,3534
1408: 1226,1276,668,3545,2858,3145
1409: 526,1305,1341,3035,3562,4044
1410: 3320,162,1943,1218,3586,2189
1411: 3598,830,2946,472,3252,4036
1412: 486,2835,715
1413: 3556,3741,1982,428,1387,2911
1414: 2885,793,2848,2479,1027,3816
1415: 1922,1110,3076,3711,3828,147
1416: 1181,547,3857,1564,3150,448
1417: 2270,1593,911,3883,3938
1418: 1372,588,3814,3910,1518,3208,510
1419: 28,1904,3675,1366,2759,2252
1420: 655,572,2390,2237,904,3490
1421: 87,2986,3263,553,2404,2855
1422: 646,848,2262,30,2435,3133
1423: 3769,49,3502,322,1597,2447,3056
1424: 1153,2533,874,2068,1449,2519
1425: 1436,3660,2915,2623,3656,984
1426: 3905,3421,2444,2648,2098,3852
1427: 3592,204,349,1243,3357,2815
1428: 3407,555,377,3081,2798,1501
1429: 1653,499,1534,371,52,2438
1430: 3141,3825,1148,3203,31,3765
1431: 418,2769,1432,3285,2578,2625
1432: 2526,684,3285,3287,2625,1431
1433: 3930,3687,814,1285,2411,3293
1434: 3300,215,2484,2072,1330,2334
1435: 3986,1697,3313,3807,2990,3331,589
1436: 1425,2623,1930,3323,443,984
1437: 356,1162,2204,3731,252,1164
1438: 2288,48,313,3447,757,3471
1439: 2399,966,2891,302,1295,783
1440: 912,2856,2462,461,217,3446
1441: 3682,226,3414,2491,2671,1868
1442: 107,2449,3312,3520,2490,2540
1443: 3086,2838,2920,3297,1752,2548
1444: 2743,107,336,1986,2713,3443
1445: 1090,4039,3441,2503,520,115
1446: 3707,875,227,3495,3023,2285
1447: 1974,1561,826,89,780,2993
1448: 2896,2840,2685,3394,1002,2097
1449: 3231,3072,2068,1424,3452,2519
1450: 927,3498,1959,1077,1967
1451: 3268,1235,114,1297,3596,1612
1452: 3610,1101,3163,1019,781,1287
1453: 3031,3621,3440,2595,3864
1454: 3623,3884,840,247,4041,2477
1455: 784,2119,3294,30,3949,1565
1456: 4002,3457,3006,1015,3626,876,3207
1457: 2397,2010,3087
1458: 3118,85,3801,446,1020,2182
1459: 3768,3915,3319,220,3474
1460: 1528,2258,3738,1497,431,3159
1461: 205,3259,259,2916,1472,3422
1462: 1854,1629,3270,4048,312,3430
1463: 3902,3037,3292,4001,128
1464: 1536,3366,1385,3299,3750,2822
1465: 1560,433,2369,3865,3301,3384
1466: 328,1073,3325,3435,3571,253
1467: 3327,4059,2222,3817,1349,1956
1468: 1869,375,3336,630,685,2192
1469: 2289,1004,3348,173,2650,491
1470: 3381,255,2537,3255,1928,1761
1471: 755,1378,280,128,2579,3833
1472: 1461,3259,3422,3403,786,50,977
1473: 764,3524,2074,360,538,3382
1474: 2221,2479,3816,2710,3782,1121
1475: 746,2301,2610,2757,1071,2957
1476: 2376,194,3948,626,1671,4026
1477: 556,1315,2400,3904,2621,149
1478: 2803,2409,1534,2438,2664,487
1479: 1191,3725,3992,3068
1480: 1393,373,3279,2736,2481,660
1481: 903,239,3300,3950,2484,1884
1482: 519,1964,9,967,2489,3850
1483: 993,2545,1037,2607,972,3771
1484: 1668,754,2628,2851,2624,2465
1485: 205,2300,2916,2718,337,995
1486: 108,3315,650,2859,2391,3437,2715
1487: 4024,3280,106,2799,2906,3148
1488: 471,3998,1989,3273
1489: 710,3380,1396,3477,3971,256
1490: 1307,729,389,3099,3543,3518,2804
1491: 1610,913,1842,3096,334,2120,3606
1492: 2193,1881,168,2963
1493: 390,1800,2404,2327,2855,1150
1494: 3105,3014,2995,4015,2430,1258
1495: 7,2497,2423,1568,697,2550
1496: 2056,1011,339,3043,1646,2499
1497: 1460,431,2918,3159,3638,2632
1498: 3440,35,3419,380,2955
1499: 3866,1630,1223,3268,2991,931
1500: 3010,264,1705,2448,1586
1501: 3054,2798,530,2298,1428,377
1502: 503,3000,92,3924,1280,791,3140
1503: 3250,2019,3224,3437,1614,399
1504: 3027,1000,1197,3488,3634,3324
1505: 3969,3469,3020,3965,3143,3371
1506: 15,725,3379,2471,602,376
1507: 3659,1793,4084,3748,1863,3397,156
1508: 28,3920,2077,3400,3492,57
1509: 2055,1898,381,1823,2998,2168
1510: 248,262,631,4082,2398,2487,2734
1511: 2762,935,1665,417,3637,1806
1512: 3405,3658,3230,3331,181,696
1513: 3385,669,2091,1828,1886,1021
1514: 329,2230,1815,2347,3589,2672
1515: 222,1008,1043,2342,2775,1934
1516: 3674,1684,1947,4036,877,3753
1517: 3792,2351,3549,1581,703,94
1518: 3208,2995,1323,1258,1418,3814
1519: 3007,2996,2107,3314,3829,1165
1520: 3964,452,391,3852,2098,1808
1521: 3770,176,3022,3004,564,584
1522: 3745,1301,2816,3899,2124,2138
1523: 502,591,1596,2367,3215,3042,2113,3981
1524: 1566,488,3452,4013,3539,2588,3643
1525: 177,4093,4028,1271,2422,266
1526: 4055,1288,3295,3550,930,724,2781
1527: 635,3122,3763,803,2224,2277
1528: 1138,2258,2961,1460,431,232
1529: 1707,3326,1662,2291,2996,392
1530: 1784,3151,1231,3352,2330,1095
1531: 2559,1294,2081,2722,2253,105
1532: 2579,3111,2921,3389,3851,2907
1533: 2507,2767,282,3653,1335,1987
1534: 62,1429,499,2438,2803,1478
1535: 1902,514,886,2322,2806,3569
1536: 2903,3772,3366,3338,1464,3750
1537: 1393,3333,1256,3241,4004,2914
1538: 2972,1339,3762,2338,468,3446
1539: 43,1188,3030,3578,2123,343
1540: 3067,4053,165,1920,2987,1014
1541: 733,3173,3750,3117,2822,179
1542: 3122,3195,1753,2451,967,2923
1543: 3209,1848,2415,2419,958,3713
1544: 1646,2002,3805,3236,1879,3075
1545: 3848,2141,728,2022,3322,2861
1546: 293,2364,2175,3481,237,1909
1547: 2590,3752,2131,321,3040,947
1548: 3265,1265,558,3217,2250,2403
1549: 2218,3704,2638,3783,2504,1317,4076
1550: 2756,2137,3690,18,142,3189
1551: 1088,3467,3051,636,3686,3398
1552: 893,3290,1145,2853,3572,3946
1553: 301,437,522,3629,1049,2716
1554: 1277,2174,450,51,3644,891
1555: 1684,40,3252,3455,3700
1556: 290,3522,1866,3702,921,2290
1557: 3383,613,3630,3731,2886,2574
1558: 1663,2392,641,3346,3842,463
1559: 3619,751,1380,3859,2529,2373
1560: 1465,2369,2656,3301,594,150
1561: 1974,3926,1447,780,3872,3074
1562: 1006,2336,3882,2333,1237,75
1563: 2349,879,2389,1877
1564: 3150,651,1416,3857,1239,2453
1565: 338,2783,1455,2119,2936,3949
1566: 707,1524,3539,2588,2852,2016
1567: 3922,663,3112,2999,1220,3080
1568: 7,3008,1495,353,697,211
1569: 4006,3028,3089
1570: 2875,3292,880,2358,3902,1357
1571: 2546,3068,265,985
1572: 2682,378,3157,8,59,1631
1573: 4024,788,3185,4032,1812,3359
1574: 1619,3665,916,208,3196,3233
1575: 1647,3033,393,3097,2770,3234,796
1576: 95,1651,419,3269,4073,3774
1577: 723,677,3125,1860,1216,3316
1578: 3108,3349,932,2422,266,2847
1579: 2155,846,1060,3351,2816,627
1580: 1683,3777,3981,169,2235,3872
1581: 2351,1517,94,3430,4005,2186
1582: 1598,3873,743,2273,250,789
1583: 2048,498,103,3206,2313,3408
1584: 1683,843,2790,455,2367,3215
1585: 978,2029,3823,3406,2446,3412,569
1586: 804,4027,3781,1500,2448
1587: 3542,249,3633,578,3308,3307
1588: 2293,1901,2652,646,2262,2901
1589: 382,546,647,2788,1767,3354
1590: 1759,3127,3066,3431,2514,2881
1591: 1192,3404,3399,1882,1352,3919
1592: 608,2146,2687,2892,592,12
1593: 923,2270,2912,1417,3661
1594: 3073,1786,2956,3181,2821,1950
1595: 1741,1016,2472,284,420,3009
1596: 502,591,1523,136,1941,3042,2113
1597: 1423,3502,2447,3056,196,3356,2527
1598: 69,2112,3873,3239,743,1582
1599: 2130,2104,267,26,2215,3896
1600: 3875,1158,171,821,2165,2341
1601: 2242,2370,3433,2339,1293,491
1602: 2470,2039,335,2841,2741,709
1603: 2380,2586,2683,630
1604: 2046,2067,3100,2706,735,831
1605: 942,785,2746,1768,2254,4052
1606: 2147,2488,3854,3175,825,623
1607: 80,3439,2316,2833,1925,1908
1608: 2801,557,2086,3039,1677,2609
1609: 3191,1765,419,2748,3052,2589
1610: 913,401,1491,1931,3096,2085
1611: 1672,327,2181,2237,3186,3490
1612: 3268,2991,3642,3921,1297,1451
1613: 801,2918,3638,131,3333,1256
1614: 108,3335,1907,399,1503,3437
1615: 1308,1933,805,3339,3139,802
1616: 675,2500,421,3350,3048,1807,2945
1617: 587,2808,291,2103,3540,465
1618: 543,1398,3438,3934,2264,447
1619: 1574,916,2080,3233,123,2307
1620: 934,2752,2341,3855,1940,1004
1621: 3442,2492,2378,2267,1711,957
1622: 766,2042,2510,3556,3500,2924
1623: 412,2524,344,3392,749
1624: 3984,673,2618,2526,1000,684
1625: 2895,346,1789,1820,3436,987,2554
1626: 331,1152,2148,2564,2827,3021
1627: 799,231,2577,2810,767,1797
1628: 34,325,2097,4051,2056,2685
1629: 1462,3270,3104,312,2697,947
1630: 3842,3866,2768,1499,1223,2392
1631: 2614,59,681,2784,1572,378
1632: 3724,2794,1092,3389,3599,2907
1633: 3989,3692,3070,2835,3824,1826
1634: 2951,2452,1957,36,3941,1973
1635: 544,3024,2156,2952,1362,732
1636: 1208,2203,707,2852,2642,2410
1637: 436,2412,3944,3119,526,3472
1638: 2428,3274,1038,3834,3162,3240
1639: 1653,371,3235,2451,9,1023
1640: 2517,3493,429,2643,1904,3182
1641: 2035,698,3558,3990,2646,3862,3424
1642: 2668,2494,1180,11,3220,2200
1643: 1018,2892,2764,340,2905,1924
1644: 2402,78,3089,2007
1645: 723,677,4022,214,2946,472
1646: 3043,1544,2499,3236,1496,3075
1647: 3931,3033,1575,393,2567,3097
1648: 3005,285,1043,2775,3155,3831
1649: 3668,2286,3166,2516,1758,4000
1650: 1339,2338,2644,3172,3187,996
1651: 1576,3228,4073,3774,285,3211
1652: 2054,1365,816,1337,3128,3216
1653: 1429,1639,371,52,2051,1023
1654: 3879,716,1327,2053,511,1124
1655: 3974,2195,3713,294,2572,1970
1656: 3135,2374,2512,2115,215,2072
1657: 2662,769,3613,33,4035,1325
1658: 1405,778,2173,579,3548,3124
1659: 1322,1377,144,2017,3254,2387
1660: 134,3400,1201,798,988,3444
1661: 3480,4049,770,1274,667
1662: 1529,1768,3326,2291,3529,3501
1663: 1558,3346,1024,3510,2525,463
1664: 761,3531,700,2940,1106,603,3478
1665: 2762,417,1511,759,3533,2814
1666: 790,3489,3202,3098,366,221
1667: 402,945,3560,2231,2287,3901
1668: 2628,1484,3385,669,3650,3563,2624
1669: 3460,4018,3739,679,3511,3819
1670: 606,1215,3753,2149,3895,877
1671: 1261,2064,3749,4026,1476,3948
1672: 1611,327,385,2181,2582,2854
1673: 3709,1206,2611,2501,194,3391
1674: 39,2619,3287,500,3893,3803
1675: 664,1859,2653,1228,2103,465
1676: 3891,2366,2786,3589,552,862
1677: 425,3565,2609,2801,1608,3447
1678: 4008,2207,2571,2812,1041,2075
1679: 2880,3253,2217,2587,3746,2576
1680: 1814,286,2319,3053,4046,1944
1681: 2096,951,3082,2493,5,3798
1682: 1717,2819,3194,2603
1683: 3777,843,1584,3981,1580,3215
1684: 3674,1516,1555,3252,4036
1685: 308,778,1331,2173,2631,3302
1686: 44,1776,3608,2927,1075,3304
1687: 559,2459,1713,829,3317,2085
1688: 3402,4085,1360,14,3345,2629
1689: 1368,2917,1892,2577,2469,3555
1690: 3426,2018,3405,3658,2888,139
1691: 961,1952,952,3460,4018,2125
1692: 16,4092,583,3760,2825,3476
1693: 3785,2343,2681,3930,3687,1383
1694: 2676,3818,2787,2565,549,1097
1695: 3614,906,3849,270,2320,2506
1696: 3,3929,478,219,1791,2185
1697: 3986,1435,2897,124,589,3938
1698: 4,3809,180,3943,1207,3026
1699: 671,981,3960,91,2365,1334
1700: 2729,754,2851,2830,3976,2950
1701: 2039,3983,2825,2841,3025,3476
1702: 3218,71,1718,3874,3914,3990,3862
1703: 325,853,2097,4012,3393,1775,4021
1704: 2064,3892,4026,3957,1005,2482,900
1705: 264,1500,4087,3853,3628,2448
1706: 152,1960,4047,1844,4070,2194
1707: 1529,97,2291,2996,2107,2187
1708: 2913,523,2383,1064,1009,2830
1709: 2527,2260,3932,1857,4063,3502
1710: 1052,360,2928,3937,2705,3193
1711: 3442,2378,1621,423,3038,2742
1712: 2517,268,429,3773,598,2750
1713: 417,3321,559,2814,1687,3317
1714: 997,164,3104,1112,806,3541
1715: 2793,3115
1716: 1276,3582,3145,3358,1033,3980,2758
1717: 1682,3200,3194,1163
1718: 434,3218,71,2114,1702,3874
1719: 2723,3167,395,2379,3225
1720: 3029,1900,615,2785,3256,167
1721: 755,350,3905,2931,3318,3421
1722: 3329,2879,2184,946,3537,524
1723: 70,3332,2979,3732,509,3164
1724: 575,2318,2344,3237,3361,63
1725: 2890,832,1760,2151,191,4014
1726: 906,2660,1098,3707,3091,3387
1727: 915,2671,3519,3238,61,640
1728: 41,3217,842,4071,813,3634
1729: 2087,3809,3943,1264,3790
1730: 733,3827,480,2304,234,3338
1731: 2427,666,3645,2580,3836,2800
1732: 1053,697,2630,211,3695,3858
1733: 3367,1983,3868,2666,3778,1803
1734: 3886,2606,3329,2184
1735: 676,3769,3056,943,4080,3888,362
1736: 1280,1303,2000,2483,2733,3016
1737: 354,3942,2655,4033,4028,1271
1738: 1822,3966,3504,3432,390,1800
1739: 3461,2183,3654,687,3100,831
1740: 4025,2700,726,1103,359,892
1741: 1016,989,1595,420,1990,4050
1742: 2972,3975,4058,1101,3163,2610
1743: 3075,3678,163,489,4051,2499
1744: 38,1094,4075,3327,894,2089
1745: 311,29,2919,819,2117,3018
1746: 948,973,3549,2552,2263,1156
1747: 2305,475,3671,873,2542,1182
1748: 2415,2419,1183,3646,82,1781
1749: 609,2612,213,2698,223,1392
1750: 117,2218,2638,2732,3330,3296
1751: 2823,998,388,2691,3621,4056
1752: 2012,3297,1443,3178,3086
1753: 3122,1542,2224,2451,1023,2461
1754: 3137,3078,3947,2929,3933,1915
1755: 1272,3469,2622,115,3143,2152
1756: 2437,63,3161,120,924,2413
1757: 3461,440,2046,831,3172,2644
1758: 1649,2286,4000,323,1062
1759: 218,3636,1590,3127,3066,3223
1760: 1725,832,3492,4014,3278,2077
1761: 3544,2537,1928,1470,674,2773
1762: 525,2093,583,16,460,2159
1763: 1978,2651,2549,865,4010,2713
1764: 172,3747,2150,2551,1084,659
1765: 1609,419,3269,2627,2680,2589
1766: 3808,2927,595,2108,398,3247
1767: 2661,3354,295,546,1589,1895
1768: 1662,2254,3529,3501,4052,1605
1769: 3559,802,629,3761,2274,1217
1770: 161,2493,3652,3222,3876,3082
1771: 3979,2731,3551,2470,2741,45
1772: 994,4020,75,3985,1006,1992
1773: 2881,2591,3127,3994,702,745
1774: 3340,2268,4011,3624,3368,25
1775: 325,2097,1703,4021,2817,3394
1776: 804,44,4027,1686,2927,595
1777: 426,3665,3156,2129,3562,4044
1778: 4054,2983,444,1178,2792,1984
1779: 682,2143,2309,3246,3414,2371
1780: 3174,2207,2812,258,678,3679
1781: 294,82,1048,2284,2415,1748
1782: 1304,1898,576,381,1832,2457
1783: 122,308,1331,3516,3456,2795
1784: 1530,3151,1231,508,2994,2869
1785: 2872,2538,185,3795,1250
1786: 3073,2893,1594,2842,941,1950
1787: 2110,2896,2840,3829,3581,590
1788: 2904,3427,2766,269,3912,2980
1789: 2895,1625,346,1820,3436,1241,3001,709
1790: 3889,1307,729,2180,3462,2460
1791: 219,4067,3011,1696,2185,2797
1792: 331,3021,60,1813,1946,3453,4043
1793: 3659,1282,1507,833,3748,3165,2690
1794: 690,1140,2711,104,3832,3175
1795: 1958,3854,432,4068,3191,2748,2488
1796: 229,741,436,3944,2490,3201,1134
1797: 2069,3698,2730,1627,2810,767
1798: 3941,1219,3057,2396,152,4047
1799: 233,3212,3827,480,1142,2836
1800: 3432,390,153,1493,1150,1738
1801: 2944,734,2849,3603,135
1802: 301,437,1317,4076,2536,3936,55
1803: 2299,2140,3778,1733,3367,364
1804: 3820,3680,2828
1805: 2934,797,2776,2286,3838
1806: 935,3637,2955,3885,1511,35
1807: 3350,3048,3916,116,345,1616,2500,2945
1808: 554,1107,2098,2558,3964,1520
1809: 117,3982,3330,2382,466,1383
1810: 2673,1991,4065,3998,1030,3464
1811: 73,1976,4016,1347,3969,760
1812: 130,3611,3359,4032,1875,1573
1813: 316,60,3063,1792,3021,4043,2171
1814: 1382,1680,2319,4046,438,3588
1815: 2970,1514,2244,329,2230,976
1816: 2302,2534,347,696,67,3807
1817: 2302,3712,347,1910,2361,2102
1818: 2444,3786,126,2648,2709,1067
1819: 3940,2876,1157,869,3729,2456
1820: 2895,1625,1789,2480,3001,709
1821: 3680,83,527,963,3184
1822: 2013,974,1738,2692,3966,390
1823: 2829,4072,2998,310,2168,1509
1824: 661,563,2870,406,2939,3759
1825: 835,3426,3405,2712,2997,3230
1826: 3305,3004,2900,3692,1633,3824
1827: 493,3044,2024,2281,601,3347,3612
1828: 3134,1513,3410,3987,2091,1886
1829: 908,2060,3677,77,3834,3162
1830: 1255,3583,3573,2686,3190,88
1831: 722,3192,990,1131,2132,3065,2310
1832: 1782,576,2457,3257,3706,2997
1833: 3757,871,2811,2209,2949,144
1834: 3758,427,2728,220,2720,3655
1835: 1066,3146,17,2669,2702,4094
1836: 3637,3509,3321,3885,619,2439
1837: 3806,1403,2647,2827,620,2303
1838: 4093,3281,3808,132,679,3247
1839: 2779,2900,3824,638,2922,2003
1840: 3826,1050,689,3470
1841: 320,3851,2044,29,3084,3355
1842: 2903,913,3772,3903,1491,334
1843: 3907,3168,1390,3045,1172,192
1844: 1706,2930,4070,2194,3935,574
1845: 2059,3993,2601,3949,1167,2783
1846: 3448,27,3951,1849,2346,2015
1847: 3961,2984,2243,2954,2079,3923
1848: 3209,1543,3713,3974
1849: 3989,3070,3951,3448,1846,182
1850: 4005,103,3101,3430,1854,2594
1851: 3775,170,2118,272,2082,3369
1852: 306,888,2498,1337,348,2054
1853: 2565,166,2920,864,549,1342
1854: 2594,3136,1462,3270,3430,4005,1850
1855: 2904,3427,2785,3256,3784,565
1856: 1026,2092,3046,2815,3466
1857: 2527,118,3932,1709,3058,314
1858: 2552,3593,1083,2520,81,3090
1859: 1675,3197,4050,2653,1228,2121
1860: 822,3125,1577,1216,2486,2863
1861: 1270,2959,6,3514,3255,3991
1862: 3994,974,3966,3341,492,702,2308
1863: 361,3545,3145,3358,3397,156,1507
1864: 2340,1336,3250,3224,3199,3372
1865: 3483,2020,3554,3458,4042,3374
1866: 1556,3522,654,1299,3386,921
1867: 2932,2274,2781,3283,2313,3408
1868: 2371,1086,3261,3414,1441,3682
1869: 375,3377,1468,2190,2192
1870: 2331,923,2270,3754
1871: 2532,3378,2029,3406,3516,1109
1872: 513,3479,3780,2639,2567,3097
1873: 3686,3398,227,1351,3495,2323,262
1874: 3427,3256,127,406,2980,2939
1875: 3487,2335,4032,366,1812,3611
1876: 3276,902,2720,701,3655,3425
1877: 241,2253,1294,1563,879,2389
1878: 2535,1136,2809,484,3784,565
1879: 1244,3075,3730,163,1544,3805
1880: 3843,1968,3482,183,2842,3429
1881: 2193,1492,168,3881,2214,1348
1882: 1352,965,246,1591,4038,3919
1883: 739,685,737,99,3927,2683
1884: 1168,2065,2962,903,1481,3950
1885: 3474,3221,3131,3959,3103
1886: 964,1513,3987,669,1828,2867,2843
1887: 2115,2701,3601,3602,1945,3793
1888: 936,2178,2808,1347,2622,760
1889: 202,1270,6,3648,793,2710
1890: 3426,2018,2712,969,222,3505
1891: 2582,3161,2854,2708,3180,718
1892: 2917,1689,146,818,3555,2425
1893: 1372,2935,413,2674,3434,3910,1222
1894: 812,2965,2818,614,2257,3863
1895: 546,894,2442,1767,2661,2925
1896: 1070,236,2977,3094,2940,3478
1897: 2983,547,3857,811,3870,2076
1898: 1782,1509,381,2457,363,2998
1899: 627,3015,3649,1044,3088,2155
1900: 1720,3029,2561,37,2824,615
1901: 3092,1588,2293,3486,2652,400
1902: 1535,514,151,3569,3106,1238
1903: 2726,3123,3683,1185,2547,2145
1904: 3675,1419,3182,2252,429,1640
1905: 2062,3720,2342,2608,490,1370
1906: 1148,1105,1248,2030,2172,2737,3521
1907: 108,1614,3335,2086,3315,844
1908: 1925,3557,2508,1607,2316,24
1909: 3481,622,1151,1546,2364,3618
1910: 3712,3286,1817,2570,2361,3034
1911: 382,825,2106,2222,3817,2788
1912: 2626,3840,573,2921,311,3355
1913: 3931,3265,1265,2036,39,2248
1914: 168,3881,3734,3945,885,4061
1915: 1065,529,1754,2929,3933
1916: 961,2590,1952,2898,1036,3999
1917: 4001,1074,567,184,3037,1921
1918: 191,442,4014,3810,849,2877
1919: 3451,4017,3811,1361,3830,424
1920: 4053,165,3699,1540,917,2123
1921: 3037,4071,3488,4001,1917,184
1922: 1415,3076,3828,4086,689,2871
1923: 609,223,3569,3499,2102,2806
1924: 47,2146,2287,340,1643,2892
1925: 3800,2974,2833,1908,3557,1607
1926: 3402,2482,900,2355,2206,2315
1927: 2458,593,4017,887
1928: 3314,3544,255,454,1470,1761
1929: 1096,3683,2266,2413,924,2585
1930: 174,1344,3323,2689,1436,2623
1931: 3096,882,126,2709,2085,1610
1932: 1208,3244,644,1267,2751,2420
1933: 1615,1308,2832,802,300,1217
1934: 4090,3720,2834,1008,1515,2342
1935: 2616,999,651,2372,2839,763,3475
1936: 1133,2902,861,2873,2521,3835
1937: 3491,3590,1291,2704,2899,1196
1938: 672,2915,16,460,4092,3656
1939: 84,752,3726,1359,2926,254
1940: 3855,1285,1004,3047,3348,1620
1941: 1596,136,2945,3042,2113,2500,3093
1942: 812,2965,3625,289,3249,2602
1943: 3320,1410,991,2189
1944: 604,3053,2466,3515,1680,286
1945: 2337,3793,3937,538,1887,3602
1946: 1232,3611,3453,331,1792,2335
1947: 3674,1516,877,3789
1948: 199,736,3254,3890,2774,2387
1949: 240,3607,3962,1017,2356,3360
1950: 941,3181,3973,2596,1786,1594
1951: 3986,1402,3271,2897,670,121
1952: 961,1916,1691,3999,4018,4088
1953: 3280,3543,1296,788,2455,3518
1954: 1292,851,324,4038,3919,2883
1955: 1028,2119,968,2539,4041,3294
1956: 3497,1349,2933,2196,4059,1467
1957: 4064,2951,3941,1634,1219,3289
1958: 704,432,148,4068,1795,2431
1959: 1450,3498,2988,1077,2133,2780
1960: 1706,3205,4047,2194,473,4040
1961: 1259,625,2752,2650,1293,2312
1962: 1210,4034,1032,1099,2354,11
1963: 69,2112,2396,3310,3057,2388
1964: 1253,1482,2489,2512,3850,3135
1965: 693,720,2960,2598,73,1976
1966: 2255,1221,3017,2317,3767,2739,1401
1967: 2584,3245,927,1450,1077
1968: 1034,1880,183,2842,2578,2893,2769
1969: 509,2714,1266,2026,3705,2845
1970: 866,861,2195,1655,2572
1971: 3939,3497,2933,1140,2288,48
1972: 2975,2575,3828,147,887,3830
1973: 2452,36,1634,403,3022,3867
1974: 1561,1447,3872,2993,3051,169
1975: 3764,18,512,1200,4095,2522,3189
1976: 693,1965,73,1811,4016,3213
1977: 188,4074,823,74,2747,2592
1978: 1225,249,2651,3308,865,1763
1979: 4012,3393,2514,3693,143,3431
1980: 3810,1184,2633,524,1102,2877
1981: 704,148,3372,1336,3898,3812
1982: 3741,428,1413,3768,2746,3915
1983: 1733,3367,2260,158,3932,3868
1984: 992,3681,3977,4054,1178,1778
1985: 3796,305,159,837,3995,3463
1986: 107,1444,4010,2117,3312,2713
1987: 2507,1533,282,596,3963,4057
1988: 49,2447,4004,3279,597,3751,4063
1989: 727,1488,4065,3998
1990: 3197,4050,3897,420,4067,1741
1991: 2673,1400,471,3998,1810,4069
1992: 1006,4078,2865,3284,1772,3985
1993: 262,3506,631,4080,1351,2478
1994: 4089,836,3614,3849,1123,3877
1995: 3126,2642,3416,2101,2016,707
1996: 2494,3896,662,2104
1997: 2421,2009,2276,485,3251,2188
1998: 244,2328,888,1122,348,3575
1999: 3485,868,2546,3620
2000: 1303,1736,617,2733,2744,2909
2001: 2790,3570,455,3342,1267,2751
2002: 3694,4009,1544,3805,2948,3236
2003: 2967,182,1839,3989,3824,638
2004: 1371,250,3332,3719,2979,2724
2005: 3007,786,392,292,3403,590
2006: 435,407,706,3012,2258,2961
2007: 3028,890,2760,1644,78,3089
2008: 3112,2999,3107,2163,681,2784
2009: 1997,2421,160,3198,2562,3251,822
2010: 1457,2397,2151,907,3242
2011: 2860,873,3246,2754,1355,3671
2012: 1752,3248,3178
2013: 2665,1822,974,2692,2232,2094
2014: 2167,3688,3411,694,1390,23
2015: 3911,2133,3591,2346,1846,27
2016: 3416,1995,2463,707,1566,2588
2017: 1659,1377,144,3757,3019,2964
2018: 1690,3426,1890,222,1008,139
2019: 338,517,2813,1503,3224,3437
2020: 3483,797,566,1865,3458,396
2021: 2427,80,3439,3645,534,2599
2022: 3523,3322,3657,714,1545,2141
2023: 3531,475,700,3663,4062,2158
2024: 493,1096,3123,2281,2432,1827,601
2025: 699,3696,1166,2066,3415,19
2026: 1035,402,3705,2845,3530,1969
2027: 89,3978,2073,971,2620,1211
2028: 2381,2989,1010,3566,3795,600
2029: 2532,3058,1871,3823,1585,3406
2030: 1148,708,1906,2737,13,3825
2031: 3846,2135,1296,2455,624,3904
2032: 672,2915,2202,4092,2771,522,216,3983,3025
2033: 3298,10,2210
2034: 1284,2472,2251,993,1374,416
2035: 3558,1641,2646,2555,3424,979
2036: 3931,2567,1913,2639,1132,2248
2037: 2759,2252,476,2898,1036,3773
2038: 2247,110,3644,3352,3364
2039: 1602,1701,2825,2841,3476,3001,709
2040: 893,2853,648,186,2324,2862
2041: 1160,2296,3747,2282,3363,2878
2042: 766,3605,187,1622,2924,2943
2043: 3054,337,2924,2943,2831,995
2044: 320,1841,1159,3084,3528,1056
2045: 2935,2977,413,3094,2164,3913
2046: 1604,735,831,3172,2111,1757
2047: 784,3623,3133,3847,3839,840
2048: 1583,103,3408,2594,2563,930
2049: 3134,618,3410,3432,153,1240
2050: 3777,58,843,1088,2071,3467
2051: 52,4037,1023,2461,2236,1653
2052: 2665,2699,2232,3232,1262,1116
2053: 3879,605,716,501,1654,2645
2054: 348,1365,3188,1652,1337,1852
2055: 1509,124,3955,381,3661,2168
2056: 339,2685,1496,1628,4051,2499
2057: 514,2322,1113,604,3662,2466
2058: 541,2495,1311,2882,3639,711
2059: 1057,848,1845,3993,2601,0
2060: 908,1829,1389,3630,2886,77
2061: 2721,3413,1188,765,3578,2773
2062: 3787,1905,3720,914,3836,490
2063: 3505,3155,2680,3269,3774,969
2064: 1704,464,3892,1671,3749,4026
2065: 665,3465,1168,4096,1884,903
2066: 699,3128,3216,1166,422,2025
2067: 383,552,862,3100,2706,1604
2068: 3916,874,2197,1424,515,1449,3231
2069: 722,1797,72,3698,2730,3065
2070: 789,3942,2422,2847,743,4028
2071: 58,843,869,2050,2790,3570
2072: 1434,215,1656,2512,970,1330
2073: 2027,89,780,3153,971,2177
2074: 764,1473,341,2964,3484,3382
2075: 571,3436,987,1678,2207,1041
2076: 811,854,1239,178,1897,3857
2077: 28,3278,1366,1508,3492,1760
2078: 959,2545,364,2607,2236
2079: 722,990,1131,72,3923,1847,2984
2080: 1619,916,123,3859,2109,1275
2081: 1531,2559,2096,3238,915,105
2082: 3775,1851,3369,78,688,2760
2083: 881,2408,3002,1332,2652,400
2084: 683,2406,1363,3679,571,3264
2085: 1931,882,3317,1687,1610,829,401
2086: 2801,557,1907,3315,1608,844
2087: 271,3809,1729,3574,2441,3790
2088: 54,4074,2126,1329,897,3275
2089: 546,3327,894,3817,2788,1744
2090: 568,203,443,1227,984,3715,3660
2091: 1513,3410,1828,3454,195,1021
2092: 3046,1856,2126,1329,533,1283
2093: 1762,1305,525,4079,3035,2159
2094: 3929,553,478,2013,2692,2232
2095: 1292,3906,324,355,975,2832
2096: 2559,1681,2081,951,915,5
2097: 1628,325,1703,1775,1448,2685,3394
2098: 554,1808,2444,1426,1520,3852
2099: 2614,59,2942,855,2125,952
2100: 80,2316,534,884,1300,850
2101: 21,3126,2642,1995,433,2369
2102: 2361,2806,3499,347,1817,1923
2103: 1617,3459,3540,465,1675,2653
2104: 2130,1599,3896,1996
2105: 1276,668,3582,3049,2443,756
2106: 382,825,1911,2147,3228,4073
2107: 1707,1519,2996,2187,3314,454
2108: 4045,595,1766,2169,398,988
2109: 809,1275,916,2080,3156,2129
2110: 1787,2896,3829,1165,3413,765
2111: 3907,3172,996,1172,2046,735
2112: 69,1963,1598,3239,326,3310
2113: 591,1596,1523,1941,920,2170,3093
2114: 434,225,3218,3664,592,2764,1718
2115: 1887,2701,215,1656,2374,3793
2116: 274,2458,3149,593,2497,2423
2117: 819,1986,4010,3312,3018,1745
2118: 1127,3779,1851,170,3369,3918
2119: 968,1955,3294,2936,1455,1565
2120: 794,334,1092,1491,3503,3606
2121: 1193,989,2292,4050,1859,2653
2122: 1246,288,1123,808,3849,2506
2123: 1188,3030,1539,917,4053,1920
2124: 845,2138,3026,3899,1522,410
2125: 59,2099,3460,8,1691,952
2126: 2092,1329,2088,533,897
2127: 2890,832,134,1155,481,1201
2128: 716,1327,1407,3152,3303,753
2129: 1777,3665,916,3156,809,2109
2130: 2104,1599,267
2131: 2590,476,1547,1036,3564,3040
2132: 990,1831,1131,3323,2310,2689
2133: 2015,3591,2780,2988,1959,2346
2134: 3587,1277,260,51,2541,580
2135: 130,2031,3846,3841,3359,1296
2136: 2139,1169,898,1354,2669,4094
2137: 2756,3482,183,1550,3450,18
2138: 627,2124,845,1044,2816,1522
2139: 112,3417,718,1169,898,2136
2140: 2299,497,972,1803,2545,364
2141: 3848,714,1545,3066,3223,2022
2142: 1367,928,3370,2889,1018,2634
2143: 3032,2860,1779,22,2309,3246
2144: 1084,953,926,782,3804,2551
2145: 3055,2585,1314,2547,3683,1903
2146: 1592,1368,47,1924,2687,2892
2147: 1606,95,2488,4073,825,2106
2148: 1626,2564,3021,60,3632,1063
2149: 214,717,1670,1215,3753,2787
2150: 3691,2551,125,3641,172,1764
2151: 2397,2010,191,1725,2890,3242
2152: 936,2837,520,1755,2622,115
2153: 3826,1050,154,1306,3038,2742
2154: 970,499,1330,371,2475,3235
2155: 1579,304,3088,846,627,1899
2156: 896,1388,3024,1635,2952,1384,101
2157: 245,3794,90,3552,1132,2394
2158: 761,2305,475,700,2023,256
2159: 1313,460,2467,1762,4079,2093
2160: 899,2299,1346,3517,497,577
2161: 356,908,2204,2428,3834,954
2162: 2761,1402,3271,3499,609,1392
2163: 3813,681,806,2008,3112,394
2164: 2935,413,2045,3110,594,3913,150
2165: 4011,25,3855,1158,1600,2341
2166: 3898,1126,298,3812,2601,0
2167: 2014,3448,3688,982,27,694
2168: 2912,310,3661,1823,2055,1509
2169: 481,1201,3853,4045,2108,988
2170: 1279,920,3362,2635,3093,591,2113
2171: 810,4043,421,3445,3063,1813
2172: 763,1105,1906,3521,2802,456
2173: 1405,1685,1658,778,1331,3169
2174: 1554,450,1077,3245,891
2175: 1546,293,860,2364,2857,352
2176: 3092,3360,400,1332,1017,820
2177: 556,1315,971,1129,2073,3153
2178: 1888,2808,3540,1347,193,3954
2179: 248,2487,2632,3978,3159,1211
2180: 1307,1790,628,3003,3099,3462
2181: 1672,1350,1611,385,518,3186
2182: 3118,3484,1458,1020,736,1377,3254
2183: 1739,3654,4019,383,3100,3968
2184: 96,946,1734,3329,1722
2185: 3,1203,3412,1791,3011,1696
2186: 4005,1022,3101,2351,1581,3404
2187: 1707,97,2107,596,454,4057
2188: 3251,76,1097,1997,2276
2189: 991,3064,3586,4023,1410,1943
2190: 3576,901,2192,1869,3130,3060
2191: 3740,2605,1316
2192: 2190,3576,685,737,1869,1468
2193: 1492,1881,2214
2194: 1960,852,1706,3205,2930,1844
2195: 3974,1655,1970
2196: 1956,2933,610,2735,1003,4059
2197: 3916,116,874,1358,2068,3116,515
2198: 868,495,2880,2587,3620,201
2199: 346,1241,3264,276,2406,3760
2200: 496,2668,1642,3220,795
2201: 3261,955,1281,1395,275,2445,3365
2202: 672,3660,2915,2032,2771,203
2203: 1208,3244,1257,1636,111,2410
2204: 356,1437,2161,954,3837,252
2205: 992,3875,821,3977,1209,2515
2206: 1005,904,900,1926,2315,2348
2207: 1678,1780,2812,3679,571,2075
2208: 3277,3553,3077,477,2362,46
2209: 2811,2281,601,536,1833,2949
2210: 1089,2033,10
2211: 811,854,1398,379,3409,3438
2212: 1053,3858,438,3071,1170,4046
2213: 239,3601,3950,918,3401,1082
2214: 2193,1881,3480,1348
2215: 3605,2989,187,26,1599,267
2216: 3061,1133,2902,2849,135,2772
2217: 1679,3253,1204,3746,3363,659
2218: 1147,1549,1750,3704,2638,2732,3129
2219: 1031,3523,474,109,3322,847,1194
2220: 1135,3783,2513,805,3139,2504,439
2221: 1474,2479,2778,1121,2767,858
2222: 825,1911,623,1467,3817,1349
2223: 2887,950,965,1144,246,1318
2224: 1527,635,3122,1753,959,2461
2225: 812,3115,2257,2602
2226: 207,210,2833,3439,2599,1370
2227: 503,4008,3000,1041,3604,3651,895,2938
2228: 570,92,3174,212,2571,1280,1303,2909
2229: 3267,1060,688,890,846,2760
2230: 1514,976,1815,192,2240,2672
2231: 402,2845,1667,3901,146,3821
2232: 2013,2665,2052,1116,3929,2094
2233: 1171,3714,2454,820
2234: 3640,1118,3597,3673,479,983
2235: 3872,3074,920,3362,591,3981,1580
2236: 959,2051,2078,4037,2607,2461
2237: 3723,1611,327,1420,2390,3490
2238: 837,3463,1134,3958,937,229
2239: 3973,2596,328,2566,1114,962
2240: 1172,192,2706,2672,735,2230
2241: 1281,3365,542,2544,296,2848
2242: 771,790,1601,3202,2370,3433
2243: 3961,1847,3761,3923,2513,3339
2244: 2970,1141,638,329,1815,2922
2245: 2910,1111,3976,3579,384,2383
2246: 3407,2843,2850,555,283,3694
2247: 870,1095,2782,2038,3644,3352
2248: 39,1132,2619,2394,1913,2036
2249: 545,3588,2630,3858,438
2250: 3217,813,1548,1265,430,3893
2251: 2472,2034,993,284,3771
2252: 1904,1419,2759,2037,429,3773
2253: 1877,3767,105,1531,1294
2254: 3276,701,3529,1768,785,1605
2255: 1221,3635,2739,1966,3701,79
2256: 1078,242,1139,881,2408,507
2257: 3115,1242,614,812,1894,2225
2258: 1528,3738,2961,1460,2006,407
2259: 3055,1100,738,2417,3710,370
2260: 3932,1983,597,1709,3868,4063
2261: 739,3576,1091,737,3967,1196
2262: 1057,646,848,2901,1422,1588
2263: 2552,2992,2518,1083,1156,1746
2264: 625,3934,2560,2433,1398,1618
2265: 535,874,1249,3116,190,2533
2266: 1929,1096,2413,2432,494,3449
2267: 2492,1621,1243,986,204,957
2268: 1774,3624,3368,25,814,3047,3293
2269: 1244,3678,585,2473,2658,163
2270: 1870,923,1593,1417,3754,911
2271: 2517,268,1299,81,3090,2643
2272: 106,2523,2804,2906,1061,2556
2273: 3873,1582,1309,473,250,3719
2274: 2932,3559,1042,1867,1769,1217,3283
2275: 815,642,2836,3113,480,2304
2276: 1342,1997,485,2565,2188,1097
2277: 1527,635,3763,2666,1173,3778,803,3868
2278: 3810,2649,1184,705,849,318
2279: 15,725,4090,2834,330,3286,3532
2280: 777,1282,833,2985,3012,2961,232
2281: 2811,2024,1827,601,2209,536,1388,3347,3612
2282: 1160,2041,2296,451,994,1079
2283: 3451,1361,3008,1118,1174,3597
2284: 612,294,1048,2572,1781,2521
2285: 3729,658,1098,3707,1446,3023
2286: 1649,3166,1758,3838,2934,1805,1062
2287: 3560,340,1667,3901,47,1924
2288: 2933,1438,48,1971,757,610
2289: 1469,466,2411,3348,1310,173,3982
2290: 1028,921,2539,3716,1556,3702
2291: 1707,1529,97,1662,2407,3529
2292: 1295,3210,1193,2121,989,2353
2293: 1588,1901,3486,2766,269,2901
2294: 252,1164,867,3395,1222,2674
2295: 1333,2910,2868,1111,1386
2296: 2041,2282,2476,1079,2878,3595
2297: 3898,3083,1319,298,2431,704
2298: 317,377,530,3513,1501,1099
2299: 2160,2140,497,1803,3367,577
2300: 205,3736,259,1485,2510,995
2301: 1475,2610,928,3975,1051,2957
2302: 1816,2534,3712,772,347,1817,67
2303: 740,620,773,1343,3806,1837
2304: 1730,480,234,2275,3113,1229
2305: 475,2158,1747,3477,3671,256
2306: 2925,3557,444,3085,2974,2661
2307: 3233,3610,3375,1019,123,1619
2308: 585,702,2658,1862,3966,3341
2309: 1779,22,2143,3414,922,2491
2310: 1320,857,2689,3192,1831,2132
2311: 653,1245,5,3147,3798,3519
2312: 625,2515,1961,934,2752,2433
2313: 1583,3206,1391,3408,2932,1867
2314: 4087,3628,907,3242,1155
2315: 904,1926,2355,2206,3186,3490
2316: 1607,80,2100,1908,850,24
2317: 1221,1966,3996,1269,1401
2318: 575,1724,1350,3361,1001,3062
2319: 3723,1382,1680,3417,1814,286
2320: 367,33,1695,270,4035,2506
2321: 393,558,1149,3534,2403,2969
2322: 2057,1535,514,886,1113,1175
2323: 579,227,3548,1873,1351,2478
2324: 153,186,1240,1150,2862,2040
2325: 516,2876,2662,367,4035,2456
2326: 482,2362,1064,2465,1224,1009
2327: 1493,2404,1394,1150,2862,2738
2328: 244,3609,1998,1122,188,3672
2329: 109,3737,3657,3693,143,483
2330: 1530,3151,787,3352,3364,1104
2331: 1870,3266,923
2332: 3742,598,768,243,3755,883
2333: 3882,3128,422,1562,816,1237
2334: 3428,1330,2475,537,1434,2484
2335: 3487,1875,331,1152,1946,3611
2336: 1353,2664,1006,4078,1562,3882
2337: 85,3382,1945,1020,3793,538
2338: 1339,1650,1538,956,2644,468
2339: 1310,173,560,2727,491,1601,2370
2340: 1864,1167,517,1336,3224,2783
2341: 1620,934,2165,3855,1600,821
2342: 1043,1515,2608,1905,1934,3720
2343: 3785,1693,851,324,355,2681
2344: 1724,1205,3237,3449,3361,63
2345: 1195,3632,3109,1063,2731,872
2346: 938,2988,3951,1846,2015,2133
2347: 1514,329,574,2930,2786,3589
2348: 572,1206,1005,904,2206,2376
2349: 1563,879,1072
2350: 3046,349,1283
2351: 1192,1517,1581,703,3404,2186
2352: 407,706,556,971,2620,2621
2353: 1295,1284,783,3210,3214,2292
2354: 1180,691,11,3513,1962,1099
2355: 3402,518,1926,3186,1360,2315
2356: 3962,1949,3360,1234,1136,484
2357: 2627,1326,3706,1176,835,307
2358: 1570,880,753,1407,3534,1357,2969
2359: 1321,3663,4062,2544,1254,3856
2360: 599,1143,3354,647,3005,3211
2361: 2570,2102,886,2806,1817,1910
2362: 477,482,1064,2326,3277,2208
2363: 1025,111,769,3865,3384,3613
2364: 1546,2175,352,1151,3627,1909
2365: 2894,504,1334,671,1699,2937
2366: 1080,297,1676,3891,852,2786
2367: 502,1190,1523,3215,2941,1584,455
2368: 1399,2463,405,3383,1162,817
2369: 1465,1560,433,21,594,2101
2370: 415,1601,3202,2242,560,2339,2727
2371: 3261,275,1868,1779,682,3414
2372: 1935,999,1185,2839,493,2726,3044
2373: 305,3995,1275,1559,1380,3859
2374: 85,3135,446,1656,3793,2115
2375: 287,3947
2376: 194,1476,2348,1206,1005,4026
2377: 2777,3980,539,3328,531,361
2378: 1621,1711,2742,957
2379: 395,2395,1207,1719,180,3225
2380: 1603,3336,630
2381: 2989,2028,600,267
2382: 251,3756,3785,1383,1809,117
2383: 1708,384,523,2830,3976,2245
2384: 1117,4029,741,678,2490,2540,3174
2385: 3860,248,131,2398,2632,2918
2386: 1125,622,652,3887,3376,3797
2387: 199,1659,1322,1948,144,3254,101
2388: 3057,359,3917,1376,1963,3310
2389: 1563,3248,241,1877
2390: 1420,3588,655,3723,1382,2237
2391: 2859,2992,2518,557,1486,3315
2392: 1558,1223,641,2956,3842,1630
2393: 104,3199,3250,399,933,2711
2394: 1024,1132,2619,2248,2157,3552
2395: 3015,395,845,1044,2379,1207
2396: 69,1963,4040,3057,1798,4047
2397: 1457,2010,3087,2151,191,442
2398: 3860,248,1510,3506,631,2385
2399: 1439,193,302,1295,1193,3459
2400: 1179,1477,624,3904,2621,2460
2401: 611,3764,1045,2522,157,3307
2402: 1644,2944,78,734,3775
2403: 41,3217,2969,2321,1548,558
2404: 1493,2327,2855,2986,1421,2738
2405: 3615,319,3708,1093,953,1345
2406: 683,2084,276,3036,3264,2199
2407: 3276,905,902,3529,97,2291
2408: 2083,1078,881,2256,3002,1338
2409: 2803,3882,1478,1166,422,2664
2410: 111,433,3865,2642,1636,2203
2411: 3930,1433,2289,1285,466,3348
2412: 258,1637,1363,4029,3944,3472
2413: 1929,2266,924,1756,63,3449
2414: 140,3554,3207,540,3006,1046
2415: 1543,2419,3713,1748,294,1781
2416: 713,1323,4015,3013,1258,548
2417: 3055,1100,2259,1314,666,1247
2418: 742,3727,4003,657,470,4066
2419: 1543,2415,958,1748,3561,1183
2420: 198,3539,2852,1208,1932,2751
2421: 1187,1997,2009,485,2495,160,3198
2422: 1578,266,2847,1525,4028,2070
2423: 2497,1495,1177,2550,3149,2116
2424: 2779,3867,403,3935,1141,2922
2425: 818,3080,663,3821,146,1892
2426: 1369,54,74,3615,3725,3992
2427: 1731,666,3645,1247,534,2021
2428: 3274,3834,1638,954,42,2161
2429: 68,3845,486
2430: 4015,863,93,2677,1278,1494,3014
2431: 2297,3083,1012,704,1958,4068
2432: 2811,1096,2024,2266,601,494
2433: 625,1209,2560,2515,2264,2312
2434: 1047,2498,2696,2765,306,3776
2435: 3133,3839,3002,1338,646,1422
2436: 2883,498,3399,1022,3206,2763
2437: 3361,1756,385,63,3161,2854
2438: 52,3102,1429,1534,1478,487
2439: 882,619,3786,126,3317,1836,3321
2440: 277,3668,2516,1026,3357,1233
2441: 2087,271,1128,3790,3921,731
2442: 1094,3681,894,1895,2925,1178
2443: 519,1379,756,2923,2105,3582
2444: 1818,2648,554,1067,2098,1426
2445: 1311,955,1281,2201,1027,711
2446: 3823,1585,2753,3517,1203,3412
2447: 1423,49,1988,3502,322,1597,4063
2448: 1500,1705,3853,1586,4045,4027
2449: 1442,819,3312,937,229,2490
2450: 771,779,447,3433,1259,3934
2451: 9,967,1753,1542,1639,1023
2452: 632,2951,1634,1973,3770,3022
2453: 2468,1248,3475,1239,1564,651
2454: 240,1017,820,2233
2455: 1296,1953,3518,2031,729,624
2456: 3729,367,658,1819,2325,2876
2457: 3171,363,3257,1782,1898,1832
2458: 274,2116,1927,593
2459: 559,4003,3299,1687,829,3366
2460: 3889,729,1790,1179,624,2400
2461: 959,2051,1023,2236,1753,2224
2462: 3703,2869,461,217,508,1440
2463: 3416,1399,2368,2016,817,2588
2464: 1186,2693
2465: 2851,2624,1224,1009,2326,1484
2466: 604,1944,2057,1113,17,3515
2467: 174,3558,2555,1313,460,2159,4079
2468: 1248,2453,2695,2737,1239,178,2530
2469: 309,1368,1689,2577,2810,2687
2470: 335,1602,2741,872,1771,2731
2471: 602,2702,725,1506,3034,342
2472: 1016,1284,3210,1595,2034,2251,284
2473: 1244,65,585,3894,2269,98
2474: 3907,3168,3703,155,3187,996
2475: 62,2154,499,3428,1330,2334
2476: 966,925,3213,1079,2296,3595
2477: 1028,4041,247,467,3702,1454
2478: 579,1351,2323,1993,4080,362
2479: 1324,2885,1474,2221,1414,2778,3816
2480: 2895,1820,709,2741,45,3722
2481: 408,3763,803,660,1480,2736
2482: 3402,900,1926,4085,1704,3957
2483: 1280,1736,3016,3924,1389,1068
2484: 537,903,1481,1434,3300,2334
2485: 1187,3494,541,469,3996,3988
2486: 2562,858,1335,2863,822,1860
2487: 248,1510,2179,2734,826,3978
2488: 1606,95,2147,2748,3854,1795
2489: 519,2641,1964,1253,1482,756
2490: 1796,229,741,2384,2540,1134,1442,2449
2491: 1245,922,2671,2309,3414,1441,226
2492: 3442,1621,2267,1236,3733,986
2493: 1770,3876,3508,3798,1681,3082
2494: 2668,1996,1180,1642,662
2495: 1187,2421,541,2058,160,3639
2496: 3136,997,3689,164,2563,1288
2497: 593,7,2423,3811,1495,2116
2498: 2971,2434,2765,1337,1852,306
2499: 1646,4051,2056,1496,3075,1743
2500: 675,1616,3093,1807,136,1941,2945
2501: 545,655,572,1206,1673,2611
2502: 3861,3913,603,2857,3478,2977
2503: 1145,3553,3572,520,1445,1090
2504: 1135,3783,2220,3296,1549,2638
2505: 3594,762,2649,705,3182,3493
2506: 33,1695,3849,2320,2122,808
2507: 1121,1533,2767,1987,3963,404
2508: 1181,3557,3085,1908,24,448
2509: 527,3154,2874,550,1189
2510: 3736,2300,3500,2924,995,1622
2511: 1081,2866,713,386,2566,2981
2512: 1964,3850,3135,1656,2072,970
2513: 805,3339,2220,439,3961,3507,2243
2514: 853,1979,4012,2881,1590,3431
2515: 1209,934,2312,2433,2205,821
2516: 277,3668,1649,3166,960,2440
2517: 268,429,1640,2271,1712,2643
2518: 2859,2992,1029,2263,1083,3179,2391
2519: 3452,3643,695,1153,1424,1449,3072
2520: 2552,1858,3090,883,243,973
2521: 612,2873,2284,2572,861,1936
2522: 611,3764,1975,1045,2401,3189
2523: 2272,2804,1061,2530,4083,1286,389
2524: 1623,3225,3392
2525: 1024,3285,500,418,1663,3346
2526: 1432,673,1624,684,3803,3287
2527: 1857,1709,3502,1597,196,314
2528: 2630,211,3709,2611,353
2529: 815,642,3619,751,1559,1287
2530: 854,1061,379,178,2523,2468,1286,2695
2531: 3423,3700,40
2532: 3058,1871,2029,314,3516,2795
2533: 190,1153,2688,1424,874,1249,2265
2534: 2302,1816,772,696,2888,3658
2535: 230,1136,2809,1878
2536: 740,1802,919,437,4076,3970
2537: 3255,1470,1761,2959,3079,674
2538: 1785,1250,2864,1252
2539: 1028,968,1955,3716,2290,457
2540: 1117,741,2384,2490,1442,3520
2541: 3587,4031,2134,3527,51,1030
2542: 1395,275,1182,873,682,1747
2543: 856,53,2703,607,3219
2544: 542,4062,2359,2241,296,3856
2545: 2078,1483,1037,364,2607,2140,972
2546: 1571,3620,265,1999
2547: 1300,1185,884,1314,2145,2726,1903
2548: 3297,1443,2838,2667,374
2549: 157,2651,1763,2743,2713,561
2550: 697,885,3695,1177,3734,2423,1495
2551: 2150,782,125,1764,1084,2144
2552: 2263,1858,1083,2520,973,1746
2553: 645,1326,563,2870,3052,2589
2554: 2895,3604,1625,987,224,1069
2555: 979,261,2035,3558,2467,4079
2556: 543,1061,379,3438,2272,2906
2557: 1264,633,3871,3899,910,410
2558: 998,554,1107,3535,1808,2691
2559: 1531,1328,2081,2096,2722,951
2560: 1209,2264,2433,86,1398,3409
2561: 1900,3171,363,37,615,3759
2562: 2486,858,3198,2778,2009,822
2563: 2594,3136,2496,930,1288,2048
2564: 273,1403,1626,2148,2827,1063
2565: 1853,549,1342,2276,1097,1694
2566: 2239,1114,962,386,2511,2981
2567: 3931,1647,3097,2036,1872,2639
2568: 962,3311,3013,940,386,93
2569: 3740,1316,827,1263,230,3728
2570: 2361,3034,886,342,1175,1910
2571: 1678,4008,3000,92,212,2228,2812
2572: 294,2284,2521,1655,861,1970
2573: 1289,1404,3050
2574: 1557,3383,613,405,2678,3799
2575: 2975,1972,887
2576: 1290,3708,926,2880,1679,3253
2577: 1689,2469,2810,799,3555,1627
2578: 1034,1968,183,2625,1431,2769
2579: 1532,3833,3111,3389,1471,1378
2580: 3379,914,3836,1731,634,376,2800
2581: 175,1352,2609,459,3420,948
2582: 1672,327,1891,2854,112,718
2583: 2802,351,544,2952,3203,1105
2584: 138,1967,3245,2791
2585: 3055,924,370,2145,1929,3683
2586: 3886,2606,99,2683,1603
2587: 2880,1679,582,3746,495,2198
2588: 817,1566,1524,488,2463,2016
2589: 2627,1326,2553,3052,1765,1609
2590: 961,2131,1916,1547,321,1036
2591: 1773,34,489,853,2881,745
2592: 188,823,1977,3609,3204,1130
2593: 3390,794,1229,334,2725,3903
2594: 1854,3136,2563,2048,103,1850
2595: 1453,3621,1183,3646,3864,388
2596: 941,2239,3973,1950,962,3311
2597: 127,3083,406,1319,645,2870
2598: 137,693,720,1965,299
2599: 3439,3645,490,2021,1370,2226
2600: 3335,313,844,3939,933,48
2601: 2059,1845,0,1167,2166,3812
2602: 3249,1942,812,2225
2603: 1682,2819,3194,2612,213,1251
2604: 744,4064
2605: 2191,824,1316,2829,637
2606: 1734,3886,3095,2586,3329,99
2607: 2078,4037,1483,2545,807,1037,2236
2608: 1043,2342,3831,207,1905,1370
2609: 1677,175,3565,2581,459,3039,1608
2610: 1475,1101,2301,2757,1742,3975
2611: 545,3709,1673,2501,2630,2528
2612: 213,2698,1251,3925,1749,2603
2613: 856,604,3053,2703,3662,1170
2614: 59,3813,1631,681,855,2099
2615: 3221,1252,3959,505,1055,776
2616: 2684,1935,3353,3150,999,651
2617: 3964,3303,1107,511,2826,1327
2618: 3984,1624,257,1000,1197,578
2619: 1024,39,1674,2248,2394,500
2620: 407,971,2352,2027,3738,1211
2621: 1179,706,556,1477,2352,2400
2622: 3469,1755,760,1888,936,2152
2623: 1425,1436,1313,3656,1930,174
2624: 2465,1224,1021,3385,1668,1484
2625: 1373,1034,2578,1432,684,1431
2626: 1912,567,3840,573,1225,2947
2627: 1326,2357,2680,2589,1765,307
2628: 1668,1210,754,1032,1484,3650
2629: 3468,3345,3062,1001,1360,1688
2630: 1732,211,3858,2528,2249,2611
2631: 728,1685,308,3302,3322,1194,3456
2632: 248,2179,2385,1497,2918,3159
2633: 2649,1184,1980,1102,2704,2899
2634: 225,1018,3664,2957,2142,928
2635: 1212,675,810,1279,2170,3093
2636: 692,1328,64,3670,586,3567
2637: 161,1312,731,3652,1065,271
2638: 1549,1750,2218,3704,2504,3296
2639: 1872,3780,2567,2036,1132,90
2640: 981,4002,91,3584,1202,1046
2641: 1253,756,2489,3049,3801,66
2642: 1995,2101,707,1636,433,2410
2643: 2517,654,1299,3493,1640,2271
2644: 1650,956,2338,3172,1757,440
2645: 2770,605,501,2053,1127,3779
2646: 174,2035,698,3558,1641,1344
2647: 3806,221,3487,1837,1152,2827
2648: 113,2444,1818,2709,1426,3421
2649: 2278,1184,2633,705,2899,2505,3594
2650: 1961,2752,1293,491,1469,1004
2651: 157,1978,3308,3307,2549,1763
2652: 1588,1901,400,2083,3002,646
2653: 1675,1859,1193,2121,3459,2103
2654: 3754,387,911,3041
2655: 1371,3332,354,3942,1737,3732
2656: 1560,3627,3301,3861,150,352
2657: 732,4084,3024,1384,263,3547
2658: 3678,585,702,2269,745,2308
2659: 323,244,306,3766,888,3776
2660: 3614,1726,906,1031,4089,3387
2661: 1767,2974,295,1895,2925,2306
2662: 516,1257,1657,2325,3613,4035
2663: 453,3305,176
2664: 1353,487,2336,3882,2409,1478
2665: 2013,974,2052,2699,2232,492
2666: 635,1173,3778,2277,1733,3868
2667: 606,1215,3818,2838,2548,374
2668: 2494,1642,2200
2669: 1354,528,1835,3146,4094,898,2136
2670: 1308,251,1135,3756,975,3139
2671: 1245,1727,2491,3519,61,1441,226
2672: 3589,862,2240,2706,1514,2230
2673: 1400,1991,1810,3464,2762,935
2674: 1372,1893,3837,252,1222,2294
2675: 332,1348,770,607,3881,3945
2676: 214,1694,2787,4022,1097
2677: 3843,3482,3450,1278,3014,2430,863
2678: 281,791,1058,3799,613,2574
2679: 3481,1255,237,652,2740,3573,3887
2680: 2627,1765,3269,307,969,2063
2681: 792,1693,851,2343,3869,3687
2682: 177,1572,3281,3819,3157,8
2683: 2586,99,1603,630,685,1883
2684: 3353,1300,850,2616,999,1185
2685: 2056,339,1448,2840,1628,2097
2686: 3802,1254,3190,88,1321,1830
2687: 1592,608,309,1368,2146,2469
2688: 3546,190,1153,1058,2533,3718
2689: 1930,1320,1344,3323,2310,2132
2690: 1138,232,3170,3659,1793,833,3328
2691: 998,388,1751,197,3535,2558
2692: 2013,1822,553,2094,390,2855
2693: 1186,2464,375,3377,1139,507
2694: 2967,3688,982,3045,2970,976
2695: 2468,708,1248,1286,2737,178,2530
2696: 1047,3183,2434,2934,566,1062,3776
2697: 312,3040,1120,947,1629
2698: 2612,223,151,3925,1749,397
2699: 2665,2052,492,218,3636,1262
2700: 1740,1103,2828,892,3820
2701: 1887,239,2115,3601,3300,215
2702: 2471,1835,1066,3146,602,342
2703: 856,53,3071,2543,1170,2613
2704: 2633,1102,2899,445,1291,1937
2705: 1397,3401,3193,1710,3937,3602
2706: 862,2067,2240,1604,2672,735
2707: 3067,165,506,521,1230,483
2708: 1213,3180,1354,718,898,1891
2709: 1931,3096,113,126,1818,2648
2710: 1474,793,3816,202,1270,1889,3782
2711: 3939,933,1140,1794,104,2393
2712: 835,307,3426,1890,1825,969
2713: 2743,1444,1986,4010,2549,1763
2714: 3922,1969,663,1266,3821,2845
2715: 2813,3437,2,650,2859,108,1486
2716: 1302,1049,216,3983,3667,1553,522
2717: 82,1048,3226,2826,197,3535
2718: 1485,2916,712,3081,337,2798
2719: 719,1375,3243,774,1045,561
2720: 1876,701,3655,3319,1834,220
2721: 1188,917,765,2061,1002,1356
2722: 1531,2559,1294,692,1328,333
2723: 3167,1719
2724: 2844,889,3909,3719,2004,2979
2725: 3390,3343,794,2794,2593,1298
2726: 493,3123,1903,999,1185,2372,2547
2727: 3525,560,2339,3129,415,3202,2370
2728: 3758,3316,3158,1834,929,3655
2729: 1700,747,4034,754,1032,2950
2730: 1154,1797,2069,3065,309,2810
2731: 1195,1771,2345,3551,2470,872
2732: 1310,1750,2218,560,3129,3330
2733: 2755,1375,1736,2000,617,3016
2734: 636,1510,4082,2487,826,2993
2735: 3340,315,610,3580,1003,2196
2736: 373,1480,1033,2758,408,2481
2737: 2468,708,1906,1248,2030,2695,3521
2738: 2986,664,3928,2404,1394,2327
2739: 2255,241,3635,3767,1966
2740: 1255,343,119,2679,652,3573,3887
2741: 2470,1602,2480,709,1771,45
2742: 2153,154,3038,2378,1711
2743: 1444,2713,2549,3443,3243,561
2744: 3443,2000,617,2909,336,2976
2745: 3192,1154,608,12,4077,857
2746: 3741,1982,942,785,1605,3915
2747: 1369,188,3672,74,1977,1093
2748: 3191,95,1609,419,2488,4068,1795
2749: 179,787,1104,3727,1385,470,2822
2750: 598,3564,768,476,1712,3773
2751: 1932,1267,198,3342,2420,2001
2752: 1620,1961,934,2650,2312,1004
2753: 158,577,118,3823,2446,3517
2754: 2860,2981,2011,368,1355,1081
2755: 719,1375,3677,2733,3016,77
2756: 1373,1034,2137,3690,183,1550
2757: 1475,1101,3375,1019,746,2610
2758: 1033,2736,1716,3582,1379,408
2759: 28,1419,3920,2252,2037,2898
2760: 2007,890,2082,78,688,2229
2761: 1402,67,2162,3313,3499,347
2762: 935,1665,1511,2673,759,3464
2763: 2883,2436,3206,1391,1292,3906
2764: 225,1643,1018,2892,592,2114
2765: 1047,665,2971,4096,2434,2498
2766: 2293,3486,269,2904,562,1788
2767: 1121,2507,1533,858,1335,2221
2768: 3842,3866,633,3871,841,1630
2769: 1431,418,2893,1007,1968,2578
2770: 501,2645,3234,1127,1575,796
2771: 2202,2032,203,20,522,216
2772: 129,135,170,272,1133,2216
2773: 3413,674,3578,2061,3544,1761
2774: 199,1948,3890,1226,3547,2858
2775: 222,1043,1515,3505,1648,3155
2776: 365,3483,140,797,1805,2846,3838
2777: 2377,1256,539,3241,531,801
2778: 1324,3198,2221,2479,2562,858
2779: 1839,564,2900,3867,2424,2922
2780: 891,2133,2782,3591,1959,1077
2781: 724,1867,3283,930,1526,3408
2782: 870,2247,891,3591,2780,3644
2783: 1167,338,517,2340,1565,1845,3949
2784: 1631,681,378,2008,3418,3107
2785: 3256,3784,167,1855,1720
2786: 852,2930,2347,1676,2366,3589
2787: 2676,1694,1215,3818,2149
2788: 382,546,1589,1911,3817,2089
2789: 963,44,3608
2790: 843,2001,1584,2071,3570,455
2791: 2584,138,3245,3309,3527,450
2792: 1181,2983,444,3085,1778,547
2793: 3579,3115,1242,384,1715
2794: 3343,3724,794,1092,2725,1632
2795: 2532,314,3516,122,1783,196
2796: 3380,1396,548,1323,3814,3952
2797: 899,420,1346,3009,1791,4067,3011
2798: 3054,337,1501,2718,1428,3081
2799: 4024,1487,3148,3185,779,3536
2800: 228,1100,2580,1731,666,634
2801: 2086,1608,313,844,3447,1677
2802: 351,3347,2583,456,1105,2172
2803: 2409,1478,1166,3415,62,1534
2804: 3543,106,2272,2523,389,1490
2805: 293,860,1106,3972,3583,88
2806: 1535,2361,2102,886,1923,3569
2807: 3629,3669,1049,3667,273,3109
2808: 1617,1888,936,2178,291,3540
2809: 230,2535,3728,1878,3784,167
2810: 309,2577,2469,1627,1797,2730
2811: 2281,2432,601,2209,1833,871,494
2812: 1678,3174,212,1780,2207,2571
2813: 338,2019,3437,2715,2,2936
2814: 742,559,3533,1665,417,1713
2815: 1026,3046,3357,1856,1427,349
2816: 1301,1522,3351,1579,627,2138
2817: 4021,521,3699,1356,1775,3394
2818: 2965,1090,1894,3441,46,3863
2819: 1682,2603,1251,667
2820: 859,958,3561,980,1089,357
2821: 828,3181,1223,2956,1594,931
2822: 1541,3750,179,2749,1385,1464
2823: 998,1751,1067,4056,619,3786
2824: 3029,1900,37,637,827,4072
2825: 2039,1701,3476,1692,3760,1241,3001
2826: 511,3226,2717,1107,3535,2617
2827: 1403,1837,1626,1152,2564,2647
2828: 1804,2700
2829: 824,2605,637,4072,1823,310
2830: 2851,1009,1700,1708,2383,3976
2831: 3054,2043,1108,2943,3291,530
2832: 1308,1933,975,300,3906,2095
2833: 3800,210,2226,1925,1607,3439
2834: 3787,15,1934,2279,4090,3720
2835: 1412,3692,3070,715,1633
2836: 815,781,2275,233,480,1799
2837: 936,291,2152,3946,3572,520
2838: 1443,2920,549,2548,2667,3818
2839: 1935,999,2372,763,3044,456
2840: 1787,2896,339,1448,2685,3581
2841: 1302,2039,335,1602,1701,3983
2842: 1968,1880,2893,1786,3429,941
2843: 2867,2850,2246,283,964,1886
2844: 2724,297,441,889,1364,3909
2845: 402,2026,2231,1969,2714,3821
2846: 365,2776,1202,3880,775,3838
2847: 932,1578,2422,3239,743,2070
2848: 793,1027,1414,1281,2241,296
2849: 3061,2216,3603,135,1801
2850: 2867,3407,2843,1115,2246,3563
2851: 2465,1009,2830,1700,754,1484
2852: 707,1566,2420,3539,1208,1636
2853: 893,1145,2040,648,1552,3077
2854: 1672,2437,385,1891,2582,3161
2855: 390,1493,2404,553,2692,1421
2856: 912,3173,3117,1142,1440,217
2857: 3861,860,603,2175,2502,352
2858: 1408,1226,668,3049,3890,2774,66
2859: 650,1029,2518,2391,2715,1486
2860: 3032,2011,2143,3246,368,2754
2861: 235,1109,3456,728,3848,1545
2862: 1394,2324,2327,1150,893,2040
2863: 278,2486,3653,1335,1860,1216
2864: 1252,776,2538
2865: 1374,4078,1992,3284,750,416
2866: 710,3380,1081,548,2511,713
2867: 2843,2850,3563,964,669,1886
2868: 2295,1386,795,496
2869: 2462,3703,155,2994,1784,508
2870: 645,1824,563,2553,2597,406
2871: 1050,689,1306,1922,504,3076
2872: 1785,3795,600
2873: 612,2521,1124,1936,3879,3835
2874: 2509,3154,1376,550,326,3310
2875: 133,1570,3292,880,391,3616
2876: 1819,516,3940,644,2325,2456
2877: 3810,524,1980,3537,442,1918
2878: 1204,299,3363,2041,2296,3595
2879: 3095,3329,1722,445,524,1102
2880: 1679,2587,2576,1290,201,2198
2881: 1773,853,2514,2591,1590,3127
2882: 3337,3988,3344,1311,541,2058
2883: 3399,2436,2763,1292,1954,3919
2884: 441,4019,1364,3684,1035,1268
2885: 3639,1324,2479,1027,1414,711
2886: 1557,613,1389,3630,2060,1068
2887: 425,2223,175,950,3565,965,1144,246
2888: 2534,772,3532,139,1690,3658
2889: 1367,2142,928,440,956,1051
2890: 2127,1725,832,3242,1155,2151
2891: 966,3258,1439,1079,783,451
2892: 1643,592,2764,1592,1924,2146
2893: 3073,2769,1007,1786,1968,2842
2894: 504,1110,3076,621,2365,1334
2895: 1625,1789,1820,2480,2554,224,3722,1069
2896: 2110,1787,1448,2840,765,1002
2897: 3986,1697,1951,670,3883,3938
2898: 1916,1036,3999,3920,2759,2037
2899: 2649,2633,2704,3594,1937,3491
2900: 1839,1826,2779,3004,564,3824
2901: 1057,3512,2262,1588,2293,269
2902: 3061,866,1133,861,2216,1936
2903: 3772,1842,234,1536,3903,3338
2904: 3427,562,1788,565,1855,2766
2905: 3370,3059,340,1643,1018
2906: 1487,106,2272,3148,543,2556
2907: 320,3851,3724,1632,3389,1532
2908: 1054,4055,818,799,3555,3295
2909: 1303,2000,2744,2976,570,2228
2910: 1333,2295,141,1111,2245,3579
2911: 1387,3566,428,1413,449,185
2912: 3266,923,1593,310,3661,2168
2913: 1708,614,523,3863,477,1064
2914: 676,49,322,3114,4004,1537,3333
2915: 672,1425,3660,2202,1938,2032,3656
2916: 205,1461,1485,2718,3422,712
2917: 1368,47,1892,1689,3901,146
2918: 1613,1497,3638,131,2385,2632
2919: 3958,29,3084,937,1745,819
2920: 1443,3086,1853,2838,864,549
2921: 1912,573,1532,3111,3851,3355
2922: 2244,1141,638,1839,2779,2424
2923: 519,1379,2443,967,3195,1542
2924: 2043,2943,995,2510,2042,1622
2925: 444,1178,2306,1895,2442,2661
2926: 1015,464,254,3892,1939,3726
2927: 3808,1776,1686,595,1766,3304
2928: 3288,1052,14,1710,3193,1359
2929: 3078,1754,3142,344,1915
2930: 852,1844,2194,2786,574,2347
2931: 755,1721,3905,3616,280,133
2932: 1867,2274,300,1217,3283,1391,2313
2933: 3497,1956,2196,2288,1971,610
2934: 797,1805,566,2696,2286,1062
2935: 1893,413,3094,2045,3434,3910,2164,1222
2936: 2119,968,2,338,2813,1565
2937: 1306,3038,504,2365,671,423
2938: 190,3651,3718,895,503,2227,1249
2939: 615,3759,1874,3256,406,1824
2940: 3971,1070,1896,3478,761,700,1664
2941: 502,1190,2367,3072,3342,411,455
2942: 1112,855,2099,3541,3752,321,952
2943: 2043,1108,2924,2831,187,2042
2944: 2402,1801,734
2945: 136,1941,1807,3916,116,1616,2500
2946: 3598,3158,1411,472,1645,677
2947: 1225,249,3538,2626,567,184
2948: 3694,4009,712,2002,555,3081
2949: 1322,144,2209,536,896,1833
2950: 1111,1386,3976,1700,747,2729
2951: 632,4064,2452,1957,1634
2952: 351,544,1388,1635,2156,2583
2953: 3598,3758,830,427,100,3103
2954: 3961,568,1847,2984,3715,3507
2955: 935,1806,1400,3419,1498,35
2956: 3073,1223,2392,641,1594,2821
2957: 1071,3664,2634,928,1475,2301
2958: 568,1227,1260,3507,3936,55
2959: 944,1861,3514,3079,2537,3255
2960: 720,1965,3371,32,303,73
2961: 1528,2258,232,3012,2006,2280
2962: 396,1168,1884,1082,3950,3458
2963: 1492,1177,168,3734,409
2964: 341,3019,1377,2017,2074,3484
2965: 1942,812,289,2818,1894,3441
2966: 1161,1325,3577,1025,639,769
2967: 982,2003,2694,182,2970,638
2968: 3686,3495,3023,1157,58,1088
2969: 41,3534,1357,2403,2358,2321
2970: 2244,638,976,1815,2967,2694
2971: 4096,2498,2765,19,1337,699,3216
2972: 1538,3762,1742,3975,4058,468
2973: 978,235,3378,3232,878,1262
2974: 3800,2661,295,1925,3557,2306
2975: 2575,1972,3828,4086
2976: 336,3520,1117,570,2744,2909
2977: 1896,3094,2045,3913,2502,3478
2978: 1353,3144,487,750,807,3102
2979: 70,3332,1723,2004,2724,3909
2980: 127,3912,3788,3427,1874,1788
2981: 368,2754,2566,1114,1081,2511
2982: 1199,1072,3735,3567,333,692
2983: 4054,1897,1778,547,2792,3870
2984: 443,1847,3715,2954,990,2079,1131
2985: 3889,279,3003,3012,3462,435,777,2280
2986: 87,664,1421,2738,1228,2404
2987: 3067,3120,1540,1014,288,3160
2988: 3845,3498,938,1959,2346,2133
2989: 2381,3605,2028,1010,2215,267
2990: 1304,3331,3955,589,181,1435
2991: 3268,3921,1612,1128,3866,1499
2992: 2263,2518,2391,1156,557,3039
2993: 1974,826,1447,3051,636,4082,2734
2994: 23,155,2869,3411,1784,1231
2995: 1494,3274,1518,3105,3208,42,1258
2996: 3007,1707,1529,1519,2107,392
2997: 835,1825,3230,3706,576,1832
2998: 363,37,4072,1823,1898,1509
2999: 3922,2008,3112,3262,3107,1567
3000: 503,4008,92,1502,2227,2571,3140
3001: 1789,1820,1241,709,2039,2825
3002: 2083,2408,1338,2435,2652,646
3003: 279,628,2180,2985,3141,3462,3765
3004: 1521,1826,3305,176,564,2900
3005: 285,3211,1648,3831,1143,2360
3006: 4002,1456,1046,3207,2414
3007: 2005,1519,2996,392,3829,590
3008: 2283,7,3451,1568,353,1174
3009: 284,3647,420,1346,2797,1595
3010: 264,1500
3011: 1203,1791,4067,2185,899,2797
3012: 2985,435,2006,777,2280,2961
3013: 713,4015,2416,386,2568,93
3014: 369,1494,3105,2677,1278,2430
3015: 395,1899,3649,1044,2395,1013
3016: 2755,1736,2483,2733,77,1389
3017: 3767,105,1966,3238,1401,640
3018: 4010,2117,311,1745,3840,865
3019: 372,341,3757,3622,2964,2017
3020: 358,1505,3965,3143,1218,3721
3021: 331,1626,2148,1792,60,1813
3022: 1521,3770,564,3867,2452,1973
3023: 2968,1446,3495,1157,3729,2285
3024: 1635,2156,732,2657,1384,101
3025: 1701,216,3983,3476,672,4092,2032
3026: 2124,845,1207,410,1698,3943
3027: 673,430,1504,1000,813,3634
3028: 4006,1569,304,2007,890,3089
3029: 1720,1900,2824,3728,167,827
3030: 1539,2123,1125,343,3887,4053
3031: 1453,3621,4056,35,3509,3885
3032: 2860,253,22,2143,368,1073
3033: 3931,1647,3265,1575,393,558
3034: 2570,342,3286,1910,725,2471
3035: 1409,1305,1341,525,2093,3036
3036: 683,1341,525,276,3035,2406
3037: 3902,842,4071,1463,1921,4001,1917
3038: 2153,1306,2742,2937,423,1711
3039: 557,1608,2992,1156,459,2609
3040: 3564,2697,1120,947,3752,2131,1547
3041: 2654,387,670,911,721,3883
3042: 502,1190,515,1596,3231,1523,136,1941
3043: 50,977,1646,3236,1011,1496
3044: 493,1827,2372,2839,3347,456
3045: 3688,2694,976,192,1843,1390
3046: 2350,2092,1856,2815,349,1283
3047: 3855,1940,814,1285,2268,25
3048: 686,3979,3350,3551,1807,345,1616
3049: 668,2105,2858,3890,66,2641,756
3050: 748,1119,1404,2573,3717
3051: 1974,2993,1551,3467,169,636
3052: 645,2553,2589,1012,3191,1609
3053: 604,1170,4046,2613,1944,1680
3054: 337,2798,2043,530,2831,1501
3055: 2417,2585,370,2259,1314,2145
3056: 1423,3769,1735,1597,3888,3356
3057: 3917,2388,1219,1798,1963,2396
3058: 2532,2029,3823,314,118,1857
3059: 2905,3370,3654,687,3560,581,340
3060: 3847,839,2190,901,3130
3061: 866,2902,2849,2216
3062: 3468,2629,1340,575,2318,1001
3063: 686,316,60,1813,3350,2171,421
3064: 991,1289,2189,1404,3121,4023
3065: 722,3192,1831,1154,2069,2730
3066: 1759,714,1590,2141,3223,3431
3067: 2707,165,506,3120,1540,2987
3068: 1571,985,1479,3725
3069: 425,950,1144,3471,1406,3260
3070: 3989,2835,715,1633,3951,1849
3071: 53,2703,1170,1053,4061,2212
3072: 1190,1449,3231,2941,3452,2519,4013,411
3073: 2893,1007,641,1786,2956,1594
3074: 3926,1561,2235,3872,3362,102
3075: 1879,1743,163,1646,1544,2499
3076: 2894,1922,1415,504,1110,2871
3077: 3277,1145,2208,3553,2853,648
3078: 3137,1754,2929,412,344
3079: 43,674,119,2959,944,2537
3080: 1220,1054,818,2425,663,1567
3081: 555,1428,712,2948,2718,2798
3082: 1681,64,951,1770,2493,3222
3083: 2597,2297,1319,2431,1012,645
3084: 2044,1841,3958,29,2919,1056
3085: 1181,3557,444,2306,2508,2792
3086: 1443,3178,79,2920,864,1752
3087: 1457,2397,3537,442,946
3088: 4006,909,304,2155,1899,3649
3089: 1644,1569,3028,2007
3090: 268,81,2271,883,1858,2520
3091: 3707,875,3124,1726,4060,3387
3092: 1901,3486,2176,3360,1234,400
3093: 675,2170,2500,2635,1941,2113
3094: 236,2935,1896,2977,2045,3434
3095: 2606,3329,99,3927,2879,445
3096: 1931,113,2709,1610,1491,3606
3097: 1647,1575,2567,1872,3479,796
3098: 1666,4032,790,3536,366,3185
3099: 1307,13,628,389,2180,1490,4083
3100: 383,2067,1604,831,1739,2183
3101: 4005,498,103,1850,1022,2186
3102: 52,4037,807,2438,2978,487
3103: 3474,3959,1885,427,100,2953
3104: 1629,1714,997,3270,3541,947
3105: 369,1494,3274,1038,3014,2995
3106: 3617,3219,397,151,1902,1238
3107: 2008,616,3418,2999,3262,2784
3108: 3878,3349,932,1578,550,1189
3109: 1063,2345,2807,3667,872,273
3110: 21,867,1222,594,413,2164
3111: 1074,2579,573,1532,3833,2921
3112: 2008,2999,1567,2163,394,1220,200
3113: 642,3282,2275,2304,3390,1229
3114: 676,322,2914,3860,131,3333
3115: 2793,1242,2257,1715,2225
3116: 535,874,1358,2197,2265,3697
3117: 1541,3173,2856,3227,179,217
3118: 3801,66,1458,1020,2182,736,3890
3119: 1040,3156,4044,526,1637,436
3120: 3067,3877,506,2987,288,1123
3121: 3064,1404,4023,3717,32,1146
3122: 1527,3763,3195,1753,1542,2224
3123: 493,2726,1096,2024,3683,1903
3124: 875,3548,3091,1658,778,4060
3125: 3251,76,723,822,1860,1577
3126: 21,867,3395,3416,1995,2101
3127: 218,1759,1590,1773,2881,3994
3128: 3216,422,2333,2066,816,1652
3129: 1147,3525,2218,560,2732,2727
3130: 1078,507,3377,2190,839,3060
3131: 3221,449,1885,428,3768
3132: 3744,643,758,3229,458,206
3133: 784,2435,2047,3839,1422,30
3134: 618,3410,2049,3987,1828,98
3135: 446,1656,2374,1964,1253,2512
3136: 1854,2594,997,3270,2496,2563
3137: 3078,1754
3138: 584,1039,632,3770
3139: 1615,1308,1135,805,2670,2220
3140: 281,791,3651,503,3000,3924,1502
3141: 279,1430,628,3003,3825,3765
3142: 749,3574,344,1312,2929
3143: 1272,3469,1755,358,3020,1505
3144: 2978,1374,750,993,807,1037
3145: 1408,1226,361,1863,1276,1716,668,3545,3358
3146: 528,3396,1835,602,2669,2702
3147: 653,1245,922,2311,3953,414
3148: 1487,2799,2906,779,447,543
3149: 274,2116,409,1177,2423
3150: 3353,1564,2616,651,448,1416
3151: 3227,1784,1530,508,1104,2330
3152: 716,501,1407,2128,3234,1149
3153: 3334,3926,780,2073,2177,1129
3154: 2509,3820,527,2874,1103,1376
3155: 285,3505,2063,1648,2775,3774
3156: 1777,2129,4044,809,1040,2109,3119
3157: 4033,177,2682,1572,1271,378
3158: 3598,3758,3316,2728,2946,677
3159: 3738,1497,1460,1211,2179,2632
3160: 1014,1246,288,800,3797,2987
3161: 1756,2437,1891,2854,120,3180
3162: 3834,1638,3677,834,3240,1829
3163: 1101,1452,1742,4058,233,781
3164: 509,616,1266,3262,1723,3732
3165: 4007,1282,1793,833,462,3748,3600
3166: 1649,2286,960,775,2516,3838
3167: 2723,1013,1719,395
3168: 1843,3907,1390,23,155,2474
3169: 122,1405,1331,2173,3888,3356
3170: 1138,2690,3822,3659,3328,531
3171: 2457,363,2561,3759,3257,661
3172: 996,2111,2046,1757,1650,2644
3173: 1541,733,3827,3117,1142,2856
3174: 570,212,1780,2228,2812,1117,678,2384
3175: 3854,3832,690,1794,1606,623
3176: 1354,528,3396,228,1213,3710
3177: 3282,751,1380,1298,649,3685
3178: 3086,79,3635,3248,2012,1752
3179: 1198,1029,3593,2518,1083,3473
3180: 2708,120,1213,738,1891,3161
3181: 828,3973,2821,1950,3435,1594
3182: 1904,3675,705,2505,3493,1640
3183: 1047,665,396,1168,2696,566
3184: 1075,1189,963,1821,3608
3185: 4024,2799,1573,4032,3536,3098
3186: 518,2355,3490,2315,1611,2181
3187: 3703,2474,996,461,1339,1650
3188: 348,2054,782,3575,1365,125
3189: 611,18,142,1975,2522,1550
3190: 2686,3802,944,3514,1830,1255,3573
3191: 1609,419,2748,1012,4068,1795,3052
3192: 1831,1154,2745,3065,857,2310
3193: 2705,1397,752,1359,1710,2928
3194: 1717,1682,3200,2603,213,3272
3195: 3122,408,3763,1542,1379,2923
3196: 3424,1574,979,426,3665,208
3197: 87,1990,4050,1859,3897,1228
3198: 1324,2778,2421,2009,160,2562
3199: 104,3844,2393,3372,1864,3250
3200: 1717,3194,1163,721,121,3272
3201: 3796,1040,837,1134,1796,436
3202: 1666,415,790,3489,2242,2370,2727
3203: 544,2583,1148,1105,1430,31
3204: 3609,3766,656,4000,1130,2592
3205: 1960,852,1309,2194,473,1080
3206: 1583,498,2436,2763,1391,2313
3207: 1015,540,3726,1456,3006,2414
3208: 1518,510,2995,42,1418
3209: 859,1848,1543,958
3210: 1016,1284,989,2472,2292,2353
3211: 3005,285,1651,3228,647,2360
3212: 912,233,1142,1799,3762,4058
3213: 925,2476,4016,693,1976,3595
3214: 1284,783,2353,3284,416,3258
3215: 591,1523,2367,1683,1584,3981
3216: 1337,699,3128,2066,2971,1652
3217: 41,813,2250,2403,1728,1548
3218: 1071,225,3664,71,2114,1718,1702
3219: 332,3617,3106,856,2543,1238
3220: 1642,11,747,4034,795,2200
3221: 3131,1252,2615,3959,1885
3222: 1770,3670,3652,529,64,3082
3223: 3848,1759,3636,2141,3066,878
3224: 1864,517,2340,1503,3250,2019
3225: 2524,2379,1719,3392,180
3226: 511,612,1048,2717,1124,2826
3227: 179,3151,217,508,1104,3117
3228: 1651,4073,382,647,2106,3211
3229: 643,3841,758,1232,3132,3453
3230: 1512,1825,3405,2997,576,181
3231: 502,1190,515,1449,3042,3072,2068
3232: 978,2973,1262,1116,569,2052
3233: 3375,2307,1076,1574,1619,208
3234: 2770,501,3152,1149,1575,393
3235: 2154,970,1639,371,9,3850
3236: 3043,50,4009,977,1646,2002,1544
3237: 372,575,1724,1205,2344,3622
3238: 2081,915,1727,640,3017,105
3239: 2112,1598,326,743,932,2847
3240: 834,512,1200,1038,1638,3162
3241: 1393,2777,373,1537,1256,539
3242: 2890,1155,907,2314,2010,2151
3243: 1375,3443,617,2719,2743,561
3244: 1208,516,1932,1257,644,2203
3245: 2584,1967,2791,1077,2174,450
3246: 2860,2011,1779,873,682,2143
3247: 398,3739,679,3808,1766,1838
3248: 2389,241,3635,3178,2012
3249: 939,2602,1942,3625
3250: 1864,1503,3224,399,3199,2393
3251: 76,2188,822,3125,1997,2009
3252: 1684,1555,4036,3455,830,1411
3253: 1679,2217,659,2576,1084,926
3254: 1659,736,1377,1948,2387,2182
3255: 3381,2537,3991,1470,2959,1861
3256: 3427,1874,2785,1855,1720,2939,615
3257: 3171,2457,3706,661,1176,1832
3258: 2891,3284,783,3214,451,3985
3259: 205,1461,259,3501,1472,3326,786
3260: 315,757,3471,1406,3368,3069
3261: 2371,1086,955,1395,275,1868,2201
3262: 3922,616,1266,2999,3107,3164
3263: 87,1421,3897,553,478,219
3264: 571,346,3436,2199,2084,2406
3265: 3931,3033,1548,1265,1913,558
3266: 2331,923,2912,310,824
3267: 1059,1060,513,145,688,2229
3268: 2991,114,931,1451,1612,1499
3269: 1765,419,1576,3774,2680,2063
3270: 1854,3136,1629,997,1462,3104
3271: 1402,1951,2162,121,3272,1392
3272: 213,1392,121,3271,3200,3194
3273: 4030,1488,471
3274: 2428,1038,3105,1638,2995,42
3275: 1191,3992,54,2088,897
3276: 2407,2254,902,1876,701,3529
3277: 2208,648,3077,482,2362,3568
3278: 1366,2077,318,4014,1760,849
3279: 1393,1480,1988,4004,660,3751
3280: 4024,3543,1487,788,106,1953
3281: 1838,177,4093,2682,3819,679
3282: 642,751,3177,3113,3390,1298
3283: 2932,3559,724,1042,1867,2274,2781
3284: 1992,2865,416,3214,3985,3258
3285: 3287,2525,500,1432,1431,418
3286: 330,3712,1910,725,2279,3034
3287: 3285,1674,500,1432,2526,3803
3288: 14,2928,4085,254,3957,1359
3289: 744,726,3917,4064,1957,1219
3290: 893,1552,3928,1394,587,3946
3291: 1108,530,3513,2831,3791,691
3292: 2875,1570,3616,128,3902,1463
3293: 1433,3687,814,792,2268,189,3624
3294: 2119,1955,4041,784,3623,1455
3295: 1526,2908,1054,4055,1288,3550
3296: 251,1135,2504,117,1750,2638
3297: 1752,2548,1443
3298: 2033,3956,4030,10,680
3299: 1385,4003,470,2459,3366,1464
3300: 239,1481,2701,1434,215,2484
3301: 1465,1137,1560,3627,2656,3384
3302: 1685,778,2631,4060,474,1194
3303: 3964,452,753,2617,1327,2128
3304: 3878,1075,3349,132,3808,1686,2927
3305: 1826,176,3004,2663,453,3692
3306: 3900,582,137,1146,1119,3717
3307: 157,3542,1587,2651,3308,611,2401
3308: 1978,249,3633,1587,2651,3307
3309: 138,2791,727,4031,3527
3310: 1963,2112,326,2874,1376,2388
3311: 962,940,3429,2568,941,2596
3312: 107,1442,819,2449,1986,2117
3313: 2761,3986,1402,1435,67,3807
3314: 3544,454,1928,1165,1519,2107
3315: 108,557,1486,2086,1907,2391
3316: 3158,2728,677,1577,1216,929
3317: 882,2439,2085,1687,3321,1713
3318: 3503,755,350,1721,1378,3599
3319: 2720,701,220,785,3915,1459
3320: 3666,1410,162,1943
3321: 417,3637,1836,1713,2439,3317
3322: 3523,2022,1194,2219,728,2631,1545
3323: 1930,2689,990,2132,443,1436
3324: 3633,3538,184,3488,1504,1197
3325: 828,1466,3435,1235,114,3571
3326: 1529,1662,786,392,3259,3501
3327: 4059,1467,3817,2089,38,1744
3328: 2377,531,3659,2690,3170,361,156
3329: 1734,2606,3095,1722,2879,2184
3330: 1809,1310,117,1750,3982,2732
3331: 2990,181,1512,1435,3807,696
3332: 1371,1723,2004,2979,2655,3732
3333: 1537,1256,1613,131,3114,2914
3334: 3926,3153,1085,102,206,1129
3335: 2600,1614,1907,399,844,933
3336: 1186,375,630,1468,2380
3337: 2882,551,3344,3682,1311,1086
3338: 2903,234,1536,1730,733,3750
3339: 1615,2513,805,802,3761,2243
3340: 315,4011,3580,1774,2735,3368
3341: 1862,3966,3504,585,3894,2308
3342: 198,411,2941,2001,455,2751
3343: 3724,2794,2725,1298,649,1159
3344: 3337,3988,1269,2882,532,551
3345: 3468,3524,1052,14,2629,1688
3346: 1558,418,1007,1663,641,2525
3347: 2802,351,3612,456,3044,2281,1827
3348: 1940,1469,2289,1285,1004,2411
3349: 3878,3108,1578,3304,132,266
3350: 686,316,3063,3048,1807,1616,421
3351: 1060,145,1579,1301,2816,3997
3352: 1530,3364,2330,1095,2247,2038
3353: 2684,850,2616,3150,24,448
3354: 1767,599,295,2360,1589,647
3355: 3851,311,1841,29,1912,2921
3356: 122,196,3888,3169,1597,3056
3357: 1026,2815,1243,277,2440,1427
3358: 361,1863,1276,1716,3145,3980
3359: 130,1812,2135,1296,788,1573
3360: 3092,2176,1234,1949,1017,2356
3361: 1350,2437,385,63,1724,2318,2344
3362: 1279,920,102,2170,2235,3074
3363: 2217,1204,659,2878,2041,3747
3364: 787,3352,2330,2038,110,3727,657
3365: 1281,1395,2201,2241,1182,542
3366: 829,401,3772,1536,1464,3299,2459
3367: 1733,158,577,1983,2299,1803
3368: 3340,2268,315,1406,1774,3624,3260
3369: 1851,2118,2082,1059,3918,688
3370: 1367,2905,2142,3059,687,1018
3371: 303,2960,73,3969,1505,3965
3372: 1981,3844,148,3199,1864,1336
3373: 1358,45,3722,345,3697,3979
3374: 4042,84,540,1273,3554,1865
3375: 3233,1019,746,2757,2307,1076
3376: 1161,3618,800,3797,622,2386
3377: 1869,375,2693,507,3130
3378: 978,235,1871,3406,2973,1109
3379: 3787,15,2580,1506,914,376
3380: 2796,710,1489,1396,548,2866
3381: 3963,255,404,3255,3991,1470
3382: 3484,2337,1020,1473,2074,538
3383: 1557,1162,3731,2574,405,2368
3384: 1025,1465,1137,2363,3865,3301
3385: 1513,669,3563,2624,1021,1668
3386: 1299,81,1866,921,1198,3593
3387: 1031,474,3091,1726,2660,4060
3388: 387,1163
3389: 1378,3599,1632,2907,2579,1532
3390: 1229,2593,2725,1298,3282,3113
3391: 1118,1174,194,626,3709,1673
3392: 4,749,180,2524,1623,3225
3393: 1979,4012,1703,143,4021,1230
3394: 1448,2817,1002,1356,2097,1775
3395: 3126,1164,867,3416,1399,2294
3396: 528,634,3146,602,3176,376,228
3397: 263,1863,3545,156,1507,4084,3748
3398: 3686,1873,1351,1551,636,262,4082
3399: 2883,1022,2436,1591,3404,3919
3400: 134,3492,1660,3444,57,1508
3401: 2705,918,1397,3601,2213,3602
3402: 2482,1926,4085,2355,1360,1688
3403: 292,2005,786,50,977,1472
3404: 1192,2351,1591,3399,1022,2186
3405: 1690,3426,1512,1825,3658,3230
3406: 978,3378,1871,2029,3823,1585,569
3407: 2850,1115,555,2246,1428,377
3408: 1583,2048,2313,930,1867,2781
3409: 86,811,1398,3870,2211,2560
3410: 3134,2049,2091,1828,3454,1240
3411: 2014,694,3631,23,2994,1231
3412: 3,1203,569,2185,1585,2446
3413: 765,2061,2773,3544,2110,1165
3414: 1779,2309,2491,2371,1868,1441
3415: 2803,3696,1166,2025,62,3428
3416: 3126,3395,1399,1995,2463,2016
3417: 3723,112,1382,286,2139,2319,1169
3418: 616,3107,4033,378,354,2784
3419: 680,4069,380,1400,2955,1498
3420: 459,1192,948,703,1352,2581
3421: 1426,350,1721,3905,113,2648
3422: 1461,2916,1472,50,4009,712
3423: 2531,3700,1055,776
3424: 979,208,3196,2035,1641,3862
3425: 3496,929,902,1876,3655,278
3426: 1690,1890,2018,1825,3405,2712
3427: 2904,1874,3256,1788,1855,2980
3428: 62,2334,2475,537,3696,3415
3429: 3311,940,3843,1880,2842,941
3430: 4048,1854,1462,1581,94,4005,1850
3431: 714,1590,3066,3693,1979,2514
3432: 1800,153,1738,3504,618,2049
3433: 771,1601,2242,2450,1259,1293
3434: 236,588,1893,2935,3094,3910
3435: 828,1466,3181,3973,328,3325
3436: 571,1625,346,1789,987,2075,3264
3437: 2813,1503,2019,2715,108,1614,1486
3438: 543,1398,379,2211,1618,2556
3439: 1607,80,2599,2021,2226,2833
3440: 357,1453,1498,3864,380
3441: 1445,2965,1090,289,2818,4039
3442: 2492,1621,423,1711,1236,3585
3443: 617,3243,2744,2743,336,1444
3444: 798,4088,3511,57,3400,1660
3445: 1212,810,458,4043,2171,758
3446: 1339,1538,3762,461,912,1440
3447: 2801,313,425,1677,1438,3471
3448: 2167,982,1846,27,182,1849
3449: 1205,2344,494,2266,2413,63
3450: 2137,3482,2677,1278,18,4095
3451: 2283,7,1919,3811,1361,3008
3452: 1524,2519,4013,3643,411,1449,3072
3453: 758,1946,1232,3229,1792,4043
3454: 3410,2091,186,1240,195,3568
3455: 1555,3252,830,100,505,3700
3456: 2861,3516,1109,728,1783,308,2631
3457: 4002,1456,3960,91,1087,3626
3458: 2020,1865,4042,1082,396,2962
3459: 2103,3540,1193,2653,2399,193
3460: 4018,1669,3819,8,1691,2125
3461: 1367,1739,1757,440,687,831
3462: 3889,279,1790,2180,2985,3003
3463: 1985,159,837,2238,3958,1056
3464: 2673,1810,759,1030,3587,2762
3465: 2065,4096,19,537,903,3696
3466: 1130,1026,1856,1329,1233,823
3467: 3777,1551,1088,2050,169,3051
3468: 764,3524,3345,3062,2629,1340
3469: 3969,1755,2622,1505,760,3143
3470: 4086,1840,689
3471: 757,3260,3447,425,3069,1438
3472: 526,683,1341,1637,1363,2412
3473: 650,1198,1029,3179,3716,457
3474: 3103,1885,427,220,1459
3475: 763,1248,2453,3521,1935,651
3476: 2039,1701,2825,3025,1692,4092,3760
3477: 710,1489,1355,3671,256,2305
3478: 603,2502,1896,2977,2940,1664
3479: 1059,3918,513,1872,796,3097
3480: 1661,1348,770,2214
3481: 622,237,2679,652,1909,1546
3482: 3843,2137,1880,183,3450,2677,863
3483: 140,2020,797,3554,2776,1865
3484: 3382,1020,2182,2964,1377,2074
3485: 1999,748,868
3486: 3092,2293,1901,1234,2766,562
3487: 221,1875,1152,2335,2647,366
3488: 4071,3634,1921,184,3324,1504
3489: 1666,1343,415,3202,3806,221
3490: 904,3186,2315,2237,1611,1420
3491: 3594,238,1937,3590,2899
3492: 832,134,3400,1760,2077,1508
3493: 654,1640,2643,3182,2505,762
3494: 1187,1342,469,2485,485,166
3495: 3686,2968,227,1873,1446,3023
3496: 905,902,3425,278,282,3653
3497: 1349,1956,2933,690,1140,1971
3498: 68,3845,1450,2988,1959
3499: 2761,2162,347,609,1923,2102
3500: 3556,3741,942,3736,2510,1622
3501: 3259,259,4052,1768,3326,1662
3502: 1423,1597,2447,2527,1709,4063
3503: 350,3606,3318,3599,1092,2120
3504: 1738,3966,3341,3894,3432,618
3505: 222,2063,2775,3155,1890,969
3506: 3860,1993,631,2398,4080,676,943
3507: 439,3961,568,2958,1260,2954,2513
3508: 1297,3876,3596,2493,653,3798
3509: 1836,3885,3031,4056,35,619
3510: 1024,949,3552,1663,463
3511: 4018,3739,798,1669,3444,4088
3512: 1057,2901,0,269,3912,1126
3513: 3291,530,2298,1099,2354,691
3514: 3802,2959,6,944,1861,3190
3515: 286,1169,17,4094,2466,1944
3516: 2532,1871,1109,3456,2795,1783
3517: 2160,899,577,2753,2446,1203
3518: 3543,1953,2455,1307,729,1490
3519: 1245,915,5,2311,1727,2671
3520: 107,336,1442,2976,1117,2540
3521: 763,1906,1248,3475,2172,2737
3522: 238,1556,290,1866,762,654
3523: 2022,109,3322,847,3657,1194,2219
3524: 764,3468,1473,1052,3345,360
3525: 1147,3129,2727,773,1343,415
3526: 1089,859
3527: 4031,450,51,2541,2791,3309
3528: 2044,1159,1056,649,3685,159
3529: 3276,2407,2254,1768,1662,2291
3530: 1035,402,945,1268,2026
3531: 700,3663,2023,3972,1664,1106
3532: 330,772,2888,139,2279,4090
3533: 742,2814,4066,580,759,1665
3534: 2969,2358,1407,1149,2321
3535: 197,1107,2558,2691,2717,2826
3536: 771,779,790,3098,2799,3185
3537: 3087,442,946,1722,524,2877
3538: 249,3633,3324,2947,184
3539: 198,1566,1524,4013,2420,2852
3540: 1617,3459,2178,2808,2103,193
3541: 2942,1112,855,3752,947,1714,3104
3542: 1587,578,3307,257,611,142
3543: 3280,106,1953,3518,2804,1490
3544: 3314,1928,1761,3413,2773,1165
3545: 1408,263,1226,1863,3547,3145,3397
3546: 838,1153,1058,2688,3799,695
3547: 263,1226,3545,2657,199,1384,2774
3548: 579,875,227,2323,3124,1658
3549: 3792,948,973,1746,1517,703
3550: 1220,1526,1054,200,1288,3295,3689
3551: 686,3979,1195,1771,2731,3048
3552: 949,3794,2157,1024,3510,2394
3553: 1145,2208,3077,2503,1090,46
3554: 2414,3483,140,1865,540,3374
3555: 2908,818,799,1892,1689,2577
3556: 3741,1413,3500,766,1387,1622
3557: 2306,3085,2508,2974,1925,1908
3558: 174,2035,1641,1344,2646,2467,2555,1313
3559: 629,767,1042,1769,2274,3283,3698
3560: 945,2287,581,340,1667,3059
3561: 2419,958,2820,357,1183,3864
3562: 1777,261,426,4044,1409,1305
3563: 2867,2850,1115,3650,3385,669,1668
3564: 768,3040,1120,2750,2131,476
3565: 425,1677,2887,175,950,2609
3566: 2028,1387,1010,2911,185,3795
3567: 3735,2982,287,586,692,2636
3568: 482,195,186,3454,3277,648
3569: 1923,223,151,1902,1535,2806
3570: 2001,869,2071,2790,3940,1267
3571: 1235,414,1466,3325,253,3953
3572: 1145,1552,2503,520,2837,3946
3573: 1830,1255,237,2679,2740,3583,3190
3574: 2087,4,271,3809,749,3142,1312
3575: 1122,348,782,3804,3188,1998
3576: 2190,901,1091,2192,737,2261
3577: 1246,1161,1325,800,2966,808
3578: 43,1188,1539,674,2061,2773
3579: 2793,384,2910,141,2245
3580: 3340,4011,2735,1003,1158,3815
3581: 292,1787,1011,339,2840,590
3582: 1276,1716,2105,2758,1379,2443
3583: 1830,237,3573,293,2805,88
3584: 981,2640,1202,3880,1236,3585
3585: 3442,423,1236,671,981,3584
3586: 2189,4023,303,3965,1410,1218
3587: 2134,2541,580,759,1030,3464
3588: 545,2249,655,2390,1382,1814,438
3589: 862,2672,2786,1514,2347,1676
3590: 238,467,1937,290,3491,3967,1196
3591: 870,2015,3911,2133,2782,2780
3592: 3676,204,1427,349
3593: 1198,1858,1083,3179,81,3386
3594: 2505,238,3491,762,2649,2899
3595: 693,2296,2476,3213,299,2878
3596: 1235,414,1297,3508,1451,653
3597: 2234,3640,1118,2283,1361,983
3598: 3758,3158,830,1411,2946,2953
3599: 3503,3389,1378,3318,1092,1632
3600: 4007,1362,732,4084,3748,3165
3601: 1887,239,2701,2213,3602,3401
3602: 1887,3601,3937,1945,2705,3401
3603: 2849,1801
3604: 987,2554,2227,1041,224,895
3605: 766,2989,187,1010,2215,2042
3606: 3503,350,1491,3096,113,2120
3607: 240,3962,1949
3608: 44,1686,2789,963,1075,3184
3609: 244,3766,2328,3204,188,2592
3610: 1452,1019,123,2307,3619,1287
3611: 130,1812,1946,1232,1875,2335
3612: 536,351,1388,3347,2281,1827
3613: 111,769,2363,1257,1657,2662
3614: 1695,906,3849,2660,4089,1994
3615: 2405,1345,2426,1369,3725,985
3616: 280,2931,2875,133,3292,128
3617: 332,4049,3219,3106,397
3618: 1161,3376,1151,639,622,1909
3619: 1559,1287,3859,2529,3610,123
3620: 2546,265,201,1999,868,2198
3621: 3031,1453,2595,4056,388,1751
3622: 372,1205,3757,871,3237,3019
3623: 784,2047,1454,840,4041,3294
3624: 2268,1406,1774,189,3368,814,3293
3625: 1942,3908,289,730,939,3249
3626: 1261,876,3749,1456,3457,1087
3627: 1151,1137,2656,3301,2364,352
3628: 1705,4087,3853,2314,1155,481
3629: 1553,2807,437,3970,3669,1049
3630: 1557,356,908,2060,3731,2886
3631: 870,3911,1095,3411,694,1231
3632: 316,60,1195,1063,2345,2148
3633: 249,1587,578,3324,3308,3538,1197
3634: 4071,3488,813,1728,3027,1504
3635: 2255,241,2739,3248,3178,79
3636: 218,1759,878,3223,1262,2699
3637: 417,1836,1806,3321,3885,1511
3638: 1613,801,1497,431,2918,3822
3639: 1324,2885,711,2058,2495,160
3640: 2234,4081,1118,3948,3597,626,479
3641: 172,4020,75,3691,2150,1237
3642: 3921,1297,3876,1612,161,731
3643: 1524,488,3452,2519,4013,695
3644: 1554,1277,110,2247,891,2782,2038
3645: 2427,1731,490,2599,2021,3836
3646: 2595,1183,1748,388,197,82
3647: 284,1346,497,972,3009,3771
3648: 202,3802,1889,1254,6,3856
3649: 3015,1899,909,3088,1214,1013
3650: 317,1115,3563,1668,1210,2628
3651: 281,1058,3718,2938,3140,503,2227
3652: 161,1770,2637,1065,529,3222
3653: 278,1533,282,1335,2863,3496
3654: 1739,3059,2183,687,3968,581
3655: 929,1876,2720,3425,2728,1834
3656: 1425,1313,2915,460,1938,2623
3657: 3523,2022,109,3693,2329,714
3658: 1690,1512,3405,2534,696,2888
3659: 1507,1793,833,2690,3170,156,3328
3660: 1425,2915,2202,203,984,2090
3661: 2912,1593,2168,2055,124
3662: 856,604,2613,1238,2057,514
3663: 1321,3531,2023,4062,3972,2359
3664: 1071,225,3218,2634,2114,2957
3665: 1777,1574,426,916,2129,3196
3666: 3320,162,1381
3667: 1302,335,1049,2716,872,2807,3109
3668: 1649,2516,2440,656,4000,1233
3669: 620,2807,3970,3629,273,1403
3670: 529,3222,586,3933,64,2636
3671: 1355,3477,2011,873,2305,1747
3672: 188,2747,2328,1122,319,1093
3673: 1110,621,3711,479,983,2234
3674: 1684,1947,40,1516
3675: 1904,1419,3182,1366,318,705
3676: 3592,204,957
3677: 719,2755,77,834,1829,3162
3678: 1743,2269,2658,163,745,489
3679: 258,1363,2084,571,1780,2207
3680: 1804,3820,83,527,1821
3681: 2442,1094,209,1984,3977,1178
3682: 3337,551,1441,226,1086,1868
3683: 1929,1096,3123,1903,2585,2145
3684: 4019,3891,1364,2884,383,552
3685: 159,3995,1380,3177,649,3528
3686: 3398,2968,1873,3495,1551,1088
3687: 3930,1433,3293,792,1693,2681
3688: 2014,2167,982,2694,3045,1390
3689: 394,2496,164,200,1288,3550
3690: 1373,2756,1550,3984,257,142
3691: 2150,1365,816,125,1237,3641
3692: 2835,1633,453,1826,3305
3693: 3657,2329,143,714,3431,1979
3694: 2002,3805,2948,555,2246,283
3695: 1053,697,1732,885,4061,2550
3696: 2025,3415,537,3428,3465,19
3697: 535,1358,3373,3722,1069,3116
3698: 1797,72,2069,3559,629,767
3699: 165,521,1920,2817,917,1356
3700: 3423,2531,1055,1555,3455,505
3701: 166,79,864,2255,1221,469
3702: 467,1556,290,1028,2477,2290
3703: 2462,155,2474,2869,3187,461
3704: 1147,1549,2218,2638,919,1317,4076
3705: 1035,2026,70,441,3909,509,1969
3706: 2357,1176,3257,1832,835,2997
3707: 875,1446,3091,1726,1098,2285
3708: 2405,2576,1290,953,1345,926
3709: 1673,2611,2528,353,1174,3391
3710: 228,1100,1213,738,2259,3176
3711: 1415,1110,3673,983,147,424
3712: 2302,330,772,3286,1817,1910
3713: 1848,1543,2415,3974,1655,294
3714: 242,881,1332,2233,1171,820
3715: 568,443,984,2984,2090,2954,990
3716: 921,2539,2290,457,1198,3473
3717: 1404,3121,3306,1146,3050,1119
3718: 190,281,3651,1058,2688,2938
3719: 250,2004,2273,1309,2724,889
3720: 3787,1905,2062,1934,2834,2342
3721: 162,1381,1218,730,358,3020
3722: 3373,45,1069,3697,2895,2480
3723: 112,1382,3417,2319,2237,327,2390
3724: 3343,2794,1632,320,1159,2907
3725: 1479,3992,2426,3615,3068,985
3726: 84,540,1939,1015,2926,3207
3727: 657,470,2418,787,2749,3364
3728: 230,2809,167,2569,827,3029
3729: 658,2456,2285,1157,1819,3023
3730: 1879,1244,65,3805,964,283
3731: 1557,356,3383,1162,1437,3630
3732: 3332,1723,354,2655,616,3164
3733: 3880,2492,1236,986,960,775
3734: 1177,168,2963,1914,885,2550
3735: 1199,2982,3567,287
3736: 205,259,4052,2300,2510,942,3500
3737: 109,836,847,2329,3877,506,483
3738: 2258,1460,3159,1211,407,2620
3739: 398,798,1669,679,3247,3511
3740: 2191,1316,2569,1263
3741: 3556,1982,1413,942,3500,2746
3742: 4048,243,2332,3755,3792,94
3743: 698,1320,857,3990,3874,4077
3744: 149,643,3132,206,1315,1129
3745: 1301,245,3899,3794,1522,910
3746: 3900,1679,2217,1204,582,2587
3747: 1160,2041,172,1764,3363,659
3748: 732,1507,1793,4084,3165,3600,3397
3749: 1261,464,2064,3626,876,1671
3750: 1541,733,2822,1536,3338,1464
3751: 597,4063,3279,1988,1173,660
3752: 1547,321,2942,3541,3040,947
3753: 717,1670,2149,1516,877
3754: 2654,911,1870,2270
3755: 4048,3742,768,312,2332,1120
3756: 251,975,2670,2382,3785,355
3757: 1833,871,3622,3019,144,2017
3758: 3598,3158,427,2728,1834,2953
3759: 3171,2939,2561,615,1824,661
3760: 276,583,1692,2825,3476,1241,2199
3761: 802,629,1769,3923,3339,2243
3762: 2972,1538,4058,3446,912,3212
3763: 1527,3122,408,3195,2481,803,2277
3764: 774,1975,1200,1045,2401,2522
3765: 31,4007,462,279,1430,3003,3141
3766: 323,244,3609,2659,3204,4000
3767: 3017,2253,105,2739,1966
3768: 1982,428,3915,1459,3131
3769: 676,1423,1735,322,3056,943
3770: 1521,3022,3138,584,632,2452
3771: 284,3647,972,993,1483,2251
3772: 2903,913,829,401,1842,1536,3366
3773: 429,1712,2252,2037,476,2750
3774: 1651,3269,1576,285,2063,3155
3775: 1851,272,2082,2402,78,734
3776: 323,1062,306,2659,1047,2434,2696
3777: 1683,843,2050,1580,3467,169
3778: 635,2666,2277,1733,959,364,1803
3779: 129,1127,170,2118,605,2645
3780: 513,145,1872,2639,90,3997
3781: 804,1586
3782: 1270,1474,2710,404,3991,1121
3783: 2504,2220,439,1260,1549,1317
3784: 2785,167,565,1855,2809,1878
3785: 1693,2343,355,3756,2382,1383
3786: 619,126,1818,2439,2823,1067
3787: 2062,15,3379,3720,2834,914
3788: 127,3912,1319,1126,298,2980
3789: 3895,1947,877
3790: 1264,1128,841,2087,1729,2441
3791: 3896,662,691,26,1108,3291
3792: 973,1517,3549,94,3742,243
3793: 85,1945,2337,2374,1887,2115
3794: 3745,949,245,2157,910,3552
3795: 2872,1785,185,600,2028,3566
3796: 1985,3201,809,305,1040,837
3797: 1014,800,3160,3376,1125,2386
3798: 653,5,2311,3508,2493,1681
3799: 3546,405,838,1058,2678,2574
3800: 599,2974,210,295,2833,1925
3801: 3118,446,66,1458,2641,1253
3802: 2686,1254,6,3514,3648,3190
3803: 673,430,2526,3287,1674,3893
3804: 1122,782,3575,319,953,2144
3805: 3694,2002,1544,1879,3730,283
3806: 221,1837,2647,2303,1343,3489
3807: 1435,67,3313,3331,1816,696
3808: 2927,1766,3304,132,3247,1838
3809: 1698,2087,4,1729,3574,3943
3810: 2278,1184,1980,849,2877,1918
3811: 593,7,3451,4017,2497,1919
3812: 3898,2166,2601,1167,1336,1981
3813: 2614,1112,2163,681,855,806
3814: 588,1418,3952,1518,1323,2796
3815: 1158,38,171,4075,3580,1003
3816: 1474,793,2479,1414,2710
3817: 1911,3327,2222,1467,2788,2089
3818: 1694,2667,1215,2787,2838,549
3819: 2682,3281,8,3460,1669,679
3820: 1804,3680,527,3154,2700,1103
3821: 2714,663,2231,2845,146,2425
3822: 801,1138,431,3170,3638,531
3823: 3058,2029,1585,3406,2446,118,2753
3824: 3989,1633,1839,1826,2900,2003
3825: 13,1430,628,3141,1148,2030
3826: 1840,2153,1050,154
3827: 1730,733,3173,480,1142,1799
3828: 2975,1972,147,4086,1922,1415
3829: 2110,1787,590,1165,3007,1519
3830: 1972,147,887,424,4017,1919
3831: 3005,1043,1648,2608,1143,207
3832: 104,3854,432,3844,3175,1794
3833: 4001,1074,128,2579,3111,1471
3834: 2428,1638,3162,908,1829,2161
3835: 129,2873,1133,1936,3879,605
3836: 2062,2580,914,1731,3645,490
3837: 510,954,2204,252,1372,2674
3838: 2286,3166,775,1805,2776,2846
3839: 2435,3133,3847,2047,839,1338
3840: 2626,1912,311,3018,1225,865
3841: 130,3846,643,1232,2135,3229
3842: 2768,463,3871,1630,1558,2392
3843: 3482,1880,2677,940,3429,863
3844: 104,432,148,3199,3832,3372
3845: 2429,68,3498,938,2988,486
3846: 2031,149,643,3841,2135,3904
3847: 2047,839,3839,840,3060
3848: 1545,2141,878,3223,235,2861
3849: 3614,1695,2506,1123,2122,1994
3850: 1964,9,1482,2512,970,3235
3851: 320,1841,3355,2907,1532,2921
3852: 133,1520,391,2098,1426,3905
3853: 1705,3628,2448,4045,481,2169
3854: 432,3832,1795,3175,1606,2488
3855: 1940,3047,25,2165,1620,2341
3856: 202,1254,296,3648,2359,2544
3857: 1897,1416,547,1239,2076,1564
3858: 1053,1732,2630,2212,438,2249
3859: 3619,1559,123,2080,2373,1275
3860: 131,3506,2385,2398,676,3114,943
3861: 3913,150,2502,2857,352,2656
3862: 1641,3990,1702,3914,3424,208
3863: 2913,614,477,2818,1894,46
3864: 357,1453,3440,2595,1183,3561
3865: 111,1465,433,2363,3384,2410
3866: 1128,2768,1499,841,1630,2991
3867: 2779,3022,564,2424,1973,403
3868: 1733,2260,1983,597,2666,1173,2277
3869: 792,851,4038,2681,246,1318
3870: 86,811,3409,4054,2983,1897
3871: 3842,2557,633,2768,463,949,910
3872: 1974,1561,2235,3074,1580,169
3873: 69,1598,4040,2273,1582,473
3874: 434,1718,1702,4077,3990,3743
3875: 2205,209,171,1600,821,3977
3876: 3642,1297,3508,161,1770,2493
3877: 506,3120,1123,836,3737,1994
3878: 3108,1075,3349,3304,1189
3879: 605,2053,1654,2873,1124,3835
3880: 1236,3733,3584,1202,2846,775
3881: 1881,168,1914,3945,1348,2675
3882: 2409,422,2333,2664,1562,2336
3883: 670,911,3041,3938,1417,2897
3884: 1454,840,901,1091,247
3885: 3637,1836,1806,3509,3031,35
3886: 1734,2606,2586
3887: 1125,343,2679,652,2740,2386,3030
3888: 1405,362,3169,3356,1735,3056
3889: 1790,2985,3462,2460,1179,435
3890: 736,1948,2774,2858,3049,3118,66
3891: 297,1676,1364,2366,3684,552
3892: 2926,1704,464,254,2064,3957
3893: 39,1674,2250,1265,430,3803
3894: 585,2473,3341,3504,618,98
3895: 606,1670,877,3789
3896: 1996,3791,662,26,2104,1599
3897: 87,1990,3197,3263,219,4067
3898: 2297,2166,298,3812,704,1981
3899: 3745,1522,910,410,2124,2557
3900: 3306,1204,582,3746,299,137
3901: 2231,2287,1667,146,2917,47
3902: 842,3037,1357,1463,1570,3292
3903: 2903,1842,234,1229,334,2593
3904: 1477,624,2400,2031,149,3846
3905: 1426,1721,2931,3421,133,3852
3906: 1292,2095,2763,1391,300,2832
3907: 1843,3168,2474,996,2111,1172
3908: 3625,289,4039,1272,358,730
3909: 2724,2844,441,70,2979,3705
3910: 1372,588,1893,2935,1418,3434,510
3911: 870,2015,3631,3591,27,694
3912: 3788,1126,2980,269,3512,1788
3913: 3861,150,2502,2977,2045,2164
3914: 746,1076,71,1702,3862,208
3915: 1982,3768,785,2746,1459,3319
3916: 116,1358,2068,2197,1807,515,136,2945
3917: 3057,3289,726,359,2388,1219
3918: 1059,3479,796,1127,2118,3369
3919: 1954,4038,1591,2883,3399,1882
3920: 28,2759,1508,57,2898,3999
3921: 2991,3642,1612,1128,2441,731
3922: 2714,663,1266,2999,3262,1567
3923: 2079,72,629,3761,1847,2243
3924: 1502,1280,2483,791,3140,1068
3925: 2612,2698,1251,4049,1274,397
3926: 3334,1561,780,3074,3153,102
3927: 3095,99,445,1291,739,1883
3928: 664,2738,1394,587,465,3290
3929: 3,1116,478,2094,1696,2232
3930: 1433,3687,466,2411,1383,1693
3931: 1647,3265,3033,2567,1913,2036
3932: 2260,158,118,1983,1857,1709
3933: 3947,1754,586,1915,3670,529
3934: 1259,625,2264,447,2450,1618
3935: 1141,574,403,2424,1844,4070
3936: 2958,1227,20,55,1802,301
3937: 1710,360,538,1945,2705,3602
3938: 3883,1417,124,1697,2897
3939: 933,1140,2711,48,1971,2600
3940: 1819,644,1267,2876,869,3570
3941: 1957,36,1634,1219,1798,152
3942: 1371,789,2070,2655,1737,4028
3943: 1698,3809,1729,410,3026,1264
3944: 1796,1637,4029,741,436,2412
3945: 3881,1914,2675,607,53,4061
3946: 587,291,2837,3290,3572,1552
3947: 2375,287,1754,586,3933
3948: 3640,4081,1476,626,1261,1671
3949: 1845,3993,30,1455,1565,2783
3950: 239,1481,2213,1082,2962,1884
3951: 3070,715,1849,938,2346,1846
3952: 1070,236,588,3814,2796,1396
3953: 922,3147,414,3571,253,22
3954: 925,193,302,4016,2178,1347
3955: 2055,1304,2990,124,589,381
3956: 3298,10,680,980,380
3957: 1704,254,3892,2482,4085,3288
3958: 3084,2919,1056,937,2238,3463
3959: 3221,2615,3103,1885,505,100
3960: 3457,91,1699,1087,56,1334
3961: 439,568,1847,3507,2243,2954,2513
3962: 3607,1949,2356,1136
3963: 596,3381,255,404,2507,1987
3964: 452,3303,1520,2617,1107,1808
3965: 3020,1505,3371,303,3586,1218
3966: 1822,1862,974,1738,3341,3504,2308
3967: 1091,2261,1196,247,467,3590
3968: 945,1268,581,4019,2183,3654
3969: 3469,1505,760,3371,73,1811
3970: 740,620,437,2536,3629,3669
3971: 1489,1396,256,2940,1070,761
3972: 1321,3531,3663,1106,2805,88
3973: 2239,3181,2596,328,1950,3435
3974: 2195,1655,1848,3713
3975: 2972,1742,1051,468,2301,2610
3976: 1111,2245,2950,2830,1700,2383
3977: 992,3875,2205,209,1984,3681
3978: 2027,826,89,1211,2179,2487
3979: 1771,3551,3048,3373,45,345
3980: 2377,1033,539,361,1716,3358
3981: 1683,1580,920,591,1523,3215,2235
3982: 1809,1310,173,3330,2289,466
3983: 1302,1701,216,2716,2841,3025,2032
3984: 1624,2618,257,684,1373,3690
3985: 1772,451,994,1992,3284,3258
3986: 1402,1435,1697,1951,2897,3313
3987: 3134,964,1828,1886,98,65
3988: 3996,1269,2882,3344,541,2485
3989: 3070,1633,3824,1849,2003,182
3990: 698,1641,3743,3862,1702,3874
3991: 3381,404,3255,1270,3782,1861
3992: 1479,1191,3275,3725,2426,54
3993: 2059,848,1845,30,3949
3994: 1862,492,218,3127,1773,702
3995: 1985,3685,305,159,2373,1380
3996: 3988,1269,1221,2317,469,2485
3997: 1301,245,90,145,3780,3351
3998: 1488,471,1991,4065,1810,1989
3999: 1916,1952,2898,4088,57,3920
4000: 3668,1649,1758,656,323,3766,3204
4001: 1917,1074,128,3833,3037,1463,1921
4002: 1456,2640,3457,91,3006,1046
4003: 742,559,3299,470,2418,2459
4004: 49,1988,2914,1393,1537,3279
4005: 1850,2186,3101,3430,1854,1581
4006: 1569,909,3028,304,3088
4007: 31,1362,1282,462,3165,3765,3600
4008: 503,1678,3000,2227,2571,1041
4009: 50,712,2002,2948,3236,3422
4010: 1986,2117,2713,3018,865,1763
4011: 3340,3580,1774,25,2165,1158
4012: 325,853,1979,3393,2514,1703
4013: 198,1524,3452,3539,3643,411,3072
4014: 191,1918,1725,1760,849,3278
4015: 3013,2416,2430,1258,93,1494
4016: 925,3954,3213,1347,1976,1811
4017: 593,1919,3811,1927,887,3830
4018: 3460,1669,4088,3511,1952,1691
4019: 2884,3684,383,1268,3968,2183
4020: 1160,3641,1772,172,994,75
4021: 521,1230,2817,3393,1703,1775
4022: 1645,76,723,1097,214,2676
4023: 3064,3586,2189,3121,32,303
4024: 3280,1487,788,2799,1573,3185
4025: 744,726,1740,892
4026: 1704,2064,1671,1005,2376,1476
4027: 804,1586,4045,1776,595,2448
4028: 1525,1271,2422,2070,3942,1737
4029: 258,741,678,2412,2384,3944
4030: 3298,3273,680,4069,471
4031: 3527,2541,3309,727,4065,1030
4032: 3098,366,1875,1573,3185,1812
4033: 1271,378,3157,354,1737,3418
4034: 1962,747,2729,1032,11,3220
4035: 367,33,2320,1657,2325,2662
4036: 1684,1516,3252,717,1411,472
4037: 52,2051,807,2607,3102,2236
4038: 1954,851,3919,3869,1882,246
4039: 3908,1445,289,3441,1272,115
4040: 69,3873,2396,1960,4047,473
4041: 1028,1955,2477,3294,3623,1454
4042: 918,1273,3374,1082,1865,3458
4043: 2171,3445,1792,1813,758,3453
4044: 1777,3156,3562,3119,526,1409
4045: 4027,595,2108,3853,2448,2169
4046: 3053,1170,1680,1814,2212,438
4047: 152,1960,1706,1798,4040,2396
4048: 3742,312,3755,3430,1462,94
4049: 1661,332,3617,770,1274,3925
4050: 1990,3197,1859,1741,2121,989
4051: 34,1628,489,2056,1743,2499
4052: 3736,259,3501,1768,942,1605
4053: 1920,1540,1014,1125,3030,2123
4054: 2983,1778,992,1984,86,3870
4055: 1526,2908,799,3295,231,724
4056: 3031,3621,3509,619,2823,1751
4057: 596,282,1987,97,2187,905
4058: 2972,3762,1742,233,3212,3163
4059: 3327,1467,1956,2196,1003,38
4060: 778,3302,3091,3124,474,3387
4061: 1053,885,3695,53,3071,1914,3945
4062: 542,475,3663,2023,2359,2544
4063: 2260,597,1709,3751,1988,3502,2447
4064: 2951,1957,2604,744,3289
4065: 3998,1810,1030,727,1989,4031
4066: 742,3533,657,2418,260,580
4067: 219,1791,3011,420,2797,1990,3897
4068: 1958,1795,2431,1012,3191,2748
4069: 4030,680,3419,1400,471,1991
4070: 152,1706,1844,36,403,3935
4071: 842,3037,3488,1728,3634,1921
4072: 2829,637,1823,2998,37,2824
4073: 95,2147,1651,1576,3228,2106
4074: 54,2088,823,74,1977,1329
4075: 38,1744,1094,209,171,3815
4076: 1802,919,1317,2536,55,1549,3704
4077: 434,12,3874,2745,857,3743
4078: 1353,1006,1992,2865,2336,750
4079: 1305,2093,2467,2555,261,2159
4080: 1993,3506,2478,1735,943,362
4081: 3640,3948,1261,56,479,1087
4082: 636,1510,262,631,2734,2993,3398
4083: 708,1286,2523,13,389,3099
4084: 732,1507,3748,2657,3600,263,3397
4085: 3402,2482,1688,3288,14,3957
4086: 2975,3828,1922,3470,689
4087: 264,1705,3628,2314
4088: 4018,3444,3511,57,1952,3999
4089: 1031,836,847,1994,3614,2660
4090: 1934,2279,2834,1008,3532,139
4091: 265,985,201,1290,1345
4092: 672,1692,16,1938,2032,3025,3476
4093: 1838,177,1525,3281,132,266
4094: 1835,17,2669,3515,1169,2136
4095: 18,1975,512,3450,1278,369
4096: 665,3465,2971,2065,2765,19,699