DEBUG:root:studio.py: config file is ./config/PhysiCell_settings.xml
DEBUG:root:studio.py: open_as_cb():  filePath is valid
DEBUG:root:len(config_file) = 31
DEBUG:root:done with args.config
DEBUG:root:exec pgm is project
DEBUG:root:self.current_dir = /home/tntiniak/Work/github/Benchmarks/observatory_benchmark/multiscale_benchmark/2022_09_hackathon/Physicell/Code
DEBUG:root:cell_def_tab.py: ------- fill_substrates_comboboxes
DEBUG:root: --> oxygen
DEBUG:root:cell_def_tab.py: ------- fill_substrate_colormap_comboboxes
DEBUG:root:=======================  microenv populate_tree  ======================= 
DEBUG:root:dc_ic_units =  particles/micron^3
DEBUG:root:dc_bc_units = particles/micron^3
DEBUG:root:bv = <Element 'boundary_value' at 0x77bfc47a6930>
DEBUG:root:   -------- oxygen:  dirichlet_xmin = 6022
DEBUG:root:bv = <Element 'boundary_value' at 0x77bfc47a6980>
DEBUG:root:bv = <Element 'boundary_value' at 0x77bfc47a69d0>
DEBUG:root:bv = <Element 'boundary_value' at 0x77bfc47a6a20>
DEBUG:root:bv = <Element 'boundary_value' at 0x77bfc47a6a70>
DEBUG:root:bv = <Element 'boundary_value' at 0x77bfc47a6ac0>
DEBUG:root:------- options: <Element 'calculate_gradients' at 0x77bfc47a6bb0>
DEBUG:root:------- options: <Element 'track_internalized_substrates_in_each_agent' at 0x77bfc47a6c50>
DEBUG:root:------- options: <Element 'initial_condition' at 0x77bfc47a6ca0>
DEBUG:root:------- options: <Element 'dirichlet_nodes' at 0x77bfc47a6d90>
DEBUG:root:

=======================  leaving microenv populate_tree  =====================
DEBUG:root:
====================== create_cycle_tab ===================
DEBUG:root:studio.py: first_cell_def_name= agent
DEBUG:root:cell_def_tab.py: ------- fill_substrates_comboboxes
DEBUG:root: --> oxygen
DEBUG:root:------ motility_substrate_changed_cb(): idx = 0
DEBUG:root:       motility_substrate_changed_cb(): self.current_cell_def = None
DEBUG:root:------ motility2_substrate_changed_cb(): idx = 0
DEBUG:root:   text (subname) = oxygen
DEBUG:root:=======================  populate_tree_cell_defs(): ======================= 
DEBUG:root:    cell_def_tab.param_d = {}
DEBUG:root:

=======================  validate_cell_defs(): ======================= 
DEBUG:root:Checking agent
DEBUG:root:=======================  end validate_cell_defs(): =======================


DEBUG:root:----- cell_def.tag= cell_definition
DEBUG:root:
--------new_interaction_params(): cdname_new= agent, reset_mapping= False
DEBUG:root:
--------new_intracellular_params(): cdname_new= agent
DEBUG:root:------- new_custom_data_params() -----
DEBUG:root:
===== populate_tree():  cycle
DEBUG:root: >> cycle_path= .//cell_definition[1]//phenotype//cycle
DEBUG:root:   cycle code= 5
DEBUG:root:<Element 'rate' at 0x77bfc47a70b0>
DEBUG:root:
===== populate_tree():  death
DEBUG:root:death_uep=<Element 'death' at 0x77bfc47a7100>
DEBUG:root:-------- parsing apoptosis!
DEBUG:root: >> pd_uep =<Element 'phase_durations' at 0x77bfc47a71f0>
DEBUG:root:phase_duration= <Element 'duration' at 0x77bfc47a7290>
DEBUG:root:index= 0
DEBUG:root:-------- parsing necrosis!
DEBUG:root: >> pd_uep =<Element 'phase_durations' at 0x77bfc47a7970>
DEBUG:root:<Element 'duration' at 0x77bfc47a7a10>
DEBUG:root:index= 0
DEBUG:root:<Element 'duration' at 0x77bfc47a7a60>
DEBUG:root:index= 1
DEBUG:root:volume_path=.//cell_definition[1]//phenotype//volume//
DEBUG:root:
===== populate_tree():  mechanics
DEBUG:root:mechanics_path=.//cell_definition[1]//phenotype//mechanics//
DEBUG:root:---- cell_interactions_path= .//cell_definition[1]//phenotype//mechanics//cell_adhesion_affinities
DEBUG:root:---- found cell_adhesion_affinities_path:
DEBUG:root:--> {'agent': '1.0'}
DEBUG:root:
===== populate_tree():  motility
DEBUG:root:motility_path=.//cell_definition[1]//phenotype//motility//
DEBUG:root:
----------- populate_tree_cell_defs.py: cell_def_name= agent,  cell_def_tab.param_d[cell_def_name]["motility_chemotaxis_substrate"] = oxygen
DEBUG:root:motility_advanced_chemotaxis_path= .//cell_definition[1]//phenotype//motility//options//advanced_chemotaxis//
DEBUG:root:chemotactic_sensitivity= {'oxygen': '0.0'}
DEBUG:root:sensitivity_path= .//cell_definition[1]//phenotype//motility//options//advanced_chemotaxis//chemotactic_sensitivities
DEBUG:root:---- found chemotactic_sensitivities: <Element 'chemotactic_sensitivities' at 0x77bfc47b9260>
DEBUG:root:subelm=<Element 'chemotactic_sensitivity' at 0x77bfc47b9350>
DEBUG:root: chemotactic_sensitivity--> oxygen = 0.00
DEBUG:root:{'oxygen': '0.00'}
DEBUG:root:------ motility2_substrate_changed_cb(): idx = 0
DEBUG:root:   text (subname) = oxygen
DEBUG:root:    motility_advanced_chemotaxis_substrate= oxygen
DEBUG:root:   chemotactic_sensitivity = {'oxygen': '0.00'}
DEBUG:root:----- chemo_sensitivity_changed() = 0.00
DEBUG:root:----- chemo_sensitivity_changed(): subname = oxygen
DEBUG:root:     chemotactic_sensitivity (dict)= {'oxygen': '0.00'}
DEBUG:root:
===== populate_tree():  secretion
DEBUG:root:secretion_path = .//cell_definition[1]//phenotype//secretion//
DEBUG:root:uep_secretion = <Element 'secretion' at 0x77bfc47b9440>
DEBUG:root:0) -- secretion substrate = oxygen
DEBUG:root:------ done parsing secretion:
DEBUG:root:
===== populate_tree():  cell_interactions
DEBUG:root:---- cell_interactions_path= .//cell_definition[1]//phenotype//cell_interactions
DEBUG:root:---- found cell_interactions:
DEBUG:root:uep2= <Element 'live_phagocytosis_rates' at 0x77bfc47b98a0>
DEBUG:root: live_phagocytosis_rate= {'agent': '0.0'}
DEBUG:root: attack_rate= {'agent': '0.0'}
DEBUG:root: fusion_rate= {'agent': '0.0'}
DEBUG:root:------ done parsing cell_interactions:
DEBUG:root:---- transformation_rates_path = .//cell_definition[1]//phenotype//cell_transformations//transformation_rates
DEBUG:root: transformation_rate= {'agent': '0.0'}
DEBUG:root:------ done parsing cell_transformations:
DEBUG:root:---- cell_integrity_path = .//cell_definition[1]//phenotype//cell_integrity
DEBUG:root:---- No cell_integrity found. Setting to default values
DEBUG:root: damage_rate= 0.0
DEBUG:root:------ done parsing cell_integrity:
DEBUG:root:
===== populate_tree():  molecular
DEBUG:root:
===== populate_tree():  intracellular
DEBUG:root:------ done parsing intracellular:
DEBUG:root:
===== populate_tree():  custom data
DEBUG:root:uep_custom_data= <Element 'custom_data' at 0x77bfc47b9f80>
DEBUG:root:--------------- populate_tree: (empty)custom_data = {}
DEBUG:root:var.attrib.keys() = dict_keys(['units', 'conserved', 'description'])
DEBUG:root:populate: cell_def_name= agent --> custom_data: {'sample': ['1.0', False]}
DEBUG:root:
  ---- apoptosis_phase_transition_cb: 
DEBUG:root:apoptosis: ------>> duration
DEBUG:root:apoptosis_phase_transition_cb: --> duration
DEBUG:root:
  ---- necrosis_phase_transition_cb: 
DEBUG:root:necrosis: ------>>duration
DEBUG:root:necrosis_phase_transition_cb: --> duration
DEBUG:root:
----- update_motility_params():  cdname= agent
DEBUG:root:     setting motility_substrate_dropdown (for cdname= agent ) = oxygen
DEBUG:root:     setting motility2_substrate_dropdown (for cdname= agent ) = oxygen
DEBUG:root:    chemotactic_sensitivity= {'oxygen': '0.00'}
DEBUG:root:new val = 0.00
DEBUG:root:----- leave update_motility_params()

DEBUG:root:update_secretion_params(): cdname = agent
DEBUG:root:update_secretion_params(): self.current_secretion_substrate = oxygen
DEBUG:root:{'oxygen': {'secretion_rate': '0', 'secretion_target': '1', 'uptake_rate': '0', 'net_export_rate': '0'}}
DEBUG:root:cell_def_tab.py: ------- fill_celltypes_comboboxes
DEBUG:root:

------------  user_params_tab: fill_gui --------------
DEBUG:root:studio.py: self.current_dir = /home/tntiniak/Work/github/Benchmarks/observatory_benchmark/multiscale_benchmark/2022_09_hackathon/Physicell/Code
DEBUG:root:studio.py: creating ICs, Run, and Plot tabs
DEBUG:matplotlib.font_manager:findfont: Matching sans\-serif:style=normal:variant=normal:weight=normal:stretch=normal:size=10.0.
DEBUG:matplotlib.font_manager:findfont: score(FontEntry(fname='/home/tntiniak/Work/PhysiCell-Studios/PhysiCell-Studio/env/lib/python3.10/site-packages/matplotlib/mpl-data/fonts/ttf/cmr10.ttf', name='cmr10', style='normal', variant='normal', weight=400, stretch='normal', size='scalable')) = 10.05
DEBUG:matplotlib.font_manager:findfont: score(FontEntry(fname='/home/tntiniak/Work/PhysiCell-Studios/PhysiCell-Studio/env/lib/python3.10/site-packages/matplotlib/mpl-data/fonts/ttf/DejaVuSerif-Bold.ttf', name='DejaVu Serif', style='normal', variant='normal', weight=700, stretch='normal', size='scalable')) = 10.335
DEBUG:matplotlib.font_manager:findfont: score(FontEntry(fname='/home/tntiniak/Work/PhysiCell-Studios/PhysiCell-Studio/env/lib/python3.10/site-packages/matplotlib/mpl-data/fonts/ttf/STIXNonUniIta.ttf', name='STIXNonUnicode', style='italic', variant='normal', weight=400, stretch='normal', size='scalable')) = 11.05
DEBUG:matplotlib.font_manager:findfont: score(FontEntry(fname='/home/tntiniak/Work/PhysiCell-Studios/PhysiCell-Studio/env/lib/python3.10/site-packages/matplotlib/mpl-data/fonts/ttf/DejaVuSansMono-Bold.ttf', name='DejaVu Sans Mono', style='normal', variant='normal', weight=700, stretch='normal', size='scalable')) = 10.335
DEBUG:matplotlib.font_manager:findfont: score(FontEntry(fname='/home/tntiniak/Work/PhysiCell-Studios/PhysiCell-Studio/env/lib/python3.10/site-packages/matplotlib/mpl-data/fonts/ttf/DejaVuSerif-Italic.ttf', name='DejaVu Serif', style='italic', variant='normal', weight=400, stretch='normal', size='scalable')) = 11.05
DEBUG:matplotlib.font_manager:findfont: score(FontEntry(fname='/home/tntiniak/Work/PhysiCell-Studios/PhysiCell-Studio/env/lib/python3.10/site-packages/matplotlib/mpl-data/fonts/ttf/STIXSizFourSymBol.ttf', name='STIXSizeFourSym', style='normal', variant='normal', weight=700, stretch='normal', size='scalable')) = 10.335
DEBUG:matplotlib.font_manager:findfont: score(FontEntry(fname='/home/tntiniak/Work/PhysiCell-Studios/PhysiCell-Studio/env/lib/python3.10/site-packages/matplotlib/mpl-data/fonts/ttf/STIXGeneralItalic.ttf', name='STIXGeneral', style='italic', variant='normal', weight=400, stretch='normal', size='scalable')) = 11.05
DEBUG:matplotlib.font_manager:findfont: score(FontEntry(fname='/home/tntiniak/Work/PhysiCell-Studios/PhysiCell-Studio/env/lib/python3.10/site-packages/matplotlib/mpl-data/fonts/ttf/STIXSizFourSymReg.ttf', name='STIXSizeFourSym', style='normal', variant='normal', weight=400, stretch='normal', size='scalable')) = 10.05
DEBUG:matplotlib.font_manager:findfont: score(FontEntry(fname='/home/tntiniak/Work/PhysiCell-Studios/PhysiCell-Studio/env/lib/python3.10/site-packages/matplotlib/mpl-data/fonts/ttf/STIXSizThreeSymReg.ttf', name='STIXSizeThreeSym', style='normal', variant='normal', weight=400, stretch='normal', size='scalable')) = 10.05
DEBUG:matplotlib.font_manager:findfont: score(FontEntry(fname='/home/tntiniak/Work/PhysiCell-Studios/PhysiCell-Studio/env/lib/python3.10/site-packages/matplotlib/mpl-data/fonts/ttf/cmtt10.ttf', name='cmtt10', style='normal', variant='normal', weight=400, stretch='normal', size='scalable')) = 10.05
DEBUG:matplotlib.font_manager:findfont: score(FontEntry(fname='/home/tntiniak/Work/PhysiCell-Studios/PhysiCell-Studio/env/lib/python3.10/site-packages/matplotlib/mpl-data/fonts/ttf/DejaVuSans-BoldOblique.ttf', name='DejaVu Sans', style='oblique', variant='normal', weight=700, stretch='normal', size='scalable')) = 1.335
DEBUG:matplotlib.font_manager:findfont: score(FontEntry(fname='/home/tntiniak/Work/PhysiCell-Studios/PhysiCell-Studio/env/lib/python3.10/site-packages/matplotlib/mpl-data/fonts/ttf/STIXSizFiveSymReg.ttf', name='STIXSizeFiveSym', style='normal', variant='normal', weight=400, stretch='normal', size='scalable')) = 10.05
DEBUG:matplotlib.font_manager:findfont: score(FontEntry(fname='/home/tntiniak/Work/PhysiCell-Studios/PhysiCell-Studio/env/lib/python3.10/site-packages/matplotlib/mpl-data/fonts/ttf/STIXSizTwoSymBol.ttf', name='STIXSizeTwoSym', style='normal', variant='normal', weight=700, stretch='normal', size='scalable')) = 10.335
DEBUG:matplotlib.font_manager:findfont: score(FontEntry(fname='/home/tntiniak/Work/PhysiCell-Studios/PhysiCell-Studio/env/lib/python3.10/site-packages/matplotlib/mpl-data/fonts/ttf/cmsy10.ttf', name='cmsy10', style='normal', variant='normal', weight=400, stretch='normal', size='scalable')) = 10.05
DEBUG:matplotlib.font_manager:findfont: score(FontEntry(fname='/home/tntiniak/Work/PhysiCell-Studios/PhysiCell-Studio/env/lib/python3.10/site-packages/matplotlib/mpl-data/fonts/ttf/STIXGeneralBolIta.ttf', name='STIXGeneral', style='italic', variant='normal', weight=700, stretch='normal', size='scalable')) = 11.335
DEBUG:matplotlib.font_manager:findfont: score(FontEntry(fname='/home/tntiniak/Work/PhysiCell-Studios/PhysiCell-Studio/env/lib/python3.10/site-packages/matplotlib/mpl-data/fonts/ttf/cmb10.ttf', name='cmb10', style='normal', variant='normal', weight=400, stretch='normal', size='scalable')) = 10.05
DEBUG:matplotlib.font_manager:findfont: score(FontEntry(fname='/home/tntiniak/Work/PhysiCell-Studios/PhysiCell-Studio/env/lib/python3.10/site-packages/matplotlib/mpl-data/fonts/ttf/STIXGeneral.ttf', name='STIXGeneral', style='normal', variant='normal', weight=400, stretch='normal', size='scalable')) = 10.05
DEBUG:matplotlib.font_manager:findfont: score(FontEntry(fname='/home/tntiniak/Work/PhysiCell-Studios/PhysiCell-Studio/env/lib/python3.10/site-packages/matplotlib/mpl-data/fonts/ttf/DejaVuSansDisplay.ttf', name='DejaVu Sans Display', style='normal', variant='normal', weight=400, stretch='normal', size='scalable')) = 10.05
DEBUG:matplotlib.font_manager:findfont: score(FontEntry(fname='/home/tntiniak/Work/PhysiCell-Studios/PhysiCell-Studio/env/lib/python3.10/site-packages/matplotlib/mpl-data/fonts/ttf/STIXNonUniBolIta.ttf', name='STIXNonUnicode', style='italic', variant='normal', weight=700, stretch='normal', size='scalable')) = 11.335
DEBUG:matplotlib.font_manager:findfont: score(FontEntry(fname='/home/tntiniak/Work/PhysiCell-Studios/PhysiCell-Studio/env/lib/python3.10/site-packages/matplotlib/mpl-data/fonts/ttf/DejaVuSansMono-Oblique.ttf', name='DejaVu Sans Mono', style='oblique', variant='normal', weight=400, stretch='normal', size='scalable')) = 11.05
DEBUG:matplotlib.font_manager:findfont: score(FontEntry(fname='/home/tntiniak/Work/PhysiCell-Studios/PhysiCell-Studio/env/lib/python3.10/site-packages/matplotlib/mpl-data/fonts/ttf/DejaVuSansMono-BoldOblique.ttf', name='DejaVu Sans Mono', style='oblique', variant='normal', weight=700, stretch='normal', size='scalable')) = 11.335
DEBUG:matplotlib.font_manager:findfont: score(FontEntry(fname='/home/tntiniak/Work/PhysiCell-Studios/PhysiCell-Studio/env/lib/python3.10/site-packages/matplotlib/mpl-data/fonts/ttf/DejaVuSansMono.ttf', name='DejaVu Sans Mono', style='normal', variant='normal', weight=400, stretch='normal', size='scalable')) = 10.05
DEBUG:matplotlib.font_manager:findfont: score(FontEntry(fname='/home/tntiniak/Work/PhysiCell-Studios/PhysiCell-Studio/env/lib/python3.10/site-packages/matplotlib/mpl-data/fonts/ttf/cmss10.ttf', name='cmss10', style='normal', variant='normal', weight=400, stretch='normal', size='scalable')) = 10.05
DEBUG:matplotlib.font_manager:findfont: score(FontEntry(fname='/home/tntiniak/Work/PhysiCell-Studios/PhysiCell-Studio/env/lib/python3.10/site-packages/matplotlib/mpl-data/fonts/ttf/STIXGeneralBol.ttf', name='STIXGeneral', style='normal', variant='normal', weight=700, stretch='normal', size='scalable')) = 10.335
DEBUG:matplotlib.font_manager:findfont: score(FontEntry(fname='/home/tntiniak/Work/PhysiCell-Studios/PhysiCell-Studio/env/lib/python3.10/site-packages/matplotlib/mpl-data/fonts/ttf/STIXSizOneSymBol.ttf', name='STIXSizeOneSym', style='normal', variant='normal', weight=700, stretch='normal', size='scalable')) = 10.335
DEBUG:matplotlib.font_manager:findfont: score(FontEntry(fname='/home/tntiniak/Work/PhysiCell-Studios/PhysiCell-Studio/env/lib/python3.10/site-packages/matplotlib/mpl-data/fonts/ttf/STIXSizThreeSymBol.ttf', name='STIXSizeThreeSym', style='normal', variant='normal', weight=700, stretch='normal', size='scalable')) = 10.335
DEBUG:matplotlib.font_manager:findfont: score(FontEntry(fname='/home/tntiniak/Work/PhysiCell-Studios/PhysiCell-Studio/env/lib/python3.10/site-packages/matplotlib/mpl-data/fonts/ttf/DejaVuSans-Oblique.ttf', name='DejaVu Sans', style='oblique', variant='normal', weight=400, stretch='normal', size='scalable')) = 1.05
DEBUG:matplotlib.font_manager:findfont: score(FontEntry(fname='/home/tntiniak/Work/PhysiCell-Studios/PhysiCell-Studio/env/lib/python3.10/site-packages/matplotlib/mpl-data/fonts/ttf/DejaVuSans-Bold.ttf', name='DejaVu Sans', style='normal', variant='normal', weight=700, stretch='normal', size='scalable')) = 0.33499999999999996
DEBUG:matplotlib.font_manager:findfont: score(FontEntry(fname='/home/tntiniak/Work/PhysiCell-Studios/PhysiCell-Studio/env/lib/python3.10/site-packages/matplotlib/mpl-data/fonts/ttf/STIXNonUniBol.ttf', name='STIXNonUnicode', style='normal', variant='normal', weight=700, stretch='normal', size='scalable')) = 10.335
DEBUG:matplotlib.font_manager:findfont: score(FontEntry(fname='/home/tntiniak/Work/PhysiCell-Studios/PhysiCell-Studio/env/lib/python3.10/site-packages/matplotlib/mpl-data/fonts/ttf/DejaVuSerif-BoldItalic.ttf', name='DejaVu Serif', style='italic', variant='normal', weight=700, stretch='normal', size='scalable')) = 11.335
DEBUG:matplotlib.font_manager:findfont: score(FontEntry(fname='/home/tntiniak/Work/PhysiCell-Studios/PhysiCell-Studio/env/lib/python3.10/site-packages/matplotlib/mpl-data/fonts/ttf/STIXSizTwoSymReg.ttf', name='STIXSizeTwoSym', style='normal', variant='normal', weight=400, stretch='normal', size='scalable')) = 10.05
DEBUG:matplotlib.font_manager:findfont: score(FontEntry(fname='/home/tntiniak/Work/PhysiCell-Studios/PhysiCell-Studio/env/lib/python3.10/site-packages/matplotlib/mpl-data/fonts/ttf/DejaVuSans.ttf', name='DejaVu Sans', style='normal', variant='normal', weight=400, stretch='normal', size='scalable')) = 0.05
DEBUG:matplotlib.font_manager:findfont: score(FontEntry(fname='/home/tntiniak/Work/PhysiCell-Studios/PhysiCell-Studio/env/lib/python3.10/site-packages/matplotlib/mpl-data/fonts/ttf/cmmi10.ttf', name='cmmi10', style='normal', variant='normal', weight=400, stretch='normal', size='scalable')) = 10.05
DEBUG:matplotlib.font_manager:findfont: score(FontEntry(fname='/home/tntiniak/Work/PhysiCell-Studios/PhysiCell-Studio/env/lib/python3.10/site-packages/matplotlib/mpl-data/fonts/ttf/DejaVuSerifDisplay.ttf', name='DejaVu Serif Display', style='normal', variant='normal', weight=400, stretch='normal', size='scalable')) = 10.05
DEBUG:matplotlib.font_manager:findfont: score(FontEntry(fname='/home/tntiniak/Work/PhysiCell-Studios/PhysiCell-Studio/env/lib/python3.10/site-packages/matplotlib/mpl-data/fonts/ttf/STIXSizOneSymReg.ttf', name='STIXSizeOneSym', style='normal', variant='normal', weight=400, stretch='normal', size='scalable')) = 10.05
DEBUG:matplotlib.font_manager:findfont: score(FontEntry(fname='/home/tntiniak/Work/PhysiCell-Studios/PhysiCell-Studio/env/lib/python3.10/site-packages/matplotlib/mpl-data/fonts/ttf/STIXNonUni.ttf', name='STIXNonUnicode', style='normal', variant='normal', weight=400, stretch='normal', size='scalable')) = 10.05
DEBUG:matplotlib.font_manager:findfont: score(FontEntry(fname='/home/tntiniak/Work/PhysiCell-Studios/PhysiCell-Studio/env/lib/python3.10/site-packages/matplotlib/mpl-data/fonts/ttf/cmex10.ttf', name='cmex10', style='normal', variant='normal', weight=400, stretch='normal', size='scalable')) = 10.05
DEBUG:matplotlib.font_manager:findfont: score(FontEntry(fname='/home/tntiniak/Work/PhysiCell-Studios/PhysiCell-Studio/env/lib/python3.10/site-packages/matplotlib/mpl-data/fonts/ttf/DejaVuSerif.ttf', name='DejaVu Serif', style='normal', variant='normal', weight=400, stretch='normal', size='scalable')) = 10.05
DEBUG:matplotlib.font_manager:findfont: score(FontEntry(fname='/usr/share/fonts/opentype/urw-base35/NimbusSansNarrow-Regular.otf', name='Nimbus Sans Narrow', style='normal', variant='normal', weight=400, stretch='condensed', size='scalable')) = 10.25
DEBUG:matplotlib.font_manager:findfont: score(FontEntry(fname='/usr/share/fonts/truetype/liberation2/LiberationSans-Regular.ttf', name='Liberation Sans', style='normal', variant='normal', weight=400, stretch='normal', size='scalable')) = 10.05
DEBUG:matplotlib.font_manager:findfont: score(FontEntry(fname='/usr/share/fonts/truetype/liberation/LiberationSerif-Regular.ttf', name='Liberation Serif', style='normal', variant='normal', weight=400, stretch='normal', size='scalable')) = 10.05
DEBUG:matplotlib.font_manager:findfont: score(FontEntry(fname='/usr/share/fonts/truetype/tlwg/Norasi-Italic.ttf', name='Norasi', style='italic', variant='normal', weight=400, stretch='normal', size='scalable')) = 11.05
DEBUG:matplotlib.font_manager:findfont: score(FontEntry(fname='/usr/share/fonts/truetype/fonts-telu-extra/vemana2000.ttf', name='Vemana2000', style='normal', variant='normal', weight=400, stretch='normal', size='scalable')) = 10.05
DEBUG:matplotlib.font_manager:findfont: score(FontEntry(fname='/usr/share/fonts/truetype/tlwg/TlwgMono-Bold.ttf', name='Tlwg Mono', style='normal', variant='normal', weight=700, stretch='normal', size='scalable')) = 10.335
DEBUG:matplotlib.font_manager:findfont: score(FontEntry(fname='/usr/share/fonts/truetype/fonts-yrsa-rasa/Yrsa-SemiBold.ttf', name='Yrsa', style='normal', variant='normal', weight=600, stretch='normal', size='scalable')) = 10.24
DEBUG:matplotlib.font_manager:findfont: score(FontEntry(fname='/usr/share/fonts/truetype/lohit-devanagari/Lohit-Devanagari.ttf', name='Lohit Devanagari', style='normal', variant='normal', weight=400, stretch='normal', size='scalable')) = 10.05
DEBUG:matplotlib.font_manager:findfont: score(FontEntry(fname='/usr/share/fonts/truetype/tlwg/TlwgTypist-Oblique.ttf', name='Tlwg Typist', style='oblique', variant='normal', weight=400, stretch='normal', size='scalable')) = 11.05
DEBUG:matplotlib.font_manager:findfont: score(FontEntry(fname='/usr/share/fonts/truetype/ubuntu/Ubuntu-R.ttf', name='Ubuntu', style='normal', variant='normal', weight=400, stretch='normal', size='scalable')) = 10.05
DEBUG:matplotlib.font_manager:findfont: score(FontEntry(fname='/usr/share/fonts/truetype/samyak/Samyak-Devanagari.ttf', name='Samyak Devanagari', style='normal', variant='normal', weight=500, stretch='normal', size='scalable')) = 10.145
DEBUG:matplotlib.font_manager:findfont: score(FontEntry(fname='/usr/share/fonts/truetype/tlwg/Laksaman-Italic.ttf', name='Laksaman', style='italic', variant='normal', weight=400, stretch='normal', size='scalable')) = 11.05
DEBUG:matplotlib.font_manager:findfont: score(FontEntry(fname='/usr/share/fonts/truetype/teluguvijayam/dhurjati.ttf', name='Dhurjati', style='normal', variant='normal', weight=400, stretch='normal', size='scalable')) = 10.05
DEBUG:matplotlib.font_manager:findfont: score(FontEntry(fname='/usr/share/fonts/truetype/tlwg/Umpush.ttf', name='Umpush', style='normal', variant='normal', weight=400, stretch='normal', size='scalable')) = 10.05
DEBUG:matplotlib.font_manager:findfont: score(FontEntry(fname='/usr/share/fonts/opentype/urw-base35/C059-Bold.otf', name='C059', style='normal', variant='normal', weight=700, stretch='normal', size='scalable')) = 10.335
DEBUG:matplotlib.font_manager:findfont: score(FontEntry(fname='/usr/share/fonts/truetype/tlwg/Garuda-BoldOblique.ttf', name='Garuda', style='oblique', variant='normal', weight=700, stretch='normal', size='scalable')) = 11.335
DEBUG:matplotlib.font_manager:findfont: score(FontEntry(fname='/usr/share/fonts/opentype/urw-base35/P052-Roman.otf', name='P052', style='normal', variant='normal', weight=400, stretch='normal', size='scalable')) = 10.05
DEBUG:matplotlib.font_manager:findfont: score(FontEntry(fname='/usr/share/fonts/opentype/urw-base35/NimbusSans-Italic.otf', name='Nimbus Sans', style='italic', variant='normal', weight=400, stretch='normal', size='scalable')) = 11.05
DEBUG:matplotlib.font_manager:findfont: score(FontEntry(fname='/usr/share/fonts/truetype/tlwg/Sawasdee-Bold.ttf', name='Sawasdee', style='normal', variant='normal', weight=700, stretch='normal', size='scalable')) = 10.335
DEBUG:matplotlib.font_manager:findfont: score(FontEntry(fname='/usr/share/fonts/truetype/tlwg/Umpush-Light.ttf', name='Umpush', style='normal', variant='normal', weight=300, stretch='normal', size='scalable')) = 10.145
DEBUG:matplotlib.font_manager:findfont: score(FontEntry(fname='/usr/share/fonts/truetype/kacst/KacstLetter.ttf', name='KacstLetter', style='normal', variant='normal', weight=500, stretch='normal', size='scalable')) = 10.145
DEBUG:matplotlib.font_manager:findfont: score(FontEntry(fname='/usr/share/fonts/truetype/liberation2/LiberationSerif-BoldItalic.ttf', name='Liberation Serif', style='italic', variant='normal', weight=700, stretch='normal', size='scalable')) = 11.335
DEBUG:matplotlib.font_manager:findfont: score(FontEntry(fname='/usr/share/fonts/truetype/malayalam/Karumbi-Regular.ttf', name='Karumbi', style='normal', variant='normal', weight=400, stretch='normal', size='scalable')) = 10.05
DEBUG:matplotlib.font_manager:findfont: score(FontEntry(fname='/usr/share/fonts/opentype/urw-base35/URWGothic-BookOblique.otf', name='URW Gothic', style='oblique', variant='normal', weight=400, stretch='normal', size='scalable')) = 11.05
DEBUG:matplotlib.font_manager:findfont: score(FontEntry(fname='/usr/share/fonts/truetype/dejavu/DejaVuSerifCondensed-Bold.ttf', name='DejaVu Serif', style='normal', variant='normal', weight=700, stretch='condensed', size='scalable')) = 10.535
DEBUG:matplotlib.font_manager:findfont: score(FontEntry(fname='/usr/share/fonts/truetype/ubuntu/Ubuntu-MI.ttf', name='Ubuntu', style='italic', variant='normal', weight=500, stretch='normal', size='scalable')) = 11.145
DEBUG:matplotlib.font_manager:findfont: score(FontEntry(fname='/usr/share/fonts/truetype/Sahadeva/sahadeva.ttf', name='Sahadeva', style='normal', variant='normal', weight=400, stretch='normal', size='scalable')) = 10.05
DEBUG:matplotlib.font_manager:findfont: score(FontEntry(fname='/usr/share/fonts/truetype/kacst/KacstOffice.ttf', name='KacstOffice', style='normal', variant='normal', weight=500, stretch='normal', size='scalable')) = 10.145
DEBUG:matplotlib.font_manager:findfont: score(FontEntry(fname='/usr/share/fonts/truetype/samyak-fonts/Samyak-Tamil.ttf', name='Samyak Tamil', style='normal', variant='normal', weight=500, stretch='normal', size='scalable')) = 10.145
DEBUG:matplotlib.font_manager:findfont: score(FontEntry(fname='/usr/share/fonts/truetype/kacst/KacstQurn.ttf', name='KacstQurn', style='normal', variant='normal', weight=400, stretch='normal', size='scalable')) = 10.05
DEBUG:matplotlib.font_manager:findfont: score(FontEntry(fname='/usr/share/fonts/opentype/urw-base35/URWBookman-Light.otf', name='URW Bookman', style='normal', variant='normal', weight=300, stretch='normal', size='scalable')) = 10.145
DEBUG:matplotlib.font_manager:findfont: score(FontEntry(fname='/usr/share/fonts/truetype/tlwg/TlwgTypo-BoldOblique.ttf', name='Tlwg Typo', style='oblique', variant='normal', weight=700, stretch='normal', size='scalable')) = 11.335
DEBUG:matplotlib.font_manager:findfont: score(FontEntry(fname='/usr/share/fonts/truetype/tlwg/Kinnari-Oblique.ttf', name='Kinnari', style='oblique', variant='normal', weight=400, stretch='normal', size='scalable')) = 11.05
DEBUG:matplotlib.font_manager:findfont: score(FontEntry(fname='/usr/share/fonts/truetype/tlwg/Loma-Oblique.ttf', name='Loma', style='oblique', variant='normal', weight=400, stretch='normal', size='scalable')) = 11.05
DEBUG:matplotlib.font_manager:findfont: score(FontEntry(fname='/usr/share/fonts/truetype/Sarai/Sarai.ttf', name='Sarai', style='normal', variant='normal', weight=400, stretch='normal', size='scalable')) = 10.05
DEBUG:matplotlib.font_manager:findfont: score(FontEntry(fname='/usr/share/fonts/truetype/sinhala/lklug.ttf', name='LKLUG', style='normal', variant='normal', weight=400, stretch='normal', size='scalable')) = 10.05
DEBUG:matplotlib.font_manager:findfont: score(FontEntry(fname='/usr/share/fonts/truetype/liberation/LiberationSans-Italic.ttf', name='Liberation Sans', style='italic', variant='normal', weight=400, stretch='normal', size='scalable')) = 11.05
DEBUG:matplotlib.font_manager:findfont: score(FontEntry(fname='/usr/share/fonts/truetype/tlwg/Purisa-BoldOblique.ttf', name='Purisa', style='oblique', variant='normal', weight=700, stretch='normal', size='scalable')) = 11.335
DEBUG:matplotlib.font_manager:findfont: score(FontEntry(fname='/usr/share/fonts/truetype/liberation/LiberationSans-Bold.ttf', name='Liberation Sans', style='normal', variant='normal', weight=700, stretch='normal', size='scalable')) = 10.335
DEBUG:matplotlib.font_manager:findfont: score(FontEntry(fname='/usr/share/fonts/truetype/tlwg/Norasi-BoldItalic.ttf', name='Norasi', style='italic', variant='normal', weight=700, stretch='normal', size='scalable')) = 11.335
DEBUG:matplotlib.font_manager:findfont: score(FontEntry(fname='/usr/share/fonts/opentype/urw-base35/NimbusSans-Regular.otf', name='Nimbus Sans', style='normal', variant='normal', weight=400, stretch='normal', size='scalable')) = 10.05
DEBUG:matplotlib.font_manager:findfont: score(FontEntry(fname='/usr/share/fonts/truetype/tlwg/TlwgTypo-Bold.ttf', name='Tlwg Typo', style='normal', variant='normal', weight=700, stretch='normal', size='scalable')) = 10.335
DEBUG:matplotlib.font_manager:findfont: score(FontEntry(fname='/usr/share/fonts/truetype/teluguvijayam/LakkiReddy.ttf', name='LakkiReddy', style='normal', variant='normal', weight=400, stretch='normal', size='scalable')) = 10.05
DEBUG:matplotlib.font_manager:findfont: score(FontEntry(fname='/usr/share/fonts/truetype/abyssinica/AbyssinicaSIL-Regular.ttf', name='Abyssinica SIL', style='normal', variant='normal', weight=400, stretch='normal', size='scalable')) = 10.05
DEBUG:matplotlib.font_manager:findfont: score(FontEntry(fname='/usr/share/fonts/truetype/freefont/FreeSerifBoldItalic.ttf', name='FreeSerif', style='italic', variant='normal', weight=700, stretch='normal', size='scalable')) = 11.335
DEBUG:matplotlib.font_manager:findfont: score(FontEntry(fname='/usr/share/fonts/truetype/fonts-yrsa-rasa/Yrsa-Regular.ttf', name='Yrsa', style='normal', variant='normal', weight=400, stretch='normal', size='scalable')) = 10.05
DEBUG:matplotlib.font_manager:findfont: score(FontEntry(fname='/usr/share/fonts/truetype/tlwg/Umpush-LightOblique.ttf', name='Umpush', style='oblique', variant='normal', weight=300, stretch='normal', size='scalable')) = 11.145
DEBUG:matplotlib.font_manager:findfont: score(FontEntry(fname='/usr/share/fonts/truetype/freefont/FreeSansBold.ttf', name='FreeSans', style='normal', variant='normal', weight=600, stretch='normal', size='scalable')) = 10.24
DEBUG:matplotlib.font_manager:findfont: score(FontEntry(fname='/usr/share/fonts/truetype/liberation2/LiberationSans-BoldItalic.ttf', name='Liberation Sans', style='italic', variant='normal', weight=700, stretch='normal', size='scalable')) = 11.335
DEBUG:matplotlib.font_manager:findfont: score(FontEntry(fname='/usr/share/fonts/truetype/fonts-orya-extra/utkal.ttf', name='ori1Uni', style='normal', variant='normal', weight=500, stretch='normal', size='scalable')) = 10.145
DEBUG:matplotlib.font_manager:findfont: score(FontEntry(fname='/usr/share/fonts/truetype/tlwg/Norasi-Bold.ttf', name='Norasi', style='normal', variant='normal', weight=700, stretch='normal', size='scalable')) = 10.335
DEBUG:matplotlib.font_manager:findfont: score(FontEntry(fname='/usr/share/fonts/truetype/tlwg/TlwgTypist-BoldOblique.ttf', name='Tlwg Typist', style='oblique', variant='normal', weight=700, stretch='normal', size='scalable')) = 11.335
DEBUG:matplotlib.font_manager:findfont: score(FontEntry(fname='/usr/share/fonts/truetype/teluguvijayam/Gurajada.ttf', name='Gurajada', style='normal', variant='normal', weight=400, stretch='normal', size='scalable')) = 10.05
DEBUG:matplotlib.font_manager:findfont: score(FontEntry(fname='/usr/share/fonts/truetype/liberation2/LiberationMono-Bold.ttf', name='Liberation Mono', style='normal', variant='normal', weight=700, stretch='normal', size='scalable')) = 10.335
DEBUG:matplotlib.font_manager:findfont: score(FontEntry(fname='/usr/share/fonts/truetype/lao/Phetsarath_OT.ttf', name='Phetsarath OT', style='normal', variant='normal', weight=400, stretch='normal', size='scalable')) = 10.05
DEBUG:matplotlib.font_manager:findfont: score(FontEntry(fname='/usr/share/fonts/opentype/noto/NotoSansCJK-Regular.ttc', name='Noto Sans CJK JP', style='normal', variant='normal', weight=400, stretch='normal', size='scalable')) = 10.05
DEBUG:matplotlib.font_manager:findfont: score(FontEntry(fname='/usr/share/fonts/opentype/malayalam/Chilanka-Regular.otf', name='Chilanka', style='normal', variant='normal', weight=400, stretch='normal', size='scalable')) = 10.05
DEBUG:matplotlib.font_manager:findfont: score(FontEntry(fname='/usr/share/fonts/truetype/fonts-beng-extra/Mukti.ttf', name='Mukti', style='normal', variant='normal', weight=500, stretch='normal', size='scalable')) = 10.145
DEBUG:matplotlib.font_manager:findfont: score(FontEntry(fname='/usr/share/fonts/opentype/malayalam/Gayathri-Regular.otf', name='Gayathri', style='normal', variant='normal', weight=400, stretch='normal', size='scalable')) = 10.05
DEBUG:matplotlib.font_manager:findfont: score(FontEntry(fname='/usr/share/fonts/truetype/liberation/LiberationSans-BoldItalic.ttf', name='Liberation Sans', style='italic', variant='normal', weight=700, stretch='normal', size='scalable')) = 11.335
DEBUG:matplotlib.font_manager:findfont: score(FontEntry(fname='/usr/share/fonts/truetype/fonts-yrsa-rasa/Rasa-Bold.ttf', name='Rasa', style='normal', variant='normal', weight=700, stretch='normal', size='scalable')) = 10.335
DEBUG:matplotlib.font_manager:findfont: score(FontEntry(fname='/usr/share/fonts/opentype/noto/NotoSerifCJK-Bold.ttc', name='Noto Serif CJK JP', style='normal', variant='normal', weight=700, stretch='normal', size='scalable')) = 10.335
DEBUG:matplotlib.font_manager:findfont: score(FontEntry(fname='/usr/share/fonts/truetype/liberation/LiberationSerif-Italic.ttf', name='Liberation Serif', style='italic', variant='normal', weight=400, stretch='normal', size='scalable')) = 11.05
DEBUG:matplotlib.font_manager:findfont: score(FontEntry(fname='/usr/share/fonts/truetype/liberation2/LiberationSerif-Regular.ttf', name='Liberation Serif', style='normal', variant='normal', weight=400, stretch='normal', size='scalable')) = 10.05
DEBUG:matplotlib.font_manager:findfont: score(FontEntry(fname='/usr/share/fonts/truetype/tlwg/Purisa-Bold.ttf', name='Purisa', style='normal', variant='normal', weight=700, stretch='normal', size='scalable')) = 10.335
DEBUG:matplotlib.font_manager:findfont: score(FontEntry(fname='/usr/share/fonts/truetype/kacst/KacstDigital.ttf', name='KacstDigital', style='normal', variant='normal', weight=500, stretch='normal', size='scalable')) = 10.145
DEBUG:matplotlib.font_manager:findfont: score(FontEntry(fname='/usr/share/fonts/truetype/tlwg/Umpush-Bold.ttf', name='Umpush', style='normal', variant='normal', weight=700, stretch='normal', size='scalable')) = 10.335
DEBUG:matplotlib.font_manager:findfont: score(FontEntry(fname='/usr/share/fonts/truetype/lohit-bengali/Lohit-Bengali.ttf', name='Lohit Bengali', style='normal', variant='normal', weight=400, stretch='normal', size='scalable')) = 10.05
DEBUG:matplotlib.font_manager:findfont: score(FontEntry(fname='/usr/share/fonts/truetype/tlwg/Garuda-Bold.ttf', name='Garuda', style='normal', variant='normal', weight=700, stretch='normal', size='scalable')) = 10.335
DEBUG:matplotlib.font_manager:findfont: score(FontEntry(fname='/usr/share/fonts/truetype/liberation2/LiberationMono-Italic.ttf', name='Liberation Mono', style='italic', variant='normal', weight=400, stretch='normal', size='scalable')) = 11.05
DEBUG:matplotlib.font_manager:findfont: score(FontEntry(fname='/usr/share/fonts/truetype/malayalam/AnjaliOldLipi-Regular.ttf', name='AnjaliOldLipi', style='normal', variant='normal', weight=400, stretch='normal', size='scalable')) = 10.05
DEBUG:matplotlib.font_manager:findfont: score(FontEntry(fname='/usr/share/fonts/truetype/tlwg/Waree.ttf', name='Waree', style='normal', variant='normal', weight=400, stretch='normal', size='scalable')) = 10.05
DEBUG:matplotlib.font_manager:findfont: score(FontEntry(fname='/usr/share/fonts/truetype/tlwg/TlwgTypewriter.ttf', name='Tlwg Typewriter', style='normal', variant='normal', weight=400, stretch='normal', size='scalable')) = 10.05
DEBUG:matplotlib.font_manager:findfont: score(FontEntry(fname='/usr/share/fonts/truetype/teluguvijayam/PottiSreeramulu.ttf', name='Potti Sreeramulu', style='normal', variant='normal', weight=400, stretch='normal', size='scalable')) = 10.05
DEBUG:matplotlib.font_manager:findfont: score(FontEntry(fname='/usr/share/fonts/truetype/teluguvijayam/mallanna.ttf', name='Mallanna', style='normal', variant='normal', weight=400, stretch='normal', size='scalable')) = 10.05
DEBUG:matplotlib.font_manager:findfont: score(FontEntry(fname='/usr/share/fonts/truetype/ubuntu/UbuntuMono-R.ttf', name='Ubuntu Mono', style='normal', variant='normal', weight=400, stretch='normal', size='scalable')) = 10.05
DEBUG:matplotlib.font_manager:findfont: score(FontEntry(fname='/usr/share/fonts/opentype/urw-base35/C059-BdIta.otf', name='C059', style='italic', variant='normal', weight=700, stretch='normal', size='scalable')) = 11.335
DEBUG:matplotlib.font_manager:findfont: score(FontEntry(fname='/usr/share/fonts/truetype/padauk/PadaukBook-Bold.ttf', name='Padauk Book', style='normal', variant='normal', weight=700, stretch='normal', size='scalable')) = 10.335
DEBUG:matplotlib.font_manager:findfont: score(FontEntry(fname='/usr/share/fonts/truetype/dejavu/DejaVuSansMono-Oblique.ttf', name='DejaVu Sans Mono', style='oblique', variant='normal', weight=400, stretch='normal', size='scalable')) = 11.05
DEBUG:matplotlib.font_manager:findfont: score(FontEntry(fname='/usr/share/fonts/truetype/fonts-yrsa-rasa/Rasa-SemiBold.ttf', name='Rasa', style='normal', variant='normal', weight=600, stretch='normal', size='scalable')) = 10.24
DEBUG:matplotlib.font_manager:findfont: score(FontEntry(fname='/usr/share/fonts/truetype/ubuntu/Ubuntu-Th.ttf', name='Ubuntu', style='normal', variant='normal', weight=250, stretch='normal', size='scalable')) = 10.1925
DEBUG:matplotlib.font_manager:findfont: score(FontEntry(fname='/usr/share/fonts/truetype/fonts-telu-extra/Pothana2000.ttf', name='Pothana2000', style='normal', variant='normal', weight=400, stretch='normal', size='scalable')) = 10.05
DEBUG:matplotlib.font_manager:findfont: score(FontEntry(fname='/usr/share/fonts/truetype/liberation/LiberationSerif-BoldItalic.ttf', name='Liberation Serif', style='italic', variant='normal', weight=700, stretch='normal', size='scalable')) = 11.335
DEBUG:matplotlib.font_manager:findfont: score(FontEntry(fname='/usr/share/fonts/truetype/kacst-one/KacstOne-Bold.ttf', name='KacstOne', style='normal', variant='normal', weight=700, stretch='normal', size='scalable')) = 10.335
DEBUG:matplotlib.font_manager:findfont: score(FontEntry(fname='/usr/share/fonts/truetype/freefont/FreeMonoOblique.ttf', name='FreeMono', style='oblique', variant='normal', weight=400, stretch='normal', size='scalable')) = 11.05
DEBUG:matplotlib.font_manager:findfont: score(FontEntry(fname='/usr/share/fonts/truetype/tlwg/TlwgMono-Oblique.ttf', name='Tlwg Mono', style='oblique', variant='normal', weight=400, stretch='normal', size='scalable')) = 11.05
DEBUG:matplotlib.font_manager:findfont: score(FontEntry(fname='/usr/share/fonts/truetype/tlwg/Garuda.ttf', name='Garuda', style='normal', variant='normal', weight=400, stretch='normal', size='scalable')) = 10.05
DEBUG:matplotlib.font_manager:findfont: score(FontEntry(fname='/usr/share/fonts/truetype/freefont/FreeSansBoldOblique.ttf', name='FreeSans', style='oblique', variant='normal', weight=600, stretch='normal', size='scalable')) = 11.24
DEBUG:matplotlib.font_manager:findfont: score(FontEntry(fname='/usr/share/fonts/truetype/freefont/FreeSans.ttf', name='FreeSans', style='normal', variant='normal', weight=400, stretch='normal', size='scalable')) = 10.05
DEBUG:matplotlib.font_manager:findfont: score(FontEntry(fname='/usr/share/fonts/truetype/tlwg/Norasi-BoldOblique.ttf', name='Norasi', style='oblique', variant='normal', weight=700, stretch='normal', size='scalable')) = 11.335
DEBUG:matplotlib.font_manager:findfont: score(FontEntry(fname='/usr/share/fonts/truetype/dejavu/DejaVuSansMono.ttf', name='DejaVu Sans Mono', style='normal', variant='normal', weight=400, stretch='normal', size='scalable')) = 10.05
DEBUG:matplotlib.font_manager:findfont: score(FontEntry(fname='/usr/share/fonts/truetype/fonts-yrsa-rasa/Yrsa-BoldItalic.ttf', name='Yrsa', style='italic', variant='normal', weight=700, stretch='normal', size='scalable')) = 11.335
DEBUG:matplotlib.font_manager:findfont: score(FontEntry(fname='/usr/share/fonts/truetype/samyak-fonts/Samyak-Malayalam.ttf', name='Samyak Malayalam', style='normal', variant='normal', weight=400, stretch='normal', size='scalable')) = 10.05
DEBUG:matplotlib.font_manager:findfont: score(FontEntry(fname='/usr/share/fonts/truetype/malayalam/Uroob-Regular.ttf', name='Uroob', style='normal', variant='normal', weight=400, stretch='normal', size='scalable')) = 10.05
DEBUG:matplotlib.font_manager:findfont: score(FontEntry(fname='/usr/share/fonts/opentype/urw-base35/NimbusRoman-Italic.otf', name='Nimbus Roman', style='italic', variant='normal', weight=400, stretch='normal', size='scalable')) = 11.05
DEBUG:matplotlib.font_manager:findfont: score(FontEntry(fname='/usr/share/fonts/truetype/fonts-yrsa-rasa/Yrsa-Light.ttf', name='Yrsa', style='normal', variant='normal', weight=300, stretch='normal', size='scalable')) = 10.145
DEBUG:matplotlib.font_manager:findfont: score(FontEntry(fname='/usr/share/fonts/truetype/ubuntu/UbuntuMono-RI.ttf', name='Ubuntu Mono', style='italic', variant='normal', weight=400, stretch='normal', size='scalable')) = 11.05
DEBUG:matplotlib.font_manager:findfont: score(FontEntry(fname='/usr/share/fonts/opentype/malayalam/Manjari-Thin.otf', name='Manjari', style='normal', variant='normal', weight=100, stretch='normal', size='scalable')) = 10.335
DEBUG:matplotlib.font_manager:findfont: score(FontEntry(fname='/usr/share/fonts/truetype/liberation/LiberationSerif-Bold.ttf', name='Liberation Serif', style='normal', variant='normal', weight=700, stretch='normal', size='scalable')) = 10.335
DEBUG:matplotlib.font_manager:findfont: score(FontEntry(fname='/usr/share/fonts/opentype/urw-base35/NimbusRoman-Bold.otf', name='Nimbus Roman', style='normal', variant='normal', weight=700, stretch='normal', size='scalable')) = 10.335
DEBUG:matplotlib.font_manager:findfont: score(FontEntry(fname='/usr/share/fonts/truetype/dejavu/DejaVuSansCondensed.ttf', name='DejaVu Sans', style='normal', variant='normal', weight=400, stretch='condensed', size='scalable')) = 0.25
DEBUG:matplotlib.font_manager:findfont: score(FontEntry(fname='/usr/share/fonts/truetype/lohit-tamil/Lohit-Tamil.ttf', name='Lohit Tamil', style='normal', variant='normal', weight=400, stretch='normal', size='scalable')) = 10.05
DEBUG:matplotlib.font_manager:findfont: score(FontEntry(fname='/usr/share/fonts/truetype/tlwg/Sawasdee-BoldOblique.ttf', name='Sawasdee', style='oblique', variant='normal', weight=700, stretch='normal', size='scalable')) = 11.335
DEBUG:matplotlib.font_manager:findfont: score(FontEntry(fname='/usr/share/fonts/truetype/tlwg/TlwgMono.ttf', name='Tlwg Mono', style='normal', variant='normal', weight=400, stretch='normal', size='scalable')) = 10.05
DEBUG:matplotlib.font_manager:findfont: score(FontEntry(fname='/usr/share/fonts/opentype/urw-base35/NimbusSansNarrow-Bold.otf', name='Nimbus Sans Narrow', style='normal', variant='normal', weight=700, stretch='condensed', size='scalable')) = 10.535
DEBUG:matplotlib.font_manager:findfont: score(FontEntry(fname='/usr/share/fonts/truetype/lohit-tamil-classical/Lohit-Tamil-Classical.ttf', name='Lohit Tamil Classical', style='normal', variant='normal', weight=400, stretch='normal', size='scalable')) = 10.05
DEBUG:matplotlib.font_manager:findfont: score(FontEntry(fname='/usr/share/fonts/opentype/urw-base35/URWGothic-Demi.otf', name='URW Gothic', style='normal', variant='normal', weight=600, stretch='normal', size='scalable')) = 10.24
DEBUG:matplotlib.font_manager:findfont: score(FontEntry(fname='/usr/share/fonts/truetype/fonts-deva-extra/chandas1-2.ttf', name='Chandas', style='normal', variant='normal', weight=400, stretch='normal', size='scalable')) = 10.05
DEBUG:matplotlib.font_manager:findfont: score(FontEntry(fname='/usr/share/fonts/truetype/tlwg/Loma.ttf', name='Loma', style='normal', variant='normal', weight=400, stretch='normal', size='scalable')) = 10.05
DEBUG:matplotlib.font_manager:findfont: score(FontEntry(fname='/usr/share/fonts/truetype/dejavu/DejaVuSans-Bold.ttf', name='DejaVu Sans', style='normal', variant='normal', weight=700, stretch='normal', size='scalable')) = 0.33499999999999996
DEBUG:matplotlib.font_manager:findfont: score(FontEntry(fname='/usr/share/fonts/truetype/kacst/KacstScreen.ttf', name='KacstScreen', style='normal', variant='normal', weight=500, stretch='normal', size='scalable')) = 10.145
DEBUG:matplotlib.font_manager:findfont: score(FontEntry(fname='/usr/share/fonts/truetype/dejavu/DejaVuSerif-Italic.ttf', name='DejaVu Serif', style='italic', variant='normal', weight=400, stretch='normal', size='scalable')) = 11.05
DEBUG:matplotlib.font_manager:findfont: score(FontEntry(fname='/usr/share/fonts/truetype/lohit-malayalam/Lohit-Malayalam.ttf', name='Lohit Malayalam', style='normal', variant='normal', weight=400, stretch='normal', size='scalable')) = 10.05
DEBUG:matplotlib.font_manager:findfont: score(FontEntry(fname='/usr/share/fonts/opentype/urw-base35/NimbusSans-BoldItalic.otf', name='Nimbus Sans', style='italic', variant='normal', weight=700, stretch='normal', size='scalable')) = 11.335
DEBUG:matplotlib.font_manager:findfont: score(FontEntry(fname='/usr/share/fonts/truetype/fonts-gujr-extra/padmaa-Medium-0.5.ttf', name='padmaa', style='normal', variant='normal', weight=500, stretch='normal', size='scalable')) = 10.145
DEBUG:matplotlib.font_manager:findfont: score(FontEntry(fname='/usr/share/fonts/truetype/teluguvijayam/Mandali-Regular.ttf', name='Mandali', style='normal', variant='normal', weight=400, stretch='normal', size='scalable')) = 10.05
DEBUG:matplotlib.font_manager:findfont: score(FontEntry(fname='/usr/share/fonts/truetype/kacst/KacstTitleL.ttf', name='KacstTitleL', style='normal', variant='normal', weight=400, stretch='normal', size='scalable')) = 10.05
DEBUG:matplotlib.font_manager:findfont: score(FontEntry(fname='/usr/share/fonts/opentype/urw-base35/NimbusMonoPS-BoldItalic.otf', name='Nimbus Mono PS', style='italic', variant='normal', weight=700, stretch='normal', size='scalable')) = 11.335
DEBUG:matplotlib.font_manager:findfont: score(FontEntry(fname='/usr/share/fonts/truetype/kacst/KacstDecorative.ttf', name='KacstDecorative', style='normal', variant='normal', weight=500, stretch='normal', size='scalable')) = 10.145
DEBUG:matplotlib.font_manager:findfont: score(FontEntry(fname='/usr/share/fonts/truetype/ubuntu/Ubuntu-BI.ttf', name='Ubuntu', style='italic', variant='normal', weight=700, stretch='normal', size='scalable')) = 11.335
DEBUG:matplotlib.font_manager:findfont: score(FontEntry(fname='/usr/share/fonts/opentype/urw-base35/URWGothic-Book.otf', name='URW Gothic', style='normal', variant='normal', weight=400, stretch='normal', size='scalable')) = 10.05
DEBUG:matplotlib.font_manager:findfont: score(FontEntry(fname='/usr/share/fonts/truetype/tlwg/TlwgTypist.ttf', name='Tlwg Typist', style='normal', variant='normal', weight=400, stretch='normal', size='scalable')) = 10.05
DEBUG:matplotlib.font_manager:findfont: score(FontEntry(fname='/usr/share/fonts/truetype/freefont/FreeSansOblique.ttf', name='FreeSans', style='oblique', variant='normal', weight=400, stretch='normal', size='scalable')) = 11.05
DEBUG:matplotlib.font_manager:findfont: score(FontEntry(fname='/usr/share/fonts/truetype/liberation/LiberationMono-Bold.ttf', name='Liberation Mono', style='normal', variant='normal', weight=700, stretch='normal', size='scalable')) = 10.335
DEBUG:matplotlib.font_manager:findfont: score(FontEntry(fname='/usr/share/fonts/truetype/teluguvijayam/RaviPrakash.ttf', name='RaviPrakash', style='normal', variant='normal', weight=400, stretch='normal', size='scalable')) = 10.05
DEBUG:matplotlib.font_manager:findfont: score(FontEntry(fname='/usr/share/fonts/truetype/lohit-gujarati/Lohit-Gujarati.ttf', name='Lohit Gujarati', style='normal', variant='normal', weight=400, stretch='normal', size='scalable')) = 10.05
DEBUG:matplotlib.font_manager:findfont: score(FontEntry(fname='/usr/share/fonts/truetype/fonts-yrsa-rasa/Yrsa-SemiBoldItalic.ttf', name='Yrsa', style='italic', variant='normal', weight=600, stretch='normal', size='scalable')) = 11.24
DEBUG:matplotlib.font_manager:findfont: score(FontEntry(fname='/usr/share/fonts/truetype/tibetan-machine/TibetanMachineUni.ttf', name='Tibetan Machine Uni', style='normal', variant='normal', weight=400, stretch='normal', size='scalable')) = 10.05
DEBUG:matplotlib.font_manager:findfont: score(FontEntry(fname='/usr/share/fonts/opentype/urw-base35/NimbusRoman-Regular.otf', name='Nimbus Roman', style='normal', variant='normal', weight=400, stretch='normal', size='scalable')) = 10.05
DEBUG:matplotlib.font_manager:findfont: score(FontEntry(fname='/usr/share/fonts/truetype/malayalam/Suruma.ttf', name='Suruma', style='normal', variant='normal', weight=500, stretch='normal', size='scalable')) = 10.145
DEBUG:matplotlib.font_manager:findfont: score(FontEntry(fname='/usr/share/fonts/truetype/Nakula/nakula.ttf', name='Nakula', style='normal', variant='normal', weight=400, stretch='normal', size='scalable')) = 10.05
DEBUG:matplotlib.font_manager:findfont: score(FontEntry(fname='/usr/share/fonts/truetype/dejavu/DejaVuSansCondensed-Oblique.ttf', name='DejaVu Sans', style='oblique', variant='normal', weight=400, stretch='condensed', size='scalable')) = 1.25
DEBUG:matplotlib.font_manager:findfont: score(FontEntry(fname='/usr/share/fonts/truetype/fonts-gujr-extra/Rekha.ttf', name='Rekha', style='normal', variant='normal', weight=500, stretch='normal', size='scalable')) = 10.145
DEBUG:matplotlib.font_manager:findfont: score(FontEntry(fname='/usr/share/fonts/truetype/fonts-beng-extra/LikhanNormal.ttf', name='Likhan', style='normal', variant='normal', weight=500, stretch='normal', size='scalable')) = 10.145
DEBUG:matplotlib.font_manager:findfont: score(FontEntry(fname='/usr/share/fonts/truetype/liberation/LiberationSansNarrow-Italic.ttf', name='Liberation Sans Narrow', style='italic', variant='normal', weight=400, stretch='condensed', size='scalable')) = 11.25
DEBUG:matplotlib.font_manager:findfont: score(FontEntry(fname='/usr/share/fonts/truetype/ubuntu/Ubuntu-RI.ttf', name='Ubuntu', style='italic', variant='normal', weight=400, stretch='normal', size='scalable')) = 11.05
DEBUG:matplotlib.font_manager:findfont: score(FontEntry(fname='/usr/share/fonts/truetype/tlwg/TlwgTypewriter-BoldOblique.ttf', name='Tlwg Typewriter', style='oblique', variant='normal', weight=700, stretch='normal', size='scalable')) = 11.335
DEBUG:matplotlib.font_manager:findfont: score(FontEntry(fname='/usr/share/fonts/truetype/malayalam/RaghuMalayalamSans-Regular.ttf', name='RaghuMalayalamSans', style='normal', variant='normal', weight=400, stretch='normal', size='scalable')) = 10.05
DEBUG:matplotlib.font_manager:findfont: score(FontEntry(fname='/usr/share/fonts/truetype/liberation/LiberationMono-BoldItalic.ttf', name='Liberation Mono', style='italic', variant='normal', weight=700, stretch='normal', size='scalable')) = 11.335
DEBUG:matplotlib.font_manager:findfont: score(FontEntry(fname='/usr/share/fonts/truetype/tlwg/TlwgTypo-Oblique.ttf', name='Tlwg Typo', style='oblique', variant='normal', weight=400, stretch='normal', size='scalable')) = 11.05
DEBUG:matplotlib.font_manager:findfont: score(FontEntry(fname='/usr/share/fonts/truetype/fonts-yrsa-rasa/Yrsa-MediumItalic.ttf', name='Yrsa', style='italic', variant='normal', weight=500, stretch='normal', size='scalable')) = 11.145
DEBUG:matplotlib.font_manager:findfont: score(FontEntry(fname='/usr/share/fonts/truetype/fonts-deva-extra/kalimati.ttf', name='Kalimati', style='normal', variant='normal', weight=400, stretch='normal', size='scalable')) = 10.05
DEBUG:matplotlib.font_manager:findfont: score(FontEntry(fname='/usr/share/fonts/truetype/liberation2/LiberationSerif-Bold.ttf', name='Liberation Serif', style='normal', variant='normal', weight=700, stretch='normal', size='scalable')) = 10.335
DEBUG:matplotlib.font_manager:findfont: score(FontEntry(fname='/usr/share/fonts/opentype/malayalam/Gayathri-Thin.otf', name='Gayathri', style='normal', variant='normal', weight=100, stretch='normal', size='scalable')) = 10.335
DEBUG:matplotlib.font_manager:findfont: score(FontEntry(fname='/usr/share/fonts/truetype/tlwg/Kinnari-Italic.ttf', name='Kinnari', style='italic', variant='normal', weight=400, stretch='normal', size='scalable')) = 11.05
DEBUG:matplotlib.font_manager:findfont: score(FontEntry(fname='/usr/share/fonts/opentype/noto/NotoSerifCJK-Regular.ttc', name='Noto Serif CJK JP', style='normal', variant='normal', weight=400, stretch='normal', size='scalable')) = 10.05
DEBUG:matplotlib.font_manager:findfont: score(FontEntry(fname='/usr/share/fonts/truetype/kacst/KacstBook.ttf', name='KacstBook', style='normal', variant='normal', weight=500, stretch='normal', size='scalable')) = 10.145
DEBUG:matplotlib.font_manager:findfont: score(FontEntry(fname='/usr/share/fonts/truetype/fonts-yrsa-rasa/Yrsa-LightItalic.ttf', name='Yrsa', style='italic', variant='normal', weight=300, stretch='normal', size='scalable')) = 11.145
DEBUG:matplotlib.font_manager:findfont: score(FontEntry(fname='/usr/share/fonts/truetype/teluguvijayam/suranna.ttf', name='Suranna', style='normal', variant='normal', weight=400, stretch='normal', size='scalable')) = 10.05
DEBUG:matplotlib.font_manager:findfont: score(FontEntry(fname='/usr/share/fonts/truetype/teluguvijayam/Ponnala.ttf', name='Ponnala', style='normal', variant='normal', weight=400, stretch='normal', size='scalable')) = 10.05
DEBUG:matplotlib.font_manager:findfont: score(FontEntry(fname='/usr/share/fonts/truetype/ubuntu/Ubuntu-C.ttf', name='Ubuntu Condensed', style='normal', variant='normal', weight=400, stretch='condensed', size='scalable')) = 10.25
DEBUG:matplotlib.font_manager:findfont: score(FontEntry(fname='/usr/share/fonts/opentype/urw-base35/P052-Bold.otf', name='P052', style='normal', variant='normal', weight=700, stretch='normal', size='scalable')) = 10.335
DEBUG:matplotlib.font_manager:findfont: score(FontEntry(fname='/usr/share/fonts/opentype/urw-base35/StandardSymbolsPS.otf', name='Standard Symbols PS', style='normal', variant='normal', weight=400, stretch='normal', size='scalable')) = 10.05
DEBUG:matplotlib.font_manager:findfont: score(FontEntry(fname='/usr/share/fonts/opentype/urw-base35/NimbusSansNarrow-BoldOblique.otf', name='Nimbus Sans Narrow', style='oblique', variant='normal', weight=700, stretch='condensed', size='scalable')) = 11.535
DEBUG:matplotlib.font_manager:findfont: score(FontEntry(fname='/usr/share/fonts/truetype/fonts-yrsa-rasa/Rasa-Medium.ttf', name='Rasa', style='normal', variant='normal', weight=500, stretch='normal', size='scalable')) = 10.145
DEBUG:matplotlib.font_manager:findfont: score(FontEntry(fname='/usr/share/fonts/truetype/dejavu/DejaVuSansCondensed-Bold.ttf', name='DejaVu Sans', style='normal', variant='normal', weight=700, stretch='condensed', size='scalable')) = 0.5349999999999999
DEBUG:matplotlib.font_manager:findfont: score(FontEntry(fname='/usr/share/fonts/truetype/kacst/KacstArt.ttf', name='KacstArt', style='normal', variant='normal', weight=500, stretch='normal', size='scalable')) = 10.145
DEBUG:matplotlib.font_manager:findfont: score(FontEntry(fname='/usr/share/fonts/truetype/tlwg/Sawasdee.ttf', name='Sawasdee', style='normal', variant='normal', weight=400, stretch='normal', size='scalable')) = 10.05
DEBUG:matplotlib.font_manager:findfont: score(FontEntry(fname='/usr/share/fonts/truetype/tlwg/Norasi.ttf', name='Norasi', style='normal', variant='normal', weight=400, stretch='normal', size='scalable')) = 10.05
DEBUG:matplotlib.font_manager:findfont: score(FontEntry(fname='/usr/share/fonts/truetype/droid/DroidSansFallbackFull.ttf', name='Droid Sans Fallback', style='normal', variant='normal', weight=400, stretch='normal', size='scalable')) = 10.05
DEBUG:matplotlib.font_manager:findfont: score(FontEntry(fname='/usr/share/fonts/truetype/fonts-yrsa-rasa/Yrsa-Bold.ttf', name='Yrsa', style='normal', variant='normal', weight=700, stretch='normal', size='scalable')) = 10.335
DEBUG:matplotlib.font_manager:findfont: score(FontEntry(fname='/usr/share/fonts/opentype/urw-base35/URWGothic-DemiOblique.otf', name='URW Gothic', style='oblique', variant='normal', weight=600, stretch='normal', size='scalable')) = 11.24
DEBUG:matplotlib.font_manager:findfont: score(FontEntry(fname='/usr/share/fonts/truetype/fonts-yrsa-rasa/Rasa-Light.ttf', name='Rasa', style='normal', variant='normal', weight=300, stretch='normal', size='scalable')) = 10.145
DEBUG:matplotlib.font_manager:findfont: score(FontEntry(fname='/usr/share/fonts/truetype/tlwg/Kinnari-Bold.ttf', name='Kinnari', style='normal', variant='normal', weight=700, stretch='normal', size='scalable')) = 10.335
DEBUG:matplotlib.font_manager:findfont: score(FontEntry(fname='/usr/share/fonts/truetype/fonts-gujr-extra/padmaa-Bold.1.1.ttf', name='padmaa-Bold.1.1', style='normal', variant='normal', weight=700, stretch='normal', size='scalable')) = 10.335
DEBUG:matplotlib.font_manager:findfont: score(FontEntry(fname='/usr/share/fonts/truetype/dejavu/DejaVuSansMono-Bold.ttf', name='DejaVu Sans Mono', style='normal', variant='normal', weight=700, stretch='normal', size='scalable')) = 10.335
DEBUG:matplotlib.font_manager:findfont: score(FontEntry(fname='/usr/share/fonts/truetype/dejavu/DejaVuSansMono-BoldOblique.ttf', name='DejaVu Sans Mono', style='oblique', variant='normal', weight=700, stretch='normal', size='scalable')) = 11.335
DEBUG:matplotlib.font_manager:findfont: score(FontEntry(fname='/usr/share/fonts/truetype/fonts-beng-extra/JamrulNormal.ttf', name='Jamrul', style='normal', variant='normal', weight=500, stretch='normal', size='scalable')) = 10.145
DEBUG:matplotlib.font_manager:findfont: score(FontEntry(fname='/usr/share/fonts/truetype/samyak-fonts/Samyak-Gujarati.ttf', name='Samyak Gujarati', style='normal', variant='normal', weight=500, stretch='normal', size='scalable')) = 10.145
DEBUG:matplotlib.font_manager:findfont: score(FontEntry(fname='/usr/share/fonts/truetype/liberation2/LiberationSans-Bold.ttf', name='Liberation Sans', style='normal', variant='normal', weight=700, stretch='normal', size='scalable')) = 10.335
DEBUG:matplotlib.font_manager:findfont: score(FontEntry(fname='/usr/share/fonts/truetype/malayalam/Rachana-Regular.ttf', name='Rachana', style='normal', variant='normal', weight=400, stretch='normal', size='scalable')) = 10.05
DEBUG:matplotlib.font_manager:findfont: score(FontEntry(fname='/usr/share/fonts/truetype/dejavu/DejaVuSans-Oblique.ttf', name='DejaVu Sans', style='oblique', variant='normal', weight=400, stretch='normal', size='scalable')) = 1.05
DEBUG:matplotlib.font_manager:findfont: score(FontEntry(fname='/usr/share/fonts/truetype/lohit-telugu/Lohit-Telugu.ttf', name='Lohit Telugu', style='normal', variant='normal', weight=400, stretch='normal', size='scalable')) = 10.05
DEBUG:matplotlib.font_manager:findfont: score(FontEntry(fname='/usr/share/fonts/opentype/urw-base35/URWBookman-LightItalic.otf', name='URW Bookman', style='italic', variant='normal', weight=300, stretch='normal', size='scalable')) = 11.145
DEBUG:matplotlib.font_manager:findfont: score(FontEntry(fname='/usr/share/fonts/truetype/dejavu/DejaVuSansCondensed-BoldOblique.ttf', name='DejaVu Sans', style='oblique', variant='normal', weight=700, stretch='condensed', size='scalable')) = 1.535
DEBUG:matplotlib.font_manager:findfont: score(FontEntry(fname='/usr/share/fonts/truetype/teluguvijayam/Suravaram.ttf', name='Suravaram', style='normal', variant='normal', weight=400, stretch='normal', size='scalable')) = 10.05
DEBUG:matplotlib.font_manager:findfont: score(FontEntry(fname='/usr/share/fonts/truetype/fonts-yrsa-rasa/Yrsa-Italic.ttf', name='Yrsa', style='italic', variant='normal', weight=400, stretch='normal', size='scalable')) = 11.05
DEBUG:matplotlib.font_manager:findfont: score(FontEntry(fname='/usr/share/fonts/truetype/lohit-assamese/Lohit-Assamese.ttf', name='Lohit Assamese', style='normal', variant='normal', weight=400, stretch='normal', size='scalable')) = 10.05
DEBUG:matplotlib.font_manager:findfont: score(FontEntry(fname='/usr/share/fonts/truetype/tlwg/Umpush-Oblique.ttf', name='Umpush', style='oblique', variant='normal', weight=400, stretch='normal', size='scalable')) = 11.05
DEBUG:matplotlib.font_manager:findfont: score(FontEntry(fname='/usr/share/fonts/truetype/tlwg/Loma-Bold.ttf', name='Loma', style='normal', variant='normal', weight=700, stretch='normal', size='scalable')) = 10.335
DEBUG:matplotlib.font_manager:findfont: score(FontEntry(fname='/usr/share/fonts/truetype/fonts-beng-extra/Muktibold.ttf', name='Mukti', style='normal', variant='normal', weight=700, stretch='normal', size='scalable')) = 10.335
DEBUG:matplotlib.font_manager:findfont: score(FontEntry(fname='/usr/share/fonts/truetype/dejavu/DejaVuSans-BoldOblique.ttf', name='DejaVu Sans', style='oblique', variant='normal', weight=700, stretch='normal', size='scalable')) = 1.335
DEBUG:matplotlib.font_manager:findfont: score(FontEntry(fname='/usr/share/fonts/truetype/padauk/Padauk-Bold.ttf', name='Padauk', style='normal', variant='normal', weight=700, stretch='normal', size='scalable')) = 10.335
DEBUG:matplotlib.font_manager:findfont: score(FontEntry(fname='/usr/share/fonts/truetype/Gargi/Gargi.ttf', name='Gargi', style='normal', variant='normal', weight=400, stretch='normal', size='scalable')) = 10.05
DEBUG:matplotlib.font_manager:findfont: score(FontEntry(fname='/usr/share/fonts/truetype/fonts-beng-extra/Ani.ttf', name='Ani', style='normal', variant='normal', weight=400, stretch='normal', size='scalable')) = 10.05
DEBUG:matplotlib.font_manager:findfont: score(FontEntry(fname='/usr/share/fonts/truetype/fonts-kalapi/Kalapi.ttf', name='Kalapi', style='normal', variant='normal', weight=400, stretch='normal', size='scalable')) = 10.05
DEBUG:matplotlib.font_manager:findfont: score(FontEntry(fname='/usr/share/fonts/truetype/freefont/FreeMonoBoldOblique.ttf', name='FreeMono', style='oblique', variant='normal', weight=700, stretch='normal', size='scalable')) = 11.335
DEBUG:matplotlib.font_manager:findfont: score(FontEntry(fname='/usr/share/fonts/truetype/lohit-punjabi/Lohit-Gurmukhi.ttf', name='Lohit Gurmukhi', style='normal', variant='normal', weight=400, stretch='normal', size='scalable')) = 10.05
DEBUG:matplotlib.font_manager:findfont: score(FontEntry(fname='/usr/share/fonts/opentype/urw-base35/URWBookman-Demi.otf', name='URW Bookman', style='normal', variant='normal', weight=600, stretch='normal', size='scalable')) = 10.24
DEBUG:matplotlib.font_manager:findfont: score(FontEntry(fname='/usr/share/fonts/truetype/tlwg/Kinnari.ttf', name='Kinnari', style='normal', variant='normal', weight=400, stretch='normal', size='scalable')) = 10.05
DEBUG:matplotlib.font_manager:findfont: score(FontEntry(fname='/usr/share/fonts/truetype/teluguvijayam/ramabhadra.ttf', name='Ramabhadra', style='normal', variant='normal', weight=400, stretch='normal', size='scalable')) = 10.05
DEBUG:matplotlib.font_manager:findfont: score(FontEntry(fname='/usr/share/fonts/truetype/kacst/KacstNaskh.ttf', name='KacstNaskh', style='normal', variant='normal', weight=500, stretch='normal', size='scalable')) = 10.145
DEBUG:matplotlib.font_manager:findfont: score(FontEntry(fname='/usr/share/fonts/truetype/liberation2/LiberationMono-Regular.ttf', name='Liberation Mono', style='normal', variant='normal', weight=400, stretch='normal', size='scalable')) = 10.05
DEBUG:matplotlib.font_manager:findfont: score(FontEntry(fname='/usr/share/fonts/truetype/padauk/PadaukBook-Regular.ttf', name='Padauk Book', style='normal', variant='normal', weight=400, stretch='normal', size='scalable')) = 10.05
DEBUG:matplotlib.font_manager:findfont: score(FontEntry(fname='/usr/share/fonts/truetype/tlwg/Laksaman-BoldItalic.ttf', name='Laksaman', style='italic', variant='normal', weight=700, stretch='normal', size='scalable')) = 11.335
DEBUG:matplotlib.font_manager:findfont: score(FontEntry(fname='/usr/share/fonts/truetype/ubuntu/UbuntuMono-B.ttf', name='Ubuntu Mono', style='normal', variant='normal', weight=700, stretch='normal', size='scalable')) = 10.335
DEBUG:matplotlib.font_manager:findfont: score(FontEntry(fname='/usr/share/fonts/truetype/dejavu/DejaVuSans-ExtraLight.ttf', name='DejaVu Sans', style='normal', variant='normal', weight=200, stretch='normal', size='scalable')) = 0.24
DEBUG:matplotlib.font_manager:findfont: score(FontEntry(fname='/usr/share/fonts/truetype/dejavu/DejaVuSerifCondensed-BoldItalic.ttf', name='DejaVu Serif', style='italic', variant='normal', weight=700, stretch='condensed', size='scalable')) = 11.535
DEBUG:matplotlib.font_manager:findfont: score(FontEntry(fname='/usr/share/fonts/truetype/teluguvijayam/Ramaraja-Regular.ttf', name='Ramaraja', style='normal', variant='normal', weight=400, stretch='normal', size='scalable')) = 10.05
DEBUG:matplotlib.font_manager:findfont: score(FontEntry(fname='/usr/share/fonts/truetype/teluguvijayam/NTR.ttf', name='NTR', style='normal', variant='normal', weight=400, stretch='normal', size='scalable')) = 10.05
DEBUG:matplotlib.font_manager:findfont: score(FontEntry(fname='/usr/share/fonts/opentype/urw-base35/NimbusMonoPS-Regular.otf', name='Nimbus Mono PS', style='normal', variant='normal', weight=400, stretch='normal', size='scalable')) = 10.05
DEBUG:matplotlib.font_manager:findfont: score(FontEntry(fname='/usr/share/fonts/truetype/kacst/mry_KacstQurn.ttf', name='mry_KacstQurn', style='normal', variant='normal', weight=400, stretch='normal', size='scalable')) = 10.05
DEBUG:matplotlib.font_manager:findfont: score(FontEntry(fname='/usr/share/fonts/truetype/tlwg/Sawasdee-Oblique.ttf', name='Sawasdee', style='oblique', variant='normal', weight=400, stretch='normal', size='scalable')) = 11.05
DEBUG:matplotlib.font_manager:findfont: score(FontEntry(fname='/usr/share/fonts/truetype/tlwg/TlwgMono-BoldOblique.ttf', name='Tlwg Mono', style='oblique', variant='normal', weight=700, stretch='normal', size='scalable')) = 11.335
DEBUG:matplotlib.font_manager:findfont: score(FontEntry(fname='/usr/share/fonts/truetype/malayalam/Rachana-Bold.ttf', name='Rachana', style='normal', variant='normal', weight=700, stretch='normal', size='scalable')) = 10.335
DEBUG:matplotlib.font_manager:findfont: score(FontEntry(fname='/usr/share/fonts/opentype/urw-base35/NimbusMonoPS-Bold.otf', name='Nimbus Mono PS', style='normal', variant='normal', weight=700, stretch='normal', size='scalable')) = 10.335
DEBUG:matplotlib.font_manager:findfont: score(FontEntry(fname='/usr/share/fonts/truetype/tlwg/Laksaman.ttf', name='Laksaman', style='normal', variant='normal', weight=400, stretch='normal', size='scalable')) = 10.05
DEBUG:matplotlib.font_manager:findfont: score(FontEntry(fname='/usr/share/fonts/opentype/urw-base35/P052-Italic.otf', name='P052', style='italic', variant='normal', weight=400, stretch='normal', size='scalable')) = 11.05
DEBUG:matplotlib.font_manager:findfont: score(FontEntry(fname='/usr/share/fonts/truetype/teluguvijayam/SreeKrushnadevaraya.ttf', name='Sree Krushnadevaraya', style='normal', variant='normal', weight=400, stretch='normal', size='scalable')) = 10.05
DEBUG:matplotlib.font_manager:findfont: score(FontEntry(fname='/usr/share/fonts/truetype/lohit-oriya/Lohit-Odia.ttf', name='Lohit Odia', style='normal', variant='normal', weight=400, stretch='normal', size='scalable')) = 10.05
DEBUG:matplotlib.font_manager:findfont: score(FontEntry(fname='/usr/share/fonts/opentype/urw-base35/C059-Roman.otf', name='C059', style='normal', variant='normal', weight=400, stretch='normal', size='scalable')) = 10.05
DEBUG:matplotlib.font_manager:findfont: score(FontEntry(fname='/usr/share/fonts/truetype/tlwg/Garuda-Oblique.ttf', name='Garuda', style='oblique', variant='normal', weight=400, stretch='normal', size='scalable')) = 11.05
DEBUG:matplotlib.font_manager:findfont: score(FontEntry(fname='/usr/share/fonts/truetype/fonts-guru-extra/Saab.ttf', name='Saab', style='normal', variant='normal', weight=400, stretch='normal', size='scalable')) = 10.05
DEBUG:matplotlib.font_manager:findfont: score(FontEntry(fname='/usr/share/fonts/truetype/Gubbi/Gubbi.ttf', name='Gubbi', style='normal', variant='normal', weight=400, stretch='normal', size='scalable')) = 10.05
DEBUG:matplotlib.font_manager:findfont: score(FontEntry(fname='/usr/share/fonts/truetype/tlwg/Waree-Bold.ttf', name='Waree', style='normal', variant='normal', weight=700, stretch='normal', size='scalable')) = 10.335
DEBUG:matplotlib.font_manager:findfont: score(FontEntry(fname='/usr/share/fonts/opentype/malayalam/Gayathri-Bold.otf', name='Gayathri', style='normal', variant='normal', weight=700, stretch='normal', size='scalable')) = 10.335
DEBUG:matplotlib.font_manager:findfont: score(FontEntry(fname='/usr/share/fonts/opentype/urw-base35/NimbusRoman-BoldItalic.otf', name='Nimbus Roman', style='italic', variant='normal', weight=700, stretch='normal', size='scalable')) = 11.335
DEBUG:matplotlib.font_manager:findfont: score(FontEntry(fname='/usr/share/fonts/truetype/fonts-yrsa-rasa/Yrsa-Medium.ttf', name='Yrsa', style='normal', variant='normal', weight=500, stretch='normal', size='scalable')) = 10.145
DEBUG:matplotlib.font_manager:findfont: score(FontEntry(fname='/usr/share/fonts/truetype/teluguvijayam/TimmanaRegular.ttf', name='Timmana', style='normal', variant='normal', weight=900, stretch='normal', size='scalable')) = 10.525
DEBUG:matplotlib.font_manager:findfont: score(FontEntry(fname='/usr/share/fonts/truetype/tlwg/Laksaman-Bold.ttf', name='Laksaman', style='normal', variant='normal', weight=700, stretch='normal', size='scalable')) = 10.335
DEBUG:matplotlib.font_manager:findfont: score(FontEntry(fname='/usr/share/fonts/truetype/fonts-beng-extra/MitraMono.ttf', name='Mitra ', style='normal', variant='normal', weight=400, stretch='normal', size='scalable')) = 10.05
DEBUG:matplotlib.font_manager:findfont: score(FontEntry(fname='/usr/share/fonts/opentype/urw-base35/C059-Italic.otf', name='C059', style='italic', variant='normal', weight=400, stretch='normal', size='scalable')) = 11.05
DEBUG:matplotlib.font_manager:findfont: score(FontEntry(fname='/usr/share/fonts/truetype/dejavu/DejaVuSerif.ttf', name='DejaVu Serif', style='normal', variant='normal', weight=400, stretch='normal', size='scalable')) = 10.05
DEBUG:matplotlib.font_manager:findfont: score(FontEntry(fname='/usr/share/fonts/truetype/freefont/FreeSerif.ttf', name='FreeSerif', style='normal', variant='normal', weight=400, stretch='normal', size='scalable')) = 10.05
DEBUG:matplotlib.font_manager:findfont: score(FontEntry(fname='/usr/share/fonts/truetype/liberation/LiberationMono-Italic.ttf', name='Liberation Mono', style='italic', variant='normal', weight=400, stretch='normal', size='scalable')) = 11.05
DEBUG:matplotlib.font_manager:findfont: score(FontEntry(fname='/usr/share/fonts/truetype/liberation/LiberationMono-Regular.ttf', name='Liberation Mono', style='normal', variant='normal', weight=400, stretch='normal', size='scalable')) = 10.05
DEBUG:matplotlib.font_manager:findfont: score(FontEntry(fname='/usr/share/fonts/truetype/teluguvijayam/Gidugu.ttf', name='Gidugu', style='normal', variant='normal', weight=400, stretch='normal', size='scalable')) = 10.05
DEBUG:matplotlib.font_manager:findfont: score(FontEntry(fname='/usr/share/fonts/opentype/urw-base35/NimbusMonoPS-Italic.otf', name='Nimbus Mono PS', style='italic', variant='normal', weight=400, stretch='normal', size='scalable')) = 11.05
DEBUG:matplotlib.font_manager:findfont: score(FontEntry(fname='/usr/share/fonts/truetype/ubuntu/Ubuntu-M.ttf', name='Ubuntu', style='normal', variant='normal', weight=500, stretch='normal', size='scalable')) = 10.145
DEBUG:matplotlib.font_manager:findfont: score(FontEntry(fname='/usr/share/fonts/truetype/tlwg/Norasi-Oblique.ttf', name='Norasi', style='oblique', variant='normal', weight=400, stretch='normal', size='scalable')) = 11.05
DEBUG:matplotlib.font_manager:findfont: score(FontEntry(fname='/usr/share/fonts/truetype/tlwg/Loma-BoldOblique.ttf', name='Loma', style='oblique', variant='normal', weight=700, stretch='normal', size='scalable')) = 11.335
DEBUG:matplotlib.font_manager:findfont: score(FontEntry(fname='/usr/share/fonts/truetype/dejavu/DejaVuSerifCondensed.ttf', name='DejaVu Serif', style='normal', variant='normal', weight=400, stretch='condensed', size='scalable')) = 10.25
DEBUG:matplotlib.font_manager:findfont: score(FontEntry(fname='/usr/share/fonts/truetype/freefont/FreeMono.ttf', name='FreeMono', style='normal', variant='normal', weight=400, stretch='normal', size='scalable')) = 10.05
DEBUG:matplotlib.font_manager:findfont: score(FontEntry(fname='/usr/share/fonts/truetype/malayalam/Meera-Regular.ttf', name='Meera', style='normal', variant='normal', weight=400, stretch='normal', size='scalable')) = 10.05
DEBUG:matplotlib.font_manager:findfont: score(FontEntry(fname='/usr/share/fonts/truetype/fonts-yrsa-rasa/Rasa-Regular.ttf', name='Rasa', style='normal', variant='normal', weight=400, stretch='normal', size='scalable')) = 10.05
DEBUG:matplotlib.font_manager:findfont: score(FontEntry(fname='/usr/share/fonts/truetype/liberation2/LiberationMono-BoldItalic.ttf', name='Liberation Mono', style='italic', variant='normal', weight=700, stretch='normal', size='scalable')) = 11.335
DEBUG:matplotlib.font_manager:findfont: score(FontEntry(fname='/usr/share/fonts/truetype/dejavu/DejaVuSans.ttf', name='DejaVu Sans', style='normal', variant='normal', weight=400, stretch='normal', size='scalable')) = 0.05
DEBUG:matplotlib.font_manager:findfont: score(FontEntry(fname='/usr/share/fonts/truetype/ubuntu/Ubuntu-B.ttf', name='Ubuntu', style='normal', variant='normal', weight=700, stretch='normal', size='scalable')) = 10.335
DEBUG:matplotlib.font_manager:findfont: score(FontEntry(fname='/usr/share/fonts/truetype/dejavu/DejaVuSerif-BoldItalic.ttf', name='DejaVu Serif', style='italic', variant='normal', weight=700, stretch='normal', size='scalable')) = 11.335
DEBUG:matplotlib.font_manager:findfont: score(FontEntry(fname='/usr/share/fonts/opentype/urw-base35/NimbusSans-Bold.otf', name='Nimbus Sans', style='normal', variant='normal', weight=700, stretch='normal', size='scalable')) = 10.335
DEBUG:matplotlib.font_manager:findfont: score(FontEntry(fname='/usr/share/fonts/truetype/tlwg/Purisa-Oblique.ttf', name='Purisa', style='oblique', variant='normal', weight=400, stretch='normal', size='scalable')) = 11.05
DEBUG:matplotlib.font_manager:findfont: score(FontEntry(fname='/usr/share/fonts/opentype/urw-base35/D050000L.otf', name='D050000L', style='normal', variant='normal', weight=400, stretch='normal', size='scalable')) = 10.05
DEBUG:matplotlib.font_manager:findfont: score(FontEntry(fname='/usr/share/fonts/truetype/teluguvijayam/SyamalaRamana.ttf', name='Syamala Ramana', style='normal', variant='normal', weight=400, stretch='normal', size='scalable')) = 10.05
DEBUG:matplotlib.font_manager:findfont: score(FontEntry(fname='/usr/share/fonts/truetype/tlwg/TlwgTypist-Bold.ttf', name='Tlwg Typist', style='normal', variant='normal', weight=700, stretch='normal', size='scalable')) = 10.335
DEBUG:matplotlib.font_manager:findfont: score(FontEntry(fname='/usr/share/fonts/truetype/tlwg/TlwgTypo.ttf', name='Tlwg Typo', style='normal', variant='normal', weight=400, stretch='normal', size='scalable')) = 10.05
DEBUG:matplotlib.font_manager:findfont: score(FontEntry(fname='/usr/share/fonts/truetype/ubuntu/Ubuntu-LI.ttf', name='Ubuntu', style='italic', variant='normal', weight=300, stretch='normal', size='scalable')) = 11.145
DEBUG:matplotlib.font_manager:findfont: score(FontEntry(fname='/usr/share/fonts/truetype/libreoffice/opens___.ttf', name='OpenSymbol', style='normal', variant='normal', weight=400, stretch='normal', size='scalable')) = 10.05
DEBUG:matplotlib.font_manager:findfont: score(FontEntry(fname='/usr/share/fonts/truetype/liberation/LiberationSansNarrow-Bold.ttf', name='Liberation Sans Narrow', style='normal', variant='normal', weight=700, stretch='condensed', size='scalable')) = 10.535
DEBUG:matplotlib.font_manager:findfont: score(FontEntry(fname='/usr/share/fonts/truetype/fonts-gujr-extra/padmaa.ttf', name='padmaa', style='normal', variant='normal', weight=500, stretch='normal', size='scalable')) = 10.145
DEBUG:matplotlib.font_manager:findfont: score(FontEntry(fname='/usr/share/fonts/truetype/ttf-khmeros-core/KhmerOS.ttf', name='Khmer OS', style='normal', variant='normal', weight=400, stretch='normal', size='scalable')) = 10.05
DEBUG:matplotlib.font_manager:findfont: score(FontEntry(fname='/usr/share/fonts/truetype/kacst-one/KacstOne.ttf', name='KacstOne', style='normal', variant='normal', weight=400, stretch='normal', size='scalable')) = 10.05
DEBUG:matplotlib.font_manager:findfont: score(FontEntry(fname='/usr/share/fonts/truetype/ubuntu/Ubuntu-L.ttf', name='Ubuntu', style='normal', variant='normal', weight=300, stretch='normal', size='scalable')) = 10.145
DEBUG:matplotlib.font_manager:findfont: score(FontEntry(fname='/usr/share/fonts/truetype/fonts-gujr-extra/aakar-medium.ttf', name='aakar', style='normal', variant='normal', weight=500, stretch='normal', size='scalable')) = 10.145
DEBUG:matplotlib.font_manager:findfont: score(FontEntry(fname='/usr/share/fonts/opentype/malayalam/Manjari-Bold.otf', name='Manjari', style='normal', variant='normal', weight=700, stretch='normal', size='scalable')) = 10.335
DEBUG:matplotlib.font_manager:findfont: score(FontEntry(fname='/usr/share/fonts/truetype/fonts-deva-extra/samanata.ttf', name='Samanata', style='normal', variant='normal', weight=400, stretch='normal', size='scalable')) = 10.05
DEBUG:matplotlib.font_manager:findfont: score(FontEntry(fname='/usr/share/fonts/truetype/noto/NotoMono-Regular.ttf', name='Noto Mono', style='normal', variant='normal', weight=400, stretch='normal', size='scalable')) = 10.05
DEBUG:matplotlib.font_manager:findfont: score(FontEntry(fname='/usr/share/fonts/truetype/teluguvijayam/TenaliRamakrishna-Regular.ttf', name='TenaliRamakrishna', style='normal', variant='normal', weight=400, stretch='normal', size='scalable')) = 10.05
DEBUG:matplotlib.font_manager:findfont: score(FontEntry(fname='/usr/share/fonts/truetype/teluguvijayam/NATS.ttf', name='NATS', style='normal', variant='normal', weight=400, stretch='normal', size='scalable')) = 10.05
DEBUG:matplotlib.font_manager:findfont: score(FontEntry(fname='/usr/share/fonts/truetype/freefont/FreeMonoBold.ttf', name='FreeMono', style='normal', variant='normal', weight=700, stretch='normal', size='scalable')) = 10.335
DEBUG:matplotlib.font_manager:findfont: score(FontEntry(fname='/usr/share/fonts/truetype/liberation/LiberationSansNarrow-Regular.ttf', name='Liberation Sans Narrow', style='normal', variant='normal', weight=400, stretch='condensed', size='scalable')) = 10.25
DEBUG:matplotlib.font_manager:findfont: score(FontEntry(fname='/usr/share/fonts/truetype/tlwg/Umpush-BoldOblique.ttf', name='Umpush', style='oblique', variant='normal', weight=700, stretch='normal', size='scalable')) = 11.335
DEBUG:matplotlib.font_manager:findfont: score(FontEntry(fname='/usr/share/fonts/truetype/freefont/FreeSerifItalic.ttf', name='FreeSerif', style='italic', variant='normal', weight=400, stretch='normal', size='scalable')) = 11.05
DEBUG:matplotlib.font_manager:findfont: score(FontEntry(fname='/usr/share/fonts/truetype/tlwg/Kinnari-BoldItalic.ttf', name='Kinnari', style='italic', variant='normal', weight=700, stretch='normal', size='scalable')) = 11.335
DEBUG:matplotlib.font_manager:findfont: score(FontEntry(fname='/usr/share/fonts/truetype/ubuntu/UbuntuMono-BI.ttf', name='Ubuntu Mono', style='italic', variant='normal', weight=700, stretch='normal', size='scalable')) = 11.335
DEBUG:matplotlib.font_manager:findfont: score(FontEntry(fname='/usr/share/fonts/truetype/teluguvijayam/Peddana-Regular.ttf', name='Peddana', style='normal', variant='normal', weight=400, stretch='normal', size='scalable')) = 10.05
DEBUG:matplotlib.font_manager:findfont: score(FontEntry(fname='/usr/share/fonts/truetype/lohit-kannada/Lohit-Kannada.ttf', name='Lohit Kannada', style='normal', variant='normal', weight=400, stretch='normal', size='scalable')) = 10.05
DEBUG:matplotlib.font_manager:findfont: score(FontEntry(fname='/usr/share/fonts/truetype/tlwg/TlwgTypewriter-Bold.ttf', name='Tlwg Typewriter', style='normal', variant='normal', weight=700, stretch='normal', size='scalable')) = 10.335
DEBUG:matplotlib.font_manager:findfont: score(FontEntry(fname='/usr/share/fonts/truetype/liberation/LiberationSansNarrow-BoldItalic.ttf', name='Liberation Sans Narrow', style='italic', variant='normal', weight=700, stretch='condensed', size='scalable')) = 11.535
DEBUG:matplotlib.font_manager:findfont: score(FontEntry(fname='/usr/share/fonts/truetype/kacst/KacstFarsi.ttf', name='KacstFarsi', style='normal', variant='normal', weight=500, stretch='normal', size='scalable')) = 10.145
DEBUG:matplotlib.font_manager:findfont: score(FontEntry(fname='/usr/share/fonts/truetype/ttf-khmeros-core/KhmerOSsys.ttf', name='Khmer OS System', style='normal', variant='normal', weight=400, stretch='normal', size='scalable')) = 10.05
DEBUG:matplotlib.font_manager:findfont: score(FontEntry(fname='/usr/share/fonts/truetype/dejavu/DejaVuSerif-Bold.ttf', name='DejaVu Serif', style='normal', variant='normal', weight=700, stretch='normal', size='scalable')) = 10.335
DEBUG:matplotlib.font_manager:findfont: score(FontEntry(fname='/usr/share/fonts/truetype/liberation2/LiberationSans-Italic.ttf', name='Liberation Sans', style='italic', variant='normal', weight=400, stretch='normal', size='scalable')) = 11.05
DEBUG:matplotlib.font_manager:findfont: score(FontEntry(fname='/usr/share/fonts/opentype/malayalam/Manjari-Regular.otf', name='Manjari', style='normal', variant='normal', weight=400, stretch='normal', size='scalable')) = 10.05
DEBUG:matplotlib.font_manager:findfont: score(FontEntry(fname='/usr/share/fonts/truetype/kacst/KacstPen.ttf', name='KacstPen', style='normal', variant='normal', weight=500, stretch='normal', size='scalable')) = 10.145
DEBUG:matplotlib.font_manager:findfont: score(FontEntry(fname='/usr/share/fonts/truetype/liberation/LiberationSans-Regular.ttf', name='Liberation Sans', style='normal', variant='normal', weight=400, stretch='normal', size='scalable')) = 10.05
DEBUG:matplotlib.font_manager:findfont: score(FontEntry(fname='/usr/share/fonts/truetype/malayalam/Keraleeyam-Regular.ttf', name='Keraleeyam', style='normal', variant='normal', weight=400, stretch='normal', size='scalable')) = 10.05
DEBUG:matplotlib.font_manager:findfont: score(FontEntry(fname='/usr/share/fonts/opentype/urw-base35/NimbusSansNarrow-Oblique.otf', name='Nimbus Sans Narrow', style='oblique', variant='normal', weight=400, stretch='condensed', size='scalable')) = 11.25
DEBUG:matplotlib.font_manager:findfont: score(FontEntry(fname='/usr/share/fonts/truetype/freefont/FreeSerifBold.ttf', name='FreeSerif', style='normal', variant='normal', weight=700, stretch='normal', size='scalable')) = 10.335
DEBUG:matplotlib.font_manager:findfont: score(FontEntry(fname='/usr/share/fonts/truetype/malayalam/Dyuthi-Regular.ttf', name='Dyuthi', style='normal', variant='normal', weight=400, stretch='normal', size='scalable')) = 10.05
DEBUG:matplotlib.font_manager:findfont: score(FontEntry(fname='/usr/share/fonts/opentype/urw-base35/P052-BoldItalic.otf', name='P052', style='italic', variant='normal', weight=700, stretch='normal', size='scalable')) = 11.335
DEBUG:matplotlib.font_manager:findfont: score(FontEntry(fname='/usr/share/fonts/truetype/tlwg/Purisa.ttf', name='Purisa', style='normal', variant='normal', weight=400, stretch='normal', size='scalable')) = 10.05
DEBUG:matplotlib.font_manager:findfont: score(FontEntry(fname='/usr/share/fonts/truetype/liberation2/LiberationSerif-Italic.ttf', name='Liberation Serif', style='italic', variant='normal', weight=400, stretch='normal', size='scalable')) = 11.05
DEBUG:matplotlib.font_manager:findfont: score(FontEntry(fname='/usr/share/fonts/truetype/noto/NotoSansMono-Regular.ttf', name='Noto Sans Mono', style='normal', variant='normal', weight=400, stretch='normal', size='scalable')) = 10.05
DEBUG:matplotlib.font_manager:findfont: score(FontEntry(fname='/usr/share/fonts/truetype/tlwg/TlwgTypewriter-Oblique.ttf', name='Tlwg Typewriter', style='oblique', variant='normal', weight=400, stretch='normal', size='scalable')) = 11.05
DEBUG:matplotlib.font_manager:findfont: score(FontEntry(fname='/usr/share/fonts/truetype/pagul/Pagul.ttf', name='Pagul', style='normal', variant='normal', weight=400, stretch='normal', size='scalable')) = 10.05
DEBUG:matplotlib.font_manager:findfont: score(FontEntry(fname='/usr/share/fonts/truetype/Navilu/Navilu.ttf', name='Navilu', style='normal', variant='normal', weight=400, stretch='normal', size='scalable')) = 10.05
DEBUG:matplotlib.font_manager:findfont: score(FontEntry(fname='/usr/share/fonts/truetype/kacst/KacstTitle.ttf', name='KacstTitle', style='normal', variant='normal', weight=500, stretch='normal', size='scalable')) = 10.145
DEBUG:matplotlib.font_manager:findfont: score(FontEntry(fname='/usr/share/fonts/truetype/dejavu/DejaVuMathTeXGyre.ttf', name='DejaVu Math TeX Gyre', style='normal', variant='normal', weight=400, stretch='normal', size='scalable')) = 10.05
DEBUG:matplotlib.font_manager:findfont: score(FontEntry(fname='/usr/share/fonts/opentype/urw-base35/Z003-MediumItalic.otf', name='Z003', style='italic', variant='normal', weight=500, stretch='normal', size='scalable')) = 11.145
DEBUG:matplotlib.font_manager:findfont: score(FontEntry(fname='/usr/share/fonts/opentype/urw-base35/URWBookman-DemiItalic.otf', name='URW Bookman', style='italic', variant='normal', weight=600, stretch='normal', size='scalable')) = 11.24
DEBUG:matplotlib.font_manager:findfont: score(FontEntry(fname='/usr/share/fonts/opentype/noto/NotoSansCJK-Bold.ttc', name='Noto Sans CJK JP', style='normal', variant='normal', weight=700, stretch='normal', size='scalable')) = 10.335
DEBUG:matplotlib.font_manager:findfont: score(FontEntry(fname='/usr/share/fonts/truetype/tlwg/Waree-Oblique.ttf', name='Waree', style='oblique', variant='normal', weight=400, stretch='normal', size='scalable')) = 11.05
DEBUG:matplotlib.font_manager:findfont: score(FontEntry(fname='/usr/share/fonts/truetype/dejavu/DejaVuSerifCondensed-Italic.ttf', name='DejaVu Serif', style='italic', variant='normal', weight=400, stretch='condensed', size='scalable')) = 11.25
DEBUG:matplotlib.font_manager:findfont: score(FontEntry(fname='/usr/share/fonts/truetype/tlwg/Kinnari-BoldOblique.ttf', name='Kinnari', style='oblique', variant='normal', weight=700, stretch='normal', size='scalable')) = 11.335
DEBUG:matplotlib.font_manager:findfont: score(FontEntry(fname='/usr/share/fonts/truetype/noto/NotoSansMono-Bold.ttf', name='Noto Sans Mono', style='normal', variant='normal', weight=700, stretch='normal', size='scalable')) = 10.335
DEBUG:matplotlib.font_manager:findfont: score(FontEntry(fname='/usr/share/fonts/truetype/kacst/KacstPoster.ttf', name='KacstPoster', style='normal', variant='normal', weight=500, stretch='normal', size='scalable')) = 10.145
DEBUG:matplotlib.font_manager:findfont: score(FontEntry(fname='/usr/share/fonts/truetype/tlwg/Waree-BoldOblique.ttf', name='Waree', style='oblique', variant='normal', weight=700, stretch='normal', size='scalable')) = 11.335
DEBUG:matplotlib.font_manager:findfont: score(FontEntry(fname='/usr/share/fonts/truetype/padauk/Padauk-Regular.ttf', name='Padauk', style='normal', variant='normal', weight=400, stretch='normal', size='scalable')) = 10.05
DEBUG:matplotlib.font_manager:findfont: Matching sans\-serif:style=normal:variant=normal:weight=normal:stretch=normal:size=10.0 to DejaVu Sans ('/home/tntiniak/Work/PhysiCell-Studios/PhysiCell-Studio/env/lib/python3.10/site-packages/matplotlib/mpl-data/fonts/ttf/DejaVuSans.ttf') with score of 0.050000.
DEBUG:matplotlib.colorbar:locator: <matplotlib.ticker.AutoLocator object at 0x77bfc01b54b0>
DEBUG:matplotlib.font_manager:findfont: Matching sans\-serif:style=normal:variant=normal:weight=normal:stretch=normal:size=9.0.
DEBUG:matplotlib.font_manager:findfont: score(FontEntry(fname='/home/tntiniak/Work/PhysiCell-Studios/PhysiCell-Studio/env/lib/python3.10/site-packages/matplotlib/mpl-data/fonts/ttf/cmr10.ttf', name='cmr10', style='normal', variant='normal', weight=400, stretch='normal', size='scalable')) = 10.05
DEBUG:matplotlib.font_manager:findfont: score(FontEntry(fname='/home/tntiniak/Work/PhysiCell-Studios/PhysiCell-Studio/env/lib/python3.10/site-packages/matplotlib/mpl-data/fonts/ttf/DejaVuSerif-Bold.ttf', name='DejaVu Serif', style='normal', variant='normal', weight=700, stretch='normal', size='scalable')) = 10.335
DEBUG:matplotlib.font_manager:findfont: score(FontEntry(fname='/home/tntiniak/Work/PhysiCell-Studios/PhysiCell-Studio/env/lib/python3.10/site-packages/matplotlib/mpl-data/fonts/ttf/STIXNonUniIta.ttf', name='STIXNonUnicode', style='italic', variant='normal', weight=400, stretch='normal', size='scalable')) = 11.05
DEBUG:matplotlib.font_manager:findfont: score(FontEntry(fname='/home/tntiniak/Work/PhysiCell-Studios/PhysiCell-Studio/env/lib/python3.10/site-packages/matplotlib/mpl-data/fonts/ttf/DejaVuSansMono-Bold.ttf', name='DejaVu Sans Mono', style='normal', variant='normal', weight=700, stretch='normal', size='scalable')) = 10.335
DEBUG:matplotlib.font_manager:findfont: score(FontEntry(fname='/home/tntiniak/Work/PhysiCell-Studios/PhysiCell-Studio/env/lib/python3.10/site-packages/matplotlib/mpl-data/fonts/ttf/DejaVuSerif-Italic.ttf', name='DejaVu Serif', style='italic', variant='normal', weight=400, stretch='normal', size='scalable')) = 11.05
DEBUG:matplotlib.font_manager:findfont: score(FontEntry(fname='/home/tntiniak/Work/PhysiCell-Studios/PhysiCell-Studio/env/lib/python3.10/site-packages/matplotlib/mpl-data/fonts/ttf/STIXSizFourSymBol.ttf', name='STIXSizeFourSym', style='normal', variant='normal', weight=700, stretch='normal', size='scalable')) = 10.335
DEBUG:matplotlib.font_manager:findfont: score(FontEntry(fname='/home/tntiniak/Work/PhysiCell-Studios/PhysiCell-Studio/env/lib/python3.10/site-packages/matplotlib/mpl-data/fonts/ttf/STIXGeneralItalic.ttf', name='STIXGeneral', style='italic', variant='normal', weight=400, stretch='normal', size='scalable')) = 11.05
DEBUG:matplotlib.font_manager:findfont: score(FontEntry(fname='/home/tntiniak/Work/PhysiCell-Studios/PhysiCell-Studio/env/lib/python3.10/site-packages/matplotlib/mpl-data/fonts/ttf/STIXSizFourSymReg.ttf', name='STIXSizeFourSym', style='normal', variant='normal', weight=400, stretch='normal', size='scalable')) = 10.05
DEBUG:matplotlib.font_manager:findfont: score(FontEntry(fname='/home/tntiniak/Work/PhysiCell-Studios/PhysiCell-Studio/env/lib/python3.10/site-packages/matplotlib/mpl-data/fonts/ttf/STIXSizThreeSymReg.ttf', name='STIXSizeThreeSym', style='normal', variant='normal', weight=400, stretch='normal', size='scalable')) = 10.05
DEBUG:matplotlib.font_manager:findfont: score(FontEntry(fname='/home/tntiniak/Work/PhysiCell-Studios/PhysiCell-Studio/env/lib/python3.10/site-packages/matplotlib/mpl-data/fonts/ttf/cmtt10.ttf', name='cmtt10', style='normal', variant='normal', weight=400, stretch='normal', size='scalable')) = 10.05
DEBUG:matplotlib.font_manager:findfont: score(FontEntry(fname='/home/tntiniak/Work/PhysiCell-Studios/PhysiCell-Studio/env/lib/python3.10/site-packages/matplotlib/mpl-data/fonts/ttf/DejaVuSans-BoldOblique.ttf', name='DejaVu Sans', style='oblique', variant='normal', weight=700, stretch='normal', size='scalable')) = 1.335
DEBUG:matplotlib.font_manager:findfont: score(FontEntry(fname='/home/tntiniak/Work/PhysiCell-Studios/PhysiCell-Studio/env/lib/python3.10/site-packages/matplotlib/mpl-data/fonts/ttf/STIXSizFiveSymReg.ttf', name='STIXSizeFiveSym', style='normal', variant='normal', weight=400, stretch='normal', size='scalable')) = 10.05
DEBUG:matplotlib.font_manager:findfont: score(FontEntry(fname='/home/tntiniak/Work/PhysiCell-Studios/PhysiCell-Studio/env/lib/python3.10/site-packages/matplotlib/mpl-data/fonts/ttf/STIXSizTwoSymBol.ttf', name='STIXSizeTwoSym', style='normal', variant='normal', weight=700, stretch='normal', size='scalable')) = 10.335
DEBUG:matplotlib.font_manager:findfont: score(FontEntry(fname='/home/tntiniak/Work/PhysiCell-Studios/PhysiCell-Studio/env/lib/python3.10/site-packages/matplotlib/mpl-data/fonts/ttf/cmsy10.ttf', name='cmsy10', style='normal', variant='normal', weight=400, stretch='normal', size='scalable')) = 10.05
DEBUG:matplotlib.font_manager:findfont: score(FontEntry(fname='/home/tntiniak/Work/PhysiCell-Studios/PhysiCell-Studio/env/lib/python3.10/site-packages/matplotlib/mpl-data/fonts/ttf/STIXGeneralBolIta.ttf', name='STIXGeneral', style='italic', variant='normal', weight=700, stretch='normal', size='scalable')) = 11.335
DEBUG:matplotlib.font_manager:findfont: score(FontEntry(fname='/home/tntiniak/Work/PhysiCell-Studios/PhysiCell-Studio/env/lib/python3.10/site-packages/matplotlib/mpl-data/fonts/ttf/cmb10.ttf', name='cmb10', style='normal', variant='normal', weight=400, stretch='normal', size='scalable')) = 10.05
DEBUG:matplotlib.font_manager:findfont: score(FontEntry(fname='/home/tntiniak/Work/PhysiCell-Studios/PhysiCell-Studio/env/lib/python3.10/site-packages/matplotlib/mpl-data/fonts/ttf/STIXGeneral.ttf', name='STIXGeneral', style='normal', variant='normal', weight=400, stretch='normal', size='scalable')) = 10.05
DEBUG:matplotlib.font_manager:findfont: score(FontEntry(fname='/home/tntiniak/Work/PhysiCell-Studios/PhysiCell-Studio/env/lib/python3.10/site-packages/matplotlib/mpl-data/fonts/ttf/DejaVuSansDisplay.ttf', name='DejaVu Sans Display', style='normal', variant='normal', weight=400, stretch='normal', size='scalable')) = 10.05
DEBUG:matplotlib.font_manager:findfont: score(FontEntry(fname='/home/tntiniak/Work/PhysiCell-Studios/PhysiCell-Studio/env/lib/python3.10/site-packages/matplotlib/mpl-data/fonts/ttf/STIXNonUniBolIta.ttf', name='STIXNonUnicode', style='italic', variant='normal', weight=700, stretch='normal', size='scalable')) = 11.335
DEBUG:matplotlib.font_manager:findfont: score(FontEntry(fname='/home/tntiniak/Work/PhysiCell-Studios/PhysiCell-Studio/env/lib/python3.10/site-packages/matplotlib/mpl-data/fonts/ttf/DejaVuSansMono-Oblique.ttf', name='DejaVu Sans Mono', style='oblique', variant='normal', weight=400, stretch='normal', size='scalable')) = 11.05
DEBUG:matplotlib.font_manager:findfont: score(FontEntry(fname='/home/tntiniak/Work/PhysiCell-Studios/PhysiCell-Studio/env/lib/python3.10/site-packages/matplotlib/mpl-data/fonts/ttf/DejaVuSansMono-BoldOblique.ttf', name='DejaVu Sans Mono', style='oblique', variant='normal', weight=700, stretch='normal', size='scalable')) = 11.335
DEBUG:matplotlib.font_manager:findfont: score(FontEntry(fname='/home/tntiniak/Work/PhysiCell-Studios/PhysiCell-Studio/env/lib/python3.10/site-packages/matplotlib/mpl-data/fonts/ttf/DejaVuSansMono.ttf', name='DejaVu Sans Mono', style='normal', variant='normal', weight=400, stretch='normal', size='scalable')) = 10.05
DEBUG:matplotlib.font_manager:findfont: score(FontEntry(fname='/home/tntiniak/Work/PhysiCell-Studios/PhysiCell-Studio/env/lib/python3.10/site-packages/matplotlib/mpl-data/fonts/ttf/cmss10.ttf', name='cmss10', style='normal', variant='normal', weight=400, stretch='normal', size='scalable')) = 10.05
DEBUG:matplotlib.font_manager:findfont: score(FontEntry(fname='/home/tntiniak/Work/PhysiCell-Studios/PhysiCell-Studio/env/lib/python3.10/site-packages/matplotlib/mpl-data/fonts/ttf/STIXGeneralBol.ttf', name='STIXGeneral', style='normal', variant='normal', weight=700, stretch='normal', size='scalable')) = 10.335
DEBUG:matplotlib.font_manager:findfont: score(FontEntry(fname='/home/tntiniak/Work/PhysiCell-Studios/PhysiCell-Studio/env/lib/python3.10/site-packages/matplotlib/mpl-data/fonts/ttf/STIXSizOneSymBol.ttf', name='STIXSizeOneSym', style='normal', variant='normal', weight=700, stretch='normal', size='scalable')) = 10.335
DEBUG:matplotlib.font_manager:findfont: score(FontEntry(fname='/home/tntiniak/Work/PhysiCell-Studios/PhysiCell-Studio/env/lib/python3.10/site-packages/matplotlib/mpl-data/fonts/ttf/STIXSizThreeSymBol.ttf', name='STIXSizeThreeSym', style='normal', variant='normal', weight=700, stretch='normal', size='scalable')) = 10.335
DEBUG:matplotlib.font_manager:findfont: score(FontEntry(fname='/home/tntiniak/Work/PhysiCell-Studios/PhysiCell-Studio/env/lib/python3.10/site-packages/matplotlib/mpl-data/fonts/ttf/DejaVuSans-Oblique.ttf', name='DejaVu Sans', style='oblique', variant='normal', weight=400, stretch='normal', size='scalable')) = 1.05
DEBUG:matplotlib.font_manager:findfont: score(FontEntry(fname='/home/tntiniak/Work/PhysiCell-Studios/PhysiCell-Studio/env/lib/python3.10/site-packages/matplotlib/mpl-data/fonts/ttf/DejaVuSans-Bold.ttf', name='DejaVu Sans', style='normal', variant='normal', weight=700, stretch='normal', size='scalable')) = 0.33499999999999996
DEBUG:matplotlib.font_manager:findfont: score(FontEntry(fname='/home/tntiniak/Work/PhysiCell-Studios/PhysiCell-Studio/env/lib/python3.10/site-packages/matplotlib/mpl-data/fonts/ttf/STIXNonUniBol.ttf', name='STIXNonUnicode', style='normal', variant='normal', weight=700, stretch='normal', size='scalable')) = 10.335
DEBUG:matplotlib.font_manager:findfont: score(FontEntry(fname='/home/tntiniak/Work/PhysiCell-Studios/PhysiCell-Studio/env/lib/python3.10/site-packages/matplotlib/mpl-data/fonts/ttf/DejaVuSerif-BoldItalic.ttf', name='DejaVu Serif', style='italic', variant='normal', weight=700, stretch='normal', size='scalable')) = 11.335
DEBUG:matplotlib.font_manager:findfont: score(FontEntry(fname='/home/tntiniak/Work/PhysiCell-Studios/PhysiCell-Studio/env/lib/python3.10/site-packages/matplotlib/mpl-data/fonts/ttf/STIXSizTwoSymReg.ttf', name='STIXSizeTwoSym', style='normal', variant='normal', weight=400, stretch='normal', size='scalable')) = 10.05
DEBUG:matplotlib.font_manager:findfont: score(FontEntry(fname='/home/tntiniak/Work/PhysiCell-Studios/PhysiCell-Studio/env/lib/python3.10/site-packages/matplotlib/mpl-data/fonts/ttf/DejaVuSans.ttf', name='DejaVu Sans', style='normal', variant='normal', weight=400, stretch='normal', size='scalable')) = 0.05
DEBUG:matplotlib.font_manager:findfont: score(FontEntry(fname='/home/tntiniak/Work/PhysiCell-Studios/PhysiCell-Studio/env/lib/python3.10/site-packages/matplotlib/mpl-data/fonts/ttf/cmmi10.ttf', name='cmmi10', style='normal', variant='normal', weight=400, stretch='normal', size='scalable')) = 10.05
DEBUG:matplotlib.font_manager:findfont: score(FontEntry(fname='/home/tntiniak/Work/PhysiCell-Studios/PhysiCell-Studio/env/lib/python3.10/site-packages/matplotlib/mpl-data/fonts/ttf/DejaVuSerifDisplay.ttf', name='DejaVu Serif Display', style='normal', variant='normal', weight=400, stretch='normal', size='scalable')) = 10.05
DEBUG:matplotlib.font_manager:findfont: score(FontEntry(fname='/home/tntiniak/Work/PhysiCell-Studios/PhysiCell-Studio/env/lib/python3.10/site-packages/matplotlib/mpl-data/fonts/ttf/STIXSizOneSymReg.ttf', name='STIXSizeOneSym', style='normal', variant='normal', weight=400, stretch='normal', size='scalable')) = 10.05
DEBUG:matplotlib.font_manager:findfont: score(FontEntry(fname='/home/tntiniak/Work/PhysiCell-Studios/PhysiCell-Studio/env/lib/python3.10/site-packages/matplotlib/mpl-data/fonts/ttf/STIXNonUni.ttf', name='STIXNonUnicode', style='normal', variant='normal', weight=400, stretch='normal', size='scalable')) = 10.05
DEBUG:matplotlib.font_manager:findfont: score(FontEntry(fname='/home/tntiniak/Work/PhysiCell-Studios/PhysiCell-Studio/env/lib/python3.10/site-packages/matplotlib/mpl-data/fonts/ttf/cmex10.ttf', name='cmex10', style='normal', variant='normal', weight=400, stretch='normal', size='scalable')) = 10.05
DEBUG:matplotlib.font_manager:findfont: score(FontEntry(fname='/home/tntiniak/Work/PhysiCell-Studios/PhysiCell-Studio/env/lib/python3.10/site-packages/matplotlib/mpl-data/fonts/ttf/DejaVuSerif.ttf', name='DejaVu Serif', style='normal', variant='normal', weight=400, stretch='normal', size='scalable')) = 10.05
DEBUG:matplotlib.font_manager:findfont: score(FontEntry(fname='/usr/share/fonts/opentype/urw-base35/NimbusSansNarrow-Regular.otf', name='Nimbus Sans Narrow', style='normal', variant='normal', weight=400, stretch='condensed', size='scalable')) = 10.25
DEBUG:matplotlib.font_manager:findfont: score(FontEntry(fname='/usr/share/fonts/truetype/liberation2/LiberationSans-Regular.ttf', name='Liberation Sans', style='normal', variant='normal', weight=400, stretch='normal', size='scalable')) = 10.05
DEBUG:matplotlib.font_manager:findfont: score(FontEntry(fname='/usr/share/fonts/truetype/liberation/LiberationSerif-Regular.ttf', name='Liberation Serif', style='normal', variant='normal', weight=400, stretch='normal', size='scalable')) = 10.05
DEBUG:matplotlib.font_manager:findfont: score(FontEntry(fname='/usr/share/fonts/truetype/tlwg/Norasi-Italic.ttf', name='Norasi', style='italic', variant='normal', weight=400, stretch='normal', size='scalable')) = 11.05
DEBUG:matplotlib.font_manager:findfont: score(FontEntry(fname='/usr/share/fonts/truetype/fonts-telu-extra/vemana2000.ttf', name='Vemana2000', style='normal', variant='normal', weight=400, stretch='normal', size='scalable')) = 10.05
DEBUG:matplotlib.font_manager:findfont: score(FontEntry(fname='/usr/share/fonts/truetype/tlwg/TlwgMono-Bold.ttf', name='Tlwg Mono', style='normal', variant='normal', weight=700, stretch='normal', size='scalable')) = 10.335
DEBUG:matplotlib.font_manager:findfont: score(FontEntry(fname='/usr/share/fonts/truetype/fonts-yrsa-rasa/Yrsa-SemiBold.ttf', name='Yrsa', style='normal', variant='normal', weight=600, stretch='normal', size='scalable')) = 10.24
DEBUG:matplotlib.font_manager:findfont: score(FontEntry(fname='/usr/share/fonts/truetype/lohit-devanagari/Lohit-Devanagari.ttf', name='Lohit Devanagari', style='normal', variant='normal', weight=400, stretch='normal', size='scalable')) = 10.05
DEBUG:matplotlib.font_manager:findfont: score(FontEntry(fname='/usr/share/fonts/truetype/tlwg/TlwgTypist-Oblique.ttf', name='Tlwg Typist', style='oblique', variant='normal', weight=400, stretch='normal', size='scalable')) = 11.05
DEBUG:matplotlib.font_manager:findfont: score(FontEntry(fname='/usr/share/fonts/truetype/ubuntu/Ubuntu-R.ttf', name='Ubuntu', style='normal', variant='normal', weight=400, stretch='normal', size='scalable')) = 10.05
DEBUG:matplotlib.font_manager:findfont: score(FontEntry(fname='/usr/share/fonts/truetype/samyak/Samyak-Devanagari.ttf', name='Samyak Devanagari', style='normal', variant='normal', weight=500, stretch='normal', size='scalable')) = 10.145
DEBUG:matplotlib.font_manager:findfont: score(FontEntry(fname='/usr/share/fonts/truetype/tlwg/Laksaman-Italic.ttf', name='Laksaman', style='italic', variant='normal', weight=400, stretch='normal', size='scalable')) = 11.05
DEBUG:matplotlib.font_manager:findfont: score(FontEntry(fname='/usr/share/fonts/truetype/teluguvijayam/dhurjati.ttf', name='Dhurjati', style='normal', variant='normal', weight=400, stretch='normal', size='scalable')) = 10.05
DEBUG:matplotlib.font_manager:findfont: score(FontEntry(fname='/usr/share/fonts/truetype/tlwg/Umpush.ttf', name='Umpush', style='normal', variant='normal', weight=400, stretch='normal', size='scalable')) = 10.05
DEBUG:matplotlib.font_manager:findfont: score(FontEntry(fname='/usr/share/fonts/opentype/urw-base35/C059-Bold.otf', name='C059', style='normal', variant='normal', weight=700, stretch='normal', size='scalable')) = 10.335
DEBUG:matplotlib.font_manager:findfont: score(FontEntry(fname='/usr/share/fonts/truetype/tlwg/Garuda-BoldOblique.ttf', name='Garuda', style='oblique', variant='normal', weight=700, stretch='normal', size='scalable')) = 11.335
DEBUG:matplotlib.font_manager:findfont: score(FontEntry(fname='/usr/share/fonts/opentype/urw-base35/P052-Roman.otf', name='P052', style='normal', variant='normal', weight=400, stretch='normal', size='scalable')) = 10.05
DEBUG:matplotlib.font_manager:findfont: score(FontEntry(fname='/usr/share/fonts/opentype/urw-base35/NimbusSans-Italic.otf', name='Nimbus Sans', style='italic', variant='normal', weight=400, stretch='normal', size='scalable')) = 11.05
DEBUG:matplotlib.font_manager:findfont: score(FontEntry(fname='/usr/share/fonts/truetype/tlwg/Sawasdee-Bold.ttf', name='Sawasdee', style='normal', variant='normal', weight=700, stretch='normal', size='scalable')) = 10.335
DEBUG:matplotlib.font_manager:findfont: score(FontEntry(fname='/usr/share/fonts/truetype/tlwg/Umpush-Light.ttf', name='Umpush', style='normal', variant='normal', weight=300, stretch='normal', size='scalable')) = 10.145
DEBUG:matplotlib.font_manager:findfont: score(FontEntry(fname='/usr/share/fonts/truetype/kacst/KacstLetter.ttf', name='KacstLetter', style='normal', variant='normal', weight=500, stretch='normal', size='scalable')) = 10.145
DEBUG:matplotlib.font_manager:findfont: score(FontEntry(fname='/usr/share/fonts/truetype/liberation2/LiberationSerif-BoldItalic.ttf', name='Liberation Serif', style='italic', variant='normal', weight=700, stretch='normal', size='scalable')) = 11.335
DEBUG:matplotlib.font_manager:findfont: score(FontEntry(fname='/usr/share/fonts/truetype/malayalam/Karumbi-Regular.ttf', name='Karumbi', style='normal', variant='normal', weight=400, stretch='normal', size='scalable')) = 10.05
DEBUG:matplotlib.font_manager:findfont: score(FontEntry(fname='/usr/share/fonts/opentype/urw-base35/URWGothic-BookOblique.otf', name='URW Gothic', style='oblique', variant='normal', weight=400, stretch='normal', size='scalable')) = 11.05
DEBUG:matplotlib.font_manager:findfont: score(FontEntry(fname='/usr/share/fonts/truetype/dejavu/DejaVuSerifCondensed-Bold.ttf', name='DejaVu Serif', style='normal', variant='normal', weight=700, stretch='condensed', size='scalable')) = 10.535
DEBUG:matplotlib.font_manager:findfont: score(FontEntry(fname='/usr/share/fonts/truetype/ubuntu/Ubuntu-MI.ttf', name='Ubuntu', style='italic', variant='normal', weight=500, stretch='normal', size='scalable')) = 11.145
DEBUG:matplotlib.font_manager:findfont: score(FontEntry(fname='/usr/share/fonts/truetype/Sahadeva/sahadeva.ttf', name='Sahadeva', style='normal', variant='normal', weight=400, stretch='normal', size='scalable')) = 10.05
DEBUG:matplotlib.font_manager:findfont: score(FontEntry(fname='/usr/share/fonts/truetype/kacst/KacstOffice.ttf', name='KacstOffice', style='normal', variant='normal', weight=500, stretch='normal', size='scalable')) = 10.145
DEBUG:matplotlib.font_manager:findfont: score(FontEntry(fname='/usr/share/fonts/truetype/samyak-fonts/Samyak-Tamil.ttf', name='Samyak Tamil', style='normal', variant='normal', weight=500, stretch='normal', size='scalable')) = 10.145
DEBUG:matplotlib.font_manager:findfont: score(FontEntry(fname='/usr/share/fonts/truetype/kacst/KacstQurn.ttf', name='KacstQurn', style='normal', variant='normal', weight=400, stretch='normal', size='scalable')) = 10.05
DEBUG:matplotlib.font_manager:findfont: score(FontEntry(fname='/usr/share/fonts/opentype/urw-base35/URWBookman-Light.otf', name='URW Bookman', style='normal', variant='normal', weight=300, stretch='normal', size='scalable')) = 10.145
DEBUG:matplotlib.font_manager:findfont: score(FontEntry(fname='/usr/share/fonts/truetype/tlwg/TlwgTypo-BoldOblique.ttf', name='Tlwg Typo', style='oblique', variant='normal', weight=700, stretch='normal', size='scalable')) = 11.335
DEBUG:matplotlib.font_manager:findfont: score(FontEntry(fname='/usr/share/fonts/truetype/tlwg/Kinnari-Oblique.ttf', name='Kinnari', style='oblique', variant='normal', weight=400, stretch='normal', size='scalable')) = 11.05
DEBUG:matplotlib.font_manager:findfont: score(FontEntry(fname='/usr/share/fonts/truetype/tlwg/Loma-Oblique.ttf', name='Loma', style='oblique', variant='normal', weight=400, stretch='normal', size='scalable')) = 11.05
DEBUG:matplotlib.font_manager:findfont: score(FontEntry(fname='/usr/share/fonts/truetype/Sarai/Sarai.ttf', name='Sarai', style='normal', variant='normal', weight=400, stretch='normal', size='scalable')) = 10.05
DEBUG:matplotlib.font_manager:findfont: score(FontEntry(fname='/usr/share/fonts/truetype/sinhala/lklug.ttf', name='LKLUG', style='normal', variant='normal', weight=400, stretch='normal', size='scalable')) = 10.05
DEBUG:matplotlib.font_manager:findfont: score(FontEntry(fname='/usr/share/fonts/truetype/liberation/LiberationSans-Italic.ttf', name='Liberation Sans', style='italic', variant='normal', weight=400, stretch='normal', size='scalable')) = 11.05
DEBUG:matplotlib.font_manager:findfont: score(FontEntry(fname='/usr/share/fonts/truetype/tlwg/Purisa-BoldOblique.ttf', name='Purisa', style='oblique', variant='normal', weight=700, stretch='normal', size='scalable')) = 11.335
DEBUG:matplotlib.font_manager:findfont: score(FontEntry(fname='/usr/share/fonts/truetype/liberation/LiberationSans-Bold.ttf', name='Liberation Sans', style='normal', variant='normal', weight=700, stretch='normal', size='scalable')) = 10.335
DEBUG:matplotlib.font_manager:findfont: score(FontEntry(fname='/usr/share/fonts/truetype/tlwg/Norasi-BoldItalic.ttf', name='Norasi', style='italic', variant='normal', weight=700, stretch='normal', size='scalable')) = 11.335
DEBUG:matplotlib.font_manager:findfont: score(FontEntry(fname='/usr/share/fonts/opentype/urw-base35/NimbusSans-Regular.otf', name='Nimbus Sans', style='normal', variant='normal', weight=400, stretch='normal', size='scalable')) = 10.05
DEBUG:matplotlib.font_manager:findfont: score(FontEntry(fname='/usr/share/fonts/truetype/tlwg/TlwgTypo-Bold.ttf', name='Tlwg Typo', style='normal', variant='normal', weight=700, stretch='normal', size='scalable')) = 10.335
DEBUG:matplotlib.font_manager:findfont: score(FontEntry(fname='/usr/share/fonts/truetype/teluguvijayam/LakkiReddy.ttf', name='LakkiReddy', style='normal', variant='normal', weight=400, stretch='normal', size='scalable')) = 10.05
DEBUG:matplotlib.font_manager:findfont: score(FontEntry(fname='/usr/share/fonts/truetype/abyssinica/AbyssinicaSIL-Regular.ttf', name='Abyssinica SIL', style='normal', variant='normal', weight=400, stretch='normal', size='scalable')) = 10.05
DEBUG:matplotlib.font_manager:findfont: score(FontEntry(fname='/usr/share/fonts/truetype/freefont/FreeSerifBoldItalic.ttf', name='FreeSerif', style='italic', variant='normal', weight=700, stretch='normal', size='scalable')) = 11.335
DEBUG:matplotlib.font_manager:findfont: score(FontEntry(fname='/usr/share/fonts/truetype/fonts-yrsa-rasa/Yrsa-Regular.ttf', name='Yrsa', style='normal', variant='normal', weight=400, stretch='normal', size='scalable')) = 10.05
DEBUG:matplotlib.font_manager:findfont: score(FontEntry(fname='/usr/share/fonts/truetype/tlwg/Umpush-LightOblique.ttf', name='Umpush', style='oblique', variant='normal', weight=300, stretch='normal', size='scalable')) = 11.145
DEBUG:matplotlib.font_manager:findfont: score(FontEntry(fname='/usr/share/fonts/truetype/freefont/FreeSansBold.ttf', name='FreeSans', style='normal', variant='normal', weight=600, stretch='normal', size='scalable')) = 10.24
DEBUG:matplotlib.font_manager:findfont: score(FontEntry(fname='/usr/share/fonts/truetype/liberation2/LiberationSans-BoldItalic.ttf', name='Liberation Sans', style='italic', variant='normal', weight=700, stretch='normal', size='scalable')) = 11.335
DEBUG:matplotlib.font_manager:findfont: score(FontEntry(fname='/usr/share/fonts/truetype/fonts-orya-extra/utkal.ttf', name='ori1Uni', style='normal', variant='normal', weight=500, stretch='normal', size='scalable')) = 10.145
DEBUG:matplotlib.font_manager:findfont: score(FontEntry(fname='/usr/share/fonts/truetype/tlwg/Norasi-Bold.ttf', name='Norasi', style='normal', variant='normal', weight=700, stretch='normal', size='scalable')) = 10.335
DEBUG:matplotlib.font_manager:findfont: score(FontEntry(fname='/usr/share/fonts/truetype/tlwg/TlwgTypist-BoldOblique.ttf', name='Tlwg Typist', style='oblique', variant='normal', weight=700, stretch='normal', size='scalable')) = 11.335
DEBUG:matplotlib.font_manager:findfont: score(FontEntry(fname='/usr/share/fonts/truetype/teluguvijayam/Gurajada.ttf', name='Gurajada', style='normal', variant='normal', weight=400, stretch='normal', size='scalable')) = 10.05
DEBUG:matplotlib.font_manager:findfont: score(FontEntry(fname='/usr/share/fonts/truetype/liberation2/LiberationMono-Bold.ttf', name='Liberation Mono', style='normal', variant='normal', weight=700, stretch='normal', size='scalable')) = 10.335
DEBUG:matplotlib.font_manager:findfont: score(FontEntry(fname='/usr/share/fonts/truetype/lao/Phetsarath_OT.ttf', name='Phetsarath OT', style='normal', variant='normal', weight=400, stretch='normal', size='scalable')) = 10.05
DEBUG:matplotlib.font_manager:findfont: score(FontEntry(fname='/usr/share/fonts/opentype/noto/NotoSansCJK-Regular.ttc', name='Noto Sans CJK JP', style='normal', variant='normal', weight=400, stretch='normal', size='scalable')) = 10.05
DEBUG:matplotlib.font_manager:findfont: score(FontEntry(fname='/usr/share/fonts/opentype/malayalam/Chilanka-Regular.otf', name='Chilanka', style='normal', variant='normal', weight=400, stretch='normal', size='scalable')) = 10.05
DEBUG:matplotlib.font_manager:findfont: score(FontEntry(fname='/usr/share/fonts/truetype/fonts-beng-extra/Mukti.ttf', name='Mukti', style='normal', variant='normal', weight=500, stretch='normal', size='scalable')) = 10.145
DEBUG:matplotlib.font_manager:findfont: score(FontEntry(fname='/usr/share/fonts/opentype/malayalam/Gayathri-Regular.otf', name='Gayathri', style='normal', variant='normal', weight=400, stretch='normal', size='scalable')) = 10.05
DEBUG:matplotlib.font_manager:findfont: score(FontEntry(fname='/usr/share/fonts/truetype/liberation/LiberationSans-BoldItalic.ttf', name='Liberation Sans', style='italic', variant='normal', weight=700, stretch='normal', size='scalable')) = 11.335
DEBUG:matplotlib.font_manager:findfont: score(FontEntry(fname='/usr/share/fonts/truetype/fonts-yrsa-rasa/Rasa-Bold.ttf', name='Rasa', style='normal', variant='normal', weight=700, stretch='normal', size='scalable')) = 10.335
DEBUG:matplotlib.font_manager:findfont: score(FontEntry(fname='/usr/share/fonts/opentype/noto/NotoSerifCJK-Bold.ttc', name='Noto Serif CJK JP', style='normal', variant='normal', weight=700, stretch='normal', size='scalable')) = 10.335
DEBUG:matplotlib.font_manager:findfont: score(FontEntry(fname='/usr/share/fonts/truetype/liberation/LiberationSerif-Italic.ttf', name='Liberation Serif', style='italic', variant='normal', weight=400, stretch='normal', size='scalable')) = 11.05
DEBUG:matplotlib.font_manager:findfont: score(FontEntry(fname='/usr/share/fonts/truetype/liberation2/LiberationSerif-Regular.ttf', name='Liberation Serif', style='normal', variant='normal', weight=400, stretch='normal', size='scalable')) = 10.05
DEBUG:matplotlib.font_manager:findfont: score(FontEntry(fname='/usr/share/fonts/truetype/tlwg/Purisa-Bold.ttf', name='Purisa', style='normal', variant='normal', weight=700, stretch='normal', size='scalable')) = 10.335
DEBUG:matplotlib.font_manager:findfont: score(FontEntry(fname='/usr/share/fonts/truetype/kacst/KacstDigital.ttf', name='KacstDigital', style='normal', variant='normal', weight=500, stretch='normal', size='scalable')) = 10.145
DEBUG:matplotlib.font_manager:findfont: score(FontEntry(fname='/usr/share/fonts/truetype/tlwg/Umpush-Bold.ttf', name='Umpush', style='normal', variant='normal', weight=700, stretch='normal', size='scalable')) = 10.335
DEBUG:matplotlib.font_manager:findfont: score(FontEntry(fname='/usr/share/fonts/truetype/lohit-bengali/Lohit-Bengali.ttf', name='Lohit Bengali', style='normal', variant='normal', weight=400, stretch='normal', size='scalable')) = 10.05
DEBUG:matplotlib.font_manager:findfont: score(FontEntry(fname='/usr/share/fonts/truetype/tlwg/Garuda-Bold.ttf', name='Garuda', style='normal', variant='normal', weight=700, stretch='normal', size='scalable')) = 10.335
DEBUG:matplotlib.font_manager:findfont: score(FontEntry(fname='/usr/share/fonts/truetype/liberation2/LiberationMono-Italic.ttf', name='Liberation Mono', style='italic', variant='normal', weight=400, stretch='normal', size='scalable')) = 11.05
DEBUG:matplotlib.font_manager:findfont: score(FontEntry(fname='/usr/share/fonts/truetype/malayalam/AnjaliOldLipi-Regular.ttf', name='AnjaliOldLipi', style='normal', variant='normal', weight=400, stretch='normal', size='scalable')) = 10.05
DEBUG:matplotlib.font_manager:findfont: score(FontEntry(fname='/usr/share/fonts/truetype/tlwg/Waree.ttf', name='Waree', style='normal', variant='normal', weight=400, stretch='normal', size='scalable')) = 10.05
DEBUG:matplotlib.font_manager:findfont: score(FontEntry(fname='/usr/share/fonts/truetype/tlwg/TlwgTypewriter.ttf', name='Tlwg Typewriter', style='normal', variant='normal', weight=400, stretch='normal', size='scalable')) = 10.05
DEBUG:matplotlib.font_manager:findfont: score(FontEntry(fname='/usr/share/fonts/truetype/teluguvijayam/PottiSreeramulu.ttf', name='Potti Sreeramulu', style='normal', variant='normal', weight=400, stretch='normal', size='scalable')) = 10.05
DEBUG:matplotlib.font_manager:findfont: score(FontEntry(fname='/usr/share/fonts/truetype/teluguvijayam/mallanna.ttf', name='Mallanna', style='normal', variant='normal', weight=400, stretch='normal', size='scalable')) = 10.05
DEBUG:matplotlib.font_manager:findfont: score(FontEntry(fname='/usr/share/fonts/truetype/ubuntu/UbuntuMono-R.ttf', name='Ubuntu Mono', style='normal', variant='normal', weight=400, stretch='normal', size='scalable')) = 10.05
DEBUG:matplotlib.font_manager:findfont: score(FontEntry(fname='/usr/share/fonts/opentype/urw-base35/C059-BdIta.otf', name='C059', style='italic', variant='normal', weight=700, stretch='normal', size='scalable')) = 11.335
DEBUG:matplotlib.font_manager:findfont: score(FontEntry(fname='/usr/share/fonts/truetype/padauk/PadaukBook-Bold.ttf', name='Padauk Book', style='normal', variant='normal', weight=700, stretch='normal', size='scalable')) = 10.335
DEBUG:matplotlib.font_manager:findfont: score(FontEntry(fname='/usr/share/fonts/truetype/dejavu/DejaVuSansMono-Oblique.ttf', name='DejaVu Sans Mono', style='oblique', variant='normal', weight=400, stretch='normal', size='scalable')) = 11.05
DEBUG:matplotlib.font_manager:findfont: score(FontEntry(fname='/usr/share/fonts/truetype/fonts-yrsa-rasa/Rasa-SemiBold.ttf', name='Rasa', style='normal', variant='normal', weight=600, stretch='normal', size='scalable')) = 10.24
DEBUG:matplotlib.font_manager:findfont: score(FontEntry(fname='/usr/share/fonts/truetype/ubuntu/Ubuntu-Th.ttf', name='Ubuntu', style='normal', variant='normal', weight=250, stretch='normal', size='scalable')) = 10.1925
DEBUG:matplotlib.font_manager:findfont: score(FontEntry(fname='/usr/share/fonts/truetype/fonts-telu-extra/Pothana2000.ttf', name='Pothana2000', style='normal', variant='normal', weight=400, stretch='normal', size='scalable')) = 10.05
DEBUG:matplotlib.font_manager:findfont: score(FontEntry(fname='/usr/share/fonts/truetype/liberation/LiberationSerif-BoldItalic.ttf', name='Liberation Serif', style='italic', variant='normal', weight=700, stretch='normal', size='scalable')) = 11.335
DEBUG:matplotlib.font_manager:findfont: score(FontEntry(fname='/usr/share/fonts/truetype/kacst-one/KacstOne-Bold.ttf', name='KacstOne', style='normal', variant='normal', weight=700, stretch='normal', size='scalable')) = 10.335
DEBUG:matplotlib.font_manager:findfont: score(FontEntry(fname='/usr/share/fonts/truetype/freefont/FreeMonoOblique.ttf', name='FreeMono', style='oblique', variant='normal', weight=400, stretch='normal', size='scalable')) = 11.05
DEBUG:matplotlib.font_manager:findfont: score(FontEntry(fname='/usr/share/fonts/truetype/tlwg/TlwgMono-Oblique.ttf', name='Tlwg Mono', style='oblique', variant='normal', weight=400, stretch='normal', size='scalable')) = 11.05
DEBUG:matplotlib.font_manager:findfont: score(FontEntry(fname='/usr/share/fonts/truetype/tlwg/Garuda.ttf', name='Garuda', style='normal', variant='normal', weight=400, stretch='normal', size='scalable')) = 10.05
DEBUG:matplotlib.font_manager:findfont: score(FontEntry(fname='/usr/share/fonts/truetype/freefont/FreeSansBoldOblique.ttf', name='FreeSans', style='oblique', variant='normal', weight=600, stretch='normal', size='scalable')) = 11.24
DEBUG:matplotlib.font_manager:findfont: score(FontEntry(fname='/usr/share/fonts/truetype/freefont/FreeSans.ttf', name='FreeSans', style='normal', variant='normal', weight=400, stretch='normal', size='scalable')) = 10.05
DEBUG:matplotlib.font_manager:findfont: score(FontEntry(fname='/usr/share/fonts/truetype/tlwg/Norasi-BoldOblique.ttf', name='Norasi', style='oblique', variant='normal', weight=700, stretch='normal', size='scalable')) = 11.335
DEBUG:matplotlib.font_manager:findfont: score(FontEntry(fname='/usr/share/fonts/truetype/dejavu/DejaVuSansMono.ttf', name='DejaVu Sans Mono', style='normal', variant='normal', weight=400, stretch='normal', size='scalable')) = 10.05
DEBUG:matplotlib.font_manager:findfont: score(FontEntry(fname='/usr/share/fonts/truetype/fonts-yrsa-rasa/Yrsa-BoldItalic.ttf', name='Yrsa', style='italic', variant='normal', weight=700, stretch='normal', size='scalable')) = 11.335
DEBUG:matplotlib.font_manager:findfont: score(FontEntry(fname='/usr/share/fonts/truetype/samyak-fonts/Samyak-Malayalam.ttf', name='Samyak Malayalam', style='normal', variant='normal', weight=400, stretch='normal', size='scalable')) = 10.05
DEBUG:matplotlib.font_manager:findfont: score(FontEntry(fname='/usr/share/fonts/truetype/malayalam/Uroob-Regular.ttf', name='Uroob', style='normal', variant='normal', weight=400, stretch='normal', size='scalable')) = 10.05
DEBUG:matplotlib.font_manager:findfont: score(FontEntry(fname='/usr/share/fonts/opentype/urw-base35/NimbusRoman-Italic.otf', name='Nimbus Roman', style='italic', variant='normal', weight=400, stretch='normal', size='scalable')) = 11.05
DEBUG:matplotlib.font_manager:findfont: score(FontEntry(fname='/usr/share/fonts/truetype/fonts-yrsa-rasa/Yrsa-Light.ttf', name='Yrsa', style='normal', variant='normal', weight=300, stretch='normal', size='scalable')) = 10.145
DEBUG:matplotlib.font_manager:findfont: score(FontEntry(fname='/usr/share/fonts/truetype/ubuntu/UbuntuMono-RI.ttf', name='Ubuntu Mono', style='italic', variant='normal', weight=400, stretch='normal', size='scalable')) = 11.05
DEBUG:matplotlib.font_manager:findfont: score(FontEntry(fname='/usr/share/fonts/opentype/malayalam/Manjari-Thin.otf', name='Manjari', style='normal', variant='normal', weight=100, stretch='normal', size='scalable')) = 10.335
DEBUG:matplotlib.font_manager:findfont: score(FontEntry(fname='/usr/share/fonts/truetype/liberation/LiberationSerif-Bold.ttf', name='Liberation Serif', style='normal', variant='normal', weight=700, stretch='normal', size='scalable')) = 10.335
DEBUG:matplotlib.font_manager:findfont: score(FontEntry(fname='/usr/share/fonts/opentype/urw-base35/NimbusRoman-Bold.otf', name='Nimbus Roman', style='normal', variant='normal', weight=700, stretch='normal', size='scalable')) = 10.335
DEBUG:matplotlib.font_manager:findfont: score(FontEntry(fname='/usr/share/fonts/truetype/dejavu/DejaVuSansCondensed.ttf', name='DejaVu Sans', style='normal', variant='normal', weight=400, stretch='condensed', size='scalable')) = 0.25
DEBUG:matplotlib.font_manager:findfont: score(FontEntry(fname='/usr/share/fonts/truetype/lohit-tamil/Lohit-Tamil.ttf', name='Lohit Tamil', style='normal', variant='normal', weight=400, stretch='normal', size='scalable')) = 10.05
DEBUG:matplotlib.font_manager:findfont: score(FontEntry(fname='/usr/share/fonts/truetype/tlwg/Sawasdee-BoldOblique.ttf', name='Sawasdee', style='oblique', variant='normal', weight=700, stretch='normal', size='scalable')) = 11.335
DEBUG:matplotlib.font_manager:findfont: score(FontEntry(fname='/usr/share/fonts/truetype/tlwg/TlwgMono.ttf', name='Tlwg Mono', style='normal', variant='normal', weight=400, stretch='normal', size='scalable')) = 10.05
DEBUG:matplotlib.font_manager:findfont: score(FontEntry(fname='/usr/share/fonts/opentype/urw-base35/NimbusSansNarrow-Bold.otf', name='Nimbus Sans Narrow', style='normal', variant='normal', weight=700, stretch='condensed', size='scalable')) = 10.535
DEBUG:matplotlib.font_manager:findfont: score(FontEntry(fname='/usr/share/fonts/truetype/lohit-tamil-classical/Lohit-Tamil-Classical.ttf', name='Lohit Tamil Classical', style='normal', variant='normal', weight=400, stretch='normal', size='scalable')) = 10.05
DEBUG:matplotlib.font_manager:findfont: score(FontEntry(fname='/usr/share/fonts/opentype/urw-base35/URWGothic-Demi.otf', name='URW Gothic', style='normal', variant='normal', weight=600, stretch='normal', size='scalable')) = 10.24
DEBUG:matplotlib.font_manager:findfont: score(FontEntry(fname='/usr/share/fonts/truetype/fonts-deva-extra/chandas1-2.ttf', name='Chandas', style='normal', variant='normal', weight=400, stretch='normal', size='scalable')) = 10.05
DEBUG:matplotlib.font_manager:findfont: score(FontEntry(fname='/usr/share/fonts/truetype/tlwg/Loma.ttf', name='Loma', style='normal', variant='normal', weight=400, stretch='normal', size='scalable')) = 10.05
DEBUG:matplotlib.font_manager:findfont: score(FontEntry(fname='/usr/share/fonts/truetype/dejavu/DejaVuSans-Bold.ttf', name='DejaVu Sans', style='normal', variant='normal', weight=700, stretch='normal', size='scalable')) = 0.33499999999999996
DEBUG:matplotlib.font_manager:findfont: score(FontEntry(fname='/usr/share/fonts/truetype/kacst/KacstScreen.ttf', name='KacstScreen', style='normal', variant='normal', weight=500, stretch='normal', size='scalable')) = 10.145
DEBUG:matplotlib.font_manager:findfont: score(FontEntry(fname='/usr/share/fonts/truetype/dejavu/DejaVuSerif-Italic.ttf', name='DejaVu Serif', style='italic', variant='normal', weight=400, stretch='normal', size='scalable')) = 11.05
DEBUG:matplotlib.font_manager:findfont: score(FontEntry(fname='/usr/share/fonts/truetype/lohit-malayalam/Lohit-Malayalam.ttf', name='Lohit Malayalam', style='normal', variant='normal', weight=400, stretch='normal', size='scalable')) = 10.05
DEBUG:matplotlib.font_manager:findfont: score(FontEntry(fname='/usr/share/fonts/opentype/urw-base35/NimbusSans-BoldItalic.otf', name='Nimbus Sans', style='italic', variant='normal', weight=700, stretch='normal', size='scalable')) = 11.335
DEBUG:matplotlib.font_manager:findfont: score(FontEntry(fname='/usr/share/fonts/truetype/fonts-gujr-extra/padmaa-Medium-0.5.ttf', name='padmaa', style='normal', variant='normal', weight=500, stretch='normal', size='scalable')) = 10.145
DEBUG:matplotlib.font_manager:findfont: score(FontEntry(fname='/usr/share/fonts/truetype/teluguvijayam/Mandali-Regular.ttf', name='Mandali', style='normal', variant='normal', weight=400, stretch='normal', size='scalable')) = 10.05
DEBUG:matplotlib.font_manager:findfont: score(FontEntry(fname='/usr/share/fonts/truetype/kacst/KacstTitleL.ttf', name='KacstTitleL', style='normal', variant='normal', weight=400, stretch='normal', size='scalable')) = 10.05
DEBUG:matplotlib.font_manager:findfont: score(FontEntry(fname='/usr/share/fonts/opentype/urw-base35/NimbusMonoPS-BoldItalic.otf', name='Nimbus Mono PS', style='italic', variant='normal', weight=700, stretch='normal', size='scalable')) = 11.335
DEBUG:matplotlib.font_manager:findfont: score(FontEntry(fname='/usr/share/fonts/truetype/kacst/KacstDecorative.ttf', name='KacstDecorative', style='normal', variant='normal', weight=500, stretch='normal', size='scalable')) = 10.145
DEBUG:matplotlib.font_manager:findfont: score(FontEntry(fname='/usr/share/fonts/truetype/ubuntu/Ubuntu-BI.ttf', name='Ubuntu', style='italic', variant='normal', weight=700, stretch='normal', size='scalable')) = 11.335
DEBUG:matplotlib.font_manager:findfont: score(FontEntry(fname='/usr/share/fonts/opentype/urw-base35/URWGothic-Book.otf', name='URW Gothic', style='normal', variant='normal', weight=400, stretch='normal', size='scalable')) = 10.05
DEBUG:matplotlib.font_manager:findfont: score(FontEntry(fname='/usr/share/fonts/truetype/tlwg/TlwgTypist.ttf', name='Tlwg Typist', style='normal', variant='normal', weight=400, stretch='normal', size='scalable')) = 10.05
DEBUG:matplotlib.font_manager:findfont: score(FontEntry(fname='/usr/share/fonts/truetype/freefont/FreeSansOblique.ttf', name='FreeSans', style='oblique', variant='normal', weight=400, stretch='normal', size='scalable')) = 11.05
DEBUG:matplotlib.font_manager:findfont: score(FontEntry(fname='/usr/share/fonts/truetype/liberation/LiberationMono-Bold.ttf', name='Liberation Mono', style='normal', variant='normal', weight=700, stretch='normal', size='scalable')) = 10.335
DEBUG:matplotlib.font_manager:findfont: score(FontEntry(fname='/usr/share/fonts/truetype/teluguvijayam/RaviPrakash.ttf', name='RaviPrakash', style='normal', variant='normal', weight=400, stretch='normal', size='scalable')) = 10.05
DEBUG:matplotlib.font_manager:findfont: score(FontEntry(fname='/usr/share/fonts/truetype/lohit-gujarati/Lohit-Gujarati.ttf', name='Lohit Gujarati', style='normal', variant='normal', weight=400, stretch='normal', size='scalable')) = 10.05
DEBUG:matplotlib.font_manager:findfont: score(FontEntry(fname='/usr/share/fonts/truetype/fonts-yrsa-rasa/Yrsa-SemiBoldItalic.ttf', name='Yrsa', style='italic', variant='normal', weight=600, stretch='normal', size='scalable')) = 11.24
DEBUG:matplotlib.font_manager:findfont: score(FontEntry(fname='/usr/share/fonts/truetype/tibetan-machine/TibetanMachineUni.ttf', name='Tibetan Machine Uni', style='normal', variant='normal', weight=400, stretch='normal', size='scalable')) = 10.05
DEBUG:matplotlib.font_manager:findfont: score(FontEntry(fname='/usr/share/fonts/opentype/urw-base35/NimbusRoman-Regular.otf', name='Nimbus Roman', style='normal', variant='normal', weight=400, stretch='normal', size='scalable')) = 10.05
DEBUG:matplotlib.font_manager:findfont: score(FontEntry(fname='/usr/share/fonts/truetype/malayalam/Suruma.ttf', name='Suruma', style='normal', variant='normal', weight=500, stretch='normal', size='scalable')) = 10.145
DEBUG:matplotlib.font_manager:findfont: score(FontEntry(fname='/usr/share/fonts/truetype/Nakula/nakula.ttf', name='Nakula', style='normal', variant='normal', weight=400, stretch='normal', size='scalable')) = 10.05
DEBUG:matplotlib.font_manager:findfont: score(FontEntry(fname='/usr/share/fonts/truetype/dejavu/DejaVuSansCondensed-Oblique.ttf', name='DejaVu Sans', style='oblique', variant='normal', weight=400, stretch='condensed', size='scalable')) = 1.25
DEBUG:matplotlib.font_manager:findfont: score(FontEntry(fname='/usr/share/fonts/truetype/fonts-gujr-extra/Rekha.ttf', name='Rekha', style='normal', variant='normal', weight=500, stretch='normal', size='scalable')) = 10.145
DEBUG:matplotlib.font_manager:findfont: score(FontEntry(fname='/usr/share/fonts/truetype/fonts-beng-extra/LikhanNormal.ttf', name='Likhan', style='normal', variant='normal', weight=500, stretch='normal', size='scalable')) = 10.145
DEBUG:matplotlib.font_manager:findfont: score(FontEntry(fname='/usr/share/fonts/truetype/liberation/LiberationSansNarrow-Italic.ttf', name='Liberation Sans Narrow', style='italic', variant='normal', weight=400, stretch='condensed', size='scalable')) = 11.25
DEBUG:matplotlib.font_manager:findfont: score(FontEntry(fname='/usr/share/fonts/truetype/ubuntu/Ubuntu-RI.ttf', name='Ubuntu', style='italic', variant='normal', weight=400, stretch='normal', size='scalable')) = 11.05
DEBUG:matplotlib.font_manager:findfont: score(FontEntry(fname='/usr/share/fonts/truetype/tlwg/TlwgTypewriter-BoldOblique.ttf', name='Tlwg Typewriter', style='oblique', variant='normal', weight=700, stretch='normal', size='scalable')) = 11.335
DEBUG:matplotlib.font_manager:findfont: score(FontEntry(fname='/usr/share/fonts/truetype/malayalam/RaghuMalayalamSans-Regular.ttf', name='RaghuMalayalamSans', style='normal', variant='normal', weight=400, stretch='normal', size='scalable')) = 10.05
DEBUG:matplotlib.font_manager:findfont: score(FontEntry(fname='/usr/share/fonts/truetype/liberation/LiberationMono-BoldItalic.ttf', name='Liberation Mono', style='italic', variant='normal', weight=700, stretch='normal', size='scalable')) = 11.335
DEBUG:matplotlib.font_manager:findfont: score(FontEntry(fname='/usr/share/fonts/truetype/tlwg/TlwgTypo-Oblique.ttf', name='Tlwg Typo', style='oblique', variant='normal', weight=400, stretch='normal', size='scalable')) = 11.05
DEBUG:matplotlib.font_manager:findfont: score(FontEntry(fname='/usr/share/fonts/truetype/fonts-yrsa-rasa/Yrsa-MediumItalic.ttf', name='Yrsa', style='italic', variant='normal', weight=500, stretch='normal', size='scalable')) = 11.145
DEBUG:matplotlib.font_manager:findfont: score(FontEntry(fname='/usr/share/fonts/truetype/fonts-deva-extra/kalimati.ttf', name='Kalimati', style='normal', variant='normal', weight=400, stretch='normal', size='scalable')) = 10.05
DEBUG:matplotlib.font_manager:findfont: score(FontEntry(fname='/usr/share/fonts/truetype/liberation2/LiberationSerif-Bold.ttf', name='Liberation Serif', style='normal', variant='normal', weight=700, stretch='normal', size='scalable')) = 10.335
DEBUG:matplotlib.font_manager:findfont: score(FontEntry(fname='/usr/share/fonts/opentype/malayalam/Gayathri-Thin.otf', name='Gayathri', style='normal', variant='normal', weight=100, stretch='normal', size='scalable')) = 10.335
DEBUG:matplotlib.font_manager:findfont: score(FontEntry(fname='/usr/share/fonts/truetype/tlwg/Kinnari-Italic.ttf', name='Kinnari', style='italic', variant='normal', weight=400, stretch='normal', size='scalable')) = 11.05
DEBUG:matplotlib.font_manager:findfont: score(FontEntry(fname='/usr/share/fonts/opentype/noto/NotoSerifCJK-Regular.ttc', name='Noto Serif CJK JP', style='normal', variant='normal', weight=400, stretch='normal', size='scalable')) = 10.05
DEBUG:matplotlib.font_manager:findfont: score(FontEntry(fname='/usr/share/fonts/truetype/kacst/KacstBook.ttf', name='KacstBook', style='normal', variant='normal', weight=500, stretch='normal', size='scalable')) = 10.145
DEBUG:matplotlib.font_manager:findfont: score(FontEntry(fname='/usr/share/fonts/truetype/fonts-yrsa-rasa/Yrsa-LightItalic.ttf', name='Yrsa', style='italic', variant='normal', weight=300, stretch='normal', size='scalable')) = 11.145
DEBUG:matplotlib.font_manager:findfont: score(FontEntry(fname='/usr/share/fonts/truetype/teluguvijayam/suranna.ttf', name='Suranna', style='normal', variant='normal', weight=400, stretch='normal', size='scalable')) = 10.05
DEBUG:matplotlib.font_manager:findfont: score(FontEntry(fname='/usr/share/fonts/truetype/teluguvijayam/Ponnala.ttf', name='Ponnala', style='normal', variant='normal', weight=400, stretch='normal', size='scalable')) = 10.05
DEBUG:matplotlib.font_manager:findfont: score(FontEntry(fname='/usr/share/fonts/truetype/ubuntu/Ubuntu-C.ttf', name='Ubuntu Condensed', style='normal', variant='normal', weight=400, stretch='condensed', size='scalable')) = 10.25
DEBUG:matplotlib.font_manager:findfont: score(FontEntry(fname='/usr/share/fonts/opentype/urw-base35/P052-Bold.otf', name='P052', style='normal', variant='normal', weight=700, stretch='normal', size='scalable')) = 10.335
DEBUG:matplotlib.font_manager:findfont: score(FontEntry(fname='/usr/share/fonts/opentype/urw-base35/StandardSymbolsPS.otf', name='Standard Symbols PS', style='normal', variant='normal', weight=400, stretch='normal', size='scalable')) = 10.05
DEBUG:matplotlib.font_manager:findfont: score(FontEntry(fname='/usr/share/fonts/opentype/urw-base35/NimbusSansNarrow-BoldOblique.otf', name='Nimbus Sans Narrow', style='oblique', variant='normal', weight=700, stretch='condensed', size='scalable')) = 11.535
DEBUG:matplotlib.font_manager:findfont: score(FontEntry(fname='/usr/share/fonts/truetype/fonts-yrsa-rasa/Rasa-Medium.ttf', name='Rasa', style='normal', variant='normal', weight=500, stretch='normal', size='scalable')) = 10.145
DEBUG:matplotlib.font_manager:findfont: score(FontEntry(fname='/usr/share/fonts/truetype/dejavu/DejaVuSansCondensed-Bold.ttf', name='DejaVu Sans', style='normal', variant='normal', weight=700, stretch='condensed', size='scalable')) = 0.5349999999999999
DEBUG:matplotlib.font_manager:findfont: score(FontEntry(fname='/usr/share/fonts/truetype/kacst/KacstArt.ttf', name='KacstArt', style='normal', variant='normal', weight=500, stretch='normal', size='scalable')) = 10.145
DEBUG:matplotlib.font_manager:findfont: score(FontEntry(fname='/usr/share/fonts/truetype/tlwg/Sawasdee.ttf', name='Sawasdee', style='normal', variant='normal', weight=400, stretch='normal', size='scalable')) = 10.05
DEBUG:matplotlib.font_manager:findfont: score(FontEntry(fname='/usr/share/fonts/truetype/tlwg/Norasi.ttf', name='Norasi', style='normal', variant='normal', weight=400, stretch='normal', size='scalable')) = 10.05
DEBUG:matplotlib.font_manager:findfont: score(FontEntry(fname='/usr/share/fonts/truetype/droid/DroidSansFallbackFull.ttf', name='Droid Sans Fallback', style='normal', variant='normal', weight=400, stretch='normal', size='scalable')) = 10.05
DEBUG:matplotlib.font_manager:findfont: score(FontEntry(fname='/usr/share/fonts/truetype/fonts-yrsa-rasa/Yrsa-Bold.ttf', name='Yrsa', style='normal', variant='normal', weight=700, stretch='normal', size='scalable')) = 10.335
DEBUG:matplotlib.font_manager:findfont: score(FontEntry(fname='/usr/share/fonts/opentype/urw-base35/URWGothic-DemiOblique.otf', name='URW Gothic', style='oblique', variant='normal', weight=600, stretch='normal', size='scalable')) = 11.24
DEBUG:matplotlib.font_manager:findfont: score(FontEntry(fname='/usr/share/fonts/truetype/fonts-yrsa-rasa/Rasa-Light.ttf', name='Rasa', style='normal', variant='normal', weight=300, stretch='normal', size='scalable')) = 10.145
DEBUG:matplotlib.font_manager:findfont: score(FontEntry(fname='/usr/share/fonts/truetype/tlwg/Kinnari-Bold.ttf', name='Kinnari', style='normal', variant='normal', weight=700, stretch='normal', size='scalable')) = 10.335
DEBUG:matplotlib.font_manager:findfont: score(FontEntry(fname='/usr/share/fonts/truetype/fonts-gujr-extra/padmaa-Bold.1.1.ttf', name='padmaa-Bold.1.1', style='normal', variant='normal', weight=700, stretch='normal', size='scalable')) = 10.335
DEBUG:matplotlib.font_manager:findfont: score(FontEntry(fname='/usr/share/fonts/truetype/dejavu/DejaVuSansMono-Bold.ttf', name='DejaVu Sans Mono', style='normal', variant='normal', weight=700, stretch='normal', size='scalable')) = 10.335
DEBUG:matplotlib.font_manager:findfont: score(FontEntry(fname='/usr/share/fonts/truetype/dejavu/DejaVuSansMono-BoldOblique.ttf', name='DejaVu Sans Mono', style='oblique', variant='normal', weight=700, stretch='normal', size='scalable')) = 11.335
DEBUG:matplotlib.font_manager:findfont: score(FontEntry(fname='/usr/share/fonts/truetype/fonts-beng-extra/JamrulNormal.ttf', name='Jamrul', style='normal', variant='normal', weight=500, stretch='normal', size='scalable')) = 10.145
DEBUG:matplotlib.font_manager:findfont: score(FontEntry(fname='/usr/share/fonts/truetype/samyak-fonts/Samyak-Gujarati.ttf', name='Samyak Gujarati', style='normal', variant='normal', weight=500, stretch='normal', size='scalable')) = 10.145
DEBUG:matplotlib.font_manager:findfont: score(FontEntry(fname='/usr/share/fonts/truetype/liberation2/LiberationSans-Bold.ttf', name='Liberation Sans', style='normal', variant='normal', weight=700, stretch='normal', size='scalable')) = 10.335
DEBUG:matplotlib.font_manager:findfont: score(FontEntry(fname='/usr/share/fonts/truetype/malayalam/Rachana-Regular.ttf', name='Rachana', style='normal', variant='normal', weight=400, stretch='normal', size='scalable')) = 10.05
DEBUG:matplotlib.font_manager:findfont: score(FontEntry(fname='/usr/share/fonts/truetype/dejavu/DejaVuSans-Oblique.ttf', name='DejaVu Sans', style='oblique', variant='normal', weight=400, stretch='normal', size='scalable')) = 1.05
DEBUG:matplotlib.font_manager:findfont: score(FontEntry(fname='/usr/share/fonts/truetype/lohit-telugu/Lohit-Telugu.ttf', name='Lohit Telugu', style='normal', variant='normal', weight=400, stretch='normal', size='scalable')) = 10.05
DEBUG:matplotlib.font_manager:findfont: score(FontEntry(fname='/usr/share/fonts/opentype/urw-base35/URWBookman-LightItalic.otf', name='URW Bookman', style='italic', variant='normal', weight=300, stretch='normal', size='scalable')) = 11.145
DEBUG:matplotlib.font_manager:findfont: score(FontEntry(fname='/usr/share/fonts/truetype/dejavu/DejaVuSansCondensed-BoldOblique.ttf', name='DejaVu Sans', style='oblique', variant='normal', weight=700, stretch='condensed', size='scalable')) = 1.535
DEBUG:matplotlib.font_manager:findfont: score(FontEntry(fname='/usr/share/fonts/truetype/teluguvijayam/Suravaram.ttf', name='Suravaram', style='normal', variant='normal', weight=400, stretch='normal', size='scalable')) = 10.05
DEBUG:matplotlib.font_manager:findfont: score(FontEntry(fname='/usr/share/fonts/truetype/fonts-yrsa-rasa/Yrsa-Italic.ttf', name='Yrsa', style='italic', variant='normal', weight=400, stretch='normal', size='scalable')) = 11.05
DEBUG:matplotlib.font_manager:findfont: score(FontEntry(fname='/usr/share/fonts/truetype/lohit-assamese/Lohit-Assamese.ttf', name='Lohit Assamese', style='normal', variant='normal', weight=400, stretch='normal', size='scalable')) = 10.05
DEBUG:matplotlib.font_manager:findfont: score(FontEntry(fname='/usr/share/fonts/truetype/tlwg/Umpush-Oblique.ttf', name='Umpush', style='oblique', variant='normal', weight=400, stretch='normal', size='scalable')) = 11.05
DEBUG:matplotlib.font_manager:findfont: score(FontEntry(fname='/usr/share/fonts/truetype/tlwg/Loma-Bold.ttf', name='Loma', style='normal', variant='normal', weight=700, stretch='normal', size='scalable')) = 10.335
DEBUG:matplotlib.font_manager:findfont: score(FontEntry(fname='/usr/share/fonts/truetype/fonts-beng-extra/Muktibold.ttf', name='Mukti', style='normal', variant='normal', weight=700, stretch='normal', size='scalable')) = 10.335
DEBUG:matplotlib.font_manager:findfont: score(FontEntry(fname='/usr/share/fonts/truetype/dejavu/DejaVuSans-BoldOblique.ttf', name='DejaVu Sans', style='oblique', variant='normal', weight=700, stretch='normal', size='scalable')) = 1.335
DEBUG:matplotlib.font_manager:findfont: score(FontEntry(fname='/usr/share/fonts/truetype/padauk/Padauk-Bold.ttf', name='Padauk', style='normal', variant='normal', weight=700, stretch='normal', size='scalable')) = 10.335
DEBUG:matplotlib.font_manager:findfont: score(FontEntry(fname='/usr/share/fonts/truetype/Gargi/Gargi.ttf', name='Gargi', style='normal', variant='normal', weight=400, stretch='normal', size='scalable')) = 10.05
DEBUG:matplotlib.font_manager:findfont: score(FontEntry(fname='/usr/share/fonts/truetype/fonts-beng-extra/Ani.ttf', name='Ani', style='normal', variant='normal', weight=400, stretch='normal', size='scalable')) = 10.05
DEBUG:matplotlib.font_manager:findfont: score(FontEntry(fname='/usr/share/fonts/truetype/fonts-kalapi/Kalapi.ttf', name='Kalapi', style='normal', variant='normal', weight=400, stretch='normal', size='scalable')) = 10.05
DEBUG:matplotlib.font_manager:findfont: score(FontEntry(fname='/usr/share/fonts/truetype/freefont/FreeMonoBoldOblique.ttf', name='FreeMono', style='oblique', variant='normal', weight=700, stretch='normal', size='scalable')) = 11.335
DEBUG:matplotlib.font_manager:findfont: score(FontEntry(fname='/usr/share/fonts/truetype/lohit-punjabi/Lohit-Gurmukhi.ttf', name='Lohit Gurmukhi', style='normal', variant='normal', weight=400, stretch='normal', size='scalable')) = 10.05
DEBUG:matplotlib.font_manager:findfont: score(FontEntry(fname='/usr/share/fonts/opentype/urw-base35/URWBookman-Demi.otf', name='URW Bookman', style='normal', variant='normal', weight=600, stretch='normal', size='scalable')) = 10.24
DEBUG:matplotlib.font_manager:findfont: score(FontEntry(fname='/usr/share/fonts/truetype/tlwg/Kinnari.ttf', name='Kinnari', style='normal', variant='normal', weight=400, stretch='normal', size='scalable')) = 10.05
DEBUG:matplotlib.font_manager:findfont: score(FontEntry(fname='/usr/share/fonts/truetype/teluguvijayam/ramabhadra.ttf', name='Ramabhadra', style='normal', variant='normal', weight=400, stretch='normal', size='scalable')) = 10.05
DEBUG:matplotlib.font_manager:findfont: score(FontEntry(fname='/usr/share/fonts/truetype/kacst/KacstNaskh.ttf', name='KacstNaskh', style='normal', variant='normal', weight=500, stretch='normal', size='scalable')) = 10.145
DEBUG:matplotlib.font_manager:findfont: score(FontEntry(fname='/usr/share/fonts/truetype/liberation2/LiberationMono-Regular.ttf', name='Liberation Mono', style='normal', variant='normal', weight=400, stretch='normal', size='scalable')) = 10.05
DEBUG:matplotlib.font_manager:findfont: score(FontEntry(fname='/usr/share/fonts/truetype/padauk/PadaukBook-Regular.ttf', name='Padauk Book', style='normal', variant='normal', weight=400, stretch='normal', size='scalable')) = 10.05
DEBUG:matplotlib.font_manager:findfont: score(FontEntry(fname='/usr/share/fonts/truetype/tlwg/Laksaman-BoldItalic.ttf', name='Laksaman', style='italic', variant='normal', weight=700, stretch='normal', size='scalable')) = 11.335
DEBUG:matplotlib.font_manager:findfont: score(FontEntry(fname='/usr/share/fonts/truetype/ubuntu/UbuntuMono-B.ttf', name='Ubuntu Mono', style='normal', variant='normal', weight=700, stretch='normal', size='scalable')) = 10.335
DEBUG:matplotlib.font_manager:findfont: score(FontEntry(fname='/usr/share/fonts/truetype/dejavu/DejaVuSans-ExtraLight.ttf', name='DejaVu Sans', style='normal', variant='normal', weight=200, stretch='normal', size='scalable')) = 0.24
DEBUG:matplotlib.font_manager:findfont: score(FontEntry(fname='/usr/share/fonts/truetype/dejavu/DejaVuSerifCondensed-BoldItalic.ttf', name='DejaVu Serif', style='italic', variant='normal', weight=700, stretch='condensed', size='scalable')) = 11.535
DEBUG:matplotlib.font_manager:findfont: score(FontEntry(fname='/usr/share/fonts/truetype/teluguvijayam/Ramaraja-Regular.ttf', name='Ramaraja', style='normal', variant='normal', weight=400, stretch='normal', size='scalable')) = 10.05
DEBUG:matplotlib.font_manager:findfont: score(FontEntry(fname='/usr/share/fonts/truetype/teluguvijayam/NTR.ttf', name='NTR', style='normal', variant='normal', weight=400, stretch='normal', size='scalable')) = 10.05
DEBUG:matplotlib.font_manager:findfont: score(FontEntry(fname='/usr/share/fonts/opentype/urw-base35/NimbusMonoPS-Regular.otf', name='Nimbus Mono PS', style='normal', variant='normal', weight=400, stretch='normal', size='scalable')) = 10.05
DEBUG:matplotlib.font_manager:findfont: score(FontEntry(fname='/usr/share/fonts/truetype/kacst/mry_KacstQurn.ttf', name='mry_KacstQurn', style='normal', variant='normal', weight=400, stretch='normal', size='scalable')) = 10.05
DEBUG:matplotlib.font_manager:findfont: score(FontEntry(fname='/usr/share/fonts/truetype/tlwg/Sawasdee-Oblique.ttf', name='Sawasdee', style='oblique', variant='normal', weight=400, stretch='normal', size='scalable')) = 11.05
DEBUG:matplotlib.font_manager:findfont: score(FontEntry(fname='/usr/share/fonts/truetype/tlwg/TlwgMono-BoldOblique.ttf', name='Tlwg Mono', style='oblique', variant='normal', weight=700, stretch='normal', size='scalable')) = 11.335
DEBUG:matplotlib.font_manager:findfont: score(FontEntry(fname='/usr/share/fonts/truetype/malayalam/Rachana-Bold.ttf', name='Rachana', style='normal', variant='normal', weight=700, stretch='normal', size='scalable')) = 10.335
DEBUG:matplotlib.font_manager:findfont: score(FontEntry(fname='/usr/share/fonts/opentype/urw-base35/NimbusMonoPS-Bold.otf', name='Nimbus Mono PS', style='normal', variant='normal', weight=700, stretch='normal', size='scalable')) = 10.335
DEBUG:matplotlib.font_manager:findfont: score(FontEntry(fname='/usr/share/fonts/truetype/tlwg/Laksaman.ttf', name='Laksaman', style='normal', variant='normal', weight=400, stretch='normal', size='scalable')) = 10.05
DEBUG:matplotlib.font_manager:findfont: score(FontEntry(fname='/usr/share/fonts/opentype/urw-base35/P052-Italic.otf', name='P052', style='italic', variant='normal', weight=400, stretch='normal', size='scalable')) = 11.05
DEBUG:matplotlib.font_manager:findfont: score(FontEntry(fname='/usr/share/fonts/truetype/teluguvijayam/SreeKrushnadevaraya.ttf', name='Sree Krushnadevaraya', style='normal', variant='normal', weight=400, stretch='normal', size='scalable')) = 10.05
DEBUG:matplotlib.font_manager:findfont: score(FontEntry(fname='/usr/share/fonts/truetype/lohit-oriya/Lohit-Odia.ttf', name='Lohit Odia', style='normal', variant='normal', weight=400, stretch='normal', size='scalable')) = 10.05
DEBUG:matplotlib.font_manager:findfont: score(FontEntry(fname='/usr/share/fonts/opentype/urw-base35/C059-Roman.otf', name='C059', style='normal', variant='normal', weight=400, stretch='normal', size='scalable')) = 10.05
DEBUG:matplotlib.font_manager:findfont: score(FontEntry(fname='/usr/share/fonts/truetype/tlwg/Garuda-Oblique.ttf', name='Garuda', style='oblique', variant='normal', weight=400, stretch='normal', size='scalable')) = 11.05
DEBUG:matplotlib.font_manager:findfont: score(FontEntry(fname='/usr/share/fonts/truetype/fonts-guru-extra/Saab.ttf', name='Saab', style='normal', variant='normal', weight=400, stretch='normal', size='scalable')) = 10.05
DEBUG:matplotlib.font_manager:findfont: score(FontEntry(fname='/usr/share/fonts/truetype/Gubbi/Gubbi.ttf', name='Gubbi', style='normal', variant='normal', weight=400, stretch='normal', size='scalable')) = 10.05
DEBUG:matplotlib.font_manager:findfont: score(FontEntry(fname='/usr/share/fonts/truetype/tlwg/Waree-Bold.ttf', name='Waree', style='normal', variant='normal', weight=700, stretch='normal', size='scalable')) = 10.335
DEBUG:matplotlib.font_manager:findfont: score(FontEntry(fname='/usr/share/fonts/opentype/malayalam/Gayathri-Bold.otf', name='Gayathri', style='normal', variant='normal', weight=700, stretch='normal', size='scalable')) = 10.335
DEBUG:matplotlib.font_manager:findfont: score(FontEntry(fname='/usr/share/fonts/opentype/urw-base35/NimbusRoman-BoldItalic.otf', name='Nimbus Roman', style='italic', variant='normal', weight=700, stretch='normal', size='scalable')) = 11.335
DEBUG:matplotlib.font_manager:findfont: score(FontEntry(fname='/usr/share/fonts/truetype/fonts-yrsa-rasa/Yrsa-Medium.ttf', name='Yrsa', style='normal', variant='normal', weight=500, stretch='normal', size='scalable')) = 10.145
DEBUG:matplotlib.font_manager:findfont: score(FontEntry(fname='/usr/share/fonts/truetype/teluguvijayam/TimmanaRegular.ttf', name='Timmana', style='normal', variant='normal', weight=900, stretch='normal', size='scalable')) = 10.525
DEBUG:matplotlib.font_manager:findfont: score(FontEntry(fname='/usr/share/fonts/truetype/tlwg/Laksaman-Bold.ttf', name='Laksaman', style='normal', variant='normal', weight=700, stretch='normal', size='scalable')) = 10.335
DEBUG:matplotlib.font_manager:findfont: score(FontEntry(fname='/usr/share/fonts/truetype/fonts-beng-extra/MitraMono.ttf', name='Mitra ', style='normal', variant='normal', weight=400, stretch='normal', size='scalable')) = 10.05
DEBUG:matplotlib.font_manager:findfont: score(FontEntry(fname='/usr/share/fonts/opentype/urw-base35/C059-Italic.otf', name='C059', style='italic', variant='normal', weight=400, stretch='normal', size='scalable')) = 11.05
DEBUG:matplotlib.font_manager:findfont: score(FontEntry(fname='/usr/share/fonts/truetype/dejavu/DejaVuSerif.ttf', name='DejaVu Serif', style='normal', variant='normal', weight=400, stretch='normal', size='scalable')) = 10.05
DEBUG:matplotlib.font_manager:findfont: score(FontEntry(fname='/usr/share/fonts/truetype/freefont/FreeSerif.ttf', name='FreeSerif', style='normal', variant='normal', weight=400, stretch='normal', size='scalable')) = 10.05
DEBUG:matplotlib.font_manager:findfont: score(FontEntry(fname='/usr/share/fonts/truetype/liberation/LiberationMono-Italic.ttf', name='Liberation Mono', style='italic', variant='normal', weight=400, stretch='normal', size='scalable')) = 11.05
DEBUG:matplotlib.font_manager:findfont: score(FontEntry(fname='/usr/share/fonts/truetype/liberation/LiberationMono-Regular.ttf', name='Liberation Mono', style='normal', variant='normal', weight=400, stretch='normal', size='scalable')) = 10.05
DEBUG:matplotlib.font_manager:findfont: score(FontEntry(fname='/usr/share/fonts/truetype/teluguvijayam/Gidugu.ttf', name='Gidugu', style='normal', variant='normal', weight=400, stretch='normal', size='scalable')) = 10.05
DEBUG:matplotlib.font_manager:findfont: score(FontEntry(fname='/usr/share/fonts/opentype/urw-base35/NimbusMonoPS-Italic.otf', name='Nimbus Mono PS', style='italic', variant='normal', weight=400, stretch='normal', size='scalable')) = 11.05
DEBUG:matplotlib.font_manager:findfont: score(FontEntry(fname='/usr/share/fonts/truetype/ubuntu/Ubuntu-M.ttf', name='Ubuntu', style='normal', variant='normal', weight=500, stretch='normal', size='scalable')) = 10.145
DEBUG:matplotlib.font_manager:findfont: score(FontEntry(fname='/usr/share/fonts/truetype/tlwg/Norasi-Oblique.ttf', name='Norasi', style='oblique', variant='normal', weight=400, stretch='normal', size='scalable')) = 11.05
DEBUG:matplotlib.font_manager:findfont: score(FontEntry(fname='/usr/share/fonts/truetype/tlwg/Loma-BoldOblique.ttf', name='Loma', style='oblique', variant='normal', weight=700, stretch='normal', size='scalable')) = 11.335
DEBUG:matplotlib.font_manager:findfont: score(FontEntry(fname='/usr/share/fonts/truetype/dejavu/DejaVuSerifCondensed.ttf', name='DejaVu Serif', style='normal', variant='normal', weight=400, stretch='condensed', size='scalable')) = 10.25
DEBUG:matplotlib.font_manager:findfont: score(FontEntry(fname='/usr/share/fonts/truetype/freefont/FreeMono.ttf', name='FreeMono', style='normal', variant='normal', weight=400, stretch='normal', size='scalable')) = 10.05
DEBUG:matplotlib.font_manager:findfont: score(FontEntry(fname='/usr/share/fonts/truetype/malayalam/Meera-Regular.ttf', name='Meera', style='normal', variant='normal', weight=400, stretch='normal', size='scalable')) = 10.05
DEBUG:matplotlib.font_manager:findfont: score(FontEntry(fname='/usr/share/fonts/truetype/fonts-yrsa-rasa/Rasa-Regular.ttf', name='Rasa', style='normal', variant='normal', weight=400, stretch='normal', size='scalable')) = 10.05
DEBUG:matplotlib.font_manager:findfont: score(FontEntry(fname='/usr/share/fonts/truetype/liberation2/LiberationMono-BoldItalic.ttf', name='Liberation Mono', style='italic', variant='normal', weight=700, stretch='normal', size='scalable')) = 11.335
DEBUG:matplotlib.font_manager:findfont: score(FontEntry(fname='/usr/share/fonts/truetype/dejavu/DejaVuSans.ttf', name='DejaVu Sans', style='normal', variant='normal', weight=400, stretch='normal', size='scalable')) = 0.05
DEBUG:matplotlib.font_manager:findfont: score(FontEntry(fname='/usr/share/fonts/truetype/ubuntu/Ubuntu-B.ttf', name='Ubuntu', style='normal', variant='normal', weight=700, stretch='normal', size='scalable')) = 10.335
DEBUG:matplotlib.font_manager:findfont: score(FontEntry(fname='/usr/share/fonts/truetype/dejavu/DejaVuSerif-BoldItalic.ttf', name='DejaVu Serif', style='italic', variant='normal', weight=700, stretch='normal', size='scalable')) = 11.335
DEBUG:matplotlib.font_manager:findfont: score(FontEntry(fname='/usr/share/fonts/opentype/urw-base35/NimbusSans-Bold.otf', name='Nimbus Sans', style='normal', variant='normal', weight=700, stretch='normal', size='scalable')) = 10.335
DEBUG:matplotlib.font_manager:findfont: score(FontEntry(fname='/usr/share/fonts/truetype/tlwg/Purisa-Oblique.ttf', name='Purisa', style='oblique', variant='normal', weight=400, stretch='normal', size='scalable')) = 11.05
DEBUG:matplotlib.font_manager:findfont: score(FontEntry(fname='/usr/share/fonts/opentype/urw-base35/D050000L.otf', name='D050000L', style='normal', variant='normal', weight=400, stretch='normal', size='scalable')) = 10.05
DEBUG:matplotlib.font_manager:findfont: score(FontEntry(fname='/usr/share/fonts/truetype/teluguvijayam/SyamalaRamana.ttf', name='Syamala Ramana', style='normal', variant='normal', weight=400, stretch='normal', size='scalable')) = 10.05
DEBUG:matplotlib.font_manager:findfont: score(FontEntry(fname='/usr/share/fonts/truetype/tlwg/TlwgTypist-Bold.ttf', name='Tlwg Typist', style='normal', variant='normal', weight=700, stretch='normal', size='scalable')) = 10.335
DEBUG:matplotlib.font_manager:findfont: score(FontEntry(fname='/usr/share/fonts/truetype/tlwg/TlwgTypo.ttf', name='Tlwg Typo', style='normal', variant='normal', weight=400, stretch='normal', size='scalable')) = 10.05
DEBUG:matplotlib.font_manager:findfont: score(FontEntry(fname='/usr/share/fonts/truetype/ubuntu/Ubuntu-LI.ttf', name='Ubuntu', style='italic', variant='normal', weight=300, stretch='normal', size='scalable')) = 11.145
DEBUG:matplotlib.font_manager:findfont: score(FontEntry(fname='/usr/share/fonts/truetype/libreoffice/opens___.ttf', name='OpenSymbol', style='normal', variant='normal', weight=400, stretch='normal', size='scalable')) = 10.05
DEBUG:matplotlib.font_manager:findfont: score(FontEntry(fname='/usr/share/fonts/truetype/liberation/LiberationSansNarrow-Bold.ttf', name='Liberation Sans Narrow', style='normal', variant='normal', weight=700, stretch='condensed', size='scalable')) = 10.535
DEBUG:matplotlib.font_manager:findfont: score(FontEntry(fname='/usr/share/fonts/truetype/fonts-gujr-extra/padmaa.ttf', name='padmaa', style='normal', variant='normal', weight=500, stretch='normal', size='scalable')) = 10.145
DEBUG:matplotlib.font_manager:findfont: score(FontEntry(fname='/usr/share/fonts/truetype/ttf-khmeros-core/KhmerOS.ttf', name='Khmer OS', style='normal', variant='normal', weight=400, stretch='normal', size='scalable')) = 10.05
DEBUG:matplotlib.font_manager:findfont: score(FontEntry(fname='/usr/share/fonts/truetype/kacst-one/KacstOne.ttf', name='KacstOne', style='normal', variant='normal', weight=400, stretch='normal', size='scalable')) = 10.05
DEBUG:matplotlib.font_manager:findfont: score(FontEntry(fname='/usr/share/fonts/truetype/ubuntu/Ubuntu-L.ttf', name='Ubuntu', style='normal', variant='normal', weight=300, stretch='normal', size='scalable')) = 10.145
DEBUG:matplotlib.font_manager:findfont: score(FontEntry(fname='/usr/share/fonts/truetype/fonts-gujr-extra/aakar-medium.ttf', name='aakar', style='normal', variant='normal', weight=500, stretch='normal', size='scalable')) = 10.145
DEBUG:matplotlib.font_manager:findfont: score(FontEntry(fname='/usr/share/fonts/opentype/malayalam/Manjari-Bold.otf', name='Manjari', style='normal', variant='normal', weight=700, stretch='normal', size='scalable')) = 10.335
DEBUG:matplotlib.font_manager:findfont: score(FontEntry(fname='/usr/share/fonts/truetype/fonts-deva-extra/samanata.ttf', name='Samanata', style='normal', variant='normal', weight=400, stretch='normal', size='scalable')) = 10.05
DEBUG:matplotlib.font_manager:findfont: score(FontEntry(fname='/usr/share/fonts/truetype/noto/NotoMono-Regular.ttf', name='Noto Mono', style='normal', variant='normal', weight=400, stretch='normal', size='scalable')) = 10.05
DEBUG:matplotlib.font_manager:findfont: score(FontEntry(fname='/usr/share/fonts/truetype/teluguvijayam/TenaliRamakrishna-Regular.ttf', name='TenaliRamakrishna', style='normal', variant='normal', weight=400, stretch='normal', size='scalable')) = 10.05
DEBUG:matplotlib.font_manager:findfont: score(FontEntry(fname='/usr/share/fonts/truetype/teluguvijayam/NATS.ttf', name='NATS', style='normal', variant='normal', weight=400, stretch='normal', size='scalable')) = 10.05
DEBUG:matplotlib.font_manager:findfont: score(FontEntry(fname='/usr/share/fonts/truetype/freefont/FreeMonoBold.ttf', name='FreeMono', style='normal', variant='normal', weight=700, stretch='normal', size='scalable')) = 10.335
DEBUG:matplotlib.font_manager:findfont: score(FontEntry(fname='/usr/share/fonts/truetype/liberation/LiberationSansNarrow-Regular.ttf', name='Liberation Sans Narrow', style='normal', variant='normal', weight=400, stretch='condensed', size='scalable')) = 10.25
DEBUG:matplotlib.font_manager:findfont: score(FontEntry(fname='/usr/share/fonts/truetype/tlwg/Umpush-BoldOblique.ttf', name='Umpush', style='oblique', variant='normal', weight=700, stretch='normal', size='scalable')) = 11.335
DEBUG:matplotlib.font_manager:findfont: score(FontEntry(fname='/usr/share/fonts/truetype/freefont/FreeSerifItalic.ttf', name='FreeSerif', style='italic', variant='normal', weight=400, stretch='normal', size='scalable')) = 11.05
DEBUG:matplotlib.font_manager:findfont: score(FontEntry(fname='/usr/share/fonts/truetype/tlwg/Kinnari-BoldItalic.ttf', name='Kinnari', style='italic', variant='normal', weight=700, stretch='normal', size='scalable')) = 11.335
DEBUG:matplotlib.font_manager:findfont: score(FontEntry(fname='/usr/share/fonts/truetype/ubuntu/UbuntuMono-BI.ttf', name='Ubuntu Mono', style='italic', variant='normal', weight=700, stretch='normal', size='scalable')) = 11.335
DEBUG:matplotlib.font_manager:findfont: score(FontEntry(fname='/usr/share/fonts/truetype/teluguvijayam/Peddana-Regular.ttf', name='Peddana', style='normal', variant='normal', weight=400, stretch='normal', size='scalable')) = 10.05
DEBUG:matplotlib.font_manager:findfont: score(FontEntry(fname='/usr/share/fonts/truetype/lohit-kannada/Lohit-Kannada.ttf', name='Lohit Kannada', style='normal', variant='normal', weight=400, stretch='normal', size='scalable')) = 10.05
DEBUG:matplotlib.font_manager:findfont: score(FontEntry(fname='/usr/share/fonts/truetype/tlwg/TlwgTypewriter-Bold.ttf', name='Tlwg Typewriter', style='normal', variant='normal', weight=700, stretch='normal', size='scalable')) = 10.335
DEBUG:matplotlib.font_manager:findfont: score(FontEntry(fname='/usr/share/fonts/truetype/liberation/LiberationSansNarrow-BoldItalic.ttf', name='Liberation Sans Narrow', style='italic', variant='normal', weight=700, stretch='condensed', size='scalable')) = 11.535
DEBUG:matplotlib.font_manager:findfont: score(FontEntry(fname='/usr/share/fonts/truetype/kacst/KacstFarsi.ttf', name='KacstFarsi', style='normal', variant='normal', weight=500, stretch='normal', size='scalable')) = 10.145
DEBUG:matplotlib.font_manager:findfont: score(FontEntry(fname='/usr/share/fonts/truetype/ttf-khmeros-core/KhmerOSsys.ttf', name='Khmer OS System', style='normal', variant='normal', weight=400, stretch='normal', size='scalable')) = 10.05
DEBUG:matplotlib.font_manager:findfont: score(FontEntry(fname='/usr/share/fonts/truetype/dejavu/DejaVuSerif-Bold.ttf', name='DejaVu Serif', style='normal', variant='normal', weight=700, stretch='normal', size='scalable')) = 10.335
DEBUG:matplotlib.font_manager:findfont: score(FontEntry(fname='/usr/share/fonts/truetype/liberation2/LiberationSans-Italic.ttf', name='Liberation Sans', style='italic', variant='normal', weight=400, stretch='normal', size='scalable')) = 11.05
DEBUG:matplotlib.font_manager:findfont: score(FontEntry(fname='/usr/share/fonts/opentype/malayalam/Manjari-Regular.otf', name='Manjari', style='normal', variant='normal', weight=400, stretch='normal', size='scalable')) = 10.05
DEBUG:matplotlib.font_manager:findfont: score(FontEntry(fname='/usr/share/fonts/truetype/kacst/KacstPen.ttf', name='KacstPen', style='normal', variant='normal', weight=500, stretch='normal', size='scalable')) = 10.145
DEBUG:matplotlib.font_manager:findfont: score(FontEntry(fname='/usr/share/fonts/truetype/liberation/LiberationSans-Regular.ttf', name='Liberation Sans', style='normal', variant='normal', weight=400, stretch='normal', size='scalable')) = 10.05
DEBUG:matplotlib.font_manager:findfont: score(FontEntry(fname='/usr/share/fonts/truetype/malayalam/Keraleeyam-Regular.ttf', name='Keraleeyam', style='normal', variant='normal', weight=400, stretch='normal', size='scalable')) = 10.05
DEBUG:matplotlib.font_manager:findfont: score(FontEntry(fname='/usr/share/fonts/opentype/urw-base35/NimbusSansNarrow-Oblique.otf', name='Nimbus Sans Narrow', style='oblique', variant='normal', weight=400, stretch='condensed', size='scalable')) = 11.25
DEBUG:matplotlib.font_manager:findfont: score(FontEntry(fname='/usr/share/fonts/truetype/freefont/FreeSerifBold.ttf', name='FreeSerif', style='normal', variant='normal', weight=700, stretch='normal', size='scalable')) = 10.335
DEBUG:matplotlib.font_manager:findfont: score(FontEntry(fname='/usr/share/fonts/truetype/malayalam/Dyuthi-Regular.ttf', name='Dyuthi', style='normal', variant='normal', weight=400, stretch='normal', size='scalable')) = 10.05
DEBUG:matplotlib.font_manager:findfont: score(FontEntry(fname='/usr/share/fonts/opentype/urw-base35/P052-BoldItalic.otf', name='P052', style='italic', variant='normal', weight=700, stretch='normal', size='scalable')) = 11.335
DEBUG:matplotlib.font_manager:findfont: score(FontEntry(fname='/usr/share/fonts/truetype/tlwg/Purisa.ttf', name='Purisa', style='normal', variant='normal', weight=400, stretch='normal', size='scalable')) = 10.05
DEBUG:matplotlib.font_manager:findfont: score(FontEntry(fname='/usr/share/fonts/truetype/liberation2/LiberationSerif-Italic.ttf', name='Liberation Serif', style='italic', variant='normal', weight=400, stretch='normal', size='scalable')) = 11.05
DEBUG:matplotlib.font_manager:findfont: score(FontEntry(fname='/usr/share/fonts/truetype/noto/NotoSansMono-Regular.ttf', name='Noto Sans Mono', style='normal', variant='normal', weight=400, stretch='normal', size='scalable')) = 10.05
DEBUG:matplotlib.font_manager:findfont: score(FontEntry(fname='/usr/share/fonts/truetype/tlwg/TlwgTypewriter-Oblique.ttf', name='Tlwg Typewriter', style='oblique', variant='normal', weight=400, stretch='normal', size='scalable')) = 11.05
DEBUG:matplotlib.font_manager:findfont: score(FontEntry(fname='/usr/share/fonts/truetype/pagul/Pagul.ttf', name='Pagul', style='normal', variant='normal', weight=400, stretch='normal', size='scalable')) = 10.05
DEBUG:matplotlib.font_manager:findfont: score(FontEntry(fname='/usr/share/fonts/truetype/Navilu/Navilu.ttf', name='Navilu', style='normal', variant='normal', weight=400, stretch='normal', size='scalable')) = 10.05
DEBUG:matplotlib.font_manager:findfont: score(FontEntry(fname='/usr/share/fonts/truetype/kacst/KacstTitle.ttf', name='KacstTitle', style='normal', variant='normal', weight=500, stretch='normal', size='scalable')) = 10.145
DEBUG:matplotlib.font_manager:findfont: score(FontEntry(fname='/usr/share/fonts/truetype/dejavu/DejaVuMathTeXGyre.ttf', name='DejaVu Math TeX Gyre', style='normal', variant='normal', weight=400, stretch='normal', size='scalable')) = 10.05
DEBUG:matplotlib.font_manager:findfont: score(FontEntry(fname='/usr/share/fonts/opentype/urw-base35/Z003-MediumItalic.otf', name='Z003', style='italic', variant='normal', weight=500, stretch='normal', size='scalable')) = 11.145
DEBUG:matplotlib.font_manager:findfont: score(FontEntry(fname='/usr/share/fonts/opentype/urw-base35/URWBookman-DemiItalic.otf', name='URW Bookman', style='italic', variant='normal', weight=600, stretch='normal', size='scalable')) = 11.24
DEBUG:matplotlib.font_manager:findfont: score(FontEntry(fname='/usr/share/fonts/opentype/noto/NotoSansCJK-Bold.ttc', name='Noto Sans CJK JP', style='normal', variant='normal', weight=700, stretch='normal', size='scalable')) = 10.335
DEBUG:matplotlib.font_manager:findfont: score(FontEntry(fname='/usr/share/fonts/truetype/tlwg/Waree-Oblique.ttf', name='Waree', style='oblique', variant='normal', weight=400, stretch='normal', size='scalable')) = 11.05
DEBUG:matplotlib.font_manager:findfont: score(FontEntry(fname='/usr/share/fonts/truetype/dejavu/DejaVuSerifCondensed-Italic.ttf', name='DejaVu Serif', style='italic', variant='normal', weight=400, stretch='condensed', size='scalable')) = 11.25
DEBUG:matplotlib.font_manager:findfont: score(FontEntry(fname='/usr/share/fonts/truetype/tlwg/Kinnari-BoldOblique.ttf', name='Kinnari', style='oblique', variant='normal', weight=700, stretch='normal', size='scalable')) = 11.335
DEBUG:matplotlib.font_manager:findfont: score(FontEntry(fname='/usr/share/fonts/truetype/noto/NotoSansMono-Bold.ttf', name='Noto Sans Mono', style='normal', variant='normal', weight=700, stretch='normal', size='scalable')) = 10.335
DEBUG:matplotlib.font_manager:findfont: score(FontEntry(fname='/usr/share/fonts/truetype/kacst/KacstPoster.ttf', name='KacstPoster', style='normal', variant='normal', weight=500, stretch='normal', size='scalable')) = 10.145
DEBUG:matplotlib.font_manager:findfont: score(FontEntry(fname='/usr/share/fonts/truetype/tlwg/Waree-BoldOblique.ttf', name='Waree', style='oblique', variant='normal', weight=700, stretch='normal', size='scalable')) = 11.335
DEBUG:matplotlib.font_manager:findfont: score(FontEntry(fname='/usr/share/fonts/truetype/padauk/Padauk-Regular.ttf', name='Padauk', style='normal', variant='normal', weight=400, stretch='normal', size='scalable')) = 10.05
DEBUG:matplotlib.font_manager:findfont: Matching sans\-serif:style=normal:variant=normal:weight=normal:stretch=normal:size=9.0 to DejaVu Sans ('/home/tntiniak/Work/PhysiCell-Studios/PhysiCell-Studio/env/lib/python3.10/site-packages/matplotlib/mpl-data/fonts/ttf/DejaVuSans.ttf') with score of 0.050000.
DEBUG:root:ics_tab.py: fill_celltype_combobox(): ['agent']
DEBUG:root:ics_tab.py: ------- fill_substrate_combobox
DEBUG:root: --> oxygen
DEBUG:matplotlib.colorbar:colorbar update normal <matplotlib.colors.Normalize object at 0x77bfc01724a0> <matplotlib.colors.Normalize object at 0x77bfc01b4340>
DEBUG:matplotlib.colorbar:locator: <matplotlib.ticker.AutoLocator object at 0x77bfc01fd8a0>
DEBUG:matplotlib.colorbar:colorbar update normal <matplotlib.colors.Normalize object at 0x77bfc0172590> <matplotlib.colors.Normalize object at 0x77bfc01724a0>
DEBUG:matplotlib.colorbar:locator: <matplotlib.ticker.AutoLocator object at 0x77bfc0172560>
DEBUG:root:ics_tab.py: fill_celltype_combobox(): ['agent']
DEBUG:root:ics_tab.py: ------- fill_substrate_combobox
DEBUG:matplotlib.colorbar:colorbar update normal <matplotlib.colors.Normalize object at 0x77bfc01b4280> <matplotlib.colors.Normalize object at 0x77bfc0172590>
DEBUG:matplotlib.colorbar:locator: <matplotlib.ticker.AutoLocator object at 0x77bfc01fdb70>
DEBUG:matplotlib.colorbar:colorbar update normal <matplotlib.colors.Normalize object at 0x77bfc0172470> <matplotlib.colors.Normalize object at 0x77bfc01b4280>
DEBUG:matplotlib.colorbar:locator: <matplotlib.ticker.AutoLocator object at 0x77bfc01725c0>
DEBUG:root: --> oxygen
DEBUG:matplotlib.colorbar:colorbar update normal <matplotlib.colors.Normalize object at 0x77bfc01724d0> <matplotlib.colors.Normalize object at 0x77bfc0172470>
DEBUG:matplotlib.colorbar:locator: <matplotlib.ticker.AutoLocator object at 0x77bfc01b4280>
DEBUG:matplotlib.colorbar:colorbar update normal <matplotlib.colors.Normalize object at 0x77bfc0172470> <matplotlib.colors.Normalize object at 0x77bfc01724d0>
DEBUG:matplotlib.colorbar:locator: <matplotlib.ticker.AutoLocator object at 0x77bfc01b5810>
DEBUG:root:ics_tab.py: ------- fill_substrate_combobox
DEBUG:matplotlib.colorbar:colorbar update normal <matplotlib.colors.Normalize object at 0x77bfc0170ee0> <matplotlib.colors.Normalize object at 0x77bfc0172470>
DEBUG:matplotlib.colorbar:locator: <matplotlib.ticker.AutoLocator object at 0x77bfc01fd9f0>
DEBUG:matplotlib.colorbar:colorbar update normal <matplotlib.colors.Normalize object at 0x77bfc0172470> <matplotlib.colors.Normalize object at 0x77bfc0170ee0>
DEBUG:matplotlib.colorbar:locator: <matplotlib.ticker.AutoLocator object at 0x77bfc01fd930>
DEBUG:root: --> oxygen
DEBUG:matplotlib.colorbar:colorbar update normal <matplotlib.colors.Normalize object at 0x77bfc01b51e0> <matplotlib.colors.Normalize object at 0x77bfc0172470>
DEBUG:matplotlib.colorbar:locator: <matplotlib.ticker.AutoLocator object at 0x77bfbfd7bcd0>
DEBUG:matplotlib.colorbar:colorbar update normal <matplotlib.colors.Normalize object at 0x77bfc0170f10> <matplotlib.colors.Normalize object at 0x77bfc01b51e0>
DEBUG:matplotlib.colorbar:locator: <matplotlib.ticker.AutoLocator object at 0x77bfbfd55630>
DEBUG:root:studio.py: calling vis_tab.substrates_cbox_changed_cb(2)
DEBUG:matplotlib.font_manager:findfont: Matching sans\-serif:style=normal:variant=normal:weight=normal:stretch=normal:size=7.0.
DEBUG:matplotlib.font_manager:findfont: score(FontEntry(fname='/home/tntiniak/Work/PhysiCell-Studios/PhysiCell-Studio/env/lib/python3.10/site-packages/matplotlib/mpl-data/fonts/ttf/cmr10.ttf', name='cmr10', style='normal', variant='normal', weight=400, stretch='normal', size='scalable')) = 10.05
DEBUG:matplotlib.font_manager:findfont: score(FontEntry(fname='/home/tntiniak/Work/PhysiCell-Studios/PhysiCell-Studio/env/lib/python3.10/site-packages/matplotlib/mpl-data/fonts/ttf/DejaVuSerif-Bold.ttf', name='DejaVu Serif', style='normal', variant='normal', weight=700, stretch='normal', size='scalable')) = 10.335
DEBUG:matplotlib.font_manager:findfont: score(FontEntry(fname='/home/tntiniak/Work/PhysiCell-Studios/PhysiCell-Studio/env/lib/python3.10/site-packages/matplotlib/mpl-data/fonts/ttf/STIXNonUniIta.ttf', name='STIXNonUnicode', style='italic', variant='normal', weight=400, stretch='normal', size='scalable')) = 11.05
DEBUG:matplotlib.font_manager:findfont: score(FontEntry(fname='/home/tntiniak/Work/PhysiCell-Studios/PhysiCell-Studio/env/lib/python3.10/site-packages/matplotlib/mpl-data/fonts/ttf/DejaVuSansMono-Bold.ttf', name='DejaVu Sans Mono', style='normal', variant='normal', weight=700, stretch='normal', size='scalable')) = 10.335
DEBUG:matplotlib.font_manager:findfont: score(FontEntry(fname='/home/tntiniak/Work/PhysiCell-Studios/PhysiCell-Studio/env/lib/python3.10/site-packages/matplotlib/mpl-data/fonts/ttf/DejaVuSerif-Italic.ttf', name='DejaVu Serif', style='italic', variant='normal', weight=400, stretch='normal', size='scalable')) = 11.05
DEBUG:matplotlib.font_manager:findfont: score(FontEntry(fname='/home/tntiniak/Work/PhysiCell-Studios/PhysiCell-Studio/env/lib/python3.10/site-packages/matplotlib/mpl-data/fonts/ttf/STIXSizFourSymBol.ttf', name='STIXSizeFourSym', style='normal', variant='normal', weight=700, stretch='normal', size='scalable')) = 10.335
DEBUG:matplotlib.font_manager:findfont: score(FontEntry(fname='/home/tntiniak/Work/PhysiCell-Studios/PhysiCell-Studio/env/lib/python3.10/site-packages/matplotlib/mpl-data/fonts/ttf/STIXGeneralItalic.ttf', name='STIXGeneral', style='italic', variant='normal', weight=400, stretch='normal', size='scalable')) = 11.05
DEBUG:matplotlib.font_manager:findfont: score(FontEntry(fname='/home/tntiniak/Work/PhysiCell-Studios/PhysiCell-Studio/env/lib/python3.10/site-packages/matplotlib/mpl-data/fonts/ttf/STIXSizFourSymReg.ttf', name='STIXSizeFourSym', style='normal', variant='normal', weight=400, stretch='normal', size='scalable')) = 10.05
DEBUG:matplotlib.font_manager:findfont: score(FontEntry(fname='/home/tntiniak/Work/PhysiCell-Studios/PhysiCell-Studio/env/lib/python3.10/site-packages/matplotlib/mpl-data/fonts/ttf/STIXSizThreeSymReg.ttf', name='STIXSizeThreeSym', style='normal', variant='normal', weight=400, stretch='normal', size='scalable')) = 10.05
DEBUG:matplotlib.font_manager:findfont: score(FontEntry(fname='/home/tntiniak/Work/PhysiCell-Studios/PhysiCell-Studio/env/lib/python3.10/site-packages/matplotlib/mpl-data/fonts/ttf/cmtt10.ttf', name='cmtt10', style='normal', variant='normal', weight=400, stretch='normal', size='scalable')) = 10.05
DEBUG:matplotlib.font_manager:findfont: score(FontEntry(fname='/home/tntiniak/Work/PhysiCell-Studios/PhysiCell-Studio/env/lib/python3.10/site-packages/matplotlib/mpl-data/fonts/ttf/DejaVuSans-BoldOblique.ttf', name='DejaVu Sans', style='oblique', variant='normal', weight=700, stretch='normal', size='scalable')) = 1.335
DEBUG:matplotlib.font_manager:findfont: score(FontEntry(fname='/home/tntiniak/Work/PhysiCell-Studios/PhysiCell-Studio/env/lib/python3.10/site-packages/matplotlib/mpl-data/fonts/ttf/STIXSizFiveSymReg.ttf', name='STIXSizeFiveSym', style='normal', variant='normal', weight=400, stretch='normal', size='scalable')) = 10.05
DEBUG:matplotlib.font_manager:findfont: score(FontEntry(fname='/home/tntiniak/Work/PhysiCell-Studios/PhysiCell-Studio/env/lib/python3.10/site-packages/matplotlib/mpl-data/fonts/ttf/STIXSizTwoSymBol.ttf', name='STIXSizeTwoSym', style='normal', variant='normal', weight=700, stretch='normal', size='scalable')) = 10.335
DEBUG:matplotlib.font_manager:findfont: score(FontEntry(fname='/home/tntiniak/Work/PhysiCell-Studios/PhysiCell-Studio/env/lib/python3.10/site-packages/matplotlib/mpl-data/fonts/ttf/cmsy10.ttf', name='cmsy10', style='normal', variant='normal', weight=400, stretch='normal', size='scalable')) = 10.05
DEBUG:matplotlib.font_manager:findfont: score(FontEntry(fname='/home/tntiniak/Work/PhysiCell-Studios/PhysiCell-Studio/env/lib/python3.10/site-packages/matplotlib/mpl-data/fonts/ttf/STIXGeneralBolIta.ttf', name='STIXGeneral', style='italic', variant='normal', weight=700, stretch='normal', size='scalable')) = 11.335
DEBUG:matplotlib.font_manager:findfont: score(FontEntry(fname='/home/tntiniak/Work/PhysiCell-Studios/PhysiCell-Studio/env/lib/python3.10/site-packages/matplotlib/mpl-data/fonts/ttf/cmb10.ttf', name='cmb10', style='normal', variant='normal', weight=400, stretch='normal', size='scalable')) = 10.05
DEBUG:matplotlib.font_manager:findfont: score(FontEntry(fname='/home/tntiniak/Work/PhysiCell-Studios/PhysiCell-Studio/env/lib/python3.10/site-packages/matplotlib/mpl-data/fonts/ttf/STIXGeneral.ttf', name='STIXGeneral', style='normal', variant='normal', weight=400, stretch='normal', size='scalable')) = 10.05
DEBUG:matplotlib.font_manager:findfont: score(FontEntry(fname='/home/tntiniak/Work/PhysiCell-Studios/PhysiCell-Studio/env/lib/python3.10/site-packages/matplotlib/mpl-data/fonts/ttf/DejaVuSansDisplay.ttf', name='DejaVu Sans Display', style='normal', variant='normal', weight=400, stretch='normal', size='scalable')) = 10.05
DEBUG:matplotlib.font_manager:findfont: score(FontEntry(fname='/home/tntiniak/Work/PhysiCell-Studios/PhysiCell-Studio/env/lib/python3.10/site-packages/matplotlib/mpl-data/fonts/ttf/STIXNonUniBolIta.ttf', name='STIXNonUnicode', style='italic', variant='normal', weight=700, stretch='normal', size='scalable')) = 11.335
DEBUG:matplotlib.font_manager:findfont: score(FontEntry(fname='/home/tntiniak/Work/PhysiCell-Studios/PhysiCell-Studio/env/lib/python3.10/site-packages/matplotlib/mpl-data/fonts/ttf/DejaVuSansMono-Oblique.ttf', name='DejaVu Sans Mono', style='oblique', variant='normal', weight=400, stretch='normal', size='scalable')) = 11.05
DEBUG:matplotlib.font_manager:findfont: score(FontEntry(fname='/home/tntiniak/Work/PhysiCell-Studios/PhysiCell-Studio/env/lib/python3.10/site-packages/matplotlib/mpl-data/fonts/ttf/DejaVuSansMono-BoldOblique.ttf', name='DejaVu Sans Mono', style='oblique', variant='normal', weight=700, stretch='normal', size='scalable')) = 11.335
DEBUG:matplotlib.font_manager:findfont: score(FontEntry(fname='/home/tntiniak/Work/PhysiCell-Studios/PhysiCell-Studio/env/lib/python3.10/site-packages/matplotlib/mpl-data/fonts/ttf/DejaVuSansMono.ttf', name='DejaVu Sans Mono', style='normal', variant='normal', weight=400, stretch='normal', size='scalable')) = 10.05
DEBUG:matplotlib.font_manager:findfont: score(FontEntry(fname='/home/tntiniak/Work/PhysiCell-Studios/PhysiCell-Studio/env/lib/python3.10/site-packages/matplotlib/mpl-data/fonts/ttf/cmss10.ttf', name='cmss10', style='normal', variant='normal', weight=400, stretch='normal', size='scalable')) = 10.05
DEBUG:matplotlib.font_manager:findfont: score(FontEntry(fname='/home/tntiniak/Work/PhysiCell-Studios/PhysiCell-Studio/env/lib/python3.10/site-packages/matplotlib/mpl-data/fonts/ttf/STIXGeneralBol.ttf', name='STIXGeneral', style='normal', variant='normal', weight=700, stretch='normal', size='scalable')) = 10.335
DEBUG:matplotlib.font_manager:findfont: score(FontEntry(fname='/home/tntiniak/Work/PhysiCell-Studios/PhysiCell-Studio/env/lib/python3.10/site-packages/matplotlib/mpl-data/fonts/ttf/STIXSizOneSymBol.ttf', name='STIXSizeOneSym', style='normal', variant='normal', weight=700, stretch='normal', size='scalable')) = 10.335
DEBUG:matplotlib.font_manager:findfont: score(FontEntry(fname='/home/tntiniak/Work/PhysiCell-Studios/PhysiCell-Studio/env/lib/python3.10/site-packages/matplotlib/mpl-data/fonts/ttf/STIXSizThreeSymBol.ttf', name='STIXSizeThreeSym', style='normal', variant='normal', weight=700, stretch='normal', size='scalable')) = 10.335
DEBUG:matplotlib.font_manager:findfont: score(FontEntry(fname='/home/tntiniak/Work/PhysiCell-Studios/PhysiCell-Studio/env/lib/python3.10/site-packages/matplotlib/mpl-data/fonts/ttf/DejaVuSans-Oblique.ttf', name='DejaVu Sans', style='oblique', variant='normal', weight=400, stretch='normal', size='scalable')) = 1.05
DEBUG:matplotlib.font_manager:findfont: score(FontEntry(fname='/home/tntiniak/Work/PhysiCell-Studios/PhysiCell-Studio/env/lib/python3.10/site-packages/matplotlib/mpl-data/fonts/ttf/DejaVuSans-Bold.ttf', name='DejaVu Sans', style='normal', variant='normal', weight=700, stretch='normal', size='scalable')) = 0.33499999999999996
DEBUG:matplotlib.font_manager:findfont: score(FontEntry(fname='/home/tntiniak/Work/PhysiCell-Studios/PhysiCell-Studio/env/lib/python3.10/site-packages/matplotlib/mpl-data/fonts/ttf/STIXNonUniBol.ttf', name='STIXNonUnicode', style='normal', variant='normal', weight=700, stretch='normal', size='scalable')) = 10.335
DEBUG:matplotlib.font_manager:findfont: score(FontEntry(fname='/home/tntiniak/Work/PhysiCell-Studios/PhysiCell-Studio/env/lib/python3.10/site-packages/matplotlib/mpl-data/fonts/ttf/DejaVuSerif-BoldItalic.ttf', name='DejaVu Serif', style='italic', variant='normal', weight=700, stretch='normal', size='scalable')) = 11.335
DEBUG:matplotlib.font_manager:findfont: score(FontEntry(fname='/home/tntiniak/Work/PhysiCell-Studios/PhysiCell-Studio/env/lib/python3.10/site-packages/matplotlib/mpl-data/fonts/ttf/STIXSizTwoSymReg.ttf', name='STIXSizeTwoSym', style='normal', variant='normal', weight=400, stretch='normal', size='scalable')) = 10.05
DEBUG:matplotlib.font_manager:findfont: score(FontEntry(fname='/home/tntiniak/Work/PhysiCell-Studios/PhysiCell-Studio/env/lib/python3.10/site-packages/matplotlib/mpl-data/fonts/ttf/DejaVuSans.ttf', name='DejaVu Sans', style='normal', variant='normal', weight=400, stretch='normal', size='scalable')) = 0.05
DEBUG:matplotlib.font_manager:findfont: score(FontEntry(fname='/home/tntiniak/Work/PhysiCell-Studios/PhysiCell-Studio/env/lib/python3.10/site-packages/matplotlib/mpl-data/fonts/ttf/cmmi10.ttf', name='cmmi10', style='normal', variant='normal', weight=400, stretch='normal', size='scalable')) = 10.05
DEBUG:matplotlib.font_manager:findfont: score(FontEntry(fname='/home/tntiniak/Work/PhysiCell-Studios/PhysiCell-Studio/env/lib/python3.10/site-packages/matplotlib/mpl-data/fonts/ttf/DejaVuSerifDisplay.ttf', name='DejaVu Serif Display', style='normal', variant='normal', weight=400, stretch='normal', size='scalable')) = 10.05
DEBUG:matplotlib.font_manager:findfont: score(FontEntry(fname='/home/tntiniak/Work/PhysiCell-Studios/PhysiCell-Studio/env/lib/python3.10/site-packages/matplotlib/mpl-data/fonts/ttf/STIXSizOneSymReg.ttf', name='STIXSizeOneSym', style='normal', variant='normal', weight=400, stretch='normal', size='scalable')) = 10.05
DEBUG:matplotlib.font_manager:findfont: score(FontEntry(fname='/home/tntiniak/Work/PhysiCell-Studios/PhysiCell-Studio/env/lib/python3.10/site-packages/matplotlib/mpl-data/fonts/ttf/STIXNonUni.ttf', name='STIXNonUnicode', style='normal', variant='normal', weight=400, stretch='normal', size='scalable')) = 10.05
DEBUG:matplotlib.font_manager:findfont: score(FontEntry(fname='/home/tntiniak/Work/PhysiCell-Studios/PhysiCell-Studio/env/lib/python3.10/site-packages/matplotlib/mpl-data/fonts/ttf/cmex10.ttf', name='cmex10', style='normal', variant='normal', weight=400, stretch='normal', size='scalable')) = 10.05
DEBUG:matplotlib.font_manager:findfont: score(FontEntry(fname='/home/tntiniak/Work/PhysiCell-Studios/PhysiCell-Studio/env/lib/python3.10/site-packages/matplotlib/mpl-data/fonts/ttf/DejaVuSerif.ttf', name='DejaVu Serif', style='normal', variant='normal', weight=400, stretch='normal', size='scalable')) = 10.05
DEBUG:matplotlib.font_manager:findfont: score(FontEntry(fname='/usr/share/fonts/opentype/urw-base35/NimbusSansNarrow-Regular.otf', name='Nimbus Sans Narrow', style='normal', variant='normal', weight=400, stretch='condensed', size='scalable')) = 10.25
DEBUG:matplotlib.font_manager:findfont: score(FontEntry(fname='/usr/share/fonts/truetype/liberation2/LiberationSans-Regular.ttf', name='Liberation Sans', style='normal', variant='normal', weight=400, stretch='normal', size='scalable')) = 10.05
DEBUG:matplotlib.font_manager:findfont: score(FontEntry(fname='/usr/share/fonts/truetype/liberation/LiberationSerif-Regular.ttf', name='Liberation Serif', style='normal', variant='normal', weight=400, stretch='normal', size='scalable')) = 10.05
DEBUG:matplotlib.font_manager:findfont: score(FontEntry(fname='/usr/share/fonts/truetype/tlwg/Norasi-Italic.ttf', name='Norasi', style='italic', variant='normal', weight=400, stretch='normal', size='scalable')) = 11.05
DEBUG:matplotlib.font_manager:findfont: score(FontEntry(fname='/usr/share/fonts/truetype/fonts-telu-extra/vemana2000.ttf', name='Vemana2000', style='normal', variant='normal', weight=400, stretch='normal', size='scalable')) = 10.05
DEBUG:matplotlib.font_manager:findfont: score(FontEntry(fname='/usr/share/fonts/truetype/tlwg/TlwgMono-Bold.ttf', name='Tlwg Mono', style='normal', variant='normal', weight=700, stretch='normal', size='scalable')) = 10.335
DEBUG:matplotlib.font_manager:findfont: score(FontEntry(fname='/usr/share/fonts/truetype/fonts-yrsa-rasa/Yrsa-SemiBold.ttf', name='Yrsa', style='normal', variant='normal', weight=600, stretch='normal', size='scalable')) = 10.24
DEBUG:matplotlib.font_manager:findfont: score(FontEntry(fname='/usr/share/fonts/truetype/lohit-devanagari/Lohit-Devanagari.ttf', name='Lohit Devanagari', style='normal', variant='normal', weight=400, stretch='normal', size='scalable')) = 10.05
DEBUG:matplotlib.font_manager:findfont: score(FontEntry(fname='/usr/share/fonts/truetype/tlwg/TlwgTypist-Oblique.ttf', name='Tlwg Typist', style='oblique', variant='normal', weight=400, stretch='normal', size='scalable')) = 11.05
DEBUG:matplotlib.font_manager:findfont: score(FontEntry(fname='/usr/share/fonts/truetype/ubuntu/Ubuntu-R.ttf', name='Ubuntu', style='normal', variant='normal', weight=400, stretch='normal', size='scalable')) = 10.05
DEBUG:matplotlib.font_manager:findfont: score(FontEntry(fname='/usr/share/fonts/truetype/samyak/Samyak-Devanagari.ttf', name='Samyak Devanagari', style='normal', variant='normal', weight=500, stretch='normal', size='scalable')) = 10.145
DEBUG:matplotlib.font_manager:findfont: score(FontEntry(fname='/usr/share/fonts/truetype/tlwg/Laksaman-Italic.ttf', name='Laksaman', style='italic', variant='normal', weight=400, stretch='normal', size='scalable')) = 11.05
DEBUG:matplotlib.font_manager:findfont: score(FontEntry(fname='/usr/share/fonts/truetype/teluguvijayam/dhurjati.ttf', name='Dhurjati', style='normal', variant='normal', weight=400, stretch='normal', size='scalable')) = 10.05
DEBUG:matplotlib.font_manager:findfont: score(FontEntry(fname='/usr/share/fonts/truetype/tlwg/Umpush.ttf', name='Umpush', style='normal', variant='normal', weight=400, stretch='normal', size='scalable')) = 10.05
DEBUG:matplotlib.font_manager:findfont: score(FontEntry(fname='/usr/share/fonts/opentype/urw-base35/C059-Bold.otf', name='C059', style='normal', variant='normal', weight=700, stretch='normal', size='scalable')) = 10.335
DEBUG:matplotlib.font_manager:findfont: score(FontEntry(fname='/usr/share/fonts/truetype/tlwg/Garuda-BoldOblique.ttf', name='Garuda', style='oblique', variant='normal', weight=700, stretch='normal', size='scalable')) = 11.335
DEBUG:matplotlib.font_manager:findfont: score(FontEntry(fname='/usr/share/fonts/opentype/urw-base35/P052-Roman.otf', name='P052', style='normal', variant='normal', weight=400, stretch='normal', size='scalable')) = 10.05
DEBUG:matplotlib.font_manager:findfont: score(FontEntry(fname='/usr/share/fonts/opentype/urw-base35/NimbusSans-Italic.otf', name='Nimbus Sans', style='italic', variant='normal', weight=400, stretch='normal', size='scalable')) = 11.05
DEBUG:matplotlib.font_manager:findfont: score(FontEntry(fname='/usr/share/fonts/truetype/tlwg/Sawasdee-Bold.ttf', name='Sawasdee', style='normal', variant='normal', weight=700, stretch='normal', size='scalable')) = 10.335
DEBUG:matplotlib.font_manager:findfont: score(FontEntry(fname='/usr/share/fonts/truetype/tlwg/Umpush-Light.ttf', name='Umpush', style='normal', variant='normal', weight=300, stretch='normal', size='scalable')) = 10.145
DEBUG:matplotlib.font_manager:findfont: score(FontEntry(fname='/usr/share/fonts/truetype/kacst/KacstLetter.ttf', name='KacstLetter', style='normal', variant='normal', weight=500, stretch='normal', size='scalable')) = 10.145
DEBUG:matplotlib.font_manager:findfont: score(FontEntry(fname='/usr/share/fonts/truetype/liberation2/LiberationSerif-BoldItalic.ttf', name='Liberation Serif', style='italic', variant='normal', weight=700, stretch='normal', size='scalable')) = 11.335
DEBUG:matplotlib.font_manager:findfont: score(FontEntry(fname='/usr/share/fonts/truetype/malayalam/Karumbi-Regular.ttf', name='Karumbi', style='normal', variant='normal', weight=400, stretch='normal', size='scalable')) = 10.05
DEBUG:matplotlib.font_manager:findfont: score(FontEntry(fname='/usr/share/fonts/opentype/urw-base35/URWGothic-BookOblique.otf', name='URW Gothic', style='oblique', variant='normal', weight=400, stretch='normal', size='scalable')) = 11.05
DEBUG:matplotlib.font_manager:findfont: score(FontEntry(fname='/usr/share/fonts/truetype/dejavu/DejaVuSerifCondensed-Bold.ttf', name='DejaVu Serif', style='normal', variant='normal', weight=700, stretch='condensed', size='scalable')) = 10.535
DEBUG:matplotlib.font_manager:findfont: score(FontEntry(fname='/usr/share/fonts/truetype/ubuntu/Ubuntu-MI.ttf', name='Ubuntu', style='italic', variant='normal', weight=500, stretch='normal', size='scalable')) = 11.145
DEBUG:matplotlib.font_manager:findfont: score(FontEntry(fname='/usr/share/fonts/truetype/Sahadeva/sahadeva.ttf', name='Sahadeva', style='normal', variant='normal', weight=400, stretch='normal', size='scalable')) = 10.05
DEBUG:matplotlib.font_manager:findfont: score(FontEntry(fname='/usr/share/fonts/truetype/kacst/KacstOffice.ttf', name='KacstOffice', style='normal', variant='normal', weight=500, stretch='normal', size='scalable')) = 10.145
DEBUG:matplotlib.font_manager:findfont: score(FontEntry(fname='/usr/share/fonts/truetype/samyak-fonts/Samyak-Tamil.ttf', name='Samyak Tamil', style='normal', variant='normal', weight=500, stretch='normal', size='scalable')) = 10.145
DEBUG:matplotlib.font_manager:findfont: score(FontEntry(fname='/usr/share/fonts/truetype/kacst/KacstQurn.ttf', name='KacstQurn', style='normal', variant='normal', weight=400, stretch='normal', size='scalable')) = 10.05
DEBUG:matplotlib.font_manager:findfont: score(FontEntry(fname='/usr/share/fonts/opentype/urw-base35/URWBookman-Light.otf', name='URW Bookman', style='normal', variant='normal', weight=300, stretch='normal', size='scalable')) = 10.145
DEBUG:matplotlib.font_manager:findfont: score(FontEntry(fname='/usr/share/fonts/truetype/tlwg/TlwgTypo-BoldOblique.ttf', name='Tlwg Typo', style='oblique', variant='normal', weight=700, stretch='normal', size='scalable')) = 11.335
DEBUG:matplotlib.font_manager:findfont: score(FontEntry(fname='/usr/share/fonts/truetype/tlwg/Kinnari-Oblique.ttf', name='Kinnari', style='oblique', variant='normal', weight=400, stretch='normal', size='scalable')) = 11.05
DEBUG:matplotlib.font_manager:findfont: score(FontEntry(fname='/usr/share/fonts/truetype/tlwg/Loma-Oblique.ttf', name='Loma', style='oblique', variant='normal', weight=400, stretch='normal', size='scalable')) = 11.05
DEBUG:matplotlib.font_manager:findfont: score(FontEntry(fname='/usr/share/fonts/truetype/Sarai/Sarai.ttf', name='Sarai', style='normal', variant='normal', weight=400, stretch='normal', size='scalable')) = 10.05
DEBUG:matplotlib.font_manager:findfont: score(FontEntry(fname='/usr/share/fonts/truetype/sinhala/lklug.ttf', name='LKLUG', style='normal', variant='normal', weight=400, stretch='normal', size='scalable')) = 10.05
DEBUG:matplotlib.font_manager:findfont: score(FontEntry(fname='/usr/share/fonts/truetype/liberation/LiberationSans-Italic.ttf', name='Liberation Sans', style='italic', variant='normal', weight=400, stretch='normal', size='scalable')) = 11.05
DEBUG:matplotlib.font_manager:findfont: score(FontEntry(fname='/usr/share/fonts/truetype/tlwg/Purisa-BoldOblique.ttf', name='Purisa', style='oblique', variant='normal', weight=700, stretch='normal', size='scalable')) = 11.335
DEBUG:matplotlib.font_manager:findfont: score(FontEntry(fname='/usr/share/fonts/truetype/liberation/LiberationSans-Bold.ttf', name='Liberation Sans', style='normal', variant='normal', weight=700, stretch='normal', size='scalable')) = 10.335
DEBUG:matplotlib.font_manager:findfont: score(FontEntry(fname='/usr/share/fonts/truetype/tlwg/Norasi-BoldItalic.ttf', name='Norasi', style='italic', variant='normal', weight=700, stretch='normal', size='scalable')) = 11.335
DEBUG:matplotlib.font_manager:findfont: score(FontEntry(fname='/usr/share/fonts/opentype/urw-base35/NimbusSans-Regular.otf', name='Nimbus Sans', style='normal', variant='normal', weight=400, stretch='normal', size='scalable')) = 10.05
DEBUG:matplotlib.font_manager:findfont: score(FontEntry(fname='/usr/share/fonts/truetype/tlwg/TlwgTypo-Bold.ttf', name='Tlwg Typo', style='normal', variant='normal', weight=700, stretch='normal', size='scalable')) = 10.335
DEBUG:matplotlib.font_manager:findfont: score(FontEntry(fname='/usr/share/fonts/truetype/teluguvijayam/LakkiReddy.ttf', name='LakkiReddy', style='normal', variant='normal', weight=400, stretch='normal', size='scalable')) = 10.05
DEBUG:matplotlib.font_manager:findfont: score(FontEntry(fname='/usr/share/fonts/truetype/abyssinica/AbyssinicaSIL-Regular.ttf', name='Abyssinica SIL', style='normal', variant='normal', weight=400, stretch='normal', size='scalable')) = 10.05
DEBUG:matplotlib.font_manager:findfont: score(FontEntry(fname='/usr/share/fonts/truetype/freefont/FreeSerifBoldItalic.ttf', name='FreeSerif', style='italic', variant='normal', weight=700, stretch='normal', size='scalable')) = 11.335
DEBUG:matplotlib.font_manager:findfont: score(FontEntry(fname='/usr/share/fonts/truetype/fonts-yrsa-rasa/Yrsa-Regular.ttf', name='Yrsa', style='normal', variant='normal', weight=400, stretch='normal', size='scalable')) = 10.05
DEBUG:matplotlib.font_manager:findfont: score(FontEntry(fname='/usr/share/fonts/truetype/tlwg/Umpush-LightOblique.ttf', name='Umpush', style='oblique', variant='normal', weight=300, stretch='normal', size='scalable')) = 11.145
DEBUG:matplotlib.font_manager:findfont: score(FontEntry(fname='/usr/share/fonts/truetype/freefont/FreeSansBold.ttf', name='FreeSans', style='normal', variant='normal', weight=600, stretch='normal', size='scalable')) = 10.24
DEBUG:matplotlib.font_manager:findfont: score(FontEntry(fname='/usr/share/fonts/truetype/liberation2/LiberationSans-BoldItalic.ttf', name='Liberation Sans', style='italic', variant='normal', weight=700, stretch='normal', size='scalable')) = 11.335
DEBUG:matplotlib.font_manager:findfont: score(FontEntry(fname='/usr/share/fonts/truetype/fonts-orya-extra/utkal.ttf', name='ori1Uni', style='normal', variant='normal', weight=500, stretch='normal', size='scalable')) = 10.145
DEBUG:matplotlib.font_manager:findfont: score(FontEntry(fname='/usr/share/fonts/truetype/tlwg/Norasi-Bold.ttf', name='Norasi', style='normal', variant='normal', weight=700, stretch='normal', size='scalable')) = 10.335
DEBUG:matplotlib.font_manager:findfont: score(FontEntry(fname='/usr/share/fonts/truetype/tlwg/TlwgTypist-BoldOblique.ttf', name='Tlwg Typist', style='oblique', variant='normal', weight=700, stretch='normal', size='scalable')) = 11.335
DEBUG:matplotlib.font_manager:findfont: score(FontEntry(fname='/usr/share/fonts/truetype/teluguvijayam/Gurajada.ttf', name='Gurajada', style='normal', variant='normal', weight=400, stretch='normal', size='scalable')) = 10.05
DEBUG:matplotlib.font_manager:findfont: score(FontEntry(fname='/usr/share/fonts/truetype/liberation2/LiberationMono-Bold.ttf', name='Liberation Mono', style='normal', variant='normal', weight=700, stretch='normal', size='scalable')) = 10.335
DEBUG:matplotlib.font_manager:findfont: score(FontEntry(fname='/usr/share/fonts/truetype/lao/Phetsarath_OT.ttf', name='Phetsarath OT', style='normal', variant='normal', weight=400, stretch='normal', size='scalable')) = 10.05
DEBUG:matplotlib.font_manager:findfont: score(FontEntry(fname='/usr/share/fonts/opentype/noto/NotoSansCJK-Regular.ttc', name='Noto Sans CJK JP', style='normal', variant='normal', weight=400, stretch='normal', size='scalable')) = 10.05
DEBUG:matplotlib.font_manager:findfont: score(FontEntry(fname='/usr/share/fonts/opentype/malayalam/Chilanka-Regular.otf', name='Chilanka', style='normal', variant='normal', weight=400, stretch='normal', size='scalable')) = 10.05
DEBUG:matplotlib.font_manager:findfont: score(FontEntry(fname='/usr/share/fonts/truetype/fonts-beng-extra/Mukti.ttf', name='Mukti', style='normal', variant='normal', weight=500, stretch='normal', size='scalable')) = 10.145
DEBUG:matplotlib.font_manager:findfont: score(FontEntry(fname='/usr/share/fonts/opentype/malayalam/Gayathri-Regular.otf', name='Gayathri', style='normal', variant='normal', weight=400, stretch='normal', size='scalable')) = 10.05
DEBUG:matplotlib.font_manager:findfont: score(FontEntry(fname='/usr/share/fonts/truetype/liberation/LiberationSans-BoldItalic.ttf', name='Liberation Sans', style='italic', variant='normal', weight=700, stretch='normal', size='scalable')) = 11.335
DEBUG:matplotlib.font_manager:findfont: score(FontEntry(fname='/usr/share/fonts/truetype/fonts-yrsa-rasa/Rasa-Bold.ttf', name='Rasa', style='normal', variant='normal', weight=700, stretch='normal', size='scalable')) = 10.335
DEBUG:matplotlib.font_manager:findfont: score(FontEntry(fname='/usr/share/fonts/opentype/noto/NotoSerifCJK-Bold.ttc', name='Noto Serif CJK JP', style='normal', variant='normal', weight=700, stretch='normal', size='scalable')) = 10.335
DEBUG:matplotlib.font_manager:findfont: score(FontEntry(fname='/usr/share/fonts/truetype/liberation/LiberationSerif-Italic.ttf', name='Liberation Serif', style='italic', variant='normal', weight=400, stretch='normal', size='scalable')) = 11.05
DEBUG:matplotlib.font_manager:findfont: score(FontEntry(fname='/usr/share/fonts/truetype/liberation2/LiberationSerif-Regular.ttf', name='Liberation Serif', style='normal', variant='normal', weight=400, stretch='normal', size='scalable')) = 10.05
DEBUG:matplotlib.font_manager:findfont: score(FontEntry(fname='/usr/share/fonts/truetype/tlwg/Purisa-Bold.ttf', name='Purisa', style='normal', variant='normal', weight=700, stretch='normal', size='scalable')) = 10.335
DEBUG:matplotlib.font_manager:findfont: score(FontEntry(fname='/usr/share/fonts/truetype/kacst/KacstDigital.ttf', name='KacstDigital', style='normal', variant='normal', weight=500, stretch='normal', size='scalable')) = 10.145
DEBUG:matplotlib.font_manager:findfont: score(FontEntry(fname='/usr/share/fonts/truetype/tlwg/Umpush-Bold.ttf', name='Umpush', style='normal', variant='normal', weight=700, stretch='normal', size='scalable')) = 10.335
DEBUG:matplotlib.font_manager:findfont: score(FontEntry(fname='/usr/share/fonts/truetype/lohit-bengali/Lohit-Bengali.ttf', name='Lohit Bengali', style='normal', variant='normal', weight=400, stretch='normal', size='scalable')) = 10.05
DEBUG:matplotlib.font_manager:findfont: score(FontEntry(fname='/usr/share/fonts/truetype/tlwg/Garuda-Bold.ttf', name='Garuda', style='normal', variant='normal', weight=700, stretch='normal', size='scalable')) = 10.335
DEBUG:matplotlib.font_manager:findfont: score(FontEntry(fname='/usr/share/fonts/truetype/liberation2/LiberationMono-Italic.ttf', name='Liberation Mono', style='italic', variant='normal', weight=400, stretch='normal', size='scalable')) = 11.05
DEBUG:matplotlib.font_manager:findfont: score(FontEntry(fname='/usr/share/fonts/truetype/malayalam/AnjaliOldLipi-Regular.ttf', name='AnjaliOldLipi', style='normal', variant='normal', weight=400, stretch='normal', size='scalable')) = 10.05
DEBUG:matplotlib.font_manager:findfont: score(FontEntry(fname='/usr/share/fonts/truetype/tlwg/Waree.ttf', name='Waree', style='normal', variant='normal', weight=400, stretch='normal', size='scalable')) = 10.05
DEBUG:matplotlib.font_manager:findfont: score(FontEntry(fname='/usr/share/fonts/truetype/tlwg/TlwgTypewriter.ttf', name='Tlwg Typewriter', style='normal', variant='normal', weight=400, stretch='normal', size='scalable')) = 10.05
DEBUG:matplotlib.font_manager:findfont: score(FontEntry(fname='/usr/share/fonts/truetype/teluguvijayam/PottiSreeramulu.ttf', name='Potti Sreeramulu', style='normal', variant='normal', weight=400, stretch='normal', size='scalable')) = 10.05
DEBUG:matplotlib.font_manager:findfont: score(FontEntry(fname='/usr/share/fonts/truetype/teluguvijayam/mallanna.ttf', name='Mallanna', style='normal', variant='normal', weight=400, stretch='normal', size='scalable')) = 10.05
DEBUG:matplotlib.font_manager:findfont: score(FontEntry(fname='/usr/share/fonts/truetype/ubuntu/UbuntuMono-R.ttf', name='Ubuntu Mono', style='normal', variant='normal', weight=400, stretch='normal', size='scalable')) = 10.05
DEBUG:matplotlib.font_manager:findfont: score(FontEntry(fname='/usr/share/fonts/opentype/urw-base35/C059-BdIta.otf', name='C059', style='italic', variant='normal', weight=700, stretch='normal', size='scalable')) = 11.335
DEBUG:matplotlib.font_manager:findfont: score(FontEntry(fname='/usr/share/fonts/truetype/padauk/PadaukBook-Bold.ttf', name='Padauk Book', style='normal', variant='normal', weight=700, stretch='normal', size='scalable')) = 10.335
DEBUG:matplotlib.font_manager:findfont: score(FontEntry(fname='/usr/share/fonts/truetype/dejavu/DejaVuSansMono-Oblique.ttf', name='DejaVu Sans Mono', style='oblique', variant='normal', weight=400, stretch='normal', size='scalable')) = 11.05
DEBUG:matplotlib.font_manager:findfont: score(FontEntry(fname='/usr/share/fonts/truetype/fonts-yrsa-rasa/Rasa-SemiBold.ttf', name='Rasa', style='normal', variant='normal', weight=600, stretch='normal', size='scalable')) = 10.24
DEBUG:matplotlib.font_manager:findfont: score(FontEntry(fname='/usr/share/fonts/truetype/ubuntu/Ubuntu-Th.ttf', name='Ubuntu', style='normal', variant='normal', weight=250, stretch='normal', size='scalable')) = 10.1925
DEBUG:matplotlib.font_manager:findfont: score(FontEntry(fname='/usr/share/fonts/truetype/fonts-telu-extra/Pothana2000.ttf', name='Pothana2000', style='normal', variant='normal', weight=400, stretch='normal', size='scalable')) = 10.05
DEBUG:matplotlib.font_manager:findfont: score(FontEntry(fname='/usr/share/fonts/truetype/liberation/LiberationSerif-BoldItalic.ttf', name='Liberation Serif', style='italic', variant='normal', weight=700, stretch='normal', size='scalable')) = 11.335
DEBUG:matplotlib.font_manager:findfont: score(FontEntry(fname='/usr/share/fonts/truetype/kacst-one/KacstOne-Bold.ttf', name='KacstOne', style='normal', variant='normal', weight=700, stretch='normal', size='scalable')) = 10.335
DEBUG:matplotlib.font_manager:findfont: score(FontEntry(fname='/usr/share/fonts/truetype/freefont/FreeMonoOblique.ttf', name='FreeMono', style='oblique', variant='normal', weight=400, stretch='normal', size='scalable')) = 11.05
DEBUG:matplotlib.font_manager:findfont: score(FontEntry(fname='/usr/share/fonts/truetype/tlwg/TlwgMono-Oblique.ttf', name='Tlwg Mono', style='oblique', variant='normal', weight=400, stretch='normal', size='scalable')) = 11.05
DEBUG:matplotlib.font_manager:findfont: score(FontEntry(fname='/usr/share/fonts/truetype/tlwg/Garuda.ttf', name='Garuda', style='normal', variant='normal', weight=400, stretch='normal', size='scalable')) = 10.05
DEBUG:matplotlib.font_manager:findfont: score(FontEntry(fname='/usr/share/fonts/truetype/freefont/FreeSansBoldOblique.ttf', name='FreeSans', style='oblique', variant='normal', weight=600, stretch='normal', size='scalable')) = 11.24
DEBUG:matplotlib.font_manager:findfont: score(FontEntry(fname='/usr/share/fonts/truetype/freefont/FreeSans.ttf', name='FreeSans', style='normal', variant='normal', weight=400, stretch='normal', size='scalable')) = 10.05
DEBUG:matplotlib.font_manager:findfont: score(FontEntry(fname='/usr/share/fonts/truetype/tlwg/Norasi-BoldOblique.ttf', name='Norasi', style='oblique', variant='normal', weight=700, stretch='normal', size='scalable')) = 11.335
DEBUG:matplotlib.font_manager:findfont: score(FontEntry(fname='/usr/share/fonts/truetype/dejavu/DejaVuSansMono.ttf', name='DejaVu Sans Mono', style='normal', variant='normal', weight=400, stretch='normal', size='scalable')) = 10.05
DEBUG:matplotlib.font_manager:findfont: score(FontEntry(fname='/usr/share/fonts/truetype/fonts-yrsa-rasa/Yrsa-BoldItalic.ttf', name='Yrsa', style='italic', variant='normal', weight=700, stretch='normal', size='scalable')) = 11.335
DEBUG:matplotlib.font_manager:findfont: score(FontEntry(fname='/usr/share/fonts/truetype/samyak-fonts/Samyak-Malayalam.ttf', name='Samyak Malayalam', style='normal', variant='normal', weight=400, stretch='normal', size='scalable')) = 10.05
DEBUG:matplotlib.font_manager:findfont: score(FontEntry(fname='/usr/share/fonts/truetype/malayalam/Uroob-Regular.ttf', name='Uroob', style='normal', variant='normal', weight=400, stretch='normal', size='scalable')) = 10.05
DEBUG:matplotlib.font_manager:findfont: score(FontEntry(fname='/usr/share/fonts/opentype/urw-base35/NimbusRoman-Italic.otf', name='Nimbus Roman', style='italic', variant='normal', weight=400, stretch='normal', size='scalable')) = 11.05
DEBUG:matplotlib.font_manager:findfont: score(FontEntry(fname='/usr/share/fonts/truetype/fonts-yrsa-rasa/Yrsa-Light.ttf', name='Yrsa', style='normal', variant='normal', weight=300, stretch='normal', size='scalable')) = 10.145
DEBUG:matplotlib.font_manager:findfont: score(FontEntry(fname='/usr/share/fonts/truetype/ubuntu/UbuntuMono-RI.ttf', name='Ubuntu Mono', style='italic', variant='normal', weight=400, stretch='normal', size='scalable')) = 11.05
DEBUG:matplotlib.font_manager:findfont: score(FontEntry(fname='/usr/share/fonts/opentype/malayalam/Manjari-Thin.otf', name='Manjari', style='normal', variant='normal', weight=100, stretch='normal', size='scalable')) = 10.335
DEBUG:matplotlib.font_manager:findfont: score(FontEntry(fname='/usr/share/fonts/truetype/liberation/LiberationSerif-Bold.ttf', name='Liberation Serif', style='normal', variant='normal', weight=700, stretch='normal', size='scalable')) = 10.335
DEBUG:matplotlib.font_manager:findfont: score(FontEntry(fname='/usr/share/fonts/opentype/urw-base35/NimbusRoman-Bold.otf', name='Nimbus Roman', style='normal', variant='normal', weight=700, stretch='normal', size='scalable')) = 10.335
DEBUG:matplotlib.font_manager:findfont: score(FontEntry(fname='/usr/share/fonts/truetype/dejavu/DejaVuSansCondensed.ttf', name='DejaVu Sans', style='normal', variant='normal', weight=400, stretch='condensed', size='scalable')) = 0.25
DEBUG:matplotlib.font_manager:findfont: score(FontEntry(fname='/usr/share/fonts/truetype/lohit-tamil/Lohit-Tamil.ttf', name='Lohit Tamil', style='normal', variant='normal', weight=400, stretch='normal', size='scalable')) = 10.05
DEBUG:matplotlib.font_manager:findfont: score(FontEntry(fname='/usr/share/fonts/truetype/tlwg/Sawasdee-BoldOblique.ttf', name='Sawasdee', style='oblique', variant='normal', weight=700, stretch='normal', size='scalable')) = 11.335
DEBUG:matplotlib.font_manager:findfont: score(FontEntry(fname='/usr/share/fonts/truetype/tlwg/TlwgMono.ttf', name='Tlwg Mono', style='normal', variant='normal', weight=400, stretch='normal', size='scalable')) = 10.05
DEBUG:matplotlib.font_manager:findfont: score(FontEntry(fname='/usr/share/fonts/opentype/urw-base35/NimbusSansNarrow-Bold.otf', name='Nimbus Sans Narrow', style='normal', variant='normal', weight=700, stretch='condensed', size='scalable')) = 10.535
DEBUG:matplotlib.font_manager:findfont: score(FontEntry(fname='/usr/share/fonts/truetype/lohit-tamil-classical/Lohit-Tamil-Classical.ttf', name='Lohit Tamil Classical', style='normal', variant='normal', weight=400, stretch='normal', size='scalable')) = 10.05
DEBUG:matplotlib.font_manager:findfont: score(FontEntry(fname='/usr/share/fonts/opentype/urw-base35/URWGothic-Demi.otf', name='URW Gothic', style='normal', variant='normal', weight=600, stretch='normal', size='scalable')) = 10.24
DEBUG:matplotlib.font_manager:findfont: score(FontEntry(fname='/usr/share/fonts/truetype/fonts-deva-extra/chandas1-2.ttf', name='Chandas', style='normal', variant='normal', weight=400, stretch='normal', size='scalable')) = 10.05
DEBUG:matplotlib.font_manager:findfont: score(FontEntry(fname='/usr/share/fonts/truetype/tlwg/Loma.ttf', name='Loma', style='normal', variant='normal', weight=400, stretch='normal', size='scalable')) = 10.05
DEBUG:matplotlib.font_manager:findfont: score(FontEntry(fname='/usr/share/fonts/truetype/dejavu/DejaVuSans-Bold.ttf', name='DejaVu Sans', style='normal', variant='normal', weight=700, stretch='normal', size='scalable')) = 0.33499999999999996
DEBUG:matplotlib.font_manager:findfont: score(FontEntry(fname='/usr/share/fonts/truetype/kacst/KacstScreen.ttf', name='KacstScreen', style='normal', variant='normal', weight=500, stretch='normal', size='scalable')) = 10.145
DEBUG:matplotlib.font_manager:findfont: score(FontEntry(fname='/usr/share/fonts/truetype/dejavu/DejaVuSerif-Italic.ttf', name='DejaVu Serif', style='italic', variant='normal', weight=400, stretch='normal', size='scalable')) = 11.05
DEBUG:matplotlib.font_manager:findfont: score(FontEntry(fname='/usr/share/fonts/truetype/lohit-malayalam/Lohit-Malayalam.ttf', name='Lohit Malayalam', style='normal', variant='normal', weight=400, stretch='normal', size='scalable')) = 10.05
DEBUG:matplotlib.font_manager:findfont: score(FontEntry(fname='/usr/share/fonts/opentype/urw-base35/NimbusSans-BoldItalic.otf', name='Nimbus Sans', style='italic', variant='normal', weight=700, stretch='normal', size='scalable')) = 11.335
DEBUG:matplotlib.font_manager:findfont: score(FontEntry(fname='/usr/share/fonts/truetype/fonts-gujr-extra/padmaa-Medium-0.5.ttf', name='padmaa', style='normal', variant='normal', weight=500, stretch='normal', size='scalable')) = 10.145
DEBUG:matplotlib.font_manager:findfont: score(FontEntry(fname='/usr/share/fonts/truetype/teluguvijayam/Mandali-Regular.ttf', name='Mandali', style='normal', variant='normal', weight=400, stretch='normal', size='scalable')) = 10.05
DEBUG:matplotlib.font_manager:findfont: score(FontEntry(fname='/usr/share/fonts/truetype/kacst/KacstTitleL.ttf', name='KacstTitleL', style='normal', variant='normal', weight=400, stretch='normal', size='scalable')) = 10.05
DEBUG:matplotlib.font_manager:findfont: score(FontEntry(fname='/usr/share/fonts/opentype/urw-base35/NimbusMonoPS-BoldItalic.otf', name='Nimbus Mono PS', style='italic', variant='normal', weight=700, stretch='normal', size='scalable')) = 11.335
DEBUG:matplotlib.font_manager:findfont: score(FontEntry(fname='/usr/share/fonts/truetype/kacst/KacstDecorative.ttf', name='KacstDecorative', style='normal', variant='normal', weight=500, stretch='normal', size='scalable')) = 10.145
DEBUG:matplotlib.font_manager:findfont: score(FontEntry(fname='/usr/share/fonts/truetype/ubuntu/Ubuntu-BI.ttf', name='Ubuntu', style='italic', variant='normal', weight=700, stretch='normal', size='scalable')) = 11.335
DEBUG:matplotlib.font_manager:findfont: score(FontEntry(fname='/usr/share/fonts/opentype/urw-base35/URWGothic-Book.otf', name='URW Gothic', style='normal', variant='normal', weight=400, stretch='normal', size='scalable')) = 10.05
DEBUG:matplotlib.font_manager:findfont: score(FontEntry(fname='/usr/share/fonts/truetype/tlwg/TlwgTypist.ttf', name='Tlwg Typist', style='normal', variant='normal', weight=400, stretch='normal', size='scalable')) = 10.05
DEBUG:matplotlib.font_manager:findfont: score(FontEntry(fname='/usr/share/fonts/truetype/freefont/FreeSansOblique.ttf', name='FreeSans', style='oblique', variant='normal', weight=400, stretch='normal', size='scalable')) = 11.05
DEBUG:matplotlib.font_manager:findfont: score(FontEntry(fname='/usr/share/fonts/truetype/liberation/LiberationMono-Bold.ttf', name='Liberation Mono', style='normal', variant='normal', weight=700, stretch='normal', size='scalable')) = 10.335
DEBUG:matplotlib.font_manager:findfont: score(FontEntry(fname='/usr/share/fonts/truetype/teluguvijayam/RaviPrakash.ttf', name='RaviPrakash', style='normal', variant='normal', weight=400, stretch='normal', size='scalable')) = 10.05
DEBUG:matplotlib.font_manager:findfont: score(FontEntry(fname='/usr/share/fonts/truetype/lohit-gujarati/Lohit-Gujarati.ttf', name='Lohit Gujarati', style='normal', variant='normal', weight=400, stretch='normal', size='scalable')) = 10.05
DEBUG:matplotlib.font_manager:findfont: score(FontEntry(fname='/usr/share/fonts/truetype/fonts-yrsa-rasa/Yrsa-SemiBoldItalic.ttf', name='Yrsa', style='italic', variant='normal', weight=600, stretch='normal', size='scalable')) = 11.24
DEBUG:matplotlib.font_manager:findfont: score(FontEntry(fname='/usr/share/fonts/truetype/tibetan-machine/TibetanMachineUni.ttf', name='Tibetan Machine Uni', style='normal', variant='normal', weight=400, stretch='normal', size='scalable')) = 10.05
DEBUG:matplotlib.font_manager:findfont: score(FontEntry(fname='/usr/share/fonts/opentype/urw-base35/NimbusRoman-Regular.otf', name='Nimbus Roman', style='normal', variant='normal', weight=400, stretch='normal', size='scalable')) = 10.05
DEBUG:matplotlib.font_manager:findfont: score(FontEntry(fname='/usr/share/fonts/truetype/malayalam/Suruma.ttf', name='Suruma', style='normal', variant='normal', weight=500, stretch='normal', size='scalable')) = 10.145
DEBUG:matplotlib.font_manager:findfont: score(FontEntry(fname='/usr/share/fonts/truetype/Nakula/nakula.ttf', name='Nakula', style='normal', variant='normal', weight=400, stretch='normal', size='scalable')) = 10.05
DEBUG:matplotlib.font_manager:findfont: score(FontEntry(fname='/usr/share/fonts/truetype/dejavu/DejaVuSansCondensed-Oblique.ttf', name='DejaVu Sans', style='oblique', variant='normal', weight=400, stretch='condensed', size='scalable')) = 1.25
DEBUG:matplotlib.font_manager:findfont: score(FontEntry(fname='/usr/share/fonts/truetype/fonts-gujr-extra/Rekha.ttf', name='Rekha', style='normal', variant='normal', weight=500, stretch='normal', size='scalable')) = 10.145
DEBUG:matplotlib.font_manager:findfont: score(FontEntry(fname='/usr/share/fonts/truetype/fonts-beng-extra/LikhanNormal.ttf', name='Likhan', style='normal', variant='normal', weight=500, stretch='normal', size='scalable')) = 10.145
DEBUG:matplotlib.font_manager:findfont: score(FontEntry(fname='/usr/share/fonts/truetype/liberation/LiberationSansNarrow-Italic.ttf', name='Liberation Sans Narrow', style='italic', variant='normal', weight=400, stretch='condensed', size='scalable')) = 11.25
DEBUG:matplotlib.font_manager:findfont: score(FontEntry(fname='/usr/share/fonts/truetype/ubuntu/Ubuntu-RI.ttf', name='Ubuntu', style='italic', variant='normal', weight=400, stretch='normal', size='scalable')) = 11.05
DEBUG:matplotlib.font_manager:findfont: score(FontEntry(fname='/usr/share/fonts/truetype/tlwg/TlwgTypewriter-BoldOblique.ttf', name='Tlwg Typewriter', style='oblique', variant='normal', weight=700, stretch='normal', size='scalable')) = 11.335
DEBUG:matplotlib.font_manager:findfont: score(FontEntry(fname='/usr/share/fonts/truetype/malayalam/RaghuMalayalamSans-Regular.ttf', name='RaghuMalayalamSans', style='normal', variant='normal', weight=400, stretch='normal', size='scalable')) = 10.05
DEBUG:matplotlib.font_manager:findfont: score(FontEntry(fname='/usr/share/fonts/truetype/liberation/LiberationMono-BoldItalic.ttf', name='Liberation Mono', style='italic', variant='normal', weight=700, stretch='normal', size='scalable')) = 11.335
DEBUG:matplotlib.font_manager:findfont: score(FontEntry(fname='/usr/share/fonts/truetype/tlwg/TlwgTypo-Oblique.ttf', name='Tlwg Typo', style='oblique', variant='normal', weight=400, stretch='normal', size='scalable')) = 11.05
DEBUG:matplotlib.font_manager:findfont: score(FontEntry(fname='/usr/share/fonts/truetype/fonts-yrsa-rasa/Yrsa-MediumItalic.ttf', name='Yrsa', style='italic', variant='normal', weight=500, stretch='normal', size='scalable')) = 11.145
DEBUG:matplotlib.font_manager:findfont: score(FontEntry(fname='/usr/share/fonts/truetype/fonts-deva-extra/kalimati.ttf', name='Kalimati', style='normal', variant='normal', weight=400, stretch='normal', size='scalable')) = 10.05
DEBUG:matplotlib.font_manager:findfont: score(FontEntry(fname='/usr/share/fonts/truetype/liberation2/LiberationSerif-Bold.ttf', name='Liberation Serif', style='normal', variant='normal', weight=700, stretch='normal', size='scalable')) = 10.335
DEBUG:matplotlib.font_manager:findfont: score(FontEntry(fname='/usr/share/fonts/opentype/malayalam/Gayathri-Thin.otf', name='Gayathri', style='normal', variant='normal', weight=100, stretch='normal', size='scalable')) = 10.335
DEBUG:matplotlib.font_manager:findfont: score(FontEntry(fname='/usr/share/fonts/truetype/tlwg/Kinnari-Italic.ttf', name='Kinnari', style='italic', variant='normal', weight=400, stretch='normal', size='scalable')) = 11.05
DEBUG:matplotlib.font_manager:findfont: score(FontEntry(fname='/usr/share/fonts/opentype/noto/NotoSerifCJK-Regular.ttc', name='Noto Serif CJK JP', style='normal', variant='normal', weight=400, stretch='normal', size='scalable')) = 10.05
DEBUG:matplotlib.font_manager:findfont: score(FontEntry(fname='/usr/share/fonts/truetype/kacst/KacstBook.ttf', name='KacstBook', style='normal', variant='normal', weight=500, stretch='normal', size='scalable')) = 10.145
DEBUG:matplotlib.font_manager:findfont: score(FontEntry(fname='/usr/share/fonts/truetype/fonts-yrsa-rasa/Yrsa-LightItalic.ttf', name='Yrsa', style='italic', variant='normal', weight=300, stretch='normal', size='scalable')) = 11.145
DEBUG:matplotlib.font_manager:findfont: score(FontEntry(fname='/usr/share/fonts/truetype/teluguvijayam/suranna.ttf', name='Suranna', style='normal', variant='normal', weight=400, stretch='normal', size='scalable')) = 10.05
DEBUG:matplotlib.font_manager:findfont: score(FontEntry(fname='/usr/share/fonts/truetype/teluguvijayam/Ponnala.ttf', name='Ponnala', style='normal', variant='normal', weight=400, stretch='normal', size='scalable')) = 10.05
DEBUG:matplotlib.font_manager:findfont: score(FontEntry(fname='/usr/share/fonts/truetype/ubuntu/Ubuntu-C.ttf', name='Ubuntu Condensed', style='normal', variant='normal', weight=400, stretch='condensed', size='scalable')) = 10.25
DEBUG:matplotlib.font_manager:findfont: score(FontEntry(fname='/usr/share/fonts/opentype/urw-base35/P052-Bold.otf', name='P052', style='normal', variant='normal', weight=700, stretch='normal', size='scalable')) = 10.335
DEBUG:matplotlib.font_manager:findfont: score(FontEntry(fname='/usr/share/fonts/opentype/urw-base35/StandardSymbolsPS.otf', name='Standard Symbols PS', style='normal', variant='normal', weight=400, stretch='normal', size='scalable')) = 10.05
DEBUG:matplotlib.font_manager:findfont: score(FontEntry(fname='/usr/share/fonts/opentype/urw-base35/NimbusSansNarrow-BoldOblique.otf', name='Nimbus Sans Narrow', style='oblique', variant='normal', weight=700, stretch='condensed', size='scalable')) = 11.535
DEBUG:matplotlib.font_manager:findfont: score(FontEntry(fname='/usr/share/fonts/truetype/fonts-yrsa-rasa/Rasa-Medium.ttf', name='Rasa', style='normal', variant='normal', weight=500, stretch='normal', size='scalable')) = 10.145
DEBUG:matplotlib.font_manager:findfont: score(FontEntry(fname='/usr/share/fonts/truetype/dejavu/DejaVuSansCondensed-Bold.ttf', name='DejaVu Sans', style='normal', variant='normal', weight=700, stretch='condensed', size='scalable')) = 0.5349999999999999
DEBUG:matplotlib.font_manager:findfont: score(FontEntry(fname='/usr/share/fonts/truetype/kacst/KacstArt.ttf', name='KacstArt', style='normal', variant='normal', weight=500, stretch='normal', size='scalable')) = 10.145
DEBUG:matplotlib.font_manager:findfont: score(FontEntry(fname='/usr/share/fonts/truetype/tlwg/Sawasdee.ttf', name='Sawasdee', style='normal', variant='normal', weight=400, stretch='normal', size='scalable')) = 10.05
DEBUG:matplotlib.font_manager:findfont: score(FontEntry(fname='/usr/share/fonts/truetype/tlwg/Norasi.ttf', name='Norasi', style='normal', variant='normal', weight=400, stretch='normal', size='scalable')) = 10.05
DEBUG:matplotlib.font_manager:findfont: score(FontEntry(fname='/usr/share/fonts/truetype/droid/DroidSansFallbackFull.ttf', name='Droid Sans Fallback', style='normal', variant='normal', weight=400, stretch='normal', size='scalable')) = 10.05
DEBUG:matplotlib.font_manager:findfont: score(FontEntry(fname='/usr/share/fonts/truetype/fonts-yrsa-rasa/Yrsa-Bold.ttf', name='Yrsa', style='normal', variant='normal', weight=700, stretch='normal', size='scalable')) = 10.335
DEBUG:matplotlib.font_manager:findfont: score(FontEntry(fname='/usr/share/fonts/opentype/urw-base35/URWGothic-DemiOblique.otf', name='URW Gothic', style='oblique', variant='normal', weight=600, stretch='normal', size='scalable')) = 11.24
DEBUG:matplotlib.font_manager:findfont: score(FontEntry(fname='/usr/share/fonts/truetype/fonts-yrsa-rasa/Rasa-Light.ttf', name='Rasa', style='normal', variant='normal', weight=300, stretch='normal', size='scalable')) = 10.145
DEBUG:matplotlib.font_manager:findfont: score(FontEntry(fname='/usr/share/fonts/truetype/tlwg/Kinnari-Bold.ttf', name='Kinnari', style='normal', variant='normal', weight=700, stretch='normal', size='scalable')) = 10.335
DEBUG:matplotlib.font_manager:findfont: score(FontEntry(fname='/usr/share/fonts/truetype/fonts-gujr-extra/padmaa-Bold.1.1.ttf', name='padmaa-Bold.1.1', style='normal', variant='normal', weight=700, stretch='normal', size='scalable')) = 10.335
DEBUG:matplotlib.font_manager:findfont: score(FontEntry(fname='/usr/share/fonts/truetype/dejavu/DejaVuSansMono-Bold.ttf', name='DejaVu Sans Mono', style='normal', variant='normal', weight=700, stretch='normal', size='scalable')) = 10.335
DEBUG:matplotlib.font_manager:findfont: score(FontEntry(fname='/usr/share/fonts/truetype/dejavu/DejaVuSansMono-BoldOblique.ttf', name='DejaVu Sans Mono', style='oblique', variant='normal', weight=700, stretch='normal', size='scalable')) = 11.335
DEBUG:matplotlib.font_manager:findfont: score(FontEntry(fname='/usr/share/fonts/truetype/fonts-beng-extra/JamrulNormal.ttf', name='Jamrul', style='normal', variant='normal', weight=500, stretch='normal', size='scalable')) = 10.145
DEBUG:matplotlib.font_manager:findfont: score(FontEntry(fname='/usr/share/fonts/truetype/samyak-fonts/Samyak-Gujarati.ttf', name='Samyak Gujarati', style='normal', variant='normal', weight=500, stretch='normal', size='scalable')) = 10.145
DEBUG:matplotlib.font_manager:findfont: score(FontEntry(fname='/usr/share/fonts/truetype/liberation2/LiberationSans-Bold.ttf', name='Liberation Sans', style='normal', variant='normal', weight=700, stretch='normal', size='scalable')) = 10.335
DEBUG:matplotlib.font_manager:findfont: score(FontEntry(fname='/usr/share/fonts/truetype/malayalam/Rachana-Regular.ttf', name='Rachana', style='normal', variant='normal', weight=400, stretch='normal', size='scalable')) = 10.05
DEBUG:matplotlib.font_manager:findfont: score(FontEntry(fname='/usr/share/fonts/truetype/dejavu/DejaVuSans-Oblique.ttf', name='DejaVu Sans', style='oblique', variant='normal', weight=400, stretch='normal', size='scalable')) = 1.05
DEBUG:matplotlib.font_manager:findfont: score(FontEntry(fname='/usr/share/fonts/truetype/lohit-telugu/Lohit-Telugu.ttf', name='Lohit Telugu', style='normal', variant='normal', weight=400, stretch='normal', size='scalable')) = 10.05
DEBUG:matplotlib.font_manager:findfont: score(FontEntry(fname='/usr/share/fonts/opentype/urw-base35/URWBookman-LightItalic.otf', name='URW Bookman', style='italic', variant='normal', weight=300, stretch='normal', size='scalable')) = 11.145
DEBUG:matplotlib.font_manager:findfont: score(FontEntry(fname='/usr/share/fonts/truetype/dejavu/DejaVuSansCondensed-BoldOblique.ttf', name='DejaVu Sans', style='oblique', variant='normal', weight=700, stretch='condensed', size='scalable')) = 1.535
DEBUG:matplotlib.font_manager:findfont: score(FontEntry(fname='/usr/share/fonts/truetype/teluguvijayam/Suravaram.ttf', name='Suravaram', style='normal', variant='normal', weight=400, stretch='normal', size='scalable')) = 10.05
DEBUG:matplotlib.font_manager:findfont: score(FontEntry(fname='/usr/share/fonts/truetype/fonts-yrsa-rasa/Yrsa-Italic.ttf', name='Yrsa', style='italic', variant='normal', weight=400, stretch='normal', size='scalable')) = 11.05
DEBUG:matplotlib.font_manager:findfont: score(FontEntry(fname='/usr/share/fonts/truetype/lohit-assamese/Lohit-Assamese.ttf', name='Lohit Assamese', style='normal', variant='normal', weight=400, stretch='normal', size='scalable')) = 10.05
DEBUG:matplotlib.font_manager:findfont: score(FontEntry(fname='/usr/share/fonts/truetype/tlwg/Umpush-Oblique.ttf', name='Umpush', style='oblique', variant='normal', weight=400, stretch='normal', size='scalable')) = 11.05
DEBUG:matplotlib.font_manager:findfont: score(FontEntry(fname='/usr/share/fonts/truetype/tlwg/Loma-Bold.ttf', name='Loma', style='normal', variant='normal', weight=700, stretch='normal', size='scalable')) = 10.335
DEBUG:matplotlib.font_manager:findfont: score(FontEntry(fname='/usr/share/fonts/truetype/fonts-beng-extra/Muktibold.ttf', name='Mukti', style='normal', variant='normal', weight=700, stretch='normal', size='scalable')) = 10.335
DEBUG:matplotlib.font_manager:findfont: score(FontEntry(fname='/usr/share/fonts/truetype/dejavu/DejaVuSans-BoldOblique.ttf', name='DejaVu Sans', style='oblique', variant='normal', weight=700, stretch='normal', size='scalable')) = 1.335
DEBUG:matplotlib.font_manager:findfont: score(FontEntry(fname='/usr/share/fonts/truetype/padauk/Padauk-Bold.ttf', name='Padauk', style='normal', variant='normal', weight=700, stretch='normal', size='scalable')) = 10.335
DEBUG:matplotlib.font_manager:findfont: score(FontEntry(fname='/usr/share/fonts/truetype/Gargi/Gargi.ttf', name='Gargi', style='normal', variant='normal', weight=400, stretch='normal', size='scalable')) = 10.05
DEBUG:matplotlib.font_manager:findfont: score(FontEntry(fname='/usr/share/fonts/truetype/fonts-beng-extra/Ani.ttf', name='Ani', style='normal', variant='normal', weight=400, stretch='normal', size='scalable')) = 10.05
DEBUG:matplotlib.font_manager:findfont: score(FontEntry(fname='/usr/share/fonts/truetype/fonts-kalapi/Kalapi.ttf', name='Kalapi', style='normal', variant='normal', weight=400, stretch='normal', size='scalable')) = 10.05
DEBUG:matplotlib.font_manager:findfont: score(FontEntry(fname='/usr/share/fonts/truetype/freefont/FreeMonoBoldOblique.ttf', name='FreeMono', style='oblique', variant='normal', weight=700, stretch='normal', size='scalable')) = 11.335
DEBUG:matplotlib.font_manager:findfont: score(FontEntry(fname='/usr/share/fonts/truetype/lohit-punjabi/Lohit-Gurmukhi.ttf', name='Lohit Gurmukhi', style='normal', variant='normal', weight=400, stretch='normal', size='scalable')) = 10.05
DEBUG:matplotlib.font_manager:findfont: score(FontEntry(fname='/usr/share/fonts/opentype/urw-base35/URWBookman-Demi.otf', name='URW Bookman', style='normal', variant='normal', weight=600, stretch='normal', size='scalable')) = 10.24
DEBUG:matplotlib.font_manager:findfont: score(FontEntry(fname='/usr/share/fonts/truetype/tlwg/Kinnari.ttf', name='Kinnari', style='normal', variant='normal', weight=400, stretch='normal', size='scalable')) = 10.05
DEBUG:matplotlib.font_manager:findfont: score(FontEntry(fname='/usr/share/fonts/truetype/teluguvijayam/ramabhadra.ttf', name='Ramabhadra', style='normal', variant='normal', weight=400, stretch='normal', size='scalable')) = 10.05
DEBUG:matplotlib.font_manager:findfont: score(FontEntry(fname='/usr/share/fonts/truetype/kacst/KacstNaskh.ttf', name='KacstNaskh', style='normal', variant='normal', weight=500, stretch='normal', size='scalable')) = 10.145
DEBUG:matplotlib.font_manager:findfont: score(FontEntry(fname='/usr/share/fonts/truetype/liberation2/LiberationMono-Regular.ttf', name='Liberation Mono', style='normal', variant='normal', weight=400, stretch='normal', size='scalable')) = 10.05
DEBUG:matplotlib.font_manager:findfont: score(FontEntry(fname='/usr/share/fonts/truetype/padauk/PadaukBook-Regular.ttf', name='Padauk Book', style='normal', variant='normal', weight=400, stretch='normal', size='scalable')) = 10.05
DEBUG:matplotlib.font_manager:findfont: score(FontEntry(fname='/usr/share/fonts/truetype/tlwg/Laksaman-BoldItalic.ttf', name='Laksaman', style='italic', variant='normal', weight=700, stretch='normal', size='scalable')) = 11.335
DEBUG:matplotlib.font_manager:findfont: score(FontEntry(fname='/usr/share/fonts/truetype/ubuntu/UbuntuMono-B.ttf', name='Ubuntu Mono', style='normal', variant='normal', weight=700, stretch='normal', size='scalable')) = 10.335
DEBUG:matplotlib.font_manager:findfont: score(FontEntry(fname='/usr/share/fonts/truetype/dejavu/DejaVuSans-ExtraLight.ttf', name='DejaVu Sans', style='normal', variant='normal', weight=200, stretch='normal', size='scalable')) = 0.24
DEBUG:matplotlib.font_manager:findfont: score(FontEntry(fname='/usr/share/fonts/truetype/dejavu/DejaVuSerifCondensed-BoldItalic.ttf', name='DejaVu Serif', style='italic', variant='normal', weight=700, stretch='condensed', size='scalable')) = 11.535
DEBUG:matplotlib.font_manager:findfont: score(FontEntry(fname='/usr/share/fonts/truetype/teluguvijayam/Ramaraja-Regular.ttf', name='Ramaraja', style='normal', variant='normal', weight=400, stretch='normal', size='scalable')) = 10.05
DEBUG:matplotlib.font_manager:findfont: score(FontEntry(fname='/usr/share/fonts/truetype/teluguvijayam/NTR.ttf', name='NTR', style='normal', variant='normal', weight=400, stretch='normal', size='scalable')) = 10.05
DEBUG:matplotlib.font_manager:findfont: score(FontEntry(fname='/usr/share/fonts/opentype/urw-base35/NimbusMonoPS-Regular.otf', name='Nimbus Mono PS', style='normal', variant='normal', weight=400, stretch='normal', size='scalable')) = 10.05
DEBUG:matplotlib.font_manager:findfont: score(FontEntry(fname='/usr/share/fonts/truetype/kacst/mry_KacstQurn.ttf', name='mry_KacstQurn', style='normal', variant='normal', weight=400, stretch='normal', size='scalable')) = 10.05
DEBUG:matplotlib.font_manager:findfont: score(FontEntry(fname='/usr/share/fonts/truetype/tlwg/Sawasdee-Oblique.ttf', name='Sawasdee', style='oblique', variant='normal', weight=400, stretch='normal', size='scalable')) = 11.05
DEBUG:matplotlib.font_manager:findfont: score(FontEntry(fname='/usr/share/fonts/truetype/tlwg/TlwgMono-BoldOblique.ttf', name='Tlwg Mono', style='oblique', variant='normal', weight=700, stretch='normal', size='scalable')) = 11.335
DEBUG:matplotlib.font_manager:findfont: score(FontEntry(fname='/usr/share/fonts/truetype/malayalam/Rachana-Bold.ttf', name='Rachana', style='normal', variant='normal', weight=700, stretch='normal', size='scalable')) = 10.335
DEBUG:matplotlib.font_manager:findfont: score(FontEntry(fname='/usr/share/fonts/opentype/urw-base35/NimbusMonoPS-Bold.otf', name='Nimbus Mono PS', style='normal', variant='normal', weight=700, stretch='normal', size='scalable')) = 10.335
DEBUG:matplotlib.font_manager:findfont: score(FontEntry(fname='/usr/share/fonts/truetype/tlwg/Laksaman.ttf', name='Laksaman', style='normal', variant='normal', weight=400, stretch='normal', size='scalable')) = 10.05
DEBUG:matplotlib.font_manager:findfont: score(FontEntry(fname='/usr/share/fonts/opentype/urw-base35/P052-Italic.otf', name='P052', style='italic', variant='normal', weight=400, stretch='normal', size='scalable')) = 11.05
DEBUG:matplotlib.font_manager:findfont: score(FontEntry(fname='/usr/share/fonts/truetype/teluguvijayam/SreeKrushnadevaraya.ttf', name='Sree Krushnadevaraya', style='normal', variant='normal', weight=400, stretch='normal', size='scalable')) = 10.05
DEBUG:matplotlib.font_manager:findfont: score(FontEntry(fname='/usr/share/fonts/truetype/lohit-oriya/Lohit-Odia.ttf', name='Lohit Odia', style='normal', variant='normal', weight=400, stretch='normal', size='scalable')) = 10.05
DEBUG:matplotlib.font_manager:findfont: score(FontEntry(fname='/usr/share/fonts/opentype/urw-base35/C059-Roman.otf', name='C059', style='normal', variant='normal', weight=400, stretch='normal', size='scalable')) = 10.05
DEBUG:matplotlib.font_manager:findfont: score(FontEntry(fname='/usr/share/fonts/truetype/tlwg/Garuda-Oblique.ttf', name='Garuda', style='oblique', variant='normal', weight=400, stretch='normal', size='scalable')) = 11.05
DEBUG:matplotlib.font_manager:findfont: score(FontEntry(fname='/usr/share/fonts/truetype/fonts-guru-extra/Saab.ttf', name='Saab', style='normal', variant='normal', weight=400, stretch='normal', size='scalable')) = 10.05
DEBUG:matplotlib.font_manager:findfont: score(FontEntry(fname='/usr/share/fonts/truetype/Gubbi/Gubbi.ttf', name='Gubbi', style='normal', variant='normal', weight=400, stretch='normal', size='scalable')) = 10.05
DEBUG:matplotlib.font_manager:findfont: score(FontEntry(fname='/usr/share/fonts/truetype/tlwg/Waree-Bold.ttf', name='Waree', style='normal', variant='normal', weight=700, stretch='normal', size='scalable')) = 10.335
DEBUG:matplotlib.font_manager:findfont: score(FontEntry(fname='/usr/share/fonts/opentype/malayalam/Gayathri-Bold.otf', name='Gayathri', style='normal', variant='normal', weight=700, stretch='normal', size='scalable')) = 10.335
DEBUG:matplotlib.font_manager:findfont: score(FontEntry(fname='/usr/share/fonts/opentype/urw-base35/NimbusRoman-BoldItalic.otf', name='Nimbus Roman', style='italic', variant='normal', weight=700, stretch='normal', size='scalable')) = 11.335
DEBUG:matplotlib.font_manager:findfont: score(FontEntry(fname='/usr/share/fonts/truetype/fonts-yrsa-rasa/Yrsa-Medium.ttf', name='Yrsa', style='normal', variant='normal', weight=500, stretch='normal', size='scalable')) = 10.145
DEBUG:matplotlib.font_manager:findfont: score(FontEntry(fname='/usr/share/fonts/truetype/teluguvijayam/TimmanaRegular.ttf', name='Timmana', style='normal', variant='normal', weight=900, stretch='normal', size='scalable')) = 10.525
DEBUG:matplotlib.font_manager:findfont: score(FontEntry(fname='/usr/share/fonts/truetype/tlwg/Laksaman-Bold.ttf', name='Laksaman', style='normal', variant='normal', weight=700, stretch='normal', size='scalable')) = 10.335
DEBUG:matplotlib.font_manager:findfont: score(FontEntry(fname='/usr/share/fonts/truetype/fonts-beng-extra/MitraMono.ttf', name='Mitra ', style='normal', variant='normal', weight=400, stretch='normal', size='scalable')) = 10.05
DEBUG:matplotlib.font_manager:findfont: score(FontEntry(fname='/usr/share/fonts/opentype/urw-base35/C059-Italic.otf', name='C059', style='italic', variant='normal', weight=400, stretch='normal', size='scalable')) = 11.05
DEBUG:matplotlib.font_manager:findfont: score(FontEntry(fname='/usr/share/fonts/truetype/dejavu/DejaVuSerif.ttf', name='DejaVu Serif', style='normal', variant='normal', weight=400, stretch='normal', size='scalable')) = 10.05
DEBUG:matplotlib.font_manager:findfont: score(FontEntry(fname='/usr/share/fonts/truetype/freefont/FreeSerif.ttf', name='FreeSerif', style='normal', variant='normal', weight=400, stretch='normal', size='scalable')) = 10.05
DEBUG:matplotlib.font_manager:findfont: score(FontEntry(fname='/usr/share/fonts/truetype/liberation/LiberationMono-Italic.ttf', name='Liberation Mono', style='italic', variant='normal', weight=400, stretch='normal', size='scalable')) = 11.05
DEBUG:matplotlib.font_manager:findfont: score(FontEntry(fname='/usr/share/fonts/truetype/liberation/LiberationMono-Regular.ttf', name='Liberation Mono', style='normal', variant='normal', weight=400, stretch='normal', size='scalable')) = 10.05
DEBUG:matplotlib.font_manager:findfont: score(FontEntry(fname='/usr/share/fonts/truetype/teluguvijayam/Gidugu.ttf', name='Gidugu', style='normal', variant='normal', weight=400, stretch='normal', size='scalable')) = 10.05
DEBUG:matplotlib.font_manager:findfont: score(FontEntry(fname='/usr/share/fonts/opentype/urw-base35/NimbusMonoPS-Italic.otf', name='Nimbus Mono PS', style='italic', variant='normal', weight=400, stretch='normal', size='scalable')) = 11.05
DEBUG:matplotlib.font_manager:findfont: score(FontEntry(fname='/usr/share/fonts/truetype/ubuntu/Ubuntu-M.ttf', name='Ubuntu', style='normal', variant='normal', weight=500, stretch='normal', size='scalable')) = 10.145
DEBUG:matplotlib.font_manager:findfont: score(FontEntry(fname='/usr/share/fonts/truetype/tlwg/Norasi-Oblique.ttf', name='Norasi', style='oblique', variant='normal', weight=400, stretch='normal', size='scalable')) = 11.05
DEBUG:matplotlib.font_manager:findfont: score(FontEntry(fname='/usr/share/fonts/truetype/tlwg/Loma-BoldOblique.ttf', name='Loma', style='oblique', variant='normal', weight=700, stretch='normal', size='scalable')) = 11.335
DEBUG:matplotlib.font_manager:findfont: score(FontEntry(fname='/usr/share/fonts/truetype/dejavu/DejaVuSerifCondensed.ttf', name='DejaVu Serif', style='normal', variant='normal', weight=400, stretch='condensed', size='scalable')) = 10.25
DEBUG:matplotlib.font_manager:findfont: score(FontEntry(fname='/usr/share/fonts/truetype/freefont/FreeMono.ttf', name='FreeMono', style='normal', variant='normal', weight=400, stretch='normal', size='scalable')) = 10.05
DEBUG:matplotlib.font_manager:findfont: score(FontEntry(fname='/usr/share/fonts/truetype/malayalam/Meera-Regular.ttf', name='Meera', style='normal', variant='normal', weight=400, stretch='normal', size='scalable')) = 10.05
DEBUG:matplotlib.font_manager:findfont: score(FontEntry(fname='/usr/share/fonts/truetype/fonts-yrsa-rasa/Rasa-Regular.ttf', name='Rasa', style='normal', variant='normal', weight=400, stretch='normal', size='scalable')) = 10.05
DEBUG:matplotlib.font_manager:findfont: score(FontEntry(fname='/usr/share/fonts/truetype/liberation2/LiberationMono-BoldItalic.ttf', name='Liberation Mono', style='italic', variant='normal', weight=700, stretch='normal', size='scalable')) = 11.335
DEBUG:matplotlib.font_manager:findfont: score(FontEntry(fname='/usr/share/fonts/truetype/dejavu/DejaVuSans.ttf', name='DejaVu Sans', style='normal', variant='normal', weight=400, stretch='normal', size='scalable')) = 0.05
DEBUG:matplotlib.font_manager:findfont: score(FontEntry(fname='/usr/share/fonts/truetype/ubuntu/Ubuntu-B.ttf', name='Ubuntu', style='normal', variant='normal', weight=700, stretch='normal', size='scalable')) = 10.335
DEBUG:matplotlib.font_manager:findfont: score(FontEntry(fname='/usr/share/fonts/truetype/dejavu/DejaVuSerif-BoldItalic.ttf', name='DejaVu Serif', style='italic', variant='normal', weight=700, stretch='normal', size='scalable')) = 11.335
DEBUG:matplotlib.font_manager:findfont: score(FontEntry(fname='/usr/share/fonts/opentype/urw-base35/NimbusSans-Bold.otf', name='Nimbus Sans', style='normal', variant='normal', weight=700, stretch='normal', size='scalable')) = 10.335
DEBUG:matplotlib.font_manager:findfont: score(FontEntry(fname='/usr/share/fonts/truetype/tlwg/Purisa-Oblique.ttf', name='Purisa', style='oblique', variant='normal', weight=400, stretch='normal', size='scalable')) = 11.05
DEBUG:matplotlib.font_manager:findfont: score(FontEntry(fname='/usr/share/fonts/opentype/urw-base35/D050000L.otf', name='D050000L', style='normal', variant='normal', weight=400, stretch='normal', size='scalable')) = 10.05
DEBUG:matplotlib.font_manager:findfont: score(FontEntry(fname='/usr/share/fonts/truetype/teluguvijayam/SyamalaRamana.ttf', name='Syamala Ramana', style='normal', variant='normal', weight=400, stretch='normal', size='scalable')) = 10.05
DEBUG:matplotlib.font_manager:findfont: score(FontEntry(fname='/usr/share/fonts/truetype/tlwg/TlwgTypist-Bold.ttf', name='Tlwg Typist', style='normal', variant='normal', weight=700, stretch='normal', size='scalable')) = 10.335
DEBUG:matplotlib.font_manager:findfont: score(FontEntry(fname='/usr/share/fonts/truetype/tlwg/TlwgTypo.ttf', name='Tlwg Typo', style='normal', variant='normal', weight=400, stretch='normal', size='scalable')) = 10.05
DEBUG:matplotlib.font_manager:findfont: score(FontEntry(fname='/usr/share/fonts/truetype/ubuntu/Ubuntu-LI.ttf', name='Ubuntu', style='italic', variant='normal', weight=300, stretch='normal', size='scalable')) = 11.145
DEBUG:matplotlib.font_manager:findfont: score(FontEntry(fname='/usr/share/fonts/truetype/libreoffice/opens___.ttf', name='OpenSymbol', style='normal', variant='normal', weight=400, stretch='normal', size='scalable')) = 10.05
DEBUG:matplotlib.font_manager:findfont: score(FontEntry(fname='/usr/share/fonts/truetype/liberation/LiberationSansNarrow-Bold.ttf', name='Liberation Sans Narrow', style='normal', variant='normal', weight=700, stretch='condensed', size='scalable')) = 10.535
DEBUG:matplotlib.font_manager:findfont: score(FontEntry(fname='/usr/share/fonts/truetype/fonts-gujr-extra/padmaa.ttf', name='padmaa', style='normal', variant='normal', weight=500, stretch='normal', size='scalable')) = 10.145
DEBUG:matplotlib.font_manager:findfont: score(FontEntry(fname='/usr/share/fonts/truetype/ttf-khmeros-core/KhmerOS.ttf', name='Khmer OS', style='normal', variant='normal', weight=400, stretch='normal', size='scalable')) = 10.05
DEBUG:matplotlib.font_manager:findfont: score(FontEntry(fname='/usr/share/fonts/truetype/kacst-one/KacstOne.ttf', name='KacstOne', style='normal', variant='normal', weight=400, stretch='normal', size='scalable')) = 10.05
DEBUG:matplotlib.font_manager:findfont: score(FontEntry(fname='/usr/share/fonts/truetype/ubuntu/Ubuntu-L.ttf', name='Ubuntu', style='normal', variant='normal', weight=300, stretch='normal', size='scalable')) = 10.145
DEBUG:matplotlib.font_manager:findfont: score(FontEntry(fname='/usr/share/fonts/truetype/fonts-gujr-extra/aakar-medium.ttf', name='aakar', style='normal', variant='normal', weight=500, stretch='normal', size='scalable')) = 10.145
DEBUG:matplotlib.font_manager:findfont: score(FontEntry(fname='/usr/share/fonts/opentype/malayalam/Manjari-Bold.otf', name='Manjari', style='normal', variant='normal', weight=700, stretch='normal', size='scalable')) = 10.335
DEBUG:matplotlib.font_manager:findfont: score(FontEntry(fname='/usr/share/fonts/truetype/fonts-deva-extra/samanata.ttf', name='Samanata', style='normal', variant='normal', weight=400, stretch='normal', size='scalable')) = 10.05
DEBUG:matplotlib.font_manager:findfont: score(FontEntry(fname='/usr/share/fonts/truetype/noto/NotoMono-Regular.ttf', name='Noto Mono', style='normal', variant='normal', weight=400, stretch='normal', size='scalable')) = 10.05
DEBUG:matplotlib.font_manager:findfont: score(FontEntry(fname='/usr/share/fonts/truetype/teluguvijayam/TenaliRamakrishna-Regular.ttf', name='TenaliRamakrishna', style='normal', variant='normal', weight=400, stretch='normal', size='scalable')) = 10.05
DEBUG:matplotlib.font_manager:findfont: score(FontEntry(fname='/usr/share/fonts/truetype/teluguvijayam/NATS.ttf', name='NATS', style='normal', variant='normal', weight=400, stretch='normal', size='scalable')) = 10.05
DEBUG:matplotlib.font_manager:findfont: score(FontEntry(fname='/usr/share/fonts/truetype/freefont/FreeMonoBold.ttf', name='FreeMono', style='normal', variant='normal', weight=700, stretch='normal', size='scalable')) = 10.335
DEBUG:matplotlib.font_manager:findfont: score(FontEntry(fname='/usr/share/fonts/truetype/liberation/LiberationSansNarrow-Regular.ttf', name='Liberation Sans Narrow', style='normal', variant='normal', weight=400, stretch='condensed', size='scalable')) = 10.25
DEBUG:matplotlib.font_manager:findfont: score(FontEntry(fname='/usr/share/fonts/truetype/tlwg/Umpush-BoldOblique.ttf', name='Umpush', style='oblique', variant='normal', weight=700, stretch='normal', size='scalable')) = 11.335
DEBUG:matplotlib.font_manager:findfont: score(FontEntry(fname='/usr/share/fonts/truetype/freefont/FreeSerifItalic.ttf', name='FreeSerif', style='italic', variant='normal', weight=400, stretch='normal', size='scalable')) = 11.05
DEBUG:matplotlib.font_manager:findfont: score(FontEntry(fname='/usr/share/fonts/truetype/tlwg/Kinnari-BoldItalic.ttf', name='Kinnari', style='italic', variant='normal', weight=700, stretch='normal', size='scalable')) = 11.335
DEBUG:matplotlib.font_manager:findfont: score(FontEntry(fname='/usr/share/fonts/truetype/ubuntu/UbuntuMono-BI.ttf', name='Ubuntu Mono', style='italic', variant='normal', weight=700, stretch='normal', size='scalable')) = 11.335
DEBUG:matplotlib.font_manager:findfont: score(FontEntry(fname='/usr/share/fonts/truetype/teluguvijayam/Peddana-Regular.ttf', name='Peddana', style='normal', variant='normal', weight=400, stretch='normal', size='scalable')) = 10.05
DEBUG:matplotlib.font_manager:findfont: score(FontEntry(fname='/usr/share/fonts/truetype/lohit-kannada/Lohit-Kannada.ttf', name='Lohit Kannada', style='normal', variant='normal', weight=400, stretch='normal', size='scalable')) = 10.05
DEBUG:matplotlib.font_manager:findfont: score(FontEntry(fname='/usr/share/fonts/truetype/tlwg/TlwgTypewriter-Bold.ttf', name='Tlwg Typewriter', style='normal', variant='normal', weight=700, stretch='normal', size='scalable')) = 10.335
DEBUG:matplotlib.font_manager:findfont: score(FontEntry(fname='/usr/share/fonts/truetype/liberation/LiberationSansNarrow-BoldItalic.ttf', name='Liberation Sans Narrow', style='italic', variant='normal', weight=700, stretch='condensed', size='scalable')) = 11.535
DEBUG:matplotlib.font_manager:findfont: score(FontEntry(fname='/usr/share/fonts/truetype/kacst/KacstFarsi.ttf', name='KacstFarsi', style='normal', variant='normal', weight=500, stretch='normal', size='scalable')) = 10.145
DEBUG:matplotlib.font_manager:findfont: score(FontEntry(fname='/usr/share/fonts/truetype/ttf-khmeros-core/KhmerOSsys.ttf', name='Khmer OS System', style='normal', variant='normal', weight=400, stretch='normal', size='scalable')) = 10.05
DEBUG:matplotlib.font_manager:findfont: score(FontEntry(fname='/usr/share/fonts/truetype/dejavu/DejaVuSerif-Bold.ttf', name='DejaVu Serif', style='normal', variant='normal', weight=700, stretch='normal', size='scalable')) = 10.335
DEBUG:matplotlib.font_manager:findfont: score(FontEntry(fname='/usr/share/fonts/truetype/liberation2/LiberationSans-Italic.ttf', name='Liberation Sans', style='italic', variant='normal', weight=400, stretch='normal', size='scalable')) = 11.05
DEBUG:matplotlib.font_manager:findfont: score(FontEntry(fname='/usr/share/fonts/opentype/malayalam/Manjari-Regular.otf', name='Manjari', style='normal', variant='normal', weight=400, stretch='normal', size='scalable')) = 10.05
DEBUG:matplotlib.font_manager:findfont: score(FontEntry(fname='/usr/share/fonts/truetype/kacst/KacstPen.ttf', name='KacstPen', style='normal', variant='normal', weight=500, stretch='normal', size='scalable')) = 10.145
DEBUG:matplotlib.font_manager:findfont: score(FontEntry(fname='/usr/share/fonts/truetype/liberation/LiberationSans-Regular.ttf', name='Liberation Sans', style='normal', variant='normal', weight=400, stretch='normal', size='scalable')) = 10.05
DEBUG:matplotlib.font_manager:findfont: score(FontEntry(fname='/usr/share/fonts/truetype/malayalam/Keraleeyam-Regular.ttf', name='Keraleeyam', style='normal', variant='normal', weight=400, stretch='normal', size='scalable')) = 10.05
DEBUG:matplotlib.font_manager:findfont: score(FontEntry(fname='/usr/share/fonts/opentype/urw-base35/NimbusSansNarrow-Oblique.otf', name='Nimbus Sans Narrow', style='oblique', variant='normal', weight=400, stretch='condensed', size='scalable')) = 11.25
DEBUG:matplotlib.font_manager:findfont: score(FontEntry(fname='/usr/share/fonts/truetype/freefont/FreeSerifBold.ttf', name='FreeSerif', style='normal', variant='normal', weight=700, stretch='normal', size='scalable')) = 10.335
DEBUG:matplotlib.font_manager:findfont: score(FontEntry(fname='/usr/share/fonts/truetype/malayalam/Dyuthi-Regular.ttf', name='Dyuthi', style='normal', variant='normal', weight=400, stretch='normal', size='scalable')) = 10.05
DEBUG:matplotlib.font_manager:findfont: score(FontEntry(fname='/usr/share/fonts/opentype/urw-base35/P052-BoldItalic.otf', name='P052', style='italic', variant='normal', weight=700, stretch='normal', size='scalable')) = 11.335
DEBUG:matplotlib.font_manager:findfont: score(FontEntry(fname='/usr/share/fonts/truetype/tlwg/Purisa.ttf', name='Purisa', style='normal', variant='normal', weight=400, stretch='normal', size='scalable')) = 10.05
DEBUG:matplotlib.font_manager:findfont: score(FontEntry(fname='/usr/share/fonts/truetype/liberation2/LiberationSerif-Italic.ttf', name='Liberation Serif', style='italic', variant='normal', weight=400, stretch='normal', size='scalable')) = 11.05
DEBUG:matplotlib.font_manager:findfont: score(FontEntry(fname='/usr/share/fonts/truetype/noto/NotoSansMono-Regular.ttf', name='Noto Sans Mono', style='normal', variant='normal', weight=400, stretch='normal', size='scalable')) = 10.05
DEBUG:matplotlib.font_manager:findfont: score(FontEntry(fname='/usr/share/fonts/truetype/tlwg/TlwgTypewriter-Oblique.ttf', name='Tlwg Typewriter', style='oblique', variant='normal', weight=400, stretch='normal', size='scalable')) = 11.05
DEBUG:matplotlib.font_manager:findfont: score(FontEntry(fname='/usr/share/fonts/truetype/pagul/Pagul.ttf', name='Pagul', style='normal', variant='normal', weight=400, stretch='normal', size='scalable')) = 10.05
DEBUG:matplotlib.font_manager:findfont: score(FontEntry(fname='/usr/share/fonts/truetype/Navilu/Navilu.ttf', name='Navilu', style='normal', variant='normal', weight=400, stretch='normal', size='scalable')) = 10.05
DEBUG:matplotlib.font_manager:findfont: score(FontEntry(fname='/usr/share/fonts/truetype/kacst/KacstTitle.ttf', name='KacstTitle', style='normal', variant='normal', weight=500, stretch='normal', size='scalable')) = 10.145
DEBUG:matplotlib.font_manager:findfont: score(FontEntry(fname='/usr/share/fonts/truetype/dejavu/DejaVuMathTeXGyre.ttf', name='DejaVu Math TeX Gyre', style='normal', variant='normal', weight=400, stretch='normal', size='scalable')) = 10.05
DEBUG:matplotlib.font_manager:findfont: score(FontEntry(fname='/usr/share/fonts/opentype/urw-base35/Z003-MediumItalic.otf', name='Z003', style='italic', variant='normal', weight=500, stretch='normal', size='scalable')) = 11.145
DEBUG:matplotlib.font_manager:findfont: score(FontEntry(fname='/usr/share/fonts/opentype/urw-base35/URWBookman-DemiItalic.otf', name='URW Bookman', style='italic', variant='normal', weight=600, stretch='normal', size='scalable')) = 11.24
DEBUG:matplotlib.font_manager:findfont: score(FontEntry(fname='/usr/share/fonts/opentype/noto/NotoSansCJK-Bold.ttc', name='Noto Sans CJK JP', style='normal', variant='normal', weight=700, stretch='normal', size='scalable')) = 10.335
DEBUG:matplotlib.font_manager:findfont: score(FontEntry(fname='/usr/share/fonts/truetype/tlwg/Waree-Oblique.ttf', name='Waree', style='oblique', variant='normal', weight=400, stretch='normal', size='scalable')) = 11.05
DEBUG:matplotlib.font_manager:findfont: score(FontEntry(fname='/usr/share/fonts/truetype/dejavu/DejaVuSerifCondensed-Italic.ttf', name='DejaVu Serif', style='italic', variant='normal', weight=400, stretch='condensed', size='scalable')) = 11.25
DEBUG:matplotlib.font_manager:findfont: score(FontEntry(fname='/usr/share/fonts/truetype/tlwg/Kinnari-BoldOblique.ttf', name='Kinnari', style='oblique', variant='normal', weight=700, stretch='normal', size='scalable')) = 11.335
DEBUG:matplotlib.font_manager:findfont: score(FontEntry(fname='/usr/share/fonts/truetype/noto/NotoSansMono-Bold.ttf', name='Noto Sans Mono', style='normal', variant='normal', weight=700, stretch='normal', size='scalable')) = 10.335
DEBUG:matplotlib.font_manager:findfont: score(FontEntry(fname='/usr/share/fonts/truetype/kacst/KacstPoster.ttf', name='KacstPoster', style='normal', variant='normal', weight=500, stretch='normal', size='scalable')) = 10.145
DEBUG:matplotlib.font_manager:findfont: score(FontEntry(fname='/usr/share/fonts/truetype/tlwg/Waree-BoldOblique.ttf', name='Waree', style='oblique', variant='normal', weight=700, stretch='normal', size='scalable')) = 11.335
DEBUG:matplotlib.font_manager:findfont: score(FontEntry(fname='/usr/share/fonts/truetype/padauk/Padauk-Regular.ttf', name='Padauk', style='normal', variant='normal', weight=400, stretch='normal', size='scalable')) = 10.05
DEBUG:matplotlib.font_manager:findfont: Matching sans\-serif:style=normal:variant=normal:weight=normal:stretch=normal:size=7.0 to DejaVu Sans ('/home/tntiniak/Work/PhysiCell-Studios/PhysiCell-Studio/env/lib/python3.10/site-packages/matplotlib/mpl-data/fonts/ttf/DejaVuSans.ttf') with score of 0.050000.
DEBUG:root:===========  run_model_cb():  ============
DEBUG:root:run_tab.py:  doing: mkdir ../output/new_results/mechanics_pushing
DEBUG:root:----------- microenv_tab.py: fill_xml(): ----------
DEBUG:root:microenv_tab.py: fill_xml(): num subtrates = 1
DEBUG:root:substrates_in_tree =['oxygen']
DEBUG:root:microrenv_tab.py: key in param_d.keys() = oxygen
DEBUG:root:matched! oxygen
DEBUG:root:microrenv_tab.py: key in param_d.keys() = gradients
DEBUG:root:microrenv_tab.py: key in param_d.keys() = track_in_agents
DEBUG:root:

----------- cell_def_tab.py: fill_xml(): ----------
DEBUG:root:num cell defs = 1
DEBUG:root:cdefs_in_tree =['agent']
DEBUG:root:
--- key in param_d.keys() = agent
DEBUG:root:matched! agent
DEBUG:root:--- cell_adhesion_affinity= {'agent': '1.0'}
DEBUG:root:agent  --> 1.0
DEBUG:root:

 ====================> fill_xml_motility(): oxygen = oxygen 


DEBUG:root:fill_xml_motility(): {'oxygen': '0.00'}
DEBUG:root:oxygen  --> 0.00
DEBUG:root:

 ====================> fill_xml_secretion()

DEBUG:root:self.substrate_list = ['oxygen']
DEBUG:root:substrate = oxygen
DEBUG:root:------------------- fill_xml_interactions():  cdef= agent
DEBUG:root:--- live_phagocytosis_rate= {'agent': '0.0', '': '0.0'}
DEBUG:root:  key in live_phagocytosis_rate= agent
DEBUG:root:agent  --> 0.0
DEBUG:root:  key in live_phagocytosis_rate= 
DEBUG:root:--- attack_rate= {'agent': '0.0', '': '0.0'}
DEBUG:root:agent  --> 0.0
DEBUG:root:--- fusion_rate= {'agent': '0.0', '': '0.0'}
DEBUG:root:agent  --> 0.0
DEBUG:root:agent  --> 0.0
DEBUG:root:------------------- cell_def_tab.py:  fill_xml_intracellular()
DEBUG:root:------ ["intracellular"]: for agent
DEBUG:root:None
DEBUG:root:

DEBUG:root:------ ["custom_data"]: for agent
DEBUG:root:------ ["initial_parameter_distributions"]: for agent
DEBUG:root:----------- end cell_def_tab.py: fill_xml(): ----------
DEBUG:root:
--------- user_params_tab.py:  fill_xml(): self.count = 100
DEBUG:root:--------- found //user_parameters
DEBUG:root:random_seed
DEBUG:root:number_of_cells
DEBUG:root:friction_coeff
DEBUG:root:found 3
DEBUG:root:===========  run_model_cb():  ============
DEBUG:root:run_tab.py:  doing: mkdir ../output
DEBUG:root:----------- microenv_tab.py: fill_xml(): ----------
DEBUG:root:microenv_tab.py: fill_xml(): num subtrates = 1
DEBUG:root:substrates_in_tree =['oxygen']
DEBUG:root:microrenv_tab.py: key in param_d.keys() = oxygen
DEBUG:root:matched! oxygen
DEBUG:root:microrenv_tab.py: key in param_d.keys() = gradients
DEBUG:root:microrenv_tab.py: key in param_d.keys() = track_in_agents
DEBUG:root:

----------- cell_def_tab.py: fill_xml(): ----------
DEBUG:root:num cell defs = 1
DEBUG:root:cdefs_in_tree =['agent']
DEBUG:root:
--- key in param_d.keys() = agent
DEBUG:root:matched! agent
DEBUG:root:--- cell_adhesion_affinity= {'agent': '1.0'}
DEBUG:root:agent  --> 1.0
DEBUG:root:

 ====================> fill_xml_motility(): oxygen = oxygen 


DEBUG:root:fill_xml_motility(): {'oxygen': '0.00'}
DEBUG:root:oxygen  --> 0.00
DEBUG:root:

 ====================> fill_xml_secretion()

DEBUG:root:self.substrate_list = ['oxygen']
DEBUG:root:substrate = oxygen
DEBUG:root:------------------- fill_xml_interactions():  cdef= agent
DEBUG:root:--- live_phagocytosis_rate= {'agent': '0.0', '': '0.0'}
DEBUG:root:  key in live_phagocytosis_rate= agent
DEBUG:root:agent  --> 0.0
DEBUG:root:  key in live_phagocytosis_rate= 
DEBUG:root:--- attack_rate= {'agent': '0.0', '': '0.0'}
DEBUG:root:agent  --> 0.0
DEBUG:root:--- fusion_rate= {'agent': '0.0', '': '0.0'}
DEBUG:root:agent  --> 0.0
DEBUG:root:agent  --> 0.0
DEBUG:root:------------------- cell_def_tab.py:  fill_xml_intracellular()
DEBUG:root:------ ["intracellular"]: for agent
DEBUG:root:None
DEBUG:root:

DEBUG:root:------ ["custom_data"]: for agent
DEBUG:root:------ ["initial_parameter_distributions"]: for agent
DEBUG:root:----------- end cell_def_tab.py: fill_xml(): ----------
DEBUG:root:
--------- user_params_tab.py:  fill_xml(): self.count = 100
DEBUG:root:--------- found //user_parameters
DEBUG:root:random_seed
DEBUG:root:number_of_cells
DEBUG:root:friction_coeff
DEBUG:root:found 3
DEBUG:root:===========  run_model_cb():  ============
DEBUG:root:run_tab.py:  doing: mkdir ./output
DEBUG:root:----------- microenv_tab.py: fill_xml(): ----------
DEBUG:root:microenv_tab.py: fill_xml(): num subtrates = 1
DEBUG:root:substrates_in_tree =['oxygen']
DEBUG:root:microrenv_tab.py: key in param_d.keys() = oxygen
DEBUG:root:matched! oxygen
DEBUG:root:microrenv_tab.py: key in param_d.keys() = gradients
DEBUG:root:microrenv_tab.py: key in param_d.keys() = track_in_agents
DEBUG:root:

----------- cell_def_tab.py: fill_xml(): ----------
DEBUG:root:num cell defs = 1
DEBUG:root:cdefs_in_tree =['agent']
DEBUG:root:
--- key in param_d.keys() = agent
DEBUG:root:matched! agent
DEBUG:root:--- cell_adhesion_affinity= {'agent': '1.0'}
DEBUG:root:agent  --> 1.0
DEBUG:root:

 ====================> fill_xml_motility(): oxygen = oxygen 


DEBUG:root:fill_xml_motility(): {'oxygen': '0.00'}
DEBUG:root:oxygen  --> 0.00
DEBUG:root:

 ====================> fill_xml_secretion()

DEBUG:root:self.substrate_list = ['oxygen']
DEBUG:root:substrate = oxygen
DEBUG:root:------------------- fill_xml_interactions():  cdef= agent
DEBUG:root:--- live_phagocytosis_rate= {'agent': '0.0', '': '0.0'}
DEBUG:root:  key in live_phagocytosis_rate= agent
DEBUG:root:agent  --> 0.0
DEBUG:root:  key in live_phagocytosis_rate= 
DEBUG:root:--- attack_rate= {'agent': '0.0', '': '0.0'}
DEBUG:root:agent  --> 0.0
DEBUG:root:--- fusion_rate= {'agent': '0.0', '': '0.0'}
DEBUG:root:agent  --> 0.0
DEBUG:root:agent  --> 0.0
DEBUG:root:------------------- cell_def_tab.py:  fill_xml_intracellular()
DEBUG:root:------ ["intracellular"]: for agent
DEBUG:root:None
DEBUG:root:

DEBUG:root:------ ["custom_data"]: for agent
DEBUG:root:------ ["initial_parameter_distributions"]: for agent
DEBUG:root:----------- end cell_def_tab.py: fill_xml(): ----------
DEBUG:root:
--------- user_params_tab.py:  fill_xml(): self.count = 100
DEBUG:root:--------- found //user_parameters
DEBUG:root:random_seed
DEBUG:root:number_of_cells
DEBUG:root:friction_coeff
DEBUG:root:found 3
DEBUG:root:===========  run_model_cb():  ============
DEBUG:root:run_tab.py:  doing: mkdir /home/tntiniak/Work/github/Benchmarks/observatory_benchmark/multiscale_benchmark/2022_09_hackathon/Physicell/Code/output/
DEBUG:root:----------- microenv_tab.py: fill_xml(): ----------
DEBUG:root:microenv_tab.py: fill_xml(): num subtrates = 1
DEBUG:root:substrates_in_tree =['oxygen']
DEBUG:root:microrenv_tab.py: key in param_d.keys() = oxygen
DEBUG:root:matched! oxygen
DEBUG:root:microrenv_tab.py: key in param_d.keys() = gradients
DEBUG:root:microrenv_tab.py: key in param_d.keys() = track_in_agents
DEBUG:root:

----------- cell_def_tab.py: fill_xml(): ----------
DEBUG:root:num cell defs = 1
DEBUG:root:cdefs_in_tree =['agent']
DEBUG:root:
--- key in param_d.keys() = agent
DEBUG:root:matched! agent
DEBUG:root:--- cell_adhesion_affinity= {'agent': '1.0'}
DEBUG:root:agent  --> 1.0
DEBUG:root:

 ====================> fill_xml_motility(): oxygen = oxygen 


DEBUG:root:fill_xml_motility(): {'oxygen': '0.00'}
DEBUG:root:oxygen  --> 0.00
DEBUG:root:

 ====================> fill_xml_secretion()

DEBUG:root:self.substrate_list = ['oxygen']
DEBUG:root:substrate = oxygen
DEBUG:root:------------------- fill_xml_interactions():  cdef= agent
DEBUG:root:--- live_phagocytosis_rate= {'agent': '0.0', '': '0.0'}
DEBUG:root:  key in live_phagocytosis_rate= agent
DEBUG:root:agent  --> 0.0
DEBUG:root:  key in live_phagocytosis_rate= 
DEBUG:root:--- attack_rate= {'agent': '0.0', '': '0.0'}
DEBUG:root:agent  --> 0.0
DEBUG:root:--- fusion_rate= {'agent': '0.0', '': '0.0'}
DEBUG:root:agent  --> 0.0
DEBUG:root:agent  --> 0.0
DEBUG:root:------------------- cell_def_tab.py:  fill_xml_intracellular()
DEBUG:root:------ ["intracellular"]: for agent
DEBUG:root:None
DEBUG:root:

DEBUG:root:------ ["custom_data"]: for agent
DEBUG:root:------ ["initial_parameter_distributions"]: for agent
DEBUG:root:----------- end cell_def_tab.py: fill_xml(): ----------
DEBUG:root:
--------- user_params_tab.py:  fill_xml(): self.count = 100
DEBUG:root:--------- found //user_parameters
DEBUG:root:random_seed
DEBUG:root:number_of_cells
DEBUG:root:friction_coeff
DEBUG:root:found 3
DEBUG:root:
--------new_interaction_params(): cdname_new= ntype_uda, reset_mapping= True
DEBUG:root:
--------new_intracellular_params(): cdname_new= ntype_uda
DEBUG:root:------- new_custom_data_params() -----
DEBUG:root:num_vals = 1
DEBUG:root:sample, ['1.0', False]
DEBUG:root:cell_def_tab.py: ------- add_new_celltype_comboboxes ntype_uda
DEBUG:root:
  ---- apoptosis_phase_transition_cb: 
DEBUG:root:apoptosis_phase_transition_cb: --> duration
DEBUG:root:
  ---- apoptosis_phase_transition_cb: 
DEBUG:root:apoptosis: ------>> transition rate     
DEBUG:root:apoptosis_phase_transition_cb: NOT duration
DEBUG:root:
  ---- necrosis_phase_transition_cb: 
DEBUG:root:necrosis_phase_transition_cb: --> duration
DEBUG:root:
  ---- necrosis_phase_transition_cb: 
DEBUG:root:necrosis: ------>>transition rate     
DEBUG:root:necrosis_phase_transition_cb: NOT duration
DEBUG:root:key 0= agent
DEBUG:root:keys 1= dict_keys(['agent', 'ntype_uda'])
DEBUG:root:keys 2= dict_keys(['agent', 'ntype_uda'])
DEBUG:root:
----- update_motility_params():  cdname= ntype_uda
DEBUG:root:     setting motility_substrate_dropdown (for cdname= ntype_uda ) = oxygen
DEBUG:root:     setting motility2_substrate_dropdown (for cdname= ntype_uda ) = oxygen
DEBUG:root:    chemotactic_sensitivity= {'oxygen': '0.0'}
DEBUG:root:new val = 0.0
DEBUG:root:----- chemo_sensitivity_changed() = 0.0
DEBUG:root:----- chemo_sensitivity_changed(): subname = oxygen
DEBUG:root:     chemotactic_sensitivity (dict)= {'oxygen': '0.0'}
DEBUG:root:----- leave update_motility_params()

DEBUG:root:update_secretion_params(): cdname = ntype_uda
DEBUG:root:update_secretion_params(): self.current_secretion_substrate = oxygen
DEBUG:root:{'oxygen': {'secretion_rate': '0.0', 'secretion_target': '1.0', 'uptake_rate': '0.0', 'net_export_rate': '0.0'}}
DEBUG:root:===========  run_model_cb():  ============
DEBUG:root:run_tab.py:  doing: mkdir /home/tntiniak/Work/github/Benchmarks/observatory_benchmark/multiscale_benchmark/2022_09_hackathon/Physicell/Code/output/
DEBUG:root:----------- microenv_tab.py: fill_xml(): ----------
DEBUG:root:microenv_tab.py: fill_xml(): num subtrates = 1
DEBUG:root:substrates_in_tree =['oxygen']
DEBUG:root:microrenv_tab.py: key in param_d.keys() = oxygen
DEBUG:root:matched! oxygen
DEBUG:root:microrenv_tab.py: key in param_d.keys() = gradients
DEBUG:root:microrenv_tab.py: key in param_d.keys() = track_in_agents
DEBUG:root:

----------- cell_def_tab.py: fill_xml(): ----------
DEBUG:root:num cell defs = 2
DEBUG:root:cdefs_in_tree =['agent', 'ntype_uda']
DEBUG:root:
--- key in param_d.keys() = agent
DEBUG:root:matched! agent
DEBUG:root:--- cell_adhesion_affinity= {'agent': '1.0', 'ntype_uda': '1.0'}
DEBUG:root:agent  --> 1.0
DEBUG:root:ntype_uda  --> 1.0
DEBUG:root:

 ====================> fill_xml_motility(): oxygen = oxygen 


DEBUG:root:fill_xml_motility(): {'oxygen': '0.00'}
DEBUG:root:oxygen  --> 0.00
DEBUG:root:

 ====================> fill_xml_secretion()

DEBUG:root:self.substrate_list = ['oxygen']
DEBUG:root:substrate = oxygen
DEBUG:root:------------------- fill_xml_interactions():  cdef= agent
DEBUG:root:--- live_phagocytosis_rate= {'agent': '0.0', '': '0.0', 'ntype_uda': '0.0'}
DEBUG:root:  key in live_phagocytosis_rate= agent
DEBUG:root:agent  --> 0.0
DEBUG:root:  key in live_phagocytosis_rate= 
DEBUG:root:  key in live_phagocytosis_rate= ntype_uda
DEBUG:root:ntype_uda  --> 0.0
DEBUG:root:--- attack_rate= {'agent': '0.0', '': '0.0', 'ntype_uda': '0.0'}
DEBUG:root:agent  --> 0.0
DEBUG:root:ntype_uda  --> 0.0
DEBUG:root:--- fusion_rate= {'agent': '0.0', '': '0.0', 'ntype_uda': '0.0'}
DEBUG:root:agent  --> 0.0
DEBUG:root:ntype_uda  --> 0.0
DEBUG:root:agent  --> 0.0
DEBUG:root:ntype_uda  --> 0.0
DEBUG:root:------------------- cell_def_tab.py:  fill_xml_intracellular()
DEBUG:root:------ ["intracellular"]: for agent
DEBUG:root:None
DEBUG:root:

DEBUG:root:------ ["custom_data"]: for agent
DEBUG:root:------ ["initial_parameter_distributions"]: for agent
DEBUG:root:
--- key in param_d.keys() = ntype_uda
DEBUG:root:matched! ntype_uda
DEBUG:root:--- cell_adhesion_affinity= {'agent': '1.0', 'ntype_uda': '1.0'}
DEBUG:root:agent  --> 1.0
DEBUG:root:ntype_uda  --> 1.0
DEBUG:root:

 ====================> fill_xml_motility(): oxygen = oxygen 


DEBUG:root:fill_xml_motility(): {'oxygen': '0.0'}
DEBUG:root:oxygen  --> 0.0
DEBUG:root:

 ====================> fill_xml_secretion()

DEBUG:root:self.substrate_list = ['oxygen']
DEBUG:root:substrate = oxygen
DEBUG:root:------------------- fill_xml_interactions():  cdef= ntype_uda
DEBUG:root:--- live_phagocytosis_rate= {'agent': '0.0', '': '0.0', 'ntype_uda': '0.0'}
DEBUG:root:  key in live_phagocytosis_rate= agent
DEBUG:root:agent  --> 0.0
DEBUG:root:  key in live_phagocytosis_rate= 
DEBUG:root:  key in live_phagocytosis_rate= ntype_uda
DEBUG:root:ntype_uda  --> 0.0
DEBUG:root:--- attack_rate= {'agent': '0.0', '': '0.0', 'ntype_uda': '0.0'}
DEBUG:root:agent  --> 0.0
DEBUG:root:ntype_uda  --> 0.0
DEBUG:root:--- fusion_rate= {'agent': '0.0', '': '0.0', 'ntype_uda': '0.0'}
DEBUG:root:agent  --> 0.0
DEBUG:root:ntype_uda  --> 0.0
DEBUG:root:agent  --> 0.0
DEBUG:root:ntype_uda  --> 0.0
DEBUG:root:------------------- cell_def_tab.py:  fill_xml_intracellular()
DEBUG:root:------ ["intracellular"]: for ntype_uda
DEBUG:root:None
DEBUG:root:

DEBUG:root:------ ["custom_data"]: for ntype_uda
DEBUG:root:------ ["initial_parameter_distributions"]: for ntype_uda
DEBUG:root:----------- end cell_def_tab.py: fill_xml(): ----------
DEBUG:root:
--------- user_params_tab.py:  fill_xml(): self.count = 100
DEBUG:root:--------- found //user_parameters
DEBUG:root:random_seed
DEBUG:root:number_of_cells
DEBUG:root:friction_coeff
DEBUG:root:found 3
DEBUG:root:
  ---- apoptosis_phase_transition_cb: 
DEBUG:root:apoptosis_phase_transition_cb: NOT duration
DEBUG:root:
  ---- apoptosis_phase_transition_cb: 
DEBUG:root:apoptosis: ------>> duration
DEBUG:root:apoptosis_phase_transition_cb: --> duration
DEBUG:root:
  ---- necrosis_phase_transition_cb: 
DEBUG:root:necrosis_phase_transition_cb: NOT duration
DEBUG:root:
  ---- necrosis_phase_transition_cb: 
DEBUG:root:necrosis: ------>>duration
DEBUG:root:necrosis_phase_transition_cb: --> duration
DEBUG:root:key 0= agent
DEBUG:root:keys 1= dict_keys(['agent', 'ntype_uda'])
DEBUG:root:keys 2= dict_keys(['agent', 'ntype_uda'])
DEBUG:root:
----- update_motility_params():  cdname= agent
DEBUG:root:     setting motility_substrate_dropdown (for cdname= agent ) = oxygen
DEBUG:root:     setting motility2_substrate_dropdown (for cdname= agent ) = oxygen
DEBUG:root:    chemotactic_sensitivity= {'oxygen': '0.00'}
DEBUG:root:new val = 0.00
DEBUG:root:----- chemo_sensitivity_changed() = 0.00
DEBUG:root:----- chemo_sensitivity_changed(): subname = oxygen
DEBUG:root:     chemotactic_sensitivity (dict)= {'oxygen': '0.00'}
DEBUG:root:----- leave update_motility_params()

DEBUG:root:update_secretion_params(): cdname = agent
DEBUG:root:update_secretion_params(): self.current_secretion_substrate = oxygen
DEBUG:root:{'oxygen': {'secretion_rate': '0', 'secretion_target': '1', 'uptake_rate': '0', 'net_export_rate': '0'}}
DEBUG:root:
  ---- apoptosis_phase_transition_cb: 
DEBUG:root:apoptosis_phase_transition_cb: --> duration
DEBUG:root:
  ---- apoptosis_phase_transition_cb: 
DEBUG:root:apoptosis: ------>> transition rate     
DEBUG:root:apoptosis_phase_transition_cb: NOT duration
DEBUG:root:
  ---- necrosis_phase_transition_cb: 
DEBUG:root:necrosis_phase_transition_cb: --> duration
DEBUG:root:
  ---- necrosis_phase_transition_cb: 
DEBUG:root:necrosis: ------>>transition rate     
DEBUG:root:necrosis_phase_transition_cb: NOT duration
DEBUG:root:key 0= agent
DEBUG:root:keys 1= dict_keys(['agent', 'ntype_uda'])
DEBUG:root:keys 2= dict_keys(['agent', 'ntype_uda'])
DEBUG:root:
----- update_motility_params():  cdname= ntype_uda
DEBUG:root:     setting motility_substrate_dropdown (for cdname= ntype_uda ) = oxygen
DEBUG:root:     setting motility2_substrate_dropdown (for cdname= ntype_uda ) = oxygen
DEBUG:root:    chemotactic_sensitivity= {'oxygen': '0.0'}
DEBUG:root:new val = 0.0
DEBUG:root:----- chemo_sensitivity_changed() = 0.0
DEBUG:root:----- chemo_sensitivity_changed(): subname = oxygen
DEBUG:root:     chemotactic_sensitivity (dict)= {'oxygen': '0.0'}
DEBUG:root:----- leave update_motility_params()

DEBUG:root:update_secretion_params(): cdname = ntype_uda
DEBUG:root:update_secretion_params(): self.current_secretion_substrate = oxygen
DEBUG:root:{'oxygen': {'secretion_rate': '0.0', 'secretion_target': '1.0', 'uptake_rate': '0.0', 'net_export_rate': '0.0'}}
DEBUG:root:
  ---- apoptosis_phase_transition_cb: 
DEBUG:root:apoptosis_phase_transition_cb: NOT duration
DEBUG:root:
  ---- apoptosis_phase_transition_cb: 
DEBUG:root:apoptosis: ------>> duration
DEBUG:root:apoptosis_phase_transition_cb: --> duration
DEBUG:root:
  ---- necrosis_phase_transition_cb: 
DEBUG:root:necrosis_phase_transition_cb: NOT duration
DEBUG:root:
  ---- necrosis_phase_transition_cb: 
DEBUG:root:necrosis: ------>>duration
DEBUG:root:necrosis_phase_transition_cb: --> duration
DEBUG:root:key 0= agent
DEBUG:root:keys 1= dict_keys(['agent', 'ntype_uda'])
DEBUG:root:keys 2= dict_keys(['agent', 'ntype_uda'])
DEBUG:root:
----- update_motility_params():  cdname= agent
DEBUG:root:     setting motility_substrate_dropdown (for cdname= agent ) = oxygen
DEBUG:root:     setting motility2_substrate_dropdown (for cdname= agent ) = oxygen
DEBUG:root:    chemotactic_sensitivity= {'oxygen': '0.00'}
DEBUG:root:new val = 0.00
DEBUG:root:----- chemo_sensitivity_changed() = 0.00
DEBUG:root:----- chemo_sensitivity_changed(): subname = oxygen
DEBUG:root:     chemotactic_sensitivity (dict)= {'oxygen': '0.00'}
DEBUG:root:----- leave update_motility_params()

DEBUG:root:update_secretion_params(): cdname = agent
DEBUG:root:update_secretion_params(): self.current_secretion_substrate = oxygen
DEBUG:root:{'oxygen': {'secretion_rate': '0', 'secretion_target': '1', 'uptake_rate': '0', 'net_export_rate': '0'}}
DEBUG:root:--- cell_adhesion_affinity= {'agent': '1.0', 'ntype_uda': '1.0'}
DEBUG:root:
  ---- apoptosis_phase_transition_cb: 
DEBUG:root:apoptosis_phase_transition_cb: --> duration
DEBUG:root:
  ---- apoptosis_phase_transition_cb: 
DEBUG:root:apoptosis: ------>> transition rate     
DEBUG:root:apoptosis_phase_transition_cb: NOT duration
DEBUG:root:
  ---- necrosis_phase_transition_cb: 
DEBUG:root:necrosis_phase_transition_cb: --> duration
DEBUG:root:
  ---- necrosis_phase_transition_cb: 
DEBUG:root:necrosis: ------>>transition rate     
DEBUG:root:necrosis_phase_transition_cb: NOT duration
DEBUG:root:key 0= ntype_uda
DEBUG:root:keys 1= dict_keys(['ntype_uda'])
DEBUG:root:keys 2= dict_keys(['ntype_uda'])
DEBUG:root:
----- update_motility_params():  cdname= ntype_uda
DEBUG:root:     setting motility_substrate_dropdown (for cdname= ntype_uda ) = oxygen
DEBUG:root:     setting motility2_substrate_dropdown (for cdname= ntype_uda ) = oxygen
DEBUG:root:    chemotactic_sensitivity= {'oxygen': '0.0'}
DEBUG:root:new val = 0.0
DEBUG:root:----- chemo_sensitivity_changed() = 0.0
DEBUG:root:----- chemo_sensitivity_changed(): subname = oxygen
DEBUG:root:     chemotactic_sensitivity (dict)= {'oxygen': '0.0'}
DEBUG:root:----- leave update_motility_params()

DEBUG:root:update_secretion_params(): cdname = ntype_uda
DEBUG:root:update_secretion_params(): self.current_secretion_substrate = oxygen
DEBUG:root:{'oxygen': {'secretion_rate': '0.0', 'secretion_target': '1.0', 'uptake_rate': '0.0', 'net_export_rate': '0.0'}}
DEBUG:root:key 0= ntype_uda
DEBUG:root:keys 1= dict_keys(['ntype_uda'])
DEBUG:root:keys 2= dict_keys(['ntype_uda'])
DEBUG:root:
----- update_motility_params():  cdname= ntype_uda
DEBUG:root:     setting motility_substrate_dropdown (for cdname= ntype_uda ) = oxygen
DEBUG:root:     setting motility2_substrate_dropdown (for cdname= ntype_uda ) = oxygen
DEBUG:root:    chemotactic_sensitivity= {'oxygen': '0.0'}
DEBUG:root:new val = 0.0
DEBUG:root:----- leave update_motility_params()

DEBUG:root:update_secretion_params(): cdname = ntype_uda
DEBUG:root:update_secretion_params(): self.current_secretion_substrate = oxygen
DEBUG:root:{'oxygen': {'secretion_rate': '0.0', 'secretion_target': '1.0', 'uptake_rate': '0.0', 'net_export_rate': '0.0'}}
DEBUG:root:key 0= ntype_uda
DEBUG:root:keys 1= dict_keys(['ntype_uda'])
DEBUG:root:keys 2= dict_keys(['ntype_uda'])
DEBUG:root:
----- update_motility_params():  cdname= ntype_uda
DEBUG:root:     setting motility_substrate_dropdown (for cdname= ntype_uda ) = oxygen
DEBUG:root:     setting motility2_substrate_dropdown (for cdname= ntype_uda ) = oxygen
DEBUG:root:    chemotactic_sensitivity= {'oxygen': '0.0'}
DEBUG:root:new val = 0.0
DEBUG:root:----- leave update_motility_params()

DEBUG:root:update_secretion_params(): cdname = ntype_uda
DEBUG:root:update_secretion_params(): self.current_secretion_substrate = oxygen
DEBUG:root:{'oxygen': {'secretion_rate': '0.0', 'secretion_target': '1.0', 'uptake_rate': '0.0', 'net_export_rate': '0.0'}}
DEBUG:root:
--------new_interaction_params(): cdname_new= ntype_xih, reset_mapping= True
DEBUG:root:
--------new_intracellular_params(): cdname_new= ntype_xih
DEBUG:root:------- new_custom_data_params() -----
DEBUG:root:num_vals = 1
DEBUG:root:sample, ['0.0', False]
DEBUG:root:cell_def_tab.py: ------- add_new_celltype_comboboxes ntype_xih
DEBUG:root:key 0= ntype_uda
DEBUG:root:keys 1= dict_keys(['ntype_uda', 'ntype_xih'])
DEBUG:root:keys 2= dict_keys(['ntype_uda', 'ntype_xih'])
DEBUG:root:
----- update_motility_params():  cdname= ntype_xih
DEBUG:root:     setting motility_substrate_dropdown (for cdname= ntype_xih ) = oxygen
DEBUG:root:     setting motility2_substrate_dropdown (for cdname= ntype_xih ) = oxygen
DEBUG:root:    chemotactic_sensitivity= {'oxygen': '0.0'}
DEBUG:root:new val = 0.0
DEBUG:root:----- leave update_motility_params()

DEBUG:root:update_secretion_params(): cdname = ntype_xih
DEBUG:root:update_secretion_params(): self.current_secretion_substrate = oxygen
DEBUG:root:{'oxygen': {'secretion_rate': '0.0', 'secretion_target': '1.0', 'uptake_rate': '0.0', 'net_export_rate': '0.0'}}
DEBUG:root:key 0= ntype_uda
DEBUG:root:keys 1= dict_keys(['ntype_uda', 'ntype_xih'])
DEBUG:root:keys 2= dict_keys(['ntype_uda', 'ntype_xih'])
DEBUG:root:
----- update_motility_params():  cdname= ntype_uda
DEBUG:root:     setting motility_substrate_dropdown (for cdname= ntype_uda ) = oxygen
DEBUG:root:     setting motility2_substrate_dropdown (for cdname= ntype_uda ) = oxygen
DEBUG:root:    chemotactic_sensitivity= {'oxygen': '0.0'}
DEBUG:root:new val = 0.0
DEBUG:root:----- leave update_motility_params()

DEBUG:root:update_secretion_params(): cdname = ntype_uda
DEBUG:root:update_secretion_params(): self.current_secretion_substrate = oxygen
DEBUG:root:{'oxygen': {'secretion_rate': '0.0', 'secretion_target': '1.0', 'uptake_rate': '0.0', 'net_export_rate': '0.0'}}
DEBUG:root:key 0= ntype_uda
DEBUG:root:keys 1= dict_keys(['ntype_uda', 'ntype_xih'])
DEBUG:root:keys 2= dict_keys(['ntype_uda', 'ntype_xih'])
DEBUG:root:
----- update_motility_params():  cdname= ntype_uda
DEBUG:root:     setting motility_substrate_dropdown (for cdname= ntype_uda ) = oxygen
DEBUG:root:     setting motility2_substrate_dropdown (for cdname= ntype_uda ) = oxygen
DEBUG:root:    chemotactic_sensitivity= {'oxygen': '0.0'}
DEBUG:root:new val = 0.0
DEBUG:root:----- leave update_motility_params()

DEBUG:root:update_secretion_params(): cdname = ntype_uda
DEBUG:root:update_secretion_params(): self.current_secretion_substrate = oxygen
DEBUG:root:{'oxygen': {'secretion_rate': '0.0', 'secretion_target': '1.0', 'uptake_rate': '0.0', 'net_export_rate': '0.0'}}
DEBUG:root:--------- tree_item_changed_cb(): <PyQt5.QtWidgets.QTreeWidgetItem object at 0x77bfbfdf2b00>, 1, 0
DEBUG:root:key 0= ntype_uda
DEBUG:root:keys 1= dict_keys(['ntype_uda', 'ntype_xih'])
DEBUG:root:keys 2= dict_keys(['ntype_uda', 'ntype_xih'])
DEBUG:root:
----- update_motility_params():  cdname= ntype_uda
DEBUG:root:     setting motility_substrate_dropdown (for cdname= ntype_uda ) = oxygen
DEBUG:root:     setting motility2_substrate_dropdown (for cdname= ntype_uda ) = oxygen
DEBUG:root:    chemotactic_sensitivity= {'oxygen': '0.0'}
DEBUG:root:new val = 0.0
DEBUG:root:----- leave update_motility_params()

DEBUG:root:update_secretion_params(): cdname = ntype_uda
DEBUG:root:update_secretion_params(): self.current_secretion_substrate = oxygen
DEBUG:root:{'oxygen': {'secretion_rate': '0.0', 'secretion_target': '1.0', 'uptake_rate': '0.0', 'net_export_rate': '0.0'}}
DEBUG:root:--> copy_cell_def():
 {'secretion': {'oxygen': {'secretion_rate': '0.0', 'secretion_target': '1.0', 'uptake_rate': '0.0', 'net_export_rate': '0.0'}}, 'chemotactic_sensitivity': {'oxygen': '0.0'}, 'cell_adhesion_affinity': {'ntype_uda': '1.0', 'ntype_xih': '1.0', 'ctype_hex': '1.0'}, 'live_phagocytosis_rate': {'': '0.0', 'ntype_uda': '0.0', 'ntype_xih': '0.0', 'ctype_hex': '0.0'}, 'attack_rate': {'': '0.0', 'ntype_uda': '0.0', 'ntype_xih': '0.0', 'ctype_hex': '0.0'}, 'fusion_rate': {'': '0.0', 'ntype_uda': '0.0', 'ntype_xih': '0.0', 'ctype_hex': '0.0'}, 'transformation_rate': {'': '0.0', 'ntype_uda': '0.0', 'ntype_xih': '0.0', 'ctype_hex': '0.0'}, 'cycle_choice_idx': 0, 'cycle_live_00_trate': '0.00072', 'cycle_Ki67_01_trate': '3.63108e-3', 'cycle_Ki67_10_trate': '1.07527e-3', 'cycle_advancedKi67_01_trate': '4.60405e-3', 'cycle_advancedKi67_12_trate': '1.28205e-3', 'cycle_advancedKi67_20_trate': '6.66666e-3', 'cycle_flowcyto_01_trate': '0.00324', 'cycle_flowcyto_12_trate': '0.00208', 'cycle_flowcyto_20_trate': '0.00333', 'cycle_flowcytosep_01_trate': '0.00335', 'cycle_flowcytosep_12_trate': '0.00208', 'cycle_flowcytosep_23_trate': '0.00417', 'cycle_flowcytosep_30_trate': '0.01667', 'cycle_quiescent_01_trate': '3.63108e-3', 'cycle_quiescent_10_trate': '1.07527e-3', 'cycle_live_00_duration': '1388.88889', 'cycle_Ki67_01_duration': '275.40015', 'cycle_Ki67_10_duration': '929.99898', 'cycle_advancedKi67_01_duration': '217.20007', 'cycle_advancedKi67_12_duration': '780.00078', 'cycle_advancedKi67_20_duration': '150.00015', 'cycle_flowcyto_01_duration': '308.64198', 'cycle_flowcyto_12_duration': '480.76923', 'cycle_flowcyto_20_duration': '300.30030', 'cycle_flowcytosep_01_duration': '298.50746', 'cycle_flowcytosep_12_duration': '480.76923', 'cycle_flowcytosep_23_duration': '239.80815', 'cycle_flowcytosep_30_duration': '59.88024', 'cycle_quiescent_01_duration': '275.40016', 'cycle_quiescent_10_duration': '929.99898', 'cycle_live_00_fixed_trate': False, 'cycle_Ki67_01_fixed_trate': False, 'cycle_Ki67_10_fixed_trate': True, 'cycle_advancedKi67_01_fixed_trate': False, 'cycle_advancedKi67_12_fixed_trate': True, 'cycle_advancedKi67_20_fixed_trate': True, 'cycle_flowcyto_01_fixed_trate': False, 'cycle_flowcyto_12_fixed_trate': False, 'cycle_flowcyto_20_fixed_trate': False, 'cycle_flowcytosep_01_fixed_trate': False, 'cycle_flowcytosep_12_fixed_trate': False, 'cycle_flowcytosep_23_fixed_trate': False, 'cycle_flowcytosep_30_fixed_trate': False, 'cycle_quiescent_01_fixed_trate': False, 'cycle_quiescent_10_fixed_trate': True, 'cycle_live_00_fixed_duration': False, 'cycle_Ki67_01_fixed_duration': False, 'cycle_Ki67_10_fixed_duration': True, 'cycle_advancedKi67_01_fixed_duration': False, 'cycle_advancedKi67_12_fixed_duration': True, 'cycle_advancedKi67_20_fixed_duration': True, 'cycle_flowcyto_01_fixed_duration': False, 'cycle_flowcyto_12_fixed_duration': False, 'cycle_flowcyto_20_fixed_duration': False, 'cycle_flowcytosep_01_fixed_duration': False, 'cycle_flowcytosep_12_fixed_duration': False, 'cycle_flowcytosep_23_fixed_duration': False, 'cycle_flowcytosep_30_fixed_duration': False, 'cycle_quiescent_01_fixed_duration': False, 'cycle_quiescent_10_fixed_duration': True, 'death_rate': '5.31667e-05', 'apoptosis_death_rate': '5.31667e-05', 'apoptosis_01_duration': '516', 'apoptosis_01_fixed_duration': False, 'apoptosis_duration_flag': False, 'apoptosis_unlysed_rate': '0.05', 'apoptosis_lysed_rate': '0', 'apoptosis_cyto_rate': '1.66667e-02', 'apoptosis_nuclear_rate': '5.83333e-03', 'apoptosis_calcif_rate': '0', 'apoptosis_rel_rupture_volume': '2.0', 'necrosis_death_rate': '0.0', 'necrosis_01_trate': '9e9', 'necrosis_01_fixed_trate': False, 'necrosis_12_trate': '1.15741e-05', 'necrosis_12_fixed_trate': True, 'necrosis_duration_flag': False, 'necrosis_01_duration': '1.11111e-10', 'necrosis_01_fixed_duration': False, 'necrosis_12_duration': '86399.80646', 'necrosis_12_fixed_duration': True, 'necrosis_unlysed_rate': '1.11667e-02', 'necrosis_lysed_rate': '8.33333e-4', 'necrosis_cyto_rate': '5.33333e-05', 'necrosis_nuclear_rate': '2.16667e-4', 'necrosis_calcif_rate': '7e-05', 'necrosis_rel_rupture_rate': '2.0', 'volume_total': '523', 'volume_fluid_fraction': '0.75', 'volume_nuclear': '130', 'volume_fluid_change_rate': '0.05', 'volume_cytoplasmic_rate': '0.0045', 'volume_nuclear_rate': '0.0055', 'volume_calcif_fraction': '0.0', 'volume_calcif_rate': '0.0', 'volume_rel_rupture_vol': '2', 'mechanics_adhesion': '0.4', 'mechanics_repulsion': '10.0', 'mechanics_adhesion_distance': '1.25', 'mechanics_relative_equilibrium_distance': '1.8', 'mechanics_absolute_equilibrium_distance': '15.12', 'mechanics_relative_equilibrium_distance_enabled': False, 'mechanics_absolute_equilibrium_distance_enabled': False, 'mechanics_elastic_constant': '0.01', 'attachment_rate': '0.0', 'detachment_rate': '0.0', 'mechanics_max_num_attachments': '12', 'speed': '1.0', 'persistence_time': '1.0', 'migration_bias': '0.0', 'motility_enabled': False, 'motility_use_2D': True, 'motility_chemotaxis': False, 'motility_chemotaxis_towards': True, 'motility_advanced_chemotaxis': False, 'normalize_each_gradient': False, 'apoptotic_phagocytosis_rate': '0.0', 'necrotic_phagocytosis_rate': '0.0', 'other_dead_phagocytosis_rate': '0.0', 'attack_damage_rate': '1.0', 'attack_duration': '0.1', 'damage_rate': '0.0', 'damage_repair_rate': '0.0', 'intracellular': None, 'par_dists': {}, 'par_dists_disabled': True, 'ID': '2', 'cycle': 'live cells', 'cycle_duration_flag': False, 'apoptosis_01_trate': '0.001938', 'apoptosis_01_fixed_trate': False, 'is_movable': True, 'mechanics_BM_adhesion': '4.0', 'mechanics_BM_repulsion': '10.0', 'motility_chemotaxis_substrate': 'oxygen', 'motility_advanced_chemotaxis_substrate': 'oxygen', 'custom_data': {'sample': ['0.0', False]}}
DEBUG:root:cell_def_tab.py: ------- add_new_celltype_comboboxes ctype_hex
DEBUG:root:key 0= ntype_uda
DEBUG:root:keys 1= dict_keys(['ntype_uda', 'ntype_xih', 'ctype_hex'])
DEBUG:root:keys 2= dict_keys(['ntype_uda', 'ntype_xih', 'ctype_hex'])
DEBUG:root:
----- update_motility_params():  cdname= ctype_hex
DEBUG:root:     setting motility_substrate_dropdown (for cdname= ctype_hex ) = oxygen
DEBUG:root:     setting motility2_substrate_dropdown (for cdname= ctype_hex ) = oxygen
DEBUG:root:    chemotactic_sensitivity= {'oxygen': '0.0'}
DEBUG:root:new val = 0.0
DEBUG:root:----- leave update_motility_params()

DEBUG:root:update_secretion_params(): cdname = ctype_hex
DEBUG:root:update_secretion_params(): self.current_secretion_substrate = oxygen
DEBUG:root:{'oxygen': {'secretion_rate': '0.0', 'secretion_target': '1.0', 'uptake_rate': '0.0', 'net_export_rate': '0.0'}}
DEBUG:root:key 0= ntype_uda
DEBUG:root:keys 1= dict_keys(['ntype_uda', 'ntype_xih', 'ctype_hex'])
DEBUG:root:keys 2= dict_keys(['ntype_uda', 'ntype_xih', 'ctype_hex'])
DEBUG:root:
----- update_motility_params():  cdname= ntype_xih
DEBUG:root:     setting motility_substrate_dropdown (for cdname= ntype_xih ) = oxygen
DEBUG:root:     setting motility2_substrate_dropdown (for cdname= ntype_xih ) = oxygen
DEBUG:root:    chemotactic_sensitivity= {'oxygen': '0.0'}
DEBUG:root:new val = 0.0
DEBUG:root:----- leave update_motility_params()

DEBUG:root:update_secretion_params(): cdname = ntype_xih
DEBUG:root:update_secretion_params(): self.current_secretion_substrate = oxygen
DEBUG:root:{'oxygen': {'secretion_rate': '0.0', 'secretion_target': '1.0', 'uptake_rate': '0.0', 'net_export_rate': '0.0'}}
DEBUG:root:--- cell_adhesion_affinity= {'ntype_uda': '1.0', 'ntype_xih': '1.0', 'ctype_hex': '1.0'}
DEBUG:root:key 0= ntype_uda
DEBUG:root:keys 1= dict_keys(['ntype_uda', 'ctype_hex'])
DEBUG:root:keys 2= dict_keys(['ntype_uda', 'ctype_hex'])
DEBUG:root:
----- update_motility_params():  cdname= ctype_hex
DEBUG:root:     setting motility_substrate_dropdown (for cdname= ctype_hex ) = oxygen
DEBUG:root:     setting motility2_substrate_dropdown (for cdname= ctype_hex ) = oxygen
DEBUG:root:    chemotactic_sensitivity= {'oxygen': '0.0'}
DEBUG:root:new val = 0.0
DEBUG:root:----- leave update_motility_params()

DEBUG:root:update_secretion_params(): cdname = ctype_hex
DEBUG:root:update_secretion_params(): self.current_secretion_substrate = oxygen
DEBUG:root:{'oxygen': {'secretion_rate': '0.0', 'secretion_target': '1.0', 'uptake_rate': '0.0', 'net_export_rate': '0.0'}}
DEBUG:root:key 0= ntype_uda
DEBUG:root:keys 1= dict_keys(['ntype_uda', 'ctype_hex'])
DEBUG:root:keys 2= dict_keys(['ntype_uda', 'ctype_hex'])
DEBUG:root:
----- update_motility_params():  cdname= ctype_hex
DEBUG:root:     setting motility_substrate_dropdown (for cdname= ctype_hex ) = oxygen
DEBUG:root:     setting motility2_substrate_dropdown (for cdname= ctype_hex ) = oxygen
DEBUG:root:    chemotactic_sensitivity= {'oxygen': '0.0'}
DEBUG:root:new val = 0.0
DEBUG:root:----- leave update_motility_params()

DEBUG:root:update_secretion_params(): cdname = ctype_hex
DEBUG:root:update_secretion_params(): self.current_secretion_substrate = oxygen
DEBUG:root:{'oxygen': {'secretion_rate': '0.0', 'secretion_target': '1.0', 'uptake_rate': '0.0', 'net_export_rate': '0.0'}}
DEBUG:root:--------- tree_item_changed_cb(): <PyQt5.QtWidgets.QTreeWidgetItem object at 0x77bfbfdf2f80>, 1, 1
DEBUG:root:===========  run_model_cb():  ============
DEBUG:root:run_tab.py:  doing: mkdir /home/tntiniak/Work/github/Benchmarks/observatory_benchmark/multiscale_benchmark/2022_09_hackathon/Physicell/Code/output/
DEBUG:root:----------- microenv_tab.py: fill_xml(): ----------
DEBUG:root:microenv_tab.py: fill_xml(): num subtrates = 1
DEBUG:root:substrates_in_tree =['oxygen']
DEBUG:root:microrenv_tab.py: key in param_d.keys() = oxygen
DEBUG:root:matched! oxygen
DEBUG:root:microrenv_tab.py: key in param_d.keys() = gradients
DEBUG:root:microrenv_tab.py: key in param_d.keys() = track_in_agents
DEBUG:root:

----------- cell_def_tab.py: fill_xml(): ----------
DEBUG:root:num cell defs = 2
DEBUG:root:cdefs_in_tree =['ntype_uda', 'ctype_hex']
DEBUG:root:
--- key in param_d.keys() = ntype_uda
DEBUG:root:matched! ntype_uda
DEBUG:root:--- cell_adhesion_affinity= {'ntype_uda': '1.0', 'ctype_hex': '1.0'}
DEBUG:root:ntype_uda  --> 1.0
DEBUG:root:ctype_hex  --> 1.0
DEBUG:root:

 ====================> fill_xml_motility(): oxygen = oxygen 


DEBUG:root:fill_xml_motility(): {'oxygen': '0.0'}
DEBUG:root:oxygen  --> 0.0
DEBUG:root:

 ====================> fill_xml_secretion()

DEBUG:root:self.substrate_list = ['oxygen']
DEBUG:root:substrate = oxygen
DEBUG:root:------------------- fill_xml_interactions():  cdef= ntype_uda
DEBUG:root:--- live_phagocytosis_rate= {'': '0.0', 'ntype_uda': '0.0', 'ctype_hex': '0.0'}
DEBUG:root:  key in live_phagocytosis_rate= 
DEBUG:root:  key in live_phagocytosis_rate= ntype_uda
DEBUG:root:ntype_uda  --> 0.0
DEBUG:root:  key in live_phagocytosis_rate= ctype_hex
DEBUG:root:ctype_hex  --> 0.0
DEBUG:root:--- attack_rate= {'': '0.0', 'ntype_uda': '0.0', 'ctype_hex': '0.0'}
DEBUG:root:ntype_uda  --> 0.0
DEBUG:root:ctype_hex  --> 0.0
DEBUG:root:--- fusion_rate= {'': '0.0', 'ntype_uda': '0.0', 'ctype_hex': '0.0'}
DEBUG:root:ntype_uda  --> 0.0
DEBUG:root:ctype_hex  --> 0.0
DEBUG:root:ntype_uda  --> 0.0
DEBUG:root:ctype_hex  --> 0.0
DEBUG:root:------------------- cell_def_tab.py:  fill_xml_intracellular()
DEBUG:root:------ ["intracellular"]: for ntype_uda
DEBUG:root:None
DEBUG:root:

DEBUG:root:------ ["custom_data"]: for ntype_uda
DEBUG:root:------ ["initial_parameter_distributions"]: for ntype_uda
DEBUG:root:
--- key in param_d.keys() = ctype_hex
DEBUG:root:matched! ctype_hex
DEBUG:root:--- cell_adhesion_affinity= {'ntype_uda': '1.0', 'ctype_hex': '1.0'}
DEBUG:root:ntype_uda  --> 1.0
DEBUG:root:ctype_hex  --> 1.0
DEBUG:root:

 ====================> fill_xml_motility(): oxygen = oxygen 


DEBUG:root:fill_xml_motility(): {'oxygen': '0.0'}
DEBUG:root:oxygen  --> 0.0
DEBUG:root:

 ====================> fill_xml_secretion()

DEBUG:root:self.substrate_list = ['oxygen']
DEBUG:root:substrate = oxygen
DEBUG:root:------------------- fill_xml_interactions():  cdef= ctype_hex
DEBUG:root:--- live_phagocytosis_rate= {'': '0.0', 'ntype_uda': '0.0', 'ctype_hex': '0.0'}
DEBUG:root:  key in live_phagocytosis_rate= 
DEBUG:root:  key in live_phagocytosis_rate= ntype_uda
DEBUG:root:ntype_uda  --> 0.0
DEBUG:root:  key in live_phagocytosis_rate= ctype_hex
DEBUG:root:ctype_hex  --> 0.0
DEBUG:root:--- attack_rate= {'': '0.0', 'ntype_uda': '0.0', 'ctype_hex': '0.0'}
DEBUG:root:ntype_uda  --> 0.0
DEBUG:root:ctype_hex  --> 0.0
DEBUG:root:--- fusion_rate= {'': '0.0', 'ntype_uda': '0.0', 'ctype_hex': '0.0'}
DEBUG:root:ntype_uda  --> 0.0
DEBUG:root:ctype_hex  --> 0.0
DEBUG:root:ntype_uda  --> 0.0
DEBUG:root:ctype_hex  --> 0.0
DEBUG:root:------------------- cell_def_tab.py:  fill_xml_intracellular()
DEBUG:root:------ ["intracellular"]: for ctype_hex
DEBUG:root:None
DEBUG:root:

DEBUG:root:------ ["custom_data"]: for ctype_hex
DEBUG:root:------ ["initial_parameter_distributions"]: for ctype_hex
DEBUG:root:----------- end cell_def_tab.py: fill_xml(): ----------
DEBUG:root:
--------- user_params_tab.py:  fill_xml(): self.count = 100
DEBUG:root:--------- found //user_parameters
DEBUG:root:random_seed
DEBUG:root:number_of_cells
DEBUG:root:friction_coeff
DEBUG:root:found 3
DEBUG:root:key 0= ntype_uda
DEBUG:root:keys 1= dict_keys(['ntype_uda', 'ctype_hex'])
DEBUG:root:keys 2= dict_keys(['ntype_uda', 'ctype_hex'])
DEBUG:root:
----- update_motility_params():  cdname= ntype_uda
DEBUG:root:     setting motility_substrate_dropdown (for cdname= ntype_uda ) = oxygen
DEBUG:root:     setting motility2_substrate_dropdown (for cdname= ntype_uda ) = oxygen
DEBUG:root:    chemotactic_sensitivity= {'oxygen': '0.0'}
DEBUG:root:new val = 0.0
DEBUG:root:----- leave update_motility_params()

DEBUG:root:update_secretion_params(): cdname = ntype_uda
DEBUG:root:update_secretion_params(): self.current_secretion_substrate = oxygen
DEBUG:root:{'oxygen': {'secretion_rate': '0.0', 'secretion_target': '1.0', 'uptake_rate': '0.0', 'net_export_rate': '0.0'}}
DEBUG:root:key 0= ntype_uda
DEBUG:root:keys 1= dict_keys(['ntype_uda', 'ctype_hex'])
DEBUG:root:keys 2= dict_keys(['ntype_uda', 'ctype_hex'])
DEBUG:root:
----- update_motility_params():  cdname= ctype_hex
DEBUG:root:     setting motility_substrate_dropdown (for cdname= ctype_hex ) = oxygen
DEBUG:root:     setting motility2_substrate_dropdown (for cdname= ctype_hex ) = oxygen
DEBUG:root:    chemotactic_sensitivity= {'oxygen': '0.0'}
DEBUG:root:new val = 0.0
DEBUG:root:----- leave update_motility_params()

DEBUG:root:update_secretion_params(): cdname = ctype_hex
DEBUG:root:update_secretion_params(): self.current_secretion_substrate = oxygen
DEBUG:root:{'oxygen': {'secretion_rate': '0.0', 'secretion_target': '1.0', 'uptake_rate': '0.0', 'net_export_rate': '0.0'}}
DEBUG:root:key 0= ntype_uda
DEBUG:root:keys 1= dict_keys(['ntype_uda', 'ctype_hex'])
DEBUG:root:keys 2= dict_keys(['ntype_uda', 'ctype_hex'])
DEBUG:root:
----- update_motility_params():  cdname= ntype_uda
DEBUG:root:     setting motility_substrate_dropdown (for cdname= ntype_uda ) = oxygen
DEBUG:root:     setting motility2_substrate_dropdown (for cdname= ntype_uda ) = oxygen
DEBUG:root:    chemotactic_sensitivity= {'oxygen': '0.0'}
DEBUG:root:new val = 0.0
DEBUG:root:----- leave update_motility_params()

DEBUG:root:update_secretion_params(): cdname = ntype_uda
DEBUG:root:update_secretion_params(): self.current_secretion_substrate = oxygen
DEBUG:root:{'oxygen': {'secretion_rate': '0.0', 'secretion_target': '1.0', 'uptake_rate': '0.0', 'net_export_rate': '0.0'}}
DEBUG:root:key 0= ntype_uda
DEBUG:root:keys 1= dict_keys(['ntype_uda', 'ctype_hex'])
DEBUG:root:keys 2= dict_keys(['ntype_uda', 'ctype_hex'])
DEBUG:root:
----- update_motility_params():  cdname= ctype_hex
DEBUG:root:     setting motility_substrate_dropdown (for cdname= ctype_hex ) = oxygen
DEBUG:root:     setting motility2_substrate_dropdown (for cdname= ctype_hex ) = oxygen
DEBUG:root:    chemotactic_sensitivity= {'oxygen': '0.0'}
DEBUG:root:new val = 0.0
DEBUG:root:----- leave update_motility_params()

DEBUG:root:update_secretion_params(): cdname = ctype_hex
DEBUG:root:update_secretion_params(): self.current_secretion_substrate = oxygen
DEBUG:root:{'oxygen': {'secretion_rate': '0.0', 'secretion_target': '1.0', 'uptake_rate': '0.0', 'net_export_rate': '0.0'}}
DEBUG:root:===========  run_model_cb():  ============
DEBUG:root:run_tab.py:  doing: mkdir /home/tntiniak/Work/github/Benchmarks/observatory_benchmark/multiscale_benchmark/2022_09_hackathon/Physicell/Code/output/
DEBUG:root:----------- microenv_tab.py: fill_xml(): ----------
DEBUG:root:microenv_tab.py: fill_xml(): num subtrates = 1
DEBUG:root:substrates_in_tree =['oxygen']
DEBUG:root:microrenv_tab.py: key in param_d.keys() = oxygen
DEBUG:root:matched! oxygen
DEBUG:root:microrenv_tab.py: key in param_d.keys() = gradients
DEBUG:root:microrenv_tab.py: key in param_d.keys() = track_in_agents
DEBUG:root:

----------- cell_def_tab.py: fill_xml(): ----------
DEBUG:root:num cell defs = 2
DEBUG:root:cdefs_in_tree =['ntype_uda', 'ctype_hex']
DEBUG:root:
--- key in param_d.keys() = ntype_uda
DEBUG:root:matched! ntype_uda
DEBUG:root:--- cell_adhesion_affinity= {'ntype_uda': '1.0', 'ctype_hex': '1.0'}
DEBUG:root:ntype_uda  --> 1.0
DEBUG:root:ctype_hex  --> 1.0
DEBUG:root:

 ====================> fill_xml_motility(): oxygen = oxygen 


DEBUG:root:fill_xml_motility(): {'oxygen': '0.0'}
DEBUG:root:oxygen  --> 0.0
DEBUG:root:

 ====================> fill_xml_secretion()

DEBUG:root:self.substrate_list = ['oxygen']
DEBUG:root:substrate = oxygen
DEBUG:root:------------------- fill_xml_interactions():  cdef= ntype_uda
DEBUG:root:--- live_phagocytosis_rate= {'': '0.0', 'ntype_uda': '0.0', 'ctype_hex': '0.0'}
DEBUG:root:  key in live_phagocytosis_rate= 
DEBUG:root:  key in live_phagocytosis_rate= ntype_uda
DEBUG:root:ntype_uda  --> 0.0
DEBUG:root:  key in live_phagocytosis_rate= ctype_hex
DEBUG:root:ctype_hex  --> 0.0
DEBUG:root:--- attack_rate= {'': '0.0', 'ntype_uda': '0.0', 'ctype_hex': '0.0'}
DEBUG:root:ntype_uda  --> 0.0
DEBUG:root:ctype_hex  --> 0.0
DEBUG:root:--- fusion_rate= {'': '0.0', 'ntype_uda': '0.0', 'ctype_hex': '0.0'}
DEBUG:root:ntype_uda  --> 0.0
DEBUG:root:ctype_hex  --> 0.0
DEBUG:root:ntype_uda  --> 0.0
DEBUG:root:ctype_hex  --> 0.0
DEBUG:root:------------------- cell_def_tab.py:  fill_xml_intracellular()
DEBUG:root:------ ["intracellular"]: for ntype_uda
DEBUG:root:None
DEBUG:root:

DEBUG:root:------ ["custom_data"]: for ntype_uda
DEBUG:root:------ ["initial_parameter_distributions"]: for ntype_uda
DEBUG:root:
--- key in param_d.keys() = ctype_hex
DEBUG:root:matched! ctype_hex
DEBUG:root:--- cell_adhesion_affinity= {'ntype_uda': '1.0', 'ctype_hex': '1.0'}
DEBUG:root:ntype_uda  --> 1.0
DEBUG:root:ctype_hex  --> 1.0
DEBUG:root:

 ====================> fill_xml_motility(): oxygen = oxygen 


DEBUG:root:fill_xml_motility(): {'oxygen': '0.0'}
DEBUG:root:oxygen  --> 0.0
DEBUG:root:

 ====================> fill_xml_secretion()

DEBUG:root:self.substrate_list = ['oxygen']
DEBUG:root:substrate = oxygen
DEBUG:root:------------------- fill_xml_interactions():  cdef= ctype_hex
DEBUG:root:--- live_phagocytosis_rate= {'': '0.0', 'ntype_uda': '0.0', 'ctype_hex': '0.0'}
DEBUG:root:  key in live_phagocytosis_rate= 
DEBUG:root:  key in live_phagocytosis_rate= ntype_uda
DEBUG:root:ntype_uda  --> 0.0
DEBUG:root:  key in live_phagocytosis_rate= ctype_hex
DEBUG:root:ctype_hex  --> 0.0
DEBUG:root:--- attack_rate= {'': '0.0', 'ntype_uda': '0.0', 'ctype_hex': '0.0'}
DEBUG:root:ntype_uda  --> 0.0
DEBUG:root:ctype_hex  --> 0.0
DEBUG:root:--- fusion_rate= {'': '0.0', 'ntype_uda': '0.0', 'ctype_hex': '0.0'}
DEBUG:root:ntype_uda  --> 0.0
DEBUG:root:ctype_hex  --> 0.0
DEBUG:root:ntype_uda  --> 0.0
DEBUG:root:ctype_hex  --> 0.0
DEBUG:root:------------------- cell_def_tab.py:  fill_xml_intracellular()
DEBUG:root:------ ["intracellular"]: for ctype_hex
DEBUG:root:None
DEBUG:root:

DEBUG:root:------ ["custom_data"]: for ctype_hex
DEBUG:root:------ ["initial_parameter_distributions"]: for ctype_hex
DEBUG:root:----------- end cell_def_tab.py: fill_xml(): ----------
DEBUG:root:
--------- user_params_tab.py:  fill_xml(): self.count = 100
DEBUG:root:--------- found //user_parameters
DEBUG:root:random_seed
DEBUG:root:number_of_cells
DEBUG:root:friction_coeff
DEBUG:root:found 3
DEBUG:matplotlib.colorbar:colorbar update normal <matplotlib.colors.Normalize object at 0x77bfbfcb32b0> <matplotlib.colors.Normalize object at 0x77bfbfcb32b0>
DEBUG:matplotlib.colorbar:locator: <matplotlib.ticker.AutoLocator object at 0x77bfbfcb03d0>
DEBUG:matplotlib.colorbar:colorbar update normal <matplotlib.colors.Normalize object at 0x77bfbfcb32b0> <matplotlib.colors.Normalize object at 0x77bfbfcb32b0>
DEBUG:matplotlib.colorbar:locator: <matplotlib.ticker.AutoLocator object at 0x77bfbfcb03d0>
DEBUG:matplotlib.colorbar:locator: <matplotlib.ticker.AutoLocator object at 0x77bfbfc4ccd0>
DEBUG:matplotlib.font_manager:findfont: Matching sans\-serif:style=normal:variant=normal:weight=normal:stretch=normal:size=8.0.
DEBUG:matplotlib.font_manager:findfont: score(FontEntry(fname='/home/tntiniak/Work/PhysiCell-Studios/PhysiCell-Studio/env/lib/python3.10/site-packages/matplotlib/mpl-data/fonts/ttf/cmr10.ttf', name='cmr10', style='normal', variant='normal', weight=400, stretch='normal', size='scalable')) = 10.05
DEBUG:matplotlib.font_manager:findfont: score(FontEntry(fname='/home/tntiniak/Work/PhysiCell-Studios/PhysiCell-Studio/env/lib/python3.10/site-packages/matplotlib/mpl-data/fonts/ttf/DejaVuSerif-Bold.ttf', name='DejaVu Serif', style='normal', variant='normal', weight=700, stretch='normal', size='scalable')) = 10.335
DEBUG:matplotlib.font_manager:findfont: score(FontEntry(fname='/home/tntiniak/Work/PhysiCell-Studios/PhysiCell-Studio/env/lib/python3.10/site-packages/matplotlib/mpl-data/fonts/ttf/STIXNonUniIta.ttf', name='STIXNonUnicode', style='italic', variant='normal', weight=400, stretch='normal', size='scalable')) = 11.05
DEBUG:matplotlib.font_manager:findfont: score(FontEntry(fname='/home/tntiniak/Work/PhysiCell-Studios/PhysiCell-Studio/env/lib/python3.10/site-packages/matplotlib/mpl-data/fonts/ttf/DejaVuSansMono-Bold.ttf', name='DejaVu Sans Mono', style='normal', variant='normal', weight=700, stretch='normal', size='scalable')) = 10.335
DEBUG:matplotlib.font_manager:findfont: score(FontEntry(fname='/home/tntiniak/Work/PhysiCell-Studios/PhysiCell-Studio/env/lib/python3.10/site-packages/matplotlib/mpl-data/fonts/ttf/DejaVuSerif-Italic.ttf', name='DejaVu Serif', style='italic', variant='normal', weight=400, stretch='normal', size='scalable')) = 11.05
DEBUG:matplotlib.font_manager:findfont: score(FontEntry(fname='/home/tntiniak/Work/PhysiCell-Studios/PhysiCell-Studio/env/lib/python3.10/site-packages/matplotlib/mpl-data/fonts/ttf/STIXSizFourSymBol.ttf', name='STIXSizeFourSym', style='normal', variant='normal', weight=700, stretch='normal', size='scalable')) = 10.335
DEBUG:matplotlib.font_manager:findfont: score(FontEntry(fname='/home/tntiniak/Work/PhysiCell-Studios/PhysiCell-Studio/env/lib/python3.10/site-packages/matplotlib/mpl-data/fonts/ttf/STIXGeneralItalic.ttf', name='STIXGeneral', style='italic', variant='normal', weight=400, stretch='normal', size='scalable')) = 11.05
DEBUG:matplotlib.font_manager:findfont: score(FontEntry(fname='/home/tntiniak/Work/PhysiCell-Studios/PhysiCell-Studio/env/lib/python3.10/site-packages/matplotlib/mpl-data/fonts/ttf/STIXSizFourSymReg.ttf', name='STIXSizeFourSym', style='normal', variant='normal', weight=400, stretch='normal', size='scalable')) = 10.05
DEBUG:matplotlib.font_manager:findfont: score(FontEntry(fname='/home/tntiniak/Work/PhysiCell-Studios/PhysiCell-Studio/env/lib/python3.10/site-packages/matplotlib/mpl-data/fonts/ttf/STIXSizThreeSymReg.ttf', name='STIXSizeThreeSym', style='normal', variant='normal', weight=400, stretch='normal', size='scalable')) = 10.05
DEBUG:matplotlib.font_manager:findfont: score(FontEntry(fname='/home/tntiniak/Work/PhysiCell-Studios/PhysiCell-Studio/env/lib/python3.10/site-packages/matplotlib/mpl-data/fonts/ttf/cmtt10.ttf', name='cmtt10', style='normal', variant='normal', weight=400, stretch='normal', size='scalable')) = 10.05
DEBUG:matplotlib.font_manager:findfont: score(FontEntry(fname='/home/tntiniak/Work/PhysiCell-Studios/PhysiCell-Studio/env/lib/python3.10/site-packages/matplotlib/mpl-data/fonts/ttf/DejaVuSans-BoldOblique.ttf', name='DejaVu Sans', style='oblique', variant='normal', weight=700, stretch='normal', size='scalable')) = 1.335
DEBUG:matplotlib.font_manager:findfont: score(FontEntry(fname='/home/tntiniak/Work/PhysiCell-Studios/PhysiCell-Studio/env/lib/python3.10/site-packages/matplotlib/mpl-data/fonts/ttf/STIXSizFiveSymReg.ttf', name='STIXSizeFiveSym', style='normal', variant='normal', weight=400, stretch='normal', size='scalable')) = 10.05
DEBUG:matplotlib.font_manager:findfont: score(FontEntry(fname='/home/tntiniak/Work/PhysiCell-Studios/PhysiCell-Studio/env/lib/python3.10/site-packages/matplotlib/mpl-data/fonts/ttf/STIXSizTwoSymBol.ttf', name='STIXSizeTwoSym', style='normal', variant='normal', weight=700, stretch='normal', size='scalable')) = 10.335
DEBUG:matplotlib.font_manager:findfont: score(FontEntry(fname='/home/tntiniak/Work/PhysiCell-Studios/PhysiCell-Studio/env/lib/python3.10/site-packages/matplotlib/mpl-data/fonts/ttf/cmsy10.ttf', name='cmsy10', style='normal', variant='normal', weight=400, stretch='normal', size='scalable')) = 10.05
DEBUG:matplotlib.font_manager:findfont: score(FontEntry(fname='/home/tntiniak/Work/PhysiCell-Studios/PhysiCell-Studio/env/lib/python3.10/site-packages/matplotlib/mpl-data/fonts/ttf/STIXGeneralBolIta.ttf', name='STIXGeneral', style='italic', variant='normal', weight=700, stretch='normal', size='scalable')) = 11.335
DEBUG:matplotlib.font_manager:findfont: score(FontEntry(fname='/home/tntiniak/Work/PhysiCell-Studios/PhysiCell-Studio/env/lib/python3.10/site-packages/matplotlib/mpl-data/fonts/ttf/cmb10.ttf', name='cmb10', style='normal', variant='normal', weight=400, stretch='normal', size='scalable')) = 10.05
DEBUG:matplotlib.font_manager:findfont: score(FontEntry(fname='/home/tntiniak/Work/PhysiCell-Studios/PhysiCell-Studio/env/lib/python3.10/site-packages/matplotlib/mpl-data/fonts/ttf/STIXGeneral.ttf', name='STIXGeneral', style='normal', variant='normal', weight=400, stretch='normal', size='scalable')) = 10.05
DEBUG:matplotlib.font_manager:findfont: score(FontEntry(fname='/home/tntiniak/Work/PhysiCell-Studios/PhysiCell-Studio/env/lib/python3.10/site-packages/matplotlib/mpl-data/fonts/ttf/DejaVuSansDisplay.ttf', name='DejaVu Sans Display', style='normal', variant='normal', weight=400, stretch='normal', size='scalable')) = 10.05
DEBUG:matplotlib.font_manager:findfont: score(FontEntry(fname='/home/tntiniak/Work/PhysiCell-Studios/PhysiCell-Studio/env/lib/python3.10/site-packages/matplotlib/mpl-data/fonts/ttf/STIXNonUniBolIta.ttf', name='STIXNonUnicode', style='italic', variant='normal', weight=700, stretch='normal', size='scalable')) = 11.335
DEBUG:matplotlib.font_manager:findfont: score(FontEntry(fname='/home/tntiniak/Work/PhysiCell-Studios/PhysiCell-Studio/env/lib/python3.10/site-packages/matplotlib/mpl-data/fonts/ttf/DejaVuSansMono-Oblique.ttf', name='DejaVu Sans Mono', style='oblique', variant='normal', weight=400, stretch='normal', size='scalable')) = 11.05
DEBUG:matplotlib.font_manager:findfont: score(FontEntry(fname='/home/tntiniak/Work/PhysiCell-Studios/PhysiCell-Studio/env/lib/python3.10/site-packages/matplotlib/mpl-data/fonts/ttf/DejaVuSansMono-BoldOblique.ttf', name='DejaVu Sans Mono', style='oblique', variant='normal', weight=700, stretch='normal', size='scalable')) = 11.335
DEBUG:matplotlib.font_manager:findfont: score(FontEntry(fname='/home/tntiniak/Work/PhysiCell-Studios/PhysiCell-Studio/env/lib/python3.10/site-packages/matplotlib/mpl-data/fonts/ttf/DejaVuSansMono.ttf', name='DejaVu Sans Mono', style='normal', variant='normal', weight=400, stretch='normal', size='scalable')) = 10.05
DEBUG:matplotlib.font_manager:findfont: score(FontEntry(fname='/home/tntiniak/Work/PhysiCell-Studios/PhysiCell-Studio/env/lib/python3.10/site-packages/matplotlib/mpl-data/fonts/ttf/cmss10.ttf', name='cmss10', style='normal', variant='normal', weight=400, stretch='normal', size='scalable')) = 10.05
DEBUG:matplotlib.font_manager:findfont: score(FontEntry(fname='/home/tntiniak/Work/PhysiCell-Studios/PhysiCell-Studio/env/lib/python3.10/site-packages/matplotlib/mpl-data/fonts/ttf/STIXGeneralBol.ttf', name='STIXGeneral', style='normal', variant='normal', weight=700, stretch='normal', size='scalable')) = 10.335
DEBUG:matplotlib.font_manager:findfont: score(FontEntry(fname='/home/tntiniak/Work/PhysiCell-Studios/PhysiCell-Studio/env/lib/python3.10/site-packages/matplotlib/mpl-data/fonts/ttf/STIXSizOneSymBol.ttf', name='STIXSizeOneSym', style='normal', variant='normal', weight=700, stretch='normal', size='scalable')) = 10.335
DEBUG:matplotlib.font_manager:findfont: score(FontEntry(fname='/home/tntiniak/Work/PhysiCell-Studios/PhysiCell-Studio/env/lib/python3.10/site-packages/matplotlib/mpl-data/fonts/ttf/STIXSizThreeSymBol.ttf', name='STIXSizeThreeSym', style='normal', variant='normal', weight=700, stretch='normal', size='scalable')) = 10.335
DEBUG:matplotlib.font_manager:findfont: score(FontEntry(fname='/home/tntiniak/Work/PhysiCell-Studios/PhysiCell-Studio/env/lib/python3.10/site-packages/matplotlib/mpl-data/fonts/ttf/DejaVuSans-Oblique.ttf', name='DejaVu Sans', style='oblique', variant='normal', weight=400, stretch='normal', size='scalable')) = 1.05
DEBUG:matplotlib.font_manager:findfont: score(FontEntry(fname='/home/tntiniak/Work/PhysiCell-Studios/PhysiCell-Studio/env/lib/python3.10/site-packages/matplotlib/mpl-data/fonts/ttf/DejaVuSans-Bold.ttf', name='DejaVu Sans', style='normal', variant='normal', weight=700, stretch='normal', size='scalable')) = 0.33499999999999996
DEBUG:matplotlib.font_manager:findfont: score(FontEntry(fname='/home/tntiniak/Work/PhysiCell-Studios/PhysiCell-Studio/env/lib/python3.10/site-packages/matplotlib/mpl-data/fonts/ttf/STIXNonUniBol.ttf', name='STIXNonUnicode', style='normal', variant='normal', weight=700, stretch='normal', size='scalable')) = 10.335
DEBUG:matplotlib.font_manager:findfont: score(FontEntry(fname='/home/tntiniak/Work/PhysiCell-Studios/PhysiCell-Studio/env/lib/python3.10/site-packages/matplotlib/mpl-data/fonts/ttf/DejaVuSerif-BoldItalic.ttf', name='DejaVu Serif', style='italic', variant='normal', weight=700, stretch='normal', size='scalable')) = 11.335
DEBUG:matplotlib.font_manager:findfont: score(FontEntry(fname='/home/tntiniak/Work/PhysiCell-Studios/PhysiCell-Studio/env/lib/python3.10/site-packages/matplotlib/mpl-data/fonts/ttf/STIXSizTwoSymReg.ttf', name='STIXSizeTwoSym', style='normal', variant='normal', weight=400, stretch='normal', size='scalable')) = 10.05
DEBUG:matplotlib.font_manager:findfont: score(FontEntry(fname='/home/tntiniak/Work/PhysiCell-Studios/PhysiCell-Studio/env/lib/python3.10/site-packages/matplotlib/mpl-data/fonts/ttf/DejaVuSans.ttf', name='DejaVu Sans', style='normal', variant='normal', weight=400, stretch='normal', size='scalable')) = 0.05
DEBUG:matplotlib.font_manager:findfont: score(FontEntry(fname='/home/tntiniak/Work/PhysiCell-Studios/PhysiCell-Studio/env/lib/python3.10/site-packages/matplotlib/mpl-data/fonts/ttf/cmmi10.ttf', name='cmmi10', style='normal', variant='normal', weight=400, stretch='normal', size='scalable')) = 10.05
DEBUG:matplotlib.font_manager:findfont: score(FontEntry(fname='/home/tntiniak/Work/PhysiCell-Studios/PhysiCell-Studio/env/lib/python3.10/site-packages/matplotlib/mpl-data/fonts/ttf/DejaVuSerifDisplay.ttf', name='DejaVu Serif Display', style='normal', variant='normal', weight=400, stretch='normal', size='scalable')) = 10.05
DEBUG:matplotlib.font_manager:findfont: score(FontEntry(fname='/home/tntiniak/Work/PhysiCell-Studios/PhysiCell-Studio/env/lib/python3.10/site-packages/matplotlib/mpl-data/fonts/ttf/STIXSizOneSymReg.ttf', name='STIXSizeOneSym', style='normal', variant='normal', weight=400, stretch='normal', size='scalable')) = 10.05
DEBUG:matplotlib.font_manager:findfont: score(FontEntry(fname='/home/tntiniak/Work/PhysiCell-Studios/PhysiCell-Studio/env/lib/python3.10/site-packages/matplotlib/mpl-data/fonts/ttf/STIXNonUni.ttf', name='STIXNonUnicode', style='normal', variant='normal', weight=400, stretch='normal', size='scalable')) = 10.05
DEBUG:matplotlib.font_manager:findfont: score(FontEntry(fname='/home/tntiniak/Work/PhysiCell-Studios/PhysiCell-Studio/env/lib/python3.10/site-packages/matplotlib/mpl-data/fonts/ttf/cmex10.ttf', name='cmex10', style='normal', variant='normal', weight=400, stretch='normal', size='scalable')) = 10.05
DEBUG:matplotlib.font_manager:findfont: score(FontEntry(fname='/home/tntiniak/Work/PhysiCell-Studios/PhysiCell-Studio/env/lib/python3.10/site-packages/matplotlib/mpl-data/fonts/ttf/DejaVuSerif.ttf', name='DejaVu Serif', style='normal', variant='normal', weight=400, stretch='normal', size='scalable')) = 10.05
DEBUG:matplotlib.font_manager:findfont: score(FontEntry(fname='/usr/share/fonts/opentype/urw-base35/NimbusSansNarrow-Regular.otf', name='Nimbus Sans Narrow', style='normal', variant='normal', weight=400, stretch='condensed', size='scalable')) = 10.25
DEBUG:matplotlib.font_manager:findfont: score(FontEntry(fname='/usr/share/fonts/truetype/liberation2/LiberationSans-Regular.ttf', name='Liberation Sans', style='normal', variant='normal', weight=400, stretch='normal', size='scalable')) = 10.05
DEBUG:matplotlib.font_manager:findfont: score(FontEntry(fname='/usr/share/fonts/truetype/liberation/LiberationSerif-Regular.ttf', name='Liberation Serif', style='normal', variant='normal', weight=400, stretch='normal', size='scalable')) = 10.05
DEBUG:matplotlib.font_manager:findfont: score(FontEntry(fname='/usr/share/fonts/truetype/tlwg/Norasi-Italic.ttf', name='Norasi', style='italic', variant='normal', weight=400, stretch='normal', size='scalable')) = 11.05
DEBUG:matplotlib.font_manager:findfont: score(FontEntry(fname='/usr/share/fonts/truetype/fonts-telu-extra/vemana2000.ttf', name='Vemana2000', style='normal', variant='normal', weight=400, stretch='normal', size='scalable')) = 10.05
DEBUG:matplotlib.font_manager:findfont: score(FontEntry(fname='/usr/share/fonts/truetype/tlwg/TlwgMono-Bold.ttf', name='Tlwg Mono', style='normal', variant='normal', weight=700, stretch='normal', size='scalable')) = 10.335
DEBUG:matplotlib.font_manager:findfont: score(FontEntry(fname='/usr/share/fonts/truetype/fonts-yrsa-rasa/Yrsa-SemiBold.ttf', name='Yrsa', style='normal', variant='normal', weight=600, stretch='normal', size='scalable')) = 10.24
DEBUG:matplotlib.font_manager:findfont: score(FontEntry(fname='/usr/share/fonts/truetype/lohit-devanagari/Lohit-Devanagari.ttf', name='Lohit Devanagari', style='normal', variant='normal', weight=400, stretch='normal', size='scalable')) = 10.05
DEBUG:matplotlib.font_manager:findfont: score(FontEntry(fname='/usr/share/fonts/truetype/tlwg/TlwgTypist-Oblique.ttf', name='Tlwg Typist', style='oblique', variant='normal', weight=400, stretch='normal', size='scalable')) = 11.05
DEBUG:matplotlib.font_manager:findfont: score(FontEntry(fname='/usr/share/fonts/truetype/ubuntu/Ubuntu-R.ttf', name='Ubuntu', style='normal', variant='normal', weight=400, stretch='normal', size='scalable')) = 10.05
DEBUG:matplotlib.font_manager:findfont: score(FontEntry(fname='/usr/share/fonts/truetype/samyak/Samyak-Devanagari.ttf', name='Samyak Devanagari', style='normal', variant='normal', weight=500, stretch='normal', size='scalable')) = 10.145
DEBUG:matplotlib.font_manager:findfont: score(FontEntry(fname='/usr/share/fonts/truetype/tlwg/Laksaman-Italic.ttf', name='Laksaman', style='italic', variant='normal', weight=400, stretch='normal', size='scalable')) = 11.05
DEBUG:matplotlib.font_manager:findfont: score(FontEntry(fname='/usr/share/fonts/truetype/teluguvijayam/dhurjati.ttf', name='Dhurjati', style='normal', variant='normal', weight=400, stretch='normal', size='scalable')) = 10.05
DEBUG:matplotlib.font_manager:findfont: score(FontEntry(fname='/usr/share/fonts/truetype/tlwg/Umpush.ttf', name='Umpush', style='normal', variant='normal', weight=400, stretch='normal', size='scalable')) = 10.05
DEBUG:matplotlib.font_manager:findfont: score(FontEntry(fname='/usr/share/fonts/opentype/urw-base35/C059-Bold.otf', name='C059', style='normal', variant='normal', weight=700, stretch='normal', size='scalable')) = 10.335
DEBUG:matplotlib.font_manager:findfont: score(FontEntry(fname='/usr/share/fonts/truetype/tlwg/Garuda-BoldOblique.ttf', name='Garuda', style='oblique', variant='normal', weight=700, stretch='normal', size='scalable')) = 11.335
DEBUG:matplotlib.font_manager:findfont: score(FontEntry(fname='/usr/share/fonts/opentype/urw-base35/P052-Roman.otf', name='P052', style='normal', variant='normal', weight=400, stretch='normal', size='scalable')) = 10.05
DEBUG:matplotlib.font_manager:findfont: score(FontEntry(fname='/usr/share/fonts/opentype/urw-base35/NimbusSans-Italic.otf', name='Nimbus Sans', style='italic', variant='normal', weight=400, stretch='normal', size='scalable')) = 11.05
DEBUG:matplotlib.font_manager:findfont: score(FontEntry(fname='/usr/share/fonts/truetype/tlwg/Sawasdee-Bold.ttf', name='Sawasdee', style='normal', variant='normal', weight=700, stretch='normal', size='scalable')) = 10.335
DEBUG:matplotlib.font_manager:findfont: score(FontEntry(fname='/usr/share/fonts/truetype/tlwg/Umpush-Light.ttf', name='Umpush', style='normal', variant='normal', weight=300, stretch='normal', size='scalable')) = 10.145
DEBUG:matplotlib.font_manager:findfont: score(FontEntry(fname='/usr/share/fonts/truetype/kacst/KacstLetter.ttf', name='KacstLetter', style='normal', variant='normal', weight=500, stretch='normal', size='scalable')) = 10.145
DEBUG:matplotlib.font_manager:findfont: score(FontEntry(fname='/usr/share/fonts/truetype/liberation2/LiberationSerif-BoldItalic.ttf', name='Liberation Serif', style='italic', variant='normal', weight=700, stretch='normal', size='scalable')) = 11.335
DEBUG:matplotlib.font_manager:findfont: score(FontEntry(fname='/usr/share/fonts/truetype/malayalam/Karumbi-Regular.ttf', name='Karumbi', style='normal', variant='normal', weight=400, stretch='normal', size='scalable')) = 10.05
DEBUG:matplotlib.font_manager:findfont: score(FontEntry(fname='/usr/share/fonts/opentype/urw-base35/URWGothic-BookOblique.otf', name='URW Gothic', style='oblique', variant='normal', weight=400, stretch='normal', size='scalable')) = 11.05
DEBUG:matplotlib.font_manager:findfont: score(FontEntry(fname='/usr/share/fonts/truetype/dejavu/DejaVuSerifCondensed-Bold.ttf', name='DejaVu Serif', style='normal', variant='normal', weight=700, stretch='condensed', size='scalable')) = 10.535
DEBUG:matplotlib.font_manager:findfont: score(FontEntry(fname='/usr/share/fonts/truetype/ubuntu/Ubuntu-MI.ttf', name='Ubuntu', style='italic', variant='normal', weight=500, stretch='normal', size='scalable')) = 11.145
DEBUG:matplotlib.font_manager:findfont: score(FontEntry(fname='/usr/share/fonts/truetype/Sahadeva/sahadeva.ttf', name='Sahadeva', style='normal', variant='normal', weight=400, stretch='normal', size='scalable')) = 10.05
DEBUG:matplotlib.font_manager:findfont: score(FontEntry(fname='/usr/share/fonts/truetype/kacst/KacstOffice.ttf', name='KacstOffice', style='normal', variant='normal', weight=500, stretch='normal', size='scalable')) = 10.145
DEBUG:matplotlib.font_manager:findfont: score(FontEntry(fname='/usr/share/fonts/truetype/samyak-fonts/Samyak-Tamil.ttf', name='Samyak Tamil', style='normal', variant='normal', weight=500, stretch='normal', size='scalable')) = 10.145
DEBUG:matplotlib.font_manager:findfont: score(FontEntry(fname='/usr/share/fonts/truetype/kacst/KacstQurn.ttf', name='KacstQurn', style='normal', variant='normal', weight=400, stretch='normal', size='scalable')) = 10.05
DEBUG:matplotlib.font_manager:findfont: score(FontEntry(fname='/usr/share/fonts/opentype/urw-base35/URWBookman-Light.otf', name='URW Bookman', style='normal', variant='normal', weight=300, stretch='normal', size='scalable')) = 10.145
DEBUG:matplotlib.font_manager:findfont: score(FontEntry(fname='/usr/share/fonts/truetype/tlwg/TlwgTypo-BoldOblique.ttf', name='Tlwg Typo', style='oblique', variant='normal', weight=700, stretch='normal', size='scalable')) = 11.335
DEBUG:matplotlib.font_manager:findfont: score(FontEntry(fname='/usr/share/fonts/truetype/tlwg/Kinnari-Oblique.ttf', name='Kinnari', style='oblique', variant='normal', weight=400, stretch='normal', size='scalable')) = 11.05
DEBUG:matplotlib.font_manager:findfont: score(FontEntry(fname='/usr/share/fonts/truetype/tlwg/Loma-Oblique.ttf', name='Loma', style='oblique', variant='normal', weight=400, stretch='normal', size='scalable')) = 11.05
DEBUG:matplotlib.font_manager:findfont: score(FontEntry(fname='/usr/share/fonts/truetype/Sarai/Sarai.ttf', name='Sarai', style='normal', variant='normal', weight=400, stretch='normal', size='scalable')) = 10.05
DEBUG:matplotlib.font_manager:findfont: score(FontEntry(fname='/usr/share/fonts/truetype/sinhala/lklug.ttf', name='LKLUG', style='normal', variant='normal', weight=400, stretch='normal', size='scalable')) = 10.05
DEBUG:matplotlib.font_manager:findfont: score(FontEntry(fname='/usr/share/fonts/truetype/liberation/LiberationSans-Italic.ttf', name='Liberation Sans', style='italic', variant='normal', weight=400, stretch='normal', size='scalable')) = 11.05
DEBUG:matplotlib.font_manager:findfont: score(FontEntry(fname='/usr/share/fonts/truetype/tlwg/Purisa-BoldOblique.ttf', name='Purisa', style='oblique', variant='normal', weight=700, stretch='normal', size='scalable')) = 11.335
DEBUG:matplotlib.font_manager:findfont: score(FontEntry(fname='/usr/share/fonts/truetype/liberation/LiberationSans-Bold.ttf', name='Liberation Sans', style='normal', variant='normal', weight=700, stretch='normal', size='scalable')) = 10.335
DEBUG:matplotlib.font_manager:findfont: score(FontEntry(fname='/usr/share/fonts/truetype/tlwg/Norasi-BoldItalic.ttf', name='Norasi', style='italic', variant='normal', weight=700, stretch='normal', size='scalable')) = 11.335
DEBUG:matplotlib.font_manager:findfont: score(FontEntry(fname='/usr/share/fonts/opentype/urw-base35/NimbusSans-Regular.otf', name='Nimbus Sans', style='normal', variant='normal', weight=400, stretch='normal', size='scalable')) = 10.05
DEBUG:matplotlib.font_manager:findfont: score(FontEntry(fname='/usr/share/fonts/truetype/tlwg/TlwgTypo-Bold.ttf', name='Tlwg Typo', style='normal', variant='normal', weight=700, stretch='normal', size='scalable')) = 10.335
DEBUG:matplotlib.font_manager:findfont: score(FontEntry(fname='/usr/share/fonts/truetype/teluguvijayam/LakkiReddy.ttf', name='LakkiReddy', style='normal', variant='normal', weight=400, stretch='normal', size='scalable')) = 10.05
DEBUG:matplotlib.font_manager:findfont: score(FontEntry(fname='/usr/share/fonts/truetype/abyssinica/AbyssinicaSIL-Regular.ttf', name='Abyssinica SIL', style='normal', variant='normal', weight=400, stretch='normal', size='scalable')) = 10.05
DEBUG:matplotlib.font_manager:findfont: score(FontEntry(fname='/usr/share/fonts/truetype/freefont/FreeSerifBoldItalic.ttf', name='FreeSerif', style='italic', variant='normal', weight=700, stretch='normal', size='scalable')) = 11.335
DEBUG:matplotlib.font_manager:findfont: score(FontEntry(fname='/usr/share/fonts/truetype/fonts-yrsa-rasa/Yrsa-Regular.ttf', name='Yrsa', style='normal', variant='normal', weight=400, stretch='normal', size='scalable')) = 10.05
DEBUG:matplotlib.font_manager:findfont: score(FontEntry(fname='/usr/share/fonts/truetype/tlwg/Umpush-LightOblique.ttf', name='Umpush', style='oblique', variant='normal', weight=300, stretch='normal', size='scalable')) = 11.145
DEBUG:matplotlib.font_manager:findfont: score(FontEntry(fname='/usr/share/fonts/truetype/freefont/FreeSansBold.ttf', name='FreeSans', style='normal', variant='normal', weight=600, stretch='normal', size='scalable')) = 10.24
DEBUG:matplotlib.font_manager:findfont: score(FontEntry(fname='/usr/share/fonts/truetype/liberation2/LiberationSans-BoldItalic.ttf', name='Liberation Sans', style='italic', variant='normal', weight=700, stretch='normal', size='scalable')) = 11.335
DEBUG:matplotlib.font_manager:findfont: score(FontEntry(fname='/usr/share/fonts/truetype/fonts-orya-extra/utkal.ttf', name='ori1Uni', style='normal', variant='normal', weight=500, stretch='normal', size='scalable')) = 10.145
DEBUG:matplotlib.font_manager:findfont: score(FontEntry(fname='/usr/share/fonts/truetype/tlwg/Norasi-Bold.ttf', name='Norasi', style='normal', variant='normal', weight=700, stretch='normal', size='scalable')) = 10.335
DEBUG:matplotlib.font_manager:findfont: score(FontEntry(fname='/usr/share/fonts/truetype/tlwg/TlwgTypist-BoldOblique.ttf', name='Tlwg Typist', style='oblique', variant='normal', weight=700, stretch='normal', size='scalable')) = 11.335
DEBUG:matplotlib.font_manager:findfont: score(FontEntry(fname='/usr/share/fonts/truetype/teluguvijayam/Gurajada.ttf', name='Gurajada', style='normal', variant='normal', weight=400, stretch='normal', size='scalable')) = 10.05
DEBUG:matplotlib.font_manager:findfont: score(FontEntry(fname='/usr/share/fonts/truetype/liberation2/LiberationMono-Bold.ttf', name='Liberation Mono', style='normal', variant='normal', weight=700, stretch='normal', size='scalable')) = 10.335
DEBUG:matplotlib.font_manager:findfont: score(FontEntry(fname='/usr/share/fonts/truetype/lao/Phetsarath_OT.ttf', name='Phetsarath OT', style='normal', variant='normal', weight=400, stretch='normal', size='scalable')) = 10.05
DEBUG:matplotlib.font_manager:findfont: score(FontEntry(fname='/usr/share/fonts/opentype/noto/NotoSansCJK-Regular.ttc', name='Noto Sans CJK JP', style='normal', variant='normal', weight=400, stretch='normal', size='scalable')) = 10.05
DEBUG:matplotlib.font_manager:findfont: score(FontEntry(fname='/usr/share/fonts/opentype/malayalam/Chilanka-Regular.otf', name='Chilanka', style='normal', variant='normal', weight=400, stretch='normal', size='scalable')) = 10.05
DEBUG:matplotlib.font_manager:findfont: score(FontEntry(fname='/usr/share/fonts/truetype/fonts-beng-extra/Mukti.ttf', name='Mukti', style='normal', variant='normal', weight=500, stretch='normal', size='scalable')) = 10.145
DEBUG:matplotlib.font_manager:findfont: score(FontEntry(fname='/usr/share/fonts/opentype/malayalam/Gayathri-Regular.otf', name='Gayathri', style='normal', variant='normal', weight=400, stretch='normal', size='scalable')) = 10.05
DEBUG:matplotlib.font_manager:findfont: score(FontEntry(fname='/usr/share/fonts/truetype/liberation/LiberationSans-BoldItalic.ttf', name='Liberation Sans', style='italic', variant='normal', weight=700, stretch='normal', size='scalable')) = 11.335
DEBUG:matplotlib.font_manager:findfont: score(FontEntry(fname='/usr/share/fonts/truetype/fonts-yrsa-rasa/Rasa-Bold.ttf', name='Rasa', style='normal', variant='normal', weight=700, stretch='normal', size='scalable')) = 10.335
DEBUG:matplotlib.font_manager:findfont: score(FontEntry(fname='/usr/share/fonts/opentype/noto/NotoSerifCJK-Bold.ttc', name='Noto Serif CJK JP', style='normal', variant='normal', weight=700, stretch='normal', size='scalable')) = 10.335
DEBUG:matplotlib.font_manager:findfont: score(FontEntry(fname='/usr/share/fonts/truetype/liberation/LiberationSerif-Italic.ttf', name='Liberation Serif', style='italic', variant='normal', weight=400, stretch='normal', size='scalable')) = 11.05
DEBUG:matplotlib.font_manager:findfont: score(FontEntry(fname='/usr/share/fonts/truetype/liberation2/LiberationSerif-Regular.ttf', name='Liberation Serif', style='normal', variant='normal', weight=400, stretch='normal', size='scalable')) = 10.05
DEBUG:matplotlib.font_manager:findfont: score(FontEntry(fname='/usr/share/fonts/truetype/tlwg/Purisa-Bold.ttf', name='Purisa', style='normal', variant='normal', weight=700, stretch='normal', size='scalable')) = 10.335
DEBUG:matplotlib.font_manager:findfont: score(FontEntry(fname='/usr/share/fonts/truetype/kacst/KacstDigital.ttf', name='KacstDigital', style='normal', variant='normal', weight=500, stretch='normal', size='scalable')) = 10.145
DEBUG:matplotlib.font_manager:findfont: score(FontEntry(fname='/usr/share/fonts/truetype/tlwg/Umpush-Bold.ttf', name='Umpush', style='normal', variant='normal', weight=700, stretch='normal', size='scalable')) = 10.335
DEBUG:matplotlib.font_manager:findfont: score(FontEntry(fname='/usr/share/fonts/truetype/lohit-bengali/Lohit-Bengali.ttf', name='Lohit Bengali', style='normal', variant='normal', weight=400, stretch='normal', size='scalable')) = 10.05
DEBUG:matplotlib.font_manager:findfont: score(FontEntry(fname='/usr/share/fonts/truetype/tlwg/Garuda-Bold.ttf', name='Garuda', style='normal', variant='normal', weight=700, stretch='normal', size='scalable')) = 10.335
DEBUG:matplotlib.font_manager:findfont: score(FontEntry(fname='/usr/share/fonts/truetype/liberation2/LiberationMono-Italic.ttf', name='Liberation Mono', style='italic', variant='normal', weight=400, stretch='normal', size='scalable')) = 11.05
DEBUG:matplotlib.font_manager:findfont: score(FontEntry(fname='/usr/share/fonts/truetype/malayalam/AnjaliOldLipi-Regular.ttf', name='AnjaliOldLipi', style='normal', variant='normal', weight=400, stretch='normal', size='scalable')) = 10.05
DEBUG:matplotlib.font_manager:findfont: score(FontEntry(fname='/usr/share/fonts/truetype/tlwg/Waree.ttf', name='Waree', style='normal', variant='normal', weight=400, stretch='normal', size='scalable')) = 10.05
DEBUG:matplotlib.font_manager:findfont: score(FontEntry(fname='/usr/share/fonts/truetype/tlwg/TlwgTypewriter.ttf', name='Tlwg Typewriter', style='normal', variant='normal', weight=400, stretch='normal', size='scalable')) = 10.05
DEBUG:matplotlib.font_manager:findfont: score(FontEntry(fname='/usr/share/fonts/truetype/teluguvijayam/PottiSreeramulu.ttf', name='Potti Sreeramulu', style='normal', variant='normal', weight=400, stretch='normal', size='scalable')) = 10.05
DEBUG:matplotlib.font_manager:findfont: score(FontEntry(fname='/usr/share/fonts/truetype/teluguvijayam/mallanna.ttf', name='Mallanna', style='normal', variant='normal', weight=400, stretch='normal', size='scalable')) = 10.05
DEBUG:matplotlib.font_manager:findfont: score(FontEntry(fname='/usr/share/fonts/truetype/ubuntu/UbuntuMono-R.ttf', name='Ubuntu Mono', style='normal', variant='normal', weight=400, stretch='normal', size='scalable')) = 10.05
DEBUG:matplotlib.font_manager:findfont: score(FontEntry(fname='/usr/share/fonts/opentype/urw-base35/C059-BdIta.otf', name='C059', style='italic', variant='normal', weight=700, stretch='normal', size='scalable')) = 11.335
DEBUG:matplotlib.font_manager:findfont: score(FontEntry(fname='/usr/share/fonts/truetype/padauk/PadaukBook-Bold.ttf', name='Padauk Book', style='normal', variant='normal', weight=700, stretch='normal', size='scalable')) = 10.335
DEBUG:matplotlib.font_manager:findfont: score(FontEntry(fname='/usr/share/fonts/truetype/dejavu/DejaVuSansMono-Oblique.ttf', name='DejaVu Sans Mono', style='oblique', variant='normal', weight=400, stretch='normal', size='scalable')) = 11.05
DEBUG:matplotlib.font_manager:findfont: score(FontEntry(fname='/usr/share/fonts/truetype/fonts-yrsa-rasa/Rasa-SemiBold.ttf', name='Rasa', style='normal', variant='normal', weight=600, stretch='normal', size='scalable')) = 10.24
DEBUG:matplotlib.font_manager:findfont: score(FontEntry(fname='/usr/share/fonts/truetype/ubuntu/Ubuntu-Th.ttf', name='Ubuntu', style='normal', variant='normal', weight=250, stretch='normal', size='scalable')) = 10.1925
DEBUG:matplotlib.font_manager:findfont: score(FontEntry(fname='/usr/share/fonts/truetype/fonts-telu-extra/Pothana2000.ttf', name='Pothana2000', style='normal', variant='normal', weight=400, stretch='normal', size='scalable')) = 10.05
DEBUG:matplotlib.font_manager:findfont: score(FontEntry(fname='/usr/share/fonts/truetype/liberation/LiberationSerif-BoldItalic.ttf', name='Liberation Serif', style='italic', variant='normal', weight=700, stretch='normal', size='scalable')) = 11.335
DEBUG:matplotlib.font_manager:findfont: score(FontEntry(fname='/usr/share/fonts/truetype/kacst-one/KacstOne-Bold.ttf', name='KacstOne', style='normal', variant='normal', weight=700, stretch='normal', size='scalable')) = 10.335
DEBUG:matplotlib.font_manager:findfont: score(FontEntry(fname='/usr/share/fonts/truetype/freefont/FreeMonoOblique.ttf', name='FreeMono', style='oblique', variant='normal', weight=400, stretch='normal', size='scalable')) = 11.05
DEBUG:matplotlib.font_manager:findfont: score(FontEntry(fname='/usr/share/fonts/truetype/tlwg/TlwgMono-Oblique.ttf', name='Tlwg Mono', style='oblique', variant='normal', weight=400, stretch='normal', size='scalable')) = 11.05
DEBUG:matplotlib.font_manager:findfont: score(FontEntry(fname='/usr/share/fonts/truetype/tlwg/Garuda.ttf', name='Garuda', style='normal', variant='normal', weight=400, stretch='normal', size='scalable')) = 10.05
DEBUG:matplotlib.font_manager:findfont: score(FontEntry(fname='/usr/share/fonts/truetype/freefont/FreeSansBoldOblique.ttf', name='FreeSans', style='oblique', variant='normal', weight=600, stretch='normal', size='scalable')) = 11.24
DEBUG:matplotlib.font_manager:findfont: score(FontEntry(fname='/usr/share/fonts/truetype/freefont/FreeSans.ttf', name='FreeSans', style='normal', variant='normal', weight=400, stretch='normal', size='scalable')) = 10.05
DEBUG:matplotlib.font_manager:findfont: score(FontEntry(fname='/usr/share/fonts/truetype/tlwg/Norasi-BoldOblique.ttf', name='Norasi', style='oblique', variant='normal', weight=700, stretch='normal', size='scalable')) = 11.335
DEBUG:matplotlib.font_manager:findfont: score(FontEntry(fname='/usr/share/fonts/truetype/dejavu/DejaVuSansMono.ttf', name='DejaVu Sans Mono', style='normal', variant='normal', weight=400, stretch='normal', size='scalable')) = 10.05
DEBUG:matplotlib.font_manager:findfont: score(FontEntry(fname='/usr/share/fonts/truetype/fonts-yrsa-rasa/Yrsa-BoldItalic.ttf', name='Yrsa', style='italic', variant='normal', weight=700, stretch='normal', size='scalable')) = 11.335
DEBUG:matplotlib.font_manager:findfont: score(FontEntry(fname='/usr/share/fonts/truetype/samyak-fonts/Samyak-Malayalam.ttf', name='Samyak Malayalam', style='normal', variant='normal', weight=400, stretch='normal', size='scalable')) = 10.05
DEBUG:matplotlib.font_manager:findfont: score(FontEntry(fname='/usr/share/fonts/truetype/malayalam/Uroob-Regular.ttf', name='Uroob', style='normal', variant='normal', weight=400, stretch='normal', size='scalable')) = 10.05
DEBUG:matplotlib.font_manager:findfont: score(FontEntry(fname='/usr/share/fonts/opentype/urw-base35/NimbusRoman-Italic.otf', name='Nimbus Roman', style='italic', variant='normal', weight=400, stretch='normal', size='scalable')) = 11.05
DEBUG:matplotlib.font_manager:findfont: score(FontEntry(fname='/usr/share/fonts/truetype/fonts-yrsa-rasa/Yrsa-Light.ttf', name='Yrsa', style='normal', variant='normal', weight=300, stretch='normal', size='scalable')) = 10.145
DEBUG:matplotlib.font_manager:findfont: score(FontEntry(fname='/usr/share/fonts/truetype/ubuntu/UbuntuMono-RI.ttf', name='Ubuntu Mono', style='italic', variant='normal', weight=400, stretch='normal', size='scalable')) = 11.05
DEBUG:matplotlib.font_manager:findfont: score(FontEntry(fname='/usr/share/fonts/opentype/malayalam/Manjari-Thin.otf', name='Manjari', style='normal', variant='normal', weight=100, stretch='normal', size='scalable')) = 10.335
DEBUG:matplotlib.font_manager:findfont: score(FontEntry(fname='/usr/share/fonts/truetype/liberation/LiberationSerif-Bold.ttf', name='Liberation Serif', style='normal', variant='normal', weight=700, stretch='normal', size='scalable')) = 10.335
DEBUG:matplotlib.font_manager:findfont: score(FontEntry(fname='/usr/share/fonts/opentype/urw-base35/NimbusRoman-Bold.otf', name='Nimbus Roman', style='normal', variant='normal', weight=700, stretch='normal', size='scalable')) = 10.335
DEBUG:matplotlib.font_manager:findfont: score(FontEntry(fname='/usr/share/fonts/truetype/dejavu/DejaVuSansCondensed.ttf', name='DejaVu Sans', style='normal', variant='normal', weight=400, stretch='condensed', size='scalable')) = 0.25
DEBUG:matplotlib.font_manager:findfont: score(FontEntry(fname='/usr/share/fonts/truetype/lohit-tamil/Lohit-Tamil.ttf', name='Lohit Tamil', style='normal', variant='normal', weight=400, stretch='normal', size='scalable')) = 10.05
DEBUG:matplotlib.font_manager:findfont: score(FontEntry(fname='/usr/share/fonts/truetype/tlwg/Sawasdee-BoldOblique.ttf', name='Sawasdee', style='oblique', variant='normal', weight=700, stretch='normal', size='scalable')) = 11.335
DEBUG:matplotlib.font_manager:findfont: score(FontEntry(fname='/usr/share/fonts/truetype/tlwg/TlwgMono.ttf', name='Tlwg Mono', style='normal', variant='normal', weight=400, stretch='normal', size='scalable')) = 10.05
DEBUG:matplotlib.font_manager:findfont: score(FontEntry(fname='/usr/share/fonts/opentype/urw-base35/NimbusSansNarrow-Bold.otf', name='Nimbus Sans Narrow', style='normal', variant='normal', weight=700, stretch='condensed', size='scalable')) = 10.535
DEBUG:matplotlib.font_manager:findfont: score(FontEntry(fname='/usr/share/fonts/truetype/lohit-tamil-classical/Lohit-Tamil-Classical.ttf', name='Lohit Tamil Classical', style='normal', variant='normal', weight=400, stretch='normal', size='scalable')) = 10.05
DEBUG:matplotlib.font_manager:findfont: score(FontEntry(fname='/usr/share/fonts/opentype/urw-base35/URWGothic-Demi.otf', name='URW Gothic', style='normal', variant='normal', weight=600, stretch='normal', size='scalable')) = 10.24
DEBUG:matplotlib.font_manager:findfont: score(FontEntry(fname='/usr/share/fonts/truetype/fonts-deva-extra/chandas1-2.ttf', name='Chandas', style='normal', variant='normal', weight=400, stretch='normal', size='scalable')) = 10.05
DEBUG:matplotlib.font_manager:findfont: score(FontEntry(fname='/usr/share/fonts/truetype/tlwg/Loma.ttf', name='Loma', style='normal', variant='normal', weight=400, stretch='normal', size='scalable')) = 10.05
DEBUG:matplotlib.font_manager:findfont: score(FontEntry(fname='/usr/share/fonts/truetype/dejavu/DejaVuSans-Bold.ttf', name='DejaVu Sans', style='normal', variant='normal', weight=700, stretch='normal', size='scalable')) = 0.33499999999999996
DEBUG:matplotlib.font_manager:findfont: score(FontEntry(fname='/usr/share/fonts/truetype/kacst/KacstScreen.ttf', name='KacstScreen', style='normal', variant='normal', weight=500, stretch='normal', size='scalable')) = 10.145
DEBUG:matplotlib.font_manager:findfont: score(FontEntry(fname='/usr/share/fonts/truetype/dejavu/DejaVuSerif-Italic.ttf', name='DejaVu Serif', style='italic', variant='normal', weight=400, stretch='normal', size='scalable')) = 11.05
DEBUG:matplotlib.font_manager:findfont: score(FontEntry(fname='/usr/share/fonts/truetype/lohit-malayalam/Lohit-Malayalam.ttf', name='Lohit Malayalam', style='normal', variant='normal', weight=400, stretch='normal', size='scalable')) = 10.05
DEBUG:matplotlib.font_manager:findfont: score(FontEntry(fname='/usr/share/fonts/opentype/urw-base35/NimbusSans-BoldItalic.otf', name='Nimbus Sans', style='italic', variant='normal', weight=700, stretch='normal', size='scalable')) = 11.335
DEBUG:matplotlib.font_manager:findfont: score(FontEntry(fname='/usr/share/fonts/truetype/fonts-gujr-extra/padmaa-Medium-0.5.ttf', name='padmaa', style='normal', variant='normal', weight=500, stretch='normal', size='scalable')) = 10.145
DEBUG:matplotlib.font_manager:findfont: score(FontEntry(fname='/usr/share/fonts/truetype/teluguvijayam/Mandali-Regular.ttf', name='Mandali', style='normal', variant='normal', weight=400, stretch='normal', size='scalable')) = 10.05
DEBUG:matplotlib.font_manager:findfont: score(FontEntry(fname='/usr/share/fonts/truetype/kacst/KacstTitleL.ttf', name='KacstTitleL', style='normal', variant='normal', weight=400, stretch='normal', size='scalable')) = 10.05
DEBUG:matplotlib.font_manager:findfont: score(FontEntry(fname='/usr/share/fonts/opentype/urw-base35/NimbusMonoPS-BoldItalic.otf', name='Nimbus Mono PS', style='italic', variant='normal', weight=700, stretch='normal', size='scalable')) = 11.335
DEBUG:matplotlib.font_manager:findfont: score(FontEntry(fname='/usr/share/fonts/truetype/kacst/KacstDecorative.ttf', name='KacstDecorative', style='normal', variant='normal', weight=500, stretch='normal', size='scalable')) = 10.145
DEBUG:matplotlib.font_manager:findfont: score(FontEntry(fname='/usr/share/fonts/truetype/ubuntu/Ubuntu-BI.ttf', name='Ubuntu', style='italic', variant='normal', weight=700, stretch='normal', size='scalable')) = 11.335
DEBUG:matplotlib.font_manager:findfont: score(FontEntry(fname='/usr/share/fonts/opentype/urw-base35/URWGothic-Book.otf', name='URW Gothic', style='normal', variant='normal', weight=400, stretch='normal', size='scalable')) = 10.05
DEBUG:matplotlib.font_manager:findfont: score(FontEntry(fname='/usr/share/fonts/truetype/tlwg/TlwgTypist.ttf', name='Tlwg Typist', style='normal', variant='normal', weight=400, stretch='normal', size='scalable')) = 10.05
DEBUG:matplotlib.font_manager:findfont: score(FontEntry(fname='/usr/share/fonts/truetype/freefont/FreeSansOblique.ttf', name='FreeSans', style='oblique', variant='normal', weight=400, stretch='normal', size='scalable')) = 11.05
DEBUG:matplotlib.font_manager:findfont: score(FontEntry(fname='/usr/share/fonts/truetype/liberation/LiberationMono-Bold.ttf', name='Liberation Mono', style='normal', variant='normal', weight=700, stretch='normal', size='scalable')) = 10.335
DEBUG:matplotlib.font_manager:findfont: score(FontEntry(fname='/usr/share/fonts/truetype/teluguvijayam/RaviPrakash.ttf', name='RaviPrakash', style='normal', variant='normal', weight=400, stretch='normal', size='scalable')) = 10.05
DEBUG:matplotlib.font_manager:findfont: score(FontEntry(fname='/usr/share/fonts/truetype/lohit-gujarati/Lohit-Gujarati.ttf', name='Lohit Gujarati', style='normal', variant='normal', weight=400, stretch='normal', size='scalable')) = 10.05
DEBUG:matplotlib.font_manager:findfont: score(FontEntry(fname='/usr/share/fonts/truetype/fonts-yrsa-rasa/Yrsa-SemiBoldItalic.ttf', name='Yrsa', style='italic', variant='normal', weight=600, stretch='normal', size='scalable')) = 11.24
DEBUG:matplotlib.font_manager:findfont: score(FontEntry(fname='/usr/share/fonts/truetype/tibetan-machine/TibetanMachineUni.ttf', name='Tibetan Machine Uni', style='normal', variant='normal', weight=400, stretch='normal', size='scalable')) = 10.05
DEBUG:matplotlib.font_manager:findfont: score(FontEntry(fname='/usr/share/fonts/opentype/urw-base35/NimbusRoman-Regular.otf', name='Nimbus Roman', style='normal', variant='normal', weight=400, stretch='normal', size='scalable')) = 10.05
DEBUG:matplotlib.font_manager:findfont: score(FontEntry(fname='/usr/share/fonts/truetype/malayalam/Suruma.ttf', name='Suruma', style='normal', variant='normal', weight=500, stretch='normal', size='scalable')) = 10.145
DEBUG:matplotlib.font_manager:findfont: score(FontEntry(fname='/usr/share/fonts/truetype/Nakula/nakula.ttf', name='Nakula', style='normal', variant='normal', weight=400, stretch='normal', size='scalable')) = 10.05
DEBUG:matplotlib.font_manager:findfont: score(FontEntry(fname='/usr/share/fonts/truetype/dejavu/DejaVuSansCondensed-Oblique.ttf', name='DejaVu Sans', style='oblique', variant='normal', weight=400, stretch='condensed', size='scalable')) = 1.25
DEBUG:matplotlib.font_manager:findfont: score(FontEntry(fname='/usr/share/fonts/truetype/fonts-gujr-extra/Rekha.ttf', name='Rekha', style='normal', variant='normal', weight=500, stretch='normal', size='scalable')) = 10.145
DEBUG:matplotlib.font_manager:findfont: score(FontEntry(fname='/usr/share/fonts/truetype/fonts-beng-extra/LikhanNormal.ttf', name='Likhan', style='normal', variant='normal', weight=500, stretch='normal', size='scalable')) = 10.145
DEBUG:matplotlib.font_manager:findfont: score(FontEntry(fname='/usr/share/fonts/truetype/liberation/LiberationSansNarrow-Italic.ttf', name='Liberation Sans Narrow', style='italic', variant='normal', weight=400, stretch='condensed', size='scalable')) = 11.25
DEBUG:matplotlib.font_manager:findfont: score(FontEntry(fname='/usr/share/fonts/truetype/ubuntu/Ubuntu-RI.ttf', name='Ubuntu', style='italic', variant='normal', weight=400, stretch='normal', size='scalable')) = 11.05
DEBUG:matplotlib.font_manager:findfont: score(FontEntry(fname='/usr/share/fonts/truetype/tlwg/TlwgTypewriter-BoldOblique.ttf', name='Tlwg Typewriter', style='oblique', variant='normal', weight=700, stretch='normal', size='scalable')) = 11.335
DEBUG:matplotlib.font_manager:findfont: score(FontEntry(fname='/usr/share/fonts/truetype/malayalam/RaghuMalayalamSans-Regular.ttf', name='RaghuMalayalamSans', style='normal', variant='normal', weight=400, stretch='normal', size='scalable')) = 10.05
DEBUG:matplotlib.font_manager:findfont: score(FontEntry(fname='/usr/share/fonts/truetype/liberation/LiberationMono-BoldItalic.ttf', name='Liberation Mono', style='italic', variant='normal', weight=700, stretch='normal', size='scalable')) = 11.335
DEBUG:matplotlib.font_manager:findfont: score(FontEntry(fname='/usr/share/fonts/truetype/tlwg/TlwgTypo-Oblique.ttf', name='Tlwg Typo', style='oblique', variant='normal', weight=400, stretch='normal', size='scalable')) = 11.05
DEBUG:matplotlib.font_manager:findfont: score(FontEntry(fname='/usr/share/fonts/truetype/fonts-yrsa-rasa/Yrsa-MediumItalic.ttf', name='Yrsa', style='italic', variant='normal', weight=500, stretch='normal', size='scalable')) = 11.145
DEBUG:matplotlib.font_manager:findfont: score(FontEntry(fname='/usr/share/fonts/truetype/fonts-deva-extra/kalimati.ttf', name='Kalimati', style='normal', variant='normal', weight=400, stretch='normal', size='scalable')) = 10.05
DEBUG:matplotlib.font_manager:findfont: score(FontEntry(fname='/usr/share/fonts/truetype/liberation2/LiberationSerif-Bold.ttf', name='Liberation Serif', style='normal', variant='normal', weight=700, stretch='normal', size='scalable')) = 10.335
DEBUG:matplotlib.font_manager:findfont: score(FontEntry(fname='/usr/share/fonts/opentype/malayalam/Gayathri-Thin.otf', name='Gayathri', style='normal', variant='normal', weight=100, stretch='normal', size='scalable')) = 10.335
DEBUG:matplotlib.font_manager:findfont: score(FontEntry(fname='/usr/share/fonts/truetype/tlwg/Kinnari-Italic.ttf', name='Kinnari', style='italic', variant='normal', weight=400, stretch='normal', size='scalable')) = 11.05
DEBUG:matplotlib.font_manager:findfont: score(FontEntry(fname='/usr/share/fonts/opentype/noto/NotoSerifCJK-Regular.ttc', name='Noto Serif CJK JP', style='normal', variant='normal', weight=400, stretch='normal', size='scalable')) = 10.05
DEBUG:matplotlib.font_manager:findfont: score(FontEntry(fname='/usr/share/fonts/truetype/kacst/KacstBook.ttf', name='KacstBook', style='normal', variant='normal', weight=500, stretch='normal', size='scalable')) = 10.145
DEBUG:matplotlib.font_manager:findfont: score(FontEntry(fname='/usr/share/fonts/truetype/fonts-yrsa-rasa/Yrsa-LightItalic.ttf', name='Yrsa', style='italic', variant='normal', weight=300, stretch='normal', size='scalable')) = 11.145
DEBUG:matplotlib.font_manager:findfont: score(FontEntry(fname='/usr/share/fonts/truetype/teluguvijayam/suranna.ttf', name='Suranna', style='normal', variant='normal', weight=400, stretch='normal', size='scalable')) = 10.05
DEBUG:matplotlib.font_manager:findfont: score(FontEntry(fname='/usr/share/fonts/truetype/teluguvijayam/Ponnala.ttf', name='Ponnala', style='normal', variant='normal', weight=400, stretch='normal', size='scalable')) = 10.05
DEBUG:matplotlib.font_manager:findfont: score(FontEntry(fname='/usr/share/fonts/truetype/ubuntu/Ubuntu-C.ttf', name='Ubuntu Condensed', style='normal', variant='normal', weight=400, stretch='condensed', size='scalable')) = 10.25
DEBUG:matplotlib.font_manager:findfont: score(FontEntry(fname='/usr/share/fonts/opentype/urw-base35/P052-Bold.otf', name='P052', style='normal', variant='normal', weight=700, stretch='normal', size='scalable')) = 10.335
DEBUG:matplotlib.font_manager:findfont: score(FontEntry(fname='/usr/share/fonts/opentype/urw-base35/StandardSymbolsPS.otf', name='Standard Symbols PS', style='normal', variant='normal', weight=400, stretch='normal', size='scalable')) = 10.05
DEBUG:matplotlib.font_manager:findfont: score(FontEntry(fname='/usr/share/fonts/opentype/urw-base35/NimbusSansNarrow-BoldOblique.otf', name='Nimbus Sans Narrow', style='oblique', variant='normal', weight=700, stretch='condensed', size='scalable')) = 11.535
DEBUG:matplotlib.font_manager:findfont: score(FontEntry(fname='/usr/share/fonts/truetype/fonts-yrsa-rasa/Rasa-Medium.ttf', name='Rasa', style='normal', variant='normal', weight=500, stretch='normal', size='scalable')) = 10.145
DEBUG:matplotlib.font_manager:findfont: score(FontEntry(fname='/usr/share/fonts/truetype/dejavu/DejaVuSansCondensed-Bold.ttf', name='DejaVu Sans', style='normal', variant='normal', weight=700, stretch='condensed', size='scalable')) = 0.5349999999999999
DEBUG:matplotlib.font_manager:findfont: score(FontEntry(fname='/usr/share/fonts/truetype/kacst/KacstArt.ttf', name='KacstArt', style='normal', variant='normal', weight=500, stretch='normal', size='scalable')) = 10.145
DEBUG:matplotlib.font_manager:findfont: score(FontEntry(fname='/usr/share/fonts/truetype/tlwg/Sawasdee.ttf', name='Sawasdee', style='normal', variant='normal', weight=400, stretch='normal', size='scalable')) = 10.05
DEBUG:matplotlib.font_manager:findfont: score(FontEntry(fname='/usr/share/fonts/truetype/tlwg/Norasi.ttf', name='Norasi', style='normal', variant='normal', weight=400, stretch='normal', size='scalable')) = 10.05
DEBUG:matplotlib.font_manager:findfont: score(FontEntry(fname='/usr/share/fonts/truetype/droid/DroidSansFallbackFull.ttf', name='Droid Sans Fallback', style='normal', variant='normal', weight=400, stretch='normal', size='scalable')) = 10.05
DEBUG:matplotlib.font_manager:findfont: score(FontEntry(fname='/usr/share/fonts/truetype/fonts-yrsa-rasa/Yrsa-Bold.ttf', name='Yrsa', style='normal', variant='normal', weight=700, stretch='normal', size='scalable')) = 10.335
DEBUG:matplotlib.font_manager:findfont: score(FontEntry(fname='/usr/share/fonts/opentype/urw-base35/URWGothic-DemiOblique.otf', name='URW Gothic', style='oblique', variant='normal', weight=600, stretch='normal', size='scalable')) = 11.24
DEBUG:matplotlib.font_manager:findfont: score(FontEntry(fname='/usr/share/fonts/truetype/fonts-yrsa-rasa/Rasa-Light.ttf', name='Rasa', style='normal', variant='normal', weight=300, stretch='normal', size='scalable')) = 10.145
DEBUG:matplotlib.font_manager:findfont: score(FontEntry(fname='/usr/share/fonts/truetype/tlwg/Kinnari-Bold.ttf', name='Kinnari', style='normal', variant='normal', weight=700, stretch='normal', size='scalable')) = 10.335
DEBUG:matplotlib.font_manager:findfont: score(FontEntry(fname='/usr/share/fonts/truetype/fonts-gujr-extra/padmaa-Bold.1.1.ttf', name='padmaa-Bold.1.1', style='normal', variant='normal', weight=700, stretch='normal', size='scalable')) = 10.335
DEBUG:matplotlib.font_manager:findfont: score(FontEntry(fname='/usr/share/fonts/truetype/dejavu/DejaVuSansMono-Bold.ttf', name='DejaVu Sans Mono', style='normal', variant='normal', weight=700, stretch='normal', size='scalable')) = 10.335
DEBUG:matplotlib.font_manager:findfont: score(FontEntry(fname='/usr/share/fonts/truetype/dejavu/DejaVuSansMono-BoldOblique.ttf', name='DejaVu Sans Mono', style='oblique', variant='normal', weight=700, stretch='normal', size='scalable')) = 11.335
DEBUG:matplotlib.font_manager:findfont: score(FontEntry(fname='/usr/share/fonts/truetype/fonts-beng-extra/JamrulNormal.ttf', name='Jamrul', style='normal', variant='normal', weight=500, stretch='normal', size='scalable')) = 10.145
DEBUG:matplotlib.font_manager:findfont: score(FontEntry(fname='/usr/share/fonts/truetype/samyak-fonts/Samyak-Gujarati.ttf', name='Samyak Gujarati', style='normal', variant='normal', weight=500, stretch='normal', size='scalable')) = 10.145
DEBUG:matplotlib.font_manager:findfont: score(FontEntry(fname='/usr/share/fonts/truetype/liberation2/LiberationSans-Bold.ttf', name='Liberation Sans', style='normal', variant='normal', weight=700, stretch='normal', size='scalable')) = 10.335
DEBUG:matplotlib.font_manager:findfont: score(FontEntry(fname='/usr/share/fonts/truetype/malayalam/Rachana-Regular.ttf', name='Rachana', style='normal', variant='normal', weight=400, stretch='normal', size='scalable')) = 10.05
DEBUG:matplotlib.font_manager:findfont: score(FontEntry(fname='/usr/share/fonts/truetype/dejavu/DejaVuSans-Oblique.ttf', name='DejaVu Sans', style='oblique', variant='normal', weight=400, stretch='normal', size='scalable')) = 1.05
DEBUG:matplotlib.font_manager:findfont: score(FontEntry(fname='/usr/share/fonts/truetype/lohit-telugu/Lohit-Telugu.ttf', name='Lohit Telugu', style='normal', variant='normal', weight=400, stretch='normal', size='scalable')) = 10.05
DEBUG:matplotlib.font_manager:findfont: score(FontEntry(fname='/usr/share/fonts/opentype/urw-base35/URWBookman-LightItalic.otf', name='URW Bookman', style='italic', variant='normal', weight=300, stretch='normal', size='scalable')) = 11.145
DEBUG:matplotlib.font_manager:findfont: score(FontEntry(fname='/usr/share/fonts/truetype/dejavu/DejaVuSansCondensed-BoldOblique.ttf', name='DejaVu Sans', style='oblique', variant='normal', weight=700, stretch='condensed', size='scalable')) = 1.535
DEBUG:matplotlib.font_manager:findfont: score(FontEntry(fname='/usr/share/fonts/truetype/teluguvijayam/Suravaram.ttf', name='Suravaram', style='normal', variant='normal', weight=400, stretch='normal', size='scalable')) = 10.05
DEBUG:matplotlib.font_manager:findfont: score(FontEntry(fname='/usr/share/fonts/truetype/fonts-yrsa-rasa/Yrsa-Italic.ttf', name='Yrsa', style='italic', variant='normal', weight=400, stretch='normal', size='scalable')) = 11.05
DEBUG:matplotlib.font_manager:findfont: score(FontEntry(fname='/usr/share/fonts/truetype/lohit-assamese/Lohit-Assamese.ttf', name='Lohit Assamese', style='normal', variant='normal', weight=400, stretch='normal', size='scalable')) = 10.05
DEBUG:matplotlib.font_manager:findfont: score(FontEntry(fname='/usr/share/fonts/truetype/tlwg/Umpush-Oblique.ttf', name='Umpush', style='oblique', variant='normal', weight=400, stretch='normal', size='scalable')) = 11.05
DEBUG:matplotlib.font_manager:findfont: score(FontEntry(fname='/usr/share/fonts/truetype/tlwg/Loma-Bold.ttf', name='Loma', style='normal', variant='normal', weight=700, stretch='normal', size='scalable')) = 10.335
DEBUG:matplotlib.font_manager:findfont: score(FontEntry(fname='/usr/share/fonts/truetype/fonts-beng-extra/Muktibold.ttf', name='Mukti', style='normal', variant='normal', weight=700, stretch='normal', size='scalable')) = 10.335
DEBUG:matplotlib.font_manager:findfont: score(FontEntry(fname='/usr/share/fonts/truetype/dejavu/DejaVuSans-BoldOblique.ttf', name='DejaVu Sans', style='oblique', variant='normal', weight=700, stretch='normal', size='scalable')) = 1.335
DEBUG:matplotlib.font_manager:findfont: score(FontEntry(fname='/usr/share/fonts/truetype/padauk/Padauk-Bold.ttf', name='Padauk', style='normal', variant='normal', weight=700, stretch='normal', size='scalable')) = 10.335
DEBUG:matplotlib.font_manager:findfont: score(FontEntry(fname='/usr/share/fonts/truetype/Gargi/Gargi.ttf', name='Gargi', style='normal', variant='normal', weight=400, stretch='normal', size='scalable')) = 10.05
DEBUG:matplotlib.font_manager:findfont: score(FontEntry(fname='/usr/share/fonts/truetype/fonts-beng-extra/Ani.ttf', name='Ani', style='normal', variant='normal', weight=400, stretch='normal', size='scalable')) = 10.05
DEBUG:matplotlib.font_manager:findfont: score(FontEntry(fname='/usr/share/fonts/truetype/fonts-kalapi/Kalapi.ttf', name='Kalapi', style='normal', variant='normal', weight=400, stretch='normal', size='scalable')) = 10.05
DEBUG:matplotlib.font_manager:findfont: score(FontEntry(fname='/usr/share/fonts/truetype/freefont/FreeMonoBoldOblique.ttf', name='FreeMono', style='oblique', variant='normal', weight=700, stretch='normal', size='scalable')) = 11.335
DEBUG:matplotlib.font_manager:findfont: score(FontEntry(fname='/usr/share/fonts/truetype/lohit-punjabi/Lohit-Gurmukhi.ttf', name='Lohit Gurmukhi', style='normal', variant='normal', weight=400, stretch='normal', size='scalable')) = 10.05
DEBUG:matplotlib.font_manager:findfont: score(FontEntry(fname='/usr/share/fonts/opentype/urw-base35/URWBookman-Demi.otf', name='URW Bookman', style='normal', variant='normal', weight=600, stretch='normal', size='scalable')) = 10.24
DEBUG:matplotlib.font_manager:findfont: score(FontEntry(fname='/usr/share/fonts/truetype/tlwg/Kinnari.ttf', name='Kinnari', style='normal', variant='normal', weight=400, stretch='normal', size='scalable')) = 10.05
DEBUG:matplotlib.font_manager:findfont: score(FontEntry(fname='/usr/share/fonts/truetype/teluguvijayam/ramabhadra.ttf', name='Ramabhadra', style='normal', variant='normal', weight=400, stretch='normal', size='scalable')) = 10.05
DEBUG:matplotlib.font_manager:findfont: score(FontEntry(fname='/usr/share/fonts/truetype/kacst/KacstNaskh.ttf', name='KacstNaskh', style='normal', variant='normal', weight=500, stretch='normal', size='scalable')) = 10.145
DEBUG:matplotlib.font_manager:findfont: score(FontEntry(fname='/usr/share/fonts/truetype/liberation2/LiberationMono-Regular.ttf', name='Liberation Mono', style='normal', variant='normal', weight=400, stretch='normal', size='scalable')) = 10.05
DEBUG:matplotlib.font_manager:findfont: score(FontEntry(fname='/usr/share/fonts/truetype/padauk/PadaukBook-Regular.ttf', name='Padauk Book', style='normal', variant='normal', weight=400, stretch='normal', size='scalable')) = 10.05
DEBUG:matplotlib.font_manager:findfont: score(FontEntry(fname='/usr/share/fonts/truetype/tlwg/Laksaman-BoldItalic.ttf', name='Laksaman', style='italic', variant='normal', weight=700, stretch='normal', size='scalable')) = 11.335
DEBUG:matplotlib.font_manager:findfont: score(FontEntry(fname='/usr/share/fonts/truetype/ubuntu/UbuntuMono-B.ttf', name='Ubuntu Mono', style='normal', variant='normal', weight=700, stretch='normal', size='scalable')) = 10.335
DEBUG:matplotlib.font_manager:findfont: score(FontEntry(fname='/usr/share/fonts/truetype/dejavu/DejaVuSans-ExtraLight.ttf', name='DejaVu Sans', style='normal', variant='normal', weight=200, stretch='normal', size='scalable')) = 0.24
DEBUG:matplotlib.font_manager:findfont: score(FontEntry(fname='/usr/share/fonts/truetype/dejavu/DejaVuSerifCondensed-BoldItalic.ttf', name='DejaVu Serif', style='italic', variant='normal', weight=700, stretch='condensed', size='scalable')) = 11.535
DEBUG:matplotlib.font_manager:findfont: score(FontEntry(fname='/usr/share/fonts/truetype/teluguvijayam/Ramaraja-Regular.ttf', name='Ramaraja', style='normal', variant='normal', weight=400, stretch='normal', size='scalable')) = 10.05
DEBUG:matplotlib.font_manager:findfont: score(FontEntry(fname='/usr/share/fonts/truetype/teluguvijayam/NTR.ttf', name='NTR', style='normal', variant='normal', weight=400, stretch='normal', size='scalable')) = 10.05
DEBUG:matplotlib.font_manager:findfont: score(FontEntry(fname='/usr/share/fonts/opentype/urw-base35/NimbusMonoPS-Regular.otf', name='Nimbus Mono PS', style='normal', variant='normal', weight=400, stretch='normal', size='scalable')) = 10.05
DEBUG:matplotlib.font_manager:findfont: score(FontEntry(fname='/usr/share/fonts/truetype/kacst/mry_KacstQurn.ttf', name='mry_KacstQurn', style='normal', variant='normal', weight=400, stretch='normal', size='scalable')) = 10.05
DEBUG:matplotlib.font_manager:findfont: score(FontEntry(fname='/usr/share/fonts/truetype/tlwg/Sawasdee-Oblique.ttf', name='Sawasdee', style='oblique', variant='normal', weight=400, stretch='normal', size='scalable')) = 11.05
DEBUG:matplotlib.font_manager:findfont: score(FontEntry(fname='/usr/share/fonts/truetype/tlwg/TlwgMono-BoldOblique.ttf', name='Tlwg Mono', style='oblique', variant='normal', weight=700, stretch='normal', size='scalable')) = 11.335
DEBUG:matplotlib.font_manager:findfont: score(FontEntry(fname='/usr/share/fonts/truetype/malayalam/Rachana-Bold.ttf', name='Rachana', style='normal', variant='normal', weight=700, stretch='normal', size='scalable')) = 10.335
DEBUG:matplotlib.font_manager:findfont: score(FontEntry(fname='/usr/share/fonts/opentype/urw-base35/NimbusMonoPS-Bold.otf', name='Nimbus Mono PS', style='normal', variant='normal', weight=700, stretch='normal', size='scalable')) = 10.335
DEBUG:matplotlib.font_manager:findfont: score(FontEntry(fname='/usr/share/fonts/truetype/tlwg/Laksaman.ttf', name='Laksaman', style='normal', variant='normal', weight=400, stretch='normal', size='scalable')) = 10.05
DEBUG:matplotlib.font_manager:findfont: score(FontEntry(fname='/usr/share/fonts/opentype/urw-base35/P052-Italic.otf', name='P052', style='italic', variant='normal', weight=400, stretch='normal', size='scalable')) = 11.05
DEBUG:matplotlib.font_manager:findfont: score(FontEntry(fname='/usr/share/fonts/truetype/teluguvijayam/SreeKrushnadevaraya.ttf', name='Sree Krushnadevaraya', style='normal', variant='normal', weight=400, stretch='normal', size='scalable')) = 10.05
DEBUG:matplotlib.font_manager:findfont: score(FontEntry(fname='/usr/share/fonts/truetype/lohit-oriya/Lohit-Odia.ttf', name='Lohit Odia', style='normal', variant='normal', weight=400, stretch='normal', size='scalable')) = 10.05
DEBUG:matplotlib.font_manager:findfont: score(FontEntry(fname='/usr/share/fonts/opentype/urw-base35/C059-Roman.otf', name='C059', style='normal', variant='normal', weight=400, stretch='normal', size='scalable')) = 10.05
DEBUG:matplotlib.font_manager:findfont: score(FontEntry(fname='/usr/share/fonts/truetype/tlwg/Garuda-Oblique.ttf', name='Garuda', style='oblique', variant='normal', weight=400, stretch='normal', size='scalable')) = 11.05
DEBUG:matplotlib.font_manager:findfont: score(FontEntry(fname='/usr/share/fonts/truetype/fonts-guru-extra/Saab.ttf', name='Saab', style='normal', variant='normal', weight=400, stretch='normal', size='scalable')) = 10.05
DEBUG:matplotlib.font_manager:findfont: score(FontEntry(fname='/usr/share/fonts/truetype/Gubbi/Gubbi.ttf', name='Gubbi', style='normal', variant='normal', weight=400, stretch='normal', size='scalable')) = 10.05
DEBUG:matplotlib.font_manager:findfont: score(FontEntry(fname='/usr/share/fonts/truetype/tlwg/Waree-Bold.ttf', name='Waree', style='normal', variant='normal', weight=700, stretch='normal', size='scalable')) = 10.335
DEBUG:matplotlib.font_manager:findfont: score(FontEntry(fname='/usr/share/fonts/opentype/malayalam/Gayathri-Bold.otf', name='Gayathri', style='normal', variant='normal', weight=700, stretch='normal', size='scalable')) = 10.335
DEBUG:matplotlib.font_manager:findfont: score(FontEntry(fname='/usr/share/fonts/opentype/urw-base35/NimbusRoman-BoldItalic.otf', name='Nimbus Roman', style='italic', variant='normal', weight=700, stretch='normal', size='scalable')) = 11.335
DEBUG:matplotlib.font_manager:findfont: score(FontEntry(fname='/usr/share/fonts/truetype/fonts-yrsa-rasa/Yrsa-Medium.ttf', name='Yrsa', style='normal', variant='normal', weight=500, stretch='normal', size='scalable')) = 10.145
DEBUG:matplotlib.font_manager:findfont: score(FontEntry(fname='/usr/share/fonts/truetype/teluguvijayam/TimmanaRegular.ttf', name='Timmana', style='normal', variant='normal', weight=900, stretch='normal', size='scalable')) = 10.525
DEBUG:matplotlib.font_manager:findfont: score(FontEntry(fname='/usr/share/fonts/truetype/tlwg/Laksaman-Bold.ttf', name='Laksaman', style='normal', variant='normal', weight=700, stretch='normal', size='scalable')) = 10.335
DEBUG:matplotlib.font_manager:findfont: score(FontEntry(fname='/usr/share/fonts/truetype/fonts-beng-extra/MitraMono.ttf', name='Mitra ', style='normal', variant='normal', weight=400, stretch='normal', size='scalable')) = 10.05
DEBUG:matplotlib.font_manager:findfont: score(FontEntry(fname='/usr/share/fonts/opentype/urw-base35/C059-Italic.otf', name='C059', style='italic', variant='normal', weight=400, stretch='normal', size='scalable')) = 11.05
DEBUG:matplotlib.font_manager:findfont: score(FontEntry(fname='/usr/share/fonts/truetype/dejavu/DejaVuSerif.ttf', name='DejaVu Serif', style='normal', variant='normal', weight=400, stretch='normal', size='scalable')) = 10.05
DEBUG:matplotlib.font_manager:findfont: score(FontEntry(fname='/usr/share/fonts/truetype/freefont/FreeSerif.ttf', name='FreeSerif', style='normal', variant='normal', weight=400, stretch='normal', size='scalable')) = 10.05
DEBUG:matplotlib.font_manager:findfont: score(FontEntry(fname='/usr/share/fonts/truetype/liberation/LiberationMono-Italic.ttf', name='Liberation Mono', style='italic', variant='normal', weight=400, stretch='normal', size='scalable')) = 11.05
DEBUG:matplotlib.font_manager:findfont: score(FontEntry(fname='/usr/share/fonts/truetype/liberation/LiberationMono-Regular.ttf', name='Liberation Mono', style='normal', variant='normal', weight=400, stretch='normal', size='scalable')) = 10.05
DEBUG:matplotlib.font_manager:findfont: score(FontEntry(fname='/usr/share/fonts/truetype/teluguvijayam/Gidugu.ttf', name='Gidugu', style='normal', variant='normal', weight=400, stretch='normal', size='scalable')) = 10.05
DEBUG:matplotlib.font_manager:findfont: score(FontEntry(fname='/usr/share/fonts/opentype/urw-base35/NimbusMonoPS-Italic.otf', name='Nimbus Mono PS', style='italic', variant='normal', weight=400, stretch='normal', size='scalable')) = 11.05
DEBUG:matplotlib.font_manager:findfont: score(FontEntry(fname='/usr/share/fonts/truetype/ubuntu/Ubuntu-M.ttf', name='Ubuntu', style='normal', variant='normal', weight=500, stretch='normal', size='scalable')) = 10.145
DEBUG:matplotlib.font_manager:findfont: score(FontEntry(fname='/usr/share/fonts/truetype/tlwg/Norasi-Oblique.ttf', name='Norasi', style='oblique', variant='normal', weight=400, stretch='normal', size='scalable')) = 11.05
DEBUG:matplotlib.font_manager:findfont: score(FontEntry(fname='/usr/share/fonts/truetype/tlwg/Loma-BoldOblique.ttf', name='Loma', style='oblique', variant='normal', weight=700, stretch='normal', size='scalable')) = 11.335
DEBUG:matplotlib.font_manager:findfont: score(FontEntry(fname='/usr/share/fonts/truetype/dejavu/DejaVuSerifCondensed.ttf', name='DejaVu Serif', style='normal', variant='normal', weight=400, stretch='condensed', size='scalable')) = 10.25
DEBUG:matplotlib.font_manager:findfont: score(FontEntry(fname='/usr/share/fonts/truetype/freefont/FreeMono.ttf', name='FreeMono', style='normal', variant='normal', weight=400, stretch='normal', size='scalable')) = 10.05
DEBUG:matplotlib.font_manager:findfont: score(FontEntry(fname='/usr/share/fonts/truetype/malayalam/Meera-Regular.ttf', name='Meera', style='normal', variant='normal', weight=400, stretch='normal', size='scalable')) = 10.05
DEBUG:matplotlib.font_manager:findfont: score(FontEntry(fname='/usr/share/fonts/truetype/fonts-yrsa-rasa/Rasa-Regular.ttf', name='Rasa', style='normal', variant='normal', weight=400, stretch='normal', size='scalable')) = 10.05
DEBUG:matplotlib.font_manager:findfont: score(FontEntry(fname='/usr/share/fonts/truetype/liberation2/LiberationMono-BoldItalic.ttf', name='Liberation Mono', style='italic', variant='normal', weight=700, stretch='normal', size='scalable')) = 11.335
DEBUG:matplotlib.font_manager:findfont: score(FontEntry(fname='/usr/share/fonts/truetype/dejavu/DejaVuSans.ttf', name='DejaVu Sans', style='normal', variant='normal', weight=400, stretch='normal', size='scalable')) = 0.05
DEBUG:matplotlib.font_manager:findfont: score(FontEntry(fname='/usr/share/fonts/truetype/ubuntu/Ubuntu-B.ttf', name='Ubuntu', style='normal', variant='normal', weight=700, stretch='normal', size='scalable')) = 10.335
DEBUG:matplotlib.font_manager:findfont: score(FontEntry(fname='/usr/share/fonts/truetype/dejavu/DejaVuSerif-BoldItalic.ttf', name='DejaVu Serif', style='italic', variant='normal', weight=700, stretch='normal', size='scalable')) = 11.335
DEBUG:matplotlib.font_manager:findfont: score(FontEntry(fname='/usr/share/fonts/opentype/urw-base35/NimbusSans-Bold.otf', name='Nimbus Sans', style='normal', variant='normal', weight=700, stretch='normal', size='scalable')) = 10.335
DEBUG:matplotlib.font_manager:findfont: score(FontEntry(fname='/usr/share/fonts/truetype/tlwg/Purisa-Oblique.ttf', name='Purisa', style='oblique', variant='normal', weight=400, stretch='normal', size='scalable')) = 11.05
DEBUG:matplotlib.font_manager:findfont: score(FontEntry(fname='/usr/share/fonts/opentype/urw-base35/D050000L.otf', name='D050000L', style='normal', variant='normal', weight=400, stretch='normal', size='scalable')) = 10.05
DEBUG:matplotlib.font_manager:findfont: score(FontEntry(fname='/usr/share/fonts/truetype/teluguvijayam/SyamalaRamana.ttf', name='Syamala Ramana', style='normal', variant='normal', weight=400, stretch='normal', size='scalable')) = 10.05
DEBUG:matplotlib.font_manager:findfont: score(FontEntry(fname='/usr/share/fonts/truetype/tlwg/TlwgTypist-Bold.ttf', name='Tlwg Typist', style='normal', variant='normal', weight=700, stretch='normal', size='scalable')) = 10.335
DEBUG:matplotlib.font_manager:findfont: score(FontEntry(fname='/usr/share/fonts/truetype/tlwg/TlwgTypo.ttf', name='Tlwg Typo', style='normal', variant='normal', weight=400, stretch='normal', size='scalable')) = 10.05
DEBUG:matplotlib.font_manager:findfont: score(FontEntry(fname='/usr/share/fonts/truetype/ubuntu/Ubuntu-LI.ttf', name='Ubuntu', style='italic', variant='normal', weight=300, stretch='normal', size='scalable')) = 11.145
DEBUG:matplotlib.font_manager:findfont: score(FontEntry(fname='/usr/share/fonts/truetype/libreoffice/opens___.ttf', name='OpenSymbol', style='normal', variant='normal', weight=400, stretch='normal', size='scalable')) = 10.05
DEBUG:matplotlib.font_manager:findfont: score(FontEntry(fname='/usr/share/fonts/truetype/liberation/LiberationSansNarrow-Bold.ttf', name='Liberation Sans Narrow', style='normal', variant='normal', weight=700, stretch='condensed', size='scalable')) = 10.535
DEBUG:matplotlib.font_manager:findfont: score(FontEntry(fname='/usr/share/fonts/truetype/fonts-gujr-extra/padmaa.ttf', name='padmaa', style='normal', variant='normal', weight=500, stretch='normal', size='scalable')) = 10.145
DEBUG:matplotlib.font_manager:findfont: score(FontEntry(fname='/usr/share/fonts/truetype/ttf-khmeros-core/KhmerOS.ttf', name='Khmer OS', style='normal', variant='normal', weight=400, stretch='normal', size='scalable')) = 10.05
DEBUG:matplotlib.font_manager:findfont: score(FontEntry(fname='/usr/share/fonts/truetype/kacst-one/KacstOne.ttf', name='KacstOne', style='normal', variant='normal', weight=400, stretch='normal', size='scalable')) = 10.05
DEBUG:matplotlib.font_manager:findfont: score(FontEntry(fname='/usr/share/fonts/truetype/ubuntu/Ubuntu-L.ttf', name='Ubuntu', style='normal', variant='normal', weight=300, stretch='normal', size='scalable')) = 10.145
DEBUG:matplotlib.font_manager:findfont: score(FontEntry(fname='/usr/share/fonts/truetype/fonts-gujr-extra/aakar-medium.ttf', name='aakar', style='normal', variant='normal', weight=500, stretch='normal', size='scalable')) = 10.145
DEBUG:matplotlib.font_manager:findfont: score(FontEntry(fname='/usr/share/fonts/opentype/malayalam/Manjari-Bold.otf', name='Manjari', style='normal', variant='normal', weight=700, stretch='normal', size='scalable')) = 10.335
DEBUG:matplotlib.font_manager:findfont: score(FontEntry(fname='/usr/share/fonts/truetype/fonts-deva-extra/samanata.ttf', name='Samanata', style='normal', variant='normal', weight=400, stretch='normal', size='scalable')) = 10.05
DEBUG:matplotlib.font_manager:findfont: score(FontEntry(fname='/usr/share/fonts/truetype/noto/NotoMono-Regular.ttf', name='Noto Mono', style='normal', variant='normal', weight=400, stretch='normal', size='scalable')) = 10.05
DEBUG:matplotlib.font_manager:findfont: score(FontEntry(fname='/usr/share/fonts/truetype/teluguvijayam/TenaliRamakrishna-Regular.ttf', name='TenaliRamakrishna', style='normal', variant='normal', weight=400, stretch='normal', size='scalable')) = 10.05
DEBUG:matplotlib.font_manager:findfont: score(FontEntry(fname='/usr/share/fonts/truetype/teluguvijayam/NATS.ttf', name='NATS', style='normal', variant='normal', weight=400, stretch='normal', size='scalable')) = 10.05
DEBUG:matplotlib.font_manager:findfont: score(FontEntry(fname='/usr/share/fonts/truetype/freefont/FreeMonoBold.ttf', name='FreeMono', style='normal', variant='normal', weight=700, stretch='normal', size='scalable')) = 10.335
DEBUG:matplotlib.font_manager:findfont: score(FontEntry(fname='/usr/share/fonts/truetype/liberation/LiberationSansNarrow-Regular.ttf', name='Liberation Sans Narrow', style='normal', variant='normal', weight=400, stretch='condensed', size='scalable')) = 10.25
DEBUG:matplotlib.font_manager:findfont: score(FontEntry(fname='/usr/share/fonts/truetype/tlwg/Umpush-BoldOblique.ttf', name='Umpush', style='oblique', variant='normal', weight=700, stretch='normal', size='scalable')) = 11.335
DEBUG:matplotlib.font_manager:findfont: score(FontEntry(fname='/usr/share/fonts/truetype/freefont/FreeSerifItalic.ttf', name='FreeSerif', style='italic', variant='normal', weight=400, stretch='normal', size='scalable')) = 11.05
DEBUG:matplotlib.font_manager:findfont: score(FontEntry(fname='/usr/share/fonts/truetype/tlwg/Kinnari-BoldItalic.ttf', name='Kinnari', style='italic', variant='normal', weight=700, stretch='normal', size='scalable')) = 11.335
DEBUG:matplotlib.font_manager:findfont: score(FontEntry(fname='/usr/share/fonts/truetype/ubuntu/UbuntuMono-BI.ttf', name='Ubuntu Mono', style='italic', variant='normal', weight=700, stretch='normal', size='scalable')) = 11.335
DEBUG:matplotlib.font_manager:findfont: score(FontEntry(fname='/usr/share/fonts/truetype/teluguvijayam/Peddana-Regular.ttf', name='Peddana', style='normal', variant='normal', weight=400, stretch='normal', size='scalable')) = 10.05
DEBUG:matplotlib.font_manager:findfont: score(FontEntry(fname='/usr/share/fonts/truetype/lohit-kannada/Lohit-Kannada.ttf', name='Lohit Kannada', style='normal', variant='normal', weight=400, stretch='normal', size='scalable')) = 10.05
DEBUG:matplotlib.font_manager:findfont: score(FontEntry(fname='/usr/share/fonts/truetype/tlwg/TlwgTypewriter-Bold.ttf', name='Tlwg Typewriter', style='normal', variant='normal', weight=700, stretch='normal', size='scalable')) = 10.335
DEBUG:matplotlib.font_manager:findfont: score(FontEntry(fname='/usr/share/fonts/truetype/liberation/LiberationSansNarrow-BoldItalic.ttf', name='Liberation Sans Narrow', style='italic', variant='normal', weight=700, stretch='condensed', size='scalable')) = 11.535
DEBUG:matplotlib.font_manager:findfont: score(FontEntry(fname='/usr/share/fonts/truetype/kacst/KacstFarsi.ttf', name='KacstFarsi', style='normal', variant='normal', weight=500, stretch='normal', size='scalable')) = 10.145
DEBUG:matplotlib.font_manager:findfont: score(FontEntry(fname='/usr/share/fonts/truetype/ttf-khmeros-core/KhmerOSsys.ttf', name='Khmer OS System', style='normal', variant='normal', weight=400, stretch='normal', size='scalable')) = 10.05
DEBUG:matplotlib.font_manager:findfont: score(FontEntry(fname='/usr/share/fonts/truetype/dejavu/DejaVuSerif-Bold.ttf', name='DejaVu Serif', style='normal', variant='normal', weight=700, stretch='normal', size='scalable')) = 10.335
DEBUG:matplotlib.font_manager:findfont: score(FontEntry(fname='/usr/share/fonts/truetype/liberation2/LiberationSans-Italic.ttf', name='Liberation Sans', style='italic', variant='normal', weight=400, stretch='normal', size='scalable')) = 11.05
DEBUG:matplotlib.font_manager:findfont: score(FontEntry(fname='/usr/share/fonts/opentype/malayalam/Manjari-Regular.otf', name='Manjari', style='normal', variant='normal', weight=400, stretch='normal', size='scalable')) = 10.05
DEBUG:matplotlib.font_manager:findfont: score(FontEntry(fname='/usr/share/fonts/truetype/kacst/KacstPen.ttf', name='KacstPen', style='normal', variant='normal', weight=500, stretch='normal', size='scalable')) = 10.145
DEBUG:matplotlib.font_manager:findfont: score(FontEntry(fname='/usr/share/fonts/truetype/liberation/LiberationSans-Regular.ttf', name='Liberation Sans', style='normal', variant='normal', weight=400, stretch='normal', size='scalable')) = 10.05
DEBUG:matplotlib.font_manager:findfont: score(FontEntry(fname='/usr/share/fonts/truetype/malayalam/Keraleeyam-Regular.ttf', name='Keraleeyam', style='normal', variant='normal', weight=400, stretch='normal', size='scalable')) = 10.05
DEBUG:matplotlib.font_manager:findfont: score(FontEntry(fname='/usr/share/fonts/opentype/urw-base35/NimbusSansNarrow-Oblique.otf', name='Nimbus Sans Narrow', style='oblique', variant='normal', weight=400, stretch='condensed', size='scalable')) = 11.25
DEBUG:matplotlib.font_manager:findfont: score(FontEntry(fname='/usr/share/fonts/truetype/freefont/FreeSerifBold.ttf', name='FreeSerif', style='normal', variant='normal', weight=700, stretch='normal', size='scalable')) = 10.335
DEBUG:matplotlib.font_manager:findfont: score(FontEntry(fname='/usr/share/fonts/truetype/malayalam/Dyuthi-Regular.ttf', name='Dyuthi', style='normal', variant='normal', weight=400, stretch='normal', size='scalable')) = 10.05
DEBUG:matplotlib.font_manager:findfont: score(FontEntry(fname='/usr/share/fonts/opentype/urw-base35/P052-BoldItalic.otf', name='P052', style='italic', variant='normal', weight=700, stretch='normal', size='scalable')) = 11.335
DEBUG:matplotlib.font_manager:findfont: score(FontEntry(fname='/usr/share/fonts/truetype/tlwg/Purisa.ttf', name='Purisa', style='normal', variant='normal', weight=400, stretch='normal', size='scalable')) = 10.05
DEBUG:matplotlib.font_manager:findfont: score(FontEntry(fname='/usr/share/fonts/truetype/liberation2/LiberationSerif-Italic.ttf', name='Liberation Serif', style='italic', variant='normal', weight=400, stretch='normal', size='scalable')) = 11.05
DEBUG:matplotlib.font_manager:findfont: score(FontEntry(fname='/usr/share/fonts/truetype/noto/NotoSansMono-Regular.ttf', name='Noto Sans Mono', style='normal', variant='normal', weight=400, stretch='normal', size='scalable')) = 10.05
DEBUG:matplotlib.font_manager:findfont: score(FontEntry(fname='/usr/share/fonts/truetype/tlwg/TlwgTypewriter-Oblique.ttf', name='Tlwg Typewriter', style='oblique', variant='normal', weight=400, stretch='normal', size='scalable')) = 11.05
DEBUG:matplotlib.font_manager:findfont: score(FontEntry(fname='/usr/share/fonts/truetype/pagul/Pagul.ttf', name='Pagul', style='normal', variant='normal', weight=400, stretch='normal', size='scalable')) = 10.05
DEBUG:matplotlib.font_manager:findfont: score(FontEntry(fname='/usr/share/fonts/truetype/Navilu/Navilu.ttf', name='Navilu', style='normal', variant='normal', weight=400, stretch='normal', size='scalable')) = 10.05
DEBUG:matplotlib.font_manager:findfont: score(FontEntry(fname='/usr/share/fonts/truetype/kacst/KacstTitle.ttf', name='KacstTitle', style='normal', variant='normal', weight=500, stretch='normal', size='scalable')) = 10.145
DEBUG:matplotlib.font_manager:findfont: score(FontEntry(fname='/usr/share/fonts/truetype/dejavu/DejaVuMathTeXGyre.ttf', name='DejaVu Math TeX Gyre', style='normal', variant='normal', weight=400, stretch='normal', size='scalable')) = 10.05
DEBUG:matplotlib.font_manager:findfont: score(FontEntry(fname='/usr/share/fonts/opentype/urw-base35/Z003-MediumItalic.otf', name='Z003', style='italic', variant='normal', weight=500, stretch='normal', size='scalable')) = 11.145
DEBUG:matplotlib.font_manager:findfont: score(FontEntry(fname='/usr/share/fonts/opentype/urw-base35/URWBookman-DemiItalic.otf', name='URW Bookman', style='italic', variant='normal', weight=600, stretch='normal', size='scalable')) = 11.24
DEBUG:matplotlib.font_manager:findfont: score(FontEntry(fname='/usr/share/fonts/opentype/noto/NotoSansCJK-Bold.ttc', name='Noto Sans CJK JP', style='normal', variant='normal', weight=700, stretch='normal', size='scalable')) = 10.335
DEBUG:matplotlib.font_manager:findfont: score(FontEntry(fname='/usr/share/fonts/truetype/tlwg/Waree-Oblique.ttf', name='Waree', style='oblique', variant='normal', weight=400, stretch='normal', size='scalable')) = 11.05
DEBUG:matplotlib.font_manager:findfont: score(FontEntry(fname='/usr/share/fonts/truetype/dejavu/DejaVuSerifCondensed-Italic.ttf', name='DejaVu Serif', style='italic', variant='normal', weight=400, stretch='condensed', size='scalable')) = 11.25
DEBUG:matplotlib.font_manager:findfont: score(FontEntry(fname='/usr/share/fonts/truetype/tlwg/Kinnari-BoldOblique.ttf', name='Kinnari', style='oblique', variant='normal', weight=700, stretch='normal', size='scalable')) = 11.335
DEBUG:matplotlib.font_manager:findfont: score(FontEntry(fname='/usr/share/fonts/truetype/noto/NotoSansMono-Bold.ttf', name='Noto Sans Mono', style='normal', variant='normal', weight=700, stretch='normal', size='scalable')) = 10.335
DEBUG:matplotlib.font_manager:findfont: score(FontEntry(fname='/usr/share/fonts/truetype/kacst/KacstPoster.ttf', name='KacstPoster', style='normal', variant='normal', weight=500, stretch='normal', size='scalable')) = 10.145
DEBUG:matplotlib.font_manager:findfont: score(FontEntry(fname='/usr/share/fonts/truetype/tlwg/Waree-BoldOblique.ttf', name='Waree', style='oblique', variant='normal', weight=700, stretch='normal', size='scalable')) = 11.335
DEBUG:matplotlib.font_manager:findfont: score(FontEntry(fname='/usr/share/fonts/truetype/padauk/Padauk-Regular.ttf', name='Padauk', style='normal', variant='normal', weight=400, stretch='normal', size='scalable')) = 10.05
DEBUG:matplotlib.font_manager:findfont: Matching sans\-serif:style=normal:variant=normal:weight=normal:stretch=normal:size=8.0 to DejaVu Sans ('/home/tntiniak/Work/PhysiCell-Studios/PhysiCell-Studio/env/lib/python3.10/site-packages/matplotlib/mpl-data/fonts/ttf/DejaVuSans.ttf') with score of 0.050000.
DEBUG:matplotlib.colorbar:colorbar update normal <matplotlib.colors.Normalize object at 0x77bfbfc4de10> <matplotlib.colors.Normalize object at 0x77bfbfc4de10>
DEBUG:matplotlib.colorbar:locator: <matplotlib.ticker.AutoLocator object at 0x77bfbfc4ccd0>
DEBUG:matplotlib.colorbar:colorbar update normal <matplotlib.colors.Normalize object at 0x77bfbfc4de10> <matplotlib.colors.Normalize object at 0x77bfbfc4de10>
DEBUG:matplotlib.colorbar:locator: <matplotlib.ticker.AutoLocator object at 0x77bfbfc4ccd0>
DEBUG:matplotlib.colorbar:locator: <matplotlib.ticker.AutoLocator object at 0x77bfbfc4f8b0>
DEBUG:matplotlib.colorbar:colorbar update normal <matplotlib.colors.Normalize object at 0x77bfc33865f0> <matplotlib.colors.Normalize object at 0x77bfc33865f0>
DEBUG:matplotlib.colorbar:locator: <matplotlib.ticker.AutoLocator object at 0x77bfbfc4f8b0>
DEBUG:matplotlib.colorbar:colorbar update normal <matplotlib.colors.Normalize object at 0x77bfc33865f0> <matplotlib.colors.Normalize object at 0x77bfc33865f0>
DEBUG:matplotlib.colorbar:locator: <matplotlib.ticker.AutoLocator object at 0x77bfbfc4f8b0>
DEBUG:matplotlib.colorbar:locator: <matplotlib.ticker.AutoLocator object at 0x77bfbfd7bca0>
DEBUG:matplotlib.colorbar:colorbar update normal <matplotlib.colors.Normalize object at 0x77bfc336fa30> <matplotlib.colors.Normalize object at 0x77bfc336fa30>
DEBUG:matplotlib.colorbar:locator: <matplotlib.ticker.AutoLocator object at 0x77bfbfd7bca0>
DEBUG:matplotlib.colorbar:colorbar update normal <matplotlib.colors.Normalize object at 0x77bfc336fa30> <matplotlib.colors.Normalize object at 0x77bfc336fa30>
DEBUG:matplotlib.colorbar:locator: <matplotlib.ticker.AutoLocator object at 0x77bfbfd7bca0>
DEBUG:matplotlib.colorbar:locator: <matplotlib.ticker.AutoLocator object at 0x77bfc3385600>
DEBUG:matplotlib.colorbar:colorbar update normal <matplotlib.colors.Normalize object at 0x77c0081da7a0> <matplotlib.colors.Normalize object at 0x77c0081da7a0>
DEBUG:matplotlib.colorbar:locator: <matplotlib.ticker.AutoLocator object at 0x77bfc3385600>
DEBUG:matplotlib.colorbar:colorbar update normal <matplotlib.colors.Normalize object at 0x77c0081da7a0> <matplotlib.colors.Normalize object at 0x77c0081da7a0>
DEBUG:matplotlib.colorbar:locator: <matplotlib.ticker.AutoLocator object at 0x77bfc3385600>
DEBUG:matplotlib.colorbar:locator: <matplotlib.ticker.AutoLocator object at 0x77bfc01fe5f0>
DEBUG:matplotlib.colorbar:colorbar update normal <matplotlib.colors.Normalize object at 0x77c0081d8730> <matplotlib.colors.Normalize object at 0x77c0081d8730>
DEBUG:matplotlib.colorbar:locator: <matplotlib.ticker.AutoLocator object at 0x77bfc01fe5f0>
DEBUG:matplotlib.colorbar:colorbar update normal <matplotlib.colors.Normalize object at 0x77c0081d8730> <matplotlib.colors.Normalize object at 0x77c0081d8730>
DEBUG:matplotlib.colorbar:locator: <matplotlib.ticker.AutoLocator object at 0x77bfc01fe5f0>
DEBUG:matplotlib.colorbar:locator: <matplotlib.ticker.AutoLocator object at 0x77c0081db6d0>
DEBUG:matplotlib.colorbar:colorbar update normal <matplotlib.colors.Normalize object at 0x77bfbfcb0100> <matplotlib.colors.Normalize object at 0x77bfbfcb0100>
DEBUG:matplotlib.colorbar:locator: <matplotlib.ticker.AutoLocator object at 0x77c0081db6d0>
DEBUG:matplotlib.colorbar:colorbar update normal <matplotlib.colors.Normalize object at 0x77bfbfcb0100> <matplotlib.colors.Normalize object at 0x77bfbfcb0100>
DEBUG:matplotlib.colorbar:locator: <matplotlib.ticker.AutoLocator object at 0x77c0081db6d0>
DEBUG:matplotlib.colorbar:locator: <matplotlib.ticker.AutoLocator object at 0x77bfbfc0ceb0>
DEBUG:matplotlib.colorbar:colorbar update normal <matplotlib.colors.Normalize object at 0x77c0081db010> <matplotlib.colors.Normalize object at 0x77c0081db010>
DEBUG:matplotlib.colorbar:locator: <matplotlib.ticker.AutoLocator object at 0x77bfbfc0ceb0>
DEBUG:matplotlib.colorbar:colorbar update normal <matplotlib.colors.Normalize object at 0x77c0081db010> <matplotlib.colors.Normalize object at 0x77c0081db010>
DEBUG:matplotlib.colorbar:locator: <matplotlib.ticker.AutoLocator object at 0x77bfbfc0ceb0>
DEBUG:matplotlib.colorbar:locator: <matplotlib.ticker.AutoLocator object at 0x77c008202080>
DEBUG:matplotlib.colorbar:colorbar update normal <matplotlib.colors.Normalize object at 0x77c0081db0d0> <matplotlib.colors.Normalize object at 0x77c0081db0d0>
DEBUG:matplotlib.colorbar:locator: <matplotlib.ticker.AutoLocator object at 0x77c008202080>
DEBUG:matplotlib.colorbar:colorbar update normal <matplotlib.colors.Normalize object at 0x77c0081db0d0> <matplotlib.colors.Normalize object at 0x77c0081db0d0>
DEBUG:matplotlib.colorbar:locator: <matplotlib.ticker.AutoLocator object at 0x77c008202080>
DEBUG:matplotlib.colorbar:locator: <matplotlib.ticker.AutoLocator object at 0x77bfbfcb03d0>
DEBUG:matplotlib.colorbar:colorbar update normal <matplotlib.colors.Normalize object at 0x77bfc336f3d0> <matplotlib.colors.Normalize object at 0x77bfc336f3d0>
DEBUG:matplotlib.colorbar:locator: <matplotlib.ticker.AutoLocator object at 0x77bfbfcb03d0>
DEBUG:matplotlib.colorbar:colorbar update normal <matplotlib.colors.Normalize object at 0x77bfc336f3d0> <matplotlib.colors.Normalize object at 0x77bfc336f3d0>
DEBUG:matplotlib.colorbar:locator: <matplotlib.ticker.AutoLocator object at 0x77bfbfcb03d0>
DEBUG:matplotlib.colorbar:locator: <matplotlib.ticker.AutoLocator object at 0x77bfbfcb1960>
DEBUG:matplotlib.colorbar:colorbar update normal <matplotlib.colors.Normalize object at 0x77bfbfd78640> <matplotlib.colors.Normalize object at 0x77bfbfd78640>
DEBUG:matplotlib.colorbar:locator: <matplotlib.ticker.AutoLocator object at 0x77bfbfcb1960>
DEBUG:matplotlib.colorbar:colorbar update normal <matplotlib.colors.Normalize object at 0x77bfbfd78640> <matplotlib.colors.Normalize object at 0x77bfbfd78640>
DEBUG:matplotlib.colorbar:locator: <matplotlib.ticker.AutoLocator object at 0x77bfbfcb1960>
DEBUG:matplotlib.colorbar:locator: <matplotlib.ticker.AutoLocator object at 0x77bfbfcdc6a0>
DEBUG:matplotlib.colorbar:colorbar update normal <matplotlib.colors.Normalize object at 0x77bfbfcb1a50> <matplotlib.colors.Normalize object at 0x77bfbfcb1a50>
DEBUG:matplotlib.colorbar:locator: <matplotlib.ticker.AutoLocator object at 0x77bfbfcdc6a0>
DEBUG:matplotlib.colorbar:colorbar update normal <matplotlib.colors.Normalize object at 0x77bfbfcb1a50> <matplotlib.colors.Normalize object at 0x77bfbfcb1a50>
DEBUG:matplotlib.colorbar:locator: <matplotlib.ticker.AutoLocator object at 0x77bfbfcdc6a0>
DEBUG:matplotlib.colorbar:locator: <matplotlib.ticker.AutoLocator object at 0x77bfbfd7afe0>
DEBUG:matplotlib.colorbar:colorbar update normal <matplotlib.colors.Normalize object at 0x77bfbfc96890> <matplotlib.colors.Normalize object at 0x77bfbfc96890>
DEBUG:matplotlib.colorbar:locator: <matplotlib.ticker.AutoLocator object at 0x77bfbfd7afe0>
DEBUG:matplotlib.colorbar:colorbar update normal <matplotlib.colors.Normalize object at 0x77bfbfc96890> <matplotlib.colors.Normalize object at 0x77bfbfc96890>
DEBUG:matplotlib.colorbar:locator: <matplotlib.ticker.AutoLocator object at 0x77bfbfd7afe0>
DEBUG:matplotlib.colorbar:locator: <matplotlib.ticker.AutoLocator object at 0x77bfc01fdf00>
DEBUG:matplotlib.colorbar:colorbar update normal <matplotlib.colors.Normalize object at 0x77bfbfc4fbe0> <matplotlib.colors.Normalize object at 0x77bfbfc4fbe0>
DEBUG:matplotlib.colorbar:locator: <matplotlib.ticker.AutoLocator object at 0x77bfc01fdf00>
DEBUG:matplotlib.colorbar:colorbar update normal <matplotlib.colors.Normalize object at 0x77bfbfc4fbe0> <matplotlib.colors.Normalize object at 0x77bfbfc4fbe0>
DEBUG:matplotlib.colorbar:locator: <matplotlib.ticker.AutoLocator object at 0x77bfc01fdf00>
DEBUG:matplotlib.colorbar:locator: <matplotlib.ticker.AutoLocator object at 0x77c0081da7d0>
DEBUG:matplotlib.colorbar:colorbar update normal <matplotlib.colors.Normalize object at 0x77bfbfc97ca0> <matplotlib.colors.Normalize object at 0x77bfbfc97ca0>
DEBUG:matplotlib.colorbar:locator: <matplotlib.ticker.AutoLocator object at 0x77c0081da7d0>
DEBUG:matplotlib.colorbar:colorbar update normal <matplotlib.colors.Normalize object at 0x77bfbfc97ca0> <matplotlib.colors.Normalize object at 0x77bfbfc97ca0>
DEBUG:matplotlib.colorbar:locator: <matplotlib.ticker.AutoLocator object at 0x77c0081da7d0>
DEBUG:matplotlib.colorbar:locator: <matplotlib.ticker.AutoLocator object at 0x77c0081dbb80>
DEBUG:matplotlib.colorbar:colorbar update normal <matplotlib.colors.Normalize object at 0x77bfbfc6d210> <matplotlib.colors.Normalize object at 0x77bfbfc6d210>
DEBUG:matplotlib.colorbar:locator: <matplotlib.ticker.AutoLocator object at 0x77c0081dbb80>
DEBUG:matplotlib.colorbar:colorbar update normal <matplotlib.colors.Normalize object at 0x77bfbfc6d210> <matplotlib.colors.Normalize object at 0x77bfbfc6d210>
DEBUG:matplotlib.colorbar:locator: <matplotlib.ticker.AutoLocator object at 0x77c0081dbb80>
DEBUG:matplotlib.colorbar:locator: <matplotlib.ticker.AutoLocator object at 0x77bfbfc94550>
DEBUG:matplotlib.colorbar:colorbar update normal <matplotlib.colors.Normalize object at 0x77bfbfca73d0> <matplotlib.colors.Normalize object at 0x77bfbfca73d0>
DEBUG:matplotlib.colorbar:locator: <matplotlib.ticker.AutoLocator object at 0x77bfbfc94550>
DEBUG:matplotlib.colorbar:colorbar update normal <matplotlib.colors.Normalize object at 0x77bfbfca73d0> <matplotlib.colors.Normalize object at 0x77bfbfca73d0>
DEBUG:matplotlib.colorbar:locator: <matplotlib.ticker.AutoLocator object at 0x77bfbfc94550>
DEBUG:matplotlib.colorbar:locator: <matplotlib.ticker.AutoLocator object at 0x77bfbfc4f5e0>
DEBUG:matplotlib.colorbar:colorbar update normal <matplotlib.colors.Normalize object at 0x77bfbfca5c60> <matplotlib.colors.Normalize object at 0x77bfbfca5c60>
DEBUG:matplotlib.colorbar:locator: <matplotlib.ticker.AutoLocator object at 0x77bfbfc4f5e0>
DEBUG:matplotlib.colorbar:colorbar update normal <matplotlib.colors.Normalize object at 0x77bfbfca5c60> <matplotlib.colors.Normalize object at 0x77bfbfca5c60>
DEBUG:matplotlib.colorbar:locator: <matplotlib.ticker.AutoLocator object at 0x77bfbfc4f5e0>
DEBUG:matplotlib.colorbar:locator: <matplotlib.ticker.AutoLocator object at 0x77bfbfca58a0>
DEBUG:matplotlib.colorbar:colorbar update normal <matplotlib.colors.Normalize object at 0x77bfbfc5a470> <matplotlib.colors.Normalize object at 0x77bfbfc5a470>
DEBUG:matplotlib.colorbar:locator: <matplotlib.ticker.AutoLocator object at 0x77bfbfca58a0>
DEBUG:matplotlib.colorbar:colorbar update normal <matplotlib.colors.Normalize object at 0x77bfbfc5a470> <matplotlib.colors.Normalize object at 0x77bfbfc5a470>
DEBUG:matplotlib.colorbar:locator: <matplotlib.ticker.AutoLocator object at 0x77bfbfca58a0>
DEBUG:matplotlib.colorbar:locator: <matplotlib.ticker.AutoLocator object at 0x77bfc3385d50>
DEBUG:matplotlib.colorbar:colorbar update normal <matplotlib.colors.Normalize object at 0x77bfbfc94460> <matplotlib.colors.Normalize object at 0x77bfbfc94460>
DEBUG:matplotlib.colorbar:locator: <matplotlib.ticker.AutoLocator object at 0x77bfc3385d50>
DEBUG:matplotlib.colorbar:colorbar update normal <matplotlib.colors.Normalize object at 0x77bfbfc94460> <matplotlib.colors.Normalize object at 0x77bfbfc94460>
DEBUG:matplotlib.colorbar:locator: <matplotlib.ticker.AutoLocator object at 0x77bfc3385d50>
DEBUG:matplotlib.colorbar:locator: <matplotlib.ticker.AutoLocator object at 0x77bfbfca4130>
DEBUG:matplotlib.colorbar:colorbar update normal <matplotlib.colors.Normalize object at 0x77bfbfcff160> <matplotlib.colors.Normalize object at 0x77bfbfcff160>
DEBUG:matplotlib.colorbar:locator: <matplotlib.ticker.AutoLocator object at 0x77bfbfca4130>
DEBUG:matplotlib.colorbar:colorbar update normal <matplotlib.colors.Normalize object at 0x77bfbfcff160> <matplotlib.colors.Normalize object at 0x77bfbfcff160>
DEBUG:matplotlib.colorbar:locator: <matplotlib.ticker.AutoLocator object at 0x77bfbfca4130>
DEBUG:matplotlib.colorbar:locator: <matplotlib.ticker.AutoLocator object at 0x77c008203580>
DEBUG:matplotlib.colorbar:colorbar update normal <matplotlib.colors.Normalize object at 0x77bfbfdf8700> <matplotlib.colors.Normalize object at 0x77bfbfdf8700>
DEBUG:matplotlib.colorbar:locator: <matplotlib.ticker.AutoLocator object at 0x77c008203580>
DEBUG:matplotlib.colorbar:colorbar update normal <matplotlib.colors.Normalize object at 0x77bfbfdf8700> <matplotlib.colors.Normalize object at 0x77bfbfdf8700>
DEBUG:matplotlib.colorbar:locator: <matplotlib.ticker.AutoLocator object at 0x77c008203580>
DEBUG:matplotlib.colorbar:locator: <matplotlib.ticker.AutoLocator object at 0x77bfbfcfd2d0>
DEBUG:matplotlib.colorbar:colorbar update normal <matplotlib.colors.Normalize object at 0x77bfc33848b0> <matplotlib.colors.Normalize object at 0x77bfc33848b0>
DEBUG:matplotlib.colorbar:locator: <matplotlib.ticker.AutoLocator object at 0x77bfbfcfd2d0>
DEBUG:matplotlib.colorbar:colorbar update normal <matplotlib.colors.Normalize object at 0x77bfc33848b0> <matplotlib.colors.Normalize object at 0x77bfc33848b0>
DEBUG:matplotlib.colorbar:locator: <matplotlib.ticker.AutoLocator object at 0x77bfbfcfd2d0>
DEBUG:matplotlib.colorbar:locator: <matplotlib.ticker.AutoLocator object at 0x77bfc3385f00>
DEBUG:matplotlib.colorbar:colorbar update normal <matplotlib.colors.Normalize object at 0x77bfbfc0ee60> <matplotlib.colors.Normalize object at 0x77bfbfc0ee60>
DEBUG:matplotlib.colorbar:locator: <matplotlib.ticker.AutoLocator object at 0x77bfc3385f00>
DEBUG:matplotlib.colorbar:colorbar update normal <matplotlib.colors.Normalize object at 0x77bfbfc0ee60> <matplotlib.colors.Normalize object at 0x77bfbfc0ee60>
DEBUG:matplotlib.colorbar:locator: <matplotlib.ticker.AutoLocator object at 0x77bfc3385f00>
DEBUG:matplotlib.colorbar:locator: <matplotlib.ticker.AutoLocator object at 0x77bfbfc5b7f0>
DEBUG:matplotlib.colorbar:colorbar update normal <matplotlib.colors.Normalize object at 0x77c00802b3d0> <matplotlib.colors.Normalize object at 0x77c00802b3d0>
DEBUG:matplotlib.colorbar:locator: <matplotlib.ticker.AutoLocator object at 0x77bfbfc5b7f0>
DEBUG:matplotlib.colorbar:colorbar update normal <matplotlib.colors.Normalize object at 0x77c00802b3d0> <matplotlib.colors.Normalize object at 0x77c00802b3d0>
DEBUG:matplotlib.colorbar:locator: <matplotlib.ticker.AutoLocator object at 0x77bfbfc5b7f0>
DEBUG:matplotlib.colorbar:locator: <matplotlib.ticker.AutoLocator object at 0x77bfbfc0fe20>
DEBUG:matplotlib.colorbar:colorbar update normal <matplotlib.colors.Normalize object at 0x77c00802b640> <matplotlib.colors.Normalize object at 0x77c00802b640>
DEBUG:matplotlib.colorbar:locator: <matplotlib.ticker.AutoLocator object at 0x77bfbfc0fe20>
DEBUG:matplotlib.colorbar:colorbar update normal <matplotlib.colors.Normalize object at 0x77c00802b640> <matplotlib.colors.Normalize object at 0x77c00802b640>
DEBUG:matplotlib.colorbar:locator: <matplotlib.ticker.AutoLocator object at 0x77bfbfc0fe20>
DEBUG:matplotlib.colorbar:locator: <matplotlib.ticker.AutoLocator object at 0x77c00802a710>
DEBUG:matplotlib.colorbar:colorbar update normal <matplotlib.colors.Normalize object at 0x77bfbfdfbd60> <matplotlib.colors.Normalize object at 0x77bfbfdfbd60>
DEBUG:matplotlib.colorbar:locator: <matplotlib.ticker.AutoLocator object at 0x77c00802a710>
DEBUG:matplotlib.colorbar:colorbar update normal <matplotlib.colors.Normalize object at 0x77bfbfdfbd60> <matplotlib.colors.Normalize object at 0x77bfbfdfbd60>
DEBUG:matplotlib.colorbar:locator: <matplotlib.ticker.AutoLocator object at 0x77c00802a710>
DEBUG:matplotlib.colorbar:locator: <matplotlib.ticker.AutoLocator object at 0x77bfbfdfab60>
DEBUG:matplotlib.colorbar:colorbar update normal <matplotlib.colors.Normalize object at 0x77c008092ec0> <matplotlib.colors.Normalize object at 0x77c008092ec0>
DEBUG:matplotlib.colorbar:locator: <matplotlib.ticker.AutoLocator object at 0x77bfbfdfab60>
DEBUG:matplotlib.colorbar:colorbar update normal <matplotlib.colors.Normalize object at 0x77c008092ec0> <matplotlib.colors.Normalize object at 0x77c008092ec0>
DEBUG:matplotlib.colorbar:locator: <matplotlib.ticker.AutoLocator object at 0x77bfbfdfab60>
DEBUG:matplotlib.colorbar:locator: <matplotlib.ticker.AutoLocator object at 0x77c008092440>
DEBUG:matplotlib.colorbar:colorbar update normal <matplotlib.colors.Normalize object at 0x77c008203910> <matplotlib.colors.Normalize object at 0x77c008203910>
DEBUG:matplotlib.colorbar:locator: <matplotlib.ticker.AutoLocator object at 0x77c008092440>
DEBUG:matplotlib.colorbar:colorbar update normal <matplotlib.colors.Normalize object at 0x77c008203910> <matplotlib.colors.Normalize object at 0x77c008203910>
DEBUG:matplotlib.colorbar:locator: <matplotlib.ticker.AutoLocator object at 0x77c008092440>
DEBUG:matplotlib.colorbar:locator: <matplotlib.ticker.AutoLocator object at 0x77c008173d60>
DEBUG:matplotlib.colorbar:colorbar update normal <matplotlib.colors.Normalize object at 0x77c008091360> <matplotlib.colors.Normalize object at 0x77c008091360>
DEBUG:matplotlib.colorbar:locator: <matplotlib.ticker.AutoLocator object at 0x77c008173d60>
DEBUG:matplotlib.colorbar:colorbar update normal <matplotlib.colors.Normalize object at 0x77c008091360> <matplotlib.colors.Normalize object at 0x77c008091360>
DEBUG:matplotlib.colorbar:locator: <matplotlib.ticker.AutoLocator object at 0x77c008173d60>
DEBUG:matplotlib.colorbar:locator: <matplotlib.ticker.AutoLocator object at 0x77c008173670>
DEBUG:matplotlib.colorbar:colorbar update normal <matplotlib.colors.Normalize object at 0x77bfbfd7bee0> <matplotlib.colors.Normalize object at 0x77bfbfd7bee0>
DEBUG:matplotlib.colorbar:locator: <matplotlib.ticker.AutoLocator object at 0x77c008173670>
DEBUG:matplotlib.colorbar:colorbar update normal <matplotlib.colors.Normalize object at 0x77bfbfd7bee0> <matplotlib.colors.Normalize object at 0x77bfbfd7bee0>
DEBUG:matplotlib.colorbar:locator: <matplotlib.ticker.AutoLocator object at 0x77c008173670>
DEBUG:matplotlib.colorbar:locator: <matplotlib.ticker.AutoLocator object at 0x77bfbfdf9e70>
DEBUG:matplotlib.colorbar:colorbar update normal <matplotlib.colors.Normalize object at 0x77c0080c59c0> <matplotlib.colors.Normalize object at 0x77c0080c59c0>
DEBUG:matplotlib.colorbar:locator: <matplotlib.ticker.AutoLocator object at 0x77bfbfdf9e70>
DEBUG:matplotlib.colorbar:colorbar update normal <matplotlib.colors.Normalize object at 0x77c0080c59c0> <matplotlib.colors.Normalize object at 0x77c0080c59c0>
DEBUG:matplotlib.colorbar:locator: <matplotlib.ticker.AutoLocator object at 0x77bfbfdf9e70>
DEBUG:matplotlib.colorbar:locator: <matplotlib.ticker.AutoLocator object at 0x77c0080c74c0>
DEBUG:matplotlib.colorbar:colorbar update normal <matplotlib.colors.Normalize object at 0x77c0080c7640> <matplotlib.colors.Normalize object at 0x77c0080c7640>
DEBUG:matplotlib.colorbar:locator: <matplotlib.ticker.AutoLocator object at 0x77c0080c74c0>
DEBUG:matplotlib.colorbar:colorbar update normal <matplotlib.colors.Normalize object at 0x77c0080c7640> <matplotlib.colors.Normalize object at 0x77c0080c7640>
DEBUG:matplotlib.colorbar:locator: <matplotlib.ticker.AutoLocator object at 0x77c0080c74c0>
DEBUG:matplotlib.colorbar:locator: <matplotlib.ticker.AutoLocator object at 0x77c0080c7340>
DEBUG:matplotlib.colorbar:colorbar update normal <matplotlib.colors.Normalize object at 0x77c0080c79d0> <matplotlib.colors.Normalize object at 0x77c0080c79d0>
DEBUG:matplotlib.colorbar:locator: <matplotlib.ticker.AutoLocator object at 0x77c0080c7340>
DEBUG:matplotlib.colorbar:colorbar update normal <matplotlib.colors.Normalize object at 0x77c0080c79d0> <matplotlib.colors.Normalize object at 0x77c0080c79d0>
DEBUG:matplotlib.colorbar:locator: <matplotlib.ticker.AutoLocator object at 0x77c0080c7340>
DEBUG:matplotlib.colorbar:locator: <matplotlib.ticker.AutoLocator object at 0x77c0080c60e0>
DEBUG:matplotlib.colorbar:colorbar update normal <matplotlib.colors.Normalize object at 0x77c008172b30> <matplotlib.colors.Normalize object at 0x77c008172b30>
DEBUG:matplotlib.colorbar:locator: <matplotlib.ticker.AutoLocator object at 0x77c0080c60e0>
DEBUG:matplotlib.colorbar:colorbar update normal <matplotlib.colors.Normalize object at 0x77c008172b30> <matplotlib.colors.Normalize object at 0x77c008172b30>
DEBUG:matplotlib.colorbar:locator: <matplotlib.ticker.AutoLocator object at 0x77c0080c60e0>
DEBUG:matplotlib.colorbar:locator: <matplotlib.ticker.AutoLocator object at 0x77c0080f5300>
DEBUG:matplotlib.colorbar:colorbar update normal <matplotlib.colors.Normalize object at 0x77c0080935b0> <matplotlib.colors.Normalize object at 0x77c0080935b0>
DEBUG:matplotlib.colorbar:locator: <matplotlib.ticker.AutoLocator object at 0x77c0080f5300>
DEBUG:matplotlib.colorbar:colorbar update normal <matplotlib.colors.Normalize object at 0x77c0080935b0> <matplotlib.colors.Normalize object at 0x77c0080935b0>
DEBUG:matplotlib.colorbar:locator: <matplotlib.ticker.AutoLocator object at 0x77c0080f5300>
DEBUG:matplotlib.colorbar:locator: <matplotlib.ticker.AutoLocator object at 0x77c00802b430>
DEBUG:matplotlib.colorbar:colorbar update normal <matplotlib.colors.Normalize object at 0x77c0080c55a0> <matplotlib.colors.Normalize object at 0x77c0080c55a0>
DEBUG:matplotlib.colorbar:locator: <matplotlib.ticker.AutoLocator object at 0x77c00802b430>
DEBUG:matplotlib.colorbar:colorbar update normal <matplotlib.colors.Normalize object at 0x77c0080c55a0> <matplotlib.colors.Normalize object at 0x77c0080c55a0>
DEBUG:matplotlib.colorbar:locator: <matplotlib.ticker.AutoLocator object at 0x77c00802b430>
DEBUG:matplotlib.colorbar:locator: <matplotlib.ticker.AutoLocator object at 0x77c00802b520>
DEBUG:matplotlib.colorbar:colorbar update normal <matplotlib.colors.Normalize object at 0x77bfbfc58760> <matplotlib.colors.Normalize object at 0x77bfbfc58760>
DEBUG:matplotlib.colorbar:locator: <matplotlib.ticker.AutoLocator object at 0x77c00802b520>
DEBUG:matplotlib.colorbar:colorbar update normal <matplotlib.colors.Normalize object at 0x77bfbfc58760> <matplotlib.colors.Normalize object at 0x77bfbfc58760>
DEBUG:matplotlib.colorbar:locator: <matplotlib.ticker.AutoLocator object at 0x77c00802b520>
DEBUG:matplotlib.colorbar:locator: <matplotlib.ticker.AutoLocator object at 0x77c007f2afb0>
DEBUG:matplotlib.colorbar:colorbar update normal <matplotlib.colors.Normalize object at 0x77bfbfcfece0> <matplotlib.colors.Normalize object at 0x77bfbfcfece0>
DEBUG:matplotlib.colorbar:locator: <matplotlib.ticker.AutoLocator object at 0x77c007f2afb0>
DEBUG:matplotlib.colorbar:colorbar update normal <matplotlib.colors.Normalize object at 0x77bfbfcfece0> <matplotlib.colors.Normalize object at 0x77bfbfcfece0>
DEBUG:matplotlib.colorbar:locator: <matplotlib.ticker.AutoLocator object at 0x77c007f2afb0>
DEBUG:matplotlib.colorbar:locator: <matplotlib.ticker.AutoLocator object at 0x77c007f2aec0>
DEBUG:matplotlib.colorbar:colorbar update normal <matplotlib.colors.Normalize object at 0x77c0080f7df0> <matplotlib.colors.Normalize object at 0x77c0080f7df0>
DEBUG:matplotlib.colorbar:locator: <matplotlib.ticker.AutoLocator object at 0x77c007f2aec0>
DEBUG:matplotlib.colorbar:colorbar update normal <matplotlib.colors.Normalize object at 0x77c0080f7df0> <matplotlib.colors.Normalize object at 0x77c0080f7df0>
DEBUG:matplotlib.colorbar:locator: <matplotlib.ticker.AutoLocator object at 0x77c007f2aec0>
DEBUG:matplotlib.colorbar:locator: <matplotlib.ticker.AutoLocator object at 0x77bfbfcff5e0>
DEBUG:matplotlib.colorbar:colorbar update normal <matplotlib.colors.Normalize object at 0x77c007f2bfa0> <matplotlib.colors.Normalize object at 0x77c007f2bfa0>
DEBUG:matplotlib.colorbar:locator: <matplotlib.ticker.AutoLocator object at 0x77bfbfcff5e0>
DEBUG:matplotlib.colorbar:colorbar update normal <matplotlib.colors.Normalize object at 0x77c007f2bfa0> <matplotlib.colors.Normalize object at 0x77c007f2bfa0>
DEBUG:matplotlib.colorbar:locator: <matplotlib.ticker.AutoLocator object at 0x77bfbfcff5e0>
DEBUG:matplotlib.colorbar:locator: <matplotlib.ticker.AutoLocator object at 0x77c007f28c40>
DEBUG:matplotlib.colorbar:colorbar update normal <matplotlib.colors.Normalize object at 0x77c0080f5f90> <matplotlib.colors.Normalize object at 0x77c0080f5f90>
DEBUG:matplotlib.colorbar:locator: <matplotlib.ticker.AutoLocator object at 0x77c007f28c40>
DEBUG:matplotlib.colorbar:colorbar update normal <matplotlib.colors.Normalize object at 0x77c0080f5f90> <matplotlib.colors.Normalize object at 0x77c0080f5f90>
DEBUG:matplotlib.colorbar:locator: <matplotlib.ticker.AutoLocator object at 0x77c007f28c40>
DEBUG:matplotlib.colorbar:locator: <matplotlib.ticker.AutoLocator object at 0x77c007f2a440>
DEBUG:matplotlib.colorbar:colorbar update normal <matplotlib.colors.Normalize object at 0x77c008093b20> <matplotlib.colors.Normalize object at 0x77c008093b20>
DEBUG:matplotlib.colorbar:locator: <matplotlib.ticker.AutoLocator object at 0x77c007f2a440>
DEBUG:matplotlib.colorbar:colorbar update normal <matplotlib.colors.Normalize object at 0x77c008093b20> <matplotlib.colors.Normalize object at 0x77c008093b20>
DEBUG:matplotlib.colorbar:locator: <matplotlib.ticker.AutoLocator object at 0x77c007f2a440>
DEBUG:matplotlib.colorbar:locator: <matplotlib.ticker.AutoLocator object at 0x77c00802a770>
DEBUG:matplotlib.colorbar:colorbar update normal <matplotlib.colors.Normalize object at 0x77bfbfc58d30> <matplotlib.colors.Normalize object at 0x77bfbfc58d30>
DEBUG:matplotlib.colorbar:locator: <matplotlib.ticker.AutoLocator object at 0x77c00802a770>
DEBUG:matplotlib.colorbar:colorbar update normal <matplotlib.colors.Normalize object at 0x77bfbfc58d30> <matplotlib.colors.Normalize object at 0x77bfbfc58d30>
DEBUG:matplotlib.colorbar:locator: <matplotlib.ticker.AutoLocator object at 0x77c00802a770>
DEBUG:matplotlib.colorbar:locator: <matplotlib.ticker.AutoLocator object at 0x77c00802a470>
DEBUG:matplotlib.colorbar:colorbar update normal <matplotlib.colors.Normalize object at 0x77bfbfcfe680> <matplotlib.colors.Normalize object at 0x77bfbfcfe680>
DEBUG:matplotlib.colorbar:locator: <matplotlib.ticker.AutoLocator object at 0x77c00802a470>
DEBUG:matplotlib.colorbar:colorbar update normal <matplotlib.colors.Normalize object at 0x77bfbfcfe680> <matplotlib.colors.Normalize object at 0x77bfbfcfe680>
DEBUG:matplotlib.colorbar:locator: <matplotlib.ticker.AutoLocator object at 0x77c00802a470>
DEBUG:matplotlib.colorbar:locator: <matplotlib.ticker.AutoLocator object at 0x77bfbfc5a1a0>
DEBUG:matplotlib.colorbar:colorbar update normal <matplotlib.colors.Normalize object at 0x77bfbfd79510> <matplotlib.colors.Normalize object at 0x77bfbfd79510>
DEBUG:matplotlib.colorbar:locator: <matplotlib.ticker.AutoLocator object at 0x77bfbfc5a1a0>
DEBUG:matplotlib.colorbar:colorbar update normal <matplotlib.colors.Normalize object at 0x77bfbfd79510> <matplotlib.colors.Normalize object at 0x77bfbfd79510>
DEBUG:matplotlib.colorbar:locator: <matplotlib.ticker.AutoLocator object at 0x77bfbfc5a1a0>
DEBUG:matplotlib.colorbar:locator: <matplotlib.ticker.AutoLocator object at 0x77bfbfcff520>
DEBUG:matplotlib.colorbar:colorbar update normal <matplotlib.colors.Normalize object at 0x77bfbfcb2ef0> <matplotlib.colors.Normalize object at 0x77bfbfcb2ef0>
DEBUG:matplotlib.colorbar:locator: <matplotlib.ticker.AutoLocator object at 0x77bfbfcff520>
DEBUG:matplotlib.colorbar:colorbar update normal <matplotlib.colors.Normalize object at 0x77bfbfcb2ef0> <matplotlib.colors.Normalize object at 0x77bfbfcb2ef0>
DEBUG:matplotlib.colorbar:locator: <matplotlib.ticker.AutoLocator object at 0x77bfbfcff520>
DEBUG:matplotlib.colorbar:locator: <matplotlib.ticker.AutoLocator object at 0x77bfbfdb1d50>
DEBUG:matplotlib.colorbar:colorbar update normal <matplotlib.colors.Normalize object at 0x77bfbfc5e1d0> <matplotlib.colors.Normalize object at 0x77bfbfc5e1d0>
DEBUG:matplotlib.colorbar:locator: <matplotlib.ticker.AutoLocator object at 0x77bfbfdb1d50>
DEBUG:matplotlib.colorbar:colorbar update normal <matplotlib.colors.Normalize object at 0x77bfbfc5e1d0> <matplotlib.colors.Normalize object at 0x77bfbfc5e1d0>
DEBUG:matplotlib.colorbar:locator: <matplotlib.ticker.AutoLocator object at 0x77bfbfdb1d50>
DEBUG:matplotlib.colorbar:locator: <matplotlib.ticker.AutoLocator object at 0x77bfbfd78b80>
DEBUG:matplotlib.colorbar:colorbar update normal <matplotlib.colors.Normalize object at 0x77c008201de0> <matplotlib.colors.Normalize object at 0x77c008201de0>
DEBUG:matplotlib.colorbar:locator: <matplotlib.ticker.AutoLocator object at 0x77bfbfd78b80>
DEBUG:matplotlib.colorbar:colorbar update normal <matplotlib.colors.Normalize object at 0x77c008201de0> <matplotlib.colors.Normalize object at 0x77c008201de0>
DEBUG:matplotlib.colorbar:locator: <matplotlib.ticker.AutoLocator object at 0x77bfbfd78b80>
DEBUG:matplotlib.colorbar:locator: <matplotlib.ticker.AutoLocator object at 0x77bfc336e650>
DEBUG:matplotlib.colorbar:colorbar update normal <matplotlib.colors.Normalize object at 0x77c0081d83a0> <matplotlib.colors.Normalize object at 0x77c0081d83a0>
DEBUG:matplotlib.colorbar:locator: <matplotlib.ticker.AutoLocator object at 0x77bfc336e650>
DEBUG:matplotlib.colorbar:colorbar update normal <matplotlib.colors.Normalize object at 0x77c0081d83a0> <matplotlib.colors.Normalize object at 0x77c0081d83a0>
DEBUG:matplotlib.colorbar:locator: <matplotlib.ticker.AutoLocator object at 0x77bfc336e650>
DEBUG:matplotlib.colorbar:locator: <matplotlib.ticker.AutoLocator object at 0x77c008029870>
DEBUG:matplotlib.colorbar:colorbar update normal <matplotlib.colors.Normalize object at 0x77bfbfca5b70> <matplotlib.colors.Normalize object at 0x77bfbfca5b70>
DEBUG:matplotlib.colorbar:locator: <matplotlib.ticker.AutoLocator object at 0x77c008029870>
DEBUG:matplotlib.colorbar:colorbar update normal <matplotlib.colors.Normalize object at 0x77bfbfca5b70> <matplotlib.colors.Normalize object at 0x77bfbfca5b70>
DEBUG:matplotlib.colorbar:locator: <matplotlib.ticker.AutoLocator object at 0x77c008029870>
DEBUG:matplotlib.colorbar:locator: <matplotlib.ticker.AutoLocator object at 0x77c008201300>
DEBUG:matplotlib.colorbar:colorbar update normal <matplotlib.colors.Normalize object at 0x77c007f4f5e0> <matplotlib.colors.Normalize object at 0x77c007f4f5e0>
DEBUG:matplotlib.colorbar:locator: <matplotlib.ticker.AutoLocator object at 0x77c008201300>
DEBUG:matplotlib.colorbar:colorbar update normal <matplotlib.colors.Normalize object at 0x77c007f4f5e0> <matplotlib.colors.Normalize object at 0x77c007f4f5e0>
DEBUG:matplotlib.colorbar:locator: <matplotlib.ticker.AutoLocator object at 0x77c008201300>
DEBUG:matplotlib.colorbar:locator: <matplotlib.ticker.AutoLocator object at 0x77c008200a30>
DEBUG:matplotlib.colorbar:colorbar update normal <matplotlib.colors.Normalize object at 0x77bfbfc5db70> <matplotlib.colors.Normalize object at 0x77bfbfc5db70>
DEBUG:matplotlib.colorbar:locator: <matplotlib.ticker.AutoLocator object at 0x77c008200a30>
DEBUG:matplotlib.colorbar:colorbar update normal <matplotlib.colors.Normalize object at 0x77bfbfc5db70> <matplotlib.colors.Normalize object at 0x77bfbfc5db70>
DEBUG:matplotlib.colorbar:locator: <matplotlib.ticker.AutoLocator object at 0x77c008200a30>
DEBUG:matplotlib.colorbar:locator: <matplotlib.ticker.AutoLocator object at 0x77c0081714b0>
DEBUG:matplotlib.colorbar:colorbar update normal <matplotlib.colors.Normalize object at 0x77bfbfc97790> <matplotlib.colors.Normalize object at 0x77bfbfc97790>
DEBUG:matplotlib.colorbar:locator: <matplotlib.ticker.AutoLocator object at 0x77c0081714b0>
DEBUG:matplotlib.colorbar:colorbar update normal <matplotlib.colors.Normalize object at 0x77bfbfc97790> <matplotlib.colors.Normalize object at 0x77bfbfc97790>
DEBUG:matplotlib.colorbar:locator: <matplotlib.ticker.AutoLocator object at 0x77c0081714b0>
DEBUG:matplotlib.colorbar:locator: <matplotlib.ticker.AutoLocator object at 0x77bfbfc5cd00>
DEBUG:matplotlib.colorbar:colorbar update normal <matplotlib.colors.Normalize object at 0x77bfbfc59f00> <matplotlib.colors.Normalize object at 0x77bfbfc59f00>
DEBUG:matplotlib.colorbar:locator: <matplotlib.ticker.AutoLocator object at 0x77bfbfc5cd00>
DEBUG:matplotlib.colorbar:colorbar update normal <matplotlib.colors.Normalize object at 0x77bfbfc59f00> <matplotlib.colors.Normalize object at 0x77bfbfc59f00>
DEBUG:matplotlib.colorbar:locator: <matplotlib.ticker.AutoLocator object at 0x77bfbfc5cd00>
DEBUG:matplotlib.colorbar:locator: <matplotlib.ticker.AutoLocator object at 0x77c0080f5c30>
DEBUG:matplotlib.colorbar:colorbar update normal <matplotlib.colors.Normalize object at 0x77c007fd8070> <matplotlib.colors.Normalize object at 0x77c007fd8070>
DEBUG:matplotlib.colorbar:locator: <matplotlib.ticker.AutoLocator object at 0x77c0080f5c30>
DEBUG:matplotlib.colorbar:colorbar update normal <matplotlib.colors.Normalize object at 0x77c007fd8070> <matplotlib.colors.Normalize object at 0x77c007fd8070>
DEBUG:matplotlib.colorbar:locator: <matplotlib.ticker.AutoLocator object at 0x77c0080f5c30>
DEBUG:matplotlib.colorbar:locator: <matplotlib.ticker.AutoLocator object at 0x77bfbfc6e380>
DEBUG:matplotlib.colorbar:colorbar update normal <matplotlib.colors.Normalize object at 0x77c007ff00d0> <matplotlib.colors.Normalize object at 0x77c007ff00d0>
DEBUG:matplotlib.colorbar:locator: <matplotlib.ticker.AutoLocator object at 0x77bfbfc6e380>
DEBUG:matplotlib.colorbar:colorbar update normal <matplotlib.colors.Normalize object at 0x77c007ff00d0> <matplotlib.colors.Normalize object at 0x77c007ff00d0>
DEBUG:matplotlib.colorbar:locator: <matplotlib.ticker.AutoLocator object at 0x77bfbfc6e380>
DEBUG:matplotlib.colorbar:locator: <matplotlib.ticker.AutoLocator object at 0x77bfbfc5b4c0>
DEBUG:matplotlib.colorbar:colorbar update normal <matplotlib.colors.Normalize object at 0x77bfc47e6290> <matplotlib.colors.Normalize object at 0x77bfc47e6290>
DEBUG:matplotlib.colorbar:locator: <matplotlib.ticker.AutoLocator object at 0x77bfbfc5b4c0>
DEBUG:matplotlib.colorbar:colorbar update normal <matplotlib.colors.Normalize object at 0x77bfc47e6290> <matplotlib.colors.Normalize object at 0x77bfc47e6290>
DEBUG:matplotlib.colorbar:locator: <matplotlib.ticker.AutoLocator object at 0x77bfbfc5b4c0>
DEBUG:matplotlib.colorbar:locator: <matplotlib.ticker.AutoLocator object at 0x77c007f4f640>
DEBUG:matplotlib.colorbar:colorbar update normal <matplotlib.colors.Normalize object at 0x77c007ff3400> <matplotlib.colors.Normalize object at 0x77c007ff3400>
DEBUG:matplotlib.colorbar:locator: <matplotlib.ticker.AutoLocator object at 0x77c007f4f640>
DEBUG:matplotlib.colorbar:colorbar update normal <matplotlib.colors.Normalize object at 0x77c007ff3400> <matplotlib.colors.Normalize object at 0x77c007ff3400>
DEBUG:matplotlib.colorbar:locator: <matplotlib.ticker.AutoLocator object at 0x77c007f4f640>
DEBUG:matplotlib.colorbar:locator: <matplotlib.ticker.AutoLocator object at 0x77c007f4f550>
DEBUG:matplotlib.colorbar:colorbar update normal <matplotlib.colors.Normalize object at 0x77c007e20a90> <matplotlib.colors.Normalize object at 0x77c007e20a90>
DEBUG:matplotlib.colorbar:locator: <matplotlib.ticker.AutoLocator object at 0x77c007f4f550>
DEBUG:matplotlib.colorbar:colorbar update normal <matplotlib.colors.Normalize object at 0x77c007e20a90> <matplotlib.colors.Normalize object at 0x77c007e20a90>
DEBUG:matplotlib.colorbar:locator: <matplotlib.ticker.AutoLocator object at 0x77c007f4f550>
DEBUG:matplotlib.colorbar:locator: <matplotlib.ticker.AutoLocator object at 0x77c007fdaaa0>
DEBUG:matplotlib.colorbar:colorbar update normal <matplotlib.colors.Normalize object at 0x77c007f290c0> <matplotlib.colors.Normalize object at 0x77c007f290c0>
DEBUG:matplotlib.colorbar:locator: <matplotlib.ticker.AutoLocator object at 0x77c007fdaaa0>
DEBUG:matplotlib.colorbar:colorbar update normal <matplotlib.colors.Normalize object at 0x77c007f290c0> <matplotlib.colors.Normalize object at 0x77c007f290c0>
DEBUG:matplotlib.colorbar:locator: <matplotlib.ticker.AutoLocator object at 0x77c007fdaaa0>
DEBUG:matplotlib.colorbar:locator: <matplotlib.ticker.AutoLocator object at 0x77c007fd8dc0>
DEBUG:matplotlib.colorbar:colorbar update normal <matplotlib.colors.Normalize object at 0x77c007ff2b90> <matplotlib.colors.Normalize object at 0x77c007ff2b90>
DEBUG:matplotlib.colorbar:locator: <matplotlib.ticker.AutoLocator object at 0x77c007fd8dc0>
DEBUG:matplotlib.colorbar:colorbar update normal <matplotlib.colors.Normalize object at 0x77c007ff2b90> <matplotlib.colors.Normalize object at 0x77c007ff2b90>
DEBUG:matplotlib.colorbar:locator: <matplotlib.ticker.AutoLocator object at 0x77c007fd8dc0>
DEBUG:matplotlib.colorbar:locator: <matplotlib.ticker.AutoLocator object at 0x77c007fd8520>
DEBUG:matplotlib.colorbar:colorbar update normal <matplotlib.colors.Normalize object at 0x77c007e238e0> <matplotlib.colors.Normalize object at 0x77c007e238e0>
DEBUG:matplotlib.colorbar:locator: <matplotlib.ticker.AutoLocator object at 0x77c007fd8520>
DEBUG:matplotlib.colorbar:colorbar update normal <matplotlib.colors.Normalize object at 0x77c007e238e0> <matplotlib.colors.Normalize object at 0x77c007e238e0>
DEBUG:matplotlib.colorbar:locator: <matplotlib.ticker.AutoLocator object at 0x77c007fd8520>
DEBUG:matplotlib.colorbar:locator: <matplotlib.ticker.AutoLocator object at 0x77c007e203a0>
DEBUG:matplotlib.colorbar:colorbar update normal <matplotlib.colors.Normalize object at 0x77c007f2bbb0> <matplotlib.colors.Normalize object at 0x77c007f2bbb0>
DEBUG:matplotlib.colorbar:locator: <matplotlib.ticker.AutoLocator object at 0x77c007e203a0>
DEBUG:matplotlib.colorbar:colorbar update normal <matplotlib.colors.Normalize object at 0x77c007f2bbb0> <matplotlib.colors.Normalize object at 0x77c007f2bbb0>
DEBUG:matplotlib.colorbar:locator: <matplotlib.ticker.AutoLocator object at 0x77c007e203a0>
DEBUG:matplotlib.colorbar:locator: <matplotlib.ticker.AutoLocator object at 0x77c007e22da0>
DEBUG:matplotlib.colorbar:colorbar update normal <matplotlib.colors.Normalize object at 0x77c007e57760> <matplotlib.colors.Normalize object at 0x77c007e57760>
DEBUG:matplotlib.colorbar:locator: <matplotlib.ticker.AutoLocator object at 0x77c007e22da0>
DEBUG:matplotlib.colorbar:colorbar update normal <matplotlib.colors.Normalize object at 0x77c007e57760> <matplotlib.colors.Normalize object at 0x77c007e57760>
DEBUG:matplotlib.colorbar:locator: <matplotlib.ticker.AutoLocator object at 0x77c007e22da0>
DEBUG:matplotlib.colorbar:locator: <matplotlib.ticker.AutoLocator object at 0x77c007fda890>
DEBUG:matplotlib.colorbar:colorbar update normal <matplotlib.colors.Normalize object at 0x77c007e54a30> <matplotlib.colors.Normalize object at 0x77c007e54a30>
DEBUG:matplotlib.colorbar:locator: <matplotlib.ticker.AutoLocator object at 0x77c007fda890>
DEBUG:matplotlib.colorbar:colorbar update normal <matplotlib.colors.Normalize object at 0x77c007e54a30> <matplotlib.colors.Normalize object at 0x77c007e54a30>
DEBUG:matplotlib.colorbar:locator: <matplotlib.ticker.AutoLocator object at 0x77c007fda890>
DEBUG:matplotlib.colorbar:locator: <matplotlib.ticker.AutoLocator object at 0x77c007fdb6d0>
DEBUG:matplotlib.colorbar:colorbar update normal <matplotlib.colors.Normalize object at 0x77c007e55db0> <matplotlib.colors.Normalize object at 0x77c007e55db0>
DEBUG:matplotlib.colorbar:locator: <matplotlib.ticker.AutoLocator object at 0x77c007fdb6d0>
DEBUG:matplotlib.colorbar:colorbar update normal <matplotlib.colors.Normalize object at 0x77c007e55db0> <matplotlib.colors.Normalize object at 0x77c007e55db0>
DEBUG:matplotlib.colorbar:locator: <matplotlib.ticker.AutoLocator object at 0x77c007fdb6d0>
DEBUG:matplotlib.colorbar:locator: <matplotlib.ticker.AutoLocator object at 0x77c007e577f0>
DEBUG:matplotlib.colorbar:colorbar update normal <matplotlib.colors.Normalize object at 0x77c007e55660> <matplotlib.colors.Normalize object at 0x77c007e55660>
DEBUG:matplotlib.colorbar:locator: <matplotlib.ticker.AutoLocator object at 0x77c007e577f0>
DEBUG:matplotlib.colorbar:colorbar update normal <matplotlib.colors.Normalize object at 0x77c007e55660> <matplotlib.colors.Normalize object at 0x77c007e55660>
DEBUG:matplotlib.colorbar:locator: <matplotlib.ticker.AutoLocator object at 0x77c007e577f0>
DEBUG:matplotlib.colorbar:locator: <matplotlib.ticker.AutoLocator object at 0x77c007fda560>
DEBUG:matplotlib.colorbar:colorbar update normal <matplotlib.colors.Normalize object at 0x77c007e832b0> <matplotlib.colors.Normalize object at 0x77c007e832b0>
DEBUG:matplotlib.colorbar:locator: <matplotlib.ticker.AutoLocator object at 0x77c007fda560>
DEBUG:matplotlib.colorbar:colorbar update normal <matplotlib.colors.Normalize object at 0x77c007e832b0> <matplotlib.colors.Normalize object at 0x77c007e832b0>
DEBUG:matplotlib.colorbar:locator: <matplotlib.ticker.AutoLocator object at 0x77c007fda560>
DEBUG:matplotlib.colorbar:locator: <matplotlib.ticker.AutoLocator object at 0x77c007e55a20>
DEBUG:matplotlib.colorbar:colorbar update normal <matplotlib.colors.Normalize object at 0x77c007e83070> <matplotlib.colors.Normalize object at 0x77c007e83070>
DEBUG:matplotlib.colorbar:locator: <matplotlib.ticker.AutoLocator object at 0x77c007e55a20>
DEBUG:matplotlib.colorbar:colorbar update normal <matplotlib.colors.Normalize object at 0x77c007e83070> <matplotlib.colors.Normalize object at 0x77c007e83070>
DEBUG:matplotlib.colorbar:locator: <matplotlib.ticker.AutoLocator object at 0x77c007e55a20>
DEBUG:matplotlib.colorbar:locator: <matplotlib.ticker.AutoLocator object at 0x77c007e82ef0>
DEBUG:matplotlib.colorbar:colorbar update normal <matplotlib.colors.Normalize object at 0x77c007e824a0> <matplotlib.colors.Normalize object at 0x77c007e824a0>
DEBUG:matplotlib.colorbar:locator: <matplotlib.ticker.AutoLocator object at 0x77c007e82ef0>
DEBUG:matplotlib.colorbar:colorbar update normal <matplotlib.colors.Normalize object at 0x77c007e824a0> <matplotlib.colors.Normalize object at 0x77c007e824a0>
DEBUG:matplotlib.colorbar:locator: <matplotlib.ticker.AutoLocator object at 0x77c007e82ef0>
DEBUG:matplotlib.colorbar:locator: <matplotlib.ticker.AutoLocator object at 0x77c007e819f0>
DEBUG:matplotlib.colorbar:colorbar update normal <matplotlib.colors.Normalize object at 0x77c007eb60e0> <matplotlib.colors.Normalize object at 0x77c007eb60e0>
DEBUG:matplotlib.colorbar:locator: <matplotlib.ticker.AutoLocator object at 0x77c007e819f0>
DEBUG:matplotlib.colorbar:colorbar update normal <matplotlib.colors.Normalize object at 0x77c007eb60e0> <matplotlib.colors.Normalize object at 0x77c007eb60e0>
DEBUG:matplotlib.colorbar:locator: <matplotlib.ticker.AutoLocator object at 0x77c007e819f0>
DEBUG:matplotlib.colorbar:locator: <matplotlib.ticker.AutoLocator object at 0x77c007e80970>
DEBUG:matplotlib.colorbar:colorbar update normal <matplotlib.colors.Normalize object at 0x77bfbfc6d780> <matplotlib.colors.Normalize object at 0x77bfbfc6d780>
DEBUG:matplotlib.colorbar:locator: <matplotlib.ticker.AutoLocator object at 0x77c007e80970>
DEBUG:matplotlib.colorbar:colorbar update normal <matplotlib.colors.Normalize object at 0x77bfbfc6d780> <matplotlib.colors.Normalize object at 0x77bfbfc6d780>
DEBUG:matplotlib.colorbar:locator: <matplotlib.ticker.AutoLocator object at 0x77c007e80970>
DEBUG:matplotlib.colorbar:locator: <matplotlib.ticker.AutoLocator object at 0x77c007e83be0>
DEBUG:matplotlib.colorbar:colorbar update normal <matplotlib.colors.Normalize object at 0x77bfbfca6aa0> <matplotlib.colors.Normalize object at 0x77bfbfca6aa0>
DEBUG:matplotlib.colorbar:locator: <matplotlib.ticker.AutoLocator object at 0x77c007e83be0>
DEBUG:matplotlib.colorbar:colorbar update normal <matplotlib.colors.Normalize object at 0x77bfbfca6aa0> <matplotlib.colors.Normalize object at 0x77bfbfca6aa0>
DEBUG:matplotlib.colorbar:locator: <matplotlib.ticker.AutoLocator object at 0x77c007e83be0>
DEBUG:matplotlib.colorbar:locator: <matplotlib.ticker.AutoLocator object at 0x77c007e81990>
DEBUG:matplotlib.colorbar:colorbar update normal <matplotlib.colors.Normalize object at 0x77c007fdaad0> <matplotlib.colors.Normalize object at 0x77c007fdaad0>
DEBUG:matplotlib.colorbar:locator: <matplotlib.ticker.AutoLocator object at 0x77c007e81990>
DEBUG:matplotlib.colorbar:colorbar update normal <matplotlib.colors.Normalize object at 0x77c007fdaad0> <matplotlib.colors.Normalize object at 0x77c007fdaad0>
DEBUG:matplotlib.colorbar:locator: <matplotlib.ticker.AutoLocator object at 0x77c007e81990>
DEBUG:matplotlib.colorbar:locator: <matplotlib.ticker.AutoLocator object at 0x77c007e822f0>
DEBUG:matplotlib.colorbar:colorbar update normal <matplotlib.colors.Normalize object at 0x77c007e578b0> <matplotlib.colors.Normalize object at 0x77c007e578b0>
DEBUG:matplotlib.colorbar:locator: <matplotlib.ticker.AutoLocator object at 0x77c007e822f0>
DEBUG:matplotlib.colorbar:colorbar update normal <matplotlib.colors.Normalize object at 0x77c007e578b0> <matplotlib.colors.Normalize object at 0x77c007e578b0>
DEBUG:matplotlib.colorbar:locator: <matplotlib.ticker.AutoLocator object at 0x77c007e822f0>
DEBUG:matplotlib.colorbar:locator: <matplotlib.ticker.AutoLocator object at 0x77c007eb7d60>
DEBUG:matplotlib.colorbar:colorbar update normal <matplotlib.colors.Normalize object at 0x77c007edf250> <matplotlib.colors.Normalize object at 0x77c007edf250>
DEBUG:matplotlib.colorbar:locator: <matplotlib.ticker.AutoLocator object at 0x77c007eb7d60>
DEBUG:matplotlib.colorbar:colorbar update normal <matplotlib.colors.Normalize object at 0x77c007edf250> <matplotlib.colors.Normalize object at 0x77c007edf250>
DEBUG:matplotlib.colorbar:locator: <matplotlib.ticker.AutoLocator object at 0x77c007eb7d60>
DEBUG:matplotlib.colorbar:locator: <matplotlib.ticker.AutoLocator object at 0x77c007e555a0>
DEBUG:matplotlib.colorbar:colorbar update normal <matplotlib.colors.Normalize object at 0x77c007e20430> <matplotlib.colors.Normalize object at 0x77c007e20430>
DEBUG:matplotlib.colorbar:locator: <matplotlib.ticker.AutoLocator object at 0x77c007e555a0>
DEBUG:matplotlib.colorbar:colorbar update normal <matplotlib.colors.Normalize object at 0x77c007e20430> <matplotlib.colors.Normalize object at 0x77c007e20430>
DEBUG:matplotlib.colorbar:locator: <matplotlib.ticker.AutoLocator object at 0x77c007e555a0>
DEBUG:matplotlib.colorbar:locator: <matplotlib.ticker.AutoLocator object at 0x77c008170f40>
DEBUG:matplotlib.colorbar:colorbar update normal <matplotlib.colors.Normalize object at 0x77c007edfeb0> <matplotlib.colors.Normalize object at 0x77c007edfeb0>
DEBUG:matplotlib.colorbar:locator: <matplotlib.ticker.AutoLocator object at 0x77c008170f40>
DEBUG:matplotlib.colorbar:colorbar update normal <matplotlib.colors.Normalize object at 0x77c007edfeb0> <matplotlib.colors.Normalize object at 0x77c007edfeb0>
DEBUG:matplotlib.colorbar:locator: <matplotlib.ticker.AutoLocator object at 0x77c008170f40>
DEBUG:matplotlib.colorbar:locator: <matplotlib.ticker.AutoLocator object at 0x77c007edea70>
DEBUG:matplotlib.colorbar:colorbar update normal <matplotlib.colors.Normalize object at 0x77c008172a10> <matplotlib.colors.Normalize object at 0x77c008172a10>
DEBUG:matplotlib.colorbar:locator: <matplotlib.ticker.AutoLocator object at 0x77c007edea70>
DEBUG:matplotlib.colorbar:colorbar update normal <matplotlib.colors.Normalize object at 0x77c008172a10> <matplotlib.colors.Normalize object at 0x77c008172a10>
DEBUG:matplotlib.colorbar:locator: <matplotlib.ticker.AutoLocator object at 0x77c007edea70>
DEBUG:matplotlib.colorbar:locator: <matplotlib.ticker.AutoLocator object at 0x77bfc01fe0b0>
DEBUG:matplotlib.colorbar:colorbar update normal <matplotlib.colors.Normalize object at 0x77c0081dbd60> <matplotlib.colors.Normalize object at 0x77c0081dbd60>
DEBUG:matplotlib.colorbar:locator: <matplotlib.ticker.AutoLocator object at 0x77bfc01fe0b0>
DEBUG:matplotlib.colorbar:colorbar update normal <matplotlib.colors.Normalize object at 0x77c0081dbd60> <matplotlib.colors.Normalize object at 0x77c0081dbd60>
DEBUG:matplotlib.colorbar:locator: <matplotlib.ticker.AutoLocator object at 0x77bfc01fe0b0>
DEBUG:matplotlib.colorbar:locator: <matplotlib.ticker.AutoLocator object at 0x77bfbfc6e8f0>
DEBUG:matplotlib.colorbar:colorbar update normal <matplotlib.colors.Normalize object at 0x77bfbfdf8850> <matplotlib.colors.Normalize object at 0x77bfbfdf8850>
DEBUG:matplotlib.colorbar:locator: <matplotlib.ticker.AutoLocator object at 0x77bfbfc6e8f0>
DEBUG:matplotlib.colorbar:colorbar update normal <matplotlib.colors.Normalize object at 0x77bfbfdf8850> <matplotlib.colors.Normalize object at 0x77bfbfdf8850>
DEBUG:matplotlib.colorbar:locator: <matplotlib.ticker.AutoLocator object at 0x77bfbfc6e8f0>
DEBUG:matplotlib.colorbar:locator: <matplotlib.ticker.AutoLocator object at 0x77bfc6fe98d0>
DEBUG:matplotlib.colorbar:colorbar update normal <matplotlib.colors.Normalize object at 0x77bfbfcb1720> <matplotlib.colors.Normalize object at 0x77bfbfcb1720>
DEBUG:matplotlib.colorbar:locator: <matplotlib.ticker.AutoLocator object at 0x77bfc6fe98d0>
DEBUG:matplotlib.colorbar:colorbar update normal <matplotlib.colors.Normalize object at 0x77bfbfcb1720> <matplotlib.colors.Normalize object at 0x77bfbfcb1720>
DEBUG:matplotlib.colorbar:locator: <matplotlib.ticker.AutoLocator object at 0x77bfc6fe98d0>
DEBUG:matplotlib.colorbar:locator: <matplotlib.ticker.AutoLocator object at 0x77bfbfca50c0>
DEBUG:matplotlib.colorbar:colorbar update normal <matplotlib.colors.Normalize object at 0x77bfbfca5000> <matplotlib.colors.Normalize object at 0x77bfbfca5000>
DEBUG:matplotlib.colorbar:locator: <matplotlib.ticker.AutoLocator object at 0x77bfbfca50c0>
DEBUG:matplotlib.colorbar:colorbar update normal <matplotlib.colors.Normalize object at 0x77bfbfca5000> <matplotlib.colors.Normalize object at 0x77bfbfca5000>
DEBUG:matplotlib.colorbar:locator: <matplotlib.ticker.AutoLocator object at 0x77bfbfca50c0>
DEBUG:matplotlib.colorbar:locator: <matplotlib.ticker.AutoLocator object at 0x77bfbfca79d0>
DEBUG:matplotlib.colorbar:colorbar update normal <matplotlib.colors.Normalize object at 0x77c007e22560> <matplotlib.colors.Normalize object at 0x77c007e22560>
DEBUG:matplotlib.colorbar:locator: <matplotlib.ticker.AutoLocator object at 0x77bfbfca79d0>
DEBUG:matplotlib.colorbar:colorbar update normal <matplotlib.colors.Normalize object at 0x77c007e22560> <matplotlib.colors.Normalize object at 0x77c007e22560>
DEBUG:matplotlib.colorbar:locator: <matplotlib.ticker.AutoLocator object at 0x77bfbfca79d0>
DEBUG:matplotlib.colorbar:locator: <matplotlib.ticker.AutoLocator object at 0x77c008029c60>
DEBUG:matplotlib.colorbar:colorbar update normal <matplotlib.colors.Normalize object at 0x77bfc47d5450> <matplotlib.colors.Normalize object at 0x77bfc47d5450>
DEBUG:matplotlib.colorbar:locator: <matplotlib.ticker.AutoLocator object at 0x77c008029c60>
DEBUG:matplotlib.colorbar:colorbar update normal <matplotlib.colors.Normalize object at 0x77bfc47d5450> <matplotlib.colors.Normalize object at 0x77bfc47d5450>
DEBUG:matplotlib.colorbar:locator: <matplotlib.ticker.AutoLocator object at 0x77c008029c60>
DEBUG:matplotlib.colorbar:locator: <matplotlib.ticker.AutoLocator object at 0x77bfbfca7130>
DEBUG:matplotlib.colorbar:colorbar update normal <matplotlib.colors.Normalize object at 0x77bfbfcdf250> <matplotlib.colors.Normalize object at 0x77bfbfcdf250>
DEBUG:matplotlib.colorbar:locator: <matplotlib.ticker.AutoLocator object at 0x77bfbfca7130>
DEBUG:matplotlib.colorbar:colorbar update normal <matplotlib.colors.Normalize object at 0x77bfbfcdf250> <matplotlib.colors.Normalize object at 0x77bfbfcdf250>
DEBUG:matplotlib.colorbar:locator: <matplotlib.ticker.AutoLocator object at 0x77bfbfca7130>
DEBUG:matplotlib.colorbar:locator: <matplotlib.ticker.AutoLocator object at 0x77bfbfc951b0>
DEBUG:matplotlib.colorbar:colorbar update normal <matplotlib.colors.Normalize object at 0x77bfbfd79870> <matplotlib.colors.Normalize object at 0x77bfbfd79870>
DEBUG:matplotlib.colorbar:locator: <matplotlib.ticker.AutoLocator object at 0x77bfbfc951b0>
DEBUG:matplotlib.colorbar:colorbar update normal <matplotlib.colors.Normalize object at 0x77bfbfd79870> <matplotlib.colors.Normalize object at 0x77bfbfd79870>
DEBUG:matplotlib.colorbar:locator: <matplotlib.ticker.AutoLocator object at 0x77bfbfc951b0>
DEBUG:matplotlib.colorbar:locator: <matplotlib.ticker.AutoLocator object at 0x77c007f280d0>
DEBUG:matplotlib.colorbar:colorbar update normal <matplotlib.colors.Normalize object at 0x77bfbfc5faf0> <matplotlib.colors.Normalize object at 0x77bfbfc5faf0>
DEBUG:matplotlib.colorbar:locator: <matplotlib.ticker.AutoLocator object at 0x77c007f280d0>
DEBUG:matplotlib.colorbar:colorbar update normal <matplotlib.colors.Normalize object at 0x77bfbfc5faf0> <matplotlib.colors.Normalize object at 0x77bfbfc5faf0>
DEBUG:matplotlib.colorbar:locator: <matplotlib.ticker.AutoLocator object at 0x77c007f280d0>
DEBUG:matplotlib.colorbar:locator: <matplotlib.ticker.AutoLocator object at 0x77bfbfca6860>
DEBUG:matplotlib.colorbar:colorbar update normal <matplotlib.colors.Normalize object at 0x77c007f10730> <matplotlib.colors.Normalize object at 0x77c007f10730>
DEBUG:matplotlib.colorbar:locator: <matplotlib.ticker.AutoLocator object at 0x77bfbfca6860>
DEBUG:matplotlib.colorbar:colorbar update normal <matplotlib.colors.Normalize object at 0x77c007f10730> <matplotlib.colors.Normalize object at 0x77c007f10730>
DEBUG:matplotlib.colorbar:locator: <matplotlib.ticker.AutoLocator object at 0x77bfbfca6860>
DEBUG:matplotlib.colorbar:locator: <matplotlib.ticker.AutoLocator object at 0x77bfbfca6b30>
DEBUG:matplotlib.colorbar:colorbar update normal <matplotlib.colors.Normalize object at 0x77bfbfc5ce20> <matplotlib.colors.Normalize object at 0x77bfbfc5ce20>
DEBUG:matplotlib.colorbar:locator: <matplotlib.ticker.AutoLocator object at 0x77bfbfca6b30>
DEBUG:matplotlib.colorbar:colorbar update normal <matplotlib.colors.Normalize object at 0x77bfbfc5ce20> <matplotlib.colors.Normalize object at 0x77bfbfc5ce20>
DEBUG:matplotlib.colorbar:locator: <matplotlib.ticker.AutoLocator object at 0x77bfbfca6b30>
DEBUG:matplotlib.colorbar:locator: <matplotlib.ticker.AutoLocator object at 0x77c007f10100>
DEBUG:matplotlib.colorbar:colorbar update normal <matplotlib.colors.Normalize object at 0x77c0080c6200> <matplotlib.colors.Normalize object at 0x77c0080c6200>
DEBUG:matplotlib.colorbar:locator: <matplotlib.ticker.AutoLocator object at 0x77c007f10100>
DEBUG:matplotlib.colorbar:colorbar update normal <matplotlib.colors.Normalize object at 0x77c0080c6200> <matplotlib.colors.Normalize object at 0x77c0080c6200>
DEBUG:matplotlib.colorbar:locator: <matplotlib.ticker.AutoLocator object at 0x77c007f10100>
DEBUG:matplotlib.colorbar:locator: <matplotlib.ticker.AutoLocator object at 0x77bfbfc5d990>
DEBUG:matplotlib.colorbar:colorbar update normal <matplotlib.colors.Normalize object at 0x77bfbfcfc700> <matplotlib.colors.Normalize object at 0x77bfbfcfc700>
DEBUG:matplotlib.colorbar:locator: <matplotlib.ticker.AutoLocator object at 0x77bfbfc5d990>
DEBUG:matplotlib.colorbar:colorbar update normal <matplotlib.colors.Normalize object at 0x77bfbfcfc700> <matplotlib.colors.Normalize object at 0x77bfbfcfc700>
DEBUG:matplotlib.colorbar:locator: <matplotlib.ticker.AutoLocator object at 0x77bfbfc5d990>
DEBUG:matplotlib.colorbar:locator: <matplotlib.ticker.AutoLocator object at 0x77bfbfd7be20>
DEBUG:matplotlib.colorbar:colorbar update normal <matplotlib.colors.Normalize object at 0x77c007da8070> <matplotlib.colors.Normalize object at 0x77c007da8070>
DEBUG:matplotlib.colorbar:locator: <matplotlib.ticker.AutoLocator object at 0x77bfbfd7be20>
DEBUG:matplotlib.colorbar:colorbar update normal <matplotlib.colors.Normalize object at 0x77c007da8070> <matplotlib.colors.Normalize object at 0x77c007da8070>
DEBUG:matplotlib.colorbar:locator: <matplotlib.ticker.AutoLocator object at 0x77bfbfd7be20>
DEBUG:matplotlib.colorbar:locator: <matplotlib.ticker.AutoLocator object at 0x77c007f4e950>
DEBUG:matplotlib.colorbar:colorbar update normal <matplotlib.colors.Normalize object at 0x77c007eb78e0> <matplotlib.colors.Normalize object at 0x77c007eb78e0>
DEBUG:matplotlib.colorbar:locator: <matplotlib.ticker.AutoLocator object at 0x77c007f4e950>
DEBUG:matplotlib.colorbar:colorbar update normal <matplotlib.colors.Normalize object at 0x77c007eb78e0> <matplotlib.colors.Normalize object at 0x77c007eb78e0>
DEBUG:matplotlib.colorbar:locator: <matplotlib.ticker.AutoLocator object at 0x77c007f4e950>
DEBUG:matplotlib.colorbar:locator: <matplotlib.ticker.AutoLocator object at 0x77bfbfc59780>
DEBUG:matplotlib.colorbar:colorbar update normal <matplotlib.colors.Normalize object at 0x77c007daab30> <matplotlib.colors.Normalize object at 0x77c007daab30>
DEBUG:matplotlib.colorbar:locator: <matplotlib.ticker.AutoLocator object at 0x77bfbfc59780>
DEBUG:matplotlib.colorbar:colorbar update normal <matplotlib.colors.Normalize object at 0x77c007daab30> <matplotlib.colors.Normalize object at 0x77c007daab30>
DEBUG:matplotlib.colorbar:locator: <matplotlib.ticker.AutoLocator object at 0x77bfbfc59780>
DEBUG:matplotlib.colorbar:locator: <matplotlib.ticker.AutoLocator object at 0x77c007d853f0>
DEBUG:matplotlib.colorbar:colorbar update normal <matplotlib.colors.Normalize object at 0x77c007dd4ee0> <matplotlib.colors.Normalize object at 0x77c007dd4ee0>
DEBUG:matplotlib.colorbar:locator: <matplotlib.ticker.AutoLocator object at 0x77c007d853f0>
DEBUG:matplotlib.colorbar:colorbar update normal <matplotlib.colors.Normalize object at 0x77c007dd4ee0> <matplotlib.colors.Normalize object at 0x77c007dd4ee0>
DEBUG:matplotlib.colorbar:locator: <matplotlib.ticker.AutoLocator object at 0x77c007d853f0>
DEBUG:matplotlib.colorbar:locator: <matplotlib.ticker.AutoLocator object at 0x77bfbfca4e80>
DEBUG:matplotlib.colorbar:colorbar update normal <matplotlib.colors.Normalize object at 0x77bfbfc5fd00> <matplotlib.colors.Normalize object at 0x77bfbfc5fd00>
DEBUG:matplotlib.colorbar:locator: <matplotlib.ticker.AutoLocator object at 0x77bfbfca4e80>
DEBUG:matplotlib.colorbar:colorbar update normal <matplotlib.colors.Normalize object at 0x77bfbfc5fd00> <matplotlib.colors.Normalize object at 0x77bfbfc5fd00>
DEBUG:matplotlib.colorbar:locator: <matplotlib.ticker.AutoLocator object at 0x77bfbfca4e80>
DEBUG:matplotlib.colorbar:locator: <matplotlib.ticker.AutoLocator object at 0x77c007f10640>
DEBUG:matplotlib.colorbar:colorbar update normal <matplotlib.colors.Normalize object at 0x77c007dd44c0> <matplotlib.colors.Normalize object at 0x77c007dd44c0>
DEBUG:matplotlib.colorbar:locator: <matplotlib.ticker.AutoLocator object at 0x77c007f10640>
DEBUG:matplotlib.colorbar:colorbar update normal <matplotlib.colors.Normalize object at 0x77c007dd44c0> <matplotlib.colors.Normalize object at 0x77c007dd44c0>
DEBUG:matplotlib.colorbar:locator: <matplotlib.ticker.AutoLocator object at 0x77c007f10640>
DEBUG:matplotlib.colorbar:locator: <matplotlib.ticker.AutoLocator object at 0x77c007edc610>
DEBUG:matplotlib.colorbar:colorbar update normal <matplotlib.colors.Normalize object at 0x77c007dd55d0> <matplotlib.colors.Normalize object at 0x77c007dd55d0>
DEBUG:matplotlib.colorbar:locator: <matplotlib.ticker.AutoLocator object at 0x77c007edc610>
DEBUG:matplotlib.colorbar:colorbar update normal <matplotlib.colors.Normalize object at 0x77c007dd55d0> <matplotlib.colors.Normalize object at 0x77c007dd55d0>
DEBUG:matplotlib.colorbar:locator: <matplotlib.ticker.AutoLocator object at 0x77c007edc610>
DEBUG:matplotlib.colorbar:locator: <matplotlib.ticker.AutoLocator object at 0x77c007f12b00>
DEBUG:matplotlib.colorbar:colorbar update normal <matplotlib.colors.Normalize object at 0x77c007e07430> <matplotlib.colors.Normalize object at 0x77c007e07430>
DEBUG:matplotlib.colorbar:locator: <matplotlib.ticker.AutoLocator object at 0x77c007f12b00>
DEBUG:matplotlib.colorbar:colorbar update normal <matplotlib.colors.Normalize object at 0x77c007e07430> <matplotlib.colors.Normalize object at 0x77c007e07430>
DEBUG:matplotlib.colorbar:locator: <matplotlib.ticker.AutoLocator object at 0x77c007f12b00>
DEBUG:matplotlib.colorbar:locator: <matplotlib.ticker.AutoLocator object at 0x77c007dd76a0>
DEBUG:matplotlib.colorbar:colorbar update normal <matplotlib.colors.Normalize object at 0x77c007e04b80> <matplotlib.colors.Normalize object at 0x77c007e04b80>
DEBUG:matplotlib.colorbar:locator: <matplotlib.ticker.AutoLocator object at 0x77c007dd76a0>
DEBUG:matplotlib.colorbar:colorbar update normal <matplotlib.colors.Normalize object at 0x77c007e04b80> <matplotlib.colors.Normalize object at 0x77c007e04b80>
DEBUG:matplotlib.colorbar:locator: <matplotlib.ticker.AutoLocator object at 0x77c007dd76a0>
DEBUG:matplotlib.colorbar:locator: <matplotlib.ticker.AutoLocator object at 0x77c008028b20>
DEBUG:root:key 0= ntype_uda
DEBUG:root:keys 1= dict_keys(['ntype_uda', 'ctype_hex'])
DEBUG:root:keys 2= dict_keys(['ntype_uda', 'ctype_hex'])
DEBUG:root:
----- update_motility_params():  cdname= ntype_uda
DEBUG:root:     setting motility_substrate_dropdown (for cdname= ntype_uda ) = oxygen
DEBUG:root:     setting motility2_substrate_dropdown (for cdname= ntype_uda ) = oxygen
DEBUG:root:    chemotactic_sensitivity= {'oxygen': '0.0'}
DEBUG:root:new val = 0.0
DEBUG:root:----- leave update_motility_params()

DEBUG:root:update_secretion_params(): cdname = ntype_uda
DEBUG:root:update_secretion_params(): self.current_secretion_substrate = oxygen
DEBUG:root:{'oxygen': {'secretion_rate': '0.0', 'secretion_target': '1.0', 'uptake_rate': '0.0', 'net_export_rate': '0.0'}}
DEBUG:root:===========  run_model_cb():  ============
DEBUG:root:run_tab.py:  doing: mkdir /home/tntiniak/Work/github/Benchmarks/observatory_benchmark/multiscale_benchmark/2022_09_hackathon/Physicell/Code/output/
DEBUG:root:----------- microenv_tab.py: fill_xml(): ----------
DEBUG:root:microenv_tab.py: fill_xml(): num subtrates = 1
DEBUG:root:substrates_in_tree =['oxygen']
DEBUG:root:microrenv_tab.py: key in param_d.keys() = oxygen
DEBUG:root:matched! oxygen
DEBUG:root:microrenv_tab.py: key in param_d.keys() = gradients
DEBUG:root:microrenv_tab.py: key in param_d.keys() = track_in_agents
DEBUG:root:

----------- cell_def_tab.py: fill_xml(): ----------
DEBUG:root:num cell defs = 2
DEBUG:root:cdefs_in_tree =['ntype_uda', 'ctype_hex']
DEBUG:root:
--- key in param_d.keys() = ntype_uda
DEBUG:root:matched! ntype_uda
DEBUG:root:--- cell_adhesion_affinity= {'ntype_uda': '1.0', 'ctype_hex': '1.0'}
DEBUG:root:ntype_uda  --> 1.0
DEBUG:root:ctype_hex  --> 1.0
DEBUG:root:

 ====================> fill_xml_motility(): oxygen = oxygen 


DEBUG:root:fill_xml_motility(): {'oxygen': '0.0'}
DEBUG:root:oxygen  --> 0.0
DEBUG:root:

 ====================> fill_xml_secretion()

DEBUG:root:self.substrate_list = ['oxygen']
DEBUG:root:substrate = oxygen
DEBUG:root:------------------- fill_xml_interactions():  cdef= ntype_uda
DEBUG:root:--- live_phagocytosis_rate= {'': '0.0', 'ntype_uda': '0.0', 'ctype_hex': '0.0'}
DEBUG:root:  key in live_phagocytosis_rate= 
DEBUG:root:  key in live_phagocytosis_rate= ntype_uda
DEBUG:root:ntype_uda  --> 0.0
DEBUG:root:  key in live_phagocytosis_rate= ctype_hex
DEBUG:root:ctype_hex  --> 0.0
DEBUG:root:--- attack_rate= {'': '0.0', 'ntype_uda': '0.0', 'ctype_hex': '0.0'}
DEBUG:root:ntype_uda  --> 0.0
DEBUG:root:ctype_hex  --> 0.0
DEBUG:root:--- fusion_rate= {'': '0.0', 'ntype_uda': '0.0', 'ctype_hex': '0.0'}
DEBUG:root:ntype_uda  --> 0.0
DEBUG:root:ctype_hex  --> 0.0
DEBUG:root:ntype_uda  --> 0.0
DEBUG:root:ctype_hex  --> 0.0
DEBUG:root:------------------- cell_def_tab.py:  fill_xml_intracellular()
DEBUG:root:------ ["intracellular"]: for ntype_uda
DEBUG:root:None
DEBUG:root:

DEBUG:root:------ ["custom_data"]: for ntype_uda
DEBUG:root:------ ["initial_parameter_distributions"]: for ntype_uda
DEBUG:root:
--- key in param_d.keys() = ctype_hex
DEBUG:root:matched! ctype_hex
DEBUG:root:--- cell_adhesion_affinity= {'ntype_uda': '1.0', 'ctype_hex': '1.0'}
DEBUG:root:ntype_uda  --> 1.0
DEBUG:root:ctype_hex  --> 1.0
DEBUG:root:

 ====================> fill_xml_motility(): oxygen = oxygen 


DEBUG:root:fill_xml_motility(): {'oxygen': '0.0'}
DEBUG:root:oxygen  --> 0.0
DEBUG:root:

 ====================> fill_xml_secretion()

DEBUG:root:self.substrate_list = ['oxygen']
DEBUG:root:substrate = oxygen
DEBUG:root:------------------- fill_xml_interactions():  cdef= ctype_hex
DEBUG:root:--- live_phagocytosis_rate= {'': '0.0', 'ntype_uda': '0.0', 'ctype_hex': '0.0'}
DEBUG:root:  key in live_phagocytosis_rate= 
DEBUG:root:  key in live_phagocytosis_rate= ntype_uda
DEBUG:root:ntype_uda  --> 0.0
DEBUG:root:  key in live_phagocytosis_rate= ctype_hex
DEBUG:root:ctype_hex  --> 0.0
DEBUG:root:--- attack_rate= {'': '0.0', 'ntype_uda': '0.0', 'ctype_hex': '0.0'}
DEBUG:root:ntype_uda  --> 0.0
DEBUG:root:ctype_hex  --> 0.0
DEBUG:root:--- fusion_rate= {'': '0.0', 'ntype_uda': '0.0', 'ctype_hex': '0.0'}
DEBUG:root:ntype_uda  --> 0.0
DEBUG:root:ctype_hex  --> 0.0
DEBUG:root:ntype_uda  --> 0.0
DEBUG:root:ctype_hex  --> 0.0
DEBUG:root:------------------- cell_def_tab.py:  fill_xml_intracellular()
DEBUG:root:------ ["intracellular"]: for ctype_hex
DEBUG:root:None
DEBUG:root:

DEBUG:root:------ ["custom_data"]: for ctype_hex
DEBUG:root:------ ["initial_parameter_distributions"]: for ctype_hex
DEBUG:root:----------- end cell_def_tab.py: fill_xml(): ----------
DEBUG:root:
--------- user_params_tab.py:  fill_xml(): self.count = 100
DEBUG:root:--------- found //user_parameters
DEBUG:root:random_seed
DEBUG:root:number_of_cells
DEBUG:root:friction_coeff
DEBUG:root:found 3
DEBUG:matplotlib.colorbar:colorbar update normal <matplotlib.colors.Normalize object at 0x77c007d87580> <matplotlib.colors.Normalize object at 0x77c007d87580>
DEBUG:matplotlib.colorbar:locator: <matplotlib.ticker.AutoLocator object at 0x77c008028b20>
DEBUG:matplotlib.colorbar:colorbar update normal <matplotlib.colors.Normalize object at 0x77c007d87580> <matplotlib.colors.Normalize object at 0x77c007d87580>
DEBUG:matplotlib.colorbar:locator: <matplotlib.ticker.AutoLocator object at 0x77c008028b20>
DEBUG:matplotlib.colorbar:locator: <matplotlib.ticker.AutoLocator object at 0x77c007d87610>
DEBUG:matplotlib.colorbar:colorbar update normal <matplotlib.colors.Normalize object at 0x77c007c3a7a0> <matplotlib.colors.Normalize object at 0x77c007c3a7a0>
DEBUG:matplotlib.colorbar:locator: <matplotlib.ticker.AutoLocator object at 0x77c007d87610>
DEBUG:matplotlib.colorbar:colorbar update normal <matplotlib.colors.Normalize object at 0x77c007c3a7a0> <matplotlib.colors.Normalize object at 0x77c007c3a7a0>
DEBUG:matplotlib.colorbar:locator: <matplotlib.ticker.AutoLocator object at 0x77c007d87610>
DEBUG:matplotlib.colorbar:locator: <matplotlib.ticker.AutoLocator object at 0x77c007d84d00>
DEBUG:matplotlib.colorbar:colorbar update normal <matplotlib.colors.Normalize object at 0x77bfbfcfd240> <matplotlib.colors.Normalize object at 0x77bfbfcfd240>
DEBUG:matplotlib.colorbar:locator: <matplotlib.ticker.AutoLocator object at 0x77c007d84d00>
DEBUG:matplotlib.colorbar:colorbar update normal <matplotlib.colors.Normalize object at 0x77bfbfcfd240> <matplotlib.colors.Normalize object at 0x77bfbfcfd240>
DEBUG:matplotlib.colorbar:locator: <matplotlib.ticker.AutoLocator object at 0x77c007d84d00>
DEBUG:matplotlib.colorbar:locator: <matplotlib.ticker.AutoLocator object at 0x77bfbfc963b0>
DEBUG:matplotlib.colorbar:colorbar update normal <matplotlib.colors.Normalize object at 0x77c007dab190> <matplotlib.colors.Normalize object at 0x77c007dab190>
DEBUG:matplotlib.colorbar:locator: <matplotlib.ticker.AutoLocator object at 0x77bfbfc963b0>
DEBUG:matplotlib.colorbar:colorbar update normal <matplotlib.colors.Normalize object at 0x77c007dab190> <matplotlib.colors.Normalize object at 0x77c007dab190>
DEBUG:matplotlib.colorbar:locator: <matplotlib.ticker.AutoLocator object at 0x77bfbfc963b0>
DEBUG:matplotlib.colorbar:locator: <matplotlib.ticker.AutoLocator object at 0x77c007dd4220>
DEBUG:matplotlib.colorbar:colorbar update normal <matplotlib.colors.Normalize object at 0x77c007c7e7d0> <matplotlib.colors.Normalize object at 0x77c007c7e7d0>
DEBUG:matplotlib.colorbar:locator: <matplotlib.ticker.AutoLocator object at 0x77c007dd4220>
DEBUG:matplotlib.colorbar:colorbar update normal <matplotlib.colors.Normalize object at 0x77c007c7e7d0> <matplotlib.colors.Normalize object at 0x77c007c7e7d0>
DEBUG:matplotlib.colorbar:locator: <matplotlib.ticker.AutoLocator object at 0x77c007dd4220>
DEBUG:matplotlib.colorbar:locator: <matplotlib.ticker.AutoLocator object at 0x77c007dabfd0>
DEBUG:matplotlib.colorbar:colorbar update normal <matplotlib.colors.Normalize object at 0x77c007e04c40> <matplotlib.colors.Normalize object at 0x77c007e04c40>
DEBUG:matplotlib.colorbar:locator: <matplotlib.ticker.AutoLocator object at 0x77c007dabfd0>
DEBUG:matplotlib.colorbar:colorbar update normal <matplotlib.colors.Normalize object at 0x77c007e04c40> <matplotlib.colors.Normalize object at 0x77c007e04c40>
DEBUG:matplotlib.colorbar:locator: <matplotlib.ticker.AutoLocator object at 0x77c007dabfd0>
DEBUG:matplotlib.colorbar:locator: <matplotlib.ticker.AutoLocator object at 0x77bfbfca5f90>
DEBUG:matplotlib.colorbar:colorbar update normal <matplotlib.colors.Normalize object at 0x77c007c7dea0> <matplotlib.colors.Normalize object at 0x77c007c7dea0>
DEBUG:matplotlib.colorbar:locator: <matplotlib.ticker.AutoLocator object at 0x77bfbfca5f90>
DEBUG:matplotlib.colorbar:colorbar update normal <matplotlib.colors.Normalize object at 0x77c007c7dea0> <matplotlib.colors.Normalize object at 0x77c007c7dea0>
DEBUG:matplotlib.colorbar:locator: <matplotlib.ticker.AutoLocator object at 0x77bfbfca5f90>
DEBUG:matplotlib.colorbar:locator: <matplotlib.ticker.AutoLocator object at 0x77c007c7f2e0>
DEBUG:matplotlib.colorbar:colorbar update normal <matplotlib.colors.Normalize object at 0x77bfbfcb39a0> <matplotlib.colors.Normalize object at 0x77bfbfcb39a0>
DEBUG:matplotlib.colorbar:locator: <matplotlib.ticker.AutoLocator object at 0x77c007c7f2e0>
DEBUG:matplotlib.colorbar:colorbar update normal <matplotlib.colors.Normalize object at 0x77bfbfcb39a0> <matplotlib.colors.Normalize object at 0x77bfbfcb39a0>
DEBUG:matplotlib.colorbar:locator: <matplotlib.ticker.AutoLocator object at 0x77c007c7f2e0>
DEBUG:matplotlib.colorbar:locator: <matplotlib.ticker.AutoLocator object at 0x77c007f11cc0>
DEBUG:matplotlib.colorbar:colorbar update normal <matplotlib.colors.Normalize object at 0x77c008203430> <matplotlib.colors.Normalize object at 0x77c008203430>
DEBUG:matplotlib.colorbar:locator: <matplotlib.ticker.AutoLocator object at 0x77c007f11cc0>
DEBUG:matplotlib.colorbar:colorbar update normal <matplotlib.colors.Normalize object at 0x77c008203430> <matplotlib.colors.Normalize object at 0x77c008203430>
DEBUG:matplotlib.colorbar:locator: <matplotlib.ticker.AutoLocator object at 0x77c007f11cc0>
DEBUG:matplotlib.colorbar:locator: <matplotlib.ticker.AutoLocator object at 0x77c007f11660>
DEBUG:matplotlib.colorbar:colorbar update normal <matplotlib.colors.Normalize object at 0x77bfbfca70a0> <matplotlib.colors.Normalize object at 0x77bfbfca70a0>
DEBUG:matplotlib.colorbar:locator: <matplotlib.ticker.AutoLocator object at 0x77c007f11660>
DEBUG:matplotlib.colorbar:colorbar update normal <matplotlib.colors.Normalize object at 0x77bfbfca70a0> <matplotlib.colors.Normalize object at 0x77bfbfca70a0>
DEBUG:matplotlib.colorbar:locator: <matplotlib.ticker.AutoLocator object at 0x77c007f11660>
DEBUG:matplotlib.colorbar:locator: <matplotlib.ticker.AutoLocator object at 0x77c007f11420>
DEBUG:matplotlib.colorbar:colorbar update normal <matplotlib.colors.Normalize object at 0x77c008171a50> <matplotlib.colors.Normalize object at 0x77c008171a50>
DEBUG:matplotlib.colorbar:locator: <matplotlib.ticker.AutoLocator object at 0x77c007f11420>
DEBUG:matplotlib.colorbar:colorbar update normal <matplotlib.colors.Normalize object at 0x77c008171a50> <matplotlib.colors.Normalize object at 0x77c008171a50>
DEBUG:matplotlib.colorbar:locator: <matplotlib.ticker.AutoLocator object at 0x77c007f11420>
DEBUG:matplotlib.colorbar:locator: <matplotlib.ticker.AutoLocator object at 0x77bfbfca5030>
DEBUG:matplotlib.colorbar:colorbar update normal <matplotlib.colors.Normalize object at 0x77bfbfc977c0> <matplotlib.colors.Normalize object at 0x77bfbfc977c0>
DEBUG:matplotlib.colorbar:locator: <matplotlib.ticker.AutoLocator object at 0x77bfbfca5030>
DEBUG:matplotlib.colorbar:colorbar update normal <matplotlib.colors.Normalize object at 0x77bfbfc977c0> <matplotlib.colors.Normalize object at 0x77bfbfc977c0>
DEBUG:matplotlib.colorbar:locator: <matplotlib.ticker.AutoLocator object at 0x77bfbfca5030>
DEBUG:matplotlib.colorbar:locator: <matplotlib.ticker.AutoLocator object at 0x77c008171f90>
DEBUG:matplotlib.colorbar:colorbar update normal <matplotlib.colors.Normalize object at 0x77bfbfd7a0e0> <matplotlib.colors.Normalize object at 0x77bfbfd7a0e0>
DEBUG:matplotlib.colorbar:locator: <matplotlib.ticker.AutoLocator object at 0x77c008171f90>
DEBUG:matplotlib.colorbar:colorbar update normal <matplotlib.colors.Normalize object at 0x77bfbfd7a0e0> <matplotlib.colors.Normalize object at 0x77bfbfd7a0e0>
DEBUG:matplotlib.colorbar:locator: <matplotlib.ticker.AutoLocator object at 0x77c008171f90>
DEBUG:matplotlib.colorbar:locator: <matplotlib.ticker.AutoLocator object at 0x77bfbfd7a410>
DEBUG:matplotlib.colorbar:colorbar update normal <matplotlib.colors.Normalize object at 0x77bfc3385060> <matplotlib.colors.Normalize object at 0x77bfc3385060>
DEBUG:matplotlib.colorbar:locator: <matplotlib.ticker.AutoLocator object at 0x77bfbfd7a410>
DEBUG:matplotlib.colorbar:colorbar update normal <matplotlib.colors.Normalize object at 0x77bfc3385060> <matplotlib.colors.Normalize object at 0x77bfc3385060>
DEBUG:matplotlib.colorbar:locator: <matplotlib.ticker.AutoLocator object at 0x77bfbfd7a410>
DEBUG:matplotlib.colorbar:locator: <matplotlib.ticker.AutoLocator object at 0x77c007dd73a0>
DEBUG:matplotlib.colorbar:colorbar update normal <matplotlib.colors.Normalize object at 0x77c007edd600> <matplotlib.colors.Normalize object at 0x77c007edd600>
DEBUG:matplotlib.colorbar:locator: <matplotlib.ticker.AutoLocator object at 0x77c007dd73a0>
DEBUG:matplotlib.colorbar:colorbar update normal <matplotlib.colors.Normalize object at 0x77c007edd600> <matplotlib.colors.Normalize object at 0x77c007edd600>
DEBUG:matplotlib.colorbar:locator: <matplotlib.ticker.AutoLocator object at 0x77c007dd73a0>
DEBUG:matplotlib.colorbar:locator: <matplotlib.ticker.AutoLocator object at 0x77c0081daa40>
DEBUG:matplotlib.colorbar:colorbar update normal <matplotlib.colors.Normalize object at 0x77c007e83c70> <matplotlib.colors.Normalize object at 0x77c007e83c70>
DEBUG:matplotlib.colorbar:locator: <matplotlib.ticker.AutoLocator object at 0x77c0081daa40>
DEBUG:matplotlib.colorbar:colorbar update normal <matplotlib.colors.Normalize object at 0x77c007e83c70> <matplotlib.colors.Normalize object at 0x77c007e83c70>
DEBUG:matplotlib.colorbar:locator: <matplotlib.ticker.AutoLocator object at 0x77c0081daa40>
DEBUG:matplotlib.colorbar:locator: <matplotlib.ticker.AutoLocator object at 0x77c007e05ab0>
DEBUG:matplotlib.colorbar:colorbar update normal <matplotlib.colors.Normalize object at 0x77c007d85090> <matplotlib.colors.Normalize object at 0x77c007d85090>
DEBUG:matplotlib.colorbar:locator: <matplotlib.ticker.AutoLocator object at 0x77c007e05ab0>
DEBUG:matplotlib.colorbar:colorbar update normal <matplotlib.colors.Normalize object at 0x77c007d85090> <matplotlib.colors.Normalize object at 0x77c007d85090>
DEBUG:matplotlib.colorbar:locator: <matplotlib.ticker.AutoLocator object at 0x77c007e05ab0>
DEBUG:matplotlib.colorbar:locator: <matplotlib.ticker.AutoLocator object at 0x77c007edc670>
DEBUG:matplotlib.colorbar:colorbar update normal <matplotlib.colors.Normalize object at 0x77c007fd92a0> <matplotlib.colors.Normalize object at 0x77c007fd92a0>
DEBUG:matplotlib.colorbar:locator: <matplotlib.ticker.AutoLocator object at 0x77c007edc670>
DEBUG:matplotlib.colorbar:colorbar update normal <matplotlib.colors.Normalize object at 0x77c007fd92a0> <matplotlib.colors.Normalize object at 0x77c007fd92a0>
DEBUG:matplotlib.colorbar:locator: <matplotlib.ticker.AutoLocator object at 0x77c007edc670>
DEBUG:matplotlib.colorbar:locator: <matplotlib.ticker.AutoLocator object at 0x77c007d87b20>
DEBUG:matplotlib.colorbar:colorbar update normal <matplotlib.colors.Normalize object at 0x77c007da8c40> <matplotlib.colors.Normalize object at 0x77c007da8c40>
DEBUG:matplotlib.colorbar:locator: <matplotlib.ticker.AutoLocator object at 0x77c007d87b20>
DEBUG:matplotlib.colorbar:colorbar update normal <matplotlib.colors.Normalize object at 0x77c007da8c40> <matplotlib.colors.Normalize object at 0x77c007da8c40>
DEBUG:matplotlib.colorbar:locator: <matplotlib.ticker.AutoLocator object at 0x77c007d87b20>
DEBUG:matplotlib.colorbar:locator: <matplotlib.ticker.AutoLocator object at 0x77c007c7c070>
DEBUG:matplotlib.colorbar:colorbar update normal <matplotlib.colors.Normalize object at 0x77bfbfc6d7e0> <matplotlib.colors.Normalize object at 0x77bfbfc6d7e0>
DEBUG:matplotlib.colorbar:locator: <matplotlib.ticker.AutoLocator object at 0x77c007c7c070>
DEBUG:matplotlib.colorbar:colorbar update normal <matplotlib.colors.Normalize object at 0x77bfbfc6d7e0> <matplotlib.colors.Normalize object at 0x77bfbfc6d7e0>
DEBUG:matplotlib.colorbar:locator: <matplotlib.ticker.AutoLocator object at 0x77c007c7c070>
DEBUG:matplotlib.colorbar:locator: <matplotlib.ticker.AutoLocator object at 0x77c007daa770>
DEBUG:matplotlib.colorbar:colorbar update normal <matplotlib.colors.Normalize object at 0x77bfbfc4eb60> <matplotlib.colors.Normalize object at 0x77bfbfc4eb60>
DEBUG:matplotlib.colorbar:locator: <matplotlib.ticker.AutoLocator object at 0x77c007daa770>
DEBUG:matplotlib.colorbar:colorbar update normal <matplotlib.colors.Normalize object at 0x77bfbfc4eb60> <matplotlib.colors.Normalize object at 0x77bfbfc4eb60>
DEBUG:matplotlib.colorbar:locator: <matplotlib.ticker.AutoLocator object at 0x77c007daa770>
DEBUG:matplotlib.colorbar:locator: <matplotlib.ticker.AutoLocator object at 0x77c007d866b0>
DEBUG:matplotlib.colorbar:colorbar update normal <matplotlib.colors.Normalize object at 0x77c007d04a60> <matplotlib.colors.Normalize object at 0x77c007d04a60>
DEBUG:matplotlib.colorbar:locator: <matplotlib.ticker.AutoLocator object at 0x77c007d866b0>
DEBUG:matplotlib.colorbar:colorbar update normal <matplotlib.colors.Normalize object at 0x77c007d04a60> <matplotlib.colors.Normalize object at 0x77c007d04a60>
DEBUG:matplotlib.colorbar:locator: <matplotlib.ticker.AutoLocator object at 0x77c007d866b0>
DEBUG:matplotlib.colorbar:locator: <matplotlib.ticker.AutoLocator object at 0x77c007d04f10>
DEBUG:matplotlib.colorbar:colorbar update normal <matplotlib.colors.Normalize object at 0x77bfbfc5ba00> <matplotlib.colors.Normalize object at 0x77bfbfc5ba00>
DEBUG:matplotlib.colorbar:locator: <matplotlib.ticker.AutoLocator object at 0x77c007d04f10>
DEBUG:matplotlib.colorbar:colorbar update normal <matplotlib.colors.Normalize object at 0x77bfbfc5ba00> <matplotlib.colors.Normalize object at 0x77bfbfc5ba00>
DEBUG:matplotlib.colorbar:locator: <matplotlib.ticker.AutoLocator object at 0x77c007d04f10>
DEBUG:matplotlib.colorbar:locator: <matplotlib.ticker.AutoLocator object at 0x77c007d055a0>
DEBUG:matplotlib.colorbar:colorbar update normal <matplotlib.colors.Normalize object at 0x77c00790b370> <matplotlib.colors.Normalize object at 0x77c00790b370>
DEBUG:matplotlib.colorbar:locator: <matplotlib.ticker.AutoLocator object at 0x77c007d055a0>
DEBUG:matplotlib.colorbar:colorbar update normal <matplotlib.colors.Normalize object at 0x77c00790b370> <matplotlib.colors.Normalize object at 0x77c00790b370>
DEBUG:matplotlib.colorbar:locator: <matplotlib.ticker.AutoLocator object at 0x77c007d055a0>
DEBUG:matplotlib.colorbar:locator: <matplotlib.ticker.AutoLocator object at 0x77bfbfc59c00>
DEBUG:matplotlib.colorbar:colorbar update normal <matplotlib.colors.Normalize object at 0x77c00790ba00> <matplotlib.colors.Normalize object at 0x77c00790ba00>
DEBUG:matplotlib.colorbar:locator: <matplotlib.ticker.AutoLocator object at 0x77bfbfc59c00>
DEBUG:matplotlib.colorbar:colorbar update normal <matplotlib.colors.Normalize object at 0x77c00790ba00> <matplotlib.colors.Normalize object at 0x77c00790ba00>
DEBUG:matplotlib.colorbar:locator: <matplotlib.ticker.AutoLocator object at 0x77bfbfc59c00>
DEBUG:matplotlib.colorbar:locator: <matplotlib.ticker.AutoLocator object at 0x77c007908520>
DEBUG:matplotlib.colorbar:colorbar update normal <matplotlib.colors.Normalize object at 0x77c007eb5a50> <matplotlib.colors.Normalize object at 0x77c007eb5a50>
DEBUG:matplotlib.colorbar:locator: <matplotlib.ticker.AutoLocator object at 0x77c007908520>
DEBUG:matplotlib.colorbar:colorbar update normal <matplotlib.colors.Normalize object at 0x77c007eb5a50> <matplotlib.colors.Normalize object at 0x77c007eb5a50>
DEBUG:matplotlib.colorbar:locator: <matplotlib.ticker.AutoLocator object at 0x77c007908520>
DEBUG:matplotlib.colorbar:locator: <matplotlib.ticker.AutoLocator object at 0x77bfbfc4eb30>
DEBUG:matplotlib.colorbar:colorbar update normal <matplotlib.colors.Normalize object at 0x77c007934220> <matplotlib.colors.Normalize object at 0x77c007934220>
DEBUG:matplotlib.colorbar:locator: <matplotlib.ticker.AutoLocator object at 0x77bfbfc4eb30>
DEBUG:matplotlib.colorbar:colorbar update normal <matplotlib.colors.Normalize object at 0x77c007934220> <matplotlib.colors.Normalize object at 0x77c007934220>
DEBUG:matplotlib.colorbar:locator: <matplotlib.ticker.AutoLocator object at 0x77bfbfc4eb30>
DEBUG:matplotlib.colorbar:locator: <matplotlib.ticker.AutoLocator object at 0x77c007d079d0>
DEBUG:matplotlib.colorbar:colorbar update normal <matplotlib.colors.Normalize object at 0x77c00790b5b0> <matplotlib.colors.Normalize object at 0x77c00790b5b0>
DEBUG:matplotlib.colorbar:locator: <matplotlib.ticker.AutoLocator object at 0x77c007d079d0>
DEBUG:matplotlib.colorbar:colorbar update normal <matplotlib.colors.Normalize object at 0x77c00790b5b0> <matplotlib.colors.Normalize object at 0x77c00790b5b0>
DEBUG:matplotlib.colorbar:locator: <matplotlib.ticker.AutoLocator object at 0x77c007d079d0>
DEBUG:matplotlib.colorbar:locator: <matplotlib.ticker.AutoLocator object at 0x77c007d06680>
DEBUG:matplotlib.colorbar:colorbar update normal <matplotlib.colors.Normalize object at 0x77c007936e30> <matplotlib.colors.Normalize object at 0x77c007936e30>
DEBUG:matplotlib.colorbar:locator: <matplotlib.ticker.AutoLocator object at 0x77c007d06680>
DEBUG:matplotlib.colorbar:colorbar update normal <matplotlib.colors.Normalize object at 0x77c007936e30> <matplotlib.colors.Normalize object at 0x77c007936e30>
DEBUG:matplotlib.colorbar:locator: <matplotlib.ticker.AutoLocator object at 0x77c007d06680>
DEBUG:matplotlib.colorbar:locator: <matplotlib.ticker.AutoLocator object at 0x77c007dd6800>
DEBUG:matplotlib.colorbar:colorbar update normal <matplotlib.colors.Normalize object at 0x77c007fd86d0> <matplotlib.colors.Normalize object at 0x77c007fd86d0>
DEBUG:matplotlib.colorbar:locator: <matplotlib.ticker.AutoLocator object at 0x77c007dd6800>
DEBUG:matplotlib.colorbar:colorbar update normal <matplotlib.colors.Normalize object at 0x77c007fd86d0> <matplotlib.colors.Normalize object at 0x77c007fd86d0>
DEBUG:matplotlib.colorbar:locator: <matplotlib.ticker.AutoLocator object at 0x77c007dd6800>
DEBUG:matplotlib.colorbar:locator: <matplotlib.ticker.AutoLocator object at 0x77c007c98d90>
DEBUG:matplotlib.colorbar:colorbar update normal <matplotlib.colors.Normalize object at 0x77c007d064a0> <matplotlib.colors.Normalize object at 0x77c007d064a0>
DEBUG:matplotlib.colorbar:locator: <matplotlib.ticker.AutoLocator object at 0x77c007c98d90>
DEBUG:matplotlib.colorbar:colorbar update normal <matplotlib.colors.Normalize object at 0x77c007d064a0> <matplotlib.colors.Normalize object at 0x77c007d064a0>
DEBUG:matplotlib.colorbar:locator: <matplotlib.ticker.AutoLocator object at 0x77c007c98d90>
DEBUG:matplotlib.colorbar:locator: <matplotlib.ticker.AutoLocator object at 0x77c007908910>
DEBUG:matplotlib.colorbar:colorbar update normal <matplotlib.colors.Normalize object at 0x77c007934d00> <matplotlib.colors.Normalize object at 0x77c007934d00>
DEBUG:matplotlib.colorbar:locator: <matplotlib.ticker.AutoLocator object at 0x77c007908910>
DEBUG:matplotlib.colorbar:colorbar update normal <matplotlib.colors.Normalize object at 0x77c007934d00> <matplotlib.colors.Normalize object at 0x77c007934d00>
DEBUG:matplotlib.colorbar:locator: <matplotlib.ticker.AutoLocator object at 0x77c007908910>
DEBUG:matplotlib.colorbar:locator: <matplotlib.ticker.AutoLocator object at 0x77c007909ae0>
DEBUG:matplotlib.colorbar:colorbar update normal <matplotlib.colors.Normalize object at 0x77c007908280> <matplotlib.colors.Normalize object at 0x77c007908280>
DEBUG:matplotlib.colorbar:locator: <matplotlib.ticker.AutoLocator object at 0x77c007909ae0>
DEBUG:matplotlib.colorbar:colorbar update normal <matplotlib.colors.Normalize object at 0x77c007908280> <matplotlib.colors.Normalize object at 0x77c007908280>
DEBUG:matplotlib.colorbar:locator: <matplotlib.ticker.AutoLocator object at 0x77c007909ae0>
DEBUG:matplotlib.colorbar:locator: <matplotlib.ticker.AutoLocator object at 0x77c007937940>
DEBUG:matplotlib.colorbar:colorbar update normal <matplotlib.colors.Normalize object at 0x77c007967b80> <matplotlib.colors.Normalize object at 0x77c007967b80>
DEBUG:matplotlib.colorbar:locator: <matplotlib.ticker.AutoLocator object at 0x77c007937940>
DEBUG:matplotlib.colorbar:colorbar update normal <matplotlib.colors.Normalize object at 0x77c007967b80> <matplotlib.colors.Normalize object at 0x77c007967b80>
DEBUG:matplotlib.colorbar:locator: <matplotlib.ticker.AutoLocator object at 0x77c007937940>
DEBUG:matplotlib.colorbar:locator: <matplotlib.ticker.AutoLocator object at 0x77c0079350c0>
DEBUG:matplotlib.colorbar:colorbar update normal <matplotlib.colors.Normalize object at 0x77c007989480> <matplotlib.colors.Normalize object at 0x77c007989480>
DEBUG:matplotlib.colorbar:locator: <matplotlib.ticker.AutoLocator object at 0x77c0079350c0>
DEBUG:matplotlib.colorbar:colorbar update normal <matplotlib.colors.Normalize object at 0x77c007989480> <matplotlib.colors.Normalize object at 0x77c007989480>
DEBUG:matplotlib.colorbar:locator: <matplotlib.ticker.AutoLocator object at 0x77c0079350c0>
DEBUG:matplotlib.colorbar:locator: <matplotlib.ticker.AutoLocator object at 0x77c007dd66e0>
DEBUG:matplotlib.colorbar:colorbar update normal <matplotlib.colors.Normalize object at 0x77c00798a6b0> <matplotlib.colors.Normalize object at 0x77c00798a6b0>
DEBUG:matplotlib.colorbar:locator: <matplotlib.ticker.AutoLocator object at 0x77c007dd66e0>
DEBUG:matplotlib.colorbar:colorbar update normal <matplotlib.colors.Normalize object at 0x77c00798a6b0> <matplotlib.colors.Normalize object at 0x77c00798a6b0>
DEBUG:matplotlib.colorbar:locator: <matplotlib.ticker.AutoLocator object at 0x77c007dd66e0>
DEBUG:matplotlib.colorbar:locator: <matplotlib.ticker.AutoLocator object at 0x77c00798b550>
DEBUG:matplotlib.colorbar:colorbar update normal <matplotlib.colors.Normalize object at 0x77c007964b50> <matplotlib.colors.Normalize object at 0x77c007964b50>
DEBUG:matplotlib.colorbar:locator: <matplotlib.ticker.AutoLocator object at 0x77c00798b550>
DEBUG:matplotlib.colorbar:colorbar update normal <matplotlib.colors.Normalize object at 0x77c007964b50> <matplotlib.colors.Normalize object at 0x77c007964b50>
DEBUG:matplotlib.colorbar:locator: <matplotlib.ticker.AutoLocator object at 0x77c00798b550>
DEBUG:matplotlib.colorbar:locator: <matplotlib.ticker.AutoLocator object at 0x77c00798a680>
DEBUG:matplotlib.colorbar:colorbar update normal <matplotlib.colors.Normalize object at 0x77c007988820> <matplotlib.colors.Normalize object at 0x77c007988820>
DEBUG:matplotlib.colorbar:locator: <matplotlib.ticker.AutoLocator object at 0x77c00798a680>
DEBUG:matplotlib.colorbar:colorbar update normal <matplotlib.colors.Normalize object at 0x77c007988820> <matplotlib.colors.Normalize object at 0x77c007988820>
DEBUG:matplotlib.colorbar:locator: <matplotlib.ticker.AutoLocator object at 0x77c00798a680>
DEBUG:matplotlib.colorbar:locator: <matplotlib.ticker.AutoLocator object at 0x77c007dd4760>
DEBUG:matplotlib.colorbar:colorbar update normal <matplotlib.colors.Normalize object at 0x77c0079671c0> <matplotlib.colors.Normalize object at 0x77c0079671c0>
DEBUG:matplotlib.colorbar:locator: <matplotlib.ticker.AutoLocator object at 0x77c007dd4760>
DEBUG:matplotlib.colorbar:colorbar update normal <matplotlib.colors.Normalize object at 0x77c0079671c0> <matplotlib.colors.Normalize object at 0x77c0079671c0>
DEBUG:matplotlib.colorbar:locator: <matplotlib.ticker.AutoLocator object at 0x77c007dd4760>
DEBUG:matplotlib.colorbar:locator: <matplotlib.ticker.AutoLocator object at 0x77c007e23370>
DEBUG:matplotlib.colorbar:colorbar update normal <matplotlib.colors.Normalize object at 0x77c0079c5420> <matplotlib.colors.Normalize object at 0x77c0079c5420>
DEBUG:matplotlib.colorbar:locator: <matplotlib.ticker.AutoLocator object at 0x77c007e23370>
DEBUG:matplotlib.colorbar:colorbar update normal <matplotlib.colors.Normalize object at 0x77c0079c5420> <matplotlib.colors.Normalize object at 0x77c0079c5420>
DEBUG:matplotlib.colorbar:locator: <matplotlib.ticker.AutoLocator object at 0x77c007e23370>
DEBUG:matplotlib.colorbar:locator: <matplotlib.ticker.AutoLocator object at 0x77c007ff0490>
DEBUG:matplotlib.colorbar:colorbar update normal <matplotlib.colors.Normalize object at 0x77c0079c7c40> <matplotlib.colors.Normalize object at 0x77c0079c7c40>
DEBUG:matplotlib.colorbar:locator: <matplotlib.ticker.AutoLocator object at 0x77c007ff0490>
DEBUG:matplotlib.colorbar:colorbar update normal <matplotlib.colors.Normalize object at 0x77c0079c7c40> <matplotlib.colors.Normalize object at 0x77c0079c7c40>
DEBUG:matplotlib.colorbar:locator: <matplotlib.ticker.AutoLocator object at 0x77c007ff0490>
DEBUG:matplotlib.colorbar:locator: <matplotlib.ticker.AutoLocator object at 0x77c0079c4e50>
DEBUG:matplotlib.colorbar:colorbar update normal <matplotlib.colors.Normalize object at 0x77c007805a50> <matplotlib.colors.Normalize object at 0x77c007805a50>
DEBUG:matplotlib.colorbar:locator: <matplotlib.ticker.AutoLocator object at 0x77c0079c4e50>
DEBUG:matplotlib.colorbar:colorbar update normal <matplotlib.colors.Normalize object at 0x77c007805a50> <matplotlib.colors.Normalize object at 0x77c007805a50>
DEBUG:matplotlib.colorbar:locator: <matplotlib.ticker.AutoLocator object at 0x77c0079c4e50>
DEBUG:matplotlib.colorbar:locator: <matplotlib.ticker.AutoLocator object at 0x77c007ff1000>
DEBUG:matplotlib.colorbar:colorbar update normal <matplotlib.colors.Normalize object at 0x77c0079c63e0> <matplotlib.colors.Normalize object at 0x77c0079c63e0>
DEBUG:matplotlib.colorbar:locator: <matplotlib.ticker.AutoLocator object at 0x77c007ff1000>
DEBUG:matplotlib.colorbar:colorbar update normal <matplotlib.colors.Normalize object at 0x77c0079c63e0> <matplotlib.colors.Normalize object at 0x77c0079c63e0>
DEBUG:matplotlib.colorbar:locator: <matplotlib.ticker.AutoLocator object at 0x77c007ff1000>
DEBUG:matplotlib.colorbar:locator: <matplotlib.ticker.AutoLocator object at 0x77c007ff2980>
DEBUG:matplotlib.colorbar:colorbar update normal <matplotlib.colors.Normalize object at 0x77c007804490> <matplotlib.colors.Normalize object at 0x77c007804490>
DEBUG:matplotlib.colorbar:locator: <matplotlib.ticker.AutoLocator object at 0x77c007ff2980>
DEBUG:matplotlib.colorbar:colorbar update normal <matplotlib.colors.Normalize object at 0x77c007804490> <matplotlib.colors.Normalize object at 0x77c007804490>
DEBUG:matplotlib.colorbar:locator: <matplotlib.ticker.AutoLocator object at 0x77c007ff2980>
DEBUG:matplotlib.colorbar:locator: <matplotlib.ticker.AutoLocator object at 0x77c0079097b0>
DEBUG:matplotlib.colorbar:colorbar update normal <matplotlib.colors.Normalize object at 0x77c007dd6110> <matplotlib.colors.Normalize object at 0x77c007dd6110>
DEBUG:matplotlib.colorbar:locator: <matplotlib.ticker.AutoLocator object at 0x77c0079097b0>
DEBUG:matplotlib.colorbar:colorbar update normal <matplotlib.colors.Normalize object at 0x77c007dd6110> <matplotlib.colors.Normalize object at 0x77c007dd6110>
DEBUG:matplotlib.colorbar:locator: <matplotlib.ticker.AutoLocator object at 0x77c0079097b0>
DEBUG:matplotlib.colorbar:locator: <matplotlib.ticker.AutoLocator object at 0x77bfbfc6dba0>
DEBUG:matplotlib.colorbar:colorbar update normal <matplotlib.colors.Normalize object at 0x77c007eb4610> <matplotlib.colors.Normalize object at 0x77c007eb4610>
DEBUG:matplotlib.colorbar:locator: <matplotlib.ticker.AutoLocator object at 0x77bfbfc6dba0>
DEBUG:matplotlib.colorbar:colorbar update normal <matplotlib.colors.Normalize object at 0x77c007eb4610> <matplotlib.colors.Normalize object at 0x77c007eb4610>
DEBUG:matplotlib.colorbar:locator: <matplotlib.ticker.AutoLocator object at 0x77bfbfc6dba0>
DEBUG:matplotlib.colorbar:locator: <matplotlib.ticker.AutoLocator object at 0x77c007f4c2e0>
DEBUG:matplotlib.colorbar:colorbar update normal <matplotlib.colors.Normalize object at 0x77c007d86500> <matplotlib.colors.Normalize object at 0x77c007d86500>
DEBUG:matplotlib.colorbar:locator: <matplotlib.ticker.AutoLocator object at 0x77c007f4c2e0>
DEBUG:matplotlib.colorbar:colorbar update normal <matplotlib.colors.Normalize object at 0x77c007d86500> <matplotlib.colors.Normalize object at 0x77c007d86500>
DEBUG:matplotlib.colorbar:locator: <matplotlib.ticker.AutoLocator object at 0x77c007f4c2e0>
DEBUG:matplotlib.colorbar:locator: <matplotlib.ticker.AutoLocator object at 0x77bfbfc5a530>
DEBUG:matplotlib.colorbar:colorbar update normal <matplotlib.colors.Normalize object at 0x77c007c38df0> <matplotlib.colors.Normalize object at 0x77c007c38df0>
DEBUG:matplotlib.colorbar:locator: <matplotlib.ticker.AutoLocator object at 0x77bfbfc5a530>
DEBUG:matplotlib.colorbar:colorbar update normal <matplotlib.colors.Normalize object at 0x77c007c38df0> <matplotlib.colors.Normalize object at 0x77c007c38df0>
DEBUG:matplotlib.colorbar:locator: <matplotlib.ticker.AutoLocator object at 0x77bfbfc5a530>
DEBUG:matplotlib.colorbar:locator: <matplotlib.ticker.AutoLocator object at 0x77c007d86230>
DEBUG:matplotlib.colorbar:colorbar update normal <matplotlib.colors.Normalize object at 0x77c007e55b70> <matplotlib.colors.Normalize object at 0x77c007e55b70>
DEBUG:matplotlib.colorbar:locator: <matplotlib.ticker.AutoLocator object at 0x77c007d86230>
DEBUG:matplotlib.colorbar:colorbar update normal <matplotlib.colors.Normalize object at 0x77c007e55b70> <matplotlib.colors.Normalize object at 0x77c007e55b70>
DEBUG:matplotlib.colorbar:locator: <matplotlib.ticker.AutoLocator object at 0x77c007d86230>
DEBUG:matplotlib.colorbar:locator: <matplotlib.ticker.AutoLocator object at 0x77c007daa740>
DEBUG:matplotlib.colorbar:colorbar update normal <matplotlib.colors.Normalize object at 0x77bfbfc58700> <matplotlib.colors.Normalize object at 0x77bfbfc58700>
DEBUG:matplotlib.colorbar:locator: <matplotlib.ticker.AutoLocator object at 0x77c007daa740>
DEBUG:matplotlib.colorbar:colorbar update normal <matplotlib.colors.Normalize object at 0x77bfbfc58700> <matplotlib.colors.Normalize object at 0x77bfbfc58700>
DEBUG:matplotlib.colorbar:locator: <matplotlib.ticker.AutoLocator object at 0x77c007daa740>
DEBUG:matplotlib.colorbar:locator: <matplotlib.ticker.AutoLocator object at 0x77c007edfe50>
DEBUG:matplotlib.colorbar:colorbar update normal <matplotlib.colors.Normalize object at 0x77bfbfc5ed10> <matplotlib.colors.Normalize object at 0x77bfbfc5ed10>
DEBUG:matplotlib.colorbar:locator: <matplotlib.ticker.AutoLocator object at 0x77c007edfe50>
DEBUG:matplotlib.colorbar:colorbar update normal <matplotlib.colors.Normalize object at 0x77bfbfc5ed10> <matplotlib.colors.Normalize object at 0x77bfbfc5ed10>
DEBUG:matplotlib.colorbar:locator: <matplotlib.ticker.AutoLocator object at 0x77c007edfe50>
DEBUG:matplotlib.colorbar:locator: <matplotlib.ticker.AutoLocator object at 0x77c007edca90>
DEBUG:matplotlib.colorbar:colorbar update normal <matplotlib.colors.Normalize object at 0x77c007edd420> <matplotlib.colors.Normalize object at 0x77c007edd420>
DEBUG:matplotlib.colorbar:locator: <matplotlib.ticker.AutoLocator object at 0x77c007edca90>
DEBUG:matplotlib.colorbar:colorbar update normal <matplotlib.colors.Normalize object at 0x77c007edd420> <matplotlib.colors.Normalize object at 0x77c007edd420>
DEBUG:matplotlib.colorbar:locator: <matplotlib.ticker.AutoLocator object at 0x77c007edca90>
DEBUG:matplotlib.colorbar:locator: <matplotlib.ticker.AutoLocator object at 0x77c007832320>
DEBUG:matplotlib.colorbar:colorbar update normal <matplotlib.colors.Normalize object at 0x77c007d05f30> <matplotlib.colors.Normalize object at 0x77c007d05f30>
DEBUG:matplotlib.colorbar:locator: <matplotlib.ticker.AutoLocator object at 0x77c007832320>
DEBUG:matplotlib.colorbar:colorbar update normal <matplotlib.colors.Normalize object at 0x77c007d05f30> <matplotlib.colors.Normalize object at 0x77c007d05f30>
DEBUG:matplotlib.colorbar:locator: <matplotlib.ticker.AutoLocator object at 0x77c007832320>
DEBUG:matplotlib.colorbar:locator: <matplotlib.ticker.AutoLocator object at 0x77bfbfc4fa30>
DEBUG:matplotlib.colorbar:colorbar update normal <matplotlib.colors.Normalize object at 0x77c007da8a60> <matplotlib.colors.Normalize object at 0x77c007da8a60>
DEBUG:matplotlib.colorbar:locator: <matplotlib.ticker.AutoLocator object at 0x77bfbfc4fa30>
DEBUG:matplotlib.colorbar:colorbar update normal <matplotlib.colors.Normalize object at 0x77c007da8a60> <matplotlib.colors.Normalize object at 0x77c007da8a60>
DEBUG:matplotlib.colorbar:locator: <matplotlib.ticker.AutoLocator object at 0x77bfbfc4fa30>
DEBUG:matplotlib.colorbar:locator: <matplotlib.ticker.AutoLocator object at 0x77c007f4f6a0>
DEBUG:matplotlib.colorbar:colorbar update normal <matplotlib.colors.Normalize object at 0x77bfbfc96650> <matplotlib.colors.Normalize object at 0x77bfbfc96650>
DEBUG:matplotlib.colorbar:locator: <matplotlib.ticker.AutoLocator object at 0x77c007f4f6a0>
DEBUG:matplotlib.colorbar:colorbar update normal <matplotlib.colors.Normalize object at 0x77bfbfc96650> <matplotlib.colors.Normalize object at 0x77bfbfc96650>
DEBUG:matplotlib.colorbar:locator: <matplotlib.ticker.AutoLocator object at 0x77c007f4f6a0>
DEBUG:matplotlib.colorbar:locator: <matplotlib.ticker.AutoLocator object at 0x77c007831840>
DEBUG:matplotlib.colorbar:colorbar update normal <matplotlib.colors.Normalize object at 0x77c007c9a800> <matplotlib.colors.Normalize object at 0x77c007c9a800>
DEBUG:matplotlib.colorbar:locator: <matplotlib.ticker.AutoLocator object at 0x77c007831840>
DEBUG:matplotlib.colorbar:colorbar update normal <matplotlib.colors.Normalize object at 0x77c007c9a800> <matplotlib.colors.Normalize object at 0x77c007c9a800>
DEBUG:matplotlib.colorbar:locator: <matplotlib.ticker.AutoLocator object at 0x77c007831840>
DEBUG:matplotlib.colorbar:locator: <matplotlib.ticker.AutoLocator object at 0x77c0079c4b20>
DEBUG:matplotlib.colorbar:colorbar update normal <matplotlib.colors.Normalize object at 0x77c0079c6680> <matplotlib.colors.Normalize object at 0x77c0079c6680>
DEBUG:matplotlib.colorbar:locator: <matplotlib.ticker.AutoLocator object at 0x77c0079c4b20>
DEBUG:matplotlib.colorbar:colorbar update normal <matplotlib.colors.Normalize object at 0x77c0079c6680> <matplotlib.colors.Normalize object at 0x77c0079c6680>
DEBUG:matplotlib.colorbar:locator: <matplotlib.ticker.AutoLocator object at 0x77c0079c4b20>
DEBUG:matplotlib.colorbar:locator: <matplotlib.ticker.AutoLocator object at 0x77c007c9a440>
DEBUG:matplotlib.colorbar:colorbar update normal <matplotlib.colors.Normalize object at 0x77c0078918d0> <matplotlib.colors.Normalize object at 0x77c0078918d0>
DEBUG:matplotlib.colorbar:locator: <matplotlib.ticker.AutoLocator object at 0x77c007c9a440>
DEBUG:matplotlib.colorbar:colorbar update normal <matplotlib.colors.Normalize object at 0x77c0078918d0> <matplotlib.colors.Normalize object at 0x77c0078918d0>
DEBUG:matplotlib.colorbar:locator: <matplotlib.ticker.AutoLocator object at 0x77c007c9a440>
DEBUG:matplotlib.colorbar:locator: <matplotlib.ticker.AutoLocator object at 0x77c007c99f30>
DEBUG:matplotlib.colorbar:colorbar update normal <matplotlib.colors.Normalize object at 0x77c0078062f0> <matplotlib.colors.Normalize object at 0x77c0078062f0>
DEBUG:matplotlib.colorbar:locator: <matplotlib.ticker.AutoLocator object at 0x77c007c99f30>
DEBUG:matplotlib.colorbar:colorbar update normal <matplotlib.colors.Normalize object at 0x77c0078062f0> <matplotlib.colors.Normalize object at 0x77c0078062f0>
DEBUG:matplotlib.colorbar:locator: <matplotlib.ticker.AutoLocator object at 0x77c007c99f30>
DEBUG:matplotlib.colorbar:locator: <matplotlib.ticker.AutoLocator object at 0x77c007807580>
DEBUG:matplotlib.colorbar:colorbar update normal <matplotlib.colors.Normalize object at 0x77c007c9ace0> <matplotlib.colors.Normalize object at 0x77c007c9ace0>
DEBUG:matplotlib.colorbar:locator: <matplotlib.ticker.AutoLocator object at 0x77c007807580>
DEBUG:matplotlib.colorbar:colorbar update normal <matplotlib.colors.Normalize object at 0x77c007c9ace0> <matplotlib.colors.Normalize object at 0x77c007c9ace0>
DEBUG:matplotlib.colorbar:locator: <matplotlib.ticker.AutoLocator object at 0x77c007807580>
DEBUG:matplotlib.colorbar:locator: <matplotlib.ticker.AutoLocator object at 0x77c007e04f40>
DEBUG:matplotlib.colorbar:colorbar update normal <matplotlib.colors.Normalize object at 0x77c0078bc730> <matplotlib.colors.Normalize object at 0x77c0078bc730>
DEBUG:matplotlib.colorbar:locator: <matplotlib.ticker.AutoLocator object at 0x77c007e04f40>
DEBUG:matplotlib.colorbar:colorbar update normal <matplotlib.colors.Normalize object at 0x77c0078bc730> <matplotlib.colors.Normalize object at 0x77c0078bc730>
DEBUG:matplotlib.colorbar:locator: <matplotlib.ticker.AutoLocator object at 0x77c007e04f40>
DEBUG:matplotlib.colorbar:locator: <matplotlib.ticker.AutoLocator object at 0x77c007964a30>
DEBUG:matplotlib.colorbar:colorbar update normal <matplotlib.colors.Normalize object at 0x77c007e04760> <matplotlib.colors.Normalize object at 0x77c007e04760>
DEBUG:matplotlib.colorbar:locator: <matplotlib.ticker.AutoLocator object at 0x77c007964a30>
DEBUG:matplotlib.colorbar:colorbar update normal <matplotlib.colors.Normalize object at 0x77c007e04760> <matplotlib.colors.Normalize object at 0x77c007e04760>
DEBUG:matplotlib.colorbar:locator: <matplotlib.ticker.AutoLocator object at 0x77c007964a30>
DEBUG:matplotlib.colorbar:locator: <matplotlib.ticker.AutoLocator object at 0x77c007832200>
DEBUG:matplotlib.colorbar:colorbar update normal <matplotlib.colors.Normalize object at 0x77c0078bd930> <matplotlib.colors.Normalize object at 0x77c0078bd930>
DEBUG:matplotlib.colorbar:locator: <matplotlib.ticker.AutoLocator object at 0x77c007832200>
DEBUG:matplotlib.colorbar:colorbar update normal <matplotlib.colors.Normalize object at 0x77c0078bd930> <matplotlib.colors.Normalize object at 0x77c0078bd930>
DEBUG:matplotlib.colorbar:locator: <matplotlib.ticker.AutoLocator object at 0x77c007832200>
DEBUG:matplotlib.colorbar:locator: <matplotlib.ticker.AutoLocator object at 0x77c0078335e0>
DEBUG:matplotlib.colorbar:colorbar update normal <matplotlib.colors.Normalize object at 0x77c007f4f460> <matplotlib.colors.Normalize object at 0x77c007f4f460>
DEBUG:matplotlib.colorbar:locator: <matplotlib.ticker.AutoLocator object at 0x77c0078335e0>
DEBUG:matplotlib.colorbar:colorbar update normal <matplotlib.colors.Normalize object at 0x77c007f4f460> <matplotlib.colors.Normalize object at 0x77c007f4f460>
DEBUG:matplotlib.colorbar:locator: <matplotlib.ticker.AutoLocator object at 0x77c0078335e0>
DEBUG:matplotlib.colorbar:locator: <matplotlib.ticker.AutoLocator object at 0x77c0078ef310>
DEBUG:matplotlib.colorbar:colorbar update normal <matplotlib.colors.Normalize object at 0x77c007893310> <matplotlib.colors.Normalize object at 0x77c007893310>
DEBUG:matplotlib.colorbar:locator: <matplotlib.ticker.AutoLocator object at 0x77c0078ef310>
DEBUG:matplotlib.colorbar:colorbar update normal <matplotlib.colors.Normalize object at 0x77c007893310> <matplotlib.colors.Normalize object at 0x77c007893310>
DEBUG:matplotlib.colorbar:locator: <matplotlib.ticker.AutoLocator object at 0x77c0078ef310>
DEBUG:matplotlib.colorbar:locator: <matplotlib.ticker.AutoLocator object at 0x77c0078918a0>
DEBUG:matplotlib.colorbar:colorbar update normal <matplotlib.colors.Normalize object at 0x77c0078ec940> <matplotlib.colors.Normalize object at 0x77c0078ec940>
DEBUG:matplotlib.colorbar:locator: <matplotlib.ticker.AutoLocator object at 0x77c0078918a0>
DEBUG:matplotlib.colorbar:colorbar update normal <matplotlib.colors.Normalize object at 0x77c0078ec940> <matplotlib.colors.Normalize object at 0x77c0078ec940>
DEBUG:matplotlib.colorbar:locator: <matplotlib.ticker.AutoLocator object at 0x77c0078918a0>
DEBUG:matplotlib.colorbar:locator: <matplotlib.ticker.AutoLocator object at 0x77c007893d90>
DEBUG:matplotlib.colorbar:colorbar update normal <matplotlib.colors.Normalize object at 0x77c0079360e0> <matplotlib.colors.Normalize object at 0x77c0079360e0>
DEBUG:matplotlib.colorbar:locator: <matplotlib.ticker.AutoLocator object at 0x77c007893d90>
DEBUG:matplotlib.colorbar:colorbar update normal <matplotlib.colors.Normalize object at 0x77c0079360e0> <matplotlib.colors.Normalize object at 0x77c0079360e0>
DEBUG:matplotlib.colorbar:locator: <matplotlib.ticker.AutoLocator object at 0x77c007893d90>
DEBUG:matplotlib.colorbar:locator: <matplotlib.ticker.AutoLocator object at 0x77c007891de0>
DEBUG:matplotlib.colorbar:colorbar update normal <matplotlib.colors.Normalize object at 0x77c0077179d0> <matplotlib.colors.Normalize object at 0x77c0077179d0>
DEBUG:matplotlib.colorbar:locator: <matplotlib.ticker.AutoLocator object at 0x77c007891de0>
DEBUG:matplotlib.colorbar:colorbar update normal <matplotlib.colors.Normalize object at 0x77c0077179d0> <matplotlib.colors.Normalize object at 0x77c0077179d0>
DEBUG:matplotlib.colorbar:locator: <matplotlib.ticker.AutoLocator object at 0x77c007891de0>
DEBUG:matplotlib.colorbar:locator: <matplotlib.ticker.AutoLocator object at 0x77c0078eec50>
DEBUG:matplotlib.colorbar:colorbar update normal <matplotlib.colors.Normalize object at 0x77c007714520> <matplotlib.colors.Normalize object at 0x77c007714520>
DEBUG:matplotlib.colorbar:locator: <matplotlib.ticker.AutoLocator object at 0x77c0078eec50>
DEBUG:matplotlib.colorbar:colorbar update normal <matplotlib.colors.Normalize object at 0x77c007714520> <matplotlib.colors.Normalize object at 0x77c007714520>
DEBUG:matplotlib.colorbar:locator: <matplotlib.ticker.AutoLocator object at 0x77c0078eec50>
DEBUG:matplotlib.colorbar:locator: <matplotlib.ticker.AutoLocator object at 0x77c007d04dc0>
DEBUG:matplotlib.colorbar:colorbar update normal <matplotlib.colors.Normalize object at 0x77c0078bfb80> <matplotlib.colors.Normalize object at 0x77c0078bfb80>
DEBUG:matplotlib.colorbar:locator: <matplotlib.ticker.AutoLocator object at 0x77c007d04dc0>
DEBUG:matplotlib.colorbar:colorbar update normal <matplotlib.colors.Normalize object at 0x77c0078bfb80> <matplotlib.colors.Normalize object at 0x77c0078bfb80>
DEBUG:matplotlib.colorbar:locator: <matplotlib.ticker.AutoLocator object at 0x77c007d04dc0>
DEBUG:matplotlib.colorbar:locator: <matplotlib.ticker.AutoLocator object at 0x77c007717520>
DEBUG:matplotlib.colorbar:colorbar update normal <matplotlib.colors.Normalize object at 0x77c0078bf160> <matplotlib.colors.Normalize object at 0x77c0078bf160>
DEBUG:matplotlib.colorbar:locator: <matplotlib.ticker.AutoLocator object at 0x77c007717520>
DEBUG:matplotlib.colorbar:colorbar update normal <matplotlib.colors.Normalize object at 0x77c0078bf160> <matplotlib.colors.Normalize object at 0x77c0078bf160>
DEBUG:matplotlib.colorbar:locator: <matplotlib.ticker.AutoLocator object at 0x77c007717520>
DEBUG:matplotlib.colorbar:locator: <matplotlib.ticker.AutoLocator object at 0x77c007714b50>
DEBUG:matplotlib.colorbar:colorbar update normal <matplotlib.colors.Normalize object at 0x77c0078bddb0> <matplotlib.colors.Normalize object at 0x77c0078bddb0>
DEBUG:matplotlib.colorbar:locator: <matplotlib.ticker.AutoLocator object at 0x77c007714b50>
DEBUG:matplotlib.colorbar:colorbar update normal <matplotlib.colors.Normalize object at 0x77c0078bddb0> <matplotlib.colors.Normalize object at 0x77c0078bddb0>
DEBUG:matplotlib.colorbar:locator: <matplotlib.ticker.AutoLocator object at 0x77c007714b50>
DEBUG:matplotlib.colorbar:locator: <matplotlib.ticker.AutoLocator object at 0x77c00798bf10>
