time_min,distance_um,radius_sum_um,overlap_um
0.0,9.0,10.000007794777245,1.000007794777245
0.1,10.016458670195002,10.000007794777245,-0.016450875417756805
0.2,9.677639113463336,10.000007794777245,0.3223686813139093
0.3,9.863682359597405,10.000007794777245,0.13632543517983997
0.4,9.85283023435076,10.000007794777245,0.1471775604264849
0.5,9.893167566588083,10.000007794777245,0.10684022818916183
0.6,9.909533697323425,10.000007794777245,0.09047409745381962
0.7,9.92536269501647,10.000007794777245,0.07464509976077416
0.8,9.936871687571477,10.000007794777245,0.0631361072057679
0.9,9.946086949194754,10.000007794777245,0.053920845582490884
1.0,9.953438742022476,10.000007794777245,0.0465690527547693
1.1,9.959411290800222,10.000007794777245,0.040596503977022635
1.2,9.964320494829431,10.000007794777245,0.0356872999478135
1.3,9.968401709195023,10.000007794777245,0.03160608558222222
1.4,9.971828884939637,10.000007794777245,0.0281789098376084
1.5,9.974733163920686,10.000007794777245,0.025274630856559455
1.6,9.977214718450139,10.000007794777245,0.022793076327106476
1.7,9.97935105476216,10.000007794777245,0.02065674001508455
1.8,9.98120284523921,10.000007794777245,0.01880494953803513
1.9,9.982818097737189,10.000007794777245,0.017189697040056018
2.0,9.984235177170488,10.000007794777245,0.015772617606756967
2.1,9.985485024198832,10.000007794777245,0.014522770578413002
2.2,9.986592804240857,10.000007794777245,0.01341499053638806
2.3,9.987579147011138,10.000007794777245,0.012428647766107304
2.4,9.988461088127327,10.000007794777245,0.011546706649918193
2.5,9.98925279146793,10.000007794777245,0.010755003309315114
2.6,9.98996610845449,10.000007794777245,0.010041686322754373
2.7,9.990611014821908,10.000007794777245,0.009396779955336498
2.8,9.991195954483189,10.000007794777245,0.008811840294056239
2.9,9.991728112315938,10.000007794777245,0.008279682461306948
3.0,9.99221363211621,10.000007794777245,0.0077941626610353865
3.1,9.992657791919555,10.000007794777245,0.00735000285768983
3.2,9.993065145928743,10.000007794777245,0.006942648848502486
3.3,9.993439640101666,10.000007794777245,0.006568154675578697
3.4,9.993784706825174,10.000007794777245,0.006223087952070827
3.5,9.994103342878375,10.000007794777245,0.005904451898869567
3.6,9.994398173964434,10.000007794777245,0.0056096208128106895
3.7,9.994671508385188,10.000007794777245,0.005336286392056522
3.8,9.994925381892253,10.000007794777245,0.005082412884991783
3.9,9.995161595330483,10.000007794777245,0.004846199446761901
4.0,9.995381746364986,10.000007794777245,0.0046260484122591095
4.1,9.9955872563289,10.000007794777245,0.004420538448345113
4.2,9.995779393029366,10.000007794777245,0.004228401747878863
4.3,9.995959290191177,10.000007794777245,0.004048504586068091
4.4,9.996127964091905,10.000007794777245,0.0038798306853404796
4.5,9.996286327842,10.000007794777245,0.003721466935244777
4.6,9.996435203682685,10.000007794777245,0.003572591094560096
4.7,9.996575333609503,10.000007794777245,0.003432461167742318
4.8,9.9967073885767,10.000007794777245,0.0033004062005446144
4.9,9.99683197649471,10.000007794777245,0.0031758182825356585
5.0,9.99694964919803,10.000007794777245,0.0030581455792155765
5.1,9.99706090853206,10.000007794777245,0.002946886245185354
5.2,9.997166211683778,10.000007794777245,0.0028415830934669373
5.3,9.9972659758616,10.000007794777245,0.0027418189156449557
5.4,9.997360582413588,10.000007794777245,0.002647212363656948
5.5,9.99745038045965,10.000007794777245,0.0025574143175948194
5.6,9.9975356901021,10.000007794777245,0.002472104675144138
5.7,9.997616805269585,10.000007794777245,0.002390989507659924
5.8,9.997693996241361,10.000007794777245,0.002313798535883649
5.9,9.997767511892341,10.000007794777245,0.0022402828849035217
6.0,9.99783758169359,10.000007794777245,0.0021702130836551703
6.1,9.997904417498235,10.000007794777245,0.002103377279009777
6.2,9.997968215138677,10.000007794777245,0.0020395796385681564
6.3,9.998029155857528,10.000007794777245,0.001978638919716502
6.4,9.998087407591747,10.000007794777245,0.0019203871854980292
6.5,9.998143126126923,10.000007794777245,0.0018646686503220877
6.6,9.998196456136505,10.000007794777245,0.0018113386407403453
6.7,9.998247532118853,10.000007794777245,0.001760262658391909
6.8,9.998296479243466,10.000007794777245,0.001711315533778901
6.9,9.99834341411627,10.000007794777245,0.0016643806609746292
7.0,9.998388445472715,10.000007794777245,0.0016193493045300045
7.1,9.998431674806325,10.000007794777245,0.001576119970920331
7.2,9.998473196939509,10.000007794777245,0.0015345978377361291
7.3,9.998513100542587,10.000007794777245,0.0014946942346583114
7.4,9.998551468606337,10.000007794777245,0.0014563261709081843
7.5,9.998588378872757,10.000007794777245,0.0014194159044880195
7.6,9.998623904228218,10.000007794777245,0.0013838905490271003
7.7,9.998658113062685,10.000007794777245,0.0013496817145597362
7.8,9.998691069598351,10.000007794777245,0.0013167251788939183
7.9,9.998722834190579,10.000007794777245,0.0012849605866662728
8.0,9.998753463603826,10.000007794777245,0.0012543311734187768
8.1,9.99878301126487,10.000007794777245,0.001224783512375538
8.2,9.998811527495452,10.000007794777245,0.0011962672817933395
8.3,9.998839059726233,10.000007794777245,0.0011687350510118932
8.4,9.998865652693755,10.000007794777245,0.0011421420834896168
8.5,9.998891348621925,10.000007794777245,0.0011164461553203608
8.6,9.998916187389403,10.000007794777245,0.0010916073878419752
8.7,9.99894020668413,10.000007794777245,0.0010675880931145798
8.8,9.998963442146117,10.000007794777245,0.0010443526311281204
8.9,9.998985927499483,10.000007794777245,0.0010218672777622118
9.0,9.999007694674683,10.000007794777245,0.0010001001025621292
9.1,9.999028773921738,10.000007794777245,0.0009790208555067181
9.2,9.999049193915212,10.000007794777245,0.0009586008620328101
9.3,9.999068981851615,10.000007794777245,0.0009388129256304723
9.4,9.999088163539863,10.000007794777245,0.0009196312373820348
9.5,9.999106763485347,10.000007794777245,0.0009010312918977803
9.6,9.999124804968117,10.000007794777245,0.000882989809127821
9.7,9.999142310115651,10.000007794777245,0.0008654846615936407
9.8,9.999159299970632,10.000007794777245,0.000848494806612976
9.9,9.999175794554132,10.000007794777245,0.0008320002231130275
10.0,9.99919181292453,10.000007794777245,0.000815981852715808
10.1,9.999207373232515,10.000007794777245,0.0008004215447297014
10.2,9.999222492772464,10.000007794777245,0.0007853020047807746
10.3,9.99923718803044,10.000007794777245,0.0007706067468049582
10.4,9.9992514747291,10.000007794777245,0.0007563200481452981
10.5,9.999265367869713,10.000007794777245,0.0007424269075322343
10.6,9.999278881771506,10.000007794777245,0.0007289130057390736
10.7,9.999292030108524,10.000007794777245,0.0007157646687208086
10.8,9.999304825944197,10.000007794777245,0.00070296883304799
10.9,9.999317281763764,10.000007794777245,0.0006905130134811088
11.0,9.999329409504696,10.000007794777245,0.0006783852725487094
11.1,9.999341220585281,10.000007794777245,0.0006665741919640311
11.2,9.999352725931482,10.000007794777245,0.0006550688457629406
11.3,9.999363936002181,10.000007794777245,0.0006438587750636771
11.4,9.999374860812932,10.000007794777245,0.0006329339643134091
11.5,9.999385509958314,10.000007794777245,0.0006222848189310071
11.6,9.999395892632988,10.000007794777245,0.0006119021442572148
11.7,9.999406017651522,10.000007794777245,0.0006017771257234017
11.8,9.999415893467093,10.000007794777245,0.0005919013101518544
11.9,9.999425528189114,10.000007794777245,0.0005822665881307643
12.0,9.999434929599875,10.000007794777245,0.0005728651773697635
12.1,9.99944410517024,10.000007794777245,0.0005636896070058128
12.2,9.999453062074487,10.000007794777245,0.0005547327027581872
12.3,9.999461807204321,10.000007794777245,0.0005459875729236785
12.4,9.999470347182122,10.000007794777245,0.0005374475951231972
12.5,9.999478688373468,10.000007794777245,0.0005291064037766802
12.6,9.999486836899004,10.000007794777245,0.0005209578782405799
12.7,9.99949479864565,10.000007794777245,0.0005129961315955001
12.8,9.99950257927723,10.000007794777245,0.0005052155000146996
12.9,9.99951018424455,10.000007794777245,0.0004976105326957025
13.0,9.99951761879492,10.000007794777245,0.0004901759823248142
13.1,9.999524887981218,10.000007794777245,0.00048290679602658315
13.2,9.999531996670461,10.000007794777245,0.0004757981067839978
13.3,9.99953894955195,10.000007794777245,0.0004688452252956665
13.4,9.999545751144998,10.000007794777245,0.00046204363224688905
13.5,9.999552405806272,10.000007794777245,0.0004553889709733028
13.6,9.999558917736763,10.000007794777245,0.00044887704048157673
13.7,9.999565290988413,10.000007794777245,0.0004425037888324823
13.8,9.999571529470419,10.000007794777245,0.0004362653068259448
13.9,9.999577636955218,10.000007794777245,0.00043015782202715513
14.0,9.999583617084191,10.000007794777245,0.0004241776930538066
14.1,9.99958947337309,10.000007794777245,0.00041832140415465346
14.2,9.9995952092172,10.000007794777245,0.00041258556004564184
14.3,9.999600827896252,10.000007794777245,0.00040696688099295386
14.4,9.999606332579125,10.000007794777245,0.00040146219811987294
14.5,9.999611726328295,10.000007794777245,0.00039606844894990445
14.6,9.9996170121041,10.000007794777245,0.0003907826731452957
14.7,9.9996221927688,10.000007794777245,0.00038560200844450776
14.8,9.999627271090453,10.000007794777245,0.00038052368679153403
14.9,9.999632249746604,10.000007794777245,0.0003755450306410779
15.0,9.999637131327816,10.000007794777245,0.0003706634494289318
15.1,9.99964191834104,10.000007794777245,0.0003658764362057809
15.2,9.999646613212828,10.000007794777245,0.00036118156441666827
15.3,9.999651218292415,10.000007794777245,0.00035657648482967375
15.4,9.999655735854647,10.000007794777245,0.0003520589225978199
15.5,9.999660168102793,10.000007794777245,0.0003476266744524281
15.6,9.999664517171231,10.000007794777245,0.0003432776060137144
15.7,9.999668785128017,10.000007794777245,0.0003390096492275063
15.8,9.999672973977342,10.000007794777245,0.0003348207999032127
15.9,9.99967708566188,10.000007794777245,0.00033070911536547953
16.0,9.999681122065045,10.000007794777245,0.0003266727121999935
16.1,9.999685085013144,10.000007794777245,0.0003227097641005372
16.2,9.999688976277447,10.000007794777245,0.0003188184997977572
16.3,9.999692797576154,10.000007794777245,0.00031499720109096074
16.4,9.999696550576301,10.000007794777245,0.00031124420094386096
16.5,9.99970023689558,10.000007794777245,0.00030755788166558773
16.6,9.999703858104064,10.000007794777245,0.000303936673180516
16.7,9.999707415725906,10.000007794777245,0.0003003790513389504
16.8,9.999710911240912,10.000007794777245,0.000296883536332615
16.9,9.999714346086101,10.000007794777245,0.0002934486911438938
17.0,9.999717721657174,10.000007794777245,0.0002900731200714546
17.1,9.999721039309929,10.000007794777245,0.00028675546731626866
17.2,9.999724300361624,10.000007794777245,0.0002834944156209218
17.3,9.99972750609229,10.000007794777245,0.00028028868495511006
17.4,9.999730657745971,10.000007794777245,0.00027713703127396627
17.5,9.999733756531949,10.000007794777245,0.0002740382452959267
17.6,9.999736803625892,10.000007794777245,0.000270991151353428
17.7,9.99973980017097,10.000007794777245,0.0002679946062755789
17.8,9.99974274727893,10.000007794777245,0.00026504749831524066
17.9,9.999745646031126,10.000007794777245,0.00026214874611873995
18.0,9.999748497479509,10.000007794777245,0.0002592972977364383
18.1,9.999751302647581,10.000007794777245,0.0002564921296634992
18.2,9.999754062531318,10.000007794777245,0.00025373224592684096
18.3,9.999756778100044,10.000007794777245,0.0002510166772005107
18.4,9.999759450297294,10.000007794777245,0.00024834447995125686
18.5,9.999762080041622,10.000007794777245,0.00024571473562318147
18.6,9.999764668227396,10.000007794777245,0.0002431265498490376
18.7,9.999767215725559,10.000007794777245,0.00024057905168639593
18.8,9.99976972338436,10.000007794777245,0.00023807139288578583
18.9,9.999772192030056,10.000007794777245,0.0002356027471890343
19.0,9.9997746224676,10.000007794777245,0.00023317230964536861
19.1,9.999777015481289,10.000007794777245,0.0002307792959559407
19.2,9.999779371835405,10.000007794777245,0.00022842294183966771
19.3,9.999781692274818,10.000007794777245,0.0002261025024274943
19.4,9.999783977525574,10.000007794777245,0.00022381725167086586
19.5,9.999786228295472,10.000007794777245,0.0002215664817732943
19.6,9.9997884452746,10.000007794777245,0.00021934950264501651
19.7,9.999790629135875,10.000007794777245,0.00021716564137008731
19.8,9.999792780535541,10.000007794777245,0.00021501424170367045
19.9,9.999794900113674,10.000007794777245,0.00021289466357110598
20.0,9.99979698849465,10.000007794777245,0.00021080628259539935
20.1,9.999799046287608,10.000007794777245,0.00020874848963714498
20.2,9.999801074086895,10.000007794777245,0.00020672069035043705
20.3,9.999803072472487,10.000007794777245,0.0002047223047583202
20.4,9.999805042010419,10.000007794777245,0.00020275276682646393
20.5,9.99980698325317,10.000007794777245,0.00020081152407414038
20.6,9.999808896740062,10.000007794777245,0.0001988980371834259
20.7,9.999810782997622,10.000007794777245,0.0001970117796226134
20.8,9.99981264253996,10.000007794777245,0.00019515223728561182
20.9,9.999814475869103,10.000007794777245,0.00019331890814200392
21.0,9.999816283475347,10.000007794777245,0.0001915113018977621
21.1,9.999818065837575,10.000007794777245,0.00018972893967017512
21.2,9.999819823423582,10.000007794777245,0.00018797135366277473
21.3,9.999821556690375,10.000007794777245,0.0001862380868704605
21.4,9.999823266084476,10.000007794777245,0.00018452869276863737
21.5,9.999824952042204,10.000007794777245,0.000182842735041433
21.6,9.999826614989953,10.000007794777245,0.00018117978729215167
21.7,9.999828255344472,10.000007794777245,0.000179539432773268
21.8,9.999829873513114,10.000007794777245,0.00017792126413063158
21.9,9.999831469894092,10.000007794777245,0.00017632488315300066
22.0,9.999833044876727,10.000007794777245,0.00017474990051802308
22.1,9.999834598841684,10.000007794777245,0.00017319593556130997
22.2,9.999836132161198,10.000007794777245,0.0001716626160472856
22.3,9.999837645199303,10.000007794777245,0.00017014957794181385
22.4,9.999839138312046,10.000007794777245,0.0001686564651990352
22.5,9.999840611847693,10.000007794777245,0.00016718292955175684
22.6,9.999842066146936,10.000007794777245,0.0001657286303089478
22.7,9.999843501543088,10.000007794777245,0.0001642932341567871
22.8,9.999844918362275,10.000007794777245,0.00016287641497036986
22.9,9.99984631692362,10.000007794777245,0.00016147785362541356
23.0,9.99984769753942,10.000007794777245,0.00016009723782417495
23.1,9.999849060515333,10.000007794777245,0.0001587342619124854
23.2,9.999850406150527,10.000007794777245,0.0001573886267181024
23.3,9.999851734737861,10.000007794777245,0.00015606003938373192
23.4,9.999853046564036,10.000007794777245,0.00015474821320893284
23.5,9.99985434190975,10.000007794777245,0.00015345286749557374
23.6,9.999855621049852,10.000007794777245,0.00015217372739328994
23.7,9.999856884253488,10.000007794777245,0.0001509105237573749
23.8,9.999858131784233,10.000007794777245,0.0001496629930120008
23.9,9.999859363900242,10.000007794777245,0.0001484308770027809
24.0,9.999860580854373,10.000007794777245,0.00014721392287242452
24.1,9.999861782894325,10.000007794777245,0.0001460118829204049
24.2,9.999862970262752,10.000007794777245,0.00014482451449282507
24.3,9.999864143197403,10.000007794777245,0.00014365157984208565
24.4,9.999865301931223,10.000007794777245,0.0001424928460220798
24.5,9.999866446692481,10.000007794777245,0.0001413480847638482
24.6,9.999867577704876,10.000007794777245,0.00014021707236899772
24.7,9.999868695187649,10.000007794777245,0.00013909958959601454
24.8,9.999869799355688,10.000007794777245,0.00013799542155723543
24.9,9.999870890419633,10.000007794777245,0.00013690435761226638
25.0,9.999871968585975,10.000007794777245,0.00013582619127028295
25.1,9.999873034057153,10.000007794777245,0.00013476072009233064
25.2,9.999874087031653,10.000007794777245,0.00013370774559184895
25.3,9.999875127704092,10.000007794777245,0.0001326670731529589
25.4,9.999876156265318,10.000007794777245,0.00013163851192743437
25.5,9.999877172902487,10.000007794777245,0.00013062187475831877
25.6,9.99987817779916,10.000007794777245,0.0001296169780857781
25.7,9.999879171135376,10.000007794777245,0.00012862364186894126
25.8,9.999880153087739,10.000007794777245,0.000127641689505964
25.9,9.999881123829493,10.000007794777245,0.00012667094775231647
26.0,9.999882083530593,10.000007794777245,0.00012571124665150535
26.1,9.999883032357797,10.000007794777245,0.00012476241944803235
26.2,9.999883970474716,10.000007794777245,0.0001238243025287744
26.3,9.9998848980419,10.000007794777245,0.00012289673534482404
26.4,9.999885815216903,10.000007794777245,0.00012197956034221136
26.5,9.999886722154345,10.000007794777245,0.00012107262289973164
26.6,9.999887619005985,10.000007794777245,0.00012017577125966739
26.7,9.999888505920781,10.000007794777245,0.00011928885646383947
26.8,9.999889383044946,10.000007794777245,0.00011841173229854007
26.9,9.999890250522022,10.000007794777245,0.00011754425522347844
27.0,9.999891108492921,10.000007794777245,0.00011668628432381922
27.1,9.999891957095999,10.000007794777245,0.00011583768124623361
27.2,9.9998927964671,10.000007794777245,0.00011499831014560868
27.3,9.999893626739613,10.000007794777245,0.00011416803763175665
27.4,9.999894448044534,10.000007794777245,0.0001133467327107951
27.5,9.999895260510504,10.000007794777245,0.00011253426674073808
27.6,9.999896064263867,10.000007794777245,0.00011173051337820539
27.7,9.999896859428716,10.000007794777245,0.00011093534852868459
27.8,9.999897646126946,10.000007794777245,0.00011014865029856935
27.9,9.999898424478296,10.000007794777245,0.00010937029894897421
28.0,9.999899194600395,10.000007794777245,0.00010860017684954926
28.1,9.99989995660881,10.000007794777245,0.00010783816843584759
28.2,9.99990071061708,10.000007794777245,0.0001070841601649164
28.3,9.999901456736772,10.000007794777245,0.00010633804047266437
28.4,9.99990219507751,10.000007794777245,0.0001055996997347819
28.5,9.999902925747024,10.000007794777245,0.00010486903022055571
28.6,9.999903648851186,10.000007794777245,0.00010414592605911821
28.7,9.999904364494043,10.000007794777245,0.00010343028320214387
28.8,9.999905072777866,10.000007794777245,0.00010272199937944038
28.9,9.999905773803173,10.000007794777245,0.00010202097407230326
29.0,9.999906467668774,10.000007794777245,0.00010132710847088333
29.1,9.999907154471808,10.000007794777245,0.00010064030543688318
29.2,9.999907834307768,10.000007794777245,9.996046947691184e-05
29.3,9.999908507270538,10.000007794777245,9.928750670695763e-05
29.4,9.999909173452428,10.000007794777245,9.862132481686103e-05
29.5,9.999909832944203,10.000007794777245,9.796183304189299e-05
29.6,9.999910485835114,10.000007794777245,9.730894213078045e-05
29.7,9.99991113221293,10.000007794777245,9.666256431550835e-05
29.8,9.99991177216396,10.000007794777245,9.602261328467421e-05
29.9,9.999912405773099,10.000007794777245,9.538900414618467e-05
30.0,9.999913033123836,10.000007794777245,9.476165340949194e-05
30.1,9.999913654298293,10.000007794777245,9.414047895184297e-05
30.2,9.999914269377252,10.000007794777245,9.352539999341047e-05
30.3,9.999914878440176,10.000007794777245,9.291633706887126e-05
30.4,9.999915481565239,10.000007794777245,9.231321200608988e-05
30.5,9.999916078829346,10.000007794777245,9.171594789947335e-05
30.6,9.999916670308165,10.000007794777245,9.112446907977301e-05
30.7,9.999917256076147,10.000007794777245,9.053870109809736e-05
30.8,9.999917836206546,10.000007794777245,8.995857069926672e-05
30.9,9.999918410771446,10.000007794777245,8.938400579872052e-05
31.0,9.999918979841786,10.000007794777245,8.881493545942476e-05
31.1,9.99991954348737,10.000007794777245,8.825128987410835e-05
31.2,9.99992010177691,10.000007794777245,8.769300033506511e-05
31.3,9.999920654778022,10.000007794777245,8.713999922349558e-05
31.4,9.999921202557264,10.000007794777245,8.659221998108535e-05
31.5,9.99992174518015,10.000007794777245,8.604959709579418e-05
31.6,9.999922282711166,10.000007794777245,8.551206607876338e-05
31.7,9.999922815213798,10.000007794777245,8.497956344655222e-05
31.8,9.999923342750545,10.000007794777245,8.445202669982166e-05
31.9,9.999923865382934,10.000007794777245,8.392939431089985e-05
32.0,9.999924383171544,10.000007794777245,8.34116057006895e-05
32.1,9.999924896176026,10.000007794777245,8.289860121912795e-05
32.2,9.999925404455109,10.000007794777245,8.239032213630537e-05
32.3,9.999925908066627,10.000007794777245,8.188671061759578e-05
32.4,9.999926407067532,10.000007794777245,8.138770971299891e-05
32.5,9.99992690151391,10.000007794777245,8.089326333582392e-05
32.6,9.999927391460993,10.000007794777245,8.040331625203123e-05
32.7,9.999927876963184,10.000007794777245,7.991781406069265e-05
32.8,9.999928358074063,10.000007794777245,7.943670318155682e-05
32.9,9.999928834846408,10.000007794777245,7.89599308372857e-05
33.0,9.999929307332202,10.000007794777245,7.848744504279637e-05
33.1,9.999929775582656,10.000007794777245,7.801919458927387e-05
33.2,9.999930239648213,10.000007794777245,7.755512903173667e-05
33.3,9.999930699578575,10.000007794777245,7.709519866949677e-05
33.4,9.999931155422704,10.000007794777245,7.66393545408306e-05
33.5,9.999931607228838,10.000007794777245,7.618754840699182e-05
33.6,9.999932055044509,10.000007794777245,7.573973273622414e-05
33.7,9.999932498916548,10.000007794777245,7.529586069665584e-05
33.8,9.999932938891105,10.000007794777245,7.485588614031258e-05
33.9,9.99993337501365,10.000007794777245,7.441976359423563e-05
34.0,9.999933807329002,10.000007794777245,7.39874482427183e-05
34.1,9.999934235881323,10.000007794777245,7.355889592197684e-05
34.2,9.999934660714139,10.000007794777245,7.313406310593962e-05
34.3,9.999935081870348,10.000007794777245,7.271290689736531e-05
34.4,9.999935499392228,10.000007794777245,7.22953850171848e-05
34.5,9.999935913321456,10.000007794777245,7.18814557885139e-05
34.6,9.999936323699112,10.000007794777245,7.147107813310072e-05
34.7,9.99993673056569,10.000007794777245,7.106421155533837e-05
34.8,9.999937133961108,10.000007794777245,7.066081613693598e-05
34.9,9.999937533924719,10.000007794777245,7.026085252626046e-05
35.0,9.999937930495319,10.000007794777245,6.98642819259021e-05
35.1,9.99993832371116,10.000007794777245,6.947106608556908e-05
35.2,9.999938713609954,10.000007794777245,6.908116729142932e-05
35.3,9.999939100228882,10.000007794777245,6.869454836255784e-05
35.4,9.999939483604614,10.000007794777245,6.831117263139674e-05
35.5,9.9999398637733,10.000007794777245,6.793100394553164e-05
35.6,9.999940240770592,10.000007794777245,6.755400665348077e-05
35.7,9.999940614631647,10.000007794777245,6.718014559758956e-05
35.8,9.999940985391138,10.000007794777245,6.680938610692522e-05
35.9,9.999941353083258,10.000007794777245,6.644169398661859e-05
36.0,9.999941717741732,10.000007794777245,6.607703551253508e-05
36.1,9.999942079399819,10.000007794777245,6.571537742594558e-05
36.2,9.99994243809033,10.000007794777245,6.535668691576291e-05
36.3,9.99994279384562,10.000007794777245,6.500093162564724e-05
36.4,9.99994314669761,10.000007794777245,6.464807963446617e-05
36.5,9.999943496677789,10.000007794777245,6.429809945629472e-05
36.6,9.999943843817219,10.000007794777245,6.395096002620448e-05
36.7,9.999944188146541,10.000007794777245,6.360663070381634e-05
36.8,9.999944529695986,10.000007794777245,6.326508125908958e-05
36.9,9.999944868495382,10.000007794777245,6.292628186344018e-05
37.0,9.999945204574152,10.000007794777245,6.259020309329344e-05
37.1,9.999945537961331,10.000007794777245,6.225681591409682e-05
37.2,9.999945868685566,10.000007794777245,6.192609167854357e-05
37.3,9.999946196775127,10.000007794777245,6.159800211769095e-05
37.4,9.999946522257904,10.000007794777245,6.127251934096023e-05
37.5,9.999946845161425,10.000007794777245,6.094961582014946e-05
37.6,9.99994716551285,10.000007794777245,6.062926439476257e-05
37.7,9.999947483338987,10.000007794777245,6.03114382577985e-05
37.8,9.999947798666293,10.000007794777245,5.999611095219848e-05
37.9,9.999948111520876,10.000007794777245,5.968325636906968e-05
38.0,9.999948421928503,10.000007794777245,5.9372848742356155e-05
38.1,9.999948729914612,10.000007794777245,5.90648626328516e-05
38.2,9.999949035504308,10.000007794777245,5.8759272937081164e-05
38.3,9.999949338722372,10.000007794777245,5.845605487309058e-05
38.4,9.999949639593265,10.000007794777245,5.815518398044617e-05
38.5,9.999949938141132,10.000007794777245,5.785663611312941e-05
38.6,9.99995023438981,10.000007794777245,5.756038743420788e-05
38.7,9.999950528362834,10.000007794777245,5.726641441050617e-05
38.8,9.999950820083432,10.000007794777245,5.697469381260589e-05
38.9,9.99995110957454,10.000007794777245,5.668520270418753e-05
39.0,9.999951396858808,10.000007794777245,5.639791843670139e-05
39.1,9.999951681958589,10.000007794777245,5.6112818656472996e-05
39.2,9.99995196489596,10.000007794777245,5.5829881285163196e-05
39.3,9.999952245692718,10.000007794777245,5.554908452687357e-05
39.4,9.99995252437039,10.000007794777245,5.527040685571194e-05
39.5,9.999952800950224,10.000007794777245,5.499382702112143e-05
39.6,9.999953075453211,10.000007794777245,5.4719324033669636e-05
39.7,9.999953347900076,10.000007794777245,5.4446877168601304e-05
39.8,9.99995361831129,10.000007794777245,5.417646595518022e-05
39.9,9.999953886707065,10.000007794777245,5.390807018024191e-05
40.0,9.999954153107364,10.000007794777245,5.3641669881088205e-05
40.1,9.999954417531905,10.000007794777245,5.33772453401582e-05
40.2,9.999954680000164,10.000007794777245,5.3114777081475495e-05
40.3,9.999954940531374,10.000007794777245,5.285424587064824e-05
40.4,9.999955199144534,10.000007794777245,5.25956327113164e-05
40.5,9.999955455858412,10.000007794777245,5.233891883271724e-05
40.6,9.999955710691546,10.000007794777245,5.208408569856715e-05
40.7,9.999955963662249,10.000007794777245,5.183111499640347e-05
40.8,9.999956214788607,10.000007794777245,5.1579988637584506e-05
40.9,9.999956464088495,10.000007794777245,5.1330688750184095e-05
41.0,9.999956711579566,10.000007794777245,5.108319767899161e-05
41.1,9.999956957279261,10.000007794777245,5.08374979837356e-05
41.2,9.999957201204815,10.000007794777245,5.0593572430202016e-05
41.3,9.999957443373253,10.000007794777245,5.0351403992010546e-05
41.4,9.999957683801396,10.000007794777245,5.011097584883828e-05
41.5,9.999957922505866,10.000007794777245,4.987227137931427e-05
41.6,9.999958159503086,10.000007794777245,4.963527415924318e-05
41.7,9.999958394809282,10.000007794777245,4.939996796338164e-05
41.8,9.999958628440492,10.000007794777245,4.916633675300375e-05
41.9,9.999958860412562,10.000007794777245,4.893436468300649e-05
42.0,9.99995909074115,10.000007794777245,4.870403609480434e-05
42.1,9.99995931944173,10.000007794777245,4.847533551455285e-05
42.2,9.999959546529597,10.000007794777245,4.824824764781965e-05
42.3,9.999959772019864,10.000007794777245,4.802275738136075e-05
42.4,9.999959995927467,10.000007794777245,4.7798849777791474e-05
42.5,9.999960218267173,10.000007794777245,4.7576510072033784e-05
42.6,9.99996043905357,10.000007794777245,4.7355723674868955e-05
42.7,9.999960658301081,10.000007794777245,4.713647616405581e-05
42.8,9.99996087602396,10.000007794777245,4.6918753284330705e-05
42.9,9.999961092236301,10.000007794777245,4.670254094385484e-05
43.0,9.999961306952029,10.000007794777245,4.64878252159906e-05
43.1,9.999961520184911,10.000007794777245,4.6274592333972464e-05
43.2,9.99996173194856,10.000007794777245,4.606282868557798e-05
43.3,9.999961942256425,10.000007794777245,4.585252082023317e-05
43.4,9.999962151121812,10.000007794777245,4.564365543302529e-05
43.5,9.999962358557868,10.000007794777245,4.543621937713738e-05
43.6,9.999962564577592,10.000007794777245,4.5230199653190084e-05
43.7,9.999962769193834,10.000007794777245,4.502558341101803e-05
43.8,9.999962972419304,10.000007794777245,4.482235794078804e-05
43.9,9.999963174266563,10.000007794777245,4.462051068188089e-05
44.0,9.999963374748033,10.000007794777245,4.44200292122332e-05
44.1,9.999963573875997,10.000007794777245,4.422090124833744e-05
44.2,9.999963771662598,10.000007794777245,4.402311464701825e-05
44.3,9.999963968119845,10.000007794777245,4.3826657400103386e-05
44.4,9.99996416325961,10.000007794777245,4.3631517634423744e-05
44.5,9.999964357093639,10.000007794777245,4.3437683606484256e-05
44.6,9.999964549633539,10.000007794777245,4.324514370601662e-05
44.7,9.999964740890794,10.000007794777245,4.3053886450650225e-05
44.8,9.999964930876763,10.000007794777245,4.286390048235944e-05
44.9,9.99996511960267,10.000007794777245,4.267517457456904e-05
45.0,9.999965307079625,10.000007794777245,4.248769761971971e-05
45.1,9.999965493318614,10.000007794777245,4.23014586310444e-05
45.2,9.999965678330497,10.000007794777245,4.2116446747897385e-05
45.3,9.999965862126022,10.000007794777245,4.1932651223319795e-05
45.4,9.999966044715814,10.000007794777245,4.1750061431145014e-05
45.5,9.999966226110388,10.000007794777245,4.156866685711691e-05
45.6,9.999966406320139,10.000007794777245,4.138845710599526e-05
45.7,9.999966585355352,10.000007794777245,4.120942189267396e-05
45.8,9.999966763226201,10.000007794777245,4.103155104395739e-05
45.9,9.999966939942748,10.000007794777245,4.0854834496784065e-05
46.0,9.999967115514949,10.000007794777245,4.067926229645025e-05
46.1,9.999967289952652,10.000007794777245,4.0504824593057265e-05
46.2,9.999967463265598,10.000007794777245,4.033151164684057e-05
46.3,9.999967635463427,10.000007794777245,4.015931381751159e-05
46.4,9.999967806555672,10.000007794777245,3.9988221573139526e-05
46.5,9.999967976551767,10.000007794777245,3.981822547771685e-05
46.6,9.999968145461043,10.000007794777245,3.964931620181744e-05
46.7,9.999968313292735,10.000007794777245,3.948148451016209e-05
46.8,9.99996848005598,10.000007794777245,3.9314721265171215e-05
46.9,9.999968645759814,10.000007794777245,3.9149017430517574e-05
47.0,9.999968810413183,10.000007794777245,3.898436406224448e-05
47.1,9.999968974024934,10.000007794777245,3.882075231054216e-05
47.2,9.999969136603827,10.000007794777245,3.86581734179714e-05
47.3,9.999969298158524,10.000007794777245,3.8496618721239884e-05
47.4,9.999969458697603,10.000007794777245,3.833607964232044e-05
47.5,9.999969618229542,10.000007794777245,3.817654770266188e-05
47.6,9.999969776762745,10.000007794777245,3.801801450009634e-05
47.7,9.999969934305515,10.000007794777245,3.786047173015561e-05
47.8,9.999970090866077,10.000007794777245,3.7703911168307513e-05
47.9,9.999970246452566,10.000007794777245,3.754832467883773e-05
48.0,9.999970401073037,10.000007794777245,3.739370420774435e-05
48.1,9.999970554735462,10.000007794777245,3.7240041782737876e-05
48.2,9.999970707447728,10.000007794777245,3.708732951679394e-05
48.3,9.999970859217642,10.000007794777245,3.693555960282424e-05
48.4,9.999971010052931,10.000007794777245,3.678472431367652e-05
48.5,9.999971159961241,10.000007794777245,3.663481600391094e-05
48.6,9.999971308950146,10.000007794777245,3.648582709914194e-05
48.7,9.999971457027137,10.000007794777245,3.633775010847273e-05
48.8,9.999971604199631,10.000007794777245,3.619057761383715e-05
48.9,9.99997175047497,10.000007794777245,3.604430227532873e-05
49.0,9.999971895860421,10.000007794777245,3.5898916824095295e-05
49.1,9.999972040363177,10.000007794777245,3.5754414067667994e-05
49.2,9.999972183990362,10.000007794777245,3.5610786882855905e-05
49.3,9.999972326749022,10.000007794777245,3.5468028222851444e-05
49.4,9.999972468646138,10.000007794777245,3.5326131106572234e-05
49.5,9.999972609688617,10.000007794777245,3.518508862754288e-05
49.6,9.9999727498833,10.000007794777245,3.50448939450132e-05
49.7,9.99997288923696,10.000007794777245,3.490554028573456e-05
49.8,9.999973027756297,10.000007794777245,3.4767020947512606e-05
49.9,9.999973165447953,10.000007794777245,3.462932929210183e-05
50.0,9.999973302318496,10.000007794777245,3.449245874875828e-05
50.1,9.999973438374433,10.000007794777245,3.4356402812463216e-05
50.2,9.999973573622206,10.000007794777245,3.422115503859402e-05
50.3,9.999973708068195,10.000007794777245,3.408670905002964e-05
50.4,9.999973841718713,10.000007794777245,3.395305853182151e-05
50.5,9.999973974580016,10.000007794777245,3.3820197229417204e-05
50.6,9.999974106658295,10.000007794777245,3.3688118950436774e-05
50.7,9.999974237959682,10.000007794777245,3.355681756289641e-05
50.8,9.99997436849025,10.000007794777245,3.342628699520844e-05
50.9,9.999974498256009,10.000007794777245,3.329652123618132e-05
51.0,9.999974627262915,10.000007794777245,3.316751432969056e-05
51.1,9.999974755516863,10.000007794777245,3.3039260381784175e-05
51.2,9.999974883023693,10.000007794777245,3.291175355180087e-05
51.3,9.999975009789187,10.000007794777245,3.278498805769914e-05
51.4,9.999975135819072,10.000007794777245,3.2658958172504526e-05
51.5,9.999975261119019,10.000007794777245,3.2533658226086004e-05
51.6,9.999975385694647,10.000007794777245,3.240908259805053e-05
51.7,9.999975509551517,10.000007794777245,3.22852257284012e-05
51.8,9.999975632695138,10.000007794777245,3.21620821068791e-05
51.9,9.99997575513097,10.000007794777245,3.203964627473965e-05
52.0,9.999975876864417,10.000007794777245,3.191791282830536e-05
52.1,9.99997599790083,10.000007794777245,3.179687641541307e-05
52.2,9.999976118245513,10.000007794777245,3.1676531731861246e-05
52.3,9.99997623790372,10.000007794777245,3.1556873524962725e-05
52.4,9.999976177902338,10.000007794777245,3.16168749066037e-05
52.5,9.999976177902338,10.000007794777245,3.16168749066037e-05
52.6,9.999976177902338,10.000007794777245,3.16168749066037e-05
52.7,9.999976177902338,10.000007794777245,3.16168749066037e-05
52.8,9.999976177902338,10.000007794777245,3.16168749066037e-05
52.9,9.999976177902338,10.000007794777245,3.16168749066037e-05
53.0,9.999976177902338,10.000007794777245,3.16168749066037e-05
53.1,9.999976177902338,10.000007794777245,3.16168749066037e-05
53.2,9.999976177902338,10.000007794777245,3.16168749066037e-05
53.3,9.999976177902338,10.000007794777245,3.16168749066037e-05
53.4,9.999976177902338,10.000007794777245,3.16168749066037e-05
53.5,9.999976177902338,10.000007794777245,3.16168749066037e-05
53.6,9.999976177902338,10.000007794777245,3.16168749066037e-05
53.7,9.999976177902338,10.000007794777245,3.16168749066037e-05
53.8,9.999976177902338,10.000007794777245,3.16168749066037e-05
53.9,9.999976177902338,10.000007794777245,3.16168749066037e-05
54.0,9.999976177902338,10.000007794777245,3.16168749066037e-05
54.1,9.999976177902338,10.000007794777245,3.16168749066037e-05
54.2,9.999976177902338,10.000007794777245,3.16168749066037e-05
54.3,9.999976177902338,10.000007794777245,3.16168749066037e-05
54.4,9.999976177902338,10.000007794777245,3.16168749066037e-05
54.5,9.999976177902338,10.000007794777245,3.16168749066037e-05
54.6,9.999976177902338,10.000007794777245,3.16168749066037e-05
54.7,9.999976177902338,10.000007794777245,3.16168749066037e-05
54.8,9.999976177902338,10.000007794777245,3.16168749066037e-05
54.9,9.999976177902338,10.000007794777245,3.16168749066037e-05
55.0,9.999976177902338,10.000007794777245,3.16168749066037e-05
55.1,9.999976177902338,10.000007794777245,3.16168749066037e-05
55.2,9.999976177902338,10.000007794777245,3.16168749066037e-05
55.3,9.999976177902338,10.000007794777245,3.16168749066037e-05
55.4,9.999976177902338,10.000007794777245,3.16168749066037e-05
55.5,9.999976177902338,10.000007794777245,3.16168749066037e-05
55.6,9.999976177902338,10.000007794777245,3.16168749066037e-05
55.7,9.999976177902338,10.000007794777245,3.16168749066037e-05
55.8,9.999976177902338,10.000007794777245,3.16168749066037e-05
55.9,9.999976177902338,10.000007794777245,3.16168749066037e-05
56.0,9.999976177902338,10.000007794777245,3.16168749066037e-05
56.1,9.999976177902338,10.000007794777245,3.16168749066037e-05
56.2,9.999976177902338,10.000007794777245,3.16168749066037e-05
56.3,9.999976177902338,10.000007794777245,3.16168749066037e-05
56.4,9.999976177902338,10.000007794777245,3.16168749066037e-05
56.5,9.999976177902338,10.000007794777245,3.16168749066037e-05
56.6,9.999976177902338,10.000007794777245,3.16168749066037e-05
56.7,9.999976177902338,10.000007794777245,3.16168749066037e-05
56.8,9.999976177902338,10.000007794777245,3.16168749066037e-05
56.9,9.999976177902338,10.000007794777245,3.16168749066037e-05
57.0,9.999976177902338,10.000007794777245,3.16168749066037e-05
57.1,9.999976177902338,10.000007794777245,3.16168749066037e-05
57.2,9.999976177902338,10.000007794777245,3.16168749066037e-05
57.3,9.999976177902338,10.000007794777245,3.16168749066037e-05
57.4,9.999976177902338,10.000007794777245,3.16168749066037e-05
57.5,9.999976177902338,10.000007794777245,3.16168749066037e-05
57.6,9.999976177902338,10.000007794777245,3.16168749066037e-05
57.7,9.999976177902338,10.000007794777245,3.16168749066037e-05
57.8,9.999976177902338,10.000007794777245,3.16168749066037e-05
57.9,9.999976177902338,10.000007794777245,3.16168749066037e-05
58.0,9.999976177902338,10.000007794777245,3.16168749066037e-05
58.1,9.999976177902338,10.000007794777245,3.16168749066037e-05
58.2,9.999976177902338,10.000007794777245,3.16168749066037e-05
58.3,9.999976177902338,10.000007794777245,3.16168749066037e-05
58.4,9.999976177902338,10.000007794777245,3.16168749066037e-05
58.5,9.999976177902338,10.000007794777245,3.16168749066037e-05
58.6,9.999976177902338,10.000007794777245,3.16168749066037e-05
58.7,9.999976177902338,10.000007794777245,3.16168749066037e-05
58.8,9.999976177902338,10.000007794777245,3.16168749066037e-05
58.9,9.999976177902338,10.000007794777245,3.16168749066037e-05
59.0,9.999976177902338,10.000007794777245,3.16168749066037e-05
59.1,9.999976177902338,10.000007794777245,3.16168749066037e-05
59.2,9.999976177902338,10.000007794777245,3.16168749066037e-05
59.3,9.999976177902338,10.000007794777245,3.16168749066037e-05
59.4,9.999976177902338,10.000007794777245,3.16168749066037e-05
59.5,9.999976177902338,10.000007794777245,3.16168749066037e-05
59.6,9.999976177902338,10.000007794777245,3.16168749066037e-05
59.7,9.999976177902338,10.000007794777245,3.16168749066037e-05
59.8,9.999976177902338,10.000007794777245,3.16168749066037e-05
59.9,9.999976177902338,10.000007794777245,3.16168749066037e-05
60.0,9.999976177902338,10.000007794777245,3.16168749066037e-05
60.1,9.999976177902338,10.000007794777245,3.16168749066037e-05
60.2,9.999976177902338,10.000007794777245,3.16168749066037e-05
60.3,9.999976177902338,10.000007794777245,3.16168749066037e-05
60.4,9.999976177902338,10.000007794777245,3.16168749066037e-05
60.5,9.999976177902338,10.000007794777245,3.16168749066037e-05
60.6,9.999976177902338,10.000007794777245,3.16168749066037e-05
60.7,9.999976177902338,10.000007794777245,3.16168749066037e-05
60.8,9.999976177902338,10.000007794777245,3.16168749066037e-05
60.9,9.999976177902338,10.000007794777245,3.16168749066037e-05
61.0,9.999976177902338,10.000007794777245,3.16168749066037e-05
61.1,9.999976177902338,10.000007794777245,3.16168749066037e-05
61.2,9.999976177902338,10.000007794777245,3.16168749066037e-05
61.3,9.999976177902338,10.000007794777245,3.16168749066037e-05
61.4,9.999976177902338,10.000007794777245,3.16168749066037e-05
61.5,9.999976177902338,10.000007794777245,3.16168749066037e-05
61.6,9.999976177902338,10.000007794777245,3.16168749066037e-05
61.7,9.999976177902338,10.000007794777245,3.16168749066037e-05
61.8,9.999976177902338,10.000007794777245,3.16168749066037e-05
61.9,9.999976177902338,10.000007794777245,3.16168749066037e-05
62.0,9.999976177902338,10.000007794777245,3.16168749066037e-05
62.1,9.999976177902338,10.000007794777245,3.16168749066037e-05
62.2,9.999976177902338,10.000007794777245,3.16168749066037e-05
62.3,9.999976177902338,10.000007794777245,3.16168749066037e-05
62.4,9.999976177902338,10.000007794777245,3.16168749066037e-05
62.5,9.999976177902338,10.000007794777245,3.16168749066037e-05
62.6,9.999976177902338,10.000007794777245,3.16168749066037e-05
62.7,9.999976177902338,10.000007794777245,3.16168749066037e-05
62.8,9.999976177902338,10.000007794777245,3.16168749066037e-05
62.9,9.999976177902338,10.000007794777245,3.16168749066037e-05
63.0,9.999976177902338,10.000007794777245,3.16168749066037e-05
63.1,9.999976177902338,10.000007794777245,3.16168749066037e-05
63.2,9.999976177902338,10.000007794777245,3.16168749066037e-05
63.3,9.999976177902338,10.000007794777245,3.16168749066037e-05
63.4,9.999976177902338,10.000007794777245,3.16168749066037e-05
63.5,9.999976177902338,10.000007794777245,3.16168749066037e-05
63.6,9.999976177902338,10.000007794777245,3.16168749066037e-05
63.7,9.999976177902338,10.000007794777245,3.16168749066037e-05
63.8,9.999976177902338,10.000007794777245,3.16168749066037e-05
63.9,9.999976177902338,10.000007794777245,3.16168749066037e-05
64.0,9.999976177902338,10.000007794777245,3.16168749066037e-05
64.1,9.999976177902338,10.000007794777245,3.16168749066037e-05
64.2,9.999976177902338,10.000007794777245,3.16168749066037e-05
64.3,9.999976177902338,10.000007794777245,3.16168749066037e-05
64.4,9.999976177902338,10.000007794777245,3.16168749066037e-05
64.5,9.999976177902338,10.000007794777245,3.16168749066037e-05
64.6,9.999976177902338,10.000007794777245,3.16168749066037e-05
64.7,9.999976177902338,10.000007794777245,3.16168749066037e-05
64.8,9.999976177902338,10.000007794777245,3.16168749066037e-05
64.9,9.999976177902338,10.000007794777245,3.16168749066037e-05
65.0,9.999976177902338,10.000007794777245,3.16168749066037e-05
65.1,9.999976177902338,10.000007794777245,3.16168749066037e-05
65.2,9.999976177902338,10.000007794777245,3.16168749066037e-05
65.3,9.999976177902338,10.000007794777245,3.16168749066037e-05
65.4,9.999976177902338,10.000007794777245,3.16168749066037e-05
65.5,9.999976177902338,10.000007794777245,3.16168749066037e-05
65.6,9.999976177902338,10.000007794777245,3.16168749066037e-05
65.7,9.999976177902338,10.000007794777245,3.16168749066037e-05
65.8,9.999976177902338,10.000007794777245,3.16168749066037e-05
65.9,9.999976177902338,10.000007794777245,3.16168749066037e-05
66.0,9.999976177902338,10.000007794777245,3.16168749066037e-05
66.1,9.999976177902338,10.000007794777245,3.16168749066037e-05
66.2,9.999976177902338,10.000007794777245,3.16168749066037e-05
66.3,9.999976177902338,10.000007794777245,3.16168749066037e-05
66.4,9.999976177902338,10.000007794777245,3.16168749066037e-05
66.5,9.999976177902338,10.000007794777245,3.16168749066037e-05
66.6,9.999976177902338,10.000007794777245,3.16168749066037e-05
66.7,9.999976177902338,10.000007794777245,3.16168749066037e-05
66.8,9.999976177902338,10.000007794777245,3.16168749066037e-05
66.9,9.999976177902338,10.000007794777245,3.16168749066037e-05
67.0,9.999976177902338,10.000007794777245,3.16168749066037e-05
67.1,9.999976177902338,10.000007794777245,3.16168749066037e-05
67.2,9.999976177902338,10.000007794777245,3.16168749066037e-05
67.3,9.999976177902338,10.000007794777245,3.16168749066037e-05
67.4,9.999976177902338,10.000007794777245,3.16168749066037e-05
67.5,9.999976177902338,10.000007794777245,3.16168749066037e-05
67.6,9.999976177902338,10.000007794777245,3.16168749066037e-05
67.7,9.999976177902338,10.000007794777245,3.16168749066037e-05
67.8,9.999976177902338,10.000007794777245,3.16168749066037e-05
67.9,9.999976177902338,10.000007794777245,3.16168749066037e-05
68.0,9.999976177902338,10.000007794777245,3.16168749066037e-05
68.1,9.999976177902338,10.000007794777245,3.16168749066037e-05
68.2,9.999976177902338,10.000007794777245,3.16168749066037e-05
68.3,9.999976177902338,10.000007794777245,3.16168749066037e-05
68.4,9.999976177902338,10.000007794777245,3.16168749066037e-05
68.5,9.999976177902338,10.000007794777245,3.16168749066037e-05
68.6,9.999976177902338,10.000007794777245,3.16168749066037e-05
68.7,9.999976177902338,10.000007794777245,3.16168749066037e-05
68.8,9.999976177902338,10.000007794777245,3.16168749066037e-05
68.9,9.999976177902338,10.000007794777245,3.16168749066037e-05
69.0,9.999976177902338,10.000007794777245,3.16168749066037e-05
69.1,9.999976177902338,10.000007794777245,3.16168749066037e-05
69.2,9.999976177902338,10.000007794777245,3.16168749066037e-05
69.3,9.999976177902338,10.000007794777245,3.16168749066037e-05
69.4,9.999976177902338,10.000007794777245,3.16168749066037e-05
69.5,9.999976177902338,10.000007794777245,3.16168749066037e-05
69.6,9.999976177902338,10.000007794777245,3.16168749066037e-05
69.7,9.999976177902338,10.000007794777245,3.16168749066037e-05
69.8,9.999976177902338,10.000007794777245,3.16168749066037e-05
69.9,9.999976177902338,10.000007794777245,3.16168749066037e-05
70.0,9.999976177902338,10.000007794777245,3.16168749066037e-05
70.1,9.999976177902338,10.000007794777245,3.16168749066037e-05
70.2,9.999976177902338,10.000007794777245,3.16168749066037e-05
70.3,9.999976177902338,10.000007794777245,3.16168749066037e-05
70.4,9.999976177902338,10.000007794777245,3.16168749066037e-05
70.5,9.999976177902338,10.000007794777245,3.16168749066037e-05
70.6,9.999976177902338,10.000007794777245,3.16168749066037e-05
70.7,9.999976177902338,10.000007794777245,3.16168749066037e-05
70.8,9.999976177902338,10.000007794777245,3.16168749066037e-05
70.9,9.999976177902338,10.000007794777245,3.16168749066037e-05
71.0,9.999976177902338,10.000007794777245,3.16168749066037e-05
71.1,9.999976177902338,10.000007794777245,3.16168749066037e-05
71.2,9.999976177902338,10.000007794777245,3.16168749066037e-05
71.3,9.999976177902338,10.000007794777245,3.16168749066037e-05
71.4,9.999976177902338,10.000007794777245,3.16168749066037e-05
71.5,9.999976177902338,10.000007794777245,3.16168749066037e-05
71.6,9.999976177902338,10.000007794777245,3.16168749066037e-05
71.7,9.999976177902338,10.000007794777245,3.16168749066037e-05
71.8,9.999976177902338,10.000007794777245,3.16168749066037e-05
71.9,9.999976177902338,10.000007794777245,3.16168749066037e-05
72.0,9.999976177902338,10.000007794777245,3.16168749066037e-05
72.1,9.999976177902338,10.000007794777245,3.16168749066037e-05
72.2,9.999976177902338,10.000007794777245,3.16168749066037e-05
72.3,9.999976177902338,10.000007794777245,3.16168749066037e-05
72.4,9.999976177902338,10.000007794777245,3.16168749066037e-05
72.5,9.999976177902338,10.000007794777245,3.16168749066037e-05
72.6,9.999976177902338,10.000007794777245,3.16168749066037e-05
72.7,9.999976177902338,10.000007794777245,3.16168749066037e-05
72.8,9.999976177902338,10.000007794777245,3.16168749066037e-05
72.9,9.999976177902338,10.000007794777245,3.16168749066037e-05
73.0,9.999976177902338,10.000007794777245,3.16168749066037e-05
73.1,9.999976177902338,10.000007794777245,3.16168749066037e-05
73.2,9.999976177902338,10.000007794777245,3.16168749066037e-05
73.3,9.999976177902338,10.000007794777245,3.16168749066037e-05
73.4,9.999976177902338,10.000007794777245,3.16168749066037e-05
73.5,9.999976177902338,10.000007794777245,3.16168749066037e-05
73.6,9.999976177902338,10.000007794777245,3.16168749066037e-05
73.7,9.999976177902338,10.000007794777245,3.16168749066037e-05
73.8,9.999976177902338,10.000007794777245,3.16168749066037e-05
73.9,9.999976177902338,10.000007794777245,3.16168749066037e-05
74.0,9.999976177902338,10.000007794777245,3.16168749066037e-05
74.1,9.999976177902338,10.000007794777245,3.16168749066037e-05
74.2,9.999976177902338,10.000007794777245,3.16168749066037e-05
74.3,9.999976177902338,10.000007794777245,3.16168749066037e-05
74.4,9.999976177902338,10.000007794777245,3.16168749066037e-05
74.5,9.999976177902338,10.000007794777245,3.16168749066037e-05
74.6,9.999976177902338,10.000007794777245,3.16168749066037e-05
74.7,9.999976177902338,10.000007794777245,3.16168749066037e-05
74.8,9.999976177902338,10.000007794777245,3.16168749066037e-05
74.9,9.999976177902338,10.000007794777245,3.16168749066037e-05
75.0,9.999976177902338,10.000007794777245,3.16168749066037e-05
75.1,9.999976177902338,10.000007794777245,3.16168749066037e-05
75.2,9.999976177902338,10.000007794777245,3.16168749066037e-05
75.3,9.999976177902338,10.000007794777245,3.16168749066037e-05
75.4,9.999976177902338,10.000007794777245,3.16168749066037e-05
75.5,9.999976177902338,10.000007794777245,3.16168749066037e-05
75.6,9.999976177902338,10.000007794777245,3.16168749066037e-05
75.7,9.999976177902338,10.000007794777245,3.16168749066037e-05
75.8,9.999976177902338,10.000007794777245,3.16168749066037e-05
75.9,9.999976177902338,10.000007794777245,3.16168749066037e-05
76.0,9.999976177902338,10.000007794777245,3.16168749066037e-05
76.1,9.999976177902338,10.000007794777245,3.16168749066037e-05
76.2,9.999976177902338,10.000007794777245,3.16168749066037e-05
76.3,9.999976177902338,10.000007794777245,3.16168749066037e-05
76.4,9.999976177902338,10.000007794777245,3.16168749066037e-05
76.5,9.999976177902338,10.000007794777245,3.16168749066037e-05
76.6,9.999976177902338,10.000007794777245,3.16168749066037e-05
76.7,9.999976177902338,10.000007794777245,3.16168749066037e-05
76.8,9.999976177902338,10.000007794777245,3.16168749066037e-05
76.9,9.999976177902338,10.000007794777245,3.16168749066037e-05
77.0,9.999976177902338,10.000007794777245,3.16168749066037e-05
77.1,9.999976177902338,10.000007794777245,3.16168749066037e-05
77.2,9.999976177902338,10.000007794777245,3.16168749066037e-05
77.3,9.999976177902338,10.000007794777245,3.16168749066037e-05
77.4,9.999976177902338,10.000007794777245,3.16168749066037e-05
77.5,9.999976177902338,10.000007794777245,3.16168749066037e-05
77.6,9.999976177902338,10.000007794777245,3.16168749066037e-05
77.7,9.999976177902338,10.000007794777245,3.16168749066037e-05
77.8,9.999976177902338,10.000007794777245,3.16168749066037e-05
77.9,9.999976177902338,10.000007794777245,3.16168749066037e-05
78.0,9.999976177902338,10.000007794777245,3.16168749066037e-05
78.1,9.999976177902338,10.000007794777245,3.16168749066037e-05
78.2,9.999976177902338,10.000007794777245,3.16168749066037e-05
78.3,9.999976177902338,10.000007794777245,3.16168749066037e-05
78.4,9.999976177902338,10.000007794777245,3.16168749066037e-05
78.5,9.999976177902338,10.000007794777245,3.16168749066037e-05
78.6,9.999976177902338,10.000007794777245,3.16168749066037e-05
78.7,9.999976177902338,10.000007794777245,3.16168749066037e-05
78.8,9.999976177902338,10.000007794777245,3.16168749066037e-05
78.9,9.999976177902338,10.000007794777245,3.16168749066037e-05
79.0,9.999976177902338,10.000007794777245,3.16168749066037e-05
79.1,9.999976177902338,10.000007794777245,3.16168749066037e-05
79.2,9.999976177902338,10.000007794777245,3.16168749066037e-05
79.3,9.999976177902338,10.000007794777245,3.16168749066037e-05
79.4,9.999976177902338,10.000007794777245,3.16168749066037e-05
79.5,9.999976177902338,10.000007794777245,3.16168749066037e-05
79.6,9.999976177902338,10.000007794777245,3.16168749066037e-05
79.7,9.999976177902338,10.000007794777245,3.16168749066037e-05
79.8,9.999976177902338,10.000007794777245,3.16168749066037e-05
79.9,9.999976177902338,10.000007794777245,3.16168749066037e-05
80.0,9.999976177902338,10.000007794777245,3.16168749066037e-05
80.1,9.999976177902338,10.000007794777245,3.16168749066037e-05
80.2,9.999976177902338,10.000007794777245,3.16168749066037e-05
80.3,9.999976177902338,10.000007794777245,3.16168749066037e-05
80.4,9.999976177902338,10.000007794777245,3.16168749066037e-05
80.5,9.999976177902338,10.000007794777245,3.16168749066037e-05
80.6,9.999976177902338,10.000007794777245,3.16168749066037e-05
80.7,9.999976177902338,10.000007794777245,3.16168749066037e-05
80.8,9.999976177902338,10.000007794777245,3.16168749066037e-05
80.9,9.999976177902338,10.000007794777245,3.16168749066037e-05
81.0,9.999976177902338,10.000007794777245,3.16168749066037e-05
81.1,9.999976177902338,10.000007794777245,3.16168749066037e-05
81.2,9.999976177902338,10.000007794777245,3.16168749066037e-05
81.3,9.999976177902338,10.000007794777245,3.16168749066037e-05
81.4,9.999976177902338,10.000007794777245,3.16168749066037e-05
81.5,9.999976177902338,10.000007794777245,3.16168749066037e-05
81.6,9.999976177902338,10.000007794777245,3.16168749066037e-05
81.7,9.999976177902338,10.000007794777245,3.16168749066037e-05
81.8,9.999976177902338,10.000007794777245,3.16168749066037e-05
81.9,9.999976177902338,10.000007794777245,3.16168749066037e-05
82.0,9.999976177902338,10.000007794777245,3.16168749066037e-05
82.1,9.999976177902338,10.000007794777245,3.16168749066037e-05
82.2,9.999976177902338,10.000007794777245,3.16168749066037e-05
82.3,9.999976177902338,10.000007794777245,3.16168749066037e-05
82.4,9.999976177902338,10.000007794777245,3.16168749066037e-05
82.5,9.999976177902338,10.000007794777245,3.16168749066037e-05
82.6,9.999976177902338,10.000007794777245,3.16168749066037e-05
82.7,9.999976177902338,10.000007794777245,3.16168749066037e-05
82.8,9.999976177902338,10.000007794777245,3.16168749066037e-05
82.9,9.999976177902338,10.000007794777245,3.16168749066037e-05
83.0,9.999976177902338,10.000007794777245,3.16168749066037e-05
83.1,9.999976177902338,10.000007794777245,3.16168749066037e-05
83.2,9.999976177902338,10.000007794777245,3.16168749066037e-05
83.3,9.999976177902338,10.000007794777245,3.16168749066037e-05
83.4,9.999976177902338,10.000007794777245,3.16168749066037e-05
83.5,9.999976177902338,10.000007794777245,3.16168749066037e-05
83.6,9.999976177902338,10.000007794777245,3.16168749066037e-05
83.7,9.999976177902338,10.000007794777245,3.16168749066037e-05
83.8,9.999976177902338,10.000007794777245,3.16168749066037e-05
83.9,9.999976177902338,10.000007794777245,3.16168749066037e-05
84.0,9.999976177902338,10.000007794777245,3.16168749066037e-05
84.1,9.999976177902338,10.000007794777245,3.16168749066037e-05
84.2,9.999976177902338,10.000007794777245,3.16168749066037e-05
84.3,9.999976177902338,10.000007794777245,3.16168749066037e-05
84.4,9.999976177902338,10.000007794777245,3.16168749066037e-05
84.5,9.999976177902338,10.000007794777245,3.16168749066037e-05
84.6,9.999976177902338,10.000007794777245,3.16168749066037e-05
84.7,9.999976177902338,10.000007794777245,3.16168749066037e-05
84.8,9.999976177902338,10.000007794777245,3.16168749066037e-05
84.9,9.999976177902338,10.000007794777245,3.16168749066037e-05
85.0,9.999976177902338,10.000007794777245,3.16168749066037e-05
85.1,9.999976177902338,10.000007794777245,3.16168749066037e-05
85.2,9.999976177902338,10.000007794777245,3.16168749066037e-05
85.3,9.999976177902338,10.000007794777245,3.16168749066037e-05
85.4,9.999976177902338,10.000007794777245,3.16168749066037e-05
85.5,9.999976177902338,10.000007794777245,3.16168749066037e-05
85.6,9.999976177902338,10.000007794777245,3.16168749066037e-05
85.7,9.999976177902338,10.000007794777245,3.16168749066037e-05
85.8,9.999976177902338,10.000007794777245,3.16168749066037e-05
85.9,9.999976177902338,10.000007794777245,3.16168749066037e-05
86.0,9.999976177902338,10.000007794777245,3.16168749066037e-05
86.1,9.999976177902338,10.000007794777245,3.16168749066037e-05
86.2,9.999976177902338,10.000007794777245,3.16168749066037e-05
86.3,9.999976177902338,10.000007794777245,3.16168749066037e-05
86.4,9.999976177902338,10.000007794777245,3.16168749066037e-05
86.5,9.999976177902338,10.000007794777245,3.16168749066037e-05
86.6,9.999976177902338,10.000007794777245,3.16168749066037e-05
86.7,9.999976177902338,10.000007794777245,3.16168749066037e-05
86.8,9.999976177902338,10.000007794777245,3.16168749066037e-05
86.9,9.999976177902338,10.000007794777245,3.16168749066037e-05
87.0,9.999976177902338,10.000007794777245,3.16168749066037e-05
87.1,9.999976177902338,10.000007794777245,3.16168749066037e-05
87.2,9.999976177902338,10.000007794777245,3.16168749066037e-05
87.3,9.999976177902338,10.000007794777245,3.16168749066037e-05
87.4,9.999976177902338,10.000007794777245,3.16168749066037e-05
87.5,9.999976177902338,10.000007794777245,3.16168749066037e-05
87.6,9.999976177902338,10.000007794777245,3.16168749066037e-05
87.7,9.999976177902338,10.000007794777245,3.16168749066037e-05
87.8,9.999976177902338,10.000007794777245,3.16168749066037e-05
87.9,9.999976177902338,10.000007794777245,3.16168749066037e-05
88.0,9.999976177902338,10.000007794777245,3.16168749066037e-05
88.1,9.999976177902338,10.000007794777245,3.16168749066037e-05
88.2,9.999976177902338,10.000007794777245,3.16168749066037e-05
88.3,9.999976177902338,10.000007794777245,3.16168749066037e-05
88.4,9.999976177902338,10.000007794777245,3.16168749066037e-05
88.5,9.999976177902338,10.000007794777245,3.16168749066037e-05
88.6,9.999976177902338,10.000007794777245,3.16168749066037e-05
88.7,9.999976177902338,10.000007794777245,3.16168749066037e-05
88.8,9.999976177902338,10.000007794777245,3.16168749066037e-05
88.9,9.999976177902338,10.000007794777245,3.16168749066037e-05
89.0,9.999976177902338,10.000007794777245,3.16168749066037e-05
89.1,9.999976177902338,10.000007794777245,3.16168749066037e-05
89.2,9.999976177902338,10.000007794777245,3.16168749066037e-05
89.3,9.999976177902338,10.000007794777245,3.16168749066037e-05
89.4,9.999976177902338,10.000007794777245,3.16168749066037e-05
89.5,9.999976177902338,10.000007794777245,3.16168749066037e-05
89.6,9.999976177902338,10.000007794777245,3.16168749066037e-05
89.7,9.999976177902338,10.000007794777245,3.16168749066037e-05
89.8,9.999976177902338,10.000007794777245,3.16168749066037e-05
89.9,9.999976177902338,10.000007794777245,3.16168749066037e-05
90.0,9.999976177902338,10.000007794777245,3.16168749066037e-05
90.1,9.999976177902338,10.000007794777245,3.16168749066037e-05
90.2,9.999976177902338,10.000007794777245,3.16168749066037e-05
90.3,9.999976177902338,10.000007794777245,3.16168749066037e-05
90.4,9.999976177902338,10.000007794777245,3.16168749066037e-05
90.5,9.999976177902338,10.000007794777245,3.16168749066037e-05
90.6,9.999976177902338,10.000007794777245,3.16168749066037e-05
90.7,9.999976177902338,10.000007794777245,3.16168749066037e-05
90.8,9.999976177902338,10.000007794777245,3.16168749066037e-05
90.9,9.999976177902338,10.000007794777245,3.16168749066037e-05
91.0,9.999976177902338,10.000007794777245,3.16168749066037e-05
91.1,9.999976177902338,10.000007794777245,3.16168749066037e-05
91.2,9.999976177902338,10.000007794777245,3.16168749066037e-05
91.3,9.999976177902338,10.000007794777245,3.16168749066037e-05
91.4,9.999976177902338,10.000007794777245,3.16168749066037e-05
91.5,9.999976177902338,10.000007794777245,3.16168749066037e-05
91.6,9.999976177902338,10.000007794777245,3.16168749066037e-05
91.7,9.999976177902338,10.000007794777245,3.16168749066037e-05
91.8,9.999976177902338,10.000007794777245,3.16168749066037e-05
91.9,9.999976177902338,10.000007794777245,3.16168749066037e-05
92.0,9.999976177902338,10.000007794777245,3.16168749066037e-05
92.1,9.999976177902338,10.000007794777245,3.16168749066037e-05
92.2,9.999976177902338,10.000007794777245,3.16168749066037e-05
92.3,9.999976177902338,10.000007794777245,3.16168749066037e-05
92.4,9.999976177902338,10.000007794777245,3.16168749066037e-05
92.5,9.999976177902338,10.000007794777245,3.16168749066037e-05
92.6,9.999976177902338,10.000007794777245,3.16168749066037e-05
92.7,9.999976177902338,10.000007794777245,3.16168749066037e-05
92.8,9.999976177902338,10.000007794777245,3.16168749066037e-05
92.9,9.999976177902338,10.000007794777245,3.16168749066037e-05
93.0,9.999976177902338,10.000007794777245,3.16168749066037e-05
93.1,9.999976177902338,10.000007794777245,3.16168749066037e-05
93.2,9.999976177902338,10.000007794777245,3.16168749066037e-05
93.3,9.999976177902338,10.000007794777245,3.16168749066037e-05
93.4,9.999976177902338,10.000007794777245,3.16168749066037e-05
93.5,9.999976177902338,10.000007794777245,3.16168749066037e-05
93.6,9.999976177902338,10.000007794777245,3.16168749066037e-05
93.7,9.999976177902338,10.000007794777245,3.16168749066037e-05
93.8,9.999976177902338,10.000007794777245,3.16168749066037e-05
93.9,9.999976177902338,10.000007794777245,3.16168749066037e-05
94.0,9.999976177902338,10.000007794777245,3.16168749066037e-05
94.1,9.999976177902338,10.000007794777245,3.16168749066037e-05
94.2,9.999976177902338,10.000007794777245,3.16168749066037e-05
94.3,9.999976177902338,10.000007794777245,3.16168749066037e-05
94.4,9.999976177902338,10.000007794777245,3.16168749066037e-05
94.5,9.999976177902338,10.000007794777245,3.16168749066037e-05
94.6,9.999976177902338,10.000007794777245,3.16168749066037e-05
94.7,9.999976177902338,10.000007794777245,3.16168749066037e-05
94.8,9.999976177902338,10.000007794777245,3.16168749066037e-05
94.9,9.999976177902338,10.000007794777245,3.16168749066037e-05
95.0,9.999976177902338,10.000007794777245,3.16168749066037e-05
95.1,9.999976177902338,10.000007794777245,3.16168749066037e-05
95.2,9.999976177902338,10.000007794777245,3.16168749066037e-05
95.3,9.999976177902338,10.000007794777245,3.16168749066037e-05
95.4,9.999976177902338,10.000007794777245,3.16168749066037e-05
95.5,9.999976177902338,10.000007794777245,3.16168749066037e-05
95.6,9.999976177902338,10.000007794777245,3.16168749066037e-05
95.7,9.999976177902338,10.000007794777245,3.16168749066037e-05
95.8,9.999976177902338,10.000007794777245,3.16168749066037e-05
95.9,9.999976177902338,10.000007794777245,3.16168749066037e-05
96.0,9.999976177902338,10.000007794777245,3.16168749066037e-05
96.1,9.999976177902338,10.000007794777245,3.16168749066037e-05
96.2,9.999976177902338,10.000007794777245,3.16168749066037e-05
96.3,9.999976177902338,10.000007794777245,3.16168749066037e-05
96.4,9.999976177902338,10.000007794777245,3.16168749066037e-05
96.5,9.999976177902338,10.000007794777245,3.16168749066037e-05
96.6,9.999976177902338,10.000007794777245,3.16168749066037e-05
96.7,9.999976177902338,10.000007794777245,3.16168749066037e-05
96.8,9.999976177902338,10.000007794777245,3.16168749066037e-05
96.9,9.999976177902338,10.000007794777245,3.16168749066037e-05
97.0,9.999976177902338,10.000007794777245,3.16168749066037e-05
97.1,9.999976177902338,10.000007794777245,3.16168749066037e-05
97.2,9.999976177902338,10.000007794777245,3.16168749066037e-05
97.3,9.999976177902338,10.000007794777245,3.16168749066037e-05
97.4,9.999976177902338,10.000007794777245,3.16168749066037e-05
97.5,9.999976177902338,10.000007794777245,3.16168749066037e-05
97.6,9.999976177902338,10.000007794777245,3.16168749066037e-05
97.7,9.999976177902338,10.000007794777245,3.16168749066037e-05
97.8,9.999976177902338,10.000007794777245,3.16168749066037e-05
97.9,9.999976177902338,10.000007794777245,3.16168749066037e-05
98.0,9.999976177902338,10.000007794777245,3.16168749066037e-05
98.1,9.999976177902338,10.000007794777245,3.16168749066037e-05
98.2,9.999976177902338,10.000007794777245,3.16168749066037e-05
98.3,9.999976177902338,10.000007794777245,3.16168749066037e-05
98.4,9.999976177902338,10.000007794777245,3.16168749066037e-05
98.5,9.999976177902338,10.000007794777245,3.16168749066037e-05
98.6,9.999976177902338,10.000007794777245,3.16168749066037e-05
98.7,9.999976177902338,10.000007794777245,3.16168749066037e-05
98.8,9.999976177902338,10.000007794777245,3.16168749066037e-05
98.9,9.999976177902338,10.000007794777245,3.16168749066037e-05
99.0,9.999976177902338,10.000007794777245,3.16168749066037e-05
99.1,9.999976177902338,10.000007794777245,3.16168749066037e-05
99.2,9.999976177902338,10.000007794777245,3.16168749066037e-05
99.3,9.999976177902338,10.000007794777245,3.16168749066037e-05
99.4,9.999976177902338,10.000007794777245,3.16168749066037e-05
99.5,9.999976177902338,10.000007794777245,3.16168749066037e-05
99.6,9.999976177902338,10.000007794777245,3.16168749066037e-05
99.7,9.999976177902338,10.000007794777245,3.16168749066037e-05
99.8,9.999976177902338,10.000007794777245,3.16168749066037e-05
99.9,9.999976177902338,10.000007794777245,3.16168749066037e-05
100.0,9.999976177902338,10.000007794777245,3.16168749066037e-05
100.1,9.999976177902338,10.000007794777245,3.16168749066037e-05
100.2,9.999976177902338,10.000007794777245,3.16168749066037e-05
100.3,9.999976177902338,10.000007794777245,3.16168749066037e-05
100.4,9.999976177902338,10.000007794777245,3.16168749066037e-05
100.5,9.999976177902338,10.000007794777245,3.16168749066037e-05
100.6,9.999976177902338,10.000007794777245,3.16168749066037e-05
100.7,9.999976177902338,10.000007794777245,3.16168749066037e-05
100.8,9.999976177902338,10.000007794777245,3.16168749066037e-05
100.9,9.999976177902338,10.000007794777245,3.16168749066037e-05
101.0,9.999976177902338,10.000007794777245,3.16168749066037e-05
101.1,9.999976177902338,10.000007794777245,3.16168749066037e-05
101.2,9.999976177902338,10.000007794777245,3.16168749066037e-05
101.3,9.999976177902338,10.000007794777245,3.16168749066037e-05
101.4,9.999976177902338,10.000007794777245,3.16168749066037e-05
101.5,9.999976177902338,10.000007794777245,3.16168749066037e-05
101.6,9.999976177902338,10.000007794777245,3.16168749066037e-05
101.7,9.999976177902338,10.000007794777245,3.16168749066037e-05
101.8,9.999976177902338,10.000007794777245,3.16168749066037e-05
101.9,9.999976177902338,10.000007794777245,3.16168749066037e-05
102.0,9.999976177902338,10.000007794777245,3.16168749066037e-05
102.1,9.999976177902338,10.000007794777245,3.16168749066037e-05
102.2,9.999976177902338,10.000007794777245,3.16168749066037e-05
102.3,9.999976177902338,10.000007794777245,3.16168749066037e-05
102.4,9.999976177902338,10.000007794777245,3.16168749066037e-05
102.5,9.999976177902338,10.000007794777245,3.16168749066037e-05
102.6,9.999976177902338,10.000007794777245,3.16168749066037e-05
102.7,9.999976177902338,10.000007794777245,3.16168749066037e-05
102.8,9.999976177902338,10.000007794777245,3.16168749066037e-05
102.9,9.999976177902338,10.000007794777245,3.16168749066037e-05
103.0,9.999976177902338,10.000007794777245,3.16168749066037e-05
103.1,9.999976177902338,10.000007794777245,3.16168749066037e-05
103.2,9.999976177902338,10.000007794777245,3.16168749066037e-05
103.3,9.999976177902338,10.000007794777245,3.16168749066037e-05
103.4,9.999976177902338,10.000007794777245,3.16168749066037e-05
103.5,9.999976177902338,10.000007794777245,3.16168749066037e-05
103.6,9.999976177902338,10.000007794777245,3.16168749066037e-05
103.7,9.999976177902338,10.000007794777245,3.16168749066037e-05
103.8,9.999976177902338,10.000007794777245,3.16168749066037e-05
103.9,9.999976177902338,10.000007794777245,3.16168749066037e-05
104.0,9.999976177902338,10.000007794777245,3.16168749066037e-05
104.1,9.999976177902338,10.000007794777245,3.16168749066037e-05
104.2,9.999976177902338,10.000007794777245,3.16168749066037e-05
104.3,9.999976177902338,10.000007794777245,3.16168749066037e-05
104.4,9.999976177902338,10.000007794777245,3.16168749066037e-05
104.5,9.999976177902338,10.000007794777245,3.16168749066037e-05
104.6,9.999976177902338,10.000007794777245,3.16168749066037e-05
104.7,9.999976177902338,10.000007794777245,3.16168749066037e-05
104.8,9.999976177902338,10.000007794777245,3.16168749066037e-05
104.9,9.999976177902338,10.000007794777245,3.16168749066037e-05
105.0,9.999976177902338,10.000007794777245,3.16168749066037e-05
105.1,9.999976177902338,10.000007794777245,3.16168749066037e-05
105.2,9.999976177902338,10.000007794777245,3.16168749066037e-05
105.3,9.999976177902338,10.000007794777245,3.16168749066037e-05
105.4,9.999976177902338,10.000007794777245,3.16168749066037e-05
105.5,9.999976177902338,10.000007794777245,3.16168749066037e-05
105.6,9.999976177902338,10.000007794777245,3.16168749066037e-05
105.7,9.999976177902338,10.000007794777245,3.16168749066037e-05
105.8,9.999976177902338,10.000007794777245,3.16168749066037e-05
105.9,9.999976177902338,10.000007794777245,3.16168749066037e-05
106.0,9.999976177902338,10.000007794777245,3.16168749066037e-05
106.1,9.999976177902338,10.000007794777245,3.16168749066037e-05
106.2,9.999976177902338,10.000007794777245,3.16168749066037e-05
106.3,9.999976177902338,10.000007794777245,3.16168749066037e-05
106.4,9.999976177902338,10.000007794777245,3.16168749066037e-05
106.5,9.999976177902338,10.000007794777245,3.16168749066037e-05
106.6,9.999976177902338,10.000007794777245,3.16168749066037e-05
106.7,9.999976177902338,10.000007794777245,3.16168749066037e-05
106.8,9.999976177902338,10.000007794777245,3.16168749066037e-05
106.9,9.999976177902338,10.000007794777245,3.16168749066037e-05
107.0,9.999976177902338,10.000007794777245,3.16168749066037e-05
107.1,9.999976177902338,10.000007794777245,3.16168749066037e-05
107.2,9.999976177902338,10.000007794777245,3.16168749066037e-05
107.3,9.999976177902338,10.000007794777245,3.16168749066037e-05
107.4,9.999976177902338,10.000007794777245,3.16168749066037e-05
107.5,9.999976177902338,10.000007794777245,3.16168749066037e-05
107.6,9.999976177902338,10.000007794777245,3.16168749066037e-05
107.7,9.999976177902338,10.000007794777245,3.16168749066037e-05
107.8,9.999976177902338,10.000007794777245,3.16168749066037e-05
107.9,9.999976177902338,10.000007794777245,3.16168749066037e-05
108.0,9.999976177902338,10.000007794777245,3.16168749066037e-05
108.1,9.999976177902338,10.000007794777245,3.16168749066037e-05
108.2,9.999976177902338,10.000007794777245,3.16168749066037e-05
108.3,9.999976177902338,10.000007794777245,3.16168749066037e-05
108.4,9.999976177902338,10.000007794777245,3.16168749066037e-05
108.5,9.999976177902338,10.000007794777245,3.16168749066037e-05
108.6,9.999976177902338,10.000007794777245,3.16168749066037e-05
108.7,9.999976177902338,10.000007794777245,3.16168749066037e-05
108.8,9.999976177902338,10.000007794777245,3.16168749066037e-05
108.9,9.999976177902338,10.000007794777245,3.16168749066037e-05
109.0,9.999976177902338,10.000007794777245,3.16168749066037e-05
109.1,9.999976177902338,10.000007794777245,3.16168749066037e-05
109.2,9.999976177902338,10.000007794777245,3.16168749066037e-05
109.3,9.999976177902338,10.000007794777245,3.16168749066037e-05
109.4,9.999976177902338,10.000007794777245,3.16168749066037e-05
109.5,9.999976177902338,10.000007794777245,3.16168749066037e-05
109.6,9.999976177902338,10.000007794777245,3.16168749066037e-05
109.7,9.999976177902338,10.000007794777245,3.16168749066037e-05
109.8,9.999976177902338,10.000007794777245,3.16168749066037e-05
109.9,9.999976177902338,10.000007794777245,3.16168749066037e-05
110.0,9.999976177902338,10.000007794777245,3.16168749066037e-05
110.1,9.999976177902338,10.000007794777245,3.16168749066037e-05
110.2,9.999976177902338,10.000007794777245,3.16168749066037e-05
110.3,9.999976177902338,10.000007794777245,3.16168749066037e-05
110.4,9.999976177902338,10.000007794777245,3.16168749066037e-05
110.5,9.999976177902338,10.000007794777245,3.16168749066037e-05
110.6,9.999976177902338,10.000007794777245,3.16168749066037e-05
110.7,9.999976177902338,10.000007794777245,3.16168749066037e-05
110.8,9.999976177902338,10.000007794777245,3.16168749066037e-05
110.9,9.999976177902338,10.000007794777245,3.16168749066037e-05
111.0,9.999976177902338,10.000007794777245,3.16168749066037e-05
111.1,9.999976177902338,10.000007794777245,3.16168749066037e-05
111.2,9.999976177902338,10.000007794777245,3.16168749066037e-05
111.3,9.999976177902338,10.000007794777245,3.16168749066037e-05
111.4,9.999976177902338,10.000007794777245,3.16168749066037e-05
111.5,9.999976177902338,10.000007794777245,3.16168749066037e-05
111.6,9.999976177902338,10.000007794777245,3.16168749066037e-05
111.7,9.999976177902338,10.000007794777245,3.16168749066037e-05
111.8,9.999976177902338,10.000007794777245,3.16168749066037e-05
111.9,9.999976177902338,10.000007794777245,3.16168749066037e-05
112.0,9.999976177902338,10.000007794777245,3.16168749066037e-05
112.1,9.999976177902338,10.000007794777245,3.16168749066037e-05
112.2,9.999976177902338,10.000007794777245,3.16168749066037e-05
112.3,9.999976177902338,10.000007794777245,3.16168749066037e-05
112.4,9.999976177902338,10.000007794777245,3.16168749066037e-05
112.5,9.999976177902338,10.000007794777245,3.16168749066037e-05
112.6,9.999976177902338,10.000007794777245,3.16168749066037e-05
112.7,9.999976177902338,10.000007794777245,3.16168749066037e-05
112.8,9.999976177902338,10.000007794777245,3.16168749066037e-05
112.9,9.999976177902338,10.000007794777245,3.16168749066037e-05
113.0,9.999976177902338,10.000007794777245,3.16168749066037e-05
113.1,9.999976177902338,10.000007794777245,3.16168749066037e-05
113.2,9.999976177902338,10.000007794777245,3.16168749066037e-05
113.3,9.999976177902338,10.000007794777245,3.16168749066037e-05
113.4,9.999976177902338,10.000007794777245,3.16168749066037e-05
113.5,9.999976177902338,10.000007794777245,3.16168749066037e-05
113.6,9.999976177902338,10.000007794777245,3.16168749066037e-05
113.7,9.999976177902338,10.000007794777245,3.16168749066037e-05
113.8,9.999976177902338,10.000007794777245,3.16168749066037e-05
113.9,9.999976177902338,10.000007794777245,3.16168749066037e-05
114.0,9.999976177902338,10.000007794777245,3.16168749066037e-05
114.1,9.999976177902338,10.000007794777245,3.16168749066037e-05
114.2,9.999976177902338,10.000007794777245,3.16168749066037e-05
114.3,9.999976177902338,10.000007794777245,3.16168749066037e-05
114.4,9.999976177902338,10.000007794777245,3.16168749066037e-05
114.5,9.999976177902338,10.000007794777245,3.16168749066037e-05
114.6,9.999976177902338,10.000007794777245,3.16168749066037e-05
114.7,9.999976177902338,10.000007794777245,3.16168749066037e-05
114.8,9.999976177902338,10.000007794777245,3.16168749066037e-05
114.9,9.999976177902338,10.000007794777245,3.16168749066037e-05
115.0,9.999976177902338,10.000007794777245,3.16168749066037e-05
115.1,9.999976177902338,10.000007794777245,3.16168749066037e-05
115.2,9.999976177902338,10.000007794777245,3.16168749066037e-05
115.3,9.999976177902338,10.000007794777245,3.16168749066037e-05
115.4,9.999976177902338,10.000007794777245,3.16168749066037e-05
115.5,9.999976177902338,10.000007794777245,3.16168749066037e-05
115.6,9.999976177902338,10.000007794777245,3.16168749066037e-05
115.7,9.999976177902338,10.000007794777245,3.16168749066037e-05
115.8,9.999976177902338,10.000007794777245,3.16168749066037e-05
115.9,9.999976177902338,10.000007794777245,3.16168749066037e-05
116.0,9.999976177902338,10.000007794777245,3.16168749066037e-05
116.1,9.999976177902338,10.000007794777245,3.16168749066037e-05
116.2,9.999976177902338,10.000007794777245,3.16168749066037e-05
116.3,9.999976177902338,10.000007794777245,3.16168749066037e-05
116.4,9.999976177902338,10.000007794777245,3.16168749066037e-05
116.5,9.999976177902338,10.000007794777245,3.16168749066037e-05
116.6,9.999976177902338,10.000007794777245,3.16168749066037e-05
116.7,9.999976177902338,10.000007794777245,3.16168749066037e-05
116.8,9.999976177902338,10.000007794777245,3.16168749066037e-05
116.9,9.999976177902338,10.000007794777245,3.16168749066037e-05
117.0,9.999976177902338,10.000007794777245,3.16168749066037e-05
117.1,9.999976177902338,10.000007794777245,3.16168749066037e-05
117.2,9.999976177902338,10.000007794777245,3.16168749066037e-05
117.3,9.999976177902338,10.000007794777245,3.16168749066037e-05
117.4,9.999976177902338,10.000007794777245,3.16168749066037e-05
117.5,9.999976177902338,10.000007794777245,3.16168749066037e-05
117.6,9.999976177902338,10.000007794777245,3.16168749066037e-05
117.7,9.999976177902338,10.000007794777245,3.16168749066037e-05
117.8,9.999976177902338,10.000007794777245,3.16168749066037e-05
117.9,9.999976177902338,10.000007794777245,3.16168749066037e-05
118.0,9.999976177902338,10.000007794777245,3.16168749066037e-05
118.1,9.999976177902338,10.000007794777245,3.16168749066037e-05
118.2,9.999976177902338,10.000007794777245,3.16168749066037e-05
118.3,9.999976177902338,10.000007794777245,3.16168749066037e-05
118.4,9.999976177902338,10.000007794777245,3.16168749066037e-05
118.5,9.999976177902338,10.000007794777245,3.16168749066037e-05
118.6,9.999976177902338,10.000007794777245,3.16168749066037e-05
118.7,9.999976177902338,10.000007794777245,3.16168749066037e-05
118.8,9.999976177902338,10.000007794777245,3.16168749066037e-05
118.9,9.999976177902338,10.000007794777245,3.16168749066037e-05
119.0,9.999976177902338,10.000007794777245,3.16168749066037e-05
119.1,9.999976177902338,10.000007794777245,3.16168749066037e-05
119.2,9.999976177902338,10.000007794777245,3.16168749066037e-05
119.3,9.999976177902338,10.000007794777245,3.16168749066037e-05
119.4,9.999976177902338,10.000007794777245,3.16168749066037e-05
119.5,9.999976177902338,10.000007794777245,3.16168749066037e-05
119.6,9.999976177902338,10.000007794777245,3.16168749066037e-05
119.7,9.999976177902338,10.000007794777245,3.16168749066037e-05
119.8,9.999976177902338,10.000007794777245,3.16168749066037e-05
119.9,9.999976177902338,10.000007794777245,3.16168749066037e-05
120.0,9.999976177902338,10.000007794777245,3.16168749066037e-05
120.1,9.999976177902338,10.000007794777245,3.16168749066037e-05
120.2,9.999976177902338,10.000007794777245,3.16168749066037e-05
120.3,9.999976177902338,10.000007794777245,3.16168749066037e-05
120.4,9.999976177902338,10.000007794777245,3.16168749066037e-05
120.5,9.999976177902338,10.000007794777245,3.16168749066037e-05
120.6,9.999976177902338,10.000007794777245,3.16168749066037e-05
120.7,9.999976177902338,10.000007794777245,3.16168749066037e-05
120.8,9.999976177902338,10.000007794777245,3.16168749066037e-05
120.9,9.999976177902338,10.000007794777245,3.16168749066037e-05
121.0,9.999976177902338,10.000007794777245,3.16168749066037e-05
121.1,9.999976177902338,10.000007794777245,3.16168749066037e-05
121.2,9.999976177902338,10.000007794777245,3.16168749066037e-05
121.3,9.999976177902338,10.000007794777245,3.16168749066037e-05
121.4,9.999976177902338,10.000007794777245,3.16168749066037e-05
121.5,9.999976177902338,10.000007794777245,3.16168749066037e-05
121.6,9.999976177902338,10.000007794777245,3.16168749066037e-05
121.7,9.999976177902338,10.000007794777245,3.16168749066037e-05
121.8,9.999976177902338,10.000007794777245,3.16168749066037e-05
121.9,9.999976177902338,10.000007794777245,3.16168749066037e-05
122.0,9.999976177902338,10.000007794777245,3.16168749066037e-05
122.1,9.999976177902338,10.000007794777245,3.16168749066037e-05
122.2,9.999976177902338,10.000007794777245,3.16168749066037e-05
122.3,9.999976177902338,10.000007794777245,3.16168749066037e-05
122.4,9.999976177902338,10.000007794777245,3.16168749066037e-05
122.5,9.999976177902338,10.000007794777245,3.16168749066037e-05
122.6,9.999976177902338,10.000007794777245,3.16168749066037e-05
122.7,9.999976177902338,10.000007794777245,3.16168749066037e-05
122.8,9.999976177902338,10.000007794777245,3.16168749066037e-05
122.9,9.999976177902338,10.000007794777245,3.16168749066037e-05
123.0,9.999976177902338,10.000007794777245,3.16168749066037e-05
123.1,9.999976177902338,10.000007794777245,3.16168749066037e-05
123.2,9.999976177902338,10.000007794777245,3.16168749066037e-05
123.3,9.999976177902338,10.000007794777245,3.16168749066037e-05
123.4,9.999976177902338,10.000007794777245,3.16168749066037e-05
123.5,9.999976177902338,10.000007794777245,3.16168749066037e-05
123.6,9.999976177902338,10.000007794777245,3.16168749066037e-05
123.7,9.999976177902338,10.000007794777245,3.16168749066037e-05
123.8,9.999976177902338,10.000007794777245,3.16168749066037e-05
123.9,9.999976177902338,10.000007794777245,3.16168749066037e-05
124.0,9.999976177902338,10.000007794777245,3.16168749066037e-05
124.1,9.999976177902338,10.000007794777245,3.16168749066037e-05
124.2,9.999976177902338,10.000007794777245,3.16168749066037e-05
124.3,9.999976177902338,10.000007794777245,3.16168749066037e-05
124.4,9.999976177902338,10.000007794777245,3.16168749066037e-05
124.5,9.999976177902338,10.000007794777245,3.16168749066037e-05
124.6,9.999976177902338,10.000007794777245,3.16168749066037e-05
124.7,9.999976177902338,10.000007794777245,3.16168749066037e-05
124.8,9.999976177902338,10.000007794777245,3.16168749066037e-05
124.9,9.999976177902338,10.000007794777245,3.16168749066037e-05
125.0,9.999976177902338,10.000007794777245,3.16168749066037e-05
125.1,9.999976177902338,10.000007794777245,3.16168749066037e-05
125.2,9.999976177902338,10.000007794777245,3.16168749066037e-05
125.3,9.999976177902338,10.000007794777245,3.16168749066037e-05
125.4,9.999976177902338,10.000007794777245,3.16168749066037e-05
125.5,9.999976177902338,10.000007794777245,3.16168749066037e-05
125.6,9.999976177902338,10.000007794777245,3.16168749066037e-05
125.7,9.999976177902338,10.000007794777245,3.16168749066037e-05
125.8,9.999976177902338,10.000007794777245,3.16168749066037e-05
125.9,9.999976177902338,10.000007794777245,3.16168749066037e-05
126.0,9.999976177902338,10.000007794777245,3.16168749066037e-05
126.1,9.999976177902338,10.000007794777245,3.16168749066037e-05
126.2,9.999976177902338,10.000007794777245,3.16168749066037e-05
126.3,9.999976177902338,10.000007794777245,3.16168749066037e-05
126.4,9.999976177902338,10.000007794777245,3.16168749066037e-05
126.5,9.999976177902338,10.000007794777245,3.16168749066037e-05
126.6,9.999976177902338,10.000007794777245,3.16168749066037e-05
126.7,9.999976177902338,10.000007794777245,3.16168749066037e-05
126.8,9.999976177902338,10.000007794777245,3.16168749066037e-05
126.9,9.999976177902338,10.000007794777245,3.16168749066037e-05
127.0,9.999976177902338,10.000007794777245,3.16168749066037e-05
127.1,9.999976177902338,10.000007794777245,3.16168749066037e-05
127.2,9.999976177902338,10.000007794777245,3.16168749066037e-05
127.3,9.999976177902338,10.000007794777245,3.16168749066037e-05
127.4,9.999976177902338,10.000007794777245,3.16168749066037e-05
127.5,9.999976177902338,10.000007794777245,3.16168749066037e-05
127.6,9.999976177902338,10.000007794777245,3.16168749066037e-05
127.7,9.999976177902338,10.000007794777245,3.16168749066037e-05
127.8,9.999976177902338,10.000007794777245,3.16168749066037e-05
127.9,9.999976177902338,10.000007794777245,3.16168749066037e-05
128.0,9.999976177902338,10.000007794777245,3.16168749066037e-05
128.1,9.999976177902338,10.000007794777245,3.16168749066037e-05
128.2,9.999976177902338,10.000007794777245,3.16168749066037e-05
128.3,9.999976177902338,10.000007794777245,3.16168749066037e-05
128.4,9.999976177902338,10.000007794777245,3.16168749066037e-05
128.5,9.999976177902338,10.000007794777245,3.16168749066037e-05
128.6,9.999976177902338,10.000007794777245,3.16168749066037e-05
128.7,9.999976177902338,10.000007794777245,3.16168749066037e-05
128.8,9.999976177902338,10.000007794777245,3.16168749066037e-05
128.9,9.999976177902338,10.000007794777245,3.16168749066037e-05
129.0,9.999976177902338,10.000007794777245,3.16168749066037e-05
129.1,9.999976177902338,10.000007794777245,3.16168749066037e-05
129.2,9.999976177902338,10.000007794777245,3.16168749066037e-05
129.3,9.999976177902338,10.000007794777245,3.16168749066037e-05
129.4,9.999976177902338,10.000007794777245,3.16168749066037e-05
129.5,9.999976177902338,10.000007794777245,3.16168749066037e-05
129.6,9.999976177902338,10.000007794777245,3.16168749066037e-05
129.7,9.999976177902338,10.000007794777245,3.16168749066037e-05
129.8,9.999976177902338,10.000007794777245,3.16168749066037e-05
129.9,9.999976177902338,10.000007794777245,3.16168749066037e-05
130.0,9.999976177902338,10.000007794777245,3.16168749066037e-05
130.1,9.999976177902338,10.000007794777245,3.16168749066037e-05
130.2,9.999976177902338,10.000007794777245,3.16168749066037e-05
130.3,9.999976177902338,10.000007794777245,3.16168749066037e-05
130.4,9.999976177902338,10.000007794777245,3.16168749066037e-05
130.5,9.999976177902338,10.000007794777245,3.16168749066037e-05
130.6,9.999976177902338,10.000007794777245,3.16168749066037e-05
130.7,9.999976177902338,10.000007794777245,3.16168749066037e-05
130.8,9.999976177902338,10.000007794777245,3.16168749066037e-05
130.9,9.999976177902338,10.000007794777245,3.16168749066037e-05
131.0,9.999976177902338,10.000007794777245,3.16168749066037e-05
131.1,9.999976177902338,10.000007794777245,3.16168749066037e-05
131.2,9.999976177902338,10.000007794777245,3.16168749066037e-05
131.3,9.999976177902338,10.000007794777245,3.16168749066037e-05
131.4,9.999976177902338,10.000007794777245,3.16168749066037e-05
131.5,9.999976177902338,10.000007794777245,3.16168749066037e-05
131.6,9.999976177902338,10.000007794777245,3.16168749066037e-05
131.7,9.999976177902338,10.000007794777245,3.16168749066037e-05
131.8,9.999976177902338,10.000007794777245,3.16168749066037e-05
131.9,9.999976177902338,10.000007794777245,3.16168749066037e-05
132.0,9.999976177902338,10.000007794777245,3.16168749066037e-05
132.1,9.999976177902338,10.000007794777245,3.16168749066037e-05
132.2,9.999976177902338,10.000007794777245,3.16168749066037e-05
132.3,9.999976177902338,10.000007794777245,3.16168749066037e-05
132.4,9.999976177902338,10.000007794777245,3.16168749066037e-05
132.5,9.999976177902338,10.000007794777245,3.16168749066037e-05
132.6,9.999976177902338,10.000007794777245,3.16168749066037e-05
132.7,9.999976177902338,10.000007794777245,3.16168749066037e-05
132.8,9.999976177902338,10.000007794777245,3.16168749066037e-05
132.9,9.999976177902338,10.000007794777245,3.16168749066037e-05
133.0,9.999976177902338,10.000007794777245,3.16168749066037e-05
133.1,9.999976177902338,10.000007794777245,3.16168749066037e-05
133.2,9.999976177902338,10.000007794777245,3.16168749066037e-05
133.3,9.999976177902338,10.000007794777245,3.16168749066037e-05
133.4,9.999976177902338,10.000007794777245,3.16168749066037e-05
133.5,9.999976177902338,10.000007794777245,3.16168749066037e-05
133.6,9.999976177902338,10.000007794777245,3.16168749066037e-05
133.7,9.999976177902338,10.000007794777245,3.16168749066037e-05
133.8,9.999976177902338,10.000007794777245,3.16168749066037e-05
133.9,9.999976177902338,10.000007794777245,3.16168749066037e-05
134.0,9.999976177902338,10.000007794777245,3.16168749066037e-05
134.1,9.999976177902338,10.000007794777245,3.16168749066037e-05
134.2,9.999976177902338,10.000007794777245,3.16168749066037e-05
134.3,9.999976177902338,10.000007794777245,3.16168749066037e-05
134.4,9.999976177902338,10.000007794777245,3.16168749066037e-05
134.5,9.999976177902338,10.000007794777245,3.16168749066037e-05
134.6,9.999976177902338,10.000007794777245,3.16168749066037e-05
134.7,9.999976177902338,10.000007794777245,3.16168749066037e-05
134.8,9.999976177902338,10.000007794777245,3.16168749066037e-05
134.9,9.999976177902338,10.000007794777245,3.16168749066037e-05
135.0,9.999976177902338,10.000007794777245,3.16168749066037e-05
135.1,9.999976177902338,10.000007794777245,3.16168749066037e-05
135.2,9.999976177902338,10.000007794777245,3.16168749066037e-05
135.3,9.999976177902338,10.000007794777245,3.16168749066037e-05
135.4,9.999976177902338,10.000007794777245,3.16168749066037e-05
135.5,9.999976177902338,10.000007794777245,3.16168749066037e-05
135.6,9.999976177902338,10.000007794777245,3.16168749066037e-05
135.7,9.999976177902338,10.000007794777245,3.16168749066037e-05
135.8,9.999976177902338,10.000007794777245,3.16168749066037e-05
135.9,9.999976177902338,10.000007794777245,3.16168749066037e-05
136.0,9.999976177902338,10.000007794777245,3.16168749066037e-05
136.1,9.999976177902338,10.000007794777245,3.16168749066037e-05
136.2,9.999976177902338,10.000007794777245,3.16168749066037e-05
136.3,9.999976177902338,10.000007794777245,3.16168749066037e-05
136.4,9.999976177902338,10.000007794777245,3.16168749066037e-05
136.5,9.999976177902338,10.000007794777245,3.16168749066037e-05
136.6,9.999976177902338,10.000007794777245,3.16168749066037e-05
136.7,9.999976177902338,10.000007794777245,3.16168749066037e-05
136.8,9.999976177902338,10.000007794777245,3.16168749066037e-05
136.9,9.999976177902338,10.000007794777245,3.16168749066037e-05
137.0,9.999976177902338,10.000007794777245,3.16168749066037e-05
137.1,9.999976177902338,10.000007794777245,3.16168749066037e-05
137.2,9.999976177902338,10.000007794777245,3.16168749066037e-05
137.3,9.999976177902338,10.000007794777245,3.16168749066037e-05
137.4,9.999976177902338,10.000007794777245,3.16168749066037e-05
137.5,9.999976177902338,10.000007794777245,3.16168749066037e-05
137.6,9.999976177902338,10.000007794777245,3.16168749066037e-05
137.7,9.999976177902338,10.000007794777245,3.16168749066037e-05
137.8,9.999976177902338,10.000007794777245,3.16168749066037e-05
137.9,9.999976177902338,10.000007794777245,3.16168749066037e-05
138.0,9.999976177902338,10.000007794777245,3.16168749066037e-05
138.1,9.999976177902338,10.000007794777245,3.16168749066037e-05
138.2,9.999976177902338,10.000007794777245,3.16168749066037e-05
138.3,9.999976177902338,10.000007794777245,3.16168749066037e-05
138.4,9.999976177902338,10.000007794777245,3.16168749066037e-05
138.5,9.999976177902338,10.000007794777245,3.16168749066037e-05
138.6,9.999976177902338,10.000007794777245,3.16168749066037e-05
138.7,9.999976177902338,10.000007794777245,3.16168749066037e-05
138.8,9.999976177902338,10.000007794777245,3.16168749066037e-05
138.9,9.999976177902338,10.000007794777245,3.16168749066037e-05
139.0,9.999976177902338,10.000007794777245,3.16168749066037e-05
139.1,9.999976177902338,10.000007794777245,3.16168749066037e-05
139.2,9.999976177902338,10.000007794777245,3.16168749066037e-05
139.3,9.999976177902338,10.000007794777245,3.16168749066037e-05
139.4,9.999976177902338,10.000007794777245,3.16168749066037e-05
139.5,9.999976177902338,10.000007794777245,3.16168749066037e-05
139.6,9.999976177902338,10.000007794777245,3.16168749066037e-05
139.7,9.999976177902338,10.000007794777245,3.16168749066037e-05
139.8,9.999976177902338,10.000007794777245,3.16168749066037e-05
139.9,9.999976177902338,10.000007794777245,3.16168749066037e-05
140.0,9.999976177902338,10.000007794777245,3.16168749066037e-05
140.1,9.999976177902338,10.000007794777245,3.16168749066037e-05
140.2,9.999976177902338,10.000007794777245,3.16168749066037e-05
140.3,9.999976177902338,10.000007794777245,3.16168749066037e-05
140.4,9.999976177902338,10.000007794777245,3.16168749066037e-05
140.5,9.999976177902338,10.000007794777245,3.16168749066037e-05
140.6,9.999976177902338,10.000007794777245,3.16168749066037e-05
140.7,9.999976177902338,10.000007794777245,3.16168749066037e-05
140.8,9.999976177902338,10.000007794777245,3.16168749066037e-05
140.9,9.999976177902338,10.000007794777245,3.16168749066037e-05
141.0,9.999976177902338,10.000007794777245,3.16168749066037e-05
141.1,9.999976177902338,10.000007794777245,3.16168749066037e-05
141.2,9.999976177902338,10.000007794777245,3.16168749066037e-05
141.3,9.999976177902338,10.000007794777245,3.16168749066037e-05
141.4,9.999976177902338,10.000007794777245,3.16168749066037e-05
141.5,9.999976177902338,10.000007794777245,3.16168749066037e-05
141.6,9.999976177902338,10.000007794777245,3.16168749066037e-05
141.7,9.999976177902338,10.000007794777245,3.16168749066037e-05
141.8,9.999976177902338,10.000007794777245,3.16168749066037e-05
141.9,9.999976177902338,10.000007794777245,3.16168749066037e-05
142.0,9.999976177902338,10.000007794777245,3.16168749066037e-05
142.1,9.999976177902338,10.000007794777245,3.16168749066037e-05
142.2,9.999976177902338,10.000007794777245,3.16168749066037e-05
142.3,9.999976177902338,10.000007794777245,3.16168749066037e-05
142.4,9.999976177902338,10.000007794777245,3.16168749066037e-05
142.5,9.999976177902338,10.000007794777245,3.16168749066037e-05
142.6,9.999976177902338,10.000007794777245,3.16168749066037e-05
142.7,9.999976177902338,10.000007794777245,3.16168749066037e-05
142.8,9.999976177902338,10.000007794777245,3.16168749066037e-05
142.9,9.999976177902338,10.000007794777245,3.16168749066037e-05
143.0,9.999976177902338,10.000007794777245,3.16168749066037e-05
143.1,9.999976177902338,10.000007794777245,3.16168749066037e-05
143.2,9.999976177902338,10.000007794777245,3.16168749066037e-05
143.3,9.999976177902338,10.000007794777245,3.16168749066037e-05
143.4,9.999976177902338,10.000007794777245,3.16168749066037e-05
143.5,9.999976177902338,10.000007794777245,3.16168749066037e-05
143.6,9.999976177902338,10.000007794777245,3.16168749066037e-05
143.7,9.999976177902338,10.000007794777245,3.16168749066037e-05
143.8,9.999976177902338,10.000007794777245,3.16168749066037e-05
143.9,9.999976177902338,10.000007794777245,3.16168749066037e-05
144.0,9.999976177902338,10.000007794777245,3.16168749066037e-05
144.1,9.999976177902338,10.000007794777245,3.16168749066037e-05
144.2,9.999976177902338,10.000007794777245,3.16168749066037e-05
144.3,9.999976177902338,10.000007794777245,3.16168749066037e-05
144.4,9.999976177902338,10.000007794777245,3.16168749066037e-05
144.5,9.999976177902338,10.000007794777245,3.16168749066037e-05
144.6,9.999976177902338,10.000007794777245,3.16168749066037e-05
144.7,9.999976177902338,10.000007794777245,3.16168749066037e-05
144.8,9.999976177902338,10.000007794777245,3.16168749066037e-05
144.9,9.999976177902338,10.000007794777245,3.16168749066037e-05
145.0,9.999976177902338,10.000007794777245,3.16168749066037e-05
145.1,9.999976177902338,10.000007794777245,3.16168749066037e-05
145.2,9.999976177902338,10.000007794777245,3.16168749066037e-05
145.3,9.999976177902338,10.000007794777245,3.16168749066037e-05
145.4,9.999976177902338,10.000007794777245,3.16168749066037e-05
145.5,9.999976177902338,10.000007794777245,3.16168749066037e-05
145.6,9.999976177902338,10.000007794777245,3.16168749066037e-05
145.7,9.999976177902338,10.000007794777245,3.16168749066037e-05
145.8,9.999976177902338,10.000007794777245,3.16168749066037e-05
145.9,9.999976177902338,10.000007794777245,3.16168749066037e-05
146.0,9.999976177902338,10.000007794777245,3.16168749066037e-05
146.1,9.999976177902338,10.000007794777245,3.16168749066037e-05
146.2,9.999976177902338,10.000007794777245,3.16168749066037e-05
146.3,9.999976177902338,10.000007794777245,3.16168749066037e-05
146.4,9.999976177902338,10.000007794777245,3.16168749066037e-05
146.5,9.999976177902338,10.000007794777245,3.16168749066037e-05
146.6,9.999976177902338,10.000007794777245,3.16168749066037e-05
146.7,9.999976177902338,10.000007794777245,3.16168749066037e-05
146.8,9.999976177902338,10.000007794777245,3.16168749066037e-05
146.9,9.999976177902338,10.000007794777245,3.16168749066037e-05
147.0,9.999976177902338,10.000007794777245,3.16168749066037e-05
147.1,9.999976177902338,10.000007794777245,3.16168749066037e-05
147.2,9.999976177902338,10.000007794777245,3.16168749066037e-05
147.3,9.999976177902338,10.000007794777245,3.16168749066037e-05
147.4,9.999976177902338,10.000007794777245,3.16168749066037e-05
147.5,9.999976177902338,10.000007794777245,3.16168749066037e-05
147.6,9.999976177902338,10.000007794777245,3.16168749066037e-05
147.7,9.999976177902338,10.000007794777245,3.16168749066037e-05
147.8,9.999976177902338,10.000007794777245,3.16168749066037e-05
147.9,9.999976177902338,10.000007794777245,3.16168749066037e-05
148.0,9.999976177902338,10.000007794777245,3.16168749066037e-05
148.1,9.999976177902338,10.000007794777245,3.16168749066037e-05
148.2,9.999976177902338,10.000007794777245,3.16168749066037e-05
148.3,9.999976177902338,10.000007794777245,3.16168749066037e-05
148.4,9.999976177902338,10.000007794777245,3.16168749066037e-05
148.5,9.999976177902338,10.000007794777245,3.16168749066037e-05
148.6,9.999976177902338,10.000007794777245,3.16168749066037e-05
148.7,9.999976177902338,10.000007794777245,3.16168749066037e-05
148.8,9.999976177902338,10.000007794777245,3.16168749066037e-05
148.9,9.999976177902338,10.000007794777245,3.16168749066037e-05
149.0,9.999976177902338,10.000007794777245,3.16168749066037e-05
149.1,9.999976177902338,10.000007794777245,3.16168749066037e-05
149.2,9.999976177902338,10.000007794777245,3.16168749066037e-05
149.3,9.999976177902338,10.000007794777245,3.16168749066037e-05
149.4,9.999976177902338,10.000007794777245,3.16168749066037e-05
149.5,9.999976177902338,10.000007794777245,3.16168749066037e-05
149.6,9.999976177902338,10.000007794777245,3.16168749066037e-05
149.7,9.999976177902338,10.000007794777245,3.16168749066037e-05
149.8,9.999976177902338,10.000007794777245,3.16168749066037e-05
149.9,9.999976177902338,10.000007794777245,3.16168749066037e-05
150.0,9.999976177902338,10.000007794777245,3.16168749066037e-05
150.1,9.999976177902338,10.000007794777245,3.16168749066037e-05
150.2,9.999976177902338,10.000007794777245,3.16168749066037e-05
150.3,9.999976177902338,10.000007794777245,3.16168749066037e-05
150.4,9.999976177902338,10.000007794777245,3.16168749066037e-05
150.5,9.999976177902338,10.000007794777245,3.16168749066037e-05
150.6,9.999976177902338,10.000007794777245,3.16168749066037e-05
150.7,9.999976177902338,10.000007794777245,3.16168749066037e-05
150.8,9.999976177902338,10.000007794777245,3.16168749066037e-05
150.9,9.999976177902338,10.000007794777245,3.16168749066037e-05
151.0,9.999976177902338,10.000007794777245,3.16168749066037e-05
151.1,9.999976177902338,10.000007794777245,3.16168749066037e-05
151.2,9.999976177902338,10.000007794777245,3.16168749066037e-05
151.3,9.999976177902338,10.000007794777245,3.16168749066037e-05
151.4,9.999976177902338,10.000007794777245,3.16168749066037e-05
151.5,9.999976177902338,10.000007794777245,3.16168749066037e-05
151.6,9.999976177902338,10.000007794777245,3.16168749066037e-05
151.7,9.999976177902338,10.000007794777245,3.16168749066037e-05
151.8,9.999976177902338,10.000007794777245,3.16168749066037e-05
151.9,9.999976177902338,10.000007794777245,3.16168749066037e-05
152.0,9.999976177902338,10.000007794777245,3.16168749066037e-05
152.1,9.999976177902338,10.000007794777245,3.16168749066037e-05
152.2,9.999976177902338,10.000007794777245,3.16168749066037e-05
152.3,9.999976177902338,10.000007794777245,3.16168749066037e-05
152.4,9.999976177902338,10.000007794777245,3.16168749066037e-05
152.5,9.999976177902338,10.000007794777245,3.16168749066037e-05
152.6,9.999976177902338,10.000007794777245,3.16168749066037e-05
152.7,9.999976177902338,10.000007794777245,3.16168749066037e-05
152.8,9.999976177902338,10.000007794777245,3.16168749066037e-05
152.9,9.999976177902338,10.000007794777245,3.16168749066037e-05
153.0,9.999976177902338,10.000007794777245,3.16168749066037e-05
153.1,9.999976177902338,10.000007794777245,3.16168749066037e-05
153.2,9.999976177902338,10.000007794777245,3.16168749066037e-05
153.3,9.999976177902338,10.000007794777245,3.16168749066037e-05
153.4,9.999976177902338,10.000007794777245,3.16168749066037e-05
153.5,9.999976177902338,10.000007794777245,3.16168749066037e-05
153.6,9.999976177902338,10.000007794777245,3.16168749066037e-05
153.7,9.999976177902338,10.000007794777245,3.16168749066037e-05
153.8,9.999976177902338,10.000007794777245,3.16168749066037e-05
153.9,9.999976177902338,10.000007794777245,3.16168749066037e-05
154.0,9.999976177902338,10.000007794777245,3.16168749066037e-05
154.1,9.999976177902338,10.000007794777245,3.16168749066037e-05
154.2,9.999976177902338,10.000007794777245,3.16168749066037e-05
154.3,9.999976177902338,10.000007794777245,3.16168749066037e-05
154.4,9.999976177902338,10.000007794777245,3.16168749066037e-05
154.5,9.999976177902338,10.000007794777245,3.16168749066037e-05
154.6,9.999976177902338,10.000007794777245,3.16168749066037e-05
154.7,9.999976177902338,10.000007794777245,3.16168749066037e-05
154.8,9.999976177902338,10.000007794777245,3.16168749066037e-05
154.9,9.999976177902338,10.000007794777245,3.16168749066037e-05
155.0,9.999976177902338,10.000007794777245,3.16168749066037e-05
155.1,9.999976177902338,10.000007794777245,3.16168749066037e-05
155.2,9.999976177902338,10.000007794777245,3.16168749066037e-05
155.3,9.999976177902338,10.000007794777245,3.16168749066037e-05
155.4,9.999976177902338,10.000007794777245,3.16168749066037e-05
155.5,9.999976177902338,10.000007794777245,3.16168749066037e-05
155.6,9.999976177902338,10.000007794777245,3.16168749066037e-05
155.7,9.999976177902338,10.000007794777245,3.16168749066037e-05
155.8,9.999976177902338,10.000007794777245,3.16168749066037e-05
155.9,9.999976177902338,10.000007794777245,3.16168749066037e-05
156.0,9.999976177902338,10.000007794777245,3.16168749066037e-05
156.1,9.999976177902338,10.000007794777245,3.16168749066037e-05
156.2,9.999976177902338,10.000007794777245,3.16168749066037e-05
156.3,9.999976177902338,10.000007794777245,3.16168749066037e-05
156.4,9.999976177902338,10.000007794777245,3.16168749066037e-05
156.5,9.999976177902338,10.000007794777245,3.16168749066037e-05
156.6,9.999976177902338,10.000007794777245,3.16168749066037e-05
156.7,9.999976177902338,10.000007794777245,3.16168749066037e-05
156.8,9.999976177902338,10.000007794777245,3.16168749066037e-05
156.9,9.999976177902338,10.000007794777245,3.16168749066037e-05
157.0,9.999976177902338,10.000007794777245,3.16168749066037e-05
157.1,9.999976177902338,10.000007794777245,3.16168749066037e-05
157.2,9.999976177902338,10.000007794777245,3.16168749066037e-05
157.3,9.999976177902338,10.000007794777245,3.16168749066037e-05
157.4,9.999976177902338,10.000007794777245,3.16168749066037e-05
157.5,9.999976177902338,10.000007794777245,3.16168749066037e-05
157.6,9.999976177902338,10.000007794777245,3.16168749066037e-05
157.7,9.999976177902338,10.000007794777245,3.16168749066037e-05
157.8,9.999976177902338,10.000007794777245,3.16168749066037e-05
157.9,9.999976177902338,10.000007794777245,3.16168749066037e-05
158.0,9.999976177902338,10.000007794777245,3.16168749066037e-05
158.1,9.999976177902338,10.000007794777245,3.16168749066037e-05
158.2,9.999976177902338,10.000007794777245,3.16168749066037e-05
158.3,9.999976177902338,10.000007794777245,3.16168749066037e-05
158.4,9.999976177902338,10.000007794777245,3.16168749066037e-05
158.5,9.999976177902338,10.000007794777245,3.16168749066037e-05
158.6,9.999976177902338,10.000007794777245,3.16168749066037e-05
158.7,9.999976177902338,10.000007794777245,3.16168749066037e-05
158.8,9.999976177902338,10.000007794777245,3.16168749066037e-05
158.9,9.999976177902338,10.000007794777245,3.16168749066037e-05
159.0,9.999976177902338,10.000007794777245,3.16168749066037e-05
159.1,9.999976177902338,10.000007794777245,3.16168749066037e-05
159.2,9.999976177902338,10.000007794777245,3.16168749066037e-05
159.3,9.999976177902338,10.000007794777245,3.16168749066037e-05
159.4,9.999976177902338,10.000007794777245,3.16168749066037e-05
159.5,9.999976177902338,10.000007794777245,3.16168749066037e-05
159.6,9.999976177902338,10.000007794777245,3.16168749066037e-05
159.7,9.999976177902338,10.000007794777245,3.16168749066037e-05
159.8,9.999976177902338,10.000007794777245,3.16168749066037e-05
159.9,9.999976177902338,10.000007794777245,3.16168749066037e-05
160.0,9.999976177902338,10.000007794777245,3.16168749066037e-05
160.1,9.999976177902338,10.000007794777245,3.16168749066037e-05
160.2,9.999976177902338,10.000007794777245,3.16168749066037e-05
160.3,9.999976177902338,10.000007794777245,3.16168749066037e-05
160.4,9.999976177902338,10.000007794777245,3.16168749066037e-05
160.5,9.999976177902338,10.000007794777245,3.16168749066037e-05
160.6,9.999976177902338,10.000007794777245,3.16168749066037e-05
160.7,9.999976177902338,10.000007794777245,3.16168749066037e-05
160.8,9.999976177902338,10.000007794777245,3.16168749066037e-05
160.9,9.999976177902338,10.000007794777245,3.16168749066037e-05
161.0,9.999976177902338,10.000007794777245,3.16168749066037e-05
161.1,9.999976177902338,10.000007794777245,3.16168749066037e-05
161.2,9.999976177902338,10.000007794777245,3.16168749066037e-05
161.3,9.999976177902338,10.000007794777245,3.16168749066037e-05
161.4,9.999976177902338,10.000007794777245,3.16168749066037e-05
161.5,9.999976177902338,10.000007794777245,3.16168749066037e-05
161.6,9.999976177902338,10.000007794777245,3.16168749066037e-05
161.7,9.999976177902338,10.000007794777245,3.16168749066037e-05
161.8,9.999976177902338,10.000007794777245,3.16168749066037e-05
161.9,9.999976177902338,10.000007794777245,3.16168749066037e-05
162.0,9.999976177902338,10.000007794777245,3.16168749066037e-05
162.1,9.999976177902338,10.000007794777245,3.16168749066037e-05
162.2,9.999976177902338,10.000007794777245,3.16168749066037e-05
162.3,9.999976177902338,10.000007794777245,3.16168749066037e-05
162.4,9.999976177902338,10.000007794777245,3.16168749066037e-05
162.5,9.999976177902338,10.000007794777245,3.16168749066037e-05
162.6,9.999976177902338,10.000007794777245,3.16168749066037e-05
162.7,9.999976177902338,10.000007794777245,3.16168749066037e-05
162.8,9.999976177902338,10.000007794777245,3.16168749066037e-05
162.9,9.999976177902338,10.000007794777245,3.16168749066037e-05
163.0,9.999976177902338,10.000007794777245,3.16168749066037e-05
163.1,9.999976177902338,10.000007794777245,3.16168749066037e-05
163.2,9.999976177902338,10.000007794777245,3.16168749066037e-05
163.3,9.999976177902338,10.000007794777245,3.16168749066037e-05
163.4,9.999976177902338,10.000007794777245,3.16168749066037e-05
163.5,9.999976177902338,10.000007794777245,3.16168749066037e-05
163.6,9.999976177902338,10.000007794777245,3.16168749066037e-05
163.7,9.999976177902338,10.000007794777245,3.16168749066037e-05
163.8,9.999976177902338,10.000007794777245,3.16168749066037e-05
163.9,9.999976177902338,10.000007794777245,3.16168749066037e-05
164.0,9.999976177902338,10.000007794777245,3.16168749066037e-05
164.1,9.999976177902338,10.000007794777245,3.16168749066037e-05
164.2,9.999976177902338,10.000007794777245,3.16168749066037e-05
164.3,9.999976177902338,10.000007794777245,3.16168749066037e-05
164.4,9.999976177902338,10.000007794777245,3.16168749066037e-05
164.5,9.999976177902338,10.000007794777245,3.16168749066037e-05
164.6,9.999976177902338,10.000007794777245,3.16168749066037e-05
164.7,9.999976177902338,10.000007794777245,3.16168749066037e-05
164.8,9.999976177902338,10.000007794777245,3.16168749066037e-05
164.9,9.999976177902338,10.000007794777245,3.16168749066037e-05
165.0,9.999976177902338,10.000007794777245,3.16168749066037e-05
165.1,9.999976177902338,10.000007794777245,3.16168749066037e-05
165.2,9.999976177902338,10.000007794777245,3.16168749066037e-05
165.3,9.999976177902338,10.000007794777245,3.16168749066037e-05
165.4,9.999976177902338,10.000007794777245,3.16168749066037e-05
165.5,9.999976177902338,10.000007794777245,3.16168749066037e-05
165.6,9.999976177902338,10.000007794777245,3.16168749066037e-05
165.7,9.999976177902338,10.000007794777245,3.16168749066037e-05
165.8,9.999976177902338,10.000007794777245,3.16168749066037e-05
165.9,9.999976177902338,10.000007794777245,3.16168749066037e-05
166.0,9.999976177902338,10.000007794777245,3.16168749066037e-05
166.1,9.999976177902338,10.000007794777245,3.16168749066037e-05
166.2,9.999976177902338,10.000007794777245,3.16168749066037e-05
166.3,9.999976177902338,10.000007794777245,3.16168749066037e-05
166.4,9.999976177902338,10.000007794777245,3.16168749066037e-05
166.5,9.999976177902338,10.000007794777245,3.16168749066037e-05
166.6,9.999976177902338,10.000007794777245,3.16168749066037e-05
166.7,9.999976177902338,10.000007794777245,3.16168749066037e-05
166.8,9.999976177902338,10.000007794777245,3.16168749066037e-05
166.9,9.999976177902338,10.000007794777245,3.16168749066037e-05
167.0,9.999976177902338,10.000007794777245,3.16168749066037e-05
167.1,9.999976177902338,10.000007794777245,3.16168749066037e-05
167.2,9.999976177902338,10.000007794777245,3.16168749066037e-05
167.3,9.999976177902338,10.000007794777245,3.16168749066037e-05
167.4,9.999976177902338,10.000007794777245,3.16168749066037e-05
167.5,9.999976177902338,10.000007794777245,3.16168749066037e-05
167.6,9.999976177902338,10.000007794777245,3.16168749066037e-05
167.7,9.999976177902338,10.000007794777245,3.16168749066037e-05
167.8,9.999976177902338,10.000007794777245,3.16168749066037e-05
167.9,9.999976177902338,10.000007794777245,3.16168749066037e-05
168.0,9.999976177902338,10.000007794777245,3.16168749066037e-05
168.1,9.999976177902338,10.000007794777245,3.16168749066037e-05
168.2,9.999976177902338,10.000007794777245,3.16168749066037e-05
168.3,9.999976177902338,10.000007794777245,3.16168749066037e-05
168.4,9.999976177902338,10.000007794777245,3.16168749066037e-05
168.5,9.999976177902338,10.000007794777245,3.16168749066037e-05
168.6,9.999976177902338,10.000007794777245,3.16168749066037e-05
168.7,9.999976177902338,10.000007794777245,3.16168749066037e-05
168.8,9.999976177902338,10.000007794777245,3.16168749066037e-05
168.9,9.999976177902338,10.000007794777245,3.16168749066037e-05
169.0,9.999976177902338,10.000007794777245,3.16168749066037e-05
169.1,9.999976177902338,10.000007794777245,3.16168749066037e-05
169.2,9.999976177902338,10.000007794777245,3.16168749066037e-05
169.3,9.999976177902338,10.000007794777245,3.16168749066037e-05
169.4,9.999976177902338,10.000007794777245,3.16168749066037e-05
169.5,9.999976177902338,10.000007794777245,3.16168749066037e-05
169.6,9.999976177902338,10.000007794777245,3.16168749066037e-05
169.7,9.999976177902338,10.000007794777245,3.16168749066037e-05
169.8,9.999976177902338,10.000007794777245,3.16168749066037e-05
169.9,9.999976177902338,10.000007794777245,3.16168749066037e-05
170.0,9.999976177902338,10.000007794777245,3.16168749066037e-05
170.1,9.999976177902338,10.000007794777245,3.16168749066037e-05
170.2,9.999976177902338,10.000007794777245,3.16168749066037e-05
170.3,9.999976177902338,10.000007794777245,3.16168749066037e-05
170.4,9.999976177902338,10.000007794777245,3.16168749066037e-05
170.5,9.999976177902338,10.000007794777245,3.16168749066037e-05
170.6,9.999976177902338,10.000007794777245,3.16168749066037e-05
170.7,9.999976177902338,10.000007794777245,3.16168749066037e-05
170.8,9.999976177902338,10.000007794777245,3.16168749066037e-05
170.9,9.999976177902338,10.000007794777245,3.16168749066037e-05
171.0,9.999976177902338,10.000007794777245,3.16168749066037e-05
171.1,9.999976177902338,10.000007794777245,3.16168749066037e-05
171.2,9.999976177902338,10.000007794777245,3.16168749066037e-05
171.3,9.999976177902338,10.000007794777245,3.16168749066037e-05
171.4,9.999976177902338,10.000007794777245,3.16168749066037e-05
171.5,9.999976177902338,10.000007794777245,3.16168749066037e-05
171.6,9.999976177902338,10.000007794777245,3.16168749066037e-05
171.7,9.999976177902338,10.000007794777245,3.16168749066037e-05
171.8,9.999976177902338,10.000007794777245,3.16168749066037e-05
171.9,9.999976177902338,10.000007794777245,3.16168749066037e-05
172.0,9.999976177902338,10.000007794777245,3.16168749066037e-05
172.1,9.999976177902338,10.000007794777245,3.16168749066037e-05
172.2,9.999976177902338,10.000007794777245,3.16168749066037e-05
172.3,9.999976177902338,10.000007794777245,3.16168749066037e-05
172.4,9.999976177902338,10.000007794777245,3.16168749066037e-05
172.5,9.999976177902338,10.000007794777245,3.16168749066037e-05
172.6,9.999976177902338,10.000007794777245,3.16168749066037e-05
172.7,9.999976177902338,10.000007794777245,3.16168749066037e-05
172.8,9.999976177902338,10.000007794777245,3.16168749066037e-05
172.9,9.999976177902338,10.000007794777245,3.16168749066037e-05
173.0,9.999976177902338,10.000007794777245,3.16168749066037e-05
173.1,9.999976177902338,10.000007794777245,3.16168749066037e-05
173.2,9.999976177902338,10.000007794777245,3.16168749066037e-05
173.3,9.999976177902338,10.000007794777245,3.16168749066037e-05
173.4,9.999976177902338,10.000007794777245,3.16168749066037e-05
173.5,9.999976177902338,10.000007794777245,3.16168749066037e-05
173.6,9.999976177902338,10.000007794777245,3.16168749066037e-05
173.7,9.999976177902338,10.000007794777245,3.16168749066037e-05
173.8,9.999976177902338,10.000007794777245,3.16168749066037e-05
173.9,9.999976177902338,10.000007794777245,3.16168749066037e-05
174.0,9.999976177902338,10.000007794777245,3.16168749066037e-05
174.1,9.999976177902338,10.000007794777245,3.16168749066037e-05
174.2,9.999976177902338,10.000007794777245,3.16168749066037e-05
174.3,9.999976177902338,10.000007794777245,3.16168749066037e-05
174.4,9.999976177902338,10.000007794777245,3.16168749066037e-05
174.5,9.999976177902338,10.000007794777245,3.16168749066037e-05
174.6,9.999976177902338,10.000007794777245,3.16168749066037e-05
174.7,9.999976177902338,10.000007794777245,3.16168749066037e-05
174.8,9.999976177902338,10.000007794777245,3.16168749066037e-05
174.9,9.999976177902338,10.000007794777245,3.16168749066037e-05
175.0,9.999976177902338,10.000007794777245,3.16168749066037e-05
175.1,9.999976177902338,10.000007794777245,3.16168749066037e-05
175.2,9.999976177902338,10.000007794777245,3.16168749066037e-05
175.3,9.999976177902338,10.000007794777245,3.16168749066037e-05
175.4,9.999976177902338,10.000007794777245,3.16168749066037e-05
175.5,9.999976177902338,10.000007794777245,3.16168749066037e-05
175.6,9.999976177902338,10.000007794777245,3.16168749066037e-05
175.7,9.999976177902338,10.000007794777245,3.16168749066037e-05
175.8,9.999976177902338,10.000007794777245,3.16168749066037e-05
175.9,9.999976177902338,10.000007794777245,3.16168749066037e-05
176.0,9.999976177902338,10.000007794777245,3.16168749066037e-05
176.1,9.999976177902338,10.000007794777245,3.16168749066037e-05
176.2,9.999976177902338,10.000007794777245,3.16168749066037e-05
176.3,9.999976177902338,10.000007794777245,3.16168749066037e-05
176.4,9.999976177902338,10.000007794777245,3.16168749066037e-05
176.5,9.999976177902338,10.000007794777245,3.16168749066037e-05
176.6,9.999976177902338,10.000007794777245,3.16168749066037e-05
176.7,9.999976177902338,10.000007794777245,3.16168749066037e-05
176.8,9.999976177902338,10.000007794777245,3.16168749066037e-05
176.9,9.999976177902338,10.000007794777245,3.16168749066037e-05
177.0,9.999976177902338,10.000007794777245,3.16168749066037e-05
177.1,9.999976177902338,10.000007794777245,3.16168749066037e-05
177.2,9.999976177902338,10.000007794777245,3.16168749066037e-05
177.3,9.999976177902338,10.000007794777245,3.16168749066037e-05
177.4,9.999976177902338,10.000007794777245,3.16168749066037e-05
177.5,9.999976177902338,10.000007794777245,3.16168749066037e-05
177.6,9.999976177902338,10.000007794777245,3.16168749066037e-05
177.7,9.999976177902338,10.000007794777245,3.16168749066037e-05
177.8,9.999976177902338,10.000007794777245,3.16168749066037e-05
177.9,9.999976177902338,10.000007794777245,3.16168749066037e-05
178.0,9.999976177902338,10.000007794777245,3.16168749066037e-05
178.1,9.999976177902338,10.000007794777245,3.16168749066037e-05
178.2,9.999976177902338,10.000007794777245,3.16168749066037e-05
178.3,9.999976177902338,10.000007794777245,3.16168749066037e-05
178.4,9.999976177902338,10.000007794777245,3.16168749066037e-05
178.5,9.999976177902338,10.000007794777245,3.16168749066037e-05
178.6,9.999976177902338,10.000007794777245,3.16168749066037e-05
178.7,9.999976177902338,10.000007794777245,3.16168749066037e-05
178.8,9.999976177902338,10.000007794777245,3.16168749066037e-05
178.9,9.999976177902338,10.000007794777245,3.16168749066037e-05
179.0,9.999976177902338,10.000007794777245,3.16168749066037e-05
179.1,9.999976177902338,10.000007794777245,3.16168749066037e-05
179.2,9.999976177902338,10.000007794777245,3.16168749066037e-05
179.3,9.999976177902338,10.000007794777245,3.16168749066037e-05
179.4,9.999976177902338,10.000007794777245,3.16168749066037e-05
179.5,9.999976177902338,10.000007794777245,3.16168749066037e-05
179.6,9.999976177902338,10.000007794777245,3.16168749066037e-05
179.7,9.999976177902338,10.000007794777245,3.16168749066037e-05
179.8,9.999976177902338,10.000007794777245,3.16168749066037e-05
179.9,9.999976177902338,10.000007794777245,3.16168749066037e-05
180.0,9.999976177902338,10.000007794777245,3.16168749066037e-05
180.1,9.999976177902338,10.000007794777245,3.16168749066037e-05
180.2,9.999976177902338,10.000007794777245,3.16168749066037e-05
180.3,9.999976177902338,10.000007794777245,3.16168749066037e-05
180.4,9.999976177902338,10.000007794777245,3.16168749066037e-05
180.5,9.999976177902338,10.000007794777245,3.16168749066037e-05
180.6,9.999976177902338,10.000007794777245,3.16168749066037e-05
180.7,9.999976177902338,10.000007794777245,3.16168749066037e-05
180.8,9.999976177902338,10.000007794777245,3.16168749066037e-05
180.9,9.999976177902338,10.000007794777245,3.16168749066037e-05
181.0,9.999976177902338,10.000007794777245,3.16168749066037e-05
181.1,9.999976177902338,10.000007794777245,3.16168749066037e-05
181.2,9.999976177902338,10.000007794777245,3.16168749066037e-05
181.3,9.999976177902338,10.000007794777245,3.16168749066037e-05
181.4,9.999976177902338,10.000007794777245,3.16168749066037e-05
181.5,9.999976177902338,10.000007794777245,3.16168749066037e-05
181.6,9.999976177902338,10.000007794777245,3.16168749066037e-05
181.7,9.999976177902338,10.000007794777245,3.16168749066037e-05
181.8,9.999976177902338,10.000007794777245,3.16168749066037e-05
181.9,9.999976177902338,10.000007794777245,3.16168749066037e-05
182.0,9.999976177902338,10.000007794777245,3.16168749066037e-05
182.1,9.999976177902338,10.000007794777245,3.16168749066037e-05
182.2,9.999976177902338,10.000007794777245,3.16168749066037e-05
182.3,9.999976177902338,10.000007794777245,3.16168749066037e-05
182.4,9.999976177902338,10.000007794777245,3.16168749066037e-05
182.5,9.999976177902338,10.000007794777245,3.16168749066037e-05
182.6,9.999976177902338,10.000007794777245,3.16168749066037e-05
182.7,9.999976177902338,10.000007794777245,3.16168749066037e-05
182.8,9.999976177902338,10.000007794777245,3.16168749066037e-05
182.9,9.999976177902338,10.000007794777245,3.16168749066037e-05
183.0,9.999976177902338,10.000007794777245,3.16168749066037e-05
183.1,9.999976177902338,10.000007794777245,3.16168749066037e-05
183.2,9.999976177902338,10.000007794777245,3.16168749066037e-05
183.3,9.999976177902338,10.000007794777245,3.16168749066037e-05
183.4,9.999976177902338,10.000007794777245,3.16168749066037e-05
183.5,9.999976177902338,10.000007794777245,3.16168749066037e-05
183.6,9.999976177902338,10.000007794777245,3.16168749066037e-05
183.7,9.999976177902338,10.000007794777245,3.16168749066037e-05
183.8,9.999976177902338,10.000007794777245,3.16168749066037e-05
183.9,9.999976177902338,10.000007794777245,3.16168749066037e-05
184.0,9.999976177902338,10.000007794777245,3.16168749066037e-05
184.1,9.999976177902338,10.000007794777245,3.16168749066037e-05
184.2,9.999976177902338,10.000007794777245,3.16168749066037e-05
184.3,9.999976177902338,10.000007794777245,3.16168749066037e-05
184.4,9.999976177902338,10.000007794777245,3.16168749066037e-05
184.5,9.999976177902338,10.000007794777245,3.16168749066037e-05
184.6,9.999976177902338,10.000007794777245,3.16168749066037e-05
184.7,9.999976177902338,10.000007794777245,3.16168749066037e-05
184.8,9.999976177902338,10.000007794777245,3.16168749066037e-05
184.9,9.999976177902338,10.000007794777245,3.16168749066037e-05
185.0,9.999976177902338,10.000007794777245,3.16168749066037e-05
185.1,9.999976177902338,10.000007794777245,3.16168749066037e-05
185.2,9.999976177902338,10.000007794777245,3.16168749066037e-05
185.3,9.999976177902338,10.000007794777245,3.16168749066037e-05
185.4,9.999976177902338,10.000007794777245,3.16168749066037e-05
185.5,9.999976177902338,10.000007794777245,3.16168749066037e-05
185.6,9.999976177902338,10.000007794777245,3.16168749066037e-05
185.7,9.999976177902338,10.000007794777245,3.16168749066037e-05
185.8,9.999976177902338,10.000007794777245,3.16168749066037e-05
185.9,9.999976177902338,10.000007794777245,3.16168749066037e-05
186.0,9.999976177902338,10.000007794777245,3.16168749066037e-05
186.1,9.999976177902338,10.000007794777245,3.16168749066037e-05
186.2,9.999976177902338,10.000007794777245,3.16168749066037e-05
186.3,9.999976177902338,10.000007794777245,3.16168749066037e-05
186.4,9.999976177902338,10.000007794777245,3.16168749066037e-05
186.5,9.999976177902338,10.000007794777245,3.16168749066037e-05
186.6,9.999976177902338,10.000007794777245,3.16168749066037e-05
186.7,9.999976177902338,10.000007794777245,3.16168749066037e-05
186.8,9.999976177902338,10.000007794777245,3.16168749066037e-05
186.9,9.999976177902338,10.000007794777245,3.16168749066037e-05
187.0,9.999976177902338,10.000007794777245,3.16168749066037e-05
187.1,9.999976177902338,10.000007794777245,3.16168749066037e-05
187.2,9.999976177902338,10.000007794777245,3.16168749066037e-05
187.3,9.999976177902338,10.000007794777245,3.16168749066037e-05
187.4,9.999976177902338,10.000007794777245,3.16168749066037e-05
187.5,9.999976177902338,10.000007794777245,3.16168749066037e-05
187.6,9.999976177902338,10.000007794777245,3.16168749066037e-05
187.7,9.999976177902338,10.000007794777245,3.16168749066037e-05
187.8,9.999976177902338,10.000007794777245,3.16168749066037e-05
187.9,9.999976177902338,10.000007794777245,3.16168749066037e-05
188.0,9.999976177902338,10.000007794777245,3.16168749066037e-05
188.1,9.999976177902338,10.000007794777245,3.16168749066037e-05
188.2,9.999976177902338,10.000007794777245,3.16168749066037e-05
188.3,9.999976177902338,10.000007794777245,3.16168749066037e-05
188.4,9.999976177902338,10.000007794777245,3.16168749066037e-05
188.5,9.999976177902338,10.000007794777245,3.16168749066037e-05
188.6,9.999976177902338,10.000007794777245,3.16168749066037e-05
188.7,9.999976177902338,10.000007794777245,3.16168749066037e-05
188.8,9.999976177902338,10.000007794777245,3.16168749066037e-05
188.9,9.999976177902338,10.000007794777245,3.16168749066037e-05
189.0,9.999976177902338,10.000007794777245,3.16168749066037e-05
189.1,9.999976177902338,10.000007794777245,3.16168749066037e-05
189.2,9.999976177902338,10.000007794777245,3.16168749066037e-05
189.3,9.999976177902338,10.000007794777245,3.16168749066037e-05
189.4,9.999976177902338,10.000007794777245,3.16168749066037e-05
189.5,9.999976177902338,10.000007794777245,3.16168749066037e-05
189.6,9.999976177902338,10.000007794777245,3.16168749066037e-05
189.7,9.999976177902338,10.000007794777245,3.16168749066037e-05
189.8,9.999976177902338,10.000007794777245,3.16168749066037e-05
189.9,9.999976177902338,10.000007794777245,3.16168749066037e-05
190.0,9.999976177902338,10.000007794777245,3.16168749066037e-05
190.1,9.999976177902338,10.000007794777245,3.16168749066037e-05
190.2,9.999976177902338,10.000007794777245,3.16168749066037e-05
190.3,9.999976177902338,10.000007794777245,3.16168749066037e-05
190.4,9.999976177902338,10.000007794777245,3.16168749066037e-05
190.5,9.999976177902338,10.000007794777245,3.16168749066037e-05
190.6,9.999976177902338,10.000007794777245,3.16168749066037e-05
190.7,9.999976177902338,10.000007794777245,3.16168749066037e-05
190.8,9.999976177902338,10.000007794777245,3.16168749066037e-05
190.9,9.999976177902338,10.000007794777245,3.16168749066037e-05
191.0,9.999976177902338,10.000007794777245,3.16168749066037e-05
191.1,9.999976177902338,10.000007794777245,3.16168749066037e-05
191.2,9.999976177902338,10.000007794777245,3.16168749066037e-05
191.3,9.999976177902338,10.000007794777245,3.16168749066037e-05
191.4,9.999976177902338,10.000007794777245,3.16168749066037e-05
191.5,9.999976177902338,10.000007794777245,3.16168749066037e-05
191.6,9.999976177902338,10.000007794777245,3.16168749066037e-05
191.7,9.999976177902338,10.000007794777245,3.16168749066037e-05
191.8,9.999976177902338,10.000007794777245,3.16168749066037e-05
191.9,9.999976177902338,10.000007794777245,3.16168749066037e-05
192.0,9.999976177902338,10.000007794777245,3.16168749066037e-05
192.1,9.999976177902338,10.000007794777245,3.16168749066037e-05
192.2,9.999976177902338,10.000007794777245,3.16168749066037e-05
192.3,9.999976177902338,10.000007794777245,3.16168749066037e-05
192.4,9.999976177902338,10.000007794777245,3.16168749066037e-05
192.5,9.999976177902338,10.000007794777245,3.16168749066037e-05
192.6,9.999976177902338,10.000007794777245,3.16168749066037e-05
192.7,9.999976177902338,10.000007794777245,3.16168749066037e-05
192.8,9.999976177902338,10.000007794777245,3.16168749066037e-05
192.9,9.999976177902338,10.000007794777245,3.16168749066037e-05
193.0,9.999976177902338,10.000007794777245,3.16168749066037e-05
193.1,9.999976177902338,10.000007794777245,3.16168749066037e-05
193.2,9.999976177902338,10.000007794777245,3.16168749066037e-05
193.3,9.999976177902338,10.000007794777245,3.16168749066037e-05
193.4,9.999976177902338,10.000007794777245,3.16168749066037e-05
193.5,9.999976177902338,10.000007794777245,3.16168749066037e-05
193.6,9.999976177902338,10.000007794777245,3.16168749066037e-05
193.7,9.999976177902338,10.000007794777245,3.16168749066037e-05
193.8,9.999976177902338,10.000007794777245,3.16168749066037e-05
193.9,9.999976177902338,10.000007794777245,3.16168749066037e-05
194.0,9.999976177902338,10.000007794777245,3.16168749066037e-05
194.1,9.999976177902338,10.000007794777245,3.16168749066037e-05
194.2,9.999976177902338,10.000007794777245,3.16168749066037e-05
194.3,9.999976177902338,10.000007794777245,3.16168749066037e-05
194.4,9.999976177902338,10.000007794777245,3.16168749066037e-05
194.5,9.999976177902338,10.000007794777245,3.16168749066037e-05
194.6,9.999976177902338,10.000007794777245,3.16168749066037e-05
194.7,9.999976177902338,10.000007794777245,3.16168749066037e-05
194.8,9.999976177902338,10.000007794777245,3.16168749066037e-05
194.9,9.999976177902338,10.000007794777245,3.16168749066037e-05
195.0,9.999976177902338,10.000007794777245,3.16168749066037e-05
195.1,9.999976177902338,10.000007794777245,3.16168749066037e-05
195.2,9.999976177902338,10.000007794777245,3.16168749066037e-05
195.3,9.999976177902338,10.000007794777245,3.16168749066037e-05
195.4,9.999976177902338,10.000007794777245,3.16168749066037e-05
195.5,9.999976177902338,10.000007794777245,3.16168749066037e-05
195.6,9.999976177902338,10.000007794777245,3.16168749066037e-05
195.7,9.999976177902338,10.000007794777245,3.16168749066037e-05
195.8,9.999976177902338,10.000007794777245,3.16168749066037e-05
195.9,9.999976177902338,10.000007794777245,3.16168749066037e-05
196.0,9.999976177902338,10.000007794777245,3.16168749066037e-05
196.1,9.999976177902338,10.000007794777245,3.16168749066037e-05
196.2,9.999976177902338,10.000007794777245,3.16168749066037e-05
196.3,9.999976177902338,10.000007794777245,3.16168749066037e-05
196.4,9.999976177902338,10.000007794777245,3.16168749066037e-05
196.5,9.999976177902338,10.000007794777245,3.16168749066037e-05
196.6,9.999976177902338,10.000007794777245,3.16168749066037e-05
196.7,9.999976177902338,10.000007794777245,3.16168749066037e-05
196.8,9.999976177902338,10.000007794777245,3.16168749066037e-05
196.9,9.999976177902338,10.000007794777245,3.16168749066037e-05
197.0,9.999976177902338,10.000007794777245,3.16168749066037e-05
197.1,9.999976177902338,10.000007794777245,3.16168749066037e-05
197.2,9.999976177902338,10.000007794777245,3.16168749066037e-05
197.3,9.999976177902338,10.000007794777245,3.16168749066037e-05
197.4,9.999976177902338,10.000007794777245,3.16168749066037e-05
197.5,9.999976177902338,10.000007794777245,3.16168749066037e-05
197.6,9.999976177902338,10.000007794777245,3.16168749066037e-05
197.7,9.999976177902338,10.000007794777245,3.16168749066037e-05
197.8,9.999976177902338,10.000007794777245,3.16168749066037e-05
197.9,9.999976177902338,10.000007794777245,3.16168749066037e-05
198.0,9.999976177902338,10.000007794777245,3.16168749066037e-05
198.1,9.999976177902338,10.000007794777245,3.16168749066037e-05
198.2,9.999976177902338,10.000007794777245,3.16168749066037e-05
198.3,9.999976177902338,10.000007794777245,3.16168749066037e-05
198.4,9.999976177902338,10.000007794777245,3.16168749066037e-05
198.5,9.999976177902338,10.000007794777245,3.16168749066037e-05
198.6,9.999976177902338,10.000007794777245,3.16168749066037e-05
198.7,9.999976177902338,10.000007794777245,3.16168749066037e-05
198.8,9.999976177902338,10.000007794777245,3.16168749066037e-05
198.9,9.999976177902338,10.000007794777245,3.16168749066037e-05
199.0,9.999976177902338,10.000007794777245,3.16168749066037e-05
199.1,9.999976177902338,10.000007794777245,3.16168749066037e-05
199.2,9.999976177902338,10.000007794777245,3.16168749066037e-05
199.3,9.999976177902338,10.000007794777245,3.16168749066037e-05
199.4,9.999976177902338,10.000007794777245,3.16168749066037e-05
199.5,9.999976177902338,10.000007794777245,3.16168749066037e-05
199.6,9.999976177902338,10.000007794777245,3.16168749066037e-05
199.7,9.999976177902338,10.000007794777245,3.16168749066037e-05
199.8,9.999976177902338,10.000007794777245,3.16168749066037e-05
199.9,9.999976177902338,10.000007794777245,3.16168749066037e-05
200.0,9.999976177902338,10.000007794777245,3.16168749066037e-05
200.1,9.999976177902338,10.000007794777245,3.16168749066037e-05
200.2,9.999976177902338,10.000007794777245,3.16168749066037e-05
200.3,9.999976177902338,10.000007794777245,3.16168749066037e-05
200.4,9.999976177902338,10.000007794777245,3.16168749066037e-05
200.5,9.999976177902338,10.000007794777245,3.16168749066037e-05
200.6,9.999976177902338,10.000007794777245,3.16168749066037e-05
200.7,9.999976177902338,10.000007794777245,3.16168749066037e-05
200.8,9.999976177902338,10.000007794777245,3.16168749066037e-05
200.9,9.999976177902338,10.000007794777245,3.16168749066037e-05
201.0,9.999976177902338,10.000007794777245,3.16168749066037e-05
201.1,9.999976177902338,10.000007794777245,3.16168749066037e-05
201.2,9.999976177902338,10.000007794777245,3.16168749066037e-05
201.3,9.999976177902338,10.000007794777245,3.16168749066037e-05
201.4,9.999976177902338,10.000007794777245,3.16168749066037e-05
201.5,9.999976177902338,10.000007794777245,3.16168749066037e-05
201.6,9.999976177902338,10.000007794777245,3.16168749066037e-05
201.7,9.999976177902338,10.000007794777245,3.16168749066037e-05
201.8,9.999976177902338,10.000007794777245,3.16168749066037e-05
201.9,9.999976177902338,10.000007794777245,3.16168749066037e-05
202.0,9.999976177902338,10.000007794777245,3.16168749066037e-05
202.1,9.999976177902338,10.000007794777245,3.16168749066037e-05
202.2,9.999976177902338,10.000007794777245,3.16168749066037e-05
202.3,9.999976177902338,10.000007794777245,3.16168749066037e-05
202.4,9.999976177902338,10.000007794777245,3.16168749066037e-05
202.5,9.999976177902338,10.000007794777245,3.16168749066037e-05
202.6,9.999976177902338,10.000007794777245,3.16168749066037e-05
202.7,9.999976177902338,10.000007794777245,3.16168749066037e-05
202.8,9.999976177902338,10.000007794777245,3.16168749066037e-05
202.9,9.999976177902338,10.000007794777245,3.16168749066037e-05
203.0,9.999976177902338,10.000007794777245,3.16168749066037e-05
203.1,9.999976177902338,10.000007794777245,3.16168749066037e-05
203.2,9.999976177902338,10.000007794777245,3.16168749066037e-05
203.3,9.999976177902338,10.000007794777245,3.16168749066037e-05
203.4,9.999976177902338,10.000007794777245,3.16168749066037e-05
203.5,9.999976177902338,10.000007794777245,3.16168749066037e-05
203.6,9.999976177902338,10.000007794777245,3.16168749066037e-05
203.7,9.999976177902338,10.000007794777245,3.16168749066037e-05
203.8,9.999976177902338,10.000007794777245,3.16168749066037e-05
203.9,9.999976177902338,10.000007794777245,3.16168749066037e-05
204.0,9.999976177902338,10.000007794777245,3.16168749066037e-05
204.1,9.999976177902338,10.000007794777245,3.16168749066037e-05
204.2,9.999976177902338,10.000007794777245,3.16168749066037e-05
204.3,9.999976177902338,10.000007794777245,3.16168749066037e-05
204.4,9.999976177902338,10.000007794777245,3.16168749066037e-05
204.5,9.999976177902338,10.000007794777245,3.16168749066037e-05
204.6,9.999976177902338,10.000007794777245,3.16168749066037e-05
204.7,9.999976177902338,10.000007794777245,3.16168749066037e-05
204.8,9.999976177902338,10.000007794777245,3.16168749066037e-05
204.9,9.999976177902338,10.000007794777245,3.16168749066037e-05
205.0,9.999976177902338,10.000007794777245,3.16168749066037e-05
205.1,9.999976177902338,10.000007794777245,3.16168749066037e-05
205.2,9.999976177902338,10.000007794777245,3.16168749066037e-05
205.3,9.999976177902338,10.000007794777245,3.16168749066037e-05
205.4,9.999976177902338,10.000007794777245,3.16168749066037e-05
205.5,9.999976177902338,10.000007794777245,3.16168749066037e-05
205.6,9.999976177902338,10.000007794777245,3.16168749066037e-05
205.7,9.999976177902338,10.000007794777245,3.16168749066037e-05
205.8,9.999976177902338,10.000007794777245,3.16168749066037e-05
205.9,9.999976177902338,10.000007794777245,3.16168749066037e-05
206.0,9.999976177902338,10.000007794777245,3.16168749066037e-05
206.1,9.999976177902338,10.000007794777245,3.16168749066037e-05
206.2,9.999976177902338,10.000007794777245,3.16168749066037e-05
206.3,9.999976177902338,10.000007794777245,3.16168749066037e-05
206.4,9.999976177902338,10.000007794777245,3.16168749066037e-05
206.5,9.999976177902338,10.000007794777245,3.16168749066037e-05
206.6,9.999976177902338,10.000007794777245,3.16168749066037e-05
206.7,9.999976177902338,10.000007794777245,3.16168749066037e-05
206.8,9.999976177902338,10.000007794777245,3.16168749066037e-05
206.9,9.999976177902338,10.000007794777245,3.16168749066037e-05
207.0,9.999976177902338,10.000007794777245,3.16168749066037e-05
207.1,9.999976177902338,10.000007794777245,3.16168749066037e-05
207.2,9.999976177902338,10.000007794777245,3.16168749066037e-05
207.3,9.999976177902338,10.000007794777245,3.16168749066037e-05
207.4,9.999976177902338,10.000007794777245,3.16168749066037e-05
207.5,9.999976177902338,10.000007794777245,3.16168749066037e-05
207.6,9.999976177902338,10.000007794777245,3.16168749066037e-05
207.7,9.999976177902338,10.000007794777245,3.16168749066037e-05
207.8,9.999976177902338,10.000007794777245,3.16168749066037e-05
207.9,9.999976177902338,10.000007794777245,3.16168749066037e-05
208.0,9.999976177902338,10.000007794777245,3.16168749066037e-05
208.1,9.999976177902338,10.000007794777245,3.16168749066037e-05
208.2,9.999976177902338,10.000007794777245,3.16168749066037e-05
208.3,9.999976177902338,10.000007794777245,3.16168749066037e-05
208.4,9.999976177902338,10.000007794777245,3.16168749066037e-05
208.5,9.999976177902338,10.000007794777245,3.16168749066037e-05
208.6,9.999976177902338,10.000007794777245,3.16168749066037e-05
208.7,9.999976177902338,10.000007794777245,3.16168749066037e-05
208.8,9.999976177902338,10.000007794777245,3.16168749066037e-05
208.9,9.999976177902338,10.000007794777245,3.16168749066037e-05
209.0,9.999976177902338,10.000007794777245,3.16168749066037e-05
209.1,9.999976177902338,10.000007794777245,3.16168749066037e-05
209.2,9.999976177902338,10.000007794777245,3.16168749066037e-05
209.3,9.999976177902338,10.000007794777245,3.16168749066037e-05
209.4,9.999976177902338,10.000007794777245,3.16168749066037e-05
209.5,9.999976177902338,10.000007794777245,3.16168749066037e-05
209.6,9.999976177902338,10.000007794777245,3.16168749066037e-05
209.7,9.999976177902338,10.000007794777245,3.16168749066037e-05
209.8,9.999976177902338,10.000007794777245,3.16168749066037e-05
209.9,9.999976177902338,10.000007794777245,3.16168749066037e-05
210.0,9.999976177902338,10.000007794777245,3.16168749066037e-05
210.1,9.999976177902338,10.000007794777245,3.16168749066037e-05
210.2,9.999976177902338,10.000007794777245,3.16168749066037e-05
210.3,9.999976177902338,10.000007794777245,3.16168749066037e-05
210.4,9.999976177902338,10.000007794777245,3.16168749066037e-05
210.5,9.999976177902338,10.000007794777245,3.16168749066037e-05
210.6,9.999976177902338,10.000007794777245,3.16168749066037e-05
210.7,9.999976177902338,10.000007794777245,3.16168749066037e-05
210.8,9.999976177902338,10.000007794777245,3.16168749066037e-05
210.9,9.999976177902338,10.000007794777245,3.16168749066037e-05
211.0,9.999976177902338,10.000007794777245,3.16168749066037e-05
211.1,9.999976177902338,10.000007794777245,3.16168749066037e-05
211.2,9.999976177902338,10.000007794777245,3.16168749066037e-05
211.3,9.999976177902338,10.000007794777245,3.16168749066037e-05
211.4,9.999976177902338,10.000007794777245,3.16168749066037e-05
211.5,9.999976177902338,10.000007794777245,3.16168749066037e-05
211.6,9.999976177902338,10.000007794777245,3.16168749066037e-05
211.7,9.999976177902338,10.000007794777245,3.16168749066037e-05
211.8,9.999976177902338,10.000007794777245,3.16168749066037e-05
211.9,9.999976177902338,10.000007794777245,3.16168749066037e-05
212.0,9.999976177902338,10.000007794777245,3.16168749066037e-05
212.1,9.999976177902338,10.000007794777245,3.16168749066037e-05
212.2,9.999976177902338,10.000007794777245,3.16168749066037e-05
212.3,9.999976177902338,10.000007794777245,3.16168749066037e-05
212.4,9.999976177902338,10.000007794777245,3.16168749066037e-05
212.5,9.999976177902338,10.000007794777245,3.16168749066037e-05
212.6,9.999976177902338,10.000007794777245,3.16168749066037e-05
212.7,9.999976177902338,10.000007794777245,3.16168749066037e-05
212.8,9.999976177902338,10.000007794777245,3.16168749066037e-05
212.9,9.999976177902338,10.000007794777245,3.16168749066037e-05
213.0,9.999976177902338,10.000007794777245,3.16168749066037e-05
213.1,9.999976177902338,10.000007794777245,3.16168749066037e-05
213.2,9.999976177902338,10.000007794777245,3.16168749066037e-05
213.3,9.999976177902338,10.000007794777245,3.16168749066037e-05
213.4,9.999976177902338,10.000007794777245,3.16168749066037e-05
213.5,9.999976177902338,10.000007794777245,3.16168749066037e-05
213.6,9.999976177902338,10.000007794777245,3.16168749066037e-05
213.7,9.999976177902338,10.000007794777245,3.16168749066037e-05
213.8,9.999976177902338,10.000007794777245,3.16168749066037e-05
213.9,9.999976177902338,10.000007794777245,3.16168749066037e-05
214.0,9.999976177902338,10.000007794777245,3.16168749066037e-05
214.1,9.999976177902338,10.000007794777245,3.16168749066037e-05
214.2,9.999976177902338,10.000007794777245,3.16168749066037e-05
214.3,9.999976177902338,10.000007794777245,3.16168749066037e-05
214.4,9.999976177902338,10.000007794777245,3.16168749066037e-05
214.5,9.999976177902338,10.000007794777245,3.16168749066037e-05
214.6,9.999976177902338,10.000007794777245,3.16168749066037e-05
214.7,9.999976177902338,10.000007794777245,3.16168749066037e-05
214.8,9.999976177902338,10.000007794777245,3.16168749066037e-05
214.9,9.999976177902338,10.000007794777245,3.16168749066037e-05
215.0,9.999976177902338,10.000007794777245,3.16168749066037e-05
215.1,9.999976177902338,10.000007794777245,3.16168749066037e-05
215.2,9.999976177902338,10.000007794777245,3.16168749066037e-05
215.3,9.999976177902338,10.000007794777245,3.16168749066037e-05
215.4,9.999976177902338,10.000007794777245,3.16168749066037e-05
215.5,9.999976177902338,10.000007794777245,3.16168749066037e-05
215.6,9.999976177902338,10.000007794777245,3.16168749066037e-05
215.7,9.999976177902338,10.000007794777245,3.16168749066037e-05
215.8,9.999976177902338,10.000007794777245,3.16168749066037e-05
215.9,9.999976177902338,10.000007794777245,3.16168749066037e-05
216.0,9.999976177902338,10.000007794777245,3.16168749066037e-05
216.1,9.999976177902338,10.000007794777245,3.16168749066037e-05
216.2,9.999976177902338,10.000007794777245,3.16168749066037e-05
216.3,9.999976177902338,10.000007794777245,3.16168749066037e-05
216.4,9.999976177902338,10.000007794777245,3.16168749066037e-05
216.5,9.999976177902338,10.000007794777245,3.16168749066037e-05
216.6,9.999976177902338,10.000007794777245,3.16168749066037e-05
216.7,9.999976177902338,10.000007794777245,3.16168749066037e-05
216.8,9.999976177902338,10.000007794777245,3.16168749066037e-05
216.9,9.999976177902338,10.000007794777245,3.16168749066037e-05
217.0,9.999976177902338,10.000007794777245,3.16168749066037e-05
217.1,9.999976177902338,10.000007794777245,3.16168749066037e-05
217.2,9.999976177902338,10.000007794777245,3.16168749066037e-05
217.3,9.999976177902338,10.000007794777245,3.16168749066037e-05
217.4,9.999976177902338,10.000007794777245,3.16168749066037e-05
217.5,9.999976177902338,10.000007794777245,3.16168749066037e-05
217.6,9.999976177902338,10.000007794777245,3.16168749066037e-05
217.7,9.999976177902338,10.000007794777245,3.16168749066037e-05
217.8,9.999976177902338,10.000007794777245,3.16168749066037e-05
217.9,9.999976177902338,10.000007794777245,3.16168749066037e-05
218.0,9.999976177902338,10.000007794777245,3.16168749066037e-05
218.1,9.999976177902338,10.000007794777245,3.16168749066037e-05
218.2,9.999976177902338,10.000007794777245,3.16168749066037e-05
218.3,9.999976177902338,10.000007794777245,3.16168749066037e-05
218.4,9.999976177902338,10.000007794777245,3.16168749066037e-05
218.5,9.999976177902338,10.000007794777245,3.16168749066037e-05
218.6,9.999976177902338,10.000007794777245,3.16168749066037e-05
218.7,9.999976177902338,10.000007794777245,3.16168749066037e-05
218.8,9.999976177902338,10.000007794777245,3.16168749066037e-05
218.9,9.999976177902338,10.000007794777245,3.16168749066037e-05
219.0,9.999976177902338,10.000007794777245,3.16168749066037e-05
219.1,9.999976177902338,10.000007794777245,3.16168749066037e-05
219.2,9.999976177902338,10.000007794777245,3.16168749066037e-05
219.3,9.999976177902338,10.000007794777245,3.16168749066037e-05
219.4,9.999976177902338,10.000007794777245,3.16168749066037e-05
219.5,9.999976177902338,10.000007794777245,3.16168749066037e-05
219.6,9.999976177902338,10.000007794777245,3.16168749066037e-05
219.7,9.999976177902338,10.000007794777245,3.16168749066037e-05
219.8,9.999976177902338,10.000007794777245,3.16168749066037e-05
219.9,9.999976177902338,10.000007794777245,3.16168749066037e-05
220.0,9.999976177902338,10.000007794777245,3.16168749066037e-05
220.1,9.999976177902338,10.000007794777245,3.16168749066037e-05
220.2,9.999976177902338,10.000007794777245,3.16168749066037e-05
220.3,9.999976177902338,10.000007794777245,3.16168749066037e-05
220.4,9.999976177902338,10.000007794777245,3.16168749066037e-05
220.5,9.999976177902338,10.000007794777245,3.16168749066037e-05
220.6,9.999976177902338,10.000007794777245,3.16168749066037e-05
220.7,9.999976177902338,10.000007794777245,3.16168749066037e-05
220.8,9.999976177902338,10.000007794777245,3.16168749066037e-05
220.9,9.999976177902338,10.000007794777245,3.16168749066037e-05
221.0,9.999976177902338,10.000007794777245,3.16168749066037e-05
221.1,9.999976177902338,10.000007794777245,3.16168749066037e-05
221.2,9.999976177902338,10.000007794777245,3.16168749066037e-05
221.3,9.999976177902338,10.000007794777245,3.16168749066037e-05
221.4,9.999976177902338,10.000007794777245,3.16168749066037e-05
221.5,9.999976177902338,10.000007794777245,3.16168749066037e-05
221.6,9.999976177902338,10.000007794777245,3.16168749066037e-05
221.7,9.999976177902338,10.000007794777245,3.16168749066037e-05
221.8,9.999976177902338,10.000007794777245,3.16168749066037e-05
221.9,9.999976177902338,10.000007794777245,3.16168749066037e-05
222.0,9.999976177902338,10.000007794777245,3.16168749066037e-05
222.1,9.999976177902338,10.000007794777245,3.16168749066037e-05
222.2,9.999976177902338,10.000007794777245,3.16168749066037e-05
222.3,9.999976177902338,10.000007794777245,3.16168749066037e-05
222.4,9.999976177902338,10.000007794777245,3.16168749066037e-05
222.5,9.999976177902338,10.000007794777245,3.16168749066037e-05
222.6,9.999976177902338,10.000007794777245,3.16168749066037e-05
222.7,9.999976177902338,10.000007794777245,3.16168749066037e-05
222.8,9.999976177902338,10.000007794777245,3.16168749066037e-05
222.9,9.999976177902338,10.000007794777245,3.16168749066037e-05
223.0,9.999976177902338,10.000007794777245,3.16168749066037e-05
223.1,9.999976177902338,10.000007794777245,3.16168749066037e-05
223.2,9.999976177902338,10.000007794777245,3.16168749066037e-05
223.3,9.999976177902338,10.000007794777245,3.16168749066037e-05
223.4,9.999976177902338,10.000007794777245,3.16168749066037e-05
223.5,9.999976177902338,10.000007794777245,3.16168749066037e-05
223.6,9.999976177902338,10.000007794777245,3.16168749066037e-05
223.7,9.999976177902338,10.000007794777245,3.16168749066037e-05
223.8,9.999976177902338,10.000007794777245,3.16168749066037e-05
223.9,9.999976177902338,10.000007794777245,3.16168749066037e-05
224.0,9.999976177902338,10.000007794777245,3.16168749066037e-05
224.1,9.999976177902338,10.000007794777245,3.16168749066037e-05
224.2,9.999976177902338,10.000007794777245,3.16168749066037e-05
224.3,9.999976177902338,10.000007794777245,3.16168749066037e-05
224.4,9.999976177902338,10.000007794777245,3.16168749066037e-05
224.5,9.999976177902338,10.000007794777245,3.16168749066037e-05
224.6,9.999976177902338,10.000007794777245,3.16168749066037e-05
224.7,9.999976177902338,10.000007794777245,3.16168749066037e-05
224.8,9.999976177902338,10.000007794777245,3.16168749066037e-05
224.9,9.999976177902338,10.000007794777245,3.16168749066037e-05
225.0,9.999976177902338,10.000007794777245,3.16168749066037e-05
225.1,9.999976177902338,10.000007794777245,3.16168749066037e-05
225.2,9.999976177902338,10.000007794777245,3.16168749066037e-05
225.3,9.999976177902338,10.000007794777245,3.16168749066037e-05
225.4,9.999976177902338,10.000007794777245,3.16168749066037e-05
225.5,9.999976177902338,10.000007794777245,3.16168749066037e-05
225.6,9.999976177902338,10.000007794777245,3.16168749066037e-05
225.7,9.999976177902338,10.000007794777245,3.16168749066037e-05
225.8,9.999976177902338,10.000007794777245,3.16168749066037e-05
225.9,9.999976177902338,10.000007794777245,3.16168749066037e-05
226.0,9.999976177902338,10.000007794777245,3.16168749066037e-05
226.1,9.999976177902338,10.000007794777245,3.16168749066037e-05
226.2,9.999976177902338,10.000007794777245,3.16168749066037e-05
226.3,9.999976177902338,10.000007794777245,3.16168749066037e-05
226.4,9.999976177902338,10.000007794777245,3.16168749066037e-05
226.5,9.999976177902338,10.000007794777245,3.16168749066037e-05
226.6,9.999976177902338,10.000007794777245,3.16168749066037e-05
226.7,9.999976177902338,10.000007794777245,3.16168749066037e-05
226.8,9.999976177902338,10.000007794777245,3.16168749066037e-05
226.9,9.999976177902338,10.000007794777245,3.16168749066037e-05
227.0,9.999976177902338,10.000007794777245,3.16168749066037e-05
227.1,9.999976177902338,10.000007794777245,3.16168749066037e-05
227.2,9.999976177902338,10.000007794777245,3.16168749066037e-05
227.3,9.999976177902338,10.000007794777245,3.16168749066037e-05
227.4,9.999976177902338,10.000007794777245,3.16168749066037e-05
227.5,9.999976177902338,10.000007794777245,3.16168749066037e-05
227.6,9.999976177902338,10.000007794777245,3.16168749066037e-05
227.7,9.999976177902338,10.000007794777245,3.16168749066037e-05
227.8,9.999976177902338,10.000007794777245,3.16168749066037e-05
227.9,9.999976177902338,10.000007794777245,3.16168749066037e-05
228.0,9.999976177902338,10.000007794777245,3.16168749066037e-05
228.1,9.999976177902338,10.000007794777245,3.16168749066037e-05
228.2,9.999976177902338,10.000007794777245,3.16168749066037e-05
228.3,9.999976177902338,10.000007794777245,3.16168749066037e-05
228.4,9.999976177902338,10.000007794777245,3.16168749066037e-05
228.5,9.999976177902338,10.000007794777245,3.16168749066037e-05
228.6,9.999976177902338,10.000007794777245,3.16168749066037e-05
228.7,9.999976177902338,10.000007794777245,3.16168749066037e-05
228.8,9.999976177902338,10.000007794777245,3.16168749066037e-05
228.9,9.999976177902338,10.000007794777245,3.16168749066037e-05
229.0,9.999976177902338,10.000007794777245,3.16168749066037e-05
229.1,9.999976177902338,10.000007794777245,3.16168749066037e-05
229.2,9.999976177902338,10.000007794777245,3.16168749066037e-05
229.3,9.999976177902338,10.000007794777245,3.16168749066037e-05
229.4,9.999976177902338,10.000007794777245,3.16168749066037e-05
229.5,9.999976177902338,10.000007794777245,3.16168749066037e-05
229.6,9.999976177902338,10.000007794777245,3.16168749066037e-05
229.7,9.999976177902338,10.000007794777245,3.16168749066037e-05
229.8,9.999976177902338,10.000007794777245,3.16168749066037e-05
229.9,9.999976177902338,10.000007794777245,3.16168749066037e-05
230.0,9.999976177902338,10.000007794777245,3.16168749066037e-05
230.1,9.999976177902338,10.000007794777245,3.16168749066037e-05
230.2,9.999976177902338,10.000007794777245,3.16168749066037e-05
230.3,9.999976177902338,10.000007794777245,3.16168749066037e-05
230.4,9.999976177902338,10.000007794777245,3.16168749066037e-05
230.5,9.999976177902338,10.000007794777245,3.16168749066037e-05
230.6,9.999976177902338,10.000007794777245,3.16168749066037e-05
230.7,9.999976177902338,10.000007794777245,3.16168749066037e-05
230.8,9.999976177902338,10.000007794777245,3.16168749066037e-05
230.9,9.999976177902338,10.000007794777245,3.16168749066037e-05
231.0,9.999976177902338,10.000007794777245,3.16168749066037e-05
231.1,9.999976177902338,10.000007794777245,3.16168749066037e-05
231.2,9.999976177902338,10.000007794777245,3.16168749066037e-05
231.3,9.999976177902338,10.000007794777245,3.16168749066037e-05
231.4,9.999976177902338,10.000007794777245,3.16168749066037e-05
231.5,9.999976177902338,10.000007794777245,3.16168749066037e-05
231.6,9.999976177902338,10.000007794777245,3.16168749066037e-05
231.7,9.999976177902338,10.000007794777245,3.16168749066037e-05
231.8,9.999976177902338,10.000007794777245,3.16168749066037e-05
231.9,9.999976177902338,10.000007794777245,3.16168749066037e-05
232.0,9.999976177902338,10.000007794777245,3.16168749066037e-05
232.1,9.999976177902338,10.000007794777245,3.16168749066037e-05
232.2,9.999976177902338,10.000007794777245,3.16168749066037e-05
232.3,9.999976177902338,10.000007794777245,3.16168749066037e-05
232.4,9.999976177902338,10.000007794777245,3.16168749066037e-05
232.5,9.999976177902338,10.000007794777245,3.16168749066037e-05
232.6,9.999976177902338,10.000007794777245,3.16168749066037e-05
232.7,9.999976177902338,10.000007794777245,3.16168749066037e-05
232.8,9.999976177902338,10.000007794777245,3.16168749066037e-05
232.9,9.999976177902338,10.000007794777245,3.16168749066037e-05
233.0,9.999976177902338,10.000007794777245,3.16168749066037e-05
233.1,9.999976177902338,10.000007794777245,3.16168749066037e-05
233.2,9.999976177902338,10.000007794777245,3.16168749066037e-05
233.3,9.999976177902338,10.000007794777245,3.16168749066037e-05
233.4,9.999976177902338,10.000007794777245,3.16168749066037e-05
233.5,9.999976177902338,10.000007794777245,3.16168749066037e-05
233.6,9.999976177902338,10.000007794777245,3.16168749066037e-05
233.7,9.999976177902338,10.000007794777245,3.16168749066037e-05
233.8,9.999976177902338,10.000007794777245,3.16168749066037e-05
233.9,9.999976177902338,10.000007794777245,3.16168749066037e-05
234.0,9.999976177902338,10.000007794777245,3.16168749066037e-05
234.1,9.999976177902338,10.000007794777245,3.16168749066037e-05
234.2,9.999976177902338,10.000007794777245,3.16168749066037e-05
234.3,9.999976177902338,10.000007794777245,3.16168749066037e-05
234.4,9.999976177902338,10.000007794777245,3.16168749066037e-05
234.5,9.999976177902338,10.000007794777245,3.16168749066037e-05
234.6,9.999976177902338,10.000007794777245,3.16168749066037e-05
234.7,9.999976177902338,10.000007794777245,3.16168749066037e-05
234.8,9.999976177902338,10.000007794777245,3.16168749066037e-05
234.9,9.999976177902338,10.000007794777245,3.16168749066037e-05
235.0,9.999976177902338,10.000007794777245,3.16168749066037e-05
235.1,9.999976177902338,10.000007794777245,3.16168749066037e-05
235.2,9.999976177902338,10.000007794777245,3.16168749066037e-05
235.3,9.999976177902338,10.000007794777245,3.16168749066037e-05
235.4,9.999976177902338,10.000007794777245,3.16168749066037e-05
235.5,9.999976177902338,10.000007794777245,3.16168749066037e-05
235.6,9.999976177902338,10.000007794777245,3.16168749066037e-05
235.7,9.999976177902338,10.000007794777245,3.16168749066037e-05
235.8,9.999976177902338,10.000007794777245,3.16168749066037e-05
235.9,9.999976177902338,10.000007794777245,3.16168749066037e-05
236.0,9.999976177902338,10.000007794777245,3.16168749066037e-05
236.1,9.999976177902338,10.000007794777245,3.16168749066037e-05
236.2,9.999976177902338,10.000007794777245,3.16168749066037e-05
236.3,9.999976177902338,10.000007794777245,3.16168749066037e-05
236.4,9.999976177902338,10.000007794777245,3.16168749066037e-05
236.5,9.999976177902338,10.000007794777245,3.16168749066037e-05
236.6,9.999976177902338,10.000007794777245,3.16168749066037e-05
236.7,9.999976177902338,10.000007794777245,3.16168749066037e-05
236.8,9.999976177902338,10.000007794777245,3.16168749066037e-05
236.9,9.999976177902338,10.000007794777245,3.16168749066037e-05
237.0,9.999976177902338,10.000007794777245,3.16168749066037e-05
237.1,9.999976177902338,10.000007794777245,3.16168749066037e-05
237.2,9.999976177902338,10.000007794777245,3.16168749066037e-05
237.3,9.999976177902338,10.000007794777245,3.16168749066037e-05
237.4,9.999976177902338,10.000007794777245,3.16168749066037e-05
237.5,9.999976177902338,10.000007794777245,3.16168749066037e-05
237.6,9.999976177902338,10.000007794777245,3.16168749066037e-05
237.7,9.999976177902338,10.000007794777245,3.16168749066037e-05
237.8,9.999976177902338,10.000007794777245,3.16168749066037e-05
237.9,9.999976177902338,10.000007794777245,3.16168749066037e-05
238.0,9.999976177902338,10.000007794777245,3.16168749066037e-05
238.1,9.999976177902338,10.000007794777245,3.16168749066037e-05
238.2,9.999976177902338,10.000007794777245,3.16168749066037e-05
238.3,9.999976177902338,10.000007794777245,3.16168749066037e-05
238.4,9.999976177902338,10.000007794777245,3.16168749066037e-05
238.5,9.999976177902338,10.000007794777245,3.16168749066037e-05
238.6,9.999976177902338,10.000007794777245,3.16168749066037e-05
238.7,9.999976177902338,10.000007794777245,3.16168749066037e-05
238.8,9.999976177902338,10.000007794777245,3.16168749066037e-05
238.9,9.999976177902338,10.000007794777245,3.16168749066037e-05
239.0,9.999976177902338,10.000007794777245,3.16168749066037e-05
239.1,9.999976177902338,10.000007794777245,3.16168749066037e-05
239.2,9.999976177902338,10.000007794777245,3.16168749066037e-05
239.3,9.999976177902338,10.000007794777245,3.16168749066037e-05
239.4,9.999976177902338,10.000007794777245,3.16168749066037e-05
239.5,9.999976177902338,10.000007794777245,3.16168749066037e-05
239.6,9.999976177902338,10.000007794777245,3.16168749066037e-05
239.7,9.999976177902338,10.000007794777245,3.16168749066037e-05
239.8,9.999976177902338,10.000007794777245,3.16168749066037e-05
239.9,9.999976177902338,10.000007794777245,3.16168749066037e-05
240.0,9.999976177902338,10.000007794777245,3.16168749066037e-05
240.1,9.999976177902338,10.000007794777245,3.16168749066037e-05
240.2,9.999976177902338,10.000007794777245,3.16168749066037e-05
240.3,9.999976177902338,10.000007794777245,3.16168749066037e-05
240.4,9.999976177902338,10.000007794777245,3.16168749066037e-05
240.5,9.999976177902338,10.000007794777245,3.16168749066037e-05
240.6,9.999976177902338,10.000007794777245,3.16168749066037e-05
240.7,9.999976177902338,10.000007794777245,3.16168749066037e-05
240.8,9.999976177902338,10.000007794777245,3.16168749066037e-05
240.9,9.999976177902338,10.000007794777245,3.16168749066037e-05
241.0,9.999976177902338,10.000007794777245,3.16168749066037e-05
241.1,9.999976177902338,10.000007794777245,3.16168749066037e-05
241.2,9.999976177902338,10.000007794777245,3.16168749066037e-05
241.3,9.999976177902338,10.000007794777245,3.16168749066037e-05
241.4,9.999976177902338,10.000007794777245,3.16168749066037e-05
241.5,9.999976177902338,10.000007794777245,3.16168749066037e-05
241.6,9.999976177902338,10.000007794777245,3.16168749066037e-05
241.7,9.999976177902338,10.000007794777245,3.16168749066037e-05
241.8,9.999976177902338,10.000007794777245,3.16168749066037e-05
241.9,9.999976177902338,10.000007794777245,3.16168749066037e-05
242.0,9.999976177902338,10.000007794777245,3.16168749066037e-05
242.1,9.999976177902338,10.000007794777245,3.16168749066037e-05
242.2,9.999976177902338,10.000007794777245,3.16168749066037e-05
242.3,9.999976177902338,10.000007794777245,3.16168749066037e-05
242.4,9.999976177902338,10.000007794777245,3.16168749066037e-05
242.5,9.999976177902338,10.000007794777245,3.16168749066037e-05
242.6,9.999976177902338,10.000007794777245,3.16168749066037e-05
242.7,9.999976177902338,10.000007794777245,3.16168749066037e-05
242.8,9.999976177902338,10.000007794777245,3.16168749066037e-05
242.9,9.999976177902338,10.000007794777245,3.16168749066037e-05
243.0,9.999976177902338,10.000007794777245,3.16168749066037e-05
243.1,9.999976177902338,10.000007794777245,3.16168749066037e-05
243.2,9.999976177902338,10.000007794777245,3.16168749066037e-05
243.3,9.999976177902338,10.000007794777245,3.16168749066037e-05
243.4,9.999976177902338,10.000007794777245,3.16168749066037e-05
243.5,9.999976177902338,10.000007794777245,3.16168749066037e-05
243.6,9.999976177902338,10.000007794777245,3.16168749066037e-05
243.7,9.999976177902338,10.000007794777245,3.16168749066037e-05
243.8,9.999976177902338,10.000007794777245,3.16168749066037e-05
243.9,9.999976177902338,10.000007794777245,3.16168749066037e-05
244.0,9.999976177902338,10.000007794777245,3.16168749066037e-05
244.1,9.999976177902338,10.000007794777245,3.16168749066037e-05
244.2,9.999976177902338,10.000007794777245,3.16168749066037e-05
244.3,9.999976177902338,10.000007794777245,3.16168749066037e-05
244.4,9.999976177902338,10.000007794777245,3.16168749066037e-05
244.5,9.999976177902338,10.000007794777245,3.16168749066037e-05
244.6,9.999976177902338,10.000007794777245,3.16168749066037e-05
244.7,9.999976177902338,10.000007794777245,3.16168749066037e-05
244.8,9.999976177902338,10.000007794777245,3.16168749066037e-05
244.9,9.999976177902338,10.000007794777245,3.16168749066037e-05
245.0,9.999976177902338,10.000007794777245,3.16168749066037e-05
245.1,9.999976177902338,10.000007794777245,3.16168749066037e-05
245.2,9.999976177902338,10.000007794777245,3.16168749066037e-05
245.3,9.999976177902338,10.000007794777245,3.16168749066037e-05
245.4,9.999976177902338,10.000007794777245,3.16168749066037e-05
245.5,9.999976177902338,10.000007794777245,3.16168749066037e-05
245.6,9.999976177902338,10.000007794777245,3.16168749066037e-05
245.7,9.999976177902338,10.000007794777245,3.16168749066037e-05
245.8,9.999976177902338,10.000007794777245,3.16168749066037e-05
245.9,9.999976177902338,10.000007794777245,3.16168749066037e-05
246.0,9.999976177902338,10.000007794777245,3.16168749066037e-05
246.1,9.999976177902338,10.000007794777245,3.16168749066037e-05
246.2,9.999976177902338,10.000007794777245,3.16168749066037e-05
246.3,9.999976177902338,10.000007794777245,3.16168749066037e-05
246.4,9.999976177902338,10.000007794777245,3.16168749066037e-05
246.5,9.999976177902338,10.000007794777245,3.16168749066037e-05
246.6,9.999976177902338,10.000007794777245,3.16168749066037e-05
246.7,9.999976177902338,10.000007794777245,3.16168749066037e-05
246.8,9.999976177902338,10.000007794777245,3.16168749066037e-05
246.9,9.999976177902338,10.000007794777245,3.16168749066037e-05
247.0,9.999976177902338,10.000007794777245,3.16168749066037e-05
247.1,9.999976177902338,10.000007794777245,3.16168749066037e-05
247.2,9.999976177902338,10.000007794777245,3.16168749066037e-05
247.3,9.999976177902338,10.000007794777245,3.16168749066037e-05
247.4,9.999976177902338,10.000007794777245,3.16168749066037e-05
247.5,9.999976177902338,10.000007794777245,3.16168749066037e-05
247.6,9.999976177902338,10.000007794777245,3.16168749066037e-05
247.7,9.999976177902338,10.000007794777245,3.16168749066037e-05
247.8,9.999976177902338,10.000007794777245,3.16168749066037e-05
247.9,9.999976177902338,10.000007794777245,3.16168749066037e-05
248.0,9.999976177902338,10.000007794777245,3.16168749066037e-05
248.1,9.999976177902338,10.000007794777245,3.16168749066037e-05
248.2,9.999976177902338,10.000007794777245,3.16168749066037e-05
248.3,9.999976177902338,10.000007794777245,3.16168749066037e-05
248.4,9.999976177902338,10.000007794777245,3.16168749066037e-05
248.5,9.999976177902338,10.000007794777245,3.16168749066037e-05
248.6,9.999976177902338,10.000007794777245,3.16168749066037e-05
248.7,9.999976177902338,10.000007794777245,3.16168749066037e-05
248.8,9.999976177902338,10.000007794777245,3.16168749066037e-05
248.9,9.999976177902338,10.000007794777245,3.16168749066037e-05
249.0,9.999976177902338,10.000007794777245,3.16168749066037e-05
249.1,9.999976177902338,10.000007794777245,3.16168749066037e-05
249.2,9.999976177902338,10.000007794777245,3.16168749066037e-05
249.3,9.999976177902338,10.000007794777245,3.16168749066037e-05
249.4,9.999976177902338,10.000007794777245,3.16168749066037e-05
249.5,9.999976177902338,10.000007794777245,3.16168749066037e-05
249.6,9.999976177902338,10.000007794777245,3.16168749066037e-05
249.7,9.999976177902338,10.000007794777245,3.16168749066037e-05
249.8,9.999976177902338,10.000007794777245,3.16168749066037e-05
249.9,9.999976177902338,10.000007794777245,3.16168749066037e-05
250.0,9.999976177902338,10.000007794777245,3.16168749066037e-05
250.1,9.999976177902338,10.000007794777245,3.16168749066037e-05
250.2,9.999976177902338,10.000007794777245,3.16168749066037e-05
250.3,9.999976177902338,10.000007794777245,3.16168749066037e-05
250.4,9.999976177902338,10.000007794777245,3.16168749066037e-05
250.5,9.999976177902338,10.000007794777245,3.16168749066037e-05
250.6,9.999976177902338,10.000007794777245,3.16168749066037e-05
250.7,9.999976177902338,10.000007794777245,3.16168749066037e-05
250.8,9.999976177902338,10.000007794777245,3.16168749066037e-05
250.9,9.999976177902338,10.000007794777245,3.16168749066037e-05
251.0,9.999976177902338,10.000007794777245,3.16168749066037e-05
251.1,9.999976177902338,10.000007794777245,3.16168749066037e-05
251.2,9.999976177902338,10.000007794777245,3.16168749066037e-05
251.3,9.999976177902338,10.000007794777245,3.16168749066037e-05
251.4,9.999976177902338,10.000007794777245,3.16168749066037e-05
251.5,9.999976177902338,10.000007794777245,3.16168749066037e-05
251.6,9.999976177902338,10.000007794777245,3.16168749066037e-05
251.7,9.999976177902338,10.000007794777245,3.16168749066037e-05
251.8,9.999976177902338,10.000007794777245,3.16168749066037e-05
251.9,9.999976177902338,10.000007794777245,3.16168749066037e-05
252.0,9.999976177902338,10.000007794777245,3.16168749066037e-05
252.1,9.999976177902338,10.000007794777245,3.16168749066037e-05
252.2,9.999976177902338,10.000007794777245,3.16168749066037e-05
252.3,9.999976177902338,10.000007794777245,3.16168749066037e-05
252.4,9.999976177902338,10.000007794777245,3.16168749066037e-05
252.5,9.999976177902338,10.000007794777245,3.16168749066037e-05
252.6,9.999976177902338,10.000007794777245,3.16168749066037e-05
252.7,9.999976177902338,10.000007794777245,3.16168749066037e-05
252.8,9.999976177902338,10.000007794777245,3.16168749066037e-05
252.9,9.999976177902338,10.000007794777245,3.16168749066037e-05
253.0,9.999976177902338,10.000007794777245,3.16168749066037e-05
253.1,9.999976177902338,10.000007794777245,3.16168749066037e-05
253.2,9.999976177902338,10.000007794777245,3.16168749066037e-05
253.3,9.999976177902338,10.000007794777245,3.16168749066037e-05
253.4,9.999976177902338,10.000007794777245,3.16168749066037e-05
253.5,9.999976177902338,10.000007794777245,3.16168749066037e-05
253.6,9.999976177902338,10.000007794777245,3.16168749066037e-05
253.7,9.999976177902338,10.000007794777245,3.16168749066037e-05
253.8,9.999976177902338,10.000007794777245,3.16168749066037e-05
253.9,9.999976177902338,10.000007794777245,3.16168749066037e-05
254.0,9.999976177902338,10.000007794777245,3.16168749066037e-05
254.1,9.999976177902338,10.000007794777245,3.16168749066037e-05
254.2,9.999976177902338,10.000007794777245,3.16168749066037e-05
254.3,9.999976177902338,10.000007794777245,3.16168749066037e-05
254.4,9.999976177902338,10.000007794777245,3.16168749066037e-05
254.5,9.999976177902338,10.000007794777245,3.16168749066037e-05
254.6,9.999976177902338,10.000007794777245,3.16168749066037e-05
254.7,9.999976177902338,10.000007794777245,3.16168749066037e-05
254.8,9.999976177902338,10.000007794777245,3.16168749066037e-05
254.9,9.999976177902338,10.000007794777245,3.16168749066037e-05
255.0,9.999976177902338,10.000007794777245,3.16168749066037e-05
255.1,9.999976177902338,10.000007794777245,3.16168749066037e-05
255.2,9.999976177902338,10.000007794777245,3.16168749066037e-05
255.3,9.999976177902338,10.000007794777245,3.16168749066037e-05
255.4,9.999976177902338,10.000007794777245,3.16168749066037e-05
255.5,9.999976177902338,10.000007794777245,3.16168749066037e-05
255.6,9.999976177902338,10.000007794777245,3.16168749066037e-05
255.7,9.999976177902338,10.000007794777245,3.16168749066037e-05
255.8,9.999976177902338,10.000007794777245,3.16168749066037e-05
255.9,9.999976177902338,10.000007794777245,3.16168749066037e-05
256.0,9.999976177902338,10.000007794777245,3.16168749066037e-05
256.1,9.999976177902338,10.000007794777245,3.16168749066037e-05
256.2,9.999976177902338,10.000007794777245,3.16168749066037e-05
256.3,9.999976177902338,10.000007794777245,3.16168749066037e-05
256.4,9.999976177902338,10.000007794777245,3.16168749066037e-05
256.5,9.999976177902338,10.000007794777245,3.16168749066037e-05
256.6,9.999976177902338,10.000007794777245,3.16168749066037e-05
256.7,9.999976177902338,10.000007794777245,3.16168749066037e-05
256.8,9.999976177902338,10.000007794777245,3.16168749066037e-05
256.9,9.999976177902338,10.000007794777245,3.16168749066037e-05
257.0,9.999976177902338,10.000007794777245,3.16168749066037e-05
257.1,9.999976177902338,10.000007794777245,3.16168749066037e-05
257.2,9.999976177902338,10.000007794777245,3.16168749066037e-05
257.3,9.999976177902338,10.000007794777245,3.16168749066037e-05
257.4,9.999976177902338,10.000007794777245,3.16168749066037e-05
257.5,9.999976177902338,10.000007794777245,3.16168749066037e-05
257.6,9.999976177902338,10.000007794777245,3.16168749066037e-05
257.7,9.999976177902338,10.000007794777245,3.16168749066037e-05
257.8,9.999976177902338,10.000007794777245,3.16168749066037e-05
257.9,9.999976177902338,10.000007794777245,3.16168749066037e-05
258.0,9.999976177902338,10.000007794777245,3.16168749066037e-05
258.1,9.999976177902338,10.000007794777245,3.16168749066037e-05
258.2,9.999976177902338,10.000007794777245,3.16168749066037e-05
258.3,9.999976177902338,10.000007794777245,3.16168749066037e-05
258.4,9.999976177902338,10.000007794777245,3.16168749066037e-05
258.5,9.999976177902338,10.000007794777245,3.16168749066037e-05
258.6,9.999976177902338,10.000007794777245,3.16168749066037e-05
258.7,9.999976177902338,10.000007794777245,3.16168749066037e-05
258.8,9.999976177902338,10.000007794777245,3.16168749066037e-05
258.9,9.999976177902338,10.000007794777245,3.16168749066037e-05
259.0,9.999976177902338,10.000007794777245,3.16168749066037e-05
259.1,9.999976177902338,10.000007794777245,3.16168749066037e-05
259.2,9.999976177902338,10.000007794777245,3.16168749066037e-05
259.3,9.999976177902338,10.000007794777245,3.16168749066037e-05
259.4,9.999976177902338,10.000007794777245,3.16168749066037e-05
259.5,9.999976177902338,10.000007794777245,3.16168749066037e-05
259.6,9.999976177902338,10.000007794777245,3.16168749066037e-05
259.7,9.999976177902338,10.000007794777245,3.16168749066037e-05
259.8,9.999976177902338,10.000007794777245,3.16168749066037e-05
259.9,9.999976177902338,10.000007794777245,3.16168749066037e-05
260.0,9.999976177902338,10.000007794777245,3.16168749066037e-05
260.1,9.999976177902338,10.000007794777245,3.16168749066037e-05
260.2,9.999976177902338,10.000007794777245,3.16168749066037e-05
260.3,9.999976177902338,10.000007794777245,3.16168749066037e-05
260.4,9.999976177902338,10.000007794777245,3.16168749066037e-05
260.5,9.999976177902338,10.000007794777245,3.16168749066037e-05
260.6,9.999976177902338,10.000007794777245,3.16168749066037e-05
260.7,9.999976177902338,10.000007794777245,3.16168749066037e-05
260.8,9.999976177902338,10.000007794777245,3.16168749066037e-05
260.9,9.999976177902338,10.000007794777245,3.16168749066037e-05
261.0,9.999976177902338,10.000007794777245,3.16168749066037e-05
261.1,9.999976177902338,10.000007794777245,3.16168749066037e-05
261.2,9.999976177902338,10.000007794777245,3.16168749066037e-05
261.3,9.999976177902338,10.000007794777245,3.16168749066037e-05
261.4,9.999976177902338,10.000007794777245,3.16168749066037e-05
261.5,9.999976177902338,10.000007794777245,3.16168749066037e-05
261.6,9.999976177902338,10.000007794777245,3.16168749066037e-05
261.7,9.999976177902338,10.000007794777245,3.16168749066037e-05
261.8,9.999976177902338,10.000007794777245,3.16168749066037e-05
261.9,9.999976177902338,10.000007794777245,3.16168749066037e-05
262.0,9.999976177902338,10.000007794777245,3.16168749066037e-05
262.1,9.999976177902338,10.000007794777245,3.16168749066037e-05
262.2,9.999976177902338,10.000007794777245,3.16168749066037e-05
262.3,9.999976177902338,10.000007794777245,3.16168749066037e-05
262.4,9.999976177902338,10.000007794777245,3.16168749066037e-05
262.5,9.999976177902338,10.000007794777245,3.16168749066037e-05
262.6,9.999976177902338,10.000007794777245,3.16168749066037e-05
262.7,9.999976177902338,10.000007794777245,3.16168749066037e-05
262.8,9.999976177902338,10.000007794777245,3.16168749066037e-05
262.9,9.999976177902338,10.000007794777245,3.16168749066037e-05
263.0,9.999976177902338,10.000007794777245,3.16168749066037e-05
263.1,9.999976177902338,10.000007794777245,3.16168749066037e-05
263.2,9.999976177902338,10.000007794777245,3.16168749066037e-05
263.3,9.999976177902338,10.000007794777245,3.16168749066037e-05
263.4,9.999976177902338,10.000007794777245,3.16168749066037e-05
263.5,9.999976177902338,10.000007794777245,3.16168749066037e-05
263.6,9.999976177902338,10.000007794777245,3.16168749066037e-05
263.7,9.999976177902338,10.000007794777245,3.16168749066037e-05
263.8,9.999976177902338,10.000007794777245,3.16168749066037e-05
263.9,9.999976177902338,10.000007794777245,3.16168749066037e-05
264.0,9.999976177902338,10.000007794777245,3.16168749066037e-05
264.1,9.999976177902338,10.000007794777245,3.16168749066037e-05
264.2,9.999976177902338,10.000007794777245,3.16168749066037e-05
264.3,9.999976177902338,10.000007794777245,3.16168749066037e-05
264.4,9.999976177902338,10.000007794777245,3.16168749066037e-05
264.5,9.999976177902338,10.000007794777245,3.16168749066037e-05
264.6,9.999976177902338,10.000007794777245,3.16168749066037e-05
264.7,9.999976177902338,10.000007794777245,3.16168749066037e-05
264.8,9.999976177902338,10.000007794777245,3.16168749066037e-05
264.9,9.999976177902338,10.000007794777245,3.16168749066037e-05
265.0,9.999976177902338,10.000007794777245,3.16168749066037e-05
265.1,9.999976177902338,10.000007794777245,3.16168749066037e-05
265.2,9.999976177902338,10.000007794777245,3.16168749066037e-05
265.3,9.999976177902338,10.000007794777245,3.16168749066037e-05
265.4,9.999976177902338,10.000007794777245,3.16168749066037e-05
265.5,9.999976177902338,10.000007794777245,3.16168749066037e-05
265.6,9.999976177902338,10.000007794777245,3.16168749066037e-05
265.7,9.999976177902338,10.000007794777245,3.16168749066037e-05
265.8,9.999976177902338,10.000007794777245,3.16168749066037e-05
265.9,9.999976177902338,10.000007794777245,3.16168749066037e-05
266.0,9.999976177902338,10.000007794777245,3.16168749066037e-05
266.1,9.999976177902338,10.000007794777245,3.16168749066037e-05
266.2,9.999976177902338,10.000007794777245,3.16168749066037e-05
266.3,9.999976177902338,10.000007794777245,3.16168749066037e-05
266.4,9.999976177902338,10.000007794777245,3.16168749066037e-05
266.5,9.999976177902338,10.000007794777245,3.16168749066037e-05
266.6,9.999976177902338,10.000007794777245,3.16168749066037e-05
266.7,9.999976177902338,10.000007794777245,3.16168749066037e-05
266.8,9.999976177902338,10.000007794777245,3.16168749066037e-05
266.9,9.999976177902338,10.000007794777245,3.16168749066037e-05
267.0,9.999976177902338,10.000007794777245,3.16168749066037e-05
267.1,9.999976177902338,10.000007794777245,3.16168749066037e-05
267.2,9.999976177902338,10.000007794777245,3.16168749066037e-05
267.3,9.999976177902338,10.000007794777245,3.16168749066037e-05
267.4,9.999976177902338,10.000007794777245,3.16168749066037e-05
267.5,9.999976177902338,10.000007794777245,3.16168749066037e-05
267.6,9.999976177902338,10.000007794777245,3.16168749066037e-05
267.7,9.999976177902338,10.000007794777245,3.16168749066037e-05
267.8,9.999976177902338,10.000007794777245,3.16168749066037e-05
267.9,9.999976177902338,10.000007794777245,3.16168749066037e-05
268.0,9.999976177902338,10.000007794777245,3.16168749066037e-05
268.1,9.999976177902338,10.000007794777245,3.16168749066037e-05
268.2,9.999976177902338,10.000007794777245,3.16168749066037e-05
268.3,9.999976177902338,10.000007794777245,3.16168749066037e-05
268.4,9.999976177902338,10.000007794777245,3.16168749066037e-05
268.5,9.999976177902338,10.000007794777245,3.16168749066037e-05
268.6,9.999976177902338,10.000007794777245,3.16168749066037e-05
268.7,9.999976177902338,10.000007794777245,3.16168749066037e-05
268.8,9.999976177902338,10.000007794777245,3.16168749066037e-05
268.9,9.999976177902338,10.000007794777245,3.16168749066037e-05
269.0,9.999976177902338,10.000007794777245,3.16168749066037e-05
269.1,9.999976177902338,10.000007794777245,3.16168749066037e-05
269.2,9.999976177902338,10.000007794777245,3.16168749066037e-05
269.3,9.999976177902338,10.000007794777245,3.16168749066037e-05
269.4,9.999976177902338,10.000007794777245,3.16168749066037e-05
269.5,9.999976177902338,10.000007794777245,3.16168749066037e-05
269.6,9.999976177902338,10.000007794777245,3.16168749066037e-05
269.7,9.999976177902338,10.000007794777245,3.16168749066037e-05
269.8,9.999976177902338,10.000007794777245,3.16168749066037e-05
269.9,9.999976177902338,10.000007794777245,3.16168749066037e-05
270.0,9.999976177902338,10.000007794777245,3.16168749066037e-05
270.1,9.999976177902338,10.000007794777245,3.16168749066037e-05
270.2,9.999976177902338,10.000007794777245,3.16168749066037e-05
270.3,9.999976177902338,10.000007794777245,3.16168749066037e-05
270.4,9.999976177902338,10.000007794777245,3.16168749066037e-05
270.5,9.999976177902338,10.000007794777245,3.16168749066037e-05
270.6,9.999976177902338,10.000007794777245,3.16168749066037e-05
270.7,9.999976177902338,10.000007794777245,3.16168749066037e-05
270.8,9.999976177902338,10.000007794777245,3.16168749066037e-05
270.9,9.999976177902338,10.000007794777245,3.16168749066037e-05
271.0,9.999976177902338,10.000007794777245,3.16168749066037e-05
271.1,9.999976177902338,10.000007794777245,3.16168749066037e-05
271.2,9.999976177902338,10.000007794777245,3.16168749066037e-05
271.3,9.999976177902338,10.000007794777245,3.16168749066037e-05
271.4,9.999976177902338,10.000007794777245,3.16168749066037e-05
271.5,9.999976177902338,10.000007794777245,3.16168749066037e-05
271.6,9.999976177902338,10.000007794777245,3.16168749066037e-05
271.7,9.999976177902338,10.000007794777245,3.16168749066037e-05
271.8,9.999976177902338,10.000007794777245,3.16168749066037e-05
271.9,9.999976177902338,10.000007794777245,3.16168749066037e-05
272.0,9.999976177902338,10.000007794777245,3.16168749066037e-05
272.1,9.999976177902338,10.000007794777245,3.16168749066037e-05
272.2,9.999976177902338,10.000007794777245,3.16168749066037e-05
272.3,9.999976177902338,10.000007794777245,3.16168749066037e-05
272.4,9.999976177902338,10.000007794777245,3.16168749066037e-05
272.5,9.999976177902338,10.000007794777245,3.16168749066037e-05
272.6,9.999976177902338,10.000007794777245,3.16168749066037e-05
272.7,9.999976177902338,10.000007794777245,3.16168749066037e-05
272.8,9.999976177902338,10.000007794777245,3.16168749066037e-05
272.9,9.999976177902338,10.000007794777245,3.16168749066037e-05
273.0,9.999976177902338,10.000007794777245,3.16168749066037e-05
273.1,9.999976177902338,10.000007794777245,3.16168749066037e-05
273.2,9.999976177902338,10.000007794777245,3.16168749066037e-05
273.3,9.999976177902338,10.000007794777245,3.16168749066037e-05
273.4,9.999976177902338,10.000007794777245,3.16168749066037e-05
273.5,9.999976177902338,10.000007794777245,3.16168749066037e-05
273.6,9.999976177902338,10.000007794777245,3.16168749066037e-05
273.7,9.999976177902338,10.000007794777245,3.16168749066037e-05
273.8,9.999976177902338,10.000007794777245,3.16168749066037e-05
273.9,9.999976177902338,10.000007794777245,3.16168749066037e-05
274.0,9.999976177902338,10.000007794777245,3.16168749066037e-05
274.1,9.999976177902338,10.000007794777245,3.16168749066037e-05
274.2,9.999976177902338,10.000007794777245,3.16168749066037e-05
274.3,9.999976177902338,10.000007794777245,3.16168749066037e-05
274.4,9.999976177902338,10.000007794777245,3.16168749066037e-05
274.5,9.999976177902338,10.000007794777245,3.16168749066037e-05
274.6,9.999976177902338,10.000007794777245,3.16168749066037e-05
274.7,9.999976177902338,10.000007794777245,3.16168749066037e-05
274.8,9.999976177902338,10.000007794777245,3.16168749066037e-05
274.9,9.999976177902338,10.000007794777245,3.16168749066037e-05
275.0,9.999976177902338,10.000007794777245,3.16168749066037e-05
275.1,9.999976177902338,10.000007794777245,3.16168749066037e-05
275.2,9.999976177902338,10.000007794777245,3.16168749066037e-05
275.3,9.999976177902338,10.000007794777245,3.16168749066037e-05
275.4,9.999976177902338,10.000007794777245,3.16168749066037e-05
275.5,9.999976177902338,10.000007794777245,3.16168749066037e-05
275.6,9.999976177902338,10.000007794777245,3.16168749066037e-05
275.7,9.999976177902338,10.000007794777245,3.16168749066037e-05
275.8,9.999976177902338,10.000007794777245,3.16168749066037e-05
275.9,9.999976177902338,10.000007794777245,3.16168749066037e-05
276.0,9.999976177902338,10.000007794777245,3.16168749066037e-05
276.1,9.999976177902338,10.000007794777245,3.16168749066037e-05
276.2,9.999976177902338,10.000007794777245,3.16168749066037e-05
276.3,9.999976177902338,10.000007794777245,3.16168749066037e-05
276.4,9.999976177902338,10.000007794777245,3.16168749066037e-05
276.5,9.999976177902338,10.000007794777245,3.16168749066037e-05
276.6,9.999976177902338,10.000007794777245,3.16168749066037e-05
276.7,9.999976177902338,10.000007794777245,3.16168749066037e-05
276.8,9.999976177902338,10.000007794777245,3.16168749066037e-05
276.9,9.999976177902338,10.000007794777245,3.16168749066037e-05
277.0,9.999976177902338,10.000007794777245,3.16168749066037e-05
277.1,9.999976177902338,10.000007794777245,3.16168749066037e-05
277.2,9.999976177902338,10.000007794777245,3.16168749066037e-05
277.3,9.999976177902338,10.000007794777245,3.16168749066037e-05
277.4,9.999976177902338,10.000007794777245,3.16168749066037e-05
277.5,9.999976177902338,10.000007794777245,3.16168749066037e-05
277.6,9.999976177902338,10.000007794777245,3.16168749066037e-05
277.7,9.999976177902338,10.000007794777245,3.16168749066037e-05
277.8,9.999976177902338,10.000007794777245,3.16168749066037e-05
277.9,9.999976177902338,10.000007794777245,3.16168749066037e-05
278.0,9.999976177902338,10.000007794777245,3.16168749066037e-05
278.1,9.999976177902338,10.000007794777245,3.16168749066037e-05
278.2,9.999976177902338,10.000007794777245,3.16168749066037e-05
278.3,9.999976177902338,10.000007794777245,3.16168749066037e-05
278.4,9.999976177902338,10.000007794777245,3.16168749066037e-05
278.5,9.999976177902338,10.000007794777245,3.16168749066037e-05
278.6,9.999976177902338,10.000007794777245,3.16168749066037e-05
278.7,9.999976177902338,10.000007794777245,3.16168749066037e-05
278.8,9.999976177902338,10.000007794777245,3.16168749066037e-05
278.9,9.999976177902338,10.000007794777245,3.16168749066037e-05
279.0,9.999976177902338,10.000007794777245,3.16168749066037e-05
279.1,9.999976177902338,10.000007794777245,3.16168749066037e-05
279.2,9.999976177902338,10.000007794777245,3.16168749066037e-05
279.3,9.999976177902338,10.000007794777245,3.16168749066037e-05
279.4,9.999976177902338,10.000007794777245,3.16168749066037e-05
279.5,9.999976177902338,10.000007794777245,3.16168749066037e-05
279.6,9.999976177902338,10.000007794777245,3.16168749066037e-05
279.7,9.999976177902338,10.000007794777245,3.16168749066037e-05
279.8,9.999976177902338,10.000007794777245,3.16168749066037e-05
279.9,9.999976177902338,10.000007794777245,3.16168749066037e-05
280.0,9.999976177902338,10.000007794777245,3.16168749066037e-05
280.1,9.999976177902338,10.000007794777245,3.16168749066037e-05
280.2,9.999976177902338,10.000007794777245,3.16168749066037e-05
280.3,9.999976177902338,10.000007794777245,3.16168749066037e-05
280.4,9.999976177902338,10.000007794777245,3.16168749066037e-05
280.5,9.999976177902338,10.000007794777245,3.16168749066037e-05
280.6,9.999976177902338,10.000007794777245,3.16168749066037e-05
280.7,9.999976177902338,10.000007794777245,3.16168749066037e-05
280.8,9.999976177902338,10.000007794777245,3.16168749066037e-05
280.9,9.999976177902338,10.000007794777245,3.16168749066037e-05
281.0,9.999976177902338,10.000007794777245,3.16168749066037e-05
281.1,9.999976177902338,10.000007794777245,3.16168749066037e-05
281.2,9.999976177902338,10.000007794777245,3.16168749066037e-05
281.3,9.999976177902338,10.000007794777245,3.16168749066037e-05
281.4,9.999976177902338,10.000007794777245,3.16168749066037e-05
281.5,9.999976177902338,10.000007794777245,3.16168749066037e-05
281.6,9.999976177902338,10.000007794777245,3.16168749066037e-05
281.7,9.999976177902338,10.000007794777245,3.16168749066037e-05
281.8,9.999976177902338,10.000007794777245,3.16168749066037e-05
281.9,9.999976177902338,10.000007794777245,3.16168749066037e-05
282.0,9.999976177902338,10.000007794777245,3.16168749066037e-05
282.1,9.999976177902338,10.000007794777245,3.16168749066037e-05
282.2,9.999976177902338,10.000007794777245,3.16168749066037e-05
282.3,9.999976177902338,10.000007794777245,3.16168749066037e-05
282.4,9.999976177902338,10.000007794777245,3.16168749066037e-05
282.5,9.999976177902338,10.000007794777245,3.16168749066037e-05
282.6,9.999976177902338,10.000007794777245,3.16168749066037e-05
282.7,9.999976177902338,10.000007794777245,3.16168749066037e-05
282.8,9.999976177902338,10.000007794777245,3.16168749066037e-05
282.9,9.999976177902338,10.000007794777245,3.16168749066037e-05
283.0,9.999976177902338,10.000007794777245,3.16168749066037e-05
283.1,9.999976177902338,10.000007794777245,3.16168749066037e-05
283.2,9.999976177902338,10.000007794777245,3.16168749066037e-05
283.3,9.999976177902338,10.000007794777245,3.16168749066037e-05
283.4,9.999976177902338,10.000007794777245,3.16168749066037e-05
283.5,9.999976177902338,10.000007794777245,3.16168749066037e-05
283.6,9.999976177902338,10.000007794777245,3.16168749066037e-05
283.7,9.999976177902338,10.000007794777245,3.16168749066037e-05
283.8,9.999976177902338,10.000007794777245,3.16168749066037e-05
283.9,9.999976177902338,10.000007794777245,3.16168749066037e-05
284.0,9.999976177902338,10.000007794777245,3.16168749066037e-05
284.1,9.999976177902338,10.000007794777245,3.16168749066037e-05
284.2,9.999976177902338,10.000007794777245,3.16168749066037e-05
284.3,9.999976177902338,10.000007794777245,3.16168749066037e-05
284.4,9.999976177902338,10.000007794777245,3.16168749066037e-05
284.5,9.999976177902338,10.000007794777245,3.16168749066037e-05
284.6,9.999976177902338,10.000007794777245,3.16168749066037e-05
284.7,9.999976177902338,10.000007794777245,3.16168749066037e-05
284.8,9.999976177902338,10.000007794777245,3.16168749066037e-05
284.9,9.999976177902338,10.000007794777245,3.16168749066037e-05
285.0,9.999976177902338,10.000007794777245,3.16168749066037e-05
285.1,9.999976177902338,10.000007794777245,3.16168749066037e-05
285.2,9.999976177902338,10.000007794777245,3.16168749066037e-05
285.3,9.999976177902338,10.000007794777245,3.16168749066037e-05
285.4,9.999976177902338,10.000007794777245,3.16168749066037e-05
285.5,9.999976177902338,10.000007794777245,3.16168749066037e-05
285.6,9.999976177902338,10.000007794777245,3.16168749066037e-05
285.7,9.999976177902338,10.000007794777245,3.16168749066037e-05
285.8,9.999976177902338,10.000007794777245,3.16168749066037e-05
285.9,9.999976177902338,10.000007794777245,3.16168749066037e-05
286.0,9.999976177902338,10.000007794777245,3.16168749066037e-05
286.1,9.999976177902338,10.000007794777245,3.16168749066037e-05
286.2,9.999976177902338,10.000007794777245,3.16168749066037e-05
286.3,9.999976177902338,10.000007794777245,3.16168749066037e-05
286.4,9.999976177902338,10.000007794777245,3.16168749066037e-05
286.5,9.999976177902338,10.000007794777245,3.16168749066037e-05
286.6,9.999976177902338,10.000007794777245,3.16168749066037e-05
286.7,9.999976177902338,10.000007794777245,3.16168749066037e-05
286.8,9.999976177902338,10.000007794777245,3.16168749066037e-05
286.9,9.999976177902338,10.000007794777245,3.16168749066037e-05
287.0,9.999976177902338,10.000007794777245,3.16168749066037e-05
287.1,9.999976177902338,10.000007794777245,3.16168749066037e-05
287.2,9.999976177902338,10.000007794777245,3.16168749066037e-05
287.3,9.999976177902338,10.000007794777245,3.16168749066037e-05
287.4,9.999976177902338,10.000007794777245,3.16168749066037e-05
287.5,9.999976177902338,10.000007794777245,3.16168749066037e-05
287.6,9.999976177902338,10.000007794777245,3.16168749066037e-05
287.7,9.999976177902338,10.000007794777245,3.16168749066037e-05
287.8,9.999976177902338,10.000007794777245,3.16168749066037e-05
287.9,9.999976177902338,10.000007794777245,3.16168749066037e-05
288.0,9.999976177902338,10.000007794777245,3.16168749066037e-05
288.1,9.999976177902338,10.000007794777245,3.16168749066037e-05
288.2,9.999976177902338,10.000007794777245,3.16168749066037e-05
288.3,9.999976177902338,10.000007794777245,3.16168749066037e-05
288.4,9.999976177902338,10.000007794777245,3.16168749066037e-05
288.5,9.999976177902338,10.000007794777245,3.16168749066037e-05
288.6,9.999976177902338,10.000007794777245,3.16168749066037e-05
288.7,9.999976177902338,10.000007794777245,3.16168749066037e-05
288.8,9.999976177902338,10.000007794777245,3.16168749066037e-05
288.9,9.999976177902338,10.000007794777245,3.16168749066037e-05
289.0,9.999976177902338,10.000007794777245,3.16168749066037e-05
289.1,9.999976177902338,10.000007794777245,3.16168749066037e-05
289.2,9.999976177902338,10.000007794777245,3.16168749066037e-05
289.3,9.999976177902338,10.000007794777245,3.16168749066037e-05
289.4,9.999976177902338,10.000007794777245,3.16168749066037e-05
289.5,9.999976177902338,10.000007794777245,3.16168749066037e-05
289.6,9.999976177902338,10.000007794777245,3.16168749066037e-05
289.7,9.999976177902338,10.000007794777245,3.16168749066037e-05
289.8,9.999976177902338,10.000007794777245,3.16168749066037e-05
289.9,9.999976177902338,10.000007794777245,3.16168749066037e-05
290.0,9.999976177902338,10.000007794777245,3.16168749066037e-05
290.1,9.999976177902338,10.000007794777245,3.16168749066037e-05
290.2,9.999976177902338,10.000007794777245,3.16168749066037e-05
290.3,9.999976177902338,10.000007794777245,3.16168749066037e-05
290.4,9.999976177902338,10.000007794777245,3.16168749066037e-05
290.5,9.999976177902338,10.000007794777245,3.16168749066037e-05
290.6,9.999976177902338,10.000007794777245,3.16168749066037e-05
290.7,9.999976177902338,10.000007794777245,3.16168749066037e-05
290.8,9.999976177902338,10.000007794777245,3.16168749066037e-05
290.9,9.999976177902338,10.000007794777245,3.16168749066037e-05
291.0,9.999976177902338,10.000007794777245,3.16168749066037e-05
291.1,9.999976177902338,10.000007794777245,3.16168749066037e-05
291.2,9.999976177902338,10.000007794777245,3.16168749066037e-05
291.3,9.999976177902338,10.000007794777245,3.16168749066037e-05
291.4,9.999976177902338,10.000007794777245,3.16168749066037e-05
291.5,9.999976177902338,10.000007794777245,3.16168749066037e-05
291.6,9.999976177902338,10.000007794777245,3.16168749066037e-05
291.7,9.999976177902338,10.000007794777245,3.16168749066037e-05
291.8,9.999976177902338,10.000007794777245,3.16168749066037e-05
291.9,9.999976177902338,10.000007794777245,3.16168749066037e-05
292.0,9.999976177902338,10.000007794777245,3.16168749066037e-05
292.1,9.999976177902338,10.000007794777245,3.16168749066037e-05
292.2,9.999976177902338,10.000007794777245,3.16168749066037e-05
292.3,9.999976177902338,10.000007794777245,3.16168749066037e-05
292.4,9.999976177902338,10.000007794777245,3.16168749066037e-05
292.5,9.999976177902338,10.000007794777245,3.16168749066037e-05
292.6,9.999976177902338,10.000007794777245,3.16168749066037e-05
292.7,9.999976177902338,10.000007794777245,3.16168749066037e-05
292.8,9.999976177902338,10.000007794777245,3.16168749066037e-05
292.9,9.999976177902338,10.000007794777245,3.16168749066037e-05
293.0,9.999976177902338,10.000007794777245,3.16168749066037e-05
293.1,9.999976177902338,10.000007794777245,3.16168749066037e-05
293.2,9.999976177902338,10.000007794777245,3.16168749066037e-05
293.3,9.999976177902338,10.000007794777245,3.16168749066037e-05
293.4,9.999976177902338,10.000007794777245,3.16168749066037e-05
293.5,9.999976177902338,10.000007794777245,3.16168749066037e-05
293.6,9.999976177902338,10.000007794777245,3.16168749066037e-05
293.7,9.999976177902338,10.000007794777245,3.16168749066037e-05
293.8,9.999976177902338,10.000007794777245,3.16168749066037e-05
293.9,9.999976177902338,10.000007794777245,3.16168749066037e-05
294.0,9.999976177902338,10.000007794777245,3.16168749066037e-05
294.1,9.999976177902338,10.000007794777245,3.16168749066037e-05
294.2,9.999976177902338,10.000007794777245,3.16168749066037e-05
294.3,9.999976177902338,10.000007794777245,3.16168749066037e-05
294.4,9.999976177902338,10.000007794777245,3.16168749066037e-05
294.5,9.999976177902338,10.000007794777245,3.16168749066037e-05
294.6,9.999976177902338,10.000007794777245,3.16168749066037e-05
294.7,9.999976177902338,10.000007794777245,3.16168749066037e-05
294.8,9.999976177902338,10.000007794777245,3.16168749066037e-05
294.9,9.999976177902338,10.000007794777245,3.16168749066037e-05
295.0,9.999976177902338,10.000007794777245,3.16168749066037e-05
295.1,9.999976177902338,10.000007794777245,3.16168749066037e-05
295.2,9.999976177902338,10.000007794777245,3.16168749066037e-05
295.3,9.999976177902338,10.000007794777245,3.16168749066037e-05
295.4,9.999976177902338,10.000007794777245,3.16168749066037e-05
295.5,9.999976177902338,10.000007794777245,3.16168749066037e-05
295.6,9.999976177902338,10.000007794777245,3.16168749066037e-05
295.7,9.999976177902338,10.000007794777245,3.16168749066037e-05
295.8,9.999976177902338,10.000007794777245,3.16168749066037e-05
295.9,9.999976177902338,10.000007794777245,3.16168749066037e-05
296.0,9.999976177902338,10.000007794777245,3.16168749066037e-05
296.1,9.999976177902338,10.000007794777245,3.16168749066037e-05
296.2,9.999976177902338,10.000007794777245,3.16168749066037e-05
296.3,9.999976177902338,10.000007794777245,3.16168749066037e-05
296.4,9.999976177902338,10.000007794777245,3.16168749066037e-05
296.5,9.999976177902338,10.000007794777245,3.16168749066037e-05
296.6,9.999976177902338,10.000007794777245,3.16168749066037e-05
296.7,9.999976177902338,10.000007794777245,3.16168749066037e-05
296.8,9.999976177902338,10.000007794777245,3.16168749066037e-05
296.9,9.999976177902338,10.000007794777245,3.16168749066037e-05
297.0,9.999976177902338,10.000007794777245,3.16168749066037e-05
297.1,9.999976177902338,10.000007794777245,3.16168749066037e-05
297.2,9.999976177902338,10.000007794777245,3.16168749066037e-05
297.3,9.999976177902338,10.000007794777245,3.16168749066037e-05
297.4,9.999976177902338,10.000007794777245,3.16168749066037e-05
297.5,9.999976177902338,10.000007794777245,3.16168749066037e-05
297.6,9.999976177902338,10.000007794777245,3.16168749066037e-05
297.7,9.999976177902338,10.000007794777245,3.16168749066037e-05
297.8,9.999976177902338,10.000007794777245,3.16168749066037e-05
297.9,9.999976177902338,10.000007794777245,3.16168749066037e-05
298.0,9.999976177902338,10.000007794777245,3.16168749066037e-05
298.1,9.999976177902338,10.000007794777245,3.16168749066037e-05
298.2,9.999976177902338,10.000007794777245,3.16168749066037e-05
298.3,9.999976177902338,10.000007794777245,3.16168749066037e-05
298.4,9.999976177902338,10.000007794777245,3.16168749066037e-05
298.5,9.999976177902338,10.000007794777245,3.16168749066037e-05
298.6,9.999976177902338,10.000007794777245,3.16168749066037e-05
298.7,9.999976177902338,10.000007794777245,3.16168749066037e-05
298.8,9.999976177902338,10.000007794777245,3.16168749066037e-05
298.9,9.999976177902338,10.000007794777245,3.16168749066037e-05
299.0,9.999976177902338,10.000007794777245,3.16168749066037e-05
299.1,9.999976177902338,10.000007794777245,3.16168749066037e-05
299.2,9.999976177902338,10.000007794777245,3.16168749066037e-05
299.3,9.999976177902338,10.000007794777245,3.16168749066037e-05
299.4,9.999976177902338,10.000007794777245,3.16168749066037e-05
299.5,9.999976177902338,10.000007794777245,3.16168749066037e-05
299.6,9.999976177902338,10.000007794777245,3.16168749066037e-05
299.7,9.999976177902338,10.000007794777245,3.16168749066037e-05
299.8,9.999976177902338,10.000007794777245,3.16168749066037e-05
299.9,9.999976177902338,10.000007794777245,3.16168749066037e-05
300.0,9.999976177902338,10.000007794777245,3.16168749066037e-05
