tool,run_id,dx_um,dt_min,average_source,center_source,resolution_label,time_min,average_uM,center_uM
PhysiCell,PhysiCell_dx_20um,20.0,,mean over all voxels from microenvironment[4],mean over center voxels from microenvironment[4],voxel size=20 um,0.0,10.0,10.0
PhysiCell,PhysiCell_dx_20um,20.0,,mean over all voxels from microenvironment[4],mean over center voxels from microenvironment[4],voxel size=20 um,0.01,9.943032667704431,9.90066300049571
PhysiCell,PhysiCell_dx_20um,20.0,,mean over all voxels from microenvironment[4],mean over center voxels from microenvironment[4],voxel size=20 um,0.02,9.88813775073989,9.802312910201051
PhysiCell,PhysiCell_dx_20um,20.0,,mean over all voxels from microenvironment[4],mean over center voxels from microenvironment[4],voxel size=20 um,0.03,9.835193534040888,9.70494021207469
PhysiCell,PhysiCell_dx_20um,20.0,,mean over all voxels from microenvironment[4],mean over center voxels from microenvironment[4],voxel size=20 um,0.04,9.784089457824104,9.608535767846138
PhysiCell,PhysiCell_dx_20um,20.0,,mean over all voxels from microenvironment[4],mean over center voxels from microenvironment[4],voxel size=20 um,0.05,9.734724771126888,9.513090916416681
PhysiCell,PhysiCell_dx_20um,20.0,,mean over all voxels from microenvironment[4],mean over center voxels from microenvironment[4],voxel size=20 um,0.06,9.687007376154213,9.418597562410321
PhysiCell,PhysiCell_dx_20um,20.0,,mean over all voxels from microenvironment[4],mean over center voxels from microenvironment[4],voxel size=20 um,0.07,9.640852833272104,9.325048250353897
PhysiCell,PhysiCell_dx_20um,20.0,,mean over all voxels from microenvironment[4],mean over center voxels from microenvironment[4],voxel size=20 um,0.08,9.596183501686752,9.232436222106369
PhysiCell,PhysiCell_dx_20um,20.0,,mean over all voxels from microenvironment[4],mean over center voxels from microenvironment[4],voxel size=20 um,0.09,9.552927795081926,9.140755456702419
PhysiCell,PhysiCell_dx_20um,20.0,,mean over all voxels from microenvironment[4],mean over center voxels from microenvironment[4],voxel size=20 um,0.1,9.511019534946275,9.050000692861328
PhysiCell,PhysiCell_dx_20um,20.0,,mean over all voxels from microenvironment[4],mean over center voxels from microenvironment[4],voxel size=20 um,0.11,9.470397387157792,8.960167435147484
PhysiCell,PhysiCell_dx_20um,20.0,,mean over all voxels from microenvironment[4],mean over center voxels from microenvironment[4],voxel size=20 um,0.12,9.431004369726129,8.871251945239278
PhysiCell,PhysiCell_dx_20um,20.0,,mean over all voxels from microenvironment[4],mean over center voxels from microenvironment[4],voxel size=20 um,0.13,9.39278742151939,8.78325122003591
PhysiCell,PhysiCell_dx_20um,20.0,,mean over all voxels from microenvironment[4],mean over center voxels from microenvironment[4],voxel size=20 um,0.14,9.355697023397111,8.69616295845927
PhysiCell,PhysiCell_dx_20um,20.0,,mean over all voxels from microenvironment[4],mean over center voxels from microenvironment[4],voxel size=20 um,0.15,9.319686864496,8.609985518831087
PhysiCell,PhysiCell_dx_20um,20.0,,mean over all voxels from microenvironment[4],mean over center voxels from microenvironment[4],voxel size=20 um,0.16,9.284713547518901,8.52471786865519
PhysiCell,PhysiCell_dx_20um,20.0,,mean over all voxels from microenvironment[4],mean over center voxels from microenvironment[4],voxel size=20 um,0.17,9.25073632779965,8.440359528534863
PhysiCell,PhysiCell_dx_20um,20.0,,mean over all voxels from microenvironment[4],mean over center voxels from microenvironment[4],voxel size=20 um,0.18,9.217716881689308,8.356910511823664
PhysiCell,PhysiCell_dx_20um,20.0,,mean over all voxels from microenvironment[4],mean over center voxels from microenvironment[4],voxel size=20 um,0.19,9.185619100458258,8.27437126145834
PhysiCell,PhysiCell_dx_20um,20.0,,mean over all voxels from microenvironment[4],mean over center voxels from microenvironment[4],voxel size=20 um,0.2,9.154408906455439,8.192742585264277
PhysiCell,PhysiCell_dx_20um,20.0,,mean over all voxels from microenvironment[4],mean over center voxels from microenvironment[4],voxel size=20 um,0.21,9.124054088727625,8.112025590864498
PhysiCell,PhysiCell_dx_20um,20.0,,mean over all voxels from microenvironment[4],mean over center voxels from microenvironment[4],voxel size=20 um,0.22,9.094524155692245,8.032221621167722
PhysiCell,PhysiCell_dx_20um,20.0,,mean over all voxels from microenvironment[4],mean over center voxels from microenvironment[4],voxel size=20 um,0.23,9.06579020278884,7.9533321912625645
PhysiCell,PhysiCell_dx_20um,20.0,,mean over all voxels from microenvironment[4],mean over center voxels from microenvironment[4],voxel size=20 um,0.24,9.037824793316046,7.875358927406247
PhysiCell,PhysiCell_dx_20um,20.0,,mean over all voxels from microenvironment[4],mean over center voxels from microenvironment[4],voxel size=20 um,0.25,9.010601850901196,7.7983035086681625
PhysiCell,PhysiCell_dx_20um,20.0,,mean over all voxels from microenvironment[4],mean over center voxels from microenvironment[4],voxel size=20 um,0.26,8.984096562254825,7.722167611672331
PhysiCell,PhysiCell_dx_20um,20.0,,mean over all voxels from microenvironment[4],mean over center voxels from microenvironment[4],voxel size=20 um,0.27,8.958285289037974,7.646952858777998
PhysiCell,PhysiCell_dx_20um,20.0,,mean over all voxels from microenvironment[4],mean over center voxels from microenvironment[4],voxel size=20 um,0.28,8.933145487820752,7.572660769944586
PhysiCell,PhysiCell_dx_20um,20.0,,mean over all voxels from microenvironment[4],mean over center voxels from microenvironment[4],voxel size=20 um,0.29,8.908655637240173,7.499292718445234
PhysiCell,PhysiCell_dx_20um,20.0,,mean over all voxels from microenvironment[4],mean over center voxels from microenvironment[4],voxel size=20 um,0.3,8.884795171576634,7.426849890521679
PhysiCell,PhysiCell_dx_20um,20.0,,mean over all voxels from microenvironment[4],mean over center voxels from microenvironment[4],voxel size=20 um,0.31,8.86154442006471,7.355333249011908
PhysiCell,PhysiCell_dx_20um,20.0,,mean over all voxels from microenvironment[4],mean over center voxels from microenvironment[4],voxel size=20 um,0.32,8.838884551337069,7.2847435009294
PhysiCell,PhysiCell_dx_20um,20.0,,mean over all voxels from microenvironment[4],mean over center voxels from microenvironment[4],voxel size=20 um,0.33,8.816797522472324,7.215081068929022
PhysiCell,PhysiCell_dx_20um,20.0,,mean over all voxels from microenvironment[4],mean over center voxels from microenvironment[4],voxel size=20 um,0.34,8.795266032180228,7.146346066558055
PhysiCell,PhysiCell_dx_20um,20.0,,mean over all voxels from microenvironment[4],mean over center voxels from microenvironment[4],voxel size=20 um,0.35,8.774273477711926,7.0785382771613925
PhysiCell,PhysiCell_dx_20um,20.0,,mean over all voxels from microenvironment[4],mean over center voxels from microenvironment[4],voxel size=20 um,0.36,8.753803915130332,7.011657136286393
PhysiCell,PhysiCell_dx_20um,20.0,,mean over all voxels from microenvironment[4],mean over center voxels from microenvironment[4],voxel size=20 um,0.37,8.73384202261705,6.945701717414938
PhysiCell,PhysiCell_dx_20um,20.0,,mean over all voxels from microenvironment[4],mean over center voxels from microenvironment[4],voxel size=20 um,0.38,8.714373066528356,6.8806707208368065
PhysiCell,PhysiCell_dx_20um,20.0,,mean over all voxels from microenvironment[4],mean over center voxels from microenvironment[4],voxel size=20 um,0.39,8.695382869944405,6.816562465469514
PhysiCell,PhysiCell_dx_20um,20.0,,mean over all voxels from microenvironment[4],mean over center voxels from microenvironment[4],voxel size=20 um,0.4,8.676857783483513,6.75337488342405
PhysiCell,PhysiCell_dx_20um,20.0,,mean over all voxels from microenvironment[4],mean over center voxels from microenvironment[4],voxel size=20 um,0.41,8.658784658177861,6.69110551711363
PhysiCell,PhysiCell_dx_20um,20.0,,mean over all voxels from microenvironment[4],mean over center voxels from microenvironment[4],voxel size=20 um,0.42,8.641150820228354,6.629751518702618
PhysiCell,PhysiCell_dx_20um,20.0,,mean over all voxels from microenvironment[4],mean over center voxels from microenvironment[4],voxel size=20 um,0.43,8.623944047475257,6.569309651695199
PhysiCell,PhysiCell_dx_20um,20.0,,mean over all voxels from microenvironment[4],mean over center voxels from microenvironment[4],voxel size=20 um,0.44,8.60715254743808,6.509776294467495
PhysiCell,PhysiCell_dx_20um,20.0,,mean over all voxels from microenvironment[4],mean over center voxels from microenvironment[4],voxel size=20 um,0.45,8.590764936792814,6.451147445552492
PhysiCell,PhysiCell_dx_20um,20.0,,mean over all voxels from microenvironment[4],mean over center voxels from microenvironment[4],voxel size=20 um,0.46,8.574770222167846,6.393418730493939
PhysiCell,PhysiCell_dx_20um,20.0,,mean over all voxels from microenvironment[4],mean over center voxels from microenvironment[4],voxel size=20 um,0.47,8.559157782151418,6.336585410093143
PhysiCell,PhysiCell_dx_20um,20.0,,mean over all voxels from microenvironment[4],mean over center voxels from microenvironment[4],voxel size=20 um,0.48,8.543917350413922,6.28064238988102
PhysiCell,PhysiCell_dx_20um,20.0,,mean over all voxels from microenvironment[4],mean over center voxels from microenvironment[4],voxel size=20 um,0.49,8.529038999857423,6.225584230656635
PhysiCell,PhysiCell_dx_20um,20.0,,mean over all voxels from microenvironment[4],mean over center voxels from microenvironment[4],voxel size=20 um,0.5,8.514513127713105,6.171405159942741
PhysiCell,PhysiCell_dx_20um,20.0,,mean over all voxels from microenvironment[4],mean over center voxels from microenvironment[4],voxel size=20 um,0.51,8.500330441514615,6.118099084218201
PhysiCell,PhysiCell_dx_20um,20.0,,mean over all voxels from microenvironment[4],mean over center voxels from microenvironment[4],voxel size=20 um,0.52,8.486481945881813,6.0656596017965985
PhysiCell,PhysiCell_dx_20um,20.0,,mean over all voxels from microenvironment[4],mean over center voxels from microenvironment[4],voxel size=20 um,0.53,8.472958930055379,6.0140800162297445
PhysiCell,PhysiCell_dx_20um,20.0,,mean over all voxels from microenvironment[4],mean over center voxels from microenvironment[4],voxel size=20 um,0.54,8.45975295612793,5.963353350123982
PhysiCell,PhysiCell_dx_20um,20.0,,mean over all voxels from microenvironment[4],mean over center voxels from microenvironment[4],voxel size=20 um,0.55,8.446855847922066,5.913472359266197
PhysiCell,PhysiCell_dx_20um,20.0,,mean over all voxels from microenvironment[4],mean over center voxels from microenvironment[4],voxel size=20 um,0.56,8.434259680470007,5.864429546965149
PhysiCell,PhysiCell_dx_20um,20.0,,mean over all voxels from microenvironment[4],mean over center voxels from microenvironment[4],voxel size=20 um,0.57,8.421956770053319,5.81621717852214
PhysiCell,PhysiCell_dx_20um,20.0,,mean over all voxels from microenvironment[4],mean over center voxels from microenvironment[4],voxel size=20 um,0.58,8.409939664764739,5.768827295753057
PhysiCell,PhysiCell_dx_20um,20.0,,mean over all voxels from microenvironment[4],mean over center voxels from microenvironment[4],voxel size=20 um,0.59,8.398201135557102,5.722251731491457
PhysiCell,PhysiCell_dx_20um,20.0,,mean over all voxels from microenvironment[4],mean over center voxels from microenvironment[4],voxel size=20 um,0.6,8.386734167747406,5.676482124009648
PhysiCell,PhysiCell_dx_20um,20.0,,mean over all voxels from microenvironment[4],mean over center voxels from microenvironment[4],voxel size=20 um,0.61,8.3755319529464,5.631509931301515
PhysiCell,PhysiCell_dx_20um,20.0,,mean over all voxels from microenvironment[4],mean over center voxels from microenvironment[4],voxel size=20 um,0.62,8.36458788138655,5.587326445177261
PhysiCell,PhysiCell_dx_20um,20.0,,mean over all voxels from microenvironment[4],mean over center voxels from microenvironment[4],voxel size=20 um,0.63,8.353895534623327,5.543922805126276
PhysiCell,PhysiCell_dx_20um,20.0,,mean over all voxels from microenvironment[4],mean over center voxels from microenvironment[4],voxel size=20 um,0.64,8.343448678586592,5.5012900119099
PhysiCell,PhysiCell_dx_20um,20.0,,mean over all voxels from microenvironment[4],mean over center voxels from microenvironment[4],voxel size=20 um,0.65,8.333241256960743,5.459418940851072
PhysiCell,PhysiCell_dx_20um,20.0,,mean over all voxels from microenvironment[4],mean over center voxels from microenvironment[4],voxel size=20 um,0.66,8.323267384873764,5.418300354792656
PhysiCell,PhysiCell_dx_20um,20.0,,mean over all voxels from microenvironment[4],mean over center voxels from microenvironment[4],voxel size=20 um,0.67,8.313521342876811,5.3779249167006755
PhysiCell,PhysiCell_dx_20um,20.0,,mean over all voxels from microenvironment[4],mean over center voxels from microenvironment[4],voxel size=20 um,0.68,8.303997571197357,5.338283201892753
PhysiCell,PhysiCell_dx_20um,20.0,,mean over all voxels from microenvironment[4],mean over center voxels from microenvironment[4],voxel size=20 um,0.69,8.294690664250021,5.29936570987578
PhysiCell,PhysiCell_dx_20um,20.0,,mean over all voxels from microenvironment[4],mean over center voxels from microenvironment[4],voxel size=20 um,0.7,8.285595365390447,5.261162875780259
PhysiCell,PhysiCell_dx_20um,20.0,,mean over all voxels from microenvironment[4],mean over center voxels from microenvironment[4],voxel size=20 um,0.71,8.27670656189849,5.223665081381824
PhysiCell,PhysiCell_dx_20um,20.0,,mean over all voxels from microenvironment[4],mean over center voxels from microenvironment[4],voxel size=20 um,0.72,8.26801928017806,5.186862665703256
PhysiCell,PhysiCell_dx_20um,20.0,,mean over all voxels from microenvironment[4],mean over center voxels from microenvironment[4],voxel size=20 um,0.73,8.259528681161672,5.150745935192843
PhysiCell,PhysiCell_dx_20um,20.0,,mean over all voxels from microenvironment[4],mean over center voxels from microenvironment[4],voxel size=20 um,0.74,8.251230055908673,5.115305173477169
PhysiCell,PhysiCell_dx_20um,20.0,,mean over all voxels from microenvironment[4],mean over center voxels from microenvironment[4],voxel size=20 um,0.75,8.243118821386808,5.08053065068847
PhysiCell,PhysiCell_dx_20um,20.0,,mean over all voxels from microenvironment[4],mean over center voxels from microenvironment[4],voxel size=20 um,0.76,8.235190516427402,5.046412632368461
PhysiCell,PhysiCell_dx_20um,20.0,,mean over all voxels from microenvironment[4],mean over center voxels from microenvironment[4],voxel size=20 um,0.77,8.227440797845174,5.012941387952164
PhysiCell,PhysiCell_dx_20um,20.0,,mean over all voxels from microenvironment[4],mean over center voxels from microenvironment[4],voxel size=20 um,0.78,8.219865436714198,4.980107198836631
PhysiCell,PhysiCell_dx_20um,20.0,,mean over all voxels from microenvironment[4],mean over center voxels from microenvironment[4],voxel size=20 um,0.79,8.212460314791999,4.947900366040695
PhysiCell,PhysiCell_dx_20um,20.0,,mean over all voxels from microenvironment[4],mean over center voxels from microenvironment[4],voxel size=20 um,0.8,8.205221421084492,4.916311217462948
PhysiCell,PhysiCell_dx_20um,20.0,,mean over all voxels from microenvironment[4],mean over center voxels from microenvironment[4],voxel size=20 um,0.81,8.198144848544574,4.885330114746013
PhysiCell,PhysiCell_dx_20um,20.0,,mean over all voxels from microenvironment[4],mean over center voxels from microenvironment[4],voxel size=20 um,0.82,8.191226790898009,4.8549474597560005
PhysiCell,PhysiCell_dx_20um,20.0,,mean over all voxels from microenvironment[4],mean over center voxels from microenvironment[4],voxel size=20 um,0.83,8.184463539590269,4.82515370068663
PhysiCell,PhysiCell_dx_20um,20.0,,mean over all voxels from microenvironment[4],mean over center voxels from microenvironment[4],voxel size=20 um,0.84,8.177851480848624,4.795939337798092
PhysiCell,PhysiCell_dx_20um,20.0,,mean over all voxels from microenvironment[4],mean over center voxels from microenvironment[4],voxel size=20 um,0.85,8.17138709285397,4.767294928801081
PhysiCell,PhysiCell_dx_20um,20.0,,mean over all voxels from microenvironment[4],mean over center voxels from microenvironment[4],voxel size=20 um,0.86,8.165066943017257,4.7392110938968175
PhysiCell,PhysiCell_dx_20um,20.0,,mean over all voxels from microenvironment[4],mean over center voxels from microenvironment[4],voxel size=20 um,0.87,8.158887685355662,4.711678520484123
PhysiCell,PhysiCell_dx_20um,20.0,,mean over all voxels from microenvironment[4],mean over center voxels from microenvironment[4],voxel size=20 um,0.88,8.152846057963938,4.684687967544761
PhysiCell,PhysiCell_dx_20um,20.0,,mean over all voxels from microenvironment[4],mean over center voxels from microenvironment[4],voxel size=20 um,0.89,8.14693888057657,4.65823026971839
PhysiCell,PhysiCell_dx_20um,20.0,,mean over all voxels from microenvironment[4],mean over center voxels from microenvironment[4],voxel size=20 um,0.9,8.141163052216724,4.632296341078518
PhysiCell,PhysiCell_dx_20um,20.0,,mean over all voxels from microenvironment[4],mean over center voxels from microenvironment[4],voxel size=20 um,0.91,8.135515548928064,4.606877178620828
PhysiCell,PhysiCell_dx_20um,20.0,,mean over all voxels from microenvironment[4],mean over center voxels from microenvironment[4],voxel size=20 um,0.92,8.129993421585818,4.581963865475224
PhysiCell,PhysiCell_dx_20um,20.0,,mean over all voxels from microenvironment[4],mean over center voxels from microenvironment[4],voxel size=20 um,0.93,8.124593793783644,4.557547573852802
PhysiCell,PhysiCell_dx_20um,20.0,,mean over all voxels from microenvironment[4],mean over center voxels from microenvironment[4],voxel size=20 um,0.94,8.119313859792998,4.5336195677388895
PhysiCell,PhysiCell_dx_20um,20.0,,mean over all voxels from microenvironment[4],mean over center voxels from microenvironment[4],voxel size=20 um,0.95,8.114150882591915,4.510171205343073
PhysiCell,PhysiCell_dx_20um,20.0,,mean over all voxels from microenvironment[4],mean over center voxels from microenvironment[4],voxel size=20 um,0.96,8.109102191960293,4.487193941316977
PhysiCell,PhysiCell_dx_20um,20.0,,mean over all voxels from microenvironment[4],mean over center voxels from microenvironment[4],voxel size=20 um,0.97,8.10416518263884,4.464679328750343
PhysiCell,PhysiCell_dx_20um,20.0,,mean over all voxels from microenvironment[4],mean over center voxels from microenvironment[4],voxel size=20 um,0.98,8.09933731254908,4.44261902095573
PhysiCell,PhysiCell_dx_20um,20.0,,mean over all voxels from microenvironment[4],mean over center voxels from microenvironment[4],voxel size=20 um,0.99,8.094616101071908,4.421004773051901
PhysiCell,PhysiCell_dx_20um,20.0,,mean over all voxels from microenvironment[4],mean over center voxels from microenvironment[4],voxel size=20 um,1.0,8.089999127382272,4.399828443355703
PhysiCell,PhysiCell_dx_20um,20.0,,mean over all voxels from microenvironment[4],mean over center voxels from microenvironment[4],voxel size=20 um,1.01,8.085484028837763,4.379081994591991
PhysiCell,PhysiCell_dx_20um,20.0,,mean over all voxels from microenvironment[4],mean over center voxels from microenvironment[4],voxel size=20 um,1.02,8.08106849941892,4.358757494930858
PhysiCell,PhysiCell_dx_20um,20.0,,mean over all voxels from microenvironment[4],mean over center voxels from microenvironment[4],voxel size=20 um,1.03,8.076750288219227,4.338847118861135
PhysiCell,PhysiCell_dx_20um,20.0,,mean over all voxels from microenvironment[4],mean over center voxels from microenvironment[4],voxel size=20 um,1.04,8.072527197982819,4.319343147908874
PhysiCell,PhysiCell_dx_20um,20.0,,mean over all voxels from microenvironment[4],mean over center voxels from microenvironment[4],voxel size=20 um,1.05,8.068397083688087,4.300237971209208
PhysiCell,PhysiCell_dx_20um,20.0,,mean over all voxels from microenvironment[4],mean over center voxels from microenvironment[4],voxel size=20 um,1.06,8.064357851175362,4.281524085939672
PhysiCell,PhysiCell_dx_20um,20.0,,mean over all voxels from microenvironment[4],mean over center voxels from microenvironment[4],voxel size=20 um,1.07,8.06040745581702,4.263194097622846
PhysiCell,PhysiCell_dx_20um,20.0,,mean over all voxels from microenvironment[4],mean over center voxels from microenvironment[4],voxel size=20 um,1.08,8.05654390122839,4.245240720305817
PhysiCell,PhysiCell_dx_20um,20.0,,mean over all voxels from microenvironment[4],mean over center voxels from microenvironment[4],voxel size=20 um,1.09,8.052765238017946,4.2276567766237045
PhysiCell,PhysiCell_dx_20um,20.0,,mean over all voxels from microenvironment[4],mean over center voxels from microenvironment[4],voxel size=20 um,1.1,8.04906956257529,4.2104351977542285
PhysiCell,PhysiCell_dx_20um,20.0,,mean over all voxels from microenvironment[4],mean over center voxels from microenvironment[4],voxel size=20 um,1.11,8.04545501589556,4.193569023269972
PhysiCell,PhysiCell_dx_20um,20.0,,mean over all voxels from microenvironment[4],mean over center voxels from microenvironment[4],voxel size=20 um,1.12,8.041919782438914,4.177051400894757
PhysiCell,PhysiCell_dx_20um,20.0,,mean over all voxels from microenvironment[4],mean over center voxels from microenvironment[4],voxel size=20 um,1.13,8.0384620890238,4.1608755861702775
PhysiCell,PhysiCell_dx_20um,20.0,,mean over all voxels from microenvironment[4],mean over center voxels from microenvironment[4],voxel size=20 um,1.14,8.035080203752834,4.1450349420388415
PhysiCell,PhysiCell_dx_20um,20.0,,mean over all voxels from microenvironment[4],mean over center voxels from microenvironment[4],voxel size=20 um,1.15,8.031772434970076,4.129522938347866
PhysiCell,PhysiCell_dx_20um,20.0,,mean over all voxels from microenvironment[4],mean over center voxels from microenvironment[4],voxel size=20 um,1.16,8.028537130248635,4.114333151281454
PhysiCell,PhysiCell_dx_20um,20.0,,mean over all voxels from microenvironment[4],mean over center voxels from microenvironment[4],voxel size=20 um,1.17,8.02537267540747,4.099459262724228
PhysiCell,PhysiCell_dx_20um,20.0,,mean over all voxels from microenvironment[4],mean over center voxels from microenvironment[4],voxel size=20 um,1.18,8.022277493556466,4.084895059562257
PhysiCell,PhysiCell_dx_20um,20.0,,mean over all voxels from microenvironment[4],mean over center voxels from microenvironment[4],voxel size=20 um,1.19,8.019250044168698,4.070634432925764
PhysiCell,PhysiCell_dx_20um,20.0,,mean over all voxels from microenvironment[4],mean over center voxels from microenvironment[4],voxel size=20 um,1.2,8.016288822179042,4.056671377378042
PhysiCell,PhysiCell_dx_20um,20.0,,mean over all voxels from microenvironment[4],mean over center voxels from microenvironment[4],voxel size=20 um,1.21,8.013392357108161,4.042999990054806
PhysiCell,PhysiCell_dx_20um,20.0,,mean over all voxels from microenvironment[4],mean over center voxels from microenvironment[4],voxel size=20 um,1.22,8.010559212211053,4.029614469757984
PhysiCell,PhysiCell_dx_20um,20.0,,mean over all voxels from microenvironment[4],mean over center voxels from microenvironment[4],voxel size=20 um,1.23,8.007787983649346,4.0165091160077715
PhysiCell,PhysiCell_dx_20um,20.0,,mean over all voxels from microenvironment[4],mean over center voxels from microenvironment[4],voxel size=20 um,1.24,8.005077299686478,4.003678328056569
PhysiCell,PhysiCell_dx_20um,20.0,,mean over all voxels from microenvironment[4],mean over center voxels from microenvironment[4],voxel size=20 um,1.25,8.002425819905104,3.9911166038682353
PhysiCell,PhysiCell_dx_20um,20.0,,mean over all voxels from microenvironment[4],mean over center voxels from microenvironment[4],voxel size=20 um,1.26,7.999832234445909,3.978818539065914
PhysiCell,PhysiCell_dx_20um,20.0,,mean over all voxels from microenvironment[4],mean over center voxels from microenvironment[4],voxel size=20 um,1.27,7.997295263267203,3.966778825851521
PhysiCell,PhysiCell_dx_20um,20.0,,mean over all voxels from microenvironment[4],mean over center voxels from microenvironment[4],voxel size=20 um,1.28,7.994813655424564,3.9549922518998204
PhysiCell,PhysiCell_dx_20um,20.0,,mean over all voxels from microenvironment[4],mean over center voxels from microenvironment[4],voxel size=20 um,1.29,7.992386188369935,3.9434536992298264
PhysiCell,PhysiCell_dx_20um,20.0,,mean over all voxels from microenvironment[4],mean over center voxels from microenvironment[4],voxel size=20 um,1.3,7.990011667269527,3.9321581430561827
PhysiCell,PhysiCell_dx_20um,20.0,,mean over all voxels from microenvironment[4],mean over center voxels from microenvironment[4],voxel size=20 um,1.31,7.987688924339929,3.9211006506229356
PhysiCell,PhysiCell_dx_20um,20.0,,mean over all voxels from microenvironment[4],mean over center voxels from microenvironment[4],voxel size=20 um,1.32,7.985416818201881,3.9102763800220703
PhysiCell,PhysiCell_dx_20um,20.0,,mean over all voxels from microenvironment[4],mean over center voxels from microenvironment[4],voxel size=20 um,1.33,7.98319423325112,3.8996805789989764
PhysiCell,PhysiCell_dx_20um,20.0,,mean over all voxels from microenvironment[4],mean over center voxels from microenvironment[4],voxel size=20 um,1.34,7.981020079045805,3.8893085837469177
PhysiCell,PhysiCell_dx_20um,20.0,,mean over all voxels from microenvironment[4],mean over center voxels from microenvironment[4],voxel size=20 um,1.35,7.978893289709977,3.8791558176924466
PhysiCell,PhysiCell_dx_20um,20.0,,mean over all voxels from microenvironment[4],mean over center voxels from microenvironment[4],voxel size=20 um,1.36,7.976812823352607,3.8692177902735967
PhysiCell,PhysiCell_dx_20um,20.0,,mean over all voxels from microenvironment[4],mean over center voxels from microenvironment[4],voxel size=20 um,1.37,7.974777661501695,3.8594900957125624
PhysiCell,PhysiCell_dx_20um,20.0,,mean over all voxels from microenvironment[4],mean over center voxels from microenvironment[4],voxel size=20 um,1.38,7.972786808553034,3.849968411784478
PhysiCell,PhysiCell_dx_20um,20.0,,mean over all voxels from microenvironment[4],mean over center voxels from microenvironment[4],voxel size=20 um,1.39,7.970839291233147,3.8406484985838105
PhysiCell,PhysiCell_dx_20um,20.0,,mean over all voxels from microenvironment[4],mean over center voxels from microenvironment[4],voxel size=20 um,1.4,7.968934158076011,3.831526197289779
PhysiCell,PhysiCell_dx_20um,20.0,,mean over all voxels from microenvironment[4],mean over center voxels from microenvironment[4],voxel size=20 um,1.41,7.967070478913114,3.8225974289321156
PhysiCell,PhysiCell_dx_20um,20.0,,mean over all voxels from microenvironment[4],mean over center voxels from microenvironment[4],voxel size=20 um,1.42,7.96524734437652,3.8138581931584117
PhysiCell,PhysiCell_dx_20um,20.0,,mean over all voxels from microenvironment[4],mean over center voxels from microenvironment[4],voxel size=20 um,1.43,7.963463865414484,3.8053045670042023
PhysiCell,PhysiCell_dx_20um,20.0,,mean over all voxels from microenvironment[4],mean over center voxels from microenvironment[4],voxel size=20 um,1.44,7.96171917281932,3.796932703666857
PhysiCell,PhysiCell_dx_20um,20.0,,mean over all voxels from microenvironment[4],mean over center voxels from microenvironment[4],voxel size=20 um,1.45,7.960012416767108,3.788738831284277
PhysiCell,PhysiCell_dx_20um,20.0,,mean over all voxels from microenvironment[4],mean over center voxels from microenvironment[4],voxel size=20 um,1.46,7.958342766368971,3.780719251719332
PhysiCell,PhysiCell_dx_20um,20.0,,mean over all voxels from microenvironment[4],mean over center voxels from microenvironment[4],voxel size=20 um,1.47,7.956709409233498,3.7728703393508938
PhysiCell,PhysiCell_dx_20um,20.0,,mean over all voxels from microenvironment[4],mean over center voxels from microenvironment[4],voxel size=20 um,1.48,7.955111551040091,3.765188539872262
PhysiCell,PhysiCell_dx_20um,20.0,,mean over all voxels from microenvironment[4],mean over center voxels from microenvironment[4],voxel size=20 um,1.49,7.953548415122869,3.757670369097724
PhysiCell,PhysiCell_dx_20um,20.0,,mean over all voxels from microenvironment[4],mean over center voxels from microenvironment[4],voxel size=20 um,1.5,7.952019242064835,3.7503124117779216
PhysiCell,PhysiCell_dx_20um,20.0,,mean over all voxels from microenvironment[4],mean over center voxels from microenvironment[4],voxel size=20 um,1.51,7.950523289302058,3.743111320424654
PhysiCell,PhysiCell_dx_20um,20.0,,mean over all voxels from microenvironment[4],mean over center voxels from microenvironment[4],voxel size=20 um,1.52,7.949059830737544,3.736063814145689
PhysiCell,PhysiCell_dx_20um,20.0,,mean over all voxels from microenvironment[4],mean over center voxels from microenvironment[4],voxel size=20 um,1.53,7.947628156364558,3.729166677490097
PhysiCell,PhysiCell_dx_20um,20.0,,mean over all voxels from microenvironment[4],mean over center voxels from microenvironment[4],voxel size=20 um,1.54,7.946227571899134,3.7224167593046125
PhysiCell,PhysiCell_dx_20um,20.0,,mean over all voxels from microenvironment[4],mean over center voxels from microenvironment[4],voxel size=20 um,1.55,7.944857398421507,3.715810971601425
PhysiCell,PhysiCell_dx_20um,20.0,,mean over all voxels from microenvironment[4],mean over center voxels from microenvironment[4],voxel size=20 um,1.56,7.943516972026246,3.7093462884378217
PhysiCell,PhysiCell_dx_20um,20.0,,mean over all voxels from microenvironment[4],mean over center voxels from microenvironment[4],voxel size=20 um,1.57,7.942205643480825,3.7030197448080133
PhysiCell,PhysiCell_dx_20um,20.0,,mean over all voxels from microenvironment[4],mean over center voxels from microenvironment[4],voxel size=20 um,1.58,7.940922777892439,3.6968284355474816
PhysiCell,PhysiCell_dx_20um,20.0,,mean over all voxels from microenvironment[4],mean over center voxels from microenvironment[4],voxel size=20 um,1.59,7.939667754382807,3.690769514250122
PhysiCell,PhysiCell_dx_20um,20.0,,mean over all voxels from microenvironment[4],mean over center voxels from microenvironment[4],voxel size=20 um,1.6,7.93843996577078,3.6848401921984366
PhysiCell,PhysiCell_dx_20um,20.0,,mean over all voxels from microenvironment[4],mean over center voxels from microenvironment[4],voxel size=20 um,1.61,7.937238818262533,3.6790377373069907
PhysiCell,PhysiCell_dx_20um,20.0,,mean over all voxels from microenvironment[4],mean over center voxels from microenvironment[4],voxel size=20 um,1.62,7.93606373114913,3.673359473079345
PhysiCell,PhysiCell_dx_20um,20.0,,mean over all voxels from microenvironment[4],mean over center voxels from microenvironment[4],voxel size=20 um,1.63,7.9349141365112965,3.6678027775786046
PhysiCell,PhysiCell_dx_20um,20.0,,mean over all voxels from microenvironment[4],mean over center voxels from microenvironment[4],voxel size=20 um,1.64,7.933789478931178,3.6623650824117395
PhysiCell,PhysiCell_dx_20um,20.0,,mean over all voxels from microenvironment[4],mean over center voxels from microenvironment[4],voxel size=20 um,1.65,7.932689215210932,3.657043871727793
PhysiCell,PhysiCell_dx_20um,20.0,,mean over all voxels from microenvironment[4],mean over center voxels from microenvironment[4],voxel size=20 um,1.66,7.9316128140979485,3.651836681230063
PhysiCell,PhysiCell_dx_20um,20.0,,mean over all voxels from microenvironment[4],mean over center voxels from microenvironment[4],voxel size=20 um,1.67,7.930559756016555,3.6467410972023386
PhysiCell,PhysiCell_dx_20um,20.0,,mean over all voxels from microenvironment[4],mean over center voxels from microenvironment[4],voxel size=20 um,1.68,7.929529532806012,3.6417547555492393
PhysiCell,PhysiCell_dx_20um,20.0,,mean over all voxels from microenvironment[4],mean over center voxels from microenvironment[4],voxel size=20 um,1.69,7.928521647464667,3.636875340850694
PhysiCell,PhysiCell_dx_20um,20.0,,mean over all voxels from microenvironment[4],mean over center voxels from microenvironment[4],voxel size=20 um,1.7,7.927535613900071,3.6321005854305763
PhysiCell,PhysiCell_dx_20um,20.0,,mean over all voxels from microenvironment[4],mean over center voxels from microenvironment[4],voxel size=20 um,1.71,7.9265709566849605,3.627428268439497
PhysiCell,PhysiCell_dx_20um,20.0,,mean over all voxels from microenvironment[4],mean over center voxels from microenvironment[4],voxel size=20 um,1.72,7.925627210818889,3.622856214951749
PhysiCell,PhysiCell_dx_20um,20.0,,mean over all voxels from microenvironment[4],mean over center voxels from microenvironment[4],voxel size=20 um,1.73,7.924703921495434,3.618382295076363
PhysiCell,PhysiCell_dx_20um,20.0,,mean over all voxels from microenvironment[4],mean over center voxels from microenvironment[4],voxel size=20 um,1.74,7.923800643874777,3.6140044230822457
PhysiCell,PhysiCell_dx_20um,20.0,,mean over all voxels from microenvironment[4],mean over center voxels from microenvironment[4],voxel size=20 um,1.75,7.922916942861575,3.6097205565373454
PhysiCell,PhysiCell_dx_20um,20.0,,mean over all voxels from microenvironment[4],mean over center voxels from microenvironment[4],voxel size=20 um,1.76,7.922052392887954,3.6055286954617807
PhysiCell,PhysiCell_dx_20um,20.0,,mean over all voxels from microenvironment[4],mean over center voxels from microenvironment[4],voxel size=20 um,1.77,7.921206577701516,3.6014268814948593
PhysiCell,PhysiCell_dx_20um,20.0,,mean over all voxels from microenvironment[4],mean over center voxels from microenvironment[4],voxel size=20 um,1.78,7.920379090158226,3.5974131970759
PhysiCell,PhysiCell_dx_20um,20.0,,mean over all voxels from microenvironment[4],mean over center voxels from microenvironment[4],voxel size=20 um,1.79,7.919569532020065,3.5934857646387814
PhysiCell,PhysiCell_dx_20um,20.0,,mean over all voxels from microenvironment[4],mean over center voxels from microenvironment[4],voxel size=20 um,1.8,7.918777513757336,3.5896427458200963
PhysiCell,PhysiCell_dx_20um,20.0,,mean over all voxels from microenvironment[4],mean over center voxels from microenvironment[4],voxel size=20 um,1.81,7.918002654355477,3.585882340680814
PhysiCell,PhysiCell_dx_20um,20.0,,mean over all voxels from microenvironment[4],mean over center voxels from microenvironment[4],voxel size=20 um,1.82,7.91724458112633,3.5822027869413504
PhysiCell,PhysiCell_dx_20um,20.0,,mean over all voxels from microenvironment[4],mean over center voxels from microenvironment[4],voxel size=20 um,1.83,7.916502929523698,3.578602359229896
PhysiCell,PhysiCell_dx_20um,20.0,,mean over all voxels from microenvironment[4],mean over center voxels from microenvironment[4],voxel size=20 um,1.84,7.915777342963119,3.575079368343904
PhysiCell,PhysiCell_dx_20um,20.0,,mean over all voxels from microenvironment[4],mean over center voxels from microenvironment[4],voxel size=20 um,1.85,7.915067472645741,3.5716321605245875
PhysiCell,PhysiCell_dx_20um,20.0,,mean over all voxels from microenvironment[4],mean over center voxels from microenvironment[4],voxel size=20 um,1.86,7.914372977386215,3.5682591167443034
PhysiCell,PhysiCell_dx_20um,20.0,,mean over all voxels from microenvironment[4],mean over center voxels from microenvironment[4],voxel size=20 um,1.87,7.913693523444482,3.5649586520066765
PhysiCell,PhysiCell_dx_20um,20.0,,mean over all voxels from microenvironment[4],mean over center voxels from microenvironment[4],voxel size=20 um,1.88,7.913028784361395,3.5617292146593247
PhysiCell,PhysiCell_dx_20um,20.0,,mean over all voxels from microenvironment[4],mean over center voxels from microenvironment[4],voxel size=20 um,1.89,7.9123784407980535,3.5585692857190234
PhysiCell,PhysiCell_dx_20um,20.0,,mean over all voxels from microenvironment[4],mean over center voxels from microenvironment[4],voxel size=20 um,1.9,7.91174218037877,3.555477378209183
PhysiCell,PhysiCell_dx_20um,20.0,,mean over all voxels from microenvironment[4],mean over center voxels from microenvironment[4],voxel size=20 um,1.91,7.911119697537597,3.5524520365094694
PhysiCell,PhysiCell_dx_20um,20.0,,mean over all voxels from microenvironment[4],mean over center voxels from microenvironment[4],voxel size=20 um,1.92,7.910510693368316,3.5494918357174163
PhysiCell,PhysiCell_dx_20um,20.0,,mean over all voxels from microenvironment[4],mean over center voxels from microenvironment[4],voxel size=20 um,1.93,7.909914875477803,3.5465953810218758
PhysiCell,PhysiCell_dx_20um,20.0,,mean over all voxels from microenvironment[4],mean over center voxels from microenvironment[4],voxel size=20 um,1.94,7.909331957842694,3.543761307088142
PhysiCell,PhysiCell_dx_20um,20.0,,mean over all voxels from microenvironment[4],mean over center voxels from microenvironment[4],voxel size=20 um,1.95,7.908761660669291,3.540988277454601
PhysiCell,PhysiCell_dx_20um,20.0,,mean over all voxels from microenvironment[4],mean over center voxels from microenvironment[4],voxel size=20 um,1.96,7.908203710256599,3.538274983940725
PhysiCell,PhysiCell_dx_20um,20.0,,mean over all voxels from microenvironment[4],mean over center voxels from microenvironment[4],voxel size=20 um,1.97,7.907657838862443,3.535620146066274
PhysiCell,PhysiCell_dx_20um,20.0,,mean over all voxels from microenvironment[4],mean over center voxels from microenvironment[4],voxel size=20 um,1.98,7.9071237845725895,3.5330225104815183
PhysiCell,PhysiCell_dx_20um,20.0,,mean over all voxels from microenvironment[4],mean over center voxels from microenvironment[4],voxel size=20 um,1.99,7.906601291172801,3.5304808504083423
PhysiCell,PhysiCell_dx_20um,20.0,,mean over all voxels from microenvironment[4],mean over center voxels from microenvironment[4],voxel size=20 um,2.0,7.906090108023738,3.5279939650920413
PhysiCell,PhysiCell_dx_20um,20.0,,mean over all voxels from microenvironment[4],mean over center voxels from microenvironment[4],voxel size=20 um,2.01,7.905589989938695,3.5255606792636716
PhysiCell,PhysiCell_dx_20um,20.0,,mean over all voxels from microenvironment[4],mean over center voxels from microenvironment[4],voxel size=20 um,2.02,7.905100697064013,3.5231798426127745
PhysiCell,PhysiCell_dx_20um,20.0,,mean over all voxels from microenvironment[4],mean over center voxels from microenvironment[4],voxel size=20 um,2.03,7.904621994762213,3.5208503292703255
PhysiCell,PhysiCell_dx_20um,20.0,,mean over all voxels from microenvironment[4],mean over center voxels from microenvironment[4],voxel size=20 um,2.04,7.904153653497705,3.5185710373017245
PhysiCell,PhysiCell_dx_20um,20.0,,mean over all voxels from microenvironment[4],mean over center voxels from microenvironment[4],voxel size=20 um,2.05,7.903695448725048,3.516340888209699
PhysiCell,PhysiCell_dx_20um,20.0,,mean over all voxels from microenvironment[4],mean over center voxels from microenvironment[4],voxel size=20 um,2.06,7.903247160779709,3.5141588264469235
PhysiCell,PhysiCell_dx_20um,20.0,,mean over all voxels from microenvironment[4],mean over center voxels from microenvironment[4],voxel size=20 um,2.07,7.902808574771231,3.512023818938215
PhysiCell,PhysiCell_dx_20um,20.0,,mean over all voxels from microenvironment[4],mean over center voxels from microenvironment[4],voxel size=20 um,2.08,7.9023794804788,3.509934854612156
PhysiCell,PhysiCell_dx_20um,20.0,,mean over all voxels from microenvironment[4],mean over center voxels from microenvironment[4],voxel size=20 um,2.09,7.901959672249104,3.5078909439419528
PhysiCell,PhysiCell_dx_20um,20.0,,mean over all voxels from microenvironment[4],mean over center voxels from microenvironment[4],voxel size=20 um,2.1,7.901548948896486,3.505891118495404
PhysiCell,PhysiCell_dx_20um,20.0,,mean over all voxels from microenvironment[4],mean over center voxels from microenvironment[4],voxel size=20 um,2.11,7.901147113605288,3.503934430493814
PhysiCell,PhysiCell_dx_20um,20.0,,mean over all voxels from microenvironment[4],mean over center voxels from microenvironment[4],voxel size=20 um,2.12,7.900753973834367,3.5020199523796913
PhysiCell,PhysiCell_dx_20um,20.0,,mean over all voxels from microenvironment[4],mean over center voxels from microenvironment[4],voxel size=20 um,2.13,7.900369341223739,3.5001467763930814
PhysiCell,PhysiCell_dx_20um,20.0,,mean over all voxels from microenvironment[4],mean over center voxels from microenvironment[4],voxel size=20 um,2.14,7.899993031503255,3.498314014156393
PhysiCell,PhysiCell_dx_20um,20.0,,mean over all voxels from microenvironment[4],mean over center voxels from microenvironment[4],voxel size=20 um,2.15,7.899624864403345,3.4965207962675473
PhysiCell,PhysiCell_dx_20um,20.0,,mean over all voxels from microenvironment[4],mean over center voxels from microenvironment[4],voxel size=20 um,2.16,7.899264663567678,3.494766271901324
PhysiCell,PhysiCell_dx_20um,20.0,,mean over all voxels from microenvironment[4],mean over center voxels from microenvironment[4],voxel size=20 um,2.17,7.898912256467801,3.4930496084187435
PhysiCell,PhysiCell_dx_20um,20.0,,mean over all voxels from microenvironment[4],mean over center voxels from microenvironment[4],voxel size=20 um,2.18,7.898567474319629,3.491369990984344
PhysiCell,PhysiCell_dx_20um,20.0,,mean over all voxels from microenvironment[4],mean over center voxels from microenvironment[4],voxel size=20 um,2.19,7.8982301520018,3.4897266221912115
PhysiCell,PhysiCell_dx_20um,20.0,,mean over all voxels from microenvironment[4],mean over center voxels from microenvironment[4],voxel size=20 um,2.2,7.897900127975807,3.4881187216936196
PhysiCell,PhysiCell_dx_20um,20.0,,mean over all voxels from microenvironment[4],mean over center voxels from microenvironment[4],voxel size=20 um,2.21,7.89757724420791,3.4865455258471365
PhysiCell,PhysiCell_dx_20um,20.0,,mean over all voxels from microenvironment[4],mean over center voxels from microenvironment[4],voxel size=20 um,2.22,7.897261346092759,3.4850062873560708
PhysiCell,PhysiCell_dx_20um,20.0,,mean over all voxels from microenvironment[4],mean over center voxels from microenvironment[4],voxel size=20 um,2.23,7.896952282378697,3.48350027492811
PhysiCell,PhysiCell_dx_20um,20.0,,mean over all voxels from microenvironment[4],mean over center voxels from microenvironment[4],voxel size=20 um,2.24,7.896649905094707,3.482026772936018
PhysiCell,PhysiCell_dx_20um,20.0,,mean over all voxels from microenvironment[4],mean over center voxels from microenvironment[4],voxel size=20 um,2.25,7.8963540694789724,3.480585081086268
PhysiCell,PhysiCell_dx_20um,20.0,,mean over all voxels from microenvironment[4],mean over center voxels from microenvironment[4],voxel size=20 um,2.26,7.896064633908993,3.479174514094471
PhysiCell,PhysiCell_dx_20um,20.0,,mean over all voxels from microenvironment[4],mean over center voxels from microenvironment[4],voxel size=20 um,2.27,7.895781459833256,3.477794401367471
PhysiCell,PhysiCell_dx_20um,20.0,,mean over all voxels from microenvironment[4],mean over center voxels from microenvironment[4],voxel size=20 um,2.28,7.895504411704389,3.476444086691993
PhysiCell,PhysiCell_dx_20um,20.0,,mean over all voxels from microenvironment[4],mean over center voxels from microenvironment[4],voxel size=20 um,2.29,7.895233356913787,3.4751229279296973
PhysiCell,PhysiCell_dx_20um,20.0,,mean over all voxels from microenvironment[4],mean over center voxels from microenvironment[4],voxel size=20 um,2.3,7.894968165727679,3.4738302967185355
PhysiCell,PhysiCell_dx_20um,20.0,,mean over all voxels from microenvironment[4],mean over center voxels from microenvironment[4],voxel size=20 um,2.31,7.894708711224593,3.472565578180279
PhysiCell,PhysiCell_dx_20um,20.0,,mean over all voxels from microenvironment[4],mean over center voxels from microenvironment[4],voxel size=20 um,2.32,7.894454869234185,3.471328170634107
PhysiCell,PhysiCell_dx_20um,20.0,,mean over all voxels from microenvironment[4],mean over center voxels from microenvironment[4],voxel size=20 um,2.33,7.8942065182774215,3.470117485316118
PhysiCell,PhysiCell_dx_20um,20.0,,mean over all voxels from microenvironment[4],mean over center voxels from microenvironment[4],voxel size=20 um,2.34,7.8939635395080545,3.4689329461046747
PhysiCell,PhysiCell_dx_20um,20.0,,mean over all voxels from microenvironment[4],mean over center voxels from microenvironment[4],voxel size=20 um,2.35,7.8937258166554045,3.467773989251455
PhysiCell,PhysiCell_dx_20um,20.0,,mean over all voxels from microenvironment[4],mean over center voxels from microenvironment[4],voxel size=20 um,2.36,7.893493235968367,3.466640063118092
PhysiCell,PhysiCell_dx_20um,20.0,,mean over all voxels from microenvironment[4],mean over center voxels from microenvironment[4],voxel size=20 um,2.37,7.893265686160668,3.465530627918307
PhysiCell,PhysiCell_dx_20um,20.0,,mean over all voxels from microenvironment[4],mean over center voxels from microenvironment[4],voxel size=20 um,2.38,7.893043058357293,3.464445155465414
PhysiCell,PhysiCell_dx_20um,20.0,,mean over all voxels from microenvironment[4],mean over center voxels from microenvironment[4],voxel size=20 um,2.39,7.892825246042111,3.463383128925098
PhysiCell,PhysiCell_dx_20um,20.0,,mean over all voxels from microenvironment[4],mean over center voxels from microenvironment[4],voxel size=20 um,2.4,7.892612145006637,3.4623440425733665
PhysiCell,PhysiCell_dx_20um,20.0,,mean over all voxels from microenvironment[4],mean over center voxels from microenvironment[4],voxel size=20 um,2.41,7.892403653299896,3.461327401559547
PhysiCell,PhysiCell_dx_20um,20.0,,mean over all voxels from microenvironment[4],mean over center voxels from microenvironment[4],voxel size=20 um,2.42,7.892199671179413,3.460332721674268
PhysiCell,PhysiCell_dx_20um,20.0,,mean over all voxels from microenvironment[4],mean over center voxels from microenvironment[4],voxel size=20 um,2.43,7.8920001010632435,3.4593595291222847
PhysiCell,PhysiCell_dx_20um,20.0,,mean over all voxels from microenvironment[4],mean over center voxels from microenvironment[4],voxel size=20 um,2.44,7.891804847483072,3.458407360300084
PhysiCell,PhysiCell_dx_20um,20.0,,mean over all voxels from microenvironment[4],mean over center voxels from microenvironment[4],voxel size=20 um,2.45,7.891613817038331,3.4574757615781593
PhysiCell,PhysiCell_dx_20um,20.0,,mean over all voxels from microenvironment[4],mean over center voxels from microenvironment[4],voxel size=20 um,2.46,7.891426918351304,3.4565642890878454
PhysiCell,PhysiCell_dx_20um,20.0,,mean over all voxels from microenvironment[4],mean over center voxels from microenvironment[4],voxel size=20 um,2.47,7.8912440620232385,3.4556725085126607
PhysiCell,PhysiCell_dx_20um,20.0,,mean over all voxels from microenvironment[4],mean over center voxels from microenvironment[4],voxel size=20 um,2.48,7.891065160591382,3.454799994884022
PhysiCell,PhysiCell_dx_20um,20.0,,mean over all voxels from microenvironment[4],mean over center voxels from microenvironment[4],voxel size=20 um,2.49,7.89089012848699,3.4539463323812765
PhysiCell,PhysiCell_dx_20um,20.0,,mean over all voxels from microenvironment[4],mean over center voxels from microenvironment[4],voxel size=20 um,2.5,7.890718881994211,3.453111114135944
PhysiCell,PhysiCell_dx_20um,20.0,,mean over all voxels from microenvironment[4],mean over center voxels from microenvironment[4],voxel size=20 um,2.51,7.890551339209906,3.4522939420400904
PhysiCell,PhysiCell_dx_20um,20.0,,mean over all voxels from microenvironment[4],mean over center voxels from microenvironment[4],voxel size=20 um,2.52,7.890387420004314,3.4514944265587504
PhysiCell,PhysiCell_dx_20um,20.0,,mean over all voxels from microenvironment[4],mean over center voxels from microenvironment[4],voxel size=20 um,2.53,7.890227045982593,3.4507121865463093
PhysiCell,PhysiCell_dx_20um,20.0,,mean over all voxels from microenvironment[4],mean over center voxels from microenvironment[4],voxel size=20 um,2.54,7.890070140447184,3.449946849066773
PhysiCell,PhysiCell_dx_20um,20.0,,mean over all voxels from microenvironment[4],mean over center voxels from microenvironment[4],voxel size=20 um,2.55,7.88991662836101,3.4491980492178387
PhysiCell,PhysiCell_dx_20um,20.0,,mean over all voxels from microenvironment[4],mean over center voxels from microenvironment[4],voxel size=20 um,2.56,7.889766436311459,3.448465429958688
PhysiCell,PhysiCell_dx_20um,20.0,,mean over all voxels from microenvironment[4],mean over center voxels from microenvironment[4],voxel size=20 um,2.57,7.889619492475168,3.447748641941431
PhysiCell,PhysiCell_dx_20um,20.0,,mean over all voxels from microenvironment[4],mean over center voxels from microenvironment[4],voxel size=20 um,2.58,7.889475726583566,3.447047343346127
PhysiCell,PhysiCell_dx_20um,20.0,,mean over all voxels from microenvironment[4],mean over center voxels from microenvironment[4],voxel size=20 um,2.59,7.8893350698891584,3.446361199719296
PhysiCell,PhysiCell_dx_20um,20.0,,mean over all voxels from microenvironment[4],mean over center voxels from microenvironment[4],voxel size=20 um,2.6,7.8891974551325585,3.445689883815868
PhysiCell,PhysiCell_dx_20um,20.0,,mean over all voxels from microenvironment[4],mean over center voxels from microenvironment[4],voxel size=20 um,2.61,7.889062816510231,3.445033075444481
PhysiCell,PhysiCell_dx_20um,20.0,,mean over all voxels from microenvironment[4],mean over center voxels from microenvironment[4],voxel size=20 um,2.62,7.888931089642934,3.444390461316067
PhysiCell,PhysiCell_dx_20um,20.0,,mean over all voxels from microenvironment[4],mean over center voxels from microenvironment[4],voxel size=20 um,2.63,7.888802211544847,3.4437617348956597
PhysiCell,PhysiCell_dx_20um,20.0,,mean over all voxels from microenvironment[4],mean over center voxels from microenvironment[4],voxel size=20 um,2.64,7.8886761205933755,3.4431465962573524
PhysiCell,PhysiCell_dx_20um,20.0,,mean over all voxels from microenvironment[4],mean over center voxels from microenvironment[4],voxel size=20 um,2.65,7.888552756499618,3.4425447519423424
PhysiCell,PhysiCell_dx_20um,20.0,,mean over all voxels from microenvironment[4],mean over center voxels from microenvironment[4],voxel size=20 um,2.66,7.888432060279446,3.4419559148199954
PhysiCell,PhysiCell_dx_20um,20.0,,mean over all voxels from microenvironment[4],mean over center voxels from microenvironment[4],voxel size=20 um,2.67,7.888313974225251,3.441379803951874
PhysiCell,PhysiCell_dx_20um,20.0,,mean over all voxels from microenvironment[4],mean over center voxels from microenvironment[4],voxel size=20 um,2.68,7.888198441878274,3.4408161444586556
PhysiCell,PhysiCell_dx_20um,20.0,,mean over all voxels from microenvironment[4],mean over center voxels from microenvironment[4],voxel size=20 um,2.69,7.8880854080015546,3.4402646673899
PhysiCell,PhysiCell_dx_20um,20.0,,mean over all voxels from microenvironment[4],mean over center voxels from microenvironment[4],voxel size=20 um,2.7,7.887974818553465,3.439725109596579
PhysiCell,PhysiCell_dx_20um,20.0,,mean over all voxels from microenvironment[4],mean over center voxels from microenvironment[4],voxel size=20 um,2.71,7.887866620661804,3.439197213606336
PhysiCell,PhysiCell_dx_20um,20.0,,mean over all voxels from microenvironment[4],mean over center voxels from microenvironment[4],voxel size=20 um,2.72,7.887760762598483,3.438680727501403
PhysiCell,PhysiCell_dx_20um,20.0,,mean over all voxels from microenvironment[4],mean over center voxels from microenvironment[4],voxel size=20 um,2.73,7.887657193754726,3.4381754047991295
PhysiCell,PhysiCell_dx_20um,20.0,,mean over all voxels from microenvironment[4],mean over center voxels from microenvironment[4],voxel size=20 um,2.74,7.887555864616835,3.437681004335058
PhysiCell,PhysiCell_dx_20um,20.0,,mean over all voxels from microenvironment[4],mean over center voxels from microenvironment[4],voxel size=20 um,2.75,7.887456726742473,3.4371972901485
PhysiCell,PhysiCell_dx_20um,20.0,,mean over all voxels from microenvironment[4],mean over center voxels from microenvironment[4],voxel size=20 um,2.76,7.887359732737459,3.4367240313705585
PhysiCell,PhysiCell_dx_20um,20.0,,mean over all voxels from microenvironment[4],mean over center voxels from microenvironment[4],voxel size=20 um,2.77,7.887264836233065,3.4362610021145397
PhysiCell,PhysiCell_dx_20um,20.0,,mean over all voxels from microenvironment[4],mean over center voxels from microenvironment[4],voxel size=20 um,2.78,7.88717199186382,3.4358079813687215
PhysiCell,PhysiCell_dx_20um,20.0,,mean over all voxels from microenvironment[4],mean over center voxels from microenvironment[4],voxel size=20 um,2.79,7.887081155245776,3.4353647528913944
PhysiCell,PhysiCell_dx_20um,20.0,,mean over all voxels from microenvironment[4],mean over center voxels from microenvironment[4],voxel size=20 um,2.8,7.886992282955248,3.434931105108174
PhysiCell,PhysiCell_dx_20um,20.0,,mean over all voxels from microenvironment[4],mean over center voxels from microenvironment[4],voxel size=20 um,2.81,7.886905332508045,3.434506831011497
PhysiCell,PhysiCell_dx_20um,20.0,,mean over all voxels from microenvironment[4],mean over center voxels from microenvironment[4],voxel size=20 um,2.82,7.886820262339104,3.434091728062264
PhysiCell,PhysiCell_dx_20um,20.0,,mean over all voxels from microenvironment[4],mean over center voxels from microenvironment[4],voxel size=20 um,2.83,7.886737031782606,3.433685598093608
PhysiCell,PhysiCell_dx_20um,20.0,,mean over all voxels from microenvironment[4],mean over center voxels from microenvironment[4],voxel size=20 um,2.84,7.886655601052496,3.433288247216711
PhysiCell,PhysiCell_dx_20um,20.0,,mean over all voxels from microenvironment[4],mean over center voxels from microenvironment[4],voxel size=20 um,2.85,7.886575931223445,3.4328994857286377
PhysiCell,PhysiCell_dx_20um,20.0,,mean over all voxels from microenvironment[4],mean over center voxels from microenvironment[4],voxel size=20 um,2.86,7.886497984212215,3.432519128022156
PhysiCell,PhysiCell_dx_20um,20.0,,mean over all voxels from microenvironment[4],mean over center voxels from microenvironment[4],voxel size=20 um,2.87,7.886421722759426,3.4321469924974806
PhysiCell,PhysiCell_dx_20um,20.0,,mean over all voxels from microenvironment[4],mean over center voxels from microenvironment[4],voxel size=20 um,2.88,7.886347110411723,3.4317829014759162
PhysiCell,PhysiCell_dx_20um,20.0,,mean over all voxels from microenvironment[4],mean over center voxels from microenvironment[4],voxel size=20 um,2.89,7.886274111504336,3.431426681115354
PhysiCell,PhysiCell_dx_20um,20.0,,mean over all voxels from microenvironment[4],mean over center voxels from microenvironment[4],voxel size=20 um,2.9,7.886202691143994,3.4310781613275707
PhysiCell,PhysiCell_dx_20um,20.0,,mean over all voxels from microenvironment[4],mean over center voxels from microenvironment[4],voxel size=20 um,2.91,7.886132815192247,3.430737175697319
PhysiCell,PhysiCell_dx_20um,20.0,,mean over all voxels from microenvironment[4],mean over center voxels from microenvironment[4],voxel size=20 um,2.92,7.886064450249111,3.43040356140314
PhysiCell,PhysiCell_dx_20um,20.0,,mean over all voxels from microenvironment[4],mean over center voxels from microenvironment[4],voxel size=20 um,2.93,7.885997563637092,3.430077159139889
PhysiCell,PhysiCell_dx_20um,20.0,,mean over all voxels from microenvironment[4],mean over center voxels from microenvironment[4],voxel size=20 um,2.94,7.885932123385553,3.4297578130429103
PhysiCell,PhysiCell_dx_20um,20.0,,mean over all voxels from microenvironment[4],mean over center voxels from microenvironment[4],voxel size=20 um,2.95,7.885868098215404,3.4294453706138586
PhysiCell,PhysiCell_dx_20um,20.0,,mean over all voxels from microenvironment[4],mean over center voxels from microenvironment[4],voxel size=20 um,2.96,7.8858054575241505,3.429139682648099
PhysiCell,PhysiCell_dx_20um,20.0,,mean over all voxels from microenvironment[4],mean over center voxels from microenvironment[4],voxel size=20 um,2.97,7.88574417137124,3.4288406031636716
PhysiCell,PhysiCell_dx_20um,20.0,,mean over all voxels from microenvironment[4],mean over center voxels from microenvironment[4],voxel size=20 um,2.98,7.885684210463738,3.42854798933179
PhysiCell,PhysiCell_dx_20um,20.0,,mean over all voxels from microenvironment[4],mean over center voxels from microenvironment[4],voxel size=20 um,2.99,7.885625546142325,3.4282617014088235
PhysiCell,PhysiCell_dx_20um,20.0,,mean over all voxels from microenvironment[4],mean over center voxels from microenvironment[4],voxel size=20 um,3.0,7.885568150367567,3.4279816026697465
PhysiCell,PhysiCell_dx_20um,20.0,,mean over all voxels from microenvironment[4],mean over center voxels from microenvironment[4],voxel size=20 um,3.01,7.885511995706515,3.4277075593430206
PhysiCell,PhysiCell_dx_20um,20.0,,mean over all voxels from microenvironment[4],mean over center voxels from microenvironment[4],voxel size=20 um,3.02,7.885457055319576,3.4274394405468747
PhysiCell,PhysiCell_dx_20um,20.0,,mean over all voxels from microenvironment[4],mean over center voxels from microenvironment[4],voxel size=20 um,3.03,7.885403302947677,3.4271771182269557
PhysiCell,PhysiCell_dx_20um,20.0,,mean over all voxels from microenvironment[4],mean over center voxels from microenvironment[4],voxel size=20 um,3.04,7.8853507128997,3.426920467095319
PhysiCell,PhysiCell_dx_20um,20.0,,mean over all voxels from microenvironment[4],mean over center voxels from microenvironment[4],voxel size=20 um,3.05,7.885299260040194,3.42666936457074
PhysiCell,PhysiCell_dx_20um,20.0,,mean over all voxels from microenvironment[4],mean over center voxels from microenvironment[4],voxel size=20 um,3.06,7.885248919777356,3.4264236907203003
PhysiCell,PhysiCell_dx_20um,20.0,,mean over all voxels from microenvironment[4],mean over center voxels from microenvironment[4],voxel size=20 um,3.07,7.885199668051266,3.4261833282022347
PhysiCell,PhysiCell_dx_20um,20.0,,mean over all voxels from microenvironment[4],mean over center voxels from microenvironment[4],voxel size=20 um,3.08,7.885151481322373,3.4259481622100103
PhysiCell,PhysiCell_dx_20um,20.0,,mean over all voxels from microenvironment[4],mean over center voxels from microenvironment[4],voxel size=20 um,3.09,7.885104336560245,3.4257180804176053
PhysiCell,PhysiCell_dx_20um,20.0,,mean over all voxels from microenvironment[4],mean over center voxels from microenvironment[4],voxel size=20 um,3.1,7.885058211232549,3.4254929729259738
PhysiCell,PhysiCell_dx_20um,20.0,,mean over all voxels from microenvironment[4],mean over center voxels from microenvironment[4],voxel size=20 um,3.11,7.8850130832942815,3.4252727322106526
PhysiCell,PhysiCell_dx_20um,20.0,,mean over all voxels from microenvironment[4],mean over center voxels from microenvironment[4],voxel size=20 um,3.12,7.884968931177213,3.425057253070506
PhysiCell,PhysiCell_dx_20um,20.0,,mean over all voxels from microenvironment[4],mean over center voxels from microenvironment[4],voxel size=20 um,3.13,7.884925733779584,3.424846432577569
PhysiCell,PhysiCell_dx_20um,20.0,,mean over all voxels from microenvironment[4],mean over center voxels from microenvironment[4],voxel size=20 um,3.14,7.884883470456011,3.4246401700279723
PhysiCell,PhysiCell_dx_20um,20.0,,mean over all voxels from microenvironment[4],mean over center voxels from microenvironment[4],voxel size=20 um,3.15,7.884842121007611,3.4244383668939298
PhysiCell,PhysiCell_dx_20um,20.0,,mean over all voxels from microenvironment[4],mean over center voxels from microenvironment[4],voxel size=20 um,3.16,7.884801665672344,3.4242409267767475
PhysiCell,PhysiCell_dx_20um,20.0,,mean over all voxels from microenvironment[4],mean over center voxels from microenvironment[4],voxel size=20 um,3.17,7.884762085115562,3.42404775536086
PhysiCell,PhysiCell_dx_20um,20.0,,mean over all voxels from microenvironment[4],mean over center voxels from microenvironment[4],voxel size=20 um,3.18,7.884723360420761,3.423858760368846
PhysiCell,PhysiCell_dx_20um,20.0,,mean over all voxels from microenvironment[4],mean over center voxels from microenvironment[4],voxel size=20 um,3.19,7.884685473080544,3.4236738515174254
PhysiCell,PhysiCell_dx_20um,20.0,,mean over all voxels from microenvironment[4],mean over center voxels from microenvironment[4],voxel size=20 um,3.2,7.884648404987762,3.4234929404743863
PhysiCell,PhysiCell_dx_20um,20.0,,mean over all voxels from microenvironment[4],mean over center voxels from microenvironment[4],voxel size=20 um,3.21,7.884612138426856,3.4233159408164644
PhysiCell,PhysiCell_dx_20um,20.0,,mean over all voxels from microenvironment[4],mean over center voxels from microenvironment[4],voxel size=20 um,3.22,7.8845766560653985,3.42314276798811
PhysiCell,PhysiCell_dx_20um,20.0,,mean over all voxels from microenvironment[4],mean over center voxels from microenvironment[4],voxel size=20 um,3.23,7.8845419409457875,3.422973339261151
PhysiCell,PhysiCell_dx_20um,20.0,,mean over all voxels from microenvironment[4],mean over center voxels from microenvironment[4],voxel size=20 um,3.24,7.884507976477154,3.422807573695332
PhysiCell,PhysiCell_dx_20um,20.0,,mean over all voxels from microenvironment[4],mean over center voxels from microenvironment[4],voxel size=20 um,3.25,7.884474746427422,3.422645392099697
PhysiCell,PhysiCell_dx_20um,20.0,,mean over all voxels from microenvironment[4],mean over center voxels from microenvironment[4],voxel size=20 um,3.26,7.884442234915545,3.4224867169948037
PhysiCell,PhysiCell_dx_20um,20.0,,mean over all voxels from microenvironment[4],mean over center voxels from microenvironment[4],voxel size=20 um,3.27,7.884410426403927,3.4223314725757596
PhysiCell,PhysiCell_dx_20um,20.0,,mean over all voxels from microenvironment[4],mean over center voxels from microenvironment[4],voxel size=20 um,3.28,7.884379305690972,3.4221795846760505
PhysiCell,PhysiCell_dx_20um,20.0,,mean over all voxels from microenvironment[4],mean over center voxels from microenvironment[4],voxel size=20 um,3.29,7.884348857903834,3.4220309807321496
PhysiCell,PhysiCell_dx_20um,20.0,,mean over all voxels from microenvironment[4],mean over center voxels from microenvironment[4],voxel size=20 um,3.3,7.884319068491302,3.421885589748891
PhysiCell,PhysiCell_dx_20um,20.0,,mean over all voxels from microenvironment[4],mean over center voxels from microenvironment[4],voxel size=20 um,3.31,7.884289923216838,3.4217433422655907
PhysiCell,PhysiCell_dx_20um,20.0,,mean over all voxels from microenvironment[4],mean over center voxels from microenvironment[4],voxel size=20 um,3.32,7.884261408151774,3.4216041703228997
PhysiCell,PhysiCell_dx_20um,20.0,,mean over all voxels from microenvironment[4],mean over center voxels from microenvironment[4],voxel size=20 um,3.33,7.8842335096686575,3.4214680074303634
PhysiCell,PhysiCell_dx_20um,20.0,,mean over all voxels from microenvironment[4],mean over center voxels from microenvironment[4],voxel size=20 um,3.34,7.8842062144347285,3.4213347885346983
PhysiCell,PhysiCell_dx_20um,20.0,,mean over all voxels from microenvironment[4],mean over center voxels from microenvironment[4],voxel size=20 um,3.35,7.884179509405552,3.421204449988734
PhysiCell,PhysiCell_dx_20um,20.0,,mean over all voxels from microenvironment[4],mean over center voxels from microenvironment[4],voxel size=20 um,3.36,7.884153381818775,3.421076929521041
PhysiCell,PhysiCell_dx_20um,20.0,,mean over all voxels from microenvironment[4],mean over center voxels from microenvironment[4],voxel size=20 um,3.37,7.884127819188041,3.4209521662062
PhysiCell,PhysiCell_dx_20um,20.0,,mean over all voxels from microenvironment[4],mean over center voxels from microenvironment[4],voxel size=20 um,3.38,7.884102809296996,3.4208301004357318
PhysiCell,PhysiCell_dx_20um,20.0,,mean over all voxels from microenvironment[4],mean over center voxels from microenvironment[4],voxel size=20 um,3.39,7.884078340193474,3.4207106738896305
PhysiCell,PhysiCell_dx_20um,20.0,,mean over all voxels from microenvironment[4],mean over center voxels from microenvironment[4],voxel size=20 um,3.4,7.884054400183764,3.420593829508531
PhysiCell,PhysiCell_dx_20um,20.0,,mean over all voxels from microenvironment[4],mean over center voxels from microenvironment[4],voxel size=20 um,3.41,7.884030977827034,3.4204795114664694
PhysiCell,PhysiCell_dx_20um,20.0,,mean over all voxels from microenvironment[4],mean over center voxels from microenvironment[4],voxel size=20 um,3.42,7.88400806192985,3.420367665144232
PhysiCell,PhysiCell_dx_20um,20.0,,mean over all voxels from microenvironment[4],mean over center voxels from microenvironment[4],voxel size=20 um,3.43,7.883985641540839,3.4202582371032766
PhysiCell,PhysiCell_dx_20um,20.0,,mean over all voxels from microenvironment[4],mean over center voxels from microenvironment[4],voxel size=20 um,3.44,7.883963705945438,3.420151175060225
PhysiCell,PhysiCell_dx_20um,20.0,,mean over all voxels from microenvironment[4],mean over center voxels from microenvironment[4],voxel size=20 um,3.45,7.88394224466079,3.4200464278618976
PhysiCell,PhysiCell_dx_20um,20.0,,mean over all voxels from microenvironment[4],mean over center voxels from microenvironment[4],voxel size=20 um,3.46,7.883921247430714,3.419943945460889
PhysiCell,PhysiCell_dx_20um,20.0,,mean over all voxels from microenvironment[4],mean over center voxels from microenvironment[4],voxel size=20 um,3.47,7.8839007042208165,3.419843678891682
PhysiCell,PhysiCell_dx_20um,20.0,,mean over all voxels from microenvironment[4],mean over center voxels from microenvironment[4],voxel size=20 um,3.48,7.883880605213695,3.419745580247255
PhysiCell,PhysiCell_dx_20um,20.0,,mean over all voxels from microenvironment[4],mean over center voxels from microenvironment[4],voxel size=20 um,3.49,7.883860940804231,3.4196496026562144
PhysiCell,PhysiCell_dx_20um,20.0,,mean over all voxels from microenvironment[4],mean over center voxels from microenvironment[4],voxel size=20 um,3.5,7.883841701595022,3.419555700260415
PhysiCell,PhysiCell_dx_20um,20.0,,mean over all voxels from microenvironment[4],mean over center voxels from microenvironment[4],voxel size=20 um,3.51,7.883822878391866,3.4194638281930607
PhysiCell,PhysiCell_dx_20um,20.0,,mean over all voxels from microenvironment[4],mean over center voxels from microenvironment[4],voxel size=20 um,3.52,7.8838044621993815,3.419373942557278
PhysiCell,PhysiCell_dx_20um,20.0,,mean over all voxels from microenvironment[4],mean over center voxels from microenvironment[4],voxel size=20 um,3.53,7.883786444216704,3.419286000405159
PhysiCell,PhysiCell_dx_20um,20.0,,mean over all voxels from microenvironment[4],mean over center voxels from microenvironment[4],voxel size=20 um,3.54,7.883768815833276,3.4191999597172473
PhysiCell,PhysiCell_dx_20um,20.0,,mean over all voxels from microenvironment[4],mean over center voxels from microenvironment[4],voxel size=20 um,3.55,7.8837515686247395,3.419115779382475
PhysiCell,PhysiCell_dx_20um,20.0,,mean over all voxels from microenvironment[4],mean over center voxels from microenvironment[4],voxel size=20 um,3.56,7.8837346943489,3.41903341917853
PhysiCell,PhysiCell_dx_20um,20.0,,mean over all voxels from microenvironment[4],mean over center voxels from microenvironment[4],voxel size=20 um,3.57,7.883718184941793,3.4189528397526456
PhysiCell,PhysiCell_dx_20um,20.0,,mean over all voxels from microenvironment[4],mean over center voxels from microenvironment[4],voxel size=20 um,3.58,7.883702032513829,3.4188740026028093
PhysiCell,PhysiCell_dx_20um,20.0,,mean over all voxels from microenvironment[4],mean over center voxels from microenvironment[4],voxel size=20 um,3.59,7.88368622934602,3.4187968700593707
PhysiCell,PhysiCell_dx_20um,20.0,,mean over all voxels from microenvironment[4],mean over center voxels from microenvironment[4],voxel size=20 um,3.6,7.883670767886291,3.418721405267057
PhysiCell,PhysiCell_dx_20um,20.0,,mean over all voxels from microenvironment[4],mean over center voxels from microenvironment[4],voxel size=20 um,3.61,7.883655640745876,3.418647572167367
PhysiCell,PhysiCell_dx_20um,20.0,,mean over all voxels from microenvironment[4],mean over center voxels from microenvironment[4],voxel size=20 um,3.62,7.883640840695774,3.418575335481348
PhysiCell,PhysiCell_dx_20um,20.0,,mean over all voxels from microenvironment[4],mean over center voxels from microenvironment[4],voxel size=20 um,3.63,7.883626360663307,3.4185046606927525
PhysiCell,PhysiCell_dx_20um,20.0,,mean over all voxels from microenvironment[4],mean over center voxels from microenvironment[4],voxel size=20 um,3.64,7.883612193728734,3.4184355140315468
PhysiCell,PhysiCell_dx_20um,20.0,,mean over all voxels from microenvironment[4],mean over center voxels from microenvironment[4],voxel size=20 um,3.65,7.883598333121939,3.418367862457782
PhysiCell,PhysiCell_dx_20um,20.0,,mean over all voxels from microenvironment[4],mean over center voxels from microenvironment[4],voxel size=20 um,3.66,7.883584772219206,3.418301673645817
PhysiCell,PhysiCell_dx_20um,20.0,,mean over all voxels from microenvironment[4],mean over center voxels from microenvironment[4],voxel size=20 um,3.67,7.883571504540045,3.4182369159688752
PhysiCell,PhysiCell_dx_20um,20.0,,mean over all voxels from microenvironment[4],mean over center voxels from microenvironment[4],voxel size=20 um,3.68,7.883558523744098,3.418173558483939
PhysiCell,PhysiCell_dx_20um,20.0,,mean over all voxels from microenvironment[4],mean over center voxels from microenvironment[4],voxel size=20 um,3.69,7.883545823628101,3.418111570916969
PhysiCell,PhysiCell_dx_20um,20.0,,mean over all voxels from microenvironment[4],mean over center voxels from microenvironment[4],voxel size=20 um,3.7,7.883533398122937,3.418050923648444
PhysiCell,PhysiCell_dx_20um,20.0,,mean over all voxels from microenvironment[4],mean over center voxels from microenvironment[4],voxel size=20 um,3.71,7.883521241290716,3.417991587699215
PhysiCell,PhysiCell_dx_20um,20.0,,mean over all voxels from microenvironment[4],mean over center voxels from microenvironment[4],voxel size=20 um,3.72,7.883509347321951,3.4179335347166586
PhysiCell,PhysiCell_dx_20um,20.0,,mean over all voxels from microenvironment[4],mean over center voxels from microenvironment[4],voxel size=20 um,3.73,7.88349771053277,3.417876736961137
PhysiCell,PhysiCell_dx_20um,20.0,,mean over all voxels from microenvironment[4],mean over center voxels from microenvironment[4],voxel size=20 um,3.74,7.883486325362209,3.4178211672927445
PhysiCell,PhysiCell_dx_20um,20.0,,mean over all voxels from microenvironment[4],mean over center voxels from microenvironment[4],voxel size=20 um,3.75,7.883475186369552,3.417766799158345
PhysiCell,PhysiCell_dx_20um,20.0,,mean over all voxels from microenvironment[4],mean over center voxels from microenvironment[4],voxel size=20 um,3.76,7.883464288231726,3.4177136065788902
PhysiCell,PhysiCell_dx_20um,20.0,,mean over all voxels from microenvironment[4],mean over center voxels from microenvironment[4],voxel size=20 um,3.77,7.88345362574076,3.4176615641370023
PhysiCell,PhysiCell_dx_20um,20.0,,mean over all voxels from microenvironment[4],mean over center voxels from microenvironment[4],voxel size=20 um,3.78,7.883443193801298,3.4176106469648375
PhysiCell,PhysiCell_dx_20um,20.0,,mean over all voxels from microenvironment[4],mean over center voxels from microenvironment[4],voxel size=20 um,3.79,7.883432987428168,3.4175608307322087
PhysiCell,PhysiCell_dx_20um,20.0,,mean over all voxels from microenvironment[4],mean over center voxels from microenvironment[4],voxel size=20 um,3.8,7.88342300174398,3.4175120916349555
PhysiCell,PhysiCell_dx_20um,20.0,,mean over all voxels from microenvironment[4],mean over center voxels from microenvironment[4],voxel size=20 um,3.81,7.883413231976821,3.4174644063835773
PhysiCell,PhysiCell_dx_20um,20.0,,mean over all voxels from microenvironment[4],mean over center voxels from microenvironment[4],voxel size=20 um,3.82,7.883403673457956,3.4174177521921076
PhysiCell,PhysiCell_dx_20um,20.0,,mean over all voxels from microenvironment[4],mean over center voxels from microenvironment[4],voxel size=20 um,3.83,7.883394321619604,3.417372106767229
PhysiCell,PhysiCell_dx_20um,20.0,,mean over all voxels from microenvironment[4],mean over center voxels from microenvironment[4],voxel size=20 um,3.84,7.8833851719927575,3.417327448297618
PhysiCell,PhysiCell_dx_20um,20.0,,mean over all voxels from microenvironment[4],mean over center voxels from microenvironment[4],voxel size=20 um,3.85,7.8833762202050375,3.4172837554435302
PhysiCell,PhysiCell_dx_20um,20.0,,mean over all voxels from microenvironment[4],mean over center voxels from microenvironment[4],voxel size=20 um,3.86,7.883367461978611,3.4172410073266057
PhysiCell,PhysiCell_dx_20um,20.0,,mean over all voxels from microenvironment[4],mean over center voxels from microenvironment[4],voxel size=20 um,3.87,7.883358893128144,3.41719918351989
PhysiCell,PhysiCell_dx_20um,20.0,,mean over all voxels from microenvironment[4],mean over center voxels from microenvironment[4],voxel size=20 um,3.88,7.883350509558808,3.41715826403808
PhysiCell,PhysiCell_dx_20um,20.0,,mean over all voxels from microenvironment[4],mean over center voxels from microenvironment[4],voxel size=20 um,3.89,7.88334230726431,3.4171182293279734
PhysiCell,PhysiCell_dx_20um,20.0,,mean over all voxels from microenvironment[4],mean over center voxels from microenvironment[4],voxel size=20 um,3.9,7.883334282324991,3.4170790602591286
PhysiCell,PhysiCell_dx_20um,20.0,,mean over all voxels from microenvironment[4],mean over center voxels from microenvironment[4],voxel size=20 um,3.91,7.883326430905945,3.417040738114723
PhysiCell,PhysiCell_dx_20um,20.0,,mean over all voxels from microenvironment[4],mean over center voxels from microenvironment[4],voxel size=20 um,3.92,7.883318749255183,3.417003244582615
PhysiCell,PhysiCell_dx_20um,20.0,,mean over all voxels from microenvironment[4],mean over center voxels from microenvironment[4],voxel size=20 um,3.93,7.883311233701856,3.4169665617465883
PhysiCell,PhysiCell_dx_20um,20.0,,mean over all voxels from microenvironment[4],mean over center voxels from microenvironment[4],voxel size=20 um,3.94,7.883303880654478,3.4169306720778
PhysiCell,PhysiCell_dx_20um,20.0,,mean over all voxels from microenvironment[4],mean over center voxels from microenvironment[4],voxel size=20 um,3.95,7.883296686599231,3.4168955584263996
PhysiCell,PhysiCell_dx_20um,20.0,,mean over all voxels from microenvironment[4],mean over center voxels from microenvironment[4],voxel size=20 um,3.96,7.883289648098272,3.4168612040133395
PhysiCell,PhysiCell_dx_20um,20.0,,mean over all voxels from microenvironment[4],mean over center voxels from microenvironment[4],voxel size=20 um,3.97,7.883282761788099,3.416827592422357
PhysiCell,PhysiCell_dx_20um,20.0,,mean over all voxels from microenvironment[4],mean over center voxels from microenvironment[4],voxel size=20 um,3.98,7.883276024377927,3.4167947075921297
PhysiCell,PhysiCell_dx_20um,20.0,,mean over all voxels from microenvironment[4],mean over center voxels from microenvironment[4],voxel size=20 um,3.99,7.883269432648139,3.4167625338086025
PhysiCell,PhysiCell_dx_20um,20.0,,mean over all voxels from microenvironment[4],mean over center voxels from microenvironment[4],voxel size=20 um,4.0,7.883262983448731,3.416731055697482
PhysiCell,PhysiCell_dx_20um,20.0,,mean over all voxels from microenvironment[4],mean over center voxels from microenvironment[4],voxel size=20 um,4.01,7.883256673697815,3.416700258216888
PhysiCell,PhysiCell_dx_20um,20.0,,mean over all voxels from microenvironment[4],mean over center voxels from microenvironment[4],voxel size=20 um,4.02,7.883250500380135,3.416670126650169
PhysiCell,PhysiCell_dx_20um,20.0,,mean over all voxels from microenvironment[4],mean over center voxels from microenvironment[4],voxel size=20 um,4.03,7.88324446054564,3.4166406465988652
PhysiCell,PhysiCell_dx_20um,20.0,,mean over all voxels from microenvironment[4],mean over center voxels from microenvironment[4],voxel size=20 um,4.04,7.883238551308066,3.4166118039758406
PhysiCell,PhysiCell_dx_20um,20.0,,mean over all voxels from microenvironment[4],mean over center voxels from microenvironment[4],voxel size=20 um,4.05,7.8832327698435565,3.4165835849985378
PhysiCell,PhysiCell_dx_20um,20.0,,mean over all voxels from microenvironment[4],mean over center voxels from microenvironment[4],voxel size=20 um,4.06,7.883227113389318,3.416555976182405
PhysiCell,PhysiCell_dx_20um,20.0,,mean over all voxels from microenvironment[4],mean over center voxels from microenvironment[4],voxel size=20 um,4.07,7.883221579242294,3.416528964334447
PhysiCell,PhysiCell_dx_20um,20.0,,mean over all voxels from microenvironment[4],mean over center voxels from microenvironment[4],voxel size=20 um,4.08,7.883216164757873,3.41650253654692
PhysiCell,PhysiCell_dx_20um,20.0,,mean over all voxels from microenvironment[4],mean over center voxels from microenvironment[4],voxel size=20 um,4.09,7.883210867348636,3.416476680191172
PhysiCell,PhysiCell_dx_20um,20.0,,mean over all voxels from microenvironment[4],mean over center voxels from microenvironment[4],voxel size=20 um,4.1,7.883205684483103,3.4164513829116
PhysiCell,PhysiCell_dx_20um,20.0,,mean over all voxels from microenvironment[4],mean over center voxels from microenvironment[4],voxel size=20 um,4.11,7.883200613684538,3.4164266326197517
PhysiCell,PhysiCell_dx_20um,20.0,,mean over all voxels from microenvironment[4],mean over center voxels from microenvironment[4],voxel size=20 um,4.12,7.88319565252975,3.416402417488547
PhysiCell,PhysiCell_dx_20um,20.0,,mean over all voxels from microenvironment[4],mean over center voxels from microenvironment[4],voxel size=20 um,4.13,7.883190798647958,3.416378725946631
PhysiCell,PhysiCell_dx_20um,20.0,,mean over all voxels from microenvironment[4],mean over center voxels from microenvironment[4],voxel size=20 um,4.14,7.8831860497196296,3.4163555466728384
PhysiCell,PhysiCell_dx_20um,20.0,,mean over all voxels from microenvironment[4],mean over center voxels from microenvironment[4],voxel size=20 um,4.15,7.883181403475395,3.416332868590791
PhysiCell,PhysiCell_dx_20um,20.0,,mean over all voxels from microenvironment[4],mean over center voxels from microenvironment[4],voxel size=20 um,4.16,7.883176857694956,3.4163106808636003
PhysiCell,PhysiCell_dx_20um,20.0,,mean over all voxels from microenvironment[4],mean over center voxels from microenvironment[4],voxel size=20 um,4.17,7.883172410206018,3.4162889728886907
PhysiCell,PhysiCell_dx_20um,20.0,,mean over all voxels from microenvironment[4],mean over center voxels from microenvironment[4],voxel size=20 um,4.18,7.8831680588832596,3.4162677342927372
PhysiCell,PhysiCell_dx_20um,20.0,,mean over all voxels from microenvironment[4],mean over center voxels from microenvironment[4],voxel size=20 um,4.19,7.883163801647316,3.4162469549267036
PhysiCell,PhysiCell_dx_20um,20.0,,mean over all voxels from microenvironment[4],mean over center voxels from microenvironment[4],voxel size=20 um,4.2,7.883159636463783,3.4162266248609936
PhysiCell,PhysiCell_dx_20um,20.0,,mean over all voxels from microenvironment[4],mean over center voxels from microenvironment[4],voxel size=20 um,4.21,7.883155561342243,3.41620673438071
PhysiCell,PhysiCell_dx_20um,20.0,,mean over all voxels from microenvironment[4],mean over center voxels from microenvironment[4],voxel size=20 um,4.22,7.883151574335324,3.4161872739810124
PhysiCell,PhysiCell_dx_20um,20.0,,mean over all voxels from microenvironment[4],mean over center voxels from microenvironment[4],voxel size=20 um,4.23,7.883147673537755,3.4161682343625692
PhysiCell,PhysiCell_dx_20um,20.0,,mean over all voxels from microenvironment[4],mean over center voxels from microenvironment[4],voxel size=20 um,4.24,7.883143857085462,3.416149606427122
PhysiCell,PhysiCell_dx_20um,20.0,,mean over all voxels from microenvironment[4],mean over center voxels from microenvironment[4],voxel size=20 um,4.25,7.883140123154681,3.416131381273132
PhysiCell,PhysiCell_dx_20um,20.0,,mean over all voxels from microenvironment[4],mean over center voxels from microenvironment[4],voxel size=20 um,4.26,7.883136469961083,3.4161135501915343
PhysiCell,PhysiCell_dx_20um,20.0,,mean over all voxels from microenvironment[4],mean over center voxels from microenvironment[4],voxel size=20 um,4.27,7.8831328957589175,3.416096104661567
PhysiCell,PhysiCell_dx_20um,20.0,,mean over all voxels from microenvironment[4],mean over center voxels from microenvironment[4],voxel size=20 um,4.28,7.8831293988401825,3.416079036346706
PhysiCell,PhysiCell_dx_20um,20.0,,mean over all voxels from microenvironment[4],mean over center voxels from microenvironment[4],voxel size=20 um,4.29,7.883125977533812,3.416062337090681
PhysiCell,PhysiCell_dx_20um,20.0,,mean over all voxels from microenvironment[4],mean over center voxels from microenvironment[4],voxel size=20 um,4.3,7.883122630204866,3.4160459989135745
PhysiCell,PhysiCell_dx_20um,20.0,,mean over all voxels from microenvironment[4],mean over center voxels from microenvironment[4],voxel size=20 um,4.31,7.883119355253761,3.4160300140080153
PhysiCell,PhysiCell_dx_20um,20.0,,mean over all voxels from microenvironment[4],mean over center voxels from microenvironment[4],voxel size=20 um,4.32,7.883116151115502,3.416014374735439
PhysiCell,PhysiCell_dx_20um,20.0,,mean over all voxels from microenvironment[4],mean over center voxels from microenvironment[4],voxel size=20 um,4.33,7.883113016258929,3.415999073622449
PhysiCell,PhysiCell_dx_20um,20.0,,mean over all voxels from microenvironment[4],mean over center voxels from microenvironment[4],voxel size=20 um,4.34,7.883109949185991,3.4159841033572333
PhysiCell,PhysiCell_dx_20um,20.0,,mean over all voxels from microenvironment[4],mean over center voxels from microenvironment[4],voxel size=20 um,4.35,7.883106948431033,3.415969456786082
PhysiCell,PhysiCell_dx_20um,20.0,,mean over all voxels from microenvironment[4],mean over center voxels from microenvironment[4],voxel size=20 um,4.36,7.883104012560086,3.4159551269099597
PhysiCell,PhysiCell_dx_20um,20.0,,mean over all voxels from microenvironment[4],mean over center voxels from microenvironment[4],voxel size=20 um,4.37,7.88310114017019,3.4159411068811685
PhysiCell,PhysiCell_dx_20um,20.0,,mean over all voxels from microenvironment[4],mean over center voxels from microenvironment[4],voxel size=20 um,4.38,7.8830983298887185,3.4159273900000695
PhysiCell,PhysiCell_dx_20um,20.0,,mean over all voxels from microenvironment[4],mean over center voxels from microenvironment[4],voxel size=20 um,4.39,7.883095580372729,3.4159139697118874
PhysiCell,PhysiCell_dx_20um,20.0,,mean over all voxels from microenvironment[4],mean over center voxels from microenvironment[4],voxel size=20 um,4.4,7.883092890308315,3.4159008396035735
PhysiCell,PhysiCell_dx_20um,20.0,,mean over all voxels from microenvironment[4],mean over center voxels from microenvironment[4],voxel size=20 um,4.41,7.883090258409976,3.415887993400744
PhysiCell,PhysiCell_dx_20um,20.0,,mean over all voxels from microenvironment[4],mean over center voxels from microenvironment[4],voxel size=20 um,4.42,7.883087683420014,3.415875424964682
PhysiCell,PhysiCell_dx_20um,20.0,,mean over all voxels from microenvironment[4],mean over center voxels from microenvironment[4],voxel size=20 um,4.43,7.883085164107921,3.4158631282894008
PhysiCell,PhysiCell_dx_20um,20.0,,mean over all voxels from microenvironment[4],mean over center voxels from microenvironment[4],voxel size=20 um,4.44,7.883082699269799,3.41585109749878
PhysiCell,PhysiCell_dx_20um,20.0,,mean over all voxels from microenvironment[4],mean over center voxels from microenvironment[4],voxel size=20 um,4.45,7.88308028772778,3.41583932684375
PhysiCell,PhysiCell_dx_20um,20.0,,mean over all voxels from microenvironment[4],mean over center voxels from microenvironment[4],voxel size=20 um,4.46,7.883077928329464,3.4158278106995525
PhysiCell,PhysiCell_dx_20um,20.0,,mean over all voxels from microenvironment[4],mean over center voxels from microenvironment[4],voxel size=20 um,4.47,7.883075619947371,3.415816543563048
PhysiCell,PhysiCell_dx_20um,20.0,,mean over all voxels from microenvironment[4],mean over center voxels from microenvironment[4],voxel size=20 um,4.48,7.883073361478397,3.4158055200500854
PhysiCell,PhysiCell_dx_20um,20.0,,mean over all voxels from microenvironment[4],mean over center voxels from microenvironment[4],voxel size=20 um,4.49,7.883071151843291,3.4157947348929345
PhysiCell,PhysiCell_dx_20um,20.0,,mean over all voxels from microenvironment[4],mean over center voxels from microenvironment[4],voxel size=20 um,4.5,7.883068989986143,3.4157841829377644
PhysiCell,PhysiCell_dx_20um,20.0,,mean over all voxels from microenvironment[4],mean over center voxels from microenvironment[4],voxel size=20 um,4.51,7.883066874873867,3.41577385914218
PhysiCell,PhysiCell_dx_20um,20.0,,mean over all voxels from microenvironment[4],mean over center voxels from microenvironment[4],voxel size=20 um,4.52,7.883064805495719,3.415763758572815
PhysiCell,PhysiCell_dx_20um,20.0,,mean over all voxels from microenvironment[4],mean over center voxels from microenvironment[4],voxel size=20 um,4.53,7.8830627808628115,3.4157538764029756
PhysiCell,PhysiCell_dx_20um,20.0,,mean over all voxels from microenvironment[4],mean over center voxels from microenvironment[4],voxel size=20 um,4.54,7.883060800007635,3.4157442079103304
PhysiCell,PhysiCell_dx_20um,20.0,,mean over all voxels from microenvironment[4],mean over center voxels from microenvironment[4],voxel size=20 um,4.55,7.883058861983602,3.415734748474657
PhysiCell,PhysiCell_dx_20um,20.0,,mean over all voxels from microenvironment[4],mean over center voxels from microenvironment[4],voxel size=20 um,4.56,7.883056965864596,3.4157254935756303
PhysiCell,PhysiCell_dx_20um,20.0,,mean over all voxels from microenvironment[4],mean over center voxels from microenvironment[4],voxel size=20 um,4.57,7.88305511074452,3.4157164387906684
PhysiCell,PhysiCell_dx_20um,20.0,,mean over all voxels from microenvironment[4],mean over center voxels from microenvironment[4],voxel size=20 um,4.58,7.883053295736873,3.4157075797928145
PhysiCell,PhysiCell_dx_20um,20.0,,mean over all voxels from microenvironment[4],mean over center voxels from microenvironment[4],voxel size=20 um,4.59,7.883051519974322,3.415698912348672
PhysiCell,PhysiCell_dx_20um,20.0,,mean over all voxels from microenvironment[4],mean over center voxels from microenvironment[4],voxel size=20 um,4.6,7.883049782608286,3.415690432316376
PhysiCell,PhysiCell_dx_20um,20.0,,mean over all voxels from microenvironment[4],mean over center voxels from microenvironment[4],voxel size=20 um,4.61,7.883048082808534,3.4156821356436247
PhysiCell,PhysiCell_dx_20um,20.0,,mean over all voxels from microenvironment[4],mean over center voxels from microenvironment[4],voxel size=20 um,4.62,7.883046419762787,3.4156740183657313
PhysiCell,PhysiCell_dx_20um,20.0,,mean over all voxels from microenvironment[4],mean over center voxels from microenvironment[4],voxel size=20 um,4.63,7.88304479267633,3.4156660766037383
PhysiCell,PhysiCell_dx_20um,20.0,,mean over all voxels from microenvironment[4],mean over center voxels from microenvironment[4],voxel size=20 um,4.64,7.883043200771629,3.415658306562559
PhysiCell,PhysiCell_dx_20um,20.0,,mean over all voxels from microenvironment[4],mean over center voxels from microenvironment[4],voxel size=20 um,4.65,7.883041643287964,3.4156507045291655
PhysiCell,PhysiCell_dx_20um,20.0,,mean over all voxels from microenvironment[4],mean over center voxels from microenvironment[4],voxel size=20 um,4.66,7.883040119481068,3.415643266870813
PhysiCell,PhysiCell_dx_20um,20.0,,mean over all voxels from microenvironment[4],mean over center voxels from microenvironment[4],voxel size=20 um,4.67,7.883038628622757,3.415635990033309
PhysiCell,PhysiCell_dx_20um,20.0,,mean over all voxels from microenvironment[4],mean over center voxels from microenvironment[4],voxel size=20 um,4.68,7.8830371700006046,3.415628870539308
PhysiCell,PhysiCell_dx_20um,20.0,,mean over all voxels from microenvironment[4],mean over center voxels from microenvironment[4],voxel size=20 um,4.69,7.883035742917579,3.4156219049866543
PhysiCell,PhysiCell_dx_20um,20.0,,mean over all voxels from microenvironment[4],mean over center voxels from microenvironment[4],voxel size=20 um,4.7,7.883034346691722,3.4156150900467535
PhysiCell,PhysiCell_dx_20um,20.0,,mean over all voxels from microenvironment[4],mean over center voxels from microenvironment[4],voxel size=20 um,4.71,7.883032980655827,3.4156084224629852
PhysiCell,PhysiCell_dx_20um,20.0,,mean over all voxels from microenvironment[4],mean over center voxels from microenvironment[4],voxel size=20 um,4.72,7.8830316441571044,3.4156018990491446
PhysiCell,PhysiCell_dx_20um,20.0,,mean over all voxels from microenvironment[4],mean over center voxels from microenvironment[4],voxel size=20 um,4.73,7.88303033655689,3.415595516687918
PhysiCell,PhysiCell_dx_20um,20.0,,mean over all voxels from microenvironment[4],mean over center voxels from microenvironment[4],voxel size=20 um,4.74,7.883029057230322,3.4155892723293997
PhysiCell,PhysiCell_dx_20um,20.0,,mean over all voxels from microenvironment[4],mean over center voxels from microenvironment[4],voxel size=20 um,4.75,7.883027805566052,3.415583162989627
PhysiCell,PhysiCell_dx_20um,20.0,,mean over all voxels from microenvironment[4],mean over center voxels from microenvironment[4],voxel size=20 um,4.76,7.883026580965951,3.415577185749159
PhysiCell,PhysiCell_dx_20um,20.0,,mean over all voxels from microenvironment[4],mean over center voxels from microenvironment[4],voxel size=20 um,4.77,7.8830253828448225,3.4155713377516816
PhysiCell,PhysiCell_dx_20um,20.0,,mean over all voxels from microenvironment[4],mean over center voxels from microenvironment[4],voxel size=20 um,4.78,7.883024210630121,3.415565616202637
PhysiCell,PhysiCell_dx_20um,20.0,,mean over all voxels from microenvironment[4],mean over center voxels from microenvironment[4],voxel size=20 um,4.79,7.8830230637616845,3.415560018367895
PhysiCell,PhysiCell_dx_20um,20.0,,mean over all voxels from microenvironment[4],mean over center voxels from microenvironment[4],voxel size=20 um,4.8,7.883021941691465,3.4155545415724453
PhysiCell,PhysiCell_dx_20um,20.0,,mean over all voxels from microenvironment[4],mean over center voxels from microenvironment[4],voxel size=20 um,4.81,7.883020843883259,3.4155491831991167
PhysiCell,PhysiCell_dx_20um,20.0,,mean over all voxels from microenvironment[4],mean over center voxels from microenvironment[4],voxel size=20 um,4.82,7.883019769812459,3.415543940687326
PhysiCell,PhysiCell_dx_20um,20.0,,mean over all voxels from microenvironment[4],mean over center voxels from microenvironment[4],voxel size=20 um,4.83,7.883018718965805,3.4155388115318583
PhysiCell,PhysiCell_dx_20um,20.0,,mean over all voxels from microenvironment[4],mean over center voxels from microenvironment[4],voxel size=20 um,4.84,7.883017690841129,3.4155337932816665
PhysiCell,PhysiCell_dx_20um,20.0,,mean over all voxels from microenvironment[4],mean over center voxels from microenvironment[4],voxel size=20 um,4.85,7.883016684947124,3.415528883538701
PhysiCell,PhysiCell_dx_20um,20.0,,mean over all voxels from microenvironment[4],mean over center voxels from microenvironment[4],voxel size=20 um,4.86,7.883015700803107,3.4155240799567657
PhysiCell,PhysiCell_dx_20um,20.0,,mean over all voxels from microenvironment[4],mean over center voxels from microenvironment[4],voxel size=20 um,4.87,7.883014737938788,3.4155193802403905
PhysiCell,PhysiCell_dx_20um,20.0,,mean over all voxels from microenvironment[4],mean over center voxels from microenvironment[4],voxel size=20 um,4.88,7.883013795894043,3.4155147821437453
PhysiCell,PhysiCell_dx_20um,20.0,,mean over all voxels from microenvironment[4],mean over center voxels from microenvironment[4],voxel size=20 um,4.89,7.883012874218704,3.415510283469555
PhysiCell,PhysiCell_dx_20um,20.0,,mean over all voxels from microenvironment[4],mean over center voxels from microenvironment[4],voxel size=20 um,4.9,7.883011972472329,3.4155058820680586
PhysiCell,PhysiCell_dx_20um,20.0,,mean over all voxels from microenvironment[4],mean over center voxels from microenvironment[4],voxel size=20 um,4.91,7.883011090224004,3.4155015758359752
PhysiCell,PhysiCell_dx_20um,20.0,,mean over all voxels from microenvironment[4],mean over center voxels from microenvironment[4],voxel size=20 um,4.92,7.883010227052133,3.415497362715505
PhysiCell,PhysiCell_dx_20um,20.0,,mean over all voxels from microenvironment[4],mean over center voxels from microenvironment[4],voxel size=20 um,4.93,7.883009382544233,3.415493240693341
PhysiCell,PhysiCell_dx_20um,20.0,,mean over all voxels from microenvironment[4],mean over center voxels from microenvironment[4],voxel size=20 um,4.94,7.883008556296741,3.4154892077997085
PhysiCell,PhysiCell_dx_20um,20.0,,mean over all voxels from microenvironment[4],mean over center voxels from microenvironment[4],voxel size=20 um,4.95,7.88300774791482,3.4154852621074254
PhysiCell,PhysiCell_dx_20um,20.0,,mean over all voxels from microenvironment[4],mean over center voxels from microenvironment[4],voxel size=20 um,4.96,7.883006957012174,3.4154814017309794
PhysiCell,PhysiCell_dx_20um,20.0,,mean over all voxels from microenvironment[4],mean over center voxels from microenvironment[4],voxel size=20 um,4.97,7.883006183210852,3.4154776248256287
PhysiCell,PhysiCell_dx_20um,20.0,,mean over all voxels from microenvironment[4],mean over center voxels from microenvironment[4],voxel size=20 um,4.98,7.883005426141084,3.4154739295865175
PhysiCell,PhysiCell_dx_20um,20.0,,mean over all voxels from microenvironment[4],mean over center voxels from microenvironment[4],voxel size=20 um,4.99,7.883004685441088,3.415470314247817
PhysiCell,PhysiCell_dx_20um,20.0,,mean over all voxels from microenvironment[4],mean over center voxels from microenvironment[4],voxel size=20 um,5.0,7.88300396075691,3.4154667770818796
PhysiCell,PhysiCell_dx_20um,20.0,,mean over all voxels from microenvironment[4],mean over center voxels from microenvironment[4],voxel size=20 um,5.01,7.883003251742246,3.415463316398414
PhysiCell,PhysiCell_dx_20um,20.0,,mean over all voxels from microenvironment[4],mean over center voxels from microenvironment[4],voxel size=20 um,5.02,7.883002558058282,3.415459930543676
PhysiCell,PhysiCell_dx_20um,20.0,,mean over all voxels from microenvironment[4],mean over center voxels from microenvironment[4],voxel size=20 um,5.03,7.883001879373528,3.41545661789968
PhysiCell,PhysiCell_dx_20um,20.0,,mean over all voxels from microenvironment[4],mean over center voxels from microenvironment[4],voxel size=20 um,5.04,7.883001215363663,3.4154533768834265
PhysiCell,PhysiCell_dx_20um,20.0,,mean over all voxels from microenvironment[4],mean over center voxels from microenvironment[4],voxel size=20 um,5.05,7.883000565711381,3.415450205946143
PhysiCell,PhysiCell_dx_20um,20.0,,mean over all voxels from microenvironment[4],mean over center voxels from microenvironment[4],voxel size=20 um,5.06,7.882999930106232,3.415447103572546
PhysiCell,PhysiCell_dx_20um,20.0,,mean over all voxels from microenvironment[4],mean over center voxels from microenvironment[4],voxel size=20 um,5.07,7.882999308244482,3.4154440682801157
PhysiCell,PhysiCell_dx_20um,20.0,,mean over all voxels from microenvironment[4],mean over center voxels from microenvironment[4],voxel size=20 um,5.08,7.882998699828964,3.4154410986183894
PhysiCell,PhysiCell_dx_20um,20.0,,mean over all voxels from microenvironment[4],mean over center voxels from microenvironment[4],voxel size=20 um,5.09,7.882998104568935,3.4154381931682636
PhysiCell,PhysiCell_dx_20um,20.0,,mean over all voxels from microenvironment[4],mean over center voxels from microenvironment[4],voxel size=20 um,5.1,7.88299752217994,3.4154353505413226
PhysiCell,PhysiCell_dx_20um,20.0,,mean over all voxels from microenvironment[4],mean over center voxels from microenvironment[4],voxel size=20 um,5.11,7.8829969523836745,3.4154325693791723
PhysiCell,PhysiCell_dx_20um,20.0,,mean over all voxels from microenvironment[4],mean over center voxels from microenvironment[4],voxel size=20 um,5.12,7.882996394907855,3.4154298483527876
PhysiCell,PhysiCell_dx_20um,20.0,,mean over all voxels from microenvironment[4],mean over center voxels from microenvironment[4],voxel size=20 um,5.13,7.882995849486078,3.4154271861618817
PhysiCell,PhysiCell_dx_20um,20.0,,mean over all voxels from microenvironment[4],mean over center voxels from microenvironment[4],voxel size=20 um,5.14,7.882995315857708,3.4154245815342836
PhysiCell,PhysiCell_dx_20um,20.0,,mean over all voxels from microenvironment[4],mean over center voxels from microenvironment[4],voxel size=20 um,5.15,7.882994793767736,3.415422033225328
PhysiCell,PhysiCell_dx_20um,20.0,,mean over all voxels from microenvironment[4],mean over center voxels from microenvironment[4],voxel size=20 um,5.16,7.882994282966677,3.415419540017265
PhysiCell,PhysiCell_dx_20um,20.0,,mean over all voxels from microenvironment[4],mean over center voxels from microenvironment[4],voxel size=20 um,5.17,7.882993783210436,3.415417100718675
PhysiCell,PhysiCell_dx_20um,20.0,,mean over all voxels from microenvironment[4],mean over center voxels from microenvironment[4],voxel size=20 um,5.18,7.882993294260196,3.4154147141638975
PhysiCell,PhysiCell_dx_20um,20.0,,mean over all voxels from microenvironment[4],mean over center voxels from microenvironment[4],voxel size=20 um,5.19,7.882992815882299,3.4154123792124795
PhysiCell,PhysiCell_dx_20um,20.0,,mean over all voxels from microenvironment[4],mean over center voxels from microenvironment[4],voxel size=20 um,5.2,7.882992347848147,3.4154100947486254
PhysiCell,PhysiCell_dx_20um,20.0,,mean over all voxels from microenvironment[4],mean over center voxels from microenvironment[4],voxel size=20 um,5.21,7.882991889934088,3.4154078596806663
PhysiCell,PhysiCell_dx_20um,20.0,,mean over all voxels from microenvironment[4],mean over center voxels from microenvironment[4],voxel size=20 um,5.22,7.882991441921292,3.4154056729405387
PhysiCell,PhysiCell_dx_20um,20.0,,mean over all voxels from microenvironment[4],mean over center voxels from microenvironment[4],voxel size=20 um,5.23,7.882991003595668,3.415403533483272
PhysiCell,PhysiCell_dx_20um,20.0,,mean over all voxels from microenvironment[4],mean over center voxels from microenvironment[4],voxel size=20 um,5.24,7.88299057474776,3.4154014402864936
PhysiCell,PhysiCell_dx_20um,20.0,,mean over all voxels from microenvironment[4],mean over center voxels from microenvironment[4],voxel size=20 um,5.25,7.882990155172634,3.415399392349932
PhysiCell,PhysiCell_dx_20um,20.0,,mean over all voxels from microenvironment[4],mean over center voxels from microenvironment[4],voxel size=20 um,5.26,7.8829897446697865,3.4153973886949482
PhysiCell,PhysiCell_dx_20um,20.0,,mean over all voxels from microenvironment[4],mean over center voxels from microenvironment[4],voxel size=20 um,5.27,7.882989343043054,3.415395428364062
PhysiCell,PhysiCell_dx_20um,20.0,,mean over all voxels from microenvironment[4],mean over center voxels from microenvironment[4],voxel size=20 um,5.28,7.882988950100512,3.4153935104204987
PhysiCell,PhysiCell_dx_20um,20.0,,mean over all voxels from microenvironment[4],mean over center voxels from microenvironment[4],voxel size=20 um,5.29,7.882988565654387,3.415391633947735
PhysiCell,PhysiCell_dx_20um,20.0,,mean over all voxels from microenvironment[4],mean over center voxels from microenvironment[4],voxel size=20 um,5.3,7.8829881895209635,3.4153897980490675
PhysiCell,PhysiCell_dx_20um,20.0,,mean over all voxels from microenvironment[4],mean over center voxels from microenvironment[4],voxel size=20 um,5.31,7.8829878215205,3.4153880018471834
PhysiCell,PhysiCell_dx_20um,20.0,,mean over all voxels from microenvironment[4],mean over center voxels from microenvironment[4],voxel size=20 um,5.32,7.882987461477139,3.415386244483737
PhysiCell,PhysiCell_dx_20um,20.0,,mean over all voxels from microenvironment[4],mean over center voxels from microenvironment[4],voxel size=20 um,5.33,7.882987109218832,3.415384525118943
PhysiCell,PhysiCell_dx_20um,20.0,,mean over all voxels from microenvironment[4],mean over center voxels from microenvironment[4],voxel size=20 um,5.34,7.882986764577245,3.415382842931175
PhysiCell,PhysiCell_dx_20um,20.0,,mean over all voxels from microenvironment[4],mean over center voxels from microenvironment[4],voxel size=20 um,5.35,7.882986427387683,3.4153811971165693
PhysiCell,PhysiCell_dx_20um,20.0,,mean over all voxels from microenvironment[4],mean over center voxels from microenvironment[4],voxel size=20 um,5.36,7.882986097489017,3.4153795868886476
PhysiCell,PhysiCell_dx_20um,20.0,,mean over all voxels from microenvironment[4],mean over center voxels from microenvironment[4],voxel size=20 um,5.37,7.882985774723598,3.4153780114779373
PhysiCell,PhysiCell_dx_20um,20.0,,mean over all voxels from microenvironment[4],mean over center voxels from microenvironment[4],voxel size=20 um,5.38,7.8829854589371875,3.4153764701316
PhysiCell,PhysiCell_dx_20um,20.0,,mean over all voxels from microenvironment[4],mean over center voxels from microenvironment[4],voxel size=20 um,5.39,7.882985149978881,3.415374962113079
PhysiCell,PhysiCell_dx_20um,20.0,,mean over all voxels from microenvironment[4],mean over center voxels from microenvironment[4],voxel size=20 um,5.4,7.882984847701038,3.4153734867017413
PhysiCell,PhysiCell_dx_20um,20.0,,mean over all voxels from microenvironment[4],mean over center voxels from microenvironment[4],voxel size=20 um,5.41,7.8829845519592086,3.415372043192539
PhysiCell,PhysiCell_dx_20um,20.0,,mean over all voxels from microenvironment[4],mean over center voxels from microenvironment[4],voxel size=20 um,5.42,7.882984262612069,3.4153706308956653
PhysiCell,PhysiCell_dx_20um,20.0,,mean over all voxels from microenvironment[4],mean over center voxels from microenvironment[4],voxel size=20 um,5.43,7.8829839795213505,3.4153692491362317
PhysiCell,PhysiCell_dx_20um,20.0,,mean over all voxels from microenvironment[4],mean over center voxels from microenvironment[4],voxel size=20 um,5.44,7.882983702551772,3.4153678972539407
PhysiCell,PhysiCell_dx_20um,20.0,,mean over all voxels from microenvironment[4],mean over center voxels from microenvironment[4],voxel size=20 um,5.45,7.882983431570979,3.4153665746027744
PhysiCell,PhysiCell_dx_20um,20.0,,mean over all voxels from microenvironment[4],mean over center voxels from microenvironment[4],voxel size=20 um,5.46,7.8829831664494785,3.41536528055068
PhysiCell,PhysiCell_dx_20um,20.0,,mean over all voxels from microenvironment[4],mean over center voxels from microenvironment[4],voxel size=20 um,5.47,7.882982907060579,3.415364014479274
PhysiCell,PhysiCell_dx_20um,20.0,,mean over all voxels from microenvironment[4],mean over center voxels from microenvironment[4],voxel size=20 um,5.48,7.882982653280324,3.415362775783543
PhysiCell,PhysiCell_dx_20um,20.0,,mean over all voxels from microenvironment[4],mean over center voxels from microenvironment[4],voxel size=20 um,5.49,7.882982404987446,3.415361563871554
PhysiCell,PhysiCell_dx_20um,20.0,,mean over all voxels from microenvironment[4],mean over center voxels from microenvironment[4],voxel size=20 um,5.5,7.88298216206329,3.415360378164178
PhysiCell,PhysiCell_dx_20um,20.0,,mean over all voxels from microenvironment[4],mean over center voxels from microenvironment[4],voxel size=20 um,5.51,7.882981924391769,3.415359218094803
PhysiCell,PhysiCell_dx_20um,20.0,,mean over all voxels from microenvironment[4],mean over center voxels from microenvironment[4],voxel size=20 um,5.52,7.882981691859312,3.4153580831090693
PhysiCell,PhysiCell_dx_20um,20.0,,mean over all voxels from microenvironment[4],mean over center voxels from microenvironment[4],voxel size=20 um,5.53,7.882981464354796,3.4153569726646067
PhysiCell,PhysiCell_dx_20um,20.0,,mean over all voxels from microenvironment[4],mean over center voxels from microenvironment[4],voxel size=20 um,5.54,7.8829812417695075,3.41535588623077
PhysiCell,PhysiCell_dx_20um,20.0,,mean over all voxels from microenvironment[4],mean over center voxels from microenvironment[4],voxel size=20 um,5.55,7.882981023997077,3.4153548232883892
PhysiCell,PhysiCell_dx_20um,20.0,,mean over all voxels from microenvironment[4],mean over center voxels from microenvironment[4],voxel size=20 um,5.56,7.8829808109334385,3.415353783329519
PhysiCell,PhysiCell_dx_20um,20.0,,mean over all voxels from microenvironment[4],mean over center voxels from microenvironment[4],voxel size=20 um,5.57,7.882980602476777,3.4153527658571985
PhysiCell,PhysiCell_dx_20um,20.0,,mean over all voxels from microenvironment[4],mean over center voxels from microenvironment[4],voxel size=20 um,5.58,7.882980398527479,3.4153517703852097
PhysiCell,PhysiCell_dx_20um,20.0,,mean over all voxels from microenvironment[4],mean over center voxels from microenvironment[4],voxel size=20 um,5.59,7.882980198988083,3.4153507964378504
PhysiCell,PhysiCell_dx_20um,20.0,,mean over all voxels from microenvironment[4],mean over center voxels from microenvironment[4],voxel size=20 um,5.6,7.882980003763236,3.415349843549705
PhysiCell,PhysiCell_dx_20um,20.0,,mean over all voxels from microenvironment[4],mean over center voxels from microenvironment[4],voxel size=20 um,5.61,7.882979812759643,3.4153489112654194
PhysiCell,PhysiCell_dx_20um,20.0,,mean over all voxels from microenvironment[4],mean over center voxels from microenvironment[4],voxel size=20 um,5.62,7.882979625886034,3.4153479991394837
PhysiCell,PhysiCell_dx_20um,20.0,,mean over all voxels from microenvironment[4],mean over center voxels from microenvironment[4],voxel size=20 um,5.63,7.882979443053108,3.4153471067360255
PhysiCell,PhysiCell_dx_20um,20.0,,mean over all voxels from microenvironment[4],mean over center voxels from microenvironment[4],voxel size=20 um,5.64,7.882979264173493,3.415346233628595
PhysiCell,PhysiCell_dx_20um,20.0,,mean over all voxels from microenvironment[4],mean over center voxels from microenvironment[4],voxel size=20 um,5.65,7.882979089161711,3.415345379399962
PhysiCell,PhysiCell_dx_20um,20.0,,mean over all voxels from microenvironment[4],mean over center voxels from microenvironment[4],voxel size=20 um,5.66,7.882978917934126,3.41534454364192
PhysiCell,PhysiCell_dx_20um,20.0,,mean over all voxels from microenvironment[4],mean over center voxels from microenvironment[4],voxel size=20 um,5.67,7.882978750408919,3.415343725955087
PhysiCell,PhysiCell_dx_20um,20.0,,mean over all voxels from microenvironment[4],mean over center voxels from microenvironment[4],voxel size=20 um,5.68,7.88297858650603,3.415342925948718
PhysiCell,PhysiCell_dx_20um,20.0,,mean over all voxels from microenvironment[4],mean over center voxels from microenvironment[4],voxel size=20 um,5.69,7.882978426147138,3.4153421432405184
PhysiCell,PhysiCell_dx_20um,20.0,,mean over all voxels from microenvironment[4],mean over center voxels from microenvironment[4],voxel size=20 um,5.7,7.882978269255614,3.4153413774564547
PhysiCell,PhysiCell_dx_20um,20.0,,mean over all voxels from microenvironment[4],mean over center voxels from microenvironment[4],voxel size=20 um,5.71,7.882978115756482,3.415340628230585
PhysiCell,PhysiCell_dx_20um,20.0,,mean over all voxels from microenvironment[4],mean over center voxels from microenvironment[4],voxel size=20 um,5.72,7.882977965576392,3.4153398952048803
PhysiCell,PhysiCell_dx_20um,20.0,,mean over all voxels from microenvironment[4],mean over center voxels from microenvironment[4],voxel size=20 um,5.73,7.882977818643576,3.4153391780290527
PhysiCell,PhysiCell_dx_20um,20.0,,mean over all voxels from microenvironment[4],mean over center voxels from microenvironment[4],voxel size=20 um,5.74,7.88297767488782,3.415338476360386
PhysiCell,PhysiCell_dx_20um,20.0,,mean over all voxels from microenvironment[4],mean over center voxels from microenvironment[4],voxel size=20 um,5.75,7.882977534240428,3.4153377898635755
PhysiCell,PhysiCell_dx_20um,20.0,,mean over all voxels from microenvironment[4],mean over center voxels from microenvironment[4],voxel size=20 um,5.76,7.8829773966341925,3.415337118210569
PhysiCell,PhysiCell_dx_20um,20.0,,mean over all voxels from microenvironment[4],mean over center voxels from microenvironment[4],voxel size=20 um,5.77,7.882977262003352,3.4153364610804045
PhysiCell,PhysiCell_dx_20um,20.0,,mean over all voxels from microenvironment[4],mean over center voxels from microenvironment[4],voxel size=20 um,5.78,7.88297713028357,3.415335818159062
PhysiCell,PhysiCell_dx_20um,20.0,,mean over all voxels from microenvironment[4],mean over center voxels from microenvironment[4],voxel size=20 um,5.79,7.882977001411906,3.41533518913931
PhysiCell,PhysiCell_dx_20um,20.0,,mean over all voxels from microenvironment[4],mean over center voxels from microenvironment[4],voxel size=20 um,5.8,7.882976875326775,3.4153345737205614
PhysiCell,PhysiCell_dx_20um,20.0,,mean over all voxels from microenvironment[4],mean over center voxels from microenvironment[4],voxel size=20 um,5.81,7.882976751967924,3.4153339716087294
PhysiCell,PhysiCell_dx_20um,20.0,,mean over all voxels from microenvironment[4],mean over center voxels from microenvironment[4],voxel size=20 um,5.82,7.882976631276406,3.415333382516083
PhysiCell,PhysiCell_dx_20um,20.0,,mean over all voxels from microenvironment[4],mean over center voxels from microenvironment[4],voxel size=20 um,5.83,7.882976513194543,3.4153328061611137
PhysiCell,PhysiCell_dx_20um,20.0,,mean over all voxels from microenvironment[4],mean over center voxels from microenvironment[4],voxel size=20 um,5.84,7.88297639766591,3.415332242268401
PhysiCell,PhysiCell_dx_20um,20.0,,mean over all voxels from microenvironment[4],mean over center voxels from microenvironment[4],voxel size=20 um,5.85,7.8829762846352995,3.4153316905684816
PhysiCell,PhysiCell_dx_20um,20.0,,mean over all voxels from microenvironment[4],mean over center voxels from microenvironment[4],voxel size=20 um,5.86,7.882976174048698,3.4153311507977135
PhysiCell,PhysiCell_dx_20um,20.0,,mean over all voxels from microenvironment[4],mean over center voxels from microenvironment[4],voxel size=20 um,5.87,7.882976065853261,3.4153306226981606
PhysiCell,PhysiCell_dx_20um,20.0,,mean over all voxels from microenvironment[4],mean over center voxels from microenvironment[4],voxel size=20 um,5.88,7.882975959997283,3.4153301060174592
PhysiCell,PhysiCell_dx_20um,20.0,,mean over all voxels from microenvironment[4],mean over center voxels from microenvironment[4],voxel size=20 um,5.89,7.882975856430179,3.4153296005087066
PhysiCell,PhysiCell_dx_20um,20.0,,mean over all voxels from microenvironment[4],mean over center voxels from microenvironment[4],voxel size=20 um,5.9,7.882975755102461,3.4153291059303363
PhysiCell,PhysiCell_dx_20um,20.0,,mean over all voxels from microenvironment[4],mean over center voxels from microenvironment[4],voxel size=20 um,5.91,7.882975655965701,3.415328622046005
PhysiCell,PhysiCell_dx_20um,20.0,,mean over all voxels from microenvironment[4],mean over center voxels from microenvironment[4],voxel size=20 um,5.92,7.882975558972535,3.415328148624482
PhysiCell,PhysiCell_dx_20um,20.0,,mean over all voxels from microenvironment[4],mean over center voxels from microenvironment[4],voxel size=20 um,5.93,7.882975464076605,3.4153276854395336
PhysiCell,PhysiCell_dx_20um,20.0,,mean over all voxels from microenvironment[4],mean over center voxels from microenvironment[4],voxel size=20 um,5.94,7.8829753712325665,3.415327232269819
PhysiCell,PhysiCell_dx_20um,20.0,,mean over all voxels from microenvironment[4],mean over center voxels from microenvironment[4],voxel size=20 um,5.95,7.882975280396052,3.4153267888987844
PhysiCell,PhysiCell_dx_20um,20.0,,mean over all voxels from microenvironment[4],mean over center voxels from microenvironment[4],voxel size=20 um,5.96,7.882975191523652,3.4153263551145567
PhysiCell,PhysiCell_dx_20um,20.0,,mean over all voxels from microenvironment[4],mean over center voxels from microenvironment[4],voxel size=20 um,5.97,7.882975104572901,3.4153259307098445
PhysiCell,PhysiCell_dx_20um,20.0,,mean over all voxels from microenvironment[4],mean over center voxels from microenvironment[4],voxel size=20 um,5.98,7.882975019502245,3.4153255154818396
PhysiCell,PhysiCell_dx_20um,20.0,,mean over all voxels from microenvironment[4],mean over center voxels from microenvironment[4],voxel size=20 um,5.99,7.882974936271032,3.4153251092321186
PhysiCell,PhysiCell_dx_20um,20.0,,mean over all voxels from microenvironment[4],mean over center voxels from microenvironment[4],voxel size=20 um,6.0,7.88297485483949,3.415324711766548
PhysiCell,PhysiCell_dx_20um,20.0,,mean over all voxels from microenvironment[4],mean over center voxels from microenvironment[4],voxel size=20 um,6.01,7.882974775168705,3.415324322895191
PhysiCell,PhysiCell_dx_20um,20.0,,mean over all voxels from microenvironment[4],mean over center voxels from microenvironment[4],voxel size=20 um,6.02,7.882974697220604,3.415323942432221
PhysiCell,PhysiCell_dx_20um,20.0,,mean over all voxels from microenvironment[4],mean over center voxels from microenvironment[4],voxel size=20 um,6.03,7.88297462095794,3.4153235701958256
PhysiCell,PhysiCell_dx_20um,20.0,,mean over all voxels from microenvironment[4],mean over center voxels from microenvironment[4],voxel size=20 um,6.04,7.882974546344266,3.4153232060081264
PhysiCell,PhysiCell_dx_20um,20.0,,mean over all voxels from microenvironment[4],mean over center voxels from microenvironment[4],voxel size=20 um,6.05,7.882974473343931,3.4153228496950887
PhysiCell,PhysiCell_dx_20um,20.0,,mean over all voxels from microenvironment[4],mean over center voxels from microenvironment[4],voxel size=20 um,6.06,7.882974401922048,3.4153225010864445
PhysiCell,PhysiCell_dx_20um,20.0,,mean over all voxels from microenvironment[4],mean over center voxels from microenvironment[4],voxel size=20 um,6.07,7.882974332044488,3.415322160015604
PhysiCell,PhysiCell_dx_20um,20.0,,mean over all voxels from microenvironment[4],mean over center voxels from microenvironment[4],voxel size=20 um,6.08,7.882974263677857,3.4153218263195804
PhysiCell,PhysiCell_dx_20um,20.0,,mean over all voxels from microenvironment[4],mean over center voxels from microenvironment[4],voxel size=20 um,6.09,7.882974196789486,3.4153214998389103
PhysiCell,PhysiCell_dx_20um,20.0,,mean over all voxels from microenvironment[4],mean over center voxels from microenvironment[4],voxel size=20 um,6.1,7.882974131347415,3.415321180417583
PhysiCell,PhysiCell_dx_20um,20.0,,mean over all voxels from microenvironment[4],mean over center voxels from microenvironment[4],voxel size=20 um,6.11,7.882974067320364,3.415320867902956
PhysiCell,PhysiCell_dx_20um,20.0,,mean over all voxels from microenvironment[4],mean over center voxels from microenvironment[4],voxel size=20 um,6.12,7.882974004677741,3.4153205621456872
PhysiCell,PhysiCell_dx_20um,20.0,,mean over all voxels from microenvironment[4],mean over center voxels from microenvironment[4],voxel size=20 um,6.13,7.882973943389611,3.415320262999667
PhysiCell,PhysiCell_dx_20um,20.0,,mean over all voxels from microenvironment[4],mean over center voxels from microenvironment[4],voxel size=20 um,6.14,7.882973883426685,3.415319970321943
PhysiCell,PhysiCell_dx_20um,20.0,,mean over all voxels from microenvironment[4],mean over center voxels from microenvironment[4],voxel size=20 um,6.15,7.882973824760313,3.415319683972655
PhysiCell,PhysiCell_dx_20um,20.0,,mean over all voxels from microenvironment[4],mean over center voxels from microenvironment[4],voxel size=20 um,6.16,7.882973767362454,3.4153194038149666
PhysiCell,PhysiCell_dx_20um,20.0,,mean over all voxels from microenvironment[4],mean over center voxels from microenvironment[4],voxel size=20 um,6.17,7.882973711205683,3.415319129714997
PhysiCell,PhysiCell_dx_20um,20.0,,mean over all voxels from microenvironment[4],mean over center voxels from microenvironment[4],voxel size=20 um,6.18,7.882973656263165,3.4153188615417647
PhysiCell,PhysiCell_dx_20um,20.0,,mean over all voxels from microenvironment[4],mean over center voxels from microenvironment[4],voxel size=20 um,6.19,7.882973602508643,3.415318599167118
PhysiCell,PhysiCell_dx_20um,20.0,,mean over all voxels from microenvironment[4],mean over center voxels from microenvironment[4],voxel size=20 um,6.2,7.88297354991643,3.4153183424656786
PhysiCell,PhysiCell_dx_20um,20.0,,mean over all voxels from microenvironment[4],mean over center voxels from microenvironment[4],voxel size=20 um,6.21,7.882973498461395,3.415318091314775
PhysiCell,PhysiCell_dx_20um,20.0,,mean over all voxels from microenvironment[4],mean over center voxels from microenvironment[4],voxel size=20 um,6.22,7.882973448118946,3.4153178455943918
PhysiCell,PhysiCell_dx_20um,20.0,,mean over all voxels from microenvironment[4],mean over center voxels from microenvironment[4],voxel size=20 um,6.23,7.88297339886503,3.4153176051871066
PhysiCell,PhysiCell_dx_20um,20.0,,mean over all voxels from microenvironment[4],mean over center voxels from microenvironment[4],voxel size=20 um,6.24,7.882973350676109,3.415317369978038
PhysiCell,PhysiCell_dx_20um,20.0,,mean over all voxels from microenvironment[4],mean over center voxels from microenvironment[4],voxel size=20 um,6.25,7.882973303529156,3.4153171398547864
PhysiCell,PhysiCell_dx_20um,20.0,,mean over all voxels from microenvironment[4],mean over center voxels from microenvironment[4],voxel size=20 um,6.26,7.882973257401639,3.415316914707384
PhysiCell,PhysiCell_dx_20um,20.0,,mean over all voxels from microenvironment[4],mean over center voxels from microenvironment[4],voxel size=20 um,6.27,7.882973212271515,3.4153166944282383
PhysiCell,PhysiCell_dx_20um,20.0,,mean over all voxels from microenvironment[4],mean over center voxels from microenvironment[4],voxel size=20 um,6.28,7.88297316811722,3.415316478912088
PhysiCell,PhysiCell_dx_20um,20.0,,mean over all voxels from microenvironment[4],mean over center voxels from microenvironment[4],voxel size=20 um,6.29,7.882973124917653,3.415316268055944
PhysiCell,PhysiCell_dx_20um,20.0,,mean over all voxels from microenvironment[4],mean over center voxels from microenvironment[4],voxel size=20 um,6.3,7.882973082652169,3.4153160617590457
PhysiCell,PhysiCell_dx_20um,20.0,,mean over all voxels from microenvironment[4],mean over center voxels from microenvironment[4],voxel size=20 um,6.31,7.882973041300573,3.4153158599228095
PhysiCell,PhysiCell_dx_20um,20.0,,mean over all voxels from microenvironment[4],mean over center voxels from microenvironment[4],voxel size=20 um,6.32,7.882973000843103,3.4153156624507854
PhysiCell,PhysiCell_dx_20um,20.0,,mean over all voxels from microenvironment[4],mean over center voxels from microenvironment[4],voxel size=20 um,6.33,7.882972961260429,3.415315469248608
PhysiCell,PhysiCell_dx_20um,20.0,,mean over all voxels from microenvironment[4],mean over center voxels from microenvironment[4],voxel size=20 um,6.34,7.88297292253363,3.415315280223952
PhysiCell,PhysiCell_dx_20um,20.0,,mean over all voxels from microenvironment[4],mean over center voxels from microenvironment[4],voxel size=20 um,6.35,7.882972884644202,3.4153150952864877
PhysiCell,PhysiCell_dx_20um,20.0,,mean over all voxels from microenvironment[4],mean over center voxels from microenvironment[4],voxel size=20 um,6.36,7.882972847574041,3.415314914347842
PhysiCell,PhysiCell_dx_20um,20.0,,mean over all voxels from microenvironment[4],mean over center voxels from microenvironment[4],voxel size=20 um,6.37,7.882972811305431,3.4153147373215487
PhysiCell,PhysiCell_dx_20um,20.0,,mean over all voxels from microenvironment[4],mean over center voxels from microenvironment[4],voxel size=20 um,6.38,7.882972775821041,3.415314564123014
PhysiCell,PhysiCell_dx_20um,20.0,,mean over all voxels from microenvironment[4],mean over center voxels from microenvironment[4],voxel size=20 um,6.39,7.882972741103912,3.4153143946694704
PhysiCell,PhysiCell_dx_20um,20.0,,mean over all voxels from microenvironment[4],mean over center voxels from microenvironment[4],voxel size=20 um,6.4,7.882972707137457,3.415314228879942
PhysiCell,PhysiCell_dx_20um,20.0,,mean over all voxels from microenvironment[4],mean over center voxels from microenvironment[4],voxel size=20 um,6.41,7.882972673905443,3.4153140666752058
PhysiCell,PhysiCell_dx_20um,20.0,,mean over all voxels from microenvironment[4],mean over center voxels from microenvironment[4],voxel size=20 um,6.42,7.882972641391989,3.415313907977746
PhysiCell,PhysiCell_dx_20um,20.0,,mean over all voxels from microenvironment[4],mean over center voxels from microenvironment[4],voxel size=20 um,6.43,7.882972609581557,3.41531375271173
PhysiCell,PhysiCell_dx_20um,20.0,,mean over all voxels from microenvironment[4],mean over center voxels from microenvironment[4],voxel size=20 um,6.44,7.882972578458949,3.4153136008029588
PhysiCell,PhysiCell_dx_20um,20.0,,mean over all voxels from microenvironment[4],mean over center voxels from microenvironment[4],voxel size=20 um,6.45,7.88297254800929,3.415313452178841
PhysiCell,PhysiCell_dx_20um,20.0,,mean over all voxels from microenvironment[4],mean over center voxels from microenvironment[4],voxel size=20 um,6.46,7.882972518218032,3.4153133067683537
PhysiCell,PhysiCell_dx_20um,20.0,,mean over all voxels from microenvironment[4],mean over center voxels from microenvironment[4],voxel size=20 um,6.47,7.8829724890709345,3.4153131645020105
PhysiCell,PhysiCell_dx_20um,20.0,,mean over all voxels from microenvironment[4],mean over center voxels from microenvironment[4],voxel size=20 um,6.48,7.882972460554072,3.415313025311825
PhysiCell,PhysiCell_dx_20um,20.0,,mean over all voxels from microenvironment[4],mean over center voxels from microenvironment[4],voxel size=20 um,6.49,7.882972432653815,3.4153128891312874
PhysiCell,PhysiCell_dx_20um,20.0,,mean over all voxels from microenvironment[4],mean over center voxels from microenvironment[4],voxel size=20 um,6.5,7.882972405356834,3.4153127558953176
PhysiCell,PhysiCell_dx_20um,20.0,,mean over all voxels from microenvironment[4],mean over center voxels from microenvironment[4],voxel size=20 um,6.51,7.8829723786500825,3.4153126255402473
PhysiCell,PhysiCell_dx_20um,20.0,,mean over all voxels from microenvironment[4],mean over center voxels from microenvironment[4],voxel size=20 um,6.52,7.8829723525208,3.4153124980037854
PhysiCell,PhysiCell_dx_20um,20.0,,mean over all voxels from microenvironment[4],mean over center voxels from microenvironment[4],voxel size=20 um,6.53,7.882972326956497,3.415312373224985
PhysiCell,PhysiCell_dx_20um,20.0,,mean over all voxels from microenvironment[4],mean over center voxels from microenvironment[4],voxel size=20 um,6.54,7.882972301944961,3.4153122511442193
PhysiCell,PhysiCell_dx_20um,20.0,,mean over all voxels from microenvironment[4],mean over center voxels from microenvironment[4],voxel size=20 um,6.55,7.882972277474236,3.4153121317031494
PhysiCell,PhysiCell_dx_20um,20.0,,mean over all voxels from microenvironment[4],mean over center voxels from microenvironment[4],voxel size=20 um,6.56,7.882972253532632,3.415312014844699
PhysiCell,PhysiCell_dx_20um,20.0,,mean over all voxels from microenvironment[4],mean over center voxels from microenvironment[4],voxel size=20 um,6.57,7.882972230108704,3.4153119005130246
PhysiCell,PhysiCell_dx_20um,20.0,,mean over all voxels from microenvironment[4],mean over center voxels from microenvironment[4],voxel size=20 um,6.58,7.882972207191263,3.4153117886534923
PhysiCell,PhysiCell_dx_20um,20.0,,mean over all voxels from microenvironment[4],mean over center voxels from microenvironment[4],voxel size=20 um,6.59,7.882972184769355,3.415311679212646
PhysiCell,PhysiCell_dx_20um,20.0,,mean over all voxels from microenvironment[4],mean over center voxels from microenvironment[4],voxel size=20 um,6.6,7.8829721628322655,3.415311572138189
PhysiCell,PhysiCell_dx_20um,20.0,,mean over all voxels from microenvironment[4],mean over center voxels from microenvironment[4],voxel size=20 um,6.61,7.88297214136951,3.4153114673789533
PhysiCell,PhysiCell_dx_20um,20.0,,mean over all voxels from microenvironment[4],mean over center voxels from microenvironment[4],voxel size=20 um,6.62,7.882972120370835,3.4153113648848787
PhysiCell,PhysiCell_dx_20um,20.0,,mean over all voxels from microenvironment[4],mean over center voxels from microenvironment[4],voxel size=20 um,6.63,7.882972099826205,3.415311264606986
PhysiCell,PhysiCell_dx_20um,20.0,,mean over all voxels from microenvironment[4],mean over center voxels from microenvironment[4],voxel size=20 um,6.64,7.8829720797258025,3.4153111664973568
PhysiCell,PhysiCell_dx_20um,20.0,,mean over all voxels from microenvironment[4],mean over center voxels from microenvironment[4],voxel size=20 um,6.65,7.88297206006002,3.415311070509105
PhysiCell,PhysiCell_dx_20um,20.0,,mean over all voxels from microenvironment[4],mean over center voxels from microenvironment[4],voxel size=20 um,6.66,7.882972040819461,3.415310976596364
PhysiCell,PhysiCell_dx_20um,20.0,,mean over all voxels from microenvironment[4],mean over center voxels from microenvironment[4],voxel size=20 um,6.67,7.882972021994934,3.4153108847142555
PhysiCell,PhysiCell_dx_20um,20.0,,mean over all voxels from microenvironment[4],mean over center voxels from microenvironment[4],voxel size=20 um,6.68,7.882972003577441,3.4153107948188715
PhysiCell,PhysiCell_dx_20um,20.0,,mean over all voxels from microenvironment[4],mean over center voxels from microenvironment[4],voxel size=20 um,6.69,7.8829719855581795,3.4153107068672526
PhysiCell,PhysiCell_dx_20um,20.0,,mean over all voxels from microenvironment[4],mean over center voxels from microenvironment[4],voxel size=20 um,6.7,7.882971967928541,3.4153106208173707
PhysiCell,PhysiCell_dx_20um,20.0,,mean over all voxels from microenvironment[4],mean over center voxels from microenvironment[4],voxel size=20 um,6.71,7.8829719506800995,3.4153105366281076
PhysiCell,PhysiCell_dx_20um,20.0,,mean over all voxels from microenvironment[4],mean over center voxels from microenvironment[4],voxel size=20 um,6.72,7.8829719338046145,3.4153104542592287
PhysiCell,PhysiCell_dx_20um,20.0,,mean over all voxels from microenvironment[4],mean over center voxels from microenvironment[4],voxel size=20 um,6.73,7.882971917294021,3.415310373671374
PhysiCell,PhysiCell_dx_20um,20.0,,mean over all voxels from microenvironment[4],mean over center voxels from microenvironment[4],voxel size=20 um,6.74,7.882971901140425,3.4153102948260345
PhysiCell,PhysiCell_dx_20um,20.0,,mean over all voxels from microenvironment[4],mean over center voxels from microenvironment[4],voxel size=20 um,6.75,7.882971885336113,3.4153102176855303
PhysiCell,PhysiCell_dx_20um,20.0,,mean over all voxels from microenvironment[4],mean over center voxels from microenvironment[4],voxel size=20 um,6.76,7.882971869873532,3.415310142213
PhysiCell,PhysiCell_dx_20um,20.0,,mean over all voxels from microenvironment[4],mean over center voxels from microenvironment[4],voxel size=20 um,6.77,7.882971854745288,3.415310068372377
PhysiCell,PhysiCell_dx_20um,20.0,,mean over all voxels from microenvironment[4],mean over center voxels from microenvironment[4],voxel size=20 um,6.78,7.8829718399441555,3.4153099961283764
PhysiCell,PhysiCell_dx_20um,20.0,,mean over all voxels from microenvironment[4],mean over center voxels from microenvironment[4],voxel size=20 um,6.79,7.882971825463063,3.415309925446474
PhysiCell,PhysiCell_dx_20um,20.0,,mean over all voxels from microenvironment[4],mean over center voxels from microenvironment[4],voxel size=20 um,6.8,7.882971811295086,3.4153098562928945
PhysiCell,PhysiCell_dx_20um,20.0,,mean over all voxels from microenvironment[4],mean over center voxels from microenvironment[4],voxel size=20 um,6.81,7.882971797433459,3.4153097886345907
PhysiCell,PhysiCell_dx_20um,20.0,,mean over all voxels from microenvironment[4],mean over center voxels from microenvironment[4],voxel size=20 um,6.82,7.882971783871554,3.4153097224392317
PhysiCell,PhysiCell_dx_20um,20.0,,mean over all voxels from microenvironment[4],mean over center voxels from microenvironment[4],voxel size=20 um,6.83,7.882971770602893,3.415309657675184
PhysiCell,PhysiCell_dx_20um,20.0,,mean over all voxels from microenvironment[4],mean over center voxels from microenvironment[4],voxel size=20 um,6.84,7.8829717576211324,3.415309594311499
PhysiCell,PhysiCell_dx_20um,20.0,,mean over all voxels from microenvironment[4],mean over center voxels from microenvironment[4],voxel size=20 um,6.85,7.882971744920072,3.415309532317898
PhysiCell,PhysiCell_dx_20um,20.0,,mean over all voxels from microenvironment[4],mean over center voxels from microenvironment[4],voxel size=20 um,6.86,7.882971732493641,3.415309471664756
PhysiCell,PhysiCell_dx_20um,20.0,,mean over all voxels from microenvironment[4],mean over center voxels from microenvironment[4],voxel size=20 um,6.87,7.882971720335899,3.415309412323089
PhysiCell,PhysiCell_dx_20um,20.0,,mean over all voxels from microenvironment[4],mean over center voxels from microenvironment[4],voxel size=20 um,6.88,7.8829717084410404,3.4153093542645396
PhysiCell,PhysiCell_dx_20um,20.0,,mean over all voxels from microenvironment[4],mean over center voxels from microenvironment[4],voxel size=20 um,6.89,7.882971696803377,3.4153092974613632
PhysiCell,PhysiCell_dx_20um,20.0,,mean over all voxels from microenvironment[4],mean over center voxels from microenvironment[4],voxel size=20 um,6.9,7.882971685417351,3.415309241886416
PhysiCell,PhysiCell_dx_20um,20.0,,mean over all voxels from microenvironment[4],mean over center voxels from microenvironment[4],voxel size=20 um,6.91,7.8829716742775195,3.41530918751314
PhysiCell,PhysiCell_dx_20um,20.0,,mean over all voxels from microenvironment[4],mean over center voxels from microenvironment[4],voxel size=20 um,6.92,7.882971663378559,3.4153091343155517
PhysiCell,PhysiCell_dx_20um,20.0,,mean over all voxels from microenvironment[4],mean over center voxels from microenvironment[4],voxel size=20 um,6.93,7.882971652715261,3.4153090822682306
PhysiCell,PhysiCell_dx_20um,20.0,,mean over all voxels from microenvironment[4],mean over center voxels from microenvironment[4],voxel size=20 um,6.94,7.882971642282531,3.4153090313463057
PhysiCell,PhysiCell_dx_20um,20.0,,mean over all voxels from microenvironment[4],mean over center voxels from microenvironment[4],voxel size=20 um,6.95,7.882971632075385,3.415308981525442
PhysiCell,PhysiCell_dx_20um,20.0,,mean over all voxels from microenvironment[4],mean over center voxels from microenvironment[4],voxel size=20 um,6.96,7.882971622088942,3.4153089327818313
PhysiCell,PhysiCell_dx_20um,20.0,,mean over all voxels from microenvironment[4],mean over center voxels from microenvironment[4],voxel size=20 um,6.97,7.88297161231843,3.415308885092181
PhysiCell,PhysiCell_dx_20um,20.0,,mean over all voxels from microenvironment[4],mean over center voxels from microenvironment[4],voxel size=20 um,6.98,7.882971602759183,3.4153088384337025
PhysiCell,PhysiCell_dx_20um,20.0,,mean over all voxels from microenvironment[4],mean over center voxels from microenvironment[4],voxel size=20 um,6.99,7.882971593406631,3.415308792784098
PhysiCell,PhysiCell_dx_20um,20.0,,mean over all voxels from microenvironment[4],mean over center voxels from microenvironment[4],voxel size=20 um,7.0,7.882971584256305,3.4153087481215545
PhysiCell,PhysiCell_dx_20um,20.0,,mean over all voxels from microenvironment[4],mean over center voxels from microenvironment[4],voxel size=20 um,7.01,7.882971575303831,3.4153087044247283
PhysiCell,PhysiCell_dx_20um,20.0,,mean over all voxels from microenvironment[4],mean over center voxels from microenvironment[4],voxel size=20 um,7.02,7.882971566544933,3.415308661672739
PhysiCell,PhysiCell_dx_20um,20.0,,mean over all voxels from microenvironment[4],mean over center voxels from microenvironment[4],voxel size=20 um,7.03,7.882971557975424,3.415308619845155
PhysiCell,PhysiCell_dx_20um,20.0,,mean over all voxels from microenvironment[4],mean over center voxels from microenvironment[4],voxel size=20 um,7.04,7.88297154959121,3.4153085789219912
PhysiCell,PhysiCell_dx_20um,20.0,,mean over all voxels from microenvironment[4],mean over center voxels from microenvironment[4],voxel size=20 um,7.05,7.882971541388286,3.415308538883689
PhysiCell,PhysiCell_dx_20um,20.0,,mean over all voxels from microenvironment[4],mean over center voxels from microenvironment[4],voxel size=20 um,7.06,7.882971533362727,3.4153084997111165
PhysiCell,PhysiCell_dx_20um,20.0,,mean over all voxels from microenvironment[4],mean over center voxels from microenvironment[4],voxel size=20 um,7.07,7.882971525510702,3.4153084613855547
PhysiCell,PhysiCell_dx_20um,20.0,,mean over all voxels from microenvironment[4],mean over center voxels from microenvironment[4],voxel size=20 um,7.08,7.882971517828458,3.415308423888689
PhysiCell,PhysiCell_dx_20um,20.0,,mean over all voxels from microenvironment[4],mean over center voxels from microenvironment[4],voxel size=20 um,7.09,7.882971510312324,3.4153083872025998
PhysiCell,PhysiCell_dx_20um,20.0,,mean over all voxels from microenvironment[4],mean over center voxels from microenvironment[4],voxel size=20 um,7.1,7.882971502958709,3.4153083513097586
PhysiCell,PhysiCell_dx_20um,20.0,,mean over all voxels from microenvironment[4],mean over center voxels from microenvironment[4],voxel size=20 um,7.11,7.882971495764094,3.415308316193011
PhysiCell,PhysiCell_dx_20um,20.0,,mean over all voxels from microenvironment[4],mean over center voxels from microenvironment[4],voxel size=20 um,7.12,7.8829714887250475,3.415308281835576
PhysiCell,PhysiCell_dx_20um,20.0,,mean over all voxels from microenvironment[4],mean over center voxels from microenvironment[4],voxel size=20 um,7.13,7.882971481838203,3.4153082482210366
PhysiCell,PhysiCell_dx_20um,20.0,,mean over all voxels from microenvironment[4],mean over center voxels from microenvironment[4],voxel size=20 um,7.14,7.882971475100269,3.415308215333329
PhysiCell,PhysiCell_dx_20um,20.0,,mean over all voxels from microenvironment[4],mean over center voxels from microenvironment[4],voxel size=20 um,7.15,7.882971468508025,3.415308183156737
PhysiCell,PhysiCell_dx_20um,20.0,,mean over all voxels from microenvironment[4],mean over center voxels from microenvironment[4],voxel size=20 um,7.16,7.882971462058326,3.4153081516758843
PhysiCell,PhysiCell_dx_20um,20.0,,mean over all voxels from microenvironment[4],mean over center voxels from microenvironment[4],voxel size=20 um,7.17,7.882971455748083,3.4153081208757285
PhysiCell,PhysiCell_dx_20um,20.0,,mean over all voxels from microenvironment[4],mean over center voxels from microenvironment[4],voxel size=20 um,7.18,7.882971449574283,3.4153080907415494
PhysiCell,PhysiCell_dx_20um,20.0,,mean over all voxels from microenvironment[4],mean over center voxels from microenvironment[4],voxel size=20 um,7.19,7.882971443533977,3.4153080612589473
PhysiCell,PhysiCell_dx_20um,20.0,,mean over all voxels from microenvironment[4],mean over center voxels from microenvironment[4],voxel size=20 um,7.2,7.882971437624278,3.415308032413835
PhysiCell,PhysiCell_dx_20um,20.0,,mean over all voxels from microenvironment[4],mean over center voxels from microenvironment[4],voxel size=20 um,7.21,7.882971431842361,3.4153080041924273
PhysiCell,PhysiCell_dx_20um,20.0,,mean over all voxels from microenvironment[4],mean over center voxels from microenvironment[4],voxel size=20 um,7.22,7.882971426185466,3.4153079765812375
PhysiCell,PhysiCell_dx_20um,20.0,,mean over all voxels from microenvironment[4],mean over center voxels from microenvironment[4],voxel size=20 um,7.23,7.882971420650885,3.4153079495670715
PhysiCell,PhysiCell_dx_20um,20.0,,mean over all voxels from microenvironment[4],mean over center voxels from microenvironment[4],voxel size=20 um,7.24,7.882971415235976,3.415307923137021
PhysiCell,PhysiCell_dx_20um,20.0,,mean over all voxels from microenvironment[4],mean over center voxels from microenvironment[4],voxel size=20 um,7.25,7.882971409938152,3.415307897278455
PhysiCell,PhysiCell_dx_20um,20.0,,mean over all voxels from microenvironment[4],mean over center voxels from microenvironment[4],voxel size=20 um,7.26,7.882971404754878,3.4153078719790173
PhysiCell,PhysiCell_dx_20um,20.0,,mean over all voxels from microenvironment[4],mean over center voxels from microenvironment[4],voxel size=20 um,7.27,7.882971399683684,3.4153078472266176
PhysiCell,PhysiCell_dx_20um,20.0,,mean over all voxels from microenvironment[4],mean over center voxels from microenvironment[4],voxel size=20 um,7.28,7.882971394722138,3.4153078230094263
PhysiCell,PhysiCell_dx_20um,20.0,,mean over all voxels from microenvironment[4],mean over center voxels from microenvironment[4],voxel size=20 um,7.29,7.882971389867875,3.415307799315874
PhysiCell,PhysiCell_dx_20um,20.0,,mean over all voxels from microenvironment[4],mean over center voxels from microenvironment[4],voxel size=20 um,7.3,7.882971385118574,3.415307776134634
PhysiCell,PhysiCell_dx_20um,20.0,,mean over all voxels from microenvironment[4],mean over center voxels from microenvironment[4],voxel size=20 um,7.31,7.882971380471963,3.4153077534546337
PhysiCell,PhysiCell_dx_20um,20.0,,mean over all voxels from microenvironment[4],mean over center voxels from microenvironment[4],voxel size=20 um,7.32,7.882971375925826,3.415307731265031
PhysiCell,PhysiCell_dx_20um,20.0,,mean over all voxels from microenvironment[4],mean over center voxels from microenvironment[4],voxel size=20 um,7.33,7.8829713714779865,3.415307709555225
PhysiCell,PhysiCell_dx_20um,20.0,,mean over all voxels from microenvironment[4],mean over center voxels from microenvironment[4],voxel size=20 um,7.34,7.88297136712632,3.415307688314839
PhysiCell,PhysiCell_dx_20um,20.0,,mean over all voxels from microenvironment[4],mean over center voxels from microenvironment[4],voxel size=20 um,7.35,7.882971362868748,3.415307667533726
PhysiCell,PhysiCell_dx_20um,20.0,,mean over all voxels from microenvironment[4],mean over center voxels from microenvironment[4],voxel size=20 um,7.36,7.882971358703236,3.4153076472019523
PhysiCell,PhysiCell_dx_20um,20.0,,mean over all voxels from microenvironment[4],mean over center voxels from microenvironment[4],voxel size=20 um,7.37,7.882971354627794,3.4153076273098026
PhysiCell,PhysiCell_dx_20um,20.0,,mean over all voxels from microenvironment[4],mean over center voxels from microenvironment[4],voxel size=20 um,7.38,7.882971350640472,3.415307607847773
PhysiCell,PhysiCell_dx_20um,20.0,,mean over all voxels from microenvironment[4],mean over center voxels from microenvironment[4],voxel size=20 um,7.39,7.882971346739365,3.4153075888065603
PhysiCell,PhysiCell_dx_20um,20.0,,mean over all voxels from microenvironment[4],mean over center voxels from microenvironment[4],voxel size=20 um,7.4,7.8829713429226125,3.4153075701770677
PhysiCell,PhysiCell_dx_20um,20.0,,mean over all voxels from microenvironment[4],mean over center voxels from microenvironment[4],voxel size=20 um,7.41,7.882971339188385,3.4153075519503915
PhysiCell,PhysiCell_dx_20um,20.0,,mean over all voxels from microenvironment[4],mean over center voxels from microenvironment[4],voxel size=20 um,7.42,7.882971335534903,3.415307534117823
PhysiCell,PhysiCell_dx_20um,20.0,,mean over all voxels from microenvironment[4],mean over center voxels from microenvironment[4],voxel size=20 um,7.43,7.882971331960419,3.4153075166708398
PhysiCell,PhysiCell_dx_20um,20.0,,mean over all voxels from microenvironment[4],mean over center voxels from microenvironment[4],voxel size=20 um,7.44,7.882971328463223,3.4153074996011052
PhysiCell,PhysiCell_dx_20um,20.0,,mean over all voxels from microenvironment[4],mean over center voxels from microenvironment[4],voxel size=20 um,7.45,7.882971325041644,3.4153074829004604
PhysiCell,PhysiCell_dx_20um,20.0,,mean over all voxels from microenvironment[4],mean over center voxels from microenvironment[4],voxel size=20 um,7.46,7.882971321694051,3.4153074665609267
PhysiCell,PhysiCell_dx_20um,20.0,,mean over all voxels from microenvironment[4],mean over center voxels from microenvironment[4],voxel size=20 um,7.47,7.882971318418842,3.415307450574695
PhysiCell,PhysiCell_dx_20um,20.0,,mean over all voxels from microenvironment[4],mean over center voxels from microenvironment[4],voxel size=20 um,7.48,7.882971315214448,3.415307434934127
PhysiCell,PhysiCell_dx_20um,20.0,,mean over all voxels from microenvironment[4],mean over center voxels from microenvironment[4],voxel size=20 um,7.49,7.882971312079342,3.415307419631747
PhysiCell,PhysiCell_dx_20um,20.0,,mean over all voxels from microenvironment[4],mean over center voxels from microenvironment[4],voxel size=20 um,7.5,7.882971309012026,3.415307404660243
PhysiCell,PhysiCell_dx_20um,20.0,,mean over all voxels from microenvironment[4],mean over center voxels from microenvironment[4],voxel size=20 um,7.51,7.882971306011034,3.415307390012461
PhysiCell,PhysiCell_dx_20um,20.0,,mean over all voxels from microenvironment[4],mean over center voxels from microenvironment[4],voxel size=20 um,7.52,7.882971303074931,3.4153073756814014
PhysiCell,PhysiCell_dx_20um,20.0,,mean over all voxels from microenvironment[4],mean over center voxels from microenvironment[4],voxel size=20 um,7.53,7.882971300202312,3.4153073616602163
PhysiCell,PhysiCell_dx_20um,20.0,,mean over all voxels from microenvironment[4],mean over center voxels from microenvironment[4],voxel size=20 um,7.54,7.882971297391808,3.4153073479422043
PhysiCell,PhysiCell_dx_20um,20.0,,mean over all voxels from microenvironment[4],mean over center voxels from microenvironment[4],voxel size=20 um,7.55,7.882971294642074,3.4153073345208114
PhysiCell,PhysiCell_dx_20um,20.0,,mean over all voxels from microenvironment[4],mean over center voxels from microenvironment[4],voxel size=20 um,7.56,7.882971291951794,3.4153073213896215
PhysiCell,PhysiCell_dx_20um,20.0,,mean over all voxels from microenvironment[4],mean over center voxels from microenvironment[4],voxel size=20 um,7.57,7.882971289319687,3.415307308542362
PhysiCell,PhysiCell_dx_20um,20.0,,mean over all voxels from microenvironment[4],mean over center voxels from microenvironment[4],voxel size=20 um,7.58,7.8829712867444925,3.415307295972894
PhysiCell,PhysiCell_dx_20um,20.0,,mean over all voxels from microenvironment[4],mean over center voxels from microenvironment[4],voxel size=20 um,7.59,7.882971284224981,3.415307283675208
PhysiCell,PhysiCell_dx_20um,20.0,,mean over all voxels from microenvironment[4],mean over center voxels from microenvironment[4],voxel size=20 um,7.6,7.882971281759946,3.41530727164343
PhysiCell,PhysiCell_dx_20um,20.0,,mean over all voxels from microenvironment[4],mean over center voxels from microenvironment[4],voxel size=20 um,7.61,7.882971279348212,3.415307259871809
PhysiCell,PhysiCell_dx_20um,20.0,,mean over all voxels from microenvironment[4],mean over center voxels from microenvironment[4],voxel size=20 um,7.62,7.882971276988626,3.4153072483547207
PhysiCell,PhysiCell_dx_20um,20.0,,mean over all voxels from microenvironment[4],mean over center voxels from microenvironment[4],voxel size=20 um,7.63,7.88297127468006,3.4153072370866604
PhysiCell,PhysiCell_dx_20um,20.0,,mean over all voxels from microenvironment[4],mean over center voxels from microenvironment[4],voxel size=20 um,7.64,7.882971272421411,3.4153072260622452
PhysiCell,PhysiCell_dx_20um,20.0,,mean over all voxels from microenvironment[4],mean over center voxels from microenvironment[4],voxel size=20 um,7.65,7.882971270211601,3.415307215276205
PhysiCell,PhysiCell_dx_20um,20.0,,mean over all voxels from microenvironment[4],mean over center voxels from microenvironment[4],voxel size=20 um,7.66,7.88297126804957,3.415307204723388
PhysiCell,PhysiCell_dx_20um,20.0,,mean over all voxels from microenvironment[4],mean over center voxels from microenvironment[4],voxel size=20 um,7.67,7.882971265934289,3.415307194398747
PhysiCell,PhysiCell_dx_20um,20.0,,mean over all voxels from microenvironment[4],mean over center voxels from microenvironment[4],voxel size=20 um,7.68,7.882971263864747,3.4153071842973537
PhysiCell,PhysiCell_dx_20um,20.0,,mean over all voxels from microenvironment[4],mean over center voxels from microenvironment[4],voxel size=20 um,7.69,7.882971261839953,3.4153071744143775
PhysiCell,PhysiCell_dx_20um,20.0,,mean over all voxels from microenvironment[4],mean over center voxels from microenvironment[4],voxel size=20 um,7.7,7.88297125985894,3.4153071647450957
PhysiCell,PhysiCell_dx_20um,20.0,,mean over all voxels from microenvironment[4],mean over center voxels from microenvironment[4],voxel size=20 um,7.71,7.88297125792076,3.415307155284889
PhysiCell,PhysiCell_dx_20um,20.0,,mean over all voxels from microenvironment[4],mean over center voxels from microenvironment[4],voxel size=20 um,7.72,7.882971256024491,3.4153071460292352
PhysiCell,PhysiCell_dx_20um,20.0,,mean over all voxels from microenvironment[4],mean over center voxels from microenvironment[4],voxel size=20 um,7.73,7.882971254169223,3.4153071369737127
PhysiCell,PhysiCell_dx_20um,20.0,,mean over all voxels from microenvironment[4],mean over center voxels from microenvironment[4],voxel size=20 um,7.74,7.88297125235407,3.4153071281139926
PhysiCell,PhysiCell_dx_20um,20.0,,mean over all voxels from microenvironment[4],mean over center voxels from microenvironment[4],voxel size=20 um,7.75,7.882971250578166,3.4153071194458438
PhysiCell,PhysiCell_dx_20um,20.0,,mean over all voxels from microenvironment[4],mean over center voxels from microenvironment[4],voxel size=20 um,7.76,7.882971248840662,3.4153071109651214
PhysiCell,PhysiCell_dx_20um,20.0,,mean over all voxels from microenvironment[4],mean over center voxels from microenvironment[4],voxel size=20 um,7.77,7.882971247140727,3.415307102667774
PhysiCell,PhysiCell_dx_20um,20.0,,mean over all voxels from microenvironment[4],mean over center voxels from microenvironment[4],voxel size=20 um,7.78,7.882971245477548,3.4153070945498367
PhysiCell,PhysiCell_dx_20um,20.0,,mean over all voxels from microenvironment[4],mean over center voxels from microenvironment[4],voxel size=20 um,7.79,7.882971243850331,3.4153070866074295
PhysiCell,PhysiCell_dx_20um,20.0,,mean over all voxels from microenvironment[4],mean over center voxels from microenvironment[4],voxel size=20 um,7.8,7.882971242258301,3.4153070788367574
PhysiCell,PhysiCell_dx_20um,20.0,,mean over all voxels from microenvironment[4],mean over center voxels from microenvironment[4],voxel size=20 um,7.81,7.882971240700692,3.4153070712341065
PhysiCell,PhysiCell_dx_20um,20.0,,mean over all voxels from microenvironment[4],mean over center voxels from microenvironment[4],voxel size=20 um,7.82,7.882971239176764,3.4153070637958445
PhysiCell,PhysiCell_dx_20um,20.0,,mean over all voxels from microenvironment[4],mean over center voxels from microenvironment[4],voxel size=20 um,7.83,7.882971237685787,3.4153070565184165
PhysiCell,PhysiCell_dx_20um,20.0,,mean over all voxels from microenvironment[4],mean over center voxels from microenvironment[4],voxel size=20 um,7.84,7.882971236227047,3.415307049398345
PhysiCell,PhysiCell_dx_20um,20.0,,mean over all voxels from microenvironment[4],mean over center voxels from microenvironment[4],voxel size=20 um,7.85,7.882971234799849,3.415307042432227
PhysiCell,PhysiCell_dx_20um,20.0,,mean over all voxels from microenvironment[4],mean over center voxels from microenvironment[4],voxel size=20 um,7.86,7.882971233403512,3.4153070356167348
PhysiCell,PhysiCell_dx_20um,20.0,,mean over all voxels from microenvironment[4],mean over center voxels from microenvironment[4],voxel size=20 um,7.87,7.882971232037368,3.415307028948611
PhysiCell,PhysiCell_dx_20um,20.0,,mean over all voxels from microenvironment[4],mean over center voxels from microenvironment[4],voxel size=20 um,7.88,7.882971230700762,3.4153070224246678
PhysiCell,PhysiCell_dx_20um,20.0,,mean over all voxels from microenvironment[4],mean over center voxels from microenvironment[4],voxel size=20 um,7.89,7.882971229393057,3.4153070160417904
PhysiCell,PhysiCell_dx_20um,20.0,,mean over all voxels from microenvironment[4],mean over center voxels from microenvironment[4],voxel size=20 um,7.9,7.88297122811363,3.4153070097969263
PhysiCell,PhysiCell_dx_20um,20.0,,mean over all voxels from microenvironment[4],mean over center voxels from microenvironment[4],voxel size=20 um,7.91,7.882971226861865,3.415307003687092
PhysiCell,PhysiCell_dx_20um,20.0,,mean over all voxels from microenvironment[4],mean over center voxels from microenvironment[4],voxel size=20 um,7.92,7.882971225637165,3.4153069977093677
PhysiCell,PhysiCell_dx_20um,20.0,,mean over all voxels from microenvironment[4],mean over center voxels from microenvironment[4],voxel size=20 um,7.93,7.88297122443895,3.4153069918608967
PhysiCell,PhysiCell_dx_20um,20.0,,mean over all voxels from microenvironment[4],mean over center voxels from microenvironment[4],voxel size=20 um,7.94,7.882971223266641,3.4153069861388845
PhysiCell,PhysiCell_dx_20um,20.0,,mean over all voxels from microenvironment[4],mean over center voxels from microenvironment[4],voxel size=20 um,7.95,7.88297122211968,3.4153069805405973
PhysiCell,PhysiCell_dx_20um,20.0,,mean over all voxels from microenvironment[4],mean over center voxels from microenvironment[4],voxel size=20 um,7.96,7.882971220997521,3.4153069750633596
PhysiCell,PhysiCell_dx_20um,20.0,,mean over all voxels from microenvironment[4],mean over center voxels from microenvironment[4],voxel size=20 um,7.97,7.882971219899624,3.4153069697045533
PhysiCell,PhysiCell_dx_20um,20.0,,mean over all voxels from microenvironment[4],mean over center voxels from microenvironment[4],voxel size=20 um,7.98,7.882971218825468,3.4153069644616183
PhysiCell,PhysiCell_dx_20um,20.0,,mean over all voxels from microenvironment[4],mean over center voxels from microenvironment[4],voxel size=20 um,7.99,7.882971217774538,3.4153069593320478
PhysiCell,PhysiCell_dx_20um,20.0,,mean over all voxels from microenvironment[4],mean over center voxels from microenvironment[4],voxel size=20 um,8.0,7.88297121674633,3.415306954313393
PhysiCell,PhysiCell_dx_20um,20.0,,mean over all voxels from microenvironment[4],mean over center voxels from microenvironment[4],voxel size=20 um,8.01,7.882971215740356,3.4153069494032526
PhysiCell,PhysiCell_dx_20um,20.0,,mean over all voxels from microenvironment[4],mean over center voxels from microenvironment[4],voxel size=20 um,8.02,7.882971214756134,3.4153069445992825
PhysiCell,PhysiCell_dx_20um,20.0,,mean over all voxels from microenvironment[4],mean over center voxels from microenvironment[4],voxel size=20 um,8.03,7.8829712137931915,3.415306939899187
PhysiCell,PhysiCell_dx_20um,20.0,,mean over all voxels from microenvironment[4],mean over center voxels from microenvironment[4],voxel size=20 um,8.04,7.882971212851071,3.4153069353007193
PhysiCell,PhysiCell_dx_20um,20.0,,mean over all voxels from microenvironment[4],mean over center voxels from microenvironment[4],voxel size=20 um,8.05,7.8829712119293225,3.4153069308016817
PhysiCell,PhysiCell_dx_20um,20.0,,mean over all voxels from microenvironment[4],mean over center voxels from microenvironment[4],voxel size=20 um,8.06,7.882971211027504,3.415306926399925
PhysiCell,PhysiCell_dx_20um,20.0,,mean over all voxels from microenvironment[4],mean over center voxels from microenvironment[4],voxel size=20 um,8.07,7.882971210145186,3.4153069220933454
PhysiCell,PhysiCell_dx_20um,20.0,,mean over all voxels from microenvironment[4],mean over center voxels from microenvironment[4],voxel size=20 um,8.08,7.882971209281944,3.415306917879885
PhysiCell,PhysiCell_dx_20um,20.0,,mean over all voxels from microenvironment[4],mean over center voxels from microenvironment[4],voxel size=20 um,8.09,7.88297120843737,3.415306913757532
PhysiCell,PhysiCell_dx_20um,20.0,,mean over all voxels from microenvironment[4],mean over center voxels from microenvironment[4],voxel size=20 um,8.1,7.882971207611056,3.4153069097243134
PhysiCell,PhysiCell_dx_20um,20.0,,mean over all voxels from microenvironment[4],mean over center voxels from microenvironment[4],voxel size=20 um,8.11,7.88297120680261,3.4153069057783023
PhysiCell,PhysiCell_dx_20um,20.0,,mean over all voxels from microenvironment[4],mean over center voxels from microenvironment[4],voxel size=20 um,8.12,7.882971206011643,3.4153069019176154
PhysiCell,PhysiCell_dx_20um,20.0,,mean over all voxels from microenvironment[4],mean over center voxels from microenvironment[4],voxel size=20 um,8.13,7.882971205237779,3.4153068981404053
PhysiCell,PhysiCell_dx_20um,20.0,,mean over all voxels from microenvironment[4],mean over center voxels from microenvironment[4],voxel size=20 um,8.14,7.88297120448065,3.415306894444868
PhysiCell,PhysiCell_dx_20um,20.0,,mean over all voxels from microenvironment[4],mean over center voxels from microenvironment[4],voxel size=20 um,8.15,7.88297120373989,3.4153068908292386
PhysiCell,PhysiCell_dx_20um,20.0,,mean over all voxels from microenvironment[4],mean over center voxels from microenvironment[4],voxel size=20 um,8.16,7.882971203015148,3.4153068872917873
PhysiCell,PhysiCell_dx_20um,20.0,,mean over all voxels from microenvironment[4],mean over center voxels from microenvironment[4],voxel size=20 um,8.17,7.882971202306075,3.4153068838308256
PhysiCell,PhysiCell_dx_20um,20.0,,mean over all voxels from microenvironment[4],mean over center voxels from microenvironment[4],voxel size=20 um,8.18,7.882971201612338,3.4153068804446978
PhysiCell,PhysiCell_dx_20um,20.0,,mean over all voxels from microenvironment[4],mean over center voxels from microenvironment[4],voxel size=20 um,8.19,7.882971200933598,3.415306877131787
PhysiCell,PhysiCell_dx_20um,20.0,,mean over all voxels from microenvironment[4],mean over center voxels from microenvironment[4],voxel size=20 um,8.2,7.882971200269536,3.41530687389051
PhysiCell,PhysiCell_dx_20um,20.0,,mean over all voxels from microenvironment[4],mean over center voxels from microenvironment[4],voxel size=20 um,8.21,7.8829711996198295,3.415306870719318
PhysiCell,PhysiCell_dx_20um,20.0,,mean over all voxels from microenvironment[4],mean over center voxels from microenvironment[4],voxel size=20 um,8.22,7.882971198984174,3.4153068676166947
PhysiCell,PhysiCell_dx_20um,20.0,,mean over all voxels from microenvironment[4],mean over center voxels from microenvironment[4],voxel size=20 um,8.23,7.882971198362264,3.415306864581158
PhysiCell,PhysiCell_dx_20um,20.0,,mean over all voxels from microenvironment[4],mean over center voxels from microenvironment[4],voxel size=20 um,8.24,7.8829711977537995,3.4153068616112567
PhysiCell,PhysiCell_dx_20um,20.0,,mean over all voxels from microenvironment[4],mean over center voxels from microenvironment[4],voxel size=20 um,8.25,7.882971197158491,3.415306858705573
PhysiCell,PhysiCell_dx_20um,20.0,,mean over all voxels from microenvironment[4],mean over center voxels from microenvironment[4],voxel size=20 um,8.26,7.882971196576055,3.4153068558627178
PhysiCell,PhysiCell_dx_20um,20.0,,mean over all voxels from microenvironment[4],mean over center voxels from microenvironment[4],voxel size=20 um,8.27,7.882971196006215,3.4153068530813315
PhysiCell,PhysiCell_dx_20um,20.0,,mean over all voxels from microenvironment[4],mean over center voxels from microenvironment[4],voxel size=20 um,8.28,7.882971195448692,3.415306850360086
PhysiCell,PhysiCell_dx_20um,20.0,,mean over all voxels from microenvironment[4],mean over center voxels from microenvironment[4],voxel size=20 um,8.29,7.882971194903226,3.4153068476976802
PhysiCell,PhysiCell_dx_20um,20.0,,mean over all voxels from microenvironment[4],mean over center voxels from microenvironment[4],voxel size=20 um,8.3,7.882971194369555,3.415306845092843
PhysiCell,PhysiCell_dx_20um,20.0,,mean over all voxels from microenvironment[4],mean over center voxels from microenvironment[4],voxel size=20 um,8.31,7.882971193847425,3.415306842544329
PhysiCell,PhysiCell_dx_20um,20.0,,mean over all voxels from microenvironment[4],mean over center voxels from microenvironment[4],voxel size=20 um,8.32,7.882971193336582,3.4153068400509206
PhysiCell,PhysiCell_dx_20um,20.0,,mean over all voxels from microenvironment[4],mean over center voxels from microenvironment[4],voxel size=20 um,8.33,7.882971192836788,3.415306837611426
PhysiCell,PhysiCell_dx_20um,20.0,,mean over all voxels from microenvironment[4],mean over center voxels from microenvironment[4],voxel size=20 um,8.34,7.882971192347796,3.4153068352246807
PhysiCell,PhysiCell_dx_20um,20.0,,mean over all voxels from microenvironment[4],mean over center voxels from microenvironment[4],voxel size=20 um,8.35,7.8829711918693794,3.41530683288954
PhysiCell,PhysiCell_dx_20um,20.0,,mean over all voxels from microenvironment[4],mean over center voxels from microenvironment[4],voxel size=20 um,8.36,7.882971191401309,3.415306830604893
PhysiCell,PhysiCell_dx_20um,20.0,,mean over all voxels from microenvironment[4],mean over center voxels from microenvironment[4],voxel size=20 um,8.37,7.8829711909433575,3.415306828369645
PhysiCell,PhysiCell_dx_20um,20.0,,mean over all voxels from microenvironment[4],mean over center voxels from microenvironment[4],voxel size=20 um,8.38,7.88297119049531,3.4153068261827286
PhysiCell,PhysiCell_dx_20um,20.0,,mean over all voxels from microenvironment[4],mean over center voxels from microenvironment[4],voxel size=20 um,8.39,7.8829711900569475,3.415306824043101
PhysiCell,PhysiCell_dx_20um,20.0,,mean over all voxels from microenvironment[4],mean over center voxels from microenvironment[4],voxel size=20 um,8.4,7.882971189628066,3.4153068219497356
PhysiCell,PhysiCell_dx_20um,20.0,,mean over all voxels from microenvironment[4],mean over center voxels from microenvironment[4],voxel size=20 um,8.41,7.882971189208458,3.4153068199016343
PhysiCell,PhysiCell_dx_20um,20.0,,mean over all voxels from microenvironment[4],mean over center voxels from microenvironment[4],voxel size=20 um,8.42,7.882971188797923,3.415306817897819
PhysiCell,PhysiCell_dx_20um,20.0,,mean over all voxels from microenvironment[4],mean over center voxels from microenvironment[4],voxel size=20 um,8.43,7.882971188396262,3.4153068159373308
PhysiCell,PhysiCell_dx_20um,20.0,,mean over all voxels from microenvironment[4],mean over center voxels from microenvironment[4],voxel size=20 um,8.44,7.88297118800329,3.415306814019233
PhysiCell,PhysiCell_dx_20um,20.0,,mean over all voxels from microenvironment[4],mean over center voxels from microenvironment[4],voxel size=20 um,8.45,7.8829711876188115,3.415306812142609
PhysiCell,PhysiCell_dx_20um,20.0,,mean over all voxels from microenvironment[4],mean over center voxels from microenvironment[4],voxel size=20 um,8.46,7.882971187242649,3.4153068103065625
PhysiCell,PhysiCell_dx_20um,20.0,,mean over all voxels from microenvironment[4],mean over center voxels from microenvironment[4],voxel size=20 um,8.47,7.8829711868746175,3.4153068085102167
PhysiCell,PhysiCell_dx_20um,20.0,,mean over all voxels from microenvironment[4],mean over center voxels from microenvironment[4],voxel size=20 um,8.48,7.8829711865145455,3.415306806752712
PhysiCell,PhysiCell_dx_20um,20.0,,mean over all voxels from microenvironment[4],mean over center voxels from microenvironment[4],voxel size=20 um,8.49,7.882971186162259,3.4153068050332087
PhysiCell,PhysiCell_dx_20um,20.0,,mean over all voxels from microenvironment[4],mean over center voxels from microenvironment[4],voxel size=20 um,8.5,7.882971185817591,3.415306803350886
PhysiCell,PhysiCell_dx_20um,20.0,,mean over all voxels from microenvironment[4],mean over center voxels from microenvironment[4],voxel size=20 um,8.51,7.882971185480374,3.415306801704939
PhysiCell,PhysiCell_dx_20um,20.0,,mean over all voxels from microenvironment[4],mean over center voxels from microenvironment[4],voxel size=20 um,8.52,7.882971185150449,3.4153068000945823
PhysiCell,PhysiCell_dx_20um,20.0,,mean over all voxels from microenvironment[4],mean over center voxels from microenvironment[4],voxel size=20 um,8.53,7.8829711848276585,3.4153067985190453
PhysiCell,PhysiCell_dx_20um,20.0,,mean over all voxels from microenvironment[4],mean over center voxels from microenvironment[4],voxel size=20 um,8.54,7.882971184511846,3.4153067969775757
PhysiCell,PhysiCell_dx_20um,20.0,,mean over all voxels from microenvironment[4],mean over center voxels from microenvironment[4],voxel size=20 um,8.55,7.882971184202863,3.4153067954694363
PhysiCell,PhysiCell_dx_20um,20.0,,mean over all voxels from microenvironment[4],mean over center voxels from microenvironment[4],voxel size=20 um,8.56,7.882971183900561,3.415306793993906
PhysiCell,PhysiCell_dx_20um,20.0,,mean over all voxels from microenvironment[4],mean over center voxels from microenvironment[4],voxel size=20 um,8.57,7.882971183604796,3.4153067925502802
PhysiCell,PhysiCell_dx_20um,20.0,,mean over all voxels from microenvironment[4],mean over center voxels from microenvironment[4],voxel size=20 um,8.58,7.882971183315425,3.4153067911378696
PhysiCell,PhysiCell_dx_20um,20.0,,mean over all voxels from microenvironment[4],mean over center voxels from microenvironment[4],voxel size=20 um,8.59,7.882971183032311,3.4153067897559994
PhysiCell,PhysiCell_dx_20um,20.0,,mean over all voxels from microenvironment[4],mean over center voxels from microenvironment[4],voxel size=20 um,8.6,7.88297118275532,3.415306788404008
PhysiCell,PhysiCell_dx_20um,20.0,,mean over all voxels from microenvironment[4],mean over center voxels from microenvironment[4],voxel size=20 um,8.61,7.882971182484317,3.41530678708125
PhysiCell,PhysiCell_dx_20um,20.0,,mean over all voxels from microenvironment[4],mean over center voxels from microenvironment[4],voxel size=20 um,8.62,7.8829711822191735,3.4153067857870942
PhysiCell,PhysiCell_dx_20um,20.0,,mean over all voxels from microenvironment[4],mean over center voxels from microenvironment[4],voxel size=20 um,8.63,7.882971181959766,3.4153067845209217
PhysiCell,PhysiCell_dx_20um,20.0,,mean over all voxels from microenvironment[4],mean over center voxels from microenvironment[4],voxel size=20 um,8.64,7.882971181705964,3.415306783282126
PhysiCell,PhysiCell_dx_20um,20.0,,mean over all voxels from microenvironment[4],mean over center voxels from microenvironment[4],voxel size=20 um,8.65,7.882971181457651,3.4153067820701177
PhysiCell,PhysiCell_dx_20um,20.0,,mean over all voxels from microenvironment[4],mean over center voxels from microenvironment[4],voxel size=20 um,8.66,7.882971181214708,3.415306780884316
PhysiCell,PhysiCell_dx_20um,20.0,,mean over all voxels from microenvironment[4],mean over center voxels from microenvironment[4],voxel size=20 um,8.67,7.882971180977018,3.415306779724153
PhysiCell,PhysiCell_dx_20um,20.0,,mean over all voxels from microenvironment[4],mean over center voxels from microenvironment[4],voxel size=20 um,8.68,7.882971180744466,3.4153067785890756
PhysiCell,PhysiCell_dx_20um,20.0,,mean over all voxels from microenvironment[4],mean over center voxels from microenvironment[4],voxel size=20 um,8.69,7.882971180516943,3.415306777478542
PhysiCell,PhysiCell_dx_20um,20.0,,mean over all voxels from microenvironment[4],mean over center voxels from microenvironment[4],voxel size=20 um,8.7,7.882971180294339,3.4153067763920206
PhysiCell,PhysiCell_dx_20um,20.0,,mean over all voxels from microenvironment[4],mean over center voxels from microenvironment[4],voxel size=20 um,8.71,7.882971180076551,3.415306775328993
PhysiCell,PhysiCell_dx_20um,20.0,,mean over all voxels from microenvironment[4],mean over center voxels from microenvironment[4],voxel size=20 um,8.72,7.882971179863469,3.415306774288951
PhysiCell,PhysiCell_dx_20um,20.0,,mean over all voxels from microenvironment[4],mean over center voxels from microenvironment[4],voxel size=20 um,8.73,7.882971179654997,3.415306773271397
PhysiCell,PhysiCell_dx_20um,20.0,,mean over all voxels from microenvironment[4],mean over center voxels from microenvironment[4],voxel size=20 um,8.74,7.882971179451031,3.4153067722758452
PhysiCell,PhysiCell_dx_20um,20.0,,mean over all voxels from microenvironment[4],mean over center voxels from microenvironment[4],voxel size=20 um,8.75,7.882971179251475,3.4153067713018195
PhysiCell,PhysiCell_dx_20um,20.0,,mean over all voxels from microenvironment[4],mean over center voxels from microenvironment[4],voxel size=20 um,8.76,7.882971179056234,3.415306770348855
PhysiCell,PhysiCell_dx_20um,20.0,,mean over all voxels from microenvironment[4],mean over center voxels from microenvironment[4],voxel size=20 um,8.77,7.8829711788652155,3.415306769416496
PhysiCell,PhysiCell_dx_20um,20.0,,mean over all voxels from microenvironment[4],mean over center voxels from microenvironment[4],voxel size=20 um,8.78,7.882971178678328,3.4153067685042973
PhysiCell,PhysiCell_dx_20um,20.0,,mean over all voxels from microenvironment[4],mean over center voxels from microenvironment[4],voxel size=20 um,8.79,7.882971178495478,3.415306767611822
PhysiCell,PhysiCell_dx_20um,20.0,,mean over all voxels from microenvironment[4],mean over center voxels from microenvironment[4],voxel size=20 um,8.8,7.882971178316587,3.415306766738644
PhysiCell,PhysiCell_dx_20um,20.0,,mean over all voxels from microenvironment[4],mean over center voxels from microenvironment[4],voxel size=20 um,8.81,7.88297117814156,3.415306765884347
PhysiCell,PhysiCell_dx_20um,20.0,,mean over all voxels from microenvironment[4],mean over center voxels from microenvironment[4],voxel size=20 um,8.82,7.882971177970319,3.4153067650485216
PhysiCell,PhysiCell_dx_20um,20.0,,mean over all voxels from microenvironment[4],mean over center voxels from microenvironment[4],voxel size=20 um,8.83,7.88297117780278,3.4153067642307704
PhysiCell,PhysiCell_dx_20um,20.0,,mean over all voxels from microenvironment[4],mean over center voxels from microenvironment[4],voxel size=20 um,8.84,7.882971177638864,3.415306763430699
PhysiCell,PhysiCell_dx_20um,20.0,,mean over all voxels from microenvironment[4],mean over center voxels from microenvironment[4],voxel size=20 um,8.85,7.882971177478493,3.4153067626479277
PhysiCell,PhysiCell_dx_20um,20.0,,mean over all voxels from microenvironment[4],mean over center voxels from microenvironment[4],voxel size=20 um,8.86,7.882971177321587,3.4153067618820825
PhysiCell,PhysiCell_dx_20um,20.0,,mean over all voxels from microenvironment[4],mean over center voxels from microenvironment[4],voxel size=20 um,8.87,7.882971177168077,3.4153067611327974
PhysiCell,PhysiCell_dx_20um,20.0,,mean over all voxels from microenvironment[4],mean over center voxels from microenvironment[4],voxel size=20 um,8.88,7.882971177017885,3.4153067603997127
PhysiCell,PhysiCell_dx_20um,20.0,,mean over all voxels from microenvironment[4],mean over center voxels from microenvironment[4],voxel size=20 um,8.89,7.8829711768709405,3.415306759682479
PhysiCell,PhysiCell_dx_20um,20.0,,mean over all voxels from microenvironment[4],mean over center voxels from microenvironment[4],voxel size=20 um,8.9,7.882971176727172,3.4153067589807544
PhysiCell,PhysiCell_dx_20um,20.0,,mean over all voxels from microenvironment[4],mean over center voxels from microenvironment[4],voxel size=20 um,8.91,7.882971176586514,3.4153067582942027
PhysiCell,PhysiCell_dx_20um,20.0,,mean over all voxels from microenvironment[4],mean over center voxels from microenvironment[4],voxel size=20 um,8.92,7.882971176448897,3.415306757622495
PhysiCell,PhysiCell_dx_20um,20.0,,mean over all voxels from microenvironment[4],mean over center voxels from microenvironment[4],voxel size=20 um,8.93,7.882971176314254,3.415306756965312
PhysiCell,PhysiCell_dx_20um,20.0,,mean over all voxels from microenvironment[4],mean over center voxels from microenvironment[4],voxel size=20 um,8.94,7.882971176182526,3.415306756322339
PhysiCell,PhysiCell_dx_20um,20.0,,mean over all voxels from microenvironment[4],mean over center voxels from microenvironment[4],voxel size=20 um,8.95,7.882971176053642,3.41530675569327
PhysiCell,PhysiCell_dx_20um,20.0,,mean over all voxels from microenvironment[4],mean over center voxels from microenvironment[4],voxel size=20 um,8.96,7.8829711759275485,3.415306755077801
PhysiCell,PhysiCell_dx_20um,20.0,,mean over all voxels from microenvironment[4],mean over center voxels from microenvironment[4],voxel size=20 um,8.97,7.88297117580418,3.4153067544756412
PhysiCell,PhysiCell_dx_20um,20.0,,mean over all voxels from microenvironment[4],mean over center voxels from microenvironment[4],voxel size=20 um,8.98,7.882971175683479,3.415306753886501
PhysiCell,PhysiCell_dx_20um,20.0,,mean over all voxels from microenvironment[4],mean over center voxels from microenvironment[4],voxel size=20 um,8.99,7.882971175565387,3.4153067533101003
PhysiCell,PhysiCell_dx_20um,20.0,,mean over all voxels from microenvironment[4],mean over center voxels from microenvironment[4],voxel size=20 um,9.0,7.882971175449848,3.415306752746161
PhysiCell,PhysiCell_dx_20um,20.0,,mean over all voxels from microenvironment[4],mean over center voxels from microenvironment[4],voxel size=20 um,9.01,7.8829711753368095,3.415306752194418
PhysiCell,PhysiCell_dx_20um,20.0,,mean over all voxels from microenvironment[4],mean over center voxels from microenvironment[4],voxel size=20 um,9.02,7.882971175226213,3.4153067516546036
PhysiCell,PhysiCell_dx_20um,20.0,,mean over all voxels from microenvironment[4],mean over center voxels from microenvironment[4],voxel size=20 um,9.03,7.882971175118009,3.4153067511264616
PhysiCell,PhysiCell_dx_20um,20.0,,mean over all voxels from microenvironment[4],mean over center voxels from microenvironment[4],voxel size=20 um,9.04,7.882971175012146,3.41530675060974
PhysiCell,PhysiCell_dx_20um,20.0,,mean over all voxels from microenvironment[4],mean over center voxels from microenvironment[4],voxel size=20 um,9.05,7.882971174908569,3.415306750104191
PhysiCell,PhysiCell_dx_20um,20.0,,mean over all voxels from microenvironment[4],mean over center voxels from microenvironment[4],voxel size=20 um,9.06,7.882971174807233,3.415306749609572
PhysiCell,PhysiCell_dx_20um,20.0,,mean over all voxels from microenvironment[4],mean over center voxels from microenvironment[4],voxel size=20 um,9.07,7.882971174708088,3.415306749125649
PhysiCell,PhysiCell_dx_20um,20.0,,mean over all voxels from microenvironment[4],mean over center voxels from microenvironment[4],voxel size=20 um,9.08,7.882971174611088,3.4153067486521893
PhysiCell,PhysiCell_dx_20um,20.0,,mean over all voxels from microenvironment[4],mean over center voxels from microenvironment[4],voxel size=20 um,9.09,7.882971174516184,3.415306748188968
PhysiCell,PhysiCell_dx_20um,20.0,,mean over all voxels from microenvironment[4],mean over center voxels from microenvironment[4],voxel size=20 um,9.1,7.882971174423333,3.4153067477357606
PhysiCell,PhysiCell_dx_20um,20.0,,mean over all voxels from microenvironment[4],mean over center voxels from microenvironment[4],voxel size=20 um,9.11,7.882971174332489,3.415306747292355
PhysiCell,PhysiCell_dx_20um,20.0,,mean over all voxels from microenvironment[4],mean over center voxels from microenvironment[4],voxel size=20 um,9.12,7.882971174243609,3.4153067468585356
PhysiCell,PhysiCell_dx_20um,20.0,,mean over all voxels from microenvironment[4],mean over center voxels from microenvironment[4],voxel size=20 um,9.13,7.8829711741566495,3.4153067464340965
PhysiCell,PhysiCell_dx_20um,20.0,,mean over all voxels from microenvironment[4],mean over center voxels from microenvironment[4],voxel size=20 um,9.14,7.882971174071575,3.4153067460188358
PhysiCell,PhysiCell_dx_20um,20.0,,mean over all voxels from microenvironment[4],mean over center voxels from microenvironment[4],voxel size=20 um,9.15,7.882971173988336,3.4153067456125537
PhysiCell,PhysiCell_dx_20um,20.0,,mean over all voxels from microenvironment[4],mean over center voxels from microenvironment[4],voxel size=20 um,9.16,7.882971173906898,3.4153067452150565
PhysiCell,PhysiCell_dx_20um,20.0,,mean over all voxels from microenvironment[4],mean over center voxels from microenvironment[4],voxel size=20 um,9.17,7.8829711738272215,3.4153067448261534
PhysiCell,PhysiCell_dx_20um,20.0,,mean over all voxels from microenvironment[4],mean over center voxels from microenvironment[4],voxel size=20 um,9.18,7.882971173749267,3.415306744445661
PhysiCell,PhysiCell_dx_20um,20.0,,mean over all voxels from microenvironment[4],mean over center voxels from microenvironment[4],voxel size=20 um,9.19,7.882971173672999,3.4153067440733937
PhysiCell,PhysiCell_dx_20um,20.0,,mean over all voxels from microenvironment[4],mean over center voxels from microenvironment[4],voxel size=20 um,9.2,7.882971173598379,3.415306743709177
PhysiCell,PhysiCell_dx_20um,20.0,,mean over all voxels from microenvironment[4],mean over center voxels from microenvironment[4],voxel size=20 um,9.21,7.882971173525372,3.4153067433528355
PhysiCell,PhysiCell_dx_20um,20.0,,mean over all voxels from microenvironment[4],mean over center voxels from microenvironment[4],voxel size=20 um,9.22,7.882971173453943,3.4153067430041983
PhysiCell,PhysiCell_dx_20um,20.0,,mean over all voxels from microenvironment[4],mean over center voxels from microenvironment[4],voxel size=20 um,9.23,7.882971173384061,3.4153067426631
PhysiCell,PhysiCell_dx_20um,20.0,,mean over all voxels from microenvironment[4],mean over center voxels from microenvironment[4],voxel size=20 um,9.24,7.882971173315689,3.415306742329378
PhysiCell,PhysiCell_dx_20um,20.0,,mean over all voxels from microenvironment[4],mean over center voxels from microenvironment[4],voxel size=20 um,9.25,7.882971173248795,3.415306742002871
PhysiCell,PhysiCell_dx_20um,20.0,,mean over all voxels from microenvironment[4],mean over center voxels from microenvironment[4],voxel size=20 um,9.26,7.882971173183347,3.4153067416834237
PhysiCell,PhysiCell_dx_20um,20.0,,mean over all voxels from microenvironment[4],mean over center voxels from microenvironment[4],voxel size=20 um,9.27,7.882971173119317,3.4153067413708844
PhysiCell,PhysiCell_dx_20um,20.0,,mean over all voxels from microenvironment[4],mean over center voxels from microenvironment[4],voxel size=20 um,9.28,7.882971173056667,3.415306741065103
PhysiCell,PhysiCell_dx_20um,20.0,,mean over all voxels from microenvironment[4],mean over center voxels from microenvironment[4],voxel size=20 um,9.29,7.882971172995375,3.4153067407659323
PhysiCell,PhysiCell_dx_20um,20.0,,mean over all voxels from microenvironment[4],mean over center voxels from microenvironment[4],voxel size=20 um,9.3,7.882971172935408,3.415306740473231
PhysiCell,PhysiCell_dx_20um,20.0,,mean over all voxels from microenvironment[4],mean over center voxels from microenvironment[4],voxel size=20 um,9.31,7.882971172876736,3.4153067401868586
PhysiCell,PhysiCell_dx_20um,20.0,,mean over all voxels from microenvironment[4],mean over center voxels from microenvironment[4],voxel size=20 um,9.32,7.8829711728193335,3.4153067399066788
PhysiCell,PhysiCell_dx_20um,20.0,,mean over all voxels from microenvironment[4],mean over center voxels from microenvironment[4],voxel size=20 um,9.33,7.882971172763171,3.415306739632557
PhysiCell,PhysiCell_dx_20um,20.0,,mean over all voxels from microenvironment[4],mean over center voxels from microenvironment[4],voxel size=20 um,9.34,7.882971172708226,3.415306739364362
PhysiCell,PhysiCell_dx_20um,20.0,,mean over all voxels from microenvironment[4],mean over center voxels from microenvironment[4],voxel size=20 um,9.35,7.882971172654467,3.4153067391019656
PhysiCell,PhysiCell_dx_20um,20.0,,mean over all voxels from microenvironment[4],mean over center voxels from microenvironment[4],voxel size=20 um,9.36,7.88297117260187,3.415306738845244
PhysiCell,PhysiCell_dx_20um,20.0,,mean over all voxels from microenvironment[4],mean over center voxels from microenvironment[4],voxel size=20 um,9.37,7.88297117255041,3.415306738594073
PhysiCell,PhysiCell_dx_20um,20.0,,mean over all voxels from microenvironment[4],mean over center voxels from microenvironment[4],voxel size=20 um,9.38,7.882971172500064,3.4153067383483324
PhysiCell,PhysiCell_dx_20um,20.0,,mean over all voxels from microenvironment[4],mean over center voxels from microenvironment[4],voxel size=20 um,9.39,7.882971172450808,3.415306738107906
PhysiCell,PhysiCell_dx_20um,20.0,,mean over all voxels from microenvironment[4],mean over center voxels from microenvironment[4],voxel size=20 um,9.4,7.882971172402615,3.4153067378726782
PhysiCell,PhysiCell_dx_20um,20.0,,mean over all voxels from microenvironment[4],mean over center voxels from microenvironment[4],voxel size=20 um,9.41,7.882971172355464,3.415306737642537
PhysiCell,PhysiCell_dx_20um,20.0,,mean over all voxels from microenvironment[4],mean over center voxels from microenvironment[4],voxel size=20 um,9.42,7.882971172309332,3.4153067374173705
PhysiCell,PhysiCell_dx_20um,20.0,,mean over all voxels from microenvironment[4],mean over center voxels from microenvironment[4],voxel size=20 um,9.43,7.882971172264199,3.4153067371970733
PhysiCell,PhysiCell_dx_20um,20.0,,mean over all voxels from microenvironment[4],mean over center voxels from microenvironment[4],voxel size=20 um,9.44,7.88297117222004,3.4153067369815404
PhysiCell,PhysiCell_dx_20um,20.0,,mean over all voxels from microenvironment[4],mean over center voxels from microenvironment[4],voxel size=20 um,9.45,7.882971172176839,3.4153067367706664
PhysiCell,PhysiCell_dx_20um,20.0,,mean over all voxels from microenvironment[4],mean over center voxels from microenvironment[4],voxel size=20 um,9.46,7.882971172134569,3.4153067365643537
PhysiCell,PhysiCell_dx_20um,20.0,,mean over all voxels from microenvironment[4],mean over center voxels from microenvironment[4],voxel size=20 um,9.47,7.882971172093213,3.415306736362501
PhysiCell,PhysiCell_dx_20um,20.0,,mean over all voxels from microenvironment[4],mean over center voxels from microenvironment[4],voxel size=20 um,9.48,7.882971172052752,3.415306736165014
PhysiCell,PhysiCell_dx_20um,20.0,,mean over all voxels from microenvironment[4],mean over center voxels from microenvironment[4],voxel size=20 um,9.49,7.882971172013168,3.4153067359717957
PhysiCell,PhysiCell_dx_20um,20.0,,mean over all voxels from microenvironment[4],mean over center voxels from microenvironment[4],voxel size=20 um,9.5,7.882971171974438,3.4153067357827562
PhysiCell,PhysiCell_dx_20um,20.0,,mean over all voxels from microenvironment[4],mean over center voxels from microenvironment[4],voxel size=20 um,9.51,7.8829711719365445,3.4153067355978033
PhysiCell,PhysiCell_dx_20um,20.0,,mean over all voxels from microenvironment[4],mean over center voxels from microenvironment[4],voxel size=20 um,9.52,7.882971171899472,3.41530673541685
PhysiCell,PhysiCell_dx_20um,20.0,,mean over all voxels from microenvironment[4],mean over center voxels from microenvironment[4],voxel size=20 um,9.53,7.8829711718632005,3.41530673523981
PhysiCell,PhysiCell_dx_20um,20.0,,mean over all voxels from microenvironment[4],mean over center voxels from microenvironment[4],voxel size=20 um,9.54,7.882971171827713,3.4153067350665975
PhysiCell,PhysiCell_dx_20um,20.0,,mean over all voxels from microenvironment[4],mean over center voxels from microenvironment[4],voxel size=20 um,9.55,7.882971171792992,3.4153067348971313
PhysiCell,PhysiCell_dx_20um,20.0,,mean over all voxels from microenvironment[4],mean over center voxels from microenvironment[4],voxel size=20 um,9.56,7.882971171759024,3.4153067347313284
PhysiCell,PhysiCell_dx_20um,20.0,,mean over all voxels from microenvironment[4],mean over center voxels from microenvironment[4],voxel size=20 um,9.57,7.882971171725789,3.4153067345691106
PhysiCell,PhysiCell_dx_20um,20.0,,mean over all voxels from microenvironment[4],mean over center voxels from microenvironment[4],voxel size=20 um,9.58,7.882971171693272,3.4153067344104007
PhysiCell,PhysiCell_dx_20um,20.0,,mean over all voxels from microenvironment[4],mean over center voxels from microenvironment[4],voxel size=20 um,9.59,7.882971171661461,3.415306734255122
PhysiCell,PhysiCell_dx_20um,20.0,,mean over all voxels from microenvironment[4],mean over center voxels from microenvironment[4],voxel size=20 um,9.6,7.882971171630336,3.415306734103201
PhysiCell,PhysiCell_dx_20um,20.0,,mean over all voxels from microenvironment[4],mean over center voxels from microenvironment[4],voxel size=20 um,9.61,7.882971171599884,3.4153067339545653
PhysiCell,PhysiCell_dx_20um,20.0,,mean over all voxels from microenvironment[4],mean over center voxels from microenvironment[4],voxel size=20 um,9.62,7.882971171570089,3.415306733809143
PhysiCell,PhysiCell_dx_20um,20.0,,mean over all voxels from microenvironment[4],mean over center voxels from microenvironment[4],voxel size=20 um,9.63,7.882971171540939,3.4153067336668648
PhysiCell,PhysiCell_dx_20um,20.0,,mean over all voxels from microenvironment[4],mean over center voxels from microenvironment[4],voxel size=20 um,9.64,7.8829711715124215,3.4153067335276632
PhysiCell,PhysiCell_dx_20um,20.0,,mean over all voxels from microenvironment[4],mean over center voxels from microenvironment[4],voxel size=20 um,9.65,7.882971171484518,3.4153067333914713
PhysiCell,PhysiCell_dx_20um,20.0,,mean over all voxels from microenvironment[4],mean over center voxels from microenvironment[4],voxel size=20 um,9.66,7.8829711714572195,3.415306733258226
PhysiCell,PhysiCell_dx_20um,20.0,,mean over all voxels from microenvironment[4],mean over center voxels from microenvironment[4],voxel size=20 um,9.67,7.882971171430509,3.41530673312786
PhysiCell,PhysiCell_dx_20um,20.0,,mean over all voxels from microenvironment[4],mean over center voxels from microenvironment[4],voxel size=20 um,9.68,7.882971171404379,3.4153067330003126
PhysiCell,PhysiCell_dx_20um,20.0,,mean over all voxels from microenvironment[4],mean over center voxels from microenvironment[4],voxel size=20 um,9.69,7.882971171378813,3.4153067328755236
PhysiCell,PhysiCell_dx_20um,20.0,,mean over all voxels from microenvironment[4],mean over center voxels from microenvironment[4],voxel size=20 um,9.7,7.882971171353799,3.4153067327534337
PhysiCell,PhysiCell_dx_20um,20.0,,mean over all voxels from microenvironment[4],mean over center voxels from microenvironment[4],voxel size=20 um,9.71,7.882971171329325,3.4153067326339834
PhysiCell,PhysiCell_dx_20um,20.0,,mean over all voxels from microenvironment[4],mean over center voxels from microenvironment[4],voxel size=20 um,9.72,7.882971171305383,3.415306732517115
PhysiCell,PhysiCell_dx_20um,20.0,,mean over all voxels from microenvironment[4],mean over center voxels from microenvironment[4],voxel size=20 um,9.73,7.882971171281956,3.415306732402774
PhysiCell,PhysiCell_dx_20um,20.0,,mean over all voxels from microenvironment[4],mean over center voxels from microenvironment[4],voxel size=20 um,9.74,7.882971171259038,3.415306732290906
PhysiCell,PhysiCell_dx_20um,20.0,,mean over all voxels from microenvironment[4],mean over center voxels from microenvironment[4],voxel size=20 um,9.75,7.882971171236615,3.415306732181456
PhysiCell,PhysiCell_dx_20um,20.0,,mean over all voxels from microenvironment[4],mean over center voxels from microenvironment[4],voxel size=20 um,9.76,7.882971171214675,3.4153067320743724
PhysiCell,PhysiCell_dx_20um,20.0,,mean over all voxels from microenvironment[4],mean over center voxels from microenvironment[4],voxel size=20 um,9.77,7.88297117119321,3.415306731969605
PhysiCell,PhysiCell_dx_20um,20.0,,mean over all voxels from microenvironment[4],mean over center voxels from microenvironment[4],voxel size=20 um,9.78,7.882971171172211,3.4153067318671035
PhysiCell,PhysiCell_dx_20um,20.0,,mean over all voxels from microenvironment[4],mean over center voxels from microenvironment[4],voxel size=20 um,9.79,7.882971171151664,3.4153067317668184
PhysiCell,PhysiCell_dx_20um,20.0,,mean over all voxels from microenvironment[4],mean over center voxels from microenvironment[4],voxel size=20 um,9.8,7.882971171131562,3.4153067316687
PhysiCell,PhysiCell_dx_20um,20.0,,mean over all voxels from microenvironment[4],mean over center voxels from microenvironment[4],voxel size=20 um,9.81,7.882971171111895,3.4153067315727035
PhysiCell,PhysiCell_dx_20um,20.0,,mean over all voxels from microenvironment[4],mean over center voxels from microenvironment[4],voxel size=20 um,9.82,7.882971171092652,3.415306731478784
PhysiCell,PhysiCell_dx_20um,20.0,,mean over all voxels from microenvironment[4],mean over center voxels from microenvironment[4],voxel size=20 um,9.83,7.882971171073825,3.4153067313868952
PhysiCell,PhysiCell_dx_20um,20.0,,mean over all voxels from microenvironment[4],mean over center voxels from microenvironment[4],voxel size=20 um,9.84,7.882971171055408,3.415306731296992
PhysiCell,PhysiCell_dx_20um,20.0,,mean over all voxels from microenvironment[4],mean over center voxels from microenvironment[4],voxel size=20 um,9.85,7.882971171037386,3.415306731209033
PhysiCell,PhysiCell_dx_20um,20.0,,mean over all voxels from microenvironment[4],mean over center voxels from microenvironment[4],voxel size=20 um,9.86,7.882971171019755,3.415306731122977
PhysiCell,PhysiCell_dx_20um,20.0,,mean over all voxels from microenvironment[4],mean over center voxels from microenvironment[4],voxel size=20 um,9.87,7.882971171002507,3.415306731038781
PhysiCell,PhysiCell_dx_20um,20.0,,mean over all voxels from microenvironment[4],mean over center voxels from microenvironment[4],voxel size=20 um,9.88,7.882971170985628,3.4153067309564045
PhysiCell,PhysiCell_dx_20um,20.0,,mean over all voxels from microenvironment[4],mean over center voxels from microenvironment[4],voxel size=20 um,9.89,7.8829711709691175,3.4153067308758103
PhysiCell,PhysiCell_dx_20um,20.0,,mean over all voxels from microenvironment[4],mean over center voxels from microenvironment[4],voxel size=20 um,9.9,7.882971170952963,3.4153067307969587
PhysiCell,PhysiCell_dx_20um,20.0,,mean over all voxels from microenvironment[4],mean over center voxels from microenvironment[4],voxel size=20 um,9.91,7.882971170937156,3.415306730719812
PhysiCell,PhysiCell_dx_20um,20.0,,mean over all voxels from microenvironment[4],mean over center voxels from microenvironment[4],voxel size=20 um,9.92,7.882971170921692,3.4153067306443337
PhysiCell,PhysiCell_dx_20um,20.0,,mean over all voxels from microenvironment[4],mean over center voxels from microenvironment[4],voxel size=20 um,9.93,7.882971170906564,3.4153067305704874
PhysiCell,PhysiCell_dx_20um,20.0,,mean over all voxels from microenvironment[4],mean over center voxels from microenvironment[4],voxel size=20 um,9.94,7.88297117089176,3.415306730498237
PhysiCell,PhysiCell_dx_20um,20.0,,mean over all voxels from microenvironment[4],mean over center voxels from microenvironment[4],voxel size=20 um,9.95,7.882971170877278,3.41530673042755
PhysiCell,PhysiCell_dx_20um,20.0,,mean over all voxels from microenvironment[4],mean over center voxels from microenvironment[4],voxel size=20 um,9.96,7.88297117086311,3.4153067303583904
PhysiCell,PhysiCell_dx_20um,20.0,,mean over all voxels from microenvironment[4],mean over center voxels from microenvironment[4],voxel size=20 um,9.97,7.882971170849247,3.415306730290727
PhysiCell,PhysiCell_dx_20um,20.0,,mean over all voxels from microenvironment[4],mean over center voxels from microenvironment[4],voxel size=20 um,9.98,7.882971170835685,3.4153067302245264
PhysiCell,PhysiCell_dx_20um,20.0,,mean over all voxels from microenvironment[4],mean over center voxels from microenvironment[4],voxel size=20 um,9.99,7.8829711708224135,3.4153067301597577
PhysiCell,PhysiCell_dx_20um,20.0,,mean over all voxels from microenvironment[4],mean over center voxels from microenvironment[4],voxel size=20 um,10.0,7.882971170809431,3.415306730096388
