tool,run_id,dx_um,dt_min,average_source,center_source,resolution_label,time_min,average_uM,center_uM
PhysiCell,PhysiCell_dx_5um,5.0,,mean over all voxels from microenvironment[4],mean over center voxels from microenvironment[4],voxel size=5 um,0.0,10.0,10.0
PhysiCell,PhysiCell_dx_5um,5.0,,mean over all voxels from microenvironment[4],mean over center voxels from microenvironment[4],voxel size=5 um,0.01,9.913866560083093,9.900662981397307
PhysiCell,PhysiCell_dx_5um,5.0,,mean over all voxels from microenvironment[4],mean over center voxels from microenvironment[4],voxel size=5 um,0.02,9.832163875226854,9.802312747145926
PhysiCell,PhysiCell_dx_5um,5.0,,mean over all voxels from microenvironment[4],mean over center voxels from microenvironment[4],voxel size=5 um,0.03,9.754180037892935,9.704939494967656
PhysiCell,PhysiCell_dx_5um,5.0,,mean over all voxels from microenvironment[4],mean over center voxels from microenvironment[4],voxel size=5 um,0.04,9.679441281124781,9.608533520426157
PhysiCell,PhysiCell_dx_5um,5.0,,mean over all voxels from microenvironment[4],mean over center voxels from microenvironment[4],voxel size=5 um,0.05,9.60760494600691,9.513085216898467
PhysiCell,PhysiCell_dx_5um,5.0,,mean over all voxels from microenvironment[4],mean over center voxels from microenvironment[4],voxel size=5 um,0.06,9.53840792414813,9.418585076713436
PhysiCell,PhysiCell_dx_5um,5.0,,mean over all voxels from microenvironment[4],mean over center voxels from microenvironment[4],voxel size=5 um,0.07,9.471639284155437,9.325023694240604
PhysiCell,PhysiCell_dx_5um,5.0,,mean over all voxels from microenvironment[4],mean over center voxels from microenvironment[4],voxel size=5 um,0.08,9.407124466078962,9.23239177185677
PhysiCell,PhysiCell_dx_5um,5.0,,mean over all voxels from microenvironment[4],mean over center voxels from microenvironment[4],voxel size=5 um,0.09,9.344715495393576,9.140680129727086
PhysiCell,PhysiCell_dx_5um,5.0,,mean over all voxels from microenvironment[4],mean over center voxels from microenvironment[4],voxel size=5 um,0.1,9.28428456872377,9.049879720182133
PhysiCell,PhysiCell_dx_5um,5.0,,mean over all voxels from microenvironment[4],mean over center voxels from microenvironment[4],voxel size=5 um,0.11,9.225719650327747,8.959981647160658
PhysiCell,PhysiCell_dx_5um,5.0,,mean over all voxels from microenvironment[4],mean over center voxels from microenvironment[4],voxel size=5 um,0.12,9.16892133240573,8.870977190762012
PhysiCell,PhysiCell_dx_5um,5.0,,mean over all voxels from microenvironment[4],mean over center voxels from microenvironment[4],voxel size=5 um,0.13,9.113800525420185,8.782857836477595
PhysiCell,PhysiCell_dx_5um,5.0,,mean over all voxels from microenvironment[4],mean over center voxels from microenvironment[4],voxel size=5 um,0.14,9.060276713980317,8.69561530821566
PhysiCell,PhysiCell_dx_5um,5.0,,mean over all voxels from microenvironment[4],mean over center voxels from microenvironment[4],voxel size=5 um,0.15,9.008276610293892,8.609241603858333
PhysiCell,PhysiCell_dx_5um,5.0,,mean over all voxels from microenvironment[4],mean over center voxels from microenvironment[4],voxel size=5 um,0.16,8.957733094626384,8.52372903183418
PhysiCell,PhysiCell_dx_5um,5.0,,mean over all voxels from microenvironment[4],mean over center voxels from microenvironment[4],voxel size=5 um,0.17,8.908584367760984,8.439070247072204
PhysiCell,PhysiCell_dx_5um,5.0,,mean over all voxels from microenvironment[4],mean over center voxels from microenvironment[4],voxel size=5 um,0.18,8.860773263213416,8.35525828472196
PhysiCell,PhysiCell_dx_5um,5.0,,mean over all voxels from microenvironment[4],mean over center voxels from microenvironment[4],voxel size=5 um,0.19,8.81424668195995,8.272286590160872
PhysiCell,PhysiCell_dx_5um,5.0,,mean over all voxels from microenvironment[4],mean over center voxels from microenvironment[4],voxel size=5 um,0.2,8.768955122587325,8.190149044036657
PhysiCell,PhysiCell_dx_5um,5.0,,mean over all voxels from microenvironment[4],mean over center voxels from microenvironment[4],voxel size=5 um,0.21,8.724852286798127,8.108839981377677
PhysiCell,PhysiCell_dx_5um,5.0,,mean over all voxels from microenvironment[4],mean over center voxels from microenvironment[4],voxel size=5 um,0.22,8.681894745167122,8.028354204116507
PhysiCell,PhysiCell_dx_5um,5.0,,mean over all voxels from microenvironment[4],mean over center voxels from microenvironment[4],voxel size=5 um,0.23,8.640041651613005,7.948686986684731
PhysiCell,PhysiCell_dx_5um,5.0,,mean over all voxels from microenvironment[4],mean over center voxels from microenvironment[4],voxel size=5 um,0.24,8.599254497659551,7.869834074629226
PhysiCell,PhysiCell_dx_5um,5.0,,mean over all voxels from microenvironment[4],mean over center voxels from microenvironment[4],voxel size=5 um,0.25,8.559496899497017,7.791791676456576
PhysiCell,PhysiCell_dx_5um,5.0,,mean over all voxels from microenvironment[4],mean over center voxels from microenvironment[4],voxel size=5 um,0.26,8.520734412311226,7.714556449124631
PhysiCell,PhysiCell_dx_5um,5.0,,mean over all voxels from microenvironment[4],mean over center voxels from microenvironment[4],voxel size=5 um,0.27,8.482934367457418,7.6381254777643495
PhysiCell,PhysiCell_dx_5um,5.0,,mean over all voxels from microenvironment[4],mean over center voxels from microenvironment[4],voxel size=5 um,0.28,8.446065728910371,7.562496250331888
PhysiCell,PhysiCell_dx_5um,5.0,,mean over all voxels from microenvironment[4],mean over center voxels from microenvironment[4],voxel size=5 um,0.29,8.410098966087444,7.487666627963318
PhysiCell,PhysiCell_dx_5um,5.0,,mean over all voxels from microenvironment[4],mean over center voxels from microenvironment[4],voxel size=5 um,0.3,8.3750059406638,7.413634811838
PhysiCell,PhysiCell_dx_5um,5.0,,mean over all voxels from microenvironment[4],mean over center voxels from microenvironment[4],voxel size=5 um,0.31,8.340759805413507,7.340399307357217
PhysiCell,PhysiCell_dx_5um,5.0,,mean over all voxels from microenvironment[4],mean over center voxels from microenvironment[4],voxel size=5 um,0.32,8.307334913441462,7.267958886419154
PhysiCell,PhysiCell_dx_5um,5.0,,mean over all voxels from microenvironment[4],mean over center voxels from microenvironment[4],voxel size=5 um,0.33,8.274706736438018,7.196312548525557
PhysiCell,PhysiCell_dx_5um,5.0,,mean over all voxels from microenvironment[4],mean over center voxels from microenvironment[4],voxel size=5 um,0.34,8.242851790804739,7.125459481395444
PhysiCell,PhysiCell_dx_5um,5.0,,mean over all voxels from microenvironment[4],mean over center voxels from microenvironment[4],voxel size=5 um,0.35,8.21174757067672,7.055399021691915
PhysiCell,PhysiCell_dx_5um,5.0,,mean over all voxels from microenvironment[4],mean over center voxels from microenvironment[4],voxel size=5 um,0.36,8.181372487012313,6.9861306163939405
PhysiCell,PhysiCell_dx_5um,5.0,,mean over all voxels from microenvironment[4],mean over center voxels from microenvironment[4],voxel size=5 um,0.37,8.151705812041488,6.917653785269078
PhysiCell,PhysiCell_dx_5um,5.0,,mean over all voxels from microenvironment[4],mean over center voxels from microenvironment[4],voxel size=5 um,0.38,8.122727628464073,6.849968084828431
PhysiCell,PhysiCell_dx_5um,5.0,,mean over all voxels from microenvironment[4],mean over center voxels from microenvironment[4],voxel size=5 um,0.39,8.09441878287282,6.783073074073665
PhysiCell,PhysiCell_dx_5um,5.0,,mean over all voxels from microenvironment[4],mean over center voxels from microenvironment[4],voxel size=5 um,0.4,8.066760842946563,6.71696828227892
PhysiCell,PhysiCell_dx_5um,5.0,,mean over all voxels from microenvironment[4],mean over center voxels from microenvironment[4],voxel size=5 um,0.41,8.039736058018052,6.651653178989132
PhysiCell,PhysiCell_dx_5um,5.0,,mean over all voxels from microenvironment[4],mean over center voxels from microenvironment[4],voxel size=5 um,0.42,8.013327322671413,6.587127146360971
PhysiCell,PhysiCell_dx_5um,5.0,,mean over all voxels from microenvironment[4],mean over center voxels from microenvironment[4],voxel size=5 um,0.43,7.9875181430670965,6.523389453923559
PhysiCell,PhysiCell_dx_5um,5.0,,mean over all voxels from microenvironment[4],mean over center voxels from microenvironment[4],voxel size=5 um,0.44,7.962292605728778,6.460439235793466
PhysiCell,PhysiCell_dx_5um,5.0,,mean over all voxels from microenvironment[4],mean over center voxels from microenvironment[4],voxel size=5 um,0.45,7.937635348558166,6.398275470341751
PhysiCell,PhysiCell_dx_5um,5.0,,mean over all voxels from microenvironment[4],mean over center voxels from microenvironment[4],voxel size=5 um,0.46,7.9135315338708505,6.3368969622799405
PhysiCell,PhysiCell_dx_5um,5.0,,mean over all voxels from microenvironment[4],mean over center voxels from microenvironment[4],voxel size=5 um,0.47,7.889966823269673,6.276302327106215
PhysiCell,PhysiCell_dx_5um,5.0,,mean over all voxels from microenvironment[4],mean over center voxels from microenvironment[4],voxel size=5 um,0.48,7.866927354192535,6.216489977832322
PhysiCell,PhysiCell_dx_5um,5.0,,mean over all voxels from microenvironment[4],mean over center voxels from microenvironment[4],voxel size=5 um,0.49,7.844399717989203,6.157458113895366
PhysiCell,PhysiCell_dx_5um,5.0,,mean over all voxels from microenvironment[4],mean over center voxels from microenvironment[4],voxel size=5 um,0.5,7.822370939397112,6.09920471214617
PhysiCell,PhysiCell_dx_5um,5.0,,mean over all voxels from microenvironment[4],mean over center voxels from microenvironment[4],voxel size=5 um,0.51,7.800828457299796,6.041727519796777
PhysiCell,PhysiCell_dx_5um,5.0,,mean over all voxels from microenvironment[4],mean over center voxels from microenvironment[4],voxel size=5 um,0.52,7.779760106663312,5.985024049203612
PhysiCell,PhysiCell_dx_5um,5.0,,mean over all voxels from microenvironment[4],mean over center voxels from microenvironment[4],voxel size=5 um,0.53,7.759154101556583,5.929091574359172
PhysiCell,PhysiCell_dx_5um,5.0,,mean over all voxels from microenvironment[4],mean over center voxels from microenvironment[4],voxel size=5 um,0.54,7.7389990191707945,5.873927128963772
PhysiCell,PhysiCell_dx_5um,5.0,,mean over all voxels from microenvironment[4],mean over center voxels from microenvironment[4],voxel size=5 um,0.55,7.719283784761102,5.8195275059491784
PhysiCell,PhysiCell_dx_5um,5.0,,mean over all voxels from microenvironment[4],mean over center voxels from microenvironment[4],voxel size=5 um,0.56,7.699997657441215,5.76588925832783
PhysiCell,PhysiCell_dx_5um,5.0,,mean over all voxels from microenvironment[4],mean over center voxels from microenvironment[4],voxel size=5 um,0.57,7.681130216767808,5.713008701244411
PhysiCell,PhysiCell_dx_5um,5.0,,mean over all voxels from microenvironment[4],mean over center voxels from microenvironment[4],voxel size=5 um,0.58,7.662671350057477,5.660881915110507
PhysiCell,PhysiCell_dx_5um,5.0,,mean over all voxels from microenvironment[4],mean over center voxels from microenvironment[4],voxel size=5 um,0.59,7.644611240384059,5.609504749707826
PhysiCell,PhysiCell_dx_5um,5.0,,mean over all voxels from microenvironment[4],mean over center voxels from microenvironment[4],voxel size=5 um,0.6,7.626940355208755,5.558872829150748
PhysiCell,PhysiCell_dx_5um,5.0,,mean over all voxels from microenvironment[4],mean over center voxels from microenvironment[4],voxel size=5 um,0.61,7.609649435599541,5.508981557604592
PhysiCell,PhysiCell_dx_5um,5.0,,mean over all voxels from microenvironment[4],mean over center voxels from microenvironment[4],voxel size=5 um,0.62,7.592729486000094,5.459826125661968
PhysiCell,PhysiCell_dx_5um,5.0,,mean over all voxels from microenvironment[4],mean over center voxels from microenvironment[4],voxel size=5 um,0.63,7.576171764511772,5.411401517285549
PhysiCell,PhysiCell_dx_5um,5.0,,mean over all voxels from microenvironment[4],mean over center voxels from microenvironment[4],voxel size=5 um,0.64,7.5599677736551625,5.363702517231792
PhysiCell,PhysiCell_dx_5um,5.0,,mean over all voxels from microenvironment[4],mean over center voxels from microenvironment[4],voxel size=5 um,0.65,7.544109251580411,5.316723718876063
PhysiCell,PhysiCell_dx_5um,5.0,,mean over all voxels from microenvironment[4],mean over center voxels from microenvironment[4],voxel size=5 um,0.66,7.528588163698022,5.270459532365714
PhysiCell,PhysiCell_dx_5um,5.0,,mean over all voxels from microenvironment[4],mean over center voxels from microenvironment[4],voxel size=5 um,0.67,7.513396694704003,5.224904193033342
PhysiCell,PhysiCell_dx_5um,5.0,,mean over all voxels from microenvironment[4],mean over center voxels from microenvironment[4],voxel size=5 um,0.68,7.498527240975258,5.180051770008153
PhysiCell,PhysiCell_dx_5um,5.0,,mean over all voxels from microenvironment[4],mean over center voxels from microenvironment[4],voxel size=5 um,0.69,7.48397240331292,5.135896174968693
PhysiCell,PhysiCell_dx_5um,5.0,,mean over all voxels from microenvironment[4],mean over center voxels from microenvironment[4],voxel size=5 um,0.7,7.469724980013047,5.092431170985396
PhysiCell,PhysiCell_dx_5um,5.0,,mean over all voxels from microenvironment[4],mean over center voxels from microenvironment[4],voxel size=5 um,0.71,7.455777960245566,5.049650381406261
PhysiCell,PhysiCell_dx_5um,5.0,,mean over all voxels from microenvironment[4],mean over center voxels from microenvironment[4],voxel size=5 um,0.72,7.442124517723694,5.007547298743618
PhysiCell,PhysiCell_dx_5um,5.0,,mean over all voxels from microenvironment[4],mean over center voxels from microenvironment[4],voxel size=5 um,0.73,7.428758004647489,4.966115293524274
PhysiCell,PhysiCell_dx_5um,5.0,,mean over all voxels from microenvironment[4],mean over center voxels from microenvironment[4],voxel size=5 um,0.74,7.41567194590609,4.925347623069433
PhysiCell,PhysiCell_dx_5um,5.0,,mean over all voxels from microenvironment[4],mean over center voxels from microenvironment[4],voxel size=5 um,0.75,7.402860033524557,4.885237440174596
PhysiCell,PhysiCell_dx_5um,5.0,,mean over all voxels from microenvironment[4],mean over center voxels from microenvironment[4],voxel size=5 um,0.76,7.390316121341905,4.845777801663174
PhysiCell,PhysiCell_dx_5um,5.0,,mean over all voxels from microenvironment[4],mean over center voxels from microenvironment[4],voxel size=5 um,0.77,7.378034219908054,4.806961676790869
PhysiCell,PhysiCell_dx_5um,5.0,,mean over all voxels from microenvironment[4],mean over center voxels from microenvironment[4],voxel size=5 um,0.78,7.366008491588108,4.768781955480917
PhysiCell,PhysiCell_dx_5um,5.0,,mean over all voxels from microenvironment[4],mean over center voxels from microenvironment[4],voxel size=5 um,0.79,7.354233245863145,4.731231456373073
PhysiCell,PhysiCell_dx_5um,5.0,,mean over all voxels from microenvironment[4],mean over center voxels from microenvironment[4],voxel size=5 um,0.8,7.342702934817466,4.69430293467183
PhysiCell,PhysiCell_dx_5um,5.0,,mean over all voxels from microenvironment[4],mean over center voxels from microenvironment[4],voxel size=5 um,0.81,7.331412148802794,4.6579890897817045
PhysiCell,PhysiCell_dx_5um,5.0,,mean over all voxels from microenvironment[4],mean over center voxels from microenvironment[4],voxel size=5 um,0.82,7.32035561227061,4.622282572719596
PhysiCell,PhysiCell_dx_5um,5.0,,mean over all voxels from microenvironment[4],mean over center voxels from microenvironment[4],voxel size=5 um,0.83,7.30952817976428,4.587175993296172
PhysiCell,PhysiCell_dx_5um,5.0,,mean over all voxels from microenvironment[4],mean over center voxels from microenvironment[4],voxel size=5 um,0.84,7.298924832063187,4.552661927060051
PhysiCell,PhysiCell_dx_5um,5.0,,mean over all voxels from microenvironment[4],mean over center voxels from microenvironment[4],voxel size=5 um,0.85,7.2885406724715205,4.5187329220001375
PhysiCell,PhysiCell_dx_5um,5.0,,mean over all voxels from microenvironment[4],mean over center voxels from microenvironment[4],voxel size=5 um,0.86,7.278370923244857,4.485381505002935
PhysiCell,PhysiCell_dx_5um,5.0,,mean over all voxels from microenvironment[4],mean over center voxels from microenvironment[4],voxel size=5 um,0.87,7.268410922148011,4.4526001880629735
PhysiCell,PhysiCell_dx_5um,5.0,,mean over all voxels from microenvironment[4],mean over center voxels from microenvironment[4],voxel size=5 um,0.88,7.258656119138067,4.4203814742456595
PhysiCell,PhysiCell_dx_5um,5.0,,mean over all voxels from microenvironment[4],mean over center voxels from microenvironment[4],voxel size=5 um,0.89,7.249102073166834,4.388717863402881
PhysiCell,PhysiCell_dx_5um,5.0,,mean over all voxels from microenvironment[4],mean over center voxels from microenvironment[4],voxel size=5 um,0.9,7.239744449097272,4.357601857642683
PhysiCell,PhysiCell_dx_5um,5.0,,mean over all voxels from microenvironment[4],mean over center voxels from microenvironment[4],voxel size=5 um,0.91,7.230579014728789,4.327025966555059
PhysiCell,PhysiCell_dx_5um,5.0,,mean over all voxels from microenvironment[4],mean over center voxels from microenvironment[4],voxel size=5 um,0.92,7.2216016379265415,4.296982712196725
PhysiCell,PhysiCell_dx_5um,5.0,,mean over all voxels from microenvironment[4],mean over center voxels from microenvironment[4],voxel size=5 um,0.93,7.21280828385017,4.267464633838278
PhysiCell,PhysiCell_dx_5um,5.0,,mean over all voxels from microenvironment[4],mean over center voxels from microenvironment[4],voxel size=5 um,0.94,7.204195012277654,4.238464292477761
PhysiCell,PhysiCell_dx_5um,5.0,,mean over all voxels from microenvironment[4],mean over center voxels from microenvironment[4],voxel size=5 um,0.95,7.195757975020166,4.209974275125069
PhysiCell,PhysiCell_dx_5um,5.0,,mean over all voxels from microenvironment[4],mean over center voxels from microenvironment[4],voxel size=5 um,0.96,7.187493413424048,4.18198719886206
PhysiCell,PhysiCell_dx_5um,5.0,,mean over all voxels from microenvironment[4],mean over center voxels from microenvironment[4],voxel size=5 um,0.97,7.179397655956239,4.154495714683548
PhysiCell,PhysiCell_dx_5um,5.0,,mean over all voxels from microenvironment[4],mean over center voxels from microenvironment[4],voxel size=5 um,0.98,7.1714671158696826,4.127492511124666
PhysiCell,PhysiCell_dx_5um,5.0,,mean over all voxels from microenvironment[4],mean over center voxels from microenvironment[4],voxel size=5 um,0.99,7.163698288945364,4.100970317680268
PhysiCell,PhysiCell_dx_5um,5.0,,mean over all voxels from microenvironment[4],mean over center voxels from microenvironment[4],voxel size=5 um,1.0,7.1560877513078776,4.074921908022234
PhysiCell,PhysiCell_dx_5um,5.0,,mean over all voxels from microenvironment[4],mean over center voxels from microenvironment[4],voxel size=5 um,1.01,7.148632157311518,4.049340103020716
PhysiCell,PhysiCell_dx_5um,5.0,,mean over all voxels from microenvironment[4],mean over center voxels from microenvironment[4],voxel size=5 um,1.02,7.141328237494058,4.024217773575369
PhysiCell,PhysiCell_dx_5um,5.0,,mean over all voxels from microenvironment[4],mean over center voxels from microenvironment[4],voxel size=5 um,1.03,7.134172796595546,3.999547843262792
PhysiCell,PhysiCell_dx_5um,5.0,,mean over all voxels from microenvironment[4],mean over center voxels from microenvironment[4],voxel size=5 um,1.04,7.127162711639519,3.975323290806314
PhysiCell,PhysiCell_dx_5um,5.0,,mean over all voxels from microenvironment[4],mean over center voxels from microenvironment[4],voxel size=5 um,1.05,7.12029493007422,3.9515371523743745
PhysiCell,PhysiCell_dx_5um,5.0,,mean over all voxels from microenvironment[4],mean over center voxels from microenvironment[4],voxel size=5 um,1.06,7.113566467971483,3.9281825237136574
PhysiCell,PhysiCell_dx_5um,5.0,,mean over all voxels from microenvironment[4],mean over center voxels from microenvironment[4],voxel size=5 um,1.07,7.106974408281064,3.905252562123114
PhysiCell,PhysiCell_dx_5um,5.0,,mean over all voxels from microenvironment[4],mean over center voxels from microenvironment[4],voxel size=5 um,1.08,7.100515899138335,3.8827404882749805
PhysiCell,PhysiCell_dx_5um,5.0,,mean over all voxels from microenvironment[4],mean over center voxels from microenvironment[4],voxel size=5 um,1.09,7.094188152223289,3.860639587888787
PhysiCell,PhysiCell_dx_5um,5.0,,mean over all voxels from microenvironment[4],mean over center voxels from microenvironment[4],voxel size=5 um,1.1,7.087988441168966,3.8389432132642773
PhysiCell,PhysiCell_dx_5um,5.0,,mean over all voxels from microenvironment[4],mean over center voxels from microenvironment[4],voxel size=5 um,1.11,7.081914100017451,3.817644784679066
PhysiCell,PhysiCell_dx_5um,5.0,,mean over all voxels from microenvironment[4],mean over center voxels from microenvironment[4],voxel size=5 um,1.12,7.075962521721704,3.7967377916567435
PhysiCell,PhysiCell_dx_5um,5.0,,mean over all voxels from microenvironment[4],mean over center voxels from microenvironment[4],voxel size=5 um,1.13,7.0701311566915415,3.7762157941110144
PhysiCell,PhysiCell_dx_5um,5.0,,mean over all voxels from microenvironment[4],mean over center voxels from microenvironment[4],voxel size=5 um,1.14,7.064417511382175,3.7560724233713403
PhysiCell,PhysiCell_dx_5um,5.0,,mean over all voxels from microenvironment[4],mean over center voxels from microenvironment[4],voxel size=5 um,1.15,7.058819146923771,3.7363013830954
PhysiCell,PhysiCell_dx_5um,5.0,,mean over all voxels from microenvironment[4],mean over center voxels from microenvironment[4],voxel size=5 um,1.16,7.0533336777906,3.716896450073593
PhysiCell,PhysiCell_dx_5um,5.0,,mean over all voxels from microenvironment[4],mean over center voxels from microenvironment[4],voxel size=5 um,1.17,7.047958770508332,3.697851474930599
PhysiCell,PhysiCell_dx_5um,5.0,,mean over all voxels from microenvironment[4],mean over center voxels from microenvironment[4],voxel size=5 um,1.18,7.042692142398173,3.6791603827289343
PhysiCell,PhysiCell_dx_5um,5.0,,mean over all voxels from microenvironment[4],mean over center voxels from microenvironment[4],voxel size=5 um,1.19,7.037531560356563,3.6608171734792516
PhysiCell,PhysiCell_dx_5um,5.0,,mean over all voxels from microenvironment[4],mean over center voxels from microenvironment[4],voxel size=5 um,1.2,7.032474839669176,3.6428159225619976
PhysiCell,PhysiCell_dx_5um,5.0,,mean over all voxels from microenvironment[4],mean over center voxels from microenvironment[4],voxel size=5 um,1.21,7.027519842858092,3.6251507810649017
PhysiCell,PhysiCell_dx_5um,5.0,,mean over all voxels from microenvironment[4],mean over center voxels from microenvironment[4],voxel size=5 um,1.22,7.022664478560958,3.6078159760406194
PhysiCell,PhysiCell_dx_5um,5.0,,mean over all voxels from microenvironment[4],mean over center voxels from microenvironment[4],voxel size=5 um,1.23,7.01790670044114,3.5908058106886975
PhysiCell,PhysiCell_dx_5um,5.0,,mean over all voxels from microenvironment[4],mean over center voxels from microenvironment[4],voxel size=5 um,1.24,7.013244506127726,3.5741146644658888
PhysiCell,PhysiCell_dx_5um,5.0,,mean over all voxels from microenvironment[4],mean over center voxels from microenvironment[4],voxel size=5 um,1.25,7.008675936184469,3.5577369931287146
PhysiCell,PhysiCell_dx_5um,5.0,,mean over all voxels from microenvironment[4],mean over center voxels from microenvironment[4],voxel size=5 um,1.26,7.004199073106681,3.5416673287119984
PhysiCell,PhysiCell_dx_5um,5.0,,mean over all voxels from microenvironment[4],mean over center voxels from microenvironment[4],voxel size=5 um,1.27,6.999812040345167,3.525900279446994
PhysiCell,PhysiCell_dx_5um,5.0,,mean over all voxels from microenvironment[4],mean over center voxels from microenvironment[4],voxel size=5 um,1.28,6.995513001356309,3.510430529622554
PhysiCell,PhysiCell_dx_5um,5.0,,mean over all voxels from microenvironment[4],mean over center voxels from microenvironment[4],voxel size=5 um,1.29,6.99130015867748,3.4952528393926925
PhysiCell,PhysiCell_dx_5um,5.0,,mean over all voxels from microenvironment[4],mean over center voxels from microenvironment[4],voxel size=5 um,1.3,6.9871717530269475,3.480362044533714
PhysiCell,PhysiCell_dx_5um,5.0,,mean over all voxels from microenvironment[4],mean over center voxels from microenvironment[4],voxel size=5 um,1.31,6.983126062427514,3.465753056154001
PhysiCell,PhysiCell_dx_5um,5.0,,mean over all voxels from microenvironment[4],mean over center voxels from microenvironment[4],voxel size=5 um,1.32,6.979161401353109,3.451420860359401
PhysiCell,PhysiCell_dx_5um,5.0,,mean over all voxels from microenvironment[4],mean over center voxels from microenvironment[4],voxel size=5 um,1.33,6.975276119897643,3.4373605178770203
PhysiCell,PhysiCell_dx_5um,5.0,,mean over all voxels from microenvironment[4],mean over center voxels from microenvironment[4],voxel size=5 um,1.34,6.971468602965424,3.423567163640152
PhysiCell,PhysiCell_dx_5um,5.0,,mean over all voxels from microenvironment[4],mean over center voxels from microenvironment[4],voxel size=5 um,1.35,6.967737269482443,3.4100360063368966
PhysiCell,PhysiCell_dx_5um,5.0,,mean over all voxels from microenvironment[4],mean over center voxels from microenvironment[4],voxel size=5 um,1.36,6.964080571627914,3.39676232792498
PhysiCell,PhysiCell_dx_5um,5.0,,mean over all voxels from microenvironment[4],mean over center voxels from microenvironment[4],voxel size=5 um,1.37,6.960496994085441,3.3837414831151045
PhysiCell,PhysiCell_dx_5um,5.0,,mean over all voxels from microenvironment[4],mean over center voxels from microenvironment[4],voxel size=5 um,1.38,6.956985053313202,3.370968898825121
PhysiCell,PhysiCell_dx_5um,5.0,,mean over all voxels from microenvironment[4],mean over center voxels from microenvironment[4],voxel size=5 um,1.39,6.953543296832608,3.3584400736071554
PhysiCell,PhysiCell_dx_5um,5.0,,mean over all voxels from microenvironment[4],mean over center voxels from microenvironment[4],voxel size=5 um,1.4,6.9501703025348265,3.3461505770497646
PhysiCell,PhysiCell_dx_5um,5.0,,mean over all voxels from microenvironment[4],mean over center voxels from microenvironment[4],voxel size=5 um,1.41,6.946864678004712,3.334096049157077
PhysiCell,PhysiCell_dx_5um,5.0,,mean over all voxels from microenvironment[4],mean over center voxels from microenvironment[4],voxel size=5 um,1.42,6.94362505986156,3.3222721997067874
PhysiCell,PhysiCell_dx_5um,5.0,,mean over all voxels from microenvironment[4],mean over center voxels from microenvironment[4],voxel size=5 um,1.43,6.940450113116234,3.3106748075887977
PhysiCell,PhysiCell_dx_5um,5.0,,mean over all voxels from microenvironment[4],mean over center voxels from microenvironment[4],voxel size=5 um,1.44,6.937338530544157,3.2992997201261822
PhysiCell,PhysiCell_dx_5um,5.0,,mean over all voxels from microenvironment[4],mean over center voxels from microenvironment[4],voxel size=5 um,1.45,6.934289032073729,3.2881428523801093
PhysiCell,PhysiCell_dx_5um,5.0,,mean over all voxels from microenvironment[4],mean over center voxels from microenvironment[4],voxel size=5 um,1.46,6.9313003641897115,3.27720018644024
PhysiCell,PhysiCell_dx_5um,5.0,,mean over all voxels from microenvironment[4],mean over center voxels from microenvironment[4],voxel size=5 um,1.47,6.928371299351154,3.266467770702062
PhysiCell,PhysiCell_dx_5um,5.0,,mean over all voxels from microenvironment[4],mean over center voxels from microenvironment[4],voxel size=5 um,1.48,6.925500635423456,3.2559417191325526
PhysiCell,PhysiCell_dx_5um,5.0,,mean over all voxels from microenvironment[4],mean over center voxels from microenvironment[4],voxel size=5 um,1.49,6.922687195124126,3.2456182105254667
PhysiCell,PhysiCell_dx_5um,5.0,,mean over all voxels from microenvironment[4],mean over center voxels from microenvironment[4],voxel size=5 um,1.5,6.919929825481921,3.235493487747508
PhysiCell,PhysiCell_dx_5um,5.0,,mean over all voxels from microenvironment[4],mean over center voxels from microenvironment[4],voxel size=5 um,1.51,6.9172273973089045,3.225563856976557
PhysiCell,PhysiCell_dx_5um,5.0,,mean over all voxels from microenvironment[4],mean over center voxels from microenvironment[4],voxel size=5 um,1.52,6.914578804685154,3.2158256869330697
PhysiCell,PhysiCell_dx_5um,5.0,,mean over all voxels from microenvironment[4],mean over center voxels from microenvironment[4],voxel size=5 um,1.53,6.911982964455678,3.206275408105714
PhysiCell,PhysiCell_dx_5um,5.0,,mean over all voxels from microenvironment[4],mean over center voxels from microenvironment[4],voxel size=5 um,1.54,6.909438815739284,3.196909511972225
PhysiCell,PhysiCell_dx_5um,5.0,,mean over all voxels from microenvironment[4],mean over center voxels from microenvironment[4],voxel size=5 um,1.55,6.906945319449014,3.187724550216447
PhysiCell,PhysiCell_dx_5um,5.0,,mean over all voxels from microenvironment[4],mean over center voxels from microenvironment[4],voxel size=5 um,1.56,6.904501457823863,3.178717133942428
PhysiCell,PhysiCell_dx_5um,5.0,,mean over all voxels from microenvironment[4],mean over center voxels from microenvironment[4],voxel size=5 um,1.57,6.902106233971468,3.1698839328864277
PhysiCell,PhysiCell_dx_5um,5.0,,mean over all voxels from microenvironment[4],mean over center voxels from microenvironment[4],voxel size=5 um,1.58,6.8997586714214645,3.1612216746276203
PhysiCell,PhysiCell_dx_5um,5.0,,mean over all voxels from microenvironment[4],mean over center voxels from microenvironment[4],voxel size=5 um,1.59,6.8974578136892175,3.152727143798239
PhysiCell,PhysiCell_dx_5um,5.0,,mean over all voxels from microenvironment[4],mean over center voxels from microenvironment[4],voxel size=5 um,1.6,6.8952027238497,3.1443971812938716
PhysiCell,PhysiCell_dx_5um,5.0,,mean over all voxels from microenvironment[4],mean over center voxels from microenvironment[4],voxel size=5 um,1.61,6.892992484121166,3.136228683484555
PhysiCell,PhysiCell_dx_5um,5.0,,mean over all voxels from microenvironment[4],mean over center voxels from microenvironment[4],voxel size=5 um,1.62,6.890826195458442,3.128218601427301
PhysiCell,PhysiCell_dx_5um,5.0,,mean over all voxels from microenvironment[4],mean over center voxels from microenvironment[4],voxel size=5 um,1.63,6.888702977155526,3.1203639400806193
PhysiCell,PhysiCell_dx_5um,5.0,,mean over all voxels from microenvironment[4],mean over center voxels from microenvironment[4],voxel size=5 um,1.64,6.886621966457285,3.1126617575216002
PhysiCell,PhysiCell_dx_5um,5.0,,mean over all voxels from microenvironment[4],mean over center voxels from microenvironment[4],voxel size=5 um,1.65,6.884582318179997,3.105109164166049
PhysiCell,PhysiCell_dx_5um,5.0,,mean over all voxels from microenvironment[4],mean over center voxels from microenvironment[4],voxel size=5 um,1.66,6.882583204340524,3.0977033219921575
PhysiCell,PhysiCell_dx_5um,5.0,,mean over all voxels from microenvironment[4],mean over center voxels from microenvironment[4],voxel size=5 um,1.67,6.880623813793876,3.090441443768153
PhysiCell,PhysiCell_dx_5um,5.0,,mean over all voxels from microenvironment[4],mean over center voxels from microenvironment[4],voxel size=5 um,1.68,6.878703351878954,3.083320792284344
PhysiCell,PhysiCell_dx_5um,5.0,,mean over all voxels from microenvironment[4],mean over center voxels from microenvironment[4],voxel size=5 um,1.69,6.8768210400722944,3.076338679589935
PhysiCell,PhysiCell_dx_5um,5.0,,mean over all voxels from microenvironment[4],mean over center voxels from microenvironment[4],voxel size=5 um,1.7,6.874976115649565,3.0694924662349825
PhysiCell,PhysiCell_dx_5um,5.0,,mean over all voxels from microenvironment[4],mean over center voxels from microenvironment[4],voxel size=5 um,1.71,6.873167831354632,3.0627795605178147
PhysiCell,PhysiCell_dx_5um,5.0,,mean over all voxels from microenvironment[4],mean over center voxels from microenvironment[4],voxel size=5 um,1.72,6.871395455076062,3.0561974177382205
PhysiCell,PhysiCell_dx_5um,5.0,,mean over all voxels from microenvironment[4],mean over center voxels from microenvironment[4],voxel size=5 um,1.73,6.869658269530755,3.0497435394566965
PhysiCell,PhysiCell_dx_5um,5.0,,mean over all voxels from microenvironment[4],mean over center voxels from microenvironment[4],voxel size=5 um,1.74,6.867955571954678,3.0434154727600045
PhysiCell,PhysiCell_dx_5um,5.0,,mean over all voxels from microenvironment[4],mean over center voxels from microenvironment[4],voxel size=5 um,1.75,6.866286673800379,3.0372108095332853
PhysiCell,PhysiCell_dx_5um,5.0,,mean over all voxels from microenvironment[4],mean over center voxels from microenvironment[4],voxel size=5 um,1.76,6.864650900441236,3.031127185738943
PhysiCell,PhysiCell_dx_5um,5.0,,mean over all voxels from microenvironment[4],mean over center voxels from microenvironment[4],voxel size=5 um,1.77,6.86304759088219,3.025162280702504
PhysiCell,PhysiCell_dx_5um,5.0,,mean over all voxels from microenvironment[4],mean over center voxels from microenvironment[4],voxel size=5 um,1.78,6.861476097476853,3.0193138164056226
PhysiCell,PhysiCell_dx_5um,5.0,,mean over all voxels from microenvironment[4],mean over center voxels from microenvironment[4],voxel size=5 um,1.79,6.8599357856508005,3.0135795567864085
PhysiCell,PhysiCell_dx_5um,5.0,,mean over all voxels from microenvironment[4],mean over center voxels from microenvironment[4],voxel size=5 um,1.8,6.858426033630947,3.007957307047214
PhysiCell,PhysiCell_dx_5um,5.0,,mean over all voxels from microenvironment[4],mean over center voxels from microenvironment[4],voxel size=5 um,1.81,6.856946232180784,3.002444912970021
PhysiCell,PhysiCell_dx_5um,5.0,,mean over all voxels from microenvironment[4],mean over center voxels from microenvironment[4],voxel size=5 um,1.82,6.855495784341427,2.99704026023954
PhysiCell,PhysiCell_dx_5um,5.0,,mean over all voxels from microenvironment[4],mean over center voxels from microenvironment[4],voxel size=5 um,1.83,6.854074105178257,2.991741273774124
PhysiCell,PhysiCell_dx_5um,5.0,,mean over all voxels from microenvironment[4],mean over center voxels from microenvironment[4],voxel size=5 um,1.84,6.852680621533063,2.9865459170645923
PhysiCell,PhysiCell_dx_5um,5.0,,mean over all voxels from microenvironment[4],mean over center voxels from microenvironment[4],voxel size=5 um,1.85,6.851314771781555,2.98145219152104
PhysiCell,PhysiCell_dx_5um,5.0,,mean over all voxels from microenvironment[4],mean over center voxels from microenvironment[4],voxel size=5 um,1.86,6.849976005596096,2.9764581358276945
PhysiCell,PhysiCell_dx_5um,5.0,,mean over all voxels from microenvironment[4],mean over center voxels from microenvironment[4],voxel size=5 um,1.87,6.8486637837135484,2.9715618253058844
PhysiCell,PhysiCell_dx_5um,5.0,,mean over all voxels from microenvironment[4],mean over center voxels from microenvironment[4],voxel size=5 um,1.88,6.847377577708125,2.966761371285157
PhysiCell,PhysiCell_dx_5um,5.0,,mean over all voxels from microenvironment[4],mean over center voxels from microenvironment[4],voxel size=5 um,1.89,6.846116869769088,2.9620549204825823
PhysiCell,PhysiCell_dx_5um,5.0,,mean over all voxels from microenvironment[4],mean over center voxels from microenvironment[4],voxel size=5 um,1.9,6.844881152483236,2.95744065439027
PhysiCell,PhysiCell_dx_5um,5.0,,mean over all voxels from microenvironment[4],mean over center voxels from microenvironment[4],voxel size=5 um,1.91,6.84366992862201,2.9529167886711183
PhysiCell,PhysiCell_dx_5um,5.0,,mean over all voxels from microenvironment[4],mean over center voxels from microenvironment[4],voxel size=5 um,1.92,6.842482710933174,2.948481572562793
PhysiCell,PhysiCell_dx_5um,5.0,,mean over all voxels from microenvironment[4],mean over center voxels from microenvironment[4],voxel size=5 um,1.93,6.841319021936902,2.944133288289958
PhysiCell,PhysiCell_dx_5um,5.0,,mean over all voxels from microenvironment[4],mean over center voxels from microenvironment[4],voxel size=5 um,1.94,6.8401783937262195,2.939870250484731
PhysiCell,PhysiCell_dx_5um,5.0,,mean over all voxels from microenvironment[4],mean over center voxels from microenvironment[4],voxel size=5 um,1.95,6.839060367771663,2.935690805615363
PhysiCell,PhysiCell_dx_5um,5.0,,mean over all voxels from microenvironment[4],mean over center voxels from microenvironment[4],voxel size=5 um,1.96,6.837964494730096,2.931593331423114
PhysiCell,PhysiCell_dx_5um,5.0,,mean over all voxels from microenvironment[4],mean over center voxels from microenvironment[4],voxel size=5 um,1.97,6.836890334257561,2.9275762363673206
PhysiCell,PhysiCell_dx_5um,5.0,,mean over all voxels from microenvironment[4],mean over center voxels from microenvironment[4],voxel size=5 um,1.98,6.835837454826066,2.923637959078591
PhysiCell,PhysiCell_dx_5um,5.0,,mean over all voxels from microenvironment[4],mean over center voxels from microenvironment[4],voxel size=5 um,1.99,6.834805433544263,2.919776967820123
PhysiCell,PhysiCell_dx_5um,5.0,,mean over all voxels from microenvironment[4],mean over center voxels from microenvironment[4],voxel size=5 um,2.0,6.833793855981886,2.9159917599570906
PhysiCell,PhysiCell_dx_5um,5.0,,mean over all voxels from microenvironment[4],mean over center voxels from microenvironment[4],voxel size=5 um,2.01,6.832802315997866,2.9122808614340503
PhysiCell,PhysiCell_dx_5um,5.0,,mean over all voxels from microenvironment[4],mean over center voxels from microenvironment[4],voxel size=5 um,2.02,6.8318304155720835,2.908642826260333
PhysiCell,PhysiCell_dx_5um,5.0,,mean over all voxels from microenvironment[4],mean over center voxels from microenvironment[4],voxel size=5 um,2.03,6.830877764640623,2.905076236003347
PhysiCell,PhysiCell_dx_5um,5.0,,mean over all voxels from microenvironment[4],mean over center voxels from microenvironment[4],voxel size=5 um,2.04,6.82994398093447,2.901579699289759
PhysiCell,PhysiCell_dx_5um,5.0,,mean over all voxels from microenvironment[4],mean over center voxels from microenvironment[4],voxel size=5 um,2.05,6.829028689821611,2.898151851314475
PhysiCell,PhysiCell_dx_5um,5.0,,mean over all voxels from microenvironment[4],mean over center voxels from microenvironment[4],voxel size=5 um,2.06,6.828131524152397,2.8947913533573693
PhysiCell,PhysiCell_dx_5um,5.0,,mean over all voxels from microenvironment[4],mean over center voxels from microenvironment[4],voxel size=5 um,2.07,6.827252124108134,2.89149689230769
PhysiCell,PhysiCell_dx_5um,5.0,,mean over all voxels from microenvironment[4],mean over center voxels from microenvironment[4],voxel size=5 um,2.08,6.826390137052852,2.8882671801960704
PhysiCell,PhysiCell_dx_5um,5.0,,mean over all voxels from microenvironment[4],mean over center voxels from microenvironment[4],voxel size=5 um,2.09,6.825545217388112,2.8851009537340886
PhysiCell,PhysiCell_dx_5um,5.0,,mean over all voxels from microenvironment[4],mean over center voxels from microenvironment[4],voxel size=5 um,2.1,6.824717026410868,2.8819969738612876
PhysiCell,PhysiCell_dx_5um,5.0,,mean over all voxels from microenvironment[4],mean over center voxels from microenvironment[4],voxel size=5 um,2.11,6.823905232174252,2.8789540252995884
PhysiCell,PhysiCell_dx_5um,5.0,,mean over all voxels from microenvironment[4],mean over center voxels from microenvironment[4],voxel size=5 um,2.12,6.82310950935125,2.87597091611502
PhysiCell,PhysiCell_dx_5um,5.0,,mean over all voxels from microenvironment[4],mean over center voxels from microenvironment[4],voxel size=5 um,2.13,6.822329539101201,2.8730464772866853
PhysiCell,PhysiCell_dx_5um,5.0,,mean over all voxels from microenvironment[4],mean over center voxels from microenvironment[4],voxel size=5 um,2.14,6.8215650089390545,2.870179562282889
PhysiCell,PhysiCell_dx_5um,5.0,,mean over all voxels from microenvironment[4],mean over center voxels from microenvironment[4],voxel size=5 um,2.15,6.820815612607318,2.8673690466443347
PhysiCell,PhysiCell_dx_5um,5.0,,mean over all voxels from microenvironment[4],mean over center voxels from microenvironment[4],voxel size=5 um,2.16,6.820081049950657,2.8646138275743325
PhysiCell,PhysiCell_dx_5um,5.0,,mean over all voxels from microenvironment[4],mean over center voxels from microenvironment[4],voxel size=5 um,2.17,6.819361026793077,2.8619128235359
PhysiCell,PhysiCell_dx_5um,5.0,,mean over all voxels from microenvironment[4],mean over center voxels from microenvironment[4],voxel size=5 um,2.18,6.81865525481762,2.859264973855711
PhysiCell,PhysiCell_dx_5um,5.0,,mean over all voxels from microenvironment[4],mean over center voxels from microenvironment[4],voxel size=5 um,2.19,6.817963451448551,2.8566692383347783
PhysiCell,PhysiCell_dx_5um,5.0,,mean over all voxels from microenvironment[4],mean over center voxels from microenvironment[4],voxel size=5 um,2.2,6.817285339735954,2.854124596865799
PhysiCell,PhysiCell_dx_5um,5.0,,mean over all voxels from microenvironment[4],mean over center voxels from microenvironment[4],voxel size=5 um,2.21,6.816620648242702,2.851630049057078
PhysiCell,PhysiCell_dx_5um,5.0,,mean over all voxels from microenvironment[4],mean over center voxels from microenvironment[4],voxel size=5 um,2.22,6.815969110933736,2.849184613862937
PhysiCell,PhysiCell_dx_5um,5.0,,mean over all voxels from microenvironment[4],mean over center voxels from microenvironment[4],voxel size=5 um,2.23,6.815330467067622,2.8467873292205277
PhysiCell,PhysiCell_dx_5um,5.0,,mean over all voxels from microenvironment[4],mean over center voxels from microenvironment[4],voxel size=5 um,2.24,6.814704461090315,2.8444372516929644
PhysiCell,PhysiCell_dx_5um,5.0,,mean over all voxels from microenvironment[4],mean over center voxels from microenvironment[4],voxel size=5 um,2.25,6.814090842531112,2.84213345611868
PhysiCell,PhysiCell_dx_5um,5.0,,mean over all voxels from microenvironment[4],mean over center voxels from microenvironment[4],voxel size=5 um,2.26,6.813489365900707,2.839875035266939
PhysiCell,PhysiCell_dx_5um,5.0,,mean over all voxels from microenvironment[4],mean over center voxels from microenvironment[4],voxel size=5 um,2.27,6.812899790591357,2.8376610994993934
PhysiCell,PhysiCell_dx_5um,5.0,,mean over all voxels from microenvironment[4],mean over center voxels from microenvironment[4],voxel size=5 um,2.28,6.812321880779051,2.835490776437626
PhysiCell,PhysiCell_dx_5um,5.0,,mean over all voxels from microenvironment[4],mean over center voxels from microenvironment[4],voxel size=5 um,2.29,6.811755405327699,2.8333632106365645
PhysiCell,PhysiCell_dx_5um,5.0,,mean over all voxels from microenvironment[4],mean over center voxels from microenvironment[4],voxel size=5 um,2.3,6.811200137695261,2.8312775632637104
PhysiCell,PhysiCell_dx_5um,5.0,,mean over all voxels from microenvironment[4],mean over center voxels from microenvironment[4],voxel size=5 um,2.31,6.810655855841785,2.8292330117840745
PhysiCell,PhysiCell_dx_5um,5.0,,mean over all voxels from microenvironment[4],mean over center voxels from microenvironment[4],voxel size=5 um,2.32,6.8101223421393176,2.8272287496507427
PhysiCell,PhysiCell_dx_5um,5.0,,mean over all voxels from microenvironment[4],mean over center voxels from microenvironment[4],voxel size=5 um,2.33,6.809599383283651,2.8252639860009916
PhysiCell,PhysiCell_dx_5um,5.0,,mean over all voxels from microenvironment[4],mean over center voxels from microenvironment[4],voxel size=5 um,2.34,6.809086770207847,2.823337945357864
PhysiCell,PhysiCell_dx_5um,5.0,,mean over all voxels from microenvironment[4],mean over center voxels from microenvironment[4],voxel size=5 um,2.35,6.808584297997523,2.821449867337121
PhysiCell,PhysiCell_dx_5um,5.0,,mean over all voxels from microenvironment[4],mean over center voxels from microenvironment[4],voxel size=5 um,2.36,6.808091765807876,2.819599006359493
PhysiCell,PhysiCell_dx_5um,5.0,,mean over all voxels from microenvironment[4],mean over center voxels from microenvironment[4],voxel size=5 um,2.37,6.807608976782347,2.8177846313681383
PhysiCell,PhysiCell_dx_5um,5.0,,mean over all voxels from microenvironment[4],mean over center voxels from microenvironment[4],voxel size=5 um,2.38,6.807135737972971,2.816006025551239
PhysiCell,PhysiCell_dx_5um,5.0,,mean over all voxels from microenvironment[4],mean over center voxels from microenvironment[4],voxel size=5 um,2.39,6.806671860262311,2.814262486069641
PhysiCell,PhysiCell_dx_5um,5.0,,mean over all voxels from microenvironment[4],mean over center voxels from microenvironment[4],voxel size=5 um,2.4,6.806217158286996,2.8125533237894658
PhysiCell,PhysiCell_dx_5um,5.0,,mean over all voxels from microenvironment[4],mean over center voxels from microenvironment[4],voxel size=5 um,2.41,6.805771450362786,2.8108778630196194
PhysiCell,PhysiCell_dx_5um,5.0,,mean over all voxels from microenvironment[4],mean over center voxels from microenvironment[4],voxel size=5 um,2.42,6.805334558411155,2.8092354412540965
PhysiCell,PhysiCell_dx_5um,5.0,,mean over all voxels from microenvironment[4],mean over center voxels from microenvironment[4],voxel size=5 um,2.43,6.804906307887365,2.8076254089190327
PhysiCell,PhysiCell_dx_5um,5.0,,mean over all voxels from microenvironment[4],mean over center voxels from microenvironment[4],voxel size=5 um,2.44,6.804486527709979,2.806047129124406
PhysiCell,PhysiCell_dx_5um,5.0,,mean over all voxels from microenvironment[4],mean over center voxels from microenvironment[4],voxel size=5 um,2.45,6.80407505019181,2.8044999774203143
PhysiCell,PhysiCell_dx_5um,5.0,,mean over all voxels from microenvironment[4],mean over center voxels from microenvironment[4],voxel size=5 um,2.46,6.803671710972243,2.802983341557765
PhysiCell,PhysiCell_dx_5um,5.0,,mean over all voxels from microenvironment[4],mean over center voxels from microenvironment[4],voxel size=5 um,2.47,6.8032763489509485,2.8014966212538828
PhysiCell,PhysiCell_dx_5um,5.0,,mean over all voxels from microenvironment[4],mean over center voxels from microenvironment[4],voxel size=5 um,2.48,6.8028888062229,2.800039227961479
PhysiCell,PhysiCell_dx_5um,5.0,,mean over all voxels from microenvironment[4],mean over center voxels from microenvironment[4],voxel size=5 um,2.49,6.802508928014726,2.798610584642899
PhysiCell,PhysiCell_dx_5um,5.0,,mean over all voxels from microenvironment[4],mean over center voxels from microenvironment[4],voxel size=5 um,2.5,6.802136562622322,2.797210125548078
PhysiCell,PhysiCell_dx_5um,5.0,,mean over all voxels from microenvironment[4],mean over center voxels from microenvironment[4],voxel size=5 um,2.51,6.801771561349732,2.7958372959967357
PhysiCell,PhysiCell_dx_5um,5.0,,mean over all voxels from microenvironment[4],mean over center voxels from microenvironment[4],voxel size=5 um,2.52,6.801413778449256,2.7944915521646383
PhysiCell,PhysiCell_dx_5um,5.0,,mean over all voxels from microenvironment[4],mean over center voxels from microenvironment[4],voxel size=5 um,2.53,6.801063071062754,2.793172360873853
PhysiCell,PhysiCell_dx_5um,5.0,,mean over all voxels from microenvironment[4],mean over center voxels from microenvironment[4],voxel size=5 um,2.54,6.800719299164132,2.7918791993869374
PhysiCell,PhysiCell_dx_5um,5.0,,mean over all voxels from microenvironment[4],mean over center voxels from microenvironment[4],voxel size=5 um,2.55,6.8003823255029925,2.7906115552049835
PhysiCell,PhysiCell_dx_5um,5.0,,mean over all voxels from microenvironment[4],mean over center voxels from microenvironment[4],voxel size=5 um,2.56,6.800052015549403,2.7893689258694607
PhysiCell,PhysiCell_dx_5um,5.0,,mean over all voxels from microenvironment[4],mean over center voxels from microenvironment[4],voxel size=5 um,2.57,6.7997282374397745,2.788150818767779
PhysiCell,PhysiCell_dx_5um,5.0,,mean over all voxels from microenvironment[4],mean over center voxels from microenvironment[4],voxel size=5 um,2.58,6.799410861923836,2.786956750942523
PhysiCell,PhysiCell_dx_5um,5.0,,mean over all voxels from microenvironment[4],mean over center voxels from microenvironment[4],voxel size=5 um,2.59,6.79909976231266,2.7857862489042744
PhysiCell,PhysiCell_dx_5um,5.0,,mean over all voxels from microenvironment[4],mean over center voxels from microenvironment[4],voxel size=5 um,2.6,6.798794814427733,2.784638848447979
PhysiCell,PhysiCell_dx_5um,5.0,,mean over all voxels from microenvironment[4],mean over center voxels from microenvironment[4],voxel size=5 um,2.61,6.798495896551053,2.783514094472778
PhysiCell,PhysiCell_dx_5um,5.0,,mean over all voxels from microenvironment[4],mean over center voxels from microenvironment[4],voxel size=5 um,2.62,6.798202889376214,2.782411540805255
PhysiCell,PhysiCell_dx_5um,5.0,,mean over all voxels from microenvironment[4],mean over center voxels from microenvironment[4],voxel size=5 um,2.63,6.797915675960487,2.781330750026027
PhysiCell,PhysiCell_dx_5um,5.0,,mean over all voxels from microenvironment[4],mean over center voxels from microenvironment[4],voxel size=5 um,2.64,6.797634141677837,2.7802712932996343
PhysiCell,PhysiCell_dx_5um,5.0,,mean over all voxels from microenvironment[4],mean over center voxels from microenvironment[4],voxel size=5 um,2.65,6.797358174172901,2.779232750207654
PhysiCell,PhysiCell_dx_5um,5.0,,mean over all voxels from microenvironment[4],mean over center voxels from microenvironment[4],voxel size=5 um,2.66,6.797087663315879,2.7782147085849918
PhysiCell,PhysiCell_dx_5um,5.0,,mean over all voxels from microenvironment[4],mean over center voxels from microenvironment[4],voxel size=5 um,2.67,6.7968225011583225,2.777216764359284
PhysiCell,PhysiCell_dx_5um,5.0,,mean over all voxels from microenvironment[4],mean over center voxels from microenvironment[4],voxel size=5 um,2.68,6.796562581889813,2.77623852139337
PhysiCell,PhysiCell_dx_5um,5.0,,mean over all voxels from microenvironment[4],mean over center voxels from microenvironment[4],voxel size=5 um,2.69,6.796307801795499,2.775279591330758
PhysiCell,PhysiCell_dx_5um,5.0,,mean over all voxels from microenvironment[4],mean over center voxels from microenvironment[4],voxel size=5 um,2.7,6.796058059214495,2.774339593444049
PhysiCell,PhysiCell_dx_5um,5.0,,mean over all voxels from microenvironment[4],mean over center voxels from microenvironment[4],voxel size=5 um,2.71,6.795813254499093,2.7734181544862526
PhysiCell,PhysiCell_dx_5um,5.0,,mean over all voxels from microenvironment[4],mean over center voxels from microenvironment[4],voxel size=5 um,2.72,6.795573289974805,2.77251490854495
PhysiCell,PhysiCell_dx_5um,5.0,,mean over all voxels from microenvironment[4],mean over center voxels from microenvironment[4],voxel size=5 um,2.73,6.795338069901194,2.771629496899248
PhysiCell,PhysiCell_dx_5um,5.0,,mean over all voxels from microenvironment[4],mean over center voxels from microenvironment[4],voxel size=5 um,2.74,6.795107500433485,2.77076156787947
PhysiCell,PhysiCell_dx_5um,5.0,,mean over all voxels from microenvironment[4],mean over center voxels from microenvironment[4],voxel size=5 um,2.75,6.794881489584948,2.7699107767295463
PhysiCell,PhysiCell_dx_5um,5.0,,mean over all voxels from microenvironment[4],mean over center voxels from microenvironment[4],voxel size=5 um,2.76,6.7946599471900315,2.769076785472034
PhysiCell,PhysiCell_dx_5um,5.0,,mean over all voxels from microenvironment[4],mean over center voxels from microenvironment[4],voxel size=5 um,2.77,6.794442784868228,2.7682592627757394
PhysiCell,PhysiCell_dx_5um,5.0,,mean over all voxels from microenvironment[4],mean over center voxels from microenvironment[4],voxel size=5 um,2.78,6.794229915988654,2.767457883825879
PhysiCell,PhysiCell_dx_5um,5.0,,mean over all voxels from microenvironment[4],mean over center voxels from microenvironment[4],voxel size=5 um,2.79,6.794021255635353,2.7666723301967395
PhysiCell,PhysiCell_dx_5um,5.0,,mean over all voxels from microenvironment[4],mean over center voxels from microenvironment[4],voxel size=5 um,2.8,6.79381672057327,2.765902289726791
PhysiCell,PhysiCell_dx_5um,5.0,,mean over all voxels from microenvironment[4],mean over center voxels from microenvironment[4],voxel size=5 um,2.81,6.793616229214923,2.765147456396203
PhysiCell,PhysiCell_dx_5um,5.0,,mean over all voxels from microenvironment[4],mean over center voxels from microenvironment[4],voxel size=5 um,2.82,6.793419701587721,2.764407530206722
PhysiCell,PhysiCell_dx_5um,5.0,,mean over all voxels from microenvironment[4],mean over center voxels from microenvironment[4],voxel size=5 um,2.83,6.793227059301941,2.763682217063869
PhysiCell,PhysiCell_dx_5um,5.0,,mean over all voxels from microenvironment[4],mean over center voxels from microenvironment[4],voxel size=5 um,2.84,6.793038225519349,2.7629712286614057
PhysiCell,PhysiCell_dx_5um,5.0,,mean over all voxels from microenvironment[4],mean over center voxels from microenvironment[4],voxel size=5 um,2.85,6.792853124922436,2.762274282368039
PhysiCell,PhysiCell_dx_5um,5.0,,mean over all voxels from microenvironment[4],mean over center voxels from microenvironment[4],voxel size=5 um,2.86,6.792671683684265,2.7615911011163057
PhysiCell,PhysiCell_dx_5um,5.0,,mean over all voxels from microenvironment[4],mean over center voxels from microenvironment[4],voxel size=5 um,2.87,6.792493829438934,2.7609214132936164
PhysiCell,PhysiCell_dx_5um,5.0,,mean over all voxels from microenvironment[4],mean over center voxels from microenvironment[4],voxel size=5 um,2.88,6.792319491252606,2.7602649526354
PhysiCell,PhysiCell_dx_5um,5.0,,mean over all voxels from microenvironment[4],mean over center voxels from microenvironment[4],voxel size=5 um,2.89,6.792148599595122,2.7596214581203187
PhysiCell,PhysiCell_dx_5um,5.0,,mean over all voxels from microenvironment[4],mean over center voxels from microenvironment[4],voxel size=5 um,2.9,6.7919810863121945,2.7589906738675123
PhysiCell,PhysiCell_dx_5um,5.0,,mean over all voxels from microenvironment[4],mean over center voxels from microenvironment[4],voxel size=5 um,2.91,6.791816884598128,2.758372349035837
PhysiCell,PhysiCell_dx_5um,5.0,,mean over all voxels from microenvironment[4],mean over center voxels from microenvironment[4],voxel size=5 um,2.92,6.791655928969103,2.7577662377250567
PhysiCell,PhysiCell_dx_5um,5.0,,mean over all voxels from microenvironment[4],mean over center voxels from microenvironment[4],voxel size=5 um,2.93,6.7914981552369795,2.7571720988789457
PhysiCell,PhysiCell_dx_5um,5.0,,mean over all voxels from microenvironment[4],mean over center voxels from microenvironment[4],voxel size=5 um,2.94,6.791343500483628,2.756589696190279
PhysiCell,PhysiCell_dx_5um,5.0,,mean over all voxels from microenvironment[4],mean over center voxels from microenvironment[4],voxel size=5 um,2.95,6.791191903035765,2.7560187980076676
PhysiCell,PhysiCell_dx_5um,5.0,,mean over all voxels from microenvironment[4],mean over center voxels from microenvironment[4],voxel size=5 um,2.96,6.791043302440283,2.7554591772441985
PhysiCell,PhysiCell_dx_5um,5.0,,mean over all voxels from microenvironment[4],mean over center voxels from microenvironment[4],voxel size=5 um,2.97,6.790897639440102,2.7549106112878525
PhysiCell,PhysiCell_dx_5um,5.0,,mean over all voxels from microenvironment[4],mean over center voxels from microenvironment[4],voxel size=5 um,2.98,6.790754855950456,2.75437288191367
PhysiCell,PhysiCell_dx_5um,5.0,,mean over all voxels from microenvironment[4],mean over center voxels from microenvironment[4],voxel size=5 um,2.99,6.790614895035673,2.7538457751976146
PhysiCell,PhysiCell_dx_5um,5.0,,mean over all voxels from microenvironment[4],mean over center voxels from microenvironment[4],voxel size=5 um,3.0,6.790477700886436,2.753329081432122
PhysiCell,PhysiCell_dx_5um,5.0,,mean over all voxels from microenvironment[4],mean over center voxels from microenvironment[4],voxel size=5 um,3.01,6.790343218797444,2.752822595043288
PhysiCell,PhysiCell_dx_5um,5.0,,mean over all voxels from microenvironment[4],mean over center voxels from microenvironment[4],voxel size=5 um,3.02,6.790211395145577,2.7523261145096756
PhysiCell,PhysiCell_dx_5um,5.0,,mean over all voxels from microenvironment[4],mean over center voxels from microenvironment[4],voxel size=5 um,3.03,6.79008217736845,2.751839442282693
PhysiCell,PhysiCell_dx_5um,5.0,,mean over all voxels from microenvironment[4],mean over center voxels from microenvironment[4],voxel size=5 um,3.04,6.789955513943404,2.7513623847085382
PhysiCell,PhysiCell_dx_5um,5.0,,mean over all voxels from microenvironment[4],mean over center voxels from microenvironment[4],voxel size=5 um,3.05,6.789831354366934,2.7508947519516527
PhysiCell,PhysiCell_dx_5um,5.0,,mean over all voxels from microenvironment[4],mean over center voxels from microenvironment[4],voxel size=5 um,3.06,6.789709649134492,2.7504363579196753
PhysiCell,PhysiCell_dx_5um,5.0,,mean over all voxels from microenvironment[4],mean over center voxels from microenvironment[4],voxel size=5 um,3.07,6.789590349720715,2.7499870201898586
PhysiCell,PhysiCell_dx_5um,5.0,,mean over all voxels from microenvironment[4],mean over center voxels from microenvironment[4],voxel size=5 um,3.08,6.789473408560044,2.7495465599369235
PhysiCell,PhysiCell_dx_5um,5.0,,mean over all voxels from microenvironment[4],mean over center voxels from microenvironment[4],voxel size=5 um,3.09,6.789358779027712,2.7491148018623175
PhysiCell,PhysiCell_dx_5um,5.0,,mean over all voxels from microenvironment[4],mean over center voxels from microenvironment[4],voxel size=5 um,3.1,6.789246415421132,2.748691574124861
PhysiCell,PhysiCell_dx_5um,5.0,,mean over all voxels from microenvironment[4],mean over center voxels from microenvironment[4],voxel size=5 um,3.11,6.7891362729416205,2.7482767082727433
PhysiCell,PhysiCell_dx_5um,5.0,,mean over all voxels from microenvironment[4],mean over center voxels from microenvironment[4],voxel size=5 um,3.12,6.7890283076765305,2.7478700391768522
PhysiCell,PhysiCell_dx_5um,5.0,,mean over all voxels from microenvironment[4],mean over center voxels from microenvironment[4],voxel size=5 um,3.13,6.788922476581692,2.7474714049654025
PhysiCell,PhysiCell_dx_5um,5.0,,mean over all voxels from microenvironment[4],mean over center voxels from microenvironment[4],voxel size=5 um,3.14,6.788818737464232,2.7470806469598488
PhysiCell,PhysiCell_dx_5um,5.0,,mean over all voxels from microenvironment[4],mean over center voxels from microenvironment[4],voxel size=5 um,3.15,6.788717048965718,2.746697609612043
PhysiCell,PhysiCell_dx_5um,5.0,,mean over all voxels from microenvironment[4],mean over center voxels from microenvironment[4],voxel size=5 um,3.16,6.788617370545656,2.7463221404426315
PhysiCell,PhysiCell_dx_5um,5.0,,mean over all voxels from microenvironment[4],mean over center voxels from microenvironment[4],voxel size=5 um,3.17,6.788519662465282,2.7459540899806525
PhysiCell,PhysiCell_dx_5um,5.0,,mean over all voxels from microenvironment[4],mean over center voxels from microenvironment[4],voxel size=5 um,3.18,6.788423885771712,2.7455933117043125
PhysiCell,PhysiCell_dx_5um,5.0,,mean over all voxels from microenvironment[4],mean over center voxels from microenvironment[4],voxel size=5 um,3.19,6.788330002282379,2.7452396619829336
PhysiCell,PhysiCell_dx_5um,5.0,,mean over all voxels from microenvironment[4],mean over center voxels from microenvironment[4],voxel size=5 um,3.2,6.7882379745698,2.7448930000200225
PhysiCell,PhysiCell_dx_5um,5.0,,mean over all voxels from microenvironment[4],mean over center voxels from microenvironment[4],voxel size=5 um,3.21,6.788147765946615,2.7445531877974694
PhysiCell,PhysiCell_dx_5um,5.0,,mean over all voxels from microenvironment[4],mean over center voxels from microenvironment[4],voxel size=5 um,3.22,6.788059340450963,2.7442200900208324
PhysiCell,PhysiCell_dx_5um,5.0,,mean over all voxels from microenvironment[4],mean over center voxels from microenvironment[4],voxel size=5 um,3.23,6.7879726628321135,2.7438935740656945
PhysiCell,PhysiCell_dx_5um,5.0,,mean over all voxels from microenvironment[4],mean over center voxels from microenvironment[4],voxel size=5 um,3.24,6.787887698536393,2.743573509925074
PhysiCell,PhysiCell_dx_5um,5.0,,mean over all voxels from microenvironment[4],mean over center voxels from microenvironment[4],voxel size=5 um,3.25,6.787804413693399,2.743259770157868
PhysiCell,PhysiCell_dx_5um,5.0,,mean over all voxels from microenvironment[4],mean over center voxels from microenvironment[4],voxel size=5 um,3.26,6.787722775102482,2.742952229838301
PhysiCell,PhysiCell_dx_5um,5.0,,mean over all voxels from microenvironment[4],mean over center voxels from microenvironment[4],voxel size=5 um,3.27,6.7876427502194865,2.742650766506372
PhysiCell,PhysiCell_dx_5um,5.0,,mean over all voxels from microenvironment[4],mean over center voxels from microenvironment[4],voxel size=5 um,3.28,6.787564307143773,2.7423552601192696
PhysiCell,PhysiCell_dx_5um,5.0,,mean over all voxels from microenvironment[4],mean over center voxels from microenvironment[4],voxel size=5 um,3.29,6.787487414605472,2.7420655930037414
PhysiCell,PhysiCell_dx_5um,5.0,,mean over all voxels from microenvironment[4],mean over center voxels from microenvironment[4],voxel size=5 um,3.3,6.78741204195302,2.741781649809399
PhysiCell,PhysiCell_dx_5um,5.0,,mean over all voxels from microenvironment[4],mean over center voxels from microenvironment[4],voxel size=5 um,3.31,6.787338159140918,2.741503317462938
PhysiCell,PhysiCell_dx_5um,5.0,,mean over all voxels from microenvironment[4],mean over center voxels from microenvironment[4],voxel size=5 um,3.32,6.787265736717743,2.7412304851232605
PhysiCell,PhysiCell_dx_5um,5.0,,mean over all voxels from microenvironment[4],mean over center voxels from microenvironment[4],voxel size=5 um,3.33,6.787194745814401,2.740963044137474
PhysiCell,PhysiCell_dx_5um,5.0,,mean over all voxels from microenvironment[4],mean over center voxels from microenvironment[4],voxel size=5 um,3.34,6.787125158132596,2.7407008879977584
PhysiCell,PhysiCell_dx_5um,5.0,,mean over all voxels from microenvironment[4],mean over center voxels from microenvironment[4],voxel size=5 um,3.35,6.787056945933556,2.7404439122990776
PhysiCell,PhysiCell_dx_5um,5.0,,mean over all voxels from microenvironment[4],mean over center voxels from microenvironment[4],voxel size=5 um,3.36,6.7869900820269455,2.740192014697726
PhysiCell,PhysiCell_dx_5um,5.0,,mean over all voxels from microenvironment[4],mean over center voxels from microenvironment[4],voxel size=5 um,3.37,6.786924539760033,2.7399450948706825
PhysiCell,PhysiCell_dx_5um,5.0,,mean over all voxels from microenvironment[4],mean over center voxels from microenvironment[4],voxel size=5 um,3.38,6.7868602930070505,2.7397030544757723
PhysiCell,PhysiCell_dx_5um,5.0,,mean over all voxels from microenvironment[4],mean over center voxels from microenvironment[4],voxel size=5 um,3.39,6.786797316158764,2.7394657971126044
PhysiCell,PhysiCell_dx_5um,5.0,,mean over all voxels from microenvironment[4],mean over center voxels from microenvironment[4],voxel size=5 um,3.4,6.786735584112272,2.73923322828428
PhysiCell,PhysiCell_dx_5um,5.0,,mean over all voxels from microenvironment[4],mean over center voxels from microenvironment[4],voxel size=5 um,3.41,6.786675072260972,2.7390052553598547
PhysiCell,PhysiCell_dx_5um,5.0,,mean over all voxels from microenvironment[4],mean over center voxels from microenvironment[4],voxel size=5 um,3.42,6.786615756484761,2.7387817875375378
PhysiCell,PhysiCell_dx_5um,5.0,,mean over all voxels from microenvironment[4],mean over center voxels from microenvironment[4],voxel size=5 um,3.43,6.786557613140409,2.738562735808614
PhysiCell,PhysiCell_dx_5um,5.0,,mean over all voxels from microenvironment[4],mean over center voxels from microenvironment[4],voxel size=5 um,3.44,6.786500619052115,2.7383480129220765
PhysiCell,PhysiCell_dx_5um,5.0,,mean over all voxels from microenvironment[4],mean over center voxels from microenvironment[4],voxel size=5 um,3.45,6.786444751502278,2.7381375333499576
PhysiCell,PhysiCell_dx_5um,5.0,,mean over all voxels from microenvironment[4],mean over center voxels from microenvironment[4],voxel size=5 um,3.46,6.786389988222431,2.7379312132533355
PhysiCell,PhysiCell_dx_5um,5.0,,mean over all voxels from microenvironment[4],mean over center voxels from microenvironment[4],voxel size=5 um,3.47,6.78633630738435,2.7377289704490164
PhysiCell,PhysiCell_dx_5um,5.0,,mean over all voxels from microenvironment[4],mean over center voxels from microenvironment[4],voxel size=5 um,3.48,6.78628368759136,2.73753072437687
PhysiCell,PhysiCell_dx_5um,5.0,,mean over all voxels from microenvironment[4],mean over center voxels from microenvironment[4],voxel size=5 um,3.49,6.786232107869793,2.737336396067805
PhysiCell,PhysiCell_dx_5um,5.0,,mean over all voxels from microenvironment[4],mean over center voxels from microenvironment[4],voxel size=5 um,3.5,6.786181547660621,2.73714590811238
PhysiCell,PhysiCell_dx_5um,5.0,,mean over all voxels from microenvironment[4],mean over center voxels from microenvironment[4],voxel size=5 um,3.51,6.786131986811261,2.7369591846300287
PhysiCell,PhysiCell_dx_5um,5.0,,mean over all voxels from microenvironment[4],mean over center voxels from microenvironment[4],voxel size=5 um,3.52,6.78608340556754,2.736776151238891
PhysiCell,PhysiCell_dx_5um,5.0,,mean over all voxels from microenvironment[4],mean over center voxels from microenvironment[4],voxel size=5 um,3.53,6.786035784565803,2.736596735026242
PhysiCell,PhysiCell_dx_5um,5.0,,mean over all voxels from microenvironment[4],mean over center voxels from microenvironment[4],voxel size=5 um,3.54,6.785989104825203,2.7364208645194963
PhysiCell,PhysiCell_dx_5um,5.0,,mean over all voxels from microenvironment[4],mean over center voxels from microenvironment[4],voxel size=5 um,3.55,6.785943347740131,2.7362484696577942
PhysiCell,PhysiCell_dx_5um,5.0,,mean over all voxels from microenvironment[4],mean over center voxels from microenvironment[4],voxel size=5 um,3.56,6.785898495072788,2.736079481764132
PhysiCell,PhysiCell_dx_5um,5.0,,mean over all voxels from microenvironment[4],mean over center voxels from microenvironment[4],voxel size=5 um,3.57,6.785854528945918,2.735913833518058
PhysiCell,PhysiCell_dx_5um,5.0,,mean over all voxels from microenvironment[4],mean over center voxels from microenvironment[4],voxel size=5 um,3.58,6.785811431835675,2.7357514589288945
PhysiCell,PhysiCell_dx_5um,5.0,,mean over all voxels from microenvironment[4],mean over center voxels from microenvironment[4],voxel size=5 um,3.59,6.785769186564635,2.7355922933094914
PhysiCell,PhysiCell_dx_5um,5.0,,mean over all voxels from microenvironment[4],mean over center voxels from microenvironment[4],voxel size=5 um,3.6,6.7857277762949515,2.735436273250499
PhysiCell,PhysiCell_dx_5um,5.0,,mean over all voxels from microenvironment[4],mean over center voxels from microenvironment[4],voxel size=5 um,3.61,6.785687184521637,2.7352833365951414
PhysiCell,PhysiCell_dx_5um,5.0,,mean over all voxels from microenvironment[4],mean over center voxels from microenvironment[4],voxel size=5 um,3.62,6.785647395065973,2.7351334224144974
PhysiCell,PhysiCell_dx_5um,5.0,,mean over all voxels from microenvironment[4],mean over center voxels from microenvironment[4],voxel size=5 um,3.63,6.785608392069077,2.734986470983257
PhysiCell,PhysiCell_dx_5um,5.0,,mean over all voxels from microenvironment[4],mean over center voxels from microenvironment[4],voxel size=5 um,3.64,6.785570159985563,2.734842423755962
PhysiCell,PhysiCell_dx_5um,5.0,,mean over all voxels from microenvironment[4],mean over center voxels from microenvironment[4],voxel size=5 um,3.65,6.785532683577349,2.7347012233437167
PhysiCell,PhysiCell_dx_5um,5.0,,mean over all voxels from microenvironment[4],mean over center voxels from microenvironment[4],voxel size=5 um,3.66,6.78549594790758,2.734562813491352
PhysiCell,PhysiCell_dx_5um,5.0,,mean over all voxels from microenvironment[4],mean over center voxels from microenvironment[4],voxel size=5 um,3.67,6.785459938334674,2.734427139055044
PhysiCell,PhysiCell_dx_5um,5.0,,mean over all voxels from microenvironment[4],mean over center voxels from microenvironment[4],voxel size=5 um,3.68,6.785424640506478,2.734294145980371
PhysiCell,PhysiCell_dx_5um,5.0,,mean over all voxels from microenvironment[4],mean over center voxels from microenvironment[4],voxel size=5 um,3.69,6.785390040354556,2.7341637812808064
PhysiCell,PhysiCell_dx_5um,5.0,,mean over all voxels from microenvironment[4],mean over center voxels from microenvironment[4],voxel size=5 um,3.7,6.785356124088566,2.7340359930166316
PhysiCell,PhysiCell_dx_5um,5.0,,mean over all voxels from microenvironment[4],mean over center voxels from microenvironment[4],voxel size=5 um,3.71,6.785322878190772,2.7339107302742702
PhysiCell,PhysiCell_dx_5um,5.0,,mean over all voxels from microenvironment[4],mean over center voxels from microenvironment[4],voxel size=5 um,3.72,6.785290289410655,2.7337879431460226
PhysiCell,PhysiCell_dx_5um,5.0,,mean over all voxels from microenvironment[4],mean over center voxels from microenvironment[4],voxel size=5 um,3.73,6.785258344759617,2.7336675827102055
PhysiCell,PhysiCell_dx_5um,5.0,,mean over all voxels from microenvironment[4],mean over center voxels from microenvironment[4],voxel size=5 um,3.74,6.78522703150582,2.733549601011682
PhysiCell,PhysiCell_dx_5um,5.0,,mean over all voxels from microenvironment[4],mean over center voxels from microenvironment[4],voxel size=5 um,3.75,6.785196337169097,2.7334339510427763
PhysiCell,PhysiCell_dx_5um,5.0,,mean over all voxels from microenvironment[4],mean over center voxels from microenvironment[4],voxel size=5 um,3.76,6.785166249515979,2.73332058672456
PhysiCell,PhysiCell_dx_5um,5.0,,mean over all voxels from microenvironment[4],mean over center voxels from microenvironment[4],voxel size=5 um,3.77,6.785136756554821,2.7332094628885173
PhysiCell,PhysiCell_dx_5um,5.0,,mean over all voxels from microenvironment[4],mean over center voxels from microenvironment[4],voxel size=5 um,3.78,6.785107846531021,2.733100535258559
PhysiCell,PhysiCell_dx_5um,5.0,,mean over all voxels from microenvironment[4],mean over center voxels from microenvironment[4],voxel size=5 um,3.79,6.7850795079223305,2.7329937604334047
PhysiCell,PhysiCell_dx_5um,5.0,,mean over all voxels from microenvironment[4],mean over center voxels from microenvironment[4],voxel size=5 um,3.8,6.78505172943426,2.7328890958693015
PhysiCell,PhysiCell_dx_5um,5.0,,mean over all voxels from microenvironment[4],mean over center voxels from microenvironment[4],voxel size=5 um,3.81,6.785024499995581,2.7327864998630895
PhysiCell,PhysiCell_dx_5um,5.0,,mean over all voxels from microenvironment[4],mean over center voxels from microenvironment[4],voxel size=5 um,3.82,6.784997808753908,2.7326859315356034
PhysiCell,PhysiCell_dx_5um,5.0,,mean over all voxels from microenvironment[4],mean over center voxels from microenvironment[4],voxel size=5 um,3.83,6.784971645071375,2.732587350815392
PhysiCell,PhysiCell_dx_5um,5.0,,mean over all voxels from microenvironment[4],mean over center voxels from microenvironment[4],voxel size=5 um,3.84,6.784945998520391,2.7324907184227722
PhysiCell,PhysiCell_dx_5um,5.0,,mean over all voxels from microenvironment[4],mean over center voxels from microenvironment[4],voxel size=5 um,3.85,6.784920858879489,2.7323959958541835
PhysiCell,PhysiCell_dx_5um,5.0,,mean over all voxels from microenvironment[4],mean over center voxels from microenvironment[4],voxel size=5 um,3.86,6.784896216129242,2.732303145366867
PhysiCell,PhysiCell_dx_5um,5.0,,mean over all voxels from microenvironment[4],mean over center voxels from microenvironment[4],voxel size=5 um,3.87,6.784872060448281,2.732212129963829
PhysiCell,PhysiCell_dx_5um,5.0,,mean over all voxels from microenvironment[4],mean over center voxels from microenvironment[4],voxel size=5 um,3.88,6.784848382209362,2.732122913379118
PhysiCell,PhysiCell_dx_5um,5.0,,mean over all voxels from microenvironment[4],mean over center voxels from microenvironment[4],voxel size=5 um,3.89,6.784825171975553,2.732035460063382
PhysiCell,PhysiCell_dx_5um,5.0,,mean over all voxels from microenvironment[4],mean over center voxels from microenvironment[4],voxel size=5 um,3.9,6.784802420496445,2.731949735169712
PhysiCell,PhysiCell_dx_5um,5.0,,mean over all voxels from microenvironment[4],mean over center voxels from microenvironment[4],voxel size=5 um,3.91,6.784780118704487,2.7318657045397705
PhysiCell,PhysiCell_dx_5um,5.0,,mean over all voxels from microenvironment[4],mean over center voxels from microenvironment[4],voxel size=5 um,3.92,6.784758257711354,2.731783334690185
PhysiCell,PhysiCell_dx_5um,5.0,,mean over all voxels from microenvironment[4],mean over center voxels from microenvironment[4],voxel size=5 um,3.93,6.784736828804417,2.7317025927992202
PhysiCell,PhysiCell_dx_5um,5.0,,mean over all voxels from microenvironment[4],mean over center voxels from microenvironment[4],voxel size=5 um,3.94,6.784715823443263,2.7316234466937046
PhysiCell,PhysiCell_dx_5um,5.0,,mean over all voxels from microenvironment[4],mean over center voxels from microenvironment[4],voxel size=5 um,3.95,6.784695233256288,2.731545864836219
PhysiCell,PhysiCell_dx_5um,5.0,,mean over all voxels from microenvironment[4],mean over center voxels from microenvironment[4],voxel size=5 um,3.96,6.784675050037371,2.731469816312539
PhysiCell,PhysiCell_dx_5um,5.0,,mean over all voxels from microenvironment[4],mean over center voxels from microenvironment[4],voxel size=5 um,3.97,6.784655265742592,2.731395270819321
PhysiCell,PhysiCell_dx_5um,5.0,,mean over all voxels from microenvironment[4],mean over center voxels from microenvironment[4],voxel size=5 um,3.98,6.784635872487025,2.7313221986520393
PhysiCell,PhysiCell_dx_5um,5.0,,mean over all voxels from microenvironment[4],mean over center voxels from microenvironment[4],voxel size=5 um,3.99,6.784616862541606,2.7312505706931507
PhysiCell,PhysiCell_dx_5um,5.0,,mean over all voxels from microenvironment[4],mean over center voxels from microenvironment[4],voxel size=5 um,4.0,6.78459822833004,2.731180358400502
PhysiCell,PhysiCell_dx_5um,5.0,,mean over all voxels from microenvironment[4],mean over center voxels from microenvironment[4],voxel size=5 um,4.01,6.7845799624257905,2.7311115337959606
PhysiCell,PhysiCell_dx_5um,5.0,,mean over all voxels from microenvironment[4],mean over center voxels from microenvironment[4],voxel size=5 um,4.02,6.784562057549112,2.731044069454273
PhysiCell,PhysiCell_dx_5um,5.0,,mean over all voxels from microenvironment[4],mean over center voxels from microenvironment[4],voxel size=5 um,4.03,6.784544506564152,2.730977938492142
PhysiCell,PhysiCell_dx_5um,5.0,,mean over all voxels from microenvironment[4],mean over center voxels from microenvironment[4],voxel size=5 um,4.04,6.784527302476102,2.7309131145575187
PhysiCell,PhysiCell_dx_5um,5.0,,mean over all voxels from microenvironment[4],mean over center voxels from microenvironment[4],voxel size=5 um,4.05,6.784510438428423,2.7308495718191086
PhysiCell,PhysiCell_dx_5um,5.0,,mean over all voxels from microenvironment[4],mean over center voxels from microenvironment[4],voxel size=5 um,4.06,6.784493907700088,2.730787284956079
PhysiCell,PhysiCell_dx_5um,5.0,,mean over all voxels from microenvironment[4],mean over center voxels from microenvironment[4],voxel size=5 um,4.07,6.784477703702929,2.7307262291479786
PhysiCell,PhysiCell_dx_5um,5.0,,mean over all voxels from microenvironment[4],mean over center voxels from microenvironment[4],voxel size=5 um,4.08,6.784461819978996,2.7306663800648487
PhysiCell,PhysiCell_dx_5um,5.0,,mean over all voxels from microenvironment[4],mean over center voxels from microenvironment[4],voxel size=5 um,4.09,6.784446250197985,2.730607713857532
PhysiCell,PhysiCell_dx_5um,5.0,,mean over all voxels from microenvironment[4],mean over center voxels from microenvironment[4],voxel size=5 um,4.1,6.784430988154717,2.730550207148177
PhysiCell,PhysiCell_dx_5um,5.0,,mean over all voxels from microenvironment[4],mean over center voxels from microenvironment[4],voxel size=5 um,4.11,6.784416027766661,2.7304938370209175
PhysiCell,PhysiCell_dx_5um,5.0,,mean over all voxels from microenvironment[4],mean over center voxels from microenvironment[4],voxel size=5 um,4.12,6.784401363071519,2.730438581012755
PhysiCell,PhysiCell_dx_5um,5.0,,mean over all voxels from microenvironment[4],mean over center voxels from microenvironment[4],voxel size=5 um,4.13,6.784386988224836,2.730384417104603
PhysiCell,PhysiCell_dx_5um,5.0,,mean over all voxels from microenvironment[4],mean over center voxels from microenvironment[4],voxel size=5 um,4.14,6.78437289749768,2.7303313237125204
PhysiCell,PhysiCell_dx_5um,5.0,,mean over all voxels from microenvironment[4],mean over center voxels from microenvironment[4],voxel size=5 um,4.15,6.784359085274355,2.7302792796791104
PhysiCell,PhysiCell_dx_5um,5.0,,mean over all voxels from microenvironment[4],mean over center voxels from microenvironment[4],voxel size=5 um,4.16,6.784345546050164,2.730228264265096
PhysiCell,PhysiCell_dx_5um,5.0,,mean over all voxels from microenvironment[4],mean over center voxels from microenvironment[4],voxel size=5 um,4.17,6.784332274429214,2.7301782571410564
PhysiCell,PhysiCell_dx_5um,5.0,,mean over all voxels from microenvironment[4],mean over center voxels from microenvironment[4],voxel size=5 um,4.18,6.7843192651222655,2.7301292383793276
PhysiCell,PhysiCell_dx_5um,5.0,,mean over all voxels from microenvironment[4],mean over center voxels from microenvironment[4],voxel size=5 um,4.19,6.784306512944625,2.7300811884460656
PhysiCell,PhysiCell_dx_5um,5.0,,mean over all voxels from microenvironment[4],mean over center voxels from microenvironment[4],voxel size=5 um,4.2,6.784294012814077,2.730034088193466
PhysiCell,PhysiCell_dx_5um,5.0,,mean over all voxels from microenvironment[4],mean over center voxels from microenvironment[4],voxel size=5 um,4.21,6.784281759748858,2.7299879188521325
PhysiCell,PhysiCell_dx_5um,5.0,,mean over all voxels from microenvironment[4],mean over center voxels from microenvironment[4],voxel size=5 um,4.22,6.784269748865677,2.7299426620236042
PhysiCell,PhysiCell_dx_5um,5.0,,mean over all voxels from microenvironment[4],mean over center voxels from microenvironment[4],voxel size=5 um,4.23,6.7842579753777565,2.7298982996730192
PhysiCell,PhysiCell_dx_5um,5.0,,mean over all voxels from microenvironment[4],mean over center voxels from microenvironment[4],voxel size=5 um,4.24,6.784246434592937,2.7298548141219396
PhysiCell,PhysiCell_dx_5um,5.0,,mean over all voxels from microenvironment[4],mean over center voxels from microenvironment[4],voxel size=5 um,4.25,6.784235121911806,2.729812188041298
PhysiCell,PhysiCell_dx_5um,5.0,,mean over all voxels from microenvironment[4],mean over center voxels from microenvironment[4],voxel size=5 um,4.26,6.784224032825854,2.729770404444503
PhysiCell,PhysiCell_dx_5um,5.0,,mean over all voxels from microenvironment[4],mean over center voxels from microenvironment[4],voxel size=5 um,4.27,6.784213162915686,2.7297294466806656
PhysiCell,PhysiCell_dx_5um,5.0,,mean over all voxels from microenvironment[4],mean over center voxels from microenvironment[4],voxel size=5 um,4.28,6.784202507849263,2.7296892984279686
PhysiCell,PhysiCell_dx_5um,5.0,,mean over all voxels from microenvironment[4],mean over center voxels from microenvironment[4],voxel size=5 um,4.29,6.784192063380166,2.7296499436871637
PhysiCell,PhysiCell_dx_5um,5.0,,mean over all voxels from microenvironment[4],mean over center voxels from microenvironment[4],voxel size=5 um,4.3,6.784181825345908,2.7296113667751953
PhysiCell,PhysiCell_dx_5um,5.0,,mean over all voxels from microenvironment[4],mean over center voxels from microenvironment[4],voxel size=5 um,4.31,6.7841717896662805,2.7295735523189553
PhysiCell,PhysiCell_dx_5um,5.0,,mean over all voxels from microenvironment[4],mean over center voxels from microenvironment[4],voxel size=5 um,4.32,6.784161952341719,2.729536485249156
PhysiCell,PhysiCell_dx_5um,5.0,,mean over all voxels from microenvironment[4],mean over center voxels from microenvironment[4],voxel size=5 um,4.33,6.784152309451712,2.729500150794327
PhysiCell,PhysiCell_dx_5um,5.0,,mean over all voxels from microenvironment[4],mean over center voxels from microenvironment[4],voxel size=5 um,4.34,6.784142857153239,2.729464534474931
PhysiCell,PhysiCell_dx_5um,5.0,,mean over all voxels from microenvironment[4],mean over center voxels from microenvironment[4],voxel size=5 um,4.35,6.7841335916792405,2.729429622097593
PhysiCell,PhysiCell_dx_5um,5.0,,mean over all voxels from microenvironment[4],mean over center voxels from microenvironment[4],voxel size=5 um,4.36,6.784124509337103,2.7293953997494467
PhysiCell,PhysiCell_dx_5um,5.0,,mean over all voxels from microenvironment[4],mean over center voxels from microenvironment[4],voxel size=5 um,4.37,6.7841156065072195,2.729361853792591
PhysiCell,PhysiCell_dx_5um,5.0,,mean over all voxels from microenvironment[4],mean over center voxels from microenvironment[4],voxel size=5 um,4.38,6.78410687964151,2.729328970858657
PhysiCell,PhysiCell_dx_5um,5.0,,mean over all voxels from microenvironment[4],mean over center voxels from microenvironment[4],voxel size=5 um,4.39,6.784098325262026,2.7292967378434794
PhysiCell,PhysiCell_dx_5um,5.0,,mean over all voxels from microenvironment[4],mean over center voxels from microenvironment[4],voxel size=5 um,4.4,6.784089939959567,2.729265141901877
PhysiCell,PhysiCell_dx_5um,5.0,,mean over all voxels from microenvironment[4],mean over center voxels from microenvironment[4],voxel size=5 um,4.41,6.7840817203923125,2.729234170442537
PhysiCell,PhysiCell_dx_5um,5.0,,mean over all voxels from microenvironment[4],mean over center voxels from microenvironment[4],voxel size=5 um,4.42,6.784073663284495,2.729203811122993
PhysiCell,PhysiCell_dx_5um,5.0,,mean over all voxels from microenvironment[4],mean over center voxels from microenvironment[4],voxel size=5 um,4.43,6.784065765425091,2.72917405184471
PhysiCell,PhysiCell_dx_5um,5.0,,mean over all voxels from microenvironment[4],mean over center voxels from microenvironment[4],voxel size=5 um,4.44,6.7840580236665495,2.729144880748266
PhysiCell,PhysiCell_dx_5um,5.0,,mean over all voxels from microenvironment[4],mean over center voxels from microenvironment[4],voxel size=5 um,4.45,6.7840504349235236,2.729116286208624
PhysiCell,PhysiCell_dx_5um,5.0,,mean over all voxels from microenvironment[4],mean over center voxels from microenvironment[4],voxel size=5 um,4.46,6.784042996171662,2.7290882568304986
PhysiCell,PhysiCell_dx_5um,5.0,,mean over all voxels from microenvironment[4],mean over center voxels from microenvironment[4],voxel size=5 um,4.47,6.784035704446374,2.7290607814438204
PhysiCell,PhysiCell_dx_5um,5.0,,mean over all voxels from microenvironment[4],mean over center voxels from microenvironment[4],voxel size=5 um,4.48,6.784028556841682,2.72903384909928
PhysiCell,PhysiCell_dx_5um,5.0,,mean over all voxels from microenvironment[4],mean over center voxels from microenvironment[4],voxel size=5 um,4.49,6.7840215505090296,2.7290074490639697
PhysiCell,PhysiCell_dx_5um,5.0,,mean over all voxels from microenvironment[4],mean over center voxels from microenvironment[4],voxel size=5 um,4.5,6.784014682656173,2.7289815708171044
PhysiCell,PhysiCell_dx_5um,5.0,,mean over all voxels from microenvironment[4],mean over center voxels from microenvironment[4],voxel size=5 um,4.51,6.784007950546055,2.728956204045829
PhysiCell,PhysiCell_dx_5um,5.0,,mean over all voxels from microenvironment[4],mean over center voxels from microenvironment[4],voxel size=5 um,4.52,6.784001351495717,2.728931338641111
PhysiCell,PhysiCell_dx_5um,5.0,,mean over all voxels from microenvironment[4],mean over center voxels from microenvironment[4],voxel size=5 um,4.53,6.7839948828752314,2.7289069646937123
PhysiCell,PhysiCell_dx_5um,5.0,,mean over all voxels from microenvironment[4],mean over center voxels from microenvironment[4],voxel size=5 um,4.54,6.783988542106646,2.728883072490239
PhysiCell,PhysiCell_dx_5um,5.0,,mean over all voxels from microenvironment[4],mean over center voxels from microenvironment[4],voxel size=5 um,4.55,6.783982326662969,2.7288596525092728
PhysiCell,PhysiCell_dx_5um,5.0,,mean over all voxels from microenvironment[4],mean over center voxels from microenvironment[4],voxel size=5 um,4.56,6.7839762340671514,2.7288366954175762
PhysiCell,PhysiCell_dx_5um,5.0,,mean over all voxels from microenvironment[4],mean over center voxels from microenvironment[4],voxel size=5 um,4.57,6.7839702618911035,2.728814192066374
PhysiCell,PhysiCell_dx_5um,5.0,,mean over all voxels from microenvironment[4],mean over center voxels from microenvironment[4],voxel size=5 um,4.58,6.78396440775473,2.728792133487707
PhysiCell,PhysiCell_dx_5um,5.0,,mean over all voxels from microenvironment[4],mean over center voxels from microenvironment[4],voxel size=5 um,4.59,6.783958669324974,2.72877051089086
PhysiCell,PhysiCell_dx_5um,5.0,,mean over all voxels from microenvironment[4],mean over center voxels from microenvironment[4],voxel size=5 um,4.6,6.783953044314896,2.728749315658856
PhysiCell,PhysiCell_dx_5um,5.0,,mean over all voxels from microenvironment[4],mean over center voxels from microenvironment[4],voxel size=5 um,4.61,6.783947530482754,2.7287285393450267
PhysiCell,PhysiCell_dx_5um,5.0,,mean over all voxels from microenvironment[4],mean over center voxels from microenvironment[4],voxel size=5 um,4.62,6.78394212563112,2.7287081736696432
PhysiCell,PhysiCell_dx_5um,5.0,,mean over all voxels from microenvironment[4],mean over center voxels from microenvironment[4],voxel size=5 um,4.63,6.783936827605997,2.7286882105166193
PhysiCell,PhysiCell_dx_5um,5.0,,mean over all voxels from microenvironment[4],mean over center voxels from microenvironment[4],voxel size=5 um,4.64,6.783931634295955,2.728668641930275
PhysiCell,PhysiCell_dx_5um,5.0,,mean over all voxels from microenvironment[4],mean over center voxels from microenvironment[4],voxel size=5 um,4.65,6.783926543631302,2.7286494601121687
PhysiCell,PhysiCell_dx_5um,5.0,,mean over all voxels from microenvironment[4],mean over center voxels from microenvironment[4],voxel size=5 um,4.66,6.78392155358326,2.7286306574179875
PhysiCell,PhysiCell_dx_5um,5.0,,mean over all voxels from microenvironment[4],mean over center voxels from microenvironment[4],voxel size=5 um,4.67,6.78391666216314,2.7286122263545036
PhysiCell,PhysiCell_dx_5um,5.0,,mean over all voxels from microenvironment[4],mean over center voxels from microenvironment[4],voxel size=5 um,4.68,6.783911867421564,2.7285941595765864
PhysiCell,PhysiCell_dx_5um,5.0,,mean over all voxels from microenvironment[4],mean over center voxels from microenvironment[4],voxel size=5 um,4.69,6.783907167447683,2.7285764498842737
PhysiCell,PhysiCell_dx_5um,5.0,,mean over all voxels from microenvironment[4],mean over center voxels from microenvironment[4],voxel size=5 um,4.7,6.783902560368415,2.728559090219909
PhysiCell,PhysiCell_dx_5um,5.0,,mean over all voxels from microenvironment[4],mean over center voxels from microenvironment[4],voxel size=5 um,4.71,6.7838980443477,2.7285420736653236
PhysiCell,PhysiCell_dx_5um,5.0,,mean over all voxels from microenvironment[4],mean over center voxels from microenvironment[4],voxel size=5 um,4.72,6.783893617585771,2.7285253934390803
PhysiCell,PhysiCell_dx_5um,5.0,,mean over all voxels from microenvironment[4],mean over center voxels from microenvironment[4],voxel size=5 um,4.73,6.783889278318433,2.728509042893774
PhysiCell,PhysiCell_dx_5um,5.0,,mean over all voxels from microenvironment[4],mean over center voxels from microenvironment[4],voxel size=5 um,4.74,6.783885024816352,2.7284930155133806
PhysiCell,PhysiCell_dx_5um,5.0,,mean over all voxels from microenvironment[4],mean over center voxels from microenvironment[4],voxel size=5 um,4.75,6.783880855384389,2.728477304910659
PhysiCell,PhysiCell_dx_5um,5.0,,mean over all voxels from microenvironment[4],mean over center voxels from microenvironment[4],voxel size=5 um,4.76,6.783876768360895,2.72846190482461
PhysiCell,PhysiCell_dx_5um,5.0,,mean over all voxels from microenvironment[4],mean over center voxels from microenvironment[4],voxel size=5 um,4.77,6.783872762117075,2.7284468091179783
PhysiCell,PhysiCell_dx_5um,5.0,,mean over all voxels from microenvironment[4],mean over center voxels from microenvironment[4],voxel size=5 um,4.78,6.783868835056317,2.7284320117748067
PhysiCell,PhysiCell_dx_5um,5.0,,mean over all voxels from microenvironment[4],mean over center voxels from microenvironment[4],voxel size=5 um,4.79,6.783864985613577,2.7284175068980403
PhysiCell,PhysiCell_dx_5um,5.0,,mean over all voxels from microenvironment[4],mean over center voxels from microenvironment[4],voxel size=5 um,4.8,6.7838612122547355,2.7284032887071765
PhysiCell,PhysiCell_dx_5um,5.0,,mean over all voxels from microenvironment[4],mean over center voxels from microenvironment[4],voxel size=5 um,4.81,6.783857513476,2.7283893515359594
PhysiCell,PhysiCell_dx_5um,5.0,,mean over all voxels from microenvironment[4],mean over center voxels from microenvironment[4],voxel size=5 um,4.82,6.7838538878032955,2.7283756898301252
PhysiCell,PhysiCell_dx_5um,5.0,,mean over all voxels from microenvironment[4],mean over center voxels from microenvironment[4],voxel size=5 um,4.83,6.783850333791688,2.728362298145186
PhysiCell,PhysiCell_dx_5um,5.0,,mean over all voxels from microenvironment[4],mean over center voxels from microenvironment[4],voxel size=5 um,4.84,6.783846850024799,2.728349171144261
PhysiCell,PhysiCell_dx_5um,5.0,,mean over all voxels from microenvironment[4],mean over center voxels from microenvironment[4],voxel size=5 um,4.85,6.783843435114243,2.72833630359595
PhysiCell,PhysiCell_dx_5um,5.0,,mean over all voxels from microenvironment[4],mean over center voxels from microenvironment[4],voxel size=5 um,4.86,6.783840087699085,2.7283236903722483
PhysiCell,PhysiCell_dx_5um,5.0,,mean over all voxels from microenvironment[4],mean over center voxels from microenvironment[4],voxel size=5 um,4.87,6.783836806445276,2.7283113264465046
PhysiCell,PhysiCell_dx_5um,5.0,,mean over all voxels from microenvironment[4],mean over center voxels from microenvironment[4],voxel size=5 um,4.88,6.783833590045146,2.728299206891416
PhysiCell,PhysiCell_dx_5um,5.0,,mean over all voxels from microenvironment[4],mean over center voxels from microenvironment[4],voxel size=5 um,4.89,6.783830437216862,2.728287326877065
PhysiCell,PhysiCell_dx_5um,5.0,,mean over all voxels from microenvironment[4],mean over center voxels from microenvironment[4],voxel size=5 um,4.9,6.783827346703933,2.728275681668996
PhysiCell,PhysiCell_dx_5um,5.0,,mean over all voxels from microenvironment[4],mean over center voxels from microenvironment[4],voxel size=5 um,4.91,6.783824317274697,2.728264266626327
PhysiCell,PhysiCell_dx_5um,5.0,,mean over all voxels from microenvironment[4],mean over center voxels from microenvironment[4],voxel size=5 um,4.92,6.783821347721844,2.7282530771999016
PhysiCell,PhysiCell_dx_5um,5.0,,mean over all voxels from microenvironment[4],mean over center voxels from microenvironment[4],voxel size=5 um,4.93,6.7838184368619165,2.7282421089304725
PhysiCell,PhysiCell_dx_5um,5.0,,mean over all voxels from microenvironment[4],mean over center voxels from microenvironment[4],voxel size=5 um,4.94,6.783815583534857,2.7282313574469312
PhysiCell,PhysiCell_dx_5um,5.0,,mean over all voxels from microenvironment[4],mean over center voxels from microenvironment[4],voxel size=5 um,4.95,6.783812786603528,2.72822081846456
PhysiCell,PhysiCell_dx_5um,5.0,,mean over all voxels from microenvironment[4],mean over center voxels from microenvironment[4],voxel size=5 um,4.96,6.783810044953276,2.7282104877833278
PhysiCell,PhysiCell_dx_5um,5.0,,mean over all voxels from microenvironment[4],mean over center voxels from microenvironment[4],voxel size=5 um,4.97,6.783807357491472,2.7282003612862145
PhysiCell,PhysiCell_dx_5um,5.0,,mean over all voxels from microenvironment[4],mean over center voxels from microenvironment[4],voxel size=5 um,4.98,6.783804723147087,2.7281904349375714
PhysiCell,PhysiCell_dx_5um,5.0,,mean over all voxels from microenvironment[4],mean over center voxels from microenvironment[4],voxel size=5 um,4.99,6.7838021408702565,2.7281807047815128
PhysiCell,PhysiCell_dx_5um,5.0,,mean over all voxels from microenvironment[4],mean over center voxels from microenvironment[4],voxel size=5 um,5.0,6.783799609631874,2.7281711669403395
PhysiCell,PhysiCell_dx_5um,5.0,,mean over all voxels from microenvironment[4],mean over center voxels from microenvironment[4],voxel size=5 um,5.01,6.7837971284231635,2.728161817612994
PhysiCell,PhysiCell_dx_5um,5.0,,mean over all voxels from microenvironment[4],mean over center voxels from microenvironment[4],voxel size=5 um,5.02,6.7837946962552955,2.7281526530735443
PhysiCell,PhysiCell_dx_5um,5.0,,mean over all voxels from microenvironment[4],mean over center voxels from microenvironment[4],voxel size=5 um,5.03,6.783792312158981,2.728143669669699
PhysiCell,PhysiCell_dx_5um,5.0,,mean over all voxels from microenvironment[4],mean over center voxels from microenvironment[4],voxel size=5 um,5.04,6.783789975184088,2.728134863821356
PhysiCell,PhysiCell_dx_5um,5.0,,mean over all voxels from microenvironment[4],mean over center voxels from microenvironment[4],voxel size=5 um,5.05,6.783787684399269,2.7281262320191706
PhysiCell,PhysiCell_dx_5um,5.0,,mean over all voxels from microenvironment[4],mean over center voxels from microenvironment[4],voxel size=5 um,5.06,6.783785438891577,2.7281177708231574
PhysiCell,PhysiCell_dx_5um,5.0,,mean over all voxels from microenvironment[4],mean over center voxels from microenvironment[4],voxel size=5 um,5.07,6.783783237766115,2.7281094768613254
PhysiCell,PhysiCell_dx_5um,5.0,,mean over all voxels from microenvironment[4],mean over center voxels from microenvironment[4],voxel size=5 um,5.08,6.783781080145671,2.728101346828326
PhysiCell,PhysiCell_dx_5um,5.0,,mean over all voxels from microenvironment[4],mean over center voxels from microenvironment[4],voxel size=5 um,5.09,6.783778965170376,2.7280933774841416
PhysiCell,PhysiCell_dx_5um,5.0,,mean over all voxels from microenvironment[4],mean over center voxels from microenvironment[4],voxel size=5 um,5.1,6.783776891997348,2.728085565652791
PhysiCell,PhysiCell_dx_5um,5.0,,mean over all voxels from microenvironment[4],mean over center voxels from microenvironment[4],voxel size=5 um,5.11,6.78377485980037,2.728077908221067
PhysiCell,PhysiCell_dx_5um,5.0,,mean over all voxels from microenvironment[4],mean over center voxels from microenvironment[4],voxel size=5 um,5.12,6.783772867769554,2.728070402137292
PhysiCell,PhysiCell_dx_5um,5.0,,mean over all voxels from microenvironment[4],mean over center voxels from microenvironment[4],voxel size=5 um,5.13,6.783770915111019,2.7280630444101055
PhysiCell,PhysiCell_dx_5um,5.0,,mean over all voxels from microenvironment[4],mean over center voxels from microenvironment[4],voxel size=5 um,5.14,6.783769001046575,2.728055832107269
PhysiCell,PhysiCell_dx_5um,5.0,,mean over all voxels from microenvironment[4],mean over center voxels from microenvironment[4],voxel size=5 um,5.15,6.783767124813415,2.7280487623545
PhysiCell,PhysiCell_dx_5um,5.0,,mean over all voxels from microenvironment[4],mean over center voxels from microenvironment[4],voxel size=5 um,5.16,6.783765285663805,2.728041832334324
PhysiCell,PhysiCell_dx_5um,5.0,,mean over all voxels from microenvironment[4],mean over center voxels from microenvironment[4],voxel size=5 um,5.17,6.783763482864795,2.7280350392849546
PhysiCell,PhysiCell_dx_5um,5.0,,mean over all voxels from microenvironment[4],mean over center voxels from microenvironment[4],voxel size=5 um,5.18,6.783761715697915,2.7280283804991896
PhysiCell,PhysiCell_dx_5um,5.0,,mean over all voxels from microenvironment[4],mean over center voxels from microenvironment[4],voxel size=5 um,5.19,6.783759983458902,2.7280218533233347
PhysiCell,PhysiCell_dx_5um,5.0,,mean over all voxels from microenvironment[4],mean over center voxels from microenvironment[4],voxel size=5 um,5.2,6.783758285457408,2.7280154551561444
PhysiCell,PhysiCell_dx_5um,5.0,,mean over all voxels from microenvironment[4],mean over center voxels from microenvironment[4],voxel size=5 um,5.21,6.783756621016733,2.728009183447788
PhysiCell,PhysiCell_dx_5um,5.0,,mean over all voxels from microenvironment[4],mean over center voxels from microenvironment[4],voxel size=5 um,5.22,6.78375498947355,2.7280030356988303
PhysiCell,PhysiCell_dx_5um,5.0,,mean over all voxels from microenvironment[4],mean over center voxels from microenvironment[4],voxel size=5 um,5.23,6.783753390177643,2.7279970094592354
PhysiCell,PhysiCell_dx_5um,5.0,,mean over all voxels from microenvironment[4],mean over center voxels from microenvironment[4],voxel size=5 um,5.24,6.783751822491648,2.7279911023273935
PhysiCell,PhysiCell_dx_5um,5.0,,mean over all voxels from microenvironment[4],mean over center voxels from microenvironment[4],voxel size=5 um,5.25,6.783750285790799,2.727985311949162
PhysiCell,PhysiCell_dx_5um,5.0,,mean over all voxels from microenvironment[4],mean over center voxels from microenvironment[4],voxel size=5 um,5.26,6.783748779462675,2.7279796360169257
PhysiCell,PhysiCell_dx_5um,5.0,,mean over all voxels from microenvironment[4],mean over center voxels from microenvironment[4],voxel size=5 um,5.27,6.783747302906965,2.727974072268681
PhysiCell,PhysiCell_dx_5um,5.0,,mean over all voxels from microenvironment[4],mean over center voxels from microenvironment[4],voxel size=5 um,5.28,6.783745855535217,2.7279686184871297
PhysiCell,PhysiCell_dx_5um,5.0,,mean over all voxels from microenvironment[4],mean over center voxels from microenvironment[4],voxel size=5 um,5.29,6.783744436770615,2.7279632724987994
PhysiCell,PhysiCell_dx_5um,5.0,,mean over all voxels from microenvironment[4],mean over center voxels from microenvironment[4],voxel size=5 um,5.3,6.783743046047743,2.727958032173177
PhysiCell,PhysiCell_dx_5um,5.0,,mean over all voxels from microenvironment[4],mean over center voxels from microenvironment[4],voxel size=5 um,5.31,6.783741682812355,2.727952895421857
PhysiCell,PhysiCell_dx_5um,5.0,,mean over all voxels from microenvironment[4],mean over center voxels from microenvironment[4],voxel size=5 um,5.32,6.783740346521168,2.7279478601977107
PhysiCell,PhysiCell_dx_5um,5.0,,mean over all voxels from microenvironment[4],mean over center voxels from microenvironment[4],voxel size=5 um,5.33,6.783739036641629,2.7279429244940694
PhysiCell,PhysiCell_dx_5um,5.0,,mean over all voxels from microenvironment[4],mean over center voxels from microenvironment[4],voxel size=5 um,5.34,6.783737752651715,2.727938086343929
PhysiCell,PhysiCell_dx_5um,5.0,,mean over all voxels from microenvironment[4],mean over center voxels from microenvironment[4],voxel size=5 um,5.35,6.7837364940397205,2.7279333438191595
PhysiCell,PhysiCell_dx_5um,5.0,,mean over all voxels from microenvironment[4],mean over center voxels from microenvironment[4],voxel size=5 um,5.36,6.783735260304056,2.7279286950297412
PhysiCell,PhysiCell_dx_5um,5.0,,mean over all voxels from microenvironment[4],mean over center voxels from microenvironment[4],voxel size=5 um,5.37,6.783734050953041,2.7279241381230106
PhysiCell,PhysiCell_dx_5um,5.0,,mean over all voxels from microenvironment[4],mean over center voxels from microenvironment[4],voxel size=5 um,5.38,6.783732865504715,2.7279196712829212
PhysiCell,PhysiCell_dx_5um,5.0,,mean over all voxels from microenvironment[4],mean over center voxels from microenvironment[4],voxel size=5 um,5.39,6.783731703486643,2.727915292729321
PhysiCell,PhysiCell_dx_5um,5.0,,mean over all voxels from microenvironment[4],mean over center voxels from microenvironment[4],voxel size=5 um,5.4,6.783730564435731,2.7279110007172407
PhysiCell,PhysiCell_dx_5um,5.0,,mean over all voxels from microenvironment[4],mean over center voxels from microenvironment[4],voxel size=5 um,5.41,6.7837294478980334,2.7279067935362007
PhysiCell,PhysiCell_dx_5um,5.0,,mean over all voxels from microenvironment[4],mean over center voxels from microenvironment[4],voxel size=5 um,5.42,6.783728353428581,2.7279026695095303
PhysiCell,PhysiCell_dx_5um,5.0,,mean over all voxels from microenvironment[4],mean over center voxels from microenvironment[4],voxel size=5 um,5.43,6.783727280591195,2.7278986269936945
PhysiCell,PhysiCell_dx_5um,5.0,,mean over all voxels from microenvironment[4],mean over center voxels from microenvironment[4],voxel size=5 um,5.44,6.7837262289583204,2.7278946643776467
PhysiCell,PhysiCell_dx_5um,5.0,,mean over all voxels from microenvironment[4],mean over center voxels from microenvironment[4],voxel size=5 um,5.45,6.7837251981108535,2.727890780082178
PhysiCell,PhysiCell_dx_5um,5.0,,mean over all voxels from microenvironment[4],mean over center voxels from microenvironment[4],voxel size=5 um,5.46,6.783724187637973,2.7278869725592942
PhysiCell,PhysiCell_dx_5um,5.0,,mean over all voxels from microenvironment[4],mean over center voxels from microenvironment[4],voxel size=5 um,5.47,6.783723197136973,2.727883240291599
PhysiCell,PhysiCell_dx_5um,5.0,,mean over all voxels from microenvironment[4],mean over center voxels from microenvironment[4],voxel size=5 um,5.48,6.7837222262131185,2.727879581791683
PhysiCell,PhysiCell_dx_5um,5.0,,mean over all voxels from microenvironment[4],mean over center voxels from microenvironment[4],voxel size=5 um,5.49,6.78372127447946,2.7278759956015377
PhysiCell,PhysiCell_dx_5um,5.0,,mean over all voxels from microenvironment[4],mean over center voxels from microenvironment[4],voxel size=5 um,5.5,6.783720341556716,2.7278724802919707
PhysiCell,PhysiCell_dx_5um,5.0,,mean over all voxels from microenvironment[4],mean over center voxels from microenvironment[4],voxel size=5 um,5.51,6.783719427073084,2.7278690344620395
PhysiCell,PhysiCell_dx_5um,5.0,,mean over all voxels from microenvironment[4],mean over center voxels from microenvironment[4],voxel size=5 um,5.52,6.783718530664117,2.727865656738488
PhysiCell,PhysiCell_dx_5um,5.0,,mean over all voxels from microenvironment[4],mean over center voxels from microenvironment[4],voxel size=5 um,5.53,6.783717651972573,2.7278623457752045
PhysiCell,PhysiCell_dx_5um,5.0,,mean over all voxels from microenvironment[4],mean over center voxels from microenvironment[4],voxel size=5 um,5.54,6.783716790648271,2.7278591002526817
PhysiCell,PhysiCell_dx_5um,5.0,,mean over all voxels from microenvironment[4],mean over center voxels from microenvironment[4],voxel size=5 um,5.55,6.783715946347946,2.7278559188774927
PhysiCell,PhysiCell_dx_5um,5.0,,mean over all voxels from microenvironment[4],mean over center voxels from microenvironment[4],voxel size=5 um,5.56,6.783715118735121,2.7278528003817746
PhysiCell,PhysiCell_dx_5um,5.0,,mean over all voxels from microenvironment[4],mean over center voxels from microenvironment[4],voxel size=5 um,5.57,6.783714307479969,2.727849743522724
PhysiCell,PhysiCell_dx_5um,5.0,,mean over all voxels from microenvironment[4],mean over center voxels from microenvironment[4],voxel size=5 um,5.58,6.783713512259188,2.7278467470821
PhysiCell,PhysiCell_dx_5um,5.0,,mean over all voxels from microenvironment[4],mean over center voxels from microenvironment[4],voxel size=5 um,5.59,6.783712732755853,2.7278438098657425
PhysiCell,PhysiCell_dx_5um,5.0,,mean over all voxels from microenvironment[4],mean over center voxels from microenvironment[4],voxel size=5 um,5.6,6.783711968659311,2.7278409307030915
PhysiCell,PhysiCell_dx_5um,5.0,,mean over all voxels from microenvironment[4],mean over center voxels from microenvironment[4],voxel size=5 um,5.61,6.783711219665052,2.7278381084467243
PhysiCell,PhysiCell_dx_5um,5.0,,mean over all voxels from microenvironment[4],mean over center voxels from microenvironment[4],voxel size=5 um,5.62,6.783710485474582,2.7278353419718946
PhysiCell,PhysiCell_dx_5um,5.0,,mean over all voxels from microenvironment[4],mean over center voxels from microenvironment[4],voxel size=5 um,5.63,6.783709765795303,2.7278326301760902
PhysiCell,PhysiCell_dx_5um,5.0,,mean over all voxels from microenvironment[4],mean over center voxels from microenvironment[4],voxel size=5 um,5.64,6.783709060340402,2.727829971978587
PhysiCell,PhysiCell_dx_5um,5.0,,mean over all voxels from microenvironment[4],mean over center voxels from microenvironment[4],voxel size=5 um,5.65,6.78370836882874,2.727827366320022
PhysiCell,PhysiCell_dx_5um,5.0,,mean over all voxels from microenvironment[4],mean over center voxels from microenvironment[4],voxel size=5 um,5.66,6.783707690984725,2.7278248121619706
PhysiCell,PhysiCell_dx_5um,5.0,,mean over all voxels from microenvironment[4],mean over center voxels from microenvironment[4],voxel size=5 um,5.67,6.783707026538221,2.7278223084865316
PhysiCell,PhysiCell_dx_5um,5.0,,mean over all voxels from microenvironment[4],mean over center voxels from microenvironment[4],voxel size=5 um,5.68,6.783706375224424,2.7278198542959236
PhysiCell,PhysiCell_dx_5um,5.0,,mean over all voxels from microenvironment[4],mean over center voxels from microenvironment[4],voxel size=5 um,5.69,6.783705736783774,2.7278174486120847
PhysiCell,PhysiCell_dx_5um,5.0,,mean over all voxels from microenvironment[4],mean over center voxels from microenvironment[4],voxel size=5 um,5.7,6.7837051109618285,2.727815090476287
PhysiCell,PhysiCell_dx_5um,5.0,,mean over all voxels from microenvironment[4],mean over center voxels from microenvironment[4],voxel size=5 um,5.71,6.7837044975091825,2.727812778948749
PhysiCell,PhysiCell_dx_5um,5.0,,mean over all voxels from microenvironment[4],mean over center voxels from microenvironment[4],voxel size=5 um,5.72,6.783703896181359,2.727810513108265
PhysiCell,PhysiCell_dx_5um,5.0,,mean over all voxels from microenvironment[4],mean over center voxels from microenvironment[4],voxel size=5 um,5.73,6.78370330673871,2.727808292051836
PhysiCell,PhysiCell_dx_5um,5.0,,mean over all voxels from microenvironment[4],mean over center voxels from microenvironment[4],voxel size=5 um,5.74,6.783702728946331,2.7278061148943116
PhysiCell,PhysiCell_dx_5um,5.0,,mean over all voxels from microenvironment[4],mean over center voxels from microenvironment[4],voxel size=5 um,5.75,6.78370216257395,2.727803980768036
PhysiCell,PhysiCell_dx_5um,5.0,,mean over all voxels from microenvironment[4],mean over center voxels from microenvironment[4],voxel size=5 um,5.76,6.783701607395853,2.7278018888225013
PhysiCell,PhysiCell_dx_5um,5.0,,mean over all voxels from microenvironment[4],mean over center voxels from microenvironment[4],voxel size=5 um,5.77,6.783701063190791,2.7277998382240125
PhysiCell,PhysiCell_dx_5um,5.0,,mean over all voxels from microenvironment[4],mean over center voxels from microenvironment[4],voxel size=5 um,5.78,6.783700529741877,2.72779782815535
PhysiCell,PhysiCell_dx_5um,5.0,,mean over all voxels from microenvironment[4],mean over center voxels from microenvironment[4],voxel size=5 um,5.79,6.783700006836521,2.7277958578154458
PhysiCell,PhysiCell_dx_5um,5.0,,mean over all voxels from microenvironment[4],mean over center voxels from microenvironment[4],voxel size=5 um,5.8,6.783699494266329,2.7277939264190674
PhysiCell,PhysiCell_dx_5um,5.0,,mean over all voxels from microenvironment[4],mean over center voxels from microenvironment[4],voxel size=5 um,5.81,6.7836989918270305,2.7277920331965015
PhysiCell,PhysiCell_dx_5um,5.0,,mean over all voxels from microenvironment[4],mean over center voxels from microenvironment[4],voxel size=5 um,5.82,6.783698499318383,2.7277901773932474
PhysiCell,PhysiCell_dx_5um,5.0,,mean over all voxels from microenvironment[4],mean over center voxels from microenvironment[4],voxel size=5 um,5.83,6.783698016544116,2.727788358269717
PhysiCell,PhysiCell_dx_5um,5.0,,mean over all voxels from microenvironment[4],mean over center voxels from microenvironment[4],voxel size=5 um,5.84,6.783697543311828,2.72778657510094
PhysiCell,PhysiCell_dx_5um,5.0,,mean over all voxels from microenvironment[4],mean over center voxels from microenvironment[4],voxel size=5 um,5.85,6.783697079432917,2.7277848271762757
PhysiCell,PhysiCell_dx_5um,5.0,,mean over all voxels from microenvironment[4],mean over center voxels from microenvironment[4],voxel size=5 um,5.86,6.783696624722523,2.7277831137991297
PhysiCell,PhysiCell_dx_5um,5.0,,mean over all voxels from microenvironment[4],mean over center voxels from microenvironment[4],voxel size=5 um,5.87,6.783696178999426,2.7277814342866735
PhysiCell,PhysiCell_dx_5um,5.0,,mean over all voxels from microenvironment[4],mean over center voxels from microenvironment[4],voxel size=5 um,5.88,6.783695742085997,2.727779787969577
PhysiCell,PhysiCell_dx_5um,5.0,,mean over all voxels from microenvironment[4],mean over center voxels from microenvironment[4],voxel size=5 um,5.89,6.783695313808111,2.727778174191737
PhysiCell,PhysiCell_dx_5um,5.0,,mean over all voxels from microenvironment[4],mean over center voxels from microenvironment[4],voxel size=5 um,5.9,6.7836948939950865,2.72777659231002
PhysiCell,PhysiCell_dx_5um,5.0,,mean over all voxels from microenvironment[4],mean over center voxels from microenvironment[4],voxel size=5 um,5.91,6.783694482479619,2.727775041694003
PhysiCell,PhysiCell_dx_5um,5.0,,mean over all voxels from microenvironment[4],mean over center voxels from microenvironment[4],voxel size=5 um,5.92,6.783694079097709,2.727773521725724
PhysiCell,PhysiCell_dx_5um,5.0,,mean over all voxels from microenvironment[4],mean over center voxels from microenvironment[4],voxel size=5 um,5.93,6.783693683688594,2.7277720317994323
PhysiCell,PhysiCell_dx_5um,5.0,,mean over all voxels from microenvironment[4],mean over center voxels from microenvironment[4],voxel size=5 um,5.94,6.783693296094695,2.7277705713213547
PhysiCell,PhysiCell_dx_5um,5.0,,mean over all voxels from microenvironment[4],mean over center voxels from microenvironment[4],voxel size=5 um,5.95,6.783692916161546,2.7277691397094492
PhysiCell,PhysiCell_dx_5um,5.0,,mean over all voxels from microenvironment[4],mean over center voxels from microenvironment[4],voxel size=5 um,5.96,6.783692543737731,2.7277677363931807
PhysiCell,PhysiCell_dx_5um,5.0,,mean over all voxels from microenvironment[4],mean over center voxels from microenvironment[4],voxel size=5 um,5.97,6.783692178674829,2.727766360813288
PhysiCell,PhysiCell_dx_5um,5.0,,mean over all voxels from microenvironment[4],mean over center voxels from microenvironment[4],voxel size=5 um,5.98,6.783691820827355,2.727765012421566
PhysiCell,PhysiCell_dx_5um,5.0,,mean over all voxels from microenvironment[4],mean over center voxels from microenvironment[4],voxel size=5 um,5.99,6.783691470052694,2.7277636906806446
PhysiCell,PhysiCell_dx_5um,5.0,,mean over all voxels from microenvironment[4],mean over center voxels from microenvironment[4],voxel size=5 um,6.0,6.783691126211053,2.727762395063773
PhysiCell,PhysiCell_dx_5um,5.0,,mean over all voxels from microenvironment[4],mean over center voxels from microenvironment[4],voxel size=5 um,6.01,6.783690789165404,2.7277611250546125
PhysiCell,PhysiCell_dx_5um,5.0,,mean over all voxels from microenvironment[4],mean over center voxels from microenvironment[4],voxel size=5 um,6.02,6.783690458781422,2.7277598801470306
PhysiCell,PhysiCell_dx_5um,5.0,,mean over all voxels from microenvironment[4],mean over center voxels from microenvironment[4],voxel size=5 um,6.03,6.783690134927443,2.7277586598448975
PhysiCell,PhysiCell_dx_5um,5.0,,mean over all voxels from microenvironment[4],mean over center voxels from microenvironment[4],voxel size=5 um,6.04,6.783689817474399,2.7277574636618898
PhysiCell,PhysiCell_dx_5um,5.0,,mean over all voxels from microenvironment[4],mean over center voxels from microenvironment[4],voxel size=5 um,6.05,6.783689506295779,2.7277562911212963
PhysiCell,PhysiCell_dx_5um,5.0,,mean over all voxels from microenvironment[4],mean over center voxels from microenvironment[4],voxel size=5 um,6.06,6.783689201267567,2.7277551417558263
PhysiCell,PhysiCell_dx_5um,5.0,,mean over all voxels from microenvironment[4],mean over center voxels from microenvironment[4],voxel size=5 um,6.07,6.783688902268204,2.7277540151074273
PhysiCell,PhysiCell_dx_5um,5.0,,mean over all voxels from microenvironment[4],mean over center voxels from microenvironment[4],voxel size=5 um,6.08,6.783688609178528,2.7277529107270992
PhysiCell,PhysiCell_dx_5um,5.0,,mean over all voxels from microenvironment[4],mean over center voxels from microenvironment[4],voxel size=5 um,6.09,6.783688321881735,2.727751828174716
PhysiCell,PhysiCell_dx_5um,5.0,,mean over all voxels from microenvironment[4],mean over center voxels from microenvironment[4],voxel size=5 um,6.1,6.78368804026333,2.7277507670188514
PhysiCell,PhysiCell_dx_5um,5.0,,mean over all voxels from microenvironment[4],mean over center voxels from microenvironment[4],voxel size=5 um,6.11,6.783687764211081,2.7277497268366058
PhysiCell,PhysiCell_dx_5um,5.0,,mean over all voxels from microenvironment[4],mean over center voxels from microenvironment[4],voxel size=5 um,6.12,6.7836874936149725,2.727748707213438
PhysiCell,PhysiCell_dx_5um,5.0,,mean over all voxels from microenvironment[4],mean over center voxels from microenvironment[4],voxel size=5 um,6.13,6.783687228367165,2.727747707743001
PhysiCell,PhysiCell_dx_5um,5.0,,mean over all voxels from microenvironment[4],mean over center voxels from microenvironment[4],voxel size=5 um,6.14,6.783686968361949,2.7277467280269776
PhysiCell,PhysiCell_dx_5um,5.0,,mean over all voxels from microenvironment[4],mean over center voxels from microenvironment[4],voxel size=5 um,6.15,6.783686713495706,2.7277457676749246
PhysiCell,PhysiCell_dx_5um,5.0,,mean over all voxels from microenvironment[4],mean over center voxels from microenvironment[4],voxel size=5 um,6.16,6.783686463666866,2.7277448263041153
PhysiCell,PhysiCell_dx_5um,5.0,,mean over all voxels from microenvironment[4],mean over center voxels from microenvironment[4],voxel size=5 um,6.17,6.783686218775864,2.727743903539388
PhysiCell,PhysiCell_dx_5um,5.0,,mean over all voxels from microenvironment[4],mean over center voxels from microenvironment[4],voxel size=5 um,6.18,6.783685978725103,2.727742999012996
PhysiCell,PhysiCell_dx_5um,5.0,,mean over all voxels from microenvironment[4],mean over center voxels from microenvironment[4],voxel size=5 um,6.19,6.783685743418919,2.7277421123644605
PhysiCell,PhysiCell_dx_5um,5.0,,mean over all voxels from microenvironment[4],mean over center voxels from microenvironment[4],voxel size=5 um,6.2,6.783685512763532,2.727741243240428
PhysiCell,PhysiCell_dx_5um,5.0,,mean over all voxels from microenvironment[4],mean over center voxels from microenvironment[4],voxel size=5 um,6.21,6.783685286667026,2.7277403912945295
PhysiCell,PhysiCell_dx_5um,5.0,,mean over all voxels from microenvironment[4],mean over center voxels from microenvironment[4],voxel size=5 um,6.22,6.783685065039288,2.727739556187239
PhysiCell,PhysiCell_dx_5um,5.0,,mean over all voxels from microenvironment[4],mean over center voxels from microenvironment[4],voxel size=5 um,6.23,6.7836848477919975,2.7277387375857463
PhysiCell,PhysiCell_dx_5um,5.0,,mean over all voxels from microenvironment[4],mean over center voxels from microenvironment[4],voxel size=5 um,6.24,6.783684634838574,2.7277379351638147
PhysiCell,PhysiCell_dx_5um,5.0,,mean over all voxels from microenvironment[4],mean over center voxels from microenvironment[4],voxel size=5 um,6.25,6.783684426094152,2.7277371486016566
PhysiCell,PhysiCell_dx_5um,5.0,,mean over all voxels from microenvironment[4],mean over center voxels from microenvironment[4],voxel size=5 um,6.26,6.7836842214755375,2.7277363775858077
PhysiCell,PhysiCell_dx_5um,5.0,,mean over all voxels from microenvironment[4],mean over center voxels from microenvironment[4],voxel size=5 um,6.27,6.783684020901187,2.727735621808995
PhysiCell,PhysiCell_dx_5um,5.0,,mean over all voxels from microenvironment[4],mean over center voxels from microenvironment[4],voxel size=5 um,6.28,6.783683824291165,2.7277348809700213
PhysiCell,PhysiCell_dx_5um,5.0,,mean over all voxels from microenvironment[4],mean over center voxels from microenvironment[4],voxel size=5 um,6.29,6.783683631567116,2.7277341547736427
PhysiCell,PhysiCell_dx_5um,5.0,,mean over all voxels from microenvironment[4],mean over center voxels from microenvironment[4],voxel size=5 um,6.3,6.783683442652237,2.7277334429304494
PhysiCell,PhysiCell_dx_5um,5.0,,mean over all voxels from microenvironment[4],mean over center voxels from microenvironment[4],voxel size=5 um,6.31,6.78368325747124,2.7277327451567523
PhysiCell,PhysiCell_dx_5um,5.0,,mean over all voxels from microenvironment[4],mean over center voxels from microenvironment[4],voxel size=5 um,6.32,6.783683075950322,2.7277320611744704
PhysiCell,PhysiCell_dx_5um,5.0,,mean over all voxels from microenvironment[4],mean over center voxels from microenvironment[4],voxel size=5 um,6.33,6.783682898017144,2.7277313907110172
PhysiCell,PhysiCell_dx_5um,5.0,,mean over all voxels from microenvironment[4],mean over center voxels from microenvironment[4],voxel size=5 um,6.34,6.783682723600794,2.727730733499195
PhysiCell,PhysiCell_dx_5um,5.0,,mean over all voxels from microenvironment[4],mean over center voxels from microenvironment[4],voxel size=5 um,6.35,6.783682552631763,2.727730089277087
PhysiCell,PhysiCell_dx_5um,5.0,,mean over all voxels from microenvironment[4],mean over center voxels from microenvironment[4],voxel size=5 um,6.36,6.783682385041916,2.7277294577879525
PhysiCell,PhysiCell_dx_5um,5.0,,mean over all voxels from microenvironment[4],mean over center voxels from microenvironment[4],voxel size=5 um,6.37,6.783682220764465,2.7277288387801266
PhysiCell,PhysiCell_dx_5um,5.0,,mean over all voxels from microenvironment[4],mean over center voxels from microenvironment[4],voxel size=5 um,6.38,6.783682059733937,2.727728232006917
PhysiCell,PhysiCell_dx_5um,5.0,,mean over all voxels from microenvironment[4],mean over center voxels from microenvironment[4],voxel size=5 um,6.39,6.7836819018861565,2.7277276372265087
PhysiCell,PhysiCell_dx_5um,5.0,,mean over all voxels from microenvironment[4],mean over center voxels from microenvironment[4],voxel size=5 um,6.4,6.783681747158222,2.727727054201865
PhysiCell,PhysiCell_dx_5um,5.0,,mean over all voxels from microenvironment[4],mean over center voxels from microenvironment[4],voxel size=5 um,6.41,6.783681595488464,2.7277264827006347
PhysiCell,PhysiCell_dx_5um,5.0,,mean over all voxels from microenvironment[4],mean over center voxels from microenvironment[4],voxel size=5 um,6.42,6.783681446816443,2.7277259224950585
PhysiCell,PhysiCell_dx_5um,5.0,,mean over all voxels from microenvironment[4],mean over center voxels from microenvironment[4],voxel size=5 um,6.43,6.783681301082906,2.7277253733618796
PhysiCell,PhysiCell_dx_5um,5.0,,mean over all voxels from microenvironment[4],mean over center voxels from microenvironment[4],voxel size=5 um,6.44,6.783681158229779,2.727724835082254
PhysiCell,PhysiCell_dx_5um,5.0,,mean over all voxels from microenvironment[4],mean over center voxels from microenvironment[4],voxel size=5 um,6.45,6.7836810182001255,2.727724307441661
PhysiCell,PhysiCell_dx_5um,5.0,,mean over all voxels from microenvironment[4],mean over center voxels from microenvironment[4],voxel size=5 um,6.46,6.7836808809381415,2.727723790229822
PhysiCell,PhysiCell_dx_5um,5.0,,mean over all voxels from microenvironment[4],mean over center voxels from microenvironment[4],voxel size=5 um,6.47,6.783680746389124,2.7277232832406146
PhysiCell,PhysiCell_dx_5um,5.0,,mean over all voxels from microenvironment[4],mean over center voxels from microenvironment[4],voxel size=5 um,6.48,6.783680614499454,2.7277227862719893
PhysiCell,PhysiCell_dx_5um,5.0,,mean over all voxels from microenvironment[4],mean over center voxels from microenvironment[4],voxel size=5 um,6.49,6.783680485216565,2.7277222991258903
PhysiCell,PhysiCell_dx_5um,5.0,,mean over all voxels from microenvironment[4],mean over center voxels from microenvironment[4],voxel size=5 um,6.5,6.78368035848894,2.7277218216081764
PhysiCell,PhysiCell_dx_5um,5.0,,mean over all voxels from microenvironment[4],mean over center voxels from microenvironment[4],voxel size=5 um,6.51,6.783680234266071,2.7277213535285445
PhysiCell,PhysiCell_dx_5um,5.0,,mean over all voxels from microenvironment[4],mean over center voxels from microenvironment[4],voxel size=5 um,6.52,6.783680112498451,2.7277208947004508
PhysiCell,PhysiCell_dx_5um,5.0,,mean over all voxels from microenvironment[4],mean over center voxels from microenvironment[4],voxel size=5 um,6.53,6.783679993137556,2.7277204449410415
PhysiCell,PhysiCell_dx_5um,5.0,,mean over all voxels from microenvironment[4],mean over center voxels from microenvironment[4],voxel size=5 um,6.54,6.783679876135815,2.7277200040710734
PhysiCell,PhysiCell_dx_5um,5.0,,mean over all voxels from microenvironment[4],mean over center voxels from microenvironment[4],voxel size=5 um,6.55,6.7836797614466,2.727719571914849
PhysiCell,PhysiCell_dx_5um,5.0,,mean over all voxels from microenvironment[4],mean over center voxels from microenvironment[4],voxel size=5 um,6.56,6.783679649024203,2.727719148300141
PhysiCell,PhysiCell_dx_5um,5.0,,mean over all voxels from microenvironment[4],mean over center voxels from microenvironment[4],voxel size=5 um,6.57,6.783679538823822,2.727718733058128
PhysiCell,PhysiCell_dx_5um,5.0,,mean over all voxels from microenvironment[4],mean over center voxels from microenvironment[4],voxel size=5 um,6.58,6.783679430801539,2.7277183260233246
PhysiCell,PhysiCell_dx_5um,5.0,,mean over all voxels from microenvironment[4],mean over center voxels from microenvironment[4],voxel size=5 um,6.59,6.783679324914305,2.727717927033517
PhysiCell,PhysiCell_dx_5um,5.0,,mean over all voxels from microenvironment[4],mean over center voxels from microenvironment[4],voxel size=5 um,6.6,6.7836792211199155,2.727717535929695
PhysiCell,PhysiCell_dx_5um,5.0,,mean over all voxels from microenvironment[4],mean over center voxels from microenvironment[4],voxel size=5 um,6.61,6.783679119377014,2.727717152555995
PhysiCell,PhysiCell_dx_5um,5.0,,mean over all voxels from microenvironment[4],mean over center voxels from microenvironment[4],voxel size=5 um,6.62,6.783679019645048,2.7277167767596313
PhysiCell,PhysiCell_dx_5um,5.0,,mean over all voxels from microenvironment[4],mean over center voxels from microenvironment[4],voxel size=5 um,6.63,6.783678921884274,2.727716408390838
PhysiCell,PhysiCell_dx_5um,5.0,,mean over all voxels from microenvironment[4],mean over center voxels from microenvironment[4],voxel size=5 um,6.64,6.783678826055727,2.727716047302811
PhysiCell,PhysiCell_dx_5um,5.0,,mean over all voxels from microenvironment[4],mean over center voxels from microenvironment[4],voxel size=5 um,6.65,6.783678732121223,2.7277156933516467
PhysiCell,PhysiCell_dx_5um,5.0,,mean over all voxels from microenvironment[4],mean over center voxels from microenvironment[4],voxel size=5 um,6.66,6.783678640043321,2.7277153463962853
PhysiCell,PhysiCell_dx_5um,5.0,,mean over all voxels from microenvironment[4],mean over center voxels from microenvironment[4],voxel size=5 um,6.67,6.783678549785332,2.7277150062984563
PhysiCell,PhysiCell_dx_5um,5.0,,mean over all voxels from microenvironment[4],mean over center voxels from microenvironment[4],voxel size=5 um,6.68,6.783678461311279,2.727714672922621
PhysiCell,PhysiCell_dx_5um,5.0,,mean over all voxels from microenvironment[4],mean over center voxels from microenvironment[4],voxel size=5 um,6.69,6.7836783745859055,2.7277143461359197
PhysiCell,PhysiCell_dx_5um,5.0,,mean over all voxels from microenvironment[4],mean over center voxels from microenvironment[4],voxel size=5 um,6.7,6.78367828957465,2.72771402580812
PhysiCell,PhysiCell_dx_5um,5.0,,mean over all voxels from microenvironment[4],mean over center voxels from microenvironment[4],voxel size=5 um,6.71,6.78367820624363,2.7277137118115613
PhysiCell,PhysiCell_dx_5um,5.0,,mean over all voxels from microenvironment[4],mean over center voxels from microenvironment[4],voxel size=5 um,6.72,6.78367812455964,2.7277134040211073
PhysiCell,PhysiCell_dx_5um,5.0,,mean over all voxels from microenvironment[4],mean over center voxels from microenvironment[4],voxel size=5 um,6.73,6.783678044490124,2.727713102314096
PhysiCell,PhysiCell_dx_5um,5.0,,mean over all voxels from microenvironment[4],mean over center voxels from microenvironment[4],voxel size=5 um,6.74,6.783677966003172,2.727712806570288
PhysiCell,PhysiCell_dx_5um,5.0,,mean over all voxels from microenvironment[4],mean over center voxels from microenvironment[4],voxel size=5 um,6.75,6.783677889067507,2.727712516671822
PhysiCell,PhysiCell_dx_5um,5.0,,mean over all voxels from microenvironment[4],mean over center voxels from microenvironment[4],voxel size=5 um,6.76,6.783677813652463,2.7277122325031655
PhysiCell,PhysiCell_dx_5um,5.0,,mean over all voxels from microenvironment[4],mean over center voxels from microenvironment[4],voxel size=5 um,6.77,6.783677739727992,2.727711953951069
PhysiCell,PhysiCell_dx_5um,5.0,,mean over all voxels from microenvironment[4],mean over center voxels from microenvironment[4],voxel size=5 um,6.78,6.7836776672646275,2.7277116809045228
PhysiCell,PhysiCell_dx_5um,5.0,,mean over all voxels from microenvironment[4],mean over center voxels from microenvironment[4],voxel size=5 um,6.79,6.7836775962334945,2.727711413254709
PhysiCell,PhysiCell_dx_5um,5.0,,mean over all voxels from microenvironment[4],mean over center voxels from microenvironment[4],voxel size=5 um,6.8,6.783677526606283,2.727711150894962
PhysiCell,PhysiCell_dx_5um,5.0,,mean over all voxels from microenvironment[4],mean over center voxels from microenvironment[4],voxel size=5 um,6.81,6.783677458355244,2.7277108937207255
PhysiCell,PhysiCell_dx_5um,5.0,,mean over all voxels from microenvironment[4],mean over center voxels from microenvironment[4],voxel size=5 um,6.82,6.783677391453182,2.727710641629507
PhysiCell,PhysiCell_dx_5um,5.0,,mean over all voxels from microenvironment[4],mean over center voxels from microenvironment[4],voxel size=5 um,6.83,6.78367732587343,2.7277103945208427
PhysiCell,PhysiCell_dx_5um,5.0,,mean over all voxels from microenvironment[4],mean over center voxels from microenvironment[4],voxel size=5 um,6.84,6.783677261589852,2.7277101522962517
PhysiCell,PhysiCell_dx_5um,5.0,,mean over all voxels from microenvironment[4],mean over center voxels from microenvironment[4],voxel size=5 um,6.85,6.783677198576834,2.7277099148592017
PhysiCell,PhysiCell_dx_5um,5.0,,mean over all voxels from microenvironment[4],mean over center voxels from microenvironment[4],voxel size=5 um,6.86,6.78367713680926,2.727709682115067
PhysiCell,PhysiCell_dx_5um,5.0,,mean over all voxels from microenvironment[4],mean over center voxels from microenvironment[4],voxel size=5 um,6.87,6.783677076262515,2.7277094539710927
PhysiCell,PhysiCell_dx_5um,5.0,,mean over all voxels from microenvironment[4],mean over center voxels from microenvironment[4],voxel size=5 um,6.88,6.783677016912469,2.7277092303363575
PhysiCell,PhysiCell_dx_5um,5.0,,mean over all voxels from microenvironment[4],mean over center voxels from microenvironment[4],voxel size=5 um,6.89,6.78367695873547,2.7277090111217372
PhysiCell,PhysiCell_dx_5um,5.0,,mean over all voxels from microenvironment[4],mean over center voxels from microenvironment[4],voxel size=5 um,6.9,6.783676901708332,2.7277087962398676
PhysiCell,PhysiCell_dx_5um,5.0,,mean over all voxels from microenvironment[4],mean over center voxels from microenvironment[4],voxel size=5 um,6.91,6.783676845808331,2.7277085856051135
PhysiCell,PhysiCell_dx_5um,5.0,,mean over all voxels from microenvironment[4],mean over center voxels from microenvironment[4],voxel size=5 um,6.92,6.783676791013186,2.7277083791335306
PhysiCell,PhysiCell_dx_5um,5.0,,mean over all voxels from microenvironment[4],mean over center voxels from microenvironment[4],voxel size=5 um,6.93,6.783676737301058,2.7277081767428344
PhysiCell,PhysiCell_dx_5um,5.0,,mean over all voxels from microenvironment[4],mean over center voxels from microenvironment[4],voxel size=5 um,6.94,6.7836766846505485,2.7277079783523663
PhysiCell,PhysiCell_dx_5um,5.0,,mean over all voxels from microenvironment[4],mean over center voxels from microenvironment[4],voxel size=5 um,6.95,6.783676633040667,2.727707783883063
PhysiCell,PhysiCell_dx_5um,5.0,,mean over all voxels from microenvironment[4],mean over center voxels from microenvironment[4],voxel size=5 um,6.96,6.78367658245085,2.727707593257423
PhysiCell,PhysiCell_dx_5um,5.0,,mean over all voxels from microenvironment[4],mean over center voxels from microenvironment[4],voxel size=5 um,6.97,6.783676532860935,2.727707406399476
PhysiCell,PhysiCell_dx_5um,5.0,,mean over all voxels from microenvironment[4],mean over center voxels from microenvironment[4],voxel size=5 um,6.98,6.783676484251158,2.7277072232347543
PhysiCell,PhysiCell_dx_5um,5.0,,mean over all voxels from microenvironment[4],mean over center voxels from microenvironment[4],voxel size=5 um,6.99,6.783676436602148,2.727707043690262
PhysiCell,PhysiCell_dx_5um,5.0,,mean over all voxels from microenvironment[4],mean over center voxels from microenvironment[4],voxel size=5 um,7.0,6.783676389894913,2.7277068676944465
PhysiCell,PhysiCell_dx_5um,5.0,,mean over all voxels from microenvironment[4],mean over center voxels from microenvironment[4],voxel size=5 um,7.01,6.7836763441108445,2.727706695177167
PhysiCell,PhysiCell_dx_5um,5.0,,mean over all voxels from microenvironment[4],mean over center voxels from microenvironment[4],voxel size=5 um,7.02,6.78367629923169,2.7277065260696713
PhysiCell,PhysiCell_dx_5um,5.0,,mean over all voxels from microenvironment[4],mean over center voxels from microenvironment[4],voxel size=5 um,7.03,6.783676255239568,2.7277063603045657
PhysiCell,PhysiCell_dx_5um,5.0,,mean over all voxels from microenvironment[4],mean over center voxels from microenvironment[4],voxel size=5 um,7.04,6.783676212116945,2.727706197815788
PhysiCell,PhysiCell_dx_5um,5.0,,mean over all voxels from microenvironment[4],mean over center voxels from microenvironment[4],voxel size=5 um,7.05,6.783676169846638,2.7277060385385825
PhysiCell,PhysiCell_dx_5um,5.0,,mean over all voxels from microenvironment[4],mean over center voxels from microenvironment[4],voxel size=5 um,7.06,6.783676128411795,2.7277058824094715
PhysiCell,PhysiCell_dx_5um,5.0,,mean over all voxels from microenvironment[4],mean over center voxels from microenvironment[4],voxel size=5 um,7.07,6.783676087795909,2.727705729366235
PhysiCell,PhysiCell_dx_5um,5.0,,mean over all voxels from microenvironment[4],mean over center voxels from microenvironment[4],voxel size=5 um,7.08,6.783676047982791,2.7277055793478793
PhysiCell,PhysiCell_dx_5um,5.0,,mean over all voxels from microenvironment[4],mean over center voxels from microenvironment[4],voxel size=5 um,7.09,6.783676008956575,2.7277054322946195
PhysiCell,PhysiCell_dx_5um,5.0,,mean over all voxels from microenvironment[4],mean over center voxels from microenvironment[4],voxel size=5 um,7.1,6.783675970701707,2.7277052881478494
PhysiCell,PhysiCell_dx_5um,5.0,,mean over all voxels from microenvironment[4],mean over center voxels from microenvironment[4],voxel size=5 um,7.11,6.783675933202941,2.727705146850124
PhysiCell,PhysiCell_dx_5um,5.0,,mean over all voxels from microenvironment[4],mean over center voxels from microenvironment[4],voxel size=5 um,7.12,6.7836758964453345,2.727705008345132
PhysiCell,PhysiCell_dx_5um,5.0,,mean over all voxels from microenvironment[4],mean over center voxels from microenvironment[4],voxel size=5 um,7.13,6.783675860414237,2.7277048725776747
PhysiCell,PhysiCell_dx_5um,5.0,,mean over all voxels from microenvironment[4],mean over center voxels from microenvironment[4],voxel size=5 um,7.14,6.783675825095293,2.7277047394936456
PhysiCell,PhysiCell_dx_5um,5.0,,mean over all voxels from microenvironment[4],mean over center voxels from microenvironment[4],voxel size=5 um,7.15,6.78367579047442,2.7277046090400057
PhysiCell,PhysiCell_dx_5um,5.0,,mean over all voxels from microenvironment[4],mean over center voxels from microenvironment[4],voxel size=5 um,7.16,6.783675756537828,2.727704481164768
PhysiCell,PhysiCell_dx_5um,5.0,,mean over all voxels from microenvironment[4],mean over center voxels from microenvironment[4],voxel size=5 um,7.17,6.783675723271989,2.7277043558169685
PhysiCell,PhysiCell_dx_5um,5.0,,mean over all voxels from microenvironment[4],mean over center voxels from microenvironment[4],voxel size=5 um,7.18,6.7836756906636415,2.727704232946654
PhysiCell,PhysiCell_dx_5um,5.0,,mean over all voxels from microenvironment[4],mean over center voxels from microenvironment[4],voxel size=5 um,7.19,6.783675658699796,2.7277041125048576
PhysiCell,PhysiCell_dx_5um,5.0,,mean over all voxels from microenvironment[4],mean over center voxels from microenvironment[4],voxel size=5 um,7.2,6.783675627367712,2.727703994443578
PhysiCell,PhysiCell_dx_5um,5.0,,mean over all voxels from microenvironment[4],mean over center voxels from microenvironment[4],voxel size=5 um,7.21,6.783675596654903,2.727703878715767
PhysiCell,PhysiCell_dx_5um,5.0,,mean over all voxels from microenvironment[4],mean over center voxels from microenvironment[4],voxel size=5 um,7.22,6.783675566549131,2.7277037652753027
PhysiCell,PhysiCell_dx_5um,5.0,,mean over all voxels from microenvironment[4],mean over center voxels from microenvironment[4],voxel size=5 um,7.23,6.783675537038395,2.7277036540769752
PhysiCell,PhysiCell_dx_5um,5.0,,mean over all voxels from microenvironment[4],mean over center voxels from microenvironment[4],voxel size=5 um,7.24,6.7836755081109334,2.7277035450764693
PhysiCell,PhysiCell_dx_5um,5.0,,mean over all voxels from microenvironment[4],mean over center voxels from microenvironment[4],voxel size=5 um,7.25,6.783675479755224,2.7277034382303467
PhysiCell,PhysiCell_dx_5um,5.0,,mean over all voxels from microenvironment[4],mean over center voxels from microenvironment[4],voxel size=5 um,7.26,6.783675451959957,2.727703333496024
PhysiCell,PhysiCell_dx_5um,5.0,,mean over all voxels from microenvironment[4],mean over center voxels from microenvironment[4],voxel size=5 um,7.27,6.783675424714063,2.727703230831765
PhysiCell,PhysiCell_dx_5um,5.0,,mean over all voxels from microenvironment[4],mean over center voxels from microenvironment[4],voxel size=5 um,7.28,6.78367539800668,2.7277031301966512
PhysiCell,PhysiCell_dx_5um,5.0,,mean over all voxels from microenvironment[4],mean over center voxels from microenvironment[4],voxel size=5 um,7.29,6.783675371827164,2.7277030315505795
PhysiCell,PhysiCell_dx_5um,5.0,,mean over all voxels from microenvironment[4],mean over center voxels from microenvironment[4],voxel size=5 um,7.3,6.783675346165085,2.7277029348542357
PhysiCell,PhysiCell_dx_5um,5.0,,mean over all voxels from microenvironment[4],mean over center voxels from microenvironment[4],voxel size=5 um,7.31,6.783675321010214,2.7277028400690835
PhysiCell,PhysiCell_dx_5um,5.0,,mean over all voxels from microenvironment[4],mean over center voxels from microenvironment[4],voxel size=5 um,7.32,6.783675296352525,2.7277027471573496
PhysiCell,PhysiCell_dx_5um,5.0,,mean over all voxels from microenvironment[4],mean over center voxels from microenvironment[4],voxel size=5 um,7.33,6.783675272182194,2.7277026560820046
PhysiCell,PhysiCell_dx_5um,5.0,,mean over all voxels from microenvironment[4],mean over center voxels from microenvironment[4],voxel size=5 um,7.34,6.783675248489584,2.727702566806754
PhysiCell,PhysiCell_dx_5um,5.0,,mean over all voxels from microenvironment[4],mean over center voxels from microenvironment[4],voxel size=5 um,7.35,6.783675225265259,2.727702479296017
PhysiCell,PhysiCell_dx_5um,5.0,,mean over all voxels from microenvironment[4],mean over center voxels from microenvironment[4],voxel size=5 um,7.36,6.783675202499959,2.7277023935149205
PhysiCell,PhysiCell_dx_5um,5.0,,mean over all voxels from microenvironment[4],mean over center voxels from microenvironment[4],voxel size=5 um,7.37,6.783675180184611,2.7277023094292767
PhysiCell,PhysiCell_dx_5um,5.0,,mean over all voxels from microenvironment[4],mean over center voxels from microenvironment[4],voxel size=5 um,7.38,6.7836751583103245,2.727702227005577
PhysiCell,PhysiCell_dx_5um,5.0,,mean over all voxels from microenvironment[4],mean over center voxels from microenvironment[4],voxel size=5 um,7.39,6.78367513686838,2.7277021462109716
PhysiCell,PhysiCell_dx_5um,5.0,,mean over all voxels from microenvironment[4],mean over center voxels from microenvironment[4],voxel size=5 um,7.4,6.783675115850235,2.7277020670132615
PhysiCell,PhysiCell_dx_5um,5.0,,mean over all voxels from microenvironment[4],mean over center voxels from microenvironment[4],voxel size=5 um,7.41,6.783675095247509,2.727701989380885
PhysiCell,PhysiCell_dx_5um,5.0,,mean over all voxels from microenvironment[4],mean over center voxels from microenvironment[4],voxel size=5 um,7.42,6.7836750750519945,2.7277019132829037
PhysiCell,PhysiCell_dx_5um,5.0,,mean over all voxels from microenvironment[4],mean over center voxels from microenvironment[4],voxel size=5 um,7.43,6.783675055255641,2.7277018386889904
PhysiCell,PhysiCell_dx_5um,5.0,,mean over all voxels from microenvironment[4],mean over center voxels from microenvironment[4],voxel size=5 um,7.44,6.783675035850561,2.7277017655694165
PhysiCell,PhysiCell_dx_5um,5.0,,mean over all voxels from microenvironment[4],mean over center voxels from microenvironment[4],voxel size=5 um,7.45,6.7836750168290205,2.727701693895043
PhysiCell,PhysiCell_dx_5um,5.0,,mean over all voxels from microenvironment[4],mean over center voxels from microenvironment[4],voxel size=5 um,7.46,6.783674998183438,2.7277016236373046
PhysiCell,PhysiCell_dx_5um,5.0,,mean over all voxels from microenvironment[4],mean over center voxels from microenvironment[4],voxel size=5 um,7.47,6.783674979906382,2.7277015547682026
PhysiCell,PhysiCell_dx_5um,5.0,,mean over all voxels from microenvironment[4],mean over center voxels from microenvironment[4],voxel size=5 um,7.48,6.783674961990571,2.7277014872602905
PhysiCell,PhysiCell_dx_5um,5.0,,mean over all voxels from microenvironment[4],mean over center voxels from microenvironment[4],voxel size=5 um,7.49,6.783674944428866,2.727701421086664
PhysiCell,PhysiCell_dx_5um,5.0,,mean over all voxels from microenvironment[4],mean over center voxels from microenvironment[4],voxel size=5 um,7.5,6.783674927214265,2.7277013562209516
PhysiCell,PhysiCell_dx_5um,5.0,,mean over all voxels from microenvironment[4],mean over center voxels from microenvironment[4],voxel size=5 um,7.51,6.783674910339907,2.727701292637302
PhysiCell,PhysiCell_dx_5um,5.0,,mean over all voxels from microenvironment[4],mean over center voxels from microenvironment[4],voxel size=5 um,7.52,6.783674893799067,2.727701230310377
PhysiCell,PhysiCell_dx_5um,5.0,,mean over all voxels from microenvironment[4],mean over center voxels from microenvironment[4],voxel size=5 um,7.53,6.78367487758516,2.7277011692153357
PhysiCell,PhysiCell_dx_5um,5.0,,mean over all voxels from microenvironment[4],mean over center voxels from microenvironment[4],voxel size=5 um,7.54,6.783674861691715,2.727701109327831
PhysiCell,PhysiCell_dx_5um,5.0,,mean over all voxels from microenvironment[4],mean over center voxels from microenvironment[4],voxel size=5 um,7.55,6.783674846112403,2.7277010506239954
PhysiCell,PhysiCell_dx_5um,5.0,,mean over all voxels from microenvironment[4],mean over center voxels from microenvironment[4],voxel size=5 um,7.56,6.783674830841015,2.7277009930804343
PhysiCell,PhysiCell_dx_5um,5.0,,mean over all voxels from microenvironment[4],mean over center voxels from microenvironment[4],voxel size=5 um,7.57,6.783674815871463,2.7277009366742155
PhysiCell,PhysiCell_dx_5um,5.0,,mean over all voxels from microenvironment[4],mean over center voxels from microenvironment[4],voxel size=5 um,7.58,6.783674801197784,2.7277008813828587
PhysiCell,PhysiCell_dx_5um,5.0,,mean over all voxels from microenvironment[4],mean over center voxels from microenvironment[4],voxel size=5 um,7.59,6.783674786814127,2.727700827184329
PhysiCell,PhysiCell_dx_5um,5.0,,mean over all voxels from microenvironment[4],mean over center voxels from microenvironment[4],voxel size=5 um,7.6,6.783674772714762,2.727700774057027
PhysiCell,PhysiCell_dx_5um,5.0,,mean over all voxels from microenvironment[4],mean over center voxels from microenvironment[4],voxel size=5 um,7.61,6.78367475889407,2.7277007219797804
PhysiCell,PhysiCell_dx_5um,5.0,,mean over all voxels from microenvironment[4],mean over center voxels from microenvironment[4],voxel size=5 um,7.62,6.783674745346541,2.727700670931834
PhysiCell,PhysiCell_dx_5um,5.0,,mean over all voxels from microenvironment[4],mean over center voxels from microenvironment[4],voxel size=5 um,7.63,6.783674732066779,2.7277006208928447
PhysiCell,PhysiCell_dx_5um,5.0,,mean over all voxels from microenvironment[4],mean over center voxels from microenvironment[4],voxel size=5 um,7.64,6.783674719049488,2.72770057184287
PhysiCell,PhysiCell_dx_5um,5.0,,mean over all voxels from microenvironment[4],mean over center voxels from microenvironment[4],voxel size=5 um,7.65,6.783674706289482,2.727700523762362
PhysiCell,PhysiCell_dx_5um,5.0,,mean over all voxels from microenvironment[4],mean over center voxels from microenvironment[4],voxel size=5 um,7.66,6.78367469378168,2.7277004766321595
PhysiCell,PhysiCell_dx_5um,5.0,,mean over all voxels from microenvironment[4],mean over center voxels from microenvironment[4],voxel size=5 um,7.67,6.783674681521089,2.72770043043348
PhysiCell,PhysiCell_dx_5um,5.0,,mean over all voxels from microenvironment[4],mean over center voxels from microenvironment[4],voxel size=5 um,7.68,6.783674669502829,2.7277003851479127
PhysiCell,PhysiCell_dx_5um,5.0,,mean over all voxels from microenvironment[4],mean over center voxels from microenvironment[4],voxel size=5 um,7.69,6.783674657722109,2.727700340757409
PhysiCell,PhysiCell_dx_5um,5.0,,mean over all voxels from microenvironment[4],mean over center voxels from microenvironment[4],voxel size=5 um,7.7,6.783674646174232,2.727700297244278
PhysiCell,PhysiCell_dx_5um,5.0,,mean over all voxels from microenvironment[4],mean over center voxels from microenvironment[4],voxel size=5 um,7.71,6.783674634854599,2.7277002545911793
PhysiCell,PhysiCell_dx_5um,5.0,,mean over all voxels from microenvironment[4],mean over center voxels from microenvironment[4],voxel size=5 um,7.72,6.783674623758696,2.727700212781114
PhysiCell,PhysiCell_dx_5um,5.0,,mean over all voxels from microenvironment[4],mean over center voxels from microenvironment[4],voxel size=5 um,7.73,6.783674612882102,2.7277001717974203
PhysiCell,PhysiCell_dx_5um,5.0,,mean over all voxels from microenvironment[4],mean over center voxels from microenvironment[4],voxel size=5 um,7.74,6.783674602220485,2.7277001316237643
PhysiCell,PhysiCell_dx_5um,5.0,,mean over all voxels from microenvironment[4],mean over center voxels from microenvironment[4],voxel size=5 um,7.75,6.78367459176959,2.727700092244136
PhysiCell,PhysiCell_dx_5um,5.0,,mean over all voxels from microenvironment[4],mean over center voxels from microenvironment[4],voxel size=5 um,7.76,6.783674581525259,2.7277000536428413
PhysiCell,PhysiCell_dx_5um,5.0,,mean over all voxels from microenvironment[4],mean over center voxels from microenvironment[4],voxel size=5 um,7.77,6.783674571483404,2.727700015804497
PhysiCell,PhysiCell_dx_5um,5.0,,mean over all voxels from microenvironment[4],mean over center voxels from microenvironment[4],voxel size=5 um,7.78,6.783674561640026,2.7276999787140226
PhysiCell,PhysiCell_dx_5um,5.0,,mean over all voxels from microenvironment[4],mean over center voxels from microenvironment[4],voxel size=5 um,7.79,6.783674551991202,2.7276999423566366
PhysiCell,PhysiCell_dx_5um,5.0,,mean over all voxels from microenvironment[4],mean over center voxels from microenvironment[4],voxel size=5 um,7.8,6.783674542533085,2.7276999067178513
PhysiCell,PhysiCell_dx_5um,5.0,,mean over all voxels from microenvironment[4],mean over center voxels from microenvironment[4],voxel size=5 um,7.81,6.783674533261905,2.727699871783462
PhysiCell,PhysiCell_dx_5um,5.0,,mean over all voxels from microenvironment[4],mean over center voxels from microenvironment[4],voxel size=5 um,7.82,6.783674524173971,2.727699837539547
PhysiCell,PhysiCell_dx_5um,5.0,,mean over all voxels from microenvironment[4],mean over center voxels from microenvironment[4],voxel size=5 um,7.83,6.783674515265657,2.7276998039724583
PhysiCell,PhysiCell_dx_5um,5.0,,mean over all voxels from microenvironment[4],mean over center voxels from microenvironment[4],voxel size=5 um,7.84,6.783674506533417,2.7276997710688202
PhysiCell,PhysiCell_dx_5um,5.0,,mean over all voxels from microenvironment[4],mean over center voxels from microenvironment[4],voxel size=5 um,7.85,6.783674497973766,2.7276997388155184
PhysiCell,PhysiCell_dx_5um,5.0,,mean over all voxels from microenvironment[4],mean over center voxels from microenvironment[4],voxel size=5 um,7.86,6.783674489583299,2.727699707199699
PhysiCell,PhysiCell_dx_5um,5.0,,mean over all voxels from microenvironment[4],mean over center voxels from microenvironment[4],voxel size=5 um,7.87,6.783674481358666,2.727699676208762
PhysiCell,PhysiCell_dx_5um,5.0,,mean over all voxels from microenvironment[4],mean over center voxels from microenvironment[4],voxel size=5 um,7.88,6.783674473296593,2.7276996458303584
PhysiCell,PhysiCell_dx_5um,5.0,,mean over all voxels from microenvironment[4],mean over center voxels from microenvironment[4],voxel size=5 um,7.89,6.783674465393866,2.72769961605238
PhysiCell,PhysiCell_dx_5um,5.0,,mean over all voxels from microenvironment[4],mean over center voxels from microenvironment[4],voxel size=5 um,7.9,6.783674457647334,2.7276995868629594
PhysiCell,PhysiCell_dx_5um,5.0,,mean over all voxels from microenvironment[4],mean over center voxels from microenvironment[4],voxel size=5 um,7.91,6.783674450053914,2.7276995582504653
PhysiCell,PhysiCell_dx_5um,5.0,,mean over all voxels from microenvironment[4],mean over center voxels from microenvironment[4],voxel size=5 um,7.92,6.783674442610574,2.7276995302034925
PhysiCell,PhysiCell_dx_5um,5.0,,mean over all voxels from microenvironment[4],mean over center voxels from microenvironment[4],voxel size=5 um,7.93,6.783674435314353,2.7276995027108657
PhysiCell,PhysiCell_dx_5um,5.0,,mean over all voxels from microenvironment[4],mean over center voxels from microenvironment[4],voxel size=5 um,7.94,6.78367442816234,2.7276994757616277
PhysiCell,PhysiCell_dx_5um,5.0,,mean over all voxels from microenvironment[4],mean over center voxels from microenvironment[4],voxel size=5 um,7.95,6.7836744211516855,2.727699449345038
PhysiCell,PhysiCell_dx_5um,5.0,,mean over all voxels from microenvironment[4],mean over center voxels from microenvironment[4],voxel size=5 um,7.96,6.783674414279595,2.7276994234505687
PhysiCell,PhysiCell_dx_5um,5.0,,mean over all voxels from microenvironment[4],mean over center voxels from microenvironment[4],voxel size=5 um,7.97,6.783674407543332,2.7276993980679016
PhysiCell,PhysiCell_dx_5um,5.0,,mean over all voxels from microenvironment[4],mean over center voxels from microenvironment[4],voxel size=5 um,7.98,6.78367440094021,2.727699373186919
PhysiCell,PhysiCell_dx_5um,5.0,,mean over all voxels from microenvironment[4],mean over center voxels from microenvironment[4],voxel size=5 um,7.99,6.7836743944675995,2.727699348797706
PhysiCell,PhysiCell_dx_5um,5.0,,mean over all voxels from microenvironment[4],mean over center voxels from microenvironment[4],voxel size=5 um,8.0,6.783674388122917,2.7276993248905437
PhysiCell,PhysiCell_dx_5um,5.0,,mean over all voxels from microenvironment[4],mean over center voxels from microenvironment[4],voxel size=5 um,8.01,6.783674381903637,2.7276993014559032
PhysiCell,PhysiCell_dx_5um,5.0,,mean over all voxels from microenvironment[4],mean over center voxels from microenvironment[4],voxel size=5 um,8.02,6.783674375807281,2.727699278484445
PhysiCell,PhysiCell_dx_5um,5.0,,mean over all voxels from microenvironment[4],mean over center voxels from microenvironment[4],voxel size=5 um,8.03,6.783674369831419,2.727699255967016
PhysiCell,PhysiCell_dx_5um,5.0,,mean over all voxels from microenvironment[4],mean over center voxels from microenvironment[4],voxel size=5 um,8.04,6.7836743639736685,2.7276992338946413
PhysiCell,PhysiCell_dx_5um,5.0,,mean over all voxels from microenvironment[4],mean over center voxels from microenvironment[4],voxel size=5 um,8.05,6.7836743582316945,2.7276992122585244
PhysiCell,PhysiCell_dx_5um,5.0,,mean over all voxels from microenvironment[4],mean over center voxels from microenvironment[4],voxel size=5 um,8.06,6.783674352603213,2.7276991910500428
PhysiCell,PhysiCell_dx_5um,5.0,,mean over all voxels from microenvironment[4],mean over center voxels from microenvironment[4],voxel size=5 um,8.07,6.7836743470859755,2.727699170260744
PhysiCell,PhysiCell_dx_5um,5.0,,mean over all voxels from microenvironment[4],mean over center voxels from microenvironment[4],voxel size=5 um,8.08,6.783674341677787,2.7276991498823433
PhysiCell,PhysiCell_dx_5um,5.0,,mean over all voxels from microenvironment[4],mean over center voxels from microenvironment[4],voxel size=5 um,8.09,6.78367433637649,2.7276991299067195
PhysiCell,PhysiCell_dx_5um,5.0,,mean over all voxels from microenvironment[4],mean over center voxels from microenvironment[4],voxel size=5 um,8.1,6.783674331179972,2.727699110325912
PhysiCell,PhysiCell_dx_5um,5.0,,mean over all voxels from microenvironment[4],mean over center voxels from microenvironment[4],voxel size=5 um,8.11,6.783674326086163,2.7276990911321164
PhysiCell,PhysiCell_dx_5um,5.0,,mean over all voxels from microenvironment[4],mean over center voxels from microenvironment[4],voxel size=5 um,8.12,6.783674321093033,2.727699072317684
PhysiCell,PhysiCell_dx_5um,5.0,,mean over all voxels from microenvironment[4],mean over center voxels from microenvironment[4],voxel size=5 um,8.13,6.783674316198591,2.7276990538751167
PhysiCell,PhysiCell_dx_5um,5.0,,mean over all voxels from microenvironment[4],mean over center voxels from microenvironment[4],voxel size=5 um,8.14,6.783674311400888,2.7276990357970647
PhysiCell,PhysiCell_dx_5um,5.0,,mean over all voxels from microenvironment[4],mean over center voxels from microenvironment[4],voxel size=5 um,8.15,6.7836743066980105,2.727699018076323
PhysiCell,PhysiCell_dx_5um,5.0,,mean over all voxels from microenvironment[4],mean over center voxels from microenvironment[4],voxel size=5 um,8.16,6.783674302088084,2.7276990007058295
PhysiCell,PhysiCell_dx_5um,5.0,,mean over all voxels from microenvironment[4],mean over center voxels from microenvironment[4],voxel size=5 um,8.17,6.783674297569272,2.7276989836786627
PhysiCell,PhysiCell_dx_5um,5.0,,mean over all voxels from microenvironment[4],mean over center voxels from microenvironment[4],voxel size=5 um,8.18,6.783674293139775,2.727698966988035
PhysiCell,PhysiCell_dx_5um,5.0,,mean over all voxels from microenvironment[4],mean over center voxels from microenvironment[4],voxel size=5 um,8.19,6.783674288797827,2.727698950627296
PhysiCell,PhysiCell_dx_5um,5.0,,mean over all voxels from microenvironment[4],mean over center voxels from microenvironment[4],voxel size=5 um,8.2,6.783674284541695,2.7276989345899256
PhysiCell,PhysiCell_dx_5um,5.0,,mean over all voxels from microenvironment[4],mean over center voxels from microenvironment[4],voxel size=5 um,8.21,6.783674280369687,2.7276989188695313
PhysiCell,PhysiCell_dx_5um,5.0,,mean over all voxels from microenvironment[4],mean over center voxels from microenvironment[4],voxel size=5 um,8.22,6.783674276280135,2.727698903459849
PhysiCell,PhysiCell_dx_5um,5.0,,mean over all voxels from microenvironment[4],mean over center voxels from microenvironment[4],voxel size=5 um,8.23,6.783674272271417,2.7276988883547366
PhysiCell,PhysiCell_dx_5um,5.0,,mean over all voxels from microenvironment[4],mean over center voxels from microenvironment[4],voxel size=5 um,8.24,6.7836742683419295,2.7276988735481758
PhysiCell,PhysiCell_dx_5um,5.0,,mean over all voxels from microenvironment[4],mean over center voxels from microenvironment[4],voxel size=5 um,8.25,6.783674264490107,2.727698859034265
PhysiCell,PhysiCell_dx_5um,5.0,,mean over all voxels from microenvironment[4],mean over center voxels from microenvironment[4],voxel size=5 um,8.26,6.783674260714415,2.7276988448072195
PhysiCell,PhysiCell_dx_5um,5.0,,mean over all voxels from microenvironment[4],mean over center voxels from microenvironment[4],voxel size=5 um,8.27,6.783674257013348,2.7276988308613697
PhysiCell,PhysiCell_dx_5um,5.0,,mean over all voxels from microenvironment[4],mean over center voxels from microenvironment[4],voxel size=5 um,8.28,6.783674253385436,2.7276988171911585
PhysiCell,PhysiCell_dx_5um,5.0,,mean over all voxels from microenvironment[4],mean over center voxels from microenvironment[4],voxel size=5 um,8.29,6.783674249829225,2.727698803791137
PhysiCell,PhysiCell_dx_5um,5.0,,mean over all voxels from microenvironment[4],mean over center voxels from microenvironment[4],voxel size=5 um,8.3,6.783674246343304,2.7276987906559658
PhysiCell,PhysiCell_dx_5um,5.0,,mean over all voxels from microenvironment[4],mean over center voxels from microenvironment[4],voxel size=5 um,8.31,6.783674242926284,2.7276987777804096
PhysiCell,PhysiCell_dx_5um,5.0,,mean over all voxels from microenvironment[4],mean over center voxels from microenvironment[4],voxel size=5 um,8.32,6.783674239576796,2.727698765159337
PhysiCell,PhysiCell_dx_5um,5.0,,mean over all voxels from microenvironment[4],mean over center voxels from microenvironment[4],voxel size=5 um,8.33,6.783674236293516,2.7276987527877186
PhysiCell,PhysiCell_dx_5um,5.0,,mean over all voxels from microenvironment[4],mean over center voxels from microenvironment[4],voxel size=5 um,8.34,6.783674233075126,2.7276987406606237
PhysiCell,PhysiCell_dx_5um,5.0,,mean over all voxels from microenvironment[4],mean over center voxels from microenvironment[4],voxel size=5 um,8.35,6.783674229920348,2.7276987287732197
PhysiCell,PhysiCell_dx_5um,5.0,,mean over all voxels from microenvironment[4],mean over center voxels from microenvironment[4],voxel size=5 um,8.36,6.783674226827923,2.7276987171207687
PhysiCell,PhysiCell_dx_5um,5.0,,mean over all voxels from microenvironment[4],mean over center voxels from microenvironment[4],voxel size=5 um,8.37,6.783674223796621,2.727698705698627
PhysiCell,PhysiCell_dx_5um,5.0,,mean over all voxels from microenvironment[4],mean over center voxels from microenvironment[4],voxel size=5 um,8.38,6.783674220825231,2.727698694502243
PhysiCell,PhysiCell_dx_5um,5.0,,mean over all voxels from microenvironment[4],mean over center voxels from microenvironment[4],voxel size=5 um,8.39,6.783674217912569,2.7276986835271533
PhysiCell,PhysiCell_dx_5um,5.0,,mean over all voxels from microenvironment[4],mean over center voxels from microenvironment[4],voxel size=5 um,8.4,6.783674215057479,2.7276986727689856
PhysiCell,PhysiCell_dx_5um,5.0,,mean over all voxels from microenvironment[4],mean over center voxels from microenvironment[4],voxel size=5 um,8.41,6.783674212258817,2.727698662223452
PhysiCell,PhysiCell_dx_5um,5.0,,mean over all voxels from microenvironment[4],mean over center voxels from microenvironment[4],voxel size=5 um,8.42,6.783674209515471,2.727698651886349
PhysiCell,PhysiCell_dx_5um,5.0,,mean over all voxels from microenvironment[4],mean over center voxels from microenvironment[4],voxel size=5 um,8.43,6.783674206826346,2.727698641753558
PhysiCell,PhysiCell_dx_5um,5.0,,mean over all voxels from microenvironment[4],mean over center voxels from microenvironment[4],voxel size=5 um,8.44,6.783674204190373,2.7276986318210406
PhysiCell,PhysiCell_dx_5um,5.0,,mean over all voxels from microenvironment[4],mean over center voxels from microenvironment[4],voxel size=5 um,8.45,6.783674201606497,2.727698622084839
PhysiCell,PhysiCell_dx_5um,5.0,,mean over all voxels from microenvironment[4],mean over center voxels from microenvironment[4],voxel size=5 um,8.46,6.783674199073694,2.727698612541071
PhysiCell,PhysiCell_dx_5um,5.0,,mean over all voxels from microenvironment[4],mean over center voxels from microenvironment[4],voxel size=5 um,8.47,6.783674196590951,2.7276986031859347
PhysiCell,PhysiCell_dx_5um,5.0,,mean over all voxels from microenvironment[4],mean over center voxels from microenvironment[4],voxel size=5 um,8.48,6.783674194157278,2.727698594015702
PhysiCell,PhysiCell_dx_5um,5.0,,mean over all voxels from microenvironment[4],mean over center voxels from microenvironment[4],voxel size=5 um,8.49,6.7836741917717065,2.7276985850267175
PhysiCell,PhysiCell_dx_5um,5.0,,mean over all voxels from microenvironment[4],mean over center voxels from microenvironment[4],voxel size=5 um,8.5,6.783674189433286,2.7276985762153987
PhysiCell,PhysiCell_dx_5um,5.0,,mean over all voxels from microenvironment[4],mean over center voxels from microenvironment[4],voxel size=5 um,8.51,6.7836741871410835,2.7276985675782357
PhysiCell,PhysiCell_dx_5um,5.0,,mean over all voxels from microenvironment[4],mean over center voxels from microenvironment[4],voxel size=5 um,8.52,6.783674184894187,2.727698559111784
PhysiCell,PhysiCell_dx_5um,5.0,,mean over all voxels from microenvironment[4],mean over center voxels from microenvironment[4],voxel size=5 um,8.53,6.783674182691698,2.7276985508126725
PhysiCell,PhysiCell_dx_5um,5.0,,mean over all voxels from microenvironment[4],mean over center voxels from microenvironment[4],voxel size=5 um,8.54,6.783674180532742,2.72769854267759
PhysiCell,PhysiCell_dx_5um,5.0,,mean over all voxels from microenvironment[4],mean over center voxels from microenvironment[4],voxel size=5 um,8.55,6.78367417841646,2.727698534703298
PhysiCell,PhysiCell_dx_5um,5.0,,mean over all voxels from microenvironment[4],mean over center voxels from microenvironment[4],voxel size=5 um,8.56,6.783674176342003,2.7276985268866167
PhysiCell,PhysiCell_dx_5um,5.0,,mean over all voxels from microenvironment[4],mean over center voxels from microenvironment[4],voxel size=5 um,8.57,6.783674174308549,2.7276985192244307
PhysiCell,PhysiCell_dx_5um,5.0,,mean over all voxels from microenvironment[4],mean over center voxels from microenvironment[4],voxel size=5 um,8.58,6.783674172315286,2.7276985117136867
PhysiCell,PhysiCell_dx_5um,5.0,,mean over all voxels from microenvironment[4],mean over center voxels from microenvironment[4],voxel size=5 um,8.59,6.783674170361419,2.7276985043513924
PhysiCell,PhysiCell_dx_5um,5.0,,mean over all voxels from microenvironment[4],mean over center voxels from microenvironment[4],voxel size=5 um,8.6,6.783674168446169,2.7276984971346128
PhysiCell,PhysiCell_dx_5um,5.0,,mean over all voxels from microenvironment[4],mean over center voxels from microenvironment[4],voxel size=5 um,8.61,6.783674166568774,2.7276984900604715
PhysiCell,PhysiCell_dx_5um,5.0,,mean over all voxels from microenvironment[4],mean over center voxels from microenvironment[4],voxel size=5 um,8.62,6.783674164728488,2.7276984831261504
PhysiCell,PhysiCell_dx_5um,5.0,,mean over all voxels from microenvironment[4],mean over center voxels from microenvironment[4],voxel size=5 um,8.63,6.783674162924572,2.727698476328885
PhysiCell,PhysiCell_dx_5um,5.0,,mean over all voxels from microenvironment[4],mean over center voxels from microenvironment[4],voxel size=5 um,8.64,6.783674161156312,2.7276984696659667
PhysiCell,PhysiCell_dx_5um,5.0,,mean over all voxels from microenvironment[4],mean over center voxels from microenvironment[4],voxel size=5 um,8.65,6.7836741594230014,2.72769846313474
PhysiCell,PhysiCell_dx_5um,5.0,,mean over all voxels from microenvironment[4],mean over center voxels from microenvironment[4],voxel size=5 um,8.66,6.783674157723948,2.7276984567326026
PhysiCell,PhysiCell_dx_5um,5.0,,mean over all voxels from microenvironment[4],mean over center voxels from microenvironment[4],voxel size=5 um,8.67,6.783674156058476,2.7276984504570025
PhysiCell,PhysiCell_dx_5um,5.0,,mean over all voxels from microenvironment[4],mean over center voxels from microenvironment[4],voxel size=5 um,8.68,6.783674154425923,2.7276984443054397
PhysiCell,PhysiCell_dx_5um,5.0,,mean over all voxels from microenvironment[4],mean over center voxels from microenvironment[4],voxel size=5 um,8.69,6.783674152825639,2.727698438275461
PhysiCell,PhysiCell_dx_5um,5.0,,mean over all voxels from microenvironment[4],mean over center voxels from microenvironment[4],voxel size=5 um,8.7,6.7836741512569825,2.7276984323646647
PhysiCell,PhysiCell_dx_5um,5.0,,mean over all voxels from microenvironment[4],mean over center voxels from microenvironment[4],voxel size=5 um,8.71,6.783674149719332,2.727698426570694
PhysiCell,PhysiCell_dx_5um,5.0,,mean over all voxels from microenvironment[4],mean over center voxels from microenvironment[4],voxel size=5 um,8.72,6.78367414821207,2.7276984208912407
PhysiCell,PhysiCell_dx_5um,5.0,,mean over all voxels from microenvironment[4],mean over center voxels from microenvironment[4],voxel size=5 um,8.73,6.783674146734598,2.727698415324041
PhysiCell,PhysiCell_dx_5um,5.0,,mean over all voxels from microenvironment[4],mean over center voxels from microenvironment[4],voxel size=5 um,8.74,6.783674145286333,2.7276984098668766
PhysiCell,PhysiCell_dx_5um,5.0,,mean over all voxels from microenvironment[4],mean over center voxels from microenvironment[4],voxel size=5 um,8.75,6.78367414386669,2.7276984045175725
PhysiCell,PhysiCell_dx_5um,5.0,,mean over all voxels from microenvironment[4],mean over center voxels from microenvironment[4],voxel size=5 um,8.76,6.783674142475105,2.7276983992739963
PhysiCell,PhysiCell_dx_5um,5.0,,mean over all voxels from microenvironment[4],mean over center voxels from microenvironment[4],voxel size=5 um,8.77,6.783674141111027,2.7276983941340593
PhysiCell,PhysiCell_dx_5um,5.0,,mean over all voxels from microenvironment[4],mean over center voxels from microenvironment[4],voxel size=5 um,8.78,6.7836741397739075,2.727698389095712
PhysiCell,PhysiCell_dx_5um,5.0,,mean over all voxels from microenvironment[4],mean over center voxels from microenvironment[4],voxel size=5 um,8.79,6.783674138463217,2.7276983841569478
PhysiCell,PhysiCell_dx_5um,5.0,,mean over all voxels from microenvironment[4],mean over center voxels from microenvironment[4],voxel size=5 um,8.8,6.783674137178434,2.727698379315797
PhysiCell,PhysiCell_dx_5um,5.0,,mean over all voxels from microenvironment[4],mean over center voxels from microenvironment[4],voxel size=5 um,8.81,6.783674135919041,2.727698374570331
PhysiCell,PhysiCell_dx_5um,5.0,,mean over all voxels from microenvironment[4],mean over center voxels from microenvironment[4],voxel size=5 um,8.82,6.783674134684542,2.7276983699186585
PhysiCell,PhysiCell_dx_5um,5.0,,mean over all voxels from microenvironment[4],mean over center voxels from microenvironment[4],voxel size=5 um,8.83,6.783674133474443,2.727698365358927
PhysiCell,PhysiCell_dx_5um,5.0,,mean over all voxels from microenvironment[4],mean over center voxels from microenvironment[4],voxel size=5 um,8.84,6.783674132288262,2.727698360889317
PhysiCell,PhysiCell_dx_5um,5.0,,mean over all voxels from microenvironment[4],mean over center voxels from microenvironment[4],voxel size=5 um,8.85,6.783674131125523,2.727698356508048
PhysiCell,PhysiCell_dx_5um,5.0,,mean over all voxels from microenvironment[4],mean over center voxels from microenvironment[4],voxel size=5 um,8.86,6.7836741299857675,2.727698352213375
PhysiCell,PhysiCell_dx_5um,5.0,,mean over all voxels from microenvironment[4],mean over center voxels from microenvironment[4],voxel size=5 um,8.87,6.783674128868538,2.7276983480035852
PhysiCell,PhysiCell_dx_5um,5.0,,mean over all voxels from microenvironment[4],mean over center voxels from microenvironment[4],voxel size=5 um,8.88,6.78367412777339,2.7276983438770013
PhysiCell,PhysiCell_dx_5um,5.0,,mean over all voxels from microenvironment[4],mean over center voxels from microenvironment[4],voxel size=5 um,8.89,6.783674126699888,2.7276983398319796
PhysiCell,PhysiCell_dx_5um,5.0,,mean over all voxels from microenvironment[4],mean over center voxels from microenvironment[4],voxel size=5 um,8.9,6.783674125647606,2.727698335866907
PhysiCell,PhysiCell_dx_5um,5.0,,mean over all voxels from microenvironment[4],mean over center voxels from microenvironment[4],voxel size=5 um,8.91,6.78367412461612,2.7276983319802035
PhysiCell,PhysiCell_dx_5um,5.0,,mean over all voxels from microenvironment[4],mean over center voxels from microenvironment[4],voxel size=5 um,8.92,6.783674123605022,2.72769832817032
PhysiCell,PhysiCell_dx_5um,5.0,,mean over all voxels from microenvironment[4],mean over center voxels from microenvironment[4],voxel size=5 um,8.93,6.783674122613906,2.727698324435738
PhysiCell,PhysiCell_dx_5um,5.0,,mean over all voxels from microenvironment[4],mean over center voxels from microenvironment[4],voxel size=5 um,8.94,6.783674121642382,2.7276983207749708
PhysiCell,PhysiCell_dx_5um,5.0,,mean over all voxels from microenvironment[4],mean over center voxels from microenvironment[4],voxel size=5 um,8.95,6.7836741206900575,2.7276983171865576
PhysiCell,PhysiCell_dx_5um,5.0,,mean over all voxels from microenvironment[4],mean over center voxels from microenvironment[4],voxel size=5 um,8.96,6.783674119756558,2.7276983136690687
PhysiCell,PhysiCell_dx_5um,5.0,,mean over all voxels from microenvironment[4],mean over center voxels from microenvironment[4],voxel size=5 um,8.97,6.783674118841509,2.727698310221103
PhysiCell,PhysiCell_dx_5um,5.0,,mean over all voxels from microenvironment[4],mean over center voxels from microenvironment[4],voxel size=5 um,8.98,6.783674117944546,2.727698306841286
PhysiCell,PhysiCell_dx_5um,5.0,,mean over all voxels from microenvironment[4],mean over center voxels from microenvironment[4],voxel size=5 um,8.99,6.783674117065311,2.7276983035282707
PhysiCell,PhysiCell_dx_5um,5.0,,mean over all voxels from microenvironment[4],mean over center voxels from microenvironment[4],voxel size=5 um,9.0,6.783674116203451,2.727698300280736
PhysiCell,PhysiCell_dx_5um,5.0,,mean over all voxels from microenvironment[4],mean over center voxels from microenvironment[4],voxel size=5 um,9.01,6.783674115358629,2.7276982970973895
PhysiCell,PhysiCell_dx_5um,5.0,,mean over all voxels from microenvironment[4],mean over center voxels from microenvironment[4],voxel size=5 um,9.02,6.783674114530504,2.7276982939769607
PhysiCell,PhysiCell_dx_5um,5.0,,mean over all voxels from microenvironment[4],mean over center voxels from microenvironment[4],voxel size=5 um,9.03,6.783674113718746,2.7276982909182075
PhysiCell,PhysiCell_dx_5um,5.0,,mean over all voxels from microenvironment[4],mean over center voxels from microenvironment[4],voxel size=5 um,9.04,6.783674112923033,2.7276982879199094
PhysiCell,PhysiCell_dx_5um,5.0,,mean over all voxels from microenvironment[4],mean over center voxels from microenvironment[4],voxel size=5 um,9.05,6.7836741121430455,2.7276982849808724
PhysiCell,PhysiCell_dx_5um,5.0,,mean over all voxels from microenvironment[4],mean over center voxels from microenvironment[4],voxel size=5 um,9.06,6.783674111378476,2.7276982820999254
PhysiCell,PhysiCell_dx_5um,5.0,,mean over all voxels from microenvironment[4],mean over center voxels from microenvironment[4],voxel size=5 um,9.07,6.783674110629019,2.7276982792759203
PhysiCell,PhysiCell_dx_5um,5.0,,mean over all voxels from microenvironment[4],mean over center voxels from microenvironment[4],voxel size=5 um,9.08,6.783674109894376,2.727698276507731
PhysiCell,PhysiCell_dx_5um,5.0,,mean over all voxels from microenvironment[4],mean over center voxels from microenvironment[4],voxel size=5 um,9.09,6.783674109174249,2.727698273794254
PhysiCell,PhysiCell_dx_5um,5.0,,mean over all voxels from microenvironment[4],mean over center voxels from microenvironment[4],voxel size=5 um,9.1,6.783674108468357,2.7276982711344098
PhysiCell,PhysiCell_dx_5um,5.0,,mean over all voxels from microenvironment[4],mean over center voxels from microenvironment[4],voxel size=5 um,9.11,6.7836741077764176,2.7276982685271367
PhysiCell,PhysiCell_dx_5um,5.0,,mean over all voxels from microenvironment[4],mean over center voxels from microenvironment[4],voxel size=5 um,9.12,6.783674107098154,2.7276982659713953
PhysiCell,PhysiCell_dx_5um,5.0,,mean over all voxels from microenvironment[4],mean over center voxels from microenvironment[4],voxel size=5 um,9.13,6.783674106433296,2.727698263466169
PhysiCell,PhysiCell_dx_5um,5.0,,mean over all voxels from microenvironment[4],mean over center voxels from microenvironment[4],voxel size=5 um,9.14,6.783674105781579,2.7276982610104583
PhysiCell,PhysiCell_dx_5um,5.0,,mean over all voxels from microenvironment[4],mean over center voxels from microenvironment[4],voxel size=5 um,9.15,6.783674105142743,2.727698258603283
PhysiCell,PhysiCell_dx_5um,5.0,,mean over all voxels from microenvironment[4],mean over center voxels from microenvironment[4],voxel size=5 um,9.16,6.783674104516533,2.7276982562436856
PhysiCell,PhysiCell_dx_5um,5.0,,mean over all voxels from microenvironment[4],mean over center voxels from microenvironment[4],voxel size=5 um,9.17,6.7836741039027,2.727698253930726
PhysiCell,PhysiCell_dx_5um,5.0,,mean over all voxels from microenvironment[4],mean over center voxels from microenvironment[4],voxel size=5 um,9.18,6.783674103301001,2.727698251663482
PhysiCell,PhysiCell_dx_5um,5.0,,mean over all voxels from microenvironment[4],mean over center voxels from microenvironment[4],voxel size=5 um,9.19,6.783674102711192,2.727698249441049
PhysiCell,PhysiCell_dx_5um,5.0,,mean over all voxels from microenvironment[4],mean over center voxels from microenvironment[4],voxel size=5 um,9.2,6.783674102133041,2.7276982472625426
PhysiCell,PhysiCell_dx_5um,5.0,,mean over all voxels from microenvironment[4],mean over center voxels from microenvironment[4],voxel size=5 um,9.21,6.7836741015663184,2.727698245127094
PhysiCell,PhysiCell_dx_5um,5.0,,mean over all voxels from microenvironment[4],mean over center voxels from microenvironment[4],voxel size=5 um,9.22,6.7836741010107975,2.7276982430338523
PhysiCell,PhysiCell_dx_5um,5.0,,mean over all voxels from microenvironment[4],mean over center voxels from microenvironment[4],voxel size=5 um,9.23,6.783674100466255,2.7276982409819834
PhysiCell,PhysiCell_dx_5um,5.0,,mean over all voxels from microenvironment[4],mean over center voxels from microenvironment[4],voxel size=5 um,9.24,6.783674099932475,2.727698238970669
PhysiCell,PhysiCell_dx_5um,5.0,,mean over all voxels from microenvironment[4],mean over center voxels from microenvironment[4],voxel size=5 um,9.25,6.7836740994092475,2.727698236999108
PhysiCell,PhysiCell_dx_5um,5.0,,mean over all voxels from microenvironment[4],mean over center voxels from microenvironment[4],voxel size=5 um,9.26,6.783674098896361,2.727698235066515
PhysiCell,PhysiCell_dx_5um,5.0,,mean over all voxels from microenvironment[4],mean over center voxels from microenvironment[4],voxel size=5 um,9.27,6.78367409839361,2.7276982331721196
PhysiCell,PhysiCell_dx_5um,5.0,,mean over all voxels from microenvironment[4],mean over center voxels from microenvironment[4],voxel size=5 um,9.28,6.783674097900795,2.7276982313151668
PhysiCell,PhysiCell_dx_5um,5.0,,mean over all voxels from microenvironment[4],mean over center voxels from microenvironment[4],voxel size=5 um,9.29,6.783674097417721,2.727698229494916
PhysiCell,PhysiCell_dx_5um,5.0,,mean over all voxels from microenvironment[4],mean over center voxels from microenvironment[4],voxel size=5 um,9.3,6.783674096944198,2.7276982277106425
PhysiCell,PhysiCell_dx_5um,5.0,,mean over all voxels from microenvironment[4],mean over center voxels from microenvironment[4],voxel size=5 um,9.31,6.783674096480031,2.7276982259616354
PhysiCell,PhysiCell_dx_5um,5.0,,mean over all voxels from microenvironment[4],mean over center voxels from microenvironment[4],voxel size=5 um,9.32,6.783674096025039,2.7276982242471965
PhysiCell,PhysiCell_dx_5um,5.0,,mean over all voxels from microenvironment[4],mean over center voxels from microenvironment[4],voxel size=5 um,9.33,6.783674095579039,2.7276982225666435
PhysiCell,PhysiCell_dx_5um,5.0,,mean over all voxels from microenvironment[4],mean over center voxels from microenvironment[4],voxel size=5 um,9.34,6.783674095141856,2.7276982209193066
PhysiCell,PhysiCell_dx_5um,5.0,,mean over all voxels from microenvironment[4],mean over center voxels from microenvironment[4],voxel size=5 um,9.35,6.783674094713313,2.727698219304529
PhysiCell,PhysiCell_dx_5um,5.0,,mean over all voxels from microenvironment[4],mean over center voxels from microenvironment[4],voxel size=5 um,9.36,6.783674094293239,2.727698217721667
PhysiCell,PhysiCell_dx_5um,5.0,,mean over all voxels from microenvironment[4],mean over center voxels from microenvironment[4],voxel size=5 um,9.37,6.78367409388147,2.7276982161700905
PhysiCell,PhysiCell_dx_5um,5.0,,mean over all voxels from microenvironment[4],mean over center voxels from microenvironment[4],voxel size=5 um,9.38,6.783674093477839,2.7276982146491804
PhysiCell,PhysiCell_dx_5um,5.0,,mean over all voxels from microenvironment[4],mean over center voxels from microenvironment[4],voxel size=5 um,9.39,6.783674093082184,2.727698213158331
PhysiCell,PhysiCell_dx_5um,5.0,,mean over all voxels from microenvironment[4],mean over center voxels from microenvironment[4],voxel size=5 um,9.4,6.78367409269435,2.727698211696948
PhysiCell,PhysiCell_dx_5um,5.0,,mean over all voxels from microenvironment[4],mean over center voxels from microenvironment[4],voxel size=5 um,9.41,6.783674092314181,2.72769821026445
PhysiCell,PhysiCell_dx_5um,5.0,,mean over all voxels from microenvironment[4],mean over center voxels from microenvironment[4],voxel size=5 um,9.42,6.783674091941529,2.7276982088602644
PhysiCell,PhysiCell_dx_5um,5.0,,mean over all voxels from microenvironment[4],mean over center voxels from microenvironment[4],voxel size=5 um,9.43,6.783674091576237,2.727698207483832
PhysiCell,PhysiCell_dx_5um,5.0,,mean over all voxels from microenvironment[4],mean over center voxels from microenvironment[4],voxel size=5 um,9.44,6.7836740912181686,2.727698206134605
PhysiCell,PhysiCell_dx_5um,5.0,,mean over all voxels from microenvironment[4],mean over center voxels from microenvironment[4],voxel size=5 um,9.45,6.783674090867176,2.7276982048120453
PhysiCell,PhysiCell_dx_5um,5.0,,mean over all voxels from microenvironment[4],mean over center voxels from microenvironment[4],voxel size=5 um,9.46,6.783674090523124,2.7276982035156263
PhysiCell,PhysiCell_dx_5um,5.0,,mean over all voxels from microenvironment[4],mean over center voxels from microenvironment[4],voxel size=5 um,9.47,6.783674090185868,2.72769820224483
PhysiCell,PhysiCell_dx_5um,5.0,,mean over all voxels from microenvironment[4],mean over center voxels from microenvironment[4],voxel size=5 um,9.48,6.783674089855279,2.7276982009991517
PhysiCell,PhysiCell_dx_5um,5.0,,mean over all voxels from microenvironment[4],mean over center voxels from microenvironment[4],voxel size=5 um,9.49,6.7836740895312255,2.727698199778093
PhysiCell,PhysiCell_dx_5um,5.0,,mean over all voxels from microenvironment[4],mean over center voxels from microenvironment[4],voxel size=5 um,9.5,6.783674089213575,2.7276981985811695
PhysiCell,PhysiCell_dx_5um,5.0,,mean over all voxels from microenvironment[4],mean over center voxels from microenvironment[4],voxel size=5 um,9.51,6.783674088902204,2.727698197407902
PhysiCell,PhysiCell_dx_5um,5.0,,mean over all voxels from microenvironment[4],mean over center voxels from microenvironment[4],voxel size=5 um,9.52,6.783674088596988,2.727698196257825
PhysiCell,PhysiCell_dx_5um,5.0,,mean over all voxels from microenvironment[4],mean over center voxels from microenvironment[4],voxel size=5 um,9.53,6.783674088297803,2.7276981951304786
PhysiCell,PhysiCell_dx_5um,5.0,,mean over all voxels from microenvironment[4],mean over center voxels from microenvironment[4],voxel size=5 um,9.54,6.783674088004532,2.7276981940254137
PhysiCell,PhysiCell_dx_5um,5.0,,mean over all voxels from microenvironment[4],mean over center voxels from microenvironment[4],voxel size=5 um,9.55,6.783674087717056,2.7276981929421913
PhysiCell,PhysiCell_dx_5um,5.0,,mean over all voxels from microenvironment[4],mean over center voxels from microenvironment[4],voxel size=5 um,9.56,6.783674087435264,2.727698191880378
PhysiCell,PhysiCell_dx_5um,5.0,,mean over all voxels from microenvironment[4],mean over center voxels from microenvironment[4],voxel size=5 um,9.57,6.78367408715904,2.7276981908395515
PhysiCell,PhysiCell_dx_5um,5.0,,mean over all voxels from microenvironment[4],mean over center voxels from microenvironment[4],voxel size=5 um,9.58,6.783674086888277,2.727698189819297
PhysiCell,PhysiCell_dx_5um,5.0,,mean over all voxels from microenvironment[4],mean over center voxels from microenvironment[4],voxel size=5 um,9.59,6.783674086622866,2.727698188819207
PhysiCell,PhysiCell_dx_5um,5.0,,mean over all voxels from microenvironment[4],mean over center voxels from microenvironment[4],voxel size=5 um,9.6,6.783674086362697,2.7276981878388846
PhysiCell,PhysiCell_dx_5um,5.0,,mean over all voxels from microenvironment[4],mean over center voxels from microenvironment[4],voxel size=5 um,9.61,6.783674086107675,2.7276981868779373
PhysiCell,PhysiCell_dx_5um,5.0,,mean over all voxels from microenvironment[4],mean over center voxels from microenvironment[4],voxel size=5 um,9.62,6.783674085857691,2.7276981859359837
PhysiCell,PhysiCell_dx_5um,5.0,,mean over all voxels from microenvironment[4],mean over center voxels from microenvironment[4],voxel size=5 um,9.63,6.783674085612647,2.7276981850126476
PhysiCell,PhysiCell_dx_5um,5.0,,mean over all voxels from microenvironment[4],mean over center voxels from microenvironment[4],voxel size=5 um,9.64,6.783674085372448,2.7276981841075605
PhysiCell,PhysiCell_dx_5um,5.0,,mean over all voxels from microenvironment[4],mean over center voxels from microenvironment[4],voxel size=5 um,9.65,6.7836740851369965,2.727698183220363
PhysiCell,PhysiCell_dx_5um,5.0,,mean over all voxels from microenvironment[4],mean over center voxels from microenvironment[4],voxel size=5 um,9.66,6.783674084906198,2.7276981823507
PhysiCell,PhysiCell_dx_5um,5.0,,mean over all voxels from microenvironment[4],mean over center voxels from microenvironment[4],voxel size=5 um,9.67,6.783674084679963,2.7276981814982273
PhysiCell,PhysiCell_dx_5um,5.0,,mean over all voxels from microenvironment[4],mean over center voxels from microenvironment[4],voxel size=5 um,9.68,6.783674084458198,2.727698180662602
PhysiCell,PhysiCell_dx_5um,5.0,,mean over all voxels from microenvironment[4],mean over center voxels from microenvironment[4],voxel size=5 um,9.69,6.783674084240815,2.727698179843494
PhysiCell,PhysiCell_dx_5um,5.0,,mean over all voxels from microenvironment[4],mean over center voxels from microenvironment[4],voxel size=5 um,9.7,6.783674084027731,2.727698179040575
PhysiCell,PhysiCell_dx_5um,5.0,,mean over all voxels from microenvironment[4],mean over center voxels from microenvironment[4],voxel size=5 um,9.71,6.7836740838188545,2.7276981782535255
PhysiCell,PhysiCell_dx_5um,5.0,,mean over all voxels from microenvironment[4],mean over center voxels from microenvironment[4],voxel size=5 um,9.72,6.783674083614112,2.727698177482032
PhysiCell,PhysiCell_dx_5um,5.0,,mean over all voxels from microenvironment[4],mean over center voxels from microenvironment[4],voxel size=5 um,9.73,6.783674083413412,2.7276981767257875
PhysiCell,PhysiCell_dx_5um,5.0,,mean over all voxels from microenvironment[4],mean over center voxels from microenvironment[4],voxel size=5 um,9.74,6.783674083216681,2.7276981759844894
PhysiCell,PhysiCell_dx_5um,5.0,,mean over all voxels from microenvironment[4],mean over center voxels from microenvironment[4],voxel size=5 um,9.75,6.783674083023837,2.7276981752578435
PhysiCell,PhysiCell_dx_5um,5.0,,mean over all voxels from microenvironment[4],mean over center voxels from microenvironment[4],voxel size=5 um,9.76,6.783674082834805,2.7276981745455586
PhysiCell,PhysiCell_dx_5um,5.0,,mean over all voxels from microenvironment[4],mean over center voxels from microenvironment[4],voxel size=5 um,9.77,6.783674082649509,2.7276981738473527
PhysiCell,PhysiCell_dx_5um,5.0,,mean over all voxels from microenvironment[4],mean over center voxels from microenvironment[4],voxel size=5 um,9.78,6.783674082467876,2.7276981731629473
PhysiCell,PhysiCell_dx_5um,5.0,,mean over all voxels from microenvironment[4],mean over center voxels from microenvironment[4],voxel size=5 um,9.79,6.783674082289833,2.7276981724920684
PhysiCell,PhysiCell_dx_5um,5.0,,mean over all voxels from microenvironment[4],mean over center voxels from microenvironment[4],voxel size=5 um,9.8,6.783674082115308,2.7276981718344495
PhysiCell,PhysiCell_dx_5um,5.0,,mean over all voxels from microenvironment[4],mean over center voxels from microenvironment[4],voxel size=5 um,9.81,6.783674081944233,2.7276981711898283
PhysiCell,PhysiCell_dx_5um,5.0,,mean over all voxels from microenvironment[4],mean over center voxels from microenvironment[4],voxel size=5 um,9.82,6.78367408177654,2.7276981705579484
PhysiCell,PhysiCell_dx_5um,5.0,,mean over all voxels from microenvironment[4],mean over center voxels from microenvironment[4],voxel size=5 um,9.83,6.783674081612159,2.727698169938557
PhysiCell,PhysiCell_dx_5um,5.0,,mean over all voxels from microenvironment[4],mean over center voxels from microenvironment[4],voxel size=5 um,9.84,6.783674081451031,2.7276981693314077
PhysiCell,PhysiCell_dx_5um,5.0,,mean over all voxels from microenvironment[4],mean over center voxels from microenvironment[4],voxel size=5 um,9.85,6.783674081293085,2.727698168736259
PhysiCell,PhysiCell_dx_5um,5.0,,mean over all voxels from microenvironment[4],mean over center voxels from microenvironment[4],voxel size=5 um,9.86,6.783674081138261,2.727698168152873
PhysiCell,PhysiCell_dx_5um,5.0,,mean over all voxels from microenvironment[4],mean over center voxels from microenvironment[4],voxel size=5 um,9.87,6.783674080986497,2.727698167581018
PhysiCell,PhysiCell_dx_5um,5.0,,mean over all voxels from microenvironment[4],mean over center voxels from microenvironment[4],voxel size=5 um,9.88,6.7836740808377325,2.7276981670204656
PhysiCell,PhysiCell_dx_5um,5.0,,mean over all voxels from microenvironment[4],mean over center voxels from microenvironment[4],voxel size=5 um,9.89,6.7836740806919105,2.7276981664709927
PhysiCell,PhysiCell_dx_5um,5.0,,mean over all voxels from microenvironment[4],mean over center voxels from microenvironment[4],voxel size=5 um,9.9,6.783674080548969,2.727698165932379
PhysiCell,PhysiCell_dx_5um,5.0,,mean over all voxels from microenvironment[4],mean over center voxels from microenvironment[4],voxel size=5 um,9.91,6.783674080408851,2.7276981654044112
PhysiCell,PhysiCell_dx_5um,5.0,,mean over all voxels from microenvironment[4],mean over center voxels from microenvironment[4],voxel size=5 um,9.92,6.7836740802715045,2.72769816488688
PhysiCell,PhysiCell_dx_5um,5.0,,mean over all voxels from microenvironment[4],mean over center voxels from microenvironment[4],voxel size=5 um,9.93,6.783674080136873,2.727698164379577
PhysiCell,PhysiCell_dx_5um,5.0,,mean over all voxels from microenvironment[4],mean over center voxels from microenvironment[4],voxel size=5 um,9.94,6.783674080004901,2.7276981638823004
PhysiCell,PhysiCell_dx_5um,5.0,,mean over all voxels from microenvironment[4],mean over center voxels from microenvironment[4],voxel size=5 um,9.95,6.783674079875539,2.727698163394852
PhysiCell,PhysiCell_dx_5um,5.0,,mean over all voxels from microenvironment[4],mean over center voxels from microenvironment[4],voxel size=5 um,9.96,6.7836740797487325,2.727698162917039
PhysiCell,PhysiCell_dx_5um,5.0,,mean over all voxels from microenvironment[4],mean over center voxels from microenvironment[4],voxel size=5 um,9.97,6.783674079624432,2.7276981624486694
PhysiCell,PhysiCell_dx_5um,5.0,,mean over all voxels from microenvironment[4],mean over center voxels from microenvironment[4],voxel size=5 um,9.98,6.78367407950259,2.7276981619895566
PhysiCell,PhysiCell_dx_5um,5.0,,mean over all voxels from microenvironment[4],mean over center voxels from microenvironment[4],voxel size=5 um,9.99,6.783674079383153,2.727698161539519
PhysiCell,PhysiCell_dx_5um,5.0,,mean over all voxels from microenvironment[4],mean over center voxels from microenvironment[4],voxel size=5 um,10.0,6.783674079266081,2.727698161098376
