DEBUG:root:studio.py: Assume a 3D model
DEBUG:root:studio.py: config file is config/PhysiCell_settings_40.xml
DEBUG:root:studio.py: open_as_cb():  filePath is valid
DEBUG:root:len(config_file) = 32
DEBUG:root:done with args.config
DEBUG:root:exec pgm is ./project
DEBUG:root:self.current_dir = /home/tntiniak/Work/observatory_benchmark/PhysiCell/code
DEBUG:root:cell_def_tab.py: ------- fill_substrates_comboboxes
DEBUG:root: --> oxygen
DEBUG:root:cell_def_tab.py: ------- fill_substrate_colormap_comboboxes
DEBUG:root:=======================  microenv populate_tree  ======================= 
DEBUG:root:dc_ic_units =  particles/micron^3
DEBUG:root:dc_bc_units = particles/micron^3
DEBUG:root:bv = <Element 'boundary_value' at 0x788c3af150d0>
DEBUG:root:   -------- oxygen:  dirichlet_xmin = 6022
DEBUG:root:bv = <Element 'boundary_value' at 0x788c3af15120>
DEBUG:root:bv = <Element 'boundary_value' at 0x788c3af15170>
DEBUG:root:bv = <Element 'boundary_value' at 0x788c3af151c0>
DEBUG:root:bv = <Element 'boundary_value' at 0x788c3af15210>
DEBUG:root:bv = <Element 'boundary_value' at 0x788c3af15260>
DEBUG:root:------- options: <Element 'calculate_gradients' at 0x788c3af15350>
DEBUG:root:------- options: <Element 'track_internalized_substrates_in_each_agent' at 0x788c3af153f0>
DEBUG:root:------- options: <Element 'initial_condition' at 0x788c3af15440>
DEBUG:root:------- options: <Element 'dirichlet_nodes' at 0x788c3af15580>
DEBUG:root:

=======================  leaving microenv populate_tree  =====================
DEBUG:root:studio.py: first_cell_def_name= default
DEBUG:root:cell_def_tab.py: ------- fill_substrates_comboboxes
DEBUG:root: --> oxygen
DEBUG:root:------ motility_substrate_changed_cb(): idx = 0
DEBUG:root:       motility_substrate_changed_cb(): self.current_cell_def = None
DEBUG:root:------ motility2_substrate_changed_cb(): idx = 0
DEBUG:root:   text (subname) = oxygen
DEBUG:root:=======================  populate_tree_cell_defs(): ======================= 
DEBUG:root:    cell_def_tab.param_d = {}
DEBUG:root:

=======================  validate_cell_defs(): ======================= 
DEBUG:root:Checking default
DEBUG:root:=======================  end validate_cell_defs(): =======================


DEBUG:root:----- cell_def.tag= cell_definition
DEBUG:root:
--------new_interaction_params(): cdname_new= default, reset_mapping= False
DEBUG:root:
--------new_intracellular_params(): cdname_new= default
DEBUG:root:------- new_custom_data_params() -----
DEBUG:root:
===== populate_tree():  cycle
DEBUG:root: >> cycle_path= .//cell_definition[1]//phenotype//cycle
DEBUG:root:   cycle code= 5
DEBUG:root:<Element 'rate' at 0x788c3af159e0>
DEBUG:root:---- asymmetric_division_probabilities_path = .//cell_definition[1]//phenotype//cycle//standard_asymmetric_division
DEBUG:root:
===== populate_tree():  death
DEBUG:root:death_uep=<Element 'death' at 0x788c3af15b20>
DEBUG:root:-------- parsing apoptosis!
DEBUG:root: >> pd_uep =<Element 'phase_durations' at 0x788c3af15cb0>
DEBUG:root:phase_duration= <Element 'duration' at 0x788c3af15d50>
DEBUG:root:index= 0
DEBUG:root:-------- parsing necrosis!
DEBUG:root: >> pd_uep =<Element 'phase_durations' at 0x788c3af16610>
DEBUG:root:<Element 'duration' at 0x788c3af166b0>
DEBUG:root:index= 0
DEBUG:root:<Element 'duration' at 0x788c3af16750>
DEBUG:root:index= 1
DEBUG:root:volume_path=.//cell_definition[1]//phenotype//volume//
DEBUG:root:
===== populate_tree():  mechanics
DEBUG:root:mechanics_path=.//cell_definition[1]//phenotype//mechanics//
DEBUG:root:---- cell_interactions_path= .//cell_definition[1]//phenotype//mechanics//cell_adhesion_affinities
DEBUG:root:---- found cell_adhesion_affinities_path:
DEBUG:root:--> {'malignant epithelial': '1'}
DEBUG:root:
===== populate_tree():  motility
DEBUG:root:motility_path=.//cell_definition[1]//phenotype//motility//
DEBUG:root:
----------- populate_tree_cell_defs.py: cell_def_name= default,  cell_def_tab.param_d[cell_def_name]["motility_chemotaxis_substrate"] = oxygen
DEBUG:root:motility_advanced_chemotaxis_path= .//cell_definition[1]//phenotype//motility//options//advanced_chemotaxis//
DEBUG:root:chemotactic_sensitivity= {'oxygen': '0.0'}
DEBUG:root:sensitivity_path= .//cell_definition[1]//phenotype//motility//options//advanced_chemotaxis//chemotactic_sensitivities
DEBUG:root:---- found chemotactic_sensitivities: <Element 'chemotactic_sensitivities' at 0x788c3af28a90>
DEBUG:root:subelm=<Element 'chemotactic_sensitivity' at 0x788c3af28b30>
DEBUG:root: chemotactic_sensitivity--> oxygen = 0.0
DEBUG:root:{'oxygen': '0.0'}
DEBUG:root:------ motility2_substrate_changed_cb(): idx = 0
DEBUG:root:   text (subname) = oxygen
DEBUG:root:    motility_advanced_chemotaxis_substrate= oxygen
DEBUG:root:   chemotactic_sensitivity = {'oxygen': '0.0'}
DEBUG:root:----- chemo_sensitivity_changed() = 0.0
DEBUG:root:----- chemo_sensitivity_changed(): subname = oxygen
DEBUG:root:     chemotactic_sensitivity (dict)= {'oxygen': '0.0'}
DEBUG:root:
===== populate_tree():  secretion
DEBUG:root:secretion_path = .//cell_definition[1]//phenotype//secretion
DEBUG:root:uep_secretion = <Element 'secretion' at 0x788c3af28d10>
DEBUG:root:0) -- secretion substrate = oxygen
DEBUG:root:------ done parsing secretion:
DEBUG:root:
===== populate_tree():  cell_interactions
DEBUG:root:---- cell_interactions_path= .//cell_definition[1]//phenotype//cell_interactions
DEBUG:root:---- found cell_interactions:
DEBUG:root:uep2= <Element 'live_phagocytosis_rates' at 0x788c3af29490>
DEBUG:root: live_phagocytosis_rate= {'malignant epithelial': '0', 'default': '0'}
DEBUG:root: attack_rate= {'malignant epithelial': '0', 'default': '0'}
DEBUG:root: fusion_rate= {'malignant epithelial': '0', 'default': '0'}
DEBUG:root:------ done parsing cell_interactions:
DEBUG:root:---- transformation_rates_path = .//cell_definition[1]//phenotype//cell_transformations//transformation_rates
DEBUG:root: transformation_rate= {'malignant epithelial': '0', 'default': '0'}
DEBUG:root:------ done parsing cell_transformations:
DEBUG:root:---- cell_integrity_path = .//cell_definition[1]//phenotype//cell_integrity
DEBUG:root:---- No cell_integrity found. Setting to default values
DEBUG:root: damage_rate= 0.0
DEBUG:root:------ done parsing cell_integrity:
DEBUG:root:
===== populate_tree():  molecular
DEBUG:root:
===== populate_tree():  intracellular
DEBUG:root:------ done parsing intracellular:
DEBUG:root:
===== populate_tree():  custom data
DEBUG:root:uep_custom_data= <Element 'custom_data' at 0x788c3af2a160>
DEBUG:root:--------------- populate_tree: (empty)custom_data = {}
DEBUG:root:var.attrib.keys() = dict_keys(['conserved', 'units', 'description'])
DEBUG:root:populate: cell_def_name= default --> custom_data: {'sample': ['1.0', False]}
DEBUG:root:
  ---- apoptosis_phase_transition_cb: 
DEBUG:root:apoptosis: ------>> duration
DEBUG:root:apoptosis_phase_transition_cb: --> duration
DEBUG:root:
  ---- necrosis_phase_transition_cb: 
DEBUG:root:necrosis: ------>>duration
DEBUG:root:necrosis_phase_transition_cb: --> duration
DEBUG:root:
----- update_motility_params():  cdname= default
DEBUG:root:     setting motility_substrate_dropdown (for cdname= default ) = oxygen
DEBUG:root:     setting motility2_substrate_dropdown (for cdname= default ) = oxygen
DEBUG:root:    chemotactic_sensitivity= {'oxygen': '0.0'}
DEBUG:root:new val = 0.0
DEBUG:root:----- leave update_motility_params()

DEBUG:root:update_secretion_params(): cdname = default
DEBUG:root:update_secretion_params(): self.current_secretion_substrate = oxygen
DEBUG:root:{'oxygen': {'secretion_rate': '0', 'secretion_target': '1', 'uptake_rate': '0', 'net_export_rate': '0'}}
DEBUG:root:cell_def_tab.py: ------- fill_celltypes_comboboxes
DEBUG:root:

------------  user_params_tab: fill_gui --------------
DEBUG:root:studio.py: self.current_dir = /home/tntiniak/Work/observatory_benchmark/PhysiCell/code
DEBUG:root:studio.py: creating ICs, Run, and Plot tabs
DEBUG:matplotlib.font_manager:findfont: Matching sans\-serif:style=normal:variant=normal:weight=normal:stretch=normal:size=10.0.
DEBUG:matplotlib.font_manager:findfont: score(FontEntry(fname='/home/tntiniak/Work/studio/lib/python3.10/site-packages/matplotlib/mpl-data/fonts/ttf/cmr10.ttf', name='cmr10', style='normal', variant='normal', weight=400, stretch='normal', size='scalable')) = 10.05
DEBUG:matplotlib.font_manager:findfont: score(FontEntry(fname='/home/tntiniak/Work/studio/lib/python3.10/site-packages/matplotlib/mpl-data/fonts/ttf/DejaVuSerif-Bold.ttf', name='DejaVu Serif', style='normal', variant='normal', weight=700, stretch='normal', size='scalable')) = 10.335
DEBUG:matplotlib.font_manager:findfont: score(FontEntry(fname='/home/tntiniak/Work/studio/lib/python3.10/site-packages/matplotlib/mpl-data/fonts/ttf/STIXNonUniIta.ttf', name='STIXNonUnicode', style='italic', variant='normal', weight=400, stretch='normal', size='scalable')) = 11.05
DEBUG:matplotlib.font_manager:findfont: score(FontEntry(fname='/home/tntiniak/Work/studio/lib/python3.10/site-packages/matplotlib/mpl-data/fonts/ttf/DejaVuSansMono-Bold.ttf', name='DejaVu Sans Mono', style='normal', variant='normal', weight=700, stretch='normal', size='scalable')) = 10.335
DEBUG:matplotlib.font_manager:findfont: score(FontEntry(fname='/home/tntiniak/Work/studio/lib/python3.10/site-packages/matplotlib/mpl-data/fonts/ttf/DejaVuSerif-Italic.ttf', name='DejaVu Serif', style='italic', variant='normal', weight=400, stretch='normal', size='scalable')) = 11.05
DEBUG:matplotlib.font_manager:findfont: score(FontEntry(fname='/home/tntiniak/Work/studio/lib/python3.10/site-packages/matplotlib/mpl-data/fonts/ttf/STIXSizFourSymBol.ttf', name='STIXSizeFourSym', style='normal', variant='normal', weight=700, stretch='normal', size='scalable')) = 10.335
DEBUG:matplotlib.font_manager:findfont: score(FontEntry(fname='/home/tntiniak/Work/studio/lib/python3.10/site-packages/matplotlib/mpl-data/fonts/ttf/STIXGeneralItalic.ttf', name='STIXGeneral', style='italic', variant='normal', weight=400, stretch='normal', size='scalable')) = 11.05
DEBUG:matplotlib.font_manager:findfont: score(FontEntry(fname='/home/tntiniak/Work/studio/lib/python3.10/site-packages/matplotlib/mpl-data/fonts/ttf/STIXSizFourSymReg.ttf', name='STIXSizeFourSym', style='normal', variant='normal', weight=400, stretch='normal', size='scalable')) = 10.05
DEBUG:matplotlib.font_manager:findfont: score(FontEntry(fname='/home/tntiniak/Work/studio/lib/python3.10/site-packages/matplotlib/mpl-data/fonts/ttf/STIXSizThreeSymReg.ttf', name='STIXSizeThreeSym', style='normal', variant='normal', weight=400, stretch='normal', size='scalable')) = 10.05
DEBUG:matplotlib.font_manager:findfont: score(FontEntry(fname='/home/tntiniak/Work/studio/lib/python3.10/site-packages/matplotlib/mpl-data/fonts/ttf/cmtt10.ttf', name='cmtt10', style='normal', variant='normal', weight=400, stretch='normal', size='scalable')) = 10.05
DEBUG:matplotlib.font_manager:findfont: score(FontEntry(fname='/home/tntiniak/Work/studio/lib/python3.10/site-packages/matplotlib/mpl-data/fonts/ttf/DejaVuSans-BoldOblique.ttf', name='DejaVu Sans', style='oblique', variant='normal', weight=700, stretch='normal', size='scalable')) = 1.335
DEBUG:matplotlib.font_manager:findfont: score(FontEntry(fname='/home/tntiniak/Work/studio/lib/python3.10/site-packages/matplotlib/mpl-data/fonts/ttf/STIXSizFiveSymReg.ttf', name='STIXSizeFiveSym', style='normal', variant='normal', weight=400, stretch='normal', size='scalable')) = 10.05
DEBUG:matplotlib.font_manager:findfont: score(FontEntry(fname='/home/tntiniak/Work/studio/lib/python3.10/site-packages/matplotlib/mpl-data/fonts/ttf/STIXSizTwoSymBol.ttf', name='STIXSizeTwoSym', style='normal', variant='normal', weight=700, stretch='normal', size='scalable')) = 10.335
DEBUG:matplotlib.font_manager:findfont: score(FontEntry(fname='/home/tntiniak/Work/studio/lib/python3.10/site-packages/matplotlib/mpl-data/fonts/ttf/cmsy10.ttf', name='cmsy10', style='normal', variant='normal', weight=400, stretch='normal', size='scalable')) = 10.05
DEBUG:matplotlib.font_manager:findfont: score(FontEntry(fname='/home/tntiniak/Work/studio/lib/python3.10/site-packages/matplotlib/mpl-data/fonts/ttf/STIXGeneralBolIta.ttf', name='STIXGeneral', style='italic', variant='normal', weight=700, stretch='normal', size='scalable')) = 11.335
DEBUG:matplotlib.font_manager:findfont: score(FontEntry(fname='/home/tntiniak/Work/studio/lib/python3.10/site-packages/matplotlib/mpl-data/fonts/ttf/cmb10.ttf', name='cmb10', style='normal', variant='normal', weight=400, stretch='normal', size='scalable')) = 10.05
DEBUG:matplotlib.font_manager:findfont: score(FontEntry(fname='/home/tntiniak/Work/studio/lib/python3.10/site-packages/matplotlib/mpl-data/fonts/ttf/STIXGeneral.ttf', name='STIXGeneral', style='normal', variant='normal', weight=400, stretch='normal', size='scalable')) = 10.05
DEBUG:matplotlib.font_manager:findfont: score(FontEntry(fname='/home/tntiniak/Work/studio/lib/python3.10/site-packages/matplotlib/mpl-data/fonts/ttf/DejaVuSansDisplay.ttf', name='DejaVu Sans Display', style='normal', variant='normal', weight=400, stretch='normal', size='scalable')) = 10.05
DEBUG:matplotlib.font_manager:findfont: score(FontEntry(fname='/home/tntiniak/Work/studio/lib/python3.10/site-packages/matplotlib/mpl-data/fonts/ttf/STIXNonUniBolIta.ttf', name='STIXNonUnicode', style='italic', variant='normal', weight=700, stretch='normal', size='scalable')) = 11.335
DEBUG:matplotlib.font_manager:findfont: score(FontEntry(fname='/home/tntiniak/Work/studio/lib/python3.10/site-packages/matplotlib/mpl-data/fonts/ttf/DejaVuSansMono-Oblique.ttf', name='DejaVu Sans Mono', style='oblique', variant='normal', weight=400, stretch='normal', size='scalable')) = 11.05
DEBUG:matplotlib.font_manager:findfont: score(FontEntry(fname='/home/tntiniak/Work/studio/lib/python3.10/site-packages/matplotlib/mpl-data/fonts/ttf/DejaVuSansMono-BoldOblique.ttf', name='DejaVu Sans Mono', style='oblique', variant='normal', weight=700, stretch='normal', size='scalable')) = 11.335
DEBUG:matplotlib.font_manager:findfont: score(FontEntry(fname='/home/tntiniak/Work/studio/lib/python3.10/site-packages/matplotlib/mpl-data/fonts/ttf/DejaVuSansMono.ttf', name='DejaVu Sans Mono', style='normal', variant='normal', weight=400, stretch='normal', size='scalable')) = 10.05
DEBUG:matplotlib.font_manager:findfont: score(FontEntry(fname='/home/tntiniak/Work/studio/lib/python3.10/site-packages/matplotlib/mpl-data/fonts/ttf/cmss10.ttf', name='cmss10', style='normal', variant='normal', weight=400, stretch='normal', size='scalable')) = 10.05
DEBUG:matplotlib.font_manager:findfont: score(FontEntry(fname='/home/tntiniak/Work/studio/lib/python3.10/site-packages/matplotlib/mpl-data/fonts/ttf/STIXGeneralBol.ttf', name='STIXGeneral', style='normal', variant='normal', weight=700, stretch='normal', size='scalable')) = 10.335
DEBUG:matplotlib.font_manager:findfont: score(FontEntry(fname='/home/tntiniak/Work/studio/lib/python3.10/site-packages/matplotlib/mpl-data/fonts/ttf/STIXSizOneSymBol.ttf', name='STIXSizeOneSym', style='normal', variant='normal', weight=700, stretch='normal', size='scalable')) = 10.335
DEBUG:matplotlib.font_manager:findfont: score(FontEntry(fname='/home/tntiniak/Work/studio/lib/python3.10/site-packages/matplotlib/mpl-data/fonts/ttf/STIXSizThreeSymBol.ttf', name='STIXSizeThreeSym', style='normal', variant='normal', weight=700, stretch='normal', size='scalable')) = 10.335
DEBUG:matplotlib.font_manager:findfont: score(FontEntry(fname='/home/tntiniak/Work/studio/lib/python3.10/site-packages/matplotlib/mpl-data/fonts/ttf/DejaVuSans-Oblique.ttf', name='DejaVu Sans', style='oblique', variant='normal', weight=400, stretch='normal', size='scalable')) = 1.05
DEBUG:matplotlib.font_manager:findfont: score(FontEntry(fname='/home/tntiniak/Work/studio/lib/python3.10/site-packages/matplotlib/mpl-data/fonts/ttf/DejaVuSans-Bold.ttf', name='DejaVu Sans', style='normal', variant='normal', weight=700, stretch='normal', size='scalable')) = 0.33499999999999996
DEBUG:matplotlib.font_manager:findfont: score(FontEntry(fname='/home/tntiniak/Work/studio/lib/python3.10/site-packages/matplotlib/mpl-data/fonts/ttf/STIXNonUniBol.ttf', name='STIXNonUnicode', style='normal', variant='normal', weight=700, stretch='normal', size='scalable')) = 10.335
DEBUG:matplotlib.font_manager:findfont: score(FontEntry(fname='/home/tntiniak/Work/studio/lib/python3.10/site-packages/matplotlib/mpl-data/fonts/ttf/DejaVuSerif-BoldItalic.ttf', name='DejaVu Serif', style='italic', variant='normal', weight=700, stretch='normal', size='scalable')) = 11.335
DEBUG:matplotlib.font_manager:findfont: score(FontEntry(fname='/home/tntiniak/Work/studio/lib/python3.10/site-packages/matplotlib/mpl-data/fonts/ttf/STIXSizTwoSymReg.ttf', name='STIXSizeTwoSym', style='normal', variant='normal', weight=400, stretch='normal', size='scalable')) = 10.05
DEBUG:matplotlib.font_manager:findfont: score(FontEntry(fname='/home/tntiniak/Work/studio/lib/python3.10/site-packages/matplotlib/mpl-data/fonts/ttf/DejaVuSans.ttf', name='DejaVu Sans', style='normal', variant='normal', weight=400, stretch='normal', size='scalable')) = 0.05
DEBUG:matplotlib.font_manager:findfont: score(FontEntry(fname='/home/tntiniak/Work/studio/lib/python3.10/site-packages/matplotlib/mpl-data/fonts/ttf/cmmi10.ttf', name='cmmi10', style='normal', variant='normal', weight=400, stretch='normal', size='scalable')) = 10.05
DEBUG:matplotlib.font_manager:findfont: score(FontEntry(fname='/home/tntiniak/Work/studio/lib/python3.10/site-packages/matplotlib/mpl-data/fonts/ttf/DejaVuSerifDisplay.ttf', name='DejaVu Serif Display', style='normal', variant='normal', weight=400, stretch='normal', size='scalable')) = 10.05
DEBUG:matplotlib.font_manager:findfont: score(FontEntry(fname='/home/tntiniak/Work/studio/lib/python3.10/site-packages/matplotlib/mpl-data/fonts/ttf/STIXSizOneSymReg.ttf', name='STIXSizeOneSym', style='normal', variant='normal', weight=400, stretch='normal', size='scalable')) = 10.05
DEBUG:matplotlib.font_manager:findfont: score(FontEntry(fname='/home/tntiniak/Work/studio/lib/python3.10/site-packages/matplotlib/mpl-data/fonts/ttf/STIXNonUni.ttf', name='STIXNonUnicode', style='normal', variant='normal', weight=400, stretch='normal', size='scalable')) = 10.05
DEBUG:matplotlib.font_manager:findfont: score(FontEntry(fname='/home/tntiniak/Work/studio/lib/python3.10/site-packages/matplotlib/mpl-data/fonts/ttf/cmex10.ttf', name='cmex10', style='normal', variant='normal', weight=400, stretch='normal', size='scalable')) = 10.05
DEBUG:matplotlib.font_manager:findfont: score(FontEntry(fname='/home/tntiniak/Work/studio/lib/python3.10/site-packages/matplotlib/mpl-data/fonts/ttf/DejaVuSerif.ttf', name='DejaVu Serif', style='normal', variant='normal', weight=400, stretch='normal', size='scalable')) = 10.05
DEBUG:matplotlib.font_manager:findfont: score(FontEntry(fname='/usr/share/fonts/opentype/urw-base35/NimbusSansNarrow-Regular.otf', name='Nimbus Sans Narrow', style='normal', variant='normal', weight=400, stretch='condensed', size='scalable')) = 10.25
DEBUG:matplotlib.font_manager:findfont: score(FontEntry(fname='/usr/share/fonts/truetype/liberation2/LiberationSans-Regular.ttf', name='Liberation Sans', style='normal', variant='normal', weight=400, stretch='normal', size='scalable')) = 10.05
DEBUG:matplotlib.font_manager:findfont: score(FontEntry(fname='/usr/share/fonts/truetype/liberation/LiberationSerif-Regular.ttf', name='Liberation Serif', style='normal', variant='normal', weight=400, stretch='normal', size='scalable')) = 10.05
DEBUG:matplotlib.font_manager:findfont: score(FontEntry(fname='/usr/share/fonts/truetype/tlwg/Norasi-Italic.ttf', name='Norasi', style='italic', variant='normal', weight=400, stretch='normal', size='scalable')) = 11.05
DEBUG:matplotlib.font_manager:findfont: score(FontEntry(fname='/usr/share/fonts/truetype/fonts-telu-extra/vemana2000.ttf', name='Vemana2000', style='normal', variant='normal', weight=400, stretch='normal', size='scalable')) = 10.05
DEBUG:matplotlib.font_manager:findfont: score(FontEntry(fname='/usr/share/fonts/truetype/tlwg/TlwgMono-Bold.ttf', name='Tlwg Mono', style='normal', variant='normal', weight=700, stretch='normal', size='scalable')) = 10.335
DEBUG:matplotlib.font_manager:findfont: score(FontEntry(fname='/usr/share/fonts/truetype/fonts-yrsa-rasa/Yrsa-SemiBold.ttf', name='Yrsa', style='normal', variant='normal', weight=600, stretch='normal', size='scalable')) = 10.24
DEBUG:matplotlib.font_manager:findfont: score(FontEntry(fname='/usr/share/fonts/truetype/lohit-devanagari/Lohit-Devanagari.ttf', name='Lohit Devanagari', style='normal', variant='normal', weight=400, stretch='normal', size='scalable')) = 10.05
DEBUG:matplotlib.font_manager:findfont: score(FontEntry(fname='/usr/share/fonts/truetype/tlwg/TlwgTypist-Oblique.ttf', name='Tlwg Typist', style='oblique', variant='normal', weight=400, stretch='normal', size='scalable')) = 11.05
DEBUG:matplotlib.font_manager:findfont: score(FontEntry(fname='/usr/share/fonts/truetype/ubuntu/Ubuntu-R.ttf', name='Ubuntu', style='normal', variant='normal', weight=400, stretch='normal', size='scalable')) = 10.05
DEBUG:matplotlib.font_manager:findfont: score(FontEntry(fname='/usr/share/fonts/truetype/samyak/Samyak-Devanagari.ttf', name='Samyak Devanagari', style='normal', variant='normal', weight=500, stretch='normal', size='scalable')) = 10.145
DEBUG:matplotlib.font_manager:findfont: score(FontEntry(fname='/usr/share/fonts/truetype/tlwg/Laksaman-Italic.ttf', name='Laksaman', style='italic', variant='normal', weight=400, stretch='normal', size='scalable')) = 11.05
DEBUG:matplotlib.font_manager:findfont: score(FontEntry(fname='/usr/share/fonts/truetype/teluguvijayam/dhurjati.ttf', name='Dhurjati', style='normal', variant='normal', weight=400, stretch='normal', size='scalable')) = 10.05
DEBUG:matplotlib.font_manager:findfont: score(FontEntry(fname='/usr/share/fonts/truetype/tlwg/Umpush.ttf', name='Umpush', style='normal', variant='normal', weight=400, stretch='normal', size='scalable')) = 10.05
DEBUG:matplotlib.font_manager:findfont: score(FontEntry(fname='/usr/share/fonts/opentype/urw-base35/C059-Bold.otf', name='C059', style='normal', variant='normal', weight=700, stretch='normal', size='scalable')) = 10.335
DEBUG:matplotlib.font_manager:findfont: score(FontEntry(fname='/usr/share/fonts/truetype/tlwg/Garuda-BoldOblique.ttf', name='Garuda', style='oblique', variant='normal', weight=700, stretch='normal', size='scalable')) = 11.335
DEBUG:matplotlib.font_manager:findfont: score(FontEntry(fname='/usr/share/fonts/opentype/urw-base35/P052-Roman.otf', name='P052', style='normal', variant='normal', weight=400, stretch='normal', size='scalable')) = 10.05
DEBUG:matplotlib.font_manager:findfont: score(FontEntry(fname='/usr/share/fonts/opentype/urw-base35/NimbusSans-Italic.otf', name='Nimbus Sans', style='italic', variant='normal', weight=400, stretch='normal', size='scalable')) = 11.05
DEBUG:matplotlib.font_manager:findfont: score(FontEntry(fname='/usr/share/fonts/truetype/tlwg/Sawasdee-Bold.ttf', name='Sawasdee', style='normal', variant='normal', weight=700, stretch='normal', size='scalable')) = 10.335
DEBUG:matplotlib.font_manager:findfont: score(FontEntry(fname='/usr/share/fonts/truetype/tlwg/Umpush-Light.ttf', name='Umpush', style='normal', variant='normal', weight=300, stretch='normal', size='scalable')) = 10.145
DEBUG:matplotlib.font_manager:findfont: score(FontEntry(fname='/usr/share/fonts/truetype/kacst/KacstLetter.ttf', name='KacstLetter', style='normal', variant='normal', weight=500, stretch='normal', size='scalable')) = 10.145
DEBUG:matplotlib.font_manager:findfont: score(FontEntry(fname='/usr/share/fonts/truetype/liberation2/LiberationSerif-BoldItalic.ttf', name='Liberation Serif', style='italic', variant='normal', weight=700, stretch='normal', size='scalable')) = 11.335
DEBUG:matplotlib.font_manager:findfont: score(FontEntry(fname='/usr/share/fonts/truetype/malayalam/Karumbi-Regular.ttf', name='Karumbi', style='normal', variant='normal', weight=400, stretch='normal', size='scalable')) = 10.05
DEBUG:matplotlib.font_manager:findfont: score(FontEntry(fname='/usr/share/fonts/opentype/urw-base35/URWGothic-BookOblique.otf', name='URW Gothic', style='oblique', variant='normal', weight=400, stretch='normal', size='scalable')) = 11.05
DEBUG:matplotlib.font_manager:findfont: score(FontEntry(fname='/usr/share/fonts/truetype/dejavu/DejaVuSerifCondensed-Bold.ttf', name='DejaVu Serif', style='normal', variant='normal', weight=700, stretch='condensed', size='scalable')) = 10.535
DEBUG:matplotlib.font_manager:findfont: score(FontEntry(fname='/usr/share/fonts/truetype/ubuntu/Ubuntu-MI.ttf', name='Ubuntu', style='italic', variant='normal', weight=500, stretch='normal', size='scalable')) = 11.145
DEBUG:matplotlib.font_manager:findfont: score(FontEntry(fname='/usr/share/fonts/truetype/Sahadeva/sahadeva.ttf', name='Sahadeva', style='normal', variant='normal', weight=400, stretch='normal', size='scalable')) = 10.05
DEBUG:matplotlib.font_manager:findfont: score(FontEntry(fname='/usr/share/fonts/truetype/kacst/KacstOffice.ttf', name='KacstOffice', style='normal', variant='normal', weight=500, stretch='normal', size='scalable')) = 10.145
DEBUG:matplotlib.font_manager:findfont: score(FontEntry(fname='/usr/share/fonts/truetype/samyak-fonts/Samyak-Tamil.ttf', name='Samyak Tamil', style='normal', variant='normal', weight=500, stretch='normal', size='scalable')) = 10.145
DEBUG:matplotlib.font_manager:findfont: score(FontEntry(fname='/usr/share/fonts/truetype/kacst/KacstQurn.ttf', name='KacstQurn', style='normal', variant='normal', weight=400, stretch='normal', size='scalable')) = 10.05
DEBUG:matplotlib.font_manager:findfont: score(FontEntry(fname='/usr/share/fonts/opentype/urw-base35/URWBookman-Light.otf', name='URW Bookman', style='normal', variant='normal', weight=300, stretch='normal', size='scalable')) = 10.145
DEBUG:matplotlib.font_manager:findfont: score(FontEntry(fname='/usr/share/fonts/truetype/tlwg/TlwgTypo-BoldOblique.ttf', name='Tlwg Typo', style='oblique', variant='normal', weight=700, stretch='normal', size='scalable')) = 11.335
DEBUG:matplotlib.font_manager:findfont: score(FontEntry(fname='/usr/share/fonts/truetype/tlwg/Kinnari-Oblique.ttf', name='Kinnari', style='oblique', variant='normal', weight=400, stretch='normal', size='scalable')) = 11.05
DEBUG:matplotlib.font_manager:findfont: score(FontEntry(fname='/usr/share/fonts/truetype/tlwg/Loma-Oblique.ttf', name='Loma', style='oblique', variant='normal', weight=400, stretch='normal', size='scalable')) = 11.05
DEBUG:matplotlib.font_manager:findfont: score(FontEntry(fname='/usr/share/fonts/truetype/Sarai/Sarai.ttf', name='Sarai', style='normal', variant='normal', weight=400, stretch='normal', size='scalable')) = 10.05
DEBUG:matplotlib.font_manager:findfont: score(FontEntry(fname='/usr/share/fonts/truetype/sinhala/lklug.ttf', name='LKLUG', style='normal', variant='normal', weight=400, stretch='normal', size='scalable')) = 10.05
DEBUG:matplotlib.font_manager:findfont: score(FontEntry(fname='/usr/share/fonts/truetype/liberation/LiberationSans-Italic.ttf', name='Liberation Sans', style='italic', variant='normal', weight=400, stretch='normal', size='scalable')) = 11.05
DEBUG:matplotlib.font_manager:findfont: score(FontEntry(fname='/usr/share/fonts/truetype/tlwg/Purisa-BoldOblique.ttf', name='Purisa', style='oblique', variant='normal', weight=700, stretch='normal', size='scalable')) = 11.335
DEBUG:matplotlib.font_manager:findfont: score(FontEntry(fname='/usr/share/fonts/truetype/liberation/LiberationSans-Bold.ttf', name='Liberation Sans', style='normal', variant='normal', weight=700, stretch='normal', size='scalable')) = 10.335
DEBUG:matplotlib.font_manager:findfont: score(FontEntry(fname='/usr/share/fonts/truetype/tlwg/Norasi-BoldItalic.ttf', name='Norasi', style='italic', variant='normal', weight=700, stretch='normal', size='scalable')) = 11.335
DEBUG:matplotlib.font_manager:findfont: score(FontEntry(fname='/usr/share/fonts/opentype/urw-base35/NimbusSans-Regular.otf', name='Nimbus Sans', style='normal', variant='normal', weight=400, stretch='normal', size='scalable')) = 10.05
DEBUG:matplotlib.font_manager:findfont: score(FontEntry(fname='/usr/share/fonts/truetype/tlwg/TlwgTypo-Bold.ttf', name='Tlwg Typo', style='normal', variant='normal', weight=700, stretch='normal', size='scalable')) = 10.335
DEBUG:matplotlib.font_manager:findfont: score(FontEntry(fname='/usr/share/fonts/truetype/teluguvijayam/LakkiReddy.ttf', name='LakkiReddy', style='normal', variant='normal', weight=400, stretch='normal', size='scalable')) = 10.05
DEBUG:matplotlib.font_manager:findfont: score(FontEntry(fname='/usr/share/fonts/truetype/abyssinica/AbyssinicaSIL-Regular.ttf', name='Abyssinica SIL', style='normal', variant='normal', weight=400, stretch='normal', size='scalable')) = 10.05
DEBUG:matplotlib.font_manager:findfont: score(FontEntry(fname='/usr/share/fonts/truetype/freefont/FreeSerifBoldItalic.ttf', name='FreeSerif', style='italic', variant='normal', weight=700, stretch='normal', size='scalable')) = 11.335
DEBUG:matplotlib.font_manager:findfont: score(FontEntry(fname='/usr/share/fonts/truetype/fonts-yrsa-rasa/Yrsa-Regular.ttf', name='Yrsa', style='normal', variant='normal', weight=400, stretch='normal', size='scalable')) = 10.05
DEBUG:matplotlib.font_manager:findfont: score(FontEntry(fname='/usr/share/fonts/truetype/tlwg/Umpush-LightOblique.ttf', name='Umpush', style='oblique', variant='normal', weight=300, stretch='normal', size='scalable')) = 11.145
DEBUG:matplotlib.font_manager:findfont: score(FontEntry(fname='/usr/share/fonts/truetype/freefont/FreeSansBold.ttf', name='FreeSans', style='normal', variant='normal', weight=600, stretch='normal', size='scalable')) = 10.24
DEBUG:matplotlib.font_manager:findfont: score(FontEntry(fname='/usr/share/fonts/truetype/liberation2/LiberationSans-BoldItalic.ttf', name='Liberation Sans', style='italic', variant='normal', weight=700, stretch='normal', size='scalable')) = 11.335
DEBUG:matplotlib.font_manager:findfont: score(FontEntry(fname='/usr/share/fonts/truetype/fonts-orya-extra/utkal.ttf', name='ori1Uni', style='normal', variant='normal', weight=500, stretch='normal', size='scalable')) = 10.145
DEBUG:matplotlib.font_manager:findfont: score(FontEntry(fname='/usr/share/fonts/truetype/tlwg/Norasi-Bold.ttf', name='Norasi', style='normal', variant='normal', weight=700, stretch='normal', size='scalable')) = 10.335
DEBUG:matplotlib.font_manager:findfont: score(FontEntry(fname='/usr/share/fonts/truetype/tlwg/TlwgTypist-BoldOblique.ttf', name='Tlwg Typist', style='oblique', variant='normal', weight=700, stretch='normal', size='scalable')) = 11.335
DEBUG:matplotlib.font_manager:findfont: score(FontEntry(fname='/usr/share/fonts/truetype/teluguvijayam/Gurajada.ttf', name='Gurajada', style='normal', variant='normal', weight=400, stretch='normal', size='scalable')) = 10.05
DEBUG:matplotlib.font_manager:findfont: score(FontEntry(fname='/usr/share/fonts/truetype/liberation2/LiberationMono-Bold.ttf', name='Liberation Mono', style='normal', variant='normal', weight=700, stretch='normal', size='scalable')) = 10.335
DEBUG:matplotlib.font_manager:findfont: score(FontEntry(fname='/usr/share/fonts/truetype/lao/Phetsarath_OT.ttf', name='Phetsarath OT', style='normal', variant='normal', weight=400, stretch='normal', size='scalable')) = 10.05
DEBUG:matplotlib.font_manager:findfont: score(FontEntry(fname='/usr/share/fonts/opentype/noto/NotoSansCJK-Regular.ttc', name='Noto Sans CJK JP', style='normal', variant='normal', weight=400, stretch='normal', size='scalable')) = 10.05
DEBUG:matplotlib.font_manager:findfont: score(FontEntry(fname='/usr/share/fonts/opentype/malayalam/Chilanka-Regular.otf', name='Chilanka', style='normal', variant='normal', weight=400, stretch='normal', size='scalable')) = 10.05
DEBUG:matplotlib.font_manager:findfont: score(FontEntry(fname='/usr/share/fonts/truetype/fonts-beng-extra/Mukti.ttf', name='Mukti', style='normal', variant='normal', weight=500, stretch='normal', size='scalable')) = 10.145
DEBUG:matplotlib.font_manager:findfont: score(FontEntry(fname='/usr/share/fonts/opentype/malayalam/Gayathri-Regular.otf', name='Gayathri', style='normal', variant='normal', weight=400, stretch='normal', size='scalable')) = 10.05
DEBUG:matplotlib.font_manager:findfont: score(FontEntry(fname='/usr/share/fonts/truetype/liberation/LiberationSans-BoldItalic.ttf', name='Liberation Sans', style='italic', variant='normal', weight=700, stretch='normal', size='scalable')) = 11.335
DEBUG:matplotlib.font_manager:findfont: score(FontEntry(fname='/usr/share/fonts/truetype/fonts-yrsa-rasa/Rasa-Bold.ttf', name='Rasa', style='normal', variant='normal', weight=700, stretch='normal', size='scalable')) = 10.335
DEBUG:matplotlib.font_manager:findfont: score(FontEntry(fname='/usr/share/fonts/opentype/noto/NotoSerifCJK-Bold.ttc', name='Noto Serif CJK JP', style='normal', variant='normal', weight=700, stretch='normal', size='scalable')) = 10.335
DEBUG:matplotlib.font_manager:findfont: score(FontEntry(fname='/usr/share/fonts/truetype/liberation/LiberationSerif-Italic.ttf', name='Liberation Serif', style='italic', variant='normal', weight=400, stretch='normal', size='scalable')) = 11.05
DEBUG:matplotlib.font_manager:findfont: score(FontEntry(fname='/usr/share/fonts/truetype/liberation2/LiberationSerif-Regular.ttf', name='Liberation Serif', style='normal', variant='normal', weight=400, stretch='normal', size='scalable')) = 10.05
DEBUG:matplotlib.font_manager:findfont: score(FontEntry(fname='/usr/share/fonts/truetype/tlwg/Purisa-Bold.ttf', name='Purisa', style='normal', variant='normal', weight=700, stretch='normal', size='scalable')) = 10.335
DEBUG:matplotlib.font_manager:findfont: score(FontEntry(fname='/usr/share/fonts/truetype/kacst/KacstDigital.ttf', name='KacstDigital', style='normal', variant='normal', weight=500, stretch='normal', size='scalable')) = 10.145
DEBUG:matplotlib.font_manager:findfont: score(FontEntry(fname='/usr/share/fonts/truetype/tlwg/Umpush-Bold.ttf', name='Umpush', style='normal', variant='normal', weight=700, stretch='normal', size='scalable')) = 10.335
DEBUG:matplotlib.font_manager:findfont: score(FontEntry(fname='/usr/share/fonts/truetype/lohit-bengali/Lohit-Bengali.ttf', name='Lohit Bengali', style='normal', variant='normal', weight=400, stretch='normal', size='scalable')) = 10.05
DEBUG:matplotlib.font_manager:findfont: score(FontEntry(fname='/usr/share/fonts/truetype/tlwg/Garuda-Bold.ttf', name='Garuda', style='normal', variant='normal', weight=700, stretch='normal', size='scalable')) = 10.335
DEBUG:matplotlib.font_manager:findfont: score(FontEntry(fname='/usr/share/fonts/truetype/liberation2/LiberationMono-Italic.ttf', name='Liberation Mono', style='italic', variant='normal', weight=400, stretch='normal', size='scalable')) = 11.05
DEBUG:matplotlib.font_manager:findfont: score(FontEntry(fname='/usr/share/fonts/truetype/malayalam/AnjaliOldLipi-Regular.ttf', name='AnjaliOldLipi', style='normal', variant='normal', weight=400, stretch='normal', size='scalable')) = 10.05
DEBUG:matplotlib.font_manager:findfont: score(FontEntry(fname='/usr/share/fonts/truetype/tlwg/Waree.ttf', name='Waree', style='normal', variant='normal', weight=400, stretch='normal', size='scalable')) = 10.05
DEBUG:matplotlib.font_manager:findfont: score(FontEntry(fname='/usr/share/fonts/truetype/tlwg/TlwgTypewriter.ttf', name='Tlwg Typewriter', style='normal', variant='normal', weight=400, stretch='normal', size='scalable')) = 10.05
DEBUG:matplotlib.font_manager:findfont: score(FontEntry(fname='/usr/share/fonts/truetype/teluguvijayam/PottiSreeramulu.ttf', name='Potti Sreeramulu', style='normal', variant='normal', weight=400, stretch='normal', size='scalable')) = 10.05
DEBUG:matplotlib.font_manager:findfont: score(FontEntry(fname='/usr/share/fonts/truetype/teluguvijayam/mallanna.ttf', name='Mallanna', style='normal', variant='normal', weight=400, stretch='normal', size='scalable')) = 10.05
DEBUG:matplotlib.font_manager:findfont: score(FontEntry(fname='/usr/share/fonts/truetype/ubuntu/UbuntuMono-R.ttf', name='Ubuntu Mono', style='normal', variant='normal', weight=400, stretch='normal', size='scalable')) = 10.05
DEBUG:matplotlib.font_manager:findfont: score(FontEntry(fname='/usr/share/fonts/opentype/urw-base35/C059-BdIta.otf', name='C059', style='italic', variant='normal', weight=700, stretch='normal', size='scalable')) = 11.335
DEBUG:matplotlib.font_manager:findfont: score(FontEntry(fname='/usr/share/fonts/truetype/padauk/PadaukBook-Bold.ttf', name='Padauk Book', style='normal', variant='normal', weight=700, stretch='normal', size='scalable')) = 10.335
DEBUG:matplotlib.font_manager:findfont: score(FontEntry(fname='/usr/share/fonts/truetype/dejavu/DejaVuSansMono-Oblique.ttf', name='DejaVu Sans Mono', style='oblique', variant='normal', weight=400, stretch='normal', size='scalable')) = 11.05
DEBUG:matplotlib.font_manager:findfont: score(FontEntry(fname='/usr/share/fonts/truetype/fonts-yrsa-rasa/Rasa-SemiBold.ttf', name='Rasa', style='normal', variant='normal', weight=600, stretch='normal', size='scalable')) = 10.24
DEBUG:matplotlib.font_manager:findfont: score(FontEntry(fname='/usr/share/fonts/truetype/ubuntu/Ubuntu-Th.ttf', name='Ubuntu', style='normal', variant='normal', weight=250, stretch='normal', size='scalable')) = 10.1925
DEBUG:matplotlib.font_manager:findfont: score(FontEntry(fname='/usr/share/fonts/truetype/fonts-telu-extra/Pothana2000.ttf', name='Pothana2000', style='normal', variant='normal', weight=400, stretch='normal', size='scalable')) = 10.05
DEBUG:matplotlib.font_manager:findfont: score(FontEntry(fname='/usr/share/fonts/truetype/liberation/LiberationSerif-BoldItalic.ttf', name='Liberation Serif', style='italic', variant='normal', weight=700, stretch='normal', size='scalable')) = 11.335
DEBUG:matplotlib.font_manager:findfont: score(FontEntry(fname='/usr/share/fonts/truetype/kacst-one/KacstOne-Bold.ttf', name='KacstOne', style='normal', variant='normal', weight=700, stretch='normal', size='scalable')) = 10.335
DEBUG:matplotlib.font_manager:findfont: score(FontEntry(fname='/usr/share/fonts/truetype/freefont/FreeMonoOblique.ttf', name='FreeMono', style='oblique', variant='normal', weight=400, stretch='normal', size='scalable')) = 11.05
DEBUG:matplotlib.font_manager:findfont: score(FontEntry(fname='/usr/share/fonts/truetype/tlwg/TlwgMono-Oblique.ttf', name='Tlwg Mono', style='oblique', variant='normal', weight=400, stretch='normal', size='scalable')) = 11.05
DEBUG:matplotlib.font_manager:findfont: score(FontEntry(fname='/usr/share/fonts/truetype/tlwg/Garuda.ttf', name='Garuda', style='normal', variant='normal', weight=400, stretch='normal', size='scalable')) = 10.05
DEBUG:matplotlib.font_manager:findfont: score(FontEntry(fname='/usr/share/fonts/truetype/freefont/FreeSansBoldOblique.ttf', name='FreeSans', style='oblique', variant='normal', weight=600, stretch='normal', size='scalable')) = 11.24
DEBUG:matplotlib.font_manager:findfont: score(FontEntry(fname='/usr/share/fonts/truetype/freefont/FreeSans.ttf', name='FreeSans', style='normal', variant='normal', weight=400, stretch='normal', size='scalable')) = 10.05
DEBUG:matplotlib.font_manager:findfont: score(FontEntry(fname='/usr/share/fonts/truetype/tlwg/Norasi-BoldOblique.ttf', name='Norasi', style='oblique', variant='normal', weight=700, stretch='normal', size='scalable')) = 11.335
DEBUG:matplotlib.font_manager:findfont: score(FontEntry(fname='/usr/share/fonts/truetype/dejavu/DejaVuSansMono.ttf', name='DejaVu Sans Mono', style='normal', variant='normal', weight=400, stretch='normal', size='scalable')) = 10.05
DEBUG:matplotlib.font_manager:findfont: score(FontEntry(fname='/usr/share/fonts/truetype/fonts-yrsa-rasa/Yrsa-BoldItalic.ttf', name='Yrsa', style='italic', variant='normal', weight=700, stretch='normal', size='scalable')) = 11.335
DEBUG:matplotlib.font_manager:findfont: score(FontEntry(fname='/usr/share/fonts/truetype/samyak-fonts/Samyak-Malayalam.ttf', name='Samyak Malayalam', style='normal', variant='normal', weight=400, stretch='normal', size='scalable')) = 10.05
DEBUG:matplotlib.font_manager:findfont: score(FontEntry(fname='/usr/share/fonts/truetype/malayalam/Uroob-Regular.ttf', name='Uroob', style='normal', variant='normal', weight=400, stretch='normal', size='scalable')) = 10.05
DEBUG:matplotlib.font_manager:findfont: score(FontEntry(fname='/usr/share/fonts/opentype/urw-base35/NimbusRoman-Italic.otf', name='Nimbus Roman', style='italic', variant='normal', weight=400, stretch='normal', size='scalable')) = 11.05
DEBUG:matplotlib.font_manager:findfont: score(FontEntry(fname='/usr/share/fonts/truetype/fonts-yrsa-rasa/Yrsa-Light.ttf', name='Yrsa', style='normal', variant='normal', weight=300, stretch='normal', size='scalable')) = 10.145
DEBUG:matplotlib.font_manager:findfont: score(FontEntry(fname='/usr/share/fonts/truetype/ubuntu/UbuntuMono-RI.ttf', name='Ubuntu Mono', style='italic', variant='normal', weight=400, stretch='normal', size='scalable')) = 11.05
DEBUG:matplotlib.font_manager:findfont: score(FontEntry(fname='/usr/share/fonts/opentype/malayalam/Manjari-Thin.otf', name='Manjari', style='normal', variant='normal', weight=100, stretch='normal', size='scalable')) = 10.335
DEBUG:matplotlib.font_manager:findfont: score(FontEntry(fname='/usr/share/fonts/truetype/liberation/LiberationSerif-Bold.ttf', name='Liberation Serif', style='normal', variant='normal', weight=700, stretch='normal', size='scalable')) = 10.335
DEBUG:matplotlib.font_manager:findfont: score(FontEntry(fname='/usr/share/fonts/opentype/urw-base35/NimbusRoman-Bold.otf', name='Nimbus Roman', style='normal', variant='normal', weight=700, stretch='normal', size='scalable')) = 10.335
DEBUG:matplotlib.font_manager:findfont: score(FontEntry(fname='/usr/share/fonts/truetype/dejavu/DejaVuSansCondensed.ttf', name='DejaVu Sans', style='normal', variant='normal', weight=400, stretch='condensed', size='scalable')) = 0.25
DEBUG:matplotlib.font_manager:findfont: score(FontEntry(fname='/usr/share/fonts/truetype/lohit-tamil/Lohit-Tamil.ttf', name='Lohit Tamil', style='normal', variant='normal', weight=400, stretch='normal', size='scalable')) = 10.05
DEBUG:matplotlib.font_manager:findfont: score(FontEntry(fname='/usr/share/fonts/truetype/tlwg/Sawasdee-BoldOblique.ttf', name='Sawasdee', style='oblique', variant='normal', weight=700, stretch='normal', size='scalable')) = 11.335
DEBUG:matplotlib.font_manager:findfont: score(FontEntry(fname='/usr/share/fonts/truetype/tlwg/TlwgMono.ttf', name='Tlwg Mono', style='normal', variant='normal', weight=400, stretch='normal', size='scalable')) = 10.05
DEBUG:matplotlib.font_manager:findfont: score(FontEntry(fname='/usr/share/fonts/opentype/urw-base35/NimbusSansNarrow-Bold.otf', name='Nimbus Sans Narrow', style='normal', variant='normal', weight=700, stretch='condensed', size='scalable')) = 10.535
DEBUG:matplotlib.font_manager:findfont: score(FontEntry(fname='/usr/share/fonts/truetype/lohit-tamil-classical/Lohit-Tamil-Classical.ttf', name='Lohit Tamil Classical', style='normal', variant='normal', weight=400, stretch='normal', size='scalable')) = 10.05
DEBUG:matplotlib.font_manager:findfont: score(FontEntry(fname='/usr/share/fonts/opentype/urw-base35/URWGothic-Demi.otf', name='URW Gothic', style='normal', variant='normal', weight=600, stretch='normal', size='scalable')) = 10.24
DEBUG:matplotlib.font_manager:findfont: score(FontEntry(fname='/usr/share/fonts/truetype/fonts-deva-extra/chandas1-2.ttf', name='Chandas', style='normal', variant='normal', weight=400, stretch='normal', size='scalable')) = 10.05
DEBUG:matplotlib.font_manager:findfont: score(FontEntry(fname='/usr/share/fonts/truetype/tlwg/Loma.ttf', name='Loma', style='normal', variant='normal', weight=400, stretch='normal', size='scalable')) = 10.05
DEBUG:matplotlib.font_manager:findfont: score(FontEntry(fname='/usr/share/fonts/truetype/dejavu/DejaVuSans-Bold.ttf', name='DejaVu Sans', style='normal', variant='normal', weight=700, stretch='normal', size='scalable')) = 0.33499999999999996
DEBUG:matplotlib.font_manager:findfont: score(FontEntry(fname='/usr/share/fonts/truetype/kacst/KacstScreen.ttf', name='KacstScreen', style='normal', variant='normal', weight=500, stretch='normal', size='scalable')) = 10.145
DEBUG:matplotlib.font_manager:findfont: score(FontEntry(fname='/usr/share/fonts/truetype/dejavu/DejaVuSerif-Italic.ttf', name='DejaVu Serif', style='italic', variant='normal', weight=400, stretch='normal', size='scalable')) = 11.05
DEBUG:matplotlib.font_manager:findfont: score(FontEntry(fname='/usr/share/fonts/truetype/lohit-malayalam/Lohit-Malayalam.ttf', name='Lohit Malayalam', style='normal', variant='normal', weight=400, stretch='normal', size='scalable')) = 10.05
DEBUG:matplotlib.font_manager:findfont: score(FontEntry(fname='/usr/share/fonts/opentype/urw-base35/NimbusSans-BoldItalic.otf', name='Nimbus Sans', style='italic', variant='normal', weight=700, stretch='normal', size='scalable')) = 11.335
DEBUG:matplotlib.font_manager:findfont: score(FontEntry(fname='/usr/share/fonts/truetype/fonts-gujr-extra/padmaa-Medium-0.5.ttf', name='padmaa', style='normal', variant='normal', weight=500, stretch='normal', size='scalable')) = 10.145
DEBUG:matplotlib.font_manager:findfont: score(FontEntry(fname='/usr/share/fonts/truetype/teluguvijayam/Mandali-Regular.ttf', name='Mandali', style='normal', variant='normal', weight=400, stretch='normal', size='scalable')) = 10.05
DEBUG:matplotlib.font_manager:findfont: score(FontEntry(fname='/usr/share/fonts/truetype/kacst/KacstTitleL.ttf', name='KacstTitleL', style='normal', variant='normal', weight=400, stretch='normal', size='scalable')) = 10.05
DEBUG:matplotlib.font_manager:findfont: score(FontEntry(fname='/usr/share/fonts/opentype/urw-base35/NimbusMonoPS-BoldItalic.otf', name='Nimbus Mono PS', style='italic', variant='normal', weight=700, stretch='normal', size='scalable')) = 11.335
DEBUG:matplotlib.font_manager:findfont: score(FontEntry(fname='/usr/share/fonts/truetype/kacst/KacstDecorative.ttf', name='KacstDecorative', style='normal', variant='normal', weight=500, stretch='normal', size='scalable')) = 10.145
DEBUG:matplotlib.font_manager:findfont: score(FontEntry(fname='/usr/share/fonts/truetype/ubuntu/Ubuntu-BI.ttf', name='Ubuntu', style='italic', variant='normal', weight=700, stretch='normal', size='scalable')) = 11.335
DEBUG:matplotlib.font_manager:findfont: score(FontEntry(fname='/usr/share/fonts/opentype/urw-base35/URWGothic-Book.otf', name='URW Gothic', style='normal', variant='normal', weight=400, stretch='normal', size='scalable')) = 10.05
DEBUG:matplotlib.font_manager:findfont: score(FontEntry(fname='/usr/share/fonts/truetype/tlwg/TlwgTypist.ttf', name='Tlwg Typist', style='normal', variant='normal', weight=400, stretch='normal', size='scalable')) = 10.05
DEBUG:matplotlib.font_manager:findfont: score(FontEntry(fname='/usr/share/fonts/truetype/freefont/FreeSansOblique.ttf', name='FreeSans', style='oblique', variant='normal', weight=400, stretch='normal', size='scalable')) = 11.05
DEBUG:matplotlib.font_manager:findfont: score(FontEntry(fname='/usr/share/fonts/truetype/liberation/LiberationMono-Bold.ttf', name='Liberation Mono', style='normal', variant='normal', weight=700, stretch='normal', size='scalable')) = 10.335
DEBUG:matplotlib.font_manager:findfont: score(FontEntry(fname='/usr/share/fonts/truetype/teluguvijayam/RaviPrakash.ttf', name='RaviPrakash', style='normal', variant='normal', weight=400, stretch='normal', size='scalable')) = 10.05
DEBUG:matplotlib.font_manager:findfont: score(FontEntry(fname='/usr/share/fonts/truetype/lohit-gujarati/Lohit-Gujarati.ttf', name='Lohit Gujarati', style='normal', variant='normal', weight=400, stretch='normal', size='scalable')) = 10.05
DEBUG:matplotlib.font_manager:findfont: score(FontEntry(fname='/usr/share/fonts/truetype/fonts-yrsa-rasa/Yrsa-SemiBoldItalic.ttf', name='Yrsa', style='italic', variant='normal', weight=600, stretch='normal', size='scalable')) = 11.24
DEBUG:matplotlib.font_manager:findfont: score(FontEntry(fname='/usr/share/fonts/truetype/tibetan-machine/TibetanMachineUni.ttf', name='Tibetan Machine Uni', style='normal', variant='normal', weight=400, stretch='normal', size='scalable')) = 10.05
DEBUG:matplotlib.font_manager:findfont: score(FontEntry(fname='/usr/share/fonts/opentype/urw-base35/NimbusRoman-Regular.otf', name='Nimbus Roman', style='normal', variant='normal', weight=400, stretch='normal', size='scalable')) = 10.05
DEBUG:matplotlib.font_manager:findfont: score(FontEntry(fname='/usr/share/fonts/truetype/malayalam/Suruma.ttf', name='Suruma', style='normal', variant='normal', weight=500, stretch='normal', size='scalable')) = 10.145
DEBUG:matplotlib.font_manager:findfont: score(FontEntry(fname='/usr/share/fonts/truetype/Nakula/nakula.ttf', name='Nakula', style='normal', variant='normal', weight=400, stretch='normal', size='scalable')) = 10.05
DEBUG:matplotlib.font_manager:findfont: score(FontEntry(fname='/usr/share/fonts/truetype/dejavu/DejaVuSansCondensed-Oblique.ttf', name='DejaVu Sans', style='oblique', variant='normal', weight=400, stretch='condensed', size='scalable')) = 1.25
DEBUG:matplotlib.font_manager:findfont: score(FontEntry(fname='/usr/share/fonts/truetype/fonts-gujr-extra/Rekha.ttf', name='Rekha', style='normal', variant='normal', weight=500, stretch='normal', size='scalable')) = 10.145
DEBUG:matplotlib.font_manager:findfont: score(FontEntry(fname='/usr/share/fonts/truetype/fonts-beng-extra/LikhanNormal.ttf', name='Likhan', style='normal', variant='normal', weight=500, stretch='normal', size='scalable')) = 10.145
DEBUG:matplotlib.font_manager:findfont: score(FontEntry(fname='/usr/share/fonts/truetype/liberation/LiberationSansNarrow-Italic.ttf', name='Liberation Sans Narrow', style='italic', variant='normal', weight=400, stretch='condensed', size='scalable')) = 11.25
DEBUG:matplotlib.font_manager:findfont: score(FontEntry(fname='/usr/share/fonts/truetype/ubuntu/Ubuntu-RI.ttf', name='Ubuntu', style='italic', variant='normal', weight=400, stretch='normal', size='scalable')) = 11.05
DEBUG:matplotlib.font_manager:findfont: score(FontEntry(fname='/usr/share/fonts/truetype/tlwg/TlwgTypewriter-BoldOblique.ttf', name='Tlwg Typewriter', style='oblique', variant='normal', weight=700, stretch='normal', size='scalable')) = 11.335
DEBUG:matplotlib.font_manager:findfont: score(FontEntry(fname='/usr/share/fonts/truetype/malayalam/RaghuMalayalamSans-Regular.ttf', name='RaghuMalayalamSans', style='normal', variant='normal', weight=400, stretch='normal', size='scalable')) = 10.05
DEBUG:matplotlib.font_manager:findfont: score(FontEntry(fname='/usr/share/fonts/truetype/liberation/LiberationMono-BoldItalic.ttf', name='Liberation Mono', style='italic', variant='normal', weight=700, stretch='normal', size='scalable')) = 11.335
DEBUG:matplotlib.font_manager:findfont: score(FontEntry(fname='/usr/share/fonts/truetype/tlwg/TlwgTypo-Oblique.ttf', name='Tlwg Typo', style='oblique', variant='normal', weight=400, stretch='normal', size='scalable')) = 11.05
DEBUG:matplotlib.font_manager:findfont: score(FontEntry(fname='/usr/share/fonts/truetype/fonts-yrsa-rasa/Yrsa-MediumItalic.ttf', name='Yrsa', style='italic', variant='normal', weight=500, stretch='normal', size='scalable')) = 11.145
DEBUG:matplotlib.font_manager:findfont: score(FontEntry(fname='/usr/share/fonts/truetype/fonts-deva-extra/kalimati.ttf', name='Kalimati', style='normal', variant='normal', weight=400, stretch='normal', size='scalable')) = 10.05
DEBUG:matplotlib.font_manager:findfont: score(FontEntry(fname='/usr/share/fonts/truetype/liberation2/LiberationSerif-Bold.ttf', name='Liberation Serif', style='normal', variant='normal', weight=700, stretch='normal', size='scalable')) = 10.335
DEBUG:matplotlib.font_manager:findfont: score(FontEntry(fname='/usr/share/fonts/opentype/malayalam/Gayathri-Thin.otf', name='Gayathri', style='normal', variant='normal', weight=100, stretch='normal', size='scalable')) = 10.335
DEBUG:matplotlib.font_manager:findfont: score(FontEntry(fname='/usr/share/fonts/truetype/tlwg/Kinnari-Italic.ttf', name='Kinnari', style='italic', variant='normal', weight=400, stretch='normal', size='scalable')) = 11.05
DEBUG:matplotlib.font_manager:findfont: score(FontEntry(fname='/usr/share/fonts/opentype/noto/NotoSerifCJK-Regular.ttc', name='Noto Serif CJK JP', style='normal', variant='normal', weight=400, stretch='normal', size='scalable')) = 10.05
DEBUG:matplotlib.font_manager:findfont: score(FontEntry(fname='/usr/share/fonts/truetype/kacst/KacstBook.ttf', name='KacstBook', style='normal', variant='normal', weight=500, stretch='normal', size='scalable')) = 10.145
DEBUG:matplotlib.font_manager:findfont: score(FontEntry(fname='/usr/share/fonts/truetype/fonts-yrsa-rasa/Yrsa-LightItalic.ttf', name='Yrsa', style='italic', variant='normal', weight=300, stretch='normal', size='scalable')) = 11.145
DEBUG:matplotlib.font_manager:findfont: score(FontEntry(fname='/usr/share/fonts/truetype/teluguvijayam/suranna.ttf', name='Suranna', style='normal', variant='normal', weight=400, stretch='normal', size='scalable')) = 10.05
DEBUG:matplotlib.font_manager:findfont: score(FontEntry(fname='/usr/share/fonts/truetype/teluguvijayam/Ponnala.ttf', name='Ponnala', style='normal', variant='normal', weight=400, stretch='normal', size='scalable')) = 10.05
DEBUG:matplotlib.font_manager:findfont: score(FontEntry(fname='/usr/share/fonts/truetype/ubuntu/Ubuntu-C.ttf', name='Ubuntu Condensed', style='normal', variant='normal', weight=400, stretch='condensed', size='scalable')) = 10.25
DEBUG:matplotlib.font_manager:findfont: score(FontEntry(fname='/usr/share/fonts/opentype/urw-base35/P052-Bold.otf', name='P052', style='normal', variant='normal', weight=700, stretch='normal', size='scalable')) = 10.335
DEBUG:matplotlib.font_manager:findfont: score(FontEntry(fname='/usr/share/fonts/opentype/urw-base35/StandardSymbolsPS.otf', name='Standard Symbols PS', style='normal', variant='normal', weight=400, stretch='normal', size='scalable')) = 10.05
DEBUG:matplotlib.font_manager:findfont: score(FontEntry(fname='/usr/share/fonts/opentype/urw-base35/NimbusSansNarrow-BoldOblique.otf', name='Nimbus Sans Narrow', style='oblique', variant='normal', weight=700, stretch='condensed', size='scalable')) = 11.535
DEBUG:matplotlib.font_manager:findfont: score(FontEntry(fname='/usr/share/fonts/truetype/fonts-yrsa-rasa/Rasa-Medium.ttf', name='Rasa', style='normal', variant='normal', weight=500, stretch='normal', size='scalable')) = 10.145
DEBUG:matplotlib.font_manager:findfont: score(FontEntry(fname='/usr/share/fonts/truetype/dejavu/DejaVuSansCondensed-Bold.ttf', name='DejaVu Sans', style='normal', variant='normal', weight=700, stretch='condensed', size='scalable')) = 0.5349999999999999
DEBUG:matplotlib.font_manager:findfont: score(FontEntry(fname='/usr/share/fonts/truetype/kacst/KacstArt.ttf', name='KacstArt', style='normal', variant='normal', weight=500, stretch='normal', size='scalable')) = 10.145
DEBUG:matplotlib.font_manager:findfont: score(FontEntry(fname='/usr/share/fonts/truetype/tlwg/Sawasdee.ttf', name='Sawasdee', style='normal', variant='normal', weight=400, stretch='normal', size='scalable')) = 10.05
DEBUG:matplotlib.font_manager:findfont: score(FontEntry(fname='/usr/share/fonts/truetype/tlwg/Norasi.ttf', name='Norasi', style='normal', variant='normal', weight=400, stretch='normal', size='scalable')) = 10.05
DEBUG:matplotlib.font_manager:findfont: score(FontEntry(fname='/usr/share/fonts/truetype/droid/DroidSansFallbackFull.ttf', name='Droid Sans Fallback', style='normal', variant='normal', weight=400, stretch='normal', size='scalable')) = 10.05
DEBUG:matplotlib.font_manager:findfont: score(FontEntry(fname='/usr/share/fonts/truetype/fonts-yrsa-rasa/Yrsa-Bold.ttf', name='Yrsa', style='normal', variant='normal', weight=700, stretch='normal', size='scalable')) = 10.335
DEBUG:matplotlib.font_manager:findfont: score(FontEntry(fname='/usr/share/fonts/opentype/urw-base35/URWGothic-DemiOblique.otf', name='URW Gothic', style='oblique', variant='normal', weight=600, stretch='normal', size='scalable')) = 11.24
DEBUG:matplotlib.font_manager:findfont: score(FontEntry(fname='/usr/share/fonts/truetype/fonts-yrsa-rasa/Rasa-Light.ttf', name='Rasa', style='normal', variant='normal', weight=300, stretch='normal', size='scalable')) = 10.145
DEBUG:matplotlib.font_manager:findfont: score(FontEntry(fname='/usr/share/fonts/truetype/tlwg/Kinnari-Bold.ttf', name='Kinnari', style='normal', variant='normal', weight=700, stretch='normal', size='scalable')) = 10.335
DEBUG:matplotlib.font_manager:findfont: score(FontEntry(fname='/usr/share/fonts/truetype/fonts-gujr-extra/padmaa-Bold.1.1.ttf', name='padmaa-Bold.1.1', style='normal', variant='normal', weight=700, stretch='normal', size='scalable')) = 10.335
DEBUG:matplotlib.font_manager:findfont: score(FontEntry(fname='/usr/share/fonts/truetype/dejavu/DejaVuSansMono-Bold.ttf', name='DejaVu Sans Mono', style='normal', variant='normal', weight=700, stretch='normal', size='scalable')) = 10.335
DEBUG:matplotlib.font_manager:findfont: score(FontEntry(fname='/usr/share/fonts/truetype/dejavu/DejaVuSansMono-BoldOblique.ttf', name='DejaVu Sans Mono', style='oblique', variant='normal', weight=700, stretch='normal', size='scalable')) = 11.335
DEBUG:matplotlib.font_manager:findfont: score(FontEntry(fname='/usr/share/fonts/truetype/fonts-beng-extra/JamrulNormal.ttf', name='Jamrul', style='normal', variant='normal', weight=500, stretch='normal', size='scalable')) = 10.145
DEBUG:matplotlib.font_manager:findfont: score(FontEntry(fname='/usr/share/fonts/truetype/samyak-fonts/Samyak-Gujarati.ttf', name='Samyak Gujarati', style='normal', variant='normal', weight=500, stretch='normal', size='scalable')) = 10.145
DEBUG:matplotlib.font_manager:findfont: score(FontEntry(fname='/usr/share/fonts/truetype/liberation2/LiberationSans-Bold.ttf', name='Liberation Sans', style='normal', variant='normal', weight=700, stretch='normal', size='scalable')) = 10.335
DEBUG:matplotlib.font_manager:findfont: score(FontEntry(fname='/usr/share/fonts/truetype/malayalam/Rachana-Regular.ttf', name='Rachana', style='normal', variant='normal', weight=400, stretch='normal', size='scalable')) = 10.05
DEBUG:matplotlib.font_manager:findfont: score(FontEntry(fname='/usr/share/fonts/truetype/dejavu/DejaVuSans-Oblique.ttf', name='DejaVu Sans', style='oblique', variant='normal', weight=400, stretch='normal', size='scalable')) = 1.05
DEBUG:matplotlib.font_manager:findfont: score(FontEntry(fname='/usr/share/fonts/truetype/lohit-telugu/Lohit-Telugu.ttf', name='Lohit Telugu', style='normal', variant='normal', weight=400, stretch='normal', size='scalable')) = 10.05
DEBUG:matplotlib.font_manager:findfont: score(FontEntry(fname='/usr/share/fonts/opentype/urw-base35/URWBookman-LightItalic.otf', name='URW Bookman', style='italic', variant='normal', weight=300, stretch='normal', size='scalable')) = 11.145
DEBUG:matplotlib.font_manager:findfont: score(FontEntry(fname='/usr/share/fonts/truetype/dejavu/DejaVuSansCondensed-BoldOblique.ttf', name='DejaVu Sans', style='oblique', variant='normal', weight=700, stretch='condensed', size='scalable')) = 1.535
DEBUG:matplotlib.font_manager:findfont: score(FontEntry(fname='/usr/share/fonts/truetype/teluguvijayam/Suravaram.ttf', name='Suravaram', style='normal', variant='normal', weight=400, stretch='normal', size='scalable')) = 10.05
DEBUG:matplotlib.font_manager:findfont: score(FontEntry(fname='/usr/share/fonts/truetype/fonts-yrsa-rasa/Yrsa-Italic.ttf', name='Yrsa', style='italic', variant='normal', weight=400, stretch='normal', size='scalable')) = 11.05
DEBUG:matplotlib.font_manager:findfont: score(FontEntry(fname='/usr/share/fonts/truetype/lohit-assamese/Lohit-Assamese.ttf', name='Lohit Assamese', style='normal', variant='normal', weight=400, stretch='normal', size='scalable')) = 10.05
DEBUG:matplotlib.font_manager:findfont: score(FontEntry(fname='/usr/share/fonts/truetype/tlwg/Umpush-Oblique.ttf', name='Umpush', style='oblique', variant='normal', weight=400, stretch='normal', size='scalable')) = 11.05
DEBUG:matplotlib.font_manager:findfont: score(FontEntry(fname='/usr/share/fonts/truetype/tlwg/Loma-Bold.ttf', name='Loma', style='normal', variant='normal', weight=700, stretch='normal', size='scalable')) = 10.335
DEBUG:matplotlib.font_manager:findfont: score(FontEntry(fname='/usr/share/fonts/truetype/fonts-beng-extra/Muktibold.ttf', name='Mukti', style='normal', variant='normal', weight=700, stretch='normal', size='scalable')) = 10.335
DEBUG:matplotlib.font_manager:findfont: score(FontEntry(fname='/usr/share/fonts/truetype/dejavu/DejaVuSans-BoldOblique.ttf', name='DejaVu Sans', style='oblique', variant='normal', weight=700, stretch='normal', size='scalable')) = 1.335
DEBUG:matplotlib.font_manager:findfont: score(FontEntry(fname='/usr/share/fonts/truetype/padauk/Padauk-Bold.ttf', name='Padauk', style='normal', variant='normal', weight=700, stretch='normal', size='scalable')) = 10.335
DEBUG:matplotlib.font_manager:findfont: score(FontEntry(fname='/usr/share/fonts/truetype/Gargi/Gargi.ttf', name='Gargi', style='normal', variant='normal', weight=400, stretch='normal', size='scalable')) = 10.05
DEBUG:matplotlib.font_manager:findfont: score(FontEntry(fname='/usr/share/fonts/truetype/fonts-beng-extra/Ani.ttf', name='Ani', style='normal', variant='normal', weight=400, stretch='normal', size='scalable')) = 10.05
DEBUG:matplotlib.font_manager:findfont: score(FontEntry(fname='/usr/share/fonts/truetype/fonts-kalapi/Kalapi.ttf', name='Kalapi', style='normal', variant='normal', weight=400, stretch='normal', size='scalable')) = 10.05
DEBUG:matplotlib.font_manager:findfont: score(FontEntry(fname='/usr/share/fonts/truetype/freefont/FreeMonoBoldOblique.ttf', name='FreeMono', style='oblique', variant='normal', weight=700, stretch='normal', size='scalable')) = 11.335
DEBUG:matplotlib.font_manager:findfont: score(FontEntry(fname='/usr/share/fonts/truetype/lohit-punjabi/Lohit-Gurmukhi.ttf', name='Lohit Gurmukhi', style='normal', variant='normal', weight=400, stretch='normal', size='scalable')) = 10.05
DEBUG:matplotlib.font_manager:findfont: score(FontEntry(fname='/usr/share/fonts/opentype/urw-base35/URWBookman-Demi.otf', name='URW Bookman', style='normal', variant='normal', weight=600, stretch='normal', size='scalable')) = 10.24
DEBUG:matplotlib.font_manager:findfont: score(FontEntry(fname='/usr/share/fonts/truetype/tlwg/Kinnari.ttf', name='Kinnari', style='normal', variant='normal', weight=400, stretch='normal', size='scalable')) = 10.05
DEBUG:matplotlib.font_manager:findfont: score(FontEntry(fname='/usr/share/fonts/truetype/teluguvijayam/ramabhadra.ttf', name='Ramabhadra', style='normal', variant='normal', weight=400, stretch='normal', size='scalable')) = 10.05
DEBUG:matplotlib.font_manager:findfont: score(FontEntry(fname='/usr/share/fonts/truetype/kacst/KacstNaskh.ttf', name='KacstNaskh', style='normal', variant='normal', weight=500, stretch='normal', size='scalable')) = 10.145
DEBUG:matplotlib.font_manager:findfont: score(FontEntry(fname='/usr/share/fonts/truetype/liberation2/LiberationMono-Regular.ttf', name='Liberation Mono', style='normal', variant='normal', weight=400, stretch='normal', size='scalable')) = 10.05
DEBUG:matplotlib.font_manager:findfont: score(FontEntry(fname='/usr/share/fonts/truetype/padauk/PadaukBook-Regular.ttf', name='Padauk Book', style='normal', variant='normal', weight=400, stretch='normal', size='scalable')) = 10.05
DEBUG:matplotlib.font_manager:findfont: score(FontEntry(fname='/usr/share/fonts/truetype/tlwg/Laksaman-BoldItalic.ttf', name='Laksaman', style='italic', variant='normal', weight=700, stretch='normal', size='scalable')) = 11.335
DEBUG:matplotlib.font_manager:findfont: score(FontEntry(fname='/usr/share/fonts/truetype/ubuntu/UbuntuMono-B.ttf', name='Ubuntu Mono', style='normal', variant='normal', weight=700, stretch='normal', size='scalable')) = 10.335
DEBUG:matplotlib.font_manager:findfont: score(FontEntry(fname='/usr/share/fonts/truetype/dejavu/DejaVuSans-ExtraLight.ttf', name='DejaVu Sans', style='normal', variant='normal', weight=200, stretch='normal', size='scalable')) = 0.24
DEBUG:matplotlib.font_manager:findfont: score(FontEntry(fname='/usr/share/fonts/truetype/dejavu/DejaVuSerifCondensed-BoldItalic.ttf', name='DejaVu Serif', style='italic', variant='normal', weight=700, stretch='condensed', size='scalable')) = 11.535
DEBUG:matplotlib.font_manager:findfont: score(FontEntry(fname='/usr/share/fonts/truetype/teluguvijayam/Ramaraja-Regular.ttf', name='Ramaraja', style='normal', variant='normal', weight=400, stretch='normal', size='scalable')) = 10.05
DEBUG:matplotlib.font_manager:findfont: score(FontEntry(fname='/usr/share/fonts/truetype/teluguvijayam/NTR.ttf', name='NTR', style='normal', variant='normal', weight=400, stretch='normal', size='scalable')) = 10.05
DEBUG:matplotlib.font_manager:findfont: score(FontEntry(fname='/usr/share/fonts/opentype/urw-base35/NimbusMonoPS-Regular.otf', name='Nimbus Mono PS', style='normal', variant='normal', weight=400, stretch='normal', size='scalable')) = 10.05
DEBUG:matplotlib.font_manager:findfont: score(FontEntry(fname='/usr/share/fonts/truetype/kacst/mry_KacstQurn.ttf', name='mry_KacstQurn', style='normal', variant='normal', weight=400, stretch='normal', size='scalable')) = 10.05
DEBUG:matplotlib.font_manager:findfont: score(FontEntry(fname='/usr/share/fonts/truetype/tlwg/Sawasdee-Oblique.ttf', name='Sawasdee', style='oblique', variant='normal', weight=400, stretch='normal', size='scalable')) = 11.05
DEBUG:matplotlib.font_manager:findfont: score(FontEntry(fname='/usr/share/fonts/truetype/tlwg/TlwgMono-BoldOblique.ttf', name='Tlwg Mono', style='oblique', variant='normal', weight=700, stretch='normal', size='scalable')) = 11.335
DEBUG:matplotlib.font_manager:findfont: score(FontEntry(fname='/usr/share/fonts/truetype/malayalam/Rachana-Bold.ttf', name='Rachana', style='normal', variant='normal', weight=700, stretch='normal', size='scalable')) = 10.335
DEBUG:matplotlib.font_manager:findfont: score(FontEntry(fname='/usr/share/fonts/opentype/urw-base35/NimbusMonoPS-Bold.otf', name='Nimbus Mono PS', style='normal', variant='normal', weight=700, stretch='normal', size='scalable')) = 10.335
DEBUG:matplotlib.font_manager:findfont: score(FontEntry(fname='/usr/share/fonts/truetype/tlwg/Laksaman.ttf', name='Laksaman', style='normal', variant='normal', weight=400, stretch='normal', size='scalable')) = 10.05
DEBUG:matplotlib.font_manager:findfont: score(FontEntry(fname='/usr/share/fonts/opentype/urw-base35/P052-Italic.otf', name='P052', style='italic', variant='normal', weight=400, stretch='normal', size='scalable')) = 11.05
DEBUG:matplotlib.font_manager:findfont: score(FontEntry(fname='/usr/share/fonts/truetype/teluguvijayam/SreeKrushnadevaraya.ttf', name='Sree Krushnadevaraya', style='normal', variant='normal', weight=400, stretch='normal', size='scalable')) = 10.05
DEBUG:matplotlib.font_manager:findfont: score(FontEntry(fname='/usr/share/fonts/truetype/lohit-oriya/Lohit-Odia.ttf', name='Lohit Odia', style='normal', variant='normal', weight=400, stretch='normal', size='scalable')) = 10.05
DEBUG:matplotlib.font_manager:findfont: score(FontEntry(fname='/usr/share/fonts/opentype/urw-base35/C059-Roman.otf', name='C059', style='normal', variant='normal', weight=400, stretch='normal', size='scalable')) = 10.05
DEBUG:matplotlib.font_manager:findfont: score(FontEntry(fname='/usr/share/fonts/truetype/tlwg/Garuda-Oblique.ttf', name='Garuda', style='oblique', variant='normal', weight=400, stretch='normal', size='scalable')) = 11.05
DEBUG:matplotlib.font_manager:findfont: score(FontEntry(fname='/usr/share/fonts/truetype/fonts-guru-extra/Saab.ttf', name='Saab', style='normal', variant='normal', weight=400, stretch='normal', size='scalable')) = 10.05
DEBUG:matplotlib.font_manager:findfont: score(FontEntry(fname='/usr/share/fonts/truetype/Gubbi/Gubbi.ttf', name='Gubbi', style='normal', variant='normal', weight=400, stretch='normal', size='scalable')) = 10.05
DEBUG:matplotlib.font_manager:findfont: score(FontEntry(fname='/usr/share/fonts/truetype/tlwg/Waree-Bold.ttf', name='Waree', style='normal', variant='normal', weight=700, stretch='normal', size='scalable')) = 10.335
DEBUG:matplotlib.font_manager:findfont: score(FontEntry(fname='/usr/share/fonts/opentype/malayalam/Gayathri-Bold.otf', name='Gayathri', style='normal', variant='normal', weight=700, stretch='normal', size='scalable')) = 10.335
DEBUG:matplotlib.font_manager:findfont: score(FontEntry(fname='/usr/share/fonts/opentype/urw-base35/NimbusRoman-BoldItalic.otf', name='Nimbus Roman', style='italic', variant='normal', weight=700, stretch='normal', size='scalable')) = 11.335
DEBUG:matplotlib.font_manager:findfont: score(FontEntry(fname='/usr/share/fonts/truetype/fonts-yrsa-rasa/Yrsa-Medium.ttf', name='Yrsa', style='normal', variant='normal', weight=500, stretch='normal', size='scalable')) = 10.145
DEBUG:matplotlib.font_manager:findfont: score(FontEntry(fname='/usr/share/fonts/truetype/teluguvijayam/TimmanaRegular.ttf', name='Timmana', style='normal', variant='normal', weight=900, stretch='normal', size='scalable')) = 10.525
DEBUG:matplotlib.font_manager:findfont: score(FontEntry(fname='/usr/share/fonts/truetype/tlwg/Laksaman-Bold.ttf', name='Laksaman', style='normal', variant='normal', weight=700, stretch='normal', size='scalable')) = 10.335
DEBUG:matplotlib.font_manager:findfont: score(FontEntry(fname='/usr/share/fonts/truetype/fonts-beng-extra/MitraMono.ttf', name='Mitra ', style='normal', variant='normal', weight=400, stretch='normal', size='scalable')) = 10.05
DEBUG:matplotlib.font_manager:findfont: score(FontEntry(fname='/usr/share/fonts/opentype/urw-base35/C059-Italic.otf', name='C059', style='italic', variant='normal', weight=400, stretch='normal', size='scalable')) = 11.05
DEBUG:matplotlib.font_manager:findfont: score(FontEntry(fname='/usr/share/fonts/truetype/dejavu/DejaVuSerif.ttf', name='DejaVu Serif', style='normal', variant='normal', weight=400, stretch='normal', size='scalable')) = 10.05
DEBUG:matplotlib.font_manager:findfont: score(FontEntry(fname='/usr/share/fonts/truetype/freefont/FreeSerif.ttf', name='FreeSerif', style='normal', variant='normal', weight=400, stretch='normal', size='scalable')) = 10.05
DEBUG:matplotlib.font_manager:findfont: score(FontEntry(fname='/usr/share/fonts/truetype/liberation/LiberationMono-Italic.ttf', name='Liberation Mono', style='italic', variant='normal', weight=400, stretch='normal', size='scalable')) = 11.05
DEBUG:matplotlib.font_manager:findfont: score(FontEntry(fname='/usr/share/fonts/truetype/liberation/LiberationMono-Regular.ttf', name='Liberation Mono', style='normal', variant='normal', weight=400, stretch='normal', size='scalable')) = 10.05
DEBUG:matplotlib.font_manager:findfont: score(FontEntry(fname='/usr/share/fonts/truetype/teluguvijayam/Gidugu.ttf', name='Gidugu', style='normal', variant='normal', weight=400, stretch='normal', size='scalable')) = 10.05
DEBUG:matplotlib.font_manager:findfont: score(FontEntry(fname='/usr/share/fonts/opentype/urw-base35/NimbusMonoPS-Italic.otf', name='Nimbus Mono PS', style='italic', variant='normal', weight=400, stretch='normal', size='scalable')) = 11.05
DEBUG:matplotlib.font_manager:findfont: score(FontEntry(fname='/usr/share/fonts/truetype/ubuntu/Ubuntu-M.ttf', name='Ubuntu', style='normal', variant='normal', weight=500, stretch='normal', size='scalable')) = 10.145
DEBUG:matplotlib.font_manager:findfont: score(FontEntry(fname='/usr/share/fonts/truetype/tlwg/Norasi-Oblique.ttf', name='Norasi', style='oblique', variant='normal', weight=400, stretch='normal', size='scalable')) = 11.05
DEBUG:matplotlib.font_manager:findfont: score(FontEntry(fname='/usr/share/fonts/truetype/tlwg/Loma-BoldOblique.ttf', name='Loma', style='oblique', variant='normal', weight=700, stretch='normal', size='scalable')) = 11.335
DEBUG:matplotlib.font_manager:findfont: score(FontEntry(fname='/usr/share/fonts/truetype/dejavu/DejaVuSerifCondensed.ttf', name='DejaVu Serif', style='normal', variant='normal', weight=400, stretch='condensed', size='scalable')) = 10.25
DEBUG:matplotlib.font_manager:findfont: score(FontEntry(fname='/usr/share/fonts/truetype/freefont/FreeMono.ttf', name='FreeMono', style='normal', variant='normal', weight=400, stretch='normal', size='scalable')) = 10.05
DEBUG:matplotlib.font_manager:findfont: score(FontEntry(fname='/usr/share/fonts/truetype/malayalam/Meera-Regular.ttf', name='Meera', style='normal', variant='normal', weight=400, stretch='normal', size='scalable')) = 10.05
DEBUG:matplotlib.font_manager:findfont: score(FontEntry(fname='/usr/share/fonts/truetype/fonts-yrsa-rasa/Rasa-Regular.ttf', name='Rasa', style='normal', variant='normal', weight=400, stretch='normal', size='scalable')) = 10.05
DEBUG:matplotlib.font_manager:findfont: score(FontEntry(fname='/usr/share/fonts/truetype/liberation2/LiberationMono-BoldItalic.ttf', name='Liberation Mono', style='italic', variant='normal', weight=700, stretch='normal', size='scalable')) = 11.335
DEBUG:matplotlib.font_manager:findfont: score(FontEntry(fname='/usr/share/fonts/truetype/dejavu/DejaVuSans.ttf', name='DejaVu Sans', style='normal', variant='normal', weight=400, stretch='normal', size='scalable')) = 0.05
DEBUG:matplotlib.font_manager:findfont: score(FontEntry(fname='/usr/share/fonts/truetype/ubuntu/Ubuntu-B.ttf', name='Ubuntu', style='normal', variant='normal', weight=700, stretch='normal', size='scalable')) = 10.335
DEBUG:matplotlib.font_manager:findfont: score(FontEntry(fname='/usr/share/fonts/truetype/dejavu/DejaVuSerif-BoldItalic.ttf', name='DejaVu Serif', style='italic', variant='normal', weight=700, stretch='normal', size='scalable')) = 11.335
DEBUG:matplotlib.font_manager:findfont: score(FontEntry(fname='/usr/share/fonts/opentype/urw-base35/NimbusSans-Bold.otf', name='Nimbus Sans', style='normal', variant='normal', weight=700, stretch='normal', size='scalable')) = 10.335
DEBUG:matplotlib.font_manager:findfont: score(FontEntry(fname='/usr/share/fonts/truetype/tlwg/Purisa-Oblique.ttf', name='Purisa', style='oblique', variant='normal', weight=400, stretch='normal', size='scalable')) = 11.05
DEBUG:matplotlib.font_manager:findfont: score(FontEntry(fname='/usr/share/fonts/opentype/urw-base35/D050000L.otf', name='D050000L', style='normal', variant='normal', weight=400, stretch='normal', size='scalable')) = 10.05
DEBUG:matplotlib.font_manager:findfont: score(FontEntry(fname='/usr/share/fonts/truetype/teluguvijayam/SyamalaRamana.ttf', name='Syamala Ramana', style='normal', variant='normal', weight=400, stretch='normal', size='scalable')) = 10.05
DEBUG:matplotlib.font_manager:findfont: score(FontEntry(fname='/usr/share/fonts/truetype/tlwg/TlwgTypist-Bold.ttf', name='Tlwg Typist', style='normal', variant='normal', weight=700, stretch='normal', size='scalable')) = 10.335
DEBUG:matplotlib.font_manager:findfont: score(FontEntry(fname='/usr/share/fonts/truetype/tlwg/TlwgTypo.ttf', name='Tlwg Typo', style='normal', variant='normal', weight=400, stretch='normal', size='scalable')) = 10.05
DEBUG:matplotlib.font_manager:findfont: score(FontEntry(fname='/usr/share/fonts/truetype/ubuntu/Ubuntu-LI.ttf', name='Ubuntu', style='italic', variant='normal', weight=300, stretch='normal', size='scalable')) = 11.145
DEBUG:matplotlib.font_manager:findfont: score(FontEntry(fname='/usr/share/fonts/truetype/libreoffice/opens___.ttf', name='OpenSymbol', style='normal', variant='normal', weight=400, stretch='normal', size='scalable')) = 10.05
DEBUG:matplotlib.font_manager:findfont: score(FontEntry(fname='/usr/share/fonts/truetype/liberation/LiberationSansNarrow-Bold.ttf', name='Liberation Sans Narrow', style='normal', variant='normal', weight=700, stretch='condensed', size='scalable')) = 10.535
DEBUG:matplotlib.font_manager:findfont: score(FontEntry(fname='/usr/share/fonts/truetype/fonts-gujr-extra/padmaa.ttf', name='padmaa', style='normal', variant='normal', weight=500, stretch='normal', size='scalable')) = 10.145
DEBUG:matplotlib.font_manager:findfont: score(FontEntry(fname='/usr/share/fonts/truetype/ttf-khmeros-core/KhmerOS.ttf', name='Khmer OS', style='normal', variant='normal', weight=400, stretch='normal', size='scalable')) = 10.05
DEBUG:matplotlib.font_manager:findfont: score(FontEntry(fname='/usr/share/fonts/truetype/kacst-one/KacstOne.ttf', name='KacstOne', style='normal', variant='normal', weight=400, stretch='normal', size='scalable')) = 10.05
DEBUG:matplotlib.font_manager:findfont: score(FontEntry(fname='/usr/share/fonts/truetype/ubuntu/Ubuntu-L.ttf', name='Ubuntu', style='normal', variant='normal', weight=300, stretch='normal', size='scalable')) = 10.145
DEBUG:matplotlib.font_manager:findfont: score(FontEntry(fname='/usr/share/fonts/truetype/fonts-gujr-extra/aakar-medium.ttf', name='aakar', style='normal', variant='normal', weight=500, stretch='normal', size='scalable')) = 10.145
DEBUG:matplotlib.font_manager:findfont: score(FontEntry(fname='/usr/share/fonts/opentype/malayalam/Manjari-Bold.otf', name='Manjari', style='normal', variant='normal', weight=700, stretch='normal', size='scalable')) = 10.335
DEBUG:matplotlib.font_manager:findfont: score(FontEntry(fname='/usr/share/fonts/truetype/fonts-deva-extra/samanata.ttf', name='Samanata', style='normal', variant='normal', weight=400, stretch='normal', size='scalable')) = 10.05
DEBUG:matplotlib.font_manager:findfont: score(FontEntry(fname='/usr/share/fonts/truetype/noto/NotoMono-Regular.ttf', name='Noto Mono', style='normal', variant='normal', weight=400, stretch='normal', size='scalable')) = 10.05
DEBUG:matplotlib.font_manager:findfont: score(FontEntry(fname='/usr/share/fonts/truetype/teluguvijayam/TenaliRamakrishna-Regular.ttf', name='TenaliRamakrishna', style='normal', variant='normal', weight=400, stretch='normal', size='scalable')) = 10.05
DEBUG:matplotlib.font_manager:findfont: score(FontEntry(fname='/usr/share/fonts/truetype/teluguvijayam/NATS.ttf', name='NATS', style='normal', variant='normal', weight=400, stretch='normal', size='scalable')) = 10.05
DEBUG:matplotlib.font_manager:findfont: score(FontEntry(fname='/usr/share/fonts/truetype/freefont/FreeMonoBold.ttf', name='FreeMono', style='normal', variant='normal', weight=700, stretch='normal', size='scalable')) = 10.335
DEBUG:matplotlib.font_manager:findfont: score(FontEntry(fname='/usr/share/fonts/truetype/liberation/LiberationSansNarrow-Regular.ttf', name='Liberation Sans Narrow', style='normal', variant='normal', weight=400, stretch='condensed', size='scalable')) = 10.25
DEBUG:matplotlib.font_manager:findfont: score(FontEntry(fname='/usr/share/fonts/truetype/tlwg/Umpush-BoldOblique.ttf', name='Umpush', style='oblique', variant='normal', weight=700, stretch='normal', size='scalable')) = 11.335
DEBUG:matplotlib.font_manager:findfont: score(FontEntry(fname='/usr/share/fonts/truetype/freefont/FreeSerifItalic.ttf', name='FreeSerif', style='italic', variant='normal', weight=400, stretch='normal', size='scalable')) = 11.05
DEBUG:matplotlib.font_manager:findfont: score(FontEntry(fname='/usr/share/fonts/truetype/tlwg/Kinnari-BoldItalic.ttf', name='Kinnari', style='italic', variant='normal', weight=700, stretch='normal', size='scalable')) = 11.335
DEBUG:matplotlib.font_manager:findfont: score(FontEntry(fname='/usr/share/fonts/truetype/ubuntu/UbuntuMono-BI.ttf', name='Ubuntu Mono', style='italic', variant='normal', weight=700, stretch='normal', size='scalable')) = 11.335
DEBUG:matplotlib.font_manager:findfont: score(FontEntry(fname='/usr/share/fonts/truetype/teluguvijayam/Peddana-Regular.ttf', name='Peddana', style='normal', variant='normal', weight=400, stretch='normal', size='scalable')) = 10.05
DEBUG:matplotlib.font_manager:findfont: score(FontEntry(fname='/usr/share/fonts/truetype/lohit-kannada/Lohit-Kannada.ttf', name='Lohit Kannada', style='normal', variant='normal', weight=400, stretch='normal', size='scalable')) = 10.05
DEBUG:matplotlib.font_manager:findfont: score(FontEntry(fname='/usr/share/fonts/truetype/tlwg/TlwgTypewriter-Bold.ttf', name='Tlwg Typewriter', style='normal', variant='normal', weight=700, stretch='normal', size='scalable')) = 10.335
DEBUG:matplotlib.font_manager:findfont: score(FontEntry(fname='/usr/share/fonts/truetype/liberation/LiberationSansNarrow-BoldItalic.ttf', name='Liberation Sans Narrow', style='italic', variant='normal', weight=700, stretch='condensed', size='scalable')) = 11.535
DEBUG:matplotlib.font_manager:findfont: score(FontEntry(fname='/usr/share/fonts/truetype/kacst/KacstFarsi.ttf', name='KacstFarsi', style='normal', variant='normal', weight=500, stretch='normal', size='scalable')) = 10.145
DEBUG:matplotlib.font_manager:findfont: score(FontEntry(fname='/usr/share/fonts/truetype/ttf-khmeros-core/KhmerOSsys.ttf', name='Khmer OS System', style='normal', variant='normal', weight=400, stretch='normal', size='scalable')) = 10.05
DEBUG:matplotlib.font_manager:findfont: score(FontEntry(fname='/usr/share/fonts/truetype/dejavu/DejaVuSerif-Bold.ttf', name='DejaVu Serif', style='normal', variant='normal', weight=700, stretch='normal', size='scalable')) = 10.335
DEBUG:matplotlib.font_manager:findfont: score(FontEntry(fname='/usr/share/fonts/truetype/liberation2/LiberationSans-Italic.ttf', name='Liberation Sans', style='italic', variant='normal', weight=400, stretch='normal', size='scalable')) = 11.05
DEBUG:matplotlib.font_manager:findfont: score(FontEntry(fname='/usr/share/fonts/opentype/malayalam/Manjari-Regular.otf', name='Manjari', style='normal', variant='normal', weight=400, stretch='normal', size='scalable')) = 10.05
DEBUG:matplotlib.font_manager:findfont: score(FontEntry(fname='/usr/share/fonts/truetype/kacst/KacstPen.ttf', name='KacstPen', style='normal', variant='normal', weight=500, stretch='normal', size='scalable')) = 10.145
DEBUG:matplotlib.font_manager:findfont: score(FontEntry(fname='/usr/share/fonts/truetype/liberation/LiberationSans-Regular.ttf', name='Liberation Sans', style='normal', variant='normal', weight=400, stretch='normal', size='scalable')) = 10.05
DEBUG:matplotlib.font_manager:findfont: score(FontEntry(fname='/usr/share/fonts/truetype/malayalam/Keraleeyam-Regular.ttf', name='Keraleeyam', style='normal', variant='normal', weight=400, stretch='normal', size='scalable')) = 10.05
DEBUG:matplotlib.font_manager:findfont: score(FontEntry(fname='/usr/share/fonts/opentype/urw-base35/NimbusSansNarrow-Oblique.otf', name='Nimbus Sans Narrow', style='oblique', variant='normal', weight=400, stretch='condensed', size='scalable')) = 11.25
DEBUG:matplotlib.font_manager:findfont: score(FontEntry(fname='/usr/share/fonts/truetype/freefont/FreeSerifBold.ttf', name='FreeSerif', style='normal', variant='normal', weight=700, stretch='normal', size='scalable')) = 10.335
DEBUG:matplotlib.font_manager:findfont: score(FontEntry(fname='/usr/share/fonts/truetype/malayalam/Dyuthi-Regular.ttf', name='Dyuthi', style='normal', variant='normal', weight=400, stretch='normal', size='scalable')) = 10.05
DEBUG:matplotlib.font_manager:findfont: score(FontEntry(fname='/usr/share/fonts/opentype/urw-base35/P052-BoldItalic.otf', name='P052', style='italic', variant='normal', weight=700, stretch='normal', size='scalable')) = 11.335
DEBUG:matplotlib.font_manager:findfont: score(FontEntry(fname='/usr/share/fonts/truetype/tlwg/Purisa.ttf', name='Purisa', style='normal', variant='normal', weight=400, stretch='normal', size='scalable')) = 10.05
DEBUG:matplotlib.font_manager:findfont: score(FontEntry(fname='/usr/share/fonts/truetype/liberation2/LiberationSerif-Italic.ttf', name='Liberation Serif', style='italic', variant='normal', weight=400, stretch='normal', size='scalable')) = 11.05
DEBUG:matplotlib.font_manager:findfont: score(FontEntry(fname='/usr/share/fonts/truetype/noto/NotoSansMono-Regular.ttf', name='Noto Sans Mono', style='normal', variant='normal', weight=400, stretch='normal', size='scalable')) = 10.05
DEBUG:matplotlib.font_manager:findfont: score(FontEntry(fname='/usr/share/fonts/truetype/tlwg/TlwgTypewriter-Oblique.ttf', name='Tlwg Typewriter', style='oblique', variant='normal', weight=400, stretch='normal', size='scalable')) = 11.05
DEBUG:matplotlib.font_manager:findfont: score(FontEntry(fname='/usr/share/fonts/truetype/pagul/Pagul.ttf', name='Pagul', style='normal', variant='normal', weight=400, stretch='normal', size='scalable')) = 10.05
DEBUG:matplotlib.font_manager:findfont: score(FontEntry(fname='/usr/share/fonts/truetype/Navilu/Navilu.ttf', name='Navilu', style='normal', variant='normal', weight=400, stretch='normal', size='scalable')) = 10.05
DEBUG:matplotlib.font_manager:findfont: score(FontEntry(fname='/usr/share/fonts/truetype/kacst/KacstTitle.ttf', name='KacstTitle', style='normal', variant='normal', weight=500, stretch='normal', size='scalable')) = 10.145
DEBUG:matplotlib.font_manager:findfont: score(FontEntry(fname='/usr/share/fonts/truetype/dejavu/DejaVuMathTeXGyre.ttf', name='DejaVu Math TeX Gyre', style='normal', variant='normal', weight=400, stretch='normal', size='scalable')) = 10.05
DEBUG:matplotlib.font_manager:findfont: score(FontEntry(fname='/usr/share/fonts/opentype/urw-base35/Z003-MediumItalic.otf', name='Z003', style='italic', variant='normal', weight=500, stretch='normal', size='scalable')) = 11.145
DEBUG:matplotlib.font_manager:findfont: score(FontEntry(fname='/usr/share/fonts/opentype/urw-base35/URWBookman-DemiItalic.otf', name='URW Bookman', style='italic', variant='normal', weight=600, stretch='normal', size='scalable')) = 11.24
DEBUG:matplotlib.font_manager:findfont: score(FontEntry(fname='/usr/share/fonts/opentype/noto/NotoSansCJK-Bold.ttc', name='Noto Sans CJK JP', style='normal', variant='normal', weight=700, stretch='normal', size='scalable')) = 10.335
DEBUG:matplotlib.font_manager:findfont: score(FontEntry(fname='/usr/share/fonts/truetype/tlwg/Waree-Oblique.ttf', name='Waree', style='oblique', variant='normal', weight=400, stretch='normal', size='scalable')) = 11.05
DEBUG:matplotlib.font_manager:findfont: score(FontEntry(fname='/usr/share/fonts/truetype/dejavu/DejaVuSerifCondensed-Italic.ttf', name='DejaVu Serif', style='italic', variant='normal', weight=400, stretch='condensed', size='scalable')) = 11.25
DEBUG:matplotlib.font_manager:findfont: score(FontEntry(fname='/usr/share/fonts/truetype/tlwg/Kinnari-BoldOblique.ttf', name='Kinnari', style='oblique', variant='normal', weight=700, stretch='normal', size='scalable')) = 11.335
DEBUG:matplotlib.font_manager:findfont: score(FontEntry(fname='/usr/share/fonts/truetype/noto/NotoSansMono-Bold.ttf', name='Noto Sans Mono', style='normal', variant='normal', weight=700, stretch='normal', size='scalable')) = 10.335
DEBUG:matplotlib.font_manager:findfont: score(FontEntry(fname='/usr/share/fonts/truetype/kacst/KacstPoster.ttf', name='KacstPoster', style='normal', variant='normal', weight=500, stretch='normal', size='scalable')) = 10.145
DEBUG:matplotlib.font_manager:findfont: score(FontEntry(fname='/usr/share/fonts/truetype/tlwg/Waree-BoldOblique.ttf', name='Waree', style='oblique', variant='normal', weight=700, stretch='normal', size='scalable')) = 11.335
DEBUG:matplotlib.font_manager:findfont: score(FontEntry(fname='/usr/share/fonts/truetype/padauk/Padauk-Regular.ttf', name='Padauk', style='normal', variant='normal', weight=400, stretch='normal', size='scalable')) = 10.05
DEBUG:matplotlib.font_manager:findfont: Matching sans\-serif:style=normal:variant=normal:weight=normal:stretch=normal:size=10.0 to DejaVu Sans ('/home/tntiniak/Work/studio/lib/python3.10/site-packages/matplotlib/mpl-data/fonts/ttf/DejaVuSans.ttf') with score of 0.050000.
DEBUG:matplotlib.colorbar:locator: <matplotlib.ticker.AutoLocator object at 0x788c2c0aceb0>
DEBUG:matplotlib.font_manager:findfont: Matching sans\-serif:style=normal:variant=normal:weight=normal:stretch=normal:size=9.0.
DEBUG:matplotlib.font_manager:findfont: score(FontEntry(fname='/home/tntiniak/Work/studio/lib/python3.10/site-packages/matplotlib/mpl-data/fonts/ttf/cmr10.ttf', name='cmr10', style='normal', variant='normal', weight=400, stretch='normal', size='scalable')) = 10.05
DEBUG:matplotlib.font_manager:findfont: score(FontEntry(fname='/home/tntiniak/Work/studio/lib/python3.10/site-packages/matplotlib/mpl-data/fonts/ttf/DejaVuSerif-Bold.ttf', name='DejaVu Serif', style='normal', variant='normal', weight=700, stretch='normal', size='scalable')) = 10.335
DEBUG:matplotlib.font_manager:findfont: score(FontEntry(fname='/home/tntiniak/Work/studio/lib/python3.10/site-packages/matplotlib/mpl-data/fonts/ttf/STIXNonUniIta.ttf', name='STIXNonUnicode', style='italic', variant='normal', weight=400, stretch='normal', size='scalable')) = 11.05
DEBUG:matplotlib.font_manager:findfont: score(FontEntry(fname='/home/tntiniak/Work/studio/lib/python3.10/site-packages/matplotlib/mpl-data/fonts/ttf/DejaVuSansMono-Bold.ttf', name='DejaVu Sans Mono', style='normal', variant='normal', weight=700, stretch='normal', size='scalable')) = 10.335
DEBUG:matplotlib.font_manager:findfont: score(FontEntry(fname='/home/tntiniak/Work/studio/lib/python3.10/site-packages/matplotlib/mpl-data/fonts/ttf/DejaVuSerif-Italic.ttf', name='DejaVu Serif', style='italic', variant='normal', weight=400, stretch='normal', size='scalable')) = 11.05
DEBUG:matplotlib.font_manager:findfont: score(FontEntry(fname='/home/tntiniak/Work/studio/lib/python3.10/site-packages/matplotlib/mpl-data/fonts/ttf/STIXSizFourSymBol.ttf', name='STIXSizeFourSym', style='normal', variant='normal', weight=700, stretch='normal', size='scalable')) = 10.335
DEBUG:matplotlib.font_manager:findfont: score(FontEntry(fname='/home/tntiniak/Work/studio/lib/python3.10/site-packages/matplotlib/mpl-data/fonts/ttf/STIXGeneralItalic.ttf', name='STIXGeneral', style='italic', variant='normal', weight=400, stretch='normal', size='scalable')) = 11.05
DEBUG:matplotlib.font_manager:findfont: score(FontEntry(fname='/home/tntiniak/Work/studio/lib/python3.10/site-packages/matplotlib/mpl-data/fonts/ttf/STIXSizFourSymReg.ttf', name='STIXSizeFourSym', style='normal', variant='normal', weight=400, stretch='normal', size='scalable')) = 10.05
DEBUG:matplotlib.font_manager:findfont: score(FontEntry(fname='/home/tntiniak/Work/studio/lib/python3.10/site-packages/matplotlib/mpl-data/fonts/ttf/STIXSizThreeSymReg.ttf', name='STIXSizeThreeSym', style='normal', variant='normal', weight=400, stretch='normal', size='scalable')) = 10.05
DEBUG:matplotlib.font_manager:findfont: score(FontEntry(fname='/home/tntiniak/Work/studio/lib/python3.10/site-packages/matplotlib/mpl-data/fonts/ttf/cmtt10.ttf', name='cmtt10', style='normal', variant='normal', weight=400, stretch='normal', size='scalable')) = 10.05
DEBUG:matplotlib.font_manager:findfont: score(FontEntry(fname='/home/tntiniak/Work/studio/lib/python3.10/site-packages/matplotlib/mpl-data/fonts/ttf/DejaVuSans-BoldOblique.ttf', name='DejaVu Sans', style='oblique', variant='normal', weight=700, stretch='normal', size='scalable')) = 1.335
DEBUG:matplotlib.font_manager:findfont: score(FontEntry(fname='/home/tntiniak/Work/studio/lib/python3.10/site-packages/matplotlib/mpl-data/fonts/ttf/STIXSizFiveSymReg.ttf', name='STIXSizeFiveSym', style='normal', variant='normal', weight=400, stretch='normal', size='scalable')) = 10.05
DEBUG:matplotlib.font_manager:findfont: score(FontEntry(fname='/home/tntiniak/Work/studio/lib/python3.10/site-packages/matplotlib/mpl-data/fonts/ttf/STIXSizTwoSymBol.ttf', name='STIXSizeTwoSym', style='normal', variant='normal', weight=700, stretch='normal', size='scalable')) = 10.335
DEBUG:matplotlib.font_manager:findfont: score(FontEntry(fname='/home/tntiniak/Work/studio/lib/python3.10/site-packages/matplotlib/mpl-data/fonts/ttf/cmsy10.ttf', name='cmsy10', style='normal', variant='normal', weight=400, stretch='normal', size='scalable')) = 10.05
DEBUG:matplotlib.font_manager:findfont: score(FontEntry(fname='/home/tntiniak/Work/studio/lib/python3.10/site-packages/matplotlib/mpl-data/fonts/ttf/STIXGeneralBolIta.ttf', name='STIXGeneral', style='italic', variant='normal', weight=700, stretch='normal', size='scalable')) = 11.335
DEBUG:matplotlib.font_manager:findfont: score(FontEntry(fname='/home/tntiniak/Work/studio/lib/python3.10/site-packages/matplotlib/mpl-data/fonts/ttf/cmb10.ttf', name='cmb10', style='normal', variant='normal', weight=400, stretch='normal', size='scalable')) = 10.05
DEBUG:matplotlib.font_manager:findfont: score(FontEntry(fname='/home/tntiniak/Work/studio/lib/python3.10/site-packages/matplotlib/mpl-data/fonts/ttf/STIXGeneral.ttf', name='STIXGeneral', style='normal', variant='normal', weight=400, stretch='normal', size='scalable')) = 10.05
DEBUG:matplotlib.font_manager:findfont: score(FontEntry(fname='/home/tntiniak/Work/studio/lib/python3.10/site-packages/matplotlib/mpl-data/fonts/ttf/DejaVuSansDisplay.ttf', name='DejaVu Sans Display', style='normal', variant='normal', weight=400, stretch='normal', size='scalable')) = 10.05
DEBUG:matplotlib.font_manager:findfont: score(FontEntry(fname='/home/tntiniak/Work/studio/lib/python3.10/site-packages/matplotlib/mpl-data/fonts/ttf/STIXNonUniBolIta.ttf', name='STIXNonUnicode', style='italic', variant='normal', weight=700, stretch='normal', size='scalable')) = 11.335
DEBUG:matplotlib.font_manager:findfont: score(FontEntry(fname='/home/tntiniak/Work/studio/lib/python3.10/site-packages/matplotlib/mpl-data/fonts/ttf/DejaVuSansMono-Oblique.ttf', name='DejaVu Sans Mono', style='oblique', variant='normal', weight=400, stretch='normal', size='scalable')) = 11.05
DEBUG:matplotlib.font_manager:findfont: score(FontEntry(fname='/home/tntiniak/Work/studio/lib/python3.10/site-packages/matplotlib/mpl-data/fonts/ttf/DejaVuSansMono-BoldOblique.ttf', name='DejaVu Sans Mono', style='oblique', variant='normal', weight=700, stretch='normal', size='scalable')) = 11.335
DEBUG:matplotlib.font_manager:findfont: score(FontEntry(fname='/home/tntiniak/Work/studio/lib/python3.10/site-packages/matplotlib/mpl-data/fonts/ttf/DejaVuSansMono.ttf', name='DejaVu Sans Mono', style='normal', variant='normal', weight=400, stretch='normal', size='scalable')) = 10.05
DEBUG:matplotlib.font_manager:findfont: score(FontEntry(fname='/home/tntiniak/Work/studio/lib/python3.10/site-packages/matplotlib/mpl-data/fonts/ttf/cmss10.ttf', name='cmss10', style='normal', variant='normal', weight=400, stretch='normal', size='scalable')) = 10.05
DEBUG:matplotlib.font_manager:findfont: score(FontEntry(fname='/home/tntiniak/Work/studio/lib/python3.10/site-packages/matplotlib/mpl-data/fonts/ttf/STIXGeneralBol.ttf', name='STIXGeneral', style='normal', variant='normal', weight=700, stretch='normal', size='scalable')) = 10.335
DEBUG:matplotlib.font_manager:findfont: score(FontEntry(fname='/home/tntiniak/Work/studio/lib/python3.10/site-packages/matplotlib/mpl-data/fonts/ttf/STIXSizOneSymBol.ttf', name='STIXSizeOneSym', style='normal', variant='normal', weight=700, stretch='normal', size='scalable')) = 10.335
DEBUG:matplotlib.font_manager:findfont: score(FontEntry(fname='/home/tntiniak/Work/studio/lib/python3.10/site-packages/matplotlib/mpl-data/fonts/ttf/STIXSizThreeSymBol.ttf', name='STIXSizeThreeSym', style='normal', variant='normal', weight=700, stretch='normal', size='scalable')) = 10.335
DEBUG:matplotlib.font_manager:findfont: score(FontEntry(fname='/home/tntiniak/Work/studio/lib/python3.10/site-packages/matplotlib/mpl-data/fonts/ttf/DejaVuSans-Oblique.ttf', name='DejaVu Sans', style='oblique', variant='normal', weight=400, stretch='normal', size='scalable')) = 1.05
DEBUG:matplotlib.font_manager:findfont: score(FontEntry(fname='/home/tntiniak/Work/studio/lib/python3.10/site-packages/matplotlib/mpl-data/fonts/ttf/DejaVuSans-Bold.ttf', name='DejaVu Sans', style='normal', variant='normal', weight=700, stretch='normal', size='scalable')) = 0.33499999999999996
DEBUG:matplotlib.font_manager:findfont: score(FontEntry(fname='/home/tntiniak/Work/studio/lib/python3.10/site-packages/matplotlib/mpl-data/fonts/ttf/STIXNonUniBol.ttf', name='STIXNonUnicode', style='normal', variant='normal', weight=700, stretch='normal', size='scalable')) = 10.335
DEBUG:matplotlib.font_manager:findfont: score(FontEntry(fname='/home/tntiniak/Work/studio/lib/python3.10/site-packages/matplotlib/mpl-data/fonts/ttf/DejaVuSerif-BoldItalic.ttf', name='DejaVu Serif', style='italic', variant='normal', weight=700, stretch='normal', size='scalable')) = 11.335
DEBUG:matplotlib.font_manager:findfont: score(FontEntry(fname='/home/tntiniak/Work/studio/lib/python3.10/site-packages/matplotlib/mpl-data/fonts/ttf/STIXSizTwoSymReg.ttf', name='STIXSizeTwoSym', style='normal', variant='normal', weight=400, stretch='normal', size='scalable')) = 10.05
DEBUG:matplotlib.font_manager:findfont: score(FontEntry(fname='/home/tntiniak/Work/studio/lib/python3.10/site-packages/matplotlib/mpl-data/fonts/ttf/DejaVuSans.ttf', name='DejaVu Sans', style='normal', variant='normal', weight=400, stretch='normal', size='scalable')) = 0.05
DEBUG:matplotlib.font_manager:findfont: score(FontEntry(fname='/home/tntiniak/Work/studio/lib/python3.10/site-packages/matplotlib/mpl-data/fonts/ttf/cmmi10.ttf', name='cmmi10', style='normal', variant='normal', weight=400, stretch='normal', size='scalable')) = 10.05
DEBUG:matplotlib.font_manager:findfont: score(FontEntry(fname='/home/tntiniak/Work/studio/lib/python3.10/site-packages/matplotlib/mpl-data/fonts/ttf/DejaVuSerifDisplay.ttf', name='DejaVu Serif Display', style='normal', variant='normal', weight=400, stretch='normal', size='scalable')) = 10.05
DEBUG:matplotlib.font_manager:findfont: score(FontEntry(fname='/home/tntiniak/Work/studio/lib/python3.10/site-packages/matplotlib/mpl-data/fonts/ttf/STIXSizOneSymReg.ttf', name='STIXSizeOneSym', style='normal', variant='normal', weight=400, stretch='normal', size='scalable')) = 10.05
DEBUG:matplotlib.font_manager:findfont: score(FontEntry(fname='/home/tntiniak/Work/studio/lib/python3.10/site-packages/matplotlib/mpl-data/fonts/ttf/STIXNonUni.ttf', name='STIXNonUnicode', style='normal', variant='normal', weight=400, stretch='normal', size='scalable')) = 10.05
DEBUG:matplotlib.font_manager:findfont: score(FontEntry(fname='/home/tntiniak/Work/studio/lib/python3.10/site-packages/matplotlib/mpl-data/fonts/ttf/cmex10.ttf', name='cmex10', style='normal', variant='normal', weight=400, stretch='normal', size='scalable')) = 10.05
DEBUG:matplotlib.font_manager:findfont: score(FontEntry(fname='/home/tntiniak/Work/studio/lib/python3.10/site-packages/matplotlib/mpl-data/fonts/ttf/DejaVuSerif.ttf', name='DejaVu Serif', style='normal', variant='normal', weight=400, stretch='normal', size='scalable')) = 10.05
DEBUG:matplotlib.font_manager:findfont: score(FontEntry(fname='/usr/share/fonts/opentype/urw-base35/NimbusSansNarrow-Regular.otf', name='Nimbus Sans Narrow', style='normal', variant='normal', weight=400, stretch='condensed', size='scalable')) = 10.25
DEBUG:matplotlib.font_manager:findfont: score(FontEntry(fname='/usr/share/fonts/truetype/liberation2/LiberationSans-Regular.ttf', name='Liberation Sans', style='normal', variant='normal', weight=400, stretch='normal', size='scalable')) = 10.05
DEBUG:matplotlib.font_manager:findfont: score(FontEntry(fname='/usr/share/fonts/truetype/liberation/LiberationSerif-Regular.ttf', name='Liberation Serif', style='normal', variant='normal', weight=400, stretch='normal', size='scalable')) = 10.05
DEBUG:matplotlib.font_manager:findfont: score(FontEntry(fname='/usr/share/fonts/truetype/tlwg/Norasi-Italic.ttf', name='Norasi', style='italic', variant='normal', weight=400, stretch='normal', size='scalable')) = 11.05
DEBUG:matplotlib.font_manager:findfont: score(FontEntry(fname='/usr/share/fonts/truetype/fonts-telu-extra/vemana2000.ttf', name='Vemana2000', style='normal', variant='normal', weight=400, stretch='normal', size='scalable')) = 10.05
DEBUG:matplotlib.font_manager:findfont: score(FontEntry(fname='/usr/share/fonts/truetype/tlwg/TlwgMono-Bold.ttf', name='Tlwg Mono', style='normal', variant='normal', weight=700, stretch='normal', size='scalable')) = 10.335
DEBUG:matplotlib.font_manager:findfont: score(FontEntry(fname='/usr/share/fonts/truetype/fonts-yrsa-rasa/Yrsa-SemiBold.ttf', name='Yrsa', style='normal', variant='normal', weight=600, stretch='normal', size='scalable')) = 10.24
DEBUG:matplotlib.font_manager:findfont: score(FontEntry(fname='/usr/share/fonts/truetype/lohit-devanagari/Lohit-Devanagari.ttf', name='Lohit Devanagari', style='normal', variant='normal', weight=400, stretch='normal', size='scalable')) = 10.05
DEBUG:matplotlib.font_manager:findfont: score(FontEntry(fname='/usr/share/fonts/truetype/tlwg/TlwgTypist-Oblique.ttf', name='Tlwg Typist', style='oblique', variant='normal', weight=400, stretch='normal', size='scalable')) = 11.05
DEBUG:matplotlib.font_manager:findfont: score(FontEntry(fname='/usr/share/fonts/truetype/ubuntu/Ubuntu-R.ttf', name='Ubuntu', style='normal', variant='normal', weight=400, stretch='normal', size='scalable')) = 10.05
DEBUG:matplotlib.font_manager:findfont: score(FontEntry(fname='/usr/share/fonts/truetype/samyak/Samyak-Devanagari.ttf', name='Samyak Devanagari', style='normal', variant='normal', weight=500, stretch='normal', size='scalable')) = 10.145
DEBUG:matplotlib.font_manager:findfont: score(FontEntry(fname='/usr/share/fonts/truetype/tlwg/Laksaman-Italic.ttf', name='Laksaman', style='italic', variant='normal', weight=400, stretch='normal', size='scalable')) = 11.05
DEBUG:matplotlib.font_manager:findfont: score(FontEntry(fname='/usr/share/fonts/truetype/teluguvijayam/dhurjati.ttf', name='Dhurjati', style='normal', variant='normal', weight=400, stretch='normal', size='scalable')) = 10.05
DEBUG:matplotlib.font_manager:findfont: score(FontEntry(fname='/usr/share/fonts/truetype/tlwg/Umpush.ttf', name='Umpush', style='normal', variant='normal', weight=400, stretch='normal', size='scalable')) = 10.05
DEBUG:matplotlib.font_manager:findfont: score(FontEntry(fname='/usr/share/fonts/opentype/urw-base35/C059-Bold.otf', name='C059', style='normal', variant='normal', weight=700, stretch='normal', size='scalable')) = 10.335
DEBUG:matplotlib.font_manager:findfont: score(FontEntry(fname='/usr/share/fonts/truetype/tlwg/Garuda-BoldOblique.ttf', name='Garuda', style='oblique', variant='normal', weight=700, stretch='normal', size='scalable')) = 11.335
DEBUG:matplotlib.font_manager:findfont: score(FontEntry(fname='/usr/share/fonts/opentype/urw-base35/P052-Roman.otf', name='P052', style='normal', variant='normal', weight=400, stretch='normal', size='scalable')) = 10.05
DEBUG:matplotlib.font_manager:findfont: score(FontEntry(fname='/usr/share/fonts/opentype/urw-base35/NimbusSans-Italic.otf', name='Nimbus Sans', style='italic', variant='normal', weight=400, stretch='normal', size='scalable')) = 11.05
DEBUG:matplotlib.font_manager:findfont: score(FontEntry(fname='/usr/share/fonts/truetype/tlwg/Sawasdee-Bold.ttf', name='Sawasdee', style='normal', variant='normal', weight=700, stretch='normal', size='scalable')) = 10.335
DEBUG:matplotlib.font_manager:findfont: score(FontEntry(fname='/usr/share/fonts/truetype/tlwg/Umpush-Light.ttf', name='Umpush', style='normal', variant='normal', weight=300, stretch='normal', size='scalable')) = 10.145
DEBUG:matplotlib.font_manager:findfont: score(FontEntry(fname='/usr/share/fonts/truetype/kacst/KacstLetter.ttf', name='KacstLetter', style='normal', variant='normal', weight=500, stretch='normal', size='scalable')) = 10.145
DEBUG:matplotlib.font_manager:findfont: score(FontEntry(fname='/usr/share/fonts/truetype/liberation2/LiberationSerif-BoldItalic.ttf', name='Liberation Serif', style='italic', variant='normal', weight=700, stretch='normal', size='scalable')) = 11.335
DEBUG:matplotlib.font_manager:findfont: score(FontEntry(fname='/usr/share/fonts/truetype/malayalam/Karumbi-Regular.ttf', name='Karumbi', style='normal', variant='normal', weight=400, stretch='normal', size='scalable')) = 10.05
DEBUG:matplotlib.font_manager:findfont: score(FontEntry(fname='/usr/share/fonts/opentype/urw-base35/URWGothic-BookOblique.otf', name='URW Gothic', style='oblique', variant='normal', weight=400, stretch='normal', size='scalable')) = 11.05
DEBUG:matplotlib.font_manager:findfont: score(FontEntry(fname='/usr/share/fonts/truetype/dejavu/DejaVuSerifCondensed-Bold.ttf', name='DejaVu Serif', style='normal', variant='normal', weight=700, stretch='condensed', size='scalable')) = 10.535
DEBUG:matplotlib.font_manager:findfont: score(FontEntry(fname='/usr/share/fonts/truetype/ubuntu/Ubuntu-MI.ttf', name='Ubuntu', style='italic', variant='normal', weight=500, stretch='normal', size='scalable')) = 11.145
DEBUG:matplotlib.font_manager:findfont: score(FontEntry(fname='/usr/share/fonts/truetype/Sahadeva/sahadeva.ttf', name='Sahadeva', style='normal', variant='normal', weight=400, stretch='normal', size='scalable')) = 10.05
DEBUG:matplotlib.font_manager:findfont: score(FontEntry(fname='/usr/share/fonts/truetype/kacst/KacstOffice.ttf', name='KacstOffice', style='normal', variant='normal', weight=500, stretch='normal', size='scalable')) = 10.145
DEBUG:matplotlib.font_manager:findfont: score(FontEntry(fname='/usr/share/fonts/truetype/samyak-fonts/Samyak-Tamil.ttf', name='Samyak Tamil', style='normal', variant='normal', weight=500, stretch='normal', size='scalable')) = 10.145
DEBUG:matplotlib.font_manager:findfont: score(FontEntry(fname='/usr/share/fonts/truetype/kacst/KacstQurn.ttf', name='KacstQurn', style='normal', variant='normal', weight=400, stretch='normal', size='scalable')) = 10.05
DEBUG:matplotlib.font_manager:findfont: score(FontEntry(fname='/usr/share/fonts/opentype/urw-base35/URWBookman-Light.otf', name='URW Bookman', style='normal', variant='normal', weight=300, stretch='normal', size='scalable')) = 10.145
DEBUG:matplotlib.font_manager:findfont: score(FontEntry(fname='/usr/share/fonts/truetype/tlwg/TlwgTypo-BoldOblique.ttf', name='Tlwg Typo', style='oblique', variant='normal', weight=700, stretch='normal', size='scalable')) = 11.335
DEBUG:matplotlib.font_manager:findfont: score(FontEntry(fname='/usr/share/fonts/truetype/tlwg/Kinnari-Oblique.ttf', name='Kinnari', style='oblique', variant='normal', weight=400, stretch='normal', size='scalable')) = 11.05
DEBUG:matplotlib.font_manager:findfont: score(FontEntry(fname='/usr/share/fonts/truetype/tlwg/Loma-Oblique.ttf', name='Loma', style='oblique', variant='normal', weight=400, stretch='normal', size='scalable')) = 11.05
DEBUG:matplotlib.font_manager:findfont: score(FontEntry(fname='/usr/share/fonts/truetype/Sarai/Sarai.ttf', name='Sarai', style='normal', variant='normal', weight=400, stretch='normal', size='scalable')) = 10.05
DEBUG:matplotlib.font_manager:findfont: score(FontEntry(fname='/usr/share/fonts/truetype/sinhala/lklug.ttf', name='LKLUG', style='normal', variant='normal', weight=400, stretch='normal', size='scalable')) = 10.05
DEBUG:matplotlib.font_manager:findfont: score(FontEntry(fname='/usr/share/fonts/truetype/liberation/LiberationSans-Italic.ttf', name='Liberation Sans', style='italic', variant='normal', weight=400, stretch='normal', size='scalable')) = 11.05
DEBUG:matplotlib.font_manager:findfont: score(FontEntry(fname='/usr/share/fonts/truetype/tlwg/Purisa-BoldOblique.ttf', name='Purisa', style='oblique', variant='normal', weight=700, stretch='normal', size='scalable')) = 11.335
DEBUG:matplotlib.font_manager:findfont: score(FontEntry(fname='/usr/share/fonts/truetype/liberation/LiberationSans-Bold.ttf', name='Liberation Sans', style='normal', variant='normal', weight=700, stretch='normal', size='scalable')) = 10.335
DEBUG:matplotlib.font_manager:findfont: score(FontEntry(fname='/usr/share/fonts/truetype/tlwg/Norasi-BoldItalic.ttf', name='Norasi', style='italic', variant='normal', weight=700, stretch='normal', size='scalable')) = 11.335
DEBUG:matplotlib.font_manager:findfont: score(FontEntry(fname='/usr/share/fonts/opentype/urw-base35/NimbusSans-Regular.otf', name='Nimbus Sans', style='normal', variant='normal', weight=400, stretch='normal', size='scalable')) = 10.05
DEBUG:matplotlib.font_manager:findfont: score(FontEntry(fname='/usr/share/fonts/truetype/tlwg/TlwgTypo-Bold.ttf', name='Tlwg Typo', style='normal', variant='normal', weight=700, stretch='normal', size='scalable')) = 10.335
DEBUG:matplotlib.font_manager:findfont: score(FontEntry(fname='/usr/share/fonts/truetype/teluguvijayam/LakkiReddy.ttf', name='LakkiReddy', style='normal', variant='normal', weight=400, stretch='normal', size='scalable')) = 10.05
DEBUG:matplotlib.font_manager:findfont: score(FontEntry(fname='/usr/share/fonts/truetype/abyssinica/AbyssinicaSIL-Regular.ttf', name='Abyssinica SIL', style='normal', variant='normal', weight=400, stretch='normal', size='scalable')) = 10.05
DEBUG:matplotlib.font_manager:findfont: score(FontEntry(fname='/usr/share/fonts/truetype/freefont/FreeSerifBoldItalic.ttf', name='FreeSerif', style='italic', variant='normal', weight=700, stretch='normal', size='scalable')) = 11.335
DEBUG:matplotlib.font_manager:findfont: score(FontEntry(fname='/usr/share/fonts/truetype/fonts-yrsa-rasa/Yrsa-Regular.ttf', name='Yrsa', style='normal', variant='normal', weight=400, stretch='normal', size='scalable')) = 10.05
DEBUG:matplotlib.font_manager:findfont: score(FontEntry(fname='/usr/share/fonts/truetype/tlwg/Umpush-LightOblique.ttf', name='Umpush', style='oblique', variant='normal', weight=300, stretch='normal', size='scalable')) = 11.145
DEBUG:matplotlib.font_manager:findfont: score(FontEntry(fname='/usr/share/fonts/truetype/freefont/FreeSansBold.ttf', name='FreeSans', style='normal', variant='normal', weight=600, stretch='normal', size='scalable')) = 10.24
DEBUG:matplotlib.font_manager:findfont: score(FontEntry(fname='/usr/share/fonts/truetype/liberation2/LiberationSans-BoldItalic.ttf', name='Liberation Sans', style='italic', variant='normal', weight=700, stretch='normal', size='scalable')) = 11.335
DEBUG:matplotlib.font_manager:findfont: score(FontEntry(fname='/usr/share/fonts/truetype/fonts-orya-extra/utkal.ttf', name='ori1Uni', style='normal', variant='normal', weight=500, stretch='normal', size='scalable')) = 10.145
DEBUG:matplotlib.font_manager:findfont: score(FontEntry(fname='/usr/share/fonts/truetype/tlwg/Norasi-Bold.ttf', name='Norasi', style='normal', variant='normal', weight=700, stretch='normal', size='scalable')) = 10.335
DEBUG:matplotlib.font_manager:findfont: score(FontEntry(fname='/usr/share/fonts/truetype/tlwg/TlwgTypist-BoldOblique.ttf', name='Tlwg Typist', style='oblique', variant='normal', weight=700, stretch='normal', size='scalable')) = 11.335
DEBUG:matplotlib.font_manager:findfont: score(FontEntry(fname='/usr/share/fonts/truetype/teluguvijayam/Gurajada.ttf', name='Gurajada', style='normal', variant='normal', weight=400, stretch='normal', size='scalable')) = 10.05
DEBUG:matplotlib.font_manager:findfont: score(FontEntry(fname='/usr/share/fonts/truetype/liberation2/LiberationMono-Bold.ttf', name='Liberation Mono', style='normal', variant='normal', weight=700, stretch='normal', size='scalable')) = 10.335
DEBUG:matplotlib.font_manager:findfont: score(FontEntry(fname='/usr/share/fonts/truetype/lao/Phetsarath_OT.ttf', name='Phetsarath OT', style='normal', variant='normal', weight=400, stretch='normal', size='scalable')) = 10.05
DEBUG:matplotlib.font_manager:findfont: score(FontEntry(fname='/usr/share/fonts/opentype/noto/NotoSansCJK-Regular.ttc', name='Noto Sans CJK JP', style='normal', variant='normal', weight=400, stretch='normal', size='scalable')) = 10.05
DEBUG:matplotlib.font_manager:findfont: score(FontEntry(fname='/usr/share/fonts/opentype/malayalam/Chilanka-Regular.otf', name='Chilanka', style='normal', variant='normal', weight=400, stretch='normal', size='scalable')) = 10.05
DEBUG:matplotlib.font_manager:findfont: score(FontEntry(fname='/usr/share/fonts/truetype/fonts-beng-extra/Mukti.ttf', name='Mukti', style='normal', variant='normal', weight=500, stretch='normal', size='scalable')) = 10.145
DEBUG:matplotlib.font_manager:findfont: score(FontEntry(fname='/usr/share/fonts/opentype/malayalam/Gayathri-Regular.otf', name='Gayathri', style='normal', variant='normal', weight=400, stretch='normal', size='scalable')) = 10.05
DEBUG:matplotlib.font_manager:findfont: score(FontEntry(fname='/usr/share/fonts/truetype/liberation/LiberationSans-BoldItalic.ttf', name='Liberation Sans', style='italic', variant='normal', weight=700, stretch='normal', size='scalable')) = 11.335
DEBUG:matplotlib.font_manager:findfont: score(FontEntry(fname='/usr/share/fonts/truetype/fonts-yrsa-rasa/Rasa-Bold.ttf', name='Rasa', style='normal', variant='normal', weight=700, stretch='normal', size='scalable')) = 10.335
DEBUG:matplotlib.font_manager:findfont: score(FontEntry(fname='/usr/share/fonts/opentype/noto/NotoSerifCJK-Bold.ttc', name='Noto Serif CJK JP', style='normal', variant='normal', weight=700, stretch='normal', size='scalable')) = 10.335
DEBUG:matplotlib.font_manager:findfont: score(FontEntry(fname='/usr/share/fonts/truetype/liberation/LiberationSerif-Italic.ttf', name='Liberation Serif', style='italic', variant='normal', weight=400, stretch='normal', size='scalable')) = 11.05
DEBUG:matplotlib.font_manager:findfont: score(FontEntry(fname='/usr/share/fonts/truetype/liberation2/LiberationSerif-Regular.ttf', name='Liberation Serif', style='normal', variant='normal', weight=400, stretch='normal', size='scalable')) = 10.05
DEBUG:matplotlib.font_manager:findfont: score(FontEntry(fname='/usr/share/fonts/truetype/tlwg/Purisa-Bold.ttf', name='Purisa', style='normal', variant='normal', weight=700, stretch='normal', size='scalable')) = 10.335
DEBUG:matplotlib.font_manager:findfont: score(FontEntry(fname='/usr/share/fonts/truetype/kacst/KacstDigital.ttf', name='KacstDigital', style='normal', variant='normal', weight=500, stretch='normal', size='scalable')) = 10.145
DEBUG:matplotlib.font_manager:findfont: score(FontEntry(fname='/usr/share/fonts/truetype/tlwg/Umpush-Bold.ttf', name='Umpush', style='normal', variant='normal', weight=700, stretch='normal', size='scalable')) = 10.335
DEBUG:matplotlib.font_manager:findfont: score(FontEntry(fname='/usr/share/fonts/truetype/lohit-bengali/Lohit-Bengali.ttf', name='Lohit Bengali', style='normal', variant='normal', weight=400, stretch='normal', size='scalable')) = 10.05
DEBUG:matplotlib.font_manager:findfont: score(FontEntry(fname='/usr/share/fonts/truetype/tlwg/Garuda-Bold.ttf', name='Garuda', style='normal', variant='normal', weight=700, stretch='normal', size='scalable')) = 10.335
DEBUG:matplotlib.font_manager:findfont: score(FontEntry(fname='/usr/share/fonts/truetype/liberation2/LiberationMono-Italic.ttf', name='Liberation Mono', style='italic', variant='normal', weight=400, stretch='normal', size='scalable')) = 11.05
DEBUG:matplotlib.font_manager:findfont: score(FontEntry(fname='/usr/share/fonts/truetype/malayalam/AnjaliOldLipi-Regular.ttf', name='AnjaliOldLipi', style='normal', variant='normal', weight=400, stretch='normal', size='scalable')) = 10.05
DEBUG:matplotlib.font_manager:findfont: score(FontEntry(fname='/usr/share/fonts/truetype/tlwg/Waree.ttf', name='Waree', style='normal', variant='normal', weight=400, stretch='normal', size='scalable')) = 10.05
DEBUG:matplotlib.font_manager:findfont: score(FontEntry(fname='/usr/share/fonts/truetype/tlwg/TlwgTypewriter.ttf', name='Tlwg Typewriter', style='normal', variant='normal', weight=400, stretch='normal', size='scalable')) = 10.05
DEBUG:matplotlib.font_manager:findfont: score(FontEntry(fname='/usr/share/fonts/truetype/teluguvijayam/PottiSreeramulu.ttf', name='Potti Sreeramulu', style='normal', variant='normal', weight=400, stretch='normal', size='scalable')) = 10.05
DEBUG:matplotlib.font_manager:findfont: score(FontEntry(fname='/usr/share/fonts/truetype/teluguvijayam/mallanna.ttf', name='Mallanna', style='normal', variant='normal', weight=400, stretch='normal', size='scalable')) = 10.05
DEBUG:matplotlib.font_manager:findfont: score(FontEntry(fname='/usr/share/fonts/truetype/ubuntu/UbuntuMono-R.ttf', name='Ubuntu Mono', style='normal', variant='normal', weight=400, stretch='normal', size='scalable')) = 10.05
DEBUG:matplotlib.font_manager:findfont: score(FontEntry(fname='/usr/share/fonts/opentype/urw-base35/C059-BdIta.otf', name='C059', style='italic', variant='normal', weight=700, stretch='normal', size='scalable')) = 11.335
DEBUG:matplotlib.font_manager:findfont: score(FontEntry(fname='/usr/share/fonts/truetype/padauk/PadaukBook-Bold.ttf', name='Padauk Book', style='normal', variant='normal', weight=700, stretch='normal', size='scalable')) = 10.335
DEBUG:matplotlib.font_manager:findfont: score(FontEntry(fname='/usr/share/fonts/truetype/dejavu/DejaVuSansMono-Oblique.ttf', name='DejaVu Sans Mono', style='oblique', variant='normal', weight=400, stretch='normal', size='scalable')) = 11.05
DEBUG:matplotlib.font_manager:findfont: score(FontEntry(fname='/usr/share/fonts/truetype/fonts-yrsa-rasa/Rasa-SemiBold.ttf', name='Rasa', style='normal', variant='normal', weight=600, stretch='normal', size='scalable')) = 10.24
DEBUG:matplotlib.font_manager:findfont: score(FontEntry(fname='/usr/share/fonts/truetype/ubuntu/Ubuntu-Th.ttf', name='Ubuntu', style='normal', variant='normal', weight=250, stretch='normal', size='scalable')) = 10.1925
DEBUG:matplotlib.font_manager:findfont: score(FontEntry(fname='/usr/share/fonts/truetype/fonts-telu-extra/Pothana2000.ttf', name='Pothana2000', style='normal', variant='normal', weight=400, stretch='normal', size='scalable')) = 10.05
DEBUG:matplotlib.font_manager:findfont: score(FontEntry(fname='/usr/share/fonts/truetype/liberation/LiberationSerif-BoldItalic.ttf', name='Liberation Serif', style='italic', variant='normal', weight=700, stretch='normal', size='scalable')) = 11.335
DEBUG:matplotlib.font_manager:findfont: score(FontEntry(fname='/usr/share/fonts/truetype/kacst-one/KacstOne-Bold.ttf', name='KacstOne', style='normal', variant='normal', weight=700, stretch='normal', size='scalable')) = 10.335
DEBUG:matplotlib.font_manager:findfont: score(FontEntry(fname='/usr/share/fonts/truetype/freefont/FreeMonoOblique.ttf', name='FreeMono', style='oblique', variant='normal', weight=400, stretch='normal', size='scalable')) = 11.05
DEBUG:matplotlib.font_manager:findfont: score(FontEntry(fname='/usr/share/fonts/truetype/tlwg/TlwgMono-Oblique.ttf', name='Tlwg Mono', style='oblique', variant='normal', weight=400, stretch='normal', size='scalable')) = 11.05
DEBUG:matplotlib.font_manager:findfont: score(FontEntry(fname='/usr/share/fonts/truetype/tlwg/Garuda.ttf', name='Garuda', style='normal', variant='normal', weight=400, stretch='normal', size='scalable')) = 10.05
DEBUG:matplotlib.font_manager:findfont: score(FontEntry(fname='/usr/share/fonts/truetype/freefont/FreeSansBoldOblique.ttf', name='FreeSans', style='oblique', variant='normal', weight=600, stretch='normal', size='scalable')) = 11.24
DEBUG:matplotlib.font_manager:findfont: score(FontEntry(fname='/usr/share/fonts/truetype/freefont/FreeSans.ttf', name='FreeSans', style='normal', variant='normal', weight=400, stretch='normal', size='scalable')) = 10.05
DEBUG:matplotlib.font_manager:findfont: score(FontEntry(fname='/usr/share/fonts/truetype/tlwg/Norasi-BoldOblique.ttf', name='Norasi', style='oblique', variant='normal', weight=700, stretch='normal', size='scalable')) = 11.335
DEBUG:matplotlib.font_manager:findfont: score(FontEntry(fname='/usr/share/fonts/truetype/dejavu/DejaVuSansMono.ttf', name='DejaVu Sans Mono', style='normal', variant='normal', weight=400, stretch='normal', size='scalable')) = 10.05
DEBUG:matplotlib.font_manager:findfont: score(FontEntry(fname='/usr/share/fonts/truetype/fonts-yrsa-rasa/Yrsa-BoldItalic.ttf', name='Yrsa', style='italic', variant='normal', weight=700, stretch='normal', size='scalable')) = 11.335
DEBUG:matplotlib.font_manager:findfont: score(FontEntry(fname='/usr/share/fonts/truetype/samyak-fonts/Samyak-Malayalam.ttf', name='Samyak Malayalam', style='normal', variant='normal', weight=400, stretch='normal', size='scalable')) = 10.05
DEBUG:matplotlib.font_manager:findfont: score(FontEntry(fname='/usr/share/fonts/truetype/malayalam/Uroob-Regular.ttf', name='Uroob', style='normal', variant='normal', weight=400, stretch='normal', size='scalable')) = 10.05
DEBUG:matplotlib.font_manager:findfont: score(FontEntry(fname='/usr/share/fonts/opentype/urw-base35/NimbusRoman-Italic.otf', name='Nimbus Roman', style='italic', variant='normal', weight=400, stretch='normal', size='scalable')) = 11.05
DEBUG:matplotlib.font_manager:findfont: score(FontEntry(fname='/usr/share/fonts/truetype/fonts-yrsa-rasa/Yrsa-Light.ttf', name='Yrsa', style='normal', variant='normal', weight=300, stretch='normal', size='scalable')) = 10.145
DEBUG:matplotlib.font_manager:findfont: score(FontEntry(fname='/usr/share/fonts/truetype/ubuntu/UbuntuMono-RI.ttf', name='Ubuntu Mono', style='italic', variant='normal', weight=400, stretch='normal', size='scalable')) = 11.05
DEBUG:matplotlib.font_manager:findfont: score(FontEntry(fname='/usr/share/fonts/opentype/malayalam/Manjari-Thin.otf', name='Manjari', style='normal', variant='normal', weight=100, stretch='normal', size='scalable')) = 10.335
DEBUG:matplotlib.font_manager:findfont: score(FontEntry(fname='/usr/share/fonts/truetype/liberation/LiberationSerif-Bold.ttf', name='Liberation Serif', style='normal', variant='normal', weight=700, stretch='normal', size='scalable')) = 10.335
DEBUG:matplotlib.font_manager:findfont: score(FontEntry(fname='/usr/share/fonts/opentype/urw-base35/NimbusRoman-Bold.otf', name='Nimbus Roman', style='normal', variant='normal', weight=700, stretch='normal', size='scalable')) = 10.335
DEBUG:matplotlib.font_manager:findfont: score(FontEntry(fname='/usr/share/fonts/truetype/dejavu/DejaVuSansCondensed.ttf', name='DejaVu Sans', style='normal', variant='normal', weight=400, stretch='condensed', size='scalable')) = 0.25
DEBUG:matplotlib.font_manager:findfont: score(FontEntry(fname='/usr/share/fonts/truetype/lohit-tamil/Lohit-Tamil.ttf', name='Lohit Tamil', style='normal', variant='normal', weight=400, stretch='normal', size='scalable')) = 10.05
DEBUG:matplotlib.font_manager:findfont: score(FontEntry(fname='/usr/share/fonts/truetype/tlwg/Sawasdee-BoldOblique.ttf', name='Sawasdee', style='oblique', variant='normal', weight=700, stretch='normal', size='scalable')) = 11.335
DEBUG:matplotlib.font_manager:findfont: score(FontEntry(fname='/usr/share/fonts/truetype/tlwg/TlwgMono.ttf', name='Tlwg Mono', style='normal', variant='normal', weight=400, stretch='normal', size='scalable')) = 10.05
DEBUG:matplotlib.font_manager:findfont: score(FontEntry(fname='/usr/share/fonts/opentype/urw-base35/NimbusSansNarrow-Bold.otf', name='Nimbus Sans Narrow', style='normal', variant='normal', weight=700, stretch='condensed', size='scalable')) = 10.535
DEBUG:matplotlib.font_manager:findfont: score(FontEntry(fname='/usr/share/fonts/truetype/lohit-tamil-classical/Lohit-Tamil-Classical.ttf', name='Lohit Tamil Classical', style='normal', variant='normal', weight=400, stretch='normal', size='scalable')) = 10.05
DEBUG:matplotlib.font_manager:findfont: score(FontEntry(fname='/usr/share/fonts/opentype/urw-base35/URWGothic-Demi.otf', name='URW Gothic', style='normal', variant='normal', weight=600, stretch='normal', size='scalable')) = 10.24
DEBUG:matplotlib.font_manager:findfont: score(FontEntry(fname='/usr/share/fonts/truetype/fonts-deva-extra/chandas1-2.ttf', name='Chandas', style='normal', variant='normal', weight=400, stretch='normal', size='scalable')) = 10.05
DEBUG:matplotlib.font_manager:findfont: score(FontEntry(fname='/usr/share/fonts/truetype/tlwg/Loma.ttf', name='Loma', style='normal', variant='normal', weight=400, stretch='normal', size='scalable')) = 10.05
DEBUG:matplotlib.font_manager:findfont: score(FontEntry(fname='/usr/share/fonts/truetype/dejavu/DejaVuSans-Bold.ttf', name='DejaVu Sans', style='normal', variant='normal', weight=700, stretch='normal', size='scalable')) = 0.33499999999999996
DEBUG:matplotlib.font_manager:findfont: score(FontEntry(fname='/usr/share/fonts/truetype/kacst/KacstScreen.ttf', name='KacstScreen', style='normal', variant='normal', weight=500, stretch='normal', size='scalable')) = 10.145
DEBUG:matplotlib.font_manager:findfont: score(FontEntry(fname='/usr/share/fonts/truetype/dejavu/DejaVuSerif-Italic.ttf', name='DejaVu Serif', style='italic', variant='normal', weight=400, stretch='normal', size='scalable')) = 11.05
DEBUG:matplotlib.font_manager:findfont: score(FontEntry(fname='/usr/share/fonts/truetype/lohit-malayalam/Lohit-Malayalam.ttf', name='Lohit Malayalam', style='normal', variant='normal', weight=400, stretch='normal', size='scalable')) = 10.05
DEBUG:matplotlib.font_manager:findfont: score(FontEntry(fname='/usr/share/fonts/opentype/urw-base35/NimbusSans-BoldItalic.otf', name='Nimbus Sans', style='italic', variant='normal', weight=700, stretch='normal', size='scalable')) = 11.335
DEBUG:matplotlib.font_manager:findfont: score(FontEntry(fname='/usr/share/fonts/truetype/fonts-gujr-extra/padmaa-Medium-0.5.ttf', name='padmaa', style='normal', variant='normal', weight=500, stretch='normal', size='scalable')) = 10.145
DEBUG:matplotlib.font_manager:findfont: score(FontEntry(fname='/usr/share/fonts/truetype/teluguvijayam/Mandali-Regular.ttf', name='Mandali', style='normal', variant='normal', weight=400, stretch='normal', size='scalable')) = 10.05
DEBUG:matplotlib.font_manager:findfont: score(FontEntry(fname='/usr/share/fonts/truetype/kacst/KacstTitleL.ttf', name='KacstTitleL', style='normal', variant='normal', weight=400, stretch='normal', size='scalable')) = 10.05
DEBUG:matplotlib.font_manager:findfont: score(FontEntry(fname='/usr/share/fonts/opentype/urw-base35/NimbusMonoPS-BoldItalic.otf', name='Nimbus Mono PS', style='italic', variant='normal', weight=700, stretch='normal', size='scalable')) = 11.335
DEBUG:matplotlib.font_manager:findfont: score(FontEntry(fname='/usr/share/fonts/truetype/kacst/KacstDecorative.ttf', name='KacstDecorative', style='normal', variant='normal', weight=500, stretch='normal', size='scalable')) = 10.145
DEBUG:matplotlib.font_manager:findfont: score(FontEntry(fname='/usr/share/fonts/truetype/ubuntu/Ubuntu-BI.ttf', name='Ubuntu', style='italic', variant='normal', weight=700, stretch='normal', size='scalable')) = 11.335
DEBUG:matplotlib.font_manager:findfont: score(FontEntry(fname='/usr/share/fonts/opentype/urw-base35/URWGothic-Book.otf', name='URW Gothic', style='normal', variant='normal', weight=400, stretch='normal', size='scalable')) = 10.05
DEBUG:matplotlib.font_manager:findfont: score(FontEntry(fname='/usr/share/fonts/truetype/tlwg/TlwgTypist.ttf', name='Tlwg Typist', style='normal', variant='normal', weight=400, stretch='normal', size='scalable')) = 10.05
DEBUG:matplotlib.font_manager:findfont: score(FontEntry(fname='/usr/share/fonts/truetype/freefont/FreeSansOblique.ttf', name='FreeSans', style='oblique', variant='normal', weight=400, stretch='normal', size='scalable')) = 11.05
DEBUG:matplotlib.font_manager:findfont: score(FontEntry(fname='/usr/share/fonts/truetype/liberation/LiberationMono-Bold.ttf', name='Liberation Mono', style='normal', variant='normal', weight=700, stretch='normal', size='scalable')) = 10.335
DEBUG:matplotlib.font_manager:findfont: score(FontEntry(fname='/usr/share/fonts/truetype/teluguvijayam/RaviPrakash.ttf', name='RaviPrakash', style='normal', variant='normal', weight=400, stretch='normal', size='scalable')) = 10.05
DEBUG:matplotlib.font_manager:findfont: score(FontEntry(fname='/usr/share/fonts/truetype/lohit-gujarati/Lohit-Gujarati.ttf', name='Lohit Gujarati', style='normal', variant='normal', weight=400, stretch='normal', size='scalable')) = 10.05
DEBUG:matplotlib.font_manager:findfont: score(FontEntry(fname='/usr/share/fonts/truetype/fonts-yrsa-rasa/Yrsa-SemiBoldItalic.ttf', name='Yrsa', style='italic', variant='normal', weight=600, stretch='normal', size='scalable')) = 11.24
DEBUG:matplotlib.font_manager:findfont: score(FontEntry(fname='/usr/share/fonts/truetype/tibetan-machine/TibetanMachineUni.ttf', name='Tibetan Machine Uni', style='normal', variant='normal', weight=400, stretch='normal', size='scalable')) = 10.05
DEBUG:matplotlib.font_manager:findfont: score(FontEntry(fname='/usr/share/fonts/opentype/urw-base35/NimbusRoman-Regular.otf', name='Nimbus Roman', style='normal', variant='normal', weight=400, stretch='normal', size='scalable')) = 10.05
DEBUG:matplotlib.font_manager:findfont: score(FontEntry(fname='/usr/share/fonts/truetype/malayalam/Suruma.ttf', name='Suruma', style='normal', variant='normal', weight=500, stretch='normal', size='scalable')) = 10.145
DEBUG:matplotlib.font_manager:findfont: score(FontEntry(fname='/usr/share/fonts/truetype/Nakula/nakula.ttf', name='Nakula', style='normal', variant='normal', weight=400, stretch='normal', size='scalable')) = 10.05
DEBUG:matplotlib.font_manager:findfont: score(FontEntry(fname='/usr/share/fonts/truetype/dejavu/DejaVuSansCondensed-Oblique.ttf', name='DejaVu Sans', style='oblique', variant='normal', weight=400, stretch='condensed', size='scalable')) = 1.25
DEBUG:matplotlib.font_manager:findfont: score(FontEntry(fname='/usr/share/fonts/truetype/fonts-gujr-extra/Rekha.ttf', name='Rekha', style='normal', variant='normal', weight=500, stretch='normal', size='scalable')) = 10.145
DEBUG:matplotlib.font_manager:findfont: score(FontEntry(fname='/usr/share/fonts/truetype/fonts-beng-extra/LikhanNormal.ttf', name='Likhan', style='normal', variant='normal', weight=500, stretch='normal', size='scalable')) = 10.145
DEBUG:matplotlib.font_manager:findfont: score(FontEntry(fname='/usr/share/fonts/truetype/liberation/LiberationSansNarrow-Italic.ttf', name='Liberation Sans Narrow', style='italic', variant='normal', weight=400, stretch='condensed', size='scalable')) = 11.25
DEBUG:matplotlib.font_manager:findfont: score(FontEntry(fname='/usr/share/fonts/truetype/ubuntu/Ubuntu-RI.ttf', name='Ubuntu', style='italic', variant='normal', weight=400, stretch='normal', size='scalable')) = 11.05
DEBUG:matplotlib.font_manager:findfont: score(FontEntry(fname='/usr/share/fonts/truetype/tlwg/TlwgTypewriter-BoldOblique.ttf', name='Tlwg Typewriter', style='oblique', variant='normal', weight=700, stretch='normal', size='scalable')) = 11.335
DEBUG:matplotlib.font_manager:findfont: score(FontEntry(fname='/usr/share/fonts/truetype/malayalam/RaghuMalayalamSans-Regular.ttf', name='RaghuMalayalamSans', style='normal', variant='normal', weight=400, stretch='normal', size='scalable')) = 10.05
DEBUG:matplotlib.font_manager:findfont: score(FontEntry(fname='/usr/share/fonts/truetype/liberation/LiberationMono-BoldItalic.ttf', name='Liberation Mono', style='italic', variant='normal', weight=700, stretch='normal', size='scalable')) = 11.335
DEBUG:matplotlib.font_manager:findfont: score(FontEntry(fname='/usr/share/fonts/truetype/tlwg/TlwgTypo-Oblique.ttf', name='Tlwg Typo', style='oblique', variant='normal', weight=400, stretch='normal', size='scalable')) = 11.05
DEBUG:matplotlib.font_manager:findfont: score(FontEntry(fname='/usr/share/fonts/truetype/fonts-yrsa-rasa/Yrsa-MediumItalic.ttf', name='Yrsa', style='italic', variant='normal', weight=500, stretch='normal', size='scalable')) = 11.145
DEBUG:matplotlib.font_manager:findfont: score(FontEntry(fname='/usr/share/fonts/truetype/fonts-deva-extra/kalimati.ttf', name='Kalimati', style='normal', variant='normal', weight=400, stretch='normal', size='scalable')) = 10.05
DEBUG:matplotlib.font_manager:findfont: score(FontEntry(fname='/usr/share/fonts/truetype/liberation2/LiberationSerif-Bold.ttf', name='Liberation Serif', style='normal', variant='normal', weight=700, stretch='normal', size='scalable')) = 10.335
DEBUG:matplotlib.font_manager:findfont: score(FontEntry(fname='/usr/share/fonts/opentype/malayalam/Gayathri-Thin.otf', name='Gayathri', style='normal', variant='normal', weight=100, stretch='normal', size='scalable')) = 10.335
DEBUG:matplotlib.font_manager:findfont: score(FontEntry(fname='/usr/share/fonts/truetype/tlwg/Kinnari-Italic.ttf', name='Kinnari', style='italic', variant='normal', weight=400, stretch='normal', size='scalable')) = 11.05
DEBUG:matplotlib.font_manager:findfont: score(FontEntry(fname='/usr/share/fonts/opentype/noto/NotoSerifCJK-Regular.ttc', name='Noto Serif CJK JP', style='normal', variant='normal', weight=400, stretch='normal', size='scalable')) = 10.05
DEBUG:matplotlib.font_manager:findfont: score(FontEntry(fname='/usr/share/fonts/truetype/kacst/KacstBook.ttf', name='KacstBook', style='normal', variant='normal', weight=500, stretch='normal', size='scalable')) = 10.145
DEBUG:matplotlib.font_manager:findfont: score(FontEntry(fname='/usr/share/fonts/truetype/fonts-yrsa-rasa/Yrsa-LightItalic.ttf', name='Yrsa', style='italic', variant='normal', weight=300, stretch='normal', size='scalable')) = 11.145
DEBUG:matplotlib.font_manager:findfont: score(FontEntry(fname='/usr/share/fonts/truetype/teluguvijayam/suranna.ttf', name='Suranna', style='normal', variant='normal', weight=400, stretch='normal', size='scalable')) = 10.05
DEBUG:matplotlib.font_manager:findfont: score(FontEntry(fname='/usr/share/fonts/truetype/teluguvijayam/Ponnala.ttf', name='Ponnala', style='normal', variant='normal', weight=400, stretch='normal', size='scalable')) = 10.05
DEBUG:matplotlib.font_manager:findfont: score(FontEntry(fname='/usr/share/fonts/truetype/ubuntu/Ubuntu-C.ttf', name='Ubuntu Condensed', style='normal', variant='normal', weight=400, stretch='condensed', size='scalable')) = 10.25
DEBUG:matplotlib.font_manager:findfont: score(FontEntry(fname='/usr/share/fonts/opentype/urw-base35/P052-Bold.otf', name='P052', style='normal', variant='normal', weight=700, stretch='normal', size='scalable')) = 10.335
DEBUG:matplotlib.font_manager:findfont: score(FontEntry(fname='/usr/share/fonts/opentype/urw-base35/StandardSymbolsPS.otf', name='Standard Symbols PS', style='normal', variant='normal', weight=400, stretch='normal', size='scalable')) = 10.05
DEBUG:matplotlib.font_manager:findfont: score(FontEntry(fname='/usr/share/fonts/opentype/urw-base35/NimbusSansNarrow-BoldOblique.otf', name='Nimbus Sans Narrow', style='oblique', variant='normal', weight=700, stretch='condensed', size='scalable')) = 11.535
DEBUG:matplotlib.font_manager:findfont: score(FontEntry(fname='/usr/share/fonts/truetype/fonts-yrsa-rasa/Rasa-Medium.ttf', name='Rasa', style='normal', variant='normal', weight=500, stretch='normal', size='scalable')) = 10.145
DEBUG:matplotlib.font_manager:findfont: score(FontEntry(fname='/usr/share/fonts/truetype/dejavu/DejaVuSansCondensed-Bold.ttf', name='DejaVu Sans', style='normal', variant='normal', weight=700, stretch='condensed', size='scalable')) = 0.5349999999999999
DEBUG:matplotlib.font_manager:findfont: score(FontEntry(fname='/usr/share/fonts/truetype/kacst/KacstArt.ttf', name='KacstArt', style='normal', variant='normal', weight=500, stretch='normal', size='scalable')) = 10.145
DEBUG:matplotlib.font_manager:findfont: score(FontEntry(fname='/usr/share/fonts/truetype/tlwg/Sawasdee.ttf', name='Sawasdee', style='normal', variant='normal', weight=400, stretch='normal', size='scalable')) = 10.05
DEBUG:matplotlib.font_manager:findfont: score(FontEntry(fname='/usr/share/fonts/truetype/tlwg/Norasi.ttf', name='Norasi', style='normal', variant='normal', weight=400, stretch='normal', size='scalable')) = 10.05
DEBUG:matplotlib.font_manager:findfont: score(FontEntry(fname='/usr/share/fonts/truetype/droid/DroidSansFallbackFull.ttf', name='Droid Sans Fallback', style='normal', variant='normal', weight=400, stretch='normal', size='scalable')) = 10.05
DEBUG:matplotlib.font_manager:findfont: score(FontEntry(fname='/usr/share/fonts/truetype/fonts-yrsa-rasa/Yrsa-Bold.ttf', name='Yrsa', style='normal', variant='normal', weight=700, stretch='normal', size='scalable')) = 10.335
DEBUG:matplotlib.font_manager:findfont: score(FontEntry(fname='/usr/share/fonts/opentype/urw-base35/URWGothic-DemiOblique.otf', name='URW Gothic', style='oblique', variant='normal', weight=600, stretch='normal', size='scalable')) = 11.24
DEBUG:matplotlib.font_manager:findfont: score(FontEntry(fname='/usr/share/fonts/truetype/fonts-yrsa-rasa/Rasa-Light.ttf', name='Rasa', style='normal', variant='normal', weight=300, stretch='normal', size='scalable')) = 10.145
DEBUG:matplotlib.font_manager:findfont: score(FontEntry(fname='/usr/share/fonts/truetype/tlwg/Kinnari-Bold.ttf', name='Kinnari', style='normal', variant='normal', weight=700, stretch='normal', size='scalable')) = 10.335
DEBUG:matplotlib.font_manager:findfont: score(FontEntry(fname='/usr/share/fonts/truetype/fonts-gujr-extra/padmaa-Bold.1.1.ttf', name='padmaa-Bold.1.1', style='normal', variant='normal', weight=700, stretch='normal', size='scalable')) = 10.335
DEBUG:matplotlib.font_manager:findfont: score(FontEntry(fname='/usr/share/fonts/truetype/dejavu/DejaVuSansMono-Bold.ttf', name='DejaVu Sans Mono', style='normal', variant='normal', weight=700, stretch='normal', size='scalable')) = 10.335
DEBUG:matplotlib.font_manager:findfont: score(FontEntry(fname='/usr/share/fonts/truetype/dejavu/DejaVuSansMono-BoldOblique.ttf', name='DejaVu Sans Mono', style='oblique', variant='normal', weight=700, stretch='normal', size='scalable')) = 11.335
DEBUG:matplotlib.font_manager:findfont: score(FontEntry(fname='/usr/share/fonts/truetype/fonts-beng-extra/JamrulNormal.ttf', name='Jamrul', style='normal', variant='normal', weight=500, stretch='normal', size='scalable')) = 10.145
DEBUG:matplotlib.font_manager:findfont: score(FontEntry(fname='/usr/share/fonts/truetype/samyak-fonts/Samyak-Gujarati.ttf', name='Samyak Gujarati', style='normal', variant='normal', weight=500, stretch='normal', size='scalable')) = 10.145
DEBUG:matplotlib.font_manager:findfont: score(FontEntry(fname='/usr/share/fonts/truetype/liberation2/LiberationSans-Bold.ttf', name='Liberation Sans', style='normal', variant='normal', weight=700, stretch='normal', size='scalable')) = 10.335
DEBUG:matplotlib.font_manager:findfont: score(FontEntry(fname='/usr/share/fonts/truetype/malayalam/Rachana-Regular.ttf', name='Rachana', style='normal', variant='normal', weight=400, stretch='normal', size='scalable')) = 10.05
DEBUG:matplotlib.font_manager:findfont: score(FontEntry(fname='/usr/share/fonts/truetype/dejavu/DejaVuSans-Oblique.ttf', name='DejaVu Sans', style='oblique', variant='normal', weight=400, stretch='normal', size='scalable')) = 1.05
DEBUG:matplotlib.font_manager:findfont: score(FontEntry(fname='/usr/share/fonts/truetype/lohit-telugu/Lohit-Telugu.ttf', name='Lohit Telugu', style='normal', variant='normal', weight=400, stretch='normal', size='scalable')) = 10.05
DEBUG:matplotlib.font_manager:findfont: score(FontEntry(fname='/usr/share/fonts/opentype/urw-base35/URWBookman-LightItalic.otf', name='URW Bookman', style='italic', variant='normal', weight=300, stretch='normal', size='scalable')) = 11.145
DEBUG:matplotlib.font_manager:findfont: score(FontEntry(fname='/usr/share/fonts/truetype/dejavu/DejaVuSansCondensed-BoldOblique.ttf', name='DejaVu Sans', style='oblique', variant='normal', weight=700, stretch='condensed', size='scalable')) = 1.535
DEBUG:matplotlib.font_manager:findfont: score(FontEntry(fname='/usr/share/fonts/truetype/teluguvijayam/Suravaram.ttf', name='Suravaram', style='normal', variant='normal', weight=400, stretch='normal', size='scalable')) = 10.05
DEBUG:matplotlib.font_manager:findfont: score(FontEntry(fname='/usr/share/fonts/truetype/fonts-yrsa-rasa/Yrsa-Italic.ttf', name='Yrsa', style='italic', variant='normal', weight=400, stretch='normal', size='scalable')) = 11.05
DEBUG:matplotlib.font_manager:findfont: score(FontEntry(fname='/usr/share/fonts/truetype/lohit-assamese/Lohit-Assamese.ttf', name='Lohit Assamese', style='normal', variant='normal', weight=400, stretch='normal', size='scalable')) = 10.05
DEBUG:matplotlib.font_manager:findfont: score(FontEntry(fname='/usr/share/fonts/truetype/tlwg/Umpush-Oblique.ttf', name='Umpush', style='oblique', variant='normal', weight=400, stretch='normal', size='scalable')) = 11.05
DEBUG:matplotlib.font_manager:findfont: score(FontEntry(fname='/usr/share/fonts/truetype/tlwg/Loma-Bold.ttf', name='Loma', style='normal', variant='normal', weight=700, stretch='normal', size='scalable')) = 10.335
DEBUG:matplotlib.font_manager:findfont: score(FontEntry(fname='/usr/share/fonts/truetype/fonts-beng-extra/Muktibold.ttf', name='Mukti', style='normal', variant='normal', weight=700, stretch='normal', size='scalable')) = 10.335
DEBUG:matplotlib.font_manager:findfont: score(FontEntry(fname='/usr/share/fonts/truetype/dejavu/DejaVuSans-BoldOblique.ttf', name='DejaVu Sans', style='oblique', variant='normal', weight=700, stretch='normal', size='scalable')) = 1.335
DEBUG:matplotlib.font_manager:findfont: score(FontEntry(fname='/usr/share/fonts/truetype/padauk/Padauk-Bold.ttf', name='Padauk', style='normal', variant='normal', weight=700, stretch='normal', size='scalable')) = 10.335
DEBUG:matplotlib.font_manager:findfont: score(FontEntry(fname='/usr/share/fonts/truetype/Gargi/Gargi.ttf', name='Gargi', style='normal', variant='normal', weight=400, stretch='normal', size='scalable')) = 10.05
DEBUG:matplotlib.font_manager:findfont: score(FontEntry(fname='/usr/share/fonts/truetype/fonts-beng-extra/Ani.ttf', name='Ani', style='normal', variant='normal', weight=400, stretch='normal', size='scalable')) = 10.05
DEBUG:matplotlib.font_manager:findfont: score(FontEntry(fname='/usr/share/fonts/truetype/fonts-kalapi/Kalapi.ttf', name='Kalapi', style='normal', variant='normal', weight=400, stretch='normal', size='scalable')) = 10.05
DEBUG:matplotlib.font_manager:findfont: score(FontEntry(fname='/usr/share/fonts/truetype/freefont/FreeMonoBoldOblique.ttf', name='FreeMono', style='oblique', variant='normal', weight=700, stretch='normal', size='scalable')) = 11.335
DEBUG:matplotlib.font_manager:findfont: score(FontEntry(fname='/usr/share/fonts/truetype/lohit-punjabi/Lohit-Gurmukhi.ttf', name='Lohit Gurmukhi', style='normal', variant='normal', weight=400, stretch='normal', size='scalable')) = 10.05
DEBUG:matplotlib.font_manager:findfont: score(FontEntry(fname='/usr/share/fonts/opentype/urw-base35/URWBookman-Demi.otf', name='URW Bookman', style='normal', variant='normal', weight=600, stretch='normal', size='scalable')) = 10.24
DEBUG:matplotlib.font_manager:findfont: score(FontEntry(fname='/usr/share/fonts/truetype/tlwg/Kinnari.ttf', name='Kinnari', style='normal', variant='normal', weight=400, stretch='normal', size='scalable')) = 10.05
DEBUG:matplotlib.font_manager:findfont: score(FontEntry(fname='/usr/share/fonts/truetype/teluguvijayam/ramabhadra.ttf', name='Ramabhadra', style='normal', variant='normal', weight=400, stretch='normal', size='scalable')) = 10.05
DEBUG:matplotlib.font_manager:findfont: score(FontEntry(fname='/usr/share/fonts/truetype/kacst/KacstNaskh.ttf', name='KacstNaskh', style='normal', variant='normal', weight=500, stretch='normal', size='scalable')) = 10.145
DEBUG:matplotlib.font_manager:findfont: score(FontEntry(fname='/usr/share/fonts/truetype/liberation2/LiberationMono-Regular.ttf', name='Liberation Mono', style='normal', variant='normal', weight=400, stretch='normal', size='scalable')) = 10.05
DEBUG:matplotlib.font_manager:findfont: score(FontEntry(fname='/usr/share/fonts/truetype/padauk/PadaukBook-Regular.ttf', name='Padauk Book', style='normal', variant='normal', weight=400, stretch='normal', size='scalable')) = 10.05
DEBUG:matplotlib.font_manager:findfont: score(FontEntry(fname='/usr/share/fonts/truetype/tlwg/Laksaman-BoldItalic.ttf', name='Laksaman', style='italic', variant='normal', weight=700, stretch='normal', size='scalable')) = 11.335
DEBUG:matplotlib.font_manager:findfont: score(FontEntry(fname='/usr/share/fonts/truetype/ubuntu/UbuntuMono-B.ttf', name='Ubuntu Mono', style='normal', variant='normal', weight=700, stretch='normal', size='scalable')) = 10.335
DEBUG:matplotlib.font_manager:findfont: score(FontEntry(fname='/usr/share/fonts/truetype/dejavu/DejaVuSans-ExtraLight.ttf', name='DejaVu Sans', style='normal', variant='normal', weight=200, stretch='normal', size='scalable')) = 0.24
DEBUG:matplotlib.font_manager:findfont: score(FontEntry(fname='/usr/share/fonts/truetype/dejavu/DejaVuSerifCondensed-BoldItalic.ttf', name='DejaVu Serif', style='italic', variant='normal', weight=700, stretch='condensed', size='scalable')) = 11.535
DEBUG:matplotlib.font_manager:findfont: score(FontEntry(fname='/usr/share/fonts/truetype/teluguvijayam/Ramaraja-Regular.ttf', name='Ramaraja', style='normal', variant='normal', weight=400, stretch='normal', size='scalable')) = 10.05
DEBUG:matplotlib.font_manager:findfont: score(FontEntry(fname='/usr/share/fonts/truetype/teluguvijayam/NTR.ttf', name='NTR', style='normal', variant='normal', weight=400, stretch='normal', size='scalable')) = 10.05
DEBUG:matplotlib.font_manager:findfont: score(FontEntry(fname='/usr/share/fonts/opentype/urw-base35/NimbusMonoPS-Regular.otf', name='Nimbus Mono PS', style='normal', variant='normal', weight=400, stretch='normal', size='scalable')) = 10.05
DEBUG:matplotlib.font_manager:findfont: score(FontEntry(fname='/usr/share/fonts/truetype/kacst/mry_KacstQurn.ttf', name='mry_KacstQurn', style='normal', variant='normal', weight=400, stretch='normal', size='scalable')) = 10.05
DEBUG:matplotlib.font_manager:findfont: score(FontEntry(fname='/usr/share/fonts/truetype/tlwg/Sawasdee-Oblique.ttf', name='Sawasdee', style='oblique', variant='normal', weight=400, stretch='normal', size='scalable')) = 11.05
DEBUG:matplotlib.font_manager:findfont: score(FontEntry(fname='/usr/share/fonts/truetype/tlwg/TlwgMono-BoldOblique.ttf', name='Tlwg Mono', style='oblique', variant='normal', weight=700, stretch='normal', size='scalable')) = 11.335
DEBUG:matplotlib.font_manager:findfont: score(FontEntry(fname='/usr/share/fonts/truetype/malayalam/Rachana-Bold.ttf', name='Rachana', style='normal', variant='normal', weight=700, stretch='normal', size='scalable')) = 10.335
DEBUG:matplotlib.font_manager:findfont: score(FontEntry(fname='/usr/share/fonts/opentype/urw-base35/NimbusMonoPS-Bold.otf', name='Nimbus Mono PS', style='normal', variant='normal', weight=700, stretch='normal', size='scalable')) = 10.335
DEBUG:matplotlib.font_manager:findfont: score(FontEntry(fname='/usr/share/fonts/truetype/tlwg/Laksaman.ttf', name='Laksaman', style='normal', variant='normal', weight=400, stretch='normal', size='scalable')) = 10.05
DEBUG:matplotlib.font_manager:findfont: score(FontEntry(fname='/usr/share/fonts/opentype/urw-base35/P052-Italic.otf', name='P052', style='italic', variant='normal', weight=400, stretch='normal', size='scalable')) = 11.05
DEBUG:matplotlib.font_manager:findfont: score(FontEntry(fname='/usr/share/fonts/truetype/teluguvijayam/SreeKrushnadevaraya.ttf', name='Sree Krushnadevaraya', style='normal', variant='normal', weight=400, stretch='normal', size='scalable')) = 10.05
DEBUG:matplotlib.font_manager:findfont: score(FontEntry(fname='/usr/share/fonts/truetype/lohit-oriya/Lohit-Odia.ttf', name='Lohit Odia', style='normal', variant='normal', weight=400, stretch='normal', size='scalable')) = 10.05
DEBUG:matplotlib.font_manager:findfont: score(FontEntry(fname='/usr/share/fonts/opentype/urw-base35/C059-Roman.otf', name='C059', style='normal', variant='normal', weight=400, stretch='normal', size='scalable')) = 10.05
DEBUG:matplotlib.font_manager:findfont: score(FontEntry(fname='/usr/share/fonts/truetype/tlwg/Garuda-Oblique.ttf', name='Garuda', style='oblique', variant='normal', weight=400, stretch='normal', size='scalable')) = 11.05
DEBUG:matplotlib.font_manager:findfont: score(FontEntry(fname='/usr/share/fonts/truetype/fonts-guru-extra/Saab.ttf', name='Saab', style='normal', variant='normal', weight=400, stretch='normal', size='scalable')) = 10.05
DEBUG:matplotlib.font_manager:findfont: score(FontEntry(fname='/usr/share/fonts/truetype/Gubbi/Gubbi.ttf', name='Gubbi', style='normal', variant='normal', weight=400, stretch='normal', size='scalable')) = 10.05
DEBUG:matplotlib.font_manager:findfont: score(FontEntry(fname='/usr/share/fonts/truetype/tlwg/Waree-Bold.ttf', name='Waree', style='normal', variant='normal', weight=700, stretch='normal', size='scalable')) = 10.335
DEBUG:matplotlib.font_manager:findfont: score(FontEntry(fname='/usr/share/fonts/opentype/malayalam/Gayathri-Bold.otf', name='Gayathri', style='normal', variant='normal', weight=700, stretch='normal', size='scalable')) = 10.335
DEBUG:matplotlib.font_manager:findfont: score(FontEntry(fname='/usr/share/fonts/opentype/urw-base35/NimbusRoman-BoldItalic.otf', name='Nimbus Roman', style='italic', variant='normal', weight=700, stretch='normal', size='scalable')) = 11.335
DEBUG:matplotlib.font_manager:findfont: score(FontEntry(fname='/usr/share/fonts/truetype/fonts-yrsa-rasa/Yrsa-Medium.ttf', name='Yrsa', style='normal', variant='normal', weight=500, stretch='normal', size='scalable')) = 10.145
DEBUG:matplotlib.font_manager:findfont: score(FontEntry(fname='/usr/share/fonts/truetype/teluguvijayam/TimmanaRegular.ttf', name='Timmana', style='normal', variant='normal', weight=900, stretch='normal', size='scalable')) = 10.525
DEBUG:matplotlib.font_manager:findfont: score(FontEntry(fname='/usr/share/fonts/truetype/tlwg/Laksaman-Bold.ttf', name='Laksaman', style='normal', variant='normal', weight=700, stretch='normal', size='scalable')) = 10.335
DEBUG:matplotlib.font_manager:findfont: score(FontEntry(fname='/usr/share/fonts/truetype/fonts-beng-extra/MitraMono.ttf', name='Mitra ', style='normal', variant='normal', weight=400, stretch='normal', size='scalable')) = 10.05
DEBUG:matplotlib.font_manager:findfont: score(FontEntry(fname='/usr/share/fonts/opentype/urw-base35/C059-Italic.otf', name='C059', style='italic', variant='normal', weight=400, stretch='normal', size='scalable')) = 11.05
DEBUG:matplotlib.font_manager:findfont: score(FontEntry(fname='/usr/share/fonts/truetype/dejavu/DejaVuSerif.ttf', name='DejaVu Serif', style='normal', variant='normal', weight=400, stretch='normal', size='scalable')) = 10.05
DEBUG:matplotlib.font_manager:findfont: score(FontEntry(fname='/usr/share/fonts/truetype/freefont/FreeSerif.ttf', name='FreeSerif', style='normal', variant='normal', weight=400, stretch='normal', size='scalable')) = 10.05
DEBUG:matplotlib.font_manager:findfont: score(FontEntry(fname='/usr/share/fonts/truetype/liberation/LiberationMono-Italic.ttf', name='Liberation Mono', style='italic', variant='normal', weight=400, stretch='normal', size='scalable')) = 11.05
DEBUG:matplotlib.font_manager:findfont: score(FontEntry(fname='/usr/share/fonts/truetype/liberation/LiberationMono-Regular.ttf', name='Liberation Mono', style='normal', variant='normal', weight=400, stretch='normal', size='scalable')) = 10.05
DEBUG:matplotlib.font_manager:findfont: score(FontEntry(fname='/usr/share/fonts/truetype/teluguvijayam/Gidugu.ttf', name='Gidugu', style='normal', variant='normal', weight=400, stretch='normal', size='scalable')) = 10.05
DEBUG:matplotlib.font_manager:findfont: score(FontEntry(fname='/usr/share/fonts/opentype/urw-base35/NimbusMonoPS-Italic.otf', name='Nimbus Mono PS', style='italic', variant='normal', weight=400, stretch='normal', size='scalable')) = 11.05
DEBUG:matplotlib.font_manager:findfont: score(FontEntry(fname='/usr/share/fonts/truetype/ubuntu/Ubuntu-M.ttf', name='Ubuntu', style='normal', variant='normal', weight=500, stretch='normal', size='scalable')) = 10.145
DEBUG:matplotlib.font_manager:findfont: score(FontEntry(fname='/usr/share/fonts/truetype/tlwg/Norasi-Oblique.ttf', name='Norasi', style='oblique', variant='normal', weight=400, stretch='normal', size='scalable')) = 11.05
DEBUG:matplotlib.font_manager:findfont: score(FontEntry(fname='/usr/share/fonts/truetype/tlwg/Loma-BoldOblique.ttf', name='Loma', style='oblique', variant='normal', weight=700, stretch='normal', size='scalable')) = 11.335
DEBUG:matplotlib.font_manager:findfont: score(FontEntry(fname='/usr/share/fonts/truetype/dejavu/DejaVuSerifCondensed.ttf', name='DejaVu Serif', style='normal', variant='normal', weight=400, stretch='condensed', size='scalable')) = 10.25
DEBUG:matplotlib.font_manager:findfont: score(FontEntry(fname='/usr/share/fonts/truetype/freefont/FreeMono.ttf', name='FreeMono', style='normal', variant='normal', weight=400, stretch='normal', size='scalable')) = 10.05
DEBUG:matplotlib.font_manager:findfont: score(FontEntry(fname='/usr/share/fonts/truetype/malayalam/Meera-Regular.ttf', name='Meera', style='normal', variant='normal', weight=400, stretch='normal', size='scalable')) = 10.05
DEBUG:matplotlib.font_manager:findfont: score(FontEntry(fname='/usr/share/fonts/truetype/fonts-yrsa-rasa/Rasa-Regular.ttf', name='Rasa', style='normal', variant='normal', weight=400, stretch='normal', size='scalable')) = 10.05
DEBUG:matplotlib.font_manager:findfont: score(FontEntry(fname='/usr/share/fonts/truetype/liberation2/LiberationMono-BoldItalic.ttf', name='Liberation Mono', style='italic', variant='normal', weight=700, stretch='normal', size='scalable')) = 11.335
DEBUG:matplotlib.font_manager:findfont: score(FontEntry(fname='/usr/share/fonts/truetype/dejavu/DejaVuSans.ttf', name='DejaVu Sans', style='normal', variant='normal', weight=400, stretch='normal', size='scalable')) = 0.05
DEBUG:matplotlib.font_manager:findfont: score(FontEntry(fname='/usr/share/fonts/truetype/ubuntu/Ubuntu-B.ttf', name='Ubuntu', style='normal', variant='normal', weight=700, stretch='normal', size='scalable')) = 10.335
DEBUG:matplotlib.font_manager:findfont: score(FontEntry(fname='/usr/share/fonts/truetype/dejavu/DejaVuSerif-BoldItalic.ttf', name='DejaVu Serif', style='italic', variant='normal', weight=700, stretch='normal', size='scalable')) = 11.335
DEBUG:matplotlib.font_manager:findfont: score(FontEntry(fname='/usr/share/fonts/opentype/urw-base35/NimbusSans-Bold.otf', name='Nimbus Sans', style='normal', variant='normal', weight=700, stretch='normal', size='scalable')) = 10.335
DEBUG:matplotlib.font_manager:findfont: score(FontEntry(fname='/usr/share/fonts/truetype/tlwg/Purisa-Oblique.ttf', name='Purisa', style='oblique', variant='normal', weight=400, stretch='normal', size='scalable')) = 11.05
DEBUG:matplotlib.font_manager:findfont: score(FontEntry(fname='/usr/share/fonts/opentype/urw-base35/D050000L.otf', name='D050000L', style='normal', variant='normal', weight=400, stretch='normal', size='scalable')) = 10.05
DEBUG:matplotlib.font_manager:findfont: score(FontEntry(fname='/usr/share/fonts/truetype/teluguvijayam/SyamalaRamana.ttf', name='Syamala Ramana', style='normal', variant='normal', weight=400, stretch='normal', size='scalable')) = 10.05
DEBUG:matplotlib.font_manager:findfont: score(FontEntry(fname='/usr/share/fonts/truetype/tlwg/TlwgTypist-Bold.ttf', name='Tlwg Typist', style='normal', variant='normal', weight=700, stretch='normal', size='scalable')) = 10.335
DEBUG:matplotlib.font_manager:findfont: score(FontEntry(fname='/usr/share/fonts/truetype/tlwg/TlwgTypo.ttf', name='Tlwg Typo', style='normal', variant='normal', weight=400, stretch='normal', size='scalable')) = 10.05
DEBUG:matplotlib.font_manager:findfont: score(FontEntry(fname='/usr/share/fonts/truetype/ubuntu/Ubuntu-LI.ttf', name='Ubuntu', style='italic', variant='normal', weight=300, stretch='normal', size='scalable')) = 11.145
DEBUG:matplotlib.font_manager:findfont: score(FontEntry(fname='/usr/share/fonts/truetype/libreoffice/opens___.ttf', name='OpenSymbol', style='normal', variant='normal', weight=400, stretch='normal', size='scalable')) = 10.05
DEBUG:matplotlib.font_manager:findfont: score(FontEntry(fname='/usr/share/fonts/truetype/liberation/LiberationSansNarrow-Bold.ttf', name='Liberation Sans Narrow', style='normal', variant='normal', weight=700, stretch='condensed', size='scalable')) = 10.535
DEBUG:matplotlib.font_manager:findfont: score(FontEntry(fname='/usr/share/fonts/truetype/fonts-gujr-extra/padmaa.ttf', name='padmaa', style='normal', variant='normal', weight=500, stretch='normal', size='scalable')) = 10.145
DEBUG:matplotlib.font_manager:findfont: score(FontEntry(fname='/usr/share/fonts/truetype/ttf-khmeros-core/KhmerOS.ttf', name='Khmer OS', style='normal', variant='normal', weight=400, stretch='normal', size='scalable')) = 10.05
DEBUG:matplotlib.font_manager:findfont: score(FontEntry(fname='/usr/share/fonts/truetype/kacst-one/KacstOne.ttf', name='KacstOne', style='normal', variant='normal', weight=400, stretch='normal', size='scalable')) = 10.05
DEBUG:matplotlib.font_manager:findfont: score(FontEntry(fname='/usr/share/fonts/truetype/ubuntu/Ubuntu-L.ttf', name='Ubuntu', style='normal', variant='normal', weight=300, stretch='normal', size='scalable')) = 10.145
DEBUG:matplotlib.font_manager:findfont: score(FontEntry(fname='/usr/share/fonts/truetype/fonts-gujr-extra/aakar-medium.ttf', name='aakar', style='normal', variant='normal', weight=500, stretch='normal', size='scalable')) = 10.145
DEBUG:matplotlib.font_manager:findfont: score(FontEntry(fname='/usr/share/fonts/opentype/malayalam/Manjari-Bold.otf', name='Manjari', style='normal', variant='normal', weight=700, stretch='normal', size='scalable')) = 10.335
DEBUG:matplotlib.font_manager:findfont: score(FontEntry(fname='/usr/share/fonts/truetype/fonts-deva-extra/samanata.ttf', name='Samanata', style='normal', variant='normal', weight=400, stretch='normal', size='scalable')) = 10.05
DEBUG:matplotlib.font_manager:findfont: score(FontEntry(fname='/usr/share/fonts/truetype/noto/NotoMono-Regular.ttf', name='Noto Mono', style='normal', variant='normal', weight=400, stretch='normal', size='scalable')) = 10.05
DEBUG:matplotlib.font_manager:findfont: score(FontEntry(fname='/usr/share/fonts/truetype/teluguvijayam/TenaliRamakrishna-Regular.ttf', name='TenaliRamakrishna', style='normal', variant='normal', weight=400, stretch='normal', size='scalable')) = 10.05
DEBUG:matplotlib.font_manager:findfont: score(FontEntry(fname='/usr/share/fonts/truetype/teluguvijayam/NATS.ttf', name='NATS', style='normal', variant='normal', weight=400, stretch='normal', size='scalable')) = 10.05
DEBUG:matplotlib.font_manager:findfont: score(FontEntry(fname='/usr/share/fonts/truetype/freefont/FreeMonoBold.ttf', name='FreeMono', style='normal', variant='normal', weight=700, stretch='normal', size='scalable')) = 10.335
DEBUG:matplotlib.font_manager:findfont: score(FontEntry(fname='/usr/share/fonts/truetype/liberation/LiberationSansNarrow-Regular.ttf', name='Liberation Sans Narrow', style='normal', variant='normal', weight=400, stretch='condensed', size='scalable')) = 10.25
DEBUG:matplotlib.font_manager:findfont: score(FontEntry(fname='/usr/share/fonts/truetype/tlwg/Umpush-BoldOblique.ttf', name='Umpush', style='oblique', variant='normal', weight=700, stretch='normal', size='scalable')) = 11.335
DEBUG:matplotlib.font_manager:findfont: score(FontEntry(fname='/usr/share/fonts/truetype/freefont/FreeSerifItalic.ttf', name='FreeSerif', style='italic', variant='normal', weight=400, stretch='normal', size='scalable')) = 11.05
DEBUG:matplotlib.font_manager:findfont: score(FontEntry(fname='/usr/share/fonts/truetype/tlwg/Kinnari-BoldItalic.ttf', name='Kinnari', style='italic', variant='normal', weight=700, stretch='normal', size='scalable')) = 11.335
DEBUG:matplotlib.font_manager:findfont: score(FontEntry(fname='/usr/share/fonts/truetype/ubuntu/UbuntuMono-BI.ttf', name='Ubuntu Mono', style='italic', variant='normal', weight=700, stretch='normal', size='scalable')) = 11.335
DEBUG:matplotlib.font_manager:findfont: score(FontEntry(fname='/usr/share/fonts/truetype/teluguvijayam/Peddana-Regular.ttf', name='Peddana', style='normal', variant='normal', weight=400, stretch='normal', size='scalable')) = 10.05
DEBUG:matplotlib.font_manager:findfont: score(FontEntry(fname='/usr/share/fonts/truetype/lohit-kannada/Lohit-Kannada.ttf', name='Lohit Kannada', style='normal', variant='normal', weight=400, stretch='normal', size='scalable')) = 10.05
DEBUG:matplotlib.font_manager:findfont: score(FontEntry(fname='/usr/share/fonts/truetype/tlwg/TlwgTypewriter-Bold.ttf', name='Tlwg Typewriter', style='normal', variant='normal', weight=700, stretch='normal', size='scalable')) = 10.335
DEBUG:matplotlib.font_manager:findfont: score(FontEntry(fname='/usr/share/fonts/truetype/liberation/LiberationSansNarrow-BoldItalic.ttf', name='Liberation Sans Narrow', style='italic', variant='normal', weight=700, stretch='condensed', size='scalable')) = 11.535
DEBUG:matplotlib.font_manager:findfont: score(FontEntry(fname='/usr/share/fonts/truetype/kacst/KacstFarsi.ttf', name='KacstFarsi', style='normal', variant='normal', weight=500, stretch='normal', size='scalable')) = 10.145
DEBUG:matplotlib.font_manager:findfont: score(FontEntry(fname='/usr/share/fonts/truetype/ttf-khmeros-core/KhmerOSsys.ttf', name='Khmer OS System', style='normal', variant='normal', weight=400, stretch='normal', size='scalable')) = 10.05
DEBUG:matplotlib.font_manager:findfont: score(FontEntry(fname='/usr/share/fonts/truetype/dejavu/DejaVuSerif-Bold.ttf', name='DejaVu Serif', style='normal', variant='normal', weight=700, stretch='normal', size='scalable')) = 10.335
DEBUG:matplotlib.font_manager:findfont: score(FontEntry(fname='/usr/share/fonts/truetype/liberation2/LiberationSans-Italic.ttf', name='Liberation Sans', style='italic', variant='normal', weight=400, stretch='normal', size='scalable')) = 11.05
DEBUG:matplotlib.font_manager:findfont: score(FontEntry(fname='/usr/share/fonts/opentype/malayalam/Manjari-Regular.otf', name='Manjari', style='normal', variant='normal', weight=400, stretch='normal', size='scalable')) = 10.05
DEBUG:matplotlib.font_manager:findfont: score(FontEntry(fname='/usr/share/fonts/truetype/kacst/KacstPen.ttf', name='KacstPen', style='normal', variant='normal', weight=500, stretch='normal', size='scalable')) = 10.145
DEBUG:matplotlib.font_manager:findfont: score(FontEntry(fname='/usr/share/fonts/truetype/liberation/LiberationSans-Regular.ttf', name='Liberation Sans', style='normal', variant='normal', weight=400, stretch='normal', size='scalable')) = 10.05
DEBUG:matplotlib.font_manager:findfont: score(FontEntry(fname='/usr/share/fonts/truetype/malayalam/Keraleeyam-Regular.ttf', name='Keraleeyam', style='normal', variant='normal', weight=400, stretch='normal', size='scalable')) = 10.05
DEBUG:matplotlib.font_manager:findfont: score(FontEntry(fname='/usr/share/fonts/opentype/urw-base35/NimbusSansNarrow-Oblique.otf', name='Nimbus Sans Narrow', style='oblique', variant='normal', weight=400, stretch='condensed', size='scalable')) = 11.25
DEBUG:matplotlib.font_manager:findfont: score(FontEntry(fname='/usr/share/fonts/truetype/freefont/FreeSerifBold.ttf', name='FreeSerif', style='normal', variant='normal', weight=700, stretch='normal', size='scalable')) = 10.335
DEBUG:matplotlib.font_manager:findfont: score(FontEntry(fname='/usr/share/fonts/truetype/malayalam/Dyuthi-Regular.ttf', name='Dyuthi', style='normal', variant='normal', weight=400, stretch='normal', size='scalable')) = 10.05
DEBUG:matplotlib.font_manager:findfont: score(FontEntry(fname='/usr/share/fonts/opentype/urw-base35/P052-BoldItalic.otf', name='P052', style='italic', variant='normal', weight=700, stretch='normal', size='scalable')) = 11.335
DEBUG:matplotlib.font_manager:findfont: score(FontEntry(fname='/usr/share/fonts/truetype/tlwg/Purisa.ttf', name='Purisa', style='normal', variant='normal', weight=400, stretch='normal', size='scalable')) = 10.05
DEBUG:matplotlib.font_manager:findfont: score(FontEntry(fname='/usr/share/fonts/truetype/liberation2/LiberationSerif-Italic.ttf', name='Liberation Serif', style='italic', variant='normal', weight=400, stretch='normal', size='scalable')) = 11.05
DEBUG:matplotlib.font_manager:findfont: score(FontEntry(fname='/usr/share/fonts/truetype/noto/NotoSansMono-Regular.ttf', name='Noto Sans Mono', style='normal', variant='normal', weight=400, stretch='normal', size='scalable')) = 10.05
DEBUG:matplotlib.font_manager:findfont: score(FontEntry(fname='/usr/share/fonts/truetype/tlwg/TlwgTypewriter-Oblique.ttf', name='Tlwg Typewriter', style='oblique', variant='normal', weight=400, stretch='normal', size='scalable')) = 11.05
DEBUG:matplotlib.font_manager:findfont: score(FontEntry(fname='/usr/share/fonts/truetype/pagul/Pagul.ttf', name='Pagul', style='normal', variant='normal', weight=400, stretch='normal', size='scalable')) = 10.05
DEBUG:matplotlib.font_manager:findfont: score(FontEntry(fname='/usr/share/fonts/truetype/Navilu/Navilu.ttf', name='Navilu', style='normal', variant='normal', weight=400, stretch='normal', size='scalable')) = 10.05
DEBUG:matplotlib.font_manager:findfont: score(FontEntry(fname='/usr/share/fonts/truetype/kacst/KacstTitle.ttf', name='KacstTitle', style='normal', variant='normal', weight=500, stretch='normal', size='scalable')) = 10.145
DEBUG:matplotlib.font_manager:findfont: score(FontEntry(fname='/usr/share/fonts/truetype/dejavu/DejaVuMathTeXGyre.ttf', name='DejaVu Math TeX Gyre', style='normal', variant='normal', weight=400, stretch='normal', size='scalable')) = 10.05
DEBUG:matplotlib.font_manager:findfont: score(FontEntry(fname='/usr/share/fonts/opentype/urw-base35/Z003-MediumItalic.otf', name='Z003', style='italic', variant='normal', weight=500, stretch='normal', size='scalable')) = 11.145
DEBUG:matplotlib.font_manager:findfont: score(FontEntry(fname='/usr/share/fonts/opentype/urw-base35/URWBookman-DemiItalic.otf', name='URW Bookman', style='italic', variant='normal', weight=600, stretch='normal', size='scalable')) = 11.24
DEBUG:matplotlib.font_manager:findfont: score(FontEntry(fname='/usr/share/fonts/opentype/noto/NotoSansCJK-Bold.ttc', name='Noto Sans CJK JP', style='normal', variant='normal', weight=700, stretch='normal', size='scalable')) = 10.335
DEBUG:matplotlib.font_manager:findfont: score(FontEntry(fname='/usr/share/fonts/truetype/tlwg/Waree-Oblique.ttf', name='Waree', style='oblique', variant='normal', weight=400, stretch='normal', size='scalable')) = 11.05
DEBUG:matplotlib.font_manager:findfont: score(FontEntry(fname='/usr/share/fonts/truetype/dejavu/DejaVuSerifCondensed-Italic.ttf', name='DejaVu Serif', style='italic', variant='normal', weight=400, stretch='condensed', size='scalable')) = 11.25
DEBUG:matplotlib.font_manager:findfont: score(FontEntry(fname='/usr/share/fonts/truetype/tlwg/Kinnari-BoldOblique.ttf', name='Kinnari', style='oblique', variant='normal', weight=700, stretch='normal', size='scalable')) = 11.335
DEBUG:matplotlib.font_manager:findfont: score(FontEntry(fname='/usr/share/fonts/truetype/noto/NotoSansMono-Bold.ttf', name='Noto Sans Mono', style='normal', variant='normal', weight=700, stretch='normal', size='scalable')) = 10.335
DEBUG:matplotlib.font_manager:findfont: score(FontEntry(fname='/usr/share/fonts/truetype/kacst/KacstPoster.ttf', name='KacstPoster', style='normal', variant='normal', weight=500, stretch='normal', size='scalable')) = 10.145
DEBUG:matplotlib.font_manager:findfont: score(FontEntry(fname='/usr/share/fonts/truetype/tlwg/Waree-BoldOblique.ttf', name='Waree', style='oblique', variant='normal', weight=700, stretch='normal', size='scalable')) = 11.335
DEBUG:matplotlib.font_manager:findfont: score(FontEntry(fname='/usr/share/fonts/truetype/padauk/Padauk-Regular.ttf', name='Padauk', style='normal', variant='normal', weight=400, stretch='normal', size='scalable')) = 10.05
DEBUG:matplotlib.font_manager:findfont: Matching sans\-serif:style=normal:variant=normal:weight=normal:stretch=normal:size=9.0 to DejaVu Sans ('/home/tntiniak/Work/studio/lib/python3.10/site-packages/matplotlib/mpl-data/fonts/ttf/DejaVuSans.ttf') with score of 0.050000.
DEBUG:root:ics_tab.py: fill_celltype_combobox(): ['default']
DEBUG:root:ics_tab.py: ------- fill_substrate_combobox
DEBUG:root: --> oxygen
DEBUG:matplotlib.colorbar:colorbar update normal <matplotlib.colors.Normalize object at 0x788c2c0d99c0> <matplotlib.colors.Normalize object at 0x788c2c266860>
DEBUG:matplotlib.colorbar:locator: <matplotlib.ticker.AutoLocator object at 0x788c2c0d8fd0>
DEBUG:matplotlib.colorbar:colorbar update normal <matplotlib.colors.Normalize object at 0x788c2c2666e0> <matplotlib.colors.Normalize object at 0x788c2c0d99c0>
DEBUG:matplotlib.colorbar:locator: <matplotlib.ticker.AutoLocator object at 0x788c2c0db250>
DEBUG:root:ics_tab.py: fill_celltype_combobox(): ['default']
DEBUG:root:ics_tab.py: ------- fill_substrate_combobox
DEBUG:matplotlib.colorbar:colorbar update normal <matplotlib.colors.Normalize object at 0x788c2c0aca60> <matplotlib.colors.Normalize object at 0x788c2c2666e0>
DEBUG:matplotlib.colorbar:locator: <matplotlib.ticker.AutoLocator object at 0x788c2c14a2c0>
DEBUG:matplotlib.colorbar:colorbar update normal <matplotlib.colors.Normalize object at 0x788c2c14a980> <matplotlib.colors.Normalize object at 0x788c2c0aca60>
DEBUG:matplotlib.colorbar:locator: <matplotlib.ticker.AutoLocator object at 0x788c2c0d9900>
DEBUG:root: --> oxygen
DEBUG:matplotlib.colorbar:colorbar update normal <matplotlib.colors.Normalize object at 0x788c2c2666e0> <matplotlib.colors.Normalize object at 0x788c2c14a980>
DEBUG:matplotlib.colorbar:locator: <matplotlib.ticker.AutoLocator object at 0x788c2c0d9840>
DEBUG:matplotlib.colorbar:colorbar update normal <matplotlib.colors.Normalize object at 0x788c2c12de70> <matplotlib.colors.Normalize object at 0x788c2c2666e0>
DEBUG:matplotlib.colorbar:locator: <matplotlib.ticker.AutoLocator object at 0x788c2c0d9300>
DEBUG:root:ics_tab.py: ------- fill_substrate_combobox
DEBUG:matplotlib.colorbar:colorbar update normal <matplotlib.colors.Normalize object at 0x788c2c267520> <matplotlib.colors.Normalize object at 0x788c2c12de70>
DEBUG:matplotlib.colorbar:locator: <matplotlib.ticker.AutoLocator object at 0x788c2c14a680>
DEBUG:matplotlib.colorbar:colorbar update normal <matplotlib.colors.Normalize object at 0x788c2c2676d0> <matplotlib.colors.Normalize object at 0x788c2c267520>
DEBUG:matplotlib.colorbar:locator: <matplotlib.ticker.AutoLocator object at 0x788c2c14a740>
DEBUG:root: --> oxygen
DEBUG:matplotlib.colorbar:colorbar update normal <matplotlib.colors.Normalize object at 0x788c2c267520> <matplotlib.colors.Normalize object at 0x788c2c2676d0>
DEBUG:matplotlib.colorbar:locator: <matplotlib.ticker.AutoLocator object at 0x788c2c12de70>
DEBUG:matplotlib.colorbar:colorbar update normal <matplotlib.colors.Normalize object at 0x788c2c266890> <matplotlib.colors.Normalize object at 0x788c2c267520>
DEBUG:matplotlib.colorbar:locator: <matplotlib.ticker.AutoLocator object at 0x788c2c14a500>
DEBUG:root:studio.py: calling vis_tab.substrates_cbox_changed_cb(2)
INFO:matplotlib.animation:Animation.save using <class 'matplotlib.animation.FFMpegWriter'>
DEBUG:matplotlib.animation:frame size in pixels is 1280 x 960
INFO:matplotlib.animation:MovieWriter._run: running command: ffmpeg -f rawvideo -vcodec rawvideo -s 1280x960 -pix_fmt rgba -framerate 10.0 -i pipe: -vcodec h264 -pix_fmt yuv420p -y substrates.mp4
DEBUG:matplotlib.animation:MovieWriter stderr:
ffmpeg version 4.4.2-0ubuntu0.22.04.1 Copyright (c) 2000-2021 the FFmpeg developers
  built with gcc 11 (Ubuntu 11.2.0-19ubuntu1)
  configuration: --prefix=/usr --extra-version=0ubuntu0.22.04.1 --toolchain=hardened --libdir=/usr/lib/x86_64-linux-gnu --incdir=/usr/include/x86_64-linux-gnu --arch=amd64 --enable-gpl --disable-stripping --enable-gnutls --enable-ladspa --enable-libaom --enable-libass --enable-libbluray --enable-libbs2b --enable-libcaca --enable-libcdio --enable-libcodec2 --enable-libdav1d --enable-libflite --enable-libfontconfig --enable-libfreetype --enable-libfribidi --enable-libgme --enable-libgsm --enable-libjack --enable-libmp3lame --enable-libmysofa --enable-libopenjpeg --enable-libopenmpt --enable-libopus --enable-libpulse --enable-librabbitmq --enable-librubberband --enable-libshine --enable-libsnappy --enable-libsoxr --enable-libspeex --enable-libsrt --enable-libssh --enable-libtheora --enable-libtwolame --enable-libvidstab --enable-libvorbis --enable-libvpx --enable-libwebp --enable-libx265 --enable-libxml2 --enable-libxvid --enable-libzimg --enable-libzmq --enable-libzvbi --enable-lv2 --enable-omx --enable-openal --enable-opencl --enable-opengl --enable-sdl2 --enable-pocketsphinx --enable-librsvg --enable-libmfx --enable-libdc1394 --enable-libdrm --enable-libiec61883 --enable-chromaprint --enable-frei0r --enable-libx264 --enable-shared
  libavutil      56. 70.100 / 56. 70.100
  libavcodec     58.134.100 / 58.134.100
  libavformat    58. 76.100 / 58. 76.100
  libavdevice    58. 13.100 / 58. 13.100
  libavfilter     7.110.100 /  7.110.100
  libswscale      5.  9.100 /  5.  9.100
  libswresample   3.  9.100 /  3.  9.100
  libpostproc    55.  9.100 / 55.  9.100
Input #0, rawvideo, from 'pipe:':
  Duration: N/A, bitrate: 393216 kb/s
  Stream #0:0: Video: rawvideo (RGBA / 0x41424752), rgba, 1280x960, 393216 kb/s, 10 tbr, 10 tbn, 10 tbc
Stream mapping:
  Stream #0:0 -> #0:0 (rawvideo (native) -> h264 (libx264))
[libx264 @ 0x5af93bc51dc0] using cpu capabilities: MMX2 SSE2Fast SSSE3 SSE4.2 AVX FMA3 BMI2 AVX2
[libx264 @ 0x5af93bc51dc0] profile High, level 3.2, 4:2:0, 8-bit
[libx264 @ 0x5af93bc51dc0] 264 - core 163 r3060 5db6aa6 - H.264/MPEG-4 AVC codec - Copyleft 2003-2021 - http://www.videolan.org/x264.html - options: cabac=1 ref=3 deblock=1:0:0 analyse=0x3:0x113 me=hex subme=7 psy=1 psy_rd=1.00:0.00 mixed_ref=1 me_range=16 chroma_me=1 trellis=1 8x8dct=1 cqm=0 deadzone=21,11 fast_pskip=1 chroma_qp_offset=-2 threads=18 lookahead_threads=3 sliced_threads=0 nr=0 decimate=1 interlaced=0 bluray_compat=0 constrained_intra=0 bframes=3 b_pyramid=2 b_adapt=1 b_bias=0 direct=1 weightb=1 open_gop=0 weightp=2 keyint=250 keyint_min=10 scenecut=40 intra_refresh=0 rc_lookahead=40 rc=crf mbtree=1 crf=23.0 qcomp=0.60 qpmin=0 qpmax=69 qpstep=4 ip_ratio=1.40 aq=1:1.00
Output #0, mp4, to 'substrates.mp4':
  Metadata:
    encoder         : Lavf58.76.100
  Stream #0:0: Video: h264 (avc1 / 0x31637661), yuv420p, 1280x960, q=2-31, 10 fps, 10240 tbn
    Metadata:
      encoder         : Lavc58.134.100 libx264
    Side data:
      cpb: bitrate max/min/avg: 0/0/0 buffer size: 0 vbv_delay: N/A
frame=    0 fps=0.0 q=0.0 size=       0kB time=00:00:00.00 bitrate=N/A speed=   0x    
frame=    0 fps=0.0 q=0.0 Lsize=       0kB time=00:00:00.00 bitrate=N/A speed=   0x    
video:0kB audio:0kB subtitle:0kB other streams:0kB global headers:0kB muxing overhead: unknown

