tool,run_id,dx_um,dt_min,average_source,center_source,cell_voxel_average_source,resolution_label,time_min,average_uM,center_uM,cell_voxel_average_uM
PhysiCell,PhysiCell_dx_5um_uptake,5.0,,mean over all voxels,single center voxel nearest the origin,mean over unique voxels nearest the configured cell positions,voxel size=5 um,0.0,10.0,10.0,10.0
PhysiCell,PhysiCell_dx_5um_uptake,5.0,,mean over all voxels,single center voxel nearest the origin,mean over unique voxels nearest the configured cell positions,voxel size=5 um,0.01,9.99861041920366,9.999999999999998,9.999999999999998
PhysiCell,PhysiCell_dx_5um_uptake,5.0,,mean over all voxels,single center voxel nearest the origin,mean over unique voxels nearest the configured cell positions,voxel size=5 um,0.02,9.997220838412938,9.922025416998896,9.971777953372381
PhysiCell,PhysiCell_dx_5um_uptake,5.0,,mean over all voxels,single center voxel nearest the origin,mean over unique voxels nearest the configured cell positions,voxel size=5 um,0.03,9.995831257670403,9.790014730538571,9.920660133033685
PhysiCell,PhysiCell_dx_5um_uptake,5.0,,mean over all voxels,single center voxel nearest the origin,mean over unique voxels nearest the configured cell positions,voxel size=5 um,0.04,9.994441677150109,9.656743807989363,9.865351270609773
PhysiCell,PhysiCell_dx_5um_uptake,5.0,,mean over all voxels,single center voxel nearest the origin,mean over unique voxels nearest the configured cell positions,voxel size=5 um,0.05,9.993052097362437,9.53513203927855,9.811530734858792
PhysiCell,PhysiCell_dx_5um_uptake,5.0,,mean over all voxels,single center voxel nearest the origin,mean over unique voxels nearest the configured cell positions,voxel size=5 um,0.06,9.991662519511289,9.425967879997899,9.760378930267928
PhysiCell,PhysiCell_dx_5um_uptake,5.0,,mean over all voxels,single center voxel nearest the origin,mean over unique voxels nearest the configured cell positions,voxel size=5 um,0.07,9.990272946026854,9.327731270479866,9.711976006044427
PhysiCell,PhysiCell_dx_5um_uptake,5.0,,mean over all voxels,single center voxel nearest the origin,mean over unique voxels nearest the configured cell positions,voxel size=5 um,0.08,9.988883381271199,9.238797202436405,9.66617020911604
PhysiCell,PhysiCell_dx_5um_uptake,5.0,,mean over all voxels,single center voxel nearest the origin,mean over unique voxels nearest the configured cell positions,voxel size=5 um,0.09,9.987493832388981,9.157805237423979,9.622777664756379
PhysiCell,PhysiCell_dx_5um_uptake,5.0,,mean over all voxels,single center voxel nearest the origin,mean over unique voxels nearest the configured cell positions,voxel size=5 um,0.1,9.986104310257486,9.083657336331182,9.581623877593067
PhysiCell,PhysiCell_dx_5um_uptake,5.0,,mean over all voxels,single center voxel nearest the origin,mean over unique voxels nearest the configured cell positions,voxel size=5 um,0.11,9.984714830481474,9.015462214208522,9.54254969179415
PhysiCell,PhysiCell_dx_5um_uptake,5.0,,mean over all voxels,single center voxel nearest the origin,mean over unique voxels nearest the configured cell positions,voxel size=5 um,0.12,9.983325414378264,8.952486256450792,9.505410161321075
PhysiCell,PhysiCell_dx_5um_uptake,5.0,,mean over all voxels,single center voxel nearest the origin,mean over unique voxels nearest the configured cell positions,voxel size=5 um,0.13,9.981936089904982,8.89411737403041,9.470072609124989
PhysiCell,PhysiCell_dx_5um_uptake,5.0,,mean over all voxels,single center voxel nearest the origin,mean over unique voxels nearest the configured cell positions,voxel size=5 um,0.14,9.980546892489912,8.839838998502415,9.43641503963861
PhysiCell,PhysiCell_dx_5um_uptake,5.0,,mean over all voxels,single center voxel nearest the origin,mean over unique voxels nearest the configured cell positions,voxel size=5 um,0.15,9.979157865741113,8.78921106874234,9.40432496185569
PhysiCell,PhysiCell_dx_5um_uptake,5.0,,mean over all voxels,single center voxel nearest the origin,mean over unique voxels nearest the configured cell positions,voxel size=5 um,0.16,9.977769062016211,8.741855775843147,9.373698498388833
PhysiCell,PhysiCell_dx_5um_uptake,5.0,,mean over all voxels,single center voxel nearest the origin,mean over unique voxels nearest the configured cell positions,voxel size=5 um,0.17,9.976380542846199,8.69744661236425,9.344439669297286
PhysiCell,PhysiCell_dx_5um_uptake,5.0,,mean over all voxels,single center voxel nearest the origin,mean over unique voxels nearest the configured cell positions,voxel size=5 um,0.18,9.974992379213377,8.655699784391999,9.316459779070854
PhysiCell,PhysiCell_dx_5um_uptake,5.0,,mean over all voxels,single center voxel nearest the origin,mean over unique voxels nearest the configured cell positions,voxel size=5 um,0.19,9.973604651688783,8.616367362862697,9.289676866396295
PhysiCell,PhysiCell_dx_5um_uptake,5.0,,mean over all voxels,single center voxel nearest the origin,mean over unique voxels nearest the configured cell positions,voxel size=5 um,0.2,9.972217450437968,8.579231748112772,9.264015196033453
PhysiCell,PhysiCell_dx_5um_uptake,5.0,,mean over all voxels,single center voxel nearest the origin,mean over unique voxels nearest the configured cell positions,voxel size=5 um,0.21,9.970830875106412,8.544101147100818,9.239404783249315
PhysiCell,PhysiCell_dx_5um_uptake,5.0,,mean over all voxels,single center voxel nearest the origin,mean over unique voxels nearest the configured cell positions,voxel size=5 um,0.22,9.969445034596994,8.510805844977526,9.215780946975551
PhysiCell,PhysiCell_dx_5um_uptake,5.0,,mean over all voxels,single center voxel nearest the origin,mean over unique voxels nearest the configured cell positions,voxel size=5 um,0.23,9.968060046752505,8.479195108378699,9.193083890458315
PhysiCell,PhysiCell_dx_5um_uptake,5.0,,mean over all voxels,single center voxel nearest the origin,mean over unique voxels nearest the configured cell positions,voxel size=5 um,0.24,9.966676037956377,8.449134596753376,9.171258309105774
PhysiCell,PhysiCell_dx_5um_uptake,5.0,,mean over all voxels,single center voxel nearest the origin,mean over unique voxels nearest the configured cell positions,voxel size=5 um,0.25,9.965293142664205,8.420504186037775,9.150253025360676
PhysiCell,PhysiCell_dx_5um_uptake,5.0,,mean over all voxels,single center voxel nearest the origin,mean over unique voxels nearest the configured cell positions,voxel size=5 um,0.26,9.963911502878485,8.393196129614056,9.130020650203463
PhysiCell,PhysiCell_dx_5um_uptake,5.0,,mean over all voxels,single center voxel nearest the origin,mean over unique voxels nearest the configured cell positions,voxel size=5 um,0.27,9.962531267577916,8.367113497002993,9.110517270572236
PhysiCell,PhysiCell_dx_5um_uptake,5.0,,mean over all voxels,single center voxel nearest the origin,mean over unique voxels nearest the configured cell positions,voxel size=5 um,0.28,9.961152592112164,8.342168842598639,9.091702161685454
PhysiCell,PhysiCell_dx_5um_uptake,5.0,,mean over all voxels,single center voxel nearest the origin,mean over unique voxels nearest the configured cell positions,voxel size=5 um,0.29,9.959775637571903,8.31828306594639,9.073537523018583
PhysiCell,PhysiCell_dx_5um_uptake,5.0,,mean over all voxels,single center voxel nearest the origin,mean over unique voxels nearest the configured cell positions,voxel size=5 um,0.3,9.958400570143231,8.295384432274288,9.05598823652772
PhysiCell,PhysiCell_dx_5um_uptake,5.0,,mean over all voxels,single center voxel nearest the origin,mean over unique voxels nearest the configured cell positions,voxel size=5 um,0.31,9.957027560454566,8.273407727693261,9.039021645625608
PhysiCell,PhysiCell_dx_5um_uptake,5.0,,mean over all voxels,single center voxel nearest the origin,mean over unique voxels nearest the configured cell positions,voxel size=5 um,0.32,9.95565678292329,8.25229352803522,9.02260735338629
PhysiCell,PhysiCell_dx_5um_uptake,5.0,,mean over all voxels,single center voxel nearest the origin,mean over unique voxels nearest the configured cell positions,voxel size=5 um,0.33,9.954288415108554,8.231987563956263,9.006717038470013
PhysiCell,PhysiCell_dx_5um_uptake,5.0,,mean over all voxels,single center voxel nearest the origin,mean over unique voxels nearest the configured cell positions,voxel size=5 um,0.34,9.952922637075723,8.212440167889824,8.991324287307762
PhysiCell,PhysiCell_dx_5um_uptake,5.0,,mean over all voxels,single center voxel nearest the origin,mean over unique voxels nearest the configured cell positions,voxel size=5 um,0.35,9.951559630777286,8.193605790838433,8.976404441154061
PhysiCell,PhysiCell_dx_5um_uptake,5.0,,mean over all voxels,single center voxel nearest the origin,mean over unique voxels nearest the configured cell positions,voxel size=5 um,0.36,9.950199579454143,8.175442578956247,8.961934456699586
PhysiCell,PhysiCell_dx_5um_uptake,5.0,,mean over all voxels,single center voxel nearest the origin,mean over unique voxels nearest the configured cell positions,voxel size=5 um,0.37,9.948842667060575,8.157912001485661,8.947892779024931
PhysiCell,PhysiCell_dx_5um_uptake,5.0,,mean over all voxels,single center voxel nearest the origin,mean over unique voxels nearest the configured cell positions,voxel size=5 um,0.38,9.947489077715518,8.140978522938791,8.934259225769365
PhysiCell,PhysiCell_dx_5um_uptake,5.0,,mean over all voxels,single center voxel nearest the origin,mean over unique voxels nearest the configured cell positions,voxel size=5 um,0.39,9.94613899518214,8.12460931351286,8.921014881479861
PhysiCell,PhysiCell_dx_5um_uptake,5.0,,mean over all voxels,single center voxel nearest the origin,mean over unique voxels nearest the configured cell positions,voxel size=5 um,0.4,9.9447926023772,8.108773992640414,8.908142001194408
PhysiCell,PhysiCell_dx_5um_uptake,5.0,,mean over all voxels,single center voxel nearest the origin,mean over unique voxels nearest the configured cell positions,voxel size=5 um,0.41,9.9434500809112,8.093444401335281,8.895623922397707
PhysiCell,PhysiCell_dx_5um_uptake,5.0,,mean over all voxels,single center voxel nearest the origin,mean over unique voxels nearest the configured cell positions,voxel size=5 um,0.42,9.942111610659909,8.078594399630537,8.883444984566232
PhysiCell,PhysiCell_dx_5um_uptake,5.0,,mean over all voxels,single center voxel nearest the origin,mean over unique voxels nearest the configured cell positions,voxel size=5 um,0.43,9.94077736936742,8.06419968593802,8.87159045559293
PhysiCell,PhysiCell_dx_5um_uptake,5.0,,mean over all voxels,single center voxel nearest the origin,mean over unique voxels nearest the configured cell positions,voxel size=5 um,0.44,9.939447532280651,8.050237635607429,8.860046464449157
PhysiCell,PhysiCell_dx_5um_uptake,5.0,,mean over all voxels,single center voxel nearest the origin,mean over unique voxels nearest the configured cell positions,voxel size=5 um,0.45,9.93812227181485,8.03668715634197,8.848799939503255
PhysiCell,PhysiCell_dx_5um_uptake,5.0,,mean over all voxels,single center voxel nearest the origin,mean over unique voxels nearest the configured cell positions,voxel size=5 um,0.46,9.936801757249532,8.023528558448064,8.837838551971297
PhysiCell,PhysiCell_dx_5um_uptake,5.0,,mean over all voxels,single center voxel nearest the origin,mean over unique voxels nearest the configured cell positions,voxel size=5 um,0.47,9.935486154453955,8.010743438169055,8.827150664026664
PhysiCell,PhysiCell_dx_5um_uptake,5.0,,mean over all voxels,single center voxel nearest the origin,mean over unique voxels nearest the configured cell positions,voxel size=5 um,0.48,9.934175625641219,7.998314572584612,8.816725281141172
PhysiCell,PhysiCell_dx_5um_uptake,5.0,,mean over all voxels,single center voxel nearest the origin,mean over unique voxels nearest the configured cell positions,voxel size=5 um,0.49,9.932870329149855,7.986225824755562,8.806552008272359
PhysiCell,PhysiCell_dx_5um_uptake,5.0,,mean over all voxels,single center voxel nearest the origin,mean over unique voxels nearest the configured cell positions,voxel size=5 um,0.5,9.931570419251736,7.974462057963256,8.796621009548955
PhysiCell,PhysiCell_dx_5um_uptake,5.0,,mean over all voxels,single center voxel nearest the origin,mean over unique voxels nearest the configured cell positions,voxel size=5 um,0.51,9.930276045985043,7.963009058038069,8.786922971140624
PhysiCell,PhysiCell_dx_5um_uptake,5.0,,mean over all voxels,single center voxel nearest the origin,mean over unique voxels nearest the configured cell positions,voxel size=5 um,0.52,9.92898735501095,7.951853462896638,8.777449067028385
PhysiCell,PhysiCell_dx_5um_uptake,5.0,,mean over all voxels,single center voxel nearest the origin,mean over unique voxels nearest the configured cell positions,voxel size=5 um,0.53,9.927704487492797,7.940982698515418,8.76819092741966
PhysiCell,PhysiCell_dx_5um_uptake,5.0,,mean over all voxels,single center voxel nearest the origin,mean over unique voxels nearest the configured cell positions,voxel size=5 um,0.54,9.926427579996291,7.930384920661325,8.759140609576452
PhysiCell,PhysiCell_dx_5um_uptake,5.0,,mean over all voxels,single center voxel nearest the origin,mean over unique voxels nearest the configured cell positions,voxel size=5 um,0.55,9.925156764409493,7.920048961781047,8.75029057084731
PhysiCell,PhysiCell_dx_5um_uptake,5.0,,mean over all voxels,single center voxel nearest the origin,mean over unique voxels nearest the configured cell positions,voxel size=5 um,0.56,9.92389216788121,7.909964282520703,8.741633643713755
PhysiCell,PhysiCell_dx_5um_uptake,5.0,,mean over all voxels,single center voxel nearest the origin,mean over unique voxels nearest the configured cell positions,voxel size=5 um,0.57,9.92263391277659,7.9001209274086515,8.733163012679496
PhysiCell,PhysiCell_dx_5um_uptake,5.0,,mean over all voxels,single center voxel nearest the origin,mean over unique voxels nearest the configured cell positions,voxel size=5 um,0.58,9.921382116648516,7.890509484287342,8.724872192847215
PhysiCell,PhysiCell_dx_5um_uptake,5.0,,mean over all voxels,single center voxel nearest the origin,mean over unique voxels nearest the configured cell positions,voxel size=5 um,0.59,9.920136892223763,7.881121047126704,8.716755010041803
PhysiCell,PhysiCell_dx_5um_uptake,5.0,,mean over all voxels,single center voxel nearest the origin,mean over unique voxels nearest the configured cell positions,voxel size=5 um,0.6,9.918898347402553,7.871947181892215,8.708805582352245
PhysiCell,PhysiCell_dx_5um_uptake,5.0,,mean over all voxels,single center voxel nearest the origin,mean over unique voxels nearest the configured cell positions,voxel size=5 um,0.61,9.917666585270542,7.8629798951764585,8.70101830297593
PhysiCell,PhysiCell_dx_5um_uptake,5.0,,mean over all voxels,single center voxel nearest the origin,mean over unique voxels nearest the configured cell positions,voxel size=5 um,0.62,9.916441704122098,7.8542116053344655,8.693387824259794
PhysiCell,PhysiCell_dx_5um_uptake,5.0,,mean over all voxels,single center voxel nearest the origin,mean over unique voxels nearest the configured cell positions,voxel size=5 um,0.63,9.915223797493763,7.845635115890613,8.685909042842257
PhysiCell,PhysiCell_dx_5um_uptake,5.0,,mean over all voxels,single center voxel nearest the origin,mean over unique voxels nearest the configured cell positions,voxel size=5 um,0.64,9.914012954207118,7.837243591009293,8.678577085808419
PhysiCell,PhysiCell_dx_5um_uptake,5.0,,mean over all voxels,single center voxel nearest the origin,mean over unique voxels nearest the configured cell positions,voxel size=5 um,0.65,9.91280925841995,7.829030532843093,8.671387297778864
PhysiCell,PhysiCell_dx_5um_uptake,5.0,,mean over all voxels,single center voxel nearest the origin,mean over unique voxels nearest the configured cell positions,voxel size=5 um,0.66,9.911612789684934,7.820989760591215,8.664335228859358
PhysiCell,PhysiCell_dx_5um_uptake,5.0,,mean over all voxels,single center voxel nearest the origin,mean over unique voxels nearest the configured cell positions,voxel size=5 um,0.67,9.910423623015063,7.8131153911177575,8.657416623385066
PhysiCell,PhysiCell_dx_5um_uptake,5.0,,mean over all voxels,single center voxel nearest the origin,mean over unique voxels nearest the configured cell positions,voxel size=5 um,0.68,9.909241828954938,7.805401820994524,8.65062740939874
PhysiCell,PhysiCell_dx_5um_uptake,5.0,,mean over all voxels,single center voxel nearest the origin,mean over unique voxels nearest the configured cell positions,voxel size=5 um,0.69,9.908067473657344,7.7978437098462425,8.643963688807347
PhysiCell,PhysiCell_dx_5um_uptake,5.0,,mean over all voxels,single center voxel nearest the origin,mean over unique voxels nearest the configured cell positions,voxel size=5 um,0.7,9.906900618964347,7.790435964888063,8.637421728166535
PhysiCell,PhysiCell_dx_5um_uptake,5.0,,mean over all voxels,single center voxel nearest the origin,mean over unique voxels nearest the configured cell positions,voxel size=5 um,0.71,9.905741322492355,7.783173726555679,8.630997950046435
PhysiCell,PhysiCell_dx_5um_uptake,5.0,,mean over all voxels,single center voxel nearest the origin,mean over unique voxels nearest the configured cell positions,voxel size=5 um,0.72,9.904589637720521,7.776052355137942,8.624688924936235
PhysiCell,PhysiCell_dx_5um_uptake,5.0,,mean over all voxels,single center voxel nearest the origin,mean over unique voxels nearest the configured cell positions,voxel size=5 um,0.73,9.903445614082006,7.769067418330247,8.61849136364846
PhysiCell,PhysiCell_dx_5um_uptake,5.0,,mean over all voxels,single center voxel nearest the origin,mean over unique voxels nearest the configured cell positions,voxel size=5 um,0.74,9.902309297057567,7.762214679634577,8.612402110187176
PhysiCell,PhysiCell_dx_5um_uptake,5.0,,mean over all voxels,single center voxel nearest the origin,mean over unique voxels nearest the configured cell positions,voxel size=5 um,0.75,9.901180728271068,7.755490087538849,8.606418135047077
PhysiCell,PhysiCell_dx_5um_uptake,5.0,,mean over all voxels,single center voxel nearest the origin,mean over unique voxels nearest the configured cell positions,voxel size=5 um,0.76,9.900059945586452,7.748889765414313,8.600536528913246
PhysiCell,PhysiCell_dx_5um_uptake,5.0,,mean over all voxels,single center voxel nearest the origin,mean over unique voxels nearest the configured cell positions,voxel size=5 um,0.77,9.898946983205786,7.742410002075255,8.594754496733673
PhysiCell,PhysiCell_dx_5um_uptake,5.0,,mean over all voxels,single center voxel nearest the origin,mean over unique voxels nearest the configured cell positions,voxel size=5 um,0.78,9.897841871768133,7.736047242950165,8.58906935213886
PhysiCell,PhysiCell_dx_5um_uptake,5.0,,mean over all voxels,single center voxel nearest the origin,mean over unique voxels nearest the configured cell positions,voxel size=5 um,0.79,9.896744638448762,7.729798081817969,8.583478512184861
PhysiCell,PhysiCell_dx_5um_uptake,5.0,,mean over all voxels,single center voxel nearest the origin,mean over unique voxels nearest the configured cell positions,voxel size=5 um,0.8,9.895655307058586,7.723659253067016,8.577979492397915
PhysiCell,PhysiCell_dx_5um_uptake,5.0,,mean over all voxels,single center voxel nearest the origin,mean over unique voxels nearest the configured cell positions,voxel size=5 um,0.81,9.894573898143419,7.717627624438008,8.572569902100508
PhysiCell,PhysiCell_dx_5um_uptake,5.0,,mean over all voxels,single center voxel nearest the origin,mean over unique voxels nearest the configured cell positions,voxel size=5 um,0.82,9.893500429082918,7.711700190215458,8.567247440000283
PhysiCell,PhysiCell_dx_5um_uptake,5.0,,mean over all voxels,single center voxel nearest the origin,mean over unique voxels nearest the configured cell positions,voxel size=5 um,0.83,9.892434914188943,7.70587406483518,8.562009890024534
PhysiCell,PhysiCell_dx_5um_uptake,5.0,,mean over all voxels,single center voxel nearest the origin,mean over unique voxels nearest the configured cell positions,voxel size=5 um,0.84,9.891377364803153,7.700146476877994,8.556855117384389
PhysiCell,PhysiCell_dx_5um_uptake,5.0,,mean over all voxels,single center voxel nearest the origin,mean over unique voxels nearest the configured cell positions,voxel size=5 um,0.85,9.890327789393663,7.6945147634222995,8.551781064853936
PhysiCell,PhysiCell_dx_5um_uptake,5.0,,mean over all voxels,single center voxel nearest the origin,mean over unique voxels nearest the configured cell positions,voxel size=5 um,0.86,9.88928619365064,7.688976364730385,8.546785749250587
PhysiCell,PhysiCell_dx_5um_uptake,5.0,,mean over all voxels,single center voxel nearest the origin,mean over unique voxels nearest the configured cell positions,voxel size=5 um,0.87,9.888252580580664,7.683528819245344,8.54186725810406
PhysiCell,PhysiCell_dx_5um_uptake,5.0,,mean over all voxels,single center voxel nearest the origin,mean over unique voxels nearest the configured cell positions,voxel size=5 um,0.88,9.887226950599727,7.6781697588773286,8.537023746502173
PhysiCell,PhysiCell_dx_5um_uptake,5.0,,mean over all voxels,single center voxel nearest the origin,mean over unique voxels nearest the configured cell positions,voxel size=5 um,0.89,9.886209301624838,7.672896904559483,8.532253434102582
PhysiCell,PhysiCell_dx_5um_uptake,5.0,,mean over all voxels,single center voxel nearest the origin,mean over unique voxels nearest the configured cell positions,voxel size=5 um,0.9,9.885199629164045,7.66770806205556,8.527554602300212
PhysiCell,PhysiCell_dx_5um_uptake,5.0,,mean over all voxels,single center voxel nearest the origin,mean over unique voxels nearest the configured cell positions,voxel size=5 um,0.91,9.884197926404875,7.66260111800242,8.52292559154111
PhysiCell,PhysiCell_dx_5um_uptake,5.0,,mean over all voxels,single center voxel nearest the origin,mean over unique voxels nearest the configured cell positions,voxel size=5 um,0.92,9.883204184301077,7.65757403617208,8.518364798773764
PhysiCell,PhysiCell_dx_5um_uptake,5.0,,mean over all voxels,single center voxel nearest the origin,mean over unique voxels nearest the configured cell positions,voxel size=5 um,0.93,9.882218391657636,7.652624853938996,8.513870675029825
PhysiCell,PhysiCell_dx_5um_uptake,5.0,,mean over all voxels,single center voxel nearest the origin,mean over unique voxels nearest the configured cell positions,voxel size=5 um,0.94,9.881240535214024,7.647751678939427,8.509441723126566
PhysiCell,PhysiCell_dx_5um_uptake,5.0,,mean over all voxels,single center voxel nearest the origin,mean over unique voxels nearest the configured cell positions,voxel size=5 um,0.95,9.88027059972558,7.6429526859106325,8.505076495483992
PhysiCell,PhysiCell_dx_5um_uptake,5.0,,mean over all voxels,single center voxel nearest the origin,mean over unique voxels nearest the configured cell positions,voxel size=5 um,0.96,9.879308568043122,7.638226113698592,8.500773592049946
PhysiCell,PhysiCell_dx_5um_uptake,5.0,,mean over all voxels,single center voxel nearest the origin,mean over unique voxels nearest the configured cell positions,voxel size=5 um,0.97,9.878354421190616,7.633570262423757,8.496531658327063
PhysiCell,PhysiCell_dx_5um_uptake,5.0,,mean over all voxels,single center voxel nearest the origin,mean over unique voxels nearest the configured cell positions,voxel size=5 um,0.98,9.877408138441005,7.628983490795058,8.492349383495746
PhysiCell,PhysiCell_dx_5um_uptake,5.0,,mean over all voxels,single center voxel nearest the origin,mean over unique voxels nearest the configured cell positions,voxel size=5 um,0.99,9.876469697390156,7.624464213563132,8.488225498627788
PhysiCell,PhysiCell_dx_5um_uptake,5.0,,mean over all voxels,single center voxel nearest the origin,mean over unique voxels nearest the configured cell positions,voxel size=5 um,1.0,9.875539074028852,7.620010899104351,8.484158774985566
PhysiCell,PhysiCell_dx_5um_uptake,5.0,,mean over all voxels,single center voxel nearest the origin,mean over unique voxels nearest the configured cell positions,voxel size=5 um,1.01,9.874616242812973,7.615622067127807,8.480148022402103
PhysiCell,PhysiCell_dx_5um_uptake,5.0,,mean over all voxels,single center voxel nearest the origin,mean over unique voxels nearest the configured cell positions,voxel size=5 um,1.02,9.873701176731723,7.611296286497971,8.476192087737518
PhysiCell,PhysiCell_dx_5um_uptake,5.0,,mean over all voxels,single center voxel nearest the origin,mean over unique voxels nearest the configured cell positions,voxel size=5 um,1.03,9.87279384737403,7.60703217316623,8.472289853407755
PhysiCell,PhysiCell_dx_5um_uptake,5.0,,mean over all voxels,single center voxel nearest the origin,mean over unique voxels nearest the configured cell positions,voxel size=5 um,1.04,9.871894224993062,7.602828388204964,8.4684402359817
PhysiCell,PhysiCell_dx_5um_uptake,5.0,,mean over all voxels,single center voxel nearest the origin,mean over unique voxels nearest the configured cell positions,voxel size=5 um,1.05,9.87100227856889,7.598683635938267,8.464642184842955
PhysiCell,PhysiCell_dx_5um_uptake,5.0,,mean over all voxels,single center voxel nearest the origin,mean over unique voxels nearest the configured cell positions,voxel size=5 um,1.06,9.870117975869347,7.594596662163782,8.460894680912974
PhysiCell,PhysiCell_dx_5um_uptake,5.0,,mean over all voxels,single center voxel nearest the origin,mean over unique voxels nearest the configured cell positions,voxel size=5 um,1.07,9.869241283509092,7.590566252460495,8.457196735432191
PhysiCell,PhysiCell_dx_5um_uptake,5.0,,mean over all voxels,single center voxel nearest the origin,mean over unique voxels nearest the configured cell positions,voxel size=5 um,1.08,9.868372167006884,7.586591230577698,8.453547388796226
PhysiCell,PhysiCell_dx_5um_uptake,5.0,,mean over all voxels,single center voxel nearest the origin,mean over unique voxels nearest the configured cell positions,voxel size=5 um,1.09,9.867510590841082,7.582670456900561,8.449945709444274
PhysiCell,PhysiCell_dx_5um_uptake,5.0,,mean over all voxels,single center voxel nearest the origin,mean over unique voxels nearest the configured cell positions,voxel size=5 um,1.1,9.866656518503499,7.578802826988163,8.446390792796997
PhysiCell,PhysiCell_dx_5um_uptake,5.0,,mean over all voxels,single center voxel nearest the origin,mean over unique voxels nearest the configured cell positions,voxel size=5 um,1.11,9.865809912551473,7.57498727017996,8.442881760241418
PhysiCell,PhysiCell_dx_5um_uptake,5.0,,mean over all voxels,single center voxel nearest the origin,mean over unique voxels nearest the configured cell positions,voxel size=5 um,1.12,9.864970734658371,7.5712227482670595,8.439417758160408
PhysiCell,PhysiCell_dx_5um_uptake,5.0,,mean over all voxels,single center voxel nearest the origin,mean over unique voxels nearest the configured cell positions,voxel size=5 um,1.13,9.864138945662388,7.567508254224752,8.435997957004579
PhysiCell,PhysiCell_dx_5um_uptake,5.0,,mean over all voxels,single center voxel nearest the origin,mean over unique voxels nearest the configured cell positions,voxel size=5 um,1.14,9.863314505613793,7.56384281100312,8.432621550404436
PhysiCell,PhysiCell_dx_5um_uptake,5.0,,mean over all voxels,single center voxel nearest the origin,mean over unique voxels nearest the configured cell positions,voxel size=5 um,1.15,9.862497373820629,7.5602254703725995,8.429287754320805
PhysiCell,PhysiCell_dx_5um_uptake,5.0,,mean over all voxels,single center voxel nearest the origin,mean over unique voxels nearest the configured cell positions,voxel size=5 um,1.16,9.861687508892834,7.556655311821659,8.425995806231665
PhysiCell,PhysiCell_dx_5um_uptake,5.0,,mean over all voxels,single center voxel nearest the origin,mean over unique voxels nearest the configured cell positions,voxel size=5 um,1.17,9.86088486878492,7.553131441503886,8.422744964353623
PhysiCell,PhysiCell_dx_5um_uptake,5.0,,mean over all voxels,single center voxel nearest the origin,mean over unique voxels nearest the configured cell positions,voxel size=5 um,1.18,9.860089410837176,7.549652991231932,8.419534506896325
PhysiCell,PhysiCell_dx_5um_uptake,5.0,,mean over all voxels,single center voxel nearest the origin,mean over unique voxels nearest the configured cell positions,voxel size=5 um,1.19,9.859301091815455,7.546219117515933,8.416363731348262
PhysiCell,PhysiCell_dx_5um_uptake,5.0,,mean over all voxels,single center voxel nearest the origin,mean over unique voxels nearest the configured cell positions,voxel size=5 um,1.2,9.85851986794956,7.542829000644163,8.413231953792447
PhysiCell,PhysiCell_dx_5um_uptake,5.0,,mean over all voxels,single center voxel nearest the origin,mean over unique voxels nearest the configured cell positions,voxel size=5 um,1.21,9.857745694970307,7.539481843803776,8.410138508250542
PhysiCell,PhysiCell_dx_5um_uptake,5.0,,mean over all voxels,single center voxel nearest the origin,mean over unique voxels nearest the configured cell positions,voxel size=5 um,1.22,9.856978528145234,7.536176872239657,8.407082746054133
PhysiCell,PhysiCell_dx_5um_uptake,5.0,,mean over all voxels,single center voxel nearest the origin,mean over unique voxels nearest the configured cell positions,voxel size=5 um,1.23,9.85621832231306,7.532913332449511,8.40406403524186
PhysiCell,PhysiCell_dx_5um_uptake,5.0,,mean over all voxels,single center voxel nearest the origin,mean over unique voxels nearest the configured cell positions,voxel size=5 um,1.24,9.855465031916886,7.5296904914133655,8.401081759981166
PhysiCell,PhysiCell_dx_5um_uptake,5.0,,mean over all voxels,single center voxel nearest the origin,mean over unique voxels nearest the configured cell positions,voxel size=5 um,1.25,9.854718611036171,7.526507635855862,8.398135320013631
PhysiCell,PhysiCell_dx_5um_uptake,5.0,,mean over all voxels,single center voxel nearest the origin,mean over unique voxels nearest the configured cell positions,voxel size=5 um,1.26,9.85397901341754,7.523364071539718,8.395224130122694
PhysiCell,PhysiCell_dx_5um_uptake,5.0,,mean over all voxels,single center voxel nearest the origin,mean over unique voxels nearest the configured cell positions,voxel size=5 um,1.27,9.853246192504447,7.520259122588866,8.39234761962281
PhysiCell,PhysiCell_dx_5um_uptake,5.0,,mean over all voxels,single center voxel nearest the origin,mean over unique voxels nearest the configured cell positions,voxel size=5 um,1.28,9.852520101465721,7.517192130839869,8.389505231869075
PhysiCell,PhysiCell_dx_5um_uptake,5.0,,mean over all voxels,single center voxel nearest the origin,mean over unique voxels nearest the configured cell positions,voxel size=5 um,1.29,9.851800693223007,7.514162455220258,8.38669642378634
PhysiCell,PhysiCell_dx_5um_uptake,5.0,,mean over all voxels,single center voxel nearest the origin,mean over unique voxels nearest the configured cell positions,voxel size=5 um,1.3,9.8510879204772,7.5111694711525345,8.383920665417023
PhysiCell,PhysiCell_dx_5um_uptake,5.0,,mean over all voxels,single center voxel nearest the origin,mean over unique voxels nearest the configured cell positions,voxel size=5 um,1.31,9.850381735733835,7.508212569982632,8.381177439486715
PhysiCell,PhysiCell_dx_5um_uptake,5.0,,mean over all voxels,single center voxel nearest the origin,mean over unique voxels nearest the configured cell positions,voxel size=5 um,1.32,9.84968209132748,7.505291158431703,8.378466240986851
PhysiCell,PhysiCell_dx_5um_uptake,5.0,,mean over all voxels,single center voxel nearest the origin,mean over unique voxels nearest the configured cell positions,voxel size=5 um,1.33,9.848988939445185,7.50240465807016,8.375786576773635
PhysiCell,PhysiCell_dx_5um_uptake,5.0,,mean over all voxels,single center voxel nearest the origin,mean over unique voxels nearest the configured cell positions,voxel size=5 um,1.34,9.848302232149004,7.499552504812948,8.373137965182565
PhysiCell,PhysiCell_dx_5um_uptake,5.0,,mean over all voxels,single center voxel nearest the origin,mean over unique voxels nearest the configured cell positions,voxel size=5 um,1.35,9.847621921397606,7.496734148435087,8.370519935657846
PhysiCell,PhysiCell_dx_5um_uptake,5.0,,mean over all voxels,single center voxel nearest the origin,mean over unique voxels nearest the configured cell positions,voxel size=5 um,1.36,9.846947959067014,7.4939490521065455,8.367932028396062
PhysiCell,PhysiCell_dx_5um_uptake,5.0,,mean over all voxels,single center voxel nearest the origin,mean over unique voxels nearest the configured cell positions,voxel size=5 um,1.37,9.846280296970516,7.4911966919456106,8.365373794003483
PhysiCell,PhysiCell_dx_5um_uptake,5.0,,mean over all voxels,single center voxel nearest the origin,mean over unique voxels nearest the configured cell positions,voxel size=5 um,1.38,9.845618886877732,7.488476556589897,8.362844793166426
PhysiCell,PhysiCell_dx_5um_uptake,5.0,,mean over all voxels,single center voxel nearest the origin,mean over unique voxels nearest the configured cell positions,voxel size=5 um,1.39,9.84496368053291,7.485788146784229,8.360344596334116
PhysiCell,PhysiCell_dx_5um_uptake,5.0,,mean over all voxels,single center voxel nearest the origin,mean over unique voxels nearest the configured cell positions,voxel size=5 um,1.4,9.844314629672455,7.483130974984643,8.357872783413528
PhysiCell,PhysiCell_dx_5um_uptake,5.0,,mean over all voxels,single center voxel nearest the origin,mean over unique voxels nearest the configured cell positions,voxel size=5 um,1.41,9.843671686041695,7.480504564977797,8.355428943475674
PhysiCell,PhysiCell_dx_5um_uptake,5.0,,mean over all voxels,single center voxel nearest the origin,mean over unique voxels nearest the configured cell positions,voxel size=5 um,1.42,9.843034801410957,7.477908451515136,8.35301267447288
PhysiCell,PhysiCell_dx_5um_uptake,5.0,,mean over all voxels,single center voxel nearest the origin,mean over unique voxels nearest the configured cell positions,voxel size=5 um,1.43,9.842403927590949,7.475342179961135,8.350623582966609
PhysiCell,PhysiCell_dx_5um_uptake,5.0,,mean over all voxels,single center voxel nearest the origin,mean over unique voxels nearest the configured cell positions,voxel size=5 um,1.44,9.841779016447445,7.472805305955051,8.348261283865332
PhysiCell,PhysiCell_dx_5um_uptake,5.0,,mean over all voxels,single center voxel nearest the origin,mean over unique voxels nearest the configured cell positions,voxel size=5 um,1.45,9.841160019915346,7.470297395085566,8.345925400172105
PhysiCell,PhysiCell_dx_5um_uptake,5.0,,mean over all voxels,single center voxel nearest the origin,mean over unique voxels nearest the configured cell positions,voxel size=5 um,1.46,9.840546890012108,7.467818022577816,8.343615562741393
PhysiCell,PhysiCell_dx_5um_uptake,5.0,,mean over all voxels,single center voxel nearest the origin,mean over unique voxels nearest the configured cell positions,voxel size=5 um,1.47,9.839939578850574,7.465366772992224,8.341331410044798
PhysiCell,PhysiCell_dx_5um_uptake,5.0,,mean over all voxels,single center voxel nearest the origin,mean over unique voxels nearest the configured cell positions,voxel size=5 um,1.48,9.839338038651213,7.46294323993468,8.339072587945315
PhysiCell,PhysiCell_dx_5um_uptake,5.0,,mean over all voxels,single center voxel nearest the origin,mean over unique voxels nearest the configured cell positions,voxel size=5 um,1.49,9.838742221753789,7.46054702577757,8.336838749479755
PhysiCell,PhysiCell_dx_5um_uptake,5.0,,mean over all voxels,single center voxel nearest the origin,mean over unique voxels nearest the configured cell positions,voxel size=5 um,1.5,9.838152080628504,7.458177741391205,8.334629554649034
PhysiCell,PhysiCell_dx_5um_uptake,5.0,,mean over all voxels,single center voxel nearest the origin,mean over unique voxels nearest the configured cell positions,voxel size=5 um,1.51,9.837567567886603,7.455835005885218,8.33244467021599
PhysiCell,PhysiCell_dx_5um_uptake,5.0,,mean over all voxels,single center voxel nearest the origin,mean over unique voxels nearest the configured cell positions,voxel size=5 um,1.52,9.836988636290478,7.453518446359513,8.33028376951043
PhysiCell,PhysiCell_dx_5um_uptake,5.0,,mean over all voxels,single center voxel nearest the origin,mean over unique voxels nearest the configured cell positions,voxel size=5 um,1.53,9.83641523876328,7.451227697664375,8.328146532241123
PhysiCell,PhysiCell_dx_5um_uptake,5.0,,mean over all voxels,single center voxel nearest the origin,mean over unique voxels nearest the configured cell positions,voxel size=5 um,1.54,9.83584732839805,7.44896240216934,8.326032644314454
PhysiCell,PhysiCell_dx_5um_uptake,5.0,,mean over all voxels,single center voxel nearest the origin,mean over unique voxels nearest the configured cell positions,voxel size=5 um,1.55,9.83528485846643,7.446722209540515,8.323941797659474
PhysiCell,PhysiCell_dx_5um_uptake,5.0,,mean over all voxels,single center voxel nearest the origin,mean over unique voxels nearest the configured cell positions,voxel size=5 um,1.56,9.834727782426873,7.444506776525964,8.321873690059112
PhysiCell,PhysiCell_dx_5um_uptake,5.0,,mean over all voxels,single center voxel nearest the origin,mean over unique voxels nearest the configured cell positions,voxel size=5 um,1.57,9.83417605393251,7.4423157667488375,8.319828024987295
PhysiCell,PhysiCell_dx_5um_uptake,5.0,,mean over all voxels,single center voxel nearest the origin,mean over unique voxels nearest the configured cell positions,voxel size=5 um,1.58,9.833629626838528,7.440148850507945,8.317804511451715
PhysiCell,PhysiCell_dx_5um_uptake,5.0,,mean over all voxels,single center voxel nearest the origin,mean over unique voxels nearest the configured cell positions,voxel size=5 um,1.59,9.833088455209218,7.43800570458547,8.315802863842086
PhysiCell,PhysiCell_dx_5um_uptake,5.0,,mean over all voxels,single center voxel nearest the origin,mean over unique voxels nearest the configured cell positions,voxel size=5 um,1.6,9.832552493324618,7.435886012061525,8.313822801783612
PhysiCell,PhysiCell_dx_5um_uptake,5.0,,mean over all voxels,single center voxel nearest the origin,mean over unique voxels nearest the configured cell positions,voxel size=5 um,1.61,9.832021695686786,7.433789462135298,8.311864049995519
PhysiCell,PhysiCell_dx_5um_uptake,5.0,,mean over all voxels,single center voxel nearest the origin,mean over unique voxels nearest the configured cell positions,voxel size=5 um,1.62,9.831496017025733,7.431715749952507,8.309926338154403
PhysiCell,PhysiCell_dx_5um_uptake,5.0,,mean over all voxels,single center voxel nearest the origin,mean over unique voxels nearest the configured cell positions,voxel size=5 um,1.63,9.830975412305024,7.429664576438921,8.308009400762252
PhysiCell,PhysiCell_dx_5um_uptake,5.0,,mean over all voxels,single center voxel nearest the origin,mean over unique voxels nearest the configured cell positions,voxel size=5 um,1.64,9.83045983672702,7.427635648139724,8.306112977018948
PhysiCell,PhysiCell_dx_5um_uptake,5.0,,mean over all voxels,single center voxel nearest the origin,mean over unique voxels nearest the configured cell positions,voxel size=5 um,1.65,9.82994924573787,7.4256286770644495,8.304236810699075
PhysiCell,PhysiCell_dx_5um_uptake,5.0,,mean over all voxels,single center voxel nearest the origin,mean over unique voxels nearest the configured cell positions,voxel size=5 um,1.66,9.829443595032117,7.4236433805373245,8.302380650032841
PhysiCell,PhysiCell_dx_5um_uptake,5.0,,mean over all voxels,single center voxel nearest the origin,mean over unique voxels nearest the configured cell positions,voxel size=5 um,1.67,9.828942840557103,7.42167948105276,8.300544247591034
PhysiCell,PhysiCell_dx_5um_uptake,5.0,,mean over all voxels,single center voxel nearest the origin,mean over unique voxels nearest the configured cell positions,voxel size=5 um,1.68,9.828446938517011,7.419736706135828,8.298727360173784
PhysiCell,PhysiCell_dx_5um_uptake,5.0,,mean over all voxels,single center voxel nearest the origin,mean over unique voxels nearest the configured cell positions,voxel size=5 um,1.69,9.827955845376717,7.417814788207504,8.296929748703008
PhysiCell,PhysiCell_dx_5um_uptake,5.0,,mean over all voxels,single center voxel nearest the origin,mean over unique voxels nearest the configured cell positions,voxel size=5 um,1.7,9.827469517865316,7.415913464454512,8.295151178118429
PhysiCell,PhysiCell_dx_5um_uptake,5.0,,mean over all voxels,single center voxel nearest the origin,mean over unique voxels nearest the configured cell positions,voxel size=5 um,1.71,9.82698791297944,7.414032476703576,8.293391417276997
PhysiCell,PhysiCell_dx_5um_uptake,5.0,,mean over all voxels,single center voxel nearest the origin,mean over unique voxels nearest the configured cell positions,voxel size=5 um,1.72,9.82651098798634,7.412171571299927,8.291650238855617
PhysiCell,PhysiCell_dx_5um_uptake,5.0,,mean over all voxels,single center voxel nearest the origin,mean over unique voxels nearest the configured cell positions,voxel size=5 um,1.73,9.826038700426698,7.4103304989898895,8.289927419257019
PhysiCell,PhysiCell_dx_5um_uptake,5.0,,mean over all voxels,single center voxel nearest the origin,mean over unique voxels nearest the configured cell positions,voxel size=5 um,1.74,9.825571008117278,7.408509014807409,8.2882227385187
PhysiCell,PhysiCell_dx_5um_uptake,5.0,,mean over all voxels,single center voxel nearest the origin,mean over unique voxels nearest the configured cell positions,voxel size=5 um,1.75,9.82510786915331,7.406706877964345,8.286535980224807
PhysiCell,PhysiCell_dx_5um_uptake,5.0,,mean over all voxels,single center voxel nearest the origin,mean over unique voxels nearest the configured cell positions,voxel size=5 um,1.76,9.824649241910707,7.404923851744407,8.28486693142083
PhysiCell,PhysiCell_dx_5um_uptake,5.0,,mean over all voxels,single center voxel nearest the origin,mean over unique voxels nearest the configured cell positions,voxel size=5 um,1.77,9.824195085048077,7.403159703400609,8.283215382531035
PhysiCell,PhysiCell_dx_5um_uptake,5.0,,mean over all voxels,single center voxel nearest the origin,mean over unique voxels nearest the configured cell positions,voxel size=5 um,1.78,9.823745357508535,7.401414204056073,8.28158112727852
PhysiCell,PhysiCell_dx_5um_uptake,5.0,,mean over all voxels,single center voxel nearest the origin,mean over unique voxels nearest the configured cell positions,voxel size=5 um,1.79,9.823300018521358,7.399687128608089,8.279963962607802
PhysiCell,PhysiCell_dx_5um_uptake,5.0,,mean over all voxels,single center voxel nearest the origin,mean over unique voxels nearest the configured cell positions,voxel size=5 um,1.8,9.822859027603451,7.397978255635281,8.278363688609838
PhysiCell,PhysiCell_dx_5um_uptake,5.0,,mean over all voxels,single center voxel nearest the origin,mean over unique voxels nearest the configured cell positions,voxel size=5 um,1.81,9.822422344560648,7.396287367307818,8.276780108449394
PhysiCell,PhysiCell_dx_5um_uptake,5.0,,mean over all voxels,single center voxel nearest the origin,mean over unique voxels nearest the configured cell positions,voxel size=5 um,1.82,9.821989929488877,7.39461424930048,8.275213028294685
PhysiCell,PhysiCell_dx_5um_uptake,5.0,,mean over all voxels,single center voxel nearest the origin,mean over unique voxels nearest the configured cell positions,voxel size=5 um,1.83,9.82156174277513,7.392958690708539,8.273662257249196
PhysiCell,PhysiCell_dx_5um_uptake,5.0,,mean over all voxels,single center voxel nearest the origin,mean over unique voxels nearest the configured cell positions,voxel size=5 um,1.84,9.821137745098326,7.391320483966312,8.272127607285602
PhysiCell,PhysiCell_dx_5um_uptake,5.0,,mean over all voxels,single center voxel nearest the origin,mean over unique voxels nearest the configured cell positions,voxel size=5 um,1.85,9.82071789743004,7.389699424768316,8.27060889318172
PhysiCell,PhysiCell_dx_5um_uptake,5.0,,mean over all voxels,single center voxel nearest the origin,mean over unique voxels nearest the configured cell positions,voxel size=5 um,1.86,9.820302161035038,7.3880953119929105,8.269105932458414
PhysiCell,PhysiCell_dx_5um_uptake,5.0,,mean over all voxels,single center voxel nearest the origin,mean over unique voxels nearest the configured cell positions,voxel size=5 um,1.87,9.819890497471768,7.386507947628337,8.267618545319396
PhysiCell,PhysiCell_dx_5um_uptake,5.0,,mean over all voxels,single center voxel nearest the origin,mean over unique voxels nearest the configured cell positions,voxel size=5 um,1.88,9.819482868592651,7.384937136701082,8.266146554592837
PhysiCell,PhysiCell_dx_5um_uptake,5.0,,mean over all voxels,single center voxel nearest the origin,mean over unique voxels nearest the configured cell positions,voxel size=5 um,1.89,9.81907923654433,7.383382687206473,8.264689785674728
PhysiCell,PhysiCell_dx_5um_uptake,5.0,,mean over all voxels,single center voxel nearest the origin,mean over unique voxels nearest the configured cell positions,voxel size=5 um,1.9,9.81867956376772,7.3818444100414204,8.263248066473954
PhysiCell,PhysiCell_dx_5um_uptake,5.0,,mean over all voxels,single center voxel nearest the origin,mean over unique voxels nearest the configured cell positions,voxel size=5 um,1.91,9.818283812998043,7.380322118939233,8.26182122735898
PhysiCell,PhysiCell_dx_5um_uptake,5.0,,mean over all voxels,single center voxel nearest the origin,mean over unique voxels nearest the configured cell positions,voxel size=5 um,1.92,9.817891947264688,7.378815630406432,8.260409101106118
PhysiCell,PhysiCell_dx_5um_uptake,5.0,,mean over all voxels,single center voxel nearest the origin,mean over unique voxels nearest the configured cell positions,voxel size=5 um,1.93,9.817503929891009,7.377324763661513,8.259011522849335
PhysiCell,PhysiCell_dx_5um_uptake,5.0,,mean over all voxels,single center voxel nearest the origin,mean over unique voxels nearest the configured cell positions,voxel size=5 um,1.94,9.817119724494026,7.375849340575529,8.25762833003149
PhysiCell,PhysiCell_dx_5um_uptake,5.0,,mean over all voxels,single center voxel nearest the origin,mean over unique voxels nearest the configured cell positions,voxel size=5 um,1.95,9.81673929498403,7.374389185614496,8.256259362357032
PhysiCell,PhysiCell_dx_5um_uptake,5.0,,mean over all voxels,single center voxel nearest the origin,mean over unique voxels nearest the configured cell positions,voxel size=5 um,1.96,9.816362605564102,7.3729441257835315,8.254904461746019
PhysiCell,PhysiCell_dx_5um_uptake,5.0,,mean over all voxels,single center voxel nearest the origin,mean over unique voxels nearest the configured cell positions,voxel size=5 um,1.97,9.815989620729557,7.371513990572631,8.253563472289509
PhysiCell,PhysiCell_dx_5um_uptake,5.0,,mean over all voxels,single center voxel nearest the origin,mean over unique voxels nearest the configured cell positions,voxel size=5 um,1.98,9.815620305267311,7.370098611904091,8.25223624020618
PhysiCell,PhysiCell_dx_5um_uptake,5.0,,mean over all voxels,single center voxel nearest the origin,mean over unique voxels nearest the configured cell positions,voxel size=5 um,1.99,9.81525462425516,7.368697824081456,8.250922613800201
PhysiCell,PhysiCell_dx_5um_uptake,5.0,,mean over all voxels,single center voxel nearest the origin,mean over unique voxels nearest the configured cell positions,voxel size=5 um,2.0,9.814892543061035,7.367311463739981,8.249622443420298
PhysiCell,PhysiCell_dx_5um_uptake,5.0,,mean over all voxels,single center voxel nearest the origin,mean over unique voxels nearest the configured cell positions,voxel size=5 um,2.01,9.814534027342097,7.365939369798538,8.248335581419953
PhysiCell,PhysiCell_dx_5um_uptake,5.0,,mean over all voxels,single center voxel nearest the origin,mean over unique voxels nearest the configured cell positions,voxel size=5 um,2.02,9.814179043043877,7.364581383412911,8.247061882118729
PhysiCell,PhysiCell_dx_5um_uptake,5.0,,mean over all voxels,single center voxel nearest the origin,mean over unique voxels nearest the configured cell positions,voxel size=5 um,2.03,9.813827556399291,7.363237347930451,8.245801201764646
PhysiCell,PhysiCell_dx_5um_uptake,5.0,,mean over all voxels,single center voxel nearest the origin,mean over unique voxels nearest the configured cell positions,voxel size=5 um,2.04,9.8134795339276,7.36190710884602,8.244553398497613
PhysiCell,PhysiCell_dx_5um_uptake,5.0,,mean over all voxels,single center voxel nearest the origin,mean over unique voxels nearest the configured cell positions,voxel size=5 um,2.05,9.813134942433345,7.360590513759203,8.243318332313851
PhysiCell,PhysiCell_dx_5um_uptake,5.0,,mean over all voxels,single center voxel nearest the origin,mean over unique voxels nearest the configured cell positions,voxel size=5 um,2.06,9.812793749005204,7.3592874123327245,8.24209586503127
PhysiCell,PhysiCell_dx_5um_uptake,5.0,,mean over all voxels,single center voxel nearest the origin,mean over unique voxels nearest the configured cell positions,voxel size=5 um,2.07,9.81245592101481,7.357997656252037,8.240885860255817
PhysiCell,PhysiCell_dx_5um_uptake,5.0,,mean over all voxels,single center voxel nearest the origin,mean over unique voxels nearest the configured cell positions,voxel size=5 um,2.08,9.812121426115521,7.35672109918605,8.239688183348676
PhysiCell,PhysiCell_dx_5um_uptake,5.0,,mean over all voxels,single center voxel nearest the origin,mean over unique voxels nearest the configured cell positions,voxel size=5 um,2.09,9.81179023224116,7.355457596748941,8.238502701394392
PhysiCell,PhysiCell_dx_5um_uptake,5.0,,mean over all voxels,single center voxel nearest the origin,mean over unique voxels nearest the configured cell positions,voxel size=5 um,2.1,9.811462307604678,7.35420700646304,8.23732928316981
PhysiCell,PhysiCell_dx_5um_uptake,5.0,,mean over all voxels,single center voxel nearest the origin,mean over unique voxels nearest the configured cell positions,voxel size=5 um,2.11,9.81113762069682,7.352969187722697,8.236167799113831
PhysiCell,PhysiCell_dx_5um_uptake,5.0,,mean over all voxels,single center voxel nearest the origin,mean over unique voxels nearest the configured cell positions,voxel size=5 um,2.12,9.810816140284723,7.351744001759194,8.235018121297959
PhysiCell,PhysiCell_dx_5um_uptake,5.0,,mean over all voxels,single center voxel nearest the origin,mean over unique voxels nearest the configured cell positions,voxel size=5 um,2.13,9.810497835410503,7.350531311606546,8.23388012339764
PhysiCell,PhysiCell_dx_5um_uptake,5.0,,mean over all voxels,single center voxel nearest the origin,mean over unique voxels nearest the configured cell positions,voxel size=5 um,2.14,9.810182675389777,7.349330982068282,8.232753680664285
PhysiCell,PhysiCell_dx_5um_uptake,5.0,,mean over all voxels,single center voxel nearest the origin,mean over unique voxels nearest the configured cell positions,voxel size=5 um,2.15,9.809870629810199,7.34814287968506,8.231638669898055
PhysiCell,PhysiCell_dx_5um_uptake,5.0,,mean over all voxels,single center voxel nearest the origin,mean over unique voxels nearest the configured cell positions,voxel size=5 um,2.16,9.809561668529923,7.346966872703205,8.230534969421333
PhysiCell,PhysiCell_dx_5um_uptake,5.0,,mean over all voxels,single center voxel nearest the origin,mean over unique voxels nearest the configured cell positions,voxel size=5 um,2.17,9.80925576167607,7.3458028310440096,8.229442459052814
PhysiCell,PhysiCell_dx_5um_uptake,5.0,,mean over all voxels,single center voxel nearest the origin,mean over unique voxels nearest the configured cell positions,voxel size=5 um,2.18,9.80895287964315,7.344650626273903,8.22836102008233
PhysiCell,PhysiCell_dx_5um_uptake,5.0,,mean over all voxels,single center voxel nearest the origin,mean over unique voxels nearest the configured cell positions,voxel size=5 um,2.19,9.808652993091487,7.3435101315753535,8.227290535246206
PhysiCell,PhysiCell_dx_5um_uptake,5.0,,mean over all voxels,single center voxel nearest the origin,mean over unique voxels nearest the configured cell positions,voxel size=5 um,2.2,9.80835607294557,7.342381221718553,8.226230888703313
PhysiCell,PhysiCell_dx_5um_uptake,5.0,,mean over all voxels,single center voxel nearest the origin,mean over unique voxels nearest the configured cell positions,voxel size=5 um,2.21,9.808062090392442,7.341263773033809,8.225181966011624
PhysiCell,PhysiCell_dx_5um_uptake,5.0,,mean over all voxels,single center voxel nearest the origin,mean over unique voxels nearest the configured cell positions,voxel size=5 um,2.22,9.807771016880055,7.340157663384652,8.224143654105422
PhysiCell,PhysiCell_dx_5um_uptake,5.0,,mean over all voxels,single center voxel nearest the origin,mean over unique voxels nearest the configured cell positions,voxel size=5 um,2.23,9.807482824115562,7.339062772141626,8.22311584127298
PhysiCell,PhysiCell_dx_5um_uptake,5.0,,mean over all voxels,single center voxel nearest the origin,mean over unique voxels nearest the configured cell positions,voxel size=5 um,2.24,9.807197484063671,7.337978980156729,8.222098417134836
PhysiCell,PhysiCell_dx_5um_uptake,5.0,,mean over all voxels,single center voxel nearest the origin,mean over unique voxels nearest the configured cell positions,voxel size=5 um,2.25,9.806914968944904,7.336906169738501,8.221091272622541
PhysiCell,PhysiCell_dx_5um_uptake,5.0,,mean over all voxels,single center voxel nearest the origin,mean over unique voxels nearest the configured cell positions,voxel size=5 um,2.26,9.806635251233901,7.335844224627727,8.22009429995795
PhysiCell,PhysiCell_dx_5um_uptake,5.0,,mean over all voxels,single center voxel nearest the origin,mean over unique voxels nearest the configured cell positions,voxel size=5 um,2.27,9.806358303657694,7.334793029973735,8.219107392632948
PhysiCell,PhysiCell_dx_5um_uptake,5.0,,mean over all voxels,single center voxel nearest the origin,mean over unique voxels nearest the configured cell positions,voxel size=5 um,2.28,9.806084099193948,7.333752472311279,8.218130445389694
PhysiCell,PhysiCell_dx_5um_uptake,5.0,,mean over all voxels,single center voxel nearest the origin,mean over unique voxels nearest the configured cell positions,voxel size=5 um,2.29,9.805812611069232,7.332722439537972,8.217163354201292
PhysiCell,PhysiCell_dx_5um_uptake,5.0,,mean over all voxels,single center voxel nearest the origin,mean over unique voxels nearest the configured cell positions,voxel size=5 um,2.3,9.805543812757247,7.33170282089229,8.216206016252904
PhysiCell,PhysiCell_dx_5um_uptake,5.0,,mean over all voxels,single center voxel nearest the origin,mean over unique voxels nearest the configured cell positions,voxel size=5 um,2.31,9.805277677977054,7.330693506932055,8.215258329923312
PhysiCell,PhysiCell_dx_5um_uptake,5.0,,mean over all voxels,single center voxel nearest the origin,mean over unique voxels nearest the configured cell positions,voxel size=5 um,2.32,9.805014180691314,7.329694389513472,8.214320194766874
PhysiCell,PhysiCell_dx_5um_uptake,5.0,,mean over all voxels,single center voxel nearest the origin,mean over unique voxels nearest the configured cell positions,voxel size=5 um,2.33,9.804753295104511,7.3287053617706395,8.213391511495876
PhysiCell,PhysiCell_dx_5um_uptake,5.0,,mean over all voxels,single center voxel nearest the origin,mean over unique voxels nearest the configured cell positions,voxel size=5 um,2.34,9.804494995661134,7.327726318095535,8.21247218196332
PhysiCell,PhysiCell_dx_5um_uptake,5.0,,mean over all voxels,single center voxel nearest the origin,mean over unique voxels nearest the configured cell positions,voxel size=5 um,2.35,9.804239257043923,7.326757154118476,8.21156210914603
PhysiCell,PhysiCell_dx_5um_uptake,5.0,,mean over all voxels,single center voxel nearest the origin,mean over unique voxels nearest the configured cell positions,voxel size=5 um,2.36,9.803986054172057,7.325797766689018,8.210661197128166
PhysiCell,PhysiCell_dx_5um_uptake,5.0,,mean over all voxels,single center voxel nearest the origin,mean over unique voxels nearest the configured cell positions,voxel size=5 um,2.37,9.803735362199369,7.324848053857302,8.209769351085075
PhysiCell,PhysiCell_dx_5um_uptake,5.0,,mean over all voxels,single center voxel nearest the origin,mean over unique voxels nearest the configured cell positions,voxel size=5 um,2.38,9.803487156512535,7.323907914855809,8.208886477267516
PhysiCell,PhysiCell_dx_5um_uptake,5.0,,mean over all voxels,single center voxel nearest the origin,mean over unique voxels nearest the configured cell positions,voxel size=5 um,2.39,9.803241412729284,7.32297725008154,8.208012482986172
PhysiCell,PhysiCell_dx_5um_uptake,5.0,,mean over all voxels,single center voxel nearest the origin,mean over unique voxels nearest the configured cell positions,voxel size=5 um,2.4,9.802998106696592,7.322055961078571,8.207147276596537
PhysiCell,PhysiCell_dx_5um_uptake,5.0,,mean over all voxels,single center voxel nearest the origin,mean over unique voxels nearest the configured cell positions,voxel size=5 um,2.41,9.802757214488896,7.3211439505210185,8.206290767484086
PhysiCell,PhysiCell_dx_5um_uptake,5.0,,mean over all voxels,single center voxel nearest the origin,mean over unique voxels nearest the configured cell positions,voxel size=5 um,2.42,9.802518712406275,7.320241122196357,8.205442866049776
PhysiCell,PhysiCell_dx_5um_uptake,5.0,,mean over all voxels,single center voxel nearest the origin,mean over unique voxels nearest the configured cell positions,voxel size=5 um,2.43,9.802282576972667,7.319347380989119,8.204603483695823
PhysiCell,PhysiCell_dx_5um_uptake,5.0,,mean over all voxels,single center voxel nearest the origin,mean over unique voxels nearest the configured cell positions,voxel size=5 um,2.44,9.802048784934065,7.318462632864925,8.203772532811792
PhysiCell,PhysiCell_dx_5um_uptake,5.0,,mean over all voxels,single center voxel nearest the origin,mean over unique voxels nearest the configured cell positions,voxel size=5 um,2.45,9.801817313256741,7.317586784854868,8.202949926760944
PhysiCell,PhysiCell_dx_5um_uptake,5.0,,mean over all voxels,single center voxel nearest the origin,mean over unique voxels nearest the configured cell positions,voxel size=5 um,2.46,9.801588139125418,7.316719745040236,8.202135579866876
PhysiCell,PhysiCell_dx_5um_uptake,5.0,,mean over all voxels,single center voxel nearest the origin,mean over unique voxels nearest the configured cell positions,voxel size=5 um,2.47,9.801361239941535,7.315861422537529,8.201329407400424
PhysiCell,PhysiCell_dx_5um_uptake,5.0,,mean over all voxels,single center voxel nearest the origin,mean over unique voxels nearest the configured cell positions,voxel size=5 um,2.48,9.801136593321417,7.315011727483826,8.200531325566809
PhysiCell,PhysiCell_dx_5um_uptake,5.0,,mean over all voxels,single center voxel nearest the origin,mean over unique voxels nearest the configured cell positions,voxel size=5 um,2.49,9.800914177094533,7.314170571022418,8.19974125149306
PhysiCell,PhysiCell_dx_5um_uptake,5.0,,mean over all voxels,single center voxel nearest the origin,mean over unique voxels nearest the configured cell positions,voxel size=5 um,2.5,9.800693969301692,7.313337865288764,8.19895910321565
PhysiCell,PhysiCell_dx_5um_uptake,5.0,,mean over all voxels,single center voxel nearest the origin,mean over unique voxels nearest the configured cell positions,voxel size=5 um,2.51,9.800475948193306,7.312513523396712,8.198184799668404
PhysiCell,PhysiCell_dx_5um_uptake,5.0,,mean over all voxels,single center voxel nearest the origin,mean over unique voxels nearest the configured cell positions,voxel size=5 um,2.52,9.80026009222759,7.311697459425018,8.19741826067061
PhysiCell,PhysiCell_dx_5um_uptake,5.0,,mean over all voxels,single center voxel nearest the origin,mean over unique voxels nearest the configured cell positions,voxel size=5 um,2.53,9.800046380068848,7.3108895884041125,8.196659406915362
PhysiCell,PhysiCell_dx_5um_uptake,5.0,,mean over all voxels,single center voxel nearest the origin,mean over unique voxels nearest the configured cell positions,voxel size=5 um,2.54,9.799834790585685,7.310089826303149,8.195908159958135
PhysiCell,PhysiCell_dx_5um_uptake,5.0,,mean over all voxels,single center voxel nearest the origin,mean over unique voxels nearest the configured cell positions,voxel size=5 um,2.55,9.79962530284929,7.309298090017302,8.195164442205556
PhysiCell,PhysiCell_dx_5um_uptake,5.0,,mean over all voxels,single center voxel nearest the origin,mean over unique voxels nearest the configured cell positions,voxel size=5 um,2.56,9.799417896131684,7.308514297355296,8.194428176904388
PhysiCell,PhysiCell_dx_5um_uptake,5.0,,mean over all voxels,single center voxel nearest the origin,mean over unique voxels nearest the configured cell positions,voxel size=5 um,2.57,9.799212549903997,7.3077383670272065,8.193699288130718
PhysiCell,PhysiCell_dx_5um_uptake,5.0,,mean over all voxels,single center voxel nearest the origin,mean over unique voxels nearest the configured cell positions,voxel size=5 um,2.58,9.79900924383475,7.30697021863247,8.19297770077934
PhysiCell,PhysiCell_dx_5um_uptake,5.0,,mean over all voxels,single center voxel nearest the origin,mean over unique voxels nearest the configured cell positions,voxel size=5 um,2.59,9.79880795778813,7.306209772648133,8.19226334055332
PhysiCell,PhysiCell_dx_5um_uptake,5.0,,mean over all voxels,single center voxel nearest the origin,mean over unique voxels nearest the configured cell positions,voxel size=5 um,2.6,9.798608671822297,7.305456950417326,8.191556133953766
PhysiCell,PhysiCell_dx_5um_uptake,5.0,,mean over all voxels,single center voxel nearest the origin,mean over unique voxels nearest the configured cell positions,voxel size=5 um,2.61,9.798411366187672,7.304711674137928,8.190856008269762
PhysiCell,PhysiCell_dx_5um_uptake,5.0,,mean over all voxels,single center voxel nearest the origin,mean over unique voxels nearest the configured cell positions,voxel size=5 um,2.62,9.798216021325274,7.303973866851491,8.190162891568487
PhysiCell,PhysiCell_dx_5um_uptake,5.0,,mean over all voxels,single center voxel nearest the origin,mean over unique voxels nearest the configured cell positions,voxel size=5 um,2.63,9.798022617865001,7.303243452432316,8.189476712685506
PhysiCell,PhysiCell_dx_5um_uptake,5.0,,mean over all voxels,single center voxel nearest the origin,mean over unique voxels nearest the configured cell positions,voxel size=5 um,2.64,9.797831136624003,7.302520355576753,8.188797401215215
PhysiCell,PhysiCell_dx_5um_uptake,5.0,,mean over all voxels,single center voxel nearest the origin,mean over unique voxels nearest the configured cell positions,voxel size=5 um,2.65,9.797641558604983,7.301804501792703,8.188124887501482
PhysiCell,PhysiCell_dx_5um_uptake,5.0,,mean over all voxels,single center voxel nearest the origin,mean over unique voxels nearest the configured cell positions,voxel size=5 um,2.66,9.797453864994564,7.301095817389292,8.1874591026284
PhysiCell,PhysiCell_dx_5um_uptake,5.0,,mean over all voxels,single center voxel nearest the origin,mean over unique voxels nearest the configured cell positions,voxel size=5 um,2.67,9.797268037161647,7.300394229466733,8.186799978411248
PhysiCell,PhysiCell_dx_5um_uptake,5.0,,mean over all voxels,single center voxel nearest the origin,mean over unique voxels nearest the configured cell positions,voxel size=5 um,2.68,9.79708405665576,7.299699665906369,8.186147447387556
PhysiCell,PhysiCell_dx_5um_uptake,5.0,,mean over all voxels,single center voxel nearest the origin,mean over unique voxels nearest the configured cell positions,voxel size=5 um,2.69,9.796901905205468,7.299012055360886,8.18550144280835
PhysiCell,PhysiCell_dx_5um_uptake,5.0,,mean over all voxels,single center voxel nearest the origin,mean over unique voxels nearest the configured cell positions,voxel size=5 um,2.7,9.79672156471672,7.298331327244718,8.184861898629533
PhysiCell,PhysiCell_dx_5um_uptake,5.0,,mean over all voxels,single center voxel nearest the origin,mean over unique voxels nearest the configured cell positions,voxel size=5 um,2.71,9.79654301727126,7.297657411724573,8.184228749503388
PhysiCell,PhysiCell_dx_5um_uptake,5.0,,mean over all voxels,single center voxel nearest the origin,mean over unique voxels nearest the configured cell positions,voxel size=5 um,2.72,9.79636624512506,7.296990239710166,8.183601930770255
PhysiCell,PhysiCell_dx_5um_uptake,5.0,,mean over all voxels,single center voxel nearest the origin,mean over unique voxels nearest the configured cell positions,voxel size=5 um,2.73,9.796191230706693,7.296329742845083,8.182981378450302
PhysiCell,PhysiCell_dx_5um_uptake,5.0,,mean over all voxels,single center voxel nearest the origin,mean over unique voxels nearest the configured cell positions,voxel size=5 um,2.74,9.79601795661579,7.295675853497805,8.182367029235467
PhysiCell,PhysiCell_dx_5um_uptake,5.0,,mean over all voxels,single center voxel nearest the origin,mean over unique voxels nearest the configured cell positions,voxel size=5 um,2.75,9.795846405621466,7.295028504752884,8.181758820481479
PhysiCell,PhysiCell_dx_5um_uptake,5.0,,mean over all voxels,single center voxel nearest the origin,mean over unique voxels nearest the configured cell positions,voxel size=5 um,2.76,9.795676560660771,7.294387630402264,8.181156690200062
PhysiCell,PhysiCell_dx_5um_uptake,5.0,,mean over all voxels,single center voxel nearest the origin,mean over unique voxels nearest the configured cell positions,voxel size=5 um,2.77,9.795508404837157,7.293753164936745,8.180560577051208
PhysiCell,PhysiCell_dx_5um_uptake,5.0,,mean over all voxels,single center voxel nearest the origin,mean over unique voxels nearest the configured cell positions,voxel size=5 um,2.78,9.795341921418926,7.293125043537577,8.179970420335604
PhysiCell,PhysiCell_dx_5um_uptake,5.0,,mean over all voxels,single center voxel nearest the origin,mean over unique voxels nearest the configured cell positions,voxel size=5 um,2.79,9.79517709383773,7.292503202068202,8.179386159987155
PhysiCell,PhysiCell_dx_5um_uptake,5.0,,mean over all voxels,single center voxel nearest the origin,mean over unique voxels nearest the configured cell positions,voxel size=5 um,2.8,9.795013905687059,7.291887577066133,8.178807736565638
PhysiCell,PhysiCell_dx_5um_uptake,5.0,,mean over all voxels,single center voxel nearest the origin,mean over unique voxels nearest the configured cell positions,voxel size=5 um,2.81,9.794852340720732,7.291278105734933,8.178235091249453
PhysiCell,PhysiCell_dx_5um_uptake,5.0,,mean over all voxels,single center voxel nearest the origin,mean over unique voxels nearest the configured cell positions,voxel size=5 um,2.82,9.794692382851421,7.290674725936364,8.17766816582848
PhysiCell,PhysiCell_dx_5um_uptake,5.0,,mean over all voxels,single center voxel nearest the origin,mean over unique voxels nearest the configured cell positions,voxel size=5 um,2.83,9.79453401614917,7.290077376182613,8.177106902697073
PhysiCell,PhysiCell_dx_5um_uptake,5.0,,mean over all voxels,single center voxel nearest the origin,mean over unique voxels nearest the configured cell positions,voxel size=5 um,2.84,9.79437722483993,7.289485995628679,8.176551244847104
PhysiCell,PhysiCell_dx_5um_uptake,5.0,,mean over all voxels,single center voxel nearest the origin,mean over unique voxels nearest the configured cell positions,voxel size=5 um,2.85,9.794221993304104,7.28890052406485,8.176001135861174
PhysiCell,PhysiCell_dx_5um_uptake,5.0,,mean over all voxels,single center voxel nearest the origin,mean over unique voxels nearest the configured cell positions,voxel size=5 um,2.86,9.794068306075108,7.288320901909309,8.175456519905858
PhysiCell,PhysiCell_dx_5um_uptake,5.0,,mean over all voxels,single center voxel nearest the origin,mean over unique voxels nearest the configured cell positions,voxel size=5 um,2.87,9.793916147837919,7.2877470702008464,8.174917341725099
PhysiCell,PhysiCell_dx_5um_uptake,5.0,,mean over all voxels,single center voxel nearest the origin,mean over unique voxels nearest the configured cell positions,voxel size=5 um,2.88,9.793765503427691,7.287178970591689,8.174383546633678
PhysiCell,PhysiCell_dx_5um_uptake,5.0,,mean over all voxels,single center voxel nearest the origin,mean over unique voxels nearest the configured cell positions,voxel size=5 um,2.89,9.793616357828308,7.2866165453404195,8.173855080510755
PhysiCell,PhysiCell_dx_5um_uptake,5.0,,mean over all voxels,single center voxel nearest the origin,mean over unique voxels nearest the configured cell positions,voxel size=5 um,2.9,9.793468696171,7.286059737305034,8.173331889793557
PhysiCell,PhysiCell_dx_5um_uptake,5.0,,mean over all voxels,single center voxel nearest the origin,mean over unique voxels nearest the configured cell positions,voxel size=5 um,2.91,9.793322503732965,7.28550848993606,8.172813921471088
PhysiCell,PhysiCell_dx_5um_uptake,5.0,,mean over all voxels,single center voxel nearest the origin,mean over unique voxels nearest the configured cell positions,voxel size=5 um,2.92,9.793177765935964,7.284962747269816,8.172301123077984
PhysiCell,PhysiCell_dx_5um_uptake,5.0,,mean over all voxels,single center voxel nearest the origin,mean over unique voxels nearest the configured cell positions,voxel size=5 um,2.93,9.793034468344981,7.284422453921733,8.171793442688415
PhysiCell,PhysiCell_dx_5um_uptake,5.0,,mean over all voxels,single center voxel nearest the origin,mean over unique voxels nearest the configured cell positions,voxel size=5 um,2.94,9.792892596666858,7.283887555079803,8.171290828910099
PhysiCell,PhysiCell_dx_5um_uptake,5.0,,mean over all voxels,single center voxel nearest the origin,mean over unique voxels nearest the configured cell positions,voxel size=5 um,2.95,9.792752136748934,7.283357996498107,8.170793230878374
PhysiCell,PhysiCell_dx_5um_uptake,5.0,,mean over all voxels,single center voxel nearest the origin,mean over unique voxels nearest the configured cell positions,voxel size=5 um,2.96,9.792613074577746,7.282833724490427,8.170300598250368
PhysiCell,PhysiCell_dx_5um_uptake,5.0,,mean over all voxels,single center voxel nearest the origin,mean over unique voxels nearest the configured cell positions,voxel size=5 um,2.97,9.792475396277684,7.2823146859239625,8.169812881199247
PhysiCell,PhysiCell_dx_5um_uptake,5.0,,mean over all voxels,single center voxel nearest the origin,mean over unique voxels nearest the configured cell positions,voxel size=5 um,2.98,9.792339088109678,7.281800828213141,8.169330030408526
PhysiCell,PhysiCell_dx_5um_uptake,5.0,,mean over all voxels,single center voxel nearest the origin,mean over unique voxels nearest the configured cell positions,voxel size=5 um,2.99,9.7922041364699,7.281292099313495,8.16885199706648
PhysiCell,PhysiCell_dx_5um_uptake,5.0,,mean over all voxels,single center voxel nearest the origin,mean over unique voxels nearest the configured cell positions,voxel size=5 um,3.0,9.79207052788848,7.280788447715634,8.168378732860596
PhysiCell,PhysiCell_dx_5um_uptake,5.0,,mean over all voxels,single center voxel nearest the origin,mean over unique voxels nearest the configured cell positions,voxel size=5 um,3.01,9.791938249028231,7.2802898224393005,8.167910189972142
PhysiCell,PhysiCell_dx_5um_uptake,5.0,,mean over all voxels,single center voxel nearest the origin,mean over unique voxels nearest the configured cell positions,voxel size=5 um,3.02,9.791807286683353,7.27979617302752,8.167446321070768
PhysiCell,PhysiCell_dx_5um_uptake,5.0,,mean over all voxels,single center voxel nearest the origin,mean over unique voxels nearest the configured cell positions,voxel size=5 um,3.03,9.791677627778213,7.279307449540798,8.1669870793092
PhysiCell,PhysiCell_dx_5um_uptake,5.0,,mean over all voxels,single center voxel nearest the origin,mean over unique voxels nearest the configured cell positions,voxel size=5 um,3.04,9.791549259366073,7.278823602551425,8.166532418317992
PhysiCell,PhysiCell_dx_5um_uptake,5.0,,mean over all voxels,single center voxel nearest the origin,mean over unique voxels nearest the configured cell positions,voxel size=5 um,3.05,9.791422168627859,7.27834458313785,8.166082292200366
PhysiCell,PhysiCell_dx_5um_uptake,5.0,,mean over all voxels,single center voxel nearest the origin,mean over unique voxels nearest the configured cell positions,voxel size=5 um,3.06,9.79129634287094,7.277870342879126,8.16563665552708
PhysiCell,PhysiCell_dx_5um_uptake,5.0,,mean over all voxels,single center voxel nearest the origin,mean over unique voxels nearest the configured cell positions,voxel size=5 um,3.07,9.791171769527907,7.277400833849437,8.165195463331404
PhysiCell,PhysiCell_dx_5um_uptake,5.0,,mean over all voxels,single center voxel nearest the origin,mean over unique voxels nearest the configured cell positions,voxel size=5 um,3.08,9.791048436155375,7.276936008612671,8.164758671104133
PhysiCell,PhysiCell_dx_5um_uptake,5.0,,mean over all voxels,single center voxel nearest the origin,mean over unique voxels nearest the configured cell positions,voxel size=5 um,3.09,9.790926330432793,7.276475820217117,8.164326234788676
PhysiCell,PhysiCell_dx_5um_uptake,5.0,,mean over all voxels,single center voxel nearest the origin,mean over unique voxels nearest the configured cell positions,voxel size=5 um,3.1,9.790805440161229,7.276020222190174,8.163898110776199
PhysiCell,PhysiCell_dx_5um_uptake,5.0,,mean over all voxels,single center voxel nearest the origin,mean over unique voxels nearest the configured cell positions,voxel size=5 um,3.11,9.790685753262245,7.275569168533167,8.163474255900836
PhysiCell,PhysiCell_dx_5um_uptake,5.0,,mean over all voxels,single center voxel nearest the origin,mean over unique voxels nearest the configured cell positions,voxel size=5 um,3.12,9.790567257776702,7.275122613716209,8.163054627434947
PhysiCell,PhysiCell_dx_5um_uptake,5.0,,mean over all voxels,single center voxel nearest the origin,mean over unique voxels nearest the configured cell positions,voxel size=5 um,3.13,9.790449941863603,7.274680512673151,8.16263918308446
PhysiCell,PhysiCell_dx_5um_uptake,5.0,,mean over all voxels,single center voxel nearest the origin,mean over unique voxels nearest the configured cell positions,voxel size=5 um,3.14,9.79033379379898,7.2742428207965615,8.162227880984243
PhysiCell,PhysiCell_dx_5um_uptake,5.0,,mean over all voxels,single center voxel nearest the origin,mean over unique voxels nearest the configured cell positions,voxel size=5 um,3.15,9.790218801974735,7.273809493932816,8.161820679693554
PhysiCell,PhysiCell_dx_5um_uptake,5.0,,mean over all voxels,single center voxel nearest the origin,mean over unique voxels nearest the configured cell positions,voxel size=5 um,3.16,9.790104954897526,7.273380488377209,8.16141753819152
PhysiCell,PhysiCell_dx_5um_uptake,5.0,,mean over all voxels,single center voxel nearest the origin,mean over unique voxels nearest the configured cell positions,voxel size=5 um,3.17,9.789992241187662,7.272955760869145,8.161018415872713
PhysiCell,PhysiCell_dx_5um_uptake,5.0,,mean over all voxels,single center voxel nearest the origin,mean over unique voxels nearest the configured cell positions,voxel size=5 um,3.18,9.789880649577986,7.27253526858739,8.160623272542736
PhysiCell,PhysiCell_dx_5um_uptake,5.0,,mean over all voxels,single center voxel nearest the origin,mean over unique voxels nearest the configured cell positions,voxel size=5 um,3.19,9.789770168912796,7.272118969145378,8.1602320684139
PhysiCell,PhysiCell_dx_5um_uptake,5.0,,mean over all voxels,single center voxel nearest the origin,mean over unique voxels nearest the configured cell positions,voxel size=5 um,3.2,9.789660788146758,7.2717068205865845,8.159844764100916
PhysiCell,PhysiCell_dx_5um_uptake,5.0,,mean over all voxels,single center voxel nearest the origin,mean over unique voxels nearest the configured cell positions,voxel size=5 um,3.21,9.789552496343834,7.271298781379935,8.159461320616671
PhysiCell,PhysiCell_dx_5um_uptake,5.0,,mean over all voxels,single center voxel nearest the origin,mean over unique voxels nearest the configured cell positions,voxel size=5 um,3.22,9.789445282676208,7.270894810415301,8.159081699368038
PhysiCell,PhysiCell_dx_5um_uptake,5.0,,mean over all voxels,single center voxel nearest the origin,mean over unique voxels nearest the configured cell positions,voxel size=5 um,3.23,9.789339136423264,7.270494866999031,8.158705862151734
PhysiCell,PhysiCell_dx_5um_uptake,5.0,,mean over all voxels,single center voxel nearest the origin,mean over unique voxels nearest the configured cell positions,voxel size=5 um,3.24,9.789234046970494,7.270098910849532,8.158333771150245
PhysiCell,PhysiCell_dx_5um_uptake,5.0,,mean over all voxels,single center voxel nearest the origin,mean over unique voxels nearest the configured cell positions,voxel size=5 um,3.25,9.789130003808518,7.269706902092925,8.157965388927764
PhysiCell,PhysiCell_dx_5um_uptake,5.0,,mean over all voxels,single center voxel nearest the origin,mean over unique voxels nearest the configured cell positions,voxel size=5 um,3.26,9.789026996532016,7.269318801258736,8.157600678426231
PhysiCell,PhysiCell_dx_5um_uptake,5.0,,mean over all voxels,single center voxel nearest the origin,mean over unique voxels nearest the configured cell positions,voxel size=5 um,3.27,9.78892501483873,7.268934569275639,8.157239602961353
PhysiCell,PhysiCell_dx_5um_uptake,5.0,,mean over all voxels,single center voxel nearest the origin,mean over unique voxels nearest the configured cell positions,voxel size=5 um,3.28,9.788824048528465,7.268554167467262,8.156882126218727
PhysiCell,PhysiCell_dx_5um_uptake,5.0,,mean over all voxels,single center voxel nearest the origin,mean over unique voxels nearest the configured cell positions,voxel size=5 um,3.29,9.78872408750208,7.268177557548036,8.156528212249984
PhysiCell,PhysiCell_dx_5um_uptake,5.0,,mean over all voxels,single center voxel nearest the origin,mean over unique voxels nearest the configured cell positions,voxel size=5 um,3.3,9.788625121760509,7.267804701619084,8.156177825468971
PhysiCell,PhysiCell_dx_5um_uptake,5.0,,mean over all voxels,single center voxel nearest the origin,mean over unique voxels nearest the configured cell positions,voxel size=5 um,3.31,9.78852714140377,7.2674355621641755,8.155830930647987
PhysiCell,PhysiCell_dx_5um_uptake,5.0,,mean over all voxels,single center voxel nearest the origin,mean over unique voxels nearest the configured cell positions,voxel size=5 um,3.32,9.788430136630025,7.267070102045727,8.155487492914068
PhysiCell,PhysiCell_dx_5um_uptake,5.0,,mean over all voxels,single center voxel nearest the origin,mean over unique voxels nearest the configured cell positions,voxel size=5 um,3.33,9.788334097734582,7.266708284500825,8.155147477745302
PhysiCell,PhysiCell_dx_5um_uptake,5.0,,mean over all voxels,single center voxel nearest the origin,mean over unique voxels nearest the configured cell positions,voxel size=5 um,3.34,9.78823901510896,7.266350073137334,8.154810850967193
PhysiCell,PhysiCell_dx_5um_uptake,5.0,,mean over all voxels,single center voxel nearest the origin,mean over unique voxels nearest the configured cell positions,voxel size=5 um,3.35,9.788144879239974,7.265995431930013,8.154477578749063
PhysiCell,PhysiCell_dx_5um_uptake,5.0,,mean over all voxels,single center voxel nearest the origin,mean over unique voxels nearest the configured cell positions,voxel size=5 um,3.36,9.788051680708746,7.265644325216708,8.154147627600501
PhysiCell,PhysiCell_dx_5um_uptake,5.0,,mean over all voxels,single center voxel nearest the origin,mean over unique voxels nearest the configured cell positions,voxel size=5 um,3.37,9.787959410189824,7.265296717694564,8.153820964367844
PhysiCell,PhysiCell_dx_5um_uptake,5.0,,mean over all voxels,single center voxel nearest the origin,mean over unique voxels nearest the configured cell positions,voxel size=5 um,3.38,9.787868058450261,7.264952574416297,8.153497556230704
PhysiCell,PhysiCell_dx_5um_uptake,5.0,,mean over all voxels,single center voxel nearest the origin,mean over unique voxels nearest the configured cell positions,voxel size=5 um,3.39,9.787777616348688,7.2646118607864985,8.153177370698527
PhysiCell,PhysiCell_dx_5um_uptake,5.0,,mean over all voxels,single center voxel nearest the origin,mean over unique voxels nearest the configured cell positions,voxel size=5 um,3.4,9.787688074834419,7.2642745425579935,8.15286037560721
PhysiCell,PhysiCell_dx_5um_uptake,5.0,,mean over all voxels,single center voxel nearest the origin,mean over unique voxels nearest the configured cell positions,voxel size=5 um,3.41,9.787599424946594,7.263940585828227,8.152546539115717
PhysiCell,PhysiCell_dx_5um_uptake,5.0,,mean over all voxels,single center voxel nearest the origin,mean over unique voxels nearest the configured cell positions,voxel size=5 um,3.42,9.787511657813242,7.263609957035699,8.152235829702779
PhysiCell,PhysiCell_dx_5um_uptake,5.0,,mean over all voxels,single center voxel nearest the origin,mean over unique voxels nearest the configured cell positions,voxel size=5 um,3.43,9.78742476465046,7.263282622956443,8.151928216163595
PhysiCell,PhysiCell_dx_5um_uptake,5.0,,mean over all voxels,single center voxel nearest the origin,mean over unique voxels nearest the configured cell positions,voxel size=5 um,3.44,9.787338736761502,7.262958550700533,8.151623667606597
PhysiCell,PhysiCell_dx_5um_uptake,5.0,,mean over all voxels,single center voxel nearest the origin,mean over unique voxels nearest the configured cell positions,voxel size=5 um,3.45,9.78725356553596,7.262637707708644,8.15132215345022
PhysiCell,PhysiCell_dx_5um_uptake,5.0,,mean over all voxels,single center voxel nearest the origin,mean over unique voxels nearest the configured cell positions,voxel size=5 um,3.46,9.787169242448895,7.262320061748644,8.151023643419737
PhysiCell,PhysiCell_dx_5um_uptake,5.0,,mean over all voxels,single center voxel nearest the origin,mean over unique voxels nearest the configured cell positions,voxel size=5 um,3.47,9.787085759059998,7.26200558091222,8.150728107544111
PhysiCell,PhysiCell_dx_5um_uptake,5.0,,mean over all voxels,single center voxel nearest the origin,mean over unique voxels nearest the configured cell positions,voxel size=5 um,3.48,9.787003107012756,7.261694233611549,8.150435516152891
PhysiCell,PhysiCell_dx_5um_uptake,5.0,,mean over all voxels,single center voxel nearest the origin,mean over unique voxels nearest the configured cell positions,voxel size=5 um,3.49,9.786921278033637,7.261385988575995,8.150145839873133
PhysiCell,PhysiCell_dx_5um_uptake,5.0,,mean over all voxels,single center voxel nearest the origin,mean over unique voxels nearest the configured cell positions,voxel size=5 um,3.5,9.786840263931255,7.261080814848873,8.149859049626365
PhysiCell,PhysiCell_dx_5um_uptake,5.0,,mean over all voxels,single center voxel nearest the origin,mean over unique voxels nearest the configured cell positions,voxel size=5 um,3.51,9.786760056595579,7.2607786817842,8.149575116625579
PhysiCell,PhysiCell_dx_5um_uptake,5.0,,mean over all voxels,single center voxel nearest the origin,mean over unique voxels nearest the configured cell positions,voxel size=5 um,3.52,9.786680647997128,7.260479559043526,8.14929401237225
PhysiCell,PhysiCell_dx_5um_uptake,5.0,,mean over all voxels,single center voxel nearest the origin,mean over unique voxels nearest the configured cell positions,voxel size=5 um,3.53,9.786602030186161,7.2601834165927785,8.149015708653407
PhysiCell,PhysiCell_dx_5um_uptake,5.0,,mean over all voxels,single center voxel nearest the origin,mean over unique voxels nearest the configured cell positions,voxel size=5 um,3.54,9.78652419529191,7.259890224699142,8.148740177538706
PhysiCell,PhysiCell_dx_5um_uptake,5.0,,mean over all voxels,single center voxel nearest the origin,mean over unique voxels nearest the configured cell positions,voxel size=5 um,3.55,9.786447135521794,7.259599953927986,8.148467391377565
PhysiCell,PhysiCell_dx_5um_uptake,5.0,,mean over all voxels,single center voxel nearest the origin,mean over unique voxels nearest the configured cell positions,voxel size=5 um,3.56,9.786370843160642,7.259312575139802,8.14819732279631
PhysiCell,PhysiCell_dx_5um_uptake,5.0,,mean over all voxels,single center voxel nearest the origin,mean over unique voxels nearest the configured cell positions,voxel size=5 um,3.57,9.786295310569939,7.2590280594871945,8.147929944695365
PhysiCell,PhysiCell_dx_5um_uptake,5.0,,mean over all voxels,single center voxel nearest the origin,mean over unique voxels nearest the configured cell positions,voxel size=5 um,3.58,9.786220530187066,7.258746378411906,8.147665230246448
PhysiCell,PhysiCell_dx_5um_uptake,5.0,,mean over all voxels,single center voxel nearest the origin,mean over unique voxels nearest the configured cell positions,voxel size=5 um,3.59,9.786146494524546,7.258467503641855,8.147403152889838
PhysiCell,PhysiCell_dx_5um_uptake,5.0,,mean over all voxels,single center voxel nearest the origin,mean over unique voxels nearest the configured cell positions,voxel size=5 um,3.6,9.786073196169308,7.258191407188228,8.147143686331622
PhysiCell,PhysiCell_dx_5um_uptake,5.0,,mean over all voxels,single center voxel nearest the origin,mean over unique voxels nearest the configured cell positions,voxel size=5 um,3.61,9.78600062778195,7.257918061342584,8.146886804541024
PhysiCell,PhysiCell_dx_5um_uptake,5.0,,mean over all voxels,single center voxel nearest the origin,mean over unique voxels nearest the configured cell positions,voxel size=5 um,3.62,9.78592878209601,7.257647438674007,8.146632481747712
PhysiCell,PhysiCell_dx_5um_uptake,5.0,,mean over all voxels,single center voxel nearest the origin,mean over unique voxels nearest the configured cell positions,voxel size=5 um,3.63,9.785857651917247,7.257379512026276,8.14638069243917
PhysiCell,PhysiCell_dx_5um_uptake,5.0,,mean over all voxels,single center voxel nearest the origin,mean over unique voxels nearest the configured cell positions,voxel size=5 um,3.64,9.78578723012293,7.257114254515074,8.146131411358077
PhysiCell,PhysiCell_dx_5um_uptake,5.0,,mean over all voxels,single center voxel nearest the origin,mean over unique voxels nearest the configured cell positions,voxel size=5 um,3.65,9.785717509661119,7.256851639525221,8.145884613499737
PhysiCell,PhysiCell_dx_5um_uptake,5.0,,mean over all voxels,single center voxel nearest the origin,mean over unique voxels nearest the configured cell positions,voxel size=5 um,3.66,9.785648483549984,7.256591640707946,8.145640274109496
PhysiCell,PhysiCell_dx_5um_uptake,5.0,,mean over all voxels,single center voxel nearest the origin,mean over unique voxels nearest the configured cell positions,voxel size=5 um,3.67,9.785580144877098,7.256334231978174,8.145398368680233
PhysiCell,PhysiCell_dx_5um_uptake,5.0,,mean over all voxels,single center voxel nearest the origin,mean over unique voxels nearest the configured cell positions,voxel size=5 um,3.68,9.785512486798746,7.256079387511853,8.145158872949855
PhysiCell,PhysiCell_dx_5um_uptake,5.0,,mean over all voxels,single center voxel nearest the origin,mean over unique voxels nearest the configured cell positions,voxel size=5 um,3.69,9.785445502539272,7.255827081743308,8.1449217628988
PhysiCell,PhysiCell_dx_5um_uptake,5.0,,mean over all voxels,single center voxel nearest the origin,mean over unique voxels nearest the configured cell positions,voxel size=5 um,3.7,9.78537918539037,7.255577289362618,8.144687014747607
PhysiCell,PhysiCell_dx_5um_uptake,5.0,,mean over all voxels,single center voxel nearest the origin,mean over unique voxels nearest the configured cell positions,voxel size=5 um,3.71,9.785313528710441,7.255329985313026,8.144454604954477
PhysiCell,PhysiCell_dx_5um_uptake,5.0,,mean over all voxels,single center voxel nearest the origin,mean over unique voxels nearest the configured cell positions,voxel size=5 um,3.72,9.785248525923926,7.255085144788377,8.144224510212881
PhysiCell,PhysiCell_dx_5um_uptake,5.0,,mean over all voxels,single center voxel nearest the origin,mean over unique voxels nearest the configured cell positions,voxel size=5 um,3.73,9.785184170520655,7.254842743230575,8.143996707449173
PhysiCell,PhysiCell_dx_5um_uptake,5.0,,mean over all voxels,single center voxel nearest the origin,mean over unique voxels nearest the configured cell positions,voxel size=5 um,3.74,9.785120456055191,7.254602756327075,8.143771173820262
PhysiCell,PhysiCell_dx_5um_uptake,5.0,,mean over all voxels,single center voxel nearest the origin,mean over unique voxels nearest the configured cell positions,voxel size=5 um,3.75,9.785057376146204,7.254365160008409,8.143547886711255
PhysiCell,PhysiCell_dx_5um_uptake,5.0,,mean over all voxels,single center voxel nearest the origin,mean over unique voxels nearest the configured cell positions,voxel size=5 um,3.76,9.784994924475821,7.254129930445712,8.143326823733188
PhysiCell,PhysiCell_dx_5um_uptake,5.0,,mean over all voxels,single center voxel nearest the origin,mean over unique voxels nearest the configured cell positions,voxel size=5 um,3.77,9.784933094788997,7.2538970440482995,8.143107962720718
PhysiCell,PhysiCell_dx_5um_uptake,5.0,,mean over all voxels,single center voxel nearest the origin,mean over unique voxels nearest the configured cell positions,voxel size=5 um,3.78,9.784871880892918,7.253666477461259,8.1428912817299
PhysiCell,PhysiCell_dx_5um_uptake,5.0,,mean over all voxels,single center voxel nearest the origin,mean over unique voxels nearest the configured cell positions,voxel size=5 um,3.79,9.784811276656354,7.253438207563072,8.14267675903593
PhysiCell,PhysiCell_dx_5um_uptake,5.0,,mean over all voxels,single center voxel nearest the origin,mean over unique voxels nearest the configured cell positions,voxel size=5 um,3.8,9.78475127600906,7.2532122114632545,8.142464373130954
PhysiCell,PhysiCell_dx_5um_uptake,5.0,,mean over all voxels,single center voxel nearest the origin,mean over unique voxels nearest the configured cell positions,voxel size=5 um,3.81,9.784691872941172,7.252988466500028,8.142254102721875
PhysiCell,PhysiCell_dx_5um_uptake,5.0,,mean over all voxels,single center voxel nearest the origin,mean over unique voxels nearest the configured cell positions,voxel size=5 um,3.82,9.784633061502603,7.252766950238014,8.142045926728201
PhysiCell,PhysiCell_dx_5um_uptake,5.0,,mean over all voxels,single center voxel nearest the origin,mean over unique voxels nearest the configured cell positions,voxel size=5 um,3.83,9.784574835802477,7.2525476404659415,8.141839824279893
PhysiCell,PhysiCell_dx_5um_uptake,5.0,,mean over all voxels,single center voxel nearest the origin,mean over unique voxels nearest the configured cell positions,voxel size=5 um,3.84,9.784517190008504,7.252330515194401,8.141635774715267
PhysiCell,PhysiCell_dx_5um_uptake,5.0,,mean over all voxels,single center voxel nearest the origin,mean over unique voxels nearest the configured cell positions,voxel size=5 um,3.85,9.784460118346411,7.252115552653602,8.141433757578877
PhysiCell,PhysiCell_dx_5um_uptake,5.0,,mean over all voxels,single center voxel nearest the origin,mean over unique voxels nearest the configured cell positions,voxel size=5 um,3.86,9.78440361509938,7.251902731291163,8.141233752619454
PhysiCell,PhysiCell_dx_5um_uptake,5.0,,mean over all voxels,single center voxel nearest the origin,mean over unique voxels nearest the configured cell positions,voxel size=5 um,3.87,9.784347674607478,7.251692029769917,8.141035739787856
PhysiCell,PhysiCell_dx_5um_uptake,5.0,,mean over all voxels,single center voxel nearest the origin,mean over unique voxels nearest the configured cell positions,voxel size=5 um,3.88,9.784292291267066,7.251483426965755,8.140839699235029
PhysiCell,PhysiCell_dx_5um_uptake,5.0,,mean over all voxels,single center voxel nearest the origin,mean over unique voxels nearest the configured cell positions,voxel size=5 um,3.89,9.784237459530274,7.25127690196547,8.140645611310003
PhysiCell,PhysiCell_dx_5um_uptake,5.0,,mean over all voxels,single center voxel nearest the origin,mean over unique voxels nearest the configured cell positions,voxel size=5 um,3.9,9.784183173904426,7.251072434064643,8.140453456557902
PhysiCell,PhysiCell_dx_5um_uptake,5.0,,mean over all voxels,single center voxel nearest the origin,mean over unique voxels nearest the configured cell positions,voxel size=5 um,3.91,9.784129428951498,7.250870002765546,8.140263215717969
PhysiCell,PhysiCell_dx_5um_uptake,5.0,,mean over all voxels,single center voxel nearest the origin,mean over unique voxels nearest the configured cell positions,voxel size=5 um,3.92,9.784076219287583,7.250669587775048,8.140074869721632
PhysiCell,PhysiCell_dx_5um_uptake,5.0,,mean over all voxels,single center voxel nearest the origin,mean over unique voxels nearest the configured cell positions,voxel size=5 um,3.93,9.78402353958234,7.250471169002585,8.139888399690554
PhysiCell,PhysiCell_dx_5um_uptake,5.0,,mean over all voxels,single center voxel nearest the origin,mean over unique voxels nearest the configured cell positions,voxel size=5 um,3.94,9.783971384558471,7.250274726558091,8.139703786934744
PhysiCell,PhysiCell_dx_5um_uptake,5.0,,mean over all voxels,single center voxel nearest the origin,mean over unique voxels nearest the configured cell positions,voxel size=5 um,3.95,9.783919748991208,7.250080240750015,8.139521012950656
PhysiCell,PhysiCell_dx_5um_uptake,5.0,,mean over all voxels,single center voxel nearest the origin,mean over unique voxels nearest the configured cell positions,voxel size=5 um,3.96,9.78386862770775,7.249887692083301,8.139340059419329
PhysiCell,PhysiCell_dx_5um_uptake,5.0,,mean over all voxels,single center voxel nearest the origin,mean over unique voxels nearest the configured cell positions,voxel size=5 um,3.97,9.7838180155868,7.249697061257439,8.13916090820452
PhysiCell,PhysiCell_dx_5um_uptake,5.0,,mean over all voxels,single center voxel nearest the origin,mean over unique voxels nearest the configured cell positions,voxel size=5 um,3.98,9.78376790755801,7.249508329164492,8.138983541350893
PhysiCell,PhysiCell_dx_5um_uptake,5.0,,mean over all voxels,single center voxel nearest the origin,mean over unique voxels nearest the configured cell positions,voxel size=5 um,3.99,9.783718298601501,7.249321476887172,8.138807941082185
PhysiCell,PhysiCell_dx_5um_uptake,5.0,,mean over all voxels,single center voxel nearest the origin,mean over unique voxels nearest the configured cell positions,voxel size=5 um,4.0,9.783669183747357,7.249136485696928,8.138634089799424
PhysiCell,PhysiCell_dx_5um_uptake,5.0,,mean over all voxels,single center voxel nearest the origin,mean over unique voxels nearest the configured cell positions,voxel size=5 um,4.01,9.783620558075112,7.248953337052044,8.13846197007916
PhysiCell,PhysiCell_dx_5um_uptake,5.0,,mean over all voxels,single center voxel nearest the origin,mean over unique voxels nearest the configured cell positions,voxel size=5 um,4.02,9.783572416713287,7.24877201259578,8.138291564671682
PhysiCell,PhysiCell_dx_5um_uptake,5.0,,mean over all voxels,single center voxel nearest the origin,mean over unique voxels nearest the configured cell positions,voxel size=5 um,4.03,9.783524754838885,7.248592494154501,8.138122856499304
PhysiCell,PhysiCell_dx_5um_uptake,5.0,,mean over all voxels,single center voxel nearest the origin,mean over unique voxels nearest the configured cell positions,voxel size=5 um,4.04,9.783477567676904,7.24841476373585,8.137955828654622
PhysiCell,PhysiCell_dx_5um_uptake,5.0,,mean over all voxels,single center voxel nearest the origin,mean over unique voxels nearest the configured cell positions,voxel size=5 um,4.05,9.783430850499878,7.248238803526929,8.137790464398828
PhysiCell,PhysiCell_dx_5um_uptake,5.0,,mean over all voxels,single center voxel nearest the origin,mean over unique voxels nearest the configured cell positions,voxel size=5 um,4.06,9.783384598627395,7.248064595892501,8.137626747159997
PhysiCell,PhysiCell_dx_5um_uptake,5.0,,mean over all voxels,single center voxel nearest the origin,mean over unique voxels nearest the configured cell positions,voxel size=5 um,4.07,9.783338807425633,7.247892123373206,8.137464660531451
PhysiCell,PhysiCell_dx_5um_uptake,5.0,,mean over all voxels,single center voxel nearest the origin,mean over unique voxels nearest the configured cell positions,voxel size=5 um,4.08,9.783293472306886,7.247721368683807,8.137304188270074
PhysiCell,PhysiCell_dx_5um_uptake,5.0,,mean over all voxels,single center voxel nearest the origin,mean over unique voxels nearest the configured cell positions,voxel size=5 um,4.09,9.78324858872912,7.2475523147114345,8.137145314294683
PhysiCell,PhysiCell_dx_5um_uptake,5.0,,mean over all voxels,single center voxel nearest the origin,mean over unique voxels nearest the configured cell positions,voxel size=5 um,4.1,9.783204152195514,7.247384944513867,8.136988022684426
PhysiCell,PhysiCell_dx_5um_uptake,5.0,,mean over all voxels,single center voxel nearest the origin,mean over unique voxels nearest the configured cell positions,voxel size=5 um,4.11,9.783160158254015,7.247219241317829,8.136832297677156
PhysiCell,PhysiCell_dx_5um_uptake,5.0,,mean over all voxels,single center voxel nearest the origin,mean over unique voxels nearest the configured cell positions,voxel size=5 um,4.12,9.783116602496875,7.247055188517284,8.136678123667851
PhysiCell,PhysiCell_dx_5um_uptake,5.0,,mean over all voxels,single center voxel nearest the origin,mean over unique voxels nearest the configured cell positions,voxel size=5 um,4.13,9.783073480560233,7.246892769671769,8.136525485207043
PhysiCell,PhysiCell_dx_5um_uptake,5.0,,mean over all voxels,single center voxel nearest the origin,mean over unique voxels nearest the configured cell positions,voxel size=5 um,4.14,9.783030788123673,7.2467319685047356,8.136374366999272
PhysiCell,PhysiCell_dx_5um_uptake,5.0,,mean over all voxels,single center voxel nearest the origin,mean over unique voxels nearest the configured cell positions,voxel size=5 um,4.15,9.78298852090978,7.246572768901918,8.136224753901525
PhysiCell,PhysiCell_dx_5um_uptake,5.0,,mean over all voxels,single center voxel nearest the origin,mean over unique voxels nearest the configured cell positions,voxel size=5 um,4.16,9.782946674683725,7.246415154909694,8.136076630921732
PhysiCell,PhysiCell_dx_5um_uptake,5.0,,mean over all voxels,single center voxel nearest the origin,mean over unique voxels nearest the configured cell positions,voxel size=5 um,4.17,9.78290524525284,7.2462591107334875,8.135929983217244
PhysiCell,PhysiCell_dx_5um_uptake,5.0,,mean over all voxels,single center voxel nearest the origin,mean over unique voxels nearest the configured cell positions,voxel size=5 um,4.18,9.782864228466194,7.246104620736178,8.135784796093354
PhysiCell,PhysiCell_dx_5um_uptake,5.0,,mean over all voxels,single center voxel nearest the origin,mean over unique voxels nearest the configured cell positions,voxel size=5 um,4.19,9.782823620214188,7.245951669436518,8.135641055001795
PhysiCell,PhysiCell_dx_5um_uptake,5.0,,mean over all voxels,single center voxel nearest the origin,mean over unique voxels nearest the configured cell positions,voxel size=5 um,4.2,9.782783416428124,7.245800241507586,8.135498745539307
PhysiCell,PhysiCell_dx_5um_uptake,5.0,,mean over all voxels,single center voxel nearest the origin,mean over unique voxels nearest the configured cell positions,voxel size=5 um,4.21,9.782743613079825,7.245650321775234,8.135357853446157
PhysiCell,PhysiCell_dx_5um_uptake,5.0,,mean over all voxels,single center voxel nearest the origin,mean over unique voxels nearest the configured cell positions,voxel size=5 um,4.22,9.782704206181206,7.245501895216563,8.135218364604736
PhysiCell,PhysiCell_dx_5um_uptake,5.0,,mean over all voxels,single center voxel nearest the origin,mean over unique voxels nearest the configured cell positions,voxel size=5 um,4.23,9.782665191783892,7.245354946958407,8.135080265038109
PhysiCell,PhysiCell_dx_5um_uptake,5.0,,mean over all voxels,single center voxel nearest the origin,mean over unique voxels nearest the configured cell positions,voxel size=5 um,4.24,9.782626565978829,7.245209462275846,8.134943540908631
PhysiCell,PhysiCell_dx_5um_uptake,5.0,,mean over all voxels,single center voxel nearest the origin,mean over unique voxels nearest the configured cell positions,voxel size=5 um,4.25,9.782588324895867,7.245065426590716,8.134808178516549
PhysiCell,PhysiCell_dx_5um_uptake,5.0,,mean over all voxels,single center voxel nearest the origin,mean over unique voxels nearest the configured cell positions,voxel size=5 um,4.26,9.782550464703402,7.2449228254701445,8.134674164298628
PhysiCell,PhysiCell_dx_5um_uptake,5.0,,mean over all voxels,single center voxel nearest the origin,mean over unique voxels nearest the configured cell positions,voxel size=5 um,4.27,9.782512981607967,7.244781644625101,8.134541484826778
PhysiCell,PhysiCell_dx_5um_uptake,5.0,,mean over all voxels,single center voxel nearest the origin,mean over unique voxels nearest the configured cell positions,voxel size=5 um,4.28,9.782475871853872,7.244641869908958,8.134410126806715
PhysiCell,PhysiCell_dx_5um_uptake,5.0,,mean over all voxels,single center voxel nearest the origin,mean over unique voxels nearest the configured cell positions,voxel size=5 um,4.29,9.782439131722823,7.244503487316066,8.134280077076621
PhysiCell,PhysiCell_dx_5um_uptake,5.0,,mean over all voxels,single center voxel nearest the origin,mean over unique voxels nearest the configured cell positions,voxel size=5 um,4.3,9.782402757533546,7.244366482980348,8.134151322605826
PhysiCell,PhysiCell_dx_5um_uptake,5.0,,mean over all voxels,single center voxel nearest the origin,mean over unique voxels nearest the configured cell positions,voxel size=5 um,4.31,9.782366745641419,7.244230843173902,8.134023850493485
PhysiCell,PhysiCell_dx_5um_uptake,5.0,,mean over all voxels,single center voxel nearest the origin,mean over unique voxels nearest the configured cell positions,voxel size=5 um,4.32,9.782331092438115,7.244096554305635,8.133897647967304
PhysiCell,PhysiCell_dx_5um_uptake,5.0,,mean over all voxels,single center voxel nearest the origin,mean over unique voxels nearest the configured cell positions,voxel size=5 um,4.33,9.782295794351233,7.243963602919873,8.133772702382231
PhysiCell,PhysiCell_dx_5um_uptake,5.0,,mean over all voxels,single center voxel nearest the origin,mean over unique voxels nearest the configured cell positions,voxel size=5 um,4.34,9.782260847843938,7.243831975695027,8.133649001219215
PhysiCell,PhysiCell_dx_5um_uptake,5.0,,mean over all voxels,single center voxel nearest the origin,mean over unique voxels nearest the configured cell positions,voxel size=5 um,4.35,9.782226249414618,7.24370165944225,8.133526532083925
PhysiCell,PhysiCell_dx_5um_uptake,5.0,,mean over all voxels,single center voxel nearest the origin,mean over unique voxels nearest the configured cell positions,voxel size=5 um,4.36,9.782191995596529,7.243572641104105,8.133405282705514
PhysiCell,PhysiCell_dx_5um_uptake,5.0,,mean over all voxels,single center voxel nearest the origin,mean over unique voxels nearest the configured cell positions,voxel size=5 um,4.37,9.782158082957443,7.243444907753264,8.13328524093538
PhysiCell,PhysiCell_dx_5um_uptake,5.0,,mean over all voxels,single center voxel nearest the origin,mean over unique voxels nearest the configured cell positions,voxel size=5 um,4.38,9.782124508099312,7.243318446591203,8.133166394745972
PhysiCell,PhysiCell_dx_5um_uptake,5.0,,mean over all voxels,single center voxel nearest the origin,mean over unique voxels nearest the configured cell positions,voxel size=5 um,4.39,9.782091267657915,7.24319324494691,8.133048732229543
PhysiCell,PhysiCell_dx_5um_uptake,5.0,,mean over all voxels,single center voxel nearest the origin,mean over unique voxels nearest the configured cell positions,voxel size=5 um,4.4,9.782058358302546,7.243069290275629,8.13293224159699
PhysiCell,PhysiCell_dx_5um_uptake,5.0,,mean over all voxels,single center voxel nearest the origin,mean over unique voxels nearest the configured cell positions,voxel size=5 um,4.41,9.782025776735654,7.242946570157584,8.132816911176645
PhysiCell,PhysiCell_dx_5um_uptake,5.0,,mean over all voxels,single center voxel nearest the origin,mean over unique voxels nearest the configured cell positions,voxel size=5 um,4.42,9.781993519692533,7.242825072296737,8.132702729413117
PhysiCell,PhysiCell_dx_5um_uptake,5.0,,mean over all voxels,single center voxel nearest the origin,mean over unique voxels nearest the configured cell positions,voxel size=5 um,4.43,9.781961583940976,7.242704784519561,8.132589684866135
PhysiCell,PhysiCell_dx_5um_uptake,5.0,,mean over all voxels,single center voxel nearest the origin,mean over unique voxels nearest the configured cell positions,voxel size=5 um,4.44,9.781929966280968,7.242585694773806,8.132477766209387
PhysiCell,PhysiCell_dx_5um_uptake,5.0,,mean over all voxels,single center voxel nearest the origin,mean over unique voxels nearest the configured cell positions,voxel size=5 um,4.45,9.781898663544364,7.242467791127289,8.132366962229387
PhysiCell,PhysiCell_dx_5um_uptake,5.0,,mean over all voxels,single center voxel nearest the origin,mean over unique voxels nearest the configured cell positions,voxel size=5 um,4.46,9.781867672594563,7.24235106176671,8.13225726182437
PhysiCell,PhysiCell_dx_5um_uptake,5.0,,mean over all voxels,single center voxel nearest the origin,mean over unique voxels nearest the configured cell positions,voxel size=5 um,4.47,9.781836990326193,7.242235494996453,8.13214865400314
PhysiCell,PhysiCell_dx_5um_uptake,5.0,,mean over all voxels,single center voxel nearest the origin,mean over unique voxels nearest the configured cell positions,voxel size=5 um,4.48,9.78180661366482,7.242121079237414,8.132041127884001
PhysiCell,PhysiCell_dx_5um_uptake,5.0,,mean over all voxels,single center voxel nearest the origin,mean over unique voxels nearest the configured cell positions,voxel size=5 um,4.49,9.78177653956661,7.242007803025842,8.131934672693648
PhysiCell,PhysiCell_dx_5um_uptake,5.0,,mean over all voxels,single center voxel nearest the origin,mean over unique voxels nearest the configured cell positions,voxel size=5 um,4.5,9.781746765018063,7.241895655012186,8.131829277766096
PhysiCell,PhysiCell_dx_5um_uptake,5.0,,mean over all voxels,single center voxel nearest the origin,mean over unique voxels nearest the configured cell positions,voxel size=5 um,4.51,9.781717287035658,7.24178462395996,8.131724932541596
PhysiCell,PhysiCell_dx_5um_uptake,5.0,,mean over all voxels,single center voxel nearest the origin,mean over unique voxels nearest the configured cell positions,voxel size=5 um,4.52,9.781688102665612,7.241674698744609,8.131621626565591
PhysiCell,PhysiCell_dx_5um_uptake,5.0,,mean over all voxels,single center voxel nearest the origin,mean over unique voxels nearest the configured cell positions,voxel size=5 um,4.53,9.781659208983548,7.241565868352397,8.131519349487657
PhysiCell,PhysiCell_dx_5um_uptake,5.0,,mean over all voxels,single center voxel nearest the origin,mean over unique voxels nearest the configured cell positions,voxel size=5 um,4.54,9.781630603094204,7.241458121879302,8.131418091060471
PhysiCell,PhysiCell_dx_5um_uptake,5.0,,mean over all voxels,single center voxel nearest the origin,mean over unique voxels nearest the configured cell positions,voxel size=5 um,4.55,9.781602282131157,7.241351448529919,8.131317841138783
PhysiCell,PhysiCell_dx_5um_uptake,5.0,,mean over all voxels,single center voxel nearest the origin,mean over unique voxels nearest the configured cell positions,voxel size=5 um,4.56,9.781574243256541,7.241245837616382,8.131218589678387
PhysiCell,PhysiCell_dx_5um_uptake,5.0,,mean over all voxels,single center voxel nearest the origin,mean over unique voxels nearest the configured cell positions,voxel size=5 um,4.57,9.781546483660732,7.241141278557279,8.13112032673513
PhysiCell,PhysiCell_dx_5um_uptake,5.0,,mean over all voxels,single center voxel nearest the origin,mean over unique voxels nearest the configured cell positions,voxel size=5 um,4.58,9.781519000562099,7.241037760876615,8.13102304246391
PhysiCell,PhysiCell_dx_5um_uptake,5.0,,mean over all voxels,single center voxel nearest the origin,mean over unique voxels nearest the configured cell positions,voxel size=5 um,4.59,9.781491791206705,7.240935274202735,8.130926727117675
PhysiCell,PhysiCell_dx_5um_uptake,5.0,,mean over all voxels,single center voxel nearest the origin,mean over unique voxels nearest the configured cell positions,voxel size=5 um,4.6,9.781464852868046,7.240833808267293,8.130831371046472
PhysiCell,PhysiCell_dx_5um_uptake,5.0,,mean over all voxels,single center voxel nearest the origin,mean over unique voxels nearest the configured cell positions,voxel size=5 um,4.61,9.781438182846765,7.240733352904236,8.130736964696451
PhysiCell,PhysiCell_dx_5um_uptake,5.0,,mean over all voxels,single center voxel nearest the origin,mean over unique voxels nearest the configured cell positions,voxel size=5 um,4.62,9.781411778470396,7.240633898048757,8.130643498608926
PhysiCell,PhysiCell_dx_5um_uptake,5.0,,mean over all voxels,single center voxel nearest the origin,mean over unique voxels nearest the configured cell positions,voxel size=5 um,4.63,9.78138563709308,7.240535433736313,8.13055096341942
PhysiCell,PhysiCell_dx_5um_uptake,5.0,,mean over all voxels,single center voxel nearest the origin,mean over unique voxels nearest the configured cell positions,voxel size=5 um,4.64,9.781359756095313,7.240437950101607,8.130459349856729
PhysiCell,PhysiCell_dx_5um_uptake,5.0,,mean over all voxels,single center voxel nearest the origin,mean over unique voxels nearest the configured cell positions,voxel size=5 um,4.65,9.781334132883668,7.240341437377605,8.130368648741985
PhysiCell,PhysiCell_dx_5um_uptake,5.0,,mean over all voxels,single center voxel nearest the origin,mean over unique voxels nearest the configured cell positions,voxel size=5 um,4.66,9.781308764890566,7.2402458858945575,8.13027885098775
PhysiCell,PhysiCell_dx_5um_uptake,5.0,,mean over all voxels,single center voxel nearest the origin,mean over unique voxels nearest the configured cell positions,voxel size=5 um,4.67,9.781283649573982,7.240151286079031,8.130189947597083
PhysiCell,PhysiCell_dx_5um_uptake,5.0,,mean over all voxels,single center voxel nearest the origin,mean over unique voxels nearest the configured cell positions,voxel size=5 um,4.68,9.781258784417217,7.2400576284529405,8.130101929662665
PhysiCell,PhysiCell_dx_5um_uptake,5.0,,mean over all voxels,single center voxel nearest the origin,mean over unique voxels nearest the configured cell positions,voxel size=5 um,4.69,9.781234166928625,7.239964903632612,8.130014788365884
PhysiCell,PhysiCell_dx_5um_uptake,5.0,,mean over all voxels,single center voxel nearest the origin,mean over unique voxels nearest the configured cell positions,voxel size=5 um,4.7,9.781209794641397,7.239873102327827,8.12992851497596
PhysiCell,PhysiCell_dx_5um_uptake,5.0,,mean over all voxels,single center voxel nearest the origin,mean over unique voxels nearest the configured cell positions,voxel size=5 um,4.71,9.78118566511326,7.239782215340902,8.12984310084907
PhysiCell,PhysiCell_dx_5um_uptake,5.0,,mean over all voxels,single center voxel nearest the origin,mean over unique voxels nearest the configured cell positions,voxel size=5 um,4.72,9.781161775926291,7.239692233565761,8.129758537427486
PhysiCell,PhysiCell_dx_5um_uptake,5.0,,mean over all voxels,single center voxel nearest the origin,mean over unique voxels nearest the configured cell positions,voxel size=5 um,4.73,9.78113812468664,7.239603147987027,8.129674816238698
PhysiCell,PhysiCell_dx_5um_uptake,5.0,,mean over all voxels,single center voxel nearest the origin,mean over unique voxels nearest the configured cell positions,voxel size=5 um,4.74,9.781114709024294,7.2395149496791085,8.129591928894595
PhysiCell,PhysiCell_dx_5um_uptake,5.0,,mean over all voxels,single center voxel nearest the origin,mean over unique voxels nearest the configured cell positions,voxel size=5 um,4.75,9.781091526592846,7.23942762980532,8.129509867090597
PhysiCell,PhysiCell_dx_5um_uptake,5.0,,mean over all voxels,single center voxel nearest the origin,mean over unique voxels nearest the configured cell positions,voxel size=5 um,4.76,9.78106857506926,7.239341179616983,8.129428622604836
PhysiCell,PhysiCell_dx_5um_uptake,5.0,,mean over all voxels,single center voxel nearest the origin,mean over unique voxels nearest the configured cell positions,voxel size=5 um,4.77,9.78104585215363,7.239255590452554,8.12934818729733
PhysiCell,PhysiCell_dx_5um_uptake,5.0,,mean over all voxels,single center voxel nearest the origin,mean over unique voxels nearest the configured cell positions,voxel size=5 um,4.78,9.78102335556897,7.239170853736758,8.129268553109167
PhysiCell,PhysiCell_dx_5um_uptake,5.0,,mean over all voxels,single center voxel nearest the origin,mean over unique voxels nearest the configured cell positions,voxel size=5 um,4.79,9.781001083060955,7.239086960979723,8.129189712061699
PhysiCell,PhysiCell_dx_5um_uptake,5.0,,mean over all voxels,single center voxel nearest the origin,mean over unique voxels nearest the configured cell positions,voxel size=5 um,4.8,9.780979032397722,7.239003903776136,8.129111656255732
PhysiCell,PhysiCell_dx_5um_uptake,5.0,,mean over all voxels,single center voxel nearest the origin,mean over unique voxels nearest the configured cell positions,voxel size=5 um,4.81,9.780957201369635,7.238921673804396,8.129034377870758
PhysiCell,PhysiCell_dx_5um_uptake,5.0,,mean over all voxels,single center voxel nearest the origin,mean over unique voxels nearest the configured cell positions,voxel size=5 um,4.82,9.78093558778906,7.238840262825785,8.128957869164138
PhysiCell,PhysiCell_dx_5um_uptake,5.0,,mean over all voxels,single center voxel nearest the origin,mean over unique voxels nearest the configured cell positions,voxel size=5 um,4.83,9.78091418949016,7.238759662683631,8.128882122470358
PhysiCell,PhysiCell_dx_5um_uptake,5.0,,mean over all voxels,single center voxel nearest the origin,mean over unique voxels nearest the configured cell positions,voxel size=5 um,4.84,9.780893004328657,7.238679865302505,8.128807130200238
PhysiCell,PhysiCell_dx_5um_uptake,5.0,,mean over all voxels,single center voxel nearest the origin,mean over unique voxels nearest the configured cell positions,voxel size=5 um,4.85,9.780872030181644,7.238600862687401,8.12873288484019
PhysiCell,PhysiCell_dx_5um_uptake,5.0,,mean over all voxels,single center voxel nearest the origin,mean over unique voxels nearest the configured cell positions,voxel size=5 um,4.86,9.780851264947344,7.238522646922942,8.128659378951443
PhysiCell,PhysiCell_dx_5um_uptake,5.0,,mean over all voxels,single center voxel nearest the origin,mean over unique voxels nearest the configured cell positions,voxel size=5 um,4.87,9.780830706544922,7.23844521017258,8.128586605169323
PhysiCell,PhysiCell_dx_5um_uptake,5.0,,mean over all voxels,single center voxel nearest the origin,mean over unique voxels nearest the configured cell positions,voxel size=5 um,4.88,9.780810352914267,7.238368544677814,8.12851455620249
PhysiCell,PhysiCell_dx_5um_uptake,5.0,,mean over all voxels,single center voxel nearest the origin,mean over unique voxels nearest the configured cell positions,voxel size=5 um,4.89,9.780790202015776,7.2382926427574175,8.12844322483223
PhysiCell,PhysiCell_dx_5um_uptake,5.0,,mean over all voxels,single center voxel nearest the origin,mean over unique voxels nearest the configured cell positions,voxel size=5 um,4.9,9.780770251830173,7.238217496806654,8.128372603911718
PhysiCell,PhysiCell_dx_5um_uptake,5.0,,mean over all voxels,single center voxel nearest the origin,mean over unique voxels nearest the configured cell positions,voxel size=5 um,4.91,9.780750500358288,7.2381430992965345,8.128302686365297
PhysiCell,PhysiCell_dx_5um_uptake,5.0,,mean over all voxels,single center voxel nearest the origin,mean over unique voxels nearest the configured cell positions,voxel size=5 um,4.92,9.780730945620864,7.238069442773046,8.128233465187789
PhysiCell,PhysiCell_dx_5um_uptake,5.0,,mean over all voxels,single center voxel nearest the origin,mean over unique voxels nearest the configured cell positions,voxel size=5 um,4.93,9.780711585658349,7.237996519856416,8.128164933443776
PhysiCell,PhysiCell_dx_5um_uptake,5.0,,mean over all voxels,single center voxel nearest the origin,mean over unique voxels nearest the configured cell positions,voxel size=5 um,4.94,9.780692418530723,7.237924323240364,8.128097084266905
PhysiCell,PhysiCell_dx_5um_uptake,5.0,,mean over all voxels,single center voxel nearest the origin,mean over unique voxels nearest the configured cell positions,voxel size=5 um,4.95,9.780673442317271,7.237852845691379,8.128029910859219
PhysiCell,PhysiCell_dx_5um_uptake,5.0,,mean over all voxels,single center voxel nearest the origin,mean over unique voxels nearest the configured cell positions,voxel size=5 um,4.96,9.780654655116424,7.237782080047989,8.127963406490446
PhysiCell,PhysiCell_dx_5um_uptake,5.0,,mean over all voxels,single center voxel nearest the origin,mean over unique voxels nearest the configured cell positions,voxel size=5 um,4.97,9.780636055045541,7.237712019220039,8.127897564497356
PhysiCell,PhysiCell_dx_5um_uptake,5.0,,mean over all voxels,single center voxel nearest the origin,mean over unique voxels nearest the configured cell positions,voxel size=5 um,4.98,9.780617640240742,7.237642656187992,8.127832378283065
PhysiCell,PhysiCell_dx_5um_uptake,5.0,,mean over all voxels,single center voxel nearest the origin,mean over unique voxels nearest the configured cell positions,voxel size=5 um,4.99,9.780599408856698,7.237573984002216,8.1277678413164
PhysiCell,PhysiCell_dx_5um_uptake,5.0,,mean over all voxels,single center voxel nearest the origin,mean over unique voxels nearest the configured cell positions,voxel size=5 um,5.0,9.780581359066474,7.237505995782291,8.127703947131216
PhysiCell,PhysiCell_dx_5um_uptake,5.0,,mean over all voxels,single center voxel nearest the origin,mean over unique voxels nearest the configured cell positions,voxel size=5 um,5.01,9.780563489061318,7.237438684716321,8.127640689325784
PhysiCell,PhysiCell_dx_5um_uptake,5.0,,mean over all voxels,single center voxel nearest the origin,mean over unique voxels nearest the configured cell positions,voxel size=5 um,5.02,9.780545797050506,7.2373720440602485,8.12757806156211
PhysiCell,PhysiCell_dx_5um_uptake,5.0,,mean over all voxels,single center voxel nearest the origin,mean over unique voxels nearest the configured cell positions,voxel size=5 um,5.03,9.780528281261137,7.237306067137182,8.127516057565336
PhysiCell,PhysiCell_dx_5um_uptake,5.0,,mean over all voxels,single center voxel nearest the origin,mean over unique voxels nearest the configured cell positions,voxel size=5 um,5.04,9.780510939937978,7.237240747336725,8.127454671123086
PhysiCell,PhysiCell_dx_5um_uptake,5.0,,mean over all voxels,single center voxel nearest the origin,mean over unique voxels nearest the configured cell positions,voxel size=5 um,5.05,9.780493771343272,7.23717607811431,8.127393896084856
PhysiCell,PhysiCell_dx_5um_uptake,5.0,,mean over all voxels,single center voxel nearest the origin,mean over unique voxels nearest the configured cell positions,voxel size=5 um,5.06,9.78047677375657,7.237112052990555,8.127333726361394
PhysiCell,PhysiCell_dx_5um_uptake,5.0,,mean over all voxels,single center voxel nearest the origin,mean over unique voxels nearest the configured cell positions,voxel size=5 um,5.07,9.78045994547457,7.237048665550602,8.127274155924086
PhysiCell,PhysiCell_dx_5um_uptake,5.0,,mean over all voxels,single center voxel nearest the origin,mean over unique voxels nearest the configured cell positions,voxel size=5 um,5.08,9.780443284810918,7.236985909443475,8.127215178804367
PhysiCell,PhysiCell_dx_5um_uptake,5.0,,mean over all voxels,single center voxel nearest the origin,mean over unique voxels nearest the configured cell positions,voxel size=5 um,5.09,9.780426790096064,7.236923778381451,8.127156789093103
PhysiCell,PhysiCell_dx_5um_uptake,5.0,,mean over all voxels,single center voxel nearest the origin,mean over unique voxels nearest the configured cell positions,voxel size=5 um,5.1,9.780410459677089,7.236862266139427,8.127098980940012
PhysiCell,PhysiCell_dx_5um_uptake,5.0,,mean over all voxels,single center voxel nearest the origin,mean over unique voxels nearest the configured cell positions,voxel size=5 um,5.11,9.78039429191754,7.236801366554297,8.127041748553076
PhysiCell,PhysiCell_dx_5um_uptake,5.0,,mean over all voxels,single center voxel nearest the origin,mean over unique voxels nearest the configured cell positions,voxel size=5 um,5.12,9.780378285197258,7.236741073524324,8.126985086197958
PhysiCell,PhysiCell_dx_5um_uptake,5.0,,mean over all voxels,single center voxel nearest the origin,mean over unique voxels nearest the configured cell positions,voxel size=5 um,5.13,9.780362437912213,7.2366813810085535,8.12692898819743
PhysiCell,PhysiCell_dx_5um_uptake,5.0,,mean over all voxels,single center voxel nearest the origin,mean over unique voxels nearest the configured cell positions,voxel size=5 um,5.14,9.780346748474368,7.2366222830261755,8.1268734489308
PhysiCell,PhysiCell_dx_5um_uptake,5.0,,mean over all voxels,single center voxel nearest the origin,mean over unique voxels nearest the configured cell positions,voxel size=5 um,5.15,9.780331215311492,7.236563773655956,8.126818462833352
PhysiCell,PhysiCell_dx_5um_uptake,5.0,,mean over all voxels,single center voxel nearest the origin,mean over unique voxels nearest the configured cell positions,voxel size=5 um,5.16,9.780315836867018,7.236505847035622,8.126764024395797
PhysiCell,PhysiCell_dx_5um_uptake,5.0,,mean over all voxels,single center voxel nearest the origin,mean over unique voxels nearest the configured cell positions,voxel size=5 um,5.17,9.780300611599882,7.236448497361287,8.126710128163701
PhysiCell,PhysiCell_dx_5um_uptake,5.0,,mean over all voxels,single center voxel nearest the origin,mean over unique voxels nearest the configured cell positions,voxel size=5 um,5.18,9.780285537984374,7.236391718886863,8.126656768736959
PhysiCell,PhysiCell_dx_5um_uptake,5.0,,mean over all voxels,single center voxel nearest the origin,mean over unique voxels nearest the configured cell positions,voxel size=5 um,5.19,9.780270614509963,7.236335505923489,8.126603940769241
PhysiCell,PhysiCell_dx_5um_uptake,5.0,,mean over all voxels,single center voxel nearest the origin,mean over unique voxels nearest the configured cell positions,voxel size=5 um,5.2,9.78025583968118,7.2362798528389565,8.12655163896746
PhysiCell,PhysiCell_dx_5um_uptake,5.0,,mean over all voxels,single center voxel nearest the origin,mean over unique voxels nearest the configured cell positions,voxel size=5 um,5.21,9.780241212017453,7.236224754057149,8.126499858091245
PhysiCell,PhysiCell_dx_5um_uptake,5.0,,mean over all voxels,single center voxel nearest the origin,mean over unique voxels nearest the configured cell positions,voxel size=5 um,5.22,9.780226730052943,7.236170204057481,8.126448592952412
PhysiCell,PhysiCell_dx_5um_uptake,5.0,,mean over all voxels,single center voxel nearest the origin,mean over unique voxels nearest the configured cell positions,voxel size=5 um,5.23,9.780212392336425,7.236116197374349,8.126397838414448
PhysiCell,PhysiCell_dx_5um_uptake,5.0,,mean over all voxels,single center voxel nearest the origin,mean over unique voxels nearest the configured cell positions,voxel size=5 um,5.24,9.780198197431119,7.236062728596579,8.126347589391992
PhysiCell,PhysiCell_dx_5um_uptake,5.0,,mean over all voxels,single center voxel nearest the origin,mean over unique voxels nearest the configured cell positions,voxel size=5 um,5.25,9.780184143914553,7.2360097923668825,8.126297840850327
PhysiCell,PhysiCell_dx_5um_uptake,5.0,,mean over all voxels,single center voxel nearest the origin,mean over unique voxels nearest the configured cell positions,voxel size=5 um,5.26,9.780170230378435,7.2359573833813355,8.126248587804877
PhysiCell,PhysiCell_dx_5um_uptake,5.0,,mean over all voxels,single center voxel nearest the origin,mean over unique voxels nearest the configured cell positions,voxel size=5 um,5.27,9.780156455428497,7.235905496388824,8.126199825320711
PhysiCell,PhysiCell_dx_5um_uptake,5.0,,mean over all voxels,single center voxel nearest the origin,mean over unique voxels nearest the configured cell positions,voxel size=5 um,5.28,9.780142817684347,7.235854126190532,8.126151548512043
PhysiCell,PhysiCell_dx_5um_uptake,5.0,,mean over all voxels,single center voxel nearest the origin,mean over unique voxels nearest the configured cell positions,voxel size=5 um,5.29,9.780129315779353,7.235803267639422,8.126103752541738
PhysiCell,PhysiCell_dx_5um_uptake,5.0,,mean over all voxels,single center voxel nearest the origin,mean over unique voxels nearest the configured cell positions,voxel size=5 um,5.3,9.780115948360496,7.235752915639717,8.126056432620844
PhysiCell,PhysiCell_dx_5um_uptake,5.0,,mean over all voxels,single center voxel nearest the origin,mean over unique voxels nearest the configured cell positions,voxel size=5 um,5.31,9.780102714088224,7.235703065146378,8.126009584008093
PhysiCell,PhysiCell_dx_5um_uptake,5.0,,mean over all voxels,single center voxel nearest the origin,mean over unique voxels nearest the configured cell positions,voxel size=5 um,5.32,9.78008961163634,7.235653711164619,8.125963202009439
PhysiCell,PhysiCell_dx_5um_uptake,5.0,,mean over all voxels,single center voxel nearest the origin,mean over unique voxels nearest the configured cell positions,voxel size=5 um,5.33,9.780076639691844,7.2356048487493965,8.125917281977587
PhysiCell,PhysiCell_dx_5um_uptake,5.0,,mean over all voxels,single center voxel nearest the origin,mean over unique voxels nearest the configured cell positions,voxel size=5 um,5.34,9.780063796954819,7.23555647300491,8.125871819311518
PhysiCell,PhysiCell_dx_5um_uptake,5.0,,mean over all voxels,single center voxel nearest the origin,mean over unique voxels nearest the configured cell positions,voxel size=5 um,5.35,9.780051082138295,7.235508579084116,8.12582680945604
PhysiCell,PhysiCell_dx_5um_uptake,5.0,,mean over all voxels,single center voxel nearest the origin,mean over unique voxels nearest the configured cell positions,voxel size=5 um,5.36,9.780038493968128,7.2354611621882485,8.125782247901324
PhysiCell,PhysiCell_dx_5um_uptake,5.0,,mean over all voxels,single center voxel nearest the origin,mean over unique voxels nearest the configured cell positions,voxel size=5 um,5.37,9.780026031182853,7.2354142175663245,8.125738130182452
PhysiCell,PhysiCell_dx_5um_uptake,5.0,,mean over all voxels,single center voxel nearest the origin,mean over unique voxels nearest the configured cell positions,voxel size=5 um,5.38,9.780013692533576,7.235367740514684,8.125694451878974
PhysiCell,PhysiCell_dx_5um_uptake,5.0,,mean over all voxels,single center voxel nearest the origin,mean over unique voxels nearest the configured cell positions,voxel size=5 um,5.39,9.780001476783841,7.235321726376504,8.125651208614467
PhysiCell,PhysiCell_dx_5um_uptake,5.0,,mean over all voxels,single center voxel nearest the origin,mean over unique voxels nearest the configured cell positions,voxel size=5 um,5.4,9.779989382709504,7.235276170541342,8.125608396056087
PhysiCell,PhysiCell_dx_5um_uptake,5.0,,mean over all voxels,single center voxel nearest the origin,mean over unique voxels nearest the configured cell positions,voxel size=5 um,5.41,9.77997740909863,7.2352310684446675,8.125566009914145
PhysiCell,PhysiCell_dx_5um_uptake,5.0,,mean over all voxels,single center voxel nearest the origin,mean over unique voxels nearest the configured cell positions,voxel size=5 um,5.42,9.779965554751328,7.235186415567413,8.125524045941669
PhysiCell,PhysiCell_dx_5um_uptake,5.0,,mean over all voxels,single center voxel nearest the origin,mean over unique voxels nearest the configured cell positions,voxel size=5 um,5.43,9.779953818479685,7.235142207435514,8.125482499933987
PhysiCell,PhysiCell_dx_5um_uptake,5.0,,mean over all voxels,single center voxel nearest the origin,mean over unique voxels nearest the configured cell positions,voxel size=5 um,5.44,9.779942199107602,7.235098439619461,8.1254413677283
PhysiCell,PhysiCell_dx_5um_uptake,5.0,,mean over all voxels,single center voxel nearest the origin,mean over unique voxels nearest the configured cell positions,voxel size=5 um,5.45,9.779930695470702,7.235055107733862,8.125400645203266
PhysiCell,PhysiCell_dx_5um_uptake,5.0,,mean over all voxels,single center voxel nearest the origin,mean over unique voxels nearest the configured cell positions,voxel size=5 um,5.46,9.779919306416204,7.235012207436998,8.125360328278587
PhysiCell,PhysiCell_dx_5um_uptake,5.0,,mean over all voxels,single center voxel nearest the origin,mean over unique voxels nearest the configured cell positions,voxel size=5 um,5.47,9.779908030802817,7.234969734430387,8.125320412914599
PhysiCell,PhysiCell_dx_5um_uptake,5.0,,mean over all voxels,single center voxel nearest the origin,mean over unique voxels nearest the configured cell positions,voxel size=5 um,5.48,9.779896867500597,7.234927684458358,8.125280895111883
PhysiCell,PhysiCell_dx_5um_uptake,5.0,,mean over all voxels,single center voxel nearest the origin,mean over unique voxels nearest the configured cell positions,voxel size=5 um,5.49,9.779885815390877,7.234886053307624,8.12524177091083
PhysiCell,PhysiCell_dx_5um_uptake,5.0,,mean over all voxels,single center voxel nearest the origin,mean over unique voxels nearest the configured cell positions,voxel size=5 um,5.5,9.779874873366122,7.234844836806851,8.125203036391277
PhysiCell,PhysiCell_dx_5um_uptake,5.0,,mean over all voxels,single center voxel nearest the origin,mean over unique voxels nearest the configured cell positions,voxel size=5 um,5.51,9.77986404032983,7.234804030826258,8.125164687672097
PhysiCell,PhysiCell_dx_5um_uptake,5.0,,mean over all voxels,single center voxel nearest the origin,mean over unique voxels nearest the configured cell positions,voxel size=5 um,5.52,9.779853315196418,7.2347636312771835,8.125126720910824
PhysiCell,PhysiCell_dx_5um_uptake,5.0,,mean over all voxels,single center voxel nearest the origin,mean over unique voxels nearest the configured cell positions,voxel size=5 um,5.53,9.77984269689112,7.234723634111693,8.125089132303254
PhysiCell,PhysiCell_dx_5um_uptake,5.0,,mean over all voxels,single center voxel nearest the origin,mean over unique voxels nearest the configured cell positions,voxel size=5 um,5.54,9.779832184349873,7.2346840353221555,8.125051918083068
PhysiCell,PhysiCell_dx_5um_uptake,5.0,,mean over all voxels,single center voxel nearest the origin,mean over unique voxels nearest the configured cell positions,voxel size=5 um,5.55,9.779821776519213,7.234644830940863,8.125015074521457
PhysiCell,PhysiCell_dx_5um_uptake,5.0,,mean over all voxels,single center voxel nearest the origin,mean over unique voxels nearest the configured cell positions,voxel size=5 um,5.56,9.779811472356169,7.234606017039621,8.124978597926752
PhysiCell,PhysiCell_dx_5um_uptake,5.0,,mean over all voxels,single center voxel nearest the origin,mean over unique voxels nearest the configured cell positions,voxel size=5 um,5.57,9.77980127082816,7.2345675897293455,8.124942484644045
PhysiCell,PhysiCell_dx_5um_uptake,5.0,,mean over all voxels,single center voxel nearest the origin,mean over unique voxels nearest the configured cell positions,voxel size=5 um,5.58,9.779791170912885,7.234529545159695,8.124906731054827
PhysiCell,PhysiCell_dx_5um_uptake,5.0,,mean over all voxels,single center voxel nearest the origin,mean over unique voxels nearest the configured cell positions,voxel size=5 um,5.59,9.77978117159823,7.234491879518674,8.12487133357663
PhysiCell,PhysiCell_dx_5um_uptake,5.0,,mean over all voxels,single center voxel nearest the origin,mean over unique voxels nearest the configured cell positions,voxel size=5 um,5.6,9.779771271882161,7.234454589032244,8.124836288662664
PhysiCell,PhysiCell_dx_5um_uptake,5.0,,mean over all voxels,single center voxel nearest the origin,mean over unique voxels nearest the configured cell positions,voxel size=5 um,5.61,9.779761470772623,7.2344176699639595,8.124801592801463
PhysiCell,PhysiCell_dx_5um_uptake,5.0,,mean over all voxels,single center voxel nearest the origin,mean over unique voxels nearest the configured cell positions,voxel size=5 um,5.62,9.779751767287447,7.23438111861458,8.124767242516526
PhysiCell,PhysiCell_dx_5um_uptake,5.0,,mean over all voxels,single center voxel nearest the origin,mean over unique voxels nearest the configured cell positions,voxel size=5 um,5.63,9.77974216045424,7.234344931321712,8.124733234365982
PhysiCell,PhysiCell_dx_5um_uptake,5.0,,mean over all voxels,single center voxel nearest the origin,mean over unique voxels nearest the configured cell positions,voxel size=5 um,5.64,9.7797326493103,7.234309104459438,8.124699564942238
PhysiCell,PhysiCell_dx_5um_uptake,5.0,,mean over all voxels,single center voxel nearest the origin,mean over unique voxels nearest the configured cell positions,voxel size=5 um,5.65,9.779723232902517,7.234273634437945,8.124666230871634
PhysiCell,PhysiCell_dx_5um_uptake,5.0,,mean over all voxels,single center voxel nearest the origin,mean over unique voxels nearest the configured cell positions,voxel size=5 um,5.66,9.779713910287258,7.2342385177031705,8.12463322881411
PhysiCell,PhysiCell_dx_5um_uptake,5.0,,mean over all voxels,single center voxel nearest the origin,mean over unique voxels nearest the configured cell positions,voxel size=5 um,5.67,9.77970468053031,7.23420375073646,8.124600555462875
PhysiCell,PhysiCell_dx_5um_uptake,5.0,,mean over all voxels,single center voxel nearest the origin,mean over unique voxels nearest the configured cell positions,voxel size=5 um,5.68,9.779695542706751,7.234169330054186,8.124568207544064
PhysiCell,PhysiCell_dx_5um_uptake,5.0,,mean over all voxels,single center voxel nearest the origin,mean over unique voxels nearest the configured cell positions,voxel size=5 um,5.69,9.779686495900878,7.234135252207429,8.12453618181642
PhysiCell,PhysiCell_dx_5um_uptake,5.0,,mean over all voxels,single center voxel nearest the origin,mean over unique voxels nearest the configured cell positions,voxel size=5 um,5.7,9.779677539206109,7.234101513781605,8.124504475070971
PhysiCell,PhysiCell_dx_5um_uptake,5.0,,mean over all voxels,single center voxel nearest the origin,mean over unique voxels nearest the configured cell positions,voxel size=5 um,5.71,9.779668671724886,7.23406811139615,8.124473084130699
PhysiCell,PhysiCell_dx_5um_uptake,5.0,,mean over all voxels,single center voxel nearest the origin,mean over unique voxels nearest the configured cell positions,voxel size=5 um,5.72,9.779659892568597,7.234035041704155,8.124442005850225
PhysiCell,PhysiCell_dx_5um_uptake,5.0,,mean over all voxels,single center voxel nearest the origin,mean over unique voxels nearest the configured cell positions,voxel size=5 um,5.73,9.77965120085748,7.234002301392055,8.124411237115506
PhysiCell,PhysiCell_dx_5um_uptake,5.0,,mean over all voxels,single center voxel nearest the origin,mean over unique voxels nearest the configured cell positions,voxel size=5 um,5.74,9.779642595720533,7.233969887179279,8.124380774843496
PhysiCell,PhysiCell_dx_5um_uptake,5.0,,mean over all voxels,single center voxel nearest the origin,mean over unique voxels nearest the configured cell positions,voxel size=5 um,5.75,9.779634076295434,7.233937795817926,8.124350615981871
PhysiCell,PhysiCell_dx_5um_uptake,5.0,,mean over all voxels,single center voxel nearest the origin,mean over unique voxels nearest the configured cell positions,voxel size=5 um,5.76,9.779625641728446,7.233906024092446,8.124320757508695
PhysiCell,PhysiCell_dx_5um_uptake,5.0,,mean over all voxels,single center voxel nearest the origin,mean over unique voxels nearest the configured cell positions,voxel size=5 um,5.77,9.779617291174338,7.233874568819317,8.124291196432136
PhysiCell,PhysiCell_dx_5um_uptake,5.0,,mean over all voxels,single center voxel nearest the origin,mean over unique voxels nearest the configured cell positions,voxel size=5 um,5.78,9.779609023796299,7.233843426846712,8.12426192979015
PhysiCell,PhysiCell_dx_5um_uptake,5.0,,mean over all voxels,single center voxel nearest the origin,mean over unique voxels nearest the configured cell positions,voxel size=5 um,5.79,9.779600838765846,7.2338125950542045,8.124232954650198
PhysiCell,PhysiCell_dx_5um_uptake,5.0,,mean over all voxels,single center voxel nearest the origin,mean over unique voxels nearest the configured cell positions,voxel size=5 um,5.8,9.779592735262757,7.2337820703524365,8.12420426810895
PhysiCell,PhysiCell_dx_5um_uptake,5.0,,mean over all voxels,single center voxel nearest the origin,mean over unique voxels nearest the configured cell positions,voxel size=5 um,5.81,9.779584712474978,7.233751849682825,8.124175867291985
PhysiCell,PhysiCell_dx_5um_uptake,5.0,,mean over all voxels,single center voxel nearest the origin,mean over unique voxels nearest the configured cell positions,voxel size=5 um,5.82,9.779576769598537,7.2337219300172455,8.124147749353513
PhysiCell,PhysiCell_dx_5um_uptake,5.0,,mean over all voxels,single center voxel nearest the origin,mean over unique voxels nearest the configured cell positions,voxel size=5 um,5.83,9.779568905837477,7.233692308357728,8.124119911476086
PhysiCell,PhysiCell_dx_5um_uptake,5.0,,mean over all voxels,single center voxel nearest the origin,mean over unique voxels nearest the configured cell positions,voxel size=5 um,5.84,9.77956112040377,7.233662981736169,8.124092350870319
PhysiCell,PhysiCell_dx_5um_uptake,5.0,,mean over all voxels,single center voxel nearest the origin,mean over unique voxels nearest the configured cell positions,voxel size=5 um,5.85,9.779553412517226,7.233633947214015,8.124065064774602
PhysiCell,PhysiCell_dx_5um_uptake,5.0,,mean over all voxels,single center voxel nearest the origin,mean over unique voxels nearest the configured cell positions,voxel size=5 um,5.86,9.779545781405442,7.233605201881989,8.124038050454827
PhysiCell,PhysiCell_dx_5um_uptake,5.0,,mean over all voxels,single center voxel nearest the origin,mean over unique voxels nearest the configured cell positions,voxel size=5 um,5.87,9.779538226303691,7.2335767428597775,8.124011305204126
PhysiCell,PhysiCell_dx_5um_uptake,5.0,,mean over all voxels,single center voxel nearest the origin,mean over unique voxels nearest the configured cell positions,voxel size=5 um,5.88,9.779530746454885,7.233548567295763,8.123984826342582
PhysiCell,PhysiCell_dx_5um_uptake,5.0,,mean over all voxels,single center voxel nearest the origin,mean over unique voxels nearest the configured cell positions,voxel size=5 um,5.89,9.779523341109453,7.233520672366722,8.123958611216972
PhysiCell,PhysiCell_dx_5um_uptake,5.0,,mean over all voxels,single center voxel nearest the origin,mean over unique voxels nearest the configured cell positions,voxel size=5 um,5.9,9.779516009525311,7.23349305527755,8.123932657200497
PhysiCell,PhysiCell_dx_5um_uptake,5.0,,mean over all voxels,single center voxel nearest the origin,mean over unique voxels nearest the configured cell positions,voxel size=5 um,5.91,9.779508750967748,7.233465713260984,8.123906961692516
PhysiCell,PhysiCell_dx_5um_uptake,5.0,,mean over all voxels,single center voxel nearest the origin,mean over unique voxels nearest the configured cell positions,voxel size=5 um,5.92,9.779501564709385,7.233438643577314,8.123881522118294
PhysiCell,PhysiCell_dx_5um_uptake,5.0,,mean over all voxels,single center voxel nearest the origin,mean over unique voxels nearest the configured cell positions,voxel size=5 um,5.93,9.779494450030084,7.233411843514122,8.123856335928737
PhysiCell,PhysiCell_dx_5um_uptake,5.0,,mean over all voxels,single center voxel nearest the origin,mean over unique voxels nearest the configured cell positions,voxel size=5 um,5.94,9.779487406216878,7.2333853103860015,8.123831400600135
PhysiCell,PhysiCell_dx_5um_uptake,5.0,,mean over all voxels,single center voxel nearest the origin,mean over unique voxels nearest the configured cell positions,voxel size=5 um,5.95,9.779480432563899,7.233359041534291,8.12380671363392
PhysiCell,PhysiCell_dx_5um_uptake,5.0,,mean over all voxels,single center voxel nearest the origin,mean over unique voxels nearest the configured cell positions,voxel size=5 um,5.96,9.779473528372321,7.233333034326807,8.123782272556404
PhysiCell,PhysiCell_dx_5um_uptake,5.0,,mean over all voxels,single center voxel nearest the origin,mean over unique voxels nearest the configured cell positions,voxel size=5 um,5.97,9.779466692950265,7.233307286157587,8.123758074918536
PhysiCell,PhysiCell_dx_5um_uptake,5.0,,mean over all voxels,single center voxel nearest the origin,mean over unique voxels nearest the configured cell positions,voxel size=5 um,5.98,9.779459925612752,7.233281794446614,8.123734118295655
PhysiCell,PhysiCell_dx_5um_uptake,5.0,,mean over all voxels,single center voxel nearest the origin,mean over unique voxels nearest the configured cell positions,voxel size=5 um,5.99,9.779453225681621,7.23325655663957,8.123710400287251
PhysiCell,PhysiCell_dx_5um_uptake,5.0,,mean over all voxels,single center voxel nearest the origin,mean over unique voxels nearest the configured cell positions,voxel size=5 um,6.0,9.779446592485472,7.233231570207577,8.123686918516725
PhysiCell,PhysiCell_dx_5um_uptake,5.0,,mean over all voxels,single center voxel nearest the origin,mean over unique voxels nearest the configured cell positions,voxel size=5 um,6.01,9.779440025359586,7.233206832646945,8.123663670631137
PhysiCell,PhysiCell_dx_5um_uptake,5.0,,mean over all voxels,single center voxel nearest the origin,mean over unique voxels nearest the configured cell positions,voxel size=5 um,6.02,9.779433523645865,7.233182341478918,8.123640654300988
PhysiCell,PhysiCell_dx_5um_uptake,5.0,,mean over all voxels,single center voxel nearest the origin,mean over unique voxels nearest the configured cell positions,voxel size=5 um,6.03,9.779427086692772,7.2331580942494265,8.123617867219988
PhysiCell,PhysiCell_dx_5um_uptake,5.0,,mean over all voxels,single center voxel nearest the origin,mean over unique voxels nearest the configured cell positions,voxel size=5 um,6.04,9.779420713855261,7.233134088528842,8.123595307104804
PhysiCell,PhysiCell_dx_5um_uptake,5.0,,mean over all voxels,single center voxel nearest the origin,mean over unique voxels nearest the configured cell positions,voxel size=5 um,6.05,9.779414404494693,7.233110321911735,8.123572971694847
PhysiCell,PhysiCell_dx_5um_uptake,5.0,,mean over all voxels,single center voxel nearest the origin,mean over unique voxels nearest the configured cell positions,voxel size=5 um,6.06,9.77940815797882,7.233086792016631,8.123550858752045
PhysiCell,PhysiCell_dx_5um_uptake,5.0,,mean over all voxels,single center voxel nearest the origin,mean over unique voxels nearest the configured cell positions,voxel size=5 um,6.07,9.77940197368166,7.2330634964857765,8.123528966060615
PhysiCell,PhysiCell_dx_5um_uptake,5.0,,mean over all voxels,single center voxel nearest the origin,mean over unique voxels nearest the configured cell positions,voxel size=5 um,6.08,9.779395850983489,7.233040432984903,8.12350729142684
PhysiCell,PhysiCell_dx_5um_uptake,5.0,,mean over all voxels,single center voxel nearest the origin,mean over unique voxels nearest the configured cell positions,voxel size=5 um,6.09,9.779389789270745,7.233017599202981,8.12348583267886
PhysiCell,PhysiCell_dx_5um_uptake,5.0,,mean over all voxels,single center voxel nearest the origin,mean over unique voxels nearest the configured cell positions,voxel size=5 um,6.1,9.779383787935982,7.232994992852004,8.123464587666435
PhysiCell,PhysiCell_dx_5um_uptake,5.0,,mean over all voxels,single center voxel nearest the origin,mean over unique voxels nearest the configured cell positions,voxel size=5 um,6.11,9.779377846377798,7.232972611666754,8.123443554260746
PhysiCell,PhysiCell_dx_5um_uptake,5.0,,mean over all voxels,single center voxel nearest the origin,mean over unique voxels nearest the configured cell positions,voxel size=5 um,6.12,9.779371964000795,7.23295045340457,8.123422730354179
PhysiCell,PhysiCell_dx_5um_uptake,5.0,,mean over all voxels,single center voxel nearest the origin,mean over unique voxels nearest the configured cell positions,voxel size=5 um,6.13,9.77936614021549,7.23292851584513,8.123402113860106
PhysiCell,PhysiCell_dx_5um_uptake,5.0,,mean over all voxels,single center voxel nearest the origin,mean over unique voxels nearest the configured cell positions,voxel size=5 um,6.14,9.779360374438275,7.232906796790224,8.123381702712678
PhysiCell,PhysiCell_dx_5um_uptake,5.0,,mean over all voxels,single center voxel nearest the origin,mean over unique voxels nearest the configured cell positions,voxel size=5 um,6.15,9.779354666091365,7.232885294063534,8.123361494866632
PhysiCell,PhysiCell_dx_5um_uptake,5.0,,mean over all voxels,single center voxel nearest the origin,mean over unique voxels nearest the configured cell positions,voxel size=5 um,6.16,9.779349014602717,7.23286400551042,8.123341488297065
PhysiCell,PhysiCell_dx_5um_uptake,5.0,,mean over all voxels,single center voxel nearest the origin,mean over unique voxels nearest the configured cell positions,voxel size=5 um,6.17,9.779343419405995,7.2328429289977,8.12332168099925
PhysiCell,PhysiCell_dx_5um_uptake,5.0,,mean over all voxels,single center voxel nearest the origin,mean over unique voxels nearest the configured cell positions,voxel size=5 um,6.18,9.779337879940504,7.232822062413442,8.123302070988418
PhysiCell,PhysiCell_dx_5um_uptake,5.0,,mean over all voxels,single center voxel nearest the origin,mean over unique voxels nearest the configured cell positions,voxel size=5 um,6.19,9.779332395651123,7.232801403666734,8.123282656299573
PhysiCell,PhysiCell_dx_5um_uptake,5.0,,mean over all voxels,single center voxel nearest the origin,mean over unique voxels nearest the configured cell positions,voxel size=5 um,6.2,9.779326965988274,7.232780950687505,8.123263434987287
PhysiCell,PhysiCell_dx_5um_uptake,5.0,,mean over all voxels,single center voxel nearest the origin,mean over unique voxels nearest the configured cell positions,voxel size=5 um,6.21,9.779321590407845,7.232760701426296,8.123244405125506
PhysiCell,PhysiCell_dx_5um_uptake,5.0,,mean over all voxels,single center voxel nearest the origin,mean over unique voxels nearest the configured cell positions,voxel size=5 um,6.22,9.779316268371145,7.232740653854052,8.123225564807369
PhysiCell,PhysiCell_dx_5um_uptake,5.0,,mean over all voxels,single center voxel nearest the origin,mean over unique voxels nearest the configured cell positions,voxel size=5 um,6.23,9.77931099934485,7.232720805961941,8.123206912144994
PhysiCell,PhysiCell_dx_5um_uptake,5.0,,mean over all voxels,single center voxel nearest the origin,mean over unique voxels nearest the configured cell positions,voxel size=5 um,6.24,9.77930578280095,7.232701155761126,8.12318844526931
PhysiCell,PhysiCell_dx_5um_uptake,5.0,,mean over all voxels,single center voxel nearest the origin,mean over unique voxels nearest the configured cell positions,voxel size=5 um,6.25,9.779300618216684,7.232681701282584,8.123170162329858
PhysiCell,PhysiCell_dx_5um_uptake,5.0,,mean over all voxels,single center voxel nearest the origin,mean over unique voxels nearest the configured cell positions,voxel size=5 um,6.26,9.779295505074517,7.232662440576902,8.123152061494611
PhysiCell,PhysiCell_dx_5um_uptake,5.0,,mean over all voxels,single center voxel nearest the origin,mean over unique voxels nearest the configured cell positions,voxel size=5 um,6.27,9.779290442862047,7.232643371714081,8.123134140949785
PhysiCell,PhysiCell_dx_5um_uptake,5.0,,mean over all voxels,single center voxel nearest the origin,mean over unique voxels nearest the configured cell positions,voxel size=5 um,6.28,9.779285431071994,7.232624492783349,8.123116398899667
PhysiCell,PhysiCell_dx_5um_uptake,5.0,,mean over all voxels,single center voxel nearest the origin,mean over unique voxels nearest the configured cell positions,voxel size=5 um,6.29,9.77928046920212,7.232605801892954,8.12309883356642
PhysiCell,PhysiCell_dx_5um_uptake,5.0,,mean over all voxels,single center voxel nearest the origin,mean over unique voxels nearest the configured cell positions,voxel size=5 um,6.3,9.779275556755197,7.232587297169997,8.123081443189925
PhysiCell,PhysiCell_dx_5um_uptake,5.0,,mean over all voxels,single center voxel nearest the origin,mean over unique voxels nearest the configured cell positions,voxel size=5 um,6.31,9.779270693238935,7.232568976760228,8.123064226027582
PhysiCell,PhysiCell_dx_5um_uptake,5.0,,mean over all voxels,single center voxel nearest the origin,mean over unique voxels nearest the configured cell positions,voxel size=5 um,6.32,9.779265878165967,7.232550838827863,8.123047180354153
PhysiCell,PhysiCell_dx_5um_uptake,5.0,,mean over all voxels,single center voxel nearest the origin,mean over unique voxels nearest the configured cell positions,voxel size=5 um,6.33,9.77926111105377,7.232532881555405,8.123030304461585
PhysiCell,PhysiCell_dx_5um_uptake,5.0,,mean over all voxels,single center voxel nearest the origin,mean over unique voxels nearest the configured cell positions,voxel size=5 um,6.34,9.77925639142463,7.232515103143457,8.123013596658831
PhysiCell,PhysiCell_dx_5um_uptake,5.0,,mean over all voxels,single center voxel nearest the origin,mean over unique voxels nearest the configured cell positions,voxel size=5 um,6.35,9.779251718805584,7.232497501810543,8.122997055271691
PhysiCell,PhysiCell_dx_5um_uptake,5.0,,mean over all voxels,single center voxel nearest the origin,mean over unique voxels nearest the configured cell positions,voxel size=5 um,6.36,9.779247092728394,7.232480075792931,8.122980678642637
PhysiCell,PhysiCell_dx_5um_uptake,5.0,,mean over all voxels,single center voxel nearest the origin,mean over unique voxels nearest the configured cell positions,voxel size=5 um,6.37,9.779242512729466,7.232462823344458,8.122964465130655
PhysiCell,PhysiCell_dx_5um_uptake,5.0,,mean over all voxels,single center voxel nearest the origin,mean over unique voxels nearest the configured cell positions,voxel size=5 um,6.38,9.779237978349848,7.232445742736346,8.122948413111065
PhysiCell,PhysiCell_dx_5um_uptake,5.0,,mean over all voxels,single center voxel nearest the origin,mean over unique voxels nearest the configured cell positions,voxel size=5 um,6.39,9.779233489135137,7.23242883225704,8.122932520975375
PhysiCell,PhysiCell_dx_5um_uptake,5.0,,mean over all voxels,single center voxel nearest the origin,mean over unique voxels nearest the configured cell positions,voxel size=5 um,6.4,9.779229044635473,7.232412090212033,8.122916787131121
PhysiCell,PhysiCell_dx_5um_uptake,5.0,,mean over all voxels,single center voxel nearest the origin,mean over unique voxels nearest the configured cell positions,voxel size=5 um,6.41,9.779224644405465,7.23239551492369,8.12290121000168
PhysiCell,PhysiCell_dx_5um_uptake,5.0,,mean over all voxels,single center voxel nearest the origin,mean over unique voxels nearest the configured cell positions,voxel size=5 um,6.42,9.779220288004169,7.23237910473109,8.122885788026151
PhysiCell,PhysiCell_dx_5um_uptake,5.0,,mean over all voxels,single center voxel nearest the origin,mean over unique voxels nearest the configured cell positions,voxel size=5 um,6.43,9.779215974995019,7.232362857989849,8.12287051965917
PhysiCell,PhysiCell_dx_5um_uptake,5.0,,mean over all voxels,single center voxel nearest the origin,mean over unique voxels nearest the configured cell positions,voxel size=5 um,6.44,9.779211704945808,7.232346773071966,8.122855403370764
PhysiCell,PhysiCell_dx_5um_uptake,5.0,,mean over all voxels,single center voxel nearest the origin,mean over unique voxels nearest the configured cell positions,voxel size=5 um,6.45,9.779207477428635,7.232330848365651,8.122840437646204
PhysiCell,PhysiCell_dx_5um_uptake,5.0,,mean over all voxels,single center voxel nearest the origin,mean over unique voxels nearest the configured cell positions,voxel size=5 um,6.46,9.779203292019856,7.232315082275168,8.12282562098584
PhysiCell,PhysiCell_dx_5um_uptake,5.0,,mean over all voxels,single center voxel nearest the origin,mean over unique voxels nearest the configured cell positions,voxel size=5 um,6.47,9.779199148300046,7.232299473220675,8.122810951904967
PhysiCell,PhysiCell_dx_5um_uptake,5.0,,mean over all voxels,single center voxel nearest the origin,mean over unique voxels nearest the configured cell positions,voxel size=5 um,6.48,9.779195045853962,7.232284019638064,8.122796428933661
PhysiCell,PhysiCell_dx_5um_uptake,5.0,,mean over all voxels,single center voxel nearest the origin,mean over unique voxels nearest the configured cell positions,voxel size=5 um,6.49,9.779190984270498,7.232268719978809,8.122782050616639
PhysiCell,PhysiCell_dx_5um_uptake,5.0,,mean over all voxels,single center voxel nearest the origin,mean over unique voxels nearest the configured cell positions,voxel size=5 um,6.5,9.779186963142633,7.232253572709801,8.122767815513114
PhysiCell,PhysiCell_dx_5um_uptake,5.0,,mean over all voxels,single center voxel nearest the origin,mean over unique voxels nearest the configured cell positions,voxel size=5 um,6.51,9.779182982067411,7.232238576313204,8.12275372219665
PhysiCell,PhysiCell_dx_5um_uptake,5.0,,mean over all voxels,single center voxel nearest the origin,mean over unique voxels nearest the configured cell positions,voxel size=5 um,6.52,9.77917904064589,7.2322237292863,8.122739769255018
PhysiCell,PhysiCell_dx_5um_uptake,5.0,,mean over all voxels,single center voxel nearest the origin,mean over unique voxels nearest the configured cell positions,voxel size=5 um,6.53,9.77917513848309,7.232209030141337,8.122725955290049
PhysiCell,PhysiCell_dx_5um_uptake,5.0,,mean over all voxels,single center voxel nearest the origin,mean over unique voxels nearest the configured cell positions,voxel size=5 um,6.54,9.779171275187977,7.232194477405376,8.122712278917506
PhysiCell,PhysiCell_dx_5um_uptake,5.0,,mean over all voxels,single center voxel nearest the origin,mean over unique voxels nearest the configured cell positions,voxel size=5 um,6.55,9.779167450373405,7.232180069620159,8.122698738766939
PhysiCell,PhysiCell_dx_5um_uptake,5.0,,mean over all voxels,single center voxel nearest the origin,mean over unique voxels nearest the configured cell positions,voxel size=5 um,6.56,9.779163663656092,7.232165805341944,8.122685333481547
PhysiCell,PhysiCell_dx_5um_uptake,5.0,,mean over all voxels,single center voxel nearest the origin,mean over unique voxels nearest the configured cell positions,voxel size=5 um,6.57,9.779159914656562,7.23215168314137,8.122672061718035
PhysiCell,PhysiCell_dx_5um_uptake,5.0,,mean over all voxels,single center voxel nearest the origin,mean over unique voxels nearest the configured cell positions,voxel size=5 um,6.58,9.779156202999127,7.232137701603312,8.122658922146499
PhysiCell,PhysiCell_dx_5um_uptake,5.0,,mean over all voxels,single center voxel nearest the origin,mean over unique voxels nearest the configured cell positions,voxel size=5 um,6.59,9.779152528311842,7.232123859326743,8.122645913450276
PhysiCell,PhysiCell_dx_5um_uptake,5.0,,mean over all voxels,single center voxel nearest the origin,mean over unique voxels nearest the configured cell positions,voxel size=5 um,6.6,9.77914889022646,7.232110154924584,8.122633034325808
PhysiCell,PhysiCell_dx_5um_uptake,5.0,,mean over all voxels,single center voxel nearest the origin,mean over unique voxels nearest the configured cell positions,voxel size=5 um,6.61,9.779145288378412,7.232096587023577,8.122620283482537
PhysiCell,PhysiCell_dx_5um_uptake,5.0,,mean over all voxels,single center voxel nearest the origin,mean over unique voxels nearest the configured cell positions,voxel size=5 um,6.62,9.779141722406749,7.232083154264139,8.122607659642746
PhysiCell,PhysiCell_dx_5um_uptake,5.0,,mean over all voxels,single center voxel nearest the origin,mean over unique voxels nearest the configured cell positions,voxel size=5 um,6.63,9.77913819195412,7.232069855300225,8.12259516154145
PhysiCell,PhysiCell_dx_5um_uptake,5.0,,mean over all voxels,single center voxel nearest the origin,mean over unique voxels nearest the configured cell positions,voxel size=5 um,6.64,9.779134696666743,7.232056688799207,8.122582787926262
PhysiCell,PhysiCell_dx_5um_uptake,5.0,,mean over all voxels,single center voxel nearest the origin,mean over unique voxels nearest the configured cell positions,voxel size=5 um,6.65,9.77913123619435,7.2320436534417185,8.122570537557264
PhysiCell,PhysiCell_dx_5um_uptake,5.0,,mean over all voxels,single center voxel nearest the origin,mean over unique voxels nearest the configured cell positions,voxel size=5 um,6.66,9.779127810190161,7.232030747921536,8.122558409206896
PhysiCell,PhysiCell_dx_5um_uptake,5.0,,mean over all voxels,single center voxel nearest the origin,mean over unique voxels nearest the configured cell positions,voxel size=5 um,6.67,9.779124418310861,7.232017970945451,8.12254640165982
PhysiCell,PhysiCell_dx_5um_uptake,5.0,,mean over all voxels,single center voxel nearest the origin,mean over unique voxels nearest the configured cell positions,voxel size=5 um,6.68,9.779121060216545,7.2320053212331326,8.122534513712802
PhysiCell,PhysiCell_dx_5um_uptake,5.0,,mean over all voxels,single center voxel nearest the origin,mean over unique voxels nearest the configured cell positions,voxel size=5 um,6.69,9.779117735570694,7.231992797517002,8.122522744174596
PhysiCell,PhysiCell_dx_5um_uptake,5.0,,mean over all voxels,single center voxel nearest the origin,mean over unique voxels nearest the configured cell positions,voxel size=5 um,6.7,9.779114444040138,7.2319803985421025,8.122511091865814
PhysiCell,PhysiCell_dx_5um_uptake,5.0,,mean over all voxels,single center voxel nearest the origin,mean over unique voxels nearest the configured cell positions,voxel size=5 um,6.71,9.779111185295044,7.231968123065984,8.122499555618822
PhysiCell,PhysiCell_dx_5um_uptake,5.0,,mean over all voxels,single center voxel nearest the origin,mean over unique voxels nearest the configured cell positions,voxel size=5 um,6.72,9.779107959008837,7.231955969858563,8.122488134277612
PhysiCell,PhysiCell_dx_5um_uptake,5.0,,mean over all voxels,single center voxel nearest the origin,mean over unique voxels nearest the configured cell positions,voxel size=5 um,6.73,9.779104764858218,7.231943937702013,8.122476826697683
PhysiCell,PhysiCell_dx_5um_uptake,5.0,,mean over all voxels,single center voxel nearest the origin,mean over unique voxels nearest the configured cell positions,voxel size=5 um,6.74,9.779101602523092,7.231932025390633,8.122465631745955
PhysiCell,PhysiCell_dx_5um_uptake,5.0,,mean over all voxels,single center voxel nearest the origin,mean over unique voxels nearest the configured cell positions,voxel size=5 um,6.75,9.779098471686563,7.2319202317307365,8.122454548300606
PhysiCell,PhysiCell_dx_5um_uptake,5.0,,mean over all voxels,single center voxel nearest the origin,mean over unique voxels nearest the configured cell positions,voxel size=5 um,6.76,9.779095372034892,7.23190855554052,8.122443575251008
PhysiCell,PhysiCell_dx_5um_uptake,5.0,,mean over all voxels,single center voxel nearest the origin,mean over unique voxels nearest the configured cell positions,voxel size=5 um,6.77,9.779092303257451,7.2318969956499535,8.122432711497583
PhysiCell,PhysiCell_dx_5um_uptake,5.0,,mean over all voxels,single center voxel nearest the origin,mean over unique voxels nearest the configured cell positions,voxel size=5 um,6.78,9.779089265046725,7.231885550900661,8.122421955951713
PhysiCell,PhysiCell_dx_5um_uptake,5.0,,mean over all voxels,single center voxel nearest the origin,mean over unique voxels nearest the configured cell positions,voxel size=5 um,6.79,9.779086257098244,7.231874220145804,8.122411307535616
PhysiCell,PhysiCell_dx_5um_uptake,5.0,,mean over all voxels,single center voxel nearest the origin,mean over unique voxels nearest the configured cell positions,voxel size=5 um,6.8,9.77908327911059,7.231863002249964,8.122400765182247
PhysiCell,PhysiCell_dx_5um_uptake,5.0,,mean over all voxels,single center voxel nearest the origin,mean over unique voxels nearest the configured cell positions,voxel size=5 um,6.81,9.779080330785325,7.231851896089037,8.122390327835193
PhysiCell,PhysiCell_dx_5um_uptake,5.0,,mean over all voxels,single center voxel nearest the origin,mean over unique voxels nearest the configured cell positions,voxel size=5 um,6.82,9.779077411827005,7.231840900550107,8.12237999444856
PhysiCell,PhysiCell_dx_5um_uptake,5.0,,mean over all voxels,single center voxel nearest the origin,mean over unique voxels nearest the configured cell positions,voxel size=5 um,6.83,9.779074521943114,7.23183001453135,8.12236976398686
PhysiCell,PhysiCell_dx_5um_uptake,5.0,,mean over all voxels,single center voxel nearest the origin,mean over unique voxels nearest the configured cell positions,voxel size=5 um,6.84,9.779071660844055,7.231819236941913,8.122359635424942
PhysiCell,PhysiCell_dx_5um_uptake,5.0,,mean over all voxels,single center voxel nearest the origin,mean over unique voxels nearest the configured cell positions,voxel size=5 um,6.85,9.779068828243119,7.2318085667018055,8.122349607747848
PhysiCell,PhysiCell_dx_5um_uptake,5.0,,mean over all voxels,single center voxel nearest the origin,mean over unique voxels nearest the configured cell positions,voxel size=5 um,6.86,9.779066023856444,7.231798002741797,8.122339679950734
PhysiCell,PhysiCell_dx_5um_uptake,5.0,,mean over all voxels,single center voxel nearest the origin,mean over unique voxels nearest the configured cell positions,voxel size=5 um,6.87,9.779063247403002,7.231787544003309,8.122329851038762
PhysiCell,PhysiCell_dx_5um_uptake,5.0,,mean over all voxels,single center voxel nearest the origin,mean over unique voxels nearest the configured cell positions,voxel size=5 um,6.88,9.779060498604563,7.231777189438302,8.122320120027005
PhysiCell,PhysiCell_dx_5um_uptake,5.0,,mean over all voxels,single center voxel nearest the origin,mean over unique voxels nearest the configured cell positions,voxel size=5 um,6.89,9.77905777718567,7.231766938009175,8.122310485940348
PhysiCell,PhysiCell_dx_5um_uptake,5.0,,mean over all voxels,single center voxel nearest the origin,mean over unique voxels nearest the configured cell positions,voxel size=5 um,6.9,9.779055082873606,7.231756788688663,8.122300947813384
PhysiCell,PhysiCell_dx_5um_uptake,5.0,,mean over all voxels,single center voxel nearest the origin,mean over unique voxels nearest the configured cell positions,voxel size=5 um,6.91,9.77905241539837,7.231746740459736,8.122291504690327
PhysiCell,PhysiCell_dx_5um_uptake,5.0,,mean over all voxels,single center voxel nearest the origin,mean over unique voxels nearest the configured cell positions,voxel size=5 um,6.92,9.779049774492657,7.231736792315488,8.122282155624903
PhysiCell,PhysiCell_dx_5um_uptake,5.0,,mean over all voxels,single center voxel nearest the origin,mean over unique voxels nearest the configured cell positions,voxel size=5 um,6.93,9.779047159891816,7.231726943259044,8.122272899680265
PhysiCell,PhysiCell_dx_5um_uptake,5.0,,mean over all voxels,single center voxel nearest the origin,mean over unique voxels nearest the configured cell positions,voxel size=5 um,6.94,9.779044571333838,7.23171719230346,8.122263735928907
PhysiCell,PhysiCell_dx_5um_uptake,5.0,,mean over all voxels,single center voxel nearest the origin,mean over unique voxels nearest the configured cell positions,voxel size=5 um,6.95,9.77904200855932,7.231707538471616,8.12225466345255
PhysiCell,PhysiCell_dx_5um_uptake,5.0,,mean over all voxels,single center voxel nearest the origin,mean over unique voxels nearest the configured cell positions,voxel size=5 um,6.96,9.779039471311448,7.2316979807961355,8.122245681342061
PhysiCell,PhysiCell_dx_5um_uptake,5.0,,mean over all voxels,single center voxel nearest the origin,mean over unique voxels nearest the configured cell positions,voxel size=5 um,6.97,9.77903695933596,7.231688518319264,8.122236788697371
PhysiCell,PhysiCell_dx_5um_uptake,5.0,,mean over all voxels,single center voxel nearest the origin,mean over unique voxels nearest the configured cell positions,voxel size=5 um,6.98,9.779034472381129,7.231679150092795,8.122227984627365
PhysiCell,PhysiCell_dx_5um_uptake,5.0,,mean over all voxels,single center voxel nearest the origin,mean over unique voxels nearest the configured cell positions,voxel size=5 um,6.99,9.779032010197735,7.231669875177964,8.122219268249815
PhysiCell,PhysiCell_dx_5um_uptake,5.0,,mean over all voxels,single center voxel nearest the origin,mean over unique voxels nearest the configured cell positions,voxel size=5 um,7.0,9.779029572539041,7.231660692645357,8.122210638691271
PhysiCell,PhysiCell_dx_5um_uptake,5.0,,mean over all voxels,single center voxel nearest the origin,mean over unique voxels nearest the configured cell positions,voxel size=5 um,7.01,9.779027159160774,7.231651601574813,8.122202095086985
PhysiCell,PhysiCell_dx_5um_uptake,5.0,,mean over all voxels,single center voxel nearest the origin,mean over unique voxels nearest the configured cell positions,voxel size=5 um,7.02,9.779024769821078,7.231642601055343,8.122193636580821
PhysiCell,PhysiCell_dx_5um_uptake,5.0,,mean over all voxels,single center voxel nearest the origin,mean over unique voxels nearest the configured cell positions,voxel size=5 um,7.03,9.77902240428052,7.231633690185027,8.122185262325178
PhysiCell,PhysiCell_dx_5um_uptake,5.0,,mean over all voxels,single center voxel nearest the origin,mean over unique voxels nearest the configured cell positions,voxel size=5 um,7.04,9.779020062302049,7.23162486807093,8.122176971480888
PhysiCell,PhysiCell_dx_5um_uptake,5.0,,mean over all voxels,single center voxel nearest the origin,mean over unique voxels nearest the configured cell positions,voxel size=5 um,7.05,9.77901774365097,7.231616133829008,8.122168763217143
PhysiCell,PhysiCell_dx_5um_uptake,5.0,,mean over all voxels,single center voxel nearest the origin,mean over unique voxels nearest the configured cell positions,voxel size=5 um,7.06,9.779015448094931,7.231607486584028,8.122160636711413
PhysiCell,PhysiCell_dx_5um_uptake,5.0,,mean over all voxels,single center voxel nearest the origin,mean over unique voxels nearest the configured cell positions,voxel size=5 um,7.07,9.779013175403897,7.231598925469465,8.122152591149362
PhysiCell,PhysiCell_dx_5um_uptake,5.0,,mean over all voxels,single center voxel nearest the origin,mean over unique voxels nearest the configured cell positions,voxel size=5 um,7.08,9.779010925350109,7.231590449627434,8.122144625724758
PhysiCell,PhysiCell_dx_5um_uptake,5.0,,mean over all voxels,single center voxel nearest the origin,mean over unique voxels nearest the configured cell positions,voxel size=5 um,7.09,9.779008697708099,7.23158205820859,8.122136739639407
PhysiCell,PhysiCell_dx_5um_uptake,5.0,,mean over all voxels,single center voxel nearest the origin,mean over unique voxels nearest the configured cell positions,voxel size=5 um,7.1,9.779006492254629,7.231573750372047,8.122128932103056
PhysiCell,PhysiCell_dx_5um_uptake,5.0,,mean over all voxels,single center voxel nearest the origin,mean over unique voxels nearest the configured cell positions,voxel size=5 um,7.11,9.77900430876869,7.2315655252853,8.122121202333334
PhysiCell,PhysiCell_dx_5um_uptake,5.0,,mean over all voxels,single center voxel nearest the origin,mean over unique voxels nearest the configured cell positions,voxel size=5 um,7.12,9.77900214703147,7.231557382124128,8.122113549555651
PhysiCell,PhysiCell_dx_5um_uptake,5.0,,mean over all voxels,single center voxel nearest the origin,mean over unique voxels nearest the configured cell positions,voxel size=5 um,7.13,9.779000006826339,7.231549320072527,8.122105973003144
PhysiCell,PhysiCell_dx_5um_uptake,5.0,,mean over all voxels,single center voxel nearest the origin,mean over unique voxels nearest the configured cell positions,voxel size=5 um,7.14,9.778997887938836,7.2315413383226135,8.122098471916578
PhysiCell,PhysiCell_dx_5um_uptake,5.0,,mean over all voxels,single center voxel nearest the origin,mean over unique voxels nearest the configured cell positions,voxel size=5 um,7.15,9.778995790156614,7.231533436074554,8.122091045544288
PhysiCell,PhysiCell_dx_5um_uptake,5.0,,mean over all voxels,single center voxel nearest the origin,mean over unique voxels nearest the configured cell positions,voxel size=5 um,7.16,9.778993713269458,7.231525612536482,8.122083693142088
PhysiCell,PhysiCell_dx_5um_uptake,5.0,,mean over all voxels,single center voxel nearest the origin,mean over unique voxels nearest the configured cell positions,voxel size=5 um,7.17,9.77899165706924,7.23151786692442,8.12207641397321
PhysiCell,PhysiCell_dx_5um_uptake,5.0,,mean over all voxels,single center voxel nearest the origin,mean over unique voxels nearest the configured cell positions,voxel size=5 um,7.18,9.778989621349906,7.231510198462191,8.122069207308224
PhysiCell,PhysiCell_dx_5um_uptake,5.0,,mean over all voxels,single center voxel nearest the origin,mean over unique voxels nearest the configured cell positions,voxel size=5 um,7.19,9.778987605907458,7.231502606381358,8.12206207242496
PhysiCell,PhysiCell_dx_5um_uptake,5.0,,mean over all voxels,single center voxel nearest the origin,mean over unique voxels nearest the configured cell positions,voxel size=5 um,7.2,9.778985610539927,7.231495089921135,8.12205500860845
PhysiCell,PhysiCell_dx_5um_uptake,5.0,,mean over all voxels,single center voxel nearest the origin,mean over unique voxels nearest the configured cell positions,voxel size=5 um,7.21,9.778983635047352,7.231487648328312,8.122048015150838
PhysiCell,PhysiCell_dx_5um_uptake,5.0,,mean over all voxels,single center voxel nearest the origin,mean over unique voxels nearest the configured cell positions,voxel size=5 um,7.22,9.778981679231773,7.231480280857181,8.122041091351326
PhysiCell,PhysiCell_dx_5um_uptake,5.0,,mean over all voxels,single center voxel nearest the origin,mean over unique voxels nearest the configured cell positions,voxel size=5 um,7.23,9.778979742897189,7.231472986769465,8.12203423651609
PhysiCell,PhysiCell_dx_5um_uptake,5.0,,mean over all voxels,single center voxel nearest the origin,mean over unique voxels nearest the configured cell positions,voxel size=5 um,7.24,9.778977825849566,7.2314657653342325,8.122027449958217
PhysiCell,PhysiCell_dx_5um_uptake,5.0,,mean over all voxels,single center voxel nearest the origin,mean over unique voxels nearest the configured cell positions,voxel size=5 um,7.25,9.778975927896791,7.231458615827841,8.122020730997646
PhysiCell,PhysiCell_dx_5um_uptake,5.0,,mean over all voxels,single center voxel nearest the origin,mean over unique voxels nearest the configured cell positions,voxel size=5 um,7.26,9.778974048848669,7.231451537533852,8.122014078961072
PhysiCell,PhysiCell_dx_5um_uptake,5.0,,mean over all voxels,single center voxel nearest the origin,mean over unique voxels nearest the configured cell positions,voxel size=5 um,7.27,9.778972188516901,7.231444529742961,8.122007493181913
PhysiCell,PhysiCell_dx_5um_uptake,5.0,,mean over all voxels,single center voxel nearest the origin,mean over unique voxels nearest the configured cell positions,voxel size=5 um,7.28,9.778970346715061,7.231437591752932,8.122000973000214
PhysiCell,PhysiCell_dx_5um_uptake,5.0,,mean over all voxels,single center voxel nearest the origin,mean over unique voxels nearest the configured cell positions,voxel size=5 um,7.29,9.778968523258586,7.231430722868523,8.121994517762603
PhysiCell,PhysiCell_dx_5um_uptake,5.0,,mean over all voxels,single center voxel nearest the origin,mean over unique voxels nearest the configured cell positions,voxel size=5 um,7.3,9.778966717964732,7.231423922401414,8.121988126822206
PhysiCell,PhysiCell_dx_5um_uptake,5.0,,mean over all voxels,single center voxel nearest the origin,mean over unique voxels nearest the configured cell positions,voxel size=5 um,7.31,9.778964930652602,7.2314171896701405,8.121981799538604
PhysiCell,PhysiCell_dx_5um_uptake,5.0,,mean over all voxels,single center voxel nearest the origin,mean over unique voxels nearest the configured cell positions,voxel size=5 um,7.32,9.778963161143084,7.231410524000029,8.121975535277747
PhysiCell,PhysiCell_dx_5um_uptake,5.0,,mean over all voxels,single center voxel nearest the origin,mean over unique voxels nearest the configured cell positions,voxel size=5 um,7.33,9.778961409258853,7.231403924723122,8.121969333411897
PhysiCell,PhysiCell_dx_5um_uptake,5.0,,mean over all voxels,single center voxel nearest the origin,mean over unique voxels nearest the configured cell positions,voxel size=5 um,7.34,9.778959674824355,7.231397391178122,8.121963193319587
PhysiCell,PhysiCell_dx_5um_uptake,5.0,,mean over all voxels,single center voxel nearest the origin,mean over unique voxels nearest the configured cell positions,voxel size=5 um,7.35,9.77895795766578,7.2313909227103075,8.121957114385516
PhysiCell,PhysiCell_dx_5um_uptake,5.0,,mean over all voxels,single center voxel nearest the origin,mean over unique voxels nearest the configured cell positions,voxel size=5 um,7.36,9.778956257611046,7.23138451867149,8.121951096000531
PhysiCell,PhysiCell_dx_5um_uptake,5.0,,mean over all voxels,single center voxel nearest the origin,mean over unique voxels nearest the configured cell positions,voxel size=5 um,7.37,9.778954574489793,7.231378178419928,8.121945137561534
PhysiCell,PhysiCell_dx_5um_uptake,5.0,,mean over all voxels,single center voxel nearest the origin,mean over unique voxels nearest the configured cell positions,voxel size=5 um,7.38,9.778952908133355,7.231371901320274,8.121939238471443
PhysiCell,PhysiCell_dx_5um_uptake,5.0,,mean over all voxels,single center voxel nearest the origin,mean over unique voxels nearest the configured cell positions,voxel size=5 um,7.39,9.778951258374743,7.231365686743511,8.121933398139113
PhysiCell,PhysiCell_dx_5um_uptake,5.0,,mean over all voxels,single center voxel nearest the origin,mean over unique voxels nearest the configured cell positions,voxel size=5 um,7.4,9.778949625048636,7.231359534066885,8.121927615979299
PhysiCell,PhysiCell_dx_5um_uptake,5.0,,mean over all voxels,single center voxel nearest the origin,mean over unique voxels nearest the configured cell positions,voxel size=5 um,7.41,9.778948007991355,7.231353442673847,8.121921891412573
PhysiCell,PhysiCell_dx_5um_uptake,5.0,,mean over all voxels,single center voxel nearest the origin,mean over unique voxels nearest the configured cell positions,voxel size=5 um,7.42,9.778946407040854,7.23134741195399,8.121916223865288
PhysiCell,PhysiCell_dx_5um_uptake,5.0,,mean over all voxels,single center voxel nearest the origin,mean over unique voxels nearest the configured cell positions,voxel size=5 um,7.43,9.778944822036701,7.231341441302981,8.121910612769506
PhysiCell,PhysiCell_dx_5um_uptake,5.0,,mean over all voxels,single center voxel nearest the origin,mean over unique voxels nearest the configured cell positions,voxel size=5 um,7.44,9.77894325282006,7.231335530122513,8.121905057562945
PhysiCell,PhysiCell_dx_5um_uptake,5.0,,mean over all voxels,single center voxel nearest the origin,mean over unique voxels nearest the configured cell positions,voxel size=5 um,7.45,9.778941699233684,7.231329677820231,8.121899557688925
PhysiCell,PhysiCell_dx_5um_uptake,5.0,,mean over all voxels,single center voxel nearest the origin,mean over unique voxels nearest the configured cell positions,voxel size=5 um,7.46,9.778940161121879,7.2313238838096865,8.121894112596312
PhysiCell,PhysiCell_dx_5um_uptake,5.0,,mean over all voxels,single center voxel nearest the origin,mean over unique voxels nearest the configured cell positions,voxel size=5 um,7.47,9.778938638330516,7.23131814751027,8.121888721739461
PhysiCell,PhysiCell_dx_5um_uptake,5.0,,mean over all voxels,single center voxel nearest the origin,mean over unique voxels nearest the configured cell positions,voxel size=5 um,7.48,9.778937130706993,7.231312468347156,8.12188338457816
PhysiCell,PhysiCell_dx_5um_uptake,5.0,,mean over all voxels,single center voxel nearest the origin,mean over unique voxels nearest the configured cell positions,voxel size=5 um,7.49,9.77893563810023,7.23130684575124,8.12187810057758
PhysiCell,PhysiCell_dx_5um_uptake,5.0,,mean over all voxels,single center voxel nearest the origin,mean over unique voxels nearest the configured cell positions,voxel size=5 um,7.5,9.77893416036065,7.231301279159091,8.121872869208216
PhysiCell,PhysiCell_dx_5um_uptake,5.0,,mean over all voxels,single center voxel nearest the origin,mean over unique voxels nearest the configured cell positions,voxel size=5 um,7.51,9.778932697340172,7.231295768012889,8.121867689945837
PhysiCell,PhysiCell_dx_5um_uptake,5.0,,mean over all voxels,single center voxel nearest the origin,mean over unique voxels nearest the configured cell positions,voxel size=5 um,7.52,9.778931248892182,7.231290311760368,8.12186256227144
PhysiCell,PhysiCell_dx_5um_uptake,5.0,,mean over all voxels,single center voxel nearest the origin,mean over unique voxels nearest the configured cell positions,voxel size=5 um,7.53,9.77892981487153,7.231284909854766,8.121857485671184
PhysiCell,PhysiCell_dx_5um_uptake,5.0,,mean over all voxels,single center voxel nearest the origin,mean over unique voxels nearest the configured cell positions,voxel size=5 um,7.54,9.778928395134516,7.231279561754764,8.121852459636347
PhysiCell,PhysiCell_dx_5um_uptake,5.0,,mean over all voxels,single center voxel nearest the origin,mean over unique voxels nearest the configured cell positions,voxel size=5 um,7.55,9.778926989538858,7.231274266924434,8.12184748366328
PhysiCell,PhysiCell_dx_5um_uptake,5.0,,mean over all voxels,single center voxel nearest the origin,mean over unique voxels nearest the configured cell positions,voxel size=5 um,7.56,9.77892559794371,7.231269024833189,8.121842557253345
PhysiCell,PhysiCell_dx_5um_uptake,5.0,,mean over all voxels,single center voxel nearest the origin,mean over unique voxels nearest the configured cell positions,voxel size=5 um,7.57,9.778924220209618,7.2312638349557234,8.12183767991287
PhysiCell,PhysiCell_dx_5um_uptake,5.0,,mean over all voxels,single center voxel nearest the origin,mean over unique voxels nearest the configured cell positions,voxel size=5 um,7.58,9.778922856198509,7.23125869677197,8.1218328511531
PhysiCell,PhysiCell_dx_5um_uptake,5.0,,mean over all voxels,single center voxel nearest the origin,mean over unique voxels nearest the configured cell positions,voxel size=5 um,7.59,9.778921505773704,7.231253609767034,8.121828070490155
PhysiCell,PhysiCell_dx_5um_uptake,5.0,,mean over all voxels,single center voxel nearest the origin,mean over unique voxels nearest the configured cell positions,voxel size=5 um,7.6,9.778920168799877,7.231248573431153,8.121823337444969
PhysiCell,PhysiCell_dx_5um_uptake,5.0,,mean over all voxels,single center voxel nearest the origin,mean over unique voxels nearest the configured cell positions,voxel size=5 um,7.61,9.77891884514304,7.231243587259641,8.121818651543245
PhysiCell,PhysiCell_dx_5um_uptake,5.0,,mean over all voxels,single center voxel nearest the origin,mean over unique voxels nearest the configured cell positions,voxel size=5 um,7.62,9.778917534670558,7.231238650752841,8.121814012315413
PhysiCell,PhysiCell_dx_5um_uptake,5.0,,mean over all voxels,single center voxel nearest the origin,mean over unique voxels nearest the configured cell positions,voxel size=5 um,7.63,9.778916237251098,7.231233763416072,8.121809419296588
PhysiCell,PhysiCell_dx_5um_uptake,5.0,,mean over all voxels,single center voxel nearest the origin,mean over unique voxels nearest the configured cell positions,voxel size=5 um,7.64,9.778914952754652,7.2312289247595745,8.121804872026502
PhysiCell,PhysiCell_dx_5um_uptake,5.0,,mean over all voxels,single center voxel nearest the origin,mean over unique voxels nearest the configured cell positions,voxel size=5 um,7.65,9.778913681052495,7.231224134298476,8.121800370049478
PhysiCell,PhysiCell_dx_5um_uptake,5.0,,mean over all voxels,single center voxel nearest the origin,mean over unique voxels nearest the configured cell positions,voxel size=5 um,7.66,9.778912422017196,7.231219391552729,8.121795912914376
PhysiCell,PhysiCell_dx_5um_uptake,5.0,,mean over all voxels,single center voxel nearest the origin,mean over unique voxels nearest the configured cell positions,voxel size=5 um,7.67,9.77891117552258,7.231214696047067,8.121791500174552
PhysiCell,PhysiCell_dx_5um_uptake,5.0,,mean over all voxels,single center voxel nearest the origin,mean over unique voxels nearest the configured cell positions,voxel size=5 um,7.68,9.778909941443738,7.231210047310957,8.121787131387812
PhysiCell,PhysiCell_dx_5um_uptake,5.0,,mean over all voxels,single center voxel nearest the origin,mean over unique voxels nearest the configured cell positions,voxel size=5 um,7.69,9.778908719656995,7.231205444878556,8.121782806116359
PhysiCell,PhysiCell_dx_5um_uptake,5.0,,mean over all voxels,single center voxel nearest the origin,mean over unique voxels nearest the configured cell positions,voxel size=5 um,7.7,9.778907510039925,7.231200888288657,8.121778523926764
PhysiCell,PhysiCell_dx_5um_uptake,5.0,,mean over all voxels,single center voxel nearest the origin,mean over unique voxels nearest the configured cell positions,voxel size=5 um,7.71,9.778906312471303,7.23119637708465,8.121774284389913
PhysiCell,PhysiCell_dx_5um_uptake,5.0,,mean over all voxels,single center voxel nearest the origin,mean over unique voxels nearest the configured cell positions,voxel size=5 um,7.72,9.778905126831123,7.231191910814472,8.121770087080963
PhysiCell,PhysiCell_dx_5um_uptake,5.0,,mean over all voxels,single center voxel nearest the origin,mean over unique voxels nearest the configured cell positions,voxel size=5 um,7.73,9.778903953000576,7.23118748903056,8.12176593157931
PhysiCell,PhysiCell_dx_5um_uptake,5.0,,mean over all voxels,single center voxel nearest the origin,mean over unique voxels nearest the configured cell positions,voxel size=5 um,7.74,9.778902790862027,7.231183111289812,8.121761817468526
PhysiCell,PhysiCell_dx_5um_uptake,5.0,,mean over all voxels,single center voxel nearest the origin,mean over unique voxels nearest the configured cell positions,voxel size=5 um,7.75,9.778901640299011,7.231178777153537,8.121757744336348
PhysiCell,PhysiCell_dx_5um_uptake,5.0,,mean over all voxels,single center voxel nearest the origin,mean over unique voxels nearest the configured cell positions,voxel size=5 um,7.76,9.778900501196242,7.231174486187419,8.121753711774609
PhysiCell,PhysiCell_dx_5um_uptake,5.0,,mean over all voxels,single center voxel nearest the origin,mean over unique voxels nearest the configured cell positions,voxel size=5 um,7.77,9.778899373439561,7.231170237961463,8.121749719379203
PhysiCell,PhysiCell_dx_5um_uptake,5.0,,mean over all voxels,single center voxel nearest the origin,mean over unique voxels nearest the configured cell positions,voxel size=5 um,7.78,9.778898256915959,7.231166032049953,8.121745766750061
PhysiCell,PhysiCell_dx_5um_uptake,5.0,,mean over all voxels,single center voxel nearest the origin,mean over unique voxels nearest the configured cell positions,voxel size=5 um,7.79,9.778897151513545,7.231161868031421,8.121741853491093
PhysiCell,PhysiCell_dx_5um_uptake,5.0,,mean over all voxels,single center voxel nearest the origin,mean over unique voxels nearest the configured cell positions,voxel size=5 um,7.8,9.778896057121548,7.2311577454885985,8.121737979210149
PhysiCell,PhysiCell_dx_5um_uptake,5.0,,mean over all voxels,single center voxel nearest the origin,mean over unique voxels nearest the configured cell positions,voxel size=5 um,7.81,9.7788949736303,7.231153664008364,8.121734143518998
PhysiCell,PhysiCell_dx_5um_uptake,5.0,,mean over all voxels,single center voxel nearest the origin,mean over unique voxels nearest the configured cell positions,voxel size=5 um,7.82,9.778893900931214,7.2311496231817145,8.121730346033258
PhysiCell,PhysiCell_dx_5um_uptake,5.0,,mean over all voxels,single center voxel nearest the origin,mean over unique voxels nearest the configured cell positions,voxel size=5 um,7.83,9.778892838916807,7.2311456226037265,8.121726586372395
PhysiCell,PhysiCell_dx_5um_uptake,5.0,,mean over all voxels,single center voxel nearest the origin,mean over unique voxels nearest the configured cell positions,voxel size=5 um,7.84,9.778891787480648,7.231141661873499,8.121722864159652
PhysiCell,PhysiCell_dx_5um_uptake,5.0,,mean over all voxels,single center voxel nearest the origin,mean over unique voxels nearest the configured cell positions,voxel size=5 um,7.85,9.77889074651737,7.231137740594137,8.121719179022024
PhysiCell,PhysiCell_dx_5um_uptake,5.0,,mean over all voxels,single center voxel nearest the origin,mean over unique voxels nearest the configured cell positions,voxel size=5 um,7.86,9.77888971592266,7.231133858372689,8.121715530590237
PhysiCell,PhysiCell_dx_5um_uptake,5.0,,mean over all voxels,single center voxel nearest the origin,mean over unique voxels nearest the configured cell positions,voxel size=5 um,7.87,9.77888869559324,7.23113001482012,8.121711918498672
PhysiCell,PhysiCell_dx_5um_uptake,5.0,,mean over all voxels,single center voxel nearest the origin,mean over unique voxels nearest the configured cell positions,voxel size=5 um,7.88,9.778887685426861,7.2311262095512685,8.121708342385372
PhysiCell,PhysiCell_dx_5um_uptake,5.0,,mean over all voxels,single center voxel nearest the origin,mean over unique voxels nearest the configured cell positions,voxel size=5 um,7.89,9.778886685322293,7.231122442184814,8.121704801891973
PhysiCell,PhysiCell_dx_5um_uptake,5.0,,mean over all voxels,single center voxel nearest the origin,mean over unique voxels nearest the configured cell positions,voxel size=5 um,7.9,9.77888569517932,7.23111871234323,8.121701296663682
PhysiCell,PhysiCell_dx_5um_uptake,5.0,,mean over all voxels,single center voxel nearest the origin,mean over unique voxels nearest the configured cell positions,voxel size=5 um,7.91,9.778884714898716,7.231115019652751,8.121697826349244
PhysiCell,PhysiCell_dx_5um_uptake,5.0,,mean over all voxels,single center voxel nearest the origin,mean over unique voxels nearest the configured cell positions,voxel size=5 um,7.92,9.778883744382247,7.231111363743337,8.121694390600906
PhysiCell,PhysiCell_dx_5um_uptake,5.0,,mean over all voxels,single center voxel nearest the origin,mean over unique voxels nearest the configured cell positions,voxel size=5 um,7.93,9.778882783532657,7.231107744248631,8.121690989074366
PhysiCell,PhysiCell_dx_5um_uptake,5.0,,mean over all voxels,single center voxel nearest the origin,mean over unique voxels nearest the configured cell positions,voxel size=5 um,7.94,9.778881832253653,7.231104160805923,8.121687621428764
PhysiCell,PhysiCell_dx_5um_uptake,5.0,,mean over all voxels,single center voxel nearest the origin,mean over unique voxels nearest the configured cell positions,voxel size=5 um,7.95,9.778880890449912,7.231100613056123,8.121684287326627
PhysiCell,PhysiCell_dx_5um_uptake,5.0,,mean over all voxels,single center voxel nearest the origin,mean over unique voxels nearest the configured cell positions,voxel size=5 um,7.96,9.77887995802706,7.231097100643708,8.121680986433844
PhysiCell,PhysiCell_dx_5um_uptake,5.0,,mean over all voxels,single center voxel nearest the origin,mean over unique voxels nearest the configured cell positions,voxel size=5 um,7.97,9.778879034891647,7.2310936232167045,8.121677718419642
PhysiCell,PhysiCell_dx_5um_uptake,5.0,,mean over all voxels,single center voxel nearest the origin,mean over unique voxels nearest the configured cell positions,voxel size=5 um,7.98,9.778878120951177,7.231090180426642,8.121674482956529
PhysiCell,PhysiCell_dx_5um_uptake,5.0,,mean over all voxels,single center voxel nearest the origin,mean over unique voxels nearest the configured cell positions,voxel size=5 um,7.99,9.77887721611405,7.231086771928517,8.121671279720282
PhysiCell,PhysiCell_dx_5um_uptake,5.0,,mean over all voxels,single center voxel nearest the origin,mean over unique voxels nearest the configured cell positions,voxel size=5 um,8.0,9.778876320289605,7.231083397380769,8.121668108389906
PhysiCell,PhysiCell_dx_5um_uptake,5.0,,mean over all voxels,single center voxel nearest the origin,mean over unique voxels nearest the configured cell positions,voxel size=5 um,8.01,9.778875433388057,7.231080056445235,8.121664968647606
PhysiCell,PhysiCell_dx_5um_uptake,5.0,,mean over all voxels,single center voxel nearest the origin,mean over unique voxels nearest the configured cell positions,voxel size=5 um,8.02,9.778874555320545,7.231076748787121,8.121661860178744
PhysiCell,PhysiCell_dx_5um_uptake,5.0,,mean over all voxels,single center voxel nearest the origin,mean over unique voxels nearest the configured cell positions,voxel size=5 um,8.03,9.778873685999061,7.23107347407497,8.121658782671826
PhysiCell,PhysiCell_dx_5um_uptake,5.0,,mean over all voxels,single center voxel nearest the origin,mean over unique voxels nearest the configured cell positions,voxel size=5 um,8.04,9.778872825336501,7.231070231980622,8.121655735818456
PhysiCell,PhysiCell_dx_5um_uptake,5.0,,mean over all voxels,single center voxel nearest the origin,mean over unique voxels nearest the configured cell positions,voxel size=5 um,8.05,9.778871973246615,7.231067022179192,8.121652719313309
PhysiCell,PhysiCell_dx_5um_uptake,5.0,,mean over all voxels,single center voxel nearest the origin,mean over unique voxels nearest the configured cell positions,voxel size=5 um,8.06,9.778871129644012,7.231063844349025,8.121649732854104
PhysiCell,PhysiCell_dx_5um_uptake,5.0,,mean over all voxels,single center voxel nearest the origin,mean over unique voxels nearest the configured cell positions,voxel size=5 um,8.07,9.778870294444154,7.231060698171674,8.121646776141569
PhysiCell,PhysiCell_dx_5um_uptake,5.0,,mean over all voxels,single center voxel nearest the origin,mean over unique voxels nearest the configured cell positions,voxel size=5 um,8.08,9.778869467563348,7.231057583331856,8.12164384887941
PhysiCell,PhysiCell_dx_5um_uptake,5.0,,mean over all voxels,single center voxel nearest the origin,mean over unique voxels nearest the configured cell positions,voxel size=5 um,8.09,9.778868648918728,7.231054499517443,8.12164095077429
PhysiCell,PhysiCell_dx_5um_uptake,5.0,,mean over all voxels,single center voxel nearest the origin,mean over unique voxels nearest the configured cell positions,voxel size=5 um,8.1,9.778867838428258,7.2310514464194,8.121638081535789
PhysiCell,PhysiCell_dx_5um_uptake,5.0,,mean over all voxels,single center voxel nearest the origin,mean over unique voxels nearest the configured cell positions,voxel size=5 um,8.11,9.778867036010721,7.231048423731782,8.121635240876381
PhysiCell,PhysiCell_dx_5um_uptake,5.0,,mean over all voxels,single center voxel nearest the origin,mean over unique voxels nearest the configured cell positions,voxel size=5 um,8.12,9.778866241585705,7.231045431151684,8.121632428511408
PhysiCell,PhysiCell_dx_5um_uptake,5.0,,mean over all voxels,single center voxel nearest the origin,mean over unique voxels nearest the configured cell positions,voxel size=5 um,8.13,9.7788654550736,7.231042468379223,8.121629644159041
PhysiCell,PhysiCell_dx_5um_uptake,5.0,,mean over all voxels,single center voxel nearest the origin,mean over unique voxels nearest the configured cell positions,voxel size=5 um,8.14,9.778864676395589,7.2310395351175,8.121626887540263
PhysiCell,PhysiCell_dx_5um_uptake,5.0,,mean over all voxels,single center voxel nearest the origin,mean over unique voxels nearest the configured cell positions,voxel size=5 um,8.15,9.778863905473633,7.231036631072571,8.121624158378829
PhysiCell,PhysiCell_dx_5um_uptake,5.0,,mean over all voxels,single center voxel nearest the origin,mean over unique voxels nearest the configured cell positions,voxel size=5 um,8.16,9.77886314223049,7.231033755953425,8.121621456401261
PhysiCell,PhysiCell_dx_5um_uptake,5.0,,mean over all voxels,single center voxel nearest the origin,mean over unique voxels nearest the configured cell positions,voxel size=5 um,8.17,9.778862386589665,7.231030909471949,8.121618781336782
PhysiCell,PhysiCell_dx_5um_uptake,5.0,,mean over all voxels,single center voxel nearest the origin,mean over unique voxels nearest the configured cell positions,voxel size=5 um,8.18,9.778861638475444,7.231028091342895,8.121616132917332
PhysiCell,PhysiCell_dx_5um_uptake,5.0,,mean over all voxels,single center voxel nearest the origin,mean over unique voxels nearest the configured cell positions,voxel size=5 um,8.19,9.778860897812846,7.23102530128386,8.121613510877511
PhysiCell,PhysiCell_dx_5um_uptake,5.0,,mean over all voxels,single center voxel nearest the origin,mean over unique voxels nearest the configured cell positions,voxel size=5 um,8.2,9.778860164527659,7.231022539015256,8.121610914954568
PhysiCell,PhysiCell_dx_5um_uptake,5.0,,mean over all voxels,single center voxel nearest the origin,mean over unique voxels nearest the configured cell positions,voxel size=5 um,8.21,9.778859438546393,7.231019804260271,8.121608344888363
PhysiCell,PhysiCell_dx_5um_uptake,5.0,,mean over all voxels,single center voxel nearest the origin,mean over unique voxels nearest the configured cell positions,voxel size=5 um,8.22,9.778858719796302,7.2310170967448615,8.121605800421353
PhysiCell,PhysiCell_dx_5um_uptake,5.0,,mean over all voxels,single center voxel nearest the origin,mean over unique voxels nearest the configured cell positions,voxel size=5 um,8.23,9.77885800820536,7.2310144161977075,8.121603281298553
PhysiCell,PhysiCell_dx_5um_uptake,5.0,,mean over all voxels,single center voxel nearest the origin,mean over unique voxels nearest the configured cell positions,voxel size=5 um,8.24,9.778857303702251,7.23101176235019,8.121600787267527
PhysiCell,PhysiCell_dx_5um_uptake,5.0,,mean over all voxels,single center voxel nearest the origin,mean over unique voxels nearest the configured cell positions,voxel size=5 um,8.25,9.778856606216383,7.231009134936367,8.121598318078348
PhysiCell,PhysiCell_dx_5um_uptake,5.0,,mean over all voxels,single center voxel nearest the origin,mean over unique voxels nearest the configured cell positions,voxel size=5 um,8.26,9.778855915677859,7.231006533692949,8.121595873483576
PhysiCell,PhysiCell_dx_5um_uptake,5.0,,mean over all voxels,single center voxel nearest the origin,mean over unique voxels nearest the configured cell positions,voxel size=5 um,8.27,9.778855232017474,7.231003958359263,8.12159345323824
PhysiCell,PhysiCell_dx_5um_uptake,5.0,,mean over all voxels,single center voxel nearest the origin,mean over unique voxels nearest the configured cell positions,voxel size=5 um,8.28,9.778854555166726,7.231001408677238,8.12159105709981
PhysiCell,PhysiCell_dx_5um_uptake,5.0,,mean over all voxels,single center voxel nearest the origin,mean over unique voxels nearest the configured cell positions,voxel size=5 um,8.29,9.778853885057783,7.2309988843913695,8.121588684828168
PhysiCell,PhysiCell_dx_5um_uptake,5.0,,mean over all voxels,single center voxel nearest the origin,mean over unique voxels nearest the configured cell positions,voxel size=5 um,8.3,9.778853221623494,7.2309963852487,8.121586336185587
PhysiCell,PhysiCell_dx_5um_uptake,5.0,,mean over all voxels,single center voxel nearest the origin,mean over unique voxels nearest the configured cell positions,voxel size=5 um,8.31,9.778852564797374,7.23099391099879,8.12158401093671
PhysiCell,PhysiCell_dx_5um_uptake,5.0,,mean over all voxels,single center voxel nearest the origin,mean over unique voxels nearest the configured cell positions,voxel size=5 um,8.32,9.778851914513611,7.230991461393697,8.12158170884853
PhysiCell,PhysiCell_dx_5um_uptake,5.0,,mean over all voxels,single center voxel nearest the origin,mean over unique voxels nearest the configured cell positions,voxel size=5 um,8.33,9.778851270707024,7.230989036187946,8.121579429690348
PhysiCell,PhysiCell_dx_5um_uptake,5.0,,mean over all voxels,single center voxel nearest the origin,mean over unique voxels nearest the configured cell positions,voxel size=5 um,8.34,9.778850633313107,7.230986635138508,8.121577173233772
PhysiCell,PhysiCell_dx_5um_uptake,5.0,,mean over all voxels,single center voxel nearest the origin,mean over unique voxels nearest the configured cell positions,voxel size=5 um,8.35,9.778850002267985,7.230984258004771,8.121574939252683
PhysiCell,PhysiCell_dx_5um_uptake,5.0,,mean over all voxels,single center voxel nearest the origin,mean over unique voxels nearest the configured cell positions,voxel size=5 um,8.36,9.778849377508418,7.230981904548527,8.121572727523219
PhysiCell,PhysiCell_dx_5um_uptake,5.0,,mean over all voxels,single center voxel nearest the origin,mean over unique voxels nearest the configured cell positions,voxel size=5 um,8.37,9.778848758971805,7.230979574533934,8.121570537823734
PhysiCell,PhysiCell_dx_5um_uptake,5.0,,mean over all voxels,single center voxel nearest the origin,mean over unique voxels nearest the configured cell positions,voxel size=5 um,8.38,9.77884814659615,7.2309772677275,8.121568369934803
PhysiCell,PhysiCell_dx_5um_uptake,5.0,,mean over all voxels,single center voxel nearest the origin,mean over unique voxels nearest the configured cell positions,voxel size=5 um,8.39,9.778847540320097,7.230974983898065,8.12156622363918
PhysiCell,PhysiCell_dx_5um_uptake,5.0,,mean over all voxels,single center voxel nearest the origin,mean over unique voxels nearest the configured cell positions,voxel size=5 um,8.4,9.77884694008289,7.230972722816767,8.12156409872179
PhysiCell,PhysiCell_dx_5um_uptake,5.0,,mean over all voxels,single center voxel nearest the origin,mean over unique voxels nearest the configured cell positions,voxel size=5 um,8.41,9.778846345824372,7.230970484257017,8.121561994969689
PhysiCell,PhysiCell_dx_5um_uptake,5.0,,mean over all voxels,single center voxel nearest the origin,mean over unique voxels nearest the configured cell positions,voxel size=5 um,8.42,9.778845757484996,7.230968267994493,8.121559912172064
PhysiCell,PhysiCell_dx_5um_uptake,5.0,,mean over all voxels,single center voxel nearest the origin,mean over unique voxels nearest the configured cell positions,voxel size=5 um,8.43,9.778845175005806,7.230966073807107,8.121557850120194
PhysiCell,PhysiCell_dx_5um_uptake,5.0,,mean over all voxels,single center voxel nearest the origin,mean over unique voxels nearest the configured cell positions,voxel size=5 um,8.44,9.77884459832843,7.230963901474973,8.121555808607447
PhysiCell,PhysiCell_dx_5um_uptake,5.0,,mean over all voxels,single center voxel nearest the origin,mean over unique voxels nearest the configured cell positions,voxel size=5 um,8.45,9.778844027395074,7.230961750780404,8.121553787429239
PhysiCell,PhysiCell_dx_5um_uptake,5.0,,mean over all voxels,single center voxel nearest the origin,mean over unique voxels nearest the configured cell positions,voxel size=5 um,8.46,9.77884346214853,7.230959621507882,8.121551786383028
PhysiCell,PhysiCell_dx_5um_uptake,5.0,,mean over all voxels,single center voxel nearest the origin,mean over unique voxels nearest the configured cell positions,voxel size=5 um,8.47,9.778842902532155,7.230957513444031,8.12154980526829
PhysiCell,PhysiCell_dx_5um_uptake,5.0,,mean over all voxels,single center voxel nearest the origin,mean over unique voxels nearest the configured cell positions,voxel size=5 um,8.48,9.778842348489864,7.2309554263776,8.121547843886498
PhysiCell,PhysiCell_dx_5um_uptake,5.0,,mean over all voxels,single center voxel nearest the origin,mean over unique voxels nearest the configured cell positions,voxel size=5 um,8.49,9.77884179996614,7.230953360099448,8.121545902041097
PhysiCell,PhysiCell_dx_5um_uptake,5.0,,mean over all voxels,single center voxel nearest the origin,mean over unique voxels nearest the configured cell positions,voxel size=5 um,8.5,9.778841256906015,7.23095131440251,8.121543979537504
PhysiCell,PhysiCell_dx_5um_uptake,5.0,,mean over all voxels,single center voxel nearest the origin,mean over unique voxels nearest the configured cell positions,voxel size=5 um,8.51,9.77884071925507,7.2309492890817895,8.121542076183058
PhysiCell,PhysiCell_dx_5um_uptake,5.0,,mean over all voxels,single center voxel nearest the origin,mean over unique voxels nearest the configured cell positions,voxel size=5 um,8.52,9.778840186959417,7.230947283934326,8.121540191787023
PhysiCell,PhysiCell_dx_5um_uptake,5.0,,mean over all voxels,single center voxel nearest the origin,mean over unique voxels nearest the configured cell positions,voxel size=5 um,8.53,9.778839659965728,7.230945298759187,8.121538326160568
PhysiCell,PhysiCell_dx_5um_uptake,5.0,,mean over all voxels,single center voxel nearest the origin,mean over unique voxels nearest the configured cell positions,voxel size=5 um,8.54,9.778839138221185,7.2309433333574376,8.12153647911674
PhysiCell,PhysiCell_dx_5um_uptake,5.0,,mean over all voxels,single center voxel nearest the origin,mean over unique voxels nearest the configured cell positions,voxel size=5 um,8.55,9.778838621673504,7.230941387532122,8.121534650470439
PhysiCell,PhysiCell_dx_5um_uptake,5.0,,mean over all voxels,single center voxel nearest the origin,mean over unique voxels nearest the configured cell positions,voxel size=5 um,8.56,9.778838110270923,7.230939461088252,8.121532840038421
PhysiCell,PhysiCell_dx_5um_uptake,5.0,,mean over all voxels,single center voxel nearest the origin,mean over unique voxels nearest the configured cell positions,voxel size=5 um,8.57,9.778837603962192,7.230937553832779,8.121531047639266
PhysiCell,PhysiCell_dx_5um_uptake,5.0,,mean over all voxels,single center voxel nearest the origin,mean over unique voxels nearest the configured cell positions,voxel size=5 um,8.58,9.778837102696574,7.230935665574574,8.12152927309335
PhysiCell,PhysiCell_dx_5um_uptake,5.0,,mean over all voxels,single center voxel nearest the origin,mean over unique voxels nearest the configured cell positions,voxel size=5 um,8.59,9.778836606423837,7.2309337961244164,8.121527516222852
PhysiCell,PhysiCell_dx_5um_uptake,5.0,,mean over all voxels,single center voxel nearest the origin,mean over unique voxels nearest the configured cell positions,voxel size=5 um,8.6,9.778836115094252,7.2309319452949685,8.12152577685171
PhysiCell,PhysiCell_dx_5um_uptake,5.0,,mean over all voxels,single center voxel nearest the origin,mean over unique voxels nearest the configured cell positions,voxel size=5 um,8.61,9.778835628658578,7.23093011290076,8.121524054805628
PhysiCell,PhysiCell_dx_5um_uptake,5.0,,mean over all voxels,single center voxel nearest the origin,mean over unique voxels nearest the configured cell positions,voxel size=5 um,8.62,9.778835147068074,7.230928298758164,8.121522349912036
PhysiCell,PhysiCell_dx_5um_uptake,5.0,,mean over all voxels,single center voxel nearest the origin,mean over unique voxels nearest the configured cell positions,voxel size=5 um,8.63,9.778834670274476,7.230926502685385,8.121520662000083
PhysiCell,PhysiCell_dx_5um_uptake,5.0,,mean over all voxels,single center voxel nearest the origin,mean over unique voxels nearest the configured cell positions,voxel size=5 um,8.64,9.778834198230001,7.230924724502441,8.121518990900633
PhysiCell,PhysiCell_dx_5um_uptake,5.0,,mean over all voxels,single center voxel nearest the origin,mean over unique voxels nearest the configured cell positions,voxel size=5 um,8.65,9.778833730887351,7.23092296403114,8.12151733644622
PhysiCell,PhysiCell_dx_5um_uptake,5.0,,mean over all voxels,single center voxel nearest the origin,mean over unique voxels nearest the configured cell positions,voxel size=5 um,8.66,9.778833268199694,7.230921221095062,8.121515698471045
PhysiCell,PhysiCell_dx_5um_uptake,5.0,,mean over all voxels,single center voxel nearest the origin,mean over unique voxels nearest the configured cell positions,voxel size=5 um,8.67,9.778832810120658,7.230919495519553,8.121514076810973
PhysiCell,PhysiCell_dx_5um_uptake,5.0,,mean over all voxels,single center voxel nearest the origin,mean over unique voxels nearest the configured cell positions,voxel size=5 um,8.68,9.778832356604337,7.230917787131685,8.121512471303493
PhysiCell,PhysiCell_dx_5um_uptake,5.0,,mean over all voxels,single center voxel nearest the origin,mean over unique voxels nearest the configured cell positions,voxel size=5 um,8.69,9.77883190760529,7.230916095760268,8.121510881787724
PhysiCell,PhysiCell_dx_5um_uptake,5.0,,mean over all voxels,single center voxel nearest the origin,mean over unique voxels nearest the configured cell positions,voxel size=5 um,8.7,9.778831463078523,7.230914421235805,8.121509308104374
PhysiCell,PhysiCell_dx_5um_uptake,5.0,,mean over all voxels,single center voxel nearest the origin,mean over unique voxels nearest the configured cell positions,voxel size=5 um,8.71,9.778831022979487,7.230912763390492,8.121507750095745
PhysiCell,PhysiCell_dx_5um_uptake,5.0,,mean over all voxels,single center voxel nearest the origin,mean over unique voxels nearest the configured cell positions,voxel size=5 um,8.72,9.77883058726408,7.230911122058199,8.121506207605714
PhysiCell,PhysiCell_dx_5um_uptake,5.0,,mean over all voxels,single center voxel nearest the origin,mean over unique voxels nearest the configured cell positions,voxel size=5 um,8.73,9.778830155888638,7.230909497074443,8.121504680479697
PhysiCell,PhysiCell_dx_5um_uptake,5.0,,mean over all voxels,single center voxel nearest the origin,mean over unique voxels nearest the configured cell positions,voxel size=5 um,8.74,9.778829728809932,7.2309078882763895,8.121503168564674
PhysiCell,PhysiCell_dx_5um_uptake,5.0,,mean over all voxels,single center voxel nearest the origin,mean over unique voxels nearest the configured cell positions,voxel size=5 um,8.75,9.778829305985168,7.230906295502818,8.121501671709126
PhysiCell,PhysiCell_dx_5um_uptake,5.0,,mean over all voxels,single center voxel nearest the origin,mean over unique voxels nearest the configured cell positions,voxel size=5 um,8.76,9.778828887371967,7.230904718594116,8.121500189763054
PhysiCell,PhysiCell_dx_5um_uptake,5.0,,mean over all voxels,single center voxel nearest the origin,mean over unique voxels nearest the configured cell positions,voxel size=5 um,8.77,9.778828472928385,7.230903157392262,8.121498722577954
PhysiCell,PhysiCell_dx_5um_uptake,5.0,,mean over all voxels,single center voxel nearest the origin,mean over unique voxels nearest the configured cell positions,voxel size=5 um,8.78,9.77882806261289,7.230901611740809,8.1214972700068
PhysiCell,PhysiCell_dx_5um_uptake,5.0,,mean over all voxels,single center voxel nearest the origin,mean over unique voxels nearest the configured cell positions,voxel size=5 um,8.79,9.778827656384365,7.230900081484864,8.121495831904028
PhysiCell,PhysiCell_dx_5um_uptake,5.0,,mean over all voxels,single center voxel nearest the origin,mean over unique voxels nearest the configured cell positions,voxel size=5 um,8.8,9.778827254202097,7.230898566471083,8.121494408125525
PhysiCell,PhysiCell_dx_5um_uptake,5.0,,mean over all voxels,single center voxel nearest the origin,mean over unique voxels nearest the configured cell positions,voxel size=5 um,8.81,9.778826856025786,7.230897066547646,8.121492998528614
PhysiCell,PhysiCell_dx_5um_uptake,5.0,,mean over all voxels,single center voxel nearest the origin,mean over unique voxels nearest the configured cell positions,voxel size=5 um,8.82,9.77882646181553,7.230895581564242,8.121491602972041
PhysiCell,PhysiCell_dx_5um_uptake,5.0,,mean over all voxels,single center voxel nearest the origin,mean over unique voxels nearest the configured cell positions,voxel size=5 um,8.83,9.778826071531828,7.230894111372065,8.121490221315955
PhysiCell,PhysiCell_dx_5um_uptake,5.0,,mean over all voxels,single center voxel nearest the origin,mean over unique voxels nearest the configured cell positions,voxel size=5 um,8.84,9.778825685135558,7.230892655823784,8.121488853421901
PhysiCell,PhysiCell_dx_5um_uptake,5.0,,mean over all voxels,single center voxel nearest the origin,mean over unique voxels nearest the configured cell positions,voxel size=5 um,8.85,9.778825302588016,7.230891214773538,8.121487499152801
PhysiCell,PhysiCell_dx_5um_uptake,5.0,,mean over all voxels,single center voxel nearest the origin,mean over unique voxels nearest the configured cell positions,voxel size=5 um,8.86,9.778824923850856,7.23088978807692,8.121486158372946
PhysiCell,PhysiCell_dx_5um_uptake,5.0,,mean over all voxels,single center voxel nearest the origin,mean over unique voxels nearest the configured cell positions,voxel size=5 um,8.87,9.778824548886126,7.230888375590962,8.121484830947972
PhysiCell,PhysiCell_dx_5um_uptake,5.0,,mean over all voxels,single center voxel nearest the origin,mean over unique voxels nearest the configured cell positions,voxel size=5 um,8.88,9.778824177656249,7.230886977174116,8.12148351674486
PhysiCell,PhysiCell_dx_5um_uptake,5.0,,mean over all voxels,single center voxel nearest the origin,mean over unique voxels nearest the configured cell positions,voxel size=5 um,8.89,9.77882381012403,7.230885592686247,8.121482215631916
PhysiCell,PhysiCell_dx_5um_uptake,5.0,,mean over all voxels,single center voxel nearest the origin,mean over unique voxels nearest the configured cell positions,voxel size=5 um,8.9,9.77882344625263,7.230884221988616,8.121480927478748
PhysiCell,PhysiCell_dx_5um_uptake,5.0,,mean over all voxels,single center voxel nearest the origin,mean over unique voxels nearest the configured cell positions,voxel size=5 um,8.91,9.778823086005593,7.230882864943866,8.121479652156278
PhysiCell,PhysiCell_dx_5um_uptake,5.0,,mean over all voxels,single center voxel nearest the origin,mean over unique voxels nearest the configured cell positions,voxel size=5 um,8.92,9.77882272934681,7.230881521416004,8.1214783895367
PhysiCell,PhysiCell_dx_5um_uptake,5.0,,mean over all voxels,single center voxel nearest the origin,mean over unique voxels nearest the configured cell positions,voxel size=5 um,8.93,9.77882237624055,7.230880191270398,8.121477139493487
PhysiCell,PhysiCell_dx_5um_uptake,5.0,,mean over all voxels,single center voxel nearest the origin,mean over unique voxels nearest the configured cell positions,voxel size=5 um,8.94,9.77882202665142,7.230878874373751,8.121475901901375
PhysiCell,PhysiCell_dx_5um_uptake,5.0,,mean over all voxels,single center voxel nearest the origin,mean over unique voxels nearest the configured cell positions,voxel size=5 um,8.95,9.778821680544391,7.2308775705940995,8.121474676636343
PhysiCell,PhysiCell_dx_5um_uptake,5.0,,mean over all voxels,single center voxel nearest the origin,mean over unique voxels nearest the configured cell positions,voxel size=5 um,8.96,9.77882133788478,7.23087627980079,8.121473463575605
PhysiCell,PhysiCell_dx_5um_uptake,5.0,,mean over all voxels,single center voxel nearest the origin,mean over unique voxels nearest the configured cell positions,voxel size=5 um,8.97,9.778820998638242,7.230875001864473,8.121472262597603
PhysiCell,PhysiCell_dx_5um_uptake,5.0,,mean over all voxels,single center voxel nearest the origin,mean over unique voxels nearest the configured cell positions,voxel size=5 um,8.98,9.778820662770793,7.230873736657084,8.121471073581983
PhysiCell,PhysiCell_dx_5um_uptake,5.0,,mean over all voxels,single center voxel nearest the origin,mean over unique voxels nearest the configured cell positions,voxel size=5 um,8.99,9.778820330248763,7.230872484051833,8.121469896409598
PhysiCell,PhysiCell_dx_5um_uptake,5.0,,mean over all voxels,single center voxel nearest the origin,mean over unique voxels nearest the configured cell positions,voxel size=5 um,9.0,9.778820001038838,7.230871243923206,8.121468730962482
PhysiCell,PhysiCell_dx_5um_uptake,5.0,,mean over all voxels,single center voxel nearest the origin,mean over unique voxels nearest the configured cell positions,voxel size=5 um,9.01,9.778819675108025,7.230870016146923,8.121467577123841
PhysiCell,PhysiCell_dx_5um_uptake,5.0,,mean over all voxels,single center voxel nearest the origin,mean over unique voxels nearest the configured cell positions,voxel size=5 um,9.02,9.77881935242366,7.230868800599947,8.121466434778053
PhysiCell,PhysiCell_dx_5um_uptake,5.0,,mean over all voxels,single center voxel nearest the origin,mean over unique voxels nearest the configured cell positions,voxel size=5 um,9.03,9.778819032953411,7.230867597160471,8.121465303810641
PhysiCell,PhysiCell_dx_5um_uptake,5.0,,mean over all voxels,single center voxel nearest the origin,mean over unique voxels nearest the configured cell positions,voxel size=5 um,9.04,9.778818716665263,7.230866405707896,8.121464184108271
PhysiCell,PhysiCell_dx_5um_uptake,5.0,,mean over all voxels,single center voxel nearest the origin,mean over unique voxels nearest the configured cell positions,voxel size=5 um,9.05,9.778818403527517,7.230865226122826,8.121463075558738
PhysiCell,PhysiCell_dx_5um_uptake,5.0,,mean over all voxels,single center voxel nearest the origin,mean over unique voxels nearest the configured cell positions,voxel size=5 um,9.06,9.778818093508796,7.230864058287057,8.121461978050954
PhysiCell,PhysiCell_dx_5um_uptake,5.0,,mean over all voxels,single center voxel nearest the origin,mean over unique voxels nearest the configured cell positions,voxel size=5 um,9.07,9.778817786578031,7.230862902083558,8.121460891474937
PhysiCell,PhysiCell_dx_5um_uptake,5.0,,mean over all voxels,single center voxel nearest the origin,mean over unique voxels nearest the configured cell positions,voxel size=5 um,9.08,9.778817482704465,7.2308617573964655,8.1214598157218
PhysiCell,PhysiCell_dx_5um_uptake,5.0,,mean over all voxels,single center voxel nearest the origin,mean over unique voxels nearest the configured cell positions,voxel size=5 um,9.09,9.778817181857647,7.23086062411107,8.121458750683741
PhysiCell,PhysiCell_dx_5um_uptake,5.0,,mean over all voxels,single center voxel nearest the origin,mean over unique voxels nearest the configured cell positions,voxel size=5 um,9.1,9.778816884007433,7.230859502113805,8.121457696254033
PhysiCell,PhysiCell_dx_5um_uptake,5.0,,mean over all voxels,single center voxel nearest the origin,mean over unique voxels nearest the configured cell positions,voxel size=5 um,9.11,9.778816589123966,7.230858391292236,8.121456652327012
PhysiCell,PhysiCell_dx_5um_uptake,5.0,,mean over all voxels,single center voxel nearest the origin,mean over unique voxels nearest the configured cell positions,voxel size=5 um,9.12,9.778816297177706,7.230857291535044,8.121455618798066
PhysiCell,PhysiCell_dx_5um_uptake,5.0,,mean over all voxels,single center voxel nearest the origin,mean over unique voxels nearest the configured cell positions,voxel size=5 um,9.13,9.778816008139383,7.230856202732026,8.121454595563625
PhysiCell,PhysiCell_dx_5um_uptake,5.0,,mean over all voxels,single center voxel nearest the origin,mean over unique voxels nearest the configured cell positions,voxel size=5 um,9.14,9.778815721980045,7.230855124774068,8.12145358252115
PhysiCell,PhysiCell_dx_5um_uptake,5.0,,mean over all voxels,single center voxel nearest the origin,mean over unique voxels nearest the configured cell positions,voxel size=5 um,9.15,9.778815438671014,7.230854057553152,8.121452579569121
PhysiCell,PhysiCell_dx_5um_uptake,5.0,,mean over all voxels,single center voxel nearest the origin,mean over unique voxels nearest the configured cell positions,voxel size=5 um,9.16,9.778815158183896,7.2308530009623295,8.121451586607032
PhysiCell,PhysiCell_dx_5um_uptake,5.0,,mean over all voxels,single center voxel nearest the origin,mean over unique voxels nearest the configured cell positions,voxel size=5 um,9.17,9.778814880490582,7.230851954895719,8.121450603535383
PhysiCell,PhysiCell_dx_5um_uptake,5.0,,mean over all voxels,single center voxel nearest the origin,mean over unique voxels nearest the configured cell positions,voxel size=5 um,9.18,9.77881460556325,7.230850919248496,8.121449630255656
PhysiCell,PhysiCell_dx_5um_uptake,5.0,,mean over all voxels,single center voxel nearest the origin,mean over unique voxels nearest the configured cell positions,voxel size=5 um,9.19,9.77881433337434,7.230849893916875,8.121448666670318
PhysiCell,PhysiCell_dx_5um_uptake,5.0,,mean over all voxels,single center voxel nearest the origin,mean over unique voxels nearest the configured cell positions,voxel size=5 um,9.2,9.778814063896583,7.230848878798108,8.121447712682809
PhysiCell,PhysiCell_dx_5um_uptake,5.0,,mean over all voxels,single center voxel nearest the origin,mean over unique voxels nearest the configured cell positions,voxel size=5 um,9.21,9.778813797102975,7.230847873790471,8.121446768197531
PhysiCell,PhysiCell_dx_5um_uptake,5.0,,mean over all voxels,single center voxel nearest the origin,mean over unique voxels nearest the configured cell positions,voxel size=5 um,9.22,9.778813532966778,7.230846878793248,8.121445833119832
PhysiCell,PhysiCell_dx_5um_uptake,5.0,,mean over all voxels,single center voxel nearest the origin,mean over unique voxels nearest the configured cell positions,voxel size=5 um,9.23,9.778813271461521,7.230845893706735,8.121444907356015
PhysiCell,PhysiCell_dx_5um_uptake,5.0,,mean over all voxels,single center voxel nearest the origin,mean over unique voxels nearest the configured cell positions,voxel size=5 um,9.24,9.778813012561,7.230844918432211,8.1214439908133
PhysiCell,PhysiCell_dx_5um_uptake,5.0,,mean over all voxels,single center voxel nearest the origin,mean over unique voxels nearest the configured cell positions,voxel size=5 um,9.25,9.778812756239274,7.23084395287195,8.121443083399848
PhysiCell,PhysiCell_dx_5um_uptake,5.0,,mean over all voxels,single center voxel nearest the origin,mean over unique voxels nearest the configured cell positions,voxel size=5 um,9.26,9.77881250247065,7.230842996929188,8.121442185024724
PhysiCell,PhysiCell_dx_5um_uptake,5.0,,mean over all voxels,single center voxel nearest the origin,mean over unique voxels nearest the configured cell positions,voxel size=5 um,9.27,9.778812251229704,7.230842050508131,8.121441295597897
PhysiCell,PhysiCell_dx_5um_uptake,5.0,,mean over all voxels,single center voxel nearest the origin,mean over unique voxels nearest the configured cell positions,voxel size=5 um,9.28,9.778812002491252,7.230841113513936,8.121440415030243
PhysiCell,PhysiCell_dx_5um_uptake,5.0,,mean over all voxels,single center voxel nearest the origin,mean over unique voxels nearest the configured cell positions,voxel size=5 um,9.29,9.778811756230377,7.230840185852709,8.121439543233517
PhysiCell,PhysiCell_dx_5um_uptake,5.0,,mean over all voxels,single center voxel nearest the origin,mean over unique voxels nearest the configured cell positions,voxel size=5 um,9.3,9.77881151242239,7.230839267431488,8.12143868012036
PhysiCell,PhysiCell_dx_5um_uptake,5.0,,mean over all voxels,single center voxel nearest the origin,mean over unique voxels nearest the configured cell positions,voxel size=5 um,9.31,9.778811271042867,7.230838358158237,8.121437825604271
PhysiCell,PhysiCell_dx_5um_uptake,5.0,,mean over all voxels,single center voxel nearest the origin,mean over unique voxels nearest the configured cell positions,voxel size=5 um,9.32,9.77881103206762,7.2308374579418375,8.121436979599629
PhysiCell,PhysiCell_dx_5um_uptake,5.0,,mean over all voxels,single center voxel nearest the origin,mean over unique voxels nearest the configured cell positions,voxel size=5 um,9.33,9.778810795472694,7.230836566692079,8.121436142021645
PhysiCell,PhysiCell_dx_5um_uptake,5.0,,mean over all voxels,single center voxel nearest the origin,mean over unique voxels nearest the configured cell positions,voxel size=5 um,9.34,9.778810561234387,7.23083568431965,8.121435312786394
PhysiCell,PhysiCell_dx_5um_uptake,5.0,,mean over all voxels,single center voxel nearest the origin,mean over unique voxels nearest the configured cell positions,voxel size=5 um,9.35,9.778810329329223,7.230834810736126,8.121434491810774
PhysiCell,PhysiCell_dx_5um_uptake,5.0,,mean over all voxels,single center voxel nearest the origin,mean over unique voxels nearest the configured cell positions,voxel size=5 um,9.36,9.77881009973396,7.230833945853964,8.121433679012512
PhysiCell,PhysiCell_dx_5um_uptake,5.0,,mean over all voxels,single center voxel nearest the origin,mean over unique voxels nearest the configured cell positions,voxel size=5 um,9.37,9.77880987242559,7.230833089586495,8.12143287431016
PhysiCell,PhysiCell_dx_5um_uptake,5.0,,mean over all voxels,single center voxel nearest the origin,mean over unique voxels nearest the configured cell positions,voxel size=5 um,9.38,9.778809647381339,7.2308322418479145,8.121432077623078
PhysiCell,PhysiCell_dx_5um_uptake,5.0,,mean over all voxels,single center voxel nearest the origin,mean over unique voxels nearest the configured cell positions,voxel size=5 um,9.39,9.778809424578652,7.2308314025532665,8.121431288871431
PhysiCell,PhysiCell_dx_5um_uptake,5.0,,mean over all voxels,single center voxel nearest the origin,mean over unique voxels nearest the configured cell positions,voxel size=5 um,9.4,9.778809203995204,7.230830571618447,8.121430507976179
PhysiCell,PhysiCell_dx_5um_uptake,5.0,,mean over all voxels,single center voxel nearest the origin,mean over unique voxels nearest the configured cell positions,voxel size=5 um,9.41,9.778808985608885,7.230829748960186,8.121429734859062
PhysiCell,PhysiCell_dx_5um_uptake,5.0,,mean over all voxels,single center voxel nearest the origin,mean over unique voxels nearest the configured cell positions,voxel size=5 um,9.42,9.778808769397818,7.230828934496046,8.121428969442615
PhysiCell,PhysiCell_dx_5um_uptake,5.0,,mean over all voxels,single center voxel nearest the origin,mean over unique voxels nearest the configured cell positions,voxel size=5 um,9.43,9.778808555340328,7.230828128144409,8.121428211650123
PhysiCell,PhysiCell_dx_5um_uptake,5.0,,mean over all voxels,single center voxel nearest the origin,mean over unique voxels nearest the configured cell positions,voxel size=5 um,9.44,9.778808343414973,7.23082732982447,8.12142746140566
PhysiCell,PhysiCell_dx_5um_uptake,5.0,,mean over all voxels,single center voxel nearest the origin,mean over unique voxels nearest the configured cell positions,voxel size=5 um,9.45,9.778808133600506,7.230826539456229,8.121426718634032
PhysiCell,PhysiCell_dx_5um_uptake,5.0,,mean over all voxels,single center voxel nearest the origin,mean over unique voxels nearest the configured cell positions,voxel size=5 um,9.46,9.77880792587591,7.230825756960483,8.121425983260817
PhysiCell,PhysiCell_dx_5um_uptake,5.0,,mean over all voxels,single center voxel nearest the origin,mean over unique voxels nearest the configured cell positions,voxel size=5 um,9.47,9.778807720220366,7.230824982258818,8.121425255212317
PhysiCell,PhysiCell_dx_5um_uptake,5.0,,mean over all voxels,single center voxel nearest the origin,mean over unique voxels nearest the configured cell positions,voxel size=5 um,9.48,9.778807516613263,7.230824215273601,8.12142453441557
PhysiCell,PhysiCell_dx_5um_uptake,5.0,,mean over all voxels,single center voxel nearest the origin,mean over unique voxels nearest the configured cell positions,voxel size=5 um,9.49,9.778807315034197,7.23082345592797,8.121423820798352
PhysiCell,PhysiCell_dx_5um_uptake,5.0,,mean over all voxels,single center voxel nearest the origin,mean over unique voxels nearest the configured cell positions,voxel size=5 um,9.5,9.778807115462971,7.230822704145834,8.121423114289147
PhysiCell,PhysiCell_dx_5um_uptake,5.0,,mean over all voxels,single center voxel nearest the origin,mean over unique voxels nearest the configured cell positions,voxel size=5 um,9.51,9.778806917879585,7.230821959851855,8.121422414817156
PhysiCell,PhysiCell_dx_5um_uptake,5.0,,mean over all voxels,single center voxel nearest the origin,mean over unique voxels nearest the configured cell positions,voxel size=5 um,9.52,9.778806722264239,7.230821222971445,8.121421722312284
PhysiCell,PhysiCell_dx_5um_uptake,5.0,,mean over all voxels,single center voxel nearest the origin,mean over unique voxels nearest the configured cell positions,voxel size=5 um,9.53,9.778806528597327,7.230820493430762,8.121421036705138
PhysiCell,PhysiCell_dx_5um_uptake,5.0,,mean over all voxels,single center voxel nearest the origin,mean over unique voxels nearest the configured cell positions,voxel size=5 um,9.54,9.778806336859445,7.230819771156702,8.12142035792701
PhysiCell,PhysiCell_dx_5um_uptake,5.0,,mean over all voxels,single center voxel nearest the origin,mean over unique voxels nearest the configured cell positions,voxel size=5 um,9.55,9.778806147031379,7.2308190560768795,8.121419685909878
PhysiCell,PhysiCell_dx_5um_uptake,5.0,,mean over all voxels,single center voxel nearest the origin,mean over unique voxels nearest the configured cell positions,voxel size=5 um,9.56,9.778805959094104,7.2308183481196435,8.121419020586405
PhysiCell,PhysiCell_dx_5um_uptake,5.0,,mean over all voxels,single center voxel nearest the origin,mean over unique voxels nearest the configured cell positions,voxel size=5 um,9.57,9.778805773028784,7.230817647214042,8.121418361889912
PhysiCell,PhysiCell_dx_5um_uptake,5.0,,mean over all voxels,single center voxel nearest the origin,mean over unique voxels nearest the configured cell positions,voxel size=5 um,9.58,9.778805588816782,7.230816953289842,8.121417709754391
PhysiCell,PhysiCell_dx_5um_uptake,5.0,,mean over all voxels,single center voxel nearest the origin,mean over unique voxels nearest the configured cell positions,voxel size=5 um,9.59,9.778805406439632,7.2308162662775,8.121417064114498
PhysiCell,PhysiCell_dx_5um_uptake,5.0,,mean over all voxels,single center voxel nearest the origin,mean over unique voxels nearest the configured cell positions,voxel size=5 um,9.6,9.778805225879058,7.230815586108175,8.121416424905526
PhysiCell,PhysiCell_dx_5um_uptake,5.0,,mean over all voxels,single center voxel nearest the origin,mean over unique voxels nearest the configured cell positions,voxel size=5 um,9.61,9.778805047116968,7.230814912713705,8.121415792063424
PhysiCell,PhysiCell_dx_5um_uptake,5.0,,mean over all voxels,single center voxel nearest the origin,mean over unique voxels nearest the configured cell positions,voxel size=5 um,9.62,9.778804870135447,7.230814246026608,8.12141516552477
PhysiCell,PhysiCell_dx_5um_uptake,5.0,,mean over all voxels,single center voxel nearest the origin,mean over unique voxels nearest the configured cell positions,voxel size=5 um,9.63,9.778804694916758,7.230813585980076,8.121414545226783
PhysiCell,PhysiCell_dx_5um_uptake,5.0,,mean over all voxels,single center voxel nearest the origin,mean over unique voxels nearest the configured cell positions,voxel size=5 um,9.64,9.778804521443341,7.230812932507969,8.121413931107298
PhysiCell,PhysiCell_dx_5um_uptake,5.0,,mean over all voxels,single center voxel nearest the origin,mean over unique voxels nearest the configured cell positions,voxel size=5 um,9.65,9.77880434969782,7.230812285544795,8.121413323104779
PhysiCell,PhysiCell_dx_5um_uptake,5.0,,mean over all voxels,single center voxel nearest the origin,mean over unique voxels nearest the configured cell positions,voxel size=5 um,9.66,9.778804179662973,7.230811645025725,8.121412721158295
PhysiCell,PhysiCell_dx_5um_uptake,5.0,,mean over all voxels,single center voxel nearest the origin,mean over unique voxels nearest the configured cell positions,voxel size=5 um,9.67,9.778804011321773,7.2308110108865735,8.121412125207524
PhysiCell,PhysiCell_dx_5um_uptake,5.0,,mean over all voxels,single center voxel nearest the origin,mean over unique voxels nearest the configured cell positions,voxel size=5 um,9.68,9.77880384465734,7.230810383063792,8.121411535192747
PhysiCell,PhysiCell_dx_5um_uptake,5.0,,mean over all voxels,single center voxel nearest the origin,mean over unique voxels nearest the configured cell positions,voxel size=5 um,9.69,9.778803679652977,7.230809761494464,8.121410951054836
PhysiCell,PhysiCell_dx_5um_uptake,5.0,,mean over all voxels,single center voxel nearest the origin,mean over unique voxels nearest the configured cell positions,voxel size=5 um,9.7,9.77880351629215,7.230809146116306,8.121410372735257
PhysiCell,PhysiCell_dx_5um_uptake,5.0,,mean over all voxels,single center voxel nearest the origin,mean over unique voxels nearest the configured cell positions,voxel size=5 um,9.71,9.778803354558486,7.230808536867649,8.121409800176055
PhysiCell,PhysiCell_dx_5um_uptake,5.0,,mean over all voxels,single center voxel nearest the origin,mean over unique voxels nearest the configured cell positions,voxel size=5 um,9.72,9.778803194435778,7.230807933687437,8.121409233319854
PhysiCell,PhysiCell_dx_5um_uptake,5.0,,mean over all voxels,single center voxel nearest the origin,mean over unique voxels nearest the configured cell positions,voxel size=5 um,9.73,9.77880303590798,7.23080733651523,8.12140867210985
PhysiCell,PhysiCell_dx_5um_uptake,5.0,,mean over all voxels,single center voxel nearest the origin,mean over unique voxels nearest the configured cell positions,voxel size=5 um,9.74,9.778802878959207,7.230806745291179,8.121408116489798
PhysiCell,PhysiCell_dx_5um_uptake,5.0,,mean over all voxels,single center voxel nearest the origin,mean over unique voxels nearest the configured cell positions,voxel size=5 um,9.75,9.778802723573726,7.2308061599560425,8.121407566404027
PhysiCell,PhysiCell_dx_5um_uptake,5.0,,mean over all voxels,single center voxel nearest the origin,mean over unique voxels nearest the configured cell positions,voxel size=5 um,9.76,9.778802569735975,7.230805580451161,8.12140702179741
PhysiCell,PhysiCell_dx_5um_uptake,5.0,,mean over all voxels,single center voxel nearest the origin,mean over unique voxels nearest the configured cell positions,voxel size=5 um,9.77,9.77880241743053,7.230805006718465,8.12140648261537
PhysiCell,PhysiCell_dx_5um_uptake,5.0,,mean over all voxels,single center voxel nearest the origin,mean over unique voxels nearest the configured cell positions,voxel size=5 um,9.78,9.778802266642131,7.230804438700457,8.121405948803874
PhysiCell,PhysiCell_dx_5um_uptake,5.0,,mean over all voxels,single center voxel nearest the origin,mean over unique voxels nearest the configured cell positions,voxel size=5 um,9.79,9.778802117355669,7.230803876340218,8.121405420309436
PhysiCell,PhysiCell_dx_5um_uptake,5.0,,mean over all voxels,single center voxel nearest the origin,mean over unique voxels nearest the configured cell positions,voxel size=5 um,9.8,9.778801969556183,7.230803319581392,8.121404897079085
PhysiCell,PhysiCell_dx_5um_uptake,5.0,,mean over all voxels,single center voxel nearest the origin,mean over unique voxels nearest the configured cell positions,voxel size=5 um,9.81,9.778801823228857,7.230802768368185,8.121404379060394
PhysiCell,PhysiCell_dx_5um_uptake,5.0,,mean over all voxels,single center voxel nearest the origin,mean over unique voxels nearest the configured cell positions,voxel size=5 um,9.82,9.778801678359036,7.230802222645361,8.121403866201454
PhysiCell,PhysiCell_dx_5um_uptake,5.0,,mean over all voxels,single center voxel nearest the origin,mean over unique voxels nearest the configured cell positions,voxel size=5 um,9.83,9.778801534932196,7.230801682358235,8.121403358450863
PhysiCell,PhysiCell_dx_5um_uptake,5.0,,mean over all voxels,single center voxel nearest the origin,mean over unique voxels nearest the configured cell positions,voxel size=5 um,9.84,9.778801392933971,7.23080114745266,8.121402855757749
PhysiCell,PhysiCell_dx_5um_uptake,5.0,,mean over all voxels,single center voxel nearest the origin,mean over unique voxels nearest the configured cell positions,voxel size=5 um,9.85,9.77880125235012,7.2308006178750395,8.121402358071732
PhysiCell,PhysiCell_dx_5um_uptake,5.0,,mean over all voxels,single center voxel nearest the origin,mean over unique voxels nearest the configured cell positions,voxel size=5 um,9.86,9.778801113166562,7.230800093572298,8.121401865342936
PhysiCell,PhysiCell_dx_5um_uptake,5.0,,mean over all voxels,single center voxel nearest the origin,mean over unique voxels nearest the configured cell positions,voxel size=5 um,9.87,9.778800975369352,7.230799574491895,8.121401377521986
PhysiCell,PhysiCell_dx_5um_uptake,5.0,,mean over all voxels,single center voxel nearest the origin,mean over unique voxels nearest the configured cell positions,voxel size=5 um,9.88,9.778800838944678,7.230799060581817,8.121400894559999
PhysiCell,PhysiCell_dx_5um_uptake,5.0,,mean over all voxels,single center voxel nearest the origin,mean over unique voxels nearest the configured cell positions,voxel size=5 um,9.89,9.778800703878868,7.2307985517905635,8.121400416408576
PhysiCell,PhysiCell_dx_5um_uptake,5.0,,mean over all voxels,single center voxel nearest the origin,mean over unique voxels nearest the configured cell positions,voxel size=5 um,9.9,9.778800570158387,7.230798048067148,8.121399943019805
PhysiCell,PhysiCell_dx_5um_uptake,5.0,,mean over all voxels,single center voxel nearest the origin,mean over unique voxels nearest the configured cell positions,voxel size=5 um,9.91,9.778800437769833,7.230797549361091,8.121399474346239
PhysiCell,PhysiCell_dx_5um_uptake,5.0,,mean over all voxels,single center voxel nearest the origin,mean over unique voxels nearest the configured cell positions,voxel size=5 um,9.92,9.778800306699946,7.230797055622415,8.12139901034092
PhysiCell,PhysiCell_dx_5um_uptake,5.0,,mean over all voxels,single center voxel nearest the origin,mean over unique voxels nearest the configured cell positions,voxel size=5 um,9.93,9.778800176935585,7.230796566801647,8.121398550957345
PhysiCell,PhysiCell_dx_5um_uptake,5.0,,mean over all voxels,single center voxel nearest the origin,mean over unique voxels nearest the configured cell positions,voxel size=5 um,9.94,9.77880004846375,7.2307960828498,8.121398096149482
PhysiCell,PhysiCell_dx_5um_uptake,5.0,,mean over all voxels,single center voxel nearest the origin,mean over unique voxels nearest the configured cell positions,voxel size=5 um,9.95,9.778799921271565,7.230795603718377,8.121397645871754
PhysiCell,PhysiCell_dx_5um_uptake,5.0,,mean over all voxels,single center voxel nearest the origin,mean over unique voxels nearest the configured cell positions,voxel size=5 um,9.96,9.778799795346286,7.230795129359364,8.121397200079034
PhysiCell,PhysiCell_dx_5um_uptake,5.0,,mean over all voxels,single center voxel nearest the origin,mean over unique voxels nearest the configured cell positions,voxel size=5 um,9.97,9.778799670675287,7.230794659725225,8.121396758726656
PhysiCell,PhysiCell_dx_5um_uptake,5.0,,mean over all voxels,single center voxel nearest the origin,mean over unique voxels nearest the configured cell positions,voxel size=5 um,9.98,9.778799547246086,7.230794194768898,8.121396321770385
PhysiCell,PhysiCell_dx_5um_uptake,5.0,,mean over all voxels,single center voxel nearest the origin,mean over unique voxels nearest the configured cell positions,voxel size=5 um,9.99,9.778799425046305,7.23079373444379,8.12139588916644
PhysiCell,PhysiCell_dx_5um_uptake,5.0,,mean over all voxels,single center voxel nearest the origin,mean over unique voxels nearest the configured cell positions,voxel size=5 um,10.0,9.778799304063698,7.23079327870377,8.121395460871463
