0: 2529,4087,312,4411,1889,4107
2: 1708,493,1772,1027,988,2752
3: 6046,3931,1092,3071,7683,2128
4: 1483,2877,6183,1033,1973,7919,3076
5: 1183,2799,279,1090,2786,5831
6: 10322,5848,5789,5787,10497,3273,3080
7: 4084,4442,6167,4185,2417,5703
8: 1931,391,1019,512,550,1914
9: 4096,2851,615,809,1850,159
10: 2856,1494,631,556,2900,1532
11: 4236,5661,1514,2458,308,4374
12: 171,1634,2739,3058,1573,1825
13: 990,571,3088,889,4055,7600
14: 12282,7027,12228,6637,12272,8678
15: 1386,1565,1495,2758,1885,577
16: 330,252,1859,678,581,1255
17: 4444,10238,1239,1105,6068,1023
18: 1226,2790,2817,237,4390,1034
19: 1861,343,1894,299,1875,1862
20: 2066,5346,3100,3557,5366,4477
21: 1338,2972,2946,575,2992,2923
22: 6177,5772,2794,4252,4329,2248
23: 356,1629,1824,1344,3048,704
24: 7689,619,1272,1315,4454,4213
25: 5220,8074,8092,10013,7807,5311
26: 4110,10446,833,8024,2847,2121
27: 163,531,1075,1116,1141,441
28: 7783,10494,10186,6953,3825,10182
29: 4342,492,986,295,256,635
30: 1800,4081,1795,4409,5860,2118
31: 952,1049,4350,2899,1135,1920
32: 5226,1974,3662,2490,8084,3352
33: 7689,362,1150,2922,893,6105
34: 1900,268,554,497,551,1876
35: 1739,1396,666,1429,2995,1476
36: 9848,3983,4834,9959,7986,9815
37: 580,658,482,667,335,149
38: 12215,6232,10528,7397,10627,11357
39: 870,1293,610,891,1165,433
40: 496,1620,1498,682,1355,1167
41: 1869,1817,1821,1925,10031,443
42: 8282,9558,4502,8435,9560,7257
43: 8819,8268,11655,7427,10531,8249
44: 3028,4202,1181,3043,2756,936
45: 5255,9733,7518,5391,10155,9817
46: 4134,4448,884,2183,4258,1590
47: 1191,1341,8016,7768,2441,3770
48: 1460,1194,1742,909,470,2883
49: 3112,4234,5711,7756,5699,3189
50: 645,2914,4156,4149,1390,3001
51: 4559,12303,5677,5472,1658,10133
52: 2940,1617,958,737,2016,2916
53: 8251,6272,10514,6723,10034,9183
54: 2528,2939,1814,2726,1784,1903
55: 359,1911,680,796,488,750
56: 1022,1708,215,752,1499,819,988
57: 1399,770,1712,4129,2495,1274
58: 843,1924,1860,61,1929,1741
59: 501,4194,1853,3029,6170,1886
60: 2396,4524,3127,8097,3881,7522
61: 1881,1740,1929,498,1860,58
62: 2197,213,1805,5767,1227,5823
63: 10062,6282,8977,4872,10259,4923
64: 1836,961,2834,490,657,1018
65: 4227,129,296,6153,2801,1086
66: 358,1020,604,580,791,541
67: 3035,10433,1119,2730,134,1061
68: 1880,557,1910,302,1932,1893
69: 2892,195,3049,2290,5744,731
70: 920,320,916,1246,1270,1168
71: 600,805,12248,630,408,1526,4331
72: 1935,1012,4424,765,671,1865
73: 1525,8193,1251,1628,1425,380
74: 9847,5025,10386,3283,6640,8118
75: 4026,3496,2241,6163,817,384
76: 6721,4992,12289,7794,7533,1031
77: 5799,833,2847,4408,2868,831
78: 4366,2867,1091,7594,6094,837
79: 526,959,2898,300,1458,2981
80: 3637,7575,8161,2450,5951,5664
81: 89,1276,232,117,2949,797
82: 4456,2773,1663,4142,1192,5824
83: 3367,1013,2002,3333,3184,3772
84: 2046,1136,8205,560,2842,1214
85: 736,1318,327,1754,760,1294
86: 2482,3433,3187,4144,9881,10500
87: 659,2750,6191,4188,1694,7967
88: 1266,7980,7964,2505,4823,10323
89: 2949,1400,81,1277,797,1516
90: 1314,803,1415,2920,816,1903
91: 2081,2929,1487,395,1275,788
92: 10542,9303,10945
93: 3806,3615,3792,2675,5763,6178
94: 2989,912,1531,1075,390,1329,793
95: 1583,943,1484,915,1002,250
96: 2825,2861,2810,2961,1806,2908
97: 11575,6409,12144,10543,10573,8266
98: 189,6144,1858,938,2834,490
99: 7029,3198,3122,5259,5878,4443
100: 1882,1896,512,397,1902,1884
101: 1349,568,388,5868,2927,1603
102: 6121,8096,9921,8397,6309,4792
103: 5900,2712,4117,850,367,1437
104: 1838,2240,3043,1287,1358,1181
105: 358,1020,1021,1936,955,427
106: 2277,1376,3858,6096,8163,12407
107: 4270,1890,785,948,1917,1887
108: 1212,1054,775,4118,437,5881
109: 1004,1842,181,699,4081,2818
110: 1259,418,716,2733,3031,1100
111: 864,692,1536,978,2935,1640
112: 1673,2926,2303,4324,5732,4274
113: 5288,3681,4289,1957,3543,6134
114: 611,1830,726,1689,4260,3048
115: 2368,1395,2676,4346,4343,2119
116: 7710,8223,2750,1694,1302,3050
117: 1276,232,1398,81,1577,2903
118: 1222,2122,5835,1755,4339,4385
119: 720,2216,1134,2787,993,1732
120: 6158,5702,2553,2426,2338,1788
121: 9396,6432,7041,8281,10668,8901,9445
122: 2731,452,2983,453,1417,999
123: 2456,2562,3905,2843,1421,1743
124: 3243,2845,5775,2646,2979,459
125: 2978,1664,2864,369,1383,4265
126: 8461,8532,4527,12194,9676,6838,9987
127: 823,1765,1705,2820,184
128: 1872,241,1884,376,1832,1867
129: 65,6153,2801,445,1037,2986
130: 2928,5753,2775,5803,1175,1443
131: 140,1900,554,2841,4428,1921
132: 1352,234,1055,375,1453,1071
133: 10377,5283,7284,8289,6544,7891
134: 2730,1061,795,532,6132,67
135: 535,251,601,2734,2934,1843
136: 10130,5872,3968,3175,10203,7595
137: 579,289,2824,4132,2901,1325
138: 403,543,1583,609,637,1891
139: 2955,2939,2726,1468,4079,1026
140: 131,1900,1919,2841,1526,4331
141: 4180,507,1411,4229,2611,4286
142: 3948,1472,1130,2163,8059,9895
143: 2826,798,764,1290,4365,4354
144: 563,648,1551,316,4114,4155
145: 690,1821,1478,721,320,2369
146: 3565,8142,6099,7602,8131,4014
147: 758,4121,845,1714,1204,1464
148: 2083,11226,10556,11964,9628,7358
149: 1907,335,3012,37,580,791
150: 500,752,1052,522,1847,566
151: 2203,4259,3249,5774,7913,10001
152: 3057,12248,278,630,937,655
153: 2937,595,1506,2944,1727,1342
154: 2833,2937,595,2789,1245,597
155: 1791,1919,408,1526,1259,1513
156: 604,647,542,2782,937,248
157: 610,336,1678,1608,1516,1343
158: 766,1520,5727,4306,1372,2185
159: 1834,1850,9,615,6108,439
160: 617,524,6147,1055,1453,1561
161: 10171,3019,620,1527,1789,4166
162: 2744,1529,387,3060,1596,1330
163: 1868,1531,1075,27,1879,1630,441
164: 1534,1357,2980,12332,1089,1321
165: 1285,339,2510,6080,3453,3454
166: 1638,4303,2195,4243,5986,7613
167: 9920,8051,3829,5995,2048,5657,5791
168: 3863,2336,5948,3261,5426,8219
169: 6059,5953,6047,1550,3263,5909
170: 414,427,1901,961,657,1021
171: 1152,2739,12,670,1825,1897
172: 4422,4184,5907,5896,1563,2209
173: 9724,4964,8307,8892,7285,5446
174: 4231,9978,8155,1972,1473,2137
175: 3058,1488,1573,5710,2879,2741
176: 819,962,2785,988,684,2752
177: 4150,686,6053,2911,3051,4462
178: 437,1558,5881,247,1796,2888
179: 1542,8102,2896,1582,6227
180: 7596,5777,3274,12518,4616,1547,2224
181: 501,109,4194,2738,1004,1842
182: 1326,5720,2448,3007,1591,4272
183: 5985,3373,5990,12302,1987,5882
184: 1124,2820,2938,1765,127,440
185: 5221,3970,4472,2237,4023,5575
186: 2902,9912,4404,4244,1001,2852
187: 724,6018,5884,3465,1625,5864
188: 979,1815,1864,806,10511,586
189: 98,1858,938,7731,1380,319
190: 1928,721,992,4222,1240,443
191: 1933,355,877,1873,723,505
192: 2273,1166,2489,4027,4100,1626
193: 1892,1844,1862,664,1863,1851
194: 1040,771,1671,2945,1373,1640
195: 2892,69,731,4152,589,4171
196: 9907,1367,2497,6021,4351,8070
197: 10263,3424,9823,9807,12415,4486
198: 6022,2252,5919,824,6136,274
199: 1816,1844,7685,280,1851,727
200: 3404,4287,293,7691,564,1069
201: 1153,2303,4324,2543,4327,2951
202: 1734,468,2675,6164,4262,10472,4285
203: 1679,2780,6119,879,2941,6056
204: 3894,2276,2415,4277,4232,836
205: 1377,783,1444,4248,4140,1685,4124
206: 4414,951,267,8166,2987,1041
207: 7854,5535,3302,4639,5453,1700
208: 4645,12371,10212,8321,9673,6380
209: 1564,3068,2964,701,3025,800
210: 1838,2921,1059,2274,1358,4122
211: 954,774,3064,2994,804,1705
212: 4342,635,10038,1864,10511,1906
213: 4305,8169,62,1805,5767,2797
214: 10278,1452,2281,3306,5725,7647
215: 1022,56,887,819,829,363
216: 683,2766,5919,824,1182,1720
217: 7771,2417,2291,5703,3291,5714
218: 1726,432,336,830,1207,1277
219: 11409,10566,12242,10639,10738,8420
220: 2930,559,6159,7619,4147,3322
221: 1736,4295,1236,4464,4950,3621
222: 842,1248,1241,3024,1154,666
223: 2746,2754,593,984,1010,757
224: 10210,10199,10089,6392,4659,6867
225: 609,362,849,637,1150,2784
226: 4315,851,2894,2887,1521,2835
227: 1281,641,3681,4289,6143,3436
228: 4320,2477,8183,4296,4099,1755
229: 7936,5179,5276,10405,7876,9740
230: 1319,2573,5840,9779,2793,3062
231: 2580,2320,1338,2600,2972,6174
232: 117,81,797,1110,989,2903
233: 1819,1834,498,1856,1669,4431
234: 1352,132,1772,1071,1366,629
235: 1160,1642,1774,2807,2881,10465
236: 1773,2462,2617,2130,5779,2792
237: 18,2817,2917,3017,1034,1782
238: 291,596,2990,1828,4398,400,1938
239: 6003,4669,4898,3487,8133,3723,8094
240: 2329,1753,474,1985,2803,2962
241: 1872,511,460,128,1845,1832
242: 2000,5830,2603,2695,6158,1490
243: 7956,9765,8029,7272,3160,6703
244: 4092,10483,1771,5781,4353,2549
245: 643,2192,5805,957,6171,1423
246: 787,1840,313,1201,4172,1854
247: 1378,606,357,1558,178,1796
248: 937,344,541,655,156,604
249: 9809,3788,10420,7679,8036,10469
250: 1002,609,849,1871,1583,95
251: 535,135,1370,2934,2736,1657
252: 330,2933,16,1050,998,1255
253: 2779,2147,6056,4119,4438,6093
254: 2774,5753,1776,1015,5803,1641
255: 2432,4900,10174,12385,7692,2231,1407
256: 4342,29,970,986,6117,7697
257: 1655,972,513,3023,2357,727
258: 1199,4358,6148,5699,2009,3189
259: 3150,7592,5241,4744,3592,3509,7607
260: 3002,2814,2915,5808,1475,2815
261: 2529,2760,841,262,1039,4411
262: 2760,841,533,261,3049,8148
263: 536,1088,4435,1044,522,566
264: 1907,4446,532,3012,10455,1930
265: 5834,2370,4242,422,2926,4082,3209
266: 3676,3705,7703,6127,8202,3370
267: 2722,206,951,3015,2987,2997
268: 34,497,1876,1873,1894,299
269: 1833,1891,557,1910,2851,1813
270: 7514,719,7774,12308,7389,5532
271: 4372,6151,4413,1243,4112,7717
272: 375,1044,522,1071,1027,1052
273: 525,6263,10690,5292,6419,8355
274: 6136,4397,763,2252,198,7640
275: 894,1778,4091,6168,3879,447,2114
276: 1204,579,289,627,1087,570
277: 2358,1091,5804,4451,7594,8162
278: 152,345,630,2782,492,937
279: 2809,4455,2799,1096,5,5831
280: 1841,4141,1851,7685,1812,199
281: 976,1100,598,1250,1927,418
282: 2740,6206,1624,601,438,3036
283: 10580,10600,4708,11508,10694
284: 531,1329,1471,10311,811,8213
285: 1861,1849,1852,608,891,1165
286: 1114,3446,2178,853,2165,6057
287: 6427,10178,3991,2413,6296,4721
288: 5839,3397,10355,5924,2340,12492
289: 276,579,137,627,4132,2996
290: 2188,642,2147,1920,1104,3013
291: 596,238,1828,1128,6105,1242
292: 5018,2641,10491,4717,3728,5402
293: 3404,5645,3999,6154,200,7691
294: 1210,485,1146,2914,1661,4156,1206
295: 2782,492,29,986,550,647
296: 4227,65,5745,4459,4382,1086
297: 2010,4195,4169,3271,4167,4210
298: 1745,1300,4306,905,2942,2185
299: 19,1894,664,268,1876,1862
300: 4090,2848,1156,1458,79,2898
301: 1120,2725,1161,3025,800,1074
302: 68,1822,1932,680,1893,1927
303: 9947,6303,8506,6436,2251,8313
304: 10582,6441,11901,11061
305: 1175,2810,2775,2813,1051,1368
306: 8194,1762,7633,3325,2433,3355
307: 1757,1331,2982,1503,2419,866
308: 2458,2350,4219,4187,4236,11
309: 1190,2324,1650,10206,4294,6192
310: 2308,4274,1300,4324,2951,7718
311: 1196,2983,453,2761,1877,636
312: 4411,707,4426,1198,1889,10015,0
313: 246,4159,713,1201,4172,2768
314: 9517,8657,2348,9962,11933,9323
315: 3462,2262,6214,8059,12535,9895
316: 2356,1396,4114,4155,1476,144
317: 1823,8215,1380,319,2759,4172,1854
318: 1152,3011,960,670,1466,380
319: 317,1380,1854,189,1858,3069,1840
320: 70,916,2369,1270,1478,145
321: 4738,8449,6452,11541,10586,10763
322: 7923,4477,4607,5307,4692,5346
323: 2073,10152,5761,3778,3187,6211
324: 9049,10712,1584,11452,10587,11466
325: 9993,1297,4215,2488,6176,4325
326: 758,848,349,7650,1718,3051,6053
327: 1727,1318,85,760,595,1245
328: 8058,4625,3340,1998,3912,3620
329: 4627,3443,5871,2145,3170,7651
330: 1802,252,1801,1859,2933,16
331: 1429,4224,1302,1154,778,1257
332: 9842,10445,1334,3029,1264,1853
333: 1266,12463,4823,7836,4753,3447
334: 1487,1023,1105,2980,1089,1076
335: 149,795,3012,1939,37,482
336: 157,1608,1516,432,218,1277
337: 1835,1117,799,2753,3045,1847
338: 4439,2920,816,1026,6055,1283
339: 2028,165,2510,3453,6169,4153
340: 1825,869,1897,457,2749,660
341: 7217,9822,10426,4518,7942,10372
342: 954,1937,774,1050,1255,1298,1193
343: 1861,1857,19,1849,355,1894
344: 4418,248,3034,8208,541,655
345: 805,278,630,492,635,10038
346: 9712,9199,11478,8393,7504,6883,9318
347: 2081,1440,1320,1309,3020,1654
348: 540,845,2998,1261,2969,2968
349: 758,326,848,1317,7650,1718,4121
350: 7863,5910,7861,5934,7998,7959
351: 1238,2827,1292,2707,1424,2804
352: 1340,2578,866,4089,2849,2855
353: 1294,2978,871,1383,1336,1318
354: 4075,3872,6106,3636,2526,6200
355: 1933,343,1857,191,1894,1873
356: 1040,1629,23,2886,1824,2918
357: 1378,606,247,1347,881,1554
358: 105,1020,604,66,955,542
359: 1911,403,55,796,943,1484
360: 2531,3475,2298,2044,5707,6159
361: 1433,762,383,1355,1402,743
362: 7689,225,849,33,1272,1150
363: 488,1202,829,215,887,1911
364: 12306,8404,8267,12238,11161,10595
365: 6136,5227,6022,1365,3818,2502
366: 2975,903,2909,2961,2850,2906
367: 2104,1437,2542,5727,850,103
368: 12421,8407,11441,11018,8693,12482
369: 125,484,2864,4265,1648,6162
370: 3054,1827,4463,1883,1565,1818
371: 4150,1389,2907,3001,686,6029
372: 1726,5984,1399,926,1274,1207
373: 4752,3348,1171,10330,7916,4696
374: 931,1938,2665,780,4398,1549
375: 132,272,1453,1408,1044,1071
376: 1216,1832,739,945,128,1867
377: 6863,6616,10285,10029,9985,6487
378: 2985,3028,1601,1181,949,2240
379: 1723,3892,3315,2557,1962,4102
380: 1466,1425,1628,318,960,73
381: 962,1906,684,1922,7740,7697
382: 5748,2708,4145,4191,4301,3083
383: 1433,361,1816,1355,972,1498
384: 4356,817,4250,616,75,3496
385: 2643,5661,1514,2104,1437,565,5900
386: 409,2899,1135,1377,3018,783
387: 2744,4090,4401,1529,162,2848
388: 1349,101,1269,526,1449,1603
389: 2572,4385,834,2791,2718,5999
390: 912,94,1329,1471,477
391: 8,1931,647,955,542,550
392: 4449,545,7732,4204,2263,681
393: 4317,1984,1567,5752,4098,6174
394: 2353,968,2583,4349,5776,1946
395: 2929,91,1140,562,1445,788
396: 799,1332,1492,1002,619,1871
397: 1896,512,100,1916,6117,1914
398: 7569,5794,4629,5786,3505,3588
399: 911,2735,1811,593,1501,1848
400: 1414,8212,4400,596,238,4398
401: 11583,10602
402: 5467,4801,3395,12287,4939,10045
403: 138,359,543,1583,796,943
404: 5675,2040,2534,644,6103,6077
405: 444,614,971,2823,2787,1134
406: 2897,1460,2950,2855,7560
407: 6607,12487,8800,9661,10208,12560,11232
408: 600,71,1526,1259,2733,155
409: 386,2599,1135,1607,1657,3018
410: 1161,4362,1725,5739,1450,2745
411: 2995,659,2964,4155,4188,648
412: 6516,2602,4811,3148,3638,5857
413: 4059,3092,4959,1546,3541,5684
414: 170,933,1901,462,983,657
415: 7767,3743,2588,8111,3806,3792
416: 670,1466,869,1897,1874,1557
417: 2956,851,3016,1278,692,420
418: 110,1822,716,281,1100,1927
419: 2296,5694,2238,2084,3548,4133
420: 1570,1811,1536,417,1278,692
421: 2719,8160,4311,4436,1540,8171
422: 1153,265,4242,2926,4280,2303
423: 4281,4286,5728,4091,2513,5721
424: 5132,6904,12383,9285,10228,3730
425: 6528,4775,11285,6270,8288,10080
426: 5687,3988,3071,5976,7963,7601
427: 170,1901,667,105,1020,1021
428: 1083,3076,4109,2912,2877,2819
429: 1839,757,2765,1924,4212,3033
430: 1366,493,3040,3041,1912,878,1922
431: 10201,7371,12376,5242,9542,7252
432: 1726,436,218,1620,336,1608
433: 4113,1611,2757,1165,870,39
434: 1339,755,2992,2923,4103,1482
435: 1504,2630,1178,4367,3769,2070
436: 496,1726,5984,432,1620,4432
437: 5881,178,1622,1796,108,775
438: 601,2734,3032,6206,1624,282
439: 4157,4431,1721,780,6108,1834,159
440: 1765,184,2938,2976,1742,930
441: 629,1630,163,27,1116,1352
442: 1098,2131,614,1826,2637,4379
443: 721,4222,190,10031,41,1821
444: 405,2721,971,1134,1065,3008
445: 2970,9910,1037,129,2986,8066
446: 5772,1644,1749,8153,6130,465
447: 6168,3906,4177,8211,894,275
448: 6563,5365,3434,3574,9826,10224
449: 1244,1654,3022,2859,2645,1440
450: 935,8102,3006,6227,1210,1661
451: 5198,8132,10439,8139,6983,3520,3454
452: 2731,1633,122,1819,1417,839
453: 2983,311,122,2761,999,1672
454: 11840,11101,7239,10611,11367,10760
455: 6014,3531,6138,4562,3359,7634
456: 9851,5155,3469,12292,6927,9063
457: 3043,869,340,2756,1287,2749
458: 5683,2615,3593,5689,3942,2661
459: 1699,1238,124,2845,2804,2979
460: 241,876,1866,511,1845,1846
461: 8100,2314,3597,5933,2613,5895
462: 414,933,3027,983,3069,1840
463: 7654,3601,2667,4959,2604,3780
464: 5530,6558,7183,10173,6493,7162,10358
465: 2862,5849,6130,1521,446,1749
466: 7048,6584,6562,3563,6529,6758
467: 2436,1535,2743,2742,759,1725
468: 1734,202,3337,3615,2441,2675
469: 4370,4328,1591,927,906,2227
470: 1460,4143,1742,48,930
471: 1570,911,2754,722,3047,1799
472: 9455,10772,6984,11661,10885,6566
473: 3936,1108,5729,1045,3729,3439
474: 1753,240,1025,4335,1786,2803
475: 1627,2844,1533,2976,4143,930
476: 3905,2843,946,2135,2714,2884
477: 10501,1465,1925,912,390,1471
478: 1766,3631,5870,5989,7887,6072
479: 3361,2805,1474,2910,2046,2895,2878
480: 9271,10974,8462,7076,12059,9294
481: 1643,1759,10483,4114,730,2356
482: 37,658,3015,1829,335,1939
483: 1011,1909,1019,1898,1931,1936
484: 2864,369,1775,1648,4190,1428
485: 294,1661,4156,1206,964,1777
486: 4776,917,4871,3238,4688,5241
487: 3362,7675,2304,4641,5074,4873
488: 750,1202,1820,363,1911,55
489: 1139,1684,1432,2879,2528,803
490: 98,779,6144,1836,2834,64
491: 1022,583,887,1499,1484,915
492: 2782,29,295,635,345,278
493: 1366,3040,430,1772,2752,2
494: 5153,5344,7590,5049,8175,2064
495: 4222,10031,733,2776,10501,1764
496: 4166,436,1620,4432,40,682
497: 877,34,268,551,1873,996
498: 1881,61,1929,1856,233,1669
499: 7896,4851,3204,3571,1215,6814
500: 583,150,752,1499,1117,1847
501: 59,4194,1842,181,1420,1886
502: 2727,1666,3030,1006,2977,975
503: 1496,1761,5773,2317,2493,3645
504: 4238,1436,3047,1232,4216,2746
505: 1935,1801,1859,723,1933,191
506: 3562,6193,3630,2905,1803,1804
507: 1411,4229,4322,141,5666,2777
508: 2247,2005,2266,2575,7678,5723
509: 1809,5124,3338,5652,4898,8094
510: 4853,10167,3323,10204,7618,5754
511: 1872,1011,241,1866,460,1898
512: 100,397,1902,1019,8,1914
513: 3023,257,727,7685,2808,592
514: 2953,4227,5174,3061,4459,4079
515: 2891,1511,1356,4117,850,1279
516: 12361,5749,6207,1079,3669,3004,8032
517: 2986,8066,1025,2335,4358,4341,9924
518: 1244,10433,2987,1041,1024,1119,549
519: 9966,10478,6123,2058,4062,6126
520: 3030,5788,1800,4350,4437,1795
521: 1908,1841,7715,4141,2966,10280
522: 272,1044,263,150,1052,566
523: 1287,2749,810,802,1358,4122
524: 617,1116,160,1141,7719,1055
525: 4697,8283,8483,6263,273,10690
526: 959,1449,79,1269,2981,388
527: 2263,2780,681,8157,1062,5770
528: 4300,2679,4136,3882,5999,7619
529: 2078,5911,7870,8140,8137,5404
530: 2645,2866,826,1426,1635,3005
531: 284,1075,1329,27,8213,1141
532: 4446,264,134,795,3012,6132,10455
533: 1081,841,262,1035,3049,731
534: 652,2006,4405,2112,4394,2890
535: 973,2993,251,135,1370,2734
536: 8063,1416,1088,4447,4435,263
537: 1653,683,2766,1183,1090,2837
538: 1281,3436,2500,1947,3691,3523
539: 5181,5991,2233,5855,3695,1042
540: 348,2138,2998,2882,2968,4148
541: 791,248,344,3034,604,66
542: 358,156,604,647,955,391
543: 138,1932,403,796,1891,557
544: 4415,4604,3701,3660,2018,3429
545: 392,4204,6119,681,4438,2021
546: 6201,2651,4364,7557,12486,7620
547: 3444,3676,3944,4628,4813,4930
548: 2860,7954,6185,676,1680,1602
549: 3035,518,1244,1654,1119,1309
550: 986,295,1914,8,647,391
551: 1900,34,497,1791,1919,996
552: 4085,2036,4199,5901,4347,2769
553: 1880,4096,809,1888,1865,4403
554: 131,1900,34,1876,1904,1921
555: 4936,8120,8052,5342,8005,5113
556: 1127,2900,2957,2906,631,10
557: 269,1891,1910,68,1932,543
558: 3948,4282,2163,2723,3717,4043
559: 1132,2044,220,6159,4256,3322
560: 2842,1039,1136,2770,84,2760
561: 5118,6882,11139,6872,6639,8502
562: 1493,2908,1140,395,1445,903
563: 2668,1564,144,648,5792,1551
564: 2344,1069,6100,10226,200,7691
565: 5900,2244,2057,2568,385,5661,1437
566: 1835,1847,522,1088,263,150
567: 1152,2739,1212,734,3011,4406
568: 840,1349,101,4104,4410,5868
569: 4038,5513,9789,7903,7862,5597
570: 1087,1317,4121,1168,276,1204
571: 5136,3088,13,3733,6062,4055
572: 4017,2229,5562,663,4953,5022
573: 2235,3275,8127,1618,6034,6013
574: 4958,2309,3785,3251,5578,5632
575: 2946,1256,3643,21,1185,2923
576: 5143,5058,1169,8047,8104,1337
577: 1885,6144,938,4463,15,1565
578: 7453,4550,3753,10134,9984,6926
579: 276,1204,137,289,1464,2901
580: 37,667,1020,66,149,791
581: 678,1933,1899,1857,1859,16
582: 4307,1651,3052,2010,4182,2401
583: 491,500,1499,1117,1332,915
584: 4200,8206,4446,10455,1915,7715
585: 4270,1895,738,3041,1912,969
586: 600,805,10038,10511,1815,188
587: 4971,4759,9759,10125,7434,7889
588: 1512,11896,6631,4827,12451,9295
589: 1226,4152,4294,4116,2892,195
590: 1230,1148,2099,1878,2692,1096
591: 827,8208,655,3057,2841,4428
592: 4444,7685,2808,1812,6101,513
593: 911,399,2735,2754,223,984
594: 10245,3612,3865,10005,10225,6636
595: 153,2937,154,1245,1727,327
596: 291,238,1242,400,4400
597: 3010,1247,2789,154,1245,1336
598: 976,281,1717,765,671,1250
599: 1773,2889,4115,2462,2797,8169
600: 71,805,408,586,1815,2733
601: 135,2734,438,282,3036,1843
602: 11677,8522,12547,6643,7281,11877
603: 8041,5354,7759,3157,8049,7837
604: 358,156,66,542,248,541
605: 2497,3505,8070,9950,5879,5176
606: 357,247,1109,1796,1282,1347
607: 5764,4067,2399,4100,4201,4247
608: 762,1875,1402,1861,285,891
609: 250,225,849,637,138,1583
610: 870,1293,157,1678,1343,39
611: 114,1575,2731,1633,1830,726
612: 3790,8091,5620,3840,7888,7864
613: 2269,6125,2716,7718,2958,2942
614: 405,442,2131,971,2823,1826
615: 9,1833,2851,1831,6108,159
616: 4356,4250,384,6210,2816,2134
617: 1525,8193,524,6147,160,7719
618: 3285,8970,6652,12586,11017,8686,11015
619: 1871,1272,24,1315,1492,396
620: 161,10171,1321,1709,12332,1527
621: 5928,5858,3904,2196,6033,7558
622: 2150,1208,4160,2744,1330,730
623: 4657,7883,7935,5370,4673,7226
624: 1917,1869,1817,1887,3026,793
625: 2580,2857,2600,7625,1123,2812
626: 2795,2849,1644,8153,2855,7560
627: 276,289,1087,801,2996,2747
628: 4971,9759,5583,6677,8537,12460
629: 1366,878,1630,441,1352,234
630: 152,71,345,805,12248,278
631: 1494,2869,10,2850,556,2906
632: 2174,7666,2706,10183,3182
633: 1756,4419,4173,1104,3013,1163
634: 1113,10390,7698,6128,5460,3250
635: 4342,492,29,212,10038,345
636: 2599,1877,3018,2761,1530,311
637: 609,225,138,1891,1813,2784
638: 3964,3370,2172,5685,2376,3377
639: 2436,1731,2616,897,2178,1369
640: 2193,3401,6222,5888,3998,6208
641: 4254,227,6143,3436,1391,1752
642: 2779,2188,290,1685,2147,4131
643: 2192,2431,245,784,6171,3874
644: 6152,7668,6091,5675,404,6077
645: 2868,2914,50,4408,1390,2885
646: 2203,2199,4346,2020,3249,4343
647: 156,542,391,2782,295,550
648: 563,1564,144,411,2964,4155
649: 5743,3841,4636,1770,3367,2486
650: 7984,3352,3788,10420,10066,8021
651: 5254,2094,5273,8079,5129,3847,10428
652: 534,4405,4394,1267,2811,1913
653: 987,1060,1855,1063,777,1624
654: 5039,7437,12402,8061,10264,10233
655: 937,591,248,344,8208,152,3057
656: 3297,5708,8186,1462,6161,10165
657: 983,961,2834,64,414,170
658: 933,37,1901,482,1829,667
659: 2995,411,4224,2750,4188,87
660: 2741,2749,810,3058,1825,340
661: 3868,1085,5216,5819,5044,5634
662: 1792,4353,2607,9929,2714,2549
663: 8108,8110,4531,4953,572,2229
664: 1904,1863,1876,193,1862,299
665: 2767,1563,2209,4445,4199,5901
666: 35,1739,3024,1154,222,1429
667: 427,37,580,658,1901,1020
668: 1374,3003,2778,1696,1949,4389
669: 3748,2215,7708,7786,4133,10336,6149
670: 1466,1897,416,171,1152,318
671: 1888,976,765,598,1865,72
672: 2217,4193,3648,2464,8117,3368
673: 2894,1560,2915,2836,6203,2835
674: 8559,10695,6421,4798
675: 7314,5060,10516,12319,4033,6757
676: 1680,4266,5747,2860,7954,2871,548
677: 8207,5356,3513,7788,10370,8813
678: 1899,581,16,1298,825,1255
679: 4360,1051,1381,4101,4267,2829
680: 1932,55,796,750,1822,302
681: 392,545,527,2263,2780,6119
682: 1655,1498,3019,496,4166,40
683: 216,537,2766,2837,1503,1720
684: 1864,176,962,2785,1906,381
685: 905,2984,2958,1186,2318,2035
686: 4150,1389,371,177,4462,7686
687: 9006,6346,12356,10198,10367,5048
688: 4420,2721,1656,1054,4406,2948
689: 5352,2276,4112,4332,9796,3046
690: 145,739,1869,1821,3026,2369
691: 4279,4375,5824,1532,2828,4142
692: 111,3016,417,864,420,1536
693: 11772,10703,11913,10849,7111
694: 3803,7573,6031,1524,9974,4436
695: 1210,1146,831,2798,8102
696: 5077,6796,2293,6703,7091,7386
697: 5373,5673,5081,6202,2305,3856,9887
698: 1552,4447,4435,6084,1408,1561
699: 109,2934,1004,2736,3063,2818
700: 2442,4138,4327,4209,1153,4280
701: 2964,6191,4188,209,1537,800
702: 3869,2108,4047,3879,3084,2114
703: 2232,4071,8075,3277,3675,9981
704: 2751,1830,4248,23,1824,3048
705: 1768,1597,1577,1124,1078,2938
706: 8008,4532,6709,7616,5746,2148
707: 1905,312,2842,1039,4411,4426
708: 11323,10481,8578,7451,6336,10971
709: 9788,5491,3973,4948,2330,7879
710: 991,1401,2798,5799,1188,1542
711: 1643,1771,1330,3014,5844,1596
712: 2175,9955,1587,2196,8115,2351
713: 10015,4414,4159,313,1201,1198
714: 5407,7895,5102,9810,5559,4871,4744
715: 7653,1637,5838,5672,6223,3926
716: 750,110,418,1820,1822,3031
717: 2409,1947,1972,7604,1566,2012
718: 8215,7731,882,1072,2758,1885
719: 7514,10373,9101,270,7774,4670
720: 2393,2216,119,1134,2931,1065
721: 190,1240,443,1478,145,1821
722: 1570,471,1621,1799,2960,1278
723: 1717,765,877,191,505,1935
724: 3768,187,3284,6018,5992,3465
725: 4151,1793,1711,5967,5117,7943
726: 1689,4212,3033,114,611,1633
727: 972,513,257,7685,199,1816
728: 3561,4219,1954,4183,5800,9783
729: 2793,3062,1030,8157,7802,5836
730: 1643,481,1330,622,2356,4160
731: 195,69,3049,1081,533,4171
732: 1823,859,882,1660,1005,2763
733: 3000,495,2776,1639,1764,1652
734: 1634,567,2739,4105,4406,2948
735: 10127,5225,4561,2110,6048,3817
736: 1005,85,1754,1294,863,1660
737: 1617,52,2016,2763,859,1301
738: 1895,1916,585,1912,7740,970
739: 690,945,3026,1216,376,2369
740: 4415,3917,4604,1670,6049,5465
741: 7314,6801,10163,9398,7289,12319
742: 6729,7476,8593,9056,12232
743: 1293,1678,1167,361,1355,1402
744: 2988,1814,1784,1602,2729,1680
745: 9914,3608,8093,4528,6736,4850,10324
746: 5121,8054,3961,4772,5798,1948
747: 9999,9548,7349,6738,9663,8599
748: 4425,1653,2724,2386,4393,1695
749: 4113,1298,2757,1193,825,4412
750: 488,1820,1822,716,55,680
751: 5945,8234,6098,3965,10039,3248
752: 1708,150,56,500,1052,1499
753: 9854,9770,7766,7757,7990,12412,2394
754: 994,770,1712,2876,2991,2957
755: 4127,1339,1576,434,5972,4103
756: 4247,2410,1288,2439,4241,4137
757: 984,429,1010,2765,3033,223
758: 147,326,349,1718,4121,4127,1714
759: 2742,6170,467,781,1725,5739
760: 1727,1189,327,85,1754,3044
761: 3329,3610,4597,3556,5135,5730
762: 1433,608,361,1875,1892,1402
763: 5796,4397,2302,274,7640,1735
764: 3400,2345,2414,1290,4354,143
765: 723,1717,598,671,1935,72
766: 4279,1221,158,1520,4306,2068
767: 4383,4218,3982,3293,1797,1394
768: 4423,3990,1598,4230,7705,4249
769: 3996,6061,1032,10094,3305,6025
770: 994,1712,754,1399,57,1036
771: 194,1040,2886,2941,2945,1679
772: 3358,1252,5780,5867,5801,2124
773: 2432,6224,3077,4900,3481,5719
774: 954,342,3064,211,1193,2994
775: 1212,3011,108,960,437,1622
776: 8132,2460,4865,3520,3742,2437,3767
777: 3037,1063,6219,6206,1624,653
778: 6111,7710,2737,1257,331,1302
779: 6144,1836,490,4463,1883,876
780: 374,4157,1938,2665,439,1721
781: 2725,5739,1264,3029,6170,759
782: 2959,1398,1078,846,10054,2947
783: 386,1377,205,1877,3018,1444
784: 4206,6171,7924,2444,3874,643
785: 4270,107,1887,2989,1868,969
786: 4291,4283,2801,4341,4302,1086
787: 2722,246,951,1840,1201,3027
788: 1445,1357,2980,1487,395,91
789: 3194,4847,2364,5146,5676,3190
790: 2764,2896,1582,4379,3021,4391
791: 3034,541,580,66,1907,149
792: 6764,8621,10384,7526,10375,5149,12491
793: 624,1817,1887,2989,912,94
794: 1320,6068,1309,3035,2730,1239,4458
795: 335,134,1061,532,3012,1939
796: 1932,359,403,55,680,543
797: 1110,1516,1343,89,232,81
798: 2826,2895,143,5846,1290,1474
799: 1117,337,1332,3045,1492,396
800: 3025,1074,301,701,209,1537
801: 3054,1827,4330,2996,2747,627
802: 523,1139,810,1684,981,4122
803: 90,1314,1903,2528,489,1684
804: 2954,2820,1697,2994,211,1705
805: 600,71,345,12248,630,586,10038
806: 1864,2785,829,979,1202,188
807: 3406,2468,2074,3107,2461,1231
808: 1996,4266,4135,2943,3008,2871,4105
809: 9,553,4096,1850,873,4403
810: 2741,523,1139,2749,802,660
811: 8213,1308,10311,1109,1347,284
812: 8628,9283,9300,12378,4640,8574,7500,12582
813: 3243,1003,3059,4340,2845,4337
814: 9164,10678,6442,10744,10750,3553
815: 6085,5558,5880,5874,2481,4015
816: 90,4439,338,1415,2920,1387
817: 4356,384,1966,75,6163,3124
818: 1410,4093,2489,1724,2794,4252
819: 176,2785,988,829,56,215
820: 7696,7734,5337,2491,4680,2598
821: 6243,10270,6549,7011,10234,10051
822: 6945,9586,9679,9083,9140,6982
823: 1765,4238,1705,1436,1009,127
824: 216,6022,198,5919,1182,4368,2502
825: 749,1298,2757,678,1899,1852
826: 2645,2866,901,530,1440,3020
827: 591,8208,4461,4428,2966,10280
828: 2515,3852,5385,5171,7591,8164
829: 806,819,2785,215,1202,363
830: 2755,2971,1207,218,1400,1277
831: 2868,695,1146,2798,5799,833,77
832: 7911,5650,5065,7677,4832,6581
833: 5799,10446,77,26,2847,831
834: 1064,389,2791,4380,3882,5999
835: 9557,6797,8642,4044,5606,2271
836: 4277,7690,204,2415,12531,9745
837: 6109,6094,3479,4366,78,2123
838: 1616,5181,5456,2233,5568,4931
839: 1839,4212,1819,1669,452,1633
840: 568,4104,1155,6004,4410,4434
841: 2529,533,1073,262,1035,261
842: 1349,222,1269,1248,1241,4104
843: 58,2765,1924,3042,1923,1741
844: 7019,7950,7946,10304,4861,7866
845: 348,2969,1714,1464,2968,147
846: 2840,4455,2959,2875,782,2947
847: 5929,8078,5394,6804,8072,5429
848: 1270,1478,326,349,1317,7650,1240
849: 609,362,250,225,1871,1272
850: 515,4117,2542,1279,367,103
851: 4315,2956,226,2894,3016,417
852: 1530,973,1442,931,2761,1672
853: 2472,2547,1731,2178,286,6057
854: 1284,6181,4345,4373,6087,7670
855: 7591,2026,3555,8164,4146,3452
856: 3059,1097,1147,1014,1713,2882
857: 2071,6187,3482,2559,2506,6044
858: 4312,2674,4196,1743,4275,2570
859: 1823,1301,732,2759,737,2763
860: 7632,4240,6090,4314,4258,2003
861: 9130,9259,7475,8521,8656,9136
862: 4196,2541,2143,6039,6076,2655,3183
863: 1294,2978,1664,736,4164,1660
864: 111,3016,1560,692,3002,2935
865: 3433,5604,5920,6043,5761,1228
866: 352,2578,2419,4089,307,1331
867: 9842,987,1334,7967,1537,6191
868: 1502,2865,2907,6029,7656,2812
869: 1897,457,416,1874,340,2756
870: 610,1110,1343,39,1611,433
871: 353,2863,1383,1336,2963,3010
872: 1985,2456,2329,925,2674,2582
873: 1881,1856,1850,1926,4403,809
874: 2470,2682,2624,2587,4304,5731
875: 9717,2620,10026,8913,3807,9944
876: 1866,460,1883,1846,779,1836
877: 497,1873,996,723,1717,191
878: 1366,3041,1879,629,1630,430
879: 1375,2779,2941,4131,6056,203
880: 2767,3960,5696,2788,4326,1481
881: 964,934,1554,1777,1378,357
882: 1823,8215,732,718,1072,1005
883: 4726,8664,3844,6823,7157,10032
884: 4448,46,7704,4203,6090,4258
885: 4401,1529,2893,4125,1610,2881
886: 5618,9598,5490,9535,8667,12350
887: 1022,491,215,363,1911,1484
888: 4402,2862,6194,2603,5849,2836
889: 3207,4055,3794,10413,7600,13
890: 1263,2875,1310,2853,2809,2692
891: 1293,39,608,1402,285,1165
892: 12397,8932,12393,10235,2567
893: 6155,4453,4213,7689,33,2922
894: 275,4091,5721,447,8211,4228
895: 1415,1387,1702,2872,2893,1446
896: 3215,8198,4094,7566,3886,5925
897: 639,2616,1420,4409,5860,1369
898: 4171,1426,3017,1635,4152,2817
899: 2839,10222,8210,2387,2540,3067
900: 2700,5095,3603,5050,5512,3679
901: 1140,1197,2866,826,2929,3020
902: 2993,1549,1442,2734,3032,8212
903: 1445,366,2909,2961,2908,562
904: 4192,8055,1284,2715,2539,6181
905: 685,2958,2942,298,2035,2185
906: 1120,4362,4328,469,2227,3055
907: 2605,2830,6076,2771,1758,3758
908: 12421,11018,6322,8679,3195,11004,8883
909: 2897,5932,2967,1460,1194,48
910: 7904,3228,3761,7955,5653,3704
911: 1570,399,2754,1811,593,471
912: 94,390,477,1817,1925,793
913: 5221,2237,5550,10251,1710,3814
914: 5713,2557,1469,6102,2796,5797
915: 943,1484,95,583,491,1332,1002
916: 1216,320,70,1837,1246,2369
917: 4776,486,6368,5538,5654,3238
918: 6137,4373,4218,2625,2715,6181
919: 1197,2866,2917,1426,3017,2924
920: 70,1246,3038,1087,1168,2747
921: 2470,1750,2646,3243,4377,4340
922: 1262,2806,4399,2873,1111,4110
923: 6088,2321,6096,7663,3287,12407
924: 6209,2651,6167,4185,3252,3364
925: 6067,2030,2329,2474,872,2582
926: 1511,1356,1274,2755,1207,372
927: 2228,3007,1591,1142,4370,469
928: 6934,6946,7754,12488,3766,6851
929: 3713,10492,6184,2473,3734,3470
930: 4143,1742,470,440,475,2976
931: 374,2665,1672,1549,852,1442
932: 1759,5781,2037,2668,5784,1551
933: 414,3027,658,1901,462,1829
934: 881,1639,964,1764,1554,1465,12454
935: 3006,450,1661,1777,1378,1558
936: 2748,1874,2756,44,4202,1552
937: 248,655,156,2782,152,278
938: 98,189,1885,6144,577,7731
939: 5688,5323,5689,3942,3109,1568
940: 1808,1967,4407,5843,2704,2210
941: 4441,2796,4102,2677,2694,1794
942: 8134,12473,9930,1579,5342,4443
943: 359,403,1583,1484,95,915
944: 8692,10791,11463,6987,12061,11589
945: 1917,739,3026,376,948,1867
946: 1592,2843,476,2852,2952,2884
947: 5261,7373,6274,6863,6616,7811
948: 1882,1890,107,1867,1917,945
949: 1623,2240,1449,1603,2985,378
950: 6216,2753,3045,8221,4410,5868
951: 2722,4414,206,787,1201,267
952: 31,5788,4350,3063,1135,1607
953: 5318,2101,2689,8096,12329
954: 1937,342,774,3064,4216,211,1870
955: 358,105,1931,1936,542,391
956: 2891,1878,1356,2755,2971,2853
957: 4293,2192,6197,3400,245,5805
958: 2910,2940,1767,52,2916,3361
959: 526,1623,1059,1449,79,2898
960: 318,3011,775,1628,1622,380
961: 64,657,1909,1018,170,1021
962: 176,684,381,2752,3040,1922
963: 4464,4120,4950,2699,1286,1977
964: 881,1639,934,1777,485,1206
965: 2195,4069,4077,1367,6021,5986
966: 2395,4170,7727,4177,8211,3725
967: 2291,5714,4086,2854,1723,2423
968: 4066,2353,394,4307,1946,4251
969: 3041,1879,1868,4270,785,585
970: 6117,256,7697,1916,738,7740
971: 405,444,2131,614,2721,1656
972: 1655,1498,257,727,383,1816
973: 535,1530,2993,852,1370,1442
974: 12563,12354,9119,6973,9546,12320
975: 1435,6210,2816,502,2727,1006
976: 1888,1893,281,598,671,1927
977: 4675,8261,8709,8489,9360
978: 2728,1671,1536,1501,111,1640
979: 1815,1202,1820,3031,188,806
980: 2783,6160,2813,2774,5753,2775
981: 2274,802,1684,4122,1314,1702
982: 2175,4271,5962,3968,8199,9955
983: 1858,2834,657,3069,414,462
984: 757,1689,3033,2735,593,223
985: 4392,1038,1691,2065,2676,1961
986: 29,295,6117,550,256,1914
987: 1334,867,653,7967,1060,1855
988: 819,176,2752,1708,56,2
989: 1611,2919,1110,232,1698,2903
990: 5968,3088,4162,13,7627,7600
991: 5820,3021,1401,710,1542,2896
992: 1928,190,4462,1240,7650,3051
993: 2688,3823,3296,1732,2216,119
994: 770,2991,754,1527,1789,1036
995: 10436,3941,9861,7943,1711,5741
996: 877,497,551,1791,1717,1250,1513
997: 7135,8717,6891,11040,9245,10812
998: 1937,1923,1050,1741,252,2933
999: 1417,2665,1721,1672,122,453
1000: 4151,1793,2439,1983,4241,2243
1001: 1592,2803,2962,2852,186,9912
1002: 250,1871,1332,396,95,915
1003: 3059,1147,4340,813,2242,2821
1004: 109,2934,2738,181,1843,699
1005: 736,1072,1754,882,732,1660
1006: 1756,6188,2977,502,1435,975
1007: 7115,11924,10817,11562,5644,9570
1008: 1224,3591,2465,1994,3412,7658
1009: 823,1621,1765,4238,2883,1799
1010: 757,2765,3042,1232,2746,223
1011: 1909,1866,1018,511,1898,483
1012: 1802,1935,4424,1801,4130,72
1013: 2202,3367,2486,6193,83,3333
1014: 1713,2965,2998,1311,2882,856
1015: 254,1776,8032,1641,5705,5749
1016: 6593,8525,10820,11553,9657
1017: 4165,3408,4167,6112,1149,2246
1018: 1011,1909,1866,1836,961,64
1019: 1902,1898,483,512,8,1931
1020: 358,105,66,427,580,667
1021: 105,1936,961,1909,170,427
1022: 56,491,215,887,1499
1023: 1487,6068,1275,334,17,1105
1024: 518,1244,1041,4107,4087,2859
1025: 1753,517,8066,2335,4335,474
1026: 338,2920,139,2939,1468,1283
1027: 272,1772,1071,1708,2,1052
1028: 6218,2019,3663,10461,5811,5897
1029: 6230,1949,7733,2778,4254,2311
1030: 5770,2814,1475,8157,729,2793
1031: 76,6721,9821,12289,3173,5898
1032: 3996,3347,769,2034,10094,7609
1033: 1483,5776,6183,3052,1946,4
1034: 2800,2928,1782,18,237,4390
1035: 1081,3005,3022,841,533,1073
1036: 1789,5984,1399,4432,994,770
1037: 445,2970,1441,4070,129,6153
1038: 4393,985,1691,3693,1961,4395
1039: 560,2842,4411,707,2760,261
1040: 194,356,1629,771,1671,2886
1041: 518,2987,1024,4107,206,8166
1042: 5977,3695,5847,539,5855,3321
1043: 3358,5376,5638,8020,5780,7905
1044: 272,375,1408,522,4435,263
1045: 3252,3439,3750,1108,473,6201
1046: 3077,5940,3481,10258,6110,2055
1047: 2123,4283,4239,4302,3479,2446
1048: 5716,4235,3209,2831,4465,4082
1049: 31,4350,4437,1920,4173,3013
1050: 1937,342,998,1255,252
1051: 679,4101,1368,305,2829,2813
1052: 1708,150,752,272,522,1027
1053: 7900,12583,1393,10425,4387,9783
1054: 1212,4406,108,688,4420,4118
1055: 1352,132,1453,1116,524,160
1056: 3334,6038,3464,5726,2264,2437,3767
1057: 9741,9806,5066,2032,5012,7180
1058: 7850,3828,4268,10409,7610,2701
1059: 210,959,1838,1623,2921,2898
1060: 987,10445,1334,653,2740,1624
1061: 134,795,1939,10433,67,2997
1062: 2945,5770,4344,1679,527,2780
1063: 777,6219,3050,653,1855
1064: 834,4380,3882,4147,1405,2822
1065: 720,2943,1134,2931,3008,444
1066: 3721,6931,8448,6896,8750,11938,10762
1067: 5340,9876,8011,7931,10288,9805
1068: 2319,8172,7957,5345,7608,3820
1069: 564,2344,5759,5738,4287,200
1070: 9073,9159,10841,11689
1071: 132,234,272,375,1772,1027
1072: 1005,1754,2758,3044,882,718
1073: 2529,4087,3022,841,1035,2859
1074: 2725,800,301,1264,9842,1537
1075: 163,531,94,1531,1329,27
1076: 3023,8197,334,2808,1105,1089
1077: 6848,11102,11878,8963,3754,11348
1078: 1597,1577,705,1398,782,10054
1079: 9909,2701,12361,6207,516,4268
1080: 4223,5796,1178,2412,4367,4316
1081: 3005,533,1035,731,4171,1635
1082: 7924,1615,6129,5971,7621,2444
1083: 1115,4109,6185,2912,2112,428
1084: 2141,2307,3084,2114,1778,4381
1085: 661,4824,5366,5216,5044,3413
1086: 2801,786,4302,65,296,4382
1087: 570,1168,276,627,2747,920
1088: 8063,536,263,1835,4176,566
1089: 164,2980,334,1076,1321,8197
1090: 1183,2786,5,1653,537,2386
1091: 277,78,4451,7594,6094,2705
1092: 3,7683,2128,5757,6073,3898
1093: 2320,1763,4317,1586,2617
1094: 6240,9822,10378,4518,3457,3130
1095: 9721,5991,3174,2525,3695,7760
1096: 2809,279,2692,5831,1230,590
1097: 3059,1424,856,4337,2138,2882
1098: 442,2131,4420,1918,2764,4379
1099: 12411,6177,2795,2846,4396,4329
1100: 281,1250,1513,1259,110,418
1101: 4599,2045,7856,7953,5638,7905
1102: 6049,3440,6118,3429,4604,5278
1103: 6111,4454,2737,6155,4213,4434
1104: 4419,633,3013,4119,290,2147
1105: 4444,17,2808,1023,334,1076
1106: 9522,5379,9080,9337,8541,8775,6439
1107: 10007,5787,4623,10497,3526,6386
1108: 3936,2593,473,6146,3750,1045
1109: 606,1282,1347,811,1251,1308
1110: 870,797,1343,1611,989,232
1111: 1262,922,4110,2847,4408,2885
1112: 1136,3065,2770,1243,4108,1528,7561
1113: 7587,634,6128,3981,5387,3250
1114: 2189,2772,3446,286,1369,2178
1115: 1083,6185,2912,4405,2112,2166
1116: 524,1141,27,441,1352,1055
1117: 799,337,1332,1847,583,500
1118: 8389,12357,8970,9651,12586,8395,6406
1119: 3035,518,10433,2987,67,549
1120: 906,1161,3025,4362,301,4328
1121: 4072,5758,3039,3083,5750,5748
1122: 2174,6066,2706,3966,3304,3455
1123: 4088,7625,4359,2580,4098,625
1124: 2954,1768,2820,184,705,2938
1125: 10250,8185,4471,7652,10277,4521
1126: 5760,4330,2996,2944,4132,1342
1127: 556,2991,2957,2906,2975,1709
1128: 291,2784,3056,1828,6105,1150
1129: 2727,2552,1555,2772,2816,2134
1130: 1472,142,9895,5915,3241,3462,5845
1131: 6114,5715,2376,3377,3828,7780
1132: 2044,559,4004,4349,4256,6182
1133: 5679,2225,5862,6141,4065,8146,10487
1134: 720,119,1065,2787,405,444
1135: 409,2899,386,1607,31,952
1136: 2770,8205,84,4108,1112,560
1137: 7606,5137,5939,5320,2220,9960,7551
1138: 10458,3225,7525,4482,3798,10457
1139: 2741,489,810,802,1684,2879
1140: 1197,901,2929,395,1493,562
1141: 8213,1116,524,7719,531,27
1142: 2668,5784,4370,5792,2228,927
1143: 4466,5680,3830,4452,7814,5974
1144: 10875,10910,5396,11669,8800,9661
1145: 3838,2095,8204,6016,12428
1146: 2868,1210,695,294,831,2914
1147: 1003,3059,856,2242,2279,1713
1148: 1230,2411,2244,2712,2099,590
1149: 6224,5890,6112,4158,1017,2246
1150: 362,225,33,2784,1128,6105
1151: 7445,1254,6807,4605,10341,3390
1152: 171,567,2739,318,3011,670
1153: 201,422,4280,2303,4327,700
1154: 666,222,1241,1257,331,1429
1155: 840,4410,1315,8221,4454,4434
1156: 300,4090,2872,1446,2921,2898
1157: 9848,3116,4493,4499,3918,5497
1158: 5695,3537,4037,3121,2259,2481
1159: 10432,8012,2385,3494,4709,7965
1160: 235,1642,6055,4125,4439,2881
1161: 1120,2725,4362,410,301,5739
1162: 4508,8421,10739,11353,6768,2265,8831
1163: 1756,4417,4419,6188,633,4299
1164: 5902,5185,7579,10463,2255
1165: 2757,433,285,1852,39,891
1166: 2273,2126,192,4027,5769,4333
1167: 1678,1608,743,1355,1620,40
1168: 1270,1087,570,1317,920,70
1169: 4514,10454,576,5058,8047,4962
1170: 5612,8907,7003,1363,10172,7146,12327
1171: 4752,8013,373,4783,4696,8052
1172: 3790,2287,4053,7888,4548,10399
1173: 3425,6549,10051,10252,1371,6377
1174: 2407,2292,4037,4205,3207,3649
1175: 305,2810,1443,1806,130,2775
1176: 2170,4531,1964,5156,5051,8108
1177: 6097,6156,2576,4449,7732,4207
1178: 1080,4367,435,3769,4316,2574
1179: 8088,5139,8037,3737,3784,8082
1180: 5978,6051,7815,3531,3407,2720
1181: 44,3028,378,3043,104,2240
1182: 2284,1720,4368,216,824
1183: 2870,2799,1090,2837,5,537
1184: 4522,4794,5544,8003,2214,9874
1185: 2965,1261,1482,1256,575,2923
1186: 4236,2318,2643,2035,1514,685
1187: 2640,5842,4048,3106,2395,4163
1188: 5799,10446,1219,2973,1401,710
1189: 1727,1495,3044,760,1342,5760
1190: 2892,4388,2290,309,1650,4294
1191: 8016,5735,47,2666,3337,2441
1192: 2856,4360,5824,4267,4456,82
1193: 749,1298,2994,4412,342,774
1194: 2967,2960,909,48,1621,2883
1195: 9197,12369,9965,9956,3932,9961
1196: 1575,2751,2983,311,1877,1444
1197: 1140,919,2866,901,2924,1493
1198: 312,1934,4426,1889,10015,4159,713
1199: 258,2474,2335,4358,2009,2030
1200: 6124,6066,4817,5924,3455,12492
1201: 246,4414,787,713,951,313
1202: 979,488,1820,363,806,829
1203: 8652,10904,8602,2049,11195,6569
1204: 276,579,1464,147,570,4121
1205: 12583,2671,4387,10411,5983,3165,6214
1206: 485,294,4156,1639,964,1652
1207: 830,926,2755,1726,372,218
1208: 622,1739,2150,3024,2880,4160
1209: 2877,6183,1651,4111,4109,2006
1210: 695,1146,294,1661,8102,450
1211: 10083,6048,5704,4561,3449,4636
1212: 567,3011,1054,4406,108,775
1213: 6677,8537,9849,5154,6938,3760,7979
1214: 1905,2842,4430,2878,2046,84
1215: 7896,7682,3204,5663,499,7577
1216: 1837,916,376,1832,2369,739
1217: 9236,11808,6723,6509,5290,8843,6552
1218: 7047,9705,6656,9689,11209,10488,8880
1219: 10446,8024,1188,4361,2973,2999
1220: 4757,1304,10479,9484,6738,12261
1221: 4279,766,1520,2051,4375,4421
1222: 5820,118,1632,1704,2122,5835
1223: 4579,5387,4938,2592,3250,10102
1224: 1008,3591,1747,12298,10088,3412
1225: 10877,8592,11213,10920,3710,10881
1226: 4152,589,18,2790,2817,4116
1227: 2197,4284,3598,62,5823,2402
1228: 3351,5904,5931,5920,5604,865
1229: 7801,7791,5134,4587,7909,7939
1230: 2411,1148,2038,590,1096,5831
1231: 4332,2415,12531,807,2468,2461
1232: 3042,4216,1870,1010,504,2746
1233: 3297,1953,6173,2058,6126,3535
1234: 6511,9946,7069,7063,7147,10166
1235: 3614,10416,8144,5832,5815,5921
1236: 221,2300,4295,3621,2434,2136
1237: 2537,9945,4217,6186,7991,4308
1238: 1699,2833,2827,459,351,2804
1239: 2732,17,10238,4458,794,6068
1240: 721,992,190,1478,848,7650
1241: 222,842,4104,6004,1154,1257
1242: 291,596,6105,2922,5813,4400,12444
1243: 3065,1112,271,4413,1528,7717
1244: 518,449,1654,1024,549,2859
1245: 595,154,597,1336,1318,327
1246: 920,70,1837,916,4189,3038
1247: 1510,3010,2925,1500,597,2789
1248: 222,1269,2981,842,3024,2880
1249: 7307,9899,9038,8916,8864,2177
1250: 281,1100,1717,598,1513,1791,996
1251: 73,8193,1308,1109,1628,1282
1252: 3358,772,2501,1581,5802,2124
1253: 2503,3757,5682,3442,2453,5918,7529
1254: 4986,6807,4605,12423,1151,10368
1255: 342,1050,678,252,16,1298
1256: 4115,3643,575,2965,1311,1185
1257: 6111,778,1241,6004,1154,331
1258: 6059,3097,3263,5937,3368,3712
1259: 110,2733,408,155,1100,1513
1260: 11222,8870,7075,11233,11671,10937
1261: 348,2965,2998,1185,1482,2969
1262: 922,2806,7656,1111,1502,2885
1263: 1276,2959,890,2949,2875,1310
1264: 781,2725,1074,9842,3029,332
1265: 7915,3245,5569,5023,4612,3146
1266: 88,2505,4823,333,3576,3447
1267: 4394,5806,652,1913,2953,2053
1268: 2471,4504,5520,4619,10477,4667
1269: 1349,2981,842,388,1248,526
1270: 1478,848,1317,1168,320,70
1271: 4635,7559,3941,2355,5916,9861
1272: 7689,362,619,849,1871,24
1273: 5331,2487,7082,4623,4802,6890
1274: 1511,926,1399,372,57,4129,2495
1275: 2081,1487,1320,6068,91,1023
1276: 1263,2959,1398,117,2949,81
1277: 89,1400,218,336,1516,830
1278: 2956,417,1570,420,722,2960
1279: 2542,2051,2495,1511,515,850
1280: 4925,3588,3678,3707,5103,4629
1281: 538,3681,227,3436,3523,2116
1282: 606,1109,1628,1622,1796,1251
1283: 6055,1441,4070,1468,338,1026
1284: 854,8055,904,6181,4297,6087
1285: 165,6080,3685,6983,3454,7948
1286: 4120,4950,1804,963,3630,2509
1287: 523,2749,1358,3043,457,104
1288: 4247,756,4137,2511,5764,2488
1289: 9756,7517,9860,9765,8029,8007
1290: 4292,2414,1474,764,143,798
1291: 9769,2207,10289,10955,12363,6720,9719
1292: 2827,351,1506,2707,2824,1325
1293: 610,1678,743,39,891,1402
1294: 2978,353,863,736,1318,85
1295: 3174,3544,9913,6044,9721,5942
1296: 5675,2534,3895,2125,6005,3702
1297: 325,2438,9993,4290,2488,4137
1298: 749,1193,825,678,342,1255
1299: 6138,3587,6039,6074,3359,3183
1300: 310,2308,298,1745,7718,2942
1301: 859,2759,2768,737,2016,5935
1302: 331,4224,2750,778,7710,116
1303: 2572,2913,2637,1704,4391,5835
1304: 4757,4648,10109,1220,10479,6560,12261
1305: 7599,6889,3259,5041,9832,7938
1306: 3951,1473,3716,3530,2711,8155
1307: 5698,7632,3306,4314,12494,1715
1308: 811,8213,8193,1251,7719,1109
1309: 347,1320,794,3035,1654,549
1310: 1263,890,2949,1400,2971,2853
1311: 1014,1713,2965,2889,1256,4115
1312: 1809,8026,3658,6535,7538,5128
1313: 12104,8446,9504,2459,12574,11693,10966
1314: 90,803,1415,1702,1684,981
1315: 1492,8221,1155,619,24,4454
1316: 7747,2571,2562,2541,2570,1439
1317: 1270,848,349,570,4121,1168
1318: 327,85,1245,1294,353,1336
1319: 2573,5840,2815,230,5830,6194,6203
1320: 347,2081,794,6068,1309,1275
1321: 10171,8197,620,164,12332,1089
1322: 6213,8055,4297,4626,5762,3506
1323: 8128,4215,6176,2581,1430,12501
1324: 12262,3971,10518,7307,10046,9937
1325: 137,2824,4132,1292,1506,2944
1326: 7767,5720,182,4272,4262,6164
1327: 12566,8920,11976,9358,7118,8725
1328: 1340,2540,3067,4369,12411,2846
1329: 531,284,94,1075,390,1471
1330: 1643,711,730,2744,162,1596,622
1331: 1757,2844,4089,307,1533,866
1332: 1117,799,396,583,915,1002
1333: 6741,7086,8924,7644,7122,7457
1334: 9842,987,10445,867,332,1060
1335: 2825,1443,1806,2917,2924,1782
1336: 353,871,3010,597,1245,1318
1337: 3749,8104,5240,4949,576,8047
1338: 231,2600,2972,21,1614,2992
1339: 755,434,2992,5972,5964,1614
1340: 352,2578,1328,4369,2849,2846
1341: 7768,1455,47,3647,3770,4063
1342: 1727,1189,153,2944,1126,5760
1343: 870,610,797,157,1110,1516
1344: 1629,4260,2728,23,3048,1848
1345: 10634,11491,6992,12499,8273
1346: 4298,2963,5748,2708,2925,4072
1347: 606,357,1109,10311,1554,811
1348: 5169,7933,8030,8042,4834,7986
1349: 568,101,1269,842,388,4104
1350: 6067,2615,5689,4312,5688,2582
1351: 10900,9048,7134,8934,6259,8290,6617
1352: 132,234,1055,1116,629,441
1353: 12543,3794,1956,2622,3649,2298,2606
1354: 2624,4301,4304,4255,2052,4191
1355: 383,361,1498,40,743,1167
1356: 956,2891,1511,926,515,2755
1357: 1445,1534,788,164,2909,2980
1358: 523,1287,4122,210,104,1838
1359: 4700,5385,10346,3140,5078,8218
1360: 5464,10981,11317,10666,8776,10986
1361: 4417,4419,4119,4197,2260,6093
1362: 7667,1418,2700,3813,3215,9933
1363: 12343,10172,8942,1170,12327,10402
1364: 2647,4326,1984,1567,2307,1481
1365: 1430,4123,3818,365,2109,5227
1366: 493,3040,878,629,430,234,1772
1367: 5706,6021,4351,196,965,4069
1368: 1051,4101,2869,305,2861,2810
1369: 2189,1114,5860,639,897,2178
1370: 535,1530,973,251,2599,1657
1371: 6377,10515,7716,7699,1173,3425
1372: 2643,2035,2185,2104,158,5727
1373: 2945,4344,2935,5808,1640,194
1374: 668,3003,2936,4389,4336,2781
1375: 879,2941,4131,4124,2886,2918
1376: 2277,3832,106,3246,8163,9990
1377: 2899,386,205,783,2188,1685
1378: 357,1558,247,935,881,1777
1379: 6916,10509,9467,10093,8567,12548,6728
1380: 317,8215,7731,319,1854,189
1381: 3066,679,4267,2829,5716,2831
1382: 12485,7037,5170,12366,6954,10484,5150,6950
1383: 2978,125,353,2863,871,4265
1384: 4161,4134,4361,1590,2313,2999
1385: 4293,2345,2256,5742,5790,1738
1386: 3054,5760,15,4330,1565,1495
1387: 4125,4439,1415,816,895,2893
1388: 1543,2663,4278,4357,2156,3626
1389: 4149,371,3001,686,3000,7686
1390: 1502,2885,2907,3001,645,50
1391: 4389,1752,3833,2778,4254,641
1392: 10249,10103,6507,5214,12478,2382
1393: 7900,5774,10425,1053,2203,2199
1394: 4383,1490,3982,767,2000,2673
1395: 115,2065,2676,2360,5751,4343
1396: 35,1739,2356,316,4160,1476
1397: 4139,2407,4264,12543,4126,2606
1398: 1276,2959,117,782,1577,1078
1399: 5984,372,57,1036,770,1274
1400: 89,2949,1310,1277,830,2971
1401: 5820,991,2973,1632,710,1188
1402: 762,608,361,1293,743,891
1403: 8930,10099,9252,9692,12234,12046,7472
1404: 2686,5398,5857,3566,3867,6267
1405: 3823,1988,4147,3322,2822,1064
1406: 3211,11007,11339,11880,11667
1407: 2231,4273,2691,5083,12385,255
1408: 375,1453,1044,1561,698,4435
1409: 11821,8962,11344,11771,12103,11011
1410: 818,4093,2426,4402,1724,2695
1411: 507,141,2777,4286,2513,2696
1412: 10462,7755,3851,3538,10473,7098,1955
1413: 4704,10285,3883,9012,9830,10177
1414: 3032,3037,400,8212,6206,4400
1415: 90,1314,816,1387,1702,895
1416: 3028,8063,1601,4202,536,4447
1417: 4431,999,1721,1819,452,122
1418: 1362,3813,9838,9933,6276,9906
1419: 7087,2697,7220,3434,8069,9757
1420: 2616,897,1886,4409,501,1842
1421: 123,1985,1592,2456,2843,2962
1422: 4169,4210,2440,12386,4451,8162
1423: 3090,6171,3892,2677,245,5805
1424: 1097,4337,2804,2138,351,2707
1425: 1466,1557,7676,380,73,1525
1426: 919,2866,898,3017,530,1635
1427: 5758,4084,3083,4255,1950,4191
1428: 2974,1767,2916,484,2864,4190
1429: 331,2995,4224,1476,35,1154,666
1430: 1365,4123,10254,2109,2581,1323,6176
1431: 12080,7187,9588,9570,9275,8973
1432: 2729,1488,2879,2528,1784,489
1433: 762,383,361,1892,1816,1844
1434: 1982,4198,4310,7662,6099,7602
1435: 5785,975,6210,2564,6188,1006
1436: 823,4238,1705,504,3064,4216
1437: 385,367,2104,565,5900,103
1438: 6198,7694,3920,5822,3139,2144
1439: 2135,2226,2562,3905,2571,1316
1440: 347,3020,449,1654,2645,826
1441: 2970,1642,6055,1283,1037,4070
1442: 973,2993,1549,852,902,931
1443: 1175,1335,1806,2928,130,1782
1444: 205,1877,783,1196,2751,4248,4140
1445: 903,788,1357,2909,395,562
1446: 2872,1156,2274,1702,895,2921
1447: 4192,3572,2539,5133,1998,6135
1448: 4282,3947,4221,4225,2042,1969
1449: 526,959,949,1623,1603,388
1450: 2936,4378,3055,2745,4362,410
1451: 5613,1692,4779,5497,3281,4499
1452: 10278,5755,2679,4136,2281,214
1453: 132,1055,375,1408,1561,160
1454: 4311,4178,3921,3739,5696,2788
1455: 1341,3141,7768,3647,3483,3924
1456: 7198,8988,11026,6405,4784,12131
1457: 9480,12087,11748,11030
1458: 300,2848,79,2981,2150,2880
1459: 3931,5717,3885,10203,5712,5962
1460: 406,2897,4143,909,2950,470,48
1461: 5816,8209,3850,6230,10472,4285
1462: 2218,3297,1953,4009,6161,656
1463: 3937,3096,4008,5782,7809,9858
1464: 1204,579,2901,2968,845,147
1465: 10501,934,1764,477,12454,1471
1466: 670,416,1557,1425,380,318
1467: 6000,3942,3284,5969,2661,1568
1468: 3061,4079,139,1026,1283,4070
1469: 6102,914,5797,6162,2561,4154,2858
1470: 1647,2282,3945,5488,4074,3946
1471: 284,390,1329,10311,477,1465,12454
1472: 3948,1130,142,3947,9895,5915,6104
1473: 2409,1972,3951,1306,8155,174
1474: 4292,479,2805,1290,2895,798
1475: 2814,1030,260,5840,2815,2793
1476: 1429,2995,4155,35,316,1396
1477: 4464,4450,1977,1736,4207,4338
1478: 1270,848,721,1240,320,145
1479: 11185,11320,11039,11056,7209,12554
1480: 1982,4460,4221,4310,5766,4225
1481: 4326,1984,1364,880,3960,2176
1482: 1261,1185,2969,434,2923,4103
1483: 5776,1033,4,6182,4078,7919
1484: 359,1911,943,95,915,491,887
1485: 3145,3599,1733,1990,4217,5945
1486: 2333,4804,4920,5582,9774,4600
1487: 91,1275,1023,334,788,2980
1488: 1432,2729,5710,175,5747,2879
1489: 4969,7863,5934,7661,7985,3629
1490: 4383,1788,1394,2000,242,6158
1491: 1647,3945,6020,2640,5842,5938
1492: 799,1315,3045,396,8221,619
1493: 2825,2908,562,1140,1197,2924
1494: 2856,4360,4101,2869,631,10
1495: 1189,2758,3044,1386,5760,15
1496: 503,7639,1963,1761,3645,3977
1497: 3719,5500,4813,3653,2014,5271
1498: 1655,972,682,383,1355,40
1499: 1022,583,56,491,500,752
1500: 1510,1247,5690,2979,1699,2789
1501: 399,1811,1536,1848,2728,978
1502: 1390,2885,868,2907,1262,7656
1503: 2419,1720,2837,307,2982,683
1504: 2630,435,2020,2443,2302,4367
1505: 8648,12453,11429,9364,3927,12233
1506: 153,2827,2937,1292,2944,1325
1507: 4364,7557,5997,6040,8147,4440
1508: 11827,7225,8735,11053,9014,9516
1509: 5683,2653,2009,4253,3189,7756
1510: 2708,1247,2925,4145,1500,5690
1511: 926,515,1356,1274,1279,2495
1512: 10312,4051,9716,588,11896,6631
1513: 1100,1250,1259,1791,996,155
1514: 1186,4236,385,2643,5661,11
1515: 1792,9929,8111,4386,3743,2656
1516: 797,336,157,1343,89,1277
1517: 9739,9773,7929,10410,7875,7414
1518: 6152,7611,3829,5189,2678,7712
1519: 2913,2823,2791,1826,2874,4380
1520: 766,1221,158,2542,2051,5727
1521: 5849,465,2835,226,2887,1749
1522: 5917,2220,7871,7974,5939,2056,9753
1523: 3142,8042,3590,6748,4834,9815
1524: 694,3803,6031,6050,5954,5740
1525: 617,73,8193,6147,7676,1425
1526: 71,408,4331,140,1919,155
1527: 994,2991,1709,161,620,1789
1528: 7561,7717,4457,1243,1112
1529: 885,4401,162,387,1610,3060
1530: 973,852,1370,2761,2599,636
1531: 2989,163,1868,94,1075
1532: 2900,2828,2856,5824,10,691
1533: 475,2844,4089,1331,4143,2950
1534: 2975,1709,164,1357,2909,12332
1535: 2743,467,1725,2745,2186,2781
1536: 420,1811,1501,978,111,692
1537: 9842,867,701,6191,800,1074
1538: 7977,4845,4977,5182,7951,7921
1539: 3944,4628,3793,4848,7713,3257
1540: 4436,421,8171,3803,3659,3081
1541: 6142,4319,9818,9907,3430,4433
1542: 8102,179,2896,2798,991,710
1543: 9920,2463,4278,8051,1388,4357
1544: 5072,7724,5273,7095,7695,4852
1545: 2545,11067,8507,12167,9528,10805
1546: 10337,3092,413,3541,5778,5993
1547: 5825,4616,8229,5697,180,5777
1548: 3261,6032,6002,10427,2211,5948
1549: 902,1442,4398,8212,374,931
1550: 5953,6006,169,5909,2205,5888
1551: 2668,563,144,1759,932,4114
1552: 4202,4447,698,2748,936,6084
1553: 7747,2771,4106,1758,2571,2086
1554: 881,10311,934,12454,357,1347
1555: 2189,2727,1129,2772,1666,2118
1556: 4422,2657,10444,1563,4085,5901
1557: 1466,416,2748,1874,7676,1425
1558: 1378,247,178,935,2888,3006
1559: 2162,6133,2253,4174,4138,4209
1560: 673,2894,3016,864,3002,2915
1561: 1453,1408,6147,160,6084,698
1562: 8255,6233,12240,10716,11077,8788
1563: 2209,665,5901,4422,172,1556
1564: 563,209,3068,648,5792,2964
1565: 3054,370,4463,1386,15,577
1566: 4371,2012,6092,2137,717,1972
1567: 4317,2141,1984,2307,1364,393
1568: 3551,3109,1467,6000,3942,939
1569: 3919,3144,9981,3277,8141
1570: 911,420,722,1811,471,1278
1571: 2204,4407,3925,3997,6175,9767
1572: 2802,3361,2558,4190,2805,1767
1573: 3058,1996,5710,175,1634,12
1574: 2703,8163,3117,6083,8081,9990
1575: 611,1196,2731,2751,1830,2983
1576: 4127,755,6053,5972,2911,1718
1577: 1768,1078,705,2903,1398,117
1578: 2764,5949,2888,1582,3006,6227
1579: 8120,3696,5342,8134,942,4879
1580: 7138,9045,4583,12567,6564,5441,9390
1581: 2501,6225,6118,2449,5802,1252
1582: 790,2764,1578,179,2896,6227
1583: 138,403,943,95,609,250
1584: 9049,324,6850,11050,11270,11452
1585: 4890,5414,3902,3136,2103,5280,2100
1586: 4317,2141,2173,4381,2617,1093
1587: 2175,712,4249,3990,7558,2196
1588: 5397,5850,3123,7574,4593,4893
1589: 5637,4968,5004,4895,4811,2013
1590: 2183,4296,2313,4134,1384,46
1591: 182,2448,3007,927,469,2227
1592: 2843,1001,1421,2962,946,2852
1593: 3476,11497,7254,10030,4821,6255,12526
1594: 3150,5897,10461,3592,9908,2190
1595: 7576,3978,5519,5313,3559,5405
1596: 3014,3060,162,1643,711,1330
1597: 1078,705,2938,1627,10054,2976
1598: 2326,4423,768,6036,3990,4376
1599: 12367,2198,2698,6707,4789,8297
1600: 1612,7845,2222,5574,7859,3282
1601: 2985,3028,378,8063,4128,1416
1602: 744,2988,548,6185,2166,1680
1603: 949,1449,2985,101,388,2927
1604: 12108,3265,10707,9062,6387,8277,8956
1605: 2671,6179,3165,5973,6032,9793
1606: 10365,2394,4921,10141,9770,5433
1607: 409,1135,1657,2736,952,3063
1608: 336,157,1678,1167,432,1620
1609: 6271,11513,10900,11104,6774,11355
1610: 2881,3060,10465,4244,885,1529
1611: 4113,433,989,2919,870,1110
1612: 7845,5574,1600,4927,5577,7519
1613: 5926,3467,2225,8146,4661,8156
1614: 2857,1338,2600,1339,2992,5964
1615: 7924,3182,1082,6129,9802,3950
1616: 3186,5456,838,4859,2532,4931
1617: 4164,2974,737,52,2916,2763
1618: 2235,6037,3275,573,5737,6060
1619: 2819,2860,2393,7954,2931,2912
1620: 496,432,436,40,1608,1167
1621: 2883,1799,1009,722,1194,2960
1622: 437,1628,1796,1282,775,960
1623: 959,1838,949,2240,1059,1449
1624: 777,6206,282,653,1060,2740,438
1625: 3465,2516,12358,5851,187,5864
1626: 4252,2399,4100,2248,2489,192
1627: 475,2844,2904,10054,2976,1597
1628: 1622,1282,960,73,1251,380
1629: 1040,356,2728,23,1671,1344
1630: 1879,878,629,441,163,1868
1631: 5422,7546,4897,8015,8017,4943
1632: 6195,5820,2973,1222,2122,1401
1633: 611,2731,452,726,4212,839
1634: 2739,4105,734,12,1996,1573
1635: 4171,1426,898,530,1081,3005
1636: 2699,2260,4450,1977,4204,2021
1637: 715,5599,5838,3926,4951,8121
1638: 166,8190,5723,4303,2247,7613
1639: 964,934,1764,1652,1206,733
1640: 1373,2935,194,978,1671,111
1641: 2800,254,1015,5803,8032,2270
1642: 235,1160,2970,6055,1441,1774
1643: 711,481,10483,1771,1330,730,1596
1644: 626,446,1749,8153,7560,2838
1645: 3208,2154,6671,8715,6660,8702
1646: 3624,5828,2089,9969,8138,4073
1647: 3945,3725,2640,1491,4074,1470
1648: 5713,6102,1775,6162,484,369
1649: 11551,11122,8710,10240,7313,11280
1650: 2324,9796,3046,1190,4388,309
1651: 582,1209,6183,3052,4111,2401
1652: 1639,4149,4156,1206,3000,733
1653: 2724,537,748,2766,2386,1090
1654: 1244,449,549,347,1440,1309
1655: 972,1498,682,257,3019,2357
1656: 688,2131,4420,2721,971
1657: 409,2599,1607,251,1370,2736
1658: 3220,7631,4516,10133,51,12303
1659: 4323,4365,4372,5790,4354,2451
1660: 732,863,736,1005,4164,2763
1661: 1210,485,294,935,450,1777
1662: 12340,12354,11047,8719,6302,11268
1663: 5732,4456,2773,2308,4274,82
1664: 2978,125,2864,863,4164,2974
1665: 8209,3850,10412,2422,4423,4376
1666: 502,2727,1555,2118,3030,1795
1667: 7556,7554,5542,3327,6990,10482
1668: 9095,8908,11428,4981,11131,11282
1669: 1819,1929,498,233,1839,839
1670: 3783,5879,5944,740,4415,3917
1671: 194,1040,1629,2728,978,1640
1672: 931,2761,999,2665,852,453
1673: 112,2926,4082,2831,3066,5732
1674: 10467,8105,3231,10396,5328,7821
1675: 11313,10507,11430,12239,7800,10512
1676: 3682,7515,5054,9814,10272,10283
1677: 7949,8056,7925,8112,5043,5632
1678: 1293,610,157,1608,743,1167
1679: 2780,203,771,2941,1062,2945
1680: 2729,676,5747,548,744,1602
1681: 9103,10670,11141
1682: 4323,2301,3765,2067,3392,6140
1683: 7823,7614,9876,10063,7906,1701
1684: 489,1139,802,981,1314,803
1685: 2188,642,4131,4124,1377,205
1686: 5097,2327,7541,5010,7649,3934
1687: 11145,11440,8333,8556,11158,8738
1688: 5602,6546,7894,12415,4624,5017,7495
1689: 984,726,3033,114,2735,4260
1690: 3199,6018,5884,5969,5908,3276
1691: 4393,1038,985,1695,2368,2676
1692: 5613,5566,5022,1451,4017,4779
1693: 7748,10386,3283,2374,10468
1694: 2750,87,116,3050,7967,1855
1695: 4393,1691,2368,2378,4425,748
1696: 668,1737,3003,4334,5816,1949
1697: 2919,2994,4412,804,2954,1698
1698: 2954,1768,2903,1697,989,2919
1699: 2833,1238,459,2789,1500,2979
1700: 4515,5621,5377,207,7854,5453
1701: 7906,3533,10317,4993,7823,1683
1702: 1314,1415,895,2274,981,1446
1703: 4186,3775,5873,5887,5933,3292
1704: 5820,3021,1222,4391,5835,1303
1705: 823,1436,127,3064,211,804,2820
1706: 2819,2393,2216,1973,3296,3076
1707: 2719,2288,8171,2132,7615,5896
1708: 56,752,2,1052,1027,988
1709: 1534,2975,12332,620,1127,2991,1527
1710: 7949,3301,10251,3814,5043,913,5865
1711: 6180,5741,4151,725,995,7943
1712: 770,2932,2876,754,57,4129
1713: 1014,1311,2279,2889,856,1147
1714: 4127,4103,845,2969,758,147
1715: 5695,12480,2259,5725,5698,1307,3306
1716: 1793,2410,2439,5691,4237,5117
1717: 723,765,598,1250,877,996
1718: 758,326,349,4127,1576,6053
1719: 8379,8986,12356,12502,5598,12307
1720: 2284,1182,1503,2419,216,683
1721: 1417,4431,999,2665,439,780
1722: 5153,3759,2421,5049,7597,5055
1723: 379,2423,3315,967,2854,1962
1724: 4402,2862,6130,2794,1410,818
1725: 410,5739,2745,1535,467,759
1726: 5984,372,432,436,218,1207
1727: 1189,327,760,1342,153,595
1728: 11397,9462,6803,11092,11162,6919
1729: 5977,5960,3655,7760,7908,2015
1730: 3204,3571,9780,3460,8057,10456
1731: 2436,639,2743,2178,2472,853
1732: 3823,993,2822,2874,2787,119
1733: 1485,3145,9945,4217,2367,2551
1734: 202,3337,468,10472,12540
1735: 2443,2119,2378,7640,2302,763
1736: 221,4295,4309,4338,4464,1477
1737: 3003,4378,1696,9893,4334,2448,4272
1738: 5790,2451,3335,1385,2256,5738
1739: 35,1208,3024,1396,666,4160
1740: 1881,61,1926,1802,1860,4130
1741: 1923,998,1860,2933,58,843
1742: 470,48,930,1765,2883,440
1743: 858,2674,2570,123,2456,2562
1744: 3072,7553,7996,5074,8124,8225
1745: 2068,2773,2308,298,1300,4306
1746: 2663,4278,6196,5736,1750,5731
1747: 1224,6135,3591,3341,3912,12298,2492
1748: 6368,5654,12293,3344,10451,8050
1749: 1644,446,2838,2887,465,1521
1750: 2470,5731,921,1746,6196,4377
1751: 4194,3036,2738,1853,10445,2740
1752: 1391,8176,2500,3833,641,3436
1753: 2329,2474,240,1025,2335,474
1754: 736,1072,1005,85,3044,760
1755: 4320,4099,228,4339,118,2122
1756: 4173,6188,1006,633,1163,2977
1757: 8174,2844,2904,307,1331,2982
1758: 7747,6076,907,1553,2771,2655
1759: 481,10483,932,4114,5781,1551
1760: 4805,4929,4679,4489,8046,8000
1761: 503,1496,1963,5836,4348,5773
1762: 306,7633,3355,3610,4597,7658
1763: 2320,1093,2972,2946,2617,2130
1764: 10501,1639,934,1465,495,733
1765: 823,2883,1009,127,440,184,1742
1766: 7550,478,3614,9794,5870,5989
1767: 958,1428,2916,3361,1572,4190
1768: 2954,1577,1698,1124,705,2903
1769: 9280,11180,9149,11364,8974
1770: 649,4636,3367,3772,2559,5704
1771: 1643,711,4092,10483,244,5844
1772: 234,1071,1027,1366,493,2
1773: 599,2462,2797,236,2792,2696,4305
1774: 235,2970,1642,9910,1786,2807
1775: 4441,5713,1648,484,2802,4190
1776: 2774,254,1015,5705,2005,1968
1777: 881,964,485,1661,935,1378
1778: 4281,275,4091,4381,1084,2114
1779: 10185,4479,7672,10424,3373,6221
1780: 6799,7360,11188,10599,8372,11388
1781: 6385,6673,6310,6867,10248,10146
1782: 2928,1034,237,2917,1335,1443
1783: 5662,2524,4452,4066,4251,2085
1784: 2528,744,54,1814,1432,2729
1785: 9889,3589,2467,4887,5005,8035
1786: 9910,1774,2807,4335,474,9912,2803
1787: 4567,4790,8707,4910,6589,6627
1788: 4383,1490,2338,2625,120,6158
1789: 4166,1036,4432,161,994,1527
1790: 3617,7898,1997,7784,10305,7884
1791: 551,1919,996,155,1250,1513
1792: 662,1515,9929,2549,2037,4386
1793: 4151,1716,1000,725,2439,5117
1794: 2802,2694,2558,4384,4441,941
1795: 3030,1800,520,30,1666,2118
1796: 437,606,247,178,1622,1282
1797: 6137,4218,3293,767,2418,3369
1798: 5854,10243,7995,8028,7897,7840
1799: 1621,4238,3047,1009,722,471
1800: 5788,520,4081,1795,30,2818
1801: 505,1802,330,1935,1012,1859
1802: 1860,330,1012,1801,4130,2933,1740
1803: 5785,2905,1966,2564,3562,506
1804: 4120,1286,5863,2905,3630,506
1805: 4305,2197,213,62,4322,2777
1806: 2825,1175,1335,2810,1443,96
1807: 8025,5700,2575,2371,8189,10143
1808: 4407,9767,940,3830,2210,4466
1809: 8026,1312,7538,5124,509,3338
1810: 5131,3604,9747,5329,4590,6403
1811: 1570,911,399,420,1536,1501
1812: 7685,6101,592,8206,1841,280
1813: 1833,269,1891,637,2784,3056
1814: 2955,744,54,2988,2762,2726,1784
1815: 979,2733,3031,188,600,586
1816: 199,1433,383,1844,972,727
1817: 1869,624,41,1925,793,912
1818: 1827,370,1883,1846,4189,3038
1819: 233,1669,1417,4431,839,452
1820: 979,488,750,1202,716,3031
1821: 145,690,1869,41,721,443
1822: 750,418,716,680,1927,302
1823: 859,317,8215,882,732,2759
1824: 356,23,2918,704,4248,4140
1825: 1897,340,171,12,3058,660
1826: 1519,2913,2823,2637,442,614
1827: 3054,370,801,2747,1818,3038
1828: 291,3056,1831,2990,238,1128
1829: 933,3027,658,3015,482,2722
1830: 114,611,1575,2751,704,3048
1831: 3056,2990,1828,6108,1833,615
1832: 1216,1845,1837,376,241,128
1833: 269,2851,615,1813,3056,1831
1834: 1856,1850,233,159,4431,439
1835: 4176,337,2753,1847,566,1088
1836: 779,490,64,876,1866,1018
1837: 1216,1845,916,4189,1246,1832
1838: 210,104,1623,2240,1059,1358
1839: 429,1924,4212,839,1929,1669
1840: 246,787,319,1854,3069,3027,462
1841: 521,7715,280,4141,1812,8206
1842: 501,109,181,1420,4409,4081
1843: 3036,2934,2738,1004,601,135
1844: 199,1433,193,1892,1816,1851
1845: 1837,1846,4189,1832,241,460
1846: 1845,4189,1883,1818,876,460
1847: 1835,1117,337,566,150,500
1848: 399,2735,1501,4260,2728,1344
1849: 1861,343,285,1899,1857,1852
1850: 1834,1856,873,159,9,809
1851: 1863,280,4141,199,193,1844
1852: 285,1899,1849,2757,1165,825
1853: 59,4194,1751,10445,3029,332
1854: 317,1380,319,4172,3069,246,1840
1855: 987,653,7967,1694,1063,3050
1856: 1881,1834,498,1850,233,873
1857: 1933,343,1899,581,1849,355
1858: 98,189,983,2834,3069,319
1859: 505,330,1801,16,1933,581
1860: 1802,4130,2933,61,1740,1741,58
1861: 343,285,19,1849,608,1875
1862: 193,1875,1892,664,19,299
1863: 1904,1908,664,4141,1851,193
1864: 806,10511,2785,1906,684,212,188
1865: 1888,671,553,4424,72,4403
1866: 1011,876,1018,511,460,1836
1867: 1882,948,376,945,128,1884
1868: 2989,163,1531,785,1879,1630,969
1869: 690,624,41,1817,1821,3026
1870: 954,3042,1937,1923,1232,4216
1871: 1002,250,619,849,1272,396
1872: 1902,241,511,128,1898,1884
1873: 877,268,497,191,355,1894
1874: 869,416,2748,1557,2756,936
1875: 762,608,1892,1862,1861,19
1876: 34,268,554,1904,664,299
1877: 3018,783,636,1444,1196,311
1878: 956,2891,2853,2099,590,2692
1879: 3041,878,1630,969,163,1868
1880: 1910,553,4096,68,1888,1893
1881: 61,1740,498,1856,873,1926
1882: 1896,1890,100,948,1867,1884
1883: 370,4463,1818,1846,779,876
1884: 1872,1902,128,1882,100,1867
1885: 577,938,2758,15,7731,718
1886: 2616,2742,6170,1420,501,59
1887: 1917,624,793,2989,785,107
1888: 1893,976,671,1865,1880,553
1889: 312,1198,10015,8166,0,4107
1890: 4270,1882,1896,948,107,1895
1891: 269,557,1813,138,543,637
1892: 1433,762,193,1875,1844,1862
1893: 1888,976,1927,1880,68,302
1894: 343,19,355,299,268,1873
1895: 4270,1896,1890,1916,738,585
1896: 1882,1890,100,397,1895,1916
1897: 670,1825,869,416,340,171
1898: 1872,1902,1011,511,1019,483
1899: 678,1857,581,1849,1852,825
1900: 140,131,34,554,551,1919
1901: 414,170,933,427,658,667
1902: 1872,1019,1898,1884,512,100
1903: 90,803,2920,2528,54,2939
1904: 1908,664,1863,1921,554,1876
1905: 1934,3009,2842,1214,4430,707,4426
1906: 1864,684,381,4342,7697,212
1907: 264,149,3012,1930,791,3034
1908: 1904,521,1863,1921,4141,2966
1909: 1011,1018,483,961,1021,1936
1910: 1880,269,557,4096,2851,68
1911: 359,55,1484,887,488,363
1912: 3041,430,1922,7740,738,585
1913: 2811,2762,652,1267,2953,5174
1914: 986,6117,550,512,397,8
1915: 1930,4461,10455,584,7715,10280
1916: 1896,397,1895,738,970,6117
1917: 624,1887,945,3026,948,107
1918: 1098,2131,4420,4118,2764,5949
1919: 140,1900,551,1791,155,1526
1920: 2188,290,2899,31,1049,3013
1921: 1904,1908,4428,2966,131,554
1922: 3040,1912,430,7740,962,381
1923: 3042,1937,1870,998,1741,843
1924: 1839,429,58,843,2765,1929
1925: 41,1817,10031,10501,477,912
1926: 1881,1740,873,4403,4424,4130
1927: 1893,976,281,418,1822,302
1928: 992,4222,190,4462,2776,7686
1929: 61,498,1669,1839,58,1924
1930: 4418,3034,4461,1915,1907,264,10455
1931: 8,1936,955,391,1019,483
1932: 680,543,796,557,68,302
1933: 1857,581,191,355,505,1859
1934: 1905,3009,5935,4426,1198,4159
1935: 505,1012,1801,72,723,765
1936: 105,1021,1931,955,1909,483
1937: 954,342,1923,1870,1050,998
1938: 374,4157,780,2990,238,4398
1939: 335,1061,795,3015,482,2997
1940: 11782,11794,11243,11616,7195,9120
1941: 7584,7648,5734,5957,5976,7601
1942: 8085,5985,5190,3509,7607,12302
1943: 9227,8883,8354,9166,6305,12241
1944: 9230,1993,6463,6765,10220
1945: 4987,9825,10439,6983,7588,7948
1946: 4307,5776,3052,1033,968,394
1947: 717,7604,3691,538,3523,2012
1948: 5200,8151,4772,746,5121,5301,9970
1949: 1029,5816,6230,668,2778,1696
1950: 4255,5827,4185,3364,4084,1427
1951: 3711,5182,3787,7444,10408,6468
1952: 12399,7995,3646,6873,7816,7773
1953: 3297,1462,4009,1233,3535,5709
1954: 2458,4219,5693,728,2360,5800
1955: 6408,5623,12431,1412,10462,10473
1956: 1353,3794,3540,10413,3308,2622
1957: 5712,3543,113,3210,6134,3885
1958: 5967,8095,6075,3941,5916,7943
1959: 11815,10735,11052,9241,11247,8416
1960: 6072,2498,7571,7634,3432,5989
1961: 4392,1038,985,4395,2057,2568
1962: 2557,5797,2854,5975,1723,379
1963: 7639,6156,1496,5722,1761,4348
1964: 2170,4824,5841,5156,1176,5216
1965: 8136,3458,3980,6835,5899,5692
1966: 4356,817,5785,1803,3562,3124
1967: 4407,10223,6175,940,5843,3308
1968: 6045,6160,2774,1776,2005,7678
1969: 4058,6104,7545,4221,1448,3947
1970: 7709,2179,5311,7299,8092,3102
1971: 6484,10259,6689,6282,12413,5222
1972: 2409,717,1473,1566,2137,174
1973: 3296,7919,2877,4,1706,3076
1974: 32,5226,7909,7939,8084,5646
1975: 6488,5459,5228,7779,9250,2689
1976: 4313,3303,2403,7670,4333,5756
1977: 1636,4464,2699,963,4450,1477
1978: 4590,7478,10443,7776,5329,3113
1979: 9245,10812,7030,5297,11621,11256
1980: 6497,5463,9256,11123,4707,8505
1981: 7610,5681,5685,4243,9909,2701
1982: 1480,4221,1434,4310,4058,6099
1983: 1000,4241,4027,4201,5769,2243
1984: 1567,1364,393,1481,5752,2176
1985: 2456,872,1421,2962,2329,240
1986: 3590,4889,3876,6113,6748,10068,4005
1987: 2232,3984,4019,5882,183,5990
1988: 2688,3823,4256,1405,4078,3322
1989: 8754,6713,10818,7042,9261,8302,12512
1990: 1485,2537,5814,3599,4217,8039
1991: 4907,6674,12395,3316,8998,3326
1992: 7052,11644,10888,9205,11752
1993: 1944,6463,6765,10008,12572,6280,3995
1994: 3672,6041,3412,7658,3355,1008
1995: 9269,8810,11220,11242,5249
1996: 808,1573,4266,5710,1634,4105
1997: 7898,1790,7884,12437,6283,7844
1998: 6135,3912,1447,3572,3620,328
1999: 5253,4917,3624,4957,7531,10438,9969
2000: 2573,5830,2673,242,1490,1394
2001: 9743,9732,6525,8892,6675,6669
2002: 83,3333,2509,3621,3184,2434
2003: 2183,2477,4258,7647,860,4314
2004: 3633,3884,2258,7843,5894,10321
2005: 508,7678,5705,5723,1776,1968
2006: 4109,534,2112,1209,4111,2890
2007: 4318,3114,6166,9866,6200,3636
2008: 10837,8555,8441,10858,4840,3567,11272
2009: 1509,2653,2030,3189,1199,258
2010: 4195,3271,4182,297,2401,582
2011: 2493,3645,3556,2418,5730,3293
2012: 4371,1566,3523,4245,1947,717
2013: 7631,5269,4516,1589,4968,5004
2014: 4881,4885,3586,5271,5500,1497
2015: 7914,2404,5960,1729,7908,10414
2016: 2940,737,52,1301,3009,5935
2017: 3152,7292,12263,9284,7258,8291
2018: 3660,4168,10359,544,3429,7702
2019: 1028,8086,3663,3385,5811,2530
2020: 1504,2630,4346,646,3249,2443
2021: 545,4204,4438,1636,2260,6093
2022: 7759,5410,10339,6676,5281,7617
2023: 3668,9775,6834,7474,9836,9768
2024: 4271,7705,3543,8199,5288,6139
2025: 3700,5092,6008,3495,7626,3671
2026: 8147,4440,855,3154,4146,3452
2027: 7241,11305,11281
2028: 7703,339,3453,8202,4153,7780
2029: 4795,9293,4569,8581,6552,12470
2030: 925,6067,2653,2009,1199,2474
2031: 5775,4301,2587,4304,4145,5690
2032: 3381,6556,6745,5012,1057,5066
2033: 7133,3688,8971,9296,8720,9386
2034: 3718,3347,1032,6215,3053,7609
2035: 1186,2643,1372,2185,685,905
2036: 3960,4199,552,2176,4088,2769
2037: 932,5781,1792,2549,5784,4386
2038: 4395,1230,2411,2786,5831,3693
2039: 5084,5480,7543,5899,5692,2157
2040: 404,2534,5869,3700,6103,6001
2041: 2363,4644,10382,7501,4529,4046
2042: 2269,4043,2716,4225,4282,1448
2043: 5795,10468,8118,2120,5047,3283
2044: 1132,2531,360,559,6159,4004
2045: 7812,7831,7792,1101,7856,7953
2046: 2895,8205,84,479,1214,2878
2047: 5743,2464,3841,7669,8117,4276
2048: 3718,3347,5995,5657,4064,167,8051
2049: 11294,10535,11195,1203,8835,10904
2050: 2623,5405,4538,8076,3153,7813
2051: 1221,1520,2542,1279,2495,4421
2052: 4255,12310,5827,4363,2624,1354
2053: 2953,5745,4459,2867,5806,1267
2054: 5958,3726,5959,4865,2536,6038
2055: 3120,6110,5317,3366,1046,10258
2056: 5939,3410,5665,2111,1522,9753
2057: 4395,565,2411,2244,2568,1961
2058: 6078,1233,6173,6126,10478,519
2059: 5539,3740,6910,6575,6647,7799
2060: 12511,5094,6204,10143,8025,2370
2061: 10340,6149,12475,3748,4003,4024
2062: 6902,5330,8861,9458,10237,10213
2063: 5336,5664,7578,3757,5152
2064: 4884,5049,7614,8175,10063,494
2065: 4392,985,1395,2676,5693,2360
2066: 5138,5346,3736,20,3557,3762
2067: 4080,3392,4095,1682,4083,6140
2068: 2773,1745,4142,4279,766,4306
2069: 7690,3464,2648,9745,10400,2521
2070: 5768,8116,3769,2630,4259,435
2071: 857,3184,3772,3482,6145,2559
2072: 8624,8239,6486,9382,6478,6583
2073: 323,6043,6189,7962,10152,5761
2074: 8173,807,3406,7629,3107,10409
2075: 4576,7876,5179,7752,10137,12519
2076: 4845,7851,3787,5263,5110,2633,7869
2077: 10100,6970,6734,10113,6248,6592
2078: 5911,4048,3542,529,8137,3106
2079: 7703,7521,6080,3453,4848,6127
2080: 5572,5191,9628,11306,3278,12169
2081: 347,2929,1320,91,1275,3020
2082: 6599,4060,9510,6350,7310,5515
2083: 3800,6602,148,11226,11309,10556
2084: 5202,2296,419,2610,8178,2238
2085: 4165,4195,4182,2524,1783,4251
2086: 1553,2771,4106,6178,2588,3806
2087: 2149,2388,3808,5211,5344,5383
2088: 3653,5794,5271,5706,5786,4351
2089: 7608,3292,5828,1646,5873,4073
2090: 9453,5327,7243,9718,4021,10208,8243
2091: 6609,4557,10111,9272,7250
2092: 3996,5995,6061,5657,7712,5947
2093: 8636,4711,10558,8245,6611,11234,8720
2094: 5254,651,3728,3085,4735,8079
2095: 6058,3838,6026,6120,1145,8204
2096: 2660,6934,6615,5160,4998,7864
2097: 7936,7762,7265,5360,5276,7880
2098: 6618,5282,8248,9898,6504,9571
2099: 1148,2712,590,2891,1878,4117
2100: 4777,6621,12425,1585,4890,5280
2101: 5318,5610,953,12424,12329,8159
2102: 12438,10230,10055,12387,4509,8899
2103: 1585,5423,3902,3136,5993,3859
2104: 385,2643,367,1372,1437,5727
2105: 8203,7629,3669,3004,5809,6190
2106: 7563,7907,5169,8152,4690,5485
2107: 8250,8673,10907,6632,4978,10002
2108: 702,3869,2634,2390,2647,3084
2109: 4223,2412,5227,2581,1365,1430
2110: 5315,3097,8235,4561,5225,735
2111: 5971,5665,7621,2056,3320,9753
2112: 1115,1083,4109,534,2006,4405
2113: 2662,10459,9812,7583,9832,7938
2114: 1084,3084,3879,702,1778,275
2115: 4618,3526,5437,4802,3127,3881
2116: 3523,4257,6134,4245,1281,3681
2117: 8018,7833,7835,5440,4737,7966
2118: 2189,1555,5860,1666,1795,30
2119: 4346,2443,1735,115,2368,2378
2120: 4543,5348,8118,5047,3889,2043
2121: 4110,10480,8024,26,9870,10444
2122: 6195,118,1632,1222,4099,1755
2123: 1047,4302,4366,3479,837,4382
2124: 5867,7603,3343,5802,1252,772
2125: 3895,1296,3702,5950,10276,5096
2126: 2273,5702,1166,2553,4333,5756
2127: 9267,6233,9431,12317,9309
2128: 3,1092,3071,5687,5445,3898
2129: 8687,12111,11329,10620,10878,8821
2130: 2946,3643,2462,2617,236,5779,1763
2131: 442,1098,4420,614,1656,971,1918
2132: 3260,7589,5907,7615,5896,1707
2133: 5667,4468,3903,10502,4639,5453,4763
2134: 4250,616,2816,2552,1129,3530
2135: 1439,2607,2226,2714,3905,476
2136: 3328,2434,6145,3353,2300,1236
2137: 1566,6092,1972,4231,174,4065
2138: 540,2882,1097,1424,2707,4148
2139: 3582,3221,6735,8258,8780,9402,5457
2140: 11336,5193,9131,11634,11889
2141: 4317,1567,2307,1586,1084,4381
2142: 6049,3440,3632,7982,7651,5465
2143: 4196,4275,5323,862,6039,3706
2144: 2713,7684,5224,6198,7694,1438
2145: 5871,5399,3917,329,7651,5465
2146: 3939,7672,7623,10424,3919,3177
2147: 253,2779,290,642,1104,4119
2148: 5746,8008,706,5143,3684,3389
2149: 6019,5668,2087,2388,3808,6065
2150: 622,1208,2880,2744,2848,1458
2151: 3679,7999,3603,8067,4842,4909
2152: 8160,9974,3921,3832,10498,4179
2153: 3987,3671,8192,5997,5037,6040
2154: 1645,6671,11264,6288,7416,8702
2155: 5478,7584,7648,5436,4730,3504
2156: 4357,8191,5729,1388,10140,3626
2157: 7543,5692,2039,5877,3070,3938
2158: 6330,7304,9744,6675,8289,9743
2159: 4563,6997,8152,5217,3812,10376
2160: 7713,5509,5527,3257,7698,6128
2161: 5488,3946,3305,8180,10094,5701
2162: 1559,3129,6133,7702,4174,4168
2163: 3948,4076,558,142,8059,2723
2164: 4206,3090,2423,3950,3861,3315
2165: 8170,6057,3951,3716,3446,286
2166: 1115,6185,4405,2811,2988,1602
2167: 12157,9435,6850,11350,12047
2168: 10343,7381,9755,7449,10464,9397
2169: 9853,3991,4638,6574,6686,7499
2170: 1964,5841,1176,9963,5859,5051
2171: 7997,7058,5180,7737,12510,2670
2172: 3964,3370,6150,638,3705,2638
2173: 4281,5728,4381,1586,2617,5779
2174: 632,1122,7666,6066,7693,2706
2175: 712,4249,982,8199,9955,1587
2176: 3960,2036,1984,1481,5752,4088
2177: 7307,9899,10046,1249,5489
2178: 639,1731,853,1114,286,1369
2179: 7548,1970,7709,5311,5513,4481
2180: 9829,5676,3190,6060,6002,10427
2181: 3976,10122,7310,7194,10247,9510
2182: 2193,6222,3831,4905,7325,5519
2183: 2477,4258,4296,1590,2003,46
2184: 4936,8120,5523,8185,3696,4471
2185: 1372,2035,298,158,4306,905
2186: 4355,2472,4336,2781,1535,2743
2187: 6912,10325,9979,5525,6698,8739
2188: 290,642,1685,1920,2899,1377
2189: 1114,1555,5860,2772,2118,1369
2190: 9908,5990,10461,1594,3984,9900
2191: 3986,5527,7851,5587,5110,12509
2192: 4293,643,2431,245,957,5742
2193: 6222,3998,2182,640,7325,6704
2194: 5791,7674,3522,4208,2678,6091
2195: 965,4077,5681,4243,166,5986
2196: 5928,621,7558,712,1587,8115
2197: 4284,62,1805,1227,5980,4322
2198: 1599,12090,2698,8297,9486,8616
2199: 2203,646,4343,5751,7900,1393
2200: 3866,5981,7635,5893,3524
2201: 8756,9613,7331,7271,12559,10495
2202: 1013,3562,2486,6193,5724,3124
2203: 2199,151,646,3249,5774,1393
2204: 3997,1571,9767,5547,5053,5246
2205: 5888,6208,1550,6006,2602,3638
2206: 9745,10400,5715,7850,2468,3107
2207: 10289,7483,1291,6720,9719,7523,12231
2208: 12113,5541,11369,9474,6722,8303
2209: 1563,4445,665,2288,5896,172
2210: 2704,6116,2832,4466,1808,940
2211: 5906,3094,5948,5973,1548,6032
2212: 4371,2341,5757,6092,4016,5862
2213: 10065,10151,10141,3159,4921,7055
2214: 3137,9874,7761,5564,1184,5544
2215: 669,5298,8222,7786,4133,3548
2216: 720,2393,119,1706,993,3296
2217: 3270,4193,672,9958,5679,3648
2218: 1462,4009,6161,2246,3408,2440
2219: 8585,9211,8778,3789,8309,5368
2220: 5917,1522,9960,1137,5939,5320
2221: 3472,7834,5553,6315,7803,12341
2222: 7738,7859,3282,1600,7380,4006
2223: 5982,5859,3073,9980,3868,5841
2224: 5639,4616,5055,180,3274,2421
2225: 1133,5926,4016,1613,5862,8146
2226: 2135,4416,1439,2607,4106,2571
2227: 3055,9893,469,2448,1591,906
2228: 4386,2656,3007,927,5784,1142
2229: 2717,572,5562,3993,663,8110
2230: 3816,10183,6129,5971,5665,4018
2231: 6079,2691,1407,4158,2432,255
2232: 8075,3277,4019,1987,703,5882
2233: 539,5181,838,5855,5568,5580
2234: 3625,5028,7032,6664,9749,6742
2235: 1618,573,3190,6060,5146,6013
2236: 4682,3478,12428,3379,3166,8129
2237: 5221,3970,185,3233,5550,913
2238: 5202,419,2084,3748,4133,4024
2239: 4025,4646,7534,2366,7824,9994
2240: 104,1838,949,1623,378,1181
2241: 4026,75,4193,6163,8117,4276
2242: 5767,5823,2279,2821,1003,1147
2243: 5769,6180,2403,4151,1000,1983
2244: 565,5900,2411,2057,1148,2712
2245: 7581,3923,8165,4028,5102,9810
2246: 2218,6161,1149,5890,1017,3408
2247: 508,7613,4319,2266,1638,5723
2248: 4252,2399,4329,1626,4321,22
2249: 10009,6751,9642,9991,7383,12335
2250: 7309,4714,8884,12388,12430,10667
2251: 9947,303,9888,12575,9917,8313
2252: 4425,2724,198,7640,5919,274
2253: 1559,6133,7662,3893,4138,4198
2254: 6923,4033,4556,6757,10319,10308
2255: 5674,9905,5592,4034,5185,1164,10463
2256: 1385,5742,4287,2659,5738,1738
2257: 11394,11391,10672,8331,6852,11485
2258: 6095,7535,3884,6107,2004,5894
2259: 5695,3537,1158,1715,5698,2556
2260: 1636,4197,2699,6093,1361,2021
2261: 10055,5419,10180,7425,7572,10230
2262: 5983,3462,5866,3203,6214,315
2263: 392,4449,527,681,8157,7802
2264: 4083,3334,1056,4277,4232,5726
2265: 10187,6768,8831,4505,1162,11353
2266: 2247,5700,508,4319,2575,9818
2267: 7528,6573,12294,7720,7750,9834
2268: 2482,4246,7580,2383,9935,4042
2269: 2042,4043,2984,2716,2958,613
2270: 2800,8032,1641,3004,6190,4390
2271: 8453,12281,7436,5606,8338,835,4044
2272: 4522,4794,5039,7809,9858,12402
2273: 2126,5702,1166,4093,2489,192
2274: 981,4122,1702,210,2921,1446
2275: 5381,5301,6668,9926,10382,4529
2276: 204,3894,5352,4332,9796,2415,689
2277: 3869,106,1376,3246,4047,3858
2278: 5952,4728,3974,3502,3542,5894
2279: 2242,8169,5767,2889,1147,1713
2280: 4049,6778,10267,7444,4534,10244
2281: 1452,5755,214,4320,8183,7647
2282: 5488,4074,1470,4211,4180,5996
2283: 12295,4578,8339,12253,6298,6337
2284: 1182,2578,2419,4369,1720,4368
2285: 6885,7770,5498,3763,5157,9777
2286: 3135,9331,8867,11944,11406,11228
2287: 1172,4053,4548,7844,7872,7926
2288: 2719,1707,4178,5896,2209,4445
2289: 11176,8482,5622,4054,8876,6790
2290: 2892,69,1190,4388,4457,5744
2291: 967,5703,5714,217,2854,4269
2292: 1174,4037,3121,6062,3207,4055
2293: 9863,696,6796,8007,6703,9765
2294: 6923,2435,4556,7406,8436,6798
2295: 5915,6104,3524,7545,3959,3866,3241
2296: 5694,419,8178,3601,2667,2084
2297: 3979,4261,4309,4338,5722,2576
2298: 3475,360,2606,5707,1353,2622
2299: 4698,7947,3489,4559,3378,9820
2300: 4061,2445,4295,1236,2136,3353
2301: 4323,1682,2451,3335,3765,3392
2302: 5796,4367,763,1504,2443,1735
2303: 112,201,1153,422,2926,4324
2304: 12447,487,4641,5074,9800,8225
2305: 6202,8019,5260,5373,697,9887
2306: 9609,11419,10691,8896,12203,11683
2307: 2647,2141,1567,1084,1364,3084
2308: 310,2773,1745,1663,4274,1300
2309: 4958,7566,6010,3785,8154,574
2310: 6081,2359,6148,4291,5711,5699
2311: 4254,3091,6143,4352,1029,7733
2312: 6036,4376,6166,5735,2666,10412
2313: 4296,4099,1590,1384,6195,2999
2314: 8100,5299,6228,461,3597,5671
2315: 5007,5219,10253,7530,9864
2316: 7404,10421,9800,3101,12447,10302
2317: 9779,2673,503,5773,3982,2493
2318: 1186,4236,685,2984,3717,4187
2319: 1068,8172,7624,5345,5885,4904
2320: 231,1093,1763,2972,6174,4317
2321: 6088,7547,6070,4175,923,7663
2322: 7292,9589,6729,8365,8842,7476
2323: 7758,5395,9808,4699,6423,8071
2324: 4332,9796,1650,309,10206,2461
2325: 6142,8025,5700,9818,5094,10423
2326: 6033,6036,3990,7558,4318,1598
2327: 10130,5097,5591,3262,1686,3934
2328: 5940,3481,5719,7671,5708,8186
2329: 1753,2474,240,925,1985,872
2330: 9788,4893,5491,709,8188,4593
2331: 9791,6874,5609,6826,5476,10440
2332: 6829,5561,10314,7564,10292,10327
2333: 3176,7224,4920,8040,1486,4600
2334: 8936,9971,3584,6832,12239,8796
2335: 1753,1199,517,2474,1025,4358
2336: 3863,6748,10068,168,5426,3142
2337: 4606,3072,7915,3245,7785,7928
2338: 4373,2625,1788,120,4345,2553
2339: 5978,3151,7550,3432,8144,6014
2340: 7771,3455,3291,12492,288,3397
2341: 2212,4371,4257,4245,5757,6073
2342: 4806,6839,12498,12472,5234,7917
2343: 8107,5272,6843,7448,9877,8236
2344: 564,1069,5759,6052,4095,6100
2345: 4293,3400,1385,764,5790,4354
2346: 8380,11994,6847,11450,11437
2347: 3167,6849,8557,12537,9918,10476
2348: 314,8529,8657,10153,12318,9962
2349: 5668,3808,5123,5854,3289,8028
2350: 308,4219,4183,4187,4076,2723
2351: 3262,8115,3118,5872,712,9955
2352: 3768,5992,4892,7623,3593,4253
2353: 4066,968,2832,2583,5680,394
2354: 12063,6853,6746,11447,8566,7497
2355: 4635,8023,1271,5916,5889,3185
2356: 316,1396,4160,481,4114,730
2357: 1655,10171,3023,257,3019,8197
2358: 4394,2890,277,5804,8162,9992
2359: 6081,2310,4291,4283,4239,5711
2360: 1954,5693,5800,5751,1395,2065
2361: 6078,6218,8045,3935,3663,2420
2362: 5398,3197,8126,5807,8090,7735
2363: 10383,6859,2469,4644,2041,7501
2364: 3194,3943,5444,789,5676,5914
2365: 3698,5677,4859,2532,3227,3489
2366: 2239,4025,5577,4621,9994,8089
2367: 2551,5946,3145,1733,6205,5663
2368: 115,1691,1695,2676,2378,2119
2369: 1216,320,916,145,690,739
2370: 5834,265,4242,12511,2060,10143
2371: 4235,3209,8189,1807,10143,5834
2372: 9862,4702,7323,8582,8655,12338
2373: 7677,4832,10467,5481,5328,3880
2374: 5617,9939,5504,10468,7748,1693
2375: 4666,10210,3218,12353,12374,7508
2376: 1131,3377,7780,8202,3370,638
2377: 5852,3661,5054,3877,5573,4022
2378: 1695,2368,4425,7640,2119,1735
2379: 5469,6291,7298,12483,10490,6231
2380: 10003,6975,10004,9923,8792,9968
2381: 7852,8401,5121,8054,6400,4681
2382: 5214,10173,9951,12478,6875,10307,1392
2383: 2391,3286,9935,4652,7580,2268
2384: 9862,7636,4650,8288,6879,10073
2385: 1159,8012,7873,7965,3173,5898
2386: 1653,748,1090,2786,4393,3693
2387: 2839,899,3818,2502,2540,3067,4368
2388: 2149,6019,2087,4097,5383,4162
2389: 5613,5566,4692,4685,5138,6250
2390: 3869,2634,10498,3739,3246,2108
2391: 2383,4652,7580,6071,6098,3248
2392: 6885,5229,3763,7874,7499,8610
2393: 2819,720,2216,1706,2931,1619
2394: 9867,9850,10365,12412,1606,9770,753
2395: 966,4163,7727,3725,2640,1187
2396: 6537,4524,7586,60,3881,6890
2397: 7654,8178,2667,10106,12314,3298,2565
2398: 6278,11467,10646,10732,8516,8287
2399: 607,4067,4100,2248,1626,4321
2400: 7745,7493,6899,7790,7170,6284
2401: 2010,3271,582,1651,4111,9992
2402: 6196,5736,8179,10098,4284,3598,1227
2403: 1976,5769,6180,3303,4333,2243
2404: 7908,2015,8227,10414,10322,3080
2405: 6034,8116,3769,5920,8109,2574
2406: 11472,7362,12171,6281,6502,8514
2407: 1174,4205,4264,12543,3649,1397
2408: 5611,5903,3280,12389,12346,4718
2409: 717,1972,7604,8170,3951,1473
2410: 1716,756,2439,5691,4137,4290
2411: 4395,1230,2244,2057,1148,2038
2412: 4223,1080,5796,2109,4397,5227
2413: 6908,9738,12422,10178,287,6296
2414: 4292,4384,1290,6197,3400,764
2415: 204,2276,4332,1231,12531,836
2416: 10198,6911,12476,5048,10255,6391
2417: 7771,5703,217,3397,6167,7
2418: 2011,2566,3556,3369,3293,1797
2419: 2284,2578,1503,1720,866,307
2420: 6078,6218,2361,8064,10478,9900
2421: 3274,5966,7597,5055,2224,1722
2422: 8209,1665,7733,4423,4230,4352
2423: 1723,2164,3861,3315,967,4086
2424: 5912,5905,7646,8136,3980,6024
2425: 4570,7833,3307,4731,5306,10190
2426: 1410,120,6158,5702,4093,2695
2427: 5072,3085,7724,7772,5516,7730
2428: 4591,6481,5440,9852,10431,10190
2429: 7762,7265,5596,3266,10415,5238
2430: 12377,12128,9561,5641,9355,11407
2431: 643,2192,5742,3874,4558,2659
2432: 6224,773,255,4900,2231,4158
2433: 8194,306,3325,7593,8227,10414
2434: 3184,2136,6145,2002,3621,1236
2435: 2294,7247,6923,7406,4749,6342
2436: 639,1731,2616,2743,2742,467
2437: 1056,6038,3767,4865,776
2438: 7991,4214,9993,1297,4290,6186
2439: 1716,1793,2410,1000,756,4241
2440: 4169,3408,1422,2218,4009,12386
2441: 3337,3615,468,3770,1191,47
2442: 4138,4198,4310,4327,5766,700
2443: 1504,4346,2020,2119,1735,2302
2444: 7924,1082,7621,784,6027,3874
2445: 4061,2300,4261,5994,4295,4309
2446: 3908,3479,5783,1047,4239,10489
2447: 3157,8049,3629,9890,4756,7661
2448: 182,1591,4272,1737,2227,9893
2449: 5278,7706,3129,5802,1581,6118
2450: 3637,8161,10123,80,5902,9834
2451: 1659,4323,2301,5790,3335,1738
2452: 10448,10330,7805,6364,10329,3488
2453: 4635,5918,1253,3185,5454,7529
2454: 6540,4763,9856,7568,5295,4649
2455: 3418,12546,4061,5994,7796,7914
2456: 123,1985,872,1421,2674,1743
2457: 10303,12449,8621,3309,6936,6379
2458: 308,4219,1954,5693,4374,11
2459: 1313,6382,8446,9504,11493,10758
2460: 4771,8139,4865,3520,776,2536
2461: 807,3406,10206,2324,4332,1231
2462: 1773,4115,599,3643,236,2130
2463: 1543,4064,4278,5736,8051,8179
2464: 2047,3712,7669,8117,672,3368
2465: 1008,2642,3591,3329,3610,7658
2466: 4498,9087,9665,8544,8619,9927
2467: 1785,3589,4688,4887,3342,4776
2468: 807,3107,1231,12531,9745,2206
2469: 2363,10383,7501,6951,6395,3269
2470: 874,1750,2587,2646,5731,921
2471: 1268,4782,5520,5793,9996,4667
2472: 4355,2547,853,2186,1731,2743
2473: 929,3713,4615,12463,4785,3734
2474: 2329,1753,1199,2335,925,2030
2475: 7032,9749,10298,12426,9760,10097
2476: 8538,10771,6959,3428,8584,11528
2477: 2183,8183,4296,2003,228,7647
2478: 4533,12452,6961,6260,7415,4793,4030
2479: 8400,6963,9154,5210,8459,3508
2480: 6332,4549,7147,9997,10166,9948
2481: 6085,815,5874,3537,1158,3121
2482: 4246,4144,86,7580,2268,9881
2483: 7559,10436,9861,4626,5762,3442
2484: 3587,3647,4562,3924,3758,2830
2485: 6426,9808,6423,4799,6326,4739
2486: 2202,3367,1013,5724,5743,649
2487: 1273,5331,3672,6023,7082,8168
2488: 325,1297,2511,4325,1288,4137
2489: 2273,818,4093,192,4252,1626
2490: 32,8046,8084,8000,3352,8021
2491: 3417,5771,4580,5337,820,4680
2492: 5956,1747,3912,12298,5886,3340
2493: 2011,3645,2317,503,3982,3293
2494: 11511,8820,9319,7454,12029,10779
2495: 2051,4129,1279,4421,57,1511,1274
2496: 3426,4812,7639,3979,8184,6015
2497: 5786,4351,3505,8070,605,196
2498: 5998,1960,7571,6074,3359,7634
2499: 12036,3845,5326,8472,9464,3900
2500: 1752,8176,4429,538,3436,3691
2501: 7818,1581,6225,3358,5376,1252
2502: 3818,2387,6022,824,4368,365
2503: 5682,7660,5762,1253,3442,3506
2504: 3802,7993,12352,3268,12584,12465
2505: 1266,88,10323,6314,3105,3576
2506: 10083,3544,5704,6044,857,2559
2507: 7977,7951,10421,3451,9844,7978
2508: 3692,2627,4643,7666,7693,4997
2509: 3630,2002,3333,3621,4950,1286
2510: 165,339,6169,8132,3742,3454
2511: 4325,7612,5764,3456,2488,1288
2512: 7989,4649,9849,3812,4563,8125
2513: 4286,423,5728,2792,2696,1411
2514: 4749,7911,5650,5590,6342,8065
2515: 5286,3852,828,5171,4833,3463
2516: 3465,3939,4479,12358,1625,7672
2517: 8805,6996,11595,9161,11522,11153
2518: 12268,4492,12373,8473,9925,10782
2519: 7005,5162,10303,12449,10116,12396
2520: 7009,6361,8490,4675,8627
2521: 4153,6114,10400,2648,2069,6169
2522: 5682,7660,3477,5152,6063,3972
2523: 6109,4062,6126,3890,3535,5783
2524: 6112,5662,6079,1783,4165,2085
2525: 3655,7760,3423,6187,3174,1095
2526: 2614,3546,6200,3141,4075,354
2527: 11432,6833,11608,11205,10795,8850
2528: 54,1784,1432,489,803,1903
2529: 4087,841,0,1073,261,4411
2530: 9889,5811,12360,8035,2019,8086
2531: 360,2044,5707,4004,2704,6116
2532: 4859,2365,1616,4931,3227,5536
2533: 10366,6279,9547,7019,10304,4510
2534: 5675,404,2040,5869,6005,1296
2535: 8394,3498,10131,7021,6378,10239
2536: 4771,2460,4865,2054,5958,3500
2537: 9922,1237,1990,4217,8039,6186
2538: 11743,8499,12272,6637,3699,9310
2539: 4192,6213,1447,8055,3572,904
2540: 1328,3067,4369,4368,899,2387
2541: 4196,2570,862,7747,2655,1316
2542: 1520,2051,1279,5727,850,367
2543: 4460,4327,5766,201,2951,6125
2544: 10803,11536,8576,4746,8503,11760
2545: 11538,11067,8507,1545
2546: 12034,11540,9421,10574,3516,11613
2547: 4355,2472,8176,853,4429,5979,6057
2548: 7878,4764,9750,5585,4883,7781,6662
2549: 1792,4353,662,244,5781,2037
2550: 6297,6871,7598,4653,7599,5111
2551: 2367,3525,3330,5946,9945,1733
2552: 1129,2772,3446,3716,3530,2134
2553: 120,2126,5702,4345,2338,5756
2554: 3532,10392,7865,5647,6349,7918
2555: 10510,3534,10027,5076,6857,7744
2556: 5698,5718,12494,3492,3537,2259
2557: 1962,914,2796,4102,5797,379
2558: 2802,1794,4292,1572,2805,4384
2559: 2071,857,3772,1770,2506,5704
2560: 8026,6535,3158,6431,4903,4658
2561: 4072,5750,4154,4298,1469,2858
2562: 123,3905,1743,2570,1439,1316
2563: 8617,6582,10923,4906,11637,11549
2564: 1435,5785,2905,1803,6188,4299
2565: 2597,3298,4226,2397,7654,3780
2566: 3329,3556,2418,3369,2642,3731
2567: 4967,7050,6674,892,12393,10235,12395
2568: 565,2057,5661,4374,4392,1961
2569: 8525,12255,11553,8833,11196,6531
2570: 858,4196,1743,2541,2562,1316
2571: 7747,1553,4106,1316,1439,2226
2572: 4385,2913,389,2791,1303,5835
2573: 1319,2000,5840,9779,230,5830,2673
2574: 8109,4316,3735,1178,2405,3769
2575: 5700,508,2266,1807,7678,8189
2576: 6156,5722,1177,4207,2297,4338
2577: 3620,7660,6063,3506,6213,3572
2578: 2284,1340,352,2419,4369,866
2579: 4584,8532,4527,11115,11654,9259
2580: 231,4098,2600,6174,625,1123
2581: 4223,2109,1430,7988,12501,1323
2582: 4312,2674,925,1350,6067,872
2583: 4004,2353,6116,2832,4349,394
2584: 6484,10259,6719,3161,4923,7066
2585: 4881,10072,7570,4579,4939,10102,8167
2586: 4928,4512,7073,12301,5656,3346
2587: 2470,874,5775,2031,2646,4304
2588: 4416,8111,4106,2086,415,3806
2589: 5007,9906,7530,6587,8067,4909
2590: 9351,6633,9337,8541,7079,9162
2591: 8542,8569,6539,5403,4822,9369
2592: 1223,4579,4938,3957,3616,10045
2593: 7674,3936,1108,3522,6146,6131
2594: 8545,6642,10044,8334,9427,8789
2595: 8547,8315,10832,11019,7088
2596: 7090,6912,9988,9979,3740,6575
2597: 7704,3260,7589,3298,2565,4226,4220
2598: 7734,820,4680,7736,7711,7822
2599: 409,1657,3018,636,1530,1370
2600: 2580,231,2857,1338,625,1614
2601: 10834,8550,8906,7094,11695,11568
2602: 412,3638,6006,2205,2686,5857
2603: 4402,6194,2695,888,5830,242
2604: 4959,5684,7701,463,6012,3780
2605: 2830,907,2771,6178,4063,5763
2606: 4126,3475,2298,12543,1353,1397
2607: 662,2135,4416,2226,9929,2714
2608: 9273,10232,8783,6957,7065,11579
2609: 10256,10235,12395,8419,3316,6510
2610: 5202,8178,2084,10106,3659,5740
2611: 4286,5721,4211,4228,4180,141
2612: 3665,7846,6791,6647,7799,7782
2613: 2664,5895,5933,461,6220,3775
2614: 2526,3141,2720,3483,4075,9975
2615: 1350,458,6067,5683,2653,5689
2616: 2436,639,897,2742,1420,1886
2617: 236,2130,5779,2173,1586,1093,1763
2618: 11768,8558,4975,11954,11354,9079
2619: 6845,11580,11445,11000,7108,9350
2620: 875,4982,10026,5204,6819,8913
2621: 12526,6451,6702,8743,12489,4821
2622: 1353,1956,3308,5843,2298,5707
2623: 3345,5313,2050,5405,3687,8076
2624: 874,2682,4304,1354,4363,2052
2625: 4383,4373,4218,2338,918,1788
2626: 4040,9552,6861,10352,7276,12323
2627: 2508,7666,8196,4997,3816,10183
2628: 11567,11025,4778,8480,7064,11585
2629: 5291,7126,9172,6733,11704,11590
2630: 1504,4259,435,2020,3249,2070
2631: 3723,8006,8010,8094,4658,5124
2632: 6819,8572,7077,6628,5204,4933
2633: 7855,7838,5110,7869,2076,7851
2634: 2390,3739,2108,2647,4326,2788
2635: 8232,4023,7824,5575,10374,9994
2636: 3778,4214,9993,8128,4215,10152
2637: 2913,1826,1303,4391,4379,442
2638: 3719,3705,4930,6150,2172,3811
2639: 7136,3372,6473,10301,6747,12525
2640: 1647,3725,5842,1491,1187,2395
2641: 8158,5018,7576,292,5965,10491,3831
2642: 3591,3341,2465,3731,3329,2566
2643: 1186,385,1372,2035,1514,2104
2644: 10475,10224,9772,5177,7739,7941
2645: 826,530,3005,3022,449,1440
2646: 2470,5775,2587,921,3243,124
2647: 4326,2307,1364,3084,2634,2108
2648: 3464,3767,2069,3742,6169,2521
2649: 9758,7616,9871,5507,3746,9604
2650: 6868,10316,5142,7148,6653,10216
2651: 6209,924,6201,546,12486,3252
2652: 8583,10862,10524,11168
2653: 1509,6067,5683,2615,2009,2030
2654: 8585,8309,12162,4010,7154,9301
2655: 7747,6076,1758,3183,2541,862
2656: 4386,5720,3743,2228,3007,1515
2657: 4422,4161,5833,9870,10444,1556
2658: 6862,9891,9878,3254,6905,11380,7150
2659: 3404,4287,4558,2431,2256,5742
2660: 6934,12417,2096,9761,6615,6946,10265
2661: 1467,3768,3942,3284,458,3593
2662: 10459,2113,4653,5164,9832,7167
2663: 4278,1746,1388,2682,5731,3626
2664: 2613,6031,5895,5954,6220,3775
2665: 374,931,999,1721,1672,780
2666: 1191,5735,3337,10412,12540,2312
2667: 2296,2397,7654,8178,3601,463
2668: 563,5784,1142,5792,1551,932
2669: 5177,3962,9904,7162,8893,12408
2670: 3786,4922,10269,8220,2171,7737,12510
2671: 1205,1605,12583,10425,6179,3165
2672: 7679,5668,6065,5123,9809,10430
2673: 2573,2000,9779,2317,3982,1394
2674: 858,4312,1743,2582,2456,872
2675: 202,3615,468,3792,93,6164
2676: 115,985,1691,2368,1395,2065
2677: 3892,1423,941,4102,5805,2694
2678: 6152,1518,3829,6091,5791,2194
2679: 10278,4139,4300,1452,528,4136
2680: 5629,9143,6787,10532,10609,10892
2681: 9828,7182,5600,9463,10157,10122
2682: 874,2624,5731,3626,2663,4363
2683: 10582,11278
2684: 7882,5215,4786,10328,5069,12471,7753
2685: 9794,5865,5870,6028,8200,3814
2686: 5857,3867,1404,3871,6006,2602
2687: 6394,8382,3821,9168,10903,11021,7189
2688: 3823,1988,993,3296,4078,7919
2689: 9250,5318,953,6309,8096,6488,1975
2690: 7191,6294,10506,9181,4719,8305
2691: 2231,5662,4273,6079,1407,5974
2692: 2809,1096,1878,2853,890,590
2693: 9941,9886,7655,9892,8943,6243,6941
2694: 1794,4384,2677,941,6197,5805
2695: 4402,2603,242,1410,6158,2426
2696: 2513,2792,1411,2777,4305,1773
2697: 7087,9326,1419,8069,7755,3851
2698: 1599,12090,12367,6277,2198,11448
2699: 1636,4120,4197,963,2260,1977
2700: 7667,1362,3813,5095,3603,900
2701: 9909,1079,1058,4268,7610,1981
2702: 6202,8226,5284,3888,8019,4565
2703: 6096,5922,1574,8163,6083,6088,5883
2704: 2210,6116,940,5843,2531,5707
2705: 6094,3890,5709,12386,1091,4451
2706: 632,2174,1122,3966,3182,9802
2707: 351,1292,1424,2138,2824,4148
2708: 1510,5748,1346,382,2925,4145
2709: 4590,6403,10504,3422,7478,6541
2710: 3343,7662,3893,7603,4014,7602
2711: 3496,3949,8155,1306,3530,4250
2712: 5900,2244,103,1148,2099,4117
2713: 2144,3872,3471,6106,7684,7694
2714: 4353,662,2135,2607,2884,476
2715: 4192,904,6181,3405,6137,918
2716: 2042,2269,6125,613,4460,4225
2717: 2229,5562,3876,6113,3926,3993,6223
2718: 5755,4136,5999,4339,4385,389
2719: 4311,1707,4178,421,2288,8171
2720: 3407,3483,6051,1180,2614,9975
2721: 688,444,1656,971,4135,3008,2948
2722: 787,951,267,3027,3015,1829
2723: 4076,558,2163,3717,2350,4187
2724: 4425,1653,2252,748,2766,5919
2725: 781,1161,1074,301,5739,1264
2726: 2955,139,54,2939,1814,2762
2727: 502,1555,1129,1666,975,2816
2728: 1629,978,1671,1344,1501,1848
2729: 1432,1488,1680,5747,744,1784
2730: 134,6132,3035,67,794,4458
2731: 611,1575,452,1633,2983,122
2732: 10238,4200,1239,4458,4446,6132
2733: 1259,1815,110,3031,600,408
2734: 535,2993,601,135,902,438,3032
2735: 399,593,1848,984,1689,4260
2736: 2934,699,251,1607,1657,3063
2737: 6111,778,7710,6172,1103,6155
2738: 4194,1751,3036,1004,181,1843
2739: 171,1152,1634,567,734,12
2740: 10445,282,1060,1624,1751,3036
2741: 1139,810,660,3058,175,2879
2742: 2436,2616,6170,467,1886,759
2743: 2436,1731,1535,467,2472,2186
2744: 162,2848,387,622,2150,1330
2745: 2936,1450,410,1725,1535,2781
2746: 2754,223,1232,1010,3047,504
2747: 1827,801,627,1087,920,3038
2748: 1874,1557,936,6084,7676,1552
2749: 523,1287,810,660,457,340
2750: 4224,659,87,1694,1302,116
2751: 1196,1575,704,1830,4248,1444
2752: 176,962,988,493,3040,2
2753: 1835,4176,950,6216,337,3045
2754: 2746,911,593,471,223,3047
2755: 830,956,926,1356,2971,1207
2756: 3043,869,457,1874,936,44
2757: 749,4113,1165,433,825,1852
2758: 1072,1495,3044,15,718,1885
2759: 1823,859,317,1301,4172,2768
2760: 262,261,2770,560,1039,8148
2761: 1672,1530,852,311,453,636
2762: 2955,2811,2988,1814,2726,1913,5174
2763: 1617,4164,737,859,732,1660
2764: 790,1578,5949,1582,4379,1098,1918
2765: 429,1010,757,843,1924,3042
2766: 1653,216,2724,537,683,5919
2767: 880,3960,4445,665,4199,5696
2768: 1301,2759,4172,5935,4159,313
2769: 4088,4347,4399,4359,2036,552
2770: 1136,1112,560,7561,8148,2760
2771: 2605,907,1553,1758,6178,2086
2772: 2189,2552,1114,1555,1129,3446
2773: 2068,2308,1745,1663,4142,82
2774: 254,5753,1776,1968,6160,980
2775: 5753,130,305,1175,2813,980
2776: 1928,3000,4222,495,733,7686
2777: 507,1411,4322,2696,4305,1805
2778: 668,1029,1949,1391,4389,4254
2779: 253,879,642,2147,4131,6056
2780: 1679,527,6119,681,203,1062
2781: 2186,4336,1374,2936,2745,1535
2782: 492,295,156,647,937,278
2783: 2829,5716,6160,4465,2813,980
2784: 3056,1128,225,637,1150,1813
2785: 1864,806,819,176,829,684
2786: 1090,5,5831,2038,3693,2386
2787: 2823,2874,1732,405,119,1134
2788: 880,5696,2634,3739,1454,4326
2789: 1699,2833,154,1247,1500,597
2790: 1226,5809,18,4116,6190,4390
2791: 2572,1519,2913,389,834,4380
2792: 5728,2513,2696,1773,236,5779
2793: 5840,230,729,3062,1030,1475
2794: 1724,6130,22,5772,4252,818
2795: 6177,626,2849,1099,2846,8153
2796: 4441,5713,2557,941,914,4102
2797: 1773,599,4305,8169,213
2798: 5799,710,695,831,1542,8102
2799: 2870,1183,2840,4455,279,5
2800: 2928,5803,1641,2270,1034,4390
2801: 786,4341,1086,129,65,2986
2802: 1794,1572,2558,4190,4441,1775
2803: 1001,2962,1786,240,474,9912
2804: 1424,2845,4337,1238,459,351
2805: 4292,479,3361,1572,2558,1474
2806: 1262,922,7625,7656,4399,4359
2807: 235,1786,1774,2902,9912,10465
2808: 4444,1105,592,1076,513,3023
2809: 4455,279,2692,1096,890,2875
2810: 305,2861,1175,1806,96,1368
2811: 2988,2762,1913,652,4405,2166
2812: 7625,7656,2857,625,868,2865
2813: 2783,2829,980,2775,305,1051
2814: 5770,4344,1030,260,5808,1475
2815: 1319,5840,260,2915,1475,6203
2816: 975,6210,616,2134,2727,1129
2817: 1226,4152,18,237,898,3017
2818: 5788,1800,4081,3063,109,699
2819: 2393,1706,1619,3076,2912,428
2820: 804,2954,1124,184,1705,127
2821: 2242,3598,5823,4377,1003,4340
2822: 3823,1405,1732,1064,2874,4380
2823: 1519,1826,2874,2787,405,614
2824: 137,2901,1325,4148,1292,2707
2825: 1493,1335,1806,96,2908,2924
2826: 143,5846,3065,798,4365,4413
2827: 2833,1238,2937,351,1292,1506
2828: 2932,2900,2876,1532,4375,691
2829: 2783,5716,2813,1051,1381,679
2830: 2605,907,2484,3647,3758,4063
2831: 1048,5716,3066,1381,1673,4082
2832: 2353,2210,6116,4466,2583,5680
2833: 1699,1238,2827,2937,2789,154
2834: 98,983,1858,490,64,657
2835: 5849,2836,1521,673,226,2894
2836: 6194,5849,888,6203,2835,673
2837: 2870,1183,2982,537,683,1503
2838: 2897,5932,2887,1644,1749,7560
2839: 10222,899,4123,3818,12462,2387
2840: 2870,4455,2799,846,8174,2947
2841: 3057,4331,591,4428,140,131
2842: 1905,560,1214,1039,707,84
2843: 123,1592,3905,1421,476,946
2844: 1627,475,1757,2904,1533,1331
2845: 3243,124,813,4337,2804,459
2846: 12411,2795,2849,1099,1340,1328
2847: 4110,833,77,26,4408,1111
2848: 2744,300,4090,387,1458,2150
2849: 2795,626,2846,2855,1340,352
2850: 2861,2961,366,2869,631,2906
2851: 9,1833,269,1910,4096,615
2852: 1592,1001,946,186,2952,4404
2853: 956,1878,2971,890,1310,2692
2854: 967,2291,5975,4269,1723,1962
2855: 626,2849,7560,4089,406,2950,352
2856: 1192,4360,5824,1494,10,1532
2857: 2600,625,1614,2812,5964,2865
2858: 2863,4265,2561,4298,1469,6102,6162
2859: 4087,3022,1073,1244,449,1024
2860: 7954,2943,2931,1619,2871,548,676
2861: 2810,2961,96,2850,2869,1368
2862: 4402,1724,5849,6130,888,465
2863: 871,1383,4265,2858,4298,2963
2864: 1664,125,484,369,1428,2974
2865: 868,6029,2857,2812,4427,5964
2866: 1197,919,901,826,1426,530
2867: 4366,78,5806,7594,5745,2053
2868: 645,1146,831,2914,77,4408
2869: 4101,1494,1368,631,2861,2850
2870: 1183,2840,2799,2837,8174,2982
2871: 2860,2943,808,676,4266
2872: 4090,4401,2893,1156,1446,895
2873: 922,4347,4399,4110,10480
2874: 1519,2823,4380,2787,1732,2822
2875: 1263,2959,890,2809,4455,846
2876: 2932,1712,2900,2828,2957,754
2877: 1209,6183,4,1973,3076,4109,428
2878: 1214,4430,479,3361,2910,2046
2879: 1432,1488,175,2741,489,1139
2880: 2150,1208,3024,1458,2981,1248
2881: 1610,10465,4125,235,1160,885
2882: 540,1014,2138,2998,1097,856
2883: 1621,1765,1009,1194,1742,48
2884: 4353,2714,2952,476,946,4092
2885: 1502,1390,1262,1111,4408,645
2886: 1040,356,771,2918,1375,2941
2887: 4315,226,5932,2838,1749,1521
2888: 1578,5949,3006,1558,5881,178
2889: 4115,599,8169,2279,1713,1311
2890: 2358,4394,5804,9992,4111,534,2006
2891: 956,1878,515,1356,4117,2099
2892: 195,69,1190,2290,589,4294
2893: 885,2872,4401,4125,1387,895
2894: 673,851,226,3016,1560,2835
2895: 2046,5846,8205,798,479,1474
2896: 790,1542,179,1582,3021,991
2897: 406,5932,1460,2838,909,7560
2898: 959,2921,1059,79,300,1156
2899: 386,1135,1377,31,2188,1920
2900: 556,2876,1532,2828,2957,10
2901: 579,137,2824,1464,2968,4148
2902: 186,9912,10465,4244,2807
2903: 1768,1577,1698,989,232,117
2904: 1627,8174,1757,2844,10054,2947
2905: 1803,2564,4299,1804,5863,506
2906: 1127,556,2850,366,2975,631
2907: 1502,1390,868,371,3001,6029
2908: 2825,1493,2961,96,562,903
2909: 1445,1534,366,2975,903,1357
2910: 2940,958,479,3361,4430,2878
2911: 4427,1576,6053,5972,4150,177
2912: 1115,1083,6185,428,2819,7954,1619
2913: 2572,1519,2791,1826,1303,2637
2914: 645,2868,1146,294,50,4156
2915: 3002,260,673,1560,6203,2815
2916: 1617,958,1428,2974,1767,52
2917: 919,3017,2924,237,1782,1335
2918: 356,2886,1824,1375,4140,4124
2919: 4113,1697,1611,989,4412,1698
2920: 90,338,816,1903,1026,2939
2921: 210,1059,2898,2274,1156,1446
2922: 33,893,4453,6105,1242,12444
2923: 434,2992,575,21,1185,1482
2924: 1197,919,2917,2825,1493,1335
2925: 2963,1510,1346,3010,2708,1247
2926: 112,265,1673,422,2303,4082
2927: 101,5868,2985,4128,1603,6216
2928: 2800,130,5803,1034,1782,1443
2929: 2081,395,91,3020,1140,901
2930: 4126,3475,220,6159,7619,4300
2931: 2860,720,2393,2943,1619,1065
2932: 1712,2876,2828,4129,4375,4421
2933: 1802,1860,330,252,998,1741
2934: 1004,1843,699,2736,251,135
2935: 3002,1373,5808,1640,111,864
2936: 1374,3003,4378,1450,2745,2781
2937: 153,2833,2827,595,154,1506
2938: 1597,1124,184,705,440,2976
2939: 139,54,2726,2920,1903,1026
2940: 2910,958,52,2016,3009,4430
2941: 1375,879,771,2886,1679,203
2942: 905,7718,2958,613,298,1300
2943: 2860,2931,1065,3008,2871,4135,808
2944: 153,1506,4132,1325,1342,1126
2945: 1062,4344,1373,194,771,1679
2946: 3643,2130,575,1763,2972,21
2947: 8174,2904,10054,782,2840,846
2948: 4105,734,4406,688,2721,4135
2949: 1263,89,1276,1400,81,1310
2950: 406,1460,4143,4089,1533,2855
2951: 6125,7718,201,4324,310,2543
2952: 5844,4404,946,2852,4092,2884
2953: 514,5174,4459,2053,1267,1913
2954: 804,1768,1698,1124,2820,1697
2955: 139,1814,2762,2726,5174,4079
2956: 4315,851,417,1278,2967,2960
2957: 1127,556,2900,2876,2991,754
2958: 2269,685,905,2984,613,2942
2959: 1263,1276,1398,2875,782,846
2960: 2967,1194,1621,722,2956,1278
2961: 2861,96,2908,2850,366,903
2962: 1985,1592,1001,1421,2803,240
2963: 4298,1346,3010,2925,2863,871
2964: 411,701,4188,1564,209,648
2965: 1014,2998,1261,1311,1185,1256
2966: 521,1908,4428,1921,10280,827
2967: 5932,1194,2960,909,4315,2956
2968: 1464,2901,4148,348,540,845
2969: 348,845,1261,1482,1714,4103
2970: 445,1642,1441,9910,1037,1774
2971: 830,956,2755,2853,1400,1310
2972: 2320,231,1763,1338,21,2946
2973: 6195,1632,1401,2999,1219,1188
2974: 1617,4164,1428,2916,1664,2864
2975: 1534,366,1709,2909,1127,2906
2976: 1627,475,1597,2938,440,930
2977: 1756,4173,1006,3030,4437,502
2978: 1294,1664,125,353,1383,863
2979: 1500,5690,5775,124,1699,459
2980: 788,164,1357,1089,1487,334
2981: 1269,1248,526,79,1458,2880
2982: 8174,1757,307,2870,2837,1503
2983: 1196,1575,2731,311,122,453
2984: 2269,685,4043,2958,2318,3717
2985: 378,4128,1601,949,1603,2927
2986: 517,8066,129,2801,4341,9924,445
2987: 518,10433,1041,1119,2997,206,267
2988: 744,2811,1814,2762,1602,2166
2989: 1868,94,1531,1887,793,785
2990: 1831,238,1828,6108,4157,1938
2991: 1127,994,2957,754,1527,1709
2992: 1339,434,2923,1338,21,1614
2993: 535,973,902,1442,2734
2994: 1697,1193,4412,774,211,804
2995: 1429,411,4224,659,4155,1476,35
2996: 1126,4330,801,289,627,4132
2997: 10433,2987,267,3015,1061,1939
2998: 348,540,1014,2965,1261,2882
2999: 6195,2973,1384,4361,2313,1219
3000: 733,2776,7686,4149,1389,1652
3001: 4149,1390,1389,371,2907,50
3002: 260,2915,2935,5808,1560,864
3003: 668,1737,1374,2936,4378,1696
3004: 2105,3669,6190,516,8032,2270
3005: 1081,3022,1035,2645,530,1635
3006: 935,1578,2888,450,6227,1558
3007: 5720,2228,182,2656,1591,927
3008: 2943,1065,444,2721,4135,808
3009: 1905,1934,5935,4430,2940,2016
3010: 2963,1247,2925,597,871,1336
3011: 1152,567,1212,318,775,960
3012: 1907,264,335,149,795,532
3013: 4173,1104,633,1049,290,1920
3014: 3060,5844,4404,4244,1596,711
3015: 482,1829,2722,267,2997,1939
3016: 851,2894,1560,417,864,692
3017: 919,2917,1426,898,2817,237
3018: 409,386,2599,1877,783,636
3019: 161,1655,10171,682,2357,4166
3020: 347,2081,1440,2929,901,826
3021: 5820,991,1704,4391,790,2896
3022: 3005,1073,1035,2859,449,2645
3023: 1076,513,257,2357,8197,2808
3024: 1739,1208,2880,666,222,1248
3025: 1120,800,301,4328,209,3068
3026: 1917,690,739,1869,624,945
3027: 933,462,1829,2722,787,1840
3028: 44,378,1601,4202,1416,1181
3029: 332,781,1264,59,1853,6170
3030: 520,4437,1795,502,1666,2977
3031: 979,1815,110,1820,716,2733
3032: 1414,8212,6206,902,2734,438
3033: 984,429,726,757,1689,4212
3034: 4418,1930,791,344,541,1907
3035: 67,1119,549,2730,794,1309
3036: 1751,2738,1843,282,2740,601
3037: 1414,777,6219,5813,6206,4400
3038: 920,4189,1246,1827,2747,1818
3039: 5975,4269,5758,1121,4442,5750,4154
3040: 1366,493,430,1922,962,2752
3041: 1879,1912,878,969,430,585
3042: 1923,1232,1870,1010,843,2765
3043: 457,2756,1287,44,1181,104
3044: 1072,1189,1495,1754,2758,760
3045: 950,799,337,2753,1492,8221
3046: 4112,9796,689,1650,7717,4388
3047: 4238,1799,504,2746,2754,471
3048: 4260,23,1344,114,704,1830
3049: 69,5744,8148,731,533,262
3050: 1063,6219,116,8223,1694,1855
3051: 326,7650,6053,177,992,4462
3052: 4307,582,6183,1651,1946,1033
3053: 5980,5733,7609,5666,2034,6215
3054: 1827,370,1386,4330,801,1565
3055: 4378,2227,1450,9893,906,4362
3056: 2784,1831,1828,1128,1833,1813
3057: 152,12248,2841,4331,591,655
3058: 1573,175,12,1825,2741,660
3059: 1003,1097,856,1147,813,4337
3060: 3014,1610,4244,1596,1529,162
3061: 514,1468,4227,4079,6153,4070
3062: 9779,230,729,2793,5836,5773
3063: 5788,952,2818,699,2736,1607
3064: 954,774,4216,211,1705,1436
3065: 2826,5846,1243,4108,1112,4413
3066: 1381,4267,2831,1673,5732,4456
3067: 2540,1328,12411,899,8210,2387
3068: 1564,4370,4328,209,5792,3025
3069: 983,1858,319,1854,1840,462
3070: 5189,3795,5947,7543,2157,3938
3071: 3,6046,5976,2128,5687,426
3072: 7915,7553,1744,7996,2337,7928
3073: 5867,5982,2223,5930,9980
3074: 4565,9798,4537,4777,5260,8019
3075: 9844,7978,5364,5063,7680,4633
3076: 428,1973,2877,4,2819,1706
3077: 1046,773,4900,3481,10258,8195
3078: 5026,7867,5009,12394,7839,7842
3079: 9213,9610,9600,11116,10608,8772
3080: 10322,5848,6,2404,5847,7908
3081: 12314,7615,3659,10106,1540,8171
3082: 5198,4771,8139,8135,5826,5892
3083: 5758,1121,1427,4191,5748,382
3084: 2647,2307,1084,2114,702,2108
3085: 5254,2094,2427,4735,7724,7772
3086: 10405,8027,9740,10452,4996,8099
3087: 11147,4877,10612,11647,7240,11842
3088: 990,6054,5136,5968,571,13
3089: 10337,3402,3541,5970,5558,5825,8229
3090: 4206,2164,6171,3892,1423,3315
3091: 5288,2311,6139,4289,6143,4352
3092: 4059,413,1546,5423,5993,6035
3093: 7126,11943,10613,11704,11048,11098
3094: 2211,5906,8121,5973,5599,4039
3095: 5295,4468,3569,6457,3741,5936
3096: 3670,3937,5299,1463,3536,7809
3097: 1258,5315,3263,2110,8235,3712
3098: 10310,7681,7795,12420,10215,3708,10205
3099: 4656,7952,7393,7789,7797,4494
3100: 3413,10075,5366,7841,4477,20
3101: 7404,10421,5542,2316,7951,7921
3102: 7299,12580,7339,1970,7709,6904,10139
3103: 7901,3911,7820,9843,12267,7825,5380,5314
3104: 11133,11703,11948,7159,9334,10619
3105: 5817,6314,7688,12448,3576,2505
3106: 8137,6070,2078,4048,1187,4163
3107: 807,2468,2074,10409,2206,7850
3108: 12049,12164,10622,9436,9324,9219
3109: 5998,3706,3551,1568,939,5323
3110: 7493,6899,12403,7990,4620,10241
3111: 8628,5327,8797,7243,9623,9532
3112: 4234,49,6217,5711,3144,9981
3113: 5329,7791,7776,1978,10443,4587,7934
3114: 6033,2007,4318,3636,6212,3904
3115: 9624,8801,12166,11864,6461,10776
3116: 9848,1157,3983,5503,4499,10387,5497
3117: 6220,1574,8081,9990,7573,4179
3118: 5941,5591,3262,8115,6229,2351
3119: 10621,8254,8804,10856,10627
3120: 3857,4669,6110,2055,7409,3366
3121: 2292,1158,4037,5874,2481,6062
3122: 99,3198,4443,3714,3256,9930
3123: 3801,7574,3920,5822,5850,1588
3124: 2202,3562,5724,817,1966,6163
3125: 10544,8808,11794,11243,10630,11473
3126: 10631,11217,3299,8859,11159,11220
3127: 60,8097,3881,5172,4618,2115
3128: 10231,7148,10216,8813,6756,10335
3129: 2162,5278,2449,7706,6133,7702
3130: 5561,4598,12466,6240,1094,3457
3131: 9587,12139,10635,11885,12170,7359
3132: 8723,9474,12082,6785,9697,8816
3133: 8819,11020,12534,9081,11169,6944
3134: 5543,5247,7336,9787,6249,7227
3135: 2286,9331,8821,11174,11406,12111
3136: 1585,7673,5778,5414,2103,5993
3137: 2214,9874,7018,9817,7518,7761
3138: 10640,10596
3139: 6212,7694,1438,3920,5858,3904
3140: 1359,5385,7591,3555,5078,7605
3141: 2614,2526,3546,7768,1455,3483
3142: 5426,1523,4690,8042,6748,2336
3143: 7765,5269,4968,7892,5516,7743
3144: 3112,3919,4234,1569,3177,9981
3145: 1485,1733,2367,5945,3965,6205
3146: 8078,8072,4612,1265,7915,7996
3147: 10645,8285,11194,8830
3148: 5004,412,4811,9932,5857,6267
3149: 6269,6384,10708,7255,8832,9551
3150: 3363,7592,5897,259,1594,3592
3151: 5978,3744,5921,7815,2339,8144
3152: 7292,8842,2017,9728,11166,9284
3153: 5496,3978,2050,5405,5237,7813
3154: 8147,4817,2026,3452,5924,10355
3155: 5810,3186,5456,5942,10466,7641
3156: 4057,12339,8847,10505,6846,8293
3157: 5354,2447,8049,603,4756,7522
3158: 4806,6431,2560,4903,7904,7917
3159: 10142,6280,7055,2213,10151,3995
3160: 7272,10160,9827,10242,7956,243
3161: 6719,2584,6285,7066,6900,12515
3162: 5261,5069,7811,7945,7946,7866
3163: 7344,5551,10351,10275,10289,7483
3164: 4828,11368,10650,10836,12058,8554
3165: 5983,4039,1205,1605,2671,5973
3166: 3379,10474,2236,5929,5429,8129
3167: 6849,2347,9918,8857,7021,8394
3168: 7766,10493,5487,9869,7348,6404
3169: 10118,5570,5432,6293,10373,7774
3170: 5047,5871,3511,5795,3443,329
3171: 9477,10653,10652,9583,12136,3674
3172: 7984,5439,9809,3788,8031,10430
3173: 9821,1031,5898,2385,7873,7972
3174: 1295,6044,6187,2525,9721,1095
3175: 5957,5717,10203,136,7595,5734
3176: 2333,8040,5443,4600,4927,7845
3177: 4892,3919,4234,3144,2146,7623
3178: 7930,5687,3988,5529,5445,8156
3179: 4806,3419,5413,6431,12283,12498
3180: 12137,10658
3181: 5451,7579,7721,7720,7750,7664
3182: 10183,1615,6129,9802,632,2706
3183: 6076,2655,862,6039,3587,1299,3758
3184: 2071,2434,3772,6145,83,2002
3185: 5889,5454,5001,4635,2453,2355
3186: 1616,5456,3155,4642,4859,7641
3187: 3433,86,10500,323,5761,6211
3188: 7723,6568,4547,4484,9846,7343
3189: 1509,2009,49,7756,5699,258
3190: 2180,5676,6060,2235,789,5146
3191: 7294,6985,9591,5462,8879,10663
3192: 5580,3961,5855,3321,5798,3354
3193: 10158,8552,5209,11903,10951,4614
3194: 5466,4847,3943,4829,2364,789
3195: 8679,6357,908,8883,8919,8354
3196: 4927,4475,5470,7519,5443,8165
3197: 5398,3566,4263,4181,2362,7735
3198: 5474,99,3122,5259,8122,3714
3199: 1690,6000,5969,5908,3715,3631
3200: 11246,8332,10673,10669,8887
3201: 5422,5454,5001,7968,8015,3350
3202: 8334,9389,7134,6966,8889,9113,4693
3203: 7653,3462,5866,5845,5838,2262
3204: 7682,3571,1215,499,1730,9780
3205: 10249,6780,4857,9816,12390,6465
3206: 3660,8201,10423,3745,6007,3701
3207: 889,4055,3794,3649,1174,2292
3208: 3932,1645,8715,6660,9483,8340
3209: 1048,2371,4235,5834,265,4082
3210: 4257,6134,6073,1957,3885,7683
3211: 1406,8665,11339,10674
3212: 7932,7657,10181,12338,12342,8582
3213: 9321,10834,8304,9084,8550,10675
3214: 7314,5060,7289,7338,5502,6344
3215: 7667,1362,896,9933,8198,3886
3216: 8113,9939,3913,5393,7885,7927
3217: 6347,12152,10679,9391,11040,11824
3218: 4666,2375,5508,12374,4606,7868
3219: 5050,5512,3915,5850,6198,5822
3220: 5493,7631,1658,6350,10133,5515
3221: 8330,8915,6735,8258,2139,6661
3222: 4504,4612,9797,10477,5023,4022
3223: 7214,5194,12220,10008,10306
3224: 6875,10307,6684,7326,6356
3225: 10458,5061,1138,10457,4677,10004
3226: 3512,8384,8919,9194,5534,12336
3227: 4698,9042,5536,3489,2532,2365
3228: 4844,910,3342,7955,5653,5538
3229: 6827,8356,6313,4954,8923,12351
3230: 6385,10482,6310,4659,6440,7508,6359
3231: 10467,8105,3286,1674,4652,9936
3232: 6330,10377,6360,5482,12321,5548
3233: 3970,8002,2237,8009,5550,12442
3234: 12190,10692,10689,8358,11476,9670
3235: 6879,8997,12286,6538,12342,4650
3236: 7584,5436,7649,7595,3934,5734
3237: 8123,3345,4730,5655,9837,4687
3238: 486,5559,6368,917,6365,4871
3239: 6829,7564,12456,8362,10352,10159
3240: 7354,8933,9490,11182,10693,5382
3241: 5524,3866,5915,2295,1130,5845
3242: 10429,7487,7093,10419,9801,12545
3243: 124,4340,813,2845,2646,921
3244: 8131,5982,5859,8142,5987,9963
3245: 1265,7915,2337,7785,4994,5569
3246: 3869,2277,3832,2390,1376,10498
3247: 10697,9121,9115,11319,11607
3248: 5945,751,6098,3599,6071,2391
3249: 2203,2630,4259,151,646,2020
3250: 1223,5387,4938,5460,634,1113
3251: 4996,3785,8099,574,8056,5632
3252: 1045,3364,3439,924,6201,2651
3253: 10481,11657,5093,8945,10699,11966
3254: 2658,12247,6905,11380,9940,9657
3255: 5331,10088,8168,5956,4701,7586
3256: 7878,3714,9750,9930,5113,3122
3257: 7713,5509,2160,8087,3793,1539
3258: 5431,8769,6496,8669,4863,7280
3259: 6889,5793,1305,5041,4667,6184
3260: 12314,2132,7589,2597,7615,3298
3261: 1548,5914,10427,168,5948,8219
3262: 10130,5591,2327,3118,2351,5872
3263: 6059,1258,5315,3097,169,5909
3264: 12224,10705,9579,3771,5428,7278
3265: 11599,9016,8922,10707,11440,1604,8956
3266: 7969,7790,10415,8009,5596,2429
3267: 6911,12404,10320,7230,7337,4007
3268: 9828,12459,12584,10268,2504,7993
3269: 6372,6395,2469,5017,6951,5602
3270: 4026,2217,4193,9978,3949,9958
3271: 2010,297,4210,2401,8162,9992
3272: 10364,9953,10470,9782,6487,5605,3493
3273: 10322,5787,6,6042,6023,7082
3274: 180,5631,7596,2421,5966,2224
3275: 6037,1618,573,6034,5768,8116
3276: 5908,5927,10374,8237,1690,5884
3277: 2232,703,5882,1569,9981,8141
3278: 2080,9628,7358,11306,11624,10713
3279: 4700,8224,10295,10346,7628,5817
3280: 2408,5611,4718,7992,5134,3732
3281: 5497,10369,8271,5613,1451,6250
3282: 7401,2222,5574,9982,1600,7380
3283: 74,1693,10386,8118,10468,2043
3284: 1467,3768,724,6018,5969,2661
3285: 618,8970,12410,8686,8531
3286: 4515,8105,2383,9935,3231,4652
3287: 7663,3906,7727,4177,12407,923
3288: 9931,7793,4045,12436,7437,5544
3289: 5854,5625,5034,2349,3808,5211
3290: 7244,11848,8855,9534,10718,11216
3291: 7771,2340,3304,3455,5714,217
3292: 5887,5345,7608,2089,1703,5873
3293: 3982,1797,767,2493,2011,2418
3294: 7974,4011,6016,12405,6154,8204
3295: 11111,10719,12177,11376,10720,9138
3296: 1973,2688,993,7919,2216,1706
3297: 1953,1462,1233,656,10165,6173
3298: 3260,12314,2597,7615,2565,2397
3299: 7059,10722,12178,3126,10631,8859
3300: 4922,5631,5966,9804,7539,8011
3301: 5832,1710,8112,5043,10416,5865
3302: 207,7231,7854,5535,4000,8217
3303: 4313,1976,4233,6180,2403,5741
3304: 3966,3455,3291,5714,4086,1122
3305: 6024,8180,6025,2161,769,10094
3306: 1307,4314,1715,5725,7647,214
3307: 4570,8080,2425,4731,7944,3312
3308: 3540,1956,10413,2622,1967,10223,5843
3309: 10442,6936,10375,2457,8621
3310: 9457,6536,11087,8563,10727,11729
3311: 5637,6064,4895,7892,5402,4735,7772
3312: 7944,8020,3860,5634,8080,3307
3313: 3733,5880,5639,5055,5136,3759
3314: 6245,3480,10519,10246,10119,7074
3315: 1723,3090,379,2164,2423,3892
3316: 5648,8419,2609,12395,1991,8998
3317: 11894,9563,8329,12504,12439,9650,12180
3318: 12522,10581,11287,12553,9003,10530
3319: 10967,8663,8999,10733,8424,5062
3320: 6027,5645,9753,3999,2111,7621
3321: 5848,3354,1042,5847,5855,3192
3322: 4256,1988,4147,1405,559,220
3323: 10167,510,5226,3662,5669,5754
3324: 4754,7645,7860,9723,7406,6798
3325: 306,2433,8227,3355,6042,6041
3326: 6438,8998,7402,9573,4907,1991
3327: 7556,1667,9734,5649,10482,6440
3328: 3907,3423,2136,3482,6145,3353
3329: 761,2566,3610,3556,2642,2465
3330: 4237,3525,2551,3398,4308,9945
3331: 4754,3883,9012,6444,8436,6798
3332: 4705,8027,7981,6082,9838,6813
3333: 1013,6193,83,3630,2002,2509
3334: 4083,1056,6038,2264,4080,5959
3335: 2301,2451,1738,5759,3392,5738
3336: 11646,10742,10755,11438,5651,11828
3337: 1734,468,2441,1191,2666,12540
3338: 1809,7538,509,12527,5652,6450
3339: 4873,8135,5187,5394,6804,3362
3340: 7585,4625,5886,328,3912,2492
3341: 5133,6135,2642,3591,1747,3731
3342: 3228,5653,4887,2467,4776,5538
3343: 2710,7706,5802,3893,7603,2124
3344: 4844,9831,5079,1748,5654,10451
3345: 8123,2623,3687,3237,4687,8076
3346: 7528,7411,4512,2586,6573,5656
3347: 3996,3718,2048,1032,5657,2034
3348: 4752,8228,7788,373,10330,3488
3349: 5424,7226,9824,7549,9855,7935
3350: 3201,5454,7968,7575,7578,7529
3351: 5667,5904,1228,6457,3600,5604
3352: 10066,8021,650,32,3662,2490
3353: 3907,3328,2136,4061,2300,7796
3354: 5848,3321,5798,5789,10486,3192
3355: 306,1762,3325,6041,1994,7658
3356: 7763,7773,7897,4835,4574,7853
3357: 11451,7255,6461,8832,10751,8460
3358: 5376,1043,1252,5780,772,2501
3359: 2498,6074,7634,455,6138,1299
3360: 6464,6711,10086,10149,4986,10271
3361: 479,1572,2805,2910,958,1767,2878
3362: 487,5892,7675,4873,8135,3339
3363: 9889,5811,3589,3150,7592,5897
3364: 5827,4185,3252,3439,1950,924
3365: 9202,11872,6856,10754
3366: 7409,5903,12346,5317,3120,2055
3367: 1013,2486,83,649,1770,3772
3368: 1258,5937,672,3648,2464,3712
3369: 2566,2418,6137,1797,3405,3731
3370: 2172,638,8202,2376,266,3705
3371: 10261,10077,4774,3656,8688,10059
3372: 7136,2639,6473,6588,10114,12292
3373: 183,6221,12302,5882,8141,1779,10424
3374: 5017,5435,6951,7495,4780,6293
3375: 6960,9835,6583,7423,11552,10759
3376: 9666,8481,11105,6480,11892,10761
3377: 1131,2376,3828,7610,5685,638
3378: 5875,7266,4060,9820,7947,2299
3379: 4469,9983,10474,3166,3478,2236
3380: 8917,12190,10792,10764,11476,8487
3381: 8899,12406,6556,2032,12387,5066
3382: 7606,4511,3734,3470,5320,3664
3383: 10767,11427,9260,5120,11843,6569,6884
3384: 4787,12426,10018,10097,5235,12355
3385: 2019,8086,3935,3663,9790,5891
3386: 8378,11482,10769,10763,11118,8449
3387: 7441,5003,4528,12416,10043,7364
3388: 7101,12397,8932,4719,8305,12275
3389: 5314,7531,10438,2148,8008,3684
3390: 3486,7443,4605,1151,10341,6610
3391: 10773,9375,11992
3392: 5759,2067,4095,2301,1682,3335
3393: 7638,9898,9949,6504,8518,6667
3394: 7857,9896,12331,5434,9581,12529,8060
3395: 4543,5348,5501,5467,402,4801
3396: 4564,12305,12333,10453,10082
3397: 6209,288,5839,6167,7771,2340,2417
3398: 5967,4237,3525,6075,3330,5117
3399: 12533,6511,8528,6332,4741,7147
3400: 4293,6197,2345,957,764,2414
3401: 5965,3539,10491,6222,640,6208
3402: 3492,5970,3089,6085,5558
3403: 9059,9107,10777
3404: 4287,293,5645,200,4558,2659
3405: 4192,2715,6137,3369,5133,3731
3406: 8203,807,10206,2074,7629,2461
3407: 3531,2720,4562,3483,3924,1180
3408: 1017,4169,4167,2440,2218,2246
3409: 9418,9654,6521,3842,7034,9478
3410: 4511,5939,5320,4018,2056,5665
3411: 7463,4474,12493,10052,6524,6501
3412: 3672,10088,1994,8168,1224,1008
3413: 3100,8033,5044,10075,5366,1085
3414: 10057,10518,3595,7307,8916,6527
3415: 7806,6529,10513,10052,6562,4855
3416: 6329,4740,8513,6532,10460,7447
3417: 5771,4580,2491,7843,4514,9885
3418: 8194,2455,3426,12546,5994,8184
3419: 3179,6431,12283,12384,6535,5128
3420: 7585,4586,5886,6537,4701,7552
3421: 7989,3459,6938,5372,7330,9856
3422: 7212,6543,10504,2709,7024,7478,3580
3423: 3907,6187,3328,3482,2525,3655
3424: 9823,7498,6546,9072,197,12415
3425: 1173,6549,5165,7699,1371,7729
3426: 8194,7633,3418,4812,2496,8184
3427: 3709,5304,5504,7885,7952,7797
3428: 8584,7494,2476,6959,4622,9102
3429: 1102,544,4604,2018,5278,7702
3430: 9907,8070,9950,6142,1541,3745
3431: 10296,10342,10290,7051,12461,10047
3432: 7550,5989,1960,7634,6014,2339
3433: 5604,865,3187,4144,86,5761
3434: 448,5365,12316,7220,1419,9757,9826
3435: 8595,6565,11543,9152,10441,5209
3436: 538,1281,641,227,1752,2500
3437: 5172,4618,5381,9926,8038,10496
3438: 6426,8177,8414,10519,10082
3439: 1045,3729,12310,5827,3252,3364,473
3440: 6049,2142,7982,1102,6225,6118
3441: 8048,8058,4625,6122,5660,3972
3442: 2503,5762,1253,7559,2483,5918
3443: 5617,5795,5393,4627,329,3170
3444: 547,3981,4628,5500,4813,7587
3445: 11199,11556,10796,6571,11480,9041
3446: 2552,1114,2772,286,2165,3716
3447: 5205,4753,3576,7628,1266,333
3448: 7836,7746,4634,3804,4753,5670
3449: 8235,3841,4561,7669,4636,1211
3450: 6885,5157,9089,7319,7208,8610
3451: 5955,10302,10421,2507,7978,4825
3452: 855,3154,6576,4817,2026,3555
3453: 2028,165,7703,339,6080,2079
3454: 8132,451,6983,165,1285,2510
3455: 2340,3304,3291,12492,1122,6066,1200
3456: 5764,4067,5765,10222,2511,7612
3457: 10351,10275,9764,10378,1094,4598,3130
3458: 1965,8136,6011,5523,7637,12429,6835
3459: 3421,5154,6938,5372,4589,7942
3460: 8119,6581,1730,9780,5065,6808,10456
3461: 12528,6320,5308,8528,4654
3462: 5845,3203,2262,315,1130,9895
3463: 9865,4899,4833,8014,5286,2515
3464: 1056,7690,5726,3767,2648,2069
3465: 3939,2516,1625,724,187,5992
3466: 8230,7998,3477,6122,5336,5856
3467: 8143,1613,8146,4661,6047,7540
3468: 9098,9249,3594,10808,10933,6586
3469: 456,6588,5155,12292,10333,10279
3470: 7606,5137,3734,3382,929,10492
3471: 3853,6115,2713,6106,7684,9952
3472: 7834,2221,12341,7356,9101,10184
3473: 5149,5106,7792,7848,12491,4843
3474: 11951,9620,7345,9104,10811,11038
3475: 2930,4126,2298,360,2606,6159
3476: 6597,7254,10030,9916,6255,1593
3477: 2522,5152,3972,6122,5336,3466
3478: 4480,4682,2236,8149,3379,9983
3479: 6109,837,2446,5783,2123,1047
3480: 6390,6245,3314,8414,6601,10519
3481: 1046,2328,773,3077,5940,5719
3482: 2071,857,3423,6187,3328,6145
3483: 3407,2720,3924,2614,3141,1455
3484: 8274,10636,11600,10816
3485: 9112,8644,9320,9062,8277,8761
3486: 6260,3390,7443,4694,5635,6610
3487: 6003,10202,239,12360,3723,6226
3488: 10448,2452,10330,5658,8228,3348
3489: 4698,3227,2299,4559,5677,2365
3490: 7657,10387,12338,5503,4702,10014
3491: 6261,10006,7089,10029,10300,9985
3492: 3402,7701,5970,6085,2556,5718,3537
3493: 3272,9782,5605,7373,12578,10150
3494: 1159,5913,7858,8012,4709,3916
3495: 7542,5869,3994,6008,2025,3700
3496: 4026,75,2711,3949,4250,384
3497: 6754,3596,10746,10822,8666
3498: 8377,9989,10131,6627,2535,10239
3499: 8001,12334,3956,4510,10170,10366,4720
3500: 6058,5958,7994,5826,4771,2536
3501: 8439,6967,11604,10753,10824,11883
3502: 5911,4728,3542,7870,2278,7524,7562
3503: 10158,8678,8991,9127,9237,7027
3504: 8123,5068,7601,7648,4730,2155
3505: 5786,2497,605,398,3588,5176
3506: 2503,7660,5762,2577,6213,1322
3507: 9560,9995,7378,8942,6641,7257
3508: 8459,12558,12587,11699,9169,5210,2479
3509: 3592,5190,1942,7607,259,4744,5407
3510: 8432,11686,11014,8503,6995,10830
3511: 5047,3678,3889,5871,3707,3170
3512: 3226,7023,9976,6837,9194,12336
3513: 677,8228,7788,10316,10216,8813
3514: 11020,9139,12534,8695,8798,10988
3515: 7622,7542,3895,6005,4713,5526
3516: 12034,2546,12579,10831,11613,9635
3517: 6658,8700,11257,7707,11375,6787
3518: 10229,12488,10350,8361,12506,9726,6851
3519: 7849,3824,3724,5125,4490
3520: 8132,451,8139,2460,776
3521: 7723,6920,6568,4888,10388,5184
3522: 7674,2593,2194,6077,6091,6131
3523: 2116,2012,4245,538,1281,1947
3524: 2295,3959,5987,3866,2200,5893
3525: 3545,6075,2551,3330,5946,3398
3526: 2115,5437,6386,1107,4623,4802
3527: 6433,4821,6255,12280,8275,8743
3528: 7881,10475,8077,7739,8088,8082
3529: 6673,6310,6359,8387,5203,9964
3530: 1306,3716,2552,4250,2134,2711
3531: 6014,455,6138,3407,4562,5978,1180
3532: 2554,6349,7918,4786,10328,7179
3533: 5625,12399,7906,1701,10243,10317
3534: 2555,6121,5151,9921,10027,5076
3535: 2523,6126,3890,5709,1953,1233
3536: 4522,7809,8003,4544,3670,3096
3537: 1158,2259,3492,6085,2481,2556
3538: 1412,7385,7116,10462,3851,8098
3539: 3401,10491,6208,6516,6064,3638,4717
3540: 7627,1956,10413,3308,7600,10223,6009
3541: 10337,413,1546,5684,5970,3089
3542: 2078,5911,5952,4048,3502,2278
3543: 5712,4271,1957,2024,5288,113
3544: 2506,10083,1295,8181,9913,6044
3545: 3525,8095,6075,4566,5946,7577
3546: 2526,8016,9866,6200,3141,7768
3547: 9159,10841,4803,10846,11052,6428
3548: 5694,419,6035,2215,5298,4133
3549: 6897,12347,10193,6304,12283,12384
3550: 4965,5476,4596,3781,6691,9752
3551: 3715,5998,7571,3109,1568,6000
3552: 10092,4935,8861,8736,6695,12467
3553: 9164,10678,814,8453,8338,12254
3554: 8553,9167,4496,6445,6702,8438
3555: 7591,855,6576,3452,3140,7605
3556: 2011,761,3329,2566,2418,5730
3557: 4824,5366,5156,3762,2066,20
3558: 8746,6460,11078,11083,10851,11086
3559: 5313,4831,5829,4905,1595,5519
3560: 5905,7646,8182,4036,6020,5448
3561: 4183,728,4068,12535,4387,9783,10411
3562: 2202,6193,506,3124,1966,1803
3563: 466,4967,6584,6562,6524,6710
3564: 8754,11130,8470,10818,10855,12382
3565: 146,8142,4058,7545,3959,6099
3566: 5398,4263,3197,10127,3867,1404
3567: 9178,9233,11272,9185,10858,2008
3568: 5050,5220,3679,7999,3915,8074
3569: 3095,5295,3741,4847,4829,7568
3570: 3658,5128,7016,5420,6897,12384
3571: 4851,3204,8053,499,1730,8057
3572: 6213,1447,2539,1998,3620,2577
3573: 10167,3732,10204,5646,9938,4718
3574: 6563,448,12390,6465,10224,7941
3575: 7044,8581,9183,8843,10379,6275
3576: 5817,3105,12448,7628,1266,2505,3447
3577: 8834,9185,11800,11716,10863,11091
3578: 10865,11307,11719,8661,9187
3579: 7588,7582,7680,4633,7948,3685
3580: 6730,6530,12508,5305,7212,3422,7024
3581: 6732,9903,8565,6538,9766,12286
3582: 6735,8780,2139,5457,12273,6613,9676
3583: 7205,4874,8786,11642,6739,11315
3584: 2334,9971,10299,8796,8789,8545
3585: 7211,11814,12096,9494,3848,10872
3586: 4881,2014,3981,5500,5387,10102
3587: 6138,2484,1299,4562,3758,6076,3183
3588: 1280,5103,398,4629,3505,5176
3589: 3363,9889,1785,7592,2467,4688
3590: 1986,4889,6748,4493,9815,1523
3591: 1224,1008,2642,1747,3341,2465
3592: 3509,9908,7607,3150,259,1594
3593: 458,5683,4253,3768,2661,2352
3594: 10877,8592,3468,9249,10808,11595
3595: 6752,8662,10120,8916,6527,3414
3596: 3497,10822,11324,10883,11612
3597: 5887,5933,5885,5671,2314,461
3598: 1227,5823,2821,6196,2402,4377
3599: 1485,5814,1990,6071,5945,3248
3600: 4246,5604,4144,3903,5667,3351
3601: 2296,5694,2667,463,4059,4959
3602: 7048,6438,5244,3611,6758,5231
3603: 2700,3813,900,8067,3679,2151
3604: 5131,7751,5329,1810,7801,7791
3605: 11333,9205,6514,6760,11262,10888
3606: 6956,9096,11758,9207,11690,11343
3607: 9230,7322,6518,5122,6886,9209
3608: 9914,745,8093,5119,7931,5289
3609: 9212,10893,11435,11239,11138,11807
3610: 761,3329,4597,1762,2465,7658
3611: 6770,5087,6758,3602,5231,6492
3612: 8838,594,10225,6626,6636,6773
3613: 9195,9257,9217,10897,10849,8571
3614: 1766,7550,9794,10416,1235,8144
3615: 468,2441,3770,2675,93,5763
3616: 4695,4938,5576,3957,2592,7961
3617: 10087,1790,5367,7784,10305,10079
3618: 5678,6146,4945,6103,6001,6131
3619: 9061,11238,8874,9348,11784,12359
3620: 6063,2577,3572,1998,8058,328
3621: 2002,2509,4950,221,1236,2434
3622: 11789,10832,7342,11949,9419,10906
3623: 10156,5194,10306,6973,10908,8869
3624: 5253,4957,1999,5828,1646,9969
3625: 5028,6664,2234,6659,4946,6791
3626: 2682,2156,2663,1388,10140,4363
3627: 7430,6793,7337,4507,8442,5607,12576
3628: 10191,9915,10049,5086,5027,6672
3629: 2447,5410,8049,4969,1489,7661
3630: 6193,3333,506,2509,1804,1286
3631: 478,3199,5908,7887,3715,6072
3632: 2142,7777,7982,7651,8113,4627
3633: 3884,4521,2004,5771,12362,7843
3634: 6800,8845,10914,11695,11813,11568
3635: 11821,10916,11344,11673,11477,4979
3636: 3872,354,6200,2007,3114,6212
3637: 2450,80,5951,5902,10463
3638: 6516,2602,412,3539,2205,6208
3639: 12293,6365,10485,4984,6708,9774,4804
3640: 6807,4721,10368,9845,6427,4712
3641: 5955,7675,4641,4987,9825
3642: 9575,6374,10922,9501,11408,6809
3643: 2946,1256,4115,2462,2130,575
3644: 7632,6012,4240,6089,5718,12494
3645: 2493,2011,5730,3977,503,1496
3646: 5206,7920,6873,1952,12399,10317
3647: 2484,3924,2830,4063,1341,1455
3648: 5679,6141,2217,672,5937,3368
3649: 12543,1353,3207,3794,2407,1174
3650: 5889,7546,5001,8015,8150,6814
3651: 4516,8126,5004,9932,12303,5807
3652: 9255,10871,10629,10929,12076,11837
3653: 2088,5271,3719,1497,3811,5706
3654: 10931,11499,8918,11849,9262
3655: 2525,5960,1729,7760,3907,3423
3656: 3371,10261,7180,5012,10236,10059
3657: 8793,10765,8450,11335,11761,11426
3658: 1312,5019,3570,7538,5128,5420
3659: 3803,5740,2610,10106,1540,3081
3660: 3206,2018,8201,10359,544,3701
3661: 2377,3682,5054,5569,5023,4022
3662: 32,5226,3352,10066,5669,3323
3663: 6218,2361,1028,2019,3935,3385
3664: 4511,3734,5565,3382,4634,5670
3665: 7846,6791,2612,5583,9784,6659
3666: 4965,7886,3781,8041,7837,10397
3667: 9812,7583,4541,5852,3877,4671
3668: 2023,7958,6834,9272,9768,8244
3669: 8173,2105,7629,3004,12361,516
3670: 5299,3096,4544,3536,7624,5671
3671: 7626,3987,2153,2025,5037,5092
3672: 6041,6023,2487,1994,8168,3412
3673: 12206,11867,10943,4862,8539,10829
3674: 10947,12136,8863,3171,8306,10652
3675: 6217,9981,4071,703,6081,10489
3676: 266,3705,3944,547,4930,6127
3677: 10548,11812,9282,10950
3678: 4925,4748,3889,3707,1280,3511
3679: 5050,3568,2151,7999,3603,900
3680: 7456,10953,8536,11143,11503
3681: 1281,113,4289,227,2116,6134
3682: 3661,1676,12435,5054,5569,10283,4994
3683: 8993,4983,8613,10958,11972,11720
3684: 7826,5143,5058,2148,3389,7531
3685: 1285,7521,6080,3579,7582,7948
3686: 8114,7972,6624,12381,7873,5837
3687: 8123,3345,5068,5313,2623,4831
3688: 6855,12451,9295,2033,7228,8971,9296
3689: 9863,4554,4637,6922,5151,10027
3690: 4040,7252,9552,9577,10201,5075
3691: 1947,7604,5979,2500,4429,538
3692: 4643,2508,7605,5078,8214,4997
3693: 4393,1038,4395,2038,2786,2386
3694: 6606,7092,6407,6865,8797,9300
3695: 5977,1042,7760,539,5991,1095
3696: 8120,2184,1579,5523,6835,4879
3697: 9612,7329,9305,10056,8946,3747
3698: 4642,5677,4859,8090,2365,5472
3699: 6273,9310,8292,2538,6637,6870
3700: 2025,5092,6001,2040,5869,3495
3701: 544,5944,4415,6007,3660,3206
3702: 5675,2125,1296,3837,5096,7668
3703: 5098,6874,6826,6395,4046,7501
3704: 5100,4903,8010,7904,910,5653
3705: 266,3676,4930,2638,3370,2172
3706: 5998,6039,6074,3109,2143,5323
3707: 3678,5871,1280,3511,5399,5103
3708: 10253,10215,3098,10205,6880
3709: 7812,5304,3427,7927,7856,7885
3710: 4663,6996,10973,10881,8592,1225
3711: 1951,3787,7444,6778,6887,7869
3712: 2464,8235,7669,1258,3097,3368
3713: 929,6889,5111,6184,2473,4615
3714: 7878,8073,3256,5474,3198,3122
3715: 6072,3551,7571,6000,3199,3631
3716: 2165,3951,1306,3530,2552,3446
3717: 558,2723,4043,2984,2318,4187
3718: 3347,2048,2034,6215,4064,10098
3719: 4813,4930,1497,2638,3811,3653
3720: 6894,9968,10071,9962,11933,9751
3721: 1066,9026,6896,10980,11938
3722: 9065,6370,3969,8050,6828,12525
3723: 2631,8006,6226,8094,239,3487
3724: 7849,5237,7725,3519,7813,5125
3725: 1647,2640,4074,966,2395,4170
3726: 5959,6052,12418,2054,6026,5958
3727: 8371,8950,11498,6901,6979,10983
3728: 5402,2094,4735,8079,5018,292
3729: 10140,12310,3439,5729,473
3730: 9285,10297,424,6904,10139
3731: 5133,2642,3341,2566,3369,3405
3732: 3573,5646,7939,5134,3280,4718
3733: 3313,5880,5874,6062,5136,571
3734: 3470,3382,3664,4785,5670,929,2473
3735: 8109,6189,7962,7988,4316,2574
3736: 5566,4953,2066,5138,5022,3762
3737: 7997,3784,7737,1179,5139,5505
3738: 4969,7863,5910,6676,6909,7411
3739: 2634,2390,10498,1454,3921,2788
3740: 2059,9979,5141,6910,6575,2596
3741: 6013,3095,3569,5936,4847,5146
3742: 8132,776,3767,2648,2510,6169
3743: 7767,415,5720,2656,1515,8111
3744: 10471,5876,7910,5921,3151,7815
3745: 6007,3430,9950,6142,3206,10423
3746: 7616,2649,5507,3749,8104,5746
3747: 9879,9043,9342,7329,9305,3697
3748: 669,4133,2061,6149,4024,2238
3749: 12496,5507,8104,7040,3746,1337,5240
3750: 5678,6146,7620,1108,6201,1045
3751: 6565,11836,11193,8552,11963,10997
3752: 11857,9048,7306,9597,11908,8934
3753: 4550,578,9965,9961,5147,6926
3754: 11580,11000,11537,1077,11102,8963
3755: 6665,10032,7037,5170,9505,9218
3756: 4942,6933,9748,6922,12365,10200
3757: 5682,1253,5152,2063,7578,7529
3758: 3587,2484,2830,6076,907,3183
3759: 5153,1722,6054,5136,3313,5055
3760: 1213,9849,3812,10376,7979
3761: 7904,910,5234,6553,7955,7917
3762: 3557,4531,5156,4953,2066,3736
3763: 6885,7770,5229,2392,2285,6943
3764: 7736,12571,7817,9819,5158,10422
3765: 4323,2301,1682,6151,6140,3894,5352
3766: 10229,12488,12400,928,7261,6946
3767: 1056,3464,2437,2648,776,3742
3768: 724,3284,2661,2352,5992,3593
3769: 2405,8116,2070,435,1178,2574
3770: 3615,2441,4063,5763,1341,47
3771: 3264,10705,8374,8954,5400,7278
3772: 2071,3184,2559,3367,83,1770
3773: 7167,6954,6568,7598,4888,4547
3774: 9359,11304,9099,11008,7065,11579
3775: 4186,6220,1703,8081,5933,2664,2613
3776: 11468,11977,9362,11012,11594,9106
3777: 5020,5324,12520,5217,7907,8030
3778: 4214,2636,323,10152,6211,9922
3779: 10459,7583,4541,7555,9896,8060
3780: 6012,6089,7654,463,2604,2565,4226
3781: 7902,4965,7886,3550,4596,3666
3782: 7013,9113,4693,11606,4560,9182,9366
3783: 5879,5944,3917,1670,5176,5399,5103
3784: 7997,3737,5475,8082,10162,1179
3785: 7981,2309,6010,3251,8099,574
3786: 2670,10269,5505,12425,7737,7054
3787: 4845,3711,2076,1951,5182,7869
3788: 7984,9809,249,3172,10420,650
3789: 8778,2219,8309,9370,9531,9514
3790: 1172,3840,7888,4523,612,10399
3791: 7826,7524,4962,4917,8140,7870
3792: 3806,2675,93,6164,7767,415
3793: 7582,8087,7521,4848,3257,1539
3794: 12543,1353,889,3207,1956,10413,3649
3795: 7611,3070,5189,3837,7543,7532
3796: 11565,11992,11618,11022,4536,11490
3797: 9378,8904,11636,11024,11754,5011
3798: 7525,1138,10457,9123,10450,8044
3799: 12225,8749,9383,8888,7177,8996
3800: 6602,12141,2083,9385,11027,11309
3801: 3123,5928,7574,3920,5858,5941
3802: 10315,2504,7993,12352,9153,5338
3803: 694,3659,1524,5740,4436,1540
3804: 5205,8218,3448,7746,4753,8214
3805: 11523,9156,4727,9392,11411,8897
3806: 3792,93,2588,6178,2086,415
3807: 9944,11715,9795,8913,11598,875
3808: 2149,5668,2087,2349,5211,3289
3809: 5424,5511,4833,5213,5171,5961
3810: 5215,8062,8017,10328,7918,4891
3811: 4069,6150,3719,2638,3653,5706
3812: 9849,2512,3760,10376,4563,2159
3813: 1418,1362,2700,3603,9906,8067
3814: 1710,8200,5221,913,2685,5865
3815: 7017,10221,7839,5009,9755,6682
3816: 10183,2230,8196,2627,5565,4018
3817: 6030,6048,8181,4263,10127,735
3818: 2839,1365,4123,2387,2502,365
3819: 7961,3955,6943,7973,8233,5576
3820: 5253,3922,5828,1068,7957,7608
3821: 9401,8382,9168,2687,8476,12465
3822: 10361,4960,7357,6742,7010,10060
3823: 2688,1988,993,1405,1732,2822
3824: 5274,7716,7849,3519,12324
3825: 6248,10182,10186,10084,7039,28
3826: 9839,7316,10508,12571,10422,12570
3827: 9404,11037,7171,8342,11610
3828: 5715,1131,3377,7850,1058,7610
3829: 1518,2678,7712,5995,5791,167
3830: 1808,9767,5246,1143,4466,7814
3831: 5965,6222,2182,7576,2641,5519
3832: 1376,10498,3246,4179,9990,2152
3833: 1391,4355,4389,1752,8176,4336
3834: 9409,11042,11802
3835: 11600,11044,8794,10816,12025,9198
3836: 12433,9414,7729,9778,5036,5165
3837: 7611,3795,5096,7668,7532,3702
3838: 6058,7994,2095,1145,7970,8129,12428
3839: 10019,6836,8607,12585,5232,10903
3840: 3790,8091,4523,612,5186,8122,9742
3841: 5743,649,2047,3449,7669,4636
3842: 7034,10784,11048,9418,3409,8781
3843: 5669,8036,7565,9880,10420,10066
3844: 6306,4726,883,6823,9420,7222
3845: 9447,12036,2499,3878,5326,7172
3846: 5272,7787,6843,9781,4056,9803
3847: 7847,7725,5129,7912,651,4716,10428
3848: 12495,10872,11803,11814,3585
3849: 5777,10269,12518,7673,5414,7054
3850: 8209,1461,1665,10412,10472,12540
3851: 1412,8069,7116,7755,3538,2697
3852: 5286,4700,8224,2515,5385,828
3853: 3471,6115,5925,5988,9952,8101
3854: 10324,12455,7183,6493,7300,9254
3855: 9429,11059,11510,8355,12043,11656
3856: 6202,8226,7804,7983,5673,697
3857: 3120,6003,6069,4669,8130,6110
3858: 2277,106,4047,6168,3906,12407
3859: 5373,5298,8222,5423,3902,2103
3860: 3312,8020,5780,5819,5801,5634
3861: 2164,2423,3950,3966,4086,9802
3862: 5302,5038,10061,7160,10067,7129
3863: 2336,7221,10068,5906,168,5948
3864: 9434,11662,5457,7142,7145,12273
3865: 10245,594,10005,10020,4978,10002
3866: 5524,2200,7635,3241,5915,2295,3524
3867: 2686,3566,10127,1404,5225,3871
3868: 661,5841,5216,5819,2223,9980
3869: 702,2277,2390,3246,2108,4047
3870: 5312,9439,9044,12052,11066,11769
3871: 5315,6006,5909,2686,3867,5225
3872: 2713,354,6106,3636,6212,7694
3873: 8462,8443,10538,11070,9144,9442
3874: 6027,4558,2444,784,643,2431
3875: 9441,12055,9444,9508,12184,11076
3876: 5401,2717,1986,5562,4889,6113
3877: 5852,2377,5573,3667,9812,5812
3878: 9447,8346,9566,5643,3845,7172
3879: 6168,702,4047,275,2114
3880: 7365,5328,5545,4832,8065,2373
3881: 2396,4802,60,3127,6890,2115
3882: 528,5999,7619,1064,834,4147
3883: 1413,3331,9012,9830,6444,9450
3884: 3633,7535,2258,10277,4521,2004
3885: 3931,1459,7683,5712,1957,3210
3886: 6082,7566,6010,896,3215,9933
3887: 10380,10419,10406,12545,12533,4654,7506
3888: 5284,2702,10309,4610,4565,8106
3889: 4748,5047,3678,3511,5348,2120
3890: 2523,6109,6094,3535,2705,5709
3891: 7098,5089,7201,9326,4796,7755
3892: 3090,379,1423,3315,2677,4102
3893: 3343,2710,7706,6133,7662,2253
3894: 204,5352,2276,3765,4232,6140
3895: 3515,7622,2125,6005,1296,5950
3896: 11087,11043,10726,9190,11729,8406
3897: 11969,6701,8742,9196,11089
3898: 5445,5757,1092,2128,5926,4016
3899: 9462,11092,12098,9498,11818,8353
3900: 12380,9083,9464,12036,2499,9422
3901: 8107,7091,5624,7272,12304,10160
3902: 1585,4890,9887,2103,5373,3859
3903: 4246,3600,5667,2133,10502,4042
3904: 6212,621,5858,3139,6033,3114
3905: 123,2562,2843,476,2135,1439
3906: 6168,3287,4177,447,12407,3858
3907: 3423,3328,3353,7796,5960,3655
3908: 4062,2446,5783,9966,4071,10489
3909: 9341,11099,11959,7216,12078
3910: 9376,5517,7127,6458,7228,7398
3911: 3103,7901,8008,4532,7820,9843,5314
3912: 1998,6135,1747,2492,328,3340
3913: 8113,3216,7777,4599,7927,4974
3914: 8478,8752,4546,6712,12333,7131,6373
3915: 5050,3568,5220,3219,5397,5850
3916: 5913,7858,3494,4948,7903,7879
3917: 3783,740,1670,5399,2145,5465
3918: 5401,4779,4889,1157,4493,4499
3919: 1569,3177,3144,8141,2146,10424
3920: 3123,3801,1438,5822,5858,3139
3921: 8160,4311,1454,2152,10498,3739
3922: 5253,5314,3820,10438,9843,7957
3923: 7581,2245,9810,8085,7544,5190
3924: 3407,2484,3647,4562,3483,1455
3925: 3997,1571,6175,7987,5531,7971
3926: 2717,6113,3993,6223,715,1637,4951
3927: 8988,9476,12477,9364,7268,1505,12233
3928: 4982,5415,7270,6993,12325,6482
3929: 9480,11109,10882,11496
3930: 5659,5015,3994,6008,6455
3931: 3,6046,1459,5717,3885,7683
3932: 3208,9956,8715,9197,1195,9483
3933: 5105,9042,5536,7852,4020,8401
3934: 3236,7649,7595,10130,2327,1686
3935: 2361,8045,3663,3385,4029,9790
3936: 7674,1108,2593,8191,5729,473
3937: 8231,5299,6228,3096,4008,1463
3938: 6061,2157,5877,5912,6025,3070,5947
3939: 3465,2516,2146,7672,7623,5992
3940: 7285,9426,8265,5446,10537,9722
3941: 1271,5916,995,9861,7943,1958
3942: 1467,2661,458,5689,939,1568
3943: 5466,3194,5485,2364,5444,6997
3944: 3676,1539,547,4628,4848,6127
3945: 1647,6020,1491,1470,3946,5448
3946: 3945,5488,1470,5448,2161,8180
3947: 3948,1472,4282,1448,6104,1969
3948: 1472,4282,558,142,2163,3947
3949: 4026,3270,2711,3496,9978,8155
3950: 4206,2164,3861,7924,1615,9802
3951: 2409,2165,8170,1473,1306,3716
3952: 9398,5452,7289,6714,5502,4988
3953: 9499,7215,9495,9315,5361,10549
3954: 8251,10078,10089,10514,6866,10199
3955: 7770,7842,6943,3819,5026,7973
3956: 3499,12334,11123,9888,8505,6629,10170
3957: 4695,2592,3616,10045,7877,12287
3958: 5431,10043,7176,12483,7280,12416
3959: 3565,8142,2295,3524,7545,5987
3960: 2767,880,2036,4199,2176,1481
3961: 746,5473,3192,5580,8054,5798
3962: 6493,7300,2669,5021,9904,7162
3963: 11125,8698,5126,6657,12100
3964: 6150,4077,2172,5681,5685,638
3965: 4651,5945,751,6205,10039,3145
3966: 3304,4086,1122,2706,9802,3861
3967: 5481,8234,10039,8119,6581,7677
3968: 5962,982,9955,136,5872,10203
3969: 3722,4984,8083,6708,9065,8050
3970: 8002,4472,2237,185,10517,5130,3233,12442
3971: 9507,12262,1324,7511,9937,7192
3972: 2522,3477,6063,8058,6122,3441
3973: 9789,5491,4481,4948,709,7807
3974: 4036,5952,2278,5894,6095,5938
3975: 5774,10425,6179,7913,9829,9793
3976: 2181,9463,5374,10122,9329,9510
3977: 3645,6015,5135,5730,7639,1496
3978: 5496,8158,7576,1595,3153,5405
3979: 4261,2297,8184,7639,5722,6015,2496
3980: 5877,5912,1965,8136,2424,5692
3981: 3444,5500,7587,1113,5387,3586
3982: 3293,767,1394,2317,2673,2493
3983: 9848,5335,36,3116,5503,9959
3984: 8064,4019,1987,9900,2190,5990
3985: 7937,5033,10356,7316,10391,9604
3986: 10390,5527,7698,2191,7827,12509
3987: 7626,3671,8192,9824,7549,2153
3988: 5829,3178,5687,426,5529,7963
3989: 11138,10819,12091,12060,9449,5514
3990: 2326,768,7558,1598,4249,1587
3991: 6427,10178,287,6574,6686,2169
3992: 9173,8705,8748,12249,6398,5236
3993: 7643,8110,6223,2717,2229,3926
3994: 5659,3930,6008,5526,7542,3495
3995: 10357,10151,1993,12572,3159,6280
3996: 3347,6061,769,1032,5657,2092
3997: 2204,3925,1571,5531,10469,5053
3998: 2193,5888,640,7540,6704,5953
3999: 293,3320,5645,9753,6154,7871
4000: 7217,10016,10426,8217,7231,3302
4001: 5539,8043,9959,7986,7933,4970
4002: 8341,11302,10680,12165,4747,11146
4003: 5895,6050,5954,4024,2061,12475
4004: 6116,2583,4349,1132,2531,2044
4005: 6748,7221,10068,4951,1986,6113
4006: 4912,7227,10398,7738,2222,7859
4007: 5607,7375,12441,12576,12404,3267,7337
4008: 3937,8231,1463,5782,7708,5546
4009: 2218,1953,1462,12386,2440,5709
4010: 4924,5438,12565,12162,2654,8309
4011: 5917,4480,3294,7974,4682,6016
4012: 11933,12110,7234,5118,9323,9751
4013: 4921,7055,6608,7351,5615,5433
4014: 8131,5930,7603,2710,146,7602
4015: 5558,815,5880,5639,5825,4616
4016: 5926,2225,5862,2212,5757,3898
4017: 5401,4779,572,5562,5022,1692
4018: 4511,3410,5565,3816,2230,5665
4019: 8064,2232,3984,8075,1987,6123
4020: 5568,5473,8401,4931,3933,5536
4021: 9550,10208,12560,8243,10030,11838,2090
4022: 3661,2377,5023,5573,4504,3222
4023: 8232,5575,2635,8200,5221,185
4024: 4003,6050,2061,3748,5202,2238
4025: 2239,7534,5577,4475,2366,7519
4026: 3270,75,4193,3496,2241,3949
4027: 4100,4201,1166,192,1983,5769
4028: 5443,8165,5582,2245,4600,5102
4029: 8045,3935,9790,7671,8186,10165
4030: 7242,12375,10090,4533,2478,7415,4793
4031: 11848,11968,10718,11160,9543,12105
4032: 9545,11165,9536,12120,10695,8559
4033: 7247,6923,6757,2254,675,5060
4034: 5674,2255,9905,8062,4943,5483
4035: 7249,9539,8599,10080,9548,6528
4036: 3974,6095,3560,8182,6020,5938
4037: 5695,1174,2292,1158,3121,4205
4038: 7548,569,4819,5513,5597,7726
4039: 5983,5866,5599,3165,3094,5973
4040: 3690,4995,7252,9552,2626,12323
4041: 7467,7372,7722,9554,8001,10036,9873
4042: 9935,5377,4246,3903,2268,10502
4043: 2042,2269,2984,4282,558,3717
4044: 9557,835,12542,10942,2271,8338
4045: 3288,9931,6408,5607,7793,7375
4046: 3703,6826,2041,7501,4529,8928
4047: 702,3869,2277,3858,6168,3879
4048: 2078,5952,3542,3106,5842,1187
4049: 5223,8247,10267,10214,2280,4534
4050: 9872,8691,6913,9043,10024,5614
4051: 1512,9716,5616,6631,10343,7381
4052: 9833,7260,9934,9641,4836,6334
4053: 1172,2287,7888,5406,12437,7844
4054: 11176,8350,2289,6790,4608,12130
4055: 889,3207,6062,571,13,2292
4056: 5272,7787,3846,5624,7386,6824
4057: 9669,12339,6430,3156,6846,8960,8293
4058: 3565,7545,1969,6099,1982,4221
4059: 3092,413,4959,5694,3601,6035
4060: 2082,7266,6599,3378,9820,5515
4061: 2300,5994,2445,3353,2455,7796
4062: 2523,6126,3908,5783,9966,519
4063: 3770,5763,2605,2830,3647,1341
4064: 2463,8051,8179,10098,3718,2048
4065: 1133,5862,10487,6092,2137,4231
4066: 2353,968,5680,4452,1783,4251
4067: 5764,607,2399,4321,5765,3456
4068: 3561,4183,4076,8059,12535,10411
4069: 965,6150,4077,3811,1367,5706
4070: 1441,1283,1037,1468,3061,6153
4071: 9966,8075,703,3908,10489,3675
4072: 1121,2561,5750,4298,5748,1346
4073: 5922,5873,1646,2089,5883,8138
4074: 1647,2282,3725,1470,4211,4170
4075: 354,9975,6106,9952,2614,2526
4076: 2163,8059,2723,2350,4183,4068
4077: 2195,965,3964,4069,6150,5681
4078: 2688,4256,1988,6182,7919,1483
4079: 514,1468,5174,3061,2955,139
4080: 2067,5959,6052,4095,4083,3334
4081: 1800,30,2818,109,1842,4409
4082: 5834,265,1673,2926,1048,3209,2831
4083: 3334,4232,2264,6140,4080,2067
4084: 7,5758,1427,4442,4185,1950
4085: 5901,552,10444,1556,4347,10480
4086: 967,3966,3304,5714,2423,3861
4087: 2529,0,1073,2859,1024,4107
4088: 1123,2769,4359,5752,2036,2176,4098
4089: 1533,1331,2950,352,866,2855
4090: 300,2872,4401,2848,387,1156
4091: 894,1778,4281,423,275,5721
4092: 244,1771,2952,5844,4353,2884
4093: 1410,2273,818,5702,2426,2489
4094: 7910,8101,7566,8154,5925,896
4095: 2344,5759,4080,2067,3392,6052,6100
4096: 1880,9,1910,553,2851,809
4097: 6019,2388,4162,7627,6009,7987
4098: 2580,6174,393,5752,4088,1123
4099: 4296,1755,228,2313,6195,2122
4100: 4027,607,2399,4201,1626,192
4101: 4360,1051,679,1494,2869,1368
4102: 2557,941,2796,379,3892,2677
4103: 4127,755,434,1714,1482,2969
4104: 840,1349,568,842,1241,6004
4105: 1634,734,2948,4135,808,1996
4106: 1553,2571,2086,4416,2588,2226
4107: 1041,1024,1889,8166,4087,0
4108: 1136,5846,3065,8205,1112
4109: 1083,2006,2112,428,2877,1209
4110: 10480,26,2847,2121,922,2873,1111
4111: 1209,1651,2401,2006,2890,9992
4112: 5352,3046,689,271,6151,7717
4113: 749,1611,2757,433,2919,4412
4114: 1759,481,2356,316,144,1551
4115: 2889,1256,599,3643,2462,1311
4116: 1226,589,5809,2790,4294,6192
4117: 2891,515,850,103,2712,2099
4118: 4420,1918,5949,5881,1054,108
4119: 4419,1361,1104,253,2147,6093
4120: 4197,2699,1804,1286,963,5863
4121: 758,147,349,570,1317,1204
4122: 2274,523,802,981,1358,210
4123: 2839,1365,1430,3818,12462,10254
4124: 1375,4140,1685,4131,205,2918
4125: 4439,1387,1160,885,2893,2881
4126: 2930,3475,2606,4139,4300,1397
4127: 755,1576,1714,4103,758,1718
4128: 2985,8063,1601,4176,6216,2927
4129: 2495,4421,2932,1712,57,1274
4130: 1802,1860,1012,4424,1740,1926
4131: 1375,2779,879,642,1685,4124
4132: 137,289,1325,2944,1126,2996
4133: 669,3748,2215,419,2238,3548
4134: 4161,1384,4448,5833,46,1590
4135: 2721,2943,3008,4105,2948,808
4136: 1452,5755,2679,2718,528,5999
4137: 2410,1288,756,1297,4290,2488
4138: 2442,4198,700,4209,1559,2253
4139: 10278,4300,1397,2679,4264,4126
4140: 4124,4248,205,1444,1824,2918
4141: 521,1908,1841,1863,280,1851
4142: 2068,2773,82,5824,4279,691
4143: 1460,2950,470,930,475,1533
4144: 2482,4246,3433,3600,5604,86
4145: 1510,2708,382,5690,4301,2031
4146: 4440,855,5961,2026,8164,6017
4147: 1405,3322,3882,220,7619,1064
4148: 2824,2901,2968,540,2138,2707
4149: 1389,3001,50,4156,3000,1652
4150: 371,177,686,6029,4427,2911
4151: 1793,1000,725,1711,6180,2243
4152: 1226,589,2817,195,4171,898
4153: 6114,2521,7780,2028,339,6169
4154: 5975,3039,2561,5750,1469,5797
4155: 2995,411,1476,316,144,648
4156: 485,294,2914,50,1206,4149,1652
4157: 1938,439,780,2990,6108
4158: 2231,6112,6079,2432,6224,1149
4159: 713,313,2768,1934,5935,1198
4160: 622,1739,1208,2356,1396,730
4161: 4134,1384,2657,5833,9870,4361
4162: 990,5383,5968,2388,4097,7627
4163: 7663,2395,7727,6070,3106,1187
4164: 1617,2974,2763,1664,863,1660
4165: 4195,1017,2085,4167,6112,2524
4166: 496,1789,4432,161,682,3019
4167: 4165,4195,1017,4169,3408,297
4168: 5686,4174,2018,10359,2162,7702
4169: 3408,4167,297,4210,1422,2440
4170: 966,8211,4228,3725,4074,4211
4171: 898,1635,195,731,1081,4152
4172: 317,2759,1854,2768,246,313
4173: 1756,633,3013,2977,1049,4437
4174: 5686,4168,6157,2162,1559,4209
4175: 6088,5883,7547,5923,8138,2321
4176: 1835,6216,2753,8063,4128,1088
4177: 3287,966,3906,7727,447,8211
4178: 2719,4311,1454,2288,4445,5696
4179: 3832,3117,9990,7573,9974,2152
4180: 5996,4229,141,2282,4211,2611
4181: 4263,3197,6030,10466,7735,7641
4182: 2010,4195,2085,4307,582,4251
4183: 3561,2350,4219,728,4068,4076
4184: 4422,172,4448,5833,5907,4203
4185: 3364,1950,924,6167,7,4084
4186: 5922,3775,1703,5873,6083,8081
4187: 308,2350,4236,2318,2723,3717
4188: 411,659,2964,701,6191,87
4189: 1845,1837,1846,1246,3038,1818
4190: 2802,1572,1775,484,1428,1767
4191: 4255,4301,1354,1427,3083,382
4192: 1447,2715,904,2539,3405,5133
4193: 4026,3270,2217,672,2241,8117
4194: 501,59,1751,2738,181,1853
4195: 2010,4165,2085,4167,4182,297
4196: 858,2541,4275,2143,2570,862
4197: 4120,2699,2260,5863,4417,1361
4198: 1434,2442,4138,4310,7662,2253
4199: 2767,3960,2036,665,5901,552
4200: 2732,10238,584,6101,8206,4446
4201: 4027,607,4100,4247,1983,4241
4202: 44,3028,1416,1552,4447,936
4203: 7704,7589,5907,4184,4448,884
4204: 392,545,7732,2021,1636,4450
4205: 5695,2407,1174,12480,4037,4264
4206: 3090,784,2164,6171,3950,7924
4207: 4338,7732,4450,1477,2576,1177
4208: 5791,7674,4357,8191,2194,9920
4209: 4138,700,4174,6157,4280,1559
4210: 4169,3271,297,1422,4451,8162
4211: 2282,4074,4170,4228,4180,2611
4212: 1839,429,726,3033,839,1633
4213: 4454,893,1103,6155,7689,24
4214: 3778,2636,2438,9993,9922,6186
4215: 325,2636,9993,8128,1323,6176
4216: 954,3064,1232,1870,1436,504
4217: 1485,2537,9945,1733,1237,1990
4218: 6137,4383,918,2625,1797,767
4219: 2458,308,2350,1954,4183,728
4220: 7704,2597,4226,4240,6089,6090
4221: 1982,1480,4225,4058,1969,1448
4222: 1928,190,10031,495,2776,443
4223: 1080,2412,2109,2581,7988,4316
4224: 331,1429,2995,659,2750,1302
4225: 4460,1480,4221,2042,2716,1448
4226: 2597,2565,4220,7654,6089,3780
4227: 514,65,3061,4459,296,6153
4228: 4170,8211,4211,894,2611,5721
4229: 4180,5996,507,5733,141,5666
4230: 4423,768,2422,6139,4352,7705
4231: 9978,9958,174,2137,4065,10487
4232: 4083,4277,2264,6140,204,3894
4233: 4313,3303,4288,5741,10436
4234: 4892,3112,49,3177,3144,7756
4235: 1048,2371,3209,6045,4465,8189
4236: 1186,2318,1514,11,308,4187
4237: 3330,3398,4308,5117,1716,5691
4238: 823,1436,3047,1799,1009,504
4239: 6081,2359,4283,1047,10489,2446
4240: 3644,7632,6089,6090,860,4220
4241: 4247,1000,756,2439,1983,4201
4242: 2370,265,422,4280,12511,6157
4243: 2195,5681,1981,166,9909,4303
4244: 186,3014,1610,2902,3060,10465,4404
4245: 4371,3523,4257,2116,2012,2341
4246: 2482,3600,4144,3903,2268,4042
4247: 1288,756,4241,5764,607,4201
4248: 2751,704,205,1444,1824,4140
4249: 2175,7705,8199,1587,768,3990
4250: 384,616,2134,3530,2711,3496
4251: 4307,4066,968,1783,2085,4182
4252: 2248,1626,22,2794,818,2489
4253: 1509,5683,3593,4892,7756,2352
4254: 2311,641,6143,2778,1029,1391
4255: 5827,2052,1950,4191,1354,1427
4256: 1988,6182,4078,3322,1132,559
4257: 3210,2116,6134,4245,2341,6073
4258: 2183,2003,6090,860,884,46
4259: 2630,151,3249,10001,5768,2070
4260: 1344,3048,1689,114,2735,1848
4261: 3979,5994,2445,2297,4309,8184
4262: 1326,4272,202,6164,4334,4285
4263: 3566,3197,4181,10127,6030,3817
4264: 2407,12480,4205,10278,4139,1397
4265: 125,369,2863,1383,2858,6162
4266: 808,1996,676,5710,5747,2871
4267: 1192,3066,4360,1381,679,4456
4268: 8173,10409,1058,2701,12361,1079
4269: 5975,3039,4442,2291,5703,2854
4270: 1890,785,107,1895,585,969
4271: 5712,5962,2024,982,3543,8199
4272: 1326,182,2448,4262,1737,9893,4334
4273: 7814,2691,1407,5974,5083,7665
4274: 5732,310,2308,1663,112,4324
4275: 858,4312,4196,5688,2143,5323
4276: 5743,2047,8117,2241,6163,5724
4277: 4232,7690,5726,2264,836,204
4278: 2463,1543,2663,1746,5736,1388
4279: 766,1221,4375,691,2068,4142
4280: 1153,4242,422,6157,700,4209
4281: 2173,1778,423,5728,4091,4381
4282: 3948,1448,558,3947,2042,4043
4283: 2359,4291,786,1047,4239,4302
4284: 2197,1227,6215,5980,8179,10098,2402
4285: 5816,1461,10472,4262,202,4334
4286: 2611,423,2513,5721,1411,141
4287: 3404,200,2659,2256,1069,5738
4288: 4313,4233,6087,4626,4297,10436
4289: 5288,113,3681,3091,227,6143
4290: 7991,2438,1297,2410,5691,4137
4291: 2359,2310,6148,4283,786,4341,9924
4292: 2414,2558,2805,4384,1290,1474
4293: 2192,3400,2345,1385,957,5742
4294: 589,4116,6192,2892,1190,309
4295: 221,2300,1736,2445,4309,1236
4296: 2183,2477,4099,1590,228,2313
4297: 8055,1284,1322,6087,4626,4288
4298: 2963,1346,4072,2561,2863,2858
4299: 4417,6188,1163,2905,2564,5863
4300: 4139,2679,528,2930,4126,7619
4301: 2031,4304,1354,4191,382,4145
4302: 2123,4283,786,1047,1086,4382
4303: 166,9909,1638,8190,6207,4243
4304: 874,2624,4301,2587,2031,1354
4305: 213,1805,2777,2696,1773,2797
4306: 766,158,2068,298,1745,2185
4307: 582,3052,1946,4251,968,4182
4308: 4237,3330,7991,5691,9945,1237
4309: 4261,1736,2445,2297,4295,4338
4310: 1982,1480,1434,2442,4198,5766
4311: 2719,8160,1454,4178,421,3921
4312: 858,2674,5688,4275,2582,1350
4313: 1976,4233,6087,3303,4288,7670
4314: 7632,1307,3306,860,2003,7647
4315: 2956,851,226,2887,5932,2967
4316: 7988,3735,2574,4223,1080,1178
4317: 2141,1567,1586,393,2320,1093,6174
4318: 2326,6033,2007,6036,3114,6166
4319: 2247,7613,2266,9818,1541,4433
4320: 8183,1755,228,5755,2281,4339
4321: 4067,2399,4396,4329,2248,5765
4322: 5980,507,5666,2777,2197,1805
4323: 1659,4372,2301,1682,2451,3765,6151
4324: 112,201,2303,310,4274,2951
4325: 2511,7612,10254,325,2488,6176
4326: 2647,1364,1481,2634,880,2788
4327: 2442,2543,5766,700,201,1153
4328: 4370,3068,469,906,1120,3025
4329: 4396,2248,4321,22,6177,1099
4330: 3054,1126,1386,5760,801,2996
4331: 71,3057,12248,2841,1526,140
4332: 2324,2276,9796,2415,1231,689,2461
4333: 1976,5769,2403,5756,2126,1166
4334: 1737,1696,4272,4262,5816,4285
4335: 8066,1025,474,9910,1786
4336: 4355,4389,8176,2186,3833,2781,1374
4337: 3059,1097,1424,813,2845,2804
4338: 1736,4207,2297,4309,1477,2576
4339: 5755,2718,4320,1755,118,4385
4340: 3243,4377,1003,813,2821,921
4341: 4291,2801,786,9924,2986,517
4342: 29,256,7697,635,212,1906
4343: 2199,4346,646,5751,115,1395
4344: 1062,2945,5770,1373,2814,5808
4345: 2553,4373,2338,7670,5756,854
4346: 646,2020,2443,4343,2119,115
4347: 2769,4399,2873,4085,552,10480
4348: 6097,6156,1963,1761,7802,5836
4349: 4004,2583,394,1132,6182,5776
4350: 31,5788,952,1049,520,4437
4351: 1367,5706,5786,2497,196,2088
4352: 2311,6139,3091,2422,7733,4230
4353: 662,2714,2884,2549,4092,244
4354: 1659,4365,5790,2345,764,143
4355: 2472,2547,8176,2186,4429,3833,4336
4356: 817,5785,384,6210,616,1966
4357: 8191,2156,4208,9920,1543,1388
4358: 1199,517,258,2335,6148,9924
4359: 4088,2806,7625,1123,2769,4399
4360: 2856,1192,679,4101,1494,4267
4361: 4161,1384,9870,1219,8024,2999
4362: 906,1120,1161,410,1450,3055
4363: 10140,12310,2052,2682,2624,3626
4364: 1507,546,7557,7642,6040,7620
4365: 1659,4372,4354,4413,2826,143
4366: 2867,78,837,5745,4382,2123
4367: 1080,5796,1178,2302,1504,435
4368: 2284,1182,2540,4369,824,2387,2502
4369: 2284,1340,2578,2540,1328,4368
4370: 1142,4328,3068,469,5792,927
4371: 2212,1566,2012,4245,2341,6092
4372: 1659,4323,4365,271,6151,4413
4373: 2338,918,2625,4345,854,6181
4374: 2458,5693,5661,11,2568,4392
4375: 4279,1221,4421,691,2932,2828
4376: 2312,4423,6036,1598,1665,10412
4377: 4340,6196,3598,2821,1750,921
4378: 1737,3003,2936,1450,3055,9893
4379: 790,2764,4391,2637,442,1098
4380: 1064,1519,834,2791,2874,2822
4381: 2173,1778,4281,2141,1586,1084
4382: 5745,296,4366,2123,4302,1086
4383: 1490,4218,2625,1788,767,1394
4384: 2694,1794,4292,2414,2558,6197
4385: 2572,389,2718,4339,118,5835
4386: 2228,2656,2037,1792,1515,5784
4387: 1205,12583,1053,9783,10411,3561
4388: 1190,7717,2290,4457,3046,1650
4389: 1391,3833,4336,668,1374,2778
4390: 18,2790,6190,2800,2270,1034
4391: 3021,1704,1303,2637,790,4379
4392: 985,2065,1961,2568,5693,4374
4393: 1038,1691,1695,3693,748,2386
4394: 2358,2890,5806,5804,1267,652,534
4395: 2411,2057,2038,1038,3693,1961
4396: 4329,4321,5765,12411,1099,8210
4397: 6136,5796,2412,763,5227,274
4398: 238,400,8212,374,1938,1549
4399: 922,4347,2806,2769,2873,4359
4400: 3037,400,1414,5813,12444,596,1242
4401: 885,4090,2872,1529,387,2893
4402: 2862,1724,2603,2695,888,1410
4403: 873,1926,1865,553,809,4424
4404: 186,2952,3014,5844,4244,2852
4405: 1115,652,534,2112,2166,2811
4406: 567,1212,734,1054,2948,688
4407: 1808,1967,1571,6175,9767,940
4408: 77,2847,1111,2885,645,2868
4409: 897,1420,1842,4081,30,5860
4410: 840,568,1155,5868,950,8221
4411: 312,1039,707,2529,0,261
4412: 749,4113,1697,1193,2919,2994
4413: 4365,4372,271,2826,3065,1243
4414: 10015,206,713,951,1201,8166
4415: 544,5944,740,4604,1670,3701
4416: 2607,2588,2226,9929,8111,4106
4417: 4419,1361,1163,4299,4197,5863
4418: 1930,344,3034,8208,4461
4419: 4417,1361,1104,633,1163,4119
4420: 688,1098,2131,1656,4118,1918,1054
4421: 1221,2051,4129,4375,2495,2932
4422: 172,4184,2657,5833,1556,1563
4423: 768,4376,1598,4230,1665,2422
4424: 1012,4130,72,1865,1926,4403
4425: 2724,2252,748,7640,1695,2378
4426: 1905,312,1934,707,1198
4427: 5972,2911,5964,4150,2865,6029
4428: 1921,2966,827,591,2841,131
4429: 4355,2547,8176,2500,5979,3691
4430: 1905,3009,1214,2878,2910,2940
4431: 1417,439,1721,1819,1834,233
4432: 496,1789,4166,5984,436,1036
4433: 9907,6021,5986,7613,4319,1541
4434: 6111,4454,1103,840,1155,6004
4435: 536,4447,698,263,1408,1044
4436: 8160,9974,421,1540,694,3803
4437: 3030,1049,4350,520,4173,2977
4438: 545,6119,2021,253,6056,6093
4439: 4125,338,816,1387,1160,6055
4440: 8147,2026,4146,6017,5997,1507
4441: 5713,941,1775,2796,2802,1794
4442: 7,4269,5758,3039,4084,5703
4443: 99,3122,5878,9930,8134,942,12473
4444: 17,10238,2808,1105,6101,592
4445: 2767,2209,665,5696,4178,2288
4446: 264,532,6132,10455,2732,584,4200
4447: 4202,536,1416,1552,698,4435
4448: 4134,4184,884,5833,46,4203
4449: 392,7732,2263,6097,7802,1177
4450: 1636,1977,1477,7732,4204,4207
4451: 277,1091,8162,4210,1422,12386,2705
4452: 5662,1783,5974,4066,1143,5680
4453: 6172,893,6155,2922,10291,12444
4454: 1103,4213,4434,1315,1155,24
4455: 2809,2840,2799,279,846,2875
4456: 5732,1663,82,1192,3066,4267
4457: 1528,7561,7717,4388,2290,5744
4458: 2732,10238,1239,2730,6132,794
4459: 514,2953,4227,5745,296,2053
4460: 1480,2543,5766,4225,6125,2716
4461: 4418,827,1930,8208,1915,10280
4462: 1928,992,7686,177,686,3051
4463: 370,1883,1565,779,6144,577
4464: 4950,963,1977,1477,221,1736
4465: 2783,1048,5716,4235,6045,6160
4466: 1143,2210,2832,5680,1808,3830
4467: 8389,12000,6406,7133,11891,7293
4468: 5667,3095,5295,2133,6457,4763
4469: 3379,9797,5520,9983,10474,10477
4470: 4587,7934,7909,4489,8046,8084
4471: 2184,5523,8185,1125,10277,12429
4472: 3970,185,10517,8089,5575
4473: 7403,5640,7395,8259,9617,6237
4474: 3411,6412,10389,7816,12493,4835,6501
4475: 3196,4025,7534,5470,7519,8145
4476: 8403,7181,11334,11085,11996,12182
4477: 7841,322,5307,3100,5346,20
4478: 9656,6464,6711,9111,12422
4479: 10185,6086,1779,2516,12358,7672
4480: 5917,4682,3478,4011,9960,8149
4481: 9789,3973,7807,2179,5311,5513
4482: 10458,7525,1138,8408,6591,7410
4483: 11340,4630,8564,10844,7412,9025
4484: 8413,7779,7413,7723,3188,7343
4485: 6500,7415,10009,10149,12423,10144
4486: 7416,4632,9659,9823,9807,197,6288
4487: 9441,9145,11663,7166,11345,8415
4488: 11347,11529,11640,6239,6980,11521
4489: 7934,8046,4470,4929,7829,1760
4490: 3519,5125,7714,7794,7533
4491: 7264,4655,7428,9567,10739,11353
4492: 2518,12373,9925,7512,7002,10105
4493: 9848,1157,9815,3590,3918,4889
4494: 7748,7778,6991,4656,7952,3099
4495: 10118,5432,12311,5943,7893,9763
4496: 8729,8426,5594,3554,9167,12300,8438
4497: 8428,10746,10528,11357,12187,9664
4498: 6948,8431,6822,9087,2466,9665
4499: 1157,3116,1451,4779,3918,5497
4500: 11117,11360,10787,11310,8937,8433
4501: 7273,10053,7425,10237,10213,7128
4502: 8282,9667,42,6402,4781,8696,8435
4503: 8284,8437,12189,6816,11415,10752
4504: 1268,4619,3222,10477,5573,4022
4505: 7387,10313,10187,2265,11353,9567
4506: 10248,9729,5109,10146,4846
4507: 7430,3627,9733,7518,7761,8442
4508: 11793,1162,8421,6768,9637,7371,9542
4509: 12387,10211,6199,12438,2102
4510: 3499,10150,10170,10366,6279,2533
4511: 3410,5565,3382,5320,3664,4018
4512: 12301,2586,6573,3346,10318,5603
4513: 9388,12337,9147,5201,8448,8750
4514: 10454,1169,8047,9885,3417,4580
4515: 5621,8105,3286,9935,5377,1700
4516: 7631,1658,2013,3651,5004,9932,12303
4517: 9995,10148,6641,7001,10195,10214
4518: 10378,10372,12297,341,1094,9822
4519: 10379,4666,7537,5508,7435,6317
4520: 8453,12281,6416,12254,12230,6700
4521: 3633,3884,10277,7652,12362,1125
4522: 2272,4794,3536,1184,7809,8003
4523: 3790,3840,10399,9813,5186,9742,4713
4524: 4756,6537,2396,60,7522,7552
4525: 5312,11377,11066,8458,11442,10799
4526: 7262,9564,9675,4766,9972,10273
4527: 8532,6490,6838,126,2579,11115
4528: 9914,7441,745,6736,3387,12416
4529: 2041,10382,2275,5381,8928,4046
4530: 11912,12050,7312,7015,11382,8464
4531: 5156,3762,1176,663,8108,4953
4532: 7901,8008,706,7527,3911,6709
4533: 2478,6260,6500,7443,7415,4030
4534: 8696,8435,10244,8247,4049,2280
4535: 8467,7778,6991,5025,10341,7445
4536: 11618,3796,11559,10780,11386,11490
4537: 4565,3074,9798,8106,8037,10417
4538: 4992,7794,8076,2050,7813,5125
4539: 6782,10683,4722,8345,10025,10499
4540: 7448,6618,9877,9949,5251,10132
4541: 3667,7583,3779,8022,8060,4671
4542: 9777,9089,6929,7449,10464,5157
4543: 6640,5348,5501,8118,3395,2120
4544: 8003,10041,4904,3536,7624,3670
4545: 10240,12409,4961,12026,11393,10552
4546: 12305,3914,12333,7131,5395,8071
4547: 3773,6568,7598,3188,9846,6297
4548: 1172,2287,10399,7929,10410,7926
4549: 2480,6332,10342,10290,8579,9997,12443
4550: 10070,578,3753,9984,9965,4808
4551: 7454,4915,11398,11203,12226,9540
4552: 12199,9141,11400,8320,11678,9682
4553: 8488,10953,11402,10827,10845
4554: 9863,10021,6796,9748,6922,3689
4555: 8491,12032,9307,11909,11405
4556: 2294,6923,2254,8436,10319,10274
4557: 6609,2091,8493,10111,8648,12453,12588
4558: 3404,6027,5645,3874,2659,2431
4559: 51,5677,10133,2299,3489,9820
4560: 9182,8496,7461,6415,9366,3782
4561: 8235,3449,2110,6048,1211,735
4562: 3531,455,6138,3407,3587,2484,3924
4563: 5466,2159,8125,6997,2512,3812
4564: 8478,3396,6508,12333,11134,10453
4565: 3074,4537,8106,2702,3888,8019
4566: 3545,8095,8023,7896,7577,8150
4567: 4790,7463,1787,4910,7050,6710
4568: 7464,11412
4569: 2029,9814,10272,9293,7044,8581
4570: 8033,8080,2425,7833,7835,3307
4571: 8661,10987,11071,11260,10804,11416
4572: 5322,10036,6527,9873,8506,6436,10120
4573: 11421,9603,11917,12205,7468,10806
4574: 7763,7940,7775,3356,7853
4575: 12034,6892,12579,10672,12581,7302
4576: 7876,12420,9746,2075,7681,10137,12519
4577: 9276,8512,10809,10989,7471,8330,8915
4578: 12295,2283,8345,8316,12265,6337
4579: 1223,2592,4939,10045,10102,2585
4580: 3417,2491,4680,4949,4514,8047
4581: 12267,7018,10041,6253,7825,4904,8172
4582: 7473,9693,12048,11425,7056,11467
4583: 9836,7138,1580,7223,12567,6564
4584: 8532,4849,2579,11654,4919,9259,8521
4585: 8487,11428,11420,8365,10792,8523
4586: 8048,7585,7567,3420,9890,7552
4587: 7934,7909,4470,7791,3113,1229
4588: 7477,9850,7728,5579,12099,7758
4589: 4971,4759,7942,10372,6677,3459,5154
4590: 1978,6403,2709,7478,5329,1810
4591: 6481,5440,2428,6320,4737,7520
4592: 9696,8529,7498,12318,9811,8568
4593: 8188,6229,7574,1588,4893,2330
4594: 6692,7481,10107,10129,9727,5489
4595: 7262,11436,8533,9564,10823,9697
4596: 7902,5476,3550,3781,9785,10440
4597: 761,3610,5135,1762,7633,4812
4598: 5561,3130,10292,5551,10275,3457
4599: 1101,7927,7856,3913,7905,4974
4600: 5443,5582,4028,2333,3176,1486
4601: 10017,5140,7484,10266,7106,6907
4602: 11442,8498,11181,12019,7438,10828
4603: 6367,8373,11444,10706,10696
4604: 544,740,4415,6049,1102,3429
4605: 1254,12423,1151,3390,6500,7443
4606: 2337,7785,7868,7928,3218,5508
4607: 7923,322,9801,4692,4685,6369
4608: 7439,12130,9927,8544,11176,4054,8350
4609: 6353,10255,7489,9724,4964,10320
4610: 5343,10403,7096,10309,8098,3888,8106
4611: 7490,6978,9702,8549,5035,9584
4612: 9797,3222,5023,1265,3146,8072
4613: 6283,5115,12304,8236,12264,7898
4614: 6319,12484,8552,3193,10951,10997
4615: 7964,12463,6871,3713,5111,2473
4616: 4015,5639,5825,1547,2224,180
4617: 12379,8392,10836,7480,8440,8806
4618: 5172,3437,2115,5437,9926,3127
4619: 4504,1268,5812,5041,4667,5573
4620: 4699,6423,10241,4799,3110,6899
4621: 7401,5574,5577,2366,10517,8089
4622: 8557,9102,12160,11289,12537,3428,7494
4623: 1107,5787,1273,7082,4802,3526
4624: 1688,6546,7894,7495,5570,7356,12341
4625: 8048,7585,8058,3441,328,3340
4626: 4288,1322,4297,10436,2483,5762
4627: 8113,5393,3443,329,3632,7651
4628: 3444,1539,3944,547,7713,7587
4629: 7569,10072,398,4925,3588,1280
4630: 4483,11556,11340,10796,11457,8564
4631: 10847,11459,8385,10714
4632: 8568,7388,4486,11982,9659,9823
4633: 3579,3075,7582,5364,7680,8087
4634: 3448,7746,5670,8196,5565,3664
4635: 7559,2453,1271,5918,2355,3185
4636: 649,3841,3449,1770,5704,1211
4637: 9863,8007,3689,9860,10027,6857
4638: 9853,2169,7499,7874,10434,7877
4639: 207,6540,5535,5453,4763,2133
4640: 7092,8511,812,9300,12582
4641: 5955,3641,12447,487,7675,2304,10302
4642: 3698,4859,8090,7735,7641,3186
4643: 3692,6124,2508,7693,7605,6576
4644: 2363,6859,2041,10382,5200,8151
4645: 10212,6958,8321,4767,208,12538
4646: 2239,5851,7534,7824,5864,8237
4647: 4787,12426,9760,12363,9769,6579
4648: 12260,1304,10109,6560,8579,12443
4649: 7989,2512,8125,7568,2454,9856
4650: 9862,8582,2384,12342,6879,3235
4651: 3965,6205,10039,8119,7682,9780
4652: 2391,3286,2383,3231,6098,9936
4653: 2662,9832,7167,7598,2550,7599
4654: 12528,12533,8528,3461,3887,10406
4655: 7264,6388,9669,7428,8587,4491
4656: 7393,5635,6610,3099,6991,4494
4657: 5073,623,5213,8014,7883,7935
4658: 4903,2631,8010,8026,2560,5124
4659: 6385,6867,3230,7508,224,10210
4660: 9231,11549,10876,11475,8590,9078
4661: 7930,8156,6704,3467,1613,7540
4662: 12306,6476,10137,12519,10135,4773
4663: 11926,9318,3710,10973,10881,11478
4664: 12020,7114,9507,12262,11893,9408,8594
4665: 12268,11833,9925,7158,8972,12468
4666: 7537,4519,3218,2375,5508,12353
4667: 5793,3259,5041,2471,1268,4619
4668: 11481,10963,11207,8641
4669: 3120,6003,3857,4898,239,7409,8133
4670: 7514,8408,8601,719,9101,10184
4671: 5852,7515,8022,3667,4541,7465
4672: 10345,12396,4932,8838,6626,10197
4673: 9756,5370,7517,12532,623,7883
4674: 4850,12455,6869,7176,6231,6736
4675: 8256,8261,8627,8489,977,8490,2520
4676: 7644,6832,11430,7122,7787,9781
4677: 10004,9923,3225,5061,12573,9069
4678: 11640,6265,9134,10624,9353,10864
4679: 7940,7775,4805,1760,5183,8000
4680: 4580,2491,820,4949,2598,7822
4681: 6400,10381,2381,7852,9582,7282
4682: 4480,3478,4011,6016,2236,12428
4683: 6684,4976,8912,11289,10911,10307
4684: 10095,10246,10112,7074,6534,11161
4685: 4692,2389,6250,4607,6369,9902
4686: 8615,11403,11491,7099,11871,5166
4687: 6721,9837,4992,8076,3345,3237
4688: 3589,7592,2467,5241,4776,486
4689: 8618,10925,10965,11986,8643
4690: 7563,2106,5169,5426,3142,8042
4691: 8286,9515,12237,9112,9062,12108
4692: 4685,2389,5138,5346,322,4607
4693: 5239,7013,8622,3782,9113,3202,6966
4694: 12452,3486,6260,7502,5635,10442,6936
4695: 3957,3616,7961,5229,7874,7877
4696: 8052,7916,1171,373,8005,4883
4697: 11682,525,8624,8283,8483,8239
4698: 7947,3227,7960,2299,9042,3489
4699: 7758,2323,4620,6423,10241,7728
4700: 8224,3852,1359,5385,3279,10346
4701: 6537,7586,5956,3255,3420,5886
4702: 2372,8655,3490,12338,6614,10014
4703: 6273,9165,10196,8292,6994,7000
4704: 1413,10285,10177,7741,6274,6616
4705: 6397,8027,10452,7470,3332,6813
4706: 9655,11505,9288
4707: 8505,6629,10096,11918,9256,1980
4708: 283,10600,5586,9632,11508,9506
4709: 10432,1159,7858,3494,5010,5557
4710: 7745,6284,6326,9799,9569,5409
4711: 8636,9403,2093,6286,8245,4973
4712: 6427,6686,7976,3640,9845,5442
4713: 4830,5526,4523,9813,5186,3515,7622
4714: 7309,2250,12388,9405,12430,6338
4715: 7431,10918,9671,12191,11514,8640
4716: 10428,5036,7975,7890,7847,3847
4717: 6516,6064,3539,10491,292,5402
4718: 2408,5903,3280,3573,3732,9938
4719: 8932,3388,8305,10033,2690,6294
4720: 9947,9873,6436,3499,8001,12334
4721: 3640,6296,10271,10368,6427,287
4722: 4539,6728,12295,8345,10025,10654
4723: 8310,10655,11620,11519,9481,8645
4724: 5351,7630,12370,12404,5623,12441
4725: 12020,9408,9277,8811,10571,11251
4726: 6306,8664,7004,3844,883,8683
4727: 11523,6307,9156,3805,10978
4728: 3502,2278,5894,10321,7562
4729: 11628,6319,11897,11530,10527
4730: 5478,2155,5655,8123,3504,3237
4731: 2425,3307,7831,7944,7953,5306
4732: 10194,9472,8319,6242,10050,10147,10011
4733: 6447,9644,7480,9696,8529,8657
4734: 6778,10267,10221,7839,6887,12394
4735: 3728,5402,2094,3085,7772,3311
4736: 7303,11904,11535,6318,8411,11765
4737: 12528,6320,4591,5440,2117,7966
4738: 321,9187,6452,11541,6324
4739: 8414,6601,5409,6426,2485,6326
4740: 12503,6329,7169,12222,6532,3416,9443
4741: 10296,6332,10342,12533,3399,7506
4742: 6429,8527,12513,9008,8663,6740
4743: 11544,10990,11275,11295,8336,8918
4744: 4871,259,5241,3509,714,5407
4745: 11532,10712,8381,11466,11546,11524
4746: 11536,8503,2544,11249,11548,10830
4747: 12165,11550,11011,8671,8341,4002
4748: 4925,3678,3889,8167,5348,4801
4749: 2514,5590,6342,7247,6344,2435
4750: 7023,6650,8463,5230,12257,9901
4751: 10447,7201,6346,7085,11916,6696,10367
4752: 8207,7788,8013,3348,1171,373
4753: 5205,7836,3448,3804,3447,333
4754: 3331,9012,10393,3324,9723,6798
4755: 11555,11002,6504,10686,9229,5282
4756: 4524,7522,7552,9890,3157,2447
4757: 1304,9986,10109,5555,1220,9484
4758: 7667,5224,5095,8198,6115,7684
4759: 587,4589,4971,7434,10372,12297
4760: 5248,8361,12503,6329,7769,7379,9640
4761: 9757,6542,10403,7096,8069,7116
4762: 6886,6370,6747,10394,7322,12521
4763: 2454,6540,4639,5295,2133,4468
4764: 2548,4883,7781,7916,6662,10395
4765: 6375,8367,8681,4797,12070,8393
4766: 10077,8688,9972,10273,10252,4526
4767: 4645,10212,12538,12452,6961,7502
4768: 11562,8370,10550,11010,8724,9317
4769: 10388,5459,7783,8413,10037,7749
4770: 9631,8686,9504,8531,11493,9537,12574
4771: 3082,8139,2460,2536,5826,3500
4772: 10007,5798,10486,746,9970,1948
4773: 6390,10135,10437,7752,4662,12519
4774: 3371,10261,10077,6377,10515,6393
4775: 8690,8383,6528,425,11285
4776: 486,917,5538,3342,2467,4688
4777: 3074,9798,5260,6621,2100,4890
4778: 11018,8480,8693,2628,11567,11004
4779: 4017,5401,3918,1692,1451,4499
4780: 5435,6951,3374,7282,10381,10383
4781: 8387,5203,9762,8696,4502,6402
4782: 2471,5520,9983,9996,8149,7551
4783: 4936,10250,8052,8185,8013,1171
4784: 8699,11571,11157,1456,11026,6405
4785: 7836,5670,12463,2473,3734
4786: 2684,10328,3532,7179,7753
4787: 12426,4647,10955,8987,3384,12363,12355
4788: 8439,11065,11604,11575,6409,6446
4789: 6707,8705,8748,1599,9058,12367
4790: 4567,7463,8707,1787,5112,12493
4791: 10476,7046,10104,6830,6959,9102
4792: 8397,6415,12365,102,10200,9921
4793: 6961,2478,4030,12375,6380,10212
4794: 4522,2272,1184,12436,5544,12402
4795: 2029,6552,12470,9730,10175,5290
4796: 6696,5351,7630,7098,3891,7201
4797: 6632,8712,8673,8681,4765,8367
4798: 6421,11041,10695,10725,674
4799: 4620,2485,6423,6326,6899,6284
4800: 8716,8887,10741,11583
4801: 5348,402,3395,4939,4748,8167
4802: 3881,6890,1273,4623,2115,3526
4803: 3547,10846,8728,11060,11587,6428
4804: 5484,4920,1486,3639,6708,9774
4805: 7806,4929,10513,1760,4679,7775
4806: 2342,3158,3179,6431,12498,7917
4807: 9916,6433,10023,9150,6670,9942
4808: 6435,9965,10085,9956,4550,10070
4809: 10607,11591,11057,7482,8482,5622
4810: 6439,9884,8430,12564,12566,8920
4811: 1589,5637,6516,5004,412,3148
4812: 3426,7633,2496,4597,6015,5135
4813: 3444,3719,547,5500,4930,1497
4814: 11597,5161,6779,11365,8727,11058
4815: 10344,10293,4836,10138,9833,12391
4816: 12266,8331,6852,11062,12251,11454
4817: 3154,6576,3452,5924,6124,1200
4818: 11429,8391,9010,10659,8731,7460,12588
4819: 4038,7548,5132,12383,10353,7726
4820: 7007,8443,11070,9174,9401,8733,8476
4821: 6255,1593,3527,12526,2621,8743
4822: 2591,8542,5403,9509,11827,7225
4823: 1266,88,7964,12463,333
4824: 3557,5366,1964,5156,1085,5216
4825: 7978,7588,7680,5955,3451,9825
4826: 8470,10781,12382,11757,11074,11603
4827: 7259,588,6631,12451,9771,6458
4828: 11875,3164,10650,11605,10649,8554
4829: 5466,3194,4847,8125,7568,3569
4830: 5659,4713,9773,5526,9813
4831: 5068,5313,3559,7963,3687,5829
4832: 832,7911,7677,8065,2373,3880
4833: 5213,8014,3463,3809,2515,5171
4834: 36,7986,9815,1348,1523,8042
4835: 7763,7773,3356,6501,4474,7816
4836: 10344,4815,10209,9833,4052,6334
4837: 8745,6580,9394,11611,11186,8614
4838: 11926,9007,6362,8747,4880,11422
4839: 8749,7177,6984,11661,9143,10532
4840: 5264,11615,10858,9278,8441,2008
4841: 11094,11619,10854,7152,11367,10760
4842: 4909,7899,10418,5471,2151,7999
4843: 9852,7848,12491,10431,3473,10384
4844: 3228,3344,7955,9831,5538,5654
4845: 1538,7977,2076,5182,3787,5263
4846: 10248,9729,9177,4506,12401,6485
4847: 3194,4829,789,5146,3569,3741
4848: 7521,2079,6127,3793,1539,3944
4849: 4584,8461,8532,6282,4919,12413
4850: 10324,12455,4674,745,6736
4851: 3571,8053,499,6814,7546,4897
4852: 7742,10257,1544,5072,7695,12432
4853: 7692,10204,5861,7618,510,8195,10174
4854: 8620,8762,12539,9708,8494,11626
4855: 7763,7775,6501,10052,3415,7806
4856: 7267,9347,5411,9361,8764,10560
4857: 10249,3205,12390,6507,8893,12408
4858: 10048,6509,10034,11681,9284,8291
4859: 3698,4642,2532,2365,1616,3186
4860: 11650,6981,11630
4861: 7950,844,7946,5451,10176,7664
4862: 3673,10943,6717,10829,12244,12252
4863: 8669,7298,7280,6378,10239,3258
4864: 11633,11150,10682,8771
4865: 2460,776,2536,2054,6038,2437
4866: 6860,8368,11374,8551,11635,11463
4867: 10064,8998,9573,8779,5648,10533,5303
4868: 7137,11743,8499,8240,12238,10595
4869: 11127,9475,8784,6459,11898,11639
4870: 10429,9903,8565,6369,9902,7505
4871: 486,5559,3238,4744,5241,714
4872: 63,9039,8977,6541,9754,4923
4873: 5074,8124,5394,3339,3362,487
4874: 3583,8790,8500,11642,10800,11315
4875: 11144,11645,9208
4876: 12227,9223,6649,6551,10299,4947,10576
4877: 3087,8798,11147,9139,8586,11647
4878: 12066,8802,11151,12155,9454,11649
4879: 5084,8134,6835,5899,1579,3696
4880: 6362,11613,11651,9007,4838,11540
4881: 4885,2014,2585,3586,7570,10102
4882: 7198,8388,6405,8519,8257,11077
4883: 4764,2548,9750,8005,7916,4696
4884: 5340,5049,7614,7539,7597,2064
4885: 4881,2014,7569,5794,5271,7570
4886: 8965,11352,8263,11164,11657,10625
4887: 5100,5005,3342,5653,1785,2467
4888: 3521,6954,3773,6920,5150,6568
4889: 5401,3590,3918,1986,3876,4493
4890: 1585,9887,3902,5280,4777,5260,2100
4891: 7865,7918,8053,4897,8017,3810
4892: 4234,3177,7756,7623,4253,2352
4893: 5491,2330,10013,5397,1588,4593
4894: 9511,5593,10603,11213,10920,11664
4895: 1589,3311,5637,4968,6064,7892,7772
4896: 9919,10189,10058,8854,5603,12301
4897: 1631,7546,4851,8053,4891,8017
4898: 4669,239,8133,5652,509,8094
4899: 9865,5073,5417,7744,8014,3463
4900: 2432,773,3077,255,8195,10174
4901: 10875,8823,11669,8445,9054
4902: 11672,8826,10915
4903: 3704,8010,4658,2560,3158,7904
4904: 10041,4544,4581,2319,8172,7624
4905: 5829,5529,7325,3559,2182,5519
4906: 6582,2563,11675,11549,11475,8517
4907: 7048,6584,6674,1991,6438,3326
4908: 10281,8847,10179,5408,10505,7184
4909: 4842,5471,2589,6587,8067,2151
4910: 6589,12393,10033,4567,1787,7050
4911: 7274,7751,7992,10401,7659,5611
4912: 7224,6249,7227,8040,4006,7859
4913: 9178,8833,8758,11680,11100,11710
4914: 11202,11682,8483,8837,8629,10788
4915: 11140,7454,12029,4551,11685,11203
4916: 8637,6853,10896,11626,8841,11688
4917: 4957,7531,1999,8140,7826,3791
4918: 8844,11189,11207,11227,10890,8641
4919: 12413,6605,8521,5222,4584,4849
4920: 2333,4804,5369,5484,7224,1486
4921: 4013,7055,2213,10141,5433,1606
4922: 3300,5631,2670,8220,9804,12510
4923: 10259,9754,2584,7066,63,4872
4924: 8840,8849,5438,4010,10565,12565
4925: 4748,3678,1280,8167,10072,4629
4926: 11694,8459,8865,4937,9109,12558
4927: 3196,7519,5443,3176,1612,7845
4928: 7073,12301,2586,6907,8854,12348,6622
4929: 4805,9792,7829,10513,1760,4489
4930: 3676,3719,3705,547,4813,2638
4931: 5568,4020,1616,838,2532,5536
4932: 6481,7516,4672,10345,10197,7520
4933: 6993,5204,6628,12398,2632,7141
4934: 7059,11698,10610,10721,8398,11652
4935: 10092,6699,3552,10219,10998,12467
4936: 4783,555,8120,2184,8052,8185
4937: 4926,8865,9109,8542,9369,12223
4938: 1223,5576,2592,3616,5460,3250
4939: 4579,10045,2585,402,4801,8167
4940: 9954,9957,12445,5367,6638
4941: 8602,11841,6612,10802,11236,11702
4942: 9314,9686,6933,3756,7461,12365
4943: 8062,8017,4034,5422,1631,5483
4944: 8649,11921,8871,6645,11699,11638
4945: 5037,5678,3618,7642,5092,6001
4946: 3625,6664,6575,6791,6647,7090
4947: 11706,9223,6551,10860,4876,8479
4948: 9789,3973,7903,7879,709,3916
4949: 4580,4680,7822,1337,5240,8047
4950: 4464,1286,963,2509,3621,221
4951: 7221,4005,8121,1637,6113,3926
4952: 8877,11709,6327,11223,11356,8968
4953: 5022,3736,4531,3762,663,572
4954: 8923,12151,9240,8356,3229,8880
4955: 12225,8749,8882,8600,10532,10892
4956: 9544,5627,6660,7309,8884,8340
4957: 4917,3624,1999,8140,9969,5404
4958: 2309,8154,574,5578,5876,5815
4959: 4059,413,5684,2604,3601,463
4960: 3822,10361,5571,8713,9988,7357,12549
4961: 4545,12409,5167,9440,12026,9430,8475
4962: 7826,3791,10454,5058,1169,7524
4963: 6737,8890,6667,9954,8783,6957
4964: 6353,173,4609,6525,9724,8892
4965: 3550,3781,3666,10397,9737,9752
4966: 6795,10422,10049,9128,10508,6672
4967: 2567,6584,7050,6674,6710,3563
4968: 1589,4895,7892,5269,2013,3143
4969: 7863,3738,1489,5410,6676,3629
4970: 5324,7799,7782,7933,5539,4001
4971: 587,4589,4759,9759,628,6677,5154
4972: 8902,11474,11399,7390,8706,11047
4973: 8245,10312,6679,8298,12315,4711,6286
4974: 5376,7905,3913,7818,7777,4599
4975: 11768,2618,11721,8558,8910,10838
4976: 6684,6849,10407,8557,4683,11289
4977: 1538,5182,7921,7554,10408,6962
4978: 10002,9998,3865,10005,8250,2107
4979: 11477,11724,9244,11290,11821,3635
4980: 9884,8430,9082,5148,9882,11494
4981: 9095,1668,8487,11428,11727,8917
4982: 2620,7270,10026,6993,3928,5204
4983: 8993,5056,3683,8613,11730,11296
4984: 6708,3969,8050,12293,6365,3639
4985: 8522,9730,8677,10175,12331,7281
4986: 1254,10271,12423,10368,3360,10149
4987: 3641,5892,7675,1945,9825,5198,10439
4988: 6714,9553,7213,5359,9090,5452,3952
4989: 10618,6323,11734,11269,11300,11297
4990: 8041,5354,8097,5172,7886,10496
4991: 6367,12479,11121,11128,11308,11001
4992: 76,4538,6721,4687,7794,8076
4993: 7364,7920,5003,7823,1701,10317
4994: 3245,7785,12435,3682,5569
4995: 4040,7252,12323,6724,9637,7371
4996: 3251,8099,8056,12530,10405,3086
4997: 7746,8196,8214,3692,2627,2508
4998: 2096,5160,7864,8073,8091,5474
4999: 9192,7120,8935,8670,10926
5000: 11588,11314,9137,11740
5001: 5889,3185,3201,5454,3650,8015
5002: 9368,11983,10848,11745,8941,11746
5003: 7441,9805,3387,4993,7364,7823
5004: 1589,4811,3148,9932,4516,2013,3651
5005: 5100,4887,8035,8006,6226,1785
5006: 6737,8944,12392,9328,11940,6655
5007: 2315,2589,6276,9906,7530,9864
5008: 5218,9677,6831,9160,9180,8787
5009: 3078,3815,7839,6682,7842,5498
5010: 7649,5557,1686,7541,7858,4709
5011: 9117,6743,11754,11889,3797,11024
5012: 6745,2032,1057,3656,7180,10236
5013: 8799,11757,11328,6456,11149,8452
5014: 6658,10338,10394,8700,7420,5522
5015: 3930,6008,6455,9855,7626,7549
5016: 8908,11131,11335,11761,11299,11142
5017: 6951,7495,3374,3269,1688,5602
5018: 8158,292,2641,8103,3728,8079
5019: 3658,7538,12527,10401,6285,5420,12515
5020: 5324,7846,3777,7782,12520,5217
5021: 7300,8077,3962,9904,5475,9841
5022: 5566,4953,3736,1692,4017,572
5023: 3661,5569,4022,4612,3222,1265
5024: 9775,7937,6834,7891,7144,5033
5025: 9847,8467,74,7778,4535,10386
5026: 7867,7973,3078,5266,7842,3955
5027: 5086,6868,10231,6672,7148,3628
5028: 3625,6955,9749,2234,6659,12460
5029: 9338,8583,11576,10862,11954,8966,9079
5030: 5281,7106,10339,10397,6623,9737
5031: 6762,11773,10924,11356,10597
5032: 7392,7854,5621,10396,5633,8217
5033: 7937,5024,7144,3985,9871,9604
5034: 5625,7906,3289,8175,10063,5211
5035: 7286,9714,8972,9584,7490,4611
5036: 4716,3836,7729,9778,7975,7890
5037: 7642,4945,5092,6040,3671,2153
5038: 3862,10232,9957,10061,12445,7160
5039: 2272,9858,654,12402,8004,10233
5040: 8512,11778,11370,11867,11298,10943
5041: 1305,3259,4667,5812,7938,4619
5042: 11780,11372,12002,6681,11104,11355
5043: 7949,3301,1710,1677,8112,5865
5044: 8033,5634,8080,3413,661,1085
5045: 11378,8827,6763,11337,9076,11783
5046: 5618,9934,10050,8667,7008,8983
5047: 3889,3511,3170,2120,5795,2043
5048: 10198,2416,8379,12356,687,6391
5049: 4884,7597,2064,5153,1722,494
5050: 3568,5512,3219,3679,3915,900
5051: 5981,8108,5893,2170,1176,9963
5052: 6947,11387,10935,11787,8875,11240
5053: 8036,9880,10469,5547,2204,3997
5054: 5852,3661,1676,2377,3682,7515
5055: 3313,5639,2224,2421,1722,3759
5056: 11394,8993,4983,11730,11391,11790
5057: 12003,7417,12142,9451,10734,11792
5058: 7826,5143,576,1169,4962,3684
5059: 8888,8996,6383,8372,9050,11404
5060: 675,7314,3214,7247,6344,4033
5061: 3225,10161,12573,10457,9883,5338,4677
5062: 8424,11407,11795,5641,3319,8999
5063: 9844,3075,5587,5364,7851,5263
5064: 8369,10701,11670,9002,11798,10895
5065: 832,5650,5175,6581,3460,6808
5066: 12387,1057,9741,6199,3381,2032
5067: 11687,6783,12277,7399,9652,9566,5643
5068: 8123,7963,3687,3504,4831,7601,7648
5069: 5261,12471,3162,7882,7945,2684
5070: 6815,10623,11802,5296,9538,9011
5071: 5349,6520,11148,12071,11806,6817
5072: 1544,2427,7724,7730,7742,4852
5073: 4899,4657,5417,7828,7744,8014,7883
5074: 4873,8124,1744,8225,487,2304
5075: 12364,10201,3690,9577,9016,8922
5076: 2555,10510,3534,6121,12329,8159
5077: 7457,10021,696,6796,7386,6824
5078: 8218,8214,1359,3140,3692,7605
5079: 9851,10301,3344,9063,9831,10451
5080: 9018,10476,9235,11811,10104,9918
5081: 5373,5673,8222,7786,10336,697
5082: 9071,11816,11558,8938
5083: 5963,12385,7665,5265,4273,1407
5084: 5480,8134,5899,2039,4879,12473
5085: 9023,7193,10019,12432,7695,7025
5086: 6868,5027,10218,3628,10294,9915
5087: 9792,7776,7829,6770,3611,6492,10443
5088: 5548,7901,7527,7820,7798,12321
5089: 7087,10447,3891,7196,6840,7201,9326
5090: 10310,5300,10724,7830,12330,10154
5091: 9486,7204,8420,11822,9028,12090
5092: 2025,5037,3700,4945,6001,3671
5093: 11657,3253,10699,10709,6454,11352
5094: 8201,2060,10423,6204,8025,2325
5095: 7667,5224,2700,4758,900,5512
5096: 3837,10276,8216,7532,2125,3702
5097: 8188,5591,2327,1686,9788,7541
5098: 6372,7377,3703,6874,6854,6395
5099: 11395,9037,11829
5100: 3704,4887,5005,8006,8010,5653
5101: 6858,9039,10110,10028,8977,8653
5102: 714,5582,7895,2245,4028,9810
5103: 3588,3707,1280,5399,3783,5176
5104: 9795,9384,7132,12330,6844,8955
5105: 7893,3933,9582,7960,9042,7852
5106: 5149,7812,5304,7792,3473,7764
5107: 6862,9878,11465,11833,9050,8486
5108: 9948,8712,6864,7452,6965,6420
5109: 6878,9729,4506,10146,6392,7168,10101
5110: 7855,2633,12509,2076,7851,2191
5111: 3713,7599,6889,4615,2550,6871
5112: 6412,4790,8707,6389,10284,12493
5113: 9750,8005,3256,9930,555,5342
5114: 10081,10074,5601,6876,10159,6685,6801
5115: 6283,4613,7872,12304,10160,9827
5116: 7009,8490,9695,11110,12285,9177
5117: 5967,4237,3398,1716,1793,725
5118: 4012,7234,561,6882,9751,11139
5119: 3608,7931,10288,5289,5180,9804
5120: 8868,3383,9060,10767,9260,11841
5121: 2381,746,8054,6400,5200,1948
5122: 8083,9065,6886,9209,3607,7305
5123: 5668,2349,2672,8028,5439,10430
5124: 1809,8026,509,2631,8094,4658
5125: 3519,3724,7813,4490,4538,7794
5126: 3963,6657,12100,11255,12145,11845
5127: 9070,11796,11847,6895,11492
5128: 3658,1312,6535,3570,3419,12384
5129: 8103,7912,3847,651,8079,10428
5130: 3970,8002,10517,7401,9982,9943
5131: 3604,7274,7751,9747,1810,6900
5132: 7548,424,7709,4819,6904,12383
5133: 6135,3341,3731,4192,1447,3405
5134: 7992,7801,1229,7939,3732,3280
5135: 761,4597,6015,5730,3977,4812
5136: 6054,3759,571,3088,3313,3733
5137: 7606,1137,3470,9996,10492,7551
5138: 5566,4692,2066,2389,5346,3736
5139: 9798,1179,6621,8037,5505,3737
5140: 5281,10266,4601,10326,7617,7106
5141: 9979,5525,3740,6910,7202,7188
5142: 6868,2650,6653,10218,8691,9879
5143: 576,5058,3684,8104,5746,2148
5144: 9395,11855,11484
5145: 9067,11857,6924,7306,9061,9348
5146: 4847,789,3190,2235,6013,3741
5147: 9961,7229,7317,10129,6926,3753
5148: 4980,9082,11512,11494,11525,11861
5149: 5106,3473,7526,7764,792,12491
5150: 6954,10484,6920,4888,12366,1382
5151: 3534,10200,9921,10027,6922,3689
5152: 3757,2522,5682,3477,2063,5336
5153: 1722,6054,494,3759,7590,5049
5154: 6677,3459,1213,6938,4589,4971
5155: 456,3469,12472,9720,10279,6927
5156: 3557,4531,4824,1964,3762,1176
5157: 6885,2285,3450,9777,4542,9089
5158: 7736,12571,6795,7711,3764,10335,10422
5159: 6776,12065,11866,11876,11776,10970
5160: 6934,2096,4998,7754,8073,5585
5161: 11597,9091,9074,11868,4814,11365
5162: 7005,2519,12396,9094,8838,6773
5163: 7696,5337,7652,12362,6165,10370
5164: 2662,10459,7555,7167,6954,10484
5165: 3425,10270,6549,12433,3836,7729
5166: 9100,7099,11871,8615,11582,4686
5167: 12464,4961,12197,12026,8475
5168: 6947,5245,6515,11596,11787,11873
5169: 2106,1348,7907,4690,8030,8042
5170: 12485,7037,3755,9428,9218,1382,10362
5171: 2515,828,4833,3809,5961,8164
5172: 3437,4618,3127,8097,4990,10496
5173: 8397,6309,8496,10108,6488,5228,10494
5174: 514,2953,4079,2955,2762,1913
5175: 5650,5065,7645,7860,9894,6808
5176: 3783,5879,3505,605,3588,5103
5177: 2669,7739,9904,8893,7941,2644
5178: 10286,6958,10360,7005,10010,6939,9094
5179: 7832,5276,229,7752,7876,2075
5180: 2171,7058,5289,12510,5119,9804
5181: 5810,539,5991,5456,838,2233
5182: 1538,4845,4977,1951,3787,10408
5183: 7984,8031,8021,7940,4679,8000
5184: 6930,10332,12368,10388,7749,3521,6920
5185: 1164,7579,10176,7664,2255,5592
5186: 9742,8068,3840,4523,4713,7622
5187: 8135,3339,6804,7994,5826,7970
5188: 10824,11883,8675,9122,9120,11616
5189: 7611,1518,3070,3795,7712,5947
5190: 8085,3509,1942,7607,3923,5407,9810
5191: 5572,2080,6969,11886,11306,10598
5192: 9857,9839,5390,6971,9128,10508
5193: 11336,2140,10623,8260,11024,11889
5194: 12220,10306,3223,3623,11231,8869
5195: 7514,8601,7233,5532,9735,8044
5196: 8656,9702,8549,9136,9258,9407,12544
5197: 9455,11892,8456,12067,10772,11653
5198: 10439,3082,451,8139,5892,4987
5199: 8639,11659,11400,12328,8485,11584
5200: 6400,6859,4644,8151,1948,5121
5201: 11668,9144,9151,9147,12245,4513,9388,6988
5202: 2610,2238,2084,6050,5740,4024
5203: 10260,8387,9762,4781,9964,3529
5204: 4982,2620,6993,4933,6819,2632
5205: 8218,3804,4753,3447,10346,7628
5206: 6496,6519,5589,7920,3646,6873
5207: 9158,8432,10701,11061,11686,10748
5208: 7385,10462,6998,8061,12431,10264
5209: 8552,10441,3193,11903,6565,3435
5210: 7004,9169,3508,2479,9154
5211: 2087,3808,8175,5034,3289,5344
5212: 9368,11983,7123,11906,11731,11601
5213: 4657,4833,8014,7935,5424,3809
5214: 9951,10011,2382,10147,1392,10103
5215: 9905,7882,8062,2684,3810,10328
5216: 661,4824,1964,3868,5841,1085
5217: 5020,3777,12520,7907,8152,2159,10376
5218: 5008,9677,9186,11382,9180,8464
5219: 2315,10253,6628,7530,6880,7077
5220: 3568,5397,25,3915,8074,10013
5221: 2237,185,913,4023,8200,3814
5222: 4919,12347,12413,6605,1971,6689
5223: 4049,7001,7017,10267,10214,10221
5224: 5095,4758,2144,7684,6198,5512
5225: 10127,3867,735,3871,5315,2110
5226: 32,1974,3662,10167,3323,5646
5227: 365,6136,2412,2109,4397,1365
5228: 6488,5459,7783,1975,10494,5173
5229: 7961,3763,7874,2392,6943,4695
5230: 8463,11735,9166,9194,7023,4750
5231: 6543,6492,7024,3602,5244,3611
5232: 9168,10903,3839,12585,12045,9174
5233: 9017,11915,10726,11747,9203,11700
5234: 6927,3761,6553,7917,2342,12472
5235: 3384,10018,10097,10060,7350,7010
5236: 10364,6398,9953,11918,9173,3992
5237: 7725,3724,7813,5496,7912,3153
5238: 7949,10251,7925,5596,2429,7762
5239: 6617,7013,9176,8622,4693,8279,10084
5240: 12496,3749,1337,7817,7822,4949
5241: 7592,259,4688,486,4871,4744
5242: 6328,431,12376,9542,7042,9228
5243: 11804,9235,7046,12497,9047,7442
5244: 6438,7402,6530,3602,5231,7024
5245: 6947,5168,11542,9290,11596,11922
5246: 5547,7665,2204,9767,3830,7814
5247: 7336,9191,3134,9209,6518,9787
5248: 9443,10350,7140,4760,8361,12503
5249: 11288,11242,11927,9269,1995,11860
5250: 11930,11819,11614,9196,9541,11738
5251: 7638,4540,9949,6638,10132,10079
5252: 9198,6479,11739,11862,11932,11044
5253: 3922,3624,1999,3820,5828,10438
5254: 651,2094,3085,7724,5273
5255: 7068,9733,45,7304,5482,5391
5256: 9023,7687,7028,12432,10257,12434
5257: 7553,7868,7928,5853,9734,5649
5258: 9658,8368,8564,11935,10844,11374
5259: 99,7029,3198,8122,9742,8068
5260: 3074,4777,2305,8019,4890,9887
5261: 6274,5069,7811,12471,947,3162
5262: 6968,10246,10112,10453,10119,12322,10082
5263: 7977,4845,2076,7851,9844,5063
5264: 10783,10520,11869,11615,4840,9278
5265: 5083,7565,5963,9880,5547,7665
5266: 7855,5026,7867,7973,7827,12509
5267: 9211,9420,10866,11676,6306,10975
5268: 10589,10521,8357,5455,10569,9400
5269: 7765,5493,7631,2013,3143,4968
5270: 9447,12036,9312,12276,7117,9422
5271: 4885,3653,2014,2088,5794,1497
5272: 8107,2343,3846,5624,6843,4056
5273: 1544,5254,651,7724,10428,7095,7975
5274: 7847,7716,7849,3824,7699,7890
5275: 10522,11775
5276: 2097,7936,5360,7832,5179,229
5277: 11779,7211,9607,10523,7049,9292
5278: 2449,3129,7702,1102,6118,3429
5279: 9336,10525,7104,6414,8995,6877
5280: 1585,4890,5414,7054,12425,2100
5281: 5140,7617,5030,7106,2022,10339
5282: 2098,9898,4755,6504,9571,9229
5283: 10377,133,6360,7891,7144,7340
5284: 8226,2702,5294,3888,10309,6998
5285: 5612,9299,9530,8543,7003,10606,12536,6238
5286: 8224,2515,3852,7700,9865,3463
5287: 10526,11100,11710,8976,11778,11298
5288: 113,6139,3091,4289,2024,3543
5289: 7808,7058,5180,3608,8093,5119
5290: 9236,11808,1217,9730,4795,6552
5291: 2629,7126,11736,10527,6733,11530
5292: 6419,9380,9239,8355,11059,273
5293: 8431,6822,10236,9382,7130,6745
5294: 8226,5284,7804,10264,10233,6998
5295: 3095,4468,3569,7568,2454,4763
5296: 10529,9409,9538,5070,11802
5297: 1979,11824,9245,8911,11256,10530
5298: 2215,8222,3859,5423,6035,3548
5299: 3670,3937,6228,2314,3096,5671
5300: 5090,8404,10724,7137,12238,10154
5301: 2275,9970,6668,10382,8151,1948
5302: 9273,3862,10232,9247,7057,7129
5303: 6429,5648,10533,11464,11993,12569,4867
5304: 3709,7812,5106,3427,7797,7764
5305: 9434,7145,3580,6730,7212,10110,10028
5306: 7848,10431,10190,7831,2425,4731
5307: 7923,7841,4477,322,10380,5341
5308: 6320,7479,6511,8528,9946,3461
5309: 9258,9407,8900,9973,6905,7150
5310: 11843,11755,10535,11479,11195,6884
5311: 1970,2179,25,8092,4481,7807
5312: 3870,4525,11377,10536,11066,11769
5313: 2623,3559,5405,3687,4831,1595
5314: 3922,3389,10438,3103,8008,3911,9843
5315: 3871,3097,3263,5909,2110,5225
5316: 12317,6648,9267,10537,5446,8307
5317: 5861,9938,3366,5903,10258,2055
5318: 9250,2101,7688,953,2689,12424
5319: 11941,10538,11762,9271,11106,7334
5320: 7606,4511,1137,5939,3410,3382,2220
5321: 9274,11953,9621,11764,10539,10662
5322: 4572,6303,9277,6527,8506,10057,9408
5323: 5688,4275,2143,939,3706,3109
5324: 4970,5020,3777,7782,7933,8030
5325: 7493,10282,7170,12403,5487,7348
5326: 9281,7172,8281,8472,2499,3845
5327: 9453,2090,8628,3111,7243,12378
5328: 7821,3880,5545,10467,1674,2373
5329: 3604,1810,7791,3113,4590,1978
5330: 10092,9285,10228,6902,2062,8861
5331: 1273,2487,3255,8168,7586,6890
5332: 9840,7536,6925,10117,9821,12289
5333: 12073,10540,10723,6937
5334: 10449,10274,6444,9450,7459,5408
5335: 3983,5503,9959,8043,12250,10014
5336: 2063,5856,5664,3477,5152,3466
5337: 5771,7696,2491,820,5163,12362
5338: 3802,10315,9883,7993,10161,5061,12573
5339: 11791,7190,9473,12129,9221,10541
5340: 1067,4884,7614,9876,7539,8011
5341: 7841,7966,10380,10406,5307,8018
5342: 555,8120,1579,9930,5113,942
5343: 7881,4610,10403,9967,8106,10417
5344: 5383,494,7590,8175,2087,5211
5345: 2319,1068,5887,5885,7608,3292
5346: 4692,2066,5138,20,4477,322
5347: 9297,11898,11639,7195,10544,11794
5348: 4543,4801,3395,2120,4748,3889
5349: 10996,11265,10545,5071,11148,11806
5350: 7462,11075,10546,10677,11277,11797,10857
5351: 4796,6696,7630,12370,6300,4724
5352: 3894,2276,4112,689,3765,6151
5353: 8283,6263,7203,9485,8492,9304
5354: 8041,4990,3157,603,8097,7522
5355: 6348,10128,9309,12299,9647,5636
5356: 677,10370,8813,6756,7696,7734
5357: 9352,11717,11913,9311,7207,10547
5358: 9492,10548,9313,11812,11874,11919
5359: 6240,6949,7213,9090,4988
5360: 2097,9799,7265,7832,5276,9569
5361: 6888,7477,12099,10549,3953,9499
5362: 11722,9129,12074,10550,9317
5363: 11929,9482,11955,10594,10551,6690
5364: 3075,5587,5063,4633,8087,5509
5365: 10344,6563,448,12316,3434,10138
5366: 3557,4824,1085,3100,3413,20
5367: 3617,10087,6638,10079,4940,9957
5368: 9211,8778,2219,9420,7222,9322
5369: 9787,5484,7224,6249,4920,7305
5370: 4673,12532,7414,10404,623,7226
5371: 9325,9197,7149,12369,7026,12555
5372: 7231,7330,3459,3421,7942,10426
5373: 8222,5081,697,3859,2305,9887,3902
5374: 3976,9735,6976,9463,7233,9329
5375: 11033,11944,7235,7450,10552,11393
5376: 3358,1043,7905,4974,7818,2501
5377: 4515,9935,4042,1700,10502,5453
5378: 6986,12112,9521,10553,11586,11950
5379: 8595,9522,1106,11543,9080,9337
5380: 10155,6253,9817,7825,3103,7820,7798
5381: 3437,2275,9926,4529,8038,9785,8928
5382: 10554,8933,3240,11182,11956,9339
5383: 5344,7590,5968,4162,2087,2388
5384: 9341,9291,11099,7241,9529,11844
5385: 4700,3852,1359,828,3140,7591
5386: 12500,7350,8530,7010,9523,9343
5387: 1223,3250,10102,1113,3981,3586
5388: 6694,7730,7742,7246,7743,7370
5389: 8650,10557,11965,10977,10873,6663
5390: 9857,9839,10356,5192,8244,7958
5391: 5482,12321,5255,45,7798,10155
5392: 8636,9349,10558,9268,11418,7251
5393: 5617,8113,9939,4627,3443,3216
5394: 4873,847,8124,8078,3339,6804
5395: 7758,2323,8071,5579,4546,7131
5396: 10875,9354,10910,11179,1144,11971
5397: 5220,3915,5850,1588,4893,10013
5398: 3566,3197,2362,8126,1404,6267
5399: 5871,3707,5103,2145,3783,3917
5400: 8886,10000,9357,8954,9555,3771,7278
5401: 4017,4779,3918,5562,4889,3876
5402: 3728,4735,292,3311,6064,4717
5403: 2591,8569,9356,4822,11827,11069
5404: 8137,7547,5923,9969,4957,8140,529
5405: 5313,2623,2050,3978,1595,3153
5406: 5620,4053,7888,12437,12417,6615,7844
5407: 714,9810,4744,5190,3509
5408: 10281,7459,4908,10449,7184,5334
5409: 6601,4739,7819,4710,6326,9799
5410: 2022,7759,8049,6676,3629,4969
5411: 4856,8764,10560,6718,12243,12556
5412: 8391,6446,10561,10717,11065
5413: 6304,7269,3179,10192,12283,12498
5414: 1585,7673,3136,7054,5280,3849
5415: 7270,3928,10998,12325,6699,10297
5416: 10495,6726,10357,8299,7214,12450
5417: 9865,5073,4899,7744,10510,9367
5418: 9756,7875,7956,8029,12532,7414
5419: 10055,7273,12372,2261,7425,11801
5420: 6719,7016,12515,3658,5019,3570
5421: 9594,12144,5468,10573,10562,9399
5422: 1631,3201,5483,7968,8015,4943
5423: 2103,5993,5298,3859,6035,3092
5424: 3349,5511,3809,9824,5213,7935
5425: 6861,7276,10145,10314,12312,7523
5426: 7563,3142,4690,8219,2336,168
5427: 6424,10563,11046,11437,8409,10729
5428: 8608,7278,6688,10564,3264,9579
5429: 5929,847,8072,9797,10474,3166
5430: 9381,7149,7026,9405,8301,6289
5431: 3258,10043,6496,5589,3958,7280
5432: 10118,5435,3169,6293,12311,4495
5433: 9770,5615,7757,4921,4013,1606
5434: 3394,9896,9581,6950,10362,12485
5435: 3374,4780,7282,5432,6293,12311
5436: 5478,7584,3236,7649,5557,2155
5437: 4618,2115,3526,6668,6386,9926
5438: 4924,4010,10565,12565,11780,9387,12162
5439: 3172,8031,10430,8028,7840,7853,5123
5440: 4591,2428,10190,2117,7833,4737
5441: 6564,8265,9390,12481,6244,9045,1580
5442: 9847,8467,4712,7976,9845
5443: 8165,4600,4028,3176,3196,4927
5444: 5485,3943,2364,5914,7563,8219
5445: 3178,5687,3898,8156,2128,5926
5446: 7285,3940,10537,5316,173,8307
5447: 6978,9130,10121,10192,12349,9584
5448: 3945,6020,3946,3560,7646,8180
5449: 11093,10567,10938,11079,9394,12007
5450: 10954,8508,6321,6651,11016,10568
5451: 3181,7721,7664,10371,7950,4861
5452: 9398,3952,7213,4988,6366,8931
5453: 207,10502,4639,2133,5377,1700
5454: 3185,3201,5001,3350,2453,7529
5455: 6241,10641,10569,5268,5494,9400
5456: 5810,1616,3186,5181,838,3155
5457: 9402,11662,3864,12273,3582,2139
5458: 8770,7258,6272,7168,10078,10514
5459: 4769,7783,8413,5228,1975,7779
5460: 4938,5576,3250,634,10390,8233
5461: 9406,12140,8689,10570,11031,9590
5462: 10571,7294,3191,8879,11999,11893
5463: 6497,9004,9256,9491,12024,1980,12313
5464: 1360,10572,11317,10986,12143,12027
5465: 6049,2142,7651,2145,740,3917
5466: 4563,3194,3943,4829,8125,6997
5467: 10434,5501,402,3395,7877,12287
5468: 5421,10573,10562,12030,9576,9416
5469: 8857,6291,2379,6356,10407,10490
5470: 3196,4475,8145,8187,7581,8165
5471: 4842,7141,4909,7899,9786,6587,12398
5472: 51,12303,3698,5807,5677,8090
5473: 5568,4020,8401,5580,8054,3961
5474: 3198,8122,4998,8073,3714,8091
5475: 3784,8082,9841,10162,8077,5021
5476: 3550,4596,6691,10440,9791,2331
5477: 6892,10574,10807,12581,9595,11845
5478: 5436,4730,5557,2155,10432,5655
5479: 6654,11254,11049,10962,9423
5480: 5084,8216,7543,2039,7532,12473
5481: 3967,8234,9936,10467,7677,2373
5482: 6330,7304,3232,12321,5391,5255
5483: 5422,7968,5951,5674,4034,4943
5484: 4804,5369,4920,7305,8083,6708
5485: 3943,5444,6997,7563,2106,8152
5486: 9597,11908,12147,6331,6649,10576
5487: 3168,7348,9943,6404,10282,5325
5488: 2282,1470,3946,2161,5996,5701
5489: 9899,10046,9727,2177,7481,4594
5490: 9105,9598,886,9535,9430,8475
5491: 4893,3973,2330,709,10013,7807
5492: 11500,6903,12148,9599,9432,10577
5493: 3220,7765,7631,5269,9776,6350
5494: 8280,9435,10578,9400,5455,10641
5495: 9601,12179,7312,10579,9561,9437,11423
5496: 8158,3978,8103,7912,3153,5237
5497: 10387,10369,3281,1451,1157,3116,4499
5498: 7770,7842,2285,5009,9777,6682
5499: 7313,8923,11914,12351,12409,9440,7308
5500: 3444,3981,4813,1497,2014,3586
5501: 10434,4543,6640,5467,7976,3395,9853
5502: 7338,6714,7163,3214,7289,3952
5503: 5335,3116,3983,3490,10387,10014
5504: 9939,2374,7885,7748,7952,3427
5505: 5139,6621,12425,3737,7737,3786
5506: 8508,6321,10581,11287,7315,11917
5507: 12496,2649,3749,10391,7040,3746,9604
5508: 4666,4519,3218,7435,4606,7785
5509: 5527,3257,2160,5587,5364,8087
5510: 7453,6623,10134,7484,9698,7106
5511: 6017,5424,8192,3809,9824,5961
5512: 5050,3219,5224,5095,900,6198
5513: 4038,7548,569,2179,9789,4481
5514: 9449,8450,3989,11138,10893,10583
5515: 3220,6350,10133,2082,4060,9820
5516: 7892,2427,7772,3143,7730,7743
5517: 9376,7127,3910,6908,9897,9111
5518: 8352,8575,10852,6352,12064,12154
5519: 7576,1595,4905,3559,2182,3831
5520: 2471,4469,1268,4782,9983,10477
5521: 12066,10870,9193,10585,9454,9494
5522: 9456,10126,12521,10394,5014,8700
5523: 2184,3696,4471,7637,12429,6835,3458
5524: 3866,5672,7635,3241,7653,5845
5525: 9979,5141,7188,9608,8739,2187
5526: 5659,3994,4830,4713,3515,7542
5527: 3986,5509,2160,7698,2191,5587
5528: 12568,11928,12559,7331,9438,9470
5529: 5829,7930,3178,3988,4905,7325
5530: 6558,12455,7326,464,6869,7183
5531: 3925,3997,7679,6065,7971,10469
5532: 5628,7233,7389,7514,5195,270
5533: 11732,12495,12075,8795,10588,10919
5534: 6916,9612,12336,9467,8384,3226
5535: 207,7231,6540,7330,3302,4639
5536: 3933,3227,9042,2532,4020,4931
5537: 9587,6241,12139,12079,10569,12051
5538: 4776,917,5654,4844,3228,3342
5539: 8043,2059,6910,4001,4970,7799
5540: 10590,8356,6313,9472,6358,8697
5541: 2208,9474,12082,8611,10591,8303
5542: 7556,1667,7554,7404,3101,7921
5543: 7336,6608,7351,10398,3134,7227
5544: 4794,1184,12436,3288,7793,5564,2214
5545: 7365,5328,10385,7821,7163,3880
5546: 7708,5673,10336,5782,7983,4008
5547: 9880,5053,7665,5265,5246,2204
5548: 7112,5088,7527,6360,3232,12321
5549: 9619,12168,9387,10592,11949,12002
5550: 2237,3233,8009,913,5596,10251
5551: 3163,10275,7483,10145,4598,10292
5552: 7345,10593,11283,9104,11384,12126
5553: 10153,10354,10071,7834,2221,6315
5554: 9482,8732,8914,10594,8894,11263
5555: 4757,9986,9484,9513,8785,12541
5556: 5615,10493,9869,7351,10398,7738
5557: 5478,5436,5010,7649,10432,4709
5558: 6085,815,4015,5825,8229,3402,3089
5559: 6365,4871,3238,10485,714,7895
5560: 6268,10065,6726,9625,7353,8299
5561: 4598,2332,3130,12466,10292,10327
5562: 4017,5401,2717,572,2229,3876
5563: 9027,10596,12093
5564: 7793,7761,8442,2214,5544
5565: 4511,3664,4018,4634,8196,3816
5566: 5613,2389,5138,5022,3736,1692
5567: 7355,9493,10597,11223,8862
5568: 5473,4020,5580,4931,838,2233
5569: 3661,3682,5023,1265,3245,4994
5570: 3169,7495,6293,7356,10373,4624
5571: 8713,6670,4960,7357,12549,12500,9942
5572: 5191,2080,12169,10698,10598,7236
5573: 2377,3877,4022,5812,4504,4619
5574: 7401,1612,3282,1600,4621,5577
5575: 4023,2635,9994,4472,185,8089
5576: 4938,3616,5460,8233,7961,3819
5577: 4025,2366,7519,1612,5574,4621
5578: 4958,574,5832,8112,5632,5815
5579: 4588,12099,10164,7758,5395,7131
5580: 5568,5473,3192,3961,2233,5855
5581: 11408,11188,6809,10599,9155,11679
5582: 7895,9774,4600,4028,5102,1486
5583: 3665,9784,8537,6659,12460,628
5584: 9631,12104,12574,5619,12270,6700,8741
5585: 7878,8073,2548,7781,5160,7754
5586: 10600,10729,4708,11160,12105,9506
5587: 5364,5063,7851,5509,5527,2191
5588: 7363,12124,10601,12184,6301,11076
5589: 5431,5206,10043,6496,7364,7920
5590: 4749,2514,8065,7365,7338,6344
5591: 8188,5097,3262,2327,3118,6229
5592: 2255,9905,7882,7945,5185,10176
5593: 11648,4894,10603,11213,10814,8852
5594: 8426,4496,9513,8785,9167,7421
5595: 8286,12174,9515,10644,11973,10604
5596: 8009,5550,3266,5238,10251,2429
5597: 8114,7726,10503,4038,569,7862
5598: 10012,7369,12299,12307,8379,1719
5599: 5866,1637,5838,4039,3094,8121
5600: 9828,2681,10157,10188,6394,11021
5601: 10081,6768,5114,9637,6876,8831,6724
5602: 10263,1688,12415,5017,6372,3269
5603: 4896,9919,10076,4512,12301,10318
5604: 3433,3600,865,4144,3351,1228
5605: 3272,6487,3493,7373,6863,12578
5606: 7436,2271,9638,9524,6797,835
5607: 7793,4007,7375,4045,12576,3627,8442
5608: 11471,10605,11028,10715,8386,12196
5609: 9791,7377,2331,6874,8269,12288
5610: 2101,5821,12424,9367,8159,7700
5611: 2408,7659,3280,12389,7992,4911
5612: 5285,8907,8543,7003,1170,10606
5613: 5566,2389,1692,1451,6250,3281
5614: 9872,4050,7769,10024,10448,10329
5615: 5556,5433,7757,9869,4013,7351
5616: 4051,9716,7433,10148,10195,7381
5617: 9939,2374,5795,5393,10468,3443
5618: 9934,886,9641,5046,9535,8667
5619: 7361,12270,12335,9631,9537,5584
5620: 7888,612,5406,6615,7864
5621: 4515,8105,10396,1700,7854,5032
5622: 11176,8482,2289,4809,7482
5623: 6408,1955,7375,12441,7630,4724,10473
5624: 8107,7091,5272,4056,7386,3901
5625: 5854,5034,7906,3533,10243,3289
5626: 7387,10347,7263,10262,10308,7419
5627: 9544,7388,4956,6660,8702,9659
5628: 7233,7389,5532,7266,6599,9329
5629: 9143,9546,10908,2680,12125,10609
5630: 6417,11038,10721,11592,10610
5631: 3300,4922,7596,3274,8220,5966
5632: 8056,1677,8112,3251,574,5578
5633: 10016,9090,8217,7392,9553,5032
5634: 5044,8080,3312,3860,5819,661
5635: 4656,7393,10442,6610,3486,4694
5636: 9556,9647,8252,12505,9431,5355,9309
5637: 1589,3311,6516,6064,4895,4811
5638: 7944,7953,1043,8020,7905,1101
5639: 3313,5880,4015,4616,5055,2224
5640: 4473,7403,9559,8399,9648,7395
5641: 8999,6333,9561,9437,2430,9355,11407,5062
5642: 9473,12129,10614,8254,10856
5643: 9566,3878,9652,7172,5067
5644: 12181,8973,11362,1007,11924,9570
5645: 3404,6027,293,3320,3999,4558
5646: 10167,3573,3732,5226,1974,7939
5647: 2554,8057,9894,10392,6808,10456,7865
5648: 8419,5303,3316,12569,4867,8998
5649: 7556,5853,7404,9734,3327,5257
5650: 832,2514,7911,5065,6342,7645,5175
5651: 9248,11828,3336,11438,10618,12132
5652: 6906,8133,6450,509,3338,4898
5653: 910,3228,3342,5100,3704,4887
5654: 1748,6368,917,5538,4844,3344
5655: 10432,7965,5478,4730,3237,9837
5656: 6909,7411,7073,2586,3346,10326
5657: 3996,3347,5995,2048,2092,167
5658: 10316,6653,9872,10448,3488,8228
5659: 9739,3930,3994,6455,4830,9773,5526
5660: 8048,7567,6122,3441,8230,7985
5661: 385,1514,11,565,2568,4374
5662: 2524,4452,6079,2691,1783,5974
5663: 7682,1215,7577,2367,5946,6205
5664: 7575,8161,2063,5336,80,5856,7578
5665: 2230,5971,2111,3410,4018,2056
5666: 5980,507,5733,3053,4229,4322
5667: 3351,2133,4468,6457,3600,3903
5668: 2149,2349,3808,6065,5123,2672
5669: 3843,7565,5754,10066,3662,3323
5670: 7836,4785,3448,4634,3734,3664
5671: 3597,7624,5885,3670,5299,2314
5672: 5524,7643,7635,6223,7653,715
5673: 5546,5081,10336,697,7983,3856
5674: 2255,4034,5483,5951,10463
5675: 404,2534,1296,3702,644,7668
5676: 2180,3190,5914,10427,2364,789
5677: 51,4559,3698,2365,5472,3489
5678: 6146,3750,3618,7642,4945,7620
5679: 3648,1133,6141,10487,2217,9958
5680: 4066,2353,1143,2832,4466,4452
5681: 2195,3964,4077,5685,1981,4243
5682: 2503,3757,2522,7660,1253,5152
5683: 1509,458,2615,2653,3593,4253
5684: 413,4959,3541,7701,5970,2604
5685: 7610,3964,5681,638,1981,3377
5686: 12511,4174,4168,6204,10359,6157
5687: 3178,426,3988,5445,3071,2128
5688: 4312,4275,939,5323,1350,5689
5689: 1350,458,2615,3942,5688,939
5690: 1510,4145,1500,2979,5775,2031
5691: 1716,2410,7991,4290,4237,4308
5692: 5899,2039,2157,5877,1965,3980
5693: 2458,1954,2360,4374,4392,2065
5694: 2296,419,3601,6035,3548,4059
5695: 12480,1158,4037,1715,4205,2259,5725
5696: 2767,880,4445,2788,1454,4178
5697: 7673,5778,5777,10337,1547,8229
5698: 2556,1307,12494,1715,2259
5699: 49,5711,2310,6148,258,3189
5700: 8025,2325,2266,1807,2575,9818
5701: 5996,5733,7609,5488,2161,10094
5702: 2273,120,2126,4093,2553,2426
5703: 2417,2291,217,7,4269,4442
5704: 2506,10083,1211,4636,1770,2559
5705: 5749,8190,5723,1776,1015,2005
5706: 1367,4351,4069,3811,3653,2088
5707: 2531,2298,360,2622,5843,2704
5708: 8186,6161,656,2328,5890,5719
5709: 3890,3535,2705,1953,4009,12386
5710: 1996,1488,1573,4266,175,5747
5711: 3112,49,6217,5699,6081,2359,2310
5712: 4271,5962,1957,3543,1459,3885
5713: 4441,6102,1775,914,2796,1648
5714: 967,3304,2291,3291,4086,217
5715: 6114,10400,2206,1131,7850,3828
5716: 2783,1048,2829,2831,4465,1381
5717: 3175,6046,5957,3931,1459,10203
5718: 3644,2556,6012,12494,3492,7701
5719: 6224,2328,773,5890,3481,5708
5720: 7767,1326,3743,182,2656,3007
5721: 894,2611,4286,423,4091,4228
5722: 7639,6156,1963,2576,3979,2297
5723: 5705,1638,8190,2247,2005,508
5724: 2202,2486,3124,6163,5743,4276
5725: 5695,12480,1715,3306,10278,214
5726: 1056,4277,7690,3464,2264
5727: 158,1520,2542,367,1372,2104
5728: 2173,4281,423,2513,2792,5779
5729: 3936,8191,2156,473,3729,10140
5730: 2011,761,3645,3556,5135,3977
5731: 2470,874,2682,1750,2663,1746
5732: 4456,1663,4274,3066,112,1673
5733: 5996,5701,3053,4229,7609,5666
5734: 7584,1941,3236,7595,3175,5957
5735: 1191,8016,9866,2666,2312,6166
5736: 2463,4278,1746,6196,8179,2402
5737: 7913,9829,6060,6037,1618,10001
5738: 1069,5759,4287,2256,3335,1738
5739: 781,2725,1161,410,1725,759
5740: 3803,3659,6050,1524,5202,2610
5741: 1711,4233,6180,3303,10436,995
5742: 4293,2192,1385,2431,2256,2659
5743: 649,3841,2047,4276,2486,5724
5744: 7561,69,3049,2290,4457,8148
5745: 4459,296,4382,2053,4366,2867
5746: 7616,8104,3746,2148,706,5143
5747: 2729,1488,676,1680,4266,5710
5748: 1346,2708,382,4072,1121,3083
5749: 5705,8190,6207,516,1015,8032
5750: 4072,5975,3039,1121,2561,4154
5751: 2360,5800,1395,7900,2199,4343
5752: 1984,393,2176,4098,4088
5753: 2774,254,130,2775,5803,980
5754: 5669,7565,5963,3323,7618,510
5755: 1452,2718,4136,2281,4339,4320
5756: 1976,7670,4333,2126,4345,2553
5757: 2212,2341,6073,1092,4016,3898
5758: 3039,1121,4084,1427,3083,4442
5759: 2344,1069,3392,5738,4095,3335
5760: 1126,1386,4330,1189,1495,1342
5761: 323,2073,6043,7962,3433,865,3187
5762: 2503,3442,3506,4626,1322,2483
5763: 3615,3770,4063,93,2605,6178
5764: 607,4067,3456,2511,4247,1288
5765: 4067,4396,4321,3456,10222,8210
5766: 4460,1480,2442,2543,4310,4327
5767: 2242,8169,213,62,5823,2279
5768: 6037,3275,10001,8116,2070,4259
5769: 2403,4333,2243,4027,1166,1983
5770: 1062,4344,2814,1030,527,8157
5771: 3417,5337,2491,12362,7843,3633
5772: 22,6177,446,8153,6130,2794
5773: 503,1761,5836,9779,2317,3062
5774: 1393,10425,6179,3975,2203,151,7913
5775: 2587,2031,2646,124,5690,2979
5776: 1483,1946,1033,4349,394,6182
5777: 180,3849,7596,12518,7673,5697,1547
5778: 7673,5697,3136,5993,10337,1546
5779: 2617,236,2130,2173,5728,2792
5780: 3358,1043,8020,3860,772,5801
5781: 1759,10483,932,244,2037,2549
5782: 9858,8004,7983,4008,1463,5546
5783: 2523,6109,4062,3908,3479,2446
5784: 2668,1142,932,2037,4386,2228
5785: 1435,4356,6210,1966,1803,2564
5786: 2497,4351,3505,398,2088,5794
5787: 1107,5789,6,4623,10497,3273,7082
5788: 952,1800,4350,520,3063,2818
5789: 5848,3354,5787,6,10486,10497
5790: 1659,4354,2451,1738,2345,1385
5791: 2194,4208,3829,2678,9920,167
5792: 2668,563,1564,1142,4370,3068
5793: 9996,3259,10492,4667,6184,2471
5794: 4885,7569,398,2088,5271,5786
5795: 5617,10468,3443,2043,5047,3170
5796: 1080,2412,4397,2302,4367,763
5797: 2557,1962,1469,914,5975,4154
5798: 4772,3354,10486,746,3192,3961
5799: 2798,10446,833,77,1188,710,831
5800: 1954,728,2360,5751,7900,9783
5801: 5867,5819,9980,3860,5780,772
5802: 3343,2449,7706,1581,1252,2124
5803: 2800,2928,254,5753,130,1641
5804: 2358,4394,2890,277,5806,7594
5805: 6197,245,957,1423,2677,2694
5806: 4394,2867,5804,1267,7594,2053
5807: 12303,8090,5472,2362,8126,3651
5808: 3002,4344,1373,2814,260,2935
5809: 2790,4116,6190,6192,8203,2105
5810: 9721,5181,5991,5456,3155,5942
5811: 3363,9889,5897,2530,1028,2019
5812: 9812,7938,5041,3877,5573,4619
5813: 10291,3037,6219,4400,12444,1242
5814: 3599,1990,6071,8039,9881,10500
5815: 5876,5921,1235,5832,4958,5578
5816: 1461,6230,1949,4285,1696,4334
5817: 3105,5821,12448,3576,10295,3279,7628
5818: 6069,7671,8130,5891,5940,9790
5819: 5801,9980,3860,5634,661,3868
5820: 3021,991,1632,1704,1222,1401
5821: 5817,5610,12448,12424,10295,7700
5822: 6198,3123,1438,3920,3219,5850
5823: 2242,3598,62,5767,1227,2821
5824: 2856,1192,1532,4142,82,691
5825: 5558,4015,4616,1547,8229,3089
5826: 7994,3500,8135,5187,3082,4771
5827: 4255,12310,2052,3364,3439,1950
5828: 5253,3624,3820,1646,7608,2089
5829: 3988,5529,4905,3559,7963,4831
5830: 1319,2573,2000,242,6194,2603
5831: 279,1096,2786,5,1230,2038
5832: 3301,8112,10416,1235,5815,5578
5833: 4422,4161,4134,4184,4448,2657
5834: 2370,265,4082,2371,3209,10143
5835: 118,1704,1222,2572,4385,1303
5836: 6097,1761,7802,4348,5773,729,3062
5837: 5913,8012,7873,7862,8114,3686
5838: 7653,5866,715,5599,1637,3203
5839: 6209,288,3397,10355,7557,12486
5840: 1319,2573,2815,230,2793,1475
5841: 2170,1964,3868,5216,5859,2223
5842: 2640,1491,1187,5938,5952,4048
5843: 1967,940,3308,2622,5707,2704
5844: 2952,3014,4404,711,4092,1771
5845: 7653,3462,3203,1130,5524,3241
5846: 2826,2895,3065,8205,798,4108
5847: 5977,1042,7908,5848,3321,3080
5848: 3321,5789,3354,6,3080,5847
5849: 2862,2836,888,465,1521,2835
5850: 3219,5397,3915,1588,3123,5822
5851: 4646,7534,8145,6086,12358,1625,5864
5852: 2377,7515,5054,3877,4671,3667
5853: 7404,5649,9800,8225,7553,5257
5854: 5625,10243,3289,1798,8028,2349
5855: 539,2233,1042,3321,3192,5580
5856: 8161,5336,5664,7861,7998,3466
5857: 2686,1404,6267,2602,412,3148
5858: 5928,3801,621,3920,3139,3904
5859: 5982,2223,3244,2170,5841,9963
5860: 2189,2118,1369,897,4409,30
5861: 5317,4853,10204,9938,10258,8195
5862: 1133,4016,2225,4065,2212,6092
5863: 4120,4197,1804,4417,4299,2905
5864: 8237,1625,5851,4646,187,5884
5865: 2685,9794,10416,3301,1710,3814,5043
5866: 5983,5599,5838,4039,3203,2262
5867: 5801,5930,7603,3073,9980,2124,772
5868: 568,101,4410,2927,950,6216
5869: 2040,2534,7542,6005,3495,3700
5870: 1766,478,2685,9794,6028,7887
5871: 3707,3511,5399,2145,3170,329
5872: 10130,3262,2351,136,3968,9955
5873: 5922,4186,1703,4073,3292,2089
5874: 3733,815,5880,2481,6062,3121
5875: 12308,7389,7266,3378,5943,9763,7947
5876: 7910,3744,5815,5921,4958,8154
5877: 5912,3980,6025,5692,2157,3938
5878: 99,7029,4443,10276,8216,12473
5879: 3783,5944,6007,1670,5176,605,9950
5880: 3313,3733,815,5874,4015,5639
5881: 437,178,5949,2888,4118,108
5882: 2232,3277,1987,183,3373,8141
5883: 6088,4175,8138,2703,5922,4073
5884: 1690,187,6018,5864,8237,3276
5885: 2319,3597,5887,7624,5345,5671
5886: 7585,3420,3340,5956,2492,4701
5887: 3597,5933,5345,5885,3292,1703
5888: 2205,3998,640,6208,5953,1550
5889: 3185,3650,5001,8150,8023,2355
5890: 6224,1149,5719,5708,6161,2246
5891: 6069,10202,5818,8086,3385,9790
5892: 3362,7675,4987,8135,5198,3082
5893: 5981,5051,2200,3524,5987,9963
5894: 4728,3974,2278,10321,6095,2258,2004
5895: 2664,2613,4003,5954,8100,461,12475
5896: 2132,5907,1707,2288,2209,172
5897: 3363,5811,3150,1594,1028,10461
5898: 6721,9837,1031,3173,2385,7965
5899: 5084,6835,5692,2039,4879,1965
5900: 565,2244,103,2712,385,1437
5901: 1563,4085,665,4199,552,1556
5902: 1164,7579,7750,9834,10463,3637,2450
5903: 2408,3366,12346,4718,5317,9938
5904: 3351,1228,6457,5936,8127,5931
5905: 3560,7646,8136,2424,6011,8182
5906: 3863,2211,7221,3094,8121,5948
5907: 2132,7589,4203,5896,172,4184
5908: 5927,7887,3276,1690,3199,3631
5909: 3871,1550,5315,6006,169,3263
5910: 7863,350,3738,7959,7528,7411
5911: 2078,3502,3542,7870,529
5912: 5877,3980,6024,2424,6025,3938
5913: 8012,3494,5837,3916,7862,7903
5914: 3261,5676,10427,8219,2364,5444
5915: 2295,6104,1472,1130,3866,3241
5916: 8023,3941,1271,2355,1958,8095
5917: 2220,4480,7974,4011,1522,9960
5918: 4635,7559,2453,1253,3442
5919: 216,2724,2252,198,2766,824
5920: 8109,6043,2405,6034,5931,1228,865
5921: 5876,3744,5815,3151,1235,8144
5922: 2703,4186,5873,4073,6083,5883
5923: 8137,7547,9969,5404,4175,8138
5924: 3154,4817,288,10355,1200,12492
5925: 3853,6115,8101,4094,896,8198
5926: 4016,2225,1613,5445,3898,8156
5927: 8232,6028,5908,10374,7887,3276
5928: 3801,621,5858,2196,5941,8115
5929: 847,6804,5429,3166,7970,8129
5930: 5867,8131,5982,7603,4014,3073
5931: 8127,6034,5920,5904,1228
5932: 2897,2967,2838,909,4315,2887
5933: 3597,5887,461,3775,1703,2613
5934: 7863,350,1489,8230,7985,7998
5935: 1934,3009,2016,1301,2768,4159
5936: 6013,3095,5904,6457,3741,8127
5937: 6059,1258,3368,3648,8143,6141
5938: 6020,5842,1491,4036,5952,3974
5939: 1137,3410,5320,2056,2220,1522
5940: 1046,2328,3481,7671,8130,6110,5818
5941: 8115,3118,6229,5928,3801,7574
5942: 5810,9721,3155,1295,9913,10466
5943: 9763,12308,5875,10118,4495,7774
5944: 3783,5879,4415,6007,1670,3701
5945: 751,3965,3248,1485,3145,3599
5946: 3545,2367,3525,2551,5663,7577
5947: 3070,5189,7712,3938,6061,2092
5948: 3863,2211,5906,168,1548,3261
5949: 2764,1578,2888,4118,1918,5881
5950: 7029,8068,10276,7622,3895,2125
5951: 3637,7575,80,5483,7968,5674,10463
5952: 4048,3974,3542,2278,5842,5938
5953: 6047,1550,169,5888,3998,7540
5954: 2664,4003,6031,5895,6050,1524,12475
5955: 3641,12447,3451,4641,9825,10302,4825
5956: 12298,2492,10088,3255,5886,4701
5957: 3175,6046,5717,5976,1941,5734
5958: 2054,6058,6026,3500,3726,2536
5959: 3726,4080,6052,2054,3334,6038
5960: 7796,7914,3655,1729,2015,3907
5961: 8164,4146,6017,5511,3809,5171
5962: 5712,4271,3968,982,1459,10203
5963: 5083,7565,12385,5265,5754,7692,7618
5964: 4427,1339,5972,2857,1614,2865
5965: 3401,10491,6222,3831,2641
5966: 3300,5631,3274,2421,7539,7597
5967: 1958,6075,3398,5117,725,7943
5968: 990,5383,6054,7590,3088,4162
5969: 1467,1690,6000,3284,3199,6018
5970: 3402,3541,5684,3492,7701,3089
5971: 2230,1082,6129,5665,2111,7621
5972: 4427,1339,755,1576,2911,5964
5973: 2211,3094,4039,3165,1605,6032
5974: 5662,4273,4452,7814,2691,1143
5975: 4269,3039,5750,4154,2854,1962,5797
5976: 6046,5957,3071,1941,7648,426,7601
5977: 3695,1042,1729,5847,7760,7908
5978: 3151,7815,2339,1180,6014,3531
5979: 7604,8170,6057,3691,2547,4429
5980: 3053,4322,5666,6215,2197,4284
5981: 7643,5051,8108,2200,8110,7635,5893
5982: 8131,5859,2223,3244,5930,3073
5983: 5866,4039,3165,2262,6214,1205
5984: 1726,1399,372,436,1036,4432
5985: 183,9908,1942,7607,5990,12302
5986: 6021,4433,2195,965,166,7613
5987: 8142,3524,3959,3244,9963,5893
5988: 3853,9975,9952,10471,8101,6051
5989: 1766,7550,478,3432,6072,1960
5990: 183,5985,9908,2190,3984,1987
5991: 5810,9721,539,5181,1095,3695
5992: 3768,724,2352,3465,3939,7623
5993: 5778,5423,3136,2103,3092,1546
5994: 4061,4261,2445,8184,2455,3418
5995: 2048,5657,2092,3829,7712,167
5996: 4180,5701,5733,4229,2282,5488
5997: 6017,8192,2153,6040,4440,1507
5998: 3706,2498,3551,7571,6074,3109
5999: 2718,528,4136,3882,389,834
6000: 1467,3199,5969,3715,3551,1568
6001: 3700,3618,4945,5092,6103,2040
6002: 2180,1548,9829,6032,10427,9793
6003: 6069,10202,3857,4669,239,3487
6004: 840,1241,4104,6111,1257,4434
6005: 2534,3515,7542,3895,5869,1296
6006: 3871,1550,5909,2205,2686,2602
6007: 3745,5879,5944,3701,9950,3206
6008: 3930,5015,3994,3495,7626,2025
6009: 10223,6175,7987,4097,7627,3540
6010: 7981,2309,6082,7566,3785,3886
6011: 5905,8136,3458,8182,6107,7637
6012: 3644,6089,3780,5718,7701,2604
6013: 3741,5936,2235,8127,573,5146
6014: 3531,455,7634,3432,5978,2339
6015: 5135,3977,7639,3979,4812,2496
6016: 3294,4682,4011,12428,1145,8204
6017: 5511,8192,5997,4440,5961,4146
6018: 1690,724,187,3284,5884,5969
6019: 2149,2388,6065,7971,4097,7987
6020: 3945,1491,5448,5938,4036,3560
6021: 9907,1367,196,4433,5986,965
6022: 198,824,365,6136,2502
6023: 3672,6042,6041,2487,7082,3273
6024: 5912,7646,3305,2424,8180,6025
6025: 5877,5912,3305,6024,3938,6061,769
6026: 6058,5958,6120,2095,3726,12418
6027: 3320,5645,3874,4558,7621,2444
6028: 8232,5927,7887,8200,2685,5870
6029: 4150,868,371,2865,2907,4427
6030: 8181,3817,9913,10466,4263,4181
6031: 2664,694,7573,5954,1524,6220
6032: 1548,6002,9793,1605,2211,5973
6033: 2326,7558,4318,3114,621,3904
6034: 2405,3275,8127,573,5931,8116,5920
6035: 5694,3548,5298,5423,4059,3092
6036: 2326,2312,4318,4376,1598,6166
6037: 3275,1618,10001,5768,5737
6038: 3334,1056,2437,2054,5959,4865
6039: 3706,6074,2143,862,3183,1299
6040: 5037,7642,2153,5997,1507,4364
6041: 3672,6042,6023,1994,3325,3355
6042: 6041,6023,3325,8227,10322,3273
6043: 2073,5920,8109,7962,5761,865
6044: 3174,2506,1295,3544,857,6187
6045: 4235,1968,6160,4465,8189,7678
6046: 3,5957,3931,3071,5717,5976
6047: 6059,5953,169,3467,8143,7540
6048: 10083,8181,3817,1211,4561,735
6049: 2142,3440,1102,5465,740,4604
6050: 4003,5954,1524,5740,4024,5202
6051: 10471,7815,1180,2720,9975,5988
6052: 2344,3726,4080,5959,4095,6100,12418
6053: 1576,2911,177,326,1718,3051
6054: 5153,5136,3759,7590,5968,3088
6055: 1160,1642,1441,1283,4439,338
6056: 253,2779,879,6119,4438,203
6057: 2165,5979,8170,2547,853,286
6058: 3838,6026,5958,7994,2095,3500
6059: 6047,1258,169,3263,5937,8143
6060: 2180,9829,5737,3190,2235,1618
6061: 3996,3938,769,2092,6025,5947
6062: 3733,5874,571,2292,3121,4055
6063: 3620,2522,7660,2577,3972,8058
6064: 3311,5637,6516,4895,4717,3539,5402
6065: 2149,6019,7679,5668,2672,7971,5531
6066: 6124,2174,1122,7693,1200,3455,12492
6067: 925,1350,2615,2653,2030,2582
6068: 1320,794,1275,1023,17,1239
6069: 6003,10202,3857,8130,5818,5891
6070: 8137,7547,3106,2321,7663,4163
6071: 5814,3599,7580,9881,2391,3248
6072: 3715,1960,7571,478,3631,5989
6073: 3210,4257,2341,5757,1092,7683
6074: 5998,6039,3706,2498,3359,1299
6075: 3545,1958,5967,3525,8095,3398
6076: 907,2655,1758,3183,862,3587,3758
6077: 3522,404,644,6091,6103,6131
6078: 2361,8045,2420,2058,6173,10478
6079: 2231,6112,5662,2524,2691,4158
6080: 165,1285,7521,3453,2079,3685
6081: 2359,2310,4239,10489,6217,5711,3675
6082: 7981,6010,3886,3332,9838,9933
6083: 2703,5922,4186,1574,8163,8081
6084: 2748,7676,6147,1561,1552,698
6085: 5558,815,2481,3402,3492,3537
6086: 10185,4479,12358,5851,8145,8187
6087: 4313,4288,7670,854,1284,4297
6088: 5883,4175,2321,923,6096,2703
6089: 3644,6012,4240,3780,4226,4220
6090: 4240,860,7704,4220,884,4258
6091: 6152,644,2678,2194,3522,6077
6092: 2212,4371,1566,2137,5862,4065
6093: 2260,253,1361,4119,4438,2021
6094: 6109,837,3890,2705,78,1091
6095: 2258,6107,4036,3974,5894,8182
6096: 2703,8163,6088,923,12407,106
6097: 6156,7802,5836,4348,1177,4449
6098: 751,8234,3248,9936,2391,4652
6099: 146,3565,4058,7602,1982,1434
6100: 564,2344,6052,4095,10226,12418
6101: 4444,10238,4200,1812,592,8206
6102: 5713,1469,914,1648,6162,2858
6103: 3618,6001,6131,404,2040,6077
6104: 5915,2295,7545,1969,1472,3947
6105: 291,1128,1242,33,1150,2922
6106: 4075,3872,3471,2713,354,9952
6107: 6095,7535,2258,7637,6011,8182
6108: 1831,2990,615,159,4157,439
6109: 2523,6094,3479,837,3890,5783
6110: 3120,3857,8130,2055,1046,5940
6111: 778,2737,1103,1257,4434,6004
6112: 2524,6079,4158,1149,4165,1017
6113: 2717,1986,3876,3926,4005,4951
6114: 4153,10400,2521,5715,1131,7780
6115: 3471,3853,5925,7684,8198,4758
6116: 4004,2704,2210,2832,2583,2531
6117: 970,986,256,1914,397,1916
6118: 1581,3440,1102,6225,5278,2449
6119: 545,2780,681,4438,203,6056
6120: 6026,2095,8204,12405,10226,12418
6121: 3534,102,8096,9921,5076,12329
6122: 3441,5660,3477,3972,8230,3466
6123: 9966,8064,10478,8075,519,4019
6124: 4643,6066,7693,1200,6576,4817
6125: 2951,2716,7718,613,4460,2543
6126: 2523,4062,3535,1233,2058,519
6127: 7703,2079,4848,266,3676,3944
6128: 7713,7587,634,1113,2160,7698
6129: 10183,1615,3182,2230,1082,5971
6130: 2862,1724,465,2794,5772,446
6131: 6146,3618,6103,2593,3522,6077
6132: 4446,2730,134,532,2732,4458
6133: 2162,1559,7706,3129,3893,2253
6134: 3210,4257,2116,113,3681,1957
6135: 5133,1998,1747,3341,3912,1447
6136: 365,4397,5227,274,6022,198
6137: 4218,918,1797,3369,2715,3405
6138: 3531,455,3587,1299,4562,3359
6139: 5288,3091,4352,4230,7705,2024
6140: 4083,4232,2067,1682,3765,3894
6141: 5679,3648,1133,8143,8146,5937
6142: 2325,9818,1541,3430,3745,10423
6143: 4254,2311,641,3091,4289,227
6144: 98,779,577,938,490,4463
6145: 2071,3184,3328,2434,2136,3482
6146: 5678,3750,3618,6131,1108,2593
6147: 617,1525,160,6084,7676,1561
6148: 2310,4291,9924,5699,258,4358
6149: 2061,10340,8231,669,3748,7708
6150: 3964,4069,4077,2172,3811,2638
6151: 4323,4372,3765,271,5352,4112
6152: 7611,1518,644,7668,2678,6091
6153: 4227,129,65,3061,1037,4070
6154: 293,3999,7691,3294,7871,7974,12405
6155: 6172,2737,893,1103,4453,4213
6156: 6097,5722,1963,2576,4348,1177
6157: 5686,12511,4174,4242,4280,4209
6158: 120,2426,2695,242,1490,1788
6159: 2930,3475,360,2044,559,220
6160: 2783,1968,6045,4465,980,2774
6161: 2218,5708,1462,2246,656,5890
6162: 1469,6102,1648,369,4265,2858
6163: 75,2241,817,5724,3124,4276
6164: 202,3792,2675,7767,1326,4262
6165: 8207,8013,10370,7652,5163,10250
6166: 2312,2007,6036,4318,5735,9866
6167: 6209,924,3397,4185,7771,2417,7
6168: 3906,3879,447,4047,3858,275
6169: 339,2510,3742,2648,4153,2521
6170: 2742,1886,759,3029,781,59
6171: 4206,3090,784,1423,643,245
6172: 7710,2737,6155,4453,8223,10291
6173: 3297,1233,10165,6078,8045,2058
6174: 2580,2320,231,4098,4317,393
6175: 1967,4407,3925,10223,1571,6009,7987
6176: 325,4215,1323,1430,4325,10254
6177: 22,2795,5772,1099,8153,4329
6178: 2605,2771,2086,3806,93,5763
6179: 1605,12583,5774,2671,10425,3975,9793
6180: 1711,3303,2403,5741,2243,4151
6181: 854,1284,2715,904,4373,918
6182: 4256,4078,1132,4349,1483,5776
6183: 2877,1209,1651,3052,1033,4
6184: 929,3713,6889,5793,3259,10492
6185: 1115,1083,2912,2166,7954,548,1602
6186: 9922,2537,1237,7991,4214,2438
6187: 857,3423,3482,3174,6044,2525
6188: 1756,1006,1163,4299,1435,2564
6189: 2073,7962,7988,10152,3735,12501,8128
6190: 5809,2790,4390,2105,3004,2270
6191: 701,4188,87,867,7967,1537
6192: 5809,4294,4116,309,8203,10206
6193: 2202,1013,3562,3630,3333,506
6194: 2603,2836,888,6203,1319,5830
6195: 2973,1632,2122,2999,4099,2313
6196: 1746,5736,2402,3598,1750,4377
6197: 3400,5805,957,2694,2414,4384
6198: 1438,5822,2144,5224,5512,3219
6199: 9840,12387,10211,4509,9741,5066
6200: 2526,3546,9866,354,3636,2007
6201: 2651,546,3750,7620,1045,3252
6202: 8226,2702,2305,3856,8019,697
6203: 6194,2836,673,2915,1319,2815
6204: 5686,12511,5094,8201,2060,10359
6205: 4651,3965,3145,2367,7682,5663
6206: 3032,3037,1414,777,1624,282,438
6207: 9909,12361,5749,8190,4303,1079,516
6208: 3539,3401,2205,5888,640,3638
6209: 5839,924,3397,2651,6167,12486
6210: 1435,4356,5785,975,616,2816
6211: 9922,8039,323,3778,3187,10500
6212: 7694,3139,3904,3872,3636,3114
6213: 8055,3572,1322,2539,2577,3506
6214: 5983,2262,315,12535,1205,10411
6215: 3718,2034,5980,3053,10098,4284
6216: 4176,950,2753,4128,5868,2927
6217: 3112,5711,3675,9981,6081
6218: 2361,1028,3663,10461,2420,9900
6219: 10291,3037,1063,777,5813,3050,8223
6220: 3775,3117,8081,2664,2613,7573,6031
6221: 8085,7544,3373,12302,10185,1779
6222: 5965,2193,3401,2182,640,3831
6223: 7643,3993,5672,715,2717,3926
6224: 2432,773,1149,5890,5719,4158
6225: 7818,2501,1581,3440,7982,6118
6226: 5005,12360,8035,3723,8006,3487
6227: 1578,8102,179,1582,3006,450
6228: 3937,10340,8100,8231,5299,2314
6229: 5941,8188,5591,3118,4593,7574
6230: 1029,5816,8209,1461,1949,7733
6231: 10490,6869,4674,7176,12483,2379
6232: 9650,38,7397,10627,10614,10856
6233: 2127,8255,9267,1562,8788,11759,9431
6234: 10859,10899,11902,8256,9875
6235: 11133,10630,8788,7159,10861,10716
6236: 8680,9069,6931,6896,6989,10003,9923
6237: 9200,8259,11124,4473,9418,7403,8781
6238: 9868,12536,8261,8709,5285,10606
6239: 11487,10864,11640,4488,6980
6240: 6949,7213,5359,1094,9822,3130,12466
6241: 5455,10641,12139,5537,10569,10867
6242: 10590,9472,4732,9951,8612,10011
6243: 10270,821,10234,6941,2693,9892
6244: 12296,8257,12240,9722,12481,9045,5441,8265
6245: 6390,10135,3314,8267,3480,7074
6246: 10871,7427,10929,12012,11366,8437
6247: 10874,8270,11488,11088
6248: 6970,2077,10113,3825,10182,7039
6249: 9787,4912,5369,7224,7227,3134
6250: 5613,4685,2389,9902,8271,3281
6251: 8272,10633,12044,10878,8821,11174
6252: 8273,11871,10880,11940,9099,11008
6253: 10155,7018,9817,4581,7825,5380
6254: 10636,10882,9110,6604,11496,8643
6255: 3476,9916,6433,4821,1593,3527
6256: 10640,10884,10554,8824,11182,8447
6257: 6387,9719,8375,8277,12231,8761
6258: 8246,8278,10566,10886,11991,10615
6259: 7134,8934,6966,1351,6617,8622
6260: 4533,12452,2478,3486,7443,4694
6261: 3491,11502,10300,6411,9985,12517
6262: 8282,9360,9558,6881,9001,12326
6263: 525,8283,273,5353,9485,6419
6264: 12159,8249,10617,10891,12012,6555
6265: 10559,11204,4678,10624,10894,9353
6266: 8620,12174,10644,11456,10896,11626
6267: 5398,5857,8126,1404,3148,9932
6268: 10065,5560,9625,10141,6888,10365
6269: 6893,9634,3149,6384,11489,8832
6270: 7636,7323,9608,8288,425,11285,8739
6271: 9067,11857,11513,10900,9048,1609
6272: 5458,7258,53,8291,10514,10034
6273: 12344,3699,9310,4703,8292,6994
6274: 5261,6616,12471,947,7753,4704,7741
6275: 10379,7537,6866,9183,3575,8251
6276: 5007,9906,9864,6813,1418,9838
6277: 6846,12367,8293,2698,10207,11448
6278: 8294,11467,2398,10646,11425,10905
6279: 2533,7019,6619,12578,10150,4510
6280: 3159,10142,9191,1993,6765,3995
6281: 12171,10909,10944,2406,9051,8514
6282: 10062,63,8461,4849,10259,1971,12413
6283: 4613,5115,7844,7872,7898,1997
6284: 7745,2400,6899,4710,4799,6326
6285: 3161,6900,12515,7274,10401,5019
6286: 7146,9403,4711,4973,8298,12327
6287: 6847,11292,6706,10563,10912
6288: 2154,11264,12427,9807,7416,4486
6289: 10956,9527,8638,5430,9405,9639,8301
6290: 8520,6625,10918,12015,10991,11155
6291: 8857,5469,7298,2379,7021,6378
6292: 11114,10921,6343,10979
6293: 5435,3169,7495,3374,5570,5432
6294: 7191,6589,2690,9989,4719,10033
6295: 11225,10924
6296: 10271,4721,12422,2413,287,6711
6297: 7980,2550,9846,6871,7598,4547
6298: 7120,8308,12253,12295,2283,10654
6299: 10928
6300: 10198,6696,10367,5351,12370,12476
6301: 10626,11076,11970,10930,7363,5588
6302: 9092,10657,11268,1662,8719,10932
6303: 5322,9277,303,8506,8811,8313
6304: 7269,5413,10192,12283,10193,10121,3549
6305: 12241,8326,8314,10659,9227,1943,7460
6306: 4726,3844,10975,8683,5267,9420
6307: 12265,9156,4727,6337,10936,10978
6308: 9707,8873,10938,10768,11079,8452
6309: 8397,5173,102,8096,6488,2689
6310: 3529,6385,6673,3230,6359,1781
6311: 8991,10441,11903,6870,10196,8292
6312: 8318,11072,8737,7164,10941,11293
6313: 6827,8356,3229,10194,5540,9472
6314: 7413,3105,7688,7343,2505,10323
6315: 10153,12318,2221,5553,7803,9811
6316: 10945,12031,9682,9303,10664
6317: 10272,7044,10283,10379,4519,7435
6318: 10731,8411,10949,4736,7206,11765
6319: 11628,4729,7296,4614,11897,12484,10951
6320: 12528,7479,5308,4737,3461,7520,4591
6321: 5506,5450,10954,8325,8508,10581
6322: 12241,8326,7275,12133,12421,908,8883
6323: 4989,11269,10957,11300,10670,11141
6324: 10959,10671,11541,11719,4738
6325: 7440,7471,8330,6735,8780,8949
6326: 2485,4799,6284,4710,4739,5409
6327: 11709,4952,11223,10962,6784
6328: 5242,8556,9179,7042,6533,6713
6329: 12503,4740,3416,7447,7379,4760
6330: 2158,10377,7304,3232,8289,5482
6331: 5486,9389,12147,9427,8789,6649,10299
6332: 2480,4549,10342,4741,7147,3399
6333: 5641,7012,8999,12050,9437
6334: 8983,9816,4052,9934,4836,10209
6335: 10969,10931,8336,10676
6336: 8526,8337,10546,10971,708,8578
6337: 6307,12265,10978,8339,4578,2283
6338: 7149,9483,7309,4714,9405,8340
6339: 8341,8763,11106,10680,10974,10995
6340: 10976,11544,8903,9446,11275,10681
6341: 9713,8242,8296,7511,8343,7192
6342: 4749,2514,5650,7645,2435,7406
6343: 11114,6292,8771,10979,8344,10675
6344: 7247,7338,4749,5590,3214,5060
6345: 9901,9857,6971,7250,10111,12257
6346: 9006,687,12524,7085,10367,4751
6347: 12152,10684,3217,12004,10982,9391
6348: 5355,12299,12307,9647,8349,9518
6349: 2554,3532,10392,9723,10393,7179
6350: 3220,5493,9776,7310,5515,2082
6351: 8676,10988,11002,8711,8351,10686
6352: 8352,5518,12154,10584,10989,10809
6353: 10334,4609,6525,4964,10320,7230
6354: 10156,7214,10306,12450,9574,7271
6355: 11092,11162,10992,8353
6356: 5469,3224,6684,10407,10490,7326
6357: 8679,8384,6399,8567,3195,8919
6358: 8356,5540,8880,8697,6656
6359: 6990,3529,10482,6310,3230,9964
6360: 10377,5283,3232,7340,7112,5548
6361: 7009,7429,2520,10692,9670,8627
6362: 8747,4880,10831,11613,12419,4838
6363: 8848,12261,7051,9766,10047,10479
6364: 2452,7805,10395,9726,9640,10329
6365: 5559,6368,12293,3238,3639,10485,4984
6366: 7564,8931,10327,12456,10163,9398,5452
6367: 11444,4603,4991,12479,10696,11001
6368: 1748,917,5654,12293,6365,3238
6369: 10429,4870,4607,9801,4685,9902
6370: 3722,9065,6886,4762,12525,6747
6371: 9521,11003,11319,11607,12097,9335
6372: 5098,6854,6395,3269,10263,5602
6373: 9497,10164,10889,3914,6712,7131
6374: 3642,7408,10922,11998,11408,11005
6375: 7504,9709,4765,8985,8367,8393
6376: 8604,11197,10898,10700,11009
6377: 10077,1371,4774,10515,1173,10252
6378: 4863,6291,7298,7021,10239,2535
6379: 10286,12538,7502,6936,10303,2457
6380: 9673,6416,12375,4793,10212,208
6381: 11054,8370,10702,11013,9469,11923
6382: 2459,11015,11493,11498,10704,10758
6383: 7360,9630,8372,8982,11465,9050,5059
6384: 12224,6269,9634,3149,10705,10708
6385: 6310,4659,6867,3230,1781
6386: 3526,9970,6668,5437,10007,1107
6387: 8375,8277,6257,6821,8956,1604
6388: 9669,4655,6430,8587,8376,12242
6389: 8707,5112,10284,8669,8377,8769
6390: 10135,6245,10437,4773,3480,6601
6391: 10255,7489,10012,8379,2416,5048
6392: 5109,10146,7168,10089,224,6867
6393: 10261,4774,10069,6471,10515,12324
6394: 2687,11021,10188,7687,7189,5600
6395: 6372,5098,3703,3269,2469,7501
6396: 6698,9150,8383,12474,8713,6670,10325
6397: 4705,12420,9746,10452,10215,7470
6398: 6411,5236,9953,12517,8705,3992
6399: 8679,6357,8567,11567,12548,11025
6400: 10381,6859,5200,4681,2381,5121
6401: 7376,12175,11028,11624,10715,10713
6402: 7426,9667,4502,8387,4781
6403: 4590,2709,6541,9747,1810,9754
6404: 9982,7380,9943,10493,3168,5487
6405: 7198,8388,1456,4882,4784,11157
6406: 8395,7133,8971,8389,4467,1118
6407: 3694,6865,8390,8701,8797,9623
6408: 9931,5623,1955,7375,4045,12431,12441
6409: 97,11575,4788,8266,11032,6446
6410: 8975,12379,11368,8392,12589,8324
6411: 6398,12517,6261,11502,9058,8705
6412: 4474,5112,10389,10284,7816,12493
6413: 7191,10131,9018,10506,11811
6414: 11952,11035,7104,9336,5279
6415: 4560,8397,8496,7461,4792,12365
6416: 4520,12281,7436,9673,6380,12375,12230,10090
6417: 5630,10721,11210
6418: 8400,7124,8522,6963,8677,6635,12547
6419: 5292,8402,9485,9380,6263,273
6420: 6632,10020,8712,5108,6965,10002
6421: 11041,4798,674
6422: 11915,12069,11043
6423: 2323,9808,4620,4699,2485,4799
6424: 12134,5427,11160,9543,11046,10729
6425: 11036,11258,8411,11049,7303,9423
6426: 8177,9808,2485,3438,8414,4739
6427: 3991,287,6686,4712,3640,4721
6428: 9210,11052,11247,4803,3547,11587
6429: 8527,9008,4742,5303,11993,12569
6430: 6388,4057,9669,8960,12242,10738,9028
6431: 4806,3158,3179,3419,6535,2560
6432: 121,7172,8281,8422,9652,9445
6433: 9916,4807,6255,3527,9150,8275
6434: 8424,11924,11055,11795,12181,10740
6435: 7301,10085,4808,9956,6671,8715
6436: 9947,4572,4720,10036,303,9873,8506
6437: 7218,8468,10607,12226,11057,9540,10779
6438: 7402,5244,3326,7048,4907,3602
6439: 4810,8430,8920,9522,1106,8775
6440: 10482,3230,7508,12374,9734,3327
6441: 11643,10748,304,11061
6442: 10678,11063,814,10750,8856,8631
6443: 10217,12380,12391,7117,9422,9859
6444: 3331,3883,9450,8436,10274,5334
6445: 8967,6702,10842,8438,12489,3554
6446: 5412,10717,6409,11065,4788,11032
6447: 7492,7480,9517,8440,4733,8657
6448: 11900,11068,11869,7078,9298,11674
6449: 8692,10791,9442,12245,8774,9294
6450: 6906,7659,12389,5652,3338,12527
6451: 12526,9054,2621,10757,12489
6452: 4738,321,10987,8449,12208,9187
6453: 12153,11920,10522,11073,11697,11937
6454: 11905,11825,10766,9030,11352,5093,10709
6455: 5659,9739,3930,5015,10404,9855
6456: 5013,11757,11603,11093,11079,8452
6457: 5667,3095,3351,5904,4468,5936
6458: 7127,9771,3910,4827,12451,7228
6459: 9475,8454,4869,11081,11639,10770
6460: 11605,8740,11078,9704,3558,11083,12212
6461: 7255,3357,8460,3115,11864
6462: 8493,10111,9685,12257,8463,12202
6463: 9232,1944,1993,10220,12220,10008
6464: 4478,9656,6711,3360,10086,6751,11997
6465: 3205,9816,12390,6563,10209,3574
6466: 9709,6470,8985,7100,9330,11942
6467: 8466,10778,10730,11090
6468: 7444,10408,10260,9762,10244,1951
6469: 12007,9175,11603,8470,10855,11093
6470: 9709,6466,8471,11942,8359
6471: 10261,10069,6393,7180,9806,10169
6472: 8473,8882,10782,11404,12225,8996
6473: 7136,2639,3372,6747,10338,10394
6474: 11756,6725,11096,8751
6475: 8477,11763,11627,10784,11098,7006
6476: 12306,4662,7795,8404,10724,10137
6477: 11238,8858,8874,10785,11101,10611,12114
6478: 8431,9665,9382,2072,9835,6583
6479: 11103,5252,11862,11932,11229,11330
6480: 3376,11105,11679,6799,11188,10761
6481: 4591,7516,4932,9852,2428,7520
6482: 7141,7339,9786,6993,3928,12325
6483: 7429,11107,8523,12190,10792,9670
6484: 10259,1971,6719,2584,7016,6689
6485: 6881,9001,12401,11110,9177,4846
6486: 9382,9040,7130,8492,8624,2072
6487: 3272,9985,10470,5605,6863,377
6488: 5228,1975,6309,5173,2689
6489: 9327,11938,12192,10980,11113,11504
6490: 4527,6838,11115,8949,9691,10798
6491: 10125,7889,10298,9760,7503,6579
6492: 5231,6543,10443,7776,3611,5087
6493: 7300,3962,7162,464,3854,7183
6494: 11071,12208,11118,8458,9699,10775
6495: 9253,11120,11621,11414,11256,9003
6496: 5431,5206,8769,3258,6519,5589
6497: 7174,5463,9411,12024,1980,11123
6498: 12039,7155,12017,8510,7442,9186
6499: 8762,12237,10927,12582,8511,9708,7500
6500: 4533,4485,7443,7415,4605,12423
6501: 4855,7763,4835,3411,4474,10052
6502: 10810,8514,9678,11126,7362,2406
6503: 8929,7240,8759,11121,11128,11842
6504: 10686,8518,4755,3393,2098,5282,9898
6505: 11206,8807,9175,11707,11130,10855
6506: 9488,8322,11132,10602
6507: 10249,4857,1392,12478,12408,10358
6508: 8478,4564,8752,11134,10821,12284
6509: 9236,10048,4858,6723,10034,1217
6510: 8527,12513,8419,8947,10256,2609
6511: 5308,1234,8528,9946,3399,7147
6512: 7238,8530,9343,6597,11838,10023
6513: 11705,10719,11137,7104,11035,10825
6514: 3605,6760,8634,11262,11140,11172
6515: 5168,11787,11143,10777,11503,11873
6516: 5637,6064,412,4811,3638,4717,3539
6517: 8497,12258,8900,10829,12244,8626
6518: 3607,9230,6765,9209,5247,9191
6519: 5206,8769,6496,6873,10389,10284
6520: 8907,8543,11148,5071,6817,8814
6521: 3409,8546,9654,12038,7462,7199,9478
6522: 11931,6727,8344,10682,10833,9321
6523: 10228,6902,12383,10353,10180,7572
6524: 6562,6710,3563,3411,7463,10052
6525: 6353,10334,4964,8892,2001,6669
6526: 6570,9448,7076,7173,10835,12059
6527: 5322,4572,8506,3595,10120,10057,3414
6528: 8690,12274,425,4775,4035,7249,10080
6529: 3415,6770,10513,6758,466,6562
6530: 7402,3580,5244,12508,7024
6531: 7053,11826,11196,11156,2569,8525
6532: 4740,7472,12222,8513,3416,10460
6533: 6713,10781,12382,6328,8556,11158
6534: 8561,8240,11161,10595,10095,4684
6535: 8026,1312,2560,5128,3419,6431
6536: 9457,3310,11163,8563
6537: 2396,4524,4701,7586,7552,3420
6538: 8565,3581,10181,12342,3235,12286
6539: 2591,8569,9369,11166,7083,11681
6540: 2454,5535,7330,4639,4763,9856
6541: 9039,4872,6403,10504,2709,9754
6542: 9757,9826,10403,9772,9967,4761
6543: 5231,6492,3422,7024,7478,10443
6544: 9775,7891,7474,9694,7284,133
6545: 7394,8573,10800,11221,10850,11170
6546: 3424,1688,7894,9072,12415,4624
6547: 6771,9452,8575,11173,11981,11890
6548: 9135,11175,8685,11014,10853,10803
6549: 1173,3425,10270,821,5165,10051
6550: 11178,11619,10637,8577
6551: 11706,12227,4876,4947,7486,12235
6552: 4795,2029,8581,5290,1217,8843
6553: 6927,3761,5234,7955,9063,9831
6554: 8538,10828,11181,7466,9075,11528
6555: 10891,11629,11183,12159,6264
6556: 3381,9040,12406,7130,6745,2032
6557: 11185,6683,11274,10585,10870
6558: 5530,7326,464,7183,10173,6875
6559: 6611,11234,8650,11858,10557,11187
6560: 4648,1304,10479,10290,7051,12443
6561: 8484,11691,10789,9161,11522,11190
6562: 466,6524,3563,10052,3415,6529
6563: 10344,448,5365,10209,10138,3574,6465
6564: 5441,9731,9390,9694,1580,4583,12567
6565: 8595,3751,3435,11193,8552,5209
6566: 12563,8596,10885,9119,472,11661,12125
6567: 9497,8598,8815,7215,10889,12170,9629
6568: 7723,3521,3773,4888,3188,4547
6569: 11843,11195,8602,3383,9260,1203
6570: 8551,6526,7173,10700,10835,11197
6571: 11199,3445,9041,11427,9009
6572: 7510,8673,8803,8681,8608,10907,10564
6573: 7528,4512,3346,10318,2267,7720
6574: 7208,10178,3991,2169,7499,8610
6575: 2059,3740,6647,7090,2596,4946
6576: 4817,3555,3452,6124,4643,7605
6577: 8402,9380,6918,7128,8238,10091,10053
6578: 10559,11204,8613,9354,11972,10913
6579: 7344,7503,9769,6491,4647,9760
6580: 11324,4837,11611,10883,11707,8614
6581: 3967,8119,3460,832,5065,7677
6582: 8617,11208,2563,11191,4906,11675
6583: 6960,9835,3375,8239,2072,6478
6584: 7048,466,4967,4907,6674,3563
6585: 10505,7089,7184,11502,10300,8293,10207
6586: 11211,8623,11691,3468,10808,10933
6587: 2589,7530,12398,4909,5471
6588: 3372,10114,3469,12292,10333,7512
6589: 4910,6294,9989,6627,10033,1787
6590: 6789,10939,11214,11219,8625,6595
6591: 10354,7834,8408,10184,4482,7410
6592: 10100,10124,6734,2077,12291,9322
6593: 8768,1016,9973,9940,11553,9657,8626
6594: 7391,9646,10631,10859,10899,11217
6595: 8989,11977,9362,6590,10939,11219
6596: 8242,8296,10556,8241,8632,8964,11964
6597: 3476,10030,9916,11838,10023,6512
6598: 8876,9701,6790,11381,11222,8839
6599: 5628,2082,7266,4060,9329,9510
6600: 10714,11224,8969
6601: 6390,10437,3480,8414,4739,5409,7819
6602: 3800,2083,11226,10960,11027
6603: 12072,9207,7513,10887,11690,11227
6604: 11932,6254,9110,11229,10965,8643
6605: 4919,12347,10193,7475,8521,5222
6606: 8644,7092,3694,9320,8885,6865
6607: 407,9661,12005,12185,11232
6608: 5543,10142,4013,7336,7055,7351
6609: 4557,2091,9272,8648,9768,12229
6610: 4656,5635,6991,10341,3486,3390
6611: 11234,8720,6559,11858,2093,10558
6612: 8602,9005,4941,10802,8652,11417
6613: 6858,8653,12273,3582,9676,9987
6614: 7202,12250,7188,10014,4702,8655
6615: 2660,12417,2096,7864,5620,5406
6616: 6274,6863,377,947,4704,10285
6617: 5239,8622,8279,1351,6259,8290,8658
6618: 2098,4540,9877,8248,9898,9949,9725
6619: 7373,7811,12578,6279,7019,7866
6620: 12109,6767,11435,11239,9516,10985
6621: 9798,4777,5139,5505,12425,2100
6622: 12348,8864,4928,8662,10058,8854
6623: 7453,9737,7810,5510,5030,7106
6624: 12438,3686,7972,12381,10211,6925
6625: 7507,6290,10918,11514,11241,10991
6626: 8838,3612,10331,6636,10197,4672
6627: 6589,3498,8377,9989,8707,1787
6628: 5219,7530,12398,2632,7077,4933
6629: 10150,3956,4707,8505,10170,10096,9782
6630: 11242,11839,11652,8859,7059
6631: 4051,1512,588,10343,4827,7259
6632: 4797,8712,10002,6420,8673,2107
6633: 2590,7079,10219,9162,8736,12467
6634: 11244,8310,10999,10655
6635: 7124,8677,6418,9236,11808,9306
6636: 10245,3612,594,10331,6626,7063
6637: 14,2538,12272,3699,8678,6870
6638: 5367,10079,9954,4940,7638,5251
6639: 8502,11236,11461,11245,6872,561
6640: 4543,5501,8118,7976,9847,74
6641: 9560,9995,3507,4517,8247,10214
6642: 9314,9686,2594,8889,10044,8334
6643: 8664,7157,9428,11677,602,11877
6644: 8659,11006,11248,8682,10984,11192
6645: 8649,11921,4944,11564,8315,10660
6646: 11593,11249,6995,8651,10830,10994
6647: 6791,2612,7799,2059,6575,4946
6648: 12317,10035,10128,7369,5316,8307
6649: 10299,4876,10576,5486,6331
6650: 10191,7023,9911,9976,4750,9901
6651: 11016,11235,11329,11252,10568,5450
6652: 618,8389,8970,12586,9590,7293,11017
6653: 10316,2650,5142,5658,9872,8691
6654: 5479,8694,11692,11254,9423,12037
6655: 11750,9328,8695,8711,8944,5006
6656: 8697,9705,1218,6358,8880
6657: 3963,8698,5126,11255,11023,11788
6658: 3517,5014,8700,8423,7420,11257
6659: 3625,5028,12460,3665,6791,5583
6660: 5627,4956,8702,3208,1645,8340
6661: 8704,9588,11888,3221,8915,8258
6662: 12506,10395,4764,2548,7781,6851
6663: 11259,7248,10873,5389,11965,11995
6664: 3625,2234,6742,4946,10361,7090
6665: 7037,3755,9505,6930,10332,10124
6666: 11551,8304,9084,10651,6786,11261
6667: 8518,4963,8890,9954,3393,7638
6668: 2275,5301,9970,5437,6386,9926
6669: 7068,12469,2001,10334,6525,6675
6670: 5571,8713,9150,6396,4807,9942
6671: 7301,6435,1645,2154,8715,11264
6672: 10231,5027,3628,10049,4966,6795
6673: 3529,6310,1781,10248,7426,8387
6674: 4967,2567,6584,4907,1991,12395
6675: 2158,7304,9743,2001,6669,7068
6676: 2022,5410,4969,3738,6909,7617
6677: 8537,1213,5154,4589,4971,628
6678: 9092,9574,9461,12320,11268,10156
6679: 8245,10312,4973,11896,9296
6680: 8721,11911,11050,7311,11270
6681: 8910,11286,11104,11271,5042,11372
6682: 9777,9755,7449,3815,5009,5498
6683: 6794,6557,11274,8588,11034,10870
6684: 4976,10407,4683,3224,10307,6356
6685: 6801,10516,12319,10081,10074,5114
6686: 9853,6427,3991,2169,4712,7976
6687: 8668,8718,11277,11797,11045,12085
6688: 8250,5428,8608,7278,10907,9357,8730
6689: 6484,1971,7016,6897,12347,5222
6690: 11955,10594,5363,11290,11279
6691: 5476,3550,9791,9977,9736,9752
6692: 4594,10129,6926,9698,10134,9727
6693: 7178,9162,9053,8736,9882,6695
6694: 5388,7743,7370,10247,7765,9776
6695: 7178,6693,8736,8861,9458,3552
6696: 4796,10367,5351,6300,4751,7201
6697: 7345,8318,10662,11283,9620,10539
6698: 8383,6396,11285,8739,2187,10325
6699: 10092,9285,4935,10297,5415,10998
6700: 12230,12270,5584,8741,4520,12254
6701: 3897,11737,11288,9013,11089,11860
6702: 6445,2621,8743,12489,8734,3554,8553
6703: 696,2293,7091,7272,243,9765
6704: 7930,4661,7325,2193,3998,7540
6705: 11730,11790,11383,11291,11082,8921
6706: 11292,7458,6287,12201,9684,8457
6707: 8748,9519,7035,4789,8297,1599
6708: 4984,8083,3969,3639,4804,5484
6709: 7112,4532,706,7527,9758,7616
6710: 4967,6524,7050,3563,4567,7463
6711: 4478,6464,3360,12422,6296,10271
6712: 8478,8752,3914,7451,6373,10889,10971
6713: 8754,6533,1989,12382,6328,7042
6714: 5502,10385,9553,7163,4988,3952
6715: 8756,9613,7165,9495,9315,7353
6716: 8757,11097,11300,11297
6717: 8758,11100,11298,10943,4862,12252
6718: 11444,12243,8540,12556,12479,5411
6719: 6484,2584,3161,7016,5420,12515
6720: 8885,10955,12363,2207,1291,9719,8761
6721: 76,9837,4687,4992,1031,5898
6722: 8763,11302,10680,8303,12113,2208
6723: 6509,10034,1217,9183,8843,53
6724: 8362,4995,12323,5601,9637,6876
6725: 11305,6474,11108,8751
6726: 10065,10357,5560,5416,8299,10151
6727: 11112,6522,11931,10865,11307,10833
6728: 4722,10025,10654,10093,10509,1379
6729: 742,7292,2322,7476,12263,8770,8593
6730: 3580,8779,12508,9434,10348,5305
6731: 8898,11310,11269,10957,12101,11117
6732: 12461,9903,7487,3581,9766,10047
6733: 2629,5291,11590,11312,11530
6734: 6970,2077,6592,8778,9322,9370
6735: 3582,6325,3221,8330,8780,2139
6736: 745,4528,12416,4850,4674,7176
6737: 8944,4963,8890,5006,12392,6957
6738: 747,7349,9663,12261,1220,9484
6739: 11987,9487,11315,3583,7205,11805
6740: 8663,8335,8787,8527,12513,4742
6741: 8545,10044,1333,7086,7644,9971
6742: 7032,6664,2234,3822,10361,10060
6743: 11318,9117,11754,11325,11455,5011
6744: 11185,11320,10585,11732,9193,8795
6745: 7130,6556,2032,5012,5293,10236
6746: 11456,9636,2354,12063,6853,11322
6747: 2639,6473,10394,6370,4762,12525,12521
6748: 2336,10068,4005,3590,1986,3142,1523
6749: 9589,8842,11854,9728,9356,6818
6750: 12561,8818,9712,12070,7510,8803
6751: 10009,6464,10086,11997,9642,2249
6752: 7467,8662,3595,10189,10058,10120
6753: 8884,10667,9544,11154,8806,8392
6754: 10991,11155,3497,8666,11206,8807
6755: 10972,8647,10734,11326,11792
6756: 3128,8813,7711,10335,5356,7734
6757: 4033,2254,675,10516,10347,10308
6758: 6529,6770,3611,7048,466,3602
6759: 9415,11218,11539,11354,11331,11520
6760: 11333,3605,9643,6514,9681,11172
6761: 12309,11338,7367,8426,9513,10743
6762: 11184,11341,11356,8968,5031
6763: 6956,11363,8827,5045,11343,11337
6764: 12449,10116,10345,792,8621,10384
6765: 9230,1944,1993,6518,6280,9191
6766: 7286,10333,10279,9714,12236,12490
6767: 6620,11346,10984,11239,10985,11192
6768: 5601,9637,2265,8831,1162,4508
6769: 10087,10305,10061,9761,7261,10265
6770: 9792,6529,3611,5087,10513,6758
6771: 6547,11349,8575,10852,11173,7121
6772: 11868,11365,9624,11351,11958,10776
6773: 8838,3612,10225,5162,11566,9094
6774: 8290,8840,11355,10565,10900,1609
6775: 8846,11210,10897,8398,11359
6776: 11866,8574,5159,11361,11449,11876
6777: 6845,8958,11337,11445,11215,11363
6778: 4734,10267,2280,7444,3711,6887
6779: 4814,11365,8727,11063,11351,12577
6780: 10249,3205,7008,8983,9816,10103
6781: 7152,11367,11101,11218,12028,8858
6782: 10683,4539,10499,8513,10460,12022
6783: 9518,8986,5067,12277,9124,7399
6784: 8862,11371,11254,6327,11223
6785: 10234,11436,9697,8816,9892,3132
6786: 8867,11261,11373,11228,10651,6666
6787: 11375,2680,10609,10892,3517,11257
6788: 8253,11235,11252,11832,11379,10948
6789: 9263,6590,11214,11348,6848,8625
6790: 4054,8350,8876,2289,6598,11381
6791: 3665,6647,2612,3625,6659,4946
6792: 8878,9068,11516,11383,11291,11250
6793: 7430,3627,7337,12469,10334,7230,12576
6794: 6683,11274,8726,11385,11034,11850
6795: 4966,5158,10335,10422,10231,6672
6796: 9863,10021,4554,696,5077,2293
6797: 9524,8642,835,9555,5606,8886
6798: 2294,7406,8436,3331,4754,3324
6799: 11188,1780,6480,9033,11388,10761
6800: 12204,3634,8504,9689,8845,10914
6801: 6685,10163,741,12319,12456,5114,10159
6802: 11395,8894
6803: 11397,1728,9462,8684,12074,11631
6804: 5929,847,5187,5394,3339,7970
6805: 9609,8312,10932,12156,11419,11401
6806: 9002,11403,11798,11411,10917,8897
6807: 3640,7445,1254,1151,10368,9845
6808: 9894,10456,5647,3460,5065,5175
6809: 5581,11408,3642,9501,9155
6810: 8899,12406,9304,12372,7203,11801
6811: 7060,12258,12544,11115,11654,8656
6812: 11221,11410,8860,8422,11835,9445
6813: 6276,9864,4705,7470,3332,9838
6814: 7896,4851,499,7546,3650,8150
6815: 11042,11413,11336,5070,10623,11802
6816: 12189,11415,4503
6817: 9349,8814,5071,6520,11418,12071
6818: 9265,11282,11420,11854,6749,9589
6819: 2632,7132,8913,8572,2620,5204
6820: 10976,11544,11295,10579,11423,9649
6821: 6387,9373,8375,8956,9577,8922
6822: 4498,6948,8431,5293,10236,10059
6823: 3844,883,7222,12291,10032,9505
6824: 7787,4056,7386,7122,7457,5077
6825: 8925,8735,11761,11426,11299,11053
6826: 3703,2331,6874,4046,8928,10440
6827: 6313,3229,10194,7308,12351,9598,12350
6828: 3722,10451,8050,12525,10301
6829: 2332,10314,7564,3239,6861,10352
6830: 12193,10771,6959,4791,7046,10104,12497
6831: 5008,9160,8787,8947,7101,12275
6832: 2334,7644,9971,4676,11430,12239
6833: 11432,11608,2527,11527,11816,8938
6834: 2023,3668,7958,9775,7937,5024
6835: 5899,4879,5523,3696,1965,3458
6836: 11434,10019,8607,3839,7655,12278,12585
6837: 10294,3512,9976,9915,8946,12336
6838: 4527,6490,12194,126,7440,8949
6839: 7269,2342,10363,12498,12472,9720
6840: 10447,9215,7196,5089,9312,11916
6841: 11327,11439,11870,8951
6842: 10562,8618,10965,8953,11441,12030
6843: 5272,2343,3846,9803,9877,9725
6844: 12344,6994,11598,8955,5104,9795
6845: 6777,2619,11445,7108,11215,11712
6846: 8960,6277,8293,11448,4057,3156
6847: 11292,11450,6287,10563,11437,2346
6848: 9286,1077,8875,11878,8625,6789,11348
6849: 4976,3167,10407,8557,2347,8857
6850: 2167,8812,11350,11270,11452,1584
6851: 7781,12488,3518,12506,6662,928,7754
6852: 4816,8331,11454,11394,9289,2257
6853: 11456,8637,2354,6746,10896,4916,11447
6854: 6372,7377,5098,12427,10263,9807
6855: 8395,7228,3688,8971,7398
6856: 11460,3365,11872
6857: 2555,10027,4637,9860,7828,7744
6858: 10062,5101,8977,8653,6613,9987
6859: 6400,10381,2363,10383,4644,5200
6860: 8979,4866,11935,11374,11589,7496
6861: 2626,10352,7276,5425,6829,10314
6862: 8982,2658,9878,11465,11380,5107
6863: 7373,6616,377,947,6487,5605
6864: 8712,5108,7452,9680,8367
6865: 6606,6407,3694,8885,8987,8701
6866: 7537,6275,10199,12353,8251,3954
6867: 6385,4659,1781,224,10146,6392
6868: 5086,2650,5027,5142,7148,10218
6869: 5530,10490,12455,7326,4674,6231
6870: 8678,8991,6311,6637,3699,8292
6871: 7980,4615,2550,7964,6297,5111
6872: 8680,11245,10003,561,11139,6639
6873: 5206,6519,3646,10389,7816,1952
6874: 7377,5098,3703,2331,5609,6826
6875: 10173,3224,2382,10307,6558,7326
6876: 5601,5114,10159,8362,6724
6877: 8995,11718,8396,11705,7104,5279
6878: 12285,9729,5109,8593,10101,12232
6879: 9999,10073,8997,3235,4650,2384
6880: 10205,10227,7077,5219,10253,3708
6881: 6262,9360,9001,6485,11110,8489
6882: 7234,5118,561,9533,11749,9204,8502
6883: 7504,8471,346,9318,11422,12457
6884: 11843,11479,5310,3383,11427,9009
6885: 3763,2392,2285,5157,3450,8610
6886: 5122,9065,6370,4762,3607,7322
6887: 7838,7869,12394,3711,4734,6778
6888: 9867,7477,10365,5361,10549,6268,9625
6889: 3713,7599,1305,3259,5111,6184
6890: 2396,4802,7586,3881,1273,5331
6891: 7135,997,10812,7030,11483,11747
6892: 5477,4575,10672,12581,9595,11485,9019
6893: 6269,12173,9634,11489,8412,11453
6894: 7410,3720,6975,9968,10354,10071
6895: 7043,5127,11847
6896: 3721,8680,1066,9026,6236,6931,11245
6897: 12347,3549,7016,6689,3570,12384
6898: 9251,9029,11495,7291,7067
6899: 2400,7493,3110,6284,4620,4799
6900: 3161,6285,7066,5131,7274,9747
6901: 9333,11498,11469,3727,10983,10758
6902: 10228,5330,2062,6523,10180,10237
6903: 12115,11500,10956,5492,8638,12148
6904: 424,7709,5132,10139,3102,3730
6905: 2658,3254,7150,9973,9940,5309
6906: 7409,8133,12389,5652,6450,12346
6907: 10017,10266,4601,4928,7073,12348
6908: 5517,9738,9897,9111,12422,2413
6909: 7411,5656,3738,6676,10326,7617
6910: 5539,8043,2059,5141,3740,7202,12250
6911: 12370,2416,12404,12476,3267,10255,10320
6912: 2596,9988,2187,10325,12549,9979
6913: 4050,7447,9410,9043,10024,9342
6914: 9046,11481,11533,8597,11506,10963
6915: 11509,11721,11286,9067,11513,6924
6916: 10509,9612,5534,1379,10056,9467
6917: 7317,9512,10136,10107,9052,8343
6918: 6577,11525,9380,9239,11512,10091
6919: 11397,1728,11162,9055,11515,11266
6920: 3521,5150,4888,12366,6930,5184
6921: 9057,11758,11501,11517,9207,7513
6922: 4554,9748,3689,3756,5151,10200
6923: 2294,7247,4033,2435,4556,2254
6924: 9067,5145,9061,11520,11509,6915
6925: 9840,5332,10211,7972,6624,9821
6926: 5147,6692,10129,578,3753,10134
6927: 5234,6553,9063,12472,456,5155
6928: 8560,9066,10840,12221,11510,11861
6929: 4542,9089,7259,10464,9771,11560
6930: 6665,7037,12366,5184,10332,6920
6931: 9069,1066,6236,6896,8750,6989,12458
6932: 7175,10737,11529,9088,11558,11521
6933: 9314,4942,7086,3756,8924,9748
6934: 928,2660,2096,5160,6946,7754
6935: 10632,9073,11095,11524,10874,11532
6936: 3309,10442,7502,4694,6379,2457
6937: 11534,11526,5333,12073
6938: 7989,3459,3421,1213,9849,5154
6939: 10010,6952,12259,11566,9094,5178,10360
6940: 8760,8958,11580,11445,11537,11531
6941: 6243,10270,12433,9097,2693,8943
6942: 9032,8909,11957,11469,8446,8434,10966
6943: 7961,7770,5229,3763,3955,3819
6944: 11020,9081,3133,9100,11750,12557
6945: 822,9586,7288,8472,12562,9464,9083
6946: 928,2660,6934,9761,7261,3766
6947: 5052,11387,5168,5245,11787
6948: 4498,6822,9087,8688,10059,9972
6949: 7217,10016,6240,5359,9090,9822
6950: 9896,5434,12485,1382,10484,7555
6951: 5017,3374,4780,10383,2469,3269
6952: 10010,12259,6939,10000,10042,11975
6953: 9182,10108,10186,11606,28,10494
6954: 7167,3773,10484,5150,4888,1382,5164
6955: 5028,9749,10298,12460,9759,10125
6956: 11547,9096,3606,6763,11725,11363,11343
6957: 2608,8783,12392,11579,6737,4963
6958: 4645,10286,5178,8321,10360,12538
6959: 6830,2476,10771,3428,9102,4791
6960: 6583,3375,11552,11202,11682,8239
6961: 12452,2478,4793,10212,4767
6962: 10408,10260,9964,6990,7554,4977
6963: 8400,7124,2479,6418,8459,9109
6964: 9376,9111,7398,9651,9656,7407
6965: 9948,10020,5108,6420,7069,10166
6966: 9389,7134,3202,6259,8622,9113,4693
6967: 3501,11557,11604,9222,11883,9114
6968: 5262,9648,10453,12322,11134,10115
6969: 5191,11886,10780,9496,10598,11559
6970: 6734,2077,6248,9116,7039,9370
6971: 9901,9857,5192,6345,9128,9911
6972: 9131,11561,11634,11609
6973: 9546,10908,974,10156,3623,12320
6974: 9375,10697,11565,9121
6975: 7410,6894,2380,10004,9968,10458
6976: 9735,7922,7182,9463,5374,9123
6977: 12089,10551,11570,12198,7384
6978: 4611,5447,8549,9136,9130,9584
6979: 8371,8950,3727,11572,10570,9132
6980: 9071,11574,11521,4488,6239
6981: 9137,10749,11578,11650,4860
6982: 9140,822,9679,12464,9105,7382
6983: 10439,451,3454,1945,7948,1285
6984: 4839,7177,11470,9455,472,11661
6985: 3191,9591,10663,10790,11663,11584
6986: 5378,12199,9141,11666,12112,11586
6987: 12061,12016,7432,11668,8692,944
6988: 9388,12352,9153,8733,8476,9151,5201
6989: 9069,6236,6931,8750,12573,12458,9883
6990: 10482,6359,1667,7554,6962,9964
6991: 7778,4535,10341,4494,4656,6610
6992: 9156,10936,12499,12234,1345,8930,10634
6993: 4982,3928,5204,4933,7141,6482
6994: 12344,6273,4703,6844,7000,11598
6995: 11593,6646,10830,12006,3510,11686
6996: 8805,3710,2517,10973,8592,11595
6997: 4563,5466,2159,5485,3943,8152
6998: 7385,10309,5208,8098,5284,10264,5294
6999: 8809,9163,8421,10739,10756,7428
7000: 9165,4703,6994,11598,7110,11715
7001: 5223,9397,10195,7017,10214,4517
7002: 10333,7512,12236,12468,4492,9925,10105
7003: 5612,5285,1170,10606,10168,10172
7004: 5210,4726,8664,8683,9169,11677,9154
7005: 5162,2519,10303,10286,5178,9094
7006: 6475,11763,11098,9157,9172,11704
7007: 4820,12045,11602,11762,11070,9174
7008: 10147,6780,8983,10103,5046,10050
7009: 9056,7429,6361,8490,9695,2520,5116
7010: 12500,7350,5386,3822,7357,5235,10060
7011: 821,10234,10051,10273,7262,11436
7012: 9180,10967,8999,8335,6333,8464,12050
7013: 5239,8622,3782,4693,10084,11606
7014: 11358,11608,11527,11224,8969,9184
7015: 12039,9404,12017,11912,4530,11382
7016: 6484,6719,6689,5420,6897,3570
7017: 3815,5223,9397,7001,10221,9755
7018: 3137,9874,10041,6253,9817,4581
7019: 6279,2533,844,10304,7866,6619,12578
7020: 10529,9489,11738,12092,11614
7021: 8857,6291,6378,3167,8394,2535
7022: 9270,11617,11739,11311,11625,7033
7023: 3512,9976,4750,6650,5230,9194
7024: 5231,6543,3422,3580,5244,6530
7025: 9414,7095,9778,7695,5085,7193
7026: 9381,7149,5371,5430,12555
7027: 9237,12282,12219,14,8678,3503
7028: 9023,5256,7687,10019,8607,7189
7029: 99,5259,5950,5878,8068,10276
7030: 1979,6891,10812,11747,9203,11135,11621
7031: 11086,8652,11417,10904,11623,11200
7032: 2475,9749,2234,6742,10097,10060
7033: 11311,11536,11760,11625,9412,7022
7034: 3842,11627,10784,11507,9478,3409
7035: 6707,9214,9519,8297,10588,10919
7036: 10642,10891,11629
7037: 6665,12485,3755,5170,12366,9218,1382,6930
7038: 11777,11632,9220,11153,8805,11651
7039: 9176,10084,9116,6970,6248,3825
7040: 12496,5507,3749,10391,9604,9819,12570
7041: 9396,121,9224,12011,9281,8281
7042: 6328,5242,9261,9228,6713,1989
7043: 6895,11637,11847,10923
7044: 10272,3575,4569,8581,6317,10379
7045: 7267,7800,9361,9571,9234,8248
7046: 4791,5243,9235,10104,12497,6830
7047: 8584,9705,1218,9075,11528,10488
7048: 466,6584,4907,3602,6438,6758
7049: 7211,11814,5277,11641,9292,12041
7050: 4967,2567,6710,4910,12393,4567
7051: 10290,3431,10047,10479,6560,6363
7052: 1992,11644,9188
7053: 9246,11826,11828,6531,11646,11156
7054: 5414,5280,12425,3786,3849,10269
7055: 3159,10142,4921,4013,6608,2213
7056: 4582,12048,11467,8516,11648,11830
7057: 12279,9247,7169,12222,5302,7129
7058: 7997,2171,7808,5289,5180,10162
7059: 11698,10722,4934,3299,6630,11652,8859
7060: 8497,12258,12544,10798,6811,11115
7061: 9263,12043,11656,8629,11214,10788
7062: 7251,11658,9268,11930,11726,9189
7063: 10245,10331,7069,6636,1234,9946
7064: 12246,11585,10786,11660,8480,2628
7065: 9359,9247,3774,11579,9273,2608
7066: 9754,2584,3161,4923,6900,9747
7067: 9402,11662,11831,7142,9251,6898,7291
7068: 6669,7430,5255,9733,12469,7304,6675
7069: 10245,7063,1234,10020,6965,10166
7070: 9899,9727,9038,10017,7484,9698
7071: 12001,9280,9202,11180,11665,12183
7072: 8378,10769,11667,11007
7073: 4928,2586,5656,10266,10326,6907
7074: 10246,4684,6245,3314,8267,11161
7075: 9266,8870,11887,1260,11671,11554
7076: 6526,10835,8774,12059,9294,480
7077: 2632,10227,6880,8572,5219,6628
7078: 9278,8441,10742,10755,6448,11674
7079: 9351,2590,6633,9944,9717,10219
7080: 9226,8547,9301,10660,11676,10866
7081: 12053,12055,8320,9444,11678,11907
7082: 1273,6023,2487,5787,4623,3273
7083: 6539,9369,12223,11681,10048,9306
7084: 11683,9308,11910,12040,9688,12203
7085: 8346,12276,11916,6346,12524,4751
7086: 9314,6933,6741,10044,1333,8924
7087: 7196,5089,2697,9326,7220,1419
7088: 11692,11019,8315,2595,12146,11564
7089: 10449,3491,6585,10006,7184,10300
7090: 10361,2596,9988,6575,6664,4946
7091: 5624,7386,3901,7272,696,6703
7092: 6606,4640,3694,9320,8511,9300
7093: 12461,7487,7506,3242,12545,10296
7094: 11112,8767,11931,11695,2601,8550
7095: 9778,7695,7975,7025,1544,5273
7096: 10309,7116,8098,4610,10403,4761
7097: 12060,9449,11697,11937,10765,10934
7098: 3891,9326,4796,7630,1412,7755,10473
7099: 9100,12557,11871,5166,10880,4686
7100: 9680,6466,8985,8465,12260,9330
7101: 8947,12397,10256,3388,12275,6831
7102: 11945,11701,9221,11779,10523,7190
7103: 11947,11392,7341,8992,11129
7104: 11705,6513,6414,11035,6877,5279
7105: 11708,9338,8583
7106: 5140,5281,7484,4601,5030,6623,5510
7107: 8727,11711,8909,11058,11957,9340
7108: 6845,2619,11712,9350,8560,11545
7109: 11713,8777,10612,11555,9347,8764
7110: 9351,9080,11696,9944,11715,9165,7000
7111: 8571,11080,11717,693,11913,10849
7112: 5548,7527,6709,7340,6360,9758
7113: 8823,11720,8445,11884,8562,10958
7114: 12020,4664,12262,10057,9408,10518
7115: 11722,1007,11924,11055,11562,9317
7116: 7096,8069,3851,3538,8098,4761
7117: 5270,9312,9422,6443,9215,9859
7118: 8725,11725,11573,11976,9358,1327
7119: 9558,12326,9868,10168,7378,7257
7120: 9192,9363,4999,12246,8308,12253,6298,10926
7121: 8834,11198,11728,6771,11349,11173
7122: 7644,4676,7787,6824,1333,7457
7123: 11590,11983,8570,5212,11731,9172
7124: 6963,6418,6635,9109,12223,9306
7125: 12080,7187,9606,11733,9471,9372
7126: 2629,5291,11943,11736,3093,11704
7127: 5517,9771,6458,3910,9897,11560
7128: 6577,8238,4501,10053,10213
7129: 10067,9443,7140,7057,7169,3862,5302
7130: 6486,9382,9040,6556,6745,5293
7131: 3914,4546,5579,10164,6373,5395
7132: 6819,5104,9795,9384,8913,8572
7133: 2033,6406,8971,12000,9386,8389,4467
7134: 9597,9389,12147,8934,3202,6259,6966,1351
7135: 8717,6891,997,11483
7136: 2639,3372,6473,9851,10301,12292
7137: 4868,11743,12238,5300,10154,9393
7138: 9928,10349,9045,1580,4583,7223
7139: 11745,8941
7140: 10229,10067,9443,5248,10350,7129
7141: 6482,5471,9786,12398,6993,4933
7142: 9434,11662,11831,7067,3864,10348
7143: 12087,11748,11899,9371,12013,7297
7144: 5024,7891,5033,7340,5283,9871
7145: 9434,3864,12273,5305,10110,8653
7146: 9403,8814,6286,8907,1170,12327
7147: 2480,6332,10166,6511,1234,3399
7148: 6868,10231,2650,5027,3128,10216
7149: 9197,5371,7026,5430,9483,6338,9405
7150: 9891,2658,6905,5309,9702,9407
7151: 7329,11751,10499,12022,9410,9342
7152: 6781,11094,4841,11753,11367,12028
7153: 8606,11755,11479
7154: 9226,9301,11789,9619,12162,2654
7155: 6498,9424,12039,11853,8510,9674
7156: 9743,9731,9426,9732,9390,9744
7157: 8664,6643,883,10032,9428,9218
7158: 9891,9878,7490,8972,11833,4665
7159: 11133,6235,3104,8788,11948,11759
7160: 10067,12400,3862,5038,10061,7261
7161: 8611,9616,9433,10591,11941,11602
7162: 6493,2669,3962,12408,10358,464
7163: 7365,7338,6714,5502,10385,5545
7164: 11569,11764,10941,8318,10662,6312
7165: 6715,9613,7290,11885,9495,8815
7166: 11766,10663,10972,8415,4487,11663
7167: 6954,3773,7598,2662,4653,5164
7168: 8770,5458,10078,10089,10101,5109,6392
7169: 4740,12222,12279,7057,9443,7129
7170: 2400,7493,10282,7969,7790,5325
7171: 10536,12057,11769,8342,3827,11037
7172: 6432,5326,8281,9652,3878,5643,3845
7173: 6570,9448,6526,8962,11197,11771
7174: 6497,9411,11123,9888,12575,11774
7175: 11776,6932,10737,9020,11866,9088
7176: 4674,6231,12483,6736,12416,3958
7177: 3799,4839,8749,9383,6984,11470
7178: 8238,9053,6693,6695,10091,9458
7179: 10177,10393,7741,3532,6349,4786,7753
7180: 10261,6471,3656,1057,9806,5012
7181: 11781,8403,10723,9460,4476,11085
7182: 7922,9828,2681,6976,12459,9463
7183: 5530,6558,12455,464,3854,6493
7184: 10505,10449,6585,7089,4908,5408
7185: 11798,9466,10895,10917,11837,11785
7186: 9468,11632,11023,11788,11190,9220
7187: 12080,1431,7125,11733,8704,9588
7188: 6614,5525,5141,7202,9608,8655
7189: 7687,7028,8607,6394,2687,10903
7190: 11791,5339,9332,9221,11945,7102
7191: 2690,6294,6413,9989,10131,10506
7192: 6341,7511,8343,9937,10136,3971
7193: 5085,11434,10019,9414,7025,9097
7194: 10287,7370,10247,2181,10157,10122
7195: 5347,11081,11639,9120,1940,11794
7196: 7087,9215,5089,6840,7220,12446
7197: 8672,11159,12118,10859,11217,11902
7198: 1456,8988,6405,12477,4882,8519
7199: 12038,7462,11797,12085,6521,9478
7200: 11799,12088,11899,8990,9481,8645
7201: 4751,10447,3891,5089,4796,6696
7202: 6614,5141,6910,12250,7188
7203: 12345,11801,9485,6810,9304,5353
7204: 9465,9238,9486,5091,11810,11822
7205: 3583,8786,11392,11129,11805,6739
7206: 10665,11807,6318,10949,11765,9212
7207: 9311,11809,5357,12021,10547
7208: 10178,6574,8610,3450,7319,9738
7209: 9004,9491,12554,12550,1479,11320
7210: 9492,11812,12094
7211: 11814,5277,9607,12096,3585,7049
7212: 10504,3422,3580,5305,10028
7213: 6240,5359,4988,8931,12466,5452
7214: 10008,10306,6354,12450,3223,12572,10357,5416
7215: 9497,3953,9499,8815,6567,9495
7216: 10688,11818,12078,3909
7217: 10016,6949,4000,341,9822,10426
7218: 8468,8427,9622,6437,11057,10745
7219: 9503,12165,11550,11823,7347,11279
7220: 7087,7196,1419,12316,3434,12446
7221: 3863,10068,4005,5906,4951,8121
7222: 5368,9420,9322,12291,3844,6823
7223: 9836,9928,7138,4583,9768,12229
7224: 2333,4912,5369,6249,4920,8040
7225: 11827,1508,12109,9516,9509,4822
7226: 3349,5370,10404,9855,623,7935
7227: 4912,6249,4006,5543,10398,3134
7228: 6855,12451,3688,7398,9376,6458,3910
7229: 9961,7317,5147,9512,9325,12369
7230: 6353,10334,10320,3267,6793,7337
7231: 5535,5372,7330,3302,4000,10426
7232: 8849,8658,9514,9176,8279,9116
7233: 5628,5532,9329,9735,5374,5195
7234: 4012,5118,12119,6882,9533
7235: 9331,11944,7450,5375,9520,11832
7236: 8364,10698,11834,5572,12169,9146
7237: 8595,11836,9522,11976,11193,8920
7238: 6512,9532,9343,11838,8243,7243
7239: 9526,8363,11956,454,11840,10611
7240: 6503,8929,11647,11939,11842,3087
7241: 2027,11281,9529,11844,5384
7242: 4030,7361,9991,10144,10090,7415
7243: 2090,5327,3111,7238,9532,8243
7244: 10577,3290,11848,10736,9534,8417
7245: 11253,9536,12120,11850,11034,8714
7246: 5388,10287,7742,10257,7370,12434
7247: 6344,6923,4033,2435,4749,5060
7248: 11276,6663,11431,11259,10873,12121,11852
7249: 8734,8553,4035,9539,12274,6528
7250: 9857,6345,8244,2091,10111,9272
7251: 11418,7062,11658,11859,5392,9268
7252: 3690,4995,4040,10201,431,7371
7253: 10371,9554,9547,7950,10304,12516
7254: 3476,11497,10030,1593,9550,11863
7255: 3357,6461,8832,9551,11864,3149
7256: 8374,10964,11332,12127,9551,10708
7257: 9560,7378,3507,9558,7119,42
7258: 8770,5458,6272,8291,2017,12263
7259: 10343,4827,6929,10464,6631,9771
7260: 10217,9833,4052,9140,9562,9641,7382
7261: 9761,6946,10061,7160,3766,12400,6769
7262: 11436,4526,9564,4595,7011,10273
7263: 7387,10281,10313,5626,10179,10262
7264: 9669,12339,4655,4491,9567,9568
7265: 2097,2429,7762,5360,9569,10415
7266: 5628,5875,7389,6599,3378,4060
7267: 9347,4856,9361,9571,7045,9229
7268: 9364,9010,12131,11980,3927,8988
7269: 6839,6304,10363,5413,10192,12498
7270: 4982,5415,10026,8674,3928,10998
7271: 9574,12559,6354,12450,10495,2201
7272: 3160,10160,7091,3901,6703,243
7273: 4501,12345,5419,10053,7425,11801
7274: 5131,7751,4911,10401,6285,6900
7275: 6322,9416,12133,12421,12482
7276: 9552,6861,2626,5425,12312,9373
7277: 12134,9578,12123,11875,8300,10649,8855
7278: 5428,6688,9357,5400,3264,3771
7279: 9580,8964,9512,9381,12555,9052
7280: 4863,7298,12483,5431,3258,3958
7281: 12331,11877,9581,602,8522,4985
7282: 5435,4780,12311,9582,10381,4681
7283: 9583,11051,8722,8558,10838,11879
7284: 133,9744,8289,9694,9731,6544
7285: 9426,3940,9732,5446,173,8892
7286: 12349,5035,9714,6766,9584,12490
7287: 12137,11882,11084
7288: 6945,8872,8472,12562,9224
7289: 7314,9398,3214,741,3952,5502
7290: 9613,9438,11885,7165,9587,12051
7291: 6898,9275,11495,11888,9402,7067
7292: 3152,2322,6729,8842,2017,12263
7293: 12140,11891,9590,8389,4467,6652
7294: 3191,9591,5462,11999,12141,11027
7295: 9004,9411,12554,11895,12024,12062,11039
7296: 9703,9593,6319,11897,12484,12211
7297: 9594,11029,7143,11799,11899,12013
7298: 4863,6291,12483,2379,7280,6378
7299: 12580,7899,10418,8092,3102,1970
7300: 6493,3962,5021,3854,9254,9841
7301: 6435,10085,6671,11264,12288,8269
7302: 8331,12251,10022,4575,12579,10672
7303: 9423,4736,11904,8411,6425
7304: 2158,6330,6675,5482,5255,7068
7305: 9787,5369,5484,5122,8083,9209
7306: 3752,11857,5145,9348,10902,11908
7307: 10046,1249,8916,2177,10518,1324,3414
7308: 9440,9430,5499,12351,9598,6827
7309: 4714,2250,8884,8340,4956,6338
7310: 9776,6350,10247,2082,9510,2181
7311: 6680,11911,12149,11270,12047
7312: 5495,9601,11912,4530,12050,9437
7313: 5499,11914,11280,1649,10240,12409
7314: 675,3214,741,5060,7289,12319
7315: 10679,9603,8911,11917,5506,11287
7316: 9839,10356,3826,3985,12570,10391
7317: 7229,5147,9512,6917,10107,10129
7318: 8524,12153,11920
7319: 9738,9897,11560,9089,3450,7208
7320: 11013,10555,11890,11923,9452,11988
7321: 11041,8405,11925,12158
7322: 3607,9230,9456,12521,6886,4762
7323: 9862,2372,7636,6270,9608,8655
7324: 8312,12156,10589,11928,12079,9470
7325: 7930,5529,4905,6704,2193,2182
7326: 5530,6558,10490,6869,3224,6875,6356
7327: 11934,10608,8772
7328: 12155,9607,10523,11649,11936,11701
7329: 11751,3697,7151,10056,9342,3747
7330: 7231,6540,5535,5372,9856,3421
7331: 9613,9438,2201,12568,5528,12559
7332: 10531,10868,11655,8586,11647,11939
7333: 9615,8697,10590,8612,8912,12160
7334: 8763,11106,8303,10591,11941,5319
7335: 9374,9200,12219,11124,11943,10613
7336: 5543,10142,5247,9191,6608,3134
7337: 3627,6793,7230,3267,4007,12576
7338: 7365,5502,7163,5590,3214,6344
7339: 12580,6482,9786,3102,12325,10139
7340: 7144,5283,6360,9758,9871,7112
7341: 7103,11947,9035,10843,9297
7342: 12414,9627,12168,11949,9419,3622
7343: 9846,10323,4484,6314,7413,3188
7344: 7503,3163,10351,9769,10289,6579
7345: 5552,6697,11283,9104,3474,9620
7346: 11953,9219,11775,10622
7347: 7219,11823,11279,9622,11820,11955
7348: 9854,7766,3168,5487,5325,12403
7349: 9999,8848,747,6738,8997,12261
7350: 8390,5386,7010,9523,10018,5235
7351: 5543,4013,6608,10398,5556,5615
7352: 9074,11868,11526,12073,9460,11958
7353: 5560,9625,8299,6715,8756,9315
7354: 8933,9490,3240,9626,11303,11960
7355: 5567,8306,11962,10652,9493,10597
7356: 10373,9101,5570,4624,3472,12341
7357: 3822,5571,4960,12500,7010
7358: 9628,3278,10713,8241,11964,148
7359: 9629,8945,11966,10635,3131,12170
7360: 8366,9630,1780,6383,10599,8372
7361: 7242,5619,9991,12230,10090,12270,12335
7362: 11472,2406,11126,10736,11968,6502
7363: 5588,9545,12124,12172,6301,11970
7364: 4993,10043,5589,7920,5003,3387
7365: 7338,7163,3880,5545,5590,8065
7366: 9511,12107,12173,12135,9379,8818
7367: 11338,6761,9513,12551,12541,7469
7368: 11322,8952,11149,9108,11973,9636
7369: 5598,10012,6648,10035,10128,12299
7370: 5388,6694,10287,7194,7246,10247
7371: 431,9542,4995,7252,9637,4508
7372: 7467,12516,9919,10189,4041,7722,9554
7373: 6863,6619,7811,947,12578,5605,3493
7374: 12371,8321,10360,9638,9524,10010,10042
7375: 6408,5607,4007,5623,4045,12441,12576
7376: 12523,8241,6401,8632,12175,10713
7377: 5098,6874,6854,12427,5609,8269
7378: 10168,3507,10172,8942,7257,7119
7379: 7447,7769,10024,6329,4760
7380: 7738,2222,9982,3282,6404,10493
7381: 2168,10343,9397,10195,4051,5616
7382: 9105,9641,9535,9140,7260,6982
7383: 12335,12410,9642,2249,8531,9537
7384: 11622,9125,11979,12198,6977,12089
7385: 10462,5208,3538,8098,6998,10264
7386: 7091,5624,4056,6824,696,5077
7387: 4505,7263,10313,5626,10187,7419
7388: 9544,5627,4632,11982,9659,11154
7389: 12308,5628,5875,5532,7266,270
7390: 11474,4972,11984,8706,9645
7391: 8605,6594,11985,9646,10899,8358
7392: 10385,7821,9553,5032,10396,5633
7393: 4656,5635,10442,7789,3099,10375
7394: 11987,8573,10800,11315,12505,6545
7395: 10095,8399,4473,5640,8561,9617
7396: 8429,12377,8895,12128,10747,11989
7397: 12215,6232,12180,38,11991,10615
7398: 8395,6855,7228,9376,6964,3910,9651
7399: 8860,8422,9124,9652,6783,5067
7400: 9251,9029,9653,11424,11464,11993
7401: 5574,9982,3282,4621,10517,5130
7402: 6438,5244,3326,9573,6530,12508
7403: 4473,9418,9559,5640,9654,6237
7404: 7556,5853,5649,5542,9800,2316,3101
7405: 11451,11334,10751,10940,9021,8287
7406: 2294,2435,6798,6342,7645,3324
7407: 9656,11997,6964,12357,9651,8782
7408: 6374,11826,11998,8948,10820,11005
7409: 3366,6906,8133,12346,3120,4669
7410: 6894,6975,10004,10458,4482,10354,6591
7411: 7528,6909,5656,3346,3738,5910
7412: 12001,12183,10844,4483,11744,9025
7413: 9250,6314,7688,4484,7779,7343
7414: 5370,5418,7875,12532,9739,1517,10404
7415: 4533,2478,4485,6500,4030,7242,10144
7416: 4486,8702,9659,2154,6288
7417: 8994,12003,12142,12106,11396,5057
7418: 12005,8418,11347,12185,9134,8609
7419: 10081,10187,10074,7387,10347,5626
7420: 6658,9662,10338,5014,8423,12186
7421: 9167,9539,8599,9663,8785,5594
7422: 12008,9118,12187,9664,11152
7423: 7488,8619,9835,3375,12210,10759
7424: 8766,10749,11578,8433,12010,11360
7425: 4501,7273,2261,5419,10180,10237
7426: 9667,12401,6402,10248,6673,8387
7427: 10871,6246,12012,8249,8268,43
7428: 4655,8587,4491,9163,6999,10739
7429: 7009,9056,6361,6483,9695,11107,9670
7430: 3627,7068,6793,9733,4507,12469
7431: 8302,4715,10918,12191,12015,11846
7432: 6987,12016,10762,11668,9147,8448
7433: 9716,12315,5616,10402,12343,10148
7434: 587,9764,10378,4759,7889,12297
7435: 4519,5508,6317,10283,12435,7785
7436: 12281,9673,5606,2271,9638,6416,12371
7437: 12436,654,12402,3288,9931,8061
7438: 12019,8455,9674,10828,4602,11853
7439: 8533,9564,4608,9675,12130,9927
7440: 6325,7471,8780,8949,12194,6838
7441: 9914,5003,4528,7931,9805,3387
7442: 9047,12195,9186,8510,6498,5243,12497
7443: 4533,3486,6260,3390,6500,4605
7444: 10244,6468,3711,1951,6778,2280
7445: 6807,1151,9845,8467,4535,10341
7446: 12023,8386,10810,8469,12196,11386
7447: 9410,6913,10024,7379,6329,3416,10460,12022
7448: 4540,9877,12264,10132,2343,8236
7449: 2168,9777,4542,9755,10464,6682
7450: 7235,5375,11832,10948,12026,8635,11393
7451: 8598,10889,11323,708,6712,10971
7452: 9948,5108,6864,8579,8465,9997,9680
7453: 578,6623,10134,9984,7810,5510
7454: 2494,12029,10779,4915,4551,12226
7455: 12031,10553,11586
7456: 12033,10953,3680,9059,11503
7457: 10021,5077,7122,6824,1333,8924
7458: 11909,8961,11292,6706,12035,12201
7459: 10281,10262,5408,10319,10274,10449,5334
7460: 8731,9685,6305,10659,4818,9227
7461: 4560,6415,9366,12365,9686,4942
7462: 5350,12038,10677,7199,11797,6521
7463: 3411,4567,4790,12493,6524,6710
7464: 8501,12040,4568,9308,11412
7465: 9814,9293,8022,10435,7515,4671
7466: 7485,11181,12042,12204,10488,9075,6554
7467: 6752,7372,10189,4041,10120,10036
7468: 12205,12044,10878,4573,10806,8687
7469: 9986,11942,8359,7367,12551,12541
7470: 6397,4705,10215,10253,9864,6813
7471: 7440,6325,8330,8949,9276,4577
7472: 12222,8513,6532,12046,1403,9252
7473: 12207,9693,4582,11577,12048
7474: 2023,6544,9775,9836,9694,12567
7475: 861,10193,9130,6605,8521,10121
7476: 742,2322,6729,8365,9056,11107
7477: 9867,6888,4588,9850,5361,12099
7478: 4590,6543,1978,3422,2709,10443
7479: 6320,5308,9946,7520,10331,10197
7480: 6447,9644,8440,4733,8806,4617
7481: 10136,4594,10107,10046,5489,9937
7482: 4809,11591,9565,11176,5622,12102,8866
7483: 5551,3163,2207,10289,10145,7523,12231
7484: 10017,4601,9698,7106,5510,7070
7485: 12054,8498,11181,12042,7466
7486: 11706,6551,12235,8373,8540,12209
7487: 6732,10429,12461,9903,7093,3242
7488: 8544,8619,7423,12210,8350,11381
7489: 10255,4609,9724,6391,10012,10035
7490: 4611,9702,9891,7158,5035,8972
7491: 11963,10997,9345,11501,12056,12211
7492: 6447,9517,8440,12110,9171,12058
7493: 2400,3110,6899,7170,5325,12403
7494: 9615,3428,8584,9705,4622,12160
7495: 5017,3374,5570,6293,1688,4624
7496: 9706,9672,12061,6860,8979,11589
7497: 12214,8566,2354,12063,10768
7498: 3424,9823,9072,9811,8568,4592
7499: 4638,6574,2169,8610,7874,2392
7500: 8574,9708,812,6499,12582
7501: 2363,2469,2041,3703,6395,4046
7502: 12452,4694,6936,6379,4767,12538
7503: 7344,10351,6579,9764,7889,6491
7504: 6375,9709,6883,8471,346,8393,12457
7505: 9902,7932,10181,8271,4870,8565
7506: 7093,12533,3887,12545,10296,4741
7507: 6625,11514,8246,12068,11241,9710
7508: 4659,6440,3230,10210,2375,12374
7509: 9032,8909,11284,9333,11946,12216,8590
7510: 8803,6572,8681,6750,12070
7511: 9713,6341,7192,9507,8594,3971
7512: 10333,12236,7002,4492,6588,10114,10105
7513: 12072,12217,9207,6603,6921,11517
7514: 5195,8601,719,270,4670,5532
7515: 5852,1676,5054,4671,9814,7465
7516: 6481,4932,9852,10345,10384
7517: 9756,1289,4673,9860,7828,7883
7518: 9733,4507,7761,45,3137,9817
7519: 3196,4927,4025,5577,4475,1612
7520: 6320,7479,4591,6481,4932,10197
7521: 6080,2079,4848,3685,7582,3793
7522: 4756,4524,60,8097,5354,3157
7523: 12312,12231,2207,7483,10145,5425
7524: 3791,10454,4962,7562,3502,7870
7525: 1138,4482,3798,8044,8408,8601
7526: 7789,10375,7764,5149,792
7527: 7112,5548,7901,4532,5088,6709
7528: 7411,6573,3346,12294,2267,5910,7959
7529: 7578,2453,3757,1253,5454,3350
7530: 2315,2589,5007,5219,6628,6587,12398
7531: 4917,3389,1999,10438,7826,3684
7532: 8216,5480,7543,3795,3837,5096
7533: 76,7714,12289,7794,7536,4490
7534: 2239,5851,4025,4646,4475,8145
7535: 3884,2258,10277,6107,7637,12429
7536: 5332,10117,10169,7714,12289,7533
7537: 10379,4666,6866,4519,6275,12353
7538: 1809,3658,1312,5019,3338,12527
7539: 5340,4884,8011,7597,3300,5966
7540: 3998,3467,4661,6704,5953,6047
7541: 9788,7879,5097,1686,5010,7858
7542: 3515,5869,6005,3495,3994,5526
7543: 5480,2039,2157,7532,3070,3795
7544: 8085,6221,7581,3923,10185,8187
7545: 3565,4058,2295,6104,3959,1969
7546: 1631,3650,4897,8015,4851,6814
7547: 8137,5923,6070,5404,4175,2321
7548: 4038,7709,4819,5132,2179,5513
7549: 7626,3349,3987,9824,5015,9855
7550: 1766,3614,3432,5989,8144,2339
7551: 9960,8149,9996,1137,5137,4782
7552: 4756,6537,4524,4586,3420,9890
7553: 3072,1744,5257,7928,5853,8225
7554: 7556,1667,5542,6990,6962,4977,7921
7555: 10459,3779,5164,10484,9896,6950
7556: 1667,7554,7404,5649,5542,3327
7557: 1507,5839,546,10355,4364,12486,8147
7558: 2326,6033,3990,621,2196,1587
7559: 4635,2483,1271,5918,9861,3442
7560: 626,1644,2855,406,2897,2838
7561: 1528,4457,5744,8148,2770,1112
7562: 10454,7524,9885,4728,3502,10321
7563: 2106,5426,4690,8219,5485,5444
7564: 6829,2332,6366,8931,3239,10327,12456
7565: 5669,3843,5963,9880,5265,5754
7566: 2309,6010,8154,3886,4094,896
7567: 8048,4586,9890,5660,7661,7985
7568: 4829,8125,5295,3569,4649,2454
7569: 4885,10072,398,5794,7570,4629
7570: 4881,4885,7569,10072,2585,10102
7571: 3715,5998,6072,1960,2498,3551
7572: 2261,10180,10353,6523,8034,10230
7573: 694,6031,6220,3117,4179,9974
7574: 3123,3801,1588,5941,6229,4593
7575: 80,5951,5664,7578,7968,3350
7576: 8158,3978,2641,1595,5519,3831
7577: 7896,5663,1215,3545,4566,5946
7578: 7575,2063,5664,7529,3757,3350
7579: 3181,5902,5185,1164,7750,7664
7580: 2482,2268,9881,6071,2391,2383
7581: 3923,8165,2245,7544,5470,8187
7582: 3579,4633,8087,3793,7521,3685
7583: 10459,3667,2113,9812,3779,4541
7584: 1941,7648,5436,3236,2155,5734
7585: 8048,4586,3420,4625,5886,3340
7586: 6537,2396,4701,6890,5331,3255
7587: 7713,1113,6128,3444,3981,4628
7588: 3579,7680,4825,7948,1945,9825
7589: 7704,3260,2132,2597,5907,4203
7590: 5153,5344,5383,6054,494,5968
7591: 855,3555,8164,5385,828,3140
7592: 3363,3589,3150,259,4688,5241
7593: 8194,2433,10414,12546,7914
7594: 277,2867,78,1091,5806,5804
7595: 3236,3934,5734,10130,136,3175
7596: 180,5631,5777,3274,8220,12518
7597: 4884,5049,7539,2421,5966,1722
7598: 7167,3773,4547,2550,6297,4653
7599: 6889,1305,5111,2550,4653,9832
7600: 889,7627,3540,10413,990,13
7601: 5068,7963,3504,5976,1941,7648,426
7602: 146,6099,2710,7662,1434,4014
7603: 5867,5930,4014,2124,3343,2710
7604: 2409,1947,717,5979,8170,3691
7605: 3692,4643,3140,6576,3555,5078
7606: 1137,5137,3470,3382,5320
7607: 3592,5985,5190,3509,9908,1942,259
7608: 1068,5345,3292,2089,3820,5828
7609: 5701,5733,3053,1032,2034,10094
7610: 5685,1981,3377,3828,1058,2701
7611: 6152,1518,5189,3795,3837,7668
7612: 10222,2511,4325,12462,10254,3456
7613: 2247,4319,166,1638,4433,5986
7614: 5340,4884,9876,1683,2064,10063
7615: 3260,12314,2132,3298,3081,1707,8171
7616: 9758,2649,5746,3746,706,6709
7617: 5140,5281,10326,2022,6676,6909
7618: 4853,7692,510,5963,5754,10174
7619: 2930,220,4300,528,3882,4147
7620: 5678,3750,7642,6201,546,4364
7621: 1082,5971,2111,2444,6027,3320
7622: 3515,3895,5186,5950,8068,4713
7623: 3939,2146,4892,3177,2352,5992
7624: 2319,5885,5671,4544,4904,3670
7625: 2806,1123,7656,4359,2812,625
7626: 3987,3671,7549,5015,6008,2025
7627: 3540,7600,990,4162,4097,6009
7628: 3279,10346,5817,3576,5205,3447
7629: 8203,8173,2105,3406,2074,3669
7630: 4796,5351,4724,7098,5623,10473
7631: 3220,5493,5269,1658,4516,2013
7632: 3644,1307,4240,860,4314,12494
7633: 8194,306,3426,1762,4812,4597
7634: 1960,2498,3359,3432,6014,455
7635: 5524,3866,7643,5981,5672,2200
7636: 9862,7323,6270,8288,2384
7637: 7535,6107,12429,5523,3458,6011
7638: 3393,9949,5251,6667,9954,6638
7639: 1496,5722,1963,3979,6015,3977,2496
7640: 4425,2252,2378,1735,763,274
7641: 4642,7735,10466,4181,3186,3155
7642: 5037,5678,4945,6040,7620,4364
7643: 3993,5981,5672,8110,7635,6223
7644: 9971,4676,6832,7122,6741,1333
7645: 5650,6342,5175,7860,7406,3324
7646: 3560,5905,6024,2424,8180,5448
7647: 2477,8183,2003,3306,4314,2281,214
7648: 7584,1941,2155,5976,5068,3504,7601
7649: 5436,3236,5010,5557,3934,1686
7650: 326,848,349,3051,992,1240
7651: 2142,3632,5465,2145,4627,329
7652: 5163,12362,6165,10250,1125,4521
7653: 715,5845,5838,3203,5524,5672
7654: 2397,2667,463,2565,4226,3780
7655: 9941,9886,12278,2693,8943,11434,10019,6836
7656: 1262,2806,7625,2812,1502,868
7657: 7932,3212,3490,10387,10369,12338
7658: 1994,3610,1762,3355,1008,2465
7659: 5611,12389,6450,4911,10401,12527
7660: 2503,2522,5682,6063,2577,3506
7661: 1489,7985,7567,9890,2447,3629
7662: 2710,3893,2253,1434,4198,7602
7663: 3287,4163,7727,6070,2321,923
7664: 3181,5185,5451,7579,10176,4861
7665: 5083,5547,5265,5246,4273,7814
7666: 2627,632,2174,2508,7693,10183
7667: 1362,2700,3215,5095,8198,4758
7668: 6152,7611,644,3837,5675,3702
7669: 2464,8235,3841,2047,3449,3712
7670: 4313,1976,6087,5756,4345,854
7671: 8130,5818,2328,5940,8186,4029,9790
7672: 3939,4479,1779,2516,2146,10424
7673: 5697,5778,5414,3136,3849,5777
7674: 3936,2593,8191,2194,3522,4208
7675: 3641,3362,487,5892,4641,4987
7676: 2748,1557,6084,1425,1525,6147
7677: 832,4832,2373,3967,5481,6581
7678: 2005,508,2575,1968,6045,8189
7679: 6065,2672,7971,9809,249,5531,10469
7680: 3579,7978,7588,3075,4633,4825
7681: 3098,7795,10137,4576,12420
7682: 3204,5663,1215,9780,4651,6205
7683: 3,3931,1092,3885,3210,6073
7684: 2144,3471,6115,2713,5224,4758
7685: 1812,592,280,513,727,199
7686: 1928,3000,4462,2776,1389,686
7687: 5256,7028,7189,10188,12434,6394
7688: 9250,5318,6314,7413,3105,12448,12424
7689: 362,33,1272,24,893,4213
7690: 4277,3464,5726,836,2069,12531,9745
7691: 293,6154,200,12405,564,10226
7692: 4853,7618,5963,12385,255,10174
7693: 6124,2174,4643,2508,7666,6066
7694: 6212,1438,3139,2144,3872,2713
7695: 7095,7025,1544,4852,5085,12432
7696: 7734,5337,820,5163,5356,10370
7697: 4342,970,256,7740,1906,381
7698: 3986,634,10390,5527,2160,6128
7699: 5274,7716,1371,7729,7890,3425
7700: 5286,8224,10295,9367,9865,5610,5821
7701: 5684,3492,5970,2604,6012,5718
7702: 2162,5278,3129,2018,4168,3429
7703: 2028,3453,2079,6127,8202,266
7704: 7589,2597,4203,4220,6090,884
7705: 4249,2024,8199,768,4230,6139
7706: 3343,2449,3129,6133,5802,3893
7707: 3517,8700,11375,9232,10126,11231
7708: 669,5546,7786,10336,6149,8231,4008
7709: 7548,1970,5132,6904,2179,3102
7710: 778,116,6172,2737,8223,1302
7711: 7736,5158,10335,6756,7734,2598
7712: 1518,3829,5189,5947,5995,2092
7713: 7587,3257,2160,6128,1539,4628
7714: 7533,7536,10169,4490,10069
7715: 521,1841,10280,1915,584,8206
7716: 5274,3824,7699,1371,10515,12324
7717: 1528,4388,4457,271,1243,4112,3046
7718: 2951,6125,613,2942,310,1300
7719: 8213,617,8193,524,1141,1308
7720: 3181,7721,7750,6573,10318,2267
7721: 3181,5451,7720,10318,10371,10076
7722: 10366,9554,9547,7372,4041,8001
7723: 3521,6568,3188,4484,10388,8413
7724: 1544,5254,5072,2427,3085,5273
7725: 7847,7849,5237,3724,3847,7912
7726: 5597,8034,10503,4038,4819,10353
7727: 7663,3287,966,2395,4163,4177
7728: 4588,9850,12412,7758,4699,10241
7729: 3836,5036,7890,7699,3425,5165
7730: 5388,7742,7743,5072,2427,5516
7731: 8215,1380,718,189,1885,938
7732: 392,4449,4204,4450,1177,4207
7733: 1029,8209,2422,6230,2311,4352
7734: 7696,820,2598,6756,7711,5356
7735: 4642,8090,7641,3197,4181,2362
7736: 7817,7711,7822,3764,5158,2598
7737: 7997,3737,2171,5505,3786,2670
7738: 2222,7380,4006,10398,5556,10493
7739: 5177,8077,9904,3528,2644,10475
7740: 1912,1922,738,970,7697,381
7741: 4704,10177,7179,6274,12471,7753
7742: 5388,7730,10257,7246,4852,5072
7743: 5388,6694,7730,5516,7765,3143
7744: 5073,4899,5417,7828,2555,10510,6857
7745: 2400,7790,6284,10415,4710,9569
7746: 3448,4634,3804,8196,8214,4997
7747: 1553,2655,1758,2571,1316,2541
7748: 7778,1693,10386,4494,5504,2374,7952
7749: 4769,10388,10037,12368,5184
7750: 3181,5902,7579,7720,9834,2267
7751: 5131,3604,7274,7992,7801,4911
7752: 10437,4773,7832,5179,2075,12519
7753: 6274,12471,2684,4786,7741,7179
7754: 928,6934,5160,5585,7781,6851
7755: 1412,3851,10473,7098,3891,2697,9326
7756: 4892,4234,49,1509,4253,3189
7757: 9854,9770,5615,5433,753,7766,9869
7758: 5395,2323,4699,4588,7728,5579
7759: 2022,5410,10339,8049,603,7837
7760: 2525,5977,3695,3655,1729,1095
7761: 4507,7518,8442,5564,3137,2214
7762: 2097,2429,7265,7880,5238,7925
7763: 4855,7775,4835,3356,6501,4574
7764: 7526,7789,7797,5149,5106,5304
7765: 5493,5269,9776,3143,6694,7743
7766: 9854,753,7757,3168,9869,7348
7767: 415,1326,5720,3743,3792,6164
7768: 1341,3546,8016,3141,1455,47
7769: 10024,7379,5614,4760,9640,10329
7770: 7842,5498,3763,3955,2285,6943
7771: 2340,2417,3291,217,3397,6167
7772: 7892,2427,3085,4735,5516,3311,4895
7773: 7897,4835,3356,7816,1952,7995
7774: 10373,719,270,5943,12308,10118,3169
7775: 4855,7763,7940,4679,4574,4805,7806
7776: 7829,5087,1978,6492,10443,7934,3113
7777: 7818,3632,7982,8113,3913,4974
7778: 7748,6991,4535,5025,10386,4494
7779: 4484,5459,8413,1975,9250,7413
7780: 4153,6114,1131,2376,2028,8202
7781: 4764,2548,5585,6851,6662,7754
7782: 4970,5020,5324,7846,2612,7799
7783: 28,4769,5459,5228,10037,10494,10182
7784: 3617,12264,7898,1790,10132,10079
7785: 4606,3245,2337,4994,12435,5508,7435
7786: 669,2215,7708,8222,5081,10336
7787: 3846,9781,4056,6824,4676,7122
7788: 8207,677,4752,3513,8228,3348
7789: 7393,7526,3099,10375,7797,7764
7790: 7745,2400,7969,7170,3266,10415
7791: 3604,5329,7801,3113,1229,4587
7792: 7812,2045,5106,7831,3473,7848
7793: 3288,5607,5564,4045,8442,12436,5544
7794: 76,4538,4992,7533,5125,4490
7795: 10310,3098,6476,7681,10724,10137,10205
7796: 7914,5960,4061,3907,3353,2455
7797: 7952,7789,3099,7764,5304,3427
7798: 5088,7820,12321,5391,10155,5380
7799: 4970,6647,2612,7782,5539,2059
7800: 9361,7045,10512,9234,1675,10507
7801: 3604,7751,7992,7791,5134,1229
7802: 6097,5836,4348,4449,2263,8157,729
7803: 2221,6315,12341,9811,7894,9072
7804: 8226,8004,5294,7983,10233,3856
7805: 2452,10330,7916,10395,6364
7806: 4805,3415,10513,4855,7775
7807: 5491,4481,3973,10013,25,5311
7808: 9254,9841,7058,5289,10162,8093
7809: 4522,2272,3536,9858,3096,1463
7810: 7453,6623,9737,9977,9984,9752
7811: 5261,7373,6619,947,3162,7866
7812: 3709,2045,5106,5304,7792,7856
7813: 5237,3724,5125,2050,4538,3153
7814: 4273,5974,3830,7665,5246,1143
7815: 10471,5978,3744,6051,3151,1180
7816: 6412,4474,10389,6873,1952,7773,4835
7817: 7736,7822,9819,3764,12496,5240
7818: 2501,7777,7982,6225,5376,4974
7819: 10437,6601,5409,9799,7832
7820: 3103,7901,5088,3911,7798,7825,5380
7821: 5328,10385,7392,5545,1674,10396
7822: 7736,7817,5240,4680,4949,2598
7823: 9876,1683,5003,9805,4993,1701
7824: 10374,2635,8237,9994,2239,4646
7825: 12267,6253,4581,5380,3103,7820
7826: 3791,5058,4962,3684,4917,7531
7827: 7973,5266,12509,3986,10390,8233
7828: 5073,7744,7883,7517,9860,6857
7829: 4929,9792,7776,5087,7934,4489
7830: 10205,9384,10227,12330,5090,10310
7831: 2045,7792,7953,7848,5306,4731
7832: 9799,5360,5179,5276,10437,7819,7752
7833: 4570,2117,2425,7835,5440,10190
7834: 3472,10354,2221,5553,6591,10184
7835: 4570,8033,2117,8018,7833,10075
7836: 4785,3448,4753,5670,12463,333
7837: 8041,7759,10339,603,10397,3666
7838: 7855,6887,2633,7867,7869,12394
7839: 3815,4734,10221,5009,3078,12394
7840: 7897,7853,1798,8028,5439
7841: 4477,5341,5307,3100,8018,10075
7842: 7770,5498,3955,5026,5009,3078
7843: 3417,5771,9885,3633,2004,10321
7844: 6283,7872,1997,12437,2287,4053,5406
7845: 1612,7859,1600,3176,8040,4927
7846: 3665,5020,2612,7782,9784,12520
7847: 5274,7849,7725,3847,4716,7890
7848: 4843,10431,5306,7831,7792,3473
7849: 7847,5274,3824,7725,3519,3724
7850: 5715,2206,3828,1058,3107,10409
7851: 2076,5263,5587,5063,5110,2633,2191
7852: 2381,8401,5105,3933,9582,4681
7853: 7940,7897,3356,7840,4574,5439,8031
7854: 207,3302,5621,1700,8217,5032
7855: 7838,5110,2633,7867,5266,12509
7856: 3709,4599,7812,2045,1101,7927
7857: 3394,10175,12331,12529,10435,12470
7858: 3494,4709,3916,7879,7541,5010
7859: 7845,2222,1600,4912,8040,4006
7860: 9894,10392,9723,7645,5175,3324
7861: 350,7998,7959,8161,10123,5856
7862: 5913,5837,7903,569,5597,8114
7863: 4969,350,3738,5910,1489,5934
7864: 2096,6615,4998,8091,5620,612
7865: 2554,8057,5647,7918,4891,8053
7866: 7019,844,7946,6619,7811,3162
7867: 7855,7838,5026,3078,5266,12394
7868: 4606,5257,7928,3218,12374,9734
7869: 7838,6887,2633,3711,2076,3787
7870: 5911,3502,529,3791,7524,8140
7871: 7974,1522,9753,3999,6154
7872: 6283,5115,7844,7926,9827,2287
7873: 8012,2385,5837,3686,7972,3173
7874: 5229,2392,4695,4638,7499,7877
7875: 5418,7956,7414,10242,7929,1517
7876: 4576,9740,9746,2075,5179,229
7877: 10434,5467,12287,7874,4695,3957,4638
7878: 8073,2548,3714,9750,3256,5585
7879: 9788,4948,709,7541,7858,3916
7880: 2097,12530,7936,7762,8056,7925
7881: 5343,3528,10475,9967,8088,10417
7882: 9905,5215,7945,2684,5592,5069
7883: 5073,4657,623,7828,7517,4673
7884: 1790,1997,10305,12437,12417,10265
7885: 9939,5504,3216,3709,3427,7927
7886: 7902,3781,10496,3666,8041,4990
7887: 6028,5908,5927,478,3631,5870
7888: 3790,1172,5620,4053,612,5406
7889: 587,9764,10125,7434,6491,7503
7890: 4716,7729,5036,7847,5274,7699
7891: 6544,9775,5024,7144,5283,133
7892: 7772,5516,3311,4968,4895,3143
7893: 5105,9763,9582,7960,12311,4495
7894: 1688,6546,9072,4624,7803,12341
7895: 714,5582,9774,5102,5559,10485
7896: 1215,499,6814,7577,4566,8150
7897: 7773,3356,7840,7853,7995,1798
7898: 12264,1790,1997,7784,6283,4613
7899: 7299,4842,12580,10418,5471,9786
7900: 1393,1053,9783,5800,5751,2199
7901: 3103,4532,5088,7527,3911,7820
7902: 7886,8038,4596,3781,9785,10496
7903: 9789,4948,569,5913,3916,7862
7904: 910,3761,7917,3158,3704,4903
7905: 5376,5638,1043,4974,4599,1101
7906: 5625,5034,3533,1701,1683,10063
7907: 2106,5169,8152,8030,3777,5217
7908: 2404,5977,1729,5847,2015,3080
7909: 4587,1974,7939,8084,4470,1229
7910: 10471,5876,8101,3744,4094,8154
7911: 832,2514,5650,4832,8065
7912: 5496,5129,8103,5237,7725,3847
7913: 9829,5737,5774,3975,151,10001
7914: 7796,5960,2015,2455,7593,10414,12546
7915: 1265,3072,3245,7996,2337,3146
7916: 10330,7805,10395,373,4764,4883,4696
7917: 7904,3761,5234,4806,2342,3158
7918: 2554,3532,7865,4891,3810,10328
7919: 1973,2688,3296,4078,1483,4
7920: 4993,5206,7364,5589,3646,10317
7921: 1538,4977,7951,7554,5542,3101
7922: 6976,7182,12459,9123,10450,10268
7923: 322,10380,10419,4607,9801,5307
7924: 1615,1082,2444,4206,784,3950
7925: 7949,5238,8056,1677,12530,7762,7880
7926: 7872,9827,10242,2287,4548,7929
7927: 3709,4599,7856,3913,3216,7885
7928: 4606,3072,7553,5257,2337,7868
7929: 4548,10410,7926,10242,7875,1517
7930: 3178,5529,4661,7325,8156,6704
7931: 9914,7441,3608,5119,10288,9805,1067
7932: 3212,7657,10181,7505,10369,8271
7933: 1348,8030,7986,4001,4970,5324
7934: 4587,4489,4470,7776,7829,3113
7935: 4657,623,5213,5424,3349,7226
7936: 2097,12530,5276,229,7880,10405
7937: 7958,6834,5024,5033,3985,10356
7938: 2113,9812,9832,5812,1305,5041
7939: 7909,1974,5134,1229,3732,5646
7940: 4679,7775,4574,7853,5183,8031
7941: 5177,8893,3574,12390,2644,10224
7942: 4589,10372,3459,5372,341,10426
7943: 3941,995,725,1711,1958,5967
7944: 3312,7953,5638,8020,3307,4731
7945: 7882,5592,10176,5069,3162,7946
7946: 844,4861,7866,7945,10176,3162
7947: 4698,9763,7960,2299,5875,3378
7948: 3579,7588,1945,6983,1285,3685
7949: 5238,10251,1710,1677,7925,5043
7950: 10371,7253,844,10304,4861,5451
7951: 1538,2507,7977,7921,10421,3101
7952: 3099,7797,7748,4494,5504,3427
7953: 7944,5638,2045,7831,1101,4731
7954: 2860,1619,548,6185,2912,676
7955: 4844,910,3228,3761,6553,9831
7956: 5418,7875,243,8029,3160,10242
7957: 1068,8172,9843,12267,3922,3820
7958: 3668,7937,6834,5390,10356,8244
7959: 350,5910,7861,10123,7528,12294
7960: 4698,5105,7893,9763,7947,9042
7961: 5229,6943,3819,4695,5576,3616
7962: 2073,8109,6043,6189,3735,5761
7963: 5068,4831,7601,5829,426,3988
7964: 7980,4615,88,12463,6871,4823
7965: 10432,1159,2385,5655,9837,5898
7966: 5341,10406,2117,8018,12528,4737
7967: 987,867,1855,6191,87,1694
7968: 5422,3201,5483,3350,7575,5951
7969: 10282,7790,7170,3266,8009,12442
7970: 3838,7994,8129,5929,5187,6804
7971: 6019,7679,6065,3925,7987,5531
7972: 3686,6624,7873,9821,3173,6925
7973: 5026,5266,7827,8233,3955,3819
7974: 5917,3294,7871,4011,1522,6154
7975: 4716,10428,7095,9778,5036,5273
7976: 6640,5501,9853,6686,4712,5442,9847
7977: 1538,2507,4845,7951,5263,9844
7978: 9844,3075,7680,4825,3451,2507
7979: 8537,1213,3760,10376,9784,12520
7980: 88,7964,9846,6297,6871,10323
7981: 6082,6010,3785,8099,8027,3332
7982: 7818,2142,3440,3632,7777,6225
7983: 7804,8004,3856,5782,5546,5673
7984: 3172,5183,3788,8031,8021,650
7985: 1489,5934,7661,8230,7567,5660
7986: 36,4834,9959,1348,7933,4001
7987: 3925,6175,6009,6019,7971,4097
7988: 6189,4316,3735,12501,4223,2581
7989: 4649,3421,9849,6938,2512,9856
7990: 9854,753,12412,3110,12403,10241
7991: 2438,4290,5691,1237,6186,4308
7992: 7751,7801,4911,5134,5611,3280
7993: 3802,2504,5338,3268,10161,10268
7994: 6058,3838,5826,3500,7970,5187
7995: 1952,12399,10243,1798,7773,7897
7996: 3072,7915,1744,3146,8124,8078
7997: 3737,2171,3784,7058,7737,10162
7998: 350,7861,5934,8230,3466,5856
7999: 3568,3679,2151,8074,4842,10418
8000: 8046,2490,4679,1760,5183,8021
8001: 3499,12334,7722,10366,4041,4720,9873
8002: 3970,5130,3233,12442,9943,10282
8003: 9874,10041,4544,4522,3536,1184
8004: 7804,7983,10233,5039,5782,9858
8005: 9750,4883,5113,4696,555,8052
8006: 5100,5005,2631,3723,8010,6226
8007: 9863,4637,2293,1289,9860,9765
8008: 4532,706,3911,2148,5314,3389
8009: 3233,5550,12442,5596,7969,3266
8010: 5100,3704,4903,2631,8006,4658
8011: 5340,1067,7539,10288,3300,9804
8012: 1159,5913,2385,3494,7873,5837
8013: 8207,6165,4752,1171,4783,10250
8014: 5073,4899,4657,4833,5213,3463
8015: 5422,1631,7546,3201,3650,5001
8016: 1191,3546,5735,9866,7768,47
8017: 8062,3810,4943,1631,4897,4891
8018: 2117,7835,10075,7841,7966,5341
8019: 6202,2702,2305,4565,3074,5260
8020: 7944,3312,5638,1043,3860,5780
8021: 7984,5183,3352,650,2490,8000
8022: 12529,8060,10435,4541,7465,4671
8023: 2355,5916,8095,4566,5889,8150
8024: 10446,1219,26,2121,9870,4361
8025: 5700,2325,1807,5094,2060,10143
8026: 1809,1312,6535,2560,5124,4658
8027: 4705,3086,10452,3332,7981,8099
8028: 5854,1798,7840,2349,5123,5439
8029: 9756,5418,1289,7956,243,9765
8030: 1348,7907,5169,7933,5324,3777
8031: 7984,5439,3172,5183,7940,7853
8032: 1015,1641,2270,3004,5749,516
8033: 4570,5044,8080,7835,3413,10075
8034: 7726,10040,10230,10503,10353,7572
8035: 5005,12360,6226,9889,1785,2530
8036: 3843,9880,10469,5053,249,10420
8037: 8088,9798,1179,4537,5139,10417
8038: 7902,9785,10496,3437,5381
8039: 6211,9922,2537,5814,1990,10500
8040: 2333,4912,3176,7224,7845,7859
8041: 4990,5354,603,7837,7886,3666
8042: 1348,5169,3142,1523,4690,4834
8043: 5539,6910,4001,12250,5335,9959
8044: 7525,3798,9123,9735,5195,8601
8045: 6078,2361,3935,4029,10165,6173
8046: 4489,2490,8084,4470,8000,1760
8047: 4514,576,1169,1337,4580,4949
8048: 7585,7567,4586,4625,3441,5660
8049: 7759,3157,2447,5410,603,3629
8050: 3722,4984,10451,3969,6828,1748,12293
8051: 9920,2463,1543,4064,167,2048
8052: 4783,4696,4936,555,1171,8005
8053: 4851,3571,4897,8057,7865,4891
8054: 2381,746,5473,8401,5121,3961
8055: 6213,1284,904,1322,2539,4297
8056: 1677,7925,5632,12530,7880,4996,3251
8057: 10456,7865,5647,3571,8053,1730
8058: 4625,3441,328,3620,6063,3972
8059: 4076,142,2163,12535,9895,4068,315
8060: 3394,9896,8022,12529,3779,4541
8061: 9931,12431,5208,7437,654,10264
8062: 9905,5215,8017,3810,4034,4943
8063: 4128,1601,536,1416,1088,4176
8064: 3984,10478,4019,6123,9900,2420
8065: 2514,7911,5590,4832,7365,3880
8066: 2986,517,1025,4335,445,9910
8067: 2589,9906,3813,3603,2151,4909
8068: 5186,7029,5259,5950,9742,7622
8069: 7116,3851,2697,1419,9757,4761
8070: 9907,2497,3430,605,196,9950
8071: 5395,8177,2323,9808,12305,4546
8072: 847,3146,8078,5429,4612,9797
8073: 7878,3714,5585,5160,4998,5474
8074: 3568,5220,25,7999,10418,8092
8075: 9966,2232,4071,4019,6123,703
8076: 4538,4687,4992,3345,2623,2050
8077: 7739,5021,9904,3528,5475,8082
8078: 847,3146,8124,5394,8072,7996
8079: 651,3728,2094,5018,5129,8103
8080: 4570,8033,5044,5634,3307,3312
8081: 4186,6220,3775,1574,3117,6083
8082: 5475,3784,3528,8077,8088,1179
8083: 5122,6708,9065,3969,5484,7305
8084: 32,7909,1974,8046,2490,4470
8085: 7544,5190,1942,6221,12302,3923
8086: 2019,3385,10202,5891,12360,2530
8087: 7582,5364,4633,3793,5509,3257
8088: 1179,8037,10417,3528,7881,8082
8089: 4472,10517,2366,4621,5575,9994
8090: 3698,4642,5807,5472,7735,2362
8091: 3840,612,4998,7864,5474,8122
8092: 7299,10418,25,8074,1970,5311
8093: 3608,745,10324,9254,7808,5289
8094: 2631,3723,5124,509,4898,239
8095: 3545,1958,6075,4566,8023,5916
8096: 6121,102,12329,6309,953,2689
8097: 60,3127,7522,5172,4990,5354
8098: 7096,7385,10309,7116,3538,6998,4610
8099: 7981,4996,3785,3251,8027,3086
8100: 10340,6228,2314,461,12475,5895
8101: 10471,7910,4094,3853,5925,5988
8102: 1542,179,450,6227,2798,1210,695
8103: 5496,8158,5018,5129,7912,8079
8104: 3749,5746,3746,1337,5143,576
8105: 4515,5621,3286,1674,3231,10396
8106: 4565,4537,10417,5343,4610,3888
8107: 5272,2343,5624,3901,12304,8236
8108: 663,5981,5051,8110,4531,1176
8109: 5920,6043,7962,3735,2574,2405
8110: 7643,3993,663,5981,8108,2229
8111: 4416,2588,1515,9929,415,3743
8112: 3301,5832,1677,5043,5632,5578
8113: 3913,5393,4627,3216,3632,7777
8114: 5597,3686,10503,12381,5837,7862
8115: 5941,3118,2351,5928,2196,712
8116: 2405,3275,6034,5768,3769,2070
8117: 2464,2047,4276,4193,672,2241
8118: 4543,6640,2120,74,3283,2043
8119: 3967,4651,10039,6581,3460,9780
8120: 4936,555,2184,1579,3696,5342
8121: 7221,5906,3094,4951,5599,1637
8122: 5474,3198,5259,9742,8091,3840
8123: 3345,5068,3687,3504,3237,4730
8124: 5074,4873,8078,5394,1744,7996
8125: 4563,5466,4829,7568,4649,2512
8126: 5398,2362,6267,9932,5807,3651
8127: 573,6034,5931,6013,5904,5936
8128: 2636,4215,1323,6189,10152,12501
8129: 3838,7970,3166,2236,12428,5929
8130: 6069,7671,3857,6110,5818,5940
8131: 5982,3244,5930,4014,146,8142
8132: 451,3520,776,3742,3454,2510
8133: 7409,6906,5652,4669,4898,239
8134: 5084,942,4879,12473,1579,4443
8135: 5187,3339,5826,3362,5892,3082
8136: 5905,1965,3458,3980,2424,6011
8137: 7547,5923,6070,5404,3106,2078,529
8138: 5883,5923,9969,4175,1646,4073
8139: 5198,10439,3082,4771,451,2460,3520
8140: 4917,4957,3791,7870,529,5404
8141: 10424,3277,5882,3373,3919,1569
8142: 146,3565,3959,5987,8131,3244
8143: 3467,6141,8146,6059,6047,5937
8144: 7550,3614,1235,5921,3151,2339
8145: 5851,7534,4475,5470,8187,6086,12358
8146: 1133,3467,2225,8143,1613,6141
8147: 4440,3154,2026,1507,10355,7557
8148: 7561,3049,5744,2770,2760,262
8149: 4480,3478,9960,7551,4782,9983
8150: 5889,3650,4566,8023,7896,6814
8151: 4644,10382,5200,1948,5301,9970
8152: 2106,7907,2159,5485,6997,5217
8153: 6177,2795,626,5772,1644,446
8154: 4958,2309,7566,5876,7910,4094
8155: 2711,9978,3949,174,1473,1306
8156: 7930,3178,4661,5445,5926,1613
8157: 527,2263,5770,1030,729,7802
8158: 5496,5018,7576,3978,2641,8103
8159: 10510,5076,12329,9367,5610,2101
8160: 9974,4311,4436,421,3921,2152
8161: 10123,2450,80,5856,5664,7861
8162: 2358,277,4451,9992,3271,4210,1422
8163: 6096,2703,1574,6083,9990,106,1376
8164: 7591,855,5961,4146,828,5171
8165: 7581,5443,2245,4028,3196,5470
8166: 10015,4414,206,1889,1041,4107
8167: 4925,4748,4939,10072,2585,4801
8168: 5331,3672,10088,2487,3255,3412
8169: 213,5767,2279,2889,599,2797
8170: 2409,2165,7604,5979,6057,3951
8171: 2719,1707,421,1540,7615,3081
8172: 2319,1068,7957,12267,4581,4904
8173: 2074,7629,3669,4268,10409,12361
8174: 1757,2904,2982,2947,2870,2840
8175: 2064,10063,5034,5344,494,5211
8176: 4355,1752,2547,2500,4429,3833,4336
8177: 6426,9808,8071,3438,12305,10082
8178: 2296,2397,2610,2667,2084,10106
8179: 2463,4064,5736,10098,2402,4284
8180: 7646,3305,6024,3946,5448,2161
8181: 6030,10083,6048,3544,3817,9913
8182: 3560,5905,6011,6095,6107,4036
8183: 4320,2477,228,7647,2281
8184: 3979,4261,5994,3426,3418,2496
8185: 4783,4936,2184,10250,4471,1125
8186: 5708,656,10165,2328,7671,4029
8187: 5470,8145,7544,7581,10185,6086
8188: 5097,5591,6229,4593,9788,2330
8189: 2371,4235,6045,1807,2575,7678
8190: 5705,1638,5749,6207,5723,4303
8191: 7674,3936,4357,2156,4208,5729
8192: 6017,3987,5511,9824,2153,5997
8193: 617,73,1525,1251,1308,7719
8194: 306,3426,7633,2433,3418,7593,12546
8195: 3077,4900,10258,10174,4853,5861
8196: 7746,4634,4997,2627,5565,3816
8197: 10171,1076,3023,1321,2357,1089
8198: 7667,896,3215,4758,6115,5925
8199: 2175,4271,7705,4249,2024,982
8200: 8232,4023,6028,5221,2685,3814
8201: 3660,3206,5094,10423,6204,10359
8202: 2028,7703,2376,7780,266,3370
8203: 2105,3406,10206,7629,5809,6192
8204: 6120,2095,1145,3294,6016,12405,10226
8205: 2046,2895,1136,5846,84,4108
8206: 584,4200,1812,6101,1841,7715
8207: 6165,677,4752,7788,8013,10370
8208: 4418,827,591,344,655,4461
8209: 1461,1665,3850,2422,6230,7733
8210: 10222,899,3067,12411,4396,5765
8211: 966,4170,4177,447,4228,894
8212: 3032,400,1414,4398,1549,902
8213: 811,1141,1308,7719,531,284
8214: 5078,8218,7746,3804,4997,3692
8215: 1823,317,7731,1380,882,718
8216: 5480,7532,12473,5878,10276,5096
8217: 10016,4000,5633,7854,3302,5032
8218: 5205,5078,3804,8214,1359,10346
8219: 7563,5426,168,3261,5914,5444
8220: 4922,5631,7596,2670,10269,12518
8221: 950,1315,3045,1492,1155,4410
8222: 5373,2215,5298,5081,7786,3859
8223: 7710,116,6172,10291,6219,3050
8224: 5286,4700,3852,10295,3279,7700
8225: 5853,9800,7553,1744,5074,2304
8226: 6202,5284,7804,2702,5294,3856
8227: 3325,2433,10414,2404,6042,10322
8228: 3513,7788,3348,10316,5658,3488
8229: 5558,5825,1547,5697,10337,3089
8230: 5934,7985,7998,3466,6122,5660
8231: 3937,10340,6149,6228,4008,7708
8232: 4023,6028,5927,10374,2635,8200
8233: 10390,7973,7827,3819,5576,5460
8234: 3967,5481,751,6098,10039,9936
8235: 4561,3449,3712,7669,3097,2110
8236: 4613,12304,7448,12264,8107,2343
8237: 7824,5864,10374,3276,4646,5884
8238: 7178,10091,9458,10213,6577,7128
8239: 11682,4697,8624,2072,6960,6583
8240: 4868,8499,8561,6534,10595,12269
8241: 8632,7376,11964,6596,7358,10713
8242: 9713,11309,6341,8296,6596,10556
8243: 4021,10030,11838,7238,2090,7243
8244: 9857,5390,7250,9272,3668,7958
8245: 6679,4973,4711,2093,8720,9296
8246: 12068,6258,8278,7507,9710,10615
8247: 4049,10214,4534,8435,9560,6641
8248: 6618,9234,2098,9725,9571,7045
8249: 10531,6264,10617,12012,7427,43
8250: 10907,6688,2107,8730,9998,4978
8251: 3954,53,10514,9183,6866,6275
8252: 9487,9556,5636,11948,9334,11759,9431
8253: 9520,10620,11252,11832,6788,10948
8254: 10621,3119,10856,5642
8255: 12296,9267,1562,6233,12240
8256: 4675,8261,8627,9875,6234,10899
8257: 6244,12240,11077,4882,8519,12481
8258: 3221,2139,6661,11888,9402
8259: 12282,9200,9617,12228,6237,4473
8260: 9011,11431,8904,11024,10623,5193
8261: 8256,4675,12536,8709,9875,6238,977
8262: 11487,10864,10643,10624
8263: 10641,10867,11164,8280,10625,4886
8264: 10542,10626,9303,10664,10930,11907
8265: 5441,9426,3940,9390,6244,9722
8266: 9576,10628,11032,97,6409,10573
8267: 10135,6245,7074,364,12306,11161
8268: 8819,43,11169,10871,7427,10629
8269: 7377,12427,5609,7301,11264,12288
8270: 6247,10874,10632
8271: 9902,7932,7505,10369,3281,6250
8272: 10633,6251,10638,11174
8273: 11871,6252,11491,1345,10634,11008
8274: 3484,10636,10882
8275: 8690,9150,12280,12474,6433,3527
8276: 10637,10640,10884,8577
8277: 6387,6257,8761,3485,9062,1604
8278: 8246,12068,6258,10961,10566,10639
8279: 5239,6617,9176,8622,8658,7232
8280: 11164,5494,9435,11350,10641,8263
8281: 121,6432,5326,7041,9281,7172
8282: 6262,9558,9001,9667,42,4502
8283: 4697,525,8624,6263,5353,8492
8284: 10642,9668,11366,4503,8437,12189
8285: 3147,11194,10643,10894
8286: 4691,5595,9515,10644,12237,10927
8287: 10940,9021,2398,10646,10732,7405
8288: 7636,6270,2384,10073,10080,425
8289: 2158,6330,10377,7284,133,9744
8290: 6774,8840,8658,10900,1351,6617
8291: 7258,6272,9284,4858,10034,2017
8292: 6273,3699,10196,4703,6311,6870
8293: 6846,6277,10207,10505,6585,4057,3156
8294: 6278,10646,11505,10647,8630,10905
8295: 10648,10773,8633,10909,10944
8296: 8242,6341,9052,8343,6596,8964
8297: 6707,7035,1599,2198,8616,10919
8298: 10312,4973,12315,12327,10402,6286
8299: 10495,6726,5560,7353,5416,8756
8300: 8740,10649,10774,9578,8457,7277
8301: 12523,9639,9580,9381,5430,6289
8302: 7431,12015,12512,11846,9261,1989
8303: 8763,6722,7334,10591,2208,5541
8304: 6666,3213,9084,10675,10979,10651
8305: 4719,3388,12275,9181,11486,2690
8306: 7355,10652,8863,3674,11773,10597
8307: 173,9724,6648,10035,5316,5446
8308: 11978,7120,9363,10093,6298,10654
8309: 8585,2654,2219,3789,9531,4010,12565
8310: 6634,10655,4723,9481,10928
8311: 12172,10656,11970,9633
8312: 7324,6805,10932,12156,11928,10657
8313: 12575,8811,9917,11326,6303,303,2251
8314: 6305,8326,10628,11032,10659,10717
8315: 8547,2595,10660,7088,6645,11564
8316: 10683,4578,8345,12046,9692,12265
8317: 10661,10847,11459,12214,11237
8318: 6697,10662,11283,6312,11072,7164
8319: 10194,4732,10050,8667,12350
8320: 7081,11678,4552,10664,11907,9682
8321: 4645,12371,7374,6958,10360,208,9638
8322: 6506,9488,10665,8425,10602,10949
8323: 11312,9593,11897,11530,10666,10986
8324: 9599,12388,10667,6410,8392,12589
8325: 10668,10954,12522,6321,10581,9396
8326: 6305,12241,6322,8314,10628,12133
8327: 9103,11314,10670,8937,11310,10957
8328: 11633,11150,8548,10671
8329: 3317,12439,10886,9000,12180,11991
8330: 6325,10989,7471,3221,8915,6735,4577
8331: 4816,7302,6852,12251,10672,2257
8332: 3200,8877,11246,10673,11709,10575
8333: 9016,1687,11440,12364,8556,9179
8334: 9389,3202,9427,2594,8889,6642
8335: 9180,10967,7012,8663,8787,6740
8336: 6335,10931,8918,4743,10990
8337: 8526,6336,9687,10546,10677,10821
8338: 8453,2271,10678,10942,3553,4044
8339: 10926,8651,10994,12253,6337,10978,2283
8340: 7309,3208,4956,6660,9483,6338
8341: 8671,4002,6339,10680,10995,4747
8342: 12057,7171,10681,3827,12150,11610
8343: 6341,8296,9052,7192,6917,10136
8344: 8771,6343,10682,9321,10675,6522
8345: 10683,4539,12295,4722,4578,8316
8346: 9447,9566,3878,7085,12276,12524
8347: 10684,11421,9690,12205
8348: 10685,10638,11373,11406,11228
8349: 9647,8573,9124,10850,6348,9518
8350: 4054,6790,11381,7488,8544,4608
8351: 8711,10686,8518,8944,8890,6351
8352: 5518,10852,6352,10687,11370,10809
8353: 10688,11818,6355,3899,11092
8354: 8883,11735,8919,9166,1943,3195
8355: 5292,3855,11059,273,10690,11656
8356: 6313,3229,5540,6358,8880,4954
8357: 12014,11767,10521,10691,5268,9400
8358: 3234,10692,10689,8605,7391,11985
8359: 9142,12440,6470,8471,7469,11942,12551
8360: 10648,8633,11508,10694
8361: 5248,10350,4760,3518,9726,9640
8362: 10352,12323,6724,3239,6876,10159
8363: 9526,11956,7239,10696,9339,11001
8364: 10698,11003,7236,9146,11666,12112
8365: 9589,2322,7476,4585,11420,11107,8523
8366: 11408,7360,9630,11005,10599,12290
8367: 6375,9680,4765,8985,4797,8712,6864
8368: 9658,4866,11374,5258,8551,10700,11009
8369: 11901,10701,5064,10534,8603,10895
8370: 11054,4768,6381,10702,11010,8724
8371: 11498,3727,10704,6979,8689,10570
8372: 7360,1780,6383,5059,8888,11388
8373: 11444,4603,8540,10706,11706,7486
8374: 8954,7256,11332,10705,10708,3771
8375: 6387,12312,9373,12231,6257,6821
8376: 10961,12242,10639,6388,8587,9671
8377: 3498,6627,8669,10239,8707,6389
8378: 7072,10769,3386,10763,10710
8379: 1719,12356,5598,10012,6391,5048
8380: 11994,10711,2346
8381: 10766,9030,11466,4745,8451,11546
8382: 12584,3821,2687,11021,12465,9828
8383: 8690,6698,6396,4775,11285,12474
8384: 6357,8567,8919,5534,9467,3226
8385: 4631,10847,8566,11447,10714,10952
8386: 7446,8469,12196,5608,9126,10715
8387: 5203,4781,3529,6673,7426,6402
8388: 6405,4882,10861,11157,10716,11077
8389: 4467,6652,1118,12586,6406,7133,7293
8390: 7350,9532,9523,10018,8701,9623,6407
8391: 5412,9010,10659,10717,4818
8392: 6410,12379,4617,8806,8324,6753,10667
8393: 9712,346,12070,7504,6375,4765
8394: 10131,2535,3167,9918,11811,7021
8395: 6855,6406,8971,7398,1118,9651
8396: 11474,6877,11718,11705,11984,10720
8397: 6309,8496,4792,6415,5173,10108,102
8398: 11359,11652,10721,4934,11210,6775
8399: 10095,10112,9648,7395,12322,5640
8400: 6963,2479,9154,6418,12547
8401: 2381,5473,7852,4020,8054,3933
8402: 6577,9485,6419,9380,12345,10053
8403: 10723,11881,4476,7181,12182
8404: 364,12306,6476,5300,10724,12238
8405: 7321,11041,11925,8802,10725
8406: 10869,8786,11700,3896,10726,9190
8407: 10728,8953,11330,11441,368,8693
8408: 8601,4670,10184,7525,4482,6591
8409: 10580,11437,9377,10600,10729,5427
8410: 11199,9086,10730,10901
8411: 11036,10731,6318,6425,7303,4736
8412: 9021,10732,11489,6893,11453,9022
8413: 4484,4769,10388,5459,7779,7723
8414: 3480,6601,4739,10519,6426,3438
8415: 12003,11345,10972,10734,7166,4487
8416: 1959,11815,10735
8417: 10577,7244,10736,9034,11500,11126
8418: 8646,12005,10737,11347,11529,7418
8419: 8527,5648,3316,6510,12569,2609
8420: 5091,11822,9028,11409,219,10738
8421: 8809,11793,1162,4508,6999,10739
8422: 6812,8860,7399,9652,9445,6432
8423: 6658,8600,9662,7420,11257,12271
8424: 6434,11795,5062,3319,10733,10740
8425: 10741,11583,10731,10602,10949,8322
8426: 8729,6761,4496,9513,10743,5594
8427: 7218,9622,10745,9525,11823,11146
8428: 11241,4497,10746,8666,9710,10528
8429: 12377,7396,11631,10747,12074,9129
8430: 4980,4810,6439,9884,9882,8775
8431: 4498,6822,5293,9665,6478,9382
8432: 5207,3510,11686,8685,11014,10748
8433: 7424,11740,10749,8937,4500,11360
8434: 10744,10750,10966,6942,11957,9340
8435: 4534,8696,42,4502,9560,8247
8436: 2294,4556,6798,10274,3331,6444
8437: 8284,11366,4503,6246,10752,10929
8438: 8967,6445,8729,4496,3554,12300
8439: 3501,4788,11604,10753,10968,11575
8440: 7492,6447,7480,10836,12058,4617
8441: 10837,7078,9278,2008,10755,4840
8442: 3627,4507,7761,5607,7793,5564,12576
8443: 3873,4820,11070,8733,9144,9151
8444: 8809,11793,9261,10756,9228,11846
8445: 4901,8823,7113,8562,9054,10757
8446: 1313,2459,11469,10758,6942,10966
8447: 10854,10760,10884,6256,10554,11840
8448: 1066,8750,4513,9147,10762,7432
8449: 321,12208,6452,3386,10763,11118
8450: 9449,5514,10765,3657,11426,10583
8451: 8668,11546,9302,10993,10766,8381
8452: 6308,10768,11079,8799,5013,6456
8453: 4520,12281,2271,8338,12254,3553
8454: 9475,6459,12083,11244,10770
8455: 7438,8538,12193,9674,10771,10828
8456: 5197,9138,10616,10772,11653,12177
8457: 9578,10912,8300,10774,9684,6706
8458: 9699,10799,6494,4525,10775,11066
8459: 4926,3508,9109,12558,6963,2479
8460: 3357,6461,10751,11085,10776,11781
8461: 8532,4849,126,9987,10062,6282
8462: 3873,10538,480,9271,9442,9294
8463: 5230,12202,9166,6462,12257,4750
8464: 9180,7012,4530,12050,5218,11382
8465: 8579,9997,7452,9680,7100,12260
8466: 11458,10778,6467
8467: 5442,9847,4535,5025,7445,9845
8468: 7218,9622,6437,12226,11820,9319,10779
8469: 8386,7446,10780,11386,11886,9126
8470: 4826,3564,10855,12382,11603,6469
8471: 7504,9709,6470,6883,12440,8359,12457
8472: 6945,7288,9464,9224,5326,9281,2499
8473: 2518,12268,8486,10782,11404,6472
8474: 10783,11096,8751,11615,11716,11091
8475: 12464,4961,5167,9430,9105,5490
8476: 9401,8733,3821,12465,4820,6988,12352
8477: 9064,6475,11763,11627,11587,9210
8478: 4564,6508,8752,3914,6712,12333
8479: 8874,10785,11784,9223,10860,4947
8480: 10728,4778,8693,10786,7064,2628
8481: 3376,9666,12010,11360,10787,11105
8482: 5622,8876,2289,11398,4809,10607,9540
8483: 11682,4914,4697,525,10690,10788
8484: 8591,11211,11691,6561,10789
8485: 12053,10790,11678,11584,11400,5199
8486: 12268,11833,9050,8473,11404,5107
8487: 11428,4981,4585,8917,3380,10792
8488: 9683,10793,10953,11402,4553,11919
8489: 4675,977,8490,11110,9360,6881
8490: 7009,2520,5116,11110,4675,8489
8491: 4555,10794,12032
8492: 6486,9040,9304,8624,8283,5353
8493: 4557,6462,8731,10111,9685,12588
8494: 11688,10795,12539,11212,4854,11626
8495: 11480,11113,10797,9706,12192,12213
8496: 4560,8397,9182,6415,5173,10108
8497: 7060,12258,8539,6517,10798,10829
8498: 12054,11442,7485,11181,10799,4602
8499: 4868,11743,2538,12272,8240,12269
8500: 8790,4874,9253,11120,10800,11170
8501: 10801,12040,9225,7464
8502: 6639,9204,10802,11236,561,6882
8503: 10803,4746,2544,11014,3510,10830
8504: 12204,6800,11390,10914,12042,11416
8505: 11123,3956,4707,6629,10170,10096,1980
8506: 5322,4572,6303,9277,303,6527,6436
8507: 2545,11538,1545,9216,11183,10805
8508: 5506,5450,6321,10806,11917,11016
8509: 11777,11255,11788,9220,9421,10807
8510: 12193,9674,6498,7155,12497,7442
8511: 4640,9112,7092,9320,6499,12237,12582
8512: 9276,4577,5040,11370,11867,10809
8513: 7472,6532,3416,10460,12022,6782,10683,12046
8514: 12023,9051,10810,6502,6281,2406
8515: 11960,8929,11939,12116,10813
8516: 11467,2398,11648,9022,10814,7056
8517: 11597,9091,11475,10815,4906,11675
8518: 6504,8351,10686,8890,6667,3393
8519: 7198,12477,4882,12481,8257,10349
8520: 6290,12015,12512,11130,10818,8807,11155
8521: 4919,861,6605,9259,7475,4584
8522: 602,8677,4985,6418,12547,7281
8523: 6483,11107,4585,8365,10792
8524: 7318,9605,11132,12153
8525: 1016,2569,10820,11553,11826,6531
8526: 6336,8337,10821,10971,8752
8527: 6429,12513,4742,8419,6510,12569,6740
8528: 12533,5308,6511,3399,3461,4654
8529: 9696,4733,8657,2348,4592,12318
8530: 6512,12500,5386,9343,9942,10023
8531: 4770,8686,9537,3285,12410,7383
8532: 4584,8461,4527,4849,126,2579
8533: 9565,7439,9564,4595,12130,10823
8534: 11035,10825
8535: 10826,11262,11856,8634,9266,10946
8536: 9286,11240,10827,3680,11143
8537: 6677,1213,7979,5583,9784,628
8538: 2476,6554,8455,10771,10828,11528
8539: 9691,8497,10798,10829,12206,3673
8540: 8373,11444,6718,12243,12209,7486
8541: 2590,9337,1106,9162,9882,8775
8542: 2591,4822,9369,8865,4937,9509
8543: 5612,5285,8907,9530,6520,11148
8544: 7488,8619,2466,4608,9927,8350
8545: 2594,6741,10044,9971,3584,8789
8546: 9559,9654,6521,10115,12038,9687,12284
8547: 9226,7080,8315,2595,10660,10832
8548: 8328,11150,10833,10671,10865,11719
8549: 6978,4611,5196,9702,9136,9407
8550: 9321,10834,2601,3213,11931,7094
8551: 6570,11635,10700,10835,8368,4866
8552: 5209,3193,4614,6565,3751,10997
8553: 8734,3554,7249,9167,9539,6702
8554: 11605,9704,9171,4828,3164,12058
8555: 10837,2008,11156,11196,11680,11272
8556: 6328,9179,1687,8333,11158,6533
8557: 4622,4976,6849,2347,11289,12537
8558: 2618,4975,10838,11954,11051,7283
8559: 10839,674,4032,11165
8560: 6928,9350,11545,9066,10840,7108
8561: 8240,6534,12269,10095,7395,9617
8562: 10757,10842,12256,11884,7113,8445
8563: 10727,11163,6536,3310,11127
8564: 11457,11935,10844,5258,4483,4630
8565: 4870,9903,3581,6538,10181,7505
8566: 10847,12214,8385,7497,2354,11447
8567: 8384,6399,6357,12548,1379,9467
8568: 4632,11982,9823,7498,9696,4592
8569: 2591,9728,9356,6539,5403,9369,11166
8570: 11590,11983,7123,10848,11119
8571: 7111,11737,11080,3613,9195,10849
8572: 6819,2632,9384,10227,7132,7077
8573: 7394,9647,12505,6545,8349,10850
8574: 6776,9708,7500,11361,11876,9283,812
8575: 6771,6547,9452,5518,10852,12064
8576: 10803,9208,11760,2544,10853
8577: 10637,8276,10884,6550,11619,10854
8578: 10481,708,10699,6336,11075,10546
8579: 4549,8465,9997,12443,7452,4648,12260
8580: 9526,10696,12114,10706,10785,10860
8581: 2029,3575,4569,7044,6552,8843
8582: 9862,2372,4650,3212,12338,12342
8583: 7105,9338,2652,5029,10862
8584: 3428,7047,9705,7494,11528,2476
8585: 9211,2654,2219,8309,10866,9301
8586: 11655,9139,7332,11647,4877
8587: 6388,4655,7428,9163,9671,8376
8588: 12066,11034,8714,11151,10870,6683
8589: 10977,9243,10873,12121,9189,11819
8590: 4660,10876,12216,9078,7509,11284
8591: 12077,8484,10789,10879
8592: 10877,3594,1225,11595,3710,6996
8593: 8770,10101,742,6729,12232,6878
8594: 9507,4664,11893,9713,7511,11999,9385
8595: 6565,7237,9522,3435,5379,11193,11543
8596: 8706,9645,10885,12340,9119,6566
8597: 12072,11506,9715,10887,10963,6914
8598: 9497,7451,6567,10889,11323,9629
8599: 4035,7421,9539,9548,747,9663
8600: 8423,11257,12271,8882,4955,10892
8601: 7514,5195,8408,4670,7525,8044
8602: 11841,4941,6612,9260,8652,1203,6569
8603: 11278,10534,8369,8905,11785,10895
8604: 8962,6376,11197,10898,11344,11673
8605: 7391,10899,10692,8358,8627
8606: 10901,7153,9009,11479
8607: 7028,10019,6836,7189,3839,10903
8608: 5428,6572,10907,6688,10564
8609: 9134,11971,9353,10910,7418,12185
8610: 7208,6574,7499,6885,2392,3450
8611: 9616,7161,11167,10591,5541,12082
8612: 9951,10911,10590,6242,7333,8912
8613: 4983,3683,11296,11972,10913,6578
8614: 11186,10915,9201,4837,6580,10883
8615: 11403,11582,9466,10917,4686,5166
8616: 9465,9486,2198,8297,12075,10919
8617: 6582,10923,11208,2563
8618: 10562,6842,4689,9399,10925
8619: 7488,8544,9835,7423,2466,9665
8620: 4854,8762,6266,10644,10927,11626
8621: 6764,12449,2457,792,3309,10375
8622: 5239,6617,7013,4693,8279,6259,6966
8623: 11211,6586,10933
8624: 4697,8283,8239,2072,6486,8492
8625: 6848,8875,6789,6590,11219,10935
8626: 8768,9973,6593,8900,6517,12244
8627: 8256,4675,10692,6361,2520,8605
8628: 5327,3111,8797,812,9300,12378
8629: 8837,7061,10939,11214,10788,4914
8630: 9655,11505,11996,8294,10940,10646
8631: 8856,11201,11171,10678,6442,10942
8632: 12523,8241,7376,9580,8964,6596
8633: 9632,10944,11508,10648,8360,8295
8634: 11685,10946,11262,8535,11140,6514
8635: 12197,12026,11393,11832,7450,12138,10948
8636: 5392,9403,4711,9349,2093,10558
8637: 6853,4916,11447,8841,10952
8638: 10956,6903,6289,12148,9405,12430
8639: 9146,11659,5199,12328,11834,10960
8640: 12068,10961,4715,9671,11514
8641: 4918,11207,11227,10887,10963,4668
8642: 9557,6797,835,9555,10964,11332
8643: 4689,10965,11986,6254,6604,11496
8644: 6606,3485,9320,8885,8761
8645: 11799,9481,7200,4723,11519,8703
8646: 11776,12005,8418,10737,10970,11232
8647: 10972,6755,8811,11326,11766,11251
8648: 6609,4557,1505,12453,12233,12229
8649: 8871,4944,6645,10660,11676,10975
8650: 5389,6559,11858,10557,10977,11726
8651: 11593,6646,8339,10994,11523,10978
8652: 1203,7031,11417,10904,8602,6612
8653: 6858,10110,5101,6613,7145,12273
8654: 8939,10981,11746,11745,12009,9395
8655: 4702,2372,7323,9608,6614,7188
8656: 5196,9136,11654,12544,6811,861,9259
8657: 6447,314,8529,9517,4733,2348
8658: 8290,8840,8849,7232,6617,8279
8659: 9596,6644,11006,11904,11535,10984
8660: 11694,8865,8829,9509,12109,10985
8661: 4571,10987,9187,3578,8891,11260
8662: 6752,3595,10058,8916,8864,6622
8663: 10967,3319,8335,10733,6740,9008,4742
8664: 4726,7004,6643,883,7157,11677
8665: 3211,10676,10674,10990
8666: 11241,10991,6754,3497,8428,10746
8667: 5618,886,5046,10050,12350,8319
8668: 8451,11277,6687,9302,10993,11045
8669: 4863,10239,8377,8769,3258,6389
8670: 11249,10926,11548,10994,8935,4999
8671: 8341,10995,4747,11011,9448,11771
8672: 10996,8810,7197,11265,11159,12118
8673: 6572,8681,10907,2107,6632,4797
8674: 9717,7270,10219,10026,10998
8675: 10999,9122,10770,11081,9120,5188
8676: 8798,11147,11713,10988,11002,6351
8677: 8522,9730,4985,6418,6635,11808
8678: 8991,3503,6870,7027,14,6637
8679: 6399,6357,11567,3195,11004,908
8680: 6236,6896,11245,6872,10003
8681: 7510,8673,6572,4797,12070,4765
8682: 11921,11248,11638,9133,6644,11006,9316
8683: 6306,4726,7004,10975,8871,9169
8684: 9462,6803,12098,12074,10550,11010
8685: 9135,11643,6548,11014,10748,8432
8686: 4770,8531,11015,11493,3285,618
8687: 11016,2129,11329,7468,10878,10806
8688: 6948,10059,9972,3371,10077,4766
8689: 5461,10570,9590,11017,8371,10704
8690: 12274,8383,6528,12280,8275,4775,12474
8691: 9872,4050,9879,9043,5142,6653
8692: 11668,944,10791,6449,12245,6987
8693: 10728,8407,368,11018,4778,8480
8694: 11692,6654,10906,11371,11254,11019
8695: 11020,3514,11750,6655,10988,8711
8696: 4534,9762,4781,8435,10244,4502
8697: 9615,9705,6656,7333,10590,5540,6358
8698: 11125,3963,6657,11023
8699: 11782,4784,11571,11557,9222,11026
8700: 6658,3517,5014,7707,10126,5522
8701: 8987,10018,12355,8390,6407,6865
8702: 7416,5627,6660,9659,1645,2154
8703: 10968,10543,11029,11799,8645,11519
8704: 10584,7187,11733,9588,6661,8915
8705: 8748,4789,3992,6411,6398,9058
8706: 9645,8596,12340,11047,4972,7390
8707: 4790,1787,6389,5112,8377,6627
8708: 12140,11891,11995,11031,9346,11965
8709: 9868,8261,6238,977,9360,12326
8710: 11033,11261,10552,11551,1649,10240
8711: 8351,8944,8695,6655,10988,6351
8712: 6632,4797,5108,6864,6420,8367
8713: 5571,6670,4960,10325,12549,6396
8714: 8588,11034,11151,11581,7245,12120
8715: 3208,6435,9956,3932,1645,6671
8716: 4800,8887,10741,11036,11258,10673
8717: 9391,7135,997,11040,11741
8718: 6687,11060,11045,12085,9064,11507
8719: 1662,11047,8902,6302,10932,11401
8720: 6611,11234,9386,2093,8245,2033,9296
8721: 6680,11050,11088
8722: 9583,11051,11327,11439,12136,7283
8723: 3132,12102,8866,11369,9474,10823,9697
8724: 11054,4768,10817,9471,11562,8370
8725: 7118,11725,12552,11961,1327,12566
8726: 6794,11274,9592,11056,8994,11385
8727: 7107,11058,9340,11063,4814,6779
8728: 11060,10993,11045,4803,10846,8755
8729: 8426,4496,10743,11177,12300,8438
8730: 9357,9998,11975,8250,6688
8731: 8493,7460,9685,12588,4818,9227
8732: 9482,12089,5554,11064,9125,11263
8733: 9401,8476,4820,8443,6988,9151
8734: 8553,7249,12274,12280,6702,8743
8735: 11827,1508,6825,11069,8925,11053
8736: 9162,6693,6695,12467,6633,3552
8737: 12086,6312,11072,9036,11293,10764
8738: 11328,11158,8952,11074,1687,11145
8739: 6698,11285,6270,9608,5525,2187
8740: 11605,8300,6460,11078,10649,10774
8741: 9164,11693,12104,5584,6700,12254
8742: 11969,3897,9352,11737,11080,11717
8743: 6702,2621,8734,12280,4821,3527
8744: 10645,11082
8745: 4837,9394,10567,11882,11084,11186
8746: 11078,3558,10774,11086,9684,11623
8747: 6362,12440,11422,12457,12419,4838
8748: 6707,8705,9519,4789,3992,12249
8749: 3799,12225,4839,7177,4955,10532
8750: 1066,6931,8448,6989,12458,4513,12337
8751: 11096,8474,6725,6474,11091,11108
8752: 8478,6508,3914,6712,8526,10821,10971
8753: 11094,11178,11753,10524,11168
8754: 6713,3564,1989,10818,12382,12512
8755: 11095,11524,10846,8728,11546,10993
8756: 6715,9613,2201,9315,10495,7353,8299
8757: 11097,6716,8926
8758: 4913,8833,11100,6717,12252,12255
8759: 6503,11121,11842,8777,12556,12479,8764
8760: 6940,11537,9313,11531,10845,11402
8761: 9719,8277,6257,3485,8644,8885,6720
8762: 8620,4854,6499,10927,12539,9708
8763: 6339,11106,10680,6722,7334,8303
8764: 9347,4856,5411,8759,7109,8777,12556
8765: 11305,11281,9365,10863,11108,11728
8766: 7424,11578,12010,12188,11111,8980
8767: 11112,8891,7094,11695,11390,10914
8768: 12252,6593,12255,11553,8626,12244
8769: 3258,6496,6519,8669,6389,10284
8770: 5458,7258,8593,7168,10101,6729,12263
8771: 11114,6343,8344,4864,10682
8772: 7327,10608,3079,11116,11412
8773: 11117,10787,11105,9155,11679,12101
8774: 11635,7076,11463,10835,9294,10791,6449
8775: 9162,9882,8541,1106,6439,8430
8776: 1360,10981,11119,11746,10666,10848
8777: 7109,10612,8759,11842,8764
8778: 2219,3789,5368,9322,9370,6734
8779: 10064,4867,9573,6730,12508,10348
8780: 7440,3582,6325,6735,2139,12194,9676
8781: 9418,3842,11048,11124,6237,10613
8782: 12357,8970,12410,7407,11997,9642
8783: 9954,10232,2608,12445,6957,4963
8784: 11127,9475,4869,9618,11163
8785: 9513,5594,5555,9484,9663,7421
8786: 3583,7205,8406,10869,11392,9190
8787: 9180,8335,6740,5008,6831,8947,12513
8788: 6235,7159,11759,1562,6233,10716
8789: 6331,9427,10299,3584,2594,8545
8790: 8500,9170,11135,4874,11642,11120
8791: 11318,11325,11136,8950,10983,11946
8792: 10003,2380,9968,9751,11139
8793: 10765,10934,11335,3657,12049
8794: 10816,11144,12025,3835
8795: 11732,5533,10588,12550,9214,11320,6744
8796: 12227,10299,12235,2334,8936,3584
8797: 8628,3111,9300,9623,6407,3694
8798: 11147,4877,8676,10988,9139,3514
8799: 5013,11322,11149,12063,10768,8452
8800: 9550,407,9661,11863,12560,11669,1144
8801: 12127,8836,3115,11201,11171,12166,11864
8802: 4878,10725,11151,11649,8405
8803: 7510,6572,10564,9379,8818,6750
8804: 11152,3119,10627,11357,12187
8805: 2517,6996,10973,9007,7038,11153
8806: 9644,7480,11154,6753,8392,4617
8807: 11206,6505,11130,8520,6754,11155
8808: 3125,10861,11243,11571,11157,10630
8809: 11793,6999,8444,8421,10739,10756
8810: 8672,9269,1995,11265,10545,11159,11220
8811: 8647,8313,11326,6303,9277,4725,11251
8812: 11164,6850,11350,11452,8965
8813: 3128,10216,6756,677,5356,3513
8814: 6817,7146,9403,9349,8907,6520
8815: 6567,7215,12170,11885,7165,9495
8816: 9941,9892,11167,6785,3132,12082
8817: 9415,8966,12028,11168,11753,10862
8818: 12561,6750,11664,9379,8803,7366,9511
8819: 8268,43,11655,9139,12534,3133,11169
8820: 11570,9681,11511,2494,11172,12029
8821: 6251,10878,11174,2129,12111,3135
8822: 12309,10743,9635,11177,12251,10022
8823: 4901,10875,11179,7113,11720,8445
8824: 11182,10693,10640,10596,6256
8825: 8877,11246,11184,8968
8826: 4902,11186,10915,11882
8827: 11189,11378,10890,5045,11343,6763
8828: 11208,11191,11534
8829: 11694,8851,8660,11248,10985,11192
8830: 3147,10645,11194,8921,10913,11296
8831: 10081,10187,6768,5601,2265,1162
8832: 11451,7255,3357,11489,6269,3149
8833: 4913,11196,8758,11680,2569,12255
8834: 11800,11198,3577,7121,10863,11728
8835: 10904,11200,11294,2049,12035,9307
8836: 12127,8801,11171,10964,12542
8837: 8629,10939,11202,4914,11977,11594
8838: 3612,6626,6773,4672,5162,12396
8839: 11222,11233,11203,8876,6598,11398
8840: 6774,8290,4924,8849,8658,10565
8841: 11358,11205,11688,8637,4916
8842: 6749,3152,7292,9589,2322,9728
8843: 6723,1217,9183,3575,8581,6552
8844: 4918,8981,11189,11207
8845: 3634,6800,9689,11209,11813,9240
8846: 11210,6775
8847: 4908,10179,9568,10505,12339,3156
8848: 7349,8997,12261,12286,6363,9766
8849: 8840,9531,4924,8658,9514,12565,7232
8850: 11432,2527,10795,9020,11212,11449
8851: 11694,8829,12558,12587,11248,9133
8852: 10877,9249,11830,11648,5593,11213
8853: 11961,9344,12564,12552,11712,11545
8854: 4896,10058,4928,12301,6622
8855: 3290,10718,11216,11875,7277,12123
8856: 11201,8631,12577,11063,6442
8857: 5469,6291,7021,3167,6849,10407
8858: 11238,6477,11331,6781,11101,11218
8859: 6630,7059,3299,3126,11220
8860: 11221,6812,8422,9124,7399,10850
8861: 10092,5330,2062,9458,3552,6695
8862: 6784,12095,11371,5567,9493,11223
8863: 9279,11225,10947,3674,11773,8306
8864: 12348,9038,1249,8916,6622,8662
8865: 11694,4926,4937,8660,9509,8542
8866: 12102,8723,9565,10823,7482
8867: 11033,2286,6786,11944,11261,11228
8868: 11504,9060,5120,11841,11702,11230
8869: 11375,10908,10609,5194,3623,11231
8870: 11685,9266,7075,11233,10946,1260
8871: 8649,4944,11699,9169,10975,8683
8872: 7288,11235,10568,9224,12011
8873: 6308,9585,9707,10658,10938,11237
8874: 11238,6477,3619,10785,11784,8479
8875: 9286,6848,11240,8625,5052,10935
8876: 8482,2289,6598,6790,11398,8839
8877: 8825,11246,8332,11709,4952,8968
8878: 9068,6792,9500,11250
8879: 10571,3191,5462,11766,10663,11251
8880: 8356,6358,4954,9240,11209,1218,6656
8881: 9660,11385,11396,11253,10601,11850
8882: 10782,6472,12225,4955,8600,12271
8883: 8354,1943,908,12241,6322,3195
8884: 7309,2250,6753,10667,9544,4956
8885: 6606,8644,6865,6720,10955,8987,8761
8886: 10000,10042,5400,9524,6797,9555
8887: 4800,8716,10669,3200,10673
8888: 3799,9383,5059,11388,8996,8372
8889: 9686,6642,8334,3202,9113,9366
8890: 6737,8351,8518,8944,4963,6667
8891: 11112,8767,11260,11307,8661,11390
8892: 173,6525,4964,7285,9732,2001
8893: 5177,2669,7941,12408,4857,12390
8894: 6802,11395,11724,11263,8914,5554
8895: 7396,11266,10747,11989,11849,9262
8896: 11273,11786,11267,12203,2306,11419
8897: 11403,11491,6806,11411,9156,3805,12499
8898: 6731,11734,12132,11269,12101,9501,9575
8899: 6810,3381,12406,2102,10055,12372,12387
8900: 12258,6517,9973,8626,5309,9258
8901: 10668,12522,12553,11410,9445,121
8902: 11273,4972,11399,11047,8719,11401
8903: 10674,9446,11275,6340,8959,11339
8904: 3797,9378,11276,8260,11431,11024
8905: 9255,10752,11785,11278,8603,11415
8906: 10834,2601,11122,9602,11568,11280
8907: 5612,6520,8543,1170,7146,8814
8908: 1668,5016,9265,11131,11282,11299
8909: 11711,7107,9032,7509,6942,11284,11957
8910: 6681,11721,4975,10838,11286,11271
8911: 10679,7315,11824,5297,10530,11287
8912: 4683,12160,11289,7333,8612,10911
8913: 6819,9795,7132,875,2620,3807
8914: 10594,5554,11290,11724,8894
8915: 10989,3221,8330,10584,8704,6661,4577
8916: 7307,1249,8864,8662,3595,3414
8917: 3380,11293,10764,8487,4981,11727
8918: 10931,3654,8336,11849,4743,11295
8919: 11735,8354,9194,8384,6357,3195,3226
8920: 4810,6439,1327,12566,7237,9522,11976
8921: 10645,11082,8830,6705,11730,11296
8922: 9016,3265,6821,8956,9577,5075
8923: 5499,4954,11914,12351,12151,3229
8924: 6933,1333,7086,7457,10021,9748
8925: 6825,11069,8735,11299,11854,9265
8926: 8757,6716,11300,11141
8927: 9036,10689,9479,12086,11301,11985
8928: 9785,10440,5381,4529,6826,4046
8929: 11303,11960,6503,8515,7240,11128
8930: 11304,1403,10099,10634,6992,12234
8931: 7564,6366,12466,10327,7213,5452
8932: 12397,892,4719,12393,3388,10033
8933: 7354,3240,5382,11303,11308,9339
8934: 9597,7134,6259,3752,9048,1351
8935: 9192,4999,11311,11617,8670,11548
8936: 2334,11313,12239,9700,12235,8796
8937: 11314,8327,11310,4500,11740,8433
8938: 5082,11816,6833,11527,11316
8939: 8654,10981,11317,9077,9395,11855
8940: 9335,11319
8941: 7139,5002,9368
8942: 9995,7378,12343,3507,1363,10172
8943: 7655,2693,9097,6941,11434
8944: 6737,8711,8351,8890,5006,6655
8945: 11323,10481,9629,7359,3253,11966
8946: 9612,9305,3697,12336,10294,6837
8947: 7101,10256,6831,8787,12513,6510
8948: 10820,9657,7408,12247,11005,12290
8949: 7440,6325,7471,6490,6838,9691
8950: 3727,6979,10983,9132,11325,8791
8951: 11708,9338,11576,6841,11327
8952: 11328,11149,8738,7368,9108,11145
8953: 8407,11330,11441,11229,6842,10965
8954: 8374,9555,11332,5400,3771
8955: 12344,9393,6844,5104,12330,10154
8956: 6387,6821,3265,8922,1604
8957: 11569,9436,10941,11142,9095,11131,11727
8958: 6940,6777,11337,11445,9076,11531
8959: 8903,9446,11880,11339,9439,12052
8960: 6846,11448,4057,6430,10738,9028
8961: 11909,11405,11342,11292,11450,7458
8962: 8604,1409,11197,11344,11771,7173
8963: 1077,11967,3754,11000,11851,11348
8964: 7279,8632,9580,8296,9052,6596
8965: 11825,4886,10587,11352,11164,8812
8966: 9415,8817,11354,9079,5029,10862
8967: 6445,10842,8438,12266,12256,12300
8968: 6762,11184,11356,8877,8825,4952
8969: 6600,10714,11224,10952,7014,11358
8970: 3285,618,12357,6652,12410,1118,12586,8782
8971: 8395,6855,2033,6406,7133,3688
8972: 5035,9714,12468,7490,7158,4665
8973: 9275,5644,11495,11362,1431,9570
8974: 11829,11364,9149,10916,9037,1769
8975: 6410,11368,10650,12589,9534,11216
8976: 11349,10687,11198,11778,10526,5287
8977: 6858,10062,63,9039,5101,4872
8978: 10592,11372,12084,11879,11271,9477
8979: 11457,6860,12213,11935,9706,7496
8980: 11111,11137,11376,8766,11578,11630
8981: 8844,11189,11378,9282,10950
8982: 6862,12247,11465,11380,9630,6383,12290
8983: 6780,7008,9816,6334,9934,5046
8984: 11384,12126,11698,10722,10610,9549
8985: 6375,9709,9680,6466,7100,8367
8986: 6783,1719,9518,12277,12502,12307
8987: 4787,10955,8701,12355,8885,6865
8988: 7198,3927,1456,9476,12477,12131,7268
8989: 9085,6595,9362,11219,11387,10935
8990: 11389,11030,12088,11899,7200,11748
8991: 10158,8678,11903,3503,6311,6870
8992: 7103,11392,9190,10727,11729
8993: 11394,5056,4983,3683,10958,9289
8994: 7417,12142,11385,11396,9592,8726
8995: 11786,6877,11267,11718,10525,5279
8996: 3799,12225,5059,8888,11404,6472
8997: 9999,8848,6879,7349,3235,12286
8998: 4867,3326,9573,5648,3316,1991
8999: 5641,10967,3319,7012,6333,5062
9000: 9238,11822,11409,10886,8329,12439
9001: 8282,6262,6881,9667,12401,6485
9002: 11798,6806,11411,9148,11670,5064
9003: 12553,6495,11414,11256,10530,3318
9004: 7209,5463,7295,9491,12554,12024
9005: 9204,6612,10802,11749,10851,11417
9006: 11687,6346,12356,687,12502,12524
9007: 11926,8805,11651,10973,4838,4880
9008: 6429,4742,11993,8663,10733,11424
9009: 8606,6571,11479,6884
9010: 11429,8391,9364,7268,11980,4818
9011: 8260,11431,9538,11852,5070,10623
9012: 1413,3331,4754,3883,10177,10393
9013: 9459,12122,11089,11433,11860,6701
9014: 1508,10583,11053,10893,11435,9516
9015: 11097,11297,11674,11438,10742
9016: 3265,8922,11440,8333,12364,5075
9017: 11443,11483,11915,11747,5233
9018: 5080,11804,10506,9235,11811,6413
9019: 9595,11485,11516,11446,6892
9020: 11866,11449,7175,9088,11432,8850
9021: 10732,8412,8287,11451,11489,7405
9022: 11453,10814,10732,8412,8516
9023: 5085,5256,7028,10019,12432
9024: 11518,11455,11561,11609,11492,9070
9025: 10778,11744,7412,4483,11090,11340
9026: 3721,6896,11245,10980,11461,11230
9027: 11067,11462,5563,12093
9028: 5091,8420,6430,8960,12090,11448,10738
9029: 9251,6898,9653,7400,11495,11362
9030: 11825,10766,8381,10587,6454,11466
9031: 12210,10759,11468,10937,9106,9701
9032: 7509,8909,6942,11957,9333,11469
9033: 9383,11388,11470,6799,12067,10761
9034: 9678,12115,11500,11471,11126,8417
9035: 11947,7341,9297,10544,11473,10619
9036: 8927,10689,10764,11476,12086,8737
9037: 5099,11395,11477,10916,11829,8974
9038: 9899,12348,7070,1249,8864,10017
9039: 10110,5101,10028,8977,4872,6541,10504
9040: 6486,12406,7130,8492,6556,9304
9041: 11480,10767,11427,10797,3445,6571
9042: 4698,5105,3933,3227,7960,5536
9043: 8691,4050,9879,6913,9342,3747
9044: 3870,9439,10775,11066,11482,9287
9045: 7138,10349,1580,12481,6244,5441
9046: 11484,11481,11533,6914
9047: 12195,7442,11486,5243,11804,9181
9048: 3752,11857,6271,10900,1351,8934
9049: 11488,11088,10712,1584,324,11050
9050: 8486,11404,11465,5107,6383,5059
9051: 12023,8514,11490,6281,10909,11022
9052: 8296,8343,9512,6917,7279,8964
9053: 11512,7178,6693,9882,11494,10091
9054: 12526,6451,10757,11497,4901,8445
9055: 11499,9262,11515,11266,6919
9056: 7009,7429,9695,11107,12232,742,7476
9057: 6921,11758,9345,11501,9358,11573
9058: 12367,10207,11502,6411,8705,4789
9059: 3403,10777,11503,7456
9060: 11113,8868,11504,10767,5120,10797
9061: 9348,3619,11520,12359,5145,6924
9062: 3485,9112,8277,4691,12108,1604
9063: 6927,6553,9831,456,9851,5079
9064: 8477,11627,11507,11587,8718,11060
9065: 5122,3722,8083,6886,6370,3969
9066: 6928,9429,11967,9350,8560,11510
9067: 11857,5145,6271,11513,6924,6915
9068: 8878,11516,6792,12145,9500,12100
9069: 6236,6931,6989,12573,4677,9923
9070: 5127,9711,11796,9024,11518,11492
9071: 5082,11574,6980,11558,11521
9072: 3424,7498,6546,7894,7803,9811
9073: 10632,1070,10841,11095,6935
9074: 9091,5161,11868,7352,11526,11563
9075: 7047,11528,10488,7466,6554
9076: 11783,11874,11531,5045,8958,11337
9077: 10572,8939,11317,11855,11506,11533
9078: 11711,10815,11284,4660,11475,8590
9079: 8966,11354,5029,11954,2618
9080: 9351,7110,11696,9337,5379,1106,11543
9081: 3133,11169,6944,10629,12076,11582,9100
9082: 4980,9884,9344,5148,10840,11861
9083: 12380,9140,9562,3900,822,6945,9464
9084: 6666,10834,11551,8304,3213,11122
9085: 8989,9362,11012,11554,11387,11542
9086: 8410,11199,11556,10730,11090,11340
9087: 4498,6948,2466,9972,9675,9927
9088: 11816,11558,6932,7175,9020,11432
9089: 4542,6929,5157,3450,7319,11560
9090: 10016,6949,5633,5359,9553,4988
9091: 11597,8517,9074,5161,11675,11563
9092: 6302,12568,9461,6678,10657,11268
9093: 12259,9998,11975,11566,10005,10225
9094: 6939,11566,5178,7005,5162,6773
9095: 1668,4981,11131,11727,8957
9096: 6956,11547,3606,11725,11573,11758,11343
9097: 12433,9414,6941,7193,11434,8943
9098: 3468,9249,10933,11830,11577,12048
9099: 3774,11008,11579,12392,6252,11940
9100: 7099,12557,5166,11582,9081,6944
9101: 7356,10373,719,4670,10184,3472
9102: 4622,12537,3428,6959,4791,10476
9103: 11588,1681,11314,8327,10670
9104: 7345,5552,3474,11038,11592,11384
9105: 5490,9535,7382,12464,8475,6982
9106: 11468,3776,11594,9031,11552,10759
9107: 3403,10777,11723,11873
9108: 11599,11973,10604,11145,8952,7368
9109: 8459,4926,4937,7124,6963,9369,12223
9110: 10636,11932,6254,11600,6604,11044
9111: 9376,5517,6964,6908,12422,4478,9656
9112: 3485,9320,8511,9062,4691,12237
9113: 3782,4693,3202,6966,8889,9366
9114: 6967,11065,11557,11604,9572,10561
9115: 9121,11618,11559,3247,9496,11607
9116: 9176,7039,9514,7232,9370,6970
9117: 6743,11455,5011,11889,11634,11609
9118: 12008,7422,11742,11612,9664,10822
9119: 12563,8596,12340,12354,974,6566
9120: 11081,7195,8675,5188,1940,11616
9121: 6974,10697,11565,11618,9115,3247
9122: 8675,10999,10655,11620,5188,10824
9123: 3798,10450,8044,9735,7922,6976
9124: 8860,7399,10850,8349,6783,9518
9125: 11622,11064,7384,8732,12089
9126: 11886,11306,11624,10715,8386,8469
9127: 10158,3503,10951,9237,11990,11628
9128: 6971,5192,10508,9911,10049,4966
9129: 5362,11974,11722,9355,8429,12377
9130: 861,7475,10121,6978,5447,9136
9131: 6972,11634,2140
9132: 11754,11325,11636,11572,8950,6979
9133: 11699,11248,8682,11638,8851,12587
9134: 11640,4678,9353,8609,11347,7418
9135: 11175,11643,8685,6548
9136: 8656,6978,5196,8549,861,9130
9137: 6981,11740,10749,5000,11650
9138: 12188,8456,11653,11111,12177,3295
9139: 8819,11655,8586,12534,3514,8798,4877
9140: 9083,9562,7260,6982,822,7382
9141: 6986,12199,4552,11659,11400,11666
9142: 12514,12440,8359,12419,11338,12551
9143: 5629,11661,2680,12125,10532,4839
9144: 9151,5201,9442,12245,3873,8443
9145: 9441,12053,12055,4487,10790,11663
9146: 8639,11659,11666,11834,8364,7236
9147: 11668,5201,4513,8448,7432
9148: 12006,9158,11670,9392,9002,11411
9149: 10898,10916,11673,11180,1769,8974
9150: 8275,6396,12474,6670,4807,6433
9151: 9144,5201,8733,8443,9388,6988
9152: 3435,11543,9165,10196,10441,11696
9153: 3802,10315,9388,6988,12352,12337
9154: 11677,8400,2479,12547,5210,7004
9155: 8773,11679,12101,9501,5581,6809
9156: 6992,6307,3805,4727,10936,12499,8897
9157: 11684,11601,11763,7006,9172,11731
9158: 9148,12006,5207,10701,11686,11670
9159: 1070,10841,3547,11689,10735,11052
9160: 5008,9677,6831,12195,11486,12275
9161: 11691,6561,10808,11595,2517,11522
9162: 6693,8736,9882,8775,2590,6633,8541
9163: 6999,10756,7428,8587,9671,12191
9164: 814,11693,10744,3553,8741,12254
9165: 10196,4703,7000,7110,11696,9152
9166: 8463,9227,11735,5230,8354,12202,1943
9167: 3554,8553,7421,9539,4496,5594
9168: 9401,3821,2687,5232,10903,9174
9169: 8871,11699,5210,7004,8683,3508
9170: 8790,11135,10869,11642,11700,9203
9171: 12110,12119,7492,12058,9704,12212,8554
9172: 2629,11704,7006,9157,11590,7123,11731
9173: 12313,3992,12249,5236,11918,9256
9174: 7007,4820,12045,9401,9168,5232
9175: 12007,6505,11611,11707,6469,10855
9176: 5239,8279,10084,9116,7039,7232
9177: 11110,12285,9729,4846,5116,6485
9178: 4913,9233,3567,11680,11710,11272
9179: 6328,12364,12376,8556,8333
9180: 7012,8335,8464,8787,5008,5218
9181: 11804,10506,9047,11486,2690,8305
9182: 4560,6953,8496,10108,3782,11606
9183: 6723,8843,3575,8251,53,6275
9184: 11224,7014,11527,11714,11316
9185: 11800,3577,11716,10858,9233,3567
9186: 5218,9677,12195,7442,11382,6498,12017
9187: 11719,4738,8661,10987,6452,3578
9188: 11723,7052,11817
9189: 10977,8589,11930,11726,11819,7062
9190: 11392,8992,11729,3896,8406,8786
9191: 10142,6280,5247,7336,6765,6518
9192: 7120,8935,4999,12246,11617,11660
9193: 11732,10872,10585,6744,9494,5521
9194: 11735,8919,5230,3512,3226,7023
9195: 11288,3613,9257,11927,8571,11737
9196: 11969,3897,9541,11089,11738,5250
9197: 7149,5371,12369,1195,9483,3932
9198: 5252,11739,12025,3835,11044,11625
9199: 12561,9712,346,11478,10920,11664,10881
9200: 12282,8259,12219,7335,11124,6237
9201: 11672,10915,8614,10883,11742,11612
9202: 12001,3365,9280,7071,11872,10754
9203: 11747,5233,7030,9170,11135,11700
9204: 9005,8502,10802,6882,11749
9205: 11333,3605,11752,1992,10888
9206: 10783,11096,10520,11756
9207: 7513,6603,6921,11758,3606,11690
9208: 8576,11760,9412,4875,11144,10853
9209: 5122,3607,6518,9787,7305,5247
9210: 11247,11684,6428,8477,11763,11587
9211: 8585,2219,5267,5368,9420,10866
9212: 11765,3609,11346,11239,11807,7206
9213: 3079,9610,11910,11116,12014,11767
9214: 9519,7035,12218,9491,8795,10588,12550
9215: 7196,6840,9312,7117,9859,12446
9216: 11770,11629,11538,8507,11183
9217: 10897,3613,11772,10849
9218: 10032,7037,3755,5170,9428,7157
9219: 7346,11775,11073,9324,3108,10622
9220: 11777,11632,7186,11788,7038,8509
9221: 9292,10541,11779,7190,5339,7102
9222: 6967,11557,11883,11782,8699,11616
9223: 4876,4947,10576,11784,8479,10902
9224: 12011,7041,9281,7288,8872,8472
9225: 8501,10801,12040,9336,9688,10525
9226: 7154,8547,9301,7080,11789,10832
9227: 12202,9166,1943,6305,8731,7460,9685
9228: 11793,8444,9261,5242,9542,7042
9229: 7267,9347,9571,11555,4755,5282
9230: 3607,1944,9456,7322,6765,10220,6518
9231: 4660,11637,11796,11847,11549,10876
9232: 6463,10126,10220,7707,12220,11231
9233: 10526,9178,3567,11710,9185,11800
9234: 8248,9725,7800,7045,10507,9803
9235: 5080,5243,11804,9018,7046,10104
9236: 11808,10048,6509,5290,1217,9306,6635
9237: 9374,12219,7027,11990,9127,3503
9238: 9000,7204,11810,11822,9425,12439
9239: 5292,11525,9380,6918,11059,12221
9240: 4954,12151,11813,8845,11209,8880
9241: 1959,11815,11247,11684,11601,11906
9242: 10826,11644,11856,11817,11922
9243: 8589,12121,11819,11614,11852,10529
9244: 9503,12103,11290,11821,4979
9245: 1979,997,11040,11824,10812,5297
9246: 9248,7053,10922,11826,11828,11998
9247: 9359,12279,7065,7057,9273,5302
9248: 9246,9575,5651,10922,11828,12132
9249: 10877,9098,3468,8852,3594,11830
9250: 5318,7413,7688,2689,1975,7779
9251: 9029,6898,7400,10533,11464,11831,7067
9252: 12279,1403,10099,7472,12222
9253: 6495,11120,11414,8500,11835,11170
9254: 7808,9841,7300,10324,3854,8093
9255: 8905,3652,10752,10929,11837,11785
9256: 5463,1980,11918,4707,12313,9173
9257: 3613,11839,9195,11359,11927,10897
9258: 5309,5196,9407,12258,8900,12544
9259: 861,8521,4584,2579,11654,8656
9260: 3383,5120,8602,11841,11843,6569
9261: 8444,9228,7042,1989,8302,11846
9262: 3654,11499,11849,9055,8895,11266
9263: 12043,6789,7061,11851,11214,11348
9264: 9424,11853,11037,11377,10536,12019
9265: 8908,11282,6818,8925,11299,11854
9266: 8870,7075,11887,10946,11856,8535
9267: 12296,2127,8255,6233,10537,12317,5316
9268: 5392,10558,7251,7062,11726,11858
9269: 8810,1995,10545,5249,11433,11860
9270: 7022,11103,10786,11617,11660,11739,11862
9271: 480,11106,10974,8462,5319,10538
9272: 6609,2091,9768,7250,8244,3668
9273: 5302,10232,2608,9247,7065
9274: 11865,11953,5321,12163,10539
9275: 8973,11495,7291,1431,9588,11888
9276: 4577,8512,12206,11867,7471
9277: 5322,6303,8506,4725,9408,8811
9278: 7078,8441,11869,5264,4840
9279: 11225,8863,10947,11870
9280: 9202,7071,11180,11872,1769,11364
9281: 9224,5326,7041,8281,8472
9282: 3677,10548,10950,11783,8981,11378
9283: 9453,812,12378,8574,11876
9284: 11166,11681,4858,3152,2017,8291
9285: 10092,10228,5330,6699,3730,10297,424
9286: 6848,8875,11240,8536,11878,10827
9287: 11880,11482,10769,11667,9439,9044
9288: 4706,9655,12182,11881
9289: 11394,8993,10958,6852,11884,11454
9290: 5245,11542,11887,11856,11922
9291: 5384,9341,10555,11981,11890,11844
9292: 11641,9221,11894,10541,11779,5277,7049
9293: 2029,9814,7465,4569,12470,10435
9294: 7076,8774,8462,480,6449,9442
9295: 12451,3688,9296,588,11896
9296: 9295,2033,3688,8245,6679,11896,8720
9297: 5347,11898,7341,9035,10843,10544
9298: 11097,11674,11900,6448
9299: 5285,9530,11902,12536,9875,12118
9300: 8628,8797,812,4640,7092,3694
9301: 7154,9226,7080,8585,2654,10866
9302: 8668,8451,11277,10857,11905,10766
9303: 92,8264,10542,10664,6316,10945
9304: 6810,9040,12406,8492,7203,5353
9305: 3697,8946,10294,9879,3747,10218
9306: 9236,10048,7124,6635,12223,7083
9307: 4555,12032,8835,11294,11909,12035
9308: 11910,11116,11412,7084,12040,7464
9309: 5355,12317,10128,9431,5636,2127
9310: 12344,6273,3699,9393,11743,2538
9311: 7207,10703,11913,5357
9312: 5270,12276,7117,11916,9215,6840
9313: 5358,11874,11531,8760,11402,11919
9314: 9686,4942,6933,6642,10044,7086
9315: 6715,8756,9495,9625,7353,10549,3953
9316: 9596,12146,11006,11921,8682,11564
9317: 4768,11562,10550,7115,5362,11722
9318: 11926,4663,346,11478,6883,11422
9319: 11511,2494,10779,8468,11820,11929
9320: 6606,3485,9112,8644,7092,8511
9321: 3213,8550,10675,8344,6522,11931
9322: 8778,5368,7222,6734,12291,6592
9323: 11933,12110,4012,9751,314,9517
9324: 11937,10934,11073,9219,3108
9325: 5371,12369,12555,7229,9512
9326: 7098,7087,3891,5089,2697,7755
9327: 6489,9672,11938,12016,12192,10762
9328: 11750,12557,10880,11940,6655,5006
9329: 5628,7233,6599,9510,3976,5374
9330: 12260,9986,10109,11942,6466,7100
9331: 3135,2286,11944,7235,9520,12111
9332: 11791,7190,11945
9333: 11469,6901,10983,11946,9032,7509
9334: 3104,11703,11805,11948,9487,8252
9335: 8940,11950,9521,6371,11319
9336: 10801,9225,10525,5279,11952,6414
9337: 9351,2590,9080,8541,5379,1106
9338: 11708,7105,8583,8951,11576,5029
9339: 8363,11956,11001,8933,5382,11308
9340: 8727,7107,11957,8434,11063,10750
9341: 3909,5384,9291,10555,11099,11959
9342: 9410,6913,9043,3747,7329,7151
9343: 6512,7238,8530,5386,9532,9523
9344: 9884,9082,8853,12564,11545,10840
9345: 11963,7491,9057,11501,9358,11836
9346: 12000,10557,11965,11187,8708,11891
9347: 7267,4856,9229,8764,7109,11555
9348: 9061,3619,11784,10902,5145,7306
9349: 6817,5392,8636,9403,8814,11418
9350: 11967,8560,9066,2619,11000,7108
9351: 2590,9080,7110,9337,7079,9944
9352: 11969,5357,8742,11717,9489,10547
9353: 10559,4678,6265,9134,11971,8609
9354: 5396,11179,11972,10559,11971,6578
9355: 11974,9129,11407,12377,2430,5641
9356: 9728,8569,5403,11069,11854,6749
9357: 10000,5400,8730,11975,7278,6688
9358: 9057,9345,11836,11976,1327,7118,11573
9359: 11304,12279,9247,3774,10099,7065
9360: 6262,6881,12326,8709,8489,977
9361: 7267,4856,7800,7045,10560,10512
9362: 9085,3776,6595,8989,11977,11012
9363: 11978,7120,12246,8308,11585
9364: 11429,9010,7268,11980,3927,1505
9365: 11281,11844,8765,11981,11173,11728
9366: 4560,7461,9686,8889,3782,9113
9367: 10510,8159,9865,5417,5610,7700
9368: 5002,11983,11906,5212,8941,11321
9369: 2591,8542,8569,6539,12223,7083,4937,9109
9370: 8778,3789,9514,9116,6970,6734
9371: 12013,10925,11986,12087,7143,11109
9372: 11054,9471,11923,7125,9606,11988
9373: 12312,8375,6821,9552,9577,7276
9374: 9237,12219,7335,11990,11943,11736
9375: 6974,11565,11992,3391
9376: 5517,6964,3910,9111,7228,7398
9377: 10580,11437,8409,11994
9378: 3797,11276,8904,11636,11259,12018
9379: 12135,9579,8803,10564,7366,8818
9380: 5292,8402,6577,6419,9239,6918
9381: 7026,5430,12555,7279,9580,8301
9382: 6486,7130,2072,8431,5293,6478
9383: 3799,9033,8888,7177,11388,11470
9384: 5104,7830,10227,7132,8572,12330
9385: 3800,12141,8594,9713,11309,11999
9386: 12000,11234,8720,11187,2033,7133
9387: 9619,5549,11780,12162,12002,5438
9388: 4513,6988,9153,12337,9151,5201
9389: 8334,7134,12147,3202,6331,9427,6966
9390: 6564,5441,9731,9426,7156,8265,1580
9391: 8717,11040,12004,6347,3217
9392: 11593,9148,12006,11411,11523,3805
9393: 12344,9310,8955,7137,11743,10154
9394: 8745,4837,12007,11611,5449,10567
9395: 5144,12009,11855,8939,8654
9396: 121,12011,7041,10668,10954,8325
9397: 7001,10195,7017,2168,7381,9755
9398: 10163,5452,741,7289,3952,6366
9399: 10562,12013,8618,10925,9594,5421
9400: 5494,10578,5268,12014,8357,5455
9401: 8733,3821,9168,8476,4820,9174
9402: 11662,7067,5457,7291,11888,8258,2139
9403: 7146,8636,4711,9349,8814,6286
9404: 9424,12039,7015,3827,11037
9405: 4714,12430,7149,5430,6338,8638,6289
9406: 11572,5461,12018,10570,11031
9407: 5309,5196,9702,8549,9258,7150
9408: 12020,7114,4664,4725,10057,5322,9277
9409: 3834,12021,12092,5296,11802
9410: 7447,6913,9342,7151,10460,12022
9411: 7174,6497,7295,12024,11774,12062
9412: 9208,11760,11625,7033,11144,12025
9413: 11517,12056,9703,12143,12217,12027
9414: 12433,3836,9778,7025,9097,7193
9415: 6759,11218,8817,8966,12028,11354
9416: 9576,7275,12133,5468,12030,12482
9417: 11755,10535,10794,12032
9418: 7403,3409,9654,8781,3842,11124,6237
9419: 12095,10906,12414,7342,3622
9420: 9211,5267,5368,7222,6306,3844
9421: 2546,11540,10574,10807,11777,8509
9422: 5270,12036,7117,6443,12380,3900
9423: 7303,12037,11049,5479,6654,6425
9424: 12039,9404,11853,7155,11037,9264
9425: 11641,12504,12439,12041,9238,11810
9426: 7285,3940,9732,7156,8265,9390
9427: 8334,9389,6331,8789,2594
9428: 5170,9218,6643,7157,11877,10362
9429: 11967,3855,9066,11510,12043,11851
9430: 4961,9440,8475,7308,9598,5490
9431: 11759,8252,5636,2127,6233,9309
9432: 12589,9599,5492,10577,9534
9433: 9616,12278,7161,12585,12045,11602
9434: 7142,3864,7145,10348,5305,6730
9435: 2167,8280,5494,12157,11350,10578
9436: 12049,11569,3108,12164,8957,11142
9437: 5495,12050,7312,9561,5641,6333
9438: 9613,7290,7331,5528,12051,9470
9439: 3870,9044,12052,11880,9287,8959
9440: 12409,4961,9430,7308,5499
9441: 12055,4487,3875,9145,9508,11345
9442: 9144,6449,12245,3873,8462,9294
9443: 5248,7129,7140,12503,7169,4740
9444: 7081,12055,3875,11076,10930,11907
9445: 11410,6812,8422,10668,8901,121,6432
9446: 8903,6340,10681,8959,12057,12052
9447: 5270,8346,12036,3878,3845,12276
9448: 6526,7173,12059,8671,10995,11771
9449: 12060,5514,7097,10765,8450,3989
9450: 3883,9830,6444,10449,10006,5334
9451: 12507,11792,12062,11895,12142,5057
9452: 6547,8575,11988,12064,7320,11890
9453: 2090,5327,9283,12378,9718,12065,11876
9454: 12155,12096,9494,4878,12066,5521
9455: 5197,12067,10772,472,6984,11470
9456: 9230,7322,10126,10220,5522,12521
9457: 12069,6536,11087,3310
9458: 2062,8861,8238,7178,6695,10213
9459: 9013,12122,11433,11859,12071,11806
9460: 11781,12073,10723,7181,11958,7352
9461: 9092,9574,12568,6678,12559
9462: 1728,3899,6803,11092,8684,12098
9463: 3976,2681,6976,7182,5374,10122
9464: 6945,8472,2499,9083,3900
9465: 9486,7204,8616,11810,12075,11803
9466: 8615,11582,7185,10917,12076,11837
9467: 6916,5534,1379,8384,8567
9468: 7186,11023,11190,12077,10789
9469: 11013,11959,9498,12078,6381,10702
9470: 12079,12051,5528,11928,7324,9438
9471: 11054,10817,8724,9372,12080,7125
9472: 10590,6313,10194,5540,4732,6242
9473: 11791,12081,5642,5339,12129
9474: 3132,8723,2208,5541,11369,12082
9475: 8784,8454,4869,6459,9618,12083
9476: 3927,8988,12477,9928,10349,12233
9477: 3171,10653,9583,11879,8978,12084
9478: 7034,11507,7199,12085,3409,6521
9479: 12086,10593,8927,12126,9549,11301
9480: 1457,12087,3929,11109
9481: 12088,10928,7200,8645,8310,4723
9482: 8732,10594,12089,5554,5363,10551
9483: 9197,7149,6338,3208,3932,8340
9484: 4757,5555,1220,6738,9663,8785
9485: 8402,6419,12345,7203,6263,5353
9486: 9465,7204,5091,8616,12090,2198
9487: 6739,11987,9556,8252,11805,9334
9488: 6506,8322,10665,10819,11132,12091
9489: 10547,11738,12092,7020,11969,9352
9490: 7354,3240,9626,10693,12093,11462
9491: 7209,9004,5463,12313,9214,12218,12550
9492: 5358,11812,7210,9683,12094,11919
9493: 12414,5567,7355,11962,12095,8862
9494: 9454,12096,3585,9193,10872,5521
9495: 6715,7165,9315,3953,8815,7215
9496: 11607,12097,10598,6969,11559,9115
9497: 8598,9499,6567,10164,6373,7215,10889
9498: 3899,12098,11818,12078,10702,9469
9499: 9497,3953,10164,7215,5361,12099
9500: 12100,8878,9068
9501: 8898,12101,3642,9575,6809,9155
9502: 12113,12102,11369,11591,10745,9525
9503: 7219,11550,9244,12103,11279
9504: 1313,12104,4770,2459,11493,12574
9505: 6665,10032,3755,10124,12291,6823
9506: 11472,9632,12105,12171,5586,4708
9507: 4664,12262,8594,3971,9713,7511
9508: 9660,12184,11345,12106,9441,3875
9509: 8865,8660,12109,7225,8542,4822
9510: 2082,6599,9329,7310,3976,2181
9511: 7366,4894,12107,10603,8818,11664
9512: 7229,7317,6917,9325,12555,9052,7279
9513: 6761,7367,8426,8785,5594,12541,5555
9514: 9531,8849,7232,9116,3789,9370
9515: 8286,4691,5595,12108,10604,10707
9516: 6620,12109,11435,1508,7225,9014
9517: 7492,6447,314,8657,12110,9323
9518: 6783,8986,8349,9124,6348,12307
9519: 6707,9214,8748,7035,12218,12249
9520: 8253,12111,10620,11832,9331,7235
9521: 6371,11003,5378,12112,11950,9335
9522: 8595,7237,5379,1106,6439,8920
9523: 8390,7350,5386,9532,9343,9623
9524: 6797,5606,9638,7374,8886,10042
9525: 8427,10745,12113,9502,11302,11146
9526: 8363,7239,8580,10696,10611,12114
9527: 10956,10605,6289,9639,12175,11028
9528: 9614,10805,12116,10813,1545,12167
9529: 7241,12117,5384,11099
9530: 5285,9299,8543,11148,10996,12118
9531: 8849,9514,12565,3789,8309
9532: 8390,7238,9523,9343,3111,7243,9623
9533: 7234,12119,6882,11749,11083,12212
9534: 10577,3290,7244,11216,8975,9432,12589
9535: 5618,9105,5490,886,9641,7382
9536: 11253,4032,9545,12124,7245,12120
9537: 9631,4770,8531,5619,7383,12335
9538: 10529,5296,11852,5070,9011
9539: 8553,4035,7249,9167,7421,8599
9540: 6437,10607,12226,8482,11398,4551
9541: 12122,11089,11658,9196,5250,11930
9542: 431,7371,5242,11793,4508,9228
9543: 12134,6424,11160,12123,4031,10718
9544: 7388,5627,4956,11154,6753,8884
9545: 7363,4032,12124,11165,12172,9536
9546: 5629,6973,10908,12125,12563,974
9547: 7722,10366,9554,2533,7253,10304
9548: 9999,747,10073,4035,8599,10080
9549: 12126,10722,8984,12178,9479,11301
9550: 8800,4021,11863,12560,7254,10030
9551: 7255,12127,11864,7256,3149,10708
9552: 3690,4040,2626,9577,7276,9373
9553: 6714,10385,7392,4988,5633,9090
9554: 7722,9547,7253,12516,7372,4041
9555: 8954,6797,8642,11332,8886,5400
9556: 11987,9487,9647,8252,5636,12505
9557: 8642,835,10964,11332,12542,4044
9558: 8282,6262,7119,42,12326,7257
9559: 7403,8546,5640,9654,10115,9648
9560: 3507,6641,7257,42,8435,8247
9561: 5495,12179,9437,2430,12128,5641
9562: 10217,12380,9083,9140,7260
9563: 3317,11894,10541,10614,9650,12129
9564: 7262,8533,4526,7439,4595,9675
9565: 8533,12130,10823,11176,8866,7482
9566: 8346,3878,5643,11687,5067,12524
9567: 7264,4491,4505,10313,9568,11353
9568: 8847,10313,10179,7264,12339,9567
9569: 9799,7265,5360,7745,10415,4710
9570: 12080,1431,1007,10817,8973,5644
9571: 7267,7045,9229,2098,5282,8248
9572: 10561,12131,11980,11557,9114,11026
9573: 4867,8998,7402,3326,8779,12508
9574: 7271,9461,6678,12559,10156,6354
9575: 3642,9248,10922,8898,12132,9501
9576: 8266,10628,9416,12133,5468,10573
9577: 3690,9552,9373,6821,8922,5075
9578: 12134,8457,10912,11046,7277,8300
9579: 12224,3264,12135,9379,5428,10564
9580: 12523,7279,8632,8964,8301,9381
9581: 3394,12331,7281,5434,11877,10362
9582: 5105,7893,7852,4681,7282,12311
9583: 8722,12136,7283,11879,3171,9477
9584: 12349,7286,5035,6978,4611,5447
9585: 8873,10567,10658,10938,12137,11084
9586: 822,12138,6945,11379,9679,12562
9587: 12139,5537,3131,12051,7290,11885
9588: 1431,7187,8704,6661,11888,9275
9589: 6749,2322,8365,8842,11420,6818
9590: 5461,12140,8689,7293,11017,6652
9591: 7294,3191,6985,12328,11027,11584
9592: 8726,11039,11056,11895,8994,12142
9593: 9703,8323,7296,11897,10986,12143
9594: 5421,7297,12144,11029,12013,9399
9595: 11516,12145,9019,11845,6892,5477
9596: 8659,12146,11006,11904,12037,9316
9597: 5486,11908,7134,12147,8934,3752
9598: 5490,886,12350,9430,7308,6827
9599: 12148,8324,12388,9432,12589,5492
9600: 3079,9610,10608,12157,12047,12149
9601: 12150,5495,11912,7312,10579,11610
9602: 11914,12151,11813,11568,11280,8906
9603: 12152,10679,4573,11421,7315,11917
9604: 9871,2649,5507,10391,7040,5033,3985
9605: 10819,11132,8524,12153,12060,11697
9606: 7125,11733,9372,11988,12064,12154
9607: 12155,7211,7328,5277,10523,12096
9608: 7323,6270,8655,5525,7188,8739
9609: 2306,6805,12156,11419,10521,10691
9610: 9213,3079,9600,12014,12157,10578
9611: 11945,12158,11936,11701
9612: 6916,5534,3697,10056,8946,12336
9613: 6715,8756,7290,7331,9438,2201,7165
9614: 9528,12159,10617,10805,10868,12116
9615: 8697,9705,7494,7333,12160
9616: 8611,9886,12278,7161,9433,11167
9617: 8259,12228,7395,4473,8561,12269
9618: 12161,12083,11163,9475,8784
9619: 5549,9387,12162,11949,7154,11789
9620: 12163,11951,3474,10539,7345,6697
9621: 12164,10622,11764,11953,5321
9622: 7218,8468,8427,11820,11823,7347
9623: 3111,8797,8390,9532,9523,6407
9624: 3115,11351,12166,6772,10776
9625: 6268,5560,7353,9315,6888,10549
9626: 7354,9490,12167,11462,10813,11960
9627: 12414,11962,10653,7342,12168,12084
9628: 2080,7358,3278,12169,148,11226
9629: 11323,7359,8945,8598,6567,12170
9630: 7360,8366,6383,12290,8982,11465
9631: 4770,9537,5584,12574,5619
9632: 8633,12171,10944,11508,9506,4708
9633: 10839,11165,12172,8311
9634: 6893,12224,6269,12173,6384,12135
9635: 12514,10831,12309,8822,12579,3516,10022
9636: 11456,6746,12174,11973,11322,7368
9637: 6768,5601,4995,6724,7371,4508
9638: 7436,5606,12371,7374,8321,9524
9639: 12523,12175,8301,9527,6289
9640: 6364,9726,10329,7769,4760,8361
9641: 5618,9934,9535,7382,4052,7260
9642: 6751,11997,2249,12410,8782,7383
9643: 12176,11333,6760,12198,9681,11979
9644: 7480,9696,4733,8806,11982,11154
9645: 8706,8596,10885,10616,11984,7390
9646: 11301,7391,6594,11985,10631,12178
9647: 9556,8573,5636,12505,8349,6348,5355
9648: 6968,8399,12322,9559,5640,10115
9649: 11989,6820,11295,11849,12179,11423
9650: 6232,12180,3317,9563,10614
9651: 12357,1118,8395,7398,6964,7407
9652: 8422,7399,6432,7172,5067,5643
9653: 9029,12181,7400,10740,11362,11424
9654: 9418,7403,3409,9559,8546,6521
9655: 4706,11505,9288,11996,12182,8630
9656: 4478,7407,6464,11997,6964,9111
9657: 1016,8948,6593,9940,10820,3254,12247
9658: 8368,10844,5258,11665,12183,11009
9659: 7416,7388,5627,4632,4486,8702
9660: 9508,12184,8881,12106,11396,10601
9661: 6607,8800,407,10910,1144,12185
9662: 8423,7420,10105,12186,12271,12373
9663: 747,6738,9484,8785,7421,8599
9664: 7422,9118,12187,4497,10746,10822
9665: 4498,8431,2466,6478,8619,9835
9666: 3376,12010,8481,12188,11892,11653
9667: 7426,8282,9001,4502,12401,6402
9668: 8284,10642,12189
9669: 7264,6388,4057,12339,4655,6430
9670: 12190,3234,10692,7429,6361,6483
9671: 4715,12191,9163,8587,8640,8376
9672: 9706,7496,9327,12061,12016,12192
9673: 12281,7436,6416,6380,12371,208
9674: 8510,8455,7438,12193,11853,7155
9675: 4526,7439,9564,9927,9087,9972
9676: 12194,126,9987,3582,8780,6613
9677: 5008,5218,9160,12195,9186
9678: 9034,11471,11126,10810,6502,12196
9679: 822,12138,9586,12464,12197,6982
9680: 8985,7100,8367,6864,7452,8465
9681: 11570,8820,11172,9643,6760,12198
9682: 6316,12031,8320,12199,4552,10664
9683: 10793,12094,12200,8488,11919,9492
9684: 11623,8746,10774,8457,6706,12201
9685: 6462,8731,8493,7460,9227,12202
9686: 9314,4942,8889,6642,7461,9366
9687: 12038,8337,10677,10821,12284,8546
9688: 12040,9225,10525,12203,11786,7084
9689: 12204,6800,8845,11209,10488,1218
9690: 10633,12205,12044,8347
9691: 8539,10798,8949,12206,6490
9692: 12265,10936,12234,8316,12046,1403
9693: 12207,7473,4582,11425,10905
9694: 12567,6564,9731,6544,7474,7284
9695: 7009,9056,7429,12232,5116,12285
9696: 9644,8529,4733,4592,8568,11982
9697: 11436,4595,10823,6785,3132,8723
9698: 7484,10134,5510,7070,9727,6692
9699: 8458,12054,10799,10804,11071,6494
9700: 10560,10512,12243,12209,8936,11313
9701: 6598,11381,9031,12210,10937,11222
9702: 7490,4611,5196,8549,9407,9891,7150
9703: 9593,7296,12143,9413,12056,12211
9704: 11605,6460,12212,8554,9171
9705: 9615,8697,8584,7047,7494,1218,6656
9706: 9672,7496,12192,8979,12213,8495
9707: 6308,8873,10768,12214,11237
9708: 8574,12539,7500,11361,4854,8762,6499
9709: 7504,6375,6470,6466,8985,8471
9710: 12215,10615,7507,8246,11241,8428
9711: 9070,11796,10876,12216,11518,11136
9712: 12561,6750,9199,346,11478,12070,8393
9713: 8242,11309,6341,7511,9507,8594,9385
9714: 7286,5035,6766,8972,12236,12468
9715: 12072,12217,8597,11506,12027,10572
9716: 10312,4051,1512,12315,5616,7433
9717: 875,10219,10026,8674,7079,9944
9718: 12487,10208,9453,2090,12065
9719: 12231,6257,8761,2207,1291,6720
9720: 10279,12490,6839,10363,12472,5155
9721: 5810,5991,1095,5942,3174,1295
9722: 12296,6244,10537,3940,8265
9723: 7860,10392,6349,4754,10393,3324
9724: 173,7489,4609,4964,8307,10035
9725: 6618,9234,9877,8248,6843,9803
9726: 12506,10395,6364,9640,8361,3518
9727: 9899,7070,5489,9698,6692,4594
9728: 8569,9356,11166,6749,3152,8842
9729: 6878,12285,9177,4506,5109,4846
9730: 8677,4985,10175,11808,5290,4795
9731: 6564,7156,9390,9694,7284,9744
9732: 9743,7285,9426,7156,2001,8892
9733: 7430,5255,7068,4507,7518,45
9734: 5649,3327,12374,5257,7868,6440
9735: 6976,5374,7233,5195,9123,8044
9736: 10070,9977,6691,9791,10085,12288
9737: 6623,7810,9752,10397,4965,5030
9738: 7319,6908,9897,2413,7208,10178
9739: 5659,1517,6455,10404,9773,7414
9740: 10405,7876,3086,9746,10452,229
9741: 9840,1057,10117,6199,9806,5066
9742: 5186,5259,8122,8068,3840,4523
9743: 9732,7156,2001,2158,9744,6675
9744: 2158,7284,8289,9743,9731,7156
9745: 10400,2206,7690,836,2069,12531,2468
9746: 6397,4576,7876,9740,12420,10452
9747: 5131,1810,6403,9754,7066,6900
9748: 10021,4554,6922,6933,3756,8924
9749: 5028,7032,2475,6955,2234,10298
9750: 7878,2548,8005,3256,4883,5113
9751: 11933,4012,5118,9323,11139,3720,8792,9968
9752: 9737,9977,7810,4965,3550,6691
9753: 3320,3999,2056,2111,7871,1522
9754: 4923,7066,6403,4872,6541,9747
9755: 2168,7449,6682,3815,9397,7017
9756: 5418,1289,7517,4673,8029,12532
9757: 6542,9826,4761,1419,3434,8069
9758: 7616,9871,2649,7340,7112,6709
9759: 587,4971,10125,628,6955,12460
9760: 12426,4647,2475,10298,6491,6579
9761: 2660,7261,6946,10265,6769
9762: 10260,5203,4781,8696,10244,6468
9763: 5943,7893,7947,7960,5875,4495
9764: 10378,7434,7889,12297,7503,10351,3457
9765: 1289,243,8029,2293,8007,6703
9766: 6732,3581,10047,8848,12286,6363
9767: 2204,1808,4407,1571,3830,5246
9768: 9836,7223,12229,6609,9272,2023,3668
9769: 7344,10289,6579,1291,4647,12363
9770: 5433,753,7757,2394,1606
9771: 7127,6458,11560,4827,6929,7259
9772: 6542,2644,9826,10475,10224,9967
9773: 5659,9739,1517,4830,9813,10410
9774: 5582,7895,3639,10485,4804,1486
9775: 2023,6544,6834,5024,7891,7474
9776: 7765,5493,6350,7310,6694,10247
9777: 4542,7449,6682,5498,2285,5157
9778: 9414,3836,7095,5036,7975,7025
9779: 2573,230,2317,2673,3062,5773
9780: 7682,3204,1730,4651,8119,3460
9781: 7787,3846,9803,4676,10507,11430
9782: 3272,10364,10096,3493,10150,6629
9783: 7900,4387,1053,3561,728,5800
9784: 3665,7846,5583,12520,8537,7979
9785: 7902,8038,4596,8928,10440,5381
9786: 7141,12580,6482,7899,7339,5471
9787: 5369,6249,7305,9209,5247,3134
9788: 2330,7879,709,7541,8188,5097
9789: 4481,3973,4948,7903,569,5513
9790: 3935,3385,4029,7671,5818,5891
9791: 2331,5609,5476,6691,9736,12288
9792: 4929,7829,6770,5087,10513
9793: 9829,6032,6002,1605,6179,3975
9794: 1766,2685,3614,10416,5865,5870
9795: 5104,7132,8913,6844,11598,3807
9796: 2324,2276,4332,3046,689,1650
9797: 4469,4612,3222,10474,10477,8072,5429
9798: 3074,4537,4777,5139,6621,8037
9799: 5360,7832,9569,4710,5409,7819
9800: 5853,7404,2316,8225,12447,2304
9801: 7923,10419,4607,10429,3242,6369
9802: 1615,3182,2706,3966,3950,3861
9803: 3846,6843,9781,9234,9725,10507
9804: 3300,4922,5180,12510,5119,10288,8011
9805: 7441,5003,7931,1067,7823,9876
9806: 1057,9741,10117,10169,6471,7180
9807: 10263,197,6854,12427,6288,4486
9808: 6426,8177,2323,2485,6423,8071
9809: 249,3172,3788,10430,7679,2672
9810: 3923,714,5407,2245,5102,5190
9811: 12318,6315,7803,7498,9072,4592
9812: 3667,2113,7583,5812,7938,3877
9813: 4523,10399,10410,4830,4713,9773
9814: 10272,9293,7465,4569,1676,7515
9815: 9848,36,4493,4834,3590,1523
9816: 3205,6780,8983,6334,6465,10209
9817: 3137,10155,7018,6253,5380,7518,45
9818: 6142,5700,2325,4319,2266,1541
9819: 12571,7817,3764,12570,12496,7040
9820: 3378,4060,4559,10133,5515,2299
9821: 12289,1031,3173,7972,5332,6925
9822: 7217,6240,6949,341,1094,4518
9823: 3424,7498,197,8568,4632,4486
9824: 5424,3349,3987,5511,8192,7549
9825: 5955,3641,4987,1945,7588,4825
9826: 9757,6542,10224,9772,448,3434
9827: 5115,7872,7926,3160,10160,10242
9828: 2681,7182,12459,5600,3268,12584,8382,11021
9829: 2180,7913,5737,6060,6002,9793,3975
9830: 1413,10285,3883,9450,10006,10029
9831: 4844,3344,6553,7955,9063,5079
9832: 2662,2113,4653,7938,7599,1305
9833: 10217,4052,7260,12391,4815,4836
9834: 5902,7750,10123,2450,12294,2267
9835: 8619,6583,3375,7423,9665,6478
9836: 4583,7223,9768,12567,2023,7474
9837: 6721,4687,5898,7965,5655,3237
9838: 1418,9933,6082,3332,6276,6813
9839: 5390,10356,5192,7316,10508,3826
9840: 5332,10211,6925,9741,10117,6199
9841: 5475,9254,7808,10162,7300,5021
9842: 1334,867,332,1537,1074,1264
9843: 3103,3911,12267,3922,5314,7957
9844: 7978,3075,5063,2507,7977,5263
9845: 3640,7445,6807,4712,5442,8467
9846: 7980,6297,7343,10323,3188,4547
9847: 5442,8467,74,5025,6640,7976
9848: 36,1157,3116,3983,4493,9815
9849: 7989,1213,6938,2512,3760,3812
9850: 9867,4588,7477,7728,12412,2394
9851: 456,7136,5079,10301,12292,9063
9852: 6481,7516,4843,10431,2428,10384
9853: 4638,6686,2169,10434,5501,7976
9854: 753,7766,7757,7348,7990,12403
9855: 5015,6455,10404,3349,7226,7549
9856: 2454,6540,7330,7989,4649,3421
9857: 5390,6971,7250,5192,6345,8244
9858: 2272,5039,5782,7809,8004,1463
9859: 10293,12446,7117,6443,12391,9215
9860: 1289,7517,4637,8007,6857,7828
9861: 7559,10436,3941,2483,1271,995
9862: 2372,7636,4650,7323,8582,2384
9863: 4554,4637,6796,2293,8007,3689
9864: 2315,5007,6276,10253,6813,7470
9865: 4899,5417,3463,9367,5286,7700
9866: 3546,8016,5735,6200,2007,6166
9867: 6888,7477,9850,10365,2394
9868: 8709,6238,7119,12326,10606,10168
9869: 5556,5615,7766,7757,10493,3168
9870: 4161,2657,10444,4361,8024,2121
9871: 9758,2649,9604,7144,5033,7340
9872: 8691,4050,5614,6653,5658,10448
9873: 4572,4720,10036,6436,4041,8001
9874: 8003,3137,2214,7018,10041,1184
9875: 8256,12536,8261,6234,11902,9299
9876: 5340,1067,7823,7614,1683,9805
9877: 7448,6618,4540,9725,2343,6843
9878: 6862,9891,2658,7158,5107,11833
9879: 8691,9043,3747,9305,5142,10218
9880: 8036,3843,7565,5547,5053,5265
9881: 2482,86,7580,10500,5814,6071
9882: 9162,9053,6693,8775,11494,8541,4980,8430
9883: 12458,10315,5338,5061,12573,6989
9884: 4980,4810,8430,9344,9082,12564
9885: 4514,10454,7562,3417,7843,10321
9886: 9941,9616,7655,12278,2693,11167
9887: 4890,3902,2305,5260,5373,697
9888: 12334,11123,3956,9947,2251,7174,12575
9889: 3363,1785,5811,3589,2530,8035
9890: 7567,4586,4756,7552,7661,2447
9891: 2658,9878,7158,7150,7490,9702
9892: 9941,2693,8816,6785,6243,10234
9893: 1737,4378,2227,3055,2448,4272
9894: 7860,10392,6808,10456,5647,5175
9895: 1472,1130,142,8059,12535,3462,315
9896: 3394,5434,8060,6950,3779,7555
9897: 7319,5517,7127,6908,9738,11560
9898: 3393,6618,2098,5282,9949,6504
9899: 7070,9727,9038,1249,5489,2177
9900: 8064,3984,6218,10461,2420,2190
9901: 6971,6345,12257,9911,4750,6650
9902: 7505,8271,4685,6250,4870,6369
9903: 6732,10429,4870,8565,7487,3581
9904: 5177,8077,2669,7739,3962,5021
9905: 2255,7882,5215,8062,5592,4034
9906: 2589,5007,6276,8067,1418,3813
9907: 6021,3430,8070,196,4433,1541
9908: 3592,5985,7607,2190,5990,1594
9909: 2701,6207,4303,1079,1981,4243
9910: 445,2970,1786,1774,8066,4335
9911: 10191,6650,10049,9901,6971,9128
9912: 186,2902,1786,2807,1001,2803
9913: 6030,1295,8181,3544,10466,5942
9914: 7441,3608,745,4528,7931
9915: 3628,10191,10294,9976,6837,5086
9916: 3476,6597,4807,6433,6255,10023
9917: 12575,12507,8313,11326,11774,2251
9918: 3167,2347,5080,10476,11811,8394
9919: 4896,12516,7372,10189,10076,5603
9920: 1543,167,8051,5791,4357,4208
9921: 3534,6121,102,5151,10200,4792
9922: 6211,2537,8039,6186,3778,4214
9923: 10003,4677,2380,10004,9069,6236
9924: 6148,4291,4341,2986,517,4358
9925: 2518,12268,4492,4665,12468,7002
9926: 3437,2275,4618,5381,6668,5437
9927: 7439,4608,9675,9087,2466,8544
9928: 7138,10349,7223,12233,12229,9476
9929: 1792,662,4416,2607,1515,8111
9930: 3256,5113,5342,3122,4443,942
9931: 3288,6408,8061,4045,12431,7437
9932: 5004,3148,8126,6267,4516,3651
9933: 1418,1362,3215,9838,6082,3886
9934: 5618,9641,5046,4052,8983,6334
9935: 4515,3286,2383,5377,4042,2268
9936: 5481,8234,6098,10467,3231,4652
9937: 7192,10046,7481,10136,3971,1324
9938: 5317,3573,10204,5861,5903,4718
9939: 5617,5504,2374,5393,3216,7885
9940: 9973,6593,9657,3254,6905
9941: 9886,7655,2693,8816,9892,11167
9942: 12500,8530,5571,6670,4807,10023
9943: 9982,6404,5487,8002,5130,10282
9944: 3807,9351,7110,7079,11715,875,9717
9945: 1733,1237,4217,2551,3330,4308
9946: 7479,5308,6511,1234,10331,7063
9947: 4720,303,6436,2251,12334,9888
9948: 5108,7452,6965,2480,9997,10166
9949: 3393,7638,6618,4540,9898,5251
9950: 3430,8070,605,3745,5879,6007
9951: 5214,8612,10011,2382,10911,10307,6242
9952: 4075,3471,3853,9975,6106,5988
9953: 3272,10364,6398,5236,10470,12517
9954: 4940,8783,12445,4963,6667,7638,6638
9955: 2175,3968,712,982,2351,5872
9956: 6435,9965,4808,3932,8715,1195
9957: 4940,5038,10061,12445,10087,5367
9958: 3270,2217,4231,9978,5679,10487
9959: 5335,36,3983,7986,8043,4001
9960: 5917,2220,4480,8149,7551,1137
9961: 7229,5147,3753,9965,12369,1195
9962: 10153,10071,3720,314,2348,11933
9963: 2170,5859,3244,5987,5051,5893
9964: 10260,5203,6962,6990,3529,6359
9965: 4808,9956,4550,3753,9961,1195
9966: 4071,8075,519,6123,4062,3908
9967: 5343,6542,7881,10475,10403,9772
9968: 6894,3720,2380,6975,8792,11933,9751
9969: 5923,5404,8138,3624,4957,1999,1646
9970: 5301,6668,6386,4772,10007,8151,1948
9971: 2334,7644,3584,6832,8545,6741
9972: 6948,9087,8688,4766,4526,9675
9973: 6593,9940,8626,8900,5309,6905
9974: 8160,4436,2152,694,7573,4179
9975: 4075,5988,9952,2720,6051,2614
9976: 10191,3512,7023,6837,9915,6650
9977: 10070,9984,9736,7810,9752,6691
9978: 3270,4231,3949,9958,8155,174
9979: 5525,5141,3740,6912,2596,2187
9980: 5867,5819,5801,2223,3073,3868
9981: 3112,6217,1569,3675,3144,3277,703
9982: 7401,3282,7380,9943,6404,5130
9983: 3379,4469,4782,5520,3478,8149
9984: 7453,4550,10070,578,9977,7810
9985: 10470,6487,12517,377,6261,3491,10029
9986: 4757,7469,9330,10109,5555,11942,12541
9987: 8461,9676,126,6858,10062,6613
9988: 10361,7090,6912,2596,4960,12549
9989: 7191,6589,3498,6294,10131,6627
9990: 1574,8163,3117,3832,1376,4179
9991: 7242,7361,10144,12335,10009,2249
9992: 2358,2890,8162,4111,3271,2401
9993: 325,4214,2636,2438,1297,4215
9994: 7824,5575,2635,2239,2366,8089
9995: 12343,10148,3507,4517,8942,6641
9996: 5793,10492,5137,2471,4782,7551
9997: 2480,4549,8579,8465,12443,9948,7452
9998: 8730,11975,9093,10005,8250,4978
9999: 6879,9548,747,7349,10073,8997
10000: 8886,6952,10042,9357,5400,11975
10001: 6037,5768,4259,151,7913,5737
10002: 6632,10020,4978,6420,3865,2107
10003: 2380,9923,8792,8680,6236,6872,11139
10004: 7410,4677,2380,6975,9923,10458,3225
10005: 594,3865,10225,9998,9093,4978
10006: 10449,3491,7089,10029,10300,9830,9450
10007: 4772,1107,10486,10497,9970,6386
10008: 7214,12220,3223,12572,1993,6463
10009: 10086,6751,2249,10149,9991,10144,4485
10010: 6952,12259,6939,10042,5178,7374,10360
10011: 5214,9951,4732,6242,10147
10012: 5598,10035,7369,8379,7489,6391
10013: 4893,5491,7807,5220,5397,25
10014: 6614,12250,3490,5335,5503,4702
10015: 4414,713,8166,312,1198,1889
10016: 7217,6949,4000,5633,9090,8217
10017: 7484,10266,4601,6907,12348,7070,9038
10018: 3384,5235,8701,12355,8390,7350
10019: 9023,5085,7193,11434,7028,6836,8607,3839,7655
10020: 6965,10002,6420,10245,3865,7069
10021: 7457,4554,5077,6796,9748,8924
10022: 7302,11177,12251,9635,8822,12579
10023: 6597,9916,4807,6512,8530,9942
10024: 4050,7447,7769,6913,7379,5614
10025: 4539,6728,4722,10499,10509,11751
10026: 875,9717,4982,2620,7270,8674
10027: 2555,3534,5151,6857,4637,3689
10028: 9039,10110,5101,5305,7212,10504
10029: 3491,10006,10285,9830,377,9985
10030: 3476,6597,7254,1593,11838,9550,4021,8243
10031: 4222,495,443,10501,41,1925
10032: 3755,9505,9218,883,6823,7157
10033: 8932,4719,12393,4910,6589,6294
10034: 4858,6723,6509,6272,53,8291
10035: 10012,6648,7369,7489,9724,8307
10036: 4572,9873,6436,7467,4041,10120
10037: 4769,7783,7749,12368,10113,10182
10038: 635,212,10511,345,805,586
10039: 3967,4651,751,8234,3965,8119
10040: 12438,8034,10230,10503,12381
10041: 8003,9874,7018,4544,4581,4904
10042: 8886,10010,6952,10000,7374,9524
10043: 5431,7364,5589,3958,3387,12416
10044: 9314,2594,8545,6741,6642,7086
10045: 4579,3957,2592,4939,402,12287
10046: 7307,5489,2177,7481,1324,9937
10047: 6732,12461,9766,7051,3431,6363
10048: 9236,4858,6509,9306,7083,11681
10049: 3628,10191,9911,9128,6672,4966
10050: 5046,8667,8319,4732,10147,7008
10051: 1173,821,6549,7011,10273,10252
10052: 3411,6562,6524,4855,6501,3415
10053: 4501,7273,12345,8402,6577,7128
10054: 1627,2904,2947,782,1597,1078
10055: 12372,2261,5419,2102,10230,8899
10056: 6916,10509,9612,7329,11751,3697
10057: 7114,9408,10518,3414,5322,6527
10058: 6752,4896,8662,10189,8854,6622
10059: 6948,6822,8688,10236,3371,3656
10060: 10097,5235,3822,7032,6742,7010
10061: 3862,9957,5038,7160,10087,6769,7261
10062: 6858,63,6282,8977,8461,9987
10063: 7614,8175,1683,2064,5034,7906
10064: 4867,8779,10533,11831,10348
10065: 6268,6726,5560,2213,10151,10141
10066: 3352,10420,650,3662,5669,3843
10067: 7160,10229,7129,7140,12400,3862
10068: 3863,6748,2336,7221,4005,1986
10069: 6471,12324,6393,7714,10169
10070: 4550,9977,9984,9736,10085,4808
10071: 10153,10354,9962,5553,6894,3720
10072: 7569,2585,7570,4629,4925,8167
10073: 9999,6879,9548,8288,2384,10080
10074: 10081,7419,5114,6685,10516,10347
10075: 3100,8033,8018,7835,3413,7841
10076: 12516,9919,5603,7721,10318,10371
10077: 3371,4766,4774,6377,8688,10252
10078: 5458,3954,7168,10089,10514
10079: 3617,5367,6638,10132,7784,5251
10080: 4035,9548,10073,8288,6528,425
10081: 10187,10074,7419,5601,5114,8831,6685
10082: 5262,10453,10119,8177,3438,3396,12305,10519
10083: 2506,6048,8181,3544,5704,1211
10084: 10186,5239,7013,9176,7039,11606,3825
10085: 7301,6435,4808,12288,10070,9736
10086: 10009,6464,3360,6751,10149
10087: 3617,5367,6769,10305,9957,10061
10088: 3255,8168,3412,1224,5956,12298
10089: 3954,7168,10078,224,10199,6392
10090: 4030,7242,7361,12375,12230,12270,6416
10091: 8238,11512,7178,9053,6577,6918
10092: 9285,4935,5330,6699,8861,3552
10093: 11978,8308,12548,6728,10654,1379
10094: 769,1032,3305,2161,5701,7609
10095: 8399,10112,7395,4684,8561,6534
10096: 10364,9782,11918,4707,8505,6629
10097: 12426,3384,5235,10060,7032,2475
10098: 4064,8179,2402,3718,6215,4284
10099: 9359,11304,12279,1403,8930,9252
10100: 10332,12368,10124,2077,10113,6592
10101: 8770,8593,7168,6878,5109
10102: 1223,4579,5387,4881,2585,3586,7570
10103: 10249,10147,6780,7008,1392,5214
10104: 4791,5080,10476,9235,7046,6830
10105: 9662,12186,7512,7002,4492,12373,10114
10106: 2397,2610,8178,3659,12314,3081
10107: 7317,6917,7481,10136,4594,10129
10108: 6953,8397,9182,8496,5173,10494
10109: 4757,4648,12260,9330,1304,9986
10110: 9039,5101,10028,8653,7145,5305
10111: 4557,6462,2091,8493,12257,7250,6345
10112: 10095,5262,10246,8399,4684,12322
10113: 10100,12368,2077,6248,10182,10037
10114: 3372,6588,7512,10105,12186
10115: 9559,8546,11134,12284,6968,9648
10116: 2519,6764,12449,10345,10384,12396
10117: 9840,5332,7536,9741,9806,10169
10118: 3169,5432,4495,5943,12308,7774
10119: 5262,10246,10082,3314,10519
10120: 7467,6752,3595,4572,10036,6527
10121: 10193,9130,7475,5447,6304,10192
10122: 3976,2681,2181,9463,10157,7194
10123: 8161,2450,7861,7959,9834,12294
10124: 10100,10332,12291,6592,6665,9505
10125: 587,9759,7889,6491,6955,10298
10126: 9232,9456,10220,5522,8700,7707
10127: 3566,4263,3867,5225,735,3817
10128: 5355,12317,6648,9309,7369,12299
10129: 7317,5147,6692,4594,10107,6926
10130: 3262,2327,136,5872,7595,3934
10131: 7191,8394,3498,6413,9989,2535
10132: 12264,7784,10079,7448,4540,5251
10133: 3220,1658,5515,51,4559,9820
10134: 7453,578,5510,9698,6692,6926
10135: 6390,6245,4773,8267,12306,4662
10136: 6917,7481,10107,8343,9937,7192
10137: 4662,6476,7681,7795,12519,4576,2075
10138: 10344,10293,4815,6563,5365,12316
10139: 6904,7339,3102,12325,3730,10297
10140: 3729,12310,4363,2156,5729,3626
10141: 6268,10065,2213,4921,10365,1606
10142: 3159,6280,7336,7055,9191,6608
10143: 2060,8025,1807,2371,5834,2370
10144: 7242,9991,10009,4485,7415
10145: 5551,7483,10314,10292,7523,5425
10146: 10248,4506,5109,6392,6867,1781
10147: 7008,10103,10050,4732,5214,10011
10148: 9995,12343,4517,10195,5616,7433
10149: 10009,3360,10086,4986,12423,4485
10150: 4510,6629,10170,12578,6279,9782,3493
10151: 10065,6726,10357,2213,3995,3159
10152: 323,2073,6189,3778,2636,8128
10153: 12318,10071,9962,5553,6315,2348
10154: 12330,5090,5300,7137,9393,8955
10155: 6253,9817,5380,5391,45,7798
10156: 10306,6354,3623,6973,9574,6678,12320
10157: 2681,5600,10122,10287,7194,10188
10158: 8991,9127,3193,11903,3503,10951
10159: 5114,6876,3239,12456,6801,10163,8362
10160: 7272,5115,12304,3160,9827,3901
10161: 5061,10457,10450,10268,7993,5338
10162: 7997,5475,7808,3784,9841,7058
10163: 6801,9398,741,6366,12456,10159
10164: 9497,9499,6373,5579,12099,7131
10165: 3297,8186,656,6173,8045,4029
10166: 2480,7147,7069,1234,9948,6965
10167: 3323,3573,10204,5646,510,5226
10168: 7378,10172,9868,7119,7003,10606
10169: 7536,10117,9806,7714,10069,6471
10170: 3499,10150,3956,4510,8505,6629
10171: 161,1321,3019,2357,8197,620
10172: 10168,7378,1363,8942,7003,1170
10173: 12478,2382,6875,10358,6558,464
10174: 255,4900,8195,4853,7692,7618
10175: 7857,12331,9730,4985,4795,12470
10176: 5185,7664,7945,5592,7946,4861
10177: 1413,4704,9012,10393,7741,7179
10178: 7208,3991,287,6574,9738,2413
10179: 10281,8847,7263,10313,4908,9568
10180: 2261,7425,10237,7572,6902,6523
10181: 7932,3212,7505,12342,8565,6538
10182: 10113,6248,3825,28,7783,10037
10183: 3816,3182,2230,6129,2627,632,7666
10184: 8408,9101,4670,3472,7834,6591
10185: 6086,4479,1779,7544,6221,8187
10186: 10084,11606,6953,3825,28
10187: 10081,7419,2265,8831,7387,4505
10188: 10287,12434,7687,5600,10157,6394
10189: 7467,6752,4896,7372,9919,10058
10190: 5440,10431,5306,2428,2425,7833
10191: 3628,9911,9976,9915,6650,10049
10192: 6304,7269,10363,5413,10121,5447,12349
10193: 12347,6605,7475,10121,3549,6304
10194: 6827,6313,9472,8319,4732,12350
10195: 9397,7001,10148,4517,5616,7381
10196: 9165,4703,8292,10441,6311,9152
10197: 10331,6626,4672,4932,7479,7520
10198: 10367,2416,6300,12476,5048,687
10199: 224,6866,10210,12353,3954,10089
10200: 5151,9921,3756,6922,4792,12365
10201: 12364,431,12376,5075,3690,7252
10202: 6003,6069,5891,3487,12360,8086
10203: 3175,1459,5717,5962,3968,136
10204: 4853,10167,3573,5861,9938,510
10205: 7830,10227,6880,10310,3098,7795,3708
10206: 8203,3406,2461,2324,309,6192
10207: 9058,12367,6277,8293,6585,11502
10208: 12487,9718,407,4021,12560,2090
10209: 10344,6563,4836,9816,6334,6465
10210: 224,2375,10199,12353,4659,7508
10211: 9840,6925,4509,6199,12438,6624
10212: 4645,4767,208,6961,4793,6380
10213: 4501,10237,2062,9458,8238,7128
10214: 5223,8247,4049,7001,4517,6641
10215: 6397,12420,7470,3098,10253,3708
10216: 10316,2650,3128,7148,8813,3513
10217: 6443,9833,12380,9562,7260,12391
10218: 5086,6868,5142,9305,10294,9879
10219: 9717,8674,10998,6633,7079,4935,12467
10220: 9232,9230,1944,9456,6463,10126
10221: 3815,5223,4734,7017,10267,7839
10222: 2839,899,8210,12462,7612,5765,3456
10223: 1967,6175,6009,3540,3308
10224: 2644,9826,9772,448,3574,7941
10225: 3612,594,10005,6773,9093,11566
10226: 564,6100,12418,12405,7691,6120,8204
10227: 10205,9384,7830,6880,8572,7077
10228: 9285,6902,5330,6523,424,12383
10229: 10067,12488,10350,3766,7140,12400,3518
10230: 12438,2102,8034,10040,10055,2261,7572
10231: 5027,6672,3128,7148,6795,10335
10232: 9273,5302,5038,2608,8783,12445
10233: 7804,8004,10264,5294,5039,654
10234: 6785,6243,821,7011,11436,9892
10235: 12397,892,10256,2609,12395,2567
10236: 6822,5293,10059,6745,5012,3656
10237: 4501,10180,7425,10213,6902,2062
10238: 4444,2732,17,4200,1239,6101,4458
10239: 8669,4863,6378,3498,8377,2535
10240: 4545,12409,8710,10552,1649,7313
10241: 4620,4699,7990,7728,12412,3110
10242: 7926,3160,9827,7929,7875,7956
10243: 5854,5625,12399,3533,7995,1798
10244: 7444,4534,9762,8696,6468,2280
10245: 594,3865,7069,6636,7063,10020
10246: 5262,10112,10119,4684,7074,3314
10247: 6694,7194,7370,9776,7310,2181
10248: 4506,10146,4846,6673,1781,7426,12401
10249: 3205,6780,4857,1392,10103,6507
10250: 4783,8185,1125,6165,8013,7652
10251: 7949,5238,1710,5550,913,5596
10252: 1173,10051,10273,10077,4766,6377
10253: 2315,5219,3708,9864,10215,7470,6880
10254: 1430,4123,4325,12462,7612,6176
10255: 7489,4609,10320,6391,6911,2416
10256: 8947,7101,12397,2609,10235,6510
10257: 7742,7246,12434,4852,5256,12432
10258: 1046,3077,8195,5317,5861,2055
10259: 6484,1971,2584,4923,63,6282
10260: 10408,5203,9762,6962,6468,9964
10261: 3371,4774,6471,6393,3656,7180
10262: 10281,7263,7459,5626,10308,10319
10263: 5602,9807,197,12415,6372,6854
10264: 5294,10233,8061,7385,5208,6998,654
10265: 2660,12417,9761,6769,10305,7884
10266: 10017,5140,4601,10326,6907,7073
10267: 5223,4049,4734,6778,10221,2280
10268: 10161,10450,7922,12459,3268,7993
10269: 3786,3849,2670,8220,12518,7054
10270: 6243,821,6549,6941,5165,12433
10271: 4986,6296,4721,10368,6711,3360
10272: 9814,4569,7044,6317,10283,1676
10273: 7011,10051,10252,4766,7262,4526
10274: 4556,8436,10319,6444,7459,5334
10275: 5551,3163,10351,3457,4598
10276: 7029,5950,5878,8216,2125,5096
10277: 7535,3884,4521,12429,4471,1125
10278: 4139,1452,2679,214,12480,5725,4264
10279: 10333,9720,6766,12490,5155,3469
10280: 521,7715,2966,827,4461,1915
10281: 7263,7459,4908,10179,10262,5408
10282: 7969,7170,5325,9943,5487,8002,12442
10283: 10272,6317,1676,12435,3682,7435
10284: 6412,6389,5112,10389,8769,6519
10285: 1413,4704,9830,6616,377,10029
10286: 6379,5178,6958,12538,7005,10303
10287: 7194,7246,7370,10188,12434,10157
10288: 5119,7931,9804,1067,8011
10289: 7344,3163,9769,2207,7483,1291
10290: 4549,10342,7051,12443,3431,6560
10291: 6219,5813,12444,6172,4453,8223
10292: 5561,4598,2332,10314,5551,10145
10293: 9859,4815,12316,10138,12446,12391
10294: 6837,9915,9305,8946,5086,10218
10295: 8224,3279,7700,5817,5821,12448
10296: 10342,4741,3431,12461,7506,7093
10297: 9285,6699,3730,5415,12325,10139
10298: 2475,6955,9749,10125,6491,9760
10299: 12227,6649,4876,8796,3584,6331,8789
10300: 6261,3491,6585,10006,7089,11502
10301: 7136,2639,9851,5079,10451,6828,12525
10302: 5955,12447,3451,4641,10421,2316
10303: 7005,2519,12449,2457,10286,6379
10304: 2533,9547,7019,7950,7253,844
10305: 3617,10087,1790,6769,7884,10265
10306: 10156,7214,5194,6354,3223,3623
10307: 3224,9951,2382,6875,10911,6684,4683
10308: 10347,5626,10262,6757,2254,10319
10309: 7096,8098,6998,4610,5284,3888
10310: 5090,3098,7795,10724,10205,7830
10311: 1554,12454,1347,284,1471,811
10312: 6679,4973,8298,1512,9716,12315,11896
10313: 7387,4505,7263,10179,9568,9567
10314: 6829,2332,10292,10145,6861,5425
10315: 3802,12458,9883,9153,5338,12337
10316: 2650,6653,10216,5658,3513,8228
10317: 12399,3533,1701,4993,7920,3646
10318: 4512,6573,7721,7720,10076,5603
10319: 4556,2254,10274,7459,10262,10308
10320: 6353,10255,4609,7230,6911,3267
10321: 4728,5894,7843,9885,7562,2004
10322: 6,3273,3080,8227,2404,6042
10323: 7980,88,9846,7343,2505,6314
10324: 4850,12455,3854,9254,745,8093
10325: 6912,8713,2187,12549,6698,6396
10326: 5140,10266,7617,6909,7073,5656
10327: 5561,2332,7564,6366,8931,12466
10328: 5215,2684,4786,3810,3532,7918
10329: 10448,2452,6364,9640,7769,5614
10330: 2452,7916,7805,3488,3348,373
10331: 6626,6636,7063,10197,7479,9946
10332: 10100,12368,10124,6665,6930,5184
10333: 7512,10279,6766,12236,7002,6588,3469
10334: 6353,6525,7230,6669,6793,12469
10335: 6795,7711,5158,10231,3128,6756
10336: 669,7708,5546,5673,5081,7786
10337: 1546,3541,3089,5697,5778,8229
10338: 10394,5014,7420,12186,6473
10339: 2022,7759,7837,10397,5281,5030
10340: 2061,8100,6149,8231,6228,12475
10341: 6991,4535,7445,1151,3390,6610
10342: 10296,6332,4549,4741,10290,3431
10343: 2168,7259,7381,10464,4051,6631
10344: 4815,6563,5365,4836,10209,10138
10345: 4672,6764,10116,10384,12396,7516,4932
10346: 4700,1359,3279,7628,5205,8218
10347: 5626,10308,10516,6757,10074,7419
10348: 9434,11831,7142,10064,6730,8779
10349: 9928,7138,9045,9476,12477,8519,12481
10350: 10229,12488,5248,7140,8361,3518
10351: 7344,7503,3163,10275,3457,9764
10352: 8362,6861,2626,12323,6829,3239
10353: 4819,12383,6523,7726,8034,7572
10354: 10071,7834,5553,6591,7410,6894
10355: 288,5839,7557,12486,8147,3154,5924
10356: 9839,5390,7316,7958,7937,3985
10357: 6726,5416,10151,3995,7214,12572
10358: 7162,12408,6507,10173,12478,464
10359: 5686,3660,2018,8201,4168,6204
10360: 5178,7374,6958,8321,10010,6939
10361: 3822,7090,9988,4960,6664,6742
10362: 5434,11877,9581,12485,5170,9428
10363: 6839,7269,10192,12349,9720,12490
10364: 3272,5236,10096,9953,10470,9782,11918
10365: 9867,6888,2394,1606,6268,10141
10366: 7722,2533,9547,3499,8001,4510
10367: 10198,6696,6300,6346,687,4751
10368: 3640,4986,1254,6807,10271,4721
10369: 7932,7657,10387,5497,8271,3281
10370: 8207,6165,677,5356,7696,5163
10371: 7950,7253,5451,7721,12516,10076
10372: 4589,4518,4759,7942,12297,341
10373: 7356,719,9101,7774,3169,5570
10374: 8232,7824,5927,2635,8237,3276
10375: 7393,3309,10442,7526,7789,792,8621
10376: 3760,3812,7979,2159,12520,5217
10377: 6330,5283,133,6360,3232,8289
10378: 9764,4518,7434,12297,1094,3457
10379: 7537,4519,6275,3575,7044,6317
10380: 7923,3887,10419,5341,10406,5307
10381: 6400,10383,6859,4681,4780,7282
10382: 4644,2041,8151,4529,2275,5301
10383: 10381,2363,6859,2469,6951,4780
10384: 6764,10116,10345,792,7516,9852,12491,4843
10385: 6714,7392,7821,9553,7163,5545
10386: 7748,74,7778,1693,5025,3283
10387: 7657,3490,5497,10369,3116,5503
10388: 4769,8413,7749,5184,7723,3521
10389: 6412,4474,10284,7816,6519,6873
10390: 3986,634,7698,8233,7827,5460
10391: 5507,7040,9604,7316,3985,12570
10392: 2554,7860,9894,9723,5647,6349
10393: 4754,9012,10177,7179,9723,6349
10394: 10338,5014,6473,6747,4762,5522,12521
10395: 12506,7916,6662,7805,6364,9726,4764
10396: 5621,8105,1674,7392,7821,5032
10397: 10339,7837,4965,3666,5030,9737
10398: 5543,7351,7227,4006,7738,5556
10399: 3790,1172,4523,4548,9813,10410
10400: 6114,9745,2521,5715,2206,2069
10401: 7274,4911,6285,12515,7659,5019,12527
10402: 8298,12315,7433,12327,12343,1363
10403: 5343,6542,4610,9967,4761,7096
10404: 9739,6455,9855,5370,12532,7414,7226
10405: 9740,3086,12530,7936,229,4996
10406: 7966,10380,3887,5341,12528,4654
10407: 6684,4976,6849,8857,5469,6356
10408: 10260,6962,6468,4977,1951,5182
10409: 8173,2074,3107,4268,7850,1058
10410: 4548,10399,9813,7929,1517,9773
10411: 1205,4387,12535,3561,4068,6214
10412: 1665,3850,12540,2666,2312,4376
10413: 889,3794,3540,1956,3308,7600
10414: 2433,7593,8227,7914,2404,2015
10415: 7745,7790,3266,2429,7265,9569
10416: 3614,9794,1235,5865,3301,5832
10417: 8088,4537,8106,8037,5343,7881
10418: 7299,4842,12580,7899,8092,7999,8074
10419: 7923,10380,3887,9801,12545,3242
10420: 249,3788,10066,650,8036,3843
10421: 2316,3101,3451,10302,2507,7951
10422: 12571,4966,6795,3764,5158,10508,3826
10423: 3206,5094,8201,6142,2325,3745
10424: 8141,1779,2146,7672,3373,3919
10425: 12583,5774,2671,1393,6179,1053,3975
10426: 7217,4000,341,7231,5372,7942
10427: 2180,1548,3261,5676,5914,6002
10428: 4716,7975,5129,3847,651,5273
10429: 4870,9903,7487,3242,6369,9801
10430: 5439,9809,3172,5123,2672
10431: 9852,7848,4843,5306,2428,10190
10432: 1159,4709,7965,5655,5478,5557
10433: 518,2987,67,1119,2997,1061
10434: 5501,5467,7877,9853,4638
10435: 7857,8022,12529,9293,7465,12470
10436: 2483,995,9861,4233,4626,4288,5741
10437: 6390,4773,6601,7819,7752,7832
10438: 5253,3922,5314,3389,7531,1999
10439: 5198,451,8139,6983,4987,1945
10440: 5476,4596,9785,8928,2331,6826
10441: 5209,11903,6311,10196,3435,9152
10442: 7393,3309,5635,6936,10375,4694
10443: 6543,1978,6492,7478,7776,5087,3113
10444: 2657,9870,1556,4085,10480,2121
10445: 1334,332,1060,2740,1751,1853
10446: 5799,1219,833,8024,1188,26
10447: 4751,5089,6840,7201,11916
10448: 2452,10329,3488,9872,5614,5658
10449: 10006,7089,7184,5334,9450,7459,5408
10450: 10161,3798,10457,9123,10268,7922
10451: 8050,6828,3344,5079,10301,1748
10452: 6397,4705,8027,9740,3086,9746
10453: 5262,6968,10082,4564,3396,11134
10454: 4514,1169,7524,4962,9885,7562
10455: 4446,264,532,1930,1915,584
10456: 8057,9894,6808,5647,3460,1730
10457: 3225,10161,5061,1138,3798,10450
10458: 3225,1138,4482,7410,6975,10004
10459: 2662,2113,7583,3779,5164,7555
10460: 8513,6532,3416,12022,6782,7447,9410
10461: 6218,1028,5897,1594,9900,2190
10462: 1412,7385,5208,3538,1955,12431
10463: 5902,1164,3637,5951,5674,2255
10464: 2168,10343,4542,6929,7259,7449
10465: 1610,2902,2881,4244,235,2807
10466: 6030,9913,4181,3155,5942,7641
10467: 1674,3231,5481,9936,5328,2373
10468: 5617,2374,5795,2043,1693,3283
10469: 8036,5053,7679,249,3997,5531
10470: 3272,10364,9985,9953,6487,12517
10471: 7910,8101,3744,6051,7815,5988
10472: 1461,3850,4285,12540,1734,202
10473: 1412,7755,7630,7098,5623,1955
10474: 3379,4469,9797,3166,5429
10475: 3528,2644,7881,9772,9967,7739
10476: 4791,5080,10104,9102,2347,12537,9918
10477: 4469,4504,1268,9797,5520,3222
10478: 8064,519,6123,6078,2420,2058
10479: 1304,1220,6560,7051,12261,6363
10480: 4110,2121,4085,10444,4347,2873
10481: 11323,708,3253,8945,10699,8578
10482: 6990,6440,3230,6359,1667,3327
10483: 1643,1759,481,244,1771,5781
10484: 6954,5150,1382,6950,5164,7555
10485: 5559,6365,3639,7895,9774
10486: 4772,10007,5798,5789,3354,10497
10487: 5679,1133,4065,4231,9958
10488: 12204,9689,7466,7047,1218,9075
10489: 6081,4239,3908,2446,4071,3675
10490: 7326,6869,6231,5469,2379,6356
10491: 5965,3539,3401,292,2641,4717
10492: 929,5793,9996,6184,5137,3470
10493: 5556,3168,9869,7738,7380,6404
10494: 28,7783,5228,6953,5173,10108
10495: 5416,8299,12450,7271,8756,2201
10496: 7902,7886,8038,5172,3437,4990
10497: 10007,1107,5789,5787,6,10486
10498: 3832,2390,3739,3246,3921,2152
10499: 6782,4539,10025,11751,7151,12022
10500: 3187,86,9881,6211,5814,8039
10501: 1764,477,1465,10031,495,1925
10502: 5453,2133,3903,5377,4042
10503: 5597,8114,7726,8034,10040,12381
10504: 7212,3422,2709,9039,10028,6541
10505: 6585,7184,8847,4908,3156,8293
10506: 11804,9018,9181,7191,2690,6413
10507: 1675,11430,7800,9234,9781,9803
10508: 9839,5192,9128,3826,4966,10422
10509: 6916,11751,1379,10056,6728,10025
10510: 2555,5076,9367,8159,5417,7744
10511: 1864,212,10038,586,188
10512: 7800,9361,9700,10560,1675,11313
10513: 4805,3415,7806,4929,9792,6529,6770
10514: 5458,8251,6272,3954,53,10078
10515: 1371,4774,6377,12324,6393,7716
10516: 6685,675,12319,6757,10074,10347
10517: 3970,4472,5130,8089,7401,4621
10518: 7114,12262,10057,1324,3414,7307
10519: 3314,3480,8414,3438,10119,10082
10520: 9206,10783,11869,5264,11068
10521: 9609,12156,10589,10691,5268,8357
10522: 5275,11920,11775,6453,11073
10523: 11779,7328,5277,9607,7102,11701
10524: 8753,2652,11168
10525: 9225,9336,9688,5279,11786,8995
10526: 5287,9233,11710,8976,11800,11198
10527: 5291,11990,11736,11628,4729,11530
10528: 12215,38,11357,8428,4497
10529: 7020,5296,9538,9243,11614
10530: 11256,9003,5297,8911,3318,11287
10531: 8249,7332,10617,10868,43,11655
10532: 9143,2680,10892,4839,8749,4955
10533: 5303,11464,9251,10064,4867,11831
10534: 10582,11278,8603,11901,8369
10535: 9417,11755,11294,2049,5310,11195
10536: 5312,11377,11769,7171,11037,9264
10537: 12296,9267,9722,5316,3940,5446
10538: 3873,8462,5319,11762,11070,9271
10539: 12163,9620,9274,5321,6697,10662
10540: 5333,11881
10541: 9221,11894,9563,9292,5339,12129
10542: 92,8264,10626,10656,9303
10543: 97,10968,11575,8703,12144,11029
10544: 3125,11794,9297,5347,9035,11473
10545: 9269,8810,5349,11265,11433,11806
10546: 5350,6336,11075,8337,10677,8578
10547: 12021,9489,12092,5357,9352,7207
10548: 3677,5358,11812,9282,11783,11874
10549: 6888,5361,9625,9315,3953
10550: 4768,11010,9317,8684,12074,5362
10551: 11929,9482,6977,12089,5363,11570,11511
10552: 11033,5375,8710,10240,4545,11393
10553: 7455,11586,5378,11950
10554: 11182,5382,6256,8447,11956,11840
10555: 7320,9341,9291,11013,11959,11890
10556: 8242,11309,6596,11964,2083,148
10557: 8650,5389,6559,9346,11965,11187
10558: 5392,8636,2093,9268,6611,11858
10559: 11204,6265,11971,6578,9353,9354
10560: 4856,5411,9361,9700,10512,12243
10561: 5412,9572,11980,11065,9114
10562: 6842,8618,9399,5421,5468,12030
10563: 5427,10912,11046,6847,6287,11437
10564: 5428,8803,6572,8608,9379,9579
10565: 6774,8840,4924,11355,5438,11780
10566: 11409,6258,8278,219,10639,10886
10567: 9585,5449,10938,8745,9394,11084
10568: 6651,11235,5450,10954,12011,8872
10569: 6241,5455,12079,5537,10589,5268
10570: 11572,5461,9406,8689,8371,6979
10571: 5462,8879,11251,12020,11893,4725
10572: 5464,11317,9077,11506,9715,12027
10573: 5421,97,12144,5468,8266,9576
10574: 12034,5477,2546,9421,10807,12581
10575: 8332,10673,11709,11049,10962,11258
10576: 9223,6649,4876,10902,5486,11908
10577: 7244,9534,8417,9432,11500,5492
10578: 5494,12157,9435,9400,9610,12014
10579: 12150,5495,9601,11423,6820,10976
10580: 283,9377,8409,10600
10581: 5506,8325,12522,6321,3318,11287
10582: 2683,10534,304,11901
10583: 11426,11053,9014,10893,5514,8450
10584: 11733,8704,6352,12154,10989,8915
10585: 11185,6557,6744,9193,5521,10870
10586: 11541,10710,321,10763
10587: 11825,11452,9030,8965,11466,324
10588: 5533,8795,10919,9214,7035
10589: 7324,12156,10521,5268,12079,10569
10590: 5540,9472,6242,8697,7333,8612
10591: 8611,7161,5541,11941,7334,8303
10592: 5549,8978,12168,11372,12002,12084
10593: 9479,5552,12086,11283,11072,12126
10594: 9482,8914,5554,5363,6690,11290
10595: 4868,8240,6534,12238,11161,364
10596: 3138,5563,8824,10693,12093
10597: 11773,5031,5567,7355,8306
10598: 10698,9496,12097,5572,5191,6969
10599: 5581,11408,7360,11188,8366,1780
10600: 283,10580,8409,10729,5586,4708
10601: 11253,5588,12124,9660,12184,8881
10602: 8425,11583,401,6506,8322
10603: 9511,5593,11453,4894,12107,10814
10604: 11599,9108,11973,10707,5595,9515
10605: 12115,11471,10956,5608,9527,11028
10606: 5612,5285,7003,9868,12536,6238,10168
10607: 4809,6437,12226,11057,9540,8482
10608: 7327,11934,8772,3079,9600,12149
10609: 11375,5629,10908,2680,6787,8869
10610: 11698,4934,8984,5630,10721,11592
10611: 9526,454,11101,7239,12114,6477
10612: 3087,11147,11713,7109,8777,11842
10613: 11943,3093,8781,11048,7335,11124
10614: 9563,9650,6232,10856,5642,12129
10615: 12215,9710,7397,11991,8246,6258
10616: 8456,10772,11984,12177,9645,10885
10617: 12159,10531,8249,9614,6264,10868
10618: 11734,4989,12132,11297,11438,5651
10619: 11133,3104,11473,11703,11947,9035
10620: 9520,8253,2129,12111,11329,11252
10621: 8254,3119
10622: 3108,9621,12164,7346,11953,9219
10623: 11336,6815,5070,5193,8260,9011
10624: 4678,6265,10894,10643,8262,10864
10625: 11657,11966,8263,10635,10867,4886
10626: 8264,6301,10542,10656,11970,10930
10627: 6232,38,11357,3119,8804,10856
10628: 8266,8326,8314,9576,11032,12133
10629: 10871,3652,12076,8268,9081,11169
10630: 11133,6235,11473,3125,10861,8808
10631: 3126,6594,9646,11217,12178,3299
10632: 9073,6935,10874,8270
10633: 9690,8272,12044,6251
10634: 11304,1345,8930,11008,6992,12234,8273
10635: 12139,10867,3131,7359,10625,11966
10636: 8274,3484,10882,6254,11600,9110
10637: 8276,8577,6550
10638: 8348,11174,11406,8272
10639: 8278,219,8376,10961,10566,12242
10640: 3138,8276,10884,6256,8824
10641: 6241,5455,8263,10867,8280,5494
10642: 8284,7036,9668,10891,11366
10643: 8285,10624,10894,8262
10644: 8620,8286,12174,5595,6266,10927
10645: 3147,8744,11082,8830,8921
10646: 8294,6278,10940,2398,8287,8630
10647: 11505,8294,10905
10648: 8360,8295,8633
10649: 11605,8300,8740,11875,4828,7277
10650: 8975,11875,4828,11368,3164,11216
10651: 10921,10979,11373,6786,6666,8304
10652: 3171,7355,8306,11962,10653,3674
10653: 3171,9477,9627,11962,10652,12084
10654: 6728,12295,4722,8308,10093,6298
10655: 6634,8310,10999,4723,9122,11620
10656: 10542,10626,11970,8311
10657: 9092,6302,12568,11928,8312,10932
10658: 9585,8873,11237,3180,12137
10659: 8391,10717,4818,6305,8314,7460
10660: 8547,7080,8315,11676,8649,6645
10661: 8317,11459,11237
10662: 6697,8318,5321,7164,11764,10539
10663: 7166,3191,6985,8879,11766,11663
10664: 8264,9303,11907,8320,6316,9682
10665: 9488,8322,12091,11807,7206,10949
10666: 1360,11119,8776,10986,11312,8323
10667: 8324,2250,6753,8884,12388,8392
10668: 8325,12522,8901,9445,9396,121
10669: 3200,8887
10670: 9103,1681,8327,11141,6323,10957
10671: 10959,6324,8328,8548,11719
10672: 6892,4575,12581,7302,8331,11485,2257
10673: 3200,8332,10575,8716,8887,11258
10674: 8903,10990,11275,3211,8665,11339
10675: 9321,8304,3213,6343,10979,8344
10676: 8665,10990,6335,8336
10677: 5350,12038,7462,9687,8337,10546
10678: 814,6442,10942,3553,8338,8631
10679: 12152,9603,3217,7315,8911,11824
10680: 8341,4002,8763,11302,6339,6722
10681: 10976,9446,6340,12057,8342,12150
10682: 4864,11150,10833,8771,8344,6522
10683: 6782,4539,8345,8316,12046,8513
10684: 6347,8347,12152,11421,10982
10685: 8348,11373,10921
10686: 6504,8351,8518,11002,4755,6351
10687: 8352,11349,10852,8976,11778,11370
10688: 7216,11818,8353
10689: 8927,9036,3234,8358,11476,11985
10690: 525,8483,273,8355,11656,10788
10691: 2306,9609,10521,11683,11767,8357
10692: 3234,8358,9670,6361,8605,8627
10693: 9490,8824,3240,11182,12093,10596
10694: 11508,283,8360
10695: 11581,4032,12120,4798,674
10696: 9526,8363,8580,11001,6367,4603,10706
10697: 6974,9121,3247
10698: 8364,11003,12097,10598,7236,5572
10699: 10481,5093,3253,10709,8578,11075
10700: 6570,8551,6376,11197,8368,11009
10701: 5207,9158,11901,8369,11061,11670,5064
10702: 6381,8370,11010,12098,9498,9469
10703: 693,11913,9311
10704: 8371,11498,8689,11017,6382,11015
10705: 12224,3264,6384,10708,3771,8374
10706: 8373,4603,8580,10696,11706,10860
10707: 12108,11599,3265,10604,11440,1604,9515
10708: 3149,6384,10705,8374,7256,9551
10709: 5093,10699,11905,6454,11075,10857
10710: 10586,8378,10763
10711: 8380,11342,11450
10712: 11488,11532,9049,4745,324,11466
10713: 7358,3278,11624,8241,6401,7376
10714: 6600,8969,10952,4631,8385
10715: 9126,11624,6401,11028,5608,8386
10716: 1562,11077,10861,6235,8788,8388
10717: 5412,8391,6446,10659,8314,11032
10718: 4031,3290,11848,8855,9543,12123
10719: 11705,6513,3295,11137,11376,10720
10720: 11705,11984,10719,12177,3295,8396
10721: 6417,5630,4934,10610,11210,8398
10722: 7059,11698,8984,9549,12178,3299
10723: 5333,12073,8403,9460,7181
10724: 5090,10310,6476,5300,7795,8404
10725: 8802,11151,11581,4798,8405
10726: 11915,5233,11043,3896,8406,11700
10727: 8563,8992,10843,11729,3310
10728: 8407,11330,8480,8693,11103,10786
10729: 8409,10600,5586,5427,6424,11160
10730: 8410,9086,11090,6467
10731: 8425,10741,11036,6318,8411,10949
10732: 9021,2398,8412,8287,9022
10733: 3319,8663,8424,9008,10740,11424
10734: 10972,6755,11792,12003,5057,8415
10735: 1959,11052,9159,11689,8416
10736: 7244,11848,11968,8417,11126,7362
10737: 8646,11776,6932,8418,7175,11529
10738: 219,12242,6430,8960,8420,9028
10739: 8809,1162,6999,8421,11353,7428,4491
10740: 12181,9653,11424,10733,6434,8424
10741: 4800,8425,8716,11036,11583,10731
10742: 7078,3336,10755,9015,11674,11438
10743: 12309,8822,8729,6761,8426,11177
10744: 9164,8434,814,11693,10750,10966
10745: 7218,8427,11591,11057,9525,9502
10746: 3497,8428,4497,10822,8666,9664
10747: 8429,8895,7396,11266,11631,11397
10748: 11643,8685,6441,5207,8432,11061
10749: 9137,7424,6981,11740,11578,8433
10750: 8434,11063,814,6442,10744,9340
10751: 11451,3357,11334,7405,8460,11085
10752: 9255,8905,10929,11415,4503,8437
10753: 8439,3501,10824,11620,11519,10968
10754: 11458,11744,12001,3365,9202
10755: 10837,11646,7078,8441,3336,10742
10756: 8809,9163,6999,8444,12191,11846
10757: 8562,9054,6451,10842,12489,8445
10758: 11498,11469,6901,6382,8446,2459
10759: 9031,3375,7423,12210,11552,9106
10760: 4841,10854,11367,8447,454,11840
10761: 11892,12067,6799,3376,6480,9033
10762: 9327,11938,12016,7432,1066,8448
10763: 8378,3386,10586,10710,321,8449
10764: 8917,9036,3380,11293,11476,8737
10765: 9449,8793,7097,10934,8450,3657
10766: 11905,8381,9030,6454,8451,9302
10767: 3383,9041,9060,11427,5120,10797
10768: 6308,9707,8452,12063,8799,7497
10769: 8378,7072,11482,3386,11667,9287
10770: 11244,8675,10999,8454,6459,11081
10771: 6830,2476,8455,8538,12193,6959
10772: 5197,9455,10616,8456,472,10885
10773: 3391,8295,10909,11992,11022
10774: 8746,8300,8740,11078,9684,8457
10775: 9044,11066,6494,11482,11118,8458
10776: 8460,6772,9624,3115,11781,11958
10777: 9059,3403,9107,11503,11873,6515
10778: 8466,11458,11744,6467,9025,11090
10779: 9319,2494,7454,8468,6437,12226
10780: 8469,11386,6969,11886,11559,4536
10781: 6533,4826,12382,11158,11074
10782: 2518,12373,8473,8882,6472,12271
10783: 9206,11096,8474,10520,5264,11615
10784: 6475,3842,11627,7034,11048,11098
10785: 6477,8874,8479,8580,12114,10860
10786: 11103,9270,11660,10728,8480,7064
10787: 8773,4500,11117,8481,11360,11105
10788: 11656,8629,7061,4914,8483,10690
10789: 12077,8484,8591,6561,9468,11190
10790: 12053,9145,8485,11663,11584,6985
10791: 8692,944,6449,11635,11463,8774
10792: 3380,12190,8487,4585,6483,8523
10793: 9683,12033,12200,8488,10953
10794: 8491,12032,9417
10795: 11205,11688,2527,8850,8494,11212
10796: 11556,3445,4630,11457,12213,11480
10797: 11480,11113,9041,9060,10767,8495
10798: 7060,9691,8497,8539,6490,11115
10799: 8458,12054,11442,8498,9699,4525
10800: 7394,11315,6545,8500,4874,11170
10801: 8501,9225,9336,11952
10802: 9005,9204,4941,8502,6612,11236
10803: 8576,8503,2544,6548,11014,10853
10804: 12054,9699,11416,4571,11071
10805: 9528,11183,12159,9614,8507,1545
10806: 8508,4573,11917,7468,11016,8687
10807: 5477,9421,10574,11255,8509,11845
10808: 3468,3594,11595,11691,9161,6586
10809: 4577,8512,11370,8352,6352,10989
10810: 12023,7446,6502,8514,12196,9678
10811: 11038,3474
10812: 1979,6891,997,9245,7030
10813: 9528,12116,12167,9626,11960,8515
10814: 11648,5593,11453,9022,10603,8516
10815: 11711,9078,11058,11475,11597,8517
10816: 8794,3484,11600,3835
10817: 9471,11562,8724,1007,12080,9570
10818: 8754,11130,3564,1989,8520,12512
10819: 3989,9605,9488,11132,12091,12060
10820: 1016,8948,8525,9657,7408,11826
10821: 8526,9687,8337,12284,6508,8752
10822: 3596,3497,10746,9118,11612,9664
10823: 9565,8533,4595,9697,8866,8723
10824: 3501,5188,10753,11883,9122,11620
10825: 8534,11035,11630,6513,11137
10826: 9242,11644,11262,11856,10888,8535
10827: 9286,8536,11878,10845,4553
10828: 6554,8455,7438,8538,11181,4602
10829: 8497,8539,6517,12244,3673,4862
10830: 6646,11249,6995,4746,8503,3510
10831: 6362,12514,11613,9635,12419,3516
10832: 9226,8547,11789,3622,2595
10833: 11150,10682,8548,6522,6727,10865
10834: 2601,3213,9084,8550,8906,11122
10835: 6570,8551,11635,6526,7076,8774
10836: 12379,11368,3164,12058,4617,8440
10837: 8555,11646,8441,2008,10755,11156
10838: 8558,8910,4975,11879,11271,7283
10839: 8559,9633,11165
10840: 6928,8560,11545,11861,9344,9082
10841: 1070,9073,9159,3547,11095,10846
10842: 8562,8967,6445,10757,12489,12256
10843: 7341,10727,11127,9297,11898
10844: 9658,8564,5258,7412,12183,4483
10845: 11102,11878,10827,8760,11537,11402,4553
10846: 10841,4803,3547,11095,8755,8728
10847: 8317,4631,11459,12214,8385,8566
10848: 5002,11983,8570,11119,11746,8776
10849: 11772,693,9217,3613,7111,8571
10850: 11221,8860,9124,8573,6545,8349
10851: 11086,11417,11749,9005,3558,11083
10852: 8352,6771,11349,5518,8575,10687
10853: 11175,6548,11645,10803,9208,8576
10854: 11619,4841,10760,8447,10884,8577
10855: 11130,3564,8470,6505,9175,6469
10856: 8254,3119,6232,10627,10614,5642
10857: 11277,9302,10709,11905,5350,11075
10858: 11615,4840,9185,11716,3567,2008
10859: 6594,6234,10899,11217,11902,7197
10860: 11706,4947,8580,10706,10785,8479
10861: 8808,11157,10630,6235,8388,10716
10862: 2652,8583,5029,8817,8966,11168
10863: 8834,3577,11091,11108,11728,8765
10864: 11487,8262,6239,11640,4678,10624
10865: 3578,6727,11307,8548,10833,11719
10866: 8585,9211,5267,9301,7080,11676
10867: 6241,10641,12139,8263,10635,10625
10868: 10531,9614,7332,10617,12116,11939
10869: 8406,9170,8786,11642,11700
10870: 12066,8588,5521,6683,6557,10585
10871: 7427,10629,3652,6246,10929,8268
10872: 3848,11732,12495,9193,3585,9494
10873: 10977,8589,12121,5389,6663,7248
10874: 6247,8270,11488,11532,10632,6935
10875: 4901,8823,5396,11669,11179,1144
10876: 9231,9711,4660,11796,12216,8590
10877: 8592,9249,8852,3594,1225,11213
10878: 12044,6251,7468,8821,8687,2129
10879: 12077,8591
10880: 7099,12557,11871,6252,9328,11940
10881: 3710,4663,9199,11478,10920,1225
10882: 8274,10636,6254,11496,3929
10883: 11324,6580,3596,9201,8614,11612
10884: 8276,10640,6256,8577,10854,8447
10885: 9645,8596,6566,10616,10772,472
10886: 11409,6258,10566,9000,11991,8329
10887: 12072,8597,6603,10963,11227,8641
10888: 10826,1992,11644,11262,3605,9205
10889: 9497,7451,8598,6567,6373,6712
10890: 4918,11189,11690,8827,11227,11343
10891: 10642,7036,12012,11366,6555,6264
10892: 2680,6787,10532,4955,8600,11257
10893: 3609,11435,11138,5514,10583,9014
10894: 11204,6265,10624,8285,11194,10643
10895: 11798,7185,8603,8369,5064,11785
10896: 11456,6853,11626,4916,6266
10897: 9217,6775,3613,9257,11359
10898: 8604,9149,6376,11673,11180
10899: 8605,7391,6594,6234,10859,8256
10900: 6271,9048,1609,1351,6774,8290
10901: 8606,8410
10902: 9348,11784,9223,10576,7306,11908
10903: 9168,2687,5232,8607,7189,3839
10904: 8652,1203,8835,7031,11200,2049
10905: 9693,11425,10647,8294,6278
10906: 8694,12095,9419,11371,11019,3622
10907: 8250,8673,6572,8608,6688,2107
10908: 5629,6973,9546,8869,10609,3623
10909: 6281,10944,9051,11022,10773,8295
10910: 5396,1144,9661,11971,8609,12185
10911: 9951,8612,10307,8912,4683
10912: 9578,8457,10563,11046,6287
10913: 11194,8830,8613,11296,11204,6578
10914: 3634,6800,8504,11390,8767,11695
10915: 11672,4902,8826,11186,9201,8614
10916: 9149,3635,11673,11477,9037,8974
10917: 8615,11403,11798,6806,7185,9466
10918: 6625,6290,7431,4715,12015,11514
10919: 12075,5533,10588,7035,8297,8616
10920: 9199,11664,4894,11213,1225,10881
10921: 6292,10979,10651,10685,11373
10922: 9246,3642,9248,9575,6374,11998
10923: 8617,2563,7043,11637
10924: 11773,11341,5031,11225,6295
10925: 9371,4689,12013,8618,9399,11986
10926: 8670,8339,10994,7120,4999,12253
10927: 8620,8286,8762,6499,10644,12237
10928: 12088,9481,6299,8310
10929: 9255,10871,3652,6246,10752,8437
10930: 8264,6301,10626,11076,11907,9444
10931: 6335,10969,3654,11499,8336,8918
10932: 8312,6805,11401,8719,6302,10657
10933: 9098,3468,11577,8623,6586
10934: 8793,9324,7097,11937,10765
10935: 5052,11387,11219,8875,8625,8989
10936: 6992,9692,6307,12265,9156,12234
10937: 11468,11671,9031,9701,11222,1260
10938: 6308,9585,8873,5449,10567,11079
10939: 8837,8629,6590,11214,6595,11977
10940: 10646,8287,11334,7405,11996,8630
10941: 11569,7164,8957,11727,6312,11293
10942: 10678,8338,11171,8631,12542,4044
10943: 5040,3673,11867,11298,4862,6717
10944: 8633,9632,12171,6281,10909,8295
10945: 6316,92,9303
10946: 8634,11685,9266,8870,8535
10947: 11439,11870,12136,3674,9279,8863
10948: 12138,11379,8253,11832,6788,7450,8635
10949: 8425,10731,6318,8322,10665,7206
10950: 3677,9282,8981
10951: 10158,9127,3193,11628,4614,6319
10952: 10714,8969,11358,8637,11447,8385
10953: 7456,10793,8488,3680,4553
10954: 5450,8325,6321,10568,9396,12011
10955: 4787,8987,12363,1291,8885,6720
10956: 12115,6903,9527,10605,8638,6289
10957: 6731,6323,11310,11269,8327,10670
10958: 8993,3683,9289,11884,7113,11720
10959: 10671,11541,6324
10960: 12328,6602,11226,11834,11027,8639
10961: 12068,8278,8640,8376,10639
10962: 11709,10575,11049,6327,5479,11254
10963: 8597,10887,11481,4668,6914,8641
10964: 9557,7256,8642,11332,12542,12127,8836
10965: 6842,4689,8643,6604,11229,8953
10966: 8434,11693,10744,1313,8446,6942
10967: 3319,7012,8663,8999,8335
10968: 11575,8703,10543,11519,8439,10753
10969: 6335,10931
10970: 8646,11776,11232,12487,12065,5159
10971: 8526,6336,7451,708,8752,6712
10972: 6755,8647,10734,7166,11766,8415
10973: 11926,8805,3710,4663,6996,9007
10974: 480,9271,6339,11106,10995,12059
10975: 6306,8683,11676,5267,8649,8871
10976: 6820,11544,6340,10681,12150,10579
10977: 8589,10873,11726,9189,8650,5389
10978: 11523,6307,4727,6337,8339,8651
10979: 6292,10921,6343,10651,8304,10675
10980: 3721,9026,6489,11938,11230,11504
10981: 1360,8939,8654,11317,11746,8776
10982: 12004,6347,10684
10983: 9333,8950,3727,6901,11946,8791
10984: 11346,6767,11192,8659,6644,11535
10985: 6620,12109,6767,11192,8660,8829
10986: 1360,5464,10666,12143,9593,8323
10987: 8661,4571,11071,12208,9187,6452
10988: 8798,8676,6351,3514,8695,8711
10989: 8330,8915,10584,6352,4577,10809
10990: 4743,10674,11275,8665,8336
10991: 11241,6754,11155,8666,6625,6290
10992: 11515,6355,11162
10993: 8668,8451,8728,11546,11045,8755
10994: 6646,8670,11249,8339,10926,8651
10995: 8671,8341,6339,10974,9448,12059
10996: 8672,5349,11265,12118,9530,11148
10997: 11963,7491,12211,8552,4614,12484,3751
10998: 5415,7270,10219,8674,4935,6699
10999: 11244,6634,8675,10655,9122,10770
11000: 2619,3754,11580,11967,9350,8963
11001: 8363,10696,9339,11308,6367,4991
11002: 11713,8676,11555,4755,6351,10686
11003: 8364,10698,9521,6371,12097,12112
11004: 8679,11567,11018,4778,908
11005: 11408,8366,12290,8948,7408,6374
11006: 9596,8659,6644,9316,8682
11007: 1406,7072,11667
11008: 11304,3774,9099,10634,8273,6252
11009: 11665,10700,6376,9658,8368
11010: 4768,8370,10550,10702,8684,12098
11011: 11550,4747,12103,8671,1409,11771
11012: 11468,9085,3776,9362,11671,11554
11013: 7320,10555,11959,9469,11923,6381
11014: 8685,6548,10803,8503,8432,3510
11015: 8686,6382,11493,11017,618,10704
11016: 6651,8687,11329,5450,8508,10806
11017: 8689,9590,618,6652,10704,11015
11018: 12421,368,4778,8693,908,11004
11019: 8694,11692,10906,7088,2595
11020: 12534,3133,3514,6944,8695,11750
11021: 6394,12584,8382,2687,9828,5600
11022: 11992,3796,9051,11490,10909,10773
11023: 9468,7186,11788,8698,6657
11024: 3797,8260,8904,5193,5011,11889
11025: 6399,2628,11567,12548,11978,11585
11026: 1456,11557,4784,8699,9572,12131
11027: 3800,12328,6602,12141,10960,7294,9591
11028: 6401,12175,5608,9527,10605,10715
11029: 9594,7297,8703,12144,10543,11799
11030: 11389,8990,1457,11748
11031: 5461,9406,12018,12140,8708,11995
11032: 8266,8314,10628,6409,6446,10717
11033: 8867,11944,11261,5375,8710,10552
11034: 8588,8714,6683,6794,7245,11850
11035: 8534,6414,10825,6513,7104
11036: 8716,10741,10731,11258,8411,6425
11037: 9424,9404,3827,9264,10536,7171
11038: 10811,5630,11592,3474,9104
11039: 1479,9592,11056,7295,12554,11895
11040: 9391,8717,997,11824,9245,3217
11041: 7321,6421,4798,8405
11042: 11413,6815,11802,3834
11043: 12069,11087,3896,6422,11915,10726
11044: 11932,11600,9110,3835,5252,9198
11045: 8668,8718,6687,8728,11060,10993
11046: 12134,5427,6424,9578,10563,10912
11047: 8706,1662,12340,8719,8902,4972
11048: 3842,10784,11098,8781,3093,10613
11049: 10575,10962,5479,11258,6425,9423
11050: 8721,6680,11270,11088,9049,1584
11051: 11327,8722,7283,11576,11954,8558
11052: 1959,10735,11247,6428,9159,3547
11053: 1508,6825,8735,11426,10583,9014
11054: 9471,6381,8370,8724,9372,11923
11055: 7115,6434,11974,11722,11924,11795
11056: 1479,11185,11274,9592,8726,11039
11057: 7218,4809,6437,10607,11591,10745
11058: 8727,11711,7107,10815,11597,4814
11059: 3855,12221,11510,5292,9239,8355
11060: 8718,8728,11045,4803,9064,11587
11061: 5207,11901,10701,6441,10748,304
11062: 4816,11177,12266,12251,12300
11063: 6442,10750,8727,9340,6779,8856,12577
11064: 9125,8732,11263
11065: 4788,11604,9114,5412,6446,10561
11066: 3870,4525,5312,9044,10775,8458
11067: 2545,9027,1545,12167,11462
11068: 11900,6448,10520,11869
11069: 11827,8925,8735,11854,9356,5403
11070: 7007,3873,4820,8443,10538,11762
11071: 4571,10987,12208,6494,9699,10804
11072: 8318,12086,10593,11283,6312,8737
11073: 10522,11775,6453,9324,11937,9219
11074: 11757,11328,11158,8738,4826,10781
11075: 5350,10546,10699,10709,8578,10857
11076: 6301,10930,12184,9444,3875,5588
11077: 8257,1562,12240,10716,8388,4882
11078: 8746,8740,6460,3558,10774
11079: 6308,5449,11093,10938,8452,6456
11080: 7111,8571,11737,8742,11717
11081: 6459,11639,7195,9120,8675,10770
11082: 8744,10645,8921,6705,11291
11083: 6460,3558,12212,9533,11749,10851
11084: 7287,12137,11882,9585,10567,8745
11085: 11334,10751,8460,11781,4476,7181
11086: 10851,7031,11417,11623,8746,3558
11087: 12069,9457,3310,11043,3896,11729
11088: 6247,11488,9049,8721,11050
11089: 9013,9541,12122,6701,3897,9196
11090: 9086,10730,11340,10778,6467,9025
11091: 3577,11716,10863,11108,8474,8751
11092: 6355,1728,3899,9462,11162,8353
11093: 5449,11079,6456,11603,12007,6469
11094: 8753,11178,11619,4841,7152,11753
11095: 9073,10841,6935,11524,10846,8755
11096: 9206,10783,8474,8751,6474,11756
11097: 8757,6716,9298,9015
11098: 6475,10784,11048,7006,3093,11704
11099: 3909,5384,9341,12117,9529
11100: 4913,5287,8758,11710,6717,11298
11101: 454,10611,6781,11367,6477,8858
11102: 1077,11878,10845,3754,11537
11103: 10786,6479,9270,11862,10728,11330
11104: 6681,11286,11513,1609,5042,11355
11105: 8773,3376,8481,10787,6480,11679
11106: 8763,9271,6339,10974,7334,5319
11107: 9056,7429,6483,8523,8365,7476
11108: 10863,11091,11305,6725,8765,8751
11109: 9480,12087,3929,11496,9371,11986
11110: 9177,8490,5116,8489,6881,6485
11111: 8980,3295,11376,8766,12188,9138
11112: 8767,11931,6727,8891,7094,11307
11113: 11504,9060,10797,8495,6489,12192
11114: 6292,8771,6343
11115: 4527,6490,2579,11654,7060,10798,6811
11116: 9213,9308,3079,11910,11412,8772
11117: 8773,4500,10787,6731,11310,12101
11118: 11482,3386,8449,12208,6494,10775
11119: 10666,8776,8570,10848,11312
11120: 9253,6495,11621,8790,8500,11135
11121: 6503,8759,11128,4991,12479
11122: 10834,11551,9084,8906,1649,11280
11123: 3956,9888,8505,7174,6497,1980
11124: 9200,7335,6237,9418,8781,10613
11125: 3963,8698
11126: 9678,9034,10736,8417,6502,7362
11127: 8784,4869,11898,8563,10843
11128: 11303,6503,8929,11121,11308,4991
11129: 7103,11947,11392,7205,11703,11805
11130: 3564,10818,10855,8520,8807,6505
11131: 9095,1668,5016,8908,8957,11142
11132: 6506,9605,9488,10819,8524
11133: 10630,6235,3104,11473,7159,10619
11134: 4564,6508,12284,6968,10453,10115
11135: 8790,9170,9203,7030,11120,11621
11136: 11318,11518,8791,11946,9711,12216
11137: 8980,6513,10719,11376,11630,10825
11138: 3989,12091,11807,3609,10893,5514
11139: 5118,561,9751,10003,8792,6872
11140: 11172,12029,4915,8634,11685,6514
11141: 1681,10670,11300,8926,6323
11142: 12049,8957,9436,11335,5016,11131
11143: 6515,11787,11240,8536,3680,11503
11144: 8794,4875,12025,9208,9412
11145: 11599,9108,1687,11440,8952,8738
11146: 12165,11823,8427,9525,4002,11302
11147: 3087,8798,11713,4877,8676,10612
11148: 9530,6520,8543,10996,5349,5071
11149: 8799,5013,11328,11322,8952,7368
11150: 11633,4864,8328,10682,8548,10833
11151: 4878,12066,8588,8714,8802,10725,11581
11152: 8804,7422,12187
11153: 11632,11522,7038,8805,2517
11154: 9544,7388,11982,9644,8806,6753
11155: 10991,6754,8520,6290,8807
11156: 10837,8555,11646,11196,7053,6531
11157: 10861,8808,4784,11571,8388,6405
11158: 8738,11074,1687,8556,6533,10781
11159: 8672,8810,7197,11220,3126,11217
11160: 6424,9543,4031,12105,10729,5586
11161: 6534,10595,8267,4684,7074,364
11162: 6355,1728,11092,6919,11515,10992
11163: 12161,9618,6536,8784,8563
11164: 8280,8812,11350,8263,4886,8965
11165: 4032,9545,12172,10839,8559,9633
11166: 9728,8569,6539,11681,9284,3152
11167: 8611,9941,9886,9616,8816,12082
11168: 8817,10524,8753,11753,2652,10862
11169: 8819,8268,9081,3133,10629
11170: 11221,11835,8500,9253,10800,6545
11171: 8836,8801,11201,8631,10942,12542
11172: 9681,8820,11140,12029,6514,6760
11173: 6771,6547,11981,9365,7121,11728
11174: 10638,11406,8272,6251,8821,3135
11175: 9135,6548,10853,11645
11176: 5622,4054,2289,9565,4608,12130,7482
11177: 11062,12251,12300,10022,8822,8729,10743
11178: 6550,8753,11094,11619
11179: 10875,9354,8823,5396,11972,11720
11180: 9280,7071,1769,11665,9149,10898
11181: 7485,8498,7466,4602,6554,10828
11182: 10554,8824,3240,10693,5382,6256
11183: 12159,10805,9216,11629,6555,8507
11184: 6762,8968,8825
11185: 1479,6557,11274,11320,10585,6744,11056
11186: 8826,10915,8614,8745,4837,11882
11187: 12000,11234,6559,9346,10557,9386
11188: 5581,6799,1780,10599,6480,11679
11189: 8844,4918,8981,11378,8827,10890
11190: 9468,11632,7186,11522,6561,10789
11191: 6582,11208,8828,11534,11675,11563
11192: 10984,6767,10985,6644,11248,8829
11193: 8595,6565,7237,11836,3751,11963
11194: 3147,8285,8830,10913,11204,10894
11195: 11843,10535,2049,5310,6569,1203
11196: 8833,11680,8555,11156,2569,6531
11197: 8962,8604,6376,6570,7173,10700
11198: 8834,11800,7121,11349,8976,10526
11199: 8410,9086,11556,3445,6571
11200: 8835,7031,10904,11623,12035,12201
11201: 8856,8801,11171,12166,8631,12577
11202: 11682,4914,8837,6960,11552,11594
11203: 11685,11233,8839,11398,4915,4551
11204: 10559,6265,6578,10894,11194,10913
11205: 11358,11608,8841,11688,2527,10795
11206: 11324,8807,6505,11707,6754
11207: 8844,4918,8641,4668
11208: 8617,6582,8828,11191
11209: 9689,8845,9240,8880,1218
11210: 8846,6775,6417,10721,8398
11211: 8484,8623,11691,6586
11212: 12539,11361,11449,10795,8850,8494
11213: 5593,4894,10920,10877,8852,1225
11214: 9263,6789,8629,6590,7061,10939
11215: 11547,11363,12552,11712,6845,6777
11216: 3290,8855,9534,8975,11875,10650
11217: 3126,6594,10631,10859,7197,11159
11218: 9415,6759,12028,6781,8858,11331
11219: 6590,8625,6595,8989,10935
11220: 8810,1995,11159,3126,11242,8859
11221: 6812,8860,11835,10850,11170,6545
11222: 11233,1260,8839,10937,9701,6598
11223: 4952,6327,11356,5567,6784,8862
11224: 6600,8969,9184,7014
11225: 9279,6295,8863,11773,10924
11226: 6602,2083,148,11834,10960,9628,12169
11227: 4918,11690,10890,8641,6603,10887
11228: 8348,11373,11406,2286,6786,8867
11229: 11932,6604,10965,6479,8953,11330
11230: 11461,11702,9026,10980,8868,11504
11231: 5194,12220,7707,11375,8869,9232
11232: 8646,12005,10970,6607,12487,407
11233: 11222,11685,8870,11203,1260,8839
11234: 6611,8720,6559,9386,11187,2093
11235: 6651,11252,10568,6788,8872
11236: 6639,4941,8502,10802,11461,11702
11237: 8317,10661,9707,8873,10658
11238: 6477,8858,8874,11331,3619,12359
11239: 9212,3609,6620,11346,6767,11435
11240: 9286,8875,8536,5052,11787,11143
11241: 10991,8428,8666,6625,7507,9710
11242: 11839,5249,6630,11927,1995,11220
11243: 3125,1940,11782,8808,11794,11571
11244: 6634,10999,10770,8454
11245: 8680,9026,6896,6872,6639,11461
11246: 3200,8877,8825,8332
11247: 9210,1959,11052,9241,11684,6428
11248: 8682,11638,9133,6644,11192,8851,8829
11249: 6646,8670,11548,10830,10994,4746
11250: 11291,8878,6792
11251: 10571,8879,11766,4725,8811,8647
11252: 6651,8253,11235,11329,10620,6788
11253: 12124,7245,9536,10601,11850,8881
11254: 5479,6784,8694,6654,11371,10962
11255: 11788,8509,10807,5126,6657,11845
11256: 6495,11621,9003,10530,1979,5297
11257: 6658,8600,3517,8423,6787,10892
11258: 8716,11036,6425,10673,10575,11049
11259: 9378,11276,6663,7248,12018,11995
11260: 8891,8661,4571,11390,11416
11261: 11033,6786,8867,8710,6666,11551
11262: 10826,10888,8535,8634,3605,6514
11263: 8894,8732,5554,11064
11264: 7301,2154,6671,6288,12427,8269
11265: 8672,10996,8810,5349,10545
11266: 8895,10747,9055,9262,11397,6919
11267: 11273,8896,11786,8995,11718,11399
11268: 9092,6302,6678,12320,1662,12354
11269: 6731,6323,8898,11734,4989,10957
11270: 6680,11050,7311,6850,1584
11271: 6681,8910,10838,11879,8978,11372
11272: 9178,3567,11680,8555,2008
11273: 8896,8902,11267,11399,11419,11401
11274: 11185,6683,6794,6557,8726,11056
11275: 11544,8903,4743,10674,10990,6340
11276: 9378,11431,8904,11259,7248
11277: 8668,6687,11797,9302,10857,5350
11278: 2683,10534,8603,11415,8905
11279: 7219,9503,7347,11955,6690
11280: 7313,9602,11914,8906,11122,1649
11281: 2027,7241,11305,11844,9365,8765
11282: 1668,8908,11428,9265,11420,6818
11283: 7345,5552,6697,8318,10593,11072
11284: 11711,9078,7509,8909,8590
11285: 6698,8383,425,4775,8739,6270
11286: 6681,11721,8910,11104,6915,11513
11287: 5506,3318,10581,7315,8911,10530
11288: 9195,5249,11927,6701,11737,11860
11289: 4622,4976,8912,8557,4683,12160
11290: 8914,10594,6690,9244,4979
11291: 11250,6792,11383,6705,11082
11292: 8961,6847,11450,7458,6287,6706
11293: 8917,10764,10941,11727,6312,8737
11294: 10535,2049,8835,12032,9307
11295: 6820,11544,4743,8918,11849,9649
11296: 4983,8613,11730,8830,8921,10913
11297: 6716,11300,9015,11438,10618,4989
11298: 5040,11778,10943,5287,11100,6717
11299: 6825,8925,11761,5016,8908,9265
11300: 6716,11297,8926,6323,4989,11141
11301: 11985,9646,9479,8927,9549,12178
11302: 4002,10680,6722,12113,9525,11146
11303: 11960,8929,11128,11308,7354,8933
11304: 9359,8930,3774,10099,10634,11008
11305: 2027,11281,6725,8765,11108
11306: 5191,2080,11886,9126,3278,11624
11307: 11112,3578,6727,8891,10865
11308: 11303,11128,8933,9339,11001,4991
11309: 9713,8242,10556,3800,2083,9385
11310: 6731,10957,8327,8937,4500,11117
11311: 11536,7033,7022,11617,11548,8935
11312: 8323,11530,6733,11119,10666
11313: 1675,8936,12239,9700,10512
11314: 9103,11588,8327,5000,8937,11740
11315: 6739,7394,11987,10800,3583,4874
11316: 11714,8938,11527,9184
11317: 1360,5464,10572,8939,10981,9077
11318: 6743,11325,11518,11455,11136,8791
11319: 6371,11607,3247,8940,9335
11320: 1479,11185,6744,7209,8795,12550
11321: 11815,9368,11906
11322: 8799,11149,7368,9636,12063,6746
11323: 10481,9629,708,8945,7451,8598
11324: 11206,6580,10883,11707,3596
11325: 11318,9132,6743,11754,8791,8950
11326: 6755,12507,8811,8647,9917,8313,11792
11327: 6841,11051,11439,8722,8951,11576
11328: 5013,11757,8952,11149,8738,11074
11329: 6651,11016,8687,2129,10620,11252
11330: 10728,8953,8407,11229,11103,6479
11331: 11238,8858,12359,6759,11218
11332: 8374,9557,8954,7256,8642,9555,10964
11333: 12176,3605,9643,9205,6760
11334: 7405,10751,11085,4476,11996,10940
11335: 8793,3657,11761,12049,11142,5016
11336: 11413,6815,2140,10623,5193
11337: 6777,8958,6763,11363,5045,9076
11338: 12309,6761,7367,12551,9142,12514
11339: 1406,3211,11880,8903,10674,8959
11340: 4483,9086,11556,11090,4630,9025
11341: 6762,10924
11342: 8961,11405,11450,10711
11343: 11690,8827,10890,6956,9096,3606,6763
11344: 11821,8962,8604,1409,3635,11673
11345: 12003,9508,12106,8415,9441,4487
11346: 11765,9212,10984,6767,11239,11535
11347: 4488,8418,11529,7418,11640,9134
11348: 9263,6789,11851,6848,1077,8963
11349: 6771,10852,10687,8976,11198,7121
11350: 2167,11164,8280,9435,6850,8812
11351: 9624,12166,12577,6779,11365,6772
11352: 11825,4886,8965,6454,11657,5093
11353: 1162,10739,2265,4505,4491,9567
11354: 9415,6759,8966,11539,9079,11768,2618
11355: 6774,10565,11104,1609,5042,11780
11356: 6762,8968,5031,4952,11223
11357: 38,10528,10627,4497,12187,8804
11358: 7014,11608,8841,11205,8969,10952
11359: 11839,9257,8398,11652,6775,10897
11360: 4500,12010,8481,10787,7424,8433
11361: 6776,8574,12539,9708,11212,11449
11362: 9029,12181,8973,9653,5644,11495
11363: 6956,11547,6763,11215,6777,11337
11364: 11460,8974,9280,11872,1769
11365: 5161,11868,4814,6779,6772,11351
11366: 8284,10642,10891,12012,8437,6246
11367: 6781,4841,7152,10760,454,11101
11368: 6410,8975,12379,3164,10650,10836,12589
11369: 12113,12102,9502,8723,2208,9474
11370: 8512,5040,11778,10809,8352,10687
11371: 6784,8694,12095,8862,10906,11254
11372: 8978,5042,10592,12002,6681,11271
11373: 10685,8348,11228,10921,10651,6786
11374: 6860,8368,4866,11935,5258
11375: 6787,8869,10609,3517,7707,11231
11376: 11111,8980,10719,3295,11137
11377: 4525,5312,10536,11442,12019,9264
11378: 8981,11189,8827,5045,9282,11783
11379: 12138,9586,10948,12562,6788
11380: 6862,8982,2658,3254,12247
11381: 8350,9701,6598,6790,7488,12210
11382: 5218,9186,7015,12017,4530,8464
11383: 11516,6792,11446,6705,11790,11291
11384: 12126,8984,5552,9104,11592
11385: 8994,8881,11396,6794,8726,11850
11386: 12023,7446,8469,10780,11490,4536
11387: 5052,6947,11542,10935,9085,8989
11388: 9383,9033,8888,6799,1780,8372
11389: 11030,12088,8990
11390: 8504,10914,8767,8891,11260,11416
11391: 11394,5056,11790,2257,11485,11446
11392: 7103,9190,8992,11129,7205,8786
11393: 4545,12026,8635,7450,5375,10552
11394: 8993,5056,11391,9289,2257,6852
11395: 6802,5099,11477,11724,9037,8894
11396: 8994,9660,7417,8881,12106,11385
11397: 1728,6803,6919,11266,11631,10747
11398: 8482,8876,11203,8839,9540,4551
11399: 11273,8902,11474,4972,11267,11718
11400: 4552,9141,11659,5199,11678,8485
11401: 6805,10932,11419,8719,11273,8902
11402: 8488,4553,11919,8760,9313,10845
11403: 8615,11491,6806,10917,8897,4686
11404: 9050,8473,8486,6472,5059,8996
11405: 11909,8961,11342,4555
11406: 8348,10638,11174,11228,3135,2286
11407: 11974,9355,11795,5062,2430,5641
11408: 5581,6809,8366,11005,10599,3642,6374
11409: 219,10566,10886,9000,8420,11822
11410: 6812,11835,9445,12553,11414,8901
11411: 9002,6806,8897,9148,9392,3805
11412: 9308,11116,7464,4568,8772
11413: 11042,11336,6815
11414: 12553,9253,6495,9003,11410,11835
11415: 11278,6816,4503,8905,10752
11416: 10804,12042,11260,4571,8504,11390
11417: 10851,11086,8652,7031,9005,6612
11418: 7251,11859,12071,6817,5392,9349
11419: 2306,9609,6805,11401,11273,8896
11420: 11428,4585,11282,6818,9589,8365
11421: 8347,12152,10684,4573,9603,12205
11422: 8747,12457,6883,11926,9318,4838
11423: 5495,12179,10579,6820,9649
11424: 9653,7400,10740,10733,9008,11993
11425: 9693,4582,10905,6278,11467
11426: 6825,11761,10583,11053,8450,3657
11427: 3383,9041,10767,6571,6884
11428: 1668,8487,4981,4585,11282,11420
11429: 9364,9010,4818,1505,12453,12588
11430: 1675,4676,6832,10507,12239,9781
11431: 11276,8260,9011,8904,7248,11852
11432: 6833,2527,8850,9020,11816,9088
11433: 9013,9459,11860,11806,9269,10545
11434: 7193,10019,6836,9097,7655,8943
11435: 3609,6620,10893,11239,9516,9014
11436: 7262,4595,9697,6785,7011,10234
11437: 9377,8409,5427,10563,6847,2346
11438: 9015,11297,3336,10742,5651,10618
11439: 6841,10947,11327,11870,8722,12136
11440: 11599,9016,3265,1687,10707,11145,8333
11441: 8953,8407,368,12030,12482,6842
11442: 8498,10799,4602,4525,11377,12019
11443: 9017,11483
11444: 6367,8373,6718,4603,8540,12479
11445: 6845,6940,6777,8958,2619,11580
11446: 11485,11516,11383,9019,11391,11790
11447: 8637,2354,6853,10952,8385,8566
11448: 6846,8960,12090,6277,2698,9028
11449: 6776,9020,11866,11212,11361,8850
11450: 8961,6847,11342,11292,10711,2346
11451: 3357,11489,7405,8832,10751,9021
11452: 10587,6850,8812,1584,324
11453: 9022,12107,10603,10814,6893,12173,8412
11454: 4816,12266,6852,12256,11884,9289
11455: 11318,9024,9117,6743,11518,11609
11456: 9636,6853,6746,10896,12174,6266
11457: 8564,8979,12213,11935,10796,4630
11458: 8466,10778,11744,10754
11459: 8317,4631,10661,10847
11460: 6856,11364,11872
11461: 6639,11236,11702,11230,9026,11245
11462: 11067,9027,12167,9490,9626,12093
11463: 11635,8774,944,10791,4866,11589
11464: 10533,5303,11993,9251,7400
11465: 6862,8982,5107,9630,6383,9050
11466: 8381,9030,10587,10712,4745,324
11467: 6278,2398,8516,4582,11425,7056
11468: 3776,11671,11012,10937,9106,9031
11469: 9333,6901,10758,8446,9032,6942
11470: 9383,9033,7177,6984,9455,12067
11471: 9678,12115,9034,5608,10605,12196
11472: 7362,12105,12171,2406,9506,11968
11473: 11133,10630,10619,9035,3125,10544
11474: 4972,11718,11399,8396,7390,11984
11475: 4660,11549,9078,10815,4906,8517
11476: 9036,3380,12190,3234,10689,10764
11477: 11395,11724,9037,4979,3635,10916
11478: 9712,9199,346,9318,4663,10881
11479: 11755,5310,6884,8606,7153,9009
11480: 9041,10797,8495,12213,3445,10796
11481: 9046,4668,6914,10963
11482: 10769,3386,11118,9287,9044,10775
11483: 9017,11443,11747,7135,6891
11484: 9046,11533,5144,11855
11485: 9019,11446,6892,10672,11391,2257
11486: 9047,9160,12195,9181,8305,12275
11487: 8262,6239,10864
11488: 6247,10874,11532,11088,9049,10712
11489: 11451,8832,6893,6269,9021,8412
11490: 12023,9051,11386,3796,11022,4536
11491: 11403,8897,4686,12499,8273,11871,1345
11492: 11561,9024,9070,5127
11493: 4770,8686,6382,9504,2459,11015
11494: 11512,9053,9882,4980,5148
11495: 9029,6898,9275,8973,11362,7291
11496: 10882,6254,3929,11109,11986,8643
11497: 7254,1593,12526,9054,11863
11498: 8371,3727,10704,6901,10758,6382
11499: 10931,3654,9055,9262
11500: 12115,9034,6903,5492,10577,8417
11501: 6921,7491,9057,9345,11517,12056
11502: 6261,6585,10300,6411,9058,10207
11503: 9059,10777,7456,3680,6515,11143
11504: 11113,8868,9060,10980,6489,11230
11505: 4706,9655,10647,8630,8294
11506: 8597,9715,10572,9077,11533,6914
11507: 9064,11627,7034,9478,8718,12085
11508: 8633,9632,283,4708,8360,10694
11509: 11768,11721,6915,11539,11520,6924
11510: 6928,9429,3855,9066,11059,12221
11511: 11570,8820,9319,2494,11929,10551
11512: 9053,11494,10091,5148,11525,6918
11513: 9067,6271,1609,11286,11104,6915
11514: 6625,7507,4715,10918,12068,8640
11515: 10992,9055,11162,6919
11516: 9068,9595,6792,11383,12145,9019,11446
11517: 6921,9413,11501,12056,12217,7513
11518: 11318,9024,11455,11136,9070,9711
11519: 4723,11620,8645,10968,8703,10753
11520: 9061,12359,6759,11539,11509,6924
11521: 9071,6980,11558,4488,6932,11529
11522: 11632,11190,11153,2517,6561,9161
11523: 3805,4727,10978,11593,9392,8651
11524: 11095,6935,8755,11532,4745,11546
11525: 9239,6918,11512,5148,12221,11861
11526: 9074,7352,11534,11563,6937,12073
11527: 6833,7014,11608,8938,11316,9184
11528: 8584,7047,9075,2476,6554,8538
11529: 4488,6932,8418,10737,11347,11521
11530: 11312,8323,4729,11897,5291,10527,6733
11531: 9076,9313,11874,8760,6940,8958
11532: 10874,11488,10712,4745,6935,11524
11533: 9046,11484,6914,9077,11855,11506
11534: 8828,11191,11563,11526,6937
11535: 8659,4736,11904,11765,11346,10984
11536: 11311,4746,11760,2544,7033,11548
11537: 8760,6940,3754,11580,11102,10845
11538: 2545,8507,9216
11539: 6759,11354,11520,11509,11768
11540: 2546,9421,11651,4880,11613,11777
11541: 10959,10586,6324,4738,321
11542: 11387,5245,9290,9085,11554,11887
11543: 8595,3435,5379,9152,9080,11696
11544: 6820,10976,4743,11275,6340,11295
11545: 8560,10840,9344,8853,11712,7108
11546: 8451,10993,8381,4745,11524,8755
11547: 6956,9096,11725,11215,11363,12552
11548: 8670,11249,11311,11536,4746,8935
11549: 9231,4660,11637,11475,2563,4906
11550: 7219,9503,12165,4747,12103,11011
11551: 6666,9084,11122,1649,11261,8710
11552: 6960,3375,10759,11202,11594,9106
11553: 8768,1016,2569,6593,8525,12255
11554: 9085,11671,11012,11542,7075,11887
11555: 11713,7109,11002,4755,9347,9229
11556: 11199,9086,11340,3445,10796,4630
11557: 6967,9222,9114,8699,9572,11026
11558: 5082,9071,11816,9088,11521,6932
11559: 11618,9115,4536,6969,10780,9496
11560: 7319,7127,9771,9897,9089,6929
11561: 6972,11609,9024,11492
11562: 4768,10817,8724,9317,7115,1007
11563: 11191,11534,11675,9091,9074,11526
11564: 11921,6645,7088,8315,12146,9316
11565: 6974,9375,11992,9121,11618,3796
11566: 12259,6939,9093,9094,10225,6773
11567: 8679,6399,2628,11004,11025,4778
11568: 9602,11813,2601,8906,11695,3634
11569: 7164,12164,8957,11764,9436,10941
11570: 9681,11511,8820,12198,6977,10551
11571: 11782,8808,4784,8699,11243,11157
11572: 9406,12018,10570,11636,9132,6979
11573: 9096,7118,11725,9057,11758,9358
11574: 9071,6980
11575: 97,10968,6409,10543,8439,4788
11576: 9338,8951,5029,11954,11051,11327
11577: 7473,12048,9098,10933
11578: 7424,6981,8766,10749,8980
11579: 3774,9099,7065,12392,2608,6957
11580: 6940,2619,3754,11445,11000,11537
11581: 8714,10695,10725,11151,12120
11582: 8615,9466,12076,9081,9100,5166
11583: 4800,8425,10741,10602,401
11584: 10790,8485,6985,9591,12328,5199
11585: 11978,7064,9363,12246,2628,11025
11586: 7455,12031,10553,6986,5378,12199
11587: 8477,9064,11060,4803,9210,6428
11588: 9103,11314,5000
11589: 6860,944,11463,7496,12061
11590: 7123,8570,2629,9172,6733
11591: 4809,11057,10745,7482,12102,9502
11592: 11038,5630,9104,11384,10610
11593: 6646,6995,9392,8651,12006,11523
11594: 3776,11977,9106,11202,8837,11552
11595: 8592,3594,10808,2517,6996,9161
11596: 5168,5245,11723,11873,11817,11922
11597: 8517,9091,5161,4814,10815,11058
11598: 6844,6994,7000,9795,3807,11715
11599: 9108,3265,10604,10707,11145,11440
11600: 3484,10636,9110,3835,11044,10816
11601: 9241,11684,9157,11906,5212,11731
11602: 7007,11941,12045,11762,7161,9433
11603: 11757,6456,4826,8470,11093,6469
11604: 8439,3501,6967,11065,4788,9114
11605: 8740,6460,9704,10649,8554,4828
11606: 10186,7013,3782,10084,6953,9182
11607: 6371,9496,11319,12097,9115,3247
11608: 6833,7014,11358,11205,2527,11527
11609: 6972,11561,11634,9024,9117,11455
11610: 12150,9601,11912,8342,3827
11611: 4837,6580,9394,12007,9175,11707
11612: 11742,9118,10883,3596,10822,9201
11613: 6362,4880,10831,2546,11540,3516
11614: 9243,5250,11819,10529,11738,7020
11615: 10783,8474,5264,10858,4840,11716
11616: 1940,11782,9120,5188,9222,11883
11617: 7022,9270,11660,11311,9192,8935
11618: 11565,9121,3796,11559,9115,4536
11619: 6550,11094,11178,4841,10854,8577
11620: 10655,4723,9122,11519,10753,10824
11621: 6495,11120,11256,1979,7030,11135
11622: 9125,7384,11979
11623: 11086,9684,7031,11200,8746,12201
11624: 9126,11306,3278,10715,10713,6401
11625: 9412,7033,12025,7022,9198,11739
11626: 10896,4916,8620,4854,6266,11688,8494
11627: 8477,9064,6475,7034,10784,11507
11628: 4729,6319,11990,10527,9127,10951
11629: 7036,6555,11770,9216,11183
11630: 4860,8980,11137,10825
11631: 8429,10747,11397,6803,12074
11632: 7186,11522,11190,9220,7038,11153
11633: 4864,8328,11150
11634: 9131,6972,11609,2140,9117,11889
11635: 8551,11463,10835,8774,10791,4866
11636: 3797,9378,11572,12018,9132,11754
11637: 9231,11847,11549,7043,10923,2563
11638: 11921,4944,11699,11248,8682,9133
11639: 4869,6459,5347,11081,11898,7195
11640: 4678,9134,4488,11347,6239,10864
11641: 9425,11894,9292,12504,12041,7049
11642: 3583,8790,9170,4874,10869
11643: 9135,8685,6441,10748
11644: 7052,10826,9242,1992,11817,10888
11645: 4875,11175,10853
11646: 10837,3336,10755,11156,7053,11828
11647: 11939,7240,7332,8586,3087,4877
11648: 5593,10814,8516,7056,8852,11830
11649: 12155,7328,4878,8802,11936,11925
11650: 4860,9137,6981
11651: 9007,4880,11777,7038,11540
11652: 11839,8398,6630,11359,7059,4934
11653: 12188,5197,11892,9138,8456,9666
11654: 4584,2579,11115,6811,9259,8656
11655: 8819,43,9139,8586,10531,7332
11656: 12043,7061,10788,8355,3855,10690
11657: 5093,3253,10625,11966,4886,11352
11658: 9541,7251,7062,12122,11859,11930
11659: 9146,8639,9141,11400,5199,11666
11660: 10786,9270,11617,9192,7064,12246
11661: 9143,12125,4839,6984,472,6566
11662: 9402,7067,5457,7142,3864
11663: 4487,10790,9145,7166,6985,10663
11664: 12561,8818,9199,10920,9511,4894
11665: 7071,11180,12183,11009,9658
11666: 9146,6986,9141,11659,12112,8364
11667: 7072,11880,10769,9287,1406,11007
11668: 8692,9147,5201,12245,6987,7432
11669: 4901,10875,1144,8800,11863
11670: 9148,9158,10701,5064,9002
11671: 11468,11012,10937,11554,7075,1260
11672: 4902,10915,9201,11742
11673: 8604,9149,3635,10898,10916,11344
11674: 9298,9015,6448,7078,10742
11675: 6582,11191,4906,11563,8517,9091
11676: 7080,10660,5267,10866,8649,10975
11677: 602,9154,12547,8664,7004,6643
11678: 7081,12053,8320,8485,4552,11400
11679: 8773,11105,6480,9155,5581,11188
11680: 9178,4913,8833,11196,11272,8555
11681: 6539,11166,7083,9284,10048,4858
11682: 11202,4914,4697,8483,8239,6960
11683: 11910,7084,11767,12203,2306,10691
11684: 9210,9241,11247,11601,9157,11763
11685: 8634,8870,11233,11203,10946,11140,4915
11686: 12006,5207,9158,8432,3510,6995
11687: 9006,5067,12277,12502,12524,9566
11688: 8841,11205,10795,8494,11626,4916
11689: 1070,9159,10735
11690: 11227,10890,11343,9207,6603,3606
11691: 8484,11211,6561,9161,6586,10808
11692: 8694,6654,11019,7088,12146,12037
11693: 9164,10744,10966,8741,1313,12104
11694: 4926,8865,8851,8660,8829,12558
11695: 8767,7094,2601,11568,3634,10914
11696: 9080,7110,9165,11543,9152
11697: 12060,7097,11937,9605,12153,6453
11698: 7059,10722,4934,8984,10610
11699: 8871,4944,9169,11638,9133,3508,12587
11700: 8406,9170,10869,10726,5233,9203
11701: 11945,9611,11936,7102,7328,10523
11702: 11841,4941,11236,11461,11230,8868
11703: 3104,11805,9334,10619,11947,11129
11704: 2629,7126,9172,3093,11098,7006
11705: 6513,10719,7104,10720,6877,8396
11706: 6551,10860,4947,7486,8373,10706
11707: 11206,11324,6580,6505,9175,11611
11708: 7105,9338,8951
11709: 8877,8332,4952,10575,6327,10962
11710: 10526,9178,4913,5287,9233,11100
11711: 9078,7107,8909,10815,11058,11284
11712: 11215,12552,8853,11545,6845,7108
11713: 11147,7109,8676,10612,11555,11002
11714: 11316,9184
11715: 3807,7110,9944,7000,11598
11716: 9185,3577,11091,8474,11615,10858
11717: 5357,7111,9352,8742,11080,11913
11718: 8995,11474,6877,11267,11399,8396
11719: 9187,8548,10671,6324,3578,10865
11720: 8823,11179,7113,11972,3683,10958
11721: 11509,11768,8910,4975,11286,6915
11722: 7115,5362,11974,9129,11055,9317
11723: 9107,11873,11596,11817,9188
11724: 11395,11477,8894,4979,8914
11725: 6956,11547,9096,7118,8725,11573
11726: 10977,9189,7062,9268,8650,11858
11727: 9095,4981,8957,10941,8917,11293
11728: 8834,7121,10863,9365,8765,11173
11729: 9190,8992,10727,11087,3310,3896
11730: 6705,5056,4983,11296,11790,8921
11731: 7123,5212,11601,9157,9172
11732: 12495,9193,5533,8795,10872,6744
11733: 10584,7187,7125,9606,8704,12154
11734: 10618,8898,4989,12132,11269
11735: 8919,5230,8354,9166,9194
11736: 5291,7126,11990,11943,10527,9374
11737: 6701,8571,8742,11080,11288,9195
11738: 9489,7020,11969,9196,5250,11614
11739: 7022,5252,9198,9270,11862,11625
11740: 9137,10749,8433,11314,5000,8937
11741: 7135,8717
11742: 12008,9118,11612,11672,9201
11743: 7137,4868,8499,2538,9393,9310
11744: 11458,10778,10754,9025,12001,7412
11745: 7139,5002,8654,11746,12009
11746: 8654,10981,8776,5002,10848,11745
11747: 9017,11483,5233,9203,6891,7030
11748: 1457,12087,7143,11030,11899,8990
11749: 6882,9533,9005,9204,11083,10851
11750: 12557,9328,6655,11020,6944,8695
11751: 10509,7329,7151,10056,10025,10499
11752: 9205,1992
11753: 8753,11094,7152,8817,12028,11168
11754: 9132,6743,11325,5011,3797,11636
11755: 9417,10535,11479,5310,7153
11756: 6474,9206,11096
11757: 5013,11328,6456,11074,11603,4826
11758: 6921,9057,9207,9096,3606,11573
11759: 8788,11948,7159,9431,8252,6233
11760: 9208,11536,8576,9412,2544,7033
11761: 6825,11426,11299,11335,3657,5016
11762: 7007,11941,5319,11602,10538,11070
11763: 8477,6475,7006,9210,11684,9157
11764: 11569,7164,9621,12164,5321,10662
11765: 9212,11346,6318,4736,11535,7206
11766: 7166,8879,10663,11251,10972,8647
11767: 9213,11683,11910,12014,8357,10691
11768: 11509,2618,11721,4975,11539,11354
11769: 3870,5312,10536,12057,12052,7171
11770: 9216,11629
11771: 8962,1409,8671,11011,9448,7173
11772: 693,10849,9217
11773: 10924,5031,10597,11225,8863,8306
11774: 12575,12507,9917,12062,7174,9411
11775: 5275,10522,11073,7346,9219
11776: 8646,7175,10737,10970,11866,5159
11777: 9220,7038,8509,11651,11540,9421
11778: 5040,11370,11298,10687,8976,5287
11779: 5277,10523,9221,9292,7102
11780: 5042,9387,12002,11355,5438,10565
11781: 9460,7181,11958,8460,11085,10776
11782: 1940,8699,11243,11571,11616,9222
11783: 9076,10548,9282,11874,11378,5045
11784: 8874,9348,3619,8479,10902,9223
11785: 9255,8905,11837,8603,7185,10895
11786: 8896,8995,11267,9688,10525,12203
11787: 5052,6947,5168,6515,11143,11240
11788: 7186,11255,11023,9220,8509,6657
11789: 7154,9226,3622,10832,9619,11949
11790: 6705,5056,11730,11391,11383,11446
11791: 12081,7190,9473,5339,9332
11792: 6755,12507,9451,10734,11326,5057
11793: 8809,4508,8444,8421,9228,9542
11794: 3125,1940,10544,11243,5347,7195
11795: 6434,8424,11974,11055,11407,5062
11796: 9070,5127,9231,9711,11847,10876
11797: 11277,6687,12085,5350,7462,7199
11798: 9002,6806,7185,10895,10917,5064
11799: 11899,7200,8645,7297,8703,11029
11800: 8834,9185,11198,3577,10526,9233
11801: 7273,12345,12372,7203,5419,6810
11802: 11042,6815,5070,3834,9409,5296
11803: 3848,12495,12075,9465,11810,12041,11814
11804: 5243,9018,10506,9235,9181,9047
11805: 11703,9334,11129,7205,6739,9487
11806: 9459,11433,12071,5349,10545,5071
11807: 11138,10665,12091,7206,9212,3609
11808: 9236,5290,1217,9730,8677,6635
11809: 7207,12021
11810: 9465,9238,7204,11803,9425,12041
11811: 5080,9018,9918,8394,6413
11812: 3677,9492,5358,10548,7210
11813: 9602,12151,11568,9240,3634,8845
11814: 7211,3585,7049,3848,11803,12041
11815: 1959,9241,8416,11906,11321
11816: 5082,9088,11558,8938,11432,6833
11817: 9242,11644,11922,11596,11723,9188
11818: 7216,10688,12078,8353,3899,9498
11819: 8589,9243,5250,11930,9189,11614
11820: 8468,9622,9319,7347,11929,11955
11821: 1409,3635,11344,9244,12103,4979
11822: 9000,9238,7204,5091,8420,11409
11823: 7219,12165,7347,11146,8427,9622
11824: 11040,9245,5297,10679,3217,8911
11825: 9030,8965,10587,6454,11352
11826: 9246,7408,7053,11998,6531,8525,10820
11827: 1508,11069,7225,8735,5403,4822
11828: 9246,9248,5651,7053,11646,3336
11829: 8974,5099,9037
11830: 9098,9249,8852,11648,12048,7056
11831: 7067,7142,10348,10533,9251,10064
11832: 9520,8253,6788,7235,7450,10948,8635
11833: 12268,4665,8486,9878,7158,5107
11834: 11226,10960,12169,9146,8639,7236
11835: 11221,11410,6812,11170,9253,11414
11836: 7237,3751,11976,11193,11963,9345,9358
11837: 9255,3652,12076,11785,7185,9466
11838: 6597,10030,6512,7238,4021,8243
11839: 11242,9257,6630,11359,11652,11927
11840: 11956,454,7239,10554,10760,8447
11841: 8602,4941,11702,8868,9260,5120
11842: 6503,7240,8759,3087,8777,10612
11843: 5310,11195,6569,6884,3383,9260
11844: 7241,11281,9365,5384,9291,11981
11845: 9595,12145,11255,5477,10807,5126
11846: 7431,8302,12191,8444,9261,10756
11847: 5127,9231,11637,11796,6895,7043
11848: 4031,3290,7244,10736,11968,10718
11849: 3654,8918,9262,11295,8895,11989,9649
11850: 11253,7245,6794,8881,11385,11034
11851: 9263,12043,11348,9429,11967,8963
11852: 9243,12121,9538,9011,11431,7248
11853: 9424,7155,9264,12019,7438,9674
11854: 11069,8925,9356,9265,6818,6749
11855: 5144,9395,8939,9077,11484,11533
11856: 10826,9242,11922,8535,9290,9266,11887
11857: 9067,3752,5145,6271,9048,7306
11858: 6611,8650,6559,10558,9268,11726
11859: 11418,9459,7251,12122,11658,12071
11860: 9013,11433,11288,5249,9269,6701
11861: 6928,10840,12221,9082,5148,11525
11862: 11103,5252,6479,9270,11739
11863: 9550,8800,11497,7254,11669
11864: 12127,8801,3115,7255,6461,9551
11865: 9274,11953
11866: 6776,9020,5159,11449,11776,7175
11867: 9276,8512,5040,12206,3673,10943
11868: 9074,5161,7352,11365,6772,11958
11869: 10520,5264,11068,6448,9278
11870: 6841,10947,11439,9279
11871: 7099,8273,5166,10880,6252,11491,4686
11872: 3365,9280,9202,6856,11460,11364
11873: 9107,10777,11723,5168,6515,11596
11874: 9076,5358,10548,9313,11783,11531
11875: 4828,10650,10649,8855,11216,7277
11876: 6776,12065,8574,5159,9453,9283
11877: 7281,9581,10362,6643,9428,602
11878: 9286,6848,1077,11102,10827,10845
11879: 10838,11271,9583,7283,9477,8978
11880: 11667,9287,1406,11339,9439,8959
11881: 8403,10540,9288,12182
11882: 7287,11084,8745,8826,11186
11883: 3501,6967,5188,9222,10824,11616
11884: 12256,11454,8562,10958,9289,7113
11885: 7290,7165,9587,3131,8815,12170
11886: 5191,6969,9126,11306,8469,10780
11887: 9266,7075,11554,11542,9290,11856
11888: 9588,6661,9275,7291,9402,8258
11889: 9117,5011,2140,5193,11024,11634
11890: 7320,9291,10555,11981,6547,9452
11891: 12140,8708,7293,12000,9346,4467
11892: 5197,12067,10761,11653,3376,9666
11893: 12020,4664,8594,10571,5462,11999
11894: 11641,3317,9563,9292,10541,12504
11895: 7295,9451,12062,9592,11039,12142
11896: 10312,6679,1512,588,9295,9296
11897: 9593,8323,4729,7296,6319,11530
11898: 11127,4869,9297,5347,11639,10843
11899: 11799,8990,7200,11748,7143,7297
11900: 11068,6448,9298
11901: 8369,10701,11061,10582,10534,304
11902: 6234,10859,9875,7197,12118,9299
11903: 10158,8991,10441,5209,3193,6311
11904: 7303,9596,8659,4736,11535
11905: 10766,6454,10709,9302,10857
11906: 9368,5212,11815,9241,11601,11321
11907: 8264,10664,10930,7081,8320,9444
11908: 5486,9597,10902,10576,3752,7306
11909: 8961,11405,7458,12035,4555,9307
11910: 9213,11683,9308,11116,7084,11767
11911: 6680,12149,7311,11934
11912: 9601,4530,7312,11610,7015
11913: 10703,693,5357,7111,11717,9311
11914: 5499,7313,9602,8923,12151,11280
11915: 9017,6422,10726,5233,11043
11916: 9312,7085,12276,4751,10447,6840
11917: 4573,9603,7315,5506,8508,10806
11918: 10364,5236,10096,4707,9173,9256
11919: 9683,8488,11402,9492,5358,9313
11920: 12153,10522,6453,7318
11921: 4944,6645,8682,11638,11564,9316
11922: 9242,11856,11817,5245,9290,11596
11923: 7320,11013,11054,6381,9372,11988
11924: 7115,6434,1007,11055,12181,5644
11925: 7321,8405,11649,12158,11936
11926: 9318,4663,10973,9007,4838,11422
11927: 11288,11242,11839,9195,9257,5249
11928: 12568,5528,10657,8312,7324,9470
11929: 11955,5363,10551,11820,11511,9319
11930: 5250,9189,11819,9541,7062,11658
11931: 11112,6522,6727,7094,9321,8550
11932: 9110,6604,11044,11229,5252,6479
11933: 4012,9323,9751,9962,3720,9968,314
11934: 7327,10608,11911,12149
11935: 11457,6860,8564,8979,11374,5258
11936: 12158,9611,11701,7328,11649,11925
11937: 9324,11697,7097,10934,6453,11073
11938: 6489,9327,10762,3721,1066,10980
11939: 11647,8515,7240,7332,10868,12116
11940: 12392,10880,6252,9328,9099,5006
11941: 5319,11602,11762,7161,10591,7334
11942: 7469,9330,9986,6470,6466,8359
11943: 7126,11736,3093,10613,9374,7335
11944: 11033,2286,9331,8867,7235,5375
11945: 9611,7102,11701,7190,9332
11946: 9333,10983,11136,8791,12216,7509
11947: 7103,7341,9035,11129,11703,10619
11948: 3104,7159,9334,11759,8252
11949: 9619,5549,12168,7342,11789,3622
11950: 9335,5378,9521,10553
11951: 12163,3474,9620
11952: 6414,10801,9336
11953: 11865,7346,9274,5321,9621,10622
11954: 11576,5029,9079,11051,2618,8558
11955: 11929,5363,6690,11820,7347,11279
11956: 8363,11840,7239,9339,10554,5382
11957: 7107,9032,8909,6942,9340,8434
11958: 11781,9460,11868,7352,6772,10776
11959: 3909,9341,11013,10555,9469,12078
11960: 11303,8929,8515,10813,7354,9626
11961: 8853,12564,12566,8725,12552
11962: 12414,7355,9627,10653,10652,9493
11963: 7491,10997,9345,11836,3751,11193
11964: 8241,6596,10556,148,7358
11965: 5389,9346,10557,6663,8708,11995
11966: 11657,7359,3253,8945,10625,10635
11967: 9429,9350,9066,11000,11851,8963
11968: 4031,11848,10736,11472,7362,12105
11969: 3897,9352,8742,9196,9489,11738
11970: 6301,10626,10656,7363,12172,8311
11971: 10559,9353,8609,9354,10910,5396
11972: 9354,11179,11720,3683,8613,6578
11973: 9108,10604,12174,5595,9636,7368
11974: 11722,9129,9355,11055,11407,11795
11975: 6952,12259,10000,9357,8730,9998,9093
11976: 7237,11836,9358,1327,8920,7118
11977: 3776,6595,9362,11594,8837,10939
11978: 9363,8308,10093,11585,12548,11025
11979: 11622,7384,12176,9643,12198
11980: 9364,9572,9010,10561,12131,7268
11981: 9291,11890,11844,9365,6547,11173
11982: 8568,7388,4632,11154,9644,9696
11983: 5002,9368,7123,8570,5212,10848
11984: 12177,10720,10616,9645,11474,8396,7390
11985: 11301,7391,9646,8927,10689,8358
11986: 9371,4689,10925,8643,11109,11496
11987: 6739,7394,9487,9556,11315,12505
11988: 9452,12064,9372,7320,11923,9606
11989: 8895,7396,12128,9649,11849,12179
11990: 11736,10527,9374,9237,9127,11628
11991: 12180,7397,10615,6258,10886,8329
11992: 9375,11565,3796,11022,3391,10773
11993: 6429,9008,5303,11464,7400,11424
11994: 8380,2346,9377
11995: 12018,8708,11031,11965,6663,11259
11996: 9655,12182,8630,4476,11334,10940
11997: 9656,7407,6464,6751,9642,8782
11998: 9246,7408,6374,10922,11826
11999: 7294,5462,11893,8594,12141,9385
12000: 9346,9386,11187,7133,11891,4467
12001: 9202,7071,7412,12183,11744,10754
12002: 5549,5042,11780,9387,10592,11372
12003: 7417,11345,12106,5057,8415,10734
12004: 10982,9391,6347
12005: 8646,8418,7418,12185,11232,6607
12006: 9148,9158,11686,11593,6995,9392
12007: 9394,9175,11611,6469,5449,11093
12008: 7422,11742,9118
12009: 9395,11745,8654
12010: 9666,8481,11360,7424,8766,12188
12011: 9396,9224,7041,10954,10568,8872
12012: 10891,11366,7427,6246,8249,6264
12013: 9371,9399,10925,7143,9594,7297
12014: 9213,9610,11767,8357,10578,9400
12015: 8520,6290,7431,8302,10918,12512
12016: 6987,9672,9327,12061,10762,7432
12017: 6498,12039,7015,9186,11382
12018: 11572,9406,11995,11031,9378,11636,11259
12019: 7438,11442,4602,11377,11853,9264
12020: 7114,4664,11893,4725,9408,10571
12021: 10547,12092,9409,11809,7207
12022: 8513,10460,6782,10499,7151,7447,9410
12023: 9051,10810,7446,8514,11386,11490
12024: 6497,9004,5463,7295,9411,12554
12025: 8794,11144,3835,11625,9412,9198
12026: 4545,4961,5167,12197,8635,11393,7450
12027: 12217,9715,5464,10572,12143,9413
12028: 9415,11218,8817,6781,7152,11753
12029: 8820,11140,2494,7454,11172,4915
12030: 11441,12482,10562,6842,5468,9416
12031: 6316,7455,9682,11586,12199
12032: 8491,4555,10794,9307,9417,11294
12033: 7456,10793,12200
12034: 2546,4575,12579,10574,3516,12581
12035: 11909,7458,12201,8835,11200,9307
12036: 9447,5270,2499,3845,9422,3900
12037: 9596,9423,12146,11692,6654
12038: 7462,9687,10677,7199,8546,6521
12039: 6498,9424,7015,9404,7155,12017
12040: 8501,9225,7464,9688,9308,7084
12041: 9425,11641,11810,11803,11814,7049
12042: 7485,11416,7466,12204,8504
12043: 9263,11656,7061,11851,9429,3855
12044: 9690,10633,12205,6251,7468,10878
12045: 7007,11602,9174,9433,12585,5232
12046: 10683,8316,9692,1403,7472,8513
12047: 2167,12157,9600,12149,7311
12048: 7473,4582,11577,7056,9098,11830
12049: 3108,9436,11142,8793,11335
12050: 4530,7312,9437,7012,6333,8464
12051: 9587,12079,5537,9470,7290,9438
12052: 3870,9439,12057,11769,9446,8959
12053: 7081,12055,10790,9145,11678,8485
12054: 7485,8498,9699,10799,10804
12055: 7081,9441,12053,9444,3875,9145
12056: 7491,9413,11501,11517,12211,9703
12057: 12052,11769,7171,8342,9446,10681
12058: 3164,10836,7492,8440,9171,8554
12059: 9448,6526,7076,480,10974,10995
12060: 9449,11697,7097,3989,9605,10819
12061: 6987,9672,7496,12016,944,11589
12062: 12507,9451,11774,7295,9411,11895
12063: 2354,6746,8799,11322,7497,10768
12064: 9452,5518,8575,11988,12154,9606
12065: 5159,11876,12487,9718,9453,10970
12066: 4878,8588,11151,5521,10870,9454
12067: 5197,9455,11892,10761,9033,11470
12068: 8246,8278,8640,10961,7507,11514
12069: 9457,11087,11043,6422
12070: 9712,6750,8393,7510,8681,4765
12071: 11418,9459,11859,11806,5071,6817
12072: 12217,7513,8597,9715,6603,10887
12073: 5333,10723,9460,7352,11526,6937
12074: 6803,8684,8429,11631,5362,10550
12075: 12495,5533,10919,11803,9465,8616
12076: 10629,3652,11837,11582,9466,9081
12077: 8591,10789,9468,10879
12078: 7216,11818,9498,3909,11959,9469
12079: 5537,10569,12051,9470,7324,10589
12080: 1431,7187,7125,9570,10817,9471
12081: 11791,9473
12082: 3132,5541,9474,8611,8816,11167
12083: 9618,9475,8454
12084: 8978,12168,10592,9477,9627,10653
12085: 8718,6687,11797,7199,11507,9478
12086: 9479,10593,11072,8737,8927,9036
12087: 1457,9480,11748,7143,11109,9371
12088: 11389,8990,9481,10928,7200
12089: 9482,8732,6977,10551,9125,7384
12090: 2198,2698,11448,9486,5091,9028
12091: 3989,9488,11138,10665,10819,11807
12092: 12021,9489,10547,9409,7020
12093: 9490,10693,5563,9027,11462,10596
12094: 9683,9492,7210
12095: 9419,8862,10906,11371,12414,9493
12096: 12155,7211,9454,9607,3585,9494
12097: 10698,6371,9496,11003,11607,10598
12098: 3899,9462,8684,9498,10702,11010
12099: 4588,7477,5579,5361,9499,10164
12100: 3963,9500,5126,9068,12145
12101: 6731,8898,9501,8773,11117,9155
12102: 9502,8866,8723,11369,11591,7482
12103: 9503,11550,9244,11011,11821,1409
12104: 1313,9504,5584,12574,11693,8741
12105: 11472,9506,4031,11968,11160,5586
12106: 9660,12003,9508,7417,11345,11396
12107: 7366,9511,11453,10603,12173
12108: 10707,1604,9062,4691,9515
12109: 6620,9516,10985,8660,9509,7225
12110: 4012,12119,9171,9323,7492,9517
12111: 9520,2129,10620,8821,3135,9331
12112: 6986,5378,11666,8364,9521,11003
12113: 9502,2208,11369,9525,11302,6722
12114: 9526,8580,10611,6477,10785
12115: 9034,11500,11471,10956,6903,10605
12116: 9528,9614,10868,10813,8515,11939
12117: 11099,9529
12118: 8672,10996,7197,11902,9299,9530
12119: 12110,7234,9171,9533,12212
12120: 4032,7245,9536,8714,10695,11581
12121: 8589,9243,10873,11852,7248
12122: 9013,9459,9541,11089,11658,11859
12123: 12134,9543,7277,8855,10718
12124: 11253,7363,5588,9545,9536,10601
12125: 5629,11661,9143,9546,12563,6566
12126: 11384,8984,9549,9479,5552,10593
12127: 8836,8801,11864,7256,10964,9551
12128: 12377,7396,2430,11989,12179,9561
12129: 9473,5642,5339,9563,10541,10614
12130: 9565,8533,7439,4608,11176,4054
12131: 9572,7268,11980,1456,8988,11026
12132: 10618,8898,11734,9248,9575,5651
12133: 6322,8326,9576,7275,10628,9416
12134: 6424,9578,9543,11046,7277,12123
12135: 12224,12173,9634,9379,9579,7366
12136: 9583,10947,11439,8722,3674,3171
12137: 7287,3180,11084,9585,10658
12138: 9586,11379,9679,10948,12562,12197,8635
12139: 9587,6241,10635,5537,10867,3131
12140: 5461,8708,11891,11031,9590,7293
12141: 3800,9385,11027,7294,11999
12142: 8994,7417,5057,11895,9451,9592
12143: 5464,10986,9703,9593,9413,12027
12144: 9594,5421,97,10543,11029,10573
12145: 9068,9595,11516,11845,5126,12100
12146: 9596,12037,9316,11692,7088,11564
12147: 5486,9597,9389,7134,6331
12148: 9599,12388,12430,6903,5492,8638
12149: 11911,7311,9600,11934,10608,12047
12150: 9601,10579,11610,8342,10976,10681
12151: 4954,9602,8923,11914,11813,9240
12152: 6347,10684,10679,11421,9603,3217
12153: 11920,6453,8524,7318,9605,11697
12154: 5518,6352,12064,10584,9606,11733
12155: 7328,9454,9607,11649,12096,4878
12156: 9609,8312,7324,6805,10589,10521
12157: 2167,9435,10578,12047,9610,9600
12158: 9611,11936,7321,11925
12159: 11183,9614,6264,10617,10805,6555
12160: 4622,8912,11289,9615,7494,7333
12161: 9618,11163
12162: 9619,9387,5438,4010,7154,2654
12163: 11951,9620,10539,9274
12164: 11569,3108,9621,10622,11764,9436
12165: 7219,11550,11823,4747,11146,4002
12166: 9624,8801,3115,11351,11201,12577
12167: 11067,1545,11462,9528,10813,9626
12168: 5549,10592,11949,12084,9627,7342
12169: 5572,2080,9628,11226,11834,7236
12170: 8815,6567,11885,3131,9629,7359
12171: 11472,9632,6281,10944,2406,9506
12172: 7363,9545,11165,11970,9633,8311
12173: 6893,9634,12135,7366,11453,12107
12174: 5595,6266,10644,11973,11456,9636
12175: 12523,6401,9639,7376,11028,9527
12176: 11333,9643,11979
12177: 11984,3295,10720,9138,10616,8456
12178: 10722,9549,3299,11301,9646,10631
12179: 5495,9561,11423,12128,11989,9649
12180: 9650,7397,11991,3317,8329
12181: 9653,5644,10740,11362,6434,11924
12182: 9655,9288,11996,8403,11881,4476
12183: 12001,7071,7412,11665,9658,10844
12184: 9660,9508,3875,5588,10601,11076
12185: 12005,7418,10910,6607,9661,8609
12186: 9662,10338,7420,10105,10114
12187: 7422,9664,4497,11357,11152,8804
12188: 9138,11653,9666,12010,8766,11111
12189: 6816,8284,9668,4503
12190: 3380,3234,10792,11476,9670,6483
12191: 7431,4715,9671,11846,9163,10756
12192: 9706,6489,9672,9327,11113,8495
12193: 6830,8510,8455,9674,10771,12497
12194: 9676,6838,126,7440,8780
12195: 9047,9677,9160,7442,9186,11486
12196: 8386,10810,7446,9678,11471,5608
12197: 12464,5167,12026,8635,12138,9679
12198: 9643,11570,9681,6977,7384,11979
12199: 6986,4552,9141,12031,9682,11586
12200: 9683,10793,12033
12201: 7458,6706,12035,9684,11623,11200
12202: 8463,9227,9166,6462,9685
12203: 9688,8896,11786,2306,11683,7084
12204: 6800,8504,9689,10488,12042,7466
12205: 9690,12044,7468,8347,4573,11421
12206: 9276,3673,11867,9691,8539
12207: 7473,9693
12208: 10987,11071,8449,6452,6494,11118
12209: 12243,8540,9700,7486,12235
12210: 9031,7488,7423,10759,9701,11381
12211: 7491,10997,12056,9703,7296,12484
12212: 6460,9704,11083,12119,9171,9533
12213: 11457,8979,9706,11480,8495,10796
12214: 8317,10847,8566,7497,9707
12215: 9710,38,10528,7397,10615
12216: 9711,10876,8590,11136,11946,7509
12217: 12072,7513,9715,12027,9413,11517
12218: 12313,9214,9519,12249,9491
12219: 9374,9237,12282,9200,7335,7027
12220: 5194,10008,3223,11231,9232,6463
12221: 6928,11059,11510,11861,11525,9239
12222: 7169,4740,7472,6532,12279,9252,7057
12223: 9369,7083,4937,9109,7124,9306
12224: 3264,9634,6384,10705,12135,9579
12225: 3799,8749,8996,4955,8882,6472
12226: 8468,6437,10607,9540,7454,10779,4551
12227: 6551,10299,4876,12235,8796
12228: 12282,8259,14,9617,12272,12269
12229: 9928,7223,9768,12233,6609,8648
12230: 7361,12375,10090,12270,6700,4520,6416
12231: 12312,9719,8375,7523,6257,2207,7483
12232: 9056,9695,742,8593,6878,12285
12233: 9928,12229,3927,9476,1505,8648,12453
12234: 6992,9692,10936,1403,8930,10634
12235: 12227,6551,7486,8796,12209,8936
12236: 10333,7512,9714,6766,12468,7002
12237: 8286,4691,6499,10927,9112,8511
12238: 7137,4868,10595,364,5300,8404
12239: 2334,1675,8936,6832,11313,11430
12240: 12296,8257,8255,1562,6244,11077
12241: 6305,6322,8326,8883,1943
12242: 219,8376,10639,10738,6388,6430
12243: 6718,8540,12209,5411,9700,10560
12244: 6517,10829,4862,8768,12252,8626
12245: 11668,8692,9144,6449,5201,9442
12246: 9192,7120,7064,9363,11585,11660
12247: 8982,3254,11380,8948,9657,12290
12248: 152,71,805,3057,630,4331
12249: 12313,9173,8748,9519,12218,3992
12250: 8043,6614,6910,7202,10014,5335
12251: 4816,7302,11177,8331,11062,10022,8822
12252: 8768,12255,4862,8758,6717,12244
12253: 7120,6298,8339,10926,2283
12254: 4520,8453,6700,9164,3553,8741
12255: 8768,2569,12252,11553,8833,8758
12256: 12266,11884,11454,8562,8967,10842
12257: 6462,10111,8463,4750,9901,6345
12258: 7060,8497,8900,12544,6517,6811,9258
12259: 10010,6952,6939,11975,9093,11566
12260: 4648,9330,10109,8579,8465,7100
12261: 8848,7349,6738,6363,1304,1220,10479
12262: 7114,9507,4664,3971,10518,1324
12263: 7292,6729,2017,8770,7258
12264: 7898,10132,7784,7448,4613,8236
12265: 9692,6307,6337,10936,4578,8316
12266: 4816,12256,11062,11454,12300,8967
12267: 4581,7825,3103,9843,8172,7957
12268: 2518,11833,8473,4665,9925,8486
12269: 8499,12272,8561,8240,9617,12228
12270: 7361,5619,12230,10090,6700,5584
12271: 8600,9662,8423,12373,8882,10782
12272: 8499,2538,12269,14,12228,6637
12273: 5457,3864,7145,3582,8653,6613
12274: 8690,6528,12280,8734,7249
12275: 7101,3388,8305,6831,9160,11486
12276: 9447,5270,8346,9312,7085,11916
12277: 11687,6783,8986,5067,12502
12278: 9886,9616,7655,9433,12585,6836
12279: 9359,9247,10099,9252,7057,7169,12222
12280: 8690,12274,8275,8734,8743,3527
12281: 4520,8453,7436,9673,2271,6416
12282: 9200,8259,12219,7027,14,12228
12283: 6304,3179,3419,5413,12384,3549
12284: 9687,10821,6508,11134,8546,10115
12285: 6878,9729,9177,9695,12232,5116
12286: 8848,8997,3235,3581,6538,9766
12287: 5467,402,7877,3957,10045
12288: 7301,10085,9791,5609,8269,9736
12289: 76,9821,7533,1031,5332,7536
12290: 8366,9630,11005,8948,8982,12247
12291: 10124,6592,7222,9322,6823,9505
12292: 456,7136,3372,9851,6588,3469
12293: 1748,6368,6365,3639,4984,8050
12294: 7528,2267,10123,7959,9834
12295: 4722,4578,2283,8345,10654,6298
12296: 8255,9267,6244,12240,10537,9722
12297: 9764,10378,4518,4759,7434,10372
12298: 1224,5956,1747,2492,10088
12299: 6348,5355,5598,10128,7369,12307
12300: 11177,12266,11062,8729,4496,8967,8438
12301: 4928,4512,2586,4896,8854,5603
12302: 8085,183,5985,3373,1942,6221
12303: 51,5807,5472,1658,4516,3651
12304: 4613,5115,10160,8236,8107,3901
12305: 3396,4546,12333,8177,8071,10082
12306: 364,4662,6476,8404,10135,8267
12307: 6348,5598,12299,1719,9518,8986
12308: 5875,7389,5943,10118,270,7774
12309: 8822,11338,6761,10743,12514,9635
12310: 3729,10140,5827,4363,2052,3439
12311: 5435,7282,5432,4495,7893,9582
12312: 9373,8375,7523,12231,7276,5425
12313: 9173,12218,12249,5463,9256,9491
12314: 3260,7615,3298,3081,2397,10106
12315: 10312,4973,8298,9716,7433,10402
12316: 10293,5365,3434,10138,12446,7220
12317: 6648,10128,9309,5316,2127,9267
12318: 10153,6315,9811,8529,2348,4592
12319: 6685,675,7314,6801,741,10516
12320: 6678,11268,6973,12354,974,10156
12321: 3232,5482,5391,5548,5088,7798
12322: 5262,6968,8399,10112,9648
12323: 8362,4995,4040,2626,10352,6724
12324: 10069,10515,6393,7716,3824
12325: 5415,3928,6482,7339,10139,10297
12326: 6262,9360,9558,7119,9868,8709
12327: 8298,10402,1170,1363,7146,6286
12328: 10960,11027,9591,11584,8639,5199
12329: 6121,8096,5076,8159,2101,953
12330: 5104,9384,7830,10154,5090,8955
12331: 7857,3394,10175,7281,9581,4985
12332: 1534,1709,164,1321,620
12333: 8478,4564,3396,12305,3914,4546
12334: 3499,8001,3956,9888,9947,4720
12335: 7361,5619,9991,7383,2249,9537
12336: 9612,5534,8946,3512,3226,6837
12337: 12458,10315,4513,9388,9153,8750
12338: 3212,7657,3490,4702,2372,8582
12339: 7264,4057,9669,3156,8847,9568
12340: 8706,1662,8596,12354,9119,11047
12341: 3472,2221,7803,7356,7894,4624
12342: 3212,10181,6538,3235,4650,8582
12343: 9995,10148,1363,8942,7433,10402
12344: 6273,9393,9310,6844,6994,8955
12345: 7273,7203,10053,11801,8402,9485
12346: 7409,2408,3366,6906,5903,12389
12347: 6897,10193,6605,5222,3549,6689
12348: 9038,8864,6622,4928,10017,6907
12349: 7286,9584,12490,5447,10363,10192
12350: 9598,886,8667,6827,10194,8319
12351: 5499,8923,7308,6827,3229
12352: 3802,2504,6988,9153,8476,12465
12353: 4666,7537,6866,10210,2375,10199
12354: 1662,12340,9119,974,12320,11268
12355: 4787,8987,3384,10018,8701
12356: 8379,9006,1719,687,12502,5048
12357: 8970,1118,9651,8782,7407
12358: 6086,4479,2516,1625,5851,8145
12359: 9061,11238,11331,3619,11520
12360: 8035,6226,10202,3487,8086,2530
12361: 6207,1079,516,8173,3669,4268
12362: 5771,5337,7652,5163,3633,4521
12363: 4787,4647,10955,9769,1291,6720
12364: 10201,12376,5075,9179,9016,8333
12365: 7461,4792,6415,4942,3756,10200
12366: 7037,1382,6930,6920,5150
12367: 1599,9058,6277,2698,10207,4789
12368: 10100,10332,10113,10037,7749,5184
12369: 9325,9197,5371,1195,9961,7229
12370: 6911,5351,6300,12404,4724,12476
12371: 7374,8321,208,7436,9673,9638
12372: 10055,5419,11801,8899,6810
12373: 2518,4492,10782,9662,10105,12271
12374: 3218,2375,7868,6440,7508,9734
12375: 4030,12230,10090,4793,6416,6380
12376: 12364,10201,431,5242,9179
12377: 8429,7396,2430,12128,9129,9355
12378: 9453,8628,5327,9283,812
12379: 6410,11368,8392,10836,4617
12380: 6443,10217,9083,9562,3900,9422
12381: 12438,8114,3686,10040,6624,10503
12382: 8754,6533,6713,4826,3564,8470,10781
12383: 424,4819,5132,10353,10228,6523
12384: 3419,12283,6897,3549,3570,5128
12385: 5083,5963,7692,1407,255
12386: 4009,1422,2440,4451,2705,5709
12387: 4509,6199,5066,2102,8899,3381
12388: 12148,4714,8324,9599,2250,12430,10667
12389: 2408,6906,7659,5611,6450,12346
12390: 3205,4857,6465,3574,8893,7941
12391: 6443,10217,9833,10293,9859,4815
12392: 11940,9099,11579,6737,5006,6957
12393: 892,8932,10033,4910,2567,7050
12394: 7838,6887,7867,3078,4734,7839
12395: 2609,10235,3316,2567,6674,1991
12396: 4672,5162,2519,10116,10345,8838
12397: 7101,892,8932,10256,3388,10235
12398: 6628,7530,6587,7141,5471,4933
12399: 1952,3533,10243,7995,10317,3646
12400: 7160,10229,10067,3766,7261
12401: 7426,9001,9667,6485,10248,4846
12402: 2272,4794,5039,12436,7437,654
12403: 7493,3110,5325,9854,7348,7990
12404: 6911,12370,4724,3267,4007,12441
12405: 3294,6154,7691,6120,8204,10226
12406: 8899,6810,3381,9040,6556,9304
12407: 3287,3906,923,6096,106,3858
12408: 2669,7162,8893,10358,4857,6507
12409: 10240,4545,4961,9440,5499,7313
12410: 3285,8970,8782,9642,8531,7383
12411: 1099,2846,1328,3067,8210,4396
12412: 9850,7728,2394,753,7990,10241
12413: 4919,5222,6282,4849,1971
12414: 9627,11962,9493,7342,12095,9419
12415: 10263,3424,1688,5602,6546,197
12416: 4528,6736,3387,7176,10043,3958
12417: 12437,2660,6615,10265,7884,5406
12418: 3726,6052,6100,10226,6026,6120
12419: 6362,9142,12514,8747,12440,10831
12420: 6397,4576,9746,10215,3098,7681
12421: 368,11018,12482,908,6322,7275
12422: 6908,9111,2413,4478,6711,6296
12423: 4986,1254,4605,10149,4485,6500
12424: 5318,5610,2101,7688,5821,12448
12425: 6621,5505,2100,7054,5280,3786
12426: 4787,4647,3384,9760,10097,2475
12427: 7377,6854,8269,9807,11264,6288
12428: 4682,6016,2236,3838,1145,8129
12429: 7535,10277,7637,5523,4471,3458
12430: 12148,4714,2250,12388,9405,8638
12431: 9931,6408,8061,1955,10462,5208
12432: 9023,5085,5256,7695,10257,4852
12433: 9414,3836,9097,10270,6941,5165
12434: 10287,10257,7246,10188,5256,7687
12435: 3682,10283,7435,7785,4994
12436: 4794,7437,5544,12402,3288,7793
12437: 12417,1997,7884,7844,4053,5406
12438: 2102,10040,6624,10230,12381,10211,4509
12439: 9425,3317,8329,12504,9000,9238
12440: 9142,8747,8359,12457,12419,8471
12441: 6408,4007,5623,7375,12404,4724
12442: 3970,8002,3233,8009,10282,7969
12443: 4549,10290,8579,9997,4648,6560
12444: 10291,5813,4400,2922,4453,1242
12445: 9954,10232,4940,9957,5038,8783
12446: 10293,9859,12316,9215,7196,7220
12447: 5955,2304,4641,10302,9800,2316
12448: 5817,3105,7688,5821,12424,3576,10295
12449: 2519,10303,6764,10116,2457,8621
12450: 7214,6354,7271,10495,5416
12451: 9295,7228,3688,588,4827,6458
12452: 6961,2478,6260,7502,4694,4767
12453: 4557,1505,8648,12588,11429,12233
12454: 10311,934,1554,1465,1471
12455: 5530,4850,10324,6869,3854,4674,7183
12456: 7564,6366,3239,6801,10163,10159
12457: 8747,12440,11422,7504,6883,8471
12458: 10315,9883,12337,6931,8750,6989
12459: 7922,9828,7182,3268,12584,10268
12460: 5028,6955,6659,5583,9759,628
12461: 6732,7487,10047,7093,10296,3431
12462: 2839,10222,4123,7612,10254
12463: 4615,7964,4823,333,7836,4785,2473
12464: 5167,12197,8475,9679,6982,9105
12465: 12584,8382,3821,8476,2504,12352
12466: 5561,3130,8931,10327,6240,7213
12467: 8736,10219,6633,4935,3552
12468: 9714,8972,12236,7002,4665,9925
12469: 6669,7430,7068,6793,10334
12470: 4795,2029,9293,7857,10175,10435
12471: 5261,6274,5069,7753,2684,7741
12472: 6839,2342,9720,6927,5234,5155
12473: 5084,8216,5480,8134,942,5878,4443
12474: 8690,9150,8383,8275,6396
12475: 2061,10340,8100,4003,5895,5954
12476: 10198,6911,12370,2416,6300
12477: 7198,3927,8988,9476,8519,10349
12478: 10173,2382,1392,6507,10358
12479: 6367,11444,6718,4991,12556,8759,11121
12480: 5695,1715,4205,5725,4264,10278
12481: 8519,8257,6244,10349,9045,5441
12482: 12421,11441,368,12030,7275,9416
12483: 7298,2379,7280,7176,6231,3958
12484: 7296,4614,6319,10997,12211
12485: 7037,5170,1382,5434,6950,10362
12486: 6209,5839,2651,546,10355,7557
12487: 9718,407,10208,10970,11232,12065
12488: 10229,10350,3766,3518,12506,928,6851
12489: 6451,6445,6702,2621,10757,10842
12490: 12349,7286,9720,10279,6766,10363
12491: 4843,5149,3473,792,10384
12492: 2340,3455,5924,288,6066,1200
12493: 3411,6412,4790,7463,4474,5112
12494: 3644,5698,7632,2556,1307,5718
12495: 3848,11732,12075,5533,10872,11803
12496: 5507,3749,7040,5240,7817,9819
12497: 5243,7046,6830,8510,12193,7442
12498: 4806,6839,7269,2342,3179,5413
12499: 6992,9156,11491,8897,1345
12500: 8530,5386,7010,9942,5571,7357
12501: 6189,7988,2581,8128,1323
12502: 11687,9006,1719,8986,12277,12356
12503: 6329,4740,9443,5248,4760
12504: 9425,11641,3317,11894,12439
12505: 7394,11987,9556,9647,8573,5636
12506: 6662,10395,9726,12488,3518,6851
12507: 9451,9917,11326,11774,11792,12062
12508: 7402,3580,9573,6730,8779,6530
12509: 7855,5110,5266,7827,3986,2191
12510: 2171,5180,4922,2670,9804
12511: 5686,2060,6204,6157,2370,4242
12512: 8520,8302,12015,8754,1989,10818
12513: 8527,4742,6510,8787,6740,8947
12514: 9142,10831,9635,12419,12309,11338
12515: 6719,3161,6285,5420,10401,5019
12516: 7372,9919,10076,10371,9554,7253
12517: 6411,6398,9985,9953,10470,6261
12518: 180,3849,7596,5777,10269,8220
12519: 4662,10137,4773,7752,4576,2075
12520: 5020,7846,3777,9784,5217,10376,7979
12521: 9456,7322,5522,6747,10394,4762
12522: 10668,8325,3318,10581,8901,12553
12523: 8632,9639,7376,9580,12175,8301
12524: 11687,9006,6346,8346,9566,7085
12525: 3722,6370,6828,2639,10301,6747
12526: 9054,6451,2621,11497,4821,1593
12527: 5019,7538,3338,10401,7659,6450
12528: 6320,4737,3461,4654,7966,10406
12529: 7857,3394,8022,8060,10435
12530: 7936,7880,8056,7925,4996,10405
12531: 2415,1231,7690,836,9745,2468
12532: 9756,5370,5418,4673,7414,10404
12533: 8528,3399,4654,3887,12545,4741,7506
12534: 8819,11020,9139,3133,3514
12535: 8059,9895,3561,4068,6214,315,10411
12536: 8261,9875,6238,5285,9299,10606
12537: 4622,8557,9102,2347,10476
12538: 4645,10286,6379,6958,4767,7502
12539: 9708,11212,11361,4854,8762,8494
12540: 3850,10412,10472,1734,3337,2666
12541: 7367,9513,7469,9986,5555
12542: 9557,10964,4044,10942,8836,11171
12543: 1353,3794,3649,2407,1397,2606
12544: 7060,12258,6811,8656,5196,9258
12545: 3887,10419,12533,7506,7093,3242
12546: 8194,2455,3418,7593,7914
12547: 11677,602,8400,8522,9154,6418
12548: 6399,8567,11025,11978,10093,1379
12549: 5571,6912,8713,9988,4960,10325
12550: 8795,9214,7209,9491,11320
12551: 11338,7367,7469,9142,8359
12552: 11547,8725,11215,11712,11961,8853
12553: 11414,9003,12522,3318,8901,11410
12554: 7209,9004,7295,12024,1479,11039
12555: 9381,9325,5371,7026,9512,7279
12556: 6718,12479,8759,5411,8764
12557: 9100,7099,11750,10880,9328,6944
12558: 11694,8459,4926,3508,8851,12587
12559: 9574,7271,12568,9461,5528,7331,2201
12560: 9550,8800,407,4021,10208
12561: 8818,9712,6750,9199,11664
12562: 12138,6945,9586,11379,7288
12563: 9119,974,6566,9546,12125
12564: 11961,4810,9884,9344,8853,12566
12565: 9531,4924,8849,5438,4010,8309
12566: 11961,4810,1327,12564,8920,8725
12567: 9836,9694,1580,4583,6564,7474
12568: 9092,9461,5528,11928,10657,12559,7331
12569: 6429,8527,5648,8419,5303
12570: 12571,9819,7316,3826,10391,7040
12571: 9819,3764,5158,10422,12570,3826
12572: 7214,10008,1993,10357,3995
12573: 5061,9883,5338,4677,9069,6989
12574: 1313,9631,12104,4770,9504,5584
12575: 9917,8313,11774,9888,2251,7174
12576: 5607,4007,7375,3627,6793,7337,8442
12577: 8856,11351,11201,12166,11063,6779
12578: 7373,6619,6279,7019,5605,3493,10150
12579: 12034,4575,3516,9635,7302,10022
12580: 7299,7899,10418,7339,9786,3102
12581: 12034,6892,5477,4575,10574,10672
12582: 6499,812,4640,8511,7500
12583: 1205,2671,10425,4387,6179,1053
12584: 8382,11021,12465,9828,12459,3268,2504
12585: 12278,9433,6836,3839,5232,12045
12586: 618,8389,8970,6652,1118
12587: 3508,8851,12558,11699,9133
12588: 4557,8731,8493,12453,11429,4818
12589: 6410,8975,11368,9432,8324,9599,9534