0: 2529,4087,312,4411,1889,4107
2: 1772,493,1027,988,2752,1708
3: 6046,3931,1092,3071,7683,2128
4: 1483,6183,1033,2877,1973,3076
5: 1183,2799,279,1090,2786,5831
6: 5848,3080,5789,5787,3273,7082
7: 5703,4084,4442,6167,4185,2417
8: 1931,391,1019,512,550,1914
9: 4096,2851,615,809,1850,159
10: 556,2900,1532,2856,1494,631
11: 2458,308,4374,4236,5661,1514
12: 1634,2739,171,1573,3058,1825
13: 889,990,4055,7600,571,3088
14: 7027,2538,9617,9200,8240,8499
15: 1386,1565,2758,1495,1885,577
16: 330,252,1859,678,581,1255
17: 4444,2732,1239,1105,6068,1023
18: 1226,2790,2817,4390,1034,237
19: 1861,343,1894,299,1875,1862
20: 3557,5366,3100,4477,5346,2066
21: 2946,1338,2972,575,2992,2923
22: 4329,6177,5772,2794,4252,2248
23: 356,1629,1824,1344,704,3048
24: 1315,619,1272,7689,4454,4213
25: 4893,5491,3973,7807,5220,5397,8092
26: 4361,833,2873,8024,4161,2657,2121
27: 531,1075,163,441,1116,1141
28: 7039,3825,5459,7783,6248,6953
29: 4342,492,986,295,256,635
30: 1800,1795,4409,4081,5860,2118
31: 952,1049,4350,2899,1135,1920
32: 2490,8084,1974,3352,3662,5226
33: 362,1150,7689,893,6105,2922
34: 1900,268,554,497,551,1876
35: 1739,1396,666,1476,1429,2995
36: 7986,1157,3983,5503,4493,4834
37: 658,482,667,580,335,149
38: 6232,7397,6258,4497,8246,9710,3119
39: 870,1293,610,891,1165,433
40: 1498,682,1355,496,1620,1167
41: 1869,624,1817,1821,1925,443
42: 9558,9560,8435,8247,8282,6262,7257
43: 9139,6246,8249,8268,7427,8819
44: 3028,4202,1181,3043,2756,936
45: 3137,5380,5255,6253,7518,5391,7798
46: 4134,4448,884,2183,4258,1590
47: 1341,8016,7768,1191,2441,3770
48: 1460,1194,909,470,1742,2883
49: 3112,4234,5699,5711,7756,3189
50: 645,4149,2914,4156,1390,3001
51: 4559,5807,5472,3651,1658,4516
52: 2940,1617,958,737,2016,2916
53: 5458,6275,8251,6723,8843,9183,6272
54: 2528,1814,2726,1784,2939,1903
55: 359,1911,680,796,488,750
56: 1022,1708,215,752,819,988
57: 770,1399,372,1712,4129,1274
58: 61,1740,1929,1860,1741,843,1924
59: 501,4194,1751,3029,6170,1886
60: 2396,4524,5354,3127,8097,3881,7522
61: 1881,58,1740,1929,498,1860
62: 2197,213,1805,5767,1227,5823
63: 6858,126,6613,4527,6282,4923,8461
64: 1836,961,2834,490,1018,657
65: 4227,129,1086,296,6153,2801
66: 358,1020,604,580,791,541
67: 3035,2997,2987,1119,2730,1061
68: 1880,302,557,1910,1932,1893
69: 2892,195,3049,2290,5744,731
70: 920,320,916,1246,1270,1168
71: 805,630,408,1526,4331,600
72: 765,671,1865,1935,1012,4424
73: 1425,1525,8193,1251,380,1628
74: 6640,5025,1693,8118,2043,3283
75: 4026,3496,2241,6163,817,384
76: 6721,6925,4992,7794,7533,1031
77: 2798,5799,2847,4408,2868,831
78: 4366,2867,1091,7594,837,6094
79: 526,959,2898,300,1458,2981
80: 3637,7575,8161,2450,5951,5664
81: 89,1276,232,117,2949,797
82: 2773,1663,4142,1192,5824,4456
83: 3367,1013,2002,3333,3184,3772
84: 2046,1136,8205,560,2842,1214
85: 736,1318,327,1754,760,1294
86: 3433,3187,4144,323,5814,8039
87: 659,2750,6191,4188,1694,7967
88: 7980,7343,3188,6297,2505,6314
89: 2949,1400,81,797,1516,1277
90: 1314,803,1415,2920,816,1903
91: 2081,2929,1487,395,1275,788
92: 6316,8264,9303
93: 3806,3615,3792,2675,5763,6178
94: 912,1531,1075,793,1329,390
95: 1583,943,915,1332,1002,250
96: 2825,2861,2810,2961,1806,2908
97: 4788,6409,8314,8703,9594,8266
98: 189,6144,1858,938,2834,490
99: 7029,3198,3122,5259,942,4443
100: 1882,1896,512,1884,397,1902
101: 1349,568,388,1603,2927,5868
102: 4792,3534,6121,8096,6309,8397
103: 5900,2712,850,4117,1437,367
104: 1838,2240,3043,1287,1358,1181
105: 358,1020,1021,1936,955,427
106: 2277,6096,1376,3246,8163,2703
107: 4270,1890,948,1917,1887,785,969
108: 437,5881,775,4118,1212,1054
109: 4081,1004,1842,181,699,2818
110: 1259,418,716,2733,3031,1100
111: 864,692,1536,978,2935,1640
112: 1673,2926,2303,5732,4274,4324
113: 5288,1957,3681,4289,3543,6134
114: 611,3048,1830,726,1689,4260
115: 2368,1395,2676,4346,4343,2119
116: 2750,1694,1302,7710,3050
117: 1276,232,1398,81,1577,2903
118: 1222,2122,5835,1755,4339,4385
119: 720,2216,1134,993,1732,2787
120: 2338,6158,5702,2553,2426,1788
121: 7041,6432,8281,8325,9281,9445
122: 1417,999,453,2731,2983,452
123: 2456,2562,3905,2843,1743,1421
124: 3243,2845,5775,2646,2979,459
125: 2978,1664,369,1383,4265,2864
126: 6858,63,6613,4527,8780,9676,8461
127: 1765,1705,823,2820,184
128: 1872,241,1832,376,1884,1867
129: 65,6153,2801,445,1037,2986
130: 2928,5753,2775,5803,1175,1443
131: 1900,554,4428,140,2841,1921
132: 1055,375,1453,1071,234,1352
133: 2158,5283,7474,7284,6360,8289,9694
134: 2730,4458,1061,795,532,6132
135: 535,2993,601,2734,1843,2934
136: 5962,3968,982,3175,2351,5872,5717
137: 579,289,2824,4132,2901,1325
138: 403,543,1583,609,637,1891
139: 2955,2726,2939,1468,4079,1026
140: 2841,1526,4331,131,1900,1919
141: 4180,507,2611,1411,4229,4286
142: 3948,1472,1130,315,2163,8059,3462
143: 2826,798,764,1290,4365,4354
144: 563,648,316,1551,4114,4155
145: 690,1821,1478,721,320,2369
146: 3565,8142,6099,7602,8131,4014
147: 758,4121,1714,845,1464,1204
148: 6596,8241,8242,8296,2080,7358,2083,9628
149: 335,3012,37,580,791,1907
150: 752,566,1052,1499,500,522
151: 2203,4259,3249,5774,7913,6037
152: 3057,278,630,655,937
153: 2937,1506,595,2944,1727,1342
154: 2833,2937,597,2789,595,1245
155: 408,1526,1259,1791,1919,1513
156: 604,647,542,2782,248,937
157: 610,336,1678,1608,1516,1343
158: 766,1520,5727,4306,1372,2185
159: 1834,1850,9,615,6108,439
160: 617,524,6147,1055,1453,1561
161: 4166,1321,3019,1527,620,1789
162: 2744,1529,387,1596,3060,1330
163: 1868,1531,1075,27,441,1630
164: 1534,1357,2980,620,1089,1321
165: 339,3454,6080,3453,2510,6169
166: 4243,1638,5986,4303,2195,7613
167: 4357,1543,8051,3829,5995,2048,5791
168: 3863,5426,5948,8219,3261,7563
169: 6059,5953,6047,1550,3263,5909
170: 414,427,1901,657,961,1021
171: 1152,2739,12,670,1825,1897
172: 4422,4184,5907,5896,1563,2209
173: 7369,6648,5446,6353,8307,7285,3940,8892,4964
174: 3270,4231,2137,3949,8155,1972,1473
175: 1488,1573,5710,2879,3058,2741
176: 819,962,2785,988,684,2752
177: 4150,686,6053,2911,4462,3051
178: 437,1558,5881,247,1796,2888
179: 1542,2896,1582,6227,8102
180: 7596,5777,3274,1547,2224,4616
181: 501,109,4194,2738,1004,1842
182: 1326,5720,3007,1591,4272,2448
183: 8085,5882,5985,3373,1942,6221
184: 440,1124,2820,2938,1765,127
185: 4023,5575,8089,4472,2237,5221
186: 2902,2807,1001,2852,4404,4244
187: 724,6018,5884,3465,5864,1625,8237
188: 1864,806,212,586,979,1815
189: 98,1858,938,7731,1380,319
190: 1928,721,992,4222,1240,443
191: 1933,355,877,1873,723,505
192: 4027,4100,1626,2273,1166,2489
193: 664,1863,1851,1892,1844,1862
194: 1040,771,1671,2945,1373,1640
195: 2892,69,731,4152,589,4171
196: 1367,2497,6021,4351,8070,1541
197: 3424,7498,4486,5602,6372,6854
198: 2724,6022,2252,5919,6136,274
199: 280,1851,7685,727,1816,1844
200: 3404,4287,293,7691,564,1069
201: 1153,2303,2951,4324,2543,4327
202: 468,2675,6164,4262,4285,1734
203: 1679,2780,6119,879,2941,6056
204: 3894,2276,836,2415,4277,4232
205: 1377,783,1444,4248,4140,1685
206: 2987,1041,267,4414,951,8166
207: 7854,5535,3302,4639,5453,1700
208: 7436,5606,8321,9638,4645,6380,9673
209: 1564,3068,3025,2964,701,800
210: 1838,2921,1059,2274,1358,4122
211: 774,3064,2994,804,1705
212: 4342,635,1864,1906,188,586
213: 4305,62,1805,5767,2797,8169
214: 2281,1452,4264,3306,5725,7647
215: 1022,56,887,819,363,829
216: 683,2766,5919,1182,824,1720
217: 2417,2291,3291,5714,7771,5703
218: 1726,432,336,1277,830,1207
219: 8329,8376,6430,8420,3317,9000
220: 559,6159,2930,7619,4147,3322
221: 1736,4295,4464,4950,3621,1236
222: 842,1248,1241,3024,666,1154
223: 984,1010,757,2754,593,2746
224: 3954,6866,7168,6867,4659,6392
225: 609,362,849,637,1150,2784
226: 4315,851,2894,1521,2835,2887
227: 1281,641,3681,4289,6143,3436
228: 4320,2477,8183,4296,4099,1755
229: 6397,4705,4576,7876,5276,3086,8027
230: 2573,5840,5773,2317,2673,2793,3062
231: 2580,2320,1338,2600,2972,6174
232: 117,81,797,1110,989,2903
233: 1834,498,1856,1669,1819,4431
234: 1772,629,1366,1352,132,1071
235: 1160,1642,1774,2902,2807,2881
236: 1773,2792,599,2462,2130,5779
237: 18,2817,1034,2917,3017,1782
238: 291,1938,2990,1828,4398,596
239: 6003,4898,3487,5891,3723,6226
240: 2329,1753,474,1985,2803,2962
241: 1872,511,460,128,1845,1832
242: 2603,2695,2000,5830,6158,1490
243: 7091,3160,7956,6703,7272,3901
244: 1759,4092,932,1771,5781,4353
245: 643,2192,5805,957,6171,1423
246: 1854,787,1840,313,1201,4172
247: 606,1558,178,1796,357,1378
248: 344,541,655,937,156,604
249: 3172,3788,8031,7679,2672,8036
250: 1002,609,849,1871,1583,95
251: 535,1370,2736,699,2934,1657
252: 330,2933,16,1050,998,1255
253: 2779,2147,6056,4119,4438,6093
254: 2774,5753,1776,1015,5803,1641
255: 2231,7692,1407,7618,2432,4900
256: 4342,29,970,986,6117,7697
257: 1655,972,3023,2357,727,513
258: 1199,4358,6148,5699,2009,3189
259: 3150,7592,5241,3509,4744,7607
260: 3002,2814,2915,5808,1475,2815
261: 2529,2760,841,262,1039,4411
262: 2760,841,533,261,3049,8148
263: 4435,1044,522,536,1088,566
264: 4446,532,3012,1930,1907,1915,584
265: 5834,4242,422,2926,4082,3209
266: 3676,7703,6127,8202,3705,3370
267: 2997,2987,206,951,2722,3015
268: 299,34,497,1876,1873,1894
269: 1833,557,1910,2851,1813,1891
270: 7389,5532,7514,7774,5943,719
271: 4372,6151,4413,1243,4112,7717
272: 375,1044,522,1071,1027,1052
273: 6419,6263,5292,3855,8355,525,7061
274: 6136,4397,763,2252,198,7640
275: 894,1778,4091,6168,3879,2114
276: 579,289,1204,1087,570,627
277: 2358,1091,5804,4451,7594,8162
278: 152,345,630,2782,492,937
279: 2809,4455,2799,1096,5,5831
280: 1841,199,4141,1851,7685,1812
281: 976,1100,598,1250,1513,1927,418
282: 1060,2740,438,1624,601,3036
283: 8360,8409,5586,4708
284: 531,1329,1471,1347,811,8213
285: 1861,1849,1852,891,608,1165
286: 1114,3446,853,2178,2165,6057
287: 2413,6427,3991,3640,6296,4721
288: 5839,8147,3397,7557,3154,5924,2340
289: 579,137,4132,276,627,2996
290: 2188,642,2147,1920,1104,3013
291: 1242,238,1828,1128,6105,596
292: 5018,3728,2641,5965,4717,5402
293: 3404,5645,3999,6154,200,7691
294: 1210,485,1146,2914,1661,4156
295: 2782,492,29,986,550,647
296: 4227,1086,65,5745,4459,4382
297: 2010,4195,4169,3271,4167,4210
298: 1745,1300,4306,7718,2942,2185
299: 268,1876,664,1862,19,1894
300: 4090,2848,1156,1458,79,2898
301: 1120,2725,1161,800,1074,3025
302: 68,1822,1932,680,1927,1893
303: 2251,8313,8506,4720,6436,4572,3956
304: 6441,5207,8369
305: 1175,1368,2810,2775,2813,1051
306: 1762,7633,3325,2433,8227,3355,8194
307: 2419,1757,2844,1503,1331,2982
308: 2458,2350,4219,4187,11,4236
309: 6192,4294,2324,1650,1190,2461,8203
310: 2951,2308,4274,4324,1300,7718
311: 1196,2983,453,2761,1877,636
312: 4411,707,4426,1198,1889,0
313: 2768,246,4159,713,1201,4172
314: 6894,3720,6447,7234,2348,8657,9323,4733
315: 142,8059,4068,3462,2262,6214
316: 2356,1396,1476,4114,4155,144
317: 1823,8215,1380,319,2759,1854,4172
318: 1152,3011,960,380,670,1466
319: 317,1380,189,1858,1854,3069
320: 70,916,2369,1270,1478,145
321: 3386,6494,6452,8378,8449
322: 7923,4477,4607,6369,4692,5346
323: 3187,86,5761,2073,6211,8039
324: 1584,9049,6850,8965,9030,6935,8381
325: 2636,1297,4215,2488,6176,4325
326: 758,349,7650,1718,6053,3051
327: 1727,1318,85,1245,760,595
328: 8058,4625,3340,3912,1998,3620
329: 4627,3443,3170,5871,2145,7651
330: 1802,252,1801,1859,2933,16
331: 1429,4224,1302,1154,778,1257
332: 1853,1334,867,1264,1537,1074
333: 4823,7836,3448,3804,4753,5670
334: 1487,1023,1105,2980,1089,1076
335: 149,795,3012,1939,482,37
336: 157,1608,1516,1277,432,218
337: 1835,799,1847,2753,3045,1117
338: 4439,2920,816,1026,6055,1283
339: 165,3453,4153,2028,6169
340: 1825,869,1897,457,2749,660
341: 4518,7434,4759,4589,7942,7217
342: 954,1937,774,1050,1255,1298,1193
343: 1861,1857,19,1849,355,1894
344: 4418,248,3034,541,655,8208
345: 805,278,630,586,492,635
346: 4663,9007,9318,6375,8393,7504,9709,6883
347: 2081,1440,1320,1309,3020,1654
348: 540,2998,1261,2969,845,2968
349: 758,326,848,1317,7650,1718,4121
350: 7863,5910,1489,7861,5934,7998
351: 1238,2827,1292,1424,2804,2707
352: 2578,866,1340,4089,2855,2849
353: 2978,871,1383,1336,1294,1318
354: 4075,3872,6106,2526,6200,3636
355: 1933,343,1857,191,1894,1873
356: 1040,1629,23,2886,1824,2918
357: 881,1347,1554,1378,606,247
358: 105,1020,604,66,955,542
359: 1911,403,55,796,943,1484
360: 2531,3475,2298,2044,5707,6159
361: 1433,762,383,743,1355,1402
362: 225,849,33,1272,1150,7689
363: 829,215,887,488,1202,1911
364: 6534,6476,5300,4868,8267,8404
365: 1365,3818,2387,6022,2502,6136,5227
366: 2975,903,2909,2906,2961,2850
367: 2104,1437,2542,5727,850,103
368: 7275,6842,8693,9416,8953,8407,908,8679
369: 6162,125,484,4265,2864,1648
370: 3054,1827,1883,1565,1818,4463
371: 4150,1389,2907,3001,686,6029
372: 1726,1399,57,926,1274,1207
373: 4752,3348,3488,7916,4696,1171
374: 931,2665,780,1938,4398,1549
375: 132,272,1453,1408,1044,1071
376: 1216,1832,739,945,128,1867
377: 6863,6487,6616,3491,6411,6398
378: 2985,3028,1601,1181,949,2240
379: 1723,3892,3315,2557,1962,4102
380: 1425,73,960,1628,318,1466
381: 962,1906,684,1922,7697,7740
382: 5748,2708,4145,4191,4301,3083
383: 1433,361,1816,1355,972,1498
384: 4356,817,4250,616,75,3496
385: 2643,5661,1514,1437,565,5900
386: 409,2899,1135,1377,3018,783
387: 2744,4090,4401,1529,162,2848
388: 1349,101,1269,526,1449,1603
389: 2572,4385,834,2791,2718,5999
390: 1471,477,1465,912,94,1329
391: 8,1931,647,955,542,550
392: 4449,545,7732,4204,681,6097
393: 4317,1984,1567,5752,4098,6174
394: 5776,968,1946,2353,2583,4349
395: 2929,91,1140,1445,562,788
396: 799,3045,1492,1002,619,1871
397: 1896,512,100,1916,6117,1914
398: 5786,3505,7569,5794,3588,5176
399: 911,2735,1811,593,1501,1848
400: 1414,4400,8212,4398,596,1549
401: 6506,8322,8425,9488
402: 5467,4801,3395,3957,7877,4939
403: 138,359,543,1583,796,943
404: 5675,2534,644,2040,6103,6077
405: 444,614,2787,971,2823,1134
406: 2897,1460,7560,4143,2855,2950
407: 1144,9661,8800,9550,6597,6607,4021
408: 71,155,1526,600,1259,2733
409: 386,2599,1135,1607,3018,1657
410: 1450,1161,2745,4362,1725,5739
411: 2995,659,2964,4155,4188,1476,648
412: 6516,6064,3148,3638,5857,2602
413: 4059,3092,4959,1546,3541,5684,5970
414: 170,933,983,1901,462,657
415: 7767,3743,2588,8111,3806,3792
416: 670,1466,869,1897,1874,1557
417: 2956,851,3016,692,1278,420
418: 110,1822,716,281,1100,1927
419: 2296,5694,2238,2084,3548,4133
420: 1570,1278,1811,1536,417,692
421: 2719,8160,4311,4436,1540,8171
422: 1153,265,4242,2926,4280,2303
423: 4281,4286,5728,4091,2513,5721
424: 4819,5132,7726,6523,6902,7572
425: 7249,4035,6270,6698,4775,8288,6528
426: 5687,3988,7963,3071,5976,7601
427: 170,1901,667,105,1020,1021
428: 1083,4109,2912,3076,2877,2819
429: 1839,757,2765,1924,4212,3033
430: 493,3041,1912,878,1366,3040
431: 3690,5242,4040,7252,5075,8333,9179,9542
432: 1726,5984,436,218,1620,336,1608
433: 4113,1611,2757,1165,870,39
434: 1482,1339,755,2992,2923,4103
435: 1504,2630,1178,4367,3769,2070
436: 496,1726,5984,432,1620,4432
437: 108,5881,178,775,1622,1796
438: 3032,6206,1624,282,601,2734
439: 4157,4431,1721,780,6108,1834,159
440: 184,2938,1742,1765,2976,930
441: 27,163,1116,629,1630,1352
442: 1098,2131,614,1826,2637,4379
443: 721,4222,190,1925,41,1821
444: 405,971,2721,1134,1065,3008
445: 2970,4335,1037,129,2986,8066
446: 5772,1644,1749,8153,465,6130
447: 6168,3906,4177,8211,894,4228
448: 3434,6542,2644,7881,3574,6465,6563
449: 1244,1654,3022,2859,2645,1440
450: 935,3006,6227,8102,1210,1661
451: 5198,8132,2510,6983,3520,3454
452: 2731,1633,1819,1417,122,839
453: 122,999,1672,2761,2983,311
454: 4841,6477,7239,8447,8479,8577,9526
455: 3531,6138,6014,5978,3359,7634
456: 3372,6588,5155,3469,5079,9063
457: 3043,869,340,2756,1287,2749
458: 5683,2615,3593,5689,3942,2661
459: 1699,2979,1238,124,2845,2804
460: 241,876,1866,511,1845,1846
461: 2613,5895,3597,2314,8100,5933
462: 414,933,3027,3069,983,1840
463: 4959,2604,3601,2667,7654,3780
464: 5530,6558,7183,1392,6493,7162
465: 2862,5849,6130,1521,446,1749
466: 6562,6529,6758,6584,7048,3563
467: 2436,2743,2742,1535,759,1725
468: 202,3337,3615,2441,2675,1734
469: 4370,4328,927,1591,906,2227
470: 1460,4143,48,1742,930
471: 1570,911,2754,722,3047,1799
472: 9645,6566,8456,8596,9455,6984,9143,7177
473: 1045,3729,5729,3439,3936,1108
474: 1753,1025,240,4335,1786,2803
475: 1627,2844,1533,2976,930,4143
476: 3905,2843,946,2135,2714,2884
477: 1764,1465,390,495,1925,912
478: 1766,5870,5989,7887,3631,6072
479: 3361,2805,1474,2910,2046,2895,2878
480: 6526,7173,9448,7076,8462,9271,9294,6339
481: 1643,1759,4114,1771,730,2356
482: 658,1829,37,335,1939,3015
483: 1011,1909,1019,1898,1931,1936
484: 369,2864,1775,1648,4190,1428
485: 294,1661,4156,1206,964,1777
486: 4776,917,4871,3238,4688,5241
487: 3362,7675,2304,4641,5074,4873
488: 750,1202,1820,363,1911,55
489: 1139,1684,1432,2879,2528,803
490: 98,779,6144,1836,2834,64
491: 1022,583,915,887,1499,1484
492: 2782,29,295,635,345,278
493: 1772,2,430,1366,3040,2752
494: 8175,5153,5344,7590,2064,5049
495: 4222,1925,2776,1764,477,733
496: 436,1620,4432,40,4166,682
497: 877,34,268,551,1873,996
498: 1881,61,1929,1856,233,1669
499: 7896,4851,3204,3571,1215,6814
500: 583,150,566,1499,1847,1117
501: 4194,1842,181,59,1420,1886
502: 3030,2727,1666,1006,2977,975
503: 1496,1761,5773,2317,2493,3645
504: 4238,1436,3047,1232,4216,2746
505: 1935,1801,1859,723,1933,191
506: 3562,6193,3630,2905,1803,1804
507: 1411,4229,141,5666,2777,4322
508: 2247,2005,2266,2575,5723,7678
509: 3338,5652,1809,5124,8133,8094
510: 4853,3323,8195,7618,5963,5754
511: 1872,1011,241,1866,460,1898
512: 100,397,1902,1019,8,1914
513: 7685,2808,592,3023,257,727
514: 2953,4227,3061,4459,4079,5174
515: 2891,1511,1356,4117,1279,850
516: 5749,6207,1079,3669,3004,8032,2270
517: 2986,8066,1025,2335,4358,4341
518: 1244,2987,1041,1024,1119,549
519: 4062,2058,6126,2420,4071,6123
520: 3030,5788,1800,4350,4437,1795
521: 1908,1841,4141,2966,7715,4461
522: 263,272,1044,150,566,1052
523: 1287,2749,810,802,1358,4122
524: 617,1116,160,1141,7719,1055
525: 4697,8283,6263,273,8355,7061,8483
526: 959,1449,79,1269,2981,388
527: 4449,2263,2780,681,1062,5770,8157
528: 4300,2679,4136,7619,5999,3882
529: 5404,8140,8137,2078,3791,5911
530: 2645,2866,826,1426,1635,3005
531: 284,1075,1329,27,1141,8213
532: 4446,264,134,795,3012,6132
533: 1081,841,731,262,1035,3049
534: 652,2006,4405,2112,4394,2890
535: 973,2993,251,135,1370,2934
536: 8063,1416,1088,4447,263,4435
537: 1653,683,2766,1183,1090,2837
538: 2500,1281,3436,1947,3691,3523
539: 5991,2233,5181,5855,3695,1042
540: 348,2138,2998,2882,2968,4148
541: 791,248,344,3034,604,66
542: 358,156,604,647,955,391
543: 138,1932,403,796,557,1891
544: 4415,4604,3701,3660,3206,2018,3429
545: 392,4204,6119,681,4438,2021
546: 5839,6201,2651,7620,4364,7557
547: 3444,3676,3944,4628,4813,4930
548: 676,1680,2860,7954,6185,1602
549: 3035,518,1244,1654,1119,1309
550: 986,295,1914,8,647,391
551: 1900,34,497,1791,1919,996
552: 4085,4199,5901,2176,2036,2769
553: 1880,4096,809,1888,1865,4403
554: 131,1900,34,1876,1904,1921
555: 4936,5113,8005,8052,3696,8120
556: 10,2900,2957,1127,2906,631
557: 269,1910,68,1891,1932,543
558: 3948,4282,2163,2723,4043,3717
559: 1132,2044,220,6159,4256,3322
560: 2842,1039,1136,84,2770,2760
561: 6872,6612,6639,8502,8792,5118
562: 1445,903,1140,395,2908,1493
563: 2668,1564,144,648,5792,1551
564: 2344,1069,6100,6120,200,7691
565: 5900,2244,2057,2568,385,5661
566: 150,500,263,522,1088,1835,1847
567: 1152,2739,1212,734,3011,4406
568: 840,1349,101,4104,4410,5868
569: 4038,5513,7903,5597,7862
570: 1087,1317,4121,1168,276,1204
571: 5136,3088,3733,6062,13,4055
572: 4017,2229,5562,663,4953,5022
573: 2235,3275,8127,6034,6013,8116
574: 2309,3785,3251,5632,5578,4958
575: 3643,2946,21,1185,1256,2923
576: 1337,5143,5058,1169,8104,3749
577: 4463,1885,6144,938,15,1565
578: 7453,6623,6926,3753,6692,5510,9698
579: 137,289,1464,2901,276,1204
580: 667,37,1020,66,149,791
581: 678,1933,1899,1857,1859,16
582: 4307,1651,3052,2010,4182,2401
583: 491,915,1499,500,1332,1117
584: 4200,8206,4446,264,1915,7715
585: 4270,1895,738,3041,1912,969
586: 345,805,600,635,212,188,1815
587: 7503,7434,7889,4759,4971
588: 1512,4827,6631,7259,6458,7228
589: 1226,4152,4116,4294,2892,195
590: 1230,1148,2099,1878,2692,1096
591: 827,4428,655,8208,3057,2841
592: 4444,513,7685,2808,1812,6101
593: 911,399,2735,2754,984,223
594: 3612,3865,4978,9093,7069,6636,7063
595: 2937,154,153,1727,327,1245
596: 291,1242,238,4398,400,4400
597: 2789,154,3010,1247,1336,1245
598: 976,281,1717,765,671,1250
599: 1773,2889,4115,2462,2797,236,8169
600: 71,805,408,586,1815,2733
601: 135,2734,438,282,3036,1843
602: 7281,6643,8522,2479,9154,8400
603: 8041,4990,7759,3157,7837,5354
604: 358,156,66,542,248,541
605: 2497,3430,3505,8070,5879,5944,6007
606: 247,1109,1796,1282,1347,357
607: 5764,4067,2399,4247,4100,4201
608: 891,762,1875,1402,1861,285
609: 250,225,849,637,138,1583
610: 870,1293,157,1678,1343,39
611: 114,1575,2731,1633,1830,726
612: 3790,5620,7888,7864,3840,8091
613: 2269,6125,2716,7718,2958,2942
614: 405,442,2131,971,1826,2823
615: 9,1833,2851,1831,6108,159
616: 4356,4250,384,6210,2816,2134
617: 1525,8193,524,6147,160,7719
618: 6382,3285,8531,8686,8970,6652,8689
619: 1315,1871,1272,24,396,1492
620: 1534,1527,1709,164,161,1321
621: 5928,5858,3904,6033,2196,7558
622: 730,2150,1208,1330,4160,2744
623: 4657,7883,4673,7226,3349,7935
624: 1869,41,1817,1887,3026,2989,793
625: 7625,1123,2812,2580,2600,2857
626: 2795,2849,1644,8153,7560,2855
627: 801,2996,2747,289,276,1087
628: 6677,4971,3760,5583,6659,8537
629: 878,1366,1630,234,1352,441
630: 152,71,345,805,3057,278,4331
631: 1494,2869,2850,2906,10,556
632: 3816,3182,2230,6129,2627,7666
633: 1756,4419,4173,1104,3013,1163
634: 5460,7827,7698,6128,1113,3250
635: 4342,492,29,212,345,586
636: 2599,1877,3018,1530,2761,311
637: 609,225,138,1813,1891,2784
638: 3964,3370,2172,5685,2376,3377
639: 2436,1731,2616,897,2178,1369
640: 2193,3401,6222,5888,3998,6208
641: 4254,227,6143,3436,1391,1752
642: 2779,2188,290,1685,2147,4131,4124
643: 2192,2431,245,784,6171,3874
644: 6152,7668,5675,404,6077,6091
645: 2868,2914,50,4408,1390,2885
646: 2203,2199,4346,2020,3249,4343
647: 156,542,391,2782,295,550
648: 563,1564,144,411,2964,4155
649: 5743,3841,4636,1770,3367,2486
650: 5669,3843,7565,3662,7984,3352,3788
651: 5254,8079,5273,5129,3847,4716,7975
652: 534,4405,4394,1267,2811,1913
653: 1063,777,1624,987,1060,1855
654: 7804,6998,5294,5208,5039,8061,8004
655: 591,248,344,8208,937,152,3057
656: 2218,3297,5708,8186,1462,6161
657: 414,170,983,961,2834,64
658: 933,1901,482,1829,667,37
659: 2995,411,4224,2750,4188,87
660: 2741,2749,810,3058,1825,340
661: 1085,5216,5634,5819,3868,5044
662: 1792,2549,2135,4416,2607,2714
663: 8108,8110,4531,4953,572,2229
664: 1904,1863,193,299,1876,1862
665: 2767,1563,2209,4445,4199,5901
666: 1739,3024,35,1154,222,1429
667: 427,658,1901,37,580,1020
668: 1374,3003,2778,1696,1949,4389
669: 3748,2215,7708,7786,4133,6149
670: 1466,1897,416,1152,318,171
671: 1888,72,976,765,598,1865
672: 2217,4193,8117,3648,2464,3368
673: 2894,1560,2835,2915,2836,6203
674: 6421,4798,9536,8559
675: 6685,7314,6801,5060,6757,4033
676: 2871,1680,4266,5747,548,2860,7954
677: 3513,7788,5356,6756,8813,2650,7148
678: 1899,581,16,1298,825,1255
679: 4360,1051,1381,4101,4267,2829
680: 1932,55,796,750,1822,302
681: 392,4449,545,527,2780,6119
682: 1655,40,4166,1498,3019,496
683: 216,537,2766,2837,1503,1720
684: 1864,176,962,2785,1906,381
685: 1186,2318,905,2035,2984,2958
686: 4150,1389,371,177,4462,7686
687: 6696,5048,7201,2416,9006,6346,4751
688: 4420,1656,4118,2948,1054,4406
689: 2276,4112,4332,1650,5352,3046
690: 145,739,1869,1821,3026,2369
691: 1532,2828,5824,4142,4279,4375
692: 3016,417,864,111,420,1536
693: 8571,9217,7111
694: 3803,6031,1524,5740,4436,1540
695: 1210,1146,831,710,1542,8102
696: 7091,2293,6703,7386,5077,6796
697: 5373,5673,5081,2305,6202,3856
698: 4435,1408,1561,6084,1552,4447
699: 109,2736,1004,2934,251,2818
700: 2442,4138,4327,1153,4209,4280
701: 2964,6191,4188,209,1537,800
702: 3869,2108,3879,4047,3084,2114
703: 2232,8075,3675,3919,6217,1569,3144
704: 2751,3048,1830,4248,23,1824
705: 1768,1597,1577,1124,1078,2938
706: 4532,6709,7616,5746,2148,8008
707: 1905,312,2842,1039,4411,4426
708: 6336,7451,6454,8578,3253,5093,8598
709: 7541,5491,4948,2330,7879,8188,5097
710: 2798,1188,991,1401,695,831,1542
711: 1643,4092,1771,3014,5844,1596
712: 2175,3968,1587,2196,2351,8115
713: 4414,4159,1889,313,1201,8166,1198
714: 7895,3639,5407,5559,4871,4744
715: 7653,1637,5838,5672,6223,3926
716: 750,110,418,1820,1822,3031
717: 2409,1947,1972,7604,1566,2012
718: 8215,7731,882,1072,2758,1885
719: 4670,8601,9101,7774,270,7514,3169
720: 2393,2216,119,1134,2931,1065
721: 190,1240,443,1478,145,1821
722: 1570,1278,471,1621,1799,2960
723: 1717,765,877,191,505,1935
724: 3768,187,3284,6018,3465,5992
725: 4151,5117,1793,1711,5967,7943
726: 1689,4212,3033,114,611,1633
727: 972,257,513,7685,199,1816
728: 3561,4219,1954,4183,5800,4387
729: 2793,3062,1030,8157,2263,7802,5836
730: 622,2356,1330,4160,1643,481
731: 1081,533,195,69,3049,4171
732: 1823,859,882,1660,1005,2763
733: 1639,1764,1652,3000,495,2776
734: 2948,1634,567,2739,4105,4406
735: 6048,8181,1211,4561,3817
736: 1005,85,1754,863,1294,1660
737: 1617,52,2016,2763,859,1301
738: 1895,1916,585,1922,1912,970,7740
739: 690,945,3026,1216,2369,376
740: 5465,4415,3917,4604,1670,6049
741: 7314,6801,6366,6876,5452,8362,9398,7289
742: 2322,6729,8365,8593,8770,6878,7476,9695
743: 361,1355,1402,1293,1678,1167
744: 2988,1814,1784,1602,2729,1680
745: 8093,7441,3608,4528,4850,6736,7931
746: 5121,8054,3961,1948,5798,5200
747: 7349,6738,9663,8599,2384,9548
748: 4425,1653,2724,2386,4393,1695
749: 4113,1298,2757,1193,825,4412
750: 488,1820,1822,716,55,680
751: 3967,4651,6098,5945,3248,3965
752: 1022,1708,150,56,1052,1499
753: 2394,5433,7766,7757,7990,7348
754: 994,1712,2876,2991,2957,770
755: 4127,1339,1576,434,5972,4103
756: 2410,2439,4241,1288,4247,4137
757: 984,429,1010,223,2765,3033
758: 147,326,349,1718,4121,4127,1714
759: 2742,6170,467,1725,5739,781
760: 1727,1189,327,85,1754,3044
761: 3329,3610,4597,3556,5135,5730
762: 1433,608,361,1875,1892,1402
763: 1735,5796,4397,2302,274,7640
764: 3400,2345,2414,1290,4354,143
765: 723,72,1717,598,671,1935
766: 4279,1221,158,1520,4306,2068
767: 4383,4218,3982,3293,1797,1394
768: 3990,1598,4230,4423,7705,4249
769: 3996,3347,6061,1032,3305,6025
770: 1399,57,1036,994,1712,754
771: 194,1040,2886,2941,2945,1679
772: 5867,5801,2124,1252,3358,5780
773: 1046,2432,6224,3077,4900,3481
774: 954,342,3064,211,1193,2994
775: 437,108,960,1622,1212,3011
776: 8132,2460,4865,3520,3742,2437
777: 3037,1063,653,6219,6206,1624
778: 6111,7710,2737,1257,1302,331
779: 4463,6144,1836,490,1883,876
780: 374,4157,2665,439,1721,1938
781: 2725,5739,3029,1264,6170,759
782: 2959,1398,1078,2947,846,2904
783: 386,1377,205,1877,3018,1444
784: 4206,6171,2444,7924,3874,643
785: 2989,1868,1887,107,1879,969
786: 4291,4283,2801,4341,4302,1086
787: 246,951,1840,1201,2722,3027
788: 1445,1357,2980,1487,395,91
789: 3194,4847,2364,5676,3190,5146
790: 2764,2896,1582,4379,3021,4391
791: 1907,3034,541,580,66,149
792: 3309,7526,5149,8621,4843
793: 2989,912,94,1531,624,1817
794: 1320,6068,1309,3035,2730,4458,1239
795: 335,134,1061,532,3012,1939
796: 1932,359,403,55,680,543
797: 1110,1516,1343,89,232,81
798: 2826,2895,143,5846,1290,1474
799: 396,337,3045,1492,1117,1332,1002
800: 1074,301,701,209,3025,1537
801: 3054,1827,627,4330,2996,2747
802: 523,1139,810,1684,981,4122
803: 90,1314,1903,2528,489,1684
804: 2954,2820,1697,2994,211,1705
805: 71,345,630,600,586
806: 1864,2785,829,188,979,1202
807: 2468,3406,2074,3107,2461,1231
808: 2871,1996,4266,4135,2943,3008,4105
809: 9,553,4096,1850,873,4403
810: 2741,523,1139,2749,802,660
811: 1308,8213,1347,1109,284
812: 4640,8628,9300,9283,5159,6776,8574,8850
813: 3243,1003,3059,4340,2845,4337
814: 6442,8338,8631,8856,3553,8434,9164
815: 6085,5558,5880,5874,4015,2481
816: 90,4439,338,1415,2920,1387
817: 4356,384,1966,75,6163,3124
818: 4093,2489,2794,1724,1410,4252
819: 176,2785,988,829,56,215
820: 7696,7734,5337,2491,2598,5163
821: 6785,1173,6243,4595,6549,7011
822: 9586,9679,6945,7235,6982,8635,9140
823: 1765,4238,1705,1436,1009,127
824: 2502,1182,4368,216,6022,5919
825: 749,1298,2757,678,1899,1852
826: 2645,2866,901,530,1440,3020
827: 4418,591,4428,4461,8208,2966
828: 2515,3852,5385,7591,5171,8164
829: 806,819,363,2785,215,1202
830: 2755,2971,1207,218,1277,1400
831: 2868,695,1146,2798,77,710
832: 7911,5650,5175,6581,5065,7677
833: 5799,4110,2873,26,2847,8024
834: 1064,389,2791,4380,5999,3882
835: 6797,5606,8642,9524,4044,9557
836: 204,2415,4277,7690,2206,2468
837: 6109,3479,6094,4366,78,2123
838: 1616,5456,2233,4931,5181,5568
839: 1839,4212,1669,1819,1633,452
840: 568,4104,1155,6004,4410,4434
841: 2529,533,1073,262,1035,261
842: 1349,222,1269,1248,1241,4104
843: 2765,1924,58,3042,1923,1741
844: 2533,7950,7946,4861,7019,7866
845: 1464,2968,348,2969,1714,147
846: 2840,4455,2947,2959,2875,782
847: 5929,8078,5394,6804,8072,5429
848: 1270,1478,349,1317,7650,1240
849: 609,362,250,225,1871,1272
850: 2542,1279,515,4117,367,103
851: 4315,2956,226,2894,3016,417
852: 1530,973,2761,1442,931,1672
853: 1731,2178,2472,2547,286,6057
854: 1284,6181,4345,4373,7670,6087
855: 7591,2026,3555,8164,4146,3452
856: 1014,1713,2882,3059,1147,1097
857: 2071,3482,6187,2506,6044,2559
858: 4312,2674,4196,4275,2570,1743
859: 1823,1301,732,2759,737,2763
860: 7632,1307,4240,6090,4258,4314,2003
861: 7475,9259,8521,9136,8656,9130
862: 4196,6039,2541,2143,2655,3183
863: 2978,1664,1294,736,4164,1660
864: 3016,1560,692,111,3002,2935
865: 3433,5604,3187,1228,5761,6043
866: 2284,352,2578,2419,4089,1331
867: 987,1334,7967,332,1537,6191
868: 1502,2865,2907,6029,7656,2812
869: 1897,457,416,1874,340,2756
870: 610,1110,1343,39,1611,433
871: 353,2863,1383,1336,2963,3010
872: 1985,2456,2329,925,2674,2582
873: 1881,1856,1850,1926,4403,809
874: 2470,2682,2624,2587,4304,5731
875: 7110,2620,7079,9351,8913,3807,7000
876: 1866,460,1883,1846,779,1836
877: 497,1873,996,723,1717,191
878: 3041,1879,629,430,1366,1630
879: 1375,2779,2941,4131,6056,203
880: 2767,3960,5696,2788,4326,1481
881: 964,934,1554,1777,357,1378
882: 1823,8215,732,718,1072,1005
883: 3844,6823,7157,8664,4726,7004,6643,9428
884: 4448,46,4203,7704,6090,4258
885: 4401,1529,2893,4125,1610,2881
886: 5490,5618,5046,9598,8667,9105,9535
887: 1022,491,215,363,1911,1484
888: 4402,2862,6194,2603,5849,2836
889: 13,4055,3794,1956,7600,3207
890: 1263,2875,1310,2853,2692,2809
891: 608,1402,285,1293,39,1165
892: 2567,7050,4719,7101,8932,4910
893: 6155,4453,4213,33,7689,2922
894: 4228,275,4091,5721,6168,447
895: 1415,1387,1702,2872,2893,1446
896: 4094,7566,3886,5925,8198,3215
897: 639,2616,1420,4409,5860,1369
898: 4171,1426,3017,1635,4152,2817
899: 2839,8210,3818,2387,2540,3067
900: 2700,5095,5224,5050,3679,5512
901: 1197,2866,826,1140,2929,3020
902: 2993,1442,2734,1549,3032,8212
903: 1445,366,2909,562,2961,2908
904: 4192,8055,1284,2715,2539,6181
905: 1372,2035,685,2185,2958,2942
906: 1120,4362,4328,469,2227,3055
907: 2605,2830,6076,2771,1758,3758
908: 6357,3195,8679,368,7275,8693
909: 2897,5932,2967,1460,1194,48
910: 7904,3228,3761,7955,3704,5653
911: 1570,399,2754,1811,593,471
912: 94,793,1925,477,390,1817
913: 7949,5238,5043,3814,8009,5550,1710
914: 5713,2557,1469,6102,2796,5797
915: 583,491,1332,943,1484,95
916: 1216,320,70,1837,1246,2369
917: 4776,486,6368,5538,5654,3238
918: 6137,4373,4218,2625,2715,6181
919: 2924,1197,2866,2917,1426,3017
920: 70,1246,3038,1087,1168,2747
921: 3243,4377,4340,2470,1750,2646
922: 1262,2806,4399,4347,4110,1111
923: 7663,3287,3858,6088,2321,6096
924: 4185,3252,3364,6209,2651,6167
925: 2329,2474,6067,2030,872,2582
926: 1511,1356,1274,2755,1207,372
927: 1142,4370,469,2228,3007,1591
928: 6934,5160,6946,3766,6851,7754
929: 3470,3734,4785,2473,3713,6184
930: 475,2976,440,1742,4143,470
931: 374,2665,1672,852,1442,1549
932: 1759,1551,244,5781,2037,2668,5784
933: 414,3027,658,1901,462,1829
934: 881,1639,964,1764,1554,1465
935: 3006,450,1661,1777,1378,1558
936: 2748,1874,2756,44,4202,1552
937: 248,655,156,2782,152,278
938: 98,189,1885,6144,577,7731
939: 5688,5323,5689,3942,1568,3109
940: 1967,4407,5843,1808,2704,2210
941: 4441,2796,4102,2677,2694,1794
942: 99,3122,4443,5342,1579,8134
943: 359,403,1583,1484,95,915
944: 6987,9147,8692,6449,8774,6860,4866
945: 1917,739,3026,376,948,1867
946: 1592,2843,476,2952,2852,2884
947: 5261,7373,6274,6863,6619,7811
948: 4270,1882,1890,107,1867,1917,945
949: 1623,2240,1449,1603,2985,378
950: 6216,2753,3045,5868,8221,4410
951: 4414,787,1201,2722,267,206
952: 31,5788,4350,3063,1135,1607
953: 5318,2689,2101,8159,6121,5076
954: 1937,342,774,3064,4216,1870,1050
955: 358,105,1931,1936,542,391
956: 2891,1878,1356,2755,2971,2853
957: 4293,2192,6197,3400,245,5805
958: 2910,2940,1767,52,2916,3361
959: 526,1623,1059,1449,79,2898
960: 775,1622,1628,318,3011,380
961: 64,1909,1018,170,657,1021
962: 176,684,381,2752,1922,3040
963: 4464,4120,4950,2699,1286,1977
964: 881,1639,934,1777,485,1206
965: 4069,4077,2195,5986,1367,6021
966: 7727,4177,8211,3725,4170,2395
967: 2291,5714,4086,2854,1723,2423
968: 4307,394,1946,4251,4066,2353
969: 3041,1879,785,4270,107,585
970: 6117,256,7697,7740,1916,738
971: 405,444,2131,614,1656,2721
972: 1655,1498,257,727,383,1816
973: 535,1530,2993,852,1370,1442
974: 6678,4972,6973,8706,8719,9119,7390,8596
975: 1435,6210,2816,502,2727,1006
976: 1888,281,598,671,1927,1893
977: 2520,4675,6881,8261,8489,8709,9360,6262
978: 2728,1671,1536,1501,111,1640
979: 1815,1202,1820,3031,806,188
980: 2783,6160,2813,2774,5753,2775
981: 2274,802,1684,4122,1314,1702
982: 2175,4271,5962,3968,136,8199
983: 414,3069,462,657,1858,2834
984: 757,223,1689,3033,2735,593
985: 4392,1038,1691,2065,2676,1961
986: 29,295,6117,550,256,1914
987: 1334,867,7967,1060,1855,653
988: 819,176,2752,2,1708,56
989: 1611,2919,1110,232,2903,1698
990: 13,7627,7600,5968,3088,4162
991: 5820,3021,1401,710,1542,2896
992: 1928,190,4462,3051,1240,7650
993: 2688,3823,3296,1732,2216,119
994: 2991,754,1527,1789,770,1036
995: 7559,3941,7943,1711,4233,5741
996: 877,497,551,1791,1717,1250
997: 6891,9203,9245,8717,7030,1979
998: 1937,1923,1050,1741,252,2933
999: 1417,122,453,2665,1721,1672
1000: 4151,1793,2439,1983,4241,2243
1001: 186,2807,2852,1592,2803,2962
1002: 250,1871,1332,396,799,95
1003: 3059,2821,1147,4340,813,2242
1004: 109,2738,181,1843,699,2934
1005: 736,1072,1754,882,732,1660
1006: 1756,6188,2977,502,1435,975
1007: 5362,4768,5644,8724,9317,9471,9570
1008: 1224,3591,2465,7658,1994,3412
1009: 1621,1765,4238,2883,1799,823
1010: 757,223,2765,3042,1232,2746
1011: 1909,1866,1018,511,1898,483
1012: 1802,1935,4424,1801,4130,72
1013: 2202,3367,2486,6193,83,3333
1014: 856,1713,2965,2998,1311,2882
1015: 254,1776,8032,1641,5705,5749
1016: 6593,5309,6905,8525,9258,9657,2569,9246
1017: 4165,3408,4167,1149,6112,2524
1018: 1011,1909,1866,1836,961,64
1019: 1902,1898,483,512,8,1931
1020: 358,105,66,427,667,580
1021: 105,1936,961,1909,170,427
1022: 56,491,215,752,887,1499
1023: 1487,6068,1275,334,17,1105
1024: 518,1244,1041,4107,4087,2859
1025: 1753,517,8066,2335,474,4335
1026: 338,2920,139,2939,1468,1283
1027: 272,1071,1772,2,1708,1052
1028: 3363,5811,5897,2530,6218,2019
1029: 6230,7733,2778,1949,4254,2311
1030: 5770,2814,1475,8157,729,2793
1031: 76,6721,6925,3173,2385,5898
1032: 3347,769,2161,7609,3305,5701
1033: 1483,5776,6183,3052,1946,4
1034: 18,4390,237,2800,2928,1782
1035: 1081,3005,3022,841,533,1073
1036: 1789,770,5984,1399,4432,994
1037: 445,2970,1441,4070,129,6153
1038: 4393,985,1691,1961,4395,3693
1039: 560,2842,4411,707,2760,261
1040: 194,356,1629,771,1671,2886
1041: 518,2987,1024,4107,206,8166
1042: 5855,5977,3695,5847,539,3321
1043: 3358,5638,8020,5780,7905,5376
1044: 263,4435,272,375,1408,522
1045: 473,3252,3439,1108,6201,3750
1046: 773,3077,2055,6110,5940,3481
1047: 2123,4283,4239,4302,3479,2446
1048: 5716,4235,3209,2831,4465,4082
1049: 31,4350,4437,1920,4173,3013
1050: 954,1937,342,998,1255,252
1051: 679,4101,2829,305,1368,2813
1052: 1708,150,752,272,522,1027
1053: 7900,2671,1393,4387,6179
1054: 1212,4406,688,4118,108
1055: 132,1453,1116,524,160,1352
1056: 3334,6038,5726,2264,2437,3767
1057: 5012,5332,6199,2032,7972,6925,3173
1058: 8173,7850,2074,4268,3828,7610
1059: 210,959,1838,1623,2921,2898
1060: 987,1334,282,2740,653,1624
1061: 2730,134,795,1939,2997,67
1062: 2945,5770,4344,1679,527,2780
1063: 653,777,6219,3050,8223,1855
1064: 2822,834,4380,3882,4147,1405
1065: 720,2943,1134,2931,3008,444
1066: 8750,9327,3721,6896,6931
1067: 5340,7823,8011,7441,5119,7931
1068: 2319,8172,7957,5345,7608,3820
1069: 564,2344,5759,5738,4287,200
1070: 9073,8755,9159
1071: 132,272,375,1027,1772,234
1072: 1005,1754,2758,3044,882,718
1073: 2529,4087,3022,841,1035,2859
1074: 2725,800,301,1264,332,1537
1075: 531,94,1531,1329,27,163
1076: 1089,3023,8197,334,2808,1105
1077: 6848,3754,8963,9286,4553,9313,8760
1078: 1597,1577,705,1398,782,2904
1079: 2701,6207,516,8173,7629,3669,4268
1080: 4223,5796,1178,2412,4367,4316
1081: 3005,731,533,1035,4171,1635
1082: 1615,6129,5971,7621,2444,7924
1083: 1115,4109,2112,428,2912,2819
1084: 2141,2307,3084,2114,1778,4381
1085: 661,4824,5366,5216,5044,3413
1086: 65,296,4382,2801,786,4302
1087: 570,1168,276,627,2747,920
1088: 8063,536,263,566,1835,4176,1847
1089: 1321,8197,1076,334,164,2980
1090: 1183,2786,5,1653,537,2386
1091: 2705,277,78,4451,7594,8162,6094
1092: 3,7683,2128,3898,5757,6073
1093: 2320,1763,6174,4317,1586,2617
1094: 7217,3130,6240,6949,3457,4518
1095: 3695,3655,7760,2525,5991
1096: 2809,279,5831,2692,1230,590
1097: 3059,1424,4337,856,2138,2882
1098: 442,2131,4420,2764,1918,4379
1099: 4329,6177,2795,4396,2846,1340
1100: 281,1513,1927,1259,110,418
1101: 7953,5638,4599,7905,2045,7856
1102: 3440,6118,6049,4604,3429,5278
1103: 6111,4454,2737,6155,4213,4434
1104: 4419,633,3013,4119,290,2147
1105: 4444,17,2808,1023,334,1076
1106: 5379,8541,8920,9522,9162,6439,8775
1107: 4772,5789,5787,4623,3526,6386
1108: 3936,2593,6146,3750,1045,473
1109: 606,1282,1347,811,1251,1308
1110: 870,797,1343,1611,989,232
1111: 4110,2847,4408,1262,922,2885
1112: 1136,3065,1243,4108,2770,1528,7561
1113: 634,6128,7587,3981,5387,3250
1114: 2189,2772,3446,286,1369,2178
1115: 1083,6185,4405,2112,2166,2912
1116: 524,1141,27,441,1352,1055
1117: 799,337,1847,583,500,1332
1118: 3285,8970,6406,9651,8395,8782,8389
1119: 3035,518,2987,67,549
1120: 906,1161,4362,301,4328,3025
1121: 5758,3039,3083,5750,4072,5748
1122: 3966,3304,3455,2174,6066,1200
1123: 4088,7625,625,4359,2580,4098
1124: 2954,1768,2820,184,705,2938
1125: 4471,3884,3633,4521,7652,8185
1126: 5760,4330,2996,2944,4132,1342
1127: 556,2991,2957,2975,1709,2906
1128: 291,2784,1828,6105,3056,1150
1129: 2134,2727,2552,1555,2772,2816
1130: 1472,142,5915,3241,3462,5845
1131: 6114,5715,2376,3377,3828,7780
1132: 4004,2044,559,4349,4256,6182
1133: 5679,2225,5862,6141,4065,8146
1134: 720,119,1065,405,444,2787
1135: 409,2899,386,1607,31,952
1136: 8205,84,4108,1112,2770,560
1137: 7606,5137,5320,2220,7551,5939
1138: 7410,4482,8408,2380,6975,6872,8792
1139: 2741,489,810,802,1684,2879
1140: 1197,901,2929,395,1493,562
1141: 1116,524,7719,8213,531,27
1142: 2668,5784,4370,5792,927,2228
1143: 3830,4466,5680,5246,4452,5974,7814
1144: 4678,407,5396,4901,9661,8609,8800,9353
1145: 3838,2095,8129,8204,4682,6016,2236
1146: 2868,1210,695,294,2914,831
1147: 1003,3059,2242,2279,856,1713
1148: 1230,2411,2244,2712,590,2099
1149: 1017,3408,6112,4158,5890,2246
1150: 362,225,33,2784,1128,6105
1151: 3390,6991,7445,4535,1254,4605
1152: 567,2739,318,3011,171,670
1153: 201,422,4280,2303,4327,700
1154: 666,222,1241,1257,1429,331
1155: 840,4410,8221,1315,4454,4434
1156: 300,4090,2872,1446,2921,2898
1157: 36,3116,5503,4493,4499,3918
1158: 5695,3537,2481,4037,3121,2259
1159: 8012,2385,3494,4709,5898,7965
1160: 235,1642,6055,4125,4439,2881
1161: 1120,2725,4362,410,301,5739
1162: 6999,4508,6768,2265,8421,8444,8809,8831
1163: 1756,4417,4419,6188,633,4299
1164: 2255,5185,7579,7664,5674,5592
1165: 2757,433,891,285,1852,39
1166: 2273,4333,2126,4027,192,5769
1167: 1678,1608,40,743,1355,1620
1168: 1270,1087,570,1317,920,70
1169: 4514,1337,576,5058,7524,8047
1170: 5612,7003,1363,8543,8814,8907,7146,8942
1171: 4783,4696,8052,8013,4752,373
1172: 3790,2287,7888,4523,4548,7929
1173: 821,6549,7011,4766,1371,3425
1174: 2407,2292,4037,4205,3649,3207
1175: 305,2810,1443,1806,130,2775
1176: 2170,4531,1964,5156,5051,8108
1177: 6097,6156,2576,7732,4207
1178: 1080,4367,435,3769,4316,2574
1179: 8088,5139,8037,3737,3784,8082
1180: 3531,3407,2720,5978,7815,6051
1181: 44,3028,378,3043,104,2240
1182: 2284,824,4369,1720,4368,216
1183: 2870,2799,1090,2837,5,537
1184: 2214,3137,7018,4794,8003
1185: 2965,1261,1256,575,1482,2923
1186: 4236,2318,2643,2035,685,1514
1187: 2640,5842,2395,4048,3106,4163
1188: 2798,5799,1219,710,2973,1401
1189: 1727,3044,760,1342,1495,5760
1190: 2892,4388,2290,1650,309,4294
1191: 3337,2441,8016,47,2312,5735
1192: 2856,4360,5824,4267,4456,82
1193: 749,1298,2994,4412,342,774
1194: 2967,909,48,2960,1621,2883
1195: 4550,3753,5147,5371,4808,7026,9197
1196: 1575,2751,2983,311,1877,1444
1197: 2924,919,2866,901,1140,1493
1198: 312,1934,4426,4159,1889,713
1199: 258,2474,2335,4358,2009,2030
1200: 6124,4817,6066,5924,1122,3455
1201: 246,4414,787,713,951,313
1202: 979,488,1820,806,363,829
1203: 8652,9005,6569,2049,8835,9307
1204: 579,1464,276,147,570,4121
1205: 3165,2671,4387,3561,5983,6214
1206: 485,4149,4156,1639,964,1652
1207: 830,926,2755,1726,372,218
1208: 622,1739,2150,3024,2880,4160
1209: 4111,4109,2006,6183,1651,2877
1210: 695,1146,294,1661,450,8102
1211: 6048,5704,735,4561,3449,4636
1212: 567,3011,1054,4406,108,775
1213: 7989,6677,3812,2512,6938,3760
1214: 1905,2842,4430,2878,2046,84
1215: 7896,7682,3204,5663,499,7577
1216: 1837,916,1832,2369,376,739
1217: 5290,6723,6552,8843,9236,4858,6509
1218: 7047,9705,6656,8880,8845,9689
1219: 5799,4361,2999,1188,8024,2973
1220: 6738,8848,9484,1304,7051,6363,4757
1221: 4279,766,1520,2051,4375,4421
1222: 5820,118,1632,1704,2122,5835
1223: 4881,3586,4579,5387,4938,2592
1224: 1008,5956,2492,3591,1747,3412
1225: 4894,3594,8852,6750,9199,8803
1226: 4152,589,18,2790,2817,4116
1227: 2197,4284,62,5823,3598,2402
1228: 5604,865,5931,3351,5904
1229: 4587,7909,7801,7791,7939,5134
1230: 2411,1148,2038,590,1096,5831
1231: 2324,4332,2415,2468,807,2461
1232: 3042,4216,1870,1010,504,2746
1233: 3297,1953,1462,2058,3535,6126
1234: 7069,6965,7147,5308,6511,7063
1235: 7550,5832,3614,2339,5815,8144
1236: 2434,2136,3621,221,2300,4295
1237: 1733,4217,7991,6186,4308
1238: 1699,2833,2827,459,351,2804
1239: 2732,17,4458,794,6068
1240: 721,992,190,1478,848,7650
1241: 222,842,4104,6004,1154,1257
1242: 291,6105,596,5813,4400,2922
1243: 3065,4413,4108,1112,271,1528,7717
1244: 518,449,1654,1024,549,2859
1245: 1318,327,597,154,595,1336
1246: 920,70,1837,916,4189,3038
1247: 1510,3010,2925,1500,597,2789
1248: 222,1269,2981,842,3024,2880
1249: 2177,7070,9038,7307,8864,8916
1250: 281,1717,598,1513,1791,996
1251: 73,8193,1308,1109,1282,1628
1252: 5802,2501,1581,3358,772,2124
1253: 3757,5682,7529,3442,2453,5918
1254: 4986,6807,4605,4485,1151,7445
1255: 342,1050,678,252,16,1298
1256: 2965,1311,1185,4115,3643,575
1257: 6111,778,1241,6004,1154,331
1258: 6059,3097,3263,5937,3712,3368
1259: 110,2733,155,408,1100,1513
1260: 7075,3776,6598,8870,9031,9701
1261: 348,2965,2998,1185,2969,1482
1262: 922,2806,7656,1111,1502,2885
1263: 1276,2959,890,2949,2875,1310
1264: 1853,3029,332,2725,1074,781
1265: 7915,3245,5569,5023,4612,3146
1266: 7980,3576,2505,7964,4823,3447
1267: 4394,5806,652,1913,2953,2053
1268: 4504,4782,5520,4619,2471,4667
1269: 1349,2981,842,388,1248,526
1270: 1478,848,1317,1168,320,70
1271: 4635,7559,3941,2355,5916
1272: 362,619,849,1871,24,7689
1273: 5331,2487,7082,4623,4802,6890
1274: 1511,926,372,57,4129,2495
1275: 2081,1487,1320,6068,91,1023
1276: 1263,2959,1398,117,2949,81
1277: 336,1516,218,830,89,1400
1278: 1570,420,722,2960,2956,417
1279: 2542,2051,2495,850,1511,515
1280: 4925,3678,3707,5103,3588,4629
1281: 3681,227,3436,538,3523,2116
1282: 606,1109,1622,1796,1628,1251
1283: 6055,1441,4070,1468,338,1026
1284: 854,8055,904,6181,4297,6087
1285: 7521,3454,6080,6983,7948,3685
1286: 4120,4950,1804,963,3630,2509
1287: 523,2749,1358,3043,457,104
1288: 756,2511,5764,4247,4137,2488
1289: 4673,8007,2293,6703,8029,7517
1290: 4292,2414,1474,764,143,798
1291: 6720,8885,2207,3384,4647,8987
1292: 2827,351,1506,2707,2824,1325
1293: 610,1678,39,891,743,1402
1294: 2978,353,863,736,1318,85
1295: 5942,6030,4181,3544,7641,3155
1296: 5675,3702,2534,3895,2125,6005
1297: 325,2636,2438,4137,4290,2488
1298: 749,1193,825,678,342,1255
1299: 6138,3587,6039,6074,3359,3183
1300: 310,2308,298,1745,7718,2942
1301: 859,2759,737,2016,5935,2768
1302: 116,4224,2750,331,778,7710
1303: 2572,2913,2637,1704,4391,5835
1304: 6560,7051,4648,7100,4757,9330,1220
1305: 4653,7599,6889,3259,5041,7938
1306: 3951,1473,3716,3530,2711,8155
1307: 5698,7632,1715,860,3306,4314
1308: 811,8193,1251,7719,8213,1109
1309: 347,1320,794,3035,1654,549
1310: 1263,890,2949,1400,2971,2853
1311: 1014,1713,2965,1256,2889,4115
1312: 1809,8026,5128,3658,5124,4658
1313: 2459,5584,8434,8909,9164,9504,6942
1314: 90,803,1415,1702,1684,981
1315: 619,24,1492,8221,1155,4454
1316: 2571,2562,2541,2570,1439,2226
1317: 1270,848,349,570,4121,1168
1318: 327,85,1245,353,1336,1294
1319: 2573,5840,2815,5830,6194,6203
1320: 347,2081,794,6068,1309,1275
1321: 161,1089,3019,2357,8197,164,620
1322: 6213,8055,4297,4626,5762,3506
1323: 6189,8128,7988,2581,4215,6176
1324: 7307,7114,3971,3414,8916,9507
1325: 137,2824,2944,4132,1292,1506
1326: 7767,5720,182,4272,4262,6164
1327: 4810,6956,6439,8725,7118,8920
1328: 2578,2540,3067,2846,4369,1340
1329: 531,284,94,1075,1471,390
1330: 730,622,2744,162,1596,1643
1331: 2419,2844,4089,307,1533,866
1332: 583,915,799,1117,95,1002
1333: 6933,7122,8924,7086,6741,7644
1334: 987,1853,867,332,1060,2740
1335: 2825,1443,1806,1782,2924,2917
1336: 353,871,3010,597,1318,1245
1337: 576,1169,8047,5240,3749,4949
1338: 231,2600,2972,21,2992,1614
1339: 755,434,2992,5972,1614,5964
1340: 352,2578,1328,2846,2795,2849,1099
1341: 3647,1455,7768,47,3770,4063
1342: 1727,1189,153,2944,1126,5760
1343: 870,610,797,157,1110,1516
1344: 1629,4260,2728,23,3048,1848
1345: 6806,4686,6992,9156,8273,8930,1403
1346: 4298,2963,5748,2708,2925,4072
1347: 1471,1554,357,606,1109,284,811
1348: 5169,7933,8030,8042,1523,7986,4834
1349: 568,101,1269,842,388,4104
1350: 6067,2615,5689,4312,5688,2582
1351: 6259,6617,6271,9048,8290,8934,3752,6966
1352: 629,234,441,1116,132,1055
1353: 3794,1956,2622,2298,2606
1354: 2624,4301,4304,4255,2052,4191
1355: 383,743,361,40,1498,1167
1356: 956,2891,1511,926,515,2755
1357: 1445,1534,164,2909,2980,788
1358: 523,1287,4122,210,104,1838
1359: 4700,5385,5205,3140,5078,8218
1360: 4729,9395,8323,8654,8939,9593
1361: 4417,4419,4119,4197,2260,6093
1362: 7667,1418,6276,2700,3813,5095
1363: 1170,7003,7146,4517,7433,8942,6286
1364: 2647,4326,1984,1567,2307,1481
1365: 1430,4123,3818,365,2109,5227
1366: 1772,493,878,629,430,234
1367: 6021,4351,196,5706,965,4069
1368: 305,2861,2810,1051,4101,2869
1369: 2189,1114,5860,639,897,2178
1370: 535,1530,973,251,2599,1657
1371: 4766,6377,7716,7699,3425,1173
1372: 905,2035,2104,2185,158,5727
1373: 2945,4344,2935,5808,1640,194
1374: 668,3003,2936,2781,4389,4336
1375: 879,2941,4131,4124,2886,2918
1376: 3832,106,2152,3246,8163,1574
1377: 2899,386,205,783,2188,1685
1378: 881,1777,357,935,1558,247
1379: 4722,7329,7151,9342,9612,6916,6728
1380: 1823,317,8215,7731,319,189,1854
1381: 3066,679,4267,2829,5716,2831
1382: 7037,9218,6930,5150,5170,7555,6950
1383: 2978,125,353,2863,871,4265
1384: 4161,4134,2313,1590,4361,2999
1385: 4293,2345,2256,5742,5790,1738
1386: 3054,5760,15,4330,1565,1495
1387: 4125,4439,1415,816,895,2893
1388: 4357,1543,2663,4278,3626,2156
1389: 371,3001,686,4149,3000,7686,1652
1390: 1502,2885,2907,3001,645,50
1391: 4389,1752,3833,2778,4254,641
1392: 6558,464,2382,6507,5214,7162
1393: 7900,5774,6179,1053,2203,2199
1394: 4383,1490,3982,767,2000,2673
1395: 115,5751,2065,2676,2360,4343
1396: 1739,2356,316,4160,35,1476
1397: 4139,2407,3649,4126,2606
1398: 1276,2959,117,782,1577,1078
1399: 1726,770,5984,372,57,1036
1400: 89,2949,1310,1277,830,2971
1401: 5820,991,2973,1632,1188,710
1402: 891,762,608,743,361,1293
1403: 7057,9359,7129,1345,6992,7472,9692,3774,8930
1404: 2686,5398,5857,3566,3867,6267
1405: 3823,1988,4147,3322,1064,2822
1406: 7072,8959,9439,9287
1407: 2231,7692,6079,255,2691,4273
1408: 4435,375,1453,698,1044,1561
1409: 4979,9503,9244,4747,7219,7173,8962,8671
1410: 4402,1724,2695,4093,2426,818
1411: 507,141,4286,2513,2777,2696
1412: 7098,7755,3538,9326,7630,7385
1413: 3331,4704,6616,3883,3491,7089,9450,9012
1414: 3032,3037,400,6206,4400,8212
1415: 90,1314,816,1387,1702,895
1416: 3028,8063,1601,4202,536,4447
1417: 122,4431,999,1721,1819,452
1418: 7667,1362,6276,3215,6082,3886
1419: 8069,2697,3851,3434,7220,6563
1420: 2616,897,1886,501,4409,1842
1421: 123,1985,1592,2456,2843,2962
1422: 4169,4210,4009,2440,4451,5709
1423: 3090,6171,3892,2677,245,5805
1424: 4337,2804,1097,2138,351,2707
1425: 73,1525,380,7676,1466,1557
1426: 919,2866,898,3017,530,1635
1427: 5758,4084,3083,4255,1950,4191
1428: 2974,1767,2916,484,2864,4190
1429: 2995,4224,331,666,35,1154
1430: 1365,4123,4325,2109,2581,6176
1431: 9588,7291,7187,8973,9275,9471,9570
1432: 2729,1488,2879,2528,1784,489
1433: 762,383,361,1892,1816,1844
1434: 1982,7662,4198,4310,7602,6099
1435: 5785,975,6210,2564,6188,1006
1436: 4238,1705,504,823,3064,4216
1437: 385,2643,2104,367,5900,103
1438: 6198,7694,3920,5822,3139,2144
1439: 2135,2607,2226,2562,3905,1316
1440: 347,3020,449,1654,2645,826
1441: 2970,1642,6055,1283,1037,4070
1442: 973,2993,852,902,1549,931
1443: 1175,1335,1806,1782,2928,130
1444: 205,1877,783,1196,2751,4248
1445: 903,1357,2909,562,788,395
1446: 2872,1156,2274,1702,895,2921
1447: 4192,3572,2539,5133,6135,1998
1448: 2042,4225,4221,1969,4282,3947
1449: 526,959,949,1623,1603,388
1450: 2745,4362,410,2936,4378,3055
1451: 5613,1692,4779,5497,4499
1452: 2281,5755,2679,4136,4264,214
1453: 132,1055,375,1408,1561,160
1454: 4311,4178,3921,2788,3739,5696
1455: 3483,1341,3647,3141,7768,3924
1456: 7268,7198,4784,6405,8388,8699,8988
1457: 7143,8990
1458: 300,2848,79,2981,2150,2880
1459: 5957,3931,3885,5717,5712,5962
1460: 406,2897,4143,909,2950,470,48
1461: 3850,6230,2666,4285,5816,1734
1462: 2218,3297,1953,4009,1233,656
1463: 3937,7809,3096,4008,2272,5782,5546
1464: 845,579,2901,2968,1204,147
1465: 1471,934,1764,1554,477,390
1466: 670,416,1557,318,1425,380
1467: 6000,1568,3284,5969,2661,3942
1468: 3061,4079,139,1026,1283,4070
1469: 6102,914,5797,4154,2561,2858
1470: 1647,3945,4074,3946,2282,5488
1471: 1347,1554,1465,390,284,1329
1472: 3948,1130,142,3947,5915,6104
1473: 2409,1972,3951,1306,174,8155
1474: 4292,479,2805,1290,2895,798
1475: 2814,1030,260,5840,2815,2793
1476: 316,1396,35,2995,411,4155
1477: 4464,4450,1977,1736,4207,4338
1478: 1270,848,721,1240,320,145
1479: 6557,6683,6744,8726,7209,7295,9004
1480: 1982,4221,4310,5766,4225,4460
1481: 4326,1984,1364,880,3960,2176
1482: 434,2923,4103,1261,1185,2969
1483: 5776,1033,4,1973,6182,4078,7919
1484: 359,1911,943,491,915,887
1485: 5945,3145,3599,1733,1990,4217
1486: 4804,5582,3639,4600,2333,4920
1487: 91,1275,1023,334,2980,788
1488: 1432,2729,5710,175,5747,2879
1489: 4969,7863,350,5934,7661,3629
1490: 4383,1788,1394,242,2000,6158
1491: 1647,5938,3945,6020,2640,5842
1492: 396,799,3045,8221,1315,619
1493: 2825,2908,2924,1197,1140,562
1494: 2856,4360,4101,2869,631,10
1495: 1189,2758,3044,1386,5760,15
1496: 503,7639,1963,1761,3645,3977
1497: 2014,5271,5500,4813,3719,3653
1498: 1655,40,972,682,383,1355
1499: 1022,583,150,491,752,500
1500: 1510,1247,5690,1699,2979,2789
1501: 399,1811,1536,1848,2728,978
1502: 1390,2885,868,2907,1262,7656
1503: 2419,307,2982,2837,683,1720
1504: 2630,435,2020,2443,2302,4367
1505: 9364,8731,9010,7268,3927,8648,4557
1506: 2827,2937,1292,153,2944,1325
1507: 8147,4364,7557,6040,5997,4440
1508: 6825,7225,8450,8735,9014,4822
1509: 5683,2653,2009,4253,3189,7756
1510: 2708,1247,2925,4145,1500,5690
1511: 926,515,1356,1274,1279,2495
1512: 588,6631,4973,9295,6679,7228
1513: 281,1100,1250,155,1259,1791
1514: 1186,4236,385,2643,5661,11
1515: 4386,3743,2656,1792,8111
1516: 797,336,157,1277,1343,89
1517: 5659,5418,7414,4830,7929,7875
1518: 6152,7611,3829,5189,7712,2678
1519: 2913,2791,1826,2874,4380,2823
1520: 766,1221,158,2542,2051,5727
1521: 226,2835,2887,1749,5849,465
1522: 3320,3999,2056,2111,5917,5939,7871
1523: 1348,8042,3590,6748,3142,4834
1524: 694,3803,6031,6050,5954,5740
1525: 1425,617,73,8193,6147,7676
1526: 140,71,155,408,4331,1919
1527: 1709,620,161,994,2991,1789
1528: 7561,7717,4457,1243,1112
1529: 885,4401,162,387,1610,3060
1530: 973,2761,852,1370,2599,636
1531: 2989,1868,94,1075,793,163
1532: 691,10,2900,2828,2856,5824
1533: 475,2844,4089,1331,4143,2950
1534: 2975,1709,164,1357,2909,620
1535: 2743,467,2745,1725,2781,2186
1536: 420,1811,1501,978,692,111
1537: 867,332,701,6191,800,1074
1538: 4845,4977,5182,7951,7977,7921
1539: 7713,3944,4628,3793,4848,3257
1540: 4436,421,8171,694,3803,3081
1541: 6021,3430,8070,196,6142,4433,4319
1542: 179,2896,8102,710,991,695
1543: 4357,2463,4278,167,8051,1388
1544: 5273,5072,7724,7095,7695,4852
1545: 2545,8507,9528,9027
1546: 3092,413,3541,5970,5778,5993
1547: 180,5777,5697,8229,5825,4616
1548: 2180,2211,3261,6032,6002,5948
1549: 902,1442,4398,400,8212,374,931
1550: 5953,6006,169,5909,2205,5888
1551: 1759,932,4114,2668,563,144
1552: 4202,4447,6084,2748,936,698
1553: 7747,2771,1758,2571,2086,2226,4106
1554: 881,1471,1347,934,357,1465
1555: 2189,2727,1129,2772,2118,1666
1556: 1563,4085,5901,4422,2657,2121
1557: 1466,416,2748,1874,1425,7676
1558: 247,178,935,2888,3006,1378
1559: 2162,6133,2253,4174,4209,4138
1560: 673,2894,3016,864,3002,2915
1561: 1453,698,1408,6147,160,6084
1562: 7159,8788,9035,6233,6235,8255,8257
1563: 2209,1556,665,5901,4422,172
1564: 563,209,3068,648,5792,2964
1565: 3054,370,1386,15,4463,577
1566: 4371,2012,6092,717,1972,2137
1567: 4317,2141,1984,2307,1364,393
1568: 1467,6000,3942,939,3551,3109
1569: 3919,3144,2232,3277,703,8141
1570: 1278,911,420,722,1811,471
1571: 2204,4407,3925,3997,6175
1572: 2802,3361,2558,4190,2805,1767
1573: 1996,5710,175,3058,1634,12
1574: 3117,6083,8081,1376,2152,8163
1575: 611,1196,2731,2751,1830,2983
1576: 4127,755,6053,5972,2911,1718
1577: 1768,1078,705,2903,1398,117
1578: 2764,5949,1918,2888,1582,3006,6227
1579: 5084,5342,4879,8134,8120,942
1580: 5441,9045,4882,7198,4583,8519
1581: 2501,6225,6118,2449,5802,1252
1582: 790,2764,1578,179,2896,6227
1583: 138,403,943,95,609,250
1584: 6680,8721,9049,324,6850,8965
1585: 4890,5414,3902,3136,2100,2103
1586: 4317,2141,2173,4381,2617,1093
1587: 2196,3990,7558,2175,712,4249
1588: 3123,7574,5397,5850,4593,4893
1589: 5637,7892,2013,4895,4811,4968
1590: 2183,4296,2313,4134,1384,46
1591: 182,3007,469,927,2227,2448
1592: 2843,1421,2962,946,1001,2852
1593: 6255,4821,6451,3476,3527,9054,7254
1594: 3984,6218,2190,5897,3592,5990
1595: 5313,3559,5405,7576,3978,5519
1596: 3014,3060,162,1330,1643,711
1597: 1078,705,2938,1627,2904,2976
1598: 2326,768,6036,3990,4376,4423
1599: 6277,2198,2698,4789,9058
1600: 7845,2222,7859,3282,5574,1612
1601: 2985,3028,378,8063,4128,1416
1602: 744,2988,6185,2166,1680,548
1603: 949,1449,2985,2927,101,388
1604: 3265,5595,6387,8956,9062,9515,8277
1605: 3165,2671,3975,6179,5973,6032
1606: 4013,2394,5433,6268,4921,6888
1607: 409,1135,1657,2736,952,3063
1608: 336,157,1678,1167,432,1620
1609: 6681,5042,8910,6271,6774,9067
1610: 2902,2881,4244,3060,885,1529
1611: 4113,433,989,2919,870,1110
1612: 4927,5577,7519,7845,1600,5574
1613: 3467,2225,8146,5926,4661,8156
1614: 1339,2992,5964,1338,2600,2857
1615: 3182,1082,6129,7924,3950
1616: 3186,5456,838,4931,4859,2532
1617: 4164,2974,737,52,2916,2763
1618: 2235,6037,3275,5737,3190,6060
1619: 2819,2860,2393,7954,2931,2912
1620: 496,432,436,40,1608,1167
1621: 2883,1799,1009,722,1194,2960
1622: 437,960,775,1796,1282,1628
1623: 959,1838,949,2240,1059,1449
1624: 438,653,777,6206,282,1060
1625: 3465,5851,6086,5864,2516,187
1626: 4252,2399,4100,192,2248,2489
1627: 475,1757,2844,2904,2976,1597
1628: 960,1622,1282,73,1251,380
1629: 1040,356,2728,23,1671,1344
1630: 1879,878,629,1868,163,441
1631: 4943,7546,3650,4897,8017,8015
1632: 6195,5820,2973,1222,2122,1401
1633: 611,2731,452,726,4212,839
1634: 2739,4105,734,12,1996,1573
1635: 4171,1426,898,530,1081,3005
1636: 2699,2260,4450,1977,4204,2021
1637: 715,5599,5838,3926,4951,8121
1638: 166,8190,4303,5723,7613
1639: 964,934,1764,1652,733,1206
1640: 1373,2935,194,978,1671,111
1641: 2800,254,1015,5803,8032,2270
1642: 235,1160,2970,6055,1441,1774
1643: 711,481,1771,1596,730,1330
1644: 626,446,1749,8153,7560,2838
1645: 3208,6671,6660,8702,7416,2154
1646: 5923,4957,8138,5828,2089,4073
1647: 3945,3725,2640,1491,4074,1470
1648: 5713,6102,1775,6162,484,369
1649: 4961,6666,9440,7313,5499,9084
1650: 2324,4332,689,3046,1190,4388,309
1651: 582,6183,3052,2401,4111,1209
1652: 1639,733,1389,4149,1206,3000
1653: 2724,537,748,2766,2386,1090
1654: 1244,449,549,347,1440,1309
1655: 972,1498,682,257,3019,2357
1656: 688,2131,4420,971,2721,2948
1657: 409,2599,1607,251,1370,2736
1658: 3220,7631,5515,4516,51,4559
1659: 4323,4365,4372,2301,5790,4354,2451
1660: 732,863,736,1005,4164,2763
1661: 1210,485,294,935,450,1777
1662: 6678,6302,6354,9574,8719,9092
1663: 5732,2773,2308,4274,82,4456
1664: 2978,125,863,2864,4164,2974
1665: 2312,8209,3850,2422,4423,2666,4376
1666: 2727,1555,2118,3030,502,1795
1667: 7556,7554,6990,6359,3529,3230
1668: 5016,4585,8908,8957,9095,4981,6818
1669: 1929,498,233,1819,1839,839
1670: 3783,5879,5944,740,4415,3917
1671: 194,1040,1629,2728,978,1640
1672: 931,999,453,2665,2761,852
1673: 112,2926,4082,2831,3066,5732
1674: 5621,5032,8105,3231,7392,7821,5328
1675: 4676,7787,3846,9234,7800,8936
1676: 6317,3682,7515,5054,4569,7044
1677: 7949,8056,7925,8112,5043,5632
1678: 1293,610,157,1608,1167,743
1679: 2780,203,771,2941,1062,2945
1680: 2729,676,5747,548,744,1602
1681: 9103,8327,6323,8926
1682: 4323,2301,3765,2067,3392,6140
1683: 5340,7823,7614,7906,1701,4993
1684: 489,1139,802,981,1314,803
1685: 4140,2188,642,4124,1377,205
1686: 7649,3934,5097,2327,7541,5010
1687: 6328,8333,9016,9108,8952,8556,8738
1688: 5017,4624,7495,6546,5602,3424
1689: 984,726,3033,114,2735,4260
1690: 3199,6018,5884,5969,3276,5908
1691: 4393,1038,985,1695,2368,2676
1692: 5613,5566,5022,1451,4017,4779
1693: 7748,74,7778,5025,2374,3283
1694: 116,2750,87,3050,7967,1855
1695: 4393,1691,2368,2378,4425,748
1696: 668,1737,3003,1949,4334,5816
1697: 2919,2994,4412,804,2954,1698
1698: 2954,1768,2903,1697,989,2919
1699: 2979,2833,1238,459,2789,1500
1700: 4515,5621,5377,207,7854,5453
1701: 3646,7906,3533,4993,7920,1683
1702: 1314,1415,895,2274,981,1446
1703: 5933,4186,3775,3292,5873,5887
1704: 5820,3021,1222,4391,5835,1303
1705: 1436,127,823,3064,211,804,2820
1706: 2819,2393,2216,1973,3296,3076
1707: 2719,2288,8171,2132,7615,5896
1708: 56,752,1052,2,1027,988
1709: 1534,2975,1527,620,2991,1127
1710: 2685,3301,5865,3814,913,5043
1711: 6180,5741,4151,725,995,7943
1712: 2932,2876,754,770,57,4129
1713: 1014,856,1311,2279,2889,1147
1714: 4127,4103,2969,845,758,147
1715: 5698,1307,3306,5695,5725,2259
1716: 5117,1793,2410,4237,2439,5691
1717: 723,765,598,1250,877,996
1718: 758,326,349,4127,1576,6053
1719: 5048,6391,8379,8986,9124,8860,9518
1720: 2284,1182,2419,1503,216,683
1721: 4157,1417,4431,999,2665,439,780
1722: 5153,3759,2421,7597,5049,5055
1723: 379,2423,3315,967,2854,1962
1724: 4402,2862,1410,6130,2794,818
1725: 2745,410,5739,467,1535,759
1726: 5984,1399,372,432,436,218,1207
1727: 1189,327,760,1342,153,595
1728: 6355,6803,9129
1729: 7914,5977,5960,7760,7908,2015
1730: 3204,3571,3460,5065,8057,6808
1731: 2436,639,853,2743,2178,2472
1732: 3823,993,2822,2874,2787,119
1733: 1485,3145,1237,4217,2551,3330,4308
1734: 1461,3850,2666,4285,202,3337,468
1735: 2302,763,2378,7640,2443,2119
1736: 221,4295,4309,4338,4464,1477
1737: 3003,4378,1696,2448,4334,4272
1738: 5790,2451,3335,1385,2256,5738
1739: 1208,3024,1396,666,4160,35
1740: 1881,58,61,1926,1860,4130
1741: 1923,998,1860,2933,58,843
1742: 1765,2883,440,930,470,48
1743: 123,2456,2562,858,2674,2570
1744: 5074,8124,7996,3072,7553,8225
1745: 2068,2773,2308,298,1300,4306
1746: 2663,4278,6196,5736,1750,5731
1747: 1224,6135,2492,3591,3341,3912
1748: 6368,5654,4984,3344,8050,6828
1749: 1644,446,2838,1521,2887,465
1750: 2470,5731,1746,6196,4377,921
1751: 1853,3029,2740,4194,3036,2738,59
1752: 1391,8176,2500,3833,641,3436
1753: 2329,2474,1025,2335,240,474
1754: 736,1072,1005,85,3044,760
1755: 4320,4099,228,4339,118,2122
1756: 4173,6188,1006,633,1163,2977
1757: 1627,2844,2904,307,2982,8174
1758: 7747,6076,907,1553,2771,2655
1759: 481,1551,932,4114,244,1771,5781
1760: 4489,8046,7806,4929,4805,8000
1761: 503,1496,1963,5836,4348,5773
1762: 306,7633,3355,3610,4597,7658
1763: 2320,2946,1093,2972,2617,2130
1764: 1639,934,477,1465,733,495
1765: 1742,2883,1009,127,823,440,184
1766: 7550,478,3614,5865,5870,5989
1767: 958,1428,2916,3361,1572,4190
1768: 2954,1577,1124,705,2903,1698
1769: 6376,6570,8604,3635,9149,7071,8368,8974
1770: 649,4636,3367,3772,5704,2559
1771: 1643,711,1759,481,4092,244
1772: 493,2,1366,234,1071,1027
1773: 2696,2792,599,2797,236,4305
1774: 235,2970,1642,4335,1786,2807
1775: 4441,5713,1648,484,2802,4190
1776: 2774,254,1015,5705,2005,1968
1777: 881,964,1378,485,1661,935
1778: 4281,275,4091,4381,1084,2114
1779: 4479,2146,7672,8141,3373,6221
1780: 7360,6799,8372,9155,6480,8773
1781: 6867,6385,4846,6673,6310,5109
1782: 1335,1443,1034,237,2917,2928
1783: 5662,2524,4452,4066,4251,4165,2085
1784: 2528,744,54,1814,1432,2729
1785: 5811,3589,2467,8035,4887,5005
1786: 4335,1774,474,2807,2803
1787: 4567,4790,4910,8707,6627,6589
1788: 4383,1490,2625,2338,120,6158
1789: 1036,4432,1527,161,4166,994
1790: 3617,5251,5367,1997,7784,7898
1791: 551,1919,996,155,1250,1513
1792: 2549,662,4416,2037,8111,4386,1515
1793: 4151,1716,5117,1000,725,2439
1794: 2802,2694,2558,4384,4441,941
1795: 3030,1800,520,30,2118,1666
1796: 437,606,247,178,1622,1282
1797: 6137,4218,3369,3293,767,2418
1798: 5854,3533,7995,7897,7840,8028
1799: 1621,4238,3047,1009,722,471
1800: 5788,520,3063,1795,30,2818,4081
1801: 505,1802,330,1935,1012,1859
1802: 1860,330,1012,1801,4130,2933
1803: 5785,2905,1966,2564,3562,506
1804: 4120,1286,5863,2905,3630,506
1805: 2777,4305,2197,213,4322,62
1806: 2825,1175,1335,2810,1443,96
1807: 5700,8025,2266,2575,2371,8189,2060
1808: 3830,2210,4466,2204,4407,940
1809: 1312,3658,5124,3338,7538,509
1810: 5131,3604,4590,5329,6403,2709
1811: 1570,911,399,420,1536,1501
1812: 7685,6101,592,8206,1841,280
1813: 1833,269,1891,637,2784,3056
1814: 2955,744,54,2988,2762,2726,1784
1815: 979,2733,3031,188,600,586
1816: 1433,383,1844,199,972,727
1817: 1869,624,41,1925,912,793
1818: 1846,4189,3038,1827,370,1883
1819: 233,1669,1417,4431,839,452
1820: 979,488,750,1202,716,3031
1821: 145,690,1869,41,721,443
1822: 750,418,716,680,1927,302
1823: 859,317,8215,1380,882,732,2759
1824: 356,23,2918,704,4248,4140
1825: 1897,340,12,171,3058,660
1826: 1519,2913,2637,2823,442,614
1827: 3054,370,801,2747,1818,3038
1828: 291,1831,2990,238,1128,3056
1829: 933,3027,658,482,2722,3015
1830: 114,611,1575,2751,704,3048
1831: 2990,1828,6108,3056,1833,615
1832: 1216,1845,1837,376,241,128
1833: 269,2851,615,1813,1831,3056
1834: 1856,1850,233,159,4431,439
1835: 4176,337,1847,2753,1088,566
1836: 779,490,64,876,1866,1018
1837: 1216,1845,916,4189,1246,1832
1838: 210,104,1623,2240,1059,1358
1839: 429,1924,4212,839,1929,1669
1840: 1854,246,787,3027,3069,462
1841: 521,280,4141,7715,1812,8206
1842: 501,109,4409,4081,181,1420
1843: 3036,2738,1004,2934,601,135
1844: 1433,1892,1816,193,199,1851
1845: 1837,1846,4189,1832,241,460
1846: 1845,1818,4189,1883,876,460
1847: 1835,337,1117,1088,566,500
1848: 399,2735,1501,4260,2728,1344
1849: 1861,343,285,1899,1857,1852
1850: 1834,1856,873,159,9,809
1851: 1863,193,199,280,4141,1844
1852: 285,1899,1849,2757,1165,825
1853: 1751,1334,3029,1264,332,2740
1854: 246,1840,4172,317,1380,319,3069
1855: 987,7967,3050,1694,1063,653
1856: 1881,1834,498,1850,233,873
1857: 1933,343,1899,581,1849,355
1858: 98,189,2834,319,3069,983
1859: 505,330,1801,16,1933,581
1860: 1802,4130,2933,58,61,1740,1741
1861: 343,285,19,1849,608,1875
1862: 1875,1892,664,193,299,19
1863: 1904,1908,664,193,4141,1851
1864: 806,2785,1906,684,188,212
1865: 1888,72,671,553,4424,4403
1866: 1011,876,1018,511,460,1836
1867: 1882,1884,948,376,945,128
1868: 2989,785,1531,163,1879,1630
1869: 690,624,41,1817,1821,3026
1870: 954,3042,1937,1923,1232,4216
1871: 1002,250,619,849,1272,396
1872: 1902,241,511,128,1898,1884
1873: 877,268,497,191,355,1894
1874: 869,416,2748,1557,2756,936
1875: 762,608,1892,1862,1861,19
1876: 299,34,268,554,1904,664
1877: 3018,783,636,1444,1196,311
1878: 956,2891,2853,2692,590,2099
1879: 3041,878,969,1630,785,1868
1880: 1910,553,4096,68,1888,1893
1881: 61,1740,498,1856,873,1926
1882: 1896,1890,1884,100,948,1867
1883: 370,1818,1846,4463,779,876
1884: 1882,100,1867,1872,1902,128
1885: 577,938,2758,15,7731,718
1886: 2616,2742,6170,1420,501,59
1887: 1917,624,3026,2989,785,107
1888: 976,671,1865,1893,1880,553
1889: 713,8166,312,1198,0,4107
1890: 4270,1882,1896,948,107,1895
1891: 269,557,1813,138,543,637
1892: 1433,762,1875,1844,1862,193
1893: 1888,976,1927,1880,302,68
1894: 343,19,355,299,268,1873
1895: 4270,1896,1890,1916,738,585
1896: 1882,1890,100,397,1895,1916
1897: 670,1825,869,416,340,171
1898: 1872,1902,1011,511,1019,483
1899: 678,1857,581,1849,1852,825
1900: 131,34,554,551,1919,140
1901: 414,170,933,427,658,667
1902: 1872,1019,1898,512,1884,100
1903: 90,803,2920,2528,54,2939
1904: 1908,664,1863,1921,554,1876
1905: 1934,3009,2842,1214,4430,707,4426
1906: 1864,684,381,4342,7697,212
1907: 1930,791,3034,264,149,3012
1908: 1904,521,1863,1921,4141,2966
1909: 1011,1018,483,961,1021,1936
1910: 1880,269,557,4096,2851,68
1911: 359,55,1484,363,887,488
1912: 1922,3041,430,3040,738,585
1913: 5174,2811,2762,652,1267,2953
1914: 986,6117,550,512,397,8
1915: 4418,1930,4461,4446,264,584,7715
1916: 1896,397,1895,738,970,6117,7740
1917: 1887,945,3026,948,107
1918: 2764,1578,5949,1098,4420,4118
1919: 1900,551,1791,140,155,1526
1920: 2899,31,1049,2188,290,3013
1921: 1904,1908,2966,4428,131,554
1922: 1912,3040,738,7740,962,381
1923: 3042,1937,1870,998,1741,843
1924: 1839,429,843,2765,58,1929
1925: 4222,495,443,477,41,1817,912
1926: 1881,1740,873,4403,4424,4130
1927: 976,281,1100,1893,418,1822,302
1928: 992,4222,190,4462,2776,7686
1929: 58,61,498,1669,1839,1924
1930: 4418,1907,3034,4461,1915,264
1931: 8,1936,955,391,1019,483
1932: 680,543,796,302,557,68
1933: 1857,581,191,355,505,1859
1934: 1905,3009,5935,4426,1198,4159
1935: 505,1012,1801,723,72,765
1936: 105,1021,1931,955,1909,483
1937: 954,342,1923,1870,1050,998
1938: 2990,238,4398,374,4157,780
1939: 335,1061,795,3015,482,2997
1940: 6459,7195,8808,9120,9222,3125,6405
1941: 5734,6046,5957,5976,7584,7648
1942: 8085,183,5985,5190,3509,7607
1943: 6322,6305,9227,8326,9166,8883,8463
1944: 7707,6463,9230,9456,1993,6765
1945: 3641,7588,4987,5198,6983,7948
1946: 4307,5776,968,394,3052,1033
1947: 717,7604,3691,538,3523,2012
1948: 4772,5798,746,5301,6386,5200
1949: 668,2778,1696,1029,6230,5816
1950: 4255,5827,4185,3364,4084,1427
1951: 6962,7444,3711,5182,3787,6468
1952: 3646,7995,6873,5206,7816,7773
1953: 1462,4009,1233,5709,3535
1954: 2458,4219,5693,728,2360,5800
1955: 6408,7385,4045,8061,3288,5208
1956: 1353,889,3794,3540,3308,7600,2622
1957: 113,5712,3543,3210,6134,3885
1958: 5967,8095,6075,3941,5916,7943
1959: 6428,9241,8416,8477,9210,9157
1960: 6072,2498,7571,7634,5989,3432
1961: 4392,1038,985,4395,2057,2568
1962: 2557,5797,5975,2854,1723,379
1963: 7639,6156,1496,5722,1761,4348
1964: 2170,4824,5841,5156,1176,5216
1965: 6835,5899,5692,8136,3458,3980
1966: 4356,817,5785,1803,3562,3124
1967: 4407,6175,6009,940,5843,3308
1968: 7678,6045,6160,2774,1776,2005
1969: 4058,6104,7545,4221,1448,3947
1970: 7299,6482,7899,5311,3102,2179
1971: 6484,4849,2584,6282,5222,4919
1972: 2409,717,1473,1566,2137,174
1973: 3296,7919,1483,4,1706,3076
1974: 32,7909,8084,7939,5226,5646
1975: 5318,2689,6488,9250,7779,5228
1976: 4313,3303,2403,7670,4333,5756
1977: 1636,4464,2699,963,4450,1477
1978: 6543,7478,6492,7776,4590
1979: 6495,9253,9003,997,9245,7030
1980: 5463,6497,8505,9491,4707,6629,9256
1981: 2701,4243,7610,4268,5681,5685
1982: 1480,4221,1434,4310,4058,6099
1983: 1000,4241,2243,4027,4201,5769
1984: 1567,1364,393,1481,5752,3960,2176
1985: 2456,872,1421,2962,2329,240
1986: 3590,4889,3876,6113,6748,4005
1987: 2232,3984,3277,4019,5882,5990
1988: 2688,3823,4256,1405,4078,3322
1989: 9228,9261,6713,7042,8302,8520
1990: 1485,2537,5814,3599,4217,8039
1991: 3326,4907,2609,6674,3316,8998
1992: 7052,6598,8535,8870,9266
1993: 6280,3995,6765,7214,1944,3223,6463
1994: 3672,6041,3412,7658,3355,1008
1995: 9269,5249,6630,8672,5349,6520
1996: 808,1573,4266,5710,1634,4105
1997: 3617,1790,7884,7898,7844,5406
1998: 6135,3912,1447,3572,3620,328
1999: 3922,4917,7531,3624,4957,8140
2000: 2573,5830,2673,242,1490,1394
2001: 8892,4964,6525,6675,7285,2158,7156,7304
2002: 83,3333,2509,3621,3184,2434
2003: 2183,2477,4258,4314,860
2004: 3884,2258,7843,3633,5894,4728
2005: 508,5705,8190,5723,1776,7678,1968
2006: 4111,4109,534,1209,2112,2890
2007: 3546,6200,3636,6166,4318,3114
2008: 3567,4913,4840,8555,5264,9278
2009: 1509,2653,3189,2030,1199,258
2010: 4195,3271,4182,297,2401,582
2011: 2493,3645,3556,2418,5730,3293
2012: 4371,1566,3523,4245,1947,717
2013: 1589,5004,4811,7631,4968,4516
2014: 4881,4885,3586,5271,1497,5500
2015: 7914,1729,7908,2404,2433,7593
2016: 2940,737,52,1301,3009,5935
2017: 6539,9284,3152,7292,7258,8842,8291
2018: 3660,7702,3206,3429,4168,544
2019: 6218,8086,3935,3663,1028,2530
2020: 1504,2630,4346,646,3249,2443
2021: 545,4204,4438,1636,2260,6093
2022: 7617,7759,5410,5030,6676,7837
2023: 7223,6544,6834,4583,7474,6564,9694
2024: 4271,7705,3543,8199,5288,6139
2025: 3671,3700,5092,3495,7626,6008
2026: 855,3154,4146,3452,4440,8147
2027: 6725,8765,7241,9291,9365
2028: 4153,7780,8202,7703,339,3453
2029: 5290,6552,7465,4569,8581,9293,4795
2030: 6067,2653,2009,1199,2474,925
2031: 5775,4301,2587,4304,4145,5690
2032: 6745,5012,1057,6556,6199
2033: 6559,7133,8650,9296,6611,8720
2034: 3718,3347,5657,7609,3053,6215
2035: 1186,2643,905,1372,685,2104
2036: 4088,2769,4359,5752,552,2176
2037: 1792,2549,932,5781,5784,4386
2038: 4395,1230,2411,3693,2786,5831
2039: 5084,5480,7543,5899,5692,2157
2040: 3700,6103,6001,2534,5869,404
2041: 4644,4046,7501,8151,2275,5301
2042: 2269,4225,4043,1448,2716,4282
2043: 5795,3283,2120,5047,74,8118
2044: 1132,4004,2531,360,559,6159
2045: 7812,7831,7792,7856,1101,7953
2046: 2895,8205,84,479,1214,2878
2047: 5743,2464,3841,7669,4276,8117
2048: 3718,5995,5657,2092,167,8051
2049: 5310,6569,9260,1203,8652,9307,9417
2050: 2623,5405,8076,4538,3153,7813
2051: 1221,1520,2542,1279,2495,4421
2052: 4255,3729,5827,4363,2624,1354
2053: 2953,5745,4459,2867,5806,1267
2054: 3726,5959,5958,2536,4865,6038
2055: 1046,3077,6110,5317,5903,3366
2056: 3410,5320,5665,2111,5939,1522
2057: 4395,565,2411,2244,2568,1961
2058: 519,6126,3297,1233,6078,2420
2059: 5539,3740,6910,6575,6647,7799
2060: 6204,2370,8025,1807,2371,5834
2061: 8231,6228,8100,3748,6149,4003,4024
2062: 5330,6523,6902,8238,9458,4501
2063: 3757,3477,5152,5336,5664,7578
2064: 4884,7614,5049,5034,8175,494
2065: 4392,985,1395,2676,5693,2360
2066: 5138,5346,3736,3557,20,3762
2067: 4080,4095,3392,1682,4083,6140
2068: 2773,1745,4142,4279,766,4306
2069: 6114,2521,5715,2206,7690,3464
2070: 5768,8116,3769,2630,4259,435
2071: 857,3184,3772,3482,6145,2559
2072: 6583,6486,6478,6960,8239,8624
2073: 5761,6189,7962,8128,3778,6211,323
2074: 8173,807,3406,7850,1058,7629,3107
2075: 7876,4662,5179,7752,4773,6476
2076: 4845,7869,3787,5263,7851,5110
2077: 6970,6734,7749,6248,6592,6665
2078: 5911,4048,3542,529,3106,8137
2079: 3793,7703,7521,6080,3453,4848,6127
2080: 5572,7358,5191,9496,148,8241,3278
2081: 347,2929,1320,91,1275,3020
2082: 5628,7266,6599,6350,7310,4060
2083: 6602,7358,9628,9713,6341,148,8242,3800
2084: 5202,2296,419,2610,8178,2238
2085: 4165,4195,4182,2524,1783,4251
2086: 1553,2771,6178,2588,4106,3806
2087: 2149,3808,5211,2388,5344,5383
2088: 5786,4351,5706,3653,5794,5271
2089: 3292,5873,4073,5828,7608,1646
2090: 5327,7243,9532,8243,8646,9283,9453
2091: 4557,8493,7250,8244,6609,9272
2092: 3996,5995,2048,6061,5657,5947,7712
2093: 9268,6611,5392,8245,8636,8720
2094: 5254,8079,5402,3085,4735,3728
2095: 6058,3838,1145,8204,6026,6120
2096: 2660,6934,5160,4998,6615,7864
2097: 7265,5360,7832,9569,7762,7880,7936
2098: 3393,5282,9571,6618,7045,6843,8248
2099: 1148,2712,590,2891,1878,4117
2100: 1585,4890,5414,5280,4777,6621
2101: 5318,5821,953,8159,5610,7700
2102: 2261,4509,6624,8899,6810,5419
2103: 1585,3859,5423,3902,3136,5993
2104: 2643,1372,2035,1437,367,5727
2105: 3406,7629,3669,8203,5809,3004,6190
2106: 7563,7907,5169,4690,8152,5485
2107: 3865,4978,8250,8608,6632,8673
2108: 702,3869,2390,2634,2647,3084
2109: 4223,2412,5227,2581,1365,1430
2110: 5315,3097,5225,8235,4561
2111: 5971,5665,7621,2056,3320,1522
2112: 1115,1083,4109,534,2006,4405
2113: 2662,3667,7583,5812,7938,3877
2114: 1084,3084,3879,702,1778,275
2115: 4618,3526,5437,4802,3127,3881
2116: 3523,4257,6134,4245,1281,3681
2117: 8018,7833,7835,5440,4737,7966
2118: 2189,1555,5860,1666,1795,30
2119: 4346,2443,115,2368,2378,1735
2120: 4543,5348,5047,3889,8118,2043
2121: 2657,4085,1556,4347,2873,26
2122: 6195,118,1632,1222,4099,1755
2123: 1047,4302,4366,3479,837,4382
2124: 5867,7603,772,3343,5802,1252
2125: 3702,5950,3895,1296,5878,5096
2126: 2273,4333,5702,1166,2553,5756
2127: 6648,9309,9431,8252,5316,9267
2128: 3,1092,3071,3898,5687,5445
2129: 6251,6651,8687,8821,6788,8253,9520
2130: 3643,2462,2617,236,5779,2946,1763
2131: 442,1098,4420,614,1656,971
2132: 3260,5907,7615,5896,7589,1707
2133: 4763,5667,4468,3903,4639,5453
2134: 2552,1129,3530,4250,616,2816
2135: 662,1439,2607,2714,3905,476
2136: 1236,3328,2434,6145,3353,2300
2137: 4231,174,1972,1566,6092,4065
2138: 540,2882,1424,1097,2707,4148
2139: 6735,3582,5457,3221,8258,6325
2140: 9131,5193,8904,3797,8260,9378
2141: 4317,1567,2307,1586,1084,4381
2142: 3440,3632,7982,7651,6049,5465
2143: 4196,6039,4275,5323,862,3706
2144: 2713,7684,5224,6198,7694,1438
2145: 5465,3917,5871,5399,329,7651
2146: 3939,1779,7672,8141,3919,3177,7623
2147: 253,2779,290,642,1104,4119
2148: 3389,8008,5746,706,5143,3684
2149: 5668,2087,3808,6065,2388,6019
2150: 622,1208,2880,2744,2848,1458
2151: 4842,3679,7999,3603,4909,5471
2152: 3832,1376,3117,1574,8160,4179,3921
2153: 3987,8192,5037,3671,6040,5997
2154: 7416,7377,6288,8269,6671,1645
2155: 5478,7584,7648,5436,4730,3504
2156: 8191,4208,4357,1388,3626,5729
2157: 7543,5692,2039,5877,3070,3938
2158: 6330,7156,7284,133,7304,8289,2001,6675
2159: 4563,6997,5217,8152,5020,3812
2160: 5527,3257,7698,6128,5509,7713
2161: 1032,3305,8180,3946,5701,5488
2162: 1559,3129,6133,7702,4174,4168
2163: 3948,4076,558,142,8059,2723
2164: 4206,3090,2423,3950,3861,3315
2165: 5979,8170,6057,3951,3716,3446,286
2166: 1115,6185,4405,2811,2988,1602
2167: 9435,8280,8812,7311,6680,6850
2168: 5616,4051,7449,7381,9397,6682
2169: 6427,3991,6574,7499,4638,4712,6686
2170: 1964,5841,1176,5859,5051,5893
2171: 7997,5289,7808,7058,5180,7737,9254
2172: 2638,3705,3964,3370,6150,638
2173: 4281,5728,4381,1586,2617,5779
2174: 7666,6066,7693,3966,1122,2706
2175: 3968,712,4249,982,8199,1587
2176: 3960,4199,552,1984,1481,5752,2036
2177: 7484,6692,1249,7070,9698,4594,7307,5489
2178: 639,1731,853,1114,286,1369
2179: 7548,5311,3102,7709,1970,4481
2180: 1548,3261,5676,6060,5914,6002
2181: 7765,5493,7310,6694,7194,9510,3976
2182: 2193,3831,6222,4905,7325,5519
2183: 2477,4258,4296,2003,1590,46
2184: 4783,4936,5523,8185,4471,7637
2185: 905,1372,298,158,4306,2942
2186: 4355,2472,4336,2781,2743,1535
2187: 6912,5141,8713,5525,8739,6670,6396
2188: 290,642,1685,2899,1377,1920
2189: 1114,1555,5860,2772,2118,1369
2190: 6218,2361,3663,1594,8064,3984
2191: 3986,5527,5587,7851,7855,5110
2192: 4293,643,2431,245,957,5742
2193: 6222,3998,2182,640,7325,6704
2194: 5791,7674,3522,4208,6091,2678
2195: 965,4077,5681,166,4243,5986
2196: 1587,7558,5928,621,712,8115
2197: 4284,5980,4322,62,1805,1227
2198: 1599,2698,4789,9486,8297,8616,5533
2199: 2203,646,4343,5751,7900,1393
2200: 3866,5981,5051,7635,5893,3524
2201: 7331,7271,5416,8299,8756,9461
2202: 1013,3562,2486,6193,5724,3124
2203: 2199,151,646,3249,5774,1393
2204: 4407,3997,1571,5246,5547,1808,3830
2205: 5888,3638,6208,1550,6006,2602
2206: 5715,2069,7690,836,2468,7850,3107
2207: 6720,3163,1291,8761,7344,4647
2208: 6722,3132,8303,8723,9525,9474,9502
2209: 1563,4445,665,2288,5896,172
2210: 1808,2704,6116,2832,4466,940
2211: 1548,6032,3094,5973,5906,5948
2212: 4371,2341,5757,6092,4016,5862
2213: 3159,6726,6608,5560,6268,4921
2214: 3137,7761,1184,5564,4794,5544
2215: 669,5298,7786,4133,8222,3548
2216: 720,2393,119,1706,993,3296
2217: 3270,4231,4193,672,5679,3648
2218: 1462,4009,6161,2246,2440,656
2219: 3789,8309,8778,9211,9322,8585,5368
2220: 5917,4480,7551,4011,5939,1137
2221: 6591,3472,7834,7356,7894,5553
2222: 7738,4006,7859,3282,1600,7380
2223: 5982,5859,3868,3073,3244,5841
2224: 5639,4616,5055,180,3274,2421
2225: 1133,4016,1613,5862,8146,5926
2226: 1439,2607,4106,1553,2571,1316
2227: 4378,3055,2448,469,1591,906
2228: 4386,2656,3007,5784,1142,927
2229: 2717,572,5562,3993,663,8110
2230: 3816,632,4018,6129,5971,5665
2231: 6112,6079,255,1407,2432,4158
2232: 8075,3277,4019,1987,703,1569
2233: 539,838,5181,5855,5568,5580
2234: 5028,7032,6664,6955,6742,3625
2235: 5146,3275,1618,573,6013,3190
2236: 4682,3478,6016,3166,1145,8129
2237: 3970,4472,3233,5550,5221,185
2238: 5202,419,2084,3748,4133,4024
2239: 4025,4646,7534,2366,7824,5575
2240: 104,1838,949,1623,378,1181
2241: 4026,75,4193,6163,8117,4276
2242: 1003,2821,1147,5767,5823,2279
2243: 4151,1000,1983,5769,6180,2403
2244: 565,5900,2411,2057,1148,2712
2245: 8165,4028,5102,3923,5190,7581
2246: 2218,6161,2440,5890,3408,1149
2247: 4433,508,4319,2266,7613,5723
2248: 4252,2399,1626,4321,22,4329
2249: 4030,7242,5619,6751,7415,7361,9631
2250: 7309,8324,8884,9534,9432,9599
2251: 6755,303,8313,5057,9451,7174,3956
2252: 4425,2724,198,7640,5919,274
2253: 1559,6133,3893,7662,4138,4198
2254: 5626,6923,7459,4556,6757,4033
2255: 5185,1164,4034,5674,5483,5592
2256: 1385,5742,4287,2659,5738,1738
2257: 6852,4816,8331,9068,6892,5056,8993
2258: 6095,7535,3884,6107,2004,5894
2259: 5695,3537,1158,5698,2556,1715
2260: 1636,4197,2699,6093,1361,2021
2261: 2102,7572,8034,6624,5419,7425
2262: 5983,3462,5866,3203,6214,315
2263: 4449,527,8157,729,6097,7802
2264: 4083,3334,1056,4277,4232,5726
2265: 1162,8421,8831,5114,7419,4505,4491
2266: 2247,5700,508,4319,1807,2575
2267: 7528,6573,7959,7720,7750,5902
2268: 4515,2383,5377,2482,4042,7580
2269: 2042,4043,2984,2716,2958,613
2270: 2800,8032,1641,3004,6190,4390,516
2271: 4044,8338,8631,8453,9673,7436,5606
2272: 4522,5039,8004,7437,5782,7809,1463
2273: 2126,5702,1166,4093,2489,192
2274: 981,4122,1702,210,2921,1446
2275: 5381,5301,4529,6668,2041,4046,8151
2276: 204,3894,4332,2415,689,5352
2277: 3869,6096,106,3246,3858,4047
2278: 5952,4728,3974,3502,3542,5894
2279: 5767,2889,8169,1147,2242,1713
2280: 4534,7444,5223,4049,6778
2281: 1452,5755,214,4320,8183,7647
2282: 4180,5996,4211,5488,4074,1470
2283: 4722,8345,6298,8308,4578,8339
2284: 1182,2578,4369,1720,866,2419
2285: 5157,6885,7770,5498,3763,4542
2286: 3135,8348,8867,9331
2287: 1172,7872,4053,7888,4548,7926
2288: 2719,1707,4178,5896,2209,4445
2289: 4054,8482,8876,9565,4608,7439,8350,7262
2290: 2892,69,1190,4388,4457,5744
2291: 967,5714,217,5703,4269,2854
2292: 1174,4037,3121,6062,4055,3207
2293: 8007,1289,696,6703,6796
2294: 6923,4556,8436,7406,2435,6798
2295: 5915,6104,3524,7545,3959,3241,3866
2296: 5694,419,8178,3601,2667,2084
2297: 3979,4261,4309,4338,5722,2576
2298: 3475,360,2606,5707,1353,2622
2299: 4559,3489,5677,4060,5515,7947,3378
2300: 4061,2445,4295,1236,2136,3353
2301: 1659,4323,1682,2451,3335,3392
2302: 1735,5796,4367,763,1504,2443
2303: 112,201,1153,422,2926,4324
2304: 5955,487,4641,8225,5074,2316,5853
2305: 5373,697,5081,6202,8019,5260
2306: 7084,9688,6805,8312,8357,9609
2307: 2647,2141,1567,1084,1364,3084
2308: 310,2773,1745,1663,4274,1300
2309: 7566,6010,3785,574,8154,4958
2310: 2359,6148,4291,4283,4239,5699,5711
2311: 4254,3091,6143,4352,1029,7733
2312: 1665,2666,1191,3337,5735,4376
2313: 4296,4099,1590,1384,2999,6195
2314: 5671,5299,6228,8100,3597,461
2315: 5007,5219,7470,7530,6813,6397
2316: 7404,5542,3101,5853,5955,2304
2317: 5773,230,2673,503,3982,2493
2318: 1186,4236,685,2984,3717,4187
2319: 1068,8172,4904,7624,5345,5885
2320: 231,1093,1763,2972,6174
2321: 6088,7547,6070,4175,7663,923
2322: 9589,7292,742,6729,8365,6818,7476
2323: 7758,5395,8071,6423,4620,4699
2324: 4332,1650,1231,2461,309
2325: 6142,5700,8025,5094,3745,6204
2326: 6033,6036,3990,7558,4318,1598
2327: 8188,5097,5591,3262,7595,3934,1686
2328: 5940,3481,5719,5818,5708,7671
2329: 1753,2474,925,240,1985,872
2330: 4893,5491,709,4593,8188
2331: 7902,5476,4596,8928,7301,6874,5609,6826
2332: 7483,4598,5425,6861,7564,7276,9373
2333: 7224,4920,8040,3176,1486,4600
2334: 7486,6551,6832,8373,3584,8796
2335: 1753,1199,517,2474,1025,4358
2336: 3863,6748,7221,3142,4005,5426
2337: 4606,3072,7915,3245,7785,7928
2338: 120,4345,2553,4373,2625,1788
2339: 7550,1235,3432,6014,3151,8144
2340: 5924,3455,3291,7771,288,3397
2341: 2212,4371,4257,4245,5757,6073
2342: 6839,7269,6766,6927,5234,5155
2343: 8107,7448,8236,6618,5272,6843
2344: 564,1069,5759,6052,4095,6100
2345: 4293,3400,1385,764,5790,4354
2346: 5427,9377,6287,6847,8380
2347: 6413,6849,3167,4791,8394,8857,8557,9102
2348: 314,6894,5553,8657,4733,7803,6315,8529
2349: 8028,5668,3289,3808,5123,5854
2350: 308,4219,4183,4187,4076,2723
2351: 3262,3118,5872,8115,3968,712,136
2352: 3593,4253,4892,7623,5992,3768
2353: 4066,2832,2583,5680,968,394
2354: 7497,6746,6853,8385,8566,8799,8637
2355: 4635,8023,3185,1271,5916,5889
2356: 730,316,1396,4160,481,4114
2357: 1655,3023,1321,257,3019,8197
2358: 277,5804,8162,2890,3271,2401,4111
2359: 6081,2310,4239,3112,6217,5711
2360: 1954,5693,5800,5751,1395,2065
2361: 6078,2190,8045,3663,8064,2420
2362: 5398,3197,8126,5807,8090,7735
2363: 4780,6859,2469,4644,6951,6400
2364: 3194,3943,5444,789,5676,5914
2365: 3489,3698,5677,4859,2532,3227
2366: 4025,5577,2239,5575,8089
2367: 2551,5946,3145,3965,6205,5663
2368: 115,1691,1695,2676,2378,2119
2369: 1216,320,916,145,690,739
2370: 5686,8201,6204,2060,5834,4242,6157
2371: 4235,3209,8189,1807,2575,2060,5834
2372: 3212,4702,8582,6614,7636,7323,8655,9608
2373: 3286,4652,3231,5481,4832,8234,3880
2374: 5617,7952,5504,3283,7748,1693
2375: 4666,7537,6866,7508,3218,5508
2376: 1131,3377,7780,8202,3370,638
2377: 5852,3661,5054,3877,4022,5573
2378: 1695,2368,4425,7640,2119,1735
2379: 6356,6231,6869,5469,7298,7176
2380: 3225,6236,4677,1138,4482,6872,8792
2381: 4681,6400,5121,8054,8401
2382: 6558,6875,1392,6242,4732,8612,5214
2383: 4515,3286,4652,2268,7580,2391
2384: 7636,8288,9548,6879,8997,4650,8582,747,7349
2385: 1159,8012,7873,5898,3173,1031
2386: 1653,748,3693,1090,2786,4393
2387: 899,3818,365,2502,2540,4368
2388: 2149,2087,6019,5383,4162,4097
2389: 5613,5566,4692,4685,3281,5138
2390: 3869,3832,3739,3246,2108,2634
2391: 6098,7580,3248,6071,2383,4652
2392: 6885,3763,8610,5229,7874,6574,7499
2393: 2819,720,2216,1706,2931,1619
2394: 1606,5433,753,7728,6888,7477,7990
2395: 3725,2640,1187,966,4163,7727
2396: 6537,4524,7586,60,3881,6890
2397: 3659,2610,8178,2667,7654,3298,2565
2398: 6278,8294,8630,8287,8412,8516
2399: 607,4067,4100,2248,1626,4321
2400: 7493,6899,7745,6284,7170,7790
2401: 2010,3271,582,1651,4111,2358
2402: 4284,1227,3598,6196,5736,8179
2403: 1976,5769,6180,3303,4333,2243
2404: 2433,8227,7908,2015,6042,3273,3080
2405: 6034,8116,3769,5920,8109,2574
2406: 8417,6502,9632,6281
2407: 1174,4205,3649,4139,1397,4264
2408: 6906,5611,5903,6450,3280,4718
2409: 717,1972,7604,8170,3951,1473
2410: 1716,756,2439,5691,4137,4290
2411: 4395,1230,2244,2057,1148,2038
2412: 4223,1080,5796,2109,4397,5227
2413: 7208,5517,3991,287,6296,6908
2414: 4292,4384,1290,6197,3400,764
2415: 204,2276,4332,836,1231,2468
2416: 6696,5048,6911,6391,687,6300
2417: 217,7771,6209,6167,7,5703
2418: 2011,2566,3556,3369,3293,1797
2419: 307,1503,1331,2284,1720,866
2420: 8064,6123,6078,2361,519,2058
2421: 5966,7597,3274,2224,5055,1722
2422: 8209,1665,4230,4423,7733,4352
2423: 1723,2164,3861,3315,967,4086
2424: 5912,5905,7646,8136,3980,6024
2425: 4570,7833,7835,3307,4731,5306
2426: 120,6158,5702,4093,2695,1410
2427: 5072,3085,7724,7772,5516,7730
2428: 4591,6481,5440,7848,7520,5306,7833
2429: 4710,7265,9569,7745,7762,3266,5596
2430: 5641,9561,6333,8335,8429,8999,7396,8895
2431: 643,2192,5742,3874,4558,2659
2432: 6224,773,4900,4158,2231,255
2433: 2404,306,7593,8227,8194,2015
2434: 3184,1236,2136,6145,2002,3621
2435: 7406,4749,6342,7247,2294,6923
2436: 639,1731,2616,2743,2742,467
2437: 1056,6038,3767,4865,776,3742
2438: 7991,4214,2636,1297,4290,6186
2439: 1716,1793,2410,1000,756,4241
2440: 2218,4009,2246,4169,3408,1422
2441: 1191,3337,3615,468,3770,47
2442: 4138,4198,4310,4327,5766,700
2443: 1504,4346,2020,2119,1735,2302
2444: 1082,7621,7924,784,6027,3874
2445: 4061,2300,4261,5994,4295,4309
2446: 3479,5783,3908,6081,1047,4239
2447: 7567,4586,4756,7552,7661,3629,8049
2448: 1737,4378,2227,182,1591,4272
2449: 5278,7706,3129,5802,6118,1581
2450: 3637,8161,80,5856,7861,7959,5902
2451: 1659,4323,2301,5790,3335,1738
2452: 7805,5614,6364,5658,8228,3488
2453: 4635,3185,5918,7529,1253,5454
2454: 4763,5295,7568,4649,6540,3421
2455: 3418,7593,4061,5994,7796,7914
2456: 123,1985,1743,872,1421,2674
2457: 7005,2519,6764,8621,3309,6379
2458: 308,4219,1954,5693,4374,11
2459: 1313,5584,4770,8446,8909,9504,6942
2460: 4771,8139,4865,3520,776,2536
2461: 807,3406,8203,2324,1231,309
2462: 4115,599,3643,236,2130,2946
2463: 1543,4064,4278,5736,8051,8179
2464: 2047,3712,7669,3368,672,8117
2465: 1008,2642,3591,3329,3610,7658
2466: 4608,4498,7439,8544,9665,6822,9087,9675
2467: 1785,3589,4688,4887,3342,4776
2468: 807,3107,836,2415,1231,2206
2469: 2363,3269,4644,6395,7501,6951
2470: 874,1750,2587,2646,5731,921
2471: 1268,8149,4782,5793,4667,5137,7551
2472: 4355,2547,2186,1731,853,2743
2473: 929,4785,4615,7836,5670,3713
2474: 2329,1753,1199,925,2335,2030
2475: 5235,7032,6955,4787,6491,3384
2476: 6959,3428,8584,9075,6830,8455,8538
2477: 2183,8183,4296,4314,2003,228
2478: 4533,6961,6380,6260,4793,6416
2479: 3508,5210,9154,8400,8459,602
2480: 4549,7452,5108,6332,6965,7147,3399
2481: 3537,1158,3121,6085,815,5874
2482: 4246,4144,4042,7580,2268
2483: 7559,5918,4233,4626,5762,3442
2484: 3407,3758,4562,3924,2830,3647
2485: 8177,8071,6423,4799,4739,6326,6426,8414
2486: 2202,3367,1013,5724,5743,649
2487: 1273,5331,3672,6023,7082,8168
2488: 325,4137,1297,2511,4325,1288
2489: 2273,4093,818,4252,192,1626
2490: 32,8046,8084,3352,8021
2491: 5771,4580,5337,820,2598,4680
2492: 1224,5956,1747,3912,5886,3340
2493: 2011,3645,2317,503,3982,3293
2494: 9681,8468,7384,6977,9319
2495: 2051,4129,1279,4421,1511,1274
2496: 3426,4812,3979,4261,8184,6015
2497: 5786,4351,3505,8070,605,196
2498: 5998,1960,7571,6074,3359,7634
2499: 5326,9224,9281,7288,8472,9422,9464
2500: 1752,8176,538,4429,3436,3691
2501: 7818,6225,1581,1252,3358,5376
2502: 824,4368,6022,6136,365,2387
2503: 5682,7660,5762,2577,3442,3506
2504: 5338,7993,3268,8382,6988,3802,8476
2505: 1266,7980,88,3576,6314,3105
2506: 6048,3544,5704,6044,2559,857
2507: 5955,3451,3101,7951,7978,4825
2508: 3692,6124,2627,4643,4997,6066,7693
2509: 3630,2002,3333,3621,4950,1286
2510: 8132,451,3742,2648,165,3454,6169
2511: 3456,4325,7612,5764,2488,1288
2512: 7989,3812,1213,4649,4563,8125
2513: 4286,423,5728,1411,2696,2792
2514: 4749,7911,5650,5590,6342,8065
2515: 5286,3852,828,4833,3463,5171
2516: 3465,3939,6086,4479,1625,7672
2517: 3710,8484,8805,9161,6561,7038
2518: 7002,4492,4665,8486,8996,8473
2519: 7005,4672,5162,6764,2457,8621,8838
2520: 977,4675,8489,8627,7009,6361,8490
2521: 4153,6114,6169,2069,3464,2648
2522: 7660,3972,3477,5152,6063,6122
2523: 6109,4062,3890,3535,5783,6126
2524: 6112,5662,6079,1783,4165,1017,2085
2525: 1095,3655,3423,6187,3174,5991
2526: 3483,2614,6200,3141,4075,354
2527: 8938,9708,8494,8841,7014
2528: 54,1784,1432,489,803,1903
2529: 4087,841,1073,261,0,4411
2530: 1028,5811,8035,3487,2019,8086
2531: 4004,360,2044,5707,2704,6116
2532: 4859,2365,1616,4931,5536,3227
2533: 7722,6279,7950,4510,844,9547,7019
2534: 5675,5869,6005,1296,404,2040
2535: 7021,6378,7191,3498,4863,8769,8669
2536: 5958,3500,2054,4771,2460,4865
2537: 1990,4217,8039,4214,6211,6186
2538: 7027,6637,14,7137,8499,9310,3699
2539: 4192,6213,1447,8055,3572,904
2540: 1328,3067,4369,4368,899,2387
2541: 4196,2570,862,7747,2655,2571,1316
2542: 1520,2051,1279,5727,850,367
2543: 4327,5766,201,2951,4460,6125
2544: 4746,4999,7033,8503,8576,9208,8935
2545: 7036,8507,9216,1545
2546: 4838,3516,4880,9220,6657,8509
2547: 4355,2472,8176,4429,853,6057
2548: 7878,4764,5585,4883,7781
2549: 1792,662,2037,2714,5781,4353
2550: 4547,6297,6871,7598,7599,5111
2551: 2367,3525,3330,5946,3145,1733
2552: 2134,1129,2772,3446,3530,3716
2553: 2338,120,2126,5702,4345,5756
2554: 3532,4786,7918,7865,5647,6349
2555: 5417,7744,6857,3534,5076,8159
2556: 3644,5698,5718,3492,3537,2259
2557: 1962,914,2796,4102,5797,379
2558: 2802,1794,4292,1572,2805,4384
2559: 2506,5704,1770,2071,857,3772
2560: 8026,6535,3158,6431,4903,4658
2561: 5750,4154,4072,4298,1469,2858
2562: 123,3905,1743,2570,1439,1316
2563: 6582,7043,8517,7107,4660,9231
2564: 1435,5785,2905,1803,6188,4299
2565: 3260,7654,2597,3298,4226,2397
2566: 3329,3556,2418,3369,2642,3731
2567: 892,4967,2609,6674,7050,7101
2568: 565,2057,5661,4374,4392,1961
2569: 6593,1016,8525,8626,8768,8833
2570: 858,4196,2541,2562,1743,2571,1316
2571: 7747,1553,1316,2541,2570,2226
2572: 4385,2913,389,2791,1303,5835
2573: 1319,2000,5840,230,5830,2673
2574: 8109,4316,3735,1178,3769,2405
2575: 5700,508,2266,1807,7678,2371,8189
2576: 6156,5722,1177,4207,2297,4338
2577: 2503,7660,6063,3620,3506,6213,3572
2578: 2284,352,1328,4369,866,1340
2579: 4584,7060,9259,8497,8532,6838,6490
2580: 231,4098,2600,4088,1123,625
2581: 4223,2109,1430,1323,7988,6176
2582: 4312,2674,925,1350,6067,872
2583: 2353,6116,2832,4349,4004,394
2584: 6484,1971,3161,6282,4923,7066
2585: 4881,8167,4629,4579,7570,4939
2586: 4928,4512,7073,4896,3346,6573,8854
2587: 2470,874,5775,2031,2646,4304
2588: 4416,4106,8111,2086,415,3806
2589: 6628,7077,7530,4909,8067,6587
2590: 6633,7079,9351,8674,9162,8541,9337
2591: 7083,6539,4937,8542,8569,9306,9369,4822
2592: 4938,3957,3616,4939,1223,4579
2593: 7674,3936,1108,6131,3522,6146
2594: 6331,6649,9427,6642,8334,8545,8789
2595: 6645,7088,8315,8547,8694,9316
2596: 6912,3740,6575,8713,5571,7090
2597: 7704,3260,4220,2565,4226,7589
2598: 7734,2491,820,4680,7822,7711
2599: 409,3018,636,1657,1530,1370
2600: 2580,231,1338,2857,625,1614
2601: 4954,7094,8550,8906,9240,9602,3634,8767
2602: 2686,5857,6006,2205,3638,412
2603: 4402,6194,2695,888,242,5830
2604: 463,4959,5684,7701,6012,3780,5718
2605: 2830,907,2771,6178,4063,5763
2606: 4126,3475,2298,3649,1353,3794,1397
2607: 662,2135,4416,1439,2226,4106
2608: 6769,4940,6957,7065,8783,9273,5038
2609: 2567,1991,6674,3316,6510,7101
2610: 5202,2397,3659,8178,2084,3803,5740
2611: 4180,4211,141,4228,4286,5721
2612: 3665,7846,6791,6647,7799,7782
2613: 2664,461,5895,5933,6220,3775
2614: 3483,2526,2720,6051,4075,5988
2615: 1350,458,6067,5683,2653,5689
2616: 2436,639,897,2742,1420,1886
2617: 2130,5779,2173,1586,1093,1763
2618: 5029,8558,9338,8951
2619: 3754,6940,8560,7108,6845,9082,8958
2620: 875,7270,7079,4982,8913,6819,5204
2621: 6445,6702,8562,6451,8445,8743
2622: 1353,1956,5843,3308,2298,5707
2623: 3345,5313,2050,5405,8076,3687
2624: 874,2682,4304,1354,2052,4363
2625: 4383,4373,4218,918,1788,2338
2626: 6829,6861,7276,4995,9552,6724
2627: 4997,2508,7666,7693,3816,632
2628: 4778,7064,7120,9363,8567,9467
2629: 7123,6733,7006,8570,9172,7126,5291
2630: 1504,4259,435,2020,3249,2070
2631: 4658,3723,8006,8010,8094,5124
2632: 6628,7077,8572,7132,5204,4933,6819
2633: 7855,7838,5110,6887,7867,7869
2634: 2788,3739,2108,2390,2647,4326
2635: 8232,4023,7824,5575,5927,3276
2636: 3778,325,4214,2438,1297,4215,8128
2637: 2913,1826,1303,4391,4379,442
2638: 3705,6150,2172,3811,4930,3719
2639: 3722,6747,6370,8050,6828,7136
2640: 1647,3725,5842,1491,1187,2395
2641: 8158,5018,7576,292,5965,3831
2642: 3591,3341,2465,3731,3329,2566
2643: 1186,385,2035,1514,2104,1437
2644: 6542,3528,7881,3574,448,7739
2645: 826,530,3005,3022,449,1440
2646: 2470,5775,2587,3243,921,124
2647: 4326,2307,1364,3084,2108,2634
2648: 3464,3767,2510,3742,6169,2521
2649: 7144,7616,5507,7316,7340,3746,9604
2650: 6868,5142,7148,677,3513,6653,8813
2651: 6209,5839,6201,546,924,3252
2652: 7105,8583,7152,8817
2653: 1509,6067,5683,2615,2009,2030
2654: 4010,7154,8585,9301,9619,8309
2655: 7747,6076,3183,1758,2541,862
2656: 4386,5720,3743,2228,1515,3007
2657: 4422,4161,5833,2121,1556,26
2658: 7490,7158,8982,9702,3254,6905,7150,6862
2659: 3404,4287,4558,2431,2256,5742
2660: 7160,6934,7884,2096,7261,6615
2661: 1467,3768,3284,458,3593,3942
2662: 2113,7167,7583,5164,4653,7938
2663: 4278,1746,1388,3626,2682,5731
2664: 2613,7573,6031,5895,5954,6220
2665: 374,931,999,1721,1672,780
2666: 2312,1461,1665,3850,1734,3337
2667: 2296,2397,8178,3601,463,7654
2668: 563,5784,1142,5792,1551,932
2669: 5177,6507,4857,5021,7162,3962
2670: 3786,3849,4922,8220,5180,7737
2671: 1205,1605,3165,4387,6179,1053
2672: 7679,5668,6065,5123,249,3172
2673: 2573,2000,230,2317,3982,1394
2674: 858,4312,2582,2456,1743,872
2675: 202,3615,468,3792,93,6164
2676: 115,985,1691,2368,1395,2065
2677: 3892,1423,941,4102,5805,2694
2678: 6152,1518,3829,5791,2194,6091
2679: 4139,4300,1452,528,4136,4264
2680: 5629,4955,4839,8600,9143,6787
2681: 3268,5600,3976,9463,7194,9510
2682: 874,2624,5731,2663,3626,4363
2683: 8369,8603,8905,6816
2684: 5069,7882,5215,7753,3810,3532,7918
2685: 1710,5865,5870,6028,8200,3814
2686: 5857,2602,3867,1404,3871,6006
2687: 7028,8607,9168,7189,6394,3821,9401
2688: 3823,1988,993,3296,4078,7919
2689: 5318,1975,6488,953,9250,6121,8096
2690: 5243,7191,9181,3498,6294,8305,9018
2691: 5662,7692,6079,1407,5974,7814,4273
2692: 1878,2853,890,590,2809,1096
2693: 8611,8943,6243,6941,8816,7655,6836
2694: 1794,4384,2677,941,6197,5805
2695: 4402,2603,1410,242,6158,2426
2696: 1773,2792,1411,2513,2777,4305
2697: 1419,5089,3851,7087,7196,7220
2698: 6277,1599,2198,6846,9486,9028
2699: 1636,4120,4197,963,2260,1977
2700: 900,1362,3813,5095,3603,3679
2701: 1981,4243,6207,4303,1079,4268
2702: 6202,8226,5284,4565,3888,8019
2703: 5922,6083,6088,5883,6096,106,8163
2704: 2210,6116,5843,940,2531,5707
2705: 1091,4451,5709,3890,6094
2706: 3182,2174,7666,3966,3950,3861
2707: 2824,4148,1424,2138,351,1292
2708: 1510,5748,1346,382,2925,4145
2709: 4590,1810,6403,7212,6541,7478
2710: 3343,3893,7662,7602,7603,4014
2711: 3496,3949,8155,3530,1306,4250
2712: 5900,2244,103,1148,2099,4117
2713: 2144,3872,3471,6106,7684,7694
2714: 2549,662,2135,2884,476,4353
2715: 4192,904,6181,3405,6137,918
2716: 2042,2269,4225,4460,6125,613
2717: 2229,5562,3876,6113,3993,3926
2718: 5755,4136,5999,4339,4385,389
2719: 4311,1707,4178,421,2288,8171
2720: 1180,3407,3924,6051,3483,2614
2721: 444,1656,971,4135,3008,2948
2722: 787,951,3027,1829,267,3015
2723: 4076,558,2163,3717,2350,4187
2724: 4425,1653,2252,198,748,2766,5919
2725: 1161,1074,301,5739,781,1264
2726: 2955,139,54,1814,2762,2939
2727: 1555,1129,1666,502,975,2816
2728: 1629,978,1671,1344,1501,1848
2729: 1432,1488,1680,5747,744,1784
2730: 4458,134,1061,3035,67,794
2731: 611,1575,1633,2983,452,122
2732: 4444,17,4200,1239,6101,4458,6132
2733: 1259,1815,110,3031,408,600
2734: 2993,601,135,902,3032,438
2735: 399,593,1848,984,1689,4260
2736: 699,251,1607,1657,3063,2818
2737: 6111,778,7710,6172,1103,6155
2738: 4194,3036,1004,181,1843,1751
2739: 1152,1634,567,734,12,171
2740: 1751,1853,1334,282,1060,3036
2741: 1139,810,660,175,2879,3058
2742: 2436,2616,6170,467,1886,759
2743: 2436,1731,467,1535,2472,2186
2744: 162,2848,387,622,2150,1330
2745: 1450,410,1725,2936,2781,1535
2746: 2754,1232,1010,223,3047,504
2747: 1827,627,801,1087,920,3038
2748: 1874,1557,936,6084,7676,1552
2749: 523,1287,810,660,457,340
2750: 116,4224,659,87,1694,1302
2751: 1196,1575,704,1830,4248,1444
2752: 176,962,988,493,2,3040
2753: 1835,4176,950,6216,337,3045
2754: 911,593,471,2746,223,3047
2755: 830,956,926,1356,2971,1207
2756: 3043,869,457,1874,936,44
2757: 749,4113,1165,433,825,1852
2758: 1072,3044,1495,15,718,1885
2759: 1823,859,317,1301,2768,4172
2760: 262,261,2770,560,1039,8148
2761: 1530,852,453,1672,311,636
2762: 2955,5174,2811,2988,1814,2726,1913
2763: 1617,4164,737,859,732,1660
2764: 790,1578,1918,1582,4379,1098
2765: 429,1010,757,843,1924,3042
2766: 1653,216,2724,537,683,5919
2767: 880,3960,4445,665,4199,5696
2768: 4159,313,4172,1301,2759,5935
2769: 2036,4399,4359,4347,4085,552
2770: 1136,1112,560,7561,8148,2760
2771: 7747,2605,907,1553,1758,6178,2086
2772: 2189,2552,1114,1555,1129,3446
2773: 2068,2308,1745,1663,4142,82
2774: 254,5753,1776,1968,6160,980
2775: 5753,130,305,1175,2813,980
2776: 1928,3000,4222,495,7686,733
2777: 4305,4322,1805,507,1411,2696
2778: 668,1949,1029,1391,4389,4254
2779: 253,879,642,2147,4131,6056
2780: 1679,527,6119,681,203,1062
2781: 1374,2936,2745,1535,2186,4336
2782: 492,295,156,647,937,278
2783: 5716,6160,4465,2813,980,2829
2784: 1128,3056,225,637,1150,1813
2785: 1864,806,819,176,829,684
2786: 1090,5,5831,2038,3693,2386
2787: 405,2874,2823,1732,119,1134
2788: 3739,2634,1454,4326,880,5696
2789: 1699,2833,597,154,1247,1500
2790: 1226,5809,18,4116,6190,4390
2791: 2572,1519,2913,389,834,4380
2792: 2696,1773,236,5779,5728,2513
2793: 5840,230,729,3062,1030,1475
2794: 22,5772,1724,6130,4252,818
2795: 6177,626,2849,1099,8153,1340
2796: 4441,5713,2557,941,914,4102
2797: 1773,599,8169,4305,213
2798: 5799,77,1188,710,831
2799: 2870,1183,2840,4455,279,5
2800: 2928,5803,1641,2270,4390,1034
2801: 786,4341,129,1086,65,2986
2802: 1794,1572,2558,4190,4441,1775
2803: 2962,1786,240,474,2807,1001
2804: 1424,2845,4337,1238,459,351
2805: 4292,479,3361,1572,2558,1474
2806: 1262,922,7625,7656,4399,4359
2807: 186,2902,1001,235,1786,1774,2803
2808: 4444,513,1105,592,3023,1076
2809: 4455,279,1096,2692,890,2875
2810: 305,2861,1175,1368,1806,96
2811: 2988,2762,1913,652,4405,2166
2812: 7625,7656,625,2857,868,2865
2813: 2783,980,2775,305,1051,2829
2814: 5770,4344,1030,260,5808,1475
2815: 1319,5840,260,2915,1475,6203
2816: 975,6210,616,2134,2727,1129
2817: 1226,4152,18,237,898,3017
2818: 5788,1800,3063,109,4081,2736,699
2819: 2393,1706,1619,1083,428,2912,3076
2820: 804,2954,1124,184,1705,127
2821: 4377,1003,4340,2242,5823,3598
2822: 1064,2874,4380,3823,1405,1732
2823: 1519,1826,2874,405,614,2787
2824: 2707,137,2901,1325,4148,1292
2825: 1335,1806,96,2908,1493,2924
2826: 143,5846,3065,4413,798,4365
2827: 2833,1238,2937,351,1292,1506
2828: 691,2932,2900,2876,1532,4375
2829: 1051,1381,679,2783,5716,2813
2830: 2605,907,2484,3758,4063,3647
2831: 1048,5716,3066,1381,1673,4082
2832: 2353,2210,6116,4466,2583,5680
2833: 1699,1238,2827,2937,2789,154
2834: 98,1858,490,64,983,657
2835: 673,226,2894,1521,5849,2836
2836: 6194,5849,888,6203,673,2835
2837: 2870,1183,1503,2982,537,683
2838: 2897,5932,7560,2887,1644,1749
2839: 3456,899,8210,4123,3818,7612
2840: 2870,4455,2799,2947,846,8174
2841: 140,3057,4331,591,4428,131
2842: 1905,560,1214,1039,707,84
2843: 123,1592,3905,1421,476,946
2844: 1627,475,1757,307,1533,1331
2845: 3243,124,813,4337,2804,459
2846: 1328,3067,1340,1099,4396
2847: 5799,4110,833,77,4408,1111
2848: 2744,300,4090,387,1458,2150
2849: 2795,626,2855,352,1340
2850: 2861,2961,366,2906,2869,631
2851: 9,1833,269,1910,4096,615
2852: 186,2952,1001,4404,1592,946
2853: 956,1878,2971,2692,890,1310
2854: 5975,4269,967,2291,1723,1962
2855: 406,7560,2950,4089,352,626,2849
2856: 1192,4360,5824,1494,10,1532
2857: 2600,625,2812,1614,5964,2865
2858: 6162,2863,4265,2561,4298,1469,6102
2859: 4087,3022,1073,1244,449,1024
2860: 7954,2943,2931,1619,2871,676,548
2861: 1368,2810,2961,96,2850,2869
2862: 4402,1724,5849,888,465,6130
2863: 6162,2858,871,1383,4265,4298,2963
2864: 1664,125,484,369,1428,2974
2865: 4427,868,6029,2857,2812,5964
2866: 1197,919,901,826,1426,530
2867: 4366,78,5806,7594,5745,2053
2868: 645,1146,2914,831,77,4408
2869: 4101,1494,631,2861,1368,2850
2870: 1183,2840,2799,2837,2982,8174
2871: 808,676,4266,2860,2943
2872: 4090,4401,2893,1156,1446,895
2873: 4110,833,26,2121,4347
2874: 1519,2822,4380,2823,1732,2787
2875: 1263,2959,890,2809,4455,846
2876: 2932,1712,2900,2828,2957,754
2877: 6183,4,4109,1209,428,3076
2878: 1214,4430,479,3361,2910,2046
2879: 1432,1488,175,2741,489,1139
2880: 2150,1208,3024,1458,2981,1248
2881: 1610,2902,4125,235,1160,885
2882: 540,1014,856,2138,2998,1097
2883: 1742,1621,1765,1009,1194,48
2884: 2714,2952,5844,476,946,4092,4353
2885: 1502,1390,1262,4408,1111,645
2886: 1040,356,771,2918,1375,2941
2887: 4315,226,1521,5932,2838,1749
2888: 1578,5949,3006,1558,5881,178
2889: 4115,599,8169,2279,1713,1311
2890: 2358,4394,5804,4111,534,2006
2891: 956,1878,515,1356,4117,2099
2892: 195,69,1190,2290,589,4294
2893: 885,2872,4401,4125,1387,895
2894: 673,851,226,3016,1560,2835
2895: 2046,5846,8205,798,479,1474
2896: 790,1542,179,1582,3021,991
2897: 406,5932,1460,7560,2838,909
2898: 959,2921,1059,79,300,1156
2899: 386,1135,1377,1920,31,2188
2900: 10,556,2876,1532,2828,2957
2901: 579,137,2824,1464,2968,4148
2902: 186,1610,2807,2881,4244,235
2903: 1768,1577,1698,989,232,117
2904: 1627,1757,8174,782,1597,1078,2947
2905: 1803,2564,4299,1804,5863,506
2906: 366,2975,2850,631,556,1127
2907: 1502,1390,868,371,3001,6029
2908: 2825,2961,96,1493,903,562
2909: 1445,1534,366,2975,903,1357
2910: 2940,958,479,3361,4430,2878
2911: 1576,6053,5972,4427,4150,177
2912: 1115,1083,6185,428,2819,7954,1619
2913: 2572,1519,2791,1826,1303,2637
2914: 645,2868,1146,294,50,4156
2915: 3002,260,673,1560,6203,2815
2916: 1617,958,1428,2974,1767,52
2917: 2924,919,3017,237,1335,1782
2918: 356,2886,1824,1375,4140,4124
2919: 4113,1697,1611,989,4412,1698
2920: 90,338,816,1903,1026,2939
2921: 210,1059,2898,2274,1156,1446
2922: 5813,33,893,4453,1242,6105
2923: 1482,434,2992,575,21,1185
2924: 1197,919,2917,2825,1335,1493
2925: 2963,1510,1346,3010,2708,1247
2926: 112,265,1673,422,2303,4082
2927: 6216,5868,2985,4128,1603,101
2928: 2800,130,5803,1034,1443,1782
2929: 2081,395,91,3020,901,1140
2930: 4126,3475,220,6159,4300,7619
2931: 2860,720,2393,2943,1619,1065
2932: 1712,2876,2828,4129,4375,4421
2933: 1802,1860,330,252,998,1741
2934: 1004,1843,699,535,251,135
2935: 3002,1373,5808,1640,864,111
2936: 1374,3003,4378,2781,1450,2745
2937: 2833,2827,154,1506,153,595
2938: 1597,440,1124,184,705,2976
2939: 139,54,2726,2920,1903,1026
2940: 2910,958,52,2016,3009,4430
2941: 1375,879,771,2886,1679,203
2942: 7718,2958,613,298,1300,905,2185
2943: 2860,2931,1065,3008,808,2871
2944: 4132,1325,1506,153,1342,1126
2945: 1062,4344,1373,194,771,1679
2946: 1763,2972,21,3643,2462,2130,575
2947: 2840,846,782,2904,8174
2948: 4105,734,4406,688,1656,2721,4135
2949: 1263,89,1276,1400,81,1310
2950: 406,1460,4143,2855,4089,1533
2951: 310,4324,201,2543,6125,7718
2952: 2852,5844,4404,946,4092,2884
2953: 514,4459,2053,1267,5174,1913
2954: 804,1768,1124,2820,1698,1697
2955: 139,5174,1814,2762,2726,4079
2956: 4315,851,417,1278,2967,2960
2957: 556,2900,2876,2991,754,1127
2958: 2269,2984,613,2942,905,685
2959: 1263,1276,1398,2875,782,846
2960: 2967,1194,1621,1278,722,2956
2961: 2861,96,2908,2850,366,903
2962: 1985,1592,1421,2803,240,1001
2963: 4298,1346,3010,2925,2863,871
2964: 411,701,4188,1564,209,648
2965: 1014,2998,1261,1311,1185,1256
2966: 521,1908,1921,827,4428,4461
2967: 5932,1194,909,2960,4315,2956
2968: 845,1464,2901,4148,348,540
2969: 348,1261,1482,1714,4103,845
2970: 445,1642,1441,4335,1037,1774
2971: 830,956,2755,2853,1400,1310
2972: 2320,231,2946,1763,1338,21
2973: 6195,1632,1401,2999,1219,1188
2974: 1617,4164,1428,2916,1664,2864
2975: 1534,366,1709,2909,2906,1127
2976: 1627,475,930,1597,440,2938
2977: 1756,4173,1006,3030,502,4437
2978: 1664,125,353,1383,863,1294
2979: 1699,459,5775,124,1500,5690
2980: 164,1357,788,1487,334,1089
2981: 1269,1248,526,79,1458,2880
2982: 1757,307,1503,8174,2870,2837
2983: 1196,1575,2731,311,122,453
2984: 2269,4043,2958,3717,2318,685
2985: 378,4128,1601,949,1603,2927
2986: 517,8066,129,2801,4341,445
2987: 518,2997,67,1041,1119,267,206
2988: 744,2811,1814,2762,1602,2166
2989: 785,1868,1531,793,624,1887
2990: 1831,1938,238,1828,6108,4157
2991: 994,2957,754,1127,1527,1709
2992: 1339,434,2923,1614,1338,21
2993: 535,973,135,902,1442,2734
2994: 1697,1193,4412,774,211,804
2995: 1429,411,4224,659,4155,35,1476
2996: 627,1126,4330,801,289,4132
2997: 2987,67,267,1061,1939,3015
2998: 348,540,1014,2965,1261,2882
2999: 4361,1219,1384,2313,6195,2973
3000: 2776,7686,1389,4149,1652,733
3001: 1390,1389,371,2907,4149,50
3002: 260,2915,2935,5808,1560,864
3003: 668,1737,1374,2936,4378,1696
3004: 5809,6190,2105,3669,516,8032,2270
3005: 1081,3022,1035,2645,530,1635
3006: 935,1578,2888,450,6227,1558
3007: 5720,2228,182,2656,1591,927
3008: 2943,1065,444,2721,4135,808
3009: 1905,1934,5935,4430,4426,2940,2016
3010: 2963,1247,2925,597,871,1336
3011: 1152,567,1212,318,960,775
3012: 264,335,149,795,532,1907
3013: 4173,1104,633,1920,1049,290
3014: 5844,4404,4244,1596,3060,711
3015: 1939,2722,482,1829,2997,267
3016: 851,2894,1560,417,864,692
3017: 919,2917,1426,898,2817,237
3018: 409,386,2599,1877,783,636
3019: 161,1655,4166,1321,682,2357
3020: 347,2081,1440,2929,901,826
3021: 5820,991,1704,4391,790,2896
3022: 3005,1073,1035,2859,449,2645
3023: 257,2357,8197,1076,513,2808
3024: 1739,1208,2880,666,222,1248
3025: 4328,209,3068,1120,800,301
3026: 1917,690,739,1869,624,1887,945
3027: 933,462,1829,787,1840,2722
3028: 44,378,1601,4202,1416,1181
3029: 1751,1853,1264,781,4194,59,6170
3030: 520,502,4437,1795,1666,2977
3031: 979,1815,110,1820,716,2733
3032: 438,1414,6206,8212,902,2734
3033: 984,429,726,757,1689,4212
3034: 4418,1930,791,1907,344,541
3035: 67,1119,549,2730,794,1309
3036: 2738,1843,1751,282,2740,601
3037: 1414,777,6219,5813,6206,4400
3038: 920,1818,4189,1246,1827,2747
3039: 5975,4269,5758,1121,4442,5750,4154
3040: 493,1922,1912,430,962,2752
3041: 1879,1912,878,969,430,585
3042: 1923,1232,1870,1010,843,2765
3043: 457,2756,1287,44,1181,104
3044: 1072,1189,1754,2758,760,1495
3045: 396,950,799,337,2753,1492,8221
3046: 4112,1650,689,7717,4388,4457
3047: 4238,1799,504,2754,471,2746
3048: 114,704,1830,4260,23,1344
3049: 69,5744,8148,731,533,262
3050: 7710,6172,8223,116,1694,1063,1855
3051: 992,4462,6053,177,326,7650
3052: 4307,582,6183,1651,1946,1033
3053: 5666,5733,2034,7609,6215,5980
3054: 1827,370,1386,4330,801,1565
3055: 4378,2227,906,1450,4362
3056: 2784,1831,1828,1128,1833,1813
3057: 152,2841,630,4331,591,655
3058: 1573,175,12,1825,2741,660
3059: 1003,1147,813,4337,1097,856
3060: 3014,1610,4244,1596,1529,162
3061: 514,1468,4227,4079,6153,4070
3062: 5773,230,729,2793,7802,5836
3063: 5788,952,1800,2818,2736,1607
3064: 954,774,4216,211,1705,1436
3065: 2826,5846,4413,1243,4108,1112
3066: 1381,4267,4456,2831,1673,5732
3067: 2540,1328,2846,4396,899,8210,5765
3068: 1564,4370,4328,209,3025,5792
3069: 983,462,319,1858,1854,1840
3070: 5189,3795,7543,2157,3938,5947
3071: 3,6046,5976,2128,5687,426
3072: 7915,7553,2337,7928,1744,7996
3073: 5867,5819,5801,5982,2223,3868,5930
3074: 4565,4537,4777,8019,4890,5260
3075: 5263,7978,5063,7680,7977
3076: 428,1973,4,2877,2819,1706
3077: 1046,773,2055,4900,5317,5861,8195
3078: 7838,5026,7867,5009,7839,7842
3079: 9610,5455,8772,9213,9400,7327
3080: 5848,6,2404,5847,7908,3273
3081: 7615,3298,3803,3659,1540,8171
3082: 4771,8139,5826,8135,5892
3083: 5758,1121,1427,4191,5748,382
3084: 2647,2307,1084,2114,702,2108
3085: 5254,2094,2427,4735,7724,7772
3086: 7936,229,5276,8027,4996,8099
3087: 7240,8777,7332,9614,4877,7109,8676
3088: 6054,5136,5968,571,13,990
3089: 3402,3541,5970,8229,5558,5825
3090: 4206,2164,6171,3892,1423,3315
3091: 5288,2311,6139,4289,6143,4352
3092: 4059,413,1546,5423,5993,6035
3093: 7335,7126,3842,8781,6475,9172
3094: 5599,4039,5973,5906,8121,2211
3095: 5295,4468,3569,6457,3741,5936
3096: 3536,3670,3937,7809,1463,5299
3097: 1258,5315,3263,2110,8235,3712
3098: 5090,7830,7681,7795,5300,8404,3708
3099: 7789,4656,7748,4494,7952,7797
3100: 7841,3413,5366,20,4477,5307
3101: 7921,5542,2316,5955,2507,7951
3102: 7709,6904,2179,6482,7339,1970
3103: 5253,5314,3911,7820,7957,7825
3104: 7159,7341,7103,8784,8788,9297,8563
3105: 6314,5817,7688,5821,3576,2505
3106: 6070,8137,2078,4048,1187,4163
3107: 2468,807,7850,2074,2206
3108: 8793,9324,9436,9621,9219,7346
3109: 5998,3706,3551,1568,939,5323
3110: 7990,7493,4620,7348,6899,4699
3111: 6407,8390,8628,8797,9623,5327,7243
3112: 4234,49,6217,5711,3144,2359
3113: 4587,7934,7829,7776,5329,7791
3114: 6033,4318,2007,3636,6212,3904
3115: 6461,7255,8460,9551,9624,8801,9557
3116: 1157,3490,5503,4499,7657,5497
3117: 6220,8081,1574,7573,2152,4179
3118: 5941,5591,3262,6229,2351,8115
3119: 8254,8804,6232,38,4497,9664
3120: 3857,4669,3366,7409,8130,6110
3121: 2292,2481,1158,4037,6062,5874
3122: 99,3198,942,3256,5342
3123: 3801,1588,3920,5822,7574,5850
3124: 2202,3562,5724,817,1966,6163
3125: 7195,1940,9475,8808,5347,9035,6235
3126: 6234,3299,7059,8810,8859,8984,7197
3127: 60,8097,3881,4618,2115
3128: 6795,5158,7711,7148,6756,8813,7734
3129: 2162,5278,2449,7706,6133,7702
3130: 6240,1094,3457,5551,4598,5561
3131: 7359,6241,8263,9629,7290,7215,8815
3132: 2208,8611,8723,9474,6785,6243,8866,4809,8816
3133: 9081,8268,8695,8819,6944,5006,8944
3134: 7336,5369,9209,6249,7227,5247
3135: 2286,8821,9520,9331
3136: 1585,7673,5778,5414,2103,5993
3137: 2214,7761,1184,7018,45,6253,7518
3138: 5563,6256,8824
3139: 6212,7694,1438,3920,5858,3904
3140: 7591,3555,1359,5385,5078,7605
3141: 3483,2526,3546,6200,1455,7768
3142: 6748,2336,5426,4690,8042,1523
3143: 7765,5269,4968,7892,5516,7743
3144: 3112,3919,4234,6217,1569,3177,703
3145: 1485,5945,3965,1733,2367,2551
3146: 8078,7996,8072,4612,7915,1265
3147: 8285,8830,8921,8744
3148: 6516,5004,412,4811,5857,6267
3149: 7256,6269,8374,8832,8954,7255,9551
3150: 3363,7592,5897,259,7607,3592
3151: 5921,7815,8144,2339,6014,5978
3152: 2017,6539,8569,5403,9356,6749,8842
3153: 5496,3978,5237,2050,5405,7813
3154: 2026,3452,288,8147,4817,5924
3155: 5810,3186,7641,5456,5942,1295
3156: 4057,6430,7263,9568,8847,8293,8960
3157: 7759,8049,603,4756,5354,7522
3158: 4806,6431,2560,4903,7904,7917
3159: 6280,3995,2213,7055,6726,6608
3160: 7956,243,7272,7926,4548,5418,7875
3161: 6484,6719,2584,6285,7066,6900
3162: 5069,7946,7882,7945,7811,7866
3163: 6720,7523,5551,2207,8761,7344,7483
3164: 4828,7277,4617,8554,6410,8855,9543
3165: 1205,1605,2671,5973,5983,4039
3166: 3379,5429,3478,2236,5929,8129
3167: 2347,6291,7298,6849,7021,8394,8857
3168: 7738,6404,7380,5487,5615,7766,7757
3169: 7356,5570,6293,7774,3472,719,9101
3170: 5047,5871,3511,5795,3443,329
3171: 3674,9477,9583,8863,6295,9627,8306
3172: 5439,249,7940,8031,5123,2672
3173: 6925,1031,2385,7873,7972,1057
3174: 5810,5991,6187,5942,6044,2525
3175: 7595,5872,136,5734,5717,3236
3176: 5443,4600,2333,8040,4927,7845
3177: 4892,3919,4234,3144,7623,2146
3178: 7930,5687,3988,5529,5445,8156
3179: 4806,6304,3549,5413,6431,3419
3180: 7287,9585,8873
3181: 5451,7721,7720,7750,7664
3182: 632,1615,6129,2706,7666,3950
3183: 6076,2655,6039,862,1299,3587
3184: 2071,2434,3772,6145,83,2002
3185: 4635,2453,2355,5889,5454,5001
3186: 1616,7641,5456,3155,4642,4859
3187: 3433,5604,86,323,865,5761
3188: 88,4547,7343,6297,7723,6568
3189: 1509,2009,49,5699,7756,258
3190: 5676,6060,2235,5146,1618,789
3191: 9591,6985,5462,9145,7166,8879,9277
3192: 5798,3321,3354,5855,5580,3961
3193: 6311,9152,6319,8991,5209,7296,8323,8552
3194: 5466,4847,3943,4829,2364,789
3195: 6357,908,8354,8679,9166,8883,7275,6322
3196: 4927,4475,5470,7519,5443,8165
3197: 5398,3566,2362,4263,4181,7735
3198: 99,3122,5259,8122,3714,3256,5474
3199: 1690,6000,5969,5908,3715,3631
3200: 8332,8716,8887
3201: 5422,5454,5001,8015,7968,3350
3202: 6966,8889,9113,9366,6642,8334,9389,7134
3203: 7653,3462,5866,5845,5838,2262
3204: 7682,3571,1215,499,1730,3460
3205: 7941,4857,8893,6780,8983
3206: 3660,2018,5094,3745,6007,3701,544
3207: 889,4055,3794,1174,2292,3649
3208: 6671,6660,3932,1645,8340,8702,9483
3209: 1048,2371,4235,5834,265,4082
3210: 4257,6134,6073,1957,3885,7683
3211: 8959,8665,8903
3212: 7657,2372,4702,4650,7505,8582,7636
3213: 7313,8304,8550,8906,9084,6343
3214: 7338,7289,5502,6344,7314,5060
3215: 7667,1418,896,3886,8198
3216: 8113,5504,5393,3913,7927,7885
3217: 6347,8911,9603,9391
3218: 4606,5508,7868,2375,7508,3327
3219: 5050,3568,3915,5512,5850,6198,5822
3220: 5493,7631,5269,1658,6350,5515
3221: 6661,8258,8915,6735,2139,8330
3222: 4469,4504,4612,5520,5023,4022
3223: 6463,5194,6354,1993,7214
3224: 6356,7326,6875,4683,8612,6684
3225: 2380,4677,3798,7525,4482,8044
3226: 5534,8384,8919,9194,3512,6837,8946
3227: 4698,5105,9042,3489,2365,2532,5536
3228: 4844,910,7955,5653,3342,5538
3229: 6313,8356,5499,8923,6827,7308
3230: 3529,6385,6310,6440,1667,6359
3231: 8105,3286,1674,2373,3880,5328
3232: 5391,5548,5088,6330,6360,5482
3233: 3970,2237,7969,8009,5550,8002
3234: 3380,8927,9479,6361,9670,7391,8358
3235: 6732,6879,3581,6363,8565,8997,6538
3236: 7584,5436,3934,3175,7595,5734
3237: 6721,4687,5655,5898,7965,8123
3238: 486,5559,6368,917,6365,4871
3239: 6829,6861,7564,5561,8931,7213,6366
3240: 5563,8824,9339,9490,7354,8933
3241: 5915,2295,1130,5524,3866,5845
3242: 7093,4607,6369,7487,3581,4870
3243: 921,124,4340,813,2845,2646
3244: 8131,5982,5859,2223,8142,5987
3245: 7915,4994,2337,7785,1265,5569
3246: 3869,2277,3832,106,1376,2390
3247: 6974,9115,9121,8940
3248: 5945,3599,6071,751,2391,6098
3249: 2203,2630,4259,151,646,2020
3250: 5387,4938,5576,634,5460,1113
3251: 3785,4996,8099,574,8056,5632
3252: 1045,924,3364,3439,6201,2651
3253: 5093,4886,8945,8598,708,7451
3254: 6905,9657,7408,8948,2658,8982
3255: 5331,8168,5956,7586,4701
3256: 7878,3714,5113,3198,3122,5342
3257: 2160,5509,8087,3793,7713,1539
3258: 5431,4863,6496,6519,7280,6378
3259: 6889,5793,1305,5041,4667,6184
3260: 2132,2597,7615,3298,2565,7589
3261: 2180,1548,8219,5914,168,5948
3262: 5591,2327,3118,2351,7595,5872
3263: 6059,1258,5315,3097,169,5909
3264: 3771,7278,6384,9579,8374,8954
3265: 5595,1604,9016,8956,9108,9515
3266: 5238,5596,7969,7790,8009,7745,2429
3267: 4724,4007,4609,6911,6300,7230
3268: 2504,6394,2681,7993,7182,5600,8382,9463
3269: 2469,6395,6951,5017,5602,6372
3270: 4026,2217,4231,4193,3949,174
3271: 2010,297,4210,2401,2358,8162
3272: 6398,3992,5236,4707,5605,6487
3273: 6042,6023,7082,2404,3080,6,5787
3274: 180,5631,7596,5966,2421,2224
3275: 2235,6037,1618,573,5768,8116
3276: 7824,5927,2635,5908,8237,1690,5884
3277: 2232,1987,5882,3373,1569,8141
3278: 6401,7376,8964,8241,8632,2080,5191,9126
3279: 4700,8224,3852,5610,7628,5205
3280: 2408,5611,7992,4718,3732,5134
3281: 5613,4685,2389,6250,7932,5497
3282: 2222,6404,1600,7380,4621,5574,7401
3283: 5617,2043,5504,2374,5795,74,1693
3284: 1467,3768,724,6018,5969,2661
3285: 1118,618,7407,7383,8531,8970,9642,9656,8782
3286: 4515,8105,2383,4652,3231,2373
3287: 7663,3906,923,3858,7727,4177
3288: 5039,8061,7437,5544,7793,4045,1955
3289: 2349,3808,5211,5854,5625,5034,8175
3290: 6410,8324,8855,8975,7244,9534,4031,9543
3291: 2340,3304,3455,5714,217,7771
3292: 2089,1703,5873,5887,5345,7608
3293: 3982,1797,767,2493,2011,2418
3294: 7974,6016,6154,7691,8204,6120
3295: 9645,6513,8396,8456,8980,9138
3296: 1973,2688,993,7919,2216,1706
3297: 8186,1462,1233,656,6078,6173,2058
3298: 3260,7615,2565,3081,2397,3659
3299: 6234,6594,7391,3126,8859,8984,9646
3300: 5966,7539,8011,5119,4922,5631
3301: 5832,3614,1710,5865,8112,5043
3302: 207,7231,7854,5535,8217,4000
3303: 4313,1976,6180,2403,4288,5741
3304: 3966,1122,3455,3291,5714,4086
3305: 6024,8180,6025,769,1032,2161
3306: 1307,1715,5725,4314,7647,214
3307: 4570,8080,2425,7944,3312,4731
3308: 3540,1956,5843,2622,1967,6009
3309: 7393,7526,6379,6936,792,2457,8621
3310: 8786,8992,9457,3896,8406,9190,7341,7103
3311: 5637,6064,4895,4717,5402,4735
3312: 7944,8020,3860,5634,8080,3307
3313: 3733,5880,5639,5055,5136,3759
3314: 6968,6426,5262,3438,3480,8414,3396
3315: 1723,3090,379,2164,2423,3892
3316: 1991,2609,6510,8527,4742,8419,8998
3317: 9563,9000,9292,219,8329,9650
3318: 9003,8901,5297,5506,9445,8422
3319: 5062,6333,8424,8663,8999,9008
3320: 6027,5645,1522,3999,2111,7621
3321: 5848,3354,3192,5855,1042,5847
3322: 4256,1988,4147,1405,559,220
3323: 4853,5226,510,5669,3662,5754
3324: 7860,4754,6349,6798,7406,7645
3325: 306,8227,3355,6042,6041
3326: 4907,1991,6438,7402,5648,9573,8998
3327: 5649,6359,7508,3218,7868,6440
3328: 3907,3423,2136,3482,6145,3353
3329: 761,2566,3610,3556,2642,2465
3330: 3525,2551,3398,4308,4237,1733
3331: 1413,3883,9012,4754,6798,8436,6444
3332: 7981,8027,6082,4705,6276,6813
3333: 1013,6193,83,3630,2002,2509
3334: 4083,1056,6038,2264,4080,5959
3335: 2301,2451,1738,5759,5738,3392
3336: 8441,9015,6531,5651,9248,7053
3337: 1191,468,2441,2312,2666,1734
3338: 7659,7538,5652,6450,509,1809
3339: 4873,5394,6804,5187,8135,3362
3340: 7585,4625,5886,328,2492,3912
3341: 5133,6135,2642,3591,1747,3731
3342: 4887,5653,3228,2467,4776,5538
3343: 2710,7706,5802,3893,7603,2124
3344: 4844,6553,5079,1748,5654,6828
3345: 8123,2623,8076,3687,4687
3346: 7528,7411,7073,2586,5656,6573
3347: 3996,769,1032,5657,2034,7609
3348: 8207,4752,373,8228,7788,3488
3349: 5015,7935,7549,6455,7226,623
3350: 7575,7578,7968,7529,3201,5454
3351: 5667,6457,5904,3600,5604,1228
3352: 7984,8021,32,2490,650,3662
3353: 3907,3328,2136,4061,2300,7796
3354: 4772,5798,5848,3321,5789,3192
3355: 306,1762,3325,7658,6041,1994
3356: 7763,7897,4835,7840,4574,7853
3357: 4476,6461,7405,7255,9021,8832
3358: 1043,5780,5376,2501,1252,772
3359: 2498,6074,7634,455,6138,1299
3360: 4986,7415,6711,4485,6464,6751
3361: 479,1572,2805,2910,958,1767,2878
3362: 487,7675,5892,4873,3339,8135
3363: 1028,5811,3589,3150,7592,5897
3364: 5827,4185,924,3252,3439,1950
3365: 6856,9025,9280
3366: 3120,7409,6906,5903,2055,6110
3367: 1013,2486,83,649,1770,3772
3368: 2464,3712,672,3648,5937,1258
3369: 6137,1797,2566,2418,3405,3731
3370: 3705,2172,638,2376,8202,266
3371: 6948,4774,6822,6471,9087,7180,3656
3372: 456,7136,6473,6588,3469,5079
3373: 183,5882,6221,3277,1779,8141
3374: 5017,5435,7495,7282,4780,6951
3375: 9701,7423,8619,6583,6960,9106,9031
3376: 6480,8481,9666,6799,8888,9383,9033
3377: 1131,2376,3828,7610,5685,638
3378: 7266,2299,4060,5515,5875,7947
3379: 3166,4469,8149,4782,5520,5429,3478
3380: 3234,8487,8927,9036,9479,6483,7429,9670
3381: 5066,6556,8899,6810,9040,8492,9304
3382: 7606,3410,3734,5320,3664,4511
3383: 6884,5120,9009,9041,9060,9260
3384: 6491,4647,2475,4787,8987,1291
3385: 8086,3935,4029,6069,5891
3386: 321,6494,9287,8378,9044
3387: 5431,6496,7364,7441,5003,3958,4528
3388: 6831,8932,9047,9160,5243,4719,8305
3389: 3922,5314,2148,7531,8008,3684
3390: 1151,6991,4605,7443,3486,6610
3391: 8295,6281,8514,9051
3392: 5759,2067,4095,2301,1682,3335
3393: 6504,2098,5282,8518,7638,4540,6618
3394: 7857,5434,4985,8022,9581,8060
3395: 5348,5501,5467,402,4801,4748
3396: 6968,3314,3438,8177,6508,8478,4564,9559
3397: 6209,288,5839,2340,7771
3398: 5967,3525,6075,3330,5117,4237
3399: 7147,8528,7506,4741,2480,6332
3400: 4293,6197,2345,957,764,2414
3401: 5965,3539,6222,640,6208
3402: 3492,7701,5970,3089,6085,5558
3403: 3680,6515,9059,8536
3404: 4287,293,5645,200,4558,2659
3405: 4192,2715,6137,3369,5133,3731
3406: 807,2105,2074,7629,2461,8203
3407: 1180,3531,2720,2484,4562,3924
3408: 1017,4169,4167,1149,2246,2440
3409: 6521,7403,9064,9418,9478,9654,7034
3410: 3382,5320,4511,2056,4018,5665
3411: 4474,6501,6524,6412,7463
3412: 3672,1994,8168,1224,1008,5956
3413: 3100,8033,5044,7841,5366,1085
3414: 1324,7114,8916,9507,8662,3595,6527,9408
3415: 7806,6529,4929,6770,4855,7775
3416: 7447,6782,6532,4740,7379,7769
3417: 4514,7562,5771,4580,7843
3418: 2455,3426,7593,8194,5994,8184
3419: 6535,6897,6689,3179,3549,6431
3420: 7585,4586,5886,6537,7552,4701
3421: 6540,5372,7330,2454,7989,3459,4649
3422: 7212,6543,5305,3580,7024,7478
3423: 3907,3328,3482,6187,3655,2525
3424: 197,7498,9072,6546,1688,5602
3425: 5165,7729,7699,1371,1173,6549
3426: 7633,3418,4812,8194,2496,8184
3427: 3709,5304,7797,7885,7952,5504
3428: 4622,7494,6959,8557,8584,9075,9102,2476
3429: 7702,2018,4604,544,1102,5278
3430: 8070,605,1541,6142,6007,3745
3431: 6732,6560,7487,4741,4549,6332
3432: 7550,2339,5989,1960,7634,6014
3433: 4246,5604,3187,4144,86,865
3434: 4761,6542,7220,448,6563,1419,8069
3435: 6565,9080,9152,4703,5209,9165
3436: 1281,641,227,1752,2500,538
3437: 5172,4618,5381,4529,7902,8038
3438: 6968,3314,6426,3396,8177
3439: 1045,3729,473,5827,3252,3364
3440: 2142,7982,1102,6225,6118,6049
3441: 8048,8058,4625,6122,5660,3972
3442: 2503,5682,5762,1253,2483,5918
3443: 5617,5795,5393,4627,329,3170
3444: 7587,547,3981,4628,5500,4813
3445: 8495,9041,9060,9706,4630,6571,9086
3446: 2552,1114,2772,286,2165,3716
3447: 4823,4753,5817,7628,5205,1266,3576
3448: 333,7746,4634,3804,5670
3449: 8235,3841,4561,7669,4636,1211
3450: 7208,7319,4827,5157,9089,8610
3451: 5955,3641,2507,7588,4641,4825
3452: 855,3154,2026,3555,4817,6576
3453: 165,7703,339,6080,2079,2028
3454: 165,1285,6080,2510,451,6983
3455: 5924,2340,3304,1122,3291,1200
3456: 2839,2511,8210,7612,5764,4067,5765
3457: 7344,4518,6579,3130,1094,5551
3458: 8136,5523,7637,6011,1965,6835
3459: 7989,5154,6938,4589,3421,5372,7330
3460: 7682,3204,1730,6581,5065,8119
3461: 5308,6511,6320,4737,4654,7966
3462: 5845,3203,2262,1130,315,142
3463: 4899,8014,4833,5286,2515
3464: 7690,5726,3767,2648,2521,2069
3465: 3939,2516,5992,1625,724,187
3466: 6122,5660,3477,5336,5856,8230,7985
3467: 8143,1613,8146,4661,6047,7540
3468: 6996,8592,9161,3594,6586,9098
3469: 456,7002,3372,6588,5155,7512,9714
3470: 7606,929,5137,3734,5793,6184
3471: 3853,6115,2713,6106,7684
3472: 2221,6591,4670,9101,3169,7356,7894
3473: 5149,5106,7792,6481,7848,4843
3474: 7345,5552,9104,9549
3475: 4126,2298,360,2606,6159,2930
3476: 6255,1593,3527,7254,6597,6433,9550
3477: 2063,2522,5152,6122,3466,5336
3478: 4480,4682,2236,3379,3166,8149
3479: 6109,837,2446,5783,2123,1047
3480: 6390,7074,3314,5262,8414,6601
3481: 1046,6224,2328,773,5940,5719
3482: 2071,857,3423,3328,6145,6187
3483: 2614,2526,3141,1455,2720,3924
3484: 6254,5252,8274,9110,3835
3485: 6257,8277,8644,9320,6606,9062,9112
3486: 5635,4694,6610,3390,6260,7443
3487: 239,5891,6226,8086,8035,2530
3488: 373,8228,3348,2452,7805,5658,7916
3489: 5677,2299,2365,4698,7947,3227
3490: 5335,3116,5503,6614,7657,4702
3491: 1413,6616,7089,377,6261,6411
3492: 3402,7701,6085,2556,5718,3537
3493: 7373,4707,5605,6619,7019,6279
3494: 1159,5913,7858,8012,4709,3916
3495: 7542,5869,3994,6008,2025,3700
3496: 4026,75,2711,3949,4250,384
3497: 6754,3596,6625,8428,8666,9118
3498: 7191,2690,6294,6589,2535,6627,8669
3499: 4720,8001,4510,6629,6497,3956,8505
3500: 6058,5958,7994,2536,5826,4771
3501: 4723,8439,9122,5188,6446,9114,6967
3502: 5911,4728,3542,7870,2278,7562
3503: 6319,8678,8991,9127,9237,4729
3504: 7601,7648,4730,2155,5068
3505: 398,5786,2497,605,5879,5176
3506: 2503,5762,2577,6213,1322
3507: 4517,6641,8942,4049,7257,9560,7378,7003
3508: 9133,2479,5210,9154,8459,8851,9169
3509: 5190,4744,1942,7607,259,5407
3510: 8432,9158,9135,8685,6995
3511: 3170,5047,3678,3889,5871,3707
3512: 5086,3628,6837,3226,7023,9194,6650
3513: 677,8228,7788,6653,2650,5658
3514: 6655,9139,8695,8798,8819,6351
3515: 7622,7542,3895,6005,5526,4713
3516: 4838,6362,2546,9142,9635,4575,8509,9421
3517: 5522,7707,6787,8700,8869,9456,5014,4762
3518: 4760,6662,8361,5248,3766,6851
3519: 7714,7849,3824,3724,5125,4490
3520: 5198,8132,451,8139,2460,776
3521: 7723,4769,5184,6920,6568,4888
3522: 7674,6131,2593,2194,6077,6091
3523: 2116,2012,4245,538,1281,1947
3524: 2295,3959,5987,3866,2200,5893
3525: 3545,6075,2551,3330,5946,3398
3526: 2115,5437,6386,1107,4623,4802
3527: 6255,1593,3476,8275,6433,9150
3528: 2644,7881,7739,8077,8088,8082
3529: 6310,3230,1667,6990,5203,8387
3530: 2134,2552,1306,3716,4250,2711
3531: 1180,455,6138,3407,4562,5978
3532: 2554,4786,7918,2684,7753,7741
3533: 5854,5625,3646,7906,1701,7995,1798
3534: 4792,6121,102,5151,5076,2555,6857
3535: 2523,5709,3890,6126,1953,1233
3536: 3670,7809,3096,4522,8003,4544
3537: 2481,1158,2259,3492,6085,2556
3538: 1412,7116,7755,6998,8098
3539: 5965,3401,3638,6208,6064,4717
3540: 7627,1956,3308,7600,6009
3541: 413,1546,5970,3089,8229,5778
3542: 2078,5911,5952,4048,3502,2278
3543: 5712,4271,2024,5288,1957,113
3544: 5942,6030,2506,1295,6048,6044
3545: 7577,3525,8095,6075,4566,5946
3546: 8016,2007,6200,3141,6166,7768
3547: 6428,4803,8728,9159
3548: 5694,419,6035,2215,5298,4133
3549: 6304,3179,7475,6605,3419,6689
3550: 4965,5476,4596,3781,7810,6691,7453
3551: 3715,5998,7571,3109,6000,1568
3552: 4935,6695,8861,6633,9162,8736,8775
3553: 4520,8741,9164,9504,814,8338,8453
3554: 6445,4496,6702,8438,9167,9539,8553,8743
3555: 3140,7591,855,3452,6576,7605
3556: 2011,761,3329,2566,2418,5730
3557: 4824,5366,20,5156,3762,2066
3558: 7031,8746,9684,9533,9204,6460,9171
3559: 5313,1595,4831,5829,4905,5519
3560: 5905,7646,8182,5448,4036,6020
3561: 4183,728,4068,6214,1205,4387
3562: 2202,6193,506,3124,1966,1803
3563: 4967,6584,6524,6710,6562,466
3564: 6580,6533,8470,8754,9175,6713,6505,8520
3565: 146,8142,4058,7545,3959,6099
3566: 5398,3197,3817,3867,1404,4263
3567: 2008,4913,4840,9178,9233,9185
3568: 5050,5220,3219,7999,3915,8074
3569: 3095,5295,7568,3741,4847,4829
3570: 5420,6897,7016,5128,3658,6719
3571: 4851,3204,8053,499,1730,8057
3572: 6213,1447,2539,1998,2577,3620
3573: 5317,4853,4718,3732,5861,5646
3574: 2644,448,6465,7739,4836,7941,8893
3575: 6552,7044,8581,8843,9183,4519,6275
3576: 1266,2505,5817,3105,7628,4823,3447
3577: 7121,9185,8765,5287,9233
3578: 6800,6727,8548,8661,8767,8891,9187
3579: 4825,7948,7680,4633,3685,7588
3580: 6530,5305,3422,7024,9434,6730
3581: 6732,3235,7487,4870,8565,3242
3582: 6735,7145,6613,8653,8780,2139,5457
3583: 4874,6739,8786,9170,9190,8790
3584: 6649,6741,7644,8789,8796,2334,6832,4676
3585: 5533,7211,9193,9465,9494,6707
3586: 4881,2014,1223,3981,5500,5387
3587: 6138,3758,1299,4562,6076,3183
3588: 1280,5103,7569,4629,398,5176
3589: 3363,1785,5811,7592,2467,4688
3590: 1986,4889,6748,4493,4834,1523
3591: 1224,1008,2642,1747,3341,2465
3592: 5985,7607,5990,3150,5897,1594
3593: 2352,458,5683,4253,3768,2661
3594: 1225,8852,9249,9199,9098,3468,8592
3595: 7467,6752,8662,6527,3414,8916
3596: 6754,3497,8614,9118,9201
3597: 5887,5885,5671,2314,5933,461
3598: 1227,5823,2402,6196,4377,2821
3599: 1485,5945,3248,5814,1990,6071
3600: 4246,5604,3903,4042,5667,3351
3601: 2296,5694,2667,4059,463,4959
3602: 3611,6758,7048,6438,5231,5244
3603: 2700,3813,4909,8067,3679,2151
3604: 5131,7751,5329,1810,7801,7791
3605: 6514,6760,9205
3606: 6763,4918,8827,8844,6603,9207,9096
3607: 5122,7322,6518,9209,7305,5247
3608: 8093,745,5119,7931,5289,7058
3609: 6620,7206,9516,9212,3989
3610: 761,3329,4597,7658,1762,2465
3611: 3602,6492,6770,5087,6758,5231
3612: 594,4978,9093,6773,6626,8838,6636
3613: 8846,6775,9257,9195,9217
3614: 1766,7550,5832,3301,1235,5865
3615: 468,2441,3770,2675,93,5763
3616: 4695,4938,5576,3957,2592,7961
3617: 6769,1790,5367,1997,7884,7261
3618: 5678,4945,6103,6001,6146,6131
3619: 7306,8858,9061,9223,5486
3620: 6063,2577,3572,1998,8058,328
3621: 2002,2509,4950,221,1236,2434
3622: 9226,9493,6784,8862,8547,8694
3623: 7707,8869,9232,5194,5629,9546,6973,9119
3624: 5253,3922,1999,5828,3820,4957
3625: 6659,4946,6791,5028,6664,2234
3626: 2663,1388,2156,5729,4363,2682
3627: 6669,6793,7230,4507,6525,8442,7337
3628: 5086,3512,5027,6795,6650,6672
3629: 4969,1489,7661,2447,5410,8049
3630: 6193,3333,506,2509,1804,1286
3631: 3715,6072,3199,7887,5908,478
3632: 2142,7777,7982,7651,8113,4627
3633: 3884,7843,1125,2004,5771,5337,4521
3634: 6800,8767,8845,9689,2601,8880,9240
3635: 6802,9037,9244,9149,1769,8962,8604
3636: 2007,6200,3872,354,3114,6212
3637: 5674,2450,80,5951,7579,5902
3638: 3539,2205,6208,2602,6516,6064,412
3639: 1486,714,4804,5582,7895,5559,6365,6708
3640: 6427,287,4712,6807,4721,5442
3641: 7588,7675,3451,4641,1945,4987
3642: 6374,6809,9575,7408,9246,9248
3643: 4115,2462,2130,575,2946,1256
3644: 5698,7632,2556,6012,6089,5718
3645: 2493,2011,5730,3977,503,1496
3646: 1952,3533,1701,7995,7920,5206
3647: 1341,1455,2830,2484,3924,4063
3648: 5679,5937,6141,2217,672,3368
3649: 2407,1174,3794,3207,1397,2606
3650: 1631,5889,7546,5001,8015,6814,8150
3651: 8126,6267,5004,51,5807,4516
3652: 8437,9255,9466,9081,6246,9100
3653: 2088,5706,3719,3811,5271,1497
3654: 6335,8918,9055,9262
3655: 1095,5960,7760,2525,3907,3423
3656: 5293,6745,7180,5012,3371,6822
3657: 5016,8793,9265,9324,7097,8925
3658: 1809,1312,5420,5128,3570,7538
3659: 2397,2610,8178,3803,5740,3298,3081
3660: 3206,2018,5094,8201,4168,544
3661: 2377,3682,5054,5569,5023,4022
3662: 5669,650,3352,32,3323,5226
3663: 6218,2361,2190,2019,8045,3935
3664: 3734,4785,3382,4511,5565,4634,5670
3665: 6659,7846,6791,2612,7979,8537
3666: 8041,5030,7837,4965,7810,7106,6623
3667: 2113,7583,4541,4671,5852,3877
3668: 7223,7958,7937,6834,6609,9272,8244
3669: 8173,2105,7629,3004,6207,1079,516
3670: 3536,5671,5299,3096,7624,4544
3671: 2025,5037,5092,7626,3987,2153
3672: 6041,6023,2487,1994,8168,3412
3673: 5040,8539,9276,9691,6717,4862,8758
3674: 6841,3171,9583,8863,9279
3675: 4071,8075,703,3908,6081,6217
3676: 266,3944,547,4930,6127,3705
3677: 5045,8981,5358,9282
3678: 4925,4748,3889,3707,1280,3511
3679: 5050,2151,7999,900,2700,3603
3680: 3403,9059,9286,4553,8488,8536
3681: 1281,113,4289,227,2116,6134
3682: 3661,1676,6317,5054,5569,4994
3683: 4983,7113,8613,8993,9289
3684: 7826,5143,5058,3389,2148,7531
3685: 3579,7948,4633,7582,1285,7521
3686: 7972,8114,4509,6624,5837,7873
3687: 3345,5068,5313,2623,4831
3688: 6855,7228,9295,7133,8971,9296
3689: 4554,6796,8007,5151,6922,4637
3690: 4040,431,5075,8922,9552,9577
3691: 1947,7604,5979,2500,538,4429
3692: 4643,4997,2508,5078,7746,8196,8214
3693: 4395,2038,2786,4393,1038,2386
3694: 7092,6407,6865,8701,8797,9300,6606
3695: 1095,5977,1042,7760,539,5991
3696: 4936,555,5523,8120,6835,4879
3697: 5142,6837,8946,9305,3747,7329,9612
3698: 4642,5677,4859,8090,2365,5472
3699: 6870,6273,8678,6637,2538,9310
3700: 2025,2040,5092,6001,5869,3495
3701: 5944,4415,6007,544,3206,3745
3702: 5675,2125,1296,3837,5096,7668
3703: 4046,6395,7501,5098,6874,6826
3704: 5100,4903,5653,8010,7904,910
3705: 2638,3370,2172,266,3676,4930
3706: 5998,6074,3109,6039,2143,5323
3707: 3678,5871,1280,3511,5399,5103
3708: 5219,7470,6880,7681,3098,7830
3709: 7812,5304,3427,7856,7927,7885
3710: 2517,4663,6996,8805,9007,9161,9318
3711: 7444,7869,1951,3787,6887,6778
3712: 2464,8235,7669,3368,1258,3097
3713: 6889,5111,6184,4615,929,2473
3714: 7878,8073,3256,5585,5474,3198
3715: 3631,6072,3551,7571,6000,3199
3716: 2165,3951,1306,2552,3446,3530
3717: 4043,2984,2318,558,2723,4187
3718: 2048,5657,2034,4064,8051,6215
3719: 4813,4930,2638,3811,1497,3653
3720: 4012,5118,314,6894,6975,7234,9323
3721: 1066,9327,6896,9026,6489,8868
3722: 8083,2639,6370,3969,8050,9065
3723: 2631,8006,6226,8094,239,4898
3724: 7849,7725,3519,5125,7813,5237
3725: 1647,4170,2640,4074,2395,966
3726: 5959,2054,6052,6100,5958,6026
3727: 6979,5011,8371,8950,9132,6901,8791,9333
3728: 5018,8103,292,8079,5402,2094
3729: 5729,473,5827,2052,3439,4363
3730: 5132,6904,5415,6699,6902,9285
3731: 5133,2642,3341,3369,2566,3405
3732: 7939,4718,3573,5646,5134,3280
3733: 3313,5880,5874,5136,571,6062
3734: 7606,929,3470,4785,3382,3664
3735: 8109,6189,7962,4316,2574,7988
3736: 5566,4953,5138,5022,2066,3762
3737: 7997,3784,5505,1179,5139,6621
3738: 4969,7863,6676,7411,5656,6909
3739: 2788,3832,2390,2634,1454,3921
3740: 2596,2059,6912,5141,6910,6575
3741: 3095,3569,5936,5146,6013,4847
3742: 8132,2510,776,2437,3767,2648
3743: 7767,415,5720,2656,1515,8111
3744: 7910,8101,5921,7815,6051,5988
3745: 3206,5094,3430,6142,2325,6007,3701
3746: 7616,8104,2649,5507,3749,5746
3747: 7329,6913,9043,9342,3697,5142
3748: 669,4133,6149,2061,4024,2238
3749: 5240,8104,5507,3746,1337,576
3750: 6201,7620,5678,6146,1108,1045
3751: 6565,7237,4614,8552,8595,9358,9345
3752: 5145,9597,9348,1351,7134,9048,8934
3753: 7453,4550,578,6926,5147,1195
3754: 2619,9350,6940,8560,8963,9066,1077,8760
3755: 6592,7037,9505,6930,6920,6665
3756: 4792,6922,6415,8397,4942,6933
3757: 2063,5682,5152,7529,1253,7578
3758: 2484,4562,3587,2830,6076,907
3759: 5153,1722,6054,5136,3313,5055
3760: 6677,3812,628,1213,7979,5020,8537
3761: 7904,910,7917,5234,6553,7955
3762: 3557,4531,5156,4953,3736,2066
3763: 6885,7770,2392,2285,6943,5229
3764: 7736,3826,4966,7817,9128,7040
3765: 4323,1682,6151,3894,6140,5352
3766: 5248,7140,3518,6946,928,6851
3767: 1056,3464,5726,2437,2648,3742
3768: 724,3284,2661,5992,2352,3593
3769: 8116,2070,2405,435,1178,2574
3770: 3615,2441,4063,5763,1341,47
3771: 7278,3264,5400,8954,9555,6688,9357
3772: 2071,3184,3367,83,1770,2559
3773: 6954,6568,4888,4547,7598,7167
3774: 6252,8273,8930,9099,9359,1403,9247
3775: 5933,4186,6220,1703,8081,2613
3776: 7075,1260,8870,9031,9085,9106,9362
3777: 7907,5217,5324,8030,7846,7782
3778: 4214,2636,6211,4215,2073,8128
3779: 7555,7583,6950,4541,5164,8060,5434
3780: 6012,6089,463,2604,7654,4226
3781: 7902,4965,7886,3550,8038,4596
3782: 4560,7013,4693,9113,9182,9366
3783: 5879,3917,1670,5176,5399,5103
3784: 7997,3737,5475,7808,8082,1179
3785: 7981,2309,6010,3251,8099,574
3786: 3849,7054,2670,5505,7737,5280
3787: 4845,3711,2076,7869,1951,5182
3788: 7984,249,8031,3843,650,8036
3789: 2219,6734,9531,8309,8778,9370,9514
3790: 1172,7888,4523,612,3840,5186
3791: 5911,7870,4962,4917,529,8140
3792: 3806,2675,93,6164,7767,415
3793: 7521,2079,4848,8087,7582,3257,1539
3794: 1353,889,1956,3207,3649,2606
3795: 7611,3070,5189,3837,7532,7543
3796: 6974,4536,9375,7446,9051,9121
3797: 5011,9406,8260,9132,9378,2140,5193
3798: 3225,5061,4677,7922,9123,8044
3799: 5059,6799,8888,8996,6472,8749,9383
3800: 7294,5199,8639,9385,9713,6602,2083
3801: 3123,5928,3920,5858,7574,5941
3802: 8476,9151,9388,2504,5338,7993,9153
3803: 694,1524,5740,3659,2610,1540,3081
3804: 8218,333,3448,7746,4753,8214
3805: 6307,4727,9156,9392,8897
3806: 3792,93,2588,6178,2086,415
3807: 5104,6994,7000,7132,9384,875,8913
3808: 2149,5668,2087,2349,3289,5211
3809: 5424,5511,5213,4833,5961,5171
3810: 4891,5215,8062,2684,8017,7918
3811: 2638,4069,6150,3719,5706,3653
3812: 1213,2512,3760,4563,2159,5020
3813: 1362,6276,2700,3603,5007,8067
3814: 5550,5221,8200,2685,1710,913
3815: 7001,7017,9397,5009,7839,6682
3816: 632,4018,2230,8196,2627,4997,5565
3817: 3566,3867,4263,4561,5225,8181,735
3818: 2839,899,1365,4123,365,2387
3819: 5576,7961,8233,5460,7973,3955,6943
3820: 5253,5828,3624,1068,7957,7608
3821: 6988,8476,8733,9401,2687,6394,8382
3822: 6742,7010,7350,7357,5386,4960,8530
3823: 2688,1988,993,1405,1732,2822
3824: 5274,7714,7849,7716,3519,6393
3825: 28,7039,6953,7013,4693,5239,9182,9176
3826: 5192,3764,9128,5390,3985,7316,7040
3827: 5312,9264,9424,7171,8342,9446,9404
3828: 5715,1131,3377,7610,7850,1058
3829: 1518,7712,2678,5995,5791,167
3830: 1808,1143,4466,2204,5246
3831: 6222,2182,7576,2641,5519
3832: 1376,2152,3739,3246,2390,3921
3833: 1391,4355,4389,1752,8176,4336
3834: 5070,9409,5296
3835: 3484,5252,9198,9412
3836: 5165,7729,7095,5036,7193,9097,9414
3837: 7611,3795,5096,7668,7532,3702
3838: 6058,1145,7994,2095,7970,8129
3839: 9433,5085,5232,5256,7655,6836
3840: 5186,5259,8122,8091,8068,3790,612
3841: 5743,649,2047,3449,7669,4636
3842: 9418,7034,8781,6475,8477,3093
3843: 5669,7565,650,5053,5265,8036,3788
3844: 6823,7222,5368,883,9420,6306,4726,8649
3845: 5270,3878,9422,9447,5326,7117,9464
3846: 5272,1675,7787,6843,4056,9234
3847: 5129,7912,7847,7725,651,4716
3848: 7328,7211,9465,5277,9425
3849: 3786,7054,7596,2670,5777,8220
3850: 8209,1461,1665,6230,2666,1734
3851: 1419,8069,5089,2697,7755,9326
3852: 5286,4700,8224,2515,5385,3279,828
3853: 4075,3471,6115,5988,6106,5925,8101
3854: 8093,4850,6493,7183,7300,9254
3855: 9350,9429,8355,9066,9239,273,5292
3856: 6202,8226,7804,7983,5673,697
3857: 3120,6003,6069,4669,5818,5891,8130
3858: 3287,3906,923,4047,2277,6096
3859: 5423,3902,2103,5373,5298,8222
3860: 3312,8020,5780,5634,5819,5801
3861: 2164,2423,3950,3966,4086,2706
3862: 5302,7140,9273,5038,7160,6946
3863: 2336,7221,5906,5426,168,5948
3864: 7067,9402,7142,5305,9434,7145,5457
3865: 2107,594,4978,6632,7069,6420
3866: 5524,2200,7635,2295,3524,3241
3867: 2686,3566,3817,1404,3871,5225
3868: 5819,2223,3073,661,5841,5216
3869: 702,2277,3246,2108,2390,4047
3870: 9287,8458,9044,9439,4525,5312,7171
3871: 5315,6006,5909,5225,2686,3867
3872: 2713,354,6106,3636,6212,7694
3873: 5319,4820,7007,9442,8462,9271,9294
3874: 6027,4558,2444,784,643,2431
3875: 6301,5588,9508,4487,9441,8264,9444
3876: 5401,2717,1986,5562,4889,6113
3877: 5852,2377,5573,3667,2113,5812
3878: 3845,5270,8346,9447,7172,5326,5643
3879: 6168,3906,4047,702,275,2114
3880: 7365,5328,3231,2373,4832,8065
3881: 2396,4802,60,3127,6890,2115
3882: 528,7619,5999,1064,834,4147
3883: 1413,3331,7184,9450,9012,5334,8436,6444
3884: 4471,7535,2258,1125,2004,3633,4521
3885: 3931,1459,7683,1957,5712,3210
3886: 7981,6082,7566,6010,896,1418,3215
3887: 7923,7506,4654,5341,7093,4607
3888: 4565,4610,8106,5284,7096,2702
3889: 4748,5047,3678,3511,5348,2120
3890: 2523,6109,5709,3535,6094,2705
3891: 5089,7098,9326,7201,6840,4796
3892: 3090,379,1423,3315,2677,4102
3893: 3343,2710,7706,6133,2253,7662
3894: 204,6140,2276,5352,3765,4232
3895: 5950,3515,7622,2125,6005,1296
3896: 8406,9190,9457,3310
3897: 5357,9541,9196,9352,9459,8742,9013
3898: 1092,2128,5757,4016,5926,5445
3899: 9498,7216,5362,9462,6355,8353
3900: 6443,7117,9083,9464,9562
3901: 7272,5115,8107,5624,7091,243,6703
3902: 1585,4890,3859,5260,2103,5373
3903: 3600,4042,5667,2133,5453,5377
3904: 6212,621,5858,3139,6033,3114
3905: 123,2562,2843,476,2135,1439
3906: 6168,3287,3858,4177,3879,447,4047
3907: 3423,3328,3353,7796,5960,3655
3908: 4062,2446,5783,4071,3675,6081
3909: 5384,9341,9469,8370,8684
3910: 9376,7398,7127,6458,6855,7228
3911: 7901,4532,7820,3103,5314,8008
3912: 6135,2492,1747,1998,328,3340
3913: 4974,7777,8113,3216,7927,4599
3914: 5395,7131,6373,6712,4546,8752
3915: 5050,3568,5220,3219,5397,5850
3916: 5913,7858,3494,7903,7879
3917: 2145,3783,5465,740,1670,5399
3918: 5401,4779,4889,1157,4493,4499
3919: 1569,3177,3144,703,2146,8141
3920: 3123,3801,1438,5822,5858,3139
3921: 8160,4311,1454,3832,2152,3739
3922: 5253,5314,3389,7531,1999,3624
3923: 8085,5190,2245,7544,7581
3924: 3407,2720,2484,3483,3647,1455
3925: 5531,3997,1571,6175,7987,7971
3926: 4951,3993,6223,715,1637,2717,6113
3927: 7268,7138,9476,8648,8988,9364,1505
3928: 6993,6482,5415,7339,7270,4982
3929: 9480,9371,4689,8618
3930: 5659,3994,6455,5015,6008
3931: 3,6046,5957,1459,3885,7683
3932: 3208,6671,4808,8340,8715,9197,9483
3933: 5536,4681,4020,8401,7852,9042
3934: 5436,3236,7649,1686,2327,7595
3935: 2019,8045,8086,3663,3385,4029
3936: 7674,1108,2593,8191,5729,473
3937: 1463,8231,5299,6228,3096,4008
3938: 6061,5947,2157,5877,6025,3070
3939: 3465,2516,5992,2146,7672,7623
3940: 6244,7285,5316,9426,8265,9267,173,5446
3941: 7559,1271,5916,995,7943,1958
3942: 458,5689,1467,1568,2661,939
3943: 5466,3194,5485,2364,5444,6997
3944: 3676,1539,547,4628,4848,6127
3945: 1647,6020,1491,1470,3946,5448
3946: 3945,1470,8180,5448,2161,5488
3947: 3948,1472,4282,1448,6104,1969
3948: 1472,4282,558,142,2163,3947
3949: 4026,3270,2711,3496,174,8155
3950: 4206,2164,3861,1615,3182,7924,2706
3951: 2409,2165,8170,1473,1306,3716
3952: 6714,7289,5502,7163,4988,5452,9398
3953: 9497,7215,5361,8815,9315,9495,7165
3954: 5458,7537,6866,224,7168,8251
3955: 7770,6943,5026,7842,8233,7973,3819
3956: 6497,7174,4720,3499,2251,303
3957: 4695,2592,3616,7877,4939,402
3958: 4528,6736,6231,7176,5431,3387
3959: 3565,8142,2295,3524,7545,5987
3960: 2767,880,4199,2176,1984,1481
3961: 5473,5580,8054,746,5798,3192
3962: 5177,2669,5021,6493,7162,7300
3963: 5126,5477,6657,9500,8698
3964: 6150,4077,2172,5681,5685,638
3965: 5945,3145,2367,4651,751,6205
3966: 3304,1122,4086,2174,2706,3861
3967: 4651,6581,5481,751,6098,7677,8119,8234
3968: 2175,5962,712,136,982,2351
3969: 3722,8083,8050,4984,6365,6708
3970: 7401,4472,2237,5130,3233,8002
3971: 7307,1324,7511,7192,9507
3972: 2522,6063,8058,6122,3441
3973: 5513,5491,4481,4948,25,7807
3974: 5952,2278,4036,6095,5894,5938
3975: 1605,5774,6179,7913,5737,6032,6002
3976: 2681,2181,7310,7194,9510
3977: 3645,6015,5135,5730,7639,1496
3978: 5496,8158,7576,3153,5405,1595
3979: 4261,2297,8184,7639,5722,6015,2496
3980: 5877,5912,8136,2424,1965,5692
3981: 3444,7587,5500,1113,5387,3586
3982: 3293,767,1394,2317,2673,2493
3983: 7986,5335,36,4001,5503,8043
3984: 1594,8064,4019,1987,2190,5990
3985: 7958,7937,5033,5390,3826,7316,9604
3986: 2191,7827,5527,7698,7855,5266
3987: 7626,5511,8192,7549,2153,3671
3988: 5829,3178,5687,426,5529,7963
3989: 7206,3609,9516,9488,5514,9014,9449
3990: 2326,1587,768,7558,1598,4249
3991: 2413,6427,7208,287,6574,2169
3992: 9519,3272,6398,5236,8705,8748,9173
3993: 7643,8110,6223,2717,2229,3926
3994: 5659,3930,5526,7542,3495,6008
3995: 3159,1993,6280,7214,6726,5416
3996: 3347,6061,769,5657,2092
3997: 2204,5531,3925,1571,5547,5053
3998: 2193,5888,640,6704,5953,7540
3999: 293,3320,5645,1522,6154,7871
4000: 7231,7942,3302,8217,7217,5633,9090
4001: 7986,3983,8043,4970,7933,5539
4002: 4747,6722,8341,9525,7219,9622
4003: 5895,6050,5954,4024,2061,8100
4004: 1132,2531,2044,6116,2583,4349
4005: 6748,2336,7221,4951,1986,6113
4006: 7738,5556,2222,7859,4912,7227
4007: 5607,3267,4724,7375,7337,7230
4008: 3937,1463,8231,7708,5546,6149
4009: 2218,1953,1462,2440,1422,5709
4010: 2654,9387,9619,5438,4924,9531,8309
4011: 5917,2220,4480,7974,4682,6016
4012: 5118,3720,7234,9323,9533,6882,8502
4013: 1606,5615,5433,4921,7351,7757
4014: 8131,5930,7603,2710,7602,146
4015: 5558,815,5880,5639,5825,4616
4016: 2225,5862,5926,2212,5757,3898
4017: 5401,4779,572,5562,5022,1692
4018: 3816,2230,5665,3410,4511,5565
4019: 8064,2232,3984,8075,1987,6123
4020: 5568,5536,5473,3933,8401,4931
4021: 7238,6607,9532,8243,6597,407,9550
4022: 3661,2377,5023,5573,4504,3222
4023: 8232,5575,185,2635,8200,5221
4024: 4003,6050,2061,3748,5202,2238
4025: 7534,5577,4475,2366,7519,2239
4026: 3270,75,4193,3496,2241,3949
4027: 4100,192,4201,1166,1983,5769
4028: 5443,8165,5582,2245,4600,5102
4029: 8045,3935,3385,6173,7671,6069,8186
4030: 4533,4793,7242,2249,6500,7415
4031: 7244,9506,3290,8855,6424,5586,9543
4032: 9660,8881,9545,9633,7245
4033: 6923,6757,2254,7247,675,5060
4034: 5422,4943,5483,8062,5592,2255
4035: 7249,425,6270,8288,9548,8599
4036: 3974,6095,3560,8182,5938,6020
4037: 5695,1174,2292,1158,3121,4205
4038: 7548,4819,7726,569,5513,5597
4039: 5983,5866,5599,3094,3165,5973
4040: 3690,7252,431,9542,4995,9552,9637
4041: 4720,8001,9554,6436,7372
4042: 2482,4246,3600,3903,5377,2268
4043: 2042,2269,2984,3717,4282,558
4044: 2271,8338,8631,8801,8836,9557,835,5606
4045: 6408,5607,7375,1955,3288,7793
4046: 3703,2041,7501,2275,4529,6826
4047: 6168,3906,3858,3879,702,3869,2277
4048: 2078,5952,3542,3106,5842,1187
4049: 5223,3507,6641,2280,4534,9560
4050: 7769,5614,5658,8691,6913,9043
4051: 2168,5616,6631,4973,7259,7449
4052: 6443,4815,7260,4836,9562,9641,6334
4053: 5406,5620,2287,7872,7888,7844
4054: 7482,5622,4551,8482,8533,9540,2289,9565
4055: 13,889,3207,571,2292,6062
4056: 5272,7787,3846,5624,6824,7386
4057: 6430,6388,3156,9669,9568,8960
4058: 3565,7545,1969,6099,1982,4221
4059: 3092,413,4959,5694,3601,6035
4060: 6350,5515,2299,2082,7266,3378
4061: 2300,5994,2445,3353,2455,7796
4062: 2523,519,5783,6126,3908,4071
4063: 3770,5763,2605,2830,1341,3647
4064: 2463,8051,8179,6215,3718
4065: 5679,1133,5862,6092,4231,2137
4066: 2353,5680,4452,1783,968,4251
4067: 5764,607,2399,4321,5765,3456
4068: 4076,315,8059,3561,4183,6214
4069: 965,6150,4077,3811,1367,5706
4070: 1441,1283,1037,1468,3061,6153
4071: 8075,3675,6123,4062,519,3908
4072: 1121,5750,2561,4298,5748,1346
4073: 5922,2089,5873,1646,8138,5883
4074: 1647,3725,4170,1470,2282,4211
4075: 3853,354,5988,6106,2614,2526
4076: 2163,8059,2723,4068,2350,4183
4077: 965,3964,4069,6150,5681,2195
4078: 2688,4256,1988,6182,7919,1483
4079: 514,1468,3061,2955,139,5174
4080: 2067,5959,6052,4095,4083,3334
4081: 109,4409,1842,1800,30,2818
4082: 265,1673,2926,1048,3209,2831
4083: 3334,4232,2264,4080,2067,6140
4084: 7,5758,1427,4442,4185,1950
4085: 1556,5901,552,2121,2769,4347
4086: 967,3966,3304,5714,2423,3861
4087: 2529,1073,2859,0,1024,4107
4088: 2036,1123,4359,5752,2580,4098
4089: 1533,1331,2855,2950,352,866
4090: 300,2872,4401,2848,387,1156
4091: 894,1778,4281,423,275,5721
4092: 711,244,1771,4353,2952,5844,2884
4093: 2273,5702,2489,2426,818,1410
4094: 8154,7910,8101,896,7566,5925
4095: 2344,5759,4080,2067,6052,3392
4096: 1880,9,1910,553,2851,809
4097: 6009,7987,4162,2388,6019,7627
4098: 2580,6174,393,5752,4088,1123
4099: 4296,1755,228,2313,6195,2122
4100: 4027,607,2399,192,4201,1626
4101: 4360,1051,679,1494,2869,1368
4102: 2557,941,2796,379,3892,2677
4103: 4127,1482,755,434,1714,2969
4104: 840,1349,568,842,1241,6004
4105: 2948,1634,734,4135,808,1996
4106: 4416,2607,2588,2226,1553,2086
4107: 1041,1024,1889,8166,4087,0
4108: 1136,5846,3065,8205,1243,1112
4109: 1083,1209,2006,2112,428,2877
4110: 833,2873,2847,1111,922,4347
4111: 1209,2006,1651,2401,2358,2890
4112: 689,5352,3046,271,6151,7717
4113: 749,1611,2757,433,2919,4412
4114: 1759,481,1551,2356,316,144
4115: 2889,599,3643,2462,1311,1256
4116: 1226,589,5809,2790,6192,4294
4117: 2891,515,850,103,2712,2099
4118: 688,4420,5949,1918,108,5881,1054
4119: 4419,1361,1104,253,2147,6093
4120: 4197,2699,1804,1286,963,5863
4121: 758,147,349,570,1317,1204
4122: 2274,523,802,981,1358,210
4123: 2839,1365,1430,3818,4325,7612
4124: 1375,4140,642,1685,4131,2918
4125: 4439,1387,1160,885,2893,2881
4126: 3475,2606,2930,4139,4300,1397
4127: 755,1576,1714,4103,758,1718
4128: 2985,8063,1601,4176,6216,2927
4129: 2495,4421,2932,1712,57,1274
4130: 1802,1860,1012,4424,1740,1926
4131: 1375,2779,879,642,4124
4132: 137,289,2944,1325,1126,2996
4133: 669,3748,2215,419,2238,3548
4134: 4161,1384,4448,5833,46,1590
4135: 2721,3008,2948,4105,808
4136: 1452,5755,2679,2718,528,5999
4137: 1297,4290,2488,2410,756,1288
4138: 2442,4198,700,4209,1559,2253
4139: 4300,1397,2679,4264,2407,4126
4140: 1685,4124,4248,205,1824,2918
4141: 521,1908,1841,1863,280,1851
4142: 2068,2773,82,5824,691,4279
4143: 406,1460,2950,470,475,1533,930
4144: 2482,4246,3433,86,7580,5814,6071
4145: 1510,2708,382,5690,4301,2031
4146: 855,5961,6017,2026,8164,4440
4147: 1405,3322,7619,3882,220,1064
4148: 2707,2824,2901,2968,540,2138
4149: 50,4156,1206,1389,3001,3000,1652
4150: 4427,371,177,686,6029,2911
4151: 1793,1000,725,2243,1711,6180
4152: 1226,589,2817,195,4171,898
4153: 6114,2028,6169,2521,7780,339
4154: 5975,3039,5750,2561,1469,5797
4155: 2995,411,316,1476,144,648
4156: 485,294,4149,2914,50,1206
4157: 439,1721,780,1938,2990,6108
4158: 2432,6224,5890,2231,6112,1149
4159: 2768,713,313,1934,5935,1198
4160: 730,622,1739,1208,2356,1396
4161: 4134,1384,2657,5833,4361,26
4162: 5383,5968,2388,990,7627,4097
4163: 7663,7727,6070,3106,1187,2395
4164: 1617,2974,2763,1664,863,1660
4165: 4195,1017,2085,4167,2524,1783
4166: 161,682,3019,496,1789,4432
4167: 4165,4195,1017,4169,3408,297
4168: 5686,3660,7702,4174,2018,8201,2162
4169: 3408,4167,297,4210,1422,2440
4170: 3725,4074,966,8211,4211,4228
4171: 898,1635,195,1081,731,4152
4172: 2768,1854,246,313,317,2759
4173: 1756,633,3013,2977,1049,4437
4174: 5686,4168,4209,6157,2162,1559
4175: 6088,7547,5923,8138,2321,5883
4176: 1835,6216,2753,8063,4128,1088
4177: 6168,3287,966,3906,7727,447,8211
4178: 2719,4311,1454,2288,4445,5696
4179: 8160,4436,3117,7573,6031,2152
4180: 2282,5996,2611,4229,4211,141
4181: 6030,1295,8181,3197,4263,7641,7735
4182: 2010,4195,2085,4307,582,4251
4183: 3561,2350,4219,728,4076,4068
4184: 4422,172,4448,5833,4203,5907
4185: 924,3364,1950,6167,7,4084
4186: 5922,3775,1703,5873,6083,8081
4187: 308,2350,3717,4236,2318,2723
4188: 411,659,2964,701,6191,87
4189: 1845,1837,1818,1846,1246,3038
4190: 2802,1572,1775,484,1428,1767
4191: 4255,4301,1354,1427,3083,382
4192: 1447,2715,904,2539,3405,5133
4193: 4026,3270,2217,672,2241,8117
4194: 501,2738,181,59,1751,3029
4195: 2010,4165,2085,4167,4182,297
4196: 858,2541,4275,2143,2570,862
4197: 4120,2699,2260,5863,4417,1361
4198: 7662,1434,2442,4138,4310,2253
4199: 2767,3960,665,5901,552,2176
4200: 2732,584,6101,8206,4446,6132
4201: 4027,607,4247,4100,1983,4241
4202: 44,3028,1416,1552,4447,936
4203: 4184,4448,884,7704,5907,7589
4204: 392,545,7732,2021,1636,4450
4205: 5695,2407,1174,4037,5725,4264
4206: 3090,784,2164,6171,3950,7924
4207: 4338,7732,4450,1477,2576,1177
4208: 5791,7674,8191,2156,2194,4357
4209: 4280,6157,4174,1559,4138,700
4210: 4169,3271,297,1422,4451,8162
4211: 4180,2282,2611,4170,4074,8211,4228
4212: 1839,429,726,3033,839,1633
4213: 4454,893,1103,6155,24,7689
4214: 3778,2636,2438,6211,6186,2537
4215: 3778,325,2636,6176,8128,1323
4216: 954,3064,1232,1870,1436,504
4217: 1485,2537,1733,1237,1990,6186
4218: 6137,4383,918,2625,1797,767
4219: 2458,308,2350,1954,4183,728
4220: 7704,2597,4226,4240,6089,6090
4221: 1982,1480,4225,1448,4058,1969
4222: 1928,190,495,1925,2776,443
4223: 1080,2412,2109,2581,4316,7988
4224: 1429,2995,659,2750,1302,331
4225: 2042,4460,1448,2716,1480,4221
4226: 7654,4220,2597,2565,6089,3780
4227: 514,65,3061,4459,296,6153
4228: 894,5721,4170,447,8211,2611,4211
4229: 4180,5996,507,141,5666,5733
4230: 2422,4423,768,6139,4352,7705
4231: 3270,2217,2137,174,5679,4065
4232: 4083,4277,2264,204,3894,6140
4233: 4626,4288,5741,7559,2483,995
4234: 4892,3112,49,3177,3144,7756
4235: 1048,2371,3209,6045,4465,8189
4236: 1186,2318,1514,308,4187,11
4237: 1716,5117,5691,3330,3398,4308
4238: 1436,3047,1799,1009,504,823
4239: 6081,2359,2310,4283,1047,2446
4240: 7632,6089,6090,860,4220
4241: 1000,756,2439,1983,4247,4201
4242: 5834,265,422,4280,6157,2370
4243: 166,1981,2701,4303,5681,2195
4244: 186,3014,1610,2902,4404,3060
4245: 4371,3523,4257,2116,2012,2341
4246: 2482,3433,3600,5604,4144,4042
4247: 5764,607,4201,756,4241,1288
4248: 2751,704,205,1444,1824,4140
4249: 2175,7705,8199,1587,768,3990
4250: 384,616,2134,3530,2711,3496
4251: 4307,968,4066,1783,2085,4182
4252: 2248,1626,22,2794,2489,818
4253: 2352,1509,5683,3593,4892,7756
4254: 2311,641,6143,2778,1029,1391
4255: 5827,2052,1950,4191,1354,1427
4256: 1988,6182,4078,3322,1132,559
4257: 3210,2116,6134,4245,2341,6073
4258: 2183,2003,6090,860,884,46
4259: 2630,151,3249,6037,5768,2070
4260: 1344,1689,114,3048,2735,1848
4261: 3979,5994,2445,2297,4309,8184,2496
4262: 1326,4272,202,6164,4334,4285
4263: 3566,3197,3817,6030,4181,8181
4264: 4139,1452,2679,214,2407,4205,5725
4265: 6162,125,2858,369,2863,1383
4266: 808,2871,1996,676,5710,5747
4267: 1192,3066,4360,1381,679,4456
4268: 8173,1058,7610,1981,2701,1079
4269: 5703,5975,3039,2854,4442,2291
4270: 1890,948,107,1895,585,969
4271: 5712,5962,2024,982,3543,8199
4272: 1326,182,4262,1737,2448,4334
4273: 7692,2691,1407,7814,5083,5963,7665
4274: 5732,310,2308,1663,4324,112
4275: 858,4312,4196,5688,2143,5323
4276: 5743,2047,2241,6163,8117,5724
4277: 4232,7690,5726,2264,204,836
4278: 2463,1543,2663,1746,5736,1388
4279: 766,1221,4375,691,2068,4142
4280: 1153,4209,4242,422,6157,700
4281: 2173,1778,423,5728,4091,4381
4282: 3948,558,3947,2042,4043,1448
4283: 2310,4291,786,1047,4239,4302
4284: 2197,5980,1227,2402,8179,6215
4285: 1461,5816,1734,4262,202,4334
4286: 423,2513,5721,2611,1411,141
4287: 3404,200,2659,2256,1069,5738
4288: 4313,4233,4297,4626,3303,5741
4289: 5288,113,3681,3091,227,6143
4290: 7991,2438,4137,1297,2410,5691
4291: 2310,6148,4283,786,4341,4358
4292: 2414,2558,2805,4384,1290,1474
4293: 2192,3400,2345,1385,957,5742
4294: 589,4116,6192,309,2892,1190
4295: 221,2300,1736,2445,4309,1236
4296: 2183,2477,4099,228,2313,1590
4297: 4313,4626,4288,6087,8055,1284,1322
4298: 2963,1346,2561,4072,2858,2863
4299: 4417,6188,1163,2905,2564,5863
4300: 4139,2679,528,7619,4126,2930
4301: 2031,4304,1354,4191,382,4145
4302: 2123,4283,786,1047,1086,4382
4303: 166,2701,4243,1638,5749,8190,6207
4304: 874,2624,4301,2587,2031,1354
4305: 2777,213,1805,2696,1773,2797
4306: 766,158,2068,298,1745,2185
4307: 582,968,3052,1946,4251,4182
4308: 3330,7991,4237,5691,1733,1237
4309: 4261,1736,2445,2297,4295,4338
4310: 1982,1480,1434,2442,4198,5766
4311: 2719,8160,1454,4178,421,3921
4312: 858,2674,5688,4275,2582,1350
4313: 1976,4297,3303,4288,7670,6087
4314: 2477,8183,2003,7647,1307,860,3306
4315: 2956,851,226,2887,5932,2967
4316: 3735,2574,7988,4223,1080,1178
4317: 2141,1567,1586,393,1093,6174
4318: 2326,6033,6036,3114,2007,6166
4319: 6142,2247,4433,5700,2266,1541
4320: 8183,1755,228,4339,2281,5755
4321: 4067,2399,2248,5765,4329,4396
4322: 2777,2197,5980,1805,507,5666
4323: 1659,4372,2301,1682,2451,3765,6151
4324: 310,2951,4274,112,201,2303
4325: 1430,2511,4123,7612,325,2488,6176
4326: 2647,1364,1481,2788,2634,880
4327: 2442,2543,5766,700,201,1153
4328: 4370,3068,469,3025,906,1120
4329: 22,6177,1099,4396,2248,4321
4330: 3054,1126,1386,5760,801,2996
4331: 140,71,3057,2841,630,1526
4332: 2324,2276,1650,2415,1231,689
4333: 2126,1166,5756,1976,5769,2403
4334: 1737,1696,4272,4262,4285,5816
4335: 445,2970,1786,1774,8066,1025,474
4336: 4355,4389,2186,3833,1374,2781
4337: 3059,1424,813,2845,2804,1097
4338: 1736,4207,2297,4309,1477,2576
4339: 4320,1755,5755,2718,118,4385
4340: 3243,4377,1003,921,2821,813
4341: 4291,2801,786,2986,517,4358
4342: 29,256,7697,635,212,1906
4343: 2199,4346,646,115,5751,1395
4344: 1062,2945,5770,1373,2814,5808
4345: 2338,2553,5756,4373,7670,854
4346: 646,2020,2443,4343,2119,115
4347: 922,2769,4399,4085,2121,4110,2873
4348: 6097,6156,1963,1761,7802,5836
4349: 2583,1132,4004,6182,5776,394
4350: 31,5788,952,1049,520,4437
4351: 2088,1367,5786,2497,196,5706
4352: 2311,6139,3091,4230,2422,7733
4353: 4092,244,5781,2549,2714,2884
4354: 1659,4365,5790,2345,764,143
4355: 2472,2547,8176,2186,3833,4336
4356: 817,5785,384,6210,616,1966
4357: 1543,167,1388,5791,2156,4208
4358: 1199,517,258,2335,6148,4291,4341
4359: 4088,2036,2806,7625,1123,2769,4399
4360: 2856,1192,679,4101,1494,4267
4361: 2999,1219,26,8024,4161,1384
4362: 906,1120,1450,1161,410,3055
4363: 3729,5729,2052,3626,2682,2624
4364: 1507,546,7620,7557,7642,6040
4365: 1659,4372,4354,2826,143,4413
4366: 2867,78,837,5745,4382,2123
4367: 1080,5796,1178,2302,1504,435
4368: 2502,1182,2540,824,4369,2387
4369: 2284,1182,2578,2540,1328,4368
4370: 1142,4328,3068,469,5792,927
4371: 2212,1566,2012,4245,2341,6092
4372: 1659,4323,4365,271,6151,4413
4373: 918,2625,2338,4345,854,6181
4374: 2458,5693,11,5661,2568,4392
4375: 4279,1221,4421,691,2932,2828
4376: 5735,6036,1598,2312,1665,4423
4377: 921,2821,4340,6196,3598,1750
4378: 1737,3003,2936,2227,3055,2448,1450
4379: 790,2764,4391,2637,442,1098
4380: 1064,1519,2822,834,2791,2874
4381: 2173,1778,4281,2141,1586,1084
4382: 1086,5745,296,4366,2123,4302
4383: 1490,4218,2625,1788,767,1394
4384: 2694,1794,4292,2414,2558,6197
4385: 2572,389,4339,2718,118,5835
4386: 2228,2656,1515,1792,2037,5784
4387: 1205,7900,2671,1053,3561,728,5800
4388: 1190,2290,4457,1650,3046
4389: 1391,3833,4336,668,1374,2778
4390: 18,2790,6190,1034,2800,2270
4391: 3021,1704,1303,2637,790,4379
4392: 985,2065,1961,2568,5693,4374
4393: 1038,1691,1695,3693,748,2386
4394: 5806,5804,1267,2890,652,534
4395: 2411,2057,2038,3693,1038,1961
4396: 4329,1099,3067,2846,8210,4321,5765
4397: 6136,5796,2412,763,5227,274
4398: 1938,238,596,400,8212,374,1549
4399: 922,2806,2769,4359,4347
4400: 3037,400,1414,5813,1242,596
4401: 885,4090,2872,1529,387,2893
4402: 2862,1724,2603,2695,1410,888
4403: 873,1926,1865,553,809,4424
4404: 186,2952,3014,2852,5844,4244
4405: 1115,652,534,2112,2166,2811
4406: 2948,567,1212,734,1054,688
4407: 2204,1967,1571,6175,940,1808
4408: 77,2847,1111,2885,645,2868
4409: 4081,1842,897,1420,30,5860
4410: 840,568,1155,950,5868,8221
4411: 312,1039,707,2529,261,0
4412: 749,4113,1697,1193,2919,2994
4413: 2826,3065,1243,4365,4372,271
4414: 713,951,1201,8166,206
4415: 5944,740,4604,1670,3701,544
4416: 1792,662,2607,2588,4106,8111
4417: 4419,1361,1163,4299,4197,5863
4418: 827,1930,344,3034,4461,1915,8208
4419: 4417,1361,1104,633,1163,4119
4420: 688,1098,2131,1656,4118,1918
4421: 1221,2051,4129,4375,2495,2932
4422: 172,4184,2657,5833,1563,1556
4423: 1665,4230,2422,768,4376,1598
4424: 1012,4130,72,1865,1926,4403
4425: 2724,2252,748,7640,1695,2378
4426: 1905,312,1934,3009,707,1198
4427: 4150,2865,6029,5972,5964,2911
4428: 827,591,2841,1921,2966,131
4429: 2547,8176,2500,5979,6057,3691
4430: 1905,3009,1214,2878,2910,2940
4431: 1417,439,1721,1834,233,1819
4432: 496,1789,5984,436,1036,4166
4433: 2247,4319,7613,5986,6021,1541
4434: 6111,4454,1103,840,1155,6004
4435: 263,698,1408,1044,536,4447
4436: 8160,4179,421,1540,694,6031
4437: 3030,1049,4350,520,4173,2977
4438: 545,6119,2021,253,6056,6093
4439: 4125,338,816,1387,1160,6055
4440: 5997,6017,2026,4146,1507,8147
4441: 5713,941,1775,2796,2802,1794
4442: 7,5703,4269,5758,3039,4084
4443: 99,7029,942,5878,8216,8134
4444: 2732,17,2808,1105,6101,592
4445: 2767,2209,665,5696,4178,2288
4446: 264,532,6132,1915,584,4200
4447: 4202,536,1416,1552,4435,698
4448: 4134,4184,884,5833,46,4203
4449: 392,527,2263,681,6097,7802
4450: 1636,1977,1477,7732,4204,4207
4451: 2705,277,1091,8162,4210,1422,5709
4452: 5662,1783,5974,4066,1143,5680
4453: 6172,893,6155,8223,6219,5813,2922
4454: 1103,4213,4434,1155,1315,24
4455: 2809,2840,2799,279,846,2875
4456: 1192,3066,4267,5732,1663,82
4457: 1528,7561,7717,4388,2290,5744,3046
4458: 2730,134,6132,794,2732,1239
4459: 514,2953,4227,5745,296,2053
4460: 4225,6125,2716,1480,2543,5766
4461: 4418,827,1930,1915,521,2966,7715
4462: 1928,992,3051,7686,177,686
4463: 779,6144,577,370,1883,1565
4464: 4950,963,1977,1477,221,1736
4465: 2783,1048,5716,4235,6045,6160
4466: 1808,1143,3830,2210,2832,5680
4467: 7293,9386,8971,9346,6406,8395
4468: 4763,5667,3095,5295,2133,6457
4469: 3379,4612,5520,3222,5429,8072
4470: 4587,7934,7909,4489,8046,8084
4471: 7535,3884,1125,7637,2184,8185
4472: 7401,3970,2237,4621,185,8089
4473: 8259,9617,8399,6237,7395,8240,8561
4474: 7773,3411,4835,6501,6412,7816
4475: 3196,4025,7534,5470,7519,8145
4476: 6461,7405,3357,8403,9021
4477: 7923,322,5307,3100,20,5346
4478: 6711,9111,6296,6908,7407,6464
4479: 6086,1779,2516,7672,7544,8187,6221
4480: 2220,7551,4682,3478,4011,8149
4481: 5513,3973,7807,7548,5311,2179
4482: 7410,7525,1138,8408,2380,3225
4483: 7412,4630,8564,6467,9086,8410
4484: 7779,8413,7413,7723,7343
4485: 6500,4986,3360,1254,7415,4605
4486: 197,4632,7498,8568,7416,6854,6288
4487: 7166,8415,8647,9441,3875,9508
4488: 6932,9071,7418,7175,8418,6980
4489: 7934,7829,1760,8046,4470,4929
4490: 7536,7794,7533,7714,3519,5125
4491: 4505,7428,7264,9567,2265,8421
4492: 7002,6588,9662,2518,8423,8473,8882
4493: 36,1157,4834,3590,3918,4889
4494: 7748,7778,6991,3099,4656,6610
4495: 5432,7893,9582,5435,6293,7282
4496: 3554,8426,8438,9167,8729,5594,7421
4497: 38,8246,9710,8428,9664,3119,8804
4498: 2466,9665,8431,5293,6478,6822,9087
4499: 1157,3116,1451,4779,3918,5497
4500: 7424,8433,8481,8773,8937
4501: 7273,7128,7425,6577,2062,6523,8238
4502: 9667,4781,8435,8282,8387,7426,6402
4503: 9668,8437,6246,7427
4504: 1268,5520,4619,3222,4022,5573
4505: 7264,4491,9567,5626,7419,7387,2265
4506: 6878,5116,6485,8490,9177,9695,4846,5109
4507: 6669,7430,3627,8442,7761,5564
4508: 6768,1162,7371,8444,8809,8831,9228
4509: 7972,2102,3686,6624,8899,5066,6199
4510: 7722,8001,6279,2533,3499,6629
4511: 3410,3382,3664,5565,4634,4018
4512: 4896,2586,6573,7721,7720,5603
4513: 8448,8750,9147,9153,5201,9388
4514: 3417,1169,7524,8047,7562,4580
4515: 5621,1700,8105,3286,2383,5377,2268
4516: 7631,1658,3651,2013,5004,51
4517: 3507,7433,7001,6641,7381,8942,1363
4518: 3457,341,6579,7434,7217,1094
4519: 4666,6275,3575,7044,9183,6317,7435
4520: 6700,3553,8741,6416,9673,8453
4521: 5337,5163,7652,3884,1125,3633
4522: 2272,4794,8003,7437,3536,7809
4523: 3790,1172,5186,4830,7929,4713
4524: 4756,6537,2396,60,7522,7552
4525: 5312,7438,8538,9264,3870,8458,8498,4602
4526: 6948,4766,8688,9675,7262,7011
4527: 126,63,6838,8949,9676,4849,8461
4528: 7441,745,3958,6736,3387
4529: 3437,2275,5381,4046,7902,8928,6826
4530: 9677,5218,9180,7015,7312,8464,9186
4531: 5156,3762,1176,663,8108,4953
4532: 7901,706,7527,3911,6709,8008
4533: 2478,6260,4793,4030,7443,6500
4534: 2280,8696,8247,7444,6468,4049
4535: 1151,7778,6991,7445,5025,8467
4536: 3796,7446,8386,8469,9121
4537: 4565,3074,4777,5139,8037,8106
4538: 4992,7794,2050,8076,5125,7813
4539: 4722,7447,7151,6782,8345,9410
4540: 7638,5251,7784,3393,6618,7448
4541: 3667,7583,3779,4671,8060,8022
4542: 5157,6682,5498,2285,7449,6929
4543: 5348,5501,7976,2120,6640,8118
4544: 4904,7624,7018,8003,3536,3670
4545: 5167,4961,7450,5375,8475,8710,9679
4546: 5395,3914,8177,8752,8071,8478
4547: 2550,3188,6297,7598,6568,3773
4548: 1172,2287,7926,3160,7929,7875
4549: 2480,7452,6332,8579,6560,3431
4550: 7453,6435,3753,1195,6691,4808
4551: 7454,4054,8482,8839,8876,9540,4915
4552: 6986,8485,9141,9682,8320,7455
4553: 9313,9492,8488,8760,1077,9286,3680
4554: 7457,6933,3689,5077,6796,8924,6922
4555: 7458,9307,8491
4556: 2294,6923,7459,5334,2254,8436,6444
4557: 8493,2091,8731,1505,8648,6609,9272
4558: 3404,6027,5645,3874,2659,2431
4559: 51,5677,2299,5472,1658,5515
4560: 7013,3782,7461,8496,9182,9366
4561: 8235,3449,5225,2110,735,1211,3817
4562: 3531,6138,3407,2484,3758,3587
4563: 5466,2159,8125,6997,3812,2512
4564: 8546,9559,6508,8478,7462,9687,6968,3396
4565: 3074,4537,3888,8106,8019,2702
4566: 3545,7577,8095,8023,7896,8150
4567: 4790,7463,4910,1787,6710,7050
4568: 7464,9308,8501
4569: 2029,7465,7044,8581,9293,1676,7515
4570: 8033,7841,8080,2425,7835,3307
4571: 4738,9699,8504,8661,8891,6452,8449
4572: 7467,6436,6527,5322,303,8506
4573: 7315,8347,9603,8508,6321,5450
4574: 7763,7775,3356,7853,4805,4679
4575: 7302,9595,9421,3516,9635,6761,8822
4576: 6397,229,7876,4662,7681,7470
4577: 6325,7471,7440,8330,8512,8976,6352,8352
4578: 6337,8316,8339,8513,6782,8345,2283
4579: 4881,8167,1223,2585,2592,4939
4580: 5771,2491,4680,4514,3417,8047
4581: 5380,7018,6253,8172,4904,7825
4582: 7473,7056,5593,8516,6278,9693
4583: 7138,8519,5441,1580,2023,6564,9694
4584: 2579,7475,6605,9259,8521,8532,4849,4919
4585: 1668,4981,8365,6818,8487,8523
4586: 8048,7585,7567,3420,2447,7552
4587: 7934,1229,7909,3113,4470,7791
4588: 7477,5579,9499,7728,7758,7131
4589: 3459,5154,6938,7942,5372,341,4759
4590: 5329,1810,2709,1978,7478
4591: 5440,7479,7520,4737,2428,6320
4592: 4733,7498,6315,8529,8568,9696,7388,9644
4593: 8188,5591,6229,1588,7574,4893,2330
4594: 6926,6692,2177,5489,7317,7481
4595: 6785,6243,821,7011,9697,9564,8533
4596: 7902,5476,3550,3781,2331,8928
4597: 761,3610,5135,1762,7633,4812
4598: 7483,2332,7564,5561,3130,5551
4599: 1101,7905,4974,3913,7856,7927
4600: 3176,5443,1486,5582,4028,2333
4601: 6909,5140,5281,7484,7070,7617
4602: 8458,8498,7485,6554,4525,7438,8538
4603: 6367,6718,8363,8373,8540,8580,9526
4604: 740,4415,544,3429,1102,6049
4605: 6500,1254,4485,1151,3390,7443
4606: 3218,5508,2337,7785,7868,7928
4607: 7923,3242,322,3887,7093,6369
4608: 7488,2466,7439,8350,8544,9665,2289
4609: 7489,6353,6911,6793,7230,3267
4610: 5343,3888,8106,4761,6542,7096
4611: 7490,9584,9702,9407,8549,5447,6978
4612: 4469,3222,5023,1265,3146,8072
4613: 6283,5115,7898,7448,8236,7784
4614: 3751,8552,9345,7296,9703,7491
4615: 6871,7964,7836,3713,5111,2473
4616: 2224,4015,5639,5825,180,1547
4617: 3164,4828,8440,8554,6410,7480,8392
4618: 5172,3437,2115,5381,5437,3127,8097
4619: 4504,1268,5812,5041,4667,5573
4620: 3110,6899,4699,4799,2323,6423
4621: 3282,5574,5577,8089,7401,4472
4622: 4976,7494,3428,8557,8912,9615
4623: 1107,5787,1273,7082,4802,3526
4624: 7356,7495,7894,5570,6546,1688
4625: 8048,7585,8058,3441,328,3340
4626: 4233,4297,4288,1322,2483,5762
4627: 8113,5393,3443,329,3632,7651
4628: 3444,7713,7587,1539,3944,547
4629: 8167,7569,2585,7570,4925,1280,3588
4630: 8564,8979,4483,9706,7496,3445,9086
4631: 8385,8566,8317
4632: 7498,4486,8568,7416,9659
4633: 3579,5364,5063,7680,8087,7582,3685
4634: 3448,7746,5670,8196,3664,4511,5565
4635: 7559,3185,2453,1271,5918,2355
4636: 649,3841,3449,1770,5704,1211
4637: 7828,6857,7517,3689,8007,5151
4638: 5467,6686,7874,7877,2169,7499
4639: 207,6540,5535,5453,4763,2133
4640: 7092,812,8628,9300,8511,8574
4641: 5955,3641,487,7675,2304,3451
4642: 3698,4859,8090,7735,3186,7641
4643: 3692,6124,2508,6576,7605,5078
4644: 2363,6859,2469,2041,7501,8151
4645: 6961,6380,7502,208,8321,4767
4646: 7534,2239,5851,5864,7824,8237
4647: 6491,3384,7344,7503,6579,2207,1291
4648: 7100,8465,8579,1304,6560,9330
4649: 7989,2512,8125,2454,7568,3421
4650: 3212,7505,6538,8271,8582,6879,2384,7636
4651: 3967,751,6205,8119,3965
4652: 3286,2383,2373,2391,6098,8234
4653: 7599,1305,7938,7598,2662,7167
4654: 7506,3887,5341,7966,6511,3461,8528
4655: 7428,6388,9669,9163,8640,8376,8587
4656: 7393,5635,7789,3099,6610,4494
4657: 5073,8014,7883,623,5213,7935
4658: 4903,2631,8010,8026,1312,2560,5124
4659: 6867,6385,6440,6866,224,7508
4660: 7107,8590,9078,9231,2563,8517
4661: 7930,6704,8156,3467,1613,7540
4662: 4576,7876,7681,2075,7795,6476
4663: 6996,3710,346,8592,9318,9712,8393
4664: 7294,9591,5462,9385,9408,7114,8594,9507
4665: 7158,8972,9714,5107,8486,7002,2518
4666: 7537,4519,6275,2375,7435,5508
4667: 5793,3259,5041,1268,4619,2471
4668: 6914,8597,8641
4669: 3120,6003,8133,3857,4898,7409
4670: 6591,3472,7525,719,8408,8601,9101
4671: 3667,4541,8022,7465,5852,7515
4672: 2519,6764,6626,8838,7516,4932
4673: 5370,1289,8029,7226,7517,7883,623
4674: 5530,6231,6869,7183,4850,6736
4675: 977,2520,8256,8261,8489,8605,8627,6361
4676: 1675,7787,6832,8936,3584,7644,7122
4677: 2380,3225,5061,6236,3798,9069,8044
4678: 6265,1144,8609,9353,6239,9134
4679: 7853,5183,4805,7940,8000,4574
4680: 4949,4580,2491,2598,7822,8047
4681: 2381,3933,6400,8401,7852,9582,4780,7282
4682: 4480,3478,4011,6016,2236,1145
4683: 7333,8612,4976,8912,3224
4684: 6534,6245,8267,8561,7074,5262,8399
4685: 4692,3281,2389,6369,4870,6250
4686: 6806,5064,1345,8615,8273,8930,5166
4687: 6721,3237,4992,8123,3345,8076
4688: 3589,7592,2467,5241,4776,486
4689: 6254,8643,3929,8618
4690: 7563,2106,5169,8042,3142,5426
4691: 8286,8620,9062,9112,9515,6499,8762
4692: 4685,2389,5138,5346,322,6369
4693: 7013,3782,6966,5239,8622,9113,3825
4694: 3486,7502,5635,6936,6961,6260
4695: 5229,3957,7874,3616,7877,7961
4696: 8005,1171,8052,373,7916,4883
4697: 4914,525,8239,8283,8624,8483
4698: 5105,7947,3227,7960,9042,3489
4699: 7990,4620,3110,7728,7758,2323
4700: 8224,3852,1359,5385,3279,5205
4701: 6537,7586,5956,3255,3420,5886
4702: 3212,7657,2372,3490,6614,8655
4703: 9152,6273,8292,6994,7000,9165,3435
4704: 1413,6616,7179,7741,9012,6274
4705: 6397,229,8027,3332,6813
4706: 8294,8630,9655
4707: 5605,3493,6279,6629,3272,5236,9256,1980
4708: 9506,9632,283,8360,5586,8633
4709: 5010,1159,7858,3494,7965,5557
4710: 2429,5409,7265,6326,9569,7745,6284
4711: 9403,6286,8245,8636,4973,8298,6679
4712: 6686,7976,6427,3640,2169,5442
4713: 5526,4830,4523,5186,3515,7622
4714: 6338,7309,8638,9405,9599
4715: 6290,6625,8640,7431,9671,9163,7507
4716: 7890,5036,7975,3847,7847,651
4717: 3311,6064,5965,3539,292,5402
4718: 5317,3573,3732,2408,5903,3280
4719: 6294,6589,8305,8932,3388,4910,892
4720: 8001,4041,3499,6436,3956,303
4721: 4986,6807,6711,287,3640,6296
4722: 4539,1379,7151,8345,2283,6728,8308
4723: 3501,8310,8439,8645,9122
4724: 5351,3267,4007,5623,7375,6300
4725: 7166,6303,8313,8647,8811,8879,9277
4726: 6306,7004,8649,8683,3844,6823,883,8664
4727: 3805,6307,6337,8651,6995,9392
4728: 3502,2278,7562,7843,2004,5894
4729: 1360,8323,8654,8776,3503,6319,9127
4730: 5478,5655,3504,2155,8123
4731: 7944,7953,7831,5306,2425,3307
4732: 6242,8319,6827,7008,5214,2382
4733: 4592,8529,9696,314,6447,2348,8657,7480,8440
4734: 7838,6887,7839,6778,5223,7017
4735: 5402,2094,3085,7772,3311,4895
4736: 6318,8659,6767,9212,7303,8411
4737: 4591,5440,2117,6320,3461,7966
4738: 4571,8661,6324,9187,6452
4739: 5409,6326,6601,2485,6426,8414
4740: 7169,6329,9252,6532,3416,7379
4741: 7506,7093,3399,6332,3431,7487
4742: 6740,8663,8527,8787,3316,8419,8998
4743: 9601,6340,6820,8336,8665,8903
4744: 3509,259,5241,4871,714,5407
4745: 6935,9073,8755,8381,8451,8668,6687
4746: 2544,4999,6646,8503,8670,6298
4747: 4002,6722,8341,7219,8671,1409
4748: 4925,3678,3889,5348,4801,3395
4749: 2514,5590,2435,6342,6344,7247
4750: 6462,6345,8463,5230,7023,6650,6971
4751: 7085,6346,6840,6696,7201,687
4752: 8207,373,3348,1171,8013
4753: 4823,8218,333,3804,3447,5205
4754: 3324,6349,6798,3331,7179,9012
4755: 6351,7109,6504,5282,8351,8676,9229
4756: 4524,7522,7552,2447,3157,8049
4757: 7469,9330,1304,1220,5555,9484
4758: 7667,5095,5224,6115,7684,8198
4759: 587,341,7434,4971,5154,4589
4760: 7379,3518,6364,8361,9640,6329,5248
4761: 3434,6542,8069,7116,7096,4610
4762: 6747,6886,6370,5014,5522,3517,8700
4763: 5295,2133,2454,4468,6540,4639
4764: 2548,7916,4883,7781,7805,6662
4765: 6375,4797,7510,8367,8393,8681
4766: 4526,1371,6377,8688,1173,7011
4767: 7005,4645,7502,6379,6958,8321
4768: 9498,5362,1007,8370,8684,8724,9317
4769: 7723,3521,5184,7749,7783,8413
4770: 2459,5584,8446,9631,6382,8686,9537
4771: 3082,8139,2460,2536,5826,3500
4772: 1948,5798,1107,5789,3354,6386
4773: 6476,6245,7752,6390,7074,2075
4774: 3371,6948,6471,6377,8688,6393
4775: 425,6698,6528,8275,8383,8690,8734
4776: 486,917,5538,3342,2467,4688
4777: 3074,4537,5139,6621,4890,2100
4778: 7064,2628,9467,8480,8693,6399,8679
4779: 4017,5401,3918,1692,1451,4499
4780: 2363,6951,4681,6400,9582,3374,7282
4781: 4502,5203,8696,8435,8247,8387,6402
4782: 3379,1268,8149,5520,2471
4783: 4936,2184,1171,8052,8185,8013
4784: 1456,6405,8699,6967,9222
4785: 929,3734,2473,3664,5670
4786: 2554,3532,6349,7753,7179,7741
4787: 5235,2475,3384,8701,8987
4788: 97,6446,6409,8439,8645,8703
4789: 1599,2198,6411,9058,8297,8705,8748
4790: 6412,4567,7463,8707,1787,5112
4791: 2347,6413,8394,6959,9102,6830,5080,9018
4792: 3756,3534,102,5151,6922,6415,8397
4793: 4533,2478,4030,6416,7242,6700
4794: 4522,8003,7437,5544,2214,1184
4795: 7857,4985,6418,5290,2029,8677,9236,9293
4796: 5351,7630,5623,7201,7098,3891
4797: 4765,8367,8673,8681,6632,6420,8712
4798: 6421,674,8714,8802,9536
4799: 4620,6899,6284,2485,6423,6326
4800: 6318,8425,8411,8716
4801: 402,3395,4939,8167,4925,4748
4802: 3881,6890,1273,4623,2115,3526
4803: 6428,3547,9210,8728,8718,9064
4804: 1486,3639,6708,5484,4920
4805: 4679,8000,7775,4574,7806,1760
4806: 7269,3158,3179,5413,6431,7917
4807: 5571,6512,7357,6433,6670,8530,9150
4808: 6671,3932,8715,9197,4550,6435,1195
4809: 8866,9697,7482,6437,3132,8723,8427,9502
4810: 4980,1327,9344,6439,8430,8725
4811: 1589,5637,6516,2013,5004,3148
4812: 3426,7633,2496,4597,6015,5135
4813: 3444,547,5500,4930,3719,1497
4814: 4906,9091,8517,8727,6779,5161
4815: 6443,4052,5365,4836,6465,6563
4816: 6852,2257,8729,8822,8967,7302,8331
4817: 6124,1200,6576,3154,3452,5924
4818: 5412,6305,8314,8391,8731,9010,7460
4819: 4038,7548,424,7709,5132,7726
4820: 3873,7007,8443,9442,8733,9401,9174
4821: 6255,1593,6451,8690,8734,8743,9054
4822: 2591,8542,8569,1508,7225,5403,8735
4823: 7836,333,4753,3447,1266,3576,7964
4824: 3557,5366,1964,5156,1085,5216
4825: 3579,7978,7680,2507,7588,3451
4826: 6533,6469,8470,6456,8556,8738,5013
4827: 588,7259,6929,9089,7127,6458,3450,7319
4828: 3164,9704,7277,4617,8300,8554,8740
4829: 5466,3194,4847,8125,7568,3569
4830: 5659,1517,5526,7929,4713,4523
4831: 5068,5313,3559,3687,5829,7963
4832: 5481,7677,2373,3880,7911,8065
4833: 8014,3463,5213,3809,2515,5171
4834: 7986,36,4493,3590,1348,8042,1523
4835: 7763,7773,4474,7897,3356,6501
4836: 4815,4052,6334,3574,6465,8893
4837: 6580,9394,8745,9175,8614,8826
4838: 6362,2546,3516,8747,4880
4839: 2680,4955,6984,8749,9143,7177
4840: 3567,2008,9185,8474,8751,9206,5264
4841: 454,6477,8577,6781,8753
4842: 2151,7999,8074,7899,7299,5471
4843: 6481,7516,792,5149,3473,6764,8621
4844: 3228,3344,6553,7955,5538,5654
4845: 1538,2076,5182,3787,7977,5263
4846: 6673,5109,1781,7426,4506,6485
4847: 3194,4829,789,5146,3569,3741
4848: 3793,2079,6127,1539,3944
4849: 1971,6282,8461,4919,4527,4584,8532
4850: 8093,745,3854,6736,7183,4674
4851: 3571,8053,499,6814,7546,4897
4852: 7742,7687,1544,5072,7695,9023
4853: 3323,3573,5226,5861,5646,8195,510
4854: 8494,8762,8841,4916,6266,8286,8620
4855: 7763,7775,6501,6562,3415,6529
4856: 6503,8764,9347,7267,5411,8759,9361
4857: 5177,6507,2669,7941,8893,3205,6780
4858: 7083,6509,9284,9306,1217,6723,8843,9236,6272,8291
4859: 3698,4642,2365,2532,1616,3186
4860: 6981,8766,6513,8980
4861: 5185,5451,7664,7946,7950,844
4862: 6717,8758,8768,3673,8539,6517,8626
4863: 3258,6519,8769,7280,6378,2535
4864: 8344,8771,9321,6522
4865: 2460,776,2536,2054,6038,2437
4866: 6860,5258,8368,7076,6376,8551,8774,944
4867: 7142,5303,5648,9573,8779,9251
4868: 364,6534,7137,5300,8240,8404,8499
4869: 5347,8784,9297,9618,9475
4870: 3581,8565,3242,6369,4685,6250,8271
4871: 486,5559,3238,5241,4744,714
4872: 4923,7066,6541,8977,6900,6403
4873: 5074,8124,5394,3339,3362,487
4874: 3583,6739,7394,9170,8500,8790
4875: 8794,6548,8576,9208
4876: 6649,9427,5486,8796,4947,6551,9223
4877: 8586,8798,7332,9614,3087,8676
4878: 7321,9454,8588,8802,8405
4879: 5084,6835,5899,1579,3696,8120
4880: 8805,9007,4838,2546,8747,9220
4881: 4885,2014,1223,2585,3586,4579,7570
4882: 6244,1580,8257,9045,6235,7198,8388
4883: 4764,2548,7916,4696,5113,8005
4884: 5340,7614,7539,7597,2064,5049
4885: 4881,2014,7569,5794,5271,7570
4886: 3253,7359,5093,8263,8812,8945,8965
4887: 5100,5005,5653,3342,1785,2467
4888: 3521,6954,6920,5150,6568,3773
4889: 5401,3590,3918,1986,3876,4493
4890: 1585,5260,3902,2100,3074,4777
4891: 3810,8053,4897,8017,7918,7865
4892: 4234,3177,7756,7623,2352,4253
4893: 5491,2330,25,1588,5397,4593
4894: 1225,5593,9511,8852,7366,6750,8803,8818
4895: 1589,3311,5637,7892,4735,7772
4896: 4928,4512,2586,8854,6752,5603,7372
4897: 1631,7546,8017,4851,8053,4891
4898: 6003,239,8133,4669,3723,8094
4899: 5073,5417,7744,8014,3463,5286
4900: 2432,773,3077,8195,7618,255
4901: 1144,5396,8800,8823,9054,7254
4902: 8826,8614,9201
4903: 3704,4658,8010,8026,2560,3158,7904
4904: 2319,8172,7624,4544,7018,4581
4905: 5829,5529,7325,3559,2182,5519
4906: 6582,9091,4814,8828,8517,8727
4907: 3326,6584,1991,7048,6674,6438
4908: 6585,8293,5408,7184,7263,8847
4909: 2589,8067,3603,2151,5471,6587
4910: 4567,1787,6589,4719,892,7050
4911: 5019,7659,5611,7992,7274,7751
4912: 7224,6249,7227,8040,4006,7859
4913: 3567,2008,8555,8758,8833,9178
4914: 4697,6960,8239,8483,8629,8837
4915: 6514,6760,8820,8634,7454,4551,8839
4916: 4854,8494,8841,6266,8969,6853
4917: 7531,1999,7826,4962,3791,8140
4918: 8844,3606,6603,8641
4919: 4849,1971,5222,4584,6605,8532
4920: 2333,5369,5484,7224,1486,4804
4921: 4013,1606,6268,7351,2213,6608
4922: 5631,2670,8220,5289,5180,5119,3300,8011
4923: 4872,2584,6282,7066,6858,63,8977
4924: 9531,8849,9514,5438,6774,8840,4010,9387
4925: 4748,3678,1280,8167,4629,4801
4926: 9109,8459,8660,8829,8851,8865
4927: 3196,1612,7519,3176,5443,7845
4928: 7073,4896,2586,6907,8854,6622
4929: 3415,7806,6770,5087,4489,7829,1760
4930: 3676,547,4813,3719,2638,3705
4931: 1616,838,2532,5568,5536,4020
4932: 7516,7479,7520,4672,6626,6636
4933: 5204,7141,6993,6587,2632,6628
4934: 5630,7059,8859,8984,6775,8398
4935: 6699,3552,9285,8861,6633,8674,9162
4936: 4783,555,2184,5523,8052,3696
4937: 2591,7124,8542,9369,9509,9109,8660,8865
4938: 5387,5576,2592,3616,3250,1223
4939: 3957,2592,8167,2585,4579,402,4801
4940: 6769,5367,6638,2608,4963,8783
4941: 6612,6639,8652,9026,6569,8602,8868
4942: 3756,6415,6642,9314,6933,7086,7461,9686
4943: 5422,1631,4034,8017,8015,8062
4944: 8871,9169,9316,9596,8682,9133,6644
4945: 5037,5678,3618,7642,5092,6001
4946: 3625,6791,6647,6575,7090,6664
4947: 8874,8479,6551,8580,9223,4876,5486
4948: 5513,5491,3973,7903,7879,709
4949: 4680,7817,7822,5240,1337,8047
4950: 4464,1286,963,2509,3621,221
4951: 3926,7221,4005,8121,1637,6113
4952: 6762,6784,8877,8968,6327
4953: 5022,3736,4531,3762,663,572
4954: 2601,8880,8923,9240,9602,6358,8356,8697
4955: 6658,2680,6472,4839,8423,8600,8749,8882
4956: 6753,5627,7309,8884,9544,6660,6338,8340
4957: 1646,5923,5404,8140,1999,5828,3624
4958: 8154,5876,5815,5578,2309,574
4959: 4059,463,413,5684,2604,3601
4960: 5571,7090,7357,6664,3822,6742
4961: 6666,1649,4545,8475,8710,9430,9440
4962: 7826,5058,7524,7562,4917,3791,7870
4963: 6737,8783,8944,4940,6638,8890
4964: 8892,6793,6525,2001,173,6353
4965: 7886,3550,3781,7810,8041,3666
4966: 7736,3764,5158,6672,9128
4967: 2567,6584,6674,3563,7050,6710
4968: 7631,5269,3143,1589,7892,2013
4969: 7863,3738,1489,3629,5410,6676
4970: 5324,7933,4001,5539,7799,7782
4971: 6677,628,5154,5583,587,7889,4759
4972: 974,6678,8706,8719,8902,8995
4973: 5616,1512,6631,4051,8298,6679,4711,6286,8245
4974: 7818,3913,7777,4599,7905,5376
4975: 5029,8558,5145,9079,8910,6915
4976: 4622,8557,8912,4683,6849,6684
4977: 1538,6962,5182,7554,6990,7921
4978: 2107,3612,594,3865,6688,8250,8730,9093
4979: 6802,9503,1409,8894,8914,9244
4980: 5148,4810,9344,8430,8736,9082,6693,6695
4981: 1668,4585,9095,6312,8487,8917,9036
4982: 2620,7270,5204,6993,3928
4983: 6705,6792,3683,5056,8613,8993,8921
4984: 1748,6368,6365,3969,8050
4985: 7857,3394,7281,4795,6418,8522,9581
4986: 3360,1254,6807,6711,4485,4721
4987: 3641,7675,1945,5892,5198,8139
4988: 7213,9553,5359,6714,3952,8931,5452
4989: 6809,5651,9575,8926,6716
4990: 8041,603,5354,8097,5172,7886
4991: 8764,8929,8933,6367,6718,8759
4992: 76,4538,6721,7794,4687,8076
4993: 1701,7920,5003,7364,7823,1683
4994: 7435,3245,7785,6317,3682,5569
4995: 2626,9552,5601,6724,4040,7252,9637
4996: 3251,8099,7880,8056,7936,3086
4997: 3692,2627,2508,7693,8196,3816
4998: 2096,5160,8073,5474,7864,8091
4999: 4746,2544,6298,8935,8308,9192
5000: 9103,8327,8937
5001: 5889,3201,5454,3650,8015,3185
5002: 6733,8570,9368,8941,8654,8776
5003: 7441,3387,7364,7823,4993
5004: 2013,4811,3148,3651,6267,4516
5005: 5100,4887,8006,6226,1785,8035
5006: 6737,7099,6944,9328,8944,3133
5007: 2315,7530,8067,6813,6276,3813
5008: 7012,6831,5218,8787,8947,9180
5009: 3078,7839,7842,3815,6682,5498
5010: 7858,4709,7541,7649,5557,1686
5011: 3797,8950,3727,9132,9117,5193,6743
5012: 6745,7180,3656,1057,5332,2032
5013: 7497,8452,8799,8952,4826,6456,8738
5014: 6473,7420,6658,4762,6747,3517,8700
5015: 7626,3349,6008,7549,3930,6455
5016: 1668,6749,3657,8793,8908,8957,9265
5017: 7495,3374,1688,5602,3269,6951
5018: 8158,3728,2641,8103,292
5019: 4911,7659,7538,7274,6285,5420
5020: 7846,7979,5217,2159,3812,3760
5021: 5177,8077,2669,3962,5475,7300
5022: 5566,4953,3736,1692,4017,572
5023: 3661,5569,4022,4612,3222,1265
5024: 6544,7937,6834,7891,5033,7144
5025: 6640,74,7778,4535,1693,8118,8467
5026: 7867,3078,7842,5266,7973,3955
5027: 5086,6868,3628,7148,6795
5028: 6955,2234,3625,5583,6659
5029: 2618,4975,8558,8583,9338,8966,9079
5030: 2022,7617,3666,7837,5281,7106
5031: 6762,6295,8968,5567
5032: 5621,1674,7854,8217,5633,7392
5033: 7958,7937,5024,3985,7144,9604
5034: 5625,7906,7614,2064,8175,3289,5211
5035: 7286,7490,6766,8972,9584,9714
5036: 4716,3836,7729,7095,7890,7975
5037: 3671,7642,4945,5092,6040,2153
5038: 7160,7261,7065,3862,9273,6769,2608
5039: 2272,8061,8004,7437,3288,654
5040: 3673,8512,8834,8976,9276,6717,5287
5041: 5812,1305,3259,7938,4667,4619
5042: 7283,6681,5438,8722,8978,1609,6774
5043: 7949,913,1677,8112,1710,3301
5044: 8033,8080,3413,5634,661,1085
5045: 6777,8827,8981,3677,8853,6845,8958,9282
5046: 5618,7008,886,6780,8667,8983
5047: 3170,3889,3511,2120,2043,5795
5048: 1719,6391,687,2416,8986,9006
5049: 4884,7597,2064,5153,1722,494
5050: 3568,3219,3679,7999,3915,5512,900
5051: 5981,8108,2200,5893,2170,1176
5052: 6947,8625,8875,8989,6515,5168
5053: 3843,5547,5265,8036,5531,3997
5054: 5852,3661,1676,2377,3682,7515
5055: 3313,2224,5639,2421,1722,3759
5056: 4983,6792,8993,2257,9019,6892
5057: 6755,2251,7417,9451,9592,8994
5058: 7826,5143,576,1169,7524,4962,3684
5059: 3799,6383,6799,8372,8888,8996,9050
5060: 675,7314,3214,6344,7247,4033
5061: 4677,6989,3798,9069,7922,5338
5062: 3319,6333,8424,8429,8999,9008,9355,7115,6434
5063: 5263,3075,5587,5364,7680,4633,7851
5064: 6806,4686,7185,8603,8615,8897,9002,9148
5065: 6581,1730,3460,5175,832,6808
5066: 6556,6199,3381,4509,8899
5067: 8986,9006,7399,6783,5643,9652,6346,9566
5068: 3687,4831,7601,3504,7963
5069: 7882,3162,2684,7753,5261,7811
5070: 3834,6815,9011
5071: 6817,6520,8907,9269,9013,9459,7251
5072: 1544,2427,7724,7730,7742,4852
5073: 4899,4657,7828,7744,7517,8014,7883
5074: 4873,8124,1744,487,2304,8225
5075: 3690,431,8333,8922,9179,9016
5076: 3534,6121,2555,953,8159
5077: 6824,7457,7386,4554,6796,696
5078: 8218,8214,1359,3140,3692,4643,7605
5079: 456,7136,3372,3344,6553,9063,6828
5080: 9181,9235,9018,6830,7046,6413,4791
5081: 5373,5673,697,7786,8222,2305
5082: 9020,6833
5083: 7565,5963,5754,7665,5265,4273
5084: 5480,5899,2039,1579,4879,8134
5085: 3839,5256,6836,9023,7025,7193
5086: 6868,3628,3512,5027,6837,9305
5087: 6492,7776,4929,6770,3611,7829
5088: 5391,5548,7901,3232,7527,7798
5089: 2697,3891,3851,9326,7196,6840
5090: 5104,3098,7830,9393,8955,9384,5300
5091: 7204,9000,9238,9486,9028
5092: 2025,5037,3671,3700,4945,6001
5093: 3253,4886,8965,9030,708,6454,8578
5094: 3660,3206,8201,3745,6204,2325,8025
5095: 7667,900,1362,2700,5224,4758,5512
5096: 3837,7532,5878,8216,3702,2125
5097: 8188,5591,2327,7541,709,1686
5098: 6372,7377,6874,6854,3703,6395
5099: 6802,9037,9149
5100: 3704,4887,5005,5653,8006,8010
5101: 6858,7145,6613,8653,8977,6541,9039
5102: 5582,7895,2245,4028,5407,5190
5103: 3707,1280,5399,3588,3783,5176
5104: 5090,3807,6994,6844,7830,8955,9384
5105: 4698,7893,7852,3227,7960,9042
5106: 5149,3473,7812,5304,7792,7764
5107: 4665,7158,8972,6383,6862,8486,9050
5108: 6864,2480,7452,8712,9680,6965,6420
5109: 6867,4846,1781,6392,6878,4506
5110: 7855,2633,2076,7869,7851,2191
5111: 3713,7599,6889,4615,2550,6871
5112: 6412,4790,8707,8377,7816,6873,6389
5113: 555,8005,8120,7878,3256,4883,5342
5114: 6685,6801,5601,6876,7419,6768,2265,8831
5115: 7272,6283,4613,3901,8107,8236
5116: 6483,7009,4506,7429,9056,9177,9695
5117: 1716,1793,4237,725,5967,3398
5118: 4012,6975,3720,9323,561,6872,6882,8502,8792
5119: 3608,7931,5289,4922,1067,3300,8011
5120: 3383,6569,6489,8602,8868,9060,9260
5121: 2381,6400,8054,746,6859,5200
5122: 8083,7322,6886,3607,9065,7305
5123: 8028,5668,2349,2672,5439,3172
5124: 1809,1312,509,4658,2631,8094
5125: 3519,3724,7813,4538,4490,7794
5126: 3963,5477,9595,9068,9500
5127: 9711,8590,9070,9231
5128: 8026,1312,6535,6897,3570,3658
5129: 3847,8103,7912,8079,651
5130: 7401,3970,8002,6404,5487,5325
5131: 3604,7274,7751,6900,1810,6403
5132: 424,7709,4819,6904,3730,6902
5133: 6135,3341,3731,4192,1447,3405
5134: 7939,3732,1229,7801,7992,3280
5135: 761,4597,6015,5730,3977,4812
5136: 6054,3759,571,3088,3313,3733
5137: 7606,1137,3470,5793,2471,7551
5138: 5566,4692,2389,5346,3736,2066
5139: 1179,4537,4777,6621,8037,3737
5140: 6909,4601,7070,9038,7073,6907,5656
5141: 2187,7188,6912,3740,6910,7202,5525
5142: 6868,2650,3697,9305,3747,9043,8691,6653
5143: 576,5058,3684,8104,5746,2148
5144: 7139,9395,8939,9077,9046
5145: 9348,6924,3752,9079,4975,6915,9048
5146: 2235,6013,3190,4847,789,3741
5147: 6926,3753,1195,5371,7229,7317,9512
5148: 4980,9082,6693,9053,6928,6918
5149: 3473,5106,7764,7526,792,4843
5150: 6930,6954,6920,4888,1382,7555
5151: 4792,3534,6922,3689,4637,6857
5152: 3757,2063,2522,5682,7660,3477
5153: 1722,6054,494,3759,7590,5049
5154: 6677,4971,3459,6938,4589,4759
5155: 456,3469,7512,2342,6766,6927,9063
5156: 3557,4531,4824,1964,3762,1176
5157: 6885,9089,4542,2285,8610,6929,3450
5158: 7736,4966,6795,6672,3128,7711
5159: 9088,9020,9283,9453,812,8628,6776
5160: 6934,2096,4998,928,8073,7754
5161: 6772,7352,6779,9091,4814,9074
5162: 7005,2519,6773,6939,9094,8838
5163: 7696,5337,820,4521,7652,6165
5164: 2662,7555,7167,7583,3779,6954
5165: 3425,3836,7729,9097,6549,6941
5166: 6252,7099,8273,9100,4686,8615,9466
5167: 7450,4545,8475,9679,6982,7382,5490,9105
5168: 6515,5052,6947,8989,9107
5169: 2106,1348,7907,4690,8030,8042
5170: 7281,5434,9428,9581,7157,9218,1382,6950
5171: 5961,8164,4833,3809,2515,828
5172: 3437,4618,8097,4990,7886,8038
5173: 8496,9182,8096,6309,5228,6953,6488
5174: 2955,2762,1913,514,2953,4079
5175: 5650,7645,832,5065,7860,6808
5176: 3783,5879,398,3505,5103,3588
5177: 8077,2669,7941,4857,5021,3962,7739
5178: 7374,6958,8886,6939,9094,5400
5179: 7876,5276,2075,7819,7832,7752
5180: 2171,5289,7737,4922,2670
5181: 5810,539,5991,5456,838,2233
5182: 1538,6962,4845,4977,1951,3787
5183: 7984,4679,7940,8000,8021,8031
5184: 3521,4769,6920,6665,7749
5185: 2255,1164,4861,7664,7946,7945,5592
5186: 3840,8068,3790,4523,4713,7622
5187: 7994,5826,8135,7970,3339,6804
5188: 8675,9120,9222,3501,9122,6967
5189: 7611,1518,3070,3795,7712,5947
5190: 8085,3923,3509,1942,2245,5102,5407
5191: 5572,2080,9496,3278,6969,8469,9126
5192: 3826,9128,6971,5390,6345
5193: 2140,9131,9117,3797,5011
5194: 3223,3623,6463,9232,6678,6973,6354
5195: 7233,5532,7514,6976,5374,9123,7525,8044,8601
5196: 5309,9258,9407,8549,6811,9136,8656
5197: 8456,8980,9033,9138,9455,8766,9666
5198: 451,8139,6983,3520,1945,4987
5199: 7294,3800,9591,6985,8639,9141,9385,6602
5200: 6859,8151,1948,5121,746,5301
5201: 4513,8448,9147,8692,9144,9151,9388
5202: 2610,2238,2084,6050,5740,4024
5203: 4781,8696,8387,3529,6990,6962,6468
5204: 6993,4933,2632,2620,4982,6819
5205: 4700,1359,3279,7628,8218,4753,3447
5206: 6873,5589,1952,3646,7920
5207: 6441,304,8432,9158,8369,9148
5208: 6998,654,7385,1955,8061
5209: 6311,3193,9152,6565,3435,8552
5210: 9133,3508,2479,9154,7004,9169,8664
5211: 2087,3289,3808,5034,8175,5344
5212: 7123,7006,9368,9241,9157
5213: 5424,3809,7935,4657,8014,4833
5214: 6507,7008,6780,4732,2382,1392
5215: 7882,8062,7945,2684,5592,3810
5216: 661,4824,1964,5841,1085,3868
5217: 7907,3777,8152,2159,7846,5020
5218: 9677,7012,6831,5008,4530,8947,9160,9180
5219: 2315,3708,7470,7077,7530,6880
5220: 3568,5397,8092,3915,8074,25
5221: 3814,2237,5550,4023,185,8200
5222: 6484,1971,4919,6605,6689,7016
5223: 7001,6641,7017,4049,2280,4734,6778
5224: 900,5095,4758,2144,7684,6198,5512
5225: 3871,5315,2110,4561,3817,3867
5226: 4853,3323,5646,32,1974,3662
5227: 6136,2412,2109,4397,1365,365
5228: 5459,7779,6953,5173,1975,6488
5229: 4695,7874,7961,3763,2392,6943
5230: 7023,8354,9166,9194,4750,8463
5231: 6543,5244,7024,3602,6492,3611
5232: 9433,3839,5256,8607,9168,9174
5233: 6422,9170,9203,9017
5234: 6927,7917,3761,7269,2342
5235: 7032,2475,7010,7350,4787,6407,8390,8701
5236: 3272,3992,9173,9256,4707,5605
5237: 5496,7912,3153,7725,3724,7813
5238: 7949,913,3266,5596,7969,8009
5239: 7013,4693,8622,8279,9176,7039,3825
5240: 5507,3749,7040,7817,4949,1337
5241: 7592,259,4688,486,4871,4744
5242: 6328,431,6713,7042,9179,9542,6533,8754
5243: 9181,2690,6294,9235,8305,7442,9047,3388
5244: 5231,6530,7024,6438,7402,3602
5245: 9290,9242,6947,9188,9107
5246: 5547,7665,2204,1143,3830,7814
5247: 7336,3134,9209,3607,6518,6765,9191
5248: 7169,9443,6329,7140,3766,4760,3518
5249: 6701,9269,6630,1995,8571,9013,9195
5250: 9541,7020,9196,9489,7062,9268,9189
5251: 7638,1790,5367,6638,4540,7784
5252: 3484,6479,9110,3835,9198,9270
5253: 3922,3103,5314,5828,3820,3624,7957
5254: 8079,651,5273,2094,3085,7724
5255: 45,7518,5482,7430,7068,5391
5256: 5085,3839,5232,7028,8607,9023,7687
5257: 7404,5649,5853,7553,7868,7928
5258: 6860,9658,8368,8564,8979,9202,4866
5259: 3840,99,7029,3198,8122,8068
5260: 4890,3902,3074,8019,5373,2305
5261: 6274,947,7811,5069,7753,7741
5262: 7074,6968,3314,3480,9648,8399,4684
5263: 3075,5587,5063,7851,4845,2076,7977
5264: 6448,9278,9206,2008,4840
5265: 3843,5083,7565,5547,5053,7665
5266: 7855,5026,7867,3986,7827,7973
5267: 6306,8315,7080,8585,9301,9211,9420
5268: 5537,9213,9400,8357,9609,7324,9470
5269: 3220,7765,5493,7631,4968,3143
5270: 3845,3878,9215,9312,9422,9447,7117
5271: 4885,2014,5794,1497,2088,3653
5272: 3846,6843,4056,2343,8107,5624
5273: 1544,5254,651,7724,7095,7975
5274: 7847,7849,3824,7716,7699,7890
5275: 7318,9219,6453,9605
5276: 7936,229,7876,5179,3086,7832
5277: 7049,9221,9425,3848,9332
5278: 2449,3129,7702,3429,1102,6118
5279: 8896,9225,6877,7104,8995
5280: 5414,2100,6621,5505,3786,7054
5281: 7484,4601,5510,7106,9698,7617,5030
5282: 3393,4755,6504,2098,9229,9571
5283: 7474,133,6360,6544,7891,7112
5284: 8226,7096,2702,5294,8098,3888
5285: 7378,5612,9299,9530,6238,7197,7119,8709
5286: 8224,2515,3852,7700,9367,4899,5417,3463
5287: 6717,9178,9233,7121,3577,5040,8834,8976
5288: 113,6139,3091,4289,2024,3543
5289: 2171,7058,5180,3608,5119,4922
5290: 2029,1217,6552,8677,9236,9293,4795
5291: 7126,9374,9237,6733,2629,9127
5292: 6419,8402,9380,273,3855,6918,8355,9239
5293: 6745,3656,7130,9382,6822,4498
5294: 8226,5284,7804,6998,654,8098
5295: 4763,3095,2454,7568,4468,3569
5296: 3834,9011,9409,7020,9189,9243,9538
5297: 8911,9245,3318,9003,5506
5298: 2215,8222,3859,5423,6035,3548
5299: 3670,3937,5671,6228,2314,3096
5300: 364,7795,7137,4868,8404,5090,3098,9393
5301: 2275,6668,6386,1948,2041,8151,5200
5302: 9443,7129,7140,3862,9247,9273
5303: 4867,7400,5648,6429,8419,9029,9251
5304: 3709,7812,5106,7764,3427,7797
5305: 7212,3580,3422,9434,9039,6730,3864,7145
5306: 5440,7848,2428,7831,4731,2425,7833
5307: 7923,4477,5341,3100,7841,8018
5308: 6511,1234,7063,6320,3461,7479
5309: 6593,1016,6905,7150,5196,9258,9407
5310: 6884,2049,9260,7153,9417
5311: 2179,8092,7899,1970,4481,7807
5312: 4525,3827,9264,3870,7171,9446
5313: 2623,3559,5405,3687,1595,4831
5314: 5253,3922,3103,3389,8008,3911
5315: 3871,3097,3263,5909,5225,2110
5316: 3940,9267,6648,5446,2127
5317: 4718,3573,5861,5903,3077,2055
5318: 2689,2101,1975,7688,5821,953,9250
5319: 3873,7007,7161,9174,7334,8462,9271
5320: 7606,1137,3410,3382,2056,5939
5321: 9274,7164,9621,9620,8318
5322: 6303,8506,9277,4572,6527,9408
5323: 5688,4275,2143,939,3706,3109
5324: 3777,4970,7933,8030,7782
5325: 7493,7348,7170,5487,7766,5130,8002
5326: 7172,8281,9281,2499,3845,3878,9422
5327: 7243,2090,9283,9453,3111,8628,8797
5328: 7365,7821,3880,5545,1674,3231
5329: 3604,4590,1810,7791,3113
5330: 2062,6902,9285,8238,9458,8861
5331: 1273,2487,3255,8168,7586,6890
5332: 7180,5012,1057,6925,7536,7533
5333: 7181,8403,9288,9460
5334: 5408,7459,4556,6444,7184,3883,9450
5335: 3983,3490,5503,6614,8043,7202
5336: 8161,5856,5664,2063,3477,3466,8230
5337: 5771,2491,820,5163,4521,3633
5338: 2504,7922,7993,3802,5061,6989,9153
5339: 9563,7049,9221,9292,7190,9473
5340: 1067,4884,7823,7614,1683,7539,8011
5341: 7923,4654,3887,7966,5307,8018
5342: 1579,3256,5113,8120,3122,942
5343: 8088,4610,8037,8106,6542,7881
5344: 8175,5383,494,7590,2087,5211
5345: 2319,1068,5887,5885,7608,3292
5346: 4692,5138,2066,20,4477,322
5347: 4869,8788,9035,9297,7195,9475,3125
5348: 4543,5501,3395,2120,4748,3889
5349: 6520,8543,9299,9530,9269,1995,8672
5350: 7462,7199,8337,8668,9302,6687,8718
5351: 4796,4724,5623,6696,7201,6300
5352: 3894,2276,4112,689,3765,6151
5353: 6810,7203,6263,9485,8283,8492,8624,9304
5354: 60,8097,7522,4990,3157,603
5355: 7369,6648,5598,9309,9518,6348,5636
5356: 8207,6165,677,7788,6756,8813,7696
5357: 3897,9196,9311,9352,9489
5358: 7210,9313,9492,9076,9282,3677
5359: 6240,6949,7213,9553,4988,9090,6714
5360: 2097,5409,7819,7265,7832,9569
5361: 7477,9625,3953,9499,9315,6888
5362: 3899,4768,1007,7115,9317,9462,6434
5363: 5554,6977,7347,7218,9319
5364: 5587,5063,4633,8087,7582,5509
5365: 6443,7117,4815,7087,7220,6563
5366: 3557,4824,20,1085,3100,3413
5367: 3617,6769,5251,1790,4940,6638
5368: 3844,7222,9420,2219,8778,9211,9322
5369: 3134,5484,9209,7224,6249,4920,7305
5370: 4673,7956,8029,5418,7414,7226
5371: 5147,1195,7026,9197,7229,9325
5372: 7231,7942,3421,7330,3459,4589
5373: 697,5081,8222,2305,3859,5260,3902
5374: 6976,7182,9463,5195,7233,9329,9510
5375: 7450,4545,8710,8867,9331,7235
5376: 3358,1043,7905,4974,7818,2501
5377: 4515,1700,2268,3903,4042,5453
5378: 9335,6986,9146,9521,7455
5379: 6565,1106,8541,8595,9080,9522,9337
5380: 45,6253,4581,7820,7798,7825
5381: 3437,2275,4618,4529,6668,5437
5382: 7239,8447,6256,8824,9339,8363
5383: 5344,7590,5968,4162,2087,2388
5384: 3909,9341,9529,7320,7241,9372
5385: 4700,3852,1359,828,3140,7591
5386: 7357,8530,9343,3822,7010,7350,9523,9623
5387: 4938,3250,1113,3981,1223,3586
5388: 6694,7730,7742,7246,7743,7370
5389: 6663,7248,6559,9386,8589,9346,9538
5390: 7250,6345,8244,7958,3985,3826,5192
5391: 3232,5088,7798,5482,5255,45
5392: 9403,2093,7062,9268,7251,8636,9349
5393: 5617,8113,5504,4627,3443,3216
5394: 4873,847,8124,8078,3339,6804
5395: 7758,3914,7131,4546,8071,2323
5396: 1144,4901,8800,8823,9353,6578,9354
5397: 5220,3915,5850,1588,4893,25
5398: 3566,3197,2362,8126,1404,6267
5399: 5871,3707,5103,2145,3783,3917
5400: 3771,8954,9555,5178,8886,6939,9357
5401: 4017,4779,3918,5562,4889,3876
5402: 2094,4735,3728,292,3311,4717
5403: 8735,8925,9356,8569,3152,4822,9265
5404: 529,7547,5923,4957,8140,8137
5405: 5313,2623,2050,1595,3978,3153
5406: 5620,4053,1997,7884,6615,7844
5407: 714,7895,5102,5190,3509,4744
5408: 7459,5334,7387,7184,7263,4908
5409: 4710,4739,7819,5360,6326,6601,9569
5410: 2022,7759,8049,6676,4969,3629
5411: 6718,9700,8540,8759,4856,7267,9361,7800
5412: 4818,6446,6409,9364,8391,9010,9114,9572
5413: 4806,6839,6304,7269,5447,3179
5414: 1585,7673,3136,2100,5280,7054
5415: 3928,7339,7270,6904,3730,6699,9285
5416: 2201,7271,8299,3995,7214,6726
5417: 2555,4899,7744,8159,5286,9367
5418: 1517,7414,7875,5370,3160,7956
5419: 6810,7273,7203,7425,9485,2102,2261,8899
5420: 3570,3658,6719,6285,5019,7538
5421: 5468,6842,8618,9416,9399,9371
5422: 4943,3201,4034,8015,5483,7968
5423: 3859,2103,5993,5298,6035,3092
5424: 5511,5213,3809,7935,7549
5425: 7483,2332,7276,9373,7523,8375,6821
5426: 3863,2336,3142,168,8219,7563,4690
5427: 6424,2346,9578,8409,9377,6287
5428: 6688,8250,9379,7278,9579,7366,8818
5429: 3379,3166,4469,5929,847,8072
5430: 6289,8301,9381,9405,7149,7026,9325
5431: 3258,3387,6496,7280,7176,3958
5432: 7893,5875,7774,7960,4495,5943,6293
5433: 4013,2394,1606,753,7757,6888
5434: 3394,5170,9581,6950,3779,8060
5435: 7495,3374,5570,6293,7282,4495
5436: 5478,7584,3236,7649,2155,3934
5437: 4618,2115,5381,3526,6668,6386
5438: 5042,8978,6774,8840,4010,9387,4924
5439: 7853,3172,7940,7840,8028,5123
5440: 4591,4737,5306,2428,2117,7833
5441: 1580,9426,8265,9045,4583,6564,9390
5442: 6640,7445,8467,3640,4712,7976,6807
5443: 3176,8165,4600,4028,3196,4927
5444: 5485,3943,2364,8219,5914,7563
5445: 3178,5687,8156,2128,3898,5926
5446: 173,6648,8307,7285,5316,3940
5447: 6839,6304,6978,5413,9130,7286,4611,9584
5448: 3560,7646,8180,3945,6020,3946
5449: 6469,9394,6456,8745,6308,8452,8873,9585
5450: 6788,8872,9396,4573,6651,8508,6321
5451: 3181,7721,4861,7664,7253,7950,9547
5452: 6366,741,9398,4988,3952,8931
5453: 207,4639,2133,3903,1700,5377
5454: 3201,5001,3185,2453,7529,3350
5455: 9610,3079,5494,5537,9400,9587,9600
5456: 5810,1616,3186,838,3155,5181
5457: 6735,7145,3582,2139,3864,8258,9402
5458: 3954,7168,53,8251,6272,8770
5459: 28,7783,7779,5228,6953,8413
5460: 8233,634,7827,3819,5576,3250
5461: 9590,6979,9406,6652,8389,8689
5462: 7294,9591,3191,4664,9408,7114,8879,9277
5463: 7209,7295,1980,8505,9004,9411,9491,9256
5464: 8939,9077,9593,9703,9413
5465: 2145,740,3917,2142,7651,6049
5466: 4563,3194,3943,4829,8125,6997
5467: 4638,5501,402,6686,3395,7877
5468: 9576,5421,9594,8266,9416
5469: 7298,6684,8857,6356,2379
5470: 7581,3196,4475,8145,8165,8187
5471: 7299,7141,6587,4909,4842,2151
5472: 51,4559,3698,5807,5677,8090
5473: 5568,4020,5580,8054,3961,8401
5474: 8073,3714,4998,3198,8122,8091
5475: 7808,3784,8082,7300,8077,5021
5476: 3550,4596,2331,6691,7301,5609,6435
5477: 5126,3963,6657,8509,9595,9421
5478: 5436,5655,7649,4730,5557,2155
5479: 6425,6327,6654,8332,8887,9423,7088
5480: 5084,7543,2039,8216,8134,7532
5481: 3967,4832,7677,8234,2373
5482: 6330,7304,7068,5391,3232,5255
5483: 5674,5951,7968,5422,4034,2255
5484: 5369,4920,7305,6708,8083,4804
5485: 3943,5444,6997,7563,2106,8152
5486: 6331,6649,4876,9427,4947,7306,3619,9223
5487: 6404,3168,7380,7766,5130,5325
5488: 2282,5996,5701,1470,3946,2161
5489: 7307,7192,6692,2177,4594,7481
5490: 886,9598,9105,9535,5167,8475,9430
5491: 4893,3973,4948,2330,709,25
5492: 7362,8417,9432,9599,6903,8638
5493: 3220,7765,5269,2181,6350,7310
5494: 9610,5455,9587,9600,9435,6241,8280
5495: 9601,6820,7312,8464,9649,9437,9561
5496: 8158,3978,5237,8103,7912,3153
5497: 7932,7657,5613,3281,1451,3116,4499
5498: 7770,6682,4542,2285,5009,7842
5499: 7313,8923,9602,1649,9440,7308,3229
5500: 3444,3981,4813,2014,3586,1497
5501: 4543,5348,5467,6686,7976,3395
5502: 7338,7289,3952,3214,7163,5545
5503: 5335,36,1157,3116,3983,3490
5504: 5617,7952,2374,5393,3283,3216,3427,7885
5505: 7997,3737,7737,6621,5280,3786
5506: 8325,9445,7315,8911,5297,3318
5507: 5240,2649,3749,7316,7040,3746,9604
5508: 4606,7435,3218,7785,4666,2375
5509: 5527,3257,2160,5587,5364,8087
5510: 5281,7484,6692,7106,9698,6623,578
5511: 5424,3987,8192,3809,7549,5961,6017
5512: 5050,3219,900,5095,5224,6198
5513: 4481,3973,4948,7903,4038,7548,569
5514: 9605,8450,9014,9449,3989,9488
5515: 3220,1658,6350,4060,4559,2299,3378
5516: 7730,7743,7892,2427,7772,3143
5517: 2413,7208,6908,7319,9376,7127
5518: 9606,6352,8575,8704,8915,9452,6661
5519: 7576,4905,3559,1595,3831,2182
5520: 3379,4469,4504,1268,4782,3222
5521: 9193,9454,9494,8795,6557,6744,8588
5522: 3517,9230,9456,4762,7322,6886
5523: 4936,2184,3696,7637,6835,3458
5524: 3866,5672,7635,3241,7653,5845
5525: 2187,7188,5141,6270,6698,8739,9608
5526: 5659,3994,4830,4713,3515,7542
5527: 3986,2191,2160,7698,5509,5587
5528: 7331,7324,9461,6302,8312,9092,9609
5529: 5829,7930,3178,3988,4905,7325
5530: 6558,7326,464,6869,7183,4674
5531: 3925,3997,7971,7679,5053,8036
5532: 5195,5628,7233,7389,270,7514
5533: 3585,9465,2198,6707,8297,8616
5534: 3226,8384,6916,9467,9612,8946
5535: 207,7231,6540,7330,3302,4639
5536: 3933,4020,4931,2532,3227,9042
5537: 7290,5455,5268,9400,9438,9587,9470
5538: 4776,917,5654,3342,4844,3228
5539: 2059,6910,4001,8043,4970,7799
5540: 9472,7333,6358,6313,8356,8697
5541: 9616,8303,8611,8763,9474,7655
5542: 7556,7554,7404,7921,2316,3101
5543: 7055,6608,7336,7227,5556,7351
5544: 4794,7437,3288,7793,2214,5564
5545: 7365,7338,5502,7821,7163,5328
5546: 7708,5673,5782,7983,1463,4008
5547: 5246,5053,7665,5265,2204,3997
5548: 7112,3232,5088,7527,6709,6360
5549: 7283,8978,9477,7342,9627,9387,9619
5550: 3814,2237,3233,8009,5221,913
5551: 3163,3457,7344,3130,7483,4598
5552: 7345,3474,6697,8927,9479,9549
5553: 6894,2348,7894,2221,7834,7803
5554: 6690,6977,5363,7347,8732,9482
5555: 8785,9484,9513,7367,7469,4757
5556: 7738,4006,7227,5543,5615,7351
5557: 5478,5655,7649,5010,4709,7965
5558: 6085,815,4015,5825,3402,3089
5559: 6365,4871,3238,714,7895,3639
5560: 6715,8299,7353,2213,6726,6268,9625
5561: 4598,7564,3239,8931,3130,6240,7213
5562: 4017,5401,2717,572,2229,3876
5563: 3138,8824,3240,9490
5564: 2214,7761,4507,8442,5544,7793
5565: 3664,4511,4634,8196,3816,4018
5566: 5613,2389,5138,5022,3736,1692
5567: 5031,6295,8862,8968,7355,8306,9419,9493
5568: 5473,4020,5580,838,2233,4931
5569: 3661,3682,5023,3245,4994,1265
5570: 4624,5435,3169,7356,7495,6293
5571: 4807,7090,7357,6670,4960,2596,8713
5572: 2080,7236,7358,8364,5191,9496,9628
5573: 2377,3877,4022,5812,4504,4619
5574: 3282,1600,4621,1612,5577
5575: 8232,4023,7824,185,8089,2635,2366,2239
5576: 3819,4938,3616,7961,3250,8233,5460
5577: 1612,4025,2366,7519,4621,5574,8089
5578: 8112,5632,5832,4958,5815,574
5579: 9497,4588,9499,7131,6373
5580: 5568,5473,3961,5855,2233,3192
5581: 6374,6809,8366,8898,9501,7360,9155
5582: 1486,7895,3639,4600,4028,5102
5583: 6659,4971,628,5028,6955,7889
5584: 2459,7361,1313,4770,9631,9504
5585: 7878,8073,2548,3714,7754,7781
5586: 6424,283,8409,7244,4708,9506,4031
5587: 5263,5364,5063,7851,2191,5527,5509
5588: 7363,6301,3875,9660,8311,9508,9545
5589: 6873,5206,6496,7364,6519,7920
5590: 4749,2514,6344,8065,7365,7338
5591: 4593,8188,5097,3262,2327,3118,6229
5592: 5215,8062,7945,4034,2255,5185,1164
5593: 7056,4582,4894,9511,8516,8852,9022
5594: 7421,9663,8785,9513,4496,8426,9167
5595: 3265,7368,1604,9636,8286,9108,9515
5596: 7949,7762,5238,3266,7925,2429
5597: 8114,8034,7862,4038,7726,569
5598: 7369,7489,5355,9518,6348,8379
5599: 5866,1637,5838,4039,3094,8121
5600: 6394,2681,3268,8382,7194,7370,7189
5601: 5114,6724,6876,8362,4995,9637,6768,8831
5602: 5017,1688,3269,6372,3424,197
5603: 7372,7721,7253,4512,4896,9554
5604: 4246,3433,3600,3187,1228,865,3351
5605: 7373,4707,6487,3493,3272,5236
5606: 7436,835,208,9524,9638,2271,4044
5607: 4007,7375,4045,7337,8442,7793
5608: 6401,9678,9034,9527,9639,6502,8386
5609: 7377,7301,6874,8269,5476,2331
5610: 8224,3279,7700,7628,5817,2101,5821
5611: 4911,2408,7659,7992,6450,3280
5612: 7378,1170,5285,7003,8543,9530
5613: 5566,3281,2389,1692,1451,5497
5614: 2452,7769,4050,6364,5658,9640
5615: 4013,7351,7757,7738,5556,3168,7380
5616: 2168,4973,4051,8298,7433,7381,9397
5617: 5504,2374,5795,5393,3283,3443
5618: 6334,5046,886,8983,9535
5619: 7383,6751,9537,7361,9631,2249
5620: 5406,4053,7888,612,7864,6615
5621: 4515,1700,5032,8105,1674,7854
5622: 7482,4054,6437,8468,8533,9540
5623: 4796,5351,6408,7630,4724,7375
5624: 3901,8107,5272,4056,7386,7091
5625: 5854,5034,7906,3533,3289
5626: 7419,7459,6757,2254,7387,4505
5627: 7388,4956,9659,9544,6660,8702
5628: 7233,2082,7389,5532,7266,6599,9329
5629: 2680,9546,8600,9143,6787,3623,8869
5630: 4934,8859,8984,9104,9549,9646,6417,8398
5631: 4922,7596,3274,8220,5966,3300
5632: 8056,1677,8112,5578,3251,574
5633: 9553,9090,8217,4000,5032,7392
5634: 3312,3860,5819,5044,8080,661
5635: 3486,7393,4694,6936,4656,6610
5636: 6348,9556,9647,9487,5355,9309
5637: 1589,3311,6516,6064,4895,4811
5638: 7944,1101,7953,1043,8020,7905
5639: 3313,5880,2224,4015,4616,5055
5640: 7403,7395,9559,9654,6968,9648
5641: 9561,2430,6740,6333,8335,7012,9437
5642: 6232,7397,9650,9563,8254,9473
5643: 6432,7172,9652,5067,3878,8346,9566
5644: 1007,9317,6434,8424,9653,8973,9570
5645: 3404,6027,293,3320,3999,4558
5646: 4853,7939,3573,3732,5226,1974
5647: 2554,8057,7860,6808,7865,6349
5648: 4867,5303,6429,9573,8419,8998,3326
5649: 7556,5257,7404,3327,6359,7868
5650: 2514,7911,6342,7645,5175,832
5651: 4989,9575,9248,3336,6716,8757,9015
5652: 6906,3338,6450,509,8133,7409
5653: 5100,3704,4887,3342,910,3228
5654: 1748,6368,917,5538,4844,3344
5655: 5478,4730,5557,7965,8123,3237
5656: 7411,7073,3346,3738,6909,5140
5657: 3996,3718,3347,5995,2048,2034,2092
5658: 2452,4050,5614,8691,3513,8228,6653,3488
5659: 3930,1517,7414,3994,5526,6455,4830
5660: 8048,7567,6122,3441,3466,8230,7985
5661: 385,1514,565,2568,4374,11
5662: 2524,4452,6079,2691,1783,5974
5663: 7682,1215,2367,7577,5946,6205
5664: 7575,8161,5336,80,7578,2063
5665: 4018,2230,5971,2111,3410,2056
5666: 507,3053,4229,5733,5980,4322
5667: 3351,2133,4468,6457,3600,3903
5668: 2149,2349,3808,6065,5123,2672
5669: 3843,7565,650,3662,5754,3323
5670: 7836,333,3448,4634,4785,2473,3664
5671: 3670,5299,2314,3597,7624,5885
5672: 5524,7643,7635,6223,7653,715
5673: 7708,5546,697,5081,7786,7983,3856
5674: 3637,5483,5951,2255,1164,7579
5675: 3702,2534,1296,404,644,7668
5676: 2180,3190,6060,5914,2364,789
5677: 4559,3489,3698,2299,2365,5472
5678: 3618,7642,4945,6146,3750,7620
5679: 3648,1133,6141,4065,2217,4231
5680: 4066,2353,1143,2832,4466,4452
5681: 3964,4077,5685,2195,1981,4243
5682: 2503,3757,7660,5152,3442,1253
5683: 1509,458,2615,2653,3593,4253
5684: 413,4959,7701,5970,2604
5685: 3964,5681,638,3377,7610,1981
5686: 4174,8201,4168,6204,2370,6157
5687: 3178,426,3988,5445,3071,2128
5688: 4312,4275,939,5323,1350,5689
5689: 1350,458,2615,3942,5688,939
5690: 1510,4145,1500,5775,2031,2979
5691: 1716,2410,4237,7991,4290,4308
5692: 1965,5899,2039,2157,5877,3980
5693: 2458,1954,2360,4374,4392,2065
5694: 2296,419,3601,6035,3548,4059
5695: 1158,4037,4205,5725,2259,1715
5696: 2767,880,4445,2788,1454,4178
5697: 7054,5777,1547,7673,5778,8229
5698: 3644,7632,2556,1307,1715,2259
5699: 49,5711,2310,6148,258,3189
5700: 6142,2325,8025,4319,2266,1807,2575
5701: 5996,5488,5733,1032,2161,7609
5702: 2273,120,2126,4093,2553,2426
5703: 7,4269,4442,2417,2291,217
5704: 2506,6048,1211,2559,4636,1770
5705: 5749,8190,5723,1776,1015,2005
5706: 2088,1367,4351,3653,4069,3811
5707: 2531,2298,360,5843,2622,2704
5708: 8186,6161,656,2328,5719,7671
5709: 3890,3535,1422,1953,4009,2705,4451
5710: 1996,1488,1573,4266,175,5747
5711: 3112,49,5699,2359,2310,6148
5712: 4271,5962,3543,1957,1459,3885
5713: 4441,6102,1775,914,2796,1648
5714: 967,3304,2291,3291,4086,217
5715: 6114,2206,1131,2069,3828,7850
5716: 2783,1048,2831,4465,1381,2829
5717: 5734,5957,1459,5962,136,3175
5718: 3644,2556,6012,3492,7701,2604
5719: 6224,2328,3481,5890,5708,6161
5720: 7767,1326,3743,182,2656,3007
5721: 894,4228,4286,423,4091,2611
5722: 7639,6156,1963,2576,3979,2297
5723: 5705,1638,8190,2247,2005,508,7613
5724: 2202,2486,3124,6163,5743,4276
5725: 5695,4205,1715,3306,4264,214
5726: 1056,4277,7690,3464,2264,3767
5727: 158,1520,2542,1372,2104,367
5728: 2173,4281,423,2513,2792,5779
5729: 3729,473,4363,3936,8191,2156,3626
5730: 2011,761,3645,3556,5135,3977
5731: 2470,874,2682,1750,2663,1746
5732: 1663,4274,3066,4456,112,1673
5733: 5996,5701,3053,4229,5666,7609
5734: 5957,1941,5717,3175,7584,3236
5735: 6036,4376,1191,8016,6166,2312
5736: 2463,4278,1746,6196,8179,2402
5737: 6060,6002,3975,7913,6037,1618
5738: 1069,5759,4287,2256,3335,1738
5739: 2725,1161,410,1725,781,759
5740: 694,3803,6050,1524,5202,3659,2610
5741: 1711,4233,6180,3303,4288,995
5742: 4293,2192,1385,2431,2256,2659
5743: 649,3841,2047,4276,2486,5724
5744: 7561,69,3049,2290,4457,8148
5745: 4459,296,4382,2053,4366,2867
5746: 7616,8104,3746,706,5143,2148
5747: 2729,1488,676,1680,4266,5710
5748: 1346,2708,382,1121,3083,4072
5749: 5705,8190,6207,4303,516,1015,8032
5750: 5758,3039,1121,4154,2561,4072
5751: 1395,2360,5800,7900,2199,4343
5752: 1984,393,2176,4098,4088,2036
5753: 2774,254,130,2775,5803,980
5754: 5669,5083,7565,5963,3323,510
5755: 2281,1452,2718,4136,4320,4339
5756: 4333,2126,4345,2553,1976,7670
5757: 2212,2341,6073,1092,3898,4016
5758: 3039,1121,4084,1427,3083,4442,5750
5759: 2344,1069,5738,4095,3392,3335
5760: 1126,1386,4330,1189,1342,1495
5761: 2073,6043,7962,3187,323,865
5762: 2503,3442,3506,4626,1322,2483
5763: 3615,3770,4063,93,2605,6178
5764: 607,4067,4247,3456,2511,1288
5765: 4067,4321,3067,4396,3456,8210
5766: 1480,2442,2543,4310,4327,4460
5767: 213,62,5823,2279,8169,2242
5768: 6037,3275,8116,2070,4259
5769: 2403,4027,4333,1166,1983,2243
5770: 1062,4344,2814,1030,8157,527
5771: 4580,5337,2491,3417,7843,3633
5772: 22,6177,446,2794,8153,6130
5773: 230,2317,3062,503,1761,5836
5774: 1393,3975,6179,7913,2203,151
5775: 2587,2031,2646,124,5690,2979
5776: 1483,394,1946,1033,4349,6182
5777: 180,3849,7054,7596,1547,5697,7673
5778: 7673,3136,5993,5697,1546,3541,8229
5779: 2792,2617,236,2130,2173,5728
5780: 3358,1043,8020,3860,5801,772
5781: 1759,932,244,4353,2549,2037
5782: 2272,8004,7983,7809,1463,5546
5783: 2523,6109,4062,3479,2446,3908
5784: 2668,1142,932,2037,4386,2228
5785: 1435,4356,6210,1966,1803,2564
5786: 2088,398,2497,4351,3505,5794
5787: 1107,5789,6,4623,3273,7082
5788: 952,1800,4350,520,3063,2818
5789: 4772,5848,1107,3354,6,5787
5790: 1659,4354,2451,1738,2345,1385
5791: 2194,4208,3829,2678,4357,167
5792: 2668,563,1564,1142,4370,3068
5793: 3259,4667,6184,5137,3470,2471
5794: 4885,7569,5271,2088,398,5786
5795: 5617,2043,3283,3443,3170,5047
5796: 1080,2412,4397,2302,4367,763
5797: 2557,1962,1469,914,5975,4154
5798: 4772,1948,3354,3192,3961,746
5799: 2798,1219,833,77,1188,2847,8024
5800: 1954,728,2360,5751,7900,4387
5801: 5867,5819,3073,772,3860,5780
5802: 3343,2449,7706,1252,1581,2124
5803: 2800,2928,254,5753,130,1641
5804: 2358,4394,277,5806,7594,2890
5805: 6197,245,957,1423,2677,2694
5806: 4394,2867,5804,1267,7594,2053
5807: 51,8090,5472,3651,2362,8126
5808: 3002,4344,1373,2814,260,2935
5809: 2790,3004,4116,6190,6192,2105,8203
5810: 3174,5991,5456,3155,5181,5942
5811: 3363,1028,1785,3589,8035,2530
5812: 5041,7938,2113,3877,5573,4619
5813: 3037,6219,4400,2922,4453,1242
5814: 3599,1990,6071,8039,4144,86
5815: 5876,4958,8144,5832,1235,5578
5816: 1461,6230,4285,1696,1949,4334
5817: 3105,5821,5610,7628,3576,3447
5818: 6069,3857,8130,2328,5940,7671
5819: 5801,3868,3073,3860,5634,661
5820: 3021,991,1632,1704,1222,1401
5821: 5318,5817,2101,3105,7688,5610
5822: 6198,3123,1438,3920,3219,5850
5823: 62,5767,1227,3598,2821,2242
5824: 2856,1192,691,1532,4142,82
5825: 5558,4015,4616,1547,3089,8229
5826: 5187,7994,8135,3500,3082,4771
5827: 4255,3729,2052,3364,3439,1950
5828: 5253,3820,3624,7608,1646,4957,2089
5829: 3988,5529,4905,7963,3559,4831
5830: 1319,2573,2000,6194,2603,242
5831: 279,1096,2786,5,1230,2038
5832: 3614,3301,1235,8112,5578,5815
5833: 4422,4161,4134,4184,4448,2657
5834: 265,4242,2371,3209,2060,2370
5835: 118,1704,1222,2572,4385,1303
5836: 1761,7802,4348,5773,729,3062
5837: 8114,3686,7862,5913,8012,7873
5838: 7653,5866,715,5599,1637,3203
5839: 6209,288,3397,2651,546,7557
5840: 1319,2573,2815,230,2793,1475
5841: 2170,1964,5216,5859,2223,3868
5842: 5938,2640,1491,1187,5952,4048
5843: 3308,2622,1967,940,5707,2704
5844: 2952,3014,4404,711,4092,2884
5845: 7653,3462,3203,3241,1130,5524
5846: 2826,2895,3065,8205,798,4108
5847: 5977,1042,7908,5848,3321,3080
5848: 3321,3080,5789,3354,6,5847
5849: 2862,2836,888,465,1521,2835
5850: 3219,5397,3915,3123,1588,5822
5851: 6086,5864,1625,4646,7534,8145
5852: 2377,7515,5054,3877,3667,4671
5853: 5257,7404,2316,7553,2304,8225
5854: 5625,3533,1798,8028,2349,3289
5855: 1042,539,2233,3321,3192,5580
5856: 8161,5336,2450,3466,7861,8230,7998
5857: 2686,2602,1404,6267,412,3148
5858: 5928,3801,621,3920,3139,3904
5859: 5982,2223,3244,5987,2170,5841,5893
5860: 2189,2118,1369,4409,897,30
5861: 5317,4853,3573,8195,3077
5862: 1133,4016,2225,4065,2212,6092
5863: 4120,4197,1804,4417,4299,2905
5864: 5851,1625,4646,187,5884,8237
5865: 1766,2685,3614,1710,3301,5870
5866: 5983,5599,5838,4039,3203,2262
5867: 5801,5930,7603,3073,772,2124
5868: 950,6216,2927,568,101,4410
5869: 2534,7542,6005,3495,3700,2040
5870: 1766,478,2685,5865,6028,7887
5871: 3170,3707,3511,5399,2145,329
5872: 3262,3175,2351,7595,136
5873: 5922,4186,2089,3292,1703,4073
5874: 3733,815,5880,2481,3121,6062
5875: 5432,7947,7960,5943,7389,7266,3378
5876: 8154,4958,7910,5815,5921,8144
5877: 5912,3980,6025,5692,2157,3938
5878: 7029,4443,8216,5950,2125,5096
5879: 3783,5944,1670,5176,3505,605
5880: 3313,3733,815,5874,4015,5639
5881: 437,108,178,5949,2888,4118
5882: 183,5985,3373,5990,3277,1987
5883: 6088,4175,8138,2703,5922,4073
5884: 1690,187,6018,5864,3276,8237
5885: 2319,3597,5887,7624,5345,5671
5886: 7585,3420,3340,5956,2492,4701
5887: 3597,5345,5885,5933,3292,1703
5888: 2205,3998,640,6208,5953,1550
5889: 3650,5001,8023,3185,2355,8150
5890: 6224,4158,5719,1149,6161,2246
5891: 6003,6069,239,3857,3487,8086,3385
5892: 3362,7675,4987,8135,3082,8139
5893: 5051,2200,5859,3524,5987,2170
5894: 6095,2258,2004,4728,3974,2278
5895: 2664,2613,4003,461,5954,8100
5896: 2132,5907,1707,2288,2209,172
5897: 3363,1028,3150,6218,1594,3592
5898: 1159,2385,7965,6721,3237,1031
5899: 5084,1965,6835,5692,2039,4879
5900: 565,2244,103,2712,385,1437
5901: 1563,4085,1556,665,4199,552
5902: 7579,7750,3637,2450,7861,7959,2267
5903: 2408,6906,5317,4718,2055,3366
5904: 3351,6457,5936,8127,5931,1228
5905: 3560,7646,8182,8136,2424,6107,6011
5906: 3863,7221,8121,5948,3094,2211
5907: 2132,5896,7589,172,4184,4203
5908: 5927,3276,7887,1690,3199,3631
5909: 3871,1550,5315,6006,169,3263
5910: 7863,350,7861,7959,7528,7411
5911: 2078,3791,3502,3542,7870,529
5912: 5877,3980,6024,2424,6025
5913: 8012,3494,3916,7862,5837
5914: 2180,8219,3261,5676,2364,5444
5915: 2295,6104,7545,3241,1472,1130
5916: 8023,3941,1271,2355,1958,8095
5917: 2220,7974,4011,5939,7871,1522
5918: 4635,7559,2483,2453,3442,1253
5919: 216,2724,6022,2252,198,2766,824
5920: 8109,6043,6034,5931,2405
5921: 5876,7910,3744,3151,7815,8144
5922: 2703,4186,5873,4073,6083,5883
5923: 1646,7547,4957,5404,4175,8138
5924: 2340,3455,3154,288,4817,1200
5925: 3853,6115,8198,8101,4094,896
5926: 4016,2225,1613,3898,5445,8156
5927: 8232,6028,3276,7887,2635,5908
5928: 3801,621,5858,2196,5941,8115
5929: 847,6804,3166,5429,7970,8129
5930: 5867,8131,5982,7603,4014,3073
5931: 8127,6034,5920,6043,5904,1228
5932: 2897,2967,2838,909,4315,2887
5933: 3775,1703,3597,5887,2613,461
5934: 350,1489,7661,8230,7998,7985
5935: 1934,3009,2016,1301,2768,4159
5936: 3095,6457,3741,5904,8127,6013
5937: 3648,8143,6141,3368,6059,1258
5938: 6020,5842,1491,5952,3974,4036
5939: 5917,2220,1137,5320,2056,1522
5940: 1046,2328,6110,3481,5818,8130
5941: 3118,6229,8115,5928,3801,7574
5942: 1295,3544,6044,5810,3174,3155
5943: 5432,5875,7774,7389,270
5944: 5879,4415,6007,1670,3701,605
5945: 1485,3145,3248,3965,3599,751
5946: 3545,2367,7577,3525,2551,5663
5947: 3938,6061,2092,3070,5189,7712
5948: 3863,5906,168,1548,2211,3261
5949: 1578,1918,2888,4118,5881
5950: 7622,3895,2125,7029,5878,8068
5951: 3637,7575,5674,5483,80,7968
5952: 4048,3974,3542,2278,5938,5842
5953: 6047,1550,169,7540,5888,3998
5954: 2664,4003,6031,5895,6050,1524
5955: 2507,2304,3451,4641,2316,3101
5956: 1224,2492,3255,8168,3412,5886,4701
5957: 5734,6046,3931,1459,1941,5717
5958: 6058,2536,3500,6026,3726,2054
5959: 3726,4080,2054,6052,3334,6038
5960: 7796,7914,3655,1729,7760,3907
5961: 6017,5171,8164,4146,5511,3809
5962: 5712,4271,3968,136,982,1459,5717
5963: 5083,5754,510,7618,7692,4273
5964: 1339,5972,1614,2857,4427,2865
5965: 3539,3401,6222,2641,292,4717
5966: 3300,7539,2421,7597,5631,3274
5967: 1958,6075,3398,5117,725,7943
5968: 5383,6054,7590,3088,4162,990
5969: 1467,1690,6000,3284,3199,6018
5970: 3402,413,1546,3541,5684,7701,3089
5971: 2230,1082,6129,5665,2111,7621
5972: 1339,755,1576,5964,2911,4427
5973: 1605,3165,4039,3094,2211,6032
5974: 5662,4452,2691,7814,1143
5975: 4269,3039,2854,4154,1962,5797
5976: 6046,3071,1941,7601,7648,426
5977: 3695,1042,1729,5847,7760,7908
5978: 1180,3531,455,6014,3151,7815
5979: 2165,7604,8170,6057,3691,4429
5980: 2197,4284,4322,3053,5666,6215
5981: 7643,5051,8108,2200,8110,7635
5982: 8131,5859,2223,5930,3073,3244
5983: 5866,4039,2262,6214,1205,3165
5984: 1726,1399,432,436,1036,4432
5985: 183,5882,1942,7607,3592,5990
5986: 166,965,2195,6021,4433,7613
5987: 8142,3524,3959,5859,3244,5893
5988: 4075,3853,8101,3744,6051,2614
5989: 1766,7550,478,3432,6072,1960
5990: 5882,5985,3592,1594,3984,1987
5991: 5810,3174,539,5181,1095,3695,2525
5992: 3465,3939,7623,2352,3768,724
5993: 5778,5423,3136,2103,3092,1546
5994: 4061,4261,2445,8184,2455,3418
5995: 2048,5657,2092,3829,7712,167
5996: 4180,2282,5701,4229,5488,5733
5997: 6017,4440,8192,2153,6040,1507
5998: 3706,2498,3551,7571,6074,3109
5999: 2718,528,4136,3882,389,834
6000: 1467,1568,3199,5969,3715,3551
6001: 3700,2040,3618,4945,5092,6103
6002: 2180,1548,5737,6032,6060,3975,7913
6003: 6069,239,3857,4669,4898,5891
6004: 840,1241,4104,6111,1257,4434
6005: 2534,3515,7542,3895,5869,1296
6006: 3871,1550,5909,2205,2686,2602
6007: 5944,3701,3430,605,3206,3745
6008: 7626,5015,3930,3994,3495,2025
6009: 1967,4097,6175,7987,7627,3540,3308
6010: 7981,2309,6082,7566,3785,3886
6011: 7535,6107,7637,5905,8182,8136,3458
6012: 3644,6089,3780,5718,2604
6013: 2235,5146,8127,573,3741,5936
6014: 455,5978,7634,2339,3432,3151
6015: 5135,3977,7639,3979,4812,2496
6016: 3294,7974,4682,4011,2236,1145,8204
6017: 5997,5961,4146,4440,5511,8192
6018: 1690,724,187,3284,5884,5969
6019: 2149,6065,2388,4097,7987,7971
6020: 5938,3945,1491,4036,3560,5448
6021: 1367,196,1541,965,5986,4433
6022: 198,5919,2502,824,6136,365
6023: 3672,6042,3273,6041,2487,7082
6024: 5912,7646,3305,2424,8180,6025
6025: 5877,5912,3305,6024,3938,6061,769
6026: 6058,5958,2095,3726,6100,6120
6027: 3320,5645,3874,4558,7621,2444
6028: 8232,5927,7887,8200,2685,5870
6029: 4427,4150,868,371,2865,2907
6030: 4181,1295,6048,8181,3544,4263
6031: 2664,694,7573,5954,1524,4179,4436
6032: 1548,2211,6002,1605,3975,5973
6033: 2326,7558,4318,3114,621,3904
6034: 8127,573,5931,8116,2405,5920
6035: 5694,3548,5298,5423,4059,3092
6036: 2326,5735,4318,4376,1598,6166
6037: 3275,1618,5768,7913,4259,151,5737
6038: 3334,1056,2437,5959,2054,4865
6039: 2143,862,3706,6074,3183,1299
6040: 5037,7642,2153,5997,1507,4364
6041: 3672,6042,6023,1994,3325,3355
6042: 3273,6041,6023,2404,3325,8227
6043: 5761,5920,8109,7962,5931,865
6044: 5942,2506,3544,857,6187,3174
6045: 7678,4235,1968,6160,4465,8189
6046: 3,5957,3931,3071,1941,5976
6047: 6059,5953,169,7540,3467,8143
6048: 6030,2506,8181,3544,5704,735,1211
6049: 2142,3440,1102,5465,740,4604
6050: 4003,5954,1524,5740,4024,5202
6051: 3744,7815,1180,2720,2614,5988
6052: 2344,3726,4080,5959,4095,6100
6053: 1576,2911,177,326,1718,3051
6054: 5153,5136,3759,7590,5968,3088
6055: 1160,1642,1441,1283,4439,338
6056: 253,2779,879,6119,4438,203
6057: 2165,5979,8170,853,2547,4429,286
6058: 3838,5958,7994,2095,3500,6026
6059: 6047,1258,169,3263,5937,8143
6060: 2180,5676,5737,3190,6002,1618
6061: 3996,3938,769,2092,5947,6025
6062: 2292,3121,3733,5874,571,4055
6063: 2522,7660,3972,2577,3620,8058
6064: 3311,5637,6516,412,4717,3539,3638
6065: 2149,7679,5668,2672,6019,7971
6066: 6124,2174,2508,7693,1200,1122
6067: 1350,2615,2653,2030,925,2582
6068: 1320,794,1275,1023,17,1239
6069: 6003,3857,5818,5891,8130,3385,4029,7671
6070: 7547,3106,2321,8137,7663,4163
6071: 3248,5814,3599,4144,7580,2391
6072: 3715,3631,1960,7571,478,5989
6073: 3210,4257,2341,5757,1092,7683
6074: 5998,3706,2498,3359,6039,1299
6075: 3545,1958,5967,3525,8095,3398
6076: 907,2655,3183,1758,3758,3587
6077: 6131,3522,6091,404,644,6103
6078: 2361,8045,6173,3297,2058,2420
6079: 2231,6112,5662,2524,2691,1407
6080: 165,1285,7521,3454,3453,2079
6081: 2359,4239,2446,3908,3675,6217
6082: 7981,6010,3332,3886,1418,6276
6083: 2703,5922,4186,8081,1574,8163
6084: 6147,7676,2748,698,1561,1552
6085: 5558,815,3402,3492,3537,2481
6086: 5851,4479,2516,1625,8187,8145
6087: 4313,4297,7670,854,8055,1284
6088: 4175,2321,5883,2703,923,6096
6089: 3644,7632,6012,4240,3780,4220,4226
6090: 4240,860,7704,4220,884,4258
6091: 2194,3522,6077,6152,644,2678
6092: 2212,4371,1566,2137,5862,4065
6093: 2260,253,1361,4119,4438,2021
6094: 6109,837,3890,2705,78,1091
6095: 2258,6107,5894,3974,4036,8182
6096: 2277,106,6088,2703,923,3858
6097: 6156,7802,4348,1177,392,4449,7732,2263
6098: 3967,751,2391,8234,3248,4652
6099: 146,3565,4058,1982,1434,7602
6100: 564,2344,3726,6052,6120,6026
6101: 4444,2732,4200,1812,592,8206
6102: 5713,1469,914,1648,6162,2858
6103: 2040,3618,6001,404,6131,6077
6104: 5915,2295,7545,1969,1472,3947
6105: 291,1242,1128,33,1150,2922
6106: 4075,3872,3471,3853,2713,354
6107: 6095,7535,2258,6011,5905,8182
6108: 1831,2990,615,159,4157,439
6109: 2523,3479,837,3890,5783,6094
6110: 1046,2055,5940,3120,3366,8130
6111: 778,2737,1103,1257,4434,6004
6112: 2231,2524,6079,4158,1017,1149
6113: 2717,1986,3876,3926,4005,4951
6114: 4153,2521,5715,1131,2069,7780
6115: 3471,3853,5925,7684,8198,4758
6116: 2704,2210,2832,2583,4004,2531
6117: 970,986,256,1914,397,1916
6118: 3440,1102,6225,1581,5278,2449
6119: 545,2780,681,4438,203,6056
6120: 564,6100,3294,7691,2095,8204,6026
6121: 3534,102,8096,5076,2689,953
6122: 3441,5660,3466,2522,3972,3477
6123: 8064,2420,4071,8075,4019,519
6124: 4817,4643,2508,6066,7693,1200,6576
6125: 4460,2716,7718,613,2951,2543
6126: 2523,4062,519,2058,3535,1233
6127: 7703,2079,4848,266,3676,3944
6128: 634,2160,7698,1113,7713,7587
6129: 632,1615,3182,2230,1082,5971
6130: 2862,1724,465,5772,446,2794
6131: 2593,3522,6077,3618,6103,6146
6132: 4446,4458,134,532,2732,4200
6133: 2162,1559,7706,3129,3893,2253
6134: 3210,4257,2116,1957,113,3681
6135: 5133,1747,3341,3912,1998,1447
6136: 4397,5227,274,6022,198,2502,365
6137: 4218,3369,918,1797,2715,3405
6138: 3531,455,1299,4562,3587,3359
6139: 5288,3091,4352,4230,7705,2024
6140: 3894,2067,1682,3765,4083,4232
6141: 5679,3648,1133,5937,8143,8146
6142: 5700,2325,4319,3430,8070,1541,3745
6143: 4254,2311,641,3091,4289,227
6144: 98,4463,779,577,938,490
6145: 2071,3184,3328,2434,2136,3482
6146: 5678,3618,1108,6131,2593,3750
6147: 617,1525,160,6084,7676,1561
6148: 2310,4291,5699,5711,258,4358
6149: 669,3748,7708,8231,4008,2061
6150: 2638,3964,4069,4077,2172,3811
6151: 4323,4372,3765,271,4112,5352
6152: 7611,1518,644,7668,2678,6091
6153: 4227,129,65,3061,1037,4070
6154: 293,3999,7691,3294,7974,7871
6155: 6172,2737,893,1103,4453,4213
6156: 6097,5722,1963,2576,4348,1177
6157: 4209,4242,4280,5686,4174,2370
6158: 120,2426,2695,242,1490,1788
6159: 3475,360,2044,559,220,2930
6160: 2783,1968,6045,4465,980,2774
6161: 2218,5708,2246,656,5719,5890
6162: 2858,369,2863,4265,6102,1648
6163: 75,2241,817,5724,3124,4276
6164: 202,3792,2675,7767,1326,4262
6165: 8207,5356,7696,5163,7652,8013
6166: 3546,8016,2007,5735,6036,4318
6167: 6209,4185,924,2417,7771,7
6168: 3906,4177,3879,447,4047,894,275
6169: 4153,2521,2510,2648,165,339
6170: 2742,1886,759,3029,781,59
6171: 4206,3090,784,1423,643,245
6172: 7710,3050,2737,6155,4453,8223
6173: 6078,8045,4029,3297,8186
6174: 2320,231,4098,1093,4317,393
6175: 1967,4407,3925,1571,6009,7987
6176: 325,4215,2581,1430,4325,1323
6177: 22,4329,2795,5772,1099,8153
6178: 2605,2771,2086,3806,93,5763
6179: 1605,5774,2671,1393,3975,1053
6180: 1711,3303,2403,5741,4151,2243
6181: 854,1284,2715,904,4373,918
6182: 4256,4078,7919,1132,4349,1483,5776
6183: 1651,3052,1033,4,2877,1209
6184: 3713,6889,5793,3259,929,3470
6185: 1115,2166,2912,7954,548,1602
6186: 7991,4214,2438,2537,1237,4217
6187: 857,3423,3482,6044,2525,3174
6188: 1756,1006,1163,4299,1435,2564
6189: 2073,7962,8128,1323,3735,7988
6190: 5809,2790,3004,4390,2105,2270
6191: 701,4188,87,867,7967,1537
6192: 5809,4116,309,4294,8203
6193: 2202,1013,3562,3630,3333,506
6194: 2603,2836,888,6203,1319,5830
6195: 2973,1632,2122,4099,2313,2999
6196: 1746,5736,3598,2402,1750,4377
6197: 3400,5805,957,2694,2414,4384
6198: 1438,5822,2144,5224,3219,5512
6199: 5066,1057,6556,2032,7972,4509
6200: 2526,3546,2007,3141,3636,354
6201: 2651,3750,546,7620,1045,3252
6202: 8226,2702,3856,8019,697,2305
6203: 6194,2836,673,2915,1319,2815
6204: 5686,5094,8201,2060,2370,2325,8025
6205: 4651,8119,3965,2367,7682,5663
6206: 3032,438,3037,1414,777,1624
6207: 2701,5749,4303,1079,516,3669
6208: 3539,3401,2205,5888,640,3638
6209: 5839,3397,2651,6167,924,2417,7771
6210: 1435,4356,5785,975,616,2816
6211: 3778,4214,2073,323,2537,8039
6212: 7694,3139,3904,3636,3872,3114
6213: 8055,3572,1322,2539,2577,3506
6214: 5983,2262,315,4068,3561,1205
6215: 4064,8179,3718,2034,3053,4284,5980
6216: 4176,950,2927,2753,5868,4128
6217: 3112,3144,3675,703,6081,2359
6218: 2190,2019,3663,1028,5897,1594
6219: 3037,1063,777,5813,4453,8223
6220: 3775,3117,8081,2664,2613,7573
6221: 8085,183,3373,4479,1779,7544
6222: 5965,2193,3401,3831,2182,640
6223: 7643,3993,5672,715,3926
6224: 2432,773,4158,3481,5719,5890
6225: 7818,2501,3440,7982,6118,1581
6226: 5005,3723,8006,239,3487,8035
6227: 1578,179,1582,3006,450,8102
6228: 3937,8231,5299,2314,2061,8100
6229: 4593,5941,8188,5591,3118,7574
6230: 1029,8209,1461,3850,7733,5816,1949
6231: 2379,6869,4674,7176,3958,6736
6232: 5642,38,7397,9650,3119,8254
6233: 7159,1562,8788,9431,8255,9267
6234: 6594,3299,3126,8810,7197,8256,8605
6235: 1562,9035,8808,3125,8388,8257,4882
6236: 2380,6896,4677,6931,9069,8680,6872
6237: 7403,7395,9418,8781,4473,8259
6238: 7197,7119,8256,8261,8709,5285,9299
6239: 8262,9134,6265,4678
6240: 3130,6949,7213,5359,1094,5561
6241: 7359,3131,8263,8280,5494,7290,9587
6242: 9472,6313,4732,8319,8612,6875,2382
6243: 6785,4595,821,6549,6941,8866,8816,2693,3132
6244: 3940,8255,8257,8265,9045,4882
6245: 4773,4684,6476,8267,6390,7074
6246: 43,9081,8268,7427,4503,3652,8437
6247: 9049,6935,8270
6248: 7749,28,7039,7783,6970,2077
6249: 7336,4912,3134,5369,7224,7227
6250: 7932,8271,4685,3281,4870,8565
6251: 7468,2129,8272,8687
6252: 7099,3774,8273,9099,9328,5166
6253: 3137,5380,7018,45,4581
6254: 3484,6604,8274,8643,4689,9110
6255: 1593,4821,3476,3527,8275,8690
6256: 3138,8824,5382,8276,8447
6257: 3485,7523,8277,8375,8644,8761,6387
6258: 38,7397,8246,8278,8329,8376,8587
6259: 6617,1351,8279,8290,8934,6966,8622
6260: 4533,6961,2478,7443,3486,4694
6261: 6277,6585,6411,9058,3491,7089
6262: 977,6881,7119,9360,9558,42,8282
6263: 7203,6419,9485,273,5353,525,8283
6264: 7036,6555,8249,7427
6265: 4678,9353,6578,8285,6239
6266: 9636,8286,8620,4854,4916,8969,6746,6853
6267: 5398,5857,3651,8126,1404,5004,3148
6268: 1606,4921,6888,2213,6726,5560,7353,9625
6269: 6384,3149,8374,8832,6893,9021,8287,8412
6270: 425,7636,4035,7323,6698,8288,8739,9608,5525
6271: 6915,1351,9067,9048,8290,8840,1609
6272: 7258,8291,8770,4858,6723,5458,53
6273: 6870,3699,4703,8292,6994,6844,9310
6274: 5261,6863,947,4704,6616,7741
6275: 4666,7537,4519,53,8251,3575,9183
6276: 1418,1362,3813,6082,3332,5007,6813
6277: 6261,1599,6585,6846,2698,8293,9058
6278: 2398,9693,8294,4582
6279: 2533,4510,6629,4707,3493,7019
6280: 3159,1993,3995,6765,7055,9191
6281: 2406,6502,8514,3391,8295
6282: 4849,1971,2584,4923,8461,63
6283: 7272,4613,5115,7926,7898,7844,8236,7872
6284: 2400,6899,7745,4799,4710,6326
6285: 6719,3161,7274,6900,5019,5420
6286: 9403,4711,1363,7146,7433,4973,8298
6287: 5427,2346,9578,8300,8457,8740,6847
6288: 7416,7377,2154,6854,8269,4486
6289: 6903,5430,8301,8638,9381,9405,9527,9639
6290: 4715,6625,8807,8302,8666,7431
6291: 7280,7298,3167,7021,6378,8394,8857
6292: 6343,6786,8304
6293: 5435,3169,5570,5432,7774,4495
6294: 5243,9181,3498,2690,6589,4719,8305
6295: 5031,5567,8863,3171,8306
6296: 2413,287,6908,6711,4721,4478
6297: 7980,88,2550,4547,3188,6871
6298: 4746,4999,8670,8308,8339,2283
6299: 9481,8310
6300: 6696,6911,2416,5351,3267,4724
6301: 5588,3875,8311,8264,9444
6302: 1662,8312,8719,8902,9092,6805,5528
6303: 5322,4725,8313,8506,8811,8879,9277
6304: 5447,3179,3549,6978,5413,9130,7475
6305: 4818,8314,8391,7460,9227,8326,1943
6306: 4726,8315,8649,5267,9211,3844,9420
6307: 3805,6992,4727,6337,9692,8316,9156
6308: 9707,8452,5449,6456,8873,8317
6309: 102,8096,8397,8496,5173,6488
6310: 3529,6385,6673,1781,3230,6402,8387
6311: 3193,6870,9152,8292,8991,5209
6312: 8318,8737,8917,7164,9095,4981
6313: 9472,5540,6242,3229,8319,8356,6827
6314: 7413,3105,7688,9250,88,7343,2505
6315: 7803,4592,7498,8529,9072,6546,2348
6316: 92,9682,8320,9303
6317: 1676,3682,7044,4519,7435,4994
6318: 4736,4800,7206,8322,8425,9212,8411
6319: 3193,3503,8991,9127,4729,8323
6320: 5308,7063,3461,4591,7479,4737
6321: 7041,8325,4573,7315,8508,5450,9396
6322: 9576,7275,8266,1943,8326,3195,8883
6323: 1681,8327,8898,8926,9501,6731
6324: 8328,9187,4738
6325: 4577,7440,8330,6735,8780,2139
6326: 4710,4739,5409,4799,6284,2485
6327: 5479,6654,8332,4952,6784
6328: 5242,8333,9179,1687,6533,8556,8754
6329: 7169,9443,5248,4740,7379,4760,9640
6330: 2158,6360,7304,5482,8289,3232
6331: 2594,9427,5486,8334,9389,9597,7306
6332: 2480,4549,3399,4741,3431
6333: 5641,3319,5062,2430,6740,8335,8663,8999
6334: 5618,8983,9535,4052,4836,9641,8893
6335: 3654,8918,8336
6336: 708,7451,8337,8526,8578,9302,6712
6337: 4578,6307,4727,8316,8339,8651,8670
6338: 7149,6660,8340,9483,4714,4956,7309,9405
6339: 7334,8341,8763,9448,480,8671,9271
6340: 9601,4743,7015,8342,8903,9446
6341: 7511,9713,7192,8242,8296,8343,2083
6342: 7406,4749,2514,5650,2435,7645
6343: 6292,8344,9321,3213,8304,8550
6344: 4749,5590,7247,7338,3214,5060
6345: 4750,5390,7250,6462,8244,5192,6971
6346: 7085,4751,8346,9566,5067,687,9006
6347: 3217,8347,9603
6348: 5636,9647,8349,5355,5598,9518,9124
6349: 2554,7860,3324,4754,4786,5647,7179
6350: 3220,5493,7310,4060,5515,2082
6351: 4755,8351,8676,8711,6655,3514,8695,8798
6352: 5518,8352,8575,8915,4577,8330
6353: 7369,173,7489,4609,8307,8892,6793,4964
6354: 1662,6678,9574,3223,5194,7214,7271
6355: 1728,8353,3899,9129,9462
6356: 2379,3224,7326,6869,5469,6684
6357: 6399,908,3195,8354,8384,8679,8919
6358: 5540,8356,8697,4954,8880,8923
6359: 7556,1667,5649,3327,6440,3230
6360: 6330,5283,133,8289,7112,5548,3232
6361: 7009,7429,9670,3234,8358,2520,4675,8627
6362: 4838,7469,3516,8359,8471,8747,9142
6363: 6732,3235,7051,8997,1220,7349,8848
6364: 2452,4760,7805,5614,6662,8361,9640
6365: 5559,6368,4984,3238,6708,3969,3639
6366: 741,5452,8362,9398,6829,3239,8931
6367: 4603,6718,8363,9339,4991,8933
6368: 1748,917,5654,4984,6365,3238
6369: 3242,322,4607,4692,4685,4870
6370: 3722,4762,6747,6886,2639,9065
6371: 8364,9496,9521,9115,8940,9335
6372: 5098,6854,3269,6395,5602,197
6373: 3914,7131,6712,6567,5579,8598,7451
6374: 6809,3642,5581,7408,8366,8948
6375: 7510,4765,8367,8393,7504,8985,346
6376: 6570,1769,8551,8604,7071,8368,4866
6377: 4766,1371,4774,8688,7716,6393
6378: 7280,6291,7021,2535,4863,3258
6379: 7502,3309,6936,7005,4767,2457
6380: 4645,6961,2478,6416,9673,7436,208
6381: 9341,8370,8724,9471,7125,9372
6382: 618,8531,8686,8371,8689,6901,4770,8446
6383: 7360,5059,9630,6862,8372,9050,5107
6384: 6269,9579,3264,8374,9634,6893,9022
6385: 6867,6310,4659,6440,1781,3230
6386: 3526,5301,6668,5437,4772,1948,1107
6387: 1604,8956,9062,6257,7523,8277,8375,6821
6388: 4057,6430,4655,9669,8376,8587
6389: 6873,6519,8769,8707,5112,8377
6390: 7074,3480,7819,6601,7752,4773,6245
6391: 1719,5048,6911,2416,8379,7489
6392: 6867,5109,8593,224,7168,6878
6393: 7714,3824,7716,4774,6471,6377
6394: 3268,5600,8382,7189,2687,3821
6395: 3703,3269,2469,7501,6372,5098
6396: 6670,9150,8739,2187,8713,8275,8383
6397: 4705,229,4576,2315,7470,6813
6398: 3272,3992,8705,377,6487,6411
6399: 6357,8384,8679,8919,4778,9467
6400: 2381,4681,5121,4780,2363,6859
6401: 9678,5608,7376,3278,9639,8386,9126
6402: 6673,6310,7426,4502,9667,4781,8387
6403: 5131,6900,1810,2709,6541,4872,7066
6404: 3168,3282,7380,5487,7401,5130
6405: 1456,4784,8388,1940,8808,9222
6406: 7293,4467,8395,9590,8389,1118
6407: 3111,6865,3694,8390,8701,8797,5235
6408: 7630,5623,7385,7375,4045,1955
6409: 5412,97,4788,6446,8314,8391,8703
6410: 3290,8392,8806,8855,8975,3164,4617
6411: 6261,4789,9058,3491,377,6398,8705
6412: 4790,7463,8707,5112,7816,4474,3411
6413: 2347,4791,7021,8394,7191,5080,9018
6414: 7104,9336,6877,6513,8396
6415: 3756,4792,8397,4942,7461,9686
6416: 2478,6380,4793,7242,9673,6700,4520
6417: 8398,5630,9104
6418: 4795,4985,8522,6963,8400,6635,8677
6419: 6263,8402,9380,9485,273,5292
6420: 7069,6965,3865,6632,4797,5108,8712
6421: 674,4798,8802,8405
6422: 5233,8406
6423: 8177,8071,2323,2485,4620,4799
6424: 5427,9578,8409,5586,9543,4031
6425: 5479,7303,8411,8716,8887,9423
6426: 3314,3438,8414,8177,2485,4739
6427: 3991,287,3640,2169,4712,6686
6428: 1959,3547,4803,8416,9210
6429: 7400,5303,5648,8419,8663,9008
6430: 4057,6388,3156,8960,8420,219,8376
6431: 4806,3158,3179,3419,6535,2560
6432: 121,7172,5643,8281,9445,9652,8422
6433: 6597,4807,6512,9150,3476,3527
6434: 5362,7115,5644,9317,5062,8424,9355
6435: 4550,5476,6691,7301,4808,8715
6436: 7467,7372,4572,4720,4041,303,8506
6437: 7482,5622,8468,4809,8427,9319
6438: 3326,4907,7048,7402,3602,5244
6439: 4810,1327,8430,8736,8775,1106,8920,9522
6440: 6385,4659,3230,7508,3327,6359
6441: 304,5207,8432,9158
6442: 814,6779,8856,9340,8434,8727
6443: 3900,7117,4815,4052,5365,7260,9562
6444: 4556,5334,8436,3331,3883
6445: 2621,3554,6702,8438,8562,8967
6446: 5412,4788,6409,8391,9114,3501,8439
6447: 314,7234,8657,9323,9517,4733,7492,8440
6448: 7078,5264,8441,9278
6449: 8443,9442,9144,7076,8774,9294,944,8692
6450: 2408,6906,7659,5611,3338,5652
6451: 1593,4821,8445,8743,9054,2621,8823
6452: 321,8449,4738,4571,9699,8661
6453: 6825,7097,9605,8450,7318,5275,9219
6454: 708,8451,8578,9302,5093,9030
6455: 5659,3930,7414,7226,5015,3349
6456: 4826,5449,6469,9394,6308,5013,8452
6457: 5667,3095,3351,4468,5936,5904
6458: 7127,3910,7228,588,4827,7319
6459: 7195,1940,8454,9120
6460: 7492,9704,8457,8740,9171,8746,3558
6461: 4476,3357,7255,8460,3115,9624
6462: 9685,4750,7250,6345,8463
6463: 7707,1944,3223,9232,5194,1993
6464: 7407,6751,9642,3360,6711,4478
6465: 3574,448,6563,4815,4836
6466: 7100,8465,8985,9680,7504,6470,9709
6467: 8410,8466,7412,9025,4483
6468: 6962,7444,1951,4534,5203,8696
6469: 4826,5449,9394,8470,6456,8556,9175
6470: 8359,8471,9330,9709,6466,7100
6471: 3371,4774,7536,7180,7714,6393
6472: 4955,8473,8749,8882,3799,8996
6473: 7136,3372,5014,6588,7420,9662,6747
6474: 9206,8474
6475: 8477,9157,3842,3093,7006,9172
6476: 364,4773,7795,6245,8267,8404,4662,2075
6477: 8874,4841,454,8479,6781
6478: 6583,6486,2072,9382,4498,8619,8431
6479: 6604,5252,8407,8480,9110,7064,9270
6480: 3376,8481,8773,6799,1780
6481: 7516,7848,7520,4843,2428,3473
6482: 7299,7141,6993,3928,7339,1970,3102
6483: 5116,7429,9056,8523,9670,3380,8487,9036
6484: 1971,6719,2584,3161,5222,7016
6485: 4506,8490,9177,4846,7426,8489,9001,9667
6486: 6478,9040,2072,8492,8624,9382
6487: 7373,6863,5605,377,3272,6398
6488: 2689,1975,5173,8096,6309,5228
6489: 5120,8495,8868,9060,9327,9672,3721
6490: 6838,8949,9691,2579,7060,8497
6491: 3384,4647,7503,7889,2475,6955
6492: 7776,3611,5087,5231,6543,1978
6493: 7162,3962,464,7183,7300,3854
6494: 321,3386,8449,8458,8498,9044
6495: 1979,6545,9253,8500,8790,7030
6496: 5431,3258,3387,7364,6519,5589
6497: 7174,3956,1980,8505,9411,3499
6498: 8510,9424,9186,9404,7442
6499: 7500,8511,8762,9320,4691,8620,9112
6500: 7415,4605,4485,4533,4030,7443
6501: 4855,7763,4474,3411,4835
6502: 2406,8417,6281,9678,5608,9034,8514
6503: 4856,7240,8515,8764,8777,8929,9347,7109
6504: 3393,4755,5282,8351,8518,9229
6505: 6754,8807,8302,8520,6580,3564
6506: 401,9488,8524,9449
6507: 5214,2669,4857,7162,6780,1392
6508: 8752,8478,8526,9687,3396,4564
6509: 7083,4858,7124,6635,9284,9306,1217,8677,9236
6510: 7101,8527,8787,8947,2609,3316
6511: 7147,5308,1234,3461,8528,4654
6512: 6597,4807,6433,8530,9343,7238
6513: 3295,8396,8980,4860,6414,8534
6514: 3605,6760,8820,4915,8535
6515: 3403,5168,5052,8536,8875
6516: 5637,6064,412,4811,3148,3638
6517: 7060,6811,8497,8539,4862,8626,8900
6518: 9230,7322,3607,5247,6765,9191
6519: 6873,4863,3258,6496,5589,8769,6389
6520: 5349,6817,8543,8907,9530,5071,9269,1995
6521: 3409,8546,9478,9654,7462,7199
6522: 8328,4864,6727,8548
6523: 2062,6902,424,7572,4501,7425
6524: 7463,6710,3563,3411,6562
6525: 6669,3627,8892,6793,4964,2001,6675
6526: 7173,9448,480,7076,6570,8551,9294
6527: 7467,3595,4572,9408,7114,3414,5322
6528: 8553,8690,8734,7249,425,4775
6529: 6562,3415,6770,6758,466,4855
6530: 5244,3580,7024,6730,7402,8779
6531: 8555,8833,3336,8441,9278,8525,7053
6532: 7472,8513,6782,3416,4740,9252
6533: 4826,3564,8470,8556,8754,9175,6328,5242
6534: 364,4684,4868,8240,8267,8561
6535: 8026,3419,6897,2560,5128,6431
6536: 8563,9457,9618
6537: 2396,4524,7586,7552,4701,3420
6538: 4650,7505,8271,3235,6879,8565,8997
6539: 7083,2591,2017,8569,9284,3152
6540: 5535,3421,7330,4639,4763,2454
6541: 7212,9039,5101,8977,6403,2709,4872
6542: 3434,4761,2644,7881,448,5343,4610
6543: 5231,3422,1978,7024,7478,6492
6544: 2023,6834,5024,7891,5283,7474
6545: 6812,6495,9253,8500,8573,8860
6546: 4624,7894,1688,3424,7803,6315,9072
6547: 6771,8575,9291,9365,9452,7121
6548: 8503,8576,8685,4875,9135
6549: 1173,6243,821,6941,3425,5165
6550: 8276,8577,8753
6551: 2334,8373,8580,4947,4876,8796
6552: 5290,2029,1217,3575,8581,8843,9236
6553: 4844,6927,3761,3344,7955,9063,5079
6554: 9075,7466,7485,8504,4602,8538
6555: 7036,6264,9216,9614,8249,8586
6556: 6745,5066,7130,6199,2032,3381,9040
6557: 1479,6683,6744,8588,8714,8726,8802,5521
6558: 5530,7326,464,6875,2382,1392
6559: 5389,7133,9386,8589,8650,2033
6560: 6732,1304,3431,7051,4549,4648,8579
6561: 7038,8591,9468,2517,8484
6562: 6529,466,6524,3563,4855
6563: 3434,7220,448,6465,4815,5365,1419
6564: 7284,9390,9694,4583,5441,2023
6565: 5379,3751,3435,8552,8595,9080,5209
6566: 472,8596,6984,9546,9143,9119
6567: 9497,7215,7359,8945,9629,8598,6373
6568: 7723,3521,4888,3773,4547,3188
6569: 5120,2049,8602,9260,4941,1203,8652
6570: 6526,7173,6376,1769,8962,8551,8604
6571: 9086,8410,8606,3445,9009,9041
6572: 8673,8681,8803,8818,8608,9379
6573: 7528,2267,4512,2586,3346,7720
6574: 7208,3991,2169,7499,2392,8610
6575: 2596,2059,3740,4946,6647,7090
6576: 6124,4817,4643,7605,3555,3452
6577: 9053,7178,8238,9458,6693,4501,7128,9380,6918
6578: 6265,5396,9353,8285,8613,8830,9354
6579: 3457,7344,4647,7503,4518,7434
6580: 4837,3564,9175,6754,6505,8614,8520
6581: 3967,5065,7677,8119,3460,832
6582: 2563,4906,7043,8517,8617
6583: 6478,2072,6960,9106,3375,8619,8431
6584: 4967,4907,7048,6674,3563,466
6585: 6261,6277,8293,4908,7184,7089,8847
6586: 9098,8623,6996,3468,9161
6587: 7141,4933,5471,2589,6628,4909
6588: 456,7002,3372,6473,4492,7420,3469,9662
6589: 3498,6294,4719,4910,1787,6627
6590: 7061,6789,8483,8625,8629,9263
6591: 2221,3472,7410,7834,4670,8408,9101
6592: 3755,7222,9505,6734,2077,8778,9322,6665
6593: 5309,1016,8626,8900,9258,2569
6594: 6234,7391,3299,8358,9646,8605,8627
6595: 9362,8625,8629,8837,8989,9085
6596: 148,9052,8964,8241,8242,8296
6597: 6512,6433,3476,407,9550,7238,4021
6598: 1992,1260,8535,8870,9701,6790,8634
6599: 5628,7233,2082,9329,9510,7310
6600: 7014,8637,8969,9184
6601: 4739,5409,7819,6390,3480,8414
6602: 7236,2083,9146,9628,3800,5199,8639
6603: 7513,6921,8597,8641,9057,9207,4918,3606
6604: 6254,6479,8407,8643,9110,8953
6605: 4584,7475,8521,5222,4919,6689,3549
6606: 7092,6865,9320,3694,3485,8885,8644
6607: 4021,8243,8418,8646,7418,407,9661
6608: 3159,5543,2213,7055,4921,7351
6609: 7223,3668,9272,9476,8648,4557,2091
6610: 3486,5635,4656,3390,6991,4494
6611: 2093,9268,8720,9189,9243,8650,2033
6612: 4941,561,6639,8502,8652,9005
6613: 6858,126,63,5101,3582,8653,8780
6614: 5335,3490,2372,4702,8655,7188,7202
6615: 2660,7884,2096,5406,5620,7864
6616: 1413,4704,3491,6274,6863,377
6617: 6259,1351,8279,8290,8658,8840,8622
6618: 6843,8248,3393,2098,4540,2343,7448
6619: 7373,3493,947,7019,7811,7866
6620: 3609,9516,6767,9212,8660,8829
6621: 4777,5139,3737,5505,2100,5280
6622: 4928,6907,8854,9038,6752,8662,8864
6623: 7453,578,3666,7810,5510,7106
6624: 8114,2102,3686,2261,8034,4509
6625: 6290,3497,4715,8428,8666,7507,9710
6626: 4672,6773,8838,4932,3612,6636
6627: 8707,1787,8377,8669,3498,6589,8769
6628: 2589,2632,7077,8572,4933,6587
6629: 6279,4510,3499,4707,1980,8505
6630: 9257,5249,1995,8672,9195,7059,8810
6631: 588,1512,4973,7259,4051
6632: 2107,3865,8608,6420,4797,8673,8712
6633: 2590,7079,8674,9162,4935,6699,3552
6634: 8454,8675,9122
6635: 6509,7124,9306,6963,6418,8677,9236
6636: 7063,6626,4932,7479,3612,594
6637: 7027,2538,9237,6870,3699,8678
6638: 7638,5251,5367,4940,8890,6667,4963
6639: 4941,561,6872,6612,9026,8680
6640: 74,5025,8118,5442,8467,4543,7976
6641: 5223,4517,3507,7001,4049
6642: 2594,8334,8545,9314,3202,9686,8889,9366,4942
6643: 7281,602,9428,8522,7157,883,8664,9154
6644: 9133,8829,8851,4944,8682,8659,6767
6645: 2595,8315,8547,8649,8683,8871,9316
6646: 4746,8503,8651,8670,8685
6647: 4946,6791,2612,7799,2059,6575
6648: 7369,173,5446,5355,2127,9309,8307,5316
6649: 3584,2594,4876,9427,5486,8789,8796
6650: 6672,6971,7023,4750,3628,3512
6651: 2129,8508,8687,5450,6788,8253,8872
6652: 6979,5461,8389,8689,618,8970
6653: 3513,9043,2650,5142,5658,8691
6654: 6327,5479,9423,6784,7088,8694
6655: 3514,8695,8944,6351,8711,8890,6667
6656: 7494,9615,9705,1218,8880,7333,8697
6657: 3963,5477,8509,2546,7186,9220,8698
6658: 4955,8423,8600,5014,7420,6787,8700
6659: 3665,3625,5583,6791,8537,628,5028
6660: 3208,6338,1645,8340,8702,5627,4956
6661: 3221,9588,7187,8258,5518,8704,8915
6662: 3518,7805,6364,8361,4764,6851,7781
6663: 5389,7248,9346,8904,8260,8708,9378
6664: 2234,6742,3625,4946,7090,4960
6665: 5184,2077,7749,6592,3755
6666: 4961,1649,8710,8867,6786,9084
6667: 7638,6638,8890,6655,8518,8711
6668: 2275,5381,5301,5437,6386
6669: 7430,3627,7068,4507,6525,6675
6670: 4807,5571,9150,6396,2187,8713
6671: 3208,4808,3932,1645,8715,2154
6672: 4966,6795,6650,5158,9128,6971,3628
6673: 4846,6310,1781,7426,6402,8387
6674: 4967,2567,6584,4907,1991,2609
6675: 6669,7068,6525,2001,2158,7304
6676: 2022,7617,5410,4969,3738,6909
6677: 4971,628,1213,5154,6938,3760
6678: 1662,974,4972,6973,6354,8719,9119,5194
6679: 1512,4973,9295,4711,8245,8720,9296
6680: 1584,8721,6850,7311,9435,2167
6681: 7283,5042,8722,8910,8951,1609,8558
6682: 5498,4542,3815,9397,5009,2168,7449
6683: 7245,6557,1479,6794,8714,8726,9536
6684: 5469,6849,8857,4976,6356,3224
6685: 675,6801,5114,6876,7419,6757
6686: 4638,4712,5501,5467,7976,6427,2169
6687: 5350,7199,8668,4745,8755,8728,8718
6688: 5428,4978,8250,8730,9357,3771,7278
6689: 3419,6897,7016,5222,6605,3549
6690: 5554,7347,7219,8732,9503,8914
6691: 5476,3550,7453,4550,6435
6692: 5510,2177,9698,578,6926,4594,5489
6693: 4980,5148,8430,8736,9053,6577,6695,7178
6694: 5388,7194,7743,7370,7765,2181
6695: 3552,7178,9458,8861,4980,8430,8736,6693
6696: 7201,687,2416,6300,4751,5351
6697: 7345,5552,9620,8737,9479
6698: 425,6270,4775,8739,5525,8383
6699: 4935,9285,5415,6633,7270,8674,3730
6700: 7361,4520,8741,9504,4793,6416,7242
6701: 9269,5249,8571,8742,9013,9195
6702: 2621,3554,6445,8438,8553,8734,8743
6703: 7091,1289,696,7956,243,2293,8029,3901
6704: 7930,4661,7325,7540,2193,3998
6705: 4983,6792,8921
6706: 8746,8961,9684,8457
6707: 9519,7035,8297,8748,5533,3585,9193
6708: 6365,8083,3969,4804,3639,5484
6709: 5548,4532,706,7527,7616,7340
6710: 6524,4567,7463,4967,3563,7050
6711: 4986,3360,4721,4478,6296,6464
6712: 3914,6373,8752,8598,6336,7451,8526
6713: 5242,7042,1989,3564,8754,8302,8520
6714: 3952,7392,7163,9553,4988,5359
6715: 5560,7165,8299,8756,9613,7353,9495
6716: 8757,9015,4989,5651
6717: 5287,4862,8758,9178,3673,5040
6718: 4603,6367,5411,8363,8540,8759,4991
6719: 6484,3161,6285,5420,7016,3570
6720: 3163,7523,8885,2207,1291,8644,8761,8987
6721: 76,3237,4992,1031,4687,5898
6722: 2208,4002,4747,8303,8341,8763,9525
6723: 1217,8843,9183,4858,6272,8291,53
6724: 5601,6876,8362,6829,4995,2626,9637
6725: 8765,2027
6726: 3159,3995,2213,5560,5416,8299,6268
6727: 3578,6800,8548,8767,9321,6522,7094
6728: 6916,7120,8308,8567,4722,1379
6729: 7292,2322,7258,742,8770
6730: 7142,8779,6530,5305,3580,9434
6731: 8773,8937,9501,8327,6323,9155
6732: 6560,3235,3431,7487,3581,7051,6363
6733: 5002,2629,8570,5291,9127,8776
6734: 3789,6970,2077,8778,9322,9370,6592
6735: 3582,8780,2139,5457,3221,6325,8330
6736: 745,3958,4528,4850,6231,4674
6737: 6957,5006,4963,8783,9328,8944
6738: 1220,747,7349,9663,8785,8848,9484
6739: 4874,3583,7394,8786,9556,9647
6740: 5641,4742,6333,8335,8663,7012,8527,8787
6741: 3584,7644,8545,8789,1333,7086
6742: 7032,6664,3822,2234,7010,4960
6743: 8791,9070,9117,5011,8950,9024,6972
6744: 6557,1479,8588,9214,8795,7209,9004,5521
6745: 5293,5012,3656,7130,6556,2032
6746: 7497,2354,6853,8799,6266,7368,9636
6747: 4762,2639,6370,7136,6473,5014
6748: 2336,3142,4005,3590,1986,1523
6749: 5016,8908,9265,9356,3152,9589,7292,8842,6818
6750: 9199,7510,8803,1225,4894
6751: 5619,7383,6464,9537,9642,3360,7415,2249
6752: 7467,7372,8662,3595,4896,8854,6622
6753: 7388,4956,8324,8806,8884,8975,9544
6754: 3596,3497,8807,6505,8614,8666,6580
6755: 2251,8313,8415,8811,5057,7417
6756: 677,5356,8813,3128,7696,7734
6757: 5626,7419,2254,4033,6685,675
6758: 3602,6529,6770,3611,466,7048
6759: 9415,6924,8858,8817,9061,9079,8966
6760: 3605,6514,8820,9643,4915
6761: 9513,7367,9635,4575,8426,8822
6762: 4952,5031,8825,8968
6763: 6777,8827,8844,3606,9207,9096,6956
6764: 4672,2519,2457,8621,7516,4843
6765: 1993,6280,9191,6518,1944,9230,5247
6766: 7286,5035,6839,2342,5155,7512
6767: 4736,6620,8659,9212,6644,8829
6768: 9637,4508,1162,7371,8831,5114,5601
6769: 3617,5367,4940,2608,5038,7261
6770: 3415,6529,4929,3611,5087,6758
6771: 6547,8352,8575,9365,7121,8834,8976
6772: 9624,7352,6779,8631,8801,8836,8856,5161
6773: 5162,6939,6626,8838,3612,6952,9093
6774: 8290,8840,5042,5438,8978,1609,4924
6775: 4934,7059,8846,8398,3613,9257
6776: 6833,8574,8850,812,9088,9020,5159
6777: 6763,5045,8827,6956,8725,8853,6845
6778: 6887,4734,2280,7444,3711,5223
6779: 6772,6442,8856,5161,4814,8727
6780: 5046,7008,8983,6507,5214,4857,3205
6781: 8874,4841,6477,8753,9415,8858
6782: 4539,7447,3416,8345,4578,6532,8513
6783: 6812,7399,8860,5067,8986,9006
6784: 4952,8862,8968,3622,6327,6654,8694
6785: 6243,4595,821,8866,9697,3132
6786: 8348,6292,6666,8867,8304
6787: 7707,3517,8700,8869,6658,5629,2680,8600
6788: 9586,5450,8253,8635,8872,6651,2129
6789: 7061,6590,8536,8625,8875,6848,9263
6790: 9701,7488,8350,8634,6598,8839,8876
6791: 3665,3625,6659,4946,6647,2612
6792: 6705,4983,5056,8878,9019
6793: 3627,4964,7230,6525,6353,4609
6794: 7245,6683,8726,9592,8994,8881
6795: 5158,6672,3128,3628,5027,7148
6796: 4554,3689,5077,8007,696,2293
6797: 835,8642,8886,9524,7256,9555
6798: 3324,4754,7406,2294,8436,3331
6799: 3799,5059,1780,8372,8888,6480,3376
6800: 3578,6727,3634,8767,8845,8891,9689
6801: 6685,675,7314,5114,741,6876
6802: 9037,4979,3635,8894,5099
6803: 6919,8895,1728,8429,9355,9129
6804: 5929,847,5394,3339,5187,7970
6805: 2306,9688,8896,6302,8312,8902
6806: 4686,5064,1345,8615,8897,9002,9156
6807: 4986,1254,4721,3640,7445,5442
6808: 8057,7860,5647,5065,1730,5175
6809: 4989,6374,3642,5581,9575,8898
6810: 5419,7203,5353,2102,8899,3381,9304
6811: 7060,6517,8656,5196,8900,9258
6812: 7399,6783,6545,9253,8860,8901
6813: 2315,5007,3332,6397,4705,6276
6814: 7896,4851,499,8150,7546,3650
6815: 5070,8904,9011
6816: 8437,9255,2683,8905
6817: 6520,8814,8907,5071,9459,7251,9349
6818: 9589,2322,8365,1668,6749,4585,8908
6819: 2620,8913,2632,8572,7132,5204
6820: 9601,4743,7312,5495,8336,8918,9649
6821: 8922,8375,5425,9373,9577,6387,8956
6822: 3371,6948,9087,5293,3656,2466,4498
6823: 3844,7037,7222,7157,883,9218,9505,4726
6824: 7457,7386,5077,7122,7787,4056
6825: 1508,7097,6453,8450,8735,8925
6826: 6874,4529,3703,4046,2331,8928
6827: 7008,7308,9598,8667,3229,6313,4732,8319
6828: 2639,8050,3344,7136,5079,1748
6829: 6861,7564,2626,3239,6366,6724,8362
6830: 9674,7046,8455,6959,9102,2476,4791,5080
6831: 5218,5008,7101,8932,8947,9160,3388
6832: 2334,7486,8936,4676,3584,7644
6833: 8938,6776,9708,8850,5082,9020
6834: 2023,7223,3668,6544,7937,5024
6835: 1965,5899,4879,5523,3696,3458
6836: 5085,3839,7655,7025,7193,8943,2693
6837: 5086,3512,3697,8946,9305,3226
6838: 6490,8949,9676,4527,8461,2579,8532
6839: 7269,5447,5413,2342,7286,6766,9584
6840: 7085,7196,4751,9312,7201,5089,3891
6841: 3674,8722,8951,9583
6842: 368,5421,8618,9416,8953,8643
6843: 6618,5272,3846,7045,8248,9234,2098,2343
6844: 5104,6994,9393,8955,9310,6273
6845: 7108,8853,5045,6777,2619,8958
6846: 6277,2698,8293,8960,8420,9486,9028
6847: 8961,8457,2346,6287,8380
6848: 9429,8963,9263,1077,9286,6789,8536,8875
6849: 2347,3167,6684,8857,4976,8557
6850: 1584,6680,8721,324,2167,8812,8965
6851: 7754,7781,3766,3518,6662,928
6852: 9289,2257,4816,8562,8967,8993
6853: 2354,6746,4916,6266,8637,8969
6854: 6372,7377,5098,6288,197,4486
6855: 9651,7398,3688,3910,7228,8971
6856: 8974,3365,9280
6857: 2555,4637,7828,7744,3534,5151
6858: 126,63,5101,6613,8653,8977,4923
6859: 2363,4644,8151,5200,6400,5121
6860: 5258,8564,8979,4866,8774,6987,944
6861: 6829,2332,7564,7276,2626,3239,9552
6862: 6383,9630,9050,2658,7158,8982,5107
6863: 7373,6274,377,6487,947,6616
6864: 7452,5108,8712,8985,9680,8367
6865: 7092,6407,3694,8701,8987,6606,8885
6866: 7537,3954,224,2375,7508,4659
6867: 6385,4659,5109,1781,6392,224
6868: 5086,2650,5027,5142,7148,9305
6869: 5530,6356,2379,6231,7326,4674
6870: 6311,3699,6273,8292,8678,8991,6637
6871: 7980,4615,2550,6297,7964,5111
6872: 561,6639,8792,1138,2380,6236,8680,5118
6873: 5206,6519,5589,6389,5112,7816,1952
6874: 7377,5098,5609,6826,3703,2331,8928
6875: 6558,3224,7326,2382,6242,8612
6876: 6685,6801,5114,5601,6724,741,8362
6877: 9645,7390,8396,7104,6414,8706,8995,5279
6878: 7476,4506,9695,742,8593,5109,6392
6879: 3235,8997,4650,6538,7349,2384
6880: 5219,3708,7077,8572,7830,7132,9384
6881: 977,8489,9001,9360,6262,9667,8282
6882: 8502,9005,9204,4012,5118,9533,7031
6883: 8471,8747,9709,7504,346,9007,9318
6884: 5310,3383,9009
6885: 5157,3763,2392,2285,8610
6886: 5122,4762,7322,6370,9065,5522
6887: 7838,2633,4734,6778,3711,7869
6888: 2394,1606,5433,6268,7477,9625,5361
6889: 3713,7599,1305,3259,5111,6184
6890: 2396,4802,7586,3881,1273,5331
6891: 7135,997,9203,8717,9017
6892: 9019,8331,9068,2257,5056
6893: 6384,6269,9634,8287,8412,8516,9022
6894: 314,6975,3720,5553,2348,9323,7834
6895: 9024,9070
6896: 6236,6931,8680,1066,3721,9026
6897: 3419,6535,6689,7016,5128,3570
6898: 7067,8973,9275,7142,9029,9251,9653
6899: 2400,7493,4620,3110,4799,6284
6900: 5131,7274,6403,4872,3161,6285,7066
6901: 9032,9333,8371,8689,3727,6382,8446
6902: 5330,2062,6523,9285,424,5132,3730
6903: 6289,8638,9034,9527,5492,8417,9599
6904: 3102,7709,5132,3730,5415,7339
6905: 3254,5309,1016,7150,9407,9657,7408,2658
6906: 2408,5903,5652,6450,3366,7409
6907: 4928,7073,6622,5140,7070,9038,8864
6908: 2413,5517,6296,9376,9111,4478
6909: 5140,4601,3738,7617,6676,5656
6910: 5539,2059,5141,3740,7202,8043
6911: 6391,2416,6300,7489,4609,3267
6912: 2596,2187,5141,3740,8713
6913: 3747,7447,9410,9043,9342,7769,4050,8691
6914: 9413,9715,8597,9077,9046,4668
6915: 6271,9067,9048,4975,5145,9079,8910
6916: 6728,8567,9467,5534,7329,1379,9612
6917: 7317,9512,9052,7481,8296,8343
6918: 6928,9066,9239,9053,6577,5148,9380,5292
6919: 8895,9055,6803
6920: 3521,6930,5184,5150,4888,3755
6921: 7513,6603,7491,9057,9207,9358,9345
6922: 3756,4792,5151,4554,6933,3689
6923: 2294,4556,2254,4033,2435,7247
6924: 5145,6759,9348,9061,9079,8966
6925: 76,3173,7533,1031,1057,5332
6926: 578,3753,5147,4594,6692,7317
6927: 5234,6553,9063,2342,5155
6928: 6918,8560,9066,9239,9053,5148,9082
6929: 4827,7259,7449,5157,9089,4542
6930: 6920,5150,7037,3755,9218,1382
6931: 6896,6236,6989,9069,1066,8750
6932: 9088,4488,9020,9071,7175
6933: 7457,4554,1333,8924,7086,9314,3756,6922,4942
6934: 7160,2660,2096,5160,6946,928
6935: 9073,4745,8270,8381,6247,9049,324
6936: 7502,7393,3309,5635,4694,6379
6937: 9074,9091,8828
6938: 7989,6677,3459,1213,5154,4589
6939: 5162,6773,9094,5178,5400,6952,9357
6940: 2619,3754,8560,8760,8958,9076,9282
6941: 6243,6549,8816,5165,7193,8943,9097,2693
6942: 7509,9032,9078,2459,1313,8446,8909
6943: 7770,3763,3955,5229,3819,7961
6944: 7099,5006,9100,8944,3133,9081,8268
6945: 9586,822,7288,6982,8472,9083,9140
6946: 7160,6934,928,7140,3862,3766
6947: 5052,8989,5168,5245,9290,9085,9107
6948: 3371,4526,4774,6822,8688,9087,9675
6949: 7217,6240,5359,1094,9090
6950: 7555,3779,8060,1382,5170,5434
6951: 4780,2363,3269,2469,5017,3374
6952: 8730,9093,9357,6773,6939
6953: 28,3825,5459,5228,7013,9182,5173
6954: 5150,4888,3773,7555,7167,5164
6955: 5028,7032,2475,2234,5583,6491,7889
6956: 1327,8725,8853,7118,9096,6763,6777
6957: 6737,7065,8783,9099,9328,9247,2608
6958: 5178,7374,8321,7005,4767,9094
6959: 3428,8557,9102,2476,6830,8455,4791
6960: 6583,4914,2072,8239,9106,8837,3375
6961: 4645,2478,6380,6260,7502,4694
6962: 4977,1951,5182,6468,6990,5203
6963: 9109,8400,8459,6418,7124,6635
6964: 9376,9651,7398,8782,9111,9656
6965: 7069,7147,1234,6420,2480,5108
6966: 3202,4693,8622,9113,6259,1351,7134,8934
6967: 4784,9572,8699,3501,5188,9222,9114
6968: 3314,5262,3438,9648,3396,5640,4564,9559
6969: 8469,9115,9121,5191,9496
6970: 6734,2077,9116,9370,7039,6248
6971: 5192,6650,6672,9128,4750,6345
6972: 9024,9117,6743
6973: 974,6678,9119,9546,3623,9232,5194
6974: 3247,3796,9121
6975: 5118,6894,3720,7410,1138,7834,8792
6976: 7922,7182,5374,9463,9123,5195
6977: 5554,5363,9319,9482,2494,7384,9125
6978: 6304,5447,9130,9136,8549,4611,9584
6979: 5461,9406,6652,8371,8689,3727,9132
6980: 9134,4488,9071
6981: 7424,4860,8433,8766,9137
6982: 822,9679,6945,5167,7382,9140,9105
6983: 5198,451,1945,7948,1285,3454
6984: 4839,9143,7177,472,6566,9455
6985: 7294,9591,5199,3191,8485,9141,9145
6986: 8639,9141,4552,9146,7455,5378
6987: 7432,7496,944,9147,8692,6860,8979
6988: 3821,8443,8476,8733,9151,9388,2504
6989: 5061,6931,9069,5338,8750,9153
6990: 1667,7554,3529,5203,6962,4977
6991: 1151,3390,7778,4535,4494,6610
6992: 6307,7472,9692,9156,1345,8930,1403
6993: 5204,7141,4933,6482,3928,4982
6994: 5104,3807,6844,7000,4703,6273,8292,9165
6995: 8651,8685,3510,9158,9392,4727
6996: 4663,3710,3468,8592,9161,6586
6997: 4563,5466,2159,5485,3943,8152
6998: 5294,654,5208,8098,3538
6999: 9671,1162,8421,8809,7428,9163
7000: 3807,6994,4703,875,7110,8913,9165
7001: 3815,5223,4517,6641,7381,7017,9397
7002: 6588,4492,3469,9662,2518,7512,4665,9714
7003: 7378,5612,1170,1363,3507,8942
7004: 4726,8649,8683,9169,883,8664,5210
7005: 5162,2519,4767,2457,9094,6379,6958
7006: 7123,5212,2629,9172,6475,9157
7007: 5319,3873,4820,9401,7161,9174
7008: 6827,5046,6780,8667,4732,8319,5214
7009: 5116,6361,7429,8490,9177,9670,2520
7010: 5235,7032,3822,6742,7350,5386
7011: 1173,7262,4595,821,9564,4526,4766
7012: 5218,5008,8787,9180,9437,8464,5641,6740,8335
7013: 4560,3782,4693,5239,9182,3825,6953
7014: 6600,9184,2527,8841
7015: 9601,6340,7312,8342,9186,9404,4530
7016: 6897,6689,3570,6484,6719,5222
7017: 3815,5223,7001,9397,4734,7839
7018: 3137,1184,6253,4581,8003,4904,4544
7019: 6619,3493,7866,6279,2533,844
7020: 7207,5250,9196,9489,9189,9409,5296,9243
7021: 6413,6291,3167,6378,8394,2535,7191
7022: 9363,9192,9270,9198,7033,8935
7023: 5230,9194,4750,3512,6650
7024: 5231,6543,6530,5244,3580,3422
7025: 7695,7193,9414,5085,6836,9023
7026: 7149,9197,1195,5371,9325,5430,9381
7027: 6637,2538,14,9374,9200,9237,8499
7028: 5256,2687,8607,7246,7189,7687
7029: 99,5259,5878,8068,4443,5950
7030: 997,9203,6495,1979,9253,8790
7031: 7458,8835,9684,3558,6882,9005,9204
7032: 5235,2475,6955,2234,6742,7010
7033: 2544,9208,8935,9412,9198,7022
7034: 3409,3842,9064,9418,8477,9210
7035: 9519,6707,8748,9173,9214,8795,9193
7036: 2545,6264,9216,6555
7037: 6823,3755,7157,9218,9505,1382,6930
7038: 7186,6561,9220,2517,8805
7039: 28,3825,6248,5239,6970,9116,9176
7040: 5240,5507,7316,3826,7817,3764
7041: 121,6321,8281,8325,9224,9281,9396
7042: 5242,7252,6713,9542,1989,7371,9228,8754
7043: 6582,2563,8617,9231
7044: 3575,4569,8581,1676,6317,4519
7045: 6843,9361,8248,9234,7800,2098,7267,9571
7046: 6830,9674,7155,8510,5080,9235
7047: 7494,8584,9075,9705,1218,7466,8845,9689
7048: 6584,4907,6438,3602,6758,466
7049: 5277,5339,9221,9238,9292,9425
7050: 892,4967,2567,4567,4910,6710
7051: 6732,1304,6560,6363,1220,8848
7052: 1992,9242,9266
7053: 9246,9248,6531,3336,8525
7054: 3786,3849,5777,5697,7673,5414,5280
7055: 3159,5543,6280,9191,6608,7336
7056: 7473,4582,5593,8852,9249
7057: 7169,9359,1403,7129,9252,7472
7058: 2171,5289,7808,9254,8093,3608
7059: 4934,3126,8810,8859,6775,9257,6630
7060: 2579,6517,6811,9259,8497,8656,6490
7061: 6789,6590,8483,273,9429,8355,9263,525
7062: 9268,5392,7251,9349,9189,9541,5250
7063: 7069,6636,5308,1234,6320,7479,594
7064: 4778,2628,9363,9270,6479,8480
7065: 6957,8783,9099,9247,9273,2608,5038
7066: 4872,2584,3161,4923,6900,6403
7067: 7291,3864,6898,9275,9402,7142,9251
7068: 6669,7430,6675,7304,5482,5255
7069: 6965,1234,7063,6420,594,3865
7070: 5140,7484,4601,1249,2177,9038,6907
7071: 8368,9202,9280,6376,1769,9149,8974
7072: 1406,9287
7073: 4928,2586,6907,5656,3346,5140
7074: 6390,5262,3480,4773,4684,6245,8267
7075: 3776,1260,8870,9290,9266,9085
7076: 6526,480,8551,8774,9294,6449,4866
7077: 2589,2632,5219,6628,7530,6880,8572
7078: 6448,8441,8757,9015,9298
7079: 875,2590,2620,6633,7270,9351,8674
7080: 8585,9226,9301,8315,8547,5267
7081: 8320,9303,9444,9441,8485,9145
7082: 1273,3273,6023,2487,6,5787,4623
7083: 2591,4858,6539,6509,8569,9284,9306,9369
7084: 7464,2306,9688,9308,8772,9213,8357
7085: 6346,4751,6840,8346,9312,9447
7086: 6933,1333,8924,6741,8545,9314,4942
7087: 7196,9215,7117,5365,2697,7220
7088: 2595,8694,9316,9596,5479,6654,9423
7089: 1413,7184,3491,9450,6261,6585
7090: 5571,4960,2596,6575,4946,6664
7091: 696,243,6703,3901,5624,7386
7092: 6865,9320,3694,4640,9300,6606,8511
7093: 7506,3242,3887,4741,4607,7487
7094: 2601,8550,8906,9321,6727,8767
7095: 3836,5036,7695,7975,9414,1544,5273
7096: 5284,8098,7116,4761,4610,3888
7097: 6825,6453,8450,8925,9219,3657,9324
7098: 1412,7755,3891,9326,4796,7630
7099: 6252,6944,5006,9100,9328,5166
7100: 6466,4648,8465,1304,6470,9330
7101: 6831,6510,8932,8947,892,2567,2609
7102: 9611,7328,9332
7103: 7159,7341,3104,7205,3310,8992,9334
7104: 6414,9336,6877,8396,8995,5279
7105: 2652,8583,9338
7106: 5281,5510,3666,5030,7810,6623
7107: 4660,9078,8909,2563,8517,8727,9340
7108: 9344,8853,6845,9082,2619,8560
7109: 4755,8676,9229,6503,3087,8777,9347
7110: 875,9351,9165,7000,9080,9337
7111: 9311,9352,693,8571,8742
7112: 5548,7891,5283,6360,7340
7113: 3683,8613,9354,9289,8562,8445,8823
7114: 1324,3414,8594,9507,6527,9408,5462,4664
7115: 5362,9129,9317,9462,6434,5062,9355
7116: 8069,7755,3538,4761,7096,8098
7117: 6443,3900,5365,9464,3845,7087,5270,9215
7118: 7237,9358,8920,9057,9096,1327,6956
7119: 6238,8709,9360,6262,9558,7378,5285
7120: 6728,2628,9363,8308,8567,9192
7121: 3577,8765,6547,6771,9365,8834,5287,9233
7122: 6824,7457,1333,8924,4676,7787,7644
7123: 5212,2629,7006,8570,9368
7124: 6509,6635,4937,9306,9369,9109,6963
7125: 9606,8704,9372,6381,7187,9471
7126: 7335,5291,3093,9374,9200,2629,9172
7127: 9376,7398,6458,3910,4827,5517,7319
7128: 4501,7273,8402,9380,6577,8238
7129: 7057,7169,9359,9443,1403,5302,9247
7130: 5293,6745,6556,9040,9382
7131: 7758,5395,3914,6373,4588,5579
7132: 3807,9384,2632,6880,8572,8913,6819
7133: 6559,9386,8971,2033,9296,3688
7134: 8934,9597,3752,9389,3202,6966,9113
7135: 6891,8717,9391
7136: 3372,6473,5079,6747,2639,6828
7137: 5300,4868,8499,2538,9393,9310
7138: 3927,9476,4583,8519,8988,7223
7139: 5144,9395,8654,8941
7140: 9443,5248,5302,3862,3766,6946
7141: 7299,6993,4933,6482,5471,6587
7142: 4867,6730,8779,9029,9251,7067,3864,6898,9434
7143: 1457,8990,7297,9399,9480,7200
7144: 2649,7340,9604,5024,7891,5033
7145: 5101,3582,8653,5457,3864,9402,5305,9434,9039
7146: 1170,1363,8814,8907,9403,6286
7147: 6965,6511,1234,3399,8528,2480
7148: 6868,2650,5027,6795,3128,677,8813
7149: 7026,6338,9197,9483,5430,9405
7150: 5309,6905,9407,2658,9702
7151: 4539,4722,1379,9410,9342
7152: 8753,2652,9415,8817
7153: 8491,9417,5310
7154: 7355,2654,7342,9226,9301,9419,9619
7155: 9674,7438,7046,8510,9264,9424,9235
7156: 2158,7284,9390,7285,9426,2001
7157: 6823,7037,883,9218,6643,5170,9428
7158: 2658,7490,4665,8982,8972,5107,6862
7159: 3104,1562,7103,8788,9431,6233,9334
7160: 5038,2660,6934,6946,7261,3862
7161: 9433,7655,7334,9616,5319,7007
7162: 6507,2669,6493,3962,464,1392
7163: 6714,5502,3952,7392,7821,5545
7164: 8957,9095,9436,9621,5321,6312,8318
7165: 6715,9613,7290,9438,3953,8815,9495
7166: 4487,4725,8647,8879,9441,3191,9145
7167: 2662,5164,6954,3773,7598,4653
7168: 5458,3954,224,8593,8770,6392
7169: 7057,9443,6329,5248,7129,4740,9252
7170: 2400,7493,5325,7969,7790,8002
7171: 8903,9446,3870,8959,9439,5312,3827
7172: 6432,5326,5643,8281,9281,9652,3878
7173: 6526,9448,480,6570,8962,8671,1409
7174: 9451,6497,3956,9411,2251
7175: 8418,8646,9453,6932,9088,4488
7176: 7280,7298,2379,6231,3958,5431
7177: 6984,4839,8749,9383,472,9033,9455
7178: 9053,6577,6695,8238,9458,8861,6693
7179: 4704,7741,9012,4754,4786,6349
7180: 5012,3656,5332,7536,3371,6471
7181: 5333,8403,8460,7352,9460
7182: 7922,6976,7993,3268,5374,9463
7183: 5530,464,4674,6493,3854,4850
7184: 3883,7089,9450,5408,5334,6585,4908
7185: 5064,8603,8615,8905,9466,9255
7186: 7038,9220,9468,8698,6657
7187: 9588,6661,1431,9471,7125,8704
7188: 5141,7202,5525,6614,8655,9608
7189: 7246,7370,7028,2687,8607,6394,5600
7190: 9473,9332,5339,9221
7191: 3498,2690,9018,6413,7021,8394,2535,8669
7192: 7307,7511,3971,5489,6341,7481,8343
7193: 7025,3836,8943,9097,9414,6941,5085,6836
7194: 6694,7370,2181,2681,5600,3976
7195: 6459,1940,9475,3125,5347
7196: 7087,6840,9215,9312,5089,2697
7197: 6238,8256,8605,6234,3126,8810,8672,5285,9299
7198: 1456,8388,8519,8988,1580,4882
7199: 7462,5350,8337,6687,6521,8718,9478
7200: 7143,8990,7297,9481,8645,8703
7201: 6696,687,4751,6840,4796,5351,3891
7202: 7188,5141,6910,5335,6614,8043
7203: 6810,7273,5419,6263,9485,5353,9304
7204: 5091,9238,9425,8616,9486,9465
7205: 8252,8786,8992,9556,9334,9487,7103
7206: 6318,3609,8322,9212,3989,9488
7207: 7020,9489,9409
7208: 2413,5517,3991,6574,3450,7319,8610
7209: 5463,9004,9491,9214,8795,1479,6744
7210: 5358,9492
7211: 7328,3585,3848,9465,9494,9607
7212: 6541,5305,3422,7478,9039,2709
7213: 6240,4988,5359,3239,5561,8931
7214: 1993,3995,3223,6354,9574,7271,5416
7215: 9497,6567,3953,9499,8815,9495,3131,9629
7216: 9498,3899,8353,9469
7217: 6949,1094,9090,7942,4000,341,4518
7218: 5363,7347,8427,9319,9622,9502,9525
7219: 6690,7347,9622,4002,4747,9503,1409
7220: 3434,6563,7087,5365,1419,2697
7221: 3863,2336,4005,5906,4951,8121
7222: 6592,3844,6823,5368,9420,9505,9322
7223: 2023,3668,6834,6609,7138,9476
7224: 2333,4912,5369,6249,4920,8040
7225: 1508,8735,9014,9516,8542,9509,4822
7226: 7414,6455,4673,5370,623,3349
7227: 7336,4912,3134,6249,5543,5556,4006
7228: 3688,6458,3910,6855,588,1512,9295
7229: 7317,7279,9512,9325,5147,5371
7230: 3627,6793,4609,3267,4007,7337
7231: 7942,5535,5372,7330,3302,4000
7232: 8849,9116,9176,9370,9514,8279,8658
7233: 5195,5628,5532,6599,9329,5374
7234: 4012,314,3720,6447,9323,9517,9533,7492,9171
7235: 822,9679,8253,8635,9520,7450,5375,9331
7236: 5572,6602,7358,8364,9146,9521,9628
7237: 3751,7118,8595,9358,8920,9522
7238: 4021,9532,8243,9523,6597,6512,9343
7239: 5382,454,8447,9526,9339,8363
7240: 6503,9528,3087,8515,8777,7332
7241: 7320,9291,5384,9529,2027
7242: 4793,4030,6416,2249,6700,7361
7243: 5327,2090,9532,9523,3111,9623
7244: 7362,9534,9432,9506,4031,3290,5586
7245: 6683,6794,9536,4032,8881
7246: 5388,7742,7370,7189,7687,7028
7247: 4749,2435,6344,5060,6923,4033
7248: 5389,6663,8589,9346,9538,8904,9011
7249: 425,4035,8599,9539,6528,8553
7250: 9685,5390,8493,6462,2091,6345,8244
7251: 7062,5392,9349,6817,5071,9541,9459
7252: 4040,431,7042,9542,4995,9637,7371
7253: 5451,7721,9554,9547,5603
7254: 1593,3476,9054,4901,8800,9550
7255: 6461,3357,9021,3115,9551,7256,3149,8832
7256: 3149,8954,9555,6797,8642,7255,9551
7257: 3507,9558,42,9560,7378
7258: 7292,6272,6729,8842,8291,8770,2017
7259: 588,4827,6631,4051,7449,6929
7260: 6443,7382,4052,9562,9641,9140
7261: 5038,7160,2660,7884,3617,6769
7262: 7011,9564,4526,9675,7439,2289,9565
7263: 3156,9568,8847,9567,5408,7387,4908
7264: 4505,7428,4491,9669,9568,9567,8421
7265: 2097,4710,2429,5360,9569,7762
7266: 5628,2082,7389,3378,4060,5875
7267: 9229,9571,4856,9347,5411,7045,9361
7268: 1456,3927,9572,8699,8988,9364,1505
7269: 4806,6839,5413,2342,7917,5234
7270: 2620,7079,4982,8674,5415,3928,6699
7271: 2201,5416,9461,6354,9574,7214
7272: 6283,5115,7926,3901,3160,243
7273: 4501,7128,5419,7203,7425,8402,9485
7274: 5131,7751,6900,6285,4911,5019
7275: 368,9576,6322,9416,908,3195,8883
7276: 2332,5425,6861,2626,9373,9552,9577
7277: 3164,4828,8300,8855,9578,9543
7278: 3771,9579,3264,5428,6688,9357
7279: 7229,9512,9052,8964,8632,9325,9580
7280: 6291,7298,6378,7176,5431,4863,3258
7281: 6643,5170,4985,602,9428,8522,9581
7282: 5435,3374,4681,4495,9582,4780
7283: 6681,5042,5549,8722,8978,9477,9583
7284: 2158,7156,7474,133,6564,8289,9390,9694
7285: 9426,3940,173,5446,7156,8892,2001
7286: 5035,6766,9584,6839,5447,7512
7287: 3180,8826,9585,8745
7288: 9586,6945,8472,8872,9396,9224,2499
7289: 5502,3952,3214,7314,741,9398
7290: 5537,9438,9587,7165,8815,6241,3131
7291: 9588,7067,1431,8258,9275,9402
7292: 9589,2322,7258,6729,8842,2017,6749
7293: 4467,9386,9346,6406,8395,9590,8708
7294: 3800,9591,6985,5462,5199,9385,4664,8594
7295: 9451,5463,9592,9004,9411,1479,8726
7296: 3193,8323,9593,9703,4614,8552
7297: 7143,9399,7200,8703,9594
7298: 5469,7280,6291,3167,7176,8857,2379
7299: 7141,6482,5471,1970,4842,7899
7300: 5475,7808,9254,5021,6493,3962,3854
7301: 5609,8269,5476,2331,6435,8715
7302: 4575,8331,9595,4816,8729,8822
7303: 6425,8411,9423,9596,8682,4736,8659
7304: 2158,6330,5482,8289,7068,2001,6675
7305: 5369,5484,9209,5122,8083,3607,9065
7306: 9597,9348,3619,9061,6331,9427,5486,9389
7307: 1324,7192,3971,5489,8916,1249,2177
7308: 6827,9598,9430,9440,5499,3229
7309: 4956,2250,8884,6338,4714,9599
7310: 5493,2181,6350,2082,6599,9510,3976
7311: 9600,9435,2167,6680
7312: 9601,6820,7015,5495,8464,9186,4530
7313: 3213,5499,8906,8923,9084,9602,1649
7314: 675,6801,741,5060,9398,7289,3214
7315: 4573,8911,9603,6321,5506,8325
7316: 2649,5507,7040,9604,3985,3826
7317: 7229,9512,6917,7481,6926,5147,4594
7318: 5275,8524,6453,9605
7319: 7208,5517,3450,4827,9089,7127,6458
7320: 9606,7241,9291,9372,9452,5384
7321: 4878,9454,9607,9611
7322: 5122,6886,3607,5522,6518,9230
7323: 7636,6270,8288,8655,9608,2372
7324: 7331,5528,9461,9470,8312,5268,9609
7325: 7930,5529,4905,6704,2193,2182
7326: 5530,6558,6356,3224,6869,6875
7327: 9610,3079,9600
7328: 7211,3848,9607
7329: 3747,1379,9342,9612,6916,3697,8946
7330: 7231,6540,5535,3421,5372,3459
7331: 2201,5528,7324,8756,9461,9613,9470
7332: 8507,9216,9614,4877,7240,9528,3087
7333: 9472,5540,4683,8697,8912,9615,6656
7334: 9616,8763,6339,7161,5319,9271
7335: 7126,3093,8259,9617,9374,9200,8781
7336: 3134,6249,7227,5247,5543,7055,9191
7337: 5607,4007,3627,7230,8442
7338: 7365,5502,3214,5545,5590,6344
7339: 6482,5415,3928,3102,6904
7340: 7144,7616,2649,7891,7112,6709
7341: 3104,7103,8784,8563,9457,3310,8992
7342: 7355,7154,9627,9387,9419,9619,5549
7343: 88,3188,4484,6314,7413,7723
7344: 3457,4647,6579,3163,5551,2207
7345: 3474,6697,5552,9620
7346: 9274,3108,9621
7347: 5554,6690,5363,7219,7218,9622
7348: 7990,7493,3110,5325,753,7766
7349: 747,6738,8848,6879,6363,8997,2384,9548
7350: 5235,3822,7010,5386,9523,8390,9623
7351: 4013,5615,4921,5543,6608,5556
7352: 9624,6772,5161,9074,7181,8460
7353: 6715,5560,8299,6268,9625,9315,9495
7354: 9626,8515,8929,8933,3240,9490
7355: 7342,7154,9627,8306,9419,9493,5567
7356: 4624,3169,7894,5570,2221,3472,9101
7357: 4807,5571,5386,4960,8530,3822
7358: 5572,2080,7236,2083,9628,148,8241,8242
7359: 6241,4886,3131,8263,8945,9629,6567
7360: 6383,1780,9630,8372,9155,5581,8366
7361: 6700,5584,9631,8741,9504,5619,7242,2249
7362: 7244,5492,9534,9432,9506,9632
7363: 5588,8311,9545,9633
7364: 3387,6496,5589,5003,4993,7920
7365: 7338,3880,5545,5328,5590,8065
7366: 9579,9634,5428,9379,4894,9511,8818
7367: 7469,9142,9635,5555,9513,6761
7368: 5595,9636,9108,6746,8799,8952
7369: 173,6648,7489,5355,5598,6353,9309,8307
7370: 5388,6694,7194,7246,7189,5600
7371: 9637,4508,6768,9228,7252,7042,9542
7372: 7467,6752,6436,5603,4896,4041,9554
7373: 6863,5605,6619,6487,3493,947
7374: 5178,6958,8321,8886,9524,9638,9094
7375: 6408,5607,4724,4007,5623,4045
7376: 6401,3278,8301,9580,9639,8632
7377: 5098,2154,6874,6854,6288,5609,8269
7378: 5612,5285,7003,7119,9558,3507,7257
7379: 4760,7769,9640,3416,6329,4740
7380: 7738,2222,6404,3168,3282,5487,5615
7381: 4517,7433,7001,9397,2168,5616
7382: 7260,9641,9140,6982,5167,9105,9535
7383: 7407,5619,3285,6751,8531,9537,9642
7384: 9643,9681,2494,6977,9125
7385: 6408,7630,1955,1412,5208
7386: 6824,5077,4056,5624,7091,696
7387: 5408,5626,7459,4505,7263,9567
7388: 6753,5627,8806,9659,9544,9644,4592,8568
7389: 5628,5532,270,7266,5875,5943
7390: 9645,6877,8396,8596,974,8706
7391: 6594,3299,8358,9549,9646,3234,8927
7392: 6714,7821,7163,5032,1674,5633,9553
7393: 3309,5635,7526,7789,6936,4656
7394: 4874,6739,9556,9647,8349,8500,8573
7395: 6237,7403,5640,9648,8399,4473,8259
7396: 8895,9055,9262,9649,9561,2430
7397: 6232,5642,38,6258,8246,8329,9650
7398: 9376,9651,6964,7127,3910,6855
7399: 6812,6783,8901,9652,8422,5067
7400: 5303,6429,9029,9251,9653,8424,9008
7401: 3970,4472,5130,6404,3282,4621
7402: 9573,8779,3326,6438,6530,5244
7403: 6237,5640,3409,7395,9418,9654
7404: 7556,5257,5649,5542,2316,5853
7405: 4476,3357,9021,8287,8630,9655
7406: 2435,6342,7645,3324,6798,2294,8436
7407: 7383,6464,3285,9642,9656,8782,9111,4478
7408: 6374,3642,8948,9246,9248,3254,6905,9657
7409: 3120,8133,4669,3366,6906,5652
7410: 6591,1138,7834,4482,8408,6975
7411: 7528,5656,3346,7863,3738,5910
7412: 9658,8564,9025,9202,4483,6467
7413: 6314,7688,9250,4484,7779,7343
7414: 5659,5418,1517,6455,7226,7875,5370
7415: 6500,3360,4485,6751,4030,2249
7416: 2154,6288,4632,4486,1645,8702,9659
7417: 6755,8415,5057,8994,9660,8881,9508
7418: 9661,8609,6607,8418,9134,4488
7419: 5626,6757,6685,5114,2265,4505
7420: 6473,5014,6588,9662,6658,8423,8700
7421: 5594,9663,8599,8785,9539,4496,9167
7422: 9118,9664,8804
7423: 9701,7488,3375,8544,8619,9665,9031
7424: 6981,4500,8433,8481,8766,9666
7425: 4501,7273,5419,6523,2261,7572
7426: 4846,6673,6402,6485,9001,4502,9667
7427: 43,6246,8249,4503,9668,6264
7428: 7264,4491,4655,9669,9163,6999,8421
7429: 6483,7009,5116,6361,9056,9177,9670,3380
7430: 6669,7068,4507,7761,5255,7518
7431: 6290,4715,8302,9671,8444,9261
7432: 6987,7496,8448,8750,9147,9327,9672
7433: 4517,7381,8942,1363,6286,5616,8298
7434: 587,341,7503,4518,6579,4759
7435: 5508,4994,7785,6317,4666,4519
7436: 5606,208,9638,6380,9673,2271,8453
7437: 4522,2272,4794,5039,3288,5544
7438: 4525,9674,7155,8455,8538,9264,4602
7439: 4608,2466,8350,9675,7262,2289,9565
7440: 6325,7471,4577,8330,8949,9676,8780
7441: 5003,745,4528,7931,3387,1067,7823
7442: 9677,9047,9160,6498,9186,9404,5243
7443: 4533,6260,6500,4605,3390,3486
7444: 3711,1951,6468,2280,4534,6778
7445: 1151,4535,5442,8467,1254,6807
7446: 3796,4536,8386,8514,9051,9678
7447: 4539,6913,6782,3416,9410,7769
7448: 4613,2343,8236,4540,7784,6618
7449: 2168,7259,4051,6929,6682,4542
7450: 5167,5375,4545,9679,7235
7451: 708,6336,3253,8598,6373,6712
7452: 6864,2480,4549,5108,8465,8579,9680
7453: 4550,6623,578,3753,3550,7810,6691
7454: 9681,4551,8468,8839,9540,8820,4915
7455: 9682,6986,4552,5378
7456: 9059,9683,8488
7457: 6824,4554,6933,5077,7122,8924
7458: 4555,7031,8835,9684,9307
7459: 5408,5626,4556,5334,2254,7387
7460: 4818,6305,8731,9227,9685,8493
7461: 4560,9686,8496,9366,6415,8397,4942
7462: 5350,7199,8337,9687,6521,4564,8546,9478
7463: 6524,6412,4567,4790,6710,3411
7464: 4568,7084,9688,9308,8501,9225
7465: 2029,4569,9293,7857,8022,4671,7515
7466: 7485,8504,9689,6554,7047,8584,9075
7467: 6752,6436,7372,3595,4572,6527
7468: 6251,8508,8687,9690,8347
7469: 7367,6362,4757,8359,9142,9330,5555
7470: 2315,5219,3708,6397,4576,7681
7471: 4577,7440,8512,8949,9276,9676,9691
7472: 6992,6532,9692,8316,8513,7057,1403,9252
7473: 7056,4582,9249,9693
7474: 5283,7284,133,9694,2023,6544
7475: 4584,861,6605,8521,6304,3549,9130
7476: 6878,9056,9695,8523,2322,742,8365
7477: 4588,9625,5361,9499,2394,7728,6888
7478: 7212,6543,3422,1978,4590,2709
7479: 4591,4932,7520,6636,5308,7063,6320
7480: 8392,9644,4733,9696,4617,8440
7481: 7317,6917,8343,4594,7192,5489
7482: 4054,5622,6437,8533,8866,9697,4809,8427
7483: 4598,2332,5425,3163,7523,5551
7484: 5281,4601,5510,2177,7070,9698
7485: 7466,9699,8504,8449,8498,4602,6554
7486: 2334,6832,9700,8373,8540,8936
7487: 6732,3431,3581,3242,4741,7093
7488: 9701,6790,7423,4608,8350,8544
7489: 7369,5598,6353,4609,8307,6911,6391,8379
7490: 2658,4611,5035,7158,8972,9702
7491: 9413,7513,6921,9703,4614,9345
7492: 9704,6460,8440,8554,9171,6447,7234,9517
7493: 2400,7348,3110,6899,5325,7170
7494: 4622,3428,7047,8584,8912,9615,9705,6656
7495: 5017,4624,5435,3374,5570,1688
7496: 7432,6987,9706,9147,9672,4630,8979
7497: 2354,5013,6746,9707,8452,8566,8799
7498: 3424,197,4632,4592,6315,4486,8529,8568,9072
7499: 6574,2169,2392,7874,4638
7500: 6499,9708,8494,8511,8574,8762,8850
7501: 3703,2469,4644,2041,4046,6395
7502: 4694,6379,6936,4645,6961,4767
7503: 587,6491,4647,6579,7434,7889
7504: 6375,8367,8393,6466,8985,346,9709,6883
7505: 7932,3212,7657,4650,6538,8271,8582
7506: 4654,3887,4741,7093,3399,8528
7507: 8246,8278,8587,9710,4715,6625,8640
7508: 6866,2375,3218,4659,6440,3327
7509: 9711,6942,8590,8791,9032,9078,9333
7510: 6375,6750,9199,9712,4765,8393,8681,8803
7511: 9713,7192,3971,8594,6341,9507,8343
7512: 7002,5155,3469,7286,6766,9714
7513: 9413,6603,9715,6921,7491
7514: 5195,5532,270,719,8601
7515: 5852,1676,5054,4671,7465,4569
7516: 6481,4932,7520,4843,4672,6764
7517: 5073,4637,7828,7883,4673,8007,1289
7518: 3137,7761,5255,45,7430
7519: 3196,1612,4927,4025,5577,4475
7520: 4591,6481,7516,4932,7479,2428
7521: 3793,1285,6080,2079,7582,3685
7522: 4756,4524,5354,60,3157
7523: 6257,6720,3163,8375,8761,7483,5425,6387
7524: 4514,7826,5058,1169,4962,7562,7870
7525: 4482,8044,4670,8408,8601,5195,3225
7526: 7393,3309,7789,792,5149,7764
7527: 5548,7901,4532,5088,6709
7528: 2267,7411,3346,6573,5910,7959
7529: 3757,1253,2453,5454,7578,3350
7530: 2315,2589,5007,5219,7077,8067
7531: 3922,4917,3389,1999,7826,3684
7532: 3795,3837,5096,5480,7543,8216
7533: 76,6925,7536,4490,7794,5332
7534: 4025,4646,4475,8145,2239,5851
7535: 4471,3884,2258,6107,7637,6011
7536: 4490,7533,7180,5332,7714,6471
7537: 4666,3954,6866,6275,2375,8251
7538: 5019,7659,3338,1809,5420,3658
7539: 5340,4884,5966,3300,8011,7597
7540: 5953,6047,3467,4661,6704,3998
7541: 7879,709,5097,1686,5010,7858
7542: 3515,5869,6005,3495,3994,5526
7543: 5480,2039,2157,3070,3795,7532
7544: 4479,8187,8085,3923,6221,7581
7545: 3565,5915,4058,2295,6104,3959,1969
7546: 1631,3650,4897,4851,6814
7547: 5923,6070,5404,4175,2321,8137
7548: 4038,7709,4819,2179,5513,4481
7549: 7626,5015,5424,3349,3987,5511,7935
7550: 1766,3614,2339,1235,5989,3432
7551: 2220,4480,1137,5137,8149,2471
7552: 4756,6537,4524,4586,3420,2447
7553: 3072,7928,1744,5257,5853,8225
7554: 7556,1667,6990,7921,5542,4977
7555: 6950,3779,5164,1382,6954,5150
7556: 1667,7554,7404,5649,5542,6359
7557: 1507,288,5839,8147,546,4364
7558: 2326,1587,6033,2196,3990,621
7559: 4635,3941,2483,1271,5918,995,4233
7560: 406,2897,2838,2855,626,1644
7561: 1528,4457,5744,8148,1112,2770
7562: 4514,3417,7524,4962,7843,4728,3502,7870
7563: 2106,4690,5426,168,8219,5485,5444
7564: 6829,4598,2332,6861,3239,5561
7565: 5669,3843,5083,650,5754,5265
7566: 2309,6010,3886,8154,4094,896
7567: 8048,4586,2447,5660,7661,7985
7568: 5295,2454,3569,4829,8125,4649
7569: 4885,4629,5794,7570,398,3588
7570: 4881,4885,7569,4629,2585
7571: 3715,5998,6072,1960,2498,3551
7572: 2261,8034,424,7726,6523,7425
7573: 2664,6031,6220,3117,4179
7574: 3123,3801,1588,4593,5941,6229
7575: 80,5951,5664,7578,7968,3350
7576: 8158,3978,2641,5519,1595,3831
7577: 3545,4566,5946,7896,5663,1215
7578: 7575,5664,3350,3757,2063,7529
7579: 1164,7750,5902,3637,5674
7580: 2482,4144,6071,2383,2268,2391
7581: 5470,3923,8165,2245,7544,8187
7582: 5364,4633,8087,3685,3793,7521
7583: 2662,3667,2113,3779,4541,5164
7584: 7648,5436,3236,2155,5734,1941
7585: 8048,4586,3420,4625,5886,3340
7586: 6537,2396,6890,4701,5331,3255
7587: 3444,7713,3981,4628,6128,1113
7588: 3641,3451,1945,3579,4825,7948
7589: 7704,3260,2132,2597,5907,4203
7590: 5153,5344,5383,6054,494,5968
7591: 3140,855,3555,8164,5385,828
7592: 3363,3589,3150,259,4688,5241
7593: 2455,2433,3418,8194,7914,2015
7594: 277,2867,78,1091,5806,5804
7595: 3262,3175,2327,5872,3236,3934
7596: 180,3849,5631,5777,3274,8220
7597: 4884,5966,7539,2421,5049,1722
7598: 2550,4547,3773,7167,4653,7599
7599: 4653,6889,1305,5111,2550,7598
7600: 13,889,990,7627,3540,1956
7601: 7648,3504,5976,426,7963,5068
7602: 7662,1434,2710,4014,146,6099
7603: 5867,5930,4014,2124,3343,2710
7604: 2409,1947,717,5979,8170,3691
7605: 4643,6576,3140,3555,5078
7606: 1137,5137,3470,3734,3382,5320
7607: 5985,3509,1942,3592,3150,259
7608: 1068,5345,5828,3820,2089,3292
7609: 3347,1032,2034,5701,3053,5733
7610: 3377,3828,1058,4268,5685,1981
7611: 6152,1518,5189,3795,3837,7668
7612: 2839,3456,2511,4123,4325
7613: 2247,4433,166,1638,5986,5723
7614: 5340,4884,1683,2064,5034,7906
7615: 3260,2132,3298,3081,1707,8171
7616: 2649,7340,5746,3746,706,6709
7617: 2022,5030,6676,6909,5281,4601
7618: 8195,510,5963,7692,255,4900
7619: 4300,528,3882,220,2930,4147
7620: 6201,3750,546,4364,5678,7642
7621: 1082,5971,2111,2444,6027,3320
7622: 5950,3515,3895,5186,8068,4713
7623: 4892,3177,3939,5992,2146,2352
7624: 2319,4904,5885,4544,3670,5671
7625: 2806,1123,7656,625,4359,2812
7626: 5015,3987,6008,7549,2025,3671
7627: 990,3540,7600,4162,4097,6009
7628: 5610,3279,5205,5817,3576,3447
7629: 8173,2105,3406,2074,3669,1079
7630: 4796,6408,5623,7385,1412,7098
7631: 3220,5269,1658,4968,4516,2013
7632: 3644,5698,1307,4240,6089,860
7633: 306,3426,1762,4812,8194,4597
7634: 1960,2498,3359,3432,455,6014
7635: 5524,3866,7643,5981,5672,2200
7636: 2384,7323,6270,8288,9548,3212,2372,4650,8582
7637: 4471,7535,6011,2184,5523,3458
7638: 5251,6638,4540,6667,3393,8518
7639: 1496,5722,1963,3979,6015,3977
7640: 4425,2252,2378,1735,763,274
7641: 3186,3155,4181,1295,4642,7735
7642: 5037,5678,4945,6040,7620,4364
7643: 3993,5981,5672,8110,7635,6223
7644: 3584,6741,6832,4676,7122,1333
7645: 7406,5650,6342,5175,7860,3324
7646: 3560,5905,6024,2424,8180,5448
7647: 8183,4314,3306,2281,214
7648: 7584,7601,3504,2155,1941,5976
7649: 5478,5436,5557,3934,1686,5010
7650: 326,848,349,992,3051,1240
7651: 2142,3632,2145,5465,4627,329
7652: 5163,4521,6165,8185,8013,1125
7653: 715,5845,5838,3203,5524,5672
7654: 2565,4226,2397,2667,463,3780
7655: 9433,3839,7161,6836,8943,9616,5541,2693,8611
7656: 1262,2806,7625,2812,1502,868
7657: 7932,3212,4702,7505,5497,3116,3490
7658: 3610,1762,3355,1008,2465,1994
7659: 4911,5019,5611,3338,7538,6450
7660: 2503,2522,5682,5152,6063,2577
7661: 1489,5934,3629,7985,7567,2447
7662: 1434,4198,7602,2710,3893,2253
7663: 3287,923,4163,7727,6070,2321
7664: 3181,5185,5451,1164,4861
7665: 5246,5083,5547,5265,7814,4273
7666: 2627,2174,7693,632,3182,2706
7667: 1418,1362,3215,5095,4758,8198
7668: 6152,7611,644,3837,5675,3702
7669: 2464,8235,3841,2047,3449,3712
7670: 4313,1976,6087,4345,5756,854
7671: 4029,2328,6069,5818,5708,8186
7672: 3939,4479,1779,2516,2146,8141
7673: 5778,5414,3136,7054,5777,5697
7674: 3936,2593,8191,2194,3522,4208
7675: 3641,3362,487,4641,5892,4987
7676: 1425,1525,6147,6084,2748,1557
7677: 3967,6581,5481,4832,7911,832
7678: 1968,6045,8189,2005,508,2575
7679: 6065,2672,249,5531,7971,8036
7680: 3579,7978,4825,3075,5063,4633
7681: 4576,4662,7795,3708,7470,3098
7682: 3204,5663,1215,3460,6205,8119
7683: 3,3931,1092,3885,3210,6073
7684: 2144,3471,6115,2713,5224,4758
7685: 513,1812,592,199,280,727
7686: 1928,3000,4462,2776,1389,686
7687: 7742,4852,7246,5256,7028,9023
7688: 6314,5318,7413,3105,5821,9250
7689: 362,33,1272,24,893,4213
7690: 4277,3464,5726,836,2206,2069
7691: 293,6154,200,3294,564,6120
7692: 255,2691,1407,4273,5963,7618
7693: 6124,2627,2174,4997,2508,7666,6066
7694: 6212,1438,3139,2144,3872,2713
7695: 7025,7095,9414,1544,4852,9023
7696: 7734,820,5163,6165,5356,6756
7697: 4342,970,256,7740,1906,381
7698: 3986,634,7827,5527,2160,6128
7699: 5274,7716,1371,3425,7729,7890
7700: 5286,8224,5610,9367,2101,8159
7701: 3402,5684,3492,5970,2604,5718
7702: 2018,3429,4168,2162,5278,3129
7703: 3453,2079,6127,2028,8202,266
7704: 4220,2597,7589,6090,884,4203
7705: 4249,2024,8199,4230,768,6139
7706: 3343,2449,3129,6133,5802,3893
7707: 1944,6787,3623,6463,3517,8869,9232,9456
7708: 669,5546,5673,7786,6149,4008
7709: 7548,3102,4819,5132,6904,2179
7710: 778,3050,6172,2737,8223,116,1302
7711: 7736,7822,5158,3128,7734,2598
7712: 1518,3829,5189,5995,2092,5947
7713: 7587,1539,4628,3257,2160,6128
7714: 3824,3519,6393,7536,4490,6471
7715: 521,1841,4461,1915,584,8206
7716: 5274,3824,7699,6393,1371,6377
7717: 1528,4457,271,1243,4112,3046
7718: 6125,613,2942,310,2951,298,1300
7719: 617,8193,524,1141,1308,8213
7720: 3181,7721,7750,2267,4512,6573
7721: 3181,5451,7720,7253,4512,5603
7722: 8001,2533,7950,4510,9554,9547
7723: 3521,4769,6568,4484,8413,7343,3188
7724: 1544,5254,5273,5072,2427,3085
7725: 7847,7849,3724,5237,3847,7912
7726: 4038,424,4819,5597,7572,8034
7727: 7663,3287,966,4163,4177,2395
7728: 2394,4588,7477,7990,4699,7758
7729: 3425,5165,3836,7890,5036,7699
7730: 5388,5516,7742,7743,5072,2427
7731: 8215,1380,718,189,1885,938
7732: 392,4204,4450,6097,1177,4207
7733: 1029,8209,2422,6230,2311,4352
7734: 7696,820,2598,3128,7711,6756
7735: 4642,8090,4181,3197,2362,7641
7736: 4966,7817,7822,3764,5158,7711
7737: 7997,2171,5505,5180,3786,2670
7738: 5556,4006,2222,3168,7380,5615
7739: 3528,2644,3574,5177,8077,7941
7740: 970,7697,1916,738,1922,381
7741: 4704,7179,3532,4786,7753,5261,6274
7742: 5388,7730,4852,7246,7687,5072
7743: 5388,6694,5516,7730,7765,3143
7744: 2555,5073,4899,5417,7828,6857
7745: 2400,6284,7790,3266,4710,2429
7746: 3448,4634,3804,8196,8214,3692
7747: 1553,2771,2655,1758,2571,2541
7748: 7778,4494,1693,7952,2374,3099
7749: 7783,6248,2077,4769,5184,6665
7750: 3181,7579,7720,5902,2267
7751: 5131,3604,7274,7801,4911,7992
7752: 7819,6390,5179,2075,4773
7753: 5069,2684,3532,4786,7741,5261
7754: 8073,6851,5585,7781,5160,928
7755: 1412,8069,7116,7098,3851,3538,9326
7756: 4892,4234,49,1509,4253,3189
7757: 4013,5615,5433,753,7766,3168
7758: 5395,7131,2323,7728,4588,4699
7759: 2022,3157,5410,8049,603,7837
7760: 1095,5977,3695,5960,3655,1729
7761: 2214,3137,7518,5564,7430,4507
7762: 7880,5596,7925,2097,2429,7265
7763: 4855,7775,4835,3356,6501,4574
7764: 5149,5106,5304,7797,7526,7789
7765: 5493,5269,2181,3143,6694,7743
7766: 753,7757,3168,5487,7348,5325
7767: 415,1326,5720,3743,3792,6164
7768: 1341,3546,8016,3141,1455,47
7769: 7379,4050,5614,9640,7447,6913,3416,9410
7770: 5498,3763,3955,2285,6943,7842
7771: 2340,2417,3291,217,6209,3397,6167
7772: 2427,3085,4735,7892,4895,5516
7773: 4474,7897,4835,7816,1952,7995
7774: 5432,5943,270,3169,6293,719
7775: 4855,7763,4574,3415,7806,4805
7776: 6492,5087,1978,7934,7829,3113
7777: 4974,7818,3913,3632,7982,8113
7778: 7748,6991,4535,5025,4494,1693
7779: 4484,5459,5228,8413,1975,7413,9250
7780: 4153,6114,2028,1131,2376,8202
7781: 4764,2548,6851,5585,7754,6662
7782: 7846,2612,7799,3777,4970,5324
7783: 7749,28,5459,6248,8413,4769
7784: 5251,1790,4540,4613,7898,7448
7785: 4606,7435,3245,5508,4994,2337
7786: 669,2215,7708,5673,5081,8222
7787: 4676,1675,3846,4056,6824,7122
7788: 8207,677,3513,8228,5356,3348
7789: 7393,7526,3099,4656,7764,7797
7790: 7969,2400,7745,7170,3266
7791: 3604,5329,7801,4587,1229,3113
7792: 3473,7812,2045,5106,7831,7848
7793: 3288,5544,8442,5607,4045,5564
7794: 76,4538,4992,4490,7533,5125
7795: 6476,5300,8404,4662,7681,3098
7796: 7914,5960,4061,3907,3353,2455
7797: 5304,7764,3427,7952,7789,3099
7798: 5391,7901,5088,7820,5380,45
7799: 6647,2612,7782,4970,5539,2059
7800: 1675,7045,9361,9234,5411,9700,8936
7801: 3604,7751,7791,1229,5134,7992
7802: 6097,5836,4348,4449,2263,729,3062
7803: 6315,9072,7894,6546,5553,2348
7804: 8226,5294,7983,654,3856,8004
7805: 2452,6364,6662,8361,3488,4764,7916
7806: 3415,4929,7775,4805,1760
7807: 4481,3973,25,8092,5311
7808: 7997,2171,5475,3784,7300,7058,9254
7809: 3536,1463,3096,4522,2272,5782
7810: 4965,3550,3666,7106,7453,6623
7811: 5261,6619,947,7866,5069,3162
7812: 3709,2045,5106,5304,7792,7856
7813: 3724,5125,2050,4538,5237,3153
7814: 2691,5974,4273,5246,7665,1143
7815: 3744,5921,3151,6051,1180,5978
7816: 6412,5112,6873,1952,7773,4474
7817: 7736,7822,3764,5240,7040,4949
7818: 4974,2501,7777,7982,6225,5376
7819: 5409,5360,6601,7752,6390,5179
7820: 7901,3911,7798,5380,3103,7825
7821: 7392,7163,5545,5328,1674
7822: 7736,7817,7711,4949,2598,4680
7823: 5340,1067,1683,7441,5003,4993
7824: 5575,3276,2635,8237,4646,2239
7825: 8172,7957,7820,5380,4581,3103
7826: 5058,7524,4962,3684,4917,7531
7827: 3986,8233,634,5460,7973,7698,5266
7828: 5073,4637,7744,6857,7517,7883
7829: 7934,4489,3113,7776,4929,5087
7830: 5090,5104,3098,9384,3708,6880
7831: 2045,7792,7953,4731,7848,5306
7832: 2097,5360,7936,5179,5276
7833: 2117,2425,7835,5440,5306,2428
7834: 2221,6591,7410,6894,6975,5553
7835: 4570,2117,7841,8018,2425,7833
7836: 4823,333,5670,4615,7964,2473
7837: 8041,2022,7759,3666,5030,603
7838: 6887,2633,7867,4734,3078,7839
7839: 7838,5009,4734,3078,3815,7017
7840: 7897,3356,1798,8028,5439,7853
7841: 3100,4570,8033,8018,7835,3413,5307
7842: 5026,5009,3078,7770,5498,3955
7843: 2004,3633,5771,3417,7562,4728
7844: 6283,7898,1997,5406,7872,4053
7845: 7859,1600,3176,8040,1612,4927
7846: 3665,2612,7979,7782,5020,3777,5217
7847: 5274,7849,7725,3847,4716,7890
7848: 6481,5306,2428,3473,7831,7792
7849: 7847,5274,3824,7725,3519,3724
7850: 1058,2074,3107,5715,2206,3828
7851: 5263,5587,5063,2076,5110,2191
7852: 5105,7893,9042,9582,3933,4681,8401
7853: 5439,4679,7940,3356,7840,4574
7854: 207,3302,8217,5621,1700,5032
7855: 5110,2633,7867,5266,3986,2191
7856: 3709,7812,2045,7927,1101,4599
7857: 3394,4795,4985,8022,7465,9293
7858: 5010,3494,4709,3916,7541,7879
7859: 4006,7845,2222,1600,4912,8040
7860: 6808,3324,5647,6349,7645,5175
7861: 350,5910,7998,7959,8161,2450,5856,5902
7862: 5597,8114,5837,569,5913
7863: 4969,350,3738,5910,1489,7411
7864: 5620,612,2096,4998,6615,8091
7865: 2554,8057,7918,5647,8053,4891
7866: 6619,7019,7811,7946,3162,844
7867: 7855,7838,5026,2633,3078,5266
7868: 4606,3218,7928,5257,5649,3327
7869: 3711,2076,3787,5110,6887,2633
7870: 3791,5911,3502,7524,4962,7562
7871: 5917,7974,1522,3999,6154
7872: 2287,4053,6283,7926,7844
7873: 8012,2385,7972,3686,5837,3173
7874: 5229,4695,7877,2392,7499,4638
7875: 5418,1517,7414,7929,4548,3160
7876: 229,4576,4662,5179,5276,2075
7877: 4695,3957,7874,4638,5467,402
7878: 2548,3714,3256,5585,5113
7879: 7541,4948,7903,709,7858,3916
7880: 7762,8056,7925,2097,4996,7936
7881: 6542,3528,2644,448,8088,5343
7882: 5069,5215,7945,3162,2684
7883: 5073,4657,7828,7517,623,4673
7884: 2660,7261,6615,3617,1997,5406
7885: 3709,3427,7927,5504,3216
7886: 4965,8038,3781,5172,8041,4990
7887: 6028,5927,5908,3631,478,5870
7888: 3790,1172,5620,2287,4053,612
7889: 587,6491,7503,5583,4971,6955
7890: 4716,7729,5036,7847,5274,7699
7891: 6544,5024,5283,7144,7340,7112
7892: 1589,4895,7772,4968,3143,5516
7893: 5105,5432,7852,7960,4495,9582
7894: 4624,7356,6546,2221,3472,7803,5553
7895: 714,5582,3639,5102,5407,5559
7896: 1215,499,6814,8150,7577,4566
7897: 7773,4835,3356,7840,7995,1798
7898: 6283,4613,7844,1790,1997,7784
7899: 4842,8092,8074,7299,1970,5311
7900: 1393,4387,1053,5800,5751,2199
7901: 4532,5088,7527,3911,7820,7798
7902: 8038,4596,3781,2331,8928,3437,4529
7903: 5513,4948,7879,569,3916
7904: 910,7917,3761,3158,3704,4903
7905: 1101,5638,1043,4599,5376,4974
7906: 5625,5034,3533,1701,7614,1683
7907: 2106,5169,3777,5217,8030,8152
7908: 5977,1729,5847,2015,2404,3080
7909: 4587,1229,8084,4470,1974,7939
7910: 8154,5876,8101,3744,5921,4094
7911: 2514,5650,8065,832,4832,7677
7912: 5496,5129,5237,3847,8103,7725
7913: 5774,3975,151,5737,6002,6037
7914: 7796,5960,1729,2015,2455,7593
7915: 3072,3245,2337,1265,3146,7996
7916: 4764,4883,7805,373,3488,4696
7917: 7904,3761,5234,4806,7269,3158
7918: 2554,3532,7865,4891,2684,3810
7919: 1973,2688,6182,3296,4078,1483
7920: 3646,1701,4993,5206,7364,5589
7921: 7554,5542,3101,1538,4977,7951
7922: 5338,6976,7993,7182,9123,5061,3798
7923: 4477,322,3887,5341,4607,5307
7924: 1615,1082,2444,4206,784,3950
7925: 7949,7762,7880,8056,1677,5596
7926: 7272,6283,2287,7872,4548,3160
7927: 3709,7856,7885,3216,3913,4599
7928: 4606,3072,7553,2337,7868,5257
7929: 1517,4830,7875,1172,4523,4548
7930: 3178,5529,4661,7325,6704,8156
7931: 7441,3608,745,5119,1067,8011
7932: 6250,7657,7505,5497,8271,3281
7933: 1348,4970,5324,8030,7986,4001
7934: 4587,4489,7829,3113,4470,7776
7935: 5424,3349,5213,7549,4657,623
7936: 5276,3086,7880,2097,7832,4996
7937: 3668,7958,6834,5024,3985,5033
7938: 4653,5812,1305,5041,2662,2113
7939: 3732,5646,5134,1229,7909,1974
7940: 5439,7853,3172,5183,4679,8031
7941: 5177,4857,8893,3205,3574,7739
7942: 7231,5372,4000,4589,341,7217
7943: 3941,995,725,1711,1958,5967
7944: 3312,7953,5638,8020,4731,3307
7945: 7946,7882,5215,3162,5592,5185
7946: 7945,3162,5185,4861,7866,844
7947: 4698,5875,7960,3489,2299,3378
7948: 3579,3685,7588,1945,6983,1285
7949: 5238,913,1677,5596,7925,5043
7950: 7722,2533,844,9547,5451,4861
7951: 1538,7977,7921,3101,2507,7978
7952: 5504,2374,7748,3099,3427,7797
7953: 7944,1101,5638,4731,2045,7831
7954: 2860,1619,6185,2912,676,548
7955: 4844,910,3228,3761,6553
7956: 5370,3160,243,6703,8029,5418
7957: 1068,8172,7825,5253,3103,3820
7958: 3668,7937,3985,5033,9272,5390,8244
7959: 5910,7861,2450,5902,7528,2267
7960: 4698,5105,5432,7893,5875,7947
7961: 5229,4695,3819,5576,3616,6943
7962: 5761,2073,8109,6043,6189,3735
7963: 5829,426,3988,7601,5068,4831
7964: 1266,7980,4615,6871,4823,7836
7965: 1159,4709,5898,5655,5557,3237
7966: 4654,5341,4737,2117,8018,3461
7967: 987,867,1855,6191,87,1694
7968: 7575,5483,5951,3350,5422,3201
7969: 7790,3233,8009,8002,7170,5238,3266
7970: 5187,3838,7994,8129,5929,6804
7971: 5531,3925,7987,7679,6065,6019
7972: 3686,4509,7873,3173,1057,6199
7973: 8233,7827,5026,5266,3955,3819
7974: 5917,3294,4011,6016,7871,6154
7975: 4716,7095,5036,651,5273
7976: 4543,4712,5501,6686,6640,5442
7977: 1538,4845,7951,5263,7978,3075
7978: 4825,3075,7680,2507,7951,7977
7979: 3665,7846,5020,8537,3760
7980: 1266,88,6297,6871,2505,7964
7981: 8027,6082,6010,3332,3785,3886,8099
7982: 7818,2142,3440,3632,7777,6225
7983: 7804,3856,8004,5782,5546,5673
7984: 5183,3352,3788,8021,8031,650
7985: 5934,7661,8230,7998,7567,5660,3466
7986: 36,3983,4001,4834,1348,7933
7987: 3925,4097,6175,6009,7971,6019
7988: 6189,4316,1323,3735,4223,2581
7989: 3459,1213,2512,6938,4649,3421
7990: 7348,3110,4699,2394,753,7728
7991: 2438,4290,6186,5691,1237,4308
7992: 4911,5611,3280,7751,7801,5134
7993: 2504,7922,5338,7182,3268,8382,3802
7994: 5187,6058,3838,5826,3500,7970
7995: 1952,3646,3533,1798,7773,7897
7996: 3146,8124,1744,8078,3072,7915
7997: 3737,2171,7808,3784,5505,7737
7998: 350,7861,5934,8230,7985,5856
7999: 5050,3568,4842,3679,2151,8074
8000: 5183,4805,4679,8021,1760,8046
8001: 4720,7722,4041,4510,3499,9554
8002: 3970,7969,5130,3233,5325,7170
8003: 4522,4794,1184,7018,4544,3536
8004: 2272,5039,8061,5782,7804,7983,654
8005: 4696,555,5113,8052,4883
8006: 5100,5005,2631,3723,8010,6226
8007: 1289,2293,3689,6796,4637,7517
8008: 5314,3389,2148,4532,706,3911
8009: 7969,3233,5550,5238,913,3266
8010: 5100,3704,4903,4658,2631,8006
8011: 5340,1067,3300,7539,5119,7931,4922
8012: 1159,5913,2385,3494,7873,5837
8013: 4783,1171,8185,8207,6165,4752,7652
8014: 5073,4899,4657,4833,3463,5213
8015: 5422,1631,4943,3201,3650,5001
8016: 3546,6166,7768,47,1191,5735
8017: 1631,4943,4897,4891,8062,3810
8018: 2117,7841,7835,5341,7966,5307
8019: 4565,3074,6202,2702,2305,5260
8020: 7944,3312,5638,1043,3860,5780
8021: 7984,5183,3352,8000,8046,2490
8022: 7857,3394,4541,4671,8060,7465,9293
8023: 2355,5916,8095,4566,8150,5889
8024: 5799,4361,1219,833,26
8025: 5700,2325,1807,5094,6204,2060
8026: 1312,6535,2560,5128,4903,4658
8027: 7981,3332,8099,4705,229,3086
8028: 2349,5123,5854,1798,7840,5439
8029: 4673,5370,1289,7956,6703
8030: 1348,7907,5169,3777,5324,7933,8042
8031: 7984,249,3172,5183,3788,7940
8032: 1015,1641,2270,3004,5749,516
8033: 4570,5044,7841,8080,3413
8034: 5597,8114,2261,7572,6624,7726
8035: 1785,5811,2530,3487,5005,6226
8036: 3843,5053,7679,249,3788,5531
8037: 8088,1179,5343,4537,5139,8106
8038: 7902,7886,3781,5172,3437
8039: 2537,5814,1990,6211,86,323
8040: 2333,4912,7224,3176,7845,7859
8041: 4990,3666,603,7837,4965,7886
8042: 1348,5169,4690,8030,1523,3142,4834
8043: 5335,3983,4001,5539,6910,7202
8044: 7525,8601,5195,9123,3225,4677,3798
8045: 6078,2361,3935,3663,6173,4029
8046: 4489,1760,2490,8084,4470,8000,8021
8047: 4514,1337,1169,4949,4580,4680
8048: 7585,7567,4586,4625,3441,5660
8049: 7759,3157,5410,2447,4756,3629
8050: 3722,2639,3969,6828,1748,4984
8051: 2463,1543,4064,167,3718,2048
8052: 4783,4696,4936,555,8005,1171
8053: 4851,3571,4897,8057,7865,4891
8054: 2381,5473,5121,3961,746,8401
8055: 6213,1284,904,1322,2539,4297,6087
8056: 7880,1677,7925,5632,4996,3251
8057: 6808,7865,5647,3571,8053,1730
8058: 4625,3441,328,3972,6063,3620
8059: 4076,315,142,2163,4068
8060: 6950,3779,4541,3394,5434,8022
8061: 5039,8004,3288,1955,654,5208
8062: 5215,5592,3810,4943,4034,8017
8063: 4128,1601,536,1416,1088,4176
8064: 3984,2420,4019,6123,2361,2190
8065: 2514,7911,5590,4832,7365,3880
8066: 2986,517,1025,445,4335
8067: 2589,5007,7530,4909,3813,3603
8068: 3840,5186,7029,5259,5950,7622
8069: 1419,7116,7755,3851,3434,4761
8070: 2497,3430,605,196,1541,6142
8071: 5395,8177,4546,2323,2485,8478,6423
8072: 847,3146,8078,4469,4612,5429
8073: 3714,5585,7754,5474,5160,4998
8074: 3568,4842,5220,8092,7999,7899
8075: 2232,4071,3675,4019,6123,703
8076: 3345,2623,2050,4538,4992,4687
8077: 5177,5021,3528,7739,5475,8082
8078: 847,3146,8124,7996,5394,8072
8079: 5254,651,2094,5129,3728
8080: 4570,8033,5044,3307,3312,5634
8081: 4186,6220,3775,3117,6083,1574
8082: 5475,3784,3528,8077,8088,1179
8083: 5122,3722,3969,9065,6708,5484,7305
8084: 32,7909,8046,2490,4470,1974
8085: 183,3923,5190,1942,6221,7544
8086: 2019,3935,3385,3487,5891,2530
8087: 5364,4633,7582,3793,3257,5509
8088: 1179,5343,8037,3528,7881,8082
8089: 5575,185,5577,2366,4621,4472
8090: 3698,4642,5807,5472,7735,2362
8091: 3840,8122,4998,5474,612,7864
8092: 5220,8074,7899,25,7807,5311
8093: 3608,745,3854,4850,7058,9254
8094: 2631,3723,509,5124,8133,4898
8095: 3545,1958,6075,4566,8023,5916
8096: 6121,102,6309,5173,2689,6488
8097: 5354,60,3127,5172,4618,4990
8098: 5284,6998,7096,5294,7116,3538
8099: 7981,8027,3785,4996,3251,3086
8100: 6228,2314,2061,4003,461,5895
8101: 7910,3744,4094,3853,5988,5925
8102: 1542,179,450,6227,1210,695
8103: 5496,8158,5018,5129,3728,7912
8104: 3749,5746,3746,5143,576
8105: 4515,5621,3286,1674,3231
8106: 4565,5343,4537,4610,3888,8037
8107: 5115,3901,2343,8236,5624,5272
8108: 663,5981,5051,8110,4531,1176
8109: 5920,6043,7962,3735,2574,2405
8110: 7643,3993,663,5981,8108,2229
8111: 1792,4416,2588,415,3743,1515
8112: 1677,5043,5632,5578,5832,3301
8113: 5393,4627,3216,3913,3632,7777
8114: 5597,3686,8034,6624,7862,5837
8115: 5941,3118,2351,2196,5928,712
8116: 3275,573,6034,5768,3769,2070,2405
8117: 4193,672,2241,2464,2047,4276
8118: 6640,74,5025,4543,2120,2043
8119: 3967,4651,6581,6205,7682,3460
8120: 555,5113,3696,5342,1579,4879
8121: 7221,5906,4951,5599,1637,3094
8122: 3840,3198,5259,8091,5474
8123: 3345,5655,4730,3237,4687
8124: 5074,4873,1744,8078,7996,5394
8125: 4563,5466,4829,7568,2512,4649
8126: 5398,3651,2362,6267,5807
8127: 573,6034,6013,5931,5936,5904
8128: 2073,6189,1323,3778,2636,4215
8129: 3838,1145,7970,3166,2236,5929
8130: 3120,6069,3857,5818,6110,5940
8131: 5982,5930,4014,3244,146,8142
8132: 2510,451,3520,776,3742
8133: 4669,4898,7409,5652,509,8094
8134: 5084,5480,1579,8216,942,4443
8135: 5187,5826,3339,3362,5892,3082
8136: 5905,3458,3980,2424,6011,1965
8137: 529,7547,6070,5404,3106,2078
8138: 1646,5923,4175,5883,4073
8139: 5198,3082,4771,2460,3520,5892,4987
8140: 529,4957,5404,4917,1999,3791
8141: 1779,2146,7672,3277,3373,3919,1569
8142: 146,3565,3959,5987,8131,3244
8143: 5937,3467,6141,8146,6059,6047
8144: 5876,5815,5921,3151,2339,1235
8145: 7534,4475,5470,5851,6086,8187
8146: 1133,3467,2225,8143,1613,6141
8147: 1507,288,7557,3154,2026,4440
8148: 7561,3049,5744,2770,2760,262
8149: 3379,4782,2471,4480,7551,3478
8150: 7896,6814,4566,8023,5889,3650
8151: 6859,4644,2041,5200,2275,5301
8152: 2106,7907,5217,2159,5485,6997
8153: 6177,2795,626,5772,1644,446
8154: 5876,4958,7910,4094,2309,7566
8155: 2711,3949,174,1473,1306
8156: 7930,3178,4661,5445,1613,5926
8157: 5770,1030,527,2263,729
8158: 5496,5018,7576,3978,2641,8103
8159: 2101,953,5076,2555,5417,7700,9367
8160: 4179,4311,4436,421,3921,2152
8161: 5336,2450,80,5856,5664,7861
8162: 2358,277,1091,4451,3271,4210
8163: 106,1376,2703,6083,1574
8164: 7591,855,5961,5171,4146,828
8165: 5443,2245,4028,7581,3196,5470
8166: 4414,1889,713,1041,4107,206
8167: 4629,2585,4579,4939,4801,4925
8168: 5331,3672,2487,3255,3412,5956
8169: 2889,599,2797,213,5767,2279
8170: 2409,2165,7604,5979,6057,3951
8171: 2719,1707,421,1540,7615,3081
8172: 2319,1068,7957,4904,7825,4581
8173: 1058,2074,7629,3669,4268,1079
8174: 1757,2904,2982,2870,2840,2947
8175: 5344,494,2064,5034,3289,5211
8176: 4355,1752,2547,2500,4429,3833
8177: 4546,8071,2485,8478,6423,6426,3438,3396
8178: 2296,2397,3659,2610,2667,2084
8179: 2463,4064,5736,6215,4284,2402
8180: 7646,3305,6024,5448,3946,2161
8181: 6030,4181,6048,735,3817,4263
8182: 3560,5905,6095,6107,6011,4036
8183: 4320,2477,4314,228,7647,2281
8184: 3979,4261,5994,3426,3418,2496
8185: 4783,2184,8013,7652,4471,1125
8186: 3297,5708,656,6173,4029,7671
8187: 6086,4479,7544,7581,5470,8145
8188: 4593,5097,5591,2327,6229,2330,709
8189: 7678,2371,4235,6045,1807,2575
8190: 5705,1638,5749,4303,5723,2005
8191: 7674,3936,2156,4208,5729
8192: 3987,5511,2153,5997,6017
8193: 617,73,1525,1251,1308,7719
8194: 306,3426,7633,2433,3418,7593,8227
8195: 4853,5861,510,7618,3077,4900
8196: 7746,4634,3692,4997,5565,3816
8197: 1089,3023,1321,2357,1076
8198: 6115,5925,896,7667,3215,4758
8199: 2175,4271,7705,4249,2024,982
8200: 8232,4023,6028,3814,5221,2685
8201: 5686,3660,5094,4168,6204,2370
8202: 2028,2376,7780,7703,266,3370
8203: 2105,3406,2461,5809,6192,309
8204: 1145,2095,3294,6016,6120
8205: 2046,2895,1136,5846,84,4108
8206: 584,4200,1812,6101,1841,7715
8207: 6165,4752,7788,5356,3348,8013
8208: 4418,827,591,344,655
8209: 1665,3850,2422,6230,7733
8210: 2839,3456,899,3067,4396,5765
8211: 966,4177,447,4170,4211,4228
8212: 3032,400,1414,4398,902,1549
8213: 811,1141,1308,7719,531,284
8214: 5078,8218,7746,3804,3692
8215: 1823,317,7731,1380,882,718
8216: 5480,8134,5878,4443,5096,7532
8217: 7854,3302,4000,5032,5633
8218: 5078,3804,4753,8214,1359,5205
8219: 3261,5914,5426,168,7563,5444
8220: 3849,4922,5631,7596,2670
8221: 950,3045,1492,1155,4410,1315
8222: 5373,2215,5298,5081,7786,3859
8223: 7710,3050,6172,4453,1063,6219
8224: 5286,4700,3852,5610,3279,7700,9367
8225: 2304,7553,5074,1744,5853
8226: 6202,5284,7804,2702,5294,3856
8227: 2404,306,3325,2433,8194,6042
8228: 3513,7788,3348,3488,2452,5658
8229: 3541,3089,5778,1547,5697,5825
8230: 5934,7998,7985,5660,3466,5336,5856
8231: 3937,6228,4008,2061,6149
8232: 4023,6028,5575,5927,2635,8200
8233: 5460,7827,7973,3955,3819,5576
8234: 3967,5481,6098,4652,2373
8235: 4561,3449,3712,7669,3097,2110
8236: 6283,4613,5115,2343,8107,7448
8237: 7824,3276,5864,4646,187,5884
8238: 6577,5330,2062,7178,9458,4501,7128
8239: 4697,4914,2072,6960,8283,8624,8837
8240: 6534,4868,8561,8499,14,4473,9617
8241: 148,6596,8964,8632,3278,2080,7358
8242: 148,6596,8296,8343,9713,6341,7358,2083
8243: 7238,6607,4021,2090,9532,8646,9453
8244: 5390,7250,2091,6345,3668,7958,9272
8245: 2093,4711,8636,8720,4973,6679,9296
8246: 7507,38,7397,6258,4497,8278,9710
8247: 4534,42,4781,9560,8696,8435
8248: 6618,7045,6843,9234,2098,9571
8249: 9139,43,7427,8586,8819,6264,6555
8250: 2107,5428,4978,6688,8608,8730,9379
8251: 5458,7537,3954,53,6275,9183
8252: 7205,9334,9487,9431,2127,9309
8253: 6788,7235,8635,9520,6651,2129,8821
8254: 3119,6232,5642
8255: 6244,8257,9267,1562,6233
8256: 6238,4675,7197,8261,8605,8709,6234
8257: 6244,8255,9045,4882,1562,6235,8388
8258: 3221,9588,7291,6661,9402,2139,5457
8259: 7335,4473,9617,9200,6237,7395,8781
8260: 3797,8708,9378,8904,6663,2140
8261: 6238,977,4675,8256,8605,8627,8709
8262: 6239
8263: 7359,6241,4886,3131,8280,8812
8264: 92,9303,9444,6301,3875
8265: 6244,5441,9426,3940,9045
8266: 9576,9594,5468,6322,97,8314,8326
8267: 364,6534,4684,6476,6245,8404,7074
8268: 43,3133,9081,6246,8819,6944
8269: 7377,2154,7301,6288,5609
8270: 6935,9073,6247
8271: 6250,7932,4650,7505,6538,4870,8565
8272: 6251
8273: 6252,3774,8930,9099,5166,4686,1345
8274: 6254,3484
8275: 6255,3527,8383,8690,4775,9150,6396
8276: 6550,8447,8577,6256
8277: 6257,3485,8644,1604,6387,9062,9112
8278: 7507,6258,8246,8376,8587,9710,8640
8279: 6259,6617,8658,5239,8622,7232,9176
8280: 9435,2167,6241,8263,8812,5494
8281: 7041,6432,121,7172,5326,9281,9445
8282: 4502,9558,9667,42,8435,6881,6262
8283: 4697,525,8239,8492,8624,6263,5353
8284: 9668,6264,7427
8285: 3147,8830,6265,6578
8286: 6266,4691,5595,9636,8620,9515,4854
8287: 7405,9021,6269,6893,2398,8630,8412
8288: 425,2384,7636,4035,7323,6270,9548
8289: 2158,6330,7284,133,6360,7304
8290: 6259,6617,1351,6271,6774,8658,8840
8291: 7258,6272,2017,4858,9284,6723
8292: 6311,6870,9152,4703,6273,6994
8293: 6277,6585,6846,8960,4908,3156,8847
8294: 4706,6278,2398,8630
8295: 3391,8633,6281
8296: 148,6917,6596,9052,8242,8343,6341
8297: 6707,8748,2198,4789,8616,5533
8298: 5616,4973,7433,4711,6286
8299: 6715,2201,5560,5416,8756,7353,6726
8300: 4828,7277,8457,8740,9578,6287
8301: 7376,6289,5430,9381,9527,9580,9639
8302: 6290,8807,6505,8520,7431,6713,1989,9261
8303: 2208,9616,5541,6722,8341,8763,9474
8304: 3213,9084,6786,6343,6292
8305: 5243,9181,2690,6294,4719,9047,3388
8306: 7355,9627,3171,6295,5567
8307: 7369,173,6648,5446,7489,6353
8308: 6728,7120,9192,4999,6298,4722,2283
8309: 3789,2219,9531,9211,2654,4010,8585,9619
8310: 6299,9481,4723,8645
8311: 7363,6301,5588
8312: 6302,9092,2306,6805,5528,7324,9609
8313: 6755,2251,6303,4725,303,8506,8811
8314: 97,4818,6305,6409,8391,8326,8266
8315: 2595,6306,6645,8547,8649,5267,7080
8316: 4578,6307,7472,6337,9692,8339,8513
8317: 8873,6308,4631,9707,8566
8318: 6312,9620,8737,5321,7164
8319: 9472,6242,6313,4732,6827,7008
8320: 6316,9682,7081,9303,8485,4552
8321: 7374,208,6958,9638,4645,4767
8322: 7206,6318,8425,9212,9488,401
8323: 1360,4729,9593,3193,6319,7296
8324: 6753,3290,2250,8884,8975,9534,9432
8325: 7041,121,6321,5506,9445,7315
8326: 6305,8314,9227,6322,8266,1943,8883
8327: 1681,5000,9103,6323,6731,8937
8328: 6324,6522,9187,8548
8329: 219,7397,6258,8376,9650,3317
8330: 6325,4577,7440,3221,6352,8915,6735
8331: 7302,9595,9068,2257,4816,6892
8332: 3200,6327,5479,8887
8333: 6328,431,5075,9179,1687,9016,8556
8334: 6331,2594,9427,6642,9389,3202,8889
8335: 5641,2430,6740,6333,8663,8999,7012
8336: 4743,6820,8665,6335,8918
8337: 7462,6336,5350,7199,8526,8578,9302,9687
8338: 814,2271,4044,8631,8453,3553
8339: 4578,6337,8316,8670,6298,8345,2283
8340: 3208,6660,6338,3932,9483,4956
8341: 4002,4747,6722,8303,8763,6339,9448,8671
8342: 9601,6340,7015,9446,9404,3827
8343: 6917,7481,8242,8296,7511,7192,6341
8344: 4864,6343,8771,9321
8345: 4539,4722,6782,2283,4578,8339,8513
8346: 7085,6346,3878,9447,9566,5643
8347: 6347,4573,9603,7468,8508,9690
8348: 2286,6786,8867
8349: 6348,7394,9647,8573,8860,9518,9124
8350: 7488,6790,4608,7439,8544,8482,8876,2289
8351: 6351,4755,6504,8518,8676,8711
8352: 6352,6771,8575,4577,8512,8834,8976
8353: 6355,7216,3899
8354: 6357,5230,3195,8919,9166,9194,8883
8355: 3855,9429,9263,273,5292,525,7061
8356: 9472,5540,6358,3229,6313,8697,4954,8923
8357: 5268,9213,9609,7084,2306
8358: 6594,7391,3234,6361,9670,8605,8627
8359: 6362,7469,6470,8471,9142,9330
8360: 283,4708,8633
8361: 4760,3518,7805,6364,6662,9640
8362: 6366,5601,6724,741,6876,6829
8363: 4603,6367,6718,9339,5382,7239,9526
8364: 5572,6371,7236,9496,9521,9335
8365: 9589,2322,742,6818,4585,7476,8523
8366: 6374,5581,8948,7360,9630
8367: 6375,4797,4765,8681,7504,6864,8712,8985
8368: 9658,7071,5258,9202,4866,6376,1769,8551
8369: 2683,8603,9148,304,5207
8370: 4768,8684,8724,3909,6381,9341,9471
8371: 6979,8689,3727,9132,6382,6901,9333
8372: 7360,6383,5059,6799,1780,9050
8373: 2334,4603,7486,6551,8540,8580
8374: 6384,6269,9579,3264,3149,8832,8954
8375: 6257,7523,5425,9373,6387,8956,6821
8376: 219,6258,8278,8329,8587,6430,6388,4655
8377: 8707,5112,6627,8669,8769,6389
8378: 321,3386
8379: 1719,6391,9124,7489,5598,9518
8380: 6847,8961,2346
8381: 6935,9073,4745,9030,9049,324,8451
8382: 2504,6394,7993,3268,5600,3821,8476
8383: 8275,8690,6698,4775,8739,6396
8384: 6399,6357,3226,5534,8919,9467
8385: 4631,2354,8566,8637
8386: 4536,7446,8469,9126,6401,9678,5608
8387: 4502,5203,4781,3529,6673,6310,6402
8388: 1456,7198,6405,8808,6235,8257,4882
8389: 9590,5461,6652,6406,1118,8970
8390: 6407,3111,8701,8797,9623,5235,7350
8391: 5412,4818,6305,6446,6409,8314,9010
8392: 6410,7480,8806,8975,9644,9696,4617,8440
8393: 6375,9712,7510,4765,7504,4663,346,9318
8394: 2347,6413,6291,3167,4791,7021,7191
8395: 9651,8782,7293,4467,8971,6406,1118
8396: 9645,7390,3295,6877,6513,7104,6414
8397: 3756,4792,102,6415,6309,7461,8496
8398: 6417,8846,5630,4934,6775
8399: 5262,9648,7395,4684,8561,4473
8400: 6963,2479,9154,8459,602,6418,8522
8401: 2381,5473,3933,4681,4020,8054,7852
8402: 7273,7128,6419,9380,9485,5292
8403: 5333,4476,7181,9288,9655
8404: 364,7795,6476,5300,4868,8267,3098
8405: 4878,6421
8406: 6422,3896,9190,3310
8407: 6604,6479,8480,9110,368,8693,8953
8408: 6591,7410,7525,1138,4482,4670,8601
8409: 5427,6424,283,5586
8410: 6467,6571,9086,8606,4483
8411: 6425,7303,8716,4736,4800,6318
8412: 8516,9022,8287,6269,6893,2398,8630
8413: 4484,5459,7783,7779,7723,4769
8414: 3314,6426,3480,2485,4739,6601
8415: 6755,4487,8647,8811,7417,9660,9508
8416: 1959,6428
8417: 5492,2406,6502,9632,6903,9034
8418: 7175,6607,8646,7418,4488
8419: 5303,5648,6429,8998,4742,8663,9008,3316
8420: 6846,8960,9028,6430,219,9000
8421: 6999,1162,2265,8809,7428,7264,4491
8422: 6432,9445,9652,3318,7399,8901
8423: 6658,4955,8600,8882,4492,7420,9662
8424: 3319,5062,9008,5644,6434,7400,9653
8425: 4800,6318,8322,401
8426: 4496,8729,8822,5594,9513,6761
8427: 7218,9319,9502,4809,7482,6437,8723
8428: 3497,6625,8666,4497,9710,9118,9664
8429: 5062,2430,8999,9355,8895,6803
8430: 4980,4810,9344,6439,8736,6693,8775,6695
8431: 4498,8619,9665,6583,6478,9382
8432: 6441,5207,3510,9158,9135
8433: 6981,4500,7424,9137
8434: 1313,8909,9164,814,6442,9340
8435: 4502,9667,42,4781,8696,8247,8282
8436: 2294,4556,6444,7406,6798,3331,3883
8437: 4503,6816,3652,9255,8905,6246
8438: 3554,6445,4496,6702,9167,8729,8967
8439: 4723,3501,8645,4788,6446,9114
8440: 7492,4617,8554,4733,6447,9517,7480,8392
8441: 7078,6448,3336,9015,9278,6531,8555
8442: 3627,4507,5607,7337,5564,7793
8443: 6988,4820,6449,9442,8733,9144,9151
8444: 9671,4508,1162,8809,9228,9261,7431
8445: 6451,9054,2621,8562,7113,9354,8823
8446: 2459,4770,6382,8686,6942,6901,9032
8447: 5382,454,7239,8276,8577,6256
8448: 7432,4513,8750,9147,9153,9327,5201
8449: 321,6494,6452,8498,7485,4571,9699
8450: 1508,6825,7097,5514,6453,9605,9014
8451: 6454,8578,8668,9302,9030,4745,8381
8452: 6308,7497,5013,9707,8799,5449,6456
8453: 2271,8338,3553,4520,8741,9673,7436
8454: 6634,6459
8455: 6830,9674,7438,8538,6959,9075,2476
8456: 472,9645,3295,5197,8596,9138,9455
8457: 6460,8300,8740,6706,6847,8746,8961,6287
8458: 3870,6494,8498,9044,4602,4525
8459: 9109,4926,3508,6963,2479,8400,8851,8865
8460: 6461,7181,3115,9624,7352
8461: 4849,6282,126,63,4527,6838
8462: 9448,480,9271,9294,5319,3873,9442
8463: 9685,4750,6462,1943,9227,5230,9166
8464: 7312,5495,7012,4530,9180,9437
8465: 6466,4648,7452,7100,8579,9680
8466: 6467,9025
8467: 6640,7445,4535,5025,5442
8468: 7454,9681,5622,2494,6437,9540,9319
8469: 6969,4536,8386,9121,9126,5191
8470: 4826,3564,6533,6469,9394,8556,9175
8471: 6362,6470,8359,8747,9709,6883
8472: 9586,6945,7288,9224,2499,9422,9083,9464
8473: 6472,8882,8486,8996,4492,2518
8474: 8751,6474,9206,4840
8475: 5167,4961,4545,8710,9430,5490,9105
8476: 6988,3802,3821,8733,2504,8382
8477: 1959,6475,9210,9157,3842,7034
8478: 8177,6508,4546,8752,8071,3396,4564
8479: 8874,454,6477,9526,4947,8580
8480: 6479,8407,8693,4778,7064,9270
8481: 4500,7424,6480,3376,8773,9666
8482: 4054,4551,8876,9540,2289,9565,8350
8483: 7061,6590,8629,4697,4914,525
8484: 2517,9161,6561
8485: 6985,9141,9145,4552,7081,8320
8486: 8996,9050,4665,5107,2518,8473
8487: 3380,8917,9036,4585,4981,6483,9056,8523
8488: 4553,9492,7456,3680,9059
8489: 977,2520,4675,6881,9001,6485,8490
8490: 7009,4506,6485,9177,2520,8489,9001
8491: 7153,9417,4555,9307
8492: 6486,9040,8283,8624,9304,5353,3381
8493: 9685,4557,7250,2091,8731,7460
8494: 2527,4854,7500,9708,8762,8841,4916
8495: 3445,6489,9041,9060,9706,9672
8496: 4560,7461,9182,5173,6309,8397
8497: 2579,7060,6517,6490,8539,9691
8498: 6494,8449,8458,4602,7485,9699,4525
8499: 7137,4868,8240,7027,2538,14
8500: 6495,6545,8573,8790,4874,7394
8501: 4568,7464,9225
8502: 561,6882,6612,9005,4012,5118
8503: 4746,6548,2544,6646,8576,8685,9208
8504: 7466,7485,4571,9699,8891,9689,6554
8505: 5463,6497,1980,3499,6629
8506: 6303,5322,303,8313,6436,4572
8507: 2545,7332,9216,1545,9528
8508: 7468,6651,8687,4573,8347,6321,5450
8509: 5477,6657,9421,2546,3516,9220
8510: 7155,6498,7046,9424,9404,9235
8511: 6499,7500,8574,7092,9320,4640,9300,9112
8512: 7471,4577,5040,8976,9276,8352
8513: 4578,7472,6532,9692,8316,6782,8345
8514: 7446,9051,9678,6502,6281,3391
8515: 9626,7354,6503,7240,9528,8777,8929
8516: 4582,5593,8412,9022,6893,2398
8517: 6582,2563,4906,4814,8727,7107,4660
8518: 3393,6504,8351,8711,7638,6667
8519: 7138,7198,4583,8988,1580
8520: 8807,6505,8302,6713,1989,6580,3564,8754
8521: 4584,861,7475,6605,9259,8656,9130
8522: 7281,6643,4985,602,6418,9581,8400
8523: 6483,7476,9056,4585,8365,8487
8524: 7318,6506,9605,9449
8525: 1016,9657,2569,6531,9246,7053
8526: 6336,8337,9687,6508,6712,8752
8527: 6510,8787,8947,4742,6740,3316
8528: 7147,6511,3399,7506,4654
8529: 4733,4592,7498,6315,9696,2348,8657
8530: 4807,6512,7357,5386,9343,3822
8531: 6382,618,7383,3285,8686,8970,9537
8532: 2579,4584,9259,6838,4849,4919
8533: 7482,4054,5622,9565,4595,9697,9564
8534: 6513
8535: 1992,6598,8634,6514
8536: 6789,8875,6848,9286,3403,3680,6515
8537: 3665,6659,7979,628,3760
8538: 4525,7438,8455,4602,6554,9075,2476
8539: 3673,9276,9691,4862,6517,8497,8626
8540: 4603,7486,6718,5411,9700,8373,8759
8541: 5379,1106,9522,9337,2590,9351,9162,8775
8542: 2591,4937,8569,9369,9509,4822,7225
8543: 5349,6520,5612,1170,8907,9530
8544: 7488,7423,4608,2466,8350,8619,9665
8545: 2594,6741,6642,8789,9314,7086
8546: 6521,4564,9559,9654,7462,9687
8547: 2595,6645,8315,8694,3622,7080,9226
8548: 3578,6727,6522,8328,9187
8549: 5196,9407,9136,6978,4611,9702
8550: 7094,2601,3213,8906,6343,9321
8551: 6526,7076,6376,6570,8774,8368,4866
8552: 6565,4614,3751,3193,5209,7296
8553: 6528,8734,8743,9539,7249,3554,6702,9167
8554: 7492,3164,9704,4828,4617,8440
8555: 6531,2008,4913,8833,8441,9278
8556: 4826,6533,6469,8470,8738,8754,6328,8333,1687
8557: 4622,4976,6959,3428,9102,2347,6849
8558: 2618,5029,4975,6681,8722,8910,8951
8559: 674
8560: 2619,6928,3754,9350,6940,9066,7108,9082
8561: 6534,4684,8240,8399,4473,9617
8562: 2621,6852,6445,9289,8967,8445,7113
8563: 6536,9457,9618,7341,3104,8784
8564: 6860,9658,7412,4630,5258,8979,4483
8565: 3235,3581,4870,6250,6538,8271
8566: 4631,7497,2354,9707,8385,8317
8567: 6916,6728,2628,7120,9363,9467
8568: 4632,4592,7498,4486,7388,9659,9644
8569: 7083,2591,6539,8542,3152,4822,5403,8735,9356
8570: 7123,5002,6733,2629,9368,8776
8571: 693,6701,5249,8742,9195,9217,7111
8572: 2632,6628,7077,6880,7132,9384,6819
8573: 6545,8500,8860,7394,9647,8349,9124
8574: 7500,6776,9708,8511,8850,812,4640
8575: 6352,5518,6547,6771,8352,8915,9452
8576: 6548,2544,8503,8685,9208,4875
8577: 6550,4841,454,8276,8447,8753
8578: 708,6336,6454,8337,8451,9302,5093
8579: 4549,4648,7452,8465,9680,6560
8580: 4603,6551,8373,8479,9526,4947
8581: 2029,6552,3575,4569,7044
8582: 3212,2372,4650,7505,2384,7636
8583: 7105,2652,5029,9338,8966,8817
8584: 7494,3428,7047,9075,9705,2476,7466
8585: 2654,7080,9301,2219,8309,9211,5267
8586: 9139,8249,8798,4877,9614,6555
8587: 7507,6258,8278,8376,6388,4655,9163,8640
8588: 6557,6744,8714,8802,5521,4878,9454
8589: 5389,7248,6559,9243,9538,8650
8590: 5127,9711,7509,4660,9078,9231
8591: 6561,9468
8592: 4663,6996,3468,3594,9199,9712
8593: 742,8770,7168,6878,6392
8594: 7511,7114,9713,9507,7294,9385,4664
8595: 5379,6565,7237,3751,9522
8596: 472,9645,7390,6566,8456,974,9119
8597: 6914,6603,9715,8641,4668
8598: 3253,8945,9497,6567,6373,6712,708,7451
8599: 7421,747,9663,9539,7249,4035,9548
8600: 6658,5629,2680,4955,8423,6787,8700
8601: 7525,719,8044,4670,8408,9101,5195,7514
8602: 5120,6569,8868,9260,4941,8652
8603: 2683,5064,7185,8369,8905,9002,9148
8604: 6376,6570,1769,8962,3635,9244,9149
8605: 4675,7197,8256,8261,8627,6234,6594,8358
8606: 6571,8410,9009
8607: 5232,5256,7028,2687,9168,7189
8608: 2107,8250,6632,9379,6572,8673,8681
8609: 7418,1144,4678,9661,9353,9134
8610: 5157,6885,2392,7208,6574,3450
8611: 5541,2693,3132,9474,8816,7655
8612: 9472,4683,6242,3224,6875,2382
8613: 4983,7113,3683,8830,8921,9354,6578
8614: 6754,3596,6580,4837,4902,8826,9201
8615: 6806,4686,5064,7185,9466,5166
8616: 7204,9425,2198,9486,8297,5533,9465
8617: 6582,7043
8618: 5421,6842,3929,9371,8643,4689
8619: 7423,3375,8544,9665,8431,6583,6478
8620: 6266,4691,8286,9515,6499,4854,8762
8621: 2519,6764,2457,3309,792,4843
8622: 4693,6966,5239,6259,6617,8279,9176
8623: 6586
8624: 4697,6486,2072,8239,8283,8492,5353
8625: 5052,6595,6789,6590,8629,8875,8989
8626: 6593,8900,2569,8539,4862,8768,6517
8627: 2520,4675,8261,8605,6361,6594,8358
8628: 3111,812,4640,8797,9300,5327,9283,5159
8629: 6595,6590,8483,8625,8837,4914
8630: 4706,2398,8294,9655,7405,8287,8412
8631: 814,2271,6772,4044,8338,8836,8856
8632: 7279,8964,8241,7376,3278,9580
8633: 8295,4708,8360
8634: 6790,6598,8535,8839,8876,4915
8635: 9586,822,9679,6788,7235,8253,8872,9520
8636: 9403,2093,4711,5392,8245,9349,8720
8637: 6600,8969,2354,6853,8385
8638: 6903,6289,9405,9527,4714,5492,9599
8639: 3800,6986,5199,9141,6602,9146
8640: 4715,9671,4655,9163,7507,8278,8587
8641: 6603,8597,4918
8642: 6797,835,9524,9557,9551,7256
8643: 6254,6604,4689,6842,8618,8953
8644: 6257,6720,3485,8885,8277,8761,6606
8645: 9481,4723,8310,8439,8703,7200,4788
8646: 7175,6607,2090,8243,8418,9453
8647: 7166,4487,4725,8415,8811,8879,9441
8648: 3927,9476,8731,1505,4557,6609
8649: 6306,4726,6645,7004,8315,8683,8871,3844
8650: 6559,8589,9243,2033,6611,8720
8651: 6646,8670,6995,4727,6337
8652: 4941,1203,6612,9005,6569,2049,8602
8653: 6858,7145,5101,3582,6613,9039
8654: 7139,1360,4729,9395,8776,5002,8941
8655: 7323,9608,2372,4702,6614,7188
8656: 7060,861,6811,9259,8521,9136,5196
8657: 314,6447,2348,4733,8529
8658: 6617,8279,8290,8840,7232,8849,9514
8659: 4736,6767,9212,7303,8682,6644
8660: 4926,8829,8865,6620,9516,4937,9509
8661: 4738,3578,4571,8891,9187,6452
8662: 6752,3595,6622,3414,8864,8916
8663: 3319,4742,6740,6333,8335,9008,6429,8419
8664: 883,4726,7004,5210,9154,6643
8665: 4743,8336,8903,3211
8666: 6290,6754,3497,6625,8807,8428
8667: 6827,5046,7008,886,9598
8668: 5350,8451,9302,6687,4745,8755
8669: 6627,8377,2535,7191,3498,8769
8670: 4746,6646,8651,6298,6337,8339
8671: 7173,9448,4747,8341,6339,1409
8672: 6630,1995,8810,7197,5349,9299
8673: 4797,6572,8681,2107,8608,6632
8674: 2590,6633,7270,7079,4935,6699
8675: 6634,5188,9120,9122
8676: 6351,4755,7109,8351,8798,4877,3087,8777
8677: 5290,9236,4795,6418,6509,6635
8678: 6870,3699,3503,8991,6637,9237
8679: 6399,6357,908,3195,368,8693,4778
8680: 6896,6236,6872,6639,9026
8681: 4797,7510,6572,4765,8367,8673,8803,8608
8682: 4944,9596,7303,8659,9133,6644
8683: 4726,6645,7004,8649,8871,9169
8684: 9498,4768,8370,8724,3909,9469
8685: 6548,6646,8503,8576,6995,3510,9135
8686: 6382,618,8531,9537,4770,8446,9631
8687: 6251,7468,6651,2129,8508
8688: 6948,4526,4766,4774,6377
8689: 6979,5461,6652,8371,6382,618,6901
8690: 6255,4821,6528,8275,8383,8734,4775
8691: 4050,5658,6913,9043,5142,6653
8692: 6987,944,9147,5201,6449,9144,8774
8693: 368,8953,8407,8480,4778,908,8679
8694: 2595,7088,8547,6784,3622,6654
8695: 6655,9139,3133,3514,8819,8944,6351
8696: 4534,5203,4781,8435,8247,6468
8697: 5540,7333,6358,8356,4954,8880,9615,6656
8698: 7186,3963,6657,9500
8699: 7268,1456,4784,9572,6967,9222,9364
8700: 6787,3517,5014,7420,6658,8600,4762
8701: 6407,6865,3694,8390,8987,5235,4787
8702: 3208,6660,1645,7416,5627,9659
8703: 8645,7297,7200,9594,97,4788,6409
8704: 9606,5518,7125,8915,9588,6661,7187
8705: 9519,6398,3992,8748,6411,4789
8706: 974,4972,8995,7390,6877
8707: 6412,4790,1787,5112,6627,8377,6389
8708: 9590,9406,8260,9378,7293,6663,9346
8709: 6238,977,7119,8256,8261,9360,5285
8710: 4961,5375,6666,4545,8475,8867,9331
8711: 6351,8351,8518,6655,8890,6667
8712: 6864,5108,6632,6420,4797,8367
8713: 2596,2187,6912,5571,6670,6396
8714: 4798,6557,6683,8588,8802,9536
8715: 6671,4808,3932,7301,6435
8716: 3200,6425,8411,8887,4800
8717: 7135,6891,997,9245,9391
8718: 9064,9478,5350,7199,6687,8728,4803
8719: 1662,974,6678,4972,6302,8902,9092
8720: 2093,6611,8245,8636,6679,8650,2033,9296
8721: 1584,6680,6850
8722: 6841,7283,6681,5042,8951,9583,8558
8723: 2208,3132,9525,9474,8866,4809,8427,9502
8724: 4768,1007,8370,8684,6381,9471,9570
8725: 4810,1327,9344,6956,8853,6777
8726: 6557,1479,6683,6794,9592,7295,9004
8727: 4906,4814,8517,7107,6779,6442,9340
8728: 8755,6687,8718,3547,4803
8729: 4816,4496,8426,8438,8822,8967,7302
8730: 6952,4978,6688,8250,9093,9357
8731: 4818,9010,7460,1505,8648,4557,8493
8732: 5554,6690,8914
8733: 6988,4820,3821,8443,8476,9151,9401
8734: 4821,6528,8553,8690,8743,4775,6702
8735: 1508,6825,7225,5403,8925,8569,4822
8736: 4980,6439,8430,6693,8775,9162,3552,6695
8737: 6312,6697,9620,8318,8917,9036,9479
8738: 4826,8556,9108,1687,5013,8952
8739: 6270,6698,2187,5525,8383,6396
8740: 9704,4828,6460,8300,8457,6287
8741: 6700,7361,3553,4520,9164,9504,8453
8742: 6701,8571,9013,3897,9352,7111,9459
8743: 4821,6451,8553,8734,2621,3554,6702
8744: 6705,3147
8745: 4837,5449,9394,7287,8826,9585
8746: 6706,9684,3558,6460,8457,9171
8747: 4838,6362,8471,6883,4880,9007
8748: 9519,7035,3992,6707,8297,8705,4789
8749: 4955,6472,4839,8882,9383,7177,3799
8750: 7432,1066,4513,8448,9153,9327,6989,6931
8751: 9185,8474,4840
8752: 3914,6508,6712,4546,8478,8526
8753: 6550,4841,8577,6781,7152,9415
8754: 3564,6533,8556,6328,5242,6713,7042,8520
8755: 1070,9073,4745,8728,8668,6687
8756: 6715,2201,7331,8299,9461,9613
8757: 7078,6716,9015,9298,5651
8758: 6717,4913,4862,8768,8833,9178,3673
8759: 6718,5411,9700,8540,4856,4991,8764
8760: 4553,9313,9076,3754,6940,8963,1077
8761: 6257,6720,3163,7523,8885,2207,8644
8762: 6499,4854,7500,8494,4691,8620
8763: 7334,9616,5541,6722,8303,8341,6339,9271
8764: 4856,6503,4991,8929,9347,8759
8765: 6725,7121,3577,2027,9365
8766: 6981,7424,4860,9666,5197,8980,9138
8767: 3578,6800,6727,3634,7094,2601,9240
8768: 4862,8758,8833,8626,2569
8769: 4863,6519,6389,2535,6627,8377,8669
8770: 7258,6272,742,6729,8593,5458,7168
8771: 4864,8344
8772: 3079,9213,7084,9308
8773: 4500,6731,6480,8481,8937,1780,9155
8774: 7076,8551,9294,6449,944,8692,6860,4866
8775: 6439,8430,8736,9162,1106,8541,3552
8776: 4729,8654,5002,6733,8570,9127
8777: 6503,7240,3087,8515,9347,7109,8676
8778: 3789,2219,6734,9211,9322,9370,6592,5368
8779: 7142,4867,6730,7402,9573,9251,6530
8780: 126,6735,3582,6613,6325,7440,9676
8781: 6237,3842,9418,7335,3093,8259
8782: 9651,6964,8395,1118,7407,3285,8970,9656
8783: 6737,6957,7065,4963,9328,4940,2608
8784: 4869,7341,3104,9297,8563,9618
8785: 5594,7421,5555,6738,9663,9484,9513
8786: 3583,7205,3310,6739,8992,9556,9190
8787: 7012,6510,5008,8527,8947,4742,6740
8788: 7159,5347,3104,1562,9035,9297,6233
8789: 6649,3584,2594,9427,6741,8545,8796
8790: 6495,8500,9170,9203,7030,4874,3583
8791: 9711,7509,6743,9070,9333,8950,3727
8792: 561,6872,1138,2380,5118,6975
8793: 3108,3657,5016,8957,9265,9324,9436
8794: 9412,4875,9208
8795: 7035,9214,7209,5521,9193,6744
8796: 6649,3584,4876,8789,2334,6551
8797: 6407,3111,3694,8390,8628,9300,5327
8798: 9139,3514,8586,4877,6351,8676
8799: 7497,2354,5013,6746,8452,8952,7368
8800: 1144,407,5396,4901,9661,9550,7254
8801: 9624,6772,4044,8836,9557,3115,9551
8802: 6421,4798,6557,8588,8714,4878,9454
8803: 6750,7510,6572,8681,8818,9379,1225,4894
8804: 3119,4497,7422,9664
8805: 2517,4880,3710,9007,7038,9220
8806: 6410,6753,7388,8392,8975,9544,9644
8807: 6290,6754,6505,8302,8666,8520
8808: 1940,3125,9035,6235,6405,8388
8809: 9671,6999,4508,1162,8421,8444
8810: 6234,3126,7059,7197,6630,8672
8811: 6755,6303,4725,8313,8415,8647,8879
8812: 2167,4886,8263,8280,8965,6850
8813: 677,5356,6756,2650,7148,3128
8814: 6817,1170,8907,7146,9403,9349
8815: 7215,3953,9495,7165,7290,3131,9629
8816: 6243,6941,8866,2693,3132,8611,9474
8817: 9415,6759,7152,2652,8583,8966
8818: 6572,8803,7366,5428,9379,4894,9511
8819: 9139,43,3133,3514,8249,8268,8695
8820: 6514,6760,9643,4915,7454,9681
8821: 2129,3135,8253,9520
8822: 4816,8426,8729,6761,4575,7302
8823: 5396,4901,6451,8445,9054,7113,9354
8824: 3138,5563,6256,9339,3240,5382
8825: 6762,8877
8826: 7287,4902,4837,8745,8614
8827: 6763,5045,6777,8844,8981,3606
8828: 4906,9091,6937
8829: 4926,6644,8660,8851,8865,6620,6767
8830: 3147,8285,8613,8921,6578
8831: 4508,6768,1162,2265,5114,5601
8832: 6269,3149,8374,3357,7255,9021
8833: 6531,4913,8555,8758,8768,2569
8834: 5040,8976,6771,8352,7121,5287
8835: 7458,7031,9684,9307,1203,9005
8836: 9624,6772,4044,8631,8801,8856,9557
8837: 9362,6595,8629,4914,6960,8239,9106
8838: 4672,5162,2519,6773,6626,3612
8839: 7454,4551,8876,6790,8634,4915
8840: 6617,6271,6774,8290,8658,5438,4924,8849
8841: 2527,4854,8494,4916,7014,8969
8842: 9589,7292,7258,9356,2017,3152,6749
8843: 1217,6723,6552,3575,9183,4858,53
8844: 6763,4918,8827,3606
8845: 6800,3634,9689,8880,9240,7047,1218
8846: 8398,6775,3613
8847: 7263,3156,9568,6585,8293,8960,4908
8848: 1220,7349,6738,9484,7051,6363,8997
8849: 4924,7232,9531,9514,8658,8840
8850: 6833,7500,6776,9708,8574,812,9020
8851: 4926,9133,6644,3508,8459,8829
8852: 1225,7056,5593,4894,3594,9249
8853: 9344,6956,7108,8725,6845,5045,6777
8854: 4928,4896,2586,6622,6752
8855: 6410,3290,8975,3164,7277,4031,9543
8856: 814,6772,6779,6442,8631,8836
8857: 2347,5469,6291,7298,6849,3167,6684
8858: 9415,6759,3619,9061,9223,8874,6781
8859: 5630,4934,3299,3126,7059,8984
8860: 6812,6783,6545,8573,8349,1719,8986,9124
8861: 4935,3552,5330,6695,7178,9458
8862: 6784,8968,5567,3622,9493
8863: 9279,3674,3171,6295
8864: 8916,6907,6622,1249,9038,8662
8865: 9109,4926,8459,8660,8829,4937,9509
8866: 6785,6243,9697,4809,8816,7482,3132,8723
8867: 5375,6666,8710,9331,2286,8348,6786
8868: 5120,6489,8602,3721,4941,9026
8869: 7707,6787,3623,3517,9232,5629
8870: 7075,1992,3776,1260,6598,9266
8871: 6645,4944,8649,8683,9169,9316,9596
8872: 9586,5450,6788,7288,8635,9396,6651,9224
8873: 8317,6308,5449,3180,9585
8874: 6477,8479,6781,4947,8858,9223
8875: 5052,6789,8536,8625,6848,6515
8876: 4551,8482,8839,2289,6790,8350,8634
8877: 4952,8825
8878: 9019,6792
8879: 7166,6303,4725,8647,8811,9277,5462,3191
8880: 4954,9240,3634,8845,6358,8697,1218,6656
8881: 4032,9660,9545,8994,7417,7245,6794
8882: 4955,6472,8423,8473,8749,4492
8883: 3195,8354,9166,7275,6322,1943,8326
8884: 6753,4956,2250,7309,8324,9544
8885: 6720,1291,8644,8761,6865,8987,6606
8886: 6797,5178,7374,9524,9638,5400,9555
8887: 3200,6425,5479,8332,8716
8888: 3799,5059,6799,3376,9383,9033
8889: 3202,9686,9113,9366,6642,8334
8890: 6638,6667,6655,4963,8944,8711
8891: 3578,6800,4571,8504,8661,9689
8892: 4964,6525,2001,7285,173,6353
8893: 7941,4857,3205,4836,6334,8983,3574
8894: 6802,4979,8914
8895: 6919,7396,9055,6803,2430,8429
8896: 5279,9688,9225,6805,8902,8995
8897: 6806,9392,5064,9002,3805,9156
8898: 6809,5581,8926,9501,6323
8899: 2102,4509,6810,5419,5066,3381,9304
8900: 6593,8626,9258,6517,6811
8901: 6812,3318,7399,9253,9003,8422
8902: 4972,6302,8719,8995,8896,6805
8903: 7171,4743,6340,8665,9446,8959,3211
8904: 6815,9011,6663,7248,2140,8260
8905: 2683,7185,8603,6816,8437,9255
8906: 7313,7094,2601,3213,8550,9602
8907: 6817,6520,1170,8543,8814,5071,7146,9349
8908: 1668,6749,5016,8957,9589,6818
8909: 2459,1313,8434,7107,6942,9078,9340
8910: 6681,1609,4975,8558,6915,9067
8911: 3217,7315,9603,5297,5506
8912: 4622,4976,7494,9615,7333,4683
8913: 875,2620,6819,3807,7000,7132
8914: 4979,9503,8894,6690,8732
8915: 6352,5518,8575,8704,3221,6661,8330
8916: 7307,1324,3414,8864,1249,8662,3595
8917: 6312,8487,8737,9036,9479,9095,4981
8918: 3654,6335,9262,9649,6820,8336
8919: 6399,6357,3226,8354,8384,9194
8920: 7237,1106,7118,9522,1327,6439
8921: 6705,4983,3147,8613,8830
8922: 3690,5075,6821,9577,9016,8956
8923: 7313,4954,5499,9602,6358,3229,8356
8924: 7457,4554,6933,7122,1333,7086
8925: 6825,7097,5403,8735,9356,3657,9265
8926: 4989,8898,1681,6323
8927: 5552,3380,3234,9479,7391,9549,9646
8928: 7902,4596,2331,4529,6874,6826
8929: 9626,7354,6503,4991,8515,8764,8933
8930: 3774,8273,4686,1345,6992,9359,1403
8931: 3239,5561,7213,4988,6366,5452
8932: 6831,7101,8947,9160,3388,4719,892
8933: 7354,4991,8929,9339,3240,6367
8934: 6259,1351,7134,9048,9597,3752,6966
8935: 2544,4999,7033,9208,7022,9192
8936: 7486,6832,9700,4676,1675,7800
8937: 4500,6731,8773,5000,8327
8938: 2527,6833,9708
8939: 5144,1360,5464,9395,9077,9593
8940: 9335,6371,3247,9115
8941: 5002,9368,7139,8654
8942: 4517,3507,7433,1170,7003,1363
8943: 7193,9097,6941,7655,6836,2693
8944: 6737,6944,5006,4963,6655,3133,8695,8890
8945: 3253,7359,4886,9629,8598,6567
8946: 3697,6837,9305,3226,5534,7329,9612
8947: 6831,5218,6510,5008,7101,8527,8787,8932
8948: 6374,7408,8366,3254,8982,9630
8949: 6838,7471,6490,7440,9276,9676,9691,4527
8950: 5011,3727,9132,9117,6743,8791,9333
8951: 6841,6681,8722,2618,8558
8952: 5013,8799,7368,9108,1687,8738
8953: 368,6842,8693,9416,6604,8407,8643
8954: 7256,3771,3264,3149,5400,8374,9555
8955: 5090,5104,6844,9393,9310,9384
8956: 3265,1604,9016,6387,8375,6821,8922
8957: 1668,7164,5016,8793,8908,9095,9436
8958: 9076,9282,6845,5045,2619,6940
8959: 1406,9439,3211,7171,8903
8960: 6846,8293,8420,9028,4057,6430,3156,8847
8961: 6706,6847,8457,8380
8962: 7173,6570,8604,3635,1409,9244
8963: 6848,3754,9350,9429,9263,1077,9286,8760
8964: 7279,6596,9052,8241,8632,3278
8965: 5093,4886,8812,9030,1584,324,6850
8966: 5029,8583,6759,6924,8817,9079
8967: 6852,6445,9289,4816,8438,8562,8729
8968: 6762,4952,5031,6784,8862,5567
8969: 6600,8637,8841,4916,6266,6853
8970: 1118,618,3285,8531,8782,6652,8389
8971: 4467,7133,9386,3688,6855,8395
8972: 7490,4665,5035,7158,9714,5107
8973: 1431,6898,9275,9570,5644,9029,9653
8974: 6856,1769,9149,7071,9280
8975: 6410,6753,3290,8324,8392,8806,8855
8976: 4577,5040,8512,8834,9276,6771,8352,5287
8977: 6858,5101,6541,4872,4923
8978: 7283,5042,5549,5438,9477,6774,9387
8979: 6860,4630,5258,8564,6987,9706,7496
8980: 3295,5197,6513,9138,4860,8766
8981: 5045,8827,3677
8982: 2658,7158,3254,8948,9630,6862
8983: 5618,6334,5046,6780,8893,3205
8984: 5630,4934,3299,3126,8859,9646
8985: 6864,6466,9680,6375,8367,7504,9709
8986: 1719,5067,5048,9006,9124,6783,8860
8987: 6865,8701,4787,3384,6720,8885,1291
8988: 7268,1456,3927,7138,7198,9476,8519
8989: 5052,6595,6947,8625,5168,9085
8990: 1457,7143,7200,9481
8991: 6311,3193,6870,3503,6319,8678
8992: 7205,3310,8786,9556,9334,9190,7341,7103
8993: 4983,3683,5056,6852,9289,2257
8994: 9451,9592,5057,7417,6794,8881
8995: 4972,8706,8902,6877,7104,5279,8896
8996: 3799,5059,8486,9050,2518,6472,8473
8997: 3235,6879,6363,6538,7349,8848,2384
8998: 5648,9573,8419,4742,3326,1991,3316
8999: 3319,5062,2430,6333,8335,8429,9355
9000: 5091,3317,9238,9292,8420,9028,219
9001: 6881,8489,6485,8490,7426,9667
9002: 6806,9392,5064,8603,8897,9148
9003: 3318,1979,9253,8901,9245,5297
9004: 5463,7209,7295,9411,9491,1479,6744,8726
9005: 1203,6882,6612,8502,8652,9204,7031,8835
9006: 5067,5048,687,8986,6783,6346,9566
9007: 4880,3710,346,8805,9318,8747,6883
9008: 3319,5062,8424,8663,7400,6429,8419,9653
9009: 6884,3383,9041,6571,8606
9010: 5412,4818,9364,8391,8731,1505
9011: 5070,6815,8904,5296,7248,9538
9012: 1413,3331,4704,3883,7179,4754
9013: 6701,9269,5249,8742,5071,3897,9459
9014: 1508,5514,7225,8450,9516,3989
9015: 7078,3336,6716,8441,8757,5651
9016: 3265,8956,9108,5075,8333,8922,1687
9017: 6891,9203,5233
9018: 7191,5080,9181,2690,6413,4791
9019: 8878,6892,6792,5056
9020: 5082,6932,9088,5159,6833,6776,8850
9021: 4476,7405,3357,7255,8287,6269,8832
9022: 5593,9511,8412,8516,6384,9634,6893
9023: 5085,5256,7025,7695,4852,7687
9024: 6895,6972,6743,9070
9025: 7412,3365,6467,8466
9026: 4941,6639,6896,8680,3721,8868
9027: 9626,9528,1545,9490
9028: 6846,2698,8960,8420,9486,5091,9000
9029: 7142,7400,5303,9251,9653,6898,8973
9030: 5093,8965,324,6454,8451,8381
9031: 3776,1260,9106,9362,9701,7423,3375
9032: 7509,6942,6901,9078,9333,8446
9033: 5197,9455,8888,3376,9666,9383,7177
9034: 6903,9678,5608,9527,8417,6502
9035: 5347,1562,8788,9297,6235,8808,3125
9036: 3380,8487,8737,8917,9479,4981,6483
9037: 6802,3635,9149,5099
9038: 5140,1249,7070,6907,6622,8864
9039: 7212,6541,5305,7145,5101,8653
9040: 6486,8492,9304,9382,7130,6556,3381
9041: 3383,3445,8495,9009,9060,6571
9042: 4698,5105,7852,3227,5536,3933
9043: 3747,6913,9342,5142,4050,8691,6653
9044: 3870,3386,6494,9287,8458,9439
9045: 6244,5441,1580,8257,8265,4882
9046: 5144,9077,6914
9047: 9677,7442,9160,3388,5243,8305
9048: 6915,1351,6271,9067,8934,5145,9348,3752
9049: 1584,6247,324,6935,8381
9050: 6383,5059,6862,8372,8486,8996,5107
9051: 3796,9375,7446,8514,3391
9052: 7279,9512,6917,6596,8964,8296
9053: 6577,7178,5148,6693,9380,6928,6918
9054: 1593,4821,6451,8445,7254,4901,8823
9055: 3654,6919,7396,8895,9262
9056: 6483,5116,7476,7429,9695,8523,8487
9057: 6603,6921,9207,9096,7118,9358,9345
9058: 6261,6277,1599,6411,4789
9059: 3403,7456,3680,8488
9060: 3383,5120,3445,6489,8495,9041
9061: 7306,6759,9348,6924,3619,8858
9062: 4691,1604,6387,9112,9515,3485,8277
9063: 6927,6553,456,5155,5079
9064: 3409,8718,9478,7034,4803,9210
9065: 5122,3722,8083,6886,6370,7305
9066: 6928,3754,3855,9350,9429,6918,8560,9239
9067: 6915,6271,9048,8910,1609
9068: 5126,8331,9595,2257,6892
9069: 5061,6236,4677,6989,6931
9070: 5127,9711,6743,8791,6895,9024
9071: 6932,4488,6980
9072: 3424,7803,7498,6315,6546
9073: 6935,1070,4745,8755,8270,8381
9074: 9460,6937,9091,7352,5161
9075: 6554,3428,7047,8584,2476,7466,8455,8538
9076: 5358,9313,8760,8958,9282,6940
9077: 5144,5464,8939,9046,9413,6914
9078: 7107,7509,4660,6942,8590,9032,8909
9079: 5145,6759,6924,5029,4975,8966,6915
9080: 5379,6565,3435,9337,7110,9351,9165
9081: 3133,6246,8268,3652,6944,9100
9082: 4980,5148,9344,7108,2619,6928,8560
9083: 3900,9464,9562,9140,6945,8472
9084: 7313,3213,8304,6666,1649
9085: 7075,3776,9290,9362,6595,6947,8989
9086: 6571,8410,9706,4630,4483,3445
9087: 3371,6948,6822,9675,2466,4498
9088: 6932,9020,5159,7175,9283,9453,6776
9089: 5157,4827,6929,3450,7319
9090: 7217,6949,5633,9553,5359,4000
9091: 4906,4814,8828,5161,9074,6937
9092: 1662,6302,9574,8312,8719,5528,9461
9093: 3612,594,6952,4978,8730,6773
9094: 7005,5162,6939,5178,7374,6958
9095: 1668,7164,8957,9436,4981,6312,8917
9096: 9057,9207,7118,6956,6763,3606
9097: 5165,3836,7193,8943,9414,6941
9098: 6586,3594,9249,3468
9099: 6957,7065,6252,3774,8273,9328,9247
9100: 7099,6944,5166,3652,9466,9081
9101: 6591,3472,719,4670,8601,3169,7356
9102: 6959,3428,8557,6830,2347,4791
9103: 1681,5000,8327
9104: 5630,9549,3474,6417
9105: 5490,886,9535,6982,5167,8475,7382
9106: 6583,6960,9362,8837,3375,3776,9031
9107: 9188,6947,5168,5245
9108: 3265,7368,5595,9016,9636,1687,8952,8738
9109: 4926,6963,8459,8865,7124,4937
9110: 6254,3484,6604,6479,5252,8407
9111: 9376,6964,6908,7407,9656,4478
9112: 4691,9062,9320,3485,8277,6499,8511
9113: 3782,3202,4693,6966,8889,9366,7134
9114: 5412,6446,9364,3501,8439,9572,6967
9115: 3247,6969,9121,6371,9496,8940
9116: 6970,7232,9176,9370,9514,7039
9117: 5193,5011,8950,6972,6743
9118: 7422,9664,3596,3497,8428
9119: 974,6678,6973,9546,6566,8596,3623
9120: 6459,5188,1940,8675,9222
9121: 6974,3247,3796,6969,4536,8469,9115
9122: 4723,3501,6634,5188,8675
9123: 7922,6976,5195,8044,3798
9124: 1719,8379,8986,6348,8349,8573,8860,9518
9125: 7384,6977,9482
9126: 8386,8469,6401,3278,5191
9127: 3503,6319,5291,9237,6733,4729,8776
9128: 3826,4966,5192,3764,6672,6971
9129: 7115,9462,6803,6355,1728,9355
9130: 6304,5447,6978,861,7475,8521,9136
9131: 2140,5193
9132: 6979,3797,5011,9406,8371,8950,3727
9133: 6644,3508,5210,8851,4944,9169,8682
9134: 6239,6980,7418,4678,8609
9135: 3510,8432,6548,8685
9136: 861,8656,5196,8549,6978,9130
9137: 6981,8433
9138: 9645,3295,5197,8456,8980,9455,8766
9139: 43,3514,8249,8586,8695,8798,8819
9140: 7382,7260,9083,9562,822,6945,6982
9141: 6985,6986,5199,8485,8639,4552
9142: 7367,6362,7469,3516,8359,9635
9143: 5629,2680,6984,9546,4839,472,6566
9144: 6449,8443,9442,9151,5201,8692
9145: 9591,6985,3191,8485,7166,9441,7081
9146: 7236,6602,9521,9628,6986,8639,5378
9147: 7432,6987,4513,7496,944,8448,5201,8692
9148: 9392,5064,8369,8603,9002,5207,9158
9149: 9037,3635,1769,8604,7071,8974,5099
9150: 4807,6433,6670,6396,3527,8275
9151: 6988,3802,8443,8733,9144,9388,5201
9152: 6311,3193,4703,8292,5209,9165,3435
9153: 4513,8448,8750,5338,3802,9388,6989
9154: 3508,2479,5210,8400,8664,6643,602
9155: 7360,1780,5581,9501,6731,8773
9156: 3805,6307,6992,9692,6806,1345,8897
9157: 1959,6475,9241,8477,5212,7006
9158: 6441,5207,3510,8432,6995,9392,9148
9159: 1070,3547
9160: 9677,6831,5218,7442,8932,9047,3388
9161: 2517,6996,3710,3468,8484,6586
9162: 2590,6633,1106,8541,4935,3552,8736,8775
9163: 7428,4655,9671,6999,4715,8640,8587
9164: 3553,1313,8434,8741,9504,814
9165: 7110,6994,7000,9152,4703,3435,9080
9166: 5230,3195,8354,8883,1943,9227,8463
9167: 3554,4496,8438,5594,7421,9539,8553
9168: 5232,2687,8607,9174,9401
9169: 7004,4944,8683,8871,9133,3508,5210
9170: 5233,9203,4874,3583,8790
9171: 7492,9704,6460,7234,9517,9533,9204,8746,3558
9172: 2629,7006,6475,7126,3093
9173: 9519,7035,3992,5236,9214,9256,9491
9174: 9433,5232,9168,5319,4820,7007,9401
9175: 6580,4837,3564,6533,6469,9394,8470
9176: 7232,9116,8279,5239,8622,7039,3825
9177: 7009,5116,4506,7429,6485,8490,9695
9178: 6717,5287,3567,4913,8758,9233
9179: 6328,5242,431,5075,8333,9542
9180: 9677,7012,5218,5008,4530,9437,8464
9181: 5243,5080,2690,6294,9235,8305,9018
9182: 4560,7013,3782,8496,5173,3825,6953
9183: 6723,3575,8843,4519,53,6275,8251
9184: 6600,7014
9185: 3577,8751,3567,4840,9233
9186: 7015,7312,9404,6498,9677,7442,4530
9187: 6324,8328,4738,3578,8548,8661
9188: 9107,5245,9242
9189: 7062,9268,6611,5250,7020,5296,9243
9190: 3896,8406,3583,3310,8786,8992
9191: 6280,6765,7055,6518,7336,5247
9192: 7022,7120,9363,8308,4999,8935
9193: 5521,3585,9494,7035,6707,8795
9194: 5230,3226,7023,8354,8919,3512
9195: 9257,6701,5249,6630,8571,9217
9196: 5357,3897,9541,5250,7020,9352,9489
9197: 7149,4808,7026,3932,9483,1195,5371
9198: 5252,3835,9412,7033,7022,9270
9199: 6750,9712,7510,1225,3594,8592
9200: 7335,7027,7126,14,8259,9617,9374,9237
9201: 3596,8614,4902
9202: 9658,7412,7071,5258,8368,9280
9203: 6891,997,9017,7030,5233,9170,8790
9204: 6882,9005,9533,9171,7031,3558
9205: 3605
9206: 6474,8474,4840,5264
9207: 6603,6921,9057,9096,6763,3606
9208: 2544,7033,8503,8576,8935,9412,4875,8794
9209: 3134,5369,7305,5247,3607
9210: 1959,6428,4803,8477,9064,7034
9211: 2219,8309,8778,8585,6306,5267,5368,9420
9212: 4736,6620,7206,6318,3609,8322,8659,6767
9213: 3079,5268,8772,9400,8357,7084
9214: 9519,7035,9173,8795,7209,9491,6744
9215: 7087,5270,7196,9312,7117
9216: 2545,7036,7332,8507,9614,6555
9217: 693,8571,9195,3613
9218: 6823,7037,7157,1382,6930,5170,9428
9219: 5275,7097,6453,3108,9324
9220: 7186,7038,4880,8805,2546,6657,8509
9221: 5277,5339,7049,7190,9332
9222: 5188,1940,9120,4784,6405,8699,6967
9223: 3619,8858,8874,4947,4876,5486
9224: 7041,9281,2499,7288,8472,8872,9396
9225: 7464,5279,9688,8501,8896
9226: 3622,7154,7080,9301,9419,9493,8547
9227: 6305,7460,8326,1943,9166,9685,8463
9228: 4508,1989,7371,8444,9261,7042
9229: 4755,7109,6504,7267,5282,9571,9347
9230: 5522,6518,1944,9456,7322,6765
9231: 5127,4660,8590,2563,7043
9232: 7707,3623,6463,8869,5194,6973
9233: 5287,3567,9178,7121,3577,9185
9234: 1675,3846,7045,6843,9361,8248,7800
9235: 5243,5080,9181,7155,7046,8510
9236: 5290,1217,6552,8677,4795,4858,6509,6635
9237: 7027,6637,5291,9374,9200,3503,8678,9127
9238: 5091,7049,7204,9000,9292,9425
9239: 6928,3855,6918,9066,9380,5292
9240: 4954,2601,8880,9602,3634,8767,8845
9241: 1959,9157,5212
9242: 5245,7052,9290,9266,9188
9243: 8589,9538,8650,7020,6611,9189,5296
9244: 4979,3635,9503,1409,8962,8604
9245: 997,8717,5297,1979,9003
9246: 3642,7408,9248,7053,1016,8525,9657
9247: 9359,7129,5302,9273,6957,7065,3774,9099
9248: 3642,5651,9575,7408,9246,7053,3336
9249: 7473,7056,3594,8852,9098
9250: 6314,5318,2689,1975,7413,7688,7779
9251: 7142,4867,7400,5303,8779,9029,7067,6898
9252: 7057,7169,4740,7472,6532
9253: 6812,6495,1979,6545,9003,8901,7030
9254: 2171,7808,7300,7058,8093,3854
9255: 6816,3652,8437,7185,8905,9466
9256: 5236,9173,4707,5463,1980,9491
9257: 6630,9195,7059,6775
9258: 6593,5309,1016,5196,8900,9407,6811
9259: 2579,4584,7060,861,8521,8532,8656
9260: 5310,3383,5120,6569,2049,8602
9261: 9671,1989,8444,9228,8302,7431
9262: 3654,7396,8918,9055,9649
9263: 6848,9429,8355,8963,7061,6789,6590
9264: 4525,5312,3827,9674,7438,7155,9424
9265: 6749,3657,5016,8793,5403,8925,9356
9266: 7052,7075,1992,8870,9290,9242
9267: 5316,3940,8255,9431,6233,2127
9268: 2093,7062,6611,5392,9189,5250
9269: 6701,5249,1995,9013,5349,6520,5071
9270: 7022,7064,9363,6479,5252,8480,9198
9271: 9448,480,8462,7334,8763,6339,5319,3873
9272: 3668,7958,6609,4557,2091,8244
9273: 5302,3862,9247,7065,2608,5038
9274: 7346,5321,9621
9275: 9588,7291,7067,1431,6898,8973,9402,9570
9276: 3673,7471,5040,8512,8539,8949,8976,9691
9277: 6303,5322,4725,8879,9408,5462,3191
9278: 6448,5264,8441,6531,2008,8555
9279: 8863,3674
9280: 7071,9202,6856,8974,3365
9281: 7041,121,7172,5326,8281,9224,2499,9422
9282: 5358,8958,9076,5045,3677,6940
9283: 5327,2090,9453,812,8628,9088,5159
9284: 7083,2017,4858,6539,6509,9306,8291
9285: 4935,6699,5330,6902,9458,5415,3730
9286: 6848,8963,1077,4553,8536,3680
9287: 3870,3386,9044,1406,7072,9439
9288: 5333,8403
9289: 6852,8562,8967,7113,3683,8993
9290: 5245,7075,9242,9266,9085,6947
9291: 7320,7241,6547,9365,9452,2027
9292: 3317,5339,9563,7049,9000,9238,9650
9293: 5290,2029,7465,4569,7857,4795,8022
9294: 6526,480,7076,8462,8774,3873,6449,9442
9295: 1512,6679,9296,3688,7228
9296: 7133,2033,8245,8720,9295,6679,3688
9297: 4869,5347,3104,8784,8788,9035
9298: 7078,8757
9299: 5349,5285,9530,6238,7197,8672
9300: 7092,3694,812,4640,8628,8797,8511
9301: 2654,7154,7080,8585,9226,9419,5267
9302: 6336,5350,6454,8337,8451,8578,8668
9303: 92,6316,7081,8264,8320,9444
9304: 9040,8492,8899,6810,7203,5353,3381
9305: 5086,6868,3697,5142,6837,8946
9306: 7083,2591,4858,6509,7124,6635,9284,9369
9307: 7458,4555,8835,1203,2049,8491,9417
9308: 4568,7464,7084,8772
9309: 7369,6648,5355,2127,5636,8252,9487
9310: 6844,9393,8955,7137,2538,3699,6273
9311: 5357,9352,7111
9312: 7085,5270,7196,6840,9215,9447
9313: 5358,4553,9492,8760,9076,1077
9314: 6642,8545,6933,7086,9686,4942
9315: 9625,3953,5361,9495,7353
9316: 2595,6645,4944,7088,8871,9596,9423
9317: 5362,4768,1007,7115,5644,6434,9570
9318: 4663,3710,346,9007,8393,6883
9319: 6977,5363,7218,8427,2494,6437,8468
9320: 7092,6606,3485,6499,8511,9112
9321: 4864,6343,8344,7094,8550,6727
9322: 2219,6734,8778,6592,7222,5368,9505
9323: 4012,5118,314,6894,3720,6447,7234,9517
9324: 3108,3657,8793,9219,7097
9325: 7229,7279,5371,7026,5430,9381,9580
9326: 1412,5089,7098,7755,3891,3851
9327: 7432,1066,8448,8750,9672,3721,6489
9328: 6737,6957,6252,7099,5006,8783,9099
9329: 5628,7233,6599,9510,5374
9330: 7469,4757,6470,8359,4648,7100,1304
9331: 5375,8710,8867,3135,2286,7235,9520
9332: 7190,5277,9221,7102
9333: 9711,7509,6901,8791,9032,8371,8950,3727
9334: 7205,8252,8992,9487,7159,7103,9431
9335: 5378,8940,6371,8364,9521
9336: 7104,6414
9337: 5379,8541,9080,2590,7110,9351
9338: 7105,2618,5029,8583
9339: 8824,3240,8933,5382,7239,6367,8363
9340: 6442,7107,8434,8909,8727
9341: 3909,5384,6381,8370,9372
9342: 3747,7329,1379,7151,6913,9410,9043
9343: 6512,5386,8530,7238,9532,9523
9344: 4980,4810,7108,8430,8725,8853,9082
9345: 4614,3751,9358,6921,7491,9057
9346: 5389,7293,4467,6663,7248,9386,8708
9347: 4856,6503,8764,8777,7109,7267,9229
9348: 5145,9597,7306,6924,3752,9061,9048
9349: 9403,7062,5392,7251,8636,6817,8814,8907
9350: 3754,3855,9429,8560,8963,9066
9351: 875,2590,7110,7079,8541,9080,9337
9352: 5357,3897,9196,9311,7111,8742
9353: 6265,1144,4678,5396,8609,6578
9354: 7113,8613,8445,5396,8823,6578
9355: 5062,8429,8999,6803,7115,9129,6434
9356: 5403,8925,8569,3152,6749,9265,8842
9357: 6952,6688,8730,6939,3771,7278,5400
9358: 7237,3751,7118,9345,6921,9057
9359: 7057,1403,7129,9247,3774,8930
9360: 977,6881,7119,8709,6262,9558
9361: 7045,9234,7800,4856,7267,9571,5411,9700
9362: 6595,8837,9106,3776,9031,9085
9363: 7022,7064,2628,7120,8567,9192,9270
9364: 5412,9010,9114,1505,7268,3927,9572,8699
9365: 6547,6771,9291,7121,8765,2027
9366: 4560,3782,3202,7461,9686,8889,9113,6642
9367: 5286,8224,7700,5417,8159
9368: 7123,5212,5002,8570,8941
9369: 7083,2591,7124,4937,8542,9306
9370: 3789,6970,7232,6734,8778,9116,9514
9371: 3929,9399,9480,5421,8618
9372: 9606,7320,7125,5384,6381,9341
9373: 2332,5425,7276,9577,8375,6821
9374: 7335,7027,7126,5291,9200,9237
9375: 3796,9051
9376: 7398,6964,7127,3910,9111,5517,6908
9377: 5427,2346
9378: 9590,3797,9406,8260,8708,6663,2140
9379: 5428,8250,8608,7366,6572,8803,8818
9380: 7128,6419,8402,5292,9053,6577,6918,9239
9381: 6289,5430,8301,9580,7026,9325
9382: 6486,6478,9040,5293,7130,8431
9383: 8749,7177,3799,8888,3376,9033,9455
9384: 5090,5104,3807,7830,7132,8955,6880,8572
9385: 7294,3800,5199,4664,9713,8594
9386: 5389,7293,4467,6559,7133,8971,9346
9387: 4010,7342,9619,5549,5438,8978,4924
9388: 6988,3802,9151,4513,9153,5201
9389: 6331,8334,9597,7306,7134,3202
9390: 7156,7284,6564,9694,5441,9426
9391: 7135,8717,3217
9392: 8897,9002,9148,9158,6995,3805,4727
9393: 5090,6844,8955,9310,7137,5300
9394: 4837,5449,6469,8470,6456,8745,9175,9585
9395: 5144,7139,1360,8654,8939
9396: 5450,7288,8872,7041,6321,9224
9397: 3815,7001,7381,7017,2168,5616,6682
9398: 7314,6366,741,5452,7289,3952
9399: 7143,7297,9480,9371,5421,9594
9400: 9610,3079,5455,5268,5537,9213,9587
9401: 4820,3821,7007,8733,2687,9168,9174
9402: 7291,7067,3864,8258,9275,7145,5457
9403: 4711,5392,6286,8636,9349,8814,7146
9404: 7015,8342,9186,3827,6498,8510,9424,7442
9405: 6289,5430,8638,7149,6338,4714
9406: 9590,6979,3797,5461,8708,9132,9378
9407: 5309,6905,7150,5196,9258,8549,4611,9702
9408: 6527,7114,3414,5322,9277,5462,4664
9409: 3834,5296,7207,7020,9489
9410: 4539,7447,7151,6913,9342,7769
9411: 9451,5463,6497,7174,9592,7295,9004
9412: 8794,3835,9198,7033,9208
9413: 6914,7513,9715,7491,5464,9077,9703
9414: 7025,3836,7095,7695,7193,9097
9415: 6759,8858,8817,6781,8753
9416: 368,9576,5421,5468,7275,6842,8953
9417: 7153,8491,5310,2049,9307
9418: 6237,7403,3409,3842,7034,8781
9419: 7355,7342,7154,9226,9301,9493,5567
9420: 3844,7222,5368,9211,6306,5267
9421: 4575,5477,8509,9595,3516,9635
9422: 3845,5270,5326,9281,2499,8472,9464
9423: 6425,5479,7303,6654,7088,9316,9596
9424: 3827,7155,6498,8510,9264,9404
9425: 5277,7049,7204,9238,8616,3848,9465
9426: 7285,5441,3940,8265,7156,9390
9427: 6331,6649,2594,4876,5486,8334,8789,7306
9428: 7281,6643,5170,9581,7157,883,9218
9429: 6848,3855,9350,8355,8963,9066,9263,7061
9430: 4961,8475,9440,5490,7308,9598
9431: 7159,6233,8252,9334,9267,2127
9432: 7244,7362,5492,9534,9599,2250,8324
9433: 3839,5232,7655,7161,9174
9434: 5305,3580,7142,6730,3864,7145
9435: 2167,8280,5494,9600,7311,6680
9436: 3108,7164,8793,8957,9095,9621
9437: 7012,9180,5495,8464,9649,5641,9561
9438: 7290,5537,9587,7165,9613,9470
9439: 1406,8959,3870,9287,9044,7171
9440: 4961,1649,9430,5499,7308
9441: 7166,4487,8647,9145,3875,7081,9444
9442: 3873,4820,6449,8443,9144,8462,9294
9443: 7169,6329,5248,7129,5302,7140
9444: 7081,8264,9303,9441,6301,3875
9445: 6432,121,5506,8281,8325,8422,3318
9446: 7171,6340,8342,8903,5312,3827
9447: 7085,3845,5270,3878,8346,9312
9448: 6526,7173,480,8462,8671,9271,8341,6339
9449: 5514,9605,6506,3989,9488,8524
9450: 1413,7184,3883,7089,5334
9451: 7174,9592,7295,8994,9411,2251,5057
9452: 9606,7320,5518,6547,8575,9291
9453: 5327,7175,2090,8243,8646,9283,9088,5159
9454: 7321,5521,4878,9494,9607,8588,8802
9455: 472,5197,8456,9033,9138,6984,9383,7177
9456: 5522,7707,1944,3517,9230
9457: 6536,8563,3896,7341,3310
9458: 6577,5330,6695,2062,7178,9285,8238,8861
9459: 3897,9541,8742,9013,6817,5071,7251
9460: 9074,5333,7181
9461: 2201,7331,5528,7271,7324,8756,9574,9092
9462: 3899,5362,7115,9129,6355
9463: 2681,6976,7182,3268,5374
9464: 3900,7117,9083,9562,2499,8472,3845,9422
9465: 5533,7211,3585,3848,7204,9425,8616
9466: 7185,8615,3652,9255,9100,5166
9467: 6916,4778,2628,8567,6399,5534,8384
9468: 7186,6561,8591
9469: 3909,9498,7216,8684
9470: 7331,7324,9613,5268,5537,9438,9609
9471: 1431,7187,9570,1007,8370,8724,6381,7125
9472: 5540,7333,6242,6313,8319,8356,8612
9473: 7190,5642,5339,9563
9474: 2208,5541,3132,8303,8611,8723,8816
9475: 7195,3125,4869,5347
9476: 3927,7138,8648,8988,7223,6609
9477: 7283,3171,5549,8978,9583,9627
9478: 6521,3409,8718,9064,7462,7199
9479: 6697,5552,3380,3234,8737,8917,8927,9036
9480: 3929,7143,9399,9371
9481: 6299,8310,8645,8990,7200
9482: 5554,6977,9125
9483: 7149,3208,6338,3932,8340,9197
9484: 1220,5555,6738,9663,8785,8848,4757
9485: 7273,5419,7203,6419,6263,8402,5353
9486: 2198,6846,2698,9028,5091,7204,8616
9487: 7205,5636,8252,9556,9334,9309
9488: 7206,8322,3989,6506,401,5514,9449
9489: 5357,7207,5250,7020,9196,9409
9490: 5563,3240,9626,7354,9027
9491: 5463,7209,1980,9004,9173,9214,9256
9492: 7210,5358,4553,9313,8488
9493: 3622,7355,9226,9419,8862,5567
9494: 5521,7211,3585,9193,9454,9607
9495: 7215,3953,8815,9315,6715,7165,9613,7353
9496: 5572,2080,6371,8364,5191,6969,9115
9497: 6567,7215,5579,3953,9499,9629,8598
9498: 7216,3899,4768,8684,9469
9499: 9497,4588,7477,7215,5579,5361
9500: 5126,3963,8698
9501: 5581,8898,6323,9155,6731
9502: 7218,8427,9622,4809,2208,8723,9525
9503: 4979,1409,8914,9244,6690,7219
9504: 6700,2459,7361,3553,1313,5584,8741,9164
9505: 6592,6823,7037,3755,7222,9322
9506: 7244,4708,7362,9632,4031,5586
9507: 1324,7511,7114,3971,3414,8594,4664
9508: 5588,3875,9660,4487,8415,7417
9509: 4937,8542,9516,8660,8865,7225
9510: 6599,9329,2181,7310,2681,5374,3976
9511: 5593,4894,9022,7366,9634,8818
9512: 7229,7317,7279,6917,9052,5147
9513: 5594,5555,8785,6761,7367,8426
9514: 3789,4924,7232,9531,8849,9116,9370,8658
9515: 3265,4691,5595,1604,9636,8286,8620,9062
9516: 6620,3609,3989,8660,7225,9014,9509
9517: 6447,7234,9323,9533,7492,8440,9171
9518: 5355,5598,6348,8349,1719,8379,9124
9519: 7035,3992,6707,8705,8748,9173,9214
9520: 7235,8253,8635,2129,8821,3135,9331
9521: 6371,7236,8364,9146,5378,9335
9522: 5379,7237,1106,8541,8595,8920,6439
9523: 7243,7238,9532,5386,9343,7350,9623
9524: 6797,835,5606,7374,8642,8886,9638
9525: 2208,4002,6722,8723,7218,9622,9502
9526: 454,7239,8479,4603,8363,8580
9527: 6903,5608,6289,8301,8638,9034,9639
9528: 9626,7240,8515,9027,7332,8507,1545
9529: 5384,7241
9530: 5349,6520,5612,5285,8543,9299
9531: 3789,4924,8309,8849,9514,4010
9532: 7243,7238,4021,2090,8243,9523,9343
9533: 4012,7234,9517,6882,9204,9171,3558
9534: 7244,7362,9432,3290,2250,8324
9535: 5490,5618,6334,886,9105,7382,9641
9536: 674,4798,7245,6683,8714
9537: 5619,7383,6751,8531,8686,4770,9631
9538: 5389,7248,8589,9243,9011,5296
9539: 7421,9663,8599,7249,3554,9167,8553
9540: 7454,4054,5622,4551,8468,8482
9541: 3897,5250,9196,9459,7062,7251
9542: 5242,4040,7252,431,7042,9179,7371
9543: 6424,9578,3290,8855,3164,7277,4031
9544: 6753,7388,5627,4956,8806,8884,9659
9545: 7363,4032,5588,9660,8881,9633
9546: 5629,9143,6566,3623,6973,9119
9547: 7722,2533,7950,9554,5451,7253
9548: 2384,7636,4035,8288,747,7349,8599
9549: 5630,7391,9104,9646,3474,5552,8927
9550: 407,8800,3476,7254,6597,4021
9551: 7255,3115,8801,9557,8642,7256,3149
9552: 6861,7276,4995,2626,9577,3690,4040
9553: 5633,4988,5359,9090,6714,7392
9554: 7722,8001,4041,9547,7253,5603,7372
9555: 7256,3771,5400,8954,6797,8886
9556: 7205,6739,5636,7394,8786,8992,9647,9487
9557: 4044,8801,8836,835,8642,3115,9551
9558: 42,9560,8282,7119,9360,6262,7378,7257
9559: 5640,4564,8546,9654,6968,9648,3396
9560: 9558,42,8247,3507,4049,7257
9561: 5641,2430,5495,7396,9649,9437
9562: 6443,3900,4052,7260,9083,9464,9140
9563: 3317,5339,9292,5642,9650,9473
9564: 7262,4595,7011,9697,8533,9565
9565: 4054,8482,8533,2289,7439,7262,9564
9566: 6346,8346,5643,9652,5067,9006
9567: 4505,7264,7263,4491,9568,7387
9568: 4057,7264,7263,3156,9669,8847,9567
9569: 2097,4710,2429,5409,7265,5360
9570: 1431,8973,9275,9471,1007,5644,8724,9317
9571: 2098,7267,5282,9229,7045,9361,8248
9572: 7268,8699,6967,5412,9364,9114
9573: 4867,7402,5648,8779,8998,3326
9574: 1662,6354,9092,7214,7271,9461
9575: 4989,6809,3642,5651,9248
9576: 5468,7275,6322,8266,9416
9577: 7276,9373,9552,3690,6821,8922
9578: 5427,6424,9543,6287,7277,8300
9579: 7278,6384,3264,8374,7366,9634,5428
9580: 7376,8301,9381,7279,8632,9325
9581: 3394,7281,5170,5434,4985,9428,8522
9582: 7893,7852,4495,4681,4780,7282
9583: 6841,3674,7283,3171,8722,9477
9584: 7286,4611,5035,6839,5447,6978
9585: 3180,7287,5449,9394,8745,8873
9586: 822,6945,6788,7288,8472,8635,8872
9587: 5494,7290,5455,5537,9400,9438,6241
9588: 7291,6661,1431,7187,8258,9275,8704
9589: 7292,2322,8842,8365,6818,6749,8908
9590: 5461,9406,8389,8708,9378,7293,6406
9591: 7294,6985,5462,5199,3191,9145,4664
9592: 9451,7295,8994,9411,5057,6794,8726
9593: 1360,5464,8323,8939,9703,7296
9594: 5468,8266,7297,9399,8703,97
9595: 5126,4575,5477,7302,8331,9068,9421
9596: 4944,7088,8871,9316,8682,7303,9423
9597: 7306,9348,3752,6331,9389,7134,8934
9598: 5490,6827,7308,886,8667,9430
9599: 5492,9432,4714,2250,7309,6903,8638
9600: 9610,5494,5455,7327,7311,9435
9601: 4743,6340,6820,7015,7312,5495,8342
9602: 7313,4954,2601,5499,8906,8923,9240
9603: 6347,3217,4573,7315,8347,8911
9604: 7144,2649,5507,7316,3985,5033
9605: 5514,6453,8450,9449,7318,5275,8524
9606: 7320,5518,7125,8704,9372,9452
9607: 7321,7328,7211,9454,9494
9608: 7323,6270,8655,2372,7188,5525
9609: 5268,8357,8312,2306,5528,7324,9470
9610: 3079,5494,5455,9400,9600,7327
9611: 7102,7321,7328,9607
9612: 7329,1379,6916,5534,3697,8946
9613: 6715,7331,7165,8756,9470,9438,9495
9614: 7332,9216,6555,8586,4877,3087
9615: 4622,7494,8912,9705,6656,7333,8697
9616: 7334,5541,8303,8763,7655,7161
9617: 7335,14,4473,8259,9200,8240,8561
9618: 6536,8563,4869,8784
9619: 2654,4010,7342,7154,9387,5549,8309
9620: 7345,6697,8318,8737,5321
9621: 3108,7164,9436,7346,5321,9274
9622: 7347,7219,7218,9502,4002,9525
9623: 3111,8390,5386,7350,7243,9523
9624: 6772,7352,8801,8836,6461,8460,3115
9625: 7477,5361,9315,5560,7353,6268,6888
9626: 7354,9528,8515,8929,9027,9490
9627: 7355,7342,8306,3171,5549,9477
9628: 5572,7236,6602,7358,2083,9146,148
9629: 7359,3131,8945,9497,6567,7215,8815
9630: 7360,6383,6862,8366,8948,8982
9631: 7361,5584,4770,5619,8686,9537,2249
9632: 4708,7362,2406,8417,9506
9633: 7363,4032,9545
9634: 6384,9579,7366,6893,9511,9022
9635: 7367,3516,9142,6761,4575,9421
9636: 6266,7368,5595,8286,9108,9515,6746
9637: 6768,7371,4995,5601,6724,4040,7252
9638: 7436,5606,7374,208,8321,8886,9524
9639: 6401,5608,7376,6289,8301,9527
9640: 7379,4760,7769,5614,6364,8361,6329
9641: 7382,4052,7260,6334,9535
9642: 7407,7383,6464,3285,6751
9643: 6760,7384,8820,9681
9644: 7388,7480,8392,8806,4592,8568,9696
9645: 472,7390,3295,6877,8396,8456,8596,9138
9646: 5630,6594,7391,3299,8984,9549,8927
9647: 6739,6348,5636,7394,9556,8349,8573
9648: 6968,5262,8399,5640,7395,9559
9649: 7396,8918,9262,6820,5495,9437,9561
9650: 6232,5642,7397,8329,3317,9563,9292
9651: 7398,6964,6855,8395,8782,1118,9656
9652: 6432,7172,5643,8422,7399,5067,9566
9653: 7400,9029,8424,9008,5644,6898,8973
9654: 6521,7403,5640,3409,8546,9559
9655: 4706,8630,7405,8403
9656: 7407,3285,9651,6964,8782,9111
9657: 3254,1016,6905,8525,7408,9246
9658: 7412,5258,8368,8564,9202
9659: 7388,5627,9544,7416,4632,8568,8702
9660: 4032,5588,8881,9508,9545,8415,7417
9661: 7418,1144,407,8609,8800,6607
9662: 7002,6473,6588,4492,7420,8423
9663: 5594,7421,747,6738,8599,8785,9484,9539
9664: 7422,9118,8428,4497,3119,8804
9665: 7423,4608,2466,4498,8544,8619,8431
9666: 7424,3376,8481,8766,5197,9033
9667: 4502,8435,8282,6485,7426,6402,6881,9001
9668: 4503,8284,7427
9669: 4057,7428,7264,6388,4655,9568
9670: 6483,7009,6361,7429,3380,3234,8358
9671: 6999,8444,8809,9261,9163,4715,8640,7431
9672: 7432,9706,7496,9327,6489,8495
9673: 6380,6416,4520,2271,8453,7436,208
9674: 6830,7438,7155,7046,8455,9264
9675: 6948,4526,9087,2466,7439,7262
9676: 6838,7471,7440,8949,126,4527,8780
9677: 5218,7442,4530,9047,9160,9180,9186
9678: 6401,5608,9034,6502,7446,8386,8514
9679: 822,7235,6982,8635,5167,7450,4545
9680: 6864,6466,7452,5108,8465,8579,8985
9681: 7454,2494,8468,7384,8820,9643
9682: 6316,8320,7455,4552
9683: 7456
9684: 7458,6706,7031,8746,8835,3558
9685: 8493,7250,6462,8463,7460,9227
9686: 7461,8889,9366,6642,9314,6415,4942
9687: 7462,8337,8526,6508,4564,8546
9688: 7464,7084,2306,8896,9225,6805
9689: 7466,6800,3634,8504,8845,8891,7047,1218
9690: 7468,8347
9691: 3673,7471,6490,8539,8949,9276,8497
9692: 6307,6992,7472,8316,8513,9156,1403
9693: 6278,7473,4582
9694: 7474,7284,133,6564,9390,4583,2023
9695: 6878,5116,7476,4506,9056,9177,742
9696: 4733,4592,8529,7480,8392,9644
9697: 6785,4595,8866,4809,9564,7482,8533
9698: 5281,7484,6692,5510,2177,578
9699: 7485,4571,8504,6452,8449,8498
9700: 7486,5411,8540,8759,8936,9361,7800
9701: 7488,6790,7423,3375,1260,6598,9031
9702: 2658,4611,7490,7150,9407,8549
9703: 5464,9593,7296,4614,9413,7491
9704: 7492,4828,6460,8554,8740,9171
9705: 7494,7047,8584,9615,1218,6656
9706: 7496,9672,4630,8979,3445,8495,9086
9707: 6308,7497,8452,8566,8317
9708: 2527,6833,8938,7500,8494,8574,8850
9709: 6470,8471,6883,7504,6466,8985,346
9710: 7507,38,4497,8246,8278,6625,8428
9711: 5127,7509,8590,8791,9070,9333
9712: 9199,7510,8393,4663,8592
9713: 7511,8594,6341,8242,3800,9385,2083
9714: 4665,5035,8972,7002,3469,7512
9715: 9413,6914,7513,8597