0: 2859,1041,1024,312,1889,2529,1073
2: 1708,493,1772,1027,2752,988
3: 426,2623,1941,1459,1092,2128
4: 1033,1706,428,1973,1483,1946
5: 2799,2038,2786,279,1096,1230
6: 1948,2275,1107,1729,2404,1273
7: 1427,382,1950,2417,1121,924
8: 550,1914,512,1019,1931,391
9: 1880,159,553,2851,809,873
10: 2856,2900,1532,631,1494,2869
11: 1514,1954,2568,308,2458,2360
12: 1634,2739,1996,171,1825,660,1573
13: 571,889,1956,2064,990,2087
14: 2538,364,2075,2097,1070,1959
15: 1189,1386,1754,760,577,2758
16: 330,252,1859,1255,678,581
17: 1023,1105,1239,794,1320,1275
18: 1226,2790,3004,1034,2817,237
19: 299,1894,1862,1875,1861,343
20: 2117,2066,2480,322,1964,1085
21: 2946,575,2992,2923,2972,1338
22: 818,2795,1626,1099,2794,2248
23: 356,1629,1344,704,1824,1830
24: 1315,893,1103,3037,362,1272,33
25: 2590,2151,1970,2179,1588,2144
26: 665,552,2769,1556,2873,2121
27: 531,1075,163,1116,1141,441
28: 2219,1975,2077,88,2505
29: 492,970,986,256,635,381
30: 1420,2189,897,1842,2118,1555
31: 2899,1135,952,1920,520,1049
32: 1407,1760,510,1143,1810,1978
33: 362,1150,893,24,3037,2922,1242
34: 268,554,551,1876,1919,1900
35: 1739,2356,1396,666,1154,1429,2995
36: 425,1157,1986,1523,2336,2187
37: 482,335,658,667,149,580
38: 219,1989,1162
39: 891,1293,1165,870,610,433
40: 1498,682,496,1620,1167,1355
41: 690,1869,1817,1925,1821,443
42: 1995,977,1170,1951,2280
43: 1997,2545,612,2608
44: 104,1416,1181,936,2756
45: 2319,706,2158,2001,1184,461
46: 860,2003,2597,2565,884,2183
47: 1191,2526,1455,2007,1341,2441
48: 1742,1621,470,2883,1194,909
49: 2352,2009,1509,2359,2146,1569
50: 294,2914,485,1390,3001,1206
51: 2299,1658,1404,2013,1211,2362
52: 2916,2940,737,1617,1905,2016
53: 2322,2017,742,1217,2375,1676
54: 1814,2726,1784,2528,1903,2939
55: 750,359,1911,680,796,488
56: 1022,1708,215,752,819,988
57: 1274,770,1399,372,2495,1712
58: 61,1924,1929,498,1860,1741,843
59: 759,781,1853,3029,501,1886,1751
60: 2447,2396,603,2492,2022,578
61: 1881,58,1929,498,1860,1740
62: 213,2242,2821,2402,1805,2197
63: 2027,1971,126,1229,2408,509
64: 490,2834,1836,1018,657,961
65: 1086,296,2801,514,1468,129
66: 791,604,580,541,358,1020
67: 1061,2997,2730,1119,549,3035
68: 1880,1893,557,1910,1932,302
69: 731,533,2770,1112,2290
70: 1270,920,320,916,1168,1246
71: 805,630,600,586,2733,408
72: 765,671,1865,1935,1012,1926
73: 1425,617,380,1628,1251,1308
74: 1693,1151,329,2043,2145,1254
75: 2464,2486,672,384,2047,2241
76: 2466,2623,1031,2050,1057,2032
77: 2798,1111,2847,2868,831,2885
78: 2705,1422,2867,1267,837,2053
79: 1156,526,2898,300,2981,1458
80: 1253,1164,2503,2063,2267,2450
81: 89,797,232,1276,2949,117
82: 1192,1663,691,2856,2773,2068
83: 2509,2434,2002,1013,1770,2071
84: 560,2842,1214,2878,2046,2895
85: 1318,327,1294,1754,760,736
86: 2073,2537,323,2391,2482,1990
87: 659,2750,1694,1537,867,116
88: 2077,1266,28,2505,333
89: 797,81,1516,1277,1400,2949
90: 338,1415,2920,816,1314,803
91: 2081,2929,2980,395,1275,788,1487
92: 303,2586,1324,2083
93: 1341,415,2675,468,2605,2086
94: 390,912,1531,1075,793,1329
95: 1002,250,1583,915,1332,943
96: 2825,2861,1806,2810,2961,2908
97: 1457,1943,1505,2091
98: 189,779,1885,1858,938,490
99: 1296,1579,942,928,2660,2125,2096
100: 1902,1882,1896,1884,397,512
101: 1349,568,388,950,2927,1603
102: 2101,953,2594,2555,1351,2689
103: 1437,850,515,2712,367,2104
104: 44,2240,1181,1358,1287,457,2756
105: 358,1020,1021,427,1936,955
106: 1646,2390,2277,1703,2089,1574
107: 1890,948,969,1917,1887,785
108: 437,1918,688,775,1212,1054
109: 2818,1842,181,2118,1004,699
110: 1259,418,716,2733,3031,1100
111: 692,1536,1640,978,864,2935
112: 1663,1673,1381,201,2926,2308
113: 2116,2311,227,1281,2024,1957
114: 1830,611,2735,1689,1848,1344
115: 646,2020,1395,2676,2368,2119
116: 1063,1302,2737,2750,1694,87,1855,987
117: 1398,1577,81,232,2903,1276
118: 1755,2572,1222,2122,2281,389
119: 1134,1732,2787,993,2216,720
120: 242,2695,2126,2426,2553,2338
121: 997,2129,1412,2697
122: 1417,999,453,452,2731,2983
123: 2456,1743,1421,2843,2135,2562
124: 2979,459,2587,921,2646,2845
125: 2864,2974,369,1383,2978,1664
126: 2139,2584,1229,2027,63
127: 1765,184,1009,823,2820
128: 1872,241,1832,376,1884,1867
129: 1037,2986,1468,65,2801,1441,1283
130: 1175,2928,1443,1806,2774,254
131: 140,591,2841,1900,1921,554
132: 1352,375,1453,234,1055,1071
133: 1068,706,2148,1456,1580,2023
134: 1061,795,532,2730,2732,1239,584
135: 2993,1843,902,2934,601,2734
136: 2351,2155,1957,2116,1459,1941
137: 289,2138,276,2901,1325,2824,579
138: 609,1583,637,403,543,1891
139: 514,2762,2726,2955,1468,1026
140: 152,131,2841,630,1900,1526
141: 2161,2034,2282,1032,507,1411
142: 2295,2163,1472,1130,2200,663
143: 2451,2826,1659,1290,1474,798
144: 481,316,1551,1476,648,563
145: 690,1821,2369,721,320,1478
146: 2223,2710,1434,2170,1969,1982
147: 758,845,1204,349,1714,1464
148: 2177,2080,2022,578
149: 791,1907,580,37,335,3012
150: 752,1052,1499,500,566,522
151: 2630,2180,1618,2235,646,2203,2020
152: 140,937,805,2841,630,655,2782,278
153: 1189,1342,2944,1506,2937,1727
154: 595,597,1245,1699,2833,2789
155: 1526,1259,408,1791,1919,1513
156: 2782,647,542,604,248,937
157: 610,336,1608,1516,1343,1678
158: 1372,1520,2542,2185,367,766
159: 9,2851,615,1833,809,1850,1834
160: 617,1525,524,1561,1453,1055
161: 620,1789,1321,682,1527,3019
162: 1596,1529,2848,387,2744,1330
163: 1531,1075,27,441,1868,1630
164: 1534,1357,2980,620,1089,1321
165: 2076,2191,1285,339,2510,2079
166: 2195,2701,965,2270,2005,1641
167: 2048,2197,1518,2092,2463,2402
168: 2159,1348,2106,1548,1393,2364,2180
169: 1133,640,1550,292,1258,2205
170: 414,1901,657,1021,427,961
171: 670,1825,1897,1152,2739,12
172: 1563,1540,1707,2132,2288,2209
173: 1719,2127,2416,2001,2214
174: 1473,1306,2241,2137,672,2217
175: 2741,1432,2879,1573,1488,660
176: 819,962,2785,684,2752,988
177: 371,2865,2911,1576,686,1718
178: 437,1558,1918,247,1796,2888
179: 450,1210,695,2896,1582,1542
180: 2100,1546,2171,2670,2224,2481
181: 501,109,1751,1842,2738,1004
182: 2656,2227,3007,2448,2675,1326
183: 1987,2146,2232,1569,1779,1942
184: 1765,127,440,2820,1124,2938
185: 2366,2222,2239,1606,753,2237
186: 2902,2807,1592,1001,1610,2852,3014
187: 1690,2366,1625,2239,2661,724
188: 979,1815,600,586,1864,212
189: 98,1885,1858,319,718,1380
190: 1928,721,992,1240,2776,443
191: 355,497,1873,723,877,1933,505
192: 2399,2489,1626,1166,2243,1983
193: 664,1863,1892,1844,1851,1862
194: 1040,1640,771,1671,2886,1373,2945
195: 1635,1081,731,533,2892,589,898
196: 2497,398,2088,1541,2325,2247
197: 1688,1645,2041,2250
198: 1735,763,824,2252,2724,2502
199: 280,1816,1844,1851,727,592
200: 1145,564,293,2256,1069,2095
201: 310,1153,2926,2308,2303,2951,112
202: 2448,2675,468,1734,1737,1461
203: 879,2021,2941,1679,545,2780
204: 1056,2264,2415,689,2067,2276
205: 704,1824,1444,1377,783,1685
206: 787,1889,713,1201,951,2987,1041
207: 2268,2133,1700,2332,1674,2207
208: 1693,1151,2374,2271,2478,2457
209: 927,1564,1591,3007,701,1120,3025
210: 2274,1838,2921,1059,523,802,1358
211: 1705,342,774,1697,804,2994
212: 1864,1906,345,635,188,586
213: 2242,62,1805,2777,2279,2797
214: 1755,2477,2281,2407,1397,1452
215: 1022,56,887,819,829,363
216: 683,1720,2766,824,2284,1182
217: 2340,2417,1121,2291,967
218: 1726,1207,432,336,830,1277
219: 38,1162,2254,2698,2294
220: 1064,528,2930,2298,559,360,1405
221: 2445,1236,2300,963,1977,1736
222: 666,842,1241,1257,1154
223: 984,1010,593,757,2754,1232
224: 2304,1667,2316,742,2375,1781
225: 609,362,849,637,1150,2784
226: 851,2894,1521,2835,2887,2956
227: 2311,113,1752,1281,641,2500
228: 2313,1755,2183,2122,2477,2003
229: 2315,364,2075,2309,1418,1362
230: 1761,2573,1030,2793,2317,2673
231: 2320,393,2972,1338,2580,2600
232: 797,81,1110,2903,989,117
233: 809,1819,1669,1856,1850,439
234: 1772,132,1352,1071,629,1366
235: 2970,1786,1774,1160,2881,2902,2807
236: 1773,2792,423,2617,2462,599
237: 2817,1782,2917,3017,18,1034
238: 291,1938,1828,400,596,374,1549
239: 1046,2408,2328,509,1312,2530
240: 1001,2962,1753,2803,2329,1985
241: 1872,1845,511,460,128,1832
242: 120,2695,1788,1490,2338,2625
243: 623,2153,1517,2025,2343,696
244: 476,1759,2714,932,2884,2549
245: 784,2345,957,1385,643,2192
246: 2768,787,313,1201,1854,1840
247: 606,1558,178,1796,357,1378
248: 604,344,541,156,937,655
249: 466,2567,1798,2349,2672,2490
250: 1002,609,95,849,1871,1583
251: 535,2736,699,1370,2934,1657
252: 1802,330,1255,16,2933,1050,998
253: 1361,1804,2905,633,3013,1104,2260
254: 2800,1015,1641,2928,130,2774
255: 2231,2353,1783,2832,2691,1143
256: 29,970,986,1914,397,1916
257: 3023,513,727,1655,972,2357
258: 1199,517,786,2310,2359,2009
259: 1028,2019,456,2467,1594,2361
260: 2814,1030,1475,2793,3002,2915
261: 560,2760,1039,312,2529,841,262
262: 2529,841,533,2770,261,2760
263: 1044,522,698,1088,536,566
264: 1907,1915,1930,532,3012,584,1841
265: 2371,1048,2831,1673,2370,422,2926
266: 2376,638,1058,2028,2172,547
267: 3015,2997,951,2722,2987,1119
268: 299,34,551,1876,1873,1894
269: 557,1910,2851,1891,1813,1833
270: 2380,2082,1138,2299,2532,2365
271: 2826,1682,1659,1243,1528,689,2067
272: 375,1044,1071,1027,522,1052
273: 525,2102,1159,2385,2072,2032
274: 365,2502,2387,763,2412,2109
275: 966,447,2395,2114,894,1778
276: 137,289,570,579,627,1087
277: 1091,2401,2010,2705,297,2440
278: 2782,492,295,345,152,805
279: 2840,2809,1096,2875,2799,5
280: 521,1841,199,1851,1812,592
281: 976,1100,598,1250,1927,418
282: 438,601,1060,3036,2740
283: 2406,2250,1645,2154
284: 1471,531,1329,1347,811,1109
285: 1861,1165,1849,1852,891,608
286: 853,2547,2178,1114,2409,2165
287: 2413,2169,2459,402,2120,1254
288: 1507,2340,2417,2651,2026,924
289: 137,276,1325,2824,627,1126,2944
290: 1104,2147,1920,1049,3013
291: 238,1828,1128,2922,596,1242
292: 640,169,2205,2094,2641,2427
293: 200,1145,2256,2659,2431,2220
294: 1210,1146,1661,50,2914,485
295: 2782,492,986,550,647,278
296: 1086,65,2053,2123,514,2953
297: 2440,2246,1149,1017,277,2010
298: 310,1300,613,2951,1745,2942
299: 19,268,1876,1894,664,1862
300: 2872,2848,387,1156,79,1458
301: 1074,332,800,1161,3025
302: 1932,680,1822,1927,1893,68
303: 92,2267,2586,2251,674
304: 2548,2452,1403
305: 1175,1368,2775,2810,1051,2813
306: 2433,2455,2015,2445,2300,2496
307: 2419,2844,2837,1503,2982,1757
308: 1186,2318,2350,2458,1514,11
309: 2892,1190,2324,2461,1226,589,2105
310: 201,2308,298,2951,2773,1745
311: 1877,1196,636,2983,2761,453
312: 261,1039,1198,1889,2529,0
313: 2768,1301,1934,713,1201,246,2759
314: 2346,1688,2469,2348
315: 2262,1637,1205,1130,2350,2723
316: 730,2356,481,144,1396,1476
317: 1823,2759,319,1380,2768,1854
318: 670,1466,960,1152,3011,380
319: 189,1858,1380,317,1854,983
320: 1270,70,916,1478,145,2369
321: 2476,2379,1218,2347
322: 2066,1304,2480,1220,2389,20
323: 1323,865,86,2073,2268,1700,2482
324: 708,2485,2323,2400
325: 1430,1237,2488,1297,1716,756
326: 758,848,349,992,1718,1240
327: 595,1318,85,1245,760,1727
328: 1747,1447,1998,1489,2447,2492
329: 1693,74,1102,2142,2145,2501
330: 1802,252,1801,1859,16,2933
331: 778,1257,1302,1154,1429,2750
332: 1334,1074,301,1264,800,867
333: 2627,632,2505,2230,88,1266
334: 3023,1076,1023,2980,1487,1089,2357
335: 482,37,795,3012,1939,149
336: 157,1608,1516,1277,432,218
337: 1835,1117,799,2927,1847,2753
338: 1642,90,1026,2920,816,1283
339: 1131,2376,2510,2079,2648,165
340: 1825,869,1897,457,2749,660
341: 1291,2527,2475,1094,587,2512
342: 774,211,1050,1255,2994,1298
343: 1861,1857,1849,19,355,1894
344: 827,3034,541,248,591,655
345: 492,635,278,212,805,586
346: 1225,2517,2107,2117,2480
347: 2081,1320,3020,1654,1309,1440
348: 2998,2965,540,1261,2968,2969
349: 758,147,1204,326,848,1317
350: 1249,2586,1324,2450,2522,1489
351: 2707,1292,1424,1238,2827,2804
352: 2419,866,1331,1340,2855,2950
353: 2978,1318,1294,1336,871,1383
354: 2526,2713,2614,2007,2700,900
355: 191,1873,1894,1933,343,1857
356: 1040,1629,23,2886,2918,1824
357: 881,1347,1554,1378,606,247
358: 105,1020,955,542,66,604
359: 1911,403,55,796,943,1484
360: 559,2044,2298,2531,2622,220
361: 1433,762,383,743,1355,1402
362: 225,849,1272,1150,33,24
363: 1911,488,829,215,887,1202
364: 229,2538,14,2315,2075
365: 899,2839,274,2387,1365,2109
366: 903,2850,2906,2909,2861,2961
367: 1372,158,2542,2104,103,850
368: 908,1379,2628
369: 1648,2863,1383,2864,484,125
370: 1386,1565,1495,2996,801,1827
371: 868,2865,2907,177,1389,3000,686
372: 926,1726,1274,1207,1399,57
373: 555,2548,2452,2184,1171,1125
374: 931,2665,780,1549,1938,238
375: 132,272,1453,1408,1044,1071
376: 1867,945,1216,739,128,1832
377: 2198,1599,1413,2684,2554,947
378: 1623,3028,2240,1601,1181,949,2985
379: 1423,1723,2557,1962,2796,2677
380: 1425,73,1628,960,1466,318
381: 1922,1906,684,29,970,635
382: 1427,7,2708,1121,1346,2561
383: 1433,361,1355,1816,972,1498
384: 2486,75,817,2241,2711,1435
385: 565,1514,2244,2568,1437,2643
386: 409,2899,1135,1377,3018,783
387: 2872,300,1529,162,2848,2893
388: 1349,1269,101,1449,1603
389: 1452,2718,2791,118,2572,2281
390: 477,1471,912,94,1329,1465
391: 1931,955,542,8,550,647
392: 1477,545,1177,2576,681,2780
393: 2320,231,1567,1364,2580,1984
394: 2704,2353,968,1651,2583,1946
395: 2929,562,1140,91,788,1445
396: 950,799,2753,1492,1002,619,1871
397: 1896,100,1916,256,1914,512
398: 1280,196,2497,2585,2088,2014
399: 911,1848,1811,1501,2735,593
400: 596,2734,3032,238,1549,902
401: 2591,883,602,2479
402: 2169,2592,287,1280,2120,2585
403: 359,543,796,943,138,1583
404: 2156,2194,2534,644,2593,2040
405: 1134,444,614,2787,971,2823
406: 2897,1460,626,2855,2950
407: 2596,1593,2059,2187
408: 1259,600,2733,71,155,630,1526
409: 386,2599,1135,1607,3018,1657
410: 906,1450,2745,1725,1161,2725
411: 2995,659,1476,648,1537,2964
412: 1404,1589,2013,2427,2205,2602
413: 2604,1158,2556,1546,463,1547
414: 170,933,1901,462,657,983
415: 93,2588,2675,2086,1326
416: 670,869,1897,1466,1874,1557
417: 1278,420,692,851,3016
418: 110,716,1822,281,1100,1927
419: 697,2215,2084,669,2296,2610
420: 1570,1278,417,1811,692,1536
421: 2613,2664,1524,694,2152,2719
422: 2370,700,2162,265,2926,2303
423: 2513,2792,894,1778,2617,236,2173
424: 2062,2261,569,2619,2590,2179
425: 2621,2257,1593,36,1157,2187
426: 3,2623,1595,2050,2193,2128
427: 105,1020,1021,667,170,1901
428: 2819,1033,4,1706,1083,2877
429: 757,2765,1633,3033,1924,1839,726
430: 493,585,1912,878,1366,962
431: 2626,741,1989,2265
432: 1726,436,218,1620,336,1608
433: 749,1611,39,2757,1165,870
434: 755,2992,2923,2911,1339
435: 1504,2302,2443,2070,1178
436: 1726,1399,432,1036,496,1620
437: 108,1918,178,775,1622,1796
438: 282,601,1060,1624,2734,3032
439: 1417,1834,1721,1819,233,1850
440: 1742,1765,184,930,2938,2976
441: 629,1630,27,163,1116,1352
442: 1098,2764,2637,1826,614,2131
443: 721,190,495,2776,41,1925,1821
444: 405,1134,971,1065,2721,3008
445: 2970,1025,474,1786,1037,2986
446: 2862,1724,1749,465,818,2794
447: 1647,275,2640,2395,894,2611
448: 2286,822,2499,2669,1179,2644
449: 1244,2859,1654,2645,1440,3022
450: 1210,179,1661,1582,3006,935
451: 776,2069,1285,1945,2510,2648
452: 1417,122,1819,839,1633,2731
453: 2761,122,999,1672,311,2983
454: 2334,1333,2594,2652
455: 1180,1299,2655,2339,1766,862
456: 1028,259,2467,910,2658,2518
457: 1287,869,340,2749,2756,104
458: 2352,2661,2615,724,2653,1509
459: 1699,2979,1238,124,2804,2845
460: 1846,241,876,1845,1866,511
461: 2613,1184,2664,45,1703,2319
462: 414,933,3027,1854,1840,983
463: 2103,1547,2296,2667,2604,413
464: 2670,2421,1392,745,886,2382
465: 1521,2836,2835,1749,2862,446
466: 2609,2567,2430,249,1991,2490
467: 2436,2743,2742,2745,1535,1725
468: 93,202,1341,2675,2441,1734
469: 906,1450,1696,2936,1120,3003,1591,2227
470: 1742,930,48,475,1460,1533,909
471: 1570,911,722,2746,2754,1436,1799
472: 2680,2639,974,1944
473: 1388,2156,1108,2663,2682,2052
474: 445,2335,1025,1753,1786,2803
475: 2844,1331,1627,2976,930,470,1533
476: 2714,2884,244,2135,946,2843
477: 390,912,495,1764,1465,1925
478: 1235,2685,1710,1960,1766,2498
479: 1767,2910,2558,2805,2878
480: 1409,2687,944,1769
481: 730,1643,316,144,1759,1551,1771
482: 37,335,3015,1939,658,1829
483: 1019,1931,1936,1909,1898,1011
484: 2802,2864,1775,1648,914,369
485: 294,1661,50,3001,964,1777,1206
486: 714,1486,917,1944,1942,2639
487: 1945,2304,2316,1744,776,2460
488: 750,1911,55,363,1202,1820
489: 803,1903,1684,1432,2879,2528
490: 98,779,1858,64,2834,1836
491: 1022,583,915,887,1499,1484
492: 29,986,295,345,635,278
493: 430,1366,1772,962,2752,2
494: 1683,1952,1701,1067,2064,2087
495: 733,2776,443,1764,1925,477
496: 40,1789,682,1620,436,1036
497: 191,551,1873,1791,996,877
498: 1881,58,61,1929,1669,1856
499: 1215,1958,2684,2554,1631,2355
500: 583,150,1499,566,1117,1847
501: 1420,1886,1751,1842,181,59
502: 2727,975,2816,1006,2977,3030
503: 1177,1963,2263,2493,2418,2011
504: 954,823,1870,2746,1232,1436
505: 1935,1801,1859,191,723,877,1933
506: 1803,1361,1804,1013,1966,2002
507: 2034,141,1805,2696,1411,2777
508: 1638,1015,2005,1776,2266,1968
509: 1312,1809,1971,63,239,2408
510: 32,1143,1974,1810,2231,2432
511: 1872,241,1866,460,1898,1011
512: 8,1914,1902,100,397,1019
513: 3023,1076,257,2808,727,592
514: 139,2953,2955,1468,65,296
515: 103,850,1356,2712,1511,2891
516: 1079,2790,3004,1981,2701,2270
517: 258,1025,1199,2986,786,2801
518: 1244,2987,1041,1024,1119,549
519: 2190,2232,703,2420,2446,2058
520: 2977,1795,3030,1049,952,31
521: 1908,1841,1863,280,1851,1915,2966
522: 272,1044,263,150,1052,566
523: 210,1838,1287,810,802,1358
524: 617,1116,1141,1308,160,1055
525: 1077,2102,273,2072
526: 959,1449,79,2898,1269,2981
527: 1761,1062,1030,729,2263,681
528: 1064,1452,2930,220,2718,2679
529: 2078,2649,576,1999,2148,923
530: 2866,1426,1635,3005,2645,826
531: 284,1075,1329,27,811,1141
532: 134,795,3012,264,2732,584
533: 1081,195,69,841,731,2770,262,1035
534: 2358,2006,2112,2890,2166,652
535: 973,2993,251,699,1370,2934
536: 3028,1088,1416,1181,698,263
537: 1183,1653,1090,2766,683,2837
538: 1281,1947,2500,2547,717,2012
539: 1042,2455,2015,1095,746,2233
540: 348,2998,2882,1097,2138,2968
541: 66,791,604,344,3034,248
542: 358,955,391,647,156,604
543: 1932,403,796,1891,138,557
544: 2371,2060,740,1102,2370,2018
545: 392,1477,1636,2780,203,2021
546: 2153,2025,1108,2651,1045
547: 1497,2638,2160,2172,266,2028
548: 1602,1619,676,1680,2860
549: 518,1244,1654,1309,1119,3035,67
550: 8,986,295,647,1914,391
551: 34,268,497,1873,1791,1919
552: 2176,1481,665,2036,2769,26
553: 1880,9,1865,1888,809,873
554: 34,1876,131,1900,1921,1904
555: 2548,928,373,2184,1579,2039
556: 2975,1127,2906,2900,2957,631
557: 269,1910,68,1932,543,1891
558: 2318,2269,2723,685,2984,2042,2163
559: 1988,1132,360,2044,1405,220
560: 84,261,2842,2760,1039,2046
561: 2380,2049,1138,2221,1203
562: 395,1140,1493,2961,2908,1445,903
563: 1142,144,2668,1551,1476,648
564: 200,2344,2536,1069,2095,2054
565: 385,2411,2244,2568,2057,1148
566: 150,500,522,263,1088,1847
567: 2948,1152,2739,734,3011,1212
568: 1349,842,1241,101,950,1492,1155
569: 2261,424,2330,1588,2179,709
570: 1204,1317,579,276,1087,1168
571: 889,815,13,2292,1722,2064
572: 2229,1692,663,1176,2066,2389
573: 1228,2070,2405,789,2235,2454
574: 1180,2339,2309,1677,2075
575: 1185,1256,2946,21,2923
576: 1337,1169,2078,2091,2649,529
577: 1885,2758,938,1386,15,1565
578: 148,2080,2022,1195,603,60
579: 1204,570,1464,137,276,2901
580: 66,149,791,1020,667,37
581: 678,1933,1899,1857,1859,16
582: 2401,1209,2010,2085,968,1651
583: 491,915,1499,500,1332,1117
584: 2732,1812,134,532,264,1841
585: 1879,1912,878,738,430,1895,969
586: 188,600,345,212,71,805
587: 2475,341,2512,628,1213,2234
588: 2093,2033,2285,634,2392,1113
589: 1226,2892,309,195,2817,898
590: 1878,2099,1096,2692,1148,1230
591: 131,2841,655,1921,827,344
592: 513,2808,1812,727,199,280
593: 2735,984,223,2754,911,399
594: 1234,835,2519,1225,2398,2107
595: 327,1245,2937,1727,154,2833
596: 400,1414,1242,3032,291,238
597: 1245,1336,154,2789,1247,3010
598: 976,281,1717,765,671,1250
599: 2462,1014,2889,1311,2797,1773,236
600: 188,1815,586,2733,408,71
601: 282,438,2734,3036,1843,135,2738
602: 2479,2113,2662,1382,401,883
603: 2115,2396,60,2331,578,1195
604: 66,541,248,358,542,156
605: 1280,2043,1670,2120,740,2145,2497
606: 247,1796,1282,1347,357,1109
607: 2846,1288,1099,2248,2511,1328
608: 891,762,1875,1402,1861,285
609: 250,225,849,138,1583,637
610: 870,157,1343,1678,1293,39
611: 114,1575,2751,726,1830,1689
612: 43,1997,2125,1172,2096,2608
613: 298,1300,2958,2942,2716,2269
614: 405,1826,971,2823,2131,442
615: 1831,2990,1833,159,2851,1850,1834
616: 2552,2711,2134,1435,975,2816
617: 1425,73,1525,524,1308,160
618: 2140,2413,2459,1313
619: 1871,1272,396,1492,1315,1155
620: 161,1321,1527,1534,1709,164
621: 2196,2326,1588,712,2144,1438
622: 730,1208,2744,2356,2150
623: 2153,243,1289,696,2515,1507
624: 1917,1869,1817,1887,793,2989
625: 2812,2857,1614,2806,1123,2600
626: 406,2897,1644,2838,2855,2795,2849
627: 1126,2996,289,276,1087,2747
628: 1213,2364,2159,2612,2234,587
629: 441,878,1366,1630,1352,234
630: 140,152,71,805,2841,1526,408
631: 10,2900,556,2850,2906,2869
632: 2174,2627,2706,333,2230,1615
633: 1756,253,1361,3013,1163
634: 2285,588,1113,1539,2168,2160
635: 492,29,345,212,1906,381
636: 1877,311,2761,1530,2599,3018
637: 609,225,138,1891,2784,1813
638: 266,1058,1981,2172,2701,965
639: 2436,1731,1369,2178,2616,897
640: 1133,169,292,2225,2182,2641
641: 2311,1752,227,1374,1391,2778,2186
642: 1375,879,2188,2147,1685,2918
643: 2192,2111,2444,784,245
644: 2534,1296,2678,2092,404,2194
645: 1502,1390,1262,2868,2885,2914
646: 115,2199,2203,2020,1395,151
647: 2782,295,550,156,542,391
648: 411,1476,2964,144,563,1564,1142
649: 2202,1013,2110,2047,1770,2506,2686
650: 2672,1407,2691,2490,2204,1760
651: 821,2494,2693,1371,2094,2641
652: 2166,1913,2811,534,2890
653: 777,1414,1242,1063,893,3037
654: 1955,1412,2697,1463,2215,2702
655: 152,937,591,2841,344,248
656: 1462,2246,2218,2328,2530,1785
657: 414,170,983,64,2834,961
658: 933,1901,1829,667,482,37
659: 1429,2995,411,2750,1537,87
660: 1825,340,2749,12,2741,175,1573
661: 2223,2710,772,2428,2425,1085
662: 1439,2607,2226,1792,2714,2549
663: 2229,2200,1176,572,2295,142
664: 1904,1863,193,1862,299,1876
665: 1481,552,26,2767,880,1556
666: 222,842,3024,1739,35,1154
667: 1020,427,658,1901,37,580
668: 2781,1374,1696,2936,2778,1949
669: 1463,2238,2215,2084,419,2061
670: 171,1897,416,1466,318,1152
671: 72,976,765,598,1865,1888
672: 2464,75,174,2241,2217,1258
673: 2915,2894,1560,2836,2815,2835
674: 2251,303,1479
675: 2373,2514,741,1162,2254,2265
676: 548,2729,1488,1680,2860,2871,1996
677: 2004,1171,2258,1125,2650,820
678: 1899,581,825,1255,16,1298
679: 1192,2829,1051,1381,1494,2813
680: 750,1932,55,1822,796,302
681: 392,1177,2263,2780,1062,527
682: 161,1655,40,1498,1789,496,3019
683: 1720,216,2837,1503,537,2766
684: 176,962,2785,1922,1906,381
685: 1186,2318,558,2035,2984,905
686: 1928,3000,992,1718,371,177,1389
687: 1719,1979,2416,997,1955,1412
688: 108,1918,1098,1578,2131,1656,1054
689: 1528,1650,2067,2276,271,204
690: 145,739,1869,41,1821,3026,2369
691: 2856,1221,1532,2828,82,2068
692: 417,420,1536,111,3016,864
693: 1995,1170,1363
694: 2288,2719,1524,421,2238,1540
695: 1210,710,1146,831,179,1542
696: 2098,2293,1289,623,243,2343
697: 2215,419,2296,2702,2103,2305
698: 1408,1044,1552,263,536,1416
699: 535,251,2736,2934,109,2818,1004
700: 1559,2162,422,2253,1153,2303
701: 800,1537,2964,1564,209,3025
702: 2703,2277,2114,2307,2108,966,1084
703: 2359,2232,519,1569,2446,2310
704: 2751,1824,1830,1444,205,23
705: 1597,1577,1124,1078,2938,1768
706: 45,1068,2319,133,1580,2158
707: 1905,2842,1039,1198,3009
708: 324,2323,1584,2394
709: 2327,1686,2330,2261,1159,569
710: 695,831,2798,1188,1401,1542
711: 1643,1330,1596,2952,3014,1771
712: 2196,2330,1588,621,2175,2327
713: 1198,1934,1889,206,313,1201
714: 2245,1779,1486,1942,2333,486
715: 2211,2262,1637,2717,1986,2336
716: 110,418,1820,3031,750,1822
717: 1972,2012,2547,538,1473,2409
718: 189,1885,2758,1380,882,1072
719: 1616,2381,2221,2532,1138,2348
720: 2393,2216,2931,1134,119,1065
721: 190,1240,443,1478,145,1821
722: 1570,1278,471,2960,1621,1799
723: 1717,765,877,191,505,1935
724: 2352,458,2661,187,2516,1625
725: 1793,1000,1271,1711,995,1958,2355
726: 1575,2731,611,429,1689,1633,3033
727: 513,257,592,199,1816,972
728: 1605,1205,2458,2671,2360,1053
729: 1062,527,2814,1030,1373,2945
730: 622,1643,2744,2356,481,316
731: 195,69,533,2892,1190,2290
732: 1823,1005,2763,882,1660,859
733: 1928,495,1652,2776,1639,1764
734: 2948,1634,567,2739,808,2721
735: 2559,1211,2362,857,2365,1295
736: 1005,1072,863,1660,1294,85,1754
737: 2763,859,1617,52,1301,2016
738: 585,1912,1895,1916,970,1922
739: 690,3026,2369,1216,376,945
740: 605,1670,2145,544,2060,1102
741: 1674,2373,2383,675,431,2626,2265
742: 2322,53,2375,1668,1781,224
743: 361,1678,1167,1293,1355,1402
744: 1602,1115,1680,1784,1814,2988
745: 464,2421,1067,2382,2379,1683
746: 2381,2233,539,1042,2363,2469
747: 2384,2257,2372
748: 2386,1653,1038,2252,1695,2724
749: 1611,433,1193,2919,2757,825
750: 55,680,1822,488,1820,716
751: 832,2391,2373,1485,2514,1990
752: 1022,1708,150,56,1052,1499
753: 2394,1606,185,2237,2323,913
754: 1712,2876,2957,2991,770,994
755: 1482,434,2923,2911,1714,1576
756: 2410,1716,1983,2399,1288,2488,325
757: 984,429,1010,223,2765,3033
758: 147,326,349,1714,1576,1718
759: 781,2725,59,1725,1886,2742
760: 327,85,1754,1727,1189,15
761: 1762,1008,1496,2011,1994,2566
762: 1433,608,361,1875,1402,1892
763: 1735,2412,198,2302,274,2502
764: 2345,2414,1385,2451,1738,1290
765: 723,72,1717,598,671,1935
766: 158,1520,1745,2185,2068,2942
767: 1394,918,2418,1797,2317,2673
768: 2196,1587,1029,1598,2422
769: 2424,1032,2048,2157,1518,2039
770: 1399,57,1036,994,1712,754
771: 194,1040,2886,1375,2941,1679,2945
772: 2710,2428,661,1043,2449,2124
773: 1149,2432,1017,1046,2055,2524
774: 954,1705,1937,342,211,1050
775: 437,108,960,1622,3011,1212
776: 2437,451,2460,2069,487,1945
777: 1414,653,1855,1060,1624,1063
778: 331,840,1103,1257,1302,2737
779: 98,1883,938,490,1836,876
780: 374,2665,1834,1721,1938,2990
781: 759,1074,2725,59,3029,1725
782: 1398,2947,1078,2904,846,2959
783: 386,1377,3018,1877,1444,205
784: 245,957,2694,1423,2164,643,2444
785: 1879,1868,1887,2989,107,969
786: 1047,1086,2310,2801,258,517
787: 206,1201,951,246,2722,3027,1840
788: 2980,395,91,1487,1445,1357
789: 1213,1618,2235,2454,573,2512
790: 2764,1578,2896,1582,3021,2888
791: 66,149,1907,3034,580,541,1930
792: 2519,2457,2045,1101,2374
793: 912,94,1531,2989,624,1817
794: 17,1239,1309,3035,2730,1320
795: 335,134,1061,532,3012,1939,2730
796: 1932,359,403,55,680,543
797: 89,81,1516,1343,232,1110
798: 2826,143,1474,1243,1136,2046,2895
799: 1332,396,1117,337,2753,1002
800: 701,1537,867,2964,301,332,3025
801: 920,1818,1246,1827,2747,370,2996
802: 1139,810,981,2274,210,523
803: 489,1314,1903,1684,90,2920
804: 1697,2954,2994,1705,2820,211,1124
805: 152,71,630,345,278,586
806: 1864,819,2785,829,979,1202
807: 1079,2105,2468,1231,2461,2521,2074
808: 1634,2721,734,2943,3008,2871
809: 233,873,1856,1850,9,159,553
810: 2741,1139,802,1287,2749,523
811: 1109,1141,1251,1308,531,284
812: 1291,2475,2090
813: 1003,2845,1147,856,2804,1424
814: 2563,2271
815: 571,2259,2292,2224,1722,2481
816: 1642,90,338,1415,1160,1387
817: 2486,384,1966,1435,1803,2564
818: 2489,1626,2794,22,1724,446,2273
819: 806,176,2785,829,988,56,215
820: 2491,2628,2598,2650,2004,677
821: 2494,2693,651,2208
822: 2286,2499,448
823: 954,1705,2820,504,1436,1009,127
824: 198,2724,2766,216,1182,2502
825: 678,1899,2757,1852,749,1193,1298
826: 901,3020,2645,1440,2866,530,1197
827: 344,3034,2966,591,1921,1908
828: 2101,2508,1359,855,953,1200
829: 806,819,215,1202,363
830: 1277,1400,1207,218,2755,2971
831: 2868,710,695,1146,2798,77
832: 1485,2514,751,2367,1730,2435
833: 1384,2873,1219,2121,2847,2657
834: 1064,2718,2791,2822,2874,1519
835: 2519,594,2398
836: 1056,2069,2415,2468,2206,2648
837: 2523,2053,2123,1422,78,1953
838: 1616,1295,2233,2525,857,1095
839: 1929,1819,1669,1839,452,1633
840: 1315,778,1155,1103,1257,1241
841: 1081,2529,533,262,1035,1073,261
842: 666,1349,222,568,1248,1241,3024
843: 1010,2765,1741,58,1924,1923
844: 2533,2255,1631,2684,1980,947
845: 147,2969,1714,1464,1482,1261
846: 2840,2875,2959,782,2947,2870
847: 2236,1265,2337,1744,2536,2095
848: 326,349,1317,1240,1270,1478
849: 609,362,250,225,1871,1272
850: 103,515,1511,1279,2542,367
851: 226,2894,3016,1278,417,2960,2956
852: 931,2761,1672,1530,973,1442
853: 1731,286,2547,2178,2472,2500
854: 1322,1284,1976,2553,904,2338
855: 2101,2515,828,1507,1200,2026
856: 1713,2882,813,1147,1424,1097
857: 2559,2525,735,2071,838,1295
858: 1568,2570,939,1743,2143,2674
859: 1823,2763,737,732,2759,1301
860: 2604,46,1307,2556,2003,2565
861: 2342,1809,2560,2579,1016,2569
862: 1758,2571,2541,455,907,1299,2655
863: 1664,736,1005,1660,2978,1294
864: 3016,1560,692,111,2935,3002
865: 1323,1228,323,2405,2574,2268
866: 2419,1720,352,1340,2284,2578
867: 800,1694,1537,87,1334,332
868: 1502,2812,371,2857,2865,2907
869: 1897,457,416,1874,340,2756
870: 610,1343,1110,39,1611,433
871: 2863,1383,2963,3010,353,1336
872: 2456,2674,2582,2329,1985,925
873: 1881,809,1856,9,553,1865,1926
874: 2031,1354,2624,2470,2682,2587
875: 1106,2632,2620,2589,1360
876: 1846,1836,1866,460,1883,779
877: 996,723,1717,191,497,505
878: 585,1879,629,430,1366,1630
879: 1375,203,2779,642,2021,2147,2941
880: 2767,2788,1454,2634,1481,665
881: 964,934,1554,1777,357,1378
882: 1823,1005,1072,732,718,1380
883: 401,2595,1382,602
884: 2597,2657,46,1384,1590,2183
885: 2881,1596,1529,2893,2902,1610
886: 2601,1649,2382,464,1392
887: 1022,491,215,1911,1484,363
888: 2862,2603,1410,1319,2836,2815
889: 571,13,1353,1956,2606,2292
890: 1263,2853,2809,2875,2692,1310
891: 608,1293,1402,39,285,1165
892: 2609,2567,1406,1787,2690
893: 1063,1103,24,2737,3037,33,653
894: 2513,423,1778,2611,447,275
895: 1387,2872,2893,1702,1415,1446
896: 1180,2484,2309,2720,2614,1418
897: 1420,2189,30,639,1369,2616
898: 2817,1426,3017,2892,1635,195,589
899: 2511,2839,2540,365,1328,2387
900: 2700,2620,2589,354,2713,1970
901: 2929,826,1140,3020,2866,1197
902: 2993,135,1442,400,2734,3032,1549
903: 1445,366,2909,562,2961,2908
904: 1322,854,2338,2577,2539,2625
905: 2958,1372,2185,2035,685,2984
906: 1450,469,410,1161,1120
907: 2484,2655,1758,862,2771,2605,2830
908: 368,2628,2598,1943,1457
909: 1460,1533,2967,48,470,1194
910: 2342,2560,2631,2658,1028,456
911: 1570,399,1811,471,593,2754
912: 477,390,94,793,1817,1925
913: 2323,2400,753,2237,2685,1710
914: 1648,1469,2796,1775,484
915: 583,491,1332,943,1484,95
916: 320,70,1837,1246,1216,2369
917: 1942,486,1594,1748,2639,1987
918: 1394,2642,1788,2715,1797,767
919: 2924,2866,2917,1426,3017,1197
920: 801,70,1087,1168,1246,2747
921: 1003,1227,2821,1750,2646,2845,124
922: 2036,2806,2769,1111,1262,2885
923: 2321,2078,529,1999,1646,2703
924: 288,2417,2651,1045,7,1950
925: 2615,2474,2653,872,2582,2329
926: 1274,1207,372,1356,2755,1511
927: 2656,1564,1142,2228,209,1591,3007
928: 555,2548,1403,2660,99,1579
929: 1137,2113,2662,1305,2473,1522,2056
930: 1742,470,440,1627,2976,475,1533
931: 374,852,2665,1672,1549,1442
932: 1759,2668,1551,244,2037,2549
933: 414,3027,658,1901,462,1829
934: 881,1639,964,1764,1554,1465
935: 1777,1378,450,1661,3006,1558
936: 44,1416,2748,1874,2756,1552
937: 152,2841,655,2782,156,248
938: 98,1883,779,1885,577,1565
939: 1568,1350,858,2674,2582,1467
940: 2210,2044,2531,1808,1571
941: 1572,1794,2694,2677,2802,1775
942: 1296,99,2157,2678,1579
943: 359,403,1484,915,95,1583
944: 480,2687,2181,2681,2504,1769
945: 376,948,1867,1917,739,3026
946: 2952,1592,2843,2852,476,2884
947: 1980,2684,844,2198,377
948: 1882,1890,107,1867,945,1917
949: 1623,378,1601,959,1449,1603,2985
950: 396,2927,2753,1492,568,101
951: 787,206,2722,2987,1041,267
952: 1135,1607,31,1800,520,1795
953: 2101,828,1359,1975,102,2689
954: 1705,1937,774,823,504,1870
955: 358,105,1931,1936,542,391
956: 1878,1356,2755,2891,2853,2971
957: 784,245,2345,1794,2694,1423
958: 1428,1767,2916,2910,2940
959: 1838,526,1449,1059,2898,1623,949
960: 775,1622,3011,380,1628,318
961: 1021,1909,64,1018,170,657
962: 176,1922,684,2752,493,1912,430
963: 2509,221,1236,2699,1286,1977
964: 881,1639,934,1777,1206,485
965: 2195,2701,166,638,1367,2172
966: 2321,275,2395,2703,2114,702
967: 2557,1962,2291,2854,1121,217
968: 2085,2353,394,1783,1651,582
969: 1890,107,1895,785,585,1879
970: 29,256,1916,738,1922,381
971: 405,444,614,2131,1656,2721
972: 1655,1498,257,727,1816,383
973: 535,1530,2993,1370,1442,852
974: 472,1944,1662
975: 2816,1006,502,616,1435,2564
976: 281,598,671,1927,1893,1888
977: 1995,42,2520
978: 1640,2728,1671,1536,1501,111
979: 188,1815,1202,1820,1864,806
980: 2831,2829,2813,1776,2775,2783,1968
981: 1314,1139,802,1684,1702,2274
982: 2327,2351,1957,1587,2175,2024
983: 414,1854,462,657,1858,319,2834
984: 2735,593,757,223,1689,3033
985: 1961,1954,2057,2065,2676,1691
986: 492,29,295,550,256,1914
987: 1334,2740,116,1694,1855,1060
988: 819,176,2752,1708,56,2
989: 2903,1611,1698,2919,232,1110
990: 1967,2622,2087,2388,13,1956
991: 1704,2896,3021,1542,1401,1632
992: 1928,686,190,1718,1240,326
993: 2216,1706,1973,2688,1732,119
994: 770,1036,2991,1789,1527,754
995: 1271,1284,1711,2483,1976,725
996: 1717,1250,1513,877,497,1791
997: 121,1412,1979,687
998: 1937,1923,1050,252,2933,1741
999: 1417,122,453,2665,1721,1672
1000: 1793,2410,2243,725,1983,1711
1001: 186,2807,1592,240,2962,2803
1002: 95,250,1871,1332,396,799
1003: 921,2242,2821,813,2845,1147
1004: 109,181,2738,699,1843,2934
1005: 736,882,1072,863,732,1660,1754
1006: 975,502,2977,1756,2564,1163
1007: 2709,1978,1728,1431,1991
1008: 2465,1994,761,2566,1224,2487
1009: 1765,1436,1799,127,2883,823
1010: 757,223,843,2765,1232,1923,1870
1011: 1866,1018,511,1898,483,1909
1012: 1802,1935,1926,1801,1740,72
1013: 649,2202,1966,506,83,2002,1770
1014: 1713,599,2998,2889,1311,2882
1015: 2005,508,1641,1776,254,2774
1016: 2008,2569,1681,2658,2342,861
1017: 1149,773,2085,2524,2010,297
1018: 1836,1866,1011,64,1909,961
1019: 1931,483,1898,1902,8,512
1020: 358,105,427,667,66,580
1021: 105,427,1936,1909,961,170
1022: 56,491,215,752,887,1499
1023: 1076,334,17,1105,1275,1487
1024: 0,518,1244,2859,2987,1041,1889
1025: 445,2335,1199,474,517,2986
1026: 338,2920,1283,2939,139,2726,1468
1027: 1772,272,1071,1708,2,1052
1028: 259,2019,456,1785,910,2631
1029: 1391,2422,1587,768,2311,2024
1030: 1761,527,230,2814,260,2793,729
1031: 2623,76,1941,2155,2385,2032
1032: 2161,2424,769,2034,141,2048
1033: 4,428,1946,1651,1209,2877
1034: 18,3004,1782,237,2800,2928
1035: 1081,3005,841,533,1073,3022
1036: 770,1399,436,994,1789,496
1037: 445,2970,2986,129,1441
1038: 2386,748,2038,1961,1691,1695
1039: 560,261,2842,707,312,1198
1040: 194,356,1629,771,1671,2886
1041: 0,518,2987,1024,1889,206,951
1042: 539,1729,2015,746,1948,2363
1043: 772,2428,2449,1252,2045,1101
1044: 272,375,1408,522,698,263
1045: 2651,924,546,1108,1950,2052
1046: 1149,239,2408,773,2055,2328
1047: 2523,786,2446,1086,2123,2310
1048: 2783,2575,2371,265,2831
1049: 520,2977,31,1920,290,1756,3013
1050: 1937,342,774,998,252,1255,2933
1051: 679,1494,2869,2813,305,1368
1052: 1708,150,752,272,1027,522
1053: 2199,2671,2360,1395,2065,728
1054: 2948,1656,1212,108,688
1055: 132,1352,1453,1116,524,160
1056: 2437,2264,2069,836,2415,204
1057: 1992,2072,1260,2032,2466,76
1058: 2521,1131,2376,266,638,2074,1981
1059: 210,959,1838,2921,2898,1623
1060: 282,438,777,1855,1624,2740,987
1061: 67,134,795,1939,2997,2730
1062: 527,729,2945,1679,681,2780
1063: 116,893,2737,3037,777,653,1855
1064: 528,220,2718,834,2822,1405
1065: 1134,444,720,2931,2943,3008
1066: 2380,2049,2082,2681,2504
1067: 2421,1722,745,2064,1683,494
1068: 2319,133,2089,706,1999,2148
1069: 200,2344,564,2256,1682,2301
1070: 2485,14,2097,1959
1071: 1772,132,272,375,234,1027
1072: 736,1005,882,1754,718,2758
1073: 2529,841,1035,3022,0,2859
1074: 781,301,2725,1264,332,3029,1161
1075: 531,94,1531,1329,27,163
1076: 3023,513,334,2808,1023,1105
1077: 2062,525,2102
1078: 782,1398,1597,1577,705,2904
1079: 807,2790,516,1981,2105,2074
1080: 1323,2574,1178,2412,2581,2109
1081: 1635,3005,195,841,533,1035
1082: 2111,2056,2444,2473,2230,1615
1083: 2819,428,2912,2006,2112,2877
1084: 1586,1567,2141,2114,2307,702
1085: 2223,2425,661,2117,20,1964
1086: 786,1047,65,2123,296,2801
1087: 920,1168,2747,276,570,627
1088: 3028,1601,536,263,566,1835,1847
1089: 1321,2357,2980,1487,3023,334,164
1090: 2386,1183,1653,2799,537,2786
1091: 2358,2867,277,2401,2890,2705
1092: 2341,2012,2128,1459,1947,3
1093: 1586,1763,2130,2141,2617,2173
1094: 2527,341,2512,2454,2133,2207
1095: 539,2455,2136,2525,838,2233
1096: 2809,279,2692,590,1230,5
1097: 2707,1424,2138,856,2882,540
1098: 2764,1578,442,2131,1918,688
1099: 2846,2795,607,2248,22,2849
1100: 281,1250,1513,1259,110,418
1101: 792,2045,2374,2142,1252,1043
1102: 329,740,2145,544,2018,2501
1103: 1315,778,840,893,24,2737
1104: 2779,290,2260,2147,253,3013
1105: 2732,1076,2808,17,1023,1239
1106: 875,2620,1327,2151
1107: 2331,6,2154,2275,2115,1273
1108: 2156,473,2593,2025,546,1045,2052
1109: 811,1251,1347,606,1282,284
1110: 870,797,1343,232,1611,989
1111: 2873,77,2847,2769,922,2885
1112: 1528,2290,1243,1136,69,2770
1113: 634,588,2392,1223,1497,2160
1114: 2552,2772,2165,2134,286,1369,2178
1115: 1602,744,2912,2112,2166,2988
1116: 524,1141,27,441,1352,1055
1117: 1332,799,337,1847,583,500
1118: 2140,2413,2169,1512
1119: 518,2987,549,267,67,2997
1120: 906,469,1161,3025,209,1591
1121: 2417,217,7,382,2854,967,2561
1122: 1200,2340,2508,2174,2291,2423
1123: 2176,2036,2806,2580,2600,625
1124: 705,2938,1768,2954,804,2820,184
1125: 1965,2184,1171,2258,677,373
1126: 627,1342,2944,1495,2996,289
1127: 2975,1709,556,2906,2991,2957
1128: 291,2784,1813,1831,1828,2922
1129: 2727,1555,2816,2189,2772,2134
1130: 2723,142,2163,2200,1637,315
1131: 2521,2376,339,1058,2206,2648,2074
1132: 2210,559,1988,2583,1483,2044
1133: 640,2217,169,1258,2225,2212
1134: 405,444,2787,119,1065,720
1135: 409,2899,386,1607,952,31
1136: 2760,2046,798,1243,1112,2770
1137: 2471,929,1268,2113,1522,2220
1138: 2380,561,270,2221,2532,719
1139: 2741,810,802,1684,981,2879
1140: 901,2929,562,395,1493,1197
1141: 811,1116,524,1308,531,27
1142: 563,927,1564,2228,2668,648
1143: 32,1407,2691,510,2231,255
1144: 2090,2596
1145: 200,293,2095,2471,2220,2236
1146: 2868,1210,695,294,831,2914
1147: 1003,2242,813,856,1713,2279
1148: 565,2411,2244,1230,590,2099
1149: 1017,1046,773,2328,297,2246
1150: 362,225,33,2784,2922
1151: 1693,74,208,2249,2478,1254
1152: 567,2739,3011,670,171,318
1153: 1480,201,2303,2442,2951,700,2253
1154: 331,1257,666,222,1739,35,1429
1155: 1315,840,1492,568,1241,619
1156: 2921,1446,79,2898,2872,300
1157: 425,2257,36,2372,1451,1986
1158: 413,2556,1715,1546,2481,2259
1159: 2102,2261,273,709,1686,2385
1160: 1642,1774,816,235,2881,1387
1161: 906,410,1120,3025,1074,301,2725
1162: 38,219,1989,2254,2265,675
1163: 1756,1803,1361,2564,633,1006
1164: 80,1253,2533,2251,2255,2267
1165: 285,2757,1852,891,39,433
1166: 2126,2273,2489,192,2243,2403
1167: 743,1678,1355,40,1620,1608
1168: 1270,920,70,1087,570,1317
1169: 1337,2078,576,2491,2278,1187
1170: 1995,693,42,1363,2280,2633
1171: 1125,677,2283,2650,2452,373
1172: 1997,2125,612,2287,2534,2040
1173: 2494,1371,2466,1595,2050,2289
1174: 2259,2606,2292,1397,2407,1715
1175: 305,2775,130,1806,2774,2810
1176: 663,572,2170,2295,2066,1964
1177: 392,2576,503,1963,2263,681
1178: 1080,2574,435,2412,2302
1179: 2499,448,1419,1585,2644,2305
1180: 455,896,574,2484,2655,2339,2309
1181: 44,3028,378,2240,104,536,1416
1182: 2284,2540,2502,2387,216,824
1183: 2870,2799,1090,537,2840,2837
1184: 2613,2314,2214,461,2001,45
1185: 1482,1256,575,1261,2923,2965
1186: 308,2318,2035,685,2643,1514
1187: 2278,2321,2640,2395,1169,2078
1188: 2798,2999,1219,1401,2973,710
1189: 153,1386,1342,15,760,1727
1190: 2892,309,1650,2324,2290,731
1191: 47,2007,2441,2312,2326,1438
1192: 1663,1381,679,1494,82,2856
1193: 749,1697,2919,2994,1298,825
1194: 1621,48,2960,2956,909,2967
1195: 2080,578,603,2331,2406
1196: 1877,1575,2751,1444,311,2983
1197: 2924,919,2866,1493,901,826,1140
1198: 1934,1889,713,3009,1039,707,312
1199: 2335,258,1025,517,2009,2030
1200: 2340,2026,1122,2508,828,855
1201: 2768,787,1934,713,206,313,246
1202: 979,1820,806,829,488,363
1203: 2221,561,2346
1204: 147,349,570,1317,579,1464
1205: 2262,1605,315,728,2350,2458
1206: 1639,964,3001,1389,50,485,1652
1207: 926,1726,372,218,830,2755
1208: 622,1739,2356,2150,2880,3024
1209: 2358,2401,582,2006,2877,1651,1033
1210: 450,695,1146,294,179,1661
1211: 2559,735,2362,2506,2686,51,1404
1212: 2948,567,3011,1054,108,775
1213: 628,2364,789,1618,587,2512
1214: 1905,84,2842,2878,2910,2940
1215: 2367,499,1730,1958,2554,2551
1216: 1837,916,739,2369,1832,376
1217: 1676,2029,2017,1508,53
1218: 2601,2382,321,2379
1219: 2798,1384,1590,2999,833,1188,2847
1220: 1304,322,2389,2384
1221: 691,2051,2828,1520,2068
1222: 118,2572,2122,1632,1303,1704
1223: 2392,1113,1497,2014,2592,2585
1224: 2487,2396,2492,2465,1008,1747
1225: 2398,346,2107,594
1226: 589,18,2790,2105,309,2817
1227: 2463,921,2821,2402,1750,1746
1228: 865,2405,573,2454,2268,2133
1229: 1974,2584,126,63,2408,2055
1230: 2411,1148,590,1096,2038,5
1231: 2324,2276,2461,2415,2468,807
1232: 1010,223,2754,504,1870,2746
1233: 2019,2420,1462,1953,2058
1234: 2519,594,2045,2428,2425,2107
1235: 478,1710,1766,2429,2339,1677
1236: 2509,221,2300,2434,2136,963
1237: 2438,1297,325,1733,1716,2439
1238: 1699,2833,2827,459,2804,351
1239: 2732,17,1105,794,134,2730
1240: 721,992,190,326,848,1478
1241: 222,568,842,1155,840,1257
1242: 1414,653,596,33,3037,291,2922
1243: 2826,271,798,1136,1528,1112
1244: 518,2859,449,1654,1024,549
1245: 595,1318,597,327,1336,154
1246: 801,920,70,1837,916,1818
1247: 1500,2789,1510,2925,3010,597
1248: 1349,2880,1269,2981,842,3024
1249: 350,1324,1489,2447,2177,2022
1250: 996,281,1100,1717,598,1513
1251: 811,73,1628,1109,1308,1282
1252: 2449,1581,2501,2142,1101,1043
1253: 2453,80,1164,2255,2483,2503
1254: 2249,2459,287,2043,2120,1151,74
1255: 252,16,678,1298,342,1050
1256: 1185,2946,575,2130,2462,1311,2965
1257: 331,778,840,1154,222,1241
1258: 1133,2217,1550,169,2464,672
1259: 110,2733,408,155,1100,1513
1260: 1992,1057,2466,2289
1261: 1185,1482,348,2965,845,2969
1262: 1502,645,2812,2806,922,2885
1263: 1276,2809,890,2949,2875,1310,2959
1264: 1853,1334,1074,332,2740,3029
1265: 847,2236,2377,2337,1676
1266: 1305,2550,88,2473,333,2230
1267: 1913,2953,2867,78,2053
1268: 2471,1137,2029,2479,2113,2377
1269: 1349,2981,388,1248,526,1449
1270: 320,70,1168,1478,848,1317
1271: 1711,995,2483,725,2453,2355
1272: 362,619,849,1871,1315,24
1273: 2115,2487,1994,2404,6,1107
1274: 926,372,57,2495,1511,1279
1275: 2081,1320,91,1487,17,1023
1276: 1263,2949,2959,81,1398,117
1277: 89,336,830,1516,1400,218
1278: 1570,417,420,722,2960,851
1279: 850,1511,2051,1274,2495,2542
1280: 605,2120,2497,2585,398,402
1281: 2116,113,227,538,1947,2500
1282: 606,1622,1796,1628,1109,1251
1283: 1642,1026,1441,338,1468,129
1284: 1322,995,2483,2503,1976,854
1285: 1945,2507,451,2076,165,1538,2510
1286: 2509,2699,963,2002,1804,2905
1287: 457,2749,810,104,1358,523
1288: 2399,607,2248,2511,2488,756
1289: 1333,2293,2555,696,623,2515
1290: 2451,143,2805,1474,764,2414
1291: 812,2527,2475,341
1292: 2707,1506,1325,2824,351,2827
1293: 891,743,1678,1402,39,610
1294: 353,2978,1318,85,736,863
1295: 1616,838,2532,2365,735,857
1296: 2534,99,2678,644,942,2125
1297: 2438,1430,1237,2636,2537,325
1298: 1193,2994,678,825,1255,342
1299: 455,2143,1766,2498,862,2541
1300: 298,2442,613,2951,2543,2716
1301: 1934,2016,3009,313,737,859,2759
1302: 331,778,116,2737,2750
1303: 1704,2637,2572,1222,1826,2913
1304: 2480,322,1220,2517,2546
1305: 2550,1266,2473,929,2662,2056
1306: 1473,174,2552,2241,2711,2165
1307: 2556,860,2407,2003,1715,2477
1308: 811,617,73,524,1141,1251
1309: 1654,549,3035,347,1320,794
1310: 1263,2853,890,2949,2971,1400
1311: 2462,1014,599,2998,2889,2965,1256
1312: 509,1809,2560,2530,2631,239
1313: 2563,2249,618,2459
1314: 803,1684,981,1702,90,1415
1315: 1155,840,1103,24,619,1272
1316: 2562,1439,2571,2226,2541,2570
1317: 1204,848,349,570,1270,1168
1318: 353,327,1294,85,1245,1336
1319: 2603,888,2815,2573,1475,2000
1320: 347,2081,1275,1309,3035,17,794
1321: 161,620,1089,3019,2357,164
1322: 1284,2503,854,904,2063,2577
1323: 1080,865,323,2574,2581,2073
1324: 1249,350,92,2586,2177,2083
1325: 1292,137,289,1506,2824,2944
1326: 415,2588,2675,2656,182,1515
1327: 2590,2151,1106
1328: 899,2511,2540,2578,2846,607
1329: 390,1471,531,284,94,1075
1330: 1643,2744,711,1596,162
1331: 2419,2844,352,475,1533,2950
1332: 1117,799,583,915,1002,95
1333: 454,2334,2594,2293,1289,2555
1334: 1264,332,2740,987,1694,867
1335: 2924,1782,2917,2825,1443
1336: 353,1318,597,1245,871,3010
1337: 1169,2091,576,2491,2598,1943
1338: 231,2972,2600,21,2992,1614
1339: 2857,2865,1614,434,2992,2911
1340: 866,352,2855,2578,2846,2849
1341: 93,468,2605,2441,1455,47
1342: 153,1189,1126,1386,2944,1495
1343: 870,610,797,157,1516,1110
1344: 1629,2728,23,114,1830,1848
1345: 2683,2608,2660,2096
1346: 2925,2858,2561,2963,2708,382
1347: 1554,357,606,1471,284,1109
1348: 2159,1523,2059,2612,168,2106
1349: 568,1269,842,388,1248,101
1350: 939,2582,2661,2615,1690,1467
1351: 1609,2689,2652,2618,2594,102
1352: 132,234,1055,1116,441,629
1353: 889,1956,2298,2606,2930,2679
1354: 2031,1427,1510,874,2708,2624
1355: 383,743,361,1167,40,1498
1356: 956,515,2755,1511,2891,926
1357: 1445,1534,164,2909,2980,788
1358: 2240,104,1287,210,1838,523
1359: 2508,828,1975,953,2627,2505
1360: 2629,875,2632
1361: 253,1803,506,1804,633,1163
1362: 2700,2632,1418,2589,229,2315
1363: 2633,2168,693,1170,2285
1364: 1567,393,2647,2307,2634,1984
1365: 2581,1430,2636,2109,2839,365
1366: 493,878,629,430,1772,234
1367: 2638,2172,2088,2195,1541,965
1368: 305,2861,2810,2850,1051,2869
1369: 639,2178,2189,897,1114,2772
1370: 535,1530,973,251,2599,1657
1371: 2182,2494,651,2641,1173,1595
1372: 905,158,2185,367,2104,2035
1373: 2814,2935,729,2945,194,1640
1374: 2781,668,1535,2778,2186,641
1375: 879,642,2941,771,2886,2918
1376: 1574,2788,2152,1454,2647,2390,2108
1377: 2899,386,783,205,2188,1685
1378: 881,935,1777,357,1558,247
1379: 368,2628,2650,2544,2283
1380: 189,319,718,1823,882,317
1381: 2831,1192,2829,1663,1673,679,112
1382: 2654,2550,2595,883,602,2662
1383: 369,2863,871,353,2978,125
1384: 1590,1219,833,2121,2657,884
1385: 764,245,2345,2192,2659,1738
1386: 1189,370,1342,15,1565,1495,577
1387: 2881,2893,895,1415,816,1160
1388: 1543,2156,473,1746,2194,2663
1389: 371,2907,3001,3000,686,1652,1206
1390: 1502,645,2907,3001,50,2914
1391: 1029,2666,2422,2778,1949,2311,641
1392: 2670,464,2669,886,2171
1393: 2199,2203,2671,1548,168,2180
1394: 2000,918,1788,1490,2673,767
1395: 115,646,2199,1053,2065,2676
1396: 1739,2356,316,35,2995,1476
1397: 1174,2606,2407,214,1452,2679
1398: 782,1577,117,1078,1276,2959
1399: 1726,770,372,57,436,1036
1400: 89,830,1277,2949,1310,2971
1401: 1632,2973,1188,710,991,1542
1402: 891,762,608,743,361,1293
1403: 304,2548,928,2660,2683
1404: 51,2013,412,2602,1211,2686
1405: 2688,559,1988,1064,220,2822
1406: 2690,892
1407: 32,2691,650,1760,1143
1408: 1561,375,1453,1044,1552,698
1409: 480,2208,2687,1544,2693
1410: 2862,1724,2603,2695,2426,888
1411: 2696,2513,2611,2282,141,507
1412: 121,997,1955,2697,654,687
1413: 1730,2435,2554,1599,2294,377
1414: 777,653,596,1242,1624,3032
1415: 90,816,1314,1702,1387,895
1416: 44,3028,536,1181,936,1552,698
1417: 122,999,1721,439,452,1819
1418: 2700,1362,896,2309,229,2614
1419: 2129,2697,2499,1179,2702,2305
1420: 501,1886,30,897,1842,2616
1421: 1592,2843,2962,123,2456,1985
1422: 2705,2440,78,1953,2218,837
1423: 1723,379,2164,2677,784,957,2694
1424: 2707,1097,351,813,856,2804
1425: 617,73,1525,380,1557,1466
1426: 919,2866,898,3017,530,1635
1427: 1354,7,2708,382,1950,2624
1428: 2802,2864,958,2974,1767,2916
1429: 2995,659,2750,35,331,1154
1430: 1365,2636,2488,1297,325,2839
1431: 2139,2709,1007
1432: 489,175,2879,2729,1488,2528
1433: 762,383,361,1892,1816,1844
1434: 2710,146,2124,2253,1480,1982
1435: 2711,616,975,2564,384,817
1436: 1799,1009,823,504,2746,471
1437: 103,2712,2104,2643,385,2244
1438: 2326,621,2144,1191,2713,2007
1439: 2562,662,2226,1316,2714,2135
1440: 449,1654,2645,347,826,3020
1441: 1642,1774,1283,1468,2970,1037,129
1442: 973,2993,902,931,852,1549
1443: 2825,2928,130,1806,1782,1335
1444: 1877,1196,2751,704,205,783
1445: 903,1357,2909,562,395,788
1446: 2274,1156,2921,1702,2872,895
1447: 1747,1998,328,2539,2642,2715
1448: 2042,2543,1472,2716,1969,1982
1449: 959,526,949,1603,1269,388
1450: 906,2781,2745,469,410,2936
1451: 2717,2229,1692,1986,1157,2372
1452: 528,2718,389,2679,1397,214,2281
1453: 132,1561,375,1408,1055,160
1454: 2767,1376,880,2288,2788,2152,2719
1455: 2526,47,2830,2720,1341,2605
1456: 1580,1940,2023,133
1457: 97,908,1943
1458: 2880,2981,79,300,2848,2150
1459: 2116,1947,136,1092,3,1941
1460: 406,2897,1533,909,2950,2967,470
1461: 1734,1737,1665,2666,1949,202
1462: 656,1953,2218,2019,1785,1233
1463: 2215,669,1955,654,2061,2272
1464: 845,147,2969,1204,579,2901,2968
1465: 934,1764,1554,477,390,1471
1466: 670,416,318,1425,380,1557
1467: 1960,2635,1690,1568,1350,939
1468: 139,514,65,1026,1441,1283,129
1469: 1648,914,2858,2561,2557,2854,2796
1470: 1965,1491,2258,1647,2161,2282
1471: 390,284,1329,1347,1554,1465
1472: 2042,2295,142,2163,1448,1969
1473: 174,1306,2409,2165,717,1972,2137
1474: 143,2805,1290,798,2895
1475: 2573,260,2793,2915,2815,1319
1476: 2995,411,648,316,144,1396,563
1477: 392,545,1736,2576,1636,1977
1478: 1270,320,848,721,1240,145
1479: 1980,2533,2251,674
1480: 1153,2442,2253,1434,2543,1982
1481: 2176,665,552,1984,880,2788,2634
1482: 1185,755,1261,2923,845,2969,1714
1483: 1988,2583,1132,1946,4,1973
1484: 359,1911,943,491,915,887
1485: 832,751,1990,2438,1733,2367
1486: 714,1944,2333,486,1662,1993
1487: 2980,91,1275,788,334,1023,1089
1488: 2729,676,1996,175,1432,1573
1489: 2522,1998,328,2447,1249,350
1490: 1394,2000,1788,242,2603,2695
1491: 2004,2258,1470,2278,1647,2640
1492: 396,950,568,619,1155
1493: 2924,1197,562,1140,2908
1494: 1192,1051,679,2869,10,2856
1495: 370,1126,1386,1342,2996
1496: 2496,1762,2011,761,1963,2297
1497: 2638,2160,547,2014,1113,1223
1498: 1655,40,972,682,3019,383,1355
1499: 1022,583,150,491,752,500
1500: 1699,2979,2789,1247,2031,1510
1501: 399,1848,1811,1536,2728,978
1502: 645,1390,1262,868,2812,2907
1503: 683,2419,1720,2837,307,2982
1504: 435,2119,2443,2020,2630,2070
1505: 2091,2023,2649,1940,97
1506: 1292,1325,2827,2937,153,2944
1507: 288,2651,2026,623,2153,2515,855
1508: 2017,2591,1217
1509: 2352,458,49,2009,2030,2653
1510: 2031,1354,2708,1500,1247,2925
1511: 850,515,1356,1279,926,1274
1512: 1118,2169,2592,2033,2392
1513: 996,1100,1250,155,1259,1791
1514: 385,11,2568,1186,308,2643
1515: 2656,2228,1792,2037,2588,1326
1516: 89,797,336,157,1277,1343
1517: 243,2593,2025,2343,2040,2287
1518: 2157,2678,2092,769,2048,167
1519: 2874,1826,2823,2913,834,2791
1520: 158,2542,2068,766,2051,1221
1521: 465,226,2835,2887,2838,1749
1522: 2111,2056,2431,2220,1137,929
1523: 2336,2059,2187,1348,2106,36
1524: 2061,2613,2314,421,2238,694
1525: 1425,617,160,2748,1557,1561
1526: 140,155,630,1900,408,1919
1527: 161,620,1789,1709,2991,994
1528: 1112,689,1650,2290,271,1243
1529: 885,1596,162,387,2893
1530: 973,1370,2761,852,636,2599
1531: 94,1075,793,163,2989,1868
1532: 691,10,2856,2900,2876,2828
1533: 1460,909,2950,930,470,1331,475
1534: 2975,1709,1357,164,2909,620
1535: 2781,1374,2745,2743,2186,467
1536: 420,1811,692,1501,111,978
1537: 701,411,800,659,867,87,2964
1538: 2076,2280,1285,2507,1951
1539: 2191,2168,2028,2079,634,2160
1540: 172,1707,2238,2084,2288,694,2719
1541: 2195,1638,1367,2088,196,2247
1542: 991,2896,1401,710,695,179
1543: 1388,1746,2194,2092,2463
1544: 1409,2687,2693,2094,1589,2427
1545: 1675,2545,1790,2098
1546: 2100,180,1547,2481,413,1158
1547: 2100,2103,1585,1546,463,413
1548: 2211,1605,1393,2671,168,2106
1549: 374,931,238,400,902,1442
1550: 169,1258,2205,2602,2464,2110
1551: 1759,2668,932,481,144,563
1552: 1561,1408,698,2748,1416,936
1553: 1758,2607,2571,2226,2771,2086
1554: 881,1347,934,357,1465,1471
1555: 2727,1666,1129,2189,30,2118
1556: 2767,2209,1563,665,26,2121
1557: 1425,1525,2748,416,1466,1874
1558: 247,178,2888,3006,935,1378
1559: 2449,700,1581,2162,2124,2253
1560: 673,2915,2894,3016,864,3002
1561: 1453,1408,1552,1525,160,2748
1562: 1580,2158,2127
1563: 172,2132,2657,2209,1556,2121
1564: 927,1142,209,701,648,2964
1565: 370,1386,1827,1883,577,938
1566: 1613,2341,1972,2137,2012,2212
1567: 2320,1084,1364,393,2141,2307
1568: 939,858,2143,1960,1467,2498
1569: 183,2359,2146,2232,703,49
1570: 1278,911,420,722,1811,471
1571: 1967,2531,1808,2149,2204,940
1572: 941,1794,2558,2802,1775,1767
1573: 175,1634,12,1488,1996,1825,660
1574: 1376,2152,1703,2664,2390,106
1575: 1196,2731,2751,726,611,2983
1576: 758,1714,755,2911,177,1718
1577: 1398,117,1078,705,2903,1768
1578: 790,1098,2764,1918,688,2888
1579: 99,2157,942,2039,555,928
1580: 1562,1456,2158,133,706
1581: 1559,2449,1252,2018,2162,2501
1582: 790,2896,3006,450,179,2888
1583: 609,95,250,138,403,943
1584: 2167,2394,708
1585: 2100,2103,1547,2644,2305,1179
1586: 1084,1093,2141,2114,1778,2173
1587: 2196,2175,768,1029,2024,982
1588: 2330,621,712,2144,2179,25,569
1589: 2013,2181,412,2427,2687,1544
1590: 1384,2999,1219,884,2313,2183
1591: 927,209,2227,3007,469,1120
1592: 186,1421,946,1001,2843,2852,2962
1593: 2621,425,2187,407
1594: 259,2467,2361,1748,1987,2190,917
1595: 426,2050,2193,2182,1371,1173
1596: 885,1529,162,1610,3014,1330,711
1597: 1078,1627,705,2904,2938,2976
1598: 1665,2422,2312,2196,2326,768
1599: 2698,2198,2294,377,1413
1600: 2213,2333,2201,1993,1612,2222
1601: 3028,378,1088,949,1835,2985
1602: 548,1619,744,1115,1680,2912
1603: 2927,2985,949,1449,388,101
1604: 2332,2207,2527,2354,1687
1605: 1548,2211,2262,1205,728,2671
1606: 2167,2394,2213,753,2222,185
1607: 409,1135,952,1657,2736,1800
1608: 336,157,1620,1678,1167,432
1609: 1351,2219,2689,2618
1610: 186,2902,2852,3014,885,1596
1611: 749,433,989,2919,870,1110
1612: 2222,1625,2239,2245,2333,1600
1613: 2193,2341,1566,2212,2128,2225
1614: 625,2857,1339,1338,2600,2992
1615: 2706,632,2230,2164,1082,2444
1616: 2381,838,2532,719,1295,2233
1617: 1664,2763,737,2974,52,2916
1618: 1213,2364,789,2180,151,2235
1619: 1602,548,2860,2393,2912,2931
1620: 40,496,1167,432,436,1608
1621: 48,1799,2883,1194,722,2960
1622: 437,960,775,1796,1282,1628
1623: 378,2240,949,959,1838,1059
1624: 438,777,1414,1060,2734,3032
1625: 1612,187,2516,2239,2245,724
1626: 2399,818,2489,192,2248,22
1627: 1757,1597,2904,2976,930,2844,475
1628: 73,380,1251,960,1622,1282
1629: 1040,356,2728,23,1671,1344
1630: 441,1879,878,629,1868,163
1631: 2453,844,2255,2355,499,2684
1632: 1401,1222,2122,2973,991,1704
1633: 429,3033,839,1839,452,2731,726
1634: 2739,808,734,12,2871,1996,1573
1635: 1081,3005,195,1426,898,530
1636: 1477,545,2260,2021,2905,2699,1977
1637: 2262,715,315,1130,2717,2200
1638: 2195,1541,2005,508,2266,2247
1639: 964,934,1764,1206,733,1652
1640: 194,978,1671,111,2935,1373
1641: 2800,166,1015,2270,2005,254
1642: 1774,1441,338,816,1160,1283
1643: 730,2744,481,1330,711,1771
1644: 626,2838,1749,2795,2794
1645: 2154,2275,2041,197,283,2250
1646: 2703,2277,106,2089,1999,923
1647: 447,2640,1491,1470,2282,2611
1648: 1469,914,2858,369,2863,484
1649: 2601,886,2286,2669
1650: 1528,689,1190,2324,2276,2290
1651: 968,394,1946,1033,582,1209,2877
1652: 1928,3000,733,1389,1639,1206
1653: 2386,748,1090,537,2766,2724
1654: 1244,449,1309,549,1440,347
1655: 972,1498,682,3019,2357,257
1656: 2948,2721,1054,971,2131,688
1657: 409,2599,1607,251,2736,1370
1658: 2299,51,2013,2181,2082,2681
1659: 2451,2826,1682,143,271,2301
1660: 1664,736,1005,2763,863,732
1661: 450,1210,294,485,935,1777
1662: 2306,1993,974,1486,1944
1663: 1192,1381,112,82,2308,2773
1664: 2763,863,1660,1617,2978,2974,125
1665: 1734,1461,2666,1598,2422,2312
1666: 2727,1555,1800,1795,3030,2818,2118
1667: 2507,1951,224,2316,2520,1781
1668: 1781,2322,742
1669: 1929,498,1819,839,233,1856
1670: 605,740,2145,2497,2325,2060
1671: 194,1040,1629,1640,2728,978
1672: 931,2761,852,999,453,2665
1673: 2831,2829,1381,112,265,2926
1674: 1700,2332,741,207,2383,2626
1675: 1545,2334,2098,2293
1676: 1265,1217,2337,2375,53
1677: 2075,2097,1235,2429,574,2339
1678: 743,1167,1293,610,157,1608
1679: 203,2941,771,1062,2945,2780
1680: 1602,548,744,2729,676,1784
1681: 1016,2658,1780
1682: 1659,271,2301,2344,1069,2067
1683: 2347,494,1952,2379,1067,745
1684: 489,1314,803,1139,981,2879
1685: 2188,642,1824,205,1377,2918
1686: 2327,709,2351,2155,2385,1159
1687: 2626,1604,2332,2354
1688: 314,197,2469,2041,2363
1689: 2735,984,3033,114,726,611
1690: 187,2366,2661,1350,1467,2635
1691: 2676,2368,985,1961,1038,1695
1692: 1451,2229,572,2389,2384,2372
1693: 1151,2374,329,74,208,2142
1694: 2750,867,87,116,1334,987
1695: 2252,2378,748,1038,2368,1691
1696: 668,469,2936,3003,1737,1949
1697: 2954,1698,1193,804,2919,2994,211
1698: 2903,1697,1768,2954,989,2919
1699: 2979,2833,1238,459,1500,2789,154
1700: 2268,1674,207,323,2383,2482
1701: 1798,494,1952,2349,2087,2388
1702: 1314,981,1415,2274,1446,895
1703: 2319,2089,2664,461,2390,106,1574
1704: 1303,991,2637,3021,1222,1632
1705: 954,774,823,2820,211,804
1706: 2819,993,2216,4,428,1973
1707: 172,1540,2132,2397,2610,2084
1708: 56,752,2,1052,1027,988
1709: 1534,2975,1127,2991,620,1527
1710: 1235,478,2685,2400,2429,913
1711: 1271,995,2403,1976,1000,2243,725
1712: 2932,2876,754,770,57,2495
1713: 1014,856,2279,2889,2882,1147
1714: 758,845,147,1576,1482,755
1715: 1158,1307,2556,2407,1174,2259
1716: 2410,2439,756,1237,2488,325
1717: 996,723,765,598,1250,877
1718: 992,686,177,758,326,1576
1719: 1979,173,2416,687
1720: 683,2419,216,866,1503,2284
1721: 1417,999,2665,1834,780,439
1722: 2224,2421,1067,2064,571,815
1723: 1423,1962,379,2164,2423,2706
1724: 2862,446,1410,2273,2426,818
1725: 2745,410,759,781,2725,2742,467
1726: 1207,1399,372,432,436,218
1727: 595,327,2937,760,153,1189
1728: 2430,1007
1729: 2404,1042,2433,2015,6,1948
1730: 1413,1215,2367,2435,2554,832
1731: 2436,639,853,2743,2178,2472
1732: 2874,2787,119,2822,2688,993
1733: 2551,2439,2438,1237,1485,2367
1734: 1665,1461,2312,202,468,2441
1735: 763,2252,198,2378,2302,2443
1736: 1477,2576,2297,221,2445,1977
1737: 1461,1949,2448,202,1696,3003
1738: 2451,2301,2659,764,1385,2256
1739: 1208,2356,35,1396,666,3024,1154
1740: 1802,1860,1012,1926,1881,61
1741: 1860,2933,58,1923,998,843
1742: 1765,930,48,470,440,2883
1743: 123,2570,2456,858,2674,2562
1744: 847,2337,2536,487,2304,2460
1745: 2068,766,2942,310,298,2773
1746: 1543,1388,2663,2463,1227,1750
1747: 1447,328,2642,2465,1224,2492
1748: 2680,2518,2639,2467,1594,917
1749: 1644,2838,465,1521,2794,446
1750: 1227,921,2646,2470,1746,2663
1751: 501,181,2738,1853,3036,59
1752: 227,641,2500,2186,2472
1753: 2335,474,2803,2474,240,2329
1754: 85,760,15,736,1005,1072,2758
1755: 118,228,214,2122,2477,2281
1756: 633,3013,1163,1006,2977,1049
1757: 2947,1627,2904,2844,307,2982
1758: 862,1553,2571,2771,907,2655
1759: 1551,932,2884,244,1771,481
1760: 32,1407,1991,2490,650,1978
1761: 2493,527,230,1030,2263,2317
1762: 2496,1496,1994,761,2404,2433
1763: 2320,1093,2130,2141,2972,2946
1764: 1639,934,1465,733,495,477
1765: 1742,184,1009,127,440,2883
1766: 1235,478,2498,455,1299,2339
1767: 2802,958,1428,479,2910,1572,2558
1768: 2903,2954,1698,1577,1124,705
1769: 2504,480,944
1770: 2559,2071,2506,649,2202,1013,83
1771: 1759,2884,2952,1643,481,711
1772: 234,1071,1027,493,1366,2
1773: 2696,2792,2777,236,599,2797
1774: 1642,1441,1160,2970,235,2881
1775: 2802,484,2796,2677,914,941,1572
1776: 1015,508,2775,2774,2783,1968,980
1777: 881,935,964,1378,1661,485
1778: 423,894,2173,275,2114,1586
1779: 2245,714,1942,183,2146,2516
1780: 2680,2518,1681,2658
1781: 1668,2520,742,1667,224
1782: 2917,237,1335,1034,2928,1443
1783: 2085,2231,2353,968,255,2524
1784: 744,2729,1680,2528,54,1814
1785: 1028,2019,2530,2631,656,1462
1786: 445,2970,474,235,2803,2807
1787: 1798,2690,2535,1952,892,2567
1788: 1394,918,2715,1490,242,2625
1789: 161,682,1527,496,1036,994
1790: 1997,2545,2287,1545,2098,2343
1791: 497,551,1919,155,996,1513
1792: 2037,2549,662,2607,1515,2588
1793: 2410,1000,2551,725,2439,1958
1794: 941,2345,957,2414,1572,2694,2558
1795: 2727,1800,520,1666,3030,952
1796: 437,606,247,178,1622,1282
1797: 2642,918,2418,767,2465,2566
1798: 1787,1952,1701,2567,249,2349
1799: 1621,1436,1009,2883,722,471
1800: 1666,1795,2736,2818,2118,1607,952
1801: 505,1802,330,1935,1012,1859
1802: 1860,330,1012,252,1801,1740,2933
1803: 1361,506,2564,1163,817,1966
1804: 253,1361,506,2905,1286,2002
1805: 2034,2197,507,2777,213,62
1806: 2825,1175,130,1443,96,2810
1807: 2325,2575,2266,2247,2371,2060
1808: 1571,2691,2204,940,2210,2832
1809: 509,861,1312,2560,1971,2579
1810: 1974,2709,2584,1978,32,510
1811: 1570,911,399,420,1536,1501
1812: 2732,2808,592,584,1841,280
1813: 2784,1831,1128,1833,1891,637,269
1814: 54,2762,2726,2988,744,1784
1815: 979,188,600,1820,2733,3031
1816: 199,1844,727,972,1433,383
1817: 1869,624,41,1925,912,793
1818: 801,1837,1246,1827,1846,1845
1819: 839,233,1669,1417,439,452
1820: 979,1815,1202,716,3031,750,488
1821: 145,690,41,1925,721,443
1822: 750,680,302,418,716,1927
1823: 882,732,859,317,2759,1380,2768
1824: 704,205,356,23,2918,1685
1825: 171,1897,340,660,12,1573
1826: 1519,614,2823,2913,1303,442,2637
1827: 801,1818,370,1565,1883,1846
1828: 291,1831,1938,2990,238,1128
1829: 933,2722,3027,658,482,3015
1830: 114,2751,704,611,23,1344
1831: 1813,2990,1828,1128,615,1833
1832: 241,1845,128,1837,1216,376
1833: 1813,1831,615,269,159,1910,2851
1834: 1721,780,439,159,2990,615,1850
1835: 337,2927,1847,2985,1088,1601
1836: 876,1866,1018,779,490,64
1837: 916,1818,1246,1216,1845,1832
1838: 210,959,1059,523,1623,2240,1358
1839: 1924,1929,839,429,2765,1633
1840: 2722,3027,1854,462,787,246
1841: 521,280,264,1915,1812,584
1842: 501,109,1420,30,181,2118
1843: 135,2934,601,2738,1004
1844: 193,199,1892,1816,1851,1433
1845: 1846,241,460,1832,1837,1818
1846: 876,1845,460,1818,1827,1883
1847: 1835,1117,337,1088,500,566
1848: 399,1501,2735,114,2728,1344
1849: 1861,343,285,1899,1857,1852
1850: 809,233,159,615,1834,439
1851: 521,1863,193,199,280,1844
1852: 285,1899,2757,1165,1849,825
1853: 1264,3036,59,2740,3029,1751,2738
1854: 1840,462,983,317,319,2768,246
1855: 777,1060,1063,116,987
1856: 1881,809,498,233,1669,873
1857: 1933,343,1899,581,1849,355
1858: 98,189,319,490,2834,983
1859: 505,330,1801,16,1933,581
1860: 1802,1740,2933,1741,58,61
1861: 343,285,1849,19,608,1875
1862: 664,193,1892,299,19,1875
1863: 1904,521,1908,664,193,1851
1864: 806,212,2785,1906,979,188
1865: 553,1888,72,671,1926,873
1866: 1836,876,1018,511,460,1011
1867: 1882,376,1884,948,945,128
1868: 785,1879,1630,1531,163,2989
1869: 1917,690,624,41,1817,3026
1870: 954,1937,1923,504,1010,1232
1871: 1002,250,619,849,1272,396
1872: 241,511,128,1898,1902,1884
1873: 191,355,268,497,551,1894
1874: 869,416,2756,2748,1557,936
1875: 762,608,1892,1862,19,1861
1876: 299,34,268,554,1904,664
1877: 1196,1444,636,311,3018,783
1878: 956,590,2099,2891,2853,2692
1879: 785,585,878,1868,1630,969
1880: 9,1893,1910,553,2851,68,1888
1881: 61,498,873,1856,1926,1740
1882: 1896,1890,1884,100,948,1867
1883: 779,938,1565,1827,1846,876
1884: 1902,1882,100,1867,1872,128
1885: 98,189,577,718,2758,938
1886: 501,1420,759,59,2742,2616
1887: 1917,624,2989,107,785
1888: 1880,1893,553,1865,976,671
1889: 1198,713,206,312,0,1041,1024
1890: 1882,1896,948,107,1895,969
1891: 543,138,637,269,557,1813
1892: 193,1844,1862,1433,762,1875
1893: 1880,68,1888,302,976,1927
1894: 299,19,355,268,1873,343
1895: 1896,1890,1916,969,585,738
1896: 1882,1890,100,397,1895,1916
1897: 670,171,1825,869,416,340
1898: 1872,511,1011,1902,1019,483
1899: 678,1857,581,1849,825,1852
1900: 140,131,1526,34,554,1919
1901: 414,170,933,658,427,667
1902: 1884,100,1872,1898,1019,512
1903: 489,803,2528,54,2920,2939
1904: 1908,664,1863,1921,554,1876
1905: 2842,1214,707,52,2940,2016,3009
1906: 1864,212,2785,684,381,635
1907: 149,791,264,1930,3012
1908: 1904,521,1863,827,2966,1921
1909: 1021,483,1936,961,1018,1011
1910: 1880,269,557,2851,68,1833
1911: 359,55,1484,488,363,887
1912: 585,738,430,962,1922
1913: 1267,652,2811,2953,2955,2867,2890
1914: 8,986,550,256,512,397
1915: 264,1930,2966,521,1841
1916: 1896,397,1895,738,970,256
1917: 1869,624,1887,3026,948,107,945
1918: 437,108,688,178,2888,1098,1578
1919: 34,551,1791,155,1900,1526
1920: 2899,31,1049,2188,290,2147
1921: 591,131,827,1904,1908,554
1922: 962,684,381,1912,738,970
1923: 1937,1870,998,1741,1010,843
1924: 58,1929,1839,429,843,2765
1925: 41,1817,1821,495,443,477,912
1926: 1012,1740,72,1865,1881,873
1927: 976,281,418,1822,302,1893
1928: 3000,992,686,190,733,1652,2776
1929: 58,61,1924,498,839,1669,1839
1930: 791,1907,264,3034,1915,2966
1931: 1019,483,1936,955,391,8
1932: 680,543,796,302,557,68
1933: 1857,581,191,355,505,1859
1934: 1198,1301,713,3009,313,1201
1935: 505,1012,1801,723,72,765
1936: 105,1021,1931,483,1909,955
1937: 954,774,1923,1870,1050,998
1938: 2990,238,1828,374,780
1939: 482,335,3015,1061,795,2997
1940: 1456,1505,2023
1941: 3,2623,1031,1459,136,2155
1942: 1779,714,917,486,183,1987
1943: 908,2598,1457,97,1337,2091
1944: 1486,486,472,2639,974,1662
1945: 1285,487,2507,2316,451,776
1946: 2583,1483,394,1651,1033,4
1947: 2116,1459,1281,538,2341,2012,1092
1948: 6,2275,2041,2363,1729,1042
1949: 1737,1461,1391,2666,2778,668,1696
1950: 1427,7,2052,2624,924,1045
1951: 2507,1667,2520,42,2280,1538
1952: 1798,1683,1787,2535,494,1701
1953: 1462,1422,2218,1233,2523,837,2058
1954: 985,11,2568,2057,2360,2065
1955: 1412,654,2416,687,2272,1463
1956: 889,13,1353,2298,2622,990
1957: 982,136,2351,2116,113,2024
1958: 1215,499,1793,2551,725,2355
1959: 1070,2538,14
1960: 478,2685,1467,2498,2635,1568
1961: 985,2411,2057,1038,2038,1691
1962: 1723,2557,2291,379,2854,967,2423
1963: 1177,2576,503,2297,1496,2011
1964: 2066,20,2223,1085,2170,1176
1965: 2184,2258,1125,1470,2161,2424
1966: 2202,2486,1013,817,1803,506
1967: 2531,2622,990,1571,2149,2388
1968: 2783,2575,2266,508,1776,980
1969: 2170,2295,1448,1472,1982,146
1970: 2151,25,2713,2620,900,2144
1971: 2027,63,2579,509,1809
1972: 717,1566,2137,2012,1473,2409
1973: 993,4,1706,2688,1988,1483
1974: 2584,1810,1229,510,2432,2055
1975: 1359,953,2219,28,2689,2505
1976: 1284,1711,995,2403,854,2553
1977: 221,2699,963,1477,1736,1636
1978: 2709,1810,1007,32,1991,1760
1979: 1719,687,997
1980: 1479,947,2533,844
1981: 1079,516,638,1058,2074,2701
1982: 2543,1448,1969,1480,1434,146
1983: 2410,1000,2243,756,2399,192
1984: 2176,1481,2580,2634,1364,393
1985: 2456,872,2329,1421,240,2962
1986: 2717,1451,715,36,1157,2336
1987: 183,2190,2232,1594,917,1942
1988: 2688,559,1132,1483,1405,1973
1989: 38,1162,2265,431
1990: 2391,1485,751,2438,86,2537
1991: 2490,1760,466,2430,1007,1978
1992: 2072,1260,1057
1993: 2306,2201,1662,1486,2333,1600
1994: 1762,1008,761,2404,2487,1273
1995: 693,977,42,1170
1996: 1488,676,2871,1634,12,1573
1997: 43,2545,612,1172,1790,2287
1998: 1447,2522,2577,328,1489,2539
1999: 1068,2089,2148,529,923,1646
2000: 1394,1490,2673,2573,2603,1319
2001: 2127,173,2158,45,1184,2214
2002: 2509,83,1286,506,1804,1013
2003: 46,1307,860,228,2183,2477
2004: 1491,2258,677,2491,820,2278
2005: 2195,166,1638,1015,508,1641
2006: 2358,534,1209,2112,2877,1083
2007: 1191,2526,47,354,2713,1438
2008: 1016,2569
2009: 49,2030,1509,2359,258,1199
2010: 277,2401,582,2085,1017,297
2011: 1496,761,2566,2493,503,1963,2418
2012: 2341,717,1972,1566,1092,538,1947
2013: 1658,51,1404,1589,2181,412
2014: 1497,2638,2088,1223,2585,398
2015: 539,1729,1042,2433,306,2455
2016: 1301,3009,52,2940,737,1905
2017: 2322,1508,53,1217
2018: 2370,1581,2162,2501,544,1102
2019: 1028,259,2420,1785,2361,1233,1462
2020: 115,646,1504,2119,2630,151
2021: 203,2779,879,2260,545,1636
2022: 148,2177,578,2447,60,1249
2023: 1505,2649,1940,1456,133,2148
2024: 2311,113,1029,1587,982,1957
2025: 2153,243,1517,2593,546,1108
2026: 1507,1200,2340,288,855
2027: 1971,63,126
2028: 2376,266,2079,1539,2160,547
2029: 2479,1268,2591,2377,1217
2030: 2009,2474,2653,1509,2335,1199
2031: 1510,1354,874,2979,2587,1500
2032: 2072,1057,2385,273,76,1031
2033: 2093,588,2392,1512
2034: 1032,141,2048,1805,2197,507
2035: 1186,685,2643,905,1372,2104
2036: 2176,2806,552,1123,2769,922
2037: 1792,2668,932,2549,2228,1515
2038: 2386,1038,2786,5,2411,1961,1230
2039: 2157,1579,555,2184,2424,769
2040: 1517,2593,1172,2287,2534,404
2041: 1948,1645,2275,2363,1688,197
2042: 2163,1448,1472,2716,2269,558
2043: 605,2120,2145,1254,74
2044: 940,2210,559,1132,360,2531
2045: 1234,2519,792,1101,2428,1043
2046: 1136,84,560,2760,2895,798
2047: 649,2202,2464,2486,75,2110
2048: 769,2034,1032,167,2197,1518
2049: 2380,1066,561
2050: 426,2466,2623,1595,76,1173
2051: 2932,1221,2828,2495,1520,2542,1279
2052: 1950,2624,1108,473,2682,1045
2053: 837,2123,296,78,1267,2953
2054: 2437,2460,2264,2344,564,2536
2055: 2432,1046,2408,773,1974,1229
2056: 1522,2111,1082,1305,2473,929
2057: 565,985,2411,1961,1954,2568
2058: 2523,2446,1953,2420,1233,519
2059: 1523,2612,2187,1348,2596,407
2060: 2325,1807,544,2371,1670,740
2061: 2272,2314,1524,1463,2238,669
2062: 1077,2102,2261,424
2063: 2522,2577,1322,2503,80,2450
2064: 1722,1067,494,571,13,2087
2065: 2360,1053,1395,2676,985,1954
2066: 322,2389,20,1964,1176,572
2067: 689,2344,1682,271,2264,204
2068: 1520,1745,766,82,691,1221,2773
2069: 2437,451,1056,776,836,2648
2070: 2405,573,435,1504,2630,2235
2071: 2559,2525,1770,857,83,2434
2072: 1992,1057,2032,525,273
2073: 2581,86,2636,2537,1323,323
2074: 2521,1131,1058,1079,807,1981
2075: 1677,229,14,364,2097,574,2309
2076: 2191,165,2280,2633,1538,1285
2077: 2654,2550,88,28
2078: 1169,576,529,1187,2321,923
2079: 2376,339,2028,2191,1539,165
2080: 148,578,1195
2081: 347,2929,1320,91,1275,3020
2082: 2380,1066,270,2681,2299,1658
2083: 2177,92,1324
2084: 2238,419,669,1540,1707,2610
2085: 968,1783,2524,1017,582,2010
2086: 93,415,2588,2605,1553,2607,2771
2087: 990,2388,2064,494,1701,13
2088: 2638,1367,2014,1541,196,398
2089: 1703,1068,2319,1999,1646,106
2090: 1144,2234,812,2475
2091: 1337,1505,2649,576,97,1943
2092: 2678,644,1518,167,1543,2194,2463
2093: 2033,2285,588
2094: 2693,651,2641,292,2427,1544
2095: 200,1145,564,2536,847,2236
2096: 2125,612,1345,2608,2660,99
2097: 1677,14,2075,2485,1070,2429
2098: 2293,696,1545,1675,1790,2343
2099: 1878,590,2712,2891,2244,1148
2100: 1585,1546,180,1547,2644,2171
2101: 2515,828,855,102,953,2555
2102: 1077,2062,525,2261,273,1159
2103: 1585,463,1547,2305,697,2296
2104: 1372,367,103,1437,2035,2643
2105: 1226,1079,807,2790,309,2461
2106: 1523,2336,168,1348,1548,2211
2107: 1225,346,1234,594,2425,2117
2108: 2647,2390,2277,2307,702,1376
2109: 2581,1365,2412,365,274,1080
2110: 649,2464,2047,1550,2602,2506,2686
2111: 1522,643,2192,1082,2056,2431,2444
2112: 534,2006,1083,2912,1115,2166
2113: 1137,929,602,2479,1268,2662
2114: 702,966,275,1778,1586,1084
2115: 2487,2396,603,1273,2331,1107
2116: 113,1459,1281,1947,136,1957
2117: 2480,20,2425,1085,346,2107
2118: 109,2818,30,1842,1555,1800,1666
2119: 1504,2378,2443,115,2020,2368
2120: 1280,605,2043,287,402,1254
2121: 1384,2873,833,1556,1563,2657,26
2122: 2313,118,228,1755,1222,1632,2973
2123: 2523,837,1047,1086,2053,296
2124: 1559,2449,2253,2710,772,1434
2125: 612,1172,2096,2534,1296,99
2126: 120,1166,2273,2426,2403,2553
2127: 173,2001,1562,2158
2128: 1613,2193,2341,1092,426,3
2129: 121,2697,1419,2499
2130: 1093,1763,2617,2462,1256,2946
2131: 614,971,1098,442,688,1656
2132: 1563,172,2597,1707,2657,2397
2133: 2268,2207,207,2454,1228,1094
2134: 2552,1114,2772,616,2816,1129
2135: 476,2714,2843,123,2562,1439
2136: 1236,2300,2434,2525,2455,1095
2137: 1972,1566,2212,1473,174,2217
2138: 2707,137,1097,2901,2968,2824,540
2139: 2709,2584,126,1431
2140: 1118,618,2413
2141: 1586,2320,1567,1084,1093,1763
2142: 1693,2374,329,1252,2501,1101
2143: 1568,2570,858,2498,2541,1299
2144: 1588,621,1438,2713,1970,25
2145: 605,2043,1670,740,329,74,1102
2146: 183,1569,1779,2352,49,2516
2147: 1104,2779,879,2188,290,642,1920
2148: 1068,133,1999,2023,2649,529
2149: 2349,1967,1571,2388,2672,2204
2150: 622,1208,2744,2848,2880,1458
2151: 1327,2590,1970,25,1106,2620
2152: 1376,1574,2719,1454,2664,421
2153: 623,243,2025,546,1507,2651
2154: 2331,1645,2275,1107,2406,283
2155: 136,1686,2351,2385,1941,1031
2156: 1388,1108,404,473,2194,2593
2157: 2678,1579,942,1518,2039,769
2158: 1562,1580,2127,2001,45,706
2159: 2612,168,1348,628,2364,2180
2160: 1497,547,1539,2028,634,1113
2161: 2424,2282,1032,141,1965,1470
2162: 2370,1559,700,2018,1581,422
2163: 2042,142,1472,1130,2723,558
2164: 1423,1723,2706,1615,2444,784
2165: 1473,1306,2552,1114,2409,286
2166: 652,2811,2988,534,2112,1115
2167: 1584,2394,2213,1606
2168: 2191,1539,1363,2633,2285,634
2169: 1118,2413,1512,2592,287,402
2170: 2295,1969,2223,146,1964,1176
2171: 2100,180,2644,2669,2670,1392
2172: 2638,1367,547,266,638,965
2173: 423,1778,2617,1586,1093
2174: 2627,2706,632,2508,1122,2423
2175: 2196,2330,1587,712,982,2327
2176: 1481,2036,552,1123,2580,1984
2177: 148,2022,2083,1249,1324
2178: 639,1731,286,853,1369,1114
2179: 2590,25,1588,424,569
2180: 2364,1618,151,1393,2203,2159,168
2181: 1658,1589,2013,2687,944,2681
2182: 1371,2641,2193,1595,640,2225
2183: 2313,228,884,46,2003,1590
2184: 1965,1125,555,373,2039,2424
2185: 2958,905,1372,158,766,2942
2186: 2743,2472,1374,1535,1752,641
2187: 1523,2059,425,1593,36,407
2188: 642,2147,1685,2899,1377,1920
2189: 30,897,1369,1555,1129,2772
2190: 1987,2232,519,1594,2420,2361
2191: 2076,1539,165,2633,2168,2079
2192: 643,2111,2659,2431,245,1385
2193: 1613,2128,426,1595,2225,2182
2194: 1543,1388,2156,404,644,2092
2195: 1541,166,1638,965,2005,1367
2196: 2326,1587,621,712,2175,768,1598
2197: 2034,2048,167,1805,2402,62
2198: 1599,377,947
2199: 1393,646,2203,2671,1053,1395
2200: 2717,2229,663,142,1130,1637
2201: 2306,1993,2213,1600
2202: 649,2486,1013,2047,1966,1770
2203: 1393,646,2199,2180,151
2204: 2672,2691,650,1808,1571,2149
2205: 1550,169,292,2602,412,2427
2206: 2521,1131,2648,836,2468
2207: 2133,1604,2332,207,2527,1094
2208: 1409,821,2693
2209: 2767,2288,1556,1563,172
2210: 940,2583,1132,2044,1808,2704,2832
2211: 1548,2262,1605,715,2336,2106
2212: 1613,1566,2137,1133,2217,2225
2213: 2167,1606,1600,2201,2222
2214: 2272,1184,2314,173,2416,2001
2215: 1463,697,419,669,2702,654
2216: 2819,993,2393,1706,720,119
2217: 1133,1258,174,2137,2212,672
2218: 656,1462,1422,2440,2246,1953
2219: 1609,28,2689,1975
2220: 1522,2431,2471,1137,1145,293
2221: 719,561,1138,2346,2348,1203
2222: 1612,185,2239,2213,1606,1600
2223: 2710,1085,661,146,2170,1964
2224: 2670,2421,1722,2481,180,815
2225: 1133,640,1613,2193,2212,2182
2226: 662,1553,1439,2607,2571,1316
2227: 182,1591,3007,2448,469,3003
2228: 2656,927,1142,1515,2668,2037
2229: 2717,1451,1692,2200,663,572
2230: 2473,632,333,1615,1266,1082
2231: 1783,255,2524,510,1143,2432
2232: 183,1987,2190,519,1569,703
2233: 1616,2381,838,746,539,1095
2234: 2090,2596,2612,628,2475,587
2235: 2630,789,1618,151,2070,573
2236: 847,2377,1265,2471,1145,2095
2237: 2685,2635,2366,185,753,913
2238: 2084,669,2061,1524,694,1540
2239: 1612,187,2366,2222,1625,185
2240: 1623,378,104,1181,1358,1838
2241: 174,1306,2711,672,384,75
2242: 213,1003,2821,62,1147,2279
2243: 1000,1983,192,1166,1711,2403
2244: 385,565,1148,1437,2712,2099
2245: 1779,714,2333,1612,2516,1625
2246: 656,297,2440,2218,1149,2328
2247: 2325,2266,1807,1541,1638,196
2248: 2399,1626,1288,607,1099,22
2249: 1313,2563,2478,1254,2459,1151
2250: 283,1645,197
2251: 2533,1164,303,2267,1479,674
2252: 1735,198,1695,2378,2724,748
2253: 1559,700,2124,1480,1153,1434
2254: 219,1162,2514,675,2435,2294
2255: 2453,1253,2533,844,1164,1631
2256: 200,293,1069,2659,1738,2301
2257: 2621,425,1157,2372,747
2258: 1965,2004,1491,1125,1470,677
2259: 1174,815,2292,2481,1158,1715
2260: 1104,2779,2021,253,2905,1636
2261: 2062,2102,1159,424,569,709
2262: 2211,1637,1605,1205,715,315
2263: 1177,503,681,1761,2493,527
2264: 2437,2054,1056,204,2344,2067
2265: 1989,1162,741,675,431
2266: 2575,1807,2247,1968,1638,508
2267: 303,2586,2450,80,2251,1164
2268: 2133,1700,207,1228,865,323
2269: 558,2984,613,2958,2042,2716
2270: 2800,2701,166,1641,3004,516
2271: 2478,208,814,2457
2272: 2061,2314,2214,2416,1955,1463
2273: 1724,1166,2126,2426,818,2489
2274: 210,2921,1446,802,981,1702
2275: 6,1948,1645,2154,2041,1107
2276: 689,1231,1650,2324,2415,204
2277: 1646,2390,2703,106,702,2108
2278: 1187,2640,2491,1169,2004,1491
2279: 1713,2889,2797,213,2242,1147
2280: 2076,2633,1538,1951,42,1170
2281: 118,1755,214,1452,389
2282: 2161,141,1470,1647,1411,2611
2283: 2544,1379,2650,2452,1171
2284: 1182,2540,2578,1720,216,866
2285: 2093,634,588,1363,2168
2286: 822,448,2669,1649
2287: 1997,1172,1790,1517,2343,2040
2288: 2767,2209,694,2719,1454,172,1540
2289: 2466,1260,2494,1173
2290: 1528,1112,1190,1650,69,731
2291: 1962,967,2423,2340,217,1122
2292: 1174,571,2259,889,815,2606
2293: 2334,1333,2098,1289,696,1675
2294: 2698,1599,1413,2435,219,2254
2295: 2170,142,1472,1969,663,1176
2296: 697,419,2103,463,2667,2610
2297: 1736,2576,1963,2445,2496,1496
2298: 1353,1956,2622,2930,220,360
2299: 1658,51,2362,2365,270,2082
2300: 221,2445,1236,2136,306,2455
2301: 2451,1682,1738,1659,2256,1069
2302: 1735,763,435,2412,2443,1178
2303: 1153,201,2926,700,422
2304: 487,224,2316,2337,2375,1744
2305: 2103,1585,1419,1179,697,2702
2306: 2201,1662,1993
2307: 2647,702,2108,1567,1084,1364
2308: 310,201,2951,2773,1663,112
2309: 1180,896,574,229,2075,1418
2310: 786,1047,2446,2359,703,258
2311: 113,227,641,2024,1029,1391
2312: 1734,1665,1598,2441,1191,2326
2313: 228,2183,2122,2973,1590,2999
2314: 2061,2272,2613,1184,1524,2214
2315: 229,2538,364,2632,1362,2629
2316: 487,1945,2507,2304,1667,224
2317: 2418,2673,767,1761,2493,230
2318: 1186,308,2350,2723,558,685
2319: 45,1703,1068,2089,706,461
2320: 231,1567,1763,393,2141,2972
2321: 1187,923,966,2395,2078,2703
2322: 2017,742,53,1668
2323: 708,324,2400,913,2394,753
2324: 309,1190,1231,1650,2276,2461
2325: 1807,2247,2060,1670,196,2497
2326: 2196,621,1438,1191,1598,2312
2327: 982,709,1686,2351,2330,712,2175
2328: 1149,239,1046,2530,656,2246
2329: 872,1985,1753,2474,925,240
2330: 1588,712,2175,2327,709,569
2331: 2154,1107,2115,603,1195,2406
2332: 1604,1674,2207,207,1687,2626
2333: 2245,714,1486,1993,1612,1600
2334: 454,1333,2293,1675
2335: 1025,1199,1753,474,2474,2030
2336: 1523,2106,1986,2211,715,36
2337: 847,1265,2375,1676,1744,2304
2338: 854,2553,904,120,242,2625
2339: 1180,455,574,1235,1766,1677
2340: 1200,288,2417,217,2026,1122,2291
2341: 1613,1566,2012,1092,2128,1947
2342: 910,861,2560,1016,2658
2343: 243,1517,1790,2287,2098,696
2344: 564,1069,1682,2054,2264,2067
2345: 764,245,957,2414,1385,1794
2346: 314,2348,2221,1203
2347: 1683,2535,321,2476,2379
2348: 314,2346,2469,2381,2221,719
2349: 2149,2388,1798,1701,249,2672
2350: 308,2318,2723,2458,1205,315
2351: 982,2327,136,1686,2155,1957
2352: 458,49,724,1509,2146,2516
2353: 2704,968,394,1783,255,2832
2354: 1604,1687
2355: 2453,1631,725,1271,499,1958
2356: 730,622,1739,1208,316,35,1396
2357: 1655,1089,1321,3019,3023,257,334
2358: 1091,2401,534,1209,2006,2890
2359: 1569,703,2310,258,49,2009
2360: 1053,2065,2458,11,1954,728
2361: 259,2019,2467,1594,2420,2190
2362: 1211,735,2299,51,2365
2363: 1948,2041,1042,746,1688,2469
2364: 628,1213,2180,1618,2159,168
2365: 2532,1295,735,2362,2299,270
2366: 187,1690,185,2239,2237,2635
2367: 1215,1730,1733,2551,832,1485
2368: 115,2676,1691,1695,2119,2378
2369: 145,690,739,320,916,1216
2370: 2018,2162,422,544,2371,265
2371: 2575,1807,544,2060,265,1048,2370
2372: 2257,1157,1451,1692,2384,747
2373: 2391,2383,2514,675,751,741
2374: 1693,208,2142,792,2457,1101
2375: 2337,1676,742,53,2304,224
2376: 1131,266,339,1058,2028,2079
2377: 2236,1265,2471,2029,1268
2378: 1735,2252,1695,2119,2443,2368
2379: 321,1218,2382,745,1683,2347
2380: 2049,1066,561,270,2082,1138
2381: 1616,719,746,2233,2469,2348
2382: 1218,886,2379,464,745
2383: 2391,2373,2482,1700,741,1674
2384: 747,1220,2389,1692,2372
2385: 1686,2155,273,1159,1031,2032
2386: 748,1653,1038,1090,2038,2786
2387: 899,1182,2540,365,274,2502
2388: 2349,1967,990,2087,2149,1701
2389: 2066,322,1220,1692,572,2384
2390: 2277,106,2108,1703,1376,1574
2391: 2373,2383,2482,751,1990,86
2392: 2033,588,1113,1223,1512,2592
2393: 2819,2216,2912,720,2931,1619
2394: 1584,2167,1606,753,708,2323
2395: 1187,2321,966,447,275,2640
2396: 1224,2115,2487,603,2492,60
2397: 2597,1707,2565,2132,2667,2610
2398: 1225,835,594
2399: 192,1626,1288,2248,756,1983
2400: 324,2485,2323,2429,913,1710
2401: 1091,2358,277,582,1209,2010
2402: 2463,1227,2821,62,167,2197
2403: 1711,1976,2553,1166,2126,2243
2404: 1729,2433,1762,1994,1273,6
2405: 1228,865,2070,573,2574
2406: 283,2331,2154,1195
2407: 1307,1715,1174,1397,214,2477
2408: 239,1046,2055,1229,63,509
2409: 1473,2165,286,2547,717,1972
2410: 1793,1000,1716,2439,756,1983
2411: 565,1961,2057,1148,1230,2038
2412: 763,2302,274,1080,1178,2109
2413: 1118,2140,618,2169,2459,287
2414: 764,2345,1794,2558,2805,1290
2415: 1056,836,2468,204,1231,2276
2416: 1719,173,687,1955,2272,2214
2417: 2340,288,1121,217,924,7
2418: 1797,2317,767,2493,503,2011,2566
2419: 1720,2844,866,307,1503,352,1331
2420: 2019,2361,1233,2058,2190,519
2421: 2670,2224,464,1722,1067,745
2422: 1665,1029,1391,2666,1598,768
2423: 1723,1962,2291,1122,2174,2706
2424: 2161,769,1032,1965,2184,2039
2425: 2428,1085,661,1234,2107,2117
2426: 120,1724,2695,1410,2126,2273
2427: 1589,412,292,2205,2094,1544
2428: 772,2425,661,1043,1234,2045
2429: 2485,2400,1235,1710,1677,2097
2430: 466,2609,1728,1991
2431: 1522,2192,2111,2659,2220,293
2432: 773,2055,510,1974,2231,2524
2433: 1729,2404,306,2015,2496,1762
2434: 2509,83,1236,2136,2525,2071
2435: 1413,1730,832,2514,2254,2294
2436: 639,1731,2743,2742,467,2616
2437: 2054,1056,776,2460,2264,2069
2438: 1237,2537,1297,1733,1485,1990
2439: 1733,1793,2410,2551,1716,1237
2440: 2705,297,1422,2246,2218,277
2441: 1341,468,1191,47,1734,2312
2442: 1480,1153,1300,2951,2543
2443: 1735,435,1504,2119,2378,2302
2444: 643,2111,1082,1615,2164,784
2445: 221,2300,1736,2297,2496,306
2446: 2523,1047,2058,2310,519,703
2447: 2492,60,328,1489,1249,2022
2448: 202,2675,182,2227,3003,1737
2449: 1559,1252,1581,2124,772,1043
2450: 350,2267,2586,2522,2063,80
2451: 1738,143,1659,1290,2301,764
2452: 304,2548,373,2283,1171
2453: 1253,2255,1631,2355,1271,2483
2454: 789,1228,573,1094,2512,2133
2455: 539,306,2015,1095,2300,2136
2456: 123,1743,872,2674,1985,1421
2457: 792,2271,2374,208
2458: 308,2350,11,1205,728,2360
2459: 618,2413,287,1313,2249,1254
2460: 2437,2054,776,1744,2536,487
2461: 309,1231,2324,807,2105
2462: 599,1311,2617,236,2130,1256
2463: 1227,2402,2092,167,1543,1746
2464: 672,75,2110,2047,1550,1258
2465: 1008,2566,2642,1797,1747,1224
2466: 76,2050,1260,1057,1173,2289
2467: 259,456,1594,2361,2518,1748
2468: 836,2415,1231,2521,2206,807
2469: 314,1688,2348,2381,746,2363
2470: 2663,2682,1750,2646,874,2587
2471: 1137,1268,2220,2236,2377,1145
2472: 1731,853,2743,2186,1752,2500
2473: 2230,1305,1266,929,1082,2056
2474: 2030,2653,925,2335,1753,2329
2475: 812,1291,341,587,2090,2234
2476: 321,2690,2347,2535
2477: 228,1755,214,1307,2407,2003
2478: 2563,2271,2249,1151,208
2479: 2029,602,1268,2113,2591,401
2480: 2117,1304,322,20,346,2517
2481: 2224,1546,180,1158,2259,815
2482: 2391,2383,323,86,1700
2483: 1271,1284,995,2503,2453,1253
2484: 1180,896,907,2655,2830,2720
2485: 324,2400,1070,2429,2097
2486: 2202,384,75,2047,817,1966
2487: 1224,2115,2396,1273,1008,1994
2488: 1430,325,2511,2839,1288,1716,756
2489: 818,192,1626,1166,2273
2490: 2672,1991,650,1760,466,249
2491: 2598,820,1337,1169,2004,2278
2492: 2447,1224,2396,60,1747,328
2493: 1761,503,2263,2418,2317,2011
2494: 821,1371,651,1173,2289
2495: 1274,57,2051,2932,1712,1279
2496: 1762,1496,2297,2445,2433,306
2497: 1280,605,1670,196,398,2325
2498: 478,1960,1766,1568,2143,1299
2499: 822,448,1179,2129,1419
2500: 1752,227,1281,538,853,2547,2472
2501: 1252,2018,1581,329,1102,2142
2502: 1182,274,2387,763,824,198
2503: 1322,1284,2483,2063,80,1253
2504: 1769,944,1066,2681
2505: 2627,333,28,1359,1975,88
2506: 2559,1211,1770,2686,649,2110
2507: 1285,1945,1951,1667,2316,1538
2508: 828,1359,1200,1122,2174,2627
2509: 83,1236,1286,2434,963,2002
2510: 339,2648,1285,451,165
2511: 899,2839,1328,1288,607,2488
2512: 341,1094,587,1213,789,2454
2513: 2696,2792,423,894,1411,2611
2514: 832,2373,675,751,2435,2254
2515: 2101,855,1289,2555,623,1507
2516: 1625,2146,2245,1779,2352,724
2517: 346,1304,2480,2546
2518: 2680,1780,1748,2658,456,2467
2519: 1234,835,594,792,2045
2520: 1781,1951,1667,977
2521: 1131,1058,2206,2074,2468,807
2522: 2063,2577,1998,1489,350,2450
2523: 837,1047,2446,2058,2123,1953
2524: 2085,2231,1783,2432,1017,773
2525: 857,2071,2434,2136,1095,838
2526: 1455,47,2720,354,2614,2007
2527: 1291,341,1094,1604,2207
2528: 2729,1784,54,489,1903,1432
2529: 841,262,1073,261,312,0
2530: 1312,2631,239,2328,656,1785
2531: 1967,2622,1571,940,360,2044
2532: 1616,2365,719,1295,270,1138
2533: 2251,844,1164,2255,1479,1980
2534: 1296,644,2125,1172,2040,404
2535: 1787,2690,2347,1952,2476
2536: 564,2095,847,1744,2054,2460
2537: 2438,86,2636,2073,1297,1990
2538: 14,2315,364,1959,2629
2539: 1447,2577,1998,2625,2715,904
2540: 2284,899,1182,1328,2578,2387
2541: 862,2571,1316,2570,2143,1299
2542: 158,1520,367,2051,850,1279
2543: 1448,2716,1982,1480,2442,1300
2544: 2283,1379
2545: 43,1997,1790,1545
2546: 2517,1304
2547: 286,853,538,2500,2409,717
2548: 304,555,2452,1403,928,373
2549: 1792,2714,932,244,2037,662
2550: 1305,2654,2077,1382,1266,2662
2551: 1733,1793,2439,1215,2367,1958
2552: 1306,2711,1114,2772,2165,616,2134
2553: 2403,1976,854,2338,120,2126
2554: 1413,1215,499,1730,2684,377
2555: 1333,2594,1289,2101,2515,102
2556: 2604,413,1158,1307,860,1715
2557: 1962,379,2854,967,2796,1469
2558: 2414,1572,1794,1767,479,2805
2559: 1211,735,1770,857,2071,2506
2560: 2342,910,861,1312,1809,2631
2561: 1469,1346,2858,1121,382,2854
2562: 1439,1316,123,2570,1743,2135
2563: 1313,2249,2478,814
2564: 1803,1163,975,1006,1435,817
2565: 2597,2667,2397,2604,46,860
2566: 2465,1008,2011,761,2418,1797
2567: 466,2609,892,249,1798,1787
2568: 385,565,1514,11,1954,2057
2569: 2008,1016,2579,861
2570: 858,1743,2143,2562,1316,2541
2571: 1758,862,1553,2226,1316,2541
2572: 118,1222,389,2791,1303,2913
2573: 230,1475,2793,1319,2000,2673
2574: 1323,1080,865,2405,1178
2575: 2783,2266,1807,1968,2371,1048
2576: 392,1477,1177,1736,1963,2297
2577: 2522,2063,1998,2539,1322,904
2578: 2284,2540,1328,866,1340,2846
2579: 1971,861,1809,2569
2580: 2176,1123,1984,2600,231,393
2581: 1365,2636,2073,2109,1323,1080
2582: 1350,939,872,2674,2615,925
2583: 2210,1132,1483,1946,2704,394
2584: 2139,1974,2709,126,1810,1229
2585: 1280,398,1223,2014,2592,402
2586: 350,92,303,2267,1324,2450
2587: 2979,124,2470,2646,2031,874
2588: 415,2086,1326,1792,2607,1515
2589: 2700,875,2632,2620,1362,900
2590: 2619,1327,2151,2179,25,424
2591: 401,2029,2479,1508
2592: 2169,1512,402,2392,1223,2585
2593: 1517,2025,2040,2156,1108,404
2594: 454,1333,2555,2652,1351,102
2595: 2654,1382,883
2596: 1144,2234,407,2059,2612
2597: 2565,2132,2657,2397,884,46
2598: 908,2491,2628,820,1943,1337
2599: 409,3018,1657,1530,1370,636
2600: 1123,2580,231,1338,625,1614
2601: 1649,1218,886
2602: 1550,2205,2110,2686,1404,412
2603: 2695,1410,888,1319,2000,1490
2604: 413,2556,860,463,2565,2667
2605: 93,1341,2086,2771,907,1455,2830
2606: 1174,889,1353,2292,1397,2679
2607: 662,1553,2226,1792,2588,2086
2608: 1345,43,612,2096
2609: 466,892,2567,2430
2610: 1707,2667,2397,2084,419,2296
2611: 2513,894,1411,447,1647,2282
2612: 2159,2059,1348,628,2234,2596
2613: 1184,2314,2664,1524,461,421
2614: 2526,2720,354,896,2700,1418
2615: 458,2661,2653,925,1350,2582
2616: 2436,639,2742,1420,1886,897
2617: 2792,423,236,2173,1093,2130,2462
2618: 2652,1351,1609
2619: 2590,424
2620: 1106,875,2589,900,2151,1970
2621: 425,2257,1593
2622: 1967,2531,990,1956,2298,360
2623: 426,3,76,1941,1031,2050
2624: 1427,1354,874,1950,2052,2682
2625: 2539,242,1788,2715,904,2338
2626: 431,1687,2332,741,1674
2627: 2174,632,2505,333,2508,1359
2628: 908,368,1379,2598,2650,820
2629: 1360,2538,2315,2632
2630: 151,2235,2020,1504,2070
2631: 910,1312,2560,2530,1028,1785
2632: 875,2589,1362,2315,1360,2629
2633: 2076,2191,1363,2280,2168,1170
2634: 880,2788,2647,1364,1481,1984
2635: 2237,2685,1960,1467,1690,2366
2636: 2581,1365,1430,2073,2537,1297
2637: 2764,1303,442,1704,3021,1826,2913
2638: 1497,1367,2172,2088,547,2014
2639: 472,2680,1748,917,1944,486
2640: 2278,1187,447,1647,2395,1491
2641: 2182,1371,651,2094,640,292
2642: 918,2715,1797,2465,1747,1447
2643: 1186,2035,2104,1437,385,1514
2644: 2100,1585,2171,448,2669,1179
2645: 449,1440,3005,3022,530,826
2646: 921,1750,2845,2470,124,2587
2647: 2307,2108,1376,2788,2634,1364
2648: 1131,339,2510,2206,451,2069,836
2649: 1505,2091,2023,576,529,2148
2650: 1379,2628,820,2283,1171,677
2651: 1507,288,924,1045,2153,546
2652: 2618,454,2594,1351
2653: 458,2615,2474,2030,1509,925
2654: 2077,2550,1382,2595
2655: 1180,455,907,2484,1758,862
2656: 927,182,2228,1515,3007,1326
2657: 1563,2597,2132,884,1384,833,2121
2658: 1016,1681,2342,910,456,1780,2518
2659: 2192,2431,1385,293,2256,1738
2660: 1403,928,1345,2096,99
2661: 458,2615,724,187,1690,1350
2662: 929,602,2113,1305,2550,1382
2663: 2470,1388,473,1746,2682,1750
2664: 2613,461,421,1703,1574,2152
2665: 374,931,999,1721,1672,780
2666: 1665,1461,1391,2422,2778,1949
2667: 2565,2397,2610,2296,463,2604
2668: 1551,932,2037,563,1142,2228
2669: 2286,448,1649,2644,2171,1392
2670: 2224,464,2421,1392,180,2171
2671: 1393,2199,1053,1548,1605,728
2672: 2490,650,2204,249,2349,2149
2673: 1394,2000,2317,767,2573,230
2674: 2456,939,858,1743,872,2582
2675: 2448,93,202,415,468,1326,182
2676: 115,1395,2065,2368,1691,985
2677: 1423,379,2796,941,2694,1775
2678: 1296,2157,644,942,1518,2092
2679: 528,1452,2930,2718,1353,2606,1397
2680: 472,1780,2518,1748,2639
2681: 1066,2082,1658,2181,944,2504
2682: 2470,473,2663,874,2052,2624
2683: 1345,1403
2684: 499,2554,844,1631,377,947
2685: 478,2237,1710,1960,2635,913
2686: 1211,2506,649,2110,2602,1404
2687: 1409,480,1544,944,1589,2181
2688: 1988,1405,2822,1732,993,1973
2689: 1351,1609,2219,1975,102,953
2690: 1787,2535,2476,1406,892
2691: 1407,650,2204,1143,1808,255,2832
2692: 2853,2809,890,1096,1878,590
2693: 821,651,2094,1409,2208,1544
2694: 784,941,957,1794,1423,2677
2695: 120,242,2603,1410,2426,1490
2696: 1773,2513,2792,1411,2777,507
2697: 121,2129,1412,1419,654,2702
2698: 1599,2294,219
2699: 1286,963,1977,2905,1636
2700: 1418,2589,1362,900,354,2614
2701: 166,965,2270,638,516,1981
2702: 697,2215,2697,1419,654,2305
2703: 1646,2277,702,2321,923,966
2704: 2353,394,2832,2210,2583
2705: 1422,2440,78,1091,2867,277
2706: 2174,632,1615,1723,2164,2423
2707: 1292,1424,1097,2138,2824,351
2708: 1427,1510,1354,382,2925,1346
2709: 2139,2584,1810,1007,1978,1431
2710: 2223,772,1434,661,146,2124
2711: 1306,2552,2241,616,1435,384
2712: 103,1437,515,2099,2891,2244
2713: 354,2007,900,2144,1438,1970
2714: 476,244,2135,2549,662,1439
2715: 2642,918,1788,1447,2539,2625
2716: 2042,2543,1448,1300,613,2269
2717: 1451,2229,1986,2200,1637,715
2718: 1064,528,1452,389,834,2791,2679
2719: 2288,694,2152,1454,421,1540
2720: 2526,1455,2830,2614,896,2484
2721: 2948,1656,808,734,3008,444,971
2722: 3027,1840,1829,787,951,267,3015
2723: 2318,1130,2350,558,2163,315
2724: 824,2252,198,748,1653,2766
2725: 759,781,1074,410,1725,1161
2726: 139,54,1814,2762,1026,2939
2727: 1555,2816,502,1666,1129,1795,3030
2728: 1629,978,1671,1344,1848,1501
2729: 1488,676,1680,1784,2528,1432
2730: 67,134,1061,795,3035,1239,794
2731: 1575,726,2983,122,452,1633
2732: 2808,1105,1812,1239,584,134,532
2733: 1259,1815,600,110,3031,408,71
2734: 438,601,400,1624,3032,135,902
2735: 984,593,1689,114,399,1848
2736: 251,699,2818,1607,1657,1800
2737: 778,1063,116,893,1103,1302
2738: 1751,181,1004,601,1853,3036,1843
2739: 1152,1634,567,734,12,171
2740: 1853,1334,1264,3036,987,282,1060
2741: 1139,175,810,2879,2749,660
2742: 2436,467,2616,759,1725,1886
2743: 2436,1731,2186,2472,467,1535
2744: 730,622,1643,1330,2150,162,2848
2745: 2781,1450,1535,410,1725,467
2746: 504,2754,1232,1436,471
2747: 801,920,1087,627,2996
2748: 1525,1557,1874,1561,1552,936
2749: 1287,457,340,660,2741,810
2750: 1429,659,1694,87,331,116,1302
2751: 1196,1575,704,1830,1444,611
2752: 176,962,988,493,2
2753: 396,950,799,337,2927
2754: 593,223,1232,2746,911,471
2755: 956,1356,926,1207,830,2971
2756: 869,457,1874,44,104,936
2757: 1165,825,1852,749,433
2758: 1885,577,718,1754,15,1072
2759: 1823,859,317,2768,1301,313
2760: 1136,560,261,2046,2770,262
2761: 852,453,1672,1530,636,311
2762: 139,2811,1814,2726,2955,2988
2763: 1664,737,732,1660,859,1617
2764: 790,1098,1578,442,2637,3021
2765: 429,1010,757,843,1924,1839
2766: 1653,537,683,216,824,2724
2767: 880,2288,2209,1556,1454,665
2768: 313,1201,246,1823,317,2759,1854
2769: 2036,552,922,26,2873,1111
2770: 69,533,262,1136,2760,1112
2771: 1758,1553,907,2605,2086,2830
2772: 2552,1114,2134,2189,1369,1129
2773: 310,2308,1663,82,1745,2068
2774: 1175,2775,130,1015,1776,254
2775: 305,1175,2774,1776,980,2813
2776: 1928,190,733,495,443
2777: 2696,1773,1805,507,213,2797
2778: 1391,2666,1949,1374,668,641
2779: 1104,879,2260,2021,2147
2780: 392,545,681,203,1679,1062
2781: 1450,1374,668,2745,1535,2936
2782: 295,647,278,156,152,937
2783: 2575,1968,1048,1776,2831,980
2784: 1813,1128,2922,225,637,1150
2785: 1864,806,819,176,1906,684
2786: 2386,2799,1090,2038,5
2787: 405,2874,1134,1732,119,2823
2788: 1376,880,1454,2634,2647,1481
2789: 1699,2833,1500,1247,597,154
2790: 1226,1079,18,3004,516,2105
2791: 2718,389,834,2572,1519,2913
2792: 2696,1773,2513,423,2617,236
2793: 2573,230,1030,260,1475
2794: 818,2795,22,1644,1749,446
2795: 1099,2794,22,2849,1644,626
2796: 2557,379,2677,1469,914,1775
2797: 599,2279,2889,1773,2777,213
2798: 1219,77,1188,2847,710,831
2799: 1183,1090,2786,5,2840,279
2800: 2270,1641,254,3004,1034,2928
2801: 786,1086,65,517,2986,129
2802: 2864,1775,484,1428,1767,941,1572
2803: 1753,474,1786,2807,1001,240
2804: 1238,459,813,2845,1424,351
2805: 1290,1474,2414,2558,479,2878,2895
2806: 2036,1123,922,1262,625,2812
2807: 186,2902,1001,1786,235,2803
2808: 2732,1076,513,1105,1812,592
2809: 1263,279,890,1096,2875,2692
2810: 305,2861,1175,1368,1806,96
2811: 2166,1913,652,2762,2955,2988
2812: 1502,1262,625,868,2857,2806
2813: 2829,1051,679,980,305,2775
2814: 1030,260,2935,729,1373,3002
2815: 673,2915,2836,1475,888,1319
2816: 2727,975,502,1129,616,2134
2817: 237,898,3017,1226,589,18
2818: 109,2118,2736,699,1800,1666
2819: 2393,2216,1706,1083,428,2912
2820: 1705,823,2954,804,1124,184,127
2821: 1003,1227,921,2242,2402,62
2822: 1064,834,2688,1405,2874,1732
2823: 405,2874,1519,1826,614,2787
2824: 2707,1292,137,289,2138,2901,1325
2825: 1443,1806,96,2961,2908,2924,1335
2826: 143,1659,271,798,1243
2827: 2833,1238,1292,1506,351,2937
2828: 691,2051,2932,2876,1221,1532
2829: 2831,1673,1381,679,980,2813
2830: 1455,2720,2771,907,2484,2605
2831: 2829,1673,1381,980,2783,265,1048
2832: 2704,2353,255,1808,2691,2210
2833: 1699,1238,2827,2789,595,2937,154
2834: 1858,490,64,657,983
2835: 673,465,226,2894,1521,2836
2836: 673,465,2815,2835,2862,888
2837: 683,307,1503,2982,2870,1183,537
2838: 2897,2887,1644,626,1749,1521
2839: 899,2511,365,1365,1430,2488
2840: 846,279,2875,2870,1183,2799
2841: 140,152,937,591,131,630,655
2842: 1905,84,560,1214,1039,707
2843: 1421,946,1592,123,476,2135
2844: 2419,307,1331,475,1757,1627
2845: 1003,921,813,2646,459,124,2804
2846: 607,1099,2849,1340,1328,2578
2847: 2798,2873,1219,833,77,1111
2848: 300,162,387,1458,2744,2150
2849: 2846,2795,1099,1340,626,2855
2850: 366,2906,2861,1368,2869,631
2851: 1880,9,269,159,1910,615,1833
2852: 186,2952,946,1592,1610,3014
2853: 890,2692,1310,2971,956,1878
2854: 2557,1962,967,1121,1469,2561
2855: 406,626,2950,352,1340,2849
2856: 691,10,1532,1192,1494,82
2857: 625,868,2812,2865,1339,1614
2858: 1648,1469,1346,2561,2863,2963
2859: 0,1244,449,1024,1073,3022
2860: 548,1619,676,2871,2931,2943
2861: 1368,96,2810,2961,366,2850
2862: 1724,446,1410,888,465,2836
2863: 1648,2858,369,871,1383,2963
2864: 2802,484,1428,2974,125,369
2865: 868,371,2857,177,1339,2911
2866: 919,1426,530,1197,901,826
2867: 1091,2890,2705,78,1913,1267
2868: 1146,831,2885,2914,77,645
2869: 1051,1494,1368,2850,10,631
2870: 1183,846,2840,2947,2837,2982
2871: 676,2860,1996,1634,808,2943
2872: 300,387,2893,895,1156,1446
2873: 833,1111,2121,2847,2769,26
2874: 1732,1519,2787,2823,834,2822
2875: 1263,846,2840,2809,279,890,2959
2876: 2932,1712,2900,1532,2828,2957,754
2877: 1209,2006,1651,1033,1083,428
2878: 84,1214,2895,479,2910,2805
2879: 2741,489,1139,175,1684,1432
2880: 2981,1248,3024,1458,1208,2150
2881: 885,1387,1774,1160,235,2902
2882: 1014,856,1713,2998,540,1097
2883: 1742,1621,1765,48,1799,1009
2884: 476,1759,244,1771,2952,946
2885: 2868,922,77,1111,645,1262
2886: 194,1040,356,771,2918,1375
2887: 2897,2956,2838,2967,226,1521
2888: 1558,1918,178,790,1578,1582,3006
2889: 1014,1713,599,2279,1311,2797
2890: 1091,2358,2867,534,1913,652
2891: 956,1878,515,1356,2712,2099
2892: 309,1190,195,731,589,898
2893: 885,1387,2872,1529,387,895
2894: 673,851,226,3016,1560,2835
2895: 84,2878,2046,2805,1474,798
2896: 790,991,1582,3021,1542,179
2897: 406,2887,1460,626,2838,2967
2898: 1156,959,526,2921,1059,79
2899: 386,1135,1377,31,1920,2188
2900: 10,2876,1532,2957,631,556
2901: 137,2138,2968,2824,2969,579,1464
2902: 186,2807,1610,235,2881,885
2903: 1768,1698,989,232,1577,117
2904: 782,1757,1597,2947,1078,1627
2905: 253,1804,2260,1636,2699,1286
2906: 366,2975,1127,556,2850,2909,631
2907: 1502,1390,868,371,3001,1389
2908: 2825,96,2961,2924,1493,562,903
2909: 1445,1534,366,2975,903,1357,2906
2910: 958,1767,479,2940,1214,2878
2911: 755,434,2865,177,1339,1576
2912: 2819,2393,1083,2112,1602,1619,1115
2913: 1519,1826,2572,2791,1303,2637
2914: 2868,1146,294,50,645,1390
2915: 673,1560,2815,260,1475,3002
2916: 958,1428,2974,52,2940,1617
2917: 2924,1782,919,237,1335,3017
2918: 356,2886,1824,1375,642,1685
2919: 749,1697,1611,1698,989,1193
2920: 90,1026,338,2939,803,1903
2921: 2274,210,1156,1446,1059,2898
2922: 291,2784,1128,1150,33,1242
2923: 1185,1482,755,434,21,575,2992
2924: 919,2917,1335,1493,1197,2825,2908
2925: 1346,2963,3010,1510,2708,1247
2926: 201,2303,265,1673,112,422
2927: 1835,950,337,2753,1603,2985,101
2928: 130,1443,1034,1782,2800,254
2929: 2081,901,395,1140,91,3020
2930: 528,220,2679,1353,2298
2931: 2393,720,1065,2943,1619,2860
2932: 2051,1712,2876,2828,2495
2933: 1802,1860,330,252,1741,1050,998
2934: 535,2993,251,699,1843,135,1004
2935: 2814,1373,3002,111,1640,864
2936: 2781,1450,668,1696,469,3003
2937: 595,1727,2833,2827,1506,153
2938: 1597,1124,705,2976,184,440
2939: 1026,2920,54,2726,1903
2940: 958,52,2916,2910,1905,1214,2016
2941: 1375,203,879,1679,771
2942: 2958,1745,2185,766,298,613
2943: 808,3008,1065,2931,2860,2871
2944: 153,1126,1342,289,1506,1325
2945: 1062,729,1373,194,771,1679
2946: 1256,21,575,1763,2130,2972
2947: 782,1757,2904,846,2870,2982
2948: 567,1656,2721,734,1212,1054
2949: 1263,1276,1310,89,81,1400
2950: 406,1460,1533,2855,352,1331
2951: 310,1153,201,2308,298,2442,1300
2952: 946,2852,3014,711,2884,1771
2953: 1913,1267,514,2955,2053,296
2954: 1697,1768,1698,804,2820,1124
2955: 1913,139,2811,514,2762,2953
2956: 2887,2967,1194,2960,851,226
2957: 2900,2876,754,1127,556,2991
2958: 905,2185,2942,613,2269,2984
2959: 1263,846,1276,2875,782,1398
2960: 1278,722,1621,1194,2956,851
2961: 2825,2861,96,2908,562,366,903
2962: 1421,1592,1001,240,1985
2963: 2925,1346,2858,2863,871,3010
2964: 701,411,800,648,1537,1564
2965: 348,2998,1311,1185,1256,1261
2966: 827,3034,1915,1930,521,1908
2967: 2897,2887,2956,1460,909,1194
2968: 2138,2901,348,540,2969,1464
2969: 845,1464,348,1482,1261,2901,2968
2970: 445,1786,1037,235,1774,1441
2971: 2853,1310,830,1400,956,2755
2972: 2320,231,1763,1338,2946,21
2973: 2313,1401,2122,1632,2999,1188
2974: 2864,1428,125,2916,1664,1617
2975: 1534,1127,1709,556,2906,2909
2976: 1597,1627,2938,930,440,475
2977: 1006,502,520,3030,1049,1756
2978: 353,1294,1383,125,1664,863
2979: 1699,459,124,2587,1500,2031
2980: 91,788,1487,334,1357,164,1089
2981: 2880,1269,1248,1458,526,79
2982: 2837,307,1503,1757,2947,2870
2983: 1196,1575,2731,311,122,453
2984: 2269,558,685,2958,905
2985: 1835,2927,1603,378,1601,949
2986: 445,1025,517,1037,129,2801
2987: 518,1041,1024,1119,206,951,267
2988: 2166,2811,1814,2762,744,1115
2989: 1531,793,624,1887,785,1868
2990: 1831,1938,1828,615,1834,780
2991: 1127,1709,1527,2957,754,994
2992: 434,21,2923,1338,1339,1614
2993: 535,973,135,902,1442,2934
2994: 1697,1193,804,1298,342,211
2995: 1429,411,659,1476,35,1396
2996: 370,627,1126,1495,801,2747
2997: 267,67,3015,1061,1939,1119
2998: 348,1014,1311,2882,2965,540
2999: 1590,1219,1188,2313,2973
3000: 1928,686,1652,371,1389
3001: 1390,2907,1389,50,485,1206
3002: 2814,260,2935,2915,1560,864
3003: 1696,469,2936,2227,2448,1737
3004: 18,2790,516,1034,2800,2270
3005: 1635,1081,1035,3022,2645,530
3006: 1582,450,935,1558,2888
3007: 2656,927,182,209,1591,2227
3008: 808,2721,2943,444,1065
3009: 1198,1301,1934,2016,1905,707
3010: 2925,871,2963,1247,597,1336
3011: 1152,567,1212,960,775,318
3012: 335,795,532,149,1907,264
3013: 1756,253,633,1049,1104,290
3014: 186,2952,1610,2852,1596,711
3015: 267,482,1939,2997,2722,1829
3016: 851,2894,1560,864,417,692
3017: 2817,919,2917,237,1426,898
3018: 409,386,2599,783,1877,636
3019: 161,1655,1498,1321,682,2357
3020: 347,2081,901,2929,826,1440
3021: 790,2764,991,1704,2637,2896
3022: 3005,1035,1073,2859,449,2645
3023: 1076,513,257,334,1089,2357
3024: 666,2880,842,1248,1739,1208
3025: 1161,1120,701,800,209,301
3026: 1917,690,739,1869,945
3027: 933,2722,1840,462,1829,787
3028: 378,1088,1601,536,1416,1181
3029: 781,1853,1074,1264,59
3030: 2727,502,520,1666,2977,1795
3031: 1815,110,1820,716,2733
3032: 438,400,1414,596,1624,2734,902
3033: 984,429,757,1689,1633,726
3034: 827,791,344,541,1930,2966
3035: 1309,549,67,2730,1320,794
3036: 1853,2740,282,601,1751,2738
3037: 1063,893,24,33,653,1242