snap,conc_mean,conc_std
0,0.7200611168502244,2.590551127365855
1,0.8232127366913732,2.5921869922501646
2,0.9097125948600125,2.6239677695541164
3,0.9846836318377771,2.6624724774452186
4,1.0512626074078546,2.7009345972635774
5,1.1114740534584862,2.7373545909514143
6,1.1666838540980637,2.7713305479462056
7,1.2178506841283154,2.8029080059178706
8,1.2656712949510067,2.8322965584629642
9,1.31066774150558,2.8597162956287887
10,1.3532416384674428,2.8853836886598603
11,1.3937090535324175,2.9094850943773065
12,1.43232365269389,2.9321864588531086
13,1.4692924967412087,2.953628281686634
14,1.5047871053416784,2.9739336977947297
15,1.538951390487087,2.9932078965088795
16,1.571907466495985,3.011543230126754
17,1.603759986456126,3.029019630217441
18,1.6345994344666839,3.0457077222569167
19,1.6645046637509737,3.0616694081576994
20,1.6935448806176356,3.0769597882131303
21,1.7217812147750302,3.0916276972206527
22,1.7492679764186998,3.105716921216827
23,1.7760536730196528,3.1192666415236223
24,1.8021818395418154,3.132312228003321
25,1.8276917222112115,3.1448855929377686
26,1.8526188461646562,3.1570157237597463
27,1.8769954901676937,3.168728960893898
28,1.9008510863175458,3.1800493658432005
29,1.9242125587099095,3.1909989383549124
30,1.947104612073939,3.2015978775726697
31,1.9695499791126478,3.211864751916197
32,1.9915696335396973,3.221816688904495
33,2.013182974448209,3.231469508541695
34,2.0344079865854683,3.2408378643370885
35,2.055261380270174,3.2499353486032185
36,2.0757587140231717,3.258774599280602
37,2.095914502450224,3.2673673835920516
38,2.115742311486473,3.275724680374784
39,2.1352548427649354,3.283856746997591
40,2.154464008588237,3.2917731837938864
41,2.1733809987509494,3.2994829879716634
42,2.1920163402688972,3.306994604725688
43,2.2103799509138082,3.314315970979734
44,2.2284811873202988,3.321454556421224
45,2.2463288883224664,3.328417399244643
46,2.2639314140854174,3.335211139449239
47,2.281296681519518,3.3418420482479174
48,2.298432196399771,3.348316055346083
49,2.315345082557131,3.3546387733000658
50,2.3320421084612897,3.3608155200579053
51,2.3485297114740957,3.366851339263816
52,2.364814020018142,3.372751019029263
53,2.38090087387529,3.3785191089616635
54,2.396795842804274,3.384159935907215
55,2.412504243644299,3.389677618315434
56,2.428031156052365,3.3950760795280845
57,2.4433814370052604,3.400359059963285
58,2.458559734182643,3.4055301284001107
59,2.4735704983348783,3.410592692367325
60,2.488417994728115,3.4155500077789194
61,2.503106313749332,3.420405187835901
62,2.5176393807454382,3.4251612112959684
63,2.53202096516292,3.4298209301369176
64,2.546254689047835,3.4343870766879996
65,2.5603440349599618,3.4388622702564673
66,2.5742923533497084,3.443249023304796
67,2.5881028694416224,3.447549747204681
68,2.6017786896642514,3.451766757610206
69,2.6153228076623036,3.455902279474021
70,2.628738109923811,3.4599584517395505
71,2.6420273810519466,3.4639373317303797
72,2.655193308708555,3.467840899263034
73,2.6682384882539836,3.471671060501589
74,2.6811654271057366,3.475429651575217
75,2.6939765488364413,3.47911844197462
76,2.706674197029944,3.4827391377445407
77,2.7192606389127394,3.4862933844860895
78,2.731738068776497,3.48978277018304
79,2.7441086112062143,3.4932088278638616
80,2.7563743241272465,3.496573038111296
81,2.768537201683537,3.4998768314295305
82,2.780599176958286,3.503121590478869
83,2.792562124547469,3.506308652186534
84,2.804427862995826,3.5094393097419365
85,2.8161981571041714,3.5125148144838323
86,2.8278747201162395,3.5155363776864386
87,2.839459215792649,3.518505172250891
88,2.8509532603790313,3.52142233430807
89,2.862358424474839,3.524288964738293
90,2.8736762348088747,3.527106130613055
91,2.884908175927189,3.529874866563542
92,2.896055691798537,3.5325961760803897
93,2.907120187342298,3.5352710327487737
94,2.918103029883341,3.537900381422697
95,2.929005550538083,3.540485139342023
96,2.939829045535664,3.543026197195588
97,2.950574777477907,3.5455244201335128
98,2.961243976541494,3.5479806487315813
99,2.971837841625559,3.5503956999104167
100,2.98235754144769,3.5527703678119735
101,2.9928042155911583,3.5551054246357046
102,3.00317897550597,3.5574016214366253
103,3.0134829054662458,3.5596596888873466
104,3.023717063486172,3.5618803380060005
105,3.0338824821967685,3.5640642608519095
106,3.043980169685414,3.5662121311906696
107,3.054011110300118,3.5683246051302873
108,3.0639762654202807,3.570402321729842
109,3.073876574195651,3.5724459035821114
110,3.0837129542550676,3.574455957371479
111,3.093486302386479,3.5764330744083783
112,3.103197495189632,3.5783778311414487
113,3.1128473897027957,3.5802907896485094
114,3.1224368240047293,3.58217249810742
115,3.1319666177931134,3.5840234912477626
116,3.141437572940528,3.5858442907843324
117,3.1508504740290513,3.5876354058332764
118,3.1602060888644696,3.589397333311716
119,3.1695051689710323,3.5911305583216437
120,3.1787484500676677,3.592835554518829
121,3.1879366525264548,3.5945127844674247
122,3.197070481814201,3.5961626999809466
123,3.2061506289178467,3.5977857424502413
124,3.2151777707544347,3.5993823431590455
125,3.2241525705662966,3.6009529235876903
126,3.233075678302134,3.6024978957054774
127,3.2419477309845806,3.6040176622522444
128,3.2507693530648316,3.6055126170095892
129,3.2595411567648966,3.606983145062198
130,3.2682637424079988,3.608429623049736
131,3.276937698737606,3.6098524194096613
132,3.2855636032255884,3.6112518946114123
133,3.2941420223699245,3.6126284013822723
134,3.3026735119824115,3.6139822849253123
135,3.311158617466781,3.6153138831297214
136,3.319597874087578,3.6166235267738447
137,3.3279918072302217,3.6179115397212303
138,3.336340932652571,3.6191782391099814
139,3.3446457567283256,3.620423935535672
140,3.3529067766826026,3.621648933228104
141,3.3611244808199885,3.622853530222131
142,3.3692993487453315,3.6240380185228163
143,3.377431851577619,3.6252026842651173
144,3.3855224521571046,3.6263478078683433
145,3.39357160524605,3.6274736641855605
146,3.4015797577232467,3.628580522648176
147,3.4095473487725574,3.6296686474058464
148,3.4174748100657513,3.6307382974619298
149,3.425362565939779,3.631789726804627
150,3.4332110335687367,3.6328231845339802
151,3.441020623130681,3.633838914984894
152,3.4487917379695117,3.634837157846313
153,3.4565247747520815,3.6358181482767122
154,3.4642201236206898,3.636782117016031
155,3.4718781683411675,3.637729290494182
156,3.479499286446661,3.638659890936255
157,3.487083849377285,3.6395741364645504
158,3.494632222615816,3.640472241197535
159,3.502144765819502,3.6413544153458526
160,3.5096218329481785,3.6422208653054784
161,3.517063772388799,3.643071793748124
162,3.524470927076482,3.6439073997089926
163,3.5318436346122186,3.6447278786719743
164,3.539182227377346,3.6455334226523703
165,3.5464870326448805,3.6463242202772257
166,3.5537583726878426,3.647100456863375
167,3.5609965648846273,3.647862314493245
168,3.5682019218215855,3.6486099720885234
169,3.575374751392829,3.649343605481741
170,3.582515356897406,3.6500633874858566
171,3.5896240371339125,3.6507694879618957
172,3.5967010864926148,3.6514620738847228
173,3.603746795045173,3.6521413094069857
174,3.6107614486320454,3.652807355921327
175,3.6177453289476205,3.6534603721208874
176,3.6246987136231885,3.654100514058166
177,3.631621876307779,3.6547279352023048
178,3.638515086746958,3.655342786494822
179,3.645378610859637,3.6559452164038753
180,3.652212710812965,3.656535370977067
181,3.65901764509533,3.657113393892871
182,3.6657936685875727,3.657679426510695
183,3.6725410326324335,3.6582336079196445
184,3.6792599851023007,3.6587760749860188
185,3.685950770465297,3.6593069623995707
186,3.692613629849773,3.659826402718585
187,3.6992488011072377,3.6603345264138
188,3.705856518873777,3.660831461911208
189,3.7124370146300087,3.6613173356337714
190,3.7189905167596082,3.6617922720420975
191,3.725517250606459,3.662256393674074
192,3.732017438530451,3.6627098211835305
193,3.738491299961969,3.6631526733779345
194,3.7449390514551384,3.663585067255151
195,3.751360906739798,3.6640071180393132
196,3.7577570767723154,3.6644189392157887
197,3.764127769785209,3.6648206425653203
198,3.770473191335654,3.665212338197327
199,3.7767935443528735,3.665594134582395
200,3.7830890291844814,3.6659661385840083
201,3.789359843641756,3.6663284554894915
202,3.795606183043929,3.666681189040251
203,3.8018282402614716,3.6670244414612716
204,3.8080262057584195,3.66735831348993
205,3.8142002676337854,3.66768290440413
206,3.8203506116620374,3.667998312049789
207,3.826477421332717,3.668304632867667
208,3.8325808778891792,3.668601961919596
209,3.8386611603665144,3.668890392914087
210,3.844718445628628,3.6691700182313602
211,3.8507529084045458,3.669440928947805
212,3.856764721323951,3.669703214859879
213,3.8627540549519415,3.66995696450746
214,3.8687210778230803,3.670202265196693
215,3.874665956474714,3.670439203022301
216,3.8805888554795986,3.670667862889411
217,3.8864899374778528,3.670888328534894
218,3.8923693632082346,3.6711006825482264
219,3.898227291538782,3.671305006391903
220,3.904063879496828,3.671501380421382
221,3.909879282298397,3.6716898839046217
222,3.9156736533769907,3.6718705950411645
223,3.9214471444118204,3.672043590980829
224,3.9271999053554296,3.6722089478419884
225,3.9329320844608104,3.6723667407294522
226,3.938643828307926,3.672517043751979
227,3.9443352818297397,3.6726599300394014
228,3.9500065883377276,3.6727954717593962
229,3.9556578895468606,3.6729237401339048
230,3.9612893256001254,3.6730448054551896
231,3.966901035092545,3.6731587371015766
232,3.9724931550947478,3.6732656035528537
233,3.9780658211760627,3.6733654724053557
234,3.9836191674271832,3.6734584103867327
235,3.9891533264823815,3.6735444833704203
236,3.994668429541306,3.673623756389807
237,4.000164606390366,3.673696293652113
238,4.005641985423701,3.6737621585519893
239,4.011100693663747,3.6738214136848364
240,4.016540856781448,3.6738741208598564
241,4.021962599116044,3.673920341112841
242,4.027366043694527,3.6739601347187065
243,4.032751312250707,3.673993561203773
244,4.038118525243936,3.6740206793578043
245,4.043467801877508,3.6740415472458032
246,4.048799260116662,3.6740562222195807
247,4.054113016706337,3.674064760929094
248,4.0594091871885185,3.6740672193335584
249,4.064687885919334,3.674063652712355
250,4.069949226085811,3.6740541156757103
251,4.075193319722336,3.6740386621751773
252,4.08042027772682,3.6740173455139176
253,4.085630209876576,3.6739902183567756
254,4.090823224843911,3.6739573327401716
255,4.095999430211435,3.6739187400817963
256,4.1011589324871265,3.6738744911901255
257,4.106301837119093,3.6738246362737526
258,4.111428248510111,3.6737692249505476
259,4.1165382700318744,3.673708306256642
260,4.121632004039032,3.673641928655245
261,4.126709551882954,3.6735701400452965
262,4.131771013925283,3.673492987769956
263,4.136816489551219,3.6734105186249386
264,4.1418460771826195,3.673322778866697
265,4.146859874290841,3.6732298142204414
266,4.151857977409379,3.673131669888032
267,4.156840482146289,3.6730283905557126
268,4.161807483196401,3.672920020401707
269,4.166759074353319,3.6728066031036777
270,4.171695348521239,3.6726881818460524
271,4.176616397726545,3.6725647993272132
272,4.181522313129226,3.6724364977665633
273,4.186413185034106,3.672303318911462
274,4.191289102901884,3.6721653040440336
275,4.196150155359992,3.6720224939878694
276,4.200996430213271,3.6718749291145873
277,4.205828014454484,3.671722649350304
278,4.210644994274638,3.671565694181966
279,4.215447455073172,3.67140410266359
280,4.220235481467946,3.671237913422382
281,4.225009157305079,3.6710671646647604
282,4.229768565668642,3.67089189418226
283,4.234513788890182,3.670712139357349
284,4.239244908558105,3.6705279371691377
285,4.243962005526891,3.6703393241989892
286,4.248665159926185,3.670146336636036
287,4.253354451169735,3.669949010282604
288,4.258029957964197,3.6697473805595373
289,4.262691758317776,3.6695414825114443
290,4.267339929548764,3.6693313508118397
291,4.271974548293932,3.6691170197682177
292,4.27659569051679,3.668898523327024
293,4.281203431515726,3.668675895078557
294,4.285797845931999,3.668449168261777
295,4.290379007757644,3.6682183757690394
296,4.294946990343233,3.667983550150761
297,4.299501866405512,3.6677447236199816
298,4.3040437080349445,3.667501928056882
299,4.308572586703117,3.6672551950132064
300,4.313088573270055,3.667004555716619
301,4.31759173799141,3.6667500410749927
302,4.322082150525548,3.6664916816806223
303,4.32655987994053,3.6662295078143767
304,4.331024994720987,3.665963549449774
305,4.335477562774909,3.665693836257
306,4.339917651440298,3.6654203976068573
307,4.344345327491756,3.665143262574657
308,4.348760657146961,3.664862459944036
309,4.35316370607306,3.6645780182107295
310,4.357554539392945,3.6642899655862697
311,4.361933221691461,3.6639983300016383
312,4.366299817021523,3.663703139110848
313,4.370654388910117,3.6634044202944835
314,4.3749970003642495,3.663102200663167
315,4.379327713876793,3.6627965070609947
316,4.38364659143225,3.6624873660688957
317,4.387953694512435,3.662174804007954
318,4.392249084102072,3.661858846942672
319,4.396532820694322,3.6615395206841916
320,4.4008049642962295,3.6612168507934517
321,4.4050655744340785,3.660890862584312
322,4.409314710158699,3.6605615811266206
323,4.413552430050662,3.6602290312492385
324,4.417778792225443,3.659893237543014
325,4.421993854338493,3.659554224363718
326,4.4261976735902255,3.65921201583493
327,4.430390306730963,3.65886663585088
328,4.434571810065801,3.658518108079257
329,4.438742239459396,3.6581664559639604
330,4.442901650340697,3.657811702727823
331,4.447050097707633,3.6574538713752887
332,4.451187636131681,3.657092984695048
333,4.455314319762442,3.6567290652626423
334,4.459430202332088,3.656362135443019
335,4.463535337159811,3.655992217393055
336,4.467629777156148,3.655619333064048
337,4.471713574827309,3.6552435042041616
338,4.475786782279409,3.6548647523608415
339,4.479849451222646,3.654483098883189
340,4.483901632975439,3.6540985649243156
341,4.487943378468503,3.6537111714436428
342,4.491974738248865,3.6533209392091854
343,4.495995762483839,3.652927888799793
344,4.500006500964926,3.6525320406073667
345,4.5040070031117,3.6521334148390325
346,4.5079973179756,3.6517320315192956
347,4.511977494243702,3.6513279104921583
348,4.515947580242438,3.6509210714232085
349,4.519907623941258,3.6505115338016796
350,4.523857672956241,3.65009931694248
351,4.527797774553683,3.6496844399881936
352,4.5317279756536015,3.649266921911056
353,4.535648322833239,3.6488467815148993
354,4.539558862330485,3.648424037437071
355,4.543459640047265,3.6479987081503253
356,4.5473507015529,3.64757081196469
357,4.551232092087406,3.6471403670293068
358,4.555103856564756,3.6467073913342456
359,4.5589660395761165,3.6462719027122916
360,4.562818685393008,3.6458339188407205
361,4.56666183797047,3.645393457243023
362,4.570495540950153,3.6449505352906373
363,4.574319837663372,3.6445051702046354
364,4.57813477113416,3.6440573790573967
365,4.581940384082229,3.643607178774253
366,4.585736718925939,3.6431545861351182
367,4.589523817785208,3.6426996177760915
368,4.59330172248439,3.6422422901910383
369,4.5970704745551165,3.6417826197331555
370,4.600830115239107,3.641320622616508
371,4.604580685490947,3.640856314917547
372,4.608322225980828,3.6403897125766194
373,4.612054777097249,3.6399208313994373
374,4.615778378949695,3.6394496870585433
375,4.619493071371282,3.6389762950947517
376,4.62319889392136,3.6385006709185683
377,4.6268958858881,3.6380228298115993
378,4.630584086291032,3.637542786927928
379,4.634263533883573,3.637060557295489
380,4.637934267155511,3.6365761558174166
381,4.641596324335452,3.636089597273373
382,4.645249743393268,3.635600896320867
383,4.648894562042472,3.6351100674965475
384,4.652530817742624,3.6346171252174875
385,4.656158547701638,3.6341220837824486
386,4.659777788878115,3.6336249573731276
387,4.663388577983638,3.63312576005539
388,4.666990951485016,3.6326245057804836
389,4.6705849456065405,3.6321212083862444
390,4.674170596332175,3.631615881598279
391,4.677747939407751,3.6311085390311373
392,4.681317010343127,3.630599194189467
393,4.684877844414317,3.630087860469154
394,4.688430476665603,3.6295745511584547
395,4.691974941911607,3.6290592794391014
396,4.69551127473938,3.628542058387411
397,4.699039509510411,3.62802290097536
398,4.702559680362657,3.6275018200716636
399,4.706071821212523,3.6269788284428346
400,4.709575965756855,3.6264539387542203
401,4.7130721474748425,3.6259271635710477
402,4.716560399629997,3.6253985153594326
403,4.720040755272003,3.6248680064873935
404,4.72351324723864,3.624335649225844
405,4.726977908157615,3.6238014557495757
406,4.730434770448416,3.6232654381382288
407,4.733883866324131,3.622727608377256
408,4.73732522779324,3.622187978358857
409,4.740758886661396,3.6216465598829317
410,4.744184874533188,3.62110336465799
411,4.74760322281387,3.6205584043020766
412,4.751013962711102,3.6200116903436643
413,4.754417125236628,3.6194632342225503
414,4.7578127412079745,3.618913047290736
415,4.761200841250099,3.6183611408133007
416,4.76458145579706,3.617807525969256
417,4.767954615093625,3.6172522138523986
418,4.771320349196892,3.616695215472154
419,4.774678687977874,3.616136541754395
420,4.778029661123083,3.615576203542275
421,4.781373298136087,3.6150142115970296
422,4.784709628339043,3.614450576598783
423,4.78803868087424,3.613885309147331
424,4.791360484705595,3.613318419762937
425,4.7946750686201485,3.61274991888709
426,4.797982461229544,3.6121798168832777
427,4.801282690971487,3.6116081240377427
428,4.804575786111198,3.611034850560221
429,4.807861774742829,3.6104600065846864
430,4.811140684790896,3.6098836021700804
431,4.814412544011665,3.6093056473010288
432,4.81767737999455,3.6087261518885554
433,4.820935220163473,3.6081451257707857
434,4.82418609177823,3.607562578713652
435,4.827430021935831,3.6069785204115643
436,4.8306670375718275,3.6063929604881104
437,4.833897165461627,3.605805908496713
438,4.837120432221803,3.6052173739213047
439,4.840336864311363,3.6046273661769814
440,4.843546488033047,3.6040358946106528
441,4.846749329534576,3.603442968501686
442,4.849945414809895,3.6028485970625455
443,4.85313476970043,3.602252789439408
444,4.856317419896286,3.601655554712803
445,4.859493390937477,3.601056901898211
446,4.862662708215105,3.6004568399466828
447,4.86582539697257,3.599855377745431
448,4.868981482306727,3.5992525241184317
449,4.87213098916905,3.598648287827007
450,4.875273942366788,3.5980426775704104
451,4.8784103665641005,3.5974357019863987
452,4.881540286283185,3.5968273696518023
453,4.884663725905396,3.5962176890830824
454,4.88778070967234,3.5956066687368966
455,4.890891261686987,3.5949943170106393
456,4.893995405914743,3.594380642242989
457,4.897093166184512,3.593765652714451
458,4.900184566189774,3.59314935664788
459,4.903269629489636,3.5925317622090156
460,4.906348379509858,3.591912877506998
461,4.909420839543903,3.5912927105948818
462,4.912487032753935,3.5906712694701497
463,4.915546982171845,3.590048562075218
464,4.918600710700256,3.5894245962979205
465,4.921648241113494,3.5887993799720252
466,4.924689596058584,3.5881729208777036
467,4.927724798056216,3.587545226742019
468,4.930753869501712,3.586916305239405
469,4.933776832665974,3.5862861639921393
470,4.936793709696422,3.585654810570807
471,4.93980452261795,3.5850222524947672
472,4.9428092933338155,3.584388497232606
473,4.945808043626598,3.583753552202593
474,4.948800795159066,3.5831174247731292
475,4.951787569475105,3.582480122263188
476,4.9547683880006,3.581841651942753
477,4.957743272044309,3.5812020210332554
478,4.9607122427987465,3.580561236708002
479,4.9636753213410465,3.5799193060925996
480,4.966632528633814,3.5792762362653745
481,4.96958388552598,3.578632034257789
482,4.972529412753643,3.5779867070548557
483,4.975469130940895,3.5773402615955425
484,4.978403060600655,3.5766927047731762
485,4.981331222135478,3.576044043435842
486,4.984253635838374,3.5753942843867765
487,4.987170321893597,3.5747434343847626
488,4.990081300377467,3.5740915001445126
489,4.9929865912591165,3.573438488337054
490,4.995886214401303,3.5727844055901037
491,4.998780189561177,3.5721292584884505
492,5.001668536391032,3.5714730535743184
493,5.004551274439076,3.5708157973477417
494,5.007428423150183,3.570157496266918
495,5.010300001866631,3.569498156748583
496,5.013166029828852,3.5688377851683533
497,5.016026526176146,3.5681763878610866
498,5.0188815099474215,3.567513971121228
499,5.021731000081901,3.566850541203158
500,5.024575015419839,3.5661861043215284
501,5.02741357470323,3.565520666651613
502,5.0302466965765,3.5648542343296294
503,5.033074399587197,3.5641868134530776
504,5.035896702186684,3.563518410081071
505,5.0387136227308265,3.562849030234658
506,5.0415251794806375,3.562178679897142
507,5.044331390602978,3.5615073650144047
508,5.047132274171194,3.5608350914952194
509,5.049927848165781,3.5601618652115654
510,5.052718130475053,3.559487691998934
511,5.05550313889575,3.5588125776566377
512,5.058282891133696,3.5581365279481134
513,5.061057404804436,3.557459548601221
514,5.063826697433863,3.556781645308542
515,5.066590786458817,3.5561028237276737
516,5.069349689227734,3.555423089481519
517,5.072103423001237,3.5547424481585796
518,5.0748520049527395,3.5540609053132357
519,5.077595452169059,3.5533784664660346
520,5.080333781650998,3.5526951371039663
521,5.083067010313943,3.552010922680745
522,5.085795154988441,3.55132582861708
523,5.088518232420783,3.5506398603009512
524,5.091236259273586,3.5499530230878777
525,5.093949252126345,3.5492653223011827
526,5.096657227476013,3.5485767632322576
527,5.099360201737554,3.5478873511408286
528,5.102058191244492,3.5471970912552115
529,5.104751212249474,3.5465059887725685
530,5.10743928092481,3.5458140488591625
531,5.1101224133629986,3.545121276650611
532,5.112800625577291,3.5444276772521333
533,5.115473933502199,3.5437332557387977
534,5.118142352994032,3.543038017155766
535,5.120805899831418,3.542341966518539
536,5.123464589715821,3.5416451088131873
537,5.126118438272052,3.540947448996601
538,5.1287674610487795,3.540248991996715
539,5.1314116735190405,3.5395497427127487
540,5.134051091080731,3.5388497060154336
541,5.136685729057111,3.538148886747241
542,5.1393156026972875,3.5374472897226092
543,5.141940727176712,3.536744919728173
544,5.144561117597661,3.5360417815229783
545,5.147176788989711,3.535337879838704
546,5.149787756310223,3.5346332193798853
547,5.152394034444806,3.533927804824122
548,5.1549956382077955,3.5332216408223007
549,5.157592582342705,3.532514731998798
550,5.160184881522695,3.5318070829516945
551,5.1627725503510264,3.531098698252986
552,5.1653556033615216,3.530389582448787
553,5.167934055018991,3.529679740059528
554,5.170507919719709,3.5289691755801718
555,5.173077211791826,3.5282578934803985
556,5.1756419454958325,3.527545898204817
557,5.178202135024976,3.5268331941731508
558,5.1807577945056975,3.526119785780442
559,5.183308937998057,3.5254056773972366
560,5.185855579496166,3.524690873369779
561,5.188397732928595,3.523975378020205
562,5.1909354121588,3.523259195646719
563,5.193468630985533,3.522542330523793
564,5.195997403143251,3.521824786902339
565,5.198521742302527,3.521106569009899
566,5.201041662070449,3.5203876810508223
567,5.203557175991026,3.5196681272064474
568,5.206068297545576,3.5189479116352747
569,5.20857504015314,3.5182270384731456
570,5.2110774171708405,3.5175055118334195
571,5.213575441894308,3.5167833358071374
572,5.21606912755803,3.5160605144632027
573,5.218558487335763,3.5153370518485474
574,5.221043534340884,3.5146129519882936
575,5.22352428162679,3.5138882188859304
576,5.226000742187254,3.513162856523472
577,5.2284729289568,3.51243686886162
578,5.230940854811081,3.5117102598399317
579,5.23340453256722,3.5109830333769754
580,5.23586397498419,3.5102551933704897
581,5.238319194763169,3.5095267436975393
582,5.240770204547884,3.508797688214679
583,5.2432170169249845,3.508068030758098
584,5.245659644424371,3.5073377751437804
585,5.248098099519555,3.5066069251676515
586,5.250532394628002,3.5058754846057343
587,5.252962542111467,3.505143457214294
588,5.255388554276345,3.504410846729989
589,5.257810443373991,3.5036776568700096
590,5.260228221601078,3.502943891332237
591,5.262641901099897,3.502209553795374
592,5.26505149395872,3.5014746479190926
593,5.267457012212103,3.5007391773441787
594,5.269858467841209,3.5000031456926637
595,5.27225587277415,3.499266556567972
596,5.2746492388862825,3.498529413555051
597,5.277038578000539,3.497791720220514
598,5.279423901887735,3.4970534801127697
599,5.281805222266884,3.4963146967621586
600,5.284182550805503,3.495575373681086
601,5.286555899119928,3.4948355143641527
602,5.288925278775606,3.494095122288284
603,5.291290701287408,3.4933542009128606
604,5.293652178119922,3.492612753679847
605,5.296009720687761,3.491870784013916
606,5.298363340355842,3.4911282953225737
607,5.3007130484396905,3.4903852909962905
608,5.303058856205734,3.489641774408617
609,5.30540077487159,3.4888977489163113
610,5.307738815606336,3.4881532178594536
611,5.310072989530818,3.487408184561579
612,5.312403307717922,3.4866626523297817
613,5.314729781192851,3.4859166244548443
614,5.317052420933409,3.485170104211349
615,5.319371237870278,3.484423094857797
616,5.321686242887291,3.4836755996367215
617,5.323997446821694,3.4829276217748
618,5.326304860464433,3.482179164482973
619,5.328608494560411,3.4814302309565495
620,5.330908359808762,3.4806808243753222
621,5.333204466863111,3.479930947903678
622,5.335496826331827,3.4791806046907015
623,5.337785448778297,3.4784297978702905
624,5.340070344721187,3.477678530561259
625,5.342351524634683,3.4769268058674423
626,5.344628998948764,3.4761746268778086
627,5.346902778049435,3.4754219966665523
628,5.349172872278991,3.47466891829321
629,5.351439291936267,3.4739153948027575
630,5.3537020472768795,3.4731614292257063
631,5.355961148513479,3.4724070245782137
632,5.358216605815983,3.4716521838621768
633,5.360468429311828,3.4708969100653357
634,5.362716629086206,3.470141206161364
635,5.364961215182305,3.469385075109977
636,5.367202197601544,3.4686285198570213
637,5.369439586303805,3.46787154333457
638,5.371673391207677,3.4671141484610204
639,5.373903622190679,3.466356338141189
640,5.376130289089486,3.4655981152663986
641,5.378353401700175,3.4648394827145803
642,5.380572969778433,3.464080443350355
643,5.382789003039797,3.463321000025132
644,5.385001511159856,3.4625611555771965
645,5.387210503774512,3.4618009128317953
646,5.389415990480156,3.4610402746012316
647,5.391617980833917,3.460279243684947
648,5.3938164843538745,3.459517822869615
649,5.396011510519257,3.458756014929221
650,5.398203068770684,3.4579938226251503
651,5.400391168510358,3.4572312487062704
652,5.402575819102282,3.456468295909025
653,5.404757029872478,3.4557049669575015
654,5.406934810109174,3.454941264563528
655,5.409109169063033,3.4541771914267456
656,5.411280115947352,3.4534127502346954
657,5.413447659938262,3.452647943662897
658,5.415611810174934,3.4518827743749263
659,5.417772575759779,3.4511172450224983
660,5.419929965758651,3.450351358245545
661,5.422083989201039,3.449585116672289
662,5.424234655080273,3.448818522919328
663,5.42638197235371,3.4480515795917035
664,5.428525949942942,3.4472842892829823
665,5.430666596733974,3.4465166545753303
666,5.432803921577425,3.4457486780395863
667,5.434937933288715,3.4449803622353334
668,5.437068640648267,3.444211709710982
669,5.4391960524016625,3.443442723003829
670,5.441320177259867,3.442673404640139
671,5.443441023899393,3.4419037571352145
672,5.445558600962483,3.441133782993466
673,5.447672917057308,3.44036348470848
674,5.449783980758129,3.439592864763092
675,5.451891800605497,3.438821925629455
676,5.453996385106423,3.438050669769107
677,5.456097742734541,3.437279099633038
678,5.458195881930324,3.436507217661761
679,5.460290811101214,3.4357350262853767
680,5.462382538621827,3.434962527923637
681,5.464471072834122,3.4341897249860165
682,5.466556422047553,3.4334166198717737
683,5.468638594539272,3.432643214970016
684,5.470717598554276,3.4318695126597643
685,5.472793442305573,3.431095515310017
686,5.474866133974368,3.4303212252798123
687,5.47693568171022,3.429546644918292
688,5.479002093631196,3.4287717765647607
689,5.481065377824062,3.4279966225487506
690,5.483125542344418,3.42722118519008
691,5.485182595216871,3.4264454667989157
692,5.487236544435208,3.42566946967583
693,5.489287397962542,3.424893196111863
694,5.491335163731461,3.424116648388583
695,5.493379849644218,3.4233398287781367
696,5.495421463572856,3.4225627395433196
697,5.497460013359381,3.4217853829376224
698,5.499495506815908,3.4210077612052934
699,5.501527951724829,3.420229876581395
700,5.503557355838942,3.4194517312918604
701,5.505583726881624,3.4186733275535444
702,5.507607072546977,3.4178946675742825
703,5.509627400499965,3.417115753552949
704,5.511644718376582,3.4163365876795018
705,5.513659033783988,3.4155571721350464
706,5.51567035430065,3.4147775090918815
707,5.51767868747651,3.413997600713556
708,5.5196840408331065,3.4132174491549216
709,5.521686421863732,3.412437056562182
710,5.52368583803357,3.4116564250729478
711,5.525682296779839,3.410875556816286
712,5.527675805511939,3.4100944539127713
713,5.529666371611584,3.409313118474534
714,5.531654002432944,3.4085315526053153
715,5.533638705302782,3.4077497584005125
716,5.5356204875206,3.4069677379472294
717,5.537599356358763,3.406185493324325
718,5.53957531906265,3.405403026602464
719,5.541548382850769,3.4046203398441586
720,5.5435185549149155,3.403837435103824
721,5.54548584242028,3.4030543144278207
722,5.547450252505607,3.402270979854501
723,5.549411792283307,3.4014874334142604
724,5.55137046883959,3.4007036771295773
725,5.553326289234607,3.3999197130150614
726,5.555279260502569,3.3991355430775005
727,5.557229389651874,3.3983511693159048
728,5.559176683665244,3.397566593721547
729,5.561121149499838,3.396781818278016
730,5.5630627940874,3.3959968449612514
731,5.565001624334357,3.3952116757395907
732,5.566937647121963,3.394426312573814
733,5.568870869306422,3.393640757417183
734,5.570801297718988,3.392855012215489
735,5.572728939166128,3.39206907890709
736,5.574653800429599,3.391282959422955
737,5.576575888266603,3.3904966556867016
738,5.578495209409883,3.3897101696146454
739,5.580411770567864,3.3889235031158336
740,5.582325578424752,3.388136658092086
741,5.584236639640657,3.3873496364380373
742,5.5861449608517235,3.38656244004118
743,5.588050548670223,3.3857750707818948
744,5.589953409684687,3.384987530533499
745,5.591853550460016,3.38419982116228
746,5.593750977537601,3.3834119445275364
747,5.595645697435419,3.3826239024816163
748,5.59753771664816,3.3818356968699494
749,5.599427041647346,3.3810473295310977
750,5.601313678881414,3.3802588022967788
751,5.603197634775868,3.3794701169919112
752,5.605078915733341,3.3786812754346474
753,5.606957528133742,3.377892279436414
754,5.608833478334347,3.3771031308019452
755,5.610706772669927,3.3763138313293175
756,5.612577417452807,3.3755243828099886
757,5.614445418973043,3.3747347870288307
758,5.61631078349846,3.3739450457641675
759,5.618173517274809,3.3731551607878063
760,5.620033626525837,3.372365133865073
761,5.6218911174534085,3.3715749667548502
762,5.623745996237609,3.370784661209605
763,5.625598269036837,3.3699942189754273
764,5.627447941987922,3.3692036417920623
765,5.629295021206208,3.3684129313929434
766,5.63113951278567,3.3676220895052222
767,5.632981422799003,3.3668311178498085
768,5.634820757297733,3.3660400181413945
769,5.636657522312304,3.3652487920884924
770,5.638491723852189,3.3644574413934656
771,5.640323367905977,3.363665967752554
772,5.642152460441476,3.3628743728559187
773,5.6439790074058145,3.36208265838766
774,5.6458030147255265,3.3612908260258547
775,5.647624488306649,3.360498877442585
776,5.649443434034836,3.3597068143039728
777,5.651259857775424,3.358914638270203
778,5.653073765373551,3.3581223509955596
779,5.654885162654232,3.3573299541284514
780,5.656694055422465,3.3565374493114475
781,5.6585004494633075,3.3557448381812955
782,5.660304350542,3.3549521223689633
783,5.662105764404009,3.3541593034996606
784,5.663904696775166,3.3533663831928675
785,5.665701153361731,3.3525733630623664
786,5.667495139850483,3.3517802447162666
787,5.669286661908816,3.350987029757037
788,5.671075725184832,3.3501937197815286
789,5.672862335307413,3.3494003163810033
790,5.674646497886327,3.3486068211411637
791,5.6764282185123,3.3478132356421817
792,5.6782075027571155,3.347019561458717
793,5.67998435617369,3.346225800159952
794,5.68175878429617,3.3454319533096197
795,5.68353079264,3.3446380224660186
796,5.685300386702028,3.343844009182051
797,5.687067571960569,3.343049915005245
798,5.688832353875506,3.3422557414777763
799,5.690594737888373,3.3414614901364974
800,5.692354729422409,3.340667162512966
801,5.6941123338826864,3.3398727601334643
802,5.695867556656153,3.3390782845190246
803,5.697620403111731,3.338283737185458
804,5.6993708786004085,3.337489119643378
805,5.70111898845529,3.33669443339822
806,5.702864737991701,3.3358996799502734
807,5.704608132507262,3.3351048607946985
808,5.706349177281962,3.3343099774215537
809,5.708087877578243,3.3335150313158195
810,5.709824238641073,3.332720023957424
811,5.71155826569803,3.3319249568212603
812,5.713289963959378,3.3311298313772117
813,5.71501933861813,3.3303346490901813
814,5.716746394850147,3.329539411420106
815,5.718471137814205,3.3287441198219816
816,5.7201935726520565,3.3279487757458908
817,5.721913704488531,3.3271533806370157
818,5.7236315384315875,3.32635793593567
819,5.725347079572395,3.325562443077316
820,5.727060332985421,3.324766903492583
821,5.72877130372848,3.323971318607297
822,5.730479996842833,3.323175689842497
823,5.732186417353233,3.3223800186144548
824,5.733890570268017,3.321584306334705
825,5.735592460579176,3.3207885544100533
826,5.737292093262417,3.3199927642426044
827,5.738989473277237,3.3191969372297905
828,5.740684605566998,3.3184010747643744
829,5.742377495059002,3.317605178234483
830,5.744068146664539,3.3168092490236245
831,5.745756565278987,3.3160132885107076
832,5.747442755781854,3.3152172980700607
833,5.7491267230368654,3.3144212790714547
834,5.750808471892019,3.3136252328801197
835,5.75248800717967,3.3128291608567677
836,5.754165333716566,3.3120330643576072
837,5.755840456303962,3.3112369447343672
838,5.757513379727643,3.310440803334316
839,5.7591841087580145,3.3096446415002756
840,5.760852648150166,3.3088484605706494
841,5.762519002643927,3.3080522618794292
842,5.764183176963942,3.3072560467562218
843,5.765845175819729,3.306459816526269
844,5.767505003905759,3.3056635725104613
845,5.769162665901492,3.304867316025354
846,5.7708181664714715,3.304071048383194
847,5.772471510265365,3.3032747708919294
848,5.774122701918044,3.3024784848552318
849,5.775771746049638,3.301682191572512
850,5.777418647265593,3.300885892338941
851,5.77906341015675,3.3000895884454615
852,5.780706039299385,3.2992932811788096
853,5.782346539255296,3.2984969718215327
854,5.783984914571836,3.297700661652003
855,5.785621169781995,3.296904351944438
856,5.787255309404455,3.296108043968916
857,5.788887337943651,3.29531173899139
858,5.790517259889819,3.294515438273713
859,5.792145079719085,3.2937191430736403
860,5.793770801893486,3.2929228546448615
861,5.795394430861055,3.2921265742370056
862,5.797015971055877,3.291330303095662
863,5.798635426898137,3.2905340424623972
864,5.8002528027941915,3.289737793574767
865,5.801868103136612,3.2889415576663357
866,5.803481332304256,3.288145335966691
867,5.805092494662315,3.2873491297014583
868,5.806701594562369,3.2865529400923195
869,5.808308636342458,3.285756768357025
870,5.809913624327124,3.2849606157094082
871,5.81151656282747,3.2841644833594072
872,5.813117456141218,3.2833683725130727
873,5.814716308552764,3.2825722843725846
874,5.816313124333228,3.281776220136273
875,5.817907907740528,3.2809801809986254
876,5.819500663019402,3.280184168150301
877,5.821091394401488,3.2793881827781526
878,5.822680106105373,3.27859222606524
879,5.8242668023366395,3.2777962991908325
880,5.825851487287921,3.2770004033304407
881,5.827434165138967,3.2762045396558173
882,5.829014840056672,3.27540870933498
883,5.830593516195154,3.2746129135322177
884,5.832170197695792,3.2738171534081126
885,5.833744888687269,3.2730214301195475
886,5.835317593285657,3.272225744819719
887,5.836888315594428,3.2714300986581617
888,5.838457059704537,3.2706344927807502
889,5.8400238296944496,3.2698389283297153
890,5.841588629630207,3.26904340644366
891,5.843151463565484,3.268247928257576
892,5.84471233554161,3.2674524949028436
893,5.846271249587647,3.266657107507263
894,5.847828209720421,3.265861767195052
895,5.8493832199445945,3.2650664750868703
896,5.850936284252681,3.2642712322998224
897,5.852487406625129,3.263476039947478
898,5.854036591030346,3.262680899139882
899,5.855583841424759,3.261885810983567
900,5.857129161752861,3.2610907765815673
901,5.858672555947253,3.2602957970334274
902,5.860214027928696,3.25950087343522
903,5.861753581606167,3.258706006879554
904,5.863291220876883,3.25791119845559
905,5.8648269496263765,3.257116449249048
906,5.86636077172852,3.2563217603422268
907,5.867892691045585,3.2555271328140076
908,5.8694227114282755,3.2547325677398704
909,5.8709508367157905,3.2539380661919086
910,5.872477070735864,3.253143629238833
911,5.874001417304796,3.2523492579459923
912,5.875523880227525,3.2515549533753796
913,5.877044463297643,3.2507607165856416
914,5.878563170297463,3.2499665486320986
915,5.880080004998054,3.249172450566749
916,5.881594971159293,3.248378423438279
917,5.8831080725298905,3.2475844682920845
918,5.884619312847459,3.2467905861702686
919,5.886128695838541,3.2459967781116648
920,5.887636225218655,3.2452030451518383
921,5.88914190469234,3.244409388323105
922,5.890645737953208,3.243615808654536
923,5.892147728683957,3.2428223071719744
924,5.893647880556459,3.242028884898041
925,5.895146197231762,3.2412355428521487
926,5.89664268236015,3.2404422820505108
927,5.898137339581185,3.2396491035061543
928,5.899630172523747,3.238856008228925
929,5.9011211848060805,3.2380629972255077
930,5.902610380035821,3.237270071499425
931,5.904097761810049,3.2364772320510578
932,5.905583333715327,3.2356844798776474
933,5.907067099327749,3.2348918159733144
934,5.908549062212967,3.2340992413290586
935,5.910029225926233,3.2333067569327807
936,5.911507594012457,3.2325143637692806
937,5.912984170006222,3.2317220628202783
938,5.914458957431836,3.230929855064416
939,5.9159319598033795,3.2301377414772694
940,5.9174031806247305,3.229345723031366
941,5.918872623389612,3.228553800696178
942,5.920340291581624,3.227761975438149
943,5.921806188674295,3.2269702482206926
944,5.92327031813111,3.226178620004212
945,5.924732683405549,3.2253870917460956
946,5.926193287941125,3.224595664400739
947,5.9276521351714395,3.2238043389195536
948,5.929109228520188,3.2230131162509634
949,5.930564571401227,3.2222219973404305
950,5.932018167218595,3.2214309831304564
951,5.933470019366566,3.2206400745605896
952,5.934920131229656,3.2198492725674397
953,5.936368506182695,3.219058578084681
954,5.937815147590845,3.21826799204307
955,5.939260058809635,3.2174775153704465
956,5.9407032431850135,3.2166871489917432
957,5.942144704053365,3.2158968938290022
958,5.943584444741554,3.215106750801371
959,5.94502246856697,3.2143167208251273
960,5.946458778837551,3.213526804813675
961,5.947893378851819,3.2127370036775553
962,5.9493262718989195,3.2119473183244613
963,5.9507574612586716,3.2111577496592427
964,5.952186950201575,3.210368298583912
965,5.953614741988855,3.209578965997657
966,5.955040839872508,3.208789752796849
967,5.956465247095338,3.2080006598750495
968,5.957887966890956,3.2072116881230186
969,5.9593090024838675,3.206422838428723
970,5.96072835708946,3.2056341116773512
971,5.962146033914068,3.204845508751308
972,5.963562036154984,3.204057030530237
973,5.964976367000514,3.2032686778910207
974,5.966389029629989,3.20248045170779
975,5.96780002721382,3.2016923528519348
976,5.969209362913511,3.200904382192108
977,5.970617039881708,3.2001165405942364
978,5.972023061262223,3.199328828921531
979,5.973427430190065,3.1985412480344872
980,5.974830149791479,3.1977537987909015
981,5.976231223183982,3.1969664820458727
982,5.9776306534763775,3.1961792986518165
983,5.979028443768809,3.1953922494584637
984,5.980424597152778,3.194605335312877
985,5.981819116711177,3.1938185570594575
986,5.983212005518324,3.1930319155399434
987,5.98460326664,3.1922454115934324
988,5.98599290313347,3.191459046056375
989,5.987380918047513,3.1906728197625918
990,5.988767314422474,3.1898867335432755
991,5.990152095290261,3.1891007882270026
992,5.991535263674404,3.1883149846397374
993,5.992916822590077,3.1875293236048403
994,5.9942967750441225,3.1867438059430784
995,5.995675124035088,3.185958432472627
996,5.997051872553253,3.1851732040090805
997,5.9984270235806605,3.184388121365462
998,5.999800580091157,3.1836031853522213
999,6.0011725450503945,3.1828183967772565
1000,6.002542921415894,3.1820337564459082
1001,6.00391171213705,3.1812492651609725
1002,6.005278920155177,3.180464923722708
1003,6.006644548403517,3.1796807329288423
1004,6.008008599807297,3.1788966935745773
1005,6.009371077283733,3.1781128064525976
1006,6.010731983742075,3.177329072353079
1007,6.012091322083627,3.1765454920636964
1008,6.013449095201778,3.1757620663696198
1009,6.014805305982034,3.17497879605354
1010,6.016159957302039,3.174195681895658
1011,6.017513052031609,3.173412724673702
1012,6.018864593032752,3.172629925162931
1013,6.020214583159725,3.1718472841361396
1014,6.021563025259007,3.1710648023636696
1015,6.022909922169383,3.1702824806134102
1016,6.02425527672193,3.1695003196508127
1017,6.02559909174008,3.168718320238889
1018,6.026941370039611,3.1679364831382237
1019,6.0282821144287055,3.1671548091069797
1020,6.02962132770796,3.166373298900899
1021,6.030959012670413,3.1655919532733208
1022,6.03229517210158,3.164810772975177
1023,6.03362980877947,3.164029758755003
1024,6.034962925474622,3.163248911358946
1025,6.036294524950123,3.162468231530768
1026,6.037624609961642,3.161687720011854
1027,6.038953183257445,3.160907377541216
1028,6.040280247578442,3.1601272048555047
1029,6.041605805658186,3.1593472026890104
1030,6.042929860222915,3.158567371773669
1031,6.04425241399159,3.157787712839073
1032,6.045573469675878,3.1570082266124753
1033,6.046893029980228,3.156228913818795
1034,6.048211097601863,3.1554497751806188
1035,6.049527675230823,3.154670811418219
1036,6.0508427655499775,3.1538920232495467
1037,6.052156371235053,3.1531134113902497
1038,6.053468494954674,3.1523349765536652
1039,6.054779139370363,3.1515567194508387
1040,6.056088307136581,3.150778640790523
1041,6.057396000900753,3.1500007412791837
1042,6.058702223303278,3.1492230216210095
1043,6.0600069769775775,3.1484454825179156
1044,6.061310264550088,3.147668124669546
1045,6.062612088640323,3.146890948773286
1046,6.063912451860858,3.146113955524266
1047,6.065211356817385,3.1453371456153625
1048,6.066508806108725,3.1445605197372126
1049,6.0678048023268465,3.1437840785782094
1050,6.069099348056893,3.1430078228245186
1051,6.070392445877223,3.142231753160073
1052,6.071684098359396,3.14145587026659
1053,6.0729743080682335,3.1406801748235686
1054,6.074263077561826,3.1399046675082953
1055,6.075550409391554,3.1391293489958567
1056,6.07683630610211,3.1383542199591377
1057,6.078120770231542,3.137579281068831
1058,6.079403804311235,3.1368045329934424
1059,6.080685410865987,3.136029976399292
1060,6.081965592413981,3.1352556119505284
1061,6.0832443514668455,3.1344814403091252
1062,6.084521690529653,3.133707462134891
1063,6.085797612100949,3.132933678085477
1064,6.0870721186727925,3.132160088816377
1065,6.088345212730741,3.1313866949809364
1066,6.089616896753906,3.130613497230356
1067,6.090887173214965,3.129840496213697
1068,6.092156044580171,3.1290676925778933
1069,6.093423513309392,3.128295086967743
1070,6.094689581856126,3.1275226800259257
1071,6.095954252667518,3.126750472393004
1072,6.097217528184383,3.1259784647074285
1073,6.098479410841239,3.1252066576055415
1074,6.0997399030663075,3.124435051721585
1075,6.10099900728156,3.1236636476877044
1076,6.10225672590271,3.122892446133955
1077,6.103513061339259,3.1221214476883037
1078,6.104768015994514,3.1213506529766404
1079,6.10602159226559,3.120580062622777
1080,6.10727379254345,3.1198096772484534
1081,6.108524619212918,3.119039497473349
1082,6.109774074652699,3.118269523915078
1083,6.111022161235407,3.117499757189201
1084,6.112268881327572,3.1167301979092317
1085,6.1135142372896745,3.115960846686632
1086,6.114758231476158,3.11519170413083
1087,6.116000866235447,3.1144227708492167
1088,6.117242143909976,3.1136540474471515
1089,6.118482066836198,3.1128855345279685
1090,6.119720637344617,3.112117232692983
1091,6.1209578577598,3.111349142541497
1092,6.122193730400397,3.110581264670798
1093,6.123428257579163,3.1098135996761687
1094,6.124661441602975,3.1090461481508935
1095,6.125893284772857,3.10827891068626
1096,6.127123789383994,3.107511887871565
1097,6.128352957725748,3.1067450802941177
1098,6.129580792081691,3.1059784885392494
1099,6.1308072947296095,3.1052121131903103
1100,6.132032467941535,3.1044459548286807
1101,6.133256313983754,3.1036800140337766
1102,6.134478835116833,3.102914291383049
1103,6.135700033595629,3.102148787451992
1104,6.136919911669323,3.1013835028141474
1105,6.138138471581426,3.1006184380411086
1106,6.1393557155698035,3.0998535937025244
1107,6.140571645866691,3.0990889703661093
1108,6.141786264698715,3.0983245685976364
1109,6.1429995742869,3.097560388960957
1110,6.144211576846728,3.0967964320179915
1111,6.145422274588093,3.096032698328746
1112,6.1466316697153625,3.095269188451305
1113,6.147839764427393,3.0945059029418447
1114,6.149046560917535,3.093742842354638
1115,6.150252061373655,3.0929800072420486
1116,6.151456267978155,3.0922173981545504
1117,6.1526591829079935,3.09145501564072
1118,6.153860808334702,3.0906928602472465
1119,6.155061146424394,3.089930932518936
1120,6.156260199337794,3.089169232998715
1121,6.1574579692302445,3.0884077622276336
1122,6.158654458251739,3.0876465207448733
1123,6.159849668546919,3.0868855090877507
1124,6.16104360225511,3.086124727791715
1125,6.16223626151033,3.0853641773903653
1126,6.163427648441303,3.084603858415446
1127,6.164617765171482,3.0838437713968485
1128,6.165806613819073,3.0830839168626265
1129,6.166994196497028,3.082324295338991
1130,6.168180515313098,3.081564907350317
1131,6.169365572369806,3.08080575341915
1132,6.170549369764501,3.0800468340662075
1133,6.171731909589368,3.0792881498103863
1134,6.172913193931418,3.078529701168765
1135,6.174093224872539,3.077771488656606
1136,6.175272004489496,3.077013512787366
1137,6.1764495348539485,3.0762557740726924
1138,6.177625818032456,3.0754982730224327
1139,6.178800856086524,3.0747410101446406
1140,6.179974651072588,3.0739839859455738
1141,6.181147205042058,3.073227200929704
1142,6.182318520041301,3.072470655599716
1143,6.183488598111695,3.071714350456517
1144,6.184657441289614,3.0709582859992386
1145,6.185825051606462,3.0702024627252373
1146,6.186991431088683,3.0694468811301063
1147,6.188156581757777,3.0686915417076737
1148,6.189320505630314,3.0679364449500075
1149,6.19048320471795,3.067181591347421
1150,6.191644681027449,3.066426981388477
1151,6.192804936560688,3.0656726155599925
1152,6.19396397331469,3.064918494347037
1153,6.195121793281604,3.0641646182329474
1154,6.196278398448771,3.063410987699322
1155,6.1974337907986925,3.062657603226029
1156,6.198587972309074,3.0619044652912093
1157,6.199740944952834,3.0611515743712827
1158,6.2008927106981035,3.060398930940951
1159,6.202043271508272,3.0596465354731976
1160,6.203192629341973,3.0588943884392985
1161,6.204340786153115,3.058142490308822
1162,6.205487743890887,3.0573908415496356
1163,6.206633504499791,3.056639442627903
1164,6.207778069919628,3.0558882940080987
1165,6.208921442085544,3.0551373961530013
1166,6.210063622928017,3.054386749523708
1167,6.21120461437289,3.0536363545796283
1168,6.212344418341379,3.0528862117784947
1169,6.213483036750088,3.052136321576364
1170,6.214620471511031,3.051386684427621
1171,6.215756724531622,3.050637300784984
1172,6.216891797714728,3.0498881710995085
1173,6.218025692958641,3.049139295820588
1174,6.219158412157129,3.04839067539596
1175,6.220289957199419,3.047642310271712
1176,6.221420329970238,3.0468942008922837
1177,6.222549532349815,3.0461463477004664
1178,6.223677566213882,3.045398751137416
1179,6.22480443343372,3.0446514116426457
1180,6.225930135876141,3.0439043296540413
1181,6.227054675403511,3.043157505607854
1182,6.228178053873785,3.042410939938715
1183,6.2293002731404865,3.0416646330796304
1184,6.230421335052745,3.0409185854619865
1185,6.231541241455298,3.0401727975155604
1186,6.232659994188522,3.0394272696685136
1187,6.233777595088415,3.0386820023474046
1188,6.234894045986636,3.0379369959771862
1189,6.2360093487105175,3.0371922509812124
1190,6.2371235050830585,3.0364477677812425
1191,6.238236516922961,3.0357035467974414
1192,6.239348386044633,3.0349595884483898
1193,6.240459114258192,3.0342158931510803
1194,6.241568703369504,3.033472461320923
1195,6.242677155180163,3.032729293371756
1196,6.243784471487536,3.031986389715839
1197,6.244890654084757,3.0312437507638617
1198,6.245995704760741,3.030501376924949
1199,6.247099625300207,3.0297592686066643
1200,6.248202417483683,3.0290174262150082
1201,6.249304083087519,3.028275850154427
1202,6.250404623883898,3.027534540827815
1203,6.251504041640858,3.0267934986365193
1204,6.252602338122289,3.0260527239803388
1205,6.25369951508797,3.0253122172575337
1206,6.254795574293555,3.024571978864825
1207,6.255890517490598,3.0238320091974007
1208,6.256984346426572,3.0230923086489154
1209,6.258077062844862,3.0223528776115
1210,6.259168668484801,3.0216137164757573
1211,6.260259165081669,3.0208748256307754
1212,6.261348554366697,3.02013620546412
1213,6.262436838067099,3.0193978563618473
1214,6.263524017906075,3.018659778708502
1215,6.264610095602818,3.017921972887123
1216,6.265695072872529,3.0171844392792457
1217,6.266778951426442,3.016447178264909
1218,6.267861732971804,3.0157101902226513
1219,6.268943419211931,3.0149734755295223
1220,6.270024011846182,3.014237034561081
1221,6.271103512569994,3.013500867691402
1222,6.272181923074872,3.012764975293076
1223,6.27325924504843,3.012029357737214
1224,6.274335480174383,3.011294015393456
1225,6.2754106301325505,3.0105589486299675
1226,6.2764846965988985,3.0098241578134455
1227,6.277557681245516,3.0090896433091214
1228,6.278629585740659,3.008355405480764
1229,6.279700411748729,3.007621444690687
1230,6.280770160930317,3.0068877612997444
1231,6.281838834942193,3.0061543556673445
1232,6.282906435437331,3.0054212281514414
1233,6.283972964064905,3.0046883791085466
1234,6.285038422470307,3.003955808893731
1235,6.28610281229517,3.0032235178606257
1236,6.2871661351773644,3.0024915063614257
1237,6.288228392751019,3.001759774746898
1238,6.289289586646518,3.0010283233663775
1239,6.290349718490523,3.0002971525677755
1240,6.291408789905998,2.9995662626975808
1241,6.29246680251218,2.9988356541008656
1242,6.293523757924636,2.9981053271212836
1243,6.294579657755247,2.997375282101079
1244,6.295634503612218,2.9966455193810853
1245,6.296688297100099,2.9959160393007345
1246,6.297741039819803,2.9951868421980508
1247,6.298792733368592,2.994457928409663
1248,6.299843379340105,2.9937292982708024
1249,6.300892979324372,2.99300095211531
1250,6.301941534907811,2.992272890275635
1251,6.3029890476732575,2.991545113082842
1252,6.304035519199946,2.9908176208666117
1253,6.3050809510635535,2.990090413955245
1254,6.3061253448361905,2.9893634926756683
1255,6.307168702086417,2.988636857353431
1256,6.308211024379243,2.9879105083127167
1257,6.30925231327616,2.9871844458763377
1258,6.310292570335124,2.9864586703657467
1259,6.311331797110599,2.9857331821010313
1260,6.312369995153536,2.985007981400926
1261,6.313407166011397,2.9842830685828057
1262,6.314443311228172,2.9835584439627008
1263,6.315478432344374,2.9828341078552874
1264,6.316512530897063,2.9821100605739006
1265,6.317545608419843,2.9813863024305305
1266,6.318577666442888,2.9806628337358316
1267,6.319608706492934,2.9799396547991197
1268,6.320638730093301,2.979216765928382
1269,6.321667738763904,2.9784941674302714
1270,6.322695734021251,2.977771859610118
1271,6.323722717378476,2.9770498427719287
1272,6.3247486903453085,2.9763281172183866
1273,6.325773654428133,2.9756066832508616
1274,6.326797611129959,2.974885541169409
1275,6.327820561950464,2.9741646912727693
1276,6.328842508385956,2.9734441338583792
1277,6.329863451929441,2.9727238692223703
1278,6.330883394070587,2.9720038976595697
1279,6.331902336295757,2.9712842194635067
1280,6.332920280088012,2.9705648349264164
1281,6.333937226927114,2.9698457443392394
1282,6.334953178289556,2.9691269479916267
1283,6.335968135648548,2.9684084461719418
1284,6.336982100474038,2.967690239167268
1285,6.337995074232715,2.966972327263401
1286,6.339007058388034,2.966254710744866
1287,6.340018054400207,2.965537389894909
1288,6.341028063726219,2.9648203649955054
1289,6.34203708781984,2.964103636327361
1290,6.3430451281316325,2.963387204169918
1291,6.344052186108957,2.962671068801352
1292,6.345058263195994,2.9619552304985826
1293,6.346063360833729,2.9612396895372672
1294,6.347067480459992,2.9605244461918145
1295,6.348070623509437,2.9598095007353793
1296,6.349072791413572,2.9590948534398693
1297,6.350073985600763,2.958380504575944
1298,6.3510742074962385,2.957666454413024
1299,6.352073458522094,2.9569527032192893
1300,6.353071740097322,2.9562392512616813
1301,6.3540690536378,2.9555260988059096
1302,6.355065400556295,2.9548132461164553
1303,6.356060782262502,2.9541006934565663
1304,6.3570552001630265,2.953388441088269
1305,6.358048655661397,2.9526764892723683
1306,6.359041150158082,2.9519648382684465
1307,6.360032685050489,2.951253488334872
1308,6.361023261732992,2.950542439728799
1309,6.362012881596911,2.949831692706172
1310,6.3630015460305485,2.949121247521726
1311,6.363989256419178,2.948411104428992
1312,6.364976014145062,2.947701263680298
1313,6.365961820587457,2.9469917255267735
1314,6.366946677122637,2.9462824902183513
1315,6.367930585123874,2.945573558003771
1316,6.368913545961467,2.944864929130581
1317,6.369895561002741,2.9441566038451397
1318,6.3708766316120755,2.9434485823926244
1319,6.37185675915087,2.9427408650170266
1320,6.372835944977606,2.942033451961159
1321,6.373814190447804,2.9413263434666574
1322,6.374791496914071,2.940619539773985
1323,6.375767865726094,2.939913041122431
1324,6.376743298230639,2.939206847750119
1325,6.377717795771575,2.9385009598940037
1326,6.3786913596898795,2.93779537778988
1327,6.379663991323631,2.9370901016723803
1328,6.380635692008033,2.936385131774981
1329,6.381606463075419,2.9356804683300033
1330,6.382576305855263,2.9349761115686146
1331,6.383545221674177,2.934272061720836
1332,6.384513211855926,2.933568319015541
1333,6.385480277721441,2.9328648836804585
1334,6.386446420588814,2.932161755942178
1335,6.387411641773325,2.9314589360261474
1336,6.3883759425874285,2.9307564241566824
1337,6.389339324340768,2.9300542205569653
1338,6.390301788340197,2.9293523254490466
1339,6.391263335889777,2.92865073905385
1340,6.392223968290773,2.927949461591174
1341,6.393183686841691,2.9272484932796963
1342,6.394142492838245,2.926547834336974
1343,6.395100387573411,2.9258474849794474
1344,6.396057372337396,2.9251474454224415
1345,6.397013448417671,2.9244477158801723
1346,6.397968617098962,2.9237482965657455
1347,6.398922879663264,2.923049187691163
1348,6.399876237389855,2.9223503894673173
1349,6.400828691555294,2.9216519021040073
1350,6.401780243433431,2.9209537258099285
1351,6.40273089429541,2.9202558607926825
1352,6.403680645409694,2.919558307258779
1353,6.404629498042053,2.9188610654136364
1354,6.405577453455582,2.9181641354615837
1355,6.406524512910701,2.917467517605868
1356,6.407470677665166,2.9167712120486526
1357,6.408415948974082,2.91607521899102
1358,6.409360328089899,2.915379538632976
1359,6.410303816262436,2.9146841711734526
1360,6.411246414738863,2.913989116810308
1361,6.4121881247637385,2.913294375740333
1362,6.413128947578982,2.9125999481592477
1363,6.414068884423922,2.911905834261714
1364,6.415007936535268,2.9112120342413257
1365,6.415946105147132,2.9105185482906215
1366,6.416883391491035,2.909825376601082
1367,6.4178197967959205,2.9091325193631326
1368,6.418755322288149,2.908439976766149
1369,6.419689969191512,2.9077477489984584
1370,6.420623738727236,2.9070558362473387
1371,6.421556632113999,2.906364238699026
1372,6.422488650567922,2.905672956538714
1373,6.423419795302586,2.90498198995056
1374,6.424350067529039,2.9042913391176812
1375,6.425279468455801,2.9036010042221627
1376,6.426207999288867,2.902910985445059
1377,6.427135661231722,2.902221282966395
1378,6.428062455485339,2.90153189696517
1379,6.428988383248198,2.9008428276193596
1380,6.429913445716273,2.9001540751059145
1381,6.430837644083065,2.8994656396007734
1382,6.43176097953958,2.8987775212788516
1383,6.432683453274362,2.898089720314056
1384,6.4336050664734845,2.89740223687928
1385,6.434525820320556,2.896715071146406
1386,6.43544571599674,2.8960282232863137
1387,6.436364754680739,2.8953416934688763
1388,6.437282937548839,2.8946554818629675
1389,6.438200265774865,2.8939695886364594
1390,6.43911674053024,2.893284013956229
1391,6.440032362983945,2.8925987579881602
1392,6.440947134302555,2.8919138208971438
1393,6.441861055650246,2.8912292028470796
1394,6.442774128188774,2.890544904000885
1395,6.443686353077526,2.889860924520488
1396,6.4445977314734755,2.889177264566838
1397,6.4455082645312345,2.888493924299905
1398,6.446417953403021,2.88781090387868
1399,6.447326799238704,2.8871282034611787
1400,6.448234803185773,2.886445823204445
1401,6.44914196638937,2.885763763264555
1402,6.450048289992286,2.885082023796617
1403,6.450953775134965,2.884400604954769
1404,6.451858422955522,2.883719506892193
1405,6.452762234589736,2.8830387297611053
1406,6.453665211171054,2.882358273712767
1407,6.454567353830612,2.881678138897484
1408,6.455468663697242,2.880998325464607
1409,6.456369141897456,2.880318833562536
1410,6.457268789555468,2.879639663338723
1411,6.458167607793201,2.8789608149396737
1412,6.459065597730298,2.8782822885109507
1413,6.459962760484105,2.877604084197174
1414,6.460859097169704,2.8769262021420237
1415,6.461754608899907,2.8762486424882443
1416,6.462649296785252,2.875571405377647
1417,6.463543161934031,2.874894490951107
1418,6.464436205452285,2.8742178993485736
1419,6.465328428443801,2.873541630709067
1420,6.466219832010128,2.8728656851706798
1421,6.467110417250593,2.872190062870586
1422,6.468000185262285,2.8715147639450365
1423,6.468889137140068,2.870839788529363
1424,6.469777273976603,2.8701651367579832
1425,6.4706645968623295,2.869490808764402
1426,6.471551106885489,2.8688168046812077
1427,6.472436805132124,2.8681431246400853
1428,6.473321692686087,2.86746976877181
1429,6.474205770629035,2.866796737206253
1430,6.475089040040458,2.866124030072382
1431,6.475971501997658,2.865451647498267
1432,6.476853157575773,2.8647795896110773
1433,6.477734007847784,2.8641078565370908
1434,6.478614053884501,2.8634364484016874
1435,6.479493296754591,2.862765365329359
1436,6.480371737524574,2.862094607443708
1437,6.4812493772588295,2.8614241748674494
1438,6.482126217019598,2.8607540677224153
1439,6.48300225786699,2.860084286129555
1440,6.483877500859003,2.8594148302089364
1441,6.484751947051501,2.858745700079753
1442,6.485625597498242,2.858076895860323
1443,6.486498453250878,2.857408417668086
1444,6.48737051535896,2.8567402656196164
1445,6.488241784869941,2.856072439830618
1446,6.489112262829182,2.8554049404159256
1447,6.489981950279959,2.8547377674895147
1448,6.490850848263473,2.8540709211644946
1449,6.491718957818847,2.8534044015531155
1450,6.49258627998313,2.8527382087667705
1451,6.493452815791317,2.852072342915998
1452,6.494318566276343,2.85140680411048
1453,6.495183532469082,2.8507415924590482
1454,6.496047715398373,2.8500767080696896
1455,6.496911116091006,2.849412151049538
1456,6.497773735571731,2.8487479215048856
1457,6.498635574863276,2.848084019541182
1458,6.499496634986335,2.8474204452630376
1459,6.5003569169595785,2.8467571987742195
1460,6.501216421799679,2.8460942801776645
1461,6.502075150521275,2.845431689575473
1462,6.502933104137022,2.844769427068914
1463,6.5037902836575565,2.844107492758426
1464,6.504646690091531,2.8434458867436194
1465,6.505502324445612,2.8427846091232807
1466,6.50635718772447,2.842123659995374
1467,6.507211280930805,2.8414630394570386
1468,6.508064605065341,2.8408027476045983
1469,6.508917161126833,2.8401427845335565
1470,6.509768950112066,2.8394831503386064
1471,6.510619973015882,2.8388238451136236
1472,6.511470230831154,2.8381648689516767
1473,6.51231972454881,2.8375062219450227
1474,6.513168455157842,2.836847904185114
1475,6.51401642364529,2.836189915762599
1476,6.514863630996274,2.8355322567673222
1477,6.515710078193975,2.834874927288329
1478,6.516555766219661,2.834217927413866
1479,6.517400696052666,2.8335612572313837
1480,6.518244868670427,2.8329049168275398
1481,6.519088285048462,2.832248906288198
1482,6.519930946160388,2.831593225698434
1483,6.5207728529779265,2.830937875142535
1484,6.521614006470892,2.8302828547040018
1485,6.522454407607222,2.829628164465552
1486,6.523294057352971,2.828973804509121
1487,6.524132956672307,2.828319774915866
1488,6.524971106527524,2.827666075766165
1489,6.525808507879051,2.8270127071396214
1490,6.5266451616854475,2.826359669115063
1491,6.52748106890341,2.8257069617705506
1492,6.52831623048779,2.825054585183369
1493,6.529150647391576,2.824402539430041
1494,6.529984320565917,2.823750824586323
1495,6.530817250960118,2.8230994407272045
1496,6.5316494395216536,2.822448387926917
1497,6.532480887196155,2.8217976662589317
1498,6.533311594927441,2.821147275795961
1499,6.534141563657489,2.8204972166099647
1500,6.534970794326472,2.8198474887721448
1501,6.535799287872753,2.8191980923529556
1502,6.53662704523287,2.8185490274221
1503,6.537454067341571,2.817900294048535
1504,6.5382803551318025,2.8172518923004692
1505,6.539105909534706,2.81660382224537
1506,6.539930731479644,2.815956083949963
1507,6.540754821894191,2.815308677480233
1508,6.541578181704135,2.8146616029014275
1509,6.54240081183349,2.814014860278058
1510,6.5432227132045,2.8133684496739026
1511,6.544043886737641,2.812722371152008
1512,6.544864333351615,2.8120766247746904
1513,6.545684053963384,2.811431210603538
1514,6.546503049488137,2.810786128699412
1515,6.547321320839328,2.8101413791224528
1516,6.548138868928656,2.809496961932074
1517,6.5489556946660885,2.808852877186973
1518,6.549771798959833,2.808209124945126
1519,6.550587182716399,2.807565705263794
1520,6.551401846840536,2.8069226181995233
1521,6.552215792235296,2.8062798638081485
1522,6.553029019801995,2.805637442144792
1523,6.5538415304402395,2.8049953532638683
1524,6.554653325047921,2.804353597219085
1525,6.5554644045212305,2.803712174063445
1526,6.556274769754655,2.8030710838492467
1527,6.557084421640986,2.8024303266280883
1528,6.557893361071319,2.8017899024508695
1529,6.5587015889350555,2.80114981136779
1530,6.55950910611992,2.8005100534283582
1531,6.560315913511954,2.799870628681384
1532,6.561122011995518,2.7992315371749887
1533,6.561927402453316,2.7985927789566025
1534,6.562732085766355,2.7979543540729663
1535,6.563536062814004,2.797316262570138
1536,6.564339334473964,2.796678504493488
1537,6.565141901622274,2.796041079887706
1538,6.565943765133332,2.7954039887968
1539,6.566744925879879,2.794767231264099
1540,6.567545384733017,2.794130807332257
1541,6.568345142562215,2.79349471704325
1542,6.569144200235303,2.792858960438383
1543,6.569942558618467,2.7922235375582876
1544,6.570740218576288,2.7915884484429276
1545,6.571537180971706,2.790953693131597
1546,6.572333446666058,2.7903192716629253
1547,6.573129016519049,2.7896851840748766
1548,6.573923891388784,2.7890514304047542
1549,6.574718072131767,2.788418010689199
1550,6.575511559602883,2.7877849249641953
1551,6.576304354655436,2.787152173265068
1552,6.577096458141115,2.7865197556264873
1553,6.577887870910041,2.7858876720824712
1554,6.578678593810729,2.7852559226663858
1555,6.579468627690124,2.7846245074109466
1556,6.58025797339358,2.7839934263482213
1557,6.581046631764893,2.7833626795096325
1558,6.581834603646266,2.7827322669259553
1559,6.582621889878352,2.7821021886273263
1560,6.583408491300242,2.7814724446432377
1561,6.584194408749445,2.780843035002545
1562,6.5849796430619385,2.780213959733462
1563,6.585764195072146,2.7795852188635735
1564,6.5865480656129245,2.7789568124198256
1565,6.587331255515606,2.778328740428533
1566,6.58811376560997,2.77770100291538
1567,6.58889559672427,2.7770735999054237
1568,6.589676749685212,2.776446531423093
1569,6.590457225317995,2.775819797492191
1570,6.5912370244462695,2.7751933981358996
1571,6.592016147892183,2.7745673333767775
1572,6.592794596476354,2.773941603236763
1573,6.593572371017886,2.773316207737176
1574,6.59434947233438,2.772691146898722
1575,6.595125901241929,2.7720664207414885
1576,6.595901658555116,2.771442029284953
1577,6.59667674508704,2.7708179725479796
1578,6.597451161649283,2.7701942505488235
1579,6.598224909051953,2.7695708633051312
1580,6.5989979881036644,2.768947810833944
1581,6.599770399611547,2.7683250931516974
1582,6.600542144381241,2.767702710274225
1583,6.601313223216929,2.7670806622167587
1584,6.6020836369213,2.766458948993931
1585,6.602853386295585,2.765837570619776
1586,6.603622472139545,2.7652165271077327
1587,6.6043908952514805,2.764595818470645
1588,6.605158656428228,2.7639754447207627
1589,6.6059257564651706,2.763355405869748
1590,6.606692196156244,2.762735701928669
1591,6.607457976293921,2.7621163329080103
1592,6.6082230976692475,2.761497298817667
1593,6.608987561071819,2.7608785996669507
1594,6.6097513672897925,2.7602602354645924
1595,6.610514517109891,2.7596422062187385
1596,6.61127701131741,2.7590245119369574
1597,6.612038850696214,2.7584071526262406
1598,6.61280003602874,2.757790128293001
1599,6.613560568096012,2.7571734389430778
1600,6.614320447677631,2.756557084581739
1601,6.615079675551791,2.755941065213678
1602,6.615838252495263,2.7553253808430203
1603,6.616596179283429,2.754710031473324
1604,6.617353456690256,2.7540950171075798
1605,6.618110085488309,2.7534803377482127
1606,6.618866066448762,2.7528659933970854
1607,6.619621400341397,2.7522519840554973
1608,6.620376087934597,2.7516383097241914
1609,6.621130129995373,2.7510249704033485
1610,6.621883527289335,2.750411966092594
1611,6.622636280580731,2.7497992967909983
1612,6.623388390632419,2.749186962497077
1613,6.624139858205897,2.748574963208795
1614,6.624890684061275,2.7479632989235663
1615,6.625640868957315,2.7473519696382547
1616,6.626390413651402,2.7467409753491783
1617,6.627139318899566,2.746130316052109
1618,6.627887585456489,2.745519991742272
1619,6.62863521407548,2.744910002414356
1620,6.629382205508515,2.7443003480625006
1621,6.63012856050622,2.743691028680314
1622,6.63087427981787,2.743082044260859
1623,6.631619364191409,2.7424733947966677
1624,6.632363814373437,2.741865080279734
1625,6.63310763110922,2.741257100701521
1626,6.633850815142695,2.7406494560529575
1627,6.634593367216474,2.740042146324443
1628,6.635335288071842,2.73943517150585
1629,6.636076578448766,2.7388285315865217
1630,6.636817239085888,2.738222226555277
1631,6.637557270720539,2.7376162564004103
1632,6.638296674088736,2.7370106211096927
1633,6.6390354499251965,2.736405320670376
1634,6.639773598963322,2.735800355069191
1635,6.640511121935214,2.735195724292352
1636,6.641248019571676,2.7345914283255555
1637,6.64198429260222,2.7339874671539834
1638,6.642719941755055,2.733383840762305
1639,6.6434549677571075,2.732780549134676
1640,6.644189371334018,2.7321775922547435
1641,6.644923153210135,2.731574970105645
1642,6.645656314108529,2.7309726826700094
1643,6.646388854751007,2.730370729929963
1644,6.647120775858081,2.7297691118671232
1645,6.647852078149,2.7291678284626073
1646,6.648582762341747,2.728566879697031
1647,6.649312829153033,2.727966265550509
1648,6.650042279298312,2.7273659860026584
1649,6.650771113491781,2.726766041032599
1650,6.651499332446368,2.726166430618954
1651,6.65222693687376,2.725567154739854
1652,6.652953927484386,2.7249682133729367
1653,6.653680304987439,2.724369606495348
1654,6.654406070090846,2.723771334083744
1655,6.65513122350131,2.723173396114294
1656,6.655855765924293,2.7225757925626786
1657,6.656579698064012,2.7219785234040943
1658,6.6573030206234645,2.721381588613253
1659,6.658025734304396,2.7207849881643837
1660,6.6587478398073605,2.7201887220312373
1661,6.659469337831651,2.7195927901870807
1662,6.660190229075358,2.718997192604706
1663,6.660910514235355,2.718401929256428
1664,6.661630194007292,2.717807000114083
1665,6.6623492690856025,2.71721240514904
1666,6.66306774016353,2.7166181443321884
1667,6.663785607933094,2.7160242176339526
1668,6.664502873085106,2.7154306250242812
1669,6.6652195363091975,2.7148373664726617
1670,6.665935598293779,2.714244441948108
1671,6.6666510597260755,2.713651851419175
1672,6.6673659212921255,2.7130595948539473
1673,6.668080183676759,2.712467672220052
1674,6.668793847563638,2.711876083484652
1675,6.6695069136352325,2.711284828614452
1676,6.670219382572827,2.710693907575698
1677,6.67093125505653,2.7101033203341784
1678,6.671642531765277,2.709513066855226
1679,6.67235321337683,2.7089231471037207
1680,6.673063300567765,2.708333561044089
1681,6.67377279401352,2.7077443086403035
1682,6.6744816943883425,2.7071553898558904
1683,6.675190002365325,2.7065668046539257
1684,6.675897718616401,2.7059785529970366
1685,6.67660484381235,2.7053906348474066
1686,6.6773113786227976,2.7048030501667735
1687,6.678017323716209,2.7042157989164304
1688,6.678722679759906,2.7036288810572326
1689,6.679427447420067,2.7030422965495906
1690,6.680131627361725,2.7024560453534776
1691,6.6808352202487695,2.7018701274284282
1692,6.681538226743952,2.7012845427335406
1693,6.68224064750889,2.700699291227479
1694,6.682942483204075,2.700114372868474
1695,6.683643734488856,2.6995297876143205
1696,6.684344402021456,2.6989455354223852
1697,6.685044486458986,2.6983616162496045
1698,6.6857439884574195,2.6977780300524854
1699,6.686442908671613,2.6971947767871085
1700,6.687141247755317,2.6966118564091284
1701,6.687839006361156,2.696029268873774
1702,6.688536185140642,2.695447014135854
1703,6.689232784744185,2.6948650921497515
1704,6.6899288058210855,2.694283502869432
1705,6.690624249019538,2.6937022462484386
1706,6.691319114986632,2.6931213222398998
1707,6.692013404368362,2.6925407307965257
1708,6.69270711780963,2.6919604718706105
1709,6.6934002559542405,2.6913805454140354
1710,6.694092819444903,2.690800951378268
1711,6.694784808923235,2.690221689714366
1712,6.695476225029782,2.6896427603729736
1713,6.696167068403993,2.6890641633043284
1714,6.696857339684234,2.6884858984582616
1715,6.697547039507803,2.687907965784196
1716,6.698236168510914,2.6873303652311487
1717,6.698924727328707,2.686753096747735
1718,6.699612716595255,2.6861761602821663
1719,6.700300136943553,2.685599555782254
1720,6.700986989005539,2.685023283195407
1721,6.701673273412077,2.684447342468637
1722,6.7023589907929875,2.6838717335485605
1723,6.703044141777009,2.6832964563813926
1724,6.7037287269918355,2.6827215109129585
1725,6.704412747064107,2.682146897088686
1726,6.705096202619403,2.6815726148536125
1727,6.705779094282268,2.6809986641523835
1728,6.706461422676182,2.6804250449292546
1729,6.707143188423594,2.6798517571280924
1730,6.707824392145908,2.6792788006923764
1731,6.70850503446348,2.6787061755651984
1732,6.709185115995636,2.6781338816892686
1733,6.709864637360668,2.6775619190069078
1734,6.710543599175826,2.6769902874600606
1735,6.711222002057339,2.676418986990286
1736,6.711899846620407,2.6758480175387636
1737,6.712577133479194,2.675277379046294
1738,6.713253863246855,2.6747070714533008
1739,6.713930036535515,2.6741370946998306
1740,6.71460565395628,2.673567448725556
1741,6.715280716119243,2.672998133469773
1742,6.7159552236334825,2.6724291488714074
1743,6.716629177107062,2.6718604948690103
1744,6.717302577147043,2.6712921714007654
1745,6.717975424359464,2.6707241784044853
1746,6.718647719349382,2.6701565158176153
1747,6.719319462720829,2.669589183577232
1748,6.719990655076852,2.6690221816200497
1749,6.720661297019491,2.6684555098824148
1750,6.721331389149793,2.667889168300312
1751,6.722000932067809,2.6673231568093643
1752,6.72266992637261,2.6667574753448324
1753,6.723338372662262,2.6661921238416175
1754,6.724006271533856,2.6656271022342635
1755,6.724673623583488,2.6650624104569545
1756,6.725340429406284,2.6644980484435203
1757,6.726006689596383,2.663934016127435
1758,6.7266724047469415,2.6633703134418183
1759,6.727337575450153,2.662806940319437
1760,6.7280022022972235,2.662243896692708
1761,6.728666285878398,2.661681182493694
1762,6.729329826782947,2.661118797654113
1763,6.72999282559918,2.6605567421053316
1764,6.730655282914431,2.65999501577837
1765,6.731317199315084,2.6594336186039023
1766,6.731978575386559,2.6588725505122595
1767,6.732639411713303,2.6583118114334274
1768,6.733299708878835,2.6577514012970473
1769,6.733959467465694,2.657191320032425
1770,6.73461868805549,2.656631567568521
1771,6.735277371228863,2.656072143833957
1772,6.735935517565513,2.6555130487570193
1773,6.736593127644199,2.6549542822656576
1774,6.737250202042739,2.6543958442874804
1775,6.737906741337996,2.653837734749769
1776,6.7385627461059086,2.653279953579466
1777,6.7392182169214685,2.652722500703183
1778,6.739873154358744,2.652165376047201
1779,6.740527558990858,2.6516085795374718
1780,6.7411814313900145,2.6510521110996152
1781,6.741834772127474,2.650495970658926
1782,6.742487581773591,2.6499401581403683
1783,6.743139860897775,2.6493846734685866
1784,6.743791610068532,2.6488295165678934
1785,6.744442829853429,2.648274687362284
1786,6.745093520819133,2.6477201857754276
1787,6.7457436835313915,2.6471660117306723
1788,6.746393318555027,2.6466121651510486
1789,6.747042426453949,2.646058645959264
1790,6.747691007791174,2.6455054540777097
1791,6.748339063128803,2.6449525894284602
1792,6.748986593028023,2.6444000519332733
1793,6.74963359804913,2.6438478415135926
1794,6.750280078751503,2.6432959580905475
1795,6.750926035693642,2.6427444015849533
1796,6.751571469433128,2.6421931719173166
1797,6.75221638052666,2.6416422690078307
1798,6.752860769530035,2.6410916927763797
1799,6.753504636998166,2.6405414431425402
1800,6.754147983485068,2.6399915200255815
1801,6.754790809543879,2.6394419233444646
1802,6.7554331157268415,2.638892653017847
1803,6.756074902585314,2.638343708964081
1804,6.756716170669775,2.637795091101217
1805,6.757356920529832,2.637246799347
1806,6.757997152714204,2.636698833618876
1807,6.758636867770732,2.6361511938339937
1808,6.7592760662463895,2.6356038799091963
1809,6.75991474868728,2.6350568917610335
1810,6.760552915638628,2.6345102293057567
1811,6.761190567644796,2.6339638924593225
1812,6.761827705249279,2.6334178811373894
1813,6.762464328994707,2.6328721952553256
1814,6.763100439422845,2.6323268347282034
1815,6.763736037074604,2.6317817994708057
1816,6.764371122490024,2.6312370893976222
1817,6.765005696208306,2.630692704422854
1818,6.765639758767782,2.6301486444604136
1819,6.7662733107059285,2.629604909423924
1820,6.766906352559389,2.6290614992267245
1821,6.767538884863935,2.6285184137818636
1822,6.76817090815451,2.627975653002111
1823,6.768802422965201,2.6274332167999477
1824,6.769433429829248,2.626891105087573
1825,6.770063929279059,2.6263493177769064
1826,6.770693921846201,2.625807854779584
1827,6.771323408061395,2.6252667160069634
1828,6.7719523884545305,2.624725901370123
1829,6.772580863554665,2.624185410779864
1830,6.773208833890016,2.623645244146709
1831,6.773836299987979,2.623105401380906
1832,6.774463262375113,2.6225658823924283
1833,6.775089721577157,2.622026687090974
1834,6.775715678119017,2.6214878153859686
1835,6.776341132524779,2.6209492671865666
1836,6.776966085317712,2.620411042401651
1837,6.7775905370202505,2.6198731409398324
1838,6.778214488154037,2.6193355627094563
1839,6.778837939239861,2.6187983076185986
1840,6.779460890797731,2.6182613755750648
1841,6.780083343346827,2.6177247664863996
1842,6.780705297405519,2.6171884802598786
1843,6.781326753491367,2.6166525168025134
1844,6.781947712121131,2.616116876021054
1845,6.782568173810755,2.6155815578219865
1846,6.783188139075388,2.615046562111535
1847,6.783807608429361,2.614511888795667
1848,6.784426582386233,2.613977537780085
1849,6.785045061458738,2.6134435089702364
1850,6.785663046158822,2.6129098022713086
1851,6.7862805369976344,2.6123764175882345
1852,6.786897534485539,2.611843354825691
1853,6.787514039132095,2.6113106138880973
1854,6.788130051446083,2.610778194679622
1855,6.788745571935486,2.6102460971041785
1856,6.789360601107507,2.609714321065431
1857,6.78997513946856,2.609182866466787
1858,6.790589187524278,2.6086517332114085
1859,6.791202745779514,2.608120921202208
1860,6.791815814738338,2.6075904303418467
1861,6.7924283949040385,2.6070602605327404
1862,6.793040486779135,2.6065304116770576
1863,6.793652090865367,2.6060008836767223
1864,6.794263207663706,2.605471676433411
1865,6.794873837674348,2.6049427898485598
1866,6.795483981396718,2.6044142238233587
1867,6.7960936393294755,2.603885978258758
1868,6.796702811970513,2.603358053055465
1869,6.797311499816958,2.6028304481139486
1870,6.797919703365175,2.602303163334436
1871,6.798527423110775,2.6017761986169172
1872,6.799134659548583,2.6012495538611446
1873,6.7997414131727,2.6007232289666353
1874,6.800347684476443,2.600197223832667
1875,6.800953473952392,2.599671538358286
1876,6.801558782092365,2.5991461724423024
1877,6.802163609387434,2.5986211259832945
1878,6.802767956327911,2.598096398879606
1879,6.803371823403369,2.5975719910293527
1880,6.803975211102631,2.597047902330417
1881,6.804578119913772,2.5965241326804525
1882,6.805180550324127,2.5960006819768844
1883,6.805782502820288,2.5954775501169087
1884,6.8063839778881,2.5949547369974963
1885,6.806984976012686,2.5944322425153907
1886,6.8075854976784145,2.59391006656711
1887,6.8081855433689284,2.593388209048947
1888,6.808785113567124,2.592866669856973
1889,6.809384208755185,2.592345448887035
1890,6.809982829414548,2.5918245460347578
1891,6.810580976025923,2.5913039611955453
1892,6.811178649069294,2.5907836942645837
1893,6.811775849023917,2.5902637451368355
1894,6.812372576368334,2.5897441137070487
1895,6.812968831580347,2.5892247998697493
1896,6.813564615137043,2.5887058035192516
1897,6.814159927514792,2.5881871245496493
1898,6.814754769189241,2.587668762854823
1899,6.8153491406353295,2.587150718328439
1900,6.815943042327264,2.58663299086395
1901,6.816536474738551,2.586115580354595
1902,6.817129438341978,2.585598486693403
1903,6.817721933609634,2.58508170977319
1904,6.818313961012872,2.584565249486563
1905,6.818905521022361,2.5840491057259194
1906,6.819496614108065,2.5835332783834484
1907,6.820087240739216,2.5830177673511305
1908,6.820677401384373,2.5825025725207387
1909,6.821267096511376,2.5819876937838417
1910,6.8218563265873735,2.5814731310318026
1911,6.822445092078798,2.580958884155779
1912,6.823033393451411,2.5804449530467255
1913,6.823621231170254,2.5799313375953936
1914,6.824208605699689,2.5794180376923324
1915,6.824795517503377,2.5789050532278903
1916,6.82538196704429,2.578392384092215
1917,6.8259679547847085,2.5778800301752534
1918,6.826553481186231,2.577367991366757
1919,6.827138546709754,2.5768562675562747
1920,6.8277231518155,2.5763448586331603
1921,6.82830729696301,2.575833764486572
1922,6.828890982611131,2.5753229850054704
1923,6.829474209218038,2.574812520078623
1924,6.830056977241213,2.574302369594601
1925,6.830639287137475,2.5737925334417833
1926,6.831221139362962,2.573283011508357
1927,6.831802534373128,2.5727738036823173
1928,6.832383472622755,2.572264909851467
1929,6.832963954565961,2.571756329903418
1930,6.833543980656188,2.5712480637255966
1931,6.834123551346201,2.5707401112052364
1932,6.834702667088102,2.570232472229385
1933,6.835281328333323,2.5697251466849003
1934,6.8358595355326415,2.5692181344584597
1935,6.836437289136156,2.568711435436548
1936,6.837014589593304,2.5682050495054694
1937,6.837591437352867,2.567698976551342
1938,6.838167832862963,2.5671932164601015
1939,6.838743776571057,2.566687769117502
1940,6.839319268923944,2.566182634409112
1941,6.839894310367774,2.5656778122203234
1942,6.8404689013480375,2.565173302436345
1943,6.841043042309573,2.5646691049422063
1944,6.841616733696567,2.5641652196227587
1945,6.842189975952549,2.563661646362675
1946,6.842762769520407,2.5631583850464494
1947,6.843335114842383,2.5626554355584026
1948,6.843907012360061,2.5621527977826766
1949,6.844478462514391,2.5616504716032393
1950,6.845049465745673,2.561148456903884
1951,6.845620022493568,2.56064675356823
1952,6.846190133197093,2.5601453614797234
1953,6.846759798294622,2.5596442805216406
1954,6.847329018223899,2.5591435105770826
1955,6.847897793422019,2.5586430515289815
1956,6.8484661243254585,2.5581429032601
1957,6.849034011370042,2.5576430656530307
1958,6.849601454990969,2.557143538590197
1959,6.8501684556228035,2.5566443219538546
1960,6.850735013699478,2.5561454156260943
1961,6.851301129654305,2.555646819488837
1962,6.8518668039199575,2.55514853342384
1963,6.852432036928487,2.5546505573126934
1964,6.852996829111322,2.5541528910368276
1965,6.853561180899259,2.5536555344775036
1966,6.854125092722479,2.5531584875158226
1967,6.8546885650105365,2.552661750032724
1968,6.8552515981923685,2.552165321908984
1969,6.855814192696298,2.551669203025218
1970,6.856376348950015,2.5511733932618834
1971,6.8569380673806055,2.550677892499276
1972,6.857499348414546,2.5501827006175355
1973,6.858060192477671,2.549687817496639
1974,6.8586205999952385,2.549193243016409
1975,6.859180571391875,2.548698977056514
1976,6.859740107091597,2.548205019496461
1977,6.860299207517815,2.547711370215607
1978,6.860857873093333,2.5472180290931496
1979,6.861416104240346,2.5467249960081366
1980,6.861973901380449,2.5462322708394605
1981,6.862531264934624,2.54573985346586
1982,6.863088195323263,2.5452477437659256
1983,6.863644692966134,2.544755941618093
1984,6.864200758282447,2.5442644469006486
1985,6.864756391690757,2.543773259491731
1986,6.865311593609068,2.5432823792693253
1987,6.865866364454761,2.542791806111273
1988,6.866420704644643,2.5423015398952638
1989,6.866974614594896,2.541811580498842
1990,6.867528094721142,2.5413219277994044
1991,6.868081145438396,2.5408325816742034
1992,6.868633767161074,2.5403435420003455
1993,6.869185960303018,2.539854808654793
1994,6.86973772527748,2.539366381514363
1995,6.870289062497112,2.5388782604557303
1996,6.870839972374,2.5383904453554273
1997,6.871390455319627,2.5379029360898446
1998,6.871940511744908,2.537415732535231
1999,6.872490142060163,2.5369288345676946
2000,6.873039346675139,2.536442242063204
2001,6.873588125999004,2.5359559548975867
2002,6.874136480440337,2.5354699729465358
2003,6.8746844104071565,2.5349842960856024
2004,6.875231916306894,2.534498924190201
2005,6.875778998546405,2.53401385713561
2006,6.876325657531977,2.53352909479697
2007,6.87687189366932,2.5330446370492914
2008,6.877417707363573,2.532560483767442
2009,6.87796309901931,2.5320766348261605
2010,6.878508069040529,2.53159309010005
2011,6.879052617830665,2.531109849463582
2012,6.879596745792584,2.530626912791095
2013,6.880140453328581,2.5301442799567964
2014,6.8806837408404,2.52966195083476
2015,6.881226608729206,2.5291799252989327
2016,6.881769057395617,2.528698203223129
2017,6.882311087239673,2.5282167844810335
2018,6.882852698660868,2.5277356689462067
2019,6.883393892058132,2.527254856492077
2020,6.883934667829835,2.5267743469919437
2021,6.8844750263737975,2.5262941403189854
2022,6.885014968087269,2.5258142363462492
2023,6.885554493366967,2.525334634946661
2024,6.8860936026090345,2.524855335993017
2025,6.886632296209084,2.524376339357991
2026,6.887170574562149,2.5238976449141366
2027,6.887708438062736,2.5234192525338783
2028,6.888245887104798,2.522941162089522
2029,6.888782922081739,2.5224633734532502
2030,6.889319543386407,2.5219858864971254
2031,6.889855751411118,2.521508701093087
2032,6.890391546547639,2.5210318171129553
2033,6.890926929187186,2.520555234428434
2034,6.891461899720447,2.5200789529111027
2035,6.89199645853756,2.519602972432426
2036,6.892530606028122,2.5191272928637494
2037,6.8930643425811935,2.5186519140763024
2038,6.893597668585295,2.518176835941197
2039,6.894130584428417,2.5177020583294296
2040,6.894663090498006,2.51722758111188
2041,6.895195187180978,2.5167534041593136
2042,6.895726874863713,2.5162795273423835
2043,6.896258153932062,2.515805950531627
2044,6.896789024771336,2.515332673597468
2045,6.897319487766328,2.514859696410219
2046,6.897849543301297,2.5143870188400803
2047,6.89837919175997,2.513914640757141
2048,6.898908433525547,2.5134425620313783
2049,6.899437268980705,2.51297078253266
2050,6.899965698507592,2.5124993021307445
2051,6.900493722487838,2.5120281206952795
2052,6.901021341302546,2.5115572380958073
2053,6.901548555332295,2.5110866542017574
2054,6.902075364957145,2.5106163688824563
2055,6.902601770556643,2.510146382007121
2056,6.9031277725098,2.5096766934448635
2057,6.903653371195126,2.509207303064689
2058,6.90417856699061,2.508738210735499
2059,6.904703360273714,2.508269416326088
2060,6.905227751421399,2.5078009197051494
2061,6.905751740810106,2.5073327207412697
2062,6.9062753288157674,2.506864819302935
2063,6.906798515813796,2.506397215258528
2064,6.907321302179101,2.5059299084763293
2065,6.90784368828608,2.5054628988245176
2066,6.908365674508619,2.5049961861711725
2067,6.908887261220102,2.504529770384272
2068,6.909408448793396,2.5040636513316947
2069,6.909929237600877,2.503597828881219
2070,6.910449628014405,2.5031323029005255
2071,6.910969620405335,2.502667073257199
2072,6.911489215144528,2.5022021398187224
2073,6.912008412602343,2.501737502452484
2074,6.912527213148627,2.501273161025775
2075,6.913045617152737,2.50080911540579
2076,6.913563624983528,2.50034536545963
2077,6.914081237009357,2.4998819110543002
2078,6.914598453598087,2.4994187520567097
2079,6.9151152751170875,2.498955888333676
2080,6.915631701933217,2.4984933197519212
2081,6.9161477344128635,2.4980310461780766
2082,6.916663372921905,2.4975690674786803
2083,6.917178617825727,2.4971073835201776
2084,6.917693469489239,2.496645994168924
2085,6.918207928276848,2.496184899291184
2086,6.918721994552476,2.495724098753131
2087,6.919235668679551,2.4952635924208484
2088,6.919748951021024,2.4948033801603327
2089,6.920261841939352,2.4943434618374885
2090,6.920774341796515,2.4938838373181342
2091,6.92128645095399,2.4934245064680005
2092,6.921798169772794,2.4929654691527294
2093,6.922309498613453,2.492506725237878
2094,6.922820437835999,2.4920482745889174
2095,6.9233309878,2.49159011707123
2096,6.923841148864542,2.4911322525501154
2097,6.924350921388222,2.4906746808907894
2098,6.924860305729169,2.490217401958382
2099,6.925369302245033,2.4897604156179387
2100,6.925877911292981,2.489303721734425
2101,6.92638613322972,2.4888473201727197
2102,6.926893968411468,2.4883912107976234
2103,6.927401417193978,2.4879353934738497
2104,6.92790847993253,2.4874798680660377
2105,6.928415156981926,2.48702463443874
2106,6.928921448696509,2.486569692456433
2107,6.929427355430139,2.48611504198351
2108,6.929932877536224,2.485660682884288
2109,6.9304380153676926,2.485206615023002
2110,6.930942769277003,2.484752838263812
2111,6.931447139616165,2.4842993524707984
2112,6.931951126736704,2.4838461575079642
2113,6.93245473098969,2.4833932532392353
2114,6.932957952725729,2.482940639528463
2115,6.933460792294973,2.48248831623942
2116,6.9339632500470945,2.482036283235806
2117,6.934465326331328,2.481584540381244
2118,6.93496702149642,2.4811330875392836
2119,6.935468335890685,2.4806819245734
2120,6.93596926986197,2.4802310513469954
2121,6.936469823757662,2.4797804677233963
2122,6.936969997924692,2.479330173565861
2123,6.937469792709543,2.478880168737571
2124,6.9379692084582345,2.4784304531016397
2125,6.938468245516339,2.4779810265211086
2126,6.9389669042289706,2.477531888858944
2127,6.939465184940806,2.4770830399780506
2128,6.939963087996048,2.476634479741255
2129,6.940460613738466,2.4761862080113177
2130,6.940957762511376,2.4757382246509323
2131,6.941454534657649,2.47529052952272
2132,6.941950930519705,2.474843122489236
2133,6.942446950439516,2.4743960034129677
2134,6.942942594758611,2.473949172156336
2135,6.943437863818073,2.4735026285816946
2136,6.94393275795854,2.47305637255133
2137,6.9444272775202185,2.4726104039274643
2138,6.944921422842847,2.472164722572253
2139,6.945415194265749,2.471719328347789
2140,6.945908592127792,2.471274221116099
2141,6.946401616767411,2.470829400739144
2142,6.946894268522601,2.4703848670788253
2143,6.947386547730914,2.469940619996978
2144,6.947878454729473,2.4694966593553773
2145,6.948369989854953,2.4690529850157326
2146,6.9488611534436036,2.4686095968396944
2147,6.949351945831236,2.4681664946888513
2148,6.949842367353233,2.4677236784247296
2149,6.95033241834453,2.4672811479087966
2150,6.950822099139647,2.4668389030024582
2151,6.951311410072664,2.4663969435670623
2152,6.951800351477224,2.465955269463896
2153,6.95228892368656,2.465513880554189
2154,6.952777127033444,2.4650727766991114
2155,6.95326496185026,2.464631957759776
2156,6.953752428468934,2.464191423597238
2157,6.954239527220978,2.463751174072496
2158,6.95472625843747,2.4633112090464913
2159,6.95521262244907,2.4628715283801084
2160,6.955698619586021,2.462432131934177
2161,6.956184250178122,2.4619930195694715
2162,6.9566695145547754,2.4615541911467105
2163,6.957154413044934,2.4611156465265593
2164,6.957638945977151,2.460677385569627
2165,6.958123113679548,2.4602394081364714
2166,6.958606916479838,2.4598017140875945
2167,6.959090354705305,2.4593643032834467
2168,6.959573428682814,2.4589271755844266
2169,6.960056138738829,2.4584903308508803
2170,6.960538485199373,2.4580537689431
2171,6.961020468390078,2.4576174897213297
2172,6.961502088636147,2.457181493045762
2173,6.961983346262373,2.4567457787765363
2174,6.962464241593138,2.4563103467737464
2175,6.962944774952402,2.4558751968974315
2176,6.963424946663728,2.455440329007585
2177,6.9639047570502575,2.4550057429641505
2178,6.964384206434724,2.4545714386270236
2179,6.964863295139459,2.4541374158560494
2180,6.965342023486375,2.45370367451103
2181,6.965820391796981,2.4532702144517153
2182,6.96629840039238,2.4528370355378115
2183,6.966776049593274,2.4524041376289762
2184,6.967253339719945,2.451971520584824
2185,6.967730271092287,2.45153918426492
2186,6.968206844029778,2.451107128528786
2187,6.968683058851498,2.4506753532358987
2188,6.9691589158761245,2.4502438582456914
2189,6.969634415421932,2.44981264341755
2190,6.970109557806789,2.4493817086108196
2191,6.9705843433481816,2.4489510536848025
2192,6.971058772363173,2.4485206784987543
2193,6.971532845168447,2.448090582911891
2194,6.972006562080277,2.447660766783385
2195,6.972479923414542,2.4472312299723686
2196,6.97295292948673,2.446801972337931
2197,6.973425580611927,2.446372993739119
2198,6.973897877104832,2.445944294034943
2199,6.974369819279737,2.445515873084369
2200,6.974841407450554,2.445087730746325
2201,6.97531264193079,2.444659866879699
2202,6.975783523033568,2.4442322813433375
2203,6.97625405107162,2.443804973996053
2204,6.976724226357278,2.4433779446966164
2205,6.9771940492025,2.442951193303758
2206,6.977663519918838,2.442524719676178
2207,6.9781326388174705,2.4420985236725308
2208,6.978601406209173,2.441672605151438
2209,6.97906982240435,2.4412469639714853
2210,6.979537887713005,2.440821599991219
2211,6.980005602444763,2.4403965130691527
2212,6.980472966908867,2.4399717030637635
2213,6.98093998141417,2.43954716983349
2214,6.9814066462691455,2.439122913236741
2215,6.981872961781881,2.4386989331318882
2216,6.982338928260088,2.4382752293772696
2217,6.982804546011084,2.437851801831189
2218,6.9832698153418225,2.4374286503519174
2219,6.983734736558861,2.437005774797692
2220,6.984199309968393,2.4365831750267186
2221,6.98466353587622,2.4361608508971697
2222,6.985127414587772,2.435738802267185
2223,6.9855909464081005,2.4353170289948736
2224,6.986054131641885,2.4348955309383142
2225,6.986516970593425,2.4344743079555533
2226,6.9869794635666365,2.4340533599046057
2227,6.987441610865082,2.4336326866434588
2228,6.987903412791929,2.433212288030067
2229,6.988364869649983,2.4327921639223584
2230,6.988825981741677,2.4323723141782283
2231,6.9892867493690645,2.431952738655547
2232,6.989747172833844,2.4315334372121518
2233,6.990207252437325,2.431114409705855
2234,6.990666988480453,2.430695655994441
2235,6.991126381263818,2.4302771759356654
2236,6.991585431087625,2.4298589693872565
2237,6.9920441382517176,2.4294410362069176
2238,6.992502503055566,2.4290233762523226
2239,6.992960525798288,2.4286059893811225
2240,6.993418206778623,2.4281888754509384
2241,6.993875546294952,2.427772034319371
2242,6.994332544645287,2.4273554658439904
2243,6.994789202127288,2.426939169882347
2244,6.995245519038232,2.4265231462919616
2245,6.995701495675048,2.426107394930335
2246,6.996157132334303,2.425691915654942
2247,6.996612429312195,2.425276708323235
2248,6.997067386904572,2.424861772792641
2249,6.997522005406911,2.4244471089205666
2250,6.99797628511434,2.4240327165643945
2251,6.9984302263216245,2.4236185955814866
2252,6.998883829323161,2.4232047458291794
2253,6.999337094413014,2.4227911671647915
2254,6.999790021884872,2.4223778594456196
2255,7.000242612032068,2.4219648225289365
2256,7.000694865147591,2.421552056271998
2257,7.001146781524067,2.4211395605320383
2258,7.001598361453771,2.42072733516627
2259,7.002049605228613,2.4203153800318886
2260,7.002500513140176,2.4199036949860684
2261,7.002951085479668,2.4194922798859646
2262,7.003401322537954,2.419081134588715
2263,7.003851224605548,2.4186702589514386
2264,7.004300791972614,2.4182596528312335
2265,7.00475002492897,2.4178493160851837
2266,7.005198923764072,2.4174392485703544
2267,7.005647488767042,2.417029450143794
2268,7.006095720226652,2.416619920662532
2269,7.006543618431316,2.4162106599835824
2270,7.006991183669117,2.4158016679639434
2271,7.007438416227781,2.415392944460599
2272,7.007885316394695,2.4149844893305126
2273,7.008331884456894,2.414576302430636
2274,7.00877812070108,2.4141683836179055
2275,7.009224025413603,2.4137607327492416
2276,7.00966959888047,2.4133533496815507
2277,7.010114841387356,2.412946234271725
2278,7.010559753219583,2.4125393863766424
2279,7.0110043346621405,2.412132805853169
2280,7.011448585999665,2.4117264925581554
2281,7.011892507516472,2.4113204463484395
2282,7.01233609949652,2.4109146670808475
2283,7.012779362223444,2.410509154612192
2284,7.013222295980526,2.410103908799276
2285,7.013664901050725,2.409698929498887
2286,7.0141071777166575,2.4092942165678024
2287,7.014549126260601,2.4088897698627907
2288,7.014990746964498,2.408485589240605
2289,7.01543204010996,2.4080816745579923
2290,7.01587300597827,2.407678025671684
2291,7.016313644850356,2.4072746424384075
2292,7.016753957006833,2.406871524714876
2293,7.017193942727983,2.4064686723577937
2294,7.017633602293742,2.4060660852238573
2295,7.018072935983723,2.405663763169753
2296,7.0185119440772095,2.405261706052158
2297,7.018950626853158,2.404859913727743
2298,7.019388984590182,2.4044583860531685
2299,7.019827017566578,2.404057122885089
2300,7.020264726060317,2.4036561240801495
2301,7.020702110349023,2.403255389494989
2302,7.021139170710018,2.402854918986239
2303,7.021575907420278,2.4024547124105244
2304,7.022012320756459,2.402054769624463
2305,7.022448410994896,2.401655090484668
2306,7.022884178411592,2.401255674847745
2307,7.023319623282233,2.400856522570295
2308,7.023754745882164,2.400457633508912
2309,7.024189546486438,2.4000590075201873
2310,7.024624025369756,2.399660644460705
2311,7.0250581828065055,2.3992625441870468
2312,7.025492019070761,2.398864706555789
2313,7.025925534436262,2.3984671314235038
2314,7.026358729176446,2.3980698186467584
2315,7.026791603564405,2.397672768082119
2316,7.027224157872936,2.3972759795861465
2317,7.0276563923745075,2.396879453015401
2318,7.028088307341267,2.3964831882264384
2319,7.028519903045043,2.3960871850758108
2320,7.028951179757358,2.3956914434200693
2321,7.029382137749407,2.395295963115766
2322,7.029812777292076,2.394900744019446
2323,7.030243098655923,2.3945057859876573
2324,7.030673102111209,2.3941110888769446
2325,7.031102787927869,2.393716652543851
2326,7.031532156375529,2.3933224768449217
2327,7.031961207723494,2.3929285616366998
2328,7.032389942240768,2.3925349067757278
2329,7.032818360196034,2.392141512118549
2330,7.0332464618576696,2.3917483775217065
2331,7.033674247493725,2.3913555028417464
2332,7.034101717371971,2.390962887935212
2333,7.034528871759838,2.39057053265865
2334,7.0349557109244625,2.390178436868608
2335,7.035382235132661,2.3897866004216355
2336,7.035808444650961,2.389395023174283
2337,7.036234339745564,2.3890037049831045
2338,7.036659920682368,2.3886126457046557
2339,7.037085187726965,2.3882218451954933
2340,7.037510141144648,2.3878313033121796
2341,7.037934781200391,2.387441019911279
2342,7.038359108158876,2.38705099484936
2343,7.03878312228447,2.3866612279829904
2344,7.039206823841241,2.3862717191687484
2345,7.039630213092952,2.3858824682632127
2346,7.040053290303064,2.3854934751229644
2347,7.040476055734731,2.3851047396045932
2348,7.040898509650806,2.3847162615646917
2349,7.04132065231385,2.3843280408598577
2350,7.041742483986109,2.3839400773466943
2351,7.042164004929541,2.38355237088181
2352,7.042585215405793,2.383164921321819
2353,7.043006115676213,2.3827777285233425
2354,7.043426706001864,2.382390792343005
2355,7.043846986643494,2.382004112637441
2356,7.044266957861557,2.3816176892632903
2357,7.044686619916219,2.3812315220771993
2358,7.045105973067334,2.380845610935822
2359,7.045525017574477,2.380459955695818
2360,7.04594375369691,2.380074556213857
2361,7.046362181693609,2.379689412346616
2362,7.046780301823251,2.379304523950781
2363,7.047198114344225,2.378919890883042
2364,7.047615619514617,2.3785355130001027
2365,7.048032817592222,2.3781513901586724
2366,7.048449708834556,2.377767522215471
2367,7.0488662934988175,2.377383909027226
2368,7.049282571841929,2.3770005504506764
2369,7.049698544120522,2.376617446342568
2370,7.05011421059093,2.376234596559661
2371,7.050529571509202,2.375852000958721
2372,7.050944627131094,2.3754696593965257
2373,7.051359377712066,2.375087571729865
2374,7.0517738235073075,2.3747057378155367
2375,7.0521879647717,2.3743241575103515
2376,7.052601801759847,2.3739428306711305
2377,7.053015334726062,2.373561757154707
2378,7.0534285639243715,2.3731809368179246
2379,7.053841489608518,2.3728003695176403
2380,7.054254112031948,2.372420055110722
2381,7.0546664314478384,2.3720399934540515
2382,7.0550784481090645,2.37166018440452
2383,7.055490162268231,2.3712806278190346
2384,7.05590157417765,2.3709013235545138
2385,7.05631268408935,2.37052227146789
2386,7.0567234922550774,2.3701434714161076
2387,7.0571339989263,2.369764923256126
2388,7.057544204354201,2.369386626844918
2389,7.0579541087896756,2.36900858203947
2390,7.058363712483346,2.3686307886967826
2391,7.058773015685548,2.3682532466738717
2392,7.059182018646343,2.3678759558277664
2393,7.059590721615506,2.367498916015512
2394,7.059999124842536,2.3671221270941674
2395,7.060407228576651,2.3667455889208084
2396,7.0608150330667945,2.3663693013525244
2397,7.061222538561629,2.365993264246422
2398,7.061629745309533,2.365617477459623
2399,7.0620366535586205,2.3652419408492644
2400,7.062443263556724,2.3648666542725016
2401,7.062849575551394,2.3644916175865056
2402,7.063255589789912,2.3641168306484612
2403,7.063661306519283,2.3637422933155747
2404,7.064066725986232,2.3633680054450665
2405,7.0644718484372175,2.3629939668941753
2406,7.064876674118417,2.3626201775201565
2407,7.065281203275748,2.3622466371802835
2408,7.065685436154829,2.361873345731848
2409,7.066089373001032,2.3615003030321597
2410,7.066493014059447,2.3611275089385453
2411,7.066896359574885,2.360754963308351
2412,7.067299409791899,2.3603826659989418
2413,7.067702164954763,2.3600106168677026
2414,7.068104625307484,2.3596388157720334
2415,7.068506791093794,2.359267262569357
2416,7.0689086625571615,2.358895957117115
2417,7.069310239940788,2.3585248992727674
2418,7.069711523487598,2.3581540888937957
2419,7.070112513440248,2.3577835258376987
2420,7.070513210041141,2.3574132099619987
2421,7.070913613532396,2.3570431411242354
2422,7.071313724155877,2.3566733191819713
2423,7.071713542153173,2.3563037439927883
2424,7.0721130677656125,2.3559344154142883
2425,7.072512301234257,2.3555653333040976
2426,7.0729112427999015,2.355196497519861
2427,7.073309892703079,2.354827907919245
2428,7.073708251184061,2.354459564359939
2429,7.074106318482848,2.354091466699653
2430,7.074504094839178,2.3537236147961185
2431,7.074901580492535,2.353356008507093
2432,7.075298775682131,2.352988647690351
2433,7.075695680646918,2.3526215322036936
2434,7.076092295625592,2.352254661904942
2435,7.076488620856584,2.351888036651942
2436,7.076884656578057,2.3515216563025625
2437,7.077280403027936,2.3511555207146957
2438,7.077675860443855,2.3507896297462554
2439,7.078071029063215,2.350423983255182
2440,7.0784659091231426,2.3500585810994363
2441,7.078860500860513,2.3496934231370057
2442,7.0792548045119394,2.349328509225902
2443,7.079648820313784,2.3489638392241594
2444,7.080042548502139,2.3485994129898375
2445,7.080435989312851,2.348235230381021
2446,7.08082914298151,2.34787129125582
2447,7.081222009743443,2.3475075954723668
2448,7.081614589833724,2.3471441428888227
2449,7.082006883487175,2.3467809333633713
2450,7.082398890938361,2.346417966754224
2451,7.082790612421591,2.3460552429196166
2452,7.083182048170919,2.3456927617178107
2453,7.083573198420151,2.345330523007095
2454,7.083964063402838,2.344968526645785
2455,7.0843546433522775,2.344606772492219
2456,7.084744938501507,2.344245260404765
2457,7.085134949083322,2.3438839902418183
2458,7.08552467533027,2.343522961861799
2459,7.085914117474634,2.3431621751231555
2460,7.086303275748457,2.342801629884363
2461,7.086692150383524,2.342441326003924
2462,7.087080741611381,2.342081263340368
2463,7.087469049663302,2.3417214417522545
2464,7.087857074770352,2.341361861098169
2465,7.088244817163299,2.3410025212367245
2466,7.088632277072697,2.3406434220265635
2467,7.089019454728847,2.340284563326357
2468,7.089406350361785,2.3399259449948033
2469,7.089792964201318,2.3395675668906306
2470,7.090179296477001,2.3392094288725955
2471,7.090565347418138,2.338851530799484
2472,7.090951117253797,2.33849387253011
2473,7.091336606212783,2.3381364539233176
2474,7.09172181452368,2.3377792748379815
2475,7.092106742414807,2.3374223351330032
2476,7.092491390114247,2.3370656346673178
2477,7.092875757849842,2.3367091732998873
2478,7.09325984584918,2.3363529508897036
2479,7.093643654339618,2.335996967295792
2480,7.094027183548259,2.3356412223772067
2481,7.0944104337019755,2.3352857159930287
2482,7.094793405027388,2.3349304480023765
2483,7.095176097750875,2.3345754182643956
2484,7.0955585120985845,2.3342206266382615
2485,7.09594064829642,2.3338660729831835
2486,7.096322506570027,2.3335117571584005
2487,7.096704087144837,2.3331576790231856
2488,7.097085390246023,2.332803838436838
2489,7.097466416098532,2.3324502352586944
2490,7.097847164927061,2.3320968693481214
2491,7.098227636956077,2.3317437405645163
2492,7.098607832409801,2.3313908487673105
2493,7.098987751512223,2.3310381938159663
2494,7.0993673944870865,2.330685775569981
2495,7.099746761557913,2.330333593888881
2496,7.100125852947975,2.3299816486322285
2497,7.100504668880307,2.3296299396596174
2498,7.100883209577716,2.3292784668306736
2499,7.1012614752627705,2.328927230005059
2500,7.101639466157805,2.328576229042467
2501,7.102017182484908,2.3282254638026254
2502,7.10239462446596,2.327874934145294
2503,7.102771792322574,2.327524639930268
2504,7.1031486862761515,2.327174581017377
2505,7.103525306547853,2.326824757266483
2506,7.103901653358614,2.3264751685374834
2507,7.104277726929125,2.32612581469031
2508,7.104653527479847,2.3257766955849286
2509,7.105029055231016,2.32542781108134
2510,7.105404310402637,2.3250791610395787
2511,7.105779293214473,2.3247307453197164
2512,7.106154003886074,2.3243825637818585
2513,7.106528442636732,2.324034616286145
2514,7.106902609685535,2.323686902692753
2515,7.107276505251331,2.323339422861893
2516,7.107650129552735,2.322992176653813
2517,7.108023482808137,2.3226451639287946
2518,7.108396565235709,2.3222983845471585
2519,7.108769377053371,2.321951838369257
2520,7.1091419184788345,2.3216055252554835
2521,7.1095141897295795,2.3212594450662656
2522,7.109886191022846,2.320913597662064
2523,7.110257922575667,2.320567982903381
2524,7.110629384604836,2.320222600650754
2525,7.111000577326926,2.319877450764756
2526,7.111371500958279,2.3195325331059977
2527,7.111742155715016,2.319187847535126
2528,7.112112541813032,2.318843393912828
2529,7.11248265946799,2.3184991720998247
2530,7.112852508895347,2.3181551819568753
2531,7.113222090310319,2.3178114233447777
2532,7.113591403927897,2.317467896124367
2533,7.113960449962857,2.3171246001565176
2534,7.114329228629753,2.3167815353021384
2535,7.114697740142918,2.3164387014221797
2536,7.115065984716449,2.3160960983776273
2537,7.115433962564236,2.315753726029508
2538,7.115801673899934,2.315411584238886
2539,7.11616911893699,2.315069672866863
2540,7.116536297888624,2.314727991774581
2541,7.116903210967824,2.3143865408232203
2542,7.117269858387385,2.3140453198739994
2543,7.117636240359857,2.313704328788178
2544,7.11800235709758,2.3133635674270523
2545,7.118368208812675,2.31302303565196
2546,7.118733795717043,2.312682733324277
2547,7.119099118022365,2.312342660305419
2548,7.119464175940111,2.312002816456842
2549,7.119828969681516,2.311663201640041
2550,7.120193499457615,2.3113238157165514
2551,7.120557765479222,2.3109846585479494
2552,7.120921767956924,2.3106457299958496
2553,7.12128550710111,2.3103070299219093
2554,7.12164898312193,2.309968558187822
2555,7.122012196229334,2.309630314655328
2556,7.122375146633052,2.309292299186202
2557,7.122737834542597,2.308954511642263
2558,7.123100260167273,2.3086169518853716
2559,7.123462423716158,2.3082796197774256
2560,7.123824325398127,2.3079425151803683
2561,7.124185965421837,2.3076056379561805
2562,7.12454734399573,2.307268987966886
2563,7.124908461328035,2.306932565074551
2564,7.1252693176267705,2.306596369141282
2565,7.12562991309974,2.306260400029227
2566,7.1259902479545305,2.3059246576005763
2567,7.126350322398527,2.305589141717562
2568,7.126710136638896,2.305253852242459
2569,7.12706969088259,2.3049187890375826
2570,7.127428985336365,2.3045839519652906
2571,7.1277880202067445,2.304249340887986
2572,7.128146795700055,2.3039149556681116
2573,7.128505312022415,2.3035807961681516
2574,7.128863569379721,2.303246862250635
2575,7.129221567977674,2.302913153778134
2576,7.129579308021762,2.3025796706132624
2577,7.129936789717258,2.3022464126186772
2578,7.130294013269225,2.301913379657078
2579,7.130650978882532,2.3015805715912103
2580,7.131007686761825,2.301247988283859
2581,7.131364137111551,2.300915629597855
2582,7.131720330135945,2.300583495396071
2583,7.132076266039041,2.3002515855414254
2584,7.13243194502466,2.2999198998968797
2585,7.132787367296418,2.299588438325438
2586,7.133142533057725,2.2992572006901497
2587,7.133497442511796,2.298926186854107
2588,7.133852095861618,2.2985953966804473
2589,7.134206493309991,2.2982648300323527
2590,7.134560635059508,2.297934486773047
2591,7.1349145213125515,2.297604366765802
2592,7.135268152271302,2.297274469873932
2593,7.135621528137739,2.2969447959607954
2594,7.1359746491136375,2.2966153448897972
2595,7.136327515400567,2.2962861165243864
2596,7.136680127199892,2.2959571107280565
2597,7.137032484712778,2.2956283273643465
2598,7.137384588140196,2.29529976629684
2599,7.137736437682889,2.2949714273891684
2600,7.138088033541435,2.2946433105050037
2601,7.13843937591618,2.294315415508068
2602,7.138790465007278,2.293987742262126
2603,7.13914130101469,2.293660290630989
2604,7.139491884138175,2.2933330604785156
2605,7.1398422145772775,2.293006051668607
2606,7.140192292531357,2.292679264065212
2607,7.140542118199566,2.2923526975323263
2608,7.14089169178086,2.292026351933992
2609,7.141241013473994,2.291700227134294
2610,7.141590083477528,2.291374322997367
2611,7.141938901989818,2.2910486393873915
2612,7.142287469209028,2.2907231761685924
2613,7.142635785333119,2.290397933205244
2614,7.1429838505598555,2.290072910361666
2615,7.143331665086804,2.2897481075022244
2616,7.143679229111343,2.289423524491333
2617,7.144026542830636,2.2890991611934512
2618,7.144373606441666,2.2887750174730885
2619,7.144720420141206,2.288451093194796
2620,7.145066984125855,2.2881273882231783
2621,7.145413298592,2.287803902422884
2622,7.1457593637358245,2.2874806356586084
2623,7.1461051797533335,2.287157587795097
2624,7.1464507468403395,2.286834758697141
2625,7.146796065192445,2.2865121482295776
2626,7.1471411350050635,2.286189756257297
2627,7.147485956473425,2.285867582645232
2628,7.147830529792554,2.2855456272583665
2629,7.1481748551572855,2.285223889961731
2630,7.148518932762263,2.2849023706204035
2631,7.148862762801935,2.2845810690995134
2632,7.149206345470557,2.284259985264234
2633,7.149549680962198,2.28393911897979
2634,7.14989276947073,2.2836184701114544
2635,7.150235611189829,2.283298038524545
2636,7.150578206312989,2.282977824084436
2637,7.1509205550335135,2.2826578266565423
2638,7.151262657544501,2.282338046106332
2639,7.151604514038881,2.2820184822993204
2640,7.151946124709365,2.2816991351010727
2641,7.152287489748505,2.2813800043772026
2642,7.15262860934864,2.281061089993373
2643,7.152969483701933,2.2807423918152954
2644,7.153310113000351,2.280423909708734
2645,7.153650497435671,2.2801056435394966
2646,7.1539906371994935,2.2797875931734453
2647,7.154330532483214,2.2794697584764894
2648,7.1546701834780535,2.2791521393145886
2649,7.155009590375033,2.278834735553751
2650,7.155348753364999,2.278517547060037
2651,7.155687672638598,2.278200573699555
2652,7.156026348386304,2.277883815338463
2653,7.156364780798391,2.277567271842971
2654,7.156702970064949,2.2772509430793373
2655,7.15704091637589,2.2769348289138707
2656,7.157378619920934,2.27661892921293
2657,7.157716080889614,2.276303243842926
2658,7.158053299471279,2.2759877726703177
2659,7.158390275855095,2.2756725155616158
2660,7.15872701023005,2.275357472383382
2661,7.159063502784928,2.275042643002226
2662,7.159399753708339,2.274728027284812
2663,7.159735763188721,2.2744136250978526
2664,7.160071531414309,2.274099436308112
2665,7.160407058573163,2.2737854607824053
2666,7.160742344853163,2.2734716983875964
2667,7.161077390442,2.273158148990605
2668,7.161412195527192,2.2728448124583975
2669,7.161746760296056,2.2725316886579936
2670,7.162081084935744,2.2722187774564655
2671,7.162415169633223,2.2719060787209324
2672,7.162749014575273,2.2715935923185695
2673,7.163082619948492,2.271281318116601
2674,7.163415985939308,2.2709692559823047
2675,7.163749112733953,2.2706574057830076
2676,7.164082000518488,2.2703457673860905
2677,7.1644146494787915,2.270034340658985
2678,7.164747059800561,2.2697231254691737
2679,7.165079231669317,2.269412121684193
2680,7.165411165270397,2.269101329171631
2681,7.165742860788957,2.268790747799125
2682,7.166074318409985,2.268480377434369
2683,7.16640553831827,2.268170217945106
2684,7.1667365206984535,2.2678602691991334
2685,7.167067265734956,2.2675505310642987
2686,7.167397773612065,2.267241003408503
2687,7.16772804451386,2.2669316860997006
2688,7.168058078624245,2.266622579005896
2689,7.168387876126972,2.26631368199515
2690,7.168717437205578,2.2660049949355727
2691,7.169046762043456,2.2656965176953276
2692,7.169375850823802,2.265388250142633
2693,7.169704703729651,2.265080192145758
2694,7.170033320943843,2.264772343573025
2695,7.170361702649059,2.2644647042928114
2696,7.170689849027798,2.2641572741735443
2697,7.171017760262386,2.2638500530837065
2698,7.171345436534959,2.263543040891833
2699,7.171672878027514,2.2632362374665127
2700,7.172000084921828,2.2629296426763874
2701,7.172327057399537,2.2626232563901514
2702,7.172653795642096,2.262317078476554
2703,7.172980299830772,2.2620111088043986
2704,7.173306570146671,2.261705347242538
2705,7.173632606770729,2.261399793659885
2706,7.173958409883699,2.2610944479254003
2707,7.174283979666164,2.260789309908102
2708,7.174609316298534,2.260484379477061
2709,7.174934419961052,2.2601796565014003
2710,7.175259290833782,2.2598751408503
2711,7.175583929096623,2.259570832392993
2712,7.175908334929293,2.2592667309987653
2713,7.176232508511341,2.2589628365369574
2714,7.176556450022162,2.2586591488769643
2715,7.17688015964095,2.2583556678882366
2716,7.177203637546748,2.2580523934402756
2717,7.177526883918424,2.2577493254026417
2718,7.177849898934678,2.2574464636449454
2719,7.178172682774041,2.257143808036854
2720,7.178495235614864,2.256841358448089
2721,7.178817557635338,2.2565391147484273
2722,7.1791396490134884,2.256237076807698
2723,7.179461509927156,2.2559352444957868
2724,7.179783140554025,2.255633617682635
2725,7.180104541071616,2.255332196238236
2726,7.180425711657258,2.25503098003264
2727,7.180746652488143,2.254729968935952
2728,7.181067363741266,2.254429162818332
2729,7.181387845593476,2.254128561549994
2730,7.18170809822144,2.2538281650012095
2731,7.182028121801672,2.2535279730423015
2732,7.182347916510503,2.2532279855436514
2733,7.182667482524108,2.2529282023756947
2734,7.182986820018493,2.252628623408923
2735,7.183305929169491,2.2523292485138797
2736,7.183624810152788,2.2520300775611695
2737,7.183943463143882,2.2517311104214484
2738,7.1842618883181135,2.2514323469654283
2739,7.184580085850662,2.251133787063879
2740,7.18489805591654,2.2508354305876224
2741,7.185215798690587,2.25053727740754
2742,7.185533314347493,2.2502393273945662
2743,7.185850603061766,2.2499415804196916
2744,7.186167665007769,2.2496440363539643
2745,7.18648450035968,2.249346695068486
2746,7.1868011092915305,2.2490495564344157
2747,7.187117491977177,2.2487526203229686
2748,7.1874336485903205,2.248455886605415
2749,7.187749579304493,2.248159355153082
2750,7.188065284293069,2.2478630258373524
2751,7.188380763729254,2.2475668985296657
2752,7.1886960177861,2.247270973101517
2753,7.189011046636482,2.246975249424459
2754,7.189325850453131,2.2466797273700982
2755,7.189640429408604,2.2463844068101
2756,7.189954783675295,2.246089287616186
2757,7.190268913425444,2.2457943696601315
2758,7.190582818831132,2.245499652813772
2759,7.190896500064272,2.245205136948998
2760,7.191209957296614,2.2449108219377556
2761,7.191523190699756,2.2446167076520487
2762,7.191836200445125,2.2443227939639385
2763,7.19214898670401,2.244029080745542
2764,7.192461549647507,2.2437355678690336
2765,7.192773889446578,2.243442255206643
2766,7.193086006272014,2.243149142630658
2767,7.193397900294459,2.2428562300134245
2768,7.1937095716843755,2.2425635172273437
2769,7.194021020612097,2.242271004144875
2770,7.194332247247768,2.241978690638532
2771,7.194643251761395,2.2416865765808907
2772,7.194954034322824,2.241394661844578
2773,7.195264595101735,2.2411029463022833
2774,7.195574934267652,2.2408114298267505
2775,7.195885051989949,2.2405201122907816
2776,7.196194948437835,2.240228993567236
2777,7.196504623780367,2.23993807352903
2778,7.196814078186446,2.239647352049137
2779,7.197123311824807,2.239356829000589
2780,7.197432324864036,2.2390665042564755
2781,7.197741117472562,2.238776377689942
2782,7.198049689818659,2.2384864491741925
2783,7.198358042070444,2.23819671858249
2784,7.198666174395876,2.2379071857881527
2785,7.198974086962764,2.237617850664558
2786,7.199281779938749,2.23732871308514
2787,7.199589253491337,2.237039772923393
2788,7.199896507787862,2.2367510300528664
2789,7.200203542995516,2.2364624843471685
2790,7.200510359281328,2.236174135679966
2791,7.200816956812166,2.235885983924982
2792,7.201123335754766,2.2355980289560002
2793,7.201429496275699,2.2353102706468597
2794,7.201735438541367,2.2350227088714596
2795,7.202041162718047,2.234735343503755
2796,7.20234666897184,2.2344481744177616
2797,7.202651957468705,2.234161201487552
2798,7.202957028374448,2.233874424587256
2799,7.203261881854714,2.2335878435910645
2800,7.20356651807501,2.233301458373224
2801,7.2038709372006755,2.2330152688080394
2802,7.204175139396914,2.2327292747698766
2803,7.204479124828757,2.232443476133158
2804,7.204782893661107,2.232157872772363
2805,7.205086446058696,2.231872464562033
2806,7.205389782186116,2.231587251376765
2807,7.205692902207805,2.2313022330912147
2808,7.205995806288049,2.2310174095800988
2809,7.206298494590987,2.230732780718191
2810,7.2066009672806075,2.230448346380322
2811,7.206903224520744,2.2301641064413853
2812,7.207205266475076,2.2298800607763285
2813,7.207507093307153,2.229596209260161
2814,7.207808705180349,2.2293125517679515
2815,7.208110102257912,2.2290290881748236
2816,7.2084112847029225,2.2287458183559647
2817,7.208712252678328,2.2284627421866174
2818,7.209013006346909,2.228179859542084
2819,7.209313545871321,2.2278971702977284
2820,7.209613871414042,2.2276146743289695
2821,7.209913983137425,2.227332371511288
2822,7.210213881203672,2.227050261720223
2823,7.210513565774821,2.226768344831372
2824,7.210813037012786,2.2264866207203924
2825,7.211112295079312,2.226205089263
2826,7.211411340136017,2.2259237503349714
2827,7.211710172344347,2.2256426038121395
2828,7.212008791865626,2.225361649570399
2829,7.212307198861018,2.225080887485704
2830,7.21260539349154,2.2248003174340654
2831,7.212903375918067,2.2245199392915556
2832,7.213201146301334,2.2242397529343063
2833,7.213498704801915,2.2239597582385073
2834,7.213796051580246,2.22367995508041
2835,7.214093186796619,2.2234003433363223
2836,7.214390110611182,2.223120922882615
2837,7.214686823183932,2.2228416935957145
2838,7.214983324674728,2.2225626553521094
2839,7.215279615243276,2.222283808028348
2840,7.215575695049145,2.222005151501037
2841,7.215871564251753,2.221726685646844
2842,7.21616722301038,2.2214484103424947
2843,7.216462671484154,2.221170325464775
2844,7.216757909832077,2.2208924308905322
2845,7.21705293821298,2.2206147264966702
2846,7.217347756785573,2.2203372121601563
2847,7.217642365708412,2.2200598877580147
2848,7.217936765139916,2.2197827531673298
2849,7.218230955238353,2.2195058082652475
2850,7.218524936161859,2.219229052928972
2851,7.218818708068418,2.2189524870357693
2852,7.219112271115872,2.2186761104629626
2853,7.219405625461929,2.218399923087937
2854,7.219698771264148,2.218123924788136
2855,7.219991708679948,2.217848115441066
2856,7.2202844378666065,2.217572494924291
2857,7.220576958981266,2.217297063115435
2858,7.22086927218091,2.2170218198921843
2859,7.221161377622394,2.2167467651322816
2860,7.221453275462439,2.2164718987135337
2861,7.221744965857608,2.216197220513805
2862,7.22203644896434,2.2159227304110205
2863,7.22232772493892,2.215648428283166
2864,7.222618793937501,2.215374314008289
2865,7.222909656116094,2.2151003874644934
2866,7.223200311630568,2.2148266485299457
2867,7.223490760636657,2.214553097082874
2868,7.223781003289951,2.214279733001564
2869,7.224071039745907,2.2140065561643647
2870,7.224360870159825,2.213733566449681
2871,7.224650494686896,2.213460763735983
2872,7.224939913482148,2.2131881479017994
2873,7.2252291267004765,2.212915718825718
2874,7.2255181344966415,2.2126434763863885
2875,7.225806937025255,2.2123714204625218
2876,7.226095534440817,2.2120995509328867
2877,7.226383926897658,2.2118278676763157
2878,7.22667211454999,2.2115563705716994
2879,7.2269600975518795,2.2112850594979903
2880,7.22724787605726,2.211013934334201
2881,7.227535450219919,2.2107429949594044
2882,7.227822820193518,2.210472241252735
2883,7.228109986131585,2.2102016730933864
2884,7.2283969481874975,2.2099312903606156
2885,7.228683706514501,2.2096610929337364
2886,7.228970261265702,2.2093910806921273
2887,7.229256612594082,2.209121253515224
2888,7.229542760652483,2.2088516112825256
2889,7.229828705593599,2.2085821538735924
2890,7.230114447570001,2.208312881168041
2891,7.23039998673412,2.2080437930455545
2892,7.230685323238256,2.207774889385873
2893,7.2309704572345606,2.207506170068799
2894,7.231255388875074,2.207237634974197
2895,7.231540118311672,2.2069692839819877
2896,7.231824645696117,2.2067011169721593
2897,7.232108971180038,2.2064331338247554
2898,7.232393094914913,2.2061653344198833
2899,7.232677017052104,2.2058977186377113
2900,7.232960737742823,2.2056302863584687
2901,7.233244257138155,2.2053630374624436
2902,7.233527575389063,2.2050959718299867
2903,7.233810692646356,2.2048290893415112
2904,7.234093609060725,2.2045623898774886
2905,7.234376324782715,2.2042958733184537
2906,7.234658839962749,2.2040295395450005
2907,7.234941154751117,2.203763388437786
2908,7.2352232692979666,2.203497419877526
2909,7.2355051837533235,2.203231633745
2910,7.235786898267073,2.202966029921046
2911,7.236068412988974,2.2027006082865666
2912,7.236349728068651,2.2024353687225218
2913,7.236630843655596,2.202170311109935
2914,7.236911759899173,2.2019054353298912
2915,7.237192476948607,2.2016407412635344
2916,7.237472994952997,2.201376228792071
2917,7.237753314061311,2.201111897796771
2918,7.238033434422389,2.200847748158962
2919,7.238313356184932,2.200583779760034
2920,7.238593079497516,2.20031999248144
2921,7.238872604508584,2.2000563862046927
2922,7.23915193136645,2.199792960811365
2923,7.239431060219294,2.1995297161830933
2924,7.239709991215174,2.199266652201576
2925,7.239988724502012,2.19900376874857
2926,7.2402672602276015,2.1987410657058954
2927,7.240545598539605,2.198478542955434
2928,7.24082373958556,2.198216200379127
2929,7.24110168351287,2.1979540378589792
2930,7.24137943046881,2.1976920552770567
2931,7.24165698060053,2.1974302525154847
2932,7.241934334055045,2.197168629456453
2933,7.242211490979249,2.1969071859822114
2934,7.242488451519903,2.1966459219750702
2935,7.2427652158236375,2.196384837317403
2936,7.243041784036957,2.1961239318916426
2937,7.243318156306239,2.1958632055802867
2938,7.243594332777735,2.195602658265891
2939,7.243870313597567,2.195342289831076
2940,7.244146098911722,2.1950821001585203
2941,7.244421688866072,2.1948220891309678
2942,7.244697083606355,2.19456225663122
2943,7.244972283278183,2.1943026025421437
2944,7.2452472880270395,2.1940431267466645
2945,7.245522097998285,2.193783829127771
2946,7.245796713337147,2.1935247095685138
2947,7.2460711341887425,2.1932657679520036
2948,7.246345360698035,2.193007004161413
2949,7.246619393009888,2.192748418079979
2950,7.246893231269026,2.1924900095909963
2951,7.247166875620049,2.1922317785778236
2952,7.247440326207433,2.191973724923881
2953,7.247713583175522,2.1917158485126493
2954,7.247986646668552,2.1914581492276723
2955,7.24825951683061,2.191200626952555
2956,7.248532193805681,2.190943281570964
2957,7.248804677737604,2.190686112966627
2958,7.249076968770114,2.1904291210233344
2959,7.2493490670468,2.1901723056249387
2960,7.249620972711139,2.1899156666553523
2961,7.249892685906489,2.1896592039985516
2962,7.250164206776071,2.189402917538573
2963,7.250435535462992,2.1891468071595144
2964,7.250706672110222,2.188890872745539
2965,7.250977616860628,2.1886351141808675
2966,7.2512483698569286,2.1883795313497845
2967,7.251518931241743,2.188124124136635
2968,7.251789301157549,2.187868892425829
2969,7.25205947974671,2.187613836101834
2970,7.252329467151468,2.187358955049182
2971,7.252599263513931,2.187104249152467
2972,7.252868868976099,2.1868497182963433
2973,7.253138283679833,2.1865953623655288
2974,7.253407507766896,2.186341181244802
2975,7.253676541378897,2.186087174819003
2976,7.25394538465735,2.1858333429730346
2977,7.254214037743639,2.1855796855918608
2978,7.254482500779013,2.185326202560509
2979,7.254750773904616,2.1850728937640658
2980,7.255018857261469,2.1848197590876834
2981,7.25528675099046,2.1845667984165718
2982,7.2555544552323665,2.184314011636005
2983,7.255821970127836,2.1840613986313198
2984,7.256089295817408,2.1838089592879126
2985,7.256356432441488,2.183556693491244
2986,7.2566233801403675,2.183304601126835
2987,7.256890139054219,2.183052682080269
2988,7.257156709323088,2.1828009362371907
2989,7.25742309108691,2.1825493634833086
2990,7.257689284485484,2.1822979637043916
2991,7.257955289658504,2.18204673678627
2992,7.25822110674554,2.1817956826148373
2993,7.258486735886041,2.1815448010760483
2994,7.258752177219337,2.1812940920559205
2995,7.259017430884643,2.1810435554405325
2996,7.25928249702104,2.1807931911160243
2997,7.259547375767506,2.1805429989686007
2998,7.259812067262898,2.180292978884525
2999,7.260076571645945,2.180043130750124
3000,7.260340889055261,2.1797934544517874
3001,7.2606050196293515,2.1795439498759652
3002,7.2608689635065895,2.1792946169091696
3003,7.261132720825238,2.179045455437976
3004,7.261396291723432,2.1787964653490217
3005,7.261659676339202,2.178547646529004
3006,7.261922874810455,2.1782989988646846
3007,7.262185887274975,2.1780505222428856
3008,7.262448713870441,2.177802216550491
3009,7.2627113547344,2.1775540816744483
3010,7.262973810004291,2.1773061175017667
3011,7.263236079817433,2.1770583239195154
3012,7.263498164311025,2.1768107008148276
3013,7.263760063622154,2.176563248074898
3014,7.264021777887792,2.1763159655869835
3015,7.2642833072447885,2.1760688532384025
3016,7.264544651829876,2.175821910916535
3017,7.264805811779676,2.1755751385088242
3018,7.265066787230693,2.175328535902775
3019,7.2653275783193125,2.1750821029859537
3020,7.265588185181796,2.174835839645989
3021,7.26584860795432,2.174589745770571
3022,7.2661088467729,2.1743438212474544
3023,7.2663689017734745,2.1740980659644515
3024,7.266628773091845,2.1738524798094407
3025,7.266888460863713,2.1736070626703587
3026,7.267147965224647,2.1733618144352094
3027,7.2674072863101085,2.1731167349920524
3028,7.267666424255453,2.172871824229015
3029,7.267925379195912,2.172627082034281
3030,7.2681841512666026,2.1723825082961024
3031,7.26844274060253,2.172138102902788
3032,7.268701147338581,2.171893865742711
3033,7.268959371609532,2.171649796704306
3034,7.269217413550047,2.171405895676071
3035,7.26947527329467,2.171162162546564
3036,7.269732950977839,2.170918597204406
3037,7.26999044673387,2.1706751995382785
3038,7.2702477606969715,2.1704319694369283
3039,7.270504893001237,2.170188906789162
3040,7.270761843780646,2.1699460114838467
3041,7.27101861316906,2.1697032834099153
3042,7.27127520130024,2.1694607224563605
3043,7.271531608307823,2.169218328512236
3044,7.271787834325333,2.168976101466659
3045,7.272043879486194,2.168734041208808
3046,7.272299743923699,2.168492147627925
3047,7.272555427771048,2.168250420613312
3048,7.272810931161311,2.168008860054335
3049,7.2730662542274604,2.167767465840418
3050,7.273321397102345,2.1675262378610523
3051,7.273576359918704,2.167285176005787
3052,7.273831142809174,2.167044280164237
3053,7.274085745906271,2.1668035502260747
3054,7.274340169342404,2.166562986081038
3055,7.274594413249863,2.1663225876189256
3056,7.274848477760843,2.1660823547295975
3057,7.275102363007406,2.1658422873029757
3058,7.275356069121519,2.1656023852290462
3059,7.275609596235036,2.1653626483978545
3060,7.275862944479694,2.1651230766995098
3061,7.276116113987127,2.1648836700241807
3062,7.27636910488885,2.1646444282621022
3063,7.276621917316274,2.1644053513035666
3064,7.276874551400698,2.1641664390389304
3065,7.277127007273312,2.1639276913586123
3066,7.277379285065198,2.1636891081530916
3067,7.277631384907322,2.1634506893129104
3068,7.277883306930538,2.1632124347286728
3069,7.278135051265605,2.1629743442910443
3070,7.278386618043163,2.162736417890753
3071,7.278638007393731,2.162498655418589
3072,7.278889219447746,2.1622610567654026
3073,7.279140254335508,2.162023621822107
3074,7.279391112187231,2.1617863504796784
3075,7.279641793133004,2.1615492426291545
3076,7.27989229730281,2.1613122981616337
3077,7.280142624826535,2.1610755169682765
3078,7.28039277583394,2.160838898940306
3079,7.280642750454692,2.1606024439690064
3080,7.280892548818342,2.160366151945725
3081,7.281142171054328,2.1601300227618703
3082,7.281391617291989,2.1598940563089113
3083,7.281640887660553,2.1596582524783807
3084,7.281889982289145,2.1594226111618737
3085,7.282138901306776,2.159187132251043
3086,7.282387644842348,2.1589518156376095
3087,7.282636213024663,2.1587166612133504
3088,7.282884605982406,2.158481668870108
3089,7.283132823844165,2.1582468384997835
3090,7.283380866738415,2.1580121699943438
3091,7.283628734793528,2.1577776632458145
3092,7.283876428137754,2.1575433181462835
3093,7.284123946899272,2.1573091345879014
3094,7.284371291206112,2.157075112462881
3095,7.284618461186223,2.156841251663494
3096,7.2848654569674425,2.156607552082077
3097,7.285112278677499,2.156374013611028
3098,7.285358926444016,2.156140636142804
3099,7.285605400394515,2.1559074195699264
3100,7.285851700656411,2.155674363784978
3101,7.286097827357005,2.1554414686806025
3102,7.2863437806235,2.1552087341495065
3103,7.2865895605829865,2.154976160084456
3104,7.286835167362461,2.1547437463782813
3105,7.287080601088809,2.1545114929238727
3106,7.28732586188881,2.1542793996141825
3107,7.2875709498891315,2.154047466342226
3108,7.287815865216352,2.153815693001079
3109,7.288060607996933,2.153584079483878
3110,7.288305178357233,2.153352625683823
3111,7.288549576423508,2.1531213314941753
3112,7.288793802321913,2.152890196808256
3113,7.289037856178491,2.152659221519451
3114,7.289281738119191,2.152428405521204
3115,7.289525448269839,2.1521977487070245
3116,7.289768986756186,2.1519672509704795
3117,7.290012353703849,2.151736912205201
3118,7.290255549238359,2.1515067323048798
3119,7.290498573485143,2.1512767111632707
3120,7.290741426569516,2.151046848674188
3121,7.290984108616695,2.1508171447315094
3122,7.291226619751796,2.1505875992291723
3123,7.2914689600998255,2.1503582120611773
3124,7.291711129785693,2.1501289831215855
3125,7.291953128934202,2.1498999123045204
3126,7.292194957670052,2.1496709995041656
3127,7.292436616117836,2.149442244614767
3128,7.292678104402057,2.1492136475306327
3129,7.292919422647107,2.1489852081461307
3130,7.293160570977277,2.148756926355692
3131,7.293401549516749,2.1485288020538085
3132,7.293642358389619,2.1483008351350326
3133,7.293882997719858,2.14807302549398
3134,7.294123467631362,2.147845373025327
3135,7.294363768247902,2.1476178776238095
3136,7.294603899693157,2.1473905391842276
3137,7.294843862090709,2.1471633576014417
3138,7.295083655564029,2.1469363327703723
3139,7.295323280236491,2.1467094645860048
3140,7.2955627362313695,2.1464827529433825
3141,7.295802023671834,2.1462561977376104
3142,7.296041142680955,2.146029798863856
3143,7.2962800933817045,2.145803556217348
3144,7.2965188758969495,2.145577469693377
3145,7.296757490349455,2.1453515391872933
3146,7.296995936861891,2.145125764594509
3147,7.297234215556825,2.144900145810498
3148,7.297472326556719,2.1446746827307956
3149,7.297710269983948,2.1444493752509985
3150,7.297948045960764,2.1442242232667628
3151,7.298185654609343,2.1439992266738077
3152,7.298423096051747,2.1437743853679145
3153,7.29866037040994,2.143549699244923
3154,7.298897477805794,2.143325168200736
3155,7.299134418361069,2.143100792131317
3156,7.299371192197435,2.1428765709326907
3157,7.299607799436454,2.142652504500943
3158,7.299844240199604,2.1424285927322213
3159,7.300080514608243,2.1422048355227328
3160,7.300316622783647,2.1419812327687486
3161,7.300552564846987,2.1417577843665976
3162,7.300788340919328,2.1415344902126727
3163,7.301023951121653,2.1413113502034262
3164,7.301259395574824,2.1410883642353715
3165,7.301494674399627,2.140865532205084
3166,7.301729787716736,2.1406428540091986
3167,7.301964735646727,2.1404203295444133
3168,7.302199518310081,2.140197958707486
3169,7.302434135827186,2.1399757413952347
3170,7.302668588318317,2.139753677504541
3171,7.302902875903667,2.1395317669323455
3172,7.303136998703325,2.1393100095756488
3173,7.303370956837273,2.139088405331515
3174,7.303604750425413,2.1388669540970686
3175,7.303838379587536,2.138645655769494
3176,7.3040718444433415,2.138424510246038
3177,7.304305145112432,2.138203517424004
3178,7.304538281714306,2.137982677200763
3179,7.304771254368375,2.137761989473742
3180,7.305004063193942,2.1375414541404316
3181,7.305236708310226,2.1373210710983805
3182,7.3054691898363435,2.1371008402452008
3183,7.305701507891304,2.136880761478565
3184,7.305933662594035,2.136660834696204
3185,7.306165654063367,2.136441059795913
3186,7.3063974824180224,2.1362214366755463
3187,7.306629147776636,2.136001965233018
3188,7.306860650257746,2.1357826453663056
3189,7.307091989979793,2.135563476973444
3190,7.30732316706112,2.135344459952532
3191,7.307554181619977,2.135125594201727
3192,7.30778503377452,2.1349068796192467
3193,7.308015723642804,2.134688316103374
3194,7.308246251342782,2.134469903552446
3195,7.308476616992335,2.1342516418648647
3196,7.308706820709232,2.1340335309390923
3197,7.308936862611138,2.1338155706736495
3198,7.309166742815639,2.13359776096712
3199,7.30939646144022,2.1333801017181475
3200,7.309626018602277,2.133162592825436
3201,7.309855414419098,2.1329452341877486
3202,7.31008464900789,2.132728025703912
3203,7.31031372248575,2.132510967272811
3204,7.3105426349697,2.1322940587933927
3205,7.310771386576644,2.132077300164663
3206,7.310999977423422,2.1318606912856892
3207,7.3112284076267455,2.1316442320555993
3208,7.311456677303258,2.1314279223735824
3209,7.311684786569498,2.1312117621388853
3210,7.31191273554191,2.1309957512508175
3211,7.31214052433685,2.1307798896087498
3212,7.312368153070574,2.130564177112111
3213,7.312595621859241,2.130348613660392
3214,7.312822930818929,2.1301331991531423
3215,7.313050080065619,2.1299179334899745
3216,7.313277069715182,2.1297028165705596
3217,7.313503899883419,2.129487848294629
3218,7.313730570686025,2.129273028561974
3219,7.313957082238608,2.129058357272448
3220,7.314183434656672,2.128843834325964
3221,7.314409628055645,2.1286294596224935
3222,7.314635662550845,2.1284152330620714
3223,7.31486153825751,2.128201154544789
3224,7.315087255290776,2.1279872239708015
3225,7.315312813765697,2.127773441240322
3226,7.315538213797223,2.1275598062536254
3227,7.3157634555002184,2.127346318911044
3228,7.3159885389894574,2.1271329791129743
3229,7.316213464379613,2.126919786759869
3230,7.316438231785276,2.126706741752243
3231,7.3166628413209445,2.1264938439906715
3232,7.316887293101016,2.1262810933757894
3233,7.317111587239803,2.1260684898082904
3234,7.31733572385153,2.12585603318893
3235,7.317559703050312,2.1256437234185244
3236,7.3177835249502,2.1254315603979466
3237,7.318007189665131,2.125219544028132
3238,7.318230697308964,2.125007674210076
3239,7.318454047995455,2.1247959508448324
3240,7.3186772418382775,2.124584373833518
3241,7.318900278951018,2.1243729430773057
3242,7.3191231594471615,2.1241616584774317
3243,7.319345883440106,2.1239505199351885
3244,7.319568451043166,2.1237395273519324
3245,7.319790862369553,2.123528680629077
3246,7.32001311753239,2.123317979668097
3247,7.3202352166447255,2.123107424370525
3248,7.320457159819493,2.1228970146379558
3249,7.320678947169559,2.1226867503720435
3250,7.320900578807682,2.122476631474501
3251,7.321122054846541,2.122266657847101
3252,7.321343375398722,2.122056829391677
3253,7.321564540576719,2.1218471460101207
3254,7.321785550492941,2.1216376076043857
3255,7.3220064052597,2.1214282140764826
3256,7.32222710498923,2.121218965328485
3257,7.322447649793661,2.1210098612625212
3258,7.3226680397850465,2.1208009017807847
3259,7.322888275075338,2.120592086785526
3260,7.323108355776411,2.120383416179053
3261,7.323328282000047,2.120174889863738
3262,7.3235480538579285,2.1199665077420087
3263,7.323767671461669,2.1197582697163546
3264,7.32398713492277,2.119550175689323
3265,7.324206444352665,2.1193422255635235
3266,7.324425599862684,2.1191344192416226
3267,7.324644601564076,2.1189267566263466
3268,7.324863449568004,2.118719237620482
3269,7.325082143985534,2.1185118621268755
3270,7.325300684927649,2.118304630048431
3271,7.325519072505242,2.118097541288113
3272,7.32573730682912,2.1178905957489462
3273,7.325955388009997,2.1176837933340127
3274,7.326173316158507,2.1174771339464566
3275,7.326391091385191,2.117270617489478
3276,7.326608713800497,2.1170642438663396
3277,7.326826183514798,2.1168580129803622
3278,7.3270435006383705,2.1166519247349234
3279,7.327260665281403,2.1164459790334633
3280,7.327477677554007,2.116240175779481
3281,7.327694537566184,2.1160345148765316
3282,7.327911245427879,2.1158289962282346
3283,7.3281278012489235,2.1156236197382636
3284,7.32834420513908,2.115418385310354
3285,7.328560457208004,2.1152132928483005
3286,7.328776557565292,2.115008342255955
3287,7.328992506320423,2.11480353343723
3288,7.329208303582814,2.1145988662960975
3289,7.329423949461783,2.1143943407365877
3290,7.329639444066565,2.11418995666279
3291,7.3298547875063065,2.113985713978852
3292,7.330069979890068,2.1137816125889826
3293,7.330285021326826,2.113577652397445
3294,7.3304999119254655,2.1133738333085677
3295,7.330714651794794,2.113170155226733
3296,7.330929241043525,2.1129666180563857
3297,7.3311436797802925,2.1127632217020267
3298,7.331357968113633,2.112559966068217
3299,7.3315721061520165,2.1123568510595763
3300,7.331786094003814,2.112153876580783
3301,7.331999931777304,2.1119510425365746
3302,7.332213619580696,2.1117483488317474
3303,7.332427157522106,2.111545795371156
3304,7.332640545709567,2.111343382059715
3305,7.332853784251024,2.111141108802396
3306,7.333066873254337,2.1109389755042303
3307,7.333279812827282,2.1107369820703075
3308,7.333492603077546,2.1105351284057763
3309,7.333705244112744,2.110333414415844
3310,7.333917736040393,2.110131840005777
3311,7.334130078967923,2.109930405080898
3312,7.334342273002696,2.109729109546591
3313,7.33455431825197,2.109527953308297
3314,7.3347662148229364,2.109326936271517
3315,7.334977962822681,2.109126058341809
3316,7.335189562358234,2.10892531942479
3317,7.335401013536515,2.108724719426136
3318,7.3356123164643705,2.108524258251581
3319,7.335823471248561,2.1083239358069172
3320,7.336034477995769,2.1081237519979954
3321,7.336245336812585,2.107923706730725
3322,7.336456047805512,2.1077237999110743
3323,7.336666611080988,2.1075240314450685
3324,7.336877026745344,2.107324401238793
3325,7.337087294904849,2.1071249091983897
3326,7.337297415665673,2.10692555523006
3327,7.337507389133906,2.1067263392400637
3328,7.3377172154155605,2.1065272611347168
3329,7.337926894616558,2.1063283208203964
3330,7.338136426842747,2.1061295182035367
3331,7.338345812199877,2.1059308531906282
3332,7.338555050793634,2.1057323256882237
3333,7.338764142729601,2.1055339356029297
3334,7.338973088113298,2.1053356828414134
3335,7.339181887050145,2.1051375673104
3336,7.339390539645488,2.104939588916672
3337,7.339599046004603,2.104741747567071
3338,7.3398074062326435,2.1045440431684947
3339,7.340015620434725,2.104346475627901
3340,7.340223688715862,2.104149044852304
3341,7.340431611180978,2.1039517507487777
3342,7.340639387934935,2.103754593224452
3343,7.340847019082493,2.1035575721865163
3344,7.3410545047283415,2.1033606875422173
3345,7.341261844977087,2.1031639391988595
3346,7.341469039933246,2.102967327063805
3347,7.3416760897012665,2.102770851044475
3348,7.341882994385503,2.1025745110483474
3349,7.342089754090233,2.1023783069829585
3350,7.342296368919656,2.1021822387559004
3351,7.342502838977883,2.1019863062748265
3352,7.3427091643689515,2.101790509447445
3353,7.342915345196807,2.101594848181523
3354,7.343121381565322,2.101399322384886
3355,7.343327273578288,2.1012039319654154
3356,7.343533021339416,2.1010086768310523
3357,7.3437386249523255,2.1008135568897925
3358,7.3439440845205715,2.1006185720496924
3359,7.344149400147615,2.1004237222188644
3360,7.344354571936844,2.10022900730548
3361,7.344559599991559,2.100034427217765
3362,7.344764484414988,2.099839981864007
3363,7.344969225310266,2.099645671152548
3364,7.345173822780466,2.0994514949917877
3365,7.345378276928564,2.0992574532901855
3366,7.345582587857465,2.099063545956255
3367,7.345786755669989,2.0988697728985697
3368,7.345990780468885,2.098676134025759
3369,7.3461946623568,2.0984826292465115
3370,7.34639840143633,2.0982892584695714
3371,7.346601997809973,2.09809602160374
3372,7.346805451580145,2.097902918557878
3373,7.3470087628492,2.0977099492409015
3374,7.347211931719386,2.097517113561784
3375,7.3474149582929,2.0973244114295566
3376,7.347617842671837,2.097131842753307
3377,7.347820584958231,2.0969394074421825
3378,7.348023185254012,2.0967471054053846
3379,7.348225643661056,2.096554936552173
3380,7.34842796028115,2.0963629007918647
3381,7.348630135215997,2.096170998033834
3382,7.348832168567229,2.095979228187512
3383,7.3490340604363915,2.095787591162385
3384,7.349235810924959,2.0955960868680004
3385,7.349437420134325,2.0954047152139594
3386,7.349638888165791,2.0952134761099206
3387,7.3498402151206035,2.095022369465601
3388,7.350041401099919,2.0948313951907727
3389,7.350242446204802,2.094640553195265
3390,7.350443350536263,2.0944498433889662
3391,7.350644114195221,2.0942592656818193
3392,7.3508447372825145,2.0940688199838235
3393,7.351045219898908,2.093878506205038
3394,7.351245562145088,2.093688324255576
3395,7.35144576412166,2.093498274045607
3396,7.351645825929161,2.09330835548536
3397,7.351845747668036,2.0931185684851195
3398,7.352045529438661,2.0929289129552244
3399,7.352245171341339,2.0927393888060744
3400,7.352444673476275,2.092549995948123
3401,7.352644035943621,2.0923607342918813
3402,7.3528432588434365,2.092171603747916
3403,7.3530423422757085,2.0919826042268514
3404,7.353241286340347,2.0917937356393685
3405,7.35344009113718,2.0916049978962046
3406,7.353638756765964,2.091416390908153
3407,7.35383728332638,2.0912279145860637
3408,7.354035670918023,2.091039568840843
3409,7.3542339196404125,2.0908513535834548
3410,7.354432029593001,2.090663268724917
3411,7.354630000875155,2.0904753141763077
3412,7.35482783358617,2.0902874898487576
3413,7.355025527825258,2.0900997956534546
3414,7.3552230836915555,2.0899122315016463
3415,7.355420501284132,2.0897247973046302
3416,7.35561778070197,2.089537492973766
3417,7.355814922043976,2.089350318420467
3418,7.356011925408985,2.0891632735562022
3419,7.35620879089576,2.0889763582924985
3420,7.3564055186029735,2.0887895725409384
3421,7.356602108629233,2.0886029162131585
3422,7.35679856107307,2.0884163892208565
3423,7.356994876032931,2.08822999147578
3424,7.3571910536071945,2.0880437228897373
3425,7.357387093894166,2.0878575833745905
3426,7.357582996992066,2.0876715728422583
3427,7.357778762999046,2.0874856912047166
3428,7.357974392013175,2.0872999383739956
3429,7.358169884132457,2.0871143142621804
3430,7.3583652394548125,2.0869288187814163
3431,7.358560458078085,2.0867434518439008
3432,7.358755540100052,2.086558213361887
3433,7.358950485618408,2.0863731032476873
3434,7.359145294730773,2.086188121413667
3435,7.359339967534693,2.0860032677722478
3436,7.359534504127642,2.085818542235909
3437,7.359728904607012,2.0856339447171806
3438,7.359923169070129,2.0854494751286556
3439,7.360117297614238,2.0852651333829773
3440,7.360311290336508,2.085080919392847
3441,7.36050514733404,2.0848968330710207
3442,7.360698868703848,2.0847128743303096
3443,7.360892454542889,2.084529043083582
3444,7.361085904948032,2.0843453392437614
3445,7.361279220016081,2.0841617627238267
3446,7.3614723998437555,2.0839783134368113
3447,7.361665444527704,2.0837949912958056
3448,7.361858354164503,2.0836117962139546
3449,7.362051128850656,2.08342872810446
3450,7.362243768682594,2.0832457868805774
3451,7.362436273756664,2.083062972455618
3452,7.362628644169155,2.0828802847429504
3453,7.362820880016268,2.0826977236559947
3454,7.363012981394129,2.0825152891082297
3455,7.3632049483988045,2.0823329810131894
3456,7.363396781126275,2.082150799284462
3457,7.363588479672454,2.08196874383569
3458,7.363780044133179,2.081786814580574
3459,7.363971474604213,2.0816050114328664
3460,7.364162771181247,2.0814233343063777
3461,7.364353933959898,2.0812417831149723
3462,7.364544963035713,2.0810603577725693
3463,7.364735858504161,2.080879058193144
3464,7.36492662046064,2.0806978842907267
3465,7.365117249000472,2.0805168359794015
3466,7.365307744218916,2.0803359131733092
3467,7.365498106211141,2.0801551157866447
3468,7.365688335072261,2.079974443733657
3469,7.365878430897314,2.0797938969286527
3470,7.366068393781248,2.0796134752859907
3471,7.366258223818959,2.079433178720086
3472,7.366447921105254,2.079253007145409
3473,7.366637485734888,2.0790729604764837
3474,7.366826917802525,2.078893038627891
3475,7.367016217402768,2.078713241514264
3476,7.367205384630137,2.078533569050292
3477,7.367394419579087,2.078354021150719
3478,7.367583322344,2.078174597730344
3479,7.367772093019185,2.0779952987040198
3480,7.367960731698882,2.077816123986656
3481,7.368149238477255,2.0776370734932126
3482,7.368337613448396,2.0774581471387097
3483,7.36852585670633,2.077279344838219
3484,7.368713968345001,2.077100666506866
3485,7.36890194845829,2.0769221120598327
3486,7.36908979714001,2.0767436814123545
3487,7.369277514483882,2.076565374479722
3488,7.3694651005835805,2.0763871911772807
3489,7.369652555532698,2.076209131420428
3490,7.369839879424753,2.0760311951246195
3491,7.370027072353192,2.0758533822053624
3492,7.370214134411395,2.075675692578219
3493,7.370401065692674,2.075498126158808
3494,7.370587866290255,2.0753206828627984
3495,7.370774536297308,2.0751433626059175
3496,7.370961075806928,2.074966165303944
3497,7.3711474849121394,2.0747890908727125
3498,7.371333763705886,2.0746121392281114
3499,7.371519912281059,2.0744353102860837
3500,7.3717059307304655,2.074258603962626
3501,7.371891819146846,2.074082020173789
3502,7.372077577622866,2.073905558835678
3503,7.372263206251128,2.073729219864452
3504,7.372448705124161,2.073553003176325
3505,7.372634074334425,2.073376908687564
3506,7.3728193139743,2.07320093631449
3507,7.373004424136112,2.0730250859734793
3508,7.373189404912099,2.0728493575809606
3509,7.373374256394446,2.0726737510534186
3510,7.373558978675259,2.0724982663073885
3511,7.373743571846576,2.072322903259464
3512,7.373928036000359,2.0721476618262877
3513,7.3741123712285095,2.0719725419245614
3514,7.374296577622853,2.0717975434710354
3515,7.37448065527515,2.0716226663825177
3516,7.3746646042770845,2.0714479105758685
3517,7.374848424720279,2.071273275968003
3518,7.375032116696274,2.071098762475887
3519,7.375215680296561,2.0709243700165434
3520,7.375399115612543,2.0707500985070473
3521,7.3755824227355635,2.070575947864528
3522,7.375765601756893,2.0704019180061684
3523,7.375948652767728,2.0702280088492033
3524,7.376131575859207,2.0700542203109245
3525,7.376314371122393,2.0698805523086734
3526,7.376497038648281,2.0697070047598483
3527,7.376679578527794,2.0695335775818986
3528,7.376861990851796,2.0693602706923286
3529,7.377044275711066,2.069187084008695
3530,7.377226433196327,2.0690140174486102
3531,7.377408463398232,2.0688410709297367
3532,7.377590366407359,2.068668244369792
3533,7.377772142314221,2.0684955376865477
3534,7.377953791209265,2.068322950797828
3535,7.378135313182867,2.0681504836215088
3536,7.378316708325329,2.067978136075523
3537,7.3784979767269,2.0678059080778532
3538,7.378679118477743,2.0676337995465373
3539,7.378860133667966,2.0674618103996645
3540,7.3790410223875975,2.0672899405553795
3541,7.379221784726613,2.0671181899318785
3542,7.379402420774904,2.0669465584474116
3543,7.3795829306222975,2.0667750460202807
3544,7.3797633143585655,2.066603652568843
3545,7.3799435720734,2.066432378011507
3546,7.380123703856425,2.066261222266734
3547,7.380303709797197,2.066090185253039
3548,7.380483589985213,2.0659192668889914
3549,7.380663344509892,2.065748467093209
3550,7.380842973460597,2.0655777857843685
3551,7.38102247692661,2.065407222881196
3552,7.381201854997157,2.06523677830247
3553,7.381381107761389,2.0650664519670228
3554,7.381560235308393,2.064896243793741
3555,7.381739237727189,2.0647261537015598
3556,7.381918115106726,2.0645561816094715
3557,7.382096867535891,2.0643863274365195
3558,7.382275495103506,2.0642165911017996
3559,7.382453997898317,2.06404697252446
3560,7.382632376009007,2.063877471623702
3561,7.382810629524199,2.0637080883187804
3562,7.3829887585324405,2.063538822529001
3563,7.383166763122208,2.063369674173723
3564,7.3833446433819265,2.0632006431723577
3565,7.3835223993999435,2.06303172944437
3566,7.383700031264542,2.062862932909276
3567,7.383877539063939,2.062694253486644
3568,7.384054922886288,2.0625256910960976
3569,7.384232182819666,2.0623572456573083
3570,7.384409318952097,2.0621889170900043
3571,7.384586331371526,2.0620207053139628
3572,7.384763220165846,2.0618526102490153
3573,7.3849399854228714,2.0616846318150452
3574,7.3851166272303574,2.0615167699319876
3575,7.385293145675982,2.0613490245198314
3576,7.38546954084738,2.061181395498615
3577,7.385645812832093,2.0610138827884317
3578,7.385821961717621,2.060846486309425
3579,7.385997987591378,2.060679205981793
3580,7.386173890540724,2.060512041725781
3581,7.3863496706529554,2.060344993461693
3582,7.38652532801529,2.0601780611098808
3583,7.386700862714896,2.060011244590749
3584,7.386876274838864,2.0598445438247537
3585,7.387051564474223,2.0596779587324052
3586,7.387226731707938,2.059511489234263
3587,7.387401776626907,2.0593451352509398
3588,7.387576699317963,2.0591788967031
3589,7.3877514998678775,2.0590127735114616
3590,7.387926178363348,2.058846765596791
3591,7.388100734891016,2.058680872879909
3592,7.3882751695374465,2.058515095281688
3593,7.388449482389161,2.058349432723051
3594,7.3886236735325905,2.0581838851249743
3595,7.388797743054115,2.058018452408484
3596,7.388971691040048,2.057853134494659
3597,7.389145517576641,2.0576879313046303
3598,7.3893192227500775,2.05752284275958
3599,7.38949280664647,2.057357868780742
3600,7.389666269351875,2.057193009289401
3601,7.389839610952287,2.057028264206894
3602,7.390012831533626,2.0568636334546095
3603,7.39018593118175,2.056699116953988
3604,7.390358909982464,2.0565347146265203
3605,7.390531768021492,2.056370426393749
3606,7.390704505384506,2.0562062521772693
3607,7.390877122157106,2.0560421918987264
3608,7.3910496184248355,2.0558782454798163
3609,7.391221994273166,2.0557144128422893
3610,7.391394249787513,2.0555506939079433
3611,7.391566385053218,2.0553870885986303
3612,7.391738400155567,2.055223596836253
3613,7.391910295179779,2.0550602185427636
3614,7.3920820702110115,2.0548969536401676
3615,7.3922537253343545,2.054733802050521
3616,7.392425260634837,2.0545707636959296
3617,7.392596676197418,2.0544078384985536
3618,7.392767972107006,2.054245026380601
3619,7.392939148448433,2.0540823272643323
3620,7.3931102053064786,2.0539197410720593
3621,7.3932811427658445,2.0537572677261444
3622,7.393451960911192,2.053594907149
3623,7.393622659827089,2.0534326592630916
3624,7.393793239598059,2.053270523990935
3625,7.393963700308568,2.053108501255095
3626,7.394134042043007,2.05294659097819
3627,7.394304264885701,2.052784793082887
3628,7.39447436892092,2.0526231074919057
3629,7.394644354232873,2.0524615341280152
3630,7.394814220905705,2.0523000729140364
3631,7.394983969023484,2.0521387237728406
3632,7.395153598670235,2.05197748662735
3633,7.395323109929907,2.0518163614005354
3634,7.395492502886395,2.051655348015422
3635,7.395661777623525,2.0514944463950835
3636,7.395830934225061,2.051333656462644
3637,7.395999972774711,2.051172978141279
3638,7.396168893356109,2.051012411354214
3639,7.396337696052841,2.050851956024726
3640,7.396506380948416,2.0506916120761414
3641,7.396674948126291,2.0505313794318374
3642,7.396843397669862,2.0503712580152422
3643,7.397011729662446,2.0502112477498327
3644,7.397179944187317,2.050051348559139
3645,7.39734804132768,2.0498915603667394
3646,7.397516021166678,2.0497318830962636
3647,7.397683883787386,2.0495723166713913
3648,7.397851629272835,2.049412861015852
3649,7.398019257705967,2.0492535160534264
3650,7.398186769169688,2.0490942817079456
3651,7.3983541637468315,2.0489351579032893
3652,7.39852144152016,2.0487761445633885
3653,7.398688602572389,2.048617241612225
3654,7.398855646986166,2.0484584489738293
3655,7.3990225748440785,2.0482997665722835
3656,7.399189386228651,2.0481411943317185
3657,7.399356081222347,2.0479827321763158
3658,7.399522659907572,2.047824380030307
3659,7.399689122366664,2.047666137817974
3660,7.399855468681896,2.0475080054636483
3661,7.400021698935499,2.0473499828917108
3662,7.400187813209624,2.0471920700265933
3663,7.400353811586362,2.0470342667927772
3664,7.400519694147758,2.0468765731147935
3665,7.4006854609757795,2.046718988917223
3666,7.400851112152343,2.0465615141246967
3667,7.401016647759295,2.0464041486618956
3668,7.401182067878436,2.0462468924535497
3669,7.401347372591483,2.0460897454244398
3670,7.401512561980124,2.0459327074993943
3671,7.401677636125946,2.0457757786032937
3672,7.401842595110512,2.0456189586610676
3673,7.402007439015306,2.0454622475976936
3674,7.402172167921757,2.045305645338201
3675,7.402336781911225,2.045149151807668
3676,7.402501281065025,2.044992766931222
3677,7.402665665464391,2.044836490634039
3678,7.402829935190521,2.044680322841346
3679,7.40299409032453,2.0445242634784204
3680,7.403158130947489,2.0443683124705863
3681,7.4033220571404,2.04421246974322
3682,7.403485868984206,2.044056735221743
3683,7.4036495665597934,2.0439011088316312
3684,7.403813149947983,2.0437455904984083
3685,7.403976619229548,2.043590180147644
3686,7.40413997448518,2.0434348777049616
3687,7.404303215795533,2.0432796830960314
3688,7.4044663432411895,2.043124596246573
3689,7.404629356902671,2.042969617082357
3690,7.404792256860443,2.0428147455292005
3691,7.404955043194917,2.0426599815129722
3692,7.405117715986434,2.042505324959587
3693,7.405280275315278,2.0423507757950135
3694,7.405442721261679,2.042196333945263
3695,7.405605053905805,2.042041999336402
3696,7.405767273327758,2.0418877718945425
3697,7.405929379607592,2.0417336515458455
3698,7.406091372825297,2.041579638216524
3699,7.406253253060796,2.041425731832836
3700,7.406415020393964,2.04127193232109
3701,7.4065766749046125,2.0411182396076453
3702,7.406738216672492,2.040964653618907
3703,7.4068996457773,2.04081117428133
3704,7.407060962298664,2.0406578015214185
3705,7.4072221663161635,2.0405045352657263
3706,7.407383257909314,2.0403513754408533
3707,7.4075442371575715,2.040198321973451
3708,7.407705104140337,2.040045374790218
3709,7.407865858936948,2.039892533817902
3710,7.408026501626691,2.0397397989832977
3711,7.408187032288778,2.0395871702132524
3712,7.40834745100238,2.039434647434658
3713,7.408507757846602,2.0392822305744556
3714,7.408667952900486,2.0391299195596377
3715,7.408828036243028,2.0389777143172427
3716,7.40898800795315,2.038825614774357
3717,7.40914786810973,2.0386736208581175
3718,7.409307616791574,2.0385217324957075
3719,7.4094672540774456,2.0383699496143612
3720,7.409626780046032,2.0382182721413584
3721,7.409786194775977,2.0380667000040287
3722,7.409945498345859,2.0379152331297505
3723,7.410104690834207,2.0377638714459496
3724,7.4102637723194755,2.037612614880099
3725,7.4104227428800735,2.0374614633597226
3726,7.41058160259435,2.0373104168123906
3727,7.410740351540597,2.0371594751657214
3728,7.410898989797049,2.037008638347383
3729,7.411057517441872,2.036857906285091
3730,7.411215934553196,2.0367072789066056
3731,7.411374241209067,2.0365567561397415
3732,7.411532437487501,2.0364063379123563
3733,7.411690523466425,2.036256024152358
3734,7.4118484992237414,2.0361058147877014
3735,7.412006364837268,2.0359557097463896
3736,7.412164120384784,2.0358057089564747
3737,7.412321765944004,2.035655812346055
3738,7.412479301592577,2.0355060198432784
3739,7.412636727408111,2.035356331376339
3740,7.412794043468145,2.03520674687348
3741,7.412951249850164,2.035057266262991
3742,7.4131083466315975,2.034907889473212
3743,7.4132653338898145,2.034758616432527
3744,7.413422211702133,2.034609447069371
3745,7.413578980145809,2.0344603813122246
3746,7.413735639298037,2.0343114190896174
3747,7.413892189235966,2.034162560330126
3748,7.414048630036678,2.0340138049623753
3749,7.414204961777206,2.0338651529150362
3750,7.414361184534521,2.0337166041168286
3751,7.414517298385541,2.0335681584965197
3752,7.414673303407125,2.033419815982924
3753,7.414829199676068,2.033271576504903
3754,7.414984987269131,2.0331234399913667
3755,7.415140666262985,2.0329754063712713
3756,7.415296236734285,2.032827475573621
3757,7.4154516987595915,2.032679647527469
3758,7.415607052415429,2.032531922161912
3759,7.41576229777826,2.0323842994060977
3760,7.415917434924496,2.0322367791892186
3761,7.416072463930487,2.032089361440517
3762,7.416227384872528,2.0319420460892794
3763,7.416382197826858,2.031794833064842
3764,7.416536902869659,2.0316477222965874
3765,7.416691500077056,2.0315007137139443
3766,7.416845989525127,2.0313538072463895
3767,7.417000371289885,2.0312070028234475
3768,7.417154645447284,2.0310603003746888
3769,7.417308812073231,2.030913699829731
3770,7.417462871243574,2.03076720111824
3771,7.417616823034104,2.0306208041699265
3772,7.4177706675205535,2.03047450891455
3773,7.417924404778606,2.030328315281917
3774,7.41807803488389,2.030182223201879
3775,7.418231557911968,2.0300362326043357
3776,7.4183849739383545,2.0298903434192352
3777,7.418538283038513,2.029744555576569
3778,7.41869148528784,2.029598869006378
3779,7.418844580761683,2.0294532836387496
3780,7.418997569535336,2.029307799403816
3781,7.4191504516840405,2.029162416231759
3782,7.419303227282968,2.029017134052805
3783,7.419455896407249,2.028871952797227
3784,7.419608459131954,2.0287268723953473
3785,7.419760915532099,2.0285818927775314
3786,7.419913265682648,2.028437013874193
3787,7.420065509658502,2.028292235615793
3788,7.420217647534516,2.028147557932837
3789,7.420369679385485,2.0280029807558786
3790,7.420521605286143,2.0278585040155184
3791,7.420673425311181,2.0277141276424016
3792,7.42082513953523,2.02756985156722
3793,7.4209767480328725,2.027425675720714
3794,7.421128250878619,2.0272816000336684
3795,7.421279648146945,2.0271376244369153
3796,7.421430939912258,2.0269937488613317
3797,7.421582126248916,2.0268499732378418
3798,7.421733207231235,2.0267062974974177
3799,7.4218841829334465,2.026562721571075
3800,7.4220350534297514,2.0264192453898766
3801,7.422185818794292,2.0262758688849325
3802,7.42233647910115,2.0261325919873974
3803,7.422487034424365,2.025989414628473
3804,7.4226374848378995,2.0258463367394066
3805,7.422787830415692,2.025703358251492
3806,7.422938071231604,2.025560479096069
3807,7.42308820735945,2.025417699204524
3808,7.423238238872991,2.0252750185082875
3809,7.423388165845931,2.025132436938838
3810,7.423537988351932,2.0249899544276992
3811,7.423687706464583,2.0248475709064415
3812,7.423837320257435,2.0247052863066775
3813,7.423986829803973,2.024563100560071
3814,7.424136235177634,2.0244210135983294
3815,7.424285536451813,2.024279025353204
3816,7.424434733699824,2.0241371357564946
3817,7.4245838269949544,2.023995344740046
3818,7.424732816410417,2.023853652235748
3819,7.4248817020193885,2.023712058175536
3820,7.425030483894987,2.0235705624913924
3821,7.42517916211026,2.023429165115345
3822,7.42532773673823,2.023287865979466
3823,7.425476207851841,2.0231466650158736
3824,7.425624575524003,2.023005562156733
3825,7.425772839827559,2.0228645573342527
3826,7.425921000835307,2.0227236504806885
3827,7.426069058619987,2.0225828415283407
3828,7.426217013254285,2.022442130409556
3829,7.42636486481084,2.022301517056725
3830,7.4265126133622354,2.022161001402286
3831,7.426660258980992,2.02202058337872
3832,7.4268078017396,2.0218802629185553
3833,7.4269552417104725,2.021740039954365
3834,7.427102578965974,2.021599914418768
3835,7.427249813578436,2.021459886244427
3836,7.427396945620117,2.02131995536405
3837,7.427543975163227,2.021180121710394
3838,7.427690902279929,2.021040385216256
3839,7.427837727042322,2.0209007458144805
3840,7.427984449522467,2.0207612034379587
3841,7.428131069792359,2.0206217580196233
3842,7.428277587923951,2.020482409492456
3843,7.428424003989138,2.0203431577894806
3844,7.428570318059763,2.0202040028437667
3845,7.428716530207612,2.020064944588431
3846,7.428862640504431,2.019925982956632
3847,7.4290086490219025,2.019787117881574
3848,7.429154555831663,2.0196483492965083
3849,7.429300361005291,2.019509677134729
3850,7.4294460646143134,2.0193711013295754
3851,7.429591666730211,2.0192326218144325
3852,7.42973716742441,2.0190942385227295
3853,7.429882566768284,2.0189559513879405
3854,7.430027864833146,2.018817760343584
3855,7.430173061690273,2.018679665323224
3856,7.430318157410878,2.0185416662604685
3857,7.430463152066128,2.018403763088971
3858,7.430608045727135,2.0182659557424283
3859,7.430752838464956,2.0181282441545836
3860,7.430897530350607,2.017990628259224
3861,7.431042121455036,2.01785310799018
3862,7.43118661184916,2.0177156832813288
3863,7.43133100160383,2.01757835406659
3864,7.431475290789843,2.0174411202799294
3865,7.431619479477956,2.0173039818553566
3866,7.431763567738864,2.0171669387269255
3867,7.431907555643218,2.017029990828735
3868,7.43205144326161,2.016893138094927
3869,7.4321952306645915,2.0167563804596904
3870,7.4323389179226504,2.0166197178572554
3871,7.432482505106226,2.016483150221898
3872,7.432625992285721,2.016346677487939
3873,7.432769379531466,2.0162102995897433
3874,7.432912666913745,2.016074016461719
3875,7.43305585450281,2.0159378280383193
3876,7.4331989423688345,2.0158017342540413
3877,7.433341930581955,2.015665735043426
3878,7.433484819212258,2.0155298303410594
3879,7.433627608329776,2.0153940200815716
3880,7.433770298004491,2.015258304199635
3881,7.433912888306336,2.015122682629968
3882,7.434055379305185,2.014987155307333
3883,7.434197771070871,2.014851722166534
3884,7.434340063673177,2.014716383142422
3885,7.434482257181821,2.0145811381698917
3886,7.434624351666489,2.0144459871838785
3887,7.434766347196801,2.014310930119365
3888,7.434908243842333,2.0141759669113775
3889,7.435050041672612,2.014041097494984
3890,7.435191740757114,2.013906321805298
3891,7.4353333411652605,2.0137716397774756
3892,7.435474842966423,2.013637051346719
3893,7.4356162462299284,2.0135025564482714
3894,7.43575755102505,2.013368155017422
3895,7.435898757421003,2.0132338469895013
3896,7.436039865486969,2.013099632299885
3897,7.436180875292063,2.0129655108839923
3898,7.436321786905359,2.012831482677287
3899,7.436462600395874,2.012697547615274
3900,7.436603315832583,2.0125637056335037
3901,7.436743933284412,2.01242995666757
3902,7.436884452820218,2.0122963006531096
3903,7.437024874508836,2.0121627375258018
3904,7.437165198419032,2.012029267221371
3905,7.437305424619525,2.0118958896755847
3906,7.437445553178985,2.0117626048242534
3907,7.437585584166033,2.0116294126032312
3908,7.437725517649246,2.0114963129484167
3909,7.437865353697142,2.0113633057957485
3910,7.438005092378188,2.0112303910812113
3911,7.438144733760818,2.0110975687408326
3912,7.438284277913392,2.010964838710683
3913,7.43842372490424,2.010832200926876
3914,7.438563074801634,2.010699655325569
3915,7.43870232767379,2.010567201842962
3916,7.4388414835888925,2.0104348404152974
3917,7.438980542615064,2.0103025709788627
3918,7.4391195048203755,2.0101703934699864
3919,7.43925837027286,2.010038307825041
3920,7.439397139040489,2.009906313980444
3921,7.439535811191182,2.009774411872651
3922,7.439674386792828,2.0096426014381645
3923,7.439812865913259,2.00951088261353
3924,7.439951248620241,2.0093792553353347
3925,7.4400895349815155,2.009247719540208
3926,7.440227725064754,2.0091162751648235
3927,7.440365818937603,2.008984922145898
3928,7.440503816667631,2.008853660420189
3929,7.44064171832238,2.008722489924499
3930,7.44077952396933,2.008591410595673
3931,7.440917233675922,2.008460422370597
3932,7.441054847509542,2.008329525186203
3933,7.441192365537527,2.00819871897946
3934,7.441329787827169,2.008068003687386
3935,7.441467114445708,2.007937379247039
3936,7.441604345460335,2.007806845595519
3937,7.441741480938198,2.0076764026699685
3938,7.4418785209463865,2.007546050407574
3939,7.442015465551948,2.007415788745564
3940,7.44215231482188,2.0072856176212084
3941,7.442289068823134,2.007155536971821
3942,7.442425727622612,2.0070255467347575
3943,7.442562291287159,2.006895646847416
3944,7.44269875988359,2.0067658372472374
3945,7.442835133478649,2.006636117871704
3946,7.442971412139055,2.0065064886583417
3947,7.443107595931452,2.006376949544717
3948,7.443243684922464,2.006247500468442
3949,7.44337967917865,2.006118141367167
3950,7.4435155787665215,2.005988872178588
3951,7.443651383752545,2.00585969284044
3952,7.443787094203141,2.005730603290504
3953,7.4439227101846726,2.005601603466599
3954,7.444058231763477,2.005472693306589
3955,7.444193659005811,2.0053438727483806
3956,7.444328991977911,2.00521514172992
3957,7.444464230745949,2.005086500189197
3958,7.444599375376059,2.004957948064243
3959,7.444734425934326,2.0048294852931328
3960,7.444869382486778,2.004701111813981
3961,7.445004245099404,2.004572827564945
3962,7.445139013838147,2.004444632484225
3963,7.445273688768897,2.004316526510062
3964,7.445408269957493,2.0041885095807395
3965,7.445542757469735,2.004060581634583
3966,7.445677151371371,2.00393274260996
3967,7.445811451728106,2.003804992445278
3968,7.445945658605586,2.0036773310789893
3969,7.446079772069424,2.0035497584495845
3970,7.446213792185176,2.0034222744955996
3971,7.446347719018351,2.00329487915561
3972,7.446481552634416,2.0031675723682323
3973,7.446615293098792,2.003040354072127
3974,7.446748940476838,2.002913224205994
3975,7.446882494833884,2.002786182708577
3976,7.447015956235206,2.0026592295186587
3977,7.447149324746022,2.002532364575066
3978,7.447282600431525,2.002405587816665
3979,7.447415783356842,2.0022788991823655
3980,7.4475488735870625,2.002152298611117
3981,7.447681871187227,2.002025786041911
3982,7.4478147762223195,2.001899361413781
3983,7.447947588757297,2.001773024665802
3984,7.448080308857054,2.001646775737088
3985,7.448212936586441,2.001520614566798
3986,7.4483454720102635,2.00139454109413
3987,7.448477915193285,2.0012685552583234
3988,7.448610266200211,2.00114265699866
3989,7.44874252509571,2.001016846254462
3990,7.448874691944399,2.000891122965092
3991,7.449006766810851,2.0007654870699567
3992,7.449138749759587,2.0006399385085007
3993,7.449270640855091,2.0005144772202113
3994,7.449402440161793,2.0003891031446166
3995,7.449534147744078,2.000263816221287
3996,7.449665763666284,2.0001386163898323
3997,7.449797287992705,2.0000135035899036
3998,7.44992872078759,1.9998884777611934
3999,7.450060062115138,1.9997635388434363
4000,7.450191312039497,1.9996386867764053
4001,7.450322470624783,1.9995139214999167
4002,7.450453537935051,1.9993892429538271
4003,7.4505845140343165,1.999264651078033
4004,7.450715398986552,1.999140145812473
4005,7.45084619285568,1.9990157270971256
4006,7.450976895705567,1.9988913948720108
4007,7.45110750760006,1.9987671490771894
4008,7.451238028602935,1.9986429896527622
4009,7.451368458777931,1.9985189165388724
4010,7.451498798188741,1.9983949296757013
4011,7.451629046899009,1.998271029003474
4012,7.4517592049723405,1.998147214462453
4013,7.451889272472292,1.9980234859929449
4014,7.452019249462366,1.9978998435352933
4015,7.452149136006033,1.9977762870298854
4016,7.452278932166706,1.9976528164171468
4017,7.452408638007756,1.9975294316375458
4018,7.452538253592517,1.997406132631589
4019,7.452667778984264,1.9972829193398256
4020,7.452797214246237,1.9971597917028436
4021,7.45292655944162,1.9970367496612713
4022,7.453055814633561,1.9969137931557799
4023,7.453184979885157,1.9967909221270779
4024,7.453314055259461,1.9966681365159153
4025,7.453443040819485,1.9965454362630835
4026,7.4535719366281885,1.996422821309413
4027,7.45370074274849,1.9963002915957748
4028,7.453829459243259,1.9961778470630813
4029,7.453958086175328,1.9960554876522822
4030,7.454086623607474,1.9959332133043708
4031,7.45421507160243,1.9958110239603797
4032,7.454343430222896,1.9956889195613787
4033,7.454471699531513,1.9955669000484828
4034,7.454599879590879,1.9954449653628428
4035,7.454727970463561,1.9953231154456519
4036,7.454855972212058,1.995201350238142
4037,7.454983884898839,1.9950796696815876
4038,7.455111708586337,1.994958073717299
4039,7.4552394433369065,1.9948365622866302
4040,7.455367089212897,1.9947151353309733
4041,7.45549464627659,1.9945937927917619
4042,7.4556221145902235,1.9944725346104668
4043,7.455749494215998,1.9943513607286012
4044,7.455876785216062,1.9942302710877178
4045,7.456003987652527,1.994109265629408
4046,7.456131101587455,1.9939883442953028
4047,7.456258127082864,1.9938675070270757
4048,7.456385064200733,1.9937467537664366
4049,7.4565119130029816,1.9936260844551377
4050,7.456638673551498,1.9935054990349685
4051,7.456765345908123,1.9933849974477613
4052,7.456891930134655,1.9932645796353852
4053,7.457018426292844,1.9931442455397503
4054,7.457144834444391,1.9930239951028055
4055,7.457271154650968,1.9929038282665401
4056,7.457397386974189,1.9927837449729833
4057,7.457523531475621,1.9926637451642022
4058,7.457649588216809,1.9925438287823056
4059,7.457775557259224,1.9924239957694398
4060,7.457901438664315,1.9923042460677918
4061,7.458027232493477,1.9921845796195874
4062,7.45815293880807,1.9920649963670918
4063,7.458278557669393,1.9919454962526106
4064,7.458404089138716,1.9918260792184868
4065,7.458529533277262,1.9917067452071053
4066,7.458654890146202,1.9915874941608878
4067,7.458780159806671,1.9914683260222974
4068,7.458905342319764,1.9913492407338342
4069,7.459030437746523,1.99123023823804
4070,7.4591554461479515,1.991111318477494
4071,7.459280367584997,1.9909924813948157
4072,7.459405202118586,1.9908737269326633
4073,7.4595299498095855,1.9907550550337334
4074,7.459654610718821,1.990636465640763
4075,7.459779184907072,1.990517958696528
4076,7.459903672435092,1.9903995341438419
4077,7.460028073363557,1.9902811919255596
4078,7.460152387753131,1.9901629319845726
4079,7.460276615664425,1.990044754263814
4080,7.460400757157996,1.9899266587062532
4081,7.460524812294371,1.9898086452548995
4082,7.460648781134027,1.9896907138528024
4083,7.460772663737401,1.9895728644430486
4084,7.46089646016488,1.9894550969687648
4085,7.461020170476816,1.989337411373116
4086,7.4611437947335135,1.989219807599306
4087,7.461267332995237,1.9891022855905778
4088,7.4613907853222,1.9889848452902117
4089,7.461514151774578,1.9888674866415292
4090,7.461637432412512,1.9887502095878884
4091,7.461760627296076,1.9886330140726876
4092,7.4618837364853325,1.9885159000393626
4093,7.462006760040272,1.9883988674313884
4094,7.462129698020861,1.988281916192279
4095,7.462252550487016,1.988165046265586
4096,7.462375317498613,1.9880482575949001
4097,7.462497999115476,1.9879315501238508
4098,7.462620595397396,1.9878149237961065
4099,7.462743106404123,1.9876983785553723
4100,7.462865532195356,1.9875819143453939
4101,7.462987872830759,1.9874655311099547
4102,7.4631101283699435,1.987349228792875
4103,7.463232298872485,1.987233007338016
4104,7.463354384397915,1.9871168666892767
4105,7.463476385005727,1.9870008067905915
4106,7.463598300755364,1.9868848275859383
4107,7.463720131706231,1.9867689290193287
4108,7.463841877917687,1.986653111034815
4109,7.463963539449056,1.9865373735764875
4110,7.464085116359605,1.9864217165884734
4111,7.4642066087085785,1.9863061400149402
4112,7.464328016555162,1.986190643800092
4113,7.464449339958504,1.9860752278881713
4114,7.464570578977714,1.985959892223459
4115,7.464691733671856,1.985844636750274
4116,7.464812804099951,1.985729461412974
4117,7.464933790320978,1.985614366155953
4118,7.465054692393878,1.9854993509236456
4119,7.465175510377547,1.9853844156605223
4120,7.465296244330832,1.9852695603110915
4121,7.46541689431255,1.985154784819901
4122,7.4655374603814675,1.9850400891315358
4123,7.465657942596311,1.984925473190619
4124,7.465778341015766,1.9848109369418112
4125,7.465898655698477,1.9846964803298113
4126,7.4660188867030435,1.984582103299356
4127,7.4661390340880285,1.984467805795219
4128,7.466259097911943,1.9843535877622127
4129,7.466379078233266,1.9842394491451876
4130,7.466498975110429,1.984125389889031
4131,7.466618788601824,1.9840114099386685
4132,7.466738518765807,1.9838975092390627
4133,7.4668581656606765,1.983783687735215
4134,7.466977729344705,1.9836699453721633
4135,7.4670972098761155,1.9835562820949848
4136,7.467216607313092,1.9834426978487913
4137,7.467335921713781,1.983329192578735
4138,7.467455153136267,1.9832157662300052
4139,7.467574301638625,1.9831024187478274
4140,7.467693367278866,1.9829891500774657
4141,7.467812350114966,1.982875960164221
4142,7.467931250204855,1.982762848953433
4143,7.468050067606428,1.9826498163904767
4144,7.468168802377536,1.9825368624207673
4145,7.468287454575994,1.9824239869897538
4146,7.468406024259568,1.9823111900429258
4147,7.468524511485979,1.9821984715258092
4148,7.468642916312917,1.9820858313839653
4149,7.46876123879803,1.9819732695629961
4150,7.46887947899892,1.9818607860085384
4151,7.468997636973146,1.981748380666267
4152,7.469115712778233,1.9816360534818946
4153,7.4692337064716625,1.9815238044011692
4154,7.469351618110866,1.9814116333698775
4155,7.46946944775325,1.9812995403338436
4156,7.469587195456165,1.9811875252389275
4157,7.469704861276937,1.9810755880310271
4158,7.469822445272827,1.9809637286560777
4159,7.469939947501081,1.98085194706005
4160,7.470057368018884,1.9807402431889538
4161,7.470174706883397,1.9806286169888347
4162,7.470291964151729,1.9805170684057756
4163,7.4704091398809425,1.9804055973858952
4164,7.470526234128081,1.980294203875352
4165,7.470643246950124,1.980182887820339
4166,7.470760178404024,1.980071649167086
4167,7.470877028546689,1.979960487861861
4168,7.4709937974349865,1.9798494038509682
4169,7.471110485125743,1.9797383970807478
4170,7.471227091675744,1.979627467497579
4171,7.471343617141738,1.9795166150478756
4172,7.471460061580425,1.9794058396780891
4173,7.471576425048477,1.9792951413347069
4174,7.471692707602514,1.9791845199642542
4175,7.471808909299117,1.9790739755132922
4176,7.4719250301948374,1.9789635079284196
4177,7.4720410703461715,1.9788531171562698
4178,7.472157029809588,1.9787428031435152
4179,7.472272908641501,1.9786325658368629
4180,7.4723887068983,1.978522405183058
4181,7.47250442463633,1.9784123211288804
4182,7.472620061911883,1.9783023136211484
4183,7.472735618781228,1.978192382606715
4184,7.472851095300583,1.9780825280324714
4185,7.47296649152613,1.9779727498453439
4186,7.473081807514013,1.9778630479922958
4187,7.473197043320333,1.9777534224203268
4188,7.4733121990011435,1.9776438730764725
4189,7.4734272746124795,1.9775343999078048
4190,7.4735422702103165,1.9774250028614333
4191,7.473657185850589,1.9773156818845021
4192,7.473772021589212,1.9772064369241933
4193,7.473886777482034,1.9770972679277226
4194,7.4740014535848855,1.9769881748423448
4195,7.474116049953545,1.9768791576153497
4196,7.4742305666437545,1.9767702161940628
4197,7.474345003711219,1.9766613505258464
4198,7.4744593612116015,1.9765525605580991
4199,7.474573639200522,1.9764438462382548
4200,7.474687837733568,1.9763352075137839
4201,7.474801956866279,1.9762266443321925
4202,7.4749159966541665,1.9761181566410244
4203,7.475029957152688,1.9760097443878573
4204,7.4751438384172735,1.9759014075203059
4205,7.475257640503303,1.97579314598602
4206,7.47537136346613,1.9756849597326878
4207,7.475485007361058,1.9755768487080294
4208,7.475598572243355,1.9754688128598048
4209,7.475712058168247,1.975360852135807
4210,7.475825465190928,1.9752529664838667
4211,7.4759387933665415,1.9751451558518491
4212,7.4760520427502,1.9750374201876555
4213,7.476165213396974,1.9749297594392246
4214,7.4762783053618955,1.9748221735545284
4215,7.476391318699959,1.9747146624815761
4216,7.476504253466121,1.974607226168412
4217,7.476617109715281,1.9744998645631167
4218,7.476729887502331,1.9743925776138052
4219,7.476842586882096,1.9742853652686305
4220,7.476955207909377,1.9741782274757786
4221,7.477067750638935,1.9740711641834727
4222,7.477180215125481,1.9739641753399706
4223,7.4772926014237,1.9738572608935672
4224,7.477404909588236,1.9737504207925902
4225,7.4775171396736875,1.973643654985406
4226,7.477629291734614,1.9735369634204143
4227,7.477741365825544,1.9734303460460512
4228,7.477853362000967,1.973323802810788
4229,7.4779652803153205,1.9732173336631302
4230,7.4780771208230234,1.9731109385516212
4231,7.478188883578436,1.9730046174248375
4232,7.478300568635894,1.9728983702313925
4233,7.478412176049684,1.9727921969199331
4234,7.478523705874065,1.9726860974391445
4235,7.478635158163253,1.9725800717377444
4236,7.478746532971417,1.9724741197644855
4237,7.478857830352701,1.972368241468158
4238,7.478969050361199,1.972262436797586
4239,7.479080193050977,1.972156705701629
4240,7.479191258476051,1.9720510481291817
4241,7.4793022466904056,1.971945464029173
4242,7.4794131577479925,1.9718399533505684
4243,7.479523991702718,1.9717345160423678
4244,7.479634748608444,1.9716291520536058
4245,7.479745428518999,1.9715238613333534
4246,7.479856031488186,1.9714186438307144
4247,7.479966557569751,1.9713134994948298
4248,7.480077006817413,1.9712084282748736
4249,7.4801873792848435,1.9711034301200563
4250,7.480297675025688,1.970998504979623
4251,7.480407894093547,1.9708936528028533
4252,7.480518036541975,1.9707888735390608
4253,7.48062810242451,1.9706841671375972
4254,7.480738091794626,1.9705795335478449
4255,7.48084800470578,1.9704749727192234
4256,7.480957841211379,1.9703704846011871
4257,7.481067601364795,1.970266069143225
4258,7.481177285219369,1.9701617262948594
4259,7.4812868928283915,1.9700574560056496
4260,7.48139642424512,1.9699532582251875
4261,7.481505879522783,1.9698491329031016
4262,7.481615258714554,1.9697450799890537
4263,7.481724561873589,1.9696410994327405
4264,7.481833789052991,1.9695371911838924
4265,7.481942940305829,1.9694333551922767
4266,7.482052015685137,1.969329591407695
4267,7.482161015243905,1.9692258997799794
4268,7.482269939035095,1.9691222802590016
4269,7.482378787111626,1.9690187327946658
4270,7.482487559526378,1.9689152573369102
4271,7.482596256332197,1.9688118538357071
4272,7.4827048775818845,1.9687085222410645
4273,7.482813423328215,1.9686052625030248
4274,7.4829218936239155,1.9685020745716633
4275,7.483030288521687,1.968398958397091
4276,7.48313860807418,1.9682959139294527
4277,7.483246852334014,1.9681929411189285
4278,7.483355021353779,1.9680900399157304
4279,7.48346311518601,1.9679872102701077
4280,7.483571133883214,1.9678844521323409
4281,7.4836790774978645,1.9677817654527476
4282,7.483786946082398,1.967679150181678
4283,7.483894739689202,1.967576606269516
4284,7.48400245837064,1.9674741336666812
4285,7.484110102179033,1.9673717323236262
4286,7.484217671166662,1.967269402190838
4287,7.484325165385774,1.9671671432188373
4288,7.484432584888585,1.9670649553581803
4289,7.484539929727259,1.9669628385594562
4290,7.484647199953937,1.966860792773287
4291,7.484754395620713,1.9667588179503308
4292,7.484861516779653,1.9666569140412795
4293,7.484968563482779,1.9665550809968566
4294,7.485075535782079,1.9664533187678228
4295,7.485182433729509,1.96635162730497
4296,7.485289257376975,1.9662500065591257
4297,7.48539600677636,1.9661484564811507
4298,7.485502681979502,1.966046977021939
4299,7.485609283038202,1.9659455681324207
4300,7.485715810004231,1.965844229763556
4301,7.485822262929315,1.9657429618663418
4302,7.485928641865153,1.9656417643918078
4303,7.486034946863394,1.9655406372910178
4304,7.486141177975664,1.9654395805150684
4305,7.486247335253543,1.9653385940150914
4306,7.486353418748581,1.96523767774225
4307,7.486459428512286,1.9651368316477436
4308,7.48656536459613,1.9650360556828037
4309,7.486671227051556,1.9649353497986952
4310,7.486777015929955,1.9648347139467175
4311,7.486882731282698,1.964734148078204
4312,7.486988373161114,1.9646336521445187
4313,7.4870939416164894,1.964533226097063
4314,7.487199436700083,1.9644328698872695
4315,7.4873048584631094,1.9643325834666048
4316,7.48741020695676,1.9642323667865682
4317,7.487515482232166,1.9641322197986937
4318,7.487620684340451,1.964032142454548
4319,7.487725813332682,1.9639321347057312
4320,7.487830869259893,1.963832196503877
4321,7.487935852173094,1.9637323278006522
4322,7.488040762123247,1.9636325285477567
4323,7.488145599161274,1.9635327986969244
4324,7.488250363338075,1.963433138199922
4325,7.488355054704502,1.9633335470085485
4326,7.488459673311378,1.9632340250746387
4327,7.488564219209486,1.963134572350058
4328,7.488668692449578,1.9630351887867061
4329,7.488773093082367,1.962935874336516
4330,7.4888774211585245,1.9628366289514538
4331,7.488981676728692,1.9627374525835173
4332,7.489085859843477,1.9626383451847396
4333,7.4891899705534515,1.962539306707186
4334,7.489294008909137,1.962440337102954
4335,7.489397974961042,1.962341436324175
4336,7.48950186875962,1.9622426043230135
4337,7.489605690355305,1.9621438410516663
4338,7.4897094397984825,1.9620451464623645
4339,7.48981311713951,1.96194652050737
4340,7.489916722428702,1.9618479631389796
4341,7.490020255716341,1.9617494743095216
4342,7.4901237170526755,1.961651053971359
4343,7.490227106487922,1.9615527020768848
4344,7.490330424072249,1.9614544185785279
4345,7.490433669855803,1.9613562034287475
4346,7.490536843888686,1.9612580565800373
4347,7.490639946220969,1.9611599779849234
4348,7.490742976902684,1.9610619675959629
4349,7.490845935983835,1.960964025365749
4350,7.4909488235143815,1.9608661512469048
4351,7.491051639544249,1.9607683451920872
4352,7.491154384123335,1.9606706071539852
4353,7.491257057301497,1.9605729370853209
4354,7.491359659128549,1.9604753349388488
4355,7.491462189654288,1.960377800667356
4356,7.4915646489284615,1.960280334223663
4357,7.491667037000782,1.9601829355606206
4358,7.491769353920934,1.9600856046311157
4359,7.491871599738563,1.9599883413880637
4360,7.4919737745032835,1.9598911457844153
4361,7.492075878264662,1.959794017773153
4362,7.4921779110722415,1.9596969573072907
4363,7.492279872975535,1.959599964339876
4364,7.492381764024011,1.9595030388239885
4365,7.492483584267092,1.9594061807127399
4366,7.492585333754192,1.9593093899592746
4367,7.4926870125346765,1.959212666516769
4368,7.492788620657867,1.9591160103384326
4369,7.492890158173064,1.9590194213775058
4370,7.492991625129529,1.9589228995872625
4371,7.493093021576482,1.9588264449210082
4372,7.493194347563123,1.9587300573320807
4373,7.493295603138605,1.958633736773851
4374,7.493396788352046,1.95853748319972
4375,7.493497903252528,1.9584412965631233
4376,7.493598947889118,1.9583451768175273
4377,7.49369992231082,1.9582491239164304
4378,7.493800826566625,1.958153137813364
4379,7.493901660705474,1.9580572184618903
4380,7.494002424776281,1.9579613658156048
4381,7.49410311882793,1.9578655798281344
4382,7.494203742909259,1.957769860453138
4383,7.49430429706908,1.9576742076443066
4384,7.494404781356168,1.9575786213553634
4385,7.494505195819261,1.9574831015400629
4386,7.4946055405070675,1.9573876481521926
4387,7.494705815468262,1.9572922611455703
4388,7.494806020751474,1.957196940474048
4389,7.494906156405313,1.957101686091507
4390,7.495006222478349,1.957006497951862
4391,7.495106219019102,1.9569113760090593
4392,7.495206146076082,1.956816320217077
4393,7.495306003697758,1.9567213305299245
4394,7.495405791932556,1.9566264069016435
4395,7.4955055108288695,1.9565315492863076
4396,7.495605160435068,1.9564367576380206
4397,7.495704740799475,1.9563420319109204
4398,7.495804251970386,1.956247372059175
4399,7.495903693996061,1.956152778036984
4400,7.4960030669247315,1.956058249798579
4401,7.496102370804583,1.955963787298224
4402,7.496201605683774,1.9558693904902131
4403,7.496300771610424,1.9557750593288732
4404,7.4963998686326265,1.9556807937685616
4405,7.496498896798444,1.9555865937636674
4406,7.496597856155889,1.955492459268613
4407,7.496696746752955,1.9553983902378496
4408,7.4967955686375936,1.9553043866258615
4409,7.496894321857727,1.9552104483871644
4410,7.496993006461232,1.9551165754763045
4411,7.497091622495974,1.9550227678478598
4412,7.497190170009768,1.9549290254564409
4413,7.497288649050393,1.9548353482566876
4414,7.497387059665602,1.9547417362032729
4415,7.497485401903113,1.9546481892508996
4416,7.497583675810614,1.9545547073543037
4417,7.497681881435749,1.95446129046825
4418,7.497780018826134,1.954367938547537
4419,7.4978780880293545,1.9542746515469915
4420,7.497976089092961,1.9541814294214759
4421,7.498074022064461,1.9540882721258797
4422,7.4981718869913445,1.953995179615125
4423,7.498269683921056,1.9539021518441655
4424,7.498367412901009,1.9538091887679851
4425,7.498465073978586,1.9537162903416003
4426,7.498562667201136,1.9536234565200574
4427,7.49866019261597,1.9535306872584342
4428,7.498757650270373,1.9534379825118393
4429,7.4988550402115886,1.953345342235412
4430,7.4989523624868335,1.9532527663843242
4431,7.499049617143285,1.9531602549137765
4432,7.499146804228098,1.953067807779002
4433,7.499243923788373,1.9529754249352655
4434,7.499340975871208,1.9528831063378602
4435,7.499437960523638,1.9527908519421122
4436,7.499534877792681,1.952698661703377
4437,7.499631727725315,1.952606535577044
4438,7.499728510368493,1.952514473518529
4439,7.499825225769133,1.952422475483282
4440,7.499921873974106,1.952330541426782
4441,7.500018455030266,1.9522386713045405
4442,7.50011496898443,1.9521468650720981
4443,7.500211415883377,1.9520551226850267
4444,7.500307795773864,1.9519634440989297
4445,7.500404108702599,1.95187182926944
4446,7.50050035471627,1.9517802781522209
4447,7.500596533861525,1.9516887907029679
4448,7.500692646184985,1.9515973668774063
4449,7.500788691733231,1.9515060066312921
4450,7.5008846705528125,1.951414709920411
4451,7.500980582690254,1.951323476700582
4452,7.501076428192041,1.9512323069276507
4453,7.5011722071046245,1.9511412005574966
4454,7.501267919474428,1.951050157546028
4455,7.5013635653478365,1.9509591778491835
4456,7.501459144771206,1.9508682614229338
4457,7.501554657790857,1.9507774082232776
4458,7.501650104453079,1.9506866182062477
4459,7.501745484804133,1.9505958913279027
4460,7.501840798890241,1.950505227544335
4461,7.501936046757595,1.950414626811667
4462,7.502031228452347,1.950324089086049
4463,7.5021263440206365,1.950233614323665
4464,7.502221393508553,1.9501432024807273
4465,7.502316376962153,1.950052853513478
4466,7.5024112944274695,1.9499625673781908
4467,7.502506145950497,1.9498723440311696
4468,7.502600931577202,1.9497821834287477
4469,7.502695651353515,1.949692085527289
4470,7.502790305325335,1.9496020502831877
4471,7.50288489353853,1.9495120776528683
4472,7.50297941603893,1.9494221675927847
4473,7.503073872872342,1.9493323200594213
4474,7.503168264084539,1.9492425350092935
4475,7.503262589721249,1.9491528123989452
4476,7.503356849828183,1.949063152184952
4477,7.503451044451016,1.948973554323918
4478,7.5035451736353815,1.9488840187724783
4479,7.503639237426902,1.9487945454872975
4480,7.503733235871136,1.9487051344250712
4481,7.503827169013643,1.9486157855425232
4482,7.503921036899925,1.9485264987964086
4483,7.504014839575469,1.948437274143512
4484,7.504108577085723,1.9483481115406482
4485,7.504202249476095,1.948259010944662
4486,7.504295856791977,1.9481699723124266
4487,7.504389399078722,1.9480809956008467
4488,7.504482876381645,1.9479920807668563
4489,7.504576288746034,1.9479032277674193
4490,7.504669636217151,1.9478144365595285
4491,7.504762918840216,1.947725707100208
4492,7.504856136660423,1.9476370393465108
4493,7.5049492897229255,1.9475484332555189
4494,7.505042378072864,1.9474598887843457
4495,7.505135401755327,1.9473714058901326
4496,7.5052283608153845,1.9472829845300526
4497,7.5053212552980675,1.9471946246613052
4498,7.505414085248376,1.9471063262411235
4499,7.505506850711284,1.9470180892267661
4500,7.505599551731729,1.9469299135755251
4501,7.505692188354609,1.9468417992447196
4502,7.505784760624816,1.9467537461916986
4503,7.505877268587176,1.9466657543738417
4504,7.505969712286509,1.9465778237485565
4505,7.506062091767598,1.9464899542732814
4506,7.50615440707518,1.9464021459054843
4507,7.506246658253988,1.9463143986026603
4508,7.506338845348695,1.9462267123223367
4509,7.5064309684039605,1.9461390870220692
4510,7.506523027464405,1.9460515226594421
4511,7.506615022574617,1.9459640191920706
4512,7.506706953779169,1.945876576577598
4513,7.5067988211225725,1.9457891947736974
4514,7.5068906246493325,1.9457018737380707
4515,7.506982364403916,1.9456146134284495
4516,7.507074040430753,1.9455274138025949
4517,7.50716565277425,1.9454402748182973
4518,7.507257201478776,1.945353196433376
4519,7.507348686588672,1.9452661786056786
4520,7.5074401081482485,1.945179221293084
4521,7.507531466201784,1.9450923244534986
4522,7.507622760793526,1.9450054880448586
4523,7.507713991967691,1.944918712025129
4524,7.507805159768453,1.9448319963523037
4525,7.507896264239976,1.9447453409844069
4526,7.507987305426377,1.9446587458794902
4527,7.508078283371754,1.9445722109956356
4528,7.508169198120166,1.9444857362909536
4529,7.508260049715633,1.9443993217235835
4530,7.508350838202161,1.9443129672516941
4531,7.508441563623713,1.9442266728334823
4532,7.508532226024231,1.944140438427175
4533,7.508622825447619,1.9440542639910274
4534,7.508713361937742,1.9439681494833239
4535,7.508803835538455,1.9438820948623774
4536,7.508894246293565,1.9437961000865305
4537,7.508984594246856,1.9437101651141535
4538,7.509074879442078,1.9436242899036464
4539,7.50916510192295,1.9435384744134372
4540,7.509255261733161,1.943452718601984
4541,7.50934535891637,1.9433670224277728
4542,7.50943539351621,1.9432813858493179
4543,7.509525365576267,1.9431958088251633
4544,7.509615275140121,1.9431102913138816
4545,7.509705122251298,1.943024833274073
4546,7.509794906953306,1.9429394346643682
4547,7.509884629289618,1.9428540954434241
4548,7.50997428930368,1.9427688155699294
4549,7.510063887038905,1.9426835950025987
4550,7.510153422538677,1.9425984337001765
4551,7.51024289584635,1.9425133316214351
4552,7.5103323070052355,1.9424282887251767
4553,7.510421656058632,1.9423433049702308
4554,7.510510943049802,1.9422583803154556
4555,7.510600168021975,1.9421735147197388
4556,7.510689331018348,1.9420887081419944
4557,7.51077843208209,1.9420039605411676
4558,7.510867471256349,1.94191927187623
4559,7.51095644858422,1.9418346421061827
4560,7.511045364108791,1.9417500711900546
4561,7.511134217873108,1.9416655590869039
4562,7.511223009920187,1.9415811057558148
4563,7.511311740293016,1.9414967111559043
4564,7.5114004090345565,1.9414123752463126
4565,7.5114890161877295,1.9413280979862118
4566,7.51157756179544,1.941243879334801
4567,7.511666045900546,1.9411597192513068
4568,7.5117544685458855,1.9410756176949862
4569,7.511842829774269,1.9409915746251225
4570,7.511931129628471,1.940907590001028
4571,7.512019368151239,1.9408236637820433
4572,7.512107545385284,1.940739795927536
4573,7.512195661373295,1.9406559863969044
4574,7.512283716157934,1.9405722351495718
4575,7.512371709781822,1.9404885421449924
4576,7.512459642287553,1.9404049073426468
4577,7.512547513717693,1.9403213307020446
4578,7.512635324114782,1.940237812182722
4579,7.512723073521331,1.9401543517442448
4580,7.512810761979802,1.9400709493462072
4581,7.51289838953265,1.9399876049482287
4582,7.512985956222291,1.9399043185099605
4583,7.513073462091115,1.9398210899910784
4584,7.513160907181479,1.9397379193512885
4585,7.513248291535706,1.9396548065503234
4586,7.513335615196092,1.939571751547945
4587,7.513422878204908,1.9394887543039416
4588,7.513510080604395,1.9394058147781301
4589,7.513597222436754,1.9393229329303554
4590,7.513684303744172,1.9392401087204898
4591,7.513771324568788,1.9391573421084334
4592,7.513858284952733,1.939074633054115
4593,7.513945184938089,1.9389919815174899
4594,7.514032024566918,1.9389093874585428
4595,7.514118803881248,1.9388268508372837
4596,7.5142055229230875,1.9387443716137527
4597,7.514292181734398,1.9386619497480164
4598,7.51437878035713,1.9385795852001702
4599,7.514465318833192,1.9384972779303347
4600,7.514551797204465,1.9384150278986612
4601,7.514638215512809,1.938332835065326
4602,7.514724573800043,1.9382506993905348
4603,7.514810872107965,1.9381686208345206
4604,7.514897110478337,1.9380865993575431
4605,7.514983288952896,1.9380046349198912
4606,7.51506940757335,1.9379227274818784
4607,7.515155466381376,1.9378408770038495
4608,7.515241465418625,1.9377590834461733
4609,7.51532740472671,1.937677346769249
4610,7.5154132843472246,1.9375956669335013
4611,7.51549910432173,1.937514043899383
4612,7.515584864691752,1.9374324776273744
4613,7.515670565498796,1.9373509680779828
4614,7.515756206784341,1.9372695152117438
4615,7.515841788589818,1.9371881189892188
4616,7.51592731095665,1.9371067793709984
4617,7.516012773926227,1.9370254963176992
4618,7.5160981775398925,1.9369442697899661
4619,7.516183521838979,1.93686309974847
4620,7.516268806864792,1.93678198615391
4621,7.516354032658592,1.9367009289670125
4622,7.516439199261623,1.9366199281485308
4623,7.516524306715098,1.936538983659246
4624,7.516609355060192,1.936458095459965
4625,7.516694344338064,1.936377263511524
4626,7.51677927458984,1.9362964877747837
4627,7.516864145856615,1.936215768210635
4628,7.516948958179455,1.9361351047799937
4629,7.517033711599392,1.9360544974438039
4630,7.517118406157445,1.9359739461630343
4631,7.517203041894585,1.9358934508986854
4632,7.517287618851774,1.9358130116117795
4633,7.517372137069925,1.9357326282633707
4634,7.517456596589936,1.935652300814536
4635,7.517540997452671,1.9355720292263823
4636,7.517625339698972,1.935491813460043
4637,7.517709623369637,1.935411653476676
4638,7.5177938485054545,1.9353315492374694
4639,7.517878015147169,1.9352515007036366
4640,7.517962123335504,1.935171507836418
4641,7.518046173111157,1.935091570597082
4642,7.518130164514785,1.9350116889469213
4643,7.518214097587033,1.9349318628472587
4644,7.518297972368499,1.9348520922594403
4645,7.51838178889977,1.9347723771448424
4646,7.518465547221395,1.9346927174648667
4647,7.518549247373894,1.9346131131809419
4648,7.5186328893977645,1.934533564254522
4649,7.518716473333469,1.9344540706470896
4650,7.518799999221439,1.9343746323201534
4651,7.518883467102096,1.9342952492352483
4652,7.518966877015807,1.9342159213539367
4653,7.519050229002932,1.934136648637808
4654,7.5191335231037915,1.934057431048476
4655,7.519216759358684,1.9339782685475835
4656,7.5192999378078715,1.9338991610967995
4657,7.5193830584915915,1.933820108657819
4658,7.51946612145006,1.9337411111923635
4659,7.519549126723456,1.9336621686621818
4660,7.519632074351935,1.9335832810290483
4661,7.5197149643756225,1.9335044482547648
4662,7.519797796834615,1.9334256703011592
4663,7.51988057176898,1.9333469471300866
4664,7.519963289218763,1.9332682787034268
4665,7.520045949223974,1.9331896649830873
4666,7.520128551824601,1.9331111059310018
4667,7.5202110970605975,1.9330326015091313
4668,7.520293584971893,1.9329541516794622
4669,7.520376015598393,1.932875756404007
4670,7.520458388979963,1.9327974156448056
4671,7.520540705156451,1.9327191293639239
4672,7.520622964167682,1.932640897523453
4673,7.520705166053439,1.9325627200855122
4674,7.520787310853472,1.9324845970122446
4675,7.520869398607532,1.9324065282658232
4676,7.520951429355311,1.9323285138084438
4677,7.521033403136498,1.9322505536023302
4678,7.521115319990735,1.9321726476097318
4679,7.521197179957647,1.9320947957929255
4680,7.521278983076825,1.932016998114212
4681,7.521360729387833,1.9319392545359197
4682,7.521442418930221,1.9318615650204036
4683,7.521524051743487,1.9317839295300432
4684,7.521605627867123,1.9317063480272463
4685,7.521687147340575,1.9316288204744443
4686,7.52176861020328,1.9315513468340968
4687,7.521850016494631,1.9314739270686883
4688,7.521931366254007,1.9313965611407298
4689,7.52201265952075,1.9313192490127584
4690,7.522093896334171,1.9312419906473364
4691,7.522175076733567,1.9311647860070529
4692,7.522256200758196,1.9310876350545223
4693,7.522337268447296,1.9310105377523865
4694,7.522418279840071,1.9309334940633118
4695,7.522499234975702,1.9308565039499905
4696,7.5225801338933405,1.9307795673751416
4697,7.522660976632109,1.9307026843015087
4698,7.5227417632311075,1.9306258546918629
4699,7.5228224937294,1.9305490785090005
4700,7.522903168166038,1.9304723557157433
4701,7.522983786580028,1.9303956862749385
4702,7.523064349010364,1.9303190701494606
4703,7.523144855495999,1.9302425073022078
4704,7.523225306075868,1.930165997696106
4705,7.523305700788882,1.9300895412941061
4706,7.5233860396739125,1.9300131380591852
4707,7.523466322769813,1.9299367879543448
4708,7.523546550115404,1.9298604909426127
4709,7.523626721749486,1.9297842469870434
4710,7.52370683771083,1.9297080560507152
4711,7.523786898038172,1.9296319180967338
4712,7.52386690277023,1.9295558330882299
4713,7.523946851945696,1.9294798009883591
4714,7.52402674560322,1.9294038217603036
4715,7.524106583781441,1.9293278953672708
4716,7.52418636651897,1.929252021772493
4717,7.524266093854379,1.929176200939229
4718,7.524345765826227,1.929100432830763
4719,7.524425382473032,1.9290247174104034
4720,7.524504943833298,1.9289490546414862
4721,7.524584449945495,1.9288734444873714
4722,7.524663900848063,1.9287978869114453
4723,7.524743296579425,1.9287223818771178
4724,7.524822637177967,1.9286469293478266
4725,7.524901922682055,1.9285715292870336
4726,7.524981153130026,1.9284961816582258
4727,7.52506032856019,1.9284208864249162
4728,7.525139449010824,1.9283456435506434
4729,7.52521851452019,1.9282704529989703
4730,7.525297525126515,1.9281953147334863
4731,7.525376480868004,1.9281202287178043
4732,7.52545538178283,1.9280451949155644
4733,7.525534227909144,1.9279702132904306
4734,7.525613019285062,1.9278952838060937
4735,7.525691755948687,1.9278204064262674
4736,7.52577043793808,1.9277455811146929
4737,7.5258490652912915,1.9276708078351354
4738,7.525927638046331,1.9275960865513857
4739,7.526006156241195,1.9275214172272586
4740,7.526084619913831,1.9274467998265956
4741,7.526163029102186,1.9273722343132629
4742,7.526241383844165,1.9272977206511515
4743,7.526319684177651,1.9272232588041769
4744,7.526397930140499,1.9271488487362813
4745,7.526476121770538,1.92707449041143
4746,7.526554259105573,1.927000183793615
4747,7.526632342183381,1.9269259288468517
4748,7.52671037104171,1.9268517255351831
4749,7.526788345718276,1.9267775738226738
4750,7.526866266250786,1.9267034736734154
4751,7.526944132676911,1.9266294250515246
4752,7.527021945034282,1.926555427921143
4753,7.527099703360533,1.9264814822464356
4754,7.527177407693248,1.9264075879915932
4755,7.5272550580699855,1.9263337451208329
4756,7.527332654528299,1.9262599535983937
4757,7.527410197105684,1.926186213388543
4758,7.527487685839637,1.9261125244555688
4759,7.527565120767619,1.926038886763788
4760,7.527642501927058,1.925965300277541
4761,7.527719829355362,1.9258917649611906
4762,7.527797103089915,1.9258182807791275
4763,7.527874323168076,1.925744847695766
4764,7.527951489627163,1.925671465675545
4765,7.52802860250448,1.9255981346829267
4766,7.52810566183731,1.925524854682401
4767,7.528182667662905,1.9254516256384813
4768,7.5282596200184795,1.9253784475157039
4769,7.528336518941239,1.9253053202786319
4770,7.528413364468353,1.9252322438918517
4771,7.528490156636969,1.9251592183199748
4772,7.528566895484206,1.9250862435276386
4773,7.528643581047158,1.9250133194795023
4774,7.528720213362894,1.9249404461402515
4775,7.528796792468453,1.9248676234745958
4776,7.5288733184008585,1.9247948514472712
4777,7.52894979119709,1.9247221300230342
4778,7.529026210894123,1.9246494591666692
4779,7.529102577528886,1.9245768388429842
4780,7.529178891138301,1.924504269016811
4781,7.529255151759244,1.9244317496530063
4782,7.529331359428587,1.9243592807164511
4783,7.529407514183157,1.9242868621720515
4784,7.529483616059766,1.924214493984737
4785,7.529559665095202,1.924142176119461
4786,7.52963566132621,1.9240699085412034
4787,7.52971160478954,1.9239976912149674
4788,7.529787495521882,1.9239255241057782
4789,7.529863333559925,1.9238534071786892
4790,7.529939118940322,1.923781340398776
4791,7.530014851699701,1.9237093237311387
4792,7.530090531874667,1.923637357140901
4793,7.5301661595018015,1.9235654405932114
4794,7.530241734617647,1.9234935740532442
4795,7.530317257258741,1.9234217574861954
4796,7.530392727461577,1.9233499908572862
4797,7.530468145262637,1.923278274131762
4798,7.530543510698364,1.9232066072748926
4799,7.530618823805187,1.9231349902519725
4800,7.530694084619505,1.9230634230283177
4801,7.5307692931776895,1.9229919055692715
4802,7.53084444951609,1.9229204378401998
4803,7.530919553671028,1.9228490198064914
4804,7.530994605678804,1.9227776514335624
4805,7.531069605575687,1.9227063326868497
4806,7.531144553397922,1.9226350635318155
4807,7.531219449181733,1.9225638439339467
4808,7.53129429296331,1.922492673858753
4809,7.531369084778833,1.922421553271769
4810,7.531443824664439,1.9223504821385524
4811,7.531518512656253,1.9222794604246858
4812,7.531593148790363,1.9222084880957735
4813,7.5316677331028465,1.922137565117448
4814,7.53174226562974,1.9220666914553612
4815,7.531816746407066,1.9219958670751915
4816,7.531891175470817,1.9219250919426403
4817,7.531965552856959,1.9218543660234328
4818,7.532039878601442,1.9217836892833182
4819,7.532114152740174,1.9217130616880702
4820,7.532188375309057,1.9216424832034842
4821,7.532262546343953,1.9215719537953824
4822,7.532336665880706,1.9215014734296076
4823,7.532410733955137,1.9214310420720289
4824,7.532484750603031,1.9213606596885384
4825,7.532558715860165,1.9212903262450498
4826,7.532632629762272,1.9212200417075043
4827,7.532706492345072,1.9211498060418641
4828,7.53278030364426,1.9210796192141153
4829,7.532854063695504,1.9210094811902683
4830,7.532927772534443,1.9209393919363575
4831,7.533001430196694,1.9208693514184396
4832,7.533075036717855,1.9207993596025965
4833,7.533148592133487,1.9207294164549318
4834,7.533222096479137,1.920659521941574
4835,7.533295549790319,1.9205896760286747
4836,7.533368952102532,1.9205198786824107
4837,7.53344230345124,1.920450129868978
4838,7.533515603871888,1.9203804295546023
4839,7.5335888533998885,1.9203107777055262
4840,7.533662052070646,1.92024117428802
4841,7.533735199919525,1.9201716192683775
4842,7.53380829698186,1.920102112612913
4843,7.533881343292987,1.9200326542879673
4844,7.533954338888188,1.9199632442599028
4845,7.534027283802744,1.9198938824951064
4846,7.5341001780718875,1.9198245689599873
4847,7.534173021730853,1.919755303620979
4848,7.534245814814824,1.919686086444537
4849,7.534318557358983,1.919616917397142
4850,7.534391249398471,1.9195477964452963
4851,7.534463890968409,1.919478723555527
4852,7.534536482103899,1.9194096986943834
4853,7.534609022840009,1.9193407218284384
4854,7.534681513211792,1.9192717929242868
4855,7.534753953254271,1.9192029119485499
4856,7.534826343002446,1.9191340788678697
4857,7.534898682491294,1.9190652936489112
4858,7.53497097175576,1.9189965562583633
4859,7.535043210830778,1.9189278666629397
4860,7.535115399751242,1.9188592248293734
4861,7.535187538552035,1.9187906307244242
4862,7.535259627268007,1.9187220843148731
4863,7.535331665933989,1.9186535855675246
4864,7.535403654584779,1.918585134449207
4865,7.5354755932551685,1.9185167309267703
4866,7.535547481979899,1.9184483749670882
4867,7.5356193207937165,1.9183800665370583
4868,7.535691109731317,1.9183118056035997
4869,7.535762848827391,1.9182435921336554
4870,7.535834538116588,1.9181754260941914
4871,7.535906177633549,1.9181073074521966
4872,7.5359777674128825,1.9180392361746825
4873,7.536049307489172,1.917971212228684
4874,7.536120797896985,1.9179032355812586
4875,7.536192238670853,1.917835306199487
4876,7.536263629845291,1.917767424050472
4877,7.53633497145479,1.917699589101341
4878,7.536406263533811,1.9176318013192424
4879,7.5364775061168,1.9175640606713484
4880,7.536548699238172,1.9174963671248537
4881,7.536619842932321,1.9174287206469762
4882,7.53669093723361,1.9173611212049564
4883,7.536761982176387,1.917293568766057
4884,7.536832977794977,1.9172260632975653
4885,7.53690392412367,1.9171586047667888
4886,7.536974821196745,1.917091193141059
4887,7.537045669048446,1.9170238283877312
4888,7.5371164677129965,1.9169565104741813
4889,7.537187217224604,1.9168892393678094
4890,7.537257917617442,1.9168220150360382
4891,7.537328568925661,1.916754837446312
4892,7.537399171183393,1.916687706566098
4893,7.537469724424742,1.9166206223628877
4894,7.537540228683792,1.916553584804193
4895,7.537610683994599,1.9164865938575497
4896,7.537681090391197,1.9164196494905161
4897,7.537751447907591,1.916352751670672
4898,7.537821756577777,1.9162859003656214
4899,7.537892016435713,1.9162190955429896
4900,7.537962227515337,1.9161523371704243
4901,7.538032389850562,1.9160856252155969
4902,7.538102503475287,1.9160189596462
4903,7.538172568423369,1.9159523404299499
4904,7.538242584728662,1.9158857675345844
4905,7.53831255242498,1.9158192409278643
4906,7.538382471546118,1.9157527605775715
4907,7.538452342125853,1.9156863264515132
4908,7.538522164197941,1.9156199385175154
4909,7.538591937796093,1.9155535967434298
4910,7.538661662954019,1.9154873010971283
4911,7.538731339705403,1.9154210515465053
4912,7.5388009680838906,1.9153548480594789
4913,7.538870548123122,1.915288690603988
4914,7.538940079856699,1.915222579147994
4915,7.539009563318207,1.9151565136594824
4916,7.53907899854121,1.9150904941064586
4917,7.539148385559246,1.9150245204569512
4918,7.539217724405824,1.9149585926790118
4919,7.5392870151144376,1.914892710740713
4920,7.539356257718559,1.9148268746101498
4921,7.5394254522516295,1.9147610842554403
4922,7.539494598747063,1.9146953396447246
4923,7.5395636972382665,1.914629640746164
4924,7.539632747758612,1.9145639875279417
4925,7.539701750341439,1.9144983799582656
4926,7.539770705020094,1.9144328180053627
4927,7.53983961182787,1.914367301637484
4928,7.539908470798043,1.9143018308229012
4929,7.539977281963883,1.9142364055299101
4930,7.54004604535861,1.9141710257268267
4931,7.540114761015451,1.914105691381989
4932,7.540183428967581,1.9140404024637585
4933,7.540252049248167,1.9139751589405174
4934,7.540320621890359,1.9139099607806709
4935,7.540389146927268,1.9138448079526449
4936,7.540457624391991,1.9137797004248884
4937,7.540526054317591,1.9137146381658732
4938,7.540594436737135,1.9136496211440899
4939,7.540662771683635,1.9135846493280533
4940,7.5407310591901044,1.9135197226863006
4941,7.540799299289509,1.91345484118739
4942,7.540867492014819,1.9133900047999013
4943,7.540935637398959,1.913325213492436
4944,7.541003735474843,1.9132604672336178
4945,7.541071786275357,1.9131957659920942
4946,7.541139789833371,1.9131311097365302
4947,7.541207746181723,1.913066498435617
4948,7.541275655353233,1.9130019320580647
4949,7.54134351738069,1.9129374105726065
4950,7.541411332296878,1.9128729339479964
4951,7.5414791001345405,1.9128085021530112
4952,7.541546820926405,1.9127441151564495
4953,7.541614494705179,1.9126797729271305
4954,7.541682121503539,1.912615475433895
4955,7.54174970135415,1.9125512226456072
4956,7.5418172342896375,1.912487014531152
4957,7.541884720342628,1.9124228510594345
4958,7.541952159545702,1.9123587321993838
4959,7.542019551931429,1.9122946579199498
4960,7.542086897532358,1.9122306281901034
4961,7.542154196381005,1.9121666429788378
4962,7.542221448509873,1.9121027022551669
4963,7.542288653951439,1.9120388059881277
4964,7.542355812738153,1.9119749541467774
4965,7.542422924902449,1.9119111467001946
4966,7.542489990476734,1.9118473836174803
4967,7.542557009493398,1.9117836648677569
4968,7.542623981984799,1.9117199904201678
4969,7.542690907983283,1.9116563602438785
4970,7.542757787521161,1.9115927743080745
4971,7.542824620630736,1.9115292325819655
4972,7.542891407344276,1.9114657350347792
4973,7.542958147694035,1.911402281635768
4974,7.543024841712235,1.911338872354203
4975,7.543091489431087,1.911275507159378
4976,7.543158090882779,1.911212186020609
4977,7.543224646099458,1.9111489089072313
4978,7.5432911551132715,1.9110856757886028
4979,7.543357617956332,1.9110224866341026
4980,7.543424034660732,1.910959341413131
4981,7.543490405258547,1.9108962400951104
4982,7.543556729781819,1.9108331826494824
4983,7.543623008262574,1.9107701690457124
4984,7.543689240732821,1.9107071992532845
4985,7.5437554272245375,1.9106442732417068
4986,7.543821567769682,1.9105813909805063
4987,7.543887662400192,1.9105185524392323
4988,7.543953711147988,1.9104557575874548
4989,7.544019714044949,1.910393006394766
4990,7.544085671122955,1.9103302988307782
4991,7.544151582413845,1.910267634865125
4992,7.544217447949456,1.9102050144674612
4993,7.544283267761579,1.9101424376074634
4994,7.544349041882006,1.9100799042548278
4995,7.5444147703424855,1.910017414379274
4996,7.544480453174757,1.9099549679505399
4997,7.544546090410537,1.9098925649383862
4998,7.544611682081516,1.909830205312595
4999,7.544677228219365,1.9097678890429686
5000,7.544742728855733,1.9097056160993302
5001,7.544808184022243,1.9096433864515239
5002,7.544873593750502,1.9095812000694161
5003,7.544938958072082,1.9095190569228921
5004,7.545004277018555,1.90945695698186
5005,7.545069550621452,1.9093949002162478
5006,7.545134778912294,1.909332886596005
5007,7.545199961922567,1.909270916091102
5008,7.5452650996837445,1.9092089886715298
5009,7.545330192227281,1.9091471043073
5010,7.5453952395846,1.9090852629684454
5011,7.545460241787109,1.9090234646250202
5012,7.545525198866185,1.9089617092470985
5013,7.5455901108531975,1.9088999968047762
5014,7.545654977779489,1.908838327268169
5015,7.5457197996763705,1.9087767006074137
5016,7.545784576575143,1.9087151167926688
5017,7.545849308507071,1.9086535757941128
5018,7.545913995503425,1.908592077581944
5019,7.545978637595418,1.9085306221263836
5020,7.54604323481427,1.9084692093976718
5021,7.546107787191162,1.9084078393660706
5022,7.546172294757261,1.9083465120018617
5023,7.546236757543712,1.9082852272753477
5024,7.546301175581638,1.908223985156853
5025,7.546365548902133,1.9081627856167211
5026,7.546429877536285,1.9081016286253176
5027,7.546494161515143,1.9080405141530272
5028,7.546558400869747,1.907979442170257
5029,7.546622595631103,1.9079184126474324
5030,7.5466867458302085,1.9078574255550012
5031,7.546750851498036,1.9077964808634316
5032,7.546814912665526,1.9077355785432122
5033,7.546878929363612,1.9076747185648508
5034,7.546942901623202,1.9076139008988784
5035,7.547006829475169,1.907553125515844
5036,7.5470707129503865,1.9074923923863183
5037,7.547134552079688,1.9074317014808926
5038,7.547198346893896,1.9073710527701782
5039,7.547262097423804,1.9073104462248065
5040,7.547325803700192,1.907249881815431
5041,7.547389465753816,1.9071893595127236
5042,7.547453083615398,1.9071288792873777
5043,7.54751665731567,1.907068441110107
5044,7.547580186885305,1.9070080449516458
5045,7.54764367235498,1.9069476907827476
5046,7.5477071137553375,1.906887378574188
5047,7.547770511117009,1.9068271082967618
5048,7.547833864470594,1.906766879921285
5049,7.547897173846682,1.9067066934185923
5050,7.547960439275828,1.9066465487595399
5051,7.548023660788575,1.9065864459150048
5052,7.548086838415448,1.9065263848558833
5053,7.548149972186939,1.906466365553092
5054,7.548213062133524,1.9064063879775683
5055,7.548276108285663,1.9063464521002698
5056,7.54833911067379,1.906286557892173
5057,7.548402069328313,1.9062267053242772
5058,7.548464984279628,1.906166894367599
5059,7.548527855558104,1.9061071249931776
5060,7.548590683194092,1.9060473971720704
5061,7.548653467217919,1.9059877108753567
5062,7.548716207659894,1.9059280660741345
5063,7.5487789045503,1.9058684627395224
5064,7.548841557919406,1.9058089008426597
5065,7.548904167797451,1.9057493803547052
5066,7.548966734214659,1.9056899012468376
5067,7.549029257201234,1.9056304634902559
5068,7.549091736787353,1.9055710670561803
5069,7.549154173003177,1.9055117119158487
5070,7.549216565878847,1.9054523980405202
5071,7.549278915444476,1.9053931254014749
5072,7.549341221730159,1.9053338939700122
5073,7.549403484765977,1.9052747037174493
5074,7.549465704581986,1.905215554615128
5075,7.549527881208205,1.9051564466344049
5076,7.549590014674665,1.9050973797466604
5077,7.549652105011345,1.9050383539232933
5078,7.549714152248221,1.904979369135723
5079,7.54977615641524,1.904920425355387
5080,7.549838117542336,1.9048615225537442
5081,7.549900035659407,1.9048026607022743
5082,7.549961910796347,1.9047438397724747
5083,7.550023742983022,1.9046850597358642
5084,7.550085532249277,1.9046263205639802
5085,7.550147278624933,1.9045676222283803
5086,7.550208982139802,1.9045089647006435
5087,7.550270642823656,1.9044503479523667
5088,7.550332260706266,1.9043917719551668
5089,7.550393835817368,1.9043332366806807
5090,7.550455368186683,1.904274742100566
5091,7.550516857843919,1.9042162881864981
5092,7.550578304818738,1.9041578749101742
5093,7.550639709140816,1.9040995022433098
5094,7.550701070839782,1.9040411701576405
5095,7.550762389945257,1.9039828786249218
5096,7.550823666486831,1.9039246276169282
5097,7.550884900494089,1.9038664171054542
5098,7.550946091996582,1.903808247062315
5099,7.551007241023838,1.903750117459344
5100,7.55106834760538,1.903692028268395
5101,7.551129411770701,1.903633979461341
5102,7.55119043354927,1.9035759710100735
5103,7.55125141297054,1.9035180028865062
5104,7.551312350063941,1.9034600750625705
5105,7.551373244858888,1.9034021875102176
5106,7.551434097384773,1.9033443402014187
5107,7.551494907670959,1.9032865331081639
5108,7.5515556757468,1.9032287662024632
5109,7.551616401641631,1.9031710394563461
5110,7.551677085384749,1.9031133528418613
5111,7.551737727005455,1.9030557063310771
5112,7.551798326533002,1.9029980998960816
5113,7.551858883996651,1.9029405335089813
5114,7.551919399425621,1.9028830071419045
5115,7.551979872849126,1.9028255207669957
5116,7.552040304296337,1.9027680743564208
5117,7.552100693796442,1.9027106678823653
5118,7.5521610413785725,1.9026533013170321
5119,7.552221347071857,1.9025959746326455
5120,7.552281610905398,1.9025386878014485
5121,7.552341832908288,1.9024814407957034
5122,7.552402013109582,1.9024242335876913
5123,7.5524621515383314,1.9023670661497138
5124,7.552522248223555,1.9023099384540898
5125,7.552582303194258,1.90225285047316
5126,7.552642316479427,1.9021958021792833
5127,7.552702288108021,1.9021387935448362
5128,7.552762218108982,1.9020818245422162
5129,7.552822106511241,1.902024895143841
5130,7.552881953343692,1.9019680053221448
5131,7.552941758635218,1.9019111550495833
5132,7.553001522414695,1.90185434429863
5133,7.553061244710944,1.9017975730417778
5134,7.553120925552801,1.9017408412515395
5135,7.553180564969066,1.9016841489004463
5136,7.553240162988521,1.901627495961049
5137,7.553299719639928,1.9015708824059177
5138,7.553359234952022,1.90151430820764
5139,7.553418708953534,1.9014577733388247
5140,7.553478141673162,1.9014012777720988
5141,7.553537533139589,1.9013448214801074
5142,7.553596883381476,1.9012884044355167
5143,7.553656192427463,1.90123202661101
5144,7.553715460306176,1.9011756879792912
5145,7.553774687046213,1.901119388513082
5146,7.553833872676161,1.9010631281851231
5147,7.553893017224574,1.9010069069681752
5148,7.553952120720002,1.9009507248350175
5149,7.554011183190964,1.9008945817584482
5150,7.55407020466596,1.900838477711283
5151,7.554129185173476,1.9007824126663595
5152,7.554188124741974,1.9007263865965316
5153,7.5542470233998955,1.900670399474673
5154,7.554305881175665,1.9006144512736767
5155,7.554364698097684,1.9005585419664548
5156,7.554423474194337,1.9005026715259368
5157,7.554482209493986,1.9004468399250714
5158,7.55454090402498,1.9003910471368284
5159,7.554599557815633,1.9003352931341932
5160,7.554658170894257,1.9002795778901724
5161,7.55471674328914,1.90022390137779
5162,7.554775275028535,1.9001682635700898
5163,7.554833766140699,1.9001126644401336
5164,7.554892216653848,1.900057103961002
5165,7.554950626596193,1.900001582105795
5166,7.5550089959959195,1.8999460988476307
5167,7.555067324881196,1.8998906541596465
5168,7.555125613280162,1.899835248014998
5169,7.555183861220952,1.899779880386859
5170,7.555242068731666,1.8997245512484235
5171,7.555300235840405,1.8996692605729033
5172,7.555358362575227,1.899614008333529
5173,7.555416448964183,1.8995587945035486
5174,7.555474495035301,1.8995036190562309
5175,7.5555325008165966,1.8994484819648614
5176,7.55559046633605,1.8993933832027456
5177,7.555648391621641,1.8993383227432077
5178,7.555706276701316,1.899283300559589
5179,7.55576412160301,1.8992283166252504
5180,7.555821926354636,1.899173370913571
5181,7.555879690984079,1.899118463397949
5182,7.555937415519222,1.8990635940518004
5183,7.5559950999879115,1.8990087628485606
5184,7.556052744417986,1.898953969761682
5185,7.5561103488372625,1.8988992147646373
5186,7.556167913273537,1.898844497830916
5187,7.556225437754577,1.8987898189340278
5188,7.556282922308149,1.8987351780474997
5189,7.556340366961988,1.898680575144877
5190,7.556397771743807,1.8986260101997239
5191,7.556455136681317,1.898571483185623
5192,7.556512461802188,1.8985169940761757
5193,7.556569747134081,1.8984625428450004
5194,7.556626992704639,1.8984081294657358
5195,7.556684198541487,1.8983537539120363
5196,7.556741364672223,1.8982994161575784
5197,7.5567984911244315,1.8982451161760536
5198,7.556855577925682,1.8981908539411727
5199,7.556912625103511,1.8981366294266655
5200,7.5569696326854485,1.8980824426062797
5201,7.557026600699002,1.898028293453781
5202,7.557083529171659,1.8979741819429543
5203,7.557140418130886,1.8979201080476016
5204,7.55719726760413,1.897866071741544
5205,7.5572540776188255,1.8978120729986188
5206,7.557310848202383,1.8977581117926856
5207,7.557367579382192,1.897704188097618
5208,7.557424271185626,1.8976503018873105
5209,7.55748092364004,1.8975964531356748
5210,7.557537536772765,1.8975426418166403
5211,7.557594110611123,1.8974888679041562
5212,7.557650645182406,1.8974351313721871
5213,7.557707140513888,1.8973814321947187
5214,7.557763596632836,1.8973277703457534
5215,7.557820013566485,1.8972741457993112
5216,7.557876391342054,1.8972205585294313
5217,7.557932729986748,1.8971670085101706
5218,7.557989029527746,1.8971134957156028
5219,7.558045289992215,1.897060020119823
5220,7.558101511407296,1.8970065816969404
5221,7.558157693800116,1.8969531804210842
5222,7.558213837197787,1.8968998162664021
5223,7.5582699416273895,1.8968464892070587
5224,7.5583260071159994,1.8967931992172369
5225,7.558382033690663,1.8967399462711387
5226,7.558438021378408,1.8966867303429817
5227,7.558493970206254,1.8966335514070038
5228,7.558549880201192,1.8965804094374594
5229,7.558605751390197,1.8965273044086213
5230,7.558661583800226,1.8964742362947806
5231,7.558717377458219,1.896421205070246
5232,7.558773132391088,1.896368210709344
5233,7.558828848625735,1.8963152531864182
5234,7.558884526189044,1.8962623324758325
5235,7.558940165107882,1.8962094485519654
5236,7.558995765409078,1.8961566013892162
5237,7.559051327119472,1.8961037909620002
5238,7.5591068502658585,1.896051017244751
5239,7.559162334875032,1.8959982802119202
5240,7.559217780973759,1.895945579837977
5241,7.559273188588795,1.8958929160974085
5242,7.559328557746867,1.89584028896472
5243,7.559383888474687,1.895787698414432
5244,7.559439180798947,1.8957351444210884
5245,7.559494434746333,1.8956826269592448
5246,7.5595496503435,1.8956301460034775
5247,7.559604827617076,1.8955777015283797
5248,7.559659966593693,1.8955252935085631
5249,7.559715067299942,1.8954729219186572
5250,7.5597701297624145,1.8954205867333076
5251,7.559825154007674,1.895368287927178
5252,7.559880140062262,1.8953160254749517
5253,7.559935087952713,1.8952637993513277
5254,7.5599899977055305,1.8952116095310223
5255,7.560044869347209,1.895159455988772
5256,7.560099702904217,1.8951073386993271
5257,7.560154498403008,1.8950552576374595
5258,7.560209255870024,1.8950032127779555
5259,7.560263975331672,1.8949512040956202
5260,7.560318656814361,1.8948992315652768
5261,7.560373300344457,1.8948472951617652
5262,7.560427905948338,1.8947953948599425
5263,7.560482473652337,1.8947435306346854
5264,7.560537003482782,1.8946917024608847
5265,7.560591495465981,1.8946399103134524
5266,7.56064594962822,1.8945881541673153
5267,7.56070036599577,1.8945364339974184
5268,7.560754744594879,1.8944847497787252
5269,7.5608090854517895,1.8944331014862148
5270,7.560863388592708,1.8943814890948842
5271,7.560917654043837,1.8943299125797506
5272,7.560971881831352,1.8942783719158447
5273,7.561026071981411,1.8942268670782152
5274,7.561080224520167,1.894175398041931
5275,7.561134339473731,1.8941239647820753
5276,7.561188416868216,1.8940725672737513
5277,7.561242456729708,1.894021205492077
5278,7.561296459084279,1.893969879412189
5279,7.561350423957978,1.8939185890092418
5280,7.561404351376835,1.8938673342584058
5281,7.5614582413668705,1.8938161151348694
5282,7.561512093954078,1.8937649316138383
5283,7.561565909164438,1.893713783670536
5284,7.561619687023911,1.8936626712802032
5285,7.561673427558441,1.893611594418096
5286,7.561727130793948,1.8935605530594897
5287,7.561780796756344,1.8935095471796761
5288,7.5618344254715115,1.8934585767539647
5289,7.56188801696533,1.8934076417576817
5290,7.561941571263645,1.893356742166171
5291,7.561995088392292,1.8933058779547927
5292,7.562048568377087,1.8932550490989253
5293,7.562102011243833,1.8932042555739634
5294,7.5621554170183005,1.893153497355319
5295,7.562208785726262,1.893102774418422
5296,7.562262117393459,1.8930520867387184
5297,7.562315412045617,1.8930014342916723
5298,7.562368669708447,1.8929508170527634
5299,7.562421890407636,1.8929002349974902
5300,7.562475074168863,1.8928496881013677
5301,7.562528221017779,1.8927991763399268
5302,7.562581330980019,1.8927486996887166
5303,7.562634404081208,1.8926982581233038
5304,7.562687440346945,1.8926478516192708
5305,7.562740439802809,1.8925974801522174
5306,7.562793402474377,1.8925471436977612
5307,7.562846328387185,1.8924968422315356
5308,7.5628992175667715,1.8924465757291913
5309,7.562952070038646,1.8923963441663971
5310,7.563004885828305,1.8923461475188366
5311,7.563057664961222,1.8922959857622126
5312,7.56311040746286,1.8922458588722433
5313,7.563163113358658,1.892195766824665
5314,7.563215782674043,1.8921457095952292
5315,7.5632684154344165,1.8920956871597063
5316,7.56332101166517,1.8920456994938817
5317,7.563373571391675,1.8919957465735588
5318,7.563426094639283,1.8919458283745585
5319,7.56347858143333,1.8918959448727168
5320,7.56353103179913,1.8918460960438876
5321,7.563583445761993,1.891796281863941
5322,7.563635823347189,1.891746502308766
5323,7.563688164579991,1.8916967573542647
5324,7.563740469485647,1.8916470469763587
5325,7.563792738089387,1.8915973711509861
5326,7.563844970416417,1.8915477298541015
5327,7.563897166491935,1.8914981230616752
5328,7.56394932634112,1.8914485507496963
5329,7.56400144998913,1.891399012894169
5330,7.564053537461107,1.8913495094711141
5331,7.5641055887821755,1.8913000404565703
5332,7.564157603977446,1.8912506058265934
5333,7.564209583072,1.8912012055572531
5334,7.564261526090917,1.8911518396246385
5335,7.564313433059247,1.8911025080048542
5336,7.564365304002035,1.8910532106740219
5337,7.564417138944295,1.8910039476082796
5338,7.564468937911028,1.890954718783782
5339,7.564520700927222,1.8909055241767003
5340,7.564572428017838,1.8908563637632225
5341,7.564624119207837,1.8908072375195537
5342,7.564675774522143,1.890758145421915
5343,7.564727393985679,1.890709087446543
5344,7.564778977623338,1.8906600635696929
5345,7.564830525460001,1.8906110737676347
5346,7.564882037520535,1.890562118016657
5347,7.56493351382978,1.8905131962930626
5348,7.5649849544125685,1.890464308573172
5349,7.565036359293715,1.8904154548333219
5350,7.565087728498011,1.8903666350498665
5351,7.565139062050235,1.8903178491991746
5352,7.56519035997514,1.8902690972576333
5353,7.565241622297478,1.890220379201645
5354,7.56529284904197,1.8901716950076286
5355,7.565344040233321,1.89012304465202
5356,7.565395195896229,1.8900744281112714
5357,7.56544631605536,1.8900258453618506
5358,7.565497400735379,1.8899772963802426
5359,7.56554844996092,1.8899287811429493
5360,7.565599463756607,1.8898802996264872
5361,7.565650442147042,1.889831851807392
5362,7.565701385156817,1.8897834376622116
5363,7.56575229281051,1.8897350571675144
5364,7.565803165132654,1.8896867102998824
5365,7.565854002147804,1.8896383970359154
5366,7.565904803880474,1.8895901173522287
5367,7.56595557035516,1.8895418712254544
5368,7.566006301596357,1.8894936586322408
5369,7.566056997628532,1.8894454795492521
5370,7.566107658476132,1.8893973339531687
5371,7.5661582841635955,1.8893492218206875
5372,7.566208874715336,1.8893011431285227
5373,7.566259430155763,1.8892530978534017
5374,7.566309950509245,1.8892050859720717
5375,7.56636043580016,1.8891571074612947
5376,7.566410886052853,1.889109162297848
5377,7.566461301291658,1.8890612504585251
5378,7.566511681540891,1.8890133719201379
5379,7.566562026824848,1.8889655266595122
5380,7.566612337167812,1.8889177146534903
5381,7.566662612594051,1.8888699358789311
5382,7.56671285312781,1.8888221903127094
5383,7.56676305879332,1.8887744779317166
5384,7.566813229614795,1.8887267987128602
5385,7.566863365616433,1.888679152633062
5386,7.566913466822415,1.888631539669263
5387,7.566963533256907,1.8885839597984173
5388,7.567013564944051,1.888536412997497
5389,7.567063561907978,1.888488899243489
5390,7.567113524172805,1.8884414185133975
5391,7.56716345176262,1.8883939707842412
5392,7.567213344701514,1.888346556033056
5393,7.567263203013546,1.888299174236894
5394,7.567313026722762,1.8882518253728215
5395,7.567362815853184,1.8882045094179227
5396,7.567412570428835,1.8881572263492974
5397,7.567462290473703,1.8881099761440605
5398,7.5675119760117795,1.8880627587793426
5399,7.567561627067016,1.8880155742322933
5400,7.567611243663363,1.8879684224800741
5401,7.567660825824748,1.8879213034998639
5402,7.567710373575085,1.8878742172688585
5403,7.567759886938265,1.887827163764269
5404,7.567809365938176,1.887780142963321
5405,7.567858810598674,1.8877331548432585
5406,7.567908220943611,1.8876861993813396
5407,7.567957596996811,1.8876392765548382
5408,7.56800693878209,1.887592386341045
5409,7.568056246323246,1.8875455287172662
5410,7.5681055196440505,1.887498703660823
5411,7.568154758768278,1.8874519111490533
5412,7.56820396371967,1.887405151159311
5413,7.5682531345219575,1.887358423668965
5414,7.56830227119885,1.8873117286553998
5415,7.56835137377405,1.8872650660960164
5416,7.568400442271237,1.8872184359682316
5417,7.56844947671408,1.8871718382494778
5418,7.568498477126217,1.8871252729172021
5419,7.568547443531282,1.8870787399488689
5420,7.568596375952897,1.887032239321957
5421,7.568645274414652,1.8869857710139621
5422,7.568694138940135,1.8869393350023949
5423,7.5687429695529085,1.886892931264781
5424,7.5687917662765205,1.886846559778663
5425,7.568840529134509,1.8868002205215986
5426,7.568889258150385,1.8867539134711615
5427,7.5689379533476515,1.8867076386049397
5428,7.5689866147497895,1.8866613959005392
5429,7.569035242380275,1.8866151853355786
5430,7.569083836262548,1.8865690068876948
5431,7.569132396420053,1.8865228605345388
5432,7.569180922876199,1.8864767462537777
5433,7.5692294156543936,1.8864306640230937
5434,7.56927787477802,1.8863846138201852
5435,7.569326300270453,1.8863385956227658
5436,7.569374692155043,1.886292609408564
5437,7.569423050455121,1.8862466551553254
5438,7.569471375194018,1.8862007328408095
5439,7.569519666395035,1.8861548424427916
5440,7.5695679240814595,1.8861089839390641
5441,7.569616148276559,1.8860631573074327
5442,7.569664339003604,1.886017362525719
5443,7.569712496285818,1.8859715995717614
5444,7.569760620146431,1.8859258684234128
5445,7.569808710608652,1.8858801690585416
5446,7.569856767695677,1.885834501455031
5447,7.569904791430669,1.885788865590781
5448,7.569952781836794,1.885743261443706
5449,7.570000738937196,1.8856976889917354
5450,7.570048662755001,1.8856521482128152
5451,7.570096553313319,1.885606639084906
5452,7.570144410635245,1.8855611615859842
5453,7.5701922347438595,1.8855157156940408
5454,7.570240025662225,1.8854703013870828
5455,7.570287783413381,1.8854249186431327
5456,7.570335508020367,1.8853795674402274
5457,7.570383199506196,1.8853342477564197
5458,7.570430857893863,1.8852889595697777
5459,7.570478483206351,1.8852437028583853
5460,7.570526075466629,1.8851984776003399
5461,7.570573634697643,1.8851532837737566
5462,7.570621160922333,1.8851081213567635
5463,7.570668654163616,1.8850629903275058
5464,7.570716114444396,1.8850178906641424
5465,7.570763541787555,1.8849728223448479
5466,7.570810936215964,1.8849277853478135
5467,7.570858297752484,1.8848827796512424
5468,7.570905626419951,1.8848378052333574
5469,7.570952922241183,1.8847928620723922
5470,7.571000185238998,1.8847479501465978
5471,7.571047415436177,1.8847030694342417
5472,7.571094612855502,1.8846582199136022
5473,7.571141777519723,1.8846134015629776
5474,7.5711889094516,1.8845686143606784
5475,7.571236008673845,1.8845238582850308
5476,7.571283075209187,1.8844791333143767
5477,7.571330109080305,1.8844344394270724
5478,7.571377110309888,1.8843897766014894
5479,7.571424078920601,1.8843451448160153
5480,7.571471014935094,1.8843005440490512
5481,7.5715179183759975,1.8842559742790135
5482,7.571564789265928,1.884211435484335
5483,7.571611627627492,1.8841669276434625
5484,7.571658433483273,1.8841224507348566
5485,7.57170520685584,1.884078004736996
5486,7.571751947767747,1.884033589628372
5487,7.571798656241538,1.8839892053874914
5488,7.571845332299733,1.8839448519928756
5489,7.571891975964838,1.8839005294230624
5490,7.57193858725935,1.883856237656603
5491,7.571985166205742,1.8838119766720642
5492,7.572031712826472,1.8837677464480285
5493,7.57207822714399,1.8837235469630913
5494,7.572124709180725,1.883679378195865
5495,7.572171158959088,1.8836352401249754
5496,7.57221757650148,1.883591132729064
5497,7.57226396183028,1.883547055986788
5498,7.572310314967862,1.8835030098768173
5499,7.572356635936572,1.8834589943778375
5500,7.572402924758747,1.883415009468551
5501,7.572449181456704,1.883371055127672
5502,7.572495406052752,1.8833271313339317
5503,7.572541598569185,1.8832832380660751
5504,7.572587759028273,1.883239375302863
5505,7.572633887452271,1.8831955430230691
5506,7.572679983863423,1.8831517412054837
5507,7.572726048283958,1.8831079698289117
5508,7.572772080736088,1.8830642288721715
5509,7.57281808124201,1.8830205183140973
5510,7.572864049823908,1.8829768381335388
5511,7.572909986503944,1.882933188309358
5512,7.572955891304265,1.8828895688204341
5513,7.573001764247017,1.8828459796456603
5514,7.573047605354303,1.882802420763943
5515,7.573093414648242,1.8827588921542053
5516,7.573139192150918,1.8827153937953844
5517,7.573184937884399,1.8826719256664326
5518,7.57323065187075,1.882628487746314
5519,7.573276334132011,1.8825850800140116
5520,7.573321984690209,1.882541702448521
5521,7.573367603567359,1.8824983550288514
5522,7.573413190785457,1.8824550377340286
5523,7.573458746366481,1.8824117505430917
5524,7.573504270332396,1.8823684934350953
5525,7.57354976270516,1.8823252663891084
5526,7.573595223506702,1.8822820693842128
5527,7.573640652758946,1.882238902399508
5528,7.573686050483796,1.8821957654141057
5529,7.57373141670314,1.882152658407134
5530,7.573776751438849,1.8821095813577327
5531,7.5738220547128,1.8820665342450589
5532,7.573867326546814,1.882023517048283
5533,7.573912566962736,1.8819805297465908
5534,7.573957775982376,1.8819375723191811
5535,7.574002953627533,1.8818946447452682
5536,7.574048099919984,1.881851747004081
5537,7.574093214881504,1.8818088790748628
5538,7.5741382985338435,1.8817660409368704
5539,7.574183350898749,1.8817232325693765
5540,7.574228371997927,1.8816804539516674
5541,7.574273361853097,1.8816377050630433
5542,7.574318320485951,1.8815949858828205
5543,7.574363247918165,1.8815522963903284
5544,7.574408144171403,1.8815096365649107
5545,7.574453009267305,1.8814670063859271
5546,7.574497843227515,1.8814244058327485
5547,7.574542646073647,1.8813818348847642
5548,7.574587417827297,1.8813392935213749
5549,7.574632158510056,1.8812967817219963
5550,7.574676868143501,1.8812542994660595
5551,7.57472154674918,1.8812118467330088
5552,7.574766194348649,1.8811694235023027
5553,7.574810810963424,1.8811270297534155
5554,7.574855396615018,1.8810846654658342
5555,7.574899951324936,1.8810423306190607
5556,7.574944475114653,1.8810000251926113
5557,7.574988968005636,1.8809577491660165
5558,7.575033430019345,1.8809155025188207
5559,7.575077861177215,1.8808732852305836
5560,7.575122261500665,1.880831097280877
5561,7.5751666310111085,1.8807889386492906
5562,7.575210969729933,1.880746809315424
5563,7.5752552776785205,1.880704709258894
5564,7.5752995548782325,1.8806626384593306
5565,7.575343801350419,1.880620596896378
5566,7.575388017116412,1.8805785845496952
5567,7.575432202197526,1.8805366013989544
5568,7.575476356615076,1.8804946474238415
5569,7.5755204803903435,1.880452722604059
5570,7.575564573544602,1.880410826919321
5571,7.575608636099116,1.880368960349357
5572,7.575652668075123,1.8803271228739107
5573,7.57569666949386,1.880285314472739
5574,7.5757406403765435,1.880243535125614
5575,7.575784580744364,1.8802017848123216
5576,7.575828490618517,1.8801600635126607
5577,7.575872370020168,1.8801183712064458
5578,7.575916218970475,1.8800767078735043
5579,7.5759600374905816,1.8800350734936786
5580,7.57600382560161,1.8799934680468244
5581,7.576047583324676,1.8799518915128124
5582,7.5760913106808765,1.879910343871526
5583,7.576135007691294,1.879868825102863
5584,7.576178674376996,1.8798273351867365
5585,7.576222310759036,1.8797858741030724
5586,7.576265916858457,1.87974444183181
5587,7.576309492696271,1.8797030383529036
5588,7.576353038293502,1.879661663646322
5589,7.57639655367114,1.879620317692046
5590,7.576440038850164,1.8795790004700728
5591,7.576483493851538,1.879537711960411
5592,7.576526918696215,1.8794964521430855
5593,7.576570313405135,1.8794552209981332
5594,7.576613677999214,1.8794140185056065
5595,7.576657012499369,1.87937284464557
5596,7.576700316926487,1.879331699398104
5597,7.576743591301439,1.8792905827433013
5598,7.576786835645102,1.879249494661269
5599,7.576830049978317,1.879208435132129
5600,7.576873234321921,1.879167404136015
5601,7.5769163886967394,1.879126401653076
5602,7.57695951312357,1.8790854276634752
5603,7.57700260762321,1.879044482147389
5604,7.577045672216433,1.8790035650850063
5605,7.577088706924009,1.8789626764565324
5606,7.577131711766679,1.878921816242185
5607,7.577174686765175,1.878880984422195
5608,7.577217631940227,1.878840180976808
5609,7.57726054731253,1.8787994058862831
5610,7.577303432902777,1.8787586591308936
5611,7.577346288731642,1.8787179406909256
5612,7.577389114819788,1.87867725054668
5613,7.577431911187868,1.8786365886784702
5614,7.577474677856513,1.8785959550666245
5615,7.577517414846336,1.8785553496914842
5616,7.577560122177948,1.8785147725334046
5617,7.577602799871936,1.8784742235727543
5618,7.577645447948874,1.878433702789916
5619,7.577688066429326,1.8783932101652865
5620,7.577730655333837,1.8783527456792755
5621,7.577773214682945,1.8783123093123058
5622,7.577815744497165,1.8782719010448152
5623,7.577858244797,1.8782315208572544
5624,7.577900715602942,1.8781911687300876
5625,7.577943156935467,1.878150844643793
5626,7.577985568815033,1.8781105485788627
5627,7.578027951262093,1.8780702805158018
5628,7.578070304297077,1.8780300404351287
5629,7.578112627940409,1.8779898283173757
5630,7.578154922212484,1.877949644143089
5631,7.578197187133697,1.877909487892829
5632,7.578239422724429,1.877869359547168
5633,7.578281629005034,1.8778292590866923
5634,7.578323805995868,1.8777891864920022
5635,7.578365953717259,1.8777491417437115
5636,7.5784080721895295,1.877709124822448
5637,7.578450161432991,1.877669135708851
5638,7.578492221467919,1.8776291743835758
5639,7.578534252314608,1.8775892408272903
5640,7.578576253993312,1.8775493350206733
5641,7.578618226524281,1.8775094569444222
5642,7.578660169927758,1.8774696065792436
5643,7.578702084223953,1.8774297839058591
5644,7.578743969433076,1.8773899889050036
5645,7.578785825575327,1.8773502215574258
5646,7.578827652670873,1.8773104818438866
5647,7.578869450739893,1.8772707697451618
5648,7.5789112198025235,1.8772310852420397
5649,7.578952959878914,1.8771914283153228
5650,7.578994670989177,1.8771517989458255
5651,7.579036353153433,1.877112197114377
5652,7.579078006391767,1.8770726228018193
5653,7.579119630724263,1.8770330759890075
5654,7.5791612261709895,1.8769935566568106
5655,7.579202792752001,1.8769540647861098
5656,7.579244330487332,1.8769146003578019
5657,7.579285839397009,1.8768751633527945
5658,7.579327319501043,1.8768357537520097
5659,7.579368770819435,1.876796371536383
5660,7.579410193372165,1.8767570166868632
5661,7.579451587179204,1.8767176891844113
5662,7.579492952260509,1.8766783890100032
5663,7.579534288636016,1.876639116144627
5664,7.579575596325658,1.8765998705692841
5665,7.579616875349352,1.8765606522649896
5666,7.579658125726988,1.8765214612127714
5667,7.5796993474784635,1.8764822973936708
5668,7.579740540623642,1.8764431607887424
5669,7.5797817051823895,1.8764040513790539
5670,7.57982284117455,1.8763649691456856
5671,7.579863948619953,1.876325914069733
5672,7.579905027538414,1.8762868861323017
5673,7.579946077949736,1.8762478853145124
5674,7.5799870998737156,1.8762089115974998
5675,7.5800280933301245,1.8761699649624095
5676,7.580069058338726,1.8761310453904017
5677,7.580109994919265,1.8760921528626489
5678,7.580150903091479,1.8760532873603384
5679,7.580191782875093,1.8760144488646682
5680,7.580232634289804,1.875975637356851
5681,7.580273457355318,1.8759368528181124
5682,7.580314252091314,1.8758980952296902
5683,7.580355018517445,1.8758593645728372
5684,7.580395756653379,1.875820660828816
5685,7.580436466518749,1.8757819839789065
5686,7.5804771481331805,1.8757433340043979
5687,7.580517801516283,1.8757047108865947
5688,7.580558426687659,1.875666114606813
5689,7.580599023666892,1.8756275451463829
5690,7.580639592473549,1.8755890024866473
5691,7.58068013312719,1.8755504866089618
5692,7.580720645647363,1.8755119974946957
5693,7.580761130053588,1.8754735351252305
5694,7.580801586365394,1.8754350994819602
5695,7.580842014602277,1.8753966905462933
5696,7.580882414783722,1.8753583082996501
5697,7.580922786929215,1.8753199527234647
5698,7.580963131058211,1.8752816237991827
5699,7.5810034471901595,1.8752433215082647
5700,7.5810437353445,1.8752050458321823
5701,7.581083995540651,1.875166796752421
5702,7.581124227798024,1.8751285742504793
5703,7.581164432136008,1.8750903783078676
5704,7.581204608573994,1.87505220890611
5705,7.581244757131336,1.8750140660267447
5706,7.5812848778273985,1.8749759496513194
5707,7.58132497068152,1.8749378597613975
5708,7.58136503571303,1.8748997963385545
5709,7.581405072941239,1.8748617593643786
5710,7.581445082385451,1.874823748820471
5711,7.5814850640649505,1.8747857646884452
5712,7.581525017999009,1.8747478069499288
5713,7.581564944206896,1.8747098755865599
5714,7.581604842707845,1.8746719705799917
5715,7.581644713521101,1.8746340919118896
5716,7.581684556665885,1.8745962395639306
5717,7.581724372161395,1.8745584135178057
5718,7.581764160026832,1.8745206137552177
5719,7.581803920281372,1.8744828402578844
5720,7.581843652944182,1.874445093007533
5721,7.581883358034422,1.8744073719859056
5722,7.581923035571224,1.874369677174757
5723,7.581962685573719,1.8743320085558535
5724,7.582002308061018,1.8742943661109752
5725,7.582041903052227,1.8742567498219145
5726,7.582081470566426,1.8742191596704765
5727,7.582121010622693,1.8741815956384786
5728,7.582160523240091,1.8741440577077515
5729,7.582200008437663,1.8741065458601394
5730,7.5822394662344434,1.8740690600774967
5731,7.5822788966494565,1.8740316003416921
5732,7.582318299701708,1.873994166634607
5733,7.582357675410191,1.8739567589381352
5734,7.582397023793885,1.873919377234182
5735,7.582436344871766,1.873882021504667
5736,7.58247563866278,1.873844691731522
5737,7.582514905185878,1.8738073878966905
5738,7.582554144459977,1.8737701099821291
5739,7.582593356504003,1.8737328579698078
5740,7.582632541336853,1.8736956318417077
5741,7.582671698977415,1.8736584315798235
5742,7.582710829444569,1.8736212571661615
5743,7.5827499327571735,1.8735841085827416
5744,7.582789008934085,1.8735469858115963
5745,7.582828057994132,1.8735098888347694
5746,7.582867079956145,1.8734728176343176
5747,7.582906074838927,1.8734357721923114
5748,7.582945042661281,1.873398752490832
5749,7.582983983441991,1.8733617585119735
5750,7.583022897199828,1.8733247902378438
5751,7.583061783953548,1.873287847650562
5752,7.583100643721902,1.87325093073226
5753,7.583139476523614,1.8732140394650818
5754,7.583178282377413,1.8731771738311842
5755,7.583217061301991,1.8731403338127366
5756,7.583255813316054,1.8731035193919203
5757,7.58329453843828,1.8730667305509303
5758,7.583333236687334,1.8730299672719717
5759,7.583371908081868,1.8729932295372642
5760,7.583410552640522,1.8729565173290381
5761,7.583449170381933,1.8729198306295387
5762,7.5834877613247125,1.8728831694210204
5763,7.583526325487458,1.872846533685752
5764,7.583564862888765,1.8728099234060147
5765,7.583603373547209,1.8727733385641008
5766,7.583641857481349,1.872736779142316
5767,7.583680314709739,1.8727002451229784
5768,7.583718745250916,1.8726637364884169
5769,7.58375714912341,1.8726272532209745
5770,7.58379552634573,1.8725907953030063
5771,7.583833876936371,1.8725543627168788
5772,7.583872200913824,1.872517955444971
5773,7.583910498296563,1.8724815734696745
5774,7.5839487691030465,1.8724452167733932
5775,7.583987013351719,1.8724088853385432
5776,7.584025231061027,1.8723725791475525
5777,7.584063422249377,1.8723362981828617
5778,7.584101586935192,1.8723000424269238
5779,7.584139725136865,1.8722638118622041
5780,7.584177836872778,1.8722276064711783
5781,7.584215922161296,1.872191426236337
5782,7.584253981020791,1.8721552711401814
5783,7.5842920134695975,1.8721191411652254
5784,7.5843300195260595,1.8720830362939955
5785,7.584367999208482,1.8720469565090292
5786,7.584405952535182,1.8720109017928768
5787,7.584443879524455,1.8719748721281009
5788,7.584481780194578,1.8719388674972761
5789,7.584519654563823,1.8719028878829893
5790,7.584557502650448,1.8718669332678397
5791,7.584595324472692,1.8718310036344374
5792,7.584633120048789,1.8717950989654066
5793,7.584670889396962,1.8717592192433816
5794,7.584708632535408,1.8717233644510103
5795,7.584746349482328,1.8716875345709523
5796,7.584784040255897,1.871651729585878
5797,7.5848217048742885,1.8716159494784717
5798,7.584859343355651,1.8715801942314294
5799,7.584896955718132,1.8715444638274588
5800,7.584934541979861,1.871508758249279
5801,7.584972102158956,1.8714730774796222
5802,7.585009636273516,1.8714374215012322
5803,7.585047144341644,1.8714017902968647
5804,7.58508462638141,1.8713661838492872
5805,7.585122082410881,1.8713306021412808
5806,7.585159512448121,1.8712950451556363
5807,7.585196916511164,1.8712595128751572
5808,7.585234294618046,1.871224005282661
5809,7.585271646786778,1.8711885223609739
5810,7.585308973035367,1.871153064092936
5811,7.585346273381802,1.871117630461399
5812,7.58538354784407,1.8710822214492273
5813,7.58542079644013,1.8710468370392959
5814,7.585458019187938,1.8710114772144923
5815,7.585495216105443,1.8709761419577162
5816,7.585532387210562,1.870940831251879
5817,7.585569532521225,1.8709055450799035
5818,7.58560665205533,1.870870283424725
5819,7.585643745830769,1.870835046269291
5820,7.585680813865425,1.870799833596561
5821,7.585717856177157,1.8707646453895042
5822,7.585754872783838,1.8707294816311038
5823,7.585791863703288,1.8706943423043556
5824,7.585828828953348,1.8706592273922642
5825,7.585865768551842,1.8706241368778493
5826,7.585902682516567,1.8705890707441402
5827,7.585939570865316,1.8705540289741784
5828,7.585976433615871,1.870519011551019
5829,7.586013270786006,1.8704840184577258
5830,7.586050082393469,1.8704490496773771
5831,7.586086868456006,1.870414105193062
5832,7.586123628991354,1.870379184987881
5833,7.58616036401722,1.8703442890449469
5834,7.586197073551319,1.870309417347384
5835,7.586233757611345,1.8702745698783285
5836,7.58627041621498,1.8702397466209282
5837,7.586307049379892,1.870204947558344
5838,7.586343657123738,1.8701701726737452
5839,7.586380239464164,1.8701354219503163
5840,7.586416796418807,1.8701006953712516
5841,7.586453328005278,1.870065992919758
5842,7.586489834241198,1.8700313145790532
5843,7.58652631514415,1.8699966603323677
5844,7.586562770731729,1.869962030162943
5845,7.5865992010215,1.8699274240540322
5846,7.586635606031029,1.8698928419889
5847,7.5866719857778575,1.8698582839508235
5848,7.58670834027952,1.8698237499230903
5849,7.586744669553544,1.8697892398890017
5850,7.586780973617439,1.869754753831868
5851,7.586817252488705,1.8697202917350124
5852,7.586853506184823,1.8696858535817702
5853,7.586889734723271,1.8696514393554875
5854,7.586925938121515,1.8696170490395223
5855,7.586962116397,1.8695826826172441
5856,7.5869982695671645,1.8695483400720345
5857,7.5870343976494325,1.869514021387286
5858,7.5870705006612225,1.869479726546403
5859,7.587106578619935,1.8694454555328015
5860,7.587142631542958,1.869411208329908
5861,7.58717865944767,1.8693769849211628
5862,7.587214662351437,1.869342785290015
5863,7.5872506402716064,1.869308609419928
5864,7.587286593225531,1.8692744572943751
5865,7.58732252123053,1.8692403288968413
5866,7.587358424303926,1.8692062242108223
5867,7.5873943024630215,1.8691721432198272
5868,7.587430155725106,1.8691380859073756
5869,7.587465984107472,1.869104052256998
5870,7.587501787627376,1.869070042252237
5871,7.587537566302082,1.869036055876647
5872,7.587573320148834,1.8690020931137934
5873,7.587609049184866,1.8689681539472525
5874,7.587644753427396,1.868934238360614
5875,7.587680432893638,1.868900346337476
5876,7.5877160876007865,1.8688664778614508
5877,7.587751717566024,1.8688326329161606
5878,7.587787322806527,1.8687988114852399
5879,7.587822903339461,1.8687650135523335
5880,7.587858459181967,1.8687312391010982
5881,7.587893990351188,1.8686974881152025
5882,7.587929496864248,1.8686637605783263
5883,7.587964978738267,1.86863005647416
5884,7.58800043599033,1.8685963757864066
5885,7.5880358686375455,1.868562718498779
5886,7.5880712766969864,1.8685290845950029
5887,7.588106660185714,1.8684954740588138
5888,7.588142019120781,1.8684618868739606
5889,7.588177353519244,1.868428323024201
5890,7.58821266339812,1.8683947824933065
5891,7.588247948774431,1.8683612652650576
5892,7.588283209665188,1.8683277713232482
5893,7.588318446087384,1.868294300651682
5894,7.588353658058001,1.868260853234175
5895,7.588388845594013,1.8682274290545526
5896,7.588424008712377,1.8681940280966547
5897,7.588459147430046,1.8681606503443295
5898,7.588494261763948,1.8681272957814383
5899,7.588529351731021,1.8680939643918517
5900,7.588564417348167,1.8680606561594537
5901,7.588599458632285,1.868027371068138
5902,7.588634475600273,1.8679941091018113
5903,7.588669468269003,1.8679608702443886
5904,7.588704436655341,1.867927654479799
5905,7.588739380776148,1.867894461791981
5906,7.588774300648257,1.8678612921648854
5907,7.588809196288504,1.8678281455824723
5908,7.588844067713708,1.8677950220287163
5909,7.588878914940674,1.8677619214875998
5910,7.5889137379862,1.8677288439431186
5911,7.588948536867066,1.8676957893792785
5912,7.588983311600049,1.867662757780096
5913,7.589018062201907,1.867629749129601
5914,7.589052788689391,1.867596763411831
5915,7.589087491079242,1.8675638006108388
5916,7.589122169388175,1.8675308607106849
5917,7.589156823632912,1.867497943695442
5918,7.5891914538301535,1.867465049549195
5919,7.589226059996592,1.8674321782560377
5920,7.58926064214891,1.867399329800077
5921,7.589295200303764,1.8673665041654306
5922,7.589329734477822,1.8673337013362254
5923,7.589364244687722,1.8673009212966016
5924,7.589398730950101,1.8672681640307094
5925,7.589433193281577,1.8672354295227096
5926,7.589467631698762,1.8672027177567756
5927,7.5895020462182545,1.8671700287170898
5928,7.58953643685664,1.8671373623878476
5929,7.589570803630494,1.8671047187532543
5930,7.589605146556387,1.867072097797526
5931,7.589639465650859,1.86703949950489
5932,7.589673760930461,1.8670069238595857
5933,7.589708032411717,1.866974370845862
5934,7.589742280111149,1.866941840447979
5935,7.589776504045256,1.866909332650208
5936,7.589810704230546,1.8668768474368316
5937,7.589844880683487,1.866844384792144
5938,7.589879033420565,1.866811944700448
5939,7.589913162458231,1.8667795271460592
5940,7.589947267812935,1.8667471321133038
5941,7.589981349501126,1.8667147595865192
5942,7.590015407539211,1.8666824095500525
5943,7.590049441943623,1.8666500819882637
5944,7.590083452730755,1.8666177768855214
5945,7.590117439917002,1.8665854942262061
5946,7.590151403518745,1.8665532339947102
5947,7.590185343552355,1.8665209961754352
5948,7.5902192600341865,1.866488780752795
5949,7.590253152980588,1.8664565877112136
5950,7.590287022407892,1.8664244170351254
5951,7.590320868332434,1.8663922687089767
5952,7.590354690770504,1.8663601427172234
5953,7.590388489738425,1.8663280390443338
5954,7.590422265252479,1.866295957674786
5955,7.590456017328944,1.8662638985930682
5956,7.590489745984085,1.8662318617836813
5957,7.590523451234162,1.8661998472311354
5958,7.5905571330954205,1.8661678549199523
5959,7.590590791584091,1.866135884834664
5960,7.590624426716393,1.8661039369598136
5961,7.59065803850855,1.8660720112799551
5962,7.590691626976741,1.8660401077796525
5963,7.590725192137173,1.866008226443481
5964,7.590758734006013,1.8659763672560274
5965,7.590792252599435,1.8659445302018884
5966,7.590825747933586,1.8659127152656703
5967,7.5908592200246074,1.8658809224319934
5968,7.590892668888641,1.8658491516854845
5969,7.590926094541801,1.8658174030107846
5970,7.590959497000203,1.8657856763925433
5971,7.5909928762799375,1.8657539718154224
5972,7.591026232397098,1.8657222892640934
5973,7.591059565367758,1.8656906287232375
5974,7.591092875207984,1.8656589901775495
5975,7.591126161933832,1.8656273736117326
5976,7.591159425561341,1.8655957790105007
5977,7.591192666106545,1.8655642063585787
5978,7.59122588358546,1.8655326556407041
5979,7.5912590780141,1.8655011268416208
5980,7.5912922494084665,1.8654696199460863
5981,7.591325397784538,1.8654381349388691
5982,7.5913585231582985,1.865406671804747
5983,7.59139162554571,1.8653752305285087
5984,7.591424704962722,1.8653438110949527
5985,7.591457761425285,1.8653124134888908
5986,7.591490794949324,1.865281037695142
5987,7.591523805550759,1.8652496836985377
5988,7.5915567932455135,1.86521835148392
5989,7.591589758049469,1.8651870410361409
5990,7.591622699978518,1.8651557523400628
5991,7.591655619048544,1.8651244853805593
5992,7.591688515275408,1.8650932401425149
5993,7.59172138867496,1.865062016610823
5994,7.5917542392630475,1.8650308147703891
5995,7.591787067055501,1.8649996346061282
5996,7.591819872068149,1.8649684761029661
5997,7.591852654316792,1.8649373392458404
5998,7.591885413817233,1.8649062240196972
5999,7.591918150585268,1.8648751304094937
6000,7.591950864636661,1.864844058400198
6001,7.591983555987188,1.8648130079767884
6002,7.5920162246526015,1.8647819791242541
6003,7.592048870648643,1.864750971827594
6004,7.592081493991054,1.8647199860718178
6005,7.592114094695555,1.8646890218419456
6006,7.59214667277785,1.864658079123008
6007,7.59217922825365,1.8646271579000475
6008,7.592211761138642,1.864596258158113
6009,7.592244271448502,1.8645653798822683
6010,7.592276759198901,1.864534523057585
6011,7.5923092244054935,1.8645036876691454
6012,7.59234166708393,1.8644728737020433
6013,7.592374087249845,1.8644420811413815
6014,7.592406484918864,1.864411309972274
6015,7.592438860106597,1.8643805601798449
6016,7.592471212828656,1.8643498317492293
6017,7.592503543100619,1.8643191246655717
6018,7.592535850938079,1.8642884389140273
6019,7.592568136356604,1.8642577744797615
6020,7.592600399371753,1.8642271313479504
6021,7.592632639999072,1.8641965095037807
6022,7.5926648582541025,1.8641659089324483
6023,7.5926970541523735,1.8641353296191603
6024,7.592729227709396,1.8641047715491337
6025,7.592761378940684,1.8640742347075967
6026,7.592793507861723,1.864043719079786
6027,7.592825614488008,1.8640132246509509
6028,7.592857698835002,1.8639827514063485
6029,7.592889760918177,1.8639522993312476
6030,7.592921800752976,1.863921868410928
6031,7.592953818354847,1.8638914586306774
6032,7.59298581373922,1.8638610699757967
6033,7.593017786921512,1.8638307024315943
6034,7.593049737917134,1.8638003559833909
6035,7.593081666741482,1.863770030616515
6036,7.593113573409947,1.8637397263163085
6037,7.59314545793791,1.8637094430681214
6038,7.593177320340724,1.8636791808573148
6039,7.593209160633758,1.8636489396692582
6040,7.593240978832349,1.8636187194893339
6041,7.593272774951836,1.8635885203029325
6042,7.593304549007547,1.8635583420954562
6043,7.593336301014783,1.8635281848523153
6044,7.593368030988854,1.863498048558933
6045,7.5933997389450525,1.86346793320074
6046,7.593431424898662,1.8634378387631791
6047,7.59346308886494,1.863407765231702
6048,7.593494730859164,1.863377712591772
6049,7.593526350896571,1.8633476808288607
6050,7.593557948992403,1.8633176699284504
6051,7.59358952516189,1.8632876798760343
6052,7.593621079420254,1.8632577106571155
6053,7.593652611782689,1.8632277622572058
6054,7.593684122264407,1.8631978346618292
6055,7.593715610880579,1.863167927856518
6056,7.593747077646399,1.8631380418268162
6057,7.593778522577008,1.8631081765582764
6058,7.5938099456875845,1.863078332036462
6059,7.593841346993259,1.8630485082469461
6060,7.593872726509163,1.8630187051753129
6061,7.593904084250428,1.8629889228071541
6062,7.593935420232159,1.8629591611280751
6063,7.5939667344694595,1.862929420123688
6064,7.593998026977426,1.8628996997796172
6065,7.594029297771132,1.8628700000814955
6066,7.594060546865655,1.862840321014966
6067,7.594091774276043,1.8628106625656844
6068,7.5941229800173575,1.8627810247193117
6069,7.594154164104635,1.8627514074615223
6070,7.594185326552904,1.8627218107780001
6071,7.594216467377182,1.862692234654438
6072,7.594247586592471,1.8626626790765397
6073,7.594278684213776,1.8626331440300181
6074,7.594309760256086,1.8626036295005972
6075,7.594340814734366,1.8625741354740097
6076,7.594371847663589,1.8625446619359989
6077,7.594402859058712,1.862515208872318
6078,7.594433848934682,1.8624857762687301
6079,7.594464817306425,1.8624563641110086
6080,7.594495764188873,1.862426972384935
6081,7.594526689596939,1.8623976010763033
6082,7.594557593545523,1.8623682501709151
6083,7.594588476049525,1.8623389196545843
6084,7.594619337123824,1.8623096095131326
6085,7.594650176783292,1.8622803197323918
6086,7.594680995042795,1.8622510502982057
6087,7.594711791917182,1.862221801196424
6088,7.594742567421296,1.8621925724129107
6089,7.594773321569969,1.8621633639335362
6090,7.594804054378017,1.8621341757441823
6091,7.594834765860259,1.8621050078307413
6092,7.594865456031489,1.8620758601791134
6093,7.594896124906505,1.8620467327752097
6094,7.594926772500079,1.8620176256049517
6095,7.594957398826988,1.86198853865427
6096,7.594988003901987,1.861959471909104
6097,7.595018587739825,1.8619304253554052
6098,7.595049150355239,1.8619013989791338
6099,7.595079691762964,1.8618723927662584
6100,7.595110211977719,1.8618434067027594
6101,7.595140711014202,1.861814440774626
6102,7.595171188887124,1.8617854949678572
6103,7.595201645611162,1.8617565692684617
6104,7.5952320812010035,1.8617276636624582
6105,7.59526249567131,1.8616987781358756
6106,7.595292889036743,1.8616699126747518
6107,7.5953232613119415,1.861641067265135
6108,7.595353612511554,1.861612241893081
6109,7.595383942650197,1.861583436544658
6110,7.595414251742493,1.8615546512059435
6111,7.59544453980305,1.8615258858630237
6112,7.595474806846459,1.861497140501995
6113,7.595505052887309,1.8614684151089638
6114,7.595535277940174,1.8614397096700446
6115,7.595565482019627,1.8614110241713637
6116,7.595595665140214,1.8613823585990557
6117,7.595625827316491,1.8613537129392659
6118,7.595655968562986,1.8613250871781473
6119,7.595686088894229,1.8612964813018658
6120,7.595716188324732,1.8612678952965933
6121,7.595746266869001,1.8612393291485136
6122,7.595776324541534,1.8612107828438198
6123,7.595806361356817,1.8611822563687141
6124,7.595836377329319,1.8611537497094084
6125,7.595866372473511,1.8611252628521247
6126,7.595896346803849,1.8610967957830942
6127,7.595926300334772,1.8610683484885575
6128,7.595956233080718,1.861039920954766
6129,7.595986145056116,1.861011513167978
6130,7.596016036275377,1.8609831251144648
6131,7.596045906752908,1.8609547567805045
6132,7.596075756503102,1.8609264081523864
6133,7.596105585540345,1.8608980792164083
6134,7.5961353938790115,1.8608697699588777
6135,7.596165181533466,1.8608414803661124
6136,7.596194948518063,1.8608132104244404
6137,7.596224694847155,1.860784960120196
6138,7.596254420535067,1.8607567294397258
6139,7.596284125596133,1.860728518369386
6140,7.596313810044658,1.8607003268955409
6141,7.596343473894956,1.860672155004565
6142,7.59637311716132,1.860644002682842
6143,7.596402739858034,1.8606158699167656
6144,7.596432341999374,1.860587756692739
6145,7.596461923599607,1.8605596629971726
6146,7.596491484672992,1.8605315888164904
6147,7.596521025233769,1.8605035341371223
6148,7.596550545296173,1.8604754989455103
6149,7.596580044874428,1.8604474832281037
6150,7.596609523982764,1.8604194869713617
6151,7.5966389826353735,1.8603915101617536
6152,7.596668420846463,1.8603635527857578
6153,7.596697838630204,1.8603356148298626
6154,7.596727236000792,1.8603076962805647
6155,7.59675661297238,1.8602797971243716
6156,7.59678596955913,1.8602519173477983
6157,7.596815305775191,1.8602240569373703
6158,7.596844621634696,1.8601962158796232
6159,7.596873917151776,1.8601683941611005
6160,7.596903192340549,1.8601405917683562
6161,7.5969324472151225,1.8601128086879533
6162,7.59696168178959,1.8600850449064634
6163,7.596990896078048,1.8600573004104686
6164,7.597020090094568,1.8600295751865605
6165,7.597049263853224,1.860001869221338
6166,7.597078417368072,1.859974182501412
6167,7.597107550653158,1.8599465150134007
6168,7.597136663722535,1.859918866743933
6169,7.597165756590212,1.8598912376796464
6170,7.597194829270225,1.8598636278071878
6171,7.597223881776581,1.8598360371132125
6172,7.5972529141232785,1.8598084655843878
6173,7.597281926324309,1.8597809132073866
6174,7.597310918393652,1.8597533799688946
6175,7.597339890345283,1.8597258658556037
6176,7.5973688421931636,1.8596983708542174
6177,7.597397773951238,1.8596708949514476
6178,7.597426685633457,1.8596434381340154
6179,7.59745557725375,1.8596160003886504
6180,7.597484448826041,1.859588581702093
6181,7.597513300364242,1.859561182061092
6182,7.597542131882259,1.8595338014524054
6183,7.597570943393981,1.8595064398628005
6184,7.597599734913297,1.8594790972790536
6185,7.5976285064540825,1.85945177368795
6186,7.5976572580302015,1.8594244690762853
6187,7.597685989655505,1.8593971834308645
6188,7.597714701343845,1.8593699167384985
6189,7.5977433931090514,1.8593426689860122
6190,7.597772064964958,1.8593154401602363
6191,7.5978007169253745,1.859288230248011
6192,7.5978293490041136,1.8592610392361872
6193,7.597857961214974,1.8592338671116233
6194,7.597886553571743,1.8592067138611887
6195,7.597915126088192,1.8591795794717594
6196,7.597943678778101,1.8591524639302235
6197,7.597972211655224,1.859125367223476
6198,7.598000724733311,1.8590982893384214
6199,7.598029218026102,1.8590712302619739
6200,7.598057691547331,1.859044189981057
6201,7.598086145310712,1.8590171684826022
6202,7.598114579329964,1.8589901657535517
6203,7.598142993618794,1.8589631817808554
6204,7.5981713881908854,1.858936216551472
6205,7.5981997630599185,1.8589092700523715
6206,7.598228118239581,1.8588823422705303
6207,7.598256453743524,1.858855433192936
6208,7.598284769585407,1.8588285428065836
6209,7.598313065778879,1.8588016710984783
6210,7.598341342337571,1.8587748180556336
6211,7.598369599275114,1.8587479836650733
6212,7.598397836605119,1.8587211679138282
6213,7.598426054341199,1.8586943707889396
6214,7.5984542524969525,1.858667592277458
6215,7.598482431085959,1.8586408323664423
6216,7.598510590121811,1.85861409104296
6217,7.598538729618061,1.8585873682940883
6218,7.598566849588285,1.8585606641069132
6219,7.598594950046029,1.8585339784685302
6220,7.598623031004833,1.8585073113660426
6221,7.5986510924782324,1.8584806627865642
6222,7.598679134479745,1.858454032717216
6223,7.5987071570228855,1.8584274211451297
6224,7.598735160121162,1.8584008280574447
6225,7.598763143788062,1.85837425344131
6226,7.598791108037077,1.8583476972838835
6227,7.598819052881681,1.858321159572332
6228,7.59884697833534,1.8582946402938305
6229,7.598874884411508,1.8582681394355645
6230,7.598902771123639,1.8582416569847264
6231,7.59893063848517,1.8582151929285202
6232,7.598958486509523,1.8581887472541563
6233,7.5989863152101265,1.8581623199488544
6234,7.599014124600385,1.8581359109998445
6235,7.599041914693703,1.8581095203943645
6236,7.599069685503472,1.8580831481196616
6237,7.599097437043073,1.8580567941629906
6238,7.599125169325885,1.8580304585116176
6239,7.599152882365262,1.8580041411528145
6240,7.599180576174568,1.8579778420738655
6241,7.599208250767141,1.8579515612620607
6242,7.599235906156321,1.8579252987047001
6243,7.599263542355434,1.8578990543890934
6244,7.599291159377798,1.8578728283025574
6245,7.59931875723672,1.8578466204324202
6246,7.599346335945505,1.8578204307660164
6247,7.599373895517434,1.8577942592906898
6248,7.599401435965797,1.8577681059937943
6249,7.599428957303856,1.8577419708626917
6250,7.599456459544879,1.8577158538847514
6251,7.599483942702118,1.8576897550473548
6252,7.599511406788817,1.8576636743378896
6253,7.599538851818212,1.8576376117437516
6254,7.599566277803524,1.8576115672523486
6255,7.5995936847579735,1.8575855408510935
6256,7.599621072694765,1.8575595325274104
6257,7.599648441627099,1.8575335422687314
6258,7.599675791568163,1.857507570062498
6259,7.599703122531137,1.857481615896158
6260,7.599730434529189,1.8574556797571713
6261,7.599757727575482,1.8574297616330047
6262,7.599785001683169,1.8574038615111343
6263,7.5998122568653965,1.8573779793790441
6264,7.599839493135291,1.8573521152242272
6265,7.599866710505979,1.8573262690341856
6266,7.599893908990584,1.8573004407964304
6267,7.5999210886021995,1.857274630498481
6268,7.599948249353932,1.8572488381278647
6269,7.599975391258866,1.8572230636721192
6270,7.6000025143300896,1.8571973071187893
6271,7.600029618580663,1.8571715684554284
6272,7.600056704023649,1.8571458476696008
6273,7.600083770672103,1.8571201447488768
6274,7.600110818539064,1.8570944596808368
6275,7.600137847637569,1.8570687924530698
6276,7.6001648579806425,1.8570431430531726
6277,7.600191849581301,1.8570175114687513
6278,7.600218822452545,1.8569918976874213
6279,7.6002457766073865,1.856966301696804
6280,7.600272712058798,1.856940723484533
6281,7.600299628819767,1.8569151630382488
6282,7.600326526903266,1.856889620345599
6283,7.600353406322254,1.8568640953942421
6284,7.600380267089684,1.856838588171845
6285,7.6004071092185015,1.8568130986660814
6286,7.600433932721641,1.856787626864635
6287,7.600460737612022,1.8567621727551986
6288,7.600487523902571,1.8567367363254723
6289,7.60051429160619,1.856711317563165
6290,7.600541040735779,1.8566859164559943
6291,7.60056777130423,1.8566605329916868
6292,7.600594483324418,1.8566351671579768
6293,7.600621176809224,1.8566098189426088
6294,7.600647851771507,1.8565844883333336
6295,7.600674508224116,1.856559175317912
6296,7.600701146179903,1.856533879884113
6297,7.600727765651699,1.8565086020197141
6298,7.600754366652334,1.8564833417125002
6299,7.600780949194632,1.856458098950267
6300,7.600807513291394,1.856432873720817
6301,7.600834058955431,1.8564076660119613
6302,7.60086058619952,1.8563824758115204
6303,7.600887095036457,1.8563573031073226
6304,7.600913585479004,1.8563321478872044
6305,7.60094005753994,1.8563070101390116
6306,7.600966511232013,1.8562818898505977
6307,7.600992946567973,1.856256787009825
6308,7.601019363560556,1.8562317016045649
6309,7.601045762222496,1.8562066336226954
6310,7.601072142566506,1.8561815830521047
6311,7.601098504605306,1.8561565498806885
6312,7.601124848351602,1.856131534096352
6313,7.601151173818079,1.8561065356870077
6314,7.601177481017428,1.8560815546405764
6315,7.601203769962328,1.8560565909449886
6316,7.60123004066544,1.8560316445881822
6317,7.601256293139429,1.8560067155581033
6318,7.601282527396942,1.855981803842707
6319,7.601308743450627,1.8559569094299568
6320,7.601334941313109,1.855932032307824
6321,7.60136112099702,1.855907172464289
6322,7.601387282514961,1.8558823298873404
6323,7.601413425879557,1.8558575045649746
6324,7.601439551103398,1.8558326964851968
6325,7.601465658199068,1.85580790563602
6326,7.601491747179151,1.8557831320054667
6327,7.601517818056227,1.8557583755815672
6328,7.601543870842843,1.8557336363523596
6329,7.601569905551568,1.8557089143058907
6330,7.60159592219494,1.8556842094302157
6331,7.6016219207854965,1.8556595217133978
6332,7.601647901335764,1.85563485114351
6333,7.601673863858267,1.8556101977086308
6334,7.601699808365509,1.8555855613968495
6335,7.6017257348700005,1.855560942196262
6336,7.601751643384229,1.8555363400949743
6337,7.601777533920681,1.855511755081099
6338,7.601803406491832,1.855487187142758
6339,7.6018292611101534,1.8554626362680808
6340,7.601855097788092,1.8554381024452051
6341,7.601880916538112,1.8554135856622782
6342,7.6019067173726445,1.8553890859074538
6343,7.6019325003041285,1.8553646031688946
6344,7.601958265344986,1.8553401374347727
6345,7.601984012507633,1.8553156886932665
6346,7.602009741804471,1.8552912569325635
6347,7.602035453247904,1.85526684214086
6348,7.602061146850325,1.8552424443063598
6349,7.602086822624109,1.8552180634172741
6350,7.602112480581629,1.8551936994618248
6351,7.602138120735252,1.8551693524282393
6352,7.602163743097328,1.8551450223047554
6353,7.60218934768021,1.855120709079617
6354,7.602214934496233,1.855096412741078
6355,7.6022405035577245,1.8550721332773996
6356,7.602266054877009,1.855047870676851
6357,7.602291588466395,1.8550236249277097
6358,7.602317104338192,1.8549993960182622
6359,7.602342602504691,1.8549751839368023
6360,7.602368082978178,1.8549509886716318
6361,7.602393545770936,1.8549268102110608
6362,7.6024189908952335,1.8549026485434088
6363,7.602444418363326,1.854878503657001
6364,7.602469828187473,1.8548543755401727
6365,7.602495220379917,1.8548302641812673
6366,7.602520594952891,1.8548061695686344
6367,7.602545951918627,1.8547820916906337
6368,7.602571291289341,1.8547580305356328
6369,7.6025966130772415,1.8547339860920062
6370,7.6026219172945355,1.8547099583481372
6371,7.602647203953409,1.8546859472924175
6372,7.60267247306605,1.8546619529132469
6373,7.60269772464464,1.8546379751990325
6374,7.602722958701341,1.85461401413819
6375,7.60274817524831,1.8545900697191429
6376,7.60277337429771,1.854566141930323
6377,7.602798555861669,1.8545422307601707
6378,7.6028237199523305,1.8545183361971336
6379,7.602848866581818,1.8544944582296665
6380,7.602873995762248,1.8544705968462352
6381,7.602899107505731,1.85444675203531
6382,7.602924201824366,1.8544229237853722
6383,7.6029492787302475,1.8543991120849084
6384,7.6029743382354535,1.8543753169224166
6385,7.602999380352069,1.8543515382863986
6386,7.603024405092148,1.8543277761653683
6387,7.603049412467762,1.8543040305478444
6388,7.603074402490951,1.8542803014223552
6389,7.603099375173766,1.8542565887774374
6390,7.603124330528233,1.8542328926016347
6391,7.603149268566383,1.8542092128834984
6392,7.603174189300228,1.8541855496115895
6393,7.603199092741776,1.8541619027744753
6394,7.603223978903034,1.8541382723607314
6395,7.6032488477959825,1.8541146583589423
6396,7.603273699432616,1.8540910607576988
6397,7.603298533824905,1.8540674795456018
6398,7.603323350984816,1.854043914711258
6399,7.60334815092431,1.8540203662432833
6400,7.603372933655334,1.8539968341303006
6401,7.60339769918983,1.853973318360943
6402,7.603422447539733,1.8539498189238477
6403,7.6034471787169675,1.8539263358076639
6404,7.603471892733454,1.853902869001045
6405,7.603496589601098,1.8538794184926555
6406,7.603521269331801,1.853855984271165
6407,7.603545931937452,1.853832566325253
6408,7.603570577429942,1.8538091646436068
6409,7.60359520582114,1.8537857792149197
6410,7.603619817122915,1.8537624100278947
6411,7.60364441134713,1.8537390570712426
6412,7.603668988505631,1.8537157203336805
6413,7.603693548610261,1.8536923998039356
6414,7.603718091672864,1.853669095470741
6415,7.603742617705256,1.8536458073228388
6416,7.603767126719252,1.8536225353489786
6417,7.603791618726679,1.853599279537917
6418,7.603816093739323,1.8535760398784202
6419,7.603840551768982,1.8535528163592607
6420,7.603864992827445,1.8535296089692188
6421,7.6038894169264815,1.8535064176970846
6422,7.6039138240778685,1.853483242531653
6423,7.603938214293363,1.8534600834617296
6424,7.603962587584723,1.8534369404761253
6425,7.603986943963681,1.8534138135636613
6426,7.604011283441985,1.8533907027131633
6427,7.604035606031361,1.8533676079134684
6428,7.604059911743525,1.8533445291534185
6429,7.604084200590194,1.8533214664218658
6430,7.604108472583063,1.8532984197076685
6431,7.604132727733838,1.8532753889996927
6432,7.604156966054199,1.8532523742868123
6433,7.604181187555832,1.8532293755579103
6434,7.604205392250403,1.8532063928018758
6435,7.604229580149581,1.853183426007606
6436,7.6042537512650155,1.8531604751640065
6437,7.6042779056083525,1.85313754025999
6438,7.604302043191239,1.8531146212844771
6439,7.604326164025299,1.853091718226396
6440,7.604350268122158,1.8530688310746823
6441,7.60437435549343,1.8530459598182807
6442,7.60439842615072,1.8530231044461418
6443,7.604422480105631,1.853000264947225
6444,7.60444651736975,1.8529774413104976
6445,7.604470537954662,1.8529546335249327
6446,7.60449454187194,1.852931841579514
6447,7.604518529133149,1.8529090654632294
6448,7.604542499749855,1.8528863051650786
6449,7.604566453733589,1.852863560674065
6450,7.604590391095921,1.8528408319792027
6451,7.604614311848366,1.852818119069511
6452,7.604638216002461,1.8527954219340186
6453,7.604662103569711,1.852772740561761
6454,7.604685974561641,1.8527500749417818
6455,7.6047098289897415,1.8527274250631314
6456,7.604733666865516,1.8527047909148684
6457,7.6047574882004465,1.8526821724860596
6458,7.604781293006013,1.8526595697657793
6459,7.6048050812936845,1.8526369827431075
6460,7.604828853074923,1.8526144114071337
6461,7.604852608361188,1.8525918557469556
6462,7.6048763471639225,1.8525693157516758
6463,7.604900069494559,1.852546791410407
6464,7.604923775364543,1.8525242827122685
6465,7.604947464785282,1.8525017896463873
6466,7.604971137768205,1.8524793122018972
6467,7.604994794324704,1.8524568503679417
6468,7.605018434466192,1.8524344041336689
6469,7.605042058204048,1.8524119734882365
6470,7.605065665549668,1.8523895584208094
6471,7.6050892565144155,1.8523671589205604
6472,7.6051128311096665,1.8523447749766688
6473,7.605136389346771,1.8523224065783213
6474,7.605159931237091,1.8523000537147136
6475,7.605183456791966,1.8522777163750486
6476,7.605206966022729,1.8522553945485347
6477,7.605230458940712,1.8522330882243898
6478,7.605253935557234,1.8522107973918396
6479,7.605277395883608,1.852188522040116
6480,7.605300839931137,1.852166262158459
6481,7.605324267711116,1.8521440177361161
6482,7.605347679234839,1.8521217887623418
6483,7.605371074513585,1.8520995752263987
6484,7.605394453558622,1.8520773771175567
6485,7.6054178163812205,1.8520551944250931
6486,7.605441162992638,1.852033027138293
6487,7.605464493404121,1.852010875246448
6488,7.605487807626916,1.8519887387388587
6489,7.605511105672252,1.8519666176048308
6490,7.605534387551358,1.85194451183368
6491,7.6055576532754525,1.8519224214147278
6492,7.605580902855745,1.8519003463373038
6493,7.605604136303438,1.851878286590745
6494,7.605627353629731,1.8518562421643963
6495,7.605650554845803,1.8518342130476084
6496,7.605673739962841,1.8518121992297403
6497,7.605696908992011,1.8517902007001603
6498,7.60572006194448,1.8517682174482402
6499,7.605743198831412,1.8517462494633619
6500,7.605766319663938,1.8517242967349143
6501,7.605789424453213,1.851702359252294
6502,7.605812513210369,1.851680437004904
6503,7.605835585946526,1.851658529982156
6504,7.605858642672802,1.8516366381734668
6505,7.605881683400311,1.8516147615682623
6506,7.60590470814015,1.8515929001559763
6507,7.60592771690342,1.8515710539260493
6508,7.605950709701202,1.8515492228679271
6509,7.605973686544577,1.851527406971067
6510,7.605996647444616,1.8515056062249295
6511,7.606019592412387,1.8514838206189854
6512,7.60604252145894,1.851462050142712
6513,7.606065434595326,1.8514402947855917
6514,7.606088331832583,1.8514185545371187
6515,7.6061112131817525,1.8513968293867897
6516,7.606134078653848,1.8513751193241128
6517,7.606156928259894,1.851353424338601
6518,7.6061797620109015,1.8513317444197743
6519,7.606202579917867,1.8513100795571622
6520,7.6062253819917975,1.8512884297402992
6521,7.606248168243668,1.8512667949587278
6522,7.606270938684454,1.8512451752019996
6523,7.606293693325146,1.8512235704596702
6524,7.606316432176693,1.8512019807213052
6525,7.606339155250059,1.851180405976476
6526,7.606361862556191,1.851158846214762
6527,7.606384554106024,1.8511373014257486
6528,7.606407229910504,1.8511157715990307
6529,7.606429889980549,1.8510942567242086
6530,7.6064525343270795,1.8510727567908902
6531,7.606475162961008,1.8510512717886904
6532,7.606497775893234,1.8510298017072329
6533,7.606520373134661,1.8510083465361462
6534,7.606542954696169,1.8509869062650683
6535,7.606565520588646,1.850965480883643
6536,7.606588070822963,1.8509440703815214
6537,7.606610605409979,1.850922674748363
6538,7.606633124360558,1.850901293973832
6539,7.606655627685557,1.8508799280476025
6540,7.60667811539581,1.8508585769593544
6541,7.606700587502155,1.8508372406987752
6542,7.606723044015424,1.8508159192555595
6543,7.60674548494643,1.850794612619409
6544,7.606767910305991,1.8507733207800323
6545,7.606790320104914,1.8507520437271452
6546,7.6068127143539925,1.8507307814504714
6547,7.6068350930640225,1.850709533939742
6548,7.60685745624578,1.8506883011846924
6549,7.606879803910047,1.850667083175069
6550,7.6069021360675935,1.8506458799006225
6551,7.606924452729173,1.8506246913511124
6552,7.606946753905535,1.8506035175163051
6553,7.606969039607444,1.8505823583859728
6554,7.606991309845616,1.8505612139498966
6555,7.607013564630797,1.8505400841978632
6556,7.6070358039737,1.8505189691196677
6557,7.607058027885054,1.8504978687051112
6558,7.607080236375557,1.8504767829440028
6559,7.6071024294559075,1.8504557118261575
6560,7.60712460713681,1.8504346553413993
6561,7.6071467694289465,1.8504136134795581
6562,7.607168916342991,1.8503925862304693
6563,7.60719104788962,1.8503715735839787
6564,7.607213164079494,1.8503505755299374
6565,7.607235264923269,1.8503295920582024
6566,7.607257350431602,1.8503086231586403
6567,7.607279420615127,1.8502876688211225
6568,7.607301475484481,1.850266729035529
6569,7.6073235150502905,1.8502458037917462
6570,7.607345539323177,1.8502248930796676
6571,7.607367548313744,1.8502039968891928
6572,7.6073895420326085,1.8501831152102304
6573,7.6074115204903565,1.850162248032695
6574,7.607433483697593,1.8501413953465076
6575,7.607455431664889,1.850120557141597
6576,7.607477364402824,1.8500997334078988
6577,7.607499281921965,1.850078924135356
6578,7.607521184232869,1.8500581293139178
6579,7.6075430713461,1.8500373489335407
6580,7.6075649432721955,1.8500165829841884
6581,7.607586800021696,1.849995831455832
6582,7.607608641605134,1.8499750943384483
6583,7.607630468033031,1.8499543716220224
6584,7.607652279315911,1.8499336632965455
6585,7.607674075464278,1.8499129693520155
6586,7.6076958564886334,1.8498922897784393
6587,7.607717622399475,1.8498716245658284
6588,7.607739373207286,1.8498509737042017
6589,7.607761108922554,1.8498303371835865
6590,7.607782829555748,1.8498097149940151
6591,7.607804535117334,1.8497891071255284
6592,7.607826225617765,1.849768513568173
6593,7.6078479010675055,1.849747934312003
6594,7.607869561476991,1.8497273693470795
6595,7.607891206856663,1.8497068186634709
6596,7.607912837216943,1.8496862822512508
6597,7.60793445256826,1.849665760100501
6598,7.607956052921029,1.8496452522013112
6599,7.607977638285657,1.8496247585437757
6600,7.607999208672541,1.8496042791179979
6601,7.6080207640920765,1.8495838139140865
6602,7.608042304554653,1.849563362922157
6603,7.608063830070651,1.8495429261323342
6604,7.608085340650433,1.8495225035347462
6605,7.608106836304374,1.8495020951195307
6606,7.608128317042825,1.849481700876831
6607,7.608149782876137,1.8494613207967978
6608,7.608171233814656,1.849440954869588
6609,7.608192669868716,1.8494206030853662
6610,7.608214091048643,1.8494002654343034
6611,7.608235497364765,1.8493799419065775
6612,7.60825688882739,1.8493596324923731
6613,7.608278265446832,1.8493393371818814
6614,7.608299627233383,1.8493190559653019
6615,7.608320974197344,1.8492987888328385
6616,7.608342306348995,1.849278535774704
6617,7.608363623698623,1.8492582967811169
6618,7.608384926256482,1.8492380718423027
6619,7.608406214032852,1.849217860948494
6620,7.60842748703799,1.8491976640899306
6621,7.608448745282135,1.849177481256857
6622,7.608469988775543,1.8491573124395273
6623,7.608491217528443,1.8491371576282012
6624,7.608512431551063,1.8491170168131437
6625,7.608533630853625,1.8490968899846298
6626,7.608554815446345,1.8490767771329377
6627,7.608575985339434,1.8490566782483553
6628,7.608597140543085,1.8490365933211756
6629,7.608618281067499,1.8490165223416986
6630,7.6086394069228565,1.8489964653002313
6631,7.608660518119344,1.8489764221870872
6632,7.608681614667121,1.8489563929925874
6633,7.6087026965763656,1.8489363777070587
6634,7.60872376385723,1.8489163763208343
6635,7.608744816519863,1.8488963888242556
6636,7.608765854574412,1.8488764152076702
6637,7.608786878031014,1.8488564554614317
6638,7.608807886899801,1.8488365095759007
6639,7.608828881190887,1.848816577541445
6640,7.608849860914396,1.8487966593484382
6641,7.608870826080435,1.8487767549872618
6642,7.608891776699106,1.8487568644483037
6643,7.608912712780502,1.8487369877219577
6644,7.6089336343347105,1.8487171247986238
6645,7.6089545413718165,1.8486972756687112
6646,7.60897543390189,1.8486774403226331
6647,7.6089963119349955,1.8486576187508112
6648,7.609017175481202,1.8486378109436727
6649,7.60903802455055,1.8486180168916524
6650,7.609058859153095,1.8485982365851907
6651,7.60907967929887,1.8485784700147347
6652,7.609100484997913,1.8485587171707398
6653,7.6091212762602405,1.8485389780436672
6654,7.609142053095878,1.8485192526239829
6655,7.609162815514832,1.8484995409021616
6656,7.609183563527108,1.8484798428686844
6657,7.609204297142706,1.8484601585140392
6658,7.609225016371613,1.8484404878287193
6659,7.609245721223812,1.8484208308032255
6660,7.609266411709277,1.8484011874280648
6661,7.609287087837982,1.8483815576937517
6662,7.609307749619888,1.848361941590806
6663,7.609328397064952,1.8483423391097553
6664,7.609349030183122,1.848322750241133
6665,7.609369648984334,1.8483031749754801
6666,7.609390253478535,1.8482836133033418
6667,7.609410843675641,1.8482640652152724
6668,7.609431419585578,1.848244530701832
6669,7.6094519812182595,1.8482250097535875
6670,7.609472528583597,1.8482055023611115
6671,7.60949306169148,1.8481860085149835
6672,7.609513580551815,1.8481665282057906
6673,7.609534085174479,1.8481470614241242
6674,7.6095545755693585,1.8481276081605849
6675,7.609575051746322,1.8481081684057776
6676,7.609595513715242,1.8480887421503154
6677,7.6096159614859635,1.848069329384817
6678,7.609636395068353,1.848049930099908
6679,7.609656814472253,1.84803054428622
6680,7.609677219707498,1.848011171934392
6681,7.609697610783928,1.847991813035068
6682,7.609717987711357,1.8479724675789013
6683,7.609738350499611,1.8479531355565482
6684,7.609758699158499,1.8479338169586743
6685,7.609779033697826,1.8479145117759501
6686,7.609799354127388,1.8478952199990537
6687,7.609819660456981,1.847875941618668
6688,7.609839952696383,1.847856676625485
6689,7.609860230855378,1.8478374250102005
6690,7.609880494943729,1.8478181867635182
6691,7.609900744971211,1.8477989618761481
6692,7.609920980947568,1.847779750338807
6693,7.60994120288256,1.8477605521422171
6694,7.609961410785928,1.8477413672771081
6695,7.609981604667404,1.8477221957342156
6696,7.610001784536727,1.847703037504281
6697,7.610021950403611,1.8476838925780543
6698,7.610042102277775,1.8476647609462897
6699,7.610062240168936,1.8476456425997492
6700,7.6100823640867885,1.8476265375292005
6701,7.610102474041036,1.8476074457254184
6702,7.610122570041362,1.8475883671791824
6703,7.6101426520974504,1.8475693018812807
6704,7.610162720218977,1.8475502498225063
6705,7.610182774415615,1.8475312109936606
6706,7.6102028146970255,1.8475121853855483
6707,7.610222841072863,1.8474931729889827
6708,7.610242853552779,1.8474741737947837
6709,7.610262852146412,1.847455187793776
6710,7.610282836863402,1.847436214976792
6711,7.6103028077133805,1.8474172553346702
6712,7.610322764705965,1.8473983088582548
6713,7.610342707850771,1.8473793755383974
6714,7.610362637157407,1.8473604553659548
6715,7.610382552635484,1.8473415483317916
6716,7.61040245429459,1.847322654426778
6717,7.610422342144315,1.8473037736417899
6718,7.610442216194243,1.84728490596771
6719,7.610462076453949,1.847266051395428
6720,7.610481922933006,1.84724720991584
6721,7.610501755640972,1.8472283815198465
6722,7.610521574587408,1.8472095661983567
6723,7.610541379781858,1.8471907639422855
6724,7.610561171233863,1.8471719747425526
6725,7.610580948952966,1.8471531985900866
6726,7.6106007129486875,1.8471344354758195
6727,7.610620463230567,1.8471156853906923
6728,7.610640199808101,1.8470969483256507
6729,7.610659922690816,1.8470782242716464
6730,7.6106796318882,1.8470595132196395
6731,7.610699327409757,1.8470408151605935
6732,7.6107190092649795,1.8470221300854812
6733,7.610738677463348,1.8470034579852788
6734,7.610758332014337,1.8469847988509713
6735,7.610777972927421,1.8469661526735481
6736,7.6107976002120585,1.8469475194440055
6737,7.610817213877709,1.8469288991533466
6738,7.610836813933823,1.8469102917925801
6739,7.610856400389846,1.8468916973527214
6740,7.610875973255213,1.8468731158247913
6741,7.610895532539356,1.8468545471998181
6742,7.610915078251699,1.8468359914688353
6743,7.6109346104016575,1.8468174486228837
6744,7.610954128998647,1.846798918653009
6745,7.610973634052065,1.8467804015502634
6746,7.610993125571319,1.8467618973057072
6747,7.611012603565788,1.8467434059104044
6748,7.611032068044874,1.8467249273554265
6749,7.61105151901794,1.8467064616318505
6750,7.611070956494367,1.8466880087307613
6751,7.6110903804835175,1.8466695686432477
6752,7.611109790994752,1.8466511413604068
6753,7.611129188037418,1.8466327268733396
6754,7.611148571620867,1.846614325173155
6755,7.611167941754439,1.8465959362509683
6756,7.61118729844746,1.8465775600979
6757,7.611206641709266,1.8465591967050772
6758,7.611225971549169,1.8465408460636323
6759,7.611245287976492,1.846522508164706
6760,7.611264591000529,1.8465041829994435
6761,7.61128388063059,1.8464858705589957
6762,7.611303156875971,1.8464675708345208
6763,7.611322419745951,1.8464492838171835
6764,7.6113416692498195,1.8464310094981529
6765,7.61136090539685,1.846412747868606
6766,7.611380128196308,1.8463944989197256
6767,7.611399337657455,1.8463762626426987
6768,7.611418533789551,1.8463580390287215
6769,7.611437716601837,1.8463398280689949
6770,7.611456886103568,1.8463216297547245
6771,7.611476042303969,1.8463034440771242
6772,7.6114951852122745,1.8462852710274138
6773,7.611514314837712,1.8462671105968171
6774,7.611533431189495,1.8462489627765672
6775,7.61155253427683,1.8462308275579002
6776,7.611571624108931,1.8462127049320602
6777,7.611590700694989,1.8461945948902971
6778,7.611609764044192,1.8461764974238664
6779,7.611628814165739,1.8461584125240298
6780,7.611647851068795,1.8461403401820555
6781,7.611666874762535,1.8461222803892183
6782,7.611685885256133,1.8461042331367963
6783,7.611704882558738,1.8460861984160775
6784,7.611723866679512,1.8460681762183535
6785,7.611742837627598,1.8460501665349223
6786,7.611761795412141,1.8460321693570882
6787,7.611780740042267,1.8460141846761622
6788,7.611799671527106,1.84599621248346
6789,7.611818589875788,1.8459782527703041
6790,7.611837495097421,1.8459603055280236
6791,7.6118563872011205,1.845942370747953
6792,7.611875266195976,1.8459244484214326
6793,7.611894132091098,1.8459065385398081
6794,7.611912984895566,1.8458886410944333
6795,7.611931824618472,1.8458707560766663
6796,7.611950651268888,1.8458528834778725
6797,7.611969464855888,1.8458350232894214
6798,7.611988265388537,1.8458171755026906
6799,7.61200705287589,1.845799340109062
6800,7.612025827327005,1.845781517099924
6801,7.612044588750922,1.8457637064666732
6802,7.612063337156682,1.8457459082007082
6803,7.612082072553324,1.8457281222934359
6804,7.612100794949869,1.8457103487362696
6805,7.612119504355342,1.8456925875206267
6806,7.612138200778749,1.845674838637933
6807,7.612156884229113,1.8456571020796184
6808,7.612175554715422,1.845639377837119
6809,7.6121942122466795,1.845621665901878
6810,7.612212856831878,1.8456039662653434
6811,7.612231488479989,1.8455862789189694
6812,7.612250107200001,1.8455686038542165
6813,7.612268713000878,1.8455509410625504
6814,7.612287305891595,1.8455332905354433
6815,7.612305885881092,1.8455156522643745
6816,7.6123244529783385,1.845498026240826
6817,7.612343007192274,1.8454804124562894
6818,7.612361548531839,1.84546281090226
6819,7.612380077005967,1.8454452215702386
6820,7.6123985926235855,1.8454276444517348
6821,7.612417095393616,1.8454100795382602
6822,7.612435585324969,1.8453925268213358
6823,7.612454062426561,1.8453749862924862
6824,7.6124725267072915,1.8453574579432428
6825,7.612490978176052,1.8453399417651426
6826,7.6125094168417435,1.8453224377497288
6827,7.612527842713242,1.8453049458885507
6828,7.612546255799427,1.8452874661731624
6829,7.61256465610917,1.8452699985951257
6830,7.612583043651338,1.8452525431460056
6831,7.61260141843479,1.845235099817376
6832,7.612619780468378,1.8452176686008146
6833,7.612638129760951,1.8452002494879052
6834,7.612656466321354,1.8451828424702386
6835,7.6126747901584135,1.8451654475394101
6836,7.612693101280967,1.8451480646870213
6837,7.612711399697827,1.8451306939046803
6838,7.612729685417817,1.8451133351840001
6839,7.612747958449748,1.8450959885165998
6840,7.612766218802421,1.8450786538941049
6841,7.612784466484638,1.845061331308146
6842,7.6128027015051885,1.84504402075036
6843,7.612820923872855,1.845026722212389
6844,7.612839133596424,1.8450094356858815
6845,7.612857330684666,1.8449921611624918
6846,7.612875515146352,1.8449748986338799
6847,7.612893686990239,1.8449576480917111
6848,7.612911846225085,1.8449404095276574
6849,7.612929992859636,1.8449231829333956
6850,7.6129481269026416,1.8449059683006104
6851,7.612966248362834,1.8448887656209887
6852,7.612984357248948,1.8448715748862259
6853,7.613002453569707,1.844854396088023
6854,7.613020537333831,1.8448372292180861
6855,7.613038608550031,1.8448200742681267
6856,7.613056667227017,1.8448029312298626
6857,7.613074713373487,1.844785800095018
6858,7.613092746998143,1.844768680855322
6859,7.6131107681096655,1.8447515735025093
6860,7.613128776716737,1.8447344780283206
6861,7.613146772828041,1.8447173944245032
6862,7.613164756452242,1.844700322682809
6863,7.613182727598012,1.844683262794996
6864,7.613200686274009,1.8446662147528277
6865,7.613218632488879,1.8446491785480739
6866,7.6132365662512695,1.8446321541725101
6867,7.613254487569827,1.8446151416179168
6868,7.613272396453186,1.8445981408760805
6869,7.613290292909971,1.8445811519387938
6870,7.613308176948809,1.8445641747978556
6871,7.613326048578315,1.8445472094450681
6872,7.6133439078071,1.844530255872242
6873,7.613361754643769,1.844513314071192
6874,7.613379589096921,1.8444963840337392
6875,7.613397411175145,1.8444794657517105
6876,7.613415220887034,1.8444625592169372
6877,7.613433018241165,1.8444456644212575
6878,7.613450803246118,1.8444287813565163
6879,7.613468575910461,1.8444119100145613
6880,7.613486336242748,1.8443950503872475
6881,7.613504084251547,1.8443782024664366
6882,7.6135218199454044,1.8443613662439942
6883,7.6135395433328705,1.8443445417117927
6884,7.613557254422479,1.8443277288617093
6885,7.613574953222763,1.8443109276856273
6886,7.613592639742258,1.8442941381754359
6887,7.613610313989476,1.844277360323029
6888,7.613627975972938,1.8442605941203079
6889,7.613645625701157,1.844243839559177
6890,7.6136632631826275,1.8442270966315486
6891,7.613680888425855,1.8442103653293396
6892,7.613698501439331,1.844193645644473
6893,7.613716102231544,1.8441769375688761
6894,7.6137336908109665,1.8441602410944842
6895,7.613751267186076,1.844143556213236
6896,7.613768831365345,1.8441268829170765
6897,7.613786383357228,1.8441102211979572
6898,7.613803923170196,1.844093571047834
6899,7.613821450812689,1.844076932458669
6900,7.613838966293154,1.8440603054224298
6901,7.613856469620027,1.8440436899310886
6902,7.6138739608017465,1.8440270859766252
6903,7.6138914398467445,1.844010493551024
6904,7.613908906763431,1.8439939126462734
6905,7.61392636156023,1.8439773432543707
6906,7.613943804245553,1.8439607853673154
6907,7.613961234827793,1.8439442389771146
6908,7.613978653315362,1.8439277040757809
6909,7.613996059716644,1.8439111806553317
6910,7.614013454040032,1.8438946687077902
6911,7.614030836293898,1.8438781682251846
6912,7.614048206486621,1.84386167919955
6913,7.6140655646265785,1.843845201622926
6914,7.614082910722122,1.8438287354873584
6915,7.614100244781613,1.8438122807848971
6916,7.6141175668134045,1.8437958375075993
6917,7.614134876825846,1.8437794056475272
6918,7.614152174827269,1.8437629851967479
6919,7.614169460826019,1.8437465761473346
6920,7.614186734830414,1.8437301784913658
6921,7.614203996848785,1.8437137922209255
6922,7.614221246889444,1.8436974173281029
6923,7.614238484960705,1.8436810538049941
6924,7.614255711070871,1.8436647016436996
6925,7.6142729252282395,1.8436483608363239
6926,7.614290127441113,1.8436320313749799
6927,7.614307317717777,1.8436157132517843
6928,7.61432449606651,1.8435994064588594
6929,7.614341662495594,1.8435831109883343
6930,7.614358817013294,1.843566826832341
6931,7.614375959627879,1.8435505539830186
6932,7.6143930903476065,1.8435342924325129
6933,7.614410209180735,1.8435180421729722
6934,7.614427316135506,1.843501803196553
6935,7.61444441122017,1.8434855754954154
6936,7.614461494442955,1.8434693590617257
6937,7.6144785658121,1.8434531538876557
6938,7.614495625335821,1.843436959965383
6939,7.6145126730223485,1.8434207772870892
6940,7.614529708879886,1.8434046058449636
6941,7.61454673291665,1.8433884456311984
6942,7.614563745140836,1.8433722966379935
6943,7.614580745560647,1.8433561588575524
6944,7.6145977341842705,1.8433400322820852
6945,7.614614711019888,1.8433239169038074
6946,7.614631676075688,1.8433078127149387
6947,7.6146486293598405,1.8432917197077061
6948,7.614665570880511,1.84327563787434
6949,7.614682500645867,1.8432595672070777
6950,7.614699418664062,1.843243507698162
6951,7.614716324943251,1.8432274593398394
6952,7.614733219491574,1.8432114221243634
6953,7.6147501023171715,1.8431953960439924
6954,7.6147669734281855,1.84317938109099
6955,7.614783832832744,1.843163377257626
6956,7.614800680538956,1.8431473845361737
6957,7.614817516554954,1.8431314029189139
6958,7.614834340888843,1.8431154323981305
6959,7.614851153548734,1.8430994729661159
6960,7.614867954542722,1.8430835246151662
6961,7.614884743878904,1.8430675873375808
6962,7.61490152156537,1.8430516611256682
6963,7.614918287610207,1.8430357459717392
6964,7.614935042021486,1.8430198418681119
6965,7.614951784807282,1.8430039488071093
6966,7.614968515975665,1.8429880667810585
6967,7.6149852355346965,1.8429721957822938
6968,7.615001943492426,1.8429563358031538
6969,7.615018639856913,1.842940486835982
6970,7.6150353246361915,1.8429246488731283
6971,7.615051997838306,1.8429088219069474
6972,7.615068659471293,1.8428930059297992
6973,7.615085309543174,1.84287720093405
6974,7.615101948061975,1.8428614069120686
6975,7.615118575035714,1.842845623856232
6976,7.615135190472399,1.8428298517589217
6977,7.6151517943800355,1.842814090612524
6978,7.615168386766625,1.842798340409431
6979,7.615184967640158,1.842782601142039
6980,7.615201537008628,1.842766872802752
6981,7.61521809488002,1.8427511553839757
6982,7.6152346412623055,1.8427354488781251
6983,7.615251176163462,1.8427197532776176
6984,7.615267699591453,1.8427040685748768
6985,7.615284211554242,1.8426883947623311
6986,7.615300712059787,1.8426727318324154
6987,7.615317201116025,1.8426570797775688
6988,7.615333678730918,1.8426414385902354
6989,7.615350144912396,1.842625808262866
6990,7.615366599668395,1.8426101887879147
6991,7.615383043006841,1.8425945801578427
6992,7.61539947493566,1.8425789823651153
6993,7.615415895462766,1.842563395402203
6994,7.615432304596071,1.8425478192615832
6995,7.615448702343478,1.8425322539357354
6996,7.615465088712898,1.8425166994171474
6997,7.615481463712218,1.8425011556983106
6998,7.615497827349329,1.842485622771722
6999,7.615514179632112,1.842470100629884
7000,7.615530520568453,1.8424545892653041
7001,7.6155468501662185,1.8424390886704942
7002,7.6155631684332805,1.842423598837973
7003,7.615579475377501,1.8424081197602633
7004,7.6155957710067375,1.8423926514298936
7005,7.615612055328838,1.8423771938393971
7006,7.615628328351651,1.842361746981312
7007,7.615644590083014,1.842346310848183
7008,7.6156608405307615,1.842330885432559
7009,7.615677079702731,1.842315470726993
7010,7.61569330760674,1.842300066724046
7011,7.6157095242506125,1.842284673416282
7012,7.615725729642152,1.84226929079627
7013,7.61574192378918,1.8422539188565867
7014,7.61575810669949,1.84223855758981
7015,7.6157742783808775,1.8422232069885265
7016,7.6157904388411435,1.842207867045326
7017,7.615806588088062,1.8421925377528048
7018,7.615822726129426,1.8421772191035624
7019,7.615838852973004,1.8421619110902059
7020,7.615854968626563,1.842146613705345
7021,7.6158710730978765,1.8421313269415969
7022,7.615887166394701,1.8421160507915824
7023,7.615903248524783,1.842100785247928
7024,7.615919319495881,1.8420855303032646
7025,7.615935379315733,1.8420702859502298
7026,7.61595142799208,1.842055052181465
7027,7.6159674655326555,1.8420398289896163
7028,7.615983491945177,1.8420246163673375
7029,7.6159995072373725,1.8420094143072838
7030,7.616015511416962,1.8419942228021184
7031,7.616031504491651,1.8419790418445086
7032,7.61604748646915,1.841963871427126
7033,7.616063457357154,1.8419487115426496
7034,7.616079417163358,1.8419335621837605
7035,7.616095365895459,1.8419184233431471
7036,7.616111303561131,1.8419032950135021
7037,7.616127230168061,1.8418881771875237
7038,7.616143145723922,1.8418730698579142
7039,7.6161590502363765,1.8418579730173819
7040,7.61617494371309,1.8418428866586398
7041,7.616190826161725,1.841827810774406
7042,7.616206697589925,1.8418127453574038
7043,7.6162225580053455,1.841797690400362
7044,7.616238407415627,1.8417826458960131
7045,7.616254245828399,1.8417676118370956
7046,7.616270073251299,1.8417525882163537
7047,7.616285889691952,1.841737575026535
7048,7.616301695157976,1.841722572260393
7049,7.616317489656991,1.8417075799106872
7050,7.616333273196598,1.8416925979701806
7051,7.616349045784409,1.8416776264316412
7052,7.616364807428023,1.8416626652878438
7053,7.616380558135035,1.8416477145315666
7054,7.61639629791303,1.8416327741555936
7055,7.616412026769588,1.8416178441527131
7056,7.6164277447123006,1.8416029245157186
7057,7.616443451748727,1.8415880152374096
7058,7.616459147886442,1.8415731163105893
7059,7.616474833133006,1.8415582277280673
7060,7.616490507495984,1.841543349482656
7061,7.6165061709829125,1.8415284815671753
7062,7.616521823601354,1.8415136239744487
7063,7.616537465358838,1.8414987766973046
7064,7.616553096262908,1.8414839397285774
7065,7.616568716321094,1.841469113061105
7066,7.616584325540921,1.8414542966877316
7067,7.6165999239299085,1.8414394906013059
7068,7.616615511495575,1.8414246947946808
7069,7.61663108824543,1.841409909260717
7070,7.616646654186972,1.8413951339922754
7071,7.616662209327712,1.8413803689822266
7072,7.616677753675132,1.841365614223443
7073,7.6166932872367346,1.8413508697088037
7074,7.616708810019992,1.8413361354311917
7075,7.616724322032394,1.8413214113834953
7076,7.616739823281408,1.8413066975586079
7077,7.616755313774502,1.8412919939494286
7078,7.616770793519144,1.8412773005488592
7079,7.6167862625227905,1.841262617349809
7080,7.616801720792889,1.8412479443451906
7081,7.616817168336896,1.8412332815279215
7082,7.616832605162248,1.8412186288909254
7083,7.616848031276385,1.8412039864271301
7084,7.61686344668674,1.8411893541294682
7085,7.616878851400739,1.8411747319908767
7086,7.616894245425807,1.8411601200042993
7087,7.616909628769361,1.8411455181626823
7088,7.616925001438803,1.84113092645898
7089,7.616940363441552,1.8411163448861474
7090,7.616955714785003,1.8411017734371482
7091,7.616971055476554,1.841087212104949
7092,7.616986385523602,1.8410726608825216
7093,7.617001704933522,1.8410581197628437
7094,7.617017013713703,1.841043588738896
7095,7.617032311871517,1.8410290678036658
7096,7.617047599414334,1.8410145569501444
7097,7.617062876349528,1.8410000561713282
7098,7.617078142684454,1.8409855654602185
7099,7.617093398426457,1.8409710848098215
7100,7.617108643582905,1.8409566142131482
7101,7.617123878161134,1.8409421536632142
7102,7.617139102168488,1.8409277031530402
7103,7.617154315612295,1.8409132626756521
7104,7.617169518499894,1.84089883222408
7105,7.617184710838604,1.8408844117913594
7106,7.6171998926357425,1.84087000137053
7107,7.617215063898636,1.8408556009546373
7108,7.617230224634581,1.8408412105367309
7109,7.617245374850885,1.8408268301098651
7110,7.617260514554857,1.8408124596670994
7111,7.617275643753775,1.8407980992014983
7112,7.6172907624549415,1.840783748706131
7113,7.617305870665637,1.8407694081740709
7114,7.617320968393141,1.8407550775983972
7115,7.617336055644727,1.8407407569721934
7116,7.617351132427663,1.8407264462885475
7117,7.6173661987492185,1.8407121455405533
7118,7.617381254616642,1.840697854721308
7119,7.617396300037198,1.8406835738239145
7120,7.617411335018131,1.8406693028414807
7121,7.617426359566685,1.840655041767119
7122,7.617441373690097,1.8406407905939466
7123,7.617456377395609,1.8406265493150842
7124,7.61747137069044,1.8406123179236606
7125,7.6174863535818185,1.840598096412805
7126,7.6175013260769635,1.8405838847756557
7127,7.617516288183089,1.8405696830053524
7128,7.617531239907401,1.8405554910950421
7129,7.61754618125711,1.8405413090378737
7130,7.617561112239407,1.8405271368270035
7131,7.617576032861485,1.8405129744555926
7132,7.6175909431305415,1.840498821916804
7133,7.617605843053757,1.8404846792038076
7134,7.617620732638305,1.8404705463097797
7135,7.617635611891364,1.8404564232278968
7136,7.617650480820108,1.8404423099513445
7137,7.617665339431693,1.840428206473311
7138,7.61768018773328,1.8404141127869886
7139,7.617695025732023,1.8404000288855769
7140,7.617709853435065,1.8403859547622774
7141,7.6177246708495705,1.8403718904102986
7142,7.617739477982655,1.8403578358228523
7143,7.617754274841464,1.8403437909931553
7144,7.6177690614331235,1.84032975591443
7145,7.617783837764762,1.8403157305799014
7146,7.617798603843495,1.8403017149828014
7147,7.617813359676441,1.8402877091163665
7148,7.617828105270701,1.840273712973836
7149,7.617842840633389,1.840259726548456
7150,7.617857565771598,1.8402457498334759
7151,7.617872280692428,1.84023178282215
7152,7.617886985402962,1.8402178255077386
7153,7.617901679910295,1.8402038778835048
7154,7.617916364221496,1.8401899399427177
7155,7.6179310383436425,1.8401760116786505
7156,7.617945702283813,1.840162093084581
7157,7.617960356049063,1.8401481841537923
7158,7.617974999646458,1.8401342848795716
7159,7.617989633083048,1.840120395255211
7160,7.618004256365889,1.840106515274007
7161,7.618018869502026,1.8400926449292605
7162,7.618033472498495,1.840078784214279
7163,7.6180480653623395,1.8400649331223717
7164,7.618062648100583,1.8400510916468547
7165,7.618077220720252,1.8400372597810475
7166,7.618091783228376,1.8400234375182751
7167,7.618106335631957,1.8400096248518663
7168,7.618120877938024,1.8399958217751557
7169,7.618135410153572,1.8399820282814812
7170,7.618149932285603,1.8399682443641858
7171,7.618164444341118,1.8399544700166182
7172,7.618178946327104,1.83994070523213
7173,7.618193438250557,1.839926950004079
7174,7.618207920118446,1.839913204325826
7175,7.618222391937761,1.8398994681907377
7176,7.618236853715471,1.839885741592185
7177,7.618251305458539,1.8398720245235438
7178,7.618265747173927,1.8398583169781928
7179,7.618280178868603,1.8398446189495183
7180,7.618294600549514,1.8398309304309086
7181,7.618309012223608,1.8398172514157582
7182,7.61832341389783,1.8398035818974656
7183,7.618337805579116,1.8397899218694334
7184,7.618352187274403,1.8397762713250692
7185,7.618366558990619,1.839762630257786
7186,7.618380920734691,1.8397489986610003
7187,7.618395272513535,1.8397353765281335
7188,7.618409614334067,1.8397217638526115
7189,7.618423946203196,1.8397081606278642
7190,7.6184382681278295,1.8396945668473281
7191,7.618452580114868,1.8396809825044413
7192,7.618466882171203,1.8396674075926498
7193,7.618481174303729,1.8396538421054018
7194,7.6184954565193355,1.8396402860361503
7195,7.6185097288248915,1.8396267393783534
7196,7.618523991227281,1.8396132021254732
7197,7.6185382437333775,1.839599674270978
7198,7.618552486350052,1.8395861558083373
7199,7.618566719084155,1.839572646731029
7200,7.618580941942553,1.8395591470325328
7201,7.618595154932094,1.8395456567063337
7202,7.6186093580596275,1.8395321757459224
7203,7.618623551331996,1.8395187041447927
7204,7.618637734756039,1.839505241896443
7205,7.618651908338587,1.8394917889943765
7206,7.618666072086475,1.8394783454321018
7207,7.61868022600652,1.8394649112031307
7208,7.618694370105546,1.8394514863009799
7209,7.6187085043903675,1.8394380707191704
7210,7.6187226288677925,1.8394246644512289
7211,7.618736743544627,1.839411267490685
7212,7.618750848427671,1.839397879831074
7213,7.618764943523723,1.839384501465935
7214,7.618779028839574,1.8393711323888111
7215,7.618793104382008,1.8393577725932522
7216,7.618807170157801,1.8393444220728101
7217,7.618821226173739,1.839331080821042
7218,7.618835272436593,1.83931774883151
7219,7.618849308953128,1.83930442609778
7220,7.618863335730108,1.8392911126134228
7221,7.618877352774292,1.839277808372014
7222,7.618891360092425,1.8392645133671324
7223,7.618905357691271,1.839251227592363
7224,7.618919345577565,1.8392379510412942
7225,7.618933323758044,1.8392246837075177
7226,7.618947292239449,1.8392114255846324
7227,7.618961251028507,1.8391981766662404
7228,7.61897520013194,1.8391849369459476
7229,7.618989139556478,1.8391717064173645
7230,7.619003069308828,1.8391584850741063
7231,7.619016989395708,1.8391452729097935
7232,7.619030899823821,1.8391320699180498
7233,7.619044800599864,1.8391188760925032
7234,7.619058691730548,1.839105691426788
7235,7.619072573222555,1.8390925159145408
7236,7.619086445082574,1.8390793495494036
7237,7.619100307317291,1.8390661923250224
7238,7.619114159933387,1.839053044235048
7239,7.61912800293753,1.8390399052731359
7240,7.6191418363363965,1.8390267754329452
7241,7.619155660136646,1.83901365470814
7242,7.619169474344946,1.8390005430923886
7243,7.619183278967942,1.8389874405793638
7244,7.619197074012289,1.838974347162743
7245,7.619210859484641,1.8389612628362069
7246,7.619224635391627,1.8389481875934421
7247,7.619238401739897,1.8389351214281386
7248,7.619252158536073,1.8389220643339919
7249,7.619265905786792,1.8389090163047
7250,7.619279643498669,1.838895977333967
7251,7.619293371678331,1.8388829474155004
7252,7.61930709033239,1.8388699265430128
7253,7.619320799467446,1.8388569147102207
7254,7.619334499090118,1.8388439119108442
7255,7.619348189206998,1.83883091813861
7256,7.6193618698246866,1.8388179333872472
7257,7.619375540949773,1.83880495765049
7258,7.619389202588842,1.8387919909220758
7259,7.6194028547484836,1.8387790331957488
7260,7.619416497435261,1.8387660844652551
7261,7.619430130655762,1.838753144724347
7262,7.619443754416548,1.8387402139667794
7263,7.619457368724183,1.838727292186314
7264,7.619470973585231,1.838714379376713
7265,7.619484569006239,1.838701475531747
7266,7.619498154993763,1.8386885806451883
7267,7.619511731554347,1.8386756947108143
7268,7.619525298694533,1.8386628177224074
7269,7.61953885642086,1.8386499496737534
7270,7.619552404739853,1.8386370905586427
7271,7.619565943658049,1.8386242403708708
7272,7.619579473181962,1.8386113991042359
7273,7.619592993318114,1.838598566752541
7274,7.619606504073019,1.8385857433095951
7275,7.619620005453193,1.8385729287692094
7276,7.61963349746513,1.8385601231252005
7277,7.6196469801153395,1.8385473263713887
7278,7.6196604534103125,1.8385345385015992
7279,7.619673917356538,1.8385217595096612
7280,7.619687371960507,1.8385089893894078
7281,7.619700817228708,1.8384962281346766
7282,7.619714253167606,1.8384834757393111
7283,7.619727679783682,1.8384707321971558
7284,7.619741097083408,1.838457997502063
7285,7.619754505073238,1.8384452716478858
7286,7.619767903759642,1.8384325546284852
7287,7.619781293149074,1.8384198464377233
7288,7.619794673247978,1.8384071470694683
7289,7.619808044062808,1.8383944565175925
7290,7.6198214056000015,1.8383817747759708
7291,7.619834757866001,1.8383691018384858
7292,7.619848100867236,1.8383564376990202
7293,7.619861434610132,1.838343782351464
7294,7.619874759101121,1.8383311357897105
7295,7.619888074346617,1.8383184980076572
7296,7.619901380353039,1.8383058689992056
7297,7.619914677126792,1.8382932487582613
7298,7.619927964674291,1.8382806372787357
7299,7.619941243001932,1.8382680345545415
7300,7.619954512116114,1.8382554405795988
7301,7.619967772023231,1.83824285534783
7302,7.619981022729669,1.838230278853162
7303,7.619994264241819,1.838217711089527
7304,7.620007496566049,1.8382051520508593
7305,7.620020719708742,1.8381926017310997
7306,7.6200339336762655,1.8381800601241916
7307,7.620047138474994,1.8381675272240834
7308,7.62006033411128,1.8381550030247276
7309,7.620073520591486,1.838142487520081
7310,7.620086697921964,1.8381299807041036
7311,7.620099866109064,1.8381174825707616
7312,7.620113025159132,1.8381049931140234
7313,7.620126175078499,1.8380925123278626
7314,7.620139315873514,1.8380800402062565
7315,7.620152447550498,1.8380675767431875
7316,7.620165570115784,1.8380551219326413
7317,7.620178683575691,1.8380426757686081
7318,7.620191787936536,1.8380302382450817
7319,7.620204883204635,1.838017809356061
7320,7.620217969386299,1.8380053890955492
7321,7.620231046487829,1.8379929774575527
7322,7.620244114515529,1.8379805744360822
7323,7.620257173475691,1.8379681800251535
7324,7.620270223374608,1.837955794218785
7325,7.620283264218571,1.8379434170110016
7326,7.620296296013867,1.837931048395829
7327,7.620309318766759,1.8379186883673009
7328,7.620322332483538,1.837906336919452
7329,7.620335337170463,1.837893994046323
7330,7.620348332833802,1.8378816597419585
7331,7.620361319479825,1.8378693340004053
7332,7.620374297114781,1.8378570168157176
7333,7.620387265744917,1.837844708181952
7334,7.620400225376493,1.837832408093168
7335,7.620413176015745,1.8378201165434311
7336,7.620426117668921,1.8378078335268113
7337,7.620439050342244,1.8377955590373805
7338,7.620451974041956,1.8377832930692166
7339,7.620464888774278,1.8377710356164005
7340,7.620477794545432,1.8377587866730178
7341,7.620490691361639,1.8377465462331588
7342,7.620503579229109,1.8377343142909168
7343,7.620516458154058,1.83772209084039
7344,7.620529328142687,1.8377098758756787
7345,7.620542189201195,1.8376976693908917
7346,7.620555041335779,1.8376854713801372
7347,7.6205678845526315,1.8376732818375299
7348,7.6205807188579415,1.837661100757188
7349,7.620593544257895,1.8376489281332347
7350,7.620606360758665,1.8376367639597948
7351,7.62061916836643,1.8376246082310006
7352,7.620631967087365,1.8376124609409863
7353,7.620644756927627,1.8376003220838903
7354,7.6206575378933845,1.8375881916538555
7355,7.6206703099907935,1.8375760696450292
7356,7.62068307322601,1.8375639560515615
7357,7.620695827605181,1.8375518508676085
7358,7.620708573134449,1.8375397540873282
7359,7.620721309819962,1.8375276657048851
7360,7.620734037667853,1.8375155857144452
7361,7.620746756684249,1.8375035141101805
7362,7.620759466875286,1.8374914508862656
7363,7.620772168247081,1.8374793960368805
7364,7.620784860805759,1.8374673495562086
7365,7.620797544557431,1.8374553114384375
7366,7.620810219508211,1.8374432816777573
7367,7.620822885664206,1.8374312602683653
7368,7.620835543031518,1.83741924720446
7369,7.620848191616241,1.8374072424802455
7370,7.620860831424477,1.8373952460899297
7371,7.6208734624623125,1.8373832580277236
7372,7.62088608473583,1.8373712782878435
7373,7.6208986982511115,1.8373593068645084
7374,7.620911303014239,1.8373473437519423
7375,7.6209238990312835,1.837335388944373
7376,7.620936486308308,1.8373234424360325
7377,7.620949064851384,1.8373115042211565
7378,7.620961634666569,1.8372995742939844
7379,7.62097419575992,1.8372876526487598
7380,7.620986748137491,1.8372757392797314
7381,7.620999291805324,1.8372638341811505
7382,7.621011826769467,1.8372519373472724
7383,7.621024353035958,1.8372400487723575
7384,7.621036870610829,1.837228168450669
7385,7.621049379500118,1.8372162963764753
7386,7.62106187970985,1.8372044325440477
7387,7.6210743712460385,1.8371925769476622
7388,7.6210868541147185,1.8371807295815978
7389,7.621099328321884,1.8371688904401389
7390,7.6211117938735615,1.837157059517573
7391,7.621124250775753,1.8371452368081915
7392,7.621136699034455,1.8371334223062898
7393,7.621149138655672,1.8371216160061685
7394,7.62116156964539,1.8371098179021297
7395,7.621173992009603,1.8370980279884814
7396,7.621186405754299,1.8370862462595359
7397,7.62119881088545,1.8370744727096069
7398,7.621211207409037,1.8370627073330148
7399,7.6212235953310365,1.837050950124083
7400,7.621235974657413,1.8370392010771386
7401,7.621248345394135,1.837027460186512
7402,7.621260707547155,1.8370157274465393
7403,7.621273061122437,1.8370040028515593
7404,7.621285406125926,1.836992286395914
7405,7.621297742563576,1.8369805780739525
7406,7.621310070441322,1.8369688778800235
7407,7.621322389765119,1.836957185808482
7408,7.621334700540888,1.8369455018536889
7409,7.621347002774564,1.836933826010004
7410,7.621359296472078,1.8369221582717954
7411,7.621371581639353,1.8369104986334333
7412,7.621383858282298,1.836898847089292
7413,7.621396126406839,1.8368872036337491
7414,7.621408386018886,1.836875568261188
7415,7.621420637124343,1.8368639409659935
7416,7.621432879729105,1.836852321742557
7417,7.621445113839085,1.836840710585271
7418,7.621457339460166,1.836829107488535
7419,7.621469556598246,1.8368175124467492
7420,7.621481765259202,1.8368059254543199
7421,7.621493965448929,1.8367943465056562
7422,7.621506157173296,1.8367827755951711
7423,7.6215183404381746,1.8367712127172826
7424,7.621530515249444,1.8367596578664114
7425,7.62154268161296,1.8367481110369825
7426,7.621554839534593,1.8367365722234257
7427,7.621566989020193,1.8367250414201723
7428,7.621579130075622,1.8367135186216597
7429,7.6215912627067235,1.8367020038223278
7430,7.621603386919344,1.8366904970166218
7431,7.621615502719325,1.8366789981989897
7432,7.621627610112502,1.8366675073638827
7433,7.621639709104712,1.8366560245057577
7434,7.621651799701785,1.836644549619074
7435,7.6216638819095435,1.8366330826982953
7436,7.621675955733807,1.83662162373789
7437,7.621688021180397,1.8366101727323276
7438,7.621700078255122,1.8365987296760842
7439,7.621712126963794,1.8365872945636388
7440,7.6217241673122205,1.836575867389475
7441,7.621736199306197,1.8365644481480785
7442,7.621748222951521,1.8365530368339396
7443,7.6217602382539935,1.8365416334415534
7444,7.621772245219392,1.8365302379654178
7445,7.621784243853511,1.8365188504000347
7446,7.621796234162129,1.8365074707399105
7447,7.621808216151014,1.8364960989795538
7448,7.62182018982595,1.8364847351134783
7449,7.6218321551927035,1.836473379136202
7450,7.621844112257035,1.8364620310422453
7451,7.621856061024709,1.8364506908261335
7452,7.621868001501482,1.8364393584823953
7453,7.621879933693102,1.836428034005562
7454,7.621891857605331,1.8364167173901718
7455,7.621903773243896,1.836405408630764
7456,7.621915680614557,1.836394107721882
7457,7.621927579723038,1.836382814658074
7458,7.621939470575074,1.8363715294338911
7459,7.6219513531763905,1.8363602520438886
7460,7.621963227532723,1.8363489824826258
7461,7.6219750936497865,1.8363377207446656
7462,7.621986951533296,1.8363264668245738
7463,7.621998801188968,1.8363152207169224
7464,7.6220106426225085,1.8363039824162841
7465,7.62202247583963,1.8362927519172374
7466,7.622034300846022,1.8362815292143633
7467,7.622046117647393,1.8362703143022485
7468,7.622057926249428,1.8362591071754812
7469,7.622069726657821,1.836247907828655
7470,7.622081518878255,1.8362367162563664
7471,7.622093302916415,1.836225532453216
7472,7.622105078777973,1.8362143564138078
7473,7.622116846468607,1.83620318813275
7474,7.622128605993987,1.8361920276046542
7475,7.622140357359777,1.8361808748241366
7476,7.622152100571637,1.8361697297858153
7477,7.6221638356352255,1.8361585924843138
7478,7.622175562556205,1.8361474629142591
7479,7.622187281340208,1.8361363410702807
7480,7.622198991992897,1.8361252269470145
7481,7.622210694519904,1.8361141205390974
7482,7.62222238892687,1.8361030218411702
7483,7.622234075219436,1.83609193084788
7484,7.622245753403224,1.8360808475538746
7485,7.6222574234838625,1.8360697719538068
7486,7.622269085466975,1.8360587040423346
7487,7.622280739358183,1.836047643814116
7488,7.622292385163095,1.836036591263817
7489,7.622304022887325,1.836025546386104
7490,7.622315652536484,1.8360145091756488
7491,7.622327274116171,1.836003479627127
7492,7.62233888763198,1.835992457735216
7493,7.622350493089518,1.8359814434945994
7494,7.622362090494369,1.835970436899963
7495,7.62237367985212,1.835959437945997
7496,7.622385261168361,1.8359484466273943
7497,7.6223968344486615,1.8359374629388532
7498,7.622408399698608,1.8359264868750735
7499,7.622419956923771,1.8359155184307598
7500,7.622431506129709,1.8359045576006217
7501,7.622443047321998,1.8358936043793697
7502,7.622454580506192,1.83588265876172
7503,7.622466105687849,1.8358717207423927
7504,7.622477622872525,1.835860790316109
7505,7.622489132065765,1.8358498674775972
7506,7.6225006332731144,1.8358389522215872
7507,7.622512126500115,1.8358280445428126
7508,7.622523611752307,1.8358171444360112
7509,7.6225350890352175,1.8358062518959244
7510,7.622546558354385,1.835795366917297
7511,7.622558019715324,1.8357844894948783
7512,7.62256947312357,1.8357736196234193
7513,7.62258091858463,1.8357627572976774
7514,7.6225923561040245,1.835751902512411
7515,7.622603785687259,1.8357410552623836
7516,7.622615207339847,1.8357302155423618
7517,7.622626621067288,1.8357193833471164
7518,7.62263802687508,1.835708558671422
7519,7.62264942476872,1.8356977415100553
7520,7.622660814753697,1.8356869318577989
7521,7.622672196835501,1.8356761297094364
7522,7.622683571019615,1.8356653350597576
7523,7.6226949373115245,1.835654547903554
7524,7.622706295716693,1.8356437682356217
7525,7.622717646240602,1.8356329960507602
7526,7.622728988888722,1.8356222313437724
7527,7.622740323666512,1.8356114741094658
7528,7.622751650579437,1.8356007243426495
7529,7.62276296963295,1.8355899820381385
7530,7.622774280832512,1.8355792471907497
7531,7.62278558418356,1.8355685197953038
7532,7.622796879691552,1.835557799846627
7533,7.622808167361927,1.835547087339547
7534,7.622819447200124,1.8355363822688946
7535,7.62283071921157,1.835525684629507
7536,7.622841983401704,1.8355149944162221
7537,7.622853239775951,1.8355043116238832
7538,7.622864488339735,1.8354936362473362
7539,7.622875729098473,1.8354829682814315
7540,7.622886962057585,1.8354723077210222
7541,7.622898187222478,1.8354616545609648
7542,7.62290940459856,1.8354510087961207
7543,7.6229206141912424,1.8354403704213536
7544,7.622931816005918,1.835429739431532
7545,7.62294301004799,1.8354191158215258
7546,7.62295419632285,1.8354084995862112
7547,7.622965374835881,1.835397890720466
7548,7.622976545592474,1.8353872892191723
7549,7.6229877085980196,1.8353766950772155
7550,7.622998863857882,1.835366108289485
7551,7.623010011377441,1.8353555288508738
7552,7.623021151162069,1.835344956756276
7553,7.623032283217133,1.8353343920005947
7554,7.623043407547993,1.8353238345787304
7555,7.623054524160011,1.835313284485591
7556,7.623065633058546,1.835302741716087
7557,7.623076734248944,1.8352922062651322
7558,7.6230878277365575,1.8352816781276442
7559,7.623098913526728,1.8352711572985436
7560,7.623109991624804,1.8352606437727546
7561,7.623121062036113,1.8352501375452068
7562,7.6231321247659976,1.8352396386108303
7563,7.623143179819779,1.8352291469645603
7564,7.623154227202792,1.8352186626013358
7565,7.623165266920355,1.8352081855160989
7566,7.623176298977784,1.8351977157037949
7567,7.623187323380402,1.8351872531593738
7568,7.6231983401335155,1.835176797877787
7569,7.623209349242427,1.8351663498539916
7570,7.623220350712452,1.8351559090829472
7571,7.623231344548884,1.8351454755596166
7572,7.623242330757022,1.8351350492789669
7573,7.623253309342159,1.8351246302359683
7574,7.623264280309578,1.8351142184255935
7575,7.623275243664574,1.835103813842821
7576,7.623286199412429,1.8350934164826305
7577,7.623297147558416,1.8350830263400075
7578,7.623308088107809,1.8350726434099383
7579,7.6233190210658845,1.8350622676874135
7580,7.623329946437903,1.835051899167429
7581,7.623340864229137,1.8350415378449827
7582,7.6233517744448385,1.8350311837150757
7583,7.62336267709027,1.8350208367727137
7584,7.623373572170682,1.8350104970129046
7585,7.623384459691324,1.8350001644306602
7586,7.62339533965744,1.8349898390209967
7587,7.623406212074274,1.834979520778932
7588,7.623417076947065,1.8349692096994892
7589,7.623427934281044,1.834958905777695
7590,7.623438784081449,1.8349486090085767
7591,7.6234496263534925,1.8349383193871678
7592,7.6234604611024155,1.8349280369085053
7593,7.623471288333429,1.8349177615676278
7594,7.623482108051748,1.8349074933595788
7595,7.623492920262596,1.8348972322794046
7596,7.6235037249711715,1.834886978322156
7597,7.6235145221826786,1.834876731482886
7598,7.623525311902332,1.83486649175665
7599,7.6235360941353205,1.8348562591385105
7600,7.623546868886838,1.8348460336235304
7601,7.623557636162082,1.8348358152067765
7602,7.623568395966235,1.8348256038833195
7603,7.62357914830448,1.8348153996482335
7604,7.623589893182005,1.8348052024965962
7605,7.623600630603981,1.834795012423488
7606,7.62361136057558,1.8347848294239932
7607,7.623622083101975,1.8347746534932001
7608,7.623632798188333,1.834764484626199
7609,7.623643505839814,1.8347543228180847
7610,7.623654206061575,1.8347441680639556
7611,7.623664898858775,1.834734020358912
7612,7.623675584236569,1.8347238796980598
7613,7.623686262200094,1.834713746076506
7614,7.623696932754499,1.8347036194893633
7615,7.623707595904931,1.8346934999317457
7616,7.623718251656523,1.8346833873987725
7617,7.623728900014413,1.8346732818855638
7618,7.623739540983721,1.8346631833872464
7619,7.623750174569587,1.8346530918989479
7620,7.623760800777128,1.834643007415801
7621,7.623771419611458,1.8346329299329391
7622,7.623782031077702,1.8346228594455032
7623,7.623792635180966,1.8346127959486338
7624,7.623803231926363,1.8346027394374766
7625,7.623813821319001,1.8345926899071812
7626,7.623824403363976,1.8345826473528983
7627,7.6238349780663865,1.8345726117697847
7628,7.623845545431334,1.8345625831529981
7629,7.6238561054639025,1.8345525614977025
7630,7.62386665816918,1.8345425467990615
7631,7.623877203552261,1.8345325390522451
7632,7.623887741618212,1.8345225382524257
7633,7.6238982723721165,1.8345125443947796
7634,7.6239087958190535,1.8345025574744838
7635,7.6239193119640865,1.8344925774867222
7636,7.623929820812275,1.8344826044266809
7637,7.623940322368703,1.8344726382895482
7638,7.623950816638414,1.8344626790705167
7639,7.6239613036264675,1.834452726764782
7640,7.623971783337916,1.8344427813675435
7641,7.623982255777808,1.8344328428740038
7642,7.623992720951191,1.834422911279368
7643,7.6240031788631075,1.8344129865788452
7644,7.624013629518591,1.834403068767649
7645,7.624024072922685,1.834393157840994
7646,7.624034509080416,1.8343832537940996
7647,7.624044937996809,1.8343733566221887
7648,7.624055359676892,1.8343634663204866
7649,7.624065774125691,1.8343535828842221
7650,7.624076181348214,1.8343437063086283
7651,7.624086581349484,1.8343338365889401
7652,7.624096974134502,1.8343239737203965
7653,7.6241073597082885,1.834314117698241
7654,7.624117738075833,1.8343042685177176
7655,7.624128109242143,1.8342944261740761
7656,7.624138473212216,1.834284590662569
7657,7.624148829991045,1.8342747619784512
7658,7.624159179583614,1.8342649401169815
7659,7.6241695219949195,1.8342551250734223
7660,7.624179857229934,1.834245316843039
7661,7.624190185293644,1.8342355154211
7662,7.624200506191023,1.8342257208028774
7663,7.624210819927043,1.834215932983647
7664,7.624221126506676,1.8342061519586867
7665,7.624231425934886,1.8341963777232784
7666,7.624241718216632,1.834186610272707
7667,7.62425200335688,1.8341768496022612
7668,7.624262281360576,1.8341670957072334
7669,7.62427255223268,1.8341573485829168
7670,7.6242828159781375,1.8341476082246109
7671,7.624293072601889,1.8341378746276171
7672,7.624303322108886,1.8341281477872398
7673,7.624313564504056,1.8341184276987876
7674,7.62432379979234,1.83410871435757
7675,7.6243340279786675,1.8340990077589037
7676,7.624344249067969,1.8340893078981049
7677,7.624354463065166,1.8340796147704956
7678,7.624364669975181,1.8340699283713997
7679,7.624374869802927,1.8340602486961448
7680,7.624385062553324,1.8340505757400614
7681,7.624395248231283,1.8340409094984842
7682,7.624405426841712,1.8340312499667493
7683,7.624415598389504,1.834021597140198
7684,7.624425762879571,1.8340119510141746
7685,7.62443592031681,1.8340023115840252
7686,7.62444607070611,1.8339926788450998
7687,7.624456214052364,1.8339830527927519
7688,7.624466350360461,1.833973433422339
7689,7.624476479635275,1.8339638207292206
7690,7.6244866018816975,1.8339542147087595
7691,7.6244967171046,1.833944615356323
7692,7.62450682530886,1.8339350226672795
7693,7.624516926499341,1.833925436637002
7694,7.624527020680915,1.8339158572608671
7695,7.62453710785844,1.833906284534253
7696,7.624547188036782,1.8338967184525437
7697,7.6245572612207955,1.8338871590111232
7698,7.624567327415332,1.8338776062053816
7699,7.624577386625243,1.8338680600307096
7700,7.624587438855375,1.833858520482504
7701,7.624597484110572,1.8338489875561617
7702,7.624607522395666,1.8338394612470856
7703,7.624617553715503,1.83382994155068
7704,7.624627578074915,1.833820428462353
7705,7.624637595478725,1.8338109219775154
7706,7.624647605931768,1.8338014220915824
7707,7.624657609438864,1.8337919287999709
7708,7.624667606004825,1.8337824420981026
7709,7.624677595634476,1.8337729619814003
7710,7.624687578332628,1.8337634884452916
7711,7.62469755410409,1.833754021485207
7712,7.624707522953669,1.8337445610965806
7713,7.624717484886169,1.8337351072748473
7714,7.624727439906383,1.8337256600154492
7715,7.624737388019112,1.8337162193138268
7716,7.6247473292291525,1.8337067851654287
7717,7.62475726354129,1.8336973575657025
7718,7.62476719096031,1.833687936510102
7719,7.624777111490998,1.833678521994082
7720,7.624787025138133,1.8336691140131014
7721,7.62479693190649,1.8336597125626224
7722,7.624806831800845,1.83365031763811
7723,7.624816724825961,1.8336409292350329
7724,7.624826610986612,1.8336315473488616
7725,7.624836490287557,1.8336221719750716
7726,7.624846362733558,1.8336128031091405
7727,7.624856228329368,1.8336034407465487
7728,7.624866087079747,1.8335940848827805
7729,7.624875938989436,1.8335847355133228
7730,7.624885784063184,1.8335753926336664
7731,7.6248956223057425,1.8335660562393048
7732,7.624905453721843,1.8335567263257333
7733,7.624915278316222,1.8335474028884533
7734,7.624925096093618,1.8335380859229666
7735,7.624934907058757,1.8335287754247789
7736,7.624944711216367,1.8335194713893999
7737,7.62495450857117,1.8335101738123414
7738,7.624964299127891,1.8335008826891186
7739,7.624974082891246,1.8334915980152506
7740,7.624983859865943,1.8334823197862584
7741,7.624993630056696,1.833473047997666
7742,7.6250033934682175,1.8334637826450029
7743,7.625013150105202,1.833454523723798
7744,7.625022899972355,1.8334452712295866
7745,7.625032643074374,1.8334360251579052
7746,7.625042379415955,1.8334267855042943
7747,7.625052109001788,1.8334175522642961
7748,7.625061831836557,1.8334083254334592
7749,7.625071547924948,1.8333991050073308
7750,7.625081257271643,1.8333898909814639
7751,7.625090959881321,1.8333806833514152
7752,7.625100655758653,1.8333714821127427
7753,7.625110344908315,1.8333622872610082
7754,7.62512002733497,1.8333530987917765
7755,7.625129703043291,1.8333439167006162
7756,7.625139372037931,1.8333347409830976
7757,7.625149034323551,1.8333255716347954
7758,7.625158689904811,1.833316408651286
7759,7.625168338786353,1.833307252028151
7760,7.625177980972842,1.8332981017609722
7761,7.625187616468905,1.833288957845338
7762,7.625197245279194,1.8332798202768361
7763,7.62520686740835,1.8332706890510593
7764,7.625216482861002,1.8332615641636043
7765,7.6252260916417915,1.833252445610069
7766,7.6252356937553385,1.8332433333860547
7767,7.625245289206275,1.8332342274871676
7768,7.625254877999225,1.8332251279090142
7769,7.625264460138804,1.833216034647206
7770,7.62527403562963,1.833206947697357
7771,7.625283604476317,1.833197867055084
7772,7.625293166683475,1.8331887927160064
7773,7.6253027222557135,1.8331797246757489
7774,7.625312271197632,1.8331706629299367
7775,7.625321813513834,1.8331616074741988
7776,7.625331349208915,1.8331525583041672
7777,7.625340878287469,1.8331435154154783
7778,7.6253504007540895,1.8331344788037691
7779,7.625359916613364,1.8331254484646817
7780,7.625369425869876,1.8331164243938602
7781,7.625378928528206,1.8331074065869521
7782,7.625388424592935,1.833098395039607
7783,7.625397914068636,1.8330893897474791
7784,7.625407396959878,1.8330803907062256
7785,7.6254168732712415,1.8330713979115043
7786,7.625426343007277,1.833062411358978
7787,7.625435806172556,1.833053431044313
7788,7.625445262771635,1.8330444569631774
7789,7.625454712809074,1.8330354891112428
7790,7.625464156289419,1.833026527484183
7791,7.625473593217225,1.8330175720776767
7792,7.625483023597039,1.8330086228874036
7793,7.625492447433402,1.8329996799090478
7794,7.625501864730856,1.8329907431382946
7795,7.625511275493933,1.8329818125708348
7796,7.625520679727172,1.832972888202361
7797,7.625530077435109,1.8329639700285678
7798,7.625539468622263,1.832955058045154
7799,7.625548853293159,1.8329461522478214
7800,7.625558231452319,1.8329372526322738
7801,7.625567603104271,1.8329283591942196
7802,7.62557696825352,1.8329194719293682
7803,7.625586326904577,1.832910590833434
7804,7.625595679061956,1.8329017159021326
7805,7.6256050247301586,1.832892847131184
7806,7.625614363913698,1.83288398451631
7807,7.625623696617058,1.832875128053237
7808,7.625633022844744,1.8328662777376916
7809,7.625642342601252,1.8328574335654064
7810,7.625651655891066,1.8328485955321152
7811,7.625660962718678,1.832839763633555
7812,7.625670263088562,1.832830937865466
7813,7.625679557005217,1.8328221182235922
7814,7.6256888444731,1.8328133047036783
7815,7.625698125496703,1.832804497301474
7816,7.625707400080487,1.8327956960127316
7817,7.6257166682289235,1.8327869008332054
7818,7.625725929946479,1.8327781117586537
7819,7.625735185237613,1.8327693287848368
7820,7.625744434106786,1.8327605519075196
7821,7.625753676558456,1.8327517811224678
7822,7.6257629125970725,1.8327430164254515
7823,7.6257721422270865,1.8327342578122423
7824,7.625781365452949,1.832725505278617
7825,7.625790582279097,1.8327167588203537
7826,7.625799792709974,1.8327080184332345
7827,7.625808996750017,1.8326992841130427
7828,7.6258181944036645,1.8326905558555655
7829,7.62582738567534,1.8326818336565938
7830,7.625836570569476,1.8326731175119197
7831,7.625845749090501,1.832664407417341
7832,7.625854921242837,1.8326557033686548
7833,7.6258640870308945,1.8326470053616644
7834,7.625873246459095,1.8326383133921735
7835,7.625882399531855,1.8326296274559906
7836,7.625891546253574,1.832620947548926
7837,7.6259006866286745,1.8326122736667931
7838,7.625909820661547,1.832603605805409
7839,7.6259189483565955,1.8325949439605922
7840,7.625928069718221,1.8325862881281656
7841,7.625937184750815,1.8325776383039538
7842,7.625946293458773,1.8325689944837855
7843,7.625955395846472,1.8325603566634914
7844,7.625964491918316,1.8325517248389052
7845,7.625973581678668,1.832543099005864
7846,7.625982665131923,1.832534479160207
7847,7.625991742282448,1.8325258652977767
7848,7.626000813134624,1.8325172574144193
7849,7.6260098776928125,1.8325086555059824
7850,7.626018935961381,1.8325000595683176
7851,7.626027987944705,1.832491469597279
7852,7.626037033647135,1.8324828855887223
7853,7.626046073073032,1.8324743075385093
7854,7.626055106226754,1.8324657354425014
7855,7.6260641331126475,1.8324571692965648
7856,7.626073153735063,1.8324486090965677
7857,7.62608216809835,1.8324400548383815
7858,7.62609117620685,1.8324315065178807
7859,7.626100178064903,1.8324229641309417
7860,7.626109173676845,1.832414427673445
7861,7.626118163047011,1.832405897141273
7862,7.626127146179733,1.8323973725303122
7863,7.6261361230793385,1.8323888538364503
7864,7.626145093750149,1.832380341055579
7865,7.626154058196488,1.8323718341835922
7866,7.62616301642268,1.8323633332163871
7867,7.626171968433033,1.8323548381498642
7868,7.626180914231864,1.8323463489799254
7869,7.626189853823487,1.8323378657024767
7870,7.626198787212199,1.832329388313427
7871,7.626207714402313,1.8323209168086871
7872,7.626216635398125,1.8323124511841713
7873,7.626225550203937,1.832303991435797
7874,7.626234458824039,1.8322955375594834
7875,7.6262433612627305,1.8322870895511532
7876,7.626252257524293,1.8322786474067323
7877,7.6262611476130155,1.832270211122149
7878,7.626270031533181,1.832261780693334
7879,7.6262789092890735,1.8322533561162218
7880,7.626287780884964,1.832244937386749
7881,7.626296646325131,1.8322365245008556
7882,7.6263055056138445,1.8322281174544832
7883,7.626314358755377,1.8322197162435783
7884,7.626323205753981,1.832211320864088
7885,7.626332046613933,1.8322029313119632
7886,7.626340881339484,1.8321945475831585
7887,7.626349709934895,1.83218616967363
7888,7.626358532404417,1.8321777975793363
7889,7.626367348752304,1.8321694312962402
7890,7.626376158982798,1.8321610708203075
7891,7.626384963100152,1.8321527161475046
7892,7.626393761108598,1.8321443672738025
7893,7.62640255301238,1.832136024195175
7894,7.626411338815732,1.8321276869075975
7895,7.6264201185228915,1.8321193554070498
7896,7.626428892138087,1.8321110296895131
7897,7.626437659665541,1.8321027097509721
7898,7.626446421109479,1.8320943955874147
7899,7.626455176474126,1.832086087194829
7900,7.626463925763695,1.8320777845692107
7901,7.6264726689824105,1.8320694877065535
7902,7.626481406134473,1.8320611966028568
7903,7.626490137224098,1.8320529112541213
7904,7.62649886225549,1.8320446316563517
7905,7.626507581232861,1.8320363578055539
7906,7.626516294160399,1.8320280896977386
7907,7.6265250010423085,1.8320198273289168
7908,7.626533701882788,1.8320115706951048
7909,7.626542396686018,1.8320033197923207
7910,7.626551085456201,1.8319950746165836
7911,7.626559768197516,1.8319868351639188
7912,7.6265684449141435,1.831978601430351
7913,7.626577115610271,1.8319703734119097
7914,7.626585780290071,1.8319621511046271
7915,7.626594438957721,1.8319539345045373
7916,7.6266030916173895,1.8319457236076775
7917,7.626611738273251,1.8319375184100866
7918,7.626620378929466,1.8319293189078085
7919,7.626629013590199,1.8319211250968894
7920,7.626637642259607,1.8319129369733764
7921,7.62664626494185,1.831904754533321
7922,7.62665488164108,1.8318965777727763
7923,7.626663492361462,1.831888406687799
7924,7.6266720971071225,1.8318802412744482
7925,7.626680695882225,1.8318720815287866
7926,7.626689288690904,1.8318639274468778
7927,7.626697875537299,1.8318557790247902
7928,7.626706456425552,1.8318476362585934
7929,7.626715031359792,1.8318394991443598
7930,7.626723600344153,1.831831367678166
7931,7.626732163382759,1.83182324185609
7932,7.626740720479747,1.8318151216742127
7933,7.626749271639232,1.8318070071286174
7934,7.626757816865334,1.8317988982153914
7935,7.626766356162166,1.8317907949306236
7936,7.626774889533849,1.8317826972704059
7937,7.62678341698449,1.8317746052308326
7938,7.626791938518199,1.831766518808002
7939,7.626800454139086,1.8317584379980134
7940,7.626808963851244,1.8317503627969691
7941,7.6268174676587845,1.8317422932009761
7942,7.626825965565792,1.8317342292061414
7943,7.6268344575763685,1.8317261708085766
7944,7.626842943694613,1.8317181180043947
7945,7.626851423924593,1.831710070789712
7946,7.626859898270412,1.8317020291606478
7947,7.626868366736146,1.8316939931133243
7948,7.626876829325876,1.8316859626438649
7949,7.626885286043678,1.831677937748397
7950,7.626893736893635,1.831669918423051
7951,7.626902181879802,1.831661904663958
7952,7.626910621006266,1.8316538964672548
7953,7.6269190542770735,1.8316458938290778
7954,7.626927481696305,1.8316378967455684
7955,7.626935903268012,1.8316299052128702
7956,7.626944318996253,1.8316219192271275
7957,7.626952728885085,1.83161393878449
7958,7.6269611329385585,1.8316059638811089
7959,7.626969531160719,1.8315979945131378
7960,7.626977923555618,1.8315900306767336
7961,7.626986310127292,1.8315820723680547
7962,7.626994690879793,1.8315741195832642
7963,7.6270030658171475,1.831566172318526
7964,7.627011434943402,1.8315582305700078
7965,7.627019798262574,1.831550294333879
7966,7.627028155778701,1.8315423636063122
7967,7.627036507495811,1.8315344383834828
7968,7.6270448534179245,1.831526518661569
7969,7.627053193549066,1.831518604436751
7970,7.62706152789325,1.8315106957052116
7971,7.627069856454492,1.8315027924631373
7972,7.627078179236811,1.831494894706717
7973,7.627086496244207,1.8314870024321406
7974,7.627094807480694,1.8314791156356027
7975,7.627103112950274,1.8314712343132993
7976,7.627111412656947,1.8314633584614302
7977,7.62711970660472,1.8314554880761964
7978,7.627127994797574,1.8314476231538026
7979,7.6271362772395115,1.831439763690456
7980,7.627144553934525,1.831431909682366
7981,7.627152824886601,1.8314240611257444
7982,7.62716109009972,1.8314162180168065
7983,7.627169349577865,1.8314083803517698
7984,7.627177603325018,1.8314005481268552
7985,7.627185851345154,1.8313927213382843
7986,7.627194093642251,1.8313848999822833
7987,7.627202330220271,1.8313770840550796
7988,7.6272105610831895,1.8313692735529044
7989,7.6272187862349705,1.8313614684719906
7990,7.627227005679576,1.8313536688085743
7991,7.627235219420971,1.831345874558894
7992,7.627243427463102,1.8313380857191905
7993,7.6272516298099315,1.8313303022857081
7994,7.62725982646541,1.8313225242546929
7995,7.627268017433487,1.8313147516223935
7996,7.627276202718108,1.831306984385062
7997,7.627284382323219,1.8312992225389522
7998,7.627292556252755,1.831291466080321
7999,7.627300724510656,1.831283715005427
8000,7.627308887100865,1.831275969310534
8001,7.6273170440273015,1.8312682289919038
8002,7.627325195293909,1.8312604940458064
8003,7.627333340904608,1.8312527644685097
8004,7.627341480863321,1.8312450402562865
8005,7.627349615173968,1.8312373214054125
8006,7.627357743840479,1.8312296079121646
8007,7.62736586686676,1.8312218997728222
8008,7.627373984256727,1.8312141969836684
8009,7.627382096014295,1.8312064995409896
8010,7.627390202143364,1.8311988074410726
8011,7.627398302647853,1.8311911206802074
8012,7.627406397531652,1.8311834392546877
8013,7.627414486798661,1.8311757631608088
8014,7.627422570452785,1.8311680923948692
8015,7.627430648497919,1.8311604269531696
8016,7.627438720937947,1.8311527668320127
8017,7.627446787776765,1.8311451120277047
8018,7.627454849018251,1.8311374625365542
8019,7.6274629046663,1.8311298183548725
8020,7.627470954724786,1.8311221794789723
8021,7.627478999197592,1.8311145459051703
8022,7.627487038088593,1.831106917629785
8023,7.627495071401649,1.8310992946491373
8024,7.62750309914065,1.8310916769595518
8025,7.627511121309453,1.8310840645573543
8026,7.627519137911925,1.8310764574388736
8027,7.6275271489519305,1.8310688556004415
8028,7.627535154433325,1.8310612590383915
8029,7.627543154359969,1.8310536677490608
8030,7.627551148735714,1.8310460817287881
8031,7.627559137564414,1.8310385009739145
8032,7.627567120849919,1.8310309254807855
8033,7.627575098596074,1.8310233552457469
8034,7.627583070806717,1.8310157902651483
8035,7.627591037485692,1.8310082305353408
8036,7.627598998636843,1.8310006760526796
8037,7.627606954264,1.8309931268135204
8038,7.627614904371003,1.8309855828142239
8039,7.627622848961668,1.8309780440511514
8040,7.627630788039838,1.8309705105206675
8041,7.627638721609331,1.830962982219139
8042,7.627646649673965,1.8309554591429356
8043,7.627654572237569,1.8309479412884284
8044,7.627662489303954,1.8309404286519935
8045,7.627670400876932,1.8309329212300067
8046,7.627678306960323,1.8309254190188482
8047,7.627686207557932,1.8309179220149
8048,7.627694102673563,1.8309104302145462
8049,7.627701992311023,1.8309029436141746
8050,7.627709876474112,1.8308954622101747
8051,7.6277177551666275,1.8308879859989382
8052,7.627725628392364,1.83088051497686
8053,7.627733496155122,1.8308730491403373
8054,7.627741358458683,1.8308655884857694
8055,7.6277492153068405,1.8308581330095592
8056,7.627757066703379,1.8308506827081104
8057,7.627764912652079,1.8308432375778305
8058,7.627772753156724,1.8308357976151295
8059,7.62778058822109,1.830828362816419
8060,7.627788417848952,1.830820933178114
8061,7.62779624204408,1.8308135086966315
8062,7.627804060810248,1.8308060893683913
8063,7.627811874151217,1.830798675189815
8064,7.627819682070754,1.8307912661573278
8065,7.627827484572627,1.8307838622673558
8066,7.627835281660587,1.8307764635163295
8067,7.627843073338395,1.8307690699006807
8068,7.627850859609801,1.8307616814168435
8069,7.627858640478557,1.8307542980612557
8070,7.627866415948416,1.8307469198303556
8071,7.627874186023123,1.830739546720586
8072,7.6278819507064215,1.8307321787283912
8073,7.627889710002046,1.8307248158502174
8074,7.627897463913742,1.8307174580825147
8075,7.62790521244524,1.8307101054217345
8076,7.62791295560028,1.8307027578643318
8077,7.6279206933825865,1.8306954154067623
8078,7.627928425795896,1.8306880780454855
8079,7.6279361528439225,1.8306807457769632
8080,7.627943874530396,1.8306734185976596
8081,7.627951590859031,1.830666096504041
8082,7.627959301833551,1.8306587794925773
8083,7.627967007457672,1.8306514675597387
8084,7.627974707735097,1.8306441607019994
8085,7.627982402669549,1.8306368589158364
8086,7.627990092264729,1.8306295621977287
8087,7.627997776524338,1.8306222705441564
8088,7.628005455452081,1.8306149839516035
8089,7.628013129051661,1.8306077024165575
8090,7.628020797326774,1.8306004259355055
8091,7.62802846028111,1.8305931545049392
8092,7.62803611791836,1.8305858881213524
8093,7.628043770242224,1.8305786267812396
8094,7.628051417256379,1.8305713704811009
8095,7.628059058964509,1.8305641192174362
8096,7.628066695370306,1.8305568729867485
8097,7.628074326477439,1.8305496317855443
8098,7.628081952289587,1.8305423956103306
8099,7.628089572810425,1.8305351644576182
8100,7.628097188043624,1.830527938323921
8101,7.628104797992854,1.8305207172057532
8102,7.62811240266178,1.8305135010996327
8103,7.628120002054067,1.8305062900020794
8104,7.6281275961733765,1.8304990839096174
8105,7.628135185023364,1.8304918828187704
8106,7.628142768607689,1.830484686726066
8107,7.628150346930006,1.8304774956280336
8108,7.628157919993964,1.8304703095212072
8109,7.6281654878032095,1.8304631284021198
8110,7.628173050361394,1.8304559522673085
8111,7.628180607672157,1.8304487811133139
8112,7.628188159739143,1.8304416149366767
8113,7.628195706565987,1.8304344537339419
8114,7.628203248156323,1.8304272975016558
8115,7.628210784513797,1.8304201462363674
8116,7.628218315642023,1.8304129999346295
8117,7.628225841544639,1.8304058585929943
8118,7.62823336222527,1.8303987222080176
8119,7.628240877687538,1.8303915907762602
8120,7.628248387935062,1.830384464294282
8121,7.628255892971467,1.830377342758646
8122,7.628263392800362,1.8303702261659183
8123,7.628270887425361,1.8303631145126682
8124,7.628278376850078,1.830356007795465
8125,7.628285861078122,1.8303489060108817
8126,7.628293340113098,1.8303418091554946
8127,7.628300813958603,1.8303347172258806
8128,7.628308282618246,1.8303276302186204
8129,7.628315746095624,1.830320548130296
8130,7.628323204394331,1.8303134709574922
8131,7.628330657517957,1.8303063986967971
8132,7.628338105470099,1.8302993313447988
8133,7.628345548254339,1.8302922688980905
8134,7.628352985874273,1.8302852113532664
8135,7.628360418333472,1.8302781587069228
8136,7.628367845635528,1.830271110955659
8137,7.628375267784008,1.8302640680960767
8138,7.6283826847824985,1.8302570301247791
8139,7.628390096634567,1.8302499970383728
8140,7.628397503343787,1.8302429688334665
8141,7.628404904913726,1.8302359455066703
8142,7.628412301347947,1.830228927054598
8143,7.628419692650018,1.830221913473865
8144,7.628427078823501,1.8302149047610894
8145,7.62843445987195,1.8302079009128913
8146,7.628441835798921,1.830200901925893
8147,7.628449206607974,1.8301939077967202
8148,7.628456572302654,1.8301869185220005
8149,7.628463932886509,1.8301799340983618
8150,7.628471288363091,1.830172954522438
8151,7.628478638735942,1.8301659797908623
8152,7.628485984008602,1.8301590099002716
8153,7.628493324184609,1.8301520448473056
8154,7.628500659267497,1.8301450846286047
8155,7.628507989260808,1.8301381292408132
8156,7.628515314168067,1.8301311786805767
8157,7.6285226339928025,1.8301242329445437
8158,7.628529948738547,1.8301172920293651
8159,7.62853725840882,1.830110355931694
8160,7.6285445630071465,1.830103424648185
8161,7.628551862537041,1.8300964981754964
8162,7.628559157002022,1.8300895765102876
8163,7.62856644640561,1.830082659649222
8164,7.628573730751308,1.8300757475889626
8165,7.628581010042628,1.8300688403261771
8166,7.628588284283083,1.8300619378575353
8167,7.628595553476169,1.8300550401797087
8168,7.628602817625395,1.83004814728937
8169,7.628610076734257,1.8300412591831967
8170,7.628617330806253,1.8300343758578659
8171,7.62862457984488,1.8300274973100599
8172,7.6286318238536275,1.8300206235364604
8173,7.628639062835989,1.8300137545337545
8174,7.628646296795447,1.8300068902986282
8175,7.62865352573549,1.8300000308277722
8176,7.628660749659604,1.829993176117879
8177,7.628667968571266,1.8299863261656428
8178,7.62867518247395,1.8299794809677605
8179,7.628682391371142,1.829972640520932
8180,7.628689595266304,1.8299658048218579
8181,7.628696794162911,1.8299589738672428
8182,7.628703988064436,1.8299521476537923
8183,7.628711176974341,1.8299453261782144
8184,7.628718360896086,1.8299385094372205
8185,7.6287255398331375,1.8299316974275224
8186,7.628732713788953,1.829924890145837
8187,7.628739882766986,1.8299180875888805
8188,7.628747046770696,1.8299112897533725
8189,7.628754205803526,1.8299044966360367
8190,7.628761359868934,1.829897708233595
8191,7.628768508970364,1.8298909245427766
8192,7.628775653111259,1.8298841455603083
8193,7.62878279229506,1.8298773712829222
8194,7.628789926525208,1.8298706017073514
8195,7.628797055805139,1.8298638368303324
8196,7.6288041801382915,1.829857076648602
8197,7.628811299528094,1.8298503211589012
8198,7.628818413977976,1.8298435703579716
8199,7.628825523491372,1.8298368242425584
8200,7.628832628071697,1.8298300828094094
8201,7.628839727722385,1.8298233460552737
8202,7.628846822446846,1.8298166139769014
8203,7.628853912248507,1.8298098865710481
8204,7.628860997130778,1.8298031638344683
8205,7.628868077097075,1.8297964457639218
8206,7.628875152150806,1.8297897323561676
8207,7.628882222295384,1.8297830236079695
8208,7.628889287534209,1.8297763195160928
8209,7.628896347870694,1.8297696200773035
8210,7.628903403308235,1.8297629252883723
8211,7.628910453850237,1.8297562351460703
8212,7.6289174995000835,1.8297495496471723
8213,7.628924540261179,1.8297428687884536
8214,7.628931576136919,1.8297361925666935
8215,7.628938607130683,1.8297295209786728
8216,7.628945633245867,1.8297228540211739
8217,7.628952654485849,1.8297161916909812
8218,7.6289596708540195,1.8297095339848846
8219,7.628966682353756,1.8297028808996714
8220,7.628973688988432,1.829696232432135
8221,7.628980690761429,1.8296895885790685
8222,7.62898768767612,1.8296829493372693
8223,7.628994679735873,1.829676314703535
8224,7.629001666944054,1.8296696846746672
8225,7.62900864930404,1.829663059247469
8226,7.629015626819183,1.8296564384187446
8227,7.629022599492853,1.829649822185302
8228,7.629029567328403,1.8296432105439513
8229,7.629036530329201,1.8296366034915041
8230,7.629043488498584,1.8296300010247746
8231,7.629050441839924,1.829623403140579
8232,7.629057390356557,1.829616809835736
8233,7.6290643340518365,1.8296102211070664
8234,7.6290712729291075,1.8296036369513935
8235,7.629078206991709,1.8295970573655413
8236,7.629085136242988,1.829590482346338
8237,7.629092060686277,1.8295839118906132
8238,7.629098980324916,1.8295773459951985
8239,7.62910589516224,1.8295707846569278
8240,7.629112805201575,1.8295642278726378
8241,7.629119710446258,1.829557675639167
8242,7.629126610899606,1.829551127953355
8243,7.629133506564956,1.8295445848120444
8244,7.629140397445619,1.8295380462120816
8245,7.6291472835449206,1.8295315121503126
8246,7.629154164866172,1.8295249826235875
8247,7.629161041412698,1.8295184576287573
8248,7.629167913187806,1.8295119371626758
8249,7.62917478019481,1.8295054212221997
8250,7.629181642437012,1.8294989098041854
8251,7.62918849991773,1.8294924029054953
8252,7.629195352640257,1.8294859005229895
8253,7.629202200607894,1.8294794026535348
8254,7.629209043823948,1.8294729092939968
8255,7.629215882291711,1.8294664204412447
8256,7.62922271601448,1.8294599360921497
8257,7.629229544995545,1.8294534562435856
8258,7.6292363692382,1.8294469808924267
8259,7.62924318874573,1.829440510035552
8260,7.629250003521419,1.8294340436698409
8261,7.62925681356855,1.829427581792175
8262,7.62926361889041,1.8294211243994387
8263,7.6292704194902745,1.8294146714885184
8264,7.629277215371417,1.8294082230563036
8265,7.629284006537113,1.8294017790996833
8266,7.6292907929906395,1.8293953396155511
8267,7.629297574735259,1.8293889046008023
8268,7.629304351774242,1.829382474052333
8269,7.629311124110856,1.8293760479670436
8270,7.629317891748358,1.8293696263418349
8271,7.629324654690015,1.8293632091736114
8272,7.62933141293908,1.8293567964592774
8273,7.629338166498815,1.8293503881957422
8274,7.629344915372466,1.8293439843799153
8275,7.62935165956329,1.8293375850087088
8276,7.629358399074532,1.8293311900790372
8277,7.629365133909448,1.8293247995878161
8278,7.629371864071272,1.8293184135319658
8279,7.6293785895632515,1.829312031908406
8280,7.629385310388626,1.8293056547140594
8281,7.629392026550637,1.829299281945852
8282,7.629398738052516,1.8292929136007103
8283,7.629405444897498,1.8292865496755637
8284,7.629412147088812,1.829280190167344
8285,7.62941884462969,1.8292738350729838
8286,7.6294255375233595,1.82926748438942
8287,7.629432225773044,1.82926113811359
8288,7.629438909381963,1.8292547962424335
8289,7.629445588353338,1.8292484587728928
8290,7.629452262690391,1.8292421257019125
8291,7.629458932396334,1.8292357970264386
8292,7.629465597474376,1.829229472743419
8293,7.62947225792774,1.8292231528498049
8294,7.6294789137596215,1.8292168373425488
8295,7.629485564973236,1.8292105262186058
8296,7.62949221157179,1.8292042194749327
8297,7.629498853558474,1.8291979171084887
8298,7.629505490936496,1.8291916191162347
8299,7.629512123709054,1.829185325495133
8300,7.629518751879348,1.829179036242151
8301,7.629525375450565,1.8291727513542546
8302,7.629531994425891,1.8291664708284145
8303,7.629538608808522,1.8291601946616018
8304,7.629545218601647,1.82915392285079
8305,7.629551823808449,1.829147655392956
8306,7.629558424432107,1.8291413922850766
8307,7.629565020475803,1.8291351335241324
8308,7.629571611942713,1.8291288791071059
8309,7.629578198836015,1.8291226290309808
8310,7.6295847811588855,1.8291163832927442
8311,7.62959135891449,1.8291101418893834
8312,7.629597932105998,1.829103904817891
8313,7.6296045007365825,1.829097672075258
8314,7.6296110648093975,1.8290914436584798
8315,7.629617624327618,1.8290852195645526
8316,7.629624179294393,1.8290789997904755
8317,7.629630729712889,1.8290727843332502
8318,7.629637275586257,1.8290665731898794
8319,7.629643816917655,1.8290603663573684
8320,7.62965035371023,1.8290541638327238
8321,7.629656885967131,1.829047965612956
8322,7.629663413691512,1.8290417716950753
8323,7.629669936886511,1.8290355820760964
8324,7.629676455555273,1.829029396753034
8325,7.629682969700943,1.8290232157229056
8326,7.629689479326649,1.829017038982731
8327,7.6296959844355365,1.8290108665295328
8328,7.6297024850307364,1.8290046983603343
8329,7.629708981115385,1.8289985344721607
8330,7.6297154726926015,1.8289923748620414
8331,7.629721959765527,1.8289862195270048
8332,7.6297284423372735,1.8289800684640851
8333,7.629734920410973,1.8289739216703145
8334,7.629741393989744,1.8289677791427301
8335,7.629747863076703,1.8289616408783698
8336,7.6297543276749735,1.8289555068742742
8337,7.629760787787662,1.8289493771274863
8338,7.629767243417886,1.82894325163505
8339,7.629773694568756,1.828937130394011
8340,7.629780141243378,1.828931013401419
8341,7.629786583444857,1.8289249006543242
8342,7.629793021176297,1.8289187921497791
8343,7.629799454440804,1.8289126878848392
8344,7.629805883241478,1.8289065878565602
8345,7.629812307581403,1.8289004920620013
8346,7.629818727463689,1.8288944004982233
8347,7.629825142891425,1.8288883131622895
8348,7.629831553867697,1.8288822300512642
8349,7.6298379603956015,1.8288761511622147
8350,7.629844362478218,1.8288700764922101
8351,7.629850760118638,1.8288640060383208
8352,7.629857153319936,1.8288579397976203
8353,7.6298635420851975,1.8288518777671838
8354,7.6298699264174985,1.8288458199440882
8355,7.629876306319913,1.8288397663254132
8356,7.629882681795524,1.8288337169082391
8357,7.629889052847391,1.8288276716896494
8358,7.62989541947859,1.8288216306667304
8359,7.629901781692187,1.828815593836568
8360,7.629908139491247,1.828809561196252
8361,7.629914492878834,1.8288035327428735
8362,7.629920841858008,1.8287975084735262
8363,7.629927186431832,1.8287914883853051
8364,7.629933526603352,1.828785472475308
8365,7.629939862375634,1.8287794607406338
8366,7.629946193751724,1.8287734531783841
8367,7.629952520734679,1.828767449785662
8368,7.629958843327544,1.8287614505595735
8369,7.629965161533356,1.8287554554972254
8370,7.629971475355174,1.8287494645957283
8371,7.62997778479603,1.8287434778521918
8372,7.629984089858968,1.8287374952637312
8373,7.629990390547025,1.828731516827461
8374,7.629996686863234,1.8287255425404987
8375,7.630002978810631,1.828719572399964
8376,7.6300092663922445,1.8287136064029779
8377,7.630015549611112,1.8287076445466648
8378,7.630021828470254,1.8287016868281492
8379,7.630028102972695,1.828695733244559
8380,7.630034373121461,1.8286897837930234
8381,7.630040638919566,1.8286838384706743
8382,7.630046900370041,1.8286778972746445
8383,7.630053157475894,1.8286719602020705
8384,7.630059410240138,1.8286660272500888
8385,7.630065658665792,1.828660098415839
8386,7.630071902755865,1.828654173696462
8387,7.630078142513359,1.8286482530891024
8388,7.630084377941288,1.8286423365909046
8389,7.630090609042651,1.8286364241990165
8390,7.630096835820454,1.8286305159105867
8391,7.630103058277698,1.8286246117227671
8392,7.630109276417375,1.828618711632711
8393,7.630115490242481,1.8286128156375736
8394,7.630121699756017,1.8286069237345124
8395,7.630127904960968,1.828601035920686
8396,7.630134105860328,1.8285951521932557
8397,7.630140302457084,1.8285892725493849
8398,7.630146494754216,1.8285833969862386
8399,7.630152682754714,1.8285775255009842
8400,7.630158866461556,1.82857165809079
8401,7.630165045877721,1.8285657947528284
8402,7.630171221006189,1.8285599354842714
8403,7.63017739184993,1.828554080282294
8404,7.630183558411922,1.8285482291440727
8405,7.63018972069513,1.8285423820667874
8406,7.630195878702529,1.828536539047619
8407,7.630202032437092,1.8285307000837492
8408,7.630208181901767,1.8285248651723636
8409,7.630214327099528,1.8285190343106479
8410,7.630220468033334,1.8285132074957922
8411,7.630226604706142,1.8285073847249869
8412,7.630232737120907,1.8285015659954238
8413,7.630238865280592,1.8284957513042974
8414,7.630244989188135,1.8284899406488049
8415,7.6302511088464975,1.8284841340261444
8416,7.630257224258631,1.8284783314335156
8417,7.630263335427468,1.8284725328681215
8418,7.630269442355965,1.8284667383271673
8419,7.63027554504706,1.8284609478078575
8420,7.630281643503692,1.8284551613074012
8421,7.630287737728801,1.8284493788230076
8422,7.63029382772532,1.8284436003518896
8423,7.630299913496189,1.8284378258912604
8424,7.630305995044336,1.8284320554383369
8425,7.630312072372691,1.8284262889903362
8426,7.630318145484182,1.8284205265444777
8427,7.630324214381738,1.828414768097984
8428,7.630330279068277,1.8284090136480784
8429,7.630336339546727,1.8284032631919858
8430,7.630342395820007,1.8283975167269346
8431,7.630348447891029,1.8283917742501534
8432,7.630354495762712,1.8283860357588742
8433,7.630360539437976,1.8283803012503292
8434,7.630366578919722,1.8283745707217551
8435,7.630372614210869,1.8283688441703883
8436,7.630378645314319,1.8283631215934666
8437,7.630384672232981,1.8283574029882326
8438,7.630390694969756,1.8283516883519284
8439,7.630396713527547,1.8283459776817992
8440,7.630402727909255,1.8283402709750909
8441,7.630408738117775,1.8283345682290522
8442,7.630414744156009,1.8283288694409343
8443,7.63042074602684,1.8283231746079889
8444,7.630426743733164,1.8283174837274703
8445,7.630432737277879,1.8283117967966358
8446,7.6304387266638605,1.8283061138127419
8447,7.6304447118939995,1.8283004347730498
8448,7.63045069297118,1.8282947596748205
8449,7.630456669898282,1.8282890885153187
8450,7.630462642678188,1.82828342129181
8451,7.6304686113137725,1.8282777580015614
8452,7.630474575807909,1.8282720986418426
8453,7.630480536163482,1.8282664432099258
8454,7.630486492383348,1.828260791703083
8455,7.630492444470384,1.8282551441185908
8456,7.630498392427462,1.8282495004537254
8457,7.630504336257444,1.8282438607057658
8458,7.630510275963192,1.8282382248719933
8459,7.630516211547567,1.8282325929496903
8460,7.6305221430134305,1.8282269649361418
8461,7.630528070363641,1.8282213408286339
8462,7.630533993601054,1.8282157206244556
8463,7.63053991272852,1.828210104320897
8464,7.630545827748898,1.8282044919152498
8465,7.6305517386650275,1.8281988834048084
8466,7.6305576454797635,1.828193278786869
8467,7.630563548195954,1.8281876780587292
8468,7.630569446816435,1.8281820812176885
8469,7.630575341344056,1.8281764882610485
8470,7.63058123178165,1.8281708991861136
8471,7.630587118132062,1.8281653139901881
8472,7.630593000398122,1.8281597326705796
8473,7.630598878582668,1.8281541552245966
8474,7.63060475268853,1.8281485816495504
8475,7.630610622718535,1.8281430119427546
8476,7.630616488675518,1.828137446101523
8477,7.630622350562301,1.828131884123172
8478,7.63062820838171,1.8281263260050207
8479,7.630634062136564,1.8281207717443886
8480,7.630639911829685,1.8281152213385985
8481,7.630645757463894,1.8281096747849737
8482,7.630651599042006,1.8281041320808407
8483,7.630657436566835,1.8280985932235267
8484,7.630663270041189,1.8280930582103616
8485,7.630669099467885,1.8280875270386767
8486,7.630674924849728,1.828081999705805
8487,7.630680746189526,1.8280764762090822
8488,7.6306865634900864,1.8280709565458448
8489,7.6306923767541965,1.8280654407134318
8490,7.630698185984687,1.8280599287091843
8491,7.630703991184326,1.8280544205304434
8492,7.630709792355929,1.8280489161745554
8493,7.6307155895022865,1.8280434156388645
8494,7.630721382626185,1.8280379189207203
8495,7.630727171730426,1.8280324260174716
8496,7.6307329568177895,1.828026936926471
8497,7.63073873789107,1.8280214516450712
8498,7.630744514953048,1.8280159701706291
8499,7.630750288006511,1.8280104925005005
8500,7.6307560570542305,1.8280050186320442
8501,7.630761822098999,1.8279995485626228
8502,7.6307675831435855,1.8279940822895981
8503,7.630773340190769,1.8279886198103337
8504,7.630779093243321,1.8279831611221982
8505,7.630784842304016,1.8279777062225573
8506,7.630790587375625,1.8279722551087831
8507,7.630796328460909,1.8279668077782467
8508,7.630802065562642,1.8279613642283217
8509,7.630807798683582,1.8279559244563837
8510,7.6308135278264935,1.8279504884598103
8511,7.630819252994137,1.8279450562359807
8512,7.630824974189276,1.8279396277822755
8513,7.630830691414658,1.8279342030960781
8514,7.630836404673037,1.827928782174772
8515,7.630842113967172,1.827923365015745
8516,7.630847819299816,1.8279179516163853
8517,7.630853520673706,1.8279125419740814
8518,7.630859218091599,1.8279071360862271
8519,7.6308649115562375,1.827901733950215
8520,7.63087060107036,1.8278963355634406
8521,7.630876286636717,1.8278909409233017
8522,7.63088196825804,1.8278855500271975
8523,7.630887645937069,1.8278801628725287
8524,7.63089331967654,1.827874779456698
8525,7.630898989479183,1.8278693997771098
8526,7.630904655347733,1.827864023831171
8527,7.630910317284917,1.8278586516162896
8528,7.630915975293469,1.827853283129875
8529,7.6309216293761075,1.8278479183693392
8530,7.630927279535559,1.8278425573320962
8531,7.630932925774548,1.827837200015561
8532,7.630938568095795,1.8278318464171508
8533,7.630944206502018,1.8278264965342839
8534,7.630949840995929,1.8278211503643822
8535,7.630955471580247,1.8278158079048674
8536,7.630961098257681,1.8278104691531643
8537,7.630966721030946,1.8278051341066983
8538,7.630972339902752,1.8277998027628977
8539,7.630977954875802,1.8277944751191926
8540,7.630983565952803,1.827789151173014
8541,7.630989173136457,1.8277838309217949
8542,7.630994776429467,1.8277785143629706
8543,7.631000375834531,1.8277732014939785
8544,7.6310059713543525,1.8277678923122562
8545,7.631011562991617,1.8277625868152443
8546,7.631017150749027,1.8277572850003851
8547,7.631022734629269,1.827751986865123
8548,7.63102831463504,1.8277466924069026
8549,7.6310338907690225,1.8277414016231723
8550,7.631039463033903,1.8277361145113808
8551,7.631045031432373,1.8277308310689795
8552,7.631050595967109,1.827725551293421
8553,7.631056156640792,1.82772027518216
8554,7.631061713456101,1.8277150027326523
8555,7.631067266415719,1.8277097339423567
8556,7.631072815522312,1.8277044688087323
8557,7.63107836077856,1.8276992073292415
8558,7.631083902187136,1.8276939495013471
8559,7.631089439750702,1.8276886953225142
8560,7.631094973471932,1.8276834447902106
8561,7.631100503353498,1.8276781979019037
8562,7.631106029398051,1.8276729546550647
8563,7.631111551608256,1.8276677150471654
8564,7.631117069986784,1.82766247907568
8565,7.63112258453628,1.827657246738084
8566,7.631128095259412,1.8276520180318547
8567,7.631133602158831,1.8276467929544717
8568,7.631139105237189,1.827641571503416
8569,7.631144604497137,1.82763635367617
8570,7.631150099941327,1.8276311394702176
8571,7.631155591572401,1.8276259288830463
8572,7.631161079393016,1.8276207219121425
8573,7.631166563405806,1.8276155185549972
8574,7.631172043613411,1.827610318809101
8575,7.6311775200184835,1.8276051226719474
8576,7.631182992623648,1.827599930141031
8577,7.631188461431557,1.8275947412138491
8578,7.631193926444829,1.8275895558878992
8579,7.631199387666104,1.8275843741606819
8580,7.631204845098017,1.827579196029699
8581,7.63121029874319,1.827574021492454
8582,7.631215748604258,1.8275688505464527
8583,7.63122119468384,1.827563683189201
8584,7.631226636984565,1.827558519418209
8585,7.63123207550905,1.8275533592309863
8586,7.631237510259918,1.8275482026250458
8587,7.631242941239794,1.8275430495979013
8588,7.63124836845128,1.8275379001470682
8589,7.631253791897,1.8275327542700637
8590,7.631259211579568,1.8275276119644075
8591,7.631264627501589,1.8275224732276207
8592,7.63127003966568,1.8275173380572247
8593,7.631275448074443,1.8275122064507447
8594,7.631280852730488,1.827507078405707
8595,7.631286253636414,1.8275019539196389
8596,7.631291650794827,1.8274968329900696
8597,7.631297044208322,1.8274917156145314
8598,7.631302433879505,1.8274866017905556
8599,7.631307819810964,1.8274814915156776
8600,7.6313132020053,1.8274763847874342
8601,7.631318580465108,1.8274712816033623
8602,7.631323955192973,1.8274661819610027
8603,7.631329326191489,1.8274610858578964
8604,7.6313346934632404,1.827455993291587
8605,7.6313400570108145,1.827450904259618
8606,7.631345416836799,1.8274458187595382
8607,7.6313507729437715,1.8274407367888936
8608,7.631356125334311,1.8274356583452354
8609,7.631361474011004,1.8274305834261153
8610,7.631366818976421,1.827425512029086
8611,7.631372160233136,1.8274204441517032
8612,7.6313774977837285,1.8274153797915236
8613,7.631382831630763,1.8274103189461055
8614,7.631388161776819,1.8274052616130092
8615,7.631393488224451,1.8274002077897962
8616,7.631398810976237,1.8273951574740306
8617,7.631404130034734,1.8273901106632775
8618,7.631409445402509,1.8273850673551033
8619,7.631414757082124,1.8273800275470766
8620,7.631420065076132,1.8273749912367692
8621,7.631425369387092,1.827369958421752
8622,7.631430670017566,1.8273649290995981
8623,7.631435966970105,1.8273599032678838
8624,7.631441260247255,1.8273548809241857
8625,7.631446549851571,1.8273498620660826
8626,7.631451835785605,1.8273448466911555
8627,7.631457118051897,1.8273398347969854
8628,7.63146239665299,1.8273348263811569
8629,7.631467671591439,1.827329821441255
8630,7.6314729428697765,1.8273248199748677
8631,7.6314782104905445,1.8273198219795834
8632,7.63148347445628,1.8273148274529918
8633,7.631488734769512,1.8273098363926858
8634,7.631493991432789,1.8273048487962589
8635,7.631499244448637,1.827299864661307
8636,7.631504493819587,1.827294883985427
8637,7.631509739548164,1.8272899067662176
8638,7.631514981636906,1.8272849330012801
8639,7.631520220088324,1.8272799626882157
8640,7.631525454904953,1.8272749958246284
8641,7.631530686089308,1.8272700324081237
8642,7.631535913643919,1.8272650724363095
8643,7.63154113757129,1.8272601159067938
8644,7.631546357873953,1.8272551628171878
8645,7.631551574554417,1.8272502131651027
8646,7.631556787615192,1.8272452669481534
8647,7.63156199705879,1.8272403241639543
8648,7.631567202887725,1.827235384810123
8649,7.631572405104502,1.8272304488842788
8650,7.6315776037116345,1.827225516384041
8651,7.631582798711616,1.827220587307033
8652,7.631587990106957,1.8272156616508768
8653,7.631593177900153,1.8272107394132
8654,7.631598362093705,1.8272058205916275
8655,7.63160354269012,1.8272009051837899
8656,7.63160871969188,1.8271959931873154
8657,7.631613893101486,1.8271910845998378
8658,7.631619062921434,1.8271861794189899
8659,7.631624229154204,1.827181277642407
8660,7.6316293918022975,1.827176379267726
8661,7.631634550868189,1.8271714842925861
8662,7.631639706354378,1.8271665927146257
8663,7.631644858263341,1.8271617045314892
8664,7.631650006597557,1.8271568197408177
8665,7.631655151359508,1.827151938340258
8666,7.631660292551677,1.827147060327456
8667,7.631665430176541,1.8271421857000594
8668,7.631670564236574,1.8271373144557197
8669,7.631675694734242,1.8271324465920873
8670,7.631680821672029,1.8271275821068163
8671,7.631685945052396,1.8271227209975613
8672,7.631691064877815,1.8271178632619784
8673,7.631696181150755,1.8271130088977263
8674,7.631701293873673,1.8271081579024648
8675,7.631706403049042,1.8271033102738545
8676,7.631711508679318,1.8270984660095595
8677,7.631716610766962,1.8270936251072434
8678,7.631721709314431,1.8270887875645736
8679,7.631726804324184,1.8270839533792174
8680,7.631731895798673,1.827079122548844
8681,7.631736983740349,1.8270742950711254
8682,7.631742068151673,1.8270694709437325
8683,7.631747149035086,1.8270646501643417
8684,7.631752226393033,1.827059832730628
8685,7.63175730022797,1.8270550186402696
8686,7.6317623705423365,1.8270502078909445
8687,7.631767437338572,1.8270454004803347
8688,7.6317725006191255,1.8270405964061225
8689,7.63177756038643,1.8270357956659913
8690,7.631782616642924,1.8270309982576267
8691,7.631787669391045,1.8270262041787164
8692,7.6317927186332275,1.8270214134269493
8693,7.631797764371906,1.8270166260000162
8694,7.631802806609506,1.8270118418956083
8695,7.631807845348463,1.8270070611114195
8696,7.631812880591201,1.8270022836451452
8697,7.631817912340145,1.8269975094944826
8698,7.631822940597719,1.8269927386571294
8699,7.6318279653663526,1.8269879711307861
8700,7.631832986648463,1.8269832069131546
8701,7.631838004446461,1.826978446001938
8702,7.631843018762772,1.8269736883948406
8703,7.631848029599809,1.82696893408957
8704,7.6318530369599955,1.8269641830838332
8705,7.6318580408457315,1.82695943537534
8706,7.631863041259435,1.8269546909618017
8707,7.63186803820351,1.8269499498409314
8708,7.631873031680365,1.8269452120104435
8709,7.631878021692414,1.8269404774680538
8710,7.631883008242052,1.8269357462114795
8711,7.63188799133168,1.82693101823844
8712,7.631892970963708,1.8269262935466564
8713,7.6318979471405255,1.8269215721338508
8714,7.6319029198645385,1.8269168539977467
8715,7.63190788913814,1.8269121391360705
8716,7.631912854963719,1.8269074275465482
8717,7.631917817343675,1.8269027192269094
8718,7.6319227762803985,1.8268980141748834
8719,7.631927731776269,1.8268933123882025
8720,7.631932683833683,1.8268886138646008
8721,7.631937632455026,1.8268839186018115
8722,7.631942577642678,1.8268792265975726
8723,7.631947519399028,1.8268745378496218
8724,7.631952457726449,1.8268698523556983
8725,7.631957392627325,1.8268651701135439
8726,7.631962324104032,1.8268604911209012
8727,7.631967252158947,1.8268558153755148
8728,7.631972176794448,1.8268511428751293
8729,7.631977098012899,1.8268464736174945
8730,7.631982015816676,1.8268418076003572
8731,7.631986930208147,1.82683714482147
8732,7.631991841189685,1.8268324852785838
8733,7.631996748763646,1.8268278289694528
8734,7.632001652932402,1.8268231758918316
8735,7.632006553698315,1.8268185260434784
8736,7.63201145106374,1.8268138794221505
8737,7.632016345031046,1.8268092360256083
8738,7.632021235602587,1.8268045958516133
8739,7.632026122780716,1.8267999588979287
8740,7.6320310065677885,1.8267953251623186
8741,7.632035886966164,1.8267906946425503
8742,7.632040763978182,1.8267860673363905
8743,7.632045637606205,1.8267814432416085
8744,7.632050507852571,1.826776822355976
8745,7.632055374719631,1.826772204677265
8746,7.632060238209728,1.8267675902032492
8747,7.632065098325211,1.8267629789317048
8748,7.632069955068413,1.8267583708604072
8749,7.632074808441678,1.8267537659871365
8750,7.632079658447345,1.8267491643096723
8751,7.632084505087748,1.8267445658257966
8752,7.632089348365224,1.8267399705332925
8753,7.632094188282111,1.8267353784299438
8754,7.632099024840735,1.826730789513538
8755,7.632103858043421,1.8267262037818628
8756,7.63210868789251,1.8267216212327064
8757,7.63211351439032,1.826717041863861
8758,7.6321183375391755,1.8267124656731186
8759,7.632123157341411,1.826707892658273
8760,7.632127973799338,1.8267033228171194
8761,7.632132786915279,1.8266987561474548
8762,7.632137596691556,1.8266941926470786
8763,7.632142403130487,1.826689632313791
8764,7.632147206234383,1.826685075145392
8765,7.63215200600556,1.8266805211396866
8766,7.632156802446331,1.826675970294478
8767,7.632161595559008,1.8266714226075729
8768,7.632166385345902,1.8266668780767792
8769,7.6321711718093095,1.826662336699906
8770,7.63217595495155,1.8266577984747638
8771,7.632180734774921,1.8266532633991652
8772,7.632185511281729,1.826648731470924
8773,7.63219028447427,1.8266442026878549
8774,7.632195054354851,1.8266396770477755
8775,7.632199820925763,1.8266351545485038
8776,7.6322045841893065,1.8266306351878592
8777,7.632209344147776,1.8266261189636643
8778,7.632214100803462,1.826621605873741
8779,7.632218854158663,1.826617095915914
8780,7.632223604215659,1.8266125890880087
8781,7.632228350976748,1.8266080853878528
8782,7.63223309444421,1.8266035848132758
8783,7.632237834620333,1.8265990873621072
8784,7.632242571507406,1.8265945930321799
8785,7.632247305107701,1.8265901018213264
8786,7.632252035423507,1.8265856137273822
8787,7.632256762457097,1.8265811287481837
8788,7.632261486210749,1.8265766468815687
8789,7.6322662066867455,1.8265721681253766
8790,7.632270923887359,1.8265676924774485
8791,7.632275637814854,1.826563219935627
8792,7.632280348471507,1.8265587504977552
8793,7.6322850558595965,1.82655428416168
8794,7.632289759981373,1.8265498209252466
8795,7.63229446083911,1.8265453607863051
8796,7.632299158435078,1.8265409037427045
8797,7.632303852771534,1.8265364497922965
8798,7.632308543850742,1.8265319989329338
8799,7.632313231674964,1.8265275511624712
8800,7.632317916246453,1.8265231064787641
8801,7.632322597567475,1.82651866487967
8802,7.632327275640274,1.826514226363048
8803,7.632331950467108,1.8265097909267582
8804,7.632336622050238,1.8265053585686626
8805,7.632341290391903,1.826500929286625
8806,7.632345955494355,1.8264965030785094
8807,7.632350617359848,1.8264920799421824
8808,7.632355275990616,1.8264876598755118
8809,7.63235993138892,1.8264832428763669
8810,7.6323645835569875,1.8264788289426177
8811,7.632369232497069,1.8264744180721382
8812,7.6323738782114,1.8264700102628002
8813,7.632378520702222,1.8264656055124804
8814,7.6323831599717655,1.8264612038190542
8815,7.632387796022271,1.8264568051804004
8816,7.632392428855976,1.8264524095943988
8817,7.632397058475102,1.8264480170589295
8818,7.63240168488189,1.826443627571876
8819,7.632406308078558,1.8264392411311217
8820,7.632410928067342,1.8264348577345524
8821,7.632415544850467,1.8264304773800553
8822,7.632420158430153,1.8264261000655175
8823,7.632424768808625,1.8264217257888307
8824,7.632429375988106,1.8264173545478852
8825,7.6324339799708145,1.8264129863405734
8826,7.6324385807589685,1.8264086211647914
8827,7.632443178354785,1.826404259018433
8828,7.632447772760475,1.8263998998993958
8829,7.632452363978259,1.8263955438055797
8830,7.632456952010344,1.8263911907348827
8831,7.632461536858942,1.8263868406852084
8832,7.632466118526258,1.8263824936544586
8833,7.632470697014508,1.8263781496405382
8834,7.6324752723258955,1.8263738086413528
8835,7.632479844462619,1.8263694706548101
8836,7.6324844134268846,1.8263651356788195
8837,7.632488979220893,1.8263608037112906
8838,7.6324935418468485,1.8263564747501353
8839,7.632498101306939,1.8263521487932666
8840,7.632502657603375,1.8263478258385992
8841,7.632507210738338,1.8263435058840494
8842,7.632511760714031,1.8263391889275347
8843,7.632516307532642,1.8263348749669739
8844,7.632520851196364,1.826330564000288
8845,7.632525391707386,1.8263262560253983
8846,7.632529929067891,1.8263219510402282
8847,7.63253446328007,1.8263176490427027
8848,7.632538994346106,1.8263133500307478
8849,7.63254352226818,1.8263090540022906
8850,7.63254804704848,1.8263047609552616
8851,7.632552568689178,1.8263004708875903
8852,7.632557087192454,1.8262961837972087
8853,7.632561602560487,1.826291899682051
8854,7.6325661147954555,1.8262876185400507
8855,7.632570623899531,1.826283340369145
8856,7.63257512987488,1.8262790651672711
8857,7.632579632723684,1.8262747929323686
8858,7.632584132448102,1.8262705236623777
8859,7.63258862905031,1.8262662573552408
8860,7.632593122532471,1.8262619940089009
8861,7.632597612896749,1.826257733621303
8862,7.632602100145313,1.8262534761903932
8863,7.632606584280313,1.82624922171412
8864,7.632611065303924,1.8262449701904315
8865,7.63261554321829,1.826240721617278
8866,7.632620018025584,1.8262364759926135
8867,7.632624489727947,1.8262322333143888
8868,7.632628958327547,1.826227993580561
8869,7.632633423826524,1.826223756789084
8870,7.632637886227038,1.8262195229379177
8871,7.632642345531241,1.8262152920250203
8872,7.632646801741272,1.8262110640483518
8873,7.632651254859286,1.8262068390058743
8874,7.632655704887426,1.8262026168955512
8875,7.6326601518278325,1.826198397715348
8876,7.632664595682652,1.8261941814632294
8877,7.632669036454026,1.8261899681371647
8878,7.632673474144092,1.8261857577351217
8879,7.632677908754986,1.8261815502550702
8880,7.63268234028885,1.8261773456949835
8881,7.632686768747816,1.8261731440528337
8882,7.632691194134016,1.8261689453265963
8883,7.632695616449586,1.8261647495142466
8884,7.6327000356966535,1.8261605566137622
8885,7.632704451877348,1.826156366623122
8886,7.632708864993796,1.8261521795403064
8887,7.6327132750481255,1.8261479953632969
8888,7.632717682042464,1.826143814090076
8889,7.632722085978932,1.8261396357186286
8890,7.632726486859651,1.8261354602469406
8891,7.63273088468674,1.8261312876729998
8892,7.632735279462317,1.8261271179947929
8893,7.632739671188502,1.8261229512103125
8894,7.632744059867413,1.8261187873175484
8895,7.63274844550116,1.8261146263144932
8896,7.632752828091859,1.826110468199142
8897,7.632757207641623,1.8261063129694899
8898,7.632761584152553,1.8261021606235344
8899,7.632765957626768,1.826098011159273
8900,7.63277032806637,1.8260938645747062
8901,7.632774695473464,1.8260897208678348
8902,7.632779059850157,1.8260855800366622
8903,7.632783421198551,1.8260814420791913
8904,7.632787779520745,1.826077306993427
8905,7.632792134818842,1.8260731747773775
8906,7.632796487094937,1.8260690454290502
8907,7.632800836351131,1.8260649189464542
8908,7.632805182589513,1.8260607953276011
8909,7.632809525812183,1.8260566745705022
8910,7.632813866021233,1.8260525566731718
8911,7.632818203218751,1.8260484416336251
8912,7.632822537406832,1.8260443294498778
8913,7.632826868587553,1.8260402201199482
8914,7.632831196763011,1.826036113641855
8915,7.632835521935289,1.8260320100136194
8916,7.63283984410647,1.8260279092332623
8917,7.632844163278639,1.8260238112988072
8918,7.632848479453867,1.8260197162082796
8919,7.632852792634245,1.8260156239597043
8920,7.63285710282185,1.8260115345511096
8921,7.63286141001875,1.8260074479805235
8922,7.632865714227031,1.826003364245977
8923,7.632870015448757,1.825999283345501
8924,7.6328743136860036,1.825995205277128
8925,7.632878608940847,1.8259911300388934
8926,7.632882901215352,1.8259870576288313
8927,7.632887190511583,1.8259829880449787
8928,7.632891476831615,1.8259789212853759
8929,7.632895760177503,1.82597485734806
8930,7.63290004055132,1.8259707962310736
8931,7.632904317955121,1.8259667379324591
8932,7.632908592390974,1.825962682450259
8933,7.632912863860934,1.82595862978252
8934,7.632917132367056,1.825954579927287
8935,7.6329213979113995,1.8259505328826093
8936,7.6329256604960225,1.8259464886465346
8937,7.632929920122976,1.8259424472171153
8938,7.632934176794311,1.8259384085924015
8939,7.632938430512082,1.8259343727704462
8940,7.632942681278333,1.825930339749306
8941,7.632946929095119,1.8259263095270355
8942,7.632951173964482,1.8259222821016925
8943,7.632955415888464,1.8259182574713348
8944,7.632959654869114,1.825914235634023
8945,7.6329638909084725,1.8259102165878185
8946,7.632968124008585,1.825906200330784
8947,7.6329723541714785,1.8259021868609822
8948,7.632976581399206,1.8258981761764803
8949,7.632980805693794,1.8258941682753445
8950,7.6329850270572805,1.8258901631556423
8951,7.632989245491702,1.8258861608154435
8952,7.632993460999084,1.8258821612528187
8953,7.632997673581466,1.8258781644658402
8954,7.633001883240872,1.8258741704525812
8955,7.633006089979334,1.8258701792111163
8956,7.633010293798873,1.8258661907395215
8957,7.633014494701519,1.825862205035875
8958,7.6330186926892925,1.8258582220982549
8959,7.633022887764226,1.8258542419247414
8960,7.633027079928324,1.8258502645134158
8961,7.633031269183623,1.8258462898623606
8962,7.633035455532125,1.8258423179696606
8963,7.633039638975861,1.8258383488334011
8964,7.633043819516843,1.8258343824516678
8965,7.63304799715708,1.8258304188225507
8966,7.633052171898585,1.8258264579441374
8967,7.633056343743376,1.8258224998145196
8968,7.633060512693461,1.825818544431789
8969,7.633064678750843,1.8258145917940394
8970,7.633068841917535,1.8258106418993643
8971,7.633073002195536,1.8258066947458609
8972,7.633077159586859,1.8258027503316263
8973,7.633081314093507,1.8257988086547587
8974,7.633085465717468,1.8257948697133588
8975,7.633089614460754,1.8257909335055278
8976,7.633093760325368,1.8257870000293677
8977,7.633097903313299,1.8257830692829828
8978,7.633102043426542,1.8257791412644788
8979,7.633106180667088,1.8257752159719616
8980,7.633110315036951,1.8257712934035397
8981,7.633114446538101,1.8257673735573214
8982,7.633118575172537,1.8257634564314178
8983,7.633122700942247,1.825759542023941
8984,7.633126823849222,1.8257556303330034
8985,7.633130943895439,1.825751721356721
8986,7.633135061082896,1.825747815093207
8987,7.633139175413568,1.8257439115405807
8988,7.633143286889439,1.825740010696959
8989,7.633147395512491,1.8257361125604628
8990,7.633151501284701,1.8257322171292123
8991,7.633155604208051,1.8257283244013303
8992,7.6331597042845125,1.82572443437494
8993,7.6331638015160665,1.8257205470481659
8994,7.633167895904685,1.8257166624191354
8995,7.633171987452339,1.8257127804859752
8996,7.633176076160999,1.8257089012468142
8997,7.633180162032638,1.8257050246997821
8998,7.633184245069221,1.8257011508430105
8999,7.6331883252727195,1.8256972796746327
9000,7.633192402645099,1.8256934111927823
9001,7.633196477188315,1.8256895453955941
9002,7.6332005489043455,1.825685682281206
9003,7.63320461779514,1.8256818218477546
9004,7.633208683862667,1.8256779640933793
9005,7.633212747108875,1.825674109016221
9006,7.6332168075357325,1.8256702566144212
9007,7.633220865145192,1.8256664068861232
9008,7.633224919939206,1.8256625598294705
9009,7.63322897191973,1.8256587154426094
9010,7.633233021088722,1.8256548737236866
9011,7.633237067448116,1.8256510346708508
9012,7.633241110999878,1.8256471982822506
9013,7.633245151745951,1.825643364556037
9014,7.633249189688281,1.8256395334903632
9015,7.633253224828815,1.825635705083381
9016,7.633257257169497,1.825631879333246
9017,7.633261286712266,1.825628056238113
9018,7.633265313459062,1.8256242357961403
9019,7.633269337411832,1.8256204180054854
9020,7.633273358572516,1.8256166028643095
9021,7.633277376943045,1.825612790370772
9022,7.633281392525353,1.8256089805230364
9023,7.633285405321382,1.825605173319265
9024,7.633289415333056,1.8256013687576242
9025,7.63329342256232,1.8255975668362792
9026,7.6332974270111,1.8255937675533966
9027,7.6333014286813174,1.8255899709071466
9028,7.633305427574904,1.825586176895698
9029,7.633309423693792,1.8255823855172224
9030,7.6333134170399015,1.8255785967698928
9031,7.6333174076151575,1.8255748106518823
9032,7.633321395421486,1.8255710271613659
9033,7.633325380460801,1.8255672462965205
9034,7.633329362735027,1.8255634680555224
9035,7.633333342246082,1.8255596924365516
9036,7.633337318995886,1.825555919437788
9037,7.6333412929863504,1.8255521490574125
9038,7.633345264219391,1.8255483812936077
9039,7.633349232696921,1.8255446161445574
9040,7.633353198420851,1.8255408536084476
9041,7.633357161393102,1.8255370936834638
9042,7.633361121615567,1.8255333363677932
9043,7.633365079090168,1.8255295816596262
9044,7.633369033818801,1.8255258295571521
9045,7.633372985803376,1.8255220800585619
9046,7.633376935045805,1.8255183331620488
9047,7.633380881547978,1.8255145888658069
9048,7.633384825311796,1.8255108471680306
9049,7.633388766339171,1.8255071080669172
9050,7.6333927046319925,1.8255033715606634
9051,7.633396640192158,1.8254996376474697
9052,7.633400573021566,1.8254959063255352
9053,7.633404503122116,1.8254921775930608
9054,7.633408430495696,1.8254884514482501
9055,7.6334123551441975,1.8254847278893067
9056,7.633416277069509,1.8254810069144356
9057,7.63342019627353,1.825477288521844
9058,7.633424112758138,1.8254735727097389
9059,7.633428026525227,1.8254698594763294
9060,7.633431937576678,1.8254661488198245
9061,7.633435845914377,1.8254624407384379
9062,7.633439751540211,1.8254587352303808
9063,7.633443654456053,1.8254550322938672
9064,7.6334475546637925,1.8254513319271126
9065,7.633451452165299,1.8254476341283323
9066,7.633455346962461,1.825443938895746
9067,7.633459239057148,1.8254402462275698
9068,7.633463128451235,1.8254365561220256
9069,7.633467015146601,1.8254328685773349
9070,7.6334708991451095,1.8254291835917191
9071,7.633474780448648,1.8254255011634024
9072,7.633478659059065,1.8254218212906104
9073,7.633482534978245,1.8254181439715689
9074,7.633486408208052,1.8254144692045047
9075,7.633490278750346,1.8254107969876476
9076,7.633494146606995,1.825407127319227
9077,7.633498011779871,1.8254034601974747
9078,7.6335018742708245,1.8253997956206218
9079,7.633505734081721,1.8253961335869027
9080,7.633509591214421,1.8253924740945526
9081,7.633513445670779,1.825388817141807
9082,7.63351729745266,1.8253851627269033
9083,7.633521146561912,1.8253815108480804
9084,7.633524993000392,1.8253778615035772
9085,7.633528836769954,1.8253742146916356
9086,7.633532677872446,1.8253705704104972
9087,7.633536516309723,1.8253669286584056
9088,7.633540352083634,1.8253632894336058
9089,7.633544185196024,1.8253596527343428
9090,7.6335480156487465,1.8253560185588642
9091,7.633551843443633,1.8253523869054185
9092,7.633555668582548,1.8253487577722547
9093,7.633559491067316,1.8253451311576243
9094,7.633563310899789,1.8253415070597778
9095,7.6335671280818005,1.8253378854769695
9096,7.633570942615196,1.8253342664074534
9097,7.633574754501811,1.825330649849485
9098,7.633578563743482,1.8253270358013216
9099,7.633582370342041,1.8253234242612204
9100,7.633586174299328,1.8253198152274408
9101,7.633589975617168,1.825316208698244
9102,7.633593774297398,1.8253126046718906
9103,7.633597570341851,1.8253090031466437
9104,7.63360136375235,1.8253054041207675
9105,7.633605154530726,1.8253018075925267
9106,7.633608942678799,1.8252982135601887
9107,7.633612728198406,1.8252946220220212
9108,7.633616511091359,1.825291032976292
9109,7.633620291359485,1.825287446421271
9110,7.633624069004606,1.8252838623552305
9111,7.6336278440285446,1.8252802807764423
9112,7.633631616433114,1.8252767016831808
9113,7.633635386220137,1.8252731250737204
9114,7.633639153391424,1.825269550946336
9115,7.633642917948796,1.8252659792993067
9116,7.633646679894061,1.8252624101309092
9117,7.6336504392290365,1.8252588434394248
9118,7.63365419595553,1.8252552792231334
9119,7.633657950075356,1.8252517174803171
9120,7.6336617015903165,1.8252481582092592
9121,7.63366545050222,1.8252446014082442
9122,7.633669196812881,1.8252410470755573
9123,7.633672940524095,1.825237495209486
9124,7.63367668163767,1.8252339458083178
9125,7.633680420155408,1.8252303988703416
9126,7.633684156079115,1.8252268543938477
9127,7.633687889410578,1.8252233123771284
9128,7.633691620151607,1.825219772818476
9129,7.6336953483039975,1.8252162357161843
9130,7.633699073869542,1.8252127010685486
9131,7.633702796850036,1.8252091688738652
9132,7.633706517247279,1.8252056391304308
9133,7.633710235063055,1.825202111836545
9134,7.633713950299162,1.8251985869905074
9135,7.6337176629573875,1.8251950645906188
9136,7.633721373039514,1.8251915446351812
9137,7.633725080547344,1.8251880271224987
9138,7.633728785482645,1.8251845120508754
9139,7.633732487847219,1.8251809994186166
9140,7.63373618764284,1.8251774892240293
9141,7.633739884871295,1.8251739814654226
9142,7.633743579534358,1.8251704761411045
9143,7.633747271633819,1.8251669732493865
9144,7.63375096117145,1.8251634727885788
9145,7.63375464814903,1.8251599747569955
9146,7.633758332568341,1.8251564791529498
9147,7.633762014431146,1.8251529859747568
9148,7.633765693739231,1.8251494952207328
9149,7.633769370494362,1.825146006889196
9150,7.6337730446983105,1.8251425209784644
9151,7.633776716352852,1.8251390374868575
9152,7.633780385459751,1.8251355564126963
9153,7.633784052020773,1.8251320777543028
9154,7.633787716037688,1.8251286015100014
9155,7.633791377512259,1.8251251276781157
9156,7.633795036446253,1.8251216562569712
9157,7.633798692841434,1.8251181872448945
9158,7.633802346699559,1.8251147206402143
9159,7.63380599802239,1.8251112564412595
9160,7.633809646811685,1.8251077946463592
9161,7.633813293069211,1.8251043352538463
9162,7.633816936796711,1.8251008782620528
9163,7.63382057799595,1.8250974236693123
9164,7.633824216668674,1.8250939714739596
9165,7.633827852816646,1.825090521674331
9166,7.633831486441614,1.8250870742687637
9167,7.633835117545322,1.8250836292555952
9168,7.633838746129527,1.8250801866331663
9169,7.633842372195977,1.8250767463998177
9170,7.633845995746416,1.8250733085538895
9171,7.633849616782592,1.8250698730937263
9172,7.633853235306248,1.8250664400176708
9173,7.633856851319132,1.8250630093240698
9174,7.633860464822977,1.825059581011269
9175,7.633864075819528,1.8250561550776156
9176,7.63386768431053,1.8250527315214595
9177,7.633871290297715,1.825049310341149
9178,7.633874893782822,1.825045891535036
9179,7.6338784947675835,1.8250424751014724
9180,7.6338820932537494,1.8250390610388119
9181,7.633885689243037,1.8250356493454076
9182,7.633889282737182,1.8250322400196168
9183,7.6338928737379215,1.8250288330597946
9184,7.633896462246982,1.8250254284643006
9185,7.633900048266091,1.8250220262314927
9186,7.633903631796976,1.8250186263597303
9187,7.633907212841369,1.8250152288473762
9188,7.63391079140099,1.8250118336927916
9189,7.6339143674775665,1.8250084408943414
9190,7.633917941072817,1.8250050504503894
9191,7.633921512188468,1.8250016623593004
9192,7.633925080826237,1.8249982766194435
9193,7.633928646987845,1.8249948932291855
9194,7.63393221067501,1.8249915121868954
9195,7.633935771889446,1.824988133490944
9196,7.633939330632869,1.8249847571397029
9197,7.633942886906999,1.8249813831315447
9198,7.633946440713546,1.8249780114648433
9199,7.633949992054221,1.8249746421379727
9200,7.633953540930734,1.8249712751493095
9201,7.633957087344801,1.8249679104972307
9202,7.633960631298121,1.824964548180115
9203,7.633964172792412,1.8249611881963406
9204,7.633967711829374,1.8249578305442895
9205,7.633971248410714,1.8249544752223428
9206,7.633974782538132,1.8249511222288821
9207,7.633978314213339,1.8249477715622928
9208,7.633981843438026,1.8249444232209602
9209,7.6339853702139004,1.824941077203268
9210,7.633988894542662,1.8249377335076058
9211,7.633992416426004,1.824934392132361
9212,7.633995935865626,1.8249310530759233
9213,7.63399945286322,1.824927716336683
9214,7.6340029674204875,1.824924381913032
9215,7.634006479539115,1.8249210498033634
9216,7.6340099892208,1.824917720006071
9217,7.6340134964672295,1.8249143925195495
9218,7.634017001280096,1.8249110673421953
9219,7.6340205036610875,1.824907744472406
9220,7.63402400361189,1.8249044239085794
9221,7.634027501134186,1.824901105649115
9222,7.634030996229669,1.8248977896924137
9223,7.634034488900016,1.8248944760368777
9224,7.634037979146918,1.8248911646809092
9225,7.634041466972048,1.824887855622912
9226,7.6340449523770895,1.824884548861292
9227,7.634048435363721,1.8248812443944544
9228,7.634051915933621,1.8248779422208077
9229,7.634055394088469,1.824874642338759
9230,7.634058869829934,1.8248713447467189
9231,7.634062343159698,1.8248680494430964
9232,7.634065814079431,1.8248647564263047
9233,7.634069282590806,1.8248614656947562
9234,7.634072748695493,1.824858177246864
9235,7.634076212395161,1.8248548910810445
9236,7.634079673691483,1.8248516071957124
9237,7.634083132586123,1.824848325589286
9238,7.634086589080746,1.8248450462601828
9239,7.634090043177025,1.8248417692068224
9240,7.6340934948766135,1.824838494427626
9241,7.6340969441811835,1.824835221921014
9242,7.63410039109239,1.8248319516854101
9243,7.6341038356119,1.8248286837192376
9244,7.634107277741368,1.824825418020921
9245,7.6341107174824545,1.8248221545888867
9246,7.634114154836813,1.8248188934215626
9247,7.634117589806109,1.8248156345173754
9248,7.634121022391984,1.824812377874755
9249,7.634124452596106,1.824809123492132
9250,7.634127880420126,1.824805871367937
9251,7.6341313058656795,1.824802621500603
9252,7.634134728934433,1.8247993738885644
9253,7.634138149628028,1.824796128530254
9254,7.634141567948114,1.8247928854241093
9255,7.634144983896339,1.8247896445685667
9256,7.63414839747435,1.8247864059620638
9257,7.634151808683792,1.824783169603039
9258,7.634155217526303,1.8247799354899343
9259,7.634158624003533,1.824776703621189
9260,7.634162028117114,1.8247734739952468
9261,7.6341654298686965,1.82477024661055
9262,7.634168829259907,1.8247670214655438
9263,7.634172226292398,1.824763798558673
9264,7.6341756209677945,1.824760577888385
9265,7.6341790132877385,1.8247573594531272
9266,7.6341824032538605,1.8247541432513479
9267,7.634185790867792,1.824750929281497
9268,7.634189176131172,1.8247477175420264
9269,7.634192559045627,1.8247445080313867
9270,7.634195939612792,1.8247413007480315
9271,7.634199317834283,1.8247380956904151
9272,7.634202693711738,1.8247348928569933
9273,7.634206067246784,1.8247316922462213
9274,7.6342094384410455,1.8247284938565567
9275,7.634212807296137,1.8247252976864585
9276,7.634216173813699,1.8247221037343853
9277,7.63421953799534,1.8247189119987985
9278,7.634222899842684,1.8247157224781594
9279,7.634226259357353,1.8247125351709303
9280,7.634229616540959,1.8247093500755758
9281,7.634232971395128,1.8247061671905602
9282,7.634236323921474,1.8247029865143491
9283,7.6342396741216065,1.8246998080454098
9284,7.634243021997147,1.8246966317822109
9285,7.634246367549709,1.8246934577232203
9286,7.634249710780899,1.8246902858669092
9287,7.634253051692329,1.8246871162117484
9288,7.634256390285607,1.8246839487562097
9289,7.634259726562344,1.8246807834987675
9290,7.634263060524151,1.8246776204378952
9291,7.6342663921726235,1.8246744595720692
9292,7.634269721509378,1.824671300899765
9293,7.634273048536016,1.8246681444194603
9294,7.634276373254132,1.8246649901296346
9295,7.634279695665338,1.8246618380287674
9296,7.634283015771229,1.8246586881153388
9297,7.6342863335734075,1.824655540387831
9298,7.634289649073472,1.8246523948447264
9299,7.634292962273018,1.8246492514845094
9300,7.634296273173643,1.8246461103056648
9301,7.634299581776938,1.8246429713066785
9302,7.634302888084504,1.8246398344860377
9303,7.634306192097929,1.8246366998422305
9304,7.634309493818812,1.8246335673737464
9305,7.634312793248732,1.8246304370790751
9306,7.634316090389286,1.8246273089567073
9307,7.634319385242064,1.8246241830051366
9308,7.634322677808649,1.8246210592228558
9309,7.63432596809063,1.824617937608359
9310,7.63432925608959,1.8246148181601418
9311,7.634332541807113,1.8246117008767013
9312,7.634335825244784,1.824608585756534
9313,7.6343391064041874,1.8246054727981391
9314,7.634342385286898,1.824602362000016
9315,7.6343456618945025,1.8245992533606652
9316,7.63434893622857,1.824596146878589
9317,7.634352208290687,1.8245930425522898
9318,7.634355478082425,1.8245899403802712
9319,7.634358745605364,1.8245868403610381
9320,7.634362010861067,1.8245837424930964
9321,7.634365273851126,1.8245806467749528
9322,7.634368534577095,1.8245775532051163
9323,7.634371793040555,1.824574461782094
9324,7.634375049243069,1.8245713725043973
9325,7.634378303186214,1.8245682853705365
9326,7.634381554871555,1.8245652003790243
9327,7.634384804300653,1.8245621175283733
9328,7.6343880514750815,1.824559036817098
9329,7.634391296396397,1.8245559582437136
9330,7.634394539066174,1.8245528818067354
9331,7.63439777948596,1.824549807504682
9332,7.634401017657332,1.8245467353360703
9333,7.634404253581835,1.82454366529942
9334,7.63440748726104,1.8245405973932525
9335,7.634410718696493,1.8245375316160877
9336,7.634413947889766,1.8245344679664488
9337,7.6344171748424055,1.8245314064428584
9338,7.634420399555965,1.8245283470438423
9339,7.6344236220320045,1.824525289767924
9340,7.634426842272063,1.8245222346136318
9341,7.634430060277711,1.8245191815794923
9342,7.634433276050488,1.8245161306640338
9343,7.634436489591943,1.8245130818657866
9344,7.634439700903627,1.8245100351832806
9345,7.6344429099870865,1.824506990615047
9346,7.634446116843865,1.82450394815962
9347,7.63444932147551,1.8245009078155314
9348,7.634452523883569,1.8244978695813172
9349,7.634455724069578,1.8244948334555118
9350,7.634458922035082,1.8244917994366525
9351,7.634462117781626,1.824488767523277
9352,7.6344653113107395,1.8244857377139243
9353,7.634468502623974,1.8244827100071341
9354,7.634471691722852,1.8244796844014464
9355,7.63447487860892,1.8244766608954028
9356,7.634478063283716,1.8244736394875474
9357,7.634481245748765,1.8244706201764227
9358,7.634484426005606,1.8244676029605738
9359,7.634487604055773,1.8244645878385466
9360,7.634490779900793,1.8244615748088877
9361,7.634493953542194,1.8244585638701456
9362,7.634497124981513,1.8244555550208679
9363,7.63450029422027,1.824452548259605
9364,7.634503461259994,1.8244495435849084
9365,7.634506626102215,1.8244465409953292
9366,7.6345097887484545,1.82444354048942
9367,7.634512949200237,1.8244405420657355
9368,7.6345161074590875,1.8244375457228292
9369,7.634519263526522,1.8244345514592581
9370,7.634522417404062,1.824431559273579
9371,7.634525569093233,1.8244285691643491
9372,7.634528718595542,1.8244255811301273
9373,7.634531865912526,1.8244225951694744
9374,7.63453501104568,1.8244196112809505
9375,7.634538153996529,1.8244166294631177
9376,7.634541294766586,1.8244136497145378
9377,7.634544433357371,1.8244106720337758
9378,7.634547569770388,1.8244076964193965
9379,7.634550704007146,1.8244047228699656
9380,7.634553836069159,1.8244017513840494
9381,7.6345569659579375,1.8243987819602163
9382,7.634560093674988,1.8243958145970347
9383,7.6345632192218185,1.8243928492930754
9384,7.634566342599932,1.8243898860469083
9385,7.6345694638108395,1.824386924857105
9386,7.634572582856031,1.8243839657222385
9387,7.634575699737026,1.8243810086408834
9388,7.634578814455313,1.8243780536116134
9389,7.6345819270124045,1.8243751006330047
9390,7.634585037409792,1.8243721497036345
9391,7.6345881456489755,1.8243692008220795
9392,7.634591251731454,1.8243662539869197
9393,7.634594355658722,1.8243633091967333
9394,7.634597457432273,1.824360366450102
9395,7.6346005570536075,1.8243574257456077
9396,7.634603654524214,1.8243544870818327
9397,7.634606749845587,1.8243515504573602
9398,7.634609843019217,1.8243486158707751
9399,7.6346129340465945,1.8243456833206637
9400,7.634616022929208,1.8243427528056122
9401,7.6346191096685505,1.8243398243242075
9402,7.634622194266096,1.8243368978750392
9403,7.6346252767233445,1.8243339734566955
9404,7.634628357041779,1.8243310510677688
9405,7.634631435222878,1.824328130706849
9406,7.634634511268128,1.824325212372529
9407,7.6346375851790125,1.8243222960634027
9408,7.634640656957006,1.8243193817780643
9409,7.634643726603593,1.824316469515109
9410,7.634646794120256,1.824313559273133
9411,7.634649859508466,1.8243106510507348
9412,7.634652922769703,1.8243077448465115
9413,7.634655983905445,1.8243048406590627
9414,7.634659042917157,1.8243019384869887
9415,7.634662099806325,1.824299038328891
9416,7.63466515457442,1.8242961401833713
9417,7.6346682072229095,1.8242932440490336
9418,7.634671257753262,1.8242903499244811
9419,7.634674306166954,1.82428745780832
9420,7.634677352465451,1.8242845676991553
9421,7.634680396650222,1.8242816795955954
9422,7.634683438722725,1.8242787934962459
9423,7.634686478684438,1.8242759093997185
9424,7.634689516536822,1.8242730273046222
9425,7.634692552281333,1.8242701472095677
9426,7.634695585919448,1.8242672691131667
9427,7.634698617452613,1.824264393014032
9428,7.634701646882299,1.8242615189107787
9429,7.634704674209964,1.8242586468020199
9430,7.63470769943706,1.8242557766863725
9431,7.634710722565053,1.8242529085624521
9432,7.63471374359539,1.8242500424288774
9433,7.634716762529545,1.8242471782842669
9434,7.634719779368951,1.8242443161272401
9435,7.634722794115067,1.8242414559564168
9436,7.634725806769355,1.8242385977704192
9437,7.634728817333261,1.8242357415678698
9438,7.634731825808228,1.8242328873473919
9439,7.634734832195718,1.8242300351076095
9440,7.634737836497172,1.8242271848471483
9441,7.634740838714039,1.8242243365646345
9442,7.634743838847764,1.8242214902586953
9443,7.634746836899794,1.8242186459279595
9444,7.634749832871575,1.8242158035710552
9445,7.6347528267645455,1.8242129631866126
9446,7.634755818580154,1.8242101247732634
9447,7.634758808319837,1.8242072883296392
9448,7.634761795985038,1.824204453854373
9449,7.634764781577194,1.8242016213460994
9450,7.634767765097749,1.8241987908034505
9451,7.634770746548131,1.824195962225066
9452,7.634773725929785,1.8241931356095795
9453,7.63477670324414,1.8241903109556308
9454,7.634779678492636,1.8241874882618576
9455,7.634782651676702,1.8241846675268993
9456,7.634785622797773,1.8241818487493962
9457,7.63478859185728,1.8241790319279902
9458,7.634791558856654,1.8241762170613234
9459,7.634794523797321,1.8241734041480402
9460,7.634797486680718,1.824170593186784
9461,7.634800447508259,1.8241677841761998
9462,7.634803406281381,1.8241649771149338
9463,7.634806363001511,1.8241621720016337
9464,7.634809317670062,1.824159368834947
9465,7.634812270288468,1.824156567613523
9466,7.634815220858148,1.8241537683360116
9467,7.634818169380527,1.8241509710010633
9468,7.634821115857018,1.8241481756073301
9469,7.634824060289047,1.8241453821534652
9470,7.634827002678028,1.8241425906381212
9471,7.634829943025381,1.8241398010599537
9472,7.6348328813325255,1.824137013417618
9473,7.634835817600867,1.82413422770977
9474,7.634838751831834,1.8241314439350678
9475,7.634841684026837,1.8241286620921697
9476,7.63484461418728,1.8241258821797346
9477,7.634847542314581,1.824123104196423
9478,7.634850468410153,1.8241203281408953
9479,7.634853392475395,1.8241175540118146
9480,7.634856314511727,1.824114781807843
9481,7.634859234520555,1.8241120115276448
9482,7.634862152503282,1.8241092431698853
9483,7.6348650684613135,1.8241064767332291
9484,7.6348679823960595,1.8241037122163444
9485,7.634870894308921,1.8241009496178973
9486,7.6348738042013045,1.8240981889365566
9487,7.6348767120746,1.8240954301709935
9488,7.634879617930226,1.8240926733198757
9489,7.6348825217695655,1.824089918381877
9490,7.634885423594028,1.8240871653556676
9491,7.63488832340501,1.8240844142399222
9492,7.634891221203909,1.824081665033314
9493,7.634894116992116,1.824078917734519
9494,7.634897010771033,1.8240761723422114
9495,7.634899902542048,1.8240734288550695
9496,7.634902792306559,1.82407068727177
9497,7.634905680065956,1.8240679475909927
9498,7.634908565821632,1.8240652098114167
9499,7.634911449574975,1.824062473931722
9500,7.634914331327373,1.824059739950591
9501,7.634917211080221,1.824057007866705
9502,7.634920088834895,1.8240542776787483
9503,7.634922964592796,1.8240515493854035
9504,7.634925838355302,1.8240488229853575
9505,7.634928710123792,1.824046098477295
9506,7.634931579899663,1.8240433758599033
9507,7.634934447684285,1.824040655131871
9508,7.6349373134790435,1.8240379362918855
9509,7.634940177285325,1.8240352193386375
9510,7.634943039104498,1.824032504270817
9511,7.634945898937955,1.8240297910871153
9512,7.634948756787061,1.8240270797862248
9513,7.634951612653199,1.8240243703668397
9514,7.634954466537748,1.824021662827653
9515,7.634957318442079,1.8240189571673604
9516,7.634960168367561,1.824016253384658
9517,7.63496301631558,1.824013551478242
9518,7.634965862287496,1.8240108514468112
9519,7.634968706284687,1.8240081532890635
9520,7.63497154830852,1.8240054570036985
9521,7.634974388360361,1.8240027625894175
9522,7.634977226441586,1.8240000700449208
9523,7.634980062553561,1.8239973793689117
9524,7.634982896697643,1.823994690560093
9525,7.634985728875212,1.8239920036171686
9526,7.634988559087621,1.8239893185388438
9527,7.6349913873362425,1.8239866353238245
9528,7.634994213622428,1.823983953970818
9529,7.634997037947552,1.823981274478531
9530,7.634999860312966,1.8239785968456728
9531,7.635002680720032,1.823975921070952
9532,7.635005499170112,1.8239732471530805
9533,7.635008315664557,1.823970575090769
9534,7.635011130204726,1.8239679048827289
9535,7.635013942791983,1.8239652365276742
9536,7.635016753427672,1.8239625700243183
9537,7.635019562113159,1.8239599053713764
9538,7.6350223688497865,1.8239572425675639
9539,7.63502517363891,1.8239545816115987
9540,7.635027976481882,1.823951922502196
9541,7.635030777380054,1.8239492652380767
9542,7.635033576334774,1.8239466098179589
9543,7.63503637334739,1.8239439562405626
9544,7.635039168419248,1.8239413045046093
9545,7.635041961551702,1.8239386546088214
9546,7.635044752746087,1.823936006551921
9547,7.635047542003755,1.8239333603326318
9548,7.635050329326046,1.8239307159496794
9549,7.6350531147143075,1.8239280734017889
9550,7.635055898169875,1.823925432687686
9551,7.635058679694097,1.8239227938060987
9552,7.635061459288306,1.8239201567557553
9553,7.635064236953851,1.8239175215353847
9554,7.63506701269206,1.8239148881437168
9555,7.635069786504274,1.823912256579482
9556,7.635072558391833,1.8239096268414128
9557,7.635075328356067,1.8239069989282413
9558,7.635078096398316,1.823904372838701
9559,7.635080862519908,1.823901748571527
9560,7.635083626722177,1.8238991261254534
9561,7.635086389006458,1.8238965054992171
9562,7.635089149374081,1.8238938866915546
9563,7.635091907826375,1.8238912697012042
9564,7.635094664364665,1.8238886545269042
9565,7.635097418990285,1.8238860411673938
9566,7.635100171704563,1.8238834296214153
9567,7.635102922508818,1.823880819887708
9568,7.63510567140438,1.8238782119650154
9569,7.635108418392573,1.8238756058520806
9570,7.63511116347472,1.823873001547647
9571,7.635113906652147,1.8238703990504588
9572,7.635116647926167,1.8238677983592635
9573,7.63511938729811,1.8238651994728068
9574,7.6351221247692935,1.8238626023898359
9575,7.63512486034103,1.8238600071090993
9576,7.6351275940146435,1.8238574136293468
9577,7.635130325791453,1.8238548219493278
9578,7.635133055672768,1.8238522320677935
9579,7.635135783659909,1.8238496439834955
9580,7.6351385097541895,1.8238470576951864
9581,7.635141233956919,1.8238444732016204
9582,7.635143956269418,1.8238418905015512
9583,7.635146676692985,1.8238393095937349
9584,7.635149395228942,1.8238367304769263
9585,7.635152111878601,1.8238341531498836
9586,7.635154826643261,1.8238315776113643
9587,7.635157539524234,1.823829003860127
9588,7.635160250522828,1.8238264318949309
9589,7.635162959640347,1.8238238617145375
9590,7.635165666878097,1.8238212933177071
9591,7.635168372237384,1.8238187267032027
9592,7.635171075719509,1.8238161618697868
9593,7.63517377732578,1.8238135988162234
9594,7.63517647705749,1.8238110375412775
9595,7.635179174915943,1.823808478043714
9596,7.6351818709024455,1.8238059203222996
9597,7.6351845650182835,1.823803364375802
9598,7.63518725726477,1.8238008102029897
9599,7.63518994764319,1.8237982578026308
9600,7.635192636154841,1.8237957071734963
9601,7.635195322801025,1.823793158314355
9602,7.635198007583035,1.8237906112239801
9603,7.635200690502159,1.8237880659011443
9604,7.635203371559691,1.82378552234462
9605,7.635206050756927,1.823782980553181
9606,7.635208728095157,1.8237804405256037
9607,7.635211403575668,1.8237779022606626
9608,7.635214077199751,1.8237753657571352
9609,7.635216748968691,1.8237728310137984
9610,7.635219418883777,1.823770298029432
9611,7.635222086946295,1.823767766802812
9612,7.635224753157539,1.8237652373327229
9613,7.635227417518776,1.823762709617943
9614,7.635230080031303,1.8237601836572541
9615,7.6352327406964005,1.8237576594494391
9616,7.63523539951535,1.8237551369932823
9617,7.6352380564894275,1.8237526162875668
9618,7.63524071161992,1.823750097331078
9619,7.635243364908104,1.8237475801226026
9620,7.635246016355258,1.8237450646609268
9621,7.635248665962655,1.8237425509448388
9622,7.635251313731583,1.8237400389731269
9623,7.635253959663305,1.8237375287445805
9624,7.635256603759103,1.8237350202579896
9625,7.635259246020246,1.823732513512145
9626,7.635261886448013,1.82373000850584
9627,7.635264525043675,1.8237275052378659
9628,7.635267161808497,1.823725003707016
9629,7.635269796743757,1.823722503912086
9630,7.635272429850718,1.8237200058518699
9631,7.635275061130656,1.8237175095251648
9632,7.635277690584832,1.8237150149307673
9633,7.635280318214516,1.8237125220674753
9634,7.6352829440209735,1.823710030934087
9635,7.635285568005471,1.8237075415294015
9636,7.635288190169268,1.8237050538522197
9637,7.635290810513629,1.8237025679013428
9638,7.635293429039822,1.8237000836755723
9639,7.635296045749105,1.823697601173711
9640,7.635298660642736,1.8236951203945626
9641,7.6353012737219785,1.8236926413369317
9642,7.6353038849880885,1.823690163999623
9643,7.63530649444233,1.8236876883814426
9644,7.635309102085956,1.823685214481198
9645,7.635311707920223,1.823682742297697
9646,7.635314311946382,1.8236802718297465
9647,7.635316914165701,1.8236778030761578
9648,7.63531951457941,1.8236753360357405
9649,7.63532211318879,1.8236728707073058
9650,7.635324709995076,1.823670407089665
9651,7.63532730499952,1.8236679451816311
9652,7.635329898203378,1.8236654849820177
9653,7.635332489607896,1.823663026489639
9654,7.635335079214317,1.8236605697033101
9655,7.635337667023902,1.8236581146218471
9656,7.6353402530378895,1.8236556612440669
9657,7.635342837257522,1.8236532095687863
9658,7.635345419684049,1.8236507595948253
9659,7.635348000318716,1.823648311321002
9660,7.635350579162765,1.8236458647461364
9661,7.635353156217439,1.8236434198690503
9662,7.635355731483977,1.8236409766885644
9663,7.635358304963619,1.8236385352035016
9664,7.635360876657611,1.823636095412686
9665,7.6353634465671885,1.8236336573149405
9666,7.635366014693588,1.8236312209090912
9667,7.635368581038049,1.8236287861939633
9668,7.635371145601804,1.8236263531683832
9669,7.635373708386095,1.823623921831179
9670,7.635376269392153,1.8236214921811784
9671,7.63537882862121,1.8236190642172105
9672,7.635381386074502,1.8236166379381054
9673,7.635383941753265,1.823614213342694
9674,7.63538649565872,1.8236117904298075
9675,7.635389047792105,1.8236093691982782
9676,7.63539159815465,1.823606949646939
9677,7.635394146747577,1.8236045317746241
9678,7.63539669357212,1.8236021155801685
9679,7.635399238629506,1.8235997010624074
9680,7.635401781920959,1.8235972882201767
9681,7.635404323447705,1.8235948770523143
9682,7.635406863210967,1.823592467557658
9683,7.63540940121197,1.8235900597350467
9684,7.6354119374519405,1.823587653583319
9685,7.635414471932095,1.8235852491013167
9686,7.635417004653651,1.8235828462878803
9687,7.635419535617844,1.8235804451418516
9688,7.635422064825872,1.823578045662074
9689,7.635424592278972,1.823575647847391
9690,7.635427117978355,1.8235732516966465
9691,7.635429641925237,1.8235708572086853
9692,7.635432164120828,1.8235684643823546
9693,7.6354346845663565,1.8235660732165004
9694,7.635437203263029,1.8235636837099711
9695,7.635439720212058,1.823561295861614
9696,7.635442235414657,1.8235589096702798
9697,7.635444748872042,1.8235565251348165
9698,7.635447260585417,1.823554142254077
9699,7.635449770556002,1.8235517610269114
9700,7.635452278784992,1.8235493814521728
9701,7.635454785273612,1.8235470035287142
9702,7.635457290023056,1.8235446272553897
9703,7.635459793034539,1.823542252631054
9704,7.63546229430926,1.8235398796545625
9705,7.635464793848429,1.8235375083247722
9706,7.635467291653251,1.8235351386405398
9707,7.6354697877249285,1.823532770600723
9708,7.63547228206466,1.8235304042041809
9709,7.6354747746736535,1.8235280394497733
9710,7.635477265553103,1.8235256763363599
9711,7.635479754704215,1.8235233148628025
9712,7.635482242128186,1.8235209550279623
9713,7.635484727826213,1.823518596830703
9714,7.6354872117994965,1.8235162402698875
9715,7.635489694049228,1.82351388534438
9716,7.635492174576614,1.8235115320530457
9717,7.635494653382837,1.8235091803947503
9718,7.6354971304690995,1.823506830368361
9719,7.635499605836594,1.823504481972745
9720,7.6355020794865105,1.82350213520677
9721,7.63550455142004,1.823499790069306
9722,7.635507021638376,1.8234974465592215
9723,7.635509490142711,1.8234951046753882
9724,7.635511956934229,1.8234927644166772
9725,7.6355144220141185,1.8234904257819604
9726,7.635516885383575,1.823488088770111
9727,7.635519347043774,1.8234857533800022
9728,7.635521806995911,1.8234834196105096
9729,7.6355242652411635,1.8234810874605072
9730,7.635526721780722,1.8234787569288722
9731,7.635529176615768,1.8234764280144802
9732,7.635531629747482,1.82347410071621
9733,7.635534081177049,1.8234717750329392
9734,7.635536530905653,1.8234694509635478
9735,7.635538978934463,1.8234671285069146
9736,7.63554142526467,1.8234648076619207
9737,7.635543869897446,1.8234624884274488
9738,7.635546312833971,1.82346017080238
9739,7.635548754075425,1.8234578547855977
9740,7.635551193622974,1.8234555403759853
9741,7.635553631477807,1.823453227572428
9742,7.6355560676410885,1.8234509163738108
9743,7.635558502113996,1.8234486067790203
9744,7.635560934897708,1.823446298786943
9745,7.635563365993385,1.8234439923964667
9746,7.635565795402203,1.8234416876064803
9747,7.635568223125335,1.8234393844158725
9748,7.635570649163953,1.8234370828235331
9749,7.635573073519215,1.823434782828354
9750,7.635575496192298,1.8234324844292258
9751,7.635577917184368,1.8234301876250412
9752,7.63558033649659,1.8234278924146927
9753,7.635582754130133,1.8234255987970749
9754,7.635585170086155,1.8234233067710828
9755,7.6355875843658225,1.8234210163356108
9756,7.635589996970303,1.8234187274895552
9757,7.635592407900755,1.8234164402318134
9758,7.635594817158342,1.8234141545612836
9759,7.635597224744221,1.8234118704768632
9760,7.635599630659557,1.8234095879774515
9761,7.635602034905506,1.8234073070619492
9762,7.635604437483229,1.8234050277292564
9763,7.63560683839388,1.8234027499782748
9764,7.635609237638614,1.8234004738079075
9765,7.635611635218593,1.8233981992170563
9766,7.635614031134971,1.8233959262046255
9767,7.635616425388899,1.8233936547695193
9768,7.635618817981529,1.8233913849106442
9769,7.635621208914023,1.8233891166269056
9770,7.63562359818752,1.8233868499172097
9771,7.635625985803187,1.8233845847804653
9772,7.635628371762162,1.82338232121558
9773,7.6356307560655905,1.8233800592214628
9774,7.635633138714636,1.8233777987970239
9775,7.635635519710436,1.8233755399411742
9776,7.635637899054142,1.8233732826528248
9777,7.6356402767469,1.8233710269308878
9778,7.63564265278985,1.8233687727742758
9779,7.635645027184142,1.8233665201819031
9780,7.635647399930926,1.823364269152684
9781,7.635649771031333,1.8233620196855331
9782,7.635652140486507,1.8233597717793668
9783,7.6356545082976,1.823357525433102
9784,7.635656874465742,1.8233552806456559
9785,7.63565923899208,1.823353037415946
9786,7.635661601877747,1.8233507957428923
9787,7.635663963123887,1.8233485556254136
9788,7.635666322731634,1.8233463170624309
9789,7.6356686807021275,1.8233440800528655
9790,7.635671037036499,1.8233418445956386
9791,7.635673391735888,1.823339610689673
9792,7.6356757448014285,1.8233373783338933
9793,7.635678096234253,1.8233351475272221
9794,7.635680446035495,1.8233329182685858
9795,7.6356827942062875,1.8233306905569087
9796,7.635685140747759,1.8233284643911174
9797,7.6356874856610455,1.8233262397701409
9798,7.6356898289472666,1.8233240166929043
9799,7.635692170607565,1.8233217951583376
9800,7.635694510643058,1.8233195751653704
9801,7.635696849054874,1.8233173567129328
9802,7.635699185844145,1.8233151397999547
9803,7.635701521011997,1.8233129244253692
9804,7.635703854559547,1.8233107105881077
9805,7.635706186487927,1.8233084982871037
9806,7.635708516798256,1.8233062875212902
9807,7.635710845491658,1.8233040782896033
9808,7.635713172569256,1.8233018705909774
9809,7.635715498032176,1.8232996644243482
9810,7.635717821881527,1.8232974597886529
9811,7.63572014411844,1.823295256682829
9812,7.635722464744022,1.8232930551058146
9813,7.635724783759399,1.8232908550565496
9814,7.635727101165691,1.8232886565339725
9815,7.635729416964009,1.8232864595370244
9816,7.635731731155467,1.823284264064647
9817,7.635734043741184,1.823282070115781
9818,7.635736354722273,1.82327987768937
9819,7.635738664099849,1.8232776867843572
9820,7.635740971875022,1.8232754973996863
9821,7.635743278048905,1.8232733095343034
9822,7.63574558262261,1.8232711231871532
9823,7.635747885597246,1.8232689383571818
9824,7.635750186973922,1.823266755043337
9825,7.635752486753749,1.823264573244566
9826,7.6357547849378316,1.8232623929598177
9827,7.635757081527279,1.8232602141880412
9828,7.635759376523201,1.823258036928187
9829,7.635761669926696,1.8232558611792051
9830,7.635763961738879,1.823253686940047
9831,7.635766251960841,1.8232515142096657
9832,7.635768540593699,1.8232493429870131
9833,7.635770827638547,1.8232471732710438
9834,7.635773113096485,1.8232450050607114
9835,7.635775396968623,1.8232428383549715
9836,7.635777679256056,1.8232406731527793
9837,7.635779959959882,1.8232385094530918
9838,7.635782239081204,1.8232363472548665
9839,7.635784516621115,1.8232341865570605
9840,7.635786792580719,1.8232320273586335
9841,7.635789066961107,1.8232298696585445
9842,7.635791339763379,1.8232277134557535
9843,7.635793610988623,1.8232255587492219
9844,7.63579588063794,1.823223405537911
9845,7.635798148712425,1.823221253820783
9846,7.635800415213158,1.8232191035968004
9847,7.6358026801412455,1.8232169548649284
9848,7.635804943497772,1.8232148076241301
9849,7.6358072052838315,1.8232126618733717
9850,7.635809465500509,1.8232105176116185
9851,7.635811724148896,1.8232083748378376
9852,7.635813981230084,1.8232062335509953
9853,7.6358162367451525,1.8232040937500618
9854,7.635818490695194,1.823201955434003
9855,7.635820743081292,1.8231998186017908
9856,7.635822993904537,1.8231976832523946
9857,7.635825243166003,1.8231955493847847
9858,7.635827490866783,1.823193416997934
9859,7.635829737007955,1.8231912860908137
9860,7.635831981590605,1.8231891566623974
9861,7.635834224615812,1.8231870287116587
9862,7.635836466084655,1.8231849022375732
9863,7.635838705998216,1.823182777239114
9864,7.635840944357577,1.8231806537152588
9865,7.635843181163812,1.8231785316649831
9866,7.635845416417996,1.8231764110872657
9867,7.635847650121212,1.8231742919810825
9868,7.635849882274536,1.8231721743454141
9869,7.635852112879042,1.8231700581792396
9870,7.635854341935801,1.8231679434815384
9871,7.635856569445893,1.8231658302512925
9872,7.635858795410388,1.8231637184874818
9873,7.635861019830359,1.8231616081890911
9874,7.635863242706875,1.823159499355101
9875,7.635865464041012,1.823157391984497
9876,7.635867683833839,1.8231552860762625
9877,7.63586990208642,1.823153181629382
9878,7.635872118799829,1.8231510786428433
9879,7.635874333975134,1.8231489771156308
9880,7.635876547613402,1.8231468770467338
9881,7.635878759715695,1.8231447784351384
9882,7.635880970283081,1.8231426812798346
9883,7.6358831793166315,1.8231405855798108
9884,7.635885386817403,1.8231384913340578
9885,7.63588759278646,1.8231363985415654
9886,7.635889797224871,1.8231343072013262
9887,7.63589200013369,1.8231322173123314
9888,7.635894201513989,1.8231301288735744
9889,7.635896401366814,1.823128041884049
9890,7.635898599693238,1.8231259563427484
9891,7.6359007964943135,1.8231238722486678
9892,7.635902991771099,1.823121789600804
9893,7.635905185524654,1.8231197083981519
9894,7.635907377756035,1.8231176286397097
9895,7.635909568466296,1.823115550324474
9896,7.6359117576564985,1.8231134734514445
9897,7.635913945327696,1.8231113980196185
9898,7.635916131480932,1.8231093240279983
9899,7.63591831611727,1.8231072514755817
9900,7.635920499237764,1.8231051803613727
9901,7.635922680843458,1.823103110684371
9902,7.635924860935403,1.8231010424435796
9903,7.635927039514663,1.8230989756380025
9904,7.635929216582269,1.8230969102666432
9905,7.63593139213928,1.8230948463285066
9906,7.635933566186748,1.8230927838225979
9907,7.635935738725712,1.823090722747923
9908,7.635937909757221,1.823088663103489
9909,7.635940079282327,1.8230866048883034
9910,7.6359422473020615,1.823084548101373
9911,7.6359444138174855,1.8230824927417086
9912,7.635946578829632,1.8230804388083184
9913,7.63594874233955,1.8230783863002127
9914,7.635950904348276,1.8230763352164028
9915,7.635953064856856,1.8230742855559003
9916,7.635955223866326,1.8230722373177164
9917,7.6359573813777315,1.8230701905008655
9918,7.635959537392114,1.8230681451043604
9919,7.635961691910502,1.8230661011272151
9920,7.635963844933944,1.8230640585684457
9921,7.6359659964634705,1.823062017427066
9922,7.635968146500124,1.8230599777020942
9923,7.6359702950449355,1.8230579393925463
9924,7.63597244209894,1.8230559024974413
9925,7.635974587663176,1.8230538670157954
9926,7.635976731738675,1.8230518329466296
9927,7.6359788743264705,1.8230498002889626
9928,7.635981015427592,1.8230477690418152
9929,7.635983155043074,1.8230457392042085
9930,7.6359852931739445,1.823043710775164
9931,7.635987429821242,1.8230416837537047
9932,7.6359895649859855,1.8230396581388537
9933,7.635991698669204,1.8230376339296341
9934,7.635993830871932,1.8230356111250712
9935,7.635995961595197,1.82303358972419
9936,7.635998090840019,1.8230315697260164
9937,7.636000218607432,1.8230295511295764
9938,7.636002344898451,1.823027533933898
9939,7.636004469714108,1.8230255181380084
9940,7.636006593055425,1.8230235037409368
9941,7.636008714923427,1.823021490741712
9942,7.636010835319129,1.8230194791393635
9943,7.636012954243558,1.823017468932923
9944,7.636015071697739,1.8230154601214208
9945,7.636017187682687,1.8230134527038893
9946,7.636019302199418,1.8230114466793614
9947,7.636021415248957,1.8230094420468692
9948,7.636023526832317,1.823007438805448
9949,7.636025636950525,1.8230054369541318
9950,7.636027745604584,1.8230034364919556
9951,7.636029852795517,1.823001437417956
9952,7.636031958524341,1.8229994397311684
9953,7.636034062792068,1.8229974434306317
9954,7.636036165599712,1.8229954485153832
9955,7.636038266948288,1.8229934549844613
9956,7.636040366838805,1.8229914628369053
9957,7.636042465272278,1.8229894720717554
9958,7.636044562249713,1.8229874826880519
9959,7.636046657772128,1.8229854946848372
9960,7.6360487518405264,1.8229835080611514
9961,7.636050844455918,1.8229815228160384
9962,7.636052935619311,1.8229795389485417
9963,7.636055025331717,1.8229775564577042
9964,7.636057113594138,1.8229755753425712
9965,7.636059200407577,1.8229735956021877
9966,7.636061285773051,1.8229716172356003
9967,7.63606336969156,1.8229696402418547
9968,7.636065452164097,1.8229676646199988
9969,7.636067533191681,1.8229656903690796
9970,7.636069612775305,1.8229637174881475
9971,7.636071690915973,1.82296174597625
9972,7.636073767614686,1.8229597758324374
9973,7.63607584287245,1.8229578070557608
9974,7.636077916690262,1.8229558396452712
9975,7.636079989069111,1.8229538736000197
9976,7.636082060010009,1.8229519089190607
9977,7.636084129513948,1.8229499456014457
9978,7.636086197581925,1.8229479836462288
9979,7.636088264214936,1.8229460230524652
9980,7.63609032941398,1.82294406381921
9981,7.636092393180049,1.8229421059455184
9982,7.6360944555141375,1.8229401494304471
9983,7.636096516417242,1.8229381942730536
9984,7.63609857589035,1.8229362404723948
9985,7.636100633934457,1.822934288027531
9986,7.636102690550556,1.822932336937519
9987,7.636104745739632,1.82293038720142
9988,7.636106799502683,1.8229284388182947
9989,7.636108851840694,1.8229264917872028
9990,7.6361109027546545,1.8229245461072063
9991,7.6361129522455515,1.8229226017773692
9992,7.636115000314376,1.8229206587967524
9993,7.636117046962109,1.8229187171644203
9994,7.636119092189741,1.8229167768794379
9995,7.636121135998257,1.8229148379408695
9996,7.636123178388644,1.8229129003477809
9997,7.636125219361879,1.822910964099238
9998,7.636127258918949,1.822909029194308
9999,7.636129297060837,1.8229070956320583
10000,7.6361313337885255,1.8229051634115578
10001,7.636133369102995,1.8229032325318746
10002,7.636135403005224,1.8229013029920784
10003,7.636137435496197,1.8228993747912396
10004,7.636139466576891,1.8228974479284281
10005,7.636141496248285,1.8228955224027164
10006,7.636143524511352,1.8228935982131758
10007,7.636145551367079,1.8228916753588797
10008,7.636147576816434,1.8228897538389008
10009,7.636149600860396,1.8228878336523135
10010,7.636151623499939,1.8228859147981924
10011,7.636153644736035,1.8228839972756128
10012,7.636155664569669,1.8228820810836504
10013,7.636157683001799,1.8228801662213823
10014,7.636159700033408,1.822878252687885
10015,7.636161715665464,1.8228763404822375
10016,7.636163729898944,1.8228744296035162
10017,7.636165742734804,1.8228725200508027
10018,7.6361677541740285,1.8228706118231757
10019,7.636169764217578,1.8228687049197145
10020,7.6361717728664225,1.8228667993395018
10021,7.6361737801215375,1.8228648950816186
10022,7.63617578598388,1.8228629921451474
10023,7.6361777904544175,1.8228610905291713
10024,7.636179793534121,1.8228591902327735
10025,7.636181795223952,1.8228572912550383
10026,7.636183795524879,1.8228553935950509
10027,7.636185794437856,1.8228534972518964
10028,7.636187791963855,1.8228516022246612
10029,7.636189788103834,1.822849708512432
10030,7.636191782858762,1.8228478161142962
10031,7.636193776229592,1.8228459250293423
10032,7.636195768217285,1.8228440352566582
10033,7.636197758822805,1.8228421467953335
10034,7.6361997480471056,1.8228402596444582
10035,7.636201735891152,1.822838373803123
10036,7.636203722355894,1.8228364892704185
10037,7.636205707442301,1.822834606045438
10038,7.636207691151315,1.8228327241272722
10039,7.636209673483897,1.8228308435150156
10040,7.636211654441006,1.8228289642077604
10041,7.63621363402359,1.8228270862046025
10042,7.636215612232608,1.8228252095046362
10043,7.6362175890690125,1.8228233341069568
10044,7.636219564533754,1.8228214600106611
10045,7.636221538627785,1.8228195872148456
10046,7.636223511352054,1.8228177157186078
10047,7.636225482707516,1.8228158455210468
10048,7.6362274526951195,1.8228139766212597
10049,7.636229421315811,1.8228121090183473
10050,7.636231388570541,1.8228102427114086
10051,7.636233354460258,1.8228083776995443
10052,7.636235318985906,1.8228065139818566
10053,7.6362372821484374,1.8228046515574456
10054,7.636239243948792,1.8228027904254163
10055,7.636241204387918,1.8228009305848691
10056,7.636243163466761,1.8227990720349099
10057,7.636245121186259,1.8227972147746423
10058,7.636247077547359,1.8227953588031702
10059,7.6362490325510075,1.822793504119601
10060,7.6362509861981405,1.8227916507230404
10061,7.636252938489701,1.822789798612594
10062,7.636254889426634,1.8227879477873707
10063,7.636256839009871,1.8227860982464779
10064,7.636258787240355,1.8227842499890254
10065,7.636260734119031,1.8227824030141209
10066,7.636262679646826,1.8227805573208746
10067,7.636264623824686,1.8227787129083985
10068,7.636266566653543,1.8227768697758022
10069,7.636268508134333,1.8227750279221981
10070,7.636270448267997,1.8227731873466988
10071,7.6362723870554605,1.8227713480484165
10072,7.636274324497667,1.822769510026466
10073,7.636276260595539,1.822767673279961
10074,7.63627819535002,1.8227658378080163
10075,7.6362801287620385,1.8227640036097474
10076,7.636282060832526,1.8227621706842705
10077,7.636283991562411,1.8227603390307026
10078,7.636285920952627,1.82275850864816
10079,7.636287849004095,1.8227566795357617
10080,7.636289775717762,1.8227548516926253
10081,7.636291701094537,1.8227530251178714
10082,7.636293625135362,1.8227511998106194
10083,7.6362955478411525,1.8227493757699877
10084,7.636297469212844,1.8227475529950998
10085,7.636299389251354,1.8227457314850755
10086,7.6363013079576145,1.8227439112390385
10087,7.636303225332548,1.8227420922561104
10088,7.636305141377078,1.8227402745354155
10089,7.636307056092124,1.822738458076077
10090,7.636308969478614,1.8227366428772207
10091,7.636310881537465,1.8227348289379708
10092,7.636312792269605,1.8227330162574538
10093,7.6363147016759445,1.8227312048347954
10094,7.636316609757414,1.8227293946691239
10095,7.636318516514925,1.8227275857595657
10096,7.636320421949404,1.8227257781052502
10097,7.63632232606176,1.822723971705305
10098,7.636324228852916,1.8227221665588613
10099,7.636326130323786,1.8227203626650474
10100,7.636328030475286,1.8227185600229954
10101,7.636329929308334,1.8227167586318354
10102,7.636331826823846,1.8227149584907005
10103,7.63633372302273,1.822713159598723
10104,7.636335617905903,1.8227113619550355
10105,7.636337511474285,1.8227095655587713
10106,7.636339403728776,1.8227077704090662
10107,7.636341294670298,1.8227059765050542
10108,7.636343184299754,1.82270418384587
10109,7.636345072618054,1.8227023924306511
10110,7.636346959626113,1.8227006022585341
10111,7.636348845324843,1.8226988133286552
10112,7.6363507297151445,1.8226970256401536
10113,7.636352612797932,1.822695239192167
10114,7.636354494574106,1.8226934539838346
10115,7.6363563750445795,1.822691670014297
10116,7.636358254210253,1.8226898872826935
10117,7.636360132072044,1.8226881057881648
10118,7.636362008630836,1.8226863255298538
10119,7.636363883887551,1.822684546506901
10120,7.636365757843086,1.8226827687184497
10121,7.636367630498341,1.8226809921636435
10122,7.636369501854226,1.8226792168416266
10123,7.636371371911636,1.8226774427515422
10124,7.636373240671475,1.8226756698925364
10125,7.63637510813464,1.8226738982637545
10126,7.636376974302034,1.822672127864343
10127,7.63637883917456,1.822670358693448
10128,7.636380702753107,1.8226685907502185
10129,7.636382565038578,1.8226668240338009
10130,7.636384426031871,1.8226650585433446
10131,7.636386285733879,1.8226632942779986
10132,7.6363881441455055,1.8226615312369128
10133,7.6363900012676345,1.822659769419238
10134,7.636391857101172,1.822658008824124
10135,7.636393711647005,1.8226562494507237
10136,7.636395564906027,1.8226544912981888
10137,7.636397416879136,1.8226527343656718
10138,7.636399267567219,1.8226509786523257
10139,7.636401116971175,1.8226492241573056
10140,7.636402965091881,1.8226474708797653
10141,7.636404811930244,1.8226457188188596
10142,7.636406657487144,1.8226439679737452
10143,7.636408501763471,1.8226422183435769
10144,7.6364103447601135,1.8226404699275127
10145,7.6364121864779655,1.8226387227247096
10146,7.636414026917903,1.8226369767343262
10147,7.636415866080825,1.8226352319555204
10148,7.636417703967609,1.8226334883874518
10149,7.636419540579142,1.8226317460292798
10150,7.636421375916312,1.822630004880165
10151,7.636423209980002,1.8226282649392687
10152,7.636425042771097,1.8226265262057513
10153,7.636426874290471,1.8226247886787765
10154,7.636428704539019,1.8226230523575062
10155,7.636430533517617,1.8226213172411032
10156,7.636432361227145,1.822619583328732
10157,7.636434187668485,1.8226178506195567
10158,7.636436012842515,1.8226161191127428
10159,7.636437836750123,1.8226143888074553
10160,7.636439659392176,1.8226126597028607
10161,7.636441480769555,1.822610931798126
10162,7.636443300883143,1.822609205092418
10163,7.6364451197338115,1.8226074795849045
10164,7.636446937322441,1.8226057552747552
10165,7.636448753649905,1.8226040321611372
10166,7.636450568717076,1.8226023102432216
10167,7.6364523825248325,1.8226005895201787
10168,7.636454195074046,1.8225988699911784
10169,7.636456006365592,1.822597151655393
10170,7.636457816400339,1.8225954345119932
10171,7.636459625179167,1.8225937185601526
10172,7.636461432702937,1.8225920037990446
10173,7.636463238972525,1.8225902902278415
10174,7.636465043988808,1.8225885778457178
10175,7.636466847752646,1.8225868666518499
10176,7.636468650264908,1.8225851566454119
10177,7.63647045152647,1.8225834478255791
10178,7.636472251538192,1.8225817401915299
10179,7.636474050300947,1.8225800337424396
10180,7.636475847815593,1.8225783284774868
10181,7.636477644083008,1.8225766243958497
10182,7.636479439104053,1.8225749214967066
10183,7.636481232879587,1.822573219779238
10184,7.63648302541048,1.8225715192426226
10185,7.636484816697597,1.8225698198860416
10186,7.636486606741794,1.8225681217086755
10187,7.636488395543939,1.822566424709707
10188,7.636490183104893,1.822564728888318
10189,7.636491969425517,1.8225630342436905
10190,7.6364937545066685,1.8225613407750085
10191,7.636495538349217,1.822559648481456
10192,7.63649732095401,1.822557957362217
10193,7.636499102321915,1.8225562674164772
10194,7.636500882453783,1.8225545786434216
10195,7.6365026613504785,1.822552891042237
10196,7.636504439012854,1.8225512046121095
10197,7.63650621544177,1.8225495193522268
10198,7.6365079906380755,1.8225478352617772
10199,7.636509764602636,1.822546152339949
10200,7.636511537336298,1.8225444705859302
10201,7.636513308839916,1.8225427899989113
10202,7.6365150791143455,1.8225411105780822
10203,7.636516848160435,1.8225394323226338
10204,7.6365186159790515,1.8225377552317572
10205,7.636520382571029,1.822536079304644
10206,7.6365221479372245,1.8225344045404865
10207,7.636523912078496,1.8225327309384791
10208,7.636525674995683,1.822531058497813
10209,7.636527436689641,1.8225293872176844
10210,7.636529197161216,1.8225277170972862
10211,7.636530956411257,1.8225260481358145
10212,7.636532714440615,1.8225243803324653
10213,7.63653447125013,1.8225227136864341
10214,7.636536226840654,1.8225210481969183
10215,7.6365379812130305,1.8225193838631153
10216,7.636539734368105,1.822517720684223
10217,7.636541486306724,1.8225160586594393
10218,7.636543237029727,1.8225143977879643
10219,7.636544986537961,1.8225127380689967
10220,7.636546734832272,1.8225110795017374
10221,7.636548481913492,1.8225094220853872
10222,7.636550227782475,1.8225077658191473
10223,7.636551972440057,1.8225061107022194
10224,7.63655371588707,1.8225044567338058
10225,7.636555458124368,1.822502803913109
10226,7.6365571991527865,1.8225011522393337
10227,7.636558938973158,1.8224995017116832
10228,7.636560677586329,1.8224978523293627
10229,7.636562414993129,1.8224962040915764
10230,7.636564151194397,1.8224945569975306
10231,7.636565886190975,1.8224929110464319
10232,7.636567619983696,1.822491266237487
10233,7.6365693525733915,1.8224896225699025
10234,7.636571083960903,1.8224879800428877
10235,7.636572814147061,1.8224863386556505
10236,7.636574543132696,1.8224846984073984
10237,7.636576270918646,1.8224830592973438
10238,7.636577997505744,1.822481421324695
10239,7.636579722894818,1.8224797844886627
10240,7.636581447086699,1.822478148788459
10241,7.636583170082219,1.8224765142232942
10242,7.636584891882211,1.8224748807923825
10243,7.636586612487501,1.8224732484949353
10244,7.63658833189892,1.8224716173301674
10245,7.636590050117295,1.822469987297291
10246,7.6365917671434556,1.8224683583955223
10247,7.636593482978225,1.8224667306240745
10248,7.6365951976224355,1.8224651039821653
10249,7.636596911076907,1.8224634784690095
10250,7.636598623342472,1.822461854083824
10251,7.636600334419949,1.8224602308258264
10252,7.636602044310166,1.8224586086942338
10253,7.636603753013947,1.822456987688265
10254,7.63660546053211,1.8224553678071391
10255,7.636607166865484,1.8224537490500752
10256,7.6366088720148895,1.8224521314162925
10257,7.636610575981151,1.8224505149050128
10258,7.636612278765081,1.8224488995154562
10259,7.636613980367506,1.8224472852468452
10260,7.636615680789243,1.8224456720984008
10261,7.636617380031115,1.8224440600693461
10262,7.636619078093942,1.8224424491589044
10263,7.636620774978531,1.8224408393662994
10264,7.63662247068571,1.822439230690755
10265,7.636624165216294,1.8224376231314967
10266,7.636625858571101,1.822436016687749
10267,7.636627550750938,1.822434411358738
10268,7.636629241756629,1.822432807143691
10269,7.636630931588991,1.822431204041834
10270,7.636632620248827,1.822429602052395
10271,7.636634307736963,1.8224280011746015
10272,7.636635994054201,1.8224264014076819
10273,7.6366376792013595,1.8224248027508665
10274,7.636639363179248,1.8224232052033837
10275,7.636641045988683,1.8224216087644645
10276,7.636642727630469,1.8224200134333393
10277,7.636644408105419,1.8224184192092383
10278,7.6366460874143405,1.8224168260913949
10279,7.63664776555805,1.8224152340790407
10280,7.636649442537344,1.8224136431714082
10281,7.636651118353038,1.8224120533677313
10282,7.636652793005941,1.8224104646672439
10283,7.636654466496855,1.82240887706918
10284,7.636656138826587,1.8224072905727746
10285,7.636657809995945,1.822405705177264
10286,7.636659480005733,1.8224041208818833
10287,7.636661148856756,1.822402537685869
10288,7.636662816549817,1.8224009555884584
10289,7.636664483085718,1.82239937458889
10290,7.6366661484652685,1.8223977946864007
10291,7.636667812689267,1.8223962158802305
10292,7.636669475758514,1.822394638169616
10293,7.636671137673806,1.8223930615537993
10294,7.6366727984359555,1.822391486032021
10295,7.636674458045753,1.8223899116035198
10296,7.6366761165040025,1.8223883382675383
10297,7.6366777738115,1.8223867660233186
10298,7.636679429969049,1.8223851948701022
10299,7.636681084977442,1.8223836248071326
10300,7.6366827388374805,1.822382055833653
10301,7.636684391549959,1.8223804879489067
10302,7.636686043115669,1.8223789211521397
10303,7.63668769353542,1.822377355442596
10304,7.636689342809994,1.8223757908195204
10305,7.63669099094019,1.82237422728216
10306,7.636692637926804,1.8223726648297613
10307,7.636694283770625,1.822371103461571
10308,7.63669592847245,1.8223695431768372
10309,7.63669757203307,1.822367983974807
10310,7.636699214453278,1.82236642585473
10311,7.636700855733861,1.8223648688158551
10312,7.636702495875614,1.8223633128574317
10313,7.636704134879332,1.8223617579787101
10314,7.636705772745793,1.822360204178942
10315,7.636707409475792,1.8223586514573777
10316,7.636709045070117,1.8223570998132688
10317,7.636710679529556,1.822355549245868
10318,7.636712312854899,1.8223539997544278
10319,7.63671394504693,1.8223524513382017
10320,7.636715576106436,1.8223509039964443
10321,7.636717206034204,1.8223493577284082
10322,7.63671883483102,1.8223478125333503
10323,7.636720462497662,1.8223462684105243
10324,7.636722089034923,1.8223447253591873
10325,7.636723714443579,1.8223431833785946
10326,7.636725338724423,1.8223416424680043
10327,7.636726961878225,1.8223401026266737
10328,7.636728583905775,1.8223385638538598
10329,7.636730204807856,1.822337026148822
10330,7.6367318245852465,1.822335489510819
10331,7.636733443238725,1.8223339539391104
10332,7.63673506076907,1.822332419432956
10333,7.6367366771770655,1.8223308859916167
10334,7.636738292463488,1.8223293536143537
10335,7.636739906629114,1.8223278223004276
10336,7.636741519674726,1.8223262920491015
10337,7.636743131601094,1.822324762859638
10338,7.636744742409004,1.8223232347312996
10339,7.636746352099226,1.82232170766335
10340,7.6367479606725315,1.822320181655054
10341,7.636749568129709,1.822318656705675
10342,7.6367511744715175,1.8223171328144796
10343,7.63675277969874,1.8223156099807323
10344,7.636754383812148,1.8223140882037003
10345,7.636755986812512,1.8223125674826492
10346,7.636757588700607,1.822311047816847
10347,7.636759189477206,1.8223095292055609
10348,7.636760789143079,1.8223080116480594
10349,7.636762387698996,1.8223064951436116
10350,7.636763985145722,1.822304979691486
10351,7.636765581484035,1.8223034652909529
10352,7.636767176714701,1.8223019519412822
10353,7.63676877083849,1.8223004396417442
10354,7.636770363856166,1.8222989283916113
10355,7.636771955768499,1.822297418190154
10356,7.636773546576257,1.8222959090366453
10357,7.636775136280204,1.822294400930358
10358,7.636776724881105,1.8222928938705651
10359,7.636778312379736,1.8222913878565408
10360,7.636779898776848,1.8222898828875587
10361,7.636781484073209,1.8222883789628943
10362,7.636783068269585,1.822286876081822
10363,7.636784651366745,1.8222853742436185
10364,7.63678623336544,1.8222838734475595
10365,7.636787814266437,1.822282373692922
10366,7.636789394070503,1.8222808749789836
10367,7.636790972778392,1.8222793773050214
10368,7.636792550390863,1.822277880670315
10369,7.636794126908687,1.8222763850741415
10370,7.636795702332614,1.8222748905157813
10371,7.636797276663402,1.8222733969945137
10372,7.636798849901815,1.8222719045096196
10373,7.636800422048611,1.8222704130603793
10374,7.636801993104546,1.822268922646074
10375,7.636803563070373,1.8222674332659858
10376,7.636805131946855,1.8222659449193972
10377,7.636806699734743,1.8222644576055904
10378,7.636808266434799,1.8222629713238485
10379,7.636809832047769,1.8222614860734565
10380,7.636811396574413,1.8222600018536983
10381,7.636812960015482,1.8222585186638578
10382,7.6368145223717265,1.822257036503221
10383,7.636816083643909,1.8222555553710735
10384,7.636817643832772,1.8222540752667018
10385,7.63681920293907,1.8222525961893923
10386,7.636820760963556,1.8222511181384327
10387,7.6368223179069785,1.8222496411131097
10388,7.6368238737700915,1.8222481651127127
10389,7.63682542855364,1.8222466901365304
10390,7.636826982258376,1.8222452161838516
10391,7.636828534885044,1.8222437432539662
10392,7.6368300864344,1.8222422713461643
10393,7.636831636907185,1.8222408004597364
10394,7.636833186304145,1.8222393305939744
10395,7.636834734626034,1.8222378617481696
10396,7.636836281873585,1.8222363939216146
10397,7.6368378280475575,1.822234927113601
10398,7.6368393731486846,1.8222334613234232
10399,7.636840917177722,1.822231996550374
10400,7.636842460135406,1.822230532793748
10401,7.636844002022481,1.8222290700528398
10402,7.636845542839692,1.8222276083269449
10403,7.6368470825877806,1.8222261476153574
10404,7.636848621267489,1.8222246879173754
10405,7.636850158879557,1.8222232292322944
10406,7.636851695424723,1.8222217715594116
10407,7.636853230903733,1.8222203148980247
10408,7.636854765317326,1.8222188592474324
10409,7.6368562986662365,1.8222174046069322
10410,7.636857830951206,1.8222159509758233
10411,7.636859362172976,1.8222144983534054
10412,7.636860892332281,1.8222130467389792
10413,7.6368624214298535,1.8222115961318444
10414,7.63686394946644,1.8222101465313023
10415,7.6368654764427735,1.8222086979366539
10416,7.6368670023595815,1.8222072503472015
10417,7.636868527217608,1.8222058037622477
10418,7.6368700510175875,1.8222043581810954
10419,7.636871573760248,1.822202913603048
10420,7.63687309544633,1.8222014700274087
10421,7.636874616076562,1.822200027453483
10422,7.63687613565168,1.822198585880575
10423,7.6368776541724115,1.8221971453079904
10424,7.636879171639493,1.8221957057350349
10425,7.636880688053658,1.8221942671610143
10426,7.636882203415622,1.8221928295852365
10427,7.6368837177261355,1.8221913930070073
10428,7.636885230985914,1.8221899574256362
10429,7.636886743195687,1.8221885228404304
10430,7.636888254356194,1.8221870892506975
10431,7.636889764468155,1.8221856566557497
10432,7.636891273532295,1.8221842250548934
10433,7.636892781549346,1.822182794447441
10434,7.6368942885200335,1.8221813648327019
10435,7.636895794445083,1.8221799362099875
10436,7.636897299325222,1.8221785085786102
10437,7.636898803161173,1.8221770819378809
10438,7.6369003059536595,1.8221756562871123
10439,7.636901807703408,1.822174231625618
10440,7.636903308411142,1.8221728079527115
10441,7.636904808077583,1.8221713852677066
10442,7.636906306703454,1.8221699635699173
10443,7.63690780428948,1.8221685428586587
10444,7.636909300836379,1.8221671231332464
10445,7.6369107963448695,1.8221657043929962
10446,7.636912290815676,1.8221642866372245
10447,7.636913784249522,1.822162869865248
10448,7.636915276647119,1.822161454076384
10449,7.636916768009193,1.8221600392699506
10450,7.6369182583364585,1.822158625445265
10451,7.636919747629635,1.8221572126016472
10452,7.636921235889437,1.822155800738416
10453,7.636922723116587,1.8221543898548906
10454,7.636924209311792,1.822152979950392
10455,7.636925694475784,1.8221515710242395
10456,7.636927178609264,1.8221501630757555
10457,7.636928661712956,1.8221487561042609
10458,7.636930143787565,1.8221473501090777
10459,7.636931624833816,1.8221459450895283
10460,7.636933104852415,1.8221445410449362
10461,7.636934583844075,1.822143137974624
10462,7.6369360618095135,1.8221417358779162
10463,7.6369375387494385,1.822140334754137
10464,7.636939014664563,1.8221389346026113
10465,7.636940489555603,1.822137535422664
10466,7.636941963423259,1.8221361372136216
10467,7.636943436268251,1.8221347399748102
10468,7.636944908091279,1.8221333437055558
10469,7.636946378893061,1.8221319484051866
10470,7.636947848674297,1.8221305540730293
10471,7.636949317435699,1.8221291607084127
10472,7.636950785177979,1.8221277683106645
10473,7.63695225190184,1.8221263768791145
10474,7.636953717607992,1.822124986413092
10475,7.636955182297133,1.8221235969119272
10476,7.636956645969975,1.82212220837495
10477,7.636958108627225,1.822120820801492
10478,7.636959570269581,1.8221194341908835
10479,7.636961030897757,1.8221180485424575
10480,7.636962490512447,1.8221166638555462
10481,7.636963949114356,1.822115280129481
10482,7.6369654067041886,1.8221138973635969
10483,7.636966863282651,1.8221125155572264
10484,7.63696831885044,1.822111134709704
10485,7.636969773408257,1.8221097548203642
10486,7.636971226956805,1.822108375888543
10487,7.636972679496781,1.8221069979135738
10488,7.636974131028886,1.8221056208947954
10489,7.636975581553821,1.8221042448315414
10490,7.636977031072287,1.8221028697231505
10491,7.636978479584979,1.8221014955689598
10492,7.63697992709259,1.8221001223683069
10493,7.636981373595828,1.8220987501205304
10494,7.636982819095384,1.8220973788249686
10495,7.636984263591955,1.822096008480961
10496,7.636985707086235,1.822094639087847
10497,7.636987149578922,1.822093270644967
10498,7.636988591070711,1.8220919031516611
10499,7.636990031562291,1.8220905366072717
10500,7.63699147105437,1.8220891710111384
10501,7.636992909547626,1.8220878063626047
10502,7.63699434704276,1.8220864426610122
10503,7.636995783540464,1.8220850799057042
10504,7.636997219041428,1.8220837180960237
10505,7.6369986535463426,1.8220823572313143
10506,7.637000087055905,1.8220809973109207
10507,7.6370015195707985,1.8220796383341875
10508,7.63700295109172,1.8220782803004598
10509,7.637004381619352,1.822076923209083
10510,7.637005811154394,1.8220755670594038
10511,7.637007239697522,1.822074211850768
10512,7.637008667249431,1.822072857582523
10513,7.637010093810812,1.8220715042540154
10514,7.6370115193823445,1.8220701518645939
10515,7.637012943964724,1.8220688004136067
10516,7.637014367558628,1.8220674499004026
10517,7.637015790164746,1.8220661003243308
10518,7.637017211783766,1.8220647516847408
10519,7.637018632416371,1.8220634039809827
10520,7.637020052063245,1.8220620572124075
10521,7.637021470725073,1.8220607113783658
10522,7.6370228884025355,1.822059366478209
10523,7.637024305096324,1.8220580225112895
10524,7.637025720807105,1.8220566794769595
10525,7.637027135535577,1.8220553373745716
10526,7.637028549282415,1.822053996203479
10527,7.637029962048299,1.822052655963036
10528,7.637031373833911,1.822051316652596
10529,7.637032784639932,1.822049978271515
10530,7.637034194467039,1.8220486408191463
10531,7.637035603315915,1.8220473042948466
10532,7.637037011187235,1.8220459686979713
10533,7.637038418081679,1.8220446340278775
10534,7.637039823999924,1.822043300283921
10535,7.63704122894265,1.8220419674654604
10536,7.637042632910531,1.8220406355718524
10537,7.637044035904248,1.8220393046024554
10538,7.637045437924467,1.8220379745566289
10539,7.637046838971873,1.8220366454337305
10540,7.6370482390471395,1.822035317233121
10541,7.637049638150938,1.8220339899541595
10542,7.637051036283944,1.8220326635962074
10543,7.63705243344683,1.822031338158625
10544,7.637053829640272,1.8220300136407734
10545,7.637055224864939,1.8220286900420146
10546,7.637056619121508,1.8220273673617107
10547,7.637058012410645,1.822026045599225
10548,7.637059404733027,1.8220247247539192
10549,7.63706079608932,1.8220234048251585
10550,7.637062186480196,1.8220220858123055
10551,7.637063575906327,1.8220207677147249
10552,7.637064964368377,1.822019450531782
10553,7.63706635186702,1.8220181342628416
10554,7.637067738402924,1.82201681890727
10555,7.637069123976754,1.8220155044644333
10556,7.637070508589182,1.8220141909336973
10557,7.637071892240871,1.8220128783144294
10558,7.637073274932485,1.8220115666059984
10559,7.637074656664703,1.82201025580777
10560,7.637076037438179,1.8220089459191144
10561,7.637077417253579,1.8220076369393998
10562,7.637078796111571,1.822006328867995
10563,7.637080174012817,1.8220050217042703
10564,7.637081550957987,1.822003715447595
10565,7.637082926947732,1.8220024100973404
10566,7.637084301982733,1.822001105652878
10567,7.637085676063633,1.821999802113577
10568,7.637087049191106,1.8219984994788128
10569,7.637088421365812,1.8219971977479539
10570,7.637089792588408,1.8219958969203758
10571,7.637091162859557,1.821994596995451
10572,7.637092532179926,1.8219932979725517
10573,7.637093900550164,1.8219919998510539
10574,7.637095267970931,1.8219907026303306
10575,7.637096634442893,1.8219894063097575
10576,7.637097999966707,1.8219881108887106
10577,7.637099364543024,1.8219868163665642
10578,7.637100728172509,1.821985522742695
10579,7.637102090855812,1.8219842300164804
10580,7.637103452593595,1.8219829381872963
10581,7.637104813386517,1.821981647254521
10582,7.637106173235227,1.8219803572175324
10583,7.637107532140381,1.8219790680757086
10584,7.637108890102636,1.8219777798284285
10585,7.637110247122643,1.8219764924750719
10586,7.63711160320106,1.8219752060150167
10587,7.637112958338539,1.8219739204476453
10588,7.637114312535732,1.8219726357723371
10589,7.637115665793288,1.821971351988473
10590,7.637117018111866,1.8219700690954341
10591,7.637118369492118,1.821968787092603
10592,7.637119719934684,1.8219675059793612
10593,7.637121069440225,1.8219662257550917
10594,7.63712241800939,1.8219649464191783
10595,7.637123765642823,1.8219636679710036
10596,7.63712511234118,1.8219623904099513
10597,7.637126458105107,1.821961113735407
10598,7.637127802935252,1.8219598379467543
10599,7.637129146832259,1.8219585630433792
10600,7.637130489796787,1.8219572890246676
10601,7.637131831829471,1.821956015890004
10602,7.6371331729309615,1.821954743638777
10603,7.637134513101908,1.8219534722703723
10604,7.637135852342957,1.8219522017841772
10605,7.637137190654745,1.82195093217958
10606,7.63713852803792,1.821949663455969
10607,7.637139864493134,1.821948395612733
10608,7.637141200021025,1.8219471286492601
10609,7.637142534622232,1.8219458625649405
10610,7.637143868297408,1.8219445973591641
10611,7.637145201047186,1.821943333031321
10612,7.637146532872214,1.8219420695808022
10613,7.637147863773129,1.821940807006999
10614,7.63714919375058,1.8219395453093024
10615,7.637150522805201,1.821938284487105
10616,7.637151850937637,1.8219370245397988
10617,7.637153178148521,1.8219357654667772
10618,7.6371545044385005,1.8219345072674338
10619,7.637155829808209,1.821933249941161
10620,7.637157154258286,1.8219319934873537
10621,7.637158477789368,1.821930737905407
10622,7.6371598004021,1.8219294831947148
10623,7.637161122097113,1.8219282293546735
10624,7.6371624428750415,1.8219269763846782
10625,7.6371637627365265,1.8219257242841251
10626,7.637165081682205,1.8219244730524118
10627,7.637166399712707,1.8219232226889348
10628,7.637167716828676,1.821921973193091
10629,7.637169033030736,1.8219207245642786
10630,7.637170348319529,1.821919476801897
10631,7.6371716626956845,1.821918229905344
10632,7.637172976159839,1.821916983874018
10633,7.637174288712621,1.8219157387073202
10634,7.637175600354663,1.8219144944046493
10635,7.637176911086608,1.8219132509654068
10636,7.637178220909072,1.821912008388993
10637,7.637179529822693,1.8219107666748091
10638,7.637180837828103,1.8219095258222566
10639,7.637182144925933,1.821908285830738
10640,7.637183451116809,1.8219070466996552
10641,7.637184756401361,1.8219058084284117
10642,7.63718606078022,1.8219045710164106
10643,7.637187364254006,1.8219033344630562
10644,7.637188666823364,1.8219020987677514
10645,7.637189968488908,1.821900863929902
10646,7.637191269251265,1.8218996299489116
10647,7.637192569111067,1.821898396824187
10648,7.637193868068944,1.8218971645551332
10649,7.637195166125513,1.8218959331411573
10650,7.637196463281402,1.821894702581664
10651,7.637197759537237,1.8218934728760625
10652,7.63719905489364,1.821892244023759
10653,7.637200349351244,1.8218910160241621
10654,7.63720164291066,1.8218897888766796
10655,7.637202935572519,1.8218885625807202
10656,7.637204227337445,1.8218873371356927
10657,7.63720551820605,1.8218861125410077
10658,7.637206808178969,1.8218848887960732
10659,7.6372080972568215,1.8218836659003024
10660,7.63720938544022,1.821882443853103
10661,7.637210672729789,1.821881222653888
10662,7.63721195912615,1.821880002302068
10663,7.637213244629924,1.8218787827970557
10664,7.63721452924173,1.8218775641382632
10665,7.637215812962185,1.8218763463251033
10666,7.637217095791908,1.8218751293569884
10667,7.637218377731516,1.8218739132333333
10668,7.637219658781631,1.8218726979535516
10669,7.637220938942863,1.821871483517057
10670,7.637222218215834,1.8218702699232654
10671,7.637223496601163,1.821869057171592
10672,7.637224774099456,1.821867845261451
10673,7.637226050711341,1.8218666341922596
10674,7.637227326437422,1.8218654239634342
10675,7.637228601278321,1.8218642145743915
10676,7.637229875234644,1.821863006024548
10677,7.637231148307019,1.8218617983133223
10678,7.637232420496042,1.8218605914401327
10679,7.637233691802342,1.8218593854043965
10680,7.637234962226517,1.8218581802055331
10681,7.637236231769189,1.8218569758429626
10682,7.637237500430973,1.821855772316103
10683,7.637238768212466,1.8218545696243758
10684,7.6372400351142895,1.8218533677672004
10685,7.63724130113705,1.8218521667439986
10686,7.637242566281361,1.8218509665541913
10687,7.637243830547827,1.8218497671971996
10688,7.637245093937062,1.821848568672447
10689,7.63724635644967,1.8218473709793546
10690,7.637247618086262,1.8218461741173455
10691,7.637248878847446,1.8218449780858437
10692,7.63725013873383,1.821843782884272
10693,7.637251397746017,1.8218425885120553
10694,7.63725265588462,1.8218413949686176
10695,7.637253913150245,1.8218402022533835
10696,7.637255169543486,1.8218390103657787
10697,7.637256425064962,1.8218378193052294
10698,7.637257679715269,1.821836629071161
10699,7.637258933495015,1.8218354396629997
10700,7.637260186404806,1.8218342510801726
10701,7.637261438445245,1.8218330633221071
10702,7.637262689616933,1.8218318763882317
10703,7.637263939920474,1.8218306902779728
10704,7.6372651893564685,1.8218295049907596
10705,7.637266437925523,1.8218283205260215
10706,7.6372676856282355,1.821827136883187
10707,7.637268932465203,1.821825954061686
10708,7.637270178437037,1.821824772060949
10709,7.637271423544332,1.8218235908804061
10710,7.6372726677876805,1.8218224105194871
10711,7.6372739111676955,1.8218212309776252
10712,7.637275153684969,1.82182005225425
10713,7.637276395340099,1.8218188743487955
10714,7.6372776361336845,1.8218176972606925
10715,7.637278876066325,1.8218165209893753
10716,7.637280115138616,1.8218153455342756
10717,7.637281353351158,1.8218141708948277
10718,7.637282590704539,1.821812997070466
10719,7.6372838271993615,1.8218118240606236
10720,7.637285062836226,1.8218106518647366
10721,7.637286297615719,1.8218094804822396
10722,7.637287531538438,1.8218083099125684
10723,7.637288764604984,1.8218071401551588
10724,7.6372899968159365,1.8218059712094465
10725,7.6372912281719,1.8218048030748695
10726,7.637292458673469,1.8218036357508638
10727,7.637293688321233,1.821802469236868
10728,7.637294917115786,1.8218013035323186
10729,7.6372961450577135,1.8218001386366551
10730,7.637297372147616,1.821798974549316
10731,7.63729859838608,1.8217978112697395
10732,7.637299823773697,1.8217966487973665
10733,7.6373010483110555,1.8217954871316355
10734,7.637302271998748,1.8217943262719878
10735,7.637303494837369,1.8217931662178628
10736,7.637304716827493,1.8217920069687024
10737,7.637305937969724,1.821790848523948
10738,7.637307158264643,1.821789690883041
10739,7.6373083777128405,1.8217885340454238
10740,7.637309596314898,1.8217873780105391
10741,7.6373108140714105,1.8217862227778303
10742,7.637312030982962,1.8217850683467394
10743,7.637313247050138,1.8217839147167114
10744,7.63731446227353,1.8217827618871898
10745,7.637315676653708,1.821781609857619
10746,7.637316890191272,1.8217804586274446
10747,7.637318102886801,1.8217793081961107
10748,7.637319314740879,1.821778158563064
10749,7.6373205257540935,1.8217770097277504
10750,7.637321735927025,1.8217758616896156
10751,7.637322945260255,1.821774714448107
10752,7.63732415375437,1.8217735680026719
10753,7.637325361409951,1.8217724223527574
10754,7.637326568227578,1.8217712774978123
10755,7.637327774207832,1.8217701334372836
10756,7.6373289793513,1.8217689901706207
10757,7.637330183658554,1.8217678476972736
10758,7.63733138713018,1.8217667060166909
10759,7.637332589766756,1.8217655651283222
10760,7.637333791568861,1.821764425031618
10761,7.637334992537076,1.821763285726029
10762,7.637336192671977,1.8217621472110066
10763,7.637337391974145,1.8217610094860017
10764,7.637338590444157,1.8217598725504662
10765,7.637339788082588,1.8217587364038523
10766,7.637340984890019,1.8217576010456125
10767,7.637342180867026,1.8217564664752002
10768,7.637343376014175,1.8217553326920677
10769,7.637344570332057,1.821754199695669
10770,7.63734576382124,1.8217530674854596
10771,7.6373469564822996,1.8217519360608918
10772,7.63734814831581,1.8217508054214213
10773,7.637349339322347,1.8217496755665035
10774,7.637350529502477,1.8217485464955938
10775,7.637351718856787,1.821747418208148
10776,7.637352907385839,1.8217462907036226
10777,7.637354095090215,1.8217451639814743
10778,7.63735528197048,1.8217440380411603
10779,7.637356468027204,1.821742912882138
10780,7.637357653260966,1.821741788503865
10781,7.637358837672329,1.8217406649057997
10782,7.637360021261867,1.8217395420874005
10783,7.637361204030157,1.8217384200481275
10784,7.6373623859777595,1.8217372987874374
10785,7.637363567105243,1.821736178304793
10786,7.637364747413186,1.8217350585996526
10787,7.637365926902151,1.821733939671476
10788,7.637367105572704,1.8217328215197262
10789,7.637368283425418,1.8217317041438625
10790,7.63736946046086,1.8217305875433476
10791,7.63737063667959,1.8217294717176433
10792,7.637371812082185,1.8217283566662117
10793,7.637372986669207,1.8217272423885151
10794,7.6373741604412215,1.8217261288840174
10795,7.637375333398789,1.8217250161521816
10796,7.637376505542484,1.8217239041924713
10797,7.637377676872866,1.8217227930043511
10798,7.637378847390496,1.8217216825872862
10799,7.637380017095946,1.8217205729407397
10800,7.637381185989775,1.8217194640641792
10801,7.637382354072546,1.8217183559570675
10802,7.637383521344825,1.8217172486188737
10803,7.6373846878071685,1.8217161420490624
10804,7.637385853460142,1.821715036247101
10805,7.6373870183043095,1.8217139312124564
10806,7.63738818234023,1.8217128269445961
10807,7.63738934556846,1.8217117234429885
10808,7.637390507989562,1.8217106207071012
10809,7.637391669604104,1.8217095187364034
10810,7.637392830412642,1.8217084175303637
10811,7.637393990415723,1.8217073170884521
10812,7.637395149613925,1.8217062174101373
10813,7.637396308007792,1.8217051184948905
10814,7.637397465597888,1.8217040203421813
10815,7.6373986223847705,1.8217029229514812
10816,7.637399778368996,1.8217018263222606
10817,7.637400933551121,1.821700730453992
10818,7.637402087931703,1.8216996353461472
10819,7.637403241511299,1.821698540998198
10820,7.6374043942904635,1.8216974474096175
10821,7.637405546269754,1.8216963545798788
10822,7.63740669744972,1.8216952625084553
10823,7.6374078478309215,1.8216941711948202
10824,7.637408997413913,1.821693080638448
10825,7.637410146199243,1.8216919908388138
10826,7.637411294187466,1.8216909017953917
10827,7.637412441379143,1.8216898135076574
10828,7.63741358777482,1.821688725975086
10829,7.63741473337505,1.821687639197154
10830,7.637415878180385,1.8216865531733377
10831,7.637417022191375,1.8216854679031125
10832,7.637418165408577,1.8216843833859573
10833,7.637419307832533,1.8216832996213488
10834,7.637420449463801,1.8216822166087652
10835,7.637421590302929,1.8216811343476835
10836,7.637422730350465,1.8216800528375832
10837,7.637423869606962,1.8216789720779427
10838,7.63742500807296,1.8216778920682415
10839,7.637426145749015,1.8216768128079592
10840,7.6374272826356835,1.8216757342965757
10841,7.637428418733491,1.8216746565335709
10842,7.637429554043003,1.8216735795184265
10843,7.63743068856476,1.821672503250622
10844,7.63743182229931,1.8216714277296404
10845,7.637432955247193,1.8216703529549625
10846,7.637434087408968,1.821669278926071
10847,7.637435218785168,1.8216682056424471
10848,7.637436349376346,1.8216671331035752
10849,7.637437479183041,1.8216660613089377
10850,7.637438608205805,1.8216649902580189
10851,7.637439736445172,1.821663919950301
10852,7.6374408639016895,1.8216628503852703
10853,7.637441990575905,1.8216617815624103
10854,7.637443116468359,1.821660713481206
10855,7.637444241579591,1.8216596461411434
10856,7.637445365910145,1.821658579541707
10857,7.6374464894605625,1.821657513682384
10858,7.637447612231384,1.8216564485626605
10859,7.637448734223152,1.8216553841820233
10860,7.637449855436407,1.821654320539959
10861,7.63745097587169,1.8216532576359554
10862,7.637452095529537,1.8216521954695002
10863,7.637453214410494,1.8216511340400827
10864,7.637454332515091,1.8216500733471899
10865,7.637455449843877,1.8216490133903114
10866,7.637456566397381,1.821647954168937
10867,7.637457682176144,1.8216468956825544
10868,7.637458797180709,1.8216458379306566
10869,7.637459911411603,1.821644780912731
10870,7.637461024869375,1.8216437246282695
10871,7.637462137554549,1.8216426690767638
10872,7.637463249467668,1.821641614257704
10873,7.637464360609271,1.8216405601705827
10874,7.637465470979885,1.8216395068148912
10875,7.637466580580053,1.8216384541901232
10876,7.6374676894103,1.82163740229577
10877,7.637468797471168,1.821636351131326
10878,7.6374699047631935,1.8216353006962838
10879,7.637471011286898,1.821634250990138
10880,7.637472117042829,1.8216332020123818
10881,7.637473222031504,1.821632153762511
10882,7.6374743262534714,1.8216311062400197
10883,7.63747542970925,1.821630059444403
10884,7.637476532399378,1.8216290133751574
10885,7.637477634324385,1.8216279680317777
10886,7.637478735484803,1.8216269234137605
10887,7.637479835881161,1.8216258795206035
10888,7.637480935513988,1.8216248363518022
10889,7.637482034383816,1.8216237939068551
10890,7.637483132491175,1.821622752185259
10891,7.637484229836596,1.8216217111865132
10892,7.6374853264206015,1.8216206709101141
10893,7.637486422243727,1.8216196313555622
10894,7.637487517306491,1.8216185925223556
10895,7.637488611609427,1.821617554409995
10896,7.637489705153066,1.8216165170179788
10897,7.637490797937931,1.8216154803458078
10898,7.6374918899645445,1.8216144443929823
10899,7.637492981233439,1.8216134091590033
10900,7.637494071745135,1.8216123746433712
10901,7.637495161500162,1.821611340845589
10902,7.637496250499045,1.821610307765157
10903,7.637497338742305,1.821609275401579
10904,7.63749842623047,1.821608243754356
10905,7.637499512964064,1.8216072128229914
10906,7.637500598943604,1.821606182606989
10907,7.637501684169626,1.821605153105852
10908,7.637502768642637,1.821604124319084
10909,7.637503852363169,1.8216030962461898
10910,7.637504935331744,1.821602068886674
10911,7.6375060175488825,1.8216010422400415
10912,7.6375070990151075,1.8216000163057968
10913,7.637508179730938,1.8215989910834467
10914,7.637509259696892,1.821597966572497
10915,7.6375103389134935,1.8215969427724534
10916,7.637511417381263,1.8215959196828237
10917,7.637512495100717,1.8215948973031137
10918,7.637513572072382,1.8215938756328311
10919,7.637514648296769,1.821592854671484
10920,7.637515723774397,1.8215918344185804
10921,7.6375167985057875,1.8215908148736277
10922,7.637517872491458,1.8215897960361362
10923,7.637518945731922,1.8215887779056141
10924,7.637520018227699,1.821587760481571
10925,7.63752108997931,1.8215867437635165
10926,7.637522160987262,1.8215857277509608
10927,7.637523231252082,1.8215847124434144
10928,7.637524300774279,1.8215836978403879
10929,7.6375253695543694,1.8215826839413922
10930,7.637526437592866,1.8215816707459394
10931,7.637527504890287,1.8215806582535412
10932,7.637528571447143,1.821579646463709
10933,7.637529637263954,1.821578635375956
10934,7.637530702341225,1.8215776249897946
10935,7.637531766679479,1.8215766153047381
10936,7.637532830279221,1.8215756063203004
10937,7.637533893140963,1.8215745980359943
10938,7.6375349552652265,1.8215735904513346
10939,7.6375360166525095,1.8215725835658363
10940,7.6375370773033335,1.8215715773790133
10941,7.637538137218203,1.821570571890381
10942,7.637539196397636,1.8215695670994554
10943,7.63754025484214,1.821568563005752
10944,7.637541312552221,1.8215675596087868
10945,7.637542369528393,1.8215665569080766
10946,7.637543425771161,1.821565554903138
10947,7.637544481281043,1.821564553593489
10948,7.637545536058534,1.8215635529786458
10949,7.637546590104156,1.821562553058127
10950,7.6375476434184035,1.8215615538314511
10951,7.637548696001794,1.8215605552981355
10952,7.637549747854831,1.8215595574577002
10953,7.637550798978022,1.8215585603096638
10954,7.637551849371874,1.8215575638535462
10955,7.637552899036886,1.8215565680888672
10956,7.637553947973575,1.821555573015146
10957,7.63755499618244,1.8215545786319052
10958,7.637556043663987,1.8215535849386635
10959,7.637557090418722,1.8215525919349431
10960,7.6375581364471445,1.821551599620266
10961,7.637559181749768,1.8215506079941532
10962,7.637560226327083,1.8215496170561272
10963,7.637561270179601,1.821548626805711
10964,7.637562313307832,1.8215476372424257
10965,7.637563355712257,1.821546648365797
10966,7.637564397393403,1.8215456601753464
10967,7.637565438351754,1.8215446726705982
10968,7.637566478587821,1.8215436858510776
10969,7.637567518102099,1.821542699716308
10970,7.6375685568951,1.8215417142658146
10971,7.637569594967308,1.8215407294991226
10972,7.637570632319235,1.8215397454157571
10973,7.6375716689513755,1.821538762015245
10974,7.63757270486423,1.8215377792971115
10975,7.637573740058303,1.821536797260883
10976,7.637574774534089,1.8215358159060868
10977,7.637575808292079,1.8215348352322498
10978,7.637576841332785,1.821533855238899
10979,7.637577873656691,1.8215328759255631
10980,7.6375789052643075,1.8215318972917698
10981,7.637579936156116,1.8215309193370477
10982,7.63758096633263,1.821529942060925
10983,7.637581995794337,1.8215289654629319
10984,7.637583024541734,1.821527989542597
10985,7.637584052575318,1.8215270142994497
10986,7.6375850798955796,1.821526039733021
10987,7.637586106503019,1.8215250658428408
10988,7.637587132398132,1.8215240926284404
10989,7.637588157581404,1.8215231200893498
10990,7.637589182053338,1.821522148225101
10991,7.6375902058144245,1.8215211770352258
10992,7.637591228865157,1.8215202065192562
10993,7.637592251206026,1.8215192366767246
10994,7.637593272837525,1.8215182675071635
10995,7.63759429376015,1.821517299010106
10996,7.63759531397439,1.8215163311850855
10997,7.637596333480738,1.8215153640316353
10998,7.6375973522796805,1.82151439754929
10999,7.637598370371712,1.8215134317375827
11000,7.637599387757325,1.8215124665960496
11001,7.637600404437006,1.8215115021242252
11002,7.637601420411245,1.8215105383216437
11003,7.637602435680535,1.8215095751878427
11004,7.6376034502453605,1.8215086127223559
11005,7.637604464106212,1.8215076509247203
11006,7.637605477263581,1.8215066897944734
11007,7.63760648971795,1.8215057293311514
11008,7.637607501469813,1.8215047695342912
11009,7.637608512519652,1.8215038104034307
11010,7.637609522867958,1.8215028519381073
11011,7.637610532515218,1.8215018941378607
11012,7.637611541461912,1.8215009370022268
11013,7.637612549708533,1.8214999805307466
11014,7.637613557255566,1.8214990247229579
11015,7.637614564103495,1.8214980695784018
11016,7.637615570252802,1.8214971150966162
11017,7.637616575703979,1.821496161277142
11018,7.637617580457505,1.8214952081195197
11019,7.6376185845138655,1.8214942556232898
11020,7.637619587873539,1.8214933037879932
11021,7.637620590537019,1.821492352613172
11022,7.637621592504781,1.8214914020983675
11023,7.637622593777313,1.8214904522431206
11024,7.637623594355093,1.821489503046975
11025,7.637624594238607,1.8214885545094732
11026,7.637625593428328,1.8214876066301577
11027,7.637626591924753,1.8214866594085724
11028,7.637627589728346,1.8214857128442594
11029,7.6376285868395986,1.8214847669367646
11030,7.637629583258991,1.8214838216856308
11031,7.637630578986999,1.8214828770904028
11032,7.637631574024098,1.8214819331506265
11033,7.63763256837078,1.8214809898658453
11034,7.637633562027516,1.8214800472356063
11035,7.637634554994784,1.821479105259454
11036,7.637635547273068,1.821478163936935
11037,7.637636538862839,1.8214772232675962
11038,7.637637529764579,1.8214762832509837
11039,7.637638519978763,1.8214753438866451
11040,7.637639509505874,1.8214744051741272
11041,7.6376404983463795,1.821473467112978
11042,7.637641486500762,1.821472529702746
11043,7.637642473969502,1.821471592942978
11044,7.637643460753064,1.8214706568332242
11045,7.637644446851931,1.8214697213730333
11046,7.63764543226657,1.8214687865619539
11047,7.6376464169974705,1.8214678523995356
11048,7.637647401045094,1.8214669188853287
11049,7.637648384409921,1.8214659860188838
11050,7.637649367092425,1.82146505379975
11051,7.637650349093074,1.8214641222274792
11052,7.637651330412345,1.8214631913016226
11053,7.6376523110507115,1.821462261021731
11054,7.637653291008645,1.821461331387356
11055,7.637654270286619,1.8214604023980514
11056,7.637655248885101,1.8214594740533674
11057,7.637656226804567,1.8214585463528579
11058,7.637657204045488,1.8214576192960752
11059,7.637658180608329,1.8214566928825737
11060,7.637659156493569,1.8214557671119058
11061,7.637660131701674,1.821454841983626
11062,7.637661106233113,1.8214539174972884
11063,7.637662080088355,1.8214529936524475
11064,7.63766305326787,1.8214520704486588
11065,7.637664025772133,1.821451147885476
11066,7.6376649976016004,1.8214502259624568
11067,7.637665968756751,1.821449304679154
11068,7.637666939238046,1.8214483840351263
11069,7.637667909045959,1.821447464029929
11070,7.637668878180951,1.8214465446631187
11071,7.637669846643495,1.8214456259342529
11072,7.637670814434051,1.8214447078428881
11073,7.637671781553092,1.8214437903885832
11074,7.637672748001077,1.8214428735708952
11075,7.637673713778479,1.8214419573893825
11076,7.63767467888576,1.8214410418436031
11077,7.637675643323376,1.821440126933117
11078,7.6376766070918105,1.821439212657483
11079,7.637677570191512,1.82143829901626
11080,7.63767853262295,1.8214373860090087
11081,7.637679494386593,1.821436473635288
11082,7.637680455482894,1.821435561894659
11083,7.637681415912324,1.821434650786682
11084,7.637682375675342,1.8214337403109182
11085,7.637683334772415,1.8214328304669296
11086,7.637684293203998,1.8214319212542767
11087,7.637685250970557,1.8214310126725217
11088,7.637686208072556,1.821430104721227
11089,7.637687164510451,1.8214291973999555
11090,7.637688120284704,1.821428290708269
11091,7.637689075395779,1.8214273846457314
11092,7.637690029844131,1.8214264792119057
11093,7.6376909836302245,1.821425574406356
11094,7.637691936754517,1.8214246702286465
11095,7.637692889217466,1.8214237666783406
11096,7.637693841019534,1.8214228637550038
11097,7.6376947921611755,1.8214219614582008
11098,7.637695742642855,1.8214210597874965
11099,7.637696692465021,1.821420158742457
11100,7.637697641628138,1.8214192583226476
11101,7.637698590132662,1.821418358527635
11102,7.637699537979052,1.821417459356985
11103,7.637700485167755,1.8214165608102644
11104,7.637701431699242,1.821415662887041
11105,7.637702377573959,1.8214147655868818
11106,7.637703322792367,1.8214138689093535
11107,7.637704267354912,1.8214129728540258
11108,7.637705211262063,1.8214120774204656
11109,7.637706154514267,1.8214111826082413
11110,7.637707097111976,1.8214102884169232
11111,7.637708039055647,1.8214093948460783
11112,7.637708980345739,1.8214085018952786
11113,7.637709920982696,1.8214076095640914
11114,7.6377108609669735,1.8214067178520885
11115,7.63771180029903,1.8214058267588389
11116,7.637712738979315,1.8214049362839142
11117,7.637713677008278,1.8214040464268852
11118,7.6377146143863754,1.8214031571873228
11119,7.637715551114058,1.8214022685647986
11120,7.6377164871917715,1.8214013805588845
11121,7.637717422619975,1.821400493169153
11122,7.637718357399112,1.8213996063951756
11123,7.6377192915296375,1.8213987202365263
11124,7.637720225012,1.8213978346927766
11125,7.637721157846651,1.8213969497635005
11126,7.63772209003404,1.821396065448272
11127,7.637723021574613,1.8213951817466645
11128,7.637723952468819,1.821394298658253
11129,7.63772488271711,1.8213934161826104
11130,7.637725812319931,1.8213925343193134
11131,7.637726741277728,1.8213916530679355
11132,7.637727669590957,1.8213907724280525
11133,7.637728597260057,1.821389892399241
11134,7.6377295242854775,1.8213890129810757
11135,7.637730450667669,1.8213881341731337
11136,7.637731376407066,1.8213872559749906
11137,7.63773230150413,1.8213863783862245
11138,7.637733225959296,1.8213855014064115
11139,7.637734149773011,1.8213846250351298
11140,7.637735072945722,1.8213837492719571
11141,7.637735995477875,1.8213828741164708
11142,7.637736917369911,1.8213819995682494
11143,7.637737838622282,1.8213811256268722
11144,7.637738759235426,1.8213802522919167
11145,7.63773967920978,1.8213793795629636
11146,7.6377405985458,1.8213785074395914
11147,7.637741517243918,1.8213776359213805
11148,7.637742435304582,1.8213767650079105
11149,7.637743352728234,1.821375894698762
11150,7.637744269515317,1.8213750249935152
11151,7.637745185666271,1.8213741558917516
11152,7.63774610118154,1.8213732873930522
11153,7.637747016061561,1.821372419496999
11154,7.637747930306773,1.8213715522031728
11155,7.637748843917623,1.8213706855111567
11156,7.637749756894549,1.8213698194205323
11157,7.637750669237987,1.8213689539308826
11158,7.637751580948386,1.8213680890417911
11159,7.637752492026174,1.8213672247528405
11160,7.6377534024717955,1.8213663610636137
11161,7.637754312285692,1.821365497973696
11162,7.637755221468293,1.8213646354826705
11163,7.637756130020043,1.821363773590122
11164,7.63775703794138,1.8213629122956352
11165,7.637757945232736,1.8213620515987952
11166,7.637758851894556,1.8213611914991867
11167,7.637759757927273,1.8213603319963954
11168,7.637760663331326,1.821359473090008
11169,7.637761568107146,1.8213586147796101
11170,7.6377624722551705,1.8213577570647883
11171,7.637763375775832,1.8213568999451284
11172,7.63776427866958,1.8213560434202178
11173,7.637765180936833,1.8213551874896454
11174,7.637766082578036,1.8213543321529968
11175,7.637766983593611,1.8213534774098603
11176,7.637767883984009,1.821352623259825
11177,7.637768783749654,1.821351769702478
11178,7.637769682890978,1.8213509167374091
11179,7.63777058140842,1.8213500643642064
11180,7.637771479302409,1.82134921258246
11181,7.637772376573381,1.8213483613917592
11182,7.637773273221761,1.8213475107916934
11183,7.637774169247992,1.8213466607818536
11184,7.637775064652497,1.82134581136183
11185,7.637775959435708,1.821344962531212
11186,7.637776853598059,1.821344114289593
11187,7.637777747139978,1.8213432666365623
11188,7.637778640061904,1.8213424195717116
11189,7.637779532364254,1.821341573094634
11190,7.637780424047467,1.8213407272049214
11191,7.6377813151119724,1.8213398819021651
11192,7.637782205558193,1.8213390371859588
11193,7.637783095386565,1.8213381930558945
11194,7.637783984597516,1.8213373495115661
11195,7.637784873191467,1.8213365065525677
11196,7.637785761168854,1.8213356641784924
11197,7.637786648530103,1.8213348223889347
11198,7.6377875352756375,1.8213339811834883
11199,7.637788421405895,1.8213331405617486
11200,7.637789306921292,1.8213323005233106
11201,7.637790191822257,1.8213314610677689
11202,7.6377910761092185,1.8213306221947196
11203,7.637791959782604,1.8213297839037577
11204,7.637792842842838,1.8213289461944806
11205,7.637793725290345,1.8213281090664835
11206,7.637794607125548,1.8213272725193628
11207,7.637795488348873,1.8213264365527166
11208,7.6377963689607515,1.8213256011661423
11209,7.6377972489616,1.8213247663592358
11210,7.637798128351845,1.8213239321315955
11211,7.63779900713191,1.8213230984828201
11212,7.637799885302211,1.8213222654125074
11213,7.637800762863185,1.8213214329202558
11214,7.637801639815248,1.8213206010056644
11215,7.637802516158821,1.8213197696683328
11216,7.63780339189433,1.8213189389078597
11217,7.637804267022191,1.8213181087238448
11218,7.637805141542832,1.821317279115889
11219,7.637806015456673,1.8213164500835914
11220,7.637806888764129,1.8213156216265536
11221,7.637807761465633,1.8213147937443757
11222,7.63780863356159,1.8213139664366587
11223,7.637809505052429,1.8213131397030047
11224,7.637810375938574,1.8213123135430145
11225,7.6378112462204335,1.8213114879562904
11226,7.637812115898439,1.8213106629424354
11227,7.637812984972999,1.8213098385010502
11228,7.63781385344454,1.8213090146317392
11229,7.637814721313474,1.8213081913341052
11230,7.637815588580225,1.82130736860775
11231,7.637816455245202,1.8213065464522789
11232,7.637817321308835,1.821305724867295
11233,7.63781818677153,1.8213049038524027
11234,7.637819051633708,1.821304083407206
11235,7.6378199158957925,1.8213032635313098
11236,7.6378207795581865,1.8213024442243197
11237,7.637821642621317,1.8213016254858398
11238,7.637822505085598,1.8213008073154762
11239,7.637823366951442,1.8212999897128348
11240,7.637824228219264,1.8212991726775212
11241,7.637825088889481,1.8212983562091423
11242,7.637825948962505,1.8212975403073042
11243,7.637826808438753,1.8212967249716139
11244,7.637827667318643,1.8212959102016784
11245,7.637828525602582,1.8212950959971053
11246,7.637829383290983,1.8212942823575025
11247,7.637830240384265,1.8212934692824778
11248,7.6378310968828345,1.8212926567716392
11249,7.637831952787108,1.8212918448245952
11250,7.637832808097502,1.8212910334409553
11251,7.637833662814423,1.8212902226203271
11252,7.637834516938277,1.8212894123623218
11253,7.63783537046949,1.8212886026665471
11254,7.637836223408464,1.8212877935326146
11255,7.637837075755609,1.8212869849601327
11256,7.637837927511342,1.8212861769487136
11257,7.637838778676064,1.821285369497966
11258,7.637839629250194,1.8212845626075023
11259,7.63784047923414,1.8212837562769337
11260,7.637841328628302,1.821282950505871
11261,7.637842177433106,1.821282145293926
11262,7.637843025648951,1.8212813406407113
11263,7.6378438732762435,1.8212805365458382
11264,7.637844720315393,1.821279733008921
11265,7.637845566766813,1.8212789300295706
11266,7.637846412630909,1.8212781276074006
11267,7.637847257908087,1.8212773257420256
11268,7.637848102598754,1.8212765244330582
11269,7.637848946703317,1.8212757236801116
11270,7.6378497902221865,1.8212749234828007
11271,7.6378506331557565,1.8212741238407404
11272,7.637851475504456,1.8212733247535458
11273,7.637852317268668,1.8212725262208302
11274,7.637853158448811,1.8212717282422097
11275,7.637853999045283,1.8212709308173
11276,7.637854839058497,1.821270133945717
11277,7.637855678488848,1.821269337627076
11278,7.637856517336748,1.8212685418609937
11279,7.6378573556026,1.821267746647087
11280,7.637858193286807,1.8212669519849725
11281,7.637859030389772,1.8212661578742666
11282,7.637859866911897,1.8212653643145882
11283,7.637860702853587,1.8212645713055535
11284,7.6378615382152475,1.821263778846781
11285,7.637862372997272,1.8212629869378891
11286,7.637863207200073,1.821262195578496
11287,7.637864040824045,1.82126140476822
11288,7.637864873869593,1.8212606145066805
11289,7.63786570633712,1.8212598247934966
11290,7.637866538227023,1.8212590356282876
11291,7.637867369539706,1.8212582470106733
11292,7.63786820027557,1.8212574589402748
11293,7.6378690304350085,1.8212566714167107
11294,7.637869860018432,1.8212558844396025
11295,7.63787068902623,1.821255098008571
11296,7.637871517458809,1.8212543121232367
11297,7.637872345316564,1.8212535267832213
11298,7.637873172599896,1.8212527419881466
11299,7.637873999309204,1.8212519577376345
11300,7.637874825444878,1.821251174031306
11301,7.637875651007332,1.8212503908687856
11302,7.637876475996958,1.821249608249694
11303,7.637877300414142,1.821248826173655
11304,7.637878124259294,1.8212480446402914
11305,7.637878947532808,1.8212472636492272
11306,7.637879770235077,1.8212464832000848
11307,7.637880592366502,1.8212457032924898
11308,7.637881413927475,1.8212449239260657
11309,7.637882234918393,1.8212441451004366
11310,7.637883055339656,1.821243366815228
11311,7.637883875191649,1.8212425890700639
11312,7.637884694474779,1.8212418118645706
11313,7.637885513189431,1.8212410351983728
11314,7.63788633133601,1.8212402590710968
11315,7.637887148914898,1.8212394834823684
11316,7.637887965926495,1.8212387084318138
11317,7.637888782371198,1.8212379339190599
11318,7.637889598249392,1.8212371599437331
11319,7.637890413561476,1.8212363865054606
11320,7.637891228307844,1.82123561360387
11321,7.637892042488885,1.821234841238589
11322,7.63789285610499,1.821234069409245
11323,7.637893669156558,1.8212332981154657
11324,7.637894481643972,1.8212325273568808
11325,7.63789529356763,1.8212317571331178
11326,7.637896104927919,1.8212309874438055
11327,7.6378969157252286,1.8212302182885738
11328,7.637897725959958,1.8212294496670518
11329,7.637898535632488,1.8212286815788692
11330,7.637899344743215,1.8212279140236556
11331,7.637900153292527,1.8212271470010413
11332,7.63790096128081,1.8212263805106568
11333,7.63790176870846,1.8212256145521335
11334,7.6379025755758585,1.8212248491251009
11335,7.637903381883403,1.8212240842291914
11336,7.637904187631471,1.821223319864035
11337,7.637904992820458,1.8212225560292647
11338,7.637905797450754,1.8212217927245125
11339,7.637906601522744,1.8212210299494103
11340,7.6379074050368105,1.8212202677035898
11341,7.637908207993348,1.821219505986685
11342,7.63790901039274,1.821218744798328
11343,7.637909812235366,1.8212179841381524
11344,7.637910613521628,1.8212172240057913
11345,7.6379114142519,1.8212164644008797
11346,7.637912214426571,1.82121570532305
11347,7.637913014046029,1.8212149467719372
11348,7.637913813110658,1.8212141887471756
11349,7.637914611620839,1.8212134312483996
11350,7.637915409576964,1.8212126742752452
11351,7.63791620697941,1.8212119178273474
11352,7.637917003828564,1.8212111619043414
11353,7.6379178001248125,1.8212104065058625
11354,7.637918595868533,1.8212096516315475
11355,7.637919391060117,1.8212088972810327
11356,7.637920185699942,1.8212081434539538
11357,7.637920979788393,1.8212073901499484
11358,7.637921773325852,1.8212066373686535
11359,7.6379225663127,1.821205885109706
11360,7.637923358749317,1.8212051333727435
11361,7.6379241506360955,1.8212043821574038
11362,7.637924941973406,1.8212036314633253
11363,7.637925732761635,1.821202881290146
11364,7.63792652300116,1.821202131637504
11365,7.6379273126923675,1.821201382505039
11366,7.637928101835626,1.8212006338923892
11367,7.63792889043133,1.8211998857991951
11368,7.637929678479852,1.8211991382250945
11369,7.63793046598157,1.8211983911697285
11370,7.63793125293687,1.821197644632736
11371,7.637932039346126,1.8211968986137592
11372,7.637932825209715,1.821196153112437
11373,7.637933610528025,1.8211954081284105
11374,7.637934395301424,1.8211946636613214
11375,7.637935179530295,1.82119391971081
11376,7.637935963215016,1.8211931762765188
11377,7.637936746355964,1.821192433358089
11378,7.637937528953515,1.8211916909551629
11379,7.637938311008047,1.8211909490673823
11380,7.637939092519938,1.8211902076943902
11381,7.637939873489564,1.8211894668358295
11382,7.637940653917297,1.821188726491343
11383,7.637941433803521,1.8211879866605738
11384,7.637942213148604,1.8211872473431658
11385,7.637942991952927,1.8211865085387626
11386,7.637943770216862,1.8211857702470078
11387,7.637944547940786,1.821185032467547
11388,7.637945325125071,1.8211842952000228
11389,7.637946101770096,1.8211835584440814
11390,7.63794687787623,1.8211828221993671
11391,7.637947653443847,1.821182086465526
11392,7.6379484284733286,1.8211813512422026
11393,7.63794920296504,1.821180616529043
11394,7.637949976919359,1.821179882325693
11395,7.6379507503366515,1.8211791486317996
11396,7.637951523217301,1.821178415447009
11397,7.637952295561669,1.8211776827709667
11398,7.637953067370132,1.8211769506033215
11399,7.637953838643065,1.821176218943719
11400,7.637954609380838,1.8211754877918083
11401,7.637955379583816,1.821174757147236
11402,7.6379561492523775,1.8211740270096501
11403,7.637956918386895,1.8211732973786992
11404,7.637957686987733,1.8211725682540316
11405,7.637958455055261,1.8211718396352956
11406,7.637959222589853,1.8211711115221407
11407,7.637959989591883,1.8211703839142162
11408,7.6379607560617115,1.8211696568111708
11409,7.637961521999707,1.8211689302126546
11410,7.637962287406248,1.821168204118317
11411,7.6379630522816955,1.8211674785278087
11412,7.637963816626425,1.82116675344078
11413,7.637964580440798,1.8211660288568812
11414,7.6379653437251855,1.8211653047757639
11415,7.637966106479956,1.8211645811970787
11416,7.637966868705473,1.8211638581204768
11417,7.637967630402107,1.8211631355456102
11418,7.637968391570229,1.8211624134721305
11419,7.637969152210198,1.8211616918996905
11420,7.637969912322384,1.821160970827941
11421,7.637970671907151,1.8211602502565347
11422,7.637971430964872,1.8211595301851262
11423,7.637972189495904,1.8211588106133672
11424,7.63797294750062,1.8211580915409116
11425,7.637973704979375,1.821157372967412
11426,7.637974461932543,1.8211566548925233
11427,7.637975218360486,1.821155937315899
11428,7.6379759742635684,1.8211552202371926
11429,7.637976729642154,1.8211545036560595
11430,7.6379774844966075,1.8211537875721546
11431,7.637978238827292,1.821153071985132
11432,7.6379789926345705,1.821152356894648
11433,7.637979745918806,1.8211516423003573
11434,7.637980498680364,1.8211509282019158
11435,7.637981250919606,1.8211502145989795
11436,7.637982002636892,1.821149501491204
11437,7.637982753832587,1.8211487888782463
11438,7.637983504507047,1.8211480767597625
11439,7.637984254660643,1.82114736513541
11440,7.637985004293733,1.8211466540048464
11441,7.637985753406674,1.8211459433677277
11442,7.637986501999833,1.8211452332237126
11443,7.637987250073564,1.8211445235724582
11444,7.637987997628235,1.8211438144136234
11445,7.6379887446642,1.8211431057468657
11446,7.637989491181822,1.8211423975718442
11447,7.6379902371814605,1.8211416898882173
11448,7.637990982663469,1.8211409826956437
11449,7.637991727628214,1.8211402759937834
11450,7.637992472076055,1.8211395697822963
11451,7.63799321600735,1.8211388640608406
11452,7.6379939594224515,1.8211381588290774
11453,7.63799470232172,1.8211374540866667
11454,7.637995444705521,1.8211367498332687
11455,7.637996186574199,1.821136046068544
11456,7.637996927928121,1.8211353427921537
11457,7.637997668767646,1.8211346400037596
11458,7.637998409093119,1.8211339377030211
11459,7.637999148904909,1.8211332358896026
11460,7.637999888203367,1.8211325345631637
11461,7.638000626988848,1.8211318337233668
11462,7.638001365261715,1.8211311333698752
11463,7.638002103022317,1.8211304335023508
11464,7.638002840271007,1.8211297341204566
11465,7.6380035770081465,1.8211290352238554
11466,7.63800431323409,1.8211283368122106
11467,7.638005048949185,1.8211276388851856
11468,7.638005784153793,1.8211269414424442
11469,7.638006518848271,1.8211262444836502
11470,7.638007253032966,1.8211255480084678
11471,7.638007986708233,1.8211248520165622
11472,7.638008719874428,1.8211241565075964
11473,7.638009452531901,1.821123461481237
11474,7.638010184681009,1.821122766937148
11475,7.638010916322103,1.8211220728749946
11476,7.638011647455536,1.8211213792944438
11477,7.638012378081652,1.8211206861951605
11478,7.638013108200815,1.8211199935768103
11479,7.638013837813374,1.8211193014390594
11480,7.638014566919679,1.8211186097815752
11481,7.638015295520081,1.8211179186040247
11482,7.638016023614931,1.8211172279060737
11483,7.638016751204576,1.8211165376873901
11484,7.638017478289372,1.8211158479476413
11485,7.6380182048696685,1.8211151586864944
11486,7.638018930945811,1.8211144699036177
11487,7.638019656518157,1.82111378159868
11488,7.638020381587053,1.821113093771348
11489,7.638021106152845,1.8211124064212918
11490,7.6380218302158855,1.8211117195481799
11491,7.6380225537765245,1.8211110331516809
11492,7.638023276835102,1.8211103472314645
11493,7.638023999391973,1.8211096617871998
11494,7.638024721447492,1.8211089768185567
11495,7.638025443001996,1.821108292325206
11496,7.63802616405584,1.8211076083068163
11497,7.638026884609362,1.8211069247630585
11498,7.638027604662922,1.8211062416936041
11499,7.638028324216855,1.821105559098124
11500,7.638029043271516,1.821104876976288
11501,7.638029761827247,1.8211041953277682
11502,7.638030479884402,1.8211035141522367
11503,7.638031197443311,1.821102833449364
11504,7.638031914504333,1.821102153218823
11505,7.638032631067811,1.8211014734602864
11506,7.638033347134089,1.8211007941734259
11507,7.638034062703509,1.8211001153579136
11508,7.63803477777642,1.8210994370134241
11509,7.638035492353171,1.8210987591396293
11510,7.638036206434091,1.8210980817362032
11511,7.63803692001954,1.8210974048028186
11512,7.638037633109852,1.8210967283391502
11513,7.638038345705379,1.821096052344872
11514,7.638039057806453,1.821095376819657
11515,7.638039769413428,1.821094701763182
11516,7.638040480526636,1.8210940271751197
11517,7.6380411911464305,1.8210933530551465
11518,7.638041901273147,1.8210926794029363
11519,7.638042610907133,1.8210920062181655
11520,7.638043320048724,1.8210913335005092
11521,7.638044028698271,1.8210906612496434
11522,7.6380447368561,1.8210899894652444
11523,7.638045444522565,1.8210893181469885
11524,7.6380461516980045,1.8210886472945516
11525,7.638046858382758,1.8210879769076112
11526,7.638047564577167,1.8210873069858442
11527,7.638048270281567,1.821086637528928
11528,7.638048975496302,1.821085968536539
11529,7.638049680221714,1.8210853000083551
11530,7.638050384458142,1.8210846319440561
11531,7.638051088205921,1.821083964343318
11532,7.638051791465388,1.8210832972058197
11533,7.6380524942368915,1.8210826305312395
11534,7.638053196520767,1.821081964319257
11535,7.638053898317343,1.8210812985695506
11536,7.6380545996269715,1.8210806332817997
11537,7.638055300449983,1.8210799684556833
11538,7.638056000786715,1.8210793040908817
11539,7.638056700637505,1.8210786401870749
11540,7.638057400002694,1.8210779767439422
11541,7.638058098882613,1.8210773137611642
11542,7.638058797277604,1.821076651238422
11543,7.638059495188002,1.821075989175396
11544,7.638060192614145,1.8210753275717673
11545,7.63806088955636,1.8210746664272168
11546,7.6380615860149925,1.8210740057414263
11547,7.638062281990379,1.8210733455140775
11548,7.638062977482846,1.8210726857448516
11549,7.638063672492736,1.8210720264334317
11550,7.638064367020382,1.8210713675794992
11551,7.638065061066115,1.821070709182738
11552,7.638065754630274,1.8210700512428295
11553,7.638066447713193,1.8210693937594569
11554,7.6380671403152,1.8210687367323035
11555,7.638067832436638,1.821068080161053
11556,7.638068524077833,1.8210674240453892
11557,7.638069215239123,1.821066768384996
11558,7.638069905920836,1.8210661131795571
11559,7.638070596123307,1.8210654584287567
11560,7.638071285846873,1.821064804132279
11561,7.638071975091859,1.8210641502898102
11562,7.638072663858599,1.8210634969010333
11563,7.6380733521474315,1.8210628439656353
11564,7.638074039958678,1.8210621914833005
11565,7.638074727292679,1.8210615394537149
11566,7.638075414149756,1.8210608878765642
11567,7.638076100530249,1.8210602367515343
11568,7.638076786434483,1.821059586078312
11569,7.638077471862791,1.8210589358565832
11570,7.638078156815501,1.821058286086035
11571,7.638078841292948,1.821057636766354
11572,7.63807952529546,1.8210569878972276
11573,7.63808020882336,1.8210563394783428
11574,7.638080891876983,1.821055691509388
11575,7.6380815744566615,1.8210550439900501
11576,7.638082256562718,1.8210543969200177
11577,7.638082938195483,1.8210537502989785
11578,7.6380836193552835,1.8210531041266216
11579,7.6380843000424505,1.821052458402635
11580,7.63808498025731,1.8210518131267077
11581,7.638085660000192,1.8210511682985295
11582,7.638086339271424,1.821050523917789
11583,7.638087018071327,1.8210498799841748
11584,7.63808769640024,1.8210492364973787
11585,7.63808837425848,1.8210485934570897
11586,7.638089051646374,1.8210479508629975
11587,7.638089728564252,1.8210473087147931
11588,7.638090405012437,1.821046667012167
11589,7.638091080991258,1.82104602575481
11590,7.638091756501039,1.8210453849424122
11591,7.638092431542109,1.8210447445746665
11592,7.638093106114786,1.8210441046512633
11593,7.6380937802194016,1.821043465171894
11594,7.638094453856277,1.8210428261362517
11595,7.6380951270257365,1.8210421875440272
11596,7.638095799728106,1.821041549394914
11597,7.638096471963714,1.8210409116886035
11598,7.6380971437328755,1.8210402744247889
11599,7.6380978150359145,1.8210396376031632
11600,7.638098485873165,1.8210390012234199
11601,7.638099156244939,1.821038365285252
11602,7.638099826151565,1.8210377297883524
11603,7.638100495593367,1.8210370947324164
11604,7.638101164570662,1.8210364601171365
11605,7.638101833083776,1.8210358259422086
11606,7.638102501133031,1.8210351922073253
11607,7.63810316871875,1.8210345589121824
11608,7.6381038358412505,1.8210339260564745
11609,7.638104502500859,1.8210332936398972
11610,7.638105168697891,1.8210326616621446
11611,7.638105834432674,1.821032030122913
11612,7.638106499705524,1.8210313990218983
11613,7.638107164516762,1.8210307683587956
11614,7.638107828866711,1.8210301381333016
11615,7.638108492755689,1.8210295083451125
11616,7.638109156184014,1.8210288789939255
11617,7.6381098191520085,1.821028250079436
11618,7.638110481659993,1.821027621601342
11619,7.638111143708282,1.8210269935593402
11620,7.6381118052971955,1.8210263659531285
11621,7.638112466427058,1.8210257387824043
11622,7.638113127098183,1.821025112046865
11623,7.63811378731089,1.8210244857462092
11624,7.638114447065501,1.821023859880135
11625,7.638115106362326,1.8210232344483404
11626,7.6381157652016824,1.8210226094505249
11627,7.638116423583899,1.821021984886386
11628,7.6381170815092805,1.8210213607556243
11629,7.63811773897815,1.8210207370579379
11630,7.638118395990824,1.8210201137930273
11631,7.638119052547621,1.8210194909605915
11632,7.6381197086488495,1.8210188685603304
11633,7.638120364294833,1.8210182465919442
11634,7.638121019485886,1.8210176250551333
11635,7.638121674222319,1.8210170039495983
11636,7.6381223285044575,1.8210163832750403
11637,7.638122982332611,1.821015763031159
11638,7.638123635707093,1.8210151432176567
11639,7.638124288628216,1.8210145238342348
11640,7.638124941096302,1.8210139048805942
11641,7.638125593111661,1.821013286356437
11642,7.638126244674611,1.8210126682614642
11643,7.638126895785458,1.8210120505953802
11644,7.638127546444522,1.821011433357886
11645,7.638128196652113,1.8210108165486838
11646,7.638128846408549,1.8210102001674768
11647,7.638129495714142,1.8210095842139684
11648,7.638130144569199,1.8210089686878617
11649,7.638130792974038,1.82100835358886
11650,7.638131440928969,1.8210077389166666
11651,7.6381320884343085,1.821007124670986
11652,7.638132735490358,1.821006510851521
11653,7.638133382097445,1.8210058974579775
11654,7.638134028255869,1.8210052844900593
11655,7.6381346739659435,1.8210046719474706
11656,7.638135319227978,1.8210040598299164
11657,7.638135964042295,1.8210034481371022
11658,7.638136608409189,1.8210028368687337
11659,7.638137252328983,1.8210022260245147
11660,7.638137895801974,1.821001615604152
11661,7.638138538828487,1.821001005607352
11662,7.638139181408823,1.8210003960338195
11663,7.638139823543295,1.8209997868832615
11664,7.638140465232211,1.8209991781553845
11665,7.638141106475877,1.8209985698498956
11666,7.638141747274605,1.8209979619665009
11667,7.638142387628704,1.8209973545049083
11668,7.638143027538484,1.820996747464824
11669,7.638143667004252,1.820996140845956
11670,7.638144306026313,1.820995534648013
11671,7.63814494460498,1.8209949288707017
11672,7.638145582740557,1.8209943235137311
11673,7.6381462204333515,1.8209937185768084
11674,7.638146857683676,1.8209931140596431
11675,7.638147494491829,1.8209925099619433
11676,7.63814813085812,1.8209919062834188
11677,7.63814876678286,1.8209913030237779
11678,7.638149402266355,1.82099070018273
11679,7.638150037308907,1.8209900977599853
11680,7.63815067191082,1.820989495755253
11681,7.638151306072406,1.8209888941682428
11682,7.638151939793968,1.8209882929986654
11683,7.6381525730758115,1.8209876922462305
11684,7.6381532059182415,1.8209870919106497
11685,7.638153838321561,1.8209864919916325
11686,7.638154470286079,1.8209858924888913
11687,7.638155101812098,1.820985293402135
11688,7.638155732899919,1.8209846947310777
11689,7.638156363549848,1.8209840964754291
11690,7.638156993762191,1.8209834986349012
11691,7.638157623537251,1.8209829012092065
11692,7.63815825287533,1.8209823041980566
11693,7.638158881776734,1.8209817076011647
11694,7.638159510241762,1.820981111418242
11695,7.638160138270718,1.8209805156490018
11696,7.638160765863905,1.8209799202931576
11697,7.63816139302163,1.820979325350422
11698,7.638162019744182,1.8209787308205085
11699,7.638162646031882,1.8209781367031306
11700,7.63816327188501,1.8209775429980022
11701,7.638163897303887,1.8209769497048374
11702,7.638164522288805,1.8209763568233495
11703,7.638165146840066,1.8209757643532534
11704,7.638165770957969,1.820975172294264
11705,7.638166394642819,1.8209745806460953
11706,7.638167017894915,1.8209739894084624
11707,7.638167640714558,1.8209733985810812
11708,7.638168263102038,1.8209728081636662
11709,7.638168885057673,1.8209722181559325
11710,7.638169506581752,1.8209716285575972
11711,7.638170127674576,1.8209710393683753
11712,7.638170748336443,1.8209704505879833
11713,7.638171368567649,1.8209698622161372
11714,7.638171988368501,1.8209692742525536
11715,7.638172607739293,1.820968686696949
11716,7.638173226680322,1.8209680995490407
11717,7.638173845191889,1.8209675128085456
11718,7.638174463274293,1.8209669264751809
11719,7.6381750809278275,1.8209663405486645
11720,7.63817569815279,1.820965755028714
11721,7.638176314949485,1.8209651699150462
11722,7.6381769313182,1.8209645852073808
11723,7.638177547259244,1.8209640009054355
11724,7.638178162772902,1.8209634170089284
11725,7.6381787778594745,1.8209628335175778
11726,7.638179392519261,1.8209622504311036
11727,7.638180006752553,1.8209616677492242
11728,7.638180620559649,1.8209610854716594
11729,7.638181233940844,1.8209605035981282
11730,7.638181846896434,1.8209599221283503
11731,7.638182459426714,1.8209593410620455
11732,7.638183071531982,1.8209587603989341
11733,7.638183683212525,1.8209581801387356
11734,7.638184294468648,1.8209576002811712
11735,7.638184905300636,1.8209570208259613
11736,7.638185515708791,1.8209564417728266
11737,7.6381861256934025,1.8209558631214877
11738,7.638186735254767,1.8209552848716668
11739,7.638187344393172,1.8209547070230852
11740,7.638187953108919,1.820954129575463
11741,7.638188561402296,1.8209535525285232
11742,7.638189169273599,1.8209529758819876
11743,7.638189776723121,1.8209523996355785
11744,7.638190383751155,1.8209518237890183
11745,7.638190990357989,1.8209512483420287
11746,7.638191596543918,1.8209506732943337
11747,7.638192202309239,1.8209500986456548
11748,7.638192807654236,1.8209495243957161
11749,7.638193412579201,1.8209489505442409
11750,7.638194017084433,1.820948377090952
11751,7.638194621170216,1.8209478040355742
11752,7.638195224836846,1.820947231377831
11753,7.6381958280846085,1.8209466591174461
11754,7.638196430913803,1.8209460872541436
11755,7.638197033324706,1.8209455157876482
11756,7.63819763531762,1.820944944717685
11757,7.638198236892829,1.8209443740439781
11758,7.638198838050628,1.820943803766253
11759,7.638199438791296,1.8209432338842353
11760,7.638200039115136,1.82094266439765
11761,7.638200639022428,1.8209420953062225
11762,7.638201238513468,1.8209415266096787
11763,7.638201837588534,1.8209409583077443
11764,7.638202436247927,1.8209403904001462
11765,7.638203034491931,1.820939822886611
11766,7.638203632320829,1.8209392557668644
11767,7.638204229734912,1.8209386890406327
11768,7.638204826734471,1.820938122707644
11769,7.638205423319794,1.8209375567676254
11770,7.638206019491159,1.8209369912203037
11771,7.638206615248868,1.8209364260654064
11772,7.638207210593192,1.8209358613026616
11773,7.6382078055244325,1.8209352969317965
11774,7.638208400042866,1.8209347329525394
11775,7.638208994148786,1.8209341693646195
11776,7.6382095878424705,1.8209336061677641
11777,7.638210181124216,1.820933043361702
11778,7.638210773994298,1.8209324809461627
11779,7.638211366453011,1.8209319189208746
11780,7.6382119585006345,1.8209313572855672
11781,7.638212550137452,1.8209307960399692
11782,7.638213141363756,1.8209302351838115
11783,7.638213732179825,1.8209296747168227
11784,7.638214322585948,1.8209291146387336
11785,7.6382149125824075,1.8209285549492733
11786,7.638215502169486,1.8209279956481732
11787,7.638216091347471,1.820927436735163
11788,7.638216680116646,1.8209268782099746
11789,7.638217268477286,1.8209263200723373
11790,7.638217856429687,1.820925762321983
11791,7.63821844397413,1.820925204958643
11792,7.638219031110888,1.8209246479820487
11793,7.638219617840257,1.820924091391932
11794,7.638220204162513,1.8209235351880237
11795,7.638220790077938,1.8209229793700576
11796,7.638221375586814,1.820922423937764
11797,7.638221960689423,1.820921868890876
11798,7.638222545386051,1.8209213142291263
11799,7.638223129676979,1.8209207599522481
11800,7.638223713562485,1.8209202060599736
11801,7.6382242970428464,1.8209196525520366
11802,7.63822488011836,1.8209190994281692
11803,7.638225462789292,1.8209185466881062
11804,7.638226045055925,1.8209179943315807
11805,7.638226626918542,1.8209174423583263
11806,7.638227208377425,1.8209168907680777
11807,7.638227789432855,1.8209163395605683
11808,7.638228370085105,1.8209157887355343
11809,7.638228950334464,1.8209152382927076
11810,7.6382295301812055,1.8209146882318252
11811,7.63823010962561,1.8209141385526215
11812,7.638230688667956,1.8209135892548305
11813,7.638231267308523,1.8209130403381886
11814,7.638231845547591,1.820912491802432
11815,7.638232423385437,1.8209119436472947
11816,7.638233000822346,1.8209113958725143
11817,7.638233577858584,1.8209108484778254
11818,7.638234154494437,1.820910301462965
11819,7.63823473073018,1.8209097548276698
11820,7.638235306566094,1.8209092085716756
11821,7.638235882002451,1.82090866269472
11822,7.6382364570395325,1.8209081171965393
11823,7.638237031677617,1.8209075720768715
11824,7.638237605916981,1.820907027335453
11825,7.638238179757897,1.820906482972022
11826,7.638238753200639,1.820905938986316
11827,7.638239326245491,1.8209053953780727
11828,7.638239898892725,1.820904852147031
11829,7.638240471142615,1.820904309292928
11830,7.638241042995446,1.820903766815503
11831,7.638241614451486,1.8209032247144938
11832,7.638242185511007,1.8209026829896402
11833,7.638242756174293,1.8209021416406805
11834,7.638243326441611,1.8209016006673544
11835,7.63824389631324,1.8209010600694007
11836,7.638244465789454,1.8209005198465587
11837,7.638245034870528,1.820899979998569
11838,7.63824560355673,1.8208994405251715
11839,7.638246171848346,1.8208989014261046
11840,7.6382467397456395,1.8208983627011108
11841,7.638247307248889,1.8208978243499292
11842,7.638247874358366,1.8208972863723007
11843,7.638248441074342,1.8208967487679661
11844,7.638249007397096,1.8208962115366663
11845,7.638249573326896,1.8208956746781424
11846,7.6382501388640165,1.8208951381921359
11847,7.638250704008725,1.8208946020783885
11848,7.638251268761303,1.8208940663366417
11849,7.638251833122013,1.8208935309666372
11850,7.638252397091134,1.8208929959681168
11851,7.638252960668937,1.8208924613408235
11852,7.638253523855691,1.8208919270844994
11853,7.638254086651664,1.8208913931988866
11854,7.638254649057135,1.8208908596837285
11855,7.63825521107237,1.8208903265387677
11856,7.638255772697643,1.8208897937637472
11857,7.638256333933223,1.8208892613584113
11858,7.638256894779377,1.820888729322502
11859,7.63825745523638,1.8208881976557638
11860,7.638258015304494,1.8208876663579405
11861,7.638258574984006,1.820887135428776
11862,7.638259134275165,1.820886604868014
11863,7.638259693178256,1.8208860746753999
11864,7.638260251693543,1.8208855448506773
11865,7.63826080982129,1.8208850153935916
11866,7.638261367561771,1.8208844863038873
11867,7.638261924915256,1.8208839575813094
11868,7.638262481882011,1.8208834292256035
11869,7.6382630384623065,1.8208829012365149
11870,7.638263594656407,1.820882373613789
11871,7.6382641504645825,1.8208818463571714
11872,7.6382647058870985,1.820881319466409
11873,7.638265260924229,1.8208807929412476
11874,7.638265815576233,1.8208802667814326
11875,7.63826636984339,1.8208797409867112
11876,7.638266923725951,1.82087921555683
11877,7.638267477224196,1.8208786904915362
11878,7.6382680303383825,1.8208781657905757
11879,7.63826858306879,1.8208776414536967
11880,7.6382691354156655,1.8208771174806468
11881,7.638269687379288,1.820876593871173
11882,7.638270238959923,1.820876070625022
11883,7.638270790157837,1.820875547741944
11884,7.638271340973285,1.8208750252216852
11885,7.638271891406544,1.8208745030639946
11886,7.6382724414578735,1.82087398126862
11887,7.638272991127546,1.8208734598353113
11888,7.638273540415819,1.8208729387638156
11889,7.638274089322958,1.8208724180538833
11890,7.638274637849224,1.820871897705262
11891,7.638275185994887,1.8208713777177026
11892,7.638275733760214,1.8208708580909534
11893,7.63827628114546,1.8208703388247647
11894,7.638276828150898,1.8208698199188855
11895,7.638277374776782,1.8208693013730668
11896,7.6382779210233815,1.8208687831870587
11897,7.638278466890958,1.8208682653606107
11898,7.638279012379779,1.8208677478934736
11899,7.638279557490098,1.8208672307853981
11900,7.638280102222183,1.8208667140361352
11901,7.6382806465762965,1.8208661976454354
11902,7.6382811905527,1.820865681613051
11903,7.638281734151657,1.8208651659387332
11904,7.638282277373432,1.8208646506222321
11905,7.63828282021828,1.8208641356633006
11906,7.6382833626864635,1.8208636210616902
11907,7.638283904778249,1.8208631068171537
11908,7.638284446493893,1.8208625929294426
11909,7.638284987833659,1.8208620793983092
11910,7.638285528797809,1.8208615662235057
11911,7.638286069386601,1.820861053404786
11912,7.638286609600291,1.8208605409419027
11913,7.638287149439149,1.8208600288346086
11914,7.638287688903429,1.8208595170826567
11915,7.638288227993394,1.820859005685801
11916,7.6382887667093,1.8208584946437947
11917,7.638289305051409,1.8208579839563912
11918,7.638289843019981,1.8208574736233456
11919,7.638290380615276,1.8208569636444112
11920,7.638290917837546,1.8208564540193424
11921,7.6382914546870575,1.8208559447478936
11922,7.638291991164067,1.8208554358298195
11923,7.638292527268833,1.820854927264875
11924,7.638293063001616,1.820854419052815
11925,7.63829359836267,1.8208539111933943
11926,7.638294133352253,1.8208534036863688
11927,7.63829466797062,1.8208528965314934
11928,7.638295202218038,1.8208523897285247
11929,7.6382957360947605,1.820851883277217
11930,7.638296269601034,1.8208513771773276
11931,7.638296802737134,1.820850871428612
11932,7.638297335503303,1.820850366030826
11933,7.638297867899808,1.8208498609837283
11934,7.6382983999268985,1.8208493562870731
11935,7.638298931584832,1.8208488519406185
11936,7.638299462873865,1.8208483479441206
11937,7.638299993794255,1.8208478442973375
11938,7.638300524346261,1.820847341000026
11939,7.638301054530128,1.8208468380519442
11940,7.6383015843461175,1.8208463354528492
11941,7.638302113794489,1.8208458332024993
11942,7.638302642875491,1.8208453313006514
11943,7.6383031715893805,1.8208448297470647
11944,7.6383036999364124,1.820844328541497
11945,7.6383042279168425,1.8208438276837078
11946,7.638304755530926,1.820843327173455
11947,7.638305282778914,1.8208428270104973
11948,7.63830580966106,1.8208423271945937
11949,7.638306336177622,1.820841827725504
11950,7.638306862328851,1.8208413286029872
11951,7.638307388114998,1.8208408298268022
11952,7.638307913536322,1.8208403313967099
11953,7.638308438593073,1.8208398333124696
11954,7.638308963285502,1.8208393355738408
11955,7.638309487613867,1.8208388381805842
11956,7.638310011578417,1.82083834113246
11957,7.638310535179405,1.820837844429229
11958,7.6383110584170835,1.8208373480706515
11959,7.6383115812917035,1.8208368520564886
11960,7.638312103803522,1.8208363563865013
11961,7.63831262595278,1.8208358610604503
11962,7.63831314773974,1.8208353660780976
11963,7.638313669164647,1.8208348714392044
11964,7.638314190227752,1.8208343771435322
11965,7.638314710929314,1.8208338831908435
11966,7.638315231269573,1.8208333895808997
11967,7.638315751248791,1.8208328963134628
11968,7.638316270867208,1.8208324033882959
11969,7.638316790125077,1.8208319108051605
11970,7.638317309022652,1.8208314185638206
11971,7.638317827560183,1.8208309266640377
11972,7.638318345737915,1.8208304351055753
11973,7.6383188635561,1.8208299438881967
11974,7.638319381014988,1.8208294530116655
11975,7.638319898114833,1.820828962475744
11976,7.6383204148558725,1.8208284722801973
11977,7.638320931238366,1.8208279824247888
11978,7.6383214472625625,1.8208274929092818
11979,7.638321962928699,1.8208270037334409
11980,7.638322478237032,1.820826514897031
11981,7.63832299318781,1.820826026399815
11982,7.638323507781284,1.8208255382415595
11983,7.6383240220177,1.8208250504220276
11984,7.638324535897299,1.8208245629409854
11985,7.638325049420334,1.8208240757981977
11986,7.638325562587057,1.8208235889934294
11987,7.638326075397707,1.8208231025264456
11988,7.638326587852533,1.8208226163970136
11989,7.638327099951783,1.820822130604898
11990,7.638327611695708,1.8208216451498644
11991,7.638328123084547,1.8208211600316795
11992,7.638328634118555,1.8208206752501093
11993,7.638329144797967,1.8208201908049206
11994,7.638329655123036,1.8208197066958796
11995,7.6383301650940085,1.8208192229227536
11996,7.638330674711133,1.820818739485309
11997,7.638331183974646,1.8208182563833124
11998,7.6383316928847975,1.8208177736165316
11999,7.638332201441833,1.8208172911847347
12000,7.638332709645998,1.820816809087688
12001,7.638333217497537,1.8208163273251596
12002,7.638333724996697,1.8208158458969175
12003,7.638334232143717,1.8208153648027305
12004,7.638334738938843,1.8208148840423655
12005,7.63833524538232,1.8208144036155918
12006,7.6383357514743935,1.820813923522177
12007,7.638336257215309,1.8208134437618906
12008,7.638336762605305,1.8208129643345015
12009,7.638337267644626,1.8208124852397782
12010,7.6383377723335215,1.82081200647749
12011,7.638338276672227,1.8208115280474062
12012,7.638338780660989,1.820811049949297
12013,7.638339284300043,1.8208105721829302
12014,7.638339787589648,1.820810094748078
12015,7.638340290530031,1.8208096176445083
12016,7.638340793121442,1.8208091408719929
12017,7.638341295364122,1.8208086644303005
12018,7.638341797258314,1.8208081883192029
12019,7.638342298804251,1.8208077125384698
12020,7.638342800002187,1.8208072370878725
12021,7.638343300852358,1.8208067619671815
12022,7.638343801355003,1.8208062871761685
12023,7.638344301510367,1.820805812714604
12024,7.638344801318689,1.8208053385822598
12025,7.638345300780213,1.8208048647789072
12026,7.638345799895173,1.8208043913043184
12027,7.638346298663813,1.820803918158265
12028,7.6383467970863785,1.8208034453405189
12029,7.6383472951631015,1.8208029728508524
12030,7.638347792894227,1.820802500689038
12031,7.638348290279989,1.820802028854848
12032,7.638348787320637,1.8208015573480547
12033,7.6383492840164005,1.8208010861684314
12034,7.638349780367523,1.8208006153157512
12035,7.638350276374248,1.8208001447897875
12036,7.638350772036807,1.8207996745903121
12037,7.638351267355441,1.8207992047171002
12038,7.6383517623303865,1.8207987351699246
12039,7.638352256961893,1.8207982659485589
12040,7.638352751250188,1.8207977970527771
12041,7.638353245195509,1.8207973284823542
12042,7.6383537387981,1.820796860237063
12043,7.6383542320581945,1.8207963923166788
12044,7.638354724976036,1.8207959247209762
12045,7.638355217551857,1.8207954574497291
12046,7.638355709785896,1.8207949905027137
12047,7.638356201678383,1.8207945238797032
12048,7.638356693229568,1.8207940575804742
12049,7.638357184439682,1.8207935916048021
12050,7.63835767530896,1.8207931259524612
12051,7.638358165837637,1.8207926606232283
12052,7.638358656025955,1.8207921956168787
12053,7.638359145874149,1.8207917309331885
12054,7.638359635382451,1.8207912665719337
12055,7.6383601245511,1.8207908025328898
12056,7.638360613380331,1.820790338815835
12057,7.638361101870378,1.8207898754205443
12058,7.638361590021479,1.8207894123467951
12059,7.638362077833866,1.8207889495943639
12060,7.638362565307781,1.8207884871630284
12061,7.6383630524434505,1.820788025052565
12062,7.638363539241107,1.8207875632627517
12063,7.638364025700995,1.820787101793366
12064,7.638364511823348,1.8207866406441855
12065,7.63836499760839,1.8207861798149874
12066,7.638365483056367,1.8207857193055494
12067,7.638365968167505,1.8207852591156513
12068,7.638366452942037,1.82078479924507
12069,7.638366937380208,1.8207843396935846
12070,7.638367421482236,1.8207838804609733
12071,7.638367905248364,1.820783421547015
12072,7.638368388678824,1.820782962951488
12073,7.6383688717738485,1.8207825046741717
12074,7.638369354533664,1.8207820467148463
12075,7.638369836958512,1.82078158907329
12076,7.638370319048618,1.8207811317492824
12077,7.638370800804219,1.8207806747426034
12078,7.638371282225543,1.820780218053033
12079,7.638371763312833,1.8207797616803505
12080,7.638372244066302,1.8207793056243367
12081,7.638372724486199,1.8207788498847717
12082,7.6383732045727415,1.8207783944614357
12083,7.638373684326174,1.8207779393541095
12084,7.638374163746717,1.8207774845625735
12085,7.638374642834609,1.8207770300866088
12086,7.638375121590077,1.8207765759259968
12087,7.638375600013349,1.8207761220805179
12088,7.638376078104661,1.8207756685499537
12089,7.638376555864242,1.8207752153340862
12090,7.638377033292316,1.820774762432696
12091,7.63837751038913,1.820774309845566
12092,7.63837798715489,1.8207738575724774
12093,7.638378463589843,1.8207734056132132
12094,7.638378939694214,1.8207729539675541
12095,7.638379415468227,1.8207725026352837
12096,7.63837989091212,1.8207720516161847
12097,7.638380366026119,1.8207716009100385
12098,7.638380840810449,1.8207711505166293
12099,7.638381315265343,1.8207707004357394
12100,7.638381789391028,1.8207702506671526
12101,7.638382263187733,1.8207698012106508
12102,7.638382736655685,1.8207693520660189
12103,7.638383209795115,1.8207689032330394
12104,7.638383682606249,1.8207684547114973
12105,7.63838415508931,1.8207680065011753
12106,7.638384627244535,1.8207675586018577
12107,7.638385099072147,1.8207671110133292
12108,7.638385570572371,1.820766663735374
12109,7.638386041745435,1.8207662167677765
12110,7.638386512591572,1.820765770110321
12111,7.638386983111002,1.8207653237627928
12112,7.638387453303955,1.8207648777249763
12113,7.638387923170653,1.8207644319966574
12114,7.638388392711326,1.8207639865776206
12115,7.638388861926207,1.8207635414676513
12116,7.638389330815503,1.8207630966665358
12117,7.638389799379463,1.8207626521740587
12118,7.638390267618298,1.8207622079900072
12119,7.638390735532237,1.8207617641141658
12120,7.638391203121507,1.8207613205463218
12121,7.638391670386329,1.8207608772862607
12122,7.638392137326936,1.8207604343337689
12123,7.638392603943544,1.8207599916886341
12124,7.638393070236382,1.820759549350642
12125,7.638393536205677,1.8207591073195795
12126,7.638394001851649,1.8207586655952346
12127,7.638394467174526,1.820758224177393
12128,7.638394932174531,1.820757783065843
12129,7.63839539685189,1.8207573422603718
12130,7.638395861206817,1.820756901760767
12131,7.638396325239548,1.8207564615668166
12132,7.638396788950302,1.8207560216783074
12133,7.638397252339303,1.8207555820950292
12134,7.638397715406772,1.8207551428167694
12135,7.6383981781529355,1.8207547038433158
12136,7.63839864057801,1.8207542651744582
12137,7.638399102682224,1.8207538268099839
12138,7.638399564465803,1.8207533887496823
12139,7.638400025928962,1.8207529509933424
12140,7.638400487071926,1.8207525135407527
12141,7.638400947894925,1.8207520763917031
12142,7.638401408398168,1.8207516395459826
12143,7.63840186858188,1.8207512030033814
12144,7.638402328446293,1.8207507667636884
12145,7.638402787991613,1.820750330826694
12146,7.638403247218076,1.820749895192187
12147,7.638403706125891,1.8207494598599592
12148,7.638404164715292,1.8207490248297995
12149,7.638404622986487,1.8207485901014988
12150,7.638405080939704,1.820748155674848
12151,7.638405538575161,1.8207477215496366
12152,7.638405995893082,1.8207472877256565
12153,7.638406452893686,1.820746854202699
12154,7.63840690957719,1.8207464209805542
12155,7.638407365943817,1.820745988059014
12156,7.638407821993788,1.8207455554378693
12157,7.638408277727319,1.8207451231169125
12158,7.63840873314463,1.8207446910959342
12159,7.638409188245941,1.8207442593747267
12160,7.638409643031475,1.8207438279530828
12161,7.638410097501446,1.8207433968307938
12162,7.6384105516560785,1.8207429660076515
12163,7.638411005495584,1.82074253548345
12164,7.638411459020186,1.8207421052579797
12165,7.6384119122301035,1.8207416753310355
12166,7.638412365125553,1.8207412457024086
12167,7.638412817706753,1.8207408163718921
12168,7.63841326997392,1.8207403873392807
12169,7.6384137219272725,1.820739958604366
12170,7.638414173567034,1.8207395301669422
12171,7.638414624893414,1.8207391020268027
12172,7.638415075906634,1.820738674183741
12173,7.638415526606909,1.8207382466375515
12174,7.638415976994466,1.8207378193880277
12175,7.638416427069503,1.820737392434964
12176,7.638416876832255,1.8207369657781545
12177,7.638417326282929,1.8207365394173938
12178,7.638417775421741,1.8207361133524764
12179,7.638418224248915,1.820735687583198
12180,7.638418672764657,1.8207352621093513
12181,7.638419120969195,1.8207348369307335
12182,7.638419568862732,1.8207344120471383
12183,7.638420016445496,1.8207339874583608
12184,7.638420463717696,1.8207335631641974
12185,7.638420910679543,1.8207331391644435
12186,7.63842135733126,1.820732715458895
12187,7.638421803673066,1.8207322920473468
12188,7.638422249705166,1.8207318689295957
12189,7.638422695427774,1.8207314461054378
12190,7.638423140841119,1.8207310235746692
12191,7.6384235859454,1.8207306013370859
12192,7.638424030740839,1.8207301793924857
12193,7.638424475227651,1.820729757740664
12194,7.638424919406041,1.820729336381418
12195,7.638425363276238,1.820728915314545
12196,7.638425806838446,1.8207284945398419
12197,7.638426250092874,1.8207280740571063
12198,7.638426693039748,1.8207276538661348
12199,7.638427135679279,1.8207272339667262
12200,7.6384275780116715,1.8207268143586768
12201,7.638428020037146,1.8207263950417851
12202,7.638428461755912,1.820725976015849
12203,7.6384289031681885,1.8207255572806669
12204,7.638429344274177,1.8207251388360368
12205,7.638429785074101,1.820724720681757
12206,7.638430225568165,1.8207243028176265
12207,7.6384306657565855,1.8207238852434429
12208,7.638431105639578,1.8207234679590065
12209,7.638431545217341,1.8207230509641146
12210,7.6384319844901025,1.8207226342585676
12211,7.638432423458066,1.8207222178421638
12212,7.6384328621214435,1.8207218017147038
12213,7.638433300480447,1.820721385875985
12214,7.638433738535284,1.8207209703258103
12215,7.6384341762861725,1.8207205550639762
12216,7.638434613733318,1.8207201400902844
12217,7.638435050876934,1.8207197254045342
12218,7.6384354877172305,1.820719311006526
12219,7.638435924254419,1.820718896896061
12220,7.638436360488707,1.8207184830729384
12221,7.638436796420308,1.8207180695369591
12222,7.638437232049431,1.820717656287925
12223,7.638437667376285,1.8207172433256356
12224,7.638438102401075,1.8207168306498922
12225,7.638438537124018,1.8207164182604962
12226,7.638438971545323,1.8207160061572496
12227,7.638439405665194,1.8207155943399524
12228,7.638439839483845,1.820715182808408
12229,7.638440273001486,1.8207147715624155
12230,7.638440706218321,1.8207143606017793
12231,7.638441139134559,1.8207139499263
12232,7.638441571750414,1.8207135395357805
12233,7.638442004066089,1.8207131294300225
12234,7.638442436081794,1.8207127196088289
12235,7.638442867797738,1.8207123100720015
12236,7.638443299214129,1.820711900819344
12237,7.638443730331172,1.8207114918506582
12238,7.638444161149081,1.8207110831657474
12239,7.638444591668058,1.8207106747644153
12240,7.63844502188831,1.8207102666464638
12241,7.638445451810047,1.8207098588116974
12242,7.638445881433475,1.82070945125992
12243,7.638446310758799,1.820709043990934
12244,7.638446739786235,1.8207086370045436
12245,7.638447168515976,1.8207082303005528
12246,7.6384475969482395,1.8207078238787655
12247,7.638448025083224,1.820707417738986
12248,7.638448452921145,1.8207070118810191
12249,7.638448880462197,1.8207066063046686
12250,7.6384493077065985,1.8207062010097392
12251,7.638449734654546,1.8207057959960364
12252,7.638450161306246,1.8207053912633628
12253,7.638450587661909,1.8207049868115264
12254,7.638451013721739,1.8207045826403305
12255,7.638451439485938,1.820704178749581
12256,7.638451864954714,1.8207037751390822
12257,7.63845229012827,1.820703371808641
12258,7.638452715006812,1.820702968758063
12259,7.638453139590546,1.8207025659871534
12260,7.638453563879673,1.820702163495718
12261,7.6384539878744,1.8207017612835628
12262,7.638454411574936,1.8207013593504948
12263,7.638454834981475,1.8207009576963202
12264,7.6384552580942255,1.820700556320845
12265,7.638455680913397,1.8207001552238762
12266,7.6384561034391805,1.8206997544052206
12267,7.638456525671788,1.8206993538646845
12268,7.638456947611427,1.820698953602075
12269,7.638457369258296,1.8206985536172
12270,7.6384577906125966,1.8206981539098661
12271,7.63845821167453,1.8206977544798808
12272,7.638458632444308,1.8206973553270522
12273,7.638459052922122,1.820696956451187
12274,7.638459473108183,1.8206965578520942
12275,7.63845989300269,1.8206961595295812
12276,7.638460312605846,1.8206957614834554
12277,7.638460731917854,1.820695363713526
12278,7.6384611509389115,1.8206949662196006
12279,7.638461569669229,1.820694569001488
12280,7.638461988108998,1.8206941720589973
12281,7.63846240625843,1.8206937753919372
12282,7.638462824117722,1.8206933790001152
12283,7.638463241687073,1.820692982883342
12284,7.638463658966682,1.820692587041426
12285,7.63846407595676,1.8206921914741763
12286,7.638464492657498,1.8206917961814024
12287,7.638464909069109,1.8206914011629145
12288,7.638465325191779,1.8206910064185218
12289,7.638465741025712,1.8206906119480335
12290,7.638466156571116,1.8206902177512607
12291,7.638466571828188,1.820689823828012
12292,7.638466986797126,1.8206894301780998
12293,7.6384674014781275,1.8206890368013324
12294,7.638467815871396,1.8206886436975211
12295,7.63846822997713,1.8206882508664766
12296,7.638468643795536,1.820687858308009
12297,7.638469057326801,1.8206874660219299
12298,7.638469470571132,1.8206870740080494
12299,7.638469883528727,1.82068668226618
12300,7.63847029619978,1.8206862907961316
12301,7.6384707085844985,1.8206858995977169
12302,7.638471120683075,1.8206855086707456
12303,7.638471532495708,1.8206851180150312
12304,7.6384719440226,1.8206847276303848
12305,7.638472355263946,1.8206843375166173
12306,7.638472766219944,1.8206839476735424
12307,7.638473176890797,1.8206835581009715
12308,7.6384735872766925,1.8206831687987162
12309,7.638473997377842,1.8206827797665903
12310,7.638474407194431,1.8206823910044052
12311,7.638474816726664,1.8206820025119745
12312,7.638475225974733,1.8206816142891105
12313,7.638475634938837,1.8206812263356267
12314,7.638476043619181,1.8206808386513353
12315,7.638476452015949,1.8206804512360495
12316,7.638476860129345,1.8206800640895837
12317,7.638477267959563,1.8206796772117504
12318,7.638477675506807,1.8206792906023637
12319,7.638478082771265,1.8206789042612372
12320,7.638478489753132,1.8206785181881844
12321,7.63847889645261,1.8206781323830203
12322,7.638479302869891,1.820677746845558
12323,7.638479709005177,1.8206773615756118
12324,7.6384801148586545,1.8206769765729964
12325,7.638480520430521,1.8206765918375272
12326,7.638480925720978,1.8206762073690166
12327,7.638481330730215,1.820675823167281
12328,7.6384817354584325,1.8206754392321354
12329,7.638482139905821,1.8206750555633944
12330,7.638482544072574,1.8206746721608722
12331,7.638482947958892,1.8206742890243854
12332,7.638483351564968,1.8206739061537491
12333,7.638483754890991,1.8206735235487785
12334,7.638484157937163,1.8206731412092896
12335,7.638484560703671,1.8206727591350977
12336,7.638484963190713,1.8206723773260194
12337,7.638485365398482,1.8206719957818704
12338,7.638485767327175,1.8206716145024675
12339,7.638486168976979,1.8206712334876247
12340,7.638486570348095,1.8206708527371611
12341,7.638486971440712,1.8206704722508924
12342,7.638487372255024,1.820670092028635
12343,7.638487772791222,1.8206697120702053
12344,7.638488173049501,1.820669332375421
12345,7.638488573030055,1.8206689529440991
12346,7.638488972733076,1.8206685737760568
12347,7.638489372158754,1.8206681948711105
12348,7.638489771307285,1.8206678162290788
12349,7.638490170178862,1.820667437849779
12350,7.638490568773669,1.8206670597330281
12351,7.638490967091912,1.8206666818786443
12352,7.638491365133773,1.8206663042864462
12353,7.638491762899441,1.8206659269562515
12354,7.638492160389117,1.8206655498878772
12355,7.6384925576029845,1.8206651730811434
12356,7.6384929545412374,1.8206647965358678
12357,7.638493351204071,1.8206644202518685
12358,7.63849374759167,1.8206640442289652
12359,7.638494143704235,1.8206636684669761
12360,7.638494539541947,1.8206632929657203
12361,7.638494935105002,1.8206629177250169
12362,7.638495330393583,1.8206625427446845
12363,7.638495725407888,1.8206621680245438
12364,7.638496120148108,1.8206617935644132
12365,7.6384965146144275,1.8206614193641124
12366,7.638496908807042,1.8206610454234615
12367,7.638497302726138,1.8206606717422793
12368,7.638497696371905,1.8206602983203874
12369,7.638498089744541,1.820659925157604
12370,7.638498482844222,1.8206595522537514
12371,7.638498875671143,1.820659179608648
12372,7.6384992682255,1.8206588072221155
12373,7.638499660507472,1.820658435093974
12374,7.6385000525172515,1.8206580632240443
12375,7.638500444255035,1.8206576916121475
12376,7.638500835720999,1.8206573202581038
12377,7.638501226915337,1.820656949161735
12378,7.638501617838237,1.8206565783228614
12379,7.638502008489893,1.8206562077413062
12380,7.638502398870482,1.8206558374168884
12381,7.638502788980203,1.8206554673494315
12382,7.6385031788192395,1.8206550975387563
12383,7.638503568387779,1.8206547279846852
12384,7.638503957686009,1.8206543586870392
12385,7.638504346714121,1.820653989645641
12386,7.638504735472296,1.8206536208603128
12387,7.638505123960722,1.820653252330877
12388,7.638505512179594,1.8206528840571556
12389,7.638505900129091,1.8206525160389715
12390,7.638506287809404,1.8206521482761473
12391,7.6385066752207145,1.820651780768506
12392,7.63850706236322,1.8206514135158705
12393,7.6385074492370935,1.8206510465180634
12394,7.638507835842527,1.8206506797749082
12395,7.63850822217971,1.8206503132862277
12396,7.638508608248826,1.820649947051847
12397,7.638508994050064,1.8206495810715877
12398,7.6385093795836045,1.8206492153452738
12399,7.638509764849632,1.8206488498727305
12400,7.638510149848345,1.82064848465378
12401,7.638510534579914,1.8206481196882478
12402,7.638510919044528,1.8206477549759568
12403,7.638511303242377,1.8206473905167317
12404,7.638511687173649,1.8206470263103975
12405,7.638512070838517,1.820646662356778
12406,7.638512454237175,1.820646298655698
12407,7.638512837369804,1.820645935206982
12408,7.638513220236591,1.8206455720104555
12409,7.638513602837719,1.8206452090659433
12410,7.638513985173374,1.8206448463732703
12411,7.6385143672437374,1.820644483932262
12412,7.6385147490489915,1.8206441217427438
12413,7.638515130589325,1.820643759804541
12414,7.638515511864922,1.820643398117479
12415,7.638515892875964,1.8206430366813835
12416,7.6385162736226375,1.8206426754960818
12417,7.638516654105119,1.8206423145613984
12418,7.638517034323597,1.8206419538771597
12419,7.638517414278254,1.8206415934431912
12420,7.63851779396927,1.820641233259321
12421,7.638518173396832,1.820640873325374
12422,7.638518552561124,1.8206405136411774
12423,7.638518931462325,1.8206401542065576
12424,7.638519310100623,1.8206397950213427
12425,7.638519688476192,1.8206394360853582
12426,7.638520066589219,1.8206390773984311
12427,7.638520444439885,1.8206387189603892
12428,7.638520822028373,1.8206383607710597
12429,7.63852119935487,1.8206380028302702
12430,7.638521576419548,1.8206376451378479
12431,7.638521953222591,1.8206372876936208
12432,7.638522329764185,1.8206369304974155
12433,7.638522706044508,1.8206365735490622
12434,7.638523082063742,1.820636216848387
12435,7.6385234578220675,1.8206358603952184
12436,7.63852383331967,1.8206355041893851
12437,7.638524208556726,1.820635148230715
12438,7.6385245835334175,1.8206347925190376
12439,7.638524958249925,1.8206344370541803
12440,7.638525332706423,1.820634081835972
12441,7.638525706903105,1.8206337268642425
12442,7.638526080840143,1.8206333721388195
12443,7.638526454517718,1.8206330176595327
12444,7.638526827936008,1.8206326634262118
12445,7.638527201095197,1.8206323094386856
12446,7.638527573995464,1.8206319556967836
12447,7.638527946636988,1.8206316022003348
12448,7.638528319019944,1.8206312489491696
12449,7.638528691144519,1.8206308959431186
12450,7.638529063010887,1.8206305431820096
12451,7.638529434619229,1.8206301906656746
12452,7.638529805969728,1.820629838393942
12453,7.638530177062556,1.8206294863666441
12454,7.638530547897897,1.8206291345836094
12455,7.638530918475922,1.8206287830446701
12456,7.6385312887968215,1.820628431749655
12457,7.638531658860766,1.8206280806983965
12458,7.638532028667933,1.8206277298907245
12459,7.638532398218503,1.8206273793264702
12460,7.638532767512651,1.820627029005465
12461,7.638533136550566,1.8206266789275396
12462,7.638533505332413,1.8206263290925249
12463,7.638533873858373,1.8206259795002544
12464,7.638534242128625,1.8206256301505572
12465,7.6385346101433464,1.8206252810432662
12466,7.638534977902717,1.8206249321782133
12467,7.6385353454069085,1.8206245835552306
12468,7.638535712656105,1.8206242351741486
12469,7.638536079650476,1.8206238870348015
12470,7.6385364463902015,1.8206235391370205
12471,7.6385368128754605,1.8206231914806377
12472,7.638537179106424,1.8206228440654861
12473,7.638537545083273,1.8206224968913982
12474,7.63853791080618,1.820622149958207
12475,7.638538276275329,1.8206218032657449
12476,7.638538641490891,1.8206214568138446
12477,7.638539006453038,1.8206211106023404
12478,7.638539371161951,1.8206207646310644
12479,7.638539735617804,1.8206204188998503
12480,7.638540099820775,1.8206200734085314
12481,7.638540463771037,1.820619728156941
12482,7.638540827468763,1.820619383144913
12483,7.638541190914133,1.8206190383722813
12484,7.638541554107317,1.8206186938388798
12485,7.638541917048496,1.8206183495445423
12486,7.63854227973784,1.8206180054891032
12487,7.638542642175531,1.8206176616723968
12488,7.638543004361738,1.8206173180942566
12489,7.6385433662966316,1.820616974754518
12490,7.638543727980391,1.8206166316530146
12491,7.638544089413188,1.8206162887895827
12492,7.638544450595199,1.8206159461640554
12493,7.6385448115266,1.8206156037762686
12494,7.638545172207563,1.8206152616260571
12495,7.638545532638261,1.8206149197132562
12496,7.638545892818869,1.8206145780377005
12497,7.638546252749557,1.8206142365992257
12498,7.6385466124305,1.8206138953976683
12499,7.63854697186187,1.8206135544328623
12500,7.638547331043848,1.8206132137046445
12501,7.6385476899765985,1.8206128732128501
12502,7.6385480486603,1.8206125329573162
12503,7.638548407095115,1.8206121929378776
12504,7.638548765281234,1.8206118531543705
12505,7.638549123218816,1.8206115136066319
12506,7.6385494809080345,1.820611174294498
12507,7.638549838349065,1.8206108352178052
12508,7.638550195542082,1.82061049637639
12509,7.638550552487248,1.8206101577700888
12510,7.638550909184742,1.8206098193987403
12511,7.638551265634738,1.8206094812621791
12512,7.638551621837408,1.8206091433602432
12513,7.638551977792915,1.82060880569277
12514,7.638552333501441,1.8206084682595969
12515,7.638552688963146,1.820608131060561
12516,7.638553044178215,1.8206077940955003
12517,7.638553399146805,1.820607457364252
12518,7.6385537538691,1.820607120866654
12519,7.638554108345261,1.820606784602544
12520,7.6385544625754624,1.82060644857176
12521,7.638554816559878,1.8206061127741404
12522,7.638555170298675,1.820605777209523
12523,7.6385555237920215,1.8206054418777466
12524,7.638555877040092,1.8206051067786497
12525,7.638556230043057,1.82060477191207
12526,7.6385565828010815,1.8206044372778465
12527,7.638556935314336,1.8206041028758186
12528,7.638557287583001,1.8206037687058247
12529,7.638557639607234,1.8206034347677038
12530,7.638557991387206,1.8206031010612949
12531,7.638558342923093,1.820602767586438
12532,7.638558694215063,1.8206024343429712
12533,7.638559045263278,1.820602101330735
12534,7.638559396067916,1.8206017685495675
12535,7.6385597466291415,1.8206014359993103
12536,7.638560096947122,1.8206011036798022
12537,7.63856044702203,1.820600771590883
12538,7.63856079685403,1.8206004397323923
12539,7.638561146443298,1.820600108104171
12540,7.638561495789991,1.8205997767060593
12541,7.638561844894289,1.820599445537897
12542,7.638562193756351,1.8205991145995253
12543,7.6385625423763495,1.8205987838907833
12544,7.638562890754452,1.8205984534115134
12545,7.638563238890833,1.8205981231615553
12546,7.638563586785644,1.8205977931407507
12547,7.6385639344390714,1.8205974633489397
12548,7.638564281851264,1.8205971337859639
12549,7.6385646290224045,1.820596804451664
12550,7.638564975952651,1.820596475345882
12551,7.638565322642177,1.820596146468459
12552,7.6385656690911405,1.8205958178192367
12553,7.6385660152997215,1.8205954893980563
12554,7.638566361268076,1.8205951612047602
12555,7.638566706996374,1.82059483323919
12556,7.6385670524847855,1.8205945055011878
12557,7.638567397733468,1.8205941779905954
12558,7.638567742742598,1.820593850707255
12559,7.63856808751234,1.8205935236510093
12560,7.638568432042854,1.8205931968217006
12561,7.638568776334313,1.8205928702191712
12562,7.638569120386873,1.8205925438432635
12563,7.6385694642007085,1.8205922176938214
12564,7.638569807775984,1.8205918917706865
12565,7.638570151112866,1.8205915660737022
12566,7.638570494211518,1.8205912406027118
12567,7.6385708370721,1.8205909153575586
12568,7.638571179694786,1.8205905903380848
12569,7.638571522079735,1.8205902655441353
12570,7.638571864227115,1.8205899409755528
12571,7.638572206137092,1.820589616632181
12572,7.638572547809823,1.820589292513864
12573,7.638572889245485,1.820588968620445
12574,7.638573230444235,1.820588644951768
12575,7.638573571406235,1.8205883215076777
12576,7.6385739121316565,1.8205879982880173
12577,7.638574252620657,1.8205876752926329
12578,7.638574592873407,1.820587352521366
12579,7.638574932890061,1.8205870299740636
12580,7.638575272670792,1.8205867076505697
12581,7.6385756122157575,1.8205863855507283
12582,7.638575951525128,1.8205860636743845
12583,7.638576290599062,1.8205857420213836
12584,7.638576629437721,1.8205854205915704
12585,7.638576968041271,1.8205850993847896
12586,7.638577306409878,1.820584778400887
12587,7.638577644543696,1.8205844576397079
12588,7.638577982442897,1.8205841371010978
12589,7.638578320107644,1.820583816784902
12590,7.638578657538098,1.8205834966909662
12591,7.638578994734416,1.8205831768191363
12592,7.638579331696763,1.8205828571692584
12593,7.6385796684253044,1.8205825377411773
12594,7.638580004920198,1.8205822185347407
12595,7.6385803411816156,1.8205818995497942
12596,7.638580677209709,1.8205815807861836
12597,7.638581013004643,1.820581262243756
12598,7.6385813485665786,1.8205809439223581
12599,7.63858168389568,1.8205806258218353
12600,7.638582018992108,1.8205803079420355
12601,7.638582353856023,1.8205799902828053
12602,7.638582688487588,1.8205796728439914
12603,7.638583022886963,1.820579355625441
12604,7.638583357054311,1.8205790386270013
12605,7.638583690989783,1.8205787218485197
12606,7.638584024693556,1.8205784052898437
12607,7.638584358165777,1.8205780889508194
12608,7.638584691406619,1.8205777728312966
12609,7.638585024416234,1.8205774569311213
12610,7.638585357194782,1.820577141250142
12611,7.638585689742426,1.8205768257882062
12612,7.63858602205933,1.820576510545163
12613,7.638586354145649,1.8205761955208584
12614,7.638586686001537,1.8205758807151426
12615,7.63858701762717,1.8205755661278633
12616,7.638587349022693,1.8205752517588685
12617,7.638587680188276,1.8205749376080076
12618,7.638588011124071,1.8205746236751283
12619,7.638588341830242,1.8205743099600797
12620,7.638588672306943,1.820573996462711
12621,7.638589002554341,1.8205736831828707
12622,7.638589332572591,1.8205733701204079
12623,7.638589662361851,1.8205730572751724
12624,7.638589991922282,1.8205727446470124
12625,7.638590321254043,1.8205724322357784
12626,7.638590650357287,1.820572120041319
12627,7.63859097923218,1.820571808063484
12628,7.638591307878876,1.8205714963021238
12629,7.638591636297536,1.8205711847570873
12630,7.638591964488317,1.8205708734282247
12631,7.63859229245138,1.8205705623153858
12632,7.638592620186872,1.8205702514184205
12633,7.638592947694964,1.8205699407371803
12634,7.638593274975809,1.8205696302715142
12635,7.638593602029566,1.820569320021273
12636,7.638593928856389,1.8205690099863068
12637,7.638594255456434,1.8205687001664668
12638,7.638594581829871,1.8205683905616041
12639,7.6385949079768425,1.8205680811715688
12640,7.63859523389751,1.8205677719962121
12641,7.638595559592033,1.8205674630353845
12642,7.638595885060565,1.8205671542889383
12643,7.6385962103032705,1.8205668457567241
12644,7.638596535320298,1.8205665374385922
12645,7.638596860111805,1.820566229334396
12646,7.638597184677955,1.8205659214439862
12647,7.638597509018896,1.8205656137672142
12648,7.63859783313478,1.8205653063039318
12649,7.638598157025779,1.8205649990539914
12650,7.638598480692038,1.8205646920172445
12651,7.63859880413372,1.820564385193543
12652,7.638599127350969,1.8205640785827393
12653,7.638599450343956,1.8205637721846857
12654,7.638599773112821,1.8205634659992345
12655,7.638600095657735,1.8205631600262384
12656,7.638600417978839,1.8205628542655494
12657,7.6386007400763,1.8205625487170214
12658,7.638601061950263,1.8205622433805055
12659,7.638601383600893,1.8205619382558558
12660,7.638601705028337,1.820561633342925
12661,7.6386020262327525,1.8205613286415663
12662,7.6386023472143,1.8205610241516328
12663,7.638602667973121,1.8205607198729779
12664,7.638602988509381,1.8205604158054545
12665,7.6386033088232335,1.820560111948916
12666,7.638603628914828,1.8205598083032177
12667,7.6386039487843265,1.820559504868211
12668,7.638604268431872,1.820559201643751
12669,7.6386045878576265,1.8205588986296914
12670,7.638604907061741,1.8205585958258863
12671,7.638605226044372,1.8205582932321895
12672,7.638605544805669,1.8205579908484553
12673,7.638605863345793,1.8205576886745385
12674,7.638606181664889,1.8205573867102922
12675,7.638606499763114,1.8205570849555728
12676,7.638606817640618,1.820556783410233
12677,7.638607135297562,1.8205564820741293
12678,7.638607452734087,1.8205561809471154
12679,7.638607769950361,1.8205558800290462
12680,7.638608086946528,1.8205555793197774
12681,7.638608403722735,1.820555278819163
12682,7.638608720279146,1.8205549785270596
12683,7.638609036615914,1.8205546784433215
12684,7.638609352733179,1.8205543785678044
12685,7.638609668631104,1.820554078900364
12686,7.638609984309837,1.8205537794408564
12687,7.63861029976953,1.8205534801891354
12688,7.638610615010337,1.8205531811450588
12689,7.638610930032406,1.8205528823084822
12690,7.638611244835895,1.8205525836792609
12691,7.638611559420952,1.8205522852572513
12692,7.638611873787722,1.8205519870423097
12693,7.638612187936369,1.8205516890342923
12694,7.638612501867037,1.8205513912330562
12695,7.638612815579881,1.8205510936384564
12696,7.638613129075051,1.8205507962503515
12697,7.63861344235269,1.8205504990685966
12698,7.638613755412964,1.8205502020930495
12699,7.63861406825601,1.8205499053235663
12700,7.638614380881986,1.8205496087600046
12701,7.63861469329104,1.8205493124022214
12702,7.638615005483327,1.820549016250074
12703,7.638615317458996,1.8205487203034192
12704,7.638615629218186,1.8205484245621153
12705,7.638615940761061,1.820548129026019
12706,7.638616252087768,1.8205478336949876
12707,7.638616563198455,1.82054753856888
12708,7.638616874093271,1.8205472436475536
12709,7.638617184772366,1.8205469489308663
12710,7.6386174952358985,1.8205466544186757
12711,7.638617805484005,1.8205463601108394
12712,7.63861811551684,1.8205460660072172
12713,7.63861842533455,1.820545772107666
12714,7.638618734937296,1.8205454784120452
12715,7.638619044325213,1.8205451849202128
12716,7.638619353498461,1.820544891632027
12717,7.6386196624571765,1.8205445985473472
12718,7.6386199712015195,1.820544305666032
12719,7.638620279731635,1.8205440129879404
12720,7.638620588047669,1.8205437205129302
12721,7.638620896149775,1.8205434282408623
12722,7.638621204038096,1.8205431361715951
12723,7.638621511712789,1.8205428443049876
12724,7.638621819173991,1.8205425526408994
12725,7.638622126421861,1.8205422611791895
12726,7.638622433456536,1.8205419699197192
12727,7.638622740278172,1.8205416788623459
12728,7.6386230468869165,1.8205413880069303
12729,7.638623353282916,1.8205410973533331
12730,7.6386236594663135,1.8205408069014126
12731,7.6386239654372625,1.8205405166510307
12732,7.638624271195908,1.8205402266020458
12733,7.6386245767423935,1.8205399367543196
12734,7.638624882076875,1.8205396471077115
12735,7.638625187199494,1.8205393576620823
12736,7.638625492110401,1.8205390684172922
12737,7.638625796809735,1.820538779373203
12738,7.638626101297651,1.8205384905296742
12739,7.638626405574291,1.8205382018865666
12740,7.638626709639807,1.8205379134437423
12741,7.638627013494335,1.8205376252010614
12742,7.638627317138037,1.8205373371583848
12743,7.638627620571041,1.8205370493155741
12744,7.638627923793511,1.8205367616724917
12745,7.63862822680558,1.8205364742289971
12746,7.638628529607403,1.8205361869849526
12747,7.638628832199119,1.8205358999402197
12748,7.638629134580878,1.820535613094661
12749,7.638629436752822,1.820535326448137
12750,7.6386297387151,1.8205350400005107
12751,7.638630040467854,1.8205347537516432
12752,7.638630342011234,1.8205344677013968
12753,7.638630643345382,1.8205341818496337
12754,7.638630944470444,1.8205338961962165
12755,7.6386312453865655,1.820533610741008
12756,7.638631546093889,1.8205333254838694
12757,7.638631846592566,1.8205330404246636
12758,7.6386321468827365,1.820532755563254
12759,7.638632446964541,1.820532470899503
12760,7.638632746838134,1.8205321864332733
12761,7.638633046503649,1.8205319021644273
12762,7.638633345961237,1.8205316180928293
12763,7.638633645211043,1.8205313342183413
12764,7.63863394425321,1.8205310505408274
12765,7.6386342430878775,1.8205307670601505
12766,7.6386345417151995,1.8205304837761733
12767,7.638634840135313,1.8205302006887616
12768,7.638635138348358,1.820529917797776
12769,7.638635436354485,1.8205296351030826
12770,7.638635734153832,1.8205293526045436
12771,7.638636031746546,1.8205290703020232
12772,7.6386363291327735,1.8205287881953864
12773,7.638636626312654,1.8205285062844967
12774,7.6386369232863345,1.8205282245692178
12775,7.638637220053947,1.8205279430494146
12776,7.6386375166156455,1.8205276617249513
12777,7.63863781297157,1.8205273805956919
12778,7.63863810912186,1.8205270996615015
12779,7.638638405066667,1.8205268189222445
12780,7.638638700806127,1.820526538377786
12781,7.6386389963403785,1.82052625802799
12782,7.63863929166957,1.8205259778727225
12783,7.638639586793841,1.8205256979118476
12784,7.638639881713336,1.8205254181452308
12785,7.638640176428198,1.820525138572737
12786,7.638640470938567,1.8205248591942327
12787,7.6386407652445785,1.820524580009582
12788,7.638641059346386,1.8205243010186511
12789,7.638641353244126,1.8205240222213046
12790,7.638641646937941,1.820523743617409
12791,7.638641940427964,1.8205234652068303
12792,7.638642233714356,1.8205231869894336
12793,7.638642526797237,1.8205229089650852
12794,7.638642819676759,1.8205226311336515
12795,7.6386431123530585,1.8205223534949984
12796,7.638643404826285,1.8205220760489913
12797,7.6386436970965725,1.820521798795498
12798,7.638643989164065,1.820521521734384
12799,7.6386442810288955,1.820521244865516
12800,7.638644572691216,1.8205209681887604
12801,7.638644864151159,1.8205206917039845
12802,7.63864515540887,1.8205204154110541
12803,7.638645446464481,1.8205201393098371
12804,7.638645737318145,1.8205198634001998
12805,7.638646027969991,1.8205195876820093
12806,7.638646318420164,1.8205193121551337
12807,7.638646608668805,1.820519036819439
12808,7.6386468987160505,1.8205187616747933
12809,7.6386471885620395,1.8205184867210638
12810,7.638647478206917,1.820518211958118
12811,7.638647767650816,1.8205179373858233
12812,7.638648056893882,1.8205176630040476
12813,7.638648345936251,1.820517388812659
12814,7.638648634778061,1.820517114811525
12815,7.6386489234194554,1.820516841000514
12816,7.638649211860571,1.8205165673794932
12817,7.638649500101547,1.820516293948332
12818,7.6386497881425255,1.8205160207068982
12819,7.638650075983635,1.8205157476550593
12820,7.638650363625025,1.8205154747926844
12821,7.638650651066826,1.8205152021196422
12822,7.638650938309185,1.8205149296358012
12823,7.638651225352237,1.8205146573410307
12824,7.638651512196111,1.8205143852351982
12825,7.63865179884096,1.820514113318174
12826,7.638652085286915,1.8205138415898257
12827,7.638652371534112,1.8205135700500235
12828,7.638652657582695,1.8205132986986359
12829,7.638652943432794,1.8205130275355326
12830,7.638653229084553,1.8205127565605825
12831,7.638653514538109,1.8205124857736554
12832,7.638653799793595,1.820512215174621
12833,7.638654084851153,1.8205119447633482
12834,7.638654369710922,1.8205116745397074
12835,7.638654654373032,1.8205114045035682
12836,7.638654938837624,1.8205111346548006
12837,7.638655223104837,1.8205108649932742
12838,7.638655507174807,1.82051059551886
12839,7.638655791047668,1.8205103262314268
12840,7.638656074723563,1.8205100571308457
12841,7.638656358202621,1.8205097882169872
12842,7.638656641484981,1.8205095194897212
12843,7.638656924570781,1.8205092509489185
12844,7.6386572074601595,1.820508982594449
12845,7.638657490153247,1.820508714426186
12846,7.638657772650188,1.8205084464439967
12847,7.63865805495111,1.8205081786477542
12848,7.638658337056152,1.820507911037329
12849,7.638658618965454,1.8205076436125922
12850,7.638658900679147,1.8205073763734145
12851,7.638659182197367,1.8205071093196676
12852,7.638659463520249,1.820506842451223
12853,7.638659744647933,1.8205065757679515
12854,7.638660025580552,1.8205063092697256
12855,7.63866030631824,1.820506042956416
12856,7.638660586861129,1.8205057768278945
12857,7.638660867209363,1.820505510884033
12858,7.638661147363074,1.8205052451247037
12859,7.638661427322394,1.820504979549778
12860,7.638661707087457,1.8205047141591284
12861,7.638661986658401,1.8205044489526265
12862,7.638662266035363,1.8205041839301457
12863,7.638662545218473,1.8205039190915566
12864,7.638662824207864,1.820503654436733
12865,7.638663103003677,1.8205033899655467
12866,7.638663381606039,1.82050312567787
12867,7.638663660015092,1.8205028615735772
12868,7.6386639382309625,1.8205025976525386
12869,7.63866421625379,1.8205023339146291
12870,7.638664494083706,1.8205020703597203
12871,7.638664771720847,1.8205018069876864
12872,7.6386650491653425,1.8205015437983996
12873,7.638665326417327,1.8205012807917333
12874,7.63866560347694,1.8205010179675607
12875,7.638665880344306,1.8205007553257555
12876,7.638666157019565,1.820500492866191
12877,7.638666433502847,1.8205002305887406
12878,7.638666709794287,1.8204999684932783
12879,7.638666985894015,1.8204997065796773
12880,7.63866726180217,1.8204994448478116
12881,7.638667537518877,1.8204991832975557
12882,7.638667813044276,1.8204989219287826
12883,7.6386680883785,1.8204986607413667
12884,7.6386683635216714,1.8204983997351827
12885,7.638668638473933,1.8204981389101045
12886,7.638668913235418,1.8204978782660057
12887,7.638669187806253,1.820497617802762
12888,7.638669462186569,1.8204973575202474
12889,7.638669736376504,1.8204970974183363
12890,7.638670010376186,1.8204968374969035
12891,7.638670284185749,1.8204965777558235
12892,7.638670557805327,1.8204963181949714
12893,7.638670831235047,1.8204960588142223
12894,7.638671104475044,1.8204957996134508
12895,7.638671377525446,1.8204955405925327
12896,7.638671650386393,1.8204952817513425
12897,7.638671923058002,1.820495023089756
12898,7.63867219554042,1.8204947646076488
12899,7.638672467833772,1.8204945063048954
12900,7.638672739938185,1.8204942481813717
12901,7.638673011853797,1.820493990236954
12902,7.638673283580732,1.8204937324715174
12903,7.638673555119126,1.8204934748849377
12904,7.638673826469107,1.8204932174770905
12905,7.638674097630807,1.820492960247853
12906,7.638674368604359,1.8204927031970999
12907,7.638674639389891,1.820492446324708
12908,7.638674909987533,1.820492189630554
12909,7.638675180397416,1.8204919331145137
12910,7.63867545061967,1.820491676776463
12911,7.6386757206544305,1.820491420616279
12912,7.638675990501817,1.8204911646338384
12913,7.638676260161962,1.8204909088290173
12914,7.638676529635008,1.8204906532016931
12915,7.638676798921072,1.8204903977517424
12916,7.638677068020281,1.8204901424790418
12917,7.638677336932781,1.820489887383469
12918,7.638677605658682,1.8204896324649003
12919,7.638677874198127,1.8204893777232132
12920,7.638678142551239,1.8204891231582854
12921,7.638678410718153,1.8204888687699938
12922,7.638678678698995,1.8204886145582153
12923,7.638678946493888,1.820488360522829
12924,7.638679214102974,1.8204881066637106
12925,7.638679481526372,1.8204878529807391
12926,7.638679748764214,1.8204875994737921
12927,7.638680015816628,1.8204873461427467
12928,7.638680282683742,1.820487092987482
12929,7.638680549365686,1.820486840007875
12930,7.63868081586259,1.8204865872038047
12931,7.638681082174577,1.8204863345751483
12932,7.638681348301783,1.820486082121785
12933,7.6386816142443354,1.8204858298435926
12934,7.638681880002348,1.8204855777404496
12935,7.638682145575968,1.8204853258122349
12936,7.63868241096531,1.8204850740588274
12937,7.638682676170513,1.8204848224801045
12938,7.638682941191691,1.8204845710759459
12939,7.6386832060289835,1.8204843198462304
12940,7.6386834706825155,1.8204840687908372
12941,7.63868373515241,1.8204838179096445
12942,7.638683999438801,1.8204835672025326
12943,7.638684263541809,1.8204833166693795
12944,7.6386845274615665,1.820483066310066
12945,7.638684791198199,1.8204828161244695
12946,7.63868505475183,1.8204825661124717
12947,7.638685318122593,1.8204823162739503
12948,7.638685581310613,1.8204820666087853
12949,7.638685844316011,1.8204818171168573
12950,7.638686107138922,1.820481567798045
12951,7.638686369779467,1.8204813186522293
12952,7.638686632237772,1.8204810696792892
12953,7.638686894513971,1.8204808208791055
12954,7.6386871566081815,1.8204805722515576
12955,7.638687418520533,1.820480323796526
12956,7.638687680251152,1.8204800755138921
12957,7.638687941800167,1.8204798274035343
12958,7.6386882031677015,1.8204795794653346
12959,7.638688464353879,1.8204793316991725
12960,7.638688725358832,1.8204790841049292
12961,7.638688986182678,1.8204788366824862
12962,7.638689246825551,1.8204785894317224
12963,7.6386895072875705,1.82047834235252
12964,7.638689767568861,1.82047809544476
12965,7.638690027669555,1.8204778487083224
12966,7.63869028758977,1.8204776021430895
12967,7.638690547329635,1.8204773557489418
12968,7.638690806889278,1.820477109525761
12969,7.638691066268821,1.8204768634734285
12970,7.638691325468389,1.8204766175918252
12971,7.638691584488105,1.8204763718808328
12972,7.638691843328095,1.8204761263403333
12973,7.638692101988483,1.8204758809702082
12974,7.6386923604694,1.8204756357703389
12975,7.638692618770963,1.8204753907406082
12976,7.638692876893299,1.8204751458808972
12977,7.63869313483653,1.820474901191088
12978,7.6386933926007865,1.8204746566710632
12979,7.638693650186189,1.8204744123207044
12980,7.6386939075928595,1.8204741681398942
12981,7.638694164820925,1.820473924128515
12982,7.638694421870503,1.820473680286449
12983,7.638694678741727,1.8204734366135795
12984,7.63869493543472,1.8204731931097875
12985,7.638695191949594,1.820472949774957
12986,7.638695448286486,1.8204727066089705
12987,7.6386957044455155,1.8204724636117107
12988,7.638695960426801,1.8204722207830608
12989,7.638696216230473,1.8204719781229033
12990,7.638696471856648,1.8204717356311215
12991,7.638696727305454,1.820471493307599
12992,7.638696982577011,1.8204712511522183
12993,7.638697237671447,1.8204710091648633
12994,7.638697492588878,1.8204707673454168
12995,7.6386977473294255,1.820470525693763
12996,7.6386980018932285,1.8204702842097853
12997,7.638698256280391,1.8204700428933673
12998,7.638698510491043,1.8204698017443919
12999,7.638698764525305,1.8204695607627448
13000,7.638699018383304,1.820469319948308
13001,7.638699272065155,1.8204690793009666
13002,7.63869952557099,1.820468838820604
13003,7.63869977890092,1.8204685985071047
13004,7.638700032055077,1.820468358360353
13005,7.638700285033578,1.8204681183802327
13006,7.638700537836544,1.820467878566629
13007,7.638700790464098,1.8204676389194256
13008,7.638701042916363,1.8204673994385074
13009,7.63870129519346,1.8204671601237588
13010,7.638701547295508,1.820466920975065
13011,7.63870179922263,1.82046668199231
13012,7.638702050974952,1.8204664431753794
13013,7.638702302552589,1.8204662045241575
13014,7.6387025539556666,1.82046596603853
13015,7.638702805184301,1.820465727718381
13016,7.638703056238616,1.8204654895635972
13017,7.638703307118736,1.8204652515740622
13018,7.638703557824774,1.8204650137496627
13019,7.638703808356857,1.820464776090283
13020,7.638704058715108,1.8204645385958094
13021,7.638704308899639,1.8204643012661272
13022,7.638704558910574,1.8204640641011218
13023,7.638704808748037,1.820463827100679
13024,7.638705058412147,1.820463590264685
13025,7.638705307903018,1.8204633535930252
13026,7.638705557220781,1.8204631170855865
13027,7.638705806365549,1.8204628807422538
13028,7.638706055337444,1.8204626445629137
13029,7.638706304136587,1.8204624085474528
13030,7.638706552763091,1.8204621726957573
13031,7.638706801217085,1.8204619370077129
13032,7.638707049498685,1.8204617014832063
13033,7.63870729760801,1.8204614661221243
13034,7.638707545545179,1.820461230924353
13035,7.638707793310311,1.8204609958897795
13036,7.6387080409035315,1.8204607610182904
13037,7.6387082883249535,1.8204605263097728
13038,7.638708535574696,1.820460291764114
13039,7.6387087826528814,1.8204600573812
13040,7.638709029559625,1.8204598231609186
13041,7.6387092762950495,1.820459589103156
13042,7.6387095228592745,1.8204593552078006
13043,7.638709769252413,1.8204591214747396
13044,7.638710015474592,1.8204588879038597
13045,7.63871026152592,1.8204586544950483
13046,7.638710507406524,1.8204584212481931
13047,7.638710753116522,1.8204581881631827
13048,7.638710998656026,1.8204579552399038
13049,7.638711244025161,1.8204577224782446
13050,7.63871148922404,1.8204574898780919
13051,7.638711734252782,1.8204572574393354
13052,7.638711979111512,1.8204570251618617
13053,7.638712223800337,1.82045679304556
13054,7.638712468319382,1.820456561090317
13055,7.638712712668765,1.8204563292960223
13056,7.638712956848597,1.8204560976625643
13057,7.638713200859008,1.8204558661898302
13058,7.638713444700103,1.8204556348777088
13059,7.638713688372006,1.8204554037260896
13060,7.638713931874836,1.8204551727348601
13061,7.6387141752087,1.8204549419039093
13062,7.63871441837373,1.8204547112331269
13063,7.638714661370032,1.8204544807224012
13064,7.638714904197727,1.8204542503716203
13065,7.6387151468569305,1.8204540201806738
13066,7.638715389347762,1.8204537901494509
13067,7.638715631670342,1.8204535602778418
13068,7.638715873824775,1.8204533305657333
13069,7.6387161158111905,1.8204531010130172
13070,7.6387163576296935,1.8204528716195816
13071,7.638716599280412,1.8204526423853158
13072,7.638716840763452,1.8204524133101105
13073,7.638717082078938,1.820452184393854
13074,7.638717323226983,1.8204519556364365
13075,7.638717564207702,1.8204517270377485
13076,7.638717805021213,1.820451498597679
13077,7.638718045667632,1.8204512703161182
13078,7.638718286147074,1.8204510421929558
13079,7.638718526459658,1.8204508142280826
13080,7.638718766605491,1.820450586421388
13081,7.6387190065847,1.8204503587727632
13082,7.638719246397389,1.8204501312820975
13083,7.638719486043687,1.8204499039492816
13084,7.638719725523695,1.8204496767742062
13085,7.6387199648375415,1.820449449756762
13086,7.638720203985335,1.8204492228968392
13087,7.638720442967188,1.8204489961943284
13088,7.63872068178322,1.820448769649121
13089,7.638720920433551,1.8204485432611075
13090,7.638721158918285,1.8204483170301782
13091,7.638721397237544,1.8204480909562253
13092,7.638721635391441,1.8204478650391396
13093,7.63872187338009,1.8204476392788118
13094,7.6387221112036086,1.8204474136751323
13095,7.638722348862108,1.8204471882279942
13096,7.638722586355702,1.8204469629372877
13097,7.638722823684508,1.820446737802905
13098,7.63872306084864,1.8204465128247371
13099,7.638723297848209,1.820446288002676
13100,7.6387235346833355,1.8204460633366124
13101,7.6387237713541305,1.8204458388264395
13102,7.638724007860702,1.8204456144720487
13103,7.638724244203174,1.8204453902733306
13104,7.638724480381653,1.8204451662301786
13105,7.638724716396257,1.8204449423424844
13106,7.638724952247099,1.82044471861014
13107,7.638725187934288,1.820444495033038
13108,7.638725423457945,1.820444271611071
13109,7.638725658818177,1.8204440483441295
13110,7.638725894015106,1.8204438252321076
13111,7.638726129048834,1.820443602274897
13112,7.6387263639194805,1.820443379472391
13113,7.638726598627157,1.820443156824482
13114,7.638726833171982,1.8204429343310626
13115,7.63872706755406,1.8204427119920255
13116,7.6387273017735104,1.820442489807264
13117,7.63872753583044,1.8204422677766703
13118,7.638727769724967,1.8204420459001383
13119,7.638728003457205,1.8204418241775602
13120,7.638728237027259,1.8204416026088304
13121,7.638728470435252,1.8204413811938407
13122,7.638728703681284,1.8204411599324848
13123,7.638728936765477,1.8204409388246579
13124,7.638729169687945,1.8204407178702509
13125,7.6387294024487895,1.8204404970691583
13126,7.638729635048132,1.8204402764212744
13127,7.638729867486079,1.820440055926492
13128,7.638730099762749,1.8204398355847051
13129,7.638730331878244,1.820439615395808
13130,7.638730563832687,1.8204393953596942
13131,7.638730795626182,1.8204391754762579
13132,7.638731027258841,1.8204389557453924
13133,7.638731258730784,1.820438736166993
13134,7.638731490042109,1.8204385167409534
13135,7.638731721192938,1.8204382974671671
13136,7.63873195218338,1.8204380783455296
13137,7.638732183013543,1.8204378593759356
13138,7.6387324136835435,1.820437640558278
13139,7.638732644193487,1.8204374218924528
13140,7.638732874543486,1.8204372033783542
13141,7.638733104733657,1.8204369850158766
13142,7.638733334764103,1.820436766804915
13143,7.638733564634937,1.8204365487453646
13144,7.638733794346274,1.8204363308371196
13145,7.638734023898224,1.8204361130800752
13146,7.638734253290893,1.820435895474128
13147,7.638734482524396,1.8204356780191708
13148,7.638734711598838,1.8204354607151003
13149,7.638734940514332,1.8204352435618116
13150,7.638735169270988,1.8204350265591995
13151,7.638735397868921,1.8204348097071603
13152,7.638735626308236,1.820434593005589
13153,7.638735854589045,1.820434376454381
13154,7.638736082711456,1.8204341600534324
13155,7.638736310675581,1.8204339438026391
13156,7.638736538481532,1.8204337277018963
13157,7.638736766129414,1.8204335117510997
13158,7.638736993619338,1.8204332959501466
13159,7.63873722095141,1.8204330802989315
13160,7.63873744812575,1.8204328647973513
13161,7.638737675142458,1.8204326494453025
13162,7.638737902001648,1.82043243424268
13163,7.638738128703429,1.8204322191893818
13164,7.638738355247908,1.820432004285303
13165,7.638738581635193,1.8204317895303408
13166,7.638738807865396,1.8204315749243913
13167,7.638739033938628,1.8204313604673514
13168,7.638739259854992,1.8204311461591178
13169,7.638739485614603,1.8204309319995866
13170,7.6387397112175615,1.820430717988655
13171,7.6387399366639865,1.8204305041262203
13172,7.63874016195398,1.8204302904121794
13173,7.638740387087653,1.8204300768464292
13174,7.638740612065112,1.820429863428866
13175,7.638740836886463,1.8204296501593882
13176,7.6387410615518245,1.8204294370378924
13177,7.638741286061295,1.820429224064276
13178,7.638741510414982,1.8204290112384358
13179,7.638741734613004,1.820428798560271
13180,7.6387419586554595,1.8204285860296772
13181,7.638742182542459,1.8204283736465532
13182,7.638742406274111,1.8204281614107967
13183,7.638742629850521,1.8204279493223041
13184,7.638742853271801,1.8204277373809747
13185,7.638743076538051,1.820427525586706
13186,7.638743299649391,1.8204273139393954
13187,7.638743522605918,1.8204271024389416
13188,7.638743745407744,1.8204268910852421
13189,7.638743968054974,1.8204266798781954
13190,7.638744190547715,1.8204264688177
13191,7.638744412886082,1.8204262579036539
13192,7.638744635070169,1.8204260471359555
13193,7.638744857100093,1.8204258365145032
13194,7.638745078975953,1.8204256260391956
13195,7.638745300697864,1.820425415709931
13196,7.6387455222659355,1.8204252055266095
13197,7.638745743680256,1.8204249954891274
13198,7.638745964940953,1.8204247855973856
13199,7.638746186048117,1.8204245758512814
13200,7.63874640700187,1.8204243662507151
13201,7.6387466278023055,1.8204241567955848
13202,7.638746848449535,1.8204239474857908
13203,7.638747068943667,1.8204237383212303
13204,7.638747289284807,1.820423529301804
13205,7.638747509473055,1.8204233204274107
13206,7.63874772950852,1.8204231116979501
13207,7.638747949391317,1.820422903113321
13208,7.638748169121535,1.8204226946734239
13209,7.638748388699297,1.8204224863781573
13210,7.6387486081247005,1.8204222782274213
13211,7.638748827397846,1.8204220702211156
13212,7.638749046518853,1.8204218623591402
13213,7.638749265487812,1.820421654641395
13214,7.6387494843048405,1.8204214470677786
13215,7.638749702970035,1.8204212396381934
13216,7.638749921483509,1.8204210323525372
13217,7.638750139845365,1.8204208252107115
13218,7.638750358055699,1.8204206182126157
13219,7.63875057611463,1.8204204113581506
13220,7.638750794022255,1.8204202046472167
13221,7.638751011778684,1.8204199980797138
13222,7.638751229384016,1.8204197916555427
13223,7.63875144683836,1.8204195853746041
13224,7.638751664141816,1.820419379236798
13225,7.638751881294498,1.8204191732420254
13226,7.638752098296503,1.8204189673901874
13227,7.6387523151479355,1.8204187616811844
13228,7.638752531848903,1.8204185561149178
13229,7.638752748399504,1.8204183506912877
13230,7.638752964799852,1.820418145410196
13231,7.638753181050049,1.8204179402715437
13232,7.638753397150196,1.820417735275231
13233,7.638753613100395,1.8204175304211603
13234,7.638753828900756,1.8204173257092324
13235,7.638754044551378,1.820417121139349
13236,7.638754260052372,1.8204169167114106
13237,7.63875447540383,1.8204167124253194
13238,7.638754690605866,1.8204165082809771
13239,7.638754905658581,1.8204163042782857
13240,7.6387551205620765,1.8204161004171453
13241,7.638755335316458,1.8204158966974602
13242,7.638755549921831,1.82041569311913
13243,7.638755764378294,1.8204154896820568
13244,7.638755978685951,1.8204152863861438
13245,7.63875619284491,1.8204150832312926
13246,7.638756406855271,1.8204148802174045
13247,7.638756620717135,1.820414677344383
13248,7.638756834430609,1.8204144746121298
13249,7.638757047995793,1.8204142720205465
13250,7.638757261412791,1.8204140695695368
13251,7.638757474681705,1.8204138672590022
13252,7.6387576878026415,1.8204136650888458
13253,7.6387579007756985,1.8204134630589697
13254,7.638758113600975,1.8204132611692767
13255,7.63875832627859,1.82041305941967
13256,7.63875853880863,1.8204128578100511
13257,7.638758751191201,1.8204126563403247
13258,7.638758963426407,1.8204124550103922
13259,7.638759175514351,1.8204122538201575
13260,7.638759387455133,1.8204120527695236
13261,7.638759599248858,1.820411851858393
13262,7.638759810895625,1.8204116510866697
13263,7.638760022395535,1.8204114504542561
13264,7.638760233748699,1.8204112499610565
13265,7.638760444955201,1.8204110496069732
13266,7.638760656015164,1.8204108493919107
13267,7.638760866928675,1.8204106493157723
13268,7.6387610776958415,1.8204104493784605
13269,7.63876128831676,1.8204102495798813
13270,7.638761498791539,1.8204100499199365
13271,7.638761709120274,1.8204098503985298
13272,7.638761919303072,1.820409651015566
13273,7.638762129340027,1.8204094517709486
13274,7.638762339231249,1.8204092526645825
13275,7.638762548976829,1.8204090536963702
13276,7.638762758576878,1.8204088548662174
13277,7.63876296803149,1.8204086561740271
13278,7.63876317734077,1.8204084576197037
13279,7.638763386504817,1.8204082592031519
13280,7.638763595523732,1.820408060924277
13281,7.63876380439761,1.820407862782982
13282,7.638764013126564,1.8204076647791714
13283,7.638764221710683,1.8204074669127512
13284,7.638764430150076,1.8204072691836246
13285,7.638764638444836,1.8204070715916976
13286,7.638764846595071,1.8204068741368737
13287,7.638765054600876,1.820406676819059
13288,7.638765262462352,1.820406479638158
13289,7.638765470179599,1.820406282594075
13290,7.638765677752718,1.820406085686716
13291,7.638765885181811,1.820405888915986
13292,7.638766092466974,1.8204056922817893
13293,7.638766299608308,1.8204054957840319
13294,7.638766506605917,1.8204052994226199
13295,7.6387667134598916,1.8204051031974569
13296,7.6387669201703385,1.82040490710845
13297,7.638767126737358,1.8204047111555035
13298,7.638767333161046,1.8204045153385238
13299,7.638767539441506,1.8204043196574162
13300,7.63876774557883,1.8204041241120863
13301,7.638767951573127,1.8204039287024405
13302,7.638768157424485,1.820403733428384
13303,7.638768363133016,1.820403538289823
13304,7.638768568698809,1.8204033432866633
13305,7.638768774121969,1.8204031484188115
13306,7.638768979402591,1.8204029536861728
13307,7.638769184540772,1.8204027590886538
13308,7.638769389536616,1.8204025646261615
13309,7.638769594390225,1.8204023702986012
13310,7.6387697991016905,1.8204021761058795
13311,7.63877000367111,1.820401982047903
13312,7.638770208098589,1.820401788124578
13313,7.638770412384222,1.8204015943358114
13314,7.638770616528103,1.8204014006815095
13315,7.6387708205303415,1.8204012071615794
13316,7.638771024391031,1.820401013775927
13317,7.638771228110264,1.8204008205244606
13318,7.638771431688142,1.8204006274070854
13319,7.638771635124767,1.8204004344237097
13320,7.63877183842023,1.82040024157424
13321,7.6387720415746365,1.8204000488585832
13322,7.638772244588079,1.8203998562766468
13323,7.638772447460656,1.8203996638283377
13324,7.638772650192472,1.8203994715135632
13325,7.638772852783611,1.8203992793322312
13326,7.638773055234182,1.8203990872842482
13327,7.638773257544282,1.8203988953695223
13328,7.638773459714003,1.820398703587961
13329,7.638773661743443,1.8203985119394714
13330,7.638773863632707,1.8203983204239624
13331,7.638774065381881,1.8203981290413402
13332,7.638774266991069,1.8203979377915138
13333,7.638774468460372,1.82039774667439
13334,7.638774669789879,1.8203975556898775
13335,7.638774870979689,1.8203973648378835
13336,7.6387750720298975,1.8203971741183174
13337,7.638775272940604,1.8203969835310863
13338,7.63877547371191,1.820396793076098
13339,7.638775674343908,1.8203966027532612
13340,7.638775874836687,1.8203964125624852
13341,7.638776075190356,1.820396222503677
13342,7.638776275405004,1.8203960325767456
13343,7.638776475480731,1.8203958427815996
13344,7.63877667541763,1.8203956531181473
13345,7.638776875215804,1.8203954635862962
13346,7.638777074875339,1.820395274185958
13347,7.63877727439634,1.8203950849170385
13348,7.638777473778896,1.820394895779448
13349,7.638777673023111,1.8203947067730948
13350,7.638777872129076,1.820394517897888
13351,7.638778071096885,1.8203943291537363
13352,7.638778269926641,1.82039414054055
13353,7.638778468618435,1.8203939520582364
13354,7.63877866717236,1.820393763706706
13355,7.6387788655885185,1.820393575485868
13356,7.6387790638669975,1.8203933873956304
13357,7.638779262007904,1.8203931994359046
13358,7.638779460011324,1.820393011606599
13359,7.6387796578773575,1.8203928239076226
13360,7.638779855606092,1.820392636338885
13361,7.638780053197635,1.8203924489002972
13362,7.638780250652073,1.8203922615917678
13363,7.638780447969509,1.8203920744132063
13364,7.638780645150026,1.8203918873645233
13365,7.6387808421937295,1.8203917004456285
13366,7.638781039100711,1.8203915136564315
13367,7.638781235871063,1.8203913269968426
13368,7.638781432504887,1.8203911404667714
13369,7.638781629002268,1.8203909540661287
13370,7.638781825363305,1.8203907677948243
13371,7.638782021588099,1.8203905816527686
13372,7.638782217676733,1.8203903956398717
13373,7.638782413629314,1.820390209756044
13374,7.638782609445926,1.8203900240011965
13375,7.6387828051266675,1.820389838375239
13376,7.638783000671635,1.8203896528780825
13377,7.638783196080913,1.8203894675096375
13378,7.638783391354612,1.8203892822698144
13379,7.638783586492813,1.8203890971585244
13380,7.638783781495612,1.820388912175678
13381,7.638783976363105,1.8203887273211863
13382,7.638784171095391,1.8203885425949602
13383,7.638784365692556,1.8203883579969102
13384,7.638784560154694,1.8203881735269483
13385,7.638784754481902,1.8203879891849852
13386,7.6387849486742745,1.8203878049709314
13387,7.638785142731901,1.8203876208846994
13388,7.638785336654877,1.8203874369261994
13389,7.638785530443301,1.820387253095344
13390,7.638785724097255,1.8203870693920425
13391,7.638785917616847,1.8203868858162089
13392,7.63878611100215,1.8203867023677534
13393,7.638786304253278,1.8203865190465875
13394,7.6387864973703135,1.820386335852623
13395,7.638786690353353,1.8203861527857723
13396,7.638786883202484,1.8203859698459472
13397,7.6387870759178105,1.8203857870330582
13398,7.63878726849941,1.8203856043470186
13399,7.638787460947386,1.8203854217877395
13400,7.6387876532618275,1.820385239355134
13401,7.638787845442834,1.8203850570491127
13402,7.638788037490487,1.8203848748695892
13403,7.638788229404888,1.820384692816475
13404,7.638788421186118,1.8203845108896826
13405,7.638788612834285,1.820384329089124
13406,7.638788804349472,1.8203841474147116
13407,7.638788995731772,1.820383965866359
13408,7.638789186981279,1.8203837844439776
13409,7.638789378098082,1.82038360314748
13410,7.6387895690822765,1.8203834219767796
13411,7.638789759933954,1.8203832409317877
13412,7.638789950653206,1.820383060012419
13413,7.638790141240125,1.8203828792185845
13414,7.638790331694797,1.820382698550199
13415,7.638790522017326,1.8203825180071735
13416,7.638790712207793,1.8203823375894221
13417,7.638790902266291,1.820382157296858
13418,7.638791092192911,1.8203819771293939
13419,7.638791281987757,1.820381797086943
13420,7.638791471650902,1.8203816171694185
13421,7.63879166118245,1.820381437376734
13422,7.638791850582488,1.8203812577088028
13423,7.638792039851107,1.8203810781655383
13424,7.6387922289883985,1.8203808987468542
13425,7.638792417994455,1.8203807194526633
13426,7.638792606869363,1.82038054028288
13427,7.6387927956132184,1.8203803612374183
13428,7.63879298422611,1.8203801823161905
13429,7.638793172708133,1.8203800035191118
13430,7.638793361059369,1.8203798248460956
13431,7.638793549279919,1.8203796462970554
13432,7.638793737369867,1.8203794678719056
13433,7.6387939253293045,1.82037928957056
13434,7.638794113158322,1.820379111392934
13435,7.638794300857013,1.820378933338939
13436,7.638794488425471,1.8203787554084918
13437,7.638794675863775,1.8203785776015056
13438,7.63879486317202,1.8203783999178946
13439,7.638795050350304,1.8203782223575733
13440,7.638795237398705,1.8203780449204567
13441,7.638795424317322,1.8203778676064581
13442,7.638795611106243,1.8203776904154936
13443,7.63879579776556,1.820377513347477
13444,7.6387959842953554,1.820377336402323
13445,7.638796170695724,1.8203771595799465
13446,7.638796356966756,1.820376982880262
13447,7.638796543108544,1.8203768063031847
13448,7.638796729121171,1.8203766298486295
13449,7.638796915004731,1.820376453516511
13450,7.638797100759316,1.8203762773067447
13451,7.638797286385004,1.8203761012192459
13452,7.638797471881895,1.8203759252539289
13453,7.638797657250079,1.8203757494107102
13454,7.638797842489639,1.8203755736895033
13455,7.6387980276006715,1.820375398090225
13456,7.638798212583255,1.8203752226127903
13457,7.638798397437491,1.8203750472571145
13458,7.638798582163459,1.8203748720231132
13459,7.638798766761252,1.820374696910702
13460,7.63879895123096,1.820374521919797
13461,7.638799135572673,1.8203743470503129
13462,7.6387993197864725,1.8203741723021662
13463,7.638799503872454,1.820373997675272
13464,7.638799687830703,1.8203738231695474
13465,7.6387998716613135,1.820373648784907
13466,7.638800055364368,1.8203734745212674
13467,7.638800238939956,1.8203733003785445
13468,7.638800422388163,1.8203731263566545
13469,7.638800605709088,1.8203729524555137
13470,7.638800788902812,1.820372778675038
13471,7.638800971969419,1.8203726050151443
13472,7.6388011549090065,1.8203724314757481
13473,7.638801337721655,1.820372258056766
13474,7.6388015204074575,1.8203720847581144
13475,7.638801702966502,1.8203719115797106
13476,7.6388018853988715,1.82037173852147
13477,7.638802067704658,1.82037156558331
13478,7.638802249883947,1.8203713927651475
13479,7.638802431936833,1.820371220066898
13480,7.638802613863394,1.8203710474884793
13481,7.6388027956637226,1.8203708750298084
13482,7.638802977337906,1.8203707026908018
13483,7.638803158886028,1.8203705304713764
13484,7.638803340308185,1.8203703583714494
13485,7.638803521604462,1.8203701863909372
13486,7.638803702774937,1.8203700145297579
13487,7.638803883819707,1.820369842787829
13488,7.638804064738852,1.8203696711650665
13489,7.638804245532465,1.8203694996613886
13490,7.638804426200635,1.8203693282767122
13491,7.638804606743443,1.8203691570109548
13492,7.638804787160976,1.8203689858640346
13493,7.638804967453323,1.820368814835868
13494,7.638805147620576,1.8203686439263733
13495,7.638805327662812,1.8203684731354683
13496,7.638805507580125,1.8203683024630701
13497,7.638805687372597,1.820368131909097
13498,7.63880586704032,1.8203679614734662
13499,7.638806046583373,1.8203677911560963
13500,7.638806226001851,1.820367620956905
13501,7.638806405295833,1.82036745087581
13502,7.638806584465412,1.8203672809127303
13503,7.638806763510672,1.8203671110675825
13504,7.638806942431694,1.8203669413402859
13505,7.638807121228571,1.8203667717307586
13506,7.638807299901387,1.8203666022389184
13507,7.638807478450229,1.8203664328646838
13508,7.638807656875176,1.8203662636079736
13509,7.638807835176324,1.8203660944687063
13510,7.638808013353754,1.8203659254467994
13511,7.638808191407554,1.820365756542173
13512,7.638808369337808,1.8203655877547438
13513,7.638808547144604,1.8203654190844325
13514,7.638808724828018,1.8203652505311563
13515,7.63880890238815,1.8203650820948345
13516,7.6388090798250765,1.8203649137753866
13517,7.638809257138885,1.820364745572731
13518,7.638809434329662,1.8203645774867858
13519,7.638809611397489,1.8203644095174711
13520,7.638809788342463,1.8203642416647057
13521,7.638809965164651,1.8203640739284093
13522,7.6388101418641545,1.8203639063084995
13523,7.638810318441047,1.8203637388048977
13524,7.638810494895421,1.820363571417521
13525,7.638810671227358,1.8203634041462908
13526,7.638810847436946,1.8203632369911245
13527,7.6388110235242666,1.8203630699519429
13528,7.638811199489405,1.8203629030286659
13529,7.638811375332451,1.820362736221211
13530,7.6388115510534815,1.8203625695295003
13531,7.638811726652586,1.8203624029534518
13532,7.638811902129845,1.8203622364929861
13533,7.63881207748535,1.8203620701480223
13534,7.638812252719183,1.8203619039184813
13535,7.6388124278314224,1.8203617378042822
13536,7.638812602822157,1.8203615718053454
13537,7.6388127776914745,1.8203614059215902
13538,7.638812952439456,1.8203612401529372
13539,7.638813127066184,1.8203610744993066
13540,7.638813301571746,1.8203609089606188
13541,7.6388134759562245,1.8203607435367934
13542,7.6388136502197,1.8203605782277512
13543,7.638813824362263,1.8203604130334121
13544,7.638813998383992,1.8203602479536973
13545,7.638814172284973,1.8203600829885258
13546,7.638814346065289,1.82035991813782
13547,7.638814519725026,1.8203597534014992
13548,7.638814693264263,1.8203595887794846
13549,7.63881486668309,1.8203594242716967
13550,7.638815039981591,1.8203592598780558
13551,7.638815213159841,1.8203590955984834
13552,7.638815386217929,1.8203589314329003
13553,7.638815559155937,1.8203587673812263
13554,7.63881573197395,1.8203586034433838
13555,7.63881590467205,1.8203584396192931
13556,7.63881607725032,1.820358275908876
13557,7.638816249708846,1.8203581123120518
13558,7.638816422047705,1.8203579488287438
13559,7.638816594266987,1.8203577854588722
13560,7.638816766366769,1.8203576222023587
13561,7.638816938347137,1.820357459059124
13562,7.638817110208174,1.8203572960290897
13563,7.638817281949964,1.8203571331121777
13564,7.638817453572583,1.8203569703083093
13565,7.638817625076123,1.8203568076174057
13566,7.638817796460663,1.820356645039389
13567,7.63881796772628,1.8203564825741814
13568,7.638818138873065,1.8203563202217032
13569,7.638818309901097,1.8203561579818768
13570,7.638818480810458,1.820355995854624
13571,7.6388186516012295,1.820355833839867
13572,7.638818822273495,1.8203556719375278
13573,7.6388189928273365,1.8203555101475282
13574,7.638819163262834,1.82035534846979
13575,7.63881933358008,1.8203551869042351
13576,7.638819503779142,1.8203550254507865
13577,7.638819673860107,1.820354864109366
13578,7.638819843823063,1.8203547028798959
13579,7.6388200136680835,1.8203545417622982
13580,7.638820183395255,1.8203543807564952
13581,7.638820353004662,1.8203542198624105
13582,7.638820522496378,1.8203540590799654
13583,7.638820691870491,1.8203538984090826
13584,7.638820861127078,1.8203537378496852
13585,7.638821030266228,1.820353577401695
13586,7.638821199288015,1.8203534170650357
13587,7.638821368192524,1.8203532568396297
13588,7.638821536979835,1.820353096725399
13589,7.638821705650032,1.820352936722267
13590,7.638821874203193,1.8203527768301575
13591,7.6388220426394,1.8203526170489925
13592,7.638822210958736,1.820352457378695
13593,7.6388223791612795,1.8203522978191884
13594,7.638822547247111,1.8203521383703958
13595,7.6388227152163175,1.8203519790322398
13596,7.638822883068974,1.8203518198046447
13597,7.638823050805161,1.8203516606875327
13598,7.638823218424964,1.8203515016808285
13599,7.638823385928461,1.820351342784454
13600,7.638823553315733,1.8203511839983328
13601,7.6388237205868545,1.8203510253223898
13602,7.638823887741919,1.8203508667565471
13603,7.638824054780996,1.8203507083007293
13604,7.638824221704174,1.820350549954859
13605,7.638824388511527,1.8203503917188608
13606,7.6388245552031355,1.820350233592658
13607,7.638824721779086,1.8203500755761746
13608,7.638824888239451,1.8203499176693347
13609,7.638825054584317,1.820349759872062
13610,7.63882522081376,1.82034960218428
13611,7.6388253869278655,1.8203494446059134
13612,7.638825552926709,1.820349287136886
13613,7.638825718810368,1.8203491297771217
13614,7.638825884578927,1.8203489725265456
13615,7.63882605023247,1.820348815385081
13616,7.638826215771065,1.8203486583526525
13617,7.638826381194798,1.820348501429184
13618,7.638826546503753,1.8203483446146012
13619,7.638826711698005,1.8203481879088268
13620,7.638826876777633,1.8203480313117866
13621,7.638827041742717,1.8203478748234045
13622,7.638827206593337,1.8203477184436057
13623,7.638827371329572,1.8203475621723144
13624,7.638827535951504,1.820347406009455
13625,7.638827700459209,1.8203472499549531
13626,7.638827864852765,1.820347094008733
13627,7.638828029132258,1.8203469381707194
13628,7.638828193297761,1.8203467824408375
13629,7.638828357349355,1.8203466268190123
13630,7.63882852128712,1.820346471305169
13631,7.63882868511113,1.8203463158992321
13632,7.63882884882147,1.820346160601127
13633,7.638829012418216,1.8203460054107787
13634,7.638829175901448,1.8203458503281131
13635,7.638829339271249,1.820345695353055
13636,7.638829502527689,1.8203455404855295
13637,7.63882966567085,1.8203453857254626
13638,7.638829828700812,1.8203452310727795
13639,7.638829991617657,1.8203450765274045
13640,7.638830154421452,1.8203449220892651
13641,7.638830317112286,1.8203447677582867
13642,7.6388304796902355,1.8203446135343926
13643,7.638830642155374,1.8203444594175116
13644,7.638830804507787,1.8203443054075672
13645,7.6388309667475465,1.8203441515044865
13646,7.6388311288747355,1.8203439977081946
13647,7.638831290889429,1.820343844018617
13648,7.638831452791702,1.8203436904356816
13649,7.638831614581642,1.8203435369593124
13650,7.638831776259313,1.820343383589436
13651,7.638831937824812,1.8203432303259788
13652,7.638832099278201,1.820343077168867
13653,7.638832260619562,1.820342924118026
13654,7.638832421848971,1.820342771173383
13655,7.638832582966513,1.8203426183348645
13656,7.6388327439722605,1.8203424656023963
13657,7.638832904866287,1.8203423129759044
13658,7.63883306564868,1.8203421604553163
13659,7.6388332263195045,1.820342008040558
13660,7.638833386878849,1.8203418557315556
13661,7.638833547326789,1.8203417035282363
13662,7.638833707663395,1.8203415514305261
13663,7.63883386788875,1.8203413994383528
13664,7.638834028002931,1.8203412475516427
13665,7.638834188006014,1.8203410957703223
13666,7.638834347898077,1.8203409440943188
13667,7.63883450767919,1.8203407925235593
13668,7.638834667349442,1.8203406410579699
13669,7.638834826908905,1.8203404896974789
13670,7.63883498635765,1.8203403384420123
13671,7.63883514569576,1.8203401872914973
13672,7.638835304923312,1.8203400362458624
13673,7.6388354640403815,1.820339885305033
13674,7.638835623047045,1.8203397344689374
13675,7.638835781943376,1.8203395837375027
13676,7.638835940729455,1.8203394331106562
13677,7.638836099405362,1.8203392825883258
13678,7.638836257971162,1.8203391321704387
13679,7.638836416426947,1.8203389818569218
13680,7.6388365747727764,1.8203388316477034
13681,7.638836733008737,1.8203386815427114
13682,7.638836891134906,1.820338531541873
13683,7.6388370491513555,1.820338381645115
13684,7.63883720705816,1.820338231852367
13685,7.6388373648554,1.8203380821635562
13686,7.638837522543149,1.8203379325786098
13687,7.638837680121483,1.8203377830974565
13688,7.638837837590479,1.8203376337200237
13689,7.638837994950213,1.8203374844462397
13690,7.63883815220076,1.8203373352760328
13691,7.638838309342198,1.820337186209331
13692,7.6388384663745965,1.8203370372460619
13693,7.638838623298038,1.8203368883861544
13694,7.6388387801125965,1.8203367396295367
13695,7.638838936818344,1.8203365909761375
13696,7.638839093415358,1.8203364424258839
13697,7.638839249903713,1.8203362939787056
13698,7.6388394062834895,1.8203361456345304
13699,7.638839562554762,1.8203359973932873
13700,7.638839718717598,1.8203358492549044
13701,7.638839874772079,1.8203357012193107
13702,7.638840030718284,1.8203355532864347
13703,7.638840186556274,1.820335405456205
13704,7.638840342286134,1.8203352577285514
13705,7.638840497907946,1.8203351101034007
13706,7.638840653421768,1.8203349625806833
13707,7.6388408088276885,1.820334815160328
13708,7.63884096412578,1.8203346678422636
13709,7.638841119316114,1.8203345206264188
13710,7.638841274398762,1.8203343735127229
13711,7.638841429373803,1.8203342265011053
13712,7.6388415842413195,1.8203340795914948
13713,7.638841739001372,1.8203339327838206
13714,7.638841893654043,1.8203337860780122
13715,7.638842048199411,1.8203336394739984
13716,7.638842202637539,1.8203334929717099
13717,7.638842356968508,1.820333346571075
13718,7.638842511192393,1.820333200272023
13719,7.6388426653092685,1.8203330540744838
13720,7.638842819319203,1.8203329079783874
13721,7.638842973222281,1.8203327619836625
13722,7.638843127018563,1.820332616090239
13723,7.638843280708135,1.8203324702980475
13724,7.638843434291071,1.8203323246070167
13725,7.638843587767431,1.8203321790170768
13726,7.638843741137308,1.8203320335281574
13727,7.638843894400764,1.82033188814019
13728,7.638844047557876,1.820331742853101
13729,7.638844200608713,1.820331597666824
13730,7.638844353553356,1.8203314525812875
13731,7.6388445063918775,1.820331307596422
13732,7.638844659124345,1.820331162712157
13733,7.6388448117508405,1.8203310179284236
13734,7.638844964271433,1.8203308732451513
13735,7.638845116686196,1.8203307286622705
13736,7.638845268995202,1.820330584179712
13737,7.638845421198524,1.8203304397974052
13738,7.638845573296238,1.8203302955152816
13739,7.6388457252884185,1.8203301513332713
13740,7.638845877175138,1.8203300072513051
13741,7.638846028956462,1.8203298632693126
13742,7.63884618063248,1.8203297193872257
13743,7.6388463322032445,1.8203295756049747
13744,7.6388464836688446,1.8203294319224892
13745,7.638846635029348,1.8203292883397015
13746,7.638846786284824,1.820329144856542
13747,7.638846937435351,1.8203290014729414
13748,7.638847088481,1.8203288581888304
13749,7.638847239421843,1.82032871500414
13750,7.638847390257951,1.820328571918802
13751,7.6388475409894045,1.8203284289327466
13752,7.6388476916162595,1.8203282860459051
13753,7.63884784213861,1.8203281432582092
13754,7.638847992556513,1.8203280005695892
13755,7.638848142870044,1.8203278579799766
13756,7.638848293079281,1.8203277154893032
13757,7.638848443184292,1.8203275730975
13758,7.638848593185153,1.8203274308044985
13759,7.638848743081929,1.8203272886102297
13760,7.638848892874697,1.8203271465146258
13761,7.638849042563528,1.8203270045176179
13762,7.6388491921485,1.8203268626191378
13763,7.638849341629675,1.820326720819117
13764,7.638849491007132,1.8203265791174872
13765,7.63884964028094,1.8203264375141799
13766,7.638849789451167,1.820326296009128
13767,7.638849938517902,1.8203261546022618
13768,7.638850087481194,1.820326013293514
13769,7.6388502363411295,1.8203258720828162
13770,7.638850385097771,1.8203257309701006
13771,7.638850533751199,1.820325589955299
13772,7.638850682301482,1.820325449038344
13773,7.6388508307486935,1.8203253082191668
13774,7.638850979092896,1.8203251674976997
13775,7.638851127334166,1.8203250268738758
13776,7.638851275472582,1.820324886347627
13777,7.638851423508206,1.8203247459188852
13778,7.6388515714411165,1.8203246055875828
13779,7.638851719271379,1.8203244653536519
13780,7.638851866999068,1.8203243252170256
13781,7.638852014624253,1.820324185177636
13782,7.638852162147004,1.8203240452354164
13783,7.638852309567394,1.8203239053902986
13784,7.638852456885495,1.820323765642215
13785,7.638852604101377,1.8203236259910986
13786,7.6388527512151105,1.8203234864368825
13787,7.638852898226765,1.8203233469794986
13788,7.638853045136418,1.8203232076188807
13789,7.638853191944132,1.8203230683549612
13790,7.638853338649981,1.8203229291876726
13791,7.638853485254033,1.8203227901169485
13792,7.638853631756363,1.820322651142721
13793,7.638853778157038,1.8203225122649247
13794,7.638853924456136,1.8203223734834915
13795,7.638854070653716,1.820322234798354
13796,7.638854216749857,1.8203220962094473
13797,7.638854362744627,1.820321957716703
13798,7.6388545086380955,1.8203218193200545
13799,7.638854654430333,1.820321681019436
13800,7.638854800121409,1.8203215428147805
13801,7.638854945711397,1.8203214047060212
13802,7.638855091200365,1.8203212666930915
13803,7.63885523658838,1.8203211287759253
13804,7.6388553818755165,1.8203209909544553
13805,7.638855527061841,1.8203208532286164
13806,7.63885567214743,1.820320715598341
13807,7.638855817132344,1.8203205780635636
13808,7.6388559620166605,1.8203204406242175
13809,7.638856106800447,1.8203203032802369
13810,7.638856251483772,1.8203201660315549
13811,7.638856396066705,1.8203200288781065
13812,7.638856540549318,1.8203198918198245
13813,7.6388566849316755,1.820319754856644
13814,7.6388568292138554,1.8203196179884975
13815,7.638856973395924,1.82031948121532
13816,7.638857117477946,1.8203193445370458
13817,7.638857261459995,1.820319207953609
13818,7.638857405342139,1.8203190714649435
13819,7.638857549124449,1.8203189350709834
13820,7.638857692806991,1.8203187987716634
13821,7.638857836389836,1.820318662566917
13822,7.638857979873057,1.8203185264566797
13823,7.638858123256714,1.8203183904408853
13824,7.638858266540887,1.8203182545194683
13825,7.63885840972564,1.8203181186923636
13826,7.63885855281104,1.820317982959505
13827,7.638858695797157,1.8203178473208281
13828,7.638858838684059,1.8203177117762663
13829,7.638858981471821,1.8203175763257557
13830,7.638859124160504,1.8203174409692302
13831,7.638859266750184,1.8203173057066244
13832,7.638859409240923,1.8203171705378736
13833,7.638859551632786,1.8203170354629128
13834,7.638859693925861,1.8203169004816766
13835,7.638859836120194,1.8203167655940995
13836,7.638859978215867,1.8203166308001175
13837,7.638860120212939,1.8203164960996652
13838,7.63886026211149,1.8203163614926776
13839,7.638860403911578,1.8203162269790905
13840,7.638860545613279,1.8203160925588378
13841,7.638860687216658,1.8203159582318558
13842,7.63886082872178,1.8203158239980792
13843,7.638860970128717,1.820315689857444
13844,7.638861111437537,1.8203155558098847
13845,7.638861252648307,1.8203154218553375
13846,7.638861393761095,1.8203152879937372
13847,7.638861534775972,1.8203151542250204
13848,7.6388616756930015,1.8203150205491214
13849,7.638861816512255,1.8203148869659758
13850,7.638861957233797,1.8203147534755206
13851,7.638862097857693,1.8203146200776898
13852,7.638862238384019,1.8203144867724206
13853,7.638862378812841,1.8203143535596475
13854,7.638862519144218,1.8203142204393075
13855,7.638862659378228,1.8203140874113362
13856,7.638862799514932,1.820313954475668
13857,7.6388629395544,1.8203138216322408
13858,7.638863079496698,1.82031368888099
13859,7.638863219341898,1.8203135562218515
13860,7.638863359090063,1.820313423654761
13861,7.638863498741259,1.8203132911796553
13862,7.638863638295558,1.8203131587964705
13863,7.6388637777530235,1.8203130265051422
13864,7.638863917113726,1.820312894305607
13865,7.638864056377729,1.8203127621978012
13866,7.638864195545103,1.8203126301816617
13867,7.638864334615909,1.8203124982571244
13868,7.638864473590224,1.8203123664241256
13869,7.638864612468103,1.8203122346826015
13870,7.6388647512496215,1.82031210303249
13871,7.638864889934847,1.820311971473726
13872,7.638865028523844,1.8203118400062475
13873,7.638865167016674,1.8203117086299896
13874,7.638865305413408,1.8203115773448906
13875,7.638865443714115,1.8203114461508865
13876,7.63886558191886,1.8203113150479138
13877,7.63886572002771,1.8203111840359103
13878,7.638865858040733,1.8203110531148121
13879,7.638865995957989,1.820310922284556
13880,7.638866133779547,1.8203107915450791
13881,7.638866271505483,1.8203106608963187
13882,7.638866409135851,1.820310530338212
13883,7.6388665466707195,1.820310399870696
13884,7.638866684110155,1.8203102694937074
13885,7.638866821454233,1.8203101392071837
13886,7.638866958703007,1.8203100090110622
13887,7.638867095856551,1.8203098789052798
13888,7.638867232914927,1.8203097488897741
13889,7.638867369878204,1.8203096189644825
13890,7.638867506746449,1.8203094891293425
13891,7.638867643519722,1.8203093593842914
13892,7.638867780198093,1.8203092297292665
13893,7.638867916781627,1.820309100164205
13894,7.638868053270393,1.8203089706890456
13895,7.638868189664451,1.8203088413037252
13896,7.638868325963869,1.8203087120081816
13897,7.638868462168718,1.8203085828023524
13898,7.638868598279056,1.8203084536861753
13899,7.6388687342949515,1.8203083246595888
13900,7.638868870216465,1.8203081957225293
13901,7.638869006043675,1.8203080668749358
13902,7.638869141776635,1.8203079381167462
13903,7.6388692774154165,1.8203078094478986
13904,7.638869412960078,1.8203076808683294
13905,7.638869548410692,1.8203075523779786
13906,7.6388696837673224,1.8203074239767834
13907,7.6388698190300355,1.8203072956646829
13908,7.63886995419889,1.8203071674416136
13909,7.638870089273956,1.820307039307515
13910,7.638870224255298,1.8203069112623242
13911,7.638870359142981,1.8203067833059812
13912,7.638870493937072,1.8203066554384228
13913,7.638870628637629,1.8203065276595884
13914,7.638870763244729,1.820306399969416
13915,7.63887089775842,1.8203062723678445
13916,7.638871032178783,1.8203061448548112
13917,7.6388711665058775,1.820306017430256
13918,7.638871300739763,1.8203058900941171
13919,7.6388714348805085,1.820305762846333
13920,7.638871568928182,1.8203056356868426
13921,7.6388717028828355,1.8203055086155846
13922,7.638871836744548,1.8203053816324972
13923,7.638871970513379,1.8203052547375207
13924,7.638872104189389,1.8203051279305917
13925,7.638872237772646,1.8203050012116508
13926,7.638872371263218,1.8203048745806367
13927,7.6388725046611645,1.8203047480374883
13928,7.6388726379665455,1.8203046215821446
13929,7.638872771179434,1.8203044952145444
13930,7.63887290429989,1.8203043689346272
13931,7.638873037327976,1.820304242742332
13932,7.638873170263764,1.820304116637598
13933,7.638873303107305,1.8203039906203642
13934,7.638873435858676,1.8203038646905705
13935,7.63887356851793,1.8203037388481556
13936,7.638873701085138,1.820303613093059
13937,7.638873833560362,1.8203034874252206
13938,7.638873965943671,1.8203033618445792
13939,7.6388740982351155,1.8203032363510747
13940,7.63887423043477,1.8203031109446466
13941,7.6388743625426985,1.820302985625234
13942,7.638874494558956,1.8203028603927776
13943,7.638874626483615,1.8203027352472163
13944,7.638874758316738,1.8203026101884892
13945,7.638874890058385,1.8203024852165377
13946,7.638875021708618,1.8203023603313004
13947,7.638875153267503,1.8203022355327168
13948,7.638875284735107,1.8203021108207273
13949,7.638875416111489,1.8203019861952723
13950,7.638875547396713,1.8203018616562912
13951,7.638875678590841,1.8203017372037238
13952,7.638875809693939,1.8203016128375111
13953,7.638875940706066,1.8203014885575926
13954,7.638876071627296,1.8203013643639074
13955,7.638876202457676,1.8203012402563976
13956,7.638876333197279,1.8203011162350018
13957,7.638876463846165,1.8203009922996611
13958,7.638876594404401,1.820300868450315
13959,7.638876724872049,1.8203007446869053
13960,7.638876855249161,1.820300621009371
13961,7.638876985535816,1.820300497417653
13962,7.638877115732069,1.8203003739116919
13963,7.638877245837981,1.8203002504914276
13964,7.638877375853615,1.820300127156802
13965,7.638877505779037,1.820300003907754
13966,7.638877635614312,1.8202998807442248
13967,7.638877765359495,1.8202997576661553
13968,7.63887789501465,1.8202996346734859
13969,7.638878024579842,1.8202995117661582
13970,7.638878154055136,1.8202993889441121
13971,7.638878283440591,1.8202992662072883
13972,7.638878412736267,1.8202991435556288
13973,7.638878541942234,1.8202990209890735
13974,7.638878671058541,1.8202988985075628
13975,7.6388788000852665,1.8202987761110394
13976,7.638878929022458,1.8202986537994432
13977,7.638879057870189,1.8202985315727154
13978,7.638879186628515,1.820298409430797
13979,7.638879315297504,1.8202982873736293
13980,7.638879443877206,1.8202981654011534
13981,7.638879572367695,1.8202980435133118
13982,7.638879700769026,1.820297921710044
13983,7.638879829081268,1.8202977999912913
13984,7.638879957304475,1.8202976783569966
13985,7.638880085438712,1.8202975568070998
13986,7.638880213484042,1.8202974353415433
13987,7.638880341440524,1.8202973139602678
13988,7.6388804693082255,1.8202971926632159
13989,7.638880597087198,1.820297071450328
13990,7.638880724777513,1.8202969503215463
13991,7.638880852379227,1.820296829276813
13992,7.6388809798924,1.8202967083160686
13993,7.6388811073171,1.8202965874392558
13994,7.6388812346533825,1.8202964666463153
13995,7.6388813619013085,1.8202963459371897
13996,7.638881489060942,1.8202962253118204
13997,7.638881616132344,1.8202961047701496
13998,7.638881743115574,1.8202959843121198
13999,7.638881870010698,1.820295863937672
14000,7.6388819968177675,1.8202957436467486
14001,7.638882123536855,1.8202956234392915
14002,7.638882250168016,1.8202955033152428
14003,7.638882376711308,1.820295383274545
14004,7.638882503166804,1.8202952633171396
14005,7.638882629534552,1.8202951434429693
14006,7.638882755814614,1.820295023651976
14007,7.638882882007054,1.8202949039441025
14008,7.638883008111941,1.8202947843192911
14009,7.638883134129322,1.8202946647774834
14010,7.638883260059263,1.8202945453186226
14011,7.638883385901828,1.8202944259426503
14012,7.638883511657073,1.8202943066495099
14013,7.638883637325063,1.8202941874391438
14014,7.638883762905854,1.8202940683114939
14015,7.638883888399511,1.8202939492665033
14016,7.63888401380609,1.8202938303041147
14017,7.63888413912565,1.8202937114242708
14018,7.638884264358259,1.820293592626914
14019,7.638884389503978,1.820293473911987
14020,7.6388845145628546,1.8202933552794334
14021,7.638884639534957,1.8202932367291946
14022,7.638884764420351,1.820293118261215
14023,7.6388848892190895,1.820292999875437
14024,7.6388850139312305,1.8202928815718027
14025,7.638885138556839,1.8202927633502568
14026,7.6388852630959745,1.820292645210741
14027,7.638885387548699,1.8202925271531991
14028,7.638885511915068,1.8202924091775732
14029,7.638885636195139,1.8202922912838078
14030,7.638885760388982,1.8202921734718451
14031,7.6388858844966485,1.820292055741629
14032,7.638886008518205,1.8202919380931022
14033,7.638886132453699,1.8202918205262082
14034,7.638886256303205,1.8202917030408907
14035,7.6388863800667695,1.8202915856370927
14036,7.638886503744462,1.820291468314758
14037,7.638886627336342,1.8202913510738297
14038,7.63888675084246,1.8202912339142516
14039,7.6388868742628855,1.8202911168359672
14040,7.638886997597668,1.8202909998389196
14041,7.63888712084688,1.820290882923053
14042,7.638887244010567,1.8202907660883112
14043,7.638887367088801,1.8202906493346371
14044,7.63888749008163,1.8202905326619758
14045,7.6388876129891194,1.8202904160702695
14046,7.638887735811327,1.8202902995594632
14047,7.638887858548313,1.8202901831295006
14048,7.638887981200134,1.8202900667803248
14049,7.6388881037668535,1.8202899505118806
14050,7.638888226248528,1.8202898343241118
14051,7.6388883486452155,1.8202897182169615
14052,7.638888470956977,1.8202896021903758
14053,7.638888593183868,1.8202894862442967
14054,7.6388887153259475,1.8202893703786693
14055,7.638888837383284,1.8202892545934382
14056,7.638888959355923,1.820289138888547
14057,7.638889081243933,1.8202890232639397
14058,7.638889203047365,1.8202889077195614
14059,7.638889324766283,1.820288792255355
14060,7.638889446400745,1.8202886768712665
14061,7.638889567950805,1.8202885615672397
14062,7.638889689416531,1.8202884463432194
14063,7.638889810797976,1.8202883311991491
14064,7.6388899320951955,1.8202882161349738
14065,7.638890053308255,1.8202881011506387
14066,7.638890174437202,1.820287986246088
14067,7.638890295482107,1.8202878714212654
14068,7.638890416443019,1.820287756676117
14069,7.638890537320003,1.8202876420105871
14070,7.63889065811311,1.8202875274246195
14071,7.638890778822407,1.8202874129181608
14072,7.638890899447947,1.8202872984911538
14073,7.6388910199897895,1.8202871841435446
14074,7.638891140447989,1.820287069875278
14075,7.638891260822612,1.8202869556862986
14076,7.638891381113707,1.8202868415765525
14077,7.6388915013213365,1.8202867275459829
14078,7.638891621445554,1.8202866135945364
14079,7.638891741486425,1.820286499722157
14080,7.6388918614440025,1.8202863859287906
14081,7.638891981318347,1.8202862722143818
14082,7.638892101109515,1.8202861585788763
14083,7.638892220817563,1.8202860450222194
14084,7.638892340442547,1.8202859315443558
14085,7.638892459984532,1.820285818145231
14086,7.638892579443571,1.8202857048247911
14087,7.638892698819715,1.8202855915829808
14088,7.638892818113031,1.8202854784197455
14089,7.638892937323574,1.8202853653350308
14090,7.638893056451401,1.8202852523287825
14091,7.638893175496569,1.820285139400946
14092,7.63889329445913,1.8202850265514667
14093,7.638893413339152,1.8202849137802901
14094,7.638893532136688,1.8202848010873625
14095,7.638893650851789,1.8202846884726291
14096,7.6388937694845245,1.820284575936036
14097,7.638893888034941,1.8202844634775284
14098,7.638894006503097,1.8202843510970526
14099,7.638894124889058,1.8202842387945544
14100,7.638894243192872,1.8202841265699796
14101,7.638894361414599,1.8202840144232741
14102,7.638894479554292,1.820283902354384
14103,7.6388945976120155,1.8202837903632552
14104,7.638894715587821,1.820283678449834
14105,7.638894833481766,1.8202835666140658
14106,7.638894951293909,1.8202834548558975
14107,7.638895069024307,1.8202833431752747
14108,7.638895186673016,1.8202832315721438
14109,7.638895304240091,1.820283120046451
14110,7.638895421725592,1.8202830085981432
14111,7.638895539129573,1.8202828972271654
14112,7.63889565645209,1.820282785933465
14113,7.638895773693201,1.8202826747169882
14114,7.6388958908529645,1.8202825635776811
14115,7.638896007931433,1.82028245251549
14116,7.638896124928663,1.8202823415303622
14117,7.638896241844715,1.8202822306222435
14118,7.638896358679643,1.8202821197910808
14119,7.6388964754335005,1.8202820090368201
14120,7.638896592106345,1.8202818983594091
14121,7.63889670869824,1.820281787758794
14122,7.638896825209231,1.820281677234921
14123,7.63889694163938,1.8202815667877374
14124,7.638897057988743,1.8202814564171903
14125,7.638897174257372,1.820281346123226
14126,7.638897290445326,1.820281235905791
14127,7.638897406552666,1.820281125764833
14128,7.6388975225794375,1.8202810157002982
14129,7.638897638525706,1.8202809057121343
14130,7.638897754391521,1.8202807958002878
14131,7.63889787017694,1.8202806859647063
14132,7.6388979858820205,1.820280576205336
14133,7.6388981015068165,1.8202804665221246
14134,7.638898217051385,1.8202803569150194
14135,7.638898332515777,1.8202802473839672
14136,7.638898447900057,1.8202801379289157
14137,7.6388985632042745,1.8202800285498115
14138,7.638898678428485,1.8202799192466024
14139,7.638898793572746,1.8202798100192352
14140,7.638898908637111,1.8202797008676581
14141,7.638899023621639,1.8202795917918178
14142,7.63889913852638,1.8202794827916624
14143,7.638899253351397,1.8202793738671386
14144,7.638899368096731,1.8202792650181947
14145,7.638899482762457,1.820279156244778
14146,7.638899597348616,1.8202790475468356
14147,7.638899711855269,1.8202789389243157
14148,7.63889982628247,1.8202788303771655
14149,7.638899940630271,1.8202787219053334
14150,7.638900054898732,1.8202786135087665
14151,7.638900169087903,1.8202785051874126
14152,7.638900283197842,1.8202783969412204
14153,7.638900397228607,1.820278288770136
14154,7.638900511180252,1.8202781806741093
14155,7.638900625052822,1.820278072653087
14156,7.638900738846385,1.8202779647070173
14157,7.638900852560983,1.8202778568358484
14158,7.638900966196686,1.8202777490395274
14159,7.6389010797535395,1.8202776413180035
14160,7.638901193231599,1.8202775336712245
14161,7.638901306630923,1.8202774260991383
14162,7.638901419951557,1.8202773186016932
14163,7.638901533193567,1.8202772111788377
14164,7.6389016463570005,1.82027710383052
14165,7.638901759441909,1.8202769965566872
14166,7.638901872448355,1.8202768893572892
14167,7.638901985376387,1.8202767822322738
14168,7.638902098226068,1.8202766751815895
14169,7.63890221099744,1.8202765682051838
14170,7.6389023236905675,1.8202764613030062
14171,7.638902436305498,1.8202763544750051
14172,7.638902548842292,1.820276247721129
14173,7.638902661300995,1.8202761410413257
14174,7.6389027736816715,1.8202760344355446
14175,7.638902885984371,1.8202759279037342
14176,7.638902998209149,1.820275821445843
14177,7.638903110356052,1.8202757150618194
14178,7.638903222425144,1.8202756087516132
14179,7.638903334416475,1.8202755025151724
14180,7.6389034463300955,1.8202753963524454
14181,7.638903558166064,1.820275290263382
14182,7.638903669924436,1.8202751842479308
14183,7.638903781605261,1.8202750783060406
14184,7.638903893208592,1.8202749724376603
14185,7.6389040047344885,1.820274866642739
14186,7.638904116182994,1.820274760921226
14187,7.63890422755418,1.8202746552730693
14188,7.638904338848082,1.8202745496982191
14189,7.638904450064762,1.8202744441966243
14190,7.63890456120427,1.820274338768234
14191,7.638904672266667,1.8202742334129969
14192,7.638904783251996,1.8202741281308636
14193,7.638904894160318,1.8202740229217813
14194,7.638905004991686,1.8202739177857008
14195,7.6389051157461525,1.8202738127225722
14196,7.638905226423767,1.8202737077323428
14197,7.6389053370245845,1.820273602814963
14198,7.638905447548664,1.8202734979703825
14199,7.638905557996055,1.8202733931985509
14200,7.6389056683668075,1.8202732884994175
14201,7.638905778660973,1.8202731838729305
14202,7.638905888878619,1.820273079319042
14203,7.6389059990197845,1.8202729748376998
14204,7.638906109084526,1.8202728704288544
14205,7.638906219072897,1.8202727660924551
14206,7.638906328984949,1.8202726618284522
14207,7.638906438820735,1.8202725576367944
14208,7.638906548580312,1.8202724535174322
14209,7.638906658263732,1.8202723494703155
14210,7.638906767871046,1.8202722454953937
14211,7.638906877402308,1.8202721415926177
14212,7.6389069868575685,1.8202720377619361
14213,7.638907096236884,1.8202719340032998
14214,7.638907205540298,1.8202718303166583
14215,7.638907314767872,1.8202717267019624
14216,7.63890742391966,1.8202716231591616
14217,7.638907532995708,1.820271519688206
14218,7.638907641996075,1.8202714162890457
14219,7.638907750920809,1.8202713129616315
14220,7.638907859769962,1.8202712097059128
14221,7.63890796854359,1.82027110652184
14222,7.6389080772417435,1.8202710034093637
14223,7.638908185864471,1.8202709003684345
14224,7.638908294411834,1.820270797399002
14225,7.638908402883879,1.820270694501017
14226,7.638908511280656,1.8202705916744297
14227,7.63890861960222,1.8202704889191907
14228,7.638908727848624,1.8202703862352512
14229,7.6389088360199215,1.8202702836225604
14230,7.638908944116159,1.8202701810810693
14231,7.638909052137394,1.8202700786107295
14232,7.638909160083678,1.8202699762114902
14233,7.638909267955062,1.8202698738833032
14234,7.6389093757515925,1.8202697716261187
14235,7.638909483473328,1.8202696694398872
14236,7.6389095911203215,1.8202695673245601
14237,7.63890969869262,1.8202694652800873
14238,7.638909806190283,1.82026936330642
14239,7.638909913613351,1.8202692614035096
14240,7.638910020961886,1.8202691595713063
14241,7.63891012823593,1.8202690578097618
14242,7.638910235435542,1.8202689561188266
14243,7.638910342560773,1.8202688544984515
14244,7.638910449611672,1.8202687529485877
14245,7.638910556588293,1.8202686514691866
14246,7.638910663490683,1.8202685500601994
14247,7.638910770318902,1.8202684487215763
14248,7.638910877072993,1.8202683474532695
14249,7.638910983753016,1.8202682462552289
14250,7.638911090359011,1.8202681451274079
14251,7.638911196891039,1.820268044069756
14252,7.638911303349145,1.8202679430822248
14253,7.638911409733385,1.820267842164766
14254,7.638911516043807,1.8202677413173303
14255,7.6389116222804665,1.8202676405398703
14256,7.63891172844341,1.8202675398323365
14257,7.638911834532691,1.8202674391946814
14258,7.638911940548361,1.8202673386268546
14259,7.63891204649047,1.8202672381288096
14260,7.638912152359066,1.820267137700497
14261,7.638912258154205,1.8202670373418688
14262,7.6389123638759395,1.8202669370528763
14263,7.638912469524313,1.8202668368334713
14264,7.6389125750993845,1.820266736683606
14265,7.638912680601197,1.8202666366032316
14266,7.638912786029805,1.8202665365922999
14267,7.638912891385261,1.8202664366507628
14268,7.638912996667618,1.820266336778572
14269,7.638913101876915,1.82026623697568
14270,7.6389132070132195,1.8202661372420381
14271,7.638913312076565,1.8202660375775983
14272,7.638913417067017,1.8202659379823132
14273,7.638913521984616,1.8202658384561334
14274,7.638913626829416,1.8202657389990122
14275,7.638913731601471,1.8202656396109018
14276,7.638913836300826,1.8202655402917536
14277,7.638913940927533,1.8202654410415198
14278,7.638914045481642,1.820265341860153
14279,7.638914149963209,1.8202652427476051
14280,7.638914254372275,1.8202651437038286
14281,7.638914358708897,1.8202650447287756
14282,7.638914462973119,1.8202649458223985
14283,7.638914567165001,1.820264846984649
14284,7.638914671284587,1.8202647482154812
14285,7.6389147753319255,1.8202646495148458
14286,7.6389148793070705,1.8202645508826962
14287,7.638914983210068,1.8202644523189841
14288,7.638915087040974,1.8202643538236625
14289,7.638915190799833,1.820264255396684
14290,7.638915294486699,1.8202641570380012
14291,7.6389153981016165,1.8202640587475665
14292,7.638915501644644,1.8202639605253321
14293,7.638915605115823,1.820263862371252
14294,7.638915708515204,1.8202637642852777
14295,7.638915811842846,1.8202636662673624
14296,7.638915915098788,1.8202635683174584
14297,7.638916018283084,1.8202634704355198
14298,7.638916121395787,1.820263372621498
14299,7.63891622443694,1.8202632748753462
14300,7.638916327406596,1.820263177197018
14301,7.638916430304809,1.820263079586466
14302,7.6389165331316216,1.8202629820436431
14303,7.638916635887086,1.8202628845685014
14304,7.638916738571252,1.820262787160996
14305,7.63891684118417,1.820262689821078
14306,7.638916943725887,1.8202625925487022
14307,7.638917046196451,1.8202624953438193
14308,7.638917148595915,1.820262398206385
14309,7.638917250924332,1.8202623011363515
14310,7.638917353181741,1.8202622041336718
14311,7.638917455368201,1.8202621071982992
14312,7.638917557483752,1.8202620103301876
14313,7.638917659528459,1.82026191352929
14314,7.638917761502349,1.8202618167955587
14315,7.638917863405487,1.8202617201289488
14316,7.638917965237917,1.820261623529413
14317,7.638918066999689,1.8202615269969051
14318,7.638918168690856,1.8202614305313773
14319,7.638918270311461,1.8202613341327845
14320,7.638918371861551,1.8202612378010798
14321,7.638918473341183,1.8202611415362167
14322,7.638918574750396,1.8202610453381498
14323,7.6389186760892445,1.8202609492068311
14324,7.638918777357782,1.820260853142215
14325,7.638918878556051,1.8202607571442557
14326,7.638918979684105,1.8202606612129062
14327,7.638919080741987,1.8202605653481208
14328,7.638919181729749,1.8202604695498528
14329,7.638919282647433,1.8202603738180567
14330,7.638919383495099,1.820260278152686
14331,7.638919484272792,1.8202601825536948
14332,7.638919584980553,1.8202600870210368
14333,7.638919685618441,1.820259991554666
14334,7.6389197861864995,1.8202598961545362
14335,7.638919886684771,1.8202598008206017
14336,7.638919987113313,1.8202597055528171
14337,7.6389200874721785,1.820259610351136
14338,7.638920187761399,1.820259515215512
14339,7.638920287981036,1.8202594201459
14340,7.638920388131132,1.820259325142254
14341,7.638920488211738,1.8202592302045282
14342,7.6389205882229,1.820259135332677
14343,7.638920688164669,1.820259040526654
14344,7.638920788037095,1.8202589457864147
14345,7.638920887840217,1.8202588511119129
14346,7.63892098757409,1.8202587565031025
14347,7.6389210872387645,1.8202586619599388
14348,7.638921186834282,1.8202585674823755
14349,7.638921286360694,1.8202584730703675
14350,7.6389213858180485,1.8202583787238689
14351,7.638921485206394,1.8202582844428346
14352,7.6389215845257725,1.8202581902272195
14353,7.638921683776237,1.820258096076977
14354,7.638921782957839,1.8202580019920633
14355,7.638921882070621,1.820257907972432
14356,7.638921981114631,1.8202578140180383
14357,7.638922080089916,1.8202577201288368
14358,7.638922178996529,1.8202576263047823
14359,7.638922277834514,1.8202575325458292
14360,7.6389223766039125,1.8202574388519328
14361,7.638922475304781,1.8202573452230473
14362,7.638922573937166,1.8202572516591282
14363,7.638922672501112,1.820257158160131
14364,7.638922770996673,1.82025706472601
14365,7.638922869423883,1.8202569713567196
14366,7.638922967782805,1.8202568780522157
14367,7.638923066073473,1.8202567848124522
14368,7.6389231642959405,1.8202566916373861
14369,7.638923262450257,1.820256598526971
14370,7.6389233605364675,1.8202565054811621
14371,7.638923458554617,1.8202564124999157
14372,7.638923556504757,1.8202563195831858
14373,7.638923654386933,1.8202562267309277
14374,7.63892375220119,1.8202561339430974
14375,7.638923849947578,1.8202560412196498
14376,7.63892394762614,1.82025594856054
14377,7.63892404523693,1.8202558559657236
14378,7.638924142779986,1.8202557634351564
14379,7.638924240255368,1.8202556709687934
14380,7.638924337663113,1.8202555785665895
14381,7.638924435003264,1.8202554862285008
14382,7.638924532275878,1.8202553939544832
14383,7.638924629481001,1.8202553017444913
14384,7.638924726618666,1.8202552095984816
14385,7.638924823688939,1.8202551175164094
14386,7.6389249206918555,1.82025502549823
14387,7.638925017627468,1.820254933543899
14388,7.638925114495815,1.8202548416533721
14389,7.638925211296952,1.8202547498266062
14390,7.638925308030922,1.8202546580635557
14391,7.638925404697773,1.820254566364176
14392,7.638925501297544,1.820254474728425
14393,7.638925597830288,1.8202543831562572
14394,7.638925694296057,1.8202542916476283
14395,7.638925790694889,1.8202542002024946
14396,7.638925887026828,1.820254108820812
14397,7.638925983291931,1.8202540175025357
14398,7.638926079490237,1.8202539262476234
14399,7.638926175621795,1.8202538350560298
14400,7.638926271686652,1.820253743927711
14401,7.638926367684851,1.8202536528626239
14402,7.638926463616439,1.820253561860724
14403,7.638926559481464,1.8202534709219678
14404,7.638926655279969,1.8202533800463108
14405,7.638926751012007,1.8202532892337102
14406,7.638926846677617,1.820253198484121
14407,7.638926942276849,1.8202531077975008
14408,7.638927037809748,1.8202530171738054
14409,7.638927133276358,1.820252926612991
14410,7.638927228676728,1.8202528361150139
14411,7.638927324010902,1.8202527456798312
14412,7.63892741927893,1.8202526553073979
14413,7.63892751448085,1.820252564997672
14414,7.638927609616716,1.8202524747506088
14415,7.638927704686566,1.8202523845661656
14416,7.638927799690454,1.8202522944442987
14417,7.638927894628419,1.8202522043849647
14418,7.638927989500511,1.8202521143881198
14419,7.638928084306776,1.8202520244537215
14420,7.638928179047256,1.820251934581726
14421,7.638928273722002,1.82025184477209
14422,7.638928368331051,1.8202517550247699
14423,7.638928462874459,1.820251665339723
14424,7.638928557352263,1.820251575716906
14425,7.6389286517645125,1.8202514861562753
14426,7.638928746111251,1.8202513966577882
14427,7.63892884039253,1.8202513072214013
14428,7.638928934608386,1.8202512178470716
14429,7.638929028758874,1.8202511285347562
14430,7.638929122844027,1.8202510392844118
14431,7.638929216863904,1.820250950095996
14432,7.638929310818537,1.820250860969465
14433,7.63892940470798,1.8202507719047758
14434,7.638929498532279,1.8202506829018867
14435,7.638929592291474,1.8202505939607536
14436,7.638929685985615,1.8202505050813345
14437,7.638929779614744,1.8202504162635857
14438,7.638929873178906,1.8202503275074653
14439,7.638929966678145,1.8202502388129296
14440,7.638930060112509,1.820250150179937
14441,7.638930153482043,1.820250061608444
14442,7.638930246786791,1.8202499730984079
14443,7.638930340026799,1.8202498846497859
14444,7.638930433202108,1.8202497962625368
14445,7.638930526312767,1.8202497079366164
14446,7.638930619358818,1.8202496196719822
14447,7.638930712340312,1.820249531468593
14448,7.638930805257284,1.8202494433264047
14449,7.638930898109786,1.8202493552453767
14450,7.63893099089786,1.8202492672254644
14451,7.638931083621552,1.820249179266627
14452,7.638931176280908,1.8202490913688214
14453,7.638931268875968,1.8202490035320056
14454,7.63893136140678,1.820248915756137
14455,7.638931453873388,1.8202488280411737
14456,7.638931546275837,1.8202487403870733
14457,7.63893163861417,1.8202486527937936
14458,7.638931730888435,1.8202485652612916
14459,7.63893182309867,1.8202484777895258
14460,7.6389319152449255,1.8202483903784545
14461,7.638932007327243,1.8202483030280348
14462,7.638932099345665,1.820248215738225
14463,7.638932191300243,1.820248128508983
14464,7.638932283191019,1.8202480413402669
14465,7.638932375018028,1.8202479542320344
14466,7.6389324667813225,1.820247867184244
14467,7.63893255848095,1.8202477801968528
14468,7.638932650116945,1.82024769326982
14469,7.638932741689359,1.8202476064031035
14470,7.6389328331982345,1.8202475195966605
14471,7.6389329246436155,1.8202474328504508
14472,7.638933016025539,1.8202473461644313
14473,7.638933107344065,1.8202472595385601
14474,7.638933198599221,1.8202471729727963
14475,7.638933289791064,1.8202470864670983
14476,7.638933380919626,1.820247000021424
14477,7.638933471984963,1.8202469136357313
14478,7.638933562987109,1.820246827309979
14479,7.638933653926113,1.8202467410441256
14480,7.638933744802018,1.82024665483813
14481,7.638933835614865,1.8202465686919498
14482,7.6389339263647,1.8202464826055438
14483,7.638934017051565,1.8202463965788709
14484,7.63893410767551,1.820246310611889
14485,7.63893419823657,1.8202462247045568
14486,7.638934288734797,1.8202461388568336
14487,7.6389343791702276,1.8202460530686773
14488,7.638934469542908,1.8202459673400466
14489,7.6389345598528795,1.8202458816709008
14490,7.638934650100192,1.8202457960611982
14491,7.63893474028488,1.8202457105108973
14492,7.6389348304069955,1.8202456250199577
14493,7.638934920466583,1.8202455395883372
14494,7.638935010463671,1.8202454542159954
14495,7.638935100398313,1.8202453689028912
14496,7.638935190270563,1.8202452836489829
14497,7.638935280080443,1.8202451984542298
14498,7.638935369828012,1.8202451133185906
14499,7.638935459513307,1.8202450282420246
14500,7.638935549136372,1.82024494322449
14501,7.6389356386972525,1.8202448582659478
14502,7.63893572819599,1.820244773366355
14503,7.638935817632624,1.8202446885256716
14504,7.638935907007202,1.8202446037438564
14505,7.638935996319767,1.820244519020869
14506,7.638936085570359,1.8202444343566684
14507,7.638936174759026,1.8202443497512137
14508,7.638936263885801,1.8202442652044641
14509,7.638936352950741,1.8202441807163787
14510,7.638936441953881,1.8202440962869175
14511,7.6389365308952595,1.820244011916039
14512,7.63893661977493,1.820243927603703
14513,7.638936708592929,1.8202438433498689
14514,7.638936797349299,1.820243759154496
14515,7.638936886044083,1.8202436750175441
14516,7.6389369746773275,1.820243590938972
14517,7.6389370632490685,1.8202435069187393
14518,7.638937151759354,1.8202434229568056
14519,7.638937240208225,1.820243339053131
14520,7.638937328595726,1.8202432552076744
14521,7.638937416921895,1.8202431714203953
14522,7.63893750518678,1.8202430876912543
14523,7.638937593390419,1.8202430040202102
14524,7.638937681532856,1.8202429204072226
14525,7.6389377696141345,1.820242836852252
14526,7.638937857634294,1.8202427533552579
14527,7.6389379455933835,1.8202426699161989
14528,7.63893803349144,1.8202425865350367
14529,7.638938121328507,1.8202425032117298
14530,7.638938209104622,1.8202424199462381
14531,7.63893829681984,1.8202423367385225
14532,7.63893838447419,1.8202422535885416
14533,7.6389384720677205,1.8202421704962564
14534,7.638938559600472,1.8202420874616263
14535,7.6389386470724885,1.8202420044846115
14536,7.638938734483813,1.820241921565172
14537,7.638938821834481,1.8202418387032675
14538,7.6389389091245405,1.8202417558988586
14539,7.638938996354033,1.8202416731519044
14540,7.638939083522999,1.820241590462367
14541,7.638939170631483,1.8202415078302052
14542,7.638939257679527,1.820241425255379
14543,7.6389393446671665,1.8202413427378492
14544,7.638939431594452,1.8202412602775755
14545,7.638939518461419,1.8202411778745193
14546,7.6389396052681136,1.8202410955286386
14547,7.638939692014576,1.8202410132398967
14548,7.6389397787008475,1.820240931008252
14549,7.638939865326968,1.820240848833665
14550,7.6389399518929855,1.820240766716097
14551,7.638940038398934,1.8202406846555077
14552,7.6389401248448605,1.8202406026518576
14553,7.638940211230803,1.8202405207051078
14554,7.638940297556806,1.8202404388152178
14555,7.638940383822909,1.8202403569821493
14556,7.6389404700291585,1.8202402752058615
14557,7.638940556175591,1.8202401934863164
14558,7.638940642262247,1.8202401118234741
14559,7.638940728289176,1.8202400302172954
14560,7.6389408142564115,1.8202399486677403
14561,7.638940900163991,1.8202398671747702
14562,7.63894098601197,1.820239785738345
14563,7.638941071800375,1.8202397043584269
14564,7.638941157529257,1.8202396230349753
14565,7.638941243198657,1.820239541767952
14566,7.638941328808612,1.8202394605573176
14567,7.6389414143591665,1.820239379403032
14568,7.638941499850356,1.8202392983050573
14569,7.63894158528223,1.8202392172633541
14570,7.638941670654824,1.8202391362778838
14571,7.638941755968183,1.820239055348606
14572,7.638941841222343,1.8202389744754832
14573,7.638941926417346,1.8202388936584757
14574,7.638942011553239,1.8202388128975442
14575,7.638942096630059,1.8202387321926512
14576,7.638942181647846,1.8202386515437559
14577,7.638942266606642,1.8202385709508206
14578,7.638942351506487,1.820238490413807
14579,7.638942436347422,1.8202384099326752
14580,7.638942521129489,1.8202383295073867
14581,7.638942605852729,1.8202382491379028
14582,7.638942690517184,1.8202381688241855
14583,7.6389427751228896,1.8202380885661948
14584,7.638942859669893,1.8202380083638932
14585,7.638942944158231,1.820237928217241
14586,7.63894302858795,1.8202378481262007
14587,7.6389431129590815,1.8202377680907325
14588,7.638943197271672,1.820237688110799
14589,7.638943281525756,1.8202376081863612
14590,7.6389433657213806,1.8202375283173806
14591,7.638943449858587,1.820237448503818
14592,7.638943533937412,1.8202373687456364
14593,7.6389436179578984,1.8202372890427962
14594,7.638943701920088,1.82023720939526
14595,7.638943785824013,1.820237129802988
14596,7.638943869669723,1.8202370502659428
14597,7.6389439534572565,1.820236970784086
14598,7.638944037186653,1.8202368913573799
14599,7.638944120857948,1.8202368119857846
14600,7.6389442044711915,1.8202367326692634
14601,7.638944288026416,1.8202366534077774
14602,7.638944371523662,1.820236574201289
14603,7.638944454962976,1.8202364950497594
14604,7.6389445383443935,1.8202364159531503
14605,7.638944621667952,1.8202363369114238
14606,7.638944704933697,1.8202362579245421
14607,7.638944788141668,1.8202361789924673
14608,7.638944871291904,1.820236100115161
14609,7.638944954384442,1.820236021292585
14610,7.638945037419324,1.8202359425247019
14611,7.638945120396595,1.8202358638114735
14612,7.63894520331629,1.8202357851528617
14613,7.638945286178447,1.820235706548829
14614,7.6389453689831095,1.8202356279993368
14615,7.638945451730315,1.8202355495043483
14616,7.63894553442011,1.8202354710638249
14617,7.638945617052526,1.8202353926777284
14618,7.638945699627606,1.8202353143460221
14619,7.638945782145391,1.8202352360686676
14620,7.63894586460592,1.8202351578456277
14621,7.638945947009233,1.8202350796768643
14622,7.638946029355367,1.82023500156234
14623,7.638946111644359,1.8202349235020168
14624,7.63894619387626,1.8202348454958572
14625,7.638946276051102,1.820234767543824
14626,7.638946358168925,1.8202346896458792
14627,7.638946440229768,1.8202346118019856
14628,7.638946522233672,1.820234534012105
14629,7.638946604180674,1.8202344562762012
14630,7.638946686070822,1.8202343785942352
14631,7.638946767904148,1.8202343009661708
14632,7.638946849680685,1.8202342233919704
14633,7.638946931400484,1.820234145871596
14634,7.638947013063585,1.8202340684050105
14635,7.638947094670017,1.820233990992177
14636,7.638947176219828,1.8202339136330579
14637,7.63894725771305,1.820233836327616
14638,7.638947339149734,1.8202337590758138
14639,7.638947420529904,1.8202336818776144
14640,7.638947501853611,1.8202336047329808
14641,7.638947583120888,1.8202335276418755
14642,7.638947664331778,1.820233450604261
14643,7.638947745486318,1.8202333736201006
14644,7.638947826584549,1.8202332966893568
14645,7.638947907626507,1.8202332198119937
14646,7.638947988612235,1.8202331429879737
14647,7.638948069541765,1.8202330662172588
14648,7.638948150415145,1.820232989499813
14649,7.638948231232405,1.820232912835599
14650,7.638948311993592,1.82023283622458
14651,7.638948392698742,1.8202327596667194
14652,7.638948473347891,1.8202326831619795
14653,7.6389485539410815,1.8202326067103245
14654,7.63894863447835,1.8202325303117164
14655,7.638948714959738,1.8202324539661188
14656,7.6389487953852795,1.8202323776734957
14657,7.638948875755019,1.8202323014338095
14658,7.638948956068996,1.8202322252470242
14659,7.638949036327238,1.8202321491131022
14660,7.638949116529794,1.8202320730320065
14661,7.638949196676702,1.8202319970037022
14662,7.638949276767998,1.8202319210281515
14663,7.638949356803723,1.8202318451053179
14664,7.638949436783913,1.8202317692351644
14665,7.6389495167086015,1.820231693417655
14666,7.6389495965778424,1.8202316176527535
14667,7.638949676391656,1.820231541940423
14668,7.638949756150095,1.8202314662806265
14669,7.638949835853186,1.820231390673328
14670,7.638949915500985,1.8202313151184915
14671,7.638949995093509,1.82023123961608
14672,7.63895007463081,1.8202311641660573
14673,7.638950154112922,1.8202310887683877
14674,7.638950233539884,1.8202310134230335
14675,7.638950312911737,1.8202309381299593
14676,7.638950392228512,1.8202308628891288
14677,7.638950471490253,1.8202307877005055
14678,7.638950550696998,1.8202307125640538
14679,7.638950629848784,1.820230637479736
14680,7.63895070894565,1.8202305624475177
14681,7.638950787987628,1.820230487467362
14682,7.638950866974768,1.8202304125392326
14683,7.6389509459071006,1.820230337663094
14684,7.638951024784661,1.8202302628389084
14685,7.638951103607492,1.8202301880666418
14686,7.638951182375629,1.8202301133462577
14687,7.638951261089116,1.8202300386777197
14688,7.638951339747981,1.8202299640609918
14689,7.638951418352272,1.8202298894960385
14690,7.63895149690202,1.8202298149828229
14691,7.638951575397265,1.8202297405213104
14692,7.638951653838041,1.820229666111464
14693,7.638951732224396,1.8202295917532485
14694,7.638951810556355,1.8202295174466279
14695,7.638951888833963,1.8202294431915667
14696,7.6389519670572605,1.8202293689880282
14697,7.638952045226279,1.8202292948359782
14698,7.638952123341062,1.8202292207353792
14699,7.63895220140164,1.8202291466861966
14700,7.638952279408057,1.820229072688394
14701,7.638952357360347,1.820228998741937
14702,7.638952435258546,1.8202289248467889
14703,7.638952513102693,1.8202288510029148
14704,7.638952590892834,1.8202287772102783
14705,7.638952668628994,1.820228703468844
14706,7.6389527463112135,1.820228629778577
14707,7.638952823939532,1.8202285561394418
14708,7.638952901513993,1.8202284825514021
14709,7.638952979034621,1.8202284090144227
14710,7.63895305650146,1.8202283355284692
14711,7.638953133914548,1.8202282620935042
14712,7.638953211273927,1.8202281887094942
14713,7.638953288579624,1.8202281153764033
14714,7.638953365831682,1.8202280420941956
14715,7.63895344303014,1.8202279688628367
14716,7.6389535201750265,1.8202278956822904
14717,7.638953597266389,1.8202278225525224
14718,7.638953674304258,1.8202277494734957
14719,7.6389537512886765,1.8202276764451775
14720,7.638953828219672,1.820227603467531
14721,7.638953905097292,1.8202275305405216
14722,7.638953981921568,1.8202274576641135
14723,7.638954058692539,1.8202273848382726
14724,7.638954135410243,1.8202273120629635
14725,7.638954212074711,1.8202272393381504
14726,7.638954288685986,1.8202271666637995
14727,7.6389543652441025,1.8202270940398744
14728,7.638954441749099,1.8202270214663416
14729,7.638954518201009,1.8202269489431648
14730,7.638954594599876,1.82022687647031
14731,7.638954670945727,1.8202268040477414
14732,7.638954747238604,1.820226731675425
14733,7.638954823478546,1.820226659353326
14734,7.6389548996655865,1.820226587081408
14735,7.638954975799768,1.8202265148596384
14736,7.638955051881118,1.8202264426879804
14737,7.63895512790968,1.8202263705664008
14738,7.638955203885487,1.8202262984948636
14739,7.638955279808576,1.8202262264733353
14740,7.638955355678983,1.82022615450178
14741,7.638955431496749,1.820226082580164
14742,7.638955507261903,1.8202260107084516
14743,7.638955582974495,1.820225938886609
14744,7.638955658634546,1.8202258671146017
14745,7.638955734242098,1.8202257953923944
14746,7.6389558097971895,1.8202257237199537
14747,7.638955885299863,1.8202256520972435
14748,7.638955960750139,1.8202255805242304
14749,7.638956036148062,1.82022550900088
14750,7.638956111493674,1.8202254375271565
14751,7.638956186787002,1.8202253661030277
14752,7.63895626202809,1.820225294728457
14753,7.63895633721697,1.8202252234034113
14754,7.638956412353675,1.820225152127856
14755,7.638956487438251,1.8202250809017568
14756,7.638956562470724,1.8202250097250785
14757,7.6389566374511375,1.820224938597788
14758,7.638956712379522,1.8202248675198502
14759,7.638956787255916,1.8202247964912315
14760,7.638956862080357,1.8202247255118975
14761,7.638956936852884,1.820224654581814
14762,7.6389570115735195,1.8202245837009465
14763,7.638957086242315,1.8202245128692611
14764,7.638957160859296,1.8202244420867235
14765,7.638957235424509,1.8202243713533002
14766,7.638957309937976,1.8202243006689562
14767,7.638957384399743,1.820224230033658
14768,7.638957458809847,1.8202241594473716
14769,7.6389575331683215,1.8202240889100627
14770,7.638957607475197,1.8202240184216978
14771,7.638957681730514,1.8202239479822426
14772,7.638957755934306,1.8202238775916628
14773,7.638957830086613,1.8202238072499253
14774,7.638957904187467,1.8202237369569951
14775,7.638957978236905,1.82022366671284
14776,7.638958052234964,1.8202235965174243
14777,7.638958126181677,1.8202235263707156
14778,7.638958200077082,1.8202234562726793
14779,7.638958273921211,1.8202233862232824
14780,7.638958347714101,1.8202233162224901
14781,7.638958421455789,1.8202232462702692
14782,7.638958495146313,1.8202231763665864
14783,7.6389585687857045,1.8202231065114072
14784,7.638958642374,1.8202230367046988
14785,7.638958715911233,1.8202229669464272
14786,7.638958789397446,1.820222897236558
14787,7.6389588628326655,1.820222827575059
14788,7.638958936216928,1.8202227579618957
14789,7.638959009550279,1.8202226883970352
14790,7.638959082832738,1.820222618880443
14791,7.638959156064355,1.8202225494120867
14792,7.638959229245158,1.8202224799919327
14793,7.638959302375181,1.8202224106199465
14794,7.638959375454461,1.820222341296096
14795,7.638959448483032,1.8202222720203471
14796,7.6389595214609365,1.8202222027926662
14797,7.638959594388197,1.8202221336130202
14798,7.638959667264863,1.8202220644813765
14799,7.638959740090959,1.8202219953977006
14800,7.638959812866523,1.8202219263619601
14801,7.638959885591594,1.8202218573741211
14802,7.638959958266199,1.82022178843415
14803,7.638960030890377,1.8202217195420154
14804,7.63896010346417,1.8202216506976832
14805,7.638960175987601,1.820221581901119
14806,7.6389602484607115,1.8202215131522903
14807,7.638960320883533,1.8202214444511655
14808,7.638960393256105,1.8202213757977095
14809,7.63896046557846,1.8202213071918907
14810,7.638960537850634,1.8202212386336745
14811,7.638960610072655,1.8202211701230298
14812,7.638960682244572,1.8202211016599215
14813,7.638960754366406,1.8202210332443183
14814,7.638960826438198,1.820220964876187
