time_min,center_concentration_uM,average_concentration_uM
0.000000000000000000e+00,1.000000000000000000e+01,1.000000000000000000e+01
1.000000000000000021e-03,9.990186440804075474e+00,9.990314630714847155e+00
2.000000000000000042e-03,9.980254373206864926e+00,9.980813050724266944e+00
3.000000000000000062e-03,9.970294711195444748e+00,9.971454153726055480e+00
4.000000000000000083e-03,9.960334099418139076e+00,9.962214092890292250e+00
5.000000000000000104e-03,9.950380283688122773e+00,9.953077550123895278e+00
6.000000000000000125e-03,9.940435503185030441e+00,9.944033839834599320e+00
7.000000000000000146e-03,9.930500398781978433e+00,9.935075021502152381e+00
8.000000000000000167e-03,9.920575148527490228e+00,9.926194908101246384e+00
9.000000000000001055e-03,9.910659796700308277e+00,9.917388504102596869e+00
1.000000000000000021e-02,9.900754348989684317e+00,9.908651664751703336e+00
1.099999999999999936e-02,9.890858799974697746e+00,9.899980877280530223e+00
1.200000000000000025e-02,9.880973141047112662e+00,9.891373113523545868e+00
1.300000000000000114e-02,9.871097362689669197e+00,9.882825726610223072e+00
1.400000000000000029e-02,9.861231455132411838e+00,9.874336376137813787e+00
1.499999999999999944e-02,9.851375408539073675e+00,9.865902972459890563e+00
1.600000000000000033e-02,9.841529213062539583e+00,9.857523634233601229e+00
1.700000000000000122e-02,9.831692858858911421e+00,9.849196655422073121e+00
1.800000000000000211e-02,9.821866336093364680e+00,9.840920479203578708e+00
1.899999999999999953e-02,9.812049634938281528e+00,9.832693677028563783e+00
2.000000000000000042e-02,9.802242745577729011e+00,9.824514931589110489e+00
2.100000000000000130e-02,9.792445658204895764e+00,9.816383022806103753e+00
2.199999999999999872e-02,9.782658363022211034e+00,9.808296816179018052e+00
2.299999999999999961e-02,9.772880850242987805e+00,9.800255253009570566e+00
2.400000000000000050e-02,9.763113110089323143e+00,9.792257342124388586e+00
2.500000000000000139e-02,9.753355132793796400e+00,9.784302152821910070e+00
2.600000000000000228e-02,9.743606908597726601e+00,9.776388808806849795e+00
2.699999999999999969e-02,9.733868427753588293e+00,9.768516482953957691e+00
2.800000000000000058e-02,9.724139680522776885e+00,9.760684392752727589e+00
2.900000000000000147e-02,9.714420657176074059e+00,9.752891796323986284e+00
2.999999999999999889e-02,9.704711347995372606e+00,9.745137988921417360e+00
3.099999999999999978e-02,9.695011743270393723e+00,9.737422299842942053e+00
3.200000000000000067e-02,9.685321833302266370e+00,9.729744089693191711e+00
3.300000000000000155e-02,9.675641608400585625e+00,9.722102747944262546e+00
3.400000000000000244e-02,9.665971058885231670e+00,9.714497690759367643e+00
3.500000000000000333e-02,9.656310175085939917e+00,9.706928359038858645e+00
3.600000000000000422e-02,9.646658947341469670e+00,9.699394216662852841e+00
3.699999999999999817e-02,9.637017366000842244e+00,9.691894748905353296e+00
3.799999999999999906e-02,9.627385421422093970e+00,9.684429460998783767e+00
3.899999999999999994e-02,9.617763103973901551e+00,9.676997876830203182e+00
4.000000000000000083e-02,9.608150404033464653e+00,9.669599537755400931e+00
4.100000000000000172e-02,9.598547311988433250e+00,9.662234001516345927e+00
4.200000000000000261e-02,9.588953818235143700e+00,9.654900841251849997e+00
4.300000000000000350e-02,9.579369913180675766e+00,9.647599644589439194e+00
4.399999999999999745e-02,9.569795587240799151e+00,9.640330012812260208e+00
4.499999999999999833e-02,9.560230830841401684e+00,9.633091560091813221e+00
4.599999999999999922e-02,9.550675634417601145e+00,9.625883912779913842e+00
4.700000000000000011e-02,9.541129988413956653e+00,9.618706708755215828e+00
4.800000000000000100e-02,9.531593883285365720e+00,9.611559596817469853e+00
4.900000000000000189e-02,9.522067309495204412e+00,9.604442236127109567e+00
5.000000000000000278e-02,9.512550257517341734e+00,9.597354295683190983e+00
5.100000000000000366e-02,9.503042717834473407e+00,9.590295453838596273e+00
5.200000000000000455e-02,9.493544680939130842e+00,9.583265397849462630e+00
5.299999999999999850e-02,9.484056137333315206e+00,9.576263823452178414e+00
5.399999999999999939e-02,9.474577077528399727e+00,9.569290434470911322e+00
5.500000000000000028e-02,9.465107492045076398e+00,9.562344942449522378e+00
5.600000000000000117e-02,9.455647371414237057e+00,9.555427066305886896e+00
5.700000000000000205e-02,9.446196706175530977e+00,9.548536532009270772e+00
5.800000000000000294e-02,9.436755486878361410e+00,9.541673072276280365e+00
5.900000000000000383e-02,9.427323704081253197e+00,9.534836426285481892e+00
5.999999999999999778e-02,9.417901348352687663e+00,9.528026339409139567e+00
6.099999999999999867e-02,9.408488410270278379e+00,9.521242562959985278e+00
6.199999999999999956e-02,9.399084880421206378e+00,9.514484853952673404e+00
6.300000000000000044e-02,9.389690749401673031e+00,9.507752974879258190e+00
6.400000000000000133e-02,9.380306007817630132e+00,9.501046693495510453e+00
6.500000000000000222e-02,9.370930646284460153e+00,9.494365782620631578e+00
6.600000000000000311e-02,9.361564655426549919e+00,9.487710019945842177e+00
6.700000000000000400e-02,9.352208025877999376e+00,9.481079187855826262e+00
6.800000000000000488e-02,9.342860748282470595e+00,9.474473073255504474e+00
6.900000000000000577e-02,9.333522813292383091e+00,9.467891467409435435e+00
7.000000000000000666e-02,9.324194211569933444e+00,9.461334165786942307e+00
7.100000000000000755e-02,9.314874933786406075e+00,9.454800967915874210e+00
7.200000000000000844e-02,9.305564970622627996e+00,9.448291677243528142e+00
7.299999999999999545e-02,9.296264312768641958e+00,9.441806101003574980e+00
7.399999999999999634e-02,9.286972950923656711e+00,9.435344050090211709e+00
7.499999999999999722e-02,9.277690875796544390e+00,9.428905338937649816e+00
7.599999999999999811e-02,9.268418078105199243e+00,9.422489785405431917e+00
7.699999999999999900e-02,9.259154548576624677e+00,9.416097210668660011e+00
7.799999999999999989e-02,9.249900277947572746e+00,9.409727439113499514e+00
7.900000000000000078e-02,9.240655256963727027e+00,9.403380298237475898e+00
8.000000000000000167e-02,9.231419476380176903e+00,9.397055618553386225e+00
8.100000000000000255e-02,9.222192926961202630e+00,9.390753233498287500e+00
8.200000000000000344e-02,9.212975599480223821e+00,9.384472979345822807e+00
8.300000000000000433e-02,9.203767484720231096e+00,9.378214695122194300e+00
8.400000000000000522e-02,9.194568573472965411e+00,9.371978222526305302e+00
8.500000000000000611e-02,9.185378856539987424e+00,9.365763405852115753e+00
8.600000000000000699e-02,9.176198324731753786e+00,9.359570091915172085e+00
8.700000000000000788e-02,9.167026968867881820e+00,9.353398129981544074e+00
8.799999999999999489e-02,9.157864779777430186e+00,9.347247371700053264e+00
8.899999999999999578e-02,9.148711748298579138e+00,9.341117671036100134e+00
8.999999999999999667e-02,9.139567865278717562e+00,9.335008884209601732e+00
9.099999999999999756e-02,9.130433121574707656e+00,9.328920869634012902e+00
9.199999999999999845e-02,9.121307508052447943e+00,9.322853487858132837e+00
9.299999999999999933e-02,9.112191015587233878e+00,9.316806601510693397e+00
9.400000000000000022e-02,9.103083635063423884e+00,9.310780075245830290e+00
9.500000000000000111e-02,9.093985357374904765e+00,9.304773775691240090e+00
9.600000000000000200e-02,9.084896173424828802e+00,9.298787571398404950e+00
9.700000000000000289e-02,9.075816074125540922e+00,9.292821332794547473e+00
9.800000000000000377e-02,9.066745050398949957e+00,9.286874932135063432e+00
9.900000000000000466e-02,9.057683093176486011e+00,9.280948243460063196e+00
1.000000000000000056e-01,9.048630193398329524e+00,9.275041142550007223e+00
1.010000000000000064e-01,9.039586342014830578e+00,9.269153506884247662e+00
1.020000000000000073e-01,9.030551529985686443e+00,9.263285215600564726e+00
1.030000000000000082e-01,9.021525748279984214e+00,9.257436149456321317e+00
1.040000000000000091e-01,9.012508987876552524e+00,9.251606190790406359e+00
1.049999999999999961e-01,9.003501239763814112e+00,9.245795223487045078e+00
1.059999999999999970e-01,8.994502494939963455e+00,9.240003132940353581e+00
1.069999999999999979e-01,8.985512744413048480e+00,9.234229806020282538e+00
1.079999999999999988e-01,8.976531979201077149e+00,9.228475131039498791e+00
1.089999999999999997e-01,8.967560190331763437e+00,9.222738997721487308e+00
1.100000000000000006e-01,8.958597368843157938e+00,9.217021297169534222e+00
1.110000000000000014e-01,8.949643505783534181e+00,9.211321921836686855e+00
1.120000000000000023e-01,8.940698592211159479e+00,9.205640765496861277e+00
1.130000000000000032e-01,8.931762619194959285e+00,9.199977723216305137e+00
1.140000000000000041e-01,8.922835577814350216e+00,9.194332691326737361e+00
1.150000000000000050e-01,8.913917459159479861e+00,9.188705567398347540e+00
1.160000000000000059e-01,8.905008254331104212e+00,9.183096250214566325e+00
1.170000000000000068e-01,8.896107954441301757e+00,9.177504639746578263e+00
1.180000000000000077e-01,8.887216550613015187e+00,9.171930637129968034e+00
1.190000000000000085e-01,8.878334033980673112e+00,9.166374144640048627e+00
1.199999999999999956e-01,8.869460395690186516e+00,9.160835065670006827e+00
1.209999999999999964e-01,8.860595626899097965e+00,9.155313304708275979e+00
1.219999999999999973e-01,8.851739718777217547e+00,9.149808767317054503e+00
1.229999999999999982e-01,8.842892662506066870e+00,9.144321360111431929e+00
1.239999999999999991e-01,8.834054449279754806e+00,9.138850990738871971e+00
1.250000000000000000e-01,8.825225070305210195e+00,9.133397567859702804e+00
1.260000000000000009e-01,8.816404516802037961e+00,9.127961001127525620e+00
1.270000000000000018e-01,8.807592780003076882e+00,9.122541201170772496e+00
1.280000000000000027e-01,8.798789851154644737e+00,9.117138079574333531e+00
1.290000000000000036e-01,8.789995721516739025e+00,9.111751548861677819e+00
1.300000000000000044e-01,8.781210382363672906e+00,9.106381522477912327e+00
1.310000000000000053e-01,8.772433824983647099e+00,9.101027914773005989e+00
1.320000000000000062e-01,8.763666040680099911e+00,9.095690640984756214e+00
1.330000000000000071e-01,8.754907020771222292e+00,9.090369617223867493e+00
1.340000000000000080e-01,8.746156756590615089e+00,9.085064760457361999e+00
1.350000000000000089e-01,8.737415239487919649e+00,9.079775988494445116e+00
1.360000000000000098e-01,8.728682460828611767e+00,9.074503219970898371e+00
1.370000000000000107e-01,8.719958411995023084e+00,9.069246374335193650e+00
1.380000000000000115e-01,8.711243084386383728e+00,9.064005371834245040e+00
1.390000000000000124e-01,8.702536469419156262e+00,9.058780133499983123e+00
1.400000000000000133e-01,8.693838558527826166e+00,9.053570581135703677e+00
1.410000000000000142e-01,8.685149343165111446e+00,9.048376637303304548e+00
1.420000000000000151e-01,8.676468814802387186e+00,9.043198225310465688e+00
1.430000000000000160e-01,8.667796964930261083e+00,9.038035269198136490e+00
1.440000000000000169e-01,8.659133785059060173e+00,9.032887693728792300e+00
1.449999999999999900e-01,8.650479266719202087e+00,9.027755424374221960e+00
1.459999999999999909e-01,8.641833401461788355e+00,9.022638387304219521e+00
1.469999999999999918e-01,8.633196180859156854e+00,9.017536509375570830e+00
1.479999999999999927e-01,8.624567596505295697e+00,9.012449718120269182e+00
1.489999999999999936e-01,8.615947640016432985e+00,9.007377941735647653e+00
1.499999999999999944e-01,8.607336303031390301e+00,9.002321109073239569e+00
1.509999999999999953e-01,8.598733577212714252e+00,8.997279149629054729e+00
1.519999999999999962e-01,8.590139454246406459e+00,8.992251993532972776e+00
1.529999999999999971e-01,8.581553925843106612e+00,8.987239571539470617e+00
1.539999999999999980e-01,8.572976983738483270e+00,8.982241815017626863e+00
1.549999999999999989e-01,8.564408619693869795e+00,8.977258655941918519e+00
1.559999999999999998e-01,8.555848825496537913e+00,8.972290026883129599e+00
1.570000000000000007e-01,8.547297592960813262e+00,8.967335860999325448e+00
1.580000000000000016e-01,8.538754913928196189e+00,8.962396092026903460e+00
1.590000000000000024e-01,8.530220780268448877e+00,8.957470654272192689e+00
1.600000000000000033e-01,8.521695183879653968e+00,8.952559482603160035e+00
1.610000000000000042e-01,8.513178116689410047e+00,8.947662512440878402e+00
1.620000000000000051e-01,8.504669570654883159e+00,8.942779679751636124e+00
1.630000000000000060e-01,8.496169537763996971e+00,8.937910921039247114e+00
1.640000000000000069e-01,8.487678010035789811e+00,8.933056173336879624e+00
1.650000000000000078e-01,8.479194979520814357e+00,8.928215374199947263e+00
1.660000000000000087e-01,8.470720438302135946e+00,8.923388461698534613e+00
1.670000000000000095e-01,8.462254378496094631e+00,8.918575374409948964e+00
1.680000000000000104e-01,8.453796792252383341e+00,8.913776051412172663e+00
1.690000000000000113e-01,8.445347671755200736e+00,8.908990432276111093e+00
1.700000000000000122e-01,8.436907009223716614e+00,8.904218457059382530e+00
1.710000000000000131e-01,8.428474796912640343e+00,8.899460066299694105e+00
1.720000000000000140e-01,8.420051027113146347e+00,8.894715201007771910e+00
1.730000000000000149e-01,8.411635692152927390e+00,8.889983802661328482e+00
1.740000000000000158e-01,8.403228784397734685e+00,8.885265813198632401e+00
1.750000000000000167e-01,8.394830296251090118e+00,8.880561175012410047e+00
1.759999999999999898e-01,8.386440220155698455e+00,8.875869830943736716e+00
1.769999999999999907e-01,8.378058548593520172e+00,8.871191724276146218e+00
1.779999999999999916e-01,8.369685274086780424e+00,8.866526798729768899e+00
1.789999999999999925e-01,8.361320389198278136e+00,8.861874998455567365e+00
1.799999999999999933e-01,8.352963886532405624e+00,8.857236268029957671e+00
1.809999999999999942e-01,8.344615758735468347e+00,8.852610552449071690e+00
1.819999999999999951e-01,8.336275998496422091e+00,8.847997797123330344e+00
1.829999999999999960e-01,8.327944598547283306e+00,8.843397947872471576e+00
1.839999999999999969e-01,8.319621551664265979e+00,8.838810950920080955e+00
1.849999999999999978e-01,8.311306850667856239e+00,8.834236752888525501e+00
1.859999999999999987e-01,8.303000488423638359e+00,8.829675300793976334e+00
1.869999999999999996e-01,8.294702457842655363e+00,8.825126542041466848e+00
1.880000000000000004e-01,8.286412751882604510e+00,8.820590424420208464e+00
1.890000000000000013e-01,8.278131363547515775e+00,8.816066896098678995e+00
1.900000000000000022e-01,8.269858285889243987e+00,8.811555905620020113e+00
1.910000000000000031e-01,8.261593512007408435e+00,8.807057401897468552e+00
1.920000000000000040e-01,8.253337035049952419e+00,8.802571334209845944e+00
1.930000000000000049e-01,8.245088848214209065e+00,8.798097652197180096e+00
1.940000000000000058e-01,8.236848944746807177e+00,8.793636305856399105e+00
1.950000000000000067e-01,8.228617317944696197e+00,8.789187245536936643e+00
1.960000000000000075e-01,8.220393961155265217e+00,8.784750421936795561e+00
1.970000000000000084e-01,8.212178867777357283e+00,8.780325786098089225e+00
1.980000000000000093e-01,8.203972031261191233e+00,8.775913289403300510e+00
1.990000000000000102e-01,8.195773445109033162e+00,8.771512883571023877e+00
2.000000000000000111e-01,8.187583102876020646e+00,8.767124520652567199e+00
2.010000000000000120e-01,8.179400998170100578e+00,8.762748153027439812e+00
2.020000000000000129e-01,8.171227124653057672e+00,8.758383733399918825e+00
2.030000000000000138e-01,8.163061476040329723e+00,8.754031214795602978e+00
2.040000000000000147e-01,8.154904046101886905e+00,8.749690550557128077e+00
2.050000000000000155e-01,8.146754828662571057e+00,8.745361694341177383e+00
2.060000000000000164e-01,8.138613817602264433e+00,8.741044600114497243e+00
2.070000000000000173e-01,8.130481006856721038e+00,8.736739222150792017e+00
2.080000000000000182e-01,8.122356390417545313e+00,8.732445515026954652e+00
2.089999999999999913e-01,8.114239962332749911e+00,8.728163433620041545e+00
2.099999999999999922e-01,8.106131716707096757e+00,8.723892933103718050e+00
2.109999999999999931e-01,8.098031647702455871e+00,8.719633968945087688e+00
2.119999999999999940e-01,8.089939749538029190e+00,8.715386496901558644e+00
2.129999999999999949e-01,8.081856016490840844e+00,8.711150473017486462e+00
2.139999999999999958e-01,8.073780442895916565e+00,8.706925853621191536e+00
2.149999999999999967e-01,8.065713023146614091e+00,8.702712595322061873e+00
2.159999999999999976e-01,8.057653751694976663e+00,8.698510655007307690e+00
2.169999999999999984e-01,8.049602623051848482e+00,8.694319989839204510e+00
2.179999999999999993e-01,8.041559631787347229e+00,8.690140557251771369e+00
2.190000000000000002e-01,8.033524772530746816e+00,8.685972314948475770e+00
2.200000000000000011e-01,8.025498039971200370e+00,8.681815220899091301e+00
2.210000000000000020e-01,8.017479428857392065e+00,8.677669233336752441e+00
2.220000000000000029e-01,8.009468933998347140e+00,8.673534310755654175e+00
2.230000000000000038e-01,8.001466550263067745e+00,8.669410411907961134e+00
2.240000000000000047e-01,7.993472272580992133e+00,8.665297495801313588e+00
2.250000000000000056e-01,7.985486095942238904e+00,8.661195521696212651e+00
2.260000000000000064e-01,7.977508015397370755e+00,8.657104449103476540e+00
2.270000000000000073e-01,7.969538026057980673e+00,8.653024237781638206e+00
2.280000000000000082e-01,7.961576123096487656e+00,8.648954847734261264e+00
2.290000000000000091e-01,7.953622301746392509e+00,8.644896239207934485e+00
2.300000000000000100e-01,7.945676557302401299e+00,8.640848372689367451e+00
2.310000000000000109e-01,7.937738885120315224e+00,8.636811208903196757e+00
2.320000000000000118e-01,7.929809280617285516e+00,8.632784708809856156e+00
2.330000000000000127e-01,7.921887739271799234e+00,8.628768833602689980e+00
2.340000000000000135e-01,7.913974256623745873e+00,8.624763544706194551e+00
2.350000000000000144e-01,7.906068828274239735e+00,8.620768803773506406e+00
2.360000000000000153e-01,7.898171449886044471e+00,8.616784572684178301e+00
2.370000000000000162e-01,7.890282117183177846e+00,8.612810813542036925e+00
2.380000000000000171e-01,7.882400825951100032e+00,8.608847488673056603e+00
2.390000000000000180e-01,7.874527572036616796e+00,8.604894560623101540e+00
2.399999999999999911e-01,7.866662351347926574e+00,8.600951992155900783e+00
2.409999999999999920e-01,7.858805159854376221e+00,8.597019746251007177e+00
2.419999999999999929e-01,7.850955993586683057e+00,8.593097786101626667e+00
2.429999999999999938e-01,7.843114848636627556e+00,8.589186075112761998e+00
2.439999999999999947e-01,7.835281721156907686e+00,8.585284576899001152e+00
2.449999999999999956e-01,7.827456607361379604e+00,8.581393255282899091e+00
2.459999999999999964e-01,7.819639503524609125e+00,8.577512074292629407e+00
2.469999999999999973e-01,7.811830405981868175e+00,8.573640998160337645e+00
2.479999999999999982e-01,7.804029311129024649e+00,8.569779991320240597e+00
2.489999999999999991e-01,7.796236215422322147e+00,8.565929018406691853e+00
2.500000000000000000e-01,7.788451115378322243e+00,8.562088044252265107e+00
2.510000000000000009e-01,7.780674007573583850e+00,8.558257033886256693e+00
2.520000000000000018e-01,7.772904888644662336e+00,8.554435952532543297e+00
2.530000000000000027e-01,7.765143755287727600e+00,8.550624765607910405e+00
2.540000000000000036e-01,7.757390604258447731e+00,8.546823438720615229e+00
2.550000000000000044e-01,7.749645432371873532e+00,8.543031937668258635e+00
2.560000000000000053e-01,7.741908236502031748e+00,8.539250228436264578e+00
2.570000000000000062e-01,7.734179013581766071e+00,8.535478277196212105e+00
2.580000000000000071e-01,7.726457760602492009e+00,8.531716050304197552e+00
2.590000000000000080e-01,7.718744474613935758e+00,8.527963514299210956e+00
2.600000000000000089e-01,7.711039152723904166e+00,8.524220635901382792e+00
2.610000000000000098e-01,7.703341792097949003e+00,8.520487382010646371e+00
2.620000000000000107e-01,7.695652389959052542e+00,8.516763719705046753e+00
2.630000000000000115e-01,7.687970943587377093e+00,8.513049616239074524e+00
2.640000000000000124e-01,7.680297450320054509e+00,8.509345039042283787e+00
2.650000000000000133e-01,7.672631907550699459e+00,8.505649955717823119e+00
2.660000000000000142e-01,7.664974312729117223e+00,8.501964334040751581e+00
2.670000000000000151e-01,7.657324663361110062e+00,8.498288141956823694e+00
2.680000000000000160e-01,7.649682957007936324e+00,8.494621347580700643e+00
2.690000000000000169e-01,7.642049191286133691e+00,8.490963919195035459e+00
2.700000000000000178e-01,7.634423363867068879e+00,8.487315825248373358e+00
2.710000000000000187e-01,7.626805472476521075e+00,8.483677034354398572e+00
2.720000000000000195e-01,7.619195514894467003e+00,8.480047515290062066e+00
2.730000000000000204e-01,7.611593488954544462e+00,8.476427236994563685e+00
2.740000000000000213e-01,7.603999392543733471e+00,8.472816168567803174e+00
2.750000000000000222e-01,7.596413223601945042e+00,8.469214279269124290e+00
2.760000000000000231e-01,7.588834980121662355e+00,8.465621538515948785e+00
2.770000000000000240e-01,7.581264660147366108e+00,8.462037915882504535e+00
2.780000000000000249e-01,7.573702261775354216e+00,8.458463381098617617e+00
2.790000000000000258e-01,7.566147783153104989e+00,8.454897904048202406e+00
2.800000000000000266e-01,7.558601222479016890e+00,8.451341454768408923e+00
2.810000000000000275e-01,7.551062578001801917e+00,8.447794003447910427e+00
2.820000000000000284e-01,7.543531848020150754e+00,8.444255520426120043e+00
2.830000000000000293e-01,7.536009030882292237e+00,8.440725976191547630e+00
2.840000000000000302e-01,7.528494124985475544e+00,8.437205341381018187e+00
2.850000000000000311e-01,7.520987128775472819e+00,8.433693586778229445e+00
2.860000000000000320e-01,7.513488040746245211e+00,8.430190683312607902e+00
2.870000000000000329e-01,7.505996859439393099e+00,8.426696602058287411e+00
2.880000000000000338e-01,7.498513583443625841e+00,8.423211314232792901e+00
2.889999999999999791e-01,7.491038211394346114e+00,8.419734791196047397e+00
2.899999999999999800e-01,7.483570741973199603e+00,8.416267004449276001e+00
2.909999999999999809e-01,7.476111173907443508e+00,8.412807925633570605e+00
2.919999999999999818e-01,7.468659505969585055e+00,8.409357526529326776e+00
2.929999999999999827e-01,7.461215736976788193e+00,8.405915779054796033e+00
2.939999999999999836e-01,7.453779865790474801e+00,8.402482655265126610e+00
2.949999999999999845e-01,7.446351891315694083e+00,8.399058127351315406e+00
2.959999999999999853e-01,7.438931812500650942e+00,8.395642167639104869e+00
2.969999999999999862e-01,7.431519628336213934e+00,8.392234748588048632e+00
2.979999999999999871e-01,7.424115337855383245e+00,8.388835842790378194e+00
2.989999999999999880e-01,7.416718940132757787e+00,8.385445422970237317e+00
2.999999999999999889e-01,7.409330434284013833e+00,8.382063461982221853e+00
3.009999999999999898e-01,7.401949819465353464e+00,8.378689932810926777e+00
3.019999999999999907e-01,7.394577094872974321e+00,8.375324808569656554e+00
3.029999999999999916e-01,7.387212259742599763e+00,8.371968062499435703e+00
3.039999999999999925e-01,7.379855313348810952e+00,8.368619667968239639e+00
3.049999999999999933e-01,7.372506255004647180e+00,8.365279598469967937e+00
3.059999999999999942e-01,7.365165084060947720e+00,8.361947827623362528e+00
3.069999999999999951e-01,7.357831799905906855e+00,8.358624329171451706e+00
3.079999999999999960e-01,7.350506401964348235e+00,8.355309076980194760e+00
3.089999999999999969e-01,7.343188889697450428e+00,8.352002045037922429e+00
3.099999999999999978e-01,7.335879262601902262e+00,8.348703207454224895e+00
3.109999999999999987e-01,7.328577520209580420e+00,8.345412538459180851e+00
3.119999999999999996e-01,7.321283662086879751e+00,8.342130012402494188e+00
3.130000000000000004e-01,7.313997687834065786e+00,8.338855603752548973e+00
3.140000000000000013e-01,7.306719597085020723e+00,8.335589287095583444e+00
3.150000000000000022e-01,7.299449389506367680e+00,8.332331037134800056e+00
3.160000000000000031e-01,7.292187064797007068e+00,8.329080828689811256e+00
3.170000000000000040e-01,7.284932622687672499e+00,8.325838636695229056e+00
3.180000000000000049e-01,7.277686062940181166e+00,8.322604436200434108e+00
3.190000000000000058e-01,7.270447385347066138e+00,8.319378202368435282e+00
3.200000000000000067e-01,7.263216589730804529e+00,8.316159910475144912e+00
3.210000000000000075e-01,7.255993675943442689e+00,8.312949535908527920e+00
3.220000000000000084e-01,7.248778643865953164e+00,8.309747054168006741e+00
3.230000000000000093e-01,7.241571493407600535e+00,8.306552440863441689e+00
3.240000000000000102e-01,7.234372224505492888e+00,8.303365671714496798e+00
3.250000000000000111e-01,7.227180837123977852e+00,8.300186722549744545e+00
3.260000000000000120e-01,7.219997331254040418e+00,8.297015569306159577e+00
3.270000000000000129e-01,7.212821706912814435e+00,8.293852188028086658e+00
3.280000000000000138e-01,7.205653964142945789e+00,8.290696554866661572e+00
3.290000000000000147e-01,7.198494103012010648e+00,8.287548646079049064e+00
3.300000000000000155e-01,7.191342123612065151e+00,8.284408438027689670e+00
3.310000000000000164e-01,7.184198026059037900e+00,8.281275907179665552e+00
3.320000000000000173e-01,7.177061810492065597e+00,8.278151030105707520e+00
3.330000000000000182e-01,7.169933477073112016e+00,8.275033783479972982e+00
3.340000000000000191e-01,7.162813025986205062e+00,8.271924144078891317e+00
3.350000000000000200e-01,7.155700457437072615e+00,8.268822088780741097e+00
3.360000000000000209e-01,7.148595771652466624e+00,8.265727594564806324e+00
3.370000000000000218e-01,7.141498968879613329e+00,8.262640638510818647e+00
3.380000000000000226e-01,7.134410049385721209e+00,8.259561197798282350e+00
3.390000000000000235e-01,7.127329013457419649e+00,8.256489249705621702e+00
3.400000000000000244e-01,7.120255861400090147e+00,8.253424771609761734e+00
3.410000000000000253e-01,7.113190593537448869e+00,8.250367740985439013e+00
3.420000000000000262e-01,7.106133210210943574e+00,8.247318135404357875e+00
3.430000000000000271e-01,7.099083711779270445e+00,8.244275932534732121e+00
3.440000000000000280e-01,7.092042098617665324e+00,8.241241110140654413e+00
3.450000000000000289e-01,7.085008371117553772e+00,8.238213646081407049e+00
3.460000000000000298e-01,7.077982529685880486e+00,8.235193518310753191e+00
3.470000000000000306e-01,7.070964574744638576e+00,8.232180704876578048e+00
3.480000000000000315e-01,7.063954506730281580e+00,8.229175183919966940e+00
3.490000000000000324e-01,7.056952326093202110e+00,8.226176933674887337e+00
3.500000000000000333e-01,7.049958033297227367e+00,8.223185932467254489e+00
3.510000000000000342e-01,7.042971628819099550e+00,8.220202158714808860e+00
3.519999999999999796e-01,7.035993113147804401e+00,8.217225590926151568e+00
3.529999999999999805e-01,7.029022486784291424e+00,8.214256207700199042e+00
3.539999999999999813e-01,7.022059750240709164e+00,8.211293987725781562e+00
3.549999999999999822e-01,7.015104904040038392e+00,8.208338909780831472e+00
3.559999999999999831e-01,7.008157948715474816e+00,8.205390952732047438e+00
3.569999999999999840e-01,7.001218884810033849e+00,8.202450095534231878e+00
3.579999999999999849e-01,6.994287712875918217e+00,8.199516317229704754e+00
3.589999999999999858e-01,6.987364433474017034e+00,8.196589596947820411e+00
3.599999999999999867e-01,6.980449047173459043e+00,8.193669913904404467e+00
3.609999999999999876e-01,6.973541554551082378e+00,8.190757247401164065e+00
3.619999999999999885e-01,6.966641956190936291e+00,8.187851576825185163e+00
3.629999999999999893e-01,6.959750252683741145e+00,8.184952881648390743e+00
3.639999999999999902e-01,6.952866444626434550e+00,8.182061141427098505e+00
3.649999999999999911e-01,6.945990532621670432e+00,8.179176335801354725e+00
3.659999999999999920e-01,6.939122517277292346e+00,8.176298444494497275e+00
3.669999999999999929e-01,6.932262399205924019e+00,8.173427447312663574e+00
3.679999999999999938e-01,6.925410179024337864e+00,8.170563324144200834e+00
3.689999999999999947e-01,6.918565857353175197e+00,8.167706054959264605e+00
3.699999999999999956e-01,6.911729434816323625e+00,8.164855619809252119e+00
3.709999999999999964e-01,6.904900912040445426e+00,8.162011998826329773e+00
3.719999999999999973e-01,6.898080289654547670e+00,8.159175172222917993e+00
3.729999999999999982e-01,6.891267568289540790e+00,8.156345120291220496e+00
3.739999999999999991e-01,6.884462748577668378e+00,8.153521823402813951e+00
3.750000000000000000e-01,6.877665831152159015e+00,8.150705262008015595e+00
3.760000000000000009e-01,6.870876816646698693e+00,8.147895416635535071e+00
3.770000000000000018e-01,6.864095705694988503e+00,8.145092267892012572e+00
3.780000000000000027e-01,6.857322498930338739e+00,8.142295796461429092e+00
3.790000000000000036e-01,6.850557196985085362e+00,8.139505983104733389e+00
3.800000000000000044e-01,6.843799800490335095e+00,8.136722808659451189e+00
3.810000000000000053e-01,6.837050310075356130e+00,8.133946254039058132e+00
3.820000000000000062e-01,6.830308726367243288e+00,8.131176300232716869e+00
3.830000000000000071e-01,6.823575049990425967e+00,8.128412928304690865e+00
3.840000000000000080e-01,6.816849281566300434e+00,8.125656119393930510e+00
3.850000000000000089e-01,6.810131421712639188e+00,8.122905854713739160e+00
3.860000000000000098e-01,6.803421471043471946e+00,8.120162115551170956e+00
3.870000000000000107e-01,6.796719430168312037e+00,8.117424883266760816e+00
3.880000000000000115e-01,6.790025299691929916e+00,8.114694139293943564e+00
3.890000000000000124e-01,6.783339080214043193e+00,8.111969865138794589e+00
3.900000000000000133e-01,6.776660772328601645e+00,8.109252042379447190e+00
3.910000000000000142e-01,6.769990376623673534e+00,8.106540652665820801e+00
3.920000000000000151e-01,6.763327893680870062e+00,8.103835677719075647e+00
3.930000000000000160e-01,6.756673324075014975e+00,8.101137099331308988e+00
3.940000000000000169e-01,6.750026668373748429e+00,8.098444899365109251e+00
3.950000000000000178e-01,6.743387927137090898e+00,8.095759059753120823e+00
3.960000000000000187e-01,6.736757100917109220e+00,8.093079562497711876e+00
3.970000000000000195e-01,6.730134190257507143e+00,8.090406389670500076e+00
3.980000000000000204e-01,6.723519195693222983e+00,8.087739523412032838e+00
3.990000000000000213e-01,6.716912117750126754e+00,8.085078945931320149e+00
4.000000000000000222e-01,6.710312956944519236e+00,8.082424639505575215e+00
4.010000000000000231e-01,6.703721713782889502e+00,8.079776586479637146e+00
4.020000000000000240e-01,6.697138388761468164e+00,8.077134769265780889e+00
4.030000000000000249e-01,6.690562982365941380e+00,8.074499170343232279e+00
4.040000000000000258e-01,6.683995495071007653e+00,8.071869772257800335e+00
4.050000000000000266e-01,6.677435927340041211e+00,8.069246557621559290e+00
4.060000000000000275e-01,6.670884279624821112e+00,8.066629509112438257e+00
4.070000000000000284e-01,6.664340552365068504e+00,8.064018609473817989e+00
4.080000000000000293e-01,6.657804745988182837e+00,8.061413841514287526e+00
4.090000000000000302e-01,6.651276860908893696e+00,8.058815188107146810e+00
4.100000000000000311e-01,6.644756897528887762e+00,8.056222632190157995e+00
4.110000000000000320e-01,6.638244856236456215e+00,8.053636156765104914e+00
4.120000000000000329e-01,6.631740737406300212e+00,8.051055744897514188e+00
4.130000000000000338e-01,6.625244541399060161e+00,8.048481379716248441e+00
4.140000000000000346e-01,6.618756268561036826e+00,8.045913044413223858e+00
4.150000000000000355e-01,6.612275919223922216e+00,8.043350722242994522e+00
4.160000000000000364e-01,6.605803493704415885e+00,8.040794396522452203e+00
4.169999999999999818e-01,6.599338992303962037e+00,8.038244050630487081e+00
4.179999999999999827e-01,6.592882415308441324e+00,8.035699668007678653e+00
4.189999999999999836e-01,6.586433762987851104e+00,8.033161232155894282e+00
4.199999999999999845e-01,6.579993035596022999e+00,8.030628726637994319e+00
4.209999999999999853e-01,6.573560233370270289e+00,8.028102135077533674e+00
4.219999999999999862e-01,6.567135356531237811e+00,8.025581441158413654e+00
4.229999999999999871e-01,6.560718405282396581e+00,8.023066628624516028e+00
4.239999999999999880e-01,6.554309379810010050e+00,8.020557681279468554e+00
4.249999999999999889e-01,6.547908280282632276e+00,8.018054582986261281e+00
4.259999999999999898e-01,6.541515106850988914e+00,8.015557317666942794e+00
4.269999999999999907e-01,6.535129859647613948e+00,8.013065869302337774e+00
4.279999999999999916e-01,6.528752538786607218e+00,8.010580221931721923e+00
4.289999999999999925e-01,6.522383144363431029e+00,8.008100359652466693e+00
4.299999999999999933e-01,6.516021676454468725e+00,8.005626266619795928e+00
4.309999999999999942e-01,6.509668135116999821e+00,8.003157927046473219e+00
4.319999999999999951e-01,6.503322520388793215e+00,8.000695325202482167e+00
4.329999999999999960e-01,6.496984832287851397e+00,7.998238445414694198e+00
4.339999999999999969e-01,6.490655070812273664e+00,7.995787272066675833e+00
4.349999999999999978e-01,6.484333235939886642e+00,7.993341789598276570e+00
4.359999999999999987e-01,6.478019327628113722e+00,7.990901982505390855e+00
4.369999999999999996e-01,6.471713345813637552e+00,7.988467835339704060e+00
4.380000000000000004e-01,6.465415290412256155e+00,7.986039332708312344e+00
4.390000000000000013e-01,6.459125161318568509e+00,7.983616459273548571e+00
4.400000000000000022e-01,6.452842958405813789e+00,7.981199199752577300e+00
4.410000000000000031e-01,6.446568681525622679e+00,7.978787538917210931e+00
4.420000000000000040e-01,6.440302330507818418e+00,7.976381461593580191e+00
4.430000000000000049e-01,6.434043905160134358e+00,7.973980952661890775e+00
4.440000000000000058e-01,6.427793405268109161e+00,7.971585997056100936e+00
4.450000000000000067e-01,6.421550830594757286e+00,7.969196579763679011e+00
4.460000000000000075e-01,6.415316180880471286e+00,7.966812685825314766e+00
4.470000000000000084e-01,6.409089455842748251e+00,7.964434300334700900e+00
4.480000000000000093e-01,6.402870655175997960e+00,7.962061408438191101e+00
4.490000000000000102e-01,6.396659778551405218e+00,7.959693995334577110e+00
4.500000000000000111e-01,6.390456825616683822e+00,7.957332046274813386e+00
4.510000000000000120e-01,6.384261795995850086e+00,7.954975546561732891e+00
4.520000000000000129e-01,6.378074689289134902e+00,7.952624481549849023e+00
4.530000000000000138e-01,6.371895505072719956e+00,7.950278836645058966e+00
4.540000000000000147e-01,6.365724242898647134e+00,7.947938597304342601e+00
4.550000000000000155e-01,6.359560902294494333e+00,7.945603749035614172e+00
4.560000000000000164e-01,6.353405482763385237e+00,7.943274277397344818e+00
4.570000000000000173e-01,6.347257983783656243e+00,7.940950167998416021e+00
4.580000000000000182e-01,6.341118404808788078e+00,7.938631406497784759e+00
4.590000000000000191e-01,6.334986745267229935e+00,7.936317978604353840e+00
4.600000000000000200e-01,6.328863004562195194e+00,7.934009870076570436e+00
4.610000000000000209e-01,6.322747182071568162e+00,7.931707066722306188e+00
4.620000000000000218e-01,6.316639277147661602e+00,7.929409554398570315e+00
4.630000000000000226e-01,6.310539289117168771e+00,7.927117319011224517e+00
4.640000000000000235e-01,6.304447217280976012e+00,7.924830346514854185e+00
4.650000000000000244e-01,6.298363060913918510e+00,7.922548622912412242e+00
4.660000000000000253e-01,6.292286819264849562e+00,7.920272134255066376e+00
4.670000000000000262e-01,6.286218491556300414e+00,7.918000866641902391e+00
4.680000000000000271e-01,6.280158076984443838e+00,7.915734806219765218e+00
4.690000000000000280e-01,6.274105574718964462e+00,7.913473939182968486e+00
4.700000000000000289e-01,6.268060983902850047e+00,7.911218251773068921e+00
4.710000000000000298e-01,6.262024303652399482e+00,7.908967730278642527e+00
4.720000000000000306e-01,6.255995533056943891e+00,7.906722361035093627e+00
4.730000000000000315e-01,6.249974671178853747e+00,7.904482130424415054e+00
4.740000000000000324e-01,6.243961717053332805e+00,7.902247024874915482e+00
4.750000000000000333e-01,6.237956669688374589e+00,7.900017030861060441e+00
4.760000000000000342e-01,6.231959528064586529e+00,7.897792134903204087e+00
4.770000000000000351e-01,6.225970291135107360e+00,7.895572323567419559e+00
4.780000000000000360e-01,6.219988957825521858e+00,7.893357583465267169e+00
4.790000000000000369e-01,6.214015527033705411e+00,7.891147901253487973e+00
4.799999999999999822e-01,6.208049997629772498e+00,7.888943263633988678e+00
4.809999999999999831e-01,6.202092368455934590e+00,7.886743657353401105e+00
4.819999999999999840e-01,6.196142638326486818e+00,7.884549069203036886e+00
4.829999999999999849e-01,6.190200806027581493e+00,7.882359486018580164e+00
4.839999999999999858e-01,6.184266870317227216e+00,7.880174894679964126e+00
4.849999999999999867e-01,6.178340829925214273e+00,7.877995282111067255e+00
4.859999999999999876e-01,6.172422683552962752e+00,7.875820635279586313e+00
4.869999999999999885e-01,6.166512429873511003e+00,7.873650941196790320e+00
4.879999999999999893e-01,6.160610067531380629e+00,7.871486186917311834e+00
4.889999999999999902e-01,6.154715595142494777e+00,7.869326359538984406e+00
4.899999999999999911e-01,6.148829011294179026e+00,7.867171446202631202e+00
4.909999999999999920e-01,6.142950314544993518e+00,7.865021434091805652e+00
4.919999999999999929e-01,6.137079503424742732e+00,7.862876310432670657e+00
4.929999999999999938e-01,6.131216576434296961e+00,7.860736062493772103e+00
4.939999999999999947e-01,6.125361532045664248e+00,7.858600677585847016e+00
4.949999999999999956e-01,6.119514368701888252e+00,7.856470143061601519e+00
4.959999999999999964e-01,6.113675084816881267e+00,7.854344446315550066e+00
4.969999999999999973e-01,6.107843678775494389e+00,7.852223574783835147e+00
4.979999999999999982e-01,6.102020148933458898e+00,7.850107515943996361e+00
4.989999999999999991e-01,6.096204493617167763e+00,7.847996257314769686e+00
5.000000000000000000e-01,6.090396711123872819e+00,7.845889786456035964e+00
5.010000000000000009e-01,6.084596799721446736e+00,7.843788090968399906e+00
5.020000000000000018e-01,6.078804757648414103e+00,7.841691158493200753e+00
5.030000000000000027e-01,6.073020583113860837e+00,7.839598976712280454e+00
5.040000000000000036e-01,6.067244274297480366e+00,7.837511533347719883e+00
5.050000000000000044e-01,6.061475829349451949e+00,7.835428816161758014e+00
5.060000000000000053e-01,6.055715246390422024e+00,7.833350812956566322e+00
5.070000000000000062e-01,6.049962523511467793e+00,7.831277511574025851e+00
5.080000000000000071e-01,6.044217658774091007e+00,7.829208899895679252e+00
5.090000000000000080e-01,6.038480650210209077e+00,7.827144965842384394e+00
5.100000000000000089e-01,6.032751495821965904e+00,7.825085697374285942e+00
5.110000000000000098e-01,6.027030193581958351e+00,7.823031082490529364e+00
5.120000000000000107e-01,6.021316741432989339e+00,7.820981109229148132e+00
5.130000000000000115e-01,6.015611137288178867e+00,7.818935765666914506e+00
5.140000000000000124e-01,6.009913379030887626e+00,7.816895039919039334e+00
5.150000000000000133e-01,6.004223464514694797e+00,7.814858920139189813e+00
5.160000000000000142e-01,5.998541391563396274e+00,7.812827394519137769e+00
5.170000000000000151e-01,5.992867157971030423e+00,7.810800451288729462e+00
5.180000000000000160e-01,5.987200761501791035e+00,7.808778078715619131e+00
5.190000000000000169e-01,5.981542199890047762e+00,7.806760265105156193e+00
5.200000000000000178e-01,5.975891470840373643e+00,7.804746998800244029e+00
5.210000000000000187e-01,5.970248572027439415e+00,7.802738268181071746e+00
5.220000000000000195e-01,5.964613501096154735e+00,7.800734061665063557e+00
5.230000000000000204e-01,5.958986255661535836e+00,7.798734367706630088e+00
5.240000000000000213e-01,5.953366833308760597e+00,7.796739174797107097e+00
5.250000000000000222e-01,5.947755231593167657e+00,7.794748471464473027e+00
5.260000000000000231e-01,5.942151448040263517e+00,7.792762246273263749e+00
5.270000000000000240e-01,5.936555480145689678e+00,7.790780487824408240e+00
5.280000000000000249e-01,5.930967325375276822e+00,7.788803184755032305e+00
5.290000000000000258e-01,5.925386981165036815e+00,7.786830325738394620e+00
5.300000000000000266e-01,5.919814444921145835e+00,7.784861899483578540e+00
5.310000000000000275e-01,5.914249714019984339e+00,7.782897894735498312e+00
5.320000000000000284e-01,5.908692785808147718e+00,7.780938300274613972e+00
5.330000000000000293e-01,5.903143657602443639e+00,7.778983104916889602e+00
5.340000000000000302e-01,5.897602326689945329e+00,7.777032297513531311e+00
5.350000000000000311e-01,5.892068790327961381e+00,7.775085866950920632e+00
5.360000000000000320e-01,5.886543045744054403e+00,7.773143802150437764e+00
5.370000000000000329e-01,5.881025090136138722e+00,7.771206092068291049e+00
5.380000000000000338e-01,5.875514920672400443e+00,7.769272725695401505e+00
5.390000000000000346e-01,5.870012534491441336e+00,7.767343692057215421e+00
5.400000000000000355e-01,5.864517928702136729e+00,7.765418980213599554e+00
5.410000000000000364e-01,5.859031100383841562e+00,7.763498579258685695e+00
5.420000000000000373e-01,5.853552046586287361e+00,7.761582478320668166e+00
5.430000000000000382e-01,5.848080764329674608e+00,7.759670666561738983e+00
5.440000000000000391e-01,5.842617250604732249e+00,7.757763133177927983e+00
5.450000000000000400e-01,5.837161502372643085e+00,7.755859867398925189e+00
5.460000000000000409e-01,5.831713516565208089e+00,7.753960858487937813e+00
5.470000000000000417e-01,5.826273290084785117e+00,7.752066095741615648e+00
5.480000000000000426e-01,5.820840819804375066e+00,7.750175568489815703e+00
5.490000000000000435e-01,5.815416102567657397e+00,7.748289266095525818e+00
5.500000000000000444e-01,5.809999135188973263e+00,7.746407177954739431e+00
5.510000000000000453e-01,5.804589914453503141e+00,7.744529293496245081e+00
5.520000000000000462e-01,5.799188437117140715e+00,7.742655602181571339e+00
5.530000000000000471e-01,5.793794699906626100e+00,7.740786093504770093e+00
5.540000000000000480e-01,5.788408699519652423e+00,7.738920756992362371e+00
5.550000000000000488e-01,5.783030432624764572e+00,7.737059582203148267e+00
5.560000000000000497e-01,5.777659895861520845e+00,7.735202558728120792e+00
5.570000000000000506e-01,5.772297085840516040e+00,7.733349676190223398e+00
5.580000000000000515e-01,5.766941999143399222e+00,7.731500924244361528e+00
5.590000000000000524e-01,5.761594632322948328e+00,7.729656292577200993e+00
5.600000000000000533e-01,5.756254981903183854e+00,7.727815770907022319e+00
5.610000000000000542e-01,5.750923044379278259e+00,7.725979348983601724e+00
5.620000000000000551e-01,5.745598816217739824e+00,7.724147016588120529e+00
5.630000000000000560e-01,5.740282293856441065e+00,7.722318763532971531e+00
5.640000000000000568e-01,5.734973473704648050e+00,7.720494579661695056e+00
5.650000000000000577e-01,5.729672352143071024e+00,7.718674454848784450e+00
5.660000000000000586e-01,5.724378925523995854e+00,7.716858378999623014e+00
5.670000000000000595e-01,5.719093190171220087e+00,7.715046342050324135e+00
5.680000000000000604e-01,5.713815142380282985e+00,7.713238333967632698e+00
5.690000000000000613e-01,5.708544778418365162e+00,7.711434344748743008e+00
5.700000000000000622e-01,5.703282094524445789e+00,7.709634364421227737e+00
5.710000000000000631e-01,5.698027086909323025e+00,7.707838383042910912e+00
5.720000000000000639e-01,5.692779751755778328e+00,7.706046390701732030e+00
5.730000000000000648e-01,5.687540085218485864e+00,7.704258377515630585e+00
5.740000000000000657e-01,5.682308083424215894e+00,7.702474333632388870e+00
5.750000000000000666e-01,5.677083742471824124e+00,7.700694249229624866e+00
5.760000000000000675e-01,5.671867058432317421e+00,7.698918114514481381e+00
5.769999999999999574e-01,5.666658027349047444e+00,7.697145919723697105e+00
5.779999999999999583e-01,5.661456645237616492e+00,7.695377655123391669e+00
5.789999999999999591e-01,5.656262908086049812e+00,7.693613311008941302e+00
5.799999999999999600e-01,5.651076811854848003e+00,7.691852877704925540e+00
5.809999999999999609e-01,5.645898352477045634e+00,7.690096345564934488e+00
5.819999999999999618e-01,5.640727525858336477e+00,7.688343704971527970e+00
5.829999999999999627e-01,5.635564327877063739e+00,7.686594946336019696e+00
5.839999999999999636e-01,5.630408754384392367e+00,7.684850060098489699e+00
5.849999999999999645e-01,5.625260801204310823e+00,7.683109036727578278e+00
5.859999999999999654e-01,5.620120464133776750e+00,7.681371866720393626e+00
5.869999999999999662e-01,5.614987738942705420e+00,7.679638540602415908e+00
5.879999999999999671e-01,5.609862621374182901e+00,7.677909048927364033e+00
5.889999999999999680e-01,5.604745107144405658e+00,7.676183382277105949e+00
5.899999999999999689e-01,5.599635191942875068e+00,7.674461531261528968e+00
5.909999999999999698e-01,5.594532871432379650e+00,7.672743486518454503e+00
5.919999999999999707e-01,5.589438141249224223e+00,7.671029238713469312e+00
5.929999999999999716e-01,5.584350997003126871e+00,7.669318778539922832e+00
5.939999999999999725e-01,5.579271434277459640e+00,7.667612096718694481e+00
5.949999999999999734e-01,5.574199448629255649e+00,7.665909183998155463e+00
5.959999999999999742e-01,5.569135035589305005e+00,7.664210031154102154e+00
5.969999999999999751e-01,5.564078190662281820e+00,7.662514628989512744e+00
5.979999999999999760e-01,5.559028909326767298e+00,7.660822968334607630e+00
5.989999999999999769e-01,5.553987187035407835e+00,7.659135040046592735e+00
5.999999999999999778e-01,5.548953019214974525e+00,7.657450835009711909e+00
6.009999999999999787e-01,5.543926401266398685e+00,7.655770344134943173e+00
6.019999999999999796e-01,5.538907328564960153e+00,7.654093558360110627e+00
6.029999999999999805e-01,5.533895796460289951e+00,7.652420468649595797e+00
6.039999999999999813e-01,5.528891800276571011e+00,7.650751065994376710e+00
6.049999999999999822e-01,5.523895335312478672e+00,7.649085341411839600e+00
6.059999999999999831e-01,5.518906396841425810e+00,7.647423285945672333e+00
6.069999999999999840e-01,5.513924980111531760e+00,7.645764890665845748e+00
6.079999999999999849e-01,5.508951080345810603e+00,7.644110146668419148e+00
6.089999999999999858e-01,5.503984692742233342e+00,7.642459045075509216e+00
6.099999999999999867e-01,5.499025812473771424e+00,7.640811577035147906e+00
6.109999999999999876e-01,5.494074434688585917e+00,7.639167733721182074e+00
6.119999999999999885e-01,5.489130554510031068e+00,7.637527506333221083e+00
6.129999999999999893e-01,5.484194167036839929e+00,7.635890886096493801e+00
6.139999999999999902e-01,5.479265267343155443e+00,7.634257864261755344e+00
6.149999999999999911e-01,5.474343850478626372e+00,7.632628432105193816e+00
6.159999999999999920e-01,5.469429911468572492e+00,7.631002580928364587e+00
6.169999999999999929e-01,5.464523445314016570e+00,7.629380302058057950e+00
6.179999999999999938e-01,5.459624446991791835e+00,7.627761586846215636e+00
6.189999999999999947e-01,5.454732911454692079e+00,7.626146426669801137e+00
6.199999999999999956e-01,5.449848833631487643e+00,7.624534812930791716e+00
6.209999999999999964e-01,5.444972208427110161e+00,7.622926737055981228e+00
6.219999999999999973e-01,5.440103030722721833e+00,7.621322190496983673e+00
6.229999999999999982e-01,5.435241295375756287e+00,7.619721164730050234e+00
6.239999999999999991e-01,5.430386997220110423e+00,7.618123651256033746e+00
6.250000000000000000e-01,5.425540131066258098e+00,7.616529641600275014e+00
6.260000000000000009e-01,5.420700691701187957e+00,7.614939127312524647e+00
6.270000000000000018e-01,5.415868673888730278e+00,7.613352099966847142e+00
6.280000000000000027e-01,5.411044072369490365e+00,7.611768551161525842e+00
6.290000000000000036e-01,5.406226881861048383e+00,7.610188472518939484e+00
6.300000000000000044e-01,5.401417097057986005e+00,7.608611855685551539e+00
6.310000000000000053e-01,5.396614712632102240e+00,7.607038692331744123e+00
6.320000000000000062e-01,5.391819723232345929e+00,7.605468974151773587e+00
6.330000000000000071e-01,5.387032123485106183e+00,7.603902692863663049e+00
6.340000000000000080e-01,5.382251907994222151e+00,7.602339840209141109e+00
6.350000000000000089e-01,5.377479071341055850e+00,7.600780407953487305e+00
6.360000000000000098e-01,5.372713608084657366e+00,7.599224387885523235e+00
6.370000000000000107e-01,5.367955512761890979e+00,7.597671771817469555e+00
6.380000000000000115e-01,5.363204779887464468e+00,7.596122551584919336e+00
6.390000000000000124e-01,5.358461403954073887e+00,7.594576719046661317e+00
6.400000000000000133e-01,5.353725379432540343e+00,7.593034266084689676e+00
6.410000000000000142e-01,5.348996700771850854e+00,7.591495184604059254e+00
6.420000000000000151e-01,5.344275362399322660e+00,7.589959466532813614e+00
6.430000000000000160e-01,5.339561358720686712e+00,7.588427103821924646e+00
6.440000000000000169e-01,5.334854684120203139e+00,7.586898088445172661e+00
6.450000000000000178e-01,5.330155332960761605e+00,7.585372412399075337e+00
6.460000000000000187e-01,5.325463299583971022e+00,7.583850067702819331e+00
6.470000000000000195e-01,5.320778578310303430e+00,7.582331046398187446e+00
6.480000000000000204e-01,5.316101163439190813e+00,7.580815340549388992e+00
6.490000000000000213e-01,5.311431049249121905e+00,7.579302942243119290e+00
6.500000000000000222e-01,5.306768229997750552e+00,7.577793843588344735e+00
6.510000000000000231e-01,5.302112699922024497e+00,7.576288036716339214e+00
6.520000000000000240e-01,5.297464453238277748e+00,7.574785513780509127e+00
6.530000000000000249e-01,5.292823484142313184e+00,7.573286266956323232e+00
6.540000000000000258e-01,5.288189786809599724e+00,7.571790288441309968e+00
6.550000000000000266e-01,5.283563355395273220e+00,7.570297570454889602e+00
6.560000000000000275e-01,5.278944184034318532e+00,7.568808105238370665e+00
6.570000000000000284e-01,5.274332266841651240e+00,7.567321885054789199e+00
6.580000000000000293e-01,5.269727597912215344e+00,7.565838902188886550e+00
6.590000000000000302e-01,5.265130171321152019e+00,7.564359148947033873e+00
6.600000000000000311e-01,5.260539981123818265e+00,7.562882617657109563e+00
6.610000000000000320e-01,5.255957021355998293e+00,7.561409300668486821e+00
6.620000000000000329e-01,5.251381286033889317e+00,7.559939190351886218e+00
6.630000000000000338e-01,5.246812769154340472e+00,7.558472279099357038e+00
6.640000000000000346e-01,5.242251464694903440e+00,7.557008559324168928e+00
6.650000000000000355e-01,5.237697366613909722e+00,7.555548023460741724e+00
6.660000000000000364e-01,5.233150468850678472e+00,7.554090663964593944e+00
6.670000000000000373e-01,5.228610765325478305e+00,7.552636473312216658e+00
6.680000000000000382e-01,5.224078249939791974e+00,7.551185444001058400e+00
6.690000000000000391e-01,5.219552916576331469e+00,7.549737568549394595e+00
6.700000000000000400e-01,5.215034759099185457e+00,7.548292839496293816e+00
6.710000000000000409e-01,5.210523771353906319e+00,7.546851249401536066e+00
6.720000000000000417e-01,5.206019947167666473e+00,7.545412790845524853e+00
6.730000000000000426e-01,5.201523280349304557e+00,7.543977456429227679e+00
6.740000000000000435e-01,5.197033764689476421e+00,7.542545238774105876e+00
6.750000000000000444e-01,5.192551393960737727e+00,7.541116130522025784e+00
6.760000000000000453e-01,5.188076161917739348e+00,7.539690124335194810e+00
6.770000000000000462e-01,5.183608062297212271e+00,7.538267212896104574e+00
6.780000000000000471e-01,5.179147088818153222e+00,7.536847388907433221e+00
6.790000000000000480e-01,5.174693235181940132e+00,7.535430645092004553e+00
6.800000000000000488e-01,5.170246495072396087e+00,7.534016974192678795e+00
6.810000000000000497e-01,5.165806862155940316e+00,7.532606368972333044e+00
6.820000000000000506e-01,5.161374330081708095e+00,7.531198822213731603e+00
6.830000000000000515e-01,5.156948892481596047e+00,7.529794326719500219e+00
6.840000000000000524e-01,5.152530542970444216e+00,7.528392875312059473e+00
6.850000000000000533e-01,5.148119275146110674e+00,7.526994460833524414e+00
6.860000000000000542e-01,5.143715082589610077e+00,7.525599076145646826e+00
6.870000000000000551e-01,5.139317958865158964e+00,7.524206714129771711e+00
6.880000000000000560e-01,5.134927897520348949e+00,7.522817367686719159e+00
6.890000000000000568e-01,5.130544892086277287e+00,7.521431029736792340e+00
6.900000000000000577e-01,5.126168936077540650e+00,7.520047693219617635e+00
6.910000000000000586e-01,5.121800022992479384e+00,7.518667351094140194e+00
6.920000000000000595e-01,5.117438146313245895e+00,7.517289996338553770e+00
6.930000000000000604e-01,5.113083299505833956e+00,7.515915621950227887e+00
6.940000000000000613e-01,5.108735476020295430e+00,7.514544220945607478e+00
6.950000000000000622e-01,5.104394669290819309e+00,7.513175786360185349e+00
6.960000000000000631e-01,5.100060872735796558e+00,7.511810311248436456e+00
6.970000000000000639e-01,5.095734079757966661e+00,7.510447788683729975e+00
6.980000000000000648e-01,5.091414283744551739e+00,7.509088211758308873e+00
6.990000000000000657e-01,5.087101478067321381e+00,7.507731573583125595e+00
7.000000000000000666e-01,5.082795656082716107e+00,7.506377867287941541e+00
7.010000000000000675e-01,5.078496811131970823e+00,7.505027086021066829e+00
7.020000000000000684e-01,5.074204936541161004e+00,7.503679222949477534e+00
7.030000000000000693e-01,5.069920025621472703e+00,7.502334271258608744e+00
7.039999999999999591e-01,5.065642071669076429e+00,7.500992224152406962e+00
7.049999999999999600e-01,5.061371067965420245e+00,7.499653074853153356e+00
7.059999999999999609e-01,5.057107007777268848e+00,7.498316816601542811e+00
7.069999999999999618e-01,5.052849884356873211e+00,7.496983442656454777e+00
7.079999999999999627e-01,5.048599690941913742e+00,7.495652946295043861e+00
7.089999999999999636e-01,5.044356420755814696e+00,7.494325320812562197e+00
7.099999999999999645e-01,5.040120067007725524e+00,7.493000559522372761e+00
7.109999999999999654e-01,5.035890622892678969e+00,7.491678655755858784e+00
7.119999999999999662e-01,5.031668081591639918e+00,7.490359602862372235e+00
7.129999999999999671e-01,5.027452436271696357e+00,7.489043394209133453e+00
7.139999999999999680e-01,5.023243680086115326e+00,7.487730023181257799e+00
7.149999999999999689e-01,5.019041806174458387e+00,7.486419483181600221e+00
7.159999999999999698e-01,5.014846807662661554e+00,7.485111767630735713e+00
7.169999999999999707e-01,5.010658677663224481e+00,7.483806869966922903e+00
7.179999999999999716e-01,5.006477409275208679e+00,7.482504783646009905e+00
7.189999999999999725e-01,5.002302995584431144e+00,7.481205502141389907e+00
7.199999999999999734e-01,4.998135429663535412e+00,7.479909018943946108e+00
7.209999999999999742e-01,4.993974704572070600e+00,7.478615327561963788e+00
7.219999999999999751e-01,4.989820813356680596e+00,7.477324421521127640e+00
7.229999999999999760e-01,4.985673749051089843e+00,7.476036294364424073e+00
7.239999999999999769e-01,4.981533504676320057e+00,7.474750939652051507e+00
7.249999999999999778e-01,4.977400073240743517e+00,7.473468350961446127e+00
7.259999999999999787e-01,4.973273447740178099e+00,7.472188521887158430e+00
7.269999999999999796e-01,4.969153621158031164e+00,7.470911446040854997e+00
7.279999999999999805e-01,4.965040586465347516e+00,7.469637117051154185e+00
7.289999999999999813e-01,4.960934336620993257e+00,7.468365528563691846e+00
7.299999999999999822e-01,4.956834864571676214e+00,7.467096674241018306e+00
7.309999999999999831e-01,4.952742163252110252e+00,7.465830547762493552e+00
7.319999999999999840e-01,4.948656225585091661e+00,7.464567142824317436e+00
7.329999999999999849e-01,4.944577044481594186e+00,7.463306453139398222e+00
7.339999999999999858e-01,4.940504612840921794e+00,7.462048472437358804e+00
7.349999999999999867e-01,4.936438923550747759e+00,7.460793194464432787e+00
7.359999999999999876e-01,4.932379969487266536e+00,7.459540612983444063e+00
7.369999999999999885e-01,4.928327743515239057e+00,7.458290721773718879e+00
7.379999999999999893e-01,4.924282238488186358e+00,7.457043514631065406e+00
7.389999999999999902e-01,4.920243447248392243e+00,7.455798985367702691e+00
7.399999999999999911e-01,4.916211362627093351e+00,7.454557127812203809e+00
7.409999999999999920e-01,4.912185977444490703e+00,7.453317935809460337e+00
7.419999999999999929e-01,4.908167284509969974e+00,7.452081403220590872e+00
7.429999999999999938e-01,4.904155276622051751e+00,7.450847523922929483e+00
7.439999999999999947e-01,4.900149946568619796e+00,7.449616291809953772e+00
7.449999999999999956e-01,4.896151287126987661e+00,7.448387700791228916e+00
7.459999999999999964e-01,4.892159291063947535e+00,7.447161744792370364e+00
7.469999999999999973e-01,4.888173951135933670e+00,7.445938417754948802e+00
7.479999999999999982e-01,4.884195260089111201e+00,7.444717713636525680e+00
7.489999999999999991e-01,4.880223210659432098e+00,7.443499626410499559e+00
7.500000000000000000e-01,4.876257795572799481e+00,7.442284150066098114e+00
7.510000000000000009e-01,4.872299007545123573e+00,7.441071278608378137e+00
7.520000000000000018e-01,4.868346839282414074e+00,7.439861006058069215e+00
7.530000000000000027e-01,4.864401283480914273e+00,7.438653326451619030e+00
7.540000000000000036e-01,4.860462332827170329e+00,7.437448233841069900e+00
7.550000000000000044e-01,4.856529979998177815e+00,7.436245722294075655e+00
7.560000000000000053e-01,4.852604217661398600e+00,7.435045785893771964e+00
7.570000000000000062e-01,4.848685038474900288e+00,7.433848418738818964e+00
7.580000000000000071e-01,4.844772435087508100e+00,7.432653614943244946e+00
7.590000000000000080e-01,4.840866400138808423e+00,7.431461368636529841e+00
7.600000000000000089e-01,4.836966926259284705e+00,7.430271673963400048e+00
7.610000000000000098e-01,4.833074006070440909e+00,7.429084525083926138e+00
7.620000000000000107e-01,4.829187632184875234e+00,7.427899916173355876e+00
7.630000000000000115e-01,4.825307797206335181e+00,7.426717841422143529e+00
7.640000000000000124e-01,4.821434493729926274e+00,7.425538295035866376e+00
7.650000000000000133e-01,4.817567714342064988e+00,7.424361271235185633e+00
7.660000000000000142e-01,4.813707451620695466e+00,7.423186764255792269e+00
7.670000000000000151e-01,4.809853698135281519e+00,7.422014768348346614e+00
7.680000000000000160e-01,4.806006446447000258e+00,7.420845277778490789e+00
7.690000000000000169e-01,4.802165689108768731e+00,7.419678286826719038e+00
7.700000000000000178e-01,4.798331418665373604e+00,7.418513789788374169e+00
7.710000000000000187e-01,4.794503627653533329e+00,7.417351780973590714e+00
7.720000000000000195e-01,4.790682308602018047e+00,7.416192254707268283e+00
7.730000000000000204e-01,4.786867454031730418e+00,7.415035205328983636e+00
7.740000000000000213e-01,4.783059056455799762e+00,7.413880627192980022e+00
7.750000000000000222e-01,4.779257108379692198e+00,7.412728514668112112e+00
7.760000000000000231e-01,4.775461602301273700e+00,7.411578862137786494e+00
7.770000000000000240e-01,4.771672530710922011e+00,7.410431663999927920e+00
7.780000000000000249e-01,4.767889886091599472e+00,7.409286914666926016e+00
7.790000000000000258e-01,4.764113660918998683e+00,7.408144608565592648e+00
7.800000000000000266e-01,4.760343847661543393e+00,7.407004740137126397e+00
7.810000000000000275e-01,4.756580438780567910e+00,7.405867303837048610e+00
7.820000000000000284e-01,4.752823426730357070e+00,7.404732294135164317e+00
7.830000000000000293e-01,4.749072803958237721e+00,7.403599705515525820e+00
7.840000000000000302e-01,4.745328562904701286e+00,7.402469532476382064e+00
7.850000000000000311e-01,4.741590696003457950e+00,7.401341769530143111e+00
7.860000000000000320e-01,4.737859195681538793e+00,7.400216411203301092e+00
7.870000000000000329e-01,4.734134054359397936e+00,7.399093452036425766e+00
7.880000000000000338e-01,4.730415264450991586e+00,7.397972886584114782e+00
7.890000000000000346e-01,4.726702818363860636e+00,7.396854709414921736e+00
7.900000000000000355e-01,4.722996708499223928e+00,7.395738915111341960e+00
7.910000000000000364e-01,4.719296927252063512e+00,7.394625498269752129e+00
7.920000000000000373e-01,4.715603467011229455e+00,7.393514453500388051e+00
7.930000000000000382e-01,4.711916320159484250e+00,7.392405775427264736e+00
7.940000000000000391e-01,4.708235479073660024e+00,7.391299458688167512e+00
7.950000000000000400e-01,4.704560936124668302e+00,7.390195497934588076e+00
7.960000000000000409e-01,4.700892683677661665e+00,7.389093887831711172e+00
7.970000000000000417e-01,4.697230714092005321e+00,7.387994623058310673e+00
7.980000000000000426e-01,4.693575019721516917e+00,7.386897698306785998e+00
7.990000000000000435e-01,4.689925592914448771e+00,7.385803108283065299e+00
8.000000000000000444e-01,4.686282426013585578e+00,7.384710847706570824e+00
8.010000000000000453e-01,4.682645511356342993e+00,7.383620911310212698e+00
8.020000000000000462e-01,4.679014841274872438e+00,7.382533293840281452e+00
8.030000000000000471e-01,4.675390408096102846e+00,7.381447990056466679e+00
8.040000000000000480e-01,4.671772204141839246e+00,7.380364994731804629e+00
8.050000000000000488e-01,4.668160221728896886e+00,7.379284302652600047e+00
8.060000000000000497e-01,4.664554453169073689e+00,7.378205908618433284e+00
8.070000000000000506e-01,4.660954890769349213e+00,7.377129807442086573e+00
8.080000000000000515e-01,4.657361526831916620e+00,7.376055993949501399e+00
8.090000000000000524e-01,4.653774353654238638e+00,7.374984462979778499e+00
8.100000000000000533e-01,4.650193363529171009e+00,7.373915209385079272e+00
8.110000000000000542e-01,4.646618548745054866e+00,7.372848228030662199e+00
8.120000000000000551e-01,4.643049901585745154e+00,7.371783513794741616e+00
8.130000000000000560e-01,4.639487414330721649e+00,7.370721061568537458e+00
8.140000000000000568e-01,4.635931079255183995e+00,7.369660866256174891e+00
8.150000000000000577e-01,4.632380888630113880e+00,7.368602922774686981e+00
8.160000000000000586e-01,4.628836834722349636e+00,7.367547226053958731e+00
8.170000000000000595e-01,4.625298909794699043e+00,7.366493771036679128e+00
8.180000000000000604e-01,4.621767106105968637e+00,7.365442552678318044e+00
8.190000000000000613e-01,4.618241415911089831e+00,7.364393565947080056e+00
8.200000000000000622e-01,4.614721831461161550e+00,7.363346805823848484e+00
8.210000000000000631e-01,4.611208345003561249e+00,7.362302267302177405e+00
8.220000000000000639e-01,4.607700948781992878e+00,7.361259945388241910e+00
8.230000000000000648e-01,4.604199635036583693e+00,7.360219835100780372e+00
8.240000000000000657e-01,4.600704396003970409e+00,7.359181931471089122e+00
8.250000000000000666e-01,4.597215223917355154e+00,7.358146229542949612e+00
8.260000000000000675e-01,4.593732111006568530e+00,7.357112724372644408e+00
8.270000000000000684e-01,4.590255049498222384e+00,7.356081411028819517e+00
8.280000000000000693e-01,4.586784031615684043e+00,7.355052284592574985e+00
8.290000000000000702e-01,4.583319049579222870e+00,7.354025340157312129e+00
8.300000000000000711e-01,4.579860095606062664e+00,7.353000572828792158e+00
8.310000000000000719e-01,4.576407161910454491e+00,7.351977977725021596e+00
8.320000000000000728e-01,4.572960240703770829e+00,7.350957549976261163e+00
8.329999999999999627e-01,4.569519324194536658e+00,7.349939284724966271e+00
8.339999999999999636e-01,4.566084404588553802e+00,7.348923177125751494e+00
8.349999999999999645e-01,4.562655474088979091e+00,7.347909222345395897e+00
8.359999999999999654e-01,4.559232524896318139e+00,7.346897415562724909e+00
8.369999999999999662e-01,4.555815549208606541e+00,7.345887751968644075e+00
8.379999999999999671e-01,4.552404539221400093e+00,7.344880226766095532e+00
8.389999999999999680e-01,4.548999487127886709e+00,7.343874835169978965e+00
8.399999999999999689e-01,4.545600385118966358e+00,7.342871572407147163e+00
8.409999999999999698e-01,4.542207225383284808e+00,7.341870433716378486e+00
8.419999999999999707e-01,4.538820000107357977e+00,7.340871414348315582e+00
8.429999999999999716e-01,4.535438701475586143e+00,7.339874509565437855e+00
8.439999999999999725e-01,4.532063321670372069e+00,7.338879714642047247e+00
8.449999999999999734e-01,4.528693852872168968e+00,7.337887024864215846e+00
8.459999999999999742e-01,4.525330287259555995e+00,7.336896435529723703e+00
8.469999999999999751e-01,4.521972617009318185e+00,7.335907941948065947e+00
8.479999999999999760e-01,4.518620834296504185e+00,7.334921539440443894e+00
8.489999999999999769e-01,4.515274931294484873e+00,7.333937223339620282e+00
8.499999999999999778e-01,4.511934900175051943e+00,7.332954988989991207e+00
8.509999999999999787e-01,4.508600733108483638e+00,7.331974831747502641e+00
8.519999999999999796e-01,4.505272422263585597e+00,7.330996746979659306e+00
8.529999999999999805e-01,4.501949959807774349e+00,7.330020730065401224e+00
8.539999999999999813e-01,4.498633337907162577e+00,7.329046776395173879e+00
8.549999999999999822e-01,4.495322548726599976e+00,7.328074881370838511e+00
8.559999999999999831e-01,4.492017584429765620e+00,7.327105040405620606e+00
8.569999999999999840e-01,4.488718437179214149e+00,7.326137248924144529e+00
8.579999999999999849e-01,4.485425099136460148e+00,7.325171502362319842e+00
8.589999999999999858e-01,4.482137562462020774e+00,7.324207796167377715e+00
8.599999999999999867e-01,4.478855819315515241e+00,7.323246125797769679e+00
8.609999999999999876e-01,4.475579861855718988e+00,7.322286486723222687e+00
8.619999999999999885e-01,4.472309682240579676e+00,7.321328874424585464e+00
8.629999999999999893e-01,4.469045272627392151e+00,7.320373284393929758e+00
8.639999999999999902e-01,4.465786625172761148e+00,7.319419712134407341e+00
8.649999999999999911e-01,4.462533732032690992e+00,7.318468153160292644e+00
8.659999999999999920e-01,4.459286585362703725e+00,7.317518602996885946e+00
8.669999999999999929e-01,4.456045177317810690e+00,7.316571057180532911e+00
8.679999999999999938e-01,4.452809500052689273e+00,7.315625511258585512e+00
8.689999999999999947e-01,4.449579545721622509e+00,7.314681960789340742e+00
8.699999999999999956e-01,4.446355306478678493e+00,7.313740401342021968e+00
8.709999999999999964e-01,4.443136774477677520e+00,7.312800828496759387e+00
8.719999999999999973e-01,4.439923941872335078e+00,7.311863237844552721e+00
8.729999999999999982e-01,4.436716800816261852e+00,7.310927624987232143e+00
8.739999999999999991e-01,4.433515343463060532e+00,7.309993985537404093e+00
8.750000000000000000e-01,4.430319561966370223e+00,7.309062315118492137e+00
8.760000000000000009e-01,4.427129448479941054e+00,7.308132609364631271e+00
8.770000000000000018e-01,4.423944995157691018e+00,7.307204863920669702e+00
8.780000000000000027e-01,4.420766194153769035e+00,7.306279074442131538e+00
8.790000000000000036e-01,4.417593037622597585e+00,7.305355236595183932e+00
8.800000000000000044e-01,4.414425517718961522e+00,7.304433346056613097e+00
8.810000000000000053e-01,4.411263626598047161e+00,7.303513398513789667e+00
8.820000000000000062e-01,4.408107356415515987e+00,7.302595389664649161e+00
8.830000000000000071e-01,4.404956699327551739e+00,7.301679315217609378e+00
8.840000000000000080e-01,4.401811647490915469e+00,7.300765170891626354e+00
8.850000000000000089e-01,4.398672193063029034e+00,7.299852952416097551e+00
8.860000000000000098e-01,4.395538328202016842e+00,7.298942655530850310e+00
8.870000000000000107e-01,4.392410045066762692e+00,7.298034275986105435e+00
8.880000000000000115e-01,4.389287335816959512e+00,7.297127809542492294e+00
8.890000000000000124e-01,4.386170192613191965e+00,7.296223251970924473e+00
8.900000000000000133e-01,4.383058607616975522e+00,7.295320599052662836e+00
8.910000000000000142e-01,4.379952572990818638e+00,7.294419846579254241e+00
8.920000000000000151e-01,4.376852080898269826e+00,7.293520990352481803e+00
8.930000000000000160e-01,4.373757123503990485e+00,7.292624026184340913e+00
8.940000000000000169e-01,4.370667692973809970e+00,7.291728949897062328e+00
8.950000000000000178e-01,4.367583781474760229e+00,7.290835757322992272e+00
8.960000000000000187e-01,4.364505381175144194e+00,7.289944444304619076e+00
8.970000000000000195e-01,4.361432484244617491e+00,7.289055006694570515e+00
8.980000000000000204e-01,4.358365082854198214e+00,7.288167440355518778e+00
8.990000000000000213e-01,4.355303169176325540e+00,7.287281741160191118e+00
9.000000000000000222e-01,4.352246735384976084e+00,7.286397904991344987e+00
9.010000000000000231e-01,4.349195773655632813e+00,7.285515927741694320e+00
9.020000000000000240e-01,4.346150276165396953e+00,7.284635805313954826e+00
9.030000000000000249e-01,4.343110235093011973e+00,7.283757533620755176e+00
9.040000000000000258e-01,4.340075642618945295e+00,7.282881108584626340e+00
9.050000000000000266e-01,4.337046490925400732e+00,7.282006526137972280e+00
9.060000000000000275e-01,4.334022772196415296e+00,7.281133782223064621e+00
9.070000000000000284e-01,4.331004478617871634e+00,7.280262872791966267e+00
9.080000000000000293e-01,4.327991602377591285e+00,7.279393793806558932e+00
9.090000000000000302e-01,4.324984135665344454e+00,7.278526541238463210e+00
9.100000000000000311e-01,4.321982070672922838e+00,7.277661111069067879e+00
9.110000000000000320e-01,4.318985399594210683e+00,7.276797499289432203e+00
9.120000000000000329e-01,4.315994114625178568e+00,7.275935701900314356e+00
9.130000000000000338e-01,4.313008207964002416e+00,7.275075714912132341e+00
9.140000000000000346e-01,4.310027671811072381e+00,7.274217534344927572e+00
9.150000000000000355e-01,4.307052498369034588e+00,7.273361156228328461e+00
9.160000000000000364e-01,4.304082679842879955e+00,7.272506576601533546e+00
9.170000000000000373e-01,4.301118208439969948e+00,7.271653791513317699e+00
9.180000000000000382e-01,4.298159076370072107e+00,7.270802797021924668e+00
9.190000000000000391e-01,4.295205275845447979e+00,7.269953589195124799e+00
9.200000000000000400e-01,4.292256799080858443e+00,7.269106164110136881e+00
9.210000000000000409e-01,4.289313638293631215e+00,7.268260517853626368e+00
9.220000000000000417e-01,4.286375785703739005e+00,7.267416646521654755e+00
9.230000000000000426e-01,4.283443233533784422e+00,7.266574546219671582e+00
9.240000000000000435e-01,4.280515974009109215e+00,7.265734213062496671e+00
9.250000000000000444e-01,4.277593999357794274e+00,7.264895643174249074e+00
9.260000000000000453e-01,4.274677301810738683e+00,7.264058832688397693e+00
9.270000000000000462e-01,4.271765873601692576e+00,7.263223777747651155e+00
9.280000000000000471e-01,4.268859706967306877e+00,7.262390474503991555e+00
9.290000000000000480e-01,4.265958794147167943e+00,7.261558919118619393e+00
9.300000000000000488e-01,4.263063127383873940e+00,7.260729107761932255e+00
9.310000000000000497e-01,4.260172698923044621e+00,7.259901036613515046e+00
9.320000000000000506e-01,4.257287501013391484e+00,7.259074701862068935e+00
9.330000000000000515e-01,4.254407525906741760e+00,7.258250099705471747e+00
9.340000000000000524e-01,4.251532765858120122e+00,7.257427226350666061e+00
9.350000000000000533e-01,4.248663213125753124e+00,7.256606078013650318e+00
9.360000000000000542e-01,4.245798859971135819e+00,7.255786650919498371e+00
9.370000000000000551e-01,4.242939698659051295e+00,7.254968941302304408e+00
9.380000000000000560e-01,4.240085721457668377e+00,7.254152945405128783e+00
9.390000000000000568e-01,4.237236920638522086e+00,7.253338659480059292e+00
9.400000000000000577e-01,4.234393288476603345e+00,7.252526079788075286e+00
9.410000000000000586e-01,4.231554817250359868e+00,7.251715202599115173e+00
9.420000000000000595e-01,4.228721499241794746e+00,7.250906024191972499e+00
9.430000000000000604e-01,4.225893326736452238e+00,7.250098540854369666e+00
9.440000000000000613e-01,4.223070292023501260e+00,7.249292748882805171e+00
9.450000000000000622e-01,4.220252387395752258e+00,7.248488644582681495e+00
9.460000000000000631e-01,4.217439605149706949e+00,7.247686224268124811e+00
9.470000000000000639e-01,4.214631937585608945e+00,7.246885484262078236e+00
9.480000000000000648e-01,4.211829377007472175e+00,7.246086420896224567e+00
9.490000000000000657e-01,4.209031915723136841e+00,7.245289030510975614e+00
9.500000000000000666e-01,4.206239546044291622e+00,7.244493309455425134e+00
9.510000000000000675e-01,4.203452260286510977e+00,7.243699254087365702e+00
9.520000000000000684e-01,4.200670050769339525e+00,7.242906860773236311e+00
9.530000000000000693e-01,4.197892909816274276e+00,7.242116125888100164e+00
9.540000000000000702e-01,4.195120829754838354e+00,7.241327045815621588e+00
9.550000000000000711e-01,4.192353802916621852e+00,7.240539616948060697e+00
9.560000000000000719e-01,4.189591821637291602e+00,7.239753835686229877e+00
9.570000000000000728e-01,4.186834878256669334e+00,7.238969698439477796e+00
9.580000000000000737e-01,4.184082965118742337e+00,7.238187201625637890e+00
9.590000000000000746e-01,4.181336074571709638e+00,7.237406341671060339e+00
9.599999999999999645e-01,4.178594198968034412e+00,7.236627115010578315e+00
9.609999999999999654e-01,4.175857330664467071e+00,7.235849518087406729e+00
9.619999999999999662e-01,4.173125462022079901e+00,7.235073547353223056e+00
9.629999999999999671e-01,4.170398585406305259e+00,7.234299199268081182e+00
9.639999999999999680e-01,4.167676693186982639e+00,7.233526470300406963e+00
9.649999999999999689e-01,4.164959777738400426e+00,7.232755356926984014e+00
9.659999999999999698e-01,4.162247831439324308e+00,7.231985855632918181e+00
9.669999999999999707e-01,4.159540846673024816e+00,7.231217962911613562e+00
9.679999999999999716e-01,4.156838815827320843e+00,7.230451675264753852e+00
9.689999999999999725e-01,4.154141731294612505e+00,7.229686989202270375e+00
9.699999999999999734e-01,4.151449585471953974e+00,7.228923901242362504e+00
9.709999999999999742e-01,4.148762370761022389e+00,7.228162407911408849e+00
9.719999999999999751e-01,4.146080079568199572e+00,7.227402505743986794e+00
9.729999999999999760e-01,4.143402704304599560e+00,7.226644191282844076e+00
9.739999999999999769e-01,4.140730237386098800e+00,7.225887461078865037e+00
9.749999999999999778e-01,4.138062671233369905e+00,7.225132311691087494e+00
9.759999999999999787e-01,4.135399998271917177e+00,7.224378739686604156e+00
9.769999999999999796e-01,4.132742210932118354e+00,7.223626741640628346e+00
9.779999999999999805e-01,4.130089301649238820e+00,7.222876314136392750e+00
9.789999999999999813e-01,4.127441262863496441e+00,7.222127453765197380e+00
9.799999999999999822e-01,4.124798087020070447e+00,7.221380157126342958e+00
9.809999999999999831e-01,4.122159766569133410e+00,7.220634420827103384e+00
9.819999999999999840e-01,4.119526293965906305e+00,7.219890241482754156e+00
9.829999999999999849e-01,4.116897661670685160e+00,7.219147615716508426e+00
9.839999999999999858e-01,4.114273862148833949e+00,7.218406540159476137e+00
9.849999999999999867e-01,4.111654887870887620e+00,7.217667011450724424e+00
9.859999999999999876e-01,4.109040731312520123e+00,7.216929026237162148e+00
9.869999999999999885e-01,4.106431384954619901e+00,7.216192581173588749e+00
9.879999999999999893e-01,4.103826841283292559e+00,7.215457672922618748e+00
9.889999999999999902e-01,4.101227092789915041e+00,7.214724298154701287e+00
9.899999999999999911e-01,4.098632131971157833e+00,7.213992453548082828e+00
9.909999999999999920e-01,4.096041951328992070e+00,7.213262135788795604e+00
9.919999999999999929e-01,4.093456543370781020e+00,7.212533341570609657e+00
9.929999999999999938e-01,4.090875900609240112e+00,7.211806067595051495e+00
9.939999999999999947e-01,4.088300015562518652e+00,7.211080310571329477e+00
9.949999999999999956e-01,4.085728880754214032e+00,7.210356067216404874e+00
9.959999999999999964e-01,4.083162488713385052e+00,7.209633334254855974e+00
9.969999999999999973e-01,4.080600831974605214e+00,7.208912108418940257e+00
9.979999999999999982e-01,4.078043903077994692e+00,7.208192386448537547e+00
9.989999999999999991e-01,4.075491694569210566e+00,7.207474165091153573e+00
1.000000000000000000e+00,4.072944198999530308e+00,7.206757441101868444e+00
1.001000000000000112e+00,4.070401408925844677e+00,7.206042211243348206e+00
1.002000000000000002e+00,4.067863316910700355e+00,7.205328472285800423e+00
1.003000000000000114e+00,4.065329915522323034e+00,7.204616221006973298e+00
1.004000000000000004e+00,4.062801197334645842e+00,7.203905454192106816e+00
1.005000000000000115e+00,4.060277154927335097e+00,7.203196168633963836e+00
1.006000000000000005e+00,4.057757780885835608e+00,7.202488361132717287e+00
1.007000000000000117e+00,4.055243067801374224e+00,7.201782028496080734e+00
1.008000000000000007e+00,4.052733008271006021e+00,7.201077167539121859e+00
1.009000000000000119e+00,4.050227594897624961e+00,7.200373775084347727e+00
1.010000000000000009e+00,4.047726820290004746e+00,7.199671847961647053e+00
1.011000000000000121e+00,4.045230677062821911e+00,7.198971383008301750e+00
1.012000000000000011e+00,4.042739157836685138e+00,7.198272377068916761e+00
1.013000000000000123e+00,4.040252255238150347e+00,7.197574826995445818e+00
1.014000000000000012e+00,4.037769961899769555e+00,7.196878729647159467e+00
1.015000000000000124e+00,4.035292270460075770e+00,7.196184081890604212e+00
1.016000000000000014e+00,4.032819173563667370e+00,7.195490880599625605e+00
1.017000000000000126e+00,4.030350663861189453e+00,7.194799122655285650e+00
1.018000000000000016e+00,4.027886734009358705e+00,7.194108804945918756e+00
1.019000000000000128e+00,4.025427376671021129e+00,7.193419924367060680e+00
1.020000000000000018e+00,4.022972584515150274e+00,7.192732477821441428e+00
1.021000000000000130e+00,4.020522350216879204e+00,7.192046462218958602e+00
1.022000000000000020e+00,4.018076666457539581e+00,7.191361874476703164e+00
1.023000000000000131e+00,4.015635525924651894e+00,7.190678711518868838e+00
1.024000000000000021e+00,4.013198921311982303e+00,7.189996970276793853e+00
1.024999999999999911e+00,4.010766845319555962e+00,7.189316647688911210e+00
1.026000000000000023e+00,4.008339290653674780e+00,7.188637740700715817e+00
1.026999999999999913e+00,4.005916250026964498e+00,7.187960246264808895e+00
1.028000000000000025e+00,4.003497716158350705e+00,7.187284161340810940e+00
1.028999999999999915e+00,4.001083681773139666e+00,7.186609482895373269e+00
1.030000000000000027e+00,3.998674139602996558e+00,7.185936207902160255e+00
1.030999999999999917e+00,3.996269082386002758e+00,7.185264333341812915e+00
1.032000000000000028e+00,3.993868502866639414e+00,7.184593856201977324e+00
1.032999999999999918e+00,3.991472393795856277e+00,7.183924773477212256e+00
1.034000000000000030e+00,3.989080747931065041e+00,7.183257082169031804e+00
1.034999999999999920e+00,3.986693558036146445e+00,7.182590779285883187e+00
1.036000000000000032e+00,3.984310816881517781e+00,7.181925861843078351e+00
1.036999999999999922e+00,3.981932517244129333e+00,7.181262326862845491e+00
1.038000000000000034e+00,3.979558651907470157e+00,7.180600171374236673e+00
1.038999999999999924e+00,3.977189213661622258e+00,7.179939392413182020e+00
1.040000000000000036e+00,3.974824195303271690e+00,7.179279987022431087e+00
1.040999999999999925e+00,3.972463589635690795e+00,7.178621952251517335e+00
1.042000000000000037e+00,3.970107389468821246e+00,7.177965285156817643e+00
1.042999999999999927e+00,3.967755587619270052e+00,7.177309982801422628e+00
1.044000000000000039e+00,3.965408176910322435e+00,7.176656042255210366e+00
1.044999999999999929e+00,3.963065150171951156e+00,7.176003460594807315e+00
1.046000000000000041e+00,3.960726500240867143e+00,7.175352234903535020e+00
1.046999999999999931e+00,3.958392219960526148e+00,7.174702362271438538e+00
1.048000000000000043e+00,3.956062302181138524e+00,7.174053839795214493e+00
1.048999999999999932e+00,3.953736739759704300e+00,7.173406664578276803e+00
1.050000000000000044e+00,3.951415525560026509e+00,7.172760833730652763e+00
1.050999999999999934e+00,3.949098652452726288e+00,7.172116344369022123e+00
1.052000000000000046e+00,3.946786113315265965e+00,7.171473193616664688e+00
1.052999999999999936e+00,3.944477901031980149e+00,7.170831378603471862e+00
1.054000000000000048e+00,3.942174008494077508e+00,7.170190896465911123e+00
1.054999999999999938e+00,3.939874428599650980e+00,7.169551744347014477e+00
1.056000000000000050e+00,3.937579154253729730e+00,7.168913919396366019e+00
1.056999999999999940e+00,3.935288178368272938e+00,7.168277418770072629e+00
1.058000000000000052e+00,3.933001493862195108e+00,7.167642239630760415e+00
1.058999999999999941e+00,3.930719093661384278e+00,7.167008379147549846e+00
1.060000000000000053e+00,3.928440970698705570e+00,7.166375834496036212e+00
1.060999999999999943e+00,3.926167117914058924e+00,7.165744602858294066e+00
1.062000000000000055e+00,3.923897528254331579e+00,7.165114681422824816e+00
1.062999999999999945e+00,3.921632194673493998e+00,7.164486067384568280e+00
1.064000000000000057e+00,3.919371110132540803e+00,7.163858757944883138e+00
1.064999999999999947e+00,3.917114267599581368e+00,7.163232750311510522e+00
1.066000000000000059e+00,3.914861660049783421e+00,7.162608041698573125e+00
1.066999999999999948e+00,3.912613280465440546e+00,7.161984629326573426e+00
1.068000000000000060e+00,3.910369121835993056e+00,7.161362510422351058e+00
1.068999999999999950e+00,3.908129177158003120e+00,7.160741682219064153e+00
1.070000000000000062e+00,3.905893439435203174e+00,7.160122141956206221e+00
1.070999999999999952e+00,3.903661901678465718e+00,7.159503886879543089e+00
1.072000000000000064e+00,3.901434556905931217e+00,7.158886914241146648e+00
1.072999999999999954e+00,3.899211398142897522e+00,7.158271221299350451e+00
1.074000000000000066e+00,3.896992418421895366e+00,7.157656805318719506e+00
1.074999999999999956e+00,3.894777610782716337e+00,7.157043663570075154e+00
1.076000000000000068e+00,3.892566968272341388e+00,7.156431793330435553e+00
1.076999999999999957e+00,3.890360483945101588e+00,7.155821191883034338e+00
1.078000000000000069e+00,3.888158150862565776e+00,7.155211856517292190e+00
1.078999999999999959e+00,3.885959962093644027e+00,7.154603784528775101e+00
1.080000000000000071e+00,3.883765910714521041e+00,7.153996973219240552e+00
1.080999999999999961e+00,3.881575989808732530e+00,7.153391419896552250e+00
1.082000000000000073e+00,3.879390192467160325e+00,7.152787121874712994e+00
1.082999999999999963e+00,3.877208511788040823e+00,7.152184076473822039e+00
1.084000000000000075e+00,3.875030940876978747e+00,7.151582281020075982e+00
1.084999999999999964e+00,3.872857472846965798e+00,7.150981732845752781e+00
1.086000000000000076e+00,3.870688100818424182e+00,7.150382429289162012e+00
1.086999999999999966e+00,3.868522817919149759e+00,7.149784367694697274e+00
1.088000000000000078e+00,3.866361617284387986e+00,7.149187545412760691e+00
1.088999999999999968e+00,3.864204492056833917e+00,7.148591959799758477e+00
1.090000000000000080e+00,3.862051435386629983e+00,7.147997608218104482e+00
1.090999999999999970e+00,3.859902440431374870e+00,7.147404488036208647e+00
1.092000000000000082e+00,3.857757500356166158e+00,7.146812596628425496e+00
1.092999999999999972e+00,3.855616608333597650e+00,7.146221931375083436e+00
1.094000000000000083e+00,3.853479757543752271e+00,7.145632489662419040e+00
1.094999999999999973e+00,3.851346941174260241e+00,7.145044268882610794e+00
1.096000000000000085e+00,3.849218152420263550e+00,7.144457266433754228e+00
1.096999999999999975e+00,3.847093384484452816e+00,7.143871479719817508e+00
1.098000000000000087e+00,3.844972630577076611e+00,7.143286906150652094e+00
1.098999999999999977e+00,3.842855883915964998e+00,7.142703543141973199e+00
1.100000000000000089e+00,3.840743137726514878e+00,7.142121388115341141e+00
1.100999999999999979e+00,3.838634385241718849e+00,7.141540438498143573e+00
1.102000000000000091e+00,3.836529619702183869e+00,7.140960691723607034e+00
1.102999999999999980e+00,3.834428834356117921e+00,7.140382145230730337e+00
1.104000000000000092e+00,3.832332022459365106e+00,7.139804796464320091e+00
1.104999999999999982e+00,3.830239177275413631e+00,7.139228642874954289e+00
1.106000000000000094e+00,3.828150292075399808e+00,7.138653681918968985e+00
1.106999999999999984e+00,3.826065360138108051e+00,7.138079911058432536e+00
1.108000000000000096e+00,3.823984374750008186e+00,7.137507327761164255e+00
1.108999999999999986e+00,3.821907329205255888e+00,7.136935929500674902e+00
1.110000000000000098e+00,3.819834216805684246e+00,7.136365713756195106e+00
1.110999999999999988e+00,3.817765030860846398e+00,7.135796678012632732e+00
1.112000000000000099e+00,3.815699764687999540e+00,7.135228819760575547e+00
1.112999999999999989e+00,3.813638411612132462e+00,7.134662136496268126e+00
1.114000000000000101e+00,3.811580964965967322e+00,7.134096625721570106e+00
1.114999999999999991e+00,3.809527418089957873e+00,7.133532284944022805e+00
1.116000000000000103e+00,3.807477764332332537e+00,7.132969111676735530e+00
1.116999999999999993e+00,3.805431997049068205e+00,7.132407103438435314e+00
1.118000000000000105e+00,3.803390109603923097e+00,7.131846257753449159e+00
1.118999999999999995e+00,3.801352095368439876e+00,7.131286572151662284e+00
1.120000000000000107e+00,3.799317947721944755e+00,7.130728044168511914e+00
1.120999999999999996e+00,3.797287660051573255e+00,7.130170671345000599e+00
1.122000000000000108e+00,3.795261225752275980e+00,7.129614451227654470e+00
1.122999999999999998e+00,3.793238638226805737e+00,7.129059381368485937e+00
1.124000000000000110e+00,3.791219890885760613e+00,7.128505459325070959e+00
1.125000000000000000e+00,3.789204977147570208e+00,7.127952682660420258e+00
1.126000000000000112e+00,3.787193890438511179e+00,7.127401048943051265e+00
1.127000000000000002e+00,3.785186624192717009e+00,7.126850555746923277e+00
1.128000000000000114e+00,3.783183171852170013e+00,7.126301200651461443e+00
1.129000000000000004e+00,3.781183526866736866e+00,7.125752981241523010e+00
1.130000000000000115e+00,3.779187682694173933e+00,7.125205895107360021e+00
1.131000000000000005e+00,3.777195632800101066e+00,7.124659939844669942e+00
1.132000000000000117e+00,3.775207370658037576e+00,7.124115113054519277e+00
1.133000000000000007e+00,3.773222889749420439e+00,7.123571412343369325e+00
1.134000000000000119e+00,3.771242183563583872e+00,7.123028835323032659e+00
1.135000000000000009e+00,3.769265245597786418e+00,7.122487379610690006e+00
1.136000000000000121e+00,3.767292069357209616e+00,7.121947042828844054e+00
1.137000000000000011e+00,3.765322648354970436e+00,7.121407822605357651e+00
1.138000000000000123e+00,3.763356976112122165e+00,7.120869716573365871e+00
1.139000000000000012e+00,3.761395046157663291e+00,7.120332722371331080e+00
1.140000000000000124e+00,3.759436852028556153e+00,7.119796837642997644e+00
1.141000000000000014e+00,3.757482387269711843e+00,7.119262060037373274e+00
1.142000000000000126e+00,3.755531645434021293e+00,7.118728387208752117e+00
1.143000000000000016e+00,3.753584620082340173e+00,7.118195816816636601e+00
1.144000000000000128e+00,3.751641304783507991e+00,7.117664346525805819e+00
1.145000000000000018e+00,3.749701693114351642e+00,7.117133974006239150e+00
1.146000000000000130e+00,3.747765778659700509e+00,7.116604696933109153e+00
1.147000000000000020e+00,3.745833555012365590e+00,7.116076512986823310e+00
1.148000000000000131e+00,3.743905015773175027e+00,7.115549419852940538e+00
1.149000000000000021e+00,3.741980154550974991e+00,7.115023415222190728e+00
1.150000000000000133e+00,3.740058964962615473e+00,7.114498496790480964e+00
1.151000000000000023e+00,3.738141440632984480e+00,7.113974662258858217e+00
1.152000000000000135e+00,3.736227575194985828e+00,7.113451909333472045e+00
1.153000000000000025e+00,3.734317362289569342e+00,7.112930235725635875e+00
1.153999999999999915e+00,3.732410795565717532e+00,7.112409639151739071e+00
1.155000000000000027e+00,3.730507868680470018e+00,7.111890117333263817e+00
1.155999999999999917e+00,3.728608575298896000e+00,7.111371667996793988e+00
1.157000000000000028e+00,3.726712909094141768e+00,7.110854288873960982e+00
1.157999999999999918e+00,3.724820863747410726e+00,7.110337977701468581e+00
1.159000000000000030e+00,3.722932432947969605e+00,7.109822732221060981e+00
1.159999999999999920e+00,3.721047610393145355e+00,7.109308550179496144e+00
1.161000000000000032e+00,3.719166389788372218e+00,7.108795429328572446e+00
1.161999999999999922e+00,3.717288764847125115e+00,7.108283367425083377e+00
1.163000000000000034e+00,3.715414729290990703e+00,7.107772362230822871e+00
1.163999999999999924e+00,3.713544276849649606e+00,7.107262411512561329e+00
1.165000000000000036e+00,3.711677401260847109e+00,7.106753513042033177e+00
1.165999999999999925e+00,3.709814096270466433e+00,7.106245664595943978e+00
1.167000000000000037e+00,3.707954355632447019e+00,7.105738863955942008e+00
1.167999999999999927e+00,3.706098173108878679e+00,7.105233108908596940e+00
1.169000000000000039e+00,3.704245542469930541e+00,7.104728397245403393e+00
1.169999999999999929e+00,3.702396457493909665e+00,7.104224726762761399e+00
1.171000000000000041e+00,3.700550911967227297e+00,7.103722095261987057e+00
1.171999999999999931e+00,3.698708899684420182e+00,7.103220500549264571e+00
1.173000000000000043e+00,3.696870414448145237e+00,7.102719940435642698e+00
1.173999999999999932e+00,3.695035450069203975e+00,7.102220412737042743e+00
1.175000000000000044e+00,3.693204000366507422e+00,7.101721915274239905e+00
1.175999999999999934e+00,3.691376059167125412e+00,7.101224445872841962e+00
1.177000000000000046e+00,3.689551620306254609e+00,7.100728002363267066e+00
1.177999999999999936e+00,3.687730677627233167e+00,7.100232582580771279e+00
1.179000000000000048e+00,3.685913224981544722e+00,7.099738184365383731e+00
1.179999999999999938e+00,3.684099256228837937e+00,7.099244805561949256e+00
1.181000000000000050e+00,3.682288765236879868e+00,7.098752444020067109e+00
1.181999999999999940e+00,3.680481745881615030e+00,7.098261097594130931e+00
1.183000000000000052e+00,3.678678192047150297e+00,7.097770764143268352e+00
1.183999999999999941e+00,3.676878097625732700e+00,7.097281441531356982e+00
1.185000000000000053e+00,3.675081456517780509e+00,7.096793127626995101e+00
1.185999999999999943e+00,3.673288262631869916e+00,7.096305820303516754e+00
1.187000000000000055e+00,3.671498509884767003e+00,7.095819517438941126e+00
1.187999999999999945e+00,3.669712192201366907e+00,7.095334216916026726e+00
1.189000000000000057e+00,3.667929303514770201e+00,7.094849916622167463e+00
1.189999999999999947e+00,3.666149837766236264e+00,7.094366614449472586e+00
1.191000000000000059e+00,3.664373788905200158e+00,7.093884308294673424e+00
1.191999999999999948e+00,3.662601150889274404e+00,7.093402996059190890e+00
1.193000000000000060e+00,3.660831917684256087e+00,7.092922675649075082e+00
1.193999999999999950e+00,3.659066083264108649e+00,7.092443344974967978e+00
1.195000000000000062e+00,3.657303641610998302e+00,7.091965001952199366e+00
1.195999999999999952e+00,3.655544586715254507e+00,7.091487644500642062e+00
1.197000000000000064e+00,3.653788912575409054e+00,7.091011270544799849e+00
1.197999999999999954e+00,3.652036613198170301e+00,7.090535878013740856e+00
1.199000000000000066e+00,3.650287682598436945e+00,7.090061464841109107e+00
1.199999999999999956e+00,3.648542114799302460e+00,7.089588028965126298e+00
1.201000000000000068e+00,3.646799903832042222e+00,7.089115568328548278e+00
1.201999999999999957e+00,3.645061043736132156e+00,7.088644080878662379e+00
1.203000000000000069e+00,3.643325528559232307e+00,7.088173564567315843e+00
1.203999999999999959e+00,3.641593352357205049e+00,7.087704017350842989e+00
1.205000000000000071e+00,3.639864509194098208e+00,7.087235437190104292e+00
1.205999999999999961e+00,3.638138993142164601e+00,7.086767822050440202e+00
1.207000000000000073e+00,3.636416798281848273e+00,7.086301169901686237e+00
1.207999999999999963e+00,3.634697918701792041e+00,7.085835478718146341e+00
1.209000000000000075e+00,3.632982348498830394e+00,7.085370746478592885e+00
1.209999999999999964e+00,3.631270081778008585e+00,7.084906971166255119e+00
1.211000000000000076e+00,3.629561112652551547e+00,7.084444150768786308e+00
1.211999999999999966e+00,3.627855435243895865e+00,7.083982283278278835e+00
1.213000000000000078e+00,3.626153043681676458e+00,7.083521366691257093e+00
1.213999999999999968e+00,3.624453932103726572e+00,7.083061399008649062e+00
1.215000000000000080e+00,3.622758094656076455e+00,7.082602378235764107e+00
1.215999999999999970e+00,3.621065525492952908e+00,7.082144302382327616e+00
1.217000000000000082e+00,3.619376218776785503e+00,7.081687169462417941e+00
1.217999999999999972e+00,3.617690168678213247e+00,7.081230977494505474e+00
1.219000000000000083e+00,3.616007369376045943e+00,7.080775724501388702e+00
1.219999999999999973e+00,3.614327815057331250e+00,7.080321408510232395e+00
1.221000000000000085e+00,3.612651499917275189e+00,7.079868027552537413e+00
1.221999999999999975e+00,3.610978418159311865e+00,7.079415579664116720e+00
1.223000000000000087e+00,3.609308563995056396e+00,7.078964062885104269e+00
1.223999999999999977e+00,3.607641931644332001e+00,7.078513475259943455e+00
1.225000000000000089e+00,3.605978515335147794e+00,7.078063814837372902e+00
1.225999999999999979e+00,3.604318309303716106e+00,7.077615079670411369e+00
1.227000000000000091e+00,3.602661307794443157e+00,7.077167267816347085e+00
1.227999999999999980e+00,3.601007505059930391e+00,7.076720377336724432e+00
1.229000000000000092e+00,3.599356895360965591e+00,7.076274406297375030e+00
1.229999999999999982e+00,3.597709472966537092e+00,7.075829352768330693e+00
1.231000000000000094e+00,3.596065232153824009e+00,7.075385214823884716e+00
1.231999999999999984e+00,3.594424167208188692e+00,7.074941990542531478e+00
1.233000000000000096e+00,3.592786272423194038e+00,7.074499678007002856e+00
1.233999999999999986e+00,3.591151542100585736e+00,7.074058275304218490e+00
1.235000000000000098e+00,3.589519970550289152e+00,7.073617780525288445e+00
1.235999999999999988e+00,3.587891552090424430e+00,7.073178191765513212e+00
1.237000000000000099e+00,3.586266281047293614e+00,7.072739507124363278e+00
1.237999999999999989e+00,3.584644151755384200e+00,7.072301724705459591e+00
1.239000000000000101e+00,3.583025158557361145e+00,7.071864842616596647e+00
1.239999999999999991e+00,3.581409295804068194e+00,7.071428858969691866e+00
1.241000000000000103e+00,3.579796557854530104e+00,7.070993771880807799e+00
1.241999999999999993e+00,3.578186939075944206e+00,7.070559579470133471e+00
1.243000000000000105e+00,3.576580433843689288e+00,7.070126279861949747e+00
1.243999999999999995e+00,3.574977036541310493e+00,7.069693871184668410e+00
1.245000000000000107e+00,3.573376741560523762e+00,7.069262351570773539e+00
1.245999999999999996e+00,3.571779543301214499e+00,7.068831719156833948e+00
1.247000000000000108e+00,3.570185436171446902e+00,7.068401972083512952e+00
1.247999999999999998e+00,3.568594414587427099e+00,7.067973108495513301e+00
1.249000000000000110e+00,3.567006472973542230e+00,7.067545126541604716e+00
1.250000000000000000e+00,3.565421605762332025e+00,7.067118024374589247e+00
1.251000000000000112e+00,3.563839807394499015e+00,7.066691800151333247e+00
1.252000000000000002e+00,3.562261072318898325e+00,7.066266452032698986e+00
1.253000000000000114e+00,3.560685394992536335e+00,7.065841978183580174e+00
1.254000000000000004e+00,3.559112769880576010e+00,7.065418376772867326e+00
1.255000000000000115e+00,3.557543191456327580e+00,7.064995645973455751e+00
1.256000000000000005e+00,3.555976654201248532e+00,7.064573783962230458e+00
1.257000000000000117e+00,3.554413152604931181e+00,7.064152788920052828e+00
1.258000000000000007e+00,3.552852681165126203e+00,7.063732659031739303e+00
1.259000000000000119e+00,3.551295234387698674e+00,7.063313392486080033e+00
1.260000000000000009e+00,3.549740806786675584e+00,7.062894987475812236e+00
1.261000000000000121e+00,3.548189392884192106e+00,7.062477442197621080e+00
1.262000000000000011e+00,3.546640987210531559e+00,7.062060754852105049e+00
1.263000000000000123e+00,3.545095584304097436e+00,7.061644923643800809e+00
1.264000000000000012e+00,3.543553178711412510e+00,7.061229946781150346e+00
1.265000000000000124e+00,3.542013764987130386e+00,7.060815822476488535e+00
1.266000000000000014e+00,3.540477337694007964e+00,7.060402548946075996e+00
1.267000000000000126e+00,3.538943891402936526e+00,7.059990124410021828e+00
1.268000000000000016e+00,3.537413420692900878e+00,7.059578547092327128e+00
1.269000000000000128e+00,3.535885920151002892e+00,7.059167815220878772e+00
1.270000000000000018e+00,3.534361384372445958e+00,7.058757927027377477e+00
1.271000000000000130e+00,3.532839807960539869e+00,7.058348880747413290e+00
1.272000000000000020e+00,3.531321185526687056e+00,7.057940674620390986e+00
1.273000000000000131e+00,3.529805511690391917e+00,7.057533306889562041e+00
1.274000000000000021e+00,3.528292781079238161e+00,7.057126775801981999e+00
1.275000000000000133e+00,3.526782988328909685e+00,7.056721079608522906e+00
1.276000000000000023e+00,3.525276128083166149e+00,7.056316216563883081e+00
1.277000000000000135e+00,3.523772194993861628e+00,7.055912184926524944e+00
1.278000000000000025e+00,3.522271183720901089e+00,7.055508982958704323e+00
1.279000000000000137e+00,3.520773088932283024e+00,7.055106608926454470e+00
1.280000000000000027e+00,3.519277905304069254e+00,7.054705061099596719e+00
1.280999999999999917e+00,3.517785627520395586e+00,7.054304337751672982e+00
1.282000000000000028e+00,3.516296250273441171e+00,7.053904437159999929e+00
1.282999999999999918e+00,3.514809768263460921e+00,7.053505357605633463e+00
1.284000000000000030e+00,3.513326176198747319e+00,7.053107097373362500e+00
1.284999999999999920e+00,3.511845468795659730e+00,7.052709654751689428e+00
1.286000000000000032e+00,3.510367640778586651e+00,7.052313028032836328e+00
1.286999999999999922e+00,3.508892686879969247e+00,7.051917215512732540e+00
1.288000000000000034e+00,3.507420601840284924e+00,7.051522215491012879e+00
1.288999999999999924e+00,3.505951380408033113e+00,7.051128026270977678e+00
1.290000000000000036e+00,3.504485017339757036e+00,7.050734646159637187e+00
1.290999999999999925e+00,3.503021507400010393e+00,7.050342073467643189e+00
1.292000000000000037e+00,3.501560845361378238e+00,7.049950306509325415e+00
1.292999999999999927e+00,3.500103026004461881e+00,7.049559343602679107e+00
1.294000000000000039e+00,3.498648044117862899e+00,7.049169183069325939e+00
1.294999999999999929e+00,3.497195894498202229e+00,7.048779823234527342e+00
1.296000000000000041e+00,3.495746571950085979e+00,7.048391262427188053e+00
1.296999999999999931e+00,3.494300071286139175e+00,7.048003498979815262e+00
1.298000000000000043e+00,3.492856387326969791e+00,7.047616531228539039e+00
1.298999999999999932e+00,3.491415514901169193e+00,7.047230357513083909e+00
1.300000000000000044e+00,3.489977448845314800e+00,7.046844976176767972e+00
1.300999999999999934e+00,3.488542184003976754e+00,7.046460385566518880e+00
1.302000000000000046e+00,3.487109715229677942e+00,7.046076584032813450e+00
1.302999999999999936e+00,3.485680037382930418e+00,7.045693569929712297e+00
1.304000000000000048e+00,3.484253145332196766e+00,7.045311341614828748e+00
1.304999999999999938e+00,3.482829033953907416e+00,7.044929897449347500e+00
1.306000000000000050e+00,3.481407698132439332e+00,7.044549235797965103e+00
1.306999999999999940e+00,3.479989132760129777e+00,7.044169355028960133e+00
1.308000000000000052e+00,3.478573332737254553e+00,7.043790253514100819e+00
1.308999999999999941e+00,3.477160292972029332e+00,7.043411929628682344e+00
1.310000000000000053e+00,3.475750008380603884e+00,7.043034381751527739e+00
1.310999999999999943e+00,3.474342473887061633e+00,7.042657608264951463e+00
1.312000000000000055e+00,3.472937684423405891e+00,7.042281607554769174e+00
1.312999999999999945e+00,3.471535634929560299e+00,7.041906378010274636e+00
1.314000000000000057e+00,3.470136320353364390e+00,7.041531918024245051e+00
1.314999999999999947e+00,3.468739735650568701e+00,7.041158225992937503e+00
1.316000000000000059e+00,3.467345875784813458e+00,7.040785300316058759e+00
1.316999999999999948e+00,3.465954735727652114e+00,7.040413139396781261e+00
1.318000000000000060e+00,3.464566310458529141e+00,7.040041741641721806e+00
1.318999999999999950e+00,3.463180594964762271e+00,7.039671105460928224e+00
1.320000000000000062e+00,3.461797584241569137e+00,7.039301229267887372e+00
1.320999999999999952e+00,3.460417273292030860e+00,7.038932111479510034e+00
1.322000000000000064e+00,3.459039657127102263e+00,7.038563750516114048e+00
1.322999999999999954e+00,3.457664730765605654e+00,7.038196144801431409e+00
1.324000000000000066e+00,3.456292489234222387e+00,7.037829292762595834e+00
1.324999999999999956e+00,3.454922927567481317e+00,7.037463192830123226e+00
1.326000000000000068e+00,3.453556040807767236e+00,7.037097843437927658e+00
1.326999999999999957e+00,3.452191824005300447e+00,7.036733243023277851e+00
1.328000000000000069e+00,3.450830272218150974e+00,7.036369390026828263e+00
1.328999999999999959e+00,3.449471380512201701e+00,7.036006282892579122e+00
1.330000000000000071e+00,3.448115143961167917e+00,7.035643920067895962e+00
1.330999999999999961e+00,3.446761557646587093e+00,7.035282300003487421e+00
1.332000000000000073e+00,3.445410616657816227e+00,7.034921421153390142e+00
1.332999999999999963e+00,3.444062316091994091e+00,7.034561281974975877e+00
1.334000000000000075e+00,3.442716651054095855e+00,7.034201880928943496e+00
1.334999999999999964e+00,3.441373616656855816e+00,7.033843216479287008e+00
1.336000000000000076e+00,3.440033208020828237e+00,7.033485287093325766e+00
1.336999999999999966e+00,3.438695420274337611e+00,7.033128091241665381e+00
1.338000000000000078e+00,3.437360248553483544e+00,7.032771627398219927e+00
1.338999999999999968e+00,3.436027688002137648e+00,7.032415894040161319e+00
1.340000000000000080e+00,3.434697733771940875e+00,7.032060889647959279e+00
1.340999999999999970e+00,3.433370381022292861e+00,7.031706612705332482e+00
1.342000000000000082e+00,3.432045624920337712e+00,7.031353061699278761e+00
1.342999999999999972e+00,3.430723460640974665e+00,7.031000235120036912e+00
1.344000000000000083e+00,3.429403883366840322e+00,7.030648131461093797e+00
1.344999999999999973e+00,3.428086888288303324e+00,7.030296749219174579e+00
1.346000000000000085e+00,3.426772470603463017e+00,7.029946086894241830e+00
1.346999999999999975e+00,3.425460625518135682e+00,7.029596142989464447e+00
1.348000000000000087e+00,3.424151348245860316e+00,7.029246916011238966e+00
1.348999999999999977e+00,3.422844634007867981e+00,7.028898404469184236e+00
1.350000000000000089e+00,3.421540478033115562e+00,7.028550606876095230e+00
1.350999999999999979e+00,3.420238875558230252e+00,7.028203521747967031e+00
1.352000000000000091e+00,3.418939821827545966e+00,7.027857147603986832e+00
1.352999999999999980e+00,3.417643312093073149e+00,7.027511482966526835e+00
1.354000000000000092e+00,3.416349341614499657e+00,7.027166526361118493e+00
1.354999999999999982e+00,3.415057905659175219e+00,7.026822276316445404e+00
1.356000000000000094e+00,3.413768999502120760e+00,7.026478731364391273e+00
1.356999999999999984e+00,3.412482618426013747e+00,7.026135890039948428e+00
1.358000000000000096e+00,3.411198757721176200e+00,7.025793750881275557e+00
1.358999999999999986e+00,3.409917412685575577e+00,7.025452312429643520e+00
1.360000000000000098e+00,3.408638578624806570e+00,7.025111573229481543e+00
1.360999999999999988e+00,3.407362250852112862e+00,7.024771531828310600e+00
1.362000000000000099e+00,3.406088424688338279e+00,7.024432186776797593e+00
1.362999999999999989e+00,3.404817095461960985e+00,7.024093536628678969e+00
1.364000000000000101e+00,3.403548258509060176e+00,7.023755579940819338e+00
1.364999999999999991e+00,3.402281909173306751e+00,7.023418315273166179e+00
1.366000000000000103e+00,3.401018042805984187e+00,7.023081741188754279e+00
1.366999999999999993e+00,3.399756654765953456e+00,7.022745856253690633e+00
1.368000000000000105e+00,3.398497740419666791e+00,7.022410659037171321e+00
1.368999999999999995e+00,3.397241295141137485e+00,7.022076148111433547e+00
1.370000000000000107e+00,3.395987314311960770e+00,7.021742322051775176e+00
1.370999999999999996e+00,3.394735793321272510e+00,7.021409179436565395e+00
1.372000000000000108e+00,3.393486727565788730e+00,7.021076718847203857e+00
1.372999999999999998e+00,3.392240112449743883e+00,7.020744938868122453e+00
1.374000000000000110e+00,3.390995943384941924e+00,7.020413838086781766e+00
1.375000000000000000e+00,3.389754215790684810e+00,7.020083415093678170e+00
1.376000000000000112e+00,3.388514925093833341e+00,7.019753668482312747e+00
1.377000000000000002e+00,3.387278066728736547e+00,7.019424596849198394e+00
1.378000000000000114e+00,3.386043636137280988e+00,7.019096198793846497e+00
1.379000000000000004e+00,3.384811628768840563e+00,7.018768472918770485e+00
1.380000000000000115e+00,3.383582040080284514e+00,7.018441417829468953e+00
1.381000000000000005e+00,3.382354865535984079e+00,7.018115032134421227e+00
1.382000000000000117e+00,3.381130100607783184e+00,7.017789314445081139e+00
1.383000000000000007e+00,3.379907740775004221e+00,7.017464263375876143e+00
1.384000000000000119e+00,3.378687781524431610e+00,7.017139877544178894e+00
1.385000000000000009e+00,3.377470218350318909e+00,7.016816155570334779e+00
1.386000000000000121e+00,3.376255046754367939e+00,7.016493096077637937e+00
1.387000000000000011e+00,3.375042262245723901e+00,7.016170697692307279e+00
1.388000000000000123e+00,3.373831860340974043e+00,7.015848959043497146e+00
1.389000000000000012e+00,3.372623836564129451e+00,7.015527878763312408e+00
1.390000000000000124e+00,3.371418186446641485e+00,7.015207455486756061e+00
1.391000000000000014e+00,3.370214905527356475e+00,7.014887687851753206e+00
1.392000000000000126e+00,3.369013989352549476e+00,7.014568574499134179e+00
1.393000000000000016e+00,3.367815433475884745e+00,7.014250114072637210e+00
1.394000000000000128e+00,3.366619233458413074e+00,7.013932305218883556e+00
1.395000000000000018e+00,3.365425384868593106e+00,7.013615146587397042e+00
1.396000000000000130e+00,3.364233883282242488e+00,7.013298636830587185e+00
1.397000000000000020e+00,3.363044724282557851e+00,7.012982774603697678e+00
1.398000000000000131e+00,3.361857903460101493e+00,7.012667558564886328e+00
1.399000000000000021e+00,3.360673416412792047e+00,7.012352987375159330e+00
1.400000000000000133e+00,3.359491258745889830e+00,7.012039059698369492e+00
1.401000000000000023e+00,3.358311426071996397e+00,7.011725774201227779e+00
1.402000000000000135e+00,3.357133914011058984e+00,7.011413129553281998e+00
1.403000000000000025e+00,3.355958718190341195e+00,7.011101124426919462e+00
1.404000000000000137e+00,3.354785834244417675e+00,7.010789757497356334e+00
1.405000000000000027e+00,3.353615257815186990e+00,7.010479027442636735e+00
1.406000000000000139e+00,3.352446984551843201e+00,7.010168932943606990e+00
1.407000000000000028e+00,3.351281010110875425e+00,7.009859472683936943e+00
1.407999999999999918e+00,3.350117330156059392e+00,7.009550645350103970e+00
1.409000000000000030e+00,3.348955940358458339e+00,7.009242449631361005e+00
1.409999999999999920e+00,3.347796836396387032e+00,7.008934884219785388e+00
1.411000000000000032e+00,3.346640013955452186e+00,7.008627947810217584e+00
1.411999999999999922e+00,3.345485468728491618e+00,7.008321639100278055e+00
1.413000000000000034e+00,3.344333196415604004e+00,7.008015956790364598e+00
1.413999999999999924e+00,3.343183192724128894e+00,7.007710899583634578e+00
1.415000000000000036e+00,3.342035453368633391e+00,7.007406466186019145e+00
1.415999999999999925e+00,3.340889974070911261e+00,7.007102655306189476e+00
1.417000000000000037e+00,3.339746750559972721e+00,7.006799465655581649e+00
1.417999999999999927e+00,3.338605778572039107e+00,7.006496895948340686e+00
1.419000000000000039e+00,3.337467053850532661e+00,7.006194944901391608e+00
1.419999999999999929e+00,3.336330572146062767e+00,7.005893611234343510e+00
1.421000000000000041e+00,3.335196329216437050e+00,7.005592893669566834e+00
1.421999999999999931e+00,3.334064320826620520e+00,7.005292790932115210e+00
1.423000000000000043e+00,3.332934542748771989e+00,7.004993301749785850e+00
1.423999999999999932e+00,3.331806990762185894e+00,7.004694424853058266e+00
1.425000000000000044e+00,3.330681660653334930e+00,7.004396158975107589e+00
1.425999999999999934e+00,3.329558548215814540e+00,7.004098502851819674e+00
1.427000000000000046e+00,3.328437649250376218e+00,7.003801455221753791e+00
1.427999999999999936e+00,3.327318959564891543e+00,7.003505014826153285e+00
1.429000000000000048e+00,3.326202474974352175e+00,7.003209180408935808e+00
1.429999999999999938e+00,3.325088191300866747e+00,7.002913950716690650e+00
1.431000000000000050e+00,3.323976104373650209e+00,7.002619324498655651e+00
1.431999999999999940e+00,3.322866210029006506e+00,7.002325300506742956e+00
1.433000000000000052e+00,3.321758504110343679e+00,7.002031877495511480e+00
1.433999999999999941e+00,3.320652982468133896e+00,7.001739054222147374e+00
1.435000000000000053e+00,3.319549640959926773e+00,7.001446829446497766e+00
1.435999999999999943e+00,3.318448475450349822e+00,7.001155201931023697e+00
1.437000000000000055e+00,3.317349481811072920e+00,7.000864170440839196e+00
1.437999999999999945e+00,3.316252655920818082e+00,7.000573733743638449e+00
1.439000000000000057e+00,3.315157993665347469e+00,7.000283890609768633e+00
1.439999999999999947e+00,3.314065490937454062e+00,6.999994639812165076e+00
1.441000000000000059e+00,3.312975143636958997e+00,6.999705980126371685e+00
1.441999999999999948e+00,3.311886947670698245e+00,6.999417910330527626e+00
1.443000000000000060e+00,3.310800898952508398e+00,6.999130429205379755e+00
1.443999999999999950e+00,3.309716993403234220e+00,6.998843535534233773e+00
1.445000000000000062e+00,3.308635226950701558e+00,6.998557228102984418e+00
1.445999999999999952e+00,3.307555595529738657e+00,6.998271505700106587e+00
1.447000000000000064e+00,3.306478095082121094e+00,6.997986367116650896e+00
1.447999999999999954e+00,3.305402721556615298e+00,6.997701811146218809e+00
1.449000000000000066e+00,3.304329470908927036e+00,6.997417836584958195e+00
1.449999999999999956e+00,3.303258339101725394e+00,6.997134442231591756e+00
1.451000000000000068e+00,3.302189322104612135e+00,6.996851626887372610e+00
1.451999999999999957e+00,3.301122415894128359e+00,6.996569389356093183e+00
1.453000000000000069e+00,3.300057616453734077e+00,6.996287728444084308e+00
1.453999999999999959e+00,3.298994919773809542e+00,6.996006642960217015e+00
1.455000000000000071e+00,3.297934321851645034e+00,6.995726131715861662e+00
1.455999999999999961e+00,3.296875818691427540e+00,6.995446193524920808e+00
1.457000000000000073e+00,3.295819406304234089e+00,6.995166827203791016e+00
1.457999999999999963e+00,3.294765080708030869e+00,6.994888031571412590e+00
1.459000000000000075e+00,3.293712837927651460e+00,6.994609805449192308e+00
1.459999999999999964e+00,3.292662673994799949e+00,6.994332147661027399e+00
1.461000000000000076e+00,3.291614584948042044e+00,6.994055057033331302e+00
1.461999999999999966e+00,3.290568566832786424e+00,6.993778532394984815e+00
1.463000000000000078e+00,3.289524615701283849e+00,6.993502572577355636e+00
1.463999999999999968e+00,3.288482727612627610e+00,6.993227176414269941e+00
1.465000000000000080e+00,3.287442898632717547e+00,6.992952342742026595e+00
1.465999999999999970e+00,3.286405124834284486e+00,6.992678070399398926e+00
1.467000000000000082e+00,3.285369402296862695e+00,6.992404358227594763e+00
1.467999999999999972e+00,3.284335727106787672e+00,6.992131205070284850e+00
1.469000000000000083e+00,3.283304095357177488e+00,6.991858609773593081e+00
1.469999999999999973e+00,3.282274503147946110e+00,6.991586571186060972e+00
1.471000000000000085e+00,3.281246946585763880e+00,6.991315088158684965e+00
1.471999999999999975e+00,3.280221421784081937e+00,6.991044159544879122e+00
1.473000000000000087e+00,3.279197924863100688e+00,6.990773784200485785e+00
1.473999999999999977e+00,3.278176451949772474e+00,6.990503960983758702e+00
1.475000000000000089e+00,3.277156999177786911e+00,6.990234688755373682e+00
1.475999999999999979e+00,3.276139562687562456e+00,6.989965966378406392e+00
1.477000000000000091e+00,3.275124138626248627e+00,6.989697792718335023e+00
1.477999999999999980e+00,3.274110723147699353e+00,6.989430166643039399e+00
1.479000000000000092e+00,3.273099312412484529e+00,6.989163087022789433e+00
1.479999999999999982e+00,3.272089902587864696e+00,6.988896552730233580e+00
1.481000000000000094e+00,3.271082489847789265e+00,6.988630562640405053e+00
1.481999999999999984e+00,3.270077070372895189e+00,6.988365115630713831e+00
1.483000000000000096e+00,3.269073640350481202e+00,6.988100210580953764e+00
1.483999999999999986e+00,3.268072195974511818e+00,6.987835846373256388e+00
1.485000000000000098e+00,3.267072733445615551e+00,6.987572021892125562e+00
1.485999999999999988e+00,3.266075248971054279e+00,6.987308736024421485e+00
1.487000000000000099e+00,3.265079738764740114e+00,6.987045987659349144e+00
1.487999999999999989e+00,3.264086199047200321e+00,6.986783775688462761e+00
1.489000000000000101e+00,3.263094626045593749e+00,6.986522099005653352e+00
1.489999999999999991e+00,3.262105015993681079e+00,6.986260956507145181e+00
1.491000000000000103e+00,3.261117365131838586e+00,6.986000347091492202e+00
1.491999999999999993e+00,3.260131669707027502e+00,6.985740269659556745e+00
1.493000000000000105e+00,3.259147925972800230e+00,6.985480723114553037e+00
1.493999999999999995e+00,3.258166130189282583e+00,6.985221706361976146e+00
1.495000000000000107e+00,3.257186278623176445e+00,6.984963218309632182e+00
1.495999999999999996e+00,3.256208367547734905e+00,6.984705257867650730e+00
1.497000000000000108e+00,3.255232393242767142e+00,6.984447823948435996e+00
1.497999999999999998e+00,3.254258351994629983e+00,6.984190915466700567e+00
1.499000000000000110e+00,3.253286240096206594e+00,6.983934531339440532e+00
1.500000000000000000e+00,3.252316053846910471e+00,6.983678670485923057e+00
1.501000000000000112e+00,3.251347789552675671e+00,6.983423331827714797e+00
1.502000000000000002e+00,3.250381443525932834e+00,6.983168514288633055e+00
1.503000000000000114e+00,3.249417012085630052e+00,6.982914216794771534e+00
1.504000000000000004e+00,3.248454491557191570e+00,6.982660438274483461e+00
1.505000000000000115e+00,3.247493878272532886e+00,6.982407177658386033e+00
1.506000000000000005e+00,3.246535168570035879e+00,6.982154433879351529e+00
1.507000000000000117e+00,3.245578358794560359e+00,6.981902205872478895e+00
1.508000000000000007e+00,3.244623445297410758e+00,6.981650492575125710e+00
1.509000000000000119e+00,3.243670424436347233e+00,6.981399292926893985e+00
1.510000000000000009e+00,3.242719292575567458e+00,6.981148605869592849e+00
1.511000000000000121e+00,3.241770046085695522e+00,6.980898430347285633e+00
1.512000000000000011e+00,3.240822681343784595e+00,6.980648765306245451e+00
1.513000000000000123e+00,3.239877194733294719e+00,6.980399609694964091e+00
1.514000000000000012e+00,3.238933582644101694e+00,6.980150962464143127e+00
1.515000000000000124e+00,3.237991841472462884e+00,6.979902822566695697e+00
1.516000000000000014e+00,3.237051967621038973e+00,6.979655188957752721e+00
1.517000000000000126e+00,3.236113957498850446e+00,6.979408060594607832e+00
1.518000000000000016e+00,3.235177807521306903e+00,6.979161436436774224e+00
1.519000000000000128e+00,3.234243514110171525e+00,6.978915315445951784e+00
1.520000000000000018e+00,3.233311073693550863e+00,6.978669696586026205e+00
1.521000000000000130e+00,3.232380482705917490e+00,6.978424578823053892e+00
1.522000000000000020e+00,3.231451737588057593e+00,6.978179961125262842e+00
1.523000000000000131e+00,3.230524834787095401e+00,6.977935842463054428e+00
1.524000000000000021e+00,3.229599770756474975e+00,6.977692221808996287e+00
1.525000000000000133e+00,3.228676541955942003e+00,6.977449098137826766e+00
1.526000000000000023e+00,3.227755144851550906e+00,6.977206470426414064e+00
1.527000000000000135e+00,3.226835575915641741e+00,6.976964337653799753e+00
1.528000000000000025e+00,3.225917831626841981e+00,6.976722698801149036e+00
1.529000000000000137e+00,3.225001908470052747e+00,6.976481552851795165e+00
1.530000000000000027e+00,3.224087802936438596e+00,6.976240898791180811e+00
1.531000000000000139e+00,3.223175511523427517e+00,6.976000735606900705e+00
1.532000000000000028e+00,3.222265030734686952e+00,6.975761062288664327e+00
1.533000000000000140e+00,3.221356357080139787e+00,6.975521877828307460e+00
1.534000000000000030e+00,3.220449487075915940e+00,6.975283181219781525e+00
1.535000000000000142e+00,3.219544417244391887e+00,6.975044971459163357e+00
1.536000000000000032e+00,3.218641144114145813e+00,6.974807247544608124e+00
1.536999999999999922e+00,3.217739664219961604e+00,6.974570008476399963e+00
1.538000000000000034e+00,3.216839974102822186e+00,6.974333253256919107e+00
1.538999999999999924e+00,3.215942070309895762e+00,6.974096980890633901e+00
1.540000000000000036e+00,3.215045949394539804e+00,6.973861190384104347e+00
1.540999999999999925e+00,3.214151607916259312e+00,6.973625880745975003e+00
1.542000000000000037e+00,3.213259042440746338e+00,6.973391050986969653e+00
1.542999999999999927e+00,3.212368249539830245e+00,6.973156700119900187e+00
1.544000000000000039e+00,3.211479225791488368e+00,6.972922827159627523e+00
1.544999999999999929e+00,3.210591967779836242e+00,6.972689431123102466e+00
1.546000000000000041e+00,3.209706472095115171e+00,6.972456511029322179e+00
1.546999999999999931e+00,3.208822735333679343e+00,6.972224065899340850e+00
1.548000000000000043e+00,3.207940754098004277e+00,6.971992094756286562e+00
1.548999999999999932e+00,3.207060524996651729e+00,6.971760596625314221e+00
1.550000000000000044e+00,3.206182044644287910e+00,6.971529570533625986e+00
1.550999999999999934e+00,3.205305309661649726e+00,6.971299015510473041e+00
1.552000000000000046e+00,3.204430316675570101e+00,6.971068930587150270e+00
1.552999999999999936e+00,3.203557062318922011e+00,6.970839314796958952e+00
1.554000000000000048e+00,3.202685543230651355e+00,6.970610167175236960e+00
1.554999999999999938e+00,3.201815756055750750e+00,6.970381486759357870e+00
1.556000000000000050e+00,3.200947697445250206e+00,6.970153272588689219e+00
1.556999999999999940e+00,3.200081364056210909e+00,6.969925523704636916e+00
1.558000000000000052e+00,3.199216752551725662e+00,6.969698239150597274e+00
1.558999999999999941e+00,3.198353859600882032e+00,6.969471417971970340e+00
1.560000000000000053e+00,3.197492681878788545e+00,6.969245059216175875e+00
1.560999999999999943e+00,3.196633216066549377e+00,6.969019161932613393e+00
1.562000000000000055e+00,3.195775458851247475e+00,6.968793725172668374e+00
1.562999999999999945e+00,3.194919406925952554e+00,6.968568747989730916e+00
1.564000000000000057e+00,3.194065056989704665e+00,6.968344229439158433e+00
1.564999999999999947e+00,3.193212405747501315e+00,6.968120168578302298e+00
1.566000000000000059e+00,3.192361449910293469e+00,6.967896564466472320e+00
1.566999999999999948e+00,3.191512186194983336e+00,6.967673416164958944e+00
1.568000000000000060e+00,3.190664611324401267e+00,6.967450722737006608e+00
1.568999999999999950e+00,3.189818722027304432e+00,6.967228483247838611e+00
1.570000000000000062e+00,3.188974515038373703e+00,6.967006696764612705e+00
1.570999999999999952e+00,3.188131987098202114e+00,6.966785362356467282e+00
1.572000000000000064e+00,3.187291134953272209e+00,6.966564479094450313e+00
1.572999999999999954e+00,3.186451955355971588e+00,6.966344046051601069e+00
1.574000000000000066e+00,3.185614445064559597e+00,6.966124062302868403e+00
1.574999999999999956e+00,3.184778600843181984e+00,6.965904526925125850e+00
1.576000000000000068e+00,3.183944419461846476e+00,6.965685438997215151e+00
1.576999999999999957e+00,3.183111897696414783e+00,6.965466797599882298e+00
1.578000000000000069e+00,3.182281032328602599e+00,6.965248601815786422e+00
1.578999999999999959e+00,3.181451820145963172e+00,6.965030850729532652e+00
1.580000000000000071e+00,3.180624257941889077e+00,6.964813543427633036e+00
1.580999999999999961e+00,3.179798342515578469e+00,6.964596678998482560e+00
1.582000000000000073e+00,3.178974070672071939e+00,6.964380256532416880e+00
1.582999999999999963e+00,3.178151439222184571e+00,6.964164275121659919e+00
1.584000000000000075e+00,3.177330444982552571e+00,6.963948733860338969e+00
1.584999999999999964e+00,3.176511084775590188e+00,6.963733631844461591e+00
1.586000000000000076e+00,3.175693355429494158e+00,6.963518968171945822e+00
1.586999999999999966e+00,3.174877253778229491e+00,6.963304741942581089e+00
1.588000000000000078e+00,3.174062776661533469e+00,6.963090952258039756e+00
1.588999999999999968e+00,3.173249920924885892e+00,6.962877598221880682e+00
1.590000000000000080e+00,3.172438683419518846e+00,6.962664678939514573e+00
1.590999999999999970e+00,3.171629061002398497e+00,6.962452193518249288e+00
1.592000000000000082e+00,3.170821050536222874e+00,6.962240141067237431e+00
1.592999999999999972e+00,3.170014648889404096e+00,6.962028520697509215e+00
1.594000000000000083e+00,3.169209852936070604e+00,6.961817331521930718e+00
1.594999999999999973e+00,3.168406659556055160e+00,6.961606572655250957e+00
1.596000000000000085e+00,3.167605065634873540e+00,6.961396243214037050e+00
1.596999999999999975e+00,3.166805068063742734e+00,6.961186342316719511e+00
1.598000000000000087e+00,3.166006663739539206e+00,6.960976869083573604e+00
1.598999999999999977e+00,3.165209849564823319e+00,6.960767822636696245e+00
1.600000000000000089e+00,3.164414622447806469e+00,6.960559202100024656e+00
1.600999999999999979e+00,3.163620979302352865e+00,6.960351006599329260e+00
1.602000000000000091e+00,3.162828917047967092e+00,6.960143235262200356e+00
1.602999999999999980e+00,3.162038432609795446e+00,6.959935887218060557e+00
1.604000000000000092e+00,3.161249522918595734e+00,6.959728961598131036e+00
1.604999999999999982e+00,3.160462184910758143e+00,6.959522457535457285e+00
1.606000000000000094e+00,3.159676415528268834e+00,6.959316374164894903e+00
1.606999999999999984e+00,3.158892211718720588e+00,6.959110710623107821e+00
1.608000000000000096e+00,3.158109570435293278e+00,6.958905466048553201e+00
1.608999999999999986e+00,3.157328488636756525e+00,6.958700639581493874e+00
1.610000000000000098e+00,3.156548963287443943e+00,6.958496230363978796e+00
1.610999999999999988e+00,3.155770991357254474e+00,6.958292237539855485e+00
1.612000000000000099e+00,3.154994569821660377e+00,6.958088660254747815e+00
1.612999999999999989e+00,3.154219695661665490e+00,6.957885497656068452e+00
1.614000000000000101e+00,3.153446365863818102e+00,6.957682748893013525e+00
1.614999999999999991e+00,3.152674577420199409e+00,6.957480413116540419e+00
1.616000000000000103e+00,3.151904327328415523e+00,6.957278489479386430e+00
1.616999999999999993e+00,3.151135612591579704e+00,6.957076977136057216e+00
1.618000000000000105e+00,3.150368430218325244e+00,6.956875875242808149e+00
1.618999999999999995e+00,3.149602777222760164e+00,6.956675182957673620e+00
1.620000000000000107e+00,3.148838650624504076e+00,6.956474899440427961e+00
1.620999999999999996e+00,3.148076047448647330e+00,6.956275023852614758e+00
1.622000000000000108e+00,3.147314964725747899e+00,6.956075555357497997e+00
1.622999999999999998e+00,3.146555399491835381e+00,6.955876493120107362e+00
1.624000000000000110e+00,3.145797348788391012e+00,6.955677836307199158e+00
1.625000000000000000e+00,3.145040809662344117e+00,6.955479584087282063e+00
1.626000000000000112e+00,3.144285779166051231e+00,6.955281735630593154e+00
1.627000000000000002e+00,3.143532254357316091e+00,6.955084290109079248e+00
1.628000000000000114e+00,3.142780232299357213e+00,6.954887246696448422e+00
1.629000000000000004e+00,3.142029710060796344e+00,6.954690604568093626e+00
1.630000000000000115e+00,3.141280684715674010e+00,6.954494362901145088e+00
1.631000000000000005e+00,3.140533153343413098e+00,6.954298520874450773e+00
1.632000000000000117e+00,3.139787113028833065e+00,6.954103077668557731e+00
1.633000000000000007e+00,3.139042560862128184e+00,6.953908032465719202e+00
1.634000000000000119e+00,3.138299493938869755e+00,6.953713384449906165e+00
1.635000000000000009e+00,3.137557909359981689e+00,6.953519132806784242e+00
1.636000000000000121e+00,3.136817804231746720e+00,6.953325276723698600e+00
1.637000000000000011e+00,3.136079175665793972e+00,6.953131815389694381e+00
1.638000000000000123e+00,3.135342020779083416e+00,6.952938747995528246e+00
1.639000000000000012e+00,3.134606336693913864e+00,6.952746073733607091e+00
1.640000000000000124e+00,3.133872120537892769e+00,6.952553791798038674e+00
1.641000000000000014e+00,3.133139369443947775e+00,6.952361901384607634e+00
1.642000000000000126e+00,3.132408080550312057e+00,6.952170401690763057e+00
1.643000000000000016e+00,3.131678251000501234e+00,6.951979291915637127e+00
1.644000000000000128e+00,3.130949877943325355e+00,6.951788571260020255e+00
1.645000000000000018e+00,3.130222958532879574e+00,6.951598238926371742e+00
1.646000000000000130e+00,3.129497489928513954e+00,6.951408294118794018e+00
1.647000000000000020e+00,3.128773469294857446e+00,6.951218736043071722e+00
1.648000000000000131e+00,3.128050893801771704e+00,6.951029563906625519e+00
1.649000000000000021e+00,3.127329760624385724e+00,6.950840776918528086e+00
1.650000000000000133e+00,3.126610066943048771e+00,6.950652374289494340e+00
1.651000000000000023e+00,3.125891809943345923e+00,6.950464355231894764e+00
1.652000000000000135e+00,3.125174986816074973e+00,6.950276718959706557e+00
1.653000000000000025e+00,3.124459594757258429e+00,6.950089464688583796e+00
1.654000000000000137e+00,3.123745630968110198e+00,6.949902591635785498e+00
1.655000000000000027e+00,3.123033092655045362e+00,6.949716099020196935e+00
1.656000000000000139e+00,3.122321977029654860e+00,6.949529986062342957e+00
1.657000000000000028e+00,3.121612281308734360e+00,6.949344251984360454e+00
1.658000000000000140e+00,3.120904002714213199e+00,6.949158896009994812e+00
1.659000000000000030e+00,3.120197138473217446e+00,6.948973917364620334e+00
1.660000000000000142e+00,3.119491685818003290e+00,6.948789315275222478e+00
1.661000000000000032e+00,3.118787641985983683e+00,6.948605088970376542e+00
1.662000000000000144e+00,3.118085004219703915e+00,6.948421237680278750e+00
1.663000000000000034e+00,3.117383769766840729e+00,6.948237760636713389e+00
1.664000000000000146e+00,3.116683935880188994e+00,6.948054657073066132e+00
1.665000000000000036e+00,3.115985499817660820e+00,6.947871926224324035e+00
1.665999999999999925e+00,3.115288458842269126e+00,6.947689567327052451e+00
1.667000000000000037e+00,3.114592810222116981e+00,6.947507579619390583e+00
1.667999999999999927e+00,3.113898551230410483e+00,6.947325962341096783e+00
1.669000000000000039e+00,3.113205679145419236e+00,6.947144714733482829e+00
1.669999999999999929e+00,3.112514191250498108e+00,6.946963836039441453e+00
1.671000000000000041e+00,3.111824084834049042e+00,6.946783325503441908e+00
1.671999999999999931e+00,3.111135357189551698e+00,6.946603182371507756e+00
1.673000000000000043e+00,3.110448005615508382e+00,6.946423405891257730e+00
1.673999999999999932e+00,3.109762027415477359e+00,6.946243995311835562e+00
1.675000000000000044e+00,3.109077419898034211e+00,6.946064949883982820e+00
1.675999999999999934e+00,3.108394180376795379e+00,6.945886268859979396e+00
1.677000000000000046e+00,3.107712306170365757e+00,6.945707951493647947e+00
1.677999999999999936e+00,3.107031794602379993e+00,6.945529997040370773e+00
1.679000000000000048e+00,3.106352643001464742e+00,6.945352404757087150e+00
1.679999999999999938e+00,3.105674848701221347e+00,6.945175173902251586e+00
1.681000000000000050e+00,3.104998409040252927e+00,6.944998303735878231e+00
1.681999999999999940e+00,3.104323321362125743e+00,6.944821793519523112e+00
1.683000000000000052e+00,3.103649583015376301e+00,6.944645642516253936e+00
1.683999999999999941e+00,3.102977191353490483e+00,6.944469849990686505e+00
1.685000000000000053e+00,3.102306143734907984e+00,6.944294415208948301e+00
1.685999999999999943e+00,3.101636437523017875e+00,6.944119337438698913e+00
1.687000000000000055e+00,3.100968070086129735e+00,6.943944615949113164e+00
1.687999999999999945e+00,3.100301038797488307e+00,6.943770250010890877e+00
1.689000000000000057e+00,3.099635341035243741e+00,6.943596238896232009e+00
1.689999999999999947e+00,3.098970974182469362e+00,6.943422581878864186e+00
1.691000000000000059e+00,3.098307935627122145e+00,6.943249278233991184e+00
1.691999999999999948e+00,3.097646222762071577e+00,6.943076327238363987e+00
1.693000000000000060e+00,3.096985832985057030e+00,6.942903728170193745e+00
1.693999999999999950e+00,3.096326763698701523e+00,6.942731480309201508e+00
1.695000000000000062e+00,3.095669012310495738e+00,6.942559582936623563e+00
1.695999999999999952e+00,3.095012576232786916e+00,6.942388035335156360e+00
1.697000000000000064e+00,3.094357452882781079e+00,6.942216836788994705e+00
1.697999999999999954e+00,3.093703639682526152e+00,6.942045986583829986e+00
1.699000000000000066e+00,3.093051134058907969e+00,6.941875484006819086e+00
1.699999999999999956e+00,3.092399933443640059e+00,6.941705328346599480e+00
1.701000000000000068e+00,3.091750035273260089e+00,6.941535518893291012e+00
1.701999999999999957e+00,3.091101436989108109e+00,6.941366054938470143e+00
1.703000000000000069e+00,3.090454136037346089e+00,6.941196935775208132e+00
1.703999999999999959e+00,3.089808129868911735e+00,6.941028160698012428e+00
1.705000000000000071e+00,3.089163415939556678e+00,6.940859729002878176e+00
1.705999999999999961e+00,3.088519991709792745e+00,6.940691639987241146e+00
1.707000000000000073e+00,3.087877854644915931e+00,6.940523892949997276e+00
1.707999999999999963e+00,3.087237002214981985e+00,6.940356487191503554e+00
1.709000000000000075e+00,3.086597431894808619e+00,6.940189422013557596e+00
1.709999999999999964e+00,3.085959141163954200e+00,6.940022696719406525e+00
1.711000000000000076e+00,3.085322127506736400e+00,6.939856310613750523e+00
1.711999999999999966e+00,3.084686388412185121e+00,6.939690263002714410e+00
1.713000000000000078e+00,3.084051921374071803e+00,6.939524553193868073e+00
1.713999999999999968e+00,3.083418723890874791e+00,6.939359180496224688e+00
1.715000000000000080e+00,3.082786793465794428e+00,6.939194144220205196e+00
1.715999999999999970e+00,3.082156127606721974e+00,6.939029443677689812e+00
1.717000000000000082e+00,3.081526723826249370e+00,6.938865078181956747e+00
1.717999999999999972e+00,3.080898579641653701e+00,6.938701047047726611e+00
1.719000000000000083e+00,3.080271692574886533e+00,6.938537349591127779e+00
1.719999999999999973e+00,3.079646060152580134e+00,6.938373985129703492e+00
1.721000000000000085e+00,3.079021679906019493e+00,6.938210952982419855e+00
1.721999999999999975e+00,3.078398549371148096e+00,6.938048252469648070e+00
1.723000000000000087e+00,3.077776666088559043e+00,6.937885882913160884e+00
1.723999999999999977e+00,3.077156027603486610e+00,6.937723843636145027e+00
1.725000000000000089e+00,3.076536631465792482e+00,6.937562133963183442e+00
1.725999999999999979e+00,3.075918475229965310e+00,6.937400753220258842e+00
1.727000000000000091e+00,3.075301556455102503e+00,6.937239700734751935e+00
1.727999999999999980e+00,3.074685872704923995e+00,6.937078975835423655e+00
1.729000000000000092e+00,3.074071421547740268e+00,6.936918577852443590e+00
1.729999999999999982e+00,3.073458200556453246e+00,6.936758506117350009e+00
1.731000000000000094e+00,3.072846207308562505e+00,6.936598759963073846e+00
1.731999999999999984e+00,3.072235439386131084e+00,6.936439338723922710e+00
1.733000000000000096e+00,3.071625894375797472e+00,6.936280241735582663e+00
1.733999999999999986e+00,3.071017569868769392e+00,6.936121468335124440e+00
1.735000000000000098e+00,3.070410463460797157e+00,6.935963017860964364e+00
1.735999999999999988e+00,3.069804572752180771e+00,6.935804889652924743e+00
1.737000000000000099e+00,3.069199895347766383e+00,6.935647083052154827e+00
1.737999999999999989e+00,3.068596428856924518e+00,6.935489597401200967e+00
1.739000000000000101e+00,3.067994170893554529e+00,6.935332432043942674e+00
1.739999999999999991e+00,3.067393119076067265e+00,6.935175586325636132e+00
1.741000000000000103e+00,3.066793271027385082e+00,6.935019059592882229e+00
1.741999999999999993e+00,3.066194624374928512e+00,6.934862851193632771e+00
1.743000000000000105e+00,3.065597176750613162e+00,6.934706960477189597e+00
1.743999999999999995e+00,3.065000925790841713e+00,6.934551386794210792e+00
1.745000000000000107e+00,3.064405869136489269e+00,6.934396129496671612e+00
1.745999999999999996e+00,3.063812004432909131e+00,6.934241187937914219e+00
1.747000000000000108e+00,3.063219329329911478e+00,6.934086561472606824e+00
1.747999999999999998e+00,3.062627841481763813e+00,6.933932249456745467e+00
1.749000000000000110e+00,3.062037538547179860e+00,6.933778251247669999e+00
1.750000000000000000e+00,3.061448418189315568e+00,6.933624566204042772e+00
1.751000000000000112e+00,3.060860478075756230e+00,6.933471193685856626e+00
1.752000000000000002e+00,3.060273715878512046e+00,6.933318133054410914e+00
1.753000000000000114e+00,3.059688129274017676e+00,6.933165383672348803e+00
1.754000000000000004e+00,3.059103715943108259e+00,6.933012944903618191e+00
1.755000000000000115e+00,3.058520473571024745e+00,6.932860816113478819e+00
1.756000000000000005e+00,3.057938399847408117e+00,6.932708996668512924e+00
1.757000000000000117e+00,3.057357492466276305e+00,6.932557485936600372e+00
1.758000000000000007e+00,3.056777749126032617e+00,6.932406283286931092e+00
1.759000000000000119e+00,3.056199167529457306e+00,6.932255388090004189e+00
1.760000000000000009e+00,3.055621745383687582e+00,6.932104799717614618e+00
1.761000000000000121e+00,3.055045480400215840e+00,6.931954517542856742e+00
1.762000000000000011e+00,3.054470370294896320e+00,6.931804540940116333e+00
1.763000000000000123e+00,3.053896412787915793e+00,6.931654869285070575e+00
1.764000000000000012e+00,3.053323605603799340e+00,6.931505501954706716e+00
1.765000000000000124e+00,3.052751946471397471e+00,6.931356438327266112e+00
1.766000000000000014e+00,3.052181433123881682e+00,6.931207677782301957e+00
1.767000000000000126e+00,3.051612063298740463e+00,6.931059219700636653e+00
1.768000000000000016e+00,3.051043834737758420e+00,6.930911063464362698e+00
1.769000000000000128e+00,3.050476745187024274e+00,6.930763208456874658e+00
1.770000000000000018e+00,3.049910792396916648e+00,6.930615654062814102e+00
1.771000000000000130e+00,3.049345974122096514e+00,6.930468399668111346e+00
1.772000000000000020e+00,3.048782288121500095e+00,6.930321444659950814e+00
1.773000000000000131e+00,3.048219732158331752e+00,6.930174788426799459e+00
1.774000000000000021e+00,3.047658304000056884e+00,6.930028430358364133e+00
1.775000000000000133e+00,3.047098001418397040e+00,6.929882369845639545e+00
1.776000000000000023e+00,3.046538822189312157e+00,6.929736606280844313e+00
1.777000000000000135e+00,3.045980764093008553e+00,6.929591139057488469e+00
1.778000000000000025e+00,3.045423824913921607e+00,6.929445967570302400e+00
1.779000000000000137e+00,3.044868002440714871e+00,6.929301091215291919e+00
1.780000000000000027e+00,3.044313294466259645e+00,6.929156509389685858e+00
1.781000000000000139e+00,3.043759698787643853e+00,6.929012221491971601e+00
1.782000000000000028e+00,3.043207213206157391e+00,6.928868226921885309e+00
1.783000000000000140e+00,3.042655835527281916e+00,6.928724525080371954e+00
1.784000000000000030e+00,3.042105563560687287e+00,6.928581115369646604e+00
1.785000000000000142e+00,3.041556395120231127e+00,6.928437997193142017e+00
1.786000000000000032e+00,3.041008328023932172e+00,6.928295169955522859e+00
1.787000000000000144e+00,3.040461360093984933e+00,6.928152633062687471e+00
1.788000000000000034e+00,3.039915489156735706e+00,6.928010385921743897e+00
1.789000000000000146e+00,3.039370713042687910e+00,6.927868427941052509e+00
1.790000000000000036e+00,3.038827029586487871e+00,6.927726758530158513e+00
1.791000000000000147e+00,3.038284436626917273e+00,6.927585377099850561e+00
1.792000000000000037e+00,3.037742932006886498e+00,6.927444283062131447e+00
1.792999999999999927e+00,3.037202513573431517e+00,6.927303475830212776e+00
1.794000000000000039e+00,3.036663179177705896e+00,6.927162954818515850e+00
1.794999999999999929e+00,3.036124926674963920e+00,6.927022719442662790e+00
1.796000000000000041e+00,3.035587753924566368e+00,6.926882769119486305e+00
1.796999999999999931e+00,3.035051658789971185e+00,6.926743103267031465e+00
1.798000000000000043e+00,3.034516639138716609e+00,6.926603721304530836e+00
1.798999999999999932e+00,3.033982692842421169e+00,6.926464622652416914e+00
1.800000000000000044e+00,3.033449817776783242e+00,6.926325806732328338e+00
1.800999999999999934e+00,3.032918011821554405e+00,6.926187272967081476e+00
1.802000000000000046e+00,3.032387272860555871e+00,6.926049020780691734e+00
1.802999999999999936e+00,3.031857598781657170e+00,6.925911049598354907e+00
1.804000000000000048e+00,3.031328987476769043e+00,6.925773358846456951e+00
1.804999999999999938e+00,3.030801436841841667e+00,6.925635947952580196e+00
1.806000000000000050e+00,3.030274944776854884e+00,6.925498816345451836e+00
1.806999999999999940e+00,3.029749509185804879e+00,6.925361963455006098e+00
1.808000000000000052e+00,3.029225127976720611e+00,6.925225388712353158e+00
1.808999999999999941e+00,3.028701799061622957e+00,6.925089091549752496e+00
1.810000000000000053e+00,3.028179520356539367e+00,6.924953071400653748e+00
1.810999999999999943e+00,3.027658289781495426e+00,6.924817327699677172e+00
1.812000000000000055e+00,3.027138105260506862e+00,6.924681859882582557e+00
1.812999999999999945e+00,3.026618964721560445e+00,6.924546667386322518e+00
1.814000000000000057e+00,3.026100866096623765e+00,6.924411749648994530e+00
1.814999999999999947e+00,3.025583807321632346e+00,6.924277106109861357e+00
1.816000000000000059e+00,3.025067786336471887e+00,6.924142736209324411e+00
1.816999999999999948e+00,3.024552801084996467e+00,6.924008639388958386e+00
1.818000000000000060e+00,3.024038849514989469e+00,6.923874815091477508e+00
1.818999999999999950e+00,3.023525929578184890e+00,6.923741262760752413e+00
1.820000000000000062e+00,3.023014039230247807e+00,6.923607981841791492e+00
1.820999999999999952e+00,3.022503176430758387e+00,6.923474971780740894e+00
1.822000000000000064e+00,3.021993339143224322e+00,6.923342232024907617e+00
1.822999999999999954e+00,3.021484525335063953e+00,6.923209762022719538e+00
1.824000000000000066e+00,3.020976732977596058e+00,6.923077561223757392e+00
1.824999999999999956e+00,3.020469960046037627e+00,6.922945629078713914e+00
1.826000000000000068e+00,3.019964204519495432e+00,6.922813965039428474e+00
1.826999999999999957e+00,3.019459464380963798e+00,6.922682568558863103e+00
1.828000000000000069e+00,3.018955737617315727e+00,6.922551439091110481e+00
1.828999999999999959e+00,3.018453022219279802e+00,6.922420576091386835e+00
1.830000000000000071e+00,3.017951316181462396e+00,6.922289979016031936e+00
1.830999999999999961e+00,3.017450617502320576e+00,6.922159647322489562e+00
1.832000000000000073e+00,3.016950924184159444e+00,6.922029580469350130e+00
1.832999999999999963e+00,3.016452234233131247e+00,6.921899777916300067e+00
1.834000000000000075e+00,3.015954545659221608e+00,6.921770239124130697e+00
1.834999999999999964e+00,3.015457856476240206e+00,6.921640963554763104e+00
1.836000000000000076e+00,3.014962164701826985e+00,6.921511950671207281e+00
1.836999999999999966e+00,3.014467468357428626e+00,6.921383199937596764e+00
1.838000000000000078e+00,3.013973765468306087e+00,6.921254710819158440e+00
1.838999999999999968e+00,3.013481054063521292e+00,6.921126482782220535e+00
1.840000000000000080e+00,3.012989332175928681e+00,6.920998515294206399e+00
1.840999999999999970e+00,3.012498597842181880e+00,6.920870807823639836e+00
1.842000000000000082e+00,3.012008849102690622e+00,6.920743359840140663e+00
1.842999999999999972e+00,3.011520084001670483e+00,6.920616170814421153e+00
1.844000000000000083e+00,3.011032300587080268e+00,6.920489240218276272e+00
1.844999999999999973e+00,3.010545496910655761e+00,6.920362567524587227e+00
1.846000000000000085e+00,3.010059671027875527e+00,6.920236152207333902e+00
1.846999999999999975e+00,3.009574820997979572e+00,6.920109993741561105e+00
1.848000000000000087e+00,3.009090944883934249e+00,6.919984091603405219e+00
1.848999999999999977e+00,3.008608040752452695e+00,6.919858445270078207e+00
1.850000000000000089e+00,3.008126106673965960e+00,6.919733054219864066e+00
1.850999999999999979e+00,3.007645140722634114e+00,6.919607917932125929e+00
1.852000000000000091e+00,3.007165140976332030e+00,6.919483035887289191e+00
1.852999999999999980e+00,3.006686105516636509e+00,6.919358407566857494e+00
1.854000000000000092e+00,3.006208032428824950e+00,6.919234032453396743e+00
1.854999999999999982e+00,3.005730919801875345e+00,6.919109910030543098e+00
1.856000000000000094e+00,3.005254765728456512e+00,6.918986039782987874e+00
1.856999999999999984e+00,3.004779568304904558e+00,6.918862421196477541e+00
1.858000000000000096e+00,3.004305325631245527e+00,6.918739053757829716e+00
1.858999999999999986e+00,3.003832035811162537e+00,6.918615936954909174e+00
1.860000000000000098e+00,3.003359696952012658e+00,6.918493070276637624e+00
1.860999999999999988e+00,3.002888307164790938e+00,6.918370453212983939e+00
1.862000000000000099e+00,3.002417864564158823e+00,6.918248085254973923e+00
1.862999999999999989e+00,3.001948367268413076e+00,6.918125965894666329e+00
1.864000000000000101e+00,3.001479813399478669e+00,6.918004094625175071e+00
1.864999999999999991e+00,3.001012201082917663e+00,6.917882470940651451e+00
1.866000000000000103e+00,3.000545528447911448e+00,6.917761094336294825e+00
1.866999999999999993e+00,3.000079793627260738e+00,6.917639964308340161e+00
1.868000000000000105e+00,2.999614994757373587e+00,6.917519080354044725e+00
1.868999999999999995e+00,2.999151129978256058e+00,6.917398441971710277e+00
1.870000000000000107e+00,2.998688197433517999e+00,6.917278048660675971e+00
1.870999999999999996e+00,2.998226195270357941e+00,6.917157899921305919e+00
1.872000000000000108e+00,2.997765121639553332e+00,6.917037995254975868e+00
1.872999999999999998e+00,2.997304974695464530e+00,6.916918334164112281e+00
1.874000000000000110e+00,2.996845752596018375e+00,6.916798916152149701e+00
1.875000000000000000e+00,2.996387453502706855e+00,6.916679740723538750e+00
1.876000000000000112e+00,2.995930075580582219e+00,6.916560807383758558e+00
1.877000000000000002e+00,2.995473616998240107e+00,6.916442115639310551e+00
1.878000000000000114e+00,2.995018075927834200e+00,6.916323664997689136e+00
1.879000000000000004e+00,2.994563450545042471e+00,6.916205454967413679e+00
1.880000000000000115e+00,2.994109739029088946e+00,6.916087485058024953e+00
1.881000000000000005e+00,2.993656939562708619e+00,6.915969754780048717e+00
1.882000000000000117e+00,2.993205050332173656e+00,6.915852263645030362e+00
1.883000000000000007e+00,2.992754069527246319e+00,6.915735011165521584e+00
1.884000000000000119e+00,2.992303995341220269e+00,6.915617996855060845e+00
1.885000000000000009e+00,2.991854825970869936e+00,6.915501220228205348e+00
1.886000000000000121e+00,2.991406559616475391e+00,6.915384680800491957e+00
1.887000000000000011e+00,2.990959194481795702e+00,6.915268378088464729e+00
1.888000000000000123e+00,2.990512728774080919e+00,6.915152311609660707e+00
1.889000000000000012e+00,2.990067160704050320e+00,6.915036480882596592e+00
1.890000000000000124e+00,2.989622488485893292e+00,6.914920885426795394e+00
1.891000000000000014e+00,2.989178710337254685e+00,6.914805524762750899e+00
1.892000000000000126e+00,2.988735824479248571e+00,6.914690398411955208e+00
1.893000000000000016e+00,2.988293829136430269e+00,6.914575505896865870e+00
1.894000000000000128e+00,2.987852722536805672e+00,6.914460846740947630e+00
1.895000000000000018e+00,2.987412502911798384e+00,6.914346420468612919e+00
1.896000000000000130e+00,2.986973168496294129e+00,6.914232226605279585e+00
1.897000000000000020e+00,2.986534717528582128e+00,6.914118264677324710e+00
1.898000000000000131e+00,2.986097148250371980e+00,6.914004534212096154e+00
1.899000000000000021e+00,2.985660458906794101e+00,6.913891034737925878e+00
1.900000000000000133e+00,2.985224647746374860e+00,6.913777765784094420e+00
1.901000000000000023e+00,2.984789713021055668e+00,6.913664726880874412e+00
1.902000000000000135e+00,2.984355652986151242e+00,6.913551917559471960e+00
1.903000000000000025e+00,2.983922465900381571e+00,6.913439337352087932e+00
1.904000000000000137e+00,2.983490150025838616e+00,6.913326985791862889e+00
1.905000000000000027e+00,2.983058703627997410e+00,6.913214862412893957e+00
1.906000000000000139e+00,2.982628124975694739e+00,6.913102966750252598e+00
1.907000000000000028e+00,2.982198412341130922e+00,6.912991298339951740e+00
1.908000000000000140e+00,2.981769563999873807e+00,6.912879856718959104e+00
1.909000000000000030e+00,2.981341578230826794e+00,6.912768641425190985e+00
1.910000000000000142e+00,2.980914453316247048e+00,6.912657651997521135e+00
1.911000000000000032e+00,2.980488187541729062e+00,6.912546887975755894e+00
1.912000000000000144e+00,2.980062779196197997e+00,6.912436348900662608e+00
1.913000000000000034e+00,2.979638226571912796e+00,6.912326034313939438e+00
1.914000000000000146e+00,2.979214527964439974e+00,6.912215943758221570e+00
1.915000000000000036e+00,2.978791681672670943e+00,6.912106076777099872e+00
1.916000000000000147e+00,2.978369685998798033e+00,6.911996432915079147e+00
1.917000000000000037e+00,2.977948539248322035e+00,6.911887011717628759e+00
1.918000000000000149e+00,2.977528239730039772e+00,6.911777812731121351e+00
1.919000000000000039e+00,2.977108785756031661e+00,6.911668835502872810e+00
1.919999999999999929e+00,2.976690175641671487e+00,6.911560079581136051e+00
1.921000000000000041e+00,2.976272407705601086e+00,6.911451544515069934e+00
1.921999999999999931e+00,2.975855480269741449e+00,6.911343229854788994e+00
1.923000000000000043e+00,2.975439391659273181e+00,6.911235135151308384e+00
1.923999999999999932e+00,2.975024140202650713e+00,6.911127259956551860e+00
1.925000000000000044e+00,2.974609724231564112e+00,6.911019603823402413e+00
1.925999999999999934e+00,2.974196142080963501e+00,6.910912166305629434e+00
1.927000000000000046e+00,2.973783392089038635e+00,6.910804946957926909e+00
1.927999999999999936e+00,2.973371472597216680e+00,6.910697945335901871e+00
1.929000000000000048e+00,2.972960381950157771e+00,6.910591160996071736e+00
1.929999999999999938e+00,2.972550118495735916e+00,6.910484593495866967e+00
1.931000000000000050e+00,2.972140680585047878e+00,6.910378242393624859e+00
1.931999999999999940e+00,2.971732066572417175e+00,6.910272107248587758e+00
1.933000000000000052e+00,2.971324274815351885e+00,6.910166187620893297e+00
1.933999999999999941e+00,2.970917303674575294e+00,6.910060483071607251e+00
1.935000000000000053e+00,2.970511151513999692e+00,6.909954993162666703e+00
1.935999999999999943e+00,2.970105816700729040e+00,6.909849717456917340e+00
1.937000000000000055e+00,2.969701297605049639e+00,6.909744655518113454e+00
1.937999999999999945e+00,2.969297592600426139e+00,6.909639806910884197e+00
1.939000000000000057e+00,2.968894700063493097e+00,6.909535171200761106e+00
1.939999999999999947e+00,2.968492618374052761e+00,6.909430747954179886e+00
1.941000000000000059e+00,2.968091345915056856e+00,6.909326536738439550e+00
1.941999999999999948e+00,2.967690881072631903e+00,6.909222537121737950e+00
1.943000000000000060e+00,2.967291222236034809e+00,6.909118748673162891e+00
1.943999999999999950e+00,2.966892367797671071e+00,6.909015170962686803e+00
1.945000000000000062e+00,2.966494316153081456e+00,6.908911803561159637e+00
1.945999999999999952e+00,2.966097065700935786e+00,6.908808646040299095e+00
1.947000000000000064e+00,2.965700614843036931e+00,6.908705697972728821e+00
1.947999999999999954e+00,2.965304961984298160e+00,6.908602958931917115e+00
1.949000000000000066e+00,2.964910105532750695e+00,6.908500428492234668e+00
1.949999999999999956e+00,2.964516043899533049e+00,6.908398106228899493e+00
1.951000000000000068e+00,2.964122775498882145e+00,6.908295991718031104e+00
1.951999999999999957e+00,2.963730298748137315e+00,6.908194084536583901e+00
1.953000000000000069e+00,2.963338612067719424e+00,6.908092384262406682e+00
1.953999999999999959e+00,2.962947713881145084e+00,6.907990890474193790e+00
1.955000000000000071e+00,2.962557602615005337e+00,6.907889602751517977e+00
1.955999999999999961e+00,2.962168276698956770e+00,6.907788520674802868e+00
1.957000000000000073e+00,2.961779734565739730e+00,6.907687643825343393e+00
1.957999999999999963e+00,2.961391974651145453e+00,6.907586971785274699e+00
1.959000000000000075e+00,2.961004995394021844e+00,6.907486504137610339e+00
1.959999999999999964e+00,2.960618795236267697e+00,6.907386240466207639e+00
1.961000000000000076e+00,2.960233372622836256e+00,6.907286180355771243e+00
1.961999999999999966e+00,2.959848726001705899e+00,6.907186323391864669e+00
1.963000000000000078e+00,2.959464853823899233e+00,6.907086669160896086e+00
1.963999999999999968e+00,2.959081754543461784e+00,6.906987217250131650e+00
1.965000000000000080e+00,2.958699426617466433e+00,6.906887967247667959e+00
1.965999999999999970e+00,2.958317868505999648e+00,6.906788918742458705e+00
1.967000000000000082e+00,2.957937078672155717e+00,6.906690071324280922e+00
1.967999999999999972e+00,2.957557055582040295e+00,6.906591424583779393e+00
1.969000000000000083e+00,2.957177797704761524e+00,6.906492978112423131e+00
1.969999999999999973e+00,2.956799303512415378e+00,6.906394731502509821e+00
1.971000000000000085e+00,2.956421571480088772e+00,6.906296684347187131e+00
1.971999999999999975e+00,2.956044600085860008e+00,6.906198836240425187e+00
1.973000000000000087e+00,2.955668387810767683e+00,6.906101186777033440e+00
1.973999999999999977e+00,2.955292933138841338e+00,6.906003735552654454e+00
1.975000000000000089e+00,2.954918234557069479e+00,6.905906482163746141e+00
1.975999999999999979e+00,2.954544290555404906e+00,6.905809426207604851e+00
1.977000000000000091e+00,2.954171099626746511e+00,6.905712567282343173e+00
1.977999999999999980e+00,2.953798660266956144e+00,6.905615904986897924e+00
1.979000000000000092e+00,2.953426970974835530e+00,6.905519438921040809e+00
1.979999999999999982e+00,2.953056030252121822e+00,6.905423168685349111e+00
1.981000000000000094e+00,2.952685836603492930e+00,6.905327093881216349e+00
1.981999999999999984e+00,2.952316388536553760e+00,6.905231214110867377e+00
1.983000000000000096e+00,2.951947684561832208e+00,6.905135528977326409e+00
1.983999999999999986e+00,2.951579723192765847e+00,6.905040038084434784e+00
1.985000000000000098e+00,2.951212502945714800e+00,6.904944741036848299e+00
1.985999999999999988e+00,2.950846022339944863e+00,6.904849637440038101e+00
1.987000000000000099e+00,2.950480279897616409e+00,6.904754726900270256e+00
1.987999999999999989e+00,2.950115274143792821e+00,6.904660009024621736e+00
1.989000000000000101e+00,2.949751003606422284e+00,6.904565483420980421e+00
1.989999999999999991e+00,2.949387466816342673e+00,6.904471149698020227e+00
1.991000000000000103e+00,2.949024662307268674e+00,6.904377007465242855e+00
1.991999999999999993e+00,2.948662588615793112e+00,6.904283056332924495e+00
1.993000000000000105e+00,2.948301244281371858e+00,6.904189295912160240e+00
1.993999999999999995e+00,2.947940627846326489e+00,6.904095725814818785e+00
1.995000000000000107e+00,2.947580737855842514e+00,6.904002345653582395e+00
1.995999999999999996e+00,2.947221572857951610e+00,6.903909155041915824e+00
1.997000000000000108e+00,2.946863131403534286e+00,6.903816153594079630e+00
1.997999999999999998e+00,2.946505412046313666e+00,6.903723340925123075e+00
1.999000000000000110e+00,2.946148413342855488e+00,6.903630716650883237e+00
2.000000000000000000e+00,2.945792133852549455e+00,6.903538280387988557e+00
2.000999999999999890e+00,2.945436572137609677e+00,6.903446031753838419e+00
2.002000000000000224e+00,2.945081726763082219e+00,6.903353970366630676e+00
2.003000000000000114e+00,2.944727596296822014e+00,6.903262095845332347e+00
2.004000000000000004e+00,2.944374179309493300e+00,6.903170407809695597e+00
2.004999999999999893e+00,2.944021474374566516e+00,6.903078905880258631e+00
2.006000000000000227e+00,2.943669480068316524e+00,6.902987589678331481e+00
2.007000000000000117e+00,2.943318194969807511e+00,6.902896458825982684e+00
2.008000000000000007e+00,2.942967617660898316e+00,6.902805512946085464e+00
2.008999999999999897e+00,2.942617746726225558e+00,6.902714751662255566e+00
2.010000000000000231e+00,2.942268580753202745e+00,6.902624174598892104e+00
2.011000000000000121e+00,2.941920118332040257e+00,6.902533781381165134e+00
2.012000000000000011e+00,2.941572358055682290e+00,6.902443571635005881e+00
2.012999999999999901e+00,2.941225298519862363e+00,6.902353544987113843e+00
2.014000000000000234e+00,2.940878938323062908e+00,6.902263701064960344e+00
2.015000000000000124e+00,2.940533276066519708e+00,6.902174039496760116e+00
2.016000000000000014e+00,2.940188310354217460e+00,6.902084559911505046e+00
2.016999999999999904e+00,2.939844039792884889e+00,6.901995261938933979e+00
2.018000000000000238e+00,2.939500462991984531e+00,6.901906145209560250e+00
2.019000000000000128e+00,2.939157578563713624e+00,6.901817209354630833e+00
2.020000000000000018e+00,2.938815385122998780e+00,6.901728454006163638e+00
2.020999999999999908e+00,2.938473881287485767e+00,6.901639878796924421e+00
2.022000000000000242e+00,2.938133065677540845e+00,6.901551483360433004e+00
2.023000000000000131e+00,2.937792936916240105e+00,6.901463267330951723e+00
2.024000000000000021e+00,2.937453493629366363e+00,6.901375230343502309e+00
2.024999999999999911e+00,2.937114734445398057e+00,6.901287372033842793e+00
2.026000000000000245e+00,2.936776657995523010e+00,6.901199692038472833e+00
2.027000000000000135e+00,2.936439262913614900e+00,6.901112189994655921e+00
2.028000000000000025e+00,2.936102547836230592e+00,6.901024865540377640e+00
2.028999999999999915e+00,2.935766511402615020e+00,6.900937718314366975e+00
2.030000000000000249e+00,2.935431152254680764e+00,6.900850747956098985e+00
2.031000000000000139e+00,2.935096469037021372e+00,6.900763954105785025e+00
2.032000000000000028e+00,2.934762460396888706e+00,6.900677336404360318e+00
2.032999999999999918e+00,2.934429124984205384e+00,6.900590894493522143e+00
2.034000000000000252e+00,2.934096461451536797e+00,6.900504628015666775e+00
2.035000000000000142e+00,2.933764468454117758e+00,6.900418536613942777e+00
2.036000000000000032e+00,2.933433144649808533e+00,6.900332619932225242e+00
2.036999999999999922e+00,2.933102488699130816e+00,6.900246877615114016e+00
2.038000000000000256e+00,2.932772499265225541e+00,6.900161309307937252e+00
2.039000000000000146e+00,2.932443175013881742e+00,6.900075914656745191e+00
2.040000000000000036e+00,2.932114514613497924e+00,6.899990693308320822e+00
2.040999999999999925e+00,2.931786516735105597e+00,6.899905644910161229e+00
2.042000000000000259e+00,2.931459180052350622e+00,6.899820769110483809e+00
2.043000000000000149e+00,2.931132503241487886e+00,6.899736065558231601e+00
2.044000000000000039e+00,2.930806484981378190e+00,6.899651533903055523e+00
2.044999999999999929e+00,2.930481123953488698e+00,6.899567173795334796e+00
2.046000000000000263e+00,2.930156418841880495e+00,6.899482984886162740e+00
2.047000000000000153e+00,2.929832368333208592e+00,6.899398966827335222e+00
2.048000000000000043e+00,2.929508971116712601e+00,6.899315119271365759e+00
2.048999999999999932e+00,2.929186225884212735e+00,6.899231441871478410e+00
2.049999999999999822e+00,2.928864131330109810e+00,6.899147934281605998e+00
2.051000000000000156e+00,2.928542686151377694e+00,6.899064596156389229e+00
2.052000000000000046e+00,2.928221889047552651e+00,6.898981427151174906e+00
2.052999999999999936e+00,2.927901738720743552e+00,6.898898426922015936e+00
2.053999999999999826e+00,2.927582233875602569e+00,6.898815595125658895e+00
2.055000000000000160e+00,2.927263373219345155e+00,6.898732931419568892e+00
2.056000000000000050e+00,2.926945155461737613e+00,6.898650435461895825e+00
2.056999999999999940e+00,2.926627579315077998e+00,6.898568106911497466e+00
2.057999999999999829e+00,2.926310643494209440e+00,6.898485945427916377e+00
2.059000000000000163e+00,2.925994346716512595e+00,6.898403950671413654e+00
2.060000000000000053e+00,2.925678687701890990e+00,6.898322122302926296e+00
2.060999999999999943e+00,2.925363665172773686e+00,6.898240459984085859e+00
2.061999999999999833e+00,2.925049277854110841e+00,6.898158963377222008e+00
2.063000000000000167e+00,2.924735524473361270e+00,6.898077632145352744e+00
2.064000000000000057e+00,2.924422403760505329e+00,6.897996465952180856e+00
2.064999999999999947e+00,2.924109914448013825e+00,6.897915464462098356e+00
2.065999999999999837e+00,2.923798055270870222e+00,6.897834627340182045e+00
2.067000000000000171e+00,2.923486824966547104e+00,6.897753954252202391e+00
2.068000000000000060e+00,2.923176222275005731e+00,6.897673444864592440e+00
2.068999999999999950e+00,2.922866245938698704e+00,6.897593098844493120e+00
2.069999999999999840e+00,2.922556894702558861e+00,6.897512915859706162e+00
2.071000000000000174e+00,2.922248167313995726e+00,6.897432895578712753e+00
2.072000000000000064e+00,2.921940062522884407e+00,6.897353037670679754e+00
2.072999999999999954e+00,2.921632579081577585e+00,6.897273341805451707e+00
2.073999999999999844e+00,2.921325715744880203e+00,6.897193807653537512e+00
2.075000000000000178e+00,2.921019471270068557e+00,6.897114434886129075e+00
2.076000000000000068e+00,2.920713844416853444e+00,6.897035223175074670e+00
2.076999999999999957e+00,2.920408833947410798e+00,6.896956172192919787e+00
2.077999999999999847e+00,2.920104438626350163e+00,6.896877281612855626e+00
2.079000000000000181e+00,2.919800657220725792e+00,6.896798551108744846e+00
2.080000000000000071e+00,2.919497488500026439e+00,6.896719980355124235e+00
2.080999999999999961e+00,2.919194931236169133e+00,6.896641569027187835e+00
2.081999999999999851e+00,2.918892984203492080e+00,6.896563316800801147e+00
2.083000000000000185e+00,2.918591646178757326e+00,6.896485223352486038e+00
2.084000000000000075e+00,2.918290915941150754e+00,6.896407288359422516e+00
2.084999999999999964e+00,2.917990792272254108e+00,6.896329511499452281e+00
2.085999999999999854e+00,2.917691273956072529e+00,6.896251892451083165e+00
2.087000000000000188e+00,2.917392359779000799e+00,6.896174430893474927e+00
2.088000000000000078e+00,2.917094048529840222e+00,6.896097126506427699e+00
2.088999999999999968e+00,2.916796338999777305e+00,6.896019978970419295e+00
2.089999999999999858e+00,2.916499229982392194e+00,6.895942987966569682e+00
2.091000000000000192e+00,2.916202720273647575e+00,6.895866153176647195e+00
2.092000000000000082e+00,2.915906808671886896e+00,6.895789474283068543e+00
2.092999999999999972e+00,2.915611493977827706e+00,6.895712950968912125e+00
2.093999999999999861e+00,2.915316774994555438e+00,6.895636582917894053e+00
2.095000000000000195e+00,2.915022650527526071e+00,6.895560369814364599e+00
2.096000000000000085e+00,2.914729119384557254e+00,6.895484311343340167e+00
2.096999999999999975e+00,2.914436180375817642e+00,6.895408407190476652e+00
2.097999999999999865e+00,2.914143832313829563e+00,6.895332657042060553e+00
2.099000000000000199e+00,2.913852074013472571e+00,6.895257060585014308e+00
2.100000000000000089e+00,2.913560904291954579e+00,6.895181617506930039e+00
2.100999999999999979e+00,2.913270321968837617e+00,6.895106327496009158e+00
2.101999999999999869e+00,2.912980325866005860e+00,6.895031190241100560e+00
2.103000000000000203e+00,2.912690914807676723e+00,6.894956205431681973e+00
2.104000000000000092e+00,2.912402087620403535e+00,6.894881372757875049e+00
2.104999999999999982e+00,2.912113843133043112e+00,6.894806691910426721e+00
2.105999999999999872e+00,2.911826180176779744e+00,6.894732162580718970e+00
2.107000000000000206e+00,2.911539097585114089e+00,6.894657784460755501e+00
2.108000000000000096e+00,2.911252594193842302e+00,6.894583557243188388e+00
2.108999999999999986e+00,2.910966668841072913e+00,6.894509480621272779e+00
2.109999999999999876e+00,2.910681320367215275e+00,6.894435554288905976e+00
2.111000000000000210e+00,2.910396547614962248e+00,6.894361777940604341e+00
2.112000000000000099e+00,2.910112349429307521e+00,6.894288151271513954e+00
2.112999999999999989e+00,2.909828724657526067e+00,6.894214673977396401e+00
2.113999999999999879e+00,2.909545672149176809e+00,6.894141345754634109e+00
2.115000000000000213e+00,2.909263190756087081e+00,6.894068166300237444e+00
2.116000000000000103e+00,2.908981279332375713e+00,6.893995135311824285e+00
2.116999999999999993e+00,2.908699936734410407e+00,6.893922252487639568e+00
2.117999999999999883e+00,2.908419161820832599e+00,6.893849517526534854e+00
2.119000000000000217e+00,2.908138953452541031e+00,6.893776930127987868e+00
2.120000000000000107e+00,2.907859310492690863e+00,6.893704489992078521e+00
2.120999999999999996e+00,2.907580231806689230e+00,6.893632196819506675e+00
2.121999999999999886e+00,2.907301716262189029e+00,6.893560050311577037e+00
2.123000000000000220e+00,2.907023762729080030e+00,6.893488050170206272e+00
2.124000000000000110e+00,2.906746370079503539e+00,6.893416196097923887e+00
2.125000000000000000e+00,2.906469537187822638e+00,6.893344487797864240e+00
2.125999999999999890e+00,2.906193262930628407e+00,6.893272924973759430e+00
2.127000000000000224e+00,2.905917546186752354e+00,6.893201507329958844e+00
2.128000000000000114e+00,2.905642385837235331e+00,6.893130234571404280e+00
2.129000000000000004e+00,2.905367780765332864e+00,6.893059106403645053e+00
2.129999999999999893e+00,2.905093729856523144e+00,6.892988122532836215e+00
2.131000000000000227e+00,2.904820231998478608e+00,6.892917282665719014e+00
2.132000000000000117e+00,2.904547286081092139e+00,6.892846586509646656e+00
2.133000000000000007e+00,2.904274890996444647e+00,6.892776033772568312e+00
2.133999999999999897e+00,2.904003045638818392e+00,6.892705624163018463e+00
2.135000000000000231e+00,2.903731748904680998e+00,6.892635357390135553e+00
2.136000000000000121e+00,2.903460999692691669e+00,6.892565233163646887e+00
2.137000000000000011e+00,2.903190796903697635e+00,6.892495251193878403e+00
2.137999999999999901e+00,2.902921139440708842e+00,6.892425411191735130e+00
2.139000000000000234e+00,2.902652026208929481e+00,6.892355712868726947e+00
2.140000000000000124e+00,2.902383456115725124e+00,6.892286155936941050e+00
2.141000000000000014e+00,2.902115428070620506e+00,6.892216740109054385e+00
2.141999999999999904e+00,2.901847940985315510e+00,6.892147465098338088e+00
2.143000000000000238e+00,2.901580993773660744e+00,6.892078330618634396e+00
2.144000000000000128e+00,2.901314585351652209e+00,6.892009336384380624e+00
2.145000000000000018e+00,2.901048714637461057e+00,6.891940482110592292e+00
2.145999999999999908e+00,2.900783380551375856e+00,6.891871767512871116e+00
2.147000000000000242e+00,2.900518582015844782e+00,6.891803192307384585e+00
2.148000000000000131e+00,2.900254317955441419e+00,6.891734756210897039e+00
2.149000000000000021e+00,2.899990587296881639e+00,6.891666458940747475e+00
2.149999999999999911e+00,2.899727388969011166e+00,6.891598300214835326e+00
2.151000000000000245e+00,2.899464721902787367e+00,6.891530279751655996e+00
2.152000000000000135e+00,2.899202585031299684e+00,6.891462397270265328e+00
2.153000000000000025e+00,2.898940977289758081e+00,6.891394652490297368e+00
2.153999999999999915e+00,2.898679897615470846e+00,6.891327045131964368e+00
2.155000000000000249e+00,2.898419344947869902e+00,6.891259574916035469e+00
2.156000000000000139e+00,2.898159318228477943e+00,6.891192241563857124e+00
2.157000000000000028e+00,2.897899816400932860e+00,6.891125044797346000e+00
2.157999999999999918e+00,2.897640838410957542e+00,6.891057984338988973e+00
2.159000000000000252e+00,2.897382383206370093e+00,6.890991059911828032e+00
2.160000000000000142e+00,2.897124449737082053e+00,6.890924271239472709e+00
2.161000000000000032e+00,2.896867036955076191e+00,6.890857618046104527e+00
2.161999999999999922e+00,2.896610143814434934e+00,6.890791100056460117e+00
2.163000000000000256e+00,2.896353769271302170e+00,6.890724716995839216e+00
2.164000000000000146e+00,2.896097912283897902e+00,6.890658468590103780e+00
2.165000000000000036e+00,2.895842571812514255e+00,6.890592354565670874e+00
2.165999999999999925e+00,2.895587746819501707e+00,6.890526374649524222e+00
2.167000000000000259e+00,2.895333436269275751e+00,6.890460528569185783e+00
2.168000000000000149e+00,2.895079639128306681e+00,6.890394816052757498e+00
2.169000000000000039e+00,2.894826354365116483e+00,6.890329236828877768e+00
2.169999999999999929e+00,2.894573580950277503e+00,6.890263790626745433e+00
2.171000000000000263e+00,2.894321317856400011e+00,6.890198477176111780e+00
2.172000000000000153e+00,2.894069564058151744e+00,6.890133296207273439e+00
2.173000000000000043e+00,2.893818318532209499e+00,6.890068247451088368e+00
2.173999999999999932e+00,2.893567580257313754e+00,6.890003330638947432e+00
2.175000000000000266e+00,2.893317348214212270e+00,6.889938545502807266e+00
2.176000000000000156e+00,2.893067621385679189e+00,6.889873891775152082e+00
2.177000000000000046e+00,2.892818398756521248e+00,6.889809369189031862e+00
2.177999999999999936e+00,2.892569679313556019e+00,6.889744977478018839e+00
2.178999999999999826e+00,2.892321462045606584e+00,6.889680716376249237e+00
2.180000000000000160e+00,2.892073745943520624e+00,6.889616585618389522e+00
2.181000000000000050e+00,2.891826530000134898e+00,6.889552584939646174e+00
2.181999999999999940e+00,2.891579813210300554e+00,6.889488714075775455e+00
2.182999999999999829e+00,2.891333594570860033e+00,6.889424972763059429e+00
2.184000000000000163e+00,2.891087873080652404e+00,6.889361360738321949e+00
2.185000000000000053e+00,2.890842647740500482e+00,6.889297877738939313e+00
2.185999999999999943e+00,2.890597917553224150e+00,6.889234523502793195e+00
2.186999999999999833e+00,2.890353681523610607e+00,6.889171297768326596e+00
2.188000000000000167e+00,2.890109938658442790e+00,6.889108200274504767e+00
2.189000000000000057e+00,2.889866687966462067e+00,6.889045230760817873e+00
2.189999999999999947e+00,2.889623928458393110e+00,6.888982388967304082e+00
2.190999999999999837e+00,2.889381659146915027e+00,6.888919674634511381e+00
2.192000000000000171e+00,2.889139879046682235e+00,6.888857087503539312e+00
2.193000000000000060e+00,2.888898587174303145e+00,6.888794627315991903e+00
2.193999999999999950e+00,2.888657782548337050e+00,6.888732293814022078e+00
2.194999999999999840e+00,2.888417464189307005e+00,6.888670086740295240e+00
2.196000000000000174e+00,2.888177631119673183e+00,6.888608005837998149e+00
2.197000000000000064e+00,2.887938282363835096e+00,6.888546050850846036e+00
2.197999999999999954e+00,2.887699416948154685e+00,6.888484221523084372e+00
2.198999999999999844e+00,2.887461033900907914e+00,6.888422517599465777e+00
2.200000000000000178e+00,2.887223132252314084e+00,6.888360938825274005e+00
2.201000000000000068e+00,2.886985711034521618e+00,6.888299484946303508e+00
2.201999999999999957e+00,2.886748769281599181e+00,6.888238155708878097e+00
2.202999999999999847e+00,2.886512306029543229e+00,6.888176950859821623e+00
2.204000000000000181e+00,2.886276320316264243e+00,6.888115870146490849e+00
2.205000000000000071e+00,2.886040811181590282e+00,6.888054913316754124e+00
2.205999999999999961e+00,2.885805777667254102e+00,6.887994080118972740e+00
2.206999999999999851e+00,2.885571218816899819e+00,6.887933370302058655e+00
2.208000000000000185e+00,2.885337133676073584e+00,6.887872783615403449e+00
2.209000000000000075e+00,2.885103521292224027e+00,6.887812319808925388e+00
2.209999999999999964e+00,2.884870380714689819e+00,6.887751978633044558e+00
2.210999999999999854e+00,2.884637710994703674e+00,6.887691759838693528e+00
2.212000000000000188e+00,2.884405511185389681e+00,6.887631663177312902e+00
2.213000000000000078e+00,2.884173780341752646e+00,6.887571688400845993e+00
2.213999999999999968e+00,2.883942517520678095e+00,6.887511835261752147e+00
2.214999999999999858e+00,2.883711721780936710e+00,6.887452103512979207e+00
2.216000000000000192e+00,2.883481392183161240e+00,6.887392492907986608e+00
2.217000000000000082e+00,2.883251527789864710e+00,6.887333003200740045e+00
2.217999999999999972e+00,2.883022127665420431e+00,6.887273634145704371e+00
2.218999999999999861e+00,2.882793190876066891e+00,6.887214385497833824e+00
2.220000000000000195e+00,2.882564716489900647e+00,6.887155257012602227e+00
2.221000000000000085e+00,2.882336703576876324e+00,6.887096248445955915e+00
2.221999999999999975e+00,2.882109151208794184e+00,6.887037359554369687e+00
2.222999999999999865e+00,2.881882058459314333e+00,6.886978590094784636e+00
2.224000000000000199e+00,2.881655424403932297e+00,6.886919939824657000e+00
2.225000000000000089e+00,2.881429248119983022e+00,6.886861408501928850e+00
2.225999999999999979e+00,2.881203528686649751e+00,6.886802995885038747e+00
2.226999999999999869e+00,2.880978265184939158e+00,6.886744701732909313e+00
2.228000000000000203e+00,2.880753456697695558e+00,6.886686525804968539e+00
2.229000000000000092e+00,2.880529102309589362e+00,6.886628467861117819e+00
2.229999999999999982e+00,2.880305201107110413e+00,6.886570527661763030e+00
2.230999999999999872e+00,2.880081752178567100e+00,6.886512704967787002e+00
2.232000000000000206e+00,2.879858754614095240e+00,6.886454999540571720e+00
2.233000000000000096e+00,2.879636207505627432e+00,6.886397411141969904e+00
2.233999999999999986e+00,2.879414109946918376e+00,6.886339939534330767e+00
2.234999999999999876e+00,2.879192461033527550e+00,6.886282584480484026e+00
2.236000000000000210e+00,2.878971259862807663e+00,6.886225345743736348e+00
2.237000000000000099e+00,2.878750505533917980e+00,6.886168223087893558e+00
2.237999999999999989e+00,2.878530197147810554e+00,6.886111216277227776e+00
2.238999999999999879e+00,2.878310333807226673e+00,6.886054325076490734e+00
2.240000000000000213e+00,2.878090914616699969e+00,6.885997549250918226e+00
2.241000000000000103e+00,2.877871938682550645e+00,6.885940888566232765e+00
2.241999999999999993e+00,2.877653405112872598e+00,6.885884342788617829e+00
2.242999999999999883e+00,2.877435313017546736e+00,6.885827911684741842e+00
2.244000000000000217e+00,2.877217661508215230e+00,6.885771595021746627e+00
2.245000000000000107e+00,2.877000449698305484e+00,6.885715392567250070e+00
2.245999999999999996e+00,2.876783676703005277e+00,6.885659304089341681e+00
2.246999999999999886e+00,2.876567341639263642e+00,6.885603329356586144e+00
2.248000000000000220e+00,2.876351443625797977e+00,6.885547468138016214e+00
2.249000000000000110e+00,2.876135981783077167e+00,6.885491720203128274e+00
2.250000000000000000e+00,2.875920955233325138e+00,6.885436085321904542e+00
2.250999999999999890e+00,2.875706363100517304e+00,6.885380563264784648e+00
2.252000000000000224e+00,2.875492204510372574e+00,6.885325153802679843e+00
2.253000000000000114e+00,2.875278478590353348e+00,6.885269856706959679e+00
2.254000000000000004e+00,2.875065184469669965e+00,6.885214671749475990e+00
2.254999999999999893e+00,2.874852321279258938e+00,6.885159598702523809e+00
2.256000000000000227e+00,2.874639888151797162e+00,6.885104637338883116e+00
2.257000000000000117e+00,2.874427884221689489e+00,6.885049787431779755e+00
2.258000000000000007e+00,2.874216308625063832e+00,6.884995048754913860e+00
2.258999999999999897e+00,2.874005160499778722e+00,6.884940421082433204e+00
2.260000000000000231e+00,2.873794438985402433e+00,6.884885904188958961e+00
2.261000000000000121e+00,2.873584143223229415e+00,6.884831497849565274e+00
2.262000000000000011e+00,2.873374272356262527e+00,6.884777201839781036e+00
2.262999999999999901e+00,2.873164825529216149e+00,6.884723015935595214e+00
2.264000000000000234e+00,2.872955801888505523e+00,6.884668939913457741e+00
2.265000000000000124e+00,2.872747200582256077e+00,6.884614973550267969e+00
2.266000000000000014e+00,2.872539020760290995e+00,6.884561116623376442e+00
2.266999999999999904e+00,2.872331261574123662e+00,6.884507368910594671e+00
2.268000000000000238e+00,2.872123922176976318e+00,6.884453730190180920e+00
2.269000000000000128e+00,2.871917001723739205e+00,6.884400200240847312e+00
2.270000000000000018e+00,2.871710499371006087e+00,6.884346778841763381e+00
2.270999999999999908e+00,2.871504414277047168e+00,6.884293465772535647e+00
2.272000000000000242e+00,2.871298745601818858e+00,6.884240260813224488e+00
2.273000000000000131e+00,2.871093492506940237e+00,6.884187163744337923e+00
2.274000000000000021e+00,2.870888654155717035e+00,6.884134174346835167e+00
2.274999999999999911e+00,2.870684229713121649e+00,6.884081292402115970e+00
2.276000000000000245e+00,2.870480218345789147e+00,6.884028517692025950e+00
2.277000000000000135e+00,2.870276619222024816e+00,6.883975849998856589e+00
2.278000000000000025e+00,2.870073431511788176e+00,6.883923289105346122e+00
2.278999999999999915e+00,2.869870654386700082e+00,6.883870834794669769e+00
2.280000000000000249e+00,2.869668287020031627e+00,6.883818486850433516e+00
2.281000000000000139e+00,2.869466328586710802e+00,6.883766245056712307e+00
2.282000000000000028e+00,2.869264778263298954e+00,6.883714109197992315e+00
2.282999999999999918e+00,2.869063635228019216e+00,6.883662079059214456e+00
2.284000000000000252e+00,2.868862898660728966e+00,6.883610154425753080e+00
2.285000000000000142e+00,2.868662567742913172e+00,6.883558335083414192e+00
2.286000000000000032e+00,2.868462641657708367e+00,6.883506620818451438e+00
2.286999999999999922e+00,2.868263119589870680e+00,6.883455011417550118e+00
2.288000000000000256e+00,2.868064000725784712e+00,6.883403506667820082e+00
2.289000000000000146e+00,2.867865284253469760e+00,6.883352106356814382e+00
2.290000000000000036e+00,2.867666969362554052e+00,6.883300810272508841e+00
2.290999999999999925e+00,2.867469055244294296e+00,6.883249618203327813e+00
2.292000000000000259e+00,2.867271541091557907e+00,6.883198529938109544e+00
2.293000000000000149e+00,2.867074426098823459e+00,6.883147545266131040e+00
2.294000000000000039e+00,2.866877709462182899e+00,6.883096663977090302e+00
2.294999999999999929e+00,2.866681390379330008e+00,6.883045885861127644e+00
2.296000000000000263e+00,2.866485468049561725e+00,6.882995210708794609e+00
2.297000000000000153e+00,2.866289941673782593e+00,6.882944638311077945e+00
2.298000000000000043e+00,2.866094810454479003e+00,6.882894168459385398e+00
2.298999999999999932e+00,2.865900073595744502e+00,6.882843800945553703e+00
2.300000000000000266e+00,2.865705730303254928e+00,6.882793535561842369e+00
2.301000000000000156e+00,2.865511779784273738e+00,6.882743372100936341e+00
2.302000000000000046e+00,2.865318221247653785e+00,6.882693310355928240e+00
2.302999999999999936e+00,2.865125053903824881e+00,6.882643350120352110e+00
2.304000000000000270e+00,2.864932276964793356e+00,6.882593491188146118e+00
2.305000000000000160e+00,2.864739889644143833e+00,6.882543733353683635e+00
2.306000000000000050e+00,2.864547891157030790e+00,6.882494076411731498e+00
2.306999999999999940e+00,2.864356280720172787e+00,6.882444520157499745e+00
2.307999999999999829e+00,2.864165057551865345e+00,6.882395064386608752e+00
2.309000000000000163e+00,2.863974220871956966e+00,6.882345708895078573e+00
2.310000000000000053e+00,2.863783769901854015e+00,6.882296453479368026e+00
2.310999999999999943e+00,2.863593703864526940e+00,6.882247297936334718e+00
2.311999999999999833e+00,2.863404021984497394e+00,6.882198242063251925e+00
2.313000000000000167e+00,2.863214723487832458e+00,6.882149285657811255e+00
2.314000000000000057e+00,2.863025807602150863e+00,6.882100428518111102e+00
2.314999999999999947e+00,2.862837273556612327e+00,6.882051670442664637e+00
2.315999999999999837e+00,2.862649120581920226e+00,6.882003011230386491e+00
2.317000000000000171e+00,2.862461347910318477e+00,6.881954450680609625e+00
2.318000000000000060e+00,2.862273954775576446e+00,6.881905988593073786e+00
2.318999999999999950e+00,2.862086940413005376e+00,6.881857624767913961e+00
2.319999999999999840e+00,2.861900304059445066e+00,6.881809359005697679e+00
2.321000000000000174e+00,2.861714044953254099e+00,6.881761191107374387e+00
2.322000000000000064e+00,2.861528162334319170e+00,6.881713120874303868e+00
2.322999999999999954e+00,2.861342655444047089e+00,6.881665148108264241e+00
2.323999999999999844e+00,2.861157523525360791e+00,6.881617272611409319e+00
2.325000000000000178e+00,2.860972765822694885e+00,6.881569494186330793e+00
2.326000000000000068e+00,2.860788381582000550e+00,6.881521812635986279e+00
2.326999999999999957e+00,2.860604370050731760e+00,6.881474227763764162e+00
2.327999999999999847e+00,2.860420730477855944e+00,6.881426739373434742e+00
2.329000000000000181e+00,2.860237462113826901e+00,6.881379347269167113e+00
2.330000000000000071e+00,2.860054564210614103e+00,6.881332051255542481e+00
2.330999999999999961e+00,2.859872036021674724e+00,6.881284851137531966e+00
2.331999999999999851e+00,2.859689876801966069e+00,6.881237746720500148e+00
2.333000000000000185e+00,2.859508085807925148e+00,6.881190737810207736e+00
2.334000000000000075e+00,2.859326662297486887e+00,6.881143824212817783e+00
2.334999999999999964e+00,2.859145605530063250e+00,6.881097005734878813e+00
2.335999999999999854e+00,2.858964914766550347e+00,6.881050282183344358e+00
2.337000000000000188e+00,2.858784589269331544e+00,6.881003653365549866e+00
2.338000000000000078e+00,2.858604628302248152e+00,6.880957119089225138e+00
2.338999999999999968e+00,2.858425031130634064e+00,6.880910679162492549e+00
2.339999999999999858e+00,2.858245797021275347e+00,6.880864333393868826e+00
2.341000000000000192e+00,2.858066925242441325e+00,6.880818081592251723e+00
2.342000000000000082e+00,2.857888415063855714e+00,6.880771923566934234e+00
2.342999999999999972e+00,2.857710265756703283e+00,6.880725859127594823e+00
2.343999999999999861e+00,2.857532476593629411e+00,6.880679888084301865e+00
2.345000000000000195e+00,2.857355046848741420e+00,6.880634010247502985e+00
2.346000000000000085e+00,2.857177975797592140e+00,6.880588225428043714e+00
2.346999999999999975e+00,2.857001262717181689e+00,6.880542533437144392e+00
2.347999999999999865e+00,2.856824906885963244e+00,6.880496934086402838e+00
2.349000000000000199e+00,2.856648907583835939e+00,6.880451427187818325e+00
2.350000000000000089e+00,2.856473264092136422e+00,6.880406012553764050e+00
2.350999999999999979e+00,2.856297975693634861e+00,6.880360689996986245e+00
2.351999999999999869e+00,2.856123041672546936e+00,6.880315459330632599e+00
2.353000000000000203e+00,2.855948461314519626e+00,6.880270320368206960e+00
2.354000000000000092e+00,2.855774233906620108e+00,6.880225272923603974e+00
2.354999999999999982e+00,2.855600358737354405e+00,6.880180316811104646e+00
2.355999999999999872e+00,2.855426835096649629e+00,6.880135451845355909e+00
2.357000000000000206e+00,2.855253662275852644e+00,6.880090677841380398e+00
2.358000000000000096e+00,2.855080839567730955e+00,6.880045994614588878e+00
2.358999999999999986e+00,2.854908366266464714e+00,6.880001401980755382e+00
2.359999999999999876e+00,2.854736241667649832e+00,6.879956899756036748e+00
2.361000000000000210e+00,2.854564465068296197e+00,6.879912487756963735e+00
2.362000000000000099e+00,2.854393035766815245e+00,6.879868165800431257e+00
2.362999999999999989e+00,2.854221953063027506e+00,6.879823933703719696e+00
2.363999999999999879e+00,2.854051216258150170e+00,6.879779791284469148e+00
2.365000000000000213e+00,2.853880824654808634e+00,6.879735738360694519e+00
2.366000000000000103e+00,2.853710777557025846e+00,6.879691774750784639e+00
2.366999999999999993e+00,2.853541074270198319e+00,6.879647900273493377e+00
2.367999999999999883e+00,2.853371714101135215e+00,6.879604114747951193e+00
2.369000000000000217e+00,2.853202696358032142e+00,6.879560417993641153e+00
2.370000000000000107e+00,2.853034020350459166e+00,6.879516809830424684e+00
2.370999999999999996e+00,2.852865685389379458e+00,6.879473290078531811e+00
2.371999999999999886e+00,2.852697690787128426e+00,6.879429858558543387e+00
2.373000000000000220e+00,2.852530035857426594e+00,6.879386515091429288e+00
2.374000000000000110e+00,2.852362719915366718e+00,6.879343259498496899e+00
2.375000000000000000e+00,2.852195742277407131e+00,6.879300091601433742e+00
2.375999999999999890e+00,2.852029102261386839e+00,6.879257011222287943e+00
2.377000000000000224e+00,2.851862799186503761e+00,6.879214018183467338e+00
2.378000000000000114e+00,2.851696832373319612e+00,6.879171112307737701e+00
2.379000000000000004e+00,2.851531201143763905e+00,6.879128293418226292e+00
2.379999999999999893e+00,2.851365904821116182e+00,6.879085561338424526e+00
2.381000000000000227e+00,2.851200942730018006e+00,6.879042915892180865e+00
2.382000000000000117e+00,2.851036314196463195e+00,6.879000356903704372e+00
2.383000000000000007e+00,2.850872018547792486e+00,6.878957884197554939e+00
2.383999999999999897e+00,2.850708055112699313e+00,6.878915497598651285e+00
2.385000000000000231e+00,2.850544423221218260e+00,6.878873196932270950e+00
2.386000000000000121e+00,2.850381122204726836e+00,6.878830982024047636e+00
2.387000000000000011e+00,2.850218151395948141e+00,6.878788852699963208e+00
2.387999999999999901e+00,2.850055510128937097e+00,6.878746808786361022e+00
2.389000000000000234e+00,2.849893197739083117e+00,6.878704850109927271e+00
2.390000000000000124e+00,2.849731213563116317e+00,6.878662976497721182e+00
2.391000000000000014e+00,2.849569556939078652e+00,6.878621187777127055e+00
2.391999999999999904e+00,2.849408227206353672e+00,6.878579483775895120e+00
2.393000000000000238e+00,2.849247223705642984e+00,6.878537864322126438e+00
2.394000000000000128e+00,2.849086545778972912e+00,6.878496329244270235e+00
2.395000000000000018e+00,2.848926192769689170e+00,6.878454878371116799e+00
2.395999999999999908e+00,2.848766164022447089e+00,6.878413511531816127e+00
2.397000000000000242e+00,2.848606458883222725e+00,6.878372228555854839e+00
2.398000000000000131e+00,2.848447076699300418e+00,6.878331029273076602e+00
2.399000000000000021e+00,2.848288016819276791e+00,6.878289913513660814e+00
2.399999999999999911e+00,2.848129278593044766e+00,6.878248881108143920e+00
2.401000000000000245e+00,2.847970861371813101e+00,6.878207931887396320e+00
2.402000000000000135e+00,2.847812764508081518e+00,6.878167065682630366e+00
2.403000000000000025e+00,2.847654987355650924e+00,6.878126282325417229e+00
2.403999999999999915e+00,2.847497529269616301e+00,6.878085581647657598e+00
2.405000000000000249e+00,2.847340389606374700e+00,6.878044963481593221e+00
2.406000000000000139e+00,2.847183567723601705e+00,6.878004427659814901e+00
2.407000000000000028e+00,2.847027062980269196e+00,6.877963974015243842e+00
2.407999999999999918e+00,2.846870874736628920e+00,6.877923602381152968e+00
2.409000000000000252e+00,2.846715002354220037e+00,6.877883312591140275e+00
2.410000000000000142e+00,2.846559445195857130e+00,6.877843104479158143e+00
2.411000000000000032e+00,2.846404202625638646e+00,6.877802977879484914e+00
2.411999999999999922e+00,2.846249274008935348e+00,6.877762932626731995e+00
2.413000000000000256e+00,2.846094658712386316e+00,6.877722968555862515e+00
2.414000000000000146e+00,2.845940356103909163e+00,6.877683085502157567e+00
2.415000000000000036e+00,2.845786365552681829e+00,6.877643283301252630e+00
2.415999999999999925e+00,2.845632686429155456e+00,6.877603561789099373e+00
2.417000000000000259e+00,2.845479318105034405e+00,6.877563920801984310e+00
2.418000000000000149e+00,2.845326259953291359e+00,6.877524360176542118e+00
2.419000000000000039e+00,2.845173511348153106e+00,6.877484879749731661e+00
2.419999999999999929e+00,2.845021071665099655e+00,6.877445479358832436e+00
2.421000000000000263e+00,2.844868940280870451e+00,6.877406158841465889e+00
2.422000000000000153e+00,2.844717116573446170e+00,6.877366918035582977e+00
2.423000000000000043e+00,2.844565599922064703e+00,6.877327756779464174e+00
2.423999999999999932e+00,2.844414389707203394e+00,6.877288674911715916e+00
2.425000000000000266e+00,2.844263485310584816e+00,6.877249672271268821e+00
2.426000000000000156e+00,2.844112886115168770e+00,6.877210748697393683e+00
2.427000000000000046e+00,2.843962591505160287e+00,6.877171904029672156e+00
2.427999999999999936e+00,2.843812600865984752e+00,6.877133138108026067e+00
2.429000000000000270e+00,2.843662913584322993e+00,6.877094450772689882e+00
2.430000000000000160e+00,2.843513529048064203e+00,6.877055841864237351e+00
2.431000000000000050e+00,2.843364446646341026e+00,6.877017311223549534e+00
2.431999999999999940e+00,2.843215665769505129e+00,6.876978858691844998e+00
2.432999999999999829e+00,2.843067185809134756e+00,6.876940484110657614e+00
2.434000000000000163e+00,2.842919006158027173e+00,6.876902187321846327e+00
2.435000000000000053e+00,2.842771126210196897e+00,6.876863968167590713e+00
2.435999999999999943e+00,2.842623545360877912e+00,6.876825826490387428e+00
2.436999999999999833e+00,2.842476263006513459e+00,6.876787762133061754e+00
2.438000000000000167e+00,2.842329278544763582e+00,6.876749774938743620e+00
2.439000000000000057e+00,2.842182591374490030e+00,6.876711864750900460e+00
2.439999999999999947e+00,2.842036200895768250e+00,6.876674031413314125e+00
2.440999999999999837e+00,2.841890106509874947e+00,6.876636274770064006e+00
2.442000000000000171e+00,2.841744307619287646e+00,6.876598594665570552e+00
2.443000000000000060e+00,2.841598803627685133e+00,6.876560990944554419e+00
2.443999999999999950e+00,2.841453593939938571e+00,6.876523463452063112e+00
2.444999999999999840e+00,2.841308677962121720e+00,6.876486012033451445e+00
2.446000000000000174e+00,2.841164055101489616e+00,6.876448636534393088e+00
2.447000000000000064e+00,2.841019724766497223e+00,6.876411336800872576e+00
2.447999999999999954e+00,2.840875686366784780e+00,6.876374112679194184e+00
2.448999999999999844e+00,2.840731939313172472e+00,6.876336964015957065e+00
2.450000000000000178e+00,2.840588483017668420e+00,6.876299890658091662e+00
2.451000000000000068e+00,2.840445316893461136e+00,6.876262892452824182e+00
2.451999999999999957e+00,2.840302440354910196e+00,6.876225969247707681e+00
2.452999999999999847e+00,2.840159852817563557e+00,6.876189120890591866e+00
2.454000000000000181e+00,2.840017553698129582e+00,6.876152347229639972e+00
2.455000000000000071e+00,2.839875542414498355e+00,6.876115648113324319e+00
2.455999999999999961e+00,2.839733818385720365e+00,6.876079023390420097e+00
2.456999999999999851e+00,2.839592381032018054e+00,6.876042472910016023e+00
2.458000000000000185e+00,2.839451229774777374e+00,6.876005996521511676e+00
2.459000000000000075e+00,2.839310364036541134e+00,6.875969594074597957e+00
2.459999999999999964e+00,2.839169783241019207e+00,6.875933265419280183e+00
2.460999999999999854e+00,2.839029486813072101e+00,6.875897010405873644e+00
2.462000000000000188e+00,2.838889474178720729e+00,6.875860828884989395e+00
2.463000000000000078e+00,2.838749744765134420e+00,6.875824720707544024e+00
2.463999999999999968e+00,2.838610298000634025e+00,6.875788685724756988e+00
2.464999999999999858e+00,2.838471133314691475e+00,6.875752723788152387e+00
2.466000000000000192e+00,2.838332250137919566e+00,6.875716834749550088e+00
2.467000000000000082e+00,2.838193647902079508e+00,6.875681018461088811e+00
2.467999999999999972e+00,2.838055326040070714e+00,6.875645274775177285e+00
2.468999999999999861e+00,2.837917283985927241e+00,6.875609603544548420e+00
2.470000000000000195e+00,2.837779521174831121e+00,6.875574004622229118e+00
2.471000000000000085e+00,2.837642037043092813e+00,6.875538477861538489e+00
2.471999999999999975e+00,2.837504831028150765e+00,6.875503023116101176e+00
2.472999999999999865e+00,2.837367902568580291e+00,6.875467640239838474e+00
2.474000000000000199e+00,2.837231251104077145e+00,6.875432329086956784e+00
2.475000000000000089e+00,2.837094876075473060e+00,6.875397089511975146e+00
2.475999999999999979e+00,2.836958776924715320e+00,6.875361921369700369e+00
2.476999999999999869e+00,2.836822953094873423e+00,6.875326824515235025e+00
2.478000000000000203e+00,2.836687404030137305e+00,6.875291798803979226e+00
2.479000000000000092e+00,2.836552129175806236e+00,6.875256844091613750e+00
2.479999999999999982e+00,2.836417127978311470e+00,6.875221960234128460e+00
2.480999999999999872e+00,2.836282399885177163e+00,6.875187147087800099e+00
2.482000000000000206e+00,2.836147944345045691e+00,6.875152404509197623e+00
2.483000000000000096e+00,2.836013760807666539e+00,6.875117732355181310e+00
2.483999999999999986e+00,2.835879848723897201e+00,6.875083130482895655e+00
2.484999999999999876e+00,2.835746207545693842e+00,6.875048598749791573e+00
2.486000000000000210e+00,2.835612836726120189e+00,6.875014137013588211e+00
2.487000000000000099e+00,2.835479735719332872e+00,6.874979745132313802e+00
2.487999999999999989e+00,2.835346903980586752e+00,6.874945422964275465e+00
2.488999999999999879e+00,2.835214340966233149e+00,6.874911170368062763e+00
2.490000000000000213e+00,2.835082046133714506e+00,6.874876987202564571e+00
2.491000000000000103e+00,2.834950018941562622e+00,6.874842873326945991e+00
2.491999999999999993e+00,2.834818258849400419e+00,6.874808828600673216e+00
2.492999999999999883e+00,2.834686765317931734e+00,6.874774852883472676e+00
2.494000000000000217e+00,2.834555537808949310e+00,6.874740946035378109e+00
2.495000000000000107e+00,2.834424575785326361e+00,6.874707107916702142e+00
2.495999999999999996e+00,2.834293878711010795e+00,6.874673338388036292e+00
2.496999999999999886e+00,2.834163446051039426e+00,6.874639637310255402e+00
2.498000000000000220e+00,2.834033277271509998e+00,6.874606004544528304e+00
2.499000000000000110e+00,2.833903371839600283e+00,6.874572439952292946e+00
2.500000000000000000e+00,2.833773729223561411e+00,6.874538943395267943e+00
2.500999999999999890e+00,2.833644348892708553e+00,6.874505514735459677e+00
2.502000000000000224e+00,2.833515230317425360e+00,6.874472153835161414e+00
2.503000000000000114e+00,2.833386372969163070e+00,6.874438860556928432e+00
2.504000000000000004e+00,2.833257776320427190e+00,6.874405634763607331e+00
2.504999999999999893e+00,2.833129439844793929e+00,6.874372476318322711e+00
2.506000000000000227e+00,2.833001363016891538e+00,6.874339385084471843e+00
2.507000000000000117e+00,2.832873545312402097e+00,6.874306360925734438e+00
2.508000000000000007e+00,2.832745986208069056e+00,6.874273403706064656e+00
2.508999999999999897e+00,2.832618685181682139e+00,6.874240513289691101e+00
2.510000000000000231e+00,2.832491641712080011e+00,6.874207689541128374e+00
2.511000000000000121e+00,2.832364855279156046e+00,6.874174932325149534e+00
2.512000000000000011e+00,2.832238325363841014e+00,6.874142241506818962e+00
2.512999999999999901e+00,2.832112051448116397e+00,6.874109616951463941e+00
2.514000000000000234e+00,2.831986033014997961e+00,6.874077058524689754e+00
2.515000000000000124e+00,2.831860269548548636e+00,6.874044566092367248e+00
2.516000000000000014e+00,2.831734760533862083e+00,6.874012139520657705e+00
2.516999999999999904e+00,2.831609505457071130e+00,6.873979778675974650e+00
2.518000000000000238e+00,2.831484503805339337e+00,6.873947483425018490e+00
2.519000000000000128e+00,2.831359755066864103e+00,6.873915253634741873e+00
2.520000000000000018e+00,2.831235258730868676e+00,6.873883089172389660e+00
2.520999999999999908e+00,2.831111014287607919e+00,6.873850989905463393e+00
2.522000000000000242e+00,2.830987021228358103e+00,6.873818955701730182e+00
2.523000000000000131e+00,2.830863279045420899e+00,6.873786986429236023e+00
2.524000000000000021e+00,2.830739787232112281e+00,6.873755081956288038e+00
2.524999999999999911e+00,2.830616545282775842e+00,6.873723242151464241e+00
2.526000000000000245e+00,2.830493552692770809e+00,6.873691466883608214e+00
2.527000000000000135e+00,2.830370808958464490e+00,6.873659756021829104e+00
2.528000000000000025e+00,2.830248313577244712e+00,6.873628109435499844e+00
2.528999999999999915e+00,2.830126066047509603e+00,6.873596526994273148e+00
2.530000000000000249e+00,2.830004065868654273e+00,6.873565008568045087e+00
2.531000000000000139e+00,2.829882312541100120e+00,6.873533554026982628e+00
2.532000000000000028e+00,2.829760805566256643e+00,6.873502163241529850e+00
2.532999999999999918e+00,2.829639544446544086e+00,6.873470836082379520e+00
2.534000000000000252e+00,2.829518528685384560e+00,6.873439572420491750e+00
2.535000000000000142e+00,2.829397757787193157e+00,6.873408372127084220e+00
2.536000000000000032e+00,2.829277231257385505e+00,6.873377235073641955e+00
2.536999999999999922e+00,2.829156948602374655e+00,6.873346161131910215e+00
2.538000000000000256e+00,2.829036909329561311e+00,6.873315150173898047e+00
2.539000000000000146e+00,2.828917112947338275e+00,6.873284202071864968e+00
2.540000000000000036e+00,2.828797558965089554e+00,6.873253316698330728e+00
2.540999999999999925e+00,2.828678246893184589e+00,6.873222493926089527e+00
2.542000000000000259e+00,2.828559176242981366e+00,6.873191733628168265e+00
2.543000000000000149e+00,2.828440346526809090e+00,6.873161035677882502e+00
2.544000000000000039e+00,2.828321757257993507e+00,6.873130399948773395e+00
2.544999999999999929e+00,2.828203407950829806e+00,6.873099826314668093e+00
2.546000000000000263e+00,2.828085298120595503e+00,6.873069314649622896e+00
2.547000000000000153e+00,2.827967427283536672e+00,6.873038864827969441e+00
2.548000000000000043e+00,2.827849794956880825e+00,6.873008476724291604e+00
2.548999999999999932e+00,2.827732400658819145e+00,6.872978150213417514e+00
2.550000000000000266e+00,2.827615243908517151e+00,6.872947885170441751e+00
2.551000000000000156e+00,2.827498324226107584e+00,6.872917681470699591e+00
2.552000000000000046e+00,2.827381641132683310e+00,6.872887538989795431e+00
2.552999999999999936e+00,2.827265194150313299e+00,6.872857457603570808e+00
2.554000000000000270e+00,2.827148982802009769e+00,6.872827437188134603e+00
2.555000000000000160e+00,2.827033006611761046e+00,6.872797477619833728e+00
2.556000000000000050e+00,2.826917265104505805e+00,6.872767578775266450e+00
2.556999999999999940e+00,2.826801757806136628e+00,6.872737740531300155e+00
2.558000000000000274e+00,2.826686484243510211e+00,6.872707962765026934e+00
2.559000000000000163e+00,2.826571443944424722e+00,6.872678245353806226e+00
2.560000000000000053e+00,2.826456636437630010e+00,6.872648588175239937e+00
2.560999999999999943e+00,2.826342061252832050e+00,6.872618991107177777e+00
2.561999999999999833e+00,2.826227717920672955e+00,6.872589454027721700e+00
2.563000000000000167e+00,2.826113605972746523e+00,6.872559976815211691e+00
2.564000000000000057e+00,2.825999724941588020e+00,6.872530559348248858e+00
2.564999999999999947e+00,2.825886074360669742e+00,6.872501201505670565e+00
2.565999999999999837e+00,2.825772653764408116e+00,6.872471903166566420e+00
2.567000000000000171e+00,2.825659462688154377e+00,6.872442664210260510e+00
2.568000000000000060e+00,2.825546500668189687e+00,6.872413484516338045e+00
2.568999999999999950e+00,2.825433767241741112e+00,6.872384363964612497e+00
2.569999999999999840e+00,2.825321261946956319e+00,6.872355302435152247e+00
2.571000000000000174e+00,2.825208984322912897e+00,6.872326299808270811e+00
2.572000000000000064e+00,2.825096933909625463e+00,6.872297355964512633e+00
2.572999999999999954e+00,2.824985110248024345e+00,6.872268470784678840e+00
2.573999999999999844e+00,2.824873512879965354e+00,6.872239644149801485e+00
2.575000000000000178e+00,2.824762141348232891e+00,6.872210875941156871e+00
2.576000000000000068e+00,2.824650995196528847e+00,6.872182166040270879e+00
2.576999999999999957e+00,2.824540073969466825e+00,6.872153514328894097e+00
2.577999999999999847e+00,2.824429377212588133e+00,6.872124920689039129e+00
2.579000000000000181e+00,2.824318904472340908e+00,6.872096385002927299e+00
2.580000000000000071e+00,2.824208655296092996e+00,6.872067907153050825e+00
2.580999999999999961e+00,2.824098629232114632e+00,6.872039487022121307e+00
2.581999999999999851e+00,2.823988825829590876e+00,6.872011124493099032e+00
2.583000000000000185e+00,2.823879244638617614e+00,6.871982819449171664e+00
2.584000000000000075e+00,2.823769885210186459e+00,6.871954571773764897e+00
2.584999999999999964e+00,2.823660747096206958e+00,6.871926381350550450e+00
2.585999999999999854e+00,2.823551829849475947e+00,6.871898248063436299e+00
2.587000000000000188e+00,2.823443133023705531e+00,6.871870171796552462e+00
2.588000000000000078e+00,2.823334656173490220e+00,6.871842152434270545e+00
2.588999999999999968e+00,2.823226398854335795e+00,6.871814189861209954e+00
2.589999999999999858e+00,2.823118360622634437e+00,6.871786283962203257e+00
2.591000000000000192e+00,2.823010541035671839e+00,6.871758434622331713e+00
2.592000000000000082e+00,2.822902939651632526e+00,6.871730641726904842e+00
2.592999999999999972e+00,2.822795556029581654e+00,6.871702905161462205e+00
2.593999999999999861e+00,2.822688389729477443e+00,6.871675224811779614e+00
2.595000000000000195e+00,2.822581440312158740e+00,6.871647600563870917e+00
2.596000000000000085e+00,2.822474707339359234e+00,6.871620032303963121e+00
2.596999999999999975e+00,2.822368190373683916e+00,6.871592519918532815e+00
2.597999999999999865e+00,2.822261888978626398e+00,6.871565063294280407e+00
2.599000000000000199e+00,2.822155802718552486e+00,6.871537662318125683e+00
2.600000000000000089e+00,2.822049931158709946e+00,6.871510316877240676e+00
2.600999999999999979e+00,2.821944273865222730e+00,6.871483026859007914e+00
2.601999999999999869e+00,2.821838830405085652e+00,6.871455792151039077e+00
2.603000000000000203e+00,2.821733600346167492e+00,6.871428612641190981e+00
2.604000000000000092e+00,2.821628583257204781e+00,6.871401488217523834e+00
2.604999999999999982e+00,2.821523778707805352e+00,6.871374418768343872e+00
2.605999999999999872e+00,2.821419186268443013e+00,6.871347404182183816e+00
2.607000000000000206e+00,2.821314805510457990e+00,6.871320444347786882e+00
2.608000000000000096e+00,2.821210636006048489e+00,6.871293539154136987e+00
2.608999999999999986e+00,2.821106677328280909e+00,6.871266688490433872e+00
2.609999999999999876e+00,2.821002929051080077e+00,6.871239892246113534e+00
2.611000000000000210e+00,2.820899390749223912e+00,6.871213150310820694e+00
2.612000000000000099e+00,2.820796061998354087e+00,6.871186462574438991e+00
2.612999999999999989e+00,2.820692942374960932e+00,6.871159828927074109e+00
2.613999999999999879e+00,2.820590031456392754e+00,6.871133249259036901e+00
2.615000000000000213e+00,2.820487328820846962e+00,6.871106723460886911e+00
2.616000000000000103e+00,2.820384834047367839e+00,6.871080251423385299e+00
2.616999999999999993e+00,2.820282546715854100e+00,6.871053833037526815e+00
2.617999999999999883e+00,2.820180466407039788e+00,6.871027468194522925e+00
2.619000000000000217e+00,2.820078592702520037e+00,6.871001156785807140e+00
2.620000000000000107e+00,2.819976925184716876e+00,6.870974898703029687e+00
2.620999999999999996e+00,2.819875463436903207e+00,6.870948693838066390e+00
2.621999999999999886e+00,2.819774207043187708e+00,6.870922542083005347e+00
2.623000000000000220e+00,2.819673155588516167e+00,6.870896443330166470e+00
2.624000000000000110e+00,2.819572308658674142e+00,6.870870397472073066e+00
2.625000000000000000e+00,2.819471665840275865e+00,6.870844404401475813e+00
2.625999999999999890e+00,2.819371226720777557e+00,6.870818464011338556e+00
2.627000000000000224e+00,2.819270990888455231e+00,6.870792576194849843e+00
2.628000000000000114e+00,2.819170957932423782e+00,6.870766740845406950e+00
2.629000000000000004e+00,2.819071127442620561e+00,6.870740957856629194e+00
2.629999999999999893e+00,2.818971499009809811e+00,6.870715227122340174e+00
2.631000000000000227e+00,2.818872072225583558e+00,6.870689548536597968e+00
2.632000000000000117e+00,2.818772846682353173e+00,6.870663921993664047e+00
2.633000000000000007e+00,2.818673821973353810e+00,6.870638347388008604e+00
2.633999999999999897e+00,2.818574997692636863e+00,6.870612824614334535e+00
2.635000000000000231e+00,2.818476373435074844e+00,6.870587353567535693e+00
2.636000000000000121e+00,2.818377948796355170e+00,6.870561934142737748e+00
2.637000000000000011e+00,2.818279723372978829e+00,6.870536566235273312e+00
2.637999999999999901e+00,2.818181696762263932e+00,6.870511249740685500e+00
2.639000000000000234e+00,2.818083868562333283e+00,6.870485984554730585e+00
2.640000000000000124e+00,2.817986238372127250e+00,6.870460770573372677e+00
2.641000000000000014e+00,2.817888805791392226e+00,6.870435607692797042e+00
2.641999999999999904e+00,2.817791570420674852e+00,6.870410495809387896e+00
2.643000000000000238e+00,2.817694531861333562e+00,6.870385434819747950e+00
2.644000000000000128e+00,2.817597689715527487e+00,6.870360424620690409e+00
2.645000000000000018e+00,2.817501043586216891e+00,6.870335465109225659e+00
2.645999999999999908e+00,2.817404593077165398e+00,6.870310556182588790e+00
2.647000000000000242e+00,2.817308337792932438e+00,6.870285697738213848e+00
2.648000000000000131e+00,2.817212277338872806e+00,6.870260889673748039e+00
2.649000000000000021e+00,2.817116411321143765e+00,6.870236131887044628e+00
2.649999999999999911e+00,2.817020739346686842e+00,6.870211424276157608e+00
2.651000000000000245e+00,2.816925261023241145e+00,6.870186766739363016e+00
2.652000000000000135e+00,2.816829975959337595e+00,6.870162159175129624e+00
2.653000000000000025e+00,2.816734883764288710e+00,6.870137601482132261e+00
2.653999999999999915e+00,2.816639984048206369e+00,6.870113093559266915e+00
2.655000000000000249e+00,2.816545276421976496e+00,6.870088635305614311e+00
2.656000000000000139e+00,2.816450760497276384e+00,6.870064226620477221e+00
2.657000000000000028e+00,2.816356435886562704e+00,6.870039867403345824e+00
2.657999999999999918e+00,2.816262302203076828e+00,6.870015557553933228e+00
2.659000000000000252e+00,2.816168359060835957e+00,6.869991296972140837e+00
2.660000000000000142e+00,2.816074606074637110e+00,6.869967085558081443e+00
2.661000000000000032e+00,2.815981042860053130e+00,6.869942923212065011e+00
2.661999999999999922e+00,2.815887669033430463e+00,6.869918809834611118e+00
2.663000000000000256e+00,2.815794484211890492e+00,6.869894745326434737e+00
2.664000000000000146e+00,2.815701488013330867e+00,6.869870729588448910e+00
2.665000000000000036e+00,2.815608680056409518e+00,6.869846762521783390e+00
2.665999999999999925e+00,2.815516059960558426e+00,6.869822844027751785e+00
2.667000000000000259e+00,2.815423627345983171e+00,6.869798974007874648e+00
2.668000000000000149e+00,2.815331381833640734e+00,6.869775152363877702e+00
2.669000000000000039e+00,2.815239323045267028e+00,6.869751378997680291e+00
2.669999999999999929e+00,2.815147450603346257e+00,6.869727653811393608e+00
2.671000000000000263e+00,2.815055764131136673e+00,6.869703976707341120e+00
2.672000000000000153e+00,2.814964263252649257e+00,6.869680347588039915e+00
2.673000000000000043e+00,2.814872947592651720e+00,6.869656766356201594e+00
2.673999999999999932e+00,2.814781816776673384e+00,6.869633232914734933e+00
2.675000000000000266e+00,2.814690870430993197e+00,6.869609747166752101e+00
2.676000000000000156e+00,2.814600108182647276e+00,6.869586309015559777e+00
2.677000000000000046e+00,2.814509529659423137e+00,6.869562918364651161e+00
2.677999999999999936e+00,2.814419134489857921e+00,6.869539575117725505e+00
2.679000000000000270e+00,2.814328922303236169e+00,6.869516279178679241e+00
2.680000000000000160e+00,2.814238892729592934e+00,6.869493030451597981e+00
2.681000000000000050e+00,2.814149045399707560e+00,6.869469828840759185e+00
2.681999999999999940e+00,2.814059379945105022e+00,6.869446674250649032e+00
2.683000000000000274e+00,2.813969895998049697e+00,6.869423566585927787e+00
2.684000000000000163e+00,2.813880593191556034e+00,6.869400505751462660e+00
2.685000000000000053e+00,2.813791471159363233e+00,6.869377491652306489e+00
2.685999999999999943e+00,2.813702529535966779e+00,6.869354524193713729e+00
2.687000000000000277e+00,2.813613767956585132e+00,6.869331603281126242e+00
2.688000000000000167e+00,2.813525186057180605e+00,6.869308728820171517e+00
2.689000000000000057e+00,2.813436783474446479e+00,6.869285900716678661e+00
2.689999999999999947e+00,2.813348559845806118e+00,6.869263118876662411e+00
2.690999999999999837e+00,2.813260514809420521e+00,6.869240383206328460e+00
2.692000000000000171e+00,2.813172648004174992e+00,6.869217693612078790e+00
2.693000000000000060e+00,2.813084959069685809e+00,6.869195050000488578e+00
2.693999999999999950e+00,2.812997447646292670e+00,6.869172452278346164e+00
2.694999999999999840e+00,2.812910113375066246e+00,6.869149900352613969e+00
2.696000000000000174e+00,2.812822955897792188e+00,6.869127394130447151e+00
2.697000000000000064e+00,2.812735974856987564e+00,6.869104933519181166e+00
2.697999999999999954e+00,2.812649169895887535e+00,6.869082518426354866e+00
2.698999999999999844e+00,2.812562540658441801e+00,6.869060148759685624e+00
2.700000000000000178e+00,2.812476086789329255e+00,6.869037824427075556e+00
2.701000000000000068e+00,2.812389807933930896e+00,6.869015545336617734e+00
2.701999999999999957e+00,2.812303703738352034e+00,6.868993311396593526e+00
2.702999999999999847e+00,2.812217773849415625e+00,6.868971122515467265e+00
2.704000000000000181e+00,2.812132017914646287e+00,6.868948978601888911e+00
2.705000000000000071e+00,2.812046435582282289e+00,6.868926879564698496e+00
2.705999999999999961e+00,2.811961026501278660e+00,6.868904825312909246e+00
2.706999999999999851e+00,2.811875790321292534e+00,6.868882815755732452e+00
2.708000000000000185e+00,2.811790726692687148e+00,6.868860850802562368e+00
2.709000000000000075e+00,2.811705835266533171e+00,6.868838930362963779e+00
2.709999999999999964e+00,2.811621115694601158e+00,6.868817054346700424e+00
2.710999999999999854e+00,2.811536567629373096e+00,6.868795222663704791e+00
2.712000000000000188e+00,2.811452190724023747e+00,6.868773435224112767e+00
2.713000000000000078e+00,2.811367984632428652e+00,6.868751691938218329e+00
2.713999999999999968e+00,2.811283949009161454e+00,6.868729992716517962e+00
2.714999999999999858e+00,2.811200083509494796e+00,6.868708337469674241e+00
2.716000000000000192e+00,2.811116387789395432e+00,6.868686726108538920e+00
2.717000000000000082e+00,2.811032861505525560e+00,6.868665158544142280e+00
2.717999999999999972e+00,2.810949504315235714e+00,6.868643634687702004e+00
2.718999999999999861e+00,2.810866315876571431e+00,6.868622154450602757e+00
2.720000000000000195e+00,2.810783295848271024e+00,6.868600717744421935e+00
2.721000000000000085e+00,2.810700443889750488e+00,6.868579324480909243e+00
2.721999999999999975e+00,2.810617759661126147e+00,6.868557974571990243e+00
2.722999999999999865e+00,2.810535242823185342e+00,6.868536667929779682e+00
2.724000000000000199e+00,2.810452893037417077e+00,6.868515404466560170e+00
2.725000000000000089e+00,2.810370709965979596e+00,6.868494184094803501e+00
2.725999999999999979e+00,2.810288693271715488e+00,6.868473006727146668e+00
2.726999999999999869e+00,2.810206842618153011e+00,6.868451872276412296e+00
2.728000000000000203e+00,2.810125157669493223e+00,6.868430780655592649e+00
2.729000000000000092e+00,2.810043638090617524e+00,6.868409731777864735e+00
2.729999999999999982e+00,2.809962283547077000e+00,6.868388725556583196e+00
2.730999999999999872e+00,2.809881093705115074e+00,6.868367761905266100e+00
2.732000000000000206e+00,2.809800068231625758e+00,6.868346840737615366e+00
2.733000000000000096e+00,2.809719206794190516e+00,6.868325961967509663e+00
2.733999999999999986e+00,2.809638509061056055e+00,6.868305125508996412e+00
2.734999999999999876e+00,2.809557974701140104e+00,6.868284331276303334e+00
2.736000000000000210e+00,2.809477603384026523e+00,6.868263579183825129e+00
2.737000000000000099e+00,2.809397394779968415e+00,6.868242869146143903e+00
2.737999999999999989e+00,2.809317348559879246e+00,6.868222201077994526e+00
2.738999999999999879e+00,2.809237464395343942e+00,6.868201574894304606e+00
2.740000000000000213e+00,2.809157741958605126e+00,6.868180990510163397e+00
2.741000000000000103e+00,2.809078180922564894e+00,6.868160447840827132e+00
2.741999999999999993e+00,2.808998780960788366e+00,6.868139946801741225e+00
2.742999999999999883e+00,2.808919541747503246e+00,6.868119487308510962e+00
2.744000000000000217e+00,2.808840462957589157e+00,6.868099069276914825e+00
2.745000000000000107e+00,2.808761544266577648e+00,6.868078692622898274e+00
2.745999999999999996e+00,2.808682785350663735e+00,6.868058357262586178e+00
2.746999999999999886e+00,2.808604185886693916e+00,6.868038063112264169e+00
2.748000000000000220e+00,2.808525745552166164e+00,6.868017810088394626e+00
2.749000000000000110e+00,2.808447464025224161e+00,6.867997598107606017e+00
2.750000000000000000e+00,2.808369340984667506e+00,6.867977427086702669e+00
2.750999999999999890e+00,2.808291376109942394e+00,6.867957296942640788e+00
2.752000000000000224e+00,2.808213569081137173e+00,6.867937207592567539e+00
2.753000000000000114e+00,2.808135919578996553e+00,6.867917158953781964e+00
2.754000000000000004e+00,2.808058427284894965e+00,6.867897150943753637e+00
2.754999999999999893e+00,2.807981091880864088e+00,6.867877183480119108e+00
2.756000000000000227e+00,2.807903913049568434e+00,6.867857256480694339e+00
2.757000000000000117e+00,2.807826890474312886e+00,6.867837369863445396e+00
2.758000000000000007e+00,2.807750023839049369e+00,6.867817523546512426e+00
2.758999999999999897e+00,2.807673312828355083e+00,6.867797717448201666e+00
2.760000000000000231e+00,2.807596757127456488e+00,6.867777951486982779e+00
2.761000000000000121e+00,2.807520356422207097e+00,6.867758225581495068e+00
2.762000000000000011e+00,2.807444110399095472e+00,6.867738539650538598e+00
2.762999999999999901e+00,2.807368018745249660e+00,6.867718893613079523e+00
2.764000000000000234e+00,2.807292081148418106e+00,6.867699287388243867e+00
2.765000000000000124e+00,2.807216297296990515e+00,6.867679720895336182e+00
2.766000000000000014e+00,2.807140666879972102e+00,6.867660194053811118e+00
2.766999999999999904e+00,2.807065189587012011e+00,6.867640706783284976e+00
2.768000000000000238e+00,2.806989865108375337e+00,6.867621259003548140e+00
2.769000000000000128e+00,2.806914693134952454e+00,6.867601850634546423e+00
2.770000000000000018e+00,2.806839673358263898e+00,6.867582481596389954e+00
2.770999999999999908e+00,2.806764805470440827e+00,6.867563151809351396e+00
2.772000000000000242e+00,2.806690089164252999e+00,6.867543861193867727e+00
2.773000000000000131e+00,2.806615524133076800e+00,6.867524609670526914e+00
2.774000000000000021e+00,2.806541110070910339e+00,6.867505397160089231e+00
2.774999999999999911e+00,2.806466846672374338e+00,6.867486223583470384e+00
2.776000000000000245e+00,2.806392733632700587e+00,6.867467088861753055e+00
2.777000000000000135e+00,2.806318770647734606e+00,6.867447992916167365e+00
2.778000000000000025e+00,2.806244957413941865e+00,6.867428935668115741e+00
2.778999999999999915e+00,2.806171293628400232e+00,6.867409917039151601e+00
2.780000000000000249e+00,2.806097778988790648e+00,6.867390936950993563e+00
2.781000000000000139e+00,2.806024413193418443e+00,6.867371995325515677e+00
2.782000000000000028e+00,2.805951195941182696e+00,6.867353092084745647e+00
2.782999999999999918e+00,2.805878126931596661e+00,6.867334227150882597e+00
2.784000000000000252e+00,2.805805205864785545e+00,6.867315400446275753e+00
2.785000000000000142e+00,2.805732432441471857e+00,6.867296611893424441e+00
2.786000000000000032e+00,2.805659806362989173e+00,6.867277861414999407e+00
2.786999999999999922e+00,2.805587327331267478e+00,6.867259148933821500e+00
2.788000000000000256e+00,2.805514995048842053e+00,6.867240474372859893e+00
2.789000000000000146e+00,2.805442809218845035e+00,6.867221837655257843e+00
2.790000000000000036e+00,2.805370769545017851e+00,6.867203238704296275e+00
2.790999999999999925e+00,2.805298875731685460e+00,6.867184677443431084e+00
2.792000000000000259e+00,2.805227127483779892e+00,6.867166153796251393e+00
2.793000000000000149e+00,2.805155524506830034e+00,6.867147667686515078e+00
2.794000000000000039e+00,2.805084066506950080e+00,6.867129219038139887e+00
2.794999999999999929e+00,2.805012753190852859e+00,6.867110807775176795e+00
2.796000000000000263e+00,2.804941584265850718e+00,6.867092433821860631e+00
2.797000000000000153e+00,2.804870559439832878e+00,6.867074097102547015e+00
2.798000000000000043e+00,2.804799678421284082e+00,6.867055797541776307e+00
2.798999999999999932e+00,2.804728940919282820e+00,6.867037535064216769e+00
2.800000000000000266e+00,2.804658346643488454e+00,6.867019309594700083e+00
2.801000000000000156e+00,2.804587895304150091e+00,6.867001121058215141e+00
2.802000000000000046e+00,2.804517586612098601e+00,6.866982969379893831e+00
2.802999999999999936e+00,2.804447420278751490e+00,6.866964854485029690e+00
2.804000000000000270e+00,2.804377396016107138e+00,6.866946776299052146e+00
2.805000000000000160e+00,2.804307513536748342e+00,6.866928734747560270e+00
2.806000000000000050e+00,2.804237772553837438e+00,6.866910729756290799e+00
2.806999999999999940e+00,2.804168172781107859e+00,6.866892761251138566e+00
2.808000000000000274e+00,2.804098713932885456e+00,6.866874829158148508e+00
2.809000000000000163e+00,2.804029395724059182e+00,6.866856933403505892e+00
2.810000000000000053e+00,2.803960217870104188e+00,6.866839073913558522e+00
2.810999999999999943e+00,2.803891180087062285e+00,6.866821250614797201e+00
2.812000000000000277e+00,2.803822282091557927e+00,6.866803463433863719e+00
2.813000000000000167e+00,2.803753523600774233e+00,6.866785712297539312e+00
2.814000000000000057e+00,2.803684904332477856e+00,6.866767997132777523e+00
2.814999999999999947e+00,2.803616424005000329e+00,6.866750317866648246e+00
2.815999999999999837e+00,2.803548082337241620e+00,6.866732674426391014e+00
2.817000000000000171e+00,2.803479879048667911e+00,6.866715066739394580e+00
2.818000000000000060e+00,2.803411813859316926e+00,6.866697494733176477e+00
2.818999999999999950e+00,2.803343886489785497e+00,6.866679958335422107e+00
2.819999999999999840e+00,2.803276096661238892e+00,6.866662457473946546e+00
2.821000000000000174e+00,2.803208444095405927e+00,6.866644992076725629e+00
2.822000000000000064e+00,2.803140928514575414e+00,6.866627562071871083e+00
2.822999999999999954e+00,2.803073549641595719e+00,6.866610167387643848e+00
2.823999999999999844e+00,2.803006307199880975e+00,6.866592807952448752e+00
2.825000000000000178e+00,2.802939200913390216e+00,6.866575483694840720e+00
2.826000000000000068e+00,2.802872230506657125e+00,6.866558194543511462e+00
2.826999999999999957e+00,2.802805395704759839e+00,6.866540940427309891e+00
2.827999999999999847e+00,2.802738696233339599e+00,6.866523721275214598e+00
2.829000000000000181e+00,2.802672131818585655e+00,6.866506537016356049e+00
2.830000000000000071e+00,2.802605702187238812e+00,6.866489387580009485e+00
2.830999999999999961e+00,2.802539407066598098e+00,6.866472272895588702e+00
2.831999999999999851e+00,2.802473246184509215e+00,6.866455192892659376e+00
2.833000000000000185e+00,2.802407219269371197e+00,6.866438147500917744e+00
2.834000000000000075e+00,2.802341326050126646e+00,6.866421136650211920e+00
2.834999999999999964e+00,2.802275566256267059e+00,6.866404160270529466e+00
2.835999999999999854e+00,2.802209939617835488e+00,6.866387218292000938e+00
2.837000000000000188e+00,2.802144445865410560e+00,6.866370310644891006e+00
2.838000000000000078e+00,2.802079084730123348e+00,6.866353437259625103e+00
2.838999999999999968e+00,2.802013855943642273e+00,6.866336598066743235e+00
2.839999999999999858e+00,2.801948759238182873e+00,6.866319792996949722e+00
2.841000000000000192e+00,2.801883794346500700e+00,6.866303021981075005e+00
2.842000000000000082e+00,2.801818961001885100e+00,6.866286284950097851e+00
2.842999999999999972e+00,2.801754258938170761e+00,6.866269581835126701e+00
2.843999999999999861e+00,2.801689687889727498e+00,6.866252912567427202e+00
2.845000000000000195e+00,2.801625247591460255e+00,6.866236277078385797e+00
2.846000000000000085e+00,2.801560937778813543e+00,6.866219675299543468e+00
2.846999999999999975e+00,2.801496758187762115e+00,6.866203107162561992e+00
2.847999999999999865e+00,2.801432708554815409e+00,6.866186572599263904e+00
2.849000000000000199e+00,2.801368788617016214e+00,6.866170071541592534e+00
2.850000000000000089e+00,2.801304998111934008e+00,6.866153603921635096e+00
2.850999999999999979e+00,2.801241336777675617e+00,6.866137169671617357e+00
2.851999999999999869e+00,2.801177804352871004e+00,6.866120768723906309e+00
2.853000000000000203e+00,2.801114400576680818e+00,6.866104401010995062e+00
2.854000000000000092e+00,2.801051125188792845e+00,6.866088066465524165e+00
2.854999999999999982e+00,2.800987977929415340e+00,6.866071765020270057e+00
2.855999999999999872e+00,2.800924958539291243e+00,6.866055496608133524e+00
2.857000000000000206e+00,2.800862066759679081e+00,6.866039261162165452e+00
2.858000000000000096e+00,2.800799302332363183e+00,6.866023058615549068e+00
2.858999999999999986e+00,2.800736664999647019e+00,6.866006888901599048e+00
2.859999999999999876e+00,2.800674154504357638e+00,6.865990751953769511e+00
2.861000000000000210e+00,2.800611770589842564e+00,6.865974647705646028e+00
2.862000000000000099e+00,2.800549512999959134e+00,6.865958576090951837e+00
2.862999999999999989e+00,2.800487381479093596e+00,6.865942537043541627e+00
2.863999999999999879e+00,2.800425375772145564e+00,6.865926530497406866e+00
2.865000000000000213e+00,2.800363495624526244e+00,6.865910556386672248e+00
2.866000000000000103e+00,2.800301740782158433e+00,6.865894614645594807e+00
2.866999999999999993e+00,2.800240110991486731e+00,6.865878705208567467e+00
2.867999999999999883e+00,2.800178605999463333e+00,6.865862828010111052e+00
2.869000000000000217e+00,2.800117225553556022e+00,6.865846982984885827e+00
2.870000000000000107e+00,2.800055969401728184e+00,6.865831170067679068e+00
2.870999999999999996e+00,2.799994837292474781e+00,6.865815389193415719e+00
2.871999999999999886e+00,2.799933828974783712e+00,6.865799640297147732e+00
2.873000000000000220e+00,2.799872944198149138e+00,6.865783923314058512e+00
2.874000000000000110e+00,2.799812182712579922e+00,6.865768238179468241e+00
2.875000000000000000e+00,2.799751544268582748e+00,6.865752584828825000e+00
2.875999999999999890e+00,2.799691028617175004e+00,6.865736963197707432e+00
2.877000000000000224e+00,2.799630635509871457e+00,6.865721373221822077e+00
2.878000000000000114e+00,2.799570364698690028e+00,6.865705814837013143e+00
2.879000000000000004e+00,2.799510215936149127e+00,6.865690287979250073e+00
2.879999999999999893e+00,2.799450188975271203e+00,6.865674792584631092e+00
2.881000000000000227e+00,2.799390283569575200e+00,6.865659328589386767e+00
2.882000000000000117e+00,2.799330499473079215e+00,6.865643895929876450e+00
2.883000000000000007e+00,2.799270836440289845e+00,6.865628494542584725e+00
2.883999999999999897e+00,2.799211294226225277e+00,6.865613124364133846e+00
2.885000000000000231e+00,2.799151872586384204e+00,6.865597785331265079e+00
2.886000000000000121e+00,2.799092571276768915e+00,6.865582477380859139e+00
2.887000000000000011e+00,2.799033390053867532e+00,6.865567200449906871e+00
2.887999999999999901e+00,2.798974328674669110e+00,6.865551954475544782e+00
2.889000000000000234e+00,2.798915386896641433e+00,6.865536739395026622e+00
2.890000000000000124e+00,2.798856564477753661e+00,6.865521555145738475e+00
2.891000000000000014e+00,2.798797861176458568e+00,6.865506401665191660e+00
2.891999999999999904e+00,2.798739276751697425e+00,6.865491278891021842e+00
2.893000000000000238e+00,2.798680810962902221e+00,6.865476186760993471e+00
2.894000000000000128e+00,2.798622463569982788e+00,6.865461125213000670e+00
2.895000000000000018e+00,2.798564234333342338e+00,6.865446094185053028e+00
2.895999999999999908e+00,2.798506123013865476e+00,6.865431093615299574e+00
2.897000000000000242e+00,2.798448129372916426e+00,6.865416123442003915e+00
2.898000000000000131e+00,2.798390253172346576e+00,6.865401183603559332e+00
2.899000000000000021e+00,2.798332494174486484e+00,6.865386274038485226e+00
2.899999999999999911e+00,2.798274852142148994e+00,6.865371394685421791e+00
2.901000000000000245e+00,2.798217326838623897e+00,6.865356545483136230e+00
2.902000000000000135e+00,2.798159918027677051e+00,6.865341726370519204e+00
2.903000000000000025e+00,2.798102625473555261e+00,6.865326937286586606e+00
2.903999999999999915e+00,2.798045448940980950e+00,6.865312178170476898e+00
2.905000000000000249e+00,2.797988388195154830e+00,6.865297448961449334e+00
2.906000000000000139e+00,2.797931443001746565e+00,6.865282749598891954e+00
2.907000000000000028e+00,2.797874613126901888e+00,6.865268080022314479e+00
2.907999999999999918e+00,2.797817898337240372e+00,6.865253440171341204e+00
2.909000000000000252e+00,2.797761298399849661e+00,6.865238829985732316e+00
2.910000000000000142e+00,2.797704813082292130e+00,6.865224249405355472e+00
2.911000000000000032e+00,2.797648442152598225e+00,6.865209698370215108e+00
2.911999999999999922e+00,2.797592185379263352e+00,6.865195176820425793e+00
2.913000000000000256e+00,2.797536042531260314e+00,6.865180684696229996e+00
2.914000000000000146e+00,2.797480013378025099e+00,6.865166221937985647e+00
2.915000000000000036e+00,2.797424097689447109e+00,6.865151788486180351e+00
2.915999999999999925e+00,2.797368295235896252e+00,6.865137384281410959e+00
2.917000000000000259e+00,2.797312605788204287e+00,6.865123009264406662e+00
2.918000000000000149e+00,2.797257029117661276e+00,6.865108663376005893e+00
2.919000000000000039e+00,2.797201564996018242e+00,6.865094346557178540e+00
2.919999999999999929e+00,2.797146213195493836e+00,6.865080058749000180e+00
2.921000000000000263e+00,2.797090973488763677e+00,6.865065799892682286e+00
2.922000000000000153e+00,2.797035845648962571e+00,6.865051569929540243e+00
2.923000000000000043e+00,2.796980829449686290e+00,6.865037368801015560e+00
2.923999999999999932e+00,2.796925924664980911e+00,6.865023196448674092e+00
2.925000000000000266e+00,2.796871131069357919e+00,6.865009052814189161e+00
2.926000000000000156e+00,2.796816448437781766e+00,6.864994937839354883e+00
2.927000000000000046e+00,2.796761876545670322e+00,6.864980851466089717e+00
2.927999999999999936e+00,2.796707415168892652e+00,6.864966793636424924e+00
2.929000000000000270e+00,2.796653064083780560e+00,6.864952764292509890e+00
2.930000000000000160e+00,2.796598823067102835e+00,6.864938763376613906e+00
2.931000000000000050e+00,2.796544691896094115e+00,6.864924790831117285e+00
2.931999999999999940e+00,2.796490670348432239e+00,6.864910846598528238e+00
2.933000000000000274e+00,2.796436758202244910e+00,6.864896930621454452e+00
2.934000000000000163e+00,2.796382955236110579e+00,6.864883042842635064e+00
2.935000000000000053e+00,2.796329261229048235e+00,6.864869183204921121e+00
2.935999999999999943e+00,2.796275675960531171e+00,6.864855351651275583e+00
2.937000000000000277e+00,2.796222199210479431e+00,6.864841548124783088e+00
2.938000000000000167e+00,2.796168830759250046e+00,6.864827772568641961e+00
2.939000000000000057e+00,2.796115570387646798e+00,6.864814024926161551e+00
2.939999999999999947e+00,2.796062417876925110e+00,6.864800305140766667e+00
2.941000000000000281e+00,2.796009373008768506e+00,6.864786613156002915e+00
2.942000000000000171e+00,2.795956435565311260e+00,6.864772948915525141e+00
2.943000000000000060e+00,2.795903605329123298e+00,6.864759312363102772e+00
2.943999999999999950e+00,2.795850882083219080e+00,6.864745703442624247e+00
2.944999999999999840e+00,2.795798265611051381e+00,6.864732122098088141e+00
2.946000000000000174e+00,2.795745755696497969e+00,6.864718568273600496e+00
2.947000000000000064e+00,2.795693352123892250e+00,6.864705041913389039e+00
2.947999999999999954e+00,2.795641054677992621e+00,6.864691542961794291e+00
2.948999999999999844e+00,2.795588863143994018e+00,6.864678071363265133e+00
2.950000000000000178e+00,2.795536777307524368e+00,6.864664627062368574e+00
2.951000000000000068e+00,2.795484796954650797e+00,6.864651210003774651e+00
2.951999999999999957e+00,2.795432921871868537e+00,6.864637820132278634e+00
2.952999999999999847e+00,2.795381151846103140e+00,6.864624457392777934e+00
2.954000000000000181e+00,2.795329486664710483e+00,6.864611121730284538e+00
2.955000000000000071e+00,2.795277926115484313e+00,6.864597813089919676e+00
2.955999999999999961e+00,2.795226469986632267e+00,6.864584531416920932e+00
2.956999999999999851e+00,2.795175118066807407e+00,6.864571276656632470e+00
2.958000000000000185e+00,2.795123870145080680e+00,6.864558048754516584e+00
2.959000000000000075e+00,2.795072726010946251e+00,6.864544847656131488e+00
2.959999999999999964e+00,2.795021685454330829e+00,6.864531673307162407e+00
2.960999999999999854e+00,2.794970748265583005e+00,6.864518525653391379e+00
2.962000000000000188e+00,2.794919914235475478e+00,6.864505404640718567e+00
2.963000000000000078e+00,2.794869183155200165e+00,6.864492310215154269e+00
2.963999999999999968e+00,2.794818554816380196e+00,6.864479242322810926e+00
2.964999999999999858e+00,2.794768029011051702e+00,6.864466200909915550e+00
2.966000000000000192e+00,2.794717605531672255e+00,6.864453185922803513e+00
2.967000000000000082e+00,2.794667284171123089e+00,6.864440197307922098e+00
2.967999999999999972e+00,2.794617064722700661e+00,6.864427235011818063e+00
2.968999999999999861e+00,2.794566946980120203e+00,6.864414298981153628e+00
2.970000000000000195e+00,2.794516930737513505e+00,6.864401389162703815e+00
2.971000000000000085e+00,2.794467015789429354e+00,6.864388505503336901e+00
2.971999999999999975e+00,2.794417201930830874e+00,6.864375647950041959e+00
2.972999999999999865e+00,2.794367488957098189e+00,6.864362816449910198e+00
2.974000000000000199e+00,2.794317876664021760e+00,6.864350010950140302e+00
2.975000000000000089e+00,2.794268364847808161e+00,6.864337231398042860e+00
2.975999999999999979e+00,2.794218953305072972e+00,6.864324477741029717e+00
2.976999999999999869e+00,2.794169641832846551e+00,6.864311749926616635e+00
2.978000000000000203e+00,2.794120430228560714e+00,6.864299047902434836e+00
2.979000000000000092e+00,2.794071318290070494e+00,6.864286371616211468e+00
2.979999999999999982e+00,2.794022305815628826e+00,6.864273721015789143e+00
2.980999999999999872e+00,2.793973392603902983e+00,6.864261096049113497e+00
2.982000000000000206e+00,2.793924578453958141e+00,6.864248496664226984e+00
2.983000000000000096e+00,2.793875863165280915e+00,6.864235922809294621e+00
2.983999999999999986e+00,2.793827246537748277e+00,6.864223374432567581e+00
2.984999999999999876e+00,2.793778728371650644e+00,6.864210851482419606e+00
2.986000000000000210e+00,2.793730308467677670e+00,6.864198353907309702e+00
2.987000000000000099e+00,2.793681986626924907e+00,6.864185881655822108e+00
2.987999999999999989e+00,2.793633762650889807e+00,6.864173434676632546e+00
2.988999999999999879e+00,2.793585636341469502e+00,6.864161012918518878e+00
2.990000000000000213e+00,2.793537607500958586e+00,6.864148616330375319e+00
2.991000000000000103e+00,2.793489675932063765e+00,6.864136244861183123e+00
2.991999999999999993e+00,2.793441841437877660e+00,6.864123898460041673e+00
2.992999999999999883e+00,2.793394103821892127e+00,6.864111577076148052e+00
2.994000000000000217e+00,2.793346462888004478e+00,6.864099280658802371e+00
2.995000000000000107e+00,2.793298918440502820e+00,6.864087009157398001e+00
2.995999999999999996e+00,2.793251470284071392e+00,6.864074762521453543e+00
2.996999999999999886e+00,2.793204118223788335e+00,6.864062540700565762e+00
2.998000000000000220e+00,2.793156862065131918e+00,6.864050343644449548e+00
2.999000000000000110e+00,2.793109701613963214e+00,6.864038171302915714e+00
3.000000000000000000e+00,2.793062636676546528e+00,6.864026023625875439e+00
3.000999999999999890e+00,2.793015667059532081e+00,6.864013900563347370e+00
3.002000000000000224e+00,2.792968792569958669e+00,6.864001802065442526e+00
3.003000000000000114e+00,2.792922013015263438e+00,6.863989728082383834e+00
3.004000000000000004e+00,2.792875328203268559e+00,6.863977678564484819e+00
3.004999999999999893e+00,2.792828737942181228e+00,6.863965653462166472e+00
3.006000000000000227e+00,2.792782242040601659e+00,6.863953652725949262e+00
3.007000000000000117e+00,2.792735840307513318e+00,6.863941676306450468e+00
3.008000000000000007e+00,2.792689532552288245e+00,6.863929724154393952e+00
3.008999999999999897e+00,2.792643318584685730e+00,6.863917796220595058e+00
3.010000000000000231e+00,2.792597198214847420e+00,6.863905892455974822e+00
3.011000000000000121e+00,2.792551171253293329e+00,6.863894012811553758e+00
3.012000000000000011e+00,2.792505237510938709e+00,6.863882157238447412e+00
3.012999999999999901e+00,2.792459396799070959e+00,6.863870325687876139e+00
3.014000000000000234e+00,2.792413648929361170e+00,6.863858518111157991e+00
3.015000000000000124e+00,2.792367993713867236e+00,6.863846734459700727e+00
3.016000000000000014e+00,2.792322430965021862e+00,6.863834974685024903e+00
3.016999999999999904e+00,2.792276960495633009e+00,6.863823238738734567e+00
3.018000000000000238e+00,2.792231582118897215e+00,6.863811526572549226e+00
3.019000000000000128e+00,2.792186295648382277e+00,6.863799838138271880e+00
3.020000000000000018e+00,2.792141100898035244e+00,6.863788173387805003e+00
3.020999999999999908e+00,2.792095997682175312e+00,6.863776532273158537e+00
3.022000000000000242e+00,2.792050985815501818e+00,6.863764914746426804e+00
3.023000000000000131e+00,2.792006065113086688e+00,6.863753320759811594e+00
3.024000000000000021e+00,2.791961235390377549e+00,6.863741750265605290e+00
3.024999999999999911e+00,2.791916496463194175e+00,6.863730203216197978e+00
3.026000000000000245e+00,2.791871848147727153e+00,6.863718679564079217e+00
3.027000000000000135e+00,2.791827290260540995e+00,6.863707179261830049e+00
3.028000000000000025e+00,2.791782822618570137e+00,6.863695702262133658e+00
3.028999999999999915e+00,2.791738445039120275e+00,6.863684248517762043e+00
3.030000000000000249e+00,2.791694157339864812e+00,6.863672817981592011e+00
3.031000000000000139e+00,2.791649959338848408e+00,6.863661410606586522e+00
3.032000000000000028e+00,2.791605850854480764e+00,6.863650026345811561e+00
3.032999999999999918e+00,2.791561831705541952e+00,6.863638665152421936e+00
3.034000000000000252e+00,2.791517901711173089e+00,6.863627326979670151e+00
3.035000000000000142e+00,2.791474060690890102e+00,6.863616011780907300e+00
3.036000000000000032e+00,2.791430308464564636e+00,6.863604719509573293e+00
3.036999999999999922e+00,2.791386644852434706e+00,6.863593450119203965e+00
3.038000000000000256e+00,2.791343069675109145e+00,6.863582203563430184e+00
3.039000000000000146e+00,2.791299582753553388e+00,6.863570979795975191e+00
3.040000000000000036e+00,2.791256183909090804e+00,6.863559778770659037e+00
3.040999999999999925e+00,2.791212872963413805e+00,6.863548600441393255e+00
3.042000000000000259e+00,2.791169649738577174e+00,6.863537444762187967e+00
3.043000000000000149e+00,2.791126514056980756e+00,6.863526311687133230e+00
3.044000000000000039e+00,2.791083465741402758e+00,6.863515201170429236e+00
3.044999999999999929e+00,2.791040504614968665e+00,6.863504113166351672e+00
3.046000000000000263e+00,2.790997630501161009e+00,6.863493047629287247e+00
3.047000000000000153e+00,2.790954843223825144e+00,6.863482004513699053e+00
3.048000000000000043e+00,2.790912142607157698e+00,6.863470983774151435e+00
3.048999999999999932e+00,2.790869528475716344e+00,6.863459985365299332e+00
3.050000000000000266e+00,2.790827000654407364e+00,6.863449009241887389e+00
3.051000000000000156e+00,2.790784558968491424e+00,6.863438055358755285e+00
3.052000000000000046e+00,2.790742203243591124e+00,6.863427123670831520e+00
3.052999999999999936e+00,2.790699933305671898e+00,6.863416214133136961e+00
3.054000000000000270e+00,2.790657748981055786e+00,6.863405326700781295e+00
3.055000000000000160e+00,2.790615650096414768e+00,6.863394461328971907e+00
3.056000000000000050e+00,2.790573636478772102e+00,6.863383617973001449e+00
3.056999999999999940e+00,2.790531707955502760e+00,6.863372796588250502e+00
3.058000000000000274e+00,2.790489864354325888e+00,6.863361997130197345e+00
3.059000000000000163e+00,2.790448105503311460e+00,6.863351219554408189e+00
3.060000000000000053e+00,2.790406431230882944e+00,6.863340463816534509e+00
3.060999999999999943e+00,2.790364841365801318e+00,6.863329729872325480e+00
3.062000000000000277e+00,2.790323335737178390e+00,6.863319017677611100e+00
3.063000000000000167e+00,2.790281914174469691e+00,6.863308327188318181e+00
3.064000000000000057e+00,2.790240576507482917e+00,6.863297658360465014e+00
3.064999999999999947e+00,2.790199322566362383e+00,6.863287011150144501e+00
3.066000000000000281e+00,2.790158152181593909e+00,6.863276385513557010e+00
3.067000000000000171e+00,2.790117065184014589e+00,6.863265781406979293e+00
3.068000000000000060e+00,2.790076061404797692e+00,6.863255198786780475e+00
3.068999999999999950e+00,2.790035140675463321e+00,6.863244637609422050e+00
3.070000000000000284e+00,2.789994302827863759e+00,6.863234097831446334e+00
3.071000000000000174e+00,2.789953547694197233e+00,6.863223579409485353e+00
3.072000000000000064e+00,2.789912875107006140e+00,6.863213082300267054e+00
3.072999999999999954e+00,2.789872284899157506e+00,6.863202606460597544e+00
3.073999999999999844e+00,2.789831776903868743e+00,6.863192151847374411e+00
3.075000000000000178e+00,2.789791350954692994e+00,6.863181718417584953e+00
3.076000000000000068e+00,2.789751006885516471e+00,6.863171306128297289e+00
3.076999999999999957e+00,2.789710744530559339e+00,6.863160914936670132e+00
3.077999999999999847e+00,2.789670563724383268e+00,6.863150544799952790e+00
3.079000000000000181e+00,2.789630464301883883e+00,6.863140195675473620e+00
3.080000000000000071e+00,2.789590446098287213e+00,6.863129867520656013e+00
3.080999999999999961e+00,2.789550508949154128e+00,6.863119560292998855e+00
3.081999999999999851e+00,2.789510652690376791e+00,6.863109273950098732e+00
3.083000000000000185e+00,2.789470877158181317e+00,6.863099008449633054e+00
3.084000000000000075e+00,2.789431182189124225e+00,6.863088763749361831e+00
3.084999999999999964e+00,2.789391567620091550e+00,6.863078539807134781e+00
3.085999999999999854e+00,2.789352033288304611e+00,6.863068336580885997e+00
3.087000000000000188e+00,2.789312579031304917e+00,6.863058154028637503e+00
3.088000000000000078e+00,2.789273204686974150e+00,6.863047992108491258e+00
3.088999999999999968e+00,2.789233910093507962e+00,6.863037850778634485e+00
3.089999999999999858e+00,2.789194695089439069e+00,6.863027729997346782e+00
3.091000000000000192e+00,2.789155559513624816e+00,6.863017629722982349e+00
3.092000000000000082e+00,2.789116503205251618e+00,6.863007549913984207e+00
3.092999999999999972e+00,2.789077526003825636e+00,6.862997490528884192e+00
3.093999999999999861e+00,2.789038627749178101e+00,6.862987451526289640e+00
3.095000000000000195e+00,2.788999808281462212e+00,6.862977432864898475e+00
3.096000000000000085e+00,2.788961067441166897e+00,6.862967434503488562e+00
3.096999999999999975e+00,2.788922405069093280e+00,6.862957456400927470e+00
3.097999999999999865e+00,2.788883821006360453e+00,6.862947498516150269e+00
3.099000000000000199e+00,2.788845315094420574e+00,6.862937560808195059e+00
3.100000000000000089e+00,2.788806887175040217e+00,6.862927643236173658e+00
3.100999999999999979e+00,2.788768537090303035e+00,6.862917745759278709e+00
3.101999999999999869e+00,2.788730264682618198e+00,6.862907868336789008e+00
3.103000000000000203e+00,2.788692069794709738e+00,6.862898010928063286e+00
3.104000000000000092e+00,2.788653952269625425e+00,6.862888173492547317e+00
3.104999999999999982e+00,2.788615911950720339e+00,6.862878355989767698e+00
3.105999999999999872e+00,2.788577948681678631e+00,6.862868558379322970e+00
3.107000000000000206e+00,2.788540062306489098e+00,6.862858780620912036e+00
3.108000000000000096e+00,2.788502252669468717e+00,6.862849022674298638e+00
3.108999999999999986e+00,2.788464519615234227e+00,6.862839284499336223e+00
3.109999999999999876e+00,2.788426862988729216e+00,6.862829566055964392e+00
3.111000000000000210e+00,2.788389282635205468e+00,6.862819867304191135e+00
3.112000000000000099e+00,2.788351778400228742e+00,6.862810188204114148e+00
3.112999999999999989e+00,2.788314350129678321e+00,6.862800528715912840e+00
3.113999999999999879e+00,2.788276997669742574e+00,6.862790888799843003e+00
3.115000000000000213e+00,2.788239720866925175e+00,6.862781268416243918e+00
3.116000000000000103e+00,2.788202519568037552e+00,6.862771667525530361e+00
3.116999999999999993e+00,2.788165393620200661e+00,6.862762086088202373e+00
3.117999999999999883e+00,2.788128342870844545e+00,6.862752524064839044e+00
3.119000000000000217e+00,2.788091367167709667e+00,6.862742981416102062e+00
3.120000000000000107e+00,2.788054466358846017e+00,6.862733458102726836e+00
3.120999999999999996e+00,2.788017640292604682e+00,6.862723954085534039e+00
3.121999999999999886e+00,2.787980888817650271e+00,6.862714469325413624e+00
3.123000000000000220e+00,2.787944211782952930e+00,6.862705003783350577e+00
3.124000000000000110e+00,2.787907609037781231e+00,6.862695557420397385e+00
3.125000000000000000e+00,2.787871080431716830e+00,6.862686130197689138e+00
3.125999999999999890e+00,2.787834625814641587e+00,6.862676722076441749e+00
3.127000000000000224e+00,2.787798245036742451e+00,6.862667333017942184e+00
3.128000000000000114e+00,2.787761937948511459e+00,6.862657962983560900e+00
3.129000000000000004e+00,2.787725704400737303e+00,6.862648611934753617e+00
3.129999999999999893e+00,2.787689544244515982e+00,6.862639279833043560e+00
3.131000000000000227e+00,2.787653457331242368e+00,6.862629966640032109e+00
3.132000000000000117e+00,2.787617443512613757e+00,6.862620672317409465e+00
3.133000000000000007e+00,2.787581502640624542e+00,6.862611396826928889e+00
3.133999999999999897e+00,2.787545634567568431e+00,6.862602140130433348e+00
3.135000000000000231e+00,2.787509839146042889e+00,6.862592902189835975e+00
3.136000000000000121e+00,2.787474116228941146e+00,6.862583682967127174e+00
3.137000000000000011e+00,2.787438465669449972e+00,6.862574482424382616e+00
3.137999999999999901e+00,2.787402887321059453e+00,6.862565300523745471e+00
3.139000000000000234e+00,2.787367381037553216e+00,6.862556137227437958e+00
3.140000000000000124e+00,2.787331946673008432e+00,6.862546992497761345e+00
3.141000000000000014e+00,2.787296584081804252e+00,6.862537866297091504e+00
3.141999999999999904e+00,2.787261293118603600e+00,6.862528758587878919e+00
3.143000000000000238e+00,2.787226073638376711e+00,6.862519669332655781e+00
3.144000000000000128e+00,2.787190925496374483e+00,6.862510598494022673e+00
3.145000000000000018e+00,2.787155848548149795e+00,6.862501546034662780e+00
3.145999999999999908e+00,2.787120842649544628e+00,6.862492511917330340e+00
3.147000000000000242e+00,2.787085907656692729e+00,6.862483496104856862e+00
3.148000000000000131e+00,2.787051043426016506e+00,6.862474498560152902e+00
3.149000000000000021e+00,2.787016249814235014e+00,6.862465519246195633e+00
3.149999999999999911e+00,2.786981526678349752e+00,6.862456558126044825e+00
3.151000000000000245e+00,2.786946873875657982e+00,6.862447615162829528e+00
3.152000000000000135e+00,2.786912291263742514e+00,6.862438690319762280e+00
3.153000000000000025e+00,2.786877778700469932e+00,6.862429783560115126e+00
3.153999999999999915e+00,2.786843336044006580e+00,6.862420894847250707e+00
3.155000000000000249e+00,2.786808963152796359e+00,6.862412024144597389e+00
3.156000000000000139e+00,2.786774659885567829e+00,6.862403171415661696e+00
3.157000000000000028e+00,2.786740426101341761e+00,6.862394336624014102e+00
3.157999999999999918e+00,2.786706261659421813e+00,6.862385519733310346e+00
3.159000000000000252e+00,2.786672166419396302e+00,6.862376720707281663e+00
3.160000000000000142e+00,2.786638140241139094e+00,6.862367939509720571e+00
3.161000000000000032e+00,2.786604182984802947e+00,6.862359176104499525e+00
3.161999999999999922e+00,2.786570294510827939e+00,6.862350430455563810e+00
3.163000000000000256e+00,2.786536474679932152e+00,6.862341702526939535e+00
3.164000000000000146e+00,2.786502723353125432e+00,6.862332992282706101e+00
3.165000000000000036e+00,2.786469040391684082e+00,6.862324299687041496e+00
3.165999999999999925e+00,2.786435425657181053e+00,6.862315624704170780e+00
3.167000000000000259e+00,2.786401879011456195e+00,6.862306967298410498e+00
3.168000000000000149e+00,2.786368400316632243e+00,6.862298327434139367e+00
3.169000000000000039e+00,2.786334989435118814e+00,6.862289705075812485e+00
3.169999999999999929e+00,2.786301646229592865e+00,6.862281100187957783e+00
3.171000000000000263e+00,2.786268370563017349e+00,6.862272512735171581e+00
3.172000000000000153e+00,2.786235162298627444e+00,6.862263942682122142e+00
3.173000000000000043e+00,2.786202021299938103e+00,6.862255389993550558e+00
3.173999999999999932e+00,2.786168947430737841e+00,6.862246854634273419e+00
3.175000000000000266e+00,2.786135940555094059e+00,6.862238336569174812e+00
3.176000000000000156e+00,2.786103000537347718e+00,6.862229835763207220e+00
3.177000000000000046e+00,2.786070127242114225e+00,6.862221352181400391e+00
3.177999999999999936e+00,2.786037320534280326e+00,6.862212885788844474e+00
3.179000000000000270e+00,2.786004580279012099e+00,6.862204436550717546e+00
3.180000000000000160e+00,2.785971906341740301e+00,6.862196004432247420e+00
3.181000000000000050e+00,2.785939298588176349e+00,6.862187589398748067e+00
3.181999999999999940e+00,2.785906756884298563e+00,6.862179191415602730e+00
3.183000000000000274e+00,2.785874281096361482e+00,6.862170810448255942e+00
3.184000000000000163e+00,2.785841871090877664e+00,6.862162446462233056e+00
3.185000000000000053e+00,2.785809526734645658e+00,6.862154099423116271e+00
3.185999999999999943e+00,2.785777247894723807e+00,6.862145769296568609e+00
3.187000000000000277e+00,2.785745034438444900e+00,6.862137456048317041e+00
3.188000000000000167e+00,2.785712886233407293e+00,6.862129159644163146e+00
3.189000000000000057e+00,2.785680803147472240e+00,6.862120880049969784e+00
3.189999999999999947e+00,2.785648785048777221e+00,6.862112617231677092e+00
3.191000000000000281e+00,2.785616831805723947e+00,6.862104371155290039e+00
3.192000000000000171e+00,2.785584943286977477e+00,6.862096141786888204e+00
3.193000000000000060e+00,2.785553119361471985e+00,6.862087929092604455e+00
3.193999999999999950e+00,2.785521359898404548e+00,6.862079733038657814e+00
3.195000000000000284e+00,2.785489664767235141e+00,6.862071553591328588e+00
3.196000000000000174e+00,2.785458033837696412e+00,6.862063390716967248e+00
3.197000000000000064e+00,2.785426466979772364e+00,6.862055244381984664e+00
3.197999999999999954e+00,2.785394964063721890e+00,6.862047114552868976e+00
3.199000000000000288e+00,2.785363524960058346e+00,6.862039001196180266e+00
3.200000000000000178e+00,2.785332149539558877e+00,6.862030904278527466e+00
3.201000000000000068e+00,2.785300837673268415e+00,6.862022823766606550e+00
3.201999999999999957e+00,2.785269589232481469e+00,6.862014759627175664e+00
3.202999999999999847e+00,2.785238404088762998e+00,6.862006711827048022e+00
3.204000000000000181e+00,2.785207282113931537e+00,6.861998680333128320e+00
3.205000000000000071e+00,2.785176223180069854e+00,6.861990665112363885e+00
3.205999999999999961e+00,2.785145227159516068e+00,6.861982666131782871e+00
3.206999999999999851e+00,2.785114293924865869e+00,6.861974683358475602e+00
3.208000000000000185e+00,2.785083423348978737e+00,6.861966716759602569e+00
3.209000000000000075e+00,2.785052615304960622e+00,6.861958766302386437e+00
3.209999999999999964e+00,2.785021869666187921e+00,6.861950831954122698e+00
3.210999999999999854e+00,2.784991186306284838e+00,6.861942913682161915e+00
3.212000000000000188e+00,2.784960565099132257e+00,6.861935011453933697e+00
3.213000000000000078e+00,2.784930005918866858e+00,6.861927125236925384e+00
3.213999999999999968e+00,2.784899508639879784e+00,6.861919254998693596e+00
3.214999999999999858e+00,2.784869073136816198e+00,6.861911400706860675e+00
3.216000000000000192e+00,2.784838699284575725e+00,6.861903562329110251e+00
3.217000000000000082e+00,2.784808386958312898e+00,6.861895739833199670e+00
3.217999999999999972e+00,2.784778136033430496e+00,6.861887933186944011e+00
3.218999999999999861e+00,2.784747946385588868e+00,6.861880142358220525e+00
3.220000000000000195e+00,2.784717817890692171e+00,6.861872367314989063e+00
3.221000000000000085e+00,2.784687750424903463e+00,6.861864608025257439e+00
3.221999999999999975e+00,2.784657743864637158e+00,6.861856864457102745e+00
3.222999999999999865e+00,2.784627798086546591e+00,6.861849136578668684e+00
3.224000000000000199e+00,2.784597912967547995e+00,6.861841424358158470e+00
3.225000000000000089e+00,2.784568088384796969e+00,6.861833727763849922e+00
3.225999999999999979e+00,2.784538324215705796e+00,6.861826046764080367e+00
3.226999999999999869e+00,2.784508620337930118e+00,6.861818381327242200e+00
3.228000000000000203e+00,2.784478976629373825e+00,6.861810731421804199e+00
3.229000000000000092e+00,2.784449392968183279e+00,6.861803097016295538e+00
3.229999999999999982e+00,2.784419869232760192e+00,6.861795478079304011e+00
3.230999999999999872e+00,2.784390405301750082e+00,6.861787874579489355e+00
3.232000000000000206e+00,2.784361001054037388e+00,6.861780286485569924e+00
3.233000000000000096e+00,2.784331656368760566e+00,6.861772713766328913e+00
3.233999999999999986e+00,2.784302371125300546e+00,6.861765156390607245e+00
3.234999999999999876e+00,2.784273145203272293e+00,6.861757614327321342e+00
3.236000000000000210e+00,2.784243978482551007e+00,6.861750087545436472e+00
3.237000000000000099e+00,2.784214870843245038e+00,6.861742576013990735e+00
3.237999999999999989e+00,2.784185822165700763e+00,6.861735079702081741e+00
3.238999999999999879e+00,2.784156832330521691e+00,6.861727598578867493e+00
3.240000000000000213e+00,2.784127901218539147e+00,6.861720132613575274e+00
3.241000000000000103e+00,2.784099028710834034e+00,6.861712681775486544e+00
3.241999999999999993e+00,2.784070214688718625e+00,6.861705246033947603e+00
3.242999999999999883e+00,2.784041459033758770e+00,6.861697825358374025e+00
3.244000000000000217e+00,2.784012761627747690e+00,6.861690419718228462e+00
3.245000000000000107e+00,2.783984122352725521e+00,6.861683029083051721e+00
3.245999999999999996e+00,2.783955541090967323e+00,6.861675653422431687e+00
3.246999999999999886e+00,2.783927017724986630e+00,6.861668292706033512e+00
3.248000000000000220e+00,2.783898552137538562e+00,6.861660946903571201e+00
3.249000000000000110e+00,2.783870144211612274e+00,6.861653615984823595e+00
3.250000000000000000e+00,2.783841793830431399e+00,6.861646299919632597e+00
3.250999999999999890e+00,2.783813500877458935e+00,6.861638998677898726e+00
3.252000000000000224e+00,2.783785265236396800e+00,6.861631712229589120e+00
3.253000000000000114e+00,2.783757086791177837e+00,6.861624440544720649e+00
3.254000000000000004e+00,2.783728965425965374e+00,6.861617183593383018e+00
3.254999999999999893e+00,2.783700901025173202e+00,6.861609941345724550e+00
3.256000000000000227e+00,2.783672893473430943e+00,6.861602713771941531e+00
3.257000000000000117e+00,2.783644942655613796e+00,6.861595500842306627e+00
3.258000000000000007e+00,2.783617048456819898e+00,6.861588302527146688e+00
3.258999999999999897e+00,2.783589210762392963e+00,6.861581118796844514e+00
3.260000000000000231e+00,2.783561429457896086e+00,6.861573949621850410e+00
3.261000000000000121e+00,2.783533704429131284e+00,6.861566794972668859e+00
3.262000000000000011e+00,2.783506035562131498e+00,6.861559654819862963e+00
3.262999999999999901e+00,2.783478422743153491e+00,6.861552529134063327e+00
3.264000000000000234e+00,2.783450865858696499e+00,6.861545417885956510e+00
3.265000000000000124e+00,2.783423364795475585e+00,6.861538321046282363e+00
3.266000000000000014e+00,2.783395919440446953e+00,6.861531238585847348e+00
3.266999999999999904e+00,2.783368529680787073e+00,6.861524170475514772e+00
3.268000000000000238e+00,2.783341195403907786e+00,6.861517116686203899e+00
3.269000000000000128e+00,2.783313916497443419e+00,6.861510077188905932e+00
3.270000000000000018e+00,2.783286692849257893e+00,6.861503051954646715e+00
3.270999999999999908e+00,2.783259524347438951e+00,6.861496040954535580e+00
3.272000000000000242e+00,2.783232410880311036e+00,6.861489044159726269e+00
3.273000000000000131e+00,2.783205352336409977e+00,6.861482061541434696e+00
3.274000000000000021e+00,2.783178348604508745e+00,6.861475093070934506e+00
3.274999999999999911e+00,2.783151399573597917e+00,6.861468138719557963e+00
3.276000000000000245e+00,2.783124505132900328e+00,6.861461198458694177e+00
3.277000000000000135e+00,2.783097665171859969e+00,6.861454272259797094e+00
3.278000000000000025e+00,2.783070879580137102e+00,6.861447360094365067e+00
3.278999999999999915e+00,2.783044148247625138e+00,6.861440461933971946e+00
3.280000000000000249e+00,2.783017471064436421e+00,6.861433577750228885e+00
3.281000000000000139e+00,2.782990847920908006e+00,6.861426707514820755e+00
3.282000000000000028e+00,2.782964278707596772e+00,6.861419851199483944e+00
3.282999999999999918e+00,2.782937763315281199e+00,6.861413008776011679e+00
3.284000000000000252e+00,2.782911301634957368e+00,6.861406180216255812e+00
3.285000000000000142e+00,2.782884893557852291e+00,6.861399365492122371e+00
3.286000000000000032e+00,2.782858538975402141e+00,6.861392564575577779e+00
3.286999999999999922e+00,2.782832237779269136e+00,6.861385777438641753e+00
3.288000000000000256e+00,2.782805989861333984e+00,6.861379004053397068e+00
3.289000000000000146e+00,2.782779795113692334e+00,6.861372244391977127e+00
3.290000000000000036e+00,2.782753653428661877e+00,6.861365498426568621e+00
3.290999999999999925e+00,2.782727564698781908e+00,6.861358766129427522e+00
3.292000000000000259e+00,2.782701528816801329e+00,6.861352047472851545e+00
3.293000000000000149e+00,2.782675545675688866e+00,6.861345342429202354e+00
3.294000000000000039e+00,2.782649615168633961e+00,6.861338650970901121e+00
3.294999999999999929e+00,2.782623737189035218e+00,6.861331973070414314e+00
3.296000000000000263e+00,2.782597911630512844e+00,6.861325308700273240e+00
3.297000000000000153e+00,2.782572138386902427e+00,6.861318657833055390e+00
3.298000000000000043e+00,2.782546417352249613e+00,6.861312020441409310e+00
3.298999999999999932e+00,2.782520748420819423e+00,6.861305396498025289e+00
3.300000000000000266e+00,2.782495131487086049e+00,6.861298785975652237e+00
3.301000000000000156e+00,2.782469566445743503e+00,6.861292188847093243e+00
3.302000000000000046e+00,2.782444053191691413e+00,6.861285605085217121e+00
3.302999999999999936e+00,2.782418591620054116e+00,6.861279034662930876e+00
3.304000000000000270e+00,2.782393181626150458e+00,6.861272477553211679e+00
3.305000000000000160e+00,2.782367823105529769e+00,6.861265933729075783e+00
3.306000000000000050e+00,2.782342515953938111e+00,6.861259403163608717e+00
3.306999999999999940e+00,2.782317260067341813e+00,6.861252885829948411e+00
3.308000000000000274e+00,2.782292055341911929e+00,6.861246381701274544e+00
3.309000000000000163e+00,2.782266901674034454e+00,6.861239890750836956e+00
3.310000000000000053e+00,2.782241798960304546e+00,6.861233412951929900e+00
3.310999999999999943e+00,2.782216747097524312e+00,6.861226948277904469e+00
3.312000000000000277e+00,2.782191745982704134e+00,6.861220496702165939e+00
3.313000000000000167e+00,2.782166795513066671e+00,6.861214058198178201e+00
3.314000000000000057e+00,2.782141895586040192e+00,6.861207632739449558e+00
3.314999999999999947e+00,2.782117046099256807e+00,6.861201220299549597e+00
3.316000000000000281e+00,2.782092246950562675e+00,6.861194820852094978e+00
3.317000000000000171e+00,2.782067498038010012e+00,6.861188434370761868e+00
3.318000000000000060e+00,2.782042799259854871e+00,6.861182060829279727e+00
3.318999999999999950e+00,2.782018150514555366e+00,6.861175700201424199e+00
3.320000000000000284e+00,2.781993551700784106e+00,6.861169352461029547e+00
3.321000000000000174e+00,2.781969002717410433e+00,6.861163017581983325e+00
3.322000000000000064e+00,2.781944503463518625e+00,6.861156695538227268e+00
3.322999999999999954e+00,2.781920053838383478e+00,6.861150386303751070e+00
3.324000000000000288e+00,2.781895653741496943e+00,6.861144089852603045e+00
3.325000000000000178e+00,2.781871303072541934e+00,6.861137806158876806e+00
3.326000000000000068e+00,2.781847001731418523e+00,6.861131535196723696e+00
3.326999999999999957e+00,2.781822749618216406e+00,6.861125276940345685e+00
3.328000000000000291e+00,2.781798546633236224e+00,6.861119031364000698e+00
3.329000000000000181e+00,2.781774392676975793e+00,6.861112798441991067e+00
3.330000000000000071e+00,2.781750287650134101e+00,6.861106578148675972e+00
3.330999999999999961e+00,2.781726231453617082e+00,6.861100370458471431e+00
3.331999999999999851e+00,2.781702223988528289e+00,6.861094175345836099e+00
3.333000000000000185e+00,2.781678265156162677e+00,6.861087992785286360e+00
3.334000000000000075e+00,2.781654354858030587e+00,6.861081822751386561e+00
3.334999999999999964e+00,2.781630492995828430e+00,6.861075665218754338e+00
3.335999999999999854e+00,2.781606679471457344e+00,6.861069520162061508e+00
3.337000000000000188e+00,2.781582914187020528e+00,6.861063387556028736e+00
3.338000000000000078e+00,2.781559197044813914e+00,6.861057267375424651e+00
3.338999999999999968e+00,2.781535527947331499e+00,6.861051159595072946e+00
3.339999999999999858e+00,2.781511906797267120e+00,6.861045064189848830e+00
3.341000000000000192e+00,2.781488333497510457e+00,6.861038981134677250e+00
3.342000000000000082e+00,2.781464807951146145e+00,6.861032910404534668e+00
3.342999999999999972e+00,2.781441330061460881e+00,6.861026851974441954e+00
3.343999999999999861e+00,2.781417899731928323e+00,6.861020805819483037e+00
3.345000000000000195e+00,2.781394516866226407e+00,6.861014771914780042e+00
3.346000000000000085e+00,2.781371181368220480e+00,6.861008750235515485e+00
3.346999999999999975e+00,2.781347893141977057e+00,6.861002740756914520e+00
3.347999999999999865e+00,2.781324652091749616e+00,6.860996743454257363e+00
3.349000000000000199e+00,2.781301458121994141e+00,6.860990758302873083e+00
3.350000000000000089e+00,2.781278311137350023e+00,6.860984785278136044e+00
3.350999999999999979e+00,2.781255211042660491e+00,6.860978824355476569e+00
3.351999999999999869e+00,2.781232157742953959e+00,6.860972875510373825e+00
3.353000000000000203e+00,2.781209151143453351e+00,6.860966938718354946e+00
3.354000000000000092e+00,2.781186191149572551e+00,6.860961013955002130e+00
3.354999999999999982e+00,2.781163277666916844e+00,6.860955101195933992e+00
3.355999999999999872e+00,2.781140410601288693e+00,6.860949200416831317e+00
3.357000000000000206e+00,2.781117589858670414e+00,6.860943311593420191e+00
3.358000000000000096e+00,2.781094815345242388e+00,6.860937434701471105e+00
3.358999999999999986e+00,2.781072086967372403e+00,6.860931569716819389e+00
3.359999999999999876e+00,2.781049404631620536e+00,6.860925716615322578e+00
3.361000000000000210e+00,2.781026768244731606e+00,6.860919875372913701e+00
3.362000000000000099e+00,2.781004177713639169e+00,6.860914045965558650e+00
3.362999999999999989e+00,2.780981632945473070e+00,6.860908228369276607e+00
3.363999999999999879e+00,2.780959133847540787e+00,6.860902422560140934e+00
3.365000000000000213e+00,2.780936680327344757e+00,6.860896628514259632e+00
3.366000000000000103e+00,2.780914272292570377e+00,6.860890846207801097e+00
3.366999999999999993e+00,2.780891909651091787e+00,6.860885075616980799e+00
3.367999999999999883e+00,2.780869592310971417e+00,6.860879316718059506e+00
3.369000000000000217e+00,2.780847320180456439e+00,6.860873569487343282e+00
3.370000000000000107e+00,2.780825093167976103e+00,6.860867833901192370e+00
3.370999999999999996e+00,2.780802911182147952e+00,6.860862109936011421e+00
3.371999999999999886e+00,2.780780774131777378e+00,6.860856397568255716e+00
3.373000000000000220e+00,2.780758681925854070e+00,6.860850696774420499e+00
3.374000000000000110e+00,2.780736634473544022e+00,6.860845007531058748e+00
3.375000000000000000e+00,2.780714631684205518e+00,6.860839329814768739e+00
3.375999999999999890e+00,2.780692673467378473e+00,6.860833663602186938e+00
3.377000000000000224e+00,2.780670759732785768e+00,6.860828008870008432e+00
3.378000000000000114e+00,2.780648890390329697e+00,6.860822365594970940e+00
3.379000000000000004e+00,2.780627065350097293e+00,6.860816733753862806e+00
3.379999999999999893e+00,2.780605284522362997e+00,6.860811113323506127e+00
3.381000000000000227e+00,2.780583547817572665e+00,6.860805504280791389e+00
3.382000000000000117e+00,2.780561855146362227e+00,6.860799906602640164e+00
3.383000000000000007e+00,2.780540206419542137e+00,6.860794320266024648e+00
3.383999999999999897e+00,2.780518601548108926e+00,6.860788745247962339e+00
3.385000000000000231e+00,2.780497040443236756e+00,6.860783181525526686e+00
3.386000000000000121e+00,2.780475523016278316e+00,6.860777629075820450e+00
3.387000000000000011e+00,2.780454049178768372e+00,6.860772087876006786e+00
3.387999999999999901e+00,2.780432618842416659e+00,6.860766557903296814e+00
3.389000000000000234e+00,2.780411231919117210e+00,6.860761039134930073e+00
3.390000000000000124e+00,2.780389888320939917e+00,6.860755531548215380e+00
3.391000000000000014e+00,2.780368587960131421e+00,6.860750035120487311e+00
3.391999999999999904e+00,2.780347330749115997e+00,6.860744549829139949e+00
3.393000000000000238e+00,2.780326116600496444e+00,6.860739075651606456e+00
3.394000000000000128e+00,2.780304945427055419e+00,6.860733612565369732e+00
3.395000000000000018e+00,2.780283817141749214e+00,6.860728160547956200e+00
3.395999999999999908e+00,2.780262731657704656e+00,6.860722719576936690e+00
3.397000000000000242e+00,2.780241688888237306e+00,6.860717289629929105e+00
3.398000000000000131e+00,2.780220688746827928e+00,6.860711870684598424e+00
3.399000000000000021e+00,2.780199731147132702e+00,6.860706462718646037e+00
3.399999999999999911e+00,2.780178816002989883e+00,6.860701065709832847e+00
3.401000000000000245e+00,2.780157943228404704e+00,6.860695679635954392e+00
3.402000000000000135e+00,2.780137112737563587e+00,6.860690304474854173e+00
3.403000000000000025e+00,2.780116324444816822e+00,6.860684940204420990e+00
3.403999999999999915e+00,2.780095578264699441e+00,6.860679586802585384e+00
3.405000000000000249e+00,2.780074874111913896e+00,6.860674244247330300e+00
3.406000000000000139e+00,2.780054211901330063e+00,6.860668912516673323e+00
3.407000000000000028e+00,2.780033591547998117e+00,6.860663591588682664e+00
3.407999999999999918e+00,2.780013012967142316e+00,6.860658281441471829e+00
3.409000000000000252e+00,2.779992476074148566e+00,6.860652982053196070e+00
3.410000000000000142e+00,2.779971980784581742e+00,6.860647693402053271e+00
3.411000000000000032e+00,2.779951527014175028e+00,6.860642415466287503e+00
3.411999999999999922e+00,2.779931114678831250e+00,6.860637148224192572e+00
3.413000000000000256e+00,2.779910743694629094e+00,6.860631891654094261e+00
3.414000000000000146e+00,2.779890413977808450e+00,6.860626645734373419e+00
3.415000000000000036e+00,2.779870125444785955e+00,6.860621410443446422e+00
3.415999999999999925e+00,2.779849878012143005e+00,6.860616185759777608e+00
3.417000000000000259e+00,2.779829671596635521e+00,6.860610971661875723e+00
3.418000000000000149e+00,2.779809506115179296e+00,6.860605768128295701e+00
3.419000000000000039e+00,2.779789381484865540e+00,6.860600575137620893e+00
3.419999999999999929e+00,2.779769297622950663e+00,6.860595392668503933e+00
3.421000000000000263e+00,2.779749254446860274e+00,6.860590220699614328e+00
3.422000000000000153e+00,2.779729251874185181e+00,6.860585059209681091e+00
3.423000000000000043e+00,2.779709289822681839e+00,6.860579908177466990e+00
3.423999999999999932e+00,2.779689368210277234e+00,6.860574767581792521e+00
3.425000000000000266e+00,2.779669486955060886e+00,6.860569637401500387e+00
3.426000000000000156e+00,2.779649645975291516e+00,6.860564517615494573e+00
3.427000000000000046e+00,2.779629845189389936e+00,6.860559408202706599e+00
3.427999999999999936e+00,2.779610084515944379e+00,6.860554309142125717e+00
3.429000000000000270e+00,2.779590363873708281e+00,6.860549220412772264e+00
3.430000000000000160e+00,2.779570683181597168e+00,6.860544141993713652e+00
3.431000000000000050e+00,2.779551042358691770e+00,6.860539073864057258e+00
3.431999999999999940e+00,2.779531441324242458e+00,6.860534016002961089e+00
3.433000000000000274e+00,2.779511879997650148e+00,6.860528968389609794e+00
3.434000000000000163e+00,2.779492358298488064e+00,6.860523931003247533e+00
3.435000000000000053e+00,2.779472876146493743e+00,6.860518903823147774e+00
3.435999999999999943e+00,2.779453433461564149e+00,6.860513886828631058e+00
3.437000000000000277e+00,2.779434030163755676e+00,6.860508879999059673e+00
3.438000000000000167e+00,2.779414666173290804e+00,6.860503883313835871e+00
3.439000000000000057e+00,2.779395341410551001e+00,6.860498896752409870e+00
3.439999999999999947e+00,2.779376055796082490e+00,6.860493920294262971e+00
3.441000000000000281e+00,2.779356809250591365e+00,6.860488953918927990e+00
3.442000000000000171e+00,2.779337601694935600e+00,6.860483997605971496e+00
3.443000000000000060e+00,2.779318433050148140e+00,6.860479051335013345e+00
3.443999999999999950e+00,2.779299303237410257e+00,6.860474115085697377e+00
3.445000000000000284e+00,2.779280212178071086e+00,6.860469188837719834e+00
3.446000000000000174e+00,2.779261159793630753e+00,6.860464272570818700e+00
3.447000000000000064e+00,2.779242146005753256e+00,6.860459366264767489e+00
3.447999999999999954e+00,2.779223170736261572e+00,6.860454469899385010e+00
3.449000000000000288e+00,2.779204233907135890e+00,6.860449583454530931e+00
3.450000000000000178e+00,2.779185335440514937e+00,6.860444706910100443e+00
3.451000000000000068e+00,2.779166475258690205e+00,6.860439840246035814e+00
3.451999999999999957e+00,2.779147653284119279e+00,6.860434983442317503e+00
3.453000000000000291e+00,2.779128869439410288e+00,6.860430136478968599e+00
3.454000000000000181e+00,2.779110123647333008e+00,6.860425299336046834e+00
3.455000000000000071e+00,2.779091415830806877e+00,6.860420471993653457e+00
3.455999999999999961e+00,2.779072745912911202e+00,6.860415654431935017e+00
3.456999999999999851e+00,2.779054113816883387e+00,6.860410846631070925e+00
3.458000000000000185e+00,2.779035519466112714e+00,6.860406048571283222e+00
3.459000000000000075e+00,2.779016962784143896e+00,6.860401260232841025e+00
3.459999999999999964e+00,2.778998443694680187e+00,6.860396481596035656e+00
3.460999999999999854e+00,2.778979962121576275e+00,6.860391712641220607e+00
3.462000000000000188e+00,2.778961517988838725e+00,6.860386953348771577e+00
3.463000000000000078e+00,2.778943111220630868e+00,6.860382203699114001e+00
3.463999999999999968e+00,2.778924741741268356e+00,6.860377463672708842e+00
3.464999999999999858e+00,2.778906409475226269e+00,6.860372733250056143e+00
3.466000000000000192e+00,2.778888114347119132e+00,6.860368012411698579e+00
3.467000000000000082e+00,2.778869856281726225e+00,6.860363301138219683e+00
3.467999999999999972e+00,2.778851635203980042e+00,6.860358599410228742e+00
3.468999999999999861e+00,2.778833451038954738e+00,6.860353907208398994e+00
3.470000000000000195e+00,2.778815303711881235e+00,6.860349224513416999e+00
3.471000000000000085e+00,2.778797193148143219e+00,6.860344551306026162e+00
3.471999999999999975e+00,2.778779119273276255e+00,6.860339887567000972e+00
3.472999999999999865e+00,2.778761082012964678e+00,6.860335233277156775e+00
3.474000000000000199e+00,2.778743081293042483e+00,6.860330588417347997e+00
3.475000000000000089e+00,2.778725117039496428e+00,6.860325952968467256e+00
3.475999999999999979e+00,2.778707189178458936e+00,6.860321326911448025e+00
3.476999999999999869e+00,2.778689297636218303e+00,6.860316710227257531e+00
3.478000000000000203e+00,2.778671442339207154e+00,6.860312102896908293e+00
3.479000000000000092e+00,2.778653623214006441e+00,6.860307504901445697e+00
3.479999999999999982e+00,2.778635840187350325e+00,6.860302916221952430e+00
3.480999999999999872e+00,2.778618093186118188e+00,6.860298336839558253e+00
3.482000000000000206e+00,2.778600382137339064e+00,6.860293766735424903e+00
3.483000000000000096e+00,2.778582706968187654e+00,6.860289205890747866e+00
3.483999999999999986e+00,2.778565067605986094e+00,6.860284654286769701e+00
3.484999999999999876e+00,2.778547463978205290e+00,6.860280111904771161e+00
3.486000000000000210e+00,2.778529896012466249e+00,6.860275578726054313e+00
3.487000000000000099e+00,2.778512363636529869e+00,6.860271054731986062e+00
3.487999999999999989e+00,2.778494866778307149e+00,6.860266539903949301e+00
3.488999999999999879e+00,2.778477405365852970e+00,6.860262034223373995e+00
3.490000000000000213e+00,2.778459979327369656e+00,6.860257537671719419e+00
3.491000000000000103e+00,2.778442588591204743e+00,6.860253050230497252e+00
3.491999999999999993e+00,2.778425233085851431e+00,6.860248571881245816e+00
3.492999999999999883e+00,2.778407912739946362e+00,6.860244102605538963e+00
3.494000000000000217e+00,2.778390627482270059e+00,6.860239642384997616e+00
3.495000000000000107e+00,2.778373377241750042e+00,6.860235191201271121e+00
3.495999999999999996e+00,2.778356161947456826e+00,6.860230749036052345e+00
3.496999999999999886e+00,2.778338981528599483e+00,6.860226315871062575e+00
3.498000000000000220e+00,2.778321835914540738e+00,6.860221891688072837e+00
3.499000000000000110e+00,2.778304725034775213e+00,6.860217476468879028e+00
3.500000000000000000e+00,2.778287648818949407e+00,6.860213070195317897e+00
3.500999999999999890e+00,2.778270607196847486e+00,6.860208672849271494e+00
3.502000000000000224e+00,2.778253600098393061e+00,6.860204284412642295e+00
3.503000000000000114e+00,2.778236627453660290e+00,6.860199904867385179e+00
3.504000000000000004e+00,2.778219689192856112e+00,6.860195534195477229e+00
3.504999999999999893e+00,2.778202785246337569e+00,6.860191172378945268e+00
3.506000000000000227e+00,2.778185915544588269e+00,6.860186819399848979e+00
3.507000000000000117e+00,2.778169080018256132e+00,6.860182475240277356e+00
3.508000000000000007e+00,2.778152278598103209e+00,6.860178139882357584e+00
3.508999999999999897e+00,2.778135511215050091e+00,6.860173813308263924e+00
3.510000000000000231e+00,2.778118777800148820e+00,6.860169495500194614e+00
3.511000000000000121e+00,2.778102078284594878e+00,6.860165186440389640e+00
3.512000000000000011e+00,2.778085412599720083e+00,6.860160886111120071e+00
3.512999999999999901e+00,2.778068780676998362e+00,6.860156594494700499e+00
3.514000000000000234e+00,2.778052182448039531e+00,6.860152311573476602e+00
3.515000000000000124e+00,2.778035617844595961e+00,6.860148037329829585e+00
3.516000000000000014e+00,2.778019086798551918e+00,6.860143771746170849e+00
3.516999999999999904e+00,2.778002589241935993e+00,6.860139514804965977e+00
3.518000000000000238e+00,2.777986125106909121e+00,6.860135266488700978e+00
3.519000000000000128e+00,2.777969694325775674e+00,6.860131026779891172e+00
3.520000000000000018e+00,2.777953296830970586e+00,6.860126795661102506e+00
3.520999999999999908e+00,2.777936932555069127e+00,6.860122573114931122e+00
3.522000000000000242e+00,2.777920601430784675e+00,6.860118359124009579e+00
3.523000000000000131e+00,2.777904303390961616e+00,6.860114153670996195e+00
3.524000000000000021e+00,2.777888038368585555e+00,6.860109956738599912e+00
3.524999999999999911e+00,2.777871806296777546e+00,6.860105768309550989e+00
3.526000000000000245e+00,2.777855607108787428e+00,6.860101588366621428e+00
3.527000000000000135e+00,2.777839440738008037e+00,6.860097416892618760e+00
3.528000000000000025e+00,2.777823307117962326e+00,6.860093253870378049e+00
3.528999999999999915e+00,2.777807206182314914e+00,6.860089099282783209e+00
3.530000000000000249e+00,2.777791137864851656e+00,6.860084953112737693e+00
3.531000000000000139e+00,2.777775102099506732e+00,6.860080815343189364e+00
3.532000000000000028e+00,2.777759098820339556e+00,6.860076685957117171e+00
3.532999999999999918e+00,2.777743127961543657e+00,6.860072564937531148e+00
3.534000000000000252e+00,2.777727189457451562e+00,6.860068452267482186e+00
3.535000000000000142e+00,2.777711283242519702e+00,6.860064347930056705e+00
3.536000000000000032e+00,2.777695409251344838e+00,6.860060251908365103e+00
3.536999999999999922e+00,2.777679567418654294e+00,6.860056164185562189e+00
3.538000000000000256e+00,2.777663757679303291e+00,6.860052084744830303e+00
3.539000000000000146e+00,2.777647979968286940e+00,6.860048013569392644e+00
3.540000000000000036e+00,2.777632234220725138e+00,6.860043950642495503e+00
3.540999999999999925e+00,2.777616520371871012e+00,6.860039895947434907e+00
3.542000000000000259e+00,2.777600838357109581e+00,6.860035849467524649e+00
3.543000000000000149e+00,2.777585188111957315e+00,6.860031811186122930e+00
3.544000000000000039e+00,2.777569569572060360e+00,6.860027781086619925e+00
3.544999999999999929e+00,2.777553982673197197e+00,6.860023759152432454e+00
3.546000000000000263e+00,2.777538427351271544e+00,6.860019745367022637e+00
3.547000000000000153e+00,2.777522903542318122e+00,6.860015739713874794e+00
3.548000000000000043e+00,2.777507411182507102e+00,6.860011742176510552e+00
3.548999999999999932e+00,2.777491950208132998e+00,6.860007752738493281e+00
3.550000000000000266e+00,2.777476520555619111e+00,6.860003771383406779e+00
3.551000000000000156e+00,2.777461122161515750e+00,6.859999798094872148e+00
3.552000000000000046e+00,2.777445754962508673e+00,6.859995832856552234e+00
3.552999999999999936e+00,2.777430418895407094e+00,6.859991875652128535e+00
3.554000000000000270e+00,2.777415113897146792e+00,6.859987926465326957e+00
3.555000000000000160e+00,2.777399839904793666e+00,6.859983985279905383e+00
3.556000000000000050e+00,2.777384596855541954e+00,6.859980052079646562e+00
3.556999999999999940e+00,2.777369384686708464e+00,6.859976126848374989e+00
3.558000000000000274e+00,2.777354203335743676e+00,6.859972209569937363e+00
3.559000000000000163e+00,2.777339052740218417e+00,6.859968300228227456e+00
3.560000000000000053e+00,2.777323932837836740e+00,6.859964398807165686e+00
3.560999999999999943e+00,2.777308843566419938e+00,6.859960505290698229e+00
3.562000000000000277e+00,2.777293784863924309e+00,6.859956619662811228e+00
3.563000000000000167e+00,2.777278756668423831e+00,6.859952741907520135e+00
3.564000000000000057e+00,2.777263758918127046e+00,6.859948872008871490e+00
3.564999999999999947e+00,2.777248791551354845e+00,6.859945009950957129e+00
3.566000000000000281e+00,2.777233854506566235e+00,6.859941155717877770e+00
3.567000000000000171e+00,2.777218947722341014e+00,6.859937309293786534e+00
3.568000000000000060e+00,2.777204071137373553e+00,6.859933470662859634e+00
3.568999999999999950e+00,2.777189224690493230e+00,6.859929639809304369e+00
3.570000000000000284e+00,2.777174408320656873e+00,6.859925816717365343e+00
3.571000000000000174e+00,2.777159621966931891e+00,6.859922001371317357e+00
3.572000000000000064e+00,2.777144865568514920e+00,6.859918193755463633e+00
3.572999999999999954e+00,2.777130139064728276e+00,6.859914393854142034e+00
3.574000000000000288e+00,2.777115442395018174e+00,6.859910601651723283e+00
3.575000000000000178e+00,2.777100775498946295e+00,6.859906817132607415e+00
3.576000000000000068e+00,2.777086138316201325e+00,6.859903040281223774e+00
3.576999999999999957e+00,2.777071530786598075e+00,6.859899271082042560e+00
3.578000000000000291e+00,2.777056952850065930e+00,6.859895509519555290e+00
3.579000000000000181e+00,2.777042404446659063e+00,6.859891755578290784e+00
3.580000000000000071e+00,2.777027885516551553e+00,6.859888009242805396e+00
3.580999999999999961e+00,2.777013396000042267e+00,6.859884270497689229e+00
3.582000000000000295e+00,2.776998935837547755e+00,6.859880539327565252e+00
3.583000000000000185e+00,2.776984504969606249e+00,6.859876815717076859e+00
3.584000000000000075e+00,2.776970103336874551e+00,6.859873099650920736e+00
3.584999999999999964e+00,2.776955730880136475e+00,6.859869391113803339e+00
3.585999999999999854e+00,2.776941387540287298e+00,6.859865690090470203e+00
3.587000000000000188e+00,2.776927073258343537e+00,6.859861996565696174e+00
3.588000000000000078e+00,2.776912787975449604e+00,6.859858310524291625e+00
3.588999999999999968e+00,2.776898531632856049e+00,6.859854631951091797e+00
3.589999999999999858e+00,2.776884304171940432e+00,6.859850960830961242e+00
3.591000000000000192e+00,2.776870105534200661e+00,6.859847297148807144e+00
3.592000000000000082e+00,2.776855935661246999e+00,6.859843640889556227e+00
3.592999999999999972e+00,2.776841794494811833e+00,6.859839992038165413e+00
3.593999999999999861e+00,2.776827681976745232e+00,6.859836350579628039e+00
3.595000000000000195e+00,2.776813598049011400e+00,6.859832716498964977e+00
3.596000000000000085e+00,2.776799542653698882e+00,6.859829089781226408e+00
3.596999999999999975e+00,2.776785515733007248e+00,6.859825470411490933e+00
3.597999999999999865e+00,2.776771517229259079e+00,6.859821858374880676e+00
3.599000000000000199e+00,2.776757547084887534e+00,6.859818253656528420e+00
3.600000000000000089e+00,2.776743605242445234e+00,6.859814656241610464e+00
3.600999999999999979e+00,2.776729691644603371e+00,6.859811066115325318e+00
3.601999999999999869e+00,2.776715806234145045e+00,6.859807483262910566e+00
3.603000000000000203e+00,2.776701948953968380e+00,6.859803907669624223e+00
3.604000000000000092e+00,2.776688119747093175e+00,6.859800339320758944e+00
3.604999999999999982e+00,2.776674318556654697e+00,6.859796778201635803e+00
3.605999999999999872e+00,2.776660545325896567e+00,6.859793224297608738e+00
3.607000000000000206e+00,2.776646799998177428e+00,6.859789677594060109e+00
3.608000000000000096e+00,2.776633082516980711e+00,6.859786138076395368e+00
3.608999999999999986e+00,2.776619392825889765e+00,6.859782605730059046e+00
3.609999999999999876e+00,2.776605730868618505e+00,6.859779080540521434e+00
3.611000000000000210e+00,2.776592096588981651e+00,6.859775562493280354e+00
3.612000000000000099e+00,2.776578489930913829e+00,6.859772051573864715e+00
3.612999999999999989e+00,2.776564910838461131e+00,6.859768547767829183e+00
3.613999999999999879e+00,2.776551359255782891e+00,6.859765051060765728e+00
3.615000000000000213e+00,2.776537835127153464e+00,6.859761561438291189e+00
3.616000000000000103e+00,2.776524338396960001e+00,6.859758078886049937e+00
3.616999999999999993e+00,2.776510869009700677e+00,6.859754603389713878e+00
3.617999999999999883e+00,2.776497426909983801e+00,6.859751134934993999e+00
3.619000000000000217e+00,2.776484012042537586e+00,6.859747673507616383e+00
3.620000000000000107e+00,2.776470624352194161e+00,6.859744219093341755e+00
3.620999999999999996e+00,2.776457263783901119e+00,6.859740771677967253e+00
3.621999999999999886e+00,2.776443930282715744e+00,6.859737331247303338e+00
3.623000000000000220e+00,2.776430623793809449e+00,6.859733897787209322e+00
3.624000000000000110e+00,2.776417344262460674e+00,6.859730471283552511e+00
3.625000000000000000e+00,2.776404091634064208e+00,6.859727051722240176e+00
3.625999999999999890e+00,2.776390865854121426e+00,6.859723639089212455e+00
3.627000000000000224e+00,2.776377666868243388e+00,6.859720233370423692e+00
3.628000000000000114e+00,2.776364494622155288e+00,6.859716834551867315e+00
3.629000000000000004e+00,2.776351349061687124e+00,6.859713442619565171e+00
3.629999999999999893e+00,2.776338230132784357e+00,6.859710057559562202e+00
3.631000000000000227e+00,2.776325137781495922e+00,6.859706679357929993e+00
3.632000000000000117e+00,2.776312071953983551e+00,6.859703308000781874e+00
3.633000000000000007e+00,2.776299032596518224e+00,6.859699943474245387e+00
3.633999999999999897e+00,2.776286019655476611e+00,6.859696585764480936e+00
3.635000000000000231e+00,2.776273033077352181e+00,6.859693234857676458e+00
3.636000000000000121e+00,2.776260072808734325e+00,6.859689890740050089e+00
3.637000000000000011e+00,2.776247138796333669e+00,6.859686553397843056e+00
3.637999999999999901e+00,2.776234230986953655e+00,6.859683222817328563e+00
3.639000000000000234e+00,2.776221349327521626e+00,6.859679898984809121e+00
3.640000000000000124e+00,2.776208493765059959e+00,6.859676581886610336e+00
3.641000000000000014e+00,2.776195664246706496e+00,6.859673271509082682e+00
3.641999999999999904e+00,2.776182860719702106e+00,6.859669967838618376e+00
3.643000000000000238e+00,2.776170083131396460e+00,6.859666670861623849e+00
3.644000000000000128e+00,2.776157331429241815e+00,6.859663380564537505e+00
3.645000000000000018e+00,2.776144605560801004e+00,6.859660096933820839e+00
3.645999999999999908e+00,2.776131905473742112e+00,6.859656819955977092e+00
3.647000000000000242e+00,2.776119231115838915e+00,6.859653549617517498e+00
3.648000000000000131e+00,2.776106582434969994e+00,6.859650285904992373e+00
3.649000000000000021e+00,2.776093959379120513e+00,6.859647028804978675e+00
3.649999999999999911e+00,2.776081361896383548e+00,6.859643778304075568e+00
3.651000000000000245e+00,2.776068789934952985e+00,6.859640534388915079e+00
3.652000000000000135e+00,2.776056243443127958e+00,6.859637297046148774e+00
3.653000000000000025e+00,2.776043722369315070e+00,6.859634066262469965e+00
3.653999999999999915e+00,2.776031226662024398e+00,6.859630842024579955e+00
3.655000000000000249e+00,2.776018756269868604e+00,6.859627624319219130e+00
3.656000000000000139e+00,2.776006311141569149e+00,6.859624413133154519e+00
3.657000000000000028e+00,2.775993891225942090e+00,6.859621208453170915e+00
3.657999999999999918e+00,2.775981496471915833e+00,6.859618010266094856e+00
3.659000000000000252e+00,2.775969126828518707e+00,6.859614818558762650e+00
3.660000000000000142e+00,2.775956782244885623e+00,6.859611633318051460e+00
3.661000000000000032e+00,2.775944462670252744e+00,6.859608454530851773e+00
3.661999999999999922e+00,2.775932168053953486e+00,6.859605282184097597e+00
3.663000000000000256e+00,2.775919898345430514e+00,6.859602116264731819e+00
3.664000000000000146e+00,2.775907653494227745e+00,6.859598956759734634e+00
3.665000000000000036e+00,2.775895433449991234e+00,6.859595803656112878e+00
3.665999999999999925e+00,2.775883238162463851e+00,6.859592656940891153e+00
3.667000000000000259e+00,2.775871067581500373e+00,6.859589516601130477e+00
3.668000000000000149e+00,2.775858921657049283e+00,6.859586382623909628e+00
3.669000000000000039e+00,2.775846800339162090e+00,6.859583254996339363e+00
3.669999999999999929e+00,2.775834703577988893e+00,6.859580133705554417e+00
3.671000000000000263e+00,2.775822631323789480e+00,6.859577018738716170e+00
3.672000000000000153e+00,2.775810583526916009e+00,6.859573910083009984e+00
3.673000000000000043e+00,2.775798560137824555e+00,6.859570807725650532e+00
3.673999999999999932e+00,2.775786561107069783e+00,6.859567711653876465e+00
3.675000000000000266e+00,2.775774586385310272e+00,6.859564621854948641e+00
3.676000000000000156e+00,2.775762635923299637e+00,6.859561538316162554e+00
3.677000000000000046e+00,2.775750709671893635e+00,6.859558461024831466e+00
3.677999999999999936e+00,2.775738807582046164e+00,6.859555389968297945e+00
3.679000000000000270e+00,2.775726929604815041e+00,6.859552325133931205e+00
3.680000000000000160e+00,2.775715075691352229e+00,6.859549266509123555e+00
3.681000000000000050e+00,2.775703245792909168e+00,6.859546214081292170e+00
3.681999999999999940e+00,2.775691439860837662e+00,6.859543167837880873e+00
3.683000000000000274e+00,2.775679657846587656e+00,6.859540127766361906e+00
3.684000000000000163e+00,2.775667899701710795e+00,6.859537093854230605e+00
3.685000000000000053e+00,2.775656165377848872e+00,6.859534066089003623e+00
3.685999999999999943e+00,2.775644454826746266e+00,6.859531044458229587e+00
3.687000000000000277e+00,2.775632768000245942e+00,6.859528028949479328e+00
3.688000000000000167e+00,2.775621104850289900e+00,6.859525019550349434e+00
3.689000000000000057e+00,2.775609465328912506e+00,6.859522016248454257e+00
3.689999999999999947e+00,2.775597849388246718e+00,6.859519019031451670e+00
3.691000000000000281e+00,2.775586256980524968e+00,6.859516027887000433e+00
3.692000000000000171e+00,2.775574688058074280e+00,6.859513042802808158e+00
3.693000000000000060e+00,2.775563142573319375e+00,6.859510063766591337e+00
3.693999999999999950e+00,2.775551620478782677e+00,6.859507090766093995e+00
3.695000000000000284e+00,2.775540121727075871e+00,6.859504123789090357e+00
3.696000000000000174e+00,2.775528646270919886e+00,6.859501162823376852e+00
3.697000000000000064e+00,2.775517194063113369e+00,6.859498207856769447e+00
3.697999999999999954e+00,2.775505765056567764e+00,6.859495258877116086e+00
3.699000000000000288e+00,2.775494359204278005e+00,6.859492315872286028e+00
3.700000000000000178e+00,2.775482976459344275e+00,6.859489378830174289e+00
3.701000000000000068e+00,2.775471616774950689e+00,6.859486447738699866e+00
3.701999999999999957e+00,2.775460280104385724e+00,6.859483522585803961e+00
3.703000000000000291e+00,2.775448966401025785e+00,6.859480603359457973e+00
3.704000000000000181e+00,2.775437675618346756e+00,6.859477690047651954e+00
3.705000000000000071e+00,2.775426407709913335e+00,6.859474782638399049e+00
3.705999999999999961e+00,2.775415162629387922e+00,6.859471881119746151e+00
3.707000000000000295e+00,2.775403940330530617e+00,6.859468985479752590e+00
3.708000000000000185e+00,2.775392740767187671e+00,6.859466095706514110e+00
3.709000000000000075e+00,2.775381563893297709e+00,6.859463211788138004e+00
3.709999999999999964e+00,2.775370409662904603e+00,6.859460333712763536e+00
3.711000000000000298e+00,2.775359278030133492e+00,6.859457461468556616e+00
3.712000000000000188e+00,2.775348168949204108e+00,6.859454595043692926e+00
3.713000000000000078e+00,2.775337082374439657e+00,6.859451734426390779e+00
3.713999999999999968e+00,2.775326018260239724e+00,6.859448879604880034e+00
3.714999999999999858e+00,2.775314976561103819e+00,6.859446030567418973e+00
3.716000000000000192e+00,2.775303957231628260e+00,6.859443187302284528e+00
3.717000000000000082e+00,2.775292960226495076e+00,6.859440349797785608e+00
3.717999999999999972e+00,2.775281985500477333e+00,6.859437518042249771e+00
3.718999999999999861e+00,2.775271033008448907e+00,6.859434692024027669e+00
3.720000000000000195e+00,2.775260102705362719e+00,6.859431871731495711e+00
3.721000000000000085e+00,2.775249194546266729e+00,6.859429057153054288e+00
3.721999999999999975e+00,2.775238308486309702e+00,6.859426248277122440e+00
3.722999999999999865e+00,2.775227444480719452e+00,6.859423445092148519e+00
3.724000000000000199e+00,2.775216602484815276e+00,6.859420647586602193e+00
3.725000000000000089e+00,2.775205782454013281e+00,6.859417855748977999e+00
3.725999999999999979e+00,2.775194984343817506e+00,6.859415069567786460e+00
3.726999999999999869e+00,2.775184208109819473e+00,6.859412289031573629e+00
3.728000000000000203e+00,2.775173453707703963e+00,6.859409514128898877e+00
3.729000000000000092e+00,2.775162721093247242e+00,6.859406744848349113e+00
3.729999999999999982e+00,2.775152010222301957e+00,6.859403981178531673e+00
3.730999999999999872e+00,2.775141321050827337e+00,6.859401223108078760e+00
3.732000000000000206e+00,2.775130653534865210e+00,6.859398470625648336e+00
3.733000000000000096e+00,2.775120007630542673e+00,6.859395723719915239e+00
3.733999999999999986e+00,2.775109383294085408e+00,6.859392982379583614e+00
3.734999999999999876e+00,2.775098780481793259e+00,6.859390246593372709e+00
3.736000000000000210e+00,2.775088199150065549e+00,6.859387516350034630e+00
3.737000000000000099e+00,2.775077639255388195e+00,6.859384791638334811e+00
3.737999999999999989e+00,2.775067100754331939e+00,6.859382072447068879e+00
3.738999999999999879e+00,2.775056583603559446e+00,6.859379358765045787e+00
3.740000000000000213e+00,2.775046087759821312e+00,6.859376650581113566e+00
3.741000000000000103e+00,2.775035613179948513e+00,6.859373947884122913e+00
3.741999999999999993e+00,2.775025159820868392e+00,6.859371250662961828e+00
3.742999999999999883e+00,2.775014727639589562e+00,6.859368558906532520e+00
3.744000000000000217e+00,2.775004316593212117e+00,6.859365872603766512e+00
3.745000000000000107e+00,2.774993926638920083e+00,6.859363191743609534e+00
3.745999999999999996e+00,2.774983557733984085e+00,6.859360516315041956e+00
3.746999999999999886e+00,2.774973209835760901e+00,6.859357846307046813e+00
3.748000000000000220e+00,2.774962882901697458e+00,6.859355181708650662e+00
3.749000000000000110e+00,2.774952576889325506e+00,6.859352522508892491e+00
3.750000000000000000e+00,2.774942291756260282e+00,6.859349868696833497e+00
3.750999999999999890e+00,2.774932027460203177e+00,6.859347220261556188e+00
3.752000000000000224e+00,2.774921783958943955e+00,6.859344577192167058e+00
3.753000000000000114e+00,2.774911561210356314e+00,6.859341939477792138e+00
3.754000000000000004e+00,2.774901359172400106e+00,6.859339307107584105e+00
3.754999999999999893e+00,2.774891177803116449e+00,6.859336680070717840e+00
3.756000000000000227e+00,2.774881017060636168e+00,6.859334058356383323e+00
3.757000000000000117e+00,2.774870876903174910e+00,6.859331441953796293e+00
3.758000000000000007e+00,2.774860757289028701e+00,6.859328830852197356e+00
3.758999999999999897e+00,2.774850658176580609e+00,6.859326225040844882e+00
3.760000000000000231e+00,2.774840579524302075e+00,6.859323624509019446e+00
3.761000000000000121e+00,2.774830521290736041e+00,6.859321029246023826e+00
3.762000000000000011e+00,2.774820483434530249e+00,6.859318439241187448e+00
3.762999999999999901e+00,2.774810465914394619e+00,6.859315854483850394e+00
3.764000000000000234e+00,2.774800468689134547e+00,6.859313274963383833e+00
3.765000000000000124e+00,2.774790491717636254e+00,6.859310700669181138e+00
3.766000000000000014e+00,2.774780534958870781e+00,6.859308131590645452e+00
3.766999999999999904e+00,2.774770598371888219e+00,6.859305567717215446e+00
3.768000000000000238e+00,2.774760681915827032e+00,6.859303009038343113e+00
3.769000000000000128e+00,2.774750785549904286e+00,6.859300455543499986e+00
3.770000000000000018e+00,2.774740909233418762e+00,6.859297907222189572e+00
3.770999999999999908e+00,2.774731052925756725e+00,6.859295364063924261e+00
3.772000000000000242e+00,2.774721216586384376e+00,6.859292826058243087e+00
3.773000000000000131e+00,2.774711400174848297e+00,6.859290293194712618e+00
3.774000000000000021e+00,2.774701603650776338e+00,6.859287765462910080e+00
3.774999999999999911e+00,2.774691826973886055e+00,6.859285242852438458e+00
3.776000000000000245e+00,2.774682070103964726e+00,6.859282725352922050e+00
3.777000000000000135e+00,2.774672333000888003e+00,6.859280212954005584e+00
3.778000000000000025e+00,2.774662615624614581e+00,6.859277705645353329e+00
3.778999999999999915e+00,2.774652917935175545e+00,6.859275203416652644e+00
3.780000000000000249e+00,2.774643239892696123e+00,6.859272706257611318e+00
3.781000000000000139e+00,2.774633581457371267e+00,6.859270214157957568e+00
3.782000000000000028e+00,2.774623942589479864e+00,6.859267727107440038e+00
3.782999999999999918e+00,2.774614323249383840e+00,6.859265245095828689e+00
3.784000000000000252e+00,2.774604723397517070e+00,6.859262768112916575e+00
3.785000000000000142e+00,2.774595142994412456e+00,6.859260296148511848e+00
3.786000000000000032e+00,2.774585582000655748e+00,6.859257829192447531e+00
3.786999999999999922e+00,2.774576040376937947e+00,6.859255367234580625e+00
3.788000000000000256e+00,2.774566518084010447e+00,6.859252910264777015e+00
3.789000000000000146e+00,2.774557015082718348e+00,6.859250458272935447e+00
3.790000000000000036e+00,2.774547531333976913e+00,6.859248011248965327e+00
3.790999999999999925e+00,2.774538066798786673e+00,6.859245569182806257e+00
3.792000000000000259e+00,2.774528621438220544e+00,6.859243132064411164e+00
3.793000000000000149e+00,2.774519195213431821e+00,6.859240699883757841e+00
3.794000000000000039e+00,2.774509788085663065e+00,6.859238272630835631e+00
3.794999999999999929e+00,2.774500400016223445e+00,6.859235850295667625e+00
3.796000000000000263e+00,2.774491030966498961e+00,6.859233432868285796e+00
3.797000000000000153e+00,2.774481680897965319e+00,6.859231020338746987e+00
3.798000000000000043e+00,2.774472349772166169e+00,6.859228612697130245e+00
3.798999999999999932e+00,2.774463037550726874e+00,6.859226209933528828e+00
3.800000000000000266e+00,2.774453744195351845e+00,6.859223812038060863e+00
3.801000000000000156e+00,2.774444469667820989e+00,6.859221419000864017e+00
3.802000000000000046e+00,2.774435213929991928e+00,6.859219030812094609e+00
3.802999999999999936e+00,2.774425976943799110e+00,6.859216647461927607e+00
3.804000000000000270e+00,2.774416758671255145e+00,6.859214268940557524e+00
3.805000000000000160e+00,2.774407559074451246e+00,6.859211895238206402e+00
3.806000000000000050e+00,2.774398378115548791e+00,6.859209526345109609e+00
3.806999999999999940e+00,2.774389215756795757e+00,6.859207162251521162e+00
3.808000000000000274e+00,2.774380071960507177e+00,6.859204802947715507e+00
3.809000000000000163e+00,2.774370946689081130e+00,6.859202448423992848e+00
3.810000000000000053e+00,2.774361839904988081e+00,6.859200098670664936e+00
3.810999999999999943e+00,2.774352751570774434e+00,6.859197753678064835e+00
3.812000000000000277e+00,2.774343681649066529e+00,6.859195413436548705e+00
3.813000000000000167e+00,2.774334630102559540e+00,6.859193077936490468e+00
3.814000000000000057e+00,2.774325596894029911e+00,6.859190747168286251e+00
3.814999999999999947e+00,2.774316581986330466e+00,6.859188421122343726e+00
3.816000000000000281e+00,2.774307585342382421e+00,6.859186099789098101e+00
3.817000000000000171e+00,2.774298606925191368e+00,6.859183783159003234e+00
3.818000000000000060e+00,2.774289646697827294e+00,6.859181471222525417e+00
3.818999999999999950e+00,2.774280704623441007e+00,6.859179163970156701e+00
3.820000000000000284e+00,2.774271780665265030e+00,6.859176861392408675e+00
3.821000000000000174e+00,2.774262874786588284e+00,6.859174563479804476e+00
3.822000000000000064e+00,2.774253986950790285e+00,6.859172270222900103e+00
3.822999999999999954e+00,2.774245117121314497e+00,6.859169981612257772e+00
3.824000000000000288e+00,2.774236265261690093e+00,6.859167697638464567e+00
3.825000000000000178e+00,2.774227431335508864e+00,6.859165418292125338e+00
3.826000000000000068e+00,2.774218615306438096e+00,6.859163143563866250e+00
3.826999999999999957e+00,2.774209817138224121e+00,6.859160873444329454e+00
3.828000000000000291e+00,2.774201036794681219e+00,6.859158607924174866e+00
3.829000000000000181e+00,2.774192274239704048e+00,6.859156346994086384e+00
3.830000000000000071e+00,2.774183529437248108e+00,6.859154090644766555e+00
3.830999999999999961e+00,2.774174802351353719e+00,6.859151838866929474e+00
3.832000000000000295e+00,2.774166092946133144e+00,6.859149591651317657e+00
3.833000000000000185e+00,2.774157401185760818e+00,6.859147348988681614e+00
3.834000000000000075e+00,2.774148727034495998e+00,6.859145110869803830e+00
3.834999999999999964e+00,2.774140070456664553e+00,6.859142877285471229e+00
3.836000000000000298e+00,2.774131431416663407e+00,6.859140648226503600e+00
3.837000000000000188e+00,2.774122809878961871e+00,6.859138423683724284e+00
3.838000000000000078e+00,2.774114205808108302e+00,6.859136203647988594e+00
3.838999999999999968e+00,2.774105619168713677e+00,6.859133988110164282e+00
3.839999999999999858e+00,2.774097049925465353e+00,6.859131777061136859e+00
3.841000000000000192e+00,2.774088498043119966e+00,6.859129570491810490e+00
3.842000000000000082e+00,2.774079963486508760e+00,6.859127368393111546e+00
3.842999999999999972e+00,2.774071446220532700e+00,6.859125170755980605e+00
3.843999999999999861e+00,2.774062946210158476e+00,6.859122977571380453e+00
3.845000000000000195e+00,2.774054463420435823e+00,6.859120788830285420e+00
3.846000000000000085e+00,2.774045997816472653e+00,6.859118604523696483e+00
3.846999999999999975e+00,2.774037549363457700e+00,6.859116424642627052e+00
3.847999999999999865e+00,2.774029118026640539e+00,6.859114249178112743e+00
3.849000000000000199e+00,2.774020703771349794e+00,6.859112078121201606e+00
3.850000000000000089e+00,2.774012306562978480e+00,6.859109911462969222e+00
3.850999999999999979e+00,2.774003926366993333e+00,6.859107749194496506e+00
3.851999999999999869e+00,2.773995563148931698e+00,6.859105591306893679e+00
3.853000000000000203e+00,2.773987216874390427e+00,6.859103437791284286e+00
3.854000000000000092e+00,2.773978887509055191e+00,6.859101288638810523e+00
3.854999999999999982e+00,2.773970575018660956e+00,6.859099143840632351e+00
3.855999999999999872e+00,2.773962279369027506e+00,6.859097003387925717e+00
3.857000000000000206e+00,2.773954000526037245e+00,6.859094867271887885e+00
3.858000000000000096e+00,2.773945738455638299e+00,6.859092735483730330e+00
3.858999999999999986e+00,2.773937493123854736e+00,6.859090608014688506e+00
3.859999999999999876e+00,2.773929264496775460e+00,6.859088484856007639e+00
3.861000000000000210e+00,2.773921052540556875e+00,6.859086365998959600e+00
3.862000000000000099e+00,2.773912857221433992e+00,6.859084251434821589e+00
3.862999999999999989e+00,2.773904678505692001e+00,6.859082141154901002e+00
3.863999999999999879e+00,2.773896516359702247e+00,6.859080035150515009e+00
3.865000000000000213e+00,2.773888370749892918e+00,6.859077933413003869e+00
3.866000000000000103e+00,2.773880241642765032e+00,6.859075835933721166e+00
3.866999999999999993e+00,2.773872129004884002e+00,6.859073742704040022e+00
3.867999999999999883e+00,2.773864032802888957e+00,6.859071653715348660e+00
3.869000000000000217e+00,2.773855953003481201e+00,6.859069568959053065e+00
3.870000000000000107e+00,2.773847889573431758e+00,6.859067488426584092e+00
3.870999999999999996e+00,2.773839842479576934e+00,6.859065412109377036e+00
3.871999999999999886e+00,2.773831811688825422e+00,6.859063339998898279e+00
3.873000000000000220e+00,2.773823797168143646e+00,6.859061272086618644e+00
3.874000000000000110e+00,2.773815798884573525e+00,6.859059208364034710e+00
3.875000000000000000e+00,2.773807816805224036e+00,6.859057148822657268e+00
3.875999999999999890e+00,2.773799850897260111e+00,6.859055093454016649e+00
3.877000000000000224e+00,2.773791901127926174e+00,6.859053042249656507e+00
3.878000000000000114e+00,2.773783967464529709e+00,6.859050995201140921e+00
3.879000000000000004e+00,2.773776049874434602e+00,6.859048952300049962e+00
3.879999999999999893e+00,2.773768148325080674e+00,6.859046913537979684e+00
3.881000000000000227e+00,2.773760262783975250e+00,6.859044878906541243e+00
3.882000000000000117e+00,2.773752393218685164e+00,6.859042848397372438e+00
3.883000000000000007e+00,2.773744539596846082e+00,6.859040822002116400e+00
3.883999999999999897e+00,2.773736701886159395e+00,6.859038799712436685e+00
3.885000000000000231e+00,2.773728880054386448e+00,6.859036781520020831e+00
3.886000000000000121e+00,2.773721074069363191e+00,6.859034767416561706e+00
3.887000000000000011e+00,2.773713283898983750e+00,6.859032757393778823e+00
3.887999999999999901e+00,2.773705509511212419e+00,6.859030751443402352e+00
3.889000000000000234e+00,2.773697750874072554e+00,6.859028749557182891e+00
3.890000000000000124e+00,2.773690007955656789e+00,6.859026751726884363e+00
3.891000000000000014e+00,2.773682280724119487e+00,6.859024757944290229e+00
3.891999999999999904e+00,2.773674569147682512e+00,6.859022768201198161e+00
3.893000000000000238e+00,2.773666873194628568e+00,6.859020782489423596e+00
3.894000000000000128e+00,2.773659192833310527e+00,6.859018800800799731e+00
3.895000000000000018e+00,2.773651528032138991e+00,6.859016823127176643e+00
3.895999999999999908e+00,2.773643878759589398e+00,6.859014849460421281e+00
3.897000000000000242e+00,2.773636244984204691e+00,6.859012879792408590e+00
3.898000000000000131e+00,2.773628626674588205e+00,6.859010914115042823e+00
3.899000000000000021e+00,2.773621023799410779e+00,6.859008952420234451e+00
3.899999999999999911e+00,2.773613436327399651e+00,6.859006994699917925e+00
3.901000000000000245e+00,2.773605864227354001e+00,6.859005040946040133e+00
3.902000000000000135e+00,2.773598307468127633e+00,6.859003091150563058e+00
3.903000000000000025e+00,2.773590766018647180e+00,6.859001145305466451e+00
3.903999999999999915e+00,2.773583239847893012e+00,6.858999203402752265e+00
3.905000000000000249e+00,2.773575728924913442e+00,6.858997265434420676e+00
3.906000000000000139e+00,2.773568233218818957e+00,6.858995331392512718e+00
3.907000000000000028e+00,2.773560752698780441e+00,6.858993401269067647e+00
3.907999999999999918e+00,2.773553287334032280e+00,6.858991475056147813e+00
3.909000000000000252e+00,2.773545837093873700e+00,6.858989552745829776e+00
3.910000000000000142e+00,2.773538401947662546e+00,6.858987634330207861e+00
3.911000000000000032e+00,2.773530981864820166e+00,6.858985719801385272e+00
3.911999999999999922e+00,2.773523576814830971e+00,6.858983809151496303e+00
3.913000000000000256e+00,2.773516186767239766e+00,6.858981902372674355e+00
3.914000000000000146e+00,2.773508811691653531e+00,6.858979999457078591e+00
3.915000000000000036e+00,2.773501451557738751e+00,6.858978100396882382e+00
3.915999999999999925e+00,2.773494106335229414e+00,6.858976205184275088e+00
3.917000000000000259e+00,2.773486775993911913e+00,6.858974313811460277e+00
3.918000000000000149e+00,2.773479460503641914e+00,6.858972426270659284e+00
3.919000000000000039e+00,2.773472159834331485e+00,6.858970542554104988e+00
3.919999999999999929e+00,2.773464873955954424e+00,6.858968662654052473e+00
3.921000000000000263e+00,2.773457602838544922e+00,6.858966786562768370e+00
3.922000000000000153e+00,2.773450346452201565e+00,6.858964914272535296e+00
3.923000000000000043e+00,2.773443104767081557e+00,6.858963045775652745e+00
3.923999999999999932e+00,2.773435877753399836e+00,6.858961181064432644e+00
3.925000000000000266e+00,2.773428665381434843e+00,6.858959320131209125e+00
3.926000000000000156e+00,2.773421467621519643e+00,6.858957462968326091e+00
3.927000000000000046e+00,2.773414284444058353e+00,6.858955609568144318e+00
3.927999999999999936e+00,2.773407115819503943e+00,6.858953759923037019e+00
3.929000000000000270e+00,2.773399961718373330e+00,6.858951914025401386e+00
3.930000000000000160e+00,2.773392822111250933e+00,6.858950071867643494e+00
3.931000000000000050e+00,2.773385696968764691e+00,6.858948233442181852e+00
3.931999999999999940e+00,2.773378586261614931e+00,6.858946398741459838e+00
3.933000000000000274e+00,2.773371489960555270e+00,6.858944567757929711e+00
3.934000000000000163e+00,2.773364408036404605e+00,6.858942740484058831e+00
3.935000000000000053e+00,2.773357340460029352e+00,6.858940916912329655e+00
3.935999999999999943e+00,2.773350287202369646e+00,6.858939097035244181e+00
3.937000000000000277e+00,2.773343248234412695e+00,6.858937280845318618e+00
3.938000000000000167e+00,2.773336223527213651e+00,6.858935468335076280e+00
3.939000000000000057e+00,2.773329213051878295e+00,6.858933659497066238e+00
3.939999999999999947e+00,2.773322216779573246e+00,6.858931854323848221e+00
3.941000000000000281e+00,2.773315234681525077e+00,6.858930052807997058e+00
3.942000000000000171e+00,2.773308266729022087e+00,6.858928254942101788e+00
3.943000000000000060e+00,2.773301312893404091e+00,6.858926460718766549e+00
3.943999999999999950e+00,2.773294373146070857e+00,6.858924670130612355e+00
3.945000000000000284e+00,2.773287447458482546e+00,6.858922883170274432e+00
3.946000000000000174e+00,2.773280535802154390e+00,6.858921099830400436e+00
3.947000000000000064e+00,2.773273638148661568e+00,6.858919320103659345e+00
3.947999999999999954e+00,2.773266754469633444e+00,6.858917543982726350e+00
3.949000000000000288e+00,2.773259884736762437e+00,6.858915771460295296e+00
3.950000000000000178e+00,2.773253028921793373e+00,6.858914002529080456e+00
3.951000000000000068e+00,2.773246186996528362e+00,6.858912237181800542e+00
3.951999999999999957e+00,2.773239358932831689e+00,6.858910475411200025e+00
3.953000000000000291e+00,2.773232544702619151e+00,6.858908717210027817e+00
3.954000000000000181e+00,2.773225744277864724e+00,6.858906962571050592e+00
3.955000000000000071e+00,2.773218957630601444e+00,6.858905211487055453e+00
3.955999999999999961e+00,2.773212184732916974e+00,6.858903463950836610e+00
3.957000000000000295e+00,2.773205425556954928e+00,6.858901719955207810e+00
3.958000000000000185e+00,2.773198680074919320e+00,6.858899979492995236e+00
3.959000000000000075e+00,2.773191948259063899e+00,6.858898242557041947e+00
3.959999999999999964e+00,2.773185230081703700e+00,6.858896509140198106e+00
3.961000000000000298e+00,2.773178525515211490e+00,6.858894779235337857e+00
3.962000000000000188e+00,2.773171834532008440e+00,6.858893052835342452e+00
3.963000000000000078e+00,2.773165157104576117e+00,6.858891329933116232e+00
3.963999999999999968e+00,2.773158493205455155e+00,6.858889610521567981e+00
3.965000000000000302e+00,2.773151842807236811e+00,6.858887894593627799e+00
3.966000000000000192e+00,2.773145205882571851e+00,6.858886182142235555e+00
3.967000000000000082e+00,2.773138582404159891e+00,6.858884473160347994e+00
3.967999999999999972e+00,2.773131972344760054e+00,6.858882767640936073e+00
3.968999999999999861e+00,2.773125375677191862e+00,6.858881065576984071e+00
3.970000000000000195e+00,2.773118792374320574e+00,6.858879366961494028e+00
3.971000000000000085e+00,2.773112222409068739e+00,6.858877671787475983e+00
3.971999999999999975e+00,2.773105665754422411e+00,6.858875980047955068e+00
3.972999999999999865e+00,2.773099122383409387e+00,6.858874291735978623e+00
3.974000000000000199e+00,2.773092592269119194e+00,6.858872606844598430e+00
3.975000000000000089e+00,2.773086075384697757e+00,6.858870925366883142e+00
3.975999999999999979e+00,2.773079571703339408e+00,6.858869247295920957e+00
3.976999999999999869e+00,2.773073081198298873e+00,6.858867572624805398e+00
3.978000000000000203e+00,2.773066603842880617e+00,6.858865901346649530e+00
3.979000000000000092e+00,2.773060139610442842e+00,6.858864233454580628e+00
3.979999999999999982e+00,2.773053688474402811e+00,6.858862568941733961e+00
3.980999999999999872e+00,2.773047250408227082e+00,6.858860907801267004e+00
3.982000000000000206e+00,2.773040825385436836e+00,6.858859250026346999e+00
3.983000000000000096e+00,2.773034413379606988e+00,6.858857595610152735e+00
3.983999999999999986e+00,2.773028014364368410e+00,6.858855944545879879e+00
3.984999999999999876e+00,2.773021628313400821e+00,6.858854296826737418e+00
3.986000000000000210e+00,2.773015255200439011e+00,6.858852652445947662e+00
3.987000000000000099e+00,2.773008894999274609e+00,6.858851011396748021e+00
3.987999999999999989e+00,2.773002547683749874e+00,6.858849373672388339e+00
3.988999999999999879e+00,2.772996213227757245e+00,6.858847739266131782e+00
3.990000000000000213e+00,2.772989891605244228e+00,6.858846108171255729e+00
3.991000000000000103e+00,2.772983582790210733e+00,6.858844480381051767e+00
3.991999999999999993e+00,2.772977286756713067e+00,6.858842855888822143e+00
3.992999999999999883e+00,2.772971003478858609e+00,6.858841234687886868e+00
3.994000000000000217e+00,2.772964732930796483e+00,6.858839616771575720e+00
3.995000000000000107e+00,2.772958475086745977e+00,6.858838002133237133e+00
3.995999999999999996e+00,2.772952229920967238e+00,6.858836390766228419e+00
3.996999999999999886e+00,2.772945997407773255e+00,6.858834782663918439e+00
3.998000000000000220e+00,2.772939777521533422e+00,6.858833177819697369e+00
3.999000000000000110e+00,2.772933570236665091e+00,6.858831576226961602e+00
4.000000000000000000e+00,2.772927375527638016e+00,6.858829977879122630e+00
4.001000000000000334e+00,2.772921193368979242e+00,6.858828382769610599e+00
4.001999999999999780e+00,2.772915023735256224e+00,6.858826790891858316e+00
4.003000000000000114e+00,2.772908866601099032e+00,6.858825202239321683e+00
4.004000000000000448e+00,2.772902721941183923e+00,6.858823616805462819e+00
4.004999999999999893e+00,2.772896589730236450e+00,6.858822034583767824e+00
4.006000000000000227e+00,2.772890469943040337e+00,6.858820455567720131e+00
4.006999999999999673e+00,2.772884362554420612e+00,6.858818879750831599e+00
4.008000000000000007e+00,2.772878267539264474e+00,6.858817307126615859e+00
4.009000000000000341e+00,2.772872184872499979e+00,6.858815737688603420e+00
4.009999999999999787e+00,2.772866114529113357e+00,6.858814171430345219e+00
4.011000000000000121e+00,2.772860056484136138e+00,6.858812608345393080e+00
4.012000000000000455e+00,2.772854010712653583e+00,6.858811048427321921e+00
4.012999999999999901e+00,2.772847977189799362e+00,6.858809491669711100e+00
4.014000000000000234e+00,2.772841955890763543e+00,6.858807938066161292e+00
4.014999999999999680e+00,2.772835946790773498e+00,6.858806387610277611e+00
4.016000000000000014e+00,2.772829949865123211e+00,6.858804840295686489e+00
4.017000000000000348e+00,2.772823965089142195e+00,6.858803296116021464e+00
4.017999999999999794e+00,2.772817992438221246e+00,6.858801755064932948e+00
4.019000000000000128e+00,2.772812031887791573e+00,6.858800217136082900e+00
4.020000000000000462e+00,2.772806083413339895e+00,6.858798682323141271e+00
4.020999999999999908e+00,2.772800146990402226e+00,6.858797150619798444e+00
4.022000000000000242e+00,2.772794222594561209e+00,6.858795622019751903e+00
4.022999999999999687e+00,2.772788310201453221e+00,6.858794096516717786e+00
4.024000000000000021e+00,2.772782409786760827e+00,6.858792574104416673e+00
4.025000000000000355e+00,2.772776521326214105e+00,6.858791054776589569e+00
4.025999999999999801e+00,2.772770644795599981e+00,6.858789538526988139e+00
4.027000000000000135e+00,2.772764780170745347e+00,6.858788025349372930e+00
4.028000000000000469e+00,2.772758927427530384e+00,6.858786515237522252e+00
4.028999999999999915e+00,2.772753086541887235e+00,6.858785008185219745e+00
4.030000000000000249e+00,2.772747257489787120e+00,6.858783504186273916e+00
4.030999999999999694e+00,2.772741440247259437e+00,6.858782003234494162e+00
4.032000000000000028e+00,2.772735634790382431e+00,6.858780505323705867e+00
4.033000000000000362e+00,2.772729841095272985e+00,6.858779010447752178e+00
4.033999999999999808e+00,2.772724059138105712e+00,6.858777518600478018e+00
4.035000000000000142e+00,2.772718288895102745e+00,6.858776029775752292e+00
4.036000000000000476e+00,2.772712530342525294e+00,6.858774543967450121e+00
4.036999999999999922e+00,2.772706783456697188e+00,6.858773061169458174e+00
4.038000000000000256e+00,2.772701048213977781e+00,6.858771581375677329e+00
4.038999999999999702e+00,2.772695324590779276e+00,6.858770104580025340e+00
4.040000000000000036e+00,2.772689612563562278e+00,6.858768630776419961e+00
4.041000000000000369e+00,2.772683912108834470e+00,6.858767159958807369e+00
4.041999999999999815e+00,2.772678223203150161e+00,6.858765692121132851e+00
4.043000000000000149e+00,2.772672545823112067e+00,6.858764227257360346e+00
4.044000000000000483e+00,2.772666879945368645e+00,6.858762765361466229e+00
4.044999999999999929e+00,2.772661225546619868e+00,6.858761306427432203e+00
4.046000000000000263e+00,2.772655582603607005e+00,6.858759850449262174e+00
4.046999999999999709e+00,2.772649951093123732e+00,6.858758397420966268e+00
4.048000000000000043e+00,2.772644330992009465e+00,6.858756947336564380e+00
4.049000000000000377e+00,2.772638722277148027e+00,6.858755500190098608e+00
4.049999999999999822e+00,2.772633124925468096e+00,6.858754055975611941e+00
4.051000000000000156e+00,2.772627538913956524e+00,6.858752614687165128e+00
4.052000000000000490e+00,2.772621964219630808e+00,6.858751176318827802e+00
4.052999999999999936e+00,2.772616400819569282e+00,6.858749740864688249e+00
4.054000000000000270e+00,2.772610848690884922e+00,6.858748308318837417e+00
4.054999999999999716e+00,2.772605307810751540e+00,6.858746878675384018e+00
4.056000000000000050e+00,2.772599778156369599e+00,6.858745451928450976e+00
4.057000000000000384e+00,2.772594259705003061e+00,6.858744028072164767e+00
4.057999999999999829e+00,2.772588752433954973e+00,6.858742607100675848e+00
4.059000000000000163e+00,2.772583256320573675e+00,6.858741189008130235e+00
4.060000000000000497e+00,2.772577771342252806e+00,6.858739773788703253e+00
4.060999999999999943e+00,2.772572297476435743e+00,6.858738361436565789e+00
4.062000000000000277e+00,2.772566834700607163e+00,6.858736951945918925e+00
4.062999999999999723e+00,2.772561382992303258e+00,6.858735545310956638e+00
4.064000000000000057e+00,2.772555942329097523e+00,6.858734141525894223e+00
4.065000000000000391e+00,2.772550512688618518e+00,6.858732740584959409e+00
4.065999999999999837e+00,2.772545094048527670e+00,6.858731342482389692e+00
4.067000000000000171e+00,2.772539686386546798e+00,6.858729947212433231e+00
4.068000000000000504e+00,2.772534289680427477e+00,6.858728554769355945e+00
4.068999999999999950e+00,2.772528903907980347e+00,6.858727165147421090e+00
4.070000000000000284e+00,2.772523529047050683e+00,6.858725778340922119e+00
4.070999999999999730e+00,2.772518165075534391e+00,6.858724394344149822e+00
4.072000000000000064e+00,2.772512811971368230e+00,6.858723013151411863e+00
4.073000000000000398e+00,2.772507469712537365e+00,6.858721634757028340e+00
4.073999999999999844e+00,2.772502138277068262e+00,6.858720259155329124e+00
4.075000000000000178e+00,2.772496817643032685e+00,6.858718886340654741e+00
4.076000000000000512e+00,2.772491507788552578e+00,6.858717516307359929e+00
4.076999999999999957e+00,2.772486208691782750e+00,6.858716149049813637e+00
4.078000000000000291e+00,2.772480920330934850e+00,6.858714784562381261e+00
4.078999999999999737e+00,2.772475642684253838e+00,6.858713422839461948e+00
4.080000000000000071e+00,2.772470375730035741e+00,6.858712063875445075e+00
4.081000000000000405e+00,2.772465119446616555e+00,6.858710707664749329e+00
4.081999999999999851e+00,2.772459873812379794e+00,6.858709354201789843e+00
4.083000000000000185e+00,2.772454638805749383e+00,6.858708003481003068e+00
4.084000000000000519e+00,2.772449414405196766e+00,6.858706655496832560e+00
4.084999999999999964e+00,2.772444200589231578e+00,6.858705310243733422e+00
4.086000000000000298e+00,2.772438997336412303e+00,6.858703967716170524e+00
4.086999999999999744e+00,2.772433804625338283e+00,6.858702627908625615e+00
4.088000000000000078e+00,2.772428622434651047e+00,6.858701290815584883e+00
4.089000000000000412e+00,2.772423450743037865e+00,6.858699956431550504e+00
4.089999999999999858e+00,2.772418289529227753e+00,6.858698624751032646e+00
4.091000000000000192e+00,2.772413138771996355e+00,6.858697295768552138e+00
4.092000000000000526e+00,2.772407998450157951e+00,6.858695969478646681e+00
4.092999999999999972e+00,2.772402868542564569e+00,6.858694645875859308e+00
4.094000000000000306e+00,2.772397749028126412e+00,6.858693324954741044e+00
4.094999999999999751e+00,2.772392639885783439e+00,6.858692006709867783e+00
4.096000000000000085e+00,2.772387541094524455e+00,6.858690691135810091e+00
4.097000000000000419e+00,2.772382452633375571e+00,6.858689378227157185e+00
4.097999999999999865e+00,2.772377374481410861e+00,6.858688067978514269e+00
4.099000000000000199e+00,2.772372306617743920e+00,6.858686760384487435e+00
4.099999999999999645e+00,2.772367249021530089e+00,6.858685455439697876e+00
4.100999999999999979e+00,2.772362201671968673e+00,6.858684153138780992e+00
4.102000000000000313e+00,2.772357164548303388e+00,6.858682853476374852e+00
4.102999999999999758e+00,2.772352137629814806e+00,6.858681556447141503e+00
4.104000000000000092e+00,2.772347120895826134e+00,6.858680262045740328e+00
4.105000000000000426e+00,2.772342114325707652e+00,6.858678970266848474e+00
4.105999999999999872e+00,2.772337117898862946e+00,6.858677681105155521e+00
4.107000000000000206e+00,2.772332131594748450e+00,6.858676394555353717e+00
4.107999999999999652e+00,2.772327155392849463e+00,6.858675110612152181e+00
4.108999999999999986e+00,2.772322189272706350e+00,6.858673829270276023e+00
4.110000000000000320e+00,2.772317233213890564e+00,6.858672550524446798e+00
4.110999999999999766e+00,2.772312287196016634e+00,6.858671274369409154e+00
4.112000000000000099e+00,2.772307351198745273e+00,6.858670000799913069e+00
4.113000000000000433e+00,2.772302425201774501e+00,6.858668729810719178e+00
4.113999999999999879e+00,2.772297509184843634e+00,6.858667461396598775e+00
4.115000000000000213e+00,2.772292603127732402e+00,6.858666195552339140e+00
4.115999999999999659e+00,2.772287707010263169e+00,6.858664932272730219e+00
4.116999999999999993e+00,2.772282820812303594e+00,6.858663671552577057e+00
4.118000000000000327e+00,2.772277944513751091e+00,6.858662413386692691e+00
4.118999999999999773e+00,2.772273078094553700e+00,6.858661157769902594e+00
4.120000000000000107e+00,2.772268221534692323e+00,6.858659904697042897e+00
4.121000000000000441e+00,2.772263374814197601e+00,6.858658654162956836e+00
4.121999999999999886e+00,2.772258537913130372e+00,6.858657406162504522e+00
4.123000000000000220e+00,2.772253710811602101e+00,6.858656160690550507e+00
4.123999999999999666e+00,2.772248893489753563e+00,6.858654917741972667e+00
4.125000000000000000e+00,2.772244085927778823e+00,6.858653677311657759e+00
4.126000000000000334e+00,2.772239288105897703e+00,6.858652439394504086e+00
4.126999999999999780e+00,2.772234500004380653e+00,6.858651203985418832e+00
4.128000000000000114e+00,2.772229721603537200e+00,6.858649971079324281e+00
4.129000000000000448e+00,2.772224952883708848e+00,6.858648740671144495e+00
4.129999999999999893e+00,2.772220193825286394e+00,6.858647512755820408e+00
4.131000000000000227e+00,2.772215444408695273e+00,6.858646287328302726e+00
4.131999999999999673e+00,2.772210704614399557e+00,6.858645064383548373e+00
4.133000000000000007e+00,2.772205974422908170e+00,6.858643843916529370e+00
4.134000000000000341e+00,2.772201253814765121e+00,6.858642625922224845e+00
4.134999999999999787e+00,2.772196542770555272e+00,6.858641410395624582e+00
4.136000000000000121e+00,2.772191841270901236e+00,6.858640197331729027e+00
4.137000000000000455e+00,2.772187149296468256e+00,6.858638986725547504e+00
4.137999999999999901e+00,2.772182466827955327e+00,6.858637778572105326e+00
4.139000000000000234e+00,2.772177793846105409e+00,6.858636572866426917e+00
4.139999999999999680e+00,2.772173130331699653e+00,6.858635369603555354e+00
4.141000000000000014e+00,2.772168476265560511e+00,6.858634168778544371e+00
4.142000000000000348e+00,2.772163831628541519e+00,6.858632970386450367e+00
4.142999999999999794e+00,2.772159196401541958e+00,6.858631774422344840e+00
4.144000000000000128e+00,2.772154570565494858e+00,6.858630580881310834e+00
4.145000000000000462e+00,2.772149954101375435e+00,6.858629389758437611e+00
4.145999999999999908e+00,2.772145346990201986e+00,6.858628201048825979e+00
4.147000000000000242e+00,2.772140749213019006e+00,6.858627014747586514e+00
4.147999999999999687e+00,2.772136160750920286e+00,6.858625830849840455e+00
4.149000000000000021e+00,2.772131581585032478e+00,6.858624649350717029e+00
4.150000000000000355e+00,2.772127011696520427e+00,6.858623470245358789e+00
4.150999999999999801e+00,2.772122451066589388e+00,6.858622293528910063e+00
4.152000000000000135e+00,2.772117899676486807e+00,6.858621119196539162e+00
4.153000000000000469e+00,2.772113357507486331e+00,6.858619947243409065e+00
4.153999999999999915e+00,2.772108824540910010e+00,6.858618777664699628e+00
4.155000000000000249e+00,2.772104300758113649e+00,6.858617610455605806e+00
4.155999999999999694e+00,2.772099786140489464e+00,6.858616445611321666e+00
4.157000000000000028e+00,2.772095280669471418e+00,6.858615283127058149e+00
4.158000000000000362e+00,2.772090784326527224e+00,6.858614122998031526e+00
4.158999999999999808e+00,2.772086297093165896e+00,6.858612965219473168e+00
4.160000000000000142e+00,2.772081818950930643e+00,6.858611809786617108e+00
4.161000000000000476e+00,2.772077349881402863e+00,6.858610656694714258e+00
4.161999999999999922e+00,2.772072889866201262e+00,6.858609505939019080e+00
4.163000000000000256e+00,2.772068438886983177e+00,6.858608357514801135e+00
4.163999999999999702e+00,2.772063996925444140e+00,6.858607211417334426e+00
4.165000000000000036e+00,2.772059563963306772e+00,6.858606067641902726e+00
4.166000000000000369e+00,2.772055139982350092e+00,6.858604926183806683e+00
4.166999999999999815e+00,2.772050724964369550e+00,6.858603787038349608e+00
4.168000000000000149e+00,2.772046318891209893e+00,6.858602650200843698e+00
4.169000000000000483e+00,2.772041921744750059e+00,6.858601515666618020e+00
4.169999999999999929e+00,2.772037533506905405e+00,6.858600383430998093e+00
4.171000000000000263e+00,2.772033154159625479e+00,6.858599253489330749e+00
4.171999999999999709e+00,2.772028783684894471e+00,6.858598125836971704e+00
4.173000000000000043e+00,2.772024422064747196e+00,6.858597000469279337e+00
4.174000000000000377e+00,2.772020069281237120e+00,6.858595877381622685e+00
4.174999999999999822e+00,2.772015725316461232e+00,6.858594756569386774e+00
4.176000000000000156e+00,2.772011390152560040e+00,6.858593638027961070e+00
4.177000000000000490e+00,2.772007063771693591e+00,6.858592521752739479e+00
4.177999999999999936e+00,2.772002746156074338e+00,6.858591407739135448e+00
4.179000000000000270e+00,2.771998437287942707e+00,6.858590295982567753e+00
4.179999999999999716e+00,2.771994137149576432e+00,6.858589186478459609e+00
4.181000000000000050e+00,2.771989845723289214e+00,6.858588079222249334e+00
4.182000000000000384e+00,2.771985562991432062e+00,6.858586974209381459e+00
4.182999999999999829e+00,2.771981288936387511e+00,6.858585871435312065e+00
4.184000000000000163e+00,2.771977023540581175e+00,6.858584770895506111e+00
4.185000000000000497e+00,2.771972766786466202e+00,6.858583672585436553e+00
4.185999999999999943e+00,2.771968518656534819e+00,6.858582576500583450e+00
4.187000000000000277e+00,2.771964279133316111e+00,6.858581482636441073e+00
4.187999999999999723e+00,2.771960048199372029e+00,6.858580390988509912e+00
4.189000000000000057e+00,2.771955825837302712e+00,6.858579301552297558e+00
4.190000000000000391e+00,2.771951612029739387e+00,6.858578214323323152e+00
4.190999999999999837e+00,2.771947406759354138e+00,6.858577129297117381e+00
4.192000000000000171e+00,2.771943210008848801e+00,6.858576046469214482e+00
4.193000000000000504e+00,2.771939021760962074e+00,6.858574965835163795e+00
4.193999999999999950e+00,2.771934841998473065e+00,6.858573887390518209e+00
4.195000000000000284e+00,2.771930670704182198e+00,6.858572811130843050e+00
4.195999999999999730e+00,2.771926507860938305e+00,6.858571737051711636e+00
4.197000000000000064e+00,2.771922353451617305e+00,6.858570665148702616e+00
4.198000000000000398e+00,2.771918207459135530e+00,6.858569595417408848e+00
4.198999999999999844e+00,2.771914069866438624e+00,6.858568527853433849e+00
4.200000000000000178e+00,2.771909940656512639e+00,6.858567462452381136e+00
4.201000000000000512e+00,2.771905819812368943e+00,6.858566399209871989e+00
4.201999999999999957e+00,2.771901707317061980e+00,6.858565338121533017e+00
4.203000000000000291e+00,2.771897603153675504e+00,6.858564279183001489e+00
4.203999999999999737e+00,2.771893507305329685e+00,6.858563222389915559e+00
4.205000000000000071e+00,2.771889419755180661e+00,6.858562167737932924e+00
4.206000000000000405e+00,2.771885340486414329e+00,6.858561115222715721e+00
4.206999999999999851e+00,2.771881269482253440e+00,6.858560064839933190e+00
4.208000000000000185e+00,2.771877206725954501e+00,6.858559016585265233e+00
4.209000000000000519e+00,2.771873152200808654e+00,6.858557970454401520e+00
4.209999999999999964e+00,2.771869105890137241e+00,6.858556926443038826e+00
4.211000000000000298e+00,2.771865067777299796e+00,6.858555884546881032e+00
4.211999999999999744e+00,2.771861037845690046e+00,6.858554844761644453e+00
4.213000000000000078e+00,2.771857016078728364e+00,6.858553807083049847e+00
4.214000000000000412e+00,2.771853002459875537e+00,6.858552771506833068e+00
4.214999999999999858e+00,2.771848996972623880e+00,6.858551738028729972e+00
4.216000000000000192e+00,2.771844999600500348e+00,6.858550706644495065e+00
4.217000000000000526e+00,2.771841010327059429e+00,6.858549677349881968e+00
4.217999999999999972e+00,2.771837029135897801e+00,6.858548650140656733e+00
4.219000000000000306e+00,2.771833056010642782e+00,6.858547625012596960e+00
4.219999999999999751e+00,2.771829090934948336e+00,6.858546601961485578e+00
4.221000000000000085e+00,2.771825133892507065e+00,6.858545580983112622e+00
4.222000000000000419e+00,2.771821184867047094e+00,6.858544562073281448e+00
4.222999999999999865e+00,2.771817243842324086e+00,6.858543545227798965e+00
4.224000000000000199e+00,2.771813310802126562e+00,6.858542530442482743e+00
4.224999999999999645e+00,2.771809385730284347e+00,6.858541517713158342e+00
4.225999999999999979e+00,2.771805468610645473e+00,6.858540507035661982e+00
4.227000000000000313e+00,2.771801559427104600e+00,6.858539498405837875e+00
4.227999999999999758e+00,2.771797658163583922e+00,6.858538491819531124e+00
4.229000000000000092e+00,2.771793764804034943e+00,6.858537487272609035e+00
4.230000000000000426e+00,2.771789879332446471e+00,6.858536484760932694e+00
4.230999999999999872e+00,2.771786001732836180e+00,6.858535484280383621e+00
4.232000000000000206e+00,2.771782131989257714e+00,6.858534485826845994e+00
4.232999999999999652e+00,2.771778270085789586e+00,6.858533489396211991e+00
4.233999999999999986e+00,2.771774416006556052e+00,6.858532494984384442e+00
4.235000000000000320e+00,2.771770569735700462e+00,6.858531502587270623e+00
4.235999999999999766e+00,2.771766731257404803e+00,6.858530512200788465e+00
4.237000000000000099e+00,2.771762900555880815e+00,6.858529523820869223e+00
4.238000000000000433e+00,2.771759077615371325e+00,6.858528537443439710e+00
4.238999999999999879e+00,2.771755262420155574e+00,6.858527553064450721e+00
4.240000000000000213e+00,2.771751454954543004e+00,6.858526570679848611e+00
4.240999999999999659e+00,2.771747655202870142e+00,6.858525590285593942e+00
4.241999999999999993e+00,2.771743863149507714e+00,6.858524611877654387e+00
4.243000000000000327e+00,2.771740078778864191e+00,6.858523635452003830e+00
4.243999999999999773e+00,2.771736302075372027e+00,6.858522661004632148e+00
4.245000000000000107e+00,2.771732533023497425e+00,6.858521688531521221e+00
4.246000000000000441e+00,2.771728771607738118e+00,6.858520718028677798e+00
4.246999999999999886e+00,2.771725017812625591e+00,6.858519749492109518e+00
4.248000000000000220e+00,2.771721271622717531e+00,6.858518782917831125e+00
4.248999999999999666e+00,2.771717533022608482e+00,6.858517818301868019e+00
4.250000000000000000e+00,2.771713801996919635e+00,6.858516855640252707e+00
4.251000000000000334e+00,2.771710078530310817e+00,6.858515894929022139e+00
4.251999999999999780e+00,2.771706362607460949e+00,6.858514936164231912e+00
4.253000000000000114e+00,2.771702654213089811e+00,6.858513979341931410e+00
4.254000000000000448e+00,2.771698953331940718e+00,6.858513024458186891e+00
4.254999999999999893e+00,2.771695259948799617e+00,6.858512071509074381e+00
4.256000000000000227e+00,2.771691574048469775e+00,6.858511120490671686e+00
4.256999999999999673e+00,2.771687895615794428e+00,6.858510171399064603e+00
4.258000000000000007e+00,2.771684224635641680e+00,6.858509224230352253e+00
4.259000000000000341e+00,2.771680561092915163e+00,6.858508278980639972e+00
4.259999999999999787e+00,2.771676904972546041e+00,6.858507335646034875e+00
4.261000000000000121e+00,2.771673256259495677e+00,6.858506394222662728e+00
4.262000000000000455e+00,2.771669614938759629e+00,6.858505454706648408e+00
4.262999999999999901e+00,2.771665980995358769e+00,6.858504517094125674e+00
4.264000000000000234e+00,2.771662354414346385e+00,6.858503581381241609e+00
4.264999999999999680e+00,2.771658735180809074e+00,6.858502647564144183e+00
4.266000000000000014e+00,2.771655123279860966e+00,6.858501715638995577e+00
4.267000000000000348e+00,2.771651518696642835e+00,6.858500785601959748e+00
4.267999999999999794e+00,2.771647921416332316e+00,6.858499857449213977e+00
4.269000000000000128e+00,2.771644331424135022e+00,6.858498931176939095e+00
4.270000000000000462e+00,2.771640748705279655e+00,6.858498006781323930e+00
4.270999999999999908e+00,2.771637173245037555e+00,6.858497084258568854e+00
4.272000000000000242e+00,2.771633605028698710e+00,6.858496163604879570e+00
4.272999999999999687e+00,2.771630044041590413e+00,6.858495244816466219e+00
4.274000000000000021e+00,2.771626490269060827e+00,6.858494327889551379e+00
4.275000000000000355e+00,2.771622943696499863e+00,6.858493412820363844e+00
4.275999999999999801e+00,2.771619404309317414e+00,6.858492499605140402e+00
4.277000000000000135e+00,2.771615872092953126e+00,6.858491588240122283e+00
4.278000000000000469e+00,2.771612347032883061e+00,6.858490678721560485e+00
4.278999999999999915e+00,2.771608829114611261e+00,6.858489771045719330e+00
4.280000000000000249e+00,2.771605318323662637e+00,6.858488865208861363e+00
4.280999999999999694e+00,2.771601814645598516e+00,6.858487961207261563e+00
4.282000000000000028e+00,2.771598318066012201e+00,6.858487059037199352e+00
4.283000000000000362e+00,2.771594828570518754e+00,6.858486158694970136e+00
4.283999999999999808e+00,2.771591346144766099e+00,6.858485260176863996e+00
4.285000000000000142e+00,2.771587870774433249e+00,6.858484363479186108e+00
4.286000000000000476e+00,2.771584402445225415e+00,6.858483468598252308e+00
4.286999999999999922e+00,2.771580941142875343e+00,6.858482575530378433e+00
4.288000000000000256e+00,2.771577486853151306e+00,6.858481684271894530e+00
4.288999999999999702e+00,2.771574039561842007e+00,6.858480794819129756e+00
4.290000000000000036e+00,2.771570599254769007e+00,6.858479907168428369e+00
4.291000000000000369e+00,2.771567165917781850e+00,6.858479021316138180e+00
4.291999999999999815e+00,2.771563739536763826e+00,6.858478137258616769e+00
4.293000000000000149e+00,2.771560320097616881e+00,6.858477254992227934e+00
4.294000000000000483e+00,2.771556907586279372e+00,6.858476374513344354e+00
4.294999999999999929e+00,2.771553501988716750e+00,6.858475495818340484e+00
4.296000000000000263e+00,2.771550103290919775e+00,6.858474618903602327e+00
4.296999999999999709e+00,2.771546711478908520e+00,6.858473743765525654e+00
4.298000000000000043e+00,2.771543326538738139e+00,6.858472870400509791e+00
4.299000000000000377e+00,2.771539948456479330e+00,6.858471998804963832e+00
4.299999999999999822e+00,2.771536577218242314e+00,6.858471128975299536e+00
4.301000000000000156e+00,2.771533212810160407e+00,6.858470260907944649e+00
4.302000000000000490e+00,2.771529855218397120e+00,6.858469394599322477e+00
4.302999999999999936e+00,2.771526504429141724e+00,6.858468530045872313e+00
4.304000000000000270e+00,2.771523160428609245e+00,6.858467667244036114e+00
4.304999999999999716e+00,2.771519823203052013e+00,6.858466806190270937e+00
4.306000000000000050e+00,2.771516492738740567e+00,6.858465946881028508e+00
4.307000000000000384e+00,2.771513169021975642e+00,6.858465089312778318e+00
4.307999999999999829e+00,2.771509852039088617e+00,6.858464233481993411e+00
4.309000000000000163e+00,2.771506541776437071e+00,6.858463379385148606e+00
4.310000000000000497e+00,2.771503238220405230e+00,6.858462527018735599e+00
4.310999999999999943e+00,2.771499941357406183e+00,6.858461676379246086e+00
4.312000000000000277e+00,2.771496651173879666e+00,6.858460827463185971e+00
4.312999999999999723e+00,2.771493367656291618e+00,6.858459980267054945e+00
4.314000000000000057e+00,2.771490090791138172e+00,6.858459134787376676e+00
4.315000000000000391e+00,2.771486820564944331e+00,6.858458291020667730e+00
4.315999999999999837e+00,2.771483556964254191e+00,6.858457448963462433e+00
4.317000000000000171e+00,2.771480299975650041e+00,6.858456608612293337e+00
4.318000000000000504e+00,2.771477049585731933e+00,6.858455769963702764e+00
4.318999999999999950e+00,2.771473805781132782e+00,6.858454933014249022e+00
4.320000000000000284e+00,2.771470568548513480e+00,6.858454097760479762e+00
4.320999999999999730e+00,2.771467337874553571e+00,6.858453264198963950e+00
4.322000000000000064e+00,2.771464113745966351e+00,6.858452432326276771e+00
4.323000000000000398e+00,2.771460896149495312e+00,6.858451602138990744e+00
4.323999999999999844e+00,2.771457685071903931e+00,6.858450773633693487e+00
4.325000000000000178e+00,2.771454480499987216e+00,6.858449946806977948e+00
4.326000000000000512e+00,2.771451282420558382e+00,6.858449121655440628e+00
4.326999999999999957e+00,2.771448090820471943e+00,6.858448298175690461e+00
4.328000000000000291e+00,2.771444905686594851e+00,6.858447476364339046e+00
4.328999999999999737e+00,2.771441727005829136e+00,6.858446656218004200e+00
4.330000000000000071e+00,2.771438554765102147e+00,6.858445837733317951e+00
4.331000000000000405e+00,2.771435388951363432e+00,6.858445020906908773e+00
4.331999999999999851e+00,2.771432229551594517e+00,6.858444205735416688e+00
4.333000000000000185e+00,2.771429076552799575e+00,6.858443392215493262e+00
4.334000000000000519e+00,2.771425929942009869e+00,6.858442580343789174e+00
4.334999999999999964e+00,2.771422789706284640e+00,6.858441770116963099e+00
4.336000000000000298e+00,2.771419655832709328e+00,6.858440961531687030e+00
4.336999999999999744e+00,2.771416528308390692e+00,6.858440154584633852e+00
4.338000000000000078e+00,2.771413407120468797e+00,6.858439349272482666e+00
4.339000000000000412e+00,2.771410292256100583e+00,6.858438545591921454e+00
4.339999999999999858e+00,2.771407183702481181e+00,6.858437743539643527e+00
4.341000000000000192e+00,2.771404081446823042e+00,6.858436943112352857e+00
4.342000000000000526e+00,2.771400985476366596e+00,6.858436144306756077e+00
4.342999999999999972e+00,2.771397895778375364e+00,6.858435347119567815e+00
4.344000000000000306e+00,2.771394812340147507e+00,6.858434551547506253e+00
4.344999999999999751e+00,2.771391735148993618e+00,6.858433757587302892e+00
4.346000000000000085e+00,2.771388664192260709e+00,6.858432965235691015e+00
4.347000000000000419e+00,2.771385599457319326e+00,6.858432174489410116e+00
4.347999999999999865e+00,2.771382540931561778e+00,6.858431385345210352e+00
4.349000000000000199e+00,2.771379488602408792e+00,6.858430597799843653e+00
4.350000000000000533e+00,2.771376442457307743e+00,6.858429811850069058e+00
4.350999999999999979e+00,2.771373402483727322e+00,6.858429027492656260e+00
4.352000000000000313e+00,2.771370368669165085e+00,6.858428244724380285e+00
4.352999999999999758e+00,2.771367341001148787e+00,6.858427463542018820e+00
4.354000000000000092e+00,2.771364319467215065e+00,6.858426683942361990e+00
4.355000000000000426e+00,2.771361304054941854e+00,6.858425905922199917e+00
4.355999999999999872e+00,2.771358294751927520e+00,6.858425129478332494e+00
4.357000000000000206e+00,2.771355291545789079e+00,6.858424354607567608e+00
4.357999999999999652e+00,2.771352294424183960e+00,6.858423581306716699e+00
4.358999999999999986e+00,2.771349303374780249e+00,6.858422809572600087e+00
4.360000000000000320e+00,2.771346318385272234e+00,6.858422039402044312e+00
4.360999999999999766e+00,2.771343339443388398e+00,6.858421270791883018e+00
4.362000000000000099e+00,2.771340366536874544e+00,6.858420503738948959e+00
4.363000000000000433e+00,2.771337399653498235e+00,6.858419738240092656e+00
4.363999999999999879e+00,2.771334438781062559e+00,6.858418974292162851e+00
4.365000000000000213e+00,2.771331483907389259e+00,6.858418211892018057e+00
4.365999999999999659e+00,2.771328535020321837e+00,6.858417451036519452e+00
4.366999999999999993e+00,2.771325592107733549e+00,6.858416691722543312e+00
4.368000000000000327e+00,2.771322655157518966e+00,6.858415933946961474e+00
4.368999999999999773e+00,2.771319724157598863e+00,6.858415177706660870e+00
4.370000000000000107e+00,2.771316799095917993e+00,6.858414422998527549e+00
4.371000000000000441e+00,2.771313879960447313e+00,6.858413669819461767e+00
4.371999999999999886e+00,2.771310966739177317e+00,6.858412918166358452e+00
4.373000000000000220e+00,2.771308059420128256e+00,6.858412168036132073e+00
4.373999999999999666e+00,2.771305157991339474e+00,6.858411419425695321e+00
4.375000000000000000e+00,2.771302262440880959e+00,6.858410672331967994e+00
4.376000000000000334e+00,2.771299372756839574e+00,6.858409926751880548e+00
4.376999999999999780e+00,2.771296488927332824e+00,6.858409182682361660e+00
4.378000000000000114e+00,2.771293610940499530e+00,6.858408440120355998e+00
4.379000000000000448e+00,2.771290738784503382e+00,6.858407699062803786e+00
4.379999999999999893e+00,2.771287872447527612e+00,6.858406959506658573e+00
4.381000000000000227e+00,2.771285011917784757e+00,6.858406221448881013e+00
4.381999999999999673e+00,2.771282157183508232e+00,6.858405484886434422e+00
4.383000000000000007e+00,2.771279308232959870e+00,6.858404749816286561e+00
4.384000000000000341e+00,2.771276465054419269e+00,6.858404016235415845e+00
4.384999999999999787e+00,2.771273627636190451e+00,6.858403284140806910e+00
4.386000000000000121e+00,2.771270795966607636e+00,6.858402553529446166e+00
4.387000000000000455e+00,2.771267970034023698e+00,6.858401824398328017e+00
4.387999999999999901e+00,2.771265149826811047e+00,6.858401096744454861e+00
4.389000000000000234e+00,2.771262335333374072e+00,6.858400370564833537e+00
4.389999999999999680e+00,2.771259526542132701e+00,6.858399645856476212e+00
4.391000000000000014e+00,2.771256723441540615e+00,6.858398922616403937e+00
4.392000000000000348e+00,2.771253926020063041e+00,6.858398200841639536e+00
4.392999999999999794e+00,2.771251134266199845e+00,6.858397480529215606e+00
4.394000000000000128e+00,2.771248348168461551e+00,6.858396761676168296e+00
4.395000000000000462e+00,2.771245567715393321e+00,6.858396044279540860e+00
4.395999999999999908e+00,2.771242792895557638e+00,6.858395328336383656e+00
4.397000000000000242e+00,2.771240023697543187e+00,6.858394613843755927e+00
4.397999999999999687e+00,2.771237260109959077e+00,6.858393900798710696e+00
4.399000000000000021e+00,2.771234502121438403e+00,6.858393189198318751e+00
4.400000000000000355e+00,2.771231749720636017e+00,6.858392479039655321e+00
4.400999999999999801e+00,2.771229002896234306e+00,6.858391770319795633e+00
4.402000000000000135e+00,2.771226261636934307e+00,6.858391063035827351e+00
4.403000000000000469e+00,2.771223525931461040e+00,6.858390357184840802e+00
4.403999999999999915e+00,2.771220795768561729e+00,6.858389652763930755e+00
4.405000000000000249e+00,2.771218071137009797e+00,6.858388949770200860e+00
4.405999999999999694e+00,2.771215352025595990e+00,6.858388248200761872e+00
4.407000000000000028e+00,2.771212638423137697e+00,6.858387548052724547e+00
4.408000000000000362e+00,2.771209930318472292e+00,6.858386849323213852e+00
4.408999999999999808e+00,2.771207227700465126e+00,6.858386152009348535e+00
4.410000000000000142e+00,2.771204530557996648e+00,6.858385456108266887e+00
4.411000000000000476e+00,2.771201838879971735e+00,6.858384761617104530e+00
4.411999999999999922e+00,2.771199152655325459e+00,6.858384068533005973e+00
4.413000000000000256e+00,2.771196471873005773e+00,6.858383376853119273e+00
4.413999999999999702e+00,2.771193796521987718e+00,6.858382686574593379e+00
4.415000000000000036e+00,2.771191126591264542e+00,6.858381997694602994e+00
4.416000000000000369e+00,2.771188462069857916e+00,6.858381310210301507e+00
4.416999999999999815e+00,2.771185802946809051e+00,6.858380624118868951e+00
4.418000000000000149e+00,2.771183149211177366e+00,6.858379939417477367e+00
4.419000000000000483e+00,2.771180500852051587e+00,6.858379256103315669e+00
4.419999999999999929e+00,2.771177857858535543e+00,6.858378574173572773e+00
4.421000000000000263e+00,2.771175220219762370e+00,6.858377893625442034e+00
4.421999999999999709e+00,2.771172587924881192e+00,6.858377214456123916e+00
4.423000000000000043e+00,2.771169960963066448e+00,6.858376536662824208e+00
4.424000000000000377e+00,2.771167339323511669e+00,6.858375860242758471e+00
4.424999999999999822e+00,2.771164722995435703e+00,6.858375185193144041e+00
4.426000000000000156e+00,2.771162111968075159e+00,6.858374511511200033e+00
4.427000000000000490e+00,2.771159506230693292e+00,6.858373839194158883e+00
4.427999999999999936e+00,2.771156905772572898e+00,6.858373168239254802e+00
4.429000000000000270e+00,2.771154310583014535e+00,6.858372498643727333e+00
4.429999999999999716e+00,2.771151720651348516e+00,6.858371830404822234e+00
4.431000000000000050e+00,2.771149135966919808e+00,6.858371163519794145e+00
4.432000000000000384e+00,2.771146556519098691e+00,6.858370497985895931e+00
4.432999999999999829e+00,2.771143982297275876e+00,6.858369833800389337e+00
4.434000000000000163e+00,2.771141413290859390e+00,6.858369170960549432e+00
4.435000000000000497e+00,2.771138849489289235e+00,6.858368509463640628e+00
4.435999999999999943e+00,2.771136290882017850e+00,6.858367849306951314e+00
4.437000000000000277e+00,2.771133737458521651e+00,6.858367190487757448e+00
4.437999999999999723e+00,2.771131189208297041e+00,6.858366533003356302e+00
4.439000000000000057e+00,2.771128646120867067e+00,6.858365876851037157e+00
4.440000000000000391e+00,2.771126108185767212e+00,6.858365222028106167e+00
4.440999999999999837e+00,2.771123575392556937e+00,6.858364568531869487e+00
4.442000000000000171e+00,2.771121047730825904e+00,6.858363916359635937e+00
4.443000000000000504e+00,2.771118525190176651e+00,6.858363265508724993e+00
4.443999999999999950e+00,2.771116007760227262e+00,6.858362615976463239e+00
4.445000000000000284e+00,2.771113495430628237e+00,6.858361967760171929e+00
4.445999999999999730e+00,2.771110988191047397e+00,6.858361320857190080e+00
4.447000000000000064e+00,2.771108486031170770e+00,6.858360675264854045e+00
4.448000000000000398e+00,2.771105988940707032e+00,6.858360030980508171e+00
4.448999999999999844e+00,2.771103496909385733e+00,6.858359388001505685e+00
4.450000000000000178e+00,2.771101009926955072e+00,6.858358746325201594e+00
4.451000000000000512e+00,2.771098527983190785e+00,6.858358105948951788e+00
4.451999999999999957e+00,2.771096051067877930e+00,6.858357466870128150e+00
4.453000000000000291e+00,2.771093579170833987e+00,6.858356829086098116e+00
4.453999999999999737e+00,2.771091112281888869e+00,6.858356192594238898e+00
4.455000000000000071e+00,2.771088650390901353e+00,6.858355557391935697e+00
4.456000000000000405e+00,2.771086193487741323e+00,6.858354923476569276e+00
4.456999999999999851e+00,2.771083741562300862e+00,6.858354290845540824e+00
4.458000000000000185e+00,2.771081294604501366e+00,6.858353659496241761e+00
4.459000000000000519e+00,2.771078852604276221e+00,6.858353029426075942e+00
4.459999999999999964e+00,2.771076415551577465e+00,6.858352400632456103e+00
4.461000000000000298e+00,2.771073983436386001e+00,6.858351773112792316e+00
4.461999999999999744e+00,2.771071556248696499e+00,6.858351146864503534e+00
4.463000000000000078e+00,2.771069133978527166e+00,6.858350521885014039e+00
4.464000000000000412e+00,2.771066716615913084e+00,6.858349898171754333e+00
4.464999999999999858e+00,2.771064304150914648e+00,6.858349275722158467e+00
4.466000000000000192e+00,2.771061896573607797e+00,6.858348654533664046e+00
4.467000000000000526e+00,2.771059493874087121e+00,6.858348034603717558e+00
4.467999999999999972e+00,2.771057096042476076e+00,6.858347415929772595e+00
4.469000000000000306e+00,2.771054703068905223e+00,6.858346798509281861e+00
4.469999999999999751e+00,2.771052314943540207e+00,6.858346182339704278e+00
4.471000000000000085e+00,2.771049931656554222e+00,6.858345567418506761e+00
4.472000000000000419e+00,2.771047553198143110e+00,6.858344953743156225e+00
4.472999999999999865e+00,2.771045179558524918e+00,6.858344341311137349e+00
4.474000000000000199e+00,2.771042810727938566e+00,6.858343730119923265e+00
4.475000000000000533e+00,2.771040446696639847e+00,6.858343120167003093e+00
4.475999999999999979e+00,2.771038087454908094e+00,6.858342511449866841e+00
4.477000000000000313e+00,2.771035732993035072e+00,6.858341903966015174e+00
4.477999999999999758e+00,2.771033383301339637e+00,6.858341297712939877e+00
4.479000000000000092e+00,2.771031038370158850e+00,6.858340692688158491e+00
4.480000000000000426e+00,2.771028698189842654e+00,6.858340088889175234e+00
4.480999999999999872e+00,2.771026362750772520e+00,6.858339486313508537e+00
4.482000000000000206e+00,2.771024032043334362e+00,6.858338884958678605e+00
4.482999999999999652e+00,2.771021706057951839e+00,6.858338284822214526e+00
4.483999999999999986e+00,2.771019384785050832e+00,6.858337685901646275e+00
4.485000000000000320e+00,2.771017068215085200e+00,6.858337088194510933e+00
4.485999999999999766e+00,2.771014756338531448e+00,6.858336491698350024e+00
4.487000000000000099e+00,2.771012449145871415e+00,6.858335896410709509e+00
4.488000000000000433e+00,2.771010146627626458e+00,6.858335302329141570e+00
4.488999999999999879e+00,2.771007848774316162e+00,6.858334709451201938e+00
4.490000000000000213e+00,2.771005555576496970e+00,6.858334117774452565e+00
4.490999999999999659e+00,2.771003267024731542e+00,6.858333527296460730e+00
4.491999999999999993e+00,2.771000983109612292e+00,6.858332938014796376e+00
4.493000000000000327e+00,2.770998703821740961e+00,6.858332349927033889e+00
4.493999999999999773e+00,2.770996429151744156e+00,6.858331763030760975e+00
4.495000000000000107e+00,2.770994159090264919e+00,6.858331177323553796e+00
4.496000000000000441e+00,2.770991893627968938e+00,6.858330592803010717e+00
4.496999999999999886e+00,2.770989632755537002e+00,6.858330009466725663e+00
4.498000000000000220e+00,2.770987376463668550e+00,6.858329427312297888e+00
4.498999999999999666e+00,2.770985124743087447e+00,6.858328846337337303e+00
4.500000000000000000e+00,2.770982877584528659e+00,6.858328266539446716e+00
4.501000000000000334e+00,2.770980634978750246e+00,6.858327687916246695e+00
4.501999999999999780e+00,2.770978396916526698e+00,6.858327110465356924e+00
4.503000000000000114e+00,2.770976163388655600e+00,6.858326534184402412e+00
4.504000000000000448e+00,2.770973934385949189e+00,6.858325959071009947e+00
4.504999999999999893e+00,2.770971709899239688e+00,6.858325385122816975e+00
4.506000000000000227e+00,2.770969489919378415e+00,6.858324812337461829e+00
4.506999999999999673e+00,2.770967274437234451e+00,6.858324240712587283e+00
4.508000000000000007e+00,2.770965063443690646e+00,6.858323670245844106e+00
4.509000000000000341e+00,2.770962856929661822e+00,6.858323100934885730e+00
4.509999999999999787e+00,2.770960654886064134e+00,6.858322532777369140e+00
4.511000000000000121e+00,2.770958457303847045e+00,6.858321965770957540e+00
4.512000000000000455e+00,2.770956264173966233e+00,6.858321399913322125e+00
4.512999999999999901e+00,2.770954075487407131e+00,6.858320835202129651e+00
4.514000000000000234e+00,2.770951891235161835e+00,6.858320271635061971e+00
4.514999999999999680e+00,2.770949711408248195e+00,6.858319709209798276e+00
4.516000000000000014e+00,2.770947535997703159e+00,6.858319147924027526e+00
4.517000000000000348e+00,2.770945364994574778e+00,6.858318587775439568e+00
4.517999999999999794e+00,2.770943198389939077e+00,6.858318028761731355e+00
4.519000000000000128e+00,2.770941036174878747e+00,6.858317470880603395e+00
4.520000000000000462e+00,2.770938878340504896e+00,6.858316914129760633e+00
4.520999999999999908e+00,2.770936724877941515e+00,6.858316358506909793e+00
4.522000000000000242e+00,2.770934575778329911e+00,6.858315804009770034e+00
4.522999999999999687e+00,2.770932431032830490e+00,6.858315250636062288e+00
4.524000000000000021e+00,2.770930290632621418e+00,6.858314698383505714e+00
4.525000000000000355e+00,2.770928154568902180e+00,6.858314147249830128e+00
4.525999999999999801e+00,2.770926022832886026e+00,6.858313597232770675e+00
4.527000000000000135e+00,2.770923895415802196e+00,6.858313048330064277e+00
4.528000000000000469e+00,2.770921772308904352e+00,6.858312500539452294e+00
4.528999999999999915e+00,2.770919653503456814e+00,6.858311953858679644e+00
4.530000000000000249e+00,2.770917538990747442e+00,6.858311408285500121e+00
4.530999999999999694e+00,2.770915428762077415e+00,6.858310863817671077e+00
4.532000000000000028e+00,2.770913322808769674e+00,6.858310320452950748e+00
4.533000000000000362e+00,2.770911221122159152e+00,6.858309778189105366e+00
4.533999999999999808e+00,2.770909123693600762e+00,6.858309237023902938e+00
4.535000000000000142e+00,2.770907030514471625e+00,6.858308696955118577e+00
4.536000000000000476e+00,2.770904941576159963e+00,6.858308157980530950e+00
4.536999999999999922e+00,2.770902856870074427e+00,6.858307620097925827e+00
4.538000000000000256e+00,2.770900776387641429e+00,6.858307083305086316e+00
4.538999999999999702e+00,2.770898700120302038e+00,6.858306547599806180e+00
4.540000000000000036e+00,2.770896628059517308e+00,6.858306012979883626e+00
4.541000000000000369e+00,2.770894560196765166e+00,6.858305479443116859e+00
4.541999999999999815e+00,2.770892496523540860e+00,6.858304946987311190e+00
4.543000000000000149e+00,2.770890437031353848e+00,6.858304415610280813e+00
4.544000000000000483e+00,2.770888381711735793e+00,6.858303885309834591e+00
4.544999999999999929e+00,2.770886330556231680e+00,6.858303356083795599e+00
4.546000000000000263e+00,2.770884283556402927e+00,6.858302827929986023e+00
4.546999999999999709e+00,2.770882240703838484e+00,6.858302300846235156e+00
4.548000000000000043e+00,2.770880201990125080e+00,6.858301774830369624e+00
4.549000000000000377e+00,2.770878167406885417e+00,6.858301249880231154e+00
4.549999999999999822e+00,2.770876136945747525e+00,6.858300725993657920e+00
4.551000000000000156e+00,2.770874110598361195e+00,6.858300203168495202e+00
4.552000000000000490e+00,2.770872088356389984e+00,6.858299681402593606e+00
4.552999999999999936e+00,2.770870070211520098e+00,6.858299160693805518e+00
4.554000000000000270e+00,2.770868056155447068e+00,6.858298641039991317e+00
4.554999999999999716e+00,2.770866046179887743e+00,6.858298122439010491e+00
4.556000000000000050e+00,2.770864040276578510e+00,6.858297604888734078e+00
4.557000000000000384e+00,2.770862038437265529e+00,6.858297088387030449e+00
4.557999999999999829e+00,2.770860040653714051e+00,6.858296572931776858e+00
4.559000000000000163e+00,2.770858046917707984e+00,6.858296058520850558e+00
4.560000000000000497e+00,2.770856057221048552e+00,6.858295545152135908e+00
4.560999999999999943e+00,2.770854071555552967e+00,6.858295032823522597e+00
4.562000000000000277e+00,2.770852089913052207e+00,6.858294521532908306e+00
4.562999999999999723e+00,2.770850112285393685e+00,6.858294011278180058e+00
4.564000000000000057e+00,2.770848138664447902e+00,6.858293502057247082e+00
4.565000000000000391e+00,2.770846169042090690e+00,6.858292993868012388e+00
4.565999999999999837e+00,2.770844203410229412e+00,6.858292486708382540e+00
4.567000000000000171e+00,2.770842241760774982e+00,6.858291980576275648e+00
4.568000000000000504e+00,2.770840284085655192e+00,6.858291475469608045e+00
4.568999999999999950e+00,2.770838330376824032e+00,6.858290971386304058e+00
4.570000000000000284e+00,2.770836380626243489e+00,6.858290468324288902e+00
4.570999999999999730e+00,2.770834434825893755e+00,6.858289966281492234e+00
4.572000000000000064e+00,2.770832492967771898e+00,6.858289465255853479e+00
4.573000000000000398e+00,2.770830555043891419e+00,6.858288965245304958e+00
4.573999999999999844e+00,2.770828621046279583e+00,6.858288466247794979e+00
4.575000000000000178e+00,2.770826690966982753e+00,6.858287968261268297e+00
4.576000000000000512e+00,2.770824764798066830e+00,6.858287471283681214e+00
4.576999999999999957e+00,2.770822842531602159e+00,6.858286975312984701e+00
4.578000000000000291e+00,2.770820924159688392e+00,6.858286480347139502e+00
4.578999999999999737e+00,2.770819009674429179e+00,6.858285986384114352e+00
4.580000000000000071e+00,2.770817099067955702e+00,6.858285493421871770e+00
4.581000000000000405e+00,2.770815192332406252e+00,6.858285001458387597e+00
4.581999999999999851e+00,2.770813289459940876e+00,6.858284510491635011e+00
4.583000000000000185e+00,2.770811390442729838e+00,6.858284020519596957e+00
4.584000000000000519e+00,2.770809495272963385e+00,6.858283531540259936e+00
4.584999999999999964e+00,2.770807603942849084e+00,6.858283043551608671e+00
4.586000000000000298e+00,2.770805716444603828e+00,6.858282556551636766e+00
4.586999999999999744e+00,2.770803832770467601e+00,6.858282070538345820e+00
4.588000000000000078e+00,2.770801952912690602e+00,6.858281585509732103e+00
4.589000000000000412e+00,2.770800076863540351e+00,6.858281101463798990e+00
4.589999999999999858e+00,2.770798204615302573e+00,6.858280618398563178e+00
4.591000000000000192e+00,2.770796336160275875e+00,6.858280136312029818e+00
4.592000000000000526e+00,2.770794471490776179e+00,6.858279655202218272e+00
4.592999999999999972e+00,2.770792610599133177e+00,6.858279175067150568e+00
4.594000000000000306e+00,2.770790753477690327e+00,6.858278695904853173e+00
4.594999999999999751e+00,2.770788900118810627e+00,6.858278217713354330e+00
4.596000000000000085e+00,2.770787050514874839e+00,6.858277740490685837e+00
4.597000000000000419e+00,2.770785204658272605e+00,6.858277264234884818e+00
4.597999999999999865e+00,2.770783362541408223e+00,6.858276788943995506e+00
4.599000000000000199e+00,2.770781524156709974e+00,6.858276314616056801e+00
4.600000000000000533e+00,2.770779689496617237e+00,6.858275841249123594e+00
4.600999999999999979e+00,2.770777858553579165e+00,6.858275368841248998e+00
4.602000000000000313e+00,2.770776031320068888e+00,6.858274897390484348e+00
4.602999999999999758e+00,2.770774207788568422e+00,6.858274426894896081e+00
4.604000000000000092e+00,2.770772387951579319e+00,6.858273957352545303e+00
4.605000000000000426e+00,2.770770571801614235e+00,6.858273488761502001e+00
4.605999999999999872e+00,2.770768759331205366e+00,6.858273021119838830e+00
4.607000000000000206e+00,2.770766950532898232e+00,6.858272554425633771e+00
4.608000000000000540e+00,2.770765145399250340e+00,6.858272088676965694e+00
4.608999999999999986e+00,2.770763343922839628e+00,6.858271623871919687e+00
4.610000000000000320e+00,2.770761546096256023e+00,6.858271160008580836e+00
4.610999999999999766e+00,2.770759751912102775e+00,6.858270697085046663e+00
4.612000000000000099e+00,2.770757961363002675e+00,6.858270235099408474e+00
4.613000000000000433e+00,2.770756174441592279e+00,6.858269774049767342e+00
4.613999999999999879e+00,2.770754391140518802e+00,6.858269313934227895e+00
4.615000000000000213e+00,2.770752611452448999e+00,6.858268854750897425e+00
4.615999999999999659e+00,2.770750835370063836e+00,6.858268396497888553e+00
4.616999999999999993e+00,2.770749062886054492e+00,6.858267939173313010e+00
4.618000000000000327e+00,2.770747293993133464e+00,6.858267482775289636e+00
4.618999999999999773e+00,2.770745528684025238e+00,6.858267027301944374e+00
4.620000000000000107e+00,2.770743766951469400e+00,6.858266572751404055e+00
4.621000000000000441e+00,2.770742008788217081e+00,6.858266119121796400e+00
4.621999999999999886e+00,2.770740254187038509e+00,6.858265666411255346e+00
4.623000000000000220e+00,2.770738503140719899e+00,6.858265214617921934e+00
4.623999999999999666e+00,2.770736755642055460e+00,6.858264763739933656e+00
4.625000000000000000e+00,2.770735011683856719e+00,6.858264313775443100e+00
4.626000000000000334e+00,2.770733271258952968e+00,6.858263864722590419e+00
4.626999999999999780e+00,2.770731534360187265e+00,6.858263416579534422e+00
4.628000000000000114e+00,2.770729800980411106e+00,6.858262969344428583e+00
4.629000000000000448e+00,2.770728071112497748e+00,6.858262523015438816e+00
4.629999999999999893e+00,2.770726344749329773e+00,6.858262077590722150e+00
4.631000000000000227e+00,2.770724621883811967e+00,6.858261633068451602e+00
4.631999999999999673e+00,2.770722902508852670e+00,6.858261189446796635e+00
4.633000000000000007e+00,2.770721186617380649e+00,6.858260746723934709e+00
4.634000000000000341e+00,2.770719474202341992e+00,6.858260304898039728e+00
4.634999999999999787e+00,2.770717765256690335e+00,6.858259863967299808e+00
4.636000000000000121e+00,2.770716059773396633e+00,6.858259423929900400e+00
4.637000000000000455e+00,2.770714357745447387e+00,6.858258984784030510e+00
4.637999999999999901e+00,2.770712659165840641e+00,6.858258546527883581e+00
4.639000000000000234e+00,2.770710964027592649e+00,6.858258109159654836e+00
4.639999999999999680e+00,2.770709272323727657e+00,6.858257672677550154e+00
4.641000000000000014e+00,2.770707584047291228e+00,6.858257237079772750e+00
4.642000000000000348e+00,2.770705899191335142e+00,6.858256802364527616e+00
4.642999999999999794e+00,2.770704217748933385e+00,6.858256368530033065e+00
4.644000000000000128e+00,2.770702539713167045e+00,6.858255935574497641e+00
4.645000000000000462e+00,2.770700865077135866e+00,6.858255503496144989e+00
4.645999999999999908e+00,2.770699193833952467e+00,6.858255072293195198e+00
4.647000000000000242e+00,2.770697525976741904e+00,6.858254641963875464e+00
4.647999999999999687e+00,2.770695861498642554e+00,6.858254212506417424e+00
4.649000000000000021e+00,2.770694200392812778e+00,6.858253783919054491e+00
4.650000000000000355e+00,2.770692542652416712e+00,6.858253356200024520e+00
4.650999999999999801e+00,2.770690888270635810e+00,6.858252929347563587e+00
4.652000000000000135e+00,2.770689237240670177e+00,6.858252503359921093e+00
4.653000000000000469e+00,2.770687589555722585e+00,6.858252078235339333e+00
4.653999999999999915e+00,2.770685945209018008e+00,6.858251653972078365e+00
4.655000000000000249e+00,2.770684304193795633e+00,6.858251230568385814e+00
4.655999999999999694e+00,2.770682666503304414e+00,6.858250808022519074e+00
4.657000000000000028e+00,2.770681032130807075e+00,6.858250386332748860e+00
4.658000000000000362e+00,2.770679401069583658e+00,6.858249965497331679e+00
4.658999999999999808e+00,2.770677773312923531e+00,6.858249545514540912e+00
4.660000000000000142e+00,2.770676148854133380e+00,6.858249126382648164e+00
4.661000000000000476e+00,2.770674527686528776e+00,6.858248708099929480e+00
4.661999999999999922e+00,2.770672909803444828e+00,6.858248290664667124e+00
4.663000000000000256e+00,2.770671295198225970e+00,6.858247874075140693e+00
4.663999999999999702e+00,2.770669683864229960e+00,6.858247458329636004e+00
4.665000000000000036e+00,2.770668075794831875e+00,6.858247043426445977e+00
4.666000000000000369e+00,2.770666470983413454e+00,6.858246629363862645e+00
4.666999999999999815e+00,2.770664869423380416e+00,6.858246216140183371e+00
4.668000000000000149e+00,2.770663271108138037e+00,6.858245803753706404e+00
4.669000000000000483e+00,2.770661676031118237e+00,6.858245392202737101e+00
4.669999999999999929e+00,2.770660084185757821e+00,6.858244981485587033e+00
4.671000000000000263e+00,2.770658495565510027e+00,6.858244571600558892e+00
4.671999999999999709e+00,2.770656910163839193e+00,6.858244162545970468e+00
4.673000000000000043e+00,2.770655327974226978e+00,6.858243754320140440e+00
4.674000000000000377e+00,2.770653748990165699e+00,6.858243346921388373e+00
4.674999999999999822e+00,2.770652173205156998e+00,6.858242940348040051e+00
4.676000000000000156e+00,2.770650600612723835e+00,6.858242534598420370e+00
4.677000000000000490e+00,2.770649031206392721e+00,6.858242129670863108e+00
4.677999999999999936e+00,2.770647464979715480e+00,6.858241725563701152e+00
4.679000000000000270e+00,2.770645901926246601e+00,6.858241322275271834e+00
4.679999999999999716e+00,2.770644342039555674e+00,6.858240919803921365e+00
4.681000000000000050e+00,2.770642785313229606e+00,6.858240518147985298e+00
4.682000000000000384e+00,2.770641231740864185e+00,6.858240117305819616e+00
4.682999999999999829e+00,2.770639681316068970e+00,6.858239717275769642e+00
4.684000000000000163e+00,2.770638134032468169e+00,6.858239318056198464e+00
4.685000000000000497e+00,2.770636589883697543e+00,6.858238919645451404e+00
4.685999999999999943e+00,2.770635048863403505e+00,6.858238522041903984e+00
4.687000000000000277e+00,2.770633510965249791e+00,6.858238125243910410e+00
4.687999999999999723e+00,2.770631976182911238e+00,6.858237729249839987e+00
4.689000000000000057e+00,2.770630444510076007e+00,6.858237334058067347e+00
4.690000000000000391e+00,2.770628915940442916e+00,6.858236939666966236e+00
4.690999999999999837e+00,2.770627390467721884e+00,6.858236546074915729e+00
4.692000000000000171e+00,2.770625868085644594e+00,6.858236153280291347e+00
4.693000000000000504e+00,2.770624348787944946e+00,6.858235761281481047e+00
4.693999999999999950e+00,2.770622832568373273e+00,6.858235370076873672e+00
4.695000000000000284e+00,2.770621319420699002e+00,6.858234979664859843e+00
4.695999999999999730e+00,2.770619809338689343e+00,6.858234590043831069e+00
4.697000000000000064e+00,2.770618302316142589e+00,6.858234201212186854e+00
4.698000000000000398e+00,2.770616798346854814e+00,6.858233813168329362e+00
4.698999999999999844e+00,2.770615297424640300e+00,6.858233425910659875e+00
4.700000000000000178e+00,2.770613799543328870e+00,6.858233039437584111e+00
4.701000000000000512e+00,2.770612304696756123e+00,6.858232653747516672e+00
4.701999999999999957e+00,2.770610812878774531e+00,6.858232268838869494e+00
4.703000000000000291e+00,2.770609324083251668e+00,6.858231884710060733e+00
4.703999999999999737e+00,2.770607838304059545e+00,6.858231501359504101e+00
4.705000000000000071e+00,2.770606355535086607e+00,6.858231118785633740e+00
4.706000000000000405e+00,2.770604875770235953e+00,6.858230736986865139e+00
4.706999999999999851e+00,2.770603399003422229e+00,6.858230355961632441e+00
4.708000000000000185e+00,2.770601925228569407e+00,6.858229975708371562e+00
4.709000000000000519e+00,2.770600454439618332e+00,6.858229596225513980e+00
4.709999999999999964e+00,2.770598986630516070e+00,6.858229217511500941e+00
4.711000000000000298e+00,2.770597521795228335e+00,6.858228839564774582e+00
4.711999999999999744e+00,2.770596059927727950e+00,6.858228462383777924e+00
4.713000000000000078e+00,2.770594601022004166e+00,6.858228085966962873e+00
4.714000000000000412e+00,2.770593145072054231e+00,6.858227710312779557e+00
4.714999999999999858e+00,2.770591692071893153e+00,6.858227335419685211e+00
4.716000000000000192e+00,2.770590242015540383e+00,6.858226961286133516e+00
4.717000000000000526e+00,2.770588794897032692e+00,6.858226587910587924e+00
4.717999999999999972e+00,2.770587350710419727e+00,6.858226215291512773e+00
4.719000000000000306e+00,2.770585909449762685e+00,6.858225843427377733e+00
4.719999999999999751e+00,2.770584471109129421e+00,6.858225472316647142e+00
4.721000000000000085e+00,2.770583035682606443e+00,6.858225101957801328e+00
4.722000000000000419e+00,2.770581603164288698e+00,6.858224732349312625e+00
4.722999999999999865e+00,2.770580173548284897e+00,6.858224363489663133e+00
4.724000000000000199e+00,2.770578746828715300e+00,6.858223995377333182e+00
4.725000000000000533e+00,2.770577322999709491e+00,6.858223628010810202e+00
4.725999999999999979e+00,2.770575902055415707e+00,6.858223261388584291e+00
4.727000000000000313e+00,2.770574483989983072e+00,6.858222895509146433e+00
4.727999999999999758e+00,2.770573068797586025e+00,6.858222530370990278e+00
4.729000000000000092e+00,2.770571656472397670e+00,6.858222165972616580e+00
4.730000000000000426e+00,2.770570247008613762e+00,6.858221802312525206e+00
4.730999999999999872e+00,2.770568840400432720e+00,6.858221439389218688e+00
4.732000000000000206e+00,2.770567436642070280e+00,6.858221077201208438e+00
4.733000000000000540e+00,2.770566035727756393e+00,6.858220715747000540e+00
4.733999999999999986e+00,2.770564637651726780e+00,6.858220355025109072e+00
4.735000000000000320e+00,2.770563242408227378e+00,6.858219995034051664e+00
4.735999999999999766e+00,2.770561849991522774e+00,6.858219635772346834e+00
4.737000000000000099e+00,2.770560460395886881e+00,6.858219277238518430e+00
4.738000000000000433e+00,2.770559073615601609e+00,6.858218919431092075e+00
4.738999999999999879e+00,2.770557689644965293e+00,6.858218562348593395e+00
4.740000000000000213e+00,2.770556308478283825e+00,6.858218205989552452e+00
4.740999999999999659e+00,2.770554930109877745e+00,6.858217850352509082e+00
4.741999999999999993e+00,2.770553554534076035e+00,6.858217495435995126e+00
4.743000000000000327e+00,2.770552181745221887e+00,6.858217141238554859e+00
4.743999999999999773e+00,2.770550811737670038e+00,6.858216787758726340e+00
4.745000000000000107e+00,2.770549444505782777e+00,6.858216434995062727e+00
4.746000000000000441e+00,2.770548080043938821e+00,6.858216082946105630e+00
4.746999999999999886e+00,2.770546718346524440e+00,6.858215731610410870e+00
4.748000000000000220e+00,2.770545359407941444e+00,6.858215380986536047e+00
4.748999999999999666e+00,2.770544003222597418e+00,6.858215031073033430e+00
4.750000000000000000e+00,2.770542649784915490e+00,6.858214681868467721e+00
4.751000000000000334e+00,2.770541299089328557e+00,6.858214333371399185e+00
4.751999999999999780e+00,2.770539951130280620e+00,6.858213985580396965e+00
4.753000000000000114e+00,2.770538605902230778e+00,6.858213638494031095e+00
4.754000000000000448e+00,2.770537263399640793e+00,6.858213292110872494e+00
4.754999999999999893e+00,2.770535923616992857e+00,6.858212946429496526e+00
4.756000000000000227e+00,2.770534586548775380e+00,6.858212601448482104e+00
4.756999999999999673e+00,2.770533252189487428e+00,6.858212257166409920e+00
4.758000000000000007e+00,2.770531920533641390e+00,6.858211913581861552e+00
4.759000000000000341e+00,2.770530591575760759e+00,6.858211570693426573e+00
4.759999999999999787e+00,2.770529265310379241e+00,6.858211228499698997e+00
4.761000000000000121e+00,2.770527941732041199e+00,6.858210886999259515e+00
4.762000000000000455e+00,2.770526620835305653e+00,6.858210546190715462e+00
4.762999999999999901e+00,2.770525302614732954e+00,6.858210206072655524e+00
4.764000000000000234e+00,2.770523987064906102e+00,6.858209866643688812e+00
4.764999999999999680e+00,2.770522674180414757e+00,6.858209527902413782e+00
4.766000000000000014e+00,2.770521363955856131e+00,6.858209189847437770e+00
4.767000000000000348e+00,2.770520056385839869e+00,6.858208852477375217e+00
4.767999999999999794e+00,2.770518751464996932e+00,6.858208515790830795e+00
4.769000000000000128e+00,2.770517449187948955e+00,6.858208179786425163e+00
4.770000000000000462e+00,2.770516149549345108e+00,6.858207844462775427e+00
4.770999999999999908e+00,2.770514852543837669e+00,6.858207509818501357e+00
4.772000000000000242e+00,2.770513558166093127e+00,6.858207175852226278e+00
4.772999999999999687e+00,2.770512266410788627e+00,6.858206842562577954e+00
4.774000000000000021e+00,2.770510977272610198e+00,6.858206509948184149e+00
4.775000000000000355e+00,2.770509690746254083e+00,6.858206178007678844e+00
4.775999999999999801e+00,2.770508406826432068e+00,6.858205846739689804e+00
4.777000000000000135e+00,2.770507125507859936e+00,6.858205516142865221e+00
4.778000000000000469e+00,2.770505846785267234e+00,6.858205186215838189e+00
4.778999999999999915e+00,2.770504570653398169e+00,6.858204856957254236e+00
4.780000000000000249e+00,2.770503297107000940e+00,6.858204528365755337e+00
4.780999999999999694e+00,2.770502026140836183e+00,6.858204200439995901e+00
4.782000000000000028e+00,2.770500757749680520e+00,6.858203873178621457e+00
4.783000000000000362e+00,2.770499491928314129e+00,6.858203546580290855e+00
4.783999999999999808e+00,2.770498228671529173e+00,6.858203220643657616e+00
4.785000000000000142e+00,2.770496967974135583e+00,6.858202895367379703e+00
4.786000000000000476e+00,2.770495709830940179e+00,6.858202570750124849e+00
4.786999999999999922e+00,2.770494454236774207e+00,6.858202246790551015e+00
4.788000000000000256e+00,2.770493201186470689e+00,6.858201923487333929e+00
4.788999999999999702e+00,2.770491950674875525e+00,6.858201600839136880e+00
4.790000000000000036e+00,2.770490702696847496e+00,6.858201278844633819e+00
4.791000000000000369e+00,2.770489457247249820e+00,6.858200957502502249e+00
4.791999999999999815e+00,2.770488214320963483e+00,6.858200636811418782e+00
4.793000000000000149e+00,2.770486973912873019e+00,6.858200316770065363e+00
4.794000000000000483e+00,2.770485736017880729e+00,6.858199997377125712e+00
4.794999999999999929e+00,2.770484500630889357e+00,6.858199678631286211e+00
4.796000000000000263e+00,2.770483267746823408e+00,6.858199360531233246e+00
4.796999999999999709e+00,2.770482037360608274e+00,6.858199043075662971e+00
4.798000000000000043e+00,2.770480809467183114e+00,6.858198726263266209e+00
4.799000000000000377e+00,2.770479584061500411e+00,6.858198410092743558e+00
4.799999999999999822e+00,2.770478361138519308e+00,6.858198094562791169e+00
4.801000000000000156e+00,2.770477140693204721e+00,6.858197779672109640e+00
4.802000000000000490e+00,2.770475922720543771e+00,6.858197465419408445e+00
4.802999999999999936e+00,2.770474707215524468e+00,6.858197151803391733e+00
4.804000000000000270e+00,2.770473494173144591e+00,6.858196838822770758e+00
4.804999999999999716e+00,2.770472283588416129e+00,6.858196526476258548e+00
4.806000000000000050e+00,2.770471075456364396e+00,6.858196214762569909e+00
4.807000000000000384e+00,2.770469869772014704e+00,6.858195903680421424e+00
4.807999999999999829e+00,2.770468666530409685e+00,6.858195593228535891e+00
4.809000000000000163e+00,2.770467465726599965e+00,6.858195283405635223e+00
4.810000000000000497e+00,2.770466267355647272e+00,6.858194974210443995e+00
4.810999999999999943e+00,2.770465071412623992e+00,6.858194665641692112e+00
4.812000000000000277e+00,2.770463877892605620e+00,6.858194357698111254e+00
4.812999999999999723e+00,2.770462686790688522e+00,6.858194050378431328e+00
4.814000000000000057e+00,2.770461498101974840e+00,6.858193743681392007e+00
4.815000000000000391e+00,2.770460311821567601e+00,6.858193437605729414e+00
4.815999999999999837e+00,2.770459127944596922e+00,6.858193132150185889e+00
4.817000000000000171e+00,2.770457946466184485e+00,6.858192827313503770e+00
4.818000000000000504e+00,2.770456767381480390e+00,6.858192523094430726e+00
4.818999999999999950e+00,2.770455590685625857e+00,6.858192219491712649e+00
4.820000000000000284e+00,2.770454416373784756e+00,6.858191916504106977e+00
4.820999999999999730e+00,2.770453244441129392e+00,6.858191614130360492e+00
4.822000000000000064e+00,2.770452074882837401e+00,6.858191312369233295e+00
4.823000000000000398e+00,2.770450907694093523e+00,6.858191011219481048e+00
4.823999999999999844e+00,2.770449742870106924e+00,6.858190710679869184e+00
4.825000000000000178e+00,2.770448580406082772e+00,6.858190410749162247e+00
4.826000000000000512e+00,2.770447420297232455e+00,6.858190111426120339e+00
4.826999999999999957e+00,2.770446262538793114e+00,6.858189812709516886e+00
4.828000000000000291e+00,2.770445107125997897e+00,6.858189514598121761e+00
4.828999999999999737e+00,2.770443954054099489e+00,6.858189217090711942e+00
4.830000000000000071e+00,2.770442803318351466e+00,6.858188920186057302e+00
4.831000000000000405e+00,2.770441654914020724e+00,6.858188623882943702e+00
4.831999999999999851e+00,2.770440508836383486e+00,6.858188328180148119e+00
4.833000000000000185e+00,2.770439365080727967e+00,6.858188033076454637e+00
4.834000000000000519e+00,2.770438223642347264e+00,6.858187738570651781e+00
4.834999999999999964e+00,2.770437084516548687e+00,6.858187444661525412e+00
4.836000000000000298e+00,2.770435947698649315e+00,6.858187151347865829e+00
4.836999999999999744e+00,2.770434813183964007e+00,6.858186858628470439e+00
4.838000000000000078e+00,2.770433680967839596e+00,6.858186566502137538e+00
4.839000000000000412e+00,2.770432551045606484e+00,6.858186274967654761e+00
4.839999999999999858e+00,2.770431423412625271e+00,6.858185984023832837e+00
4.841000000000000192e+00,2.770430298064254782e+00,6.858185693669471839e+00
4.842000000000000526e+00,2.770429174995864940e+00,6.858185403903376276e+00
4.842999999999999972e+00,2.770428054202841661e+00,6.858185114724356879e+00
4.844000000000000306e+00,2.770426935680571301e+00,6.858184826131222600e+00
4.844999999999999751e+00,2.770425819424453540e+00,6.858184538122785945e+00
4.846000000000000085e+00,2.770424705429896051e+00,6.858184250697861195e+00
4.847000000000000419e+00,2.770423593692319830e+00,6.858183963855271514e+00
4.847999999999999865e+00,2.770422484207148983e+00,6.858183677593832961e+00
4.849000000000000199e+00,2.770421376969822713e+00,6.858183391912370475e+00
4.850000000000000533e+00,2.770420271975787330e+00,6.858183106809703666e+00
4.850999999999999979e+00,2.770419169220495359e+00,6.858182822284663693e+00
4.852000000000000313e+00,2.770418068699410874e+00,6.858182538336081713e+00
4.852999999999999758e+00,2.770416970408009050e+00,6.858182254962788882e+00
4.854000000000000092e+00,2.770415874341773943e+00,6.858181972163617246e+00
4.855000000000000426e+00,2.770414780496193607e+00,6.858181689937406844e+00
4.855999999999999872e+00,2.770413688866769863e+00,6.858181408282993274e+00
4.857000000000000206e+00,2.770412599449015634e+00,6.858181127199219240e+00
4.858000000000000540e+00,2.770411512238446949e+00,6.858180846684931886e+00
4.858999999999999986e+00,2.770410427230593164e+00,6.858180566738973027e+00
4.860000000000000320e+00,2.770409344420990738e+00,6.858180287360196026e+00
4.860999999999999766e+00,2.770408263805189897e+00,6.858180008547445361e+00
4.862000000000000099e+00,2.770407185378738202e+00,6.858179730299579724e+00
4.863000000000000433e+00,2.770406109137208084e+00,6.858179452615450700e+00
4.863999999999999879e+00,2.770405035076169309e+00,6.858179175493922308e+00
4.865000000000000213e+00,2.770403963191202301e+00,6.858178898933845247e+00
4.865999999999999659e+00,2.770402893477899919e+00,6.858178622934089752e+00
4.866999999999999993e+00,2.770401825931865236e+00,6.858178347493518068e+00
4.868000000000000327e+00,2.770400760548702213e+00,6.858178072610999543e+00
4.868999999999999773e+00,2.770399697324032573e+00,6.858177798285396420e+00
4.870000000000000107e+00,2.770398636253481595e+00,6.858177524515587820e+00
4.871000000000000441e+00,2.770397577332686989e+00,6.858177251300446642e+00
4.871999999999999886e+00,2.770396520557288245e+00,6.858176978638844901e+00
4.873000000000000220e+00,2.770395465922944389e+00,6.858176706529666156e+00
4.873999999999999666e+00,2.770394413425312674e+00,6.858176434971787749e+00
4.875000000000000000e+00,2.770393363060071223e+00,6.858176163964092353e+00
4.876000000000000334e+00,2.770392314822891056e+00,6.858175893505467080e+00
4.876999999999999780e+00,2.770391268709468502e+00,6.858175623594799042e+00
4.878000000000000114e+00,2.770390224715495453e+00,6.858175354230980680e+00
4.879000000000000448e+00,2.770389182836678010e+00,6.858175085412898220e+00
4.879999999999999893e+00,2.770388143068736042e+00,6.858174817139450319e+00
4.881000000000000227e+00,2.770387105407385864e+00,6.858174549409532972e+00
4.881999999999999673e+00,2.770386069848364663e+00,6.858174282222045726e+00
4.883000000000000007e+00,2.770385036387410960e+00,6.858174015575886351e+00
4.884000000000000341e+00,2.770384005020276597e+00,6.858173749469959724e+00
4.884999999999999787e+00,2.770382975742713416e+00,6.858173483903174272e+00
4.886000000000000121e+00,2.770381948550493245e+00,6.858173218874433985e+00
4.887000000000000455e+00,2.770380923439387910e+00,6.858172954382648179e+00
4.887999999999999901e+00,2.770379900405185669e+00,6.858172690426730611e+00
4.889000000000000234e+00,2.770378879443673892e+00,6.858172427005599481e+00
4.889999999999999680e+00,2.770377860550656823e+00,6.858172164118162328e+00
4.891000000000000014e+00,2.770376843721940041e+00,6.858171901763346234e+00
4.892000000000000348e+00,2.770375828953345554e+00,6.858171639940070285e+00
4.892999999999999794e+00,2.770374816240695814e+00,6.858171378647251792e+00
4.894000000000000128e+00,2.770373805579826598e+00,6.858171117883824941e+00
4.895000000000000462e+00,2.770372796966580786e+00,6.858170857648710594e+00
4.895999999999999908e+00,2.770371790396811917e+00,6.858170597940839386e+00
4.897000000000000242e+00,2.770370785866376639e+00,6.858170338759143725e+00
4.897999999999999687e+00,2.770369783371144479e+00,6.858170080102560462e+00
4.899000000000000021e+00,2.770368782906993399e+00,6.858169821970022006e+00
4.900000000000000355e+00,2.770367784469806249e+00,6.858169564360467874e+00
4.900999999999999801e+00,2.770366788055477425e+00,6.858169307272837578e+00
4.902000000000000135e+00,2.770365793659909759e+00,6.858169050706075076e+00
4.903000000000000469e+00,2.770364801279010969e+00,6.858168794659124323e+00
4.903999999999999915e+00,2.770363810908698987e+00,6.858168539130932828e+00
4.905000000000000249e+00,2.770362822544903292e+00,6.858168284120448988e+00
4.905999999999999694e+00,2.770361836183557802e+00,6.858168029626622975e+00
4.907000000000000028e+00,2.770360851820603987e+00,6.858167775648411180e+00
4.908000000000000362e+00,2.770359869451993085e+00,6.858167522184764664e+00
4.908999999999999808e+00,2.770358889073686548e+00,6.858167269234643371e+00
4.910000000000000142e+00,2.770357910681649383e+00,6.858167016797008131e+00
4.911000000000000476e+00,2.770356934271860361e+00,6.858166764870818000e+00
4.911999999999999922e+00,2.770355959840300475e+00,6.858166513455037361e+00
4.913000000000000256e+00,2.770354987382963596e+00,6.858166262548634151e+00
4.913999999999999702e+00,2.770354016895850258e+00,6.858166012150573643e+00
4.915000000000000036e+00,2.770353048374964100e+00,6.858165762259827325e+00
4.916000000000000369e+00,2.770352081816329193e+00,6.858165512875368464e+00
4.916999999999999815e+00,2.770351117215964276e+00,6.858165263996167660e+00
4.918000000000000149e+00,2.770350154569903189e+00,6.858165015621205285e+00
4.919000000000000483e+00,2.770349193874188654e+00,6.858164767749457269e+00
4.919999999999999929e+00,2.770348235124866054e+00,6.858164520379903983e+00
4.921000000000000263e+00,2.770347278317994100e+00,6.858164273511532905e+00
4.921999999999999709e+00,2.770346323449636383e+00,6.858164027143319963e+00
4.923000000000000043e+00,2.770345370515864047e+00,6.858163781274257964e+00
4.924000000000000377e+00,2.770344419512761558e+00,6.858163535903333496e+00
4.924999999999999822e+00,2.770343470436413380e+00,6.858163291029538478e+00
4.926000000000000156e+00,2.770342523282919078e+00,6.858163046651866601e+00
4.927000000000000490e+00,2.770341578048379994e+00,6.858162802769307120e+00
4.927999999999999936e+00,2.770340634728911677e+00,6.858162559380864387e+00
4.929000000000000270e+00,2.770339693320631014e+00,6.858162316485532983e+00
4.929999999999999716e+00,2.770338753819665989e+00,6.858162074082315485e+00
4.931000000000000050e+00,2.770337816222152583e+00,6.858161832170210914e+00
4.932000000000000384e+00,2.770336880524238321e+00,6.858161590748230729e+00
4.932999999999999829e+00,2.770335946722069398e+00,6.858161349815379282e+00
4.934000000000000163e+00,2.770335014811806662e+00,6.858161109370660924e+00
4.935000000000000497e+00,2.770334084789618068e+00,6.858160869413096883e+00
4.935999999999999943e+00,2.770333156651677342e+00,6.858160629941688846e+00
4.937000000000000277e+00,2.770332230394166650e+00,6.858160390955457153e+00
4.937999999999999723e+00,2.770331306013277040e+00,6.858160152453422143e+00
4.939000000000000057e+00,2.770330383505209770e+00,6.858159914434597937e+00
4.940000000000000391e+00,2.770329462866163439e+00,6.858159676898006651e+00
4.940999999999999837e+00,2.770328544092355294e+00,6.858159439842669514e+00
4.942000000000000171e+00,2.770327627180003471e+00,6.858159203267615744e+00
4.943000000000000504e+00,2.770326712125342539e+00,6.858158967171870124e+00
4.943999999999999950e+00,2.770325798924602179e+00,6.858158731554461873e+00
4.945000000000000284e+00,2.770324887574033390e+00,6.858158496414417549e+00
4.945999999999999730e+00,2.770323978069883619e+00,6.858158261750778806e+00
4.947000000000000064e+00,2.770323070408409194e+00,6.858158027562574865e+00
4.948000000000000398e+00,2.770322164585880209e+00,6.858157793848842054e+00
4.948999999999999844e+00,2.770321260598570756e+00,6.858157560608621139e+00
4.950000000000000178e+00,2.770320358442762032e+00,6.858157327840949335e+00
4.951000000000000512e+00,2.770319458114744116e+00,6.858157095544873627e+00
4.951999999999999957e+00,2.770318559610814635e+00,6.858156863719438334e+00
4.953000000000000291e+00,2.770317662927273883e+00,6.858156632363686889e+00
4.953999999999999737e+00,2.770316768060438140e+00,6.858156401476668051e+00
4.955000000000000071e+00,2.770315875006625905e+00,6.858156171057433248e+00
4.956000000000000405e+00,2.770314983762161010e+00,6.858155941105037456e+00
4.956999999999999851e+00,2.770314094323381049e+00,6.858155711618530326e+00
4.958000000000000185e+00,2.770313206686627172e+00,6.858155482596968611e+00
4.959000000000000519e+00,2.770312320848247634e+00,6.858155254039411730e+00
4.959999999999999964e+00,2.770311436804599570e+00,6.858155025944919103e+00
4.961000000000000298e+00,2.770310554552043669e+00,6.858154798312552813e+00
4.961999999999999744e+00,2.770309674086955720e+00,6.858154571141378497e+00
4.963000000000000078e+00,2.770308795405710622e+00,6.858154344430458238e+00
4.964000000000000412e+00,2.770307918504697930e+00,6.858154118178860337e+00
4.964999999999999858e+00,2.770307043380308532e+00,6.858153892385655759e+00
4.966000000000000192e+00,2.770306170028943527e+00,6.858153667049914581e+00
4.967000000000000526e+00,2.770305298447007569e+00,6.858153442170709546e+00
4.967999999999999972e+00,2.770304428630920857e+00,6.858153217747118724e+00
4.969000000000000306e+00,2.770303560577102253e+00,6.858152993778215745e+00
4.969999999999999751e+00,2.770302694281984834e+00,6.858152770263079567e+00
4.971000000000000085e+00,2.770301829742002564e+00,6.858152547200791815e+00
4.972000000000000419e+00,2.770300966953599620e+00,6.858152324590436777e+00
4.972999999999999865e+00,2.770300105913227728e+00,6.858152102431094299e+00
4.974000000000000199e+00,2.770299246617344835e+00,6.858151880721855775e+00
4.975000000000000533e+00,2.770298389062419542e+00,6.858151659461805494e+00
4.975999999999999979e+00,2.770297533244920007e+00,6.858151438650034848e+00
4.977000000000000313e+00,2.770296679161329045e+00,6.858151218285634343e+00
4.977999999999999758e+00,2.770295826808133022e+00,6.858150998367698925e+00
4.979000000000000092e+00,2.770294976181827629e+00,6.858150778895323540e+00
4.980000000000000426e+00,2.770294127278912111e+00,6.858150559867606688e+00
4.980999999999999872e+00,2.770293280095893707e+00,6.858150341283647755e+00
4.982000000000000206e+00,2.770292434629293421e+00,6.858150123142544352e+00
4.983000000000000540e+00,2.770291590875625598e+00,6.858149905443402972e+00
4.983999999999999986e+00,2.770290748831424565e+00,6.858149688185323001e+00
4.985000000000000320e+00,2.770289908493228204e+00,6.858149471367416261e+00
4.985999999999999766e+00,2.770289069857577946e+00,6.858149254988791022e+00
4.987000000000000099e+00,2.770288232921026772e+00,6.858149039048551998e+00
4.988000000000000433e+00,2.770287397680128993e+00,6.858148823545816342e+00
4.988999999999999879e+00,2.770286564131449136e+00,6.858148608479695874e+00
4.990000000000000213e+00,2.770285732271559276e+00,6.858148393849305080e+00
4.991000000000000547e+00,2.770284902097043034e+00,6.858148179653761112e+00
4.991999999999999993e+00,2.770284073604477371e+00,6.858147965892187337e+00
4.993000000000000327e+00,2.770283246790458787e+00,6.858147752563696464e+00
4.993999999999999773e+00,2.770282421651591331e+00,6.858147539667418968e+00
4.995000000000000107e+00,2.770281598184471061e+00,6.858147327202473775e+00
4.996000000000000441e+00,2.770280776385719790e+00,6.858147115167987806e+00
4.996999999999999886e+00,2.770279956251952225e+00,6.858146903563092422e+00
4.998000000000000220e+00,2.770279137779798173e+00,6.858146692386913656e+00
4.998999999999999666e+00,2.770278320965887442e+00,6.858146481638581093e+00
5.000000000000000000e+00,2.770277505806863161e+00,6.858146271317234088e+00
5.001000000000000334e+00,2.770276692299371124e+00,6.858146061422004003e+00
5.001999999999999780e+00,2.770275880440067340e+00,6.858145851952028416e+00
5.003000000000000114e+00,2.770275070225610037e+00,6.858145642906444905e+00
5.004000000000000448e+00,2.770274261652669878e+00,6.858145434284394604e+00
5.004999999999999893e+00,2.770273454717917083e+00,6.858145226085016866e+00
5.006000000000000227e+00,2.770272649418035638e+00,6.858145018307457264e+00
5.006999999999999673e+00,2.770271845749713968e+00,6.858144810950861370e+00
5.008000000000000007e+00,2.770271043709643166e+00,6.858144604014377421e+00
5.009000000000000341e+00,2.770270243294527202e+00,6.858144397497152767e+00
5.009999999999999787e+00,2.770269444501071376e+00,6.858144191398336531e+00
5.011000000000000121e+00,2.770268647325993427e+00,6.858143985717083169e+00
5.012000000000000455e+00,2.770267851766011091e+00,6.858143780452547134e+00
5.012999999999999901e+00,2.770267057817852319e+00,6.858143575603883768e+00
5.014000000000000234e+00,2.770266265478256162e+00,6.858143371170248415e+00
5.014999999999999680e+00,2.770265474743959899e+00,6.858143167150800856e+00
5.016000000000000014e+00,2.770264685611710131e+00,6.858142963544705317e+00
5.017000000000000348e+00,2.770263898078262788e+00,6.858142760351117140e+00
5.017999999999999794e+00,2.770263112140377793e+00,6.858142557569210318e+00
5.019000000000000128e+00,2.770262327794824841e+00,6.858142355198142859e+00
5.020000000000000462e+00,2.770261545038375850e+00,6.858142153237086092e+00
5.020999999999999908e+00,2.770260763867810283e+00,6.858141951685207793e+00
5.022000000000000242e+00,2.770259984279918264e+00,6.858141750541682846e+00
5.022999999999999687e+00,2.770259206271490360e+00,6.858141549805675474e+00
5.024000000000000021e+00,2.770258429839327796e+00,6.858141349476368553e+00
5.025000000000000355e+00,2.770257654980234907e+00,6.858141149552932525e+00
5.025999999999999801e+00,2.770256881691030681e+00,6.858140950034548489e+00
5.027000000000000135e+00,2.770256109968527003e+00,6.858140750920395767e+00
5.028000000000000469e+00,2.770255339809553075e+00,6.858140552209653684e+00
5.028999999999999915e+00,2.770254571210942096e+00,6.858140353901503339e+00
5.030000000000000249e+00,2.770253804169532597e+00,6.858140155995131160e+00
5.030999999999999694e+00,2.770253038682166213e+00,6.858139958489727128e+00
5.032000000000000028e+00,2.770252274745698351e+00,6.858139761384470567e+00
5.033000000000000362e+00,2.770251512356986634e+00,6.858139564678558564e+00
5.033999999999999808e+00,2.770250751512893128e+00,6.858139368371177547e+00
5.035000000000000142e+00,2.770249992210289225e+00,6.858139172461521049e+00
5.036000000000000476e+00,2.770249234446052977e+00,6.858138976948779053e+00
5.036999999999999922e+00,2.770248478217064658e+00,6.858138781832157527e+00
5.038000000000000256e+00,2.770247723520218752e+00,6.858138587110845563e+00
5.038999999999999702e+00,2.770246970352405746e+00,6.858138392784043802e+00
5.040000000000000036e+00,2.770246218710531672e+00,6.858138198850954659e+00
5.041000000000000369e+00,2.770245468591503446e+00,6.858138005310781438e+00
5.041999999999999815e+00,2.770244719992235094e+00,6.858137812162725666e+00
5.043000000000000149e+00,2.770243972909647745e+00,6.858137619405990648e+00
5.044000000000000483e+00,2.770243227340669190e+00,6.858137427039788570e+00
5.044999999999999929e+00,2.770242483282234769e+00,6.858137235063325399e+00
5.046000000000000263e+00,2.770241740731279823e+00,6.858137043475813321e+00
5.046999999999999709e+00,2.770240999684754790e+00,6.858136852276461859e+00
5.048000000000000043e+00,2.770240260139605226e+00,6.858136661464488526e+00
5.049000000000000377e+00,2.770239522092795781e+00,6.858136471039104620e+00
5.049999999999999822e+00,2.770238785541287996e+00,6.858136280999528545e+00
5.051000000000000156e+00,2.770238050482052294e+00,6.858136091344976037e+00
5.052000000000000490e+00,2.770237316912067982e+00,6.858135902074670831e+00
5.052999999999999936e+00,2.770236584828313031e+00,6.858135713187833105e+00
5.054000000000000270e+00,2.770235854227780958e+00,6.858135524683685702e+00
5.054999999999999716e+00,2.770235125107462615e+00,6.858135336561452355e+00
5.056000000000000050e+00,2.770234397464359510e+00,6.858135148820360349e+00
5.057000000000000384e+00,2.770233671295482925e+00,6.858134961459636081e+00
5.057999999999999829e+00,2.770232946597843249e+00,6.858134774478514828e+00
5.059000000000000163e+00,2.770232223368458424e+00,6.858134587876218546e+00
5.060000000000000497e+00,2.770231501604355717e+00,6.858134401651985179e+00
5.060999999999999943e+00,2.770230781302567280e+00,6.858134215805046452e+00
5.062000000000000277e+00,2.770230062460127485e+00,6.858134030334641196e+00
5.062999999999999723e+00,2.770229345074080474e+00,6.858133845240003801e+00
5.064000000000000057e+00,2.770228629141478827e+00,6.858133660520373098e+00
5.065000000000000391e+00,2.770227914659374235e+00,6.858133476174990584e+00
5.065999999999999837e+00,2.770227201624829050e+00,6.858133292203095976e+00
5.067000000000000171e+00,2.770226490034909173e+00,6.858133108603933437e+00
5.068000000000000504e+00,2.770225779886689388e+00,6.858132925376750677e+00
5.068999999999999950e+00,2.770225071177251142e+00,6.858132742520790082e+00
5.070000000000000284e+00,2.770224363903673659e+00,6.858132560035302028e+00
5.070999999999999730e+00,2.770223658063050820e+00,6.858132377919532452e+00
5.072000000000000064e+00,2.770222953652480946e+00,6.858132196172737061e+00
5.073000000000000398e+00,2.770222250669065467e+00,6.858132014794166231e+00
5.073999999999999844e+00,2.770221549109913362e+00,6.858131833783073894e+00
5.075000000000000178e+00,2.770220848972134942e+00,6.858131653138713091e+00
5.076000000000000512e+00,2.770220150252857394e+00,6.858131472860344857e+00
5.076999999999999957e+00,2.770219452949201688e+00,6.858131292947224900e+00
5.078000000000000291e+00,2.770218757058299897e+00,6.858131113398616030e+00
5.078999999999999737e+00,2.770218062577295193e+00,6.858130934213775731e+00
5.080000000000000071e+00,2.770217369503324978e+00,6.858130755391970368e+00
5.081000000000000405e+00,2.770216677833541752e+00,6.858130576932462752e+00
5.081999999999999851e+00,2.770215987565098903e+00,6.858130398834520136e+00
5.083000000000000185e+00,2.770215298695156481e+00,6.858130221097408885e+00
5.084000000000000519e+00,2.770214611220886525e+00,6.858130043720398916e+00
5.084999999999999964e+00,2.770213925139454414e+00,6.858129866702756594e+00
5.086000000000000298e+00,2.770213240448040626e+00,6.858129690043761606e+00
5.086999999999999744e+00,2.770212557143833187e+00,6.858129513742680317e+00
5.088000000000000078e+00,2.770211875224013909e+00,6.858129337798790637e+00
5.089000000000000412e+00,2.770211194685783695e+00,6.858129162211367813e+00
5.089999999999999858e+00,2.770210515526343453e+00,6.858128986979693309e+00
5.091000000000000192e+00,2.770209837742894976e+00,6.858128812103039706e+00
5.092000000000000526e+00,2.770209161332654713e+00,6.858128637580694686e+00
5.092999999999999972e+00,2.770208486292839556e+00,6.858128463411932607e+00
5.094000000000000306e+00,2.770207812620674837e+00,6.858128289596044702e+00
5.094999999999999751e+00,2.770207140313385441e+00,6.858128116132313323e+00
5.096000000000000085e+00,2.770206469368208246e+00,6.858127943020023487e+00
5.097000000000000419e+00,2.770205799782384126e+00,6.858127770258464651e+00
5.097999999999999865e+00,2.770205131553156619e+00,6.858127597846924495e+00
5.099000000000000199e+00,2.770204464677782585e+00,6.858127425784696030e+00
5.100000000000000533e+00,2.770203799153513557e+00,6.858127254071074042e+00
5.100999999999999979e+00,2.770203134977615278e+00,6.858127082705343547e+00
5.102000000000000313e+00,2.770202472147353490e+00,6.858126911686806437e+00
5.102999999999999758e+00,2.770201810660004149e+00,6.858126741014760164e+00
5.104000000000000092e+00,2.770201150512844546e+00,6.858126570688500401e+00
5.105000000000000426e+00,2.770200491703160850e+00,6.858126400707322823e+00
5.105999999999999872e+00,2.770199834228242342e+00,6.858126231070535539e+00
5.107000000000000206e+00,2.770199178085386738e+00,6.858126061777436888e+00
5.108000000000000540e+00,2.770198523271893531e+00,6.858125892827330539e+00
5.108999999999999986e+00,2.770197869785071099e+00,6.858125724219522823e+00
5.110000000000000320e+00,2.770197217622226038e+00,6.858125555953318297e+00
5.110999999999999766e+00,2.770196566780684932e+00,6.858125388028025959e+00
5.112000000000000099e+00,2.770195917257761931e+00,6.858125220442956582e+00
5.113000000000000433e+00,2.770195269050791165e+00,6.858125053197418275e+00
5.113999999999999879e+00,2.770194622157107212e+00,6.858124886290724476e+00
5.115000000000000213e+00,2.770193976574044648e+00,6.858124719722190399e+00
5.116000000000000547e+00,2.770193332298950484e+00,6.858124553491125930e+00
5.116999999999999993e+00,2.770192689329173952e+00,6.858124387596852500e+00
5.118000000000000327e+00,2.770192047662071833e+00,6.858124222038685325e+00
5.118999999999999773e+00,2.770191407295003128e+00,6.858124056815944947e+00
5.120000000000000107e+00,2.770190768225337052e+00,6.858123891927949245e+00
5.121000000000000441e+00,2.770190130450442378e+00,6.858123727374018763e+00
5.121999999999999886e+00,2.770189493967694983e+00,6.858123563153485591e+00
5.123000000000000220e+00,2.770188858774480067e+00,6.858123399265664943e+00
5.123999999999999666e+00,2.770188224868183280e+00,6.858123235709884469e+00
5.125000000000000000e+00,2.770187592246196928e+00,6.858123072485473593e+00
5.126000000000000334e+00,2.770186960905919982e+00,6.858122909591759075e+00
5.126999999999999780e+00,2.770186330844754519e+00,6.858122747028074784e+00
5.128000000000000114e+00,2.770185702060110167e+00,6.858122584793746590e+00
5.129000000000000448e+00,2.770185074549400550e+00,6.858122422888112801e+00
5.129999999999999893e+00,2.770184448310041958e+00,6.858122261310503731e+00
5.131000000000000227e+00,2.770183823339463558e+00,6.858122100060254134e+00
5.131999999999999673e+00,2.770183199635089633e+00,6.858121939136703205e+00
5.133000000000000007e+00,2.770182577194360452e+00,6.858121778539190139e+00
5.134000000000000341e+00,2.770181956014710511e+00,6.858121618267048802e+00
5.134999999999999787e+00,2.770181336093588076e+00,6.858121458319624608e+00
5.136000000000000121e+00,2.770180717428440964e+00,6.858121298696259416e+00
5.137000000000000455e+00,2.770180100016726765e+00,6.858121139396295085e+00
5.137999999999999901e+00,2.770179483855905289e+00,6.858120980419076140e+00
5.139000000000000234e+00,2.770178868943440342e+00,6.858120821763953323e+00
5.139999999999999680e+00,2.770178255276806834e+00,6.858120663430267605e+00
5.141000000000000014e+00,2.770177642853476563e+00,6.858120505417368840e+00
5.142000000000000348e+00,2.770177031670933765e+00,6.858120347724613097e+00
5.142999999999999794e+00,2.770176421726661342e+00,6.858120190351346679e+00
5.144000000000000128e+00,2.770175813018151523e+00,6.858120033296920326e+00
5.145000000000000462e+00,2.770175205542903640e+00,6.858119876560692774e+00
5.145999999999999908e+00,2.770174599298416585e+00,6.858119720142018316e+00
5.147000000000000242e+00,2.770173994282194574e+00,6.858119564040248584e+00
5.147999999999999687e+00,2.770173390491753818e+00,6.858119408254748528e+00
5.149000000000000021e+00,2.770172787924608304e+00,6.858119252784875108e+00
5.150000000000000355e+00,2.770172186578280016e+00,6.858119097629987948e+00
5.150999999999999801e+00,2.770171586450293155e+00,6.858118942789449335e+00
5.152000000000000135e+00,2.770170987538183027e+00,6.858118788262621557e+00
5.153000000000000469e+00,2.770170389839484049e+00,6.858118634048869566e+00
5.153999999999999915e+00,2.770169793351740406e+00,6.858118480147557428e+00
5.155000000000000249e+00,2.770169198072495398e+00,6.858118326558058087e+00
5.155999999999999694e+00,2.770168603999302093e+00,6.858118173279732055e+00
5.157000000000000028e+00,2.770168011129716223e+00,6.858118020311954943e+00
5.158000000000000362e+00,2.770167419461301961e+00,6.858117867654091704e+00
5.158999999999999808e+00,2.770166828991623031e+00,6.858117715305520612e+00
5.160000000000000142e+00,2.770166239718250267e+00,6.858117563265609284e+00
5.161000000000000476e+00,2.770165651638762050e+00,6.858117411533738661e+00
5.161999999999999922e+00,2.770165064750737649e+00,6.858117260109279023e+00
5.163000000000000256e+00,2.770164479051765660e+00,6.858117108991612199e+00
5.163999999999999702e+00,2.770163894539432903e+00,6.858116958180112910e+00
5.165000000000000036e+00,2.770163311211339519e+00,6.858116807674161208e+00
5.166000000000000369e+00,2.770162729065083429e+00,6.858116657473138922e+00
5.166999999999999815e+00,2.770162148098272770e+00,6.858116507576428766e+00
5.168000000000000149e+00,2.770161568308515676e+00,6.858116357983412570e+00
5.169000000000000483e+00,2.770160989693427833e+00,6.858116208693477489e+00
5.169999999999999929e+00,2.770160412250629367e+00,6.858116059706009793e+00
5.171000000000000263e+00,2.770159835977745733e+00,6.858115911020391309e+00
5.171999999999999709e+00,2.770159260872405937e+00,6.858115762636018964e+00
5.173000000000000043e+00,2.770158686932246539e+00,6.858115614552274586e+00
5.174000000000000377e+00,2.770158114154904094e+00,6.858115466768553325e+00
5.174999999999999822e+00,2.770157542538022266e+00,6.858115319284244116e+00
5.176000000000000156e+00,2.770156972079253155e+00,6.858115172098744772e+00
5.177000000000000490e+00,2.770156402776249305e+00,6.858115025211446003e+00
5.177999999999999936e+00,2.770155834626667257e+00,6.858114878621743848e+00
5.179000000000000270e+00,2.770155267628171991e+00,6.858114732329039676e+00
5.179999999999999716e+00,2.770154701778431594e+00,6.858114586332729523e+00
5.181000000000000050e+00,2.770154137075116818e+00,6.858114440632209430e+00
5.182000000000000384e+00,2.770153573515906853e+00,6.858114295226884316e+00
5.182999999999999829e+00,2.770153011098483997e+00,6.858114150116153773e+00
5.184000000000000163e+00,2.770152449820530549e+00,6.858114005299421834e+00
5.185000000000000497e+00,2.770151889679744350e+00,6.858113860776096082e+00
5.185999999999999943e+00,2.770151330673816581e+00,6.858113716545574334e+00
5.187000000000000277e+00,2.770150772800451300e+00,6.858113572607268615e+00
5.187999999999999723e+00,2.770150216057351233e+00,6.858113428960586511e+00
5.189000000000000057e+00,2.770149660442227990e+00,6.858113285604939158e+00
5.190000000000000391e+00,2.770149105952795399e+00,6.858113142539731477e+00
5.190999999999999837e+00,2.770148552586774837e+00,6.858112999764379936e+00
5.192000000000000171e+00,2.770148000341888128e+00,6.858112857278294783e+00
5.193000000000000504e+00,2.770147449215861979e+00,6.858112715080890709e+00
5.193999999999999950e+00,2.770146899206434643e+00,6.858112573171583293e+00
5.195000000000000284e+00,2.770146350311338601e+00,6.858112431549786336e+00
5.195999999999999730e+00,2.770145802528320989e+00,6.858112290214919859e+00
5.197000000000000064e+00,2.770145255855125832e+00,6.858112149166404770e+00
5.198000000000000398e+00,2.770144710289507373e+00,6.858112008403655757e+00
5.198999999999999844e+00,2.770144165829215410e+00,6.858111867926096394e+00
5.200000000000000178e+00,2.770143622472015732e+00,6.858111727733149365e+00
5.201000000000000512e+00,2.770143080215675457e+00,6.858111587824235578e+00
5.201999999999999957e+00,2.770142539057959485e+00,6.858111448198782156e+00
5.203000000000000291e+00,2.770141998996642485e+00,6.858111308856213562e+00
5.203999999999999737e+00,2.770141460029504454e+00,6.858111169795956918e+00
5.205000000000000071e+00,2.770140922154327612e+00,6.858111031017442905e+00
5.206000000000000405e+00,2.770140385368900837e+00,6.858110892520095980e+00
5.206999999999999851e+00,2.770139849671018784e+00,6.858110754303348600e+00
5.208000000000000185e+00,2.770139315058470331e+00,6.858110616366634993e+00
5.209000000000000519e+00,2.770138781529064342e+00,6.858110478709381397e+00
5.209999999999999964e+00,2.770138249080601689e+00,6.858110341331029147e+00
5.211000000000000298e+00,2.770137717710895675e+00,6.858110204231007145e+00
5.211999999999999744e+00,2.770137187417757385e+00,6.858110067408754951e+00
5.213000000000000078e+00,2.770136658199010338e+00,6.858109930863708570e+00
5.214000000000000412e+00,2.770136130052469170e+00,6.858109794595303121e+00
5.214999999999999858e+00,2.770135602975970723e+00,6.858109658602985270e+00
5.216000000000000192e+00,2.770135076967342957e+00,6.858109522886191023e+00
5.217000000000000526e+00,2.770134552024422270e+00,6.858109387444363492e+00
5.217999999999999972e+00,2.770134028145050831e+00,6.858109252276943124e+00
5.219000000000000306e+00,2.770133505327073919e+00,6.858109117383376585e+00
5.219999999999999751e+00,2.770132983568337703e+00,6.858108982763109651e+00
5.221000000000000085e+00,2.770132462866700340e+00,6.858108848415586323e+00
5.222000000000000419e+00,2.770131943220021320e+00,6.858108714340254153e+00
5.222999999999999865e+00,2.770131424626156580e+00,6.858108580536564247e+00
5.224000000000000199e+00,2.770130907082978045e+00,6.858108447003962382e+00
5.225000000000000533e+00,2.770130390588356750e+00,6.858108313741903217e+00
5.225999999999999979e+00,2.770129875140164621e+00,6.858108180749837857e+00
5.227000000000000313e+00,2.770129360736287349e+00,6.858108048027214743e+00
5.227999999999999758e+00,2.770128847374604852e+00,6.858107915573493862e+00
5.229000000000000092e+00,2.770128335053008151e+00,6.858107783388128986e+00
5.230000000000000426e+00,2.770127823769388264e+00,6.858107651470572996e+00
5.230999999999999872e+00,2.770127313521644208e+00,6.858107519820288545e+00
5.232000000000000206e+00,2.770126804307674107e+00,6.858107388436729401e+00
5.233000000000000540e+00,2.770126296125385412e+00,6.858107257319358219e+00
5.233999999999999986e+00,2.770125788972688241e+00,6.858107126467634984e+00
5.235000000000000320e+00,2.770125282847496262e+00,6.858106995881019685e+00
5.235999999999999766e+00,2.770124777747727141e+00,6.858106865558976750e+00
5.237000000000000099e+00,2.770124273671302984e+00,6.858106735500971496e+00
5.238000000000000433e+00,2.770123770616151671e+00,6.858106605706468351e+00
5.238999999999999879e+00,2.770123268580204190e+00,6.858106476174929966e+00
5.240000000000000213e+00,2.770122767561395527e+00,6.858106346905825212e+00
5.241000000000000547e+00,2.770122267557664220e+00,6.858106217898625623e+00
5.241999999999999993e+00,2.770121768566955467e+00,6.858106089152800067e+00
5.243000000000000327e+00,2.770121270587210915e+00,6.858105960667814749e+00
5.243999999999999773e+00,2.770120773616390419e+00,6.858105832443146532e+00
5.245000000000000107e+00,2.770120277652446728e+00,6.858105704478262510e+00
5.246000000000000441e+00,2.770119782693336585e+00,6.858105576772640433e+00
5.246999999999999886e+00,2.770119288737026952e+00,6.858105449325751835e+00
5.248000000000000220e+00,2.770118795781489673e+00,6.858105322137075355e+00
5.248999999999999666e+00,2.770118303824692152e+00,6.858105195206088744e+00
5.250000000000000000e+00,2.770117812864610674e+00,6.858105068532266202e+00
5.251000000000000334e+00,2.770117322899229517e+00,6.858104942115086367e+00
5.251999999999999780e+00,2.770116833926530742e+00,6.858104815954035871e+00
5.253000000000000114e+00,2.770116345944504399e+00,6.858104690048588026e+00
5.254000000000000448e+00,2.770115858951141874e+00,6.858104564398231240e+00
5.254999999999999893e+00,2.770115372944442544e+00,6.858104439002443264e+00
5.256000000000000227e+00,2.770114887922406677e+00,6.858104313860712509e+00
5.256999999999999673e+00,2.770114403883037202e+00,6.858104188972519388e+00
5.258000000000000007e+00,2.770113920824345044e+00,6.858104064337356753e+00
5.259000000000000341e+00,2.770113438744341572e+00,6.858103939954707684e+00
5.259999999999999787e+00,2.770112957641046147e+00,6.858103815824061478e+00
5.261000000000000121e+00,2.770112477512477689e+00,6.858103691944905655e+00
5.262000000000000455e+00,2.770111998356664440e+00,6.858103568316734844e+00
5.262999999999999901e+00,2.770111520171633757e+00,6.858103444939037452e+00
5.264000000000000234e+00,2.770111042955418323e+00,6.858103321811307218e+00
5.264999999999999680e+00,2.770110566706057043e+00,6.858103198933037881e+00
5.266000000000000014e+00,2.770110091421588372e+00,6.858103076303724066e+00
5.267000000000000348e+00,2.770109617100061872e+00,6.858102953922858624e+00
5.267999999999999794e+00,2.770109143739519553e+00,6.858102831789941511e+00
5.269000000000000128e+00,2.770108671338020301e+00,6.858102709904469130e+00
5.270000000000000462e+00,2.770108199893619894e+00,6.858102588265938770e+00
5.270999999999999908e+00,2.770107729404377217e+00,6.858102466873853942e+00
5.272000000000000242e+00,2.770107259868361371e+00,6.858102345727711935e+00
5.272999999999999687e+00,2.770106791283635239e+00,6.858102224827017146e+00
5.274000000000000021e+00,2.770106323648276359e+00,6.858102104171269531e+00
5.275000000000000355e+00,2.770105856960358715e+00,6.858101983759970821e+00
5.275999999999999801e+00,2.770105391217963842e+00,6.858101863592634295e+00
5.277000000000000135e+00,2.770104926419175495e+00,6.858101743668757244e+00
5.278000000000000469e+00,2.770104462562080982e+00,6.858101623987848505e+00
5.278999999999999915e+00,2.770103999644774273e+00,6.858101504549419580e+00
5.280000000000000249e+00,2.770103537665351112e+00,6.858101385352973978e+00
5.280999999999999694e+00,2.770103076621911242e+00,6.858101266398026752e+00
5.282000000000000028e+00,2.770102616512557070e+00,6.858101147684082299e+00
5.283000000000000362e+00,2.770102157335397219e+00,6.858101029210658339e+00
5.283999999999999808e+00,2.770101699088544311e+00,6.858100910977264597e+00
5.285000000000000142e+00,2.770101241770110079e+00,6.858100792983413463e+00
5.286000000000000476e+00,2.770100785378215580e+00,6.858100675228623544e+00
5.286999999999999922e+00,2.770100329910982317e+00,6.858100557712407230e+00
5.288000000000000256e+00,2.770099875366540232e+00,6.858100440434282241e+00
5.288999999999999702e+00,2.770099421743016155e+00,6.858100323393763631e+00
5.290000000000000036e+00,2.770098969038545800e+00,6.858100206590375336e+00
5.291000000000000369e+00,2.770098517251269765e+00,6.858100090023634188e+00
5.291999999999999815e+00,2.770098066379324209e+00,6.858099973693060569e+00
5.293000000000000149e+00,2.770097616420859055e+00,6.858099857598174864e+00
5.294000000000000483e+00,2.770097167374022451e+00,6.858099741738502786e+00
5.294999999999999929e+00,2.770096719236963434e+00,6.858099626113562941e+00
5.296000000000000263e+00,2.770096272007845695e+00,6.858099510722884595e+00
5.296999999999999709e+00,2.770095825684825375e+00,6.858099395565990797e+00
5.298000000000000043e+00,2.770095380266065277e+00,6.858099280642408146e+00
5.299000000000000377e+00,2.770094935749737974e+00,6.858099165951663245e+00
5.299999999999999822e+00,2.770094492134013375e+00,6.858099051493285359e+00
5.301000000000000156e+00,2.770094049417066717e+00,6.858098937266805528e+00
5.302000000000000490e+00,2.770093607597075014e+00,6.858098823271750355e+00
5.302999999999999936e+00,2.770093166672223273e+00,6.858098709507651769e+00
5.304000000000000270e+00,2.770092726640700054e+00,6.858098595974041700e+00
5.304999999999999716e+00,2.770092287500688144e+00,6.858098482670456519e+00
5.306000000000000050e+00,2.770091849250388538e+00,6.858098369596426380e+00
5.307000000000000384e+00,2.770091411887996458e+00,6.858098256751490318e+00
5.307999999999999829e+00,2.770090975411711121e+00,6.858098144135176710e+00
5.309000000000000163e+00,2.770090539819737518e+00,6.858098031747030809e+00
5.310000000000000497e+00,2.770090105110287748e+00,6.858097919586583657e+00
5.310999999999999943e+00,2.770089671281569910e+00,6.858097807653379618e+00
5.312000000000000277e+00,2.770089238331800985e+00,6.858097695946952399e+00
5.312999999999999723e+00,2.770088806259200620e+00,6.858097584466849916e+00
5.314000000000000057e+00,2.770088375061989794e+00,6.858097473212603212e+00
5.315000000000000391e+00,2.770087944738397034e+00,6.858097362183765533e+00
5.315999999999999837e+00,2.770087515286652646e+00,6.858097251379875914e+00
5.317000000000000171e+00,2.770087086704988710e+00,6.858097140800474278e+00
5.318000000000000504e+00,2.770086658991642192e+00,6.858097030445112097e+00
5.318999999999999950e+00,2.770086232144854943e+00,6.858096920313334621e+00
5.320000000000000284e+00,2.770085806162871034e+00,6.858096810404685328e+00
5.320999999999999730e+00,2.770085381043938089e+00,6.858096700718713024e+00
5.322000000000000064e+00,2.770084956786309061e+00,6.858096591254969177e+00
5.323000000000000398e+00,2.770084533388235570e+00,6.858096482013001705e+00
5.323999999999999844e+00,2.770084110847979009e+00,6.858096372992362966e+00
5.325000000000000178e+00,2.770083689163800766e+00,6.858096264192601765e+00
5.326000000000000512e+00,2.770083268333965787e+00,6.858096155613272238e+00
5.326999999999999957e+00,2.770082848356745675e+00,6.858096047253928518e+00
5.328000000000000291e+00,2.770082429230407595e+00,6.858095939114122075e+00
5.328999999999999737e+00,2.770082010953231144e+00,6.858095831193411485e+00
5.330000000000000071e+00,2.770081593523498142e+00,6.858095723491350881e+00
5.331000000000000405e+00,2.770081176939489076e+00,6.858095616007497952e+00
5.331999999999999851e+00,2.770080761199488428e+00,6.858095508741409496e+00
5.333000000000000185e+00,2.770080346301791341e+00,6.858095401692649418e+00
5.334000000000000519e+00,2.770079932244684962e+00,6.858095294860769187e+00
5.334999999999999964e+00,2.770079519026471981e+00,6.858095188245335372e+00
5.336000000000000298e+00,2.770079106645451095e+00,6.858095081845904772e+00
5.336999999999999744e+00,2.770078695099922328e+00,6.858094975662046622e+00
5.338000000000000078e+00,2.770078284388198142e+00,6.858094869693316831e+00
5.339000000000000412e+00,2.770077874508587890e+00,6.858094763939281080e+00
5.339999999999999858e+00,2.770077465459403587e+00,6.858094658399512156e+00
5.341000000000000192e+00,2.770077057238964358e+00,6.858094553073565081e+00
5.342000000000000526e+00,2.770076649845592431e+00,6.858094447961010864e+00
5.342999999999999972e+00,2.770076243277608263e+00,6.858094343061421405e+00
5.344000000000000306e+00,2.770075837533344298e+00,6.858094238374358831e+00
5.344999999999999751e+00,2.770075432611127209e+00,6.858094133899395928e+00
5.346000000000000085e+00,2.770075028509294768e+00,6.858094029636101041e+00
5.347000000000000419e+00,2.770074625226183418e+00,6.858093925584049622e+00
5.347999999999999865e+00,2.770074222760134042e+00,6.858093821742808238e+00
5.349000000000000199e+00,2.770073821109493295e+00,6.858093718111953230e+00
5.350000000000000533e+00,2.770073420272607834e+00,6.858093614691059159e+00
5.350999999999999979e+00,2.770073020247826534e+00,6.858093511479695259e+00
5.352000000000000313e+00,2.770072621033509375e+00,6.858093408477444086e+00
5.352999999999999758e+00,2.770072222628009229e+00,6.858093305683875762e+00
5.354000000000000092e+00,2.770071825029691848e+00,6.858093203098569290e+00
5.355000000000000426e+00,2.770071428236917210e+00,6.858093100721107227e+00
5.355999999999999872e+00,2.770071032248056397e+00,6.858092998551062358e+00
5.357000000000000206e+00,2.770070637061479601e+00,6.858092896588019016e+00
5.358000000000000540e+00,2.770070242675563232e+00,6.858092794831550876e+00
5.358999999999999986e+00,2.770069849088682368e+00,6.858092693281248486e+00
5.360000000000000320e+00,2.770069456299217858e+00,6.858092591936688187e+00
5.360999999999999766e+00,2.770069064305559881e+00,6.858092490797457863e+00
5.362000000000000099e+00,2.770068673106088397e+00,6.858092389863137406e+00
5.363000000000000433e+00,2.770068282699198914e+00,6.858092289133311148e+00
5.363999999999999879e+00,2.770067893083281163e+00,6.858092188607567863e+00
5.365000000000000213e+00,2.770067504256740865e+00,6.858092088285491883e+00
5.366000000000000547e+00,2.770067116217972192e+00,6.858091988166671982e+00
5.366999999999999993e+00,2.770066728965380864e+00,6.858091888250694268e+00
5.368000000000000327e+00,2.770066342497373046e+00,6.858091788537151068e+00
5.368999999999999773e+00,2.770065956812362451e+00,6.858091689025629378e+00
5.370000000000000107e+00,2.770065571908756130e+00,6.858091589715720637e+00
5.371000000000000441e+00,2.770065187784978900e+00,6.858091490607017171e+00
5.371999999999999886e+00,2.770064804439444028e+00,6.858091391699112194e+00
5.373000000000000220e+00,2.770064421870580329e+00,6.858091292991595367e+00
5.374000000000000554e+00,2.770064040076809508e+00,6.858091194484063458e+00
5.375000000000000000e+00,2.770063659056566152e+00,6.858091096176109680e+00
5.376000000000000334e+00,2.770063278808276408e+00,6.858090998067331689e+00
5.376999999999999780e+00,2.770062899330384631e+00,6.858090900157327141e+00
5.378000000000000114e+00,2.770062520621322744e+00,6.858090802445686585e+00
5.379000000000000448e+00,2.770062142679535988e+00,6.858090704932015669e+00
5.379999999999999893e+00,2.770061765503470497e+00,6.858090607615911161e+00
5.381000000000000227e+00,2.770061389091573734e+00,6.858090510496968939e+00
5.381999999999999673e+00,2.770061013442296716e+00,6.858090413574792876e+00
5.383000000000000007e+00,2.770060638554096233e+00,6.858090316848986845e+00
5.384000000000000341e+00,2.770060264425430852e+00,6.858090220319147612e+00
5.384999999999999787e+00,2.770059891054761358e+00,6.858090123984881714e+00
5.386000000000000121e+00,2.770059518440547208e+00,6.858090027845789471e+00
5.387000000000000455e+00,2.770059146581261622e+00,6.858089931901482750e+00
5.387999999999999901e+00,2.770058775475375157e+00,6.858089836151557428e+00
5.389000000000000234e+00,2.770058405121356149e+00,6.858089740595627148e+00
5.389999999999999680e+00,2.770058035517687145e+00,6.858089645233292231e+00
5.391000000000000014e+00,2.770057666662843143e+00,6.858089550064168094e+00
5.392000000000000348e+00,2.770057298555311132e+00,6.858089455087856834e+00
5.392999999999999794e+00,2.770056931193572769e+00,6.858089360303972093e+00
5.394000000000000128e+00,2.770056564576123037e+00,6.858089265712121296e+00
5.395000000000000462e+00,2.770056198701448036e+00,6.858089171311915422e+00
5.395999999999999908e+00,2.770055833568046300e+00,6.858089077102968112e+00
5.397000000000000242e+00,2.770055469174410590e+00,6.858088983084891233e+00
5.397999999999999687e+00,2.770055105519052763e+00,6.858088889257296650e+00
5.399000000000000021e+00,2.770054742600466913e+00,6.858088795619800671e+00
5.400000000000000355e+00,2.770054380417166229e+00,6.858088702172017825e+00
5.400999999999999801e+00,2.770054018967657239e+00,6.858088608913560869e+00
5.402000000000000135e+00,2.770053658250457129e+00,6.858088515844048771e+00
5.403000000000000469e+00,2.770053298264078201e+00,6.858088422963096953e+00
5.403999999999999915e+00,2.770052939007041637e+00,6.858088330270327049e+00
5.405000000000000249e+00,2.770052580477869952e+00,6.858088237765354478e+00
5.405999999999999694e+00,2.770052222675088771e+00,6.858088145447799988e+00
5.407000000000000028e+00,2.770051865597223717e+00,6.858088053317282551e+00
5.408000000000000362e+00,2.770051509242811960e+00,6.858087961373424690e+00
5.408999999999999808e+00,2.770051153610381345e+00,6.858087869615848042e+00
5.410000000000000142e+00,2.770050798698473038e+00,6.858087778044175131e+00
5.411000000000000476e+00,2.770050444505625542e+00,6.858087686658027593e+00
5.411999999999999922e+00,2.770050091030384021e+00,6.858087595457034169e+00
5.413000000000000256e+00,2.770049738271290085e+00,6.858087504440813831e+00
5.413999999999999702e+00,2.770049386226899557e+00,6.858087413608994432e+00
5.415000000000000036e+00,2.770049034895757600e+00,6.858087322961204713e+00
5.416000000000000369e+00,2.770048684276422701e+00,6.858087232497068975e+00
5.416999999999999815e+00,2.770048334367452014e+00,6.858087142216215959e+00
5.418000000000000149e+00,2.770047985167408022e+00,6.858087052118274407e+00
5.419000000000000483e+00,2.770047636674850988e+00,6.858086962202875725e+00
5.419999999999999929e+00,2.770047288888352721e+00,6.858086872469645989e+00
5.421000000000000263e+00,2.770046941806477481e+00,6.858086782918222823e+00
5.421999999999999709e+00,2.770046595427799296e+00,6.858086693548229640e+00
5.423000000000000043e+00,2.770046249750895306e+00,6.858086604359302285e+00
5.424000000000000377e+00,2.770045904774341761e+00,6.858086515351075718e+00
5.424999999999999822e+00,2.770045560496718018e+00,6.858086426523180457e+00
5.426000000000000156e+00,2.770045216916611874e+00,6.858086337875257676e+00
5.427000000000000490e+00,2.770044874032610238e+00,6.858086249406933455e+00
5.427999999999999936e+00,2.770044531843300462e+00,6.858086161117848967e+00
5.429000000000000270e+00,2.770044190347274338e+00,6.858086073007643613e+00
5.429999999999999716e+00,2.770043849543130321e+00,6.858085985075949687e+00
5.431000000000000050e+00,2.770043509429462869e+00,6.858085897322408364e+00
5.432000000000000384e+00,2.770043170004877542e+00,6.858085809746659933e+00
5.432999999999999829e+00,2.770042831267972794e+00,6.858085722348341129e+00
5.434000000000000163e+00,2.770042493217361290e+00,6.858085635127091351e+00
5.435000000000000497e+00,2.770042155851646370e+00,6.858085548082558880e+00
5.435999999999999943e+00,2.770041819169447361e+00,6.858085461214378675e+00
5.437000000000000277e+00,2.770041483169373375e+00,6.858085374522197242e+00
5.437999999999999723e+00,2.770041147850046404e+00,6.858085288005654867e+00
5.439000000000000057e+00,2.770040813210083996e+00,6.858085201664399833e+00
5.440000000000000391e+00,2.770040479248113030e+00,6.858085115498071538e+00
5.440999999999999837e+00,2.770040145962757716e+00,6.858085029506321817e+00
5.442000000000000171e+00,2.770039813352647595e+00,6.858084943688791846e+00
5.443000000000000504e+00,2.770039481416414873e+00,6.858084858045130794e+00
5.443999999999999950e+00,2.770039150152695306e+00,6.858084772574986054e+00
5.445000000000000284e+00,2.770038819560124654e+00,6.858084687278008573e+00
5.445999999999999730e+00,2.770038489637342671e+00,6.858084602153842191e+00
5.447000000000000064e+00,2.770038160382992221e+00,6.858084517202142294e+00
5.448000000000000398e+00,2.770037831795723271e+00,6.858084432422556276e+00
5.448999999999999844e+00,2.770037503874178242e+00,6.858084347814735082e+00
5.450000000000000178e+00,2.770037176617014651e+00,6.858084263378333212e+00
5.451000000000000512e+00,2.770036850022879360e+00,6.858084179113001611e+00
5.451999999999999957e+00,2.770036524090436547e+00,6.858084095018393000e+00
5.453000000000000291e+00,2.770036198818340623e+00,6.858084011094163657e+00
5.453999999999999737e+00,2.770035874205253101e+00,6.858083927339967190e+00
5.455000000000000071e+00,2.770035550249843048e+00,6.858083843755459874e+00
5.456000000000000405e+00,2.770035226950774643e+00,6.858083760340294432e+00
5.456999999999999851e+00,2.770034904306719170e+00,6.858083677094132469e+00
5.458000000000000185e+00,2.770034582316351468e+00,6.858083594016629370e+00
5.459000000000000519e+00,2.770034260978342378e+00,6.858083511107444963e+00
5.459999999999999964e+00,2.770033940291375174e+00,6.858083428366231971e+00
5.461000000000000298e+00,2.770033620254124695e+00,6.858083345792659991e+00
5.461999999999999744e+00,2.770033300865282655e+00,6.858083263386384409e+00
5.463000000000000078e+00,2.770032982123530552e+00,6.858083181147064167e+00
5.464000000000000412e+00,2.770032664027557434e+00,6.858083099074366196e+00
5.464999999999999858e+00,2.770032346576055460e+00,6.858083017167946771e+00
5.466000000000000192e+00,2.770032029767718118e+00,6.858082935427473714e+00
5.467000000000000526e+00,2.770031713601246004e+00,6.858082853852607741e+00
5.467999999999999972e+00,2.770031398075333939e+00,6.858082772443016673e+00
5.469000000000000306e+00,2.770031083188687404e+00,6.858082691198363889e+00
5.469999999999999751e+00,2.770030768940007437e+00,6.858082610118311884e+00
5.471000000000000085e+00,2.770030455328007513e+00,6.858082529202532029e+00
5.472000000000000419e+00,2.770030142351391333e+00,6.858082448450690372e+00
5.472999999999999865e+00,2.770029830008874150e+00,6.858082367862454731e+00
5.474000000000000199e+00,2.770029518299173876e+00,6.858082287437492930e+00
5.475000000000000533e+00,2.770029207221004430e+00,6.858082207175475453e+00
5.475999999999999979e+00,2.770028896773089055e+00,6.858082127076071011e+00
5.477000000000000313e+00,2.770028586954149219e+00,6.858082047138949200e+00
5.477999999999999758e+00,2.770028277762912161e+00,6.858081967363781395e+00
5.479000000000000092e+00,2.770027969198105122e+00,6.858081887750241634e+00
5.480000000000000426e+00,2.770027661258458895e+00,6.858081808298000404e+00
5.480999999999999872e+00,2.770027353942704273e+00,6.858081729006732630e+00
5.482000000000000206e+00,2.770027047249582708e+00,6.858081649876109687e+00
5.483000000000000540e+00,2.770026741177830765e+00,6.858081570905809166e+00
5.483999999999999986e+00,2.770026435726186342e+00,6.858081492095504217e+00
5.485000000000000320e+00,2.770026130893396221e+00,6.858081413444873320e+00
5.485999999999999766e+00,2.770025826678204961e+00,6.858081334953588737e+00
5.487000000000000099e+00,2.770025523079362895e+00,6.858081256621328947e+00
5.488000000000000433e+00,2.770025220095620799e+00,6.858081178447774207e+00
5.488999999999999879e+00,2.770024917725732561e+00,6.858081100432601218e+00
5.490000000000000213e+00,2.770024615968455173e+00,6.858081022575489349e+00
5.491000000000000547e+00,2.770024314822543410e+00,6.858080944876116192e+00
5.491999999999999993e+00,2.770024014286764036e+00,6.858080867334166442e+00
5.493000000000000327e+00,2.770023714359876266e+00,6.858080789949319467e+00
5.493999999999999773e+00,2.770023415040651305e+00,6.858080712721254635e+00
5.495000000000000107e+00,2.770023116327853696e+00,6.858080635649655754e+00
5.496000000000000441e+00,2.770022818220256422e+00,6.858080558734205745e+00
5.496999999999999886e+00,2.770022520716635128e+00,6.858080481974591969e+00
5.498000000000000220e+00,2.770022223815762796e+00,6.858080405370492016e+00
5.499000000000000554e+00,2.770021927516419513e+00,6.858080328921595914e+00
5.500000000000000000e+00,2.770021631817388474e+00,6.858080252627588358e+00
5.501000000000000334e+00,2.770021336717451987e+00,6.858080176488151380e+00
5.501999999999999780e+00,2.770021042215393692e+00,6.858080100502979448e+00
5.503000000000000114e+00,2.770020748310007441e+00,6.858080024671752817e+00
5.504000000000000448e+00,2.770020455000081760e+00,6.858079948994161512e+00
5.504999999999999893e+00,2.770020162284408283e+00,6.858079873469898224e+00
5.506000000000000227e+00,2.770019870161786635e+00,6.858079798098645874e+00
5.506999999999999673e+00,2.770019578631011559e+00,6.858079722880100704e+00
5.508000000000000007e+00,2.770019287690888898e+00,6.858079647813948299e+00
5.509000000000000341e+00,2.770018997340215616e+00,6.858079572899885790e+00
5.509999999999999787e+00,2.770018707577802441e+00,6.858079498137597874e+00
5.511000000000000121e+00,2.770018418402456550e+00,6.858079423526781682e+00
5.512000000000000455e+00,2.770018129812988228e+00,6.858079349067127239e+00
5.512999999999999901e+00,2.770017841808208647e+00,6.858079274758333455e+00
5.514000000000000234e+00,2.770017554386936975e+00,6.858079200600088576e+00
5.514999999999999680e+00,2.770017267547987938e+00,6.858079126592093289e+00
5.516000000000000014e+00,2.770016981290179814e+00,6.858079052734036729e+00
5.517000000000000348e+00,2.770016695612340651e+00,6.858078979025622246e+00
5.517999999999999794e+00,2.770016410513294502e+00,6.858078905466543418e+00
5.519000000000000128e+00,2.770016125991863642e+00,6.858078832056492047e+00
5.520000000000000462e+00,2.770015842046882781e+00,6.858078758795176810e+00
5.520999999999999908e+00,2.770015558677181300e+00,6.858078685682287734e+00
5.522000000000000242e+00,2.770015275881594796e+00,6.858078612717530831e+00
5.522999999999999687e+00,2.770014993658961089e+00,6.858078539900601456e+00
5.524000000000000021e+00,2.770014712008117552e+00,6.858078467231199404e+00
5.525000000000000355e+00,2.770014430927906446e+00,6.858078394709029801e+00
5.525999999999999801e+00,2.770014150417174026e+00,6.858078322333792443e+00
5.527000000000000135e+00,2.770013870474762552e+00,6.858078250105186235e+00
5.528000000000000469e+00,2.770013591099521388e+00,6.858078178022919857e+00
5.528999999999999915e+00,2.770013312290302565e+00,6.858078106086695769e+00
5.530000000000000249e+00,2.770013034045958111e+00,6.858078034296214653e+00
5.530999999999999694e+00,2.770012756365346718e+00,6.858077962651180748e+00
5.532000000000000028e+00,2.770012479247323078e+00,6.858077891151305394e+00
5.533000000000000362e+00,2.770012202690747216e+00,6.858077819796289276e+00
5.533999999999999808e+00,2.770011926694482707e+00,6.858077748585841071e+00
5.535000000000000142e+00,2.770011651257396235e+00,6.858077677519665905e+00
5.536000000000000476e+00,2.770011376378350487e+00,6.858077606597474229e+00
5.536999999999999922e+00,2.770011102056218810e+00,6.858077535818973836e+00
5.538000000000000256e+00,2.770010828289870553e+00,6.858077465183872512e+00
5.538999999999999702e+00,2.770010555078181724e+00,6.858077394691878936e+00
5.540000000000000036e+00,2.770010282420029224e+00,6.858077324342701786e+00
5.541000000000000369e+00,2.770010010314287285e+00,6.858077254136057732e+00
5.541999999999999815e+00,2.770009738759839468e+00,6.858077184071652788e+00
5.543000000000000149e+00,2.770009467755567112e+00,6.858077114149200959e+00
5.544000000000000483e+00,2.770009197300360437e+00,6.858077044368415365e+00
5.544999999999999929e+00,2.770008927393100784e+00,6.858076974729005570e+00
5.546000000000000263e+00,2.770008658032680593e+00,6.858076905230687359e+00
5.546999999999999709e+00,2.770008389217994527e+00,6.858076835873172072e+00
5.548000000000000043e+00,2.770008120947932362e+00,6.858076766656182599e+00
5.549000000000000377e+00,2.770007853221393201e+00,6.858076697579424952e+00
5.549999999999999822e+00,2.770007586037277481e+00,6.858076628642621131e+00
5.551000000000000156e+00,2.770007319394482082e+00,6.858076559845484255e+00
5.552000000000000490e+00,2.770007053291912769e+00,6.858076491187731882e+00
5.552999999999999936e+00,2.770006787728474862e+00,6.858076422669083350e+00
5.554000000000000270e+00,2.770006522703075902e+00,6.858076354289255328e+00
5.554999999999999716e+00,2.770006258214626094e+00,6.858076286047967152e+00
5.556000000000000050e+00,2.770005994262036086e+00,6.858076217944936381e+00
5.557000000000000384e+00,2.770005730844222747e+00,6.858076149979885017e+00
5.557999999999999829e+00,2.770005467960102941e+00,6.858076082152532393e+00
5.559000000000000163e+00,2.770005205608589094e+00,6.858076014462599623e+00
5.560000000000000497e+00,2.770004943788609175e+00,6.858075946909810483e+00
5.560999999999999943e+00,2.770004682499085380e+00,6.858075879493883420e+00
5.562000000000000277e+00,2.770004421738939460e+00,6.858075812214543099e+00
5.562999999999999723e+00,2.770004161507102491e+00,6.858075745071513296e+00
5.564000000000000057e+00,2.770003901802499779e+00,6.858075678064516012e+00
5.565000000000000391e+00,2.770003642624068618e+00,6.858075611193277688e+00
5.565999999999999837e+00,2.770003383970739641e+00,6.858075544457522099e+00
5.567000000000000171e+00,2.770003125841448366e+00,6.858075477856976576e+00
5.568000000000000504e+00,2.770002868235133864e+00,6.858075411391365783e+00
5.568999999999999950e+00,2.770002611150740091e+00,6.858075345060415273e+00
5.570000000000000284e+00,2.770002354587204341e+00,6.858075278863854152e+00
5.570999999999999730e+00,2.770002098543472790e+00,6.858075212801406195e+00
5.572000000000000064e+00,2.770001843018494725e+00,6.858075146872804950e+00
5.573000000000000398e+00,2.770001588011215432e+00,6.858075081077775970e+00
5.573999999999999844e+00,2.770001333520589082e+00,6.858075015416049247e+00
5.575000000000000178e+00,2.770001079545568956e+00,6.858074949887356553e+00
5.576000000000000512e+00,2.770000826085107448e+00,6.858074884491427881e+00
5.576999999999999957e+00,2.770000573138165390e+00,6.858074819227991448e+00
5.578000000000000291e+00,2.770000320703700503e+00,6.858074754096779913e+00
5.578999999999999737e+00,2.770000068780676283e+00,6.858074689097527710e+00
5.580000000000000071e+00,2.769999817368050454e+00,6.858074624229963057e+00
5.581000000000000405e+00,2.769999566464797169e+00,6.858074559493825717e+00
5.581999999999999851e+00,2.769999316069881701e+00,6.858074494888844796e+00
5.583000000000000185e+00,2.769999066182272429e+00,6.858074430414752953e+00
5.584000000000000519e+00,2.769998816800941288e+00,6.858074366071289063e+00
5.584999999999999964e+00,2.769998567924863764e+00,6.858074301858189337e+00
5.586000000000000298e+00,2.769998319553018895e+00,6.858074237775183768e+00
5.586999999999999744e+00,2.769998071684379060e+00,6.858074173822013009e+00
5.588000000000000078e+00,2.769997824317928625e+00,6.858074109998412382e+00
5.589000000000000412e+00,2.769997577452651516e+00,6.858074046304123428e+00
5.589999999999999858e+00,2.769997331087529435e+00,6.858073982738877916e+00
5.591000000000000192e+00,2.769997085221548971e+00,6.858073919302418275e+00
5.592000000000000526e+00,2.769996839853702486e+00,6.858073855994483381e+00
5.592999999999999972e+00,2.769996594982974347e+00,6.858073792814812109e+00
5.594000000000000306e+00,2.769996350608363134e+00,6.858073729763143334e+00
5.594999999999999751e+00,2.769996106728862539e+00,6.858073666839221261e+00
5.596000000000000085e+00,2.769995863343468034e+00,6.858073604042783877e+00
5.597000000000000419e+00,2.769995620451177309e+00,6.858073541373570947e+00
5.597999999999999865e+00,2.769995378050996493e+00,6.858073478831332004e+00
5.599000000000000199e+00,2.769995136141922831e+00,6.858073416415803258e+00
5.600000000000000533e+00,2.769994894722964673e+00,6.858073354126729804e+00
5.600999999999999979e+00,2.769994653793127704e+00,6.858073291963857621e+00
5.602000000000000313e+00,2.769994413351420270e+00,6.858073229926927361e+00
5.602999999999999758e+00,2.769994173396856052e+00,6.858073168015685006e+00
5.604000000000000092e+00,2.769993933928446950e+00,6.858073106229880089e+00
5.605000000000000426e+00,2.769993694945205753e+00,6.858073044569253263e+00
5.605999999999999872e+00,2.769993456446154578e+00,6.858072983033552283e+00
5.607000000000000206e+00,2.769993218430305770e+00,6.858072921622524021e+00
5.608000000000000540e+00,2.769992980896684109e+00,6.858072860335916232e+00
5.608999999999999986e+00,2.769992743844314820e+00,6.858072799173479339e+00
5.610000000000000320e+00,2.769992507272216020e+00,6.858072738134955770e+00
5.610999999999999766e+00,2.769992271179422261e+00,6.858072677220101276e+00
5.612000000000000099e+00,2.769992035564957877e+00,6.858072616428658286e+00
5.613000000000000433e+00,2.769991800427855644e+00,6.858072555760384326e+00
5.613999999999999879e+00,2.769991565767147890e+00,6.858072495215023601e+00
5.615000000000000213e+00,2.769991331581869165e+00,6.858072434792330085e+00
5.616000000000000547e+00,2.769991097871055352e+00,6.858072374492054202e+00
5.616999999999999993e+00,2.769990864633746774e+00,6.858072314313950812e+00
5.618000000000000327e+00,2.769990631868985087e+00,6.858072254257767675e+00
5.618999999999999773e+00,2.769990399575809725e+00,6.858072194323261428e+00
5.620000000000000107e+00,2.769990167753265009e+00,6.858072134510182494e+00
5.621000000000000441e+00,2.769989936400403252e+00,6.858072074818287511e+00
5.621999999999999886e+00,2.769989705516266998e+00,6.858072015247329567e+00
5.623000000000000220e+00,2.769989475099909004e+00,6.858071955797066188e+00
5.624000000000000554e+00,2.769989245150379809e+00,6.858071896467246908e+00
5.625000000000000000e+00,2.769989015666734833e+00,6.858071837257635472e+00
5.626000000000000334e+00,2.769988786648031276e+00,6.858071778167979637e+00
5.626999999999999780e+00,2.769988558093325892e+00,6.858071719198045813e+00
5.628000000000000114e+00,2.769988330001677657e+00,6.858071660347587084e+00
5.629000000000000448e+00,2.769988102372151761e+00,6.858071601616356538e+00
5.629999999999999893e+00,2.769987875203807626e+00,6.858071543004122361e+00
5.631000000000000227e+00,2.769987648495713106e+00,6.858071484510634086e+00
5.631999999999999673e+00,2.769987422246936060e+00,6.858071426135656345e+00
5.633000000000000007e+00,2.769987196456545231e+00,6.858071367878951108e+00
5.634000000000000341e+00,2.769986971123611585e+00,6.858071309740271460e+00
5.634999999999999787e+00,2.769986746247209641e+00,6.858071251719385586e+00
5.636000000000000121e+00,2.769986521826414361e+00,6.858071193816047462e+00
5.637000000000000455e+00,2.769986297860301150e+00,6.858071136030027048e+00
5.637999999999999901e+00,2.769986074347948968e+00,6.858071078361082762e+00
5.639000000000000234e+00,2.769985851288439882e+00,6.858071020808974794e+00
5.639999999999999680e+00,2.769985628680854628e+00,6.858070963373471329e+00
5.641000000000000014e+00,2.769985406524279714e+00,6.858070906054334337e+00
5.642000000000000348e+00,2.769985184817798540e+00,6.858070848851323120e+00
5.642999999999999794e+00,2.769984963560502056e+00,6.858070791764211194e+00
5.644000000000000128e+00,2.769984742751479878e+00,6.858070734792759637e+00
5.645000000000000462e+00,2.769984522389821180e+00,6.858070677936731308e+00
5.645999999999999908e+00,2.769984302474621352e+00,6.858070621195897054e+00
5.647000000000000242e+00,2.769984083004979336e+00,6.858070564570020622e+00
5.647999999999999687e+00,2.769983863979984751e+00,6.858070508058867532e+00
5.649000000000000021e+00,2.769983645398743199e+00,6.858070451662211298e+00
5.650000000000000355e+00,2.769983427260353626e+00,6.858070395379814777e+00
5.650999999999999801e+00,2.769983209563917637e+00,6.858070339211448818e+00
5.652000000000000135e+00,2.769982992308541725e+00,6.858070283156879832e+00
5.653000000000000469e+00,2.769982775493330607e+00,6.858070227215879555e+00
5.653999999999999915e+00,2.769982559117392107e+00,6.858070171388218839e+00
5.655000000000000249e+00,2.769982343179840267e+00,6.858070115673664979e+00
5.655999999999999694e+00,2.769982127679781136e+00,6.858070060071990603e+00
5.657000000000000028e+00,2.769981912616330977e+00,6.858070004582967449e+00
5.658000000000000362e+00,2.769981697988607383e+00,6.858069949206366367e+00
5.658999999999999808e+00,2.769981483795726174e+00,6.858069893941960871e+00
5.660000000000000142e+00,2.769981270036804943e+00,6.858069838789519146e+00
5.661000000000000476e+00,2.769981056710964396e+00,6.858069783748821813e+00
5.661999999999999922e+00,2.769980843817327454e+00,6.858069728819637945e+00
5.663000000000000256e+00,2.769980631355019707e+00,6.858069674001741944e+00
5.663999999999999702e+00,2.769980419323166299e+00,6.858069619294903774e+00
5.665000000000000036e+00,2.769980207720897702e+00,6.858069564698909382e+00
5.666000000000000369e+00,2.769979996547339507e+00,6.858069510213526065e+00
5.666999999999999815e+00,2.769979785801624850e+00,6.858069455838532669e+00
5.668000000000000149e+00,2.769979575482885981e+00,6.858069401573704482e+00
5.669000000000000483e+00,2.769979365590260034e+00,6.858069347418817685e+00
5.669999999999999929e+00,2.769979156122880593e+00,6.858069293373647568e+00
5.671000000000000263e+00,2.769978947079890563e+00,6.858069239437977416e+00
5.671999999999999709e+00,2.769978738460427081e+00,6.858069185611583407e+00
5.673000000000000043e+00,2.769978530263629946e+00,6.858069131894241721e+00
5.674000000000000377e+00,2.769978322488648725e+00,6.858069078285733866e+00
5.674999999999999822e+00,2.769978115134624996e+00,6.858069024785837797e+00
5.676000000000000156e+00,2.769977908200704775e+00,6.858068971394332358e+00
5.677000000000000490e+00,2.769977701686039406e+00,6.858068918111000833e+00
5.677999999999999936e+00,2.769977495589777572e+00,6.858068864935622955e+00
5.679000000000000270e+00,2.769977289911075058e+00,6.858068811867982006e+00
5.679999999999999716e+00,2.769977084649080989e+00,6.858068758907855056e+00
5.681000000000000050e+00,2.769976879802953817e+00,6.858068706055028052e+00
5.682000000000000384e+00,2.769976675371851549e+00,6.858068653309281615e+00
5.682999999999999829e+00,2.769976471354931302e+00,6.858068600670399917e+00
5.684000000000000163e+00,2.769976267751355969e+00,6.858068548138167131e+00
5.685000000000000497e+00,2.769976064560286222e+00,6.858068495712365653e+00
5.685999999999999943e+00,2.769975861780888948e+00,6.858068443392776992e+00
5.687000000000000277e+00,2.769975659412327484e+00,6.858068391179192425e+00
5.687999999999999723e+00,2.769975457453770495e+00,6.858068339071393460e+00
5.689000000000000057e+00,2.769975255904384870e+00,6.858068287069167823e+00
5.690000000000000391e+00,2.769975054763346378e+00,6.858068235172298799e+00
5.690999999999999837e+00,2.769974854029826794e+00,6.858068183380575000e+00
5.692000000000000171e+00,2.769974653702996115e+00,6.858068131693782377e+00
5.693000000000000504e+00,2.769974453782036772e+00,6.858068080111708653e+00
5.693999999999999950e+00,2.769974254266119207e+00,6.858068028634142443e+00
5.695000000000000284e+00,2.769974055154428516e+00,6.858067977260869696e+00
5.695999999999999730e+00,2.769973856446144467e+00,6.858067925991682579e+00
5.697000000000000064e+00,2.769973658140446826e+00,6.858067874826367039e+00
5.698000000000000398e+00,2.769973460236521134e+00,6.858067823764714355e+00
5.698999999999999844e+00,2.769973262733556485e+00,6.858067772806513140e+00
5.700000000000000178e+00,2.769973065630737086e+00,6.858067721951556450e+00
5.701000000000000512e+00,2.769972868927256915e+00,6.858067671199632009e+00
5.701999999999999957e+00,2.769972672622301513e+00,6.858067620550531984e+00
5.703000000000000291e+00,2.769972476715064857e+00,6.858067570004049429e+00
5.703999999999999737e+00,2.769972281204740927e+00,6.858067519559975622e+00
5.705000000000000071e+00,2.769972086090527696e+00,6.858067469218102730e+00
5.706000000000000405e+00,2.769971891371622252e+00,6.858067418978224694e+00
5.706999999999999851e+00,2.769971697047220349e+00,6.858067368840131905e+00
5.708000000000000185e+00,2.769971503116527067e+00,6.858067318803620971e+00
5.709000000000000519e+00,2.769971309578741714e+00,6.858067268868486721e+00
5.709999999999999964e+00,2.769971116433071145e+00,6.858067219034521322e+00
5.711000000000000298e+00,2.769970923678718666e+00,6.858067169301521382e+00
5.711999999999999744e+00,2.769970731314890244e+00,6.858067119669281730e+00
5.713000000000000078e+00,2.769970539340798510e+00,6.858067070137600751e+00
5.714000000000000412e+00,2.769970347755649431e+00,6.858067020706268835e+00
5.714999999999999858e+00,2.769970156558660079e+00,6.858066971375087917e+00
5.716000000000000192e+00,2.769969965749038643e+00,6.858066922143852828e+00
5.717000000000000526e+00,2.769969775326004413e+00,6.858066873012361953e+00
5.717999999999999972e+00,2.769969585288771796e+00,6.858066823980411897e+00
5.719000000000000306e+00,2.769969395636558751e+00,6.858066775047803709e+00
5.719999999999999751e+00,2.769969206368588566e+00,6.858066726214336661e+00
5.721000000000000085e+00,2.769969017484080975e+00,6.858066677479804696e+00
5.722000000000000419e+00,2.769968828982256603e+00,6.858066628844009749e+00
5.722999999999999865e+00,2.769968640862344067e+00,6.858066580306753757e+00
5.724000000000000199e+00,2.769968453123567098e+00,6.858066531867833326e+00
5.725000000000000533e+00,2.769968265765152982e+00,6.858066483527053059e+00
5.725999999999999979e+00,2.769968078786333887e+00,6.858066435284212226e+00
5.727000000000000313e+00,2.769967892186338876e+00,6.858066387139111875e+00
5.727999999999999758e+00,2.769967705964401006e+00,6.858066339091556607e+00
5.729000000000000092e+00,2.769967520119752002e+00,6.858066291141346582e+00
5.730000000000000426e+00,2.769967334651632918e+00,6.858066243288287289e+00
5.730999999999999872e+00,2.769967149559276365e+00,6.858066195532178000e+00
5.732000000000000206e+00,2.769966964841920287e+00,6.858066147872821539e+00
5.733000000000000540e+00,2.769966780498808401e+00,6.858066100310025170e+00
5.733999999999999986e+00,2.769966596529180425e+00,6.858066052843593496e+00
5.735000000000000320e+00,2.769966412932279187e+00,6.858066005473329341e+00
5.735999999999999766e+00,2.769966229707350625e+00,6.858065958199039969e+00
5.737000000000000099e+00,2.769966046853641561e+00,6.858065911020531757e+00
5.738000000000000433e+00,2.769965864370399267e+00,6.858065863937604867e+00
5.738999999999999879e+00,2.769965682256875006e+00,6.858065816950070115e+00
5.740000000000000213e+00,2.769965500512314271e+00,6.858065770057733879e+00
5.741000000000000547e+00,2.769965319135975435e+00,6.858065723260401647e+00
5.741999999999999993e+00,2.769965138127110649e+00,6.858065676557883350e+00
5.743000000000000327e+00,2.769964957484973844e+00,6.858065629949987141e+00
5.743999999999999773e+00,2.769964777208822060e+00,6.858065583436518509e+00
5.745000000000000107e+00,2.769964597297917663e+00,6.858065537017286495e+00
5.746000000000000441e+00,2.769964417751516361e+00,6.858065490692102806e+00
5.746999999999999886e+00,2.769964238568879633e+00,6.858065444460772930e+00
5.748000000000000220e+00,2.769964059749272955e+00,6.858065398323109463e+00
5.749000000000000554e+00,2.769963881291961361e+00,6.858065352278925886e+00
5.750000000000000000e+00,2.769963703196208993e+00,6.858065306328025912e+00
5.751000000000000334e+00,2.769963525461282217e+00,6.858065260470223912e+00
5.751999999999999780e+00,2.769963348086451393e+00,6.858065214705331591e+00
5.753000000000000114e+00,2.769963171070987329e+00,6.858065169033159769e+00
5.754000000000000448e+00,2.769962994414163937e+00,6.858065123453524592e+00
5.754999999999999893e+00,2.769962818115249803e+00,6.858065077966231549e+00
5.756000000000000227e+00,2.769962642173521949e+00,6.858065032571095898e+00
5.757000000000000561e+00,2.769962466588258287e+00,6.858064987267932899e+00
5.758000000000000007e+00,2.769962291358734952e+00,6.858064942056559588e+00
5.759000000000000341e+00,2.769962116484230297e+00,6.858064896936781452e+00
5.759999999999999787e+00,2.769961941964027563e+00,6.858064851908417303e+00
5.761000000000000121e+00,2.769961767797408658e+00,6.858064806971283289e+00
5.762000000000000455e+00,2.769961593983653714e+00,6.858064762125193781e+00
5.762999999999999901e+00,2.769961420522052631e+00,6.858064717369962260e+00
5.764000000000000234e+00,2.769961247411888206e+00,6.858064672705407538e+00
5.764999999999999680e+00,2.769961074652452560e+00,6.858064628131342211e+00
5.766000000000000014e+00,2.769960902243028045e+00,6.858064583647589529e+00
5.767000000000000348e+00,2.769960730182913000e+00,6.858064539253957648e+00
5.767999999999999794e+00,2.769960558471395107e+00,6.858064494950270706e+00
5.769000000000000128e+00,2.769960387107769595e+00,6.858064450736343964e+00
5.770000000000000462e+00,2.769960216091333471e+00,6.858064406611996233e+00
5.770999999999999908e+00,2.769960045421381079e+00,6.858064362577045436e+00
5.772000000000000242e+00,2.769959875097210755e+00,6.858064318631309497e+00
5.772999999999999687e+00,2.769959705118120397e+00,6.858064274774612556e+00
5.774000000000000021e+00,2.769959535483412338e+00,6.858064231006766320e+00
5.775000000000000355e+00,2.769959366192390249e+00,6.858064187327595818e+00
5.775999999999999801e+00,2.769959197244356464e+00,6.858064143736920748e+00
5.777000000000000135e+00,2.769959028638616427e+00,6.858064100234564364e+00
5.778000000000000469e+00,2.769958860374476917e+00,6.858064056820341925e+00
5.778999999999999915e+00,2.769958692451244264e+00,6.858064013494077571e+00
5.780000000000000249e+00,2.769958524868228356e+00,6.858063970255598107e+00
5.780999999999999694e+00,2.769958357624739964e+00,6.858063927104716129e+00
5.782000000000000028e+00,2.769958190720094304e+00,6.858063884041260216e+00
5.783000000000000362e+00,2.769958024153599485e+00,6.858063841065054511e+00
5.783999999999999808e+00,2.769957857924573386e+00,6.858063798175916936e+00
5.785000000000000142e+00,2.769957692032333885e+00,6.858063755373675185e+00
5.786000000000000476e+00,2.769957526476195753e+00,6.858063712658153399e+00
5.786999999999999922e+00,2.769957361255479533e+00,6.858063670029172165e+00
5.788000000000000256e+00,2.769957196369503105e+00,6.858063627486557401e+00
5.788999999999999702e+00,2.769957031817591897e+00,6.858063585030139464e+00
5.790000000000000036e+00,2.769956867599065120e+00,6.858063542659736278e+00
5.791000000000000369e+00,2.769956703713253976e+00,6.858063500375176424e+00
5.791999999999999815e+00,2.769956540159478564e+00,6.858063458176289373e+00
5.793000000000000149e+00,2.769956376937066089e+00,6.858063416062894824e+00
5.794000000000000483e+00,2.769956214045348641e+00,6.858063374034824022e+00
5.794999999999999929e+00,2.769956051483655646e+00,6.858063332091905551e+00
5.796000000000000263e+00,2.769955889251314307e+00,6.858063290233962661e+00
5.796999999999999709e+00,2.769955727347662489e+00,6.858063248460824823e+00
5.798000000000000043e+00,2.769955565772028283e+00,6.858063206772322395e+00
5.799000000000000377e+00,2.769955404523754883e+00,6.858063165168282183e+00
5.799999999999999822e+00,2.769955243602173489e+00,6.858063123648530102e+00
5.801000000000000156e+00,2.769955083006623742e+00,6.858063082212901840e+00
5.802000000000000490e+00,2.769954922736445280e+00,6.858063040861219761e+00
5.802999999999999936e+00,2.769954762790977743e+00,6.858062999593321329e+00
5.804000000000000270e+00,2.769954603169566987e+00,6.858062958409029797e+00
5.804999999999999716e+00,2.769954443871549543e+00,6.858062917308178186e+00
5.806000000000000050e+00,2.769954284896277485e+00,6.858062876290601295e+00
5.807000000000000384e+00,2.769954126243093562e+00,6.858062835356124154e+00
5.807999999999999829e+00,2.769953967911344961e+00,6.858062794504586002e+00
5.809000000000000163e+00,2.769953809900381536e+00,6.858062753735810091e+00
5.810000000000000497e+00,2.769953652209552253e+00,6.858062713049631220e+00
5.810999999999999943e+00,2.769953494838210517e+00,6.858062672445888630e+00
5.812000000000000277e+00,2.769953337785706182e+00,6.858062631924405572e+00
5.812999999999999723e+00,2.769953181051392654e+00,6.858062591485025727e+00
5.814000000000000057e+00,2.769953024634630445e+00,6.858062551127573236e+00
5.815000000000000391e+00,2.769952868534772072e+00,6.858062510851885563e+00
5.815999999999999837e+00,2.769952712751174939e+00,6.858062470657801946e+00
5.817000000000000171e+00,2.769952557283202221e+00,6.858062430545147414e+00
5.818000000000000504e+00,2.769952402130210878e+00,6.858062390513767426e+00
5.818999999999999950e+00,2.769952247291562308e+00,6.858062350563487897e+00
5.820000000000000284e+00,2.769952092766623242e+00,6.858062310694148955e+00
5.820999999999999730e+00,2.769951938554755966e+00,6.858062270905590729e+00
5.822000000000000064e+00,2.769951784655326321e+00,6.858062231197640024e+00
5.823000000000000398e+00,2.769951631067701925e+00,6.858062191570143185e+00
5.823999999999999844e+00,2.769951477791248173e+00,6.858062152022929681e+00
5.825000000000000178e+00,2.769951324825338013e+00,6.858062112555842305e+00
5.826000000000000512e+00,2.769951172169341280e+00,6.858062073168714079e+00
5.826999999999999957e+00,2.769951019822629146e+00,6.858062033861387796e+00
5.828000000000000291e+00,2.769950867784578108e+00,6.858061994633696479e+00
5.828999999999999737e+00,2.769950716054557116e+00,6.858061955485482031e+00
5.830000000000000071e+00,2.769950564631947998e+00,6.858061916416585468e+00
5.831000000000000405e+00,2.769950413516125032e+00,6.858061877426839814e+00
5.831999999999999851e+00,2.769950262706466493e+00,6.858061838516093189e+00
5.833000000000000185e+00,2.769950112202352432e+00,6.858061799684176840e+00
5.834000000000000519e+00,2.769949962003163790e+00,6.858061760930937112e+00
5.834999999999999964e+00,2.769949812108284171e+00,6.858061722256211468e+00
5.836000000000000298e+00,2.769949662517093181e+00,6.858061683659844476e+00
5.836999999999999744e+00,2.769949513228980642e+00,6.858061645141670049e+00
5.838000000000000078e+00,2.769949364243328382e+00,6.858061606701539858e+00
5.839000000000000412e+00,2.769949215559526667e+00,6.858061568339286929e+00
5.839999999999999858e+00,2.769949067176960877e+00,6.858061530054760269e+00
5.841000000000000192e+00,2.769948919095023943e+00,6.858061491847794677e+00
5.842000000000000526e+00,2.769948771313105684e+00,6.858061453718240941e+00
5.842999999999999972e+00,2.769948623830597700e+00,6.858061415665936522e+00
5.844000000000000306e+00,2.769948476646892477e+00,6.858061377690729543e+00
5.844999999999999751e+00,2.769948329761386052e+00,6.858061339792459243e+00
5.846000000000000085e+00,2.769948183173474021e+00,6.858061301970974633e+00
5.847000000000000419e+00,2.769948036882552866e+00,6.858061264226113174e+00
5.847999999999999865e+00,2.769947890888020403e+00,6.858061226557727430e+00
5.849000000000000199e+00,2.769947745189278443e+00,6.858061188965657529e+00
5.850000000000000533e+00,2.769947599785724801e+00,6.858061151449752479e+00
5.850999999999999979e+00,2.769947454676763066e+00,6.858061114009852410e+00
5.852000000000000313e+00,2.769947309861795937e+00,6.858061076645808107e+00
5.852999999999999758e+00,2.769947165340230999e+00,6.858061039357464139e+00
5.854000000000000092e+00,2.769947021111467844e+00,6.858061002144669516e+00
5.855000000000000426e+00,2.769946877174917610e+00,6.858060965007264365e+00
5.855999999999999872e+00,2.769946733529986549e+00,6.858060927945105689e+00
5.857000000000000206e+00,2.769946590176082246e+00,6.858060890958030953e+00
5.858000000000000540e+00,2.769946447112619836e+00,6.858060854045898935e+00
5.858999999999999986e+00,2.769946304339007348e+00,6.858060817208546212e+00
5.860000000000000320e+00,2.769946161854659472e+00,6.858060780445832449e+00
5.860999999999999766e+00,2.769946019658987790e+00,6.858060743757596001e+00
5.862000000000000099e+00,2.769945877751406549e+00,6.858060707143694756e+00
5.863000000000000433e+00,2.769945736131335767e+00,6.858060670603970621e+00
5.863999999999999879e+00,2.769945594798191912e+00,6.858060634138282374e+00
5.865000000000000213e+00,2.769945453751391895e+00,6.858060597746469256e+00
5.866000000000000547e+00,2.769945312990358399e+00,6.858060561428390933e+00
5.866999999999999993e+00,2.769945172514508780e+00,6.858060525183891087e+00
5.868000000000000327e+00,2.769945032323267053e+00,6.858060489012825833e+00
5.868999999999999773e+00,2.769944892416056792e+00,6.858060452915045069e+00
5.870000000000000107e+00,2.769944752792303788e+00,6.858060416890396027e+00
5.871000000000000441e+00,2.769944613451432058e+00,6.858060380938737488e+00
5.871999999999999886e+00,2.769944474392869616e+00,6.858060345059914908e+00
5.873000000000000220e+00,2.769944335616042697e+00,6.858060309253786180e+00
5.874000000000000554e+00,2.769944197120383311e+00,6.858060273520198535e+00
5.875000000000000000e+00,2.769944058905316808e+00,6.858060237859011643e+00
5.876000000000000334e+00,2.769943920970280526e+00,6.858060202270071848e+00
5.876999999999999780e+00,2.769943783314702923e+00,6.858060166753240594e+00
5.878000000000000114e+00,2.769943645938021337e+00,6.858060131308366891e+00
5.879000000000000448e+00,2.769943508839667778e+00,6.858060095935302414e+00
5.879999999999999893e+00,2.769943372019078254e+00,6.858060060633906829e+00
5.881000000000000227e+00,2.769943235475691878e+00,6.858060025404030924e+00
5.882000000000000561e+00,2.769943099208946879e+00,6.858059990245534365e+00
5.883000000000000007e+00,2.769942963218281928e+00,6.858059955158267940e+00
5.884000000000000341e+00,2.769942827503138805e+00,6.858059920142091315e+00
5.884999999999999787e+00,2.769942692062956624e+00,6.858059885196858829e+00
5.886000000000000121e+00,2.769942556897182051e+00,6.858059850322423046e+00
5.887000000000000455e+00,2.769942422005255533e+00,6.858059815518645408e+00
5.887999999999999901e+00,2.769942287386624624e+00,6.858059780785380255e+00
5.889000000000000234e+00,2.769942153040733324e+00,6.858059746122489031e+00
5.889999999999999680e+00,2.769942018967032293e+00,6.858059711529824298e+00
5.891000000000000014e+00,2.769941885164967754e+00,6.858059677007243060e+00
5.892000000000000348e+00,2.769941751633991256e+00,6.858059642554609425e+00
5.892999999999999794e+00,2.769941618373551240e+00,6.858059608171774180e+00
5.894000000000000128e+00,2.769941485383098811e+00,6.858059573858600544e+00
5.895000000000000462e+00,2.769941352662094403e+00,6.858059539614949074e+00
5.895999999999999908e+00,2.769941220209981125e+00,6.858059505440672332e+00
5.897000000000000242e+00,2.769941088026220744e+00,6.858059471335636204e+00
5.897999999999999687e+00,2.769940956110269248e+00,6.858059437299694139e+00
5.899000000000000021e+00,2.769940824461583073e+00,6.858059403332715576e+00
5.900000000000000355e+00,2.769940693079619098e+00,6.858059369434553076e+00
5.900999999999999801e+00,2.769940561963843084e+00,6.858059335605067197e+00
5.902000000000000135e+00,2.769940431113706580e+00,6.858059301844122935e+00
5.903000000000000469e+00,2.769940300528677568e+00,6.858059268151576404e+00
5.903999999999999915e+00,2.769940170208220920e+00,6.858059234527294379e+00
5.905000000000000249e+00,2.769940040151792626e+00,6.858059200971136526e+00
5.905999999999999694e+00,2.769939910358865109e+00,6.858059167482962515e+00
5.907000000000000028e+00,2.769939780828899689e+00,6.858059134062638229e+00
5.908000000000000362e+00,2.769939651561367455e+00,6.858059100710024225e+00
5.908999999999999808e+00,2.769939522555732836e+00,6.858059067424981947e+00
5.910000000000000142e+00,2.769939393811468697e+00,6.858059034207378168e+00
5.911000000000000476e+00,2.769939265328045241e+00,6.858059001057072557e+00
5.911999999999999922e+00,2.769939137104931337e+00,6.858058967973931885e+00
5.913000000000000256e+00,2.769939009141600739e+00,6.858058934957818487e+00
5.913999999999999702e+00,2.769938881437528533e+00,6.858058902008595581e+00
5.915000000000000036e+00,2.769938753992189362e+00,6.858058869126129053e+00
5.916000000000000369e+00,2.769938626805056092e+00,6.858058836310284789e+00
5.916999999999999815e+00,2.769938499875607363e+00,6.858058803560922456e+00
5.918000000000000149e+00,2.769938373203323145e+00,6.858058770877915933e+00
5.919000000000000483e+00,2.769938246787678526e+00,6.858058738261123999e+00
5.919999999999999929e+00,2.769938120628156142e+00,6.858058705710415204e+00
5.921000000000000263e+00,2.769937994724237740e+00,6.858058673225654545e+00
5.921999999999999709e+00,2.769937869075402848e+00,6.858058640806707018e+00
5.923000000000000043e+00,2.769937743681135878e+00,6.858058608453443838e+00
5.924000000000000377e+00,2.769937618540922575e+00,6.858058576165730003e+00
5.924999999999999822e+00,2.769937493654249128e+00,6.858058543943428731e+00
5.926000000000000156e+00,2.769937369020595508e+00,6.858058511786414790e+00
5.927000000000000490e+00,2.769937244639453677e+00,6.858058479694549625e+00
5.927999999999999936e+00,2.769937120510313822e+00,6.858058447667702673e+00
5.929000000000000270e+00,2.769936996632660797e+00,6.858058415705744260e+00
5.929999999999999716e+00,2.769936873005987898e+00,6.858058383808542935e+00
5.931000000000000050e+00,2.769936749629786199e+00,6.858058351975962808e+00
5.932000000000000384e+00,2.769936626503549881e+00,6.858058320207879532e+00
5.932999999999999829e+00,2.769936503626768687e+00,6.858058288504159883e+00
5.934000000000000163e+00,2.769936380998940351e+00,6.858058256864667968e+00
5.935000000000000497e+00,2.769936258619559499e+00,6.858058225289282994e+00
5.935999999999999943e+00,2.769936136488122536e+00,6.858058193777870848e+00
5.937000000000000277e+00,2.769936014604129415e+00,6.858058162330298302e+00
5.937999999999999723e+00,2.769935892967074764e+00,6.858058130946442787e+00
5.939000000000000057e+00,2.769935771576459427e+00,6.858058099626170190e+00
5.940000000000000391e+00,2.769935650431783358e+00,6.858058068369352611e+00
5.940999999999999837e+00,2.769935529532553620e+00,6.858058037175864818e+00
5.942000000000000171e+00,2.769935408878269723e+00,6.858058006045574473e+00
5.943000000000000504e+00,2.769935288468431178e+00,6.858057974978353677e+00
5.943999999999999950e+00,2.769935168302547268e+00,6.858057943974078086e+00
5.945000000000000284e+00,2.769935048380124165e+00,6.858057913032618025e+00
5.945999999999999730e+00,2.769934928700667598e+00,6.858057882153843821e+00
5.947000000000000064e+00,2.769934809263683739e+00,6.858057851337632904e+00
5.948000000000000398e+00,2.769934690068682315e+00,6.858057820583856490e+00
5.948999999999999844e+00,2.769934571115173938e+00,6.858057789892389344e+00
5.950000000000000178e+00,2.769934452402667446e+00,6.858057759263100017e+00
5.951000000000000512e+00,2.769934333930678338e+00,6.858057728695870381e+00
5.951999999999999957e+00,2.769934215698716784e+00,6.858057698190570761e+00
5.953000000000000291e+00,2.769934097706296505e+00,6.858057667747071484e+00
5.953999999999999737e+00,2.769933979952929004e+00,6.858057637365256198e+00
5.955000000000000071e+00,2.769933862438136885e+00,6.858057607044994342e+00
5.956000000000000405e+00,2.769933745161430316e+00,6.858057576786159792e+00
5.956999999999999851e+00,2.769933628122330571e+00,6.858057546588631759e+00
5.958000000000000185e+00,2.769933511320357145e+00,6.858057516452285896e+00
5.959000000000000519e+00,2.769933394755025091e+00,6.858057486376997858e+00
5.959999999999999964e+00,2.769933278425861012e+00,6.858057456362639748e+00
5.961000000000000298e+00,2.769933162332379961e+00,6.858057426409094326e+00
5.961999999999999744e+00,2.769933046474109872e+00,6.858057396516236359e+00
5.963000000000000078e+00,2.769932930850569797e+00,6.858057366683938838e+00
5.964000000000000412e+00,2.769932815461288111e+00,6.858057336912084523e+00
5.964999999999999858e+00,2.769932700305785644e+00,6.858057307200549069e+00
5.966000000000000192e+00,2.769932585383594326e+00,6.858057277549211683e+00
5.967000000000000526e+00,2.769932470694238535e+00,6.858057247957943581e+00
5.967999999999999972e+00,2.769932356237246207e+00,6.858057218426633739e+00
5.969000000000000306e+00,2.769932242012146606e+00,6.858057188955151595e+00
5.969999999999999751e+00,2.769932128018468998e+00,6.858057159543379910e+00
5.971000000000000085e+00,2.769932014255750197e+00,6.858057130191198780e+00
5.972000000000000419e+00,2.769931900723512808e+00,6.858057100898485636e+00
5.972999999999999865e+00,2.769931787421297198e+00,6.858057071665121462e+00
5.974000000000000199e+00,2.769931674348635742e+00,6.858057042490981914e+00
5.975000000000000533e+00,2.769931561505062145e+00,6.858057013375952415e+00
5.975999999999999979e+00,2.769931448890111447e+00,6.858056984319910399e+00
5.977000000000000313e+00,2.769931336503323127e+00,6.858056955322735071e+00
5.977999999999999758e+00,2.769931224344231779e+00,6.858056926384310970e+00
5.979000000000000092e+00,2.769931112412383101e+00,6.858056897504516414e+00
5.980000000000000426e+00,2.769931000707306357e+00,6.858056868683233276e+00
5.980999999999999872e+00,2.769930889228549908e+00,6.858056839920340764e+00
5.982000000000000206e+00,2.769930777975650127e+00,6.858056811215725190e+00
5.983000000000000540e+00,2.769930666948153153e+00,6.858056782569265764e+00
5.983999999999999986e+00,2.769930556145602019e+00,6.858056753980844356e+00
5.985000000000000320e+00,2.769930445567539756e+00,6.858056725450343727e+00
5.985999999999999766e+00,2.769930335213511174e+00,6.858056696977646638e+00
5.987000000000000099e+00,2.769930225083064190e+00,6.858056668562636737e+00
5.988000000000000433e+00,2.769930115175742280e+00,6.858056640205197674e+00
5.988999999999999879e+00,2.769930005491096470e+00,6.858056611905207767e+00
5.990000000000000213e+00,2.769929896028675564e+00,6.858056583662557770e+00
5.991000000000000547e+00,2.769929786788028814e+00,6.858056555477127780e+00
5.991999999999999993e+00,2.769929677768707244e+00,6.858056527348801445e+00
5.993000000000000327e+00,2.769929568970260547e+00,6.858056499277461526e+00
5.993999999999999773e+00,2.769929460392243303e+00,6.858056471262998777e+00
5.995000000000000107e+00,2.769929352034206538e+00,6.858056443305294181e+00
5.996000000000000441e+00,2.769929243895710158e+00,6.858056415404231387e+00
5.996999999999999886e+00,2.769929135976302081e+00,6.858056387559694933e+00
5.998000000000000220e+00,2.769929028275543548e+00,6.858056359771573796e+00
5.999000000000000554e+00,2.769928920792988247e+00,6.858056332039753400e+00
6.000000000000000000e+00,2.769928813528195644e+00,6.858056304364118283e+00
6.001000000000000334e+00,2.769928706480726088e+00,6.858056276744552981e+00
6.001999999999999780e+00,2.769928599650137269e+00,6.858056249180947361e+00
6.003000000000000114e+00,2.769928493035989980e+00,6.858056221673186847e+00
6.004000000000000448e+00,2.769928386637847240e+00,6.858056194221157753e+00
6.004999999999999893e+00,2.769928280455269842e+00,6.858056166824744615e+00
6.006000000000000227e+00,2.769928174487819472e+00,6.858056139483839964e+00
6.007000000000000561e+00,2.769928068735060922e+00,6.858056112198328336e+00
6.008000000000000007e+00,2.769927963196563425e+00,6.858056084968097821e+00
6.009000000000000341e+00,2.769927857871889998e+00,6.858056057793034732e+00
6.009999999999999787e+00,2.769927752760605877e+00,6.858056030673032488e+00
6.011000000000000121e+00,2.769927647862279407e+00,6.858056003607974738e+00
6.012000000000000455e+00,2.769927543176483375e+00,6.858055976597751346e+00
6.012999999999999901e+00,2.769927438702779909e+00,6.858055949642252180e+00
6.014000000000000234e+00,2.769927334440745348e+00,6.858055922741362664e+00
6.015000000000000568e+00,2.769927230389949369e+00,6.858055895894977994e+00
6.016000000000000014e+00,2.769927126549961649e+00,6.858055869102985369e+00
6.017000000000000348e+00,2.769927022920357196e+00,6.858055842365272881e+00
6.017999999999999794e+00,2.769926919500709683e+00,6.858055815681729506e+00
6.019000000000000128e+00,2.769926816290591454e+00,6.858055789052250439e+00
6.020000000000000462e+00,2.769926713289582842e+00,6.858055762476723771e+00
6.020999999999999908e+00,2.769926610497253971e+00,6.858055735955040255e+00
6.022000000000000242e+00,2.769926507913187841e+00,6.858055709487089757e+00
6.022999999999999687e+00,2.769926405536961234e+00,6.858055683072761255e+00
6.024000000000000021e+00,2.769926303368148268e+00,6.858055656711952608e+00
6.025000000000000355e+00,2.769926201406334165e+00,6.858055630404551017e+00
6.025999999999999801e+00,2.769926099651095708e+00,6.858055604150448126e+00
6.027000000000000135e+00,2.769925998102019005e+00,6.858055577949536463e+00
6.028000000000000469e+00,2.769925896758680395e+00,6.858055551801707672e+00
6.028999999999999915e+00,2.769925795620671316e+00,6.858055525706858724e+00
6.030000000000000249e+00,2.769925694687564555e+00,6.858055499664875931e+00
6.030999999999999694e+00,2.769925593958955545e+00,6.858055473675656266e+00
6.032000000000000028e+00,2.769925493434423736e+00,6.858055447739088706e+00
6.033000000000000362e+00,2.769925393113557011e+00,6.858055421855072886e+00
6.033999999999999808e+00,2.769925292995944588e+00,6.858055396023496897e+00
6.035000000000000142e+00,2.769925193081173465e+00,6.858055370244257709e+00
6.036000000000000476e+00,2.769925093368831082e+00,6.858055344517248741e+00
6.036999999999999922e+00,2.769924993858507989e+00,6.858055318842359860e+00
6.038000000000000256e+00,2.769924894549798733e+00,6.858055293219491588e+00
6.038999999999999702e+00,2.769924795442289422e+00,6.858055267648536457e+00
6.040000000000000036e+00,2.769924696535575936e+00,6.858055242129387885e+00
6.041000000000000369e+00,2.769924597829249713e+00,6.858055216661942843e+00
6.041999999999999815e+00,2.769924499322903522e+00,6.858055191246092086e+00
6.043000000000000149e+00,2.769924401016137683e+00,6.858055165881737913e+00
6.044000000000000483e+00,2.769924302908541414e+00,6.858055140568771968e+00
6.044999999999999929e+00,2.769924204999715034e+00,6.858055115307092109e+00
6.046000000000000263e+00,2.769924107289253978e+00,6.858055090096590867e+00
6.046999999999999709e+00,2.769924009776758567e+00,6.858055064937166101e+00
6.048000000000000043e+00,2.769923912461825566e+00,6.858055039828716559e+00
6.049000000000000377e+00,2.769923815344053963e+00,6.858055014771138325e+00
6.049999999999999822e+00,2.769923718423047188e+00,6.858054989764327480e+00
6.051000000000000156e+00,2.769923621698404226e+00,6.858054964808180110e+00
6.052000000000000490e+00,2.769923525169727618e+00,6.858054939902593183e+00
6.052999999999999936e+00,2.769923428836621682e+00,6.858054915047468114e+00
6.054000000000000270e+00,2.769923332698690288e+00,6.858054890242699209e+00
6.054999999999999716e+00,2.769923236755536866e+00,6.858054865488186103e+00
6.056000000000000050e+00,2.769923141006768841e+00,6.858054840783826656e+00
6.057000000000000384e+00,2.769923045451988308e+00,6.858054816129518727e+00
6.057999999999999829e+00,2.769922950090803138e+00,6.858054791525158400e+00
6.059000000000000163e+00,2.769922854922822975e+00,6.858054766970649752e+00
6.060000000000000497e+00,2.769922759947656576e+00,6.858054742465890641e+00
6.060999999999999943e+00,2.769922665164912701e+00,6.858054718010778039e+00
6.062000000000000277e+00,2.769922570574199217e+00,6.858054693605211583e+00
6.062999999999999723e+00,2.769922476175134207e+00,6.858054669249088242e+00
6.064000000000000057e+00,2.769922381967320657e+00,6.858054644942314759e+00
6.065000000000000391e+00,2.769922287950375761e+00,6.858054620684788105e+00
6.065999999999999837e+00,2.769922194123911829e+00,6.858054596476406140e+00
6.067000000000000171e+00,2.769922100487542949e+00,6.858054572317072939e+00
6.068000000000000504e+00,2.769922007040882761e+00,6.858054548206686363e+00
6.068999999999999950e+00,2.769921913783549350e+00,6.858054524145145159e+00
6.070000000000000284e+00,2.769921820715159022e+00,6.858054500132356068e+00
6.070999999999999730e+00,2.769921727835326752e+00,6.858054476168218727e+00
6.072000000000000064e+00,2.769921635143670180e+00,6.858054452252631883e+00
6.073000000000000398e+00,2.769921542639811829e+00,6.858054428385498724e+00
6.073999999999999844e+00,2.769921450323369339e+00,6.858054404566720663e+00
6.075000000000000178e+00,2.769921358193960792e+00,6.858054380796199112e+00
6.076000000000000512e+00,2.769921266251210934e+00,6.858054357073839924e+00
6.076999999999999957e+00,2.769921174494738292e+00,6.858054333399542735e+00
6.078000000000000291e+00,2.769921082924164946e+00,6.858054309773208956e+00
6.078999999999999737e+00,2.769920991539120081e+00,6.858054286194743554e+00
6.080000000000000071e+00,2.769920900339223557e+00,6.858054262664049716e+00
6.081000000000000405e+00,2.769920809324097011e+00,6.858054239181026190e+00
6.081999999999999851e+00,2.769920718493371847e+00,6.858054215745582383e+00
6.083000000000000185e+00,2.769920627846671923e+00,6.858054192357618817e+00
6.084000000000000519e+00,2.769920537383626868e+00,6.858054169017042234e+00
6.084999999999999964e+00,2.769920447103859651e+00,6.858054145723753159e+00
6.086000000000000298e+00,2.769920357007003453e+00,6.858054122477657444e+00
6.086999999999999744e+00,2.769920267092684352e+00,6.858054099278654725e+00
6.088000000000000078e+00,2.769920177360537306e+00,6.858054076126657961e+00
6.089000000000000412e+00,2.769920087810187059e+00,6.858054053021566787e+00
6.089999999999999858e+00,2.769919998441269904e+00,6.858054029963287945e+00
6.091000000000000192e+00,2.769919909253416801e+00,6.858054006951725512e+00
6.092000000000000526e+00,2.769919820246259157e+00,6.858053983986785340e+00
6.092999999999999972e+00,2.769919731419434594e+00,6.858053961068369730e+00
6.094000000000000306e+00,2.769919642772575852e+00,6.858053938196390753e+00
6.094999999999999751e+00,2.769919554305315224e+00,6.858053915370751596e+00
6.096000000000000085e+00,2.769919466017296106e+00,6.858053892591356338e+00
6.097000000000000419e+00,2.769919377908148572e+00,6.858053869858113494e+00
6.097999999999999865e+00,2.769919289977511578e+00,6.858053847170928030e+00
6.099000000000000199e+00,2.769919202225027188e+00,6.858053824529709352e+00
6.100000000000000533e+00,2.769919114650329028e+00,6.858053801934358873e+00
6.100999999999999979e+00,2.769919027253062715e+00,6.858053779384789550e+00
6.102000000000000313e+00,2.769918940032863652e+00,6.858053756880906349e+00
6.102999999999999758e+00,2.769918852989375679e+00,6.858053734422616898e+00
6.104000000000000092e+00,2.769918766122240417e+00,6.858053712009827940e+00
6.105000000000000426e+00,2.769918679431101260e+00,6.858053689642447992e+00
6.105999999999999872e+00,2.769918592915598055e+00,6.858053667320384683e+00
6.107000000000000206e+00,2.769918506575379524e+00,6.858053645043545643e+00
6.108000000000000540e+00,2.769918420410089954e+00,6.858053622811842054e+00
6.108999999999999986e+00,2.769918334419371853e+00,6.858053600625179769e+00
6.110000000000000320e+00,2.769918248602873945e+00,6.858053578483469082e+00
6.110999999999999766e+00,2.769918162960244068e+00,6.858053556386618510e+00
6.112000000000000099e+00,2.769918077491126951e+00,6.858053534334535684e+00
6.113000000000000433e+00,2.769917992195173984e+00,6.858053512327132673e+00
6.113999999999999879e+00,2.769917907072032115e+00,6.858053490364311777e+00
6.115000000000000213e+00,2.769917822121351403e+00,6.858053468445992173e+00
6.116000000000000547e+00,2.769917737342783681e+00,6.858053446572079714e+00
6.116999999999999993e+00,2.769917652735979896e+00,6.858053424742485582e+00
6.118000000000000327e+00,2.769917568300592770e+00,6.858053402957117406e+00
6.118999999999999773e+00,2.769917484036274136e+00,6.858053381215888145e+00
6.120000000000000107e+00,2.769917399942676717e+00,6.858053359518705427e+00
6.121000000000000441e+00,2.769917316019454567e+00,6.858053337865480437e+00
6.121999999999999886e+00,2.769917232266265295e+00,6.858053316256127907e+00
6.123000000000000220e+00,2.769917148682761621e+00,6.858053294690558133e+00
6.124000000000000554e+00,2.769917065268599821e+00,6.858053273168678743e+00
6.125000000000000000e+00,2.769916982023437502e+00,6.858053251690403584e+00
6.126000000000000334e+00,2.769916898946931383e+00,6.858053230255644728e+00
6.126999999999999780e+00,2.769916816038742624e+00,6.858053208864313355e+00
6.128000000000000114e+00,2.769916733298526168e+00,6.858053187516317983e+00
6.129000000000000448e+00,2.769916650725944507e+00,6.858053166211576901e+00
6.129999999999999893e+00,2.769916568320659245e+00,6.858053144950000402e+00
6.131000000000000227e+00,2.769916486082327989e+00,6.858053123731500555e+00
6.132000000000000561e+00,2.769916404010612343e+00,6.858053102555989433e+00
6.133000000000000007e+00,2.769916322105179685e+00,6.858053081423379993e+00
6.134000000000000341e+00,2.769916240365687177e+00,6.858053060333586970e+00
6.134999999999999787e+00,2.769916158791802197e+00,6.858053039286523322e+00
6.136000000000000121e+00,2.769916077383188124e+00,6.858053018282098456e+00
6.137000000000000455e+00,2.769915996139508341e+00,6.858052997320230659e+00
6.137999999999999901e+00,2.769915915060433331e+00,6.858052976400832002e+00
6.139000000000000234e+00,2.769915834145624700e+00,6.858052955523818106e+00
6.140000000000000568e+00,2.769915753394753377e+00,6.858052934689100155e+00
6.141000000000000014e+00,2.769915672807486295e+00,6.858052913896594660e+00
6.142000000000000348e+00,2.769915592383489056e+00,6.858052893146215467e+00
6.142999999999999794e+00,2.769915512122433476e+00,6.858052872437877312e+00
6.144000000000000128e+00,2.769915432023989155e+00,6.858052851771491376e+00
6.145000000000000462e+00,2.769915352087828797e+00,6.858052831146979500e+00
6.145999999999999908e+00,2.769915272313618892e+00,6.858052810564253754e+00
6.147000000000000242e+00,2.769915192701034368e+00,6.858052790023227985e+00
6.147999999999999687e+00,2.769915113249748373e+00,6.858052769523820480e+00
6.149000000000000021e+00,2.769915033959431394e+00,6.858052749065943310e+00
6.150000000000000355e+00,2.769914954829760578e+00,6.858052728649516538e+00
6.150999999999999801e+00,2.769914875860406855e+00,6.858052708274453124e+00
6.152000000000000135e+00,2.769914797051047817e+00,6.858052687940667802e+00
6.153000000000000469e+00,2.769914718401360165e+00,6.858052667648081524e+00
6.153999999999999915e+00,2.769914639911017495e+00,6.858052647396609025e+00
6.155000000000000249e+00,2.769914561579698731e+00,6.858052627186165928e+00
6.155999999999999694e+00,2.769914483407081907e+00,6.858052607016671409e+00
6.157000000000000028e+00,2.769914405392843282e+00,6.858052586888038427e+00
6.158000000000000362e+00,2.769914327536666665e+00,6.858052566800187044e+00
6.158999999999999808e+00,2.769914249838226095e+00,6.858052546753034662e+00
6.160000000000000142e+00,2.769914172297207156e+00,6.858052526746500455e+00
6.161000000000000476e+00,2.769914094913287439e+00,6.858052506780494717e+00
6.161999999999999922e+00,2.769914017686150309e+00,6.858052486854944618e+00
6.163000000000000256e+00,2.769913940615476022e+00,6.858052466969764005e+00
6.163999999999999702e+00,2.769913863700950163e+00,6.858052447124871165e+00
6.165000000000000036e+00,2.769913786942255651e+00,6.858052427320185274e+00
6.166000000000000369e+00,2.769913710339077184e+00,6.858052407555622842e+00
6.166999999999999815e+00,2.769913633891096794e+00,6.858052387831104824e+00
6.168000000000000149e+00,2.769913557598003173e+00,6.858052368146549505e+00
6.169000000000000483e+00,2.769913481459483240e+00,6.858052348501876061e+00
6.169999999999999929e+00,2.769913405475218582e+00,6.858052328897000116e+00
6.171000000000000263e+00,2.769913329644903222e+00,6.858052309331845287e+00
6.171999999999999709e+00,2.769913253968220967e+00,6.858052289806331636e+00
6.173000000000000043e+00,2.769913178444862289e+00,6.858052270320378341e+00
6.174000000000000377e+00,2.769913103074516325e+00,6.858052250873901023e+00
6.174999999999999822e+00,2.769913027856871768e+00,6.858052231466825965e+00
6.176000000000000156e+00,2.769912952791619531e+00,6.858052212099068790e+00
6.177000000000000490e+00,2.769912877878452750e+00,6.858052192770551336e+00
6.177999999999999936e+00,2.769912803117063671e+00,6.858052173481194558e+00
6.179000000000000270e+00,2.769912728507140098e+00,6.858052154230917630e+00
6.179999999999999716e+00,2.769912654048381828e+00,6.858052135019640616e+00
6.181000000000000050e+00,2.769912579740477998e+00,6.858052115847287133e+00
6.182000000000000384e+00,2.769912505583123519e+00,6.858052096713778134e+00
6.182999999999999829e+00,2.769912431576013745e+00,6.858052077619035458e+00
6.184000000000000163e+00,2.769912357718844031e+00,6.858052058562978281e+00
6.185000000000000497e+00,2.769912284011313286e+00,6.858052039545529333e+00
6.185999999999999943e+00,2.769912210453113310e+00,6.858052020566610452e+00
6.187000000000000277e+00,2.769912137043945677e+00,6.858052001626143479e+00
6.187999999999999723e+00,2.769912063783505740e+00,6.858051982724050255e+00
6.189000000000000057e+00,2.769911990671496405e+00,6.858051963860253508e+00
6.190000000000000391e+00,2.769911917707612581e+00,6.858051945034671526e+00
6.190999999999999837e+00,2.769911844891554953e+00,6.858051926247235031e+00
6.192000000000000171e+00,2.769911772223026869e+00,6.858051907497860533e+00
6.193000000000000504e+00,2.769911699701726349e+00,6.858051888786474315e+00
6.193999999999999950e+00,2.769911627327355408e+00,6.858051870112996440e+00
6.195000000000000284e+00,2.769911555099616507e+00,6.858051851477353189e+00
6.195999999999999730e+00,2.769911483018214771e+00,6.858051832879465515e+00
6.197000000000000064e+00,2.769911411082850883e+00,6.858051814319257922e+00
6.198000000000000398e+00,2.769911339293230412e+00,6.858051795796654027e+00
6.198999999999999844e+00,2.769911267649056263e+00,6.858051777311577446e+00
6.200000000000000178e+00,2.769911196150036226e+00,6.858051758863949132e+00
6.201000000000000512e+00,2.769911124795875423e+00,6.858051740453698919e+00
6.201999999999999957e+00,2.769911053586281202e+00,6.858051722080747759e+00
6.203000000000000291e+00,2.769910982520957798e+00,6.858051703745021932e+00
6.203999999999999737e+00,2.769910911599615666e+00,6.858051685446444168e+00
6.205000000000000071e+00,2.769910840821963038e+00,6.858051667184939859e+00
6.206000000000000405e+00,2.769910770187706373e+00,6.858051648960433511e+00
6.206999999999999851e+00,2.769910699696558787e+00,6.858051630772851404e+00
6.208000000000000185e+00,2.769910629348225850e+00,6.858051612622117155e+00
6.209000000000000519e+00,2.769910559142422901e+00,6.858051594508157933e+00
6.209999999999999964e+00,2.769910489078858173e+00,6.858051576430897356e+00
6.211000000000000298e+00,2.769910419157243453e+00,6.858051558390259039e+00
6.211999999999999744e+00,2.769910349377290526e+00,6.858051540386173706e+00
6.213000000000000078e+00,2.769910279738716508e+00,6.858051522418566748e+00
6.214000000000000412e+00,2.769910210241231407e+00,6.858051504487361782e+00
6.214999999999999858e+00,2.769910140884551009e+00,6.858051486592485091e+00
6.216000000000000192e+00,2.769910071668388873e+00,6.858051468733864731e+00
6.217000000000000526e+00,2.769910002592459453e+00,6.858051450911427871e+00
6.217999999999999972e+00,2.769909933656481194e+00,6.858051433125097240e+00
6.219000000000000306e+00,2.769909864860168103e+00,6.858051415374803561e+00
6.219999999999999751e+00,2.769909796203239516e+00,6.858051397660472226e+00
6.221000000000000085e+00,2.769909727685408551e+00,6.858051379982031293e+00
6.222000000000000419e+00,2.769909659306400318e+00,6.858051362339406154e+00
6.222999999999999865e+00,2.769909591065928822e+00,6.858051344732523091e+00
6.224000000000000199e+00,2.769909522963713400e+00,6.858051327161315491e+00
6.225000000000000533e+00,2.769909454999476495e+00,6.858051309625706971e+00
6.225999999999999979e+00,2.769909387172936999e+00,6.858051292125627363e+00
6.227000000000000313e+00,2.769909319483813803e+00,6.858051274661001173e+00
6.227999999999999758e+00,2.769909251931834682e+00,6.858051257231760900e+00
6.229000000000000092e+00,2.769909184516715417e+00,6.858051239837831936e+00
6.230000000000000426e+00,2.769909117238180229e+00,6.858051222479143227e+00
6.230999999999999872e+00,2.769909050095953340e+00,6.858051205155624608e+00
6.232000000000000206e+00,2.769908983089760302e+00,6.858051187867203247e+00
6.233000000000000540e+00,2.769908916219323114e+00,6.858051170613808978e+00
6.233999999999999986e+00,2.769908849484366442e+00,6.858051153395369859e+00
6.235000000000000320e+00,2.769908782884618059e+00,6.858051136211813947e+00
6.235999999999999766e+00,2.769908716419801742e+00,6.858051119063074630e+00
6.237000000000000099e+00,2.769908650089645707e+00,6.858051101949079964e+00
6.238000000000000433e+00,2.769908583893874621e+00,6.858051084869756231e+00
6.238999999999999879e+00,2.769908517832219363e+00,6.858051067825039482e+00
6.240000000000000213e+00,2.769908451904406821e+00,6.858051050814853333e+00
6.241000000000000547e+00,2.769908386110165655e+00,6.858051033839131172e+00
6.241999999999999993e+00,2.769908320449226302e+00,6.858051016897801055e+00
6.243000000000000327e+00,2.769908254921317869e+00,6.858050999990797258e+00
6.243999999999999773e+00,2.769908189526169462e+00,6.858050983118045174e+00
6.245000000000000107e+00,2.769908124263516846e+00,6.858050966279479077e+00
6.246000000000000441e+00,2.769908059133085132e+00,6.858050949475027025e+00
6.246999999999999886e+00,2.769907994134610973e+00,6.858050932704621516e+00
6.248000000000000220e+00,2.769907929267823476e+00,6.858050915968192385e+00
6.249000000000000554e+00,2.769907864532459740e+00,6.858050899265673017e+00
6.250000000000000000e+00,2.769907799928251535e+00,6.858050882596993247e+00
6.251000000000000334e+00,2.769907735454930631e+00,6.858050865962084686e+00
6.251999999999999780e+00,2.769907671112239012e+00,6.858050849360879830e+00
6.253000000000000114e+00,2.769907606899906671e+00,6.858050832793307627e+00
6.254000000000000448e+00,2.769907542817668933e+00,6.858050816259304128e+00
6.254999999999999893e+00,2.769907478865263784e+00,6.858050799758798277e+00
6.256000000000000227e+00,2.769907415042426990e+00,6.858050783291721686e+00
6.257000000000000561e+00,2.769907351348899205e+00,6.858050766858009517e+00
6.258000000000000007e+00,2.769907287784413974e+00,6.858050750457590716e+00
6.259000000000000341e+00,2.769907224348713282e+00,6.858050734090401335e+00
6.259999999999999787e+00,2.769907161041535559e+00,6.858050717756372094e+00
6.261000000000000121e+00,2.769907097862618794e+00,6.858050701455435494e+00
6.262000000000000455e+00,2.769907034811706303e+00,6.858050685187523143e+00
6.262999999999999901e+00,2.769906971888536518e+00,6.858050668952571094e+00
6.264000000000000234e+00,2.769906909092850533e+00,6.858050652750512732e+00
6.265000000000000568e+00,2.769906846424389890e+00,6.858050636581280557e+00
6.266000000000000014e+00,2.769906783882897017e+00,6.858050620444807066e+00
6.267000000000000348e+00,2.769906721468113897e+00,6.858050604341025647e+00
6.267999999999999794e+00,2.769906659179787400e+00,6.858050588269873238e+00
6.269000000000000128e+00,2.769906597017657290e+00,6.858050572231279673e+00
6.270000000000000462e+00,2.769906534981469548e+00,6.858050556225181893e+00
6.270999999999999908e+00,2.769906473070970154e+00,6.858050540251511507e+00
6.272000000000000242e+00,2.769906411285902870e+00,6.858050524310205454e+00
6.272999999999999687e+00,2.769906349626014119e+00,6.858050508401196232e+00
6.274000000000000021e+00,2.769906288091046775e+00,6.858050492524419894e+00
6.275000000000000355e+00,2.769906226680755701e+00,6.858050476679809826e+00
6.275999999999999801e+00,2.769906165394881548e+00,6.858050460867301190e+00
6.277000000000000135e+00,2.769906104233173849e+00,6.858050445086825597e+00
6.278000000000000469e+00,2.769906043195381251e+00,6.858050429338326204e+00
6.278999999999999915e+00,2.769905982281254175e+00,6.858050413621733732e+00
6.280000000000000249e+00,2.769905921490542156e+00,6.858050397936982456e+00
6.280999999999999694e+00,2.769905860822990729e+00,6.858050382284009316e+00
6.282000000000000028e+00,2.769905800278353869e+00,6.858050366662749475e+00
6.283000000000000362e+00,2.769905739856383331e+00,6.858050351073138096e+00
6.283999999999999808e+00,2.769905679556829536e+00,6.858050335515113005e+00
6.285000000000000142e+00,2.769905619379443351e+00,6.858050319988607590e+00
6.286000000000000476e+00,2.769905559323980970e+00,6.858050304493560567e+00
6.286999999999999922e+00,2.769905499390190595e+00,6.858050289029907098e+00
6.288000000000000256e+00,2.769905439577826201e+00,6.858050273597583235e+00
6.288999999999999702e+00,2.769905379886644425e+00,6.858050258196525029e+00
6.290000000000000036e+00,2.769905320316400132e+00,6.858050242826669418e+00
6.291000000000000369e+00,2.769905260866846408e+00,6.858050227487954231e+00
6.291999999999999815e+00,2.769905201537739003e+00,6.858050212180315519e+00
6.293000000000000149e+00,2.769905142328833225e+00,6.858050196903687556e+00
6.294000000000000483e+00,2.769905083239886157e+00,6.858050181658014388e+00
6.294999999999999929e+00,2.769905024270656213e+00,6.858050166443228512e+00
6.296000000000000263e+00,2.769904965420898701e+00,6.858050151259268645e+00
6.296999999999999709e+00,2.769904906690373814e+00,6.858050136106071726e+00
6.298000000000000043e+00,2.769904848078836856e+00,6.858050120983573805e+00
6.299000000000000377e+00,2.769904789586051130e+00,6.858050105891717152e+00
6.299999999999999822e+00,2.769904731211772830e+00,6.858050090830436041e+00
6.301000000000000156e+00,2.769904672955759484e+00,6.858050075799669187e+00
6.302000000000000490e+00,2.769904614817775723e+00,6.858050060799356196e+00
6.302999999999999936e+00,2.769904556797583073e+00,6.858050045829433117e+00
6.304000000000000270e+00,2.769904498894940392e+00,6.858050030889840443e+00
6.304999999999999716e+00,2.769904441109608761e+00,6.858050015980514225e+00
6.306000000000000050e+00,2.769904383441352369e+00,6.858050001101395843e+00
6.307000000000000384e+00,2.769904325889932295e+00,6.858049986252423125e+00
6.307999999999999829e+00,2.769904268455115393e+00,6.858049971433534786e+00
6.309000000000000163e+00,2.769904211136663630e+00,6.858049956644670431e+00
6.310000000000000497e+00,2.769904153934338531e+00,6.858049941885766110e+00
6.310999999999999943e+00,2.769904096847907393e+00,6.858049927156764092e+00
6.312000000000000277e+00,2.769904039877136626e+00,6.858049912457605757e+00
6.312999999999999723e+00,2.769903983021788640e+00,6.858049897788227156e+00
6.314000000000000057e+00,2.769903926281631623e+00,6.858049883148569670e+00
6.315000000000000391e+00,2.769903869656429762e+00,6.858049868538572014e+00
6.315999999999999837e+00,2.769903813145954796e+00,6.858049853958175568e+00
6.317000000000000171e+00,2.769903756749971802e+00,6.858049839407318160e+00
6.318000000000000504e+00,2.769903700468247632e+00,6.858049824885942947e+00
6.318999999999999950e+00,2.769903644300551804e+00,6.858049810393987755e+00
6.320000000000000284e+00,2.769903588246654280e+00,6.858049795931393078e+00
6.320999999999999730e+00,2.769903532306321914e+00,6.858049781498100295e+00
6.322000000000000064e+00,2.769903476479327775e+00,6.858049767094050786e+00
6.323000000000000398e+00,2.769903420765440050e+00,6.858049752719183267e+00
6.323999999999999844e+00,2.769903365164430475e+00,6.858049738373439119e+00
6.325000000000000178e+00,2.769903309676070791e+00,6.858049724056761498e+00
6.326000000000000512e+00,2.769903254300130957e+00,6.858049709769090008e+00
6.326999999999999957e+00,2.769903199036381825e+00,6.858049695510362476e+00
6.328000000000000291e+00,2.769903143884603125e+00,6.858049681280526499e+00
6.328999999999999737e+00,2.769903088844562600e+00,6.858049667079518130e+00
6.330000000000000071e+00,2.769903033916033319e+00,6.858049652907282301e+00
6.331000000000000405e+00,2.769902979098792795e+00,6.858049638763760392e+00
6.331999999999999851e+00,2.769902924392612320e+00,6.858049624648892895e+00
6.333000000000000185e+00,2.769902869797268075e+00,6.858049610562624743e+00
6.334000000000000519e+00,2.769902815312534905e+00,6.858049596504894652e+00
6.334999999999999964e+00,2.769902760938189434e+00,6.858049582475646666e+00
6.336000000000000298e+00,2.769902706674009618e+00,6.858049568474820390e+00
6.336999999999999744e+00,2.769902652519768527e+00,6.858049554502360756e+00
6.338000000000000078e+00,2.769902598475246780e+00,6.858049540558210921e+00
6.339000000000000412e+00,2.769902544540218781e+00,6.858049526642312266e+00
6.339999999999999858e+00,2.769902490714468701e+00,6.858049512754606170e+00
6.341000000000000192e+00,2.769902436997769168e+00,6.858049498895037566e+00
6.342000000000000526e+00,2.769902383389901690e+00,6.858049485063549611e+00
6.342999999999999972e+00,2.769902329890643333e+00,6.858049471260083685e+00
6.344000000000000306e+00,2.769902276499775606e+00,6.858049457484584721e+00
6.344999999999999751e+00,2.769902223217081794e+00,6.858049443736994988e+00
6.346000000000000085e+00,2.769902170042338962e+00,6.858049430017257642e+00
6.347000000000000419e+00,2.769902116975329509e+00,6.858049416325318504e+00
6.347999999999999865e+00,2.769902064015837162e+00,6.858049402661118954e+00
6.349000000000000199e+00,2.769902011163641653e+00,6.858049389024603038e+00
6.350000000000000533e+00,2.769901958418524046e+00,6.858049375415711246e+00
6.350999999999999979e+00,2.769901905780272955e+00,6.858049361834396507e+00
6.352000000000000313e+00,2.769901853248665002e+00,6.858049348280595758e+00
6.352999999999999758e+00,2.769901800823489246e+00,6.858049334754257487e+00
6.354000000000000092e+00,2.769901748504527639e+00,6.858049321255321296e+00
6.355000000000000426e+00,2.769901696291565241e+00,6.858049307783738335e+00
6.355999999999999872e+00,2.769901644184390221e+00,6.858049294339445545e+00
6.357000000000000206e+00,2.769901592182783645e+00,6.858049280922392299e+00
6.358000000000000540e+00,2.769901540286534125e+00,6.858049267532522641e+00
6.358999999999999986e+00,2.769901488495429831e+00,6.858049254169781506e+00
6.360000000000000320e+00,2.769901436809252715e+00,6.858049240834113824e+00
6.360999999999999766e+00,2.769901385227794943e+00,6.858049227525464531e+00
6.362000000000000099e+00,2.769901333750842909e+00,6.858049214243777669e+00
6.363000000000000433e+00,2.769901282378185670e+00,6.858049200989000838e+00
6.363999999999999879e+00,2.769901231109609618e+00,6.858049187761078080e+00
6.365000000000000213e+00,2.769901179944903813e+00,6.858049174559956107e+00
6.366000000000000547e+00,2.769901128883860864e+00,6.858049161385579851e+00
6.366999999999999993e+00,2.769901077926268051e+00,6.858049148237896020e+00
6.368000000000000327e+00,2.769901027071917543e+00,6.858049135116847772e+00
6.368999999999999773e+00,2.769900976320600172e+00,6.858049122022385369e+00
6.370000000000000107e+00,2.769900925672106329e+00,6.858049108954451079e+00
6.371000000000000441e+00,2.769900875126225959e+00,6.858049095912993387e+00
6.371999999999999886e+00,2.769900824682753004e+00,6.858049082897958115e+00
6.373000000000000220e+00,2.769900774341480965e+00,6.858049069909291973e+00
6.374000000000000554e+00,2.769900724102203338e+00,6.858049056946938116e+00
6.375000000000000000e+00,2.769900673964709625e+00,6.858049044010848583e+00
6.376000000000000334e+00,2.769900623928796435e+00,6.858049031100969195e+00
6.376999999999999780e+00,2.769900573994256820e+00,6.858049018217243109e+00
6.378000000000000114e+00,2.769900524160887834e+00,6.858049005359623251e+00
6.379000000000000448e+00,2.769900474428481196e+00,6.858048992528051002e+00
6.379999999999999893e+00,2.769900424796832628e+00,6.858048979722476624e+00
6.381000000000000227e+00,2.769900375265741843e+00,6.858048966942845937e+00
6.382000000000000561e+00,2.769900325835001897e+00,6.858048954189109203e+00
6.383000000000000007e+00,2.769900276504410730e+00,6.858048941461210468e+00
6.384000000000000341e+00,2.769900227273761839e+00,6.858048928759098217e+00
6.384999999999999787e+00,2.769900178142859382e+00,6.858048916082720936e+00
6.386000000000000121e+00,2.769900129111494191e+00,6.858048903432027110e+00
6.387000000000000455e+00,2.769900080179471313e+00,6.858048890806964337e+00
6.387999999999999901e+00,2.769900031346582470e+00,6.858048878207479326e+00
6.389000000000000234e+00,2.769899982612633593e+00,6.858048865633521451e+00
6.390000000000000568e+00,2.769899933977416850e+00,6.858048853085039198e+00
6.391000000000000014e+00,2.769899885440740839e+00,6.858048840561980164e+00
6.392000000000000348e+00,2.769899837002399057e+00,6.858048828064292834e+00
6.392999999999999794e+00,2.769899788662195661e+00,6.858048815591927472e+00
6.394000000000000128e+00,2.769899740419932144e+00,6.858048803144830785e+00
6.395000000000000462e+00,2.769899692275407332e+00,6.858048790722952148e+00
6.395999999999999908e+00,2.769899644228423163e+00,6.858048778326240935e+00
6.397000000000000242e+00,2.769899596278786014e+00,6.858048765954644743e+00
6.398000000000000576e+00,2.769899548426295155e+00,6.858048753608114723e+00
6.399000000000000021e+00,2.769899500670755632e+00,6.858048741286598471e+00
6.400000000000000355e+00,2.769899453011970270e+00,6.858048728990043585e+00
6.400999999999999801e+00,2.769899405449741003e+00,6.858048716718405657e+00
6.402000000000000135e+00,2.769899357983875987e+00,6.858048704471627843e+00
6.403000000000000469e+00,2.769899310614178933e+00,6.858048692249664846e+00
6.403999999999999915e+00,2.769899263340451334e+00,6.858048680052462487e+00
6.405000000000000249e+00,2.769899216162505784e+00,6.858048667879971916e+00
6.405999999999999694e+00,2.769899169080138890e+00,6.858048655732144283e+00
6.407000000000000028e+00,2.769899122093164578e+00,6.858048643608928074e+00
6.408000000000000362e+00,2.769899075201389227e+00,6.858048631510274440e+00
6.408999999999999808e+00,2.769899028404617436e+00,6.858048619436130977e+00
6.410000000000000142e+00,2.769898981702655139e+00,6.858048607386452389e+00
6.411000000000000476e+00,2.769898935095314485e+00,6.858048595361186273e+00
6.411999999999999922e+00,2.769898888582399188e+00,6.858048583360282002e+00
6.413000000000000256e+00,2.769898842163721842e+00,6.858048571383693393e+00
6.413999999999999702e+00,2.769898795839089711e+00,6.858048559431369817e+00
6.415000000000000036e+00,2.769898749608313171e+00,6.858048547503261538e+00
6.416000000000000369e+00,2.769898703471200374e+00,6.858048535599319706e+00
6.416999999999999815e+00,2.769898657427564359e+00,6.858048523719496359e+00
6.418000000000000149e+00,2.769898611477212391e+00,6.858048511863740870e+00
6.419000000000000483e+00,2.769898565619958841e+00,6.858048500032006167e+00
6.419999999999999929e+00,2.769898519855611418e+00,6.858048488224243400e+00
6.421000000000000263e+00,2.769898474183986270e+00,6.858048476440401942e+00
6.421999999999999709e+00,2.769898428604891993e+00,6.858048464680435607e+00
6.423000000000000043e+00,2.769898383118141183e+00,6.858048452944296436e+00
6.424000000000000377e+00,2.769898337723549542e+00,6.858048441231933801e+00
6.424999999999999822e+00,2.769898292420926111e+00,6.858048429543300628e+00
6.426000000000000156e+00,2.769898247210090592e+00,6.858048417878348957e+00
6.427000000000000490e+00,2.769898202090849804e+00,6.858048406237030825e+00
6.427999999999999936e+00,2.769898157063023447e+00,6.858048394619299160e+00
6.429000000000000270e+00,2.769898112126425005e+00,6.858048383025103334e+00
6.429999999999999716e+00,2.769898067280871512e+00,6.858048371454398939e+00
6.431000000000000050e+00,2.769898022526174231e+00,6.858048359907137126e+00
6.432000000000000384e+00,2.769897977862151084e+00,6.858048348383271708e+00
6.432999999999999829e+00,2.769897933288618219e+00,6.858048336882752061e+00
6.434000000000000163e+00,2.769897888805392672e+00,6.858048325405533774e+00
6.435000000000000497e+00,2.769897844412292365e+00,6.858048313951568886e+00
6.435999999999999943e+00,2.769897800109134334e+00,6.858048302520810324e+00
6.437000000000000277e+00,2.769897755895732505e+00,6.858048291113209238e+00
6.437999999999999723e+00,2.769897711771911908e+00,6.858048279728721219e+00
6.439000000000000057e+00,2.769897667737485580e+00,6.858048268367298306e+00
6.440000000000000391e+00,2.769897623792274111e+00,6.858048257028894312e+00
6.440999999999999837e+00,2.769897579936099863e+00,6.858048245713463054e+00
6.442000000000000171e+00,2.769897536168775432e+00,6.858048234420954792e+00
6.443000000000000504e+00,2.769897492490129842e+00,6.858048223151327782e+00
6.443999999999999950e+00,2.769897448899974357e+00,6.858048211904533176e+00
6.445000000000000284e+00,2.769897405398132229e+00,6.858048200680523898e+00
6.445999999999999730e+00,2.769897361984428930e+00,6.858048189479255541e+00
6.447000000000000064e+00,2.769897318658683716e+00,6.858048178300680142e+00
6.448000000000000398e+00,2.769897275420716287e+00,6.858048167144753293e+00
6.448999999999999844e+00,2.769897232270349896e+00,6.858048156011429697e+00
6.450000000000000178e+00,2.769897189207408239e+00,6.858048144900662280e+00
6.451000000000000512e+00,2.769897146231711904e+00,6.858048133812403968e+00
6.451999999999999957e+00,2.769897103343087696e+00,6.858048122746613018e+00
6.453000000000000291e+00,2.769897060541355760e+00,6.858048111703239691e+00
6.453999999999999737e+00,2.769897017826341568e+00,6.858048100682241355e+00
6.455000000000000071e+00,2.769896975197868816e+00,6.858048089683572712e+00
6.456000000000000405e+00,2.769896932655764310e+00,6.858048078707185802e+00
6.456999999999999851e+00,2.769896890199849526e+00,6.858048067753038879e+00
6.458000000000000185e+00,2.769896847829951270e+00,6.858048056821086647e+00
6.459000000000000519e+00,2.769896805545897234e+00,6.858048045911280255e+00
6.459999999999999964e+00,2.769896763347512891e+00,6.858048035023578848e+00
6.461000000000000298e+00,2.769896721234621051e+00,6.858048024157934464e+00
6.461999999999999744e+00,2.769896679207050294e+00,6.858048013314305358e+00
6.463000000000000078e+00,2.769896637264630090e+00,6.858048002492646233e+00
6.464000000000000412e+00,2.769896595407188133e+00,6.858047991692909129e+00
6.464999999999999858e+00,2.769896553634549452e+00,6.858047980915055852e+00
6.466000000000000192e+00,2.769896511946540851e+00,6.858047970159039330e+00
6.467000000000000526e+00,2.769896470342997130e+00,6.858047959424814266e+00
6.467999999999999972e+00,2.769896428823741097e+00,6.858047948712334474e+00
6.469000000000000306e+00,2.769896387388604886e+00,6.858047938021561762e+00
6.469999999999999751e+00,2.769896346037418411e+00,6.858047927352446393e+00
6.471000000000000085e+00,2.769896304770009365e+00,6.858047916704949287e+00
6.472000000000000419e+00,2.769896263586208551e+00,6.858047906079022482e+00
6.472999999999999865e+00,2.769896222485849879e+00,6.858047895474624234e+00
6.474000000000000199e+00,2.769896181468760599e+00,6.858047884891711909e+00
6.475000000000000533e+00,2.769896140534770623e+00,6.858047874330241100e+00
6.475999999999999979e+00,2.769896099683716084e+00,6.858047863790166510e+00
6.477000000000000313e+00,2.769896058915427783e+00,6.858047853271447281e+00
6.477999999999999758e+00,2.769896018229736967e+00,6.858047842774039893e+00
6.479000000000000092e+00,2.769895977626475769e+00,6.858047832297899049e+00
6.480000000000000426e+00,2.769895937105479433e+00,6.858047821842984781e+00
6.480999999999999872e+00,2.769895896666576984e+00,6.858047811409251793e+00
6.482000000000000206e+00,2.769895856309606330e+00,6.858047800996656562e+00
6.483000000000000540e+00,2.769895816034399605e+00,6.858047790605159122e+00
6.483999999999999986e+00,2.769895775840792496e+00,6.858047780234715063e+00
6.485000000000000320e+00,2.769895735728617581e+00,6.858047769885281753e+00
6.485999999999999766e+00,2.769895695697712767e+00,6.858047759556815670e+00
6.487000000000000099e+00,2.769895655747911523e+00,6.858047749249275959e+00
6.488000000000000433e+00,2.769895615879050421e+00,6.858047738962620876e+00
6.488999999999999879e+00,2.769895576090962042e+00,6.858047728696806011e+00
6.490000000000000213e+00,2.769895536383487844e+00,6.858047718451789621e+00
6.491000000000000547e+00,2.769895496756460851e+00,6.858047708227529959e+00
6.491999999999999993e+00,2.769895457209718526e+00,6.858047698023985284e+00
6.493000000000000327e+00,2.769895417743100108e+00,6.858047687841112960e+00
6.493999999999999773e+00,2.769895378356443949e+00,6.858047677678872134e+00
6.495000000000000107e+00,2.769895339049580851e+00,6.858047667537219283e+00
6.496000000000000441e+00,2.769895299822362045e+00,6.858047657416113552e+00
6.496999999999999886e+00,2.769895260674612558e+00,6.858047647315514084e+00
6.498000000000000220e+00,2.769895221606179625e+00,6.858047637235379135e+00
6.499000000000000554e+00,2.769895182616901153e+00,6.858047627175666072e+00
6.500000000000000000e+00,2.769895143706615492e+00,6.858047617136334928e+00
6.501000000000000334e+00,2.769895104875164549e+00,6.858047607117343070e+00
6.501999999999999780e+00,2.769895066122384897e+00,6.858047597118650529e+00
6.503000000000000114e+00,2.769895027448121549e+00,6.858047587140215562e+00
6.504000000000000448e+00,2.769894988852211082e+00,6.858047577181997312e+00
6.504999999999999893e+00,2.769894950334498951e+00,6.858047567243953146e+00
6.506000000000000227e+00,2.769894911894823952e+00,6.858047557326044874e+00
6.507000000000000561e+00,2.769894873533027990e+00,6.858047547428228974e+00
6.508000000000000007e+00,2.769894835248955189e+00,6.858047537550467254e+00
6.509000000000000341e+00,2.769894797042449230e+00,6.858047527692719747e+00
6.509999999999999787e+00,2.769894758913348909e+00,6.858047517854942932e+00
6.511000000000000121e+00,2.769894720861498350e+00,6.858047508037098616e+00
6.512000000000000455e+00,2.769894682886742121e+00,6.858047498239145945e+00
6.512999999999999901e+00,2.769894644988923904e+00,6.858047488461043173e+00
6.514000000000000234e+00,2.769894607167888267e+00,6.858047478702752109e+00
6.515000000000000568e+00,2.769894569423478004e+00,6.858047468964231008e+00
6.516000000000000014e+00,2.769894531755539013e+00,6.858047459245439015e+00
6.517000000000000348e+00,2.769894494163917642e+00,6.858047449546339713e+00
6.517999999999999794e+00,2.769894456648458458e+00,6.858047439866890471e+00
6.519000000000000128e+00,2.769894419209005143e+00,6.858047430207051320e+00
6.520000000000000462e+00,2.769894381845406262e+00,6.858047420566783181e+00
6.520999999999999908e+00,2.769894344557506383e+00,6.858047410946047862e+00
6.522000000000000242e+00,2.769894307345153628e+00,6.858047401344803617e+00
6.523000000000000576e+00,2.769894270208193010e+00,6.858047391763012257e+00
6.524000000000000021e+00,2.769894233146475315e+00,6.858047382200633812e+00
6.525000000000000355e+00,2.769894196159843336e+00,6.858047372657628316e+00
6.525999999999999801e+00,2.769894159248147858e+00,6.858047363133957575e+00
6.527000000000000135e+00,2.769894122411235671e+00,6.858047353629582510e+00
6.528000000000000469e+00,2.769894085648955784e+00,6.858047344144463153e+00
6.528999999999999915e+00,2.769894048961159871e+00,6.858047334678560425e+00
6.530000000000000249e+00,2.769894012347694723e+00,6.858047325231837021e+00
6.530999999999999694e+00,2.769893975808408015e+00,6.858047315804252975e+00
6.532000000000000028e+00,2.769893939343150091e+00,6.858047306395768317e+00
6.533000000000000362e+00,2.769893902951773956e+00,6.858047297006345744e+00
6.533999999999999808e+00,2.769893866634124180e+00,6.858047287635947953e+00
6.535000000000000142e+00,2.769893830390059541e+00,6.858047278284532311e+00
6.536000000000000476e+00,2.769893794219423722e+00,6.858047268952064179e+00
6.536999999999999922e+00,2.769893758122072835e+00,6.858047259638504478e+00
6.538000000000000256e+00,2.769893722097851452e+00,6.858047250343813239e+00
6.538999999999999702e+00,2.769893686146620126e+00,6.858047241067954936e+00
6.540000000000000036e+00,2.769893650268226981e+00,6.858047231810887823e+00
6.541000000000000369e+00,2.769893614462523246e+00,6.858047222572577262e+00
6.541999999999999815e+00,2.769893578729362815e+00,6.858047213352982396e+00
6.543000000000000149e+00,2.769893543068599140e+00,6.858047204152067700e+00
6.544000000000000483e+00,2.769893507480084782e+00,6.858047194969794980e+00
6.544999999999999929e+00,2.769893471963674525e+00,6.858047185806124268e+00
6.546000000000000263e+00,2.769893436519222707e+00,6.858047176661020927e+00
6.546999999999999709e+00,2.769893401146580558e+00,6.858047167534444100e+00
6.548000000000000043e+00,2.769893365845603750e+00,6.858047158426359147e+00
6.549000000000000377e+00,2.769893330616149729e+00,6.858047149336726989e+00
6.549999999999999822e+00,2.769893295458068394e+00,6.858047140265511210e+00
6.551000000000000156e+00,2.769893260371222965e+00,6.858047131212672731e+00
6.552000000000000490e+00,2.769893225355462452e+00,6.858047122178177801e+00
6.552999999999999936e+00,2.769893190410642969e+00,6.858047113161984676e+00
6.554000000000000270e+00,2.769893155536624185e+00,6.858047104164059604e+00
6.554999999999999716e+00,2.769893120733261771e+00,6.858047095184364395e+00
6.556000000000000050e+00,2.769893086000412286e+00,6.858047086222863520e+00
6.557000000000000384e+00,2.769893051337931400e+00,6.858047077279517900e+00
6.557999999999999829e+00,2.769893016745677450e+00,6.858047068354290232e+00
6.559000000000000163e+00,2.769892982223508771e+00,6.858047059447144989e+00
6.560000000000000497e+00,2.769892947771283698e+00,6.858047050558047530e+00
6.560999999999999943e+00,2.769892913388858346e+00,6.858047041686961443e+00
6.562000000000000277e+00,2.769892879076094605e+00,6.858047032833844980e+00
6.562999999999999723e+00,2.769892844832847256e+00,6.858047023998667058e+00
6.564000000000000057e+00,2.769892810658979521e+00,6.858047015181389483e+00
6.565000000000000391e+00,2.769892776554349734e+00,6.858047006381976729e+00
6.565999999999999837e+00,2.769892742518815343e+00,6.858046997600389716e+00
6.567000000000000171e+00,2.769892708552237792e+00,6.858046988836596469e+00
6.568000000000000504e+00,2.769892674654478526e+00,6.858046980090558797e+00
6.568999999999999950e+00,2.769892640825397656e+00,6.858046971362239397e+00
6.570000000000000284e+00,2.769892607064853518e+00,6.858046962651605405e+00
6.570999999999999730e+00,2.769892573372709332e+00,6.858046953958617742e+00
6.572000000000000064e+00,2.769892539748826099e+00,6.858046945283244433e+00
6.573000000000000398e+00,2.769892506193067927e+00,6.858046936625446399e+00
6.573999999999999844e+00,2.769892472705293596e+00,6.858046927985189001e+00
6.575000000000000178e+00,2.769892439285366326e+00,6.858046919362437599e+00
6.576000000000000512e+00,2.769892405933149782e+00,6.858046910757155779e+00
6.576999999999999957e+00,2.769892372648502299e+00,6.858046902169308900e+00
6.578000000000000291e+00,2.769892339431295980e+00,6.858046893598861438e+00
6.578999999999999737e+00,2.769892306281385164e+00,6.858046885045776087e+00
6.580000000000000071e+00,2.769892273198637511e+00,6.858046876510021761e+00
6.581000000000000405e+00,2.769892240182915799e+00,6.858046867991560269e+00
6.581999999999999851e+00,2.769892207234085024e+00,6.858046859490356972e+00
6.583000000000000185e+00,2.769892174352011516e+00,6.858046851006379008e+00
6.584000000000000519e+00,2.769892141536555386e+00,6.858046842539588184e+00
6.584999999999999964e+00,2.769892108787586960e+00,6.858046834089951638e+00
6.586000000000000298e+00,2.769892076104967238e+00,6.858046825657434731e+00
6.586999999999999744e+00,2.769892043488562994e+00,6.858046817242001936e+00
6.588000000000000078e+00,2.769892010938241445e+00,6.858046808843618614e+00
6.589000000000000412e+00,2.769891978453867587e+00,6.858046800462251902e+00
6.589999999999999858e+00,2.769891946035307306e+00,6.858046792097866273e+00
6.591000000000000192e+00,2.769891913682429152e+00,6.858046783750426201e+00
6.592000000000000526e+00,2.769891881395098565e+00,6.858046775419897934e+00
6.592999999999999972e+00,2.769891849173182763e+00,6.858046767106247721e+00
6.594000000000000306e+00,2.769891817016547630e+00,6.858046758809441812e+00
6.594999999999999751e+00,2.769891784925064382e+00,6.858046750529444680e+00
6.596000000000000085e+00,2.769891752898600235e+00,6.858046742266223461e+00
6.597000000000000419e+00,2.769891720937022850e+00,6.858046734019743518e+00
6.597999999999999865e+00,2.769891689040198113e+00,6.858046725789971099e+00
6.599000000000000199e+00,2.769891657208000346e+00,6.858046717576873341e+00
6.600000000000000533e+00,2.769891625440292326e+00,6.858046709380413830e+00
6.600999999999999979e+00,2.769891593736950153e+00,6.858046701200562367e+00
6.602000000000000313e+00,2.769891562097837046e+00,6.858046693037283426e+00
6.602999999999999758e+00,2.769891530522826883e+00,6.858046684890544142e+00
6.604000000000000092e+00,2.769891499011789548e+00,6.858046676760308102e+00
6.605000000000000426e+00,2.769891467564592702e+00,6.858046668646545996e+00
6.605999999999999872e+00,2.769891436181108002e+00,6.858046660549221407e+00
6.607000000000000206e+00,2.769891404861208883e+00,6.858046652468302362e+00
6.608000000000000540e+00,2.769891373604764340e+00,6.858046644403757774e+00
6.608999999999999986e+00,2.769891342411645141e+00,6.858046636355548564e+00
6.610000000000000320e+00,2.769891311281727830e+00,6.858046628323647198e+00
6.610999999999999766e+00,2.769891280214877849e+00,6.858046620308019037e+00
6.612000000000000099e+00,2.769891249210968631e+00,6.858046612308629442e+00
6.613000000000000433e+00,2.769891218269877164e+00,6.858046604325448214e+00
6.613999999999999879e+00,2.769891187391469334e+00,6.858046596358440716e+00
6.615000000000000213e+00,2.769891156575627456e+00,6.858046588407574085e+00
6.616000000000000547e+00,2.769891125822216527e+00,6.858046580472817233e+00
6.616999999999999993e+00,2.769891095131112646e+00,6.858046572554134634e+00
6.618000000000000327e+00,2.769891064502190137e+00,6.858046564651496979e+00
6.618999999999999773e+00,2.769891033935323321e+00,6.858046556764868740e+00
6.620000000000000107e+00,2.769891003430385190e+00,6.858046548894221495e+00
6.621000000000000441e+00,2.769890972987249622e+00,6.858046541039518829e+00
6.621999999999999886e+00,2.769890942605793605e+00,6.858046533200729655e+00
6.623000000000000220e+00,2.769890912285891460e+00,6.858046525377822888e+00
6.624000000000000554e+00,2.769890882027419288e+00,6.858046517570765666e+00
6.625000000000000000e+00,2.769890851830251854e+00,6.858046509779525124e+00
6.626000000000000334e+00,2.769890821694264371e+00,6.858046502004070177e+00
6.626999999999999780e+00,2.769890791619330717e+00,6.858046494244368851e+00
6.628000000000000114e+00,2.769890761605333207e+00,6.858046486500384731e+00
6.629000000000000448e+00,2.769890731652141280e+00,6.858046478772094723e+00
6.629999999999999893e+00,2.769890701759639917e+00,6.858046471059462412e+00
6.631000000000000227e+00,2.769890671927697667e+00,6.858046463362454936e+00
6.632000000000000561e+00,2.769890642156198179e+00,6.858046455681042985e+00
6.633000000000000007e+00,2.769890612445015332e+00,6.858046448015191920e+00
6.634000000000000341e+00,2.769890582794029665e+00,6.858046440364873320e+00
6.634999999999999787e+00,2.769890553203117722e+00,6.858046432730055209e+00
6.636000000000000121e+00,2.769890523672154714e+00,6.858046425110703836e+00
6.637000000000000455e+00,2.769890494201024733e+00,6.858046417506790782e+00
6.637999999999999901e+00,2.769890464789603435e+00,6.858046409918283182e+00
6.639000000000000234e+00,2.769890435437772247e+00,6.858046402345149062e+00
6.640000000000000568e+00,2.769890406145406825e+00,6.858046394787359112e+00
6.641000000000000014e+00,2.769890376912390817e+00,6.858046387244882247e+00
6.642000000000000348e+00,2.769890347738598102e+00,6.858046379717685603e+00
6.642999999999999794e+00,2.769890318623913217e+00,6.858046372205740759e+00
6.644000000000000128e+00,2.769890289568216257e+00,6.858046364709013076e+00
6.645000000000000462e+00,2.769890260571387319e+00,6.858046357227475909e+00
6.645999999999999908e+00,2.769890231633308275e+00,6.858046349761095506e+00
6.647000000000000242e+00,2.769890202753856112e+00,6.858046342309843446e+00
6.648000000000000576e+00,2.769890173932915367e+00,6.858046334873685979e+00
6.649000000000000021e+00,2.769890145170366580e+00,6.858046327452595570e+00
6.650000000000000355e+00,2.769890116466092511e+00,6.858046320046539357e+00
6.650999999999999801e+00,2.769890087819972369e+00,6.858046312655489807e+00
6.652000000000000135e+00,2.769890059231890689e+00,6.858046305279414057e+00
6.653000000000000469e+00,2.769890030701730232e+00,6.858046297918282797e+00
6.653999999999999915e+00,2.769890002229372428e+00,6.858046290572062276e+00
6.655000000000000249e+00,2.769889973814699147e+00,6.858046283240729402e+00
6.656000000000000583e+00,2.769889945457597147e+00,6.858046275924249535e+00
6.657000000000000028e+00,2.769889917157945192e+00,6.858046268622590702e+00
6.658000000000000362e+00,2.769889888915630483e+00,6.858046261335727145e+00
6.658999999999999808e+00,2.769889860730535780e+00,6.858046254063626002e+00
6.660000000000000142e+00,2.769889832602542956e+00,6.858046246806258850e+00
6.661000000000000476e+00,2.769889804531539657e+00,6.858046239563595492e+00
6.661999999999999922e+00,2.769889776517408642e+00,6.858046232335605730e+00
6.663000000000000256e+00,2.769889748560037113e+00,6.858046225122260253e+00
6.663999999999999702e+00,2.769889720659304277e+00,6.858046217923528864e+00
6.665000000000000036e+00,2.769889692815101334e+00,6.858046210739383142e+00
6.666000000000000369e+00,2.769889665027311931e+00,6.858046203569791999e+00
6.666999999999999815e+00,2.769889637295819718e+00,6.858046196414726126e+00
6.668000000000000149e+00,2.769889609620513227e+00,6.858046189274157101e+00
6.669000000000000483e+00,2.769889582001278328e+00,6.858046182148055614e+00
6.669999999999999929e+00,2.769889554437999113e+00,6.858046175036391467e+00
6.671000000000000263e+00,2.769889526930565449e+00,6.858046167939135351e+00
6.671999999999999709e+00,2.769889499478862316e+00,6.858046160856258844e+00
6.673000000000000043e+00,2.769889472082776916e+00,6.858046153787731747e+00
6.674000000000000377e+00,2.769889444742195561e+00,6.858046146733526527e+00
6.674999999999999822e+00,2.769889417457008562e+00,6.858046139693612986e+00
6.676000000000000156e+00,2.769889390227102677e+00,6.858046132667962702e+00
6.677000000000000490e+00,2.769889363052363329e+00,6.858046125656547254e+00
6.677999999999999936e+00,2.769889335932680385e+00,6.858046118659336443e+00
6.679000000000000270e+00,2.769889308867944600e+00,6.858046111676302736e+00
6.679999999999999716e+00,2.769889281858044061e+00,6.858046104707416823e+00
6.681000000000000050e+00,2.769889254902862863e+00,6.858046097752649395e+00
6.682000000000000384e+00,2.769889228002296200e+00,6.858046090811971141e+00
6.682999999999999829e+00,2.769889201156229941e+00,6.858046083885357191e+00
6.684000000000000163e+00,2.769889174364555284e+00,6.858046076972775573e+00
6.685000000000000497e+00,2.769889147627160320e+00,6.858046070074200529e+00
6.685999999999999943e+00,2.769889120943937577e+00,6.858046063189600972e+00
6.687000000000000277e+00,2.769889094314773370e+00,6.858046056318950257e+00
6.687999999999999723e+00,2.769889067739561561e+00,6.858046049462218186e+00
6.689000000000000057e+00,2.769889041218193348e+00,6.858046042619379001e+00
6.690000000000000391e+00,2.769889014750557710e+00,6.858046035790405170e+00
6.690999999999999837e+00,2.769888988336545399e+00,6.858046028975264718e+00
6.692000000000000171e+00,2.769888961976048058e+00,6.858046022173932776e+00
6.693000000000000504e+00,2.769888935668959551e+00,6.858046015386381811e+00
6.693999999999999950e+00,2.769888909415168854e+00,6.858046008612580735e+00
6.695000000000000284e+00,2.769888883214568498e+00,6.858046001852504681e+00
6.695999999999999730e+00,2.769888857067052790e+00,6.858045995106124337e+00
6.697000000000000064e+00,2.769888830972511151e+00,6.858045988373412172e+00
6.698000000000000398e+00,2.769888804930839665e+00,6.858045981654341539e+00
6.698999999999999844e+00,2.769888778941927310e+00,6.858045974948883128e+00
6.700000000000000178e+00,2.769888753005668836e+00,6.858045968257010294e+00
6.701000000000000512e+00,2.769888727121960770e+00,6.858045961578696392e+00
6.701999999999999957e+00,2.769888701290693866e+00,6.858045954913912112e+00
6.703000000000000291e+00,2.769888675511759768e+00,6.858045948262629921e+00
6.703999999999999737e+00,2.769888649785054113e+00,6.858045941624823172e+00
6.705000000000000071e+00,2.769888624110474318e+00,6.858045935000467885e+00
6.706000000000000405e+00,2.769888598487909359e+00,6.858045928389531198e+00
6.706999999999999851e+00,2.769888572917256209e+00,6.858045921791988242e+00
6.708000000000000185e+00,2.769888547398411838e+00,6.858045915207813259e+00
6.709000000000000519e+00,2.769888521931268777e+00,6.858045908636977828e+00
6.709999999999999964e+00,2.769888496515722665e+00,6.858045902079453526e+00
6.711000000000000298e+00,2.769888471151668696e+00,6.858045895535217262e+00
6.711999999999999744e+00,2.769888445839003399e+00,6.858045889004237949e+00
6.713000000000000078e+00,2.769888420577624188e+00,6.858045882486491607e+00
6.714000000000000412e+00,2.769888395367424483e+00,6.858045875981951589e+00
6.714999999999999858e+00,2.769888370208299477e+00,6.858045869490588586e+00
6.716000000000000192e+00,2.769888345100147919e+00,6.858045863012376842e+00
6.717000000000000526e+00,2.769888320042867225e+00,6.858045856547290597e+00
6.717999999999999972e+00,2.769888295036353920e+00,6.858045850095303209e+00
6.719000000000000306e+00,2.769888270080502313e+00,6.858045843656387142e+00
6.719999999999999751e+00,2.769888245175213370e+00,6.858045837230516639e+00
6.721000000000000085e+00,2.769888220320383176e+00,6.858045830817665944e+00
6.722000000000000419e+00,2.769888195515908702e+00,6.858045824417806635e+00
6.722999999999999865e+00,2.769888170761689583e+00,6.858045818030913843e+00
6.724000000000000199e+00,2.769888146057622791e+00,6.858045811656961810e+00
6.725000000000000533e+00,2.769888121403607961e+00,6.858045805295923003e+00
6.725999999999999979e+00,2.769888096799541177e+00,6.858045798947771665e+00
6.727000000000000313e+00,2.769888072245323407e+00,6.858045792612482039e+00
6.727999999999999758e+00,2.769888047740855619e+00,6.858045786290028367e+00
6.729000000000000092e+00,2.769888023286031675e+00,6.858045779980384893e+00
6.730000000000000426e+00,2.769887998880756097e+00,6.858045773683522306e+00
6.730999999999999872e+00,2.769887974524924523e+00,6.858045767399418402e+00
6.732000000000000206e+00,2.769887950218439698e+00,6.858045761128047424e+00
6.733000000000000540e+00,2.769887925961201258e+00,6.858045754869381838e+00
6.733999999999999986e+00,2.769887901753107950e+00,6.858045748623394999e+00
6.735000000000000320e+00,2.769887877594059855e+00,6.858045742390063815e+00
6.735999999999999766e+00,2.769887853483958828e+00,6.858045736169361639e+00
6.737000000000000099e+00,2.769887829422705838e+00,6.858045729961263604e+00
6.738000000000000433e+00,2.769887805410200521e+00,6.858045723765742174e+00
6.738999999999999879e+00,2.769887781446347397e+00,6.858045717582773371e+00
6.740000000000000213e+00,2.769887757531046102e+00,6.858045711412332324e+00
6.741000000000000547e+00,2.769887733664196716e+00,6.858045705254391500e+00
6.741999999999999993e+00,2.769887709845702428e+00,6.858045699108927806e+00
6.743000000000000327e+00,2.769887686075465982e+00,6.858045692975914598e+00
6.743999999999999773e+00,2.769887662353387903e+00,6.858045686855326117e+00
6.745000000000000107e+00,2.769887638679370490e+00,6.858045680747140160e+00
6.746000000000000441e+00,2.769887615053316487e+00,6.858045674651329193e+00
6.746999999999999886e+00,2.769887591475131750e+00,6.858045668567866571e+00
6.748000000000000220e+00,2.769887567944716356e+00,6.858045662496730976e+00
6.749000000000000554e+00,2.769887544461974827e+00,6.858045656437895765e+00
6.750000000000000000e+00,2.769887521026808130e+00,6.858045650391333403e+00
6.751000000000000334e+00,2.769887497639126561e+00,6.858045644357024351e+00
6.751999999999999780e+00,2.769887474298822649e+00,6.858045638334941074e+00
6.753000000000000114e+00,2.769887451005811130e+00,6.858045632325056928e+00
6.754000000000000448e+00,2.769887427759990306e+00,6.858045626327350597e+00
6.754999999999999893e+00,2.769887404561266031e+00,6.858045620341795434e+00
6.756000000000000227e+00,2.769887381409544602e+00,6.858045614368366572e+00
6.757000000000000561e+00,2.769887358304727876e+00,6.858045608407040028e+00
6.758000000000000007e+00,2.769887335246720816e+00,6.858045602457791823e+00
6.759000000000000341e+00,2.769887312235431942e+00,6.858045596520596199e+00
6.759999999999999787e+00,2.769887289270765329e+00,6.858045590595430063e+00
6.761000000000000121e+00,2.769887266352623723e+00,6.858045584682268547e+00
6.762000000000000455e+00,2.769887243480914307e+00,6.858045578781086782e+00
6.762999999999999901e+00,2.769887220655546489e+00,6.858045572891861674e+00
6.764000000000000234e+00,2.769887197876422125e+00,6.858045567014567467e+00
6.765000000000000568e+00,2.769887175143449731e+00,6.858045561149181957e+00
6.766000000000000014e+00,2.769887152456532942e+00,6.858045555295678497e+00
6.767000000000000348e+00,2.769887129815584714e+00,6.858045549454035772e+00
6.767999999999999794e+00,2.769887107220503797e+00,6.858045543624227136e+00
6.769000000000000128e+00,2.769887084671200927e+00,6.858045537806230385e+00
6.770000000000000462e+00,2.769887062167585512e+00,6.858045532000021538e+00
6.770999999999999908e+00,2.769887039709562515e+00,6.858045526205576614e+00
6.772000000000000242e+00,2.769887017297039122e+00,6.858045520422869856e+00
6.773000000000000576e+00,2.769886994929926072e+00,6.858045514651879060e+00
6.774000000000000021e+00,2.769886972608127440e+00,6.858045508892582021e+00
6.775000000000000355e+00,2.769886950331554853e+00,6.858045503144953869e+00
6.775999999999999801e+00,2.769886928100114165e+00,6.858045497408967961e+00
6.777000000000000135e+00,2.769886905913715669e+00,6.858045491684604755e+00
6.778000000000000469e+00,2.769886883772267883e+00,6.858045485971839383e+00
6.778999999999999915e+00,2.769886861675679768e+00,6.858045480270647865e+00
6.780000000000000249e+00,2.769886839623858510e+00,6.858045474581007106e+00
6.781000000000000583e+00,2.769886817616715735e+00,6.858045468902894015e+00
6.782000000000000028e+00,2.769886795654159073e+00,6.858045463236284611e+00
6.783000000000000362e+00,2.769886773736099705e+00,6.858045457581155802e+00
6.783999999999999808e+00,2.769886751862447483e+00,6.858045451937486270e+00
6.785000000000000142e+00,2.769886730033110922e+00,6.858045446305249371e+00
6.786000000000000476e+00,2.769886708248002538e+00,6.858045440684423788e+00
6.786999999999999922e+00,2.769886686507030404e+00,6.858045435074985541e+00
6.788000000000000256e+00,2.769886664810105259e+00,6.858045429476913313e+00
6.788999999999999702e+00,2.769886643157139616e+00,6.858045423890181347e+00
6.790000000000000036e+00,2.769886621548044658e+00,6.858045418314770103e+00
6.791000000000000369e+00,2.769886599982730235e+00,6.858045412750653824e+00
6.791999999999999815e+00,2.769886578461107085e+00,6.858045407197810306e+00
6.793000000000000149e+00,2.769886556983087278e+00,6.858045401656218232e+00
6.794000000000000483e+00,2.769886535548581996e+00,6.858045396125852733e+00
6.794999999999999929e+00,2.769886514157503754e+00,6.858045390606692493e+00
6.796000000000000263e+00,2.769886492809764178e+00,6.858045385098713531e+00
6.796999999999999709e+00,2.769886471505274894e+00,6.858045379601893643e+00
6.798000000000000043e+00,2.769886450243952414e+00,6.858045374116210624e+00
6.799000000000000377e+00,2.769886429025704810e+00,6.858045368641642270e+00
6.799999999999999822e+00,2.769886407850443710e+00,6.858045363178165488e+00
6.801000000000000156e+00,2.769886386718085625e+00,6.858045357725757185e+00
6.802000000000000490e+00,2.769886365628542624e+00,6.858045352284396934e+00
6.802999999999999936e+00,2.769886344581727222e+00,6.858045346854059865e+00
6.804000000000000270e+00,2.769886323577555043e+00,6.858045341434726438e+00
6.804999999999999716e+00,2.769886302615934159e+00,6.858045336026370009e+00
6.806000000000000050e+00,2.769886281696785524e+00,6.858045330628972813e+00
6.807000000000000384e+00,2.769886260820018542e+00,6.858045325242509982e+00
6.807999999999999829e+00,2.769886239985547949e+00,6.858045319866961975e+00
6.809000000000000163e+00,2.769886219193291144e+00,6.858045314502304812e+00
6.810000000000000497e+00,2.769886198443157088e+00,6.858045309148514512e+00
6.810999999999999943e+00,2.769886177735063626e+00,6.858045303805572424e+00
6.812000000000000277e+00,2.769886157068926380e+00,6.858045298473456342e+00
6.812999999999999723e+00,2.769886136444660973e+00,6.858045293152141397e+00
6.814000000000000057e+00,2.769886115862175924e+00,6.858045287841607163e+00
6.815000000000000391e+00,2.769886095321396624e+00,6.858045282541834986e+00
6.815999999999999837e+00,2.769886074822231592e+00,6.858045277252798222e+00
6.817000000000000171e+00,2.769886054364598227e+00,6.858045271974477330e+00
6.818000000000000504e+00,2.769886033948412152e+00,6.858045266706850107e+00
6.818999999999999950e+00,2.769886013573590766e+00,6.858045261449897012e+00
6.820000000000000284e+00,2.769885993240050581e+00,6.858045256203593176e+00
6.820999999999999730e+00,2.769885972947703223e+00,6.858045250967919948e+00
6.822000000000000064e+00,2.769885952696471865e+00,6.858045245742852458e+00
6.823000000000000398e+00,2.769885932486269464e+00,6.858045240528372055e+00
6.823999999999999844e+00,2.769885912317010757e+00,6.858045235324455646e+00
6.825000000000000178e+00,2.769885892188618914e+00,6.858045230131083692e+00
6.826000000000000512e+00,2.769885872101006452e+00,6.858045224948233098e+00
6.826999999999999957e+00,2.769885852054092990e+00,6.858045219775883439e+00
6.828000000000000291e+00,2.769885832047794150e+00,6.858045214614011620e+00
6.828999999999999737e+00,2.769885812082029997e+00,6.858045209462599878e+00
6.830000000000000071e+00,2.769885792156714821e+00,6.858045204321625121e+00
6.831000000000000405e+00,2.769885772271770463e+00,6.858045199191065144e+00
6.831999999999999851e+00,2.769885752427112102e+00,6.858045194070898631e+00
6.833000000000000185e+00,2.769885732622660690e+00,6.858045188961107819e+00
6.834000000000000519e+00,2.769885712858334958e+00,6.858045183861667837e+00
6.834999999999999964e+00,2.769885693134048754e+00,6.858045178772560035e+00
6.836000000000000298e+00,2.769885673449728802e+00,6.858045173693763985e+00
6.836999999999999744e+00,2.769885653805288062e+00,6.858045168625258370e+00
6.838000000000000078e+00,2.769885634200647484e+00,6.858045163567019209e+00
6.839000000000000412e+00,2.769885614635725801e+00,6.858045158519029627e+00
6.839999999999999858e+00,2.769885595110441745e+00,6.858045153481266532e+00
6.841000000000000192e+00,2.769885575624719376e+00,6.858045148453711271e+00
6.842000000000000526e+00,2.769885556178476094e+00,6.858045143436340751e+00
6.842999999999999972e+00,2.769885536771628409e+00,6.858045138429136323e+00
6.844000000000000306e+00,2.769885517404101716e+00,6.858045133432077556e+00
6.844999999999999751e+00,2.769885498075812968e+00,6.858045128445141358e+00
6.846000000000000085e+00,2.769885478786684452e+00,6.858045123468308191e+00
6.847000000000000419e+00,2.769885459536636674e+00,6.858045118501560289e+00
6.847999999999999865e+00,2.769885440325589254e+00,6.858045113544875448e+00
6.849000000000000199e+00,2.769885421153463589e+00,6.858045108598231465e+00
6.850000000000000533e+00,2.769885402020185516e+00,6.858045103661608799e+00
6.850999999999999979e+00,2.769885382925666217e+00,6.858045098734988798e+00
6.852000000000000313e+00,2.769885363869834638e+00,6.858045093818351035e+00
6.852999999999999758e+00,2.769885344852610842e+00,6.858045088911674192e+00
6.854000000000000092e+00,2.769885325873917559e+00,6.858045084014937842e+00
6.855000000000000426e+00,2.769885306933675739e+00,6.858045079128122445e+00
6.855999999999999872e+00,2.769885288031805892e+00,6.858045074251208462e+00
6.857000000000000206e+00,2.769885269168232522e+00,6.858045069384174575e+00
6.858000000000000540e+00,2.769885250342877914e+00,6.858045064527003021e+00
6.858999999999999986e+00,2.769885231555663019e+00,6.858045059679669819e+00
6.860000000000000320e+00,2.769885212806511898e+00,6.858045054842159871e+00
6.860999999999999766e+00,2.769885194095347281e+00,6.858045050014449195e+00
6.862000000000000099e+00,2.769885175422091450e+00,6.858045045196520029e+00
6.863000000000000433e+00,2.769885156786668468e+00,6.858045040388351943e+00
6.863999999999999879e+00,2.769885138189002394e+00,6.858045035589925398e+00
6.865000000000000213e+00,2.769885119629015513e+00,6.858045030801221742e+00
6.866000000000000547e+00,2.769885101106632330e+00,6.858045026022218771e+00
6.866999999999999993e+00,2.769885082621774686e+00,6.858045021252898721e+00
6.868000000000000327e+00,2.769885064174367084e+00,6.858045016493241164e+00
6.868999999999999773e+00,2.769885045764334919e+00,6.858045011743226560e+00
6.870000000000000107e+00,2.769885027391602694e+00,6.858045007002836257e+00
6.871000000000000441e+00,2.769885009056092251e+00,6.858045002272048940e+00
6.871999999999999886e+00,2.769884990757733423e+00,6.858044997550847732e+00
6.873000000000000220e+00,2.769884972496446718e+00,6.858044992839211318e+00
6.874000000000000554e+00,2.769884954272156641e+00,6.858044988137121045e+00
6.875000000000000000e+00,2.769884936084790361e+00,6.858044983444557374e+00
6.876000000000000334e+00,2.769884917934271495e+00,6.858044978761500765e+00
6.876999999999999780e+00,2.769884899820526325e+00,6.858044974087931678e+00
6.878000000000000114e+00,2.769884881743478022e+00,6.858044969423831461e+00
6.879000000000000448e+00,2.769884863703058198e+00,6.858044964769181462e+00
6.879999999999999893e+00,2.769884845699186915e+00,6.858044960123962142e+00
6.881000000000000227e+00,2.769884827731792232e+00,6.858044955488154848e+00
6.882000000000000561e+00,2.769884809800800429e+00,6.858044950861737377e+00
6.883000000000000007e+00,2.769884791906135568e+00,6.858044946244695517e+00
6.884000000000000341e+00,2.769884774047727927e+00,6.858044941637006175e+00
6.884999999999999787e+00,2.769884756225500677e+00,6.858044937038653366e+00
6.886000000000000121e+00,2.769884738439382765e+00,6.858044932449615771e+00
6.887000000000000455e+00,2.769884720689300028e+00,6.858044927869877405e+00
6.887999999999999901e+00,2.769884702975178303e+00,6.858044923299416062e+00
6.889000000000000234e+00,2.769884685296946980e+00,6.858044918738214868e+00
6.890000000000000568e+00,2.769884667654531896e+00,6.858044914186255170e+00
6.891000000000000014e+00,2.769884650047858443e+00,6.858044909643517428e+00
6.892000000000000348e+00,2.769884632476861785e+00,6.858044905109983880e+00
6.892999999999999794e+00,2.769884614941460210e+00,6.858044900585635872e+00
6.894000000000000128e+00,2.769884597441587104e+00,6.858044896070453866e+00
6.895000000000000462e+00,2.769884579977168304e+00,6.858044891564420098e+00
6.895999999999999908e+00,2.769884562548134532e+00,6.858044887067515027e+00
6.897000000000000242e+00,2.769884545154412514e+00,6.858044882579720003e+00
6.898000000000000576e+00,2.769884527795930307e+00,6.858044878101019037e+00
6.899000000000000021e+00,2.769884510472617745e+00,6.858044873631390814e+00
6.900000000000000355e+00,2.769884493184401553e+00,6.858044869170819346e+00
6.900999999999999801e+00,2.769884475931211121e+00,6.858044864719284206e+00
6.902000000000000135e+00,2.769884458712977615e+00,6.858044860276767629e+00
6.903000000000000469e+00,2.769884441529625541e+00,6.858044855843252741e+00
6.903999999999999915e+00,2.769884424381091392e+00,6.858044851418720000e+00
6.905000000000000249e+00,2.769884407267298343e+00,6.858044847003151645e+00
6.906000000000000583e+00,2.769884390188178891e+00,6.858044842596529911e+00
6.907000000000000028e+00,2.769884373143664646e+00,6.858044838198835258e+00
6.908000000000000362e+00,2.769884356133679226e+00,6.858044833810050811e+00
6.908999999999999808e+00,2.769884339158157349e+00,6.858044829430157918e+00
6.910000000000000142e+00,2.769884322217030181e+00,6.858044825059138816e+00
6.911000000000000476e+00,2.769884305310224448e+00,6.858044820696976629e+00
6.911999999999999922e+00,2.769884288437674869e+00,6.858044816343649153e+00
6.913000000000000256e+00,2.769884271599309056e+00,6.858044811999145729e+00
6.913999999999999702e+00,2.769884254795055067e+00,6.858044807663442377e+00
6.915000000000000036e+00,2.769884238024849843e+00,6.858044803336523110e+00
6.916000000000000369e+00,2.769884221288619663e+00,6.858044799018370163e+00
6.916999999999999815e+00,2.769884204586300136e+00,6.858044794708965775e+00
6.918000000000000149e+00,2.769884187917817542e+00,6.858044790408292180e+00
6.919000000000000483e+00,2.769884171283108376e+00,6.858044786116333391e+00
6.919999999999999929e+00,2.769884154682099364e+00,6.858044781833069869e+00
6.921000000000000263e+00,2.769884138114723449e+00,6.858044777558482963e+00
6.921999999999999709e+00,2.769884121580914460e+00,6.858044773292558460e+00
6.923000000000000043e+00,2.769884105080606229e+00,6.858044769035275046e+00
6.924000000000000377e+00,2.769884088613724593e+00,6.858044764786618508e+00
6.924999999999999822e+00,2.769884072180206935e+00,6.858044760546568419e+00
6.926000000000000156e+00,2.769884055779983534e+00,6.858044756315110568e+00
6.927000000000000490e+00,2.769884039412987331e+00,6.858044752092223639e+00
6.927999999999999936e+00,2.769884023079152158e+00,6.858044747877894309e+00
6.929000000000000270e+00,2.769884006778408292e+00,6.858044743672103039e+00
6.929999999999999716e+00,2.769883990510690452e+00,6.858044739474831175e+00
6.931000000000000050e+00,2.769883974275932026e+00,6.858044735286063620e+00
6.932000000000000384e+00,2.769883958074065955e+00,6.858044731105784386e+00
6.932999999999999829e+00,2.769883941905026070e+00,6.858044726933973934e+00
6.934000000000000163e+00,2.769883925768742650e+00,6.858044722770613610e+00
6.935000000000000497e+00,2.769883909665153965e+00,6.858044718615690982e+00
6.935999999999999943e+00,2.769883893594191626e+00,6.858044714469183845e+00
6.937000000000000277e+00,2.769883877555787688e+00,6.858044710331078875e+00
6.937999999999999723e+00,2.769883861549879089e+00,6.858044706201359197e+00
6.939000000000000057e+00,2.769883845576401438e+00,6.858044702080005273e+00
6.940000000000000391e+00,2.769883829635283234e+00,6.858044697967001113e+00
6.940999999999999837e+00,2.769883813726461863e+00,6.858044693862328955e+00
6.942000000000000171e+00,2.769883797849875595e+00,6.858044689765975477e+00
6.943000000000000504e+00,2.769883782005453376e+00,6.858044685677919361e+00
6.943999999999999950e+00,2.769883766193131258e+00,6.858044681598146397e+00
6.945000000000000284e+00,2.769883750412846180e+00,6.858044677526639710e+00
6.945999999999999730e+00,2.769883734664532415e+00,6.858044673463381535e+00
6.947000000000000064e+00,2.769883718948126461e+00,6.858044669408354999e+00
6.948000000000000398e+00,2.769883703263561703e+00,6.858044665361545000e+00
6.948999999999999844e+00,2.769883687610774192e+00,6.858044661322932889e+00
6.950000000000000178e+00,2.769883671989700424e+00,6.858044657292503565e+00
6.951000000000000512e+00,2.769883656400272898e+00,6.858044653270241042e+00
6.951999999999999957e+00,2.769883640842431660e+00,6.858044649256124892e+00
6.953000000000000291e+00,2.769883625316111875e+00,6.858044645250143567e+00
6.953999999999999737e+00,2.769883609821247816e+00,6.858044641252277529e+00
6.955000000000000071e+00,2.769883594357776868e+00,6.858044637262513454e+00
6.956000000000000405e+00,2.769883578925636858e+00,6.858044633280830915e+00
6.956999999999999851e+00,2.769883563524760284e+00,6.858044629307216589e+00
6.958000000000000185e+00,2.769883548155087638e+00,6.858044625341653600e+00
6.959000000000000519e+00,2.769883532816554972e+00,6.858044621384121520e+00
6.959999999999999964e+00,2.769883517509098780e+00,6.858044617434610579e+00
6.961000000000000298e+00,2.769883502232653782e+00,6.858044613493100350e+00
6.961999999999999744e+00,2.769883486987161358e+00,6.858044609559575733e+00
6.963000000000000078e+00,2.769883471772555783e+00,6.858044605634020741e+00
6.964000000000000412e+00,2.769883456588774440e+00,6.858044601716419386e+00
6.964999999999999858e+00,2.769883441435758709e+00,6.858044597806755682e+00
6.966000000000000192e+00,2.769883426313442865e+00,6.858044593905011865e+00
6.967000000000000526e+00,2.769883411221762959e+00,6.858044590011173725e+00
6.967999999999999972e+00,2.769883396160661260e+00,6.858044586125224384e+00
6.969000000000000306e+00,2.769883381130073374e+00,6.858044582247147858e+00
6.969999999999999751e+00,2.769883366129937130e+00,6.858044578376928158e+00
6.971000000000000085e+00,2.769883351160191243e+00,6.858044574514550185e+00
6.972000000000000419e+00,2.769883336220774872e+00,6.858044570659997063e+00
6.972999999999999865e+00,2.769883321311628954e+00,6.858044566813253695e+00
6.974000000000000199e+00,2.769883306432685544e+00,6.858044562974304093e+00
6.975000000000000533e+00,2.769883291583887797e+00,6.858044559143132268e+00
6.975999999999999979e+00,2.769883276765175761e+00,6.858044555319722235e+00
6.977000000000000313e+00,2.769883261976488154e+00,6.858044551504058894e+00
6.977999999999999758e+00,2.769883247217759248e+00,6.858044547696126259e+00
6.979000000000000092e+00,2.769883232488933977e+00,6.858044543895909229e+00
6.980000000000000426e+00,2.769883217789948837e+00,6.858044540103390041e+00
6.980999999999999872e+00,2.769883203120745208e+00,6.858044536318555373e+00
6.982000000000000206e+00,2.769883188481261360e+00,6.858044532541389238e+00
6.983000000000000540e+00,2.769883173871437343e+00,6.858044528771875648e+00
6.983999999999999986e+00,2.769883159291213204e+00,6.858044525009998615e+00
6.985000000000000320e+00,2.769883144740528103e+00,6.858044521255743042e+00
6.985999999999999766e+00,2.769883130219326084e+00,6.858044517509095606e+00
6.987000000000000099e+00,2.769883115727541423e+00,6.858044513770036765e+00
6.988000000000000433e+00,2.769883101265120828e+00,6.858044510038554087e+00
6.988999999999999879e+00,2.769883086831997687e+00,6.858044506314630695e+00
6.990000000000000213e+00,2.769883072428118709e+00,6.858044502598254155e+00
6.991000000000000547e+00,2.769883058053420832e+00,6.858044498889404927e+00
6.991999999999999993e+00,2.769883043707847659e+00,6.858044495188070577e+00
6.993000000000000327e+00,2.769883029391340123e+00,6.858044491494236894e+00
6.993999999999999773e+00,2.769883015103836499e+00,6.858044487807885226e+00
6.995000000000000107e+00,2.769883000845280385e+00,6.858044484129002250e+00
6.996000000000000441e+00,2.769882986615612719e+00,6.858044480457572867e+00
6.996999999999999886e+00,2.769882972414773992e+00,6.858044476793581978e+00
6.998000000000000220e+00,2.769882958242707804e+00,6.858044473137014485e+00
6.999000000000000554e+00,2.769882944099352873e+00,6.858044469487856176e+00
7.000000000000000000e+00,2.769882929984655018e+00,6.858044465846091065e+00
7.001000000000000334e+00,2.769882915898551179e+00,6.858044462211703163e+00
7.001999999999999780e+00,2.769882901840988509e+00,6.858044458584680036e+00
7.003000000000000114e+00,2.769882887811905281e+00,6.858044454965003922e+00
7.004000000000000448e+00,2.769882873811246871e+00,6.858044451352661497e+00
7.004999999999999893e+00,2.769882859838952882e+00,6.858044447747639438e+00
7.006000000000000227e+00,2.769882845894966472e+00,6.858044444149919094e+00
7.007000000000000561e+00,2.769882831979235238e+00,6.858044440559489807e+00
7.008000000000000007e+00,2.769882818091693899e+00,6.858044436976333813e+00
7.009000000000000341e+00,2.769882804232290496e+00,6.858044433400437789e+00
7.009999999999999787e+00,2.769882790400965522e+00,6.858044429831785749e+00
7.011000000000000121e+00,2.769882776597665242e+00,6.858044426270364369e+00
7.012000000000000455e+00,2.769882762822328370e+00,6.858044422716157662e+00
7.012999999999999901e+00,2.769882749074901618e+00,6.858044419169154082e+00
7.014000000000000234e+00,2.769882735355327252e+00,6.858044415629334978e+00
7.015000000000000568e+00,2.769882721663548875e+00,6.858044412096688802e+00
7.016000000000000014e+00,2.769882707999511862e+00,6.858044408571198680e+00
7.017000000000000348e+00,2.769882694363157594e+00,6.858044405052852177e+00
7.017999999999999794e+00,2.769882680754432336e+00,6.858044401541633306e+00
7.019000000000000128e+00,2.769882667173275248e+00,6.858044398037528744e+00
7.020000000000000462e+00,2.769882653619637924e+00,6.858044394540524280e+00
7.020999999999999908e+00,2.769882640093459525e+00,6.858044391050603039e+00
7.022000000000000242e+00,2.769882626594682762e+00,6.858044387567753475e+00
7.023000000000000576e+00,2.769882613123257453e+00,6.858044384091960488e+00
7.024000000000000021e+00,2.769882599679126756e+00,6.858044380623209868e+00
7.025000000000000355e+00,2.769882586262232493e+00,6.858044377161485627e+00
7.025999999999999801e+00,2.769882572872520932e+00,6.858044373706777108e+00
7.027000000000000135e+00,2.769882559509939224e+00,6.858044370259066547e+00
7.028000000000000469e+00,2.769882546174427862e+00,6.858044366818341508e+00
7.028999999999999915e+00,2.769882532865937996e+00,6.858044363384586006e+00
7.030000000000000249e+00,2.769882519584407454e+00,6.858044359957789382e+00
7.031000000000000583e+00,2.769882506329787830e+00,6.858044356537935649e+00
7.032000000000000028e+00,2.769882493102023613e+00,6.858044353125007930e+00
7.033000000000000362e+00,2.769882479901057071e+00,6.858044349718997346e+00
7.033999999999999808e+00,2.769882466726838466e+00,6.858044346319887907e+00
7.035000000000000142e+00,2.769882453579308734e+00,6.858044342927662740e+00
7.036000000000000476e+00,2.769882440458417250e+00,6.858044339542311185e+00
7.036999999999999922e+00,2.769882427364108501e+00,6.858044336163819921e+00
7.038000000000000256e+00,2.769882414296329198e+00,6.858044332792172959e+00
7.039000000000000590e+00,2.769882401255026494e+00,6.858044329427356978e+00
7.040000000000000036e+00,2.769882388240145765e+00,6.858044326069355989e+00
7.041000000000000369e+00,2.769882375251633277e+00,6.858044322718162000e+00
7.041999999999999815e+00,2.769882362289437516e+00,6.858044319373755471e+00
7.043000000000000149e+00,2.769882349353502082e+00,6.858044316036124854e+00
7.044000000000000483e+00,2.769882336443773241e+00,6.858044312705256829e+00
7.044999999999999929e+00,2.769882323560202586e+00,6.858044309381138071e+00
7.046000000000000263e+00,2.769882310702733719e+00,6.858044306063753481e+00
7.046999999999999709e+00,2.769882297871313792e+00,6.858044302753089738e+00
7.048000000000000043e+00,2.769882285065892180e+00,6.858044299449132630e+00
7.049000000000000377e+00,2.769882272286411595e+00,6.858044296151870611e+00
7.049999999999999822e+00,2.769882259532826296e+00,6.858044292861288582e+00
7.051000000000000156e+00,2.769882246805078552e+00,6.858044289577373220e+00
7.052000000000000490e+00,2.769882234103119067e+00,6.858044286300112091e+00
7.052999999999999936e+00,2.769882221426891000e+00,6.858044283029489208e+00
7.054000000000000270e+00,2.769882208776347277e+00,6.858044279765493023e+00
7.054999999999999716e+00,2.769882196151434162e+00,6.858044276508111103e+00
7.056000000000000050e+00,2.769882183552097477e+00,6.858044273257328349e+00
7.057000000000000384e+00,2.769882170978289260e+00,6.858044270013130550e+00
7.057999999999999829e+00,2.769882158429957109e+00,6.858044266775507047e+00
7.059000000000000163e+00,2.769882145907046400e+00,6.858044263544441854e+00
7.060000000000000497e+00,2.769882133409506952e+00,6.858044260319924312e+00
7.060999999999999943e+00,2.769882120937289471e+00,6.858044257101938435e+00
7.062000000000000277e+00,2.769882108490339334e+00,6.858044253890471786e+00
7.062999999999999723e+00,2.769882096068609023e+00,6.858044250685513710e+00
7.064000000000000057e+00,2.769882083672044359e+00,6.858044247487047329e+00
7.065000000000000391e+00,2.769882071300596937e+00,6.858044244295061986e+00
7.065999999999999837e+00,2.769882058954212578e+00,6.858044241109542583e+00
7.067000000000000171e+00,2.769882046632841099e+00,6.858044237930479348e+00
7.068000000000000504e+00,2.769882034336435872e+00,6.858044234757856294e+00
7.068999999999999950e+00,2.769882022064943161e+00,6.858044231591659212e+00
7.070000000000000284e+00,2.769882009818310564e+00,6.858044228431878331e+00
7.070999999999999730e+00,2.769881997596491452e+00,6.858044225278497663e+00
7.072000000000000064e+00,2.769881985399433866e+00,6.858044222131509216e+00
7.073000000000000398e+00,2.769881973227087624e+00,6.858044218990892560e+00
7.073999999999999844e+00,2.769881961079405208e+00,6.858044215856642367e+00
7.075000000000000178e+00,2.769881948956331996e+00,6.858044212728739986e+00
7.076000000000000512e+00,2.769881936857822247e+00,6.858044209607175645e+00
7.076999999999999957e+00,2.769881924783822669e+00,6.858044206491936023e+00
7.078000000000000291e+00,2.769881912734285745e+00,6.858044203383007797e+00
7.078999999999999737e+00,2.769881900709161737e+00,6.858044200280377645e+00
7.080000000000000071e+00,2.769881888708402684e+00,6.858044197184034907e+00
7.081000000000000405e+00,2.769881876731954851e+00,6.858044194093964485e+00
7.081999999999999851e+00,2.769881864779772496e+00,6.858044191010153945e+00
7.083000000000000185e+00,2.769881852851805437e+00,6.858044187932591740e+00
7.084000000000000519e+00,2.769881840948004381e+00,6.858044184861265435e+00
7.084999999999999964e+00,2.769881829068323142e+00,6.858044181796160821e+00
7.086000000000000298e+00,2.769881817212709318e+00,6.858044178737268126e+00
7.086999999999999744e+00,2.769881805381113171e+00,6.858044175684570476e+00
7.088000000000000078e+00,2.769881793573488515e+00,6.858044172638059877e+00
7.089000000000000412e+00,2.769881781789789610e+00,6.858044169597720341e+00
7.089999999999999858e+00,2.769881770029962276e+00,6.858044166563540323e+00
7.091000000000000192e+00,2.769881758293961660e+00,6.858044163535507387e+00
7.092000000000000526e+00,2.769881746581738469e+00,6.858044160513610876e+00
7.092999999999999972e+00,2.769881734893244296e+00,6.858044157497835691e+00
7.094000000000000306e+00,2.769881723228431181e+00,6.858044154488171174e+00
7.094999999999999751e+00,2.769881711587250273e+00,6.858044151484603113e+00
7.096000000000000085e+00,2.769881699969658051e+00,6.858044148487121738e+00
7.097000000000000419e+00,2.769881688375600337e+00,6.858044145495712840e+00
7.097999999999999865e+00,2.769881676805033166e+00,6.858044142510363983e+00
7.099000000000000199e+00,2.769881665257908576e+00,6.858044139531064509e+00
7.100000000000000533e+00,2.769881653734180382e+00,6.858044136557800208e+00
7.100999999999999979e+00,2.769881642233796626e+00,6.858044133590561309e+00
7.102000000000000313e+00,2.769881630756713342e+00,6.858044130629331825e+00
7.102999999999999758e+00,2.769881619302885234e+00,6.858044127674103763e+00
7.104000000000000092e+00,2.769881607872261231e+00,6.858044124724862911e+00
7.105000000000000426e+00,2.769881596464797813e+00,6.858044121781596836e+00
7.105999999999999872e+00,2.769881585080444353e+00,6.858044118844293990e+00
7.107000000000000206e+00,2.769881573719157331e+00,6.858044115912941940e+00
7.108000000000000540e+00,2.769881562380886564e+00,6.858044112987530028e+00
7.108999999999999986e+00,2.769881551065588976e+00,6.858044110068043153e+00
7.110000000000000320e+00,2.769881539773215717e+00,6.858044107154473323e+00
7.110999999999999766e+00,2.769881528503721935e+00,6.858044104246804551e+00
7.112000000000000099e+00,2.769881517257060111e+00,6.858044101345028842e+00
7.113000000000000433e+00,2.769881506033184060e+00,6.858044098449130210e+00
7.113999999999999879e+00,2.769881494832047153e+00,6.858044095559099773e+00
7.115000000000000213e+00,2.769881483653607646e+00,6.858044092674925096e+00
7.116000000000000547e+00,2.769881472497812691e+00,6.858044089796593745e+00
7.116999999999999993e+00,2.769881461364619213e+00,6.858044086924092397e+00
7.118000000000000327e+00,2.769881450253984134e+00,6.858044084057412171e+00
7.118999999999999773e+00,2.769881439165859049e+00,6.858044081196539743e+00
7.120000000000000107e+00,2.769881428100198661e+00,6.858044078341464456e+00
7.121000000000000441e+00,2.769881417056955897e+00,6.858044075492171210e+00
7.121999999999999886e+00,2.769881406036089455e+00,6.858044072648652900e+00
7.123000000000000220e+00,2.769881395037550487e+00,6.858044069810893539e+00
7.124000000000000554e+00,2.769881384061294138e+00,6.858044066978885134e+00
7.125000000000000000e+00,2.769881373107276890e+00,6.858044064152614361e+00
7.126000000000000334e+00,2.769881362175452111e+00,6.858044061332070562e+00
7.126999999999999780e+00,2.769881351265777614e+00,6.858044058517239527e+00
7.128000000000000114e+00,2.769881340378204104e+00,6.858044055708112374e+00
7.129000000000000448e+00,2.769881329512690726e+00,6.858044052904675780e+00
7.129999999999999893e+00,2.769881318669189074e+00,6.858044050106919087e+00
7.131000000000000227e+00,2.769881307847657848e+00,6.858044047314832525e+00
7.132000000000000561e+00,2.769881297048052193e+00,6.858044044528400995e+00
7.133000000000000007e+00,2.769881286270325926e+00,6.858044041747615616e+00
7.134000000000000341e+00,2.769881275514436858e+00,6.858044038972463952e+00
7.134999999999999787e+00,2.769881264780337471e+00,6.858044036202934457e+00
7.136000000000000121e+00,2.769881254067986465e+00,6.858044033439016474e+00
7.137000000000000455e+00,2.769881243377339874e+00,6.858044030680697567e+00
7.137999999999999901e+00,2.769881232708351959e+00,6.858044027927968855e+00
7.139000000000000234e+00,2.769881222060980086e+00,6.858044025180815240e+00
7.140000000000000568e+00,2.769881211435179402e+00,6.858044022439227838e+00
7.141000000000000014e+00,2.769881200830908607e+00,6.858044019703195993e+00
7.142000000000000348e+00,2.769881190248120628e+00,6.858044016972707269e+00
7.142999999999999794e+00,2.769881179686775496e+00,6.858044014247749232e+00
7.144000000000000128e+00,2.769881169146826583e+00,6.858044011528314776e+00
7.145000000000000462e+00,2.769881158628231699e+00,6.858044008814387915e+00
7.145999999999999908e+00,2.769881148130946436e+00,6.858044006105959767e+00
7.147000000000000242e+00,2.769881137654932157e+00,6.858044003403019673e+00
7.148000000000000576e+00,2.769881127200140902e+00,6.858044000705554311e+00
7.149000000000000021e+00,2.769881116766531814e+00,6.858043998013555687e+00
7.150000000000000355e+00,2.769881106354060485e+00,6.858043995327010478e+00
7.150999999999999801e+00,2.769881095962685169e+00,6.858043992645908027e+00
7.152000000000000135e+00,2.769881085592364567e+00,6.858043989970236787e+00
7.153000000000000469e+00,2.769881075243054269e+00,6.858043987299988764e+00
7.153999999999999915e+00,2.769881064914712088e+00,6.858043984635148860e+00
7.155000000000000249e+00,2.769881054607294057e+00,6.858043981975709080e+00
7.156000000000000583e+00,2.769881044320758434e+00,6.858043979321656991e+00
7.157000000000000028e+00,2.769881034055067914e+00,6.858043976672981934e+00
7.158000000000000362e+00,2.769881023810170984e+00,6.858043974029673251e+00
7.158999999999999808e+00,2.769881013586035223e+00,6.858043971391721172e+00
7.160000000000000142e+00,2.769881003382610452e+00,6.858043968759111486e+00
7.161000000000000476e+00,2.769880993199859809e+00,6.858043966131837088e+00
7.161999999999999922e+00,2.769880983037737110e+00,6.858043963509884655e+00
7.163000000000000256e+00,2.769880972896205051e+00,6.858043960893244417e+00
7.164000000000000590e+00,2.769880962775221445e+00,6.858043958281906605e+00
7.165000000000000036e+00,2.769880952674741881e+00,6.858043955675858783e+00
7.166000000000000369e+00,2.769880942594725060e+00,6.858043953075090293e+00
7.166999999999999815e+00,2.769880932535131457e+00,6.858043950479592255e+00
7.168000000000000149e+00,2.769880922495918885e+00,6.858043947889352232e+00
7.169000000000000483e+00,2.769880912477044266e+00,6.858043945304359568e+00
7.169999999999999929e+00,2.769880902478472962e+00,6.858043942724605380e+00
7.171000000000000263e+00,2.769880892500156122e+00,6.858043940150078122e+00
7.171999999999999709e+00,2.769880882542055556e+00,6.858043937580765359e+00
7.173000000000000043e+00,2.769880872604130850e+00,6.858043935016658210e+00
7.174000000000000377e+00,2.769880862686340706e+00,6.858043932457746905e+00
7.174999999999999822e+00,2.769880852788643377e+00,6.858043929904019897e+00
7.176000000000000156e+00,2.769880842910999341e+00,6.858043927355466529e+00
7.177000000000000490e+00,2.769880833053369074e+00,6.858043924812076142e+00
7.177999999999999936e+00,2.769880823215709054e+00,6.858043922273838966e+00
7.179000000000000270e+00,2.769880813397980646e+00,6.858043919740745231e+00
7.179999999999999716e+00,2.769880803600141217e+00,6.858043917212781615e+00
7.181000000000000050e+00,2.769880793822157017e+00,6.858043914689941900e+00
7.182000000000000384e+00,2.769880784063980084e+00,6.858043912172212764e+00
7.182999999999999829e+00,2.769880774325575779e+00,6.858043909659585324e+00
7.184000000000000163e+00,2.769880764606900136e+00,6.858043907152047147e+00
7.185000000000000497e+00,2.769880754907913634e+00,6.858043904649589351e+00
7.185999999999999943e+00,2.769880745228581631e+00,6.858043902152203053e+00
7.187000000000000277e+00,2.769880735568855723e+00,6.858043899659875819e+00
7.187999999999999723e+00,2.769880725928703935e+00,6.858043897172597880e+00
7.189000000000000057e+00,2.769880716308081858e+00,6.858043894690359465e+00
7.190000000000000391e+00,2.769880706706951301e+00,6.858043892213149917e+00
7.190999999999999837e+00,2.769880697125274072e+00,6.858043889740958576e+00
7.192000000000000171e+00,2.769880687563006205e+00,6.858043887273777450e+00
7.193000000000000504e+00,2.769880678020113951e+00,6.858043884811593216e+00
7.193999999999999950e+00,2.769880668496556453e+00,6.858043882354398768e+00
7.195000000000000284e+00,2.769880658992294631e+00,6.858043879902182560e+00
7.195999999999999730e+00,2.769880649507288073e+00,6.858043877454934822e+00
7.197000000000000064e+00,2.769880640041496811e+00,6.858043875012644008e+00
7.198000000000000398e+00,2.769880630594886650e+00,6.858043872575303013e+00
7.198999999999999844e+00,2.769880621167412293e+00,6.858043870142900289e+00
7.200000000000000178e+00,2.769880611759040878e+00,6.858043867715423403e+00
7.201000000000000512e+00,2.769880602369730216e+00,6.858043865292866137e+00
7.201999999999999957e+00,2.769880592999442559e+00,6.858043862875216057e+00
7.203000000000000291e+00,2.769880583648138384e+00,6.858043860462466057e+00
7.203999999999999737e+00,2.769880574315780386e+00,6.858043858054602815e+00
7.205000000000000071e+00,2.769880565002331263e+00,6.858043855651617449e+00
7.206000000000000405e+00,2.769880555707751935e+00,6.858043853253502853e+00
7.206999999999999851e+00,2.769880546432000212e+00,6.858043850860244817e+00
7.208000000000000185e+00,2.769880537175045454e+00,6.858043848471837123e+00
7.209000000000000519e+00,2.769880527936841474e+00,6.858043846088267337e+00
7.209999999999999964e+00,2.769880518717359408e+00,6.858043843709527465e+00
7.211000000000000298e+00,2.769880509516552625e+00,6.858043841335605961e+00
7.211999999999999744e+00,2.769880500334389151e+00,6.858043838966494832e+00
7.213000000000000078e+00,2.769880491170826797e+00,6.858043836602183418e+00
7.214000000000000412e+00,2.769880482025831370e+00,6.858043834242661951e+00
7.214999999999999858e+00,2.769880472899364232e+00,6.858043831887921549e+00
7.216000000000000192e+00,2.769880463791387637e+00,6.858043829537951552e+00
7.217000000000000526e+00,2.769880454701861616e+00,6.858043827192743080e+00
7.217999999999999972e+00,2.769880445630755084e+00,6.858043824852285475e+00
7.219000000000000306e+00,2.769880436578022742e+00,6.858043822516569854e+00
7.219999999999999751e+00,2.769880427543634838e+00,6.858043820185587336e+00
7.221000000000000085e+00,2.769880418527548294e+00,6.858043817859326374e+00
7.222000000000000419e+00,2.769880409529730247e+00,6.858043815537778087e+00
7.222999999999999865e+00,2.769880400550142063e+00,6.858043813220934481e+00
7.224000000000000199e+00,2.769880391588746438e+00,6.858043810908784010e+00
7.225000000000000533e+00,2.769880382645507844e+00,6.858043808601317792e+00
7.225999999999999979e+00,2.769880373720386757e+00,6.858043806298526945e+00
7.227000000000000313e+00,2.769880364813350315e+00,6.858043804000402588e+00
7.227999999999999758e+00,2.769880355924356774e+00,6.858043801706934062e+00
7.229000000000000092e+00,2.769880347053374603e+00,6.858043799418111597e+00
7.230000000000000426e+00,2.769880338200364278e+00,6.858043797133927200e+00
7.230999999999999872e+00,2.769880329365291161e+00,6.858043794854369324e+00
7.232000000000000206e+00,2.769880320548118391e+00,6.858043792579430864e+00
7.233000000000000540e+00,2.769880311748809998e+00,6.858043790309100274e+00
7.233999999999999986e+00,2.769880302967327790e+00,6.858043788043370448e+00
7.235000000000000320e+00,2.769880294203638016e+00,6.858043785782231616e+00
7.235999999999999766e+00,2.769880285457702040e+00,6.858043783525672232e+00
7.237000000000000099e+00,2.769880276729487445e+00,6.858043781273686079e+00
7.238000000000000433e+00,2.769880268018956926e+00,6.858043779026262499e+00
7.238999999999999879e+00,2.769880259326072292e+00,6.858043776783391721e+00
7.240000000000000213e+00,2.769880250650801568e+00,6.858043774545064863e+00
7.241000000000000547e+00,2.769880241993107006e+00,6.858043772311273045e+00
7.241999999999999993e+00,2.769880233352952636e+00,6.858043770082007384e+00
7.243000000000000327e+00,2.769880224730302931e+00,6.858043767857257222e+00
7.243999999999999773e+00,2.769880216125122363e+00,6.858043765637015454e+00
7.245000000000000107e+00,2.769880207537378958e+00,6.858043763421272310e+00
7.246000000000000441e+00,2.769880198967031415e+00,6.858043761210017131e+00
7.246999999999999886e+00,2.769880190414048204e+00,6.858043759003243700e+00
7.248000000000000220e+00,2.769880181878395131e+00,6.858043756800938695e+00
7.249000000000000554e+00,2.769880173360034004e+00,6.858043754603097675e+00
7.250000000000000000e+00,2.769880164858931515e+00,6.858043752409707317e+00
7.251000000000000334e+00,2.769880156375054359e+00,6.858043750220764068e+00
7.251999999999999780e+00,2.769880147908363899e+00,6.858043748036253717e+00
7.253000000000000114e+00,2.769880139458827273e+00,6.858043745856170936e+00
7.254000000000000448e+00,2.769880131026411174e+00,6.858043743680503290e+00
7.254999999999999893e+00,2.769880122611078743e+00,6.858043741509244562e+00
7.256000000000000227e+00,2.769880114212794897e+00,6.858043739342384093e+00
7.257000000000000561e+00,2.769880105831526773e+00,6.858043737179913890e+00
7.258000000000000007e+00,2.769880097467240176e+00,6.858043735021825071e+00
7.259000000000000341e+00,2.769880089119900024e+00,6.858043732868107867e+00
7.259999999999999787e+00,2.769880080789469901e+00,6.858043730718756059e+00
7.261000000000000121e+00,2.769880072475918720e+00,6.858043728573757214e+00
7.262000000000000455e+00,2.769880064179210066e+00,6.858043726433105114e+00
7.262999999999999901e+00,2.769880055899312410e+00,6.858043724296788213e+00
7.264000000000000234e+00,2.769880047636187559e+00,6.858043722164802070e+00
7.265000000000000568e+00,2.769880039389806647e+00,6.858043720037133362e+00
7.266000000000000014e+00,2.769880031160132816e+00,6.858043717913777648e+00
7.267000000000000348e+00,2.769880022947131426e+00,6.858043715794721606e+00
7.267999999999999794e+00,2.769880014750769170e+00,6.858043713679960796e+00
7.269000000000000128e+00,2.769880006571015407e+00,6.858043711569483669e+00
7.270000000000000462e+00,2.769879998407831945e+00,6.858043709463283122e+00
7.270999999999999908e+00,2.769879990261189029e+00,6.858043707361347607e+00
7.272000000000000242e+00,2.769879982131049800e+00,6.858043705263671797e+00
7.273000000000000576e+00,2.769879974017384061e+00,6.858043703170245919e+00
7.274000000000000021e+00,2.769879965920156284e+00,6.858043701081061982e+00
7.275000000000000355e+00,2.769879957839331830e+00,6.858043698996111104e+00
7.275999999999999801e+00,2.769879949774880057e+00,6.858043696915383514e+00
7.277000000000000135e+00,2.769879941726769434e+00,6.858043694838872106e+00
7.278000000000000469e+00,2.769879933694963103e+00,6.858043692766567112e+00
7.278999999999999915e+00,2.769879925679430421e+00,6.858043690698461425e+00
7.280000000000000249e+00,2.769879917680137194e+00,6.858043688634545276e+00
7.281000000000000583e+00,2.769879909697048781e+00,6.858043686574810671e+00
7.282000000000000028e+00,2.769879901730135430e+00,6.858043684519249616e+00
7.283000000000000362e+00,2.769879893779363389e+00,6.858043682467852342e+00
7.283999999999999808e+00,2.769879885844701572e+00,6.858043680420611743e+00
7.285000000000000142e+00,2.769879877926114009e+00,6.858043678377518937e+00
7.286000000000000476e+00,2.769879870023569168e+00,6.858043676338565042e+00
7.286999999999999922e+00,2.769879862137033744e+00,6.858043674303742065e+00
7.288000000000000256e+00,2.769879854266478869e+00,6.858043672273042901e+00
7.289000000000000590e+00,2.769879846411869462e+00,6.858043670246457779e+00
7.290000000000000036e+00,2.769879838573174879e+00,6.858043668223978706e+00
7.291000000000000369e+00,2.769879830750359595e+00,6.858043666205595912e+00
7.291999999999999815e+00,2.769879822943396075e+00,6.858043664191304067e+00
7.293000000000000149e+00,2.769879815152246127e+00,6.858043662181090738e+00
7.294000000000000483e+00,2.769879807376884440e+00,6.858043660174951484e+00
7.294999999999999929e+00,2.769879799617275484e+00,6.858043658172877421e+00
7.296000000000000263e+00,2.769879791873386399e+00,6.858043656174859670e+00
7.296999999999999709e+00,2.769879784145188317e+00,6.858043654180889348e+00
7.298000000000000043e+00,2.769879776432645713e+00,6.858043652190957573e+00
7.299000000000000377e+00,2.769879768735729719e+00,6.858043650205060793e+00
7.299999999999999822e+00,2.769879761054408807e+00,6.858043648223184796e+00
7.301000000000000156e+00,2.769879753388648780e+00,6.858043646245325142e+00
7.302000000000000490e+00,2.769879745738420773e+00,6.858043644271471173e+00
7.302999999999999936e+00,2.769879738103692812e+00,6.858043642301618448e+00
7.304000000000000270e+00,2.769879730484432034e+00,6.858043640335755420e+00
7.304999999999999716e+00,2.769879722880610018e+00,6.858043638373876760e+00
7.306000000000000050e+00,2.769879715292192124e+00,6.858043636415971811e+00
7.307000000000000384e+00,2.769879707719147266e+00,6.858043634462033467e+00
7.307999999999999829e+00,2.769879700161448355e+00,6.858043632512054621e+00
7.309000000000000163e+00,2.769879692619059419e+00,6.858043630566024618e+00
7.310000000000000497e+00,2.769879685091952926e+00,6.858043628623939902e+00
7.310999999999999943e+00,2.769879677580097344e+00,6.858043626685788041e+00
7.312000000000000277e+00,2.769879670083460255e+00,6.858043624751563705e+00
7.312999999999999723e+00,2.769879662602011017e+00,6.858043622821257124e+00
7.314000000000000057e+00,2.769879655135717655e+00,6.858043620894862968e+00
7.315000000000000391e+00,2.769879647684554858e+00,6.858043618972370581e+00
7.315999999999999837e+00,2.769879640248483987e+00,6.858043617053772856e+00
7.317000000000000171e+00,2.769879632827484173e+00,6.858043615139063576e+00
7.318000000000000504e+00,2.769879625421514113e+00,6.858043613228233859e+00
7.318999999999999950e+00,2.769879618030553381e+00,6.858043611321273936e+00
7.320000000000000284e+00,2.769879610654564672e+00,6.858043609418178477e+00
7.320999999999999730e+00,2.769879603293518677e+00,6.858043607518939488e+00
7.322000000000000064e+00,2.769879595947387863e+00,6.858043605623547201e+00
7.323000000000000398e+00,2.769879588616141142e+00,6.858043603731995397e+00
7.323999999999999844e+00,2.769879581299747429e+00,6.858043601844275194e+00
7.325000000000000178e+00,2.769879573998176525e+00,6.858043599960380377e+00
7.326000000000000512e+00,2.769879566711397789e+00,6.858043598080302949e+00
7.326999999999999957e+00,2.769879559439383243e+00,6.858043596204033143e+00
7.328000000000000291e+00,2.769879552182103133e+00,6.858043594331565629e+00
7.328999999999999737e+00,2.769879544939525040e+00,6.858043592462891525e+00
7.330000000000000071e+00,2.769879537711620987e+00,6.858043590598003725e+00
7.331000000000000405e+00,2.769879530498361664e+00,6.858043588736893348e+00
7.331999999999999851e+00,2.769879523299715540e+00,6.858043586879555065e+00
7.333000000000000185e+00,2.769879516115654638e+00,6.858043585025979105e+00
7.334000000000000519e+00,2.769879508946148317e+00,6.858043583176157476e+00
7.334999999999999964e+00,2.769879501791167264e+00,6.858043581330086624e+00
7.336000000000000298e+00,2.769879494650682616e+00,6.858043579487753227e+00
7.336999999999999744e+00,2.769879487524665951e+00,6.858043577649153733e+00
7.338000000000000078e+00,2.769879480413087069e+00,6.858043575814278370e+00
7.339000000000000412e+00,2.769879473315913554e+00,6.858043573983120922e+00
7.339999999999999858e+00,2.769879466233120979e+00,6.858043572155673395e+00
7.341000000000000192e+00,2.769879459164677815e+00,6.858043570331928684e+00
7.342000000000000526e+00,2.769879452110556528e+00,6.858043568511878796e+00
7.342999999999999972e+00,2.769879445070727808e+00,6.858043566695516624e+00
7.344000000000000306e+00,2.769879438045161901e+00,6.858043564882833287e+00
7.344999999999999751e+00,2.769879431033827721e+00,6.858043563073824345e+00
7.346000000000000085e+00,2.769879424036699067e+00,6.858043561268479138e+00
7.347000000000000419e+00,2.769879417053748405e+00,6.858043559466791450e+00
7.347999999999999865e+00,2.769879410084944649e+00,6.858043557668755064e+00
7.349000000000000199e+00,2.769879403130259377e+00,6.858043555874361097e+00
7.350000000000000533e+00,2.769879396189665499e+00,6.858043554083602444e+00
7.350999999999999979e+00,2.769879389263133262e+00,6.858043552296472001e+00
7.352000000000000313e+00,2.769879382350633357e+00,6.858043550512961772e+00
7.352999999999999758e+00,2.769879375452139136e+00,6.858043548733065542e+00
7.354000000000000092e+00,2.769879368567620403e+00,6.858043546956776204e+00
7.355000000000000426e+00,2.769879361697051845e+00,6.858043545184084877e+00
7.355999999999999872e+00,2.769879354840401042e+00,6.858043543414984455e+00
7.357000000000000206e+00,2.769879347997644015e+00,6.858043541649468722e+00
7.358000000000000540e+00,2.769879341168750564e+00,6.858043539887530571e+00
7.358999999999999986e+00,2.769879334353690048e+00,6.858043538129161121e+00
7.360000000000000320e+00,2.769879327552441151e+00,6.858043536374355043e+00
7.360999999999999766e+00,2.769879320764969677e+00,6.858043534623103454e+00
7.362000000000000099e+00,2.769879313991248981e+00,6.858043532875401915e+00
7.363000000000000433e+00,2.769879307231253751e+00,6.858043531131238879e+00
7.363999999999999879e+00,2.769879300484952456e+00,6.858043529390611681e+00
7.365000000000000213e+00,2.769879293752320670e+00,6.858043527653508775e+00
7.366000000000000547e+00,2.769879287033328641e+00,6.858043525919927497e+00
7.366999999999999993e+00,2.769879280327951054e+00,6.858043524189857187e+00
7.368000000000000327e+00,2.769879273636158157e+00,6.858043522463292518e+00
7.368999999999999773e+00,2.769879266957920638e+00,6.858043520740225496e+00
7.370000000000000107e+00,2.769879260293216738e+00,6.858043519020649903e+00
7.371000000000000441e+00,2.769879253642013150e+00,6.858043517304557746e+00
7.371999999999999886e+00,2.769879247004286338e+00,6.858043515591943695e+00
7.373000000000000220e+00,2.769879240380008767e+00,6.858043513882798869e+00
7.374000000000000554e+00,2.769879233769151128e+00,6.858043512177115275e+00
7.375000000000000000e+00,2.769879227171685443e+00,6.858043510474888471e+00
7.376000000000000334e+00,2.769879220587589064e+00,6.858043508776111352e+00
7.376999999999999780e+00,2.769879214016831348e+00,6.858043507080774148e+00
7.378000000000000114e+00,2.769879207459387427e+00,6.858043505388873307e+00
7.379000000000000448e+00,2.769879200915224882e+00,6.858043503700399057e+00
7.379999999999999893e+00,2.769879194384325949e+00,6.858043502015346959e+00
7.381000000000000227e+00,2.769879187866655545e+00,6.858043500333709019e+00
7.382000000000000561e+00,2.769879181362191911e+00,6.858043498655476355e+00
7.383000000000000007e+00,2.769879174870907068e+00,6.858043496980644527e+00
7.384000000000000341e+00,2.769879168392771263e+00,6.858043495309207316e+00
7.384999999999999787e+00,2.769879161927762290e+00,6.858043493641154953e+00
7.386000000000000121e+00,2.769879155475850396e+00,6.858043491976482109e+00
7.387000000000000455e+00,2.769879149037010269e+00,6.858043490315182567e+00
7.387999999999999901e+00,2.769879142611218370e+00,6.858043488657249220e+00
7.389000000000000234e+00,2.769879136198441838e+00,6.858043487002675853e+00
7.390000000000000568e+00,2.769879129798659800e+00,6.858043485351452695e+00
7.391000000000000014e+00,2.769879123411843391e+00,6.858043483703575305e+00
7.392000000000000348e+00,2.769879117037966409e+00,6.858043482059037466e+00
7.392999999999999794e+00,2.769879110677002654e+00,6.858043480417830295e+00
7.394000000000000128e+00,2.769879104328925923e+00,6.858043478779948465e+00
7.395000000000000462e+00,2.769879097993712236e+00,6.858043477145384870e+00
7.395999999999999908e+00,2.769879091671334059e+00,6.858043475514134180e+00
7.397000000000000242e+00,2.769879085361762971e+00,6.858043473886187513e+00
7.398000000000000576e+00,2.769879079064977212e+00,6.858043472261539542e+00
7.399000000000000021e+00,2.769879072780950136e+00,6.858043470640182271e+00
7.400000000000000355e+00,2.769879066509652432e+00,6.858043469022111260e+00
7.400999999999999801e+00,2.769879060251059677e+00,6.858043467407317628e+00
7.402000000000000135e+00,2.769879054005149666e+00,6.858043465795795157e+00
7.403000000000000469e+00,2.769879047771890868e+00,6.858043464187538518e+00
7.403999999999999915e+00,2.769879041551264631e+00,6.858043462582541494e+00
7.405000000000000249e+00,2.769879035343238982e+00,6.858043460980793427e+00
7.406000000000000583e+00,2.769879029147790384e+00,6.858043459382291651e+00
7.407000000000000028e+00,2.769879022964895743e+00,6.858043457787029062e+00
7.408000000000000362e+00,2.769879016794526194e+00,6.858043456194998555e+00
7.408999999999999808e+00,2.769879010636660421e+00,6.858043454606193023e+00
7.410000000000000142e+00,2.769879004491270447e+00,6.858043453020607139e+00
7.411000000000000476e+00,2.769878998358329181e+00,6.858043451438232907e+00
7.411999999999999922e+00,2.769878992237813531e+00,6.858043449859065888e+00
7.413000000000000256e+00,2.769878986129699516e+00,6.858043448283096311e+00
7.414000000000000590e+00,2.769878980033960936e+00,6.858043446710320623e+00
7.415000000000000036e+00,2.769878973950570256e+00,6.858043445140732608e+00
7.416000000000000369e+00,2.769878967879506604e+00,6.858043443574323383e+00
7.416999999999999815e+00,2.769878961820742003e+00,6.858043442011087620e+00
7.418000000000000149e+00,2.769878955774253804e+00,6.858043440451019102e+00
7.419000000000000483e+00,2.769878949740014917e+00,6.858043438894111610e+00
7.419999999999999929e+00,2.769878943718004027e+00,6.858043437340358928e+00
7.421000000000000263e+00,2.769878937708189603e+00,6.858043435789753062e+00
7.422000000000000597e+00,2.769878931710554770e+00,6.858043434242288683e+00
7.423000000000000043e+00,2.769878925725071994e+00,6.858043432697962238e+00
7.424000000000000377e+00,2.769878919751711521e+00,6.858043431156761294e+00
7.424999999999999822e+00,2.769878913790457364e+00,6.858043429618684073e+00
7.426000000000000156e+00,2.769878907841278437e+00,6.858043428083723470e+00
7.427000000000000490e+00,2.769878901904154755e+00,6.858043426551871491e+00
7.427999999999999936e+00,2.769878895979057454e+00,6.858043425023124584e+00
7.429000000000000270e+00,2.769878890065967880e+00,6.858043423497475644e+00
7.429999999999999716e+00,2.769878884164854949e+00,6.858043421974915788e+00
7.431000000000000050e+00,2.769878878275697787e+00,6.858043420455440575e+00
7.432000000000000384e+00,2.769878872398477299e+00,6.858043418939045566e+00
7.432999999999999829e+00,2.769878866533158401e+00,6.858043417425721877e+00
7.434000000000000163e+00,2.769878860679724664e+00,6.858043415915463292e+00
7.435000000000000497e+00,2.769878854838150772e+00,6.858043414408266258e+00
7.435999999999999943e+00,2.769878849008413191e+00,6.858043412904121894e+00
7.437000000000000277e+00,2.769878843190483497e+00,6.858043411403024869e+00
7.437999999999999723e+00,2.769878837384343040e+00,6.858043409904968968e+00
7.439000000000000057e+00,2.769878831589967838e+00,6.858043408409949748e+00
7.440000000000000391e+00,2.769878825807331690e+00,6.858043406917958329e+00
7.440999999999999837e+00,2.769878820036407951e+00,6.858043405428988493e+00
7.442000000000000171e+00,2.769878814277179746e+00,6.858043403943038463e+00
7.443000000000000504e+00,2.769878808529617764e+00,6.858043402460095805e+00
7.443999999999999950e+00,2.769878802793700689e+00,6.858043400980157855e+00
7.445000000000000284e+00,2.769878797069404541e+00,6.858043399503220172e+00
7.445999999999999730e+00,2.769878791356708891e+00,6.858043398029274762e+00
7.447000000000000064e+00,2.769878785655585318e+00,6.858043396558313631e+00
7.448000000000000398e+00,2.769878779966011617e+00,6.858043395090335004e+00
7.448999999999999844e+00,2.769878774287966472e+00,6.858043393625329109e+00
7.450000000000000178e+00,2.769878768621422793e+00,6.858043392163291507e+00
7.451000000000000512e+00,2.769878762966361485e+00,6.858043390704216868e+00
7.451999999999999957e+00,2.769878757322757679e+00,6.858043389248096311e+00
7.453000000000000291e+00,2.769878751690587837e+00,6.858043387794928059e+00
7.453999999999999737e+00,2.769878746069828868e+00,6.858043386344703229e+00
7.455000000000000071e+00,2.769878740460458122e+00,6.858043384897417383e+00
7.456000000000000405e+00,2.769878734862453395e+00,6.858043383453062525e+00
7.456999999999999851e+00,2.769878729275786711e+00,6.858043382011634215e+00
7.458000000000000185e+00,2.769878723700441192e+00,6.858043380573126235e+00
7.459000000000000519e+00,2.769878718136390194e+00,6.858043379137533258e+00
7.459999999999999964e+00,2.769878712583613289e+00,6.858043377704848176e+00
7.461000000000000298e+00,2.769878707042087385e+00,6.858043376275066549e+00
7.461999999999999744e+00,2.769878701511787167e+00,6.858043374848182161e+00
7.463000000000000078e+00,2.769878695992691764e+00,6.858043373424187017e+00
7.464000000000000412e+00,2.769878690484778083e+00,6.858043372003077565e+00
7.464999999999999858e+00,2.769878684988023920e+00,6.858043370584847587e+00
7.466000000000000192e+00,2.769878679502405294e+00,6.858043369169490866e+00
7.467000000000000526e+00,2.769878674027902221e+00,6.858043367757002073e+00
7.467999999999999972e+00,2.769878668564491608e+00,6.858043366347375880e+00
7.469000000000000306e+00,2.769878663112148143e+00,6.858043364940603404e+00
7.469999999999999751e+00,2.769878657670849620e+00,6.858043363536681980e+00
7.471000000000000085e+00,2.769878652240578720e+00,6.858043362135604504e+00
7.472000000000000419e+00,2.769878646821309687e+00,6.858043360737367422e+00
7.472999999999999865e+00,2.769878641413017650e+00,6.858043359341961853e+00
7.474000000000000199e+00,2.769878636015683959e+00,6.858043357949383356e+00
7.475000000000000533e+00,2.769878630629285965e+00,6.858043356559625714e+00
7.475999999999999979e+00,2.769878625253799687e+00,6.858043355172685374e+00
7.477000000000000313e+00,2.769878619889205584e+00,6.858043353788553453e+00
7.477999999999999758e+00,2.769878614535481010e+00,6.858043352407227289e+00
7.479000000000000092e+00,2.769878609192600205e+00,6.858043351028698886e+00
7.480000000000000426e+00,2.769878603860548072e+00,6.858043349652963805e+00
7.480999999999999872e+00,2.769878598539297521e+00,6.858043348280014939e+00
7.482000000000000206e+00,2.769878593228826791e+00,6.858043346909847848e+00
7.483000000000000540e+00,2.769878587929114566e+00,6.858043345542458091e+00
7.483999999999999986e+00,2.769878582640142195e+00,6.858043344177838563e+00
7.485000000000000320e+00,2.769878577361885252e+00,6.858043342815983046e+00
7.485999999999999766e+00,2.769878572094319313e+00,6.858043341456886210e+00
7.487000000000000099e+00,2.769878566837427059e+00,6.858043340100542729e+00
7.488000000000000433e+00,2.769878561591186283e+00,6.858043338746949047e+00
7.488999999999999879e+00,2.769878556355575672e+00,6.858043337396097172e+00
7.490000000000000213e+00,2.769878551130569466e+00,6.858043336047982663e+00
7.491000000000000547e+00,2.769878545916152124e+00,6.858043334702597527e+00
7.491999999999999993e+00,2.769878540712297443e+00,6.858043333359939098e+00
7.493000000000000327e+00,2.769878535518986329e+00,6.858043332020001159e+00
7.493999999999999773e+00,2.769878530336197908e+00,6.858043330682778382e+00
7.495000000000000107e+00,2.769878525163908201e+00,6.858043329348265438e+00
7.496000000000000441e+00,2.769878520002099886e+00,6.858043328016453444e+00
7.496999999999999886e+00,2.769878514850748541e+00,6.858043326687342400e+00
7.498000000000000220e+00,2.769878509709832848e+00,6.858043325360923426e+00
7.499000000000000554e+00,2.769878504579334599e+00,6.858043324037191191e+00
7.500000000000000000e+00,2.769878499459230259e+00,6.858043322716141255e+00
7.501000000000000334e+00,2.769878494349498510e+00,6.858043321397768288e+00
7.501999999999999780e+00,2.769878489250118925e+00,6.858043320082065186e+00
7.503000000000000114e+00,2.769878484161073740e+00,6.858043318769028396e+00
7.504000000000000448e+00,2.769878479082335865e+00,6.858043317458652588e+00
7.504999999999999893e+00,2.769878474013890202e+00,6.858043316150931545e+00
7.506000000000000227e+00,2.769878468955712325e+00,6.858043314845859051e+00
7.507000000000000561e+00,2.769878463907779587e+00,6.858043313543430664e+00
7.508000000000000007e+00,2.769878458870078664e+00,6.858043312243641942e+00
7.509000000000000341e+00,2.769878453842581134e+00,6.858043310946486670e+00
7.509999999999999787e+00,2.769878448825271455e+00,6.858043309651957742e+00
7.511000000000000121e+00,2.769878443818126090e+00,6.858043308360054269e+00
7.512000000000000455e+00,2.769878438821126831e+00,6.858043307070765593e+00
7.512999999999999901e+00,2.769878433834249698e+00,6.858043305784090826e+00
7.514000000000000234e+00,2.769878428857475594e+00,6.858043304500022863e+00
7.515000000000000568e+00,2.769878423890786756e+00,6.858043303218555486e+00
7.516000000000000014e+00,2.769878418934159647e+00,6.858043301939685144e+00
7.517000000000000348e+00,2.769878413987575172e+00,6.858043300663404729e+00
7.517999999999999794e+00,2.769878409051011570e+00,6.858043299389711578e+00
7.519000000000000128e+00,2.769878404124449300e+00,6.858043298118597697e+00
7.520000000000000462e+00,2.769878399207869712e+00,6.858043296850060422e+00
7.520999999999999908e+00,2.769878394301251490e+00,6.858043295584092647e+00
7.522000000000000242e+00,2.769878389404574648e+00,6.858043294320689931e+00
7.523000000000000576e+00,2.769878384517816983e+00,6.858043293059846057e+00
7.524000000000000021e+00,2.769878379640959398e+00,6.858043291801557473e+00
7.525000000000000355e+00,2.769878374773984131e+00,6.858043290545817960e+00
7.525999999999999801e+00,2.769878369916869421e+00,6.858043289292621303e+00
7.527000000000000135e+00,2.769878365069594395e+00,6.858043288041965724e+00
7.528000000000000469e+00,2.769878360232140846e+00,6.858043286793843230e+00
7.528999999999999915e+00,2.769878355404487014e+00,6.858043285548249379e+00
7.530000000000000249e+00,2.769878350586615134e+00,6.858043284305180620e+00
7.531000000000000583e+00,2.769878345778504780e+00,6.858043283064627182e+00
7.532000000000000028e+00,2.769878340980134634e+00,6.858043281826589954e+00
7.533000000000000362e+00,2.769878336191486046e+00,6.858043280591060054e+00
7.533999999999999808e+00,2.769878331412541250e+00,6.858043279358033040e+00
7.535000000000000142e+00,2.769878326643278488e+00,6.858043278127503584e+00
7.536000000000000476e+00,2.769878321883677774e+00,6.858043276899469021e+00
7.536999999999999922e+00,2.769878317133718681e+00,6.858043275673922246e+00
7.538000000000000256e+00,2.769878312393383446e+00,6.858043274450857041e+00
7.539000000000000590e+00,2.769878307662653860e+00,6.858043273230270742e+00
7.540000000000000036e+00,2.769878302941508608e+00,6.858043272012158020e+00
7.541000000000000369e+00,2.769878298229928593e+00,6.858043270796511770e+00
7.541999999999999815e+00,2.769878293527894719e+00,6.858043269583328438e+00
7.543000000000000149e+00,2.769878288835384339e+00,6.858043268372603585e+00
7.544000000000000483e+00,2.769878284152383685e+00,6.858043267164331880e+00
7.544999999999999929e+00,2.769878279478870553e+00,6.858043265958508883e+00
7.546000000000000263e+00,2.769878274814825403e+00,6.858043264755127488e+00
7.547000000000000597e+00,2.769878270160230915e+00,6.858043263554185032e+00
7.548000000000000043e+00,2.769878265515066662e+00,6.858043262355674408e+00
7.549000000000000377e+00,2.769878260879312659e+00,6.858043261159592952e+00
7.549999999999999822e+00,2.769878256252951143e+00,6.858043259965936222e+00
7.551000000000000156e+00,2.769878251635963906e+00,6.858043258774696227e+00
7.552000000000000490e+00,2.769878247028330076e+00,6.858043257585870300e+00
7.552999999999999936e+00,2.769878242430031001e+00,6.858043256399454002e+00
7.554000000000000270e+00,2.769878237841048918e+00,6.858043255215439338e+00
7.554999999999999716e+00,2.769878233261363398e+00,6.858043254033823644e+00
7.556000000000000050e+00,2.769878228690956679e+00,6.858043252854603367e+00
7.557000000000000384e+00,2.769878224129810107e+00,6.858043251677770513e+00
7.557999999999999829e+00,2.769878219577904588e+00,6.858043250503325083e+00
7.559000000000000163e+00,2.769878215035220581e+00,6.858043249331256419e+00
7.560000000000000497e+00,2.769878210501740767e+00,6.858043248161561856e+00
7.560999999999999943e+00,2.769878205977446939e+00,6.858043246994238729e+00
7.562000000000000277e+00,2.769878201462317335e+00,6.858043245829279932e+00
7.562999999999999723e+00,2.769878196956336414e+00,6.858043244666681026e+00
7.564000000000000057e+00,2.769878192459484190e+00,6.858043243506439346e+00
7.565000000000000391e+00,2.769878187971743788e+00,6.858043242348546009e+00
7.565999999999999837e+00,2.769878183493095669e+00,6.858043241193000128e+00
7.567000000000000171e+00,2.769878179023519849e+00,6.858043240039794597e+00
7.568000000000000504e+00,2.769878174563001227e+00,6.858043238888925863e+00
7.568999999999999950e+00,2.769878170111520266e+00,6.858043237740390374e+00
7.570000000000000284e+00,2.769878165669058312e+00,6.858043236594179248e+00
7.570999999999999730e+00,2.769878161235594050e+00,6.858043235450291597e+00
7.572000000000000064e+00,2.769878156811114156e+00,6.858043234308721203e+00
7.573000000000000398e+00,2.769878152395597759e+00,6.858043233169464514e+00
7.573999999999999844e+00,2.769878147989027095e+00,6.858043232032515313e+00
7.575000000000000178e+00,2.769878143591385289e+00,6.858043230897869158e+00
7.576000000000000512e+00,2.769878139202652800e+00,6.858043229765521609e+00
7.576999999999999957e+00,2.769878134822812754e+00,6.858043228635469113e+00
7.578000000000000291e+00,2.769878130451845610e+00,6.858043227507705453e+00
7.578999999999999737e+00,2.769878126089734049e+00,6.858043226382227964e+00
7.580000000000000071e+00,2.769878121736459420e+00,6.858043225259030429e+00
7.581000000000000405e+00,2.769878117392005734e+00,6.858043224138106631e+00
7.581999999999999851e+00,2.769878113056352564e+00,6.858043223019456569e+00
7.583000000000000185e+00,2.769878108729485255e+00,6.858043221903069586e+00
7.584000000000000519e+00,2.769878104411383823e+00,6.858043220788947458e+00
7.584999999999999964e+00,2.769878100102030949e+00,6.858043219677082192e+00
7.586000000000000298e+00,2.769878095801410200e+00,6.858043218567469346e+00
7.586999999999999744e+00,2.769878091509501150e+00,6.858043217460103591e+00
7.588000000000000078e+00,2.769878087226288699e+00,6.858043216354982263e+00
7.589000000000000412e+00,2.769878082951752862e+00,6.858043215252100033e+00
7.589999999999999858e+00,2.769878078685877210e+00,6.858043214151451572e+00
7.591000000000000192e+00,2.769878074428645309e+00,6.858043213053033327e+00
7.592000000000000526e+00,2.769878070180038954e+00,6.858043211956839968e+00
7.592999999999999972e+00,2.769878065940039935e+00,6.858043210862868833e+00
7.594000000000000306e+00,2.769878061708631378e+00,6.858043209771113702e+00
7.594999999999999751e+00,2.769878057485793743e+00,6.858043208681570135e+00
7.596000000000000085e+00,2.769878053271513707e+00,6.858043207594233692e+00
7.597000000000000419e+00,2.769878049065772174e+00,6.858043206509100820e+00
7.597999999999999865e+00,2.769878044868551381e+00,6.858043205426166189e+00
7.599000000000000199e+00,2.769878040679834452e+00,6.858043204345426247e+00
7.600000000000000533e+00,2.769878036499603624e+00,6.858043203266873888e+00
7.600999999999999979e+00,2.769878032327841577e+00,6.858043202190509113e+00
7.602000000000000313e+00,2.769878028164531436e+00,6.858043201116324816e+00
7.602999999999999758e+00,2.769878024009658546e+00,6.858043200044315668e+00
7.604000000000000092e+00,2.769878019863201146e+00,6.858043198974479893e+00
7.605000000000000426e+00,2.769878015725146803e+00,6.858043197906810384e+00
7.605999999999999872e+00,2.769878011595472866e+00,6.858043196841303590e+00
7.607000000000000206e+00,2.769878007474168680e+00,6.858043195777956846e+00
7.608000000000000540e+00,2.769878003361213814e+00,6.858043194716763047e+00
7.608999999999999986e+00,2.769877999256590950e+00,6.858043193657721304e+00
7.610000000000000320e+00,2.769877995160286321e+00,6.858043192600822735e+00
7.610999999999999766e+00,2.769877991072278611e+00,6.858043191546067341e+00
7.612000000000000099e+00,2.769877986992554053e+00,6.858043190493448904e+00
7.613000000000000433e+00,2.769877982921093995e+00,6.858043189442961207e+00
7.613999999999999879e+00,2.769877978857886003e+00,6.858043188394604250e+00
7.615000000000000213e+00,2.769877974802905651e+00,6.858043187348370040e+00
7.616000000000000547e+00,2.769877970756144503e+00,6.858043186304255023e+00
7.616999999999999993e+00,2.769877966717583018e+00,6.858043185262256536e+00
7.618000000000000327e+00,2.769877962687200323e+00,6.858043184222367472e+00
7.618999999999999773e+00,2.769877958664985318e+00,6.858043183184587832e+00
7.620000000000000107e+00,2.769877954650920238e+00,6.858043182148908734e+00
7.621000000000000441e+00,2.769877950644984210e+00,6.858043181115329290e+00
7.621999999999999886e+00,2.769877946647166578e+00,6.858043180083843282e+00
7.623000000000000220e+00,2.769877942657450021e+00,6.858043179054447158e+00
7.624000000000000554e+00,2.769877938675813667e+00,6.858043178027135589e+00
7.625000000000000000e+00,2.769877934702247302e+00,6.858043177001907686e+00
7.626000000000000334e+00,2.769877930736730498e+00,6.858043175978754569e+00
7.626999999999999780e+00,2.769877926779246824e+00,6.858043174957675348e+00
7.628000000000000114e+00,2.769877922829780736e+00,6.858043173938665582e+00
7.629000000000000448e+00,2.769877918888319357e+00,6.858043172921719943e+00
7.629999999999999893e+00,2.769877914954840481e+00,6.858043171906833990e+00
7.631000000000000227e+00,2.769877911029331230e+00,6.858043170894004170e+00
7.632000000000000561e+00,2.769877907111777837e+00,6.858043169883226930e+00
7.633000000000000007e+00,2.769877903202158542e+00,6.858043168874496942e+00
7.634000000000000341e+00,2.769877899300461799e+00,6.858043167867811540e+00
7.634999999999999787e+00,2.769877895406670287e+00,6.858043166863166284e+00
7.636000000000000121e+00,2.769877891520766688e+00,6.858043165860554957e+00
7.637000000000000455e+00,2.769877887642735015e+00,6.858043164859975782e+00
7.637999999999999901e+00,2.769877883772563276e+00,6.858043163861423430e+00
7.639000000000000234e+00,2.769877879910231044e+00,6.858043162864893461e+00
7.640000000000000568e+00,2.769877876055722332e+00,6.858043161870384097e+00
7.641000000000000014e+00,2.769877872209026926e+00,6.858043160877888234e+00
7.642000000000000348e+00,2.769877868370121732e+00,6.858043159887404094e+00
7.642999999999999794e+00,2.769877864538995649e+00,6.858043158898926350e+00
7.644000000000000128e+00,2.769877860715630469e+00,6.858043157912451449e+00
7.645000000000000462e+00,2.769877856900012425e+00,6.858043156927975836e+00
7.645999999999999908e+00,2.769877853092124198e+00,6.858043155945493297e+00
7.647000000000000242e+00,2.769877849291950689e+00,6.858043154965002053e+00
7.648000000000000576e+00,2.769877845499479019e+00,6.858043153986497664e+00
7.649000000000000021e+00,2.769877841714688760e+00,6.858043153009975690e+00
7.650000000000000355e+00,2.769877837937566145e+00,6.858043152035431689e+00
7.650999999999999801e+00,2.769877834168096964e+00,6.858043151062862108e+00
7.652000000000000135e+00,2.769877830406264341e+00,6.858043150092263396e+00
7.653000000000000469e+00,2.769877826652055397e+00,6.858043149123630222e+00
7.653999999999999915e+00,2.769877822905451481e+00,6.858043148156961699e+00
7.655000000000000249e+00,2.769877819166435717e+00,6.858043147192248945e+00
7.656000000000000583e+00,2.769877815434998780e+00,6.858043146229491960e+00
7.657000000000000028e+00,2.769877811711119797e+00,6.858043145268686303e+00
7.658000000000000362e+00,2.769877807994785446e+00,6.858043144309826644e+00
7.658999999999999808e+00,2.769877804285981071e+00,6.858043143352909432e+00
7.660000000000000142e+00,2.769877800584692018e+00,6.858043142397931113e+00
7.661000000000000476e+00,2.769877796890900079e+00,6.858043141444887247e+00
7.661999999999999922e+00,2.769877793204593708e+00,6.858043140493775169e+00
7.663000000000000256e+00,2.769877789525755141e+00,6.858043139544589550e+00
7.664000000000000590e+00,2.769877785854368835e+00,6.858043138597327726e+00
7.665000000000000036e+00,2.769877782190421467e+00,6.858043137651983479e+00
7.666000000000000369e+00,2.769877778533896606e+00,6.858043136708555920e+00
7.666999999999999815e+00,2.769877774884780930e+00,6.858043135767039722e+00
7.668000000000000149e+00,2.769877771243058451e+00,6.858043134827428666e+00
7.669000000000000483e+00,2.769877767608715846e+00,6.858043133889725418e+00
7.669999999999999929e+00,2.769877763981734908e+00,6.858043132953920207e+00
7.671000000000000263e+00,2.769877760362102759e+00,6.858043132020009480e+00
7.672000000000000597e+00,2.769877756749801190e+00,6.858043131087991462e+00
7.673000000000000043e+00,2.769877753144822208e+00,6.858043130157862599e+00
7.674000000000000377e+00,2.769877749547144496e+00,6.858043129229617563e+00
7.674999999999999822e+00,2.769877745956757842e+00,6.858043128303253688e+00
7.676000000000000156e+00,2.769877742373644924e+00,6.858043127378766535e+00
7.677000000000000490e+00,2.769877738797789757e+00,6.858043126456152550e+00
7.677999999999999936e+00,2.769877735229182569e+00,6.858043125535408180e+00
7.679000000000000270e+00,2.769877731667802490e+00,6.858043124616528097e+00
7.679999999999999716e+00,2.769877728113638415e+00,6.858043123699510524e+00
7.681000000000000050e+00,2.769877724566675248e+00,6.858043122784350132e+00
7.682000000000000384e+00,2.769877721026899220e+00,6.858043121871045145e+00
7.682999999999999829e+00,2.769877717494294345e+00,6.858043120959589345e+00
7.684000000000000163e+00,2.769877713968845523e+00,6.858043120049979180e+00
7.685000000000000497e+00,2.769877710450541652e+00,6.858043119142213762e+00
7.685999999999999943e+00,2.769877706939365858e+00,6.858043118236287761e+00
7.687000000000000277e+00,2.769877703435300820e+00,6.858043117332196736e+00
7.687999999999999723e+00,2.769877699938339433e+00,6.858043116429937136e+00
7.689000000000000057e+00,2.769877696448459048e+00,6.858043115529504519e+00
7.690000000000000391e+00,2.769877692965651672e+00,6.858043114630897108e+00
7.690999999999999837e+00,2.769877689489898653e+00,6.858043113734111351e+00
7.692000000000000171e+00,2.769877686021188889e+00,6.858043112839140143e+00
7.693000000000000504e+00,2.769877682559506837e+00,6.858043111945985260e+00
7.693999999999999950e+00,2.769877679104837842e+00,6.858043111054638707e+00
7.695000000000000284e+00,2.769877675657168581e+00,6.858043110165097822e+00
7.695999999999999730e+00,2.769877672216485287e+00,6.858043109277357274e+00
7.697000000000000064e+00,2.769877668782770197e+00,6.858043108391417952e+00
7.698000000000000398e+00,2.769877665356013097e+00,6.858043107507271863e+00
7.698999999999999844e+00,2.769877661936199775e+00,6.858043106624918117e+00
7.700000000000000178e+00,2.769877658523313801e+00,6.858043105744352275e+00
7.701000000000000512e+00,2.769877655117343629e+00,6.858043104865569894e+00
7.701999999999999957e+00,2.769877651718272826e+00,6.858043103988569200e+00
7.703000000000000291e+00,2.769877648326088515e+00,6.858043103113342198e+00
7.703999999999999737e+00,2.769877644940779149e+00,6.858043102239891553e+00
7.705000000000000071e+00,2.769877641562325632e+00,6.858043101368209271e+00
7.706000000000000405e+00,2.769877638190718638e+00,6.858043100498293576e+00
7.706999999999999851e+00,2.769877634825941293e+00,6.858043099630139139e+00
7.708000000000000185e+00,2.769877631467981605e+00,6.858043098763744183e+00
7.709000000000000519e+00,2.769877628116827140e+00,6.858043097899106044e+00
7.709999999999999964e+00,2.769877624772460578e+00,6.858043097036216729e+00
7.711000000000000298e+00,2.769877621434870374e+00,6.858043096175078901e+00
7.711999999999999744e+00,2.769877618104041428e+00,6.858043095315683679e+00
7.713000000000000078e+00,2.769877614779960862e+00,6.858043094458029287e+00
7.714000000000000412e+00,2.769877611462616240e+00,6.858043093602113061e+00
7.714999999999999858e+00,2.769877608151990245e+00,6.858043092747933223e+00
7.716000000000000192e+00,2.769877604848073993e+00,6.858043091895481780e+00
7.717000000000000526e+00,2.769877601550850166e+00,6.858043091044756956e+00
7.717999999999999972e+00,2.769877598260307217e+00,6.858043090195756974e+00
7.719000000000000306e+00,2.769877594976432267e+00,6.858043089348475618e+00
7.719999999999999751e+00,2.769877591699208441e+00,6.858043088502912887e+00
7.721000000000000085e+00,2.769877588428626414e+00,6.858043087659061676e+00
7.722000000000000419e+00,2.769877585164669753e+00,6.858043086816921097e+00
7.722999999999999865e+00,2.769877581907323805e+00,6.858043085976485820e+00
7.724000000000000199e+00,2.769877578656580575e+00,6.858043085137754069e+00
7.725000000000000533e+00,2.769877575412422299e+00,6.858043084300722292e+00
7.725999999999999979e+00,2.769877572174836544e+00,6.858043083465384271e+00
7.727000000000000313e+00,2.769877568943809987e+00,6.858043082631740894e+00
7.727999999999999758e+00,2.769877565719330192e+00,6.858043081799785057e+00
7.729000000000000092e+00,2.769877562501382062e+00,6.858043080969514982e+00
7.730000000000000426e+00,2.769877559289954050e+00,6.858043080140927117e+00
7.730999999999999872e+00,2.769877556085033721e+00,6.858043079314017909e+00
7.732000000000000206e+00,2.769877552886604200e+00,6.858043078488784694e+00
7.733000000000000540e+00,2.769877549694657493e+00,6.858043077665223031e+00
7.733999999999999986e+00,2.769877546509177613e+00,6.858043076843329366e+00
7.735000000000000320e+00,2.769877543330151237e+00,6.858043076023101037e+00
7.735999999999999766e+00,2.769877540157562379e+00,6.858043075204535377e+00
7.737000000000000099e+00,2.769877536991405709e+00,6.858043074387627058e+00
7.738000000000000433e+00,2.769877533831662575e+00,6.858043073572375192e+00
7.738999999999999879e+00,2.769877530678320099e+00,6.858043072758774450e+00
7.740000000000000213e+00,2.769877527531367178e+00,6.858043071946822167e+00
7.741000000000000547e+00,2.769877524390789159e+00,6.858043071136514790e+00
7.741999999999999993e+00,2.769877521256575825e+00,6.858043070327847879e+00
7.743000000000000327e+00,2.769877518128709859e+00,6.858043069520820545e+00
7.743999999999999773e+00,2.769877515007184154e+00,6.858043068715429236e+00
7.745000000000000107e+00,2.769877511891979616e+00,6.858043067911667734e+00
7.746000000000000441e+00,2.769877508783088249e+00,6.858043067109536040e+00
7.746999999999999886e+00,2.769877505680495400e+00,6.858043066309028823e+00
7.748000000000000220e+00,2.769877502584189077e+00,6.858043065510142533e+00
7.749000000000000554e+00,2.769877499494153739e+00,6.858043064712877168e+00
7.750000000000000000e+00,2.769877496410382722e+00,6.858043063917224735e+00
7.751000000000000334e+00,2.769877493332856933e+00,6.858043063123186123e+00
7.751999999999999780e+00,2.769877490261565267e+00,6.858043062330756001e+00
7.753000000000000114e+00,2.769877487196497956e+00,6.858043061539930818e+00
7.754000000000000448e+00,2.769877484137641233e+00,6.858043060750707909e+00
7.754999999999999893e+00,2.769877481084980442e+00,6.858043059963083721e+00
7.756000000000000227e+00,2.769877478038504037e+00,6.858043059177055589e+00
7.757000000000000561e+00,2.769877474998201805e+00,6.858043058392619962e+00
7.758000000000000007e+00,2.769877471964057758e+00,6.858043057609774173e+00
7.759000000000000341e+00,2.769877468936061238e+00,6.858043056828513784e+00
7.759999999999999787e+00,2.769877465914199366e+00,6.858043056048836128e+00
7.761000000000000121e+00,2.769877462898460596e+00,6.858043055270737653e+00
7.762000000000000455e+00,2.769877459888831606e+00,6.858043054494217472e+00
7.762999999999999901e+00,2.769877456885298184e+00,6.858043053719268478e+00
7.764000000000000234e+00,2.769877453887854113e+00,6.858043052945891560e+00
7.765000000000000568e+00,2.769877450896479409e+00,6.858043052174079612e+00
7.766000000000000014e+00,2.769877447911166080e+00,6.858043051403832635e+00
7.767000000000000348e+00,2.769877444931901689e+00,6.858043050635145299e+00
7.767999999999999794e+00,2.769877441958672470e+00,6.858043049868015828e+00
7.769000000000000128e+00,2.769877438991467766e+00,6.858043049102441557e+00
7.770000000000000462e+00,2.769877436030275586e+00,6.858043048338417158e+00
7.770999999999999908e+00,2.769877433075082163e+00,6.858043047575939966e+00
7.772000000000000242e+00,2.769877430125877282e+00,6.858043046815009092e+00
7.773000000000000576e+00,2.769877427182644958e+00,6.858043046055619207e+00
7.774000000000000021e+00,2.769877424245378084e+00,6.858043045297768536e+00
7.775000000000000355e+00,2.769877421314061561e+00,6.858043044541453526e+00
7.775999999999999801e+00,2.769877418388682511e+00,6.858043043786669735e+00
7.777000000000000135e+00,2.769877415469231607e+00,6.858043043033414499e+00
7.778000000000000469e+00,2.769877412555694196e+00,6.858043042281686041e+00
7.778999999999999915e+00,2.769877409648061395e+00,6.858043041531481698e+00
7.780000000000000249e+00,2.769877406746318549e+00,6.858043040782796140e+00
7.781000000000000583e+00,2.769877403850456332e+00,6.858043040035627591e+00
7.782000000000000028e+00,2.769877400960458758e+00,6.858043039289973386e+00
7.783000000000000362e+00,2.769877398076317832e+00,6.858043038545829084e+00
7.783999999999999808e+00,2.769877395198019787e+00,6.858043037803192910e+00
7.785000000000000142e+00,2.769877392325555299e+00,6.858043037062062197e+00
7.786000000000000476e+00,2.769877389458907491e+00,6.858043036322432506e+00
7.786999999999999922e+00,2.769877386598071034e+00,6.858043035584301172e+00
7.788000000000000256e+00,2.769877383743026389e+00,6.858043034847664643e+00
7.789000000000000590e+00,2.769877380893767338e+00,6.858043034112520253e+00
7.790000000000000036e+00,2.769877378050283223e+00,6.858043033378867115e+00
7.791000000000000369e+00,2.769877375212558501e+00,6.858043032646699899e+00
7.791999999999999815e+00,2.769877372380584291e+00,6.858043031916015941e+00
7.793000000000000149e+00,2.769877369554346824e+00,6.858043031186810801e+00
7.794000000000000483e+00,2.769877366733835444e+00,6.858043030459084477e+00
7.794999999999999929e+00,2.769877363919036828e+00,6.858043029732831641e+00
7.796000000000000263e+00,2.769877361109943426e+00,6.858043029008051406e+00
7.797000000000000597e+00,2.769877358306540138e+00,6.858043028284739329e+00
7.798000000000000043e+00,2.769877355508818084e+00,6.858043027562892746e+00
7.799000000000000377e+00,2.769877352716763497e+00,6.858043026842508105e+00
7.799999999999999822e+00,2.769877349930365718e+00,6.858043026123583630e+00
7.801000000000000156e+00,2.769877347149614089e+00,6.858043025406114879e+00
7.802000000000000490e+00,2.769877344374493955e+00,6.858043024690100076e+00
7.802999999999999936e+00,2.769877341604997323e+00,6.858043023975535668e+00
7.804000000000000270e+00,2.769877338841112646e+00,6.858043023262419879e+00
7.805000000000000604e+00,2.769877336082826158e+00,6.858043022550749157e+00
7.806000000000000050e+00,2.769877333330130309e+00,6.858043021840518172e+00
7.807000000000000384e+00,2.769877330583008668e+00,6.858043021131728700e+00
7.807999999999999829e+00,2.769877327841455017e+00,6.858043020424373637e+00
7.809000000000000163e+00,2.769877325105456034e+00,6.858043019718451205e+00
7.810000000000000497e+00,2.769877322374997952e+00,6.858043019013959629e+00
7.810999999999999943e+00,2.769877319650073222e+00,6.858043018310897132e+00
7.812000000000000277e+00,2.769877316930670741e+00,6.858043017609256609e+00
7.812999999999999723e+00,2.769877314216775410e+00,6.858043016909038059e+00
7.814000000000000057e+00,2.769877311508381013e+00,6.858043016210238818e+00
7.815000000000000391e+00,2.769877308805470228e+00,6.858043015512856222e+00
7.815999999999999837e+00,2.769877306108039505e+00,6.858043014816884053e+00
7.817000000000000171e+00,2.769877303416071523e+00,6.858043014122324088e+00
7.818000000000000504e+00,2.769877300729556957e+00,6.858043013429170998e+00
7.818999999999999950e+00,2.769877298048486480e+00,6.858043012737421229e+00
7.820000000000000284e+00,2.769877295372848991e+00,6.858043012047074782e+00
7.820999999999999730e+00,2.769877292702630722e+00,6.858043011358125440e+00
7.822000000000000064e+00,2.769877290037823236e+00,6.858043010670571427e+00
7.823000000000000398e+00,2.769877287378414099e+00,6.858043009984411853e+00
7.823999999999999844e+00,2.769877284724394872e+00,6.858043009299642279e+00
7.825000000000000178e+00,2.769877282075751346e+00,6.858043008616260039e+00
7.826000000000000512e+00,2.769877279432475081e+00,6.858043007934262469e+00
7.826999999999999957e+00,2.769877276794552312e+00,6.858043007253646017e+00
7.828000000000000291e+00,2.769877274161975489e+00,6.858043006574408906e+00
7.828999999999999737e+00,2.769877271534729957e+00,6.858043005896547584e+00
7.830000000000000071e+00,2.769877268912808166e+00,6.858043005220059385e+00
7.831000000000000405e+00,2.769877266296201679e+00,6.858043004544941645e+00
7.831999999999999851e+00,2.769877263684892732e+00,6.858043003871192589e+00
7.833000000000000185e+00,2.769877261078876884e+00,6.858043003198808663e+00
7.834000000000000519e+00,2.769877258478139481e+00,6.858043002527786314e+00
7.834999999999999964e+00,2.769877255882670752e+00,6.858043001858123766e+00
7.836000000000000298e+00,2.769877253292461372e+00,6.858043001189817467e+00
7.836999999999999744e+00,2.769877250707501126e+00,6.858043000522865640e+00
7.838000000000000078e+00,2.769877248127776692e+00,6.858042999857265620e+00
7.839000000000000412e+00,2.769877245553280520e+00,6.858042999193013856e+00
7.839999999999999858e+00,2.769877242983997068e+00,6.858042998530107681e+00
7.841000000000000192e+00,2.769877240419921449e+00,6.858042997868543544e+00
7.842000000000000526e+00,2.769877237861039454e+00,6.858042997208322333e+00
7.842999999999999972e+00,2.769877235307342644e+00,6.858042996549436943e+00
7.844000000000000306e+00,2.769877232758818586e+00,6.858042995891886484e+00
7.844999999999999751e+00,2.769877230215461061e+00,6.858042995235667405e+00
7.846000000000000085e+00,2.769877227677251419e+00,6.858042994580779705e+00
7.847000000000000419e+00,2.769877225144189214e+00,6.858042993927217168e+00
7.847999999999999865e+00,2.769877222616256685e+00,6.858042993274980681e+00
7.849000000000000199e+00,2.769877220093446724e+00,6.858042992624064915e+00
7.850000000000000533e+00,2.769877217575745121e+00,6.858042991974467206e+00
7.850999999999999979e+00,2.769877215063149212e+00,6.858042991326185778e+00
7.852000000000000313e+00,2.769877212555639456e+00,6.858042990679217077e+00
7.852999999999999758e+00,2.769877210053214078e+00,6.858042990033560216e+00
7.854000000000000092e+00,2.769877207555855758e+00,6.858042989389211641e+00
7.855000000000000426e+00,2.769877205063557835e+00,6.858042988746168689e+00
7.855999999999999872e+00,2.769877202576309649e+00,6.858042988104428694e+00
7.857000000000000206e+00,2.769877200094098768e+00,6.858042987463986329e+00
7.858000000000000540e+00,2.769877197616920750e+00,6.858042986824845144e+00
7.858999999999999986e+00,2.769877195144759163e+00,6.858042986186996259e+00
7.860000000000000320e+00,2.769877192677604238e+00,6.858042985550440562e+00
7.860999999999999766e+00,2.769877190215450646e+00,6.858042984915175388e+00
7.862000000000000099e+00,2.769877187758285952e+00,6.858042984281196297e+00
7.863000000000000433e+00,2.769877185306098166e+00,6.858042983648501512e+00
7.863999999999999879e+00,2.769877182858880182e+00,6.858042983017088368e+00
7.865000000000000213e+00,2.769877180416618678e+00,6.858042982386955977e+00
7.866000000000000547e+00,2.769877177979306104e+00,6.858042981758099010e+00
7.866999999999999993e+00,2.769877175546930914e+00,6.858042981130516580e+00
7.868000000000000327e+00,2.769877173119483782e+00,6.858042980504205133e+00
7.868999999999999773e+00,2.769877170696956270e+00,6.858042979879162893e+00
7.870000000000000107e+00,2.769877168279334612e+00,6.858042979255387195e+00
7.871000000000000441e+00,2.769877165866611701e+00,6.858042978632875375e+00
7.871999999999999886e+00,2.769877163458777325e+00,6.858042978011624768e+00
7.873000000000000220e+00,2.769877161055820824e+00,6.858042977391631823e+00
7.874000000000000554e+00,2.769877158657734206e+00,6.858042976772895649e+00
7.875000000000000000e+00,2.769877156264504592e+00,6.858042976155413584e+00
7.876000000000000334e+00,2.769877153876124876e+00,6.858042975539182073e+00
7.876999999999999780e+00,2.769877151492585288e+00,6.858042974924199342e+00
7.878000000000000114e+00,2.769877149113872061e+00,6.858042974310463613e+00
7.879000000000000448e+00,2.769877146739978979e+00,6.858042973697969558e+00
7.879999999999999893e+00,2.769877144370894939e+00,6.858042973086717176e+00
7.881000000000000227e+00,2.769877142006612836e+00,6.858042972476702914e+00
7.882000000000000561e+00,2.769877139647119790e+00,6.858042971867924997e+00
7.883000000000000007e+00,2.769877137292407809e+00,6.858042971260379872e+00
7.884000000000000341e+00,2.769877134942464902e+00,6.858042970654065762e+00
7.884999999999999787e+00,2.769877132597283520e+00,6.858042970048980003e+00
7.886000000000000121e+00,2.769877130256853448e+00,6.858042969445120818e+00
7.887000000000000455e+00,2.769877127921166249e+00,6.858042968842485543e+00
7.887999999999999901e+00,2.769877125590211264e+00,6.858042968241068849e+00
7.889000000000000234e+00,2.769877123263978280e+00,6.858042967640872511e+00
7.890000000000000568e+00,2.769877120942458859e+00,6.858042967041892091e+00
7.891000000000000014e+00,2.769877118625641899e+00,6.858042966444124922e+00
7.892000000000000348e+00,2.769877116313518961e+00,6.858042965847569228e+00
7.892999999999999794e+00,2.769877114006080276e+00,6.858042965252221457e+00
7.894000000000000128e+00,2.769877111703317851e+00,6.858042964658079832e+00
7.895000000000000462e+00,2.769877109405218807e+00,6.858042964065142577e+00
7.895999999999999908e+00,2.769877107111777370e+00,6.858042963473406139e+00
7.897000000000000242e+00,2.769877104822981551e+00,6.858042962882868743e+00
7.898000000000000576e+00,2.769877102538824243e+00,6.858042962293528610e+00
7.899000000000000021e+00,2.769877100259293456e+00,6.858042961705381302e+00
7.900000000000000355e+00,2.769877097984382530e+00,6.858042961118425929e+00
7.900999999999999801e+00,2.769877095714078585e+00,6.858042960532661603e+00
7.902000000000000135e+00,2.769877093448377181e+00,6.858042959948082107e+00
7.903000000000000469e+00,2.769877091187264107e+00,6.858042959364686553e+00
7.903999999999999915e+00,2.769877088930732256e+00,6.858042958782474052e+00
7.905000000000000249e+00,2.769877086678771416e+00,6.858042958201440165e+00
7.906000000000000583e+00,2.769877084431374481e+00,6.858042957621584890e+00
7.907000000000000028e+00,2.769877082188529904e+00,6.858042957042902010e+00
7.908000000000000362e+00,2.769877079950230137e+00,6.858042956465395079e+00
7.908999999999999808e+00,2.769877077716464964e+00,6.858042955889054326e+00
7.910000000000000142e+00,2.769877075487225504e+00,6.858042955313883304e+00
7.911000000000000476e+00,2.769877073262501543e+00,6.858042954739878461e+00
7.911999999999999922e+00,2.769877071042286421e+00,6.858042954167035354e+00
7.913000000000000256e+00,2.769877068826569033e+00,6.858042953595353097e+00
7.914000000000000590e+00,2.769877066615341388e+00,6.858042953024828137e+00
7.915000000000000036e+00,2.769877064408592826e+00,6.858042952455460473e+00
7.916000000000000369e+00,2.769877062206314466e+00,6.858042951887244776e+00
7.916999999999999815e+00,2.769877060008499647e+00,6.858042951320181935e+00
7.918000000000000149e+00,2.769877057815137711e+00,6.858042950754267508e+00
7.919000000000000483e+00,2.769877055626218443e+00,6.858042950189499720e+00
7.919999999999999929e+00,2.769877053441735182e+00,6.858042949625876794e+00
7.921000000000000263e+00,2.769877051261675049e+00,6.858042949063395177e+00
7.922000000000000597e+00,2.769877049086035381e+00,6.858042948502053093e+00
7.923000000000000043e+00,2.769877046914801522e+00,6.858042947941846990e+00
7.924000000000000377e+00,2.769877044747967254e+00,6.858042947382778642e+00
7.924999999999999822e+00,2.769877042585521476e+00,6.858042946824840946e+00
7.926000000000000156e+00,2.769877040427457970e+00,6.858042946268034790e+00
7.927000000000000490e+00,2.769877038273767411e+00,6.858042945712355731e+00
7.927999999999999936e+00,2.769877036124440028e+00,6.858042945157801995e+00
7.929000000000000270e+00,2.769877033979468273e+00,6.858042944604372693e+00
7.930000000000000604e+00,2.769877031838840153e+00,6.858042944052066048e+00
7.931000000000000050e+00,2.769877029702550786e+00,6.858042943500876731e+00
7.932000000000000384e+00,2.769877027570589512e+00,6.858042942950803855e+00
7.932999999999999829e+00,2.769877025442947893e+00,6.858042942401844755e+00
7.934000000000000163e+00,2.769877023319614828e+00,6.858042941853999430e+00
7.935000000000000497e+00,2.769877021200584100e+00,6.858042941307263440e+00
7.935999999999999943e+00,2.769877019085847270e+00,6.858042940761635897e+00
7.937000000000000277e+00,2.769877016975394568e+00,6.858042940217114136e+00
7.937999999999999723e+00,2.769877014869220222e+00,6.858042939673693716e+00
7.939000000000000057e+00,2.769877012767309576e+00,6.858042939131375526e+00
7.940000000000000391e+00,2.769877010669659079e+00,6.858042938590156901e+00
7.940999999999999837e+00,2.769877008576258959e+00,6.858042938050033399e+00
7.942000000000000171e+00,2.769877006487100335e+00,6.858042937511004133e+00
7.943000000000000504e+00,2.769877004402172549e+00,6.858042936973068215e+00
7.943999999999999950e+00,2.769877002321468940e+00,6.858042936436222092e+00
7.945000000000000284e+00,2.769877000244984178e+00,6.858042935900462211e+00
7.945999999999999730e+00,2.769876998172700944e+00,6.858042935365788573e+00
7.947000000000000064e+00,2.769876996104620570e+00,6.858042934832197624e+00
7.948000000000000398e+00,2.769876994040730178e+00,6.858042934299688476e+00
7.948999999999999844e+00,2.769876991981019998e+00,6.858042933768256688e+00
7.950000000000000178e+00,2.769876989925482036e+00,6.858042933237903149e+00
7.951000000000000512e+00,2.769876987874109187e+00,6.858042932708625194e+00
7.951999999999999957e+00,2.769876985826892568e+00,6.858042932180416607e+00
7.953000000000000291e+00,2.769876983783825519e+00,6.858042931653281826e+00
7.953999999999999737e+00,2.769876981744895605e+00,6.858042931127212860e+00
7.955000000000000071e+00,2.769876979710097942e+00,6.858042930602209708e+00
7.956000000000000405e+00,2.769876977679421870e+00,6.858042930078270594e+00
7.956999999999999851e+00,2.769876975652860729e+00,6.858042929555392853e+00
7.958000000000000185e+00,2.769876973630403860e+00,6.858042929033573820e+00
7.959000000000000519e+00,2.769876971612045935e+00,6.858042928512813496e+00
7.959999999999999964e+00,2.769876969597775407e+00,6.858042927993105664e+00
7.961000000000000298e+00,2.769876967587590055e+00,6.858042927474452988e+00
7.961999999999999744e+00,2.769876965581472561e+00,6.858042926956851026e+00
7.963000000000000078e+00,2.769876963579422924e+00,6.858042926440298004e+00
7.964000000000000412e+00,2.769876961581429153e+00,6.858042925924790367e+00
7.964999999999999858e+00,2.769876959587482368e+00,6.858042925410327229e+00
7.966000000000000192e+00,2.769876957597574130e+00,6.858042924896907699e+00
7.967000000000000526e+00,2.769876955611699110e+00,6.858042924384527339e+00
7.967999999999999972e+00,2.769876953629847094e+00,6.858042923873184371e+00
7.969000000000000306e+00,2.769876951652012309e+00,6.858042923362878796e+00
7.969999999999999751e+00,2.769876949678181877e+00,6.858042922853606171e+00
7.971000000000000085e+00,2.769876947708351356e+00,6.858042922345365611e+00
7.972000000000000419e+00,2.769876945742512309e+00,6.858042921838155337e+00
7.972999999999999865e+00,2.769876943780656298e+00,6.858042921331972686e+00
7.974000000000000199e+00,2.769876941822774441e+00,6.858042920826814992e+00
7.975000000000000533e+00,2.769876939868858301e+00,6.858042920322680480e+00
7.975999999999999979e+00,2.769876937918904325e+00,6.858042919819568262e+00
7.977000000000000313e+00,2.769876935972898302e+00,6.858042919317475672e+00
7.977999999999999758e+00,2.769876934030835347e+00,6.858042918816399158e+00
7.979000000000000092e+00,2.769876932092707023e+00,6.858042918316338721e+00
7.980000000000000426e+00,2.769876930158505779e+00,6.858042917817290807e+00
7.980999999999999872e+00,2.769876928228221846e+00,6.858042917319252751e+00
7.982000000000000206e+00,2.769876926301849451e+00,6.858042916822225443e+00
7.983000000000000540e+00,2.769876924379380601e+00,6.858042916326205329e+00
7.983999999999999986e+00,2.769876922460807300e+00,6.858042915831189745e+00
7.985000000000000320e+00,2.769876920546118448e+00,6.858042915337176915e+00
7.985999999999999766e+00,2.769876918635310492e+00,6.858042914844165949e+00
7.987000000000000099e+00,2.769876916728373661e+00,6.858042914352152408e+00
7.988000000000000433e+00,2.769876914825300851e+00,6.858042913861135403e+00
7.988999999999999879e+00,2.769876912926083623e+00,6.858042913371114047e+00
7.990000000000000213e+00,2.769876911030714428e+00,6.858042912882085673e+00
7.991000000000000547e+00,2.769876909139185717e+00,6.858042912394047619e+00
7.991999999999999993e+00,2.769876907251489495e+00,6.858042911906998995e+00
7.993000000000000327e+00,2.769876905367615993e+00,6.858042911420936250e+00
7.993999999999999773e+00,2.769876903487560771e+00,6.858042910935858494e+00
7.995000000000000107e+00,2.769876901611313613e+00,6.858042910451763952e+00
7.996000000000000441e+00,2.769876899738868747e+00,6.858042909968650847e+00
7.996999999999999886e+00,2.769876897870215959e+00,6.858042909486515626e+00
7.998000000000000220e+00,2.769876896005349920e+00,6.858042909005357401e+00
7.999000000000000554e+00,2.769876894144263968e+00,6.858042908525174397e+00
8.000000000000000000e+00,2.769876892286945669e+00,6.858042908045963060e+00
8.000999999999999446e+00,2.769876890433391914e+00,6.858042907567723390e+00
8.002000000000000668e+00,2.769876888583592045e+00,6.858042907090451834e+00
8.003000000000000114e+00,2.769876886737542954e+00,6.858042906614149281e+00
8.003999999999999559e+00,2.769876884895231761e+00,6.858042906138809514e+00
8.005000000000000782e+00,2.769876883056654027e+00,6.858042905664434308e+00
8.006000000000000227e+00,2.769876881221800424e+00,6.858042905191019223e+00
8.006999999999999673e+00,2.769876879390664737e+00,6.858042904718564259e+00
8.008000000000000895e+00,2.769876877563239415e+00,6.858042904247065863e+00
8.009000000000000341e+00,2.769876875739513800e+00,6.858042903776523147e+00
8.009999999999999787e+00,2.769876873919487448e+00,6.858042903306933447e+00
8.011000000000001009e+00,2.769876872103146592e+00,6.858042902838294985e+00
8.012000000000000455e+00,2.769876870290485460e+00,6.858042902370605987e+00
8.012999999999999901e+00,2.769876868481496945e+00,6.858042901903864674e+00
8.013999999999999346e+00,2.769876866676171723e+00,6.858042901438070160e+00
8.015000000000000568e+00,2.769876864874507127e+00,6.858042900973217115e+00
8.016000000000000014e+00,2.769876863076490725e+00,6.858042900509306428e+00
8.016999999999999460e+00,2.769876861282118519e+00,6.858042900046336321e+00
8.018000000000000682e+00,2.769876859491380738e+00,6.858042899584305019e+00
8.019000000000000128e+00,2.769876857704272499e+00,6.858042899123208080e+00
8.019999999999999574e+00,2.769876855920782255e+00,6.858042898663046394e+00
8.021000000000000796e+00,2.769876854140907341e+00,6.858042898203816407e+00
8.022000000000000242e+00,2.769876852364638875e+00,6.858042897745517230e+00
8.022999999999999687e+00,2.769876850591970197e+00,6.858042897288147088e+00
8.024000000000000909e+00,2.769876848822888871e+00,6.858042896831702429e+00
8.025000000000000355e+00,2.769876847057394897e+00,6.858042896376184139e+00
8.025999999999999801e+00,2.769876845295479395e+00,6.858042895921586890e+00
8.027000000000001023e+00,2.769876843537130817e+00,6.858042895467911571e+00
8.028000000000000469e+00,2.769876841782343391e+00,6.858042895015155516e+00
8.028999999999999915e+00,2.769876840031114007e+00,6.858042894563316949e+00
8.029999999999999361e+00,2.769876838283432452e+00,6.858042894112394094e+00
8.031000000000000583e+00,2.769876836539291176e+00,6.858042893662384287e+00
8.032000000000000028e+00,2.769876834798683518e+00,6.858042893213285751e+00
8.032999999999999474e+00,2.769876833061602373e+00,6.858042892765096710e+00
8.034000000000000696e+00,2.769876831328041078e+00,6.858042892317818051e+00
8.035000000000000142e+00,2.769876829597991197e+00,6.858042891871443558e+00
8.035999999999999588e+00,2.769876827871446956e+00,6.858042891425973231e+00
8.037000000000000810e+00,2.769876826148399918e+00,6.858042890981406181e+00
8.038000000000000256e+00,2.769876824428844753e+00,6.858042890537738856e+00
8.038999999999999702e+00,2.769876822712773023e+00,6.858042890094972144e+00
8.040000000000000924e+00,2.769876821000179401e+00,6.858042889653101604e+00
8.041000000000000369e+00,2.769876819291053671e+00,6.858042889212127236e+00
8.041999999999999815e+00,2.769876817585391837e+00,6.858042888772044599e+00
8.043000000000001037e+00,2.769876815883184129e+00,6.858042888332855469e+00
8.044000000000000483e+00,2.769876814184428326e+00,6.858042887894554518e+00
8.044999999999999929e+00,2.769876812489110662e+00,6.858042887457142633e+00
8.045999999999999375e+00,2.769876810797229805e+00,6.858042887020615375e+00
8.047000000000000597e+00,2.769876809108775095e+00,6.858042886584974518e+00
8.048000000000000043e+00,2.769876807423744314e+00,6.858042886150215622e+00
8.048999999999999488e+00,2.769876805742125914e+00,6.858042885716336023e+00
8.050000000000000711e+00,2.769876804063914566e+00,6.858042885283337498e+00
8.051000000000000156e+00,2.769876802389103165e+00,6.858042884851215604e+00
8.051999999999999602e+00,2.769876800717683274e+00,6.858042884419969454e+00
8.053000000000000824e+00,2.769876799049651339e+00,6.858042883989596383e+00
8.054000000000000270e+00,2.769876797384998479e+00,6.858042883560095504e+00
8.054999999999999716e+00,2.769876795723719809e+00,6.858042883131465928e+00
8.056000000000000938e+00,2.769876794065804670e+00,6.858042882703703214e+00
8.057000000000000384e+00,2.769876792411249511e+00,6.858042882276808250e+00
8.057999999999999829e+00,2.769876790760045893e+00,6.858042881850776595e+00
8.059000000000001052e+00,2.769876789112188931e+00,6.858042881425609139e+00
8.060000000000000497e+00,2.769876787467669299e+00,6.858042881001304103e+00
8.060999999999999943e+00,2.769876785826483889e+00,6.858042880577857048e+00
8.061999999999999389e+00,2.769876784188620267e+00,6.858042880155268861e+00
8.063000000000000611e+00,2.769876782554077099e+00,6.858042879733535990e+00
8.064000000000000057e+00,2.769876780922845505e+00,6.858042879312657547e+00
8.064999999999999503e+00,2.769876779294917046e+00,6.858042878892633532e+00
8.066000000000000725e+00,2.769876777670289503e+00,6.858042878473458615e+00
8.067000000000000171e+00,2.769876776048952660e+00,6.858042878055133684e+00
8.067999999999999616e+00,2.769876774430898081e+00,6.858042877637656076e+00
8.069000000000000838e+00,2.769876772816123545e+00,6.858042877221024902e+00
8.070000000000000284e+00,2.769876771204622834e+00,6.858042876805237498e+00
8.070999999999999730e+00,2.769876769596384847e+00,6.858042876390292975e+00
8.072000000000000952e+00,2.769876767991405142e+00,6.858042875976188668e+00
8.073000000000000398e+00,2.769876766389677503e+00,6.858042875562922802e+00
8.073999999999999844e+00,2.769876764791193935e+00,6.858042875150494488e+00
8.074999999999999289e+00,2.769876763195950886e+00,6.858042874738901951e+00
8.076000000000000512e+00,2.769876761603939919e+00,6.858042874328143412e+00
8.076999999999999957e+00,2.769876760015151707e+00,6.858042873918217097e+00
8.077999999999999403e+00,2.769876758429584918e+00,6.858042873509121229e+00
8.079000000000000625e+00,2.769876756847230670e+00,6.858042873100854031e+00
8.080000000000000071e+00,2.769876755268079194e+00,6.858042872693412839e+00
8.080999999999999517e+00,2.769876753692129601e+00,6.858042872286799430e+00
8.082000000000000739e+00,2.769876752119373897e+00,6.858042871881009361e+00
8.083000000000000185e+00,2.769876750549802757e+00,6.858042871476040858e+00
8.083999999999999631e+00,2.769876748983411741e+00,6.858042871071891255e+00
8.085000000000000853e+00,2.769876747420196850e+00,6.858042870668564106e+00
8.086000000000000298e+00,2.769876745860146539e+00,6.858042870266051416e+00
8.086999999999999744e+00,2.769876744303256366e+00,6.858042869864355850e+00
8.088000000000000966e+00,2.769876742749521892e+00,6.858042869463472080e+00
8.089000000000000412e+00,2.769876741198933789e+00,6.858042869063401881e+00
8.089999999999999858e+00,2.769876739651491171e+00,6.858042868664142588e+00
8.090999999999999304e+00,2.769876738107181602e+00,6.858042868265690650e+00
8.092000000000000526e+00,2.769876736565997533e+00,6.858042867868046955e+00
8.092999999999999972e+00,2.769876735027939851e+00,6.858042867471209725e+00
8.093999999999999417e+00,2.769876733492995680e+00,6.858042867075175408e+00
8.095000000000000639e+00,2.769876731961165461e+00,6.858042866679943117e+00
8.096000000000000085e+00,2.769876730432433209e+00,6.858042866285512851e+00
8.096999999999999531e+00,2.769876728906801144e+00,6.858042865891881057e+00
8.098000000000000753e+00,2.769876727384260384e+00,6.858042865499045959e+00
8.099000000000000199e+00,2.769876725864804268e+00,6.858042865107007557e+00
8.099999999999999645e+00,2.769876724348427022e+00,6.858042864715763187e+00
8.101000000000000867e+00,2.769876722835120209e+00,6.858042864325311960e+00
8.102000000000000313e+00,2.769876721324882052e+00,6.858042863935651212e+00
8.102999999999999758e+00,2.769876719817700561e+00,6.858042863546780943e+00
8.104000000000000981e+00,2.769876718313575292e+00,6.858042863158698488e+00
8.105000000000000426e+00,2.769876716812496475e+00,6.858042862771401182e+00
8.105999999999999872e+00,2.769876715314457005e+00,6.858042862384889915e+00
8.106999999999999318e+00,2.769876713819455105e+00,6.858042861999160245e+00
8.108000000000000540e+00,2.769876712327481894e+00,6.858042861614213059e+00
8.108999999999999986e+00,2.769876710838530709e+00,6.858042861230044807e+00
8.109999999999999432e+00,2.769876709352597555e+00,6.858042860846654598e+00
8.111000000000000654e+00,2.769876707869672661e+00,6.858042860464042434e+00
8.112000000000000099e+00,2.769876706389754251e+00,6.858042860082205650e+00
8.112999999999999545e+00,2.769876704912832999e+00,6.858042859701141580e+00
8.114000000000000767e+00,2.769876703438904464e+00,6.858042859320849338e+00
8.115000000000000213e+00,2.769876701967959765e+00,6.858042858941329811e+00
8.115999999999999659e+00,2.769876700500000233e+00,6.858042858562575894e+00
8.117000000000000881e+00,2.769876699035012102e+00,6.858042858184592028e+00
8.118000000000000327e+00,2.769876697572990931e+00,6.858042857807372883e+00
8.118999999999999773e+00,2.769876696113934056e+00,6.858042857430917572e+00
8.120000000000000995e+00,2.769876694657831262e+00,6.858042857055225205e+00
8.121000000000000441e+00,2.769876693204679441e+00,6.858042856680294896e+00
8.121999999999999886e+00,2.769876691754473264e+00,6.858042856306123092e+00
8.122999999999999332e+00,2.769876690307202072e+00,6.858042855932709791e+00
8.124000000000000554e+00,2.769876688862864533e+00,6.858042855560054107e+00
8.125000000000000000e+00,2.769876687421453099e+00,6.858042855188151599e+00
8.125999999999999446e+00,2.769876685982965103e+00,6.858042854817004041e+00
8.127000000000000668e+00,2.769876684547387669e+00,6.858042854446606995e+00
8.128000000000000114e+00,2.769876683114719462e+00,6.858042854076961348e+00
8.128999999999999559e+00,2.769876681684953379e+00,6.858042853708064435e+00
8.130000000000000782e+00,2.769876680258087642e+00,6.858042853339914480e+00
8.131000000000000227e+00,2.769876678834108930e+00,6.858042852972512371e+00
8.131999999999999673e+00,2.769876677413016353e+00,6.858042852605851891e+00
8.133000000000000895e+00,2.769876675994801918e+00,6.858042852239935705e+00
8.134000000000000341e+00,2.769876674579463405e+00,6.858042851874761148e+00
8.134999999999999787e+00,2.769876673166991043e+00,6.858042851510324667e+00
8.136000000000001009e+00,2.769876671757379061e+00,6.858042851146627150e+00
8.137000000000000455e+00,2.769876670350623904e+00,6.858042850783667710e+00
8.137999999999999901e+00,2.769876668946721132e+00,6.858042850421443681e+00
8.138999999999999346e+00,2.769876667545661419e+00,6.858042850059953288e+00
8.140000000000000568e+00,2.769876666147439437e+00,6.858042849699194754e+00
8.141000000000000014e+00,2.769876664752050299e+00,6.858042849339166303e+00
8.141999999999999460e+00,2.769876663359489122e+00,6.858042848979868822e+00
8.143000000000000682e+00,2.769876661969748355e+00,6.858042848621298759e+00
8.144000000000000128e+00,2.769876660582823114e+00,6.858042848263455227e+00
8.144999999999999574e+00,2.769876659198708069e+00,6.858042847906335560e+00
8.146000000000000796e+00,2.769876657817397891e+00,6.858042847549942422e+00
8.147000000000000242e+00,2.769876656438884144e+00,6.858042847194267821e+00
8.147999999999999687e+00,2.769876655063166826e+00,6.858042846839315310e+00
8.149000000000000909e+00,2.769876653690235724e+00,6.858042846485082222e+00
8.150000000000000355e+00,2.769876652320085064e+00,6.858042846131567671e+00
8.150999999999999801e+00,2.769876650952710406e+00,6.858042845778768104e+00
8.152000000000001023e+00,2.769876649588105533e+00,6.858042845426682632e+00
8.153000000000000469e+00,2.769876648226267779e+00,6.858042845075312144e+00
8.153999999999999915e+00,2.769876646867186487e+00,6.858042844724653087e+00
8.154999999999999361e+00,2.769876645510860325e+00,6.858042844374703684e+00
8.156000000000000583e+00,2.769876644157283074e+00,6.858042844025463936e+00
8.157000000000000028e+00,2.769876642806445410e+00,6.858042843676931177e+00
8.157999999999999474e+00,2.769876641458346445e+00,6.858042843329105409e+00
8.159000000000000696e+00,2.769876640112978183e+00,6.858042842981984855e+00
8.160000000000000142e+00,2.769876638770335298e+00,6.858042842635565073e+00
8.160999999999999588e+00,2.769876637430414235e+00,6.858042842289849617e+00
8.162000000000000810e+00,2.769876636093207889e+00,6.858042841944833157e+00
8.163000000000000256e+00,2.769876634758707379e+00,6.858042841600516581e+00
8.163999999999999702e+00,2.769876633426915369e+00,6.858042841256897226e+00
8.165000000000000924e+00,2.769876632097818536e+00,6.858042840913974203e+00
8.166000000000000369e+00,2.769876630771414217e+00,6.858042840571745735e+00
8.166999999999999815e+00,2.769876629447698857e+00,6.858042840230210935e+00
8.168000000000001037e+00,2.769876628126665352e+00,6.858042839889368913e+00
8.169000000000000483e+00,2.769876626808304820e+00,6.858042839549215230e+00
8.169999999999999929e+00,2.769876625492619482e+00,6.858042839209751662e+00
8.170999999999999375e+00,2.769876624179598679e+00,6.858042838870977320e+00
8.172000000000000597e+00,2.769876622869237082e+00,6.858042838532887764e+00
8.173000000000000043e+00,2.769876621561531582e+00,6.858042838195483881e+00
8.173999999999999488e+00,2.769876620256474631e+00,6.858042837858762120e+00
8.175000000000000711e+00,2.769876618954061787e+00,6.858042837522724255e+00
8.176000000000000156e+00,2.769876617654289053e+00,6.858042837187366736e+00
8.176999999999999602e+00,2.769876616357149324e+00,6.858042836852688673e+00
8.178000000000000824e+00,2.769876615062636382e+00,6.858042836518688290e+00
8.179000000000000270e+00,2.769876613770748008e+00,6.858042836185365587e+00
8.179999999999999716e+00,2.769876612481473543e+00,6.858042835852716124e+00
8.181000000000000938e+00,2.769876611194813432e+00,6.858042835520742564e+00
8.182000000000000384e+00,2.769876609910762788e+00,6.858042835189441355e+00
8.182999999999999829e+00,2.769876608629310066e+00,6.858042834858810721e+00
8.184000000000001052e+00,2.769876607350453046e+00,6.858042834528850662e+00
8.185000000000000497e+00,2.769876606074189063e+00,6.858042834199558513e+00
8.185999999999999943e+00,2.769876604800510123e+00,6.858042833870933386e+00
8.186999999999999389e+00,2.769876603529414005e+00,6.858042833542975281e+00
8.188000000000000611e+00,2.769876602260890497e+00,6.858042833215680645e+00
8.189000000000000057e+00,2.769876600994937821e+00,6.858042832889050366e+00
8.189999999999999503e+00,2.769876599731547540e+00,6.858042832563078228e+00
8.191000000000000725e+00,2.769876598470720985e+00,6.858042832237769559e+00
8.192000000000000171e+00,2.769876597212444391e+00,6.858042831913119031e+00
8.192999999999999616e+00,2.769876595956721754e+00,6.858042831589127530e+00
8.194000000000000838e+00,2.769876594703541528e+00,6.858042831265791506e+00
8.195000000000000284e+00,2.769876593452899716e+00,6.858042830943110957e+00
8.195999999999999730e+00,2.769876592204792320e+00,6.858042830621084107e+00
8.197000000000000952e+00,2.769876590959214013e+00,6.858042830299709181e+00
8.198000000000000398e+00,2.769876589716158133e+00,6.858042829978985289e+00
8.198999999999999844e+00,2.769876588475620682e+00,6.858042829658910655e+00
8.199999999999999289e+00,2.769876587237597221e+00,6.858042829339486168e+00
8.201000000000000512e+00,2.769876586002081975e+00,6.858042829020708275e+00
8.201999999999999957e+00,2.769876584769070060e+00,6.858042828702576088e+00
8.202999999999999403e+00,2.769876583538556147e+00,6.858042828385088718e+00
8.204000000000000625e+00,2.769876582310534907e+00,6.858042828068244390e+00
8.205000000000000071e+00,2.769876581085001455e+00,6.858042827752041326e+00
8.205999999999999517e+00,2.769876579861951793e+00,6.858042827436479527e+00
8.207000000000000739e+00,2.769876578641381482e+00,6.858042827121556329e+00
8.208000000000000185e+00,2.769876577423281194e+00,6.858042826807271730e+00
8.208999999999999631e+00,2.769876576207649599e+00,6.858042826493624844e+00
8.210000000000000853e+00,2.769876574994480922e+00,6.858042826180613005e+00
8.211000000000000298e+00,2.769876573783772500e+00,6.858042825868234438e+00
8.211999999999999744e+00,2.769876572575515006e+00,6.858042825556489142e+00
8.213000000000000966e+00,2.769876571369703555e+00,6.858042825245374452e+00
8.214000000000000412e+00,2.769876570166337704e+00,6.858042824934892145e+00
8.214999999999999858e+00,2.769876568965409458e+00,6.858042824625038669e+00
8.215999999999999304e+00,2.769876567766913489e+00,6.858042824315811359e+00
8.217000000000000526e+00,2.769876566570847576e+00,6.858042824007211991e+00
8.217999999999999972e+00,2.769876565377203281e+00,6.858042823699236124e+00
8.218999999999999417e+00,2.769876564185977497e+00,6.858042823391885534e+00
8.220000000000000639e+00,2.769876562997164449e+00,6.858042823085158446e+00
8.221000000000000085e+00,2.769876561810761029e+00,6.858042822779050418e+00
8.221999999999999531e+00,2.769876560626762352e+00,6.858042822473564115e+00
8.223000000000000753e+00,2.769876559445160424e+00,6.858042822168696873e+00
8.224000000000000199e+00,2.769876558265952582e+00,6.858042821864446026e+00
8.224999999999999645e+00,2.769876557089135272e+00,6.858042821560814239e+00
8.226000000000000867e+00,2.769876555914703165e+00,6.858042821257795296e+00
8.227000000000000313e+00,2.769876554742649599e+00,6.858042820955390084e+00
8.227999999999999758e+00,2.769876553572970579e+00,6.858042820653599492e+00
8.229000000000000981e+00,2.769876552405659442e+00,6.858042820352419966e+00
8.230000000000000426e+00,2.769876551240714857e+00,6.858042820051848842e+00
8.230999999999999872e+00,2.769876550078130606e+00,6.858042819751887897e+00
8.231999999999999318e+00,2.769876548917900916e+00,6.858042819452534467e+00
8.233000000000000540e+00,2.769876547760023122e+00,6.858042819153787661e+00
8.233999999999999986e+00,2.769876546604491008e+00,6.858042818855645706e+00
8.234999999999999432e+00,2.769876545451298799e+00,6.858042818558107712e+00
8.236000000000000654e+00,2.769876544300443388e+00,6.858042818261173679e+00
8.237000000000000099e+00,2.769876543151919446e+00,6.858042817964840943e+00
8.237999999999999545e+00,2.769876542005723419e+00,6.858042817669106839e+00
8.239000000000000767e+00,2.769876540861850422e+00,6.858042817373974920e+00
8.240000000000000213e+00,2.769876539720291131e+00,6.858042817079438080e+00
8.240999999999999659e+00,2.769876538581049541e+00,6.858042816785499873e+00
8.242000000000000881e+00,2.769876537444113662e+00,6.858042816492155858e+00
8.243000000000000327e+00,2.769876536309481274e+00,6.858042816199407810e+00
8.243999999999999773e+00,2.769876535177147492e+00,6.858042815907251288e+00
8.245000000000000995e+00,2.769876534047106986e+00,6.858042815615688070e+00
8.246000000000000441e+00,2.769876532919357981e+00,6.858042815324713715e+00
8.246999999999999886e+00,2.769876531793893815e+00,6.858042815034329998e+00
8.247999999999999332e+00,2.769876530670708714e+00,6.858042814744535143e+00
8.249000000000000554e+00,2.769876529549800015e+00,6.858042814455326486e+00
8.250000000000000000e+00,2.769876528431161944e+00,6.858042814166704026e+00
8.250999999999999446e+00,2.769876527314790948e+00,6.858042813878666877e+00
8.252000000000000668e+00,2.769876526200678590e+00,6.858042813591213260e+00
8.253000000000000114e+00,2.769876525088826646e+00,6.858042813304340513e+00
8.253999999999999559e+00,2.769876523979226235e+00,6.858042813018051298e+00
8.255000000000000782e+00,2.769876522871874247e+00,6.858042812732339399e+00
8.256000000000000227e+00,2.769876521766765354e+00,6.858042812447208370e+00
8.256999999999999673e+00,2.769876520663897335e+00,6.858042812162654656e+00
8.258000000000000895e+00,2.769876519563260420e+00,6.858042811878676481e+00
8.259000000000000341e+00,2.769876518464856385e+00,6.858042811595275623e+00
8.259999999999999787e+00,2.769876517368677682e+00,6.858042811312447640e+00
8.261000000000001009e+00,2.769876516274715872e+00,6.858042811030192532e+00
8.262000000000000455e+00,2.769876515182974508e+00,6.858042810748510298e+00
8.262999999999999901e+00,2.769876514093445152e+00,6.858042810467397388e+00
8.263999999999999346e+00,2.769876513006122032e+00,6.858042810186854688e+00
8.265000000000000568e+00,2.769876511921000706e+00,6.858042809906880422e+00
8.266000000000000014e+00,2.769876510838078509e+00,6.858042809627473702e+00
8.266999999999999460e+00,2.769876509757352778e+00,6.858042809348632751e+00
8.268000000000000682e+00,2.769876508678812854e+00,6.858042809070354906e+00
8.269000000000000128e+00,2.769876507602461846e+00,6.858042808792642830e+00
8.269999999999999574e+00,2.769876506528289983e+00,6.858042808515493860e+00
8.271000000000000796e+00,2.769876505456293270e+00,6.858042808238907106e+00
8.272000000000000242e+00,2.769876504386468596e+00,6.858042807962879017e+00
8.272999999999999687e+00,2.769876503318810190e+00,6.858042807687408704e+00
8.274000000000000909e+00,2.769876502253318939e+00,6.858042807412500608e+00
8.275000000000000355e+00,2.769876501189985518e+00,6.858042807138145847e+00
8.275999999999999801e+00,2.769876500128804597e+00,6.858042806864348861e+00
8.277000000000001023e+00,2.769876499069771736e+00,6.858042806591106100e+00
8.278000000000000469e+00,2.769876498012887822e+00,6.858042806318416673e+00
8.278999999999999915e+00,2.769876496958146639e+00,6.858042806046279694e+00
8.279999999999999361e+00,2.769876495905538860e+00,6.858042805774693385e+00
8.281000000000000583e+00,2.769876494855064930e+00,6.858042805503659523e+00
8.282000000000000028e+00,2.769876493806719520e+00,6.858042805233173667e+00
8.282999999999999474e+00,2.769876492760497300e+00,6.858042804963234929e+00
8.284000000000000696e+00,2.769876491716395162e+00,6.858042804693844197e+00
8.285000000000000142e+00,2.769876490674409109e+00,6.858042804424997918e+00
8.285999999999999588e+00,2.769876489634532479e+00,6.858042804156697869e+00
8.287000000000000810e+00,2.769876488596763942e+00,6.858042803888941386e+00
8.288000000000000256e+00,2.769876487561099054e+00,6.858042803621725803e+00
8.288999999999999702e+00,2.769876486527530268e+00,6.858042803355052897e+00
8.290000000000000924e+00,2.769876485496058471e+00,6.858042803088920003e+00
8.291000000000000369e+00,2.769876484466673450e+00,6.858042802823327122e+00
8.291999999999999815e+00,2.769876483439373871e+00,6.858042802558270701e+00
8.293000000000001037e+00,2.769876482414157515e+00,6.858042802293751627e+00
8.294000000000000483e+00,2.769876481391017276e+00,6.858042802029769902e+00
8.294999999999999929e+00,2.769876480369950489e+00,6.858042801766321972e+00
8.295999999999999375e+00,2.769876479350951382e+00,6.858042801503407837e+00
8.297000000000000597e+00,2.769876478334018177e+00,6.858042801241025721e+00
8.298000000000000043e+00,2.769876477319145991e+00,6.858042800979177400e+00
8.298999999999999488e+00,2.769876476306327717e+00,6.858042800717857546e+00
8.300000000000000711e+00,2.769876475295561580e+00,6.858042800457067045e+00
8.301000000000000156e+00,2.769876474286844470e+00,6.858042800196805899e+00
8.301999999999999602e+00,2.769876473280170170e+00,6.858042799937071443e+00
8.303000000000000824e+00,2.769876472275536461e+00,6.858042799677862789e+00
8.304000000000000270e+00,2.769876471272937568e+00,6.858042799419180824e+00
8.304999999999999716e+00,2.769876470272369939e+00,6.858042799161022884e+00
8.306000000000000938e+00,2.769876469273828246e+00,6.858042798903386306e+00
8.307000000000000384e+00,2.769876468277311155e+00,6.858042798646271976e+00
8.307999999999999829e+00,2.769876467282813337e+00,6.858042798389679895e+00
8.309000000000001052e+00,2.769876466290329464e+00,6.858042798133606510e+00
8.310000000000000497e+00,2.769876465299857760e+00,6.858042797878053598e+00
8.310999999999999943e+00,2.769876464311391562e+00,6.858042797623015829e+00
8.311999999999999389e+00,2.769876463324929095e+00,6.858042797368496757e+00
8.313000000000000611e+00,2.769876462340464585e+00,6.858042797114492828e+00
8.314000000000000057e+00,2.769876461357995368e+00,6.858042796861003154e+00
8.314999999999999503e+00,2.769876460377513894e+00,6.858042796608027736e+00
8.316000000000000725e+00,2.769876459399022384e+00,6.858042796355564796e+00
8.317000000000000171e+00,2.769876458422510179e+00,6.858042796103612559e+00
8.317999999999999616e+00,2.769876457447977280e+00,6.858042795852171913e+00
8.319000000000000838e+00,2.769876456475420134e+00,6.858042795601240194e+00
8.320000000000000284e+00,2.769876455504832080e+00,6.858042795350817400e+00
8.320999999999999730e+00,2.769876454536210897e+00,6.858042795100900868e+00
8.322000000000000952e+00,2.769876453569553476e+00,6.858042794851490598e+00
8.323000000000000398e+00,2.769876452604853156e+00,6.858042794602585701e+00
8.323999999999999844e+00,2.769876451642107718e+00,6.858042794354186178e+00
8.324999999999999289e+00,2.769876450681313607e+00,6.858042794106288476e+00
8.326000000000000512e+00,2.769876449722464162e+00,6.858042793858894370e+00
8.326999999999999957e+00,2.769876448765559385e+00,6.858042793612001198e+00
8.327999999999999403e+00,2.769876447810592612e+00,6.858042793365608070e+00
8.329000000000000625e+00,2.769876446857559849e+00,6.858042793119714098e+00
8.330000000000000071e+00,2.769876445906457541e+00,6.858042792874318394e+00
8.330999999999999517e+00,2.769876444957284800e+00,6.858042792629419182e+00
8.332000000000000739e+00,2.769876444010033634e+00,6.858042792385017350e+00
8.333000000000000185e+00,2.769876443064701377e+00,6.858042792141109345e+00
8.333999999999999631e+00,2.769876442121285809e+00,6.858042791897696056e+00
8.335000000000000853e+00,2.769876441179778492e+00,6.858042791654776593e+00
8.336000000000000298e+00,2.769876440240181203e+00,6.858042791412349182e+00
8.336999999999999744e+00,2.769876439302485061e+00,6.858042791170412045e+00
8.338000000000000966e+00,2.769876438366691840e+00,6.858042790928965182e+00
8.339000000000000412e+00,2.769876437432793104e+00,6.858042790688007706e+00
8.339999999999999858e+00,2.769876436500787076e+00,6.858042790447538728e+00
8.340999999999999304e+00,2.769876435570667983e+00,6.858042790207557360e+00
8.342000000000000526e+00,2.769876434642434937e+00,6.858042789968061825e+00
8.342999999999999972e+00,2.769876433716082165e+00,6.858042789729051236e+00
8.343999999999999417e+00,2.769876432791604781e+00,6.858042789490524704e+00
8.345000000000000639e+00,2.769876431869002342e+00,6.858042789252482230e+00
8.346000000000000085e+00,2.769876430948266854e+00,6.858042789014922036e+00
8.346999999999999531e+00,2.769876430029400982e+00,6.858042788777841459e+00
8.348000000000000753e+00,2.769876429112391403e+00,6.858042788541242274e+00
8.349000000000000199e+00,2.769876428197243445e+00,6.858042788305123594e+00
8.349999999999999645e+00,2.769876427283947784e+00,6.858042788069480977e+00
8.351000000000000867e+00,2.769876426372503531e+00,6.858042787834318865e+00
8.352000000000000313e+00,2.769876425462904468e+00,6.858042787599630152e+00
8.352999999999999758e+00,2.769876424555151484e+00,6.858042787365418391e+00
8.354000000000000981e+00,2.769876423649233921e+00,6.858042787131680917e+00
8.355000000000000426e+00,2.769876422745153111e+00,6.858042786898416843e+00
8.355999999999999872e+00,2.769876421842906389e+00,6.858042786665626167e+00
8.356999999999999318e+00,2.769876420942483985e+00,6.858042786433307114e+00
8.358000000000000540e+00,2.769876420043886789e+00,6.858042786201456131e+00
8.358999999999999986e+00,2.769876419147111246e+00,6.858042785970076771e+00
8.359999999999999432e+00,2.769876418252151584e+00,6.858042785739168146e+00
8.361000000000000654e+00,2.769876417359005139e+00,6.858042785508724926e+00
8.362000000000000099e+00,2.769876416467671021e+00,6.858042785278748887e+00
8.362999999999999545e+00,2.769876415578141238e+00,6.858042785049239143e+00
8.364000000000000767e+00,2.769876414690410460e+00,6.858042784820193916e+00
8.365000000000000213e+00,2.769876413804482240e+00,6.858042784591614982e+00
8.365999999999999659e+00,2.769876412920345476e+00,6.858042784363497013e+00
8.367000000000000881e+00,2.769876412038002833e+00,6.858042784135840009e+00
8.368000000000000327e+00,2.769876411157446761e+00,6.858042783908647522e+00
8.368999999999999773e+00,2.769876410278675927e+00,6.858042783681912447e+00
8.370000000000000995e+00,2.769876409401684558e+00,6.858042783455638336e+00
8.371000000000000441e+00,2.769876408526467770e+00,6.858042783229821637e+00
8.371999999999999886e+00,2.769876407653029560e+00,6.858042783004462351e+00
8.372999999999999332e+00,2.769876406781357048e+00,6.858042782779560476e+00
8.374000000000000554e+00,2.769876405911450234e+00,6.858042782555115124e+00
8.375000000000000000e+00,2.769876405043306455e+00,6.858042782331122744e+00
8.375999999999999446e+00,2.769876404176921270e+00,6.858042782107585111e+00
8.377000000000000668e+00,2.769876403312293345e+00,6.858042781884500450e+00
8.378000000000000114e+00,2.769876402449416020e+00,6.858042781661866982e+00
8.378999999999999559e+00,2.769876401588287074e+00,6.858042781439685598e+00
8.380000000000000782e+00,2.769876400728901622e+00,6.858042781217953632e+00
8.381000000000000227e+00,2.769876399871257888e+00,6.858042780996671084e+00
8.381999999999999673e+00,2.769876399015352320e+00,6.858042780775837066e+00
8.383000000000000895e+00,2.769876398161183140e+00,6.858042780555449802e+00
8.384000000000000341e+00,2.769876397308741467e+00,6.858042780335510180e+00
8.384999999999999787e+00,2.769876396458028189e+00,6.858042780116016424e+00
8.386000000000001009e+00,2.769876395609037090e+00,6.858042779896966756e+00
8.387000000000000455e+00,2.769876394761765059e+00,6.858042779678359402e+00
8.387999999999999901e+00,2.769876393916212098e+00,6.858042779460197025e+00
8.388999999999999346e+00,2.769876393072373322e+00,6.858042779242474296e+00
8.390000000000000568e+00,2.769876392230239848e+00,6.858042779025193880e+00
8.391000000000000014e+00,2.769876391389816561e+00,6.858042778808354889e+00
8.391999999999999460e+00,2.769876390551093248e+00,6.858042778591954658e+00
8.393000000000000682e+00,2.769876389714071685e+00,6.858042778375992299e+00
8.394000000000000128e+00,2.769876388878743434e+00,6.858042778160467812e+00
8.394999999999999574e+00,2.769876388045108495e+00,6.858042777945379420e+00
8.396000000000000796e+00,2.769876387213164204e+00,6.858042777730728012e+00
8.397000000000000242e+00,2.769876386382903011e+00,6.858042777516510924e+00
8.397999999999999687e+00,2.769876385554326248e+00,6.858042777302726378e+00
8.399000000000000909e+00,2.769876384727427254e+00,6.858042777089377040e+00
8.400000000000000355e+00,2.769876383902201589e+00,6.858042776876459357e+00
8.400999999999999801e+00,2.769876383078650584e+00,6.858042776663971551e+00
8.402000000000001023e+00,2.769876382256768022e+00,6.858042776451915401e+00
8.403000000000000469e+00,2.769876381436549018e+00,6.858042776240290017e+00
8.403999999999999915e+00,2.769876380617992240e+00,6.858042776029091847e+00
8.404999999999999361e+00,2.769876379801095023e+00,6.858042775818323555e+00
8.406000000000000583e+00,2.769876378985851595e+00,6.858042775607979813e+00
8.407000000000000028e+00,2.769876378172261067e+00,6.858042775398063284e+00
8.407999999999999474e+00,2.769876377360318553e+00,6.858042775188572193e+00
8.409000000000000696e+00,2.769876376550018726e+00,6.858042774979504763e+00
8.410000000000000142e+00,2.769876375741363361e+00,6.858042774770861882e+00
8.410999999999999588e+00,2.769876374934345797e+00,6.858042774562641775e+00
8.412000000000000810e+00,2.769876374128962482e+00,6.858042774354843552e+00
8.413000000000000256e+00,2.769876373325211194e+00,6.858042774147464549e+00
8.413999999999999702e+00,2.769876372523088826e+00,6.858042773940507431e+00
8.415000000000000924e+00,2.769876371722592268e+00,6.858042773733970421e+00
8.416000000000000369e+00,2.769876370923715303e+00,6.858042773527849079e+00
8.416999999999999815e+00,2.769876370126457488e+00,6.858042773322148733e+00
8.418000000000001037e+00,2.769876369330817933e+00,6.858042773116862278e+00
8.419000000000000483e+00,2.769876368536786426e+00,6.858042772911993268e+00
8.419999999999999929e+00,2.769876367744364742e+00,6.858042772707537260e+00
8.420999999999999375e+00,2.769876366953551106e+00,6.858042772503498696e+00
8.422000000000000597e+00,2.769876366164336634e+00,6.858042772299871359e+00
8.423000000000000043e+00,2.769876365376722216e+00,6.858042772096657025e+00
8.423999999999999488e+00,2.769876364590703410e+00,6.858042771893854805e+00
8.425000000000000711e+00,2.769876363806276665e+00,6.858042771691462924e+00
8.426000000000000156e+00,2.769876363023439758e+00,6.858042771489481382e+00
8.426999999999999602e+00,2.769876362242189582e+00,6.858042771287909289e+00
8.428000000000000824e+00,2.769876361462519920e+00,6.858042771086744871e+00
8.429000000000000270e+00,2.769876360684433880e+00,6.858042770885989015e+00
8.429999999999999716e+00,2.769876359907919472e+00,6.858042770685639056e+00
8.431000000000000938e+00,2.769876359132982024e+00,6.858042770485694994e+00
8.432000000000000384e+00,2.769876358359613100e+00,6.858042770286156831e+00
8.432999999999999829e+00,2.769876357587810034e+00,6.858042770087022788e+00
8.434000000000001052e+00,2.769876356817571939e+00,6.858042769888291978e+00
8.435000000000000497e+00,2.769876356048895261e+00,6.858042769689963514e+00
8.435999999999999943e+00,2.769876355281774671e+00,6.858042769492036506e+00
8.436999999999999389e+00,2.769876354516207950e+00,6.858042769294510954e+00
8.438000000000000611e+00,2.769876353752192433e+00,6.858042769097385971e+00
8.439000000000000057e+00,2.769876352989725898e+00,6.858042768900658892e+00
8.439999999999999503e+00,2.769876352228801686e+00,6.858042768704332381e+00
8.441000000000000725e+00,2.769876351469422904e+00,6.858042768508404663e+00
8.442000000000000171e+00,2.769876350711579782e+00,6.858042768312870407e+00
8.442999999999999616e+00,2.769876349955273209e+00,6.858042768117734056e+00
8.444000000000000838e+00,2.769876349200498300e+00,6.858042767922992944e+00
8.445000000000000284e+00,2.769876348447253722e+00,6.858042767728647071e+00
8.445999999999999730e+00,2.769876347695535479e+00,6.858042767534693773e+00
8.447000000000000952e+00,2.769876346945338685e+00,6.858042767341133938e+00
8.448000000000000398e+00,2.769876346196661565e+00,6.858042767147965790e+00
8.448999999999999844e+00,2.769876345449502342e+00,6.858042766955190217e+00
8.449999999999999289e+00,2.769876344703857463e+00,6.858042766762804554e+00
8.451000000000000512e+00,2.769876343959722043e+00,6.858042766570808801e+00
8.451999999999999957e+00,2.769876343217095638e+00,6.858042766379201183e+00
8.452999999999999403e+00,2.769876342475971143e+00,6.858042766187982586e+00
8.454000000000000625e+00,2.769876341736351222e+00,6.858042765997151236e+00
8.455000000000000071e+00,2.769876340998227882e+00,6.858042765806707131e+00
8.455999999999999517e+00,2.769876340261600234e+00,6.858042765616648495e+00
8.457000000000000739e+00,2.769876339526466058e+00,6.858042765426974441e+00
8.458000000000000185e+00,2.769876338792818693e+00,6.858042765237684968e+00
8.458999999999999631e+00,2.769876338060661247e+00,6.858042765048777412e+00
8.460000000000000853e+00,2.769876337329987059e+00,6.858042764860255325e+00
8.461000000000000298e+00,2.769876336600790800e+00,6.858042764672112490e+00
8.461999999999999744e+00,2.769876335873070694e+00,6.858042764484353349e+00
8.463000000000000966e+00,2.769876335146828961e+00,6.858042764296972571e+00
8.464000000000000412e+00,2.769876334422056274e+00,6.858042764109972822e+00
8.464999999999999858e+00,2.769876333698752635e+00,6.858042763923352325e+00
8.465999999999999304e+00,2.769876332976915378e+00,6.858042763737109304e+00
8.467000000000000526e+00,2.769876332256538287e+00,6.858042763551243759e+00
8.467999999999999972e+00,2.769876331537622249e+00,6.858042763365753913e+00
8.468999999999999417e+00,2.769876330820161492e+00,6.858042763180639767e+00
8.470000000000000639e+00,2.769876330104156015e+00,6.858042762995902208e+00
8.471000000000000085e+00,2.769876329389600933e+00,6.858042762811538573e+00
8.471999999999999531e+00,2.769876328676494026e+00,6.858042762627547972e+00
8.473000000000000753e+00,2.769876327964829077e+00,6.858042762443930407e+00
8.474000000000000199e+00,2.769876327254608750e+00,6.858042762260684100e+00
8.474999999999999645e+00,2.769876326545826828e+00,6.858042762077809940e+00
8.476000000000000867e+00,2.769876325838479758e+00,6.858042761895305262e+00
8.477000000000000313e+00,2.769876325132566652e+00,6.858042761713170954e+00
8.477999999999999758e+00,2.769876324428083514e+00,6.858042761531405240e+00
8.479000000000000981e+00,2.769876323725027678e+00,6.858042761350009009e+00
8.480000000000000426e+00,2.769876323023398257e+00,6.858042761168979595e+00
8.480999999999999872e+00,2.769876322323187257e+00,6.858042760988317887e+00
8.481999999999999318e+00,2.769876321624397342e+00,6.858042760808020333e+00
8.483000000000000540e+00,2.769876320927020963e+00,6.858042760628088708e+00
8.483999999999999986e+00,2.769876320231059008e+00,6.858042760448523012e+00
8.484999999999999432e+00,2.769876319536504816e+00,6.858042760269318805e+00
8.486000000000000654e+00,2.769876318843361496e+00,6.858042760090478751e+00
8.487000000000000099e+00,2.769876318151619721e+00,6.858042759912001074e+00
8.487999999999999545e+00,2.769876317461279491e+00,6.858042759733884886e+00
8.489000000000000767e+00,2.769876316772339475e+00,6.858042759556130186e+00
8.490000000000000213e+00,2.769876316084795675e+00,6.858042759378734310e+00
8.490999999999999659e+00,2.769876315398641431e+00,6.858042759201699035e+00
8.492000000000000881e+00,2.769876314713881627e+00,6.858042759025022583e+00
8.493000000000000327e+00,2.769876314030506492e+00,6.858042758848703180e+00
8.493999999999999773e+00,2.769876313348517360e+00,6.858042758672741712e+00
8.495000000000000995e+00,2.769876312667907126e+00,6.858042758497136404e+00
8.496000000000000441e+00,2.769876311988678008e+00,6.858042758321887256e+00
8.496999999999999886e+00,2.769876311310824235e+00,6.858042758146993378e+00
8.497999999999999332e+00,2.769876310634346694e+00,6.858042757972452996e+00
8.499000000000000554e+00,2.769876309959238725e+00,6.858042757798266109e+00
8.500000000000000000e+00,2.769876309285494997e+00,6.858042757624432717e+00
8.500999999999999446e+00,2.769876308613119509e+00,6.858042757450951932e+00
8.502000000000000668e+00,2.769876307942106042e+00,6.858042757277821089e+00
8.503000000000000114e+00,2.769876307272448823e+00,6.858042757105041964e+00
8.503999999999999559e+00,2.769876306604153626e+00,6.858042756932613671e+00
8.505000000000000782e+00,2.769876305937208016e+00,6.858042756760534431e+00
8.506000000000000227e+00,2.769876305271617323e+00,6.858042756588802469e+00
8.506999999999999673e+00,2.769876304607372219e+00,6.858042756417419561e+00
8.508000000000000895e+00,2.769876303944474039e+00,6.858042756246383043e+00
8.509000000000000341e+00,2.769876303282917895e+00,6.858042756075692914e+00
8.509999999999999787e+00,2.769876302622702902e+00,6.858042755905350063e+00
8.511000000000001009e+00,2.769876301963827281e+00,6.858042755735351825e+00
8.512000000000000455e+00,2.769876301306283928e+00,6.858042755565698201e+00
8.512999999999999901e+00,2.769876300650072842e+00,6.858042755396386525e+00
8.513999999999999346e+00,2.769876299995191804e+00,6.858042755227420351e+00
8.515000000000000568e+00,2.769876299341639925e+00,6.858042755058795237e+00
8.516000000000000014e+00,2.769876298689410099e+00,6.858042754890512072e+00
8.516999999999999460e+00,2.769876298038500106e+00,6.858042754722569967e+00
8.518000000000000682e+00,2.769876297388912167e+00,6.858042754554968035e+00
8.519000000000000128e+00,2.769876296740637400e+00,6.858042754387705386e+00
8.519999999999999574e+00,2.769876296093677581e+00,6.858042754220782022e+00
8.521000000000000796e+00,2.769876295448027381e+00,6.858042754054195278e+00
8.522000000000000242e+00,2.769876294803685024e+00,6.858042753887948706e+00
8.522999999999999687e+00,2.769876294160650954e+00,6.858042753722036977e+00
8.524000000000000909e+00,2.769876293518919397e+00,6.858042753556461868e+00
8.525000000000000355e+00,2.769876292878485469e+00,6.858042753391221602e+00
8.525999999999999801e+00,2.769876292239350946e+00,6.858042753226317068e+00
8.527000000000001023e+00,2.769876291601510498e+00,6.858042753061746488e+00
8.528000000000000469e+00,2.769876290964960575e+00,6.858042752897509864e+00
8.528999999999999915e+00,2.769876290329702950e+00,6.858042752733605418e+00
8.529999999999999361e+00,2.769876289695730964e+00,6.858042752570033151e+00
8.531000000000000583e+00,2.769876289063044617e+00,6.858042752406792175e+00
8.532000000000000028e+00,2.769876288431638134e+00,6.858042752243881601e+00
8.532999999999999474e+00,2.769876287801513737e+00,6.858042752081301430e+00
8.534000000000000696e+00,2.769876287172664320e+00,6.858042751919051661e+00
8.535000000000000142e+00,2.769876286545089883e+00,6.858042751757127853e+00
8.535999999999999588e+00,2.769876285918785097e+00,6.858042751595535336e+00
8.537000000000000810e+00,2.769876285293750406e+00,6.858042751434267004e+00
8.538000000000000256e+00,2.769876284669984035e+00,6.858042751273327298e+00
8.538999999999999702e+00,2.769876284047478432e+00,6.858042751112713553e+00
8.540000000000000924e+00,2.769876283426235819e+00,6.858042750952424882e+00
8.541000000000000369e+00,2.769876282806249090e+00,6.858042750792462172e+00
8.541999999999999815e+00,2.769876282187521799e+00,6.858042750632822759e+00
8.543000000000001037e+00,2.769876281570045062e+00,6.858042750473506644e+00
8.544000000000000483e+00,2.769876280953822878e+00,6.858042750314512936e+00
8.544999999999999929e+00,2.769876280338844143e+00,6.858042750155841638e+00
8.545999999999999375e+00,2.769876279725116408e+00,6.858042749997491860e+00
8.547000000000000597e+00,2.769876279112629014e+00,6.858042749839462715e+00
8.548000000000000043e+00,2.769876278501385070e+00,6.858042749681755090e+00
8.548999999999999488e+00,2.769876277891376581e+00,6.858042749524365433e+00
8.550000000000000711e+00,2.769876277282606658e+00,6.858042749367294633e+00
8.551000000000000156e+00,2.769876276675069970e+00,6.858042749210541800e+00
8.551999999999999602e+00,2.769876276068763410e+00,6.858042749054107823e+00
8.553000000000000824e+00,2.769876275463684756e+00,6.858042748897990037e+00
8.554000000000000270e+00,2.769876274859831344e+00,6.858042748742187555e+00
8.554999999999999716e+00,2.769876274257204063e+00,6.858042748586702153e+00
8.556000000000000938e+00,2.769876273655796250e+00,6.858042748431532942e+00
8.557000000000000384e+00,2.769876273055606131e+00,6.858042748276676370e+00
8.557999999999999829e+00,2.769876272456630151e+00,6.858042748122133325e+00
8.559000000000001052e+00,2.769876271858872308e+00,6.858042747967903807e+00
8.560000000000000497e+00,2.769876271262323275e+00,6.858042747813987816e+00
8.560999999999999943e+00,2.769876270666982165e+00,6.858042747660381799e+00
8.561999999999999389e+00,2.769876270072848090e+00,6.858042747507088421e+00
8.563000000000000611e+00,2.769876269479917497e+00,6.858042747354105906e+00
8.564000000000000057e+00,2.769876268888187720e+00,6.858042747201431588e+00
8.564999999999999503e+00,2.769876268297658317e+00,6.858042747049068133e+00
8.566000000000000725e+00,2.769876267708324402e+00,6.858042746897011988e+00
8.567000000000000171e+00,2.769876267120183755e+00,6.858042746745264928e+00
8.567999999999999616e+00,2.769876266533238152e+00,6.858042746593824290e+00
8.569000000000000838e+00,2.769876265947477822e+00,6.858042746442691850e+00
8.570000000000000284e+00,2.769876265362905432e+00,6.858042746291864944e+00
8.570999999999999730e+00,2.769876264779517872e+00,6.858042746141342683e+00
8.572000000000000952e+00,2.769876264197311588e+00,6.858042745991127731e+00
8.573000000000000398e+00,2.769876263616285250e+00,6.858042745841214760e+00
8.573999999999999844e+00,2.769876263036436637e+00,6.858042745691606434e+00
8.575000000000001066e+00,2.769876262457762195e+00,6.858042745542302754e+00
8.576000000000000512e+00,2.769876261880260593e+00,6.858042745393300166e+00
8.576999999999999957e+00,2.769876261303926501e+00,6.858042745244598670e+00
8.577999999999999403e+00,2.769876260728761697e+00,6.858042745096199155e+00
8.579000000000000625e+00,2.769876260154763958e+00,6.858042744948099845e+00
8.580000000000000071e+00,2.769876259581928846e+00,6.858042744800301627e+00
8.580999999999999517e+00,2.769876259010252806e+00,6.858042744652802725e+00
8.582000000000000739e+00,2.769876258439734951e+00,6.858042744505602251e+00
8.583000000000000185e+00,2.769876257870374392e+00,6.858042744358700205e+00
8.583999999999999631e+00,2.769876257302167577e+00,6.858042744212095698e+00
8.585000000000000853e+00,2.769876256735109177e+00,6.858042744065786955e+00
8.586000000000000298e+00,2.769876256169202300e+00,6.858042743919775752e+00
8.586999999999999744e+00,2.769876255604438953e+00,6.858042743774061201e+00
8.588000000000000966e+00,2.769876255040823576e+00,6.858042743628640636e+00
8.589000000000000412e+00,2.769876254478348176e+00,6.858042743483515835e+00
8.589999999999999858e+00,2.769876253917012310e+00,6.858042743338685021e+00
8.590999999999999304e+00,2.769876253356814644e+00,6.858042743194145530e+00
8.592000000000000526e+00,2.769876252797751626e+00,6.858042743049900913e+00
8.592999999999999972e+00,2.769876252239821035e+00,6.858042742905947620e+00
8.593999999999999417e+00,2.769876251683021540e+00,6.858042742762286537e+00
8.595000000000000639e+00,2.769876251127346478e+00,6.858042742618916776e+00
8.596000000000000085e+00,2.769876250572802068e+00,6.858042742475836562e+00
8.596999999999999531e+00,2.769876250019378539e+00,6.858042742333046782e+00
8.598000000000000753e+00,2.769876249467077223e+00,6.858042742190546548e+00
8.599000000000000199e+00,2.769876248915895012e+00,6.858042742048334972e+00
8.599999999999999645e+00,2.769876248365829685e+00,6.858042741906411166e+00
8.601000000000000867e+00,2.769876247816876358e+00,6.858042741764773353e+00
8.602000000000000313e+00,2.769876247269036806e+00,6.858042741623425975e+00
8.602999999999999758e+00,2.769876246722309254e+00,6.858042741482361926e+00
8.604000000000000981e+00,2.769876246176686596e+00,6.858042741341584758e+00
8.605000000000000426e+00,2.769876245632172829e+00,6.858042741201092696e+00
8.605999999999999872e+00,2.769876245088758626e+00,6.858042741060886627e+00
8.606999999999999318e+00,2.769876244546445765e+00,6.858042740920962999e+00
8.608000000000000540e+00,2.769876244005234689e+00,6.858042740781323587e+00
8.608999999999999986e+00,2.769876243465117849e+00,6.858042740641967505e+00
8.609999999999999432e+00,2.769876242926094356e+00,6.858042740502892087e+00
8.611000000000000654e+00,2.769876242388165100e+00,6.858042740364099110e+00
8.612000000000000099e+00,2.769876241851323861e+00,6.858042740225587686e+00
8.612999999999999545e+00,2.769876241315570198e+00,6.858042740087357814e+00
8.614000000000000767e+00,2.769876240780904109e+00,6.858042739949406830e+00
8.615000000000000213e+00,2.769876240247318488e+00,6.858042739811735622e+00
8.615999999999999659e+00,2.769876239714816002e+00,6.858042739674342414e+00
8.617000000000000881e+00,2.769876239183391764e+00,6.858042739537229870e+00
8.618000000000000327e+00,2.769876238653045331e+00,6.858042739400393550e+00
8.618999999999999773e+00,2.769876238123770928e+00,6.858042739263835230e+00
8.620000000000000995e+00,2.769876237595571666e+00,6.858042739127551357e+00
8.621000000000000441e+00,2.769876237068439551e+00,6.858042738991545484e+00
8.621999999999999886e+00,2.769876236542377690e+00,6.858042738855814946e+00
8.622999999999999332e+00,2.769876236017381199e+00,6.858042738720358855e+00
8.624000000000000554e+00,2.769876235493447858e+00,6.858042738585178988e+00
8.625000000000000000e+00,2.769876234970577666e+00,6.858042738450270903e+00
8.625999999999999446e+00,2.769876234448764407e+00,6.858042738315637266e+00
8.627000000000000668e+00,2.769876233928008968e+00,6.858042738181275411e+00
8.628000000000000114e+00,2.769876233408310018e+00,6.858042738047187115e+00
8.628999999999999559e+00,2.769876232889662671e+00,6.858042737913369713e+00
8.630000000000000782e+00,2.769876232372066038e+00,6.858042737779823206e+00
8.631000000000000227e+00,2.769876231855517457e+00,6.858042737646546705e+00
8.631999999999999673e+00,2.769876231340018258e+00,6.858042737513541987e+00
8.633000000000000895e+00,2.769876230825561780e+00,6.858042737380806386e+00
8.634000000000000341e+00,2.769876230312148024e+00,6.858042737248339016e+00
8.634999999999999787e+00,2.769876229799772993e+00,6.858042737116140763e+00
8.636000000000001009e+00,2.769876229288437131e+00,6.858042736984209853e+00
8.637000000000000455e+00,2.769876228778135552e+00,6.858042736852545396e+00
8.637999999999999901e+00,2.769876228268870921e+00,6.858042736721148280e+00
8.638999999999999346e+00,2.769876227760637022e+00,6.858042736590018507e+00
8.640000000000000568e+00,2.769876227253431633e+00,6.858042736459153410e+00
8.641000000000000014e+00,2.769876226747252979e+00,6.858042736328552991e+00
8.641999999999999460e+00,2.769876226242101502e+00,6.858042736198217248e+00
8.643000000000000682e+00,2.769876225737975428e+00,6.858042736068146183e+00
8.644000000000000128e+00,2.769876225234868983e+00,6.858042735938338907e+00
8.644999999999999574e+00,2.769876224732781278e+00,6.858042735808793644e+00
8.646000000000000796e+00,2.769876224231709649e+00,6.858042735679512170e+00
8.647000000000000242e+00,2.769876223731654985e+00,6.858042735550490931e+00
8.647999999999999687e+00,2.769876223232614620e+00,6.858042735421732594e+00
8.649000000000000909e+00,2.769876222734582782e+00,6.858042735293235381e+00
8.650000000000000355e+00,2.769876222237561691e+00,6.858042735164996628e+00
8.650999999999999801e+00,2.769876221741546907e+00,6.858042735037019000e+00
8.652000000000001023e+00,2.769876221246534875e+00,6.858042734909300719e+00
8.653000000000000469e+00,2.769876220752529150e+00,6.858042734781840899e+00
8.653999999999999915e+00,2.769876220259524402e+00,6.858042734654639538e+00
8.654999999999999361e+00,2.769876219767514858e+00,6.858042734527694861e+00
8.656000000000000583e+00,2.769876219276506735e+00,6.858042734401008644e+00
8.657000000000000028e+00,2.769876218786488931e+00,6.858042734274577334e+00
8.657999999999999474e+00,2.769876218297467219e+00,6.858042734148404485e+00
8.659000000000000696e+00,2.769876217809435381e+00,6.858042734022485654e+00
8.660000000000000142e+00,2.769876217322392975e+00,6.858042733896823506e+00
8.660999999999999588e+00,2.769876216836335558e+00,6.858042733771414490e+00
8.662000000000000810e+00,2.769876216351263576e+00,6.858042733646259492e+00
8.663000000000000256e+00,2.769876215867174807e+00,6.858042733521359402e+00
8.663999999999999702e+00,2.769876215384066587e+00,6.858042733396711554e+00
8.665000000000000924e+00,2.769876214901938472e+00,6.858042733272315061e+00
8.666000000000000369e+00,2.769876214420785132e+00,6.858042733148172587e+00
8.666999999999999815e+00,2.769876213940606569e+00,6.858042733024280579e+00
8.668000000000001037e+00,2.769876213461401449e+00,6.858042732900639038e+00
8.669000000000000483e+00,2.769876212983169328e+00,6.858042732777249739e+00
8.669999999999999929e+00,2.769876212505903545e+00,6.858042732654110019e+00
8.670999999999999375e+00,2.769876212029605878e+00,6.858042732531218988e+00
8.672000000000000597e+00,2.769876211554270551e+00,6.858042732408576647e+00
8.673000000000000043e+00,2.769876211079902006e+00,6.858042732286183885e+00
8.673999999999999488e+00,2.769876210606492251e+00,6.858042732164039812e+00
8.675000000000000711e+00,2.769876210134042172e+00,6.858042732042139988e+00
8.676000000000000156e+00,2.769876209662549549e+00,6.858042731920489743e+00
8.676999999999999602e+00,2.769876209192012606e+00,6.858042731799084635e+00
8.678000000000000824e+00,2.769876208722428235e+00,6.858042731677927328e+00
8.679000000000000270e+00,2.769876208253796435e+00,6.858042731557013383e+00
8.679999999999999716e+00,2.769876207786113209e+00,6.858042731436346351e+00
8.681000000000000938e+00,2.769876207319377226e+00,6.858042731315922680e+00
8.682000000000000384e+00,2.769876206853586265e+00,6.858042731195742370e+00
8.682999999999999829e+00,2.769876206388741213e+00,6.858042731075806309e+00
8.684000000000001052e+00,2.769876205924838075e+00,6.858042730956114497e+00
8.685000000000000497e+00,2.769876205461871521e+00,6.858042730836662493e+00
8.685999999999999943e+00,2.769876204999843772e+00,6.858042730717454738e+00
8.686999999999999389e+00,2.769876204538753939e+00,6.858042730598486791e+00
8.688000000000000611e+00,2.769876204078598025e+00,6.858042730479760429e+00
8.689000000000000057e+00,2.769876203619373367e+00,6.858042730361275652e+00
8.689999999999999503e+00,2.769876203161079964e+00,6.858042730243029794e+00
8.691000000000000725e+00,2.769876202703715151e+00,6.858042730125023745e+00
8.692000000000000171e+00,2.769876202247276265e+00,6.858042730007257504e+00
8.692999999999999616e+00,2.769876201791762416e+00,6.858042729889729294e+00
8.694000000000000838e+00,2.769876201337170940e+00,6.858042729772439117e+00
8.695000000000000284e+00,2.769876200883500950e+00,6.858042729655386083e+00
8.695999999999999730e+00,2.769876200430752000e+00,6.858042729538571081e+00
8.697000000000000952e+00,2.769876199978917430e+00,6.858042729421993222e+00
8.698000000000000398e+00,2.769876199528000349e+00,6.858042729305650731e+00
8.698999999999999844e+00,2.769876199077993650e+00,6.858042729189543607e+00
8.700000000000001066e+00,2.769876198628901776e+00,6.858042729073672739e+00
8.701000000000000512e+00,2.769876198180718507e+00,6.858042728958036349e+00
8.701999999999999957e+00,2.769876197733442513e+00,6.858042728842633551e+00
8.702999999999999403e+00,2.769876197287075570e+00,6.858042728727465231e+00
8.704000000000000625e+00,2.769876196841609239e+00,6.858042728612529615e+00
8.705000000000000071e+00,2.769876196397049739e+00,6.858042728497827589e+00
8.705999999999999517e+00,2.769876195953387299e+00,6.858042728383357378e+00
8.707000000000000739e+00,2.769876195510625028e+00,6.858042728269118982e+00
8.708000000000000185e+00,2.769876195068759817e+00,6.858042728155112400e+00
8.708999999999999631e+00,2.769876194627791222e+00,6.858042728041337632e+00
8.710000000000000853e+00,2.769876194187713025e+00,6.858042727927792015e+00
8.711000000000000298e+00,2.769876193748527893e+00,6.858042727814476436e+00
8.711999999999999744e+00,2.769876193310232715e+00,6.858042727701390895e+00
8.713000000000000966e+00,2.769876192872825271e+00,6.858042727588534504e+00
8.714000000000000412e+00,2.769876192436304674e+00,6.858042727475906375e+00
8.714999999999999858e+00,2.769876192000667370e+00,6.858042727363507396e+00
8.715999999999999304e+00,2.769876191565914247e+00,6.858042727251335791e+00
8.717000000000000526e+00,2.769876191132042642e+00,6.858042727139391559e+00
8.717999999999999972e+00,2.769876190699046781e+00,6.858042727027672036e+00
8.718999999999999417e+00,2.769876190266928884e+00,6.858042726916180776e+00
8.720000000000000639e+00,2.769876189835688951e+00,6.858042726804916889e+00
8.721000000000000085e+00,2.769876189405321210e+00,6.858042726693875935e+00
8.721999999999999531e+00,2.769876188975826548e+00,6.858042726583061466e+00
8.723000000000000753e+00,2.769876188547198748e+00,6.858042726472469930e+00
8.724000000000000199e+00,2.769876188119443583e+00,6.858042726362103103e+00
8.724999999999999645e+00,2.769876187692552616e+00,6.858042726251960985e+00
8.726000000000000867e+00,2.769876187266525402e+00,6.858042726142041801e+00
8.727000000000000313e+00,2.769876186841363719e+00,6.858042726032343772e+00
8.727999999999999758e+00,2.769876186417064012e+00,6.858042725922869565e+00
8.729000000000000981e+00,2.769876185993621842e+00,6.858042725813615625e+00
8.730000000000000426e+00,2.769876185571037652e+00,6.858042725704583731e+00
8.730999999999999872e+00,2.769876185149312775e+00,6.858042725595773881e+00
8.731999999999999318e+00,2.769876184728437440e+00,6.858042725487182523e+00
8.733000000000000540e+00,2.769876184308417422e+00,6.858042725378812321e+00
8.733999999999999986e+00,2.769876183889249610e+00,6.858042725270662388e+00
8.734999999999999432e+00,2.769876183470927788e+00,6.858042725162729170e+00
8.736000000000000654e+00,2.769876183053456398e+00,6.858042725055016220e+00
8.737000000000000099e+00,2.769876182636829220e+00,6.858042724947520874e+00
8.737999999999999545e+00,2.769876182221047589e+00,6.858042724840244908e+00
8.739000000000000767e+00,2.769876181806106619e+00,6.858042724733184770e+00
8.740000000000000213e+00,2.769876181392007641e+00,6.858042724626341347e+00
8.740999999999999659e+00,2.769876180978745772e+00,6.858042724519715527e+00
8.742000000000000881e+00,2.769876180566324120e+00,6.858042724413305535e+00
8.743000000000000327e+00,2.769876180154735135e+00,6.858042724307111371e+00
8.743999999999999773e+00,2.769876179743981925e+00,6.858042724201131257e+00
8.745000000000000995e+00,2.769876179334060051e+00,6.858042724095366971e+00
8.746000000000000441e+00,2.769876178924970400e+00,6.858042723989816736e+00
8.746999999999999886e+00,2.769876178516706755e+00,6.858042723884479663e+00
8.747999999999999332e+00,2.769876178109272225e+00,6.858042723779356642e+00
8.749000000000000554e+00,2.769876177702663256e+00,6.858042723674445895e+00
8.750000000000000000e+00,2.769876177296876740e+00,6.858042723569748311e+00
8.750999999999999446e+00,2.769876176891912678e+00,6.858042723465262114e+00
8.752000000000000668e+00,2.769876176487770625e+00,6.858042723360989079e+00
8.753000000000000114e+00,2.769876176084445696e+00,6.858042723256926543e+00
8.753999999999999559e+00,2.769876175681937891e+00,6.858042723153074505e+00
8.755000000000000782e+00,2.769876175280247210e+00,6.858042723049433853e+00
8.756000000000000227e+00,2.769876174879367881e+00,6.858042722946002812e+00
8.756999999999999673e+00,2.769876174479302566e+00,6.858042722842780492e+00
8.758000000000000895e+00,2.769876174080047271e+00,6.858042722739767783e+00
8.759000000000000341e+00,2.769876173681600662e+00,6.858042722636962019e+00
8.759999999999999787e+00,2.769876173283961851e+00,6.858042722534367641e+00
8.761000000000001009e+00,2.769876172887129950e+00,6.858042722431978433e+00
8.762000000000000455e+00,2.769876172491099631e+00,6.858042722329798835e+00
8.762999999999999901e+00,2.769876172095872224e+00,6.858042722227826182e+00
8.763999999999999346e+00,2.769876171701446399e+00,6.858042722126058699e+00
8.765000000000000568e+00,2.769876171307818602e+00,6.858042722024497273e+00
8.766000000000000014e+00,2.769876170914990610e+00,6.858042721923143681e+00
8.766999999999999460e+00,2.769876170522957093e+00,6.858042721821994370e+00
8.768000000000000682e+00,2.769876170131716275e+00,6.858042721721049340e+00
8.769000000000000128e+00,2.769876169741269933e+00,6.858042721620308591e+00
8.769999999999999574e+00,2.769876169351614514e+00,6.858042721519773011e+00
8.771000000000000796e+00,2.769876168962748242e+00,6.858042721419441712e+00
8.772000000000000242e+00,2.769876168574669784e+00,6.858042721319312029e+00
8.772999999999999687e+00,2.769876168187379140e+00,6.858042721219386628e+00
8.774000000000000909e+00,2.769876167800870537e+00,6.858042721119661955e+00
8.775000000000000355e+00,2.769876167415146195e+00,6.858042721020140675e+00
8.775999999999999801e+00,2.769876167030202119e+00,6.858042720920821012e+00
8.777000000000001023e+00,2.769876166646039195e+00,6.858042720821702076e+00
8.778000000000000469e+00,2.769876166262654760e+00,6.858042720722784757e+00
8.778999999999999915e+00,2.769876165880045704e+00,6.858042720624065502e+00
8.779999999999999361e+00,2.769876165498214249e+00,6.858042720525548752e+00
8.781000000000000583e+00,2.769876165117154621e+00,6.858042720427230954e+00
8.782000000000000028e+00,2.769876164736868152e+00,6.858042720329111219e+00
8.782999999999999474e+00,2.769876164357350845e+00,6.858042720231192213e+00
8.784000000000000696e+00,2.769876163978601813e+00,6.858042720133470382e+00
8.785000000000000142e+00,2.769876163600622831e+00,6.858042720035947504e+00
8.785999999999999588e+00,2.769876163223409016e+00,6.858042719938620913e+00
8.787000000000000810e+00,2.769876162846956369e+00,6.858042719841491497e+00
8.788000000000000256e+00,2.769876162471269332e+00,6.858042719744560145e+00
8.788999999999999702e+00,2.769876162096343464e+00,6.858042719647824192e+00
8.790000000000000924e+00,2.769876161722175656e+00,6.858042719551285415e+00
8.791000000000000369e+00,2.769876161348767685e+00,6.858042719454940261e+00
8.791999999999999815e+00,2.769876160976114665e+00,6.858042719358792283e+00
8.793000000000001037e+00,2.769876160604217485e+00,6.858042719262837927e+00
8.794000000000000483e+00,2.769876160233075257e+00,6.858042719167077195e+00
8.794999999999999929e+00,2.769876159862682208e+00,6.858042719071511861e+00
8.795999999999999375e+00,2.769876159493040557e+00,6.858042718976140151e+00
8.797000000000000597e+00,2.769876159124148085e+00,6.858042718880962063e+00
8.798000000000000043e+00,2.769876158756003459e+00,6.858042718785974934e+00
8.798999999999999488e+00,2.769876158388602683e+00,6.858042718691182316e+00
8.800000000000000711e+00,2.769876158021947976e+00,6.858042718596579768e+00
8.801000000000000156e+00,2.769876157656035787e+00,6.858042718502170842e+00
8.801999999999999602e+00,2.769876157290864338e+00,6.858042718407951988e+00
8.803000000000000824e+00,2.769876156926433630e+00,6.858042718313924091e+00
8.804000000000000270e+00,2.769876156562741887e+00,6.858042718220087153e+00
8.804999999999999716e+00,2.769876156199785999e+00,6.858042718126440285e+00
8.806000000000000938e+00,2.769876155837566856e+00,6.858042718032983487e+00
8.807000000000000384e+00,2.769876155476080015e+00,6.858042717939715871e+00
8.807999999999999829e+00,2.769876155115325034e+00,6.858042717846636549e+00
8.809000000000001052e+00,2.769876154755304132e+00,6.858042717753745521e+00
8.810000000000000497e+00,2.769876154396008427e+00,6.858042717661043675e+00
8.810999999999999943e+00,2.769876154037442806e+00,6.858042717568529234e+00
8.811999999999999389e+00,2.769876153679603714e+00,6.858042717476202199e+00
8.813000000000000611e+00,2.769876153322488488e+00,6.858042717384061682e+00
8.814000000000000057e+00,2.769876152966098015e+00,6.858042717292109458e+00
8.814999999999999503e+00,2.769876152610429632e+00,6.858042717200341976e+00
8.816000000000000725e+00,2.769876152255482449e+00,6.858042717108761011e+00
8.817000000000000171e+00,2.769876151901250250e+00,6.858042717017365675e+00
8.817999999999999616e+00,2.769876151547739696e+00,6.858042716926155968e+00
8.819000000000000838e+00,2.769876151194945457e+00,6.858042716835129227e+00
8.820000000000000284e+00,2.769876150842864426e+00,6.858042716744288114e+00
8.820999999999999730e+00,2.769876150491497935e+00,6.858042716653631743e+00
8.822000000000000952e+00,2.769876150140842430e+00,6.858042716563158336e+00
8.823000000000000398e+00,2.769876149790897024e+00,6.858042716472868783e+00
8.823999999999999844e+00,2.769876149441662161e+00,6.858042716382761306e+00
8.825000000000001066e+00,2.769876149093133844e+00,6.858042716292836793e+00
8.826000000000000512e+00,2.769876148745312960e+00,6.858042716203094358e+00
8.826999999999999957e+00,2.769876148398195070e+00,6.858042716113533999e+00
8.827999999999999403e+00,2.769876148051781062e+00,6.858042716024154828e+00
8.829000000000000625e+00,2.769876147706067826e+00,6.858042715934956846e+00
8.830000000000000071e+00,2.769876147361057583e+00,6.858042715845940052e+00
8.830999999999999517e+00,2.769876147016744561e+00,6.858042715757101782e+00
8.832000000000000739e+00,2.769876146673128758e+00,6.858042715668445588e+00
8.833000000000000185e+00,2.769876146330210176e+00,6.858042715579968807e+00
8.833999999999999631e+00,2.769876145987985705e+00,6.858042715491670549e+00
8.835000000000000853e+00,2.769876145646453125e+00,6.858042715403551703e+00
8.836000000000000298e+00,2.769876145305614656e+00,6.858042715315609605e+00
8.836999999999999744e+00,2.769876144965466747e+00,6.858042715227848696e+00
8.838000000000000966e+00,2.769876144626007619e+00,6.858042715140263645e+00
8.839000000000000412e+00,2.769876144287236830e+00,6.858042715052856231e+00
8.839999999999999858e+00,2.769876143949151270e+00,6.858042714965625564e+00
8.840999999999999304e+00,2.769876143611749164e+00,6.858042714878572532e+00
8.842000000000000526e+00,2.769876143275034508e+00,6.858042714791694472e+00
8.842999999999999972e+00,2.769876142938999308e+00,6.858042714704994047e+00
8.843999999999999417e+00,2.769876142603646230e+00,6.858042714618468594e+00
8.845000000000000639e+00,2.769876142268970831e+00,6.858042714532119000e+00
8.846000000000000085e+00,2.769876141934976221e+00,6.858042714445944377e+00
8.846999999999999531e+00,2.769876141601655739e+00,6.858042714359943837e+00
8.848000000000000753e+00,2.769876141269012049e+00,6.858042714274117380e+00
8.849000000000000199e+00,2.769876140937041598e+00,6.858042714188464117e+00
8.849999999999999645e+00,2.769876140605744386e+00,6.858042714102986714e+00
8.851000000000000867e+00,2.769876140275118193e+00,6.858042714017679842e+00
8.852000000000000313e+00,2.769876139945161686e+00,6.858042713932547940e+00
8.852999999999999758e+00,2.769876139615872646e+00,6.858042713847586569e+00
8.854000000000000981e+00,2.769876139287253736e+00,6.858042713762799281e+00
8.855000000000000426e+00,2.769876138959297407e+00,6.858042713678183411e+00
8.855999999999999872e+00,2.769876138632007212e+00,6.858042713593737183e+00
8.856999999999999318e+00,2.769876138305380930e+00,6.858042713509463262e+00
8.858000000000000540e+00,2.769876137979414565e+00,6.858042713425360759e+00
8.858999999999999986e+00,2.769876137654108561e+00,6.858042713341427898e+00
8.859999999999999432e+00,2.769876137329462029e+00,6.858042713257665568e+00
8.861000000000000654e+00,2.769876137005474970e+00,6.858042713174071991e+00
8.862000000000000099e+00,2.769876136682141610e+00,6.858042713090648057e+00
8.862999999999999545e+00,2.769876136359465502e+00,6.858042713007393765e+00
8.864000000000000767e+00,2.769876136037441761e+00,6.858042712924308226e+00
8.865000000000000213e+00,2.769876135716068610e+00,6.858042712841389665e+00
8.865999999999999659e+00,2.769876135395351380e+00,6.858042712758638970e+00
8.867000000000000881e+00,2.769876135075280743e+00,6.858042712676058805e+00
8.868000000000000327e+00,2.769876134755859365e+00,6.858042712593643842e+00
8.868999999999999773e+00,2.769876134437085025e+00,6.858042712511394967e+00
8.870000000000000995e+00,2.769876134118955502e+00,6.858042712429314847e+00
8.871000000000000441e+00,2.769876133801471685e+00,6.858042712347400816e+00
8.871999999999999886e+00,2.769876133484631353e+00,6.858042712265651097e+00
8.872999999999999332e+00,2.769876133168434507e+00,6.858042712184067469e+00
8.874000000000000554e+00,2.769876132852874484e+00,6.858042712102650817e+00
8.875000000000000000e+00,2.769876132537956614e+00,6.858042712021398479e+00
8.875999999999999446e+00,2.769876132223674681e+00,6.858042711940309566e+00
8.877000000000000668e+00,2.769876131910031791e+00,6.858042711859385854e+00
8.878000000000000114e+00,2.769876131597023505e+00,6.858042711778625566e+00
8.878999999999999559e+00,2.769876131284648046e+00,6.858042711698028704e+00
8.880000000000000782e+00,2.769876130972906303e+00,6.858042711617596154e+00
8.881000000000000227e+00,2.769876130661795610e+00,6.858042711537326142e+00
8.881999999999999673e+00,2.769876130351316856e+00,6.858042711457217777e+00
8.883000000000000895e+00,2.769876130041465601e+00,6.858042711377272838e+00
8.884000000000000341e+00,2.769876129732244063e+00,6.858042711297489546e+00
8.884999999999999787e+00,2.769876129423647360e+00,6.858042711217867904e+00
8.886000000000001009e+00,2.769876129115676378e+00,6.858042711138407022e+00
8.887000000000000455e+00,2.769876128808328897e+00,6.858042711059108676e+00
8.887999999999999901e+00,2.769876128501605361e+00,6.858042710979969314e+00
8.888999999999999346e+00,2.769876128195503107e+00,6.858042710900990713e+00
8.890000000000000568e+00,2.769876127890018136e+00,6.858042710822172872e+00
8.891000000000000014e+00,2.769876127585154446e+00,6.858042710743513126e+00
8.891999999999999460e+00,2.769876127280908040e+00,6.858042710665015029e+00
8.893000000000000682e+00,2.769876126977277586e+00,6.858042710586674140e+00
8.894000000000000128e+00,2.769876126674264860e+00,6.858042710508492235e+00
8.894999999999999574e+00,2.769876126371862757e+00,6.858042710430470201e+00
8.896000000000000796e+00,2.769876126070074829e+00,6.858042710352604487e+00
8.897000000000000242e+00,2.769876125768898856e+00,6.858042710274898646e+00
8.897999999999999687e+00,2.769876125468332173e+00,6.858042710197347347e+00
8.899000000000000909e+00,2.769876125168373893e+00,6.858042710119955032e+00
8.900000000000000355e+00,2.769876124869024903e+00,6.858042710042719037e+00
8.900999999999999801e+00,2.769876124570279430e+00,6.858042709965639361e+00
8.902000000000001023e+00,2.769876124272143247e+00,6.858042709888716004e+00
8.903000000000000469e+00,2.769876123974608362e+00,6.858042709811948967e+00
8.903999999999999915e+00,2.769876123677677437e+00,6.858042709735336473e+00
8.904999999999999361e+00,2.769876123381348698e+00,6.858042709658880298e+00
8.906000000000000583e+00,2.769876123085618147e+00,6.858042709582577778e+00
8.907000000000000028e+00,2.769876122790488004e+00,6.858042709506430690e+00
8.907999999999999474e+00,2.769876122495956050e+00,6.858042709430438144e+00
8.909000000000000696e+00,2.769876122202021396e+00,6.858042709354599253e+00
8.910000000000000142e+00,2.769876121908681377e+00,6.858042709278914018e+00
8.910999999999999588e+00,2.769876121615935993e+00,6.858042709203382437e+00
8.912000000000000810e+00,2.769876121323782581e+00,6.858042709128003622e+00
8.913000000000000256e+00,2.769876121032222471e+00,6.858042709052777575e+00
8.913999999999999702e+00,2.769876120741252112e+00,6.858042708977703406e+00
8.915000000000000924e+00,2.769876120450871504e+00,6.858042708902782003e+00
8.916000000000000369e+00,2.769876120161080646e+00,6.858042708828012479e+00
8.916999999999999815e+00,2.769876119871876430e+00,6.858042708753393946e+00
8.918000000000001037e+00,2.769876119583256635e+00,6.858042708678927291e+00
8.919000000000000483e+00,2.769876119295223038e+00,6.858042708604609849e+00
8.919999999999999929e+00,2.769876119007772530e+00,6.858042708530443399e+00
8.920999999999999375e+00,2.769876118720902891e+00,6.858042708456427938e+00
8.922000000000000597e+00,2.769876118434616341e+00,6.858042708382563468e+00
8.923000000000000043e+00,2.769876118148909327e+00,6.858042708308847324e+00
8.923999999999999488e+00,2.769876117863781406e+00,6.858042708235280394e+00
8.925000000000000711e+00,2.769876117579231245e+00,6.858042708161863565e+00
8.926000000000000156e+00,2.769876117295257067e+00,6.858042708088594175e+00
8.926999999999999602e+00,2.769876117011858430e+00,6.858042708015473110e+00
8.928000000000000824e+00,2.769876116729032667e+00,6.858042707942501259e+00
8.929000000000000270e+00,2.769876116446782888e+00,6.858042707869676846e+00
8.929999999999999716e+00,2.769876116165103763e+00,6.858042707797000759e+00
8.931000000000000938e+00,2.769876115883993517e+00,6.858042707724471221e+00
8.932000000000000384e+00,2.769876115603455702e+00,6.858042707652088232e+00
8.932999999999999829e+00,2.769876115323483656e+00,6.858042707579851793e+00
8.934000000000001052e+00,2.769876115044080489e+00,6.858042707507762792e+00
8.935000000000000497e+00,2.769876114765240871e+00,6.858042707435819452e+00
8.935999999999999943e+00,2.769876114486970575e+00,6.858042707364021773e+00
8.936999999999999389e+00,2.769876114209260276e+00,6.858042707292368867e+00
8.938000000000000611e+00,2.769876113932112194e+00,6.858042707220861622e+00
8.939000000000000057e+00,2.769876113655529437e+00,6.858042707149498263e+00
8.939999999999999503e+00,2.769876113379505345e+00,6.858042707078282341e+00
8.941000000000000725e+00,2.769876113104039916e+00,6.858042707007207639e+00
8.942000000000000171e+00,2.769876112829131376e+00,6.858042706936278599e+00
8.942999999999999616e+00,2.769876112554781500e+00,6.858042706865493443e+00
8.944000000000000838e+00,2.769876112280988512e+00,6.858042706794851284e+00
8.945000000000000284e+00,2.769876112007748858e+00,6.858042706724353010e+00
8.945999999999999730e+00,2.769876111735062096e+00,6.858042706653995957e+00
8.947000000000000952e+00,2.769876111462927337e+00,6.858042706583781900e+00
8.948000000000000398e+00,2.769876111191346357e+00,6.858042706513709952e+00
8.948999999999999844e+00,2.769876110920314716e+00,6.858042706443781000e+00
8.950000000000001066e+00,2.769876110649831524e+00,6.858042706373992381e+00
8.951000000000000512e+00,2.769876110379896339e+00,6.858042706304345870e+00
8.951999999999999957e+00,2.769876110110509160e+00,6.858042706234840580e+00
8.952999999999999403e+00,2.769876109841667322e+00,6.858042706165475622e+00
8.954000000000000625e+00,2.769876109573367717e+00,6.858042706096251884e+00
8.955000000000000071e+00,2.769876109305615230e+00,6.858042706027168478e+00
8.955999999999999517e+00,2.769876109038404977e+00,6.858042705958224516e+00
8.957000000000000739e+00,2.769876108771732959e+00,6.858042705889420887e+00
8.958000000000000185e+00,2.769876108505605838e+00,6.858042705820755813e+00
8.958999999999999631e+00,2.769876108240014290e+00,6.858042705752230184e+00
8.960000000000000853e+00,2.769876107974960533e+00,6.858042705683843110e+00
8.961000000000000298e+00,2.769876107710446789e+00,6.858042705615595480e+00
8.961999999999999744e+00,2.769876107446465063e+00,6.858042705547484630e+00
8.963000000000000966e+00,2.769876107183021130e+00,6.858042705479513224e+00
8.964000000000000412e+00,2.769876106920110104e+00,6.858042705411678597e+00
8.964999999999999858e+00,2.769876106657731540e+00,6.858042705343981638e+00
8.965999999999999304e+00,2.769876106395887216e+00,6.858042705276423234e+00
8.967000000000000526e+00,2.769876106134568250e+00,6.858042705208999834e+00
8.967999999999999972e+00,2.769876105873782191e+00,6.858042705141713213e+00
8.968999999999999417e+00,2.769876105613523265e+00,6.858042705074563372e+00
8.970000000000000639e+00,2.769876105353793694e+00,6.858042705007549422e+00
8.971000000000000085e+00,2.769876105094587704e+00,6.858042704940671364e+00
8.971999999999999531e+00,2.769876104835909292e+00,6.858042704873929196e+00
8.973000000000000753e+00,2.769876104577752685e+00,6.858042704807322032e+00
8.974000000000000199e+00,2.769876104320118770e+00,6.858042704740848983e+00
8.974999999999999645e+00,2.769876104063008437e+00,6.858042704674511825e+00
8.976000000000000867e+00,2.769876103806420353e+00,6.858042704608307893e+00
8.977000000000000313e+00,2.769876103550350521e+00,6.858042704542238965e+00
8.977999999999999758e+00,2.769876103294798053e+00,6.858042704476303264e+00
8.979000000000000981e+00,2.769876103039766058e+00,6.858042704410502566e+00
8.980000000000000426e+00,2.769876102785247429e+00,6.858042704344834206e+00
8.980999999999999872e+00,2.769876102531247497e+00,6.858042704279298185e+00
8.981999999999999318e+00,2.769876102277760932e+00,6.858042704213895391e+00
8.983000000000000540e+00,2.769876102024788178e+00,6.858042704148626711e+00
8.983999999999999986e+00,2.769876101772328347e+00,6.858042704083487706e+00
8.984999999999999432e+00,2.769876101520379219e+00,6.858042704018481928e+00
8.986000000000000654e+00,2.769876101268941238e+00,6.858042703953607599e+00
8.987000000000000099e+00,2.769876101018011738e+00,6.858042703888864722e+00
8.987999999999999545e+00,2.769876100767592497e+00,6.858042703824253294e+00
8.989000000000000767e+00,2.769876100517679518e+00,6.858042703759772429e+00
8.990000000000000213e+00,2.769876100268271024e+00,6.858042703695423015e+00
8.990999999999999659e+00,2.769876100019371457e+00,6.858042703631202386e+00
8.992000000000000881e+00,2.769876099770972822e+00,6.858042703567113207e+00
8.993000000000000327e+00,2.769876099523079116e+00,6.858042703503153703e+00
8.993999999999999773e+00,2.769876099275686787e+00,6.858042703439322985e+00
8.995000000000000995e+00,2.769876099028795835e+00,6.858042703375623717e+00
8.996000000000000441e+00,2.769876098782407592e+00,6.858042703312051458e+00
8.996999999999999886e+00,2.769876098536515840e+00,6.858042703248608873e+00
8.997999999999999332e+00,2.769876098291121913e+00,6.858042703185294187e+00
8.999000000000000554e+00,2.769876098046227586e+00,6.858042703122108286e+00
9.000000000000000000e+00,2.769876097801827530e+00,6.858042703059051171e+00
9.000999999999999446e+00,2.769876097557923522e+00,6.858042702996119289e+00
9.002000000000000668e+00,2.769876097314514229e+00,6.858042702933316193e+00
9.003000000000000114e+00,2.769876097071595655e+00,6.858042702870640994e+00
9.003999999999999559e+00,2.769876096829171352e+00,6.858042702808092805e+00
9.005000000000000782e+00,2.769876096587236436e+00,6.858042702745670738e+00
9.006000000000000227e+00,2.769876096345794458e+00,6.858042702683375680e+00
9.006999999999999673e+00,2.769876096104837870e+00,6.858042702621206743e+00
9.008000000000000895e+00,2.769876095864373777e+00,6.858042702559163040e+00
9.009000000000000341e+00,2.769876095624392409e+00,6.858042702497244569e+00
9.009999999999999787e+00,2.769876095384901316e+00,6.858042702435452220e+00
9.011000000000001009e+00,2.769876095145892947e+00,6.858042702373785993e+00
9.012000000000000455e+00,2.769876094907370412e+00,6.858042702312244110e+00
9.012999999999999901e+00,2.769876094669329714e+00,6.858042702250825684e+00
9.013999999999999346e+00,2.769876094431771740e+00,6.858042702189534268e+00
9.015000000000000568e+00,2.769876094194695604e+00,6.858042702128365420e+00
9.016000000000000014e+00,2.769876093958099972e+00,6.858042702067320917e+00
9.016999999999999460e+00,2.769876093721981736e+00,6.858042702006399871e+00
9.018000000000000682e+00,2.769876093486343560e+00,6.858042701945603170e+00
9.019000000000000128e+00,2.769876093251182780e+00,6.858042701884928150e+00
9.019999999999999574e+00,2.769876093016497176e+00,6.858042701824375698e+00
9.021000000000000796e+00,2.769876092782288968e+00,6.858042701763947591e+00
9.022000000000000242e+00,2.769876092548554158e+00,6.858042701703641164e+00
9.022999999999999687e+00,2.769876092315292748e+00,6.858042701643455530e+00
9.024000000000000909e+00,2.769876092082503405e+00,6.858042701583395129e+00
9.025000000000000355e+00,2.769876091850187461e+00,6.858042701523454632e+00
9.025999999999999801e+00,2.769876091618341363e+00,6.858042701463634927e+00
9.027000000000001023e+00,2.769876091386965999e+00,6.858042701403936903e+00
9.028000000000000469e+00,2.769876091156056930e+00,6.858042701344359671e+00
9.028999999999999915e+00,2.769876090925615930e+00,6.858042701284903231e+00
9.029999999999999361e+00,2.769876090695643889e+00,6.858042701225567583e+00
9.031000000000000583e+00,2.769876090466138141e+00,6.858042701166351840e+00
9.032000000000000028e+00,2.769876090237093802e+00,6.858042701107256001e+00
9.032999999999999474e+00,2.769876090008516201e+00,6.858042701048280954e+00
9.034000000000000696e+00,2.769876089780401784e+00,6.858042700989423146e+00
9.035000000000000142e+00,2.769876089552749221e+00,6.858042700930687019e+00
9.035999999999999588e+00,2.769876089325557622e+00,6.858042700872068131e+00
9.037000000000000810e+00,2.769876089098827432e+00,6.858042700813569148e+00
9.038000000000000256e+00,2.769876088872553321e+00,6.858042700755188292e+00
9.038999999999999702e+00,2.769876088646741064e+00,6.858042700696925564e+00
9.040000000000000924e+00,2.769876088421386662e+00,6.858042700638780076e+00
9.041000000000000369e+00,2.769876088196486563e+00,6.858042700580754492e+00
9.041999999999999815e+00,2.769876087972041212e+00,6.858042700522844370e+00
9.043000000000001037e+00,2.769876087748053717e+00,6.858042700465053265e+00
9.044000000000000483e+00,2.769876087524517416e+00,6.858042700407377623e+00
9.044999999999999929e+00,2.769876087301435419e+00,6.858042700349820997e+00
9.045999999999999375e+00,2.769876087078805948e+00,6.858042700292378946e+00
9.047000000000000597e+00,2.769876086856626340e+00,6.858042700235054134e+00
9.048000000000000043e+00,2.769876086634897483e+00,6.858042700177844786e+00
9.048999999999999488e+00,2.769876086413617600e+00,6.858042700120751789e+00
9.050000000000000711e+00,2.769876086192787579e+00,6.858042700063775143e+00
9.051000000000000156e+00,2.769876085972401203e+00,6.858042700006913073e+00
9.051999999999999602e+00,2.769876085752462469e+00,6.858042699950166465e+00
9.053000000000000824e+00,2.769876085532973153e+00,6.858042699893534433e+00
9.054000000000000270e+00,2.769876085313924374e+00,6.858042699837017864e+00
9.054999999999999716e+00,2.769876085095321461e+00,6.858042699780615870e+00
9.056000000000000938e+00,2.769876084877160860e+00,6.858042699724327562e+00
9.057000000000000384e+00,2.769876084659441240e+00,6.858042699668152942e+00
9.057999999999999829e+00,2.769876084442165265e+00,6.858042699612092896e+00
9.059000000000001052e+00,2.769876084225326274e+00,6.858042699556145649e+00
9.060000000000000497e+00,2.769876084008928263e+00,6.858042699500312978e+00
9.060999999999999943e+00,2.769876083792969013e+00,6.858042699444592216e+00
9.061999999999999389e+00,2.769876083577447190e+00,6.858042699388985142e+00
9.063000000000000611e+00,2.769876083362360575e+00,6.858042699333489978e+00
9.064000000000000057e+00,2.769876083147712720e+00,6.858042699278107612e+00
9.064999999999999503e+00,2.769876082933496964e+00,6.858042699222838046e+00
9.066000000000000725e+00,2.769876082719716415e+00,6.858042699167680389e+00
9.067000000000000171e+00,2.769876082506369741e+00,6.858042699112632867e+00
9.067999999999999616e+00,2.769876082293455166e+00,6.858042699057699920e+00
9.069000000000000838e+00,2.769876082080968693e+00,6.858042699002875331e+00
9.070000000000000284e+00,2.769876081868914319e+00,6.858042698948163540e+00
9.070999999999999730e+00,2.769876081657292044e+00,6.858042698893561884e+00
9.072000000000000952e+00,2.769876081446096538e+00,6.858042698839069473e+00
9.073000000000000398e+00,2.769876081235329135e+00,6.858042698784689861e+00
9.073999999999999844e+00,2.769876081024990722e+00,6.858042698730418607e+00
9.075000000000001066e+00,2.769876080815075081e+00,6.858042698676260152e+00
9.076000000000000512e+00,2.769876080605588431e+00,6.858042698622208277e+00
9.076999999999999957e+00,2.769876080396522777e+00,6.858042698568268314e+00
9.077999999999999403e+00,2.769876080187882561e+00,6.858042698514435820e+00
9.079000000000000625e+00,2.769876079979663785e+00,6.858042698460712572e+00
9.080000000000000071e+00,2.769876079771866451e+00,6.858042698407098570e+00
9.080999999999999517e+00,2.769876079564492333e+00,6.858042698353593813e+00
9.082000000000000739e+00,2.769876079357536103e+00,6.858042698300196527e+00
9.083000000000000185e+00,2.769876079151001758e+00,6.858042698246908486e+00
9.083999999999999631e+00,2.769876078944885300e+00,6.858042698193727915e+00
9.085000000000000853e+00,2.769876078739185399e+00,6.858042698140654814e+00
9.086000000000000298e+00,2.769876078533901609e+00,6.858042698087687405e+00
9.086999999999999744e+00,2.769876078329034375e+00,6.858042698034830131e+00
9.088000000000000966e+00,2.769876078124581475e+00,6.858042697982079439e+00
9.089000000000000412e+00,2.769876077920543356e+00,6.858042697929435327e+00
9.089999999999999858e+00,2.769876077716921348e+00,6.858042697876897797e+00
9.090999999999999304e+00,2.769876077513709234e+00,6.858042697824466849e+00
9.092000000000000526e+00,2.769876077310909679e+00,6.858042697772141594e+00
9.092999999999999972e+00,2.769876077108519130e+00,6.858042697719923808e+00
9.093999999999999417e+00,2.769876076906540252e+00,6.858042697667809051e+00
9.095000000000000639e+00,2.769876076704970824e+00,6.858042697615801764e+00
9.096000000000000085e+00,2.769876076503808626e+00,6.858042697563900170e+00
9.096999999999999531e+00,2.769876076303054102e+00,6.858042697512102492e+00
9.098000000000000753e+00,2.769876076102707696e+00,6.858042697460410508e+00
9.099000000000000199e+00,2.769876075902766743e+00,6.858042697408823329e+00
9.099999999999999645e+00,2.769876075703228580e+00,6.858042697357340955e+00
9.101000000000000867e+00,2.769876075504098090e+00,6.858042697305962498e+00
9.102000000000000313e+00,2.769876075305368168e+00,6.858042697254687070e+00
9.102999999999999758e+00,2.769876075107044144e+00,6.858042697203517335e+00
9.104000000000000981e+00,2.769876074909118913e+00,6.858042697152450629e+00
9.105000000000000426e+00,2.769876074711594693e+00,6.858042697101486951e+00
9.105999999999999872e+00,2.769876074514474595e+00,6.858042697050626302e+00
9.106999999999999318e+00,2.769876074317750181e+00,6.858042696999869570e+00
9.108000000000000540e+00,2.769876074121424558e+00,6.858042696949214978e+00
9.108999999999999986e+00,2.769876073925497728e+00,6.858042696898664303e+00
9.109999999999999432e+00,2.769876073729966581e+00,6.858042696848213993e+00
9.111000000000000654e+00,2.769876073534832894e+00,6.858042696797866711e+00
9.112000000000000099e+00,2.769876073340094447e+00,6.858042696747622458e+00
9.112999999999999545e+00,2.769876073145749906e+00,6.858042696697479457e+00
9.114000000000000767e+00,2.769876072951799273e+00,6.858042696647437708e+00
9.115000000000000213e+00,2.769876072758242103e+00,6.858042696597497212e+00
9.115999999999999659e+00,2.769876072565075731e+00,6.858042696547657968e+00
9.117000000000000881e+00,2.769876072372302822e+00,6.858042696497920865e+00
9.118000000000000327e+00,2.769876072179920268e+00,6.858042696448282349e+00
9.118999999999999773e+00,2.769876071987924515e+00,6.858042696398745974e+00
9.120000000000000995e+00,2.769876071796320893e+00,6.858042696349310852e+00
9.121000000000000441e+00,2.769876071605104073e+00,6.858042696299973429e+00
9.121999999999999886e+00,2.769876071414275831e+00,6.858042696250737258e+00
9.122999999999999332e+00,2.769876071223832614e+00,6.858042696201601451e+00
9.124000000000000554e+00,2.769876071033776199e+00,6.858042696152564233e+00
9.125000000000000000e+00,2.769876070844104810e+00,6.858042696103626490e+00
9.125999999999999446e+00,2.769876070654817113e+00,6.858042696054787335e+00
9.127000000000000668e+00,2.769876070465912665e+00,6.858042696006047656e+00
9.128000000000000114e+00,2.769876070277391467e+00,6.858042695957407453e+00
9.128999999999999559e+00,2.769876070089253961e+00,6.858042695908865838e+00
9.130000000000000782e+00,2.769876069901496152e+00,6.858042695860421922e+00
9.131000000000000227e+00,2.769876069714118483e+00,6.858042695812076595e+00
9.131999999999999673e+00,2.769876069527120066e+00,6.858042695763828078e+00
9.133000000000000895e+00,2.769876069340502234e+00,6.858042695715678150e+00
9.134000000000000341e+00,2.769876069154260545e+00,6.858042695667626809e+00
9.134999999999999787e+00,2.769876068968395444e+00,6.858042695619670504e+00
9.136000000000001009e+00,2.769876068782910039e+00,6.858042695571812786e+00
9.137000000000000455e+00,2.769876068597797669e+00,6.858042695524052768e+00
9.137999999999999901e+00,2.769876068413061887e+00,6.858042695476387784e+00
9.138999999999999346e+00,2.769876068228700472e+00,6.858042695428820501e+00
9.140000000000000568e+00,2.769876068044712536e+00,6.858042695381349141e+00
9.141000000000000014e+00,2.769876067861095414e+00,6.858042695333973704e+00
9.141999999999999460e+00,2.769876067677853104e+00,6.858042695286694190e+00
9.143000000000000682e+00,2.769876067494980276e+00,6.858042695239510600e+00
9.144000000000000128e+00,2.769876067312478707e+00,6.858042695192423821e+00
9.144999999999999574e+00,2.769876067130346620e+00,6.858042695145431189e+00
9.146000000000000796e+00,2.769876066948582238e+00,6.858042695098535368e+00
9.147000000000000242e+00,2.769876066767189116e+00,6.858042695051731030e+00
9.147999999999999687e+00,2.769876066586160146e+00,6.858042695005025280e+00
9.149000000000000909e+00,2.769876066405499326e+00,6.858042694958412788e+00
9.150000000000000355e+00,2.769876066225205768e+00,6.858042694911894444e+00
9.150999999999999801e+00,2.769876066045275476e+00,6.858042694865470246e+00
9.152000000000001023e+00,2.769876065865712444e+00,6.858042694819140195e+00
9.153000000000000469e+00,2.769876065686511790e+00,6.858042694772903403e+00
9.153999999999999915e+00,2.769876065507673957e+00,6.858042694726762534e+00
9.154999999999999361e+00,2.769876065329197168e+00,6.858042694680712259e+00
9.156000000000000583e+00,2.769876065151084088e+00,6.858042694634757908e+00
9.157000000000000028e+00,2.769876064973328944e+00,6.858042694588894150e+00
9.157999999999999474e+00,2.769876064795936177e+00,6.858042694543125428e+00
9.159000000000000696e+00,2.769876064618904010e+00,6.858042694497448188e+00
9.160000000000000142e+00,2.769876064442229335e+00,6.858042694451864207e+00
9.160999999999999588e+00,2.769876064265912152e+00,6.858042694406371709e+00
9.162000000000000810e+00,2.769876064089952017e+00,6.858042694360971581e+00
9.163000000000000256e+00,2.769876063914348041e+00,6.858042694315663823e+00
9.163999999999999702e+00,2.769876063739101113e+00,6.858042694270448436e+00
9.165000000000000924e+00,2.769876063564209456e+00,6.858042694225323643e+00
9.166000000000000369e+00,2.769876063389670406e+00,6.858042694180291221e+00
9.166999999999999815e+00,2.769876063215486628e+00,6.858042694135349393e+00
9.168000000000001037e+00,2.769876063041655456e+00,6.858042694090498159e+00
9.169000000000000483e+00,2.769876062868174227e+00,6.858042694045738408e+00
9.169999999999999929e+00,2.769876062695048713e+00,6.858042694001070139e+00
9.170999999999999375e+00,2.769876062522270477e+00,6.858042693956491576e+00
9.172000000000000597e+00,2.769876062349845736e+00,6.858042693912003607e+00
9.173000000000000043e+00,2.769876062177766496e+00,6.858042693867604456e+00
9.173999999999999488e+00,2.769876062006037643e+00,6.858042693823297675e+00
9.175000000000000711e+00,2.769876061834655623e+00,6.858042693779078824e+00
9.176000000000000156e+00,2.769876061663622213e+00,6.858042693734949680e+00
9.176999999999999602e+00,2.769876061492934305e+00,6.858042693690909353e+00
9.178000000000000824e+00,2.769876061322592786e+00,6.858042693646959620e+00
9.179000000000000270e+00,2.769876061152596769e+00,6.858042693603099593e+00
9.179999999999999716e+00,2.769876060982946253e+00,6.858042693559326608e+00
9.181000000000000938e+00,2.769876060813637242e+00,6.858042693515642441e+00
9.182000000000000384e+00,2.769876060644673288e+00,6.858042693472047979e+00
9.182999999999999829e+00,2.769876060476049506e+00,6.858042693428541448e+00
9.184000000000001052e+00,2.769876060307767673e+00,6.858042693385121957e+00
9.185000000000000497e+00,2.769876060139827345e+00,6.858042693341791285e+00
9.185999999999999943e+00,2.769876059972226745e+00,6.858042693298548542e+00
9.186999999999999389e+00,2.769876059804966761e+00,6.858042693255392841e+00
9.188000000000000611e+00,2.769876059638044730e+00,6.858042693212325069e+00
9.189000000000000057e+00,2.769876059471462426e+00,6.858042693169345227e+00
9.189999999999999503e+00,2.769876059305215410e+00,6.858042693126451539e+00
9.191000000000000725e+00,2.769876059139306346e+00,6.858042693083644892e+00
9.192000000000000171e+00,2.769876058973732125e+00,6.858042693040924398e+00
9.192999999999999616e+00,2.769876058808494523e+00,6.858042692998291834e+00
9.194000000000000838e+00,2.769876058643591765e+00,6.858042692955743647e+00
9.195000000000000284e+00,2.769876058479023850e+00,6.858042692913284277e+00
9.195999999999999730e+00,2.769876058314789002e+00,6.858042692870909285e+00
9.197000000000000952e+00,2.769876058150886777e+00,6.858042692828620446e+00
9.198000000000000398e+00,2.769876057987316287e+00,6.858042692786417760e+00
9.198999999999999844e+00,2.769876057824077087e+00,6.858042692744300339e+00
9.200000000000001066e+00,2.769876057661167401e+00,6.858042692702268184e+00
9.201000000000000512e+00,2.769876057498589450e+00,6.858042692660319517e+00
9.201999999999999957e+00,2.769876057336340569e+00,6.858042692618457004e+00
9.202999999999999403e+00,2.769876057174421646e+00,6.858042692576679755e+00
9.204000000000000625e+00,2.769876057012828685e+00,6.858042692534986884e+00
9.205000000000000071e+00,2.769876056851563462e+00,6.858042692493380166e+00
9.205999999999999517e+00,2.769876056690626420e+00,6.858042692451855160e+00
9.207000000000000739e+00,2.769876056530015340e+00,6.858042692410415420e+00
9.208000000000000185e+00,2.769876056369728445e+00,6.858042692369059168e+00
9.208999999999999631e+00,2.769876056209766180e+00,6.858042692327788181e+00
9.210000000000000853e+00,2.769876056050129876e+00,6.858042692286598907e+00
9.211000000000000298e+00,2.769876055890814648e+00,6.858042692245493122e+00
9.211999999999999744e+00,2.769876055731823605e+00,6.858042692204472601e+00
9.213000000000000966e+00,2.769876055573152307e+00,6.858042692163533793e+00
9.214000000000000412e+00,2.769876055414804750e+00,6.858042692122677586e+00
9.214999999999999858e+00,2.769876055256778269e+00,6.858042692081904868e+00
9.216000000000001080e+00,2.769876055099071088e+00,6.858042692041214750e+00
9.217000000000000526e+00,2.769876054941683208e+00,6.858042692000607232e+00
9.217999999999999972e+00,2.769876054784614627e+00,6.858042691960081427e+00
9.218999999999999417e+00,2.769876054627864903e+00,6.858042691919637335e+00
9.220000000000000639e+00,2.769876054471432703e+00,6.858042691879274955e+00
9.221000000000000085e+00,2.769876054315316249e+00,6.858042691838996952e+00
9.221999999999999531e+00,2.769876054159517320e+00,6.858042691798797996e+00
9.223000000000000753e+00,2.769876054004034138e+00,6.858042691758681642e+00
9.224000000000000199e+00,2.769876053848864927e+00,6.858042691718646111e+00
9.224999999999999645e+00,2.769876053694009244e+00,6.858042691678691405e+00
9.226000000000000867e+00,2.769876053539469751e+00,6.858042691638818411e+00
9.227000000000000313e+00,2.769876053385240677e+00,6.858042691599025353e+00
9.227999999999999758e+00,2.769876053231325574e+00,6.858042691559314008e+00
9.229000000000000981e+00,2.769876053077724443e+00,6.858042691519681711e+00
9.230000000000000426e+00,2.769876052924430621e+00,6.858042691480131126e+00
9.230999999999999872e+00,2.769876052771448993e+00,6.858042691440659588e+00
9.231999999999999318e+00,2.769876052618777340e+00,6.858042691401267987e+00
9.233000000000000540e+00,2.769876052466415217e+00,6.858042691361956322e+00
9.233999999999999986e+00,2.769876052314361292e+00,6.858042691322724593e+00
9.234999999999999432e+00,2.769876052162616453e+00,6.858042691283573689e+00
9.236000000000000654e+00,2.769876052011178480e+00,6.858042691244500055e+00
9.237000000000000099e+00,2.769876051860047816e+00,6.858042691205506358e+00
9.237999999999999545e+00,2.769876051709222242e+00,6.858042691166592597e+00
9.239000000000000767e+00,2.769876051558703534e+00,6.858042691127756108e+00
9.240000000000000213e+00,2.769876051408488582e+00,6.858042691088999554e+00
9.240999999999999659e+00,2.769876051258579164e+00,6.858042691050319384e+00
9.242000000000000881e+00,2.769876051108973058e+00,6.858042691011720038e+00
9.243000000000000327e+00,2.769876050959668934e+00,6.858042690973197963e+00
9.243999999999999773e+00,2.769876050810668122e+00,6.858042690934754049e+00
9.245000000000000995e+00,2.769876050661967959e+00,6.858042690896387406e+00
9.246000000000000441e+00,2.769876050513569332e+00,6.858042690858098922e+00
9.246999999999999886e+00,2.769876050365474018e+00,6.858042690819888598e+00
9.247999999999999332e+00,2.769876050217677133e+00,6.858042690781754658e+00
9.249000000000000554e+00,2.769876050070179119e+00,6.858042690743697989e+00
9.250000000000000000e+00,2.769876049922980865e+00,6.858042690705720368e+00
9.250999999999999446e+00,2.769876049776079263e+00,6.858042690667817354e+00
9.252000000000000668e+00,2.769876049629477865e+00,6.858042690629992499e+00
9.253000000000000114e+00,2.769876049483171343e+00,6.858042690592244028e+00
9.253999999999999559e+00,2.769876049337162804e+00,6.858042690554571941e+00
9.255000000000000782e+00,2.769876049191447809e+00,6.858042690516975348e+00
9.256000000000000227e+00,2.769876049046029465e+00,6.858042690479456027e+00
9.256999999999999673e+00,2.769876048900904220e+00,6.858042690442012201e+00
9.258000000000000895e+00,2.769876048756077402e+00,6.858042690404643871e+00
9.259000000000000341e+00,2.769876048611538355e+00,6.858042690367352812e+00
9.259999999999999787e+00,2.769876048467296403e+00,6.858042690330135471e+00
9.261000000000001009e+00,2.769876048323345330e+00,6.858042690292994514e+00
9.262000000000000455e+00,2.769876048179686023e+00,6.858042690255928164e+00
9.262999999999999901e+00,2.769876048036316263e+00,6.858042690218936421e+00
9.263999999999999346e+00,2.769876047893238269e+00,6.858042690182021062e+00
9.265000000000000568e+00,2.769876047750451153e+00,6.858042690145180309e+00
9.266000000000000014e+00,2.769876047607952252e+00,6.858042690108414163e+00
9.266999999999999460e+00,2.769876047465741564e+00,6.858042690071720848e+00
9.268000000000000682e+00,2.769876047323820423e+00,6.858042690035104805e+00
9.269000000000000128e+00,2.769876047182185275e+00,6.858042689998561592e+00
9.269999999999999574e+00,2.769876047040836564e+00,6.858042689962092098e+00
9.271000000000000796e+00,2.769876046899777400e+00,6.858042689925696322e+00
9.272000000000000242e+00,2.769876046759001120e+00,6.858042689889374266e+00
9.272999999999999687e+00,2.769876046618509502e+00,6.858042689853126817e+00
9.274000000000000909e+00,2.769876046478305653e+00,6.858042689816951309e+00
9.275000000000000355e+00,2.769876046338382913e+00,6.858042689780849521e+00
9.275999999999999801e+00,2.769876046198746167e+00,6.858042689744822340e+00
9.277000000000001023e+00,2.769876046059390973e+00,6.858042689708866213e+00
9.278000000000000469e+00,2.769876045920319552e+00,6.858042689672983805e+00
9.278999999999999915e+00,2.769876045781527907e+00,6.858042689637173339e+00
9.279999999999999361e+00,2.769876045643017370e+00,6.858042689601435704e+00
9.281000000000000583e+00,2.769876045504789275e+00,6.858042689565772676e+00
9.282000000000000028e+00,2.769876045366838735e+00,6.858042689530179814e+00
9.282999999999999474e+00,2.769876045229169303e+00,6.858042689494658006e+00
9.284000000000000696e+00,2.769876045091779204e+00,6.858042689459210806e+00
9.285000000000000142e+00,2.769876044954666661e+00,6.858042689423833771e+00
9.285999999999999588e+00,2.769876044817831673e+00,6.858042689388529567e+00
9.287000000000000810e+00,2.769876044681274241e+00,6.858042689353295529e+00
9.288000000000000256e+00,2.769876044544992588e+00,6.858042689318132545e+00
9.288999999999999702e+00,2.769876044408988935e+00,6.858042689283043281e+00
9.290000000000000924e+00,2.769876044273260618e+00,6.858042689248022405e+00
9.291000000000000369e+00,2.769876044137806304e+00,6.858042689213073473e+00
9.291999999999999815e+00,2.769876044002628213e+00,6.858042689178195594e+00
9.293000000000001037e+00,2.769876043867721904e+00,6.858042689143388770e+00
9.294000000000000483e+00,2.769876043733090043e+00,6.858042689108652112e+00
9.294999999999999929e+00,2.769876043598729076e+00,6.858042689073984732e+00
9.295999999999999375e+00,2.769876043464641668e+00,6.858042689039389295e+00
9.297000000000000597e+00,2.769876043330826931e+00,6.858042689004862247e+00
9.298000000000000043e+00,2.769876043197280868e+00,6.858042688970408030e+00
9.298999999999999488e+00,2.769876043064007476e+00,6.858042688936021314e+00
9.300000000000000711e+00,2.769876042931004534e+00,6.858042688901703876e+00
9.301000000000000156e+00,2.769876042798268490e+00,6.858042688867456604e+00
9.301999999999999602e+00,2.769876042665803340e+00,6.858042688833279499e+00
9.303000000000000824e+00,2.769876042533606864e+00,6.858042688799170783e+00
9.304000000000000270e+00,2.769876042401675953e+00,6.858042688765130457e+00
9.304999999999999716e+00,2.769876042270014160e+00,6.858042688731159409e+00
9.306000000000000938e+00,2.769876042138619265e+00,6.858042688697258527e+00
9.307000000000000384e+00,2.769876042007491268e+00,6.858042688663426034e+00
9.307999999999999829e+00,2.769876041876627060e+00,6.858042688629661932e+00
9.309000000000001052e+00,2.769876041746027084e+00,6.858042688595965330e+00
9.310000000000000497e+00,2.769876041615695339e+00,6.858042688562338007e+00
9.310999999999999943e+00,2.769876041485624274e+00,6.858042688528779074e+00
9.311999999999999389e+00,2.769876041355820107e+00,6.858042688495286754e+00
9.313000000000000611e+00,2.769876041226277508e+00,6.858042688461862824e+00
9.314000000000000057e+00,2.769876041096995589e+00,6.858042688428508171e+00
9.314999999999999503e+00,2.769876040967975683e+00,6.858042688395218356e+00
9.316000000000000725e+00,2.769876040839219122e+00,6.858042688361997818e+00
9.317000000000000171e+00,2.769876040710723242e+00,6.858042688328844783e+00
9.317999999999999616e+00,2.769876040582487153e+00,6.858042688295758360e+00
9.319000000000000838e+00,2.769876040454509525e+00,6.858042688262737663e+00
9.320000000000000284e+00,2.769876040326792577e+00,6.858042688229784467e+00
9.320999999999999730e+00,2.769876040199335421e+00,6.858042688196900549e+00
9.322000000000000952e+00,2.769876040072134948e+00,6.858042688164080580e+00
9.323000000000000398e+00,2.769876039945191160e+00,6.858042688131328113e+00
9.323999999999999844e+00,2.769876039818506275e+00,6.858042688098641371e+00
9.325000000000001066e+00,2.769876039692078074e+00,6.858042688066020354e+00
9.326000000000000512e+00,2.769876039565906112e+00,6.858042688033466838e+00
9.326999999999999957e+00,2.769876039439987725e+00,6.858042688000979936e+00
9.327999999999999403e+00,2.769876039314326022e+00,6.858042687968556095e+00
9.329000000000000625e+00,2.769876039188921446e+00,6.858042687936199755e+00
9.330000000000000071e+00,2.769876039063767781e+00,6.858042687903910029e+00
9.330999999999999517e+00,2.769876038938867691e+00,6.858042687871683363e+00
9.332000000000000739e+00,2.769876038814222952e+00,6.858042687839523310e+00
9.333000000000000185e+00,2.769876038689827347e+00,6.858042687807428095e+00
9.333999999999999631e+00,2.769876038565685317e+00,6.858042687775398605e+00
9.335000000000000853e+00,2.769876038441795085e+00,6.858042687743433063e+00
9.336000000000000298e+00,2.769876038318156208e+00,6.858042687711532359e+00
9.336999999999999744e+00,2.769876038194766910e+00,6.858042687679697380e+00
9.338000000000000966e+00,2.769876038071629409e+00,6.858042687647926350e+00
9.339000000000000412e+00,2.769876037948739711e+00,6.858042687616218380e+00
9.339999999999999858e+00,2.769876037826100035e+00,6.858042687584575248e+00
9.341000000000001080e+00,2.769876037703706384e+00,6.858042687552996952e+00
9.342000000000000526e+00,2.769876037581562755e+00,6.858042687521481717e+00
9.342999999999999972e+00,2.769876037459667373e+00,6.858042687490032208e+00
9.343999999999999417e+00,2.769876037338016683e+00,6.858042687458645759e+00
9.345000000000000639e+00,2.769876037216615128e+00,6.858042687427320594e+00
9.346000000000000085e+00,2.769876037095456933e+00,6.858042687396061154e+00
9.346999999999999531e+00,2.769876036974545208e+00,6.858042687364863887e+00
9.348000000000000753e+00,2.769876036853879508e+00,6.858042687333731457e+00
9.349000000000000199e+00,2.769876036733456726e+00,6.858042687302661200e+00
9.349999999999999645e+00,2.769876036613278636e+00,6.858042687271654003e+00
9.351000000000000867e+00,2.769876036493344795e+00,6.858042687240709867e+00
9.352000000000000313e+00,2.769876036373652539e+00,6.858042687209827015e+00
9.352999999999999758e+00,2.769876036254202756e+00,6.858042687179006336e+00
9.354000000000000981e+00,2.769876036134996333e+00,6.858042687148250494e+00
9.355000000000000426e+00,2.769876036016030607e+00,6.858042687117556824e+00
9.355999999999999872e+00,2.769876035897304245e+00,6.858042687086923550e+00
9.356999999999999318e+00,2.769876035778820800e+00,6.858042687056353337e+00
9.358000000000000540e+00,2.769876035660578939e+00,6.858042687025844408e+00
9.358999999999999986e+00,2.769876035542574222e+00,6.858042686995398540e+00
9.359999999999999432e+00,2.769876035424807093e+00,6.858042686965013068e+00
9.361000000000000654e+00,2.769876035307281548e+00,6.858042686934689769e+00
9.362000000000000099e+00,2.769876035189993591e+00,6.858042686904428642e+00
9.362999999999999545e+00,2.769876035072941001e+00,6.858042686874227023e+00
9.364000000000000767e+00,2.769876034956128219e+00,6.858042686844087577e+00
9.365000000000000213e+00,2.769876034839551693e+00,6.858042686814010302e+00
9.365999999999999659e+00,2.769876034723208758e+00,6.858042686783991648e+00
9.367000000000000881e+00,2.769876034607103854e+00,6.858042686754035167e+00
9.368000000000000327e+00,2.769876034491234762e+00,6.858042686724139969e+00
9.368999999999999773e+00,2.769876034375597929e+00,6.858042686694304280e+00
9.370000000000000995e+00,2.769876034260199127e+00,6.858042686664529874e+00
9.371000000000000441e+00,2.769876034145030808e+00,6.858042686634814977e+00
9.371999999999999886e+00,2.769876034030096523e+00,6.858042686605160476e+00
9.372999999999999332e+00,2.769876033915394942e+00,6.858042686575566371e+00
9.374000000000000554e+00,2.769876033800925619e+00,6.858042686546031774e+00
9.375000000000000000e+00,2.769876033686690775e+00,6.858042686516556685e+00
9.375999999999999446e+00,2.769876033572686413e+00,6.858042686487142880e+00
9.377000000000000668e+00,2.769876033458909426e+00,6.858042686457787696e+00
9.378000000000000114e+00,2.769876033345366473e+00,6.858042686428491130e+00
9.378999999999999559e+00,2.769876033232052670e+00,6.858042686399254961e+00
9.380000000000000782e+00,2.769876033118969350e+00,6.858042686370078300e+00
9.381000000000000227e+00,2.769876033006113403e+00,6.858042686340960259e+00
9.381999999999999673e+00,2.769876032893486606e+00,6.858042686311900837e+00
9.383000000000000895e+00,2.769876032781088515e+00,6.858042686282900924e+00
9.384000000000000341e+00,2.769876032668918242e+00,6.858042686253959630e+00
9.384999999999999787e+00,2.769876032556976231e+00,6.858042686225076956e+00
9.386000000000001009e+00,2.769876032445258485e+00,6.858042686196253790e+00
9.387000000000000455e+00,2.769876032333767668e+00,6.858042686167487467e+00
9.387999999999999901e+00,2.769876032222506002e+00,6.858042686138780653e+00
9.388999999999999346e+00,2.769876032111466380e+00,6.858042686110129793e+00
9.390000000000000568e+00,2.769876032000650579e+00,6.858042686081538442e+00
9.391000000000000014e+00,2.769876031890061707e+00,6.858042686053004822e+00
9.391999999999999460e+00,2.769876031779695325e+00,6.858042686024529822e+00
9.393000000000000682e+00,2.769876031669554095e+00,6.858042685996111665e+00
9.394000000000000128e+00,2.769876031559637131e+00,6.858042685967752128e+00
9.394999999999999574e+00,2.769876031449939990e+00,6.858042685939448546e+00
9.396000000000000796e+00,2.769876031340466671e+00,6.858042685911202696e+00
9.397000000000000242e+00,2.769876031231215840e+00,6.858042685883014578e+00
9.397999999999999687e+00,2.769876031122184834e+00,6.858042685854883302e+00
9.399000000000000909e+00,2.769876031013375872e+00,6.858042685826809759e+00
9.400000000000000355e+00,2.769876030904785846e+00,6.858042685798793059e+00
9.400999999999999801e+00,2.769876030796417421e+00,6.858042685770831426e+00
9.402000000000001023e+00,2.769876030688267932e+00,6.858042685742927524e+00
9.403000000000000469e+00,2.769876030580336934e+00,6.858042685715080466e+00
9.403999999999999915e+00,2.769876030472626205e+00,6.858042685687289364e+00
9.404999999999999361e+00,2.769876030365132191e+00,6.858042685659555104e+00
9.406000000000000583e+00,2.769876030257857114e+00,6.858042685631875912e+00
9.407000000000000028e+00,2.769876030150798751e+00,6.858042685604253563e+00
9.407999999999999474e+00,2.769876030043957105e+00,6.858042685576688058e+00
9.409000000000000696e+00,2.769876029937330397e+00,6.858042685549177619e+00
9.410000000000000142e+00,2.769876029830922626e+00,6.858042685521722248e+00
9.410999999999999588e+00,2.769876029724728017e+00,6.858042685494322832e+00
9.412000000000000810e+00,2.769876029618750124e+00,6.858042685466979371e+00
9.413000000000000256e+00,2.769876029512987614e+00,6.858042685439690977e+00
9.413999999999999702e+00,2.769876029407438267e+00,6.858042685412457651e+00
9.415000000000000924e+00,2.769876029302102527e+00,6.858042685385279391e+00
9.416000000000000369e+00,2.769876029196981726e+00,6.858042685358157087e+00
9.416999999999999815e+00,2.769876029092070979e+00,6.858042685331089849e+00
9.418000000000001037e+00,2.769876028987375172e+00,6.858042685304076791e+00
9.419000000000000483e+00,2.769876028882891195e+00,6.858042685277117911e+00
9.419999999999999929e+00,2.769876028778618604e+00,6.858042685250214099e+00
9.420999999999999375e+00,2.769876028674557844e+00,6.858042685223366242e+00
9.422000000000000597e+00,2.769876028570704918e+00,6.858042685196571675e+00
9.423000000000000043e+00,2.769876028467065598e+00,6.858042685169831287e+00
9.423999999999999488e+00,2.769876028363636333e+00,6.858042685143144190e+00
9.425000000000000711e+00,2.769876028260414902e+00,6.858042685116512160e+00
9.426000000000000156e+00,2.769876028157403525e+00,6.858042685089933421e+00
9.426999999999999602e+00,2.769876028054602202e+00,6.858042685063409749e+00
9.428000000000000824e+00,2.769876027952006936e+00,6.858042685036938479e+00
9.429000000000000270e+00,2.769876027849620392e+00,6.858042685010521389e+00
9.429999999999999716e+00,2.769876027747439906e+00,6.858042684984158477e+00
9.431000000000000938e+00,2.769876027645469474e+00,6.858042684957847968e+00
9.432000000000000384e+00,2.769876027543701991e+00,6.858042684931591637e+00
9.432999999999999829e+00,2.769876027442142341e+00,6.858042684905387709e+00
9.434000000000001052e+00,2.769876027340789637e+00,6.858042684879237072e+00
9.435000000000000497e+00,2.769876027239641214e+00,6.858042684853140614e+00
9.435999999999999943e+00,2.769876027138697516e+00,6.858042684827093893e+00
9.436999999999999389e+00,2.769876027037958988e+00,6.858042684801103128e+00
9.438000000000000611e+00,2.769876026937424740e+00,6.858042684775164766e+00
9.439000000000000057e+00,2.769876026837093441e+00,6.858042684749277029e+00
9.439999999999999503e+00,2.769876026736965091e+00,6.858042684723443472e+00
9.441000000000000725e+00,2.769876026637039690e+00,6.858042684697661429e+00
9.442000000000000171e+00,2.769876026537317681e+00,6.858042684671931788e+00
9.442999999999999616e+00,2.769876026437798178e+00,6.858042684646253662e+00
9.444000000000000838e+00,2.769876026338478514e+00,6.858042684620627938e+00
9.445000000000000284e+00,2.769876026239361355e+00,6.858042684595054617e+00
9.445999999999999730e+00,2.769876026140444036e+00,6.858042684569533698e+00
9.447000000000000952e+00,2.769876026041727890e+00,6.858042684544063405e+00
9.448000000000000398e+00,2.769876025943211140e+00,6.858042684518644627e+00
9.448999999999999844e+00,2.769876025844895562e+00,6.858042684493279140e+00
9.450000000000001066e+00,2.769876025746778048e+00,6.858042684467962502e+00
9.451000000000000512e+00,2.769876025648858153e+00,6.858042684442698267e+00
9.451999999999999957e+00,2.769876025551137655e+00,6.858042684417485546e+00
9.452999999999999403e+00,2.769876025453615220e+00,6.858042684392323451e+00
9.454000000000000625e+00,2.769876025356291738e+00,6.858042684367211983e+00
9.455000000000000071e+00,2.769876025259162766e+00,6.858042684342151141e+00
9.455999999999999517e+00,2.769876025162231858e+00,6.858042684317142701e+00
9.457000000000000739e+00,2.769876025065498570e+00,6.858042684292183999e+00
9.458000000000000185e+00,2.769876024968959349e+00,6.858042684267275924e+00
9.458999999999999631e+00,2.769876024872616416e+00,6.858042684242417586e+00
9.460000000000000853e+00,2.769876024776469325e+00,6.858042684217611651e+00
9.461000000000000298e+00,2.769876024680514526e+00,6.858042684192854566e+00
9.461999999999999744e+00,2.769876024584756014e+00,6.858042684168147218e+00
9.463000000000000966e+00,2.769876024489192012e+00,6.858042684143490497e+00
9.464000000000000412e+00,2.769876024393820302e+00,6.858042684118883514e+00
9.464999999999999858e+00,2.769876024298643102e+00,6.858042684094326269e+00
9.466000000000001080e+00,2.769876024203658194e+00,6.858042684069818762e+00
9.467000000000000526e+00,2.769876024108866019e+00,6.858042684045360993e+00
9.467999999999999972e+00,2.769876024014266580e+00,6.858042684020953850e+00
9.468999999999999417e+00,2.769876023919857655e+00,6.858042683996594668e+00
9.470000000000000639e+00,2.769876023825641020e+00,6.858042683972285225e+00
9.471000000000000085e+00,2.769876023731614012e+00,6.858042683948025520e+00
9.471999999999999531e+00,2.769876023637779294e+00,6.858042683923814664e+00
9.473000000000000753e+00,2.769876023544131982e+00,6.858042683899653547e+00
9.474000000000000199e+00,2.769876023450675628e+00,6.858042683875540391e+00
9.474999999999999645e+00,2.769876023357408013e+00,6.858042683851476085e+00
9.476000000000000867e+00,2.769876023264331355e+00,6.858042683827460628e+00
9.477000000000000313e+00,2.769876023171442103e+00,6.858042683803494022e+00
9.477999999999999758e+00,2.769876023078740257e+00,6.858042683779576265e+00
9.479000000000000981e+00,2.769876022986227593e+00,6.858042683755706470e+00
9.480000000000000426e+00,2.769876022893900558e+00,6.858042683731885525e+00
9.480999999999999872e+00,2.769876022801764037e+00,6.858042683708112541e+00
9.481999999999999318e+00,2.769876022709810037e+00,6.858042683684387519e+00
9.483000000000000540e+00,2.769876022618044775e+00,6.858042683660710459e+00
9.483999999999999986e+00,2.769876022526463366e+00,6.858042683637082249e+00
9.484999999999999432e+00,2.769876022435071139e+00,6.858042683613502000e+00
9.486000000000000654e+00,2.769876022343861433e+00,6.858042683589968824e+00
9.487000000000000099e+00,2.769876022252836911e+00,6.858042683566481834e+00
9.487999999999999545e+00,2.769876022161996243e+00,6.858042683543044582e+00
9.489000000000000767e+00,2.769876022071339872e+00,6.858042683519655291e+00
9.490000000000000213e+00,2.769876021980868686e+00,6.858042683496311298e+00
9.490999999999999659e+00,2.769876021890577800e+00,6.858042683473017043e+00
9.492000000000000881e+00,2.769876021800472987e+00,6.858042683449767196e+00
9.493000000000000327e+00,2.769876021710548475e+00,6.858042683426566200e+00
9.493999999999999773e+00,2.769876021620809592e+00,6.858042683403413164e+00
9.495000000000000995e+00,2.769876021531249233e+00,6.858042683380304538e+00
9.496000000000000441e+00,2.769876021441870950e+00,6.858042683357243874e+00
9.496999999999999886e+00,2.769876021352674744e+00,6.858042683334230283e+00
9.497999999999999332e+00,2.769876021263657506e+00,6.858042683311261989e+00
9.499000000000000554e+00,2.769876021174820568e+00,6.858042683288341657e+00
9.500000000000000000e+00,2.769876021086165707e+00,6.858042683265467510e+00
9.500999999999999446e+00,2.769876020997689814e+00,6.858042683242640436e+00
9.502000000000000668e+00,2.769876020909392444e+00,6.858042683219858660e+00
9.503000000000000114e+00,2.769876020821273599e+00,6.858042683197122180e+00
9.503999999999999559e+00,2.769876020733335498e+00,6.858042683174432774e+00
9.505000000000000782e+00,2.769876020645573700e+00,6.858042683151789554e+00
9.506000000000000227e+00,2.769876020557991314e+00,6.858042683129191630e+00
9.506999999999999673e+00,2.769876020470583455e+00,6.858042683106639892e+00
9.508000000000000895e+00,2.769876020383355009e+00,6.858042683084133451e+00
9.509000000000000341e+00,2.769876020296302865e+00,6.858042683061673195e+00
9.509999999999999787e+00,2.769876020209427914e+00,6.858042683039258236e+00
9.511000000000001009e+00,2.769876020122726601e+00,6.858042683016888574e+00
9.512000000000000455e+00,2.769876020036202036e+00,6.858042682994563322e+00
9.512999999999999901e+00,2.769876019949854218e+00,6.858042682972284254e+00
9.513999999999999346e+00,2.769876019863678707e+00,6.858042682950051372e+00
9.515000000000000568e+00,2.769876019777679499e+00,6.858042682927862899e+00
9.516000000000000014e+00,2.769876019691854374e+00,6.858042682905717946e+00
9.516999999999999460e+00,2.769876019606202000e+00,6.858042682883619179e+00
9.518000000000000682e+00,2.769876019520723709e+00,6.858042682861564820e+00
9.519000000000000128e+00,2.769876019435420389e+00,6.858042682839554871e+00
9.519999999999999574e+00,2.769876019350288932e+00,6.858042682817590219e+00
9.521000000000000796e+00,2.769876019265330669e+00,6.858042682795669087e+00
9.522000000000000242e+00,2.769876019180542492e+00,6.858042682773794141e+00
9.522999999999999687e+00,2.769876019095927955e+00,6.858042682751961827e+00
9.524000000000000909e+00,2.769876019011481727e+00,6.858042682730173922e+00
9.525000000000000355e+00,2.769876018927210470e+00,6.858042682708429538e+00
9.525999999999999801e+00,2.769876018843107524e+00,6.858042682686730451e+00
9.527000000000001023e+00,2.769876018759176439e+00,6.858042682665075773e+00
9.528000000000000469e+00,2.769876018675413665e+00,6.858042682643463728e+00
9.528999999999999915e+00,2.769876018591820976e+00,6.858042682621896091e+00
9.529999999999999361e+00,2.769876018508399707e+00,6.858042682600371975e+00
9.531000000000000583e+00,2.769876018425146746e+00,6.858042682578891380e+00
9.532000000000000028e+00,2.769876018342060764e+00,6.858042682557454306e+00
9.532999999999999474e+00,2.769876018259144423e+00,6.858042682536060752e+00
9.534000000000000696e+00,2.769876018176394616e+00,6.858042682514711608e+00
9.535000000000000142e+00,2.769876018093814896e+00,6.858042682493403319e+00
9.535999999999999588e+00,2.769876018011401708e+00,6.858042682472140328e+00
9.537000000000000810e+00,2.769876017929154610e+00,6.858042682450919081e+00
9.538000000000000256e+00,2.769876017847074490e+00,6.858042682429743131e+00
9.538999999999999702e+00,2.769876017765160903e+00,6.858042682408608037e+00
9.540000000000000924e+00,2.769876017683412073e+00,6.858042682387514688e+00
9.541000000000000369e+00,2.769876017601829776e+00,6.858042682366466636e+00
9.541999999999999815e+00,2.769876017520414013e+00,6.858042682345459440e+00
9.543000000000001037e+00,2.769876017439161231e+00,6.858042682324495765e+00
9.544000000000000483e+00,2.769876017358074982e+00,6.858042682303574722e+00
9.544999999999999929e+00,2.769876017277150382e+00,6.858042682282694535e+00
9.545999999999999375e+00,2.769876017196390094e+00,6.858042682261857870e+00
9.547000000000000597e+00,2.769876017115795008e+00,6.858042682241062948e+00
9.548000000000000043e+00,2.769876017035364679e+00,6.858042682220311548e+00
9.548999999999999488e+00,2.769876016955095555e+00,6.858042682199601003e+00
9.550000000000000711e+00,2.769876016874987634e+00,6.858042682178932203e+00
9.551000000000000156e+00,2.769876016795044471e+00,6.858042682158305148e+00
9.551999999999999602e+00,2.769876016715261180e+00,6.858042682137719837e+00
9.553000000000000824e+00,2.769876016635640870e+00,6.858042682117178046e+00
9.554000000000000270e+00,2.769876016556181764e+00,6.858042682096675335e+00
9.554999999999999716e+00,2.769876016476882530e+00,6.858042682076216146e+00
9.556000000000000938e+00,2.769876016397744500e+00,6.858042682055796924e+00
9.557000000000000384e+00,2.769876016318767675e+00,6.858042682035420334e+00
9.557999999999999829e+00,2.769876016239950278e+00,6.858042682015084601e+00
9.559000000000001052e+00,2.769876016161292753e+00,6.858042681994790613e+00
9.560000000000000497e+00,2.769876016082795100e+00,6.858042681974535704e+00
9.560999999999999943e+00,2.769876016004456432e+00,6.858042681954324316e+00
9.561999999999999389e+00,2.769876015926274082e+00,6.858042681934151119e+00
9.563000000000000611e+00,2.769876015848251605e+00,6.858042681914020555e+00
9.564000000000000057e+00,2.769876015770388555e+00,6.858042681893931736e+00
9.564999999999999503e+00,2.769876015692681825e+00,6.858042681873882884e+00
9.566000000000000725e+00,2.769876015615132747e+00,6.858042681853874889e+00
9.567000000000000171e+00,2.769876015537741321e+00,6.858042681833905974e+00
9.567999999999999616e+00,2.769876015460506213e+00,6.858042681813978803e+00
9.569000000000000838e+00,2.769876015383427426e+00,6.858042681794090711e+00
9.570000000000000284e+00,2.769876015306506289e+00,6.858042681774243476e+00
9.570999999999999730e+00,2.769876015229739252e+00,6.858042681754437986e+00
9.572000000000000952e+00,2.769876015153127202e+00,6.858042681734670687e+00
9.573000000000000398e+00,2.769876015076672804e+00,6.858042681714944244e+00
9.573999999999999844e+00,2.769876015000370728e+00,6.858042681695257770e+00
9.575000000000001066e+00,2.769876014924224972e+00,6.858042681675612151e+00
9.576000000000000512e+00,2.769876014848231982e+00,6.858042681656002948e+00
9.576999999999999957e+00,2.769876014772393535e+00,6.858042681636437266e+00
9.577999999999999403e+00,2.769876014696710964e+00,6.858042681616909775e+00
9.579000000000000625e+00,2.769876014621179383e+00,6.858042681597421364e+00
9.580000000000000071e+00,2.769876014545800569e+00,6.858042681577973809e+00
9.580999999999999517e+00,2.769876014470575853e+00,6.858042681558564446e+00
9.582000000000000739e+00,2.769876014395502128e+00,6.858042681539195051e+00
9.583000000000000185e+00,2.769876014320581170e+00,6.858042681519863848e+00
9.583999999999999631e+00,2.769876014245812978e+00,6.858042681500571724e+00
9.585000000000000853e+00,2.769876014171197109e+00,6.858042681481320457e+00
9.586000000000000298e+00,2.769876014096729122e+00,6.858042681462106493e+00
9.586999999999999744e+00,2.769876014022413457e+00,6.858042681442932498e+00
9.588000000000000966e+00,2.769876013948248783e+00,6.858042681423797582e+00
9.589000000000000412e+00,2.769876013874233323e+00,6.858042681404699970e+00
9.589999999999999858e+00,2.769876013800370629e+00,6.858042681385642325e+00
9.591000000000001080e+00,2.769876013726655373e+00,6.858042681366622872e+00
9.592000000000000526e+00,2.769876013653089331e+00,6.858042681347643388e+00
9.592999999999999972e+00,2.769876013579672058e+00,6.858042681328700318e+00
9.593999999999999417e+00,2.769876013506402668e+00,6.858042681309795441e+00
9.595000000000000639e+00,2.769876013433286044e+00,6.858042681290930531e+00
9.596000000000000085e+00,2.769876013360312861e+00,6.858042681272102037e+00
9.596999999999999531e+00,2.769876013287489336e+00,6.858042681253314399e+00
9.598000000000000753e+00,2.769876013214814581e+00,6.858042681234561400e+00
9.599000000000000199e+00,2.769876013142285931e+00,6.858042681215849257e+00
9.599999999999999645e+00,2.769876013069902942e+00,6.858042681197173529e+00
9.601000000000000867e+00,2.769876012997669168e+00,6.858042681178535993e+00
9.602000000000000313e+00,2.769876012925581055e+00,6.858042681159935761e+00
9.602999999999999758e+00,2.769876012853638603e+00,6.858042681141373720e+00
9.604000000000000981e+00,2.769876012781840036e+00,6.858042681122848983e+00
9.605000000000000426e+00,2.769876012710188906e+00,6.858042681104362437e+00
9.605999999999999872e+00,2.769876012638681662e+00,6.858042681085912307e+00
9.606999999999999318e+00,2.769876012567320522e+00,6.858042681067501256e+00
9.608000000000000540e+00,2.769876012496103268e+00,6.858042681049126621e+00
9.608999999999999986e+00,2.769876012425031675e+00,6.858042681030789289e+00
9.609999999999999432e+00,2.769876012354102190e+00,6.858042681012488373e+00
9.611000000000000654e+00,2.769876012283318367e+00,6.858042680994225648e+00
9.612000000000000099e+00,2.769876012212675320e+00,6.858042680975997563e+00
9.612999999999999545e+00,2.769876012142177935e+00,6.858042680957808557e+00
9.614000000000000767e+00,2.769876012071822657e+00,6.858042680939656854e+00
9.615000000000000213e+00,2.769876012001609933e+00,6.858042680921541567e+00
9.615999999999999659e+00,2.769876011931539317e+00,6.858042680903460919e+00
9.617000000000000881e+00,2.769876011861610809e+00,6.858042680885420239e+00
9.618000000000000327e+00,2.769876011791822634e+00,6.858042680867412422e+00
9.618999999999999773e+00,2.769876011722177012e+00,6.858042680849443684e+00
9.620000000000000995e+00,2.769876011652673942e+00,6.858042680831511362e+00
9.621000000000000441e+00,2.769876011583308983e+00,6.858042680813613678e+00
9.621999999999999886e+00,2.769876011514086578e+00,6.858042680795754187e+00
9.622999999999999332e+00,2.769876011445003172e+00,6.858042680777930222e+00
9.624000000000000554e+00,2.769876011376060099e+00,6.858042680760140897e+00
9.625000000000000000e+00,2.769876011307257357e+00,6.858042680742389763e+00
9.625999999999999446e+00,2.769876011238593616e+00,6.858042680724672380e+00
9.627000000000000668e+00,2.769876011170068431e+00,6.858042680706992300e+00
9.628000000000000114e+00,2.769876011101680469e+00,6.858042680689348636e+00
9.628999999999999559e+00,2.769876011033434615e+00,6.858042680671739610e+00
9.630000000000000782e+00,2.769876010965325985e+00,6.858042680654167000e+00
9.631000000000000227e+00,2.769876010897354135e+00,6.858042680636629029e+00
9.631999999999999673e+00,2.769876010829521285e+00,6.858042680619126585e+00
9.633000000000000895e+00,2.769876010761825658e+00,6.858042680601660557e+00
9.634000000000000341e+00,2.769876010694265034e+00,6.858042680584230055e+00
9.634999999999999787e+00,2.769876010626845186e+00,6.858042680566834193e+00
9.636000000000001009e+00,2.769876010559558566e+00,6.858042680549473857e+00
9.637000000000000455e+00,2.769876010492410945e+00,6.858042680532149049e+00
9.637999999999999901e+00,2.769876010425396551e+00,6.858042680514857992e+00
9.638999999999999346e+00,2.769876010358518048e+00,6.858042680497603349e+00
9.640000000000000568e+00,2.769876010291778101e+00,6.858042680480384234e+00
9.641000000000000014e+00,2.769876010225169605e+00,6.858042680463197094e+00
9.641999999999999460e+00,2.769876010158700552e+00,6.858042680446046369e+00
9.643000000000000682e+00,2.769876010092362950e+00,6.858042680428931170e+00
9.644000000000000128e+00,2.769876010026160351e+00,6.858042680411849723e+00
9.644999999999999574e+00,2.769876009960091867e+00,6.858042680394803803e+00
9.646000000000000796e+00,2.769876009894156610e+00,6.858042680377791633e+00
9.647000000000000242e+00,2.769876009828355468e+00,6.858042680360814103e+00
9.647999999999999687e+00,2.769876009762687108e+00,6.858042680343871211e+00
9.649000000000000909e+00,2.769876009697152863e+00,6.858042680326962959e+00
9.650000000000000355e+00,2.769876009631752289e+00,6.858042680310087569e+00
9.650999999999999801e+00,2.769876009566481390e+00,6.858042680293247706e+00
9.652000000000001023e+00,2.769876009501345937e+00,6.858042680276441594e+00
9.653000000000000469e+00,2.769876009436340603e+00,6.858042680259670121e+00
9.653999999999999915e+00,2.769876009371467163e+00,6.858042680242931510e+00
9.654999999999999361e+00,2.769876009306725617e+00,6.858042680226226651e+00
9.656000000000000583e+00,2.769876009242114190e+00,6.858042680209557318e+00
9.657000000000000028e+00,2.769876009177634657e+00,6.858042680192919960e+00
9.657999999999999474e+00,2.769876009113284798e+00,6.858042680176318129e+00
9.659000000000000696e+00,2.769876009049067278e+00,6.858042680159748272e+00
9.660000000000000142e+00,2.769876008984977656e+00,6.858042680143212166e+00
9.660999999999999588e+00,2.769876008921018595e+00,6.858042680126709811e+00
9.662000000000000810e+00,2.769876008857189209e+00,6.858042680110241207e+00
9.663000000000000256e+00,2.769876008793488609e+00,6.858042680093805465e+00
9.663999999999999702e+00,2.769876008729918127e+00,6.858042680077403475e+00
9.665000000000000924e+00,2.769876008666475542e+00,6.858042680061035234e+00
9.666000000000000369e+00,2.769876008603161743e+00,6.858042680044698969e+00
9.666999999999999815e+00,2.769876008539978063e+00,6.858042680028397342e+00
9.668000000000001037e+00,2.769876008476920504e+00,6.858042680012127690e+00
9.669000000000000483e+00,2.769876008413989954e+00,6.858042679995890012e+00
9.669999999999999929e+00,2.769876008351187746e+00,6.858042679979686973e+00
9.670999999999999375e+00,2.769876008288512548e+00,6.858042679963515020e+00
9.672000000000000597e+00,2.769876008225965247e+00,6.858042679947377707e+00
9.673000000000000043e+00,2.769876008163544512e+00,6.858042679931272367e+00
9.673999999999999488e+00,2.769876008101250786e+00,6.858042679915199891e+00
9.675000000000000711e+00,2.769876008039081849e+00,6.858042679899159388e+00
9.676000000000000156e+00,2.769876007977039478e+00,6.858042679883151749e+00
9.676999999999999602e+00,2.769876007915121896e+00,6.858042679867176084e+00
9.678000000000000824e+00,2.769876007853330879e+00,6.858042679851234169e+00
9.679000000000000270e+00,2.769876007791665096e+00,6.858042679835323341e+00
9.679999999999999716e+00,2.769876007730124101e+00,6.858042679819444487e+00
9.681000000000000938e+00,2.769876007668706119e+00,6.858042679803597608e+00
9.682000000000000384e+00,2.769876007607414703e+00,6.858042679787784479e+00
9.682999999999999829e+00,2.769876007546246743e+00,6.858042679772001549e+00
9.684000000000001052e+00,2.769876007485203573e+00,6.858042679756252369e+00
9.685000000000000497e+00,2.769876007424281639e+00,6.858042679740533387e+00
9.685999999999999943e+00,2.769876007363484938e+00,6.858042679724848156e+00
9.686999999999999389e+00,2.769876007302811249e+00,6.858042679709193123e+00
9.688000000000000611e+00,2.769876007242260574e+00,6.858042679693569177e+00
9.689000000000000057e+00,2.769876007181833355e+00,6.858042679677978981e+00
9.689999999999999503e+00,2.769876007121525596e+00,6.858042679662418095e+00
9.691000000000000725e+00,2.769876007061344847e+00,6.858042679646891848e+00
9.692000000000000171e+00,2.769876007001281781e+00,6.858042679631394911e+00
9.692999999999999616e+00,2.769876006941343505e+00,6.858042679615928172e+00
9.694000000000000838e+00,2.769876006881523356e+00,6.858042679600495184e+00
9.695000000000000284e+00,2.769876006821826220e+00,6.858042679585093282e+00
9.695999999999999730e+00,2.769876006762250764e+00,6.858042679569721578e+00
9.697000000000000952e+00,2.769876006702794768e+00,6.858042679554381849e+00
9.698000000000000398e+00,2.769876006643458677e+00,6.858042679539071429e+00
9.698999999999999844e+00,2.769876006584243822e+00,6.858042679523794760e+00
9.700000000000001066e+00,2.769876006525150203e+00,6.858042679508546513e+00
9.701000000000000512e+00,2.769876006466173379e+00,6.858042679493330240e+00
9.701999999999999957e+00,2.769876006407317348e+00,6.858042679478145054e+00
9.702999999999999403e+00,2.769876006348583442e+00,6.858042679462990066e+00
9.704000000000000625e+00,2.769876006289964998e+00,6.858042679447866163e+00
9.705000000000000071e+00,2.769876006231465126e+00,6.858042679432772459e+00
9.705999999999999517e+00,2.769876006173084715e+00,6.858042679417709842e+00
9.707000000000000739e+00,2.769876006114824207e+00,6.858042679402677422e+00
9.708000000000000185e+00,2.769876006056679607e+00,6.858042679387676088e+00
9.708999999999999631e+00,2.769876005998653135e+00,6.858042679372704065e+00
9.710000000000000853e+00,2.769876005940744346e+00,6.858042679357764015e+00
9.711000000000000298e+00,2.769876005882954129e+00,6.858042679342852388e+00
9.711999999999999744e+00,2.769876005825279819e+00,6.858042679327971847e+00
9.713000000000000966e+00,2.769876005767721416e+00,6.858042679313121504e+00
9.714000000000000412e+00,2.769876005710281142e+00,6.858042679298300470e+00
9.714999999999999858e+00,2.769876005652957218e+00,6.858042679283509635e+00
9.716000000000001080e+00,2.769876005595747870e+00,6.858042679268749886e+00
9.717000000000000526e+00,2.769876005538656649e+00,6.858042679254019447e+00
9.717999999999999972e+00,2.769876005481681336e+00,6.858042679239319206e+00
9.718999999999999417e+00,2.769876005424820598e+00,6.858042679224648275e+00
9.720000000000000639e+00,2.769876005368072214e+00,6.858042679210006654e+00
9.721000000000000085e+00,2.769876005311442402e+00,6.858042679195395230e+00
9.721999999999999531e+00,2.769876005254926721e+00,6.858042679180814005e+00
9.723000000000000753e+00,2.769876005198523838e+00,6.858042679166261202e+00
9.724000000000000199e+00,2.769876005142235531e+00,6.858042679151738596e+00
9.724999999999999645e+00,2.769876005086063575e+00,6.858042679137244413e+00
9.726000000000000867e+00,2.769876005030004418e+00,6.858042679122781315e+00
9.727000000000000313e+00,2.769876004974057615e+00,6.858042679108345752e+00
9.727999999999999758e+00,2.769876004918225831e+00,6.858042679093939498e+00
9.729000000000000981e+00,2.769876004862506402e+00,6.858042679079563442e+00
9.730000000000000426e+00,2.769876004806897996e+00,6.858042679065217584e+00
9.730999999999999872e+00,2.769876004751404164e+00,6.858042679050898371e+00
9.731999999999999318e+00,2.769876004696021354e+00,6.858042679036609357e+00
9.733000000000000540e+00,2.769876004640754896e+00,6.858042679022349652e+00
9.733999999999999986e+00,2.769876004585595908e+00,6.858042679008117481e+00
9.734999999999999432e+00,2.769876004530549718e+00,6.858042678993915509e+00
9.736000000000000654e+00,2.769876004475618103e+00,6.858042678979741069e+00
9.737000000000000099e+00,2.769876004420793514e+00,6.858042678965596828e+00
9.737999999999999545e+00,2.769876004366082167e+00,6.858042678951481008e+00
9.739000000000000767e+00,2.769876004311481843e+00,6.858042678937393610e+00
9.740000000000000213e+00,2.769876004256990765e+00,6.858042678923333746e+00
9.740999999999999659e+00,2.769876004202610709e+00,6.858042678909303191e+00
9.742000000000000881e+00,2.769876004148341675e+00,6.858042678895301059e+00
9.743000000000000327e+00,2.769876004094181887e+00,6.858042678881327348e+00
9.743999999999999773e+00,2.769876004040131345e+00,6.858042678867381170e+00
9.745000000000000995e+00,2.769876003986191826e+00,6.858042678853463414e+00
9.746000000000000441e+00,2.769876003932359776e+00,6.858042678839574968e+00
9.746999999999999886e+00,2.769876003878638748e+00,6.858042678825713168e+00
9.747999999999999332e+00,2.769876003825023858e+00,6.858042678811880677e+00
9.749000000000000554e+00,2.769876003771519546e+00,6.858042678798076608e+00
9.750000000000000000e+00,2.769876003718123147e+00,6.858042678784299184e+00
9.750999999999999446e+00,2.769876003664834219e+00,6.858042678770551070e+00
9.752000000000000668e+00,2.769876003611654536e+00,6.858042678756829602e+00
9.753000000000000114e+00,2.769876003558582322e+00,6.858042678743136555e+00
9.753999999999999559e+00,2.769876003505617579e+00,6.858042678729470154e+00
9.755000000000000782e+00,2.769876003452760749e+00,6.858042678715833063e+00
9.756000000000000227e+00,2.769876003400009612e+00,6.858042678702222616e+00
9.756999999999999673e+00,2.769876003347365945e+00,6.858042678688638816e+00
9.758000000000000895e+00,2.769876003294829747e+00,6.858042678675084325e+00
9.759000000000000341e+00,2.769876003242397910e+00,6.858042678661555591e+00
9.759999999999999787e+00,2.769876003190073099e+00,6.858042678648057056e+00
9.761000000000001009e+00,2.769876003137856202e+00,6.858042678634583389e+00
9.762000000000000455e+00,2.769876003085743665e+00,6.858042678621136368e+00
9.762999999999999901e+00,2.769876003033736378e+00,6.858042678607718656e+00
9.763999999999999346e+00,2.769876002981835228e+00,6.858042678594328478e+00
9.765000000000000568e+00,2.769876002930038439e+00,6.858042678580963170e+00
9.766000000000000014e+00,2.769876002878345123e+00,6.858042678567626282e+00
9.766999999999999460e+00,2.769876002826759720e+00,6.858042678554316929e+00
9.768000000000000682e+00,2.769876002775278234e+00,6.858042678541034221e+00
9.769000000000000128e+00,2.769876002723899333e+00,6.858042678527777269e+00
9.769999999999999574e+00,2.769876002672626125e+00,6.858042678514548740e+00
9.771000000000000796e+00,2.769876002621456834e+00,6.858042678501345968e+00
9.772000000000000242e+00,2.769876002570388351e+00,6.858042678488169841e+00
9.772999999999999687e+00,2.769876002519427338e+00,6.858042678475021248e+00
9.774000000000000909e+00,2.769876002468568910e+00,6.858042678461898412e+00
9.775000000000000355e+00,2.769876002417810845e+00,6.858042678448803997e+00
9.775999999999999801e+00,2.769876002367157142e+00,6.858042678435733563e+00
9.777000000000001023e+00,2.769876002316606911e+00,6.858042678422691552e+00
9.778000000000000469e+00,2.769876002266157933e+00,6.858042678409674409e+00
9.778999999999999915e+00,2.769876002215811095e+00,6.858042678396683911e+00
9.779999999999999361e+00,2.769876002165566398e+00,6.858042678383720947e+00
9.781000000000000583e+00,2.769876002115424285e+00,6.858042678370782852e+00
9.782000000000000028e+00,2.769876002065384313e+00,6.858042678357872290e+00
9.782999999999999474e+00,2.769876002015445149e+00,6.858042678344986598e+00
9.784000000000000696e+00,2.769876001965605017e+00,6.858042678332129327e+00
9.785000000000000142e+00,2.769876001915868802e+00,6.858042678319296037e+00
9.785999999999999588e+00,2.769876001866231174e+00,6.858042678306489393e+00
9.787000000000000810e+00,2.769876001816694355e+00,6.858042678293707617e+00
9.788000000000000256e+00,2.769876001767260121e+00,6.858042678280952487e+00
9.788999999999999702e+00,2.769876001717924474e+00,6.858042678268224002e+00
9.790000000000000924e+00,2.769876001668687859e+00,6.858042678255520386e+00
9.791000000000000369e+00,2.769876001619551609e+00,6.858042678242840751e+00
9.791999999999999815e+00,2.769876001570516610e+00,6.858042678230190425e+00
9.793000000000001037e+00,2.769876001521579756e+00,6.858042678217564081e+00
9.794000000000000483e+00,2.769876001472740601e+00,6.858042678204963494e+00
9.794999999999999929e+00,2.769876001424001810e+00,6.858042678192387775e+00
9.795999999999999375e+00,2.769876001375361607e+00,6.858042678179838703e+00
9.797000000000000597e+00,2.769876001326820880e+00,6.858042678167313611e+00
9.798000000000000043e+00,2.769876001278376965e+00,6.858042678154814276e+00
9.798999999999999488e+00,2.769876001230031637e+00,6.858042678142340698e+00
9.800000000000000711e+00,2.769876001181785785e+00,6.858042678129893766e+00
9.801000000000000156e+00,2.769876001133634968e+00,6.858042678117469038e+00
9.801999999999999602e+00,2.769876001085583184e+00,6.858042678105071843e+00
9.803000000000000824e+00,2.769876001037628210e+00,6.858042678092698630e+00
9.804000000000000270e+00,2.769876000989770937e+00,6.858042678080350285e+00
9.804999999999999716e+00,2.769876000942010474e+00,6.858042678068028586e+00
9.806000000000000938e+00,2.769876000894347268e+00,6.858042678055731756e+00
9.807000000000000384e+00,2.769876000846780872e+00,6.858042678043458018e+00
9.807999999999999829e+00,2.769876000799310400e+00,6.858042678031209149e+00
9.809000000000001052e+00,2.769876000751934964e+00,6.858042678018985150e+00
9.810000000000000497e+00,2.769876000704656782e+00,6.858042678006787796e+00
9.810999999999999943e+00,2.769876000657475856e+00,6.858042677994614422e+00
9.811999999999999389e+00,2.769876000610386857e+00,6.858042677982464141e+00
9.813000000000000611e+00,2.769876000563393337e+00,6.858042677970340506e+00
9.814000000000000057e+00,2.769876000516500181e+00,6.858042677958240851e+00
9.814999999999999503e+00,2.769876000469695398e+00,6.858042677946166066e+00
9.816000000000000725e+00,2.769876000422990092e+00,6.858042677934114373e+00
9.817000000000000171e+00,2.769876000376378045e+00,6.858042677922088437e+00
9.817999999999999616e+00,2.769876000329861032e+00,6.858042677910085594e+00
9.819000000000000838e+00,2.769876000283436390e+00,6.858042677898107620e+00
9.820000000000000284e+00,2.769876000237107228e+00,6.858042677886154515e+00
9.820999999999999730e+00,2.769876000190871768e+00,6.858042677874225390e+00
9.822000000000000952e+00,2.769876000144730011e+00,6.858042677862320247e+00
9.823000000000000398e+00,2.769876000098681512e+00,6.858042677850439084e+00
9.823999999999999844e+00,2.769876000052727161e+00,6.858042677838581014e+00
9.825000000000001066e+00,2.769876000006864292e+00,6.858042677826749589e+00
9.826000000000000512e+00,2.769875999961097346e+00,6.858042677814940369e+00
9.826999999999999957e+00,2.769875999915420106e+00,6.858042677803155129e+00
9.827999999999999403e+00,2.769875999869837013e+00,6.858042677791393871e+00
9.829000000000000625e+00,2.769875999824345403e+00,6.858042677779656593e+00
9.830000000000000071e+00,2.769875999778946163e+00,6.858042677767943296e+00
9.830999999999999517e+00,2.769875999733638405e+00,6.858042677756253092e+00
9.832000000000000739e+00,2.769875999688423018e+00,6.858042677744586868e+00
9.833000000000000185e+00,2.769875999643299114e+00,6.858042677732944625e+00
9.833999999999999631e+00,2.769875999598265803e+00,6.858042677721326363e+00
9.835000000000000853e+00,2.769875999553324419e+00,6.858042677709730306e+00
9.836000000000000298e+00,2.769875999508474962e+00,6.858042677698159117e+00
9.836999999999999744e+00,2.769875999463717431e+00,6.858042677686610133e+00
9.838000000000000966e+00,2.769875999419048274e+00,6.858042677675084242e+00
9.839000000000000412e+00,2.769875999374469266e+00,6.858042677663584108e+00
9.839999999999999858e+00,2.769875999329980409e+00,6.858042677652105290e+00
9.841000000000001080e+00,2.769875999285583923e+00,6.858042677640649565e+00
9.842000000000000526e+00,2.769875999241277142e+00,6.858042677629218709e+00
9.842999999999999972e+00,2.769875999197059180e+00,6.858042677617809169e+00
9.843999999999999417e+00,2.769875999152929591e+00,6.858042677606423609e+00
9.845000000000000639e+00,2.769875999108891929e+00,6.858042677595061143e+00
9.846000000000000085e+00,2.769875999064942640e+00,6.858042677583720881e+00
9.846999999999999531e+00,2.769875999021079949e+00,6.858042677572404600e+00
9.848000000000000753e+00,2.769875998977307852e+00,6.858042677561110523e+00
9.849000000000000199e+00,2.769875998933625905e+00,6.858042677549839539e+00
9.849999999999999645e+00,2.769875998890030555e+00,6.858042677538590759e+00
9.851000000000000867e+00,2.769875998846525356e+00,6.858042677527366848e+00
9.852000000000000313e+00,2.769875998803106754e+00,6.858042677516164254e+00
9.852999999999999758e+00,2.769875998759776969e+00,6.858042677504985640e+00
9.854000000000000981e+00,2.769875998716535559e+00,6.858042677493827455e+00
9.855000000000000426e+00,2.769875998673380746e+00,6.858042677482694138e+00
9.855999999999999872e+00,2.769875998630312974e+00,6.858042677471582138e+00
9.856999999999999318e+00,2.769875998587333132e+00,6.858042677460492342e+00
9.858000000000000540e+00,2.769875998544438556e+00,6.858042677449424751e+00
9.858999999999999986e+00,2.769875998501632797e+00,6.858042677438380252e+00
9.859999999999999432e+00,2.769875998458914967e+00,6.858042677427357958e+00
9.861000000000000654e+00,2.769875998416279295e+00,6.858042677416357868e+00
9.862000000000000099e+00,2.769875998373735104e+00,6.858042677405381760e+00
9.862999999999999545e+00,2.769875998331274403e+00,6.858042677394425191e+00
9.864000000000000767e+00,2.769875998288900298e+00,6.858042677383492602e+00
9.865000000000000213e+00,2.769875998246611015e+00,6.858042677372581331e+00
9.865999999999999659e+00,2.769875998204408774e+00,6.858042677361693151e+00
9.867000000000000881e+00,2.769875998162291353e+00,6.858042677350826288e+00
9.868000000000000327e+00,2.769875998120258753e+00,6.858042677339981630e+00
9.868999999999999773e+00,2.769875998078313195e+00,6.858042677329160064e+00
9.870000000000000995e+00,2.769875998036451126e+00,6.858042677318358038e+00
9.871000000000000441e+00,2.769875997994673433e+00,6.858042677307579993e+00
9.871999999999999886e+00,2.769875997952981450e+00,6.858042677296821488e+00
9.872999999999999332e+00,2.769875997911375620e+00,6.858042677286086963e+00
9.874000000000000554e+00,2.769875997869851503e+00,6.858042677275372867e+00
9.875000000000000000e+00,2.769875997828410874e+00,6.858042677264681863e+00
9.875999999999999446e+00,2.769875997787056843e+00,6.858042677254011288e+00
9.877000000000000668e+00,2.769875997745784080e+00,6.858042677243362917e+00
9.878000000000000114e+00,2.769875997704596582e+00,6.858042677232735862e+00
9.878999999999999559e+00,2.769875997663490796e+00,6.858042677222131012e+00
9.880000000000000782e+00,2.769875997622471164e+00,6.858042677211546589e+00
9.881000000000000227e+00,2.769875997581533689e+00,6.858042677200983483e+00
9.881999999999999673e+00,2.769875997540677481e+00,6.858042677190442582e+00
9.883000000000000895e+00,2.769875997499904319e+00,6.858042677179922109e+00
9.884000000000000341e+00,2.769875997459214645e+00,6.858042677169423840e+00
9.884999999999999787e+00,2.769875997418608460e+00,6.858042677158946887e+00
9.886000000000001009e+00,2.769875997378083543e+00,6.858042677148491251e+00
9.887000000000000455e+00,2.769875997337638562e+00,6.858042677138056931e+00
9.887999999999999901e+00,2.769875997297278403e+00,6.858042677127642150e+00
9.888999999999999346e+00,2.769875997256999955e+00,6.858042677117250463e+00
9.890000000000000568e+00,2.769875997216801000e+00,6.858042677106878315e+00
9.891000000000000014e+00,2.769875997176685534e+00,6.858042677096528372e+00
9.891999999999999460e+00,2.769875997136650003e+00,6.858042677086197969e+00
9.893000000000000682e+00,2.769875997096695741e+00,6.858042677075889770e+00
9.894000000000000128e+00,2.769875997056823191e+00,6.858042677065601112e+00
9.894999999999999574e+00,2.769875997017031910e+00,6.858042677055335545e+00
9.896000000000000796e+00,2.769875996977320565e+00,6.858042677045089519e+00
9.897000000000000242e+00,2.769875996937687379e+00,6.858042677034863921e+00
9.897999999999999687e+00,2.769875996898139459e+00,6.858042677024659639e+00
9.899000000000000909e+00,2.769875996858667477e+00,6.858042677014475785e+00
9.900000000000000355e+00,2.769875996819277209e+00,6.858042677004312360e+00
9.900999999999999801e+00,2.769875996779964655e+00,6.858042676994170250e+00
9.902000000000001023e+00,2.769875996740735591e+00,6.858042676984047681e+00
9.903000000000000469e+00,2.769875996701582910e+00,6.858042676973945539e+00
9.903999999999999915e+00,2.769875996662510165e+00,6.858042676963863826e+00
9.904999999999999361e+00,2.769875996623516912e+00,6.858042676953804317e+00
9.906000000000000583e+00,2.769875996584603595e+00,6.858042676943763460e+00
9.907000000000000028e+00,2.769875996545766661e+00,6.858042676933743031e+00
9.907999999999999474e+00,2.769875996507011440e+00,6.858042676923743919e+00
9.909000000000000696e+00,2.769875996468332158e+00,6.858042676913764346e+00
9.910000000000000142e+00,2.769875996429732812e+00,6.858042676903804313e+00
9.910999999999999588e+00,2.769875996391211626e+00,6.858042676893865597e+00
9.912000000000000810e+00,2.769875996352766379e+00,6.858042676883947308e+00
9.913000000000000256e+00,2.769875996314401512e+00,6.858042676874047672e+00
9.913999999999999702e+00,2.769875996276114360e+00,6.858042676864170240e+00
9.915000000000000924e+00,2.769875996237903593e+00,6.858042676854311459e+00
9.916000000000000369e+00,2.769875996199770984e+00,6.858042676844473107e+00
9.916999999999999815e+00,2.769875996161714315e+00,6.858042676834653406e+00
9.918000000000001037e+00,2.769875996123736250e+00,6.858042676824854134e+00
9.919000000000000483e+00,2.769875996085835901e+00,6.858042676815074401e+00
9.919999999999999929e+00,2.769875996048008382e+00,6.858042676805315985e+00
9.920999999999999375e+00,2.769875996010260799e+00,6.858042676795576220e+00
9.922000000000000597e+00,2.769875995972589600e+00,6.858042676785856884e+00
9.923000000000000043e+00,2.769875995934993007e+00,6.858042676776156199e+00
9.923999999999999488e+00,2.769875995897476351e+00,6.858042676766475942e+00
9.925000000000000711e+00,2.769875995860030304e+00,6.858042676756815226e+00
9.926000000000000156e+00,2.769875995822664638e+00,6.858042676747174049e+00
9.926999999999999602e+00,2.769875995785373135e+00,6.858042676737552412e+00
9.928000000000000824e+00,2.769875995748154907e+00,6.858042676727950315e+00
9.929000000000000270e+00,2.769875995711014394e+00,6.858042676718367758e+00
9.929999999999999716e+00,2.769875995673950264e+00,6.858042676708803853e+00
9.931000000000000938e+00,2.769875995636960742e+00,6.858042676699260376e+00
9.932000000000000384e+00,2.769875995600044050e+00,6.858042676689735551e+00
9.932999999999999829e+00,2.769875995563203741e+00,6.858042676680230265e+00
9.934000000000001052e+00,2.769875995526438039e+00,6.858042676670743631e+00
9.935000000000000497e+00,2.769875995489745168e+00,6.858042676661277426e+00
9.935999999999999943e+00,2.769875995453128681e+00,6.858042676651829872e+00
9.936999999999999389e+00,2.769875995416586800e+00,6.858042676642401858e+00
9.938000000000000611e+00,2.769875995380117306e+00,6.858042676632990720e+00
9.939000000000000057e+00,2.769875995343721087e+00,6.858042676623600897e+00
9.939999999999999503e+00,2.769875995307401251e+00,6.858042676614228839e+00
9.941000000000000725e+00,2.769875995271154245e+00,6.858042676604878096e+00
9.942000000000000171e+00,2.769875995234978294e+00,6.858042676595543341e+00
9.942999999999999616e+00,2.769875995198876950e+00,6.858042676586229902e+00
9.944000000000000838e+00,2.769875995162850213e+00,6.858042676576933339e+00
9.945000000000000284e+00,2.769875995126894530e+00,6.858042676567657203e+00
9.945999999999999730e+00,2.769875995091012122e+00,6.858042676558398831e+00
9.947000000000000952e+00,2.769875995055203877e+00,6.858042676549159111e+00
9.948000000000000398e+00,2.769875995019464909e+00,6.858042676539939819e+00
9.948999999999999844e+00,2.769875994983802769e+00,6.858042676530737403e+00
9.950000000000001066e+00,2.769875994948209463e+00,6.858042676521553638e+00
9.951000000000000512e+00,2.769875994912691208e+00,6.858042676512389413e+00
9.951999999999999957e+00,2.769875994877241787e+00,6.858042676503242951e+00
9.952999999999999403e+00,2.769875994841865641e+00,6.858042676494116030e+00
9.954000000000000625e+00,2.769875994806560549e+00,6.858042676485006872e+00
9.955000000000000071e+00,2.769875994771328287e+00,6.858042676475916366e+00
9.955999999999999517e+00,2.769875994736167524e+00,6.858042676466844512e+00
9.957000000000000739e+00,2.769875994701075594e+00,6.858042676457789533e+00
9.958000000000000185e+00,2.769875994666055163e+00,6.858042676448754982e+00
9.958999999999999631e+00,2.769875994631107119e+00,6.858042676439737306e+00
9.960000000000000853e+00,2.769875994596230573e+00,6.858042676430738283e+00
9.961000000000000298e+00,2.769875994561423305e+00,6.858042676421757911e+00
9.961999999999999744e+00,2.769875994526687535e+00,6.858042676412795302e+00
9.963000000000000966e+00,2.769875994492020599e+00,6.858042676403851345e+00
9.964000000000000412e+00,2.769875994457426938e+00,6.858042676394926040e+00
9.964999999999999858e+00,2.769875994422900778e+00,6.858042676386017611e+00
9.966000000000001080e+00,2.769875994388443896e+00,6.858042676377126945e+00
9.967000000000000526e+00,2.769875994354058069e+00,6.858042676368255819e+00
9.967999999999999972e+00,2.769875994319741963e+00,6.858042676359401568e+00
9.968999999999999417e+00,2.769875994285494691e+00,6.858042676350565081e+00
9.970000000000000639e+00,2.769875994251317142e+00,6.858042676341747246e+00
9.971000000000000085e+00,2.769875994217209314e+00,6.858042676332947174e+00
9.971999999999999531e+00,2.769875994183168544e+00,6.858042676324163978e+00
9.973000000000000753e+00,2.769875994149201048e+00,6.858042676315399433e+00
9.974000000000000199e+00,2.769875994115299278e+00,6.858042676306653540e+00
9.974999999999999645e+00,2.769875994081467230e+00,6.858042676297922746e+00
9.976000000000000867e+00,2.769875994047702239e+00,6.858042676289213269e+00
9.977000000000000313e+00,2.769875994014006970e+00,6.858042676280519778e+00
9.977999999999999758e+00,2.769875993980381423e+00,6.858042676271841387e+00
9.979000000000000981e+00,2.769875993946821158e+00,6.858042676263183424e+00
9.980000000000000426e+00,2.769875993913328838e+00,6.858042676254542336e+00
9.980999999999999872e+00,2.769875993879906240e+00,6.858042676245919012e+00
9.982000000000001094e+00,2.769875993846548923e+00,6.858042676237312563e+00
9.983000000000000540e+00,2.769875993813261328e+00,6.858042676228722989e+00
9.983999999999999986e+00,2.769875993780043455e+00,6.858042676220152956e+00
9.984999999999999432e+00,2.769875993746889087e+00,6.858042676211598909e+00
9.986000000000000654e+00,2.769875993713802664e+00,6.858042676203062626e+00
9.987000000000000099e+00,2.769875993680782411e+00,6.858042676194542331e+00
9.987999999999999545e+00,2.769875993647831436e+00,6.858042676186040687e+00
9.989000000000000767e+00,2.769875993614946186e+00,6.858042676177556807e+00
9.990000000000000213e+00,2.769875993582127105e+00,6.858042676169088026e+00
9.990999999999999659e+00,2.769875993549373749e+00,6.858042676160637896e+00
9.992000000000000881e+00,2.769875993516687895e+00,6.858042676152203754e+00
9.993000000000000327e+00,2.769875993484069987e+00,6.858042676143787375e+00
9.993999999999999773e+00,2.769875993451516027e+00,6.858042676135388760e+00
9.995000000000000995e+00,2.769875993419028237e+00,6.858042676127006132e+00
9.996000000000000441e+00,2.769875993386606172e+00,6.858042676118641268e+00
9.996999999999999886e+00,2.769875993354250276e+00,6.858042676110292390e+00
9.997999999999999332e+00,2.769875993321958330e+00,6.858042676101961277e+00
9.999000000000000554e+00,2.769875993289733884e+00,6.858042676093646151e+00
1.000000000000000000e+01,2.769875993257573832e+00,6.858042676085348788e+00
